"","Ab_5_Eye","Ab_6_Eye","Mz_1_Eye","Mz_2_Eye","Nb_4_Eye","Nb_5_Eye","On_1_Eye","On_2_Eye","On_3_Eye","Pn_2_Eye","Pn_3_Eye","Pn_4_Eye"
"5S_rRNA",77,504,709,183,123,195,38,120,144,465,409,397
"A3GALT2",10,31,0,4,0,0,0,0,1,3,0,0
"AANAT",0,0,280,112,0,0,2,3,3,0,0,1
"ABCA1",1,15,4,0,0,0,0,10,90,1,0,6
"ABHD5",0,0,123,45,20,53,0,1,3,0,1,2
"ABR",3,41,14,12,3,41,8,2,53,5,1,4
"ACLY",1,37,0,6,0,0,6,4,6,6,0,0
"ACTA1",1,44,0,0,313,321,0,1,1,16,4,2
"ACVR1B",0,0,21,13,0,0,3,7,34,9,13,8
"ACVR1C",0,0,2,5,0,0,2,1,22,0,2,1
"ADAM12",8,26,5,2,0,0,7,2,12,1,0,0
"ADAM23",3,21,1,3,0,0,2,0,5,0,1,4
"ADAMTS20",0,0,5,0,0,0,0,0,1,2,2,5
"ADAMTS5",0,0,1,1,26,33,0,1,50,4,2,1
"ADAP1",189,204,173,405,0,0,5,1,10,2,1,1
"ADARB2",0,0,0,6,0,0,0,0,2,12,0,1
"AEBP2",0,0,1,5,0,0,3,0,14,1,0,0
"AHCYL1",2,17,6,5,0,0,26,4,24,6,9,1
"AK6",21,41,39,76,38,59,1,0,10,47,33,23
"AKR1D1",6,17,1,4,0,0,0,0,0,6,9,9
"ALX4",1,17,7,1,0,0,0,8,42,1,0,6
"AMDHD1",2,29,90,872,0,0,0,0,0,0,2,0
"AMZ2",0,0,0,0,40,62,0,0,3,0,0,0
"ANKRD66",12,48,0,0,0,0,0,0,0,0,0,0
"ANKS6",10,23,78,0,0,0,1,13,40,64,150,146
"ANOS1",3,38,1,4,0,0,1,0,18,1,3,0
"AOPEP",1,41,6,2,0,0,1,0,3,0,0,0
"AP3B2",3,28,0,11,0,0,10,0,4,3,3,2
"AP3S1",0,0,6,4,0,0,4,0,26,4,2,1
"APBA3",5,15,6,0,0,0,0,1,11,2,6,1
"APCDD1",378,405,0,1,0,0,0,3,11,0,1,2
"APP",5,48,26,23,34,62,22,14,240,67,34,44
"AQP11",5,37,21,31,21,35,13,4,3,1,6,5
"AREL1",56,102,5,1,52,90,5,24,60,8,7,21
"ARF1",0,0,2,0,27,63,2,1,9,378,331,533
"ARHGAP26",4,13,12,4,0,0,6,0,13,3,4,2
"ARHGAP42",3,10,163,13,16,26,1,4,27,14,20,25
"ARHGAP6",6,88,2,5,0,0,0,1,12,0,0,1
"ARHGAP9",3,44,6,8,0,0,7,4,64,2,4,10
"ARHGDIA",7,53,51,6,0,0,3,11,124,12,14,22
"ARHGEF12",1,37,2,5,0,0,5,1,41,1,2,2
"ARHGEF26",2,30,1,2,163,178,3,4,29,4,3,10
"ARID1B",1,34,0,1,0,0,3,0,7,3,1,2
"ARMC6",0,0,15,41,0,0,0,0,0,0,2,0
"ASTN2",22,47,11,47,0,0,46,11,14,0,0,0
"ATE1",2,25,2,4,0,0,4,3,11,7,1,3
"ATG14",0,0,2,2,0,0,3,7,67,10,2,12
"ATG2A",0,0,8,1,0,0,2,1,62,2,1,1
"ATP11B",0,0,0,8,0,0,4,0,8,2,0,0
"ATP1A1",0,0,64,30,0,0,44,32,607,31,20,28
"ATP8A1",27,46,6,7,0,0,2,0,19,10,2,10
"ATP9A",0,0,2,1,0,0,7,1,6,0,0,1
"AXIN2",0,0,5,8,0,0,4,1,6,5,2,4
"B3GALT2",7,14,0,1,0,0,34,28,29,1,0,1
"B3GNT10",63,96,0,0,0,0,0,0,0,0,0,0
"BET1L",29,69,7,25,1,7,2,0,22,25,14,23
"BFSP1",8,55,0,2,59,92,16,0,0,463,285,361
"BHLHE40",3,10,20,29,0,0,31,4,58,32,27,24
"BICD2",3,16,9,0,0,0,4,0,21,8,8,6
"BRK1",1,5,13,4,0,0,3,2,16,7,8,9
"BTBD1",30,74,2,6,0,0,2,1,30,1,0,5
"C11orf68",1,20,3,0,0,0,1,6,6,2,3,4
"C12orf29",1,8,0,2,0,0,6,0,2,269,115,210
"C12orf57",1,27,216,261,0,0,12,4,19,0,0,0
"C12orf65",3,6,1,0,0,0,11,9,20,1,1,2
"C14orf119",48,75,0,0,0,0,0,3,40,3,0,1
"C14orf28",28,55,0,0,0,0,6,1,4,32,53,52
"C16orf72",4,29,11,7,42,57,8,7,121,13,14,11
"C17orf75",259,295,2,31,34,49,3,0,2,5,3,14
"C18orf25",940,975,7,8,0,0,6,0,15,8,6,4
"C18orf32",32,76,2,6,0,0,0,0,20,69,57,54
"C19orf12",1,9,0,0,0,0,0,0,19,0,1,0
"C1orf35",7,36,23,33,25,46,18,91,73,58,73,44
"C1orf50",0,0,3,0,0,0,2,4,9,82,60,75
"C20orf27",1,48,4,1,0,0,2,0,15,3,4,3
"C2orf42",7,45,3,0,0,0,2,1,3,2,0,0
"C2orf49",0,0,0,0,0,0,0,0,4,969,18,23
"C4orf33",0,0,22,7,0,0,0,0,1,0,0,0
"C5orf15",0,0,16,3,0,0,2,2,32,3,4,8
"C5orf22",1,26,0,0,0,0,1,0,7,1,0,2
"C5orf51",1,21,4,1,0,0,1,0,11,1,5,5
"C6orf120",0,0,241,345,53,83,0,0,3,0,0,0
"C6orf62",0,0,386,643,128,141,10,3,41,666,705,662
"C7orf25",7,17,4,2,0,0,4,3,16,0,0,1
"C7orf26",2,16,1,3,0,0,0,1,18,1,2,3
"C8orf82",0,0,0,0,0,0,0,7,6,2,1,0
"C9orf16",313,314,292,907,0,0,7,1,29,549,312,367
"C9orf64",3,13,2,0,0,0,0,0,14,0,0,0
"C9orf72",0,0,1,2,0,0,0,0,7,1,2,9
"CACNA1D",4,32,0,5,0,0,13,0,7,10,0,3
"CACNA2D3",18,19,3,4,0,0,1,0,2,2,0,6
"CACNG2",0,0,16,4,0,0,1,0,3,5,10,16
"CAPN15",18,38,0,0,0,0,0,0,0,1,1,0
"CAPZA2",2,40,20,7,0,0,14,4,146,13,6,9
"CARTPT",359,393,5,0,0,0,0,5,3,0,0,0
"CASP6",564,596,33,3,0,0,3,4,1,601,858,1156
"CBX2",39,60,7,8,6,45,3,0,5,9,14,8
"CCDC88A",10,39,3,3,0,0,6,5,10,2,2,0
"CCNY",1,46,0,0,0,0,0,3,5,0,0,0
"CDC37",0,0,32,16,0,0,24,11,63,29,12,24
"CDH2",0,0,18,3,0,0,5,4,85,4,9,10
"CDH20",2,13,1,0,0,0,4,3,5,0,0,0
"CDH4",3,39,7,6,0,0,3,3,14,0,0,0
"CDH6",4,8,0,5,0,0,0,0,0,3,0,0
"CDHR1",6,22,15,74,39,66,102,4,20,63,35,32
"CDK2AP1",76,84,6,10,0,0,14,5,6,0,0,0
"CDKL5",2488,2523,700,7469,0,0,1,0,0,2,0,0
"CDYL2",0,0,1,4,0,0,1,1,11,23,13,20
"CEBPZ",0,0,3,6,0,0,4,4,33,4,2,7
"CHMP6",20,35,18,72,0,0,4,0,13,20,9,13
"CHN1",1,19,0,0,0,0,1,1,6,0,4,1
"CHORDC1",16,20,2,5,0,0,1,0,18,3,0,1
"CHRNA1",0,0,0,0,26,47,0,0,1,1,0,0
"CHST13",0,0,8,1,198,199,2,2,11,184,361,345
"CIR1",0,0,5,8,0,0,8,2,63,1,4,16
"CKMT1A",0,0,6,2,0,0,1,11,33,1,0,0
"CLPB",1,34,0,3,0,0,0,0,9,1,1,0
"CMKLR1",4,38,0,0,0,0,1,4,13,1,0,2
"CNNM1",96,139,2091,5486,0,0,96,9,10,216,70,69
"CNP",0,0,8,0,0,0,0,6,67,1,4,11
"COA4",3,20,0,0,0,0,0,0,9,0,0,0
"COG5",1157,1158,5393,6099,29,30,16,7,29,2,8,5
"COLGALT1",88,130,86,142,0,0,129,27,62,81,85,85
"COMTD1",22,56,2247,10795,2221,2231,13,1,74,9661,7492,6599
"COPS6",1,33,27,23,0,0,9,0,78,2,1,6
"CORO1C",0,0,1,1,0,0,6,3,17,2,2,0
"COX5B",0,0,2,9,0,0,8,3,57,7,2,4
"CPEB4",2,30,8,4,0,0,4,2,20,0,0,0
"CPZ",0,0,7,2,0,0,0,1,158,0,8,6
"CRYBB3",15,36,0,0,0,0,0,0,6,0,0,0
"CSK",0,0,5,0,0,0,1,4,95,3,3,1
"CSNK1D",2,45,82,33,0,0,7,2,31,6,1,2
"CSRNP3",17,56,8,66,0,0,3,0,0,1,0,0
"CTBP1",0,0,3,0,0,0,5,1,10,1,1,1
"CTNNB1",1,16,13,7,0,0,8,3,84,12,18,18
"CTSZ",24,26,38,30,0,0,0,0,3,18,26,51
"CUL3",13,25,8,5,5,16,10,0,18,10,36,32
"CYP19A1",21,64,1,4,0,0,0,0,0,0,0,3
"CYTH2",1,49,0,7,0,0,0,0,6,3,0,3
"CYTL1",2,3,41,4,0,0,0,4,35,5,15,32
"DCAF1",0,0,0,3,0,0,2,3,54,3,2,6
"DCAF7",422,443,54,482,0,0,121,3,53,48,25,11
"DCTN6",5,21,1151,1618,61,80,203,129,240,1112,1241,1172
"DDA1",0,0,2,1,0,0,1,0,3,113,58,82
"DDAH1",1,13,2,1,0,0,6,4,21,2,4,7
"DDX39A",0,0,14,5,0,0,3,7,168,6,6,10
"DDX41",0,0,5,2,0,0,2,0,33,1,3,3
"DDX5",2,47,14,10,21,52,12,3,47,9,6,12
"DENND5B",2,37,5,11,38,46,6,3,24,5,1,4
"DGKD",0,0,13,4,0,0,12,1,90,2,0,0
"DHX15",0,0,0,1,0,0,8,0,14,8,0,4
"DIP2C",9,56,10,20,0,0,43,9,35,2,6,0
"DISP3",232,278,4,0,22,41,0,2,7,0,1,4
"DLK1",7,44,0,3,0,0,0,0,0,0,0,0
"DMXL1",1,43,3,0,0,0,2,1,31,9,8,6
"DNAJA4",528,551,3026,633,0,0,3,22,34,930,1683,1884
"DOCK2",8,42,4,7,0,0,39,5,58,5,1,2
"DOCK9",0,0,14,6,46,47,0,37,48,6,1,6
"DPP9",1,37,3,2,0,0,0,3,8,2,2,5
"DPYSL2",148,168,2,39,0,0,25,3,1,4,3,2
"DSCAML1",7,33,0,3,0,0,1,0,0,0,0,1
"DUSP7",1,46,6,2,0,0,5,0,8,2,0,0
"DXO",527,547,530,460,420,453,133,59,25,529,417,500
"DYNC1I1",8,51,0,23,0,0,8,0,2,5,2,6
"DYNC1I2",211,245,185,273,434,453,3,3,62,318,145,268
"EARS2",0,0,0,0,0,0,7,2,5,0,0,2
"EBF1",7,75,10,2,0,0,1,0,59,0,0,1
"ECHDC1",305,317,1,1,0,0,2,0,5,4,4,2
"ECM2",2,14,21,3,0,0,3,53,138,2,2,1
"EGFLAM",1,43,0,3,0,0,8,0,6,4,5,0
"EIF4E3",2,38,5,0,0,0,0,1,7,0,0,4
"EIF4EBP2",0,0,5,1,0,0,2,0,13,6,3,6
"EIF4ENIF1",10,33,3,14,0,0,3,3,24,9,3,4
"EIF4G1",0,0,9,5,15,57,6,1,41,3,1,4
"EIF5AL1",0,0,253,484,0,0,0,1,24,376,254,408
"ELFN1",0,0,0,1,0,0,5,0,0,1,5,2
"ENTPD7",1,5,3,5,0,0,0,0,1,4,4,3
"ENY2",58,84,11,0,0,0,1,3,32,0,5,0
"ERF",0,0,4,2,0,0,6,1,11,0,0,1
"ERG28",1,40,918,572,0,0,3,0,1,257,1099,1023
"ERMP1",1,49,1,0,0,0,124,30,28,12,2,9
"ETV6",0,0,2,2,0,0,0,1,19,3,4,5
"EVC2",2,48,3,3,0,0,9,21,28,0,0,2
"EZH1",0,0,13,4,0,0,6,2,176,14,13,10
"F2R",0,0,20,4,0,0,1,4,31,6,2,9
"F2RL2",0,0,6,0,0,0,0,0,12,0,0,1
"FABP6",0,0,0,0,15,45,0,0,20,1,3,9
"FABP7",2,45,6,2,0,0,0,3,62,82,20,41
"FADS6",1,14,3,0,0,0,0,0,11,0,1,0
"FAHD2A",52,76,2,9,0,0,1,2,35,4,1,3
"FAM110A",0,0,4,4,0,0,5,1,9,0,1,0
"FAM53C",41,54,1,6,51,58,1,2,7,26,50,15
"FAR2",4,45,402,1009,0,0,10,1,14,5,2,7
"FARP1",1,45,8,15,0,0,3,1,24,4,4,2
"FAT4",2,34,8,4,0,0,6,5,34,0,2,2
"FBLN2",0,0,5,0,0,0,4,2,66,12,1,3
"FBN1",0,0,44,1,25,41,8,29,464,14,7,5
"FBXO40",207,247,525,258,0,0,0,0,0,0,4,3
"FBXO46",0,0,6,7,0,0,0,0,8,4,4,1
"FCHSD2",7,43,15,8,0,0,0,0,32,4,5,11
"FDX1",258,268,296,1838,0,0,10,3,33,529,207,310
"FGF13",8,11,1,8,0,0,4,0,1,3,1,2
"FGF6",1,39,0,1,0,0,0,2,0,2,3,5
"FGFR1",0,0,6,3,0,0,0,6,90,1,5,3
"FH",37,42,1154,1383,0,0,8,2,35,111,56,95
"FILIP1L",1,21,2,1,0,0,1,0,11,1,0,0
"FLNB",0,0,8,0,0,0,2,4,44,3,1,2
"FOXC1",1,18,10,0,0,0,0,4,45,1,2,3
"FOXN2",1,21,1,0,0,0,0,2,19,1,0,1
"FOXQ1",2,19,11,0,0,0,4,0,3,4,10,7
"FRMD1",5,19,0,1,0,0,2,1,16,1,3,1
"FRMD4A",1,2,7,3,0,0,8,3,12,1,1,0
"FUCA1",3,44,0,2,0,0,21,1,37,2,2,4
"FYN",0,0,2,0,0,0,12,7,40,5,3,5
"G6PC2",0,0,9,9,0,0,0,0,1,16,18,51
"GABRA5",54,73,0,0,30,34,8,0,1,1,0,0
"GADD45B",15,29,5,19,17,20,12,2,14,14,20,18
"GALNT10",1,14,0,1,0,0,9,2,9,2,0,0
"GALNT3",1,33,93,429,0,0,1,0,0,0,0,0
"GALNT5",325,330,146,725,39,62,21,40,11,0,7,9
"GARNL3",1,17,2,0,0,0,1,0,6,1,0,0
"GAS7",90,93,109,16,0,0,1,0,20,2,1,0
"GCA",7,37,72,4,0,0,2,0,115,6,12,17
"GCDH",0,0,5,7,0,0,10,9,26,6,11,15
"GFOD1",25,72,3,18,0,0,4,4,5,3,1,9
"GHITM",2,14,8,11,0,0,8,1,126,6,6,2
"GID4",3,90,1,9,0,0,2,0,8,6,2,1
"GJA5",0,0,5,0,0,0,1,3,75,1,2,3
"GJD2",1,47,0,6,0,0,1,0,2,8,2,0
"GLUL",10,31,18,11,0,0,10,6,96,9,7,6
"GMEB2",0,0,1,6,0,0,0,0,7,2,5,14
"GMFG",99,101,6,4,0,0,7,7,41,14,4,10
"GNA12",0,0,27,0,0,0,5,3,72,1,0,1
"GNAZ",0,0,9,2,0,0,8,0,20,7,0,0
"GNG5",1,15,5,1,66,90,5,5,28,2,1,4
"GOT1",1,29,680,5208,28,59,11,3,33,3749,1648,1429
"GPAT4",4,24,6,8,0,0,16,2,25,2,4,8
"GPATCH2L",2,18,3,9,0,0,1,3,10,12,23,14
"GPR137B",266,275,1,1,0,0,4,0,8,0,0,1
"GPR180",7,30,0,8,107,111,6,0,1,8,3,1
"GPR82",5,12,0,3,0,0,0,0,4,0,0,0
"GPRC5D",8,42,0,0,0,0,1,0,2,3,1,0
"GPS2",312,321,1458,1218,0,0,8,6,20,232,245,206
"GRB14",3,7,0,0,0,0,0,0,10,0,0,0
"GTPBP1",5,6,3,11,0,0,7,0,16,0,4,2
"GTPBP2",0,0,0,0,0,0,11,3,21,17,13,23
"GXYLT1",3,36,0,0,0,0,2,1,11,0,2,2
"HDAC2",0,0,1,4,0,0,3250,1322,3030,0,2,0
"HERPUD2",1,23,6,3,0,0,9,2,65,16,7,10
"HGFAC",1,49,2,0,0,0,3,12,64,0,0,0
"HINT1",0,0,10,1,0,0,2,4,204,5,3,8
"HNRNPUL1",11,52,515,443,45,78,55,38,147,77,58,117
"IFT122",10,48,27,35,0,0,3,0,5,1,1,0
"IGFBP3",5,9,0,0,0,0,0,0,0,0,0,0
"IGFBP4",0,0,17,0,0,0,1,0,51,1,1,9
"IKZF4",0,0,0,0,0,0,9,2,11,1,0,1
"IKZF5",6,47,163,181,0,0,5,0,2,2,6,7
"ILK",0,0,7,0,0,0,4,0,72,1,0,1
"ILRUN",1,34,4,10,0,0,3,0,10,26,24,13
"INAFM2",1,23,2,0,0,0,4,2,6,1,0,2
"INHBC",4,26,0,9,44,60,24,0,12,15,12,8
"INPP5A",0,0,220,35,0,0,1,1,15,3,2,3
"INSC",0,0,1,0,0,0,0,0,13,3,3,5
"INSM2",1,33,3,0,0,0,6,3,9,0,0,1
"INSYN2A",4,7,1,3,0,0,0,0,5,3,0,3
"IPP",0,0,9,24,0,0,2,0,8,0,2,2
"IQSEC1",2,47,15,13,0,0,1,0,11,3,1,0
"ISCU",0,0,110,171,0,0,1,2,31,1,0,0
"ISYNA1",20,30,8,26,0,0,8,0,21,23,15,9
"ITGA7",1,6,2,0,0,0,1,0,16,2,2,1
"ITM2A",4,24,283,112,0,0,59,12,372,126,155,293
"ITM2C",1,41,0,6,0,0,19,4,9,13,11,8
"JAZF1",0,0,2373,1572,0,0,0,0,1,0,2,3
"JMJD8",394,436,1056,1565,18,27,0,3,13,1799,1203,1896
"JMY",6,39,8,9,0,0,22,2,14,7,6,9
"JUND",3,6,2,6,0,0,6,3,4,1,3,1
"KCNA5",22,62,2,44,67,77,42,0,0,26,10,7
"KCNB1",2,34,3,26,13,15,8,0,2,19,8,9
"KCNB2",1,16,0,14,0,0,8,0,0,0,2,1
"KCNH7",14,59,4,0,0,0,3,0,0,1,4,4
"KCNIP2",1,49,0,2,0,0,11,2,3,8,3,7
"KCNIP3",0,0,3,7,0,0,10,0,12,8,11,6
"KCNMA1",9,13,1,7,32,69,4,2,6,4,4,8
"KCNMB4",1,22,1,5,0,0,0,0,0,2,1,3
"KCNQ4",1,46,0,2,0,0,3,12,8,1,0,1
"KCNS2",5,40,0,1,0,0,2,0,0,0,2,1
"KCTD15",431,474,435,699,0,0,144,97,176,1,4,0
"KDM1B",0,0,6,5,0,0,6,2,18,3,1,1
"KDM7A",5,32,1269,2533,0,0,5,4,10,1925,2128,2060
"KHSRP",18,19,2,4,0,0,5,4,18,2,1,0
"KIAA0895L",7,36,1,5,0,0,0,0,3,1,0,5
"KIF21A",1,42,2,6,0,0,11,1,12,8,4,0
"KIF2A",6,18,4,8,0,0,9,1,15,10,11,6
"KIF5B",5,17,0,0,0,0,0,0,4,2,1,0
"KLHL11",1,7,7,6,0,0,7,1,27,7,6,6
"KLHL12",0,0,0,5,0,0,65,45,72,1,0,0
"KLHL28",8,19,0,0,0,0,56,16,22,2,2,1
"KMT2A",1,32,1,2,9,12,2,0,30,3,2,3
"LAMA2",0,0,50,1,0,0,3,12,275,1,5,10
"LAMP5",0,0,0,13,0,0,3,0,3,5,2,6
"LAPTM4B",0,0,1,0,9,49,31,2,9,2,2,1
"LARP4B",0,0,7,4,0,0,0,0,6,0,1,0
"LEPROT",0,0,40,3,0,0,0,8,118,14,7,13
"LEPROTL1",0,0,2,7,0,0,1,0,5,6,1,6
"LGR6",10,57,2,1,0,0,0,0,5,1,3,4
"LIMD1",1,42,23,3,0,0,0,2,17,6,9,8
"LIN28A",1,25,3,1,0,0,0,0,0,51,50,38
"LIX1L",2,37,20,7,0,0,35,23,41,27,21,27
"LLGL1",646,670,1369,1265,0,0,9,5,33,6,2,8
"LONRF3",2,5,0,10,44,52,9,3,15,7,11,13
"LPIN2",4,34,3,4,0,0,8,6,26,0,1,4
"LRFN2",0,0,1,28,36,56,2,0,0,4,3,0
"LRIT2",4,6,3,11,0,0,8,0,5,17,12,7
"LRRC17",2,45,14,10,0,0,2,6,46,1,16,1
"LTBP3",1,16,25,3,0,0,4,12,266,4,4,10
"LTN1",0,0,3,0,0,0,0,0,17,5,12,12
"MAF",1,37,14,3,0,0,0,0,11,1,4,5
"MAFB",0,0,7,1,0,0,6,1,29,4,4,3
"MAFG",0,0,1,0,0,0,0,0,0,6,5,11
"MAMDC2",0,0,467,525,0,0,0,2,25,1,1,5
"MANEAL",1,44,0,5,0,0,6,0,0,6,0,2
"MAP11",7,20,0,2,0,0,2,0,1,0,0,0
"MAP2K6",1,3,9,1,0,0,2,1,31,2,1,7
"MAP3K13",3,7,3,5,76,78,3,0,4,9,7,4
"MAPKAPK2",0,0,6,3,10,39,2,0,11,5,4,5
"MARF1",0,0,3,272,0,0,1,0,30,5,0,2
"MARK4",2,41,0,3,0,0,1,2,2,10,8,11
"MAX",0,0,6,1,0,0,5,3,20,0,4,4
"MBNL2",1,33,5,4,0,0,0,0,9,4,1,1
"MCMDC2",78,106,47,149,48,82,0,0,0,92,152,149
"MCOLN3",302,320,53,295,0,0,1,2,1,4,0,1
"MCUB",85,88,42,16,63,87,1,11,108,2,3,6
"MED9",24,64,2,0,0,0,0,1,6,59,106,59
"MEF2D",1,20,4,0,0,0,3,3,31,1,0,1
"MEP1B",0,0,0,0,0,0,144,63,95,0,0,0
"METTL7A",18,24,5,1,0,0,0,0,0,1,0,1
"MFAP2",2,19,1,0,0,0,0,0,133,0,0,0
"MFSD3",0,0,3,10,1,2,0,0,10,1,0,0
"MID1IP1",0,0,0,6,0,0,6,0,15,1,0,1
"MINAR1",0,0,0,0,0,0,5,8,15,0,0,0
"MME",2,5,25,3,8,33,3,5,61,0,13,7
"MMP23B",1,2,6,15,0,0,0,1,17,0,1,0
"MOK",36,40,30,58,0,0,3,2,1,82,33,24
"MPDZ",7,15,13,5,0,0,16,3,60,4,4,5
"MRAS",0,0,5,6,0,0,2,0,29,4,0,2
"MRPS12",4,34,7,10,0,0,12,3,27,4,8,5
"MSL3",6,29,2,19,0,0,2,2,34,4,1,6
"MSMP",155,192,2,2,0,0,253,162,232,0,0,0
"MSRB1",1,38,5,1,0,0,8,5,92,1,8,10
"MTCH1",1,20,1,0,0,0,0,1,48,0,1,2
"MTERF4",3,7,4,1,0,0,0,1,12,3,2,1
"MTMR4",1,49,3,0,0,0,2,2,23,6,0,7
"MTSS1",1,4,5,5,0,0,0,1,10,0,3,4
"MXI1",9,25,8,72,0,0,35,6,35,12,6,5
"MYH6",18,51,0,2,29,48,0,0,0,6,4,0
"MYH9",14,43,164,36,0,0,17,56,1099,60,18,25
"MYO1D",0,0,7,23,1,34,1,0,14,0,0,0
"MYO9A",1,25,6,6,21,60,3,7,50,5,1,1
"MYT1L",5,32,1,5,0,0,6,1,2,0,0,1
"Metazoa_SRP",5,62,0,1,0,0,0,0,74,0,0,3
"NAA15",2,11,5,6,0,0,6,3,80,6,5,4
"NASP",3,27,1,1,0,0,7,10,12,3,0,4
"NBEA",51,85,28,29,41,76,32,0,11,20,17,34
"NBL1",2,29,19,1,0,0,0,2,314,3,6,16
"NCBP1",36,42,83,56,25,42,114,57,46,2,3,0
"NCKAP1L",2,6,6,1,0,0,0,2,31,0,0,1
"NCKAP5",1,7,1,1,18,28,2,3,3,2,0,0
"NCSTN",0,0,3,1,0,0,9,3,42,1,7,2
"NDUFA13",1,8,6,10,0,0,3,4,134,2,13,6
"NDUFB1",22,29,4,1,60,67,3,4,57,2,8,10
"NDUFS1",3,38,17,16,0,0,49,7,105,13,15,11
"NEK9",4,36,4,2,0,0,1,1,29,3,1,3
"NELL1",1,10,1,2,0,0,0,0,0,5,0,2
"NEMF",72,112,11,7,89,112,150,37,97,5,3,6
"NFX1",28,30,7,9,0,0,7,2,59,8,0,0
"NIPAL2",0,0,103,111,0,0,21,5,8,5,16,5
"NPAS3",0,0,0,1,0,0,10,1,5,0,0,0
"NPC1L1",0,0,0,0,26,64,7,0,3,13,3,4
"NR2E3",0,0,4,14,0,0,63,3,32,4,0,2
"NR2F2",1,44,5,1,0,0,6,1,2,2,0,2
"NR2F6",1,30,1,2,0,0,4,1,52,1,0,1
"NRCAM",0,0,6,4,37,43,13,13,3,1,1,2
"NRP1",2,30,52,4,0,0,3,2,91,21,11,18
"NSG1",2,32,394,360,0,0,1,0,0,0,0,0
"NT5C3B",288,292,3865,400,0,0,7,1,44,1,3,5
"NT5E",3,33,223,421,433,458,0,1,2,376,469,514
"NTN1",1,10,2,1,0,0,0,0,2,21,21,21
"OGDH",0,0,11,13,0,0,4,6,55,14,5,5
"OSBPL10",2,7,2,2,0,0,3,2,89,5,0,1
"OSBPL8",0,0,3,6,0,0,4,3,11,13,7,13
"OTOP1",2,6,0,2,16,51,0,0,0,0,0,0
"OTOR",1,8,3,0,0,0,0,0,5,3,2,0
"OTUB2",54,60,169,156,0,0,3,1,2,4,1,4
"OTUD7A",11,15,2,1,0,0,1,23,10,1,0,1
"P3H4",20,62,0,2,33,43,2,0,0,528,594,959
"PABPN1L",157,178,531,656,12,27,1,5,18,507,1129,713
"PAIP2",2,38,7,8,4,45,8,2,113,2,1,0
"PAIP2B",0,0,17,11,6,38,6,1,45,6,8,4
"PAK3",8,10,218,49,0,0,1,0,3,1,4,6
"PALM",0,0,1,0,0,0,1,4,31,0,7,0
"PBLD",13,41,25,35,0,0,0,5,32,9,3,25
"PCBD2",0,0,2,0,0,0,1,0,14,6,0,1
"PCBP2",1,27,174,1848,341,365,15,8,86,368,142,287
"PCDH20",0,0,2,6,0,0,0,1,0,1,2,5
"PCDHAC2",0,0,5,2,14,15,11,0,21,7,4,6
"PCLO",1,12,0,3,0,0,28,0,4,8,2,1
"PCYT2",0,0,1,5,0,0,19,3,8,8,5,5
"PDCL3",1,5,138,21,0,0,24,54,557,44,50,61
"PDE3A",8,49,0,0,0,0,3,2,1,13,8,19
"PDE7B",0,0,9,5,0,0,0,0,2,0,0,0
"PDPR",1,18,5,2,0,0,7,5,11,1,0,1
"PER2",6,21,10,6,0,0,3,0,6,5,6,7
"PGPEP1",4,6,1,0,0,0,0,0,2,1,5,6
"PHB2",0,0,7,20,0,0,40,7,60,31,17,42
"PHF21B",6,29,5,14,0,0,1,0,1,1,0,0
"PIAS1",2,48,10,5,0,0,3,23,7,1,6,2
"PIK3CA",1,4,5,13,0,0,1,0,12,9,4,2
"PIP4K2B",1,10,1,4,1,12,12,5,90,2265,3114,3101
"PITPNM2",162,235,773,753,0,0,11,26,106,7,7,5
"PKP4",4,37,3,8,0,0,4,0,30,7,3,9
"PLCB2",1,49,0,0,0,0,0,8,0,0,0,1
"PLCB4",52,91,9,28,0,0,11,3,4,31,14,17
"PLEKHA5",7,23,0,6,0,0,3,2,24,5,1,5
"PLEKHH3",1,25,1,2,0,0,0,2,21,6,1,5
"PLXNA2",0,0,5,1,0,0,0,0,1,0,3,10
"PLXND1",2,14,23,34,0,0,4,11,155,10,2,5
"PM20D2",0,0,3,0,213,252,0,0,3,3,2,2
"PNP",2,6,0,0,0,0,1,1,22,2,2,1
"PPFIA1",1,22,7,1,0,0,1,3,45,2,2,4
"PPP1CA",1,17,21,4,0,0,2,0,101,5,12,11
"PPP1CB",50,78,659,479,144,184,104,55,72,97,54,112
"PPP1R1B",11,41,0,3,0,0,0,0,4,1,1,5
"PPP2R2C",38,82,0,3,0,0,6,9,30,0,3,0
"PPP2R3B",69,80,263,968,0,0,146,20,36,547,397,489
"PPTC7",8,13,1,6,0,0,4,1,25,14,16,20
"PRDM15",1,25,0,9,0,0,3,4,4,1,6,2
"PRDX6",0,0,38,21,0,0,0,0,2,0,0,0
"PRKAB2",73,84,1,1,0,0,1,1,4,0,0,0
"PRKAR2B",0,0,0,2,26,36,0,0,6,1,1,3
"PRKCB",1,20,8,0,0,0,0,1,4,0,0,0
"PRKD3",11,58,1,2,0,0,28,5,25,3,3,2
"PRPSAP1",2,10,1,4,31,36,0,2,12,3,0,0
"PRRC2B",8,37,28,6,0,0,16,12,66,15,8,25
"PRSS23",2,20,14,10,240,255,5,2,107,8,9,17
"PSMA4",29,70,11,4,0,0,3,9,113,7,6,10
"PSTK",0,0,345,484,60,65,6,4,4,8,7,6
"PTCHD3",0,0,157,270,0,0,0,0,0,1,2,1
"PTDSS1",23,70,0,1,0,0,1,1,13,0,0,0
"PTGDR2",1,29,8,0,0,0,0,0,13,2,3,2
"PTK7",3,16,4,3,0,0,2,3,54,4,2,3
"PTPN14",7,23,10,10,0,0,5,6,25,1,6,2
"PTPRD",2,48,5,10,39,79,4,0,49,5,1,3
"QPRT",69,113,1,0,0,0,1,0,3,0,0,0
"QRFPR",1,7,0,0,0,0,0,0,12,0,0,0
"RAB19",307,329,8,13,0,0,82,43,56,24,8,9
"RAB28",2,26,4,15,0,0,1,0,1,7,8,10
"RAB31",0,0,12,1,0,0,8,5,44,5,5,7
"RAB38",0,0,4,0,0,0,0,6,45,1,6,2
"RAB39B",1,29,167,38,0,0,0,1,4,0,0,0
"RAB7A",1,4,13,11,0,0,3,3,89,5,3,15
"RAB9A",0,0,3,0,47,84,2,2,20,2,1,2
"RABGAP1L",1,37,460,30,0,0,1,2,38,0,3,4
"RAI2",1,16,4,0,0,0,0,1,0,11,0,8
"RALGDS",15,20,8,51,0,0,22,5,19,5,9,2
"RAMAC",1,7,14,9,0,0,98,4,38,8,8,3
"RAMP3",2,44,17,6,0,0,3,3,29,9,3,9
"RANBP2",8,23,12,7,0,0,6,4,104,2,3,6
"RAP1GDS1",49,95,1,1,0,0,30,3,10,15,7,5
"RARB",5,33,5,0,0,0,0,0,1,3,1,6
"RASGEF1C",2,50,4,5,0,0,1,0,3,0,0,0
"RASSF1",0,0,5,0,0,0,0,4,86,1,5,5
"RASSF5",6,51,13,8,0,0,2,1,50,6,15,8
"RBM38",0,0,7,0,0,0,1,2,26,5,1,2
"RBMS3",1,35,1,3,0,0,0,1,17,1,1,2
"RBPMS",0,0,34,3,0,0,3,5,32,17,9,10
"RDH13",0,0,0,2,0,0,25,0,7,0,2,0
"RELN",1,5,4,0,0,0,2,4,43,5,3,0
"REM1",0,0,0,0,0,0,5,0,11,0,0,0
"RGS13",1,3,0,2,0,0,0,0,9,4,0,7
"RGS20",1006,1028,414,1590,0,0,5,0,0,1,0,0
"RHBDF2",0,0,530,2431,0,0,2,10,9,0,0,0
"RIC1",9,10,2,4,0,0,1,0,23,27,8,7
"RIDA",0,0,23,5,0,0,0,2,4,0,0,0
"RILPL1",4,11,0,1,0,0,3,2,38,1,9,7
"RIN2",0,0,20,2,0,0,3,3,76,5,6,1
"RING1",1,48,5,8,0,0,9,4,9,6,4,9
"RNF122",1,29,0,5,0,0,0,0,2,0,0,0
"RNF146",5,38,49,61,32,57,2,4,14,80,56,90
"RNF208",0,0,0,1,0,0,1,5,13,4,3,6
"RNF223",3,33,5,18,11,48,25,1,0,71,26,47
"RNF5",7,36,0,1,96,138,0,0,1,10,4,4
"RPA1",5,38,1,1,0,0,3,0,21,0,0,2
"RPL19",0,0,134,23,31,66,18,39,1247,35,51,106
"RPL27A",3,19,153,21,0,0,14,30,910,19,60,65
"RPL37A",0,0,187,14,0,0,12,20,1486,24,112,94
"RPL5",0,0,993,847,448,480,146,100,231,7,5,9
"RPL7A",71,119,550,406,6,24,518,97,3664,471,495,550
"RRM2",699,763,1027,681,0,0,19,25,36,1943,2135,3209
"RS1",617,630,3,12,84,92,26,0,13,10,5,8
"RSBN1L",2,25,485,614,0,0,21,16,110,18,7,5
"RTKN",4,46,397,707,0,0,4,0,10,7,4,3
"RUNDC1",1,48,1,4,0,0,2,0,13,2,3,2
"RYR3",1,27,0,1,32,63,5,0,2,2,0,2
"SAMD4B",3,11,4,0,0,0,1,0,5,0,1,4
"SAT1",3,14,9,4,99,134,4,1,86,18,19,8
"SBNO2",1,37,5,1,0,0,2,0,24,3,0,5
"SBSPON",17,47,15,3,0,0,0,0,16,0,0,2
"SCD",2,16,9,2,0,0,10,0,32,9,23,26
"SCYL1",5,46,9,9,0,0,7,1,17,7,8,8
"SCYL2",0,0,1,2,0,0,0,0,9,3,5,5
"SDHB",0,0,14,10,0,0,6,5,40,21,4,9
"SEC61A1",0,0,8,1,0,0,1,1,59,1,17,11
"SECISBP2L",4,19,2,12,0,0,3,3,16,13,2,9
"SELE",0,0,17,0,0,0,0,0,34,4,1,1
"SELENOP",0,0,58,6,0,0,34,64,1452,15,24,27
"SFMBT1",4,34,2,6,0,0,0,0,12,1,0,1
"SGK1",4,35,6,2,0,0,2,1,26,1,9,2
"SGK3",1,10,4,0,0,0,4,0,26,0,5,1
"SH2B2",0,0,15,2,0,0,1,0,0,174,121,122
"SH3RF3",5,51,2,0,0,0,1,0,9,12,9,11
"SHC3",0,0,247,156,0,0,4,0,5,2,0,0
"SHF",6,29,0,2,0,0,0,0,1,0,0,0
"SHKBP1",115,140,2,1,27,29,2,0,11,38,14,21
"SHMT2",0,0,16,34,0,0,0,0,2,0,0,0
"SIKE1",0,0,0,2,0,0,1,1,24,0,1,5
"SIPA1L2",0,0,3,4,7,47,3,1,20,1,0,2
"SLC12A6",11,56,3,1,0,0,2,1,10,12,3,3
"SLC15A5",3,24,0,0,0,0,0,0,0,4,6,8
"SLC16A2",1,28,3,4,0,0,0,1,1,2,5,5
"SLC16A7",0,0,12,66,0,0,39,5,7,2,2,0
"SLC22A23",151,185,1045,591,0,0,1,0,1,2,2,7
"SLC24A2",6,53,3,5,30,33,7,0,3,8,5,2
"SLC25A29",1,30,45,60,0,0,1,0,7,41,25,35
"SLC25A30",0,0,6,0,0,0,2,1,50,3,1,18
"SLC2A13",5,53,7,7,0,0,0,0,0,0,0,0
"SLC35E2A",3,26,10,0,0,0,0,0,6,3,0,1
"SLC35G1",20,55,0,3,0,0,2,0,0,4,0,2
"SLC39A12",0,0,0,0,13,19,3,1,11,3,0,4
"SLC39A3",4,9,0,5,0,0,3,0,9,0,0,0
"SLC43A2",1,20,9,0,0,0,0,0,5,4,5,4
"SLC45A4",2,9,19,52,0,0,25,10,59,31,10,26
"SLC4A7",1,32,0,28,12,50,10,0,10,3,6,3
"SLC5A10",3,37,6,4,0,0,1,3,3,8,9,12
"SLC6A1",0,0,0,12,0,0,10,0,0,2,2,5
"SLC6A20",0,0,10,6,0,0,0,2,3,0,3,2
"SMAD3",4,22,12,18,1,10,7,0,16,7,9,5
"SMAP1",3,24,0,7,0,0,2,1,68,1,4,8
"SMARCA4",2,11,12,11,30,53,19,6,83,7,5,5
"SMARCB1",96,130,3,3,0,0,3,0,46,4,2,8
"SMARCC2",1,25,3,5,33,53,8,5,15,5,3,2
"SMU1",0,0,12,3,0,0,2,2,39,3,8,12
"SMURF1",1,2,3,8,0,0,2,0,22,4,4,1
"SMURF2",0,0,4,5,0,0,0,0,7,1,6,2
"SNIP1",5,14,7,4,0,0,4,10,54,8,2,5
"SNTA1",10,44,0,0,0,0,1,0,3,0,0,0
"SNX14",0,0,1188,101,0,0,2,2,27,37,104,329
"SNX18",3,11,18,13,0,0,6,6,32,5,3,11
"SOX8",0,0,4,1,0,0,8,4,75,2,5,1
"SP3",2,34,3,2,0,0,2,1,20,1,0,0
"SPAG9",6,12,3,18,0,0,4,1,35,4,3,5
"SPATA1",200,212,0,0,0,0,13,67,113,851,1107,1642
"SPATA5",0,0,1,0,0,0,2,5,18,0,0,1
"SPHK1",5,70,4,1,0,0,1,3,1,1,0,2
"SPNS2",7,49,11,66,0,0,3,8,28,53,29,42
"SPOCK2",3,13,0,10,0,0,3,2,4,3,0,0
"SPRYD3",0,0,1,0,0,0,2,1,15,1,6,3
"SRF",0,0,6,2,0,0,6,1,13,0,0,5
"ST8SIA3",0,0,43,36,0,0,1,7,0,4,1,0
"STT3B",32,52,10,5,0,0,0,2,11,2,1,8
"STUB1",105,128,335,404,0,0,2,1,6,327,410,408
"SUCNR1",1230,1233,1,20,0,0,0,0,0,40,48,9
"SYDE1",63,94,9,6,42,46,3,4,53,3,0,2
"SYDE2",4,47,1,11,4,22,7,1,7,4,3,2
"SYNDIG1L",1,16,0,0,0,0,7,0,1,1,0,0
"TADA1",1156,1164,1244,2337,326,365,4,3,13,3094,1611,3271
"TAGAP",0,0,0,2,0,0,9,0,18,2,2,7
"TANC2",116,139,182,216,0,0,3,4,6,0,0,2
"TATDN3",2,15,0,0,0,0,0,2,16,2,0,0
"TBC1D13",0,0,2,0,31,45,2,0,4,0,0,0
"TBL1XR1",17,34,5,15,2,43,8,6,55,53,37,49
"TCERG1",1,18,11,2,0,0,8,3,75,5,6,3
"TCF24",11,12,15,22,76,103,5,10,5,5,1,12
"TCF4",1,14,1,0,0,0,3,1,7,6,0,1
"TCF7L1",8,69,10,0,0,0,14,34,99,6,3,14
"TENM2",3,5,5,2,0,0,1,0,3,5,2,0
"TENM3",0,0,13,1,3,31,8,0,30,1,8,1
"TENT5A",27,68,11,64,0,0,30,2,21,35,21,27
"TEX2",84,97,13,27,12,25,27,6,14,19,2,1
"TFAP4",0,0,6,4,0,0,2,0,10,2,5,8
"TGFB1I1",1,31,14,2,0,0,2,0,54,3,2,6
"THAP1",1,34,0,1,0,0,0,3,20,0,3,1
"THEM6",4,11,1,5,29,44,0,0,5,6,3,4
"THNSL1",4,29,1,6,0,0,0,0,3,5,5,1
"THSD4",0,0,11,1,0,0,1,1,10,0,0,4
"TIMM21",3,33,2,11,25,56,3,0,10,1,2,5
"TIMP3",112,157,79,90,0,0,0,0,53,2,1,1
"TINAGL1",3,41,64,8,0,0,10,5,122,0,10,7
"TKT",0,0,2,8,0,0,7,0,24,5,10,3
"TLK1",2,47,142,360,112,153,5,2,19,6,6,6
"TLR5",10,48,0,2,0,0,1,0,11,0,0,0
"TMC6",91,93,41,46,0,0,0,4,69,6,8,7
"TMCC1",4,5,1,16,0,0,12,1,22,11,4,1
"TMCC3",1,36,4,2,0,0,0,0,26,7,5,4
"TMEM132D",30,63,0,4,10,23,4,0,0,12,3,3
"TMEM158",1,24,8,6,0,0,7,23,7,5,0,1
"TMEM164",31,54,4,9,0,0,17,6,8,15,13,3
"TMEM179",639,654,3,1,0,0,2,0,3,1,1,0
"TMEM19",7,16,592,1299,574,576,5,1,14,2,3,8
"TMEM38B",1,46,0,0,0,0,0,0,23,1,1,0
"TMEM43",8,13,3898,3660,0,0,206,33,69,4352,4482,4390
"TMEM47",497,520,477,732,0,0,0,1,11,0,2,1
"TMEM50B",5,47,0,1,0,0,0,1,22,904,698,1407
"TMEM65",1,42,1,3,0,0,1,0,6,1,1,0
"TMEM69",149,177,0,0,0,0,0,0,4,0,0,0
"TMEM74",6,46,0,5,0,0,1,0,0,2,0,2
"TMX3",5,45,4,7,0,0,7,12,41,9,5,1
"TNS1",0,0,3,0,0,0,1,6,92,1,0,3
"TNS3",10,23,7,0,0,0,1,5,28,5,4,4
"TOM1L2",1,37,3,12,0,0,4,3,15,2,3,5
"TOMM7",0,0,9,2,0,0,3,4,26,1,4,6
"TP53I3",2,14,6,1,0,0,0,1,0,0,0,3
"TPM1",0,0,52,9,6,8,4,19,434,22,20,23
"TPPP",1,8,2,10,0,0,13,0,12,107,95,140
"TRA2B",1,42,2,4,0,0,8,2,43,2,4,6
"TRAPPC5",1,42,2,5,0,0,1,0,9,13,5,8
"TRIM67",3,26,2,11,0,0,11,15,8,1,6,19
"TSC22D3",6,30,13,13,0,0,16,18,161,11,16,16
"TSHZ1",0,0,2,3,0,0,2,8,16,1,1,2
"TTC28",1,36,5,3,0,0,2,2,45,0,1,7
"U6",2,8,5,1,0,0,0,0,1,0,0,0
"UBA3",1,27,0,4,0,0,2,1,17,7,1,1
"UBA6",6,50,45,131,0,0,0,0,4,1,0,0
"UBE2K",0,0,270,381,322,333,6,2,27,325,241,419
"UBE2O",10,34,3,16,0,0,8,4,22,1,0,0
"UBE3A",0,0,8,4,0,0,5,0,26,2,2,6
"UBL5",0,0,1,3,65,91,3,2,30,4,4,7
"UBQLN4",0,0,1,5,0,0,4,0,9,1,4,4
"UNC119",0,0,3,16,0,0,22,2,13,2,3,0
"UNC13A",18,38,92,17,0,0,4,98,15,15,52,88
"UNC13B",47,87,1,4,0,0,10,0,1,0,1,0
"UNC13C",1,8,1,5,0,0,20,0,1,4,2,0
"UNC79",0,0,1,0,27,53,4,0,1,2,3,0
"UPF1",1,46,59,109,80,96,2,2,26,1,3,4
"UPF2",3,26,5,15,0,0,9,11,39,16,5,3
"UQCR11",0,0,2,1,0,0,3,1,6,0,6,4
"UQCRFS1",0,0,12,10,0,0,2,2,29,4,6,5
"USP15",0,0,1,2,0,0,1,0,15,0,2,5
"USP24",1,23,3,1,24,60,1,0,29,1,0,0
"USP34",1,36,5,3,0,0,6,0,50,5,1,2
"UST",0,0,7,7,0,0,0,0,13,0,2,1
"UTP14C",68,78,2,4,0,0,2,3,10,5,0,0
"UTS2R",2,26,19,1,0,0,0,25,17,0,4,10
"VAMP3",0,0,59,5,0,0,0,2,8,0,2,2
"VANGL1",0,0,2,1,0,0,0,0,15,5,2,2
"VASH1",1,47,1,7,0,0,0,1,8,1,8,1
"VAT1",3,7,18,1,51,65,2,7,66,2,16,4
"VAV1",1,45,1,0,0,0,1,1,56,2,3,11
"VDAC2",468,475,2,23,733,737,21,7,23,1589,3803,2455
"VMP1",2,17,8,0,0,0,15,5,25,1,0,1
"VPS13B",0,0,44,15,0,0,6,1,25,4,7,4
"VPS26B",0,0,10,5,0,0,6,0,14,6,2,1
"WDR25",0,0,10,0,0,0,118,46,28,3,0,2
"WDR31",1,22,6,15,0,0,11,0,3,1,0,0
"WDR33",211,248,593,516,0,0,14,5,136,10,4,11
"WDR7",0,0,0,0,0,0,14,0,24,8,1,1
"WHAMM",1,12,2,2,0,0,5,0,20,4,0,3
"WIPI1",5,40,1,7,0,0,0,2,14,2,4,7
"XKR4",0,0,0,12,0,0,10,3,0,5,9,3
"XPO1",6,18,19,17,0,0,2,4,42,1,4,2
"YBX2",7,32,4,64,215,239,0,0,1,8,0,1
"YES1",2,10,2,2,0,0,17,8,30,30,29,40
"YTHDC2",4,31,1,6,0,0,0,0,7,1,2,0
"YTHDF1",0,0,5,3,0,0,11,1,19,14,3,9
"ZADH2",10,52,2,1,0,0,1,1,7,0,5,4
"ZBTB21",0,0,300,293,0,0,206,140,261,2,4,0
"ZBTB5",0,0,7,25,0,0,9,3,5,13,5,9
"ZC3H7B",1,22,1,1,0,0,3,3,45,3,0,7
"ZCCHC24",390,415,1427,1178,0,0,10,7,21,1490,2166,1793
"ZDHHC14",11,54,3,4,1,37,0,4,11,0,0,1
"ZHX1",0,0,11,5,0,0,1,0,4,2,4,3
"ZNF207",3,44,2,11,0,0,2,0,7,5,7,5
"ZNF335",0,0,4,8,0,0,0,0,9,8,5,7
"ZNF423",5,23,3,3,0,0,0,1,42,3,0,3
"ZNF462",1,39,5,7,0,0,6,1,10,3,1,3
"ZNF503",0,0,4,2,0,0,3,11,47,0,3,3
"ZNF521",0,0,7,2,0,0,4,1,30,1,0,0
"ZNF608",28,53,4,26,0,0,8,0,1,34,5,4
"ZNF706",2,11,0,1,0,0,1,0,9,2,0,1
"ZNF821",17,28,3,17,0,0,3,1,6,2,5,1
"ZNF830",5,24,3,4,0,0,909,136,100,5,7,2
"ZRANB1",20,59,13,5,249,273,1602,153,253,30,17,53
"ZSWIM6",2,28,0,13,0,0,9,4,7,2,2,2
"aacs",1,16,0,12,0,0,0,0,2,1,0,4
"aadac",5,34,4,14,0,0,12,20,12,4,8,8
"aadacl4",0,0,2,0,0,0,103,165,141,0,0,0
"aadat",16,29,58,85,0,0,2,4,2,0,0,8
"aagab",355,367,434,784,231,264,3,4,48,195,205,188
"aak1b",4,51,6,3,0,0,8,0,8,1,1,0
"aamdc",16,49,216,336,272,276,24,12,48,250,194,283
"aamp",0,0,2,4,237,245,7,1,22,2,2,9
"aanat2",11,48,10,15,26,63,5,10,26,8,14,25
"aar2",0,0,0,0,0,0,0,0,11,1,2,5
"aars1",0,0,9,10,0,0,17,1,47,20,8,15
"aars2",0,0,0,0,30,67,33,5,17,2,2,1
"aarsd1",1,31,201,27,0,0,3,5,14,34,22,98
"aasdh",6,10,2,2,0,0,3,1,6,2,1,1
"aasdhppt",16,24,2,0,0,0,0,1,0,1,1,1
"aatf",1,46,1,0,0,0,2,0,6,2,0,2
"aatka",69,77,2,5,0,0,14,1,18,4,9,5
"aatkb",16,44,12,20,0,0,18,13,57,14,6,22
"abat",0,0,5,13,40,57,8,1,21,7,5,10
"abca12",2,48,0,1,24,51,10,15,10,0,0,0
"abca1a",0,0,23,12,0,0,3,3,101,14,12,15
"abca2",1,6,0,3,0,0,6,0,3,4,7,0
"abca4a",0,0,3,21,21,63,37,31,179,16,8,9
"abca4b",1,48,5,27,0,0,65,4,31,22,13,12
"abcb11a",1,23,0,0,29,42,0,0,0,0,0,0
"abcb6a",0,0,1,4,0,0,4,12,47,4,2,1
"abcb7",259,260,2,7,0,0,9,4,11,4,5,3
"abcc1",1,34,2,6,0,0,13,11,197,5,4,1
"abcc12",2,5,5,3,0,0,0,0,1,8,1,2
"abcc3",2,14,6,12,0,0,2,1,56,6,1,2
"abcc4",11,44,4,0,31,42,0,16,56,5,1,4
"abcc5",0,0,9,6,4,47,6,8,101,9,14,12
"abcc6a",3,10,0,0,0,0,1,0,1,3,4,6
"abcc8",13,61,1,8,0,0,8,0,1,4,4,1
"abcd1",0,0,6,4,0,0,3,1,20,3,2,3
"abcd2",11,19,9,4,36,62,19,19,12,9,3,9
"abcd3b",1,35,3,0,0,0,3,1,9,0,0,0
"abce1",0,0,125,62,0,0,5,0,131,1,4,4
"abcf1",8,51,787,751,0,0,153,130,283,773,1011,867
"abcf2a",596,621,703,808,342,364,9,2,30,8,0,7
"abcg1",14,60,0,2,0,0,11,1,10,9,4,3
"abcg2d",219,246,4,0,0,0,0,0,2,1,0,3
"abcg5",0,0,24,52,0,0,0,0,0,25,25,33
"abch1",3,7,0,0,0,0,218,93,78,7,1,0
"abhd13",8,47,75,24,0,0,0,4,10,52,58,100
"abhd14a",1,40,0,4,0,0,4,2,33,1,4,7
"abhd14b",0,0,3,9,0,0,0,0,29,1,1,3
"abhd16a",178,218,252,229,22,42,16,6,27,296,250,325
"abhd18",9,56,0,2,0,0,0,0,7,3,1,1
"abhd2a",0,0,7,4,0,0,6,5,29,3,2,1
"abhd3",99,144,0,3,0,0,1,0,0,1,0,3
"abhd4",0,0,1,0,0,0,2,0,13,0,5,2
"abi1a",7,12,4,10,94,121,0,4,33,9,4,2
"abi1b",4,14,0,1,0,0,2,0,11,1,0,0
"abi2b",0,0,10,10,0,0,6,1,34,3,3,1
"abi3bpb",1,12,15,2,0,0,1,0,9,0,1,1
"abitram",6,15,2017,875,0,0,0,1,5,4,16,5
"abl1",15,19,5,3,627,632,3,0,39,3,4,1
"ablim1a",1,42,0,8,0,0,5,3,48,5,4,4
"ablim3",0,0,2,15,0,0,8,2,10,8,2,6
"abraa",5,45,0,1,0,0,0,0,1,2,0,0
"abraxas2",1,43,128,151,0,0,3,1,9,1,3,16
"abtb1",2,32,1,2,0,0,1,1,8,2,2,0
"abtb2b",17,25,318,1776,26,52,20,26,24,6,18,31
"acaa2",0,0,142,175,0,0,0,2,47,1,1,0
"acaca",0,0,0,2,0,0,12,2,29,3,2,9
"acacb",6,37,0,5,0,0,7,2,28,3,2,3
"acad11",1300,1304,5,5,0,0,250,116,86,636,358,939
"acad8",3,21,1,14,0,0,2,1,2,201,203,185
"acad9",8,39,20,39,0,0,2,4,16,5,5,10
"acads",0,0,5,2,0,0,1,2,18,0,0,0
"acadsb",1,28,1,3,0,0,2,0,17,8,1,2
"acadvl",1,21,11,4,0,0,6,9,91,6,2,1
"acap1",2,8,4,0,0,0,0,7,45,1,2,9
"acap2",0,0,7,0,0,0,1,4,32,0,1,2
"acap3a",1,26,0,5,0,0,2,0,9,2,1,2
"acap3b",0,0,0,0,0,0,6,1,13,3,0,2
"acat1",0,0,0,8,0,0,3,0,93,7,2,5
"acat2",1,35,0,3,986,1024,5,0,1,5,0,2
"acbd3",0,0,8,9,0,0,1,4,53,8,10,6
"acbd6",1,35,5,11,0,0,1,1,10,1,2,3
"acbd7",0,0,7,11,0,0,14,25,197,6,21,16
"ace",3,48,2,1,0,0,14,1,10,0,5,4
"ace2",26,61,199,59,0,0,4,10,30,1,0,0
"acer2",0,0,4,3,0,0,31346,75611,166628,8,4,7
"acer3",0,0,1,3,0,0,0,0,1,41,16,0
"acin1b",2,25,10,20,0,0,31,9,100,32,22,28
"ackr4b",4,19,9,0,0,0,2,2,51,1,0,1
"aclyb",1,28,13,10,0,0,15,8,64,5,2,4
"acmsd",0,0,0,0,32,44,0,0,0,0,0,0
"aco2",3,42,27,45,33,53,47,12,73,23,17,29
"acod1",4,11,3031,3223,0,0,64,65,53,5,0,1
"acot13",6092,6137,21,53,3383,3401,47,47,45,14589,8406,9189
"acot21",0,0,2,5,0,0,1,0,3,1,14,8
"acox1",0,0,95,48,0,0,2,6,11,1,0,0
"acp5a",672,684,24,679,0,0,395,1,28,0,2,0
"acp5b",67,76,0,0,0,0,0,0,6,1,2,5
"acp7",7,10,6,0,0,0,2,3,25,3,0,0
"acsbg1",145,175,0,0,0,0,0,0,2,0,0,0
"acsbg2",0,0,3,2,0,0,9,1,18,0,0,0
"acsf2",96,138,21,8,0,0,0,0,6,4,0,2
"acsl1a",16,32,40,13,0,0,5,16,74,20,5,31
"acsl2",3,34,1195,1209,0,0,10,1,6,5,1,8
"acsl3b",1,41,0,3,0,0,2,0,7,5,3,0
"acsl4a",140,147,428,299,0,0,1,0,27,4,5,2
"acss2",13,34,3,22,0,0,3,0,25,4,0,7
"acss2l",18,60,4,1,0,0,10,0,19,9,1,3
"acss3",3,4,1,5,0,0,0,3,15,1,0,0
"acta2",0,0,187,7,0,0,10,67,2588,11,37,30
"actb1",3,38,63,16,0,0,11,36,879,24,18,49
"actl6a",319,363,862,1245,201,230,658,177,300,696,669,852
"actn1",1,8,19,1,0,0,6,8,214,2,0,9
"actn3b",28,38,118,30,19,57,22,65,239,32,25,125
"actr1",0,0,7,9,0,0,4,5,116,4,4,6
"actr10",0,0,2,2,26,67,2,6,23,6,6,4
"actr2b",2,27,15,4,0,0,6,6,131,8,7,15
"actr3",0,0,25,8,0,0,13,17,497,4,15,18
"actr3b",1,48,1,10,0,0,2,0,4,3,1,1
"actr6",5,51,3,1,0,0,2,2,21,6,0,2
"actr8",894,923,2,2,0,0,24,8,2,22,6,8
"acvr1l",0,0,419,1297,430,441,2,0,32,659,507,461
"acvr2aa",4,6,5,9,34,74,49,2,34,6,3,9
"acvr2bb",12,13,0,0,0,0,0,1,15,2,1,4
"acvrl1",1,16,24,1,0,0,1,3,162,14,10,10
"acy3.2",0,0,1672,628,410,444,497,217,370,779,1263,1027
"acyp2",0,0,0,0,0,0,12,3,10,159,81,171
"ada",2,40,1488,682,0,0,3,4,37,1219,1521,1705
"ada2b",4,17,9,1,0,0,0,6,328,2,3,7
"adal",39,63,364,472,0,0,72,62,126,45,40,29
"adam10b",15,49,5,29,0,0,9,7,9,5,3,5
"adam17a",0,0,9,3,0,0,0,1,38,6,3,9
"adam17b",252,264,472,329,0,0,3,5,33,737,673,1072
"adam22",55,102,0,4,0,0,195,3,1,11,2,3
"adam8b",38,75,0,1,0,0,1,5,42,0,0,0
"adamts10",115,148,43,308,0,0,14,2,4,124,73,80
"adamts12",1,47,1,0,0,0,0,2,4,18,12,4
"adamts13",652,661,687,1265,68,110,50,5,9,1489,1239,1176
"adamts14",0,0,0,0,32,64,3,2,11,0,0,0
"adamts15b",3,47,11,4,0,0,1,10,15,1,7,6
"adamts17",0,0,0,1,0,0,14,6,11,0,1,0
"adamts6",17,41,0,10,0,0,0,0,0,2,0,0
"adamts9",10,56,65,3,0,0,13,81,79,1,8,16
"adamtsl2",0,0,0,1,0,0,0,0,1,5,11,4
"adamtsl5",58,79,2,5,46,61,55,2,8,126,57,98
"adarb1b",0,0,2,7,0,0,3,0,13,2,3,6
"adarb2",5,31,0,0,0,0,2,0,1,0,0,0
"adat1",1,43,0,0,0,0,0,5,16,0,3,3
"adat3",464,487,2,1,0,0,0,0,2,4,4,4
"adck2",1,36,1,1,0,0,3,6,13,2,1,1
"adck5",1,46,0,0,102,103,3,1,5,393,283,568
"adcy1b",24,71,5,45,0,0,16,0,1,8,3,2
"adcy2a",0,0,18,42,0,0,0,0,0,0,0,2
"adcy2b",14,23,3,2,0,0,4,1,20,0,1,0
"adcy5",3,40,19,17,0,0,16,14,19,3,7,4
"adcy6a",1,35,6,4,0,0,1,0,31,3,2,0
"adcy6b",0,0,7,10,0,0,3,0,13,8,11,4
"adcy7",2,42,108,163,0,0,0,0,13,0,0,0
"add1",2,20,10,10,0,0,9,4,144,3,4,1
"add2",1,4,1,0,0,0,1,3,34,2,5,2
"add3a",1,16,2,5,0,0,1,0,12,9,14,9
"add3b",1,18,5,5,0,0,2,7,232,3,12,9
"adgra1a",4,40,0,1,0,0,0,0,0,5,15,6
"adgra2",1,42,13,0,0,0,1,0,42,3,4,5
"adgrb3",5,17,1,28,0,0,2,1,0,2,1,2
"adgrg1",1,9,3,0,0,0,3,0,8,1,0,0
"adgrg6",4,12,4,1,0,0,2,5,21,1,4,6
"adgrl4",0,0,8,1,0,0,1,1,66,5,2,1
"adgrv1",0,0,3,18,0,0,6,1,13,0,0,0
"adi1",534,558,400,924,162,165,266,141,237,926,512,880
"adka",1,11,1,8,0,0,8,0,4,3,2,8
"adma",4,48,1,27,0,0,0,0,39,0,3,2
"adnp2b",3,38,512,156,223,229,5,43,33,304,409,517
"adob",5,34,9,10,0,0,12,7,25,5,9,8
"adora2b",10,50,5,5,0,0,12,9,14,1,1,4
"adpgk",14,47,1,8,0,0,9,4,7,5,1,1
"adpgk2",0,0,1,0,0,0,5,3,12,1,1,5
"adprh",1,17,1,0,1018,1034,2,2,7,850,327,687
"adprhl2",2,18,42,30,0,0,1,0,18,1,8,3
"adra2da",2,49,0,1,0,0,7,7,9,1,1,3
"adrb3a",0,0,0,0,31,62,0,0,14,0,4,4
"adrm1",145,152,289,168,0,0,2,6,55,126,124,266
"adsl",0,0,0,0,64,89,1,2,10,1,0,2
"adss1",1,29,0,0,0,0,6,11,34,1,0,0
"adssl",0,0,20,8,1,33,7,1,45,6,9,15
"aebp1",7,12,53,84,0,0,0,2,187,116,20,53
"aebp2",61,65,7,17,24,54,36,17,18,12,1,6
"afap1l1a",160,197,31,342,0,0,0,0,14,0,0,3
"afap1l1b",4,33,7,0,0,0,0,3,43,0,1,0
"afap1l2",0,0,11,4,0,0,2,4,78,3,3,2
"afdna",1,37,1,8,0,0,12,18,179,3,1,6
"aff4",0,0,6,5,0,0,2,0,19,8,2,2
"afg1la",37,81,4,16,0,0,9,7,2,53,31,38
"afg1lb",0,0,1,0,0,0,2,6,6,0,4,0
"afmid",15,42,1,4,3,12,8,7,10,23,10,16
"aga",24,36,35,53,0,0,2,0,22,0,0,1
"agap1",3,15,0,3,0,0,2,1,2,6,3,4
"agap3",0,0,2,1,0,0,12,3,19,8,1,1
"agbl2",30,42,0,1,0,0,0,0,0,0,0,0
"agbl5",2,3,305,178,0,0,4,10,19,4,0,1
"agfg1b",6,36,1,3,0,0,4,2,7,2,0,0
"aggf1",19,60,2,0,0,0,3,4,17,6,1,2
"agk",0,0,50,41,0,0,1,0,14,0,0,0
"ago1",3,25,9,1,0,0,2,0,4,3,0,4
"ago4",1,15,5,6,31,33,1,0,24,5,1,4
"agpat2",2,17,1,2,34,75,0,0,3,11,0,14
"agpat3",4,15,14,92,0,0,56,3,25,95,46,48
"agpat4",0,0,6,0,0,0,0,1,12,0,0,2
"agpat5",1,18,3,2,0,0,0,0,18,2,4,0
"agps",1,11,4,0,0,0,2,0,40,0,1,3
"agrn",1,5,11,3,24,25,5,6,52,4,1,2
"agt",3,11,233,335,0,0,1,0,0,11,10,7
"agtpbp1",0,0,0,6,0,0,6,0,18,3,2,1
"ahcy",0,0,7,2,0,0,2,1,58,2,2,1
"ahcyl1",2,35,3,10,0,0,7,2,26,4,2,2
"ahdc1",2,32,9,2,0,0,0,0,1,0,0,0
"ahi1",0,0,4,6,0,0,5,0,9,7,3,5
"ahsa1b",0,0,7,6,0,0,9,4,32,15,10,11
"aida",1,41,8,4,0,0,4,13,25,1,1,4
"aif1l",0,0,38,32,0,0,4,0,11,1,4,0
"aifm1",2,42,5,5,0,0,7,5,38,10,3,12
"aifm3",333,373,0,0,0,0,0,0,4,2,3,2
"aimp1a",50,87,17,41,0,0,0,1,71,1,4,1
"aimp2",1,36,25,9,0,0,2,9,86,18,14,9
"aip",3,35,601,898,0,0,11,9,109,16,22,27
"aipl1",17,35,7,26,0,0,38,2,42,11,18,10
"aipl2",6,35,0,0,0,0,12,0,4,34,20,25
"ajuba",4,42,1,0,0,0,5,2,25,1,0,0
"ak1",0,0,10,8,59,62,7,6,74,16,4,7
"ak3",0,0,99,127,0,0,51,43,75,29,19,27
"ak4",42,51,11,20,0,0,3,0,5,3,2,1
"ak5",764,771,4,7,0,0,5,1,85,6,3,9
"akap10",1,48,5,2,0,0,3,1,20,1,0,2
"akap11",1,16,7,6,0,0,6,0,19,1,0,2
"akap12b",4,44,51,12,33,62,21,16,252,35,17,30
"akap8l",8,14,12,9,0,0,30,11,89,24,18,23
"akirin1",5,38,25,11,0,0,16,12,83,9,8,17
"akirin2",0,0,6,2,0,0,3,0,40,23,52,58
"akr1a1a",7,52,3,0,0,0,7,16,13,2,3,7
"akr1a1b",11,47,18,109,135,173,50,33,49,87,58,35
"akr1b1.2",0,0,21,7,0,0,4,2,48,10,9,11
"akt1",2,21,1,0,0,0,0,0,23,3,1,5
"akt1s1",0,0,36,12,13,48,24,14,150,5,3,8
"akt2",0,0,5,7,0,0,1,1,27,0,2,3
"akt3a",0,0,2,7,0,0,30,4,29,6,2,4
"akt3b",0,0,1,5,0,0,2,1,15,0,0,0
"aktip",3,48,6,5,0,0,3,0,22,0,1,2
"alas1",0,0,7,7,0,0,7,4,153,3,13,10
"alas2",67,98,43,40,0,0,12,68,1423,77,48,43
"alcamb",1,33,1,3,0,0,3,1,25,1,0,1
"aldh16a1",0,0,5,0,39,77,2,1,20,0,1,0
"aldh1a2",0,0,15,0,0,0,0,4,79,0,2,12
"aldh1l1",0,0,181,561,0,0,2,2,27,0,6,0
"aldh1l2",2,25,4,3,0,0,10,4,16,369,405,488
"aldh2.2",4,24,57,27,0,0,4,8,224,61,48,37
"aldh3a2b",1,18,4,1,0,0,6,9,53,4,3,6
"aldh3b1",0,0,592,871,0,0,12,3,22,970,714,973
"aldh3b2",246,277,166,211,19,31,0,0,7,38,36,35
"aldh4a1",15,37,3,24,1,33,11,4,54,10,3,13
"aldh5a1",942,949,377,2004,659,664,1,1,11,361,173,291
"aldh6a1",0,0,3,0,28,52,1,1,26,2,0,1
"aldh7a1",0,0,11,6,0,0,15,4,123,89,73,74
"aldh9a1b",2,50,66,34,43,64,0,1,52,4,7,23
"aldocb",5,26,24,82,0,0,110,24,275,14,8,6
"alg1",39,42,18,28,0,0,13,2,10,14,13,25
"alg2",0,0,1,2,0,0,0,0,12,7,6,4
"alg3",0,0,0,0,36,72,5,0,10,0,0,0
"alg5",1,49,1,1,0,0,2,0,20,0,2,1
"alg8",2,34,2,7,0,0,28,7,30,2,0,0
"alg9",6,27,2,2,0,0,1,0,4,1,1,0
"alkbh2",381,416,141,82,0,0,0,0,7,745,567,570
"alkbh4",0,0,4,30,0,0,1,0,5,0,0,1
"alkbh5",1,49,3,6,0,0,10,0,37,9,1,2
"alkbh6",12,43,32,81,0,0,0,0,3,51,58,47
"alkbh7",0,0,733,1049,0,0,0,0,7,2,2,2
"alox12",3,27,1971,457,0,0,0,0,2,0,1,4
"alox5ap",0,0,123,22,0,0,0,0,8,0,0,0
"alpl",1,20,66,36,0,0,37,10,288,47,49,49
"alx1",2,35,2,0,0,0,2,4,179,0,0,2
"alyref",0,0,7,25,1,18,20,8,197,22,19,22
"ambp",0,0,1,7,0,0,0,0,9,0,5,0
"ambra1b",1,8,2,1,0,0,3,0,14,0,0,0
"amd1",2,16,2,13,0,0,16,7,61,7,5,8
"amfra",1,33,6,9,0,0,7,2,84,9,11,4
"amigo3",57,94,1,11,32,55,67,5,3,35,4,3
"amot",1,39,0,3,0,0,0,0,14,0,0,2
"amotl2a",1,37,5,0,0,0,3,7,40,5,4,10
"amotl2b",1,23,40,1,0,0,1,13,172,6,16,32
"ampd1",0,0,1,0,123,129,0,0,0,1,0,1
"ampd3a",119,162,113,72,0,0,1,9,13,0,0,1
"ampd3b",0,0,6,0,0,0,3,1,15,0,2,3
"amph",2,36,1,10,0,0,23,1,3,3,1,1
"anapc10",0,0,192,186,0,0,5,0,19,0,0,0
"anapc13",1,5,1,0,0,0,2,3,50,10,3,3
"anapc16",0,0,4,5,0,0,53,51,72,13,17,4
"anapc2",1,15,0,2,99,119,2,1,34,0,0,1
"anapc7",0,0,8,3,0,0,7,1,76,4,1,7
"angpt1",0,0,5,1,0,0,0,2,55,5,3,1
"angpt4",0,0,1,0,0,0,5,3,62,0,0,0
"angptl1a",12,35,1,2,0,0,1,0,38,3,0,6
"angptl1b",0,0,7,1,0,0,0,8,58,0,0,2
"angptl2b",0,0,8,5,0,0,0,2,4,0,1,3
"angptl3",324,365,149,117,145,174,2,4,23,117,42,75
"angptl7",15,37,6,2,12,25,3,0,17,10,7,11
"ank1a",0,0,2,5,67,122,4,10,100,12,5,12
"ank3a",0,0,2,3,0,0,13,0,22,12,4,4
"ankdd1b",104,117,27,37,0,0,98,31,30,53,35,26
"ankfy1",58,85,60,194,83,119,94,89,238,147,116,170
"ankha",2,17,10,88,0,0,20,0,15,9,4,6
"ankhd1",1,39,1,1,0,0,16,2,107,5,7,5
"ankle2",2,24,0,1,0,0,2,0,13,13,10,15
"ankmy2a",0,0,1,4,0,0,5,7,17,2,3,5
"ankra2",1,48,0,6,0,0,0,3,7,5,3,1
"ankrd11",0,0,20,33,21,45,29,11,196,25,15,27
"ankrd12",0,0,3,8,0,0,5,4,57,6,1,8
"ankrd13a",150,196,77,352,32,74,1,0,14,4,1,5
"ankrd13b",3,41,0,1,0,0,2,0,5,0,0,0
"ankrd13c",0,0,8,8,0,0,0,0,9,7,2,9
"ankrd13d",0,0,1,4,0,0,15,1,16,6,1,3
"ankrd1a",1,45,8,5,0,0,1,0,0,0,0,0
"ankrd2",2,20,0,0,0,0,0,0,0,1,7,3
"ankrd27",49,87,22,12,37,67,3,6,22,1,0,3
"ankrd28b",3,16,4,18,0,0,5,0,7,16,17,5
"ankrd33aa",0,0,0,0,0,0,11,0,7,2,2,1
"ankrd33ba",11,32,6,23,0,0,15,0,6,8,9,4
"ankrd33bb",14,59,1,2,0,0,13,1,1,2,0,1
"ankrd39",0,0,0,0,0,0,156,11,17,0,0,0
"ankrd40",121,139,2,0,0,0,2,0,9,5,3,3
"ankrd44",5,12,0,0,0,0,2,2,15,3,17,5
"ankrd54",6,32,1,4,0,0,2,1,15,2,2,1
"anks1ab",1,38,7,0,0,0,0,0,6,3,5,0
"anks1b",2,21,5,9,0,0,4,2,20,3,4,11
"anks3",0,0,1,16,0,0,0,4,5,4,1,4
"anks4b",18,29,1,22,0,0,5,0,0,32,12,14
"ankzf1",3,38,1153,356,0,0,0,0,7,323,500,904
"ano10a",20,68,10,31,0,0,5,0,22,0,0,0
"ano2a",1,19,2,5,0,0,9,1,11,2,1,0
"ano2b",0,0,6,5,0,0,4,0,1,1,1,1
"ano5a",4,48,14,3,52,60,1,5,32,0,6,0
"ano5b",0,0,2,0,0,0,2,0,23,5,4,3
"ano6",0,0,7,5,0,0,0,1,44,9,1,11
"ano8a",3,37,500,773,0,0,0,1,0,53,26,17
"ano8b",7,39,4,2,0,0,2,10,12,3,1,1
"anp32a",3804,3834,29,46,487,524,809,166,207,54,16,13
"anp32b",50,67,50,38,56,86,60,23,231,43,33,55
"anpepa",3,20,15,0,0,0,0,4,22,1,2,2
"antxr1b",1,28,1,0,0,0,0,0,18,7,0,2
"antxr1c",0,0,8,2,0,0,3,5,23,7,1,13
"antxr1d",1,43,5,1,0,0,15,10,62,4,1,2
"anxa11a",1,9,12,1,0,0,2,2,114,6,5,10
"anxa13",0,0,57,19,0,0,20,3,206,27,43,40
"anxa1a",0,0,39,0,0,0,10,63,2289,7,9,35
"anxa2a",0,0,22,2,0,0,2,7,140,2,3,2
"anxa4",0,0,6,1,0,0,2,8,227,2,4,5
"anxa6",1,18,3,2,0,0,1,0,18,0,0,0
"aox6",1,25,2,1,0,0,3,0,27,0,0,0
"ap1ar",0,0,0,1,0,0,0,3,10,5,8,8
"ap1b1",1,27,2,2,0,0,6,0,33,4,2,8
"ap1g1",19,67,4,13,0,0,2,0,26,11,8,6
"ap1g2",646,658,1618,1149,0,0,8,4,15,0,0,1
"ap1m1",1,38,18,3,0,0,159,66,82,8,9,10
"ap1m3",1,14,0,2,0,0,0,0,9,1,4,2
"ap1s2",3,42,315,394,0,0,2,0,3,14,20,9
"ap2a1",4,47,7,7,0,0,11,2,26,5,1,6
"ap2b1",2,36,9,7,0,0,7,0,12,4,0,13
"ap2m1a",2,36,9,13,0,0,17,3,195,14,7,12
"ap2s1",2,44,943,2709,0,0,27,5,114,3,7,5
"ap3d1",1,23,9,7,0,0,14,12,181,5,6,16
"ap3m1",0,0,0,0,0,0,1,0,15,0,1,5
"ap3m2",5,22,8,6,0,0,2,1,13,0,2,7
"ap4m1",1,14,38,52,0,0,2,0,6,3,0,1
"ap4s1",2,36,2,7,0,0,1728,824,1092,6,2,6
"ap5b1",149,188,577,512,0,0,104,147,151,572,797,702
"ap5m1",10,54,0,0,0,0,51,25,14,3,0,1
"ap5z1",306,333,286,672,0,0,1,0,20,6,4,9
"apba1b",3,17,699,1639,0,0,15,4,9,14,6,17
"apba2b",0,0,0,13,0,0,18,0,2,2,2,3
"apbb1",1,46,11,16,0,0,15,2,34,24,9,20
"apbb1ip",5,7,2,1,0,0,2,0,16,2,1,0
"apbb2b",3,22,39,9,0,0,1,2,23,4,2,6
"apbb3",6,21,0,6,0,0,25,6,6,28,10,11
"apc2",22,29,23,46,2,28,10,4,9,78,32,10
"apeh",0,0,1,0,0,0,14,8,24,0,2,4
"apex1",337,366,150,336,63,81,11,1,106,215,161,187
"apex2",0,0,2,27,0,0,1,3,8,1,1,0
"aplnr2",3,32,0,6,0,0,0,1,2,9,1,18
"aplp1",5,16,36,24,41,78,41,19,93,49,27,14
"aplp2",0,0,72,79,32,36,91,19,278,66,56,58
"apmap",4,31,1,2,0,0,1,7,20,4,5,3
"apoa1b",0,0,5,14,0,0,4,8,371,1,13,0
"apobec2b",94,102,1463,296,85,110,0,0,0,193,201,699
"apoda.1",0,0,9,0,0,0,3,18,586,1,4,10
"apoda.2",489,517,1,0,0,0,0,0,0,10,7,7
"apodb",1,48,1,0,0,0,0,2,44,1,1,0
"apoeb",2,38,294,40,37,59,11,46,120,21,352,317
"apol1",0,0,4,0,0,0,0,2,11,3,9,16
"appb",1,14,147,77,0,0,32,27,344,581,608,643
"appl2",11,33,1569,2358,15,48,0,3,24,1,5,4
"aprt",63,75,333,127,0,0,0,0,8,59,58,82
"aptx",0,0,0,0,0,0,53,43,36,1,0,0
"aqp10b",0,0,38,94,0,0,0,0,0,134,63,101
"aqp11",10,52,38,59,0,0,122,66,87,4,1,4
"aqp12",1,47,194,188,81,107,0,0,0,171,173,194
"aqp1a.1",1,38,70,17,0,0,10,7,581,42,38,39
"aqp7",514,536,161,731,291,331,0,3,14,478,387,369
"aqp9b",3,37,6,21,23,36,4,0,6,4,9,8
"aqr",19,44,0,8,0,0,0,0,18,1,4,3
"araf",0,0,9,0,0,0,0,2,3,0,0,12
"arcn1b",1,45,3,1,0,0,8,4,102,8,8,9
"arf2b",2,20,21,6,0,0,15,4,526,80,7,7
"arf5",0,0,31,14,0,0,1,1,114,19,14,10
"arfgap2",0,0,790,810,0,0,17,2,27,737,772,685
"arfgef1",2,16,2,1,0,0,12,3,42,11,6,6
"arfgef3",4,23,2,1,0,0,11,0,4,4,0,2
"arfip1",0,0,1,1,0,0,128,42,49,0,2,0
"arfip2a",2,32,1,1,0,0,7,1,13,3,1,0
"arfip2b",0,0,2,5,0,0,1,0,2,4,5,2
"arg1",4,41,0,1,0,0,3,0,4,388,354,600
"arg2",0,0,6,24,0,0,27,4,9,38,24,17
"arhgap10",73,101,12,0,31,69,1,1,16,5,9,9
"arhgap11a",3,4,0,2,0,0,2,49,9,0,1,6
"arhgap12b",4,10,0,9,0,0,10,4,35,2,2,9
"arhgap17a",2,11,8,3,0,0,0,1,37,5,0,2
"arhgap17b",16,53,3,12,0,0,0,1,28,0,0,0
"arhgap18",1,21,2,0,0,0,1,0,31,9,1,2
"arhgap21a",1,18,6,7,0,0,5,0,37,6,6,9
"arhgap21b",0,0,7,26,0,0,0,2,27,0,0,0
"arhgap23a",1,24,13,11,0,0,10,5,27,1,1,0
"arhgap24",5,48,6,4,0,0,1,0,19,2,0,4
"arhgap25",8,17,34,3,0,0,0,0,43,3,7,12
"arhgap29a",0,0,12,2,0,0,0,1,62,17,2,4
"arhgap29b",1,49,2,4,0,0,2,5,49,1,1,5
"arhgap32b",2,44,0,3,0,0,5,1,13,2,2,3
"arhgap35b",0,0,11,2,0,0,2,2,30,7,1,2
"arhgap36",0,0,13,4,0,0,1,4,15,5,4,5
"arhgap42b",3,17,26,9,0,0,1,2,9,0,0,0
"arhgap5",1,20,14,3,37,78,5,2,15,9,2,3
"arhgef10",92,99,8,18,186,198,45,5,31,14,5,9
"arhgef10la",1,24,0,2,74,93,2,1,4,0,0,0
"arhgef16",4,47,3816,1818,0,0,14,20,33,4,14,23
"arhgef18a",5,23,31,3,0,0,0,4,2,12,0,22
"arhgef18b",1,49,0,8,0,0,18,8,10,8,2,8
"arhgef19",6,49,0,1,0,0,2,1,3,0,0,0
"arhgef2",0,0,3,1,0,0,7,1,26,1,1,0
"arhgef3",1,40,0,3,0,0,2,2,7,7,4,1
"arhgef38",6,20,6,31,0,0,1,0,1,534,377,644
"arhgef6",2,38,12,2,0,0,1,8,74,2,4,3
"arhgef7a",0,0,11,3,0,0,6,7,39,0,0,1
"arhgef7b",0,0,3,5,0,0,4,0,7,6,1,2
"arhgef9b",159,166,2,7,17,29,18,3,17,9,1,0
"arid1aa",2,28,9,12,18,39,10,8,49,8,7,7
"arid1ab",1,38,3,4,50,87,13,2,66,7,2,1
"arid2",1,24,4,5,0,0,2,4,20,4,2,1
"arid5a",0,0,0,1,0,0,0,0,6,0,0,5
"arih1",1,26,44,17,0,0,3,1,20,3,2,9
"arih2",1,15,1,4,0,0,8,3,44,17,10,4
"arl1",129,164,221,296,38,60,6,5,42,341,155,293
"arl13a",0,0,7,51,0,0,78,4,29,32,19,14
"arl13b",1,33,5,11,0,0,5,6,31,13,4,8
"arl14ep",2,24,4,2,0,0,3,0,16,1,2,0
"arl16",1,19,526,199,0,0,1,1,0,1,5,1
"arl2",0,0,1008,672,0,0,0,2,33,596,936,1021
"arl2bp",0,0,1,0,0,0,0,0,5,2,0,8
"arl3b",60,107,75,55,0,0,2,1,27,4,0,3
"arl3l2",4,35,25,227,0,0,119,3,36,117,117,97
"arl5a",1,22,4,2,0,0,3,1,29,2,2,2
"arl6",0,0,6,25,0,0,19,1,17,0,2,0
"arl6ip1",1,30,50,35,0,0,51,34,724,38,44,44
"arl6ip5a",0,0,1,1,0,0,46,7,15,0,2,0
"arl6ip5b",1,22,12,5,0,0,10,14,116,7,24,8
"arl8ba",1,3,2,4,0,0,3,4,30,7,7,1
"arl8bb",0,0,4,2,0,0,1,2,12,7,1,0
"armc1",6,19,2,2,0,0,1,0,10,4,3,4
"armc1l",1719,1727,439,3222,0,0,26,5,5,39,29,12
"armc2",355,391,2,1,0,0,1,0,10,1,0,3
"armc5",398,424,1,2,67,106,0,0,3,2134,602,376
"armc7",53,65,176,254,0,0,0,0,1,226,196,175
"armc9",0,0,134,54,0,0,0,0,7,2,3,3
"armh3",0,0,0,1,0,0,5,2,16,0,0,0
"arnt",0,0,3,3,0,0,2,0,29,6,9,4
"arnt2",3,17,2,0,0,0,9,5,33,2,5,5
"arntl1b",1,38,5,24,4,36,1,0,4,9,6,11
"arntl2",0,0,0,0,14,25,0,0,2,1,0,1
"arpc1a",2,32,39,20,0,0,2,4,54,4,3,4
"arpc1b",1,27,47,1,0,0,6,9,602,9,10,14
"arpc2",0,0,11,1,0,0,5,5,369,5,8,6
"arpc3",86,119,287,333,0,0,3,9,135,350,304,240
"arpc4",242,250,1,5,0,0,1,3,60,1,2,8
"arpc4l",3,31,46,27,0,0,4,1,164,16,39,41
"arpc5b",0,0,9,0,0,0,0,2,5,2,8,5
"arr3a",5,50,77,543,0,0,612,13,554,365,516,238
"arrb2a",11,48,14,8,0,0,7,0,37,13,5,10
"arrdc1b",0,0,3,0,40,64,1,6,9,0,0,0
"arrdc2",2,21,10,7,45,72,2,3,62,6,1,5
"arrdc3b",39,48,82,92,0,0,14,13,51,37,33,31
"arsa",0,0,190,2939,0,0,43,1,2,0,0,3
"arsg",1369,1377,1130,3000,58,77,7,16,4,17,3,2
"arvcfb",1,32,13,6,0,0,3,4,85,1,1,1
"as3mt",2,9,8,0,0,0,1,0,11,0,1,0
"asah1b",0,0,1,2,0,0,5,3,86,5,3,0
"asah2",4,37,0,0,0,0,0,0,2,4,0,10
"asap1b",3,46,12,15,0,0,33,3,54,12,3,7
"asb1",1,24,3,0,0,0,0,0,0,1,2,9
"asb10",0,0,0,0,6,16,0,0,0,0,0,0
"asb12b",32,59,3,18,58,69,1215,146,224,33,13,15
"asb14a",0,0,129,320,0,0,0,0,1,5,1,1
"asb15b",1,25,2,3,4,42,1,0,0,0,0,1
"asb2a.1",30,71,7,2,30,56,1,0,3,13,11,35
"asb3",43,46,27,93,26,65,0,1,3,0,0,0
"asb6",6,12,31,2,0,0,3,0,15,2,1,2
"ascc1",3,7,4,7,0,0,0,1,1,3,2,3
"ascc2",6,31,1144,1763,55,84,4,1,35,1537,1166,994
"ascc3",0,0,9,0,32,41,3,0,19,1,3,3
"ascl1b",6,36,0,0,0,0,0,0,0,0,0,0
"asdurf",27,64,136,47,56,92,6,16,25,133,165,166
"asf1bb",1,37,0,0,0,0,0,0,6,3,0,2
"ash1l",3,25,1,6,0,0,13,4,58,3,4,4
"ash2l",7,32,2,3,0,0,2,1,19,1,4,6
"asmtl",1,22,2,1,0,0,1,0,6,1,5,3
"asns",3,14,12,4,0,0,1,1,2,0,0,0
"aspa",5,30,0,0,0,0,14,1,23,8,7,0
"aspdh",1,6,323,540,1235,1269,0,0,0,938,511,561
"aspg",15,22,19,89,0,0,28,2,8,99,79,44
"asphd2",2,25,0,1,0,0,2,0,10,12,11,4
"aspn",0,0,4,0,0,0,1,16,36,0,2,0
"astn1",0,0,0,1,0,0,4,5,42,5,0,2
"asxl1",33,58,3,13,0,0,1,3,14,4,4,0
"asxl2",0,0,8,9,0,0,2,2,27,6,4,8
"atad1a",0,0,8,8,0,0,0,0,5,4,1,1
"atad1b",8,51,310,121,0,0,3,1,23,7,2,12
"atad2b",7,36,8,16,0,0,1,0,4,3,2,0
"atat1",0,0,53,9,45,63,0,0,2,0,0,0
"atcayb",4,36,0,0,32,54,7,0,3,7,2,2
"atf1",106,131,19,115,0,0,1,0,8,4,3,7
"atf4b",3,47,7,17,0,0,18,5,215,12,20,13
"atf5a",10,54,8,2,0,0,0,0,0,2,0,0
"atf5b",1,10,9,2,0,0,1,4,78,2,2,6
"atf6",138,170,396,81,0,0,0,0,19,1,1,0
"atf7a",2,11,0,0,0,0,0,0,5,1,0,2
"atf7b",1,22,5,6,0,0,3,0,11,0,6,13
"atg101",4,40,6,1,0,0,3,1,20,1,1,4
"atg12",6,46,6,12,0,0,1211,932,1141,2,7,3
"atg13",2261,2270,1,5,546,556,4,2,25,3,1,4
"atg16l1",2,48,2,28,0,0,3,1,26,5,14,14
"atg3",2,47,3,4,0,0,1,1,49,6,3,9
"atg4b",93,137,9,1,0,0,17,44,93,99,126,214
"atg4da",1,19,0,1,0,0,0,1,11,1,1,3
"atg5",1,2,856,869,0,0,0,0,5,1,0,1
"atg7",3,51,1,0,0,0,1,1,13,1,3,0
"atg9a",0,0,6,2,0,0,1,1,6,1,4,4
"atg9b",2,41,2,5,0,0,0,0,15,0,0,16
"atic",0,0,4,1,0,0,0,2,79,1,6,0
"atl1",19,40,0,1,0,0,7,22,36,7,7,3
"atl3",7,36,8,4,0,0,0,0,39,0,1,4
"atmin",51,88,34,35,0,0,3,0,3,0,2,1
"atn1",2,10,7,9,3,43,3,0,9,5,0,0
"atoh1b",8,38,49,2,0,0,24,89,207,27,13,18
"atoh1c",5,38,1,3,0,0,29,28,61,2,0,3
"atox1",0,0,10,2,0,0,10,0,134,5,7,4
"atp10b",37,74,0,0,72,85,6,0,0,0,0,0
"atp11c",0,0,6,3,0,0,1,1,26,5,5,3
"atp13a1",1,6,11,7,0,0,10,3,14,11,6,1
"atp13a2",7,36,0,26,0,0,5,2,27,12,6,9
"atp1a2a",6,32,25,211,0,0,1,0,0,355,322,138
"atp1a3a",9,11,1,15,0,0,31,0,19,18,5,4
"atp1b1a",68,90,82,98,183,195,150,82,408,328,423,763
"atp1b1b",1,7,9,2,0,0,0,0,4,0,1,3
"atp1b2b",5,45,20,150,75,106,16,0,3,20,11,7
"atp1b3a",2,14,5,28,0,0,19,1,41,2,3,3
"atp1b4",25,55,8,7,0,0,19,0,3,8,4,8
"atp23",2,4,1,0,0,0,70,9,55,0,0,2
"atp2a1",168,204,629,391,153,182,0,0,2,6,1,0
"atp2a1l",7,32,1567,586,430,435,2,21,40,972,1304,1660
"atp2a3",0,0,9,0,0,0,4,3,26,1,0,3
"atp2b2",0,0,1,6,0,0,1,6,12,0,1,2
"atp2b3b",10,13,2,6,0,0,7,0,2,5,2,1
"atp2b4",2,13,0,0,0,0,11,0,59,3,1,2
"atp2c1",2,41,4,4,0,0,7,1,18,7,0,2
"atp5f1b",39,122,119,97,90,127,84,30,594,391,1267,1053
"atp5f1c",0,0,4,8,0,0,7,3,70,3,6,4
"atp5f1d",5,20,3,9,0,0,2,4,81,5,7,3
"atp5f1e",1,31,22,31,0,0,6,1,7,8,6,3
"atp5fa1",3,44,58,38,24,53,40,19,534,50,58,61
"atp5if1b",0,0,9,4,0,0,4,1,58,6,7,6
"atp5l",2,12,2155,601,104,124,104,23,137,188,316,271
"atp5mc3b",0,0,12,10,34,40,21,4,207,8,14,9
"atp5mf",354,362,8,3,156,170,5,4,93,652,521,627
"atp5pb",0,0,33,18,0,0,7,2,101,13,19,12
"atp5pd",0,0,11,0,0,0,3,1,215,6,7,4
"atp5pf",0,0,8,6,0,0,1,1,38,3,4,8
"atp5po",0,0,13,3,1,24,6,1,164,8,14,7
"atp6ap2",17,54,16,16,0,0,7,0,48,9,26,12
"atp6v0a1a",1,23,4,8,0,0,17,6,43,2,4,3
"atp6v0a1b",1,5,0,11,0,0,6,1,0,6,3,6
"atp6v0b",1,13,7,14,0,0,4,2,22,16,17,24
"atp6v0cb",0,0,1493,1520,159,224,37,17,153,1031,1517,1264
"atp6v1ab",0,0,11,32,25,57,29,2,53,32,25,34
"atp6v1ba",0,0,9,11,0,0,14,3,84,4,7,9
"atp6v1c1a",0,0,1,4,0,0,7,0,7,3,3,4
"atp6v1c1b",0,0,5,11,31,50,6,1,21,5,6,7
"atp6v1c2",1,47,0,0,0,0,19,5,3,0,0,0
"atp6v1d",1205,1212,13,11,0,0,2,0,67,16,15,16
"atp6v1e1b",1,23,10,10,0,0,13,0,41,8,18,5
"atp6v1f",0,0,10,18,0,0,14,5,293,7,29,38
"atp6v1g1",4,25,21,24,0,0,32,15,80,42,29,19
"atp6v1h",1,7,1,4,0,0,5,2,36,2,1,3
"atp7a",0,0,382,716,0,0,1,2,48,406,413,402
"atp8a2",2,17,7,13,6,15,11,5,52,5,2,4
"atp8b4",0,0,0,0,0,0,11,3,7,0,0,0
"atp8b5a",2,8,2,0,0,0,1,0,9,0,3,5
"atp9b",0,0,0,6,0,0,2,1,27,2,0,0
"atpaf1",3,20,4,3,0,0,3,1,39,20,23,35
"atpaf2",0,0,1,1,0,0,0,0,12,1,5,1
"atpsckmt",0,0,3,6,0,0,1,0,6,1,1,2
"atpv0e2",2,37,2,27,0,0,1,2,2,0,0,1
"atr",46,94,0,1,0,0,26,0,9,6,5,6
"atraid",0,0,904,705,0,0,0,0,5,682,605,931
"atrnl1a",0,0,9,2,0,0,14,3,74,3,0,5
"atrnl1b",2,45,9,1,0,0,8,0,40,7,2,6
"atrx",2,41,3,7,0,0,20,4,116,6,1,1
"atxn10",385,405,0,1,0,0,2,0,1,0,2,0
"atxn1a",1,37,1,0,10,19,3,2,23,4,0,4
"atxn1b",2,35,1,2,0,0,1,3,5,0,0,0
"atxn1l",1,8,0,0,0,0,0,4,10,2,0,0
"atxn2",1,37,11,3,0,0,7,5,18,0,0,4
"atxn2l",1,45,1,4,0,0,9,7,35,1,2,4
"atxn7",1,47,0,1,125,167,3,7,34,20,8,23
"atxn7l2a",1,5,1,0,43,50,1,1,2,0,0,0
"aup1",0,0,3,2,0,0,8,5,41,2,1,1
"aurkaip1",0,0,1,3,0,0,2,2,21,1,6,2
"auts2a",2,8,1,1,0,0,6,2,20,5,1,0
"aven",0,0,5,0,0,0,1,0,17,2,1,1
"avil",2,16,2,0,0,0,7,2,1,3,2,4
"avl9",0,0,3,11,0,0,8,2,6,3,3,4
"avpr2ab",0,0,6,7,0,0,0,0,11,15,13,9
"axin2",1,8,1,0,0,0,0,2,12,0,1,0
"azi2",0,0,8,2,26,62,0,0,10,2,1,2
"azin1b",0,0,11,11,0,0,8,6,62,16,10,9
"b2ml",0,0,105,18,0,0,9,5,963,14,41,45
"b3galnt2",18,25,0,1,0,0,4,2,5,2,2,5
"b3gat1a",1,42,1,6,0,0,1,0,1,0,0,0
"b3gat1b",1,34,1,11,0,0,0,0,7,0,0,1
"b3gat2",4,36,0,5,0,0,22,0,5,26,11,14
"b3gat3",1,4,6,4,0,0,8,0,3,4,3,7
"b3gnt2a",13,39,0,0,0,0,0,1,4,0,0,0
"b3gnt5a",18,64,0,0,0,0,3,4,5,2,0,0
"b3gnt7l",15,19,4,16,0,0,0,0,2,1,0,0
"b3gnt9",7,33,0,1,0,0,5,11,34,0,4,0
"b4galnt1a",0,0,247,13,0,0,0,0,13,5,1,3
"b4galnt1b",1,5,1,0,0,0,5,0,25,0,0,0
"b4galt3",18,41,8,5,0,0,0,0,2,2,1,0
"b4galt5",0,0,2,0,0,0,2,4,13,6,5,4
"b9d1",793,802,4,3,0,0,1,0,8,0,0,0
"baalcb",138,155,208,223,53,77,56,28,37,49,37,48
"babam2",0,0,4,1,0,0,4,0,36,5,3,1
"bace1",0,0,0,11,0,0,2,2,1,11,5,6
"bach1a",1,48,3,1,39,62,1,0,27,8,2,4
"bach2b",2,34,0,1,0,0,5,0,2,1,1,1
"bag1",1,40,317,854,0,0,9,4,18,1639,1850,1467
"bag2",352,397,697,436,0,0,0,0,13,0,2,1
"bag3",30,36,7,11,1,40,10,3,12,23,42,33
"bag5",9,13,324,388,0,0,6,1,86,6,2,0
"bahcc1a",1,7,5,1,37,62,5,2,7,2,0,1
"bahd1",0,0,6,9,0,0,2,2,27,3,0,0
"baiap2a",2,39,150,997,0,0,1,1,5,3,0,4
"baiap2b",29,48,22,34,0,0,7,9,29,6,3,7
"bambia",0,0,4,0,0,0,0,1,103,7,4,3
"banf1",0,0,78,1438,14,24,2,0,9,90,122,99
"bap1",0,0,7,2,0,0,4,5,43,8,2,3
"batf",1,7,0,0,0,0,0,0,9,0,0,0
"baxa",2,3,5,3,0,0,4,4,23,3,4,3
"baz1b",0,0,7,9,0,0,13,6,68,13,6,5
"bbip1",3,45,1014,2334,0,0,30,6,26,0,0,0
"bbs2",17,28,3,2,0,0,18,10,37,10,11,4
"bbs4",1,32,2,2,0,0,8,0,12,3,3,0
"bbs5",0,0,0,3,0,0,13,0,13,3,5,3
"bbs7",0,0,1,16,0,0,6,2,1,2,4,1
"bbs9",0,0,7,31,0,0,44,1,11,11,7,3
"bcam",0,0,9,4,0,0,0,1,36,1,1,1
"bcan",50,74,1,1,0,0,4,1,2,0,0,0
"bcap29",1,22,521,196,86,128,0,1,20,3,2,6
"bcap31",0,0,15,10,0,0,6,5,161,5,10,5
"bcar1",0,0,44,7,0,0,4,2,39,36,6,51
"bcat1",209,210,3,738,0,0,0,1,0,24,7,11
"bcat2",1,41,9,4,0,0,2,5,18,17,19,22
"bccip",614,652,1334,6322,29,39,2385,100,202,4913,2932,1674
"bckdha",3,46,12,8,0,0,4,2,20,32,18,31
"bckdk",2,18,39,28,0,0,8,0,8,23,29,29
"bcl2l1",0,0,4,1,0,0,13,3,15,16,12,12
"bcl2l10",3,13,8,2,0,0,1,1,74,2,2,9
"bcl2l13",202,214,2169,666,0,0,4,6,3,28,39,27
"bcl6aa",2,34,0,1,0,0,6,0,2,5,11,1
"bcl7a",2,34,1,16,0,0,4,0,1,1,0,2
"bcl7bb",11,17,8,9,0,0,0,1,46,6,3,4
"bcl9",0,0,3,0,0,0,2,3,21,6,3,4
"bcl9l",5,24,396,71,0,0,0,2,55,69,83,207
"bco1",3,51,4,8,0,0,0,0,1,0,0,0
"bco2a",9,29,5,3,0,0,7,7,123,3,4,4
"bcorl1",9,16,0,1,0,0,4,2,15,0,0,4
"bcr",0,0,1,2,0,0,2,9,11,2,4,2
"bdh1",141,186,6,2,0,0,13,9,123,3,6,10
"becn1",594,635,13,10,375,408,8,4,16,505,305,549
"best1",11,12,1,7,0,0,1013,357,118,3,4,6
"bet1",443,467,152,87,114,115,42,11,39,608,636,719
"bfsp2",36,64,2,6,35,46,0,0,1,1,0,2
"bgnb",0,0,34,1,0,0,1,9,55,6,11,26
"bhlhe23",0,0,0,0,0,0,2,0,0,7,5,1
"bhlhe40",0,0,16,24,0,0,27,8,92,13,16,20
"bhlhe41",0,0,5,8,0,0,15,7,18,13,7,6
"bhmt",2,42,33,18,0,0,9,33,2291,12,24,24
"bicc1a",1,40,5,0,0,0,0,4,11,0,1,5
"bicc2",6,42,0,2,17,44,1,0,0,1,0,1
"bicd2",6,13,5,6,0,0,6,0,31,16,3,1
"bicdl1",1,6,7,7,0,0,15,1,9,7,3,1
"bicdl2",7,8,334,36,0,0,23,5,14,202,846,445
"bicra",1,9,1,1,36,78,1,2,10,0,5,1
"bin1b",0,0,1,3,0,0,6,0,1,1,0,5
"bin3",135,141,1,0,0,0,0,2,18,1528,1180,977
"birc2",0,0,12,10,0,0,4,1,54,4,2,4
"birc6",2,17,7,9,0,0,7,3,72,8,0,4
"blk",2,14,3,0,0,0,0,0,12,0,1,0
"blm",56,102,4,19,57,89,2,1,4,4,1,8
"blmh",1,9,4,0,0,0,2,2,54,2,0,2
"bloc1s1",0,0,0,1,0,0,4,2,31,91,56,39
"bloc1s2",0,0,0,2,0,0,5,1,14,5,7,10
"bloc1s3",14,59,29,26,4,47,0,0,16,34,35,56
"bloc1s6",23,43,12,4,56,87,19,17,21,144,122,176
"blvrb",0,0,22,2,0,0,3,16,630,10,7,15
"blzf1",0,0,352,586,154,186,25,12,41,581,436,489
"bmb",57,89,0,0,0,0,1,0,3,0,0,1
"bmi1a",0,0,3,1,0,0,2,2,34,3,6,4
"bmp10",51,90,174,26,0,0,0,0,2,9,18,28
"bmp1a",0,0,6,4,30,40,2,32,49,0,1,5
"bmp2k",2,38,1,1,0,0,5,0,14,7,2,1
"bmp3",0,0,7,80,0,0,0,0,0,2,0,0
"bmp6",282,303,3777,1440,0,0,1,2,37,53,2,30
"bmp7a",6,23,80,35,1,19,0,0,6,0,0,0
"bmp7b",0,0,6,1,0,0,0,2,27,0,0,1
"bmp8a",3,45,0,0,0,0,0,3,6,1,1,4
"bmpr1aa",1,30,8,1,0,0,2,1,31,0,0,1
"bmpr2a",2,41,2,8,20,27,6,3,81,4,8,3
"bms1",0,0,5,4,0,0,0,1,56,1,0,4
"bmt2",29,70,7,20,0,0,2,0,23,10,6,11
"bnc2",1,19,7,0,0,0,0,2,11,1,2,1
"bnip1b",0,0,70,38,0,0,0,0,2,126,26,126
"bnip2",5,6,5,2,39,63,0,0,27,4,1,2
"bnip3",0,0,5,1,0,0,0,4,52,0,6,5
"bnip3la",10,39,17,18,0,0,7,2,60,1,0,0
"bnip3lb",3,33,11,3,0,0,3,0,134,1,1,2
"bnipl",1,13,2,1,0,0,0,0,4,16,5,14
"boc",451,464,3,3,0,0,7,0,21,1,1,0
"boka",3,10,4,17,0,0,20,6,54,4,1,1
"bokb",0,0,502,722,0,0,0,0,7,4,1,1
"bola1",0,0,6,0,0,0,1,0,14,1,1,2
"bola3",0,0,5,0,0,0,0,1,5,1,1,0
"bop1",13,57,6,2,0,0,3,6,63,3,6,5
"bora",122,161,139,173,0,0,32,25,20,0,0,0
"borcs5",0,0,1,5,0,0,0,0,7,1,1,1
"borcs7",11,41,2,2,0,0,0,0,7,10,1,29
"borcs8",521,542,291,551,7,29,357,103,71,599,526,471
"bpnt1",659,661,539,1081,345,364,9,3,30,970,729,573
"bptf",1,28,12,9,0,0,11,4,83,8,0,2
"braf",0,0,5,5,0,0,4,6,11,1,1,0
"brap",0,0,2,1,0,0,2,2,13,3,5,3
"brat1",7,14,5,8,0,0,6,15,14,612,492,575
"brcc3",2,15,3,4,0,0,5,2,13,2,7,3
"brd1a",3,27,0,0,0,0,1,0,11,57,14,40
"brd1b",0,0,2,1,0,0,0,0,30,3,3,7
"brd4",1,28,10,9,0,0,3,7,41,4,0,7
"brd7",72,73,1,1,0,0,22,37,146,0,2,0
"brd9",0,0,5,7,0,0,12,0,75,1,5,3
"brf1a",7,36,4,15,0,0,6,6,2,10,3,7
"bri3",1,9,65,38,93,130,0,4,64,37,63,175
"bri3bp",22,60,0,9,0,0,1,0,1,1,1,0
"bricd5",314,355,289,341,0,0,13,3,11,0,0,1
"brms1la",0,0,126,201,0,0,1,0,9,17,6,12
"brms1lb",1181,1185,4,2,0,0,15,1,16,8,8,5
"brox",1,45,10,20,0,0,5,2,21,13,10,16
"brpf1",0,0,2,3,1,26,0,0,41,6,5,5
"brpf3b",13,26,0,2,0,0,3,1,10,1,0,2
"brsk2b",57,73,231,43,21,61,30,77,68,2,0,1
"brwd3",1,13,7,16,0,0,3,0,22,7,1,4
"bsdc1",0,0,4,2,0,0,3,0,41,4,3,5
"bsg",0,0,12,7,37,43,18,4,149,17,29,25
"bsk146",0,0,2,8,31,72,4,2,23,3,1,0
"btaf1",0,0,1,3,0,0,5,5,21,1,1,3
"btbd10b",2,10,6,7,0,0,3,6,58,6,2,6
"btbd11b",1,25,0,10,0,0,4,0,7,4,0,1
"btbd17a",0,0,0,0,0,0,5,0,0,3358,7,1548
"btbd17b",8,11,0,17,0,0,19,1,0,2,4,2
"btbd2b",5,12,6,9,0,0,5,2,24,5,8,7
"btbd3a",1,42,9,5,0,0,1,0,4,5,5,4
"btbd6b",220,295,22,35,126,142,22,20,85,59,21,37
"btbd7",3,21,82,177,0,0,2,2,3,4,2,2
"btd",679,686,378,1040,539,575,10,0,31,1275,618,879
"btg1",1,30,18,3,0,0,45,44,873,12,13,16
"btg3",1,45,0,2,0,0,2,1,18,2,5,5
"btk",2,44,2,1,0,0,0,0,54,0,0,1
"bub3",1,37,1,1,0,0,0,0,13,0,0,0
"bud23",1,46,0,2,0,0,0,0,8,0,0,0
"bxdc2",356,381,469,619,125,130,127,58,70,840,583,624
"bzw1a",7,24,19,7,0,0,10,3,68,10,12,10
"bzw1b",0,0,32,22,0,0,17,13,359,30,22,23
"c19h1orf109",8,34,0,0,0,0,0,0,0,0,1,0
"c1galt1a",60,91,13,334,133,142,4,0,3,4,2,2
"c1qbp",1,41,1,1,0,0,7,0,27,2,0,4
"c1ql4a",0,0,8,8,0,0,1,0,5,0,0,0
"c1qtnf12",2,29,8,0,0,0,0,0,3,0,1,2
"c1qtnf4",0,0,0,0,0,0,2,0,10,6,0,0
"c1qtnf6a",0,0,0,0,0,0,3,2,29,4,10,10
"c2cd2",2,25,1,3,0,0,0,1,5,8,2,4
"c2cd2l",10,30,1,12,0,0,9,0,0,9,12,9
"c2cd3",0,0,2,1,0,0,23,13,57,0,0,1
"c3b.2",1,45,0,0,0,0,0,0,6,0,0,0
"c6",36,69,1,1,0,0,0,0,13,11,90,100
"c7a",6,40,1,0,0,0,0,0,142,0,1,0
"c7b",27,52,32,1,0,0,0,2,29,1,5,10
"c9",0,0,6,4,0,0,0,0,7,2,1,0
"ca16b",4,40,8,8,0,0,0,0,43,3,2,3
"ca2",13,48,12,39,104,107,20,40,158,54,66,55
"ca4a",2,19,38,3,0,0,4,7,221,14,10,5
"ca4b",11,21,0,3,0,0,0,0,0,13,1,2
"ca5a",0,0,8,1,0,0,1,0,4,4,1,5
"ca6",0,0,0,1,0,0,12,0,11,0,4,1
"ca7",5,37,0,16,0,0,183,65,35,11,10,3
"ca8",1,9,2,0,0,0,1,0,6,0,0,0
"cab39",4,24,5,9,0,0,2,0,19,11,4,5
"cab39l",0,0,279,477,0,0,1,1,8,8,4,6
"cab39l1",0,0,11,0,0,0,0,0,6,2,4,14
"cables2a",145,152,128,336,0,0,0,0,0,1,2,1
"cables2b",8,54,0,0,0,0,11,6,19,2,1,0
"cabp1b",1,24,2,18,0,0,12,0,0,5,2,2
"cabp2a",0,0,1,9,0,0,7,0,0,6,1,0
"cabp4",0,0,1,3,0,0,6,0,2,2,5,0
"cabp5a",0,0,19,323,0,0,216,4,5,164,169,195
"cabp7b",4,38,1,3,0,0,1,0,0,10,2,5
"cacna1g",10,37,4,0,0,0,0,0,5,1,0,3
"cacnb1",3,42,0,0,0,0,0,0,1,19,1,1
"cacnb2a",0,0,3,3,0,0,6,4,3,12,1,0
"cacnb2b",2,36,5,9,0,0,13,0,1,5,0,0
"cacng1a",406,423,543,528,1,2,0,0,1,102,104,208
"cacng2a",0,0,1,0,0,0,6,1,8,0,0,2
"cacng4b",1,22,0,1,0,0,2,8,1,0,0,0
"cactin",2,31,109,70,0,0,14,6,81,20,12,17
"cacybp",2,9,2,8,0,0,11,2,48,3,0,4
"cadm1a",0,0,14,5,0,0,3,2,37,3,1,5
"cadm1b",0,0,1,3,0,0,96,0,4,11,9,4
"cadm2a",1,33,1,1,14,16,7,0,0,4,2,0
"cadm3",2,45,17,52,0,0,78,8,62,16,7,5
"cadm4",0,0,9,2,0,0,11,1,5,6,3,4
"cadpsb",10,54,0,8,0,0,4,1,0,8,3,6
"cahz",1,32,23,18,0,0,4,25,297,38,38,48
"calb2a",0,0,4,7,0,0,5,0,3,10,6,5
"calcoco1a",0,0,9,11,0,0,3,4,44,1,2,2
"calcoco1b",12,57,1538,261,0,0,0,0,0,0,0,0
"calcr",1,30,3,5,0,0,0,0,4,1,0,1
"calcrla",0,0,6,1,0,0,0,3,5,1,3,0
"calm1b",5,53,78,78,39,59,61,10,391,66,87,97
"calm2a",7,53,147,130,17,44,132,163,705,118,248,208
"calr",0,0,14,6,0,0,8,2,8,2,4,5
"calr3b",43,64,52,9,0,0,7,13,158,11,23,40
"calua",118,160,1731,13317,24,52,0,1,263,1,3,5
"calub",1,3,23,3,0,0,4,4,156,6,8,8
"camk1a",194,212,1,0,0,0,1,0,0,2,5,3
"camk1b",38,40,18,45,0,0,6,2,14,51,23,18
"camk1gb",4,43,3,14,13,28,28,1,10,38,21,22
"camk2d2",3,21,6,13,0,0,3,0,3,6,3,2
"camkk1a",0,0,66,83,0,0,2,1,4,4,1,0
"camkk1b",7,18,11,23,0,0,16,0,13,12,12,10
"camlg",0,0,1,9,0,0,0,0,6,1,13,8
"camsap2a",1,46,1,1,0,0,8,1,0,1,1,0
"cand1",4,16,8,3,0,0,9,6,40,2,0,4
"cant1b",112,115,154,214,0,0,3,1,15,431,343,506
"canx",0,0,37,27,0,0,12,2,76,45,25,30
"cap1",3,42,1855,693,0,0,15,7,138,824,1028,1464
"cap2",2,13,11,10,35,48,4,1,4,3,2,3
"capgb",0,0,16,1,0,0,0,6,203,2,1,0
"capn12",8,30,1,15,0,0,1,2,53,8,7,3
"capn15",0,0,0,1,0,0,0,0,17,9,2,5
"capn1b",17,39,1,3,2,7,103,44,1092,4,4,4
"capn3b",298,305,0,0,0,0,9,3,7,221,147,205
"capns1b",0,0,24,4,0,0,1,2,54,6,15,34
"caprin1a",0,0,2182,1885,0,0,13,14,83,389,222,281
"caprin1b",2,11,20,1,9,20,9,1,268,14,9,17
"capza1b",0,0,5,3,513,517,2,2,45,1916,853,1387
"capzb",4,27,19,7,0,0,7,12,217,12,18,24
"card11",8,55,4,5,7,30,1,3,55,4,4,3
"card19",0,0,698,171,29,47,0,0,8,2,0,2
"carhsp1",1,7,1,0,0,0,1,1,53,0,1,0
"carmil3",19,56,0,4,0,0,0,0,0,0,0,0
"carnmt1",1,18,2,2,0,0,0,0,7,1,0,0
"cars2",13,25,327,385,0,0,1431,1429,2702,1,2,2
"casc1",1557,1563,32,206,45,63,27,7,8,12,5,7
"casc4",3,9,12,3,0,0,12,9,56,12,4,7
"casd1",9,53,1575,711,0,0,362,356,573,628,825,1012
"caskb",4,35,7,12,0,0,3,1,22,12,13,10
"casp3a",1,23,2,0,0,0,0,0,4,5,0,2
"casp8ap2",9,28,1,4,11,23,1,0,13,6,0,0
"casp9",1,46,0,1,0,0,2,3,20,1,1,1
"casq2",0,0,3,0,81,103,0,0,6,2,0,3
"castor2",1,29,7,0,0,0,0,10,56,5,8,14
"casz1",8,53,5,17,34,40,22,0,15,19,3,8
"cat",0,0,3,0,0,0,1,7,112,5,2,1
"cav1",1,28,56,3,0,0,0,1,30,17,37,42
"cav3",8,35,43,5,0,0,0,0,0,0,27,39
"cavin1b",0,0,47,6,0,0,28,38,582,30,18,24
"cavin2a",3,13,24,13,0,0,12,6,16,74,43,29
"cbfa2t2",0,0,5,0,0,0,0,5,35,1,0,5
"cbfa2t3",0,0,2,9,0,0,1,0,9,2,0,1
"cbfb",0,0,7,1,0,0,0,2,16,1,0,0
"cbl",6,38,6,19,0,0,3,4,20,14,5,6
"cblc",3,5,0,0,0,0,1,0,14,0,0,0
"cbll1",4,15,3,0,0,0,4,2,27,4,1,0
"cbln4",5,49,0,2,0,0,2,0,0,0,0,0
"cbr1",9,33,45,47,0,0,32,20,50,5,6,18
"cbwd",25,33,5,28,0,0,13,0,7,3,18,15
"cbx2",1,22,0,0,0,0,2,3,21,0,0,0
"cbx3a",0,0,19,14,0,0,10,8,80,12,16,11
"cbx3b",0,0,1,5,0,0,2,0,5,2,6,1
"cbx4",0,0,13,8,0,0,0,0,30,10,2,14
"cbx5",0,0,42,33,0,0,16,8,86,34,40,20
"cby1",2,18,6,5,0,0,3,2,17,2,2,3
"cc2d2a",0,0,8,11,37,68,2,6,16,4,1,1
"ccar1",0,0,7,5,34,64,21,2,65,7,0,5
"ccdc102a",2,27,5,0,20,22,1,1,61,4,1,1
"ccdc106a",4,46,2,0,30,45,1,0,16,2,1,0
"ccdc114",23,38,0,1,0,0,0,0,1,2,5,4
"ccdc115",1,41,1,1,0,0,0,1,14,0,2,2
"ccdc12",1,25,25,182,0,0,0,0,32,1,0,2
"ccdc120",1,14,1,0,0,0,0,0,9,0,0,0
"ccdc124",0,0,0,1,0,0,6,1,36,1,2,2
"ccdc136b",0,0,24,14,0,0,5,21,146,20,8,6
"ccdc137",7,55,3,2,148,151,0,0,4,52,220,205
"ccdc149b",0,0,1430,884,0,0,8,4,6,0,0,2
"ccdc153",50,53,0,0,0,0,51,57,55,0,1,0
"ccdc167",173,183,1,7,0,0,2,2,3,2,0,3
"ccdc174",11,57,2,1,0,0,2,1,7,0,1,2
"ccdc181",206,251,1,1,0,0,12,0,5,5,5,5
"ccdc186",0,0,0,4,0,0,0,3,19,6,5,11
"ccdc191",37,59,0,1,0,0,7,0,5,0,0,0
"ccdc28a",2,6,3,2,0,0,0,2,14,2,2,0
"ccdc28b",4,10,2,3,0,0,10,1,2,0,0,0
"ccdc30",1,12,0,5,0,0,1,1,3,0,0,0
"ccdc43",2,42,12,3,0,0,1,0,5,0,1,1
"ccdc47",10,33,6,16,0,0,15,6,70,15,12,19
"ccdc51",0,0,2100,1883,0,0,5,0,1,3331,4684,3494
"ccdc58",0,0,0,0,0,0,23,9,11,0,2,0
"ccdc80",5,20,25,1,0,0,7,5,157,10,11,13
"ccdc84",0,0,0,0,0,0,41,17,19,0,0,1
"ccdc85al",14,32,0,13,0,0,0,0,0,5,1,1
"ccdc85cb",2,36,2,2,0,0,10,59,33,1,5,2
"ccdc88b",2,48,0,0,0,0,1,0,26,0,0,1
"ccdc9",8,9,0,3,0,0,11,8,84,0,2,4
"ccdc90b",0,0,5,1,0,0,1,0,16,1,1,2
"ccdc92",0,0,570,345,0,0,4,0,2,0,0,0
"ccdc93",0,0,7,8,0,0,2,3,25,5,1,1
"ccdc96",0,0,47,62,0,0,0,1,0,0,29,0
"ccdc97",2,3,3,4,0,0,3,2,15,5,1,1
"ccl25b",1,31,145,7,0,0,23,82,967,14,185,210
"ccm2",16,55,21,3,0,0,2,1,12,6,2,11
"ccm2l",0,0,7,0,0,0,3,1,15,1,2,0
"ccn1",1,3,28,7,0,0,14,6,239,1,12,16
"ccn1l2",1,49,2,1,0,0,0,0,61,0,1,0
"ccn2a",0,0,15,3,0,0,6,10,439,12,2,9
"ccn4a",1,2,4,2,0,0,3423,303,513,0,2,3
"ccn6",64,112,96,182,8,19,310,120,97,120,81,94
"ccnc",10,15,4,6,41,43,3,2,12,6,0,7
"ccnd1",12,21,5,6,0,0,0,0,1,12,3,6
"ccnd2a",0,0,17,1,0,0,1,3,26,1,5,7
"ccnd2b",0,0,12,0,0,0,0,1,23,7,6,4
"ccndbp1",1,29,1,2,0,0,2,2,83,2,0,0
"ccne1",2,5,4,9,0,0,0,1,3,1,0,0
"ccnf",8,23,1,0,0,0,1,2,4,6,2,9
"ccng2",4,17,336,314,9,17,2,1,19,14,8,15
"ccnh",56,90,1093,778,32,48,4,5,18,5,5,8
"ccni",6,26,51,15,37,72,9,20,625,13,10,23
"ccni2",277,310,36,401,259,264,348,5,18,313,170,208
"ccnl1a",6,20,7,9,1,2,8,2,70,2,2,6
"ccnq",1,6,1,3,0,0,0,0,6,1,5,0
"ccnt1",0,0,1,3,0,0,4,2,7,10,0,6
"ccnt2a",1,49,86,25,0,0,5,14,26,0,1,0
"ccnt2b",1,11,1,2,0,0,2,0,14,0,0,0
"ccnyl1",2,41,51,315,0,0,25,2,21,2,0,1
"ccr9b",3,6,0,0,0,0,0,0,9,2,7,5
"ccser1",3,21,0,8,0,0,1,4,1,5,0,4
"cct2",0,0,10,8,0,0,8,14,226,6,5,5
"cct3",1,42,51,10,0,0,23,22,622,12,18,33
"cct4",0,0,29,61,0,0,14,12,519,5,14,16
"cct5",214,237,1078,508,0,0,70,263,441,9,7,6
"cct6a",0,0,35,11,32,63,16,9,358,11,12,21
"cct7",0,0,9,14,86,121,5,6,192,1632,303,626
"cd226",5,26,0,1,0,0,2,0,1,0,1,0
"cd248a",0,0,9,1,0,0,1,0,41,9,5,2
"cd276",1,38,4,3,0,0,1,0,67,0,3,4
"cd2bp2",1,23,8,2,0,0,3,4,99,6,1,10
"cd302",0,0,9,0,0,0,0,3,31,6,10,9
"cd3eap",75,118,6,6,0,0,6,3,14,165,80,75
"cd59",6,14,0,0,14,22,30,0,18,4,0,0
"cd63",6,35,319,374,100,126,4,20,267,230,262,270
"cd81b",1,33,5,0,0,0,1,0,28,2,4,1
"cd82b",0,0,7,6,18,38,3,1,23,1,2,1
"cd99",0,0,7,0,0,0,0,2,109,4,0,5
"cd9a",256,274,5,2,79,85,3,1,18,298,183,147
"cd9b",131,162,212,295,23,49,15,3,202,8,11,10
"cdadc1",459,460,1951,1071,0,0,0,0,4,17,10,11
"cdan1",4,47,12,6,0,0,2,1,9,3,1,0
"cdc123",1,11,1,3,0,0,9,2,19,1,0,0
"cdc14ab",1,31,3,22,0,0,4,1,2,3,1,3
"cdc23",17,36,71,38,0,0,0,0,9,30,15,54
"cdc27",2,21,11,4,0,0,6,2,118,2,0,0
"cdc40",153,178,1275,323,4,37,157,607,844,281,255,361
"cdc42",0,0,7,1,0,0,3,4,31,7,6,2
"cdc42bpab",2,39,8,5,5,26,9,4,110,3,3,1
"cdc42bpb",4,13,10,9,0,0,7,12,62,17,6,15
"cdc42ep1a",94,140,743,175,0,0,0,0,0,175,158,470
"cdc42ep1b",1,45,12,3,0,0,5,3,48,4,0,5
"cdc42ep4b",0,0,4,1,0,0,6,4,47,2,0,0
"cdc42ep5",101,103,395,300,35,42,0,2,27,436,261,289
"cdc42l",0,0,12,1,0,0,0,1,23,1,1,5
"cdc42se2",53,74,56,58,0,0,5,0,2,64,96,62
"cdc45",1,44,7,1,0,0,0,0,0,13,1,0
"cdc7",80,113,93,137,0,0,0,0,4,0,1,0
"cdc73",3,14,26,9,0,0,49,151,346,7,7,16
"cdca4",1,40,7,2,0,0,3,10,13,2,7,3
"cdca8",45,90,0,0,0,0,0,0,2,0,0,0
"cdcp1a",34,52,0,1,0,0,0,0,0,0,0,0
"cdh11",0,0,4,1,0,0,2,2,70,0,0,5
"cdh15",385,391,329,944,0,0,7,3,4,8,1,0
"cdh16",10,48,0,2,0,0,0,0,0,1,0,0
"cdh2",0,0,6,1,0,0,21,26,74,7,2,3
"cdh24a",10,22,3,16,0,0,0,0,3,2,1,5
"cdh24b",0,0,0,0,0,0,80,23,17,0,0,0
"cdh5",1,49,17,0,0,0,0,2,89,25,9,14
"cdhr1a",1,6,1,11,0,0,43,1,8,10,16,3
"cdip1",0,0,1,5,0,0,6,6,11,314,575,466
"cdipt",58,84,1,4,0,0,0,0,5,4,6,0
"cdk1",6,34,0,4,0,0,0,0,15,0,0,0
"cdk10",0,0,0,9,0,0,11,2,3,9,2,4
"cdk12",10,26,15,6,0,0,23,7,32,15,12,12
"cdk14",5,7,5,3,0,0,1,1,10,0,0,2
"cdk17",1,8,5,6,0,0,24,88,174,4,3,3
"cdk19",2,16,4,1,0,0,9,1,1,3,0,2
"cdk20",3,33,5,0,0,0,0,0,2,4,0,8
"cdk2ap2",1802,1833,0,1,0,0,1,0,12,2,2,5
"cdk5r1b",434,467,1,9,0,0,0,0,1,0,0,0
"cdk5r2b",1,33,1,8,0,0,19,0,0,18,12,11
"cdk5rap3",0,0,7,0,0,0,13,89,194,1,5,0
"cdk8",7,12,3,5,0,0,3,0,9,2,3,10
"cdkl1",5,45,4,3,0,0,50,31,44,10,2,6
"cdkl5",5127,5128,4,13,32,59,4,0,0,5,1,1
"cdkn1bb",2,30,4,1,0,0,0,1,3,7,4,1
"cdkn2a/b",1,41,1,0,0,0,1,2,10,0,1,0
"cdkn2aip",0,0,38,62,0,0,1,2,28,56,32,36
"cdkn2aipnl",3,38,0,0,0,0,0,1,26,0,2,0
"cdo1",0,0,2,1,0,0,19,1,6,1,9,11
"cdon",11,55,14,34,0,0,2,0,25,1,1,6
"cdr2a",1,45,5,37,0,0,27,4,32,18,14,19
"cdr2l",31,53,50,74,0,0,7,4,9,6,6,8
"cds1",5,52,1,7,0,0,2,0,3,15,9,16
"cds2",0,0,3,4,0,0,0,2,20,6,5,2
"cdt1",7,35,489,405,0,0,2,10,26,16,7,3
"cdv3",0,0,5,2,0,0,0,2,12,0,2,1
"cdyl",5,42,1,9,0,0,6,0,27,68,19,19
"cebpa",0,0,4,1,0,0,1,14,22,1,2,8
"cebpb",2,48,28,8,0,0,10,5,72,4,9,37
"cebpd",1,40,20,6,0,0,3,10,39,5,5,37
"celf2",1,16,11,2,0,0,0,2,19,4,2,10
"celf3b",1,12,1,4,0,0,6,0,0,5,1,2
"celsr1a",0,0,5,0,0,0,0,0,28,0,0,2
"celsr2",3,10,16,6,0,0,0,0,4,9,3,8
"celsr3",1,6,4,2,0,0,2,1,16,2,0,6
"cemip",3,46,4,45,0,0,2,0,5,0,4,0
"cemip2",0,0,7,3,0,0,0,2,53,0,0,0
"cenpl",6,7,3,0,0,0,301,72,91,3,6,11
"cenpv",0,0,1,3,0,0,34,13,19,2,5,1
"cep104",12,42,219,42,0,0,1,1,21,52,27,81
"cep131",2,3,7,4,0,0,12,32,50,0,1,4
"cep135",1,29,720,129,0,0,0,4,6,1,0,4
"cep170aa",2,36,4,2,0,0,8,3,9,1,0,2
"cep19",214,235,2,1,0,0,1,0,1,3,2,0
"cep290",151,174,48,123,60,75,281,83,118,142,77,114
"cep350",0,0,0,0,0,0,3,0,21,3,1,5
"cep72",53,79,1888,5495,0,0,2,2,4,34,9,15
"cep83",5,46,430,111,0,0,8,30,44,7,3,7
"cep85",2,22,18,31,0,0,4,1,5,23,23,23
"cep89",14,29,2,0,0,0,2,0,1,0,0,1
"cers1",0,0,1,3,0,0,6,0,6,5,3,5
"cers2a",0,0,1,0,0,0,2,6,38,1,3,7
"cers4b",0,0,1,4,0,0,7,0,11,13,18,6
"cers5",546,584,378,479,0,0,2,2,33,1,0,1
"cers6",0,0,2,0,0,0,1,0,15,3,5,5
"cert1b",30,78,0,4,0,0,15,0,18,16,15,7
"cetn3",0,0,3,1,0,0,2,1,9,3,5,8
"cetn4",19,42,0,2,0,0,2,0,3,41,37,33
"cfap20",0,0,3,0,11,41,0,1,5,1,1,0
"cfap298",2,34,70,29,0,0,3,117,39,13,7,9
"cfap300",92,109,1290,361,40,77,0,0,4,28,63,81
"cfap36",1,39,2,6,0,0,19,1,19,7,2,2
"cfap410",0,0,38,25,0,0,0,7,15,34,41,78
"cfl1",0,0,160,82,1,40,8,4,176,102,135,193
"cfl1l",25,42,35,8,0,0,12,14,488,10,10,41
"cgas",0,0,10,13,0,0,1,0,0,0,0,0
"cgnl1",2,19,9,0,38,77,2,1,52,4,10,9
"ch25hl3",6,12,25,6,0,0,7,0,28,1,3,0
"chac1",1,31,2,4,0,0,15,1,218,6,5,15
"chadlb",135,172,20,25,0,0,1,9,28,2,0,0
"chchd1",0,0,6,1,0,0,0,0,18,1,2,1
"chchd10",3,12,127,120,0,0,87,15,39,16,8,7
"chchd2",1,43,4,14,0,0,14,3,28,30,29,15
"chchd3a",0,0,2,10,0,0,20,3,19,17,4,11
"chchd4a",23,62,0,4,0,0,3,0,2,2,0,0
"chchd6b",0,0,3,3,0,0,4,2,16,5,1,3
"chd1",1,28,1,7,0,0,11,4,64,8,3,6
"chd1l",1,34,3,1,0,0,4,2,5,2,0,0
"chd2",2,40,8,3,0,0,19,14,111,9,3,13
"chd4a",298,327,14,25,0,0,17,12,111,14,6,13
"chd7",0,0,18,17,6,48,9,4,32,5,4,6
"chd8",6,23,2,12,75,104,6,4,50,11,6,9
"chd9",1,14,12,14,32,54,5,2,26,16,1,8
"chdh",65,110,1,18,37,41,4,0,5,1263,456,683
"cherp",3,41,9,12,0,0,6,1,31,5,7,8
"ches1",3,20,4,5,0,0,2,1,12,7,3,4
"chfr",537,579,523,1014,0,0,22,24,9,62,23,50
"chia.4",162,187,0,0,0,0,39,36,22,440,624,546
"chic1",1,7,4,1,0,0,0,0,9,0,0,0
"chic2",0,0,5,3,0,0,2,2,6,4,11,3
"chico",1,48,6,4,0,0,0,0,3,7,5,9
"chid1",23,62,21,29,0,0,11,3,16,4,4,4
"chka",0,0,4,0,0,0,14,0,10,1,0,0
"chkb",1,10,1,11,0,0,5,0,11,1,3,1
"chl1b",0,0,0,0,0,0,7,3,7,0,0,1
"chmp1b",5,48,13,9,0,0,4,2,65,12,21,6
"chmp2a",0,0,12,6,0,0,1,5,55,8,6,8
"chmp3",0,0,8,5,1,9,6,7,75,4,4,5
"chmp5b",0,0,496,381,187,213,14,9,82,224,165,265
"chmp7",639,687,92,930,0,0,3,1,40,0,0,1
"chn2",5,51,0,3,0,0,3,0,1,0,0,0
"chp1",0,0,1,0,0,0,0,7,14,1,3,2
"chp2",0,0,24,100,0,0,1,1,61,6,1,0
"chpf2",3,11,2,1,0,0,3,2,16,1,0,5
"chpt1",0,0,230,237,60,69,4,0,9,226,174,346
"chrac1",42,78,60,66,0,0,2,0,3,0,0,0
"chrd",0,0,8,0,0,0,0,5,52,0,0,3
"chrdl2",0,0,13,0,0,0,4,5,88,2,4,5
"chrm5a",13,21,1,2,0,0,0,0,1,3,3,14
"chrna4b",3,22,3,8,0,0,0,0,1,3,0,0
"chrna6",0,0,0,9,0,0,7,0,2,0,0,0
"chrna7",17,55,0,0,0,0,0,0,0,0,0,0
"chrnb3a",3,27,0,5,0,0,5,0,2,2,3,0
"chrnb5a",0,0,0,1,10,14,1,0,0,0,0,0
"chs1",1,27,0,2,0,0,7,7,10,3,0,2
"chst12a",6,19,0,0,0,0,18,69,79,2,4,5
"chst12b",0,0,5,0,0,0,0,0,11,5,10,7
"chst14",80,96,61,64,17,46,13,10,7,23,9,11
"chst15",0,0,5,0,0,0,0,0,33,0,1,0
"chst6",0,0,0,0,0,0,2,12,49,0,1,1
"chst7",19,43,7,30,81,89,28,1,19,13,4,18
"chsy1",1,49,2,3,0,0,2,2,16,4,1,5
"chsy3",3,19,5,14,0,0,14,0,1,9,3,12
"chtopa",24,66,6,4,0,0,5,7,63,3,6,1
"churc1",289,330,2,2,0,0,4,2,48,3,4,3
"ciao1",4,46,2311,2865,0,0,6,6,49,7,5,7
"ciao2b",0,0,7,1,0,0,2,0,20,0,0,1
"ciapin1",74,83,233,139,12,45,2,0,50,5,4,6
"cib1",100,108,13,58,179,219,77,14,49,254,187,177
"cicb",1,3,2,22,0,0,9,5,64,12,1,6
"cilp",1,19,1,6,0,0,0,1,2,1772,1754,2428
"cilp2",9,35,8,13,33,63,0,2,3,5,0,0
"cinp",7,23,769,1012,429,432,0,0,6,1042,598,974
"cipca",107,123,8,67,0,0,0,0,5,5,0,2
"cirbpb",8,56,140,56,0,0,49,20,987,69,96,102
"cisd2",3,10,1234,8290,0,0,541,19,37,21,10,8
"cish",134,143,243,118,96,118,6,0,17,109,92,205
"citb",3,23,2,0,0,0,55,184,188,11,8,3
"cited4a",0,0,1,2,0,0,2,0,7,2,0,7
"cited4b",1,39,3,0,0,0,4,2,12,4,5,3
"ckap5",2,25,8,5,0,0,21,2,82,11,8,5
"ckbb",4,35,46,231,0,0,306,19,721,155,151,176
"ckma",55,101,2,20,242,245,39,3,6,775,305,404
"ckmt2a",3,50,22,98,0,0,76,6,219,3074,4192,4777
"clasp1a",0,0,2,3,0,0,9,0,45,5,1,1
"clasp2",1,6,8,9,0,0,17,3,62,8,0,1
"clasrp",1,22,2,5,0,0,3,1,16,1,0,3
"clcf1",106,146,5,0,0,0,2,1,14,3,1,3
"clcn1b",3,40,0,6,1,43,1,0,0,4,0,2
"clcn2a",7,48,0,2,0,0,3,4,3,21,2,13
"clcn3",0,0,7,14,0,0,5,6,12,13,3,10
"clcn4",0,0,4,2,0,0,2,0,1,13,14,8
"clcn5b",11,25,3,10,0,0,2,5,44,2,0,3
"clcn6",40,47,1,1,0,0,3,0,4,0,2,3
"clcn7",0,0,5,0,0,0,0,0,6,1,0,5
"cldn1",11,28,16,8,0,0,15,1,3,18,14,28
"cldn11a",4,27,2,0,37,83,2,0,8,3,1,2
"cldn11b",7,55,4,1,0,0,0,2,5,1,0,0
"cldn15b",137,169,1759,609,18,54,1,5,1,28,53,40
"cldn15lb",0,0,741,247,311,352,16,31,43,1353,666,1274
"cldn19",1,12,11,3,0,0,18,0,11,6,9,22
"cldn23a",5,30,0,0,0,0,0,0,0,0,0,0
"cldn5b",3,24,5,0,0,0,0,1,10,5,0,4
"cldn7b",0,0,0,0,0,0,1,0,2,365,321,398
"cldnd1a",0,0,6,17,0,0,16,2,1,1,2,2
"clec11a",7,40,4,0,116,132,6,107,34,2,8,6
"clec16a",2,68,17,14,0,0,8,2,14,6,4,0
"clec3bb",30,56,3,0,0,0,0,0,3,3,2,1
"clgn",7,54,9,8,0,0,6,0,25,16,7,13
"clic1",2,39,2,1,241,255,0,0,25,748,4903,3462
"clic2",0,0,3,1,0,0,7,8,148,1,6,7
"clic4",3,39,25,3,0,0,5,5,173,0,2,2
"clint1a",0,0,4,0,0,0,3,10,20,6,3,5
"clip2",4,47,4,11,0,0,10,0,12,37,24,20
"clip3",0,0,3,35,0,0,11,1,17,15,5,1
"clk2a",0,0,2,1,0,0,5,2,40,2,1,2
"clk4a",2,12,7,1,0,0,3,2,19,1,2,0
"cln5",1,39,2,6,0,0,2,0,10,2,131,3
"cln6a",4,15,3,6,0,0,5,11,6,0,0,1
"cln6b",4,50,89,71,0,0,0,0,0,86,42,52
"cln8",8,9,0,2,0,0,0,0,4,1,0,1
"clns1a",0,0,1,1,0,0,9,1,96,1,1,0
"clp1",0,0,2,3,0,0,1,0,23,1,1,5
"clpp",0,0,1046,247,38,66,3,1,31,226,276,398
"clptm1",1,19,7,7,0,0,64,6,26,17,8,9
"clpxb",2,14,12,8,0,0,3,2,25,20,10,14
"clrn1",24,63,0,5,0,0,5,0,2,3,4,0
"clstn1",8,41,22,47,0,0,69,11,56,74,57,63
"clstn2",0,0,4,5,0,0,27,0,0,6,4,13
"clstn3",2,32,1,35,0,0,17,0,10,70,4,29
"clta",0,0,10,16,0,0,6,1,96,9,20,12
"cltb",1,25,5,2,245,274,3,0,83,762,1143,999
"cltcl1",0,0,1,4,0,0,3,1,52,2,6,2
"clu",1,45,69,48,0,0,82,135,3085,48,48,61
"cluha",6,20,14,24,31,70,6,4,28,15,8,10
"clul1",11134,11160,4644,20507,31,56,326,7,83,15351,13443,7684
"cmbl",0,0,0,2,458,491,0,3,40,5,1,0
"cmc1",1,44,2,0,0,0,6,1,23,2,6,3
"cmc2",280,325,1,2,0,0,0,1,3,339,222,212
"cmlc1",0,0,6,2,19,23,0,0,0,0,0,0
"cmtm3",0,0,2,0,0,0,0,5,16,0,0,0
"cmtm4",77,78,190,28,11,49,2,1,11,14,12,8
"cmtr1",6,49,3,5,0,0,4,0,29,1,2,3
"cmya5",2,41,107,125,0,0,0,0,0,299,216,253
"cnbpa",1,30,79,52,0,0,12,22,120,18,52,34
"cndp2",0,0,9,2,0,0,5,9,69,0,0,2
"cnga1a",107,114,28,247,0,0,876,24,130,289,158,196
"cnga1b",0,0,40,342,0,0,355,11,120,0,0,0
"cnga2b",2,15,3,3,0,0,0,0,0,474,572,552
"cnga3a",5,28,17,41,0,0,41,4,10,13,8,8
"cngb1b",1,9,1,0,0,0,40,2,50,5,1,1
"cnih1",1,2,5,10,0,0,2,0,0,10,9,8
"cnksr1",7,32,7,29,0,0,45,6,10,29,19,19
"cnksr2b",0,0,4,1,0,0,6,5,3,3,3,4
"cnn1b",0,0,819,1141,0,0,2,0,16,1,1,1
"cnnm4a",15,23,1,22,0,0,32,1,8,26,7,6
"cnot1",2,43,11,6,0,0,7,5,72,12,1,3
"cnot10",5,42,0,2,0,0,3,0,14,3,0,9
"cnot11",1,23,7372,1442,0,0,176,548,1254,1386,1496,4794
"cnot2",0,0,8,5,0,0,1,1,48,3,8,5
"cnot3a",651,672,510,968,303,306,11,7,56,9,3,1
"cnot3b",0,0,3,1,0,0,6,0,21,1,0,1
"cnot4a",0,0,6,0,0,0,0,0,8,2,0,0
"cnot6l",1,26,1,2,0,0,1,2,13,0,2,1
"cnot7",1753,1772,757,3525,1285,1314,27,3,30,4484,2569,2815
"cnot8",69,77,105,147,0,0,1,0,22,116,75,160
"cnot9",2,19,0,3,0,0,2,0,16,70,17,28
"cnppd1",1,35,4,4,0,0,3,0,16,7,5,5
"cnpy3",0,0,11,5,0,0,7,7,61,7,6,5
"cnrip1a",3,18,0,21,0,0,8,1,3,1,2,9
"cntn1b",2,6,1,3,0,0,9,2,2,7,7,3
"cntn3a.1",0,0,13,17,0,0,7,0,16,8,9,12
"cntn4",7,40,3,4,0,0,3,0,0,4,1,4
"cntnap1",0,0,0,2,32,50,7,0,0,2,0,4
"cntnap5a",1,23,0,0,0,0,5,1,2,0,0,0
"coa3a",397,431,95,141,0,0,1,0,14,1,2,7
"coa5",0,0,0,4,0,0,5,2,19,0,1,2
"coa6",0,0,0,1,0,0,1,2,8,153,1292,1587
"coa8",1,45,0,0,0,0,2,50,119,0,0,1
"coasy",2,35,719,162,0,0,2,6,38,470,497,1017
"cobl",8,52,3,6,0,0,2,1,16,7,3,2
"coch",3,14,73,8,0,0,4,15,48,0,0,3
"cog1",82,87,2,3,0,0,3,1,27,2,1,0
"cog2",0,0,0,2,0,0,52,11,17,0,2,3
"cog3",8,39,1,1,0,0,0,0,6,2,7,7
"cog4",2,30,32,473,0,0,5,2,20,6177,3750,3902
"cog6",2,11,0,1,0,0,3,2,6,0,1,1
"cog7",12,49,2,2,0,0,6,0,13,8,11,8
"col10a1b",95,113,96,66,0,0,1,3,7,93,61,44
"col11a1a",0,0,4,3,0,0,7,9,281,9,1,1
"col1a1b",0,0,66,3,0,0,63,106,7412,10,7,16
"col1a2",0,0,94,1,42,51,63,247,10714,20,22,47
"col2a1a",0,0,4,2,4,7,1,4,32,18,0,2
"col4a1",1,37,21,1,0,0,8,23,592,8,3,4
"col5a2a",2,3,20,6,21,47,175,19,479,0,1,4
"col6a1",0,0,49,1,35,69,14,52,890,36,2,11
"col8a2",2,9,66,5,0,0,3,5,97,7,24,14
"col9a3",51,69,55,22,0,0,0,2,21,9,0,4
"colec12",0,0,7,1,0,0,0,3,31,2,0,3
"colgalt1",5,43,3,2,0,0,3,0,14,0,4,0
"colgalt2",0,0,7,9,0,0,0,1,31,1,0,0
"commd1",3,13,3,0,0,0,2,0,9,0,0,0
"commd2",0,0,6,1,0,0,0,0,16,0,0,2
"commd3",0,0,4,0,0,0,3,3,66,6,3,3
"commd7",10,49,2,2,0,0,0,1,17,8,13,13
"comp",747,792,1,1,0,0,0,0,0,0,0,0
"comtb",0,0,6,1,0,0,0,2,40,4,2,1
"cop1",0,0,4,3,0,0,0,0,4,7,10,8
"copa",0,0,6,5,0,0,6,5,110,4,4,3
"copb1",0,0,8,3,0,0,4,5,96,4,1,6
"copb2",0,0,11,10,0,0,3,1,2,6,6,11
"cope",0,0,16,9,0,0,8,7,188,13,9,9
"copg2",430,440,532,744,145,163,180,142,295,11,7,11
"cops2",0,0,7,6,0,0,6,4,33,0,5,5
"cops3",3,8,3,2,0,0,2,5,44,42,18,40
"cops7a",2,41,7,3,0,0,2,1,35,1,3,3
"copz1",0,0,28,21,0,0,2,0,89,8,29,17
"copz2",5,48,3,4,4,41,0,0,14,1,5,0
"coq10b",3,13,6,3,0,0,2,0,9,0,0,0
"coq3",20,62,2,23,0,0,3,2,13,7,14,6
"coq4",0,0,2,2,0,0,45,15,5,1,0,0
"coq6",0,0,30,64,0,0,27,0,13,1,1,2
"coq7",0,0,0,1,0,0,3,0,2,5,3,8
"coq8aa",1,12,11,21,29,63,14,1,98,11,4,3
"corin",1,39,1,0,0,0,1,0,22,1,1,0
"coro1a",0,0,8,5,0,0,0,5,369,2,4,21
"coro1b",0,0,2,7,0,0,9,12,85,10,2,13
"coro2a",0,0,1,2,37,64,0,0,0,1,0,0
"coro2ba",7,17,1333,3304,988,997,14,0,55,4,6,1
"coro7",0,0,7,1,0,0,0,3,27,1,3,7
"cox10",0,0,4,6,0,0,5,0,17,8,9,10
"cox15",636,643,3,2,198,227,2,0,8,689,420,528
"cox16",0,0,2,7,0,0,2,0,23,0,1,0
"cox17",0,0,0,2,0,0,0,0,24,1,5,1
"cox18",19,21,1919,2220,38,39,9,2,28,1,0,2
"cox19",4,18,0,1,0,0,6,0,20,1,0,2
"cox4i1",0,0,30,40,30,63,44,7,427,37,34,37
"cox4i2",0,0,10,1,265,304,6,3,153,1,17,5
"cox5ab",0,0,4,2,0,0,11,7,103,5,10,6
"cox5b2",21,26,8,16,145,149,14,2,96,15,14,9
"cox6a1",6,28,22,21,33,37,9,10,52,20,30,26
"cox6b1",6,26,1,15,61,98,0,0,3,0,4,0
"cox6b2",0,0,15,20,0,0,14,8,98,3,4,6
"cox7a1",2,5,1,0,0,0,1,1,13,0,0,1
"cox7a2l",1,22,2,0,0,0,1,1,59,0,2,1
"cp",0,0,0,2,0,0,0,5,32,0,0,0
"cpb2",0,0,0,1,0,0,6,8,11,0,0,0
"cpda",0,0,10,3,35,62,4,2,43,4,4,1
"cpdp",2,10,5,15,18,24,79,35,72,8,15,16
"cpe",4,44,25,123,0,0,93,0,120,127,108,93
"cpeb3",99,121,8,13,0,0,3,8,12,13,6,5
"cpeb4a",2,9,8,4,0,0,0,0,5,5,0,5
"cplx4a",0,0,26,244,31,72,139,7,169,71,54,38
"cplx4c",0,0,8,16,0,0,42,5,10,8,14,13
"cpm",2,44,0,8,0,0,4,0,0,0,0,0
"cpn1",0,0,13,0,0,0,4,4,335,6,4,10
"cpne1",0,0,14,3,0,0,2,1,21,3,1,4
"cpne3",1,4,15,1,0,0,2,8,91,3,1,7
"cpo",1,44,60,50,0,0,144,58,54,0,2,2
"cpox",13,30,73,46,24,45,3,1,44,83,41,76
"cpsf1",0,0,1,3,0,0,16,11,45,7,0,1
"cpsf2",21,22,7,10,0,0,18,16,51,16,8,20
"cpsf3",505,524,1484,1190,539,579,61,85,173,1230,692,1087
"cpsf4",2328,2371,5715,6875,0,0,0,1,24,4730,7493,6326
"cpsf6",1,47,5,0,0,0,9,3,74,9,4,1
"cpt1ab",30,65,5,4,25,59,6,2,22,5,5,11
"cpt1b",0,0,391,378,0,0,0,3,9,0,0,0
"cpt1cb",1,39,2,0,0,0,1,9,40,12,0,5
"cpt2",341,355,2040,1856,807,836,4,3,10,1455,2008,1806
"cptp",7,23,1,1,0,0,0,0,2,3,2,1
"cpxm1a",35,69,33,138,0,0,5,3,46,2,0,3
"cpxm1b",2,34,2,1,0,0,0,0,13,6,0,0
"crabp2a",0,0,18,2,0,0,3,0,54,1,11,11
"cracr2ab",107,140,0,0,0,0,0,1,13,0,0,1
"cramp1",88,105,892,184,0,0,1,3,14,175,175,192
"crata",5,50,891,94,0,0,0,1,21,4,1,3
"crb1",16,26,3,14,0,0,8,6,54,9,11,1
"crbn",0,0,2,9,0,0,5,1,17,10,9,9
"crcp",0,0,0,0,0,0,44,27,71,0,0,0
"creb3l2",1,45,4,0,0,0,0,4,13,0,2,8
"crebbpa",2,43,7,3,0,0,2,0,20,5,0,1
"crebl2",1,41,4,9,0,0,11,4,152,2,5,3
"crebrf",1,47,3,1,31,58,0,2,11,5,5,6
"creg1",0,0,30,5,0,0,0,0,47,7,10,16
"creg2",4,37,28,20,63,77,7,13,78,106,95,139
"creld1b",1,18,11,14,0,0,0,0,0,0,1,0
"creld2",0,0,4,1,25,54,3,3,50,0,0,0
"crip2",2,36,23,28,0,0,21,8,424,56,36,49
"crip2l",0,0,0,3,0,0,4,5,11,0,2,1
"cript",0,0,2,8,0,0,4,3,71,1,3,1
"crispld1a",1,4,1,0,0,0,0,5,16,2,0,0
"crispld2",0,0,4,0,3,43,0,0,3,0,1,5
"crk",1,20,9,6,0,0,0,0,14,5,8,2
"crkl",0,0,19,8,0,0,0,1,44,7,5,7
"crlf1a",0,0,8,1,0,0,0,4,85,0,3,4
"crlf1b",580,621,251,243,0,0,5,6,6,536,268,261
"crlf3",2,13,2,6,0,0,90,53,70,1,3,4
"crls1",14,62,2,3,0,0,2,1,11,1,1,1
"crmp1",37,49,0,16,0,0,17,0,1,5,3,1
"crnkl1",502,523,1436,1865,99,106,927,443,627,774,1218,927
"crp1",0,0,0,1,0,0,9,0,1,1,0,6
"crtac1a",3,7,190,1328,0,0,6,3,53,3,7,9
"crtap",1,33,6,0,0,0,0,1,72,4,5,2
"crtc1a",1,10,0,1,0,0,4,1,2,7,0,0
"crx",24,25,13,22,0,0,26,1,9,27,20,14
"cry-dash",2,30,3,1,0,0,2,4,22,4,4,2
"cry1a",0,0,576,454,95,128,16,3,87,839,893,735
"cry2",1,9,12,10,0,0,2,0,23,3,0,7
"cry3b",2,12,4,8,37,60,4,1,20,13,3,7
"cryaa",11,46,3,7,0,0,4,0,10,0,1,0
"cryaba",1,29,7,9,0,0,0,0,3,0,0,3
"cryba1a",10,55,0,0,0,0,2,0,4,1,0,0
"cryba2b",6,42,0,0,19,21,0,0,1,0,0,0
"cryba4",8,25,0,6,0,0,7,1,1,5,0,0
"crybb1",11,30,0,0,0,0,0,0,5,0,2,0
"crybb1l1",8,12,1,2,0,0,0,0,2,0,0,0
"crybb1l3",10737,10763,14,173,0,0,184,7,6,42,119,109
"crybb2",4,6,0,0,2,34,0,2,0,0,0,0
"crygm3",0,0,0,0,677,680,0,0,2,0,2,0
"crygm6",0,0,0,0,42,71,0,0,1,0,0,0
"crym",844,849,1904,985,31,44,8,20,17,2069,2105,2161
"cryz",1,25,2,1,0,0,1,0,53,0,1,0
"cs",0,0,15,13,0,0,7,1,55,17,14,17
"csad",8,21,0,1,0,0,31,12,25,0,0,6
"csde1",0,0,20,14,0,0,11,21,352,7,5,7
"cse1l",65,66,22,229,29,68,221,11,52,84,71,66
"csf1ra",0,0,4,3,0,0,0,5,27,2,0,2
"csgalnact1a",4,21,0,0,0,0,0,2,7,1,1,0
"csgalnact2",0,0,1,1,0,0,34,43,56,488,396,587
"csnk1a1",2,35,71,62,0,0,66,18,196,56,48,44
"csnk1e",21,42,8,12,0,0,1,0,7,1,0,1
"csnk1g1",0,0,4,1,0,0,3,0,14,5,1,1
"csnk1g2b",6,25,10,4,0,0,9,0,25,3,6,6
"csnk2a1",0,0,5,1,0,0,11,6,65,12,9,4
"csnk2a2a",5,44,9,13,0,0,9,2,31,3,2,1
"csnk2a2b",1,22,3,23,0,0,12,4,29,26,10,12
"csnk2a4",28,30,257,346,0,0,9,13,46,19,7,19
"csnk2b",9,61,13,14,24,43,2,6,22,46,55,37
"cspg4",1,47,2,1,0,0,0,0,6,0,0,0
"cspg5a",4,7,5,4,44,57,2,0,0,2,2,3
"cspg5b",1,14,0,0,0,0,5,0,5,1,0,0
"csrnp1a",1,6,1,2,1,5,4,7,18,1,2,1
"csrp1a",0,0,5,1,0,0,0,4,112,2,8,11
"csrp1b",3,19,8,1,0,0,2,1,25,0,2,1
"csrp2",1555,1556,1022,2783,0,0,225,45,78,0,1,3
"cst3",108,147,88,75,3,25,18,37,1134,113,163,112
"cstf1",0,0,4,5,0,0,0,0,6,0,0,1
"cstf2",1,10,65,27,0,0,0,1,25,1,1,1
"cstf3",25,32,49,21,0,0,4,6,54,2,4,5
"ctbp1",0,0,7,0,0,0,0,0,9,0,0,0
"ctbs",3,42,15,0,0,0,1,2,24,1,2,3
"ctcf",1,6,42,19,0,0,6,8,60,13,7,11
"ctdsp2",3,15,21,7,0,0,12,8,113,13,6,12
"ctdspl2a",0,0,4,1,0,0,3,3,53,7,8,6
"ctdsplb",0,0,181,31,0,0,1,4,6,0,0,0
"cthrc1a",7,18,1,5,31,36,4,0,5,11,21,19
"ctif",0,0,1,3,0,0,5,1,11,16,6,7
"ctnna1",2,14,26,6,0,0,2,5,80,4,7,6
"ctnna2",0,0,0,5,14,44,1,0,3,14,4,3
"ctnnal1",156,169,247,278,0,0,2,4,23,25,29,48
"ctnnb1",1,39,41,13,41,58,9,14,235,20,35,28
"ctnnbip1",3,44,7,6,0,0,1,0,1,4,1,3
"ctnnbl1",3,21,5,16,0,0,0,0,31,13,4,5
"ctnnd1",0,0,7,1,0,0,0,0,34,2,2,3
"ctns",17,52,318,664,265,280,7,1,9,2,4,4
"ctps1a",2,25,984,551,965,987,3,1,24,597,944,954
"ctps1b",0,0,8,11,0,0,6,1,3,7,3,5
"ctr9",1,30,11,5,0,0,11,2,95,3,3,5
"ctsa",0,0,14,1,7,18,1,3,153,5,2,6
"ctsba",0,0,27,4,0,0,2,7,169,2,5,3
"ctsc",0,0,7,1,0,0,2,5,70,1,3,4
"ctsd",245,288,33,6,0,0,8,12,224,7,11,10
"ctsf",6,26,11,12,0,0,30,5,95,31,38,33
"ctsh",0,0,0,0,0,0,0,1,37,0,4,6
"ctsl.1",0,0,0,1,0,0,0,0,9,2,4,13
"ctso",0,0,16,11,0,0,5,0,2,0,1,0
"cttnbp2",1,9,0,1,0,0,3,2,14,0,0,0
"cttnbp2nla",4,29,2,1,0,0,5,1,11,0,0,0
"cttnbp2nlb",1368,1376,1736,2347,730,745,0,3,11,2,1,1
"ctu1",0,0,1,1,0,0,0,0,6,5,0,0
"cul1b",4,22,10,14,0,0,13,1,114,10,7,2
"cul2",1,46,4,1,0,0,2,0,29,2,0,3
"cul4a",1,14,6,8,0,0,4,5,44,6,7,5
"cutc",0,0,0,0,0,0,87,22,34,0,0,3
"cuzd1.1",71,107,73,57,101,124,3,2,5,74,49,49
"cwc15",29,47,17,18,0,0,10,7,93,18,16,13
"cwc22",0,0,11,19,0,0,7,7,95,3,2,2
"cwc27",0,0,5,0,0,0,2,2,45,1,1,1
"cwf19l1",1,22,0,2,24,67,7,2,5,0,5,4
"cx34.5",0,0,1,1,0,0,0,0,7,0,6,17
"cx36.7",62,76,0,0,0,0,0,0,2,0,0,0
"cx43.4",0,0,7,1,0,0,0,4,84,1,0,4
"cx52.6",5,32,0,0,0,0,5,1,0,1,0,0
"cxadr",0,0,4,0,0,0,0,1,2,5,1,6
"cxcl12a",0,0,6,0,0,0,0,4,82,2,2,5
"cxcl12b",1,48,60,3,0,0,0,1,8,51,14,39
"cxcl19",43,85,18,19,0,0,1,0,9,1,1,1
"cxcr3.2",0,0,5,0,0,0,0,3,11,1,1,0
"cxcr3.3",1,2,15,1,0,0,0,1,6,1,0,6
"cxcr5",4,51,770,423,0,0,10,23,22,10,5,12
"cxxc1a",2,32,0,0,0,0,4,3,24,0,0,1
"cxxc1b",0,0,9,1,0,0,6,2,26,3,0,3
"cxxc5b",0,0,0,4,0,0,1,4,51,6,2,7
"cyb561a3a",0,0,5,0,0,0,0,1,25,0,0,0
"cyb561d1",7,48,5,1,46,60,1,0,3,26,9,2
"cyb561d2",1,24,602,737,0,0,0,0,1,0,1,3
"cyb5b",4,36,4,0,0,0,11,0,4,5,6,1
"cyb5d1",0,0,0,0,0,0,0,0,2,30,9,33
"cyb5d2",0,0,0,0,554,566,2,0,10,0,1,1
"cybb",0,0,6,0,0,0,0,2,32,1,0,9
"cybc1",58,60,11,53,20,47,2,0,8,88,143,181
"cybrd1",1,40,8,2,0,0,0,4,66,1,5,1
"cyc1",0,0,6,7,0,0,6,6,53,9,17,11
"cycsb",2,25,2,0,0,0,1,6,19,0,0,1
"cyfip1",7,23,7,7,142,156,26,4,86,609,560,582
"cyfip2",0,0,9,11,0,0,15,1,17,1,2,7
"cyhr1",0,0,3,1,32,66,2,0,20,3,3,6
"cylda",3,28,8,12,0,0,27,1,26,12,4,4
"cyp11a2",0,0,20,4,0,0,0,0,9,0,0,0
"cyp17a2",9,22,4,4,203,211,1,0,0,0,0,0
"cyp1c1",1,7,10,0,0,0,3,4,94,4,8,9
"cyp20a1",3,47,6,7,0,0,0,1,15,1,0,1
"cyp24a1",1,12,1,3,36,76,0,0,5,0,0,1
"cyp26b1",1,40,11,0,0,0,0,0,10,3,1,4
"cyp27c1",1,46,8,0,32,49,24,231,692,0,0,2
"cyp2n13",235,250,3,0,0,0,21,9,72,0,3,1
"cyp2r1",3,32,0,3,0,0,15,5,6,2,9,8
"cyp3a65",2,11,678,175,0,0,11,7,65,26,6,9
"cyp51",2,36,335,1143,0,0,5,0,5,0,0,1
"cyth1a",6,24,25,11,0,0,4,1,36,10,8,5
"cyth1b",3,35,5,5,0,0,12,3,41,0,1,0
"cyth4b",0,0,6,2,0,0,0,1,16,0,0,3
"cytip",8,33,0,0,0,0,0,0,8,2,0,2
"czib",1,31,1,0,0,0,1,3,10,4,2,2
"daam1b",59,105,180,49,0,0,10,6,67,75,101,124
"daam2",0,0,16,10,0,0,5,9,69,15,4,11
"dab2",0,0,14,1,0,0,6,0,99,1,2,4
"dab2ipb",2,8,7,14,0,0,4,0,17,13,5,11
"dachb",0,0,8,5,0,0,2,3,36,2,0,3
"dachc",0,0,6,1,0,0,2,4,15,0,1,5
"dad1",0,0,1,0,0,0,5,1,60,4,2,1
"dag1",0,0,5,4,0,0,13,0,11,32,7,28
"daglb",3,26,6,1,0,0,6,3,33,10,2,3
"dalrd3",11,39,13,18,0,0,2,2,5,6,2,6
"dap",1,16,18,106,24,43,50,7,28,6,0,9
"dap3",2,37,3,1,0,0,0,1,13,1,1,3
"dapk2b",0,0,3,0,0,0,9,0,28,0,5,3
"dars1",46,66,20,28,63,96,3,4,104,15,8,39
"dazap1",0,0,3,4,0,0,1,0,6,3,1,6
"dazap2",0,0,0,2,35,77,7,2,30,2,1,1
"dbh",56,86,0,0,0,0,38,2,0,0,0,0
"dbi",1,12,6,8,0,0,5,1,87,1,1,1
"dbnlb",1,38,15,3,0,0,0,4,32,5,12,7
"dbpa",0,0,16,9,0,0,2,3,18,3,3,1
"dbpb",0,0,28,38,0,0,7,4,99,37,33,20
"dbr1",85,97,58,37,714,720,70,36,24,63,48,23
"dbt",1,44,1,7,0,0,2,2,8,5,6,4
"dbx1a",2,38,173,216,0,0,0,1,0,0,0,0
"dcaf11",0,0,5,1,0,0,10,5,89,5,6,13
"dcaf12",0,0,1,2,0,0,3,3,33,4,6,14
"dcaf15",0,0,3,5,0,0,1,0,22,5,0,1
"dcaf5",3,32,2,8,0,0,3,1,13,3,6,3
"dcaf6",2,12,0,0,0,0,7,1,32,39,26,72
"dcaf8",1,39,5,7,0,0,35,15,123,50,12,40
"dcc",0,0,0,0,0,0,1,6,15,3,0,0
"dcdc2b",322,327,1,0,0,0,0,0,1,260,269,280
"dchs1b",0,0,7,0,0,0,0,0,31,0,1,2
"dck",6,43,0,0,0,0,0,0,5,1,0,0
"dclk1a",9,20,3,20,0,0,7,1,5,3,4,1
"dclk1b",0,0,14,96,0,0,2,0,0,5,2,0
"dclre1c",0,0,3,0,0,0,2,6,29,0,4,2
"dcn",2,3,165,6,41,52,32,65,1601,19,37,68
"dcp1b",1,25,3,1,0,0,3,0,19,0,2,0
"dcp2",2,6,3,2,0,0,2,2,20,2,0,0
"dcps",3,34,2,1,0,0,2,0,17,1,1,0
"dcst2",5,24,5,6,0,0,0,0,0,2,0,2
"dctd",0,0,1,0,0,0,0,0,5,0,0,5
"dctn1b",145,154,8,7,0,0,13,1,7,12,3,13
"dctn2",1,12,3,7,0,0,13,1,89,7,6,4
"dctn3",29,48,13,12,0,0,6,1,40,14,18,19
"dctn4",0,0,19,6,0,0,4,8,19,30,16,27
"dctpp1",0,0,0,1,0,0,1,1,1,46,23,37
"dcun1d2a",0,0,3,4,0,0,1,1,14,11,6,2
"dcun1d3",0,0,2,7,0,0,4,2,15,13,14,4
"dcun1d4",0,0,5,1,0,0,1,0,11,1,0,2
"dcxr",12,21,3,6,25,38,4,5,29,10,9,14
"ddah2",12191,12232,166849,30589,0,0,4,3,37,58138,114581,123717
"ddb1",16,62,8,9,0,0,12,4,86,5,10,7
"ddb2",8,33,141,25,0,0,0,0,8,2,5,6
"ddc",17,63,1,7,0,0,2,2,2,7,4,2
"ddit3",243,248,250,230,0,0,13,3,40,285,175,292
"ddit4",0,0,126,477,0,0,1,0,4,3,20,4
"ddost",0,0,24,10,0,0,7,6,108,8,17,7
"ddr1",2,23,3204,897,0,0,1,2,8,0,0,1
"ddr2a",0,0,3,0,0,0,0,1,47,0,1,8
"ddr2l",1,22,3,1,0,0,0,1,29,4,5,7
"ddx1",0,0,10,31,0,0,2,1,42,1,1,1
"ddx10",1,23,3,0,0,0,0,0,22,2,1,1
"ddx11",0,0,782,795,89,108,117,143,123,498,422,566
"ddx19",0,0,36,25,0,0,1,1,9,7,9,12
"ddx20",374,375,0,2,0,0,2,1,20,2,0,3
"ddx21",2,20,58,7,29,66,37,64,1298,24,14,43
"ddx23",0,0,6,11,0,0,15,1,168,12,11,22
"ddx24",0,0,146,75,22,36,32,52,61,57,66,96
"ddx27",6,31,6,9,0,0,1,0,48,1,1,0
"ddx31",113,118,0,2,0,0,2,0,9,2,1,0
"ddx3xb",13,32,20,22,53,54,4,5,139,22,18,12
"ddx4",7,27,1,1,0,0,0,0,1,1,0,2
"ddx42",28,31,7,4,0,0,161,60,100,7,2,6
"ddx43",2,22,35,41,0,0,0,3,2,2,0,1
"ddx46",6,22,15,8,17,33,23,6,88,5,7,6
"ddx49",1200,1228,0,5,1166,1171,4,3,23,2355,903,1790
"ddx5",2,50,7,3,0,0,8,3,66,1,4,10
"ddx55",235,263,216,211,0,0,2,1,25,234,238,275
"ddx56",0,0,2778,324,0,0,0,1,29,4,3,0
"ddx6",2,38,0,2,1,25,8,9,79,14,5,18
"deaf1",202,223,9,7,0,0,0,1,5,3,2,4
"decr1",3,34,3,0,0,0,2,6,127,1,6,3
"dedd1",3,25,5,1,0,0,14,5,25,2,0,1
"def6a",0,0,10,1,0,0,2,7,61,1,1,6
"def8",2,44,2,2,0,0,2,0,13,2,0,0
"degs1",196,214,83,79,0,0,7,5,57,12,10,18
"degs2",54,71,7,9,61,83,0,3,6,55,28,48
"dennd10",786,810,234,222,0,0,63,13,42,221,311,359
"dennd11",5,42,5,2,0,0,2,1,5,7,7,6
"dennd1a",1,24,2,4,0,0,7,0,6,1,2,0
"dennd2b",0,0,8,1,0,0,2,1,50,0,0,0
"dennd2db",0,0,6,0,0,0,0,0,7,2,4,1
"dennd4a",5715,5743,1649,11794,2,44,27,1,4,27,8,16
"dennd4b",3,35,2,4,10,50,4,2,25,6,2,1
"dennd5a",0,0,5,17,0,0,3,0,19,6,2,11
"dennd6aa",4,12,6,6,0,0,1,0,2,2,4,1
"denr",1,39,2,0,27,42,7,3,60,0,2,0
"deptor",0,0,1,2,0,0,0,8,18,12,7,2
"dera",1,27,0,1,0,0,1,0,51,2,0,5
"derl3",0,0,0,2,0,0,31,6,30,1,4,0
"desi1a",0,0,1,0,0,0,3,6,43,1,1,4
"desi1b",1,16,13,23,0,0,0,0,5,0,0,2
"desmb",26,42,0,0,0,0,0,0,0,0,0,0
"det1",2,5,0,0,0,0,2,0,5,2,0,0
"dffb",0,0,900,404,0,0,177,379,406,737,785,789
"dgat1a",6,35,0,2,80,97,1,0,0,0,3,0
"dgcr2",0,0,6,3,0,0,7,2,35,9,9,4
"dgcr8",2,7,491,289,2,8,9,3,13,352,328,515
"dgkab",0,0,0,8,1,37,5,0,0,4,2,2
"dgke",1,46,6,2,0,0,17,45,25,1378,791,1215
"dgkg",3,40,0,0,0,0,3,2,12,4,0,1
"dgkzb",4,24,4,6,0,0,12,1,13,5,5,2
"dglucy",3,13,2,0,46,57,0,0,13,2,2,1
"dhcr7",1,39,9,2,0,0,2,3,16,0,0,0
"dhfr",0,0,0,6,0,0,0,0,6,0,0,2
"dhps",3,38,4,1,0,0,5,0,10,1,3,0
"dhrs1",4,52,4,0,0,0,0,3,67,2,3,0
"dhrs12",534,579,2,3,0,0,0,0,21,0,4,6
"dhrs3b",2,48,13,5,0,0,5,1,22,4,8,16
"dhrs4",0,0,97,46,0,0,3,0,14,19,14,28
"dhrs7",0,0,0,6,0,0,0,0,6,679,563,513
"dhrs7b",0,0,0,0,281,290,6,1,18,979,467,601
"dhtkd1",0,0,1,6,0,0,2,0,8,4,3,1
"dhx15",1,22,2,1,0,0,1,4,13,1,0,0
"dhx16",0,0,9,2,0,0,6,3,83,2,0,5
"dhx29",49,87,230,167,0,0,0,6,9,0,0,0
"dhx30",28,61,9,22,0,0,11,12,10,2,3,3
"dhx32a",112,149,744,1005,76,90,591,261,286,171,161,227
"dhx32b",0,0,104,151,0,0,1,0,1,3,0,4
"dhx33",1,22,0,1,0,0,1,8,5,1,0,0
"dhx34",3,28,14,410,0,0,0,0,3,1,1,2
"dhx36",0,0,17,19,0,0,10,43,50,1,3,2
"dhx38",0,0,5,2,0,0,12,0,26,4,2,3
"dhx40",1,48,2,2,0,0,0,2,12,0,0,3
"dhx58",0,0,3,2,0,0,0,1,11,0,1,5
"dhx8",0,0,8,0,0,0,3,2,83,9,3,2
"diabloa",3,5,1,0,0,0,0,3,31,1,1,2
"dio1",0,0,1,1,0,0,7,1,13,0,0,0
"dio2",4,40,3,10,0,0,2,0,0,2,7,2
"dip2a",0,0,4,5,0,0,17,215,99,0,1,0
"dip2ba",0,0,1,0,0,0,0,0,18,6,0,3
"dip2bb",1,37,2,2,0,0,5,0,0,4,0,5
"dipk1ab",3,9,1,6,0,0,5,20,34,0,2,0
"dipk1b",6,49,0,3,36,73,1,1,1,0,1,0
"dipk2ab",1,5,5,21,0,0,0,0,1,22,14,27
"dis3",4,15,5,3,0,0,7,7,22,3,0,2
"dis3l",1,33,0,0,0,0,2,0,10,101,72,139
"dis3l2",1,34,6,2,4,22,9,1,10,5,2,6
"disp1",1,3,0,0,1,13,1,2,5,0,0,0
"disp2",7,9,2,4,0,0,3,2,1,7,3,3
"dixdc1a",9,38,7,9,0,0,3,0,14,0,0,2
"dkc1",2,48,10,2,0,0,2,8,115,3,5,1
"dkk3a",9,23,0,3,0,0,2,0,1,5188,3549,3684
"dla",8,25,0,2,0,0,0,0,4,0,0,2
"dlat",14,23,28,25,0,0,7,3,41,52,23,48
"dlc1",125,151,6,9,0,0,9,9,52,6,12,5
"dldh",0,0,21,27,0,0,11,6,163,21,26,13
"dlg3",6,21,3,3,0,0,5,3,5,6,16,9
"dlg5a",0,0,2,5,0,0,6,3,41,5,1,2
"dlg5b.1",11,44,12,4,17,44,7,2,29,4,6,6
"dlgap2a",9,40,22,128,0,0,0,0,0,0,0,0
"dlgap3",0,0,0,0,0,0,18,3,5,1,1,0
"dlgap4b",2,28,0,0,32,34,0,0,4,0,1,0
"dlk2",1,38,0,0,0,0,3,0,3,302,259,223
"dll4",0,0,7,1,0,0,0,1,17,5,4,4
"dlst",1,10,9,5,0,0,15,5,209,26,16,12
"dmac2l",69,101,87,226,0,0,0,1,6,94,88,87
"dmap1",1,15,2,5,0,0,1,1,21,0,0,4
"dmd",5,48,0,4,0,0,7,0,4,2,0,1
"dmgdh",7,47,4,0,23,50,0,0,9,0,1,4
"dmtf1",22,65,153,221,33,34,0,1,12,1,0,4
"dmtn",2,43,3,1,0,0,3,19,72,2,0,0
"dmxl2",10,24,1,8,0,0,10,2,3,6,5,3
"dnai1.2",0,0,0,1,0,0,428,42,25,0,0,0
"dnai2b",6,46,0,2,0,0,0,0,0,1,0,2
"dnaja1",0,0,5,1,0,0,0,3,7,0,1,1
"dnaja2a",1,18,10,13,0,0,15,5,83,16,8,12
"dnaja2b",0,0,20,18,0,0,8,5,47,3,3,1
"dnaja3a",21,31,2,11,0,0,4,2,18,13,6,6
"dnajb11",0,0,4,4,0,0,2,3,21,5,4,4
"dnajb12a",2,25,7,8,0,0,4,6,42,4,6,6
"dnajb12b",1319,1360,6205,4875,0,0,11,1,3,0,0,0
"dnajb13",14,41,0,2,0,0,11,1,0,0,0,0
"dnajb14",0,0,8,19,0,0,15,1,22,11,8,6
"dnajb1a",1,14,0,2,0,0,1,0,12,3,1,6
"dnajb6b",20,48,21,7,0,0,5,3,168,5,16,5
"dnajb9a",28,52,4,6,0,0,6,2,8,2,5,1
"dnajc10",0,0,0,0,0,0,7,1,26,1,2,1
"dnajc14",0,0,3,2,284,314,2,0,5,564,563,811
"dnajc15",796,824,335,423,1177,1215,0,0,11,0,0,0
"dnajc16l",5,38,4,2,0,0,1,5,22,3,2,29
"dnajc17",1,47,0,0,0,0,38,2,10,1,1,0
"dnajc19",290,310,7,1,0,0,0,1,26,0,2,1
"dnajc21",0,0,1,4,0,0,7,1,18,1,2,4
"dnajc25",1,10,3,2,1,18,6,2,50,5,2,3
"dnajc27",5,18,2,3,0,0,0,0,3,3,2,1
"dnajc3a",1,48,380,1510,649,659,4,2,35,1313,442,798
"dnajc3b",182,184,473,335,0,0,1,0,19,440,716,677
"dnajc4",0,0,2,2,0,0,0,0,23,5,4,1
"dnajc6",8,36,0,20,0,0,11,0,1,6,1,0
"dnajc7",86,116,391,454,0,0,81,33,69,5,10,4
"dnajc8",11,55,11,27,145,183,8,1,89,15,14,12
"dnajc9",1,44,31,129,0,0,1,4,57,86,65,98
"dnali1",0,0,0,0,0,0,130,351,391,0,2,4
"dnase2",242,273,1890,538,0,0,1,2,17,1852,1006,1238
"dnm1a",3,32,5,47,0,0,40,2,21,38,19,6
"dnm1l",1,26,2,23,23,64,10,1,40,3,2,7
"dnm2a",4,26,29,6,0,0,2,7,36,1,4,7
"dnm2b",6,28,1393,495,0,0,1,1,19,0,4,4
"dnmbp",1,23,14,9,0,0,5,2,28,25,3,19
"dnmt1",1,45,3,2,0,0,0,0,14,0,1,3
"dnmt3aa",1,15,2,1,0,0,0,0,17,1,0,1
"dnmt3ab",5,38,0,0,0,0,8,1,11,1,0,0
"dnmt3ba",0,0,355,322,0,0,0,0,3,0,0,0
"dnmt3bb.1",1,11,0,0,0,0,0,1,6,0,0,0
"dnpep",41,86,10,3,0,0,0,0,10,2,0,1
"doc2d",0,0,0,6,0,0,14,0,2,5,0,6
"dock1",9,56,9,14,0,0,5,0,73,5,2,5
"dock10",0,0,1,0,0,0,5,2,29,1,0,1
"dock4b",1,41,4,0,0,0,1,1,18,2,5,1
"dock6",1,35,5,4,0,0,3,1,26,2,3,2
"dock7",17,42,0,7,6,41,2,2,16,2,6,3
"dock8",1,26,4,2,5,11,10,1,28,3,0,1
"dok1b",7,18,7,14,0,0,0,0,40,0,0,2
"dok6",5,6,1,5,0,0,1,0,2,2,0,4
"dolk",1,45,0,0,34,59,1,0,1,3,4,0
"dolpp1",72,111,0,1,0,0,3,0,11,1,1,1
"dop1a",2,12,1,2,0,0,0,0,21,4,0,3
"dot1l",2,31,0,0,0,0,3,1,5,5,2,0
"dpagt1",178,195,62,600,0,0,35,3,25,414,121,7
"dpep1",0,0,0,0,0,0,7,17,29,0,0,0
"dpep2",28,43,1,0,0,0,128,56,49,0,0,0
"dpf2",4,13,13,14,0,0,1,0,0,3,0,2
"dpf3",1,24,89,323,0,0,2,0,3,2,0,0
"dph1",24,42,2,7,0,0,0,0,4,0,2,3
"dph2",112,141,602,118,5,40,39,110,144,222,239,678
"dph5",7,15,3,7,0,0,1,0,9,321,323,561
"dph6",9,54,0,0,0,0,0,0,2,0,0,0
"dph7",306,352,3,0,0,0,39,17,24,1211,1536,1386
"dpm1",0,0,0,0,0,0,6,3,46,6,4,2
"dpm3",0,0,0,1,0,0,207,92,120,0,0,0
"dpp3",19,22,82,58,0,0,5,9,42,151,122,115
"dpp6a",7,49,0,0,0,0,69,15,21,0,1,0
"dpp6b",3,6,0,7,0,0,1,0,8,0,0,0
"dpp9",0,0,935,222,0,0,2,3,27,3,1,3
"dpy19l3",9,41,2,1,0,0,1,0,2,9,6,2
"dpysl2b",2,22,0,9,0,0,1,0,0,0,0,0
"dpysl3",1,46,21,37,0,0,20,2,62,31,23,23
"dpysl5b",1,6,1,7,0,0,15,0,4,6,1,4
"dqx1",98,140,11,34,432,472,3,0,21,320,4,10
"dr1",3,45,8,16,0,0,2,2,5,9,18,6
"dram1",0,0,0,0,14,20,0,0,2,0,0,0
"dram2b",1,13,6,1,0,0,1,3,9,1,13,15
"drap1",1,8,3,1,0,0,0,1,12,2,0,13
"drg1",1,31,8,7,0,0,6,4,40,9,5,6
"drosha",1,38,1,2,0,0,2,0,24,4,6,5
"drp2",725,742,1,2,0,0,515,21,63,0,0,0
"dscamb",0,0,0,8,9,51,3,1,6,4,1,2
"dscaml1",5,17,9,55,0,0,5,0,0,0,2,1
"dse",0,0,8,3,0,0,2,3,16,3,3,3
"dspa",2,8,16,0,0,0,3,11,107,3,5,9
"dstyk",0,0,5,1,0,0,0,3,29,0,0,1
"dtd1",2,49,11,3,0,0,3,1,10,0,1,0
"dtd2",1,47,1,2,0,0,0,0,5,2,2,1
"dtnbp1b",586,600,2,1,0,0,3,0,3,0,2,1
"dtwd1",1215,1219,960,4006,0,0,1,0,9,2664,1634,1521
"dtwd2",15,52,2,2,0,0,0,1,1,3,2,0
"dtx2",0,0,10,7,0,0,1,2,14,0,0,1
"dtx4a",1,29,2,2,0,0,4,2,6,1,4,6
"dtymk",38,56,557,574,162,172,287,240,232,302,241,363
"dusp1",1,46,14,2,0,0,2,1,10,0,1,5
"dusp12",0,0,1,0,0,0,3,9,13,1,1,0
"dusp16",0,0,2,4,0,0,2,0,29,5,1,4
"dusp2",1,20,2,0,0,0,0,0,5,1,6,8
"dusp5",2,42,2,5,1,28,6,2,16,6,8,4
"dusp6",0,0,9,7,0,0,9,5,60,0,0,1
"dusp7",4,33,11,3,26,36,0,2,8,12,1,8
"dusp8a",0,0,8,15,0,0,20,3,31,28,6,14
"dvl2",1,39,8,1,0,0,1,7,72,2,0,2
"dvl3a",0,0,9,1,0,0,4,6,84,4,0,5
"dym",0,0,5,1,0,0,2,2,17,4,2,4
"dync1li1",1,34,10,11,0,0,16,7,57,16,12,5
"dync1li2",3,18,8,4,0,0,4,1,13,4,1,7
"dync2li1",0,0,29,4,0,0,1,0,7,2,1,0
"dynll1",1,16,11,14,0,0,6,8,163,6,20,17
"dynlrb1",0,0,10,5,0,0,1,2,125,2,6,4
"dynlt3",144,149,2,9,13,34,8,10,144,33,24,17
"dyrk1ab",1,21,17,12,0,0,14,7,95,17,12,10
"dyrk1b",0,0,0,0,0,0,6,1,26,3,1,0
"dyrk2",0,0,6,2,26,47,1,2,3,5,7,2
"dyrk3",0,0,3,24,0,0,2,0,4,14,11,12
"dysf",1,14,7,0,0,0,0,1,7,0,2,1
"e4f1",1,32,2,1,0,0,4,1,13,1,0,0
"eaf2",1,24,4,0,0,0,0,1,22,0,2,1
"eapp",1,25,2,4,0,0,2,2,31,2,1,5
"ebag9",0,0,19,60,0,0,0,0,10,17,13,16
"ebna1bp2",11,35,1,3,0,0,2,3,20,4,8,4
"ebpl",3,13,0,0,2,5,0,0,1,0,0,0
"ece2b",8,29,2,4,0,0,9,5,69,10,3,3
"ech1",205,214,7,9,0,0,0,0,16,1,2,0
"echdc2",795,814,785,2056,0,0,48,13,26,2777,1456,1275
"echs1",1,37,6,5,0,0,6,9,108,4,5,4
"eci1",1,39,1,0,11,33,0,0,7,0,1,0
"ecpas",0,0,2,5,41,47,4,0,41,0,3,1
"ecrg4a",1,28,697,520,190,225,5,0,23,461,537,588
"ecsit",186,200,0,2,0,0,26,5,53,123,73,133
"edc4",1,9,3,1,0,0,2,1,23,4,1,2
"edem1",6,11,1,6,35,73,6,0,13,47,13,17
"edem3",5,51,7,11,0,0,9,0,34,7,2,2
"edf1",3,8,29,14,0,0,10,17,162,15,19,25
"edil3a",0,0,1,8,0,0,5,2,7,2,0,1
"ednraa",0,0,18,0,0,0,0,0,64,2,5,5
"edrf1",905,919,83,578,0,0,0,1,7,2,5,9
"eed",0,0,7,9,0,0,2,0,14,2,2,0
"eef1akmt1",113,122,20,4,0,0,0,0,4,18,3,5
"eef1akmt2",1,14,0,1,0,0,0,0,8,0,0,1
"eef1b2",76,116,39,8,40,69,64,21,743,15,42,32
"eef1da",26,69,42,52,0,0,5,18,490,22,35,27
"eef1e1",0,0,2,5,0,0,1,0,15,2,3,7
"eef1g",1,26,222,25,89,111,43,102,3037,45,82,134
"eef2k",2,11,4,10,0,0,6,9,53,6,1,2
"eef2kmt",6,30,299,430,0,0,0,1,0,0,0,0
"eefsec",0,0,1,0,0,0,1,0,12,6,1,1
"eepd1",2,35,0,0,0,0,0,1,5,3,0,0
"efcc1",2,25,7,8,43,68,2,2,11,8,3,1
"efemp2a",18,57,141,72,0,0,1,2,96,13,34,31
"efhc1",0,0,154,31,0,0,23,134,123,0,0,0
"efhd2",0,0,1,3,0,0,2,6,9,0,5,5
"efna1a",2,50,4,6,0,0,14,1,27,4,5,7
"efna1b",0,0,2,6,13,26,2,0,7,0,3,3
"efna3b",0,0,6,1,0,0,40,0,7,0,0,1
"efna5a",1,45,6,3,0,0,0,0,29,1,0,3
"efnb1",2,25,4,3,0,0,0,0,20,5,1,1
"efnb2a",1,44,52,4,0,0,3,6,96,9,7,9
"efr3ba",12,28,0,1,0,0,1,2,24,0,1,1
"efr3bb",16,34,45,55,0,0,4,0,22,41,22,19
"efs",1,46,6,4,0,0,39,2,25,0,0,0
"eftud2",0,0,6,5,0,0,9,4,28,7,8,5
"egf",0,0,8,0,0,0,19,5,46,1,7,5
"egfl6",2,44,2,0,0,0,2,0,19,0,5,0
"egfl7",26,35,176,108,0,0,0,6,71,43,67,67
"egfra",1,45,7,1,0,0,1,6,38,3,5,5
"egln1a",398,436,15,99,7,49,57,5,23,82,43,36
"egln2",2,39,2,4,0,0,2,2,18,2,0,1
"ehbp1",23,67,52,19,0,0,21,8,79,14,48,36
"ehd1a",2,10,9,3,0,0,11,5,96,3,4,8
"ehd3",0,0,1,3,0,0,6,1,20,0,1,1
"ehd4",0,0,11,1,0,0,0,2,19,6,4,6
"ehhadh",1,7,77,55,0,0,0,2,7,1,0,1
"ei24",0,0,2,6,27,32,0,0,23,0,2,0
"eif1axb",0,0,36,19,0,0,13,8,151,25,18,37
"eif2a",4,15,5,1,0,0,1307,2849,5541,5,1,1
"eif2ak1",77,91,103,48,2,31,16,38,168,59,36,66
"eif2ak3",0,0,3,5,0,0,5,0,8,7,3,2
"eif2b1",0,0,156,194,0,0,2,0,46,141,139,214
"eif2b4",2,39,779,574,0,0,7,2,54,759,751,713
"eif2b5",80,90,333,252,0,0,1,0,46,211,224,261
"eif2d",0,0,7,3,0,0,1,2,21,4,1,0
"eif2s1b",1715,1743,672,1515,0,0,8,1,192,1000,622,1077
"eif2s2",2,31,28,23,0,0,35,8,283,25,17,45
"eif2s3",96,105,43,8,0,0,12,15,861,28,33,37
"eif3bb",0,0,40,41,0,0,10,18,439,12,6,10
"eif3ea",0,0,23,5,0,0,6,5,341,3,2,7
"eif3eb",0,0,1,3,0,0,10,2,37,0,0,2
"eif3f",0,0,12,3,0,0,420,47,333,237,125,163
"eif3g",140,154,544,57,0,0,2,4,126,9,15,33
"eif3ha",0,0,34,4,0,0,13,29,293,10,19,17
"eif3i",1,31,18,1,0,0,9,13,342,9,17,14
"eif3jb",0,0,4,7,0,0,4,5,72,5,6,14
"eif3k",0,0,57,11,0,0,6,6,178,8,12,26
"eif3m",0,0,7,4,0,0,5,3,140,1,6,5
"eif3s10",7,44,25,24,37,42,18,15,343,23,9,16
"eif3s6ip",0,0,28,39,0,0,1,2,122,18,21,22
"eif4a1a",1,46,29,9,0,0,18,12,311,14,24,29
"eif4a2",1,19,8,8,0,0,8,8,214,2,23,8
"eif4a3",10,39,3,2,0,0,26,21,530,23,31,36
"eif4bb",0,0,46,28,0,0,44,33,397,50,25,44
"eif4e1c",27,66,4,21,0,0,6,0,17,13,13,15
"eif4e2",4,43,7,4,32,39,24,3,42,12,80,91
"eif4eb",122,167,163,154,0,0,0,1,15,0,0,3
"eif4g1a",0,0,8,11,0,0,9,13,88,10,2,7
"eif4g2a",0,0,2,0,0,0,1,3,37,10,6,3
"eif4g2b",0,0,8,10,0,0,7,8,44,4,5,6
"eif4g3a",0,0,5,12,0,0,6,1,48,2,2,2
"eif4h",11,28,21,9,0,0,7,11,217,41,36,33
"eif5",1,48,3,8,0,0,16,11,361,17,13,10
"eif5b",3,28,22,11,0,0,27,12,216,18,9,20
"eif6",0,0,9,5,0,0,4,3,88,4,0,0
"eipr1",1,16,0,0,19,22,1,2,24,2,3,0
"ela2l",0,0,2,3,0,0,0,0,19,0,7,0
"ela3l",1,33,0,0,0,0,0,0,10,0,0,0
"elac1",0,0,0,0,19,45,0,0,2,0,0,0
"elavl1a",0,0,3,2,0,0,5,0,24,5,2,2
"elf1",1,41,1,0,0,0,0,0,16,0,0,0
"elf2b",0,0,8,8,0,0,10,9,76,6,1,5
"elk3",2,12,7,11,194,237,14,7,53,10,3,26
"ell",7,29,7,5,57,93,5,4,3,22,12,19
"ell2",0,0,9,7,0,0,6,2,50,13,18,16
"elmo1",0,0,22,26,0,0,14,3,101,22,21,33
"elmo3",28,67,58,160,0,0,84,30,79,1,0,3
"elmod1",2,42,0,7,0,0,3,0,0,4,0,3
"elmod2",0,0,46,355,0,0,136,2,4,1,0,1
"elmod3",0,0,4,13,0,0,3,0,8,10,5,10
"elmsan1a",0,0,2,1,0,0,7,6,62,12,2,9
"elmsan1b",1,37,7,4,0,0,0,3,17,2,0,3
"eloa",0,0,6,7,0,0,10,5,32,2,5,1
"elob",48,74,4,3,0,0,2,2,8,14,10,16
"elof1",9,16,13,10,5,34,2,0,16,4,9,15
"elovl1a",0,0,6,4,0,0,0,4,102,2,2,4
"elovl1b",0,0,31,2,0,0,16,7,306,6,7,15
"elovl5",0,0,18,58,14,26,7,4,8,14,27,20
"elovl6",0,0,3,21,0,0,7,2,25,12,12,10
"elovl8b",51,81,4,0,0,0,1,7,8,0,0,5
"elp1",126,143,392,53,3,44,36,141,135,263,141,388
"elp3",1,13,1,0,0,0,15,4,23,2,5,0
"elp4",13,18,26,25,0,0,0,2,6,3,0,1
"emc1",2,4,3,5,0,0,12,3,6,3,2,4
"emc10",0,0,1,4,0,0,7,5,43,4,6,7
"emc2",1,24,16,9,0,0,8,2,44,4,9,9
"emc3",2,32,3,3,36,40,1,14,25,13,9,6
"emc4",0,0,9,11,0,0,9,9,77,11,6,9
"emc6",4,18,6,7,0,0,7,1,32,3,10,1
"emc7",0,0,4,10,0,0,5,1,35,7,7,6
"emc9",0,0,1,4,0,0,2,4,19,5,3,10
"emg1",19,34,2,3,0,0,0,4,7,0,0,4
"emilin1a",1,44,33,1,0,0,0,15,77,6,6,7
"emilin1b",1,25,12,0,0,0,1,12,162,3,0,0
"emilin2a",1,34,16,0,0,0,1,6,79,2,2,1
"eml2",1,22,7,4,0,0,5,0,22,0,7,3
"eml3",15,42,2,2,0,0,1,0,41,1,2,3
"emp1",0,0,1,0,741,749,0,0,25,569,654,663
"emp2",1,3,11,2,0,0,1,2,40,7,8,8
"emp3b",0,0,0,1,39,74,0,0,39,0,0,0
"emsy",0,0,5,5,0,0,0,3,8,0,3,3
"emx1",27,58,0,0,0,0,0,0,0,0,0,0
"en2a",16,21,5,20,0,0,2,0,0,0,0,0
"enc3",2,32,26,4,0,0,0,3,33,6,0,3
"endog",223,233,338,298,89,112,11,1,19,16,4,12
"endou2",4,7,3,5,14,35,2,0,0,0,2,2
"engase",177,216,0,9,0,0,1,2,9,21,12,13
"eno1a",0,0,12,34,37,58,90,30,327,27,52,36
"eno1b",0,0,12,61,0,0,79,9,202,56,41,41
"eno3",0,0,14,4,33,39,0,2,288,14,7,10
"enoph1",4,42,0,7,0,0,2,4,35,3,1,5
"enosf1",2473,2512,351,935,0,0,7,3,21,41,14,25
"enpp2",14,54,2,1,0,0,0,0,21,0,0,1
"enpp4",0,0,0,4,12,20,4,0,4,4,9,2
"enpp5",0,0,7,9,0,0,5,5,37,4,5,6
"enpp6",0,0,11,3,0,0,0,0,26,6,3,5
"ensaa",3,29,11,25,0,0,6,3,42,23,25,19
"entpd1",1,34,121,37,45,81,2,0,49,2,13,5
"entpd3",0,0,725,124,0,0,0,0,9,0,0,0
"entpd4",3,29,1,1,0,0,3,1,8,9,6,3
"entpd5a",16,25,175,270,0,0,13,4,1,3,5,3
"entpd5b",1,18,80,99,87,105,2,3,6,102,81,169
"entpd6",21,64,6,23,0,0,28,3,8,6,6,19
"eny2",0,0,9,2,0,0,4,1,11,1,6,2
"ep300a",5,44,14,24,1,8,4,0,18,32,12,29
"ep300b",1,11,2,7,1,14,4,3,24,4,3,1
"ep400",0,0,12,8,0,0,4,7,69,8,3,3
"epb41l3b",2,6,7,1,0,0,3,1,30,1,0,5
"epb41l5",0,0,6,12,0,0,1,3,24,0,10,10
"epcam",1,47,5,0,17,44,0,2,18,0,0,0
"epdr1",16,57,4,4,0,0,2,1,37,4,8,2
"epg5",1,46,2,1,0,0,6,3,39,4,1,2
"epha2a",0,0,5,1,0,0,0,2,54,1,1,3
"epha2b",1,11,4,1,0,0,0,1,39,3,1,4
"epha3",1,40,7,5,0,0,4,2,30,0,1,3
"epha4a",1,26,1,7,0,0,0,0,37,1,0,2
"epha4b",0,0,7,2,0,0,5,3,28,0,1,0
"epha7",0,0,0,1,0,0,1,0,10,7,4,3
"ephb2b",688,719,18,70,0,0,14,5,11,19,22,13
"ephb3a",1,30,0,1,0,0,2,0,28,0,0,0
"ephb4a",1,15,2,3,0,0,1,0,22,3,1,1
"ephb6",1,47,1,1,0,0,6,0,3,1,4,1
"ephx1",4,24,4,0,0,0,4,6,33,8,14,7
"ephx2",15,43,296,54,0,0,38,216,374,16,26,88
"ephx5",0,0,21,14,2531,2549,15489,23161,28309,3,6,7
"epm2a",3,18,0,7,0,0,1,1,0,12,7,4
"epn1",0,0,17,10,0,0,1,3,17,25,9,26
"epn2",2,17,221,175,0,0,2,0,6,140,132,142
"epor",60,72,111,64,53,64,0,3,49,138,273,159
"eprs1",0,0,5,2,0,0,9,1,61,5,3,4
"eps15",4,19,12,9,37,41,13,6,89,12,0,1
"eps8a",6,45,11,45,1,33,12,5,8,17,7,10
"eps8l1a",3,35,19,59,1,21,0,10,25,0,0,4
"eps8l2",0,0,2021,1944,0,0,1,1,4,1,1,3
"epx",5,52,0,0,0,0,0,1,0,2,0,1
"epyc",68,75,131,71,0,0,0,0,0,2,0,0
"eral1",0,0,4,1,0,0,3,2,43,14,18,26
"erap2",1,47,1,1,0,0,0,1,15,1,0,1
"erbb2",1,47,9,1,0,0,0,3,31,0,0,0
"erbin",1,36,6,3,0,0,3,5,38,0,1,5
"erc2",3,43,0,1,0,0,9,0,2,1,0,2
"ercc2",1104,1151,537,3275,0,0,0,0,9,2,0,0
"ercc3",0,0,1,1,0,0,5,2,13,1,3,2
"ercc6l",1,48,0,0,0,0,0,1,10,0,0,0
"ercc6l2",7,48,26,7,0,0,0,1,27,7,0,3
"ergic1",375,377,8,1,25,28,0,5,56,3,6,8
"ergic2",86,93,6,1,233,243,5,1,16,0,4,2
"ergic3",531,579,2337,1287,87,121,679,942,1426,66,102,96
"erh",1,32,68,68,29,56,7,3,62,2,6,3
"eri1",0,0,5,0,0,0,0,0,12,588,225,710
"erlec1",97,108,36,80,0,0,10,4,84,6,5,7
"erlin1",0,0,6,9,0,0,10,8,60,3,0,11
"ern1",5,35,8,2,0,0,2,1,38,6,0,2
"ero1b",1,43,4,0,0,0,16,1,32,1,0,0
"erp44",2,23,465,223,1,43,0,0,11,248,277,390
"es1",12,17,16,208,34,49,237,8,1009,159,98,43
"esamb",429,456,722,1426,0,0,5,2,1,11,3,6
"esco2",0,0,79,73,0,0,1,0,0,0,0,0
"esf1",1,48,2,3,0,0,17,7,80,12,5,14
"espn",5,30,9,31,0,0,15,9,25,17,8,13
"esr1",21,27,2,0,17,21,0,0,1,1193,526,1093
"esrra",0,0,10,8,0,0,0,1,17,14,13,11
"esrrb",1,26,5,37,0,0,4,0,4,6,3,1
"esrrga",0,0,0,1,0,0,3,0,0,5,0,7
"esrrgb",2,9,3,5,0,0,3,0,1,2,1,2
"esyt1a",0,0,0,1,0,0,8,9,111,1,1,1
"esyt1b",0,0,21,1,0,0,3,3,159,7,0,8
"etf1a",0,0,19,4,0,0,3,0,64,6,17,18
"etfb",1,21,3,0,0,0,7,1,56,1,4,5
"etfdh",352,369,9,32,0,0,15,2,31,9,3,6
"ethe1",6,43,8,4,0,0,0,0,0,4,1,1
"etnk1",1,16,4,16,0,0,1,0,6,0,1,0
"etnk2",1,45,19,8,0,0,5,2,6,7,2,2
"etnppl",1059,1085,4507,2027,0,0,7,1,3,1767,3738,3317
"ets1",0,0,20,5,0,0,2,2,56,13,8,12
"etv4",1,27,4,1,0,0,0,1,30,0,0,1
"etv5a",1,37,3,1,9,28,6,0,7,9,3,3
"eva1a",0,0,0,0,0,0,14,2,3,1,11,4
"eva1bb",0,0,5,1,0,0,0,8,93,6,2,0
"evi5b",2,47,4,9,0,0,13,1,41,0,0,4
"evla",0,0,121,31,0,0,1,0,3,6,0,0
"evlb",1,19,17,35,0,0,5,0,2,2,0,1
"evpla",6,16,1,0,0,0,0,3,4,0,0,1
"evplb",85,128,0,0,0,0,2,0,2,0,0,0
"ewsr1b",0,0,15,31,0,0,4,2,62,11,11,13
"exd2",157,180,0,1,0,0,0,3,3,0,4,1
"exd3",3,42,3,3,0,0,1,0,9,1,0,1
"exoc1",4,51,2,2,0,0,2,2,47,0,0,1
"exoc3",0,0,4,5,0,0,2,3,90,8,9,5
"exoc3l1",0,0,1,2,0,0,0,3,7,7,0,5
"exoc4",0,0,6,1,0,0,3,1,8,4,3,0
"exoc5",0,0,3,0,33,37,3,2,12,3,4,3
"exoc6b",2,43,4,0,0,0,3,0,10,9,17,11
"exoc8",16,29,8,5,19,26,6,6,39,3,0,7
"exorh",231,262,0,3,0,0,2,0,3,0,0,1
"exosc10",5,30,0,2,0,0,1,0,17,5,0,10
"exosc2",3,16,3,2,0,0,1,0,6,1,0,1
"exosc4",2,37,1,3,0,0,2,0,10,0,0,0
"exosc5",1,22,845,3629,1324,1325,0,0,10,3012,1983,2589
"exosc6",328,338,4,14,0,0,9,2,17,399,232,223
"exosc8",0,0,306,349,0,0,35,23,62,1,1,0
"ext1b",5,30,6,3,0,0,0,0,3,2,2,1
"ext1c",0,0,4,0,15,25,5,4,27,1,0,1
"ext2",2,6,8,4,35,38,5,2,101,6,6,15
"extl2",5,39,166,318,0,0,1,0,0,1,1,8
"extl3",0,0,3,13,0,0,3,0,4,8,3,3
"eya2",801,810,2,0,0,0,0,2,12,1,0,2
"eya4",3375,3376,0,0,15,37,0,1,10,2,3,1
"ezh2",1,34,0,0,0,0,2,2,6,0,1,0
"ezrb",77,112,6,24,0,0,8,2,22,10,11,12
"f13a1b",1,28,22,18,0,0,0,1,61,45,28,100
"f2",13,55,1,1,180,210,0,0,11,0,0,0
"f2r",1,21,1,0,729,766,149,6,5,0,1,2
"f2rl2",5,15,184,167,0,0,0,0,5,98,39,42
"f5",3,38,3,1,0,0,3,2,18,0,2,3
"f9b",0,0,19,160,50,67,0,0,2,180,115,84
"faah2b",1,32,7,2,0,0,0,3,14,537,430,677
"fabp11a",1,12,6,5,17,46,0,12,343,2,7,22
"fabp11b",0,0,32,2,0,0,17,282,805,8,50,40
"fabp2",2,7,139,1415,0,0,0,0,0,1156,519,630
"fabp3",0,0,7,1,0,0,7,1,218,6,5,14
"fads2",276,316,401,1840,383,414,8,10,4,2508,1504,1090
"faf1",0,0,4,1,0,0,6,3,21,0,0,3
"faf2",411,443,13,11,0,0,8,9,36,16,21,21
"fahd1",1,42,0,0,0,0,0,1,10,0,0,1
"faim2b",0,0,0,0,0,0,16,0,9,4,11,5
"faima",1,33,0,3,0,0,3,0,5,0,0,1
"fam102aa",9,13,4,3,0,0,1,5,20,1,1,0
"fam102ba",7,34,2,0,0,0,0,1,2,3,4,3
"fam102bb",1,14,7,2,0,0,48,112,94,0,0,0
"fam107b",1,27,6,38,0,0,31,0,18,25,27,21
"fam110b",5,33,3,12,0,0,12,3,5,1,0,0
"fam110c",1,32,0,0,0,0,11,4,0,0,0,0
"fam113",6,19,216,291,88,111,8,3,5,912,625,760
"fam114a1",0,0,5,2,0,0,0,0,28,0,2,4
"fam118b",1387,1397,8,1,0,0,12,8,8,1722,1580,1800
"fam120a",6,35,11,3,0,0,5,3,49,2,0,2
"fam120b",1,29,0,0,0,0,5,3,23,3,2,8
"fam120c",1,47,2,6,0,0,4,2,18,6,33,0
"fam124b",147,157,11398,1887,0,0,1,4,4,1170,1064,1132
"fam126a",0,0,6,4,0,0,1,2,30,6,2,4
"fam131ba",0,0,5,1,0,0,6,5,11,0,0,0
"fam135a",1,24,1,2,0,0,1,1,23,5,2,2
"fam13b",0,0,18,23,64,92,36,4,68,17,7,8
"fam149b1",271,294,672,1016,0,0,0,0,1,0,0,0
"fam160a1a",5,36,1,1,0,0,1,1,11,4,0,2
"fam160a2",2,7,0,0,0,0,2,4,17,20,41,22
"fam160b1",4,49,4,1,270,310,4,0,12,449,207,488
"fam162a",1,34,117,106,0,0,19,6,159,9,6,7
"fam167b",1,39,9,0,0,0,0,0,5,0,14,9
"fam168b",0,0,11,7,0,0,2,0,10,15,8,15
"fam171a1",3,30,6,3,0,0,4,1,34,1,0,0
"fam171a2b",2,15,9,6,0,0,3,1,13,6,4,12
"fam172a",1,16,6,3,0,0,1,0,4,2,0,0
"fam174b",0,0,1,1,105,112,4,1,6,47,42,58
"fam177a1",66,97,1,4,0,0,1,0,19,0,1,0
"fam183a",315,329,63,54,29,47,507,497,617,15,17,24
"fam185a",36,56,0,1,0,0,1,1,1,4,5,9
"fam193a",1,21,3,1,0,0,5,4,60,1,1,1
"fam193b",1,32,1,2,0,0,5,0,9,1,0,1
"fam199x",38,58,168,94,0,0,7,3,15,7,16,5
"fam20b",0,0,0,5,0,0,0,0,11,3,3,8
"fam20ca",1,15,0,6,0,0,0,0,0,2,0,2
"fam210b",0,0,4,3,0,0,0,1,56,2,4,7
"fam214a",3,29,3,2,22,64,2,5,21,1,1,5
"fam214b",0,0,3,1,0,0,2,1,35,3,3,5
"fam222a",0,0,0,0,24,35,1,0,1,2,4,4
"fam222ba",2,13,946,149,0,0,0,2,1,3,0,2
"fam234a",8,27,8,3,24,55,3,2,22,22,8,8
"fam234b",8,18,0,3,0,0,4,0,8,9,10,11
"fam241a",2,17,8,1,0,0,0,0,1,0,0,0
"fam32a",2,42,13,25,361,391,10,8,107,142,188,258
"fam3a",84,123,2,0,0,0,0,0,21,5,0,2
"fam3c",0,0,4,5,0,0,4,4,50,3,4,0
"fam43a",2,25,9,14,0,0,12,8,57,4,2,14
"fam49a",1,37,1,9,0,0,0,1,8,0,0,0
"fam49al",0,0,2,2,0,0,2,0,25,2,1,7
"fam49ba",10,32,4,19,34,37,6,5,33,0,1,1
"fam49bb",2,28,3,7,0,0,0,0,29,2,8,3
"fam50a",0,0,5,7,0,0,1,0,38,4,14,7
"fam53b",58,78,2,11,0,0,15,6,52,47,22,14
"fam76b",1,21,3,8,0,0,4,2,18,3,3,3
"fam78ab",9,30,90,221,1,5,1,1,21,48,2,33
"fam78ba",52,59,0,0,23,47,3,0,0,122,106,120
"fam83d",6,37,1,5,0,0,1,2,6,4,0,1
"fam83hb",153,184,55,67,0,0,3,3,14,23,2,9
"fam91a1",2,20,1,4,0,0,0,0,7,3,2,0
"fan1",6,52,0,5,0,0,6,0,8,2,2,3
"fanci",37,73,98,175,70,103,131,151,167,104,72,119
"fancl",184,227,158,94,0,0,84,72,105,61,40,86
"fap",1,14,3,0,0,0,0,1,13,0,1,1
"farp2",36,50,7,80,0,0,26,4,28,43,41,33
"farsa",6,12,10,3,0,0,5,0,60,8,10,13
"farsb",1,44,1,0,0,0,1,5,107,0,3,0
"fasn",13,49,1,5,0,0,10,1,41,805,549,860
"fastk",4,40,3,4,440,459,0,0,40,2,7,11
"fastkd2",48,87,666,58,0,0,2,0,11,1,0,0
"fastkd3",429,459,2021,1073,243,252,1135,1668,2160,1408,1775,2215
"fat1a",3,42,10,0,0,0,7,9,64,5,0,8
"faua",301,309,2306,1358,269,303,11,32,1263,1290,1576,2030
"faxdc2",7,20,0,3,0,0,101,3,37,7,1,4
"fbl",6,27,9,6,0,0,16,15,133,4,0,7
"fbln1",0,0,58,5,0,0,1,11,548,2,21,20
"fbln7",13,35,11,2,0,0,1,0,55,0,0,0
"fbxl15",0,0,0,0,169,184,0,0,0,1649,2149,1605
"fbxl2",3,6,3,3,0,0,6,2,19,4,2,0
"fbxl3a",0,0,5,1,0,0,1,0,13,3,4,15
"fbxl5",280,310,1,10,0,0,6,0,21,18,10,5
"fbxo10",2,18,1,3,0,0,6,9,38,1,1,3
"fbxo18",1,12,2,0,28,51,0,2,22,0,0,4
"fbxo22",0,0,5,2,0,0,4,3,21,1,0,2
"fbxo25",0,0,4,10,13,16,12,6,28,0,2,0
"fbxo28",9,46,2,1,0,0,6,0,5,5,2,5
"fbxo3",101,109,254,487,0,0,24,11,44,15,5,9
"fbxo30a",0,0,1,1,0,0,1,1,0,83,26,113
"fbxo30b",1,43,3,1,0,0,2,2,9,0,2,4
"fbxo31",60,103,4,9,0,0,5,6,65,7,3,4
"fbxo32",207,220,10,4,76,94,15,1,37,15,10,12
"fbxo33",10,23,2,10,0,0,7,1,9,9,4,5
"fbxo34",8,55,2,1,26,32,2,3,26,63,59,118
"fbxo38",1,47,6,1,0,0,9,4,26,2,2,8
"fbxo40.1",7,48,0,0,0,0,0,0,1,0,0,0
"fbxo42",3,49,5,7,0,0,7,2,54,48,28,58
"fbxo45",3,36,4,9,0,0,1,3,13,3,6,8
"fbxo8",0,0,3,11,0,0,3,2,13,8,4,8
"fbxo9",1,17,15,10,0,0,7,2,140,6,5,8
"fbxw10",1,28,17,33,0,0,0,0,0,39,20,14
"fbxw11a",1,24,6,13,0,0,9,4,68,5,5,1
"fbxw4",0,0,5,2,0,0,0,0,2,1,5,2
"fbxw5",0,0,4,2,0,0,0,3,9,2,0,17
"fbxw7",1,9,5,15,0,0,19,4,36,5,1,0
"fbxw8",141,176,113,152,0,0,2,8,12,1,1,0
"fcho1",3,47,0,0,0,0,1,3,28,0,0,1
"fdft1",4,22,5,7,0,0,2,5,18,7,6,4
"fdps",0,0,5,4,0,0,5,0,9,3,7,2
"fdxacb1",1,13,28,147,0,0,0,0,14,4,0,0
"fech",1,13,8,2,1,7,1,1,7,2,3,2
"fem1b",5,46,2,2,0,0,0,0,0,1,1,0
"fem1c",0,0,1,1,0,0,0,0,15,5,0,0
"fen1",0,0,316,176,0,0,1,0,14,5,0,1
"fer",1,36,717,301,0,0,0,0,21,7,7,8
"fermt2",1,17,17,1,0,0,3,2,33,12,4,3
"fermt3b",4,29,525,465,0,0,2,5,54,8,6,2
"fez1",0,0,16,14,0,0,28,3,27,11,9,20
"fgb",0,0,1,16,0,0,0,0,20,0,6,0
"fgd4a",0,0,0,1,0,0,5,0,24,3,1,3
"fgd5a",0,0,23,4,0,0,1,2,65,260,263,300
"fgd6",2,19,1,2,0,0,1,3,26,1,1,2
"fgf13b",1,41,2,9,0,0,0,0,0,3,2,0
"fgf14",0,0,3,0,0,0,3,1,0,5,1,20
"fgf18a",3,12,3,8,0,0,1,0,9,0,1,0
"fgf1a",3,8,0,15,16,53,2,2,1,2,0,0
"fgf2",8,52,38,58,0,0,37,25,40,315,267,223
"fgf5",2,21,0,2,0,0,8,0,0,3,0,1
"fgf8b",15,49,0,0,0,0,20,13,19,1,0,0
"fgfr1op2",61,97,4,4,0,0,5,3,27,0,2,1
"fgfr2",6,30,29,3,0,0,13,11,130,15,9,16
"fgfr3",1,26,5,1,0,0,0,0,0,0,0,0
"fgfrl1a",0,0,2,5,0,0,0,0,24,1,1,1
"fgg",0,0,0,2,0,0,0,0,17,0,5,1
"fgl2a",8,18,18,1,0,0,8,10,535,13,9,16
"fhdc1",0,0,7,0,0,0,2,6,18,2,1,0
"fhl1a",1913,1937,777,2333,1652,1661,124,10,164,5,7,15
"fhl1b",0,0,5,0,0,0,0,1,68,3,5,7
"fhl2b",0,0,512,597,145,160,0,3,45,2,0,0
"fhl3b",0,0,6,0,0,0,0,1,18,6,2,8
"fhod1",1,30,13,6,0,0,0,3,19,0,0,0
"fhod3a",2,41,2,10,0,0,11,3,5,19,5,7
"fibina",1,14,8,0,0,0,0,3,58,2,3,1
"fibpa",0,0,7,3,0,0,5,0,28,4,3,5
"ficd",991,1032,1311,2011,0,0,0,0,11,1809,1128,1183
"filip1a",2,9,10,19,26,68,2,5,13,2,0,0
"filip1b",1,41,1,0,0,0,0,0,10,2,1,1
"fip1l1b",0,0,26,19,0,0,19,17,76,1,4,4
"fis1",0,0,6,5,0,0,6,7,74,8,4,5
"fkbp10a",0,0,0,0,0,0,25,53,54,0,0,0
"fkbp10b",124,166,129,537,26,32,79,20,302,11,4,14
"fkbp1b",47,58,26,144,358,360,8,1,60,21,18,14
"fkbp3",0,0,121846,21576,0,0,4,9,46,38355,84851,83849
"fkbp4",0,0,11,14,0,0,14,5,44,11,7,6
"fkbp5",0,0,19,18,0,0,14,17,205,11,6,29
"fkbp8",0,0,2,1,0,0,2,3,24,7,6,6
"fkbp9",0,0,25,1,0,0,17,26,77,2,4,4
"fkrp",1,26,1,3,0,0,1,0,7,1,1,0
"fktn",474,498,997,1487,0,0,50,17,38,1161,1132,1554
"flcn",0,0,3,2,0,0,5,0,25,1,6,4
"fli1a",1,8,5,0,0,0,3,0,64,11,4,10
"flii",3,42,1393,1459,914,922,4,8,40,3,2,5
"flna",0,0,6,0,0,0,13,33,900,7,5,5
"flnca",2,30,14,6,0,0,6,2,8,7,5,6
"flncb",1,10,9,0,0,0,4,6,62,0,1,0
"flot1b",0,0,5,1,0,0,9,7,67,6,4,8
"flot2a",0,0,16,3,0,0,2,6,42,13,6,16
"flr",0,0,73,231,0,0,103,52,68,1,0,0
"flrt1b",3,35,0,0,8,28,0,1,2,0,0,3
"flrt3",1,39,0,2,0,0,1,0,12,1,0,1
"flt4",1,3,7,0,0,0,29,54,153,1,0,2
"flvcr1",24,36,9,29,0,0,32,0,2,9,4,6
"fmnl1a",5,51,5,4,0,0,32,2,90,2,0,3
"fmnl2a",0,0,318,498,0,0,6,4,71,0,1,0
"fmnl2b",16,61,5,9,0,0,5,0,5,3,8,5
"fmnl3",251,286,0,0,0,0,0,0,26,3,3,3
"fmodb",0,0,70,14,0,0,0,0,0,0,0,0
"fn1a",0,0,24,0,15,37,7,14,454,3,2,3
"fn1b",1,34,1827,672,0,0,7,1,236,285,883,939
"fnbp1b",2,13,19,3,0,0,13,6,38,7,8,16
"fnbp4",142,144,16,8,0,0,6,3,60,17,4,23
"fndc3a",4,24,8,13,0,0,11,1,56,5,8,10
"fndc3ba",2,11,4,1,31,38,0,1,10,0,0,3
"fnip1",2,42,1,5,0,0,5,8,32,4,1,3
"fnta",0,0,1,3,0,0,7,0,24,2,2,8
"fntb",79,92,5,28,17,19,2,2,18,8,3,12
"fosb",3,38,0,8,0,0,1,45,10,0,0,0
"fosl2",0,0,7,8,0,0,2,3,35,3,7,7
"foxd3",0,0,5,0,0,0,0,0,27,1,1,2
"foxf1",0,0,2,5,0,0,0,0,7,4,0,1
"foxf2a",1,42,7,0,0,0,0,0,80,3,3,0
"foxf2b",0,0,13,1,0,0,2,6,155,4,2,6
"foxh1",2,21,13,73,0,0,19,9,3,0,0,0
"foxj2",1,35,2,1,0,0,1,1,30,0,0,0
"foxk1",132,178,26,23,26,40,8,5,29,3,12,19
"foxl1",0,0,9,2,0,0,1,0,69,1,0,8
"foxm1",158,169,7,0,0,0,1,2,6,0,0,0
"foxn4",150,170,0,0,0,0,1,0,3,0,0,0
"foxo1a",0,0,4,1,0,0,4,3,41,8,0,1
"foxo3b",0,0,10,10,0,0,6,2,14,17,21,11
"foxo4",20,52,2,8,7,26,7,3,6,7,6,10
"foxo6b",5,34,0,1,0,0,7,3,3,3,1,4
"foxq1a",4,29,16,2,0,0,0,1,28,8,7,10
"foxred2",0,0,3,0,0,0,0,2,27,8,4,1
"fpgs",28,50,2,2,0,0,22,3,24,0,0,0
"fra10ac1",1,48,4,2,0,0,4,3,59,3,1,3
"frem1a",6,50,7,2,0,0,0,0,16,6,0,4
"frem1b",0,0,11,3,0,0,1,6,179,1,2,10
"frem2a",1,45,0,0,0,0,3,1,2,5,0,0
"frem3",0,0,1044,1947,0,0,183,72,105,0,0,2
"frmd3",2,41,0,2,0,0,12,0,0,3,1,0
"frmd4ba",0,0,3,5,0,0,4,2,5,0,0,1
"frmd4bb",1,41,0,1,0,0,2,0,5,0,0,1
"frmd6",0,0,6,2,0,0,0,0,10,0,1,2
"frmd8",0,0,7,2,0,0,0,0,10,5,2,4
"frrs1l",7,12,3,12,0,0,7,0,0,0,1,1
"frs2b",405,439,1,0,0,0,1,0,47,480,343,635
"frs3",1,18,0,1,0,0,1,3,10,0,0,0
"fryb",1,17,3,4,0,0,3,0,6,3,1,0
"fryl",1,14,7,10,38,68,29,13,224,14,7,8
"frzb",1,36,48,5,31,44,0,3,64,2,4,10
"fscn1a",2,33,22,9,0,0,24,16,76,9,4,20
"fscn1b",0,0,6,2,0,0,11,4,108,5,5,3
"fscn2a",1,30,2,14,0,0,8,1,11,10,2,4
"fsd1",7,52,1,0,0,0,3,0,2,2,0,0
"fsta",2,9,6,9,0,0,11,1,33,2,3,6
"fstl1b",0,0,56,9,0,0,9,51,1476,16,20,24
"fstl3",3,37,5,0,1,31,2,2,131,4,9,7
"fstl5",0,0,38,136,30,61,148,3,25,19,16,9
"ftcd",10,57,0,0,0,0,0,0,3,0,0,0
"fth1b",0,0,227,48,51,55,4,0,1,8,13,14
"ftr82",1,10,3,1,0,0,1,0,34,2,1,0
"ftsj3",0,0,2,5,0,0,5,5,36,3,1,3
"fubp1",1,41,5,6,0,0,6,5,103,7,3,2
"fuca2",50,96,5,1,31,57,4,1,39,5,0,12
"fuk",17,31,111,52,0,0,0,2,7,0,0,0
"furinb",5,9,7,2,0,0,3,0,14,1,1,2
"fut11",34,45,16,14,0,0,0,0,24,0,0,0
"fut8b",0,0,4,1,0,0,10,1,28,5,2,4
"fxr1",0,0,12,4,0,0,3,2,21,1,12,2
"fybb",14,51,6,0,0,0,0,0,21,1,0,2
"fyco1a",9,19,3,5,0,0,4,3,28,0,1,6
"fyco1b",0,0,0,5,0,0,4,0,4,5,2,3
"fynb",0,0,1,5,0,0,5,1,13,0,0,1
"fzd3a",2,47,0,1,0,0,4,0,8,16,3,11
"fzd4",3,25,5,5,0,0,0,1,5,17,16,23
"fzd5",2,27,3,5,0,0,12,0,3,3,5,6
"fzd6",0,0,19,4,0,0,14,8,25,1,1,1
"fzd7b",6,25,22,7,0,0,7,23,72,0,6,5
"fzd8b",0,0,10,5,0,0,0,0,67,0,0,3
"fzr1b",37,83,0,8,60,80,2,1,47,45,10,14
"g2e3",0,0,0,0,0,0,21,89,100,63,65,103
"g3bp1",2,8,9,13,0,0,13,1,76,8,6,7
"g6pc3",874,894,15,19,0,0,1,3,9,0,0,0
"gaa",9,34,0,1,0,0,1,0,5,0,0,0
"gab1",0,0,2,0,0,0,1,5,68,1,0,1
"gabarapl2",0,0,0,0,35,70,9,2,395,7,9,9
"gabbr1a",2,38,1,11,0,0,7,0,2,3,3,0
"gabpa",4,10,13361,16745,0,0,32,14,56,14308,9173,9829
"gabpb2a",115,130,173,212,13,28,18,4,36,6,2,1
"gabra1",2,30,2,33,0,0,5,4,1,6,2,2
"gabra6a",19,50,5,14,0,0,18,1,0,9,3,8
"gabra6b",1,41,0,2,28,40,0,0,1,5,0,0
"gabrb2a",2,42,0,15,0,0,13,0,2,10,7,11
"gabrb3",2,39,0,3,0,0,5,0,2,3,0,0
"gabrd",0,0,2,3,0,0,0,0,4,5,5,8
"gabrg2",0,0,6,36,0,0,3,1,0,7,6,2
"gabrp",77,91,228,91,0,0,44,230,209,42,112,177
"gad1a",0,0,0,8,0,0,89,0,3,0,5,2
"gad1b",0,0,1,13,0,0,59,0,7,13,6,10
"gad2",2,23,0,9,0,0,2,0,0,1,1,1
"gadd45ab",76,104,15,3,0,0,6,0,10,10,0,1
"gadd45gb.1",9,17,1,5,0,0,35,2,2,1,0,3
"gadd45gip1",0,0,27,8,0,0,3,1,15,0,0,1
"gal3st1a",0,0,2,1,0,0,5,0,7,0,0,0
"gal3st4",0,0,2,15,0,0,12,0,5,6,4,1
"galcb",0,0,5,1,0,0,6,0,19,1,0,3
"galk1",0,0,6,0,0,0,0,0,27,0,0,0
"galk2",10,31,13,7,0,0,0,0,8,0,0,3
"galns",19,52,3,0,35,44,2,23,31,3,10,8
"galnt1",0,0,10,3,28,33,6,5,47,9,6,8
"galnt13",1,26,3,12,0,0,5,0,0,3,6,2
"galnt16",2,3,11,3,0,0,9,16,91,6,6,9
"galnt2",9,55,3,5,0,0,23,1,15,26,14,14
"galnt6",0,0,6,0,0,0,0,0,6,0,0,1
"galnt8b.1",148,187,1221,258,0,0,247,2845,2795,87,327,472
"galr1a",2,29,0,1,0,0,0,4,0,0,6,1
"gamt",16,18,12,64,0,0,0,0,17,28,20,21
"ganab",1,40,17,22,0,0,11,2,80,10,5,1
"gapdh",13,38,16,103,257,300,0,0,58,39,12,11
"gapdhs",3,21,34,67,88,115,90,12,534,48,61,74
"gapvd1",0,0,6,3,0,0,0,1,38,3,1,3
"gar1",0,0,187,45,0,0,1,0,26,5,0,1
"garem",15,41,0,1,0,0,1,1,5,8,0,3
"gars1",0,0,3,5,0,0,83,83,180,3,1,4
"gart",267,313,646,520,75,93,92,64,118,687,703,771
"gas2l3",3,42,1,3,0,0,0,3,5,2,0,2
"gas7a",8,18,0,1,0,0,0,0,4,0,0,5
"gask1a",3,15,0,0,32,74,3,1,3,0,0,0
"gata1a",11,51,9,87,0,0,1,5,61,36,10,13
"gata2a",0,0,6,0,0,0,0,3,68,5,3,0
"gata4",0,0,0,2,10,18,2,1,0,0,1,0
"gatad1",1,10,1,4,0,0,5,1,4,3,0,3
"gatb",241,277,0,3,0,0,0,0,3,1,0,2
"gatd1",0,0,778,852,0,0,31,32,58,324,322,359
"gatm",9,12,0,0,0,0,0,1,0,1,5,7
"gba",946,959,3,4,0,0,0,1,30,2,3,4
"gbe1b",26,39,16,82,0,0,77,72,49,159,157,113
"gbf1",2,23,1,12,0,0,5,0,14,5,1,4
"gc2",5,32,14,75,0,0,90,0,28,48,16,36
"gcc1",0,0,239,360,0,0,0,0,11,1,3,1
"gcdha",6,31,0,0,0,0,0,0,10,0,0,0
"gcfc2",1,32,8,2,0,0,3,0,26,1,0,0
"gch1",0,0,4,6,0,0,21,6,7,11,12,9
"gch2",10,21,2,14,0,0,3,1,0,4,2,0
"gchfr",17,29,9,11,0,0,16,7,21,9,12,9
"gck",0,0,190,189,0,0,0,0,0,77,93,45
"gclc",0,0,4,4,0,0,18,7,72,6,11,3
"gclm",2,42,5,1,0,0,1,0,31,1,0,0
"gcn1",3,41,3,1,0,0,5,8,114,3,2,1
"gcna",437,458,0,0,0,0,0,2,4,1,0,0
"gcnt3",45,72,2,4,0,0,0,0,0,71,70,103
"gcnt7",10,52,0,0,0,0,4,2,6,5,0,2
"gdap1l1",14,57,0,2,0,0,1,0,0,25,28,65
"gdap2",0,0,3,0,0,0,3,3,16,8,6,14
"gde1",0,0,12,48,43,56,2,0,6,20,17,17
"gdf11",0,0,6,8,0,0,2,0,4,8,2,0
"gdf6a",1,6,24,3,0,0,2,7,3,4,3,2
"gdi1",53,72,32,64,10,19,19,3,16,6,5,2
"gdi2",0,0,38,29,0,0,18,7,150,17,20,21
"gdnfa",1,6,0,0,0,0,109,60,69,1,0,0
"gdpd1",1,32,3,5,0,0,3,0,3,0,0,0
"gdpd3a",6,19,0,0,0,0,0,0,0,0,0,0
"gdpd4b",961,965,3,0,0,0,0,3,84,0,0,0
"gdpd5a",3,21,5,8,0,0,8,4,2,5,4,1
"gdpd5b",0,0,659,502,50,70,0,1,11,0,1,0
"gem",1,22,0,4,0,0,13,0,5,3,4,2
"gemin4",60,80,285,278,0,0,0,0,0,474,411,460
"gemin5",0,0,533,622,0,0,106,31,80,0,0,2
"gemin8",0,0,1,2,0,0,1,0,13,7,0,5
"get3",1,49,4,8,0,0,7,1,11,12,9,10
"get4",0,0,10,14,0,0,2,1,39,6,5,7
"gfap",0,0,3,10,0,0,18,0,8,11,12,7
"gfi1ab",3,21,1,4,34,36,1,0,7,2,5,3
"gfm1",437,479,383,396,0,0,2,0,24,490,304,312
"gfm2",1,44,46,7,0,0,1,3,18,22,3,48
"gfpt1",6,25,5,2,38,69,1,3,22,1,0,11
"gfpt2",1,36,3,6,0,0,1,0,6,0,1,0
"ggcta",95,111,729,1078,0,0,4,14,26,10,6,5
"ggcx",321,332,707,533,615,647,96,323,320,637,577,623
"ggh",102,128,56,587,74,89,53,0,3,169,107,127
"ggnbp2",3,48,4,4,0,0,6,1,52,5,1,4
"ggps1",4,27,0,0,0,0,0,1,6,0,0,1
"ggt1b",31,65,0,0,0,0,0,0,0,0,0,0
"ghsrb",0,0,38,13,0,0,0,0,0,0,0,0
"gid8b",2,11,15,11,0,0,9,5,54,17,6,8
"gig2p",7,29,0,1,101,128,86,89,162,3,0,0
"gigyf2",0,0,17,8,0,0,12,13,40,16,11,19
"ginm1",1,4,22,10,0,0,4,4,30,12,22,30
"gins3",0,0,1,0,1,42,0,0,3,0,2,12
"gipc1",0,0,3,5,0,0,1,3,45,6,2,1
"gipc2",988,1022,2154,1542,0,0,11,0,3,11,8,4
"git1",1,15,0,0,0,0,0,0,4,6,1,2
"git2a",0,0,86,48,0,0,0,1,9,65,41,86
"git2b",0,0,14,12,0,0,2,0,9,0,0,0
"gk5",1,43,4,5,0,0,0,1,3,1,3,4
"gla",2,19,5,0,0,0,1,0,15,7635,17886,19108
"glb1l",4,24,199,312,0,0,8,10,29,44,36,48
"glcci1a",1,27,2,0,0,0,3,1,22,0,0,0
"gldc",14,41,1,0,0,0,2,0,11,3,2,4
"gldn",1,6,1,2,0,0,9,0,0,2,0,3
"gle1",12,31,3,13,0,0,2,0,7,4,1,1
"glg1a",1,17,4,3,0,0,4,2,61,3,3,3
"glg1b",19,20,1,6,0,0,2,1,5,5,2,0
"gli1",4,32,7,2,0,0,0,0,12,4,1,3
"glipr2l",499,514,7,29,31,41,1,2,16,24,8,11
"glis2b",6,25,4,3,0,0,1,0,11,1,1,1
"glmna",24,39,36,8,0,0,2,0,14,6,8,4
"glmnb",9,29,5,11,20,39,225,42,32,5,4,6
"glmp",2,8,7,2,27,30,1,1,71,4,5,3
"glo1",13,37,20,24,66,71,0,1,54,33,19,15
"glod4",0,0,2,0,0,0,19,30,34,1,0,0
"glra2",7,36,2,4,36,79,3,0,5,0,3,0
"glra4b",3,5,11,7,0,0,1,0,1,18,30,30
"glrba",2,34,0,0,0,0,0,0,0,7,0,0
"glrbb",0,0,0,9,0,0,9,0,0,7,4,0
"glrx",34,58,81,52,10,27,25,46,228,72,78,105
"gls2a",0,0,0,0,95,118,0,0,0,0,0,0
"glsa",0,0,10,9,0,0,15,2,18,2,5,5
"glsb",19,54,9,11,0,0,13,4,1,1,2,4
"glt1d1",16,45,210,621,0,0,5,0,5,17,11,35
"gltpd2",6,22,1,9,0,0,4,2,4,6620,4168,3802
"glud1a",2,40,33,17,0,0,36,66,58,14,7,16
"glud1b",1,3,56,13,0,0,10,0,101,28,24,26
"glula",5,24,18,38,0,0,49,17,141,43,15,35
"glulc",1,36,1,0,0,0,0,0,6,3,0,5
"glyctk",6,15,2,2,0,0,14,3,9,370,465,436
"gmcl1",327,343,829,588,26,65,65,30,94,561,629,730
"gmfb",53,68,83,207,0,0,0,0,3,1,3,0
"gmnn",418,451,0,2,0,0,1,0,1,0,0,0
"gmppaa",2,18,5,2,0,0,2,0,11,0,1,1
"gmpr",0,0,0,1,0,0,2,1,5,3,5,0
"gmps",0,0,5,1,0,0,3,2,50,1,0,1
"gna11a",9,50,6,27,0,0,1,1,13,10,17,20
"gna13b",1,12,3,3,0,0,10,7,112,4,7,1
"gna15.4",0,0,1,5,0,0,1,0,0,0,12,20
"gnai2a",0,0,6,1,0,0,6,11,79,4,2,8
"gnai3",38664,38701,2088,40315,0,0,4,2,21,2,3,1
"gnaia",0,0,21,1,0,0,6,9,119,4,0,4
"gnao1b",159,163,2,10,33,61,7,0,2,13,9,5
"gnas",2,27,12,4,0,0,2,1,22,0,1,2
"gnat1",11,57,170,729,187,225,965,50,716,688,432,420
"gnat2",236,238,884,1385,44,73,79,2,28,39,18,17
"gnav1",181,198,116,614,0,0,369,54,175,0,5,0
"gnb1a",17,25,29,249,256,287,68,7,156,411,241,251
"gnb1l",0,0,0,0,0,0,14,19,30,0,0,1
"gnb2",0,0,5,6,0,0,0,0,8,6,1,4
"gnb3b",6,23,12,72,23,25,48,5,22,31,14,20
"gnb4b",1,17,7,3,0,0,0,0,10,2,3,7
"gnb5b",0,0,5,29,0,0,31,2,41,16,16,8
"gne",2,33,9,5,0,0,0,2,22,3,8,0
"gng2",0,0,6,1,0,0,5,3,77,4,4,6
"gng3",1,48,2404,1660,0,0,3,2,22,2,0,1
"gngt1",7,18,114,318,0,0,386,28,941,254,432,266
"gnl1",0,0,3,0,0,0,2,7,37,2,4,1
"gnpat",0,0,0,2,0,0,27,8,28,2,0,0
"gnpnat1",184,219,401,596,0,0,4,5,11,763,622,827
"gnptab",0,0,1,6,0,0,2,5,21,0,0,0
"gnptg",59,106,55,75,0,0,136,59,102,80,79,92
"gnsa",0,0,14,9,0,0,9,5,42,9,6,10
"gnsb",2,21,405,742,31,43,4,0,27,4,11,8
"golga2",766,774,7,10,18,44,2,1,7,5,7,9
"golga3",8,55,9,17,0,0,5,1,28,6,5,6
"golga4",0,0,6,10,0,0,6,1,50,6,4,4
"golga5",1,45,1,4,0,0,5,2,42,2,2,1
"golga7",0,0,21,3,0,0,2,4,101,11,18,14
"golga7ba",0,0,617,363,0,0,0,0,0,0,0,0
"golgb1",2,12,144,208,0,0,11,2,33,5,4,1
"golt1bb",7,48,0,2,0,0,0,0,1,0,1,0
"gopc",5,8,13,11,0,0,3,3,82,15,35,19
"gorasp1a",2,34,763,1482,0,0,40,0,19,1388,1048,1186
"gosr1",0,0,0,0,0,0,1,0,14,7,4,11
"gosr2",2,36,513,1081,0,0,1,0,15,1,0,2
"got1",3,27,0,9,150,182,3,0,10,39,20,46
"got2a",5,49,17,11,0,0,28,12,69,18,15,14
"gp9",1,15,1,0,0,0,1,3,18,0,1,0
"gpaa1",0,0,0,3,0,0,3,0,11,4,2,7
"gpam",1,43,9,35,0,0,2,2,20,23,23,23
"gpat3",0,0,8,0,0,0,1,3,43,0,2,4
"gpat4",0,0,2,0,0,0,23,5,5,5,1,2
"gpatch3",12,18,1,2,11,48,0,3,15,1,2,3
"gpatch8",10,13,10,12,345,377,26,17,268,522,600,668
"gpbp1l1",0,0,5,6,29,39,11,4,80,6,2,8
"gpc1b",4,14,1,1,0,0,2,2,95,9,7,16
"gpc4",0,0,33,1,37,64,9,25,448,14,9,14
"gpc5a",2,12,0,0,0,0,0,0,5,0,0,0
"gpc6b",338,374,13170,1177,0,0,0,4,9,19,46,53
"gpcpd1",0,0,3,6,0,0,8,1,21,2,2,1
"gpd1c",0,0,7,0,0,0,4,1,38,2,0,5
"gpd2",0,0,3,1,0,0,4,0,11,2,1,7
"gphnb",7,55,0,10,0,0,5,0,2,6,6,8
"gpib",3,36,0,0,66,96,1,0,1,10,0,0
"gpkow",39,79,892,956,340,374,10,3,70,1352,1132,1394
"gpm6aa",17,26,4,15,0,0,3,0,6,1,0,1
"gpm6ab",1,4,0,13,21,62,1,0,0,1,0,0
"gpn2",1,39,7,0,0,0,2,1,25,7,9,7
"gpn3",1,41,2,1,0,0,0,2,10,0,4,1
"gpnmb",2,47,20,2,0,0,6,23,708,1,15,24
"gpr1",3,42,9,2,0,0,0,1,42,1,1,0
"gpr108",2,10,6,31,0,0,1,2,30,6,5,7
"gpr137",0,0,109,17,0,0,4,7,7,1,0,1
"gpr137c",10,44,6,14,0,0,1,0,3,4,2,6
"gpr143",0,0,674,487,0,0,4,22,37,0,1,1
"gpr155a",0,0,0,1,0,0,1,0,8,96,116,136
"gpr157",0,0,2,0,0,0,6,4,8,0,4,1
"gpr161",132,144,0,0,0,0,12,5,15,0,0,0
"gpr174",1,31,22368,49741,5230,5235,11,5,15,41031,38815,27646
"gpr176",0,0,1,0,0,0,0,1,14,2,273,1
"gpr18",2,25,6,0,0,0,0,0,3,0,4,3
"gpr182",1,34,1,1,0,0,0,2,23,1,4,2
"gpr26",0,0,1,0,0,0,0,1,23,4,11,20
"gpr27",10,44,4,8,0,0,2,1,4,3,0,7
"gpr37a",5,39,9,21,0,0,42,0,2,3,2,3
"gpr37b",3,36,0,0,0,0,16,0,0,0,0,0
"gpr37l1b",4,33,1,21,82,99,8,0,0,1,4,0
"gpr61",0,0,2,0,33,49,0,0,2,0,0,0
"gprc5bb",21,39,1,1,0,0,5,0,2,2,3,0
"gps1",0,0,5,5,40,58,2,0,49,2,0,5
"gpsm1b",0,0,16,4,0,0,15,5,36,7,10,15
"gpt2l",1,35,6,8,0,0,11,19,110,1,2,2
"gpx3",36,54,45,7,0,0,15,3,120,9,54,39
"gpx4b",5,25,36,48,1,18,100,32,485,45,79,61
"gpx7",33,56,0,0,30,72,0,0,9,0,0,0
"gpx8",0,0,2,0,0,0,0,3,110,0,0,5
"gramd1bb",0,0,1,8,0,0,0,0,7,2,4,0
"gramd2aa",1,46,10,15,0,0,20,5,26,11,3,8
"grapa",0,0,2,6,0,0,1,0,16,2,0,0
"grasp",0,0,2,0,0,0,2,3,15,1,3,5
"grb10a",0,0,9,0,0,0,0,0,14,4,0,0
"grb10b",13,25,1,5,0,0,11,11,57,0,2,1
"grhpra",529,576,1106,1067,0,0,1,0,15,11,5,8
"grhprb",0,0,0,0,0,0,259,107,138,1,4,0
"gria3a",499,513,0,1,0,0,6,0,6,2,1,7
"gria4b",1,19,0,2,0,0,6,0,2,0,1,0
"grid2ipb",13,51,0,2,0,0,4,0,0,2,0,0
"grik1a",0,0,0,2,13,18,7,0,3,1,2,2
"grik1b",0,0,0,12,0,0,5,0,1,2,3,5
"grin1a",3,19,3,7,0,0,16,0,0,11,2,5
"grin2ab",1,27,1,1,1,36,1,0,0,0,1,0
"grinaa",5,32,21,40,0,0,24,1,31,41,58,28
"grinab",0,0,5,0,0,0,0,1,23,4,1,4
"grip2a",10,35,2,3,0,0,7,0,0,14,9,6
"gripap1",0,0,1,7,0,0,2,2,23,1,0,3
"grk1a",4,23,57,53,0,0,226,20,214,29,14,12
"grk4",1,4,6,7,0,0,2,1,30,4,5,1
"grk5",12,58,4,42,0,0,0,0,3,7,11,4
"grk5l",0,0,2,0,0,0,0,0,12,5,0,2
"grk6",2,11,2,1,0,0,0,0,7,2,1,2
"grk7a",0,0,6,65,0,0,100,2,23,35,30,28
"grm1a",2,40,0,1,0,0,1,4,1,1,3,5
"grm3",2,35,2,0,0,0,1,0,18,0,0,0
"grnb",2,35,1,2,0,0,0,3,78,3,3,1
"grpel1",0,0,3,5,0,0,2,1,9,5,2,7
"grpr",1,30,0,0,0,0,0,0,0,0,4,6
"grtp1a",0,0,3,7,0,0,4,0,10,2,8,5
"grwd1",183,208,1446,205,180,196,2,1,13,771,537,882
"gse1",29,75,88,50,33,51,10,3,32,7,2,2
"gsg1l",8,56,2,9,0,0,0,0,0,14,2,8
"gsg1l2b",1,19,0,1,0,0,152,3,5,0,0,0
"gsk3ba",5,18,12,13,0,0,3,4,9,19,12,31
"gsna",8,30,19,1,0,0,5,10,506,12,14,16
"gsr",2,50,35,52,0,0,0,3,59,0,9,9
"gstcd",0,0,4,2,0,0,55,25,39,1,3,1
"gstk4",0,0,2,1,0,0,0,0,14,1,5,1
"gstr",0,0,30,10,0,0,3,25,205,7,14,12
"gstt1b",2,42,5,0,0,0,48,9,602,1,2,1
"gstt2",38,74,101,72,46,68,2,3,13,10,18,30
"gstz1",35,47,29,27,0,0,7,2,31,28,37,12
"gtf2a1",0,0,5,1,0,0,1,2,32,5,2,2
"gtf2a1l",0,0,145,59,0,0,0,5,56,1,2,6
"gtf2a2",0,0,1750,978,0,0,1,0,14,1,2,3
"gtf2b",3,10,1069,1455,0,0,5,0,16,2,0,3
"gtf2e1",0,0,2,3,0,0,1,0,19,7,8,1
"gtf2e2",1,24,8,8,326,361,22,5,37,491,612,599
"gtf2f1",0,0,343,698,0,0,13,6,72,2,4,1
"gtf2h1",0,0,0,0,0,0,5,4,11,0,0,0
"gtf2h2",1,15,8,1,0,0,0,0,22,0,4,7
"gtf2h3",302,303,376,222,74,97,344,433,486,9,8,10
"gtf2h4",0,0,4,7,0,0,0,0,18,150,139,146
"gtf2ird1",2,44,0,1,0,0,0,1,9,0,1,0
"gtf3ab",508,532,0,0,0,0,2,0,2,3,0,2
"gtf3c3",3,17,0,0,0,0,3,1,20,0,1,1
"gtpbp10",1,44,0,1,0,0,1,0,9,0,0,0
"gtpbp3",0,0,5,1,0,0,2,5,2,0,1,0
"gtpbp4",0,0,81,14,0,0,40,71,1492,19,25,43
"gtpbp6",44,92,54,21,0,0,6,2,17,0,1,0
"guca1a",2,35,27,117,0,0,15,1,32,38,30,45
"guca1b",1,22,49,151,0,0,217,11,224,107,128,92
"guca1c",886,917,1221,2377,0,0,49,1,2,57,60,19
"guca1d",4,25,0,5,0,0,11,0,1,0,0,1
"gucd1",0,0,3,10,0,0,1,0,19,0,0,0
"gucy1b1",4,32,0,1,0,0,3,0,1,7,0,0
"gucy2d",0,0,1,14,45,62,12,0,1,10,4,2
"gucy2f",3,31,1,39,21,50,46,0,14,15,11,4
"guf1",3,47,0,3,0,0,0,0,5,0,0,0
"guk1a",152,159,2,2,54,55,0,2,16,2,2,1
"guk1b",333,345,0,17,0,0,49,3,39,7,10,11
"gulp1a",0,0,1,0,0,0,338,592,861,8,4,6
"gusb",9,36,12,13,0,0,3,4,32,0,3,0
"gxylt2",1,19,6,0,0,0,0,2,12,3,6,2
"gyg1a",4,17,118,111,31,61,11,3,30,113,98,136
"h1-0",1,31,49,38,0,0,62,75,81,83,43,80
"h3f3d",58,106,213,329,154,167,14,2,20,1,6,0
"h6pd",0,0,0,0,6,22,0,0,2,1,0,2
"haao",3,27,33,86,0,0,0,3,31,9,9,9
"hacd1",205,243,1672,161,0,0,1,1,4,5,18,35
"hacd3",255,291,769,622,180,195,20,3,27,593,583,651
"hadhaa",2,48,0,0,0,0,15,0,6,0,0,1
"hadhab",0,0,9,5,0,0,4,7,43,3,10,3
"hadhb",0,0,3,0,0,0,0,4,32,5,0,1
"hagh",0,0,9,5,0,0,21,11,142,12,9,12
"hapln1a",0,0,41,0,0,0,2,3,8,0,7,5
"hars",0,0,7,17,0,0,10,0,45,3,9,6
"haus5",5,52,1,2,0,0,1,0,2,27,22,22
"hax1",1,41,4,0,0,0,0,0,52,11,8,18
"hbegfa",0,0,2,0,0,0,0,2,15,7,0,11
"hbp1",8,49,17,7,0,0,30,41,143,4,10,11
"hbs1l",0,0,0,0,0,0,1,0,12,9,10,12
"hccsb",10,35,2,1,0,0,3,1,52,1,2,0
"hce2l2",0,0,0,0,0,0,3,5,13,0,0,0
"hck",0,0,18,0,21,41,4,2,80,6,5,17
"hcn1",4,26,6,54,28,66,5,0,0,8,4,2
"hcn3",0,0,1,6,0,0,126,8,8,7,5,0
"hcn4",12,18,0,6,0,0,7,0,0,6,4,2
"hcn4l",0,0,0,5,25,27,0,0,1,0,2,1
"hcn5",0,0,0,4,0,0,2,0,5,5,2,2
"hdac1",2,31,48,35,0,0,35,14,179,25,27,24
"hdac10",0,0,1,0,0,0,1,5,6,0,0,0
"hdac11",5,26,4,3,0,0,18,2,11,7,15,7
"hdac4",3,39,32,10,67,76,7,95,161,26,18,4
"hdac5",3,6,7,10,4,31,12,9,14,0,1,3
"hdac6",12,19,6,18,0,0,0,0,11,0,5,1
"hdac7a",1,46,1,0,0,0,0,4,21,4,0,3
"hdac8",0,0,5,0,0,0,1,2,73,0,0,1
"hdac9b",0,0,6,30,0,0,21,8,6,37,19,26
"hdc",0,0,0,0,0,0,0,8,1,0,12,3
"hddc2",129,134,0,0,0,0,1,1,1,0,0,0
"hddc3",60,76,2,0,17,26,6,3,6,41,40,48
"hdhd2",0,0,0,0,57,83,16,3,5,3,6,6
"hdhd3",0,0,890,447,0,0,33,21,17,97,407,394
"hdhd5",2,34,2,1,0,0,33,0,7,62,51,133
"hdlbpa",0,0,20,11,0,0,11,6,273,13,13,14
"hdlbpb",3,50,19,3,0,0,12,7,26,7,17,33
"hdx",50,86,4,25,0,0,81,17,14,21,25,18
"heatr5a",2,35,9,4,0,0,2,0,17,3,0,1
"heatr5b",0,0,0,5,0,0,0,4,20,1,0,4
"hebp2",2,36,2,3,0,0,1,4,18,6,6,1
"hecw2a",3,31,11,6,0,0,2,4,3,0,0,1
"hells",0,0,2,0,0,0,5,0,17,0,0,1
"helz",1,42,3,0,0,0,0,1,20,9,1,3
"hemk1",2560,2582,1487,3562,688,704,57,4,8,5542,3754,4030
"henmt1",1,22,582,2634,0,0,0,0,1,0,0,0
"hepacama",0,0,0,0,0,0,5,2,7,4,0,2
"hephl1b",0,0,17,5,0,0,9,4,71,4,3,2
"her4.2",8,44,1,16,4,20,8,0,0,2,7,1
"her6",1,15,5,1,0,0,2,1,94,0,1,1
"her9",51,61,1,2,0,0,1,3,39,0,0,3
"herc2",0,0,11,11,0,0,12,48,285,12,2,3
"herc3",1,13,4,7,0,0,2,1,11,3,0,4
"herc4",1901,1926,2673,2823,0,0,5,1,25,3512,3502,3295
"herpud2",1,4,10,0,0,0,6,2,71,5,8,5
"hes6",919,948,0,1,30,40,1,0,3,0,0,0
"hesx1",0,0,5,1,0,0,0,0,38,2,5,5
"hexa",0,0,159,483,0,0,332,203,140,3,0,1
"hexb",232,235,199,331,164,201,2,0,72,181,148,192
"hexdc",1,18,1024,444,35,49,75,23,107,468,579,638
"hexim1",2,10,9,3,40,70,3,4,64,3,5,6
"hey1",1,46,12,3,0,0,2,2,29,1,5,2
"hey2",4,22,0,0,0,0,0,0,14,4,5,0
"hgd",0,0,1558,2723,942,950,0,8,34,2168,2533,2487
"hgfb",1,15,0,1,0,0,0,1,21,1,2,9
"hgh1",0,0,0,2,19,54,0,7,29,0,2,4
"hgs",60,90,4,35,0,0,44,3,65,93,62,16
"hhip",0,0,6,1,0,0,2,0,99,2,12,4
"hhipl2",5,23,27,11,0,0,33,11,3,63,21,17
"hibadha",0,0,0,9,0,0,12,1,5,8,7,5
"hibadhb",0,0,4,7,29,62,8,0,17,3,6,2
"hibch",3,8,6,7,0,0,5,1,14,2,3,2
"hif1aa",169,189,459,553,105,132,68,14,97,393,412,452
"hif1al",3,41,15,6,0,0,417,177,227,17,24,17
"hif1an",262,284,0,0,345,376,0,0,4,0,1,0
"higd2a",1,11,1,1,960,987,2,1,8,1839,2174,2599
"hinfp",6,13,1,3,0,0,0,1,13,6,6,2
"hint2",79,93,190,338,31,45,0,0,15,179,109,118
"hint3",145,148,199,1294,0,0,2,1,4,1,1,10
"hip1",7,32,11,1,0,0,3,4,32,12,1,5
"hip1rb",5,7,7,9,0,0,3,0,24,3,3,2
"hipk1a",1,14,0,0,0,0,1,1,11,1,0,0
"hipk2",4,30,0,7,0,0,16,8,37,16,4,1
"hipk3b",0,0,10,0,0,0,2,0,18,2,1,0
"hira",1,41,2,0,0,0,1,0,10,0,1,5
"hivep1",0,0,3,4,0,0,2,1,27,8,3,10
"hivep2a",3,45,9,5,0,0,6,1,31,2,1,0
"hivep3b",0,0,7,1,0,0,1,4,50,9,1,5
"hk2",0,0,3,0,0,0,6,5,35,0,0,0
"hlcs",20,52,2,9,0,0,20,3,20,59,52,48
"hlfa",11,40,75,94,8,41,96,28,131,156,101,88
"hltf",1,47,1904,2506,0,0,0,3,3,2862,2043,2486
"hm13",0,0,6,2,0,0,2,2,17,10,1,6
"hmbox1a",1,15,1,6,38,44,0,0,2,0,1,0
"hmbsb",8,36,1,2,0,0,1,0,3,19,18,10
"hmces",2,16,1,1,0,0,0,0,11,0,1,0
"hmcn1",4,10,5,0,0,0,2,0,32,1,0,1
"hmcn2",4,15,4,1,0,0,0,0,1,7,3,0
"hmg20a",0,0,3,1,0,0,3,3,47,5,3,1
"hmg20b",0,0,5,1,0,0,1,2,21,1,1,2
"hmgb1a",0,0,106,23,0,0,45,78,1006,76,92,119
"hmgb1b",1,31,14,6,0,0,11,13,19,7,4,10
"hmgb2a",22,34,71,38,0,0,49,21,336,48,63,51
"hmgcl",98,124,187,30,0,0,0,1,11,113,66,60
"hmgcrb",3,38,2,5,0,0,2,0,15,1,0,3
"hmgcs1",4,18,5,7,1,43,12,1,31,5,1,1
"hmgxb3",2,30,3,0,0,0,2,0,7,0,0,0
"hmgxb4a",8,16,6,11,0,0,11,14,73,9,7,12
"hmmr",2,48,0,2,0,0,1,0,5,3,0,0
"hmox1a",3,15,533,162,0,0,0,0,15,0,1,2
"hmox2a",16,22,1,2,0,0,1,0,19,2,4,3
"hmox2b",1,26,3,7,0,0,58,18,23,6,2,4
"hmx4",0,0,1,1,0,0,8,0,9,0,0,3
"hnf1a",138,146,206,212,38,52,11,14,17,90,120,132
"hnf4a",11,26,1,2,0,0,0,1,2,1,0,0
"hnrnpaba",68,137,487,209,84,120,38,17,357,104,140,211
"hnrnpc",2,21,9,17,0,0,4,3,61,11,3,3
"hnrnpd",140,156,1697,388,197,221,32,84,155,447,737,1230
"hnrnph1",7,13,430,610,9,45,10,7,49,516,351,511
"hnrnph3",88,132,471,443,0,0,0,2,23,3,3,7
"hnrnpk",12,33,4,5,33,37,9,1,32,4,2,6
"hnrnpm",1,2,15,4,78,107,18,1,199,11,6,15
"hnrnpr",0,0,19,9,0,0,18,4,146,21,19,23
"hnrnpub",0,0,16,19,0,0,20,6,117,14,14,17
"hnrpkl",4,17,0,4,0,0,1,0,20,2,4,10
"hoga1",0,0,1,4,0,0,18,9,21,0,0,0
"homer2",9,44,3,9,0,0,12,2,0,14,6,15
"homer3b",0,0,28,5,0,0,1,0,2,2,0,2
"homeza",0,0,5,5,0,0,5,1,8,6,4,5
"hook1",1,47,10,14,0,0,5,16,13,1,12,7
"hoxc10a",2,29,1,0,0,0,0,3,5,2,2,3
"hp",0,0,1,1,37,66,0,0,0,0,0,0
"hp1bp3",1,29,29,10,0,0,6,4,6,14,9,18
"hpca",3,11,7,50,0,0,17,1,5,3,1,2
"hpcal1",0,0,3930,1774,0,0,1,2,51,2,1,0
"hpcal4",4,32,1,5,0,0,78,9,9,0,1,1
"hpgd",837,864,35,68,0,0,0,1,21,7,11,6
"hpn",5,38,0,6,0,0,0,2,10,37,24,195
"hprt1",0,0,0,2,0,0,3,6,21,0,8,1
"hprt1l",0,0,0,9,0,0,4,0,12,3,3,2
"hps5",2,12,2,4,0,0,0,0,37,1,0,2
"hpse",0,0,1,0,0,0,0,0,16,3,1,5
"hpxa",0,0,0,0,0,0,0,0,28,0,9,1
"hs2st1b",1,38,5,2,0,0,0,2,2,0,2,0
"hs3st1l2",0,0,0,0,0,0,857,691,959,0,0,4
"hs3st3b1a",0,0,0,12,0,0,5,1,0,8,6,8
"hs3st3l",156,174,0,16,1,15,11,0,7,9,8,3
"hs6st1b",3,8,19,4,29,58,2,0,55,0,0,1
"hs6st2",2,34,2,8,0,0,13,0,5,5,3,2
"hs6st3a",4,38,0,3,0,0,9,0,0,0,0,3
"hsd11b1la",1,46,0,1,0,0,2,0,7,0,0,0
"hsd11b2",2,49,1,1,63,97,6,2,38,3,0,5
"hsd17b10",0,0,32,9,0,0,0,0,23,1,0,6
"hsd17b12b",0,0,15,4,0,0,557,17,88,4,2,13
"hsd17b3",1,10,24,6,0,0,0,2,7,2,3,0
"hsd17b4",0,0,4,4,0,0,5,5,56,2,0,2
"hsd17b7",4,61,24,20,0,0,28,8,8,13,32,45
"hsdl1",15,26,0,0,0,0,3,2,15,0,0,1
"hsf2",0,0,12,12,0,0,13,8,42,1,5,2
"hsp90ab1",3,36,370,120,11,18,185,185,3383,192,218,373
"hsp90b1",2,8,14,8,6,26,4,3,132,9,4,11
"hspa12a",0,0,4,4,0,0,8,0,9,22,22,13
"hspa12b",7,31,40,18,13,53,0,2,17,3999,3700,4595
"hspa4a",1,23,1,8,0,0,7,0,17,6,3,2
"hspa4b",0,0,13,8,0,0,12,9,94,5,6,8
"hspa4l",0,0,4,15,0,0,27,2,23,14,7,7
"hspa5",42,89,16,19,0,0,10,10,116,8,5,10
"hspa8",3,16,269,59,20,32,77,58,2496,75,82,107
"hspa8b",2859,2899,5,6,224,252,5,3,180,7,1,6
"hspa9",0,0,5,25,0,0,9,9,113,25,14,13
"hspb1",1,27,11,1,0,0,0,4,132,4,2,7
"hspb11",195,233,55,169,0,0,123,35,107,126,58,70
"hspb6",0,0,37,15,0,0,10,15,21,16,11,19
"hspb7",0,0,0,4,29,62,0,0,0,0,0,0
"hspbap1",139,156,153,252,0,0,0,0,1,53,54,93
"hspbp1",2,38,3,1,0,0,1,0,3,2,9,5
"hspd1",168,201,2,8,0,0,411,191,405,10,25,4
"hspe1",3,18,2,4,0,0,2,1,10,0,5,2
"htatsf1",0,0,1,4,0,0,5,0,44,4,3,4
"htr2b",19,65,0,0,35,46,1,14,6,557,255,445
"htr3a",2,12,0,0,0,0,0,0,5,1,0,0
"htra1a",3,24,8,1,0,0,1,1,7,3,2,4
"htt",1,41,1,3,13,17,7,2,32,5,2,3
"huwe1",1,15,15,11,0,0,21,10,187,14,4,12
"hvcn1",98,119,114,210,0,0,0,1,13,0,0,0
"hyal1",0,0,4,5,0,0,0,0,10,0,0,3
"hyal2a",1,27,2,22,0,0,1,1,82,4,2,3
"hyal3",6,30,5,21,31,66,3,8,4,44,4,5
"hyi",9,40,1,0,38,44,1,1,32,2,0,1
"hyou1",3,9,17,14,577,587,2,9,17,48,35,38
"hypk",583,631,742,876,66,85,19,8,241,2679,1881,2503
"iah1",8,47,0,0,0,0,7,10,20,0,0,0
"iars2",1,32,353,430,334,373,4,6,23,398,311,421
"iba57",14,19,134,134,289,310,10,0,8,217,214,259
"ibtk",3,4,18,7,1,22,9,15,113,5,1,10
"icmt",1,10,6,29,0,0,3,1,7,15,9,4
"icn",0,0,19,6,0,0,0,8,146,6,25,38
"id1",1,47,31,13,0,0,2,7,148,10,16,12
"id2a",2,14,20,21,0,0,10,11,107,18,15,13
"id3",1,28,35,7,0,0,5,18,204,6,12,28
"id4",0,0,7,4,0,0,3,0,21,6,16,8
"ide",3,40,7,5,23,34,11,4,29,9,2,6
"idh1",0,0,7,1,1,23,5,4,25,6,5,6
"idh2",1,33,614,226,81,102,50,4,152,268,206,538
"idh3a",0,0,5,2,0,0,4,2,14,1,3,1
"idh3b",1,27,7,7,0,0,6,0,18,2,4,7
"ido1",28,48,0,0,0,0,0,0,0,2,0,0
"ids",0,0,7,1,0,0,3,2,17,4,2,0
"ier3ip1",0,0,2,0,0,0,17,2,105,2,3,1
"ier5l",3,28,27,18,41,44,7,10,58,0,1,3
"iffo1a",3,45,1,5,0,0,14,1,2,1,0,1
"iffo1b",0,0,5,29,0,0,43,0,1,32,22,27
"iffo2b",8,39,11,5,0,0,1,6,7,1,0,1
"ifi30",0,0,9,0,0,0,1,0,59,1,4,10
"ifih1",2,47,0,4,0,0,3,7,52,1,4,1
"ifrd1",0,0,4,6,0,0,15,0,90,11,13,10
"ift172",16,44,1,0,0,0,6,0,10,3,1,2
"ift20",145,175,290,698,0,0,6,2,7,265,206,455
"ift22",1078,1089,9403,1603,0,0,0,0,13,0,1,3
"ift27",1,28,1,1,0,0,0,0,7,0,1,0
"ift57",2,8,5,4,0,0,2,2,16,12,0,3
"ift74",2,12,3,2,0,0,127,32,32,1,1,0
"ift80",1,21,0,1,0,0,2,1,16,2,4,2
"ift81",6,26,1,3,0,0,4,0,6,0,0,1
"ift88",25,57,1,3,0,0,53,29,21,1,1,2
"igbp1",10,11,2,3,0,0,5,5,57,2,10,3
"igf1",0,0,4,5,0,0,3,4,11,1,2,23
"igf1ra",28,48,9,21,2,21,9,0,11,6,4,5
"igf2b",0,0,52,3,22,53,1,1,59,6,10,19
"igf2bp2a",2,31,3,2,0,0,5,0,5,1,2,0
"igf2bp3",3,19,0,0,0,0,0,4,5,0,0,0
"igf2r",1,4,3,3,0,0,8,4,53,5,1,2
"igfbp2a",9,33,3,6,0,0,2,6,19,1,2,5
"igfbp3",12,60,2,29,0,0,2,1,0,7,8,9
"igfbp5b",0,0,6,5,0,0,0,2,22,1,0,0
"igfbp6b",0,0,9,0,0,0,1,4,39,2,1,2
"igfbp7",16,29,8,0,38,51,9,14,264,17,21,19
"igflr1",1,6,3,2,0,0,0,0,36,0,3,0
"ighmbp2",2,47,2,2,0,0,0,1,13,0,0,1
"igsf21a",2,40,0,6,0,0,2,0,2,2,2,0
"igsf3",0,0,6,3,0,0,2,10,6,3,8,4
"igsf9b",3,12,9,2,3,4,2,0,9,0,0,0
"ihha",106,146,7,269,95,133,0,0,1,225,177,122
"ikbkb",1,11,8,2,0,0,0,0,6,1,1,2
"ikbkg",0,0,5,5,0,0,0,0,46,2,2,1
"il10ra",2,30,4,0,0,0,0,0,12,0,0,3
"il11a",1,9,2,9,0,0,2,0,0,0,4,0
"il12rb2",1,24,0,0,0,0,0,0,6,0,0,1
"il13ra2",0,0,4,1,0,0,0,1,26,10,0,4
"il17d",2,21,6,38,88,120,1,0,7,348,245,324
"ilf2",747,749,9,28,0,0,97,24,94,8,9,10
"ilf3b",0,0,4,6,0,0,2,0,26,3,3,5
"ilk",0,0,4,0,0,0,0,8,21,1,1,4
"ilkap",1,30,1,0,0,0,0,0,17,1,0,0
"ilrun",3,25,0,1,0,0,2,0,5,9,4,2
"ilvbl",4,23,3,1,0,0,7,0,7,4,3,2
"im:7152348",4,26,1,2,0,0,1,3,4,1,1,5
"immp1l",51,65,65,71,0,0,92,38,25,0,0,2
"imp3",3,19,3,7,0,0,1,0,17,7,2,7
"imp4",1,19,1,0,0,0,5,0,16,0,1,1
"impad1",0,0,7,4,0,0,1,0,14,6,3,13
"impdh1a",0,0,7,73,0,0,63,2,6,3,5,3
"impdh1b",1,24,241,125,0,0,2,2,48,3,6,5
"impdh2",5,53,1,5,1,37,1,1,8,2,8,0
"inab",1,25,2,53,0,0,59,0,0,40,17,26
"ing2",3,25,1,1,0,0,0,2,16,1,1,3
"ing3",8,39,16,11,0,0,3,10,57,10,13,28
"ing5a",18,44,115,541,20,61,11,6,53,141,106,112
"inhbaa",1,40,2,2,0,0,5,0,12,1,0,0
"inhbb",2,34,2,0,0,0,2,2,10,0,1,3
"ino80",0,0,3,1,0,0,3,0,16,5,0,3
"ino80b",20,30,2,1,0,0,77,8,26,3,3,3
"ino80c",1,29,4,3,0,0,1,0,12,1,1,0
"ino80da",20,49,2,8,0,0,2,1,10,4,0,4
"ino80e",32,59,6,2,0,0,2,4,97,6,5,5
"inpp5b",0,0,5,2,0,0,0,4,30,2,0,1
"inpp5d",0,0,8,0,0,0,0,4,127,1,5,8
"inpp5e",32,61,17,186,0,0,12,4,9,24,18,29
"inpp5f",10,38,0,1,14,56,4,1,12,15,9,1
"inpp5ja",1,25,1,0,0,0,1,0,3,7,0,2
"inpp5ka",0,0,7,1,0,0,0,6,37,3,0,2
"inpp5kb",6,42,25,6,0,0,3,61,310,7,9,13
"inpp5l",0,0,5,18,0,0,64,2,34,4,2,0
"inppl1a",0,0,12,3,0,0,0,0,23,2,1,2
"inppl1b",60,65,2,1,0,0,0,0,16,0,2,1
"insig1",44,68,17,10,67,107,2,8,12,16,14,23
"insra",6,38,26,33,27,39,11,8,62,35,21,43
"ints1",0,0,6,5,0,0,7,0,13,0,2,4
"ints10",45,65,54,61,0,0,8,20,47,8,10,24
"ints11",3,10,51,7,0,0,0,0,7,12,28,42
"ints13",1,12,2,3,0,0,4,0,25,2,3,6
"ints14",476,484,6,27,15,41,49,110,73,1073,793,911
"ints3",0,0,4,3,0,0,4,2,41,7,8,3
"ints5",4,33,0,14,0,0,3,1,16,3,1,1
"ints6",10,23,2,0,0,0,1,0,4,2,0,3
"ints6l",2,6,4,3,0,0,9,0,9,9,4,4
"ints7",0,0,6,5,0,0,2,6,12,0,4,3
"ints8",0,0,1,5,0,0,3,0,9,1,2,3
"ints9",7,30,268,169,0,0,0,1,9,10,13,15
"intu",1,21,912,1090,0,0,21,19,27,0,0,2
"invs",0,0,453,319,0,0,0,0,2,2,0,0
"ip6k1",14,20,4,9,0,0,2,1,11,6,6,6
"ip6k2a",3,23,8,33,0,0,15,0,34,34,27,27
"ip6k2b",1,9,20,10,0,0,4,0,43,15,8,14
"ipo11",2,29,2,3,0,0,0,2,16,1,1,1
"ipo13",1,14,7,3,0,0,3,0,6,1,5,2
"ipo7",0,0,14,12,27,56,11,5,124,11,7,13
"ipo9",9,53,3,4,0,0,2,5,30,1,2,1
"ippk",6,33,24,12,0,0,1,1,1,11,9,28
"iqgap1",0,0,14,4,23,26,13,6,117,9,8,5
"iqgap2",0,0,8,4,0,0,58,1,37,5,4,5
"iqsec1b",23,32,10,107,28,50,25,5,6,88,53,45
"iqsec2b",0,0,0,1,53,90,5,2,9,6,0,0
"iqsec3a",5,8,0,7,0,0,11,0,2,1,0,1
"irak1bp1",71,106,292,93,0,0,43,127,170,3,1,5
"irak4",1469,1510,2,1,807,842,37,16,35,2,3,0
"irbpl",1,40,3,5,0,0,9,3,6,2,5,3
"ireb2",0,0,2988,971,0,0,5,10,53,5,8,10
"irf10",2,45,138,374,0,0,0,1,13,0,1,5
"irf2",0,0,5,3,0,0,0,3,7,1,0,1
"irf2bp1",40,66,130,169,0,0,72,13,55,44,21,41
"irf2bp2a",1,9,7,16,32,75,12,6,99,35,21,27
"irf2bp2b",1,24,0,2,0,0,5,6,61,2,1,3
"irf3",2623,2665,1115,11377,49,59,47,3,4,5176,2817,3884
"irf4b",5,36,0,0,0,0,0,0,1,0,0,0
"irf5",2,5,3,4,0,0,1,3,69,2,0,2
"irf7",0,0,262,541,0,0,0,0,1,0,0,0
"irg1l",9,38,0,0,0,0,0,0,0,1,0,0
"irs2a",12,46,9,35,0,0,16,3,27,27,17,18
"irs2b",1,44,1,2,10,18,6,1,14,1,2,5
"irx1b",7,13,0,0,0,0,0,0,0,0,0,0
"irx3a",1,41,3,1,0,0,1,0,7,10,1,11
"irx5a",1,21,0,1,0,0,0,2,5,1,1,0
"irx6a",8,39,0,2,0,0,7,1,2,10,13,8
"irx7",1,4,150,60,0,0,10,0,5,3,0,2
"isca1",1,5,17,17,0,0,10,3,33,12,23,14
"isca2",0,0,1,2,0,0,2,2,26,6,5,7
"iscub",105,119,496,58,217,243,92,49,1747,474,435,823
"isg20",6,27,1,2,0,0,0,0,11,0,0,5
"isl2a",5,12,4,0,0,0,2,1,0,5,1,0
"ism2b",0,0,10,2,0,0,0,0,10,0,1,2
"isoc2",0,0,163,208,0,0,253,104,192,1,2,5
"ist1",0,0,7,4,0,0,1,0,25,10,7,6
"itcha",1,22,4,12,0,0,0,2,9,2,4,7
"itchb",0,0,2,6,0,0,4,1,40,15,3,5
"itfg1",0,0,5,3,0,0,1,1,20,1,4,1
"itga10",111,154,203,171,0,0,3,2,8,0,0,0
"itga11b",3,29,0,1,0,0,0,0,2,6,3,2
"itga2.2",5,31,10,3,0,0,2,0,8,0,1,0
"itga3b",19,45,48,13,0,0,1,2,6,89,10,54
"itga4",34,74,139,1032,136,156,1,5,6,119,46,39
"itga5",8,13,8,3,0,0,0,5,10,0,5,0
"itga6a",0,0,0,0,35,51,0,0,8,4,1,0
"itga6b",19,53,7,7,0,0,11,3,22,106,53,52
"itga8",0,0,9,1,0,0,0,4,31,0,0,1
"itga9",0,0,6,0,0,0,0,0,17,7,9,12
"itgav",13,60,31,6,0,0,7,2,14,6,10,11
"itgb1a",1,7,85,9,0,0,2,4,225,41,23,38
"itgb1bp1",189,224,491,2407,0,0,0,5,10,1169,679,700
"itgb2",0,0,11,1,0,0,13,2,136,16,9,17
"itgb3a",2,31,4,6,0,0,0,1,27,0,2,6
"itgb4",0,0,9,2,0,0,5,7,56,3,1,8
"itgb5",0,0,5,1,0,0,2,2,29,1,2,1
"itgb8",0,0,4,3,0,0,7,8,21,1,3,3
"itgbl1",1,35,160,1299,5,15,60,17,214,331,172,219
"itih2",108,120,113,108,5,30,21,18,20,37,35,24
"itih5",7,14,19,3,0,0,3,0,27,1,8,6
"itih6",0,0,0,0,289,329,6,0,13,3,1,1
"itm2bb",1,48,163,25,0,0,24,24,1468,50,46,83
"itm2cb",51,56,0,1,0,0,0,0,1,0,0,0
"itpa",0,0,21,22,0,0,0,0,9,3,1,0
"itpka",0,0,1250,439,0,0,62,51,123,9,35,36
"itpkcb",90,97,2,2,49,80,5,79,34,6,1,15
"itpr1a",43,66,10,18,0,0,2,1,27,1,0,1
"itpr1b",2,15,2,2,6,44,12,2,26,5,2,6
"itpr2",1,9,6,2,0,0,9,14,38,4,0,2
"itsn1",0,0,1,1,0,0,7,0,15,7,1,3
"itsn2b",3,25,2,12,0,0,4,3,46,8,2,0
"ivns1abpa",20,55,5,13,0,0,16,18,200,3,4,11
"jag1b",5,45,19,7,0,0,1,2,38,0,0,0
"jagn1b",1,5,28,11,31,52,1,0,5,0,1,0
"jak1",1,37,62,116,0,0,7,5,130,22,5,5
"jak2a",1,18,3,0,0,0,1,2,202,5,0,4
"jak2b",2,35,6,1,0,0,0,3,46,2,2,0
"jak3",13,37,8,0,0,0,0,3,17,4,0,0
"jakmip1",0,0,0,5,0,0,4,1,39,1,0,2
"jakmip2",6,45,0,4,0,0,14,0,3,3,0,0
"jam2a",0,0,3,0,0,0,0,0,25,3668,4326,4052
"jam3a",1,40,5,1,0,0,1,1,21,0,0,1
"jam3b",0,0,3,1,0,0,0,0,13,6,1,7
"jazf1a",999,1031,467,2295,38,46,2,7,64,3,4,8
"jcada",1,24,28,7,0,0,9,27,100,14,14,20
"jmjd4",277,314,295,368,140,171,433,241,289,369,450,393
"jmjd6",2,47,15,161,0,0,11,0,5,16,4,4
"jmjd7",1,29,1,2,3,33,0,1,14,0,0,1
"josd1",2,27,6,0,0,0,2,2,16,4,1,1
"jph2",1257,1296,0,1,0,0,0,0,1,10347,15313,16199
"jpt1b",0,0,7,0,0,0,1,7,143,6,2,5
"jpt2",1,26,13,4,0,0,9,18,132,2,1,3
"jun",1,25,1,2,0,0,0,1,29,1,3,1
"junba",0,0,0,1,0,0,1,1,11,2,5,2
"junbb",1,34,6,3,0,0,5,4,72,3,4,9
"jund",2,35,3,4,0,0,5,6,55,5,1,5
"june",3,23,41,219,33,69,7,1,2,116,50,30
"jupa",0,0,29,6,0,0,5,2,44,33,36,54
"kank2",0,0,18,2,0,0,1,3,124,4,2,3
"kank3",5,10,27,1,0,0,0,13,327,7,15,15
"kansl1a",3730,3737,11,9,0,0,9,3,76,8,15,3
"kansl2",1,39,8,5,0,0,0,1,25,0,1,0
"kansl3",0,0,2,4,0,0,4,6,119,4,2,4
"kars1",1,46,27,13,0,0,6,9,186,8,15,28
"kat14",63,99,3,4,0,0,1,2,73,3,0,7
"kat2a",1,9,16,13,0,0,0,1,2,3,3,8
"kat2b",0,0,128,45,0,0,7,7,37,0,2,2
"kat6a",1,14,5,7,0,0,11,9,52,4,4,13
"kat7b",0,0,0,1,0,0,0,6,9,0,1,1
"kat8",2,40,0,0,0,0,3,4,79,4,5,2
"katna1",1,3,1,0,0,0,6,10,62,0,3,2
"katnb1",1971,1984,1,14,0,0,10,1,11,2,5,6
"kazald3",0,0,7,1,0,0,23,1,3,3,0,3
"kaznb",2,39,7,1,0,0,0,0,8,1,3,2
"kbtbd11",0,0,1,2,0,0,6,2,6,0,5,5
"kbtbd3",506,552,0,0,0,0,1,167,145,2,0,0
"kbtbd4",0,0,0,1,0,0,0,0,10,2,5,4
"kcmf1",0,0,5,3,0,0,3,2,20,10,3,1
"kcna1b",0,0,0,9,0,0,0,0,0,7,1,0
"kcna4",3,5,8,0,0,0,3,5,2,7,4,5
"kcna7",5,30,0,2,0,0,8,5,7,5,1,0
"kcnab1a",0,0,0,0,18,45,3,0,0,1,0,2
"kcnab2a",1,43,1,2,0,0,12,38,43,2,0,0
"kcnc1b",6,13,281,222,0,0,9,0,0,2,2,5
"kcnc2",2,45,0,0,0,0,5,4,0,0,0,0
"kcnd3",3,18,0,5,0,0,1,2,1,0,0,0
"kcne4",0,0,0,0,0,0,0,1,104,2,2,10
"kcng3",5,37,0,9,0,0,1,0,0,1,1,2
"kcng4a",1,23,0,5,0,0,3,0,2,1,2,0
"kcnh3",25,72,0,0,0,0,4,0,3,0,0,0
"kcnh6a",0,0,1,3,11,47,16,29,38,4,0,0
"kcnip1b",6,17,3,1,0,0,0,2,19,0,0,0
"kcnj10a",0,0,0,5,0,0,7,1,15,1,12,0
"kcnj11",52,87,10,56,0,0,66,0,1,41,31,37
"kcnj11l",103,125,7,5,0,0,6,0,11,7,5,5
"kcnj8",2,47,6,0,0,0,1,2,25,4,6,4
"kcnj9",5,35,0,8,0,0,7,0,8,5,1,5
"kcnk12l",10,57,2,31,20,30,581,50,22,88,28,16
"kcnk3b",0,0,19,15,0,0,0,0,0,1,1,1
"kcnk5a",1,30,3,0,0,0,0,3,21,1,0,0
"kcnk5b",24,43,13,2,27,70,0,3,8,25,90,24
"kcnk6",0,0,21,63,0,0,0,1,4,7,0,5
"kcnma1a",4,15,1,0,99,133,1,0,2,3,2,0
"kcnn2",0,0,0,0,46,48,0,0,0,0,0,1
"kcnn4",17,64,246,492,0,0,47,26,70,595,384,468
"kcnq2b",6,23,2,5,0,0,0,0,11,1,0,0
"kcnq3",0,0,0,0,19,23,10,0,0,0,0,1
"kcnv2b",11,39,31,105,21,51,99,5,42,94,87,48
"kctd12b",9,28,4,14,0,0,17,2,89,7,7,2
"kctd13",0,0,2,6,0,0,6,3,8,4,1,1
"kctd3",8,40,0,0,0,0,0,0,12,0,0,0
"kctd7",47,95,36,204,0,0,96,2,0,89,34,52
"kctd9a",99,112,0,4,0,0,2,1,6,1,0,0
"kdelr3",83,111,38,234,89,99,2,0,32,21,11,23
"kdm1a",1,13,1,5,0,0,6,0,18,4,2,4
"kdm2ab",0,0,10,7,0,0,3,4,23,6,6,4
"kdm2ba",0,0,9,2,0,0,3,3,20,3,0,0
"kdm2bb",61,95,19,117,13,14,7,6,21,140,112,55
"kdm3b",1,11,4,6,0,0,7,2,60,3,5,4
"kdm4b",0,0,6,1,0,0,2,1,32,0,2,5
"kdm5a",19,60,5,3,0,0,8,2,84,25,29,22
"kdm5ba",1,38,8,7,0,0,10,4,87,2,2,0
"kdm5bb",6,27,7,3,0,0,28,3,58,5,4,6
"kdm5c",0,0,1,7,0,0,2,2,40,4,6,8
"kdm6a",10,39,3,4,0,0,3,2,30,4,3,0
"kdm8",3,50,0,1,0,0,0,0,11,0,0,1
"kdr",0,0,27,7,0,0,17,5,219,17,15,21
"kdsr",0,0,11,9,0,0,1,0,7,4,6,6
"keap1b",0,0,4,7,0,0,9,0,29,6,1,7
"kera",2,22,4,20,41,51,10,0,2,10,5,2
"khdc4",1675,1680,2101,8050,0,0,166,41,20,54,12,23
"khdrbs1a",1,3,10,7,0,0,7,3,51,10,6,11
"khdrbs1b",0,0,5,1,0,0,6,1,27,1,4,5
"khdrbs2",15,35,0,0,0,0,0,0,0,0,0,0
"khk",5,13,3,4,0,0,2,0,9,3,1,3
"kidins220b",27,30,4,2,0,0,8,2,36,4,2,5
"kif13a",2,36,4,2,0,0,3,2,27,5,2,2
"kif13bb",0,0,1,1,0,0,5,1,14,0,0,0
"kif15",43,82,11,11,0,0,4,1,6,0,0,0
"kif17",54,88,1,0,0,0,3,0,0,0,0,0
"kif1aa",0,0,0,0,7,42,7,0,4,0,0,0
"kif1ab",1,2,5,11,0,0,13,0,5,20,8,5
"kif1b",2,4,1,9,44,45,17,6,32,6,1,3
"kif20a",164,173,240,280,0,0,57,28,35,3,0,0
"kif22",7,21,1,0,0,0,0,0,9,0,0,0
"kif25",15,17,0,6,0,0,15,9,16,1,0,0
"kif26ba",3,5,2,2,0,0,1,0,19,0,0,2
"kif3a",0,0,1,4,0,0,5,0,29,4,5,5
"kif3b",8,17,9,5,0,0,4,1,17,3,2,4
"kif3ca",4,16,6,24,0,0,2,0,9,16,7,1
"kif5ba",4,49,4,9,0,0,13,1,32,16,9,12
"kifap3b",0,0,2,4,0,0,2,3,44,11,1,8
"kifbp",0,0,5,0,0,0,10,2,31,2,3,2
"kin",1,26,1,1,0,0,2,5,16,2,3,2
"kirrel1a",1,5,6,2,0,0,1,2,38,2,3,9
"kirrel3l",1,28,0,1,0,0,1,0,5,1,1,0
"kita",0,0,15,7,0,0,13,3,120,2,0,2
"kl",204,206,0,1,20,60,0,1,0,1,0,1
"klb",8,50,0,5,0,0,1,2,1,5,2,2
"klc1a",1,29,5,22,0,0,33,1,25,3,6,4
"klf11a",2,32,1,1,38,43,6,2,50,0,0,1
"klf13",13,54,2,4,0,0,2,0,4,41,23,49
"klf6a",0,0,10,5,0,0,1,3,137,4,6,5
"klf8",0,0,2,1,0,0,5,0,8,3,4,0
"klf9",2,42,77,1197,82,88,3,1,2,712,483,498
"klhdc3",0,0,1,2,0,0,0,5,9,2,1,1
"klhdc4",1,10,3,1,0,0,1,1,9,4,0,1
"klhl13",6,28,0,2,0,0,3,0,11,4,4,4
"klhl15",222,269,1,1,0,0,2,1,9,2,3,5
"klhl17",18,49,30,39,0,0,7,3,4,1,1,4
"klhl18",4820,4837,3,19,0,0,51,5,18,15,11,12
"klhl2",4,41,0,0,0,0,0,0,6,1,1,0
"klhl20",0,0,7,1,0,0,1,0,11,1,2,5
"klhl21",0,0,0,1,0,0,3,1,7,64,48,55
"klhl24a",6,25,4,0,0,0,3,0,2,3,0,0
"klhl29",3,30,2,5,0,0,1,0,2,1,1,0
"klhl3",1,9,0,0,0,0,1,0,4,2,12,4
"klhl32",114,127,376,41,0,0,0,0,1,0,0,1
"klhl36",0,0,195,49,0,0,3,5,43,2,4,0
"klhl4",1,23,10,4,0,0,0,0,29,5,1,1
"klhl40a",2,20,2,29,0,0,0,0,0,41,17,35
"klhl40b",4,5,1,0,172,193,0,0,2,0,1,0
"klhl42",2,32,1,4,0,0,0,1,6,2,0,2
"klhl43",1,9,0,0,0,0,2,0,5,6,24,6
"klhl5",7,14,0,1,0,0,1,4,14,0,1,1
"klhl7",109,110,1,0,0,0,0,0,1,0,0,0
"kmo",8,29,33,181,0,0,0,0,0,0,1,0
"kmt2e",0,0,9,3,0,0,8,5,130,12,2,3
"kmt5b",2,13,2,9,0,0,4,1,5,1,2,7
"kpna1",1,37,1,2,0,0,0,0,14,0,1,1
"kpna3",0,0,11,6,0,0,1,2,9,0,0,0
"kpna4",1,46,27,17,37,72,9,10,149,31,16,24
"kpna7",45,51,239,191,0,0,2,5,15,18,20,13
"kpnb1",1,4,3,3,0,0,8,4,153,4,3,8
"kptn",1,43,0,0,0,0,4,0,10,0,1,1
"krcp",0,0,0,0,0,0,1,6,13,0,0,2
"kremen1",0,0,0,0,0,0,113,42,53,2,0,0
"kri1",0,0,4,1,0,0,2,2,40,5,2,2
"krit1",2,13,4,4,0,0,3,4,40,2,4,3
"krr1",18,44,25,2,0,0,1,8,59,3,5,0
"krt15",0,0,15,0,0,0,0,3,285,0,0,2
"krt18a.1",0,0,76,4,0,0,11,18,334,22,47,73
"krt18b",3,40,78,5,0,0,7,52,1014,1,15,37
"krt5",1,31,2,0,0,0,0,0,42,4,0,0
"krt8",0,0,396,15,0,0,28,87,2763,41,57,127
"krt98",0,0,0,0,0,0,7893,15564,20649,0,2,0
"kti12",0,0,1,5,0,0,0,0,7,0,1,0
"kyat1",2,17,0,0,0,0,0,0,8,0,5,0
"kyat3",1,32,1,0,0,0,4,0,18,1,0,1
"l2hgdh",13,45,3,0,0,0,0,2,9,3,0,1
"l3hypdh",176,205,573,1312,507,547,71,58,130,0,0,1
"l3mbtl1a",0,0,3,1,103,142,1,0,1,2,4,5
"lacc1",7,18,5,6,0,0,2,13,2,5,3,2
"lactb",95,128,3,2,0,0,0,1,13,9,1,1
"lactbl1b",2,24,0,4,36,74,8,0,0,1,6,7
"lamb1b",226,246,409,280,0,0,4,6,115,5,2,1
"lamb2",0,0,6,3,0,0,3,1,56,4,0,1
"lamb2l",2,45,2,3,0,0,2,1,7,2,2,1
"lamc3",0,0,30,0,0,0,8,7,298,0,1,0
"lamp1b",2,24,6,4,0,0,4,0,15,8,9,8
"lamp2",2,50,33,20,0,0,11,2,68,0,1,1
"lamtor1",2,11,18,5,0,0,1,0,35,4,6,16
"lamtor2",1,48,0,0,0,0,0,0,50,0,1,0
"lamtor3",6,26,4,5,0,0,39,7,254,0,11,1
"lamtor4",0,0,0,1,0,0,1,0,46,0,8,2
"lancl1",0,0,1,7,0,0,8,1,74,5,1,0
"laptm4a",2,27,19,11,0,0,12,9,114,17,15,13
"laptm4b",2,37,18,80,0,0,19,0,16,2,2,4
"larp1",0,0,7,1,110,119,5,2,77,14,4,6
"larp1b",3,34,4,0,0,0,2,7,30,0,0,4
"larp4aa",1,8,8,5,29,30,0,1,7,4,3,7
"larp6a",20,54,10,57,0,0,9,0,6,47,21,20
"larp6b",1,49,0,1,0,0,13,0,0,6,20,0
"larp7",35,66,13,35,0,0,7,1,45,0,2,0
"lars1b",0,0,2,2,33,69,6,2,44,6,3,3
"lasp1",6,46,29,8,0,0,1,1,99,15,6,6
"lats1",12,42,16,18,0,0,4,4,6,6,3,10
"lats2",3,15,10,0,3,33,3,3,44,9,2,4
"lbh",1,24,8,3,19,48,2,1,27,6,3,5
"lbr",0,0,21,11,32,75,1,2,37,18,14,37
"lck",1,12,0,0,0,0,1,2,20,0,0,1
"lclat1",0,0,167,248,0,0,1,0,11,5,2,1
"lcmt2",1,36,0,0,0,0,0,0,5,0,1,0
"lcp1",283,316,426,486,0,0,0,3,185,500,366,480
"lctla",1,21,0,0,0,0,18,1,10,0,0,0
"lctlb",35,58,208,97,0,0,0,0,0,3,9,5
"ldb1a",0,0,21,23,31,60,2,0,19,15,10,22
"ldb1b",1,20,8,16,0,0,12,15,129,13,6,11
"ldb2a",0,0,6,3,0,0,2,0,22,6,2,0
"ldb3a",5,20,0,4,0,0,4,0,0,1,0,3
"ldb3b",1,7,1,0,0,0,0,0,0,8,0,0
"ldha",0,0,11,1,21,56,3,0,8,12,66,10
"ldhbb",2,28,1,6,0,0,75,1,117,41,30,38
"ldhd",15,56,5,8,0,0,15,23,20,5,0,0
"ldlrap1b",4,27,0,2,0,0,0,0,7,2,1,2
"ldlrb",0,0,1,1,0,0,6,1,10,0,0,0
"lemd3",1,44,10,10,0,0,10,14,41,7,2,13
"leng8",0,0,0,0,0,0,5,1,19,0,0,0
"leo1",4,16,12,24,0,0,6,7,105,13,10,18
"letm1",0,0,4,6,0,0,5,0,5,14,2,3
"letm2",1,49,0,5,0,0,3,8,16,13,6,3
"letmd1",1,36,0,0,0,0,87,451,330,0,1,1
"lfng",1,43,5,3,0,0,3,0,12,5,4,7
"lgals3a",49,86,397,426,0,0,0,0,43,4,5,14
"lgals3b",1,43,1,0,0,0,2,0,38,2,2,9
"lgals8a",0,0,121,116,0,0,1,4,91,74,72,251
"lgals8b",0,0,0,5,0,0,3,2,38,4,1,0
"lgalslb",1,17,6,2,0,0,1,1,19,3,0,2
"lgi1a",0,0,224,974,0,0,2,1,3,3,4,2
"lgi1b",9,54,0,2,0,0,0,0,0,0,2,2
"lgmn",2,40,12,3,0,0,2,2,135,3,7,5
"lgr4",5,34,3,0,0,0,0,0,1,2,0,4
"lhfpl3",2,44,1,3,0,0,24,0,4,5,0,1
"lhfpl4a",23,81,2,0,0,0,10,1,1,0,0,0
"lhfpl5b",1600,1634,0,0,3,33,0,1,0,0,0,0
"lhpp",1,46,3,1,0,0,2,0,19,9,7,4
"lhx4",19,42,0,4,0,0,1,0,0,1,0,0
"lhx8b",2,8,1,1,27,66,2,5,15,8,4,7
"lifra",0,0,7,10,0,0,18,2,62,18,6,9
"lig1",0,0,0,5,0,0,1,0,22,6,3,2
"lig3",49,89,82,108,69,71,50,114,86,142,119,173
"lim2.2",64,95,0,0,0,0,0,0,0,0,0,0
"lim2.3",0,0,9,2,27,30,25,26,37,1,1,4
"limk1b",4,34,1,7,0,0,5,3,15,3,1,1
"limk2",6,40,0,3,0,0,3,0,11,0,2,1
"lin54",1,8,0,2,6,44,0,0,11,0,1,2
"lin7a",0,0,1,9,0,0,1,5,11,0,0,0
"lin7b",0,0,32,37,0,0,8,1,57,23,30,35
"lin7c",0,0,13,17,0,0,1,0,8,0,0,1
"lipca",0,0,2343,635,399,401,0,1,4,0,0,0
"lipf",97,106,2,3,0,0,59,63,202,533,305,356
"lipg",7,43,2,1,3,8,0,0,29,4,7,2
"lipia",15,32,2,7,120,145,0,0,10,33,6,9
"lipib",14,50,0,4,0,0,8,0,0,0,1,0
"lipt1",0,0,0,2,27,32,0,0,7,0,0,1
"lman1",4,44,3,6,0,0,4,1,22,2,2,2
"lman2",1,27,21,3,0,0,0,0,37,3,5,4
"lman2lb",1,39,0,3,0,0,5,0,7,1,0,2
"lmbr1",0,0,0,0,2,35,0,0,5,1,1,2
"lmbrd1",4,50,32,58,0,0,59,7,57,77,62,61
"lmbrd2b",0,0,2,8,16,58,2,1,10,8,14,8
"lmcd1",2,22,1,8,0,0,0,8,4,4,3,2
"lmf2a",1,28,12,3,0,0,7,10,107,5,9,18
"lmnb2",10,20,14,1,0,0,5,0,21,1,4,5
"lmnl3",11,22,15,47,0,0,243,11,42,15,9,14
"lmo1",1,12,4,0,0,0,0,0,14,0,1,0
"lmo2",2,8,6,2,0,0,0,2,29,12,10,6
"lmo3",1,32,0,1,0,0,0,0,0,12,9,10
"lmo4a",1,2,8,1,0,0,0,1,14,1,4,1
"lmo4b",0,0,1,0,0,0,6,3,15,11,6,8
"lmod1b",0,0,41,3,0,0,0,9,72,1,2,6
"lmod2b",2,32,0,0,0,0,0,0,0,6,0,0
"lmtk2",13,61,2,4,0,0,4,4,26,2,0,0
"lmx1al",181,184,140,291,82,87,1,0,3,39,6,14
"lmx1bb",0,0,7,0,0,0,0,5,24,2,1,4
"lnpep",0,0,5,5,0,0,20,3,60,5,3,5
"lnx1",8,43,1,1,0,0,3,0,3,5,8,4
"lnx2a",9,45,0,5,0,0,3,1,1,2,4,0
"lnx2b",5,6,1,4,43,63,0,1,10,0,0,0
"lonp1",2,26,5,7,0,0,2,5,19,4,1,6
"lonp2",2,30,0,1,0,0,3,0,22,1,1,11
"lonrf1",2,44,0,0,0,0,2,0,9,0,4,0
"lonrf1l",795,811,8,47,0,0,19,8,75,19,5,13
"loxa",1,27,7,1,0,0,0,3,29,2,1,0
"loxhd1a",2,18,1,0,0,0,2,1,8,1,1,0
"loxl1",0,0,13,0,0,0,1,1,25,1,4,6
"loxl2a",170,208,155,139,0,0,4,5,19,174,143,156
"loxl2b",0,0,7,1,0,0,3,1,18,1,0,0
"loxl3b",22,40,30,1,0,0,8,10,233,0,7,16
"lpar2a",2,19,3075,2344,148,187,206,248,348,20,43,72
"lpar4",1,15,5,0,0,0,16,3,19,0,1,1
"lpcat3",18,42,5,10,0,0,1,0,10,16,13,12
"lpin1",0,0,0,4,0,0,2,0,11,29,0,6
"lpin2",217,258,2,0,0,0,5,1,27,274,294,583
"lpl",1,38,2,0,32,39,0,6,680,6,0,2
"lpp",0,0,2,1,20,34,0,2,29,3,2,0
"lratb.2",2,45,21,6,0,0,3,32,81,0,2,2
"lratd2",0,0,4,0,0,0,0,3,24,0,0,6
"lrba",22,53,15,26,0,0,26,8,45,980,394,572
"lrch1",1,27,1,1,0,0,0,0,1,4,7,0
"lrch2",0,0,1,0,7,39,1,0,0,0,0,0
"lrfn1",26,47,0,3,0,0,0,0,3,0,0,0
"lrfn4b",46,80,2,2,0,0,9,0,9,3,0,2
"lrig1",1,3,1,3,0,0,2,1,16,0,5,1
"lrig2",1,33,2,1,0,0,2,0,12,2,1,2
"lrit1a",1,4,1,30,0,0,12,1,8,9,6,5
"lrit1b",5,50,23,95,0,0,31,0,10,38,30,13
"lrit2",0,0,0,7,0,0,5,0,1,3,4,5
"lrit3a",0,0,0,5,0,0,6,0,3,4,8,5
"lrmda",1,22,0,0,0,0,149,12,68,0,0,0
"lrp10",0,0,9,1,0,0,3,4,37,1,2,4
"lrp12",2,16,1,13,1,33,0,0,16,5,5,0
"lrp1aa",1,4,27,6,57,80,9,15,158,8,7,10
"lrp1bb",1,7,0,0,0,0,1,12,1,0,0,0
"lrp6",0,0,5,6,0,0,0,0,16,4,0,1
"lrpap1",29,35,16,24,0,0,0,2,38,1,1,3
"lrrc14b",1315,1359,1934,3704,0,0,1,0,0,2873,3205,3206
"lrrc18a",11,34,73,10,0,0,0,1,0,1,0,0
"lrrc24",2,50,0,1,31,71,4,0,0,0,1,0
"lrrc29",411,421,30,56,0,0,0,0,5,0,2,1
"lrrc38b",0,0,0,5,0,0,2,0,0,2,5,1
"lrrc39",8,26,54,100,58,63,2,1,4,57,33,54
"lrrc4.1",10,39,5,2,0,0,2,3,13,5,2,1
"lrrc40",3,38,0,0,0,0,5,0,6,0,0,1
"lrrc42",1,28,0,0,317,359,0,0,1,0,1,0
"lrrc47",0,0,0,0,0,0,0,1,22,5,1,1
"lrrc51",1761,1772,0,1,0,0,0,0,0,0,1,0
"lrrc57",7,17,0,2,0,0,2,0,31,14,25,22
"lrrc58a",0,0,15,1,0,0,0,1,9,1,0,0
"lrrc6",2,14,0,0,0,0,3,1,2,5,4,5
"lrrc61",1,3,4,9,0,0,5,0,1,2,2,1
"lrrc8aa",17,50,5,2,0,0,2,0,1,0,2,3
"lrrc8ab",2,10,8,5,0,0,0,1,1,3,1,4
"lrrfip2",0,0,24,12,42,76,3,10,49,4,4,1
"lrrk2",1,49,3437,4999,0,0,0,0,12,1,0,4
"lrrtm1",15,21,0,1,0,0,1,0,0,3,0,0
"lrrtm2",1,34,0,4,0,0,3,2,28,1,0,0
"lrsam1",0,0,6,0,0,0,1,4,34,3,3,3
"lrtm1",3,26,0,3,38,77,3,3,7,88,46,45
"lrtm2a",17,61,3,1,0,0,0,0,0,1,0,2
"lsg1",0,0,1,1,0,0,0,6,29,0,1,1
"lsm1",2,19,2,0,0,0,77,37,28,0,0,1
"lsm11",0,0,8,3,0,0,3,3,11,6,12,6
"lsm12b",8,16,52,71,0,0,4,1,25,7,7,3
"lsm3",2,46,3,3,0,0,2,1,45,2,3,2
"lsm4",0,0,14,17,0,0,4,7,42,7,12,5
"lsm5",66,92,1,5,0,0,4,9,13,551,801,1976
"lsm6",1,31,0,0,0,0,0,2,6,0,2,0
"lsm7",4,32,8,0,0,0,1,0,10,4,0,9
"lsm8",43,67,7,4,0,0,0,1,17,2,10,5
"lta4h",5,23,118,181,0,0,96,9,68,0,0,1
"ltb4r2b",0,0,0,2,0,0,0,0,1,80,68,54
"ltbp1",0,0,31,2,0,0,1,4,113,7,2,7
"ltk",0,0,208,101,0,0,1,2,59,2,2,3
"lto1",6,42,3,6,0,0,0,0,2,0,0,4
"ltv1",27,37,8,6,0,0,2,4,52,2,13,12
"luc7l",88,130,47,3,0,0,53,75,77,2,0,6
"luc7l3",3,48,8,30,0,0,53,13,77,21,15,20
"lum",0,0,5,1,0,0,2,6,171,1,7,2
"lurap1",2,48,0,0,0,0,3,25,21,1,0,0
"luzp2",2,50,0,3,0,0,5,3,3,3,1,2
"lxn",77,124,4,14,49,72,15,5,30,82,48,57
"ly75",13,33,3,1,0,0,3,5,24,1,2,2
"lyar",2,33,1,1,0,0,0,1,35,0,6,2
"lyn",1,39,6,4,0,0,29,11,27,8,5,8
"lypla1",146,159,6,213,5,28,4,0,25,2,3,2
"lypla2",1,34,6,5,0,0,2,0,18,10,13,14
"lyrm5a",0,0,1,0,0,0,1,0,12,9,2,1
"lyrm7",0,0,2780,1795,0,0,0,0,0,0,0,0
"lysmd1",1,6,1302,259,31,46,0,7,19,1,0,5
"lysmd2",3,25,1837,15312,0,0,34,4,13,41,22,25
"lysmd3",115,153,88,978,100,142,42,0,15,191,126,121
"lyst",3,12,3,6,0,0,0,3,30,0,0,5
"lzic",35,62,2,0,0,0,2,1,9,1,1,0
"lzts1",79,102,6,80,280,318,7,1,4,12,5,9
"lzts2a",5,44,22,16,0,0,10,3,42,9,5,1
"lzts2b",340,368,6,3,0,0,3,0,14,9,9,13
"m1ap",0,0,0,0,0,0,1,5,27,0,0,0
"m6pr",405,406,4,5,0,0,1,3,8,1,0,2
"mab21l1",31,40,11,60,28,47,21,1,4,48,32,19
"mab21l2",10,49,1,3,0,0,1,4,9,0,0,1
"maco1a",0,0,0,2,26,68,1,0,7,0,0,0
"maco1b",0,0,3,8,30,46,2,3,24,8,2,3
"macroh2a1",3,37,1,0,0,0,8,0,16,2,3,1
"macroh2a2",0,0,1,0,0,0,4,0,28,5,3,6
"mad2l1bp",1,14,1283,987,0,0,4,1,7,13,5,12
"mad2l2",3,5,8,5,0,0,0,0,4,9,9,6
"madd",14,37,2,9,0,0,15,4,32,12,5,11
"maea",8,24,6,6,0,0,0,0,34,7,6,7
"maff",0,0,4,3,0,0,1,1,7,6,4,2
"mafk",1,35,3,19,31,74,1,1,1,74,32,11
"mag",0,0,0,10,14,31,21,1,4,1,3,8
"magi1b",0,0,0,5,0,0,4,0,7,1,5,0
"magi2a",0,0,1,0,32,64,0,0,6,1,0,2
"magi3b",5,31,0,1,30,32,7,28,26,9,5,9
"magoh",249,273,112,208,242,255,2,1,30,370,189,247
"magt1",6,43,1,2,0,0,1,1,28,0,2,1
"maip1",10,23,0,2,0,0,1,0,5,5,1,2
"mak",926,963,2649,2308,91,110,66,53,98,432,403,416
"mak16",3,44,1,4,0,0,1,3,40,3,3,3
"malt1",1,45,3,0,0,0,0,0,7,0,0,1
"maml1",1,23,3,2,0,0,0,1,11,5,1,2
"man1a1",0,0,2,2,0,0,5,0,9,5,0,2
"man2b2",3,34,304,360,0,0,1,2,31,2,0,1
"man2c1",228,245,517,237,0,0,28,95,67,12,12,11
"manba",1,10,0,0,0,0,1,8,15,160,60,97
"manea",1,44,0,3,0,0,4,7,15,0,5,8
"manf",8,44,1,0,0,0,0,1,13,6,5,4
"map1aa",8,26,9,25,62,97,35,1,20,21,11,13
"map1b",0,0,1,12,0,0,108,1,14,10,5,13
"map1lc3a",1,39,9,7,0,0,9,4,39,9,10,17
"map1lc3b",9,30,48,16,0,0,0,1,30,16,15,28
"map1lc3cl",8,54,0,0,0,0,0,0,2,0,0,0
"map1sa",6,30,7,0,24,42,5,4,55,2,4,2
"map2k1",23510,23536,153696,30229,0,0,1,2,12,1,1,1
"map2k2a",0,0,13,6,0,0,1,0,16,6,3,1
"map2k2b",0,0,1,5,0,0,0,0,26,1,2,2
"map2k4b",0,0,5,5,0,0,8,3,18,2,4,1
"map3k10",1,22,0,8,0,0,6,2,2,0,0,0
"map3k12",0,0,95,59,0,0,0,0,0,0,0,0
"map3k21",1,26,2,3,0,0,1,1,2,1,3,5
"map3k22",1,45,3,0,0,0,0,2,81,3,6,1
"map3k3",2,39,3,0,0,0,0,4,14,2,0,0
"map3k4",0,0,4,8,30,60,8,0,39,0,3,0
"map3k5",5,19,1,7,0,0,4,4,127,4,8,7
"map3k8",16,57,1,0,0,0,0,0,9,1,0,2
"map4k3b",0,0,2,1,4,45,0,0,9,2,5,5
"map6a",7,13,33,82,0,0,45,6,6,26,47,36
"map6b",0,0,0,7,0,0,45,2,25,42,61,29
"map6d1",202,241,3,2,0,0,4,1,4,6,3,0
"map7d1a",0,0,0,3,0,0,9,7,47,5,3,2
"map7d3",359,379,5,3,162,187,11,21,51,464,526,551
"mapk10",3,25,0,4,0,0,17,0,1,2,1,4
"mapk13",3,11,1,0,0,0,0,0,25,1,1,2
"mapk14b",1,6,3,2,0,0,0,0,45,3,1,1
"mapk3",2,12,8,12,0,0,0,0,8,8,6,11
"mapk6",20,44,20,8,0,0,23,15,114,21,15,31
"mapk8a",0,0,1965,695,255,267,2,0,7,318,1058,1553
"mapk8ip3",4,29,499,1543,3,25,10,1,30,18,14,12
"mapk9",1,6,594,175,47,50,3,0,20,604,617,770
"mapkap1",2,10,0,1,0,0,5,0,21,2,0,1
"mapkapk3",0,0,5,4,0,0,2,2,28,5,2,2
"mapre1b",3,21,24,6,0,0,6,5,28,9,5,1
"mapre2",13,33,7,4,0,0,10,1,32,12,5,2
"mapre3a",0,0,0,1,0,0,7,2,10,1,2,6
"mapta",3,11,2,25,0,0,17,0,1,29,12,29
"march2",0,0,10,5,0,0,2,2,22,10,4,8
"march5",1,14,9,3,0,0,3,3,62,64,17,85
"march6",3,32,60,18,0,0,13,4,33,73,68,67
"march7",4,49,7,6,27,33,25,3,79,506,276,477
"march8",0,0,6,0,35,56,2,0,16,13,9,4
"marcksb",0,0,0,2,0,0,5,2,10,1,0,5
"marcksl1a",4,11,178,97,0,0,184,187,874,147,133,236
"marcksl1b",0,0,38,25,0,0,40,47,478,18,29,57
"mark1",5,45,383,399,0,0,1,0,14,9,6,3
"mark4a",3,12,1,11,0,0,6,0,2,4,6,3
"mars1",0,0,1259,1467,0,0,271,140,54,2028,1710,2708
"mars2",4,22,0,0,0,0,445,373,490,499,335,499
"marveld1",9,46,1,2,0,0,0,0,16,3,1,5
"marveld2a",1,34,2,0,0,0,0,0,12,3,1,2
"mast2",0,0,0,3,30,33,3,0,15,0,1,0
"mast3a",2,43,13,8,0,0,7,0,34,15,23,27
"mast3b",1,45,5,0,0,0,3,0,1,1,1,4
"mat1a",24,80,1494,267,0,0,1,0,8,181,164,246
"mat2aa",1,25,14321,1888,0,0,5,6,30,2,1,1
"mat2ab",1,41,2,0,0,0,0,5,57,4,2,4
"mat2b",0,0,11,5,0,0,0,0,51,4,7,3
"matn3b",0,0,0,0,0,0,0,6,28,7,3,1
"matn4",4,48,0,0,0,0,0,0,20,0,0,1
"mau2",24,33,8,4,0,0,6,4,16,1,0,1
"max",1,8,1,2,0,0,2,0,15,0,3,2
"maza",1,39,1,2,0,0,7,1,36,4,1,0
"mb21d2",1,9,0,0,0,0,4,1,7,2,1,0
"mbd2",3,42,3,1,0,0,1,0,21,1,0,3
"mbd3a",14,55,0,0,0,0,0,1,11,0,0,1
"mblac2",20,64,6,21,0,0,15,7,6,26,7,9
"mbnl1",2,35,8,0,0,0,3,19,144,2,2,4
"mbnl2",3,9,7,22,30,34,5,1,11,17,8,4
"mbnl3",0,0,12,0,0,0,0,0,6,0,0,1
"mboat1",2,36,4,7,0,0,1,1,2,0,0,0
"mboat2a",0,0,3,2,0,0,6,2,4,0,2,10
"mboat2b",1,27,1,0,0,0,11,11,9,0,0,0
"mboat7",0,0,2,5,0,0,0,0,1,6,4,3
"mbpa",1,40,5,2,98,115,133,2,79,3,1,4
"mbtd1",1,48,1,0,0,0,1,3,11,3,5,14
"mbtps1",0,0,10,4,0,0,5,2,128,7,6,6
"mbtps2",1,24,3,0,0,0,2,0,19,3,4,0
"mc2r",0,0,73,11,34,60,5,0,0,0,0,0
"mcamb",0,0,20,1,0,0,3,3,125,19,14,13
"mcee",16267,16307,0,0,0,0,0,8,38,66,41,59
"mcfd2",0,0,11,1,0,0,1,1,20,0,7,15
"mcl1b",0,0,18,2,0,0,14,31,495,2,12,12
"mcm2",2,36,0,0,0,0,0,0,7,1,0,1
"mcm3ap",1,18,3,6,0,0,7,0,32,3,4,0
"mcm8",15,59,1,6,0,0,7,2,2,0,0,1
"mcmbp",1,39,3,2,0,0,10,2,9,2,6,8
"mcrip1",0,0,5,5,0,0,6,0,8,6,5,5
"mctp1a",2,30,0,11,0,0,7,10,14,0,0,0
"mcts1",129,138,61,68,0,0,5,1,37,82,57,73
"mcu",0,0,6,1,0,0,1,0,8,8,3,4
"mdc1",6,51,3,7,0,0,20,11,62,5,4,7
"mdga1",2,9,0,0,0,0,47,1,3,1,0,0
"mdh1aa",3,45,10,13,0,0,12,9,197,17,20,35
"mdh1ab",14,58,42,78,13,46,15,1,27,17,13,39
"mdh1b",221,268,0,0,0,0,1,0,0,0,0,3
"mdh2",4,33,12,19,0,0,53,23,189,26,14,15
"mdkb",5,6,0,0,0,0,11,1,75,2,1,3
"mdm4",1,28,3,8,0,0,2,0,11,2,3,7
"mdn1",9,22,4,6,0,0,2,3,32,7,2,1
"me2",0,0,2,5,0,0,1,1,7,1,5,0
"me3",34,41,4,4,0,0,5,2,20,11,2,4
"mea1",0,0,24,19,44,61,15,7,46,9,5,8
"meaf6",7,19,1,2,34,53,9,9,32,0,2,2
"mecr",16,41,6,0,0,0,3,1,3,83,13,10
"med1",2,34,5,6,0,0,3,2,44,6,0,4
"med12",3,27,5,3,0,0,8,5,41,4,6,7
"med13a",0,0,3,5,0,0,4,8,50,10,2,2
"med13b",2,41,4,4,26,36,8,1,49,3,1,12
"med14",1,13,1,0,0,0,1,1,20,3,0,0
"med15",1,22,4,1,37,72,4,4,37,303,456,608
"med17",0,0,0,0,0,0,1,0,13,5,0,4
"med18",0,0,2,1,0,0,0,2,8,2,0,5
"med20",38,68,525,244,0,0,1,0,6,0,1,1
"med21",183,229,291,536,0,0,9,1,8,1,5,1
"med22",371,403,452,576,408,411,362,301,458,595,613,833
"med23",35,50,3,1,33,61,0,0,9,2,2,4
"med24",32,66,28,10,0,0,1,1,47,0,1,6
"med25",0,0,0,3,0,0,5,2,23,1,1,2
"med29",115,162,3,2,0,0,1,1,8,0,0,1
"med4",0,0,6,0,0,0,1,1,15,0,0,0
"med6",1,23,0,1,0,0,0,1,8,0,1,1
"mef2aa",1,9,4,3,23,40,5,3,25,11,2,5
"mef2cb",1,11,2,5,41,78,9,3,49,24,9,9
"megf6b",3,32,813,2534,150,158,0,0,14,0,0,1
"meis1b",2,48,2,31,0,0,17,1,28,22,10,12
"meis2a",7,45,3,5,0,0,3,1,3,4,3,1
"meltf",1,5,0,22,0,0,0,0,1,1,2,1
"memo1",1,24,6,21,21,28,2,0,13,23,8,23
"mesd",13,51,10,4,28,46,0,0,36,0,0,0
"mest",0,0,5608,3125,0,0,0,1,16,2,13,6
"metap1",30,75,8,3,0,0,43,33,132,1,1,3
"metap2b",0,0,44,15,0,0,42,36,1138,60,51,88
"metrn",1,37,2,0,0,0,2,0,9,0,0,2
"metrnlb",1,32,11,0,0,0,0,0,52,1,2,2
"mettl13",0,0,150,129,0,0,0,1,6,0,0,2
"mettl15",23,34,0,0,0,0,1,0,0,0,0,0
"mettl16",0,0,7,0,0,0,3,0,9,1,0,0
"mettl21a",989,1024,1735,1805,430,454,4,6,15,2009,1320,1794
"mettl25",0,0,17,25,0,0,0,0,4,34,24,58
"mettl27",0,0,37,11,0,0,0,0,8,0,0,0
"mettl2a",8,11,0,6,0,0,1,2,9,1,2,0
"mettl5",573,601,79,32,6,11,534,524,689,530,483,791
"mettl6",103,134,1,0,0,0,0,1,1,270,122,99
"mettl8",44,88,3,16,0,0,28,24,24,1,2,2
"mettl9",1,2,8,0,0,0,0,1,12,2,1,2
"mex3b",9,36,7,4,0,0,8,8,18,5,1,1
"mfap1",380,408,8673,1926,0,0,7,2,50,9,5,5
"mff",9,39,3,1,0,0,0,4,24,1,0,0
"mfge8b",0,0,14,1,0,0,0,2,36,13,12,15
"mfhas1",5,32,16,7,0,0,6,0,13,17,6,6
"mfn1b",23,63,5,2,0,0,0,1,21,0,1,6
"mfn2",0,0,1,6,38,45,2,2,19,10,5,2
"mfng",0,0,6,2,0,0,0,0,14,4,3,5
"mfrp",9,47,5,7,0,0,7,3,12,0,3,7
"mfsd10",0,0,2,0,0,0,0,7,64,0,0,0
"mfsd11",0,0,6,6,0,0,0,0,18,2,1,5
"mfsd2ab",1,31,2,2,0,0,0,0,6,0,3,0
"mfsd2b",2,37,0,5,120,128,0,0,0,581,427,312
"mfsd4aa",1,30,0,0,72,75,1,4,2,0,0,0
"mfsd4b",4,46,3,2,0,0,0,2,9,5,1,5
"mfsd6a",1,35,0,0,0,0,0,0,0,6,0,3
"mfsd8",2,50,1,0,0,0,3,2,17,3,0,0
"mgat2",1,15,1,4,0,0,0,0,25,5,1,0
"mgat4a",0,0,5,2,0,0,1,0,13,0,0,0
"mgrn1b",9,24,7,21,0,0,10,3,47,10,48,19
"mgst3b",0,0,9,4,0,0,0,3,177,0,0,0
"mia",3,27,2,3,0,0,0,0,10,51,8,30
"mib1",3,44,4,2,0,0,0,4,32,1,4,3
"mib2",0,0,2,23,0,0,7,1,26,5,2,0
"mibp",5,16,4,6,0,0,1,3,75,25,28,12
"mibp2",0,0,256,16,24,66,24,98,3617,119,144,163
"mical3a",2,50,3,1,0,0,4,2,17,7,3,1
"micos13",0,0,291,312,548,558,322,248,388,0,2,1
"micu1",1,22,12,7,0,0,4,1,79,551,368,512
"micu2",408,425,0,1,0,0,27,18,51,714,573,790
"mid1",7,85,11,7,0,0,10,0,32,1,4,0
"midn",4,6,3,3,0,0,1,0,7,7,3,9
"mief1",0,0,4,1,0,0,0,0,7,2844,4332,5882
"mier1b",33,61,8,3,33,42,0,0,41,122,156,207
"mier3b",38,60,0,2,1,12,0,2,19,9,10,10
"mif",1,16,2,4,0,0,12,0,48,1,8,2
"mif4gda",0,0,757,1088,116,118,0,0,2,575,539,768
"miga1",2,8,2,3,54,63,4,0,6,7,5,5
"miga2",14,40,0,0,0,0,1,0,15,0,0,2
"mindy2",1,46,1,4,0,0,1,3,8,1,0,3
"mindy4b",23,68,3,11,0,0,84,10,1,0,0,0
"mink1",1,23,2,4,0,0,0,1,12,2,0,3
"minpp1a",2,50,10,1,0,0,6,1,34,3,1,5
"miox",98,144,0,0,0,0,0,0,0,0,0,0
"mipa",272,282,0,0,478,484,0,0,1,0,0,0
"mipep",1,26,1125,289,0,0,2,0,11,3,8,7
"mitd1",243,271,0,1,0,0,0,1,7,3,0,0
"mitfb",10,55,0,0,0,0,0,3,3,1,1,0
"mkks",5,10,1,13,0,0,1,0,0,8,3,3
"mknk1",0,0,0,0,0,0,0,0,8,3,2,7
"mknk2b",1,49,17,35,0,0,8,0,16,2,10,5
"mkrn2",2,7,4,9,0,0,0,5,50,9,8,13
"mkxa",3,40,7,0,0,0,0,3,7,0,2,0
"mlf1",1,47,582,630,0,0,1,0,0,1,1,6
"mlf2",0,0,4,0,0,0,13,7,80,7,5,7
"mlh1",0,0,0,2,0,0,230,310,291,0,6,1
"mlpha",2,46,0,0,0,0,0,2,60,0,0,0
"mlst8",2,6,3,2,0,0,1,0,23,0,0,0
"mlx",1,31,37,27,1,12,3,1,7,15,22,44
"mlxip",0,0,6,1,0,0,0,0,14,1,0,4
"mlycd",19,47,20,35,0,0,16,10,41,11,18,15
"mmaa",12,16,1,1,0,0,2,2,5,1,0,0
"mmab",56,104,144,42,0,0,0,0,1,8,30,59
"mmd",6,39,6,12,0,0,1,1,14,8,14,5
"mmgt1",1,18,20,9,1,33,2,0,2,2,3,2
"mmp13b",0,0,10,0,0,0,0,0,7,2,0,1
"mmp14a",2,12,6,2,0,0,1,0,20,4,1,13
"mmp14b",0,0,29,0,0,0,4,18,477,5,3,3
"mmp15a",23,38,15,44,0,0,1,5,86,11,2,0
"mmp15b",0,0,0,0,0,0,0,5,5,0,0,0
"mmp16b",0,0,1,1,28,52,5,0,1,2,0,2
"mmp19",1,42,0,0,76,106,0,3,1,211,158,186
"mmp2",0,0,39,3,0,0,5,25,293,3,13,22
"mmp28",205,249,318,1076,0,0,0,1,28,5,5,3
"mms19",36,83,388,833,0,0,68,45,43,10,9,8
"mms22l",250,263,9,17,27,64,3,0,9,15,18,18
"mn1b",0,0,1,3,35,38,0,0,18,4,2,1
"mnat1",97,116,289,237,33,63,1,2,8,216,240,311
"mns1",1,49,8,40,0,0,162,11,13,0,0,0
"mnta",2,32,3,1,0,0,3,1,11,5,8,2
"mntb",14,55,0,1,0,0,0,0,4,3,1,2
"mob1a",0,0,3,0,0,0,0,1,7,2,8,4
"mob1bb",0,0,36,39,0,0,67,8,64,47,40,29
"mob2a",0,0,3,0,0,0,7,2,100,0,2,4
"mob3a",3,48,6,14,0,0,20,10,27,8,3,5
"mob3c",3,40,1,0,0,0,0,1,8,0,0,2
"mogat2",0,0,0,0,0,0,0,0,0,228,147,95
"mogat3a",3,14,1,0,0,0,0,0,19,1,0,0
"mogat3b",10,50,0,5,0,0,19,7,3,14,6,15
"mon1bb",1,41,3,2,0,0,1,0,4,5,0,4
"mon2",1,46,11,5,0,0,3,1,45,2,4,7
"morc2",0,0,13,6,0,0,16,8,44,11,4,13
"morn2",5,26,0,0,0,0,3,0,0,1,0,1
"morn3",0,0,1,8,0,0,0,1,0,5,3,1
"morn4",2,10,1,10,0,0,29,2,2,1,1,0
"morn5",532,573,0,6,0,0,1381,475,488,0,0,0
"mos",34,63,0,0,0,0,9,2,6,0,0,0
"mospd1",0,0,7,1,0,0,4,5,20,1,2,7
"mospd2",39,57,5,3,0,0,2,1,20,2,4,1
"mov10a",2,4,3,0,0,0,1,3,37,2,2,7
"mpc1",1,37,5,5,0,0,1,2,11,0,0,3
"mpc2",6,8,23,19,0,0,0,3,9,0,1,0
"mpg",608,651,0,0,23,39,2,0,3,0,0,0
"mphosph10",0,0,808,345,0,0,275,314,459,349,664,431
"mpl",2,45,0,5,0,0,0,0,34,221,155,208
"mpnd",7,50,17,1,0,0,10,42,28,4,8,9
"mpp1",1,28,3,1,0,0,5,3,68,2,5,5
"mpp3a",1,22,0,5,0,0,0,0,1,0,1,0
"mpp4l",2,22,2,8,0,0,0,0,0,4,2,22
"mpp5b",8,24,9,25,0,0,11,0,12,15,10,18
"mpp6a",0,0,5,1,0,0,0,0,11,1,5,1
"mppe1",6,50,3,7,26,65,12,0,1,5,2,5
"mpped2a",0,0,8,7,0,0,5,0,9,4,3,10
"mprip",2,13,6,9,0,0,17,12,109,16,4,14
"mpv17l2",0,0,0,0,32,43,0,0,1,1,3,1
"mpx",0,0,7,2,0,0,0,1,94,0,4,0
"mpz",19,46,42,24,164,202,58,5,61,11,27,13
"mpzl1l",0,0,10,1,0,0,3,1,34,0,1,1
"mrc1a",1,9,2,1,0,0,0,0,34,0,0,2
"mrc2",0,0,36,2,0,0,14,4,261,4,0,0
"mre11a",0,0,40,46,79,104,26,9,21,2,0,1
"mrgbp",1,40,5,5,0,0,2,4,43,12,5,5
"mrm2",2,21,0,7,0,0,1,1,0,0,0,0
"mrm3a",0,0,494,499,0,0,0,0,0,0,0,3
"mroh1",0,0,1,5,0,0,4,1,14,1,1,1
"mrpl10",0,0,0,5,0,0,1,2,16,2,0,3
"mrpl13",3,22,1042,366,0,0,1,0,10,5,4,1
"mrpl14",3,41,762,1272,0,0,18,2,7,910,765,843
"mrpl15",7,47,4,1,0,0,1,0,19,2,1,2
"mrpl16",1,5,8,2,0,0,2,2,33,1,4,6
"mrpl17",293,296,1,0,18,40,0,0,12,4,1,1
"mrpl18",235,267,776,300,113,148,7,10,19,1024,625,913
"mrpl2",4,27,5,2,0,0,1,1,44,0,0,0
"mrpl20",0,0,1,2,0,0,1,0,10,5,3,2
"mrpl22",11,13,34,52,0,0,2,0,16,0,0,0
"mrpl30",647,650,1633,1775,0,0,1,0,11,2,1,2
"mrpl32",1,15,7,2,0,0,0,0,23,0,1,2
"mrpl35",2,46,237,487,0,0,3,4,35,470,433,273
"mrpl36",0,0,0,3,0,0,2079,731,1078,0,0,0
"mrpl37",0,0,3,64,0,0,2,0,16,0,0,2
"mrpl38",0,0,1,1,0,0,0,1,11,1,8,0
"mrpl39",1,31,4,1,0,0,0,0,10,7,2,1
"mrpl4",1,30,1,5,0,0,37,16,21,3,0,1
"mrpl43",35,62,22,42,0,0,1,0,16,49,46,33
"mrpl44",1,33,3,5,0,0,14,1,29,2,2,2
"mrpl45",10,33,20,476,0,0,5,1,28,4,8,8
"mrpl47",0,0,1215,1235,79,112,472,145,221,1216,1136,1288
"mrpl48",1,32,86,42,0,0,7,6,55,58,46,91
"mrpl9",0,0,1541,2552,0,0,1,1,5,2095,1473,1595
"mrps10",1,24,5,0,86,101,0,0,9,8,10,2
"mrps11",0,0,8,1,0,0,1,2,29,0,6,6
"mrps14",1,28,0,3,0,0,0,0,11,1,6,3
"mrps18a",3,36,61,32,0,0,5,4,26,15,16,18
"mrps18c",1,48,27,44,140,170,0,0,49,448,429,705
"mrps22",538,554,4,16,1,11,0,0,25,0,0,0
"mrps23",14,20,1,1,0,0,0,1,12,1,3,1
"mrps25",0,0,1585,2892,768,781,16,3,33,2711,1447,1899
"mrps26",8,32,2337,298,0,0,0,0,22,0,1,2
"mrps28",49,78,0,8,0,0,4,9,71,13,2,9
"mrps30",2,20,859,562,236,247,3,1,7,1098,609,1461
"mrps33",17,35,5,13,0,0,9,3,52,17,4,8
"mrps34",14,15,0,11,0,0,5,0,36,2,1,2
"mrps35",2,41,103,48,0,0,4,10,15,1,7,2
"mrps36",3,45,590,833,150,190,16,4,11,1044,1137,942
"mrps7",218,241,422,589,15,35,1,1,23,57,81,62
"mrps9",3,8,1,3,0,0,2,3,18,1,1,4
"mrs2",14,61,12,29,0,0,0,4,5,20,29,9
"mrtfab",0,0,8,2,0,0,9,6,97,7,2,9
"mrto4",259,272,5,6,0,0,3,0,23,93,118,126
"msh2",1,48,2,2,0,0,5,1,27,1,2,1
"msh4",0,0,0,0,0,0,0,0,0,37,64,84
"msh5",15,56,4,19,0,0,569,40,11,95,40,55
"msh6",158,163,1271,1923,121,160,199,157,280,1,1,2
"msi1",7,21,10,65,0,0,13,1,8,36,17,27
"msl2a",58,95,370,50,0,0,0,2,8,316,204,295
"msmo1",4,38,5,4,29,68,1,0,2,17,5,5
"msna",3,32,78,4,0,0,10,21,333,11,24,43
"msra",18,40,1,23,38,43,2,1,7,18,17,16
"msrb3",1,15,6,9,0,0,3,2,31,10,9,11
"mstnb",0,0,16,2,7,35,0,0,5,0,2,1
"msto1",3385,3389,1,4,0,0,1,1,26,0,1,1
"msx3",108,149,210,223,0,0,1,0,0,0,0,1
"mta1",0,0,1,1,0,0,6,1,16,3,0,0
"mta2",6,27,5,5,0,0,10,5,33,5,2,3
"mta3",6,10,4,4,0,0,5,3,71,2,6,3
"mtap",1,31,125,81,0,0,2,6,30,11,43,35
"mterf3",21,58,0,0,0,0,0,0,8,0,0,0
"mtfr1",70,76,195,314,0,0,0,2,8,1,0,0
"mtfr1l",0,0,14,3,0,0,3,2,18,3,2,3
"mtg1",300,312,1,1,0,0,14,0,7,45,81,58
"mthfd1b",0,0,2,0,0,0,1,0,11,7,0,4
"mthfd1l",1,27,5,3,0,0,0,3,8,0,3,1
"mthfd2",4,30,7,10,34,39,2,1,60,3,4,2
"mthfr",46,87,17,150,170,191,15,0,13,13,16,1
"mthfsd",32,51,17,54,72,80,1,0,6,0,0,0
"mtif3",6,16,2,9,0,0,4,0,25,0,0,2
"mtmr11",3,43,93,352,0,0,1,1,19,0,2,3
"mtmr1a",0,0,0,0,0,0,7,2,7,13,1,19
"mtmr3",0,0,1,1,0,0,98,10,38,3,4,1
"mtmr6",1,27,3,0,0,0,3,1,32,1,0,0
"mtnr1aa",1,44,5,3,0,0,0,1,2,0,1,0
"mtnr1bb",5,34,0,0,0,0,10,13,6,3,2,5
"mtnr1c",7,37,2,8,30,70,1,0,1,3,4,3
"mtor",1,17,1,4,0,0,11,6,76,2,0,1
"mtpap",9,32,0,0,0,0,0,1,4,0,3,0
"mtpn",0,0,15,4,0,0,2,1,34,0,1,0
"mtres1",107,145,842,774,113,153,9,5,26,11,11,17
"mtrex",22,52,28,40,0,0,2,1,35,0,2,2
"mturn",6,53,2,28,0,0,8,1,4,11,0,6
"mtx1a",0,0,22,20,0,0,2,0,85,14,4,13
"mtx2",0,0,5,1,0,0,1,1,28,2,1,1
"mul1a",0,0,58,120,0,0,1,2,2,0,0,0
"mus81",3,35,1573,1897,0,0,245,254,350,1,3,2
"mut",0,0,7,2,0,0,1,5,49,1,5,3
"mvb12ba",0,0,1,1,0,0,2,0,1,4,5,8
"mvb12bb",2,36,6,0,0,0,2,4,0,1,4,1
"mvda",0,0,0,1,0,0,9,1,13,6,0,1
"mxd1",0,0,7,1,0,0,2,0,10,2,0,0
"mxd3",0,0,866,555,0,0,0,0,2,1050,1318,1577
"mxd4",0,0,1,0,0,0,0,2,2,5,3,6
"mxi1",3,31,6,9,0,0,2,2,17,3,5,1
"mxra8b",0,0,13,4,0,0,2,3,70,8,4,5
"mybpc2a",15,24,3,13,0,0,4,0,0,1,1,0
"mycbp",279,305,22,805,227,252,17,0,7,567,285,297
"mycn",7,20,4,2,0,0,6,5,10,0,2,1
"myd88",0,0,9,0,0,0,2,1,74,2,3,6
"mydgf",124,167,9,4,40,56,21,3,27,222,34,129
"myef2",56,99,113,26,0,0,5,7,57,10,19,26
"myh10",7,32,13,6,113,144,8,1,42,17,4,7
"myh11a",1,23,50,26,0,0,26,22,386,32,28,26
"myh7ba",2,25,0,4,0,0,96,45,88,8,2,11
"myh9a",1,21,2,4,0,0,5,2,111,4,1,2
"myl1",2,24,202,1925,630,654,0,0,0,372,211,256
"myl13",0,0,0,0,37,79,0,0,0,11,14,8
"mylipa",6,12,4,6,0,0,2,1,13,6,1,3
"mylk4a",3,6,11,2,0,0,2,0,5,2,2,4
"mylk5",0,0,3,0,0,0,0,1,7,3,1,8
"mylka",0,0,88,5,0,0,3,9,51,10,12,13
"mylpfa",6,34,0,0,115,129,0,0,0,24,0,1
"mylpfb",0,0,0,0,16,26,1,0,0,1,0,0
"mylz3",0,0,0,1,63,103,0,0,0,6,0,0
"myo10",0,0,9,8,0,0,2,2,39,4,7,7
"myo18aa",1,22,2,4,0,0,10,0,11,2,2,2
"myo1b",0,0,10,6,0,0,5,0,25,0,2,3
"myo1ca",18,50,14,9,0,0,11,17,88,2,0,4
"myo1cb",0,0,13,3,0,0,2,2,48,7,2,0
"myo1ea",3,6,2,6,0,0,0,5,36,0,1,0
"myo1ha",3,30,368,170,29,72,0,2,2,0,0,0
"myo3a",0,0,2,23,0,0,20,3,9,11,8,7
"myo3b",7,46,0,0,0,0,0,0,0,0,0,1
"myo5aa",1,3,14,8,0,0,18,6,58,3,1,5
"myo5b",0,0,2,1,0,0,1,7,45,0,1,4
"myo6b",1,7,1,8,0,0,13,0,2,3,2,0
"myo7ab",1,24,0,11,0,0,1,1,4,4,2,2
"myo9ab",0,0,0,4,0,0,6,3,39,4,1,0
"myod1",0,0,0,0,5312,5338,0,0,0,1,0,1
"myof",16,35,0,1,0,0,23,7,101,3,3,0
"myofl",0,0,8,0,0,0,4,4,70,2,2,8
"myog",1,41,28,319,490,524,0,0,0,85,56,91
"myot",453,471,0,0,275,293,5,5,8,0,0,0
"myrf",13,56,2,2,0,0,2,7,11,1,1,1
"myrip",4,11,6,1,0,0,2,5,2,0,0,0
"myzap",1,42,6,0,0,0,0,0,21,0,1,0
"mzt2b",0,0,81,117,0,0,0,0,2,0,2,2
"n4bp1",2,28,8,11,0,0,3,0,25,3,2,6
"n4bp2",63,94,0,2,0,0,1,0,16,0,1,3
"n4bp3",17,20,932,1332,0,0,4,0,3,10,9,14
"n6amt1",151,172,598,193,0,0,0,0,7,263,326,526
"naa10",0,0,30,8,0,0,9,5,191,2,21,24
"naa20",0,0,547,454,0,0,18,26,79,1105,637,1151
"naa30",7,35,3,15,0,0,5,1,4,1304,542,476
"naa35",1,37,18,41,0,0,4,2,14,0,1,2
"naa38",0,0,746,527,200,213,0,0,25,680,536,746
"naa40",0,0,20,7,0,0,4,1,10,2,8,3
"naa50",0,0,11,9,0,0,4,0,27,3,7,5
"naalad2",4,45,0,0,0,0,4,0,6,0,1,0
"nab2",2,22,52,30,0,0,1,0,2,2,1,0
"nabp1a",1,28,7,1,0,0,4,0,12,3,3,4
"nacc1a",0,0,0,2,0,0,3,3,26,15,6,11
"nacc1b",3,33,2,1,0,0,2,1,8,0,0,0
"nadk2",6,21,33,31,0,0,5,0,6,7,1,5
"nadka",0,0,2,16,0,0,82,130,199,14,11,0
"nadkb",7,31,0,0,0,0,0,0,11,16,7,11
"nadsyn1",2,14,2,1,0,0,2,2,11,4,7,10
"nae1",0,0,2,4,0,0,5,3,15,5,1,9
"naglu",0,0,0,6,0,0,1,2,7,2,0,1
"nagpa",2,4,5,2,0,0,0,0,10,0,0,3
"naif1",6,36,0,4,15,51,4,0,2,5,4,12
"nalcn",0,0,0,6,0,0,9,1,8,2,6,8
"nanp",136,168,382,438,0,0,8,5,3,362,205,420
"nap1l1",3,50,49,18,0,0,6,5,227,10,12,21
"nap1l4a",0,0,5,6,0,0,6,3,42,1,0,1
"napab",0,0,4,5,31,58,3,5,48,2,2,5
"napepld",90,135,83,26,0,0,2,5,35,2,9,2
"napgb",0,0,5,16,0,0,22,4,25,7,14,9
"naprt",0,0,1,0,0,0,3,10,3,9,7,5
"narf",0,0,2,4,0,0,3,2,31,1,0,6
"narfl",229,245,244,449,259,270,2,0,13,525,551,529
"nars1",0,0,12,3,0,0,6,3,52,5,1,5
"nasp",1,7,1,2,0,0,0,0,28,2,0,1
"nat10",1,19,134,365,0,0,4,2,7,59,88,63
"nat14",0,0,2,4,0,0,5,0,5,1,1,3
"nat15",0,0,6,3,0,0,0,0,7,4,3,3
"nat16",7,50,4,7,0,0,4,0,2,1,0,1
"nat9",0,0,0,0,0,0,0,0,1,10,0,7
"nav2a",1,23,2,1,0,0,2,5,3,4,2,3
"naxe",4,23,3,19,0,0,0,0,23,0,2,0
"nbas",1,30,172,208,0,0,25,17,43,2,0,1
"nbeaa",0,0,14,34,18,45,14,9,21,6,0,1
"nbeal2",1,22,1,0,0,0,2,3,87,6,1,4
"nbn",2,46,71,124,0,0,1,0,4,0,2,5
"nbr1a",0,0,3,2,0,0,2,3,39,2,0,5
"ncalda",1,34,2,8,0,0,3,1,61,11,1,14
"ncaldb",1,25,42,301,0,0,108,1,34,232,141,95
"ncam1a",0,0,15,9,0,0,8,3,17,4,4,4
"ncam1b",0,0,7,17,22,35,33,0,18,5,15,6
"ncapd2",3,19,0,1,0,0,0,4,13,1,1,2
"ncapd3",0,0,0,0,29,51,0,1,2,0,0,1
"ncbp3",2,18,1,0,0,0,5,5,53,5,4,4
"ncdn",1,16,0,3,0,0,55,13,45,2,1,2
"ncf1",1,41,9,0,0,0,0,1,36,3,8,4
"ncf2",1,32,870,568,0,0,10,0,8,484,478,512
"ncf4",1,32,3,1,0,0,7,1,20,2,0,1
"nck1b",1587,1604,16,10,0,0,4,2,45,8,11,16
"nck2a",4,50,0,0,0,0,0,0,9,0,0,0
"nckap1",5,47,823,463,0,0,22,14,102,17,8,8
"nckipsd",13,46,6,13,0,0,22,1,5,31,14,15
"ncl",4,26,71,43,0,0,29,21,285,65,33,58
"ncln",2784,2793,4,1,0,0,5,0,15,5,1,0
"ncoa2",1,49,2,3,0,0,4,0,24,3,6,3
"ncoa3",6,53,14,4,1,8,6,1,24,4,3,4
"ncoa4",11,38,31,5,0,0,10,19,387,21,12,14
"ncoa5",16,30,6,20,0,0,20,1,41,26,14,15
"ncor2",0,0,1,7,0,0,9,4,33,1,7,5
"ndc1",2,5,1,0,0,0,0,0,9,1,1,5
"ndel1a",0,0,0,3,0,0,6,0,7,0,1,0
"ndel1b",2,27,3,0,0,0,2,6,22,5,4,4
"ndfip1",534,573,364,631,106,130,25,14,87,307,275,285
"ndfip1l",0,0,11,14,7,45,4,1,43,19,17,17
"ndfip2",0,0,10,3,0,0,5,8,29,5,13,11
"ndnl2",4,16,5,0,0,0,49,3,26,9,8,5
"ndor1",108,123,532,385,0,0,3,1,17,0,0,1
"ndrg1a",84,106,1135,481,182,192,94,10,93,470,875,1483
"ndrg2",5,9,8,50,0,0,12,1,19,4,1,2
"ndrg3a",0,0,7,8,0,0,9,1,16,21,17,22
"ndrg4",3,45,11,62,46,72,59,4,8,8,5,5
"ndst1a",2,9,6,3,0,0,0,1,5,1,4,10
"ndst2a",2,48,10,6,0,0,2,0,13,2,1,3
"ndst3",0,0,0,5,30,50,6,0,5,0,2,0
"ndufa1",1,46,3,2,0,0,2,0,28,4,4,3
"ndufa10",0,0,6,2,0,0,11,0,101,8,4,6
"ndufa12",1,20,13,13,0,0,9,2,120,10,4,10
"ndufa3",223,239,0,1,0,0,1,0,73,2,2,1
"ndufa4l2a",0,0,16,10,0,0,1,3,31,8,40,25
"ndufa4l2b",0,0,0,6,0,0,15,3,20,2,4,3
"ndufa5",49,60,157,148,79,87,9,7,145,315,287,397
"ndufa6",595,623,722,1824,168,171,23,22,70,53,27,32
"ndufa8",0,0,3,5,0,0,8,0,47,4,2,1
"ndufa9a",0,0,3,3,0,0,9,2,88,5,4,9
"ndufab1b",6,28,7,7,179,198,11,0,81,834,321,546
"ndufaf1",0,0,2,0,115,144,0,0,9,172,110,428
"ndufaf2",2,41,1556,1357,189,205,16,3,7,22,23,34
"ndufaf3",7432,7475,28,144,1729,1743,139,18,26,421,189,352
"ndufaf5",25,56,3,0,17,22,31,6,50,3,1,0
"ndufaf6",0,0,0,0,0,0,36,33,39,0,0,0
"ndufaf7",3,51,0,0,0,0,1,1,10,1,0,0
"ndufb10",3,4,1,2,0,0,1,3,78,5,8,1
"ndufb11",2,25,5,11,0,0,0,0,36,5,4,9
"ndufb2",0,0,3,1,112,151,4,1,113,1,6,4
"ndufb3",18,26,39,58,93,119,32,109,71,82,130,124
"ndufb4",60,78,3,7,0,0,1,0,35,7,8,11
"ndufb5",10,48,1,5,0,0,8,7,90,3,3,10
"ndufb6",0,0,2,0,0,0,7,0,28,0,5,2
"ndufb7",1,29,619,2173,0,0,10,1,87,45,6,11
"ndufb8",0,0,4,5,0,0,3,4,71,3,4,0
"ndufb9",20,63,17,188,32,71,184,9,50,3,2,4
"ndufc2",1,32,2655,31836,0,0,1,0,32,470,224,276
"ndufs2",1,29,17,27,42,84,33,9,225,22,36,19
"ndufs3",0,0,6,4,0,0,15,3,142,7,7,5
"ndufs4",1,29,2,0,0,0,7,3,58,1,4,6
"ndufs5",11,36,6,5,3,45,0,1,57,1,3,2
"ndufs6",4,9,165,143,0,0,0,1,47,0,5,6
"ndufs7",18,22,30,187,0,0,85,3,101,85,47,37
"ndufv1",1,47,12,9,0,0,5,9,165,11,5,11
"ndufv2",175,212,45,247,322,344,39,2,30,39,19,41
"nectin1b",0,0,10,7,0,0,7,0,7,7,5,5
"nectin3b",4,33,1,1,0,0,1,0,5,2,1,2
"nedd1",6,8,0,0,0,0,8,8,41,2,0,0
"nedd4l",1,11,3,0,0,0,3,0,20,0,0,3
"nedd9",1,10,6,1,0,0,2,1,26,0,0,3
"neflb",1,9,0,2,0,0,10,0,1,1,1,0
"nefma",5,48,0,6,0,0,47,0,18,4,2,2
"negr1",8,38,0,4,0,0,20,5,3,6,2,6
"neil1",210,232,276,141,0,0,3,2,6,233,213,220
"neil3",21,54,222,214,24,32,68,29,41,2,4,15
"nek12",0,0,1,4,0,0,105,50,63,240,304,315
"nek6",1,24,0,1,16,42,0,1,9,2,1,6
"nek7",0,0,6,4,0,0,3,2,20,3,1,0
"nelfa",0,0,1169,981,23,34,2,6,44,3,1,3
"nelfb",3,17,0,0,0,0,0,5,40,0,1,1
"nelfcd",0,0,1476,287,0,0,4,1,39,0,0,0
"nelfe",25,48,472,340,0,0,6,4,60,333,262,498
"nemp1",1,2,857,549,0,0,0,0,0,712,1298,1059
"neo1a",4,6,8,4,19,38,0,6,12,6,9,7
"neto1",6,46,1,0,0,0,6,0,0,0,2,2
"neto2b",1,19,0,5,0,0,3,0,0,6,3,3
"neu1",1,5,13,4,0,0,0,0,17,5,3,1
"neu4",1,30,75,164,0,0,7,7,7,8,4,3
"neurl1aa",2,31,2,13,0,0,2,0,0,1,0,1
"neurl1b",1,40,2,1,0,0,0,0,37,5,1,6
"neurl4",4,48,1,6,0,0,6,4,26,418,247,358
"neurod1",0,0,6,7,59,92,313,150,4459,43,22,13
"neurog3",92,96,6,0,0,0,1,0,0,0,4,0
"nexn",18,31,0,15,0,0,24,0,4,8,0,3
"nf1a",6,39,5,0,0,0,7,0,3,1,1,0
"nf2b",0,0,62,46,30,65,0,1,8,0,0,1
"nfat5a",2,15,0,0,0,0,3,2,6,0,0,0
"nfat5b",0,0,4,2,0,0,2,2,10,5,2,11
"nfatc1",0,0,0,0,10,12,0,0,2,1,0,0
"nfe2",6497,6530,1,2,738,766,69,68,235,9676,7556,10222
"nfe2l2a",11,59,1088,2114,1018,1039,96,29,174,1747,1465,1548
"nfe2l3",3,6,6,2,0,0,0,5,15,1,2,3
"nfil3",1,9,0,0,0,0,6,0,3,1,0,0
"nfil3-3",1,21,1,2,0,0,4,0,6,6,1,4
"nfil3-5",3,14,1,2,18,54,1,0,5,1,2,6
"nfil3-6",0,0,1,13,0,0,12,2,38,1,5,3
"nfkb1",616,651,1,5,191,204,0,1,28,1,16,4
"nfkbiaa",0,0,0,0,0,0,0,5,102,1,7,3
"nfkbiab",1,49,1101,1238,0,0,4,0,41,1772,1515,1455
"nfkbie",0,0,5,0,0,0,1,1,12,4,3,3
"nfrkb",1,47,4,12,0,0,3,2,11,18,10,21
"nfs1",1,4,19,12,0,0,3,2,41,10,7,17
"nfu1",23,46,3,2,0,0,3,5,44,2,9,2
"nfybb",0,0,10,0,0,0,2,2,85,4,2,4
"nfyc",0,0,3,8,0,0,2,0,10,3,9,12
"ngdn",3,6,6,2,0,0,125,12,32,2,4,3
"ngly1",0,0,1,2,0,0,2,0,20,2,0,5
"ngrn",0,0,0,0,19,39,0,0,8,1,0,0
"ngs",156,159,356,227,0,0,0,0,0,0,0,0
"nhej1",1,16,0,4,0,0,0,0,24,0,3,0
"nhlrc2",0,0,54,206,0,0,23,14,9,1,2,2
"nhp2",2,31,2,5,0,0,2,0,82,2,1,3
"nhsa",0,0,8,0,61,80,2,3,4,2,0,0
"nhsl1b",9,15,12,34,0,0,2,2,22,20,1,10
"nhsl2",0,0,3,4,0,0,0,2,7,5,4,1
"niban2a",1,18,1,0,0,0,2,2,30,331,468,418
"niban2b",0,0,6,0,0,0,0,2,65,5,3,1
"nid1a",0,0,15,4,0,0,2,11,544,3,2,6
"nid1b",0,0,4,9,0,0,2,0,47,0,0,0
"nid2a",2,10,271,576,0,0,10,4,80,0,0,1
"nifk",0,0,3,1,0,0,2,0,30,0,1,5
"nim1k",5,6,6,8,0,0,0,5,0,13,19,15
"nin",0,0,5,32,0,0,60,5,81,33,11,11
"nip7",378,426,429,574,211,217,92,86,133,395,370,421
"nipa1",54,78,26,60,19,58,0,0,0,3,3,1
"nipa2",2,14,4,2,1,37,2,4,10,0,0,0
"nipal3",55,87,4,19,0,0,3,5,12,4,1,3
"nipbla",0,0,3,6,0,0,10,7,82,2,5,3
"nipblb",0,0,10,5,0,0,22,14,62,6,3,14
"nipsnap2",208,212,462,978,0,0,260,89,94,1488,2404,1379
"nipsnap3a",0,0,124,104,1,15,18,10,61,0,2,1
"nisch",0,0,18,6,0,0,10,9,19,1,2,1
"nit2",5,48,24,8,0,0,3,0,21,3,7,34
"nkain1",4,45,36,8,0,0,0,1,11,0,2,1
"nkain4",41,47,1,0,0,0,0,1,58,0,3,7
"nkiras1",0,0,2346,2009,272,306,5,9,8,0,0,0
"nkiras2",4,35,13,8,19,54,7,0,33,7,12,12
"nkrf",1286,1301,3281,2594,0,0,6,0,20,2755,3880,2989
"nkx2.2a",1,24,1,2,0,0,8,0,0,1,0,2
"nkx6.2",1,47,1,0,0,0,10,18,51,1,0,0
"nlk1",1,35,7,9,0,0,6,3,9,2,2,3
"nlk2",1,45,1,2,0,0,2,0,5,0,2,0
"nln",5,37,0,5,0,0,103,7,5,1,0,1
"nlrx1",0,0,1,6,0,0,1,3,18,1,0,0
"nmd3",0,0,3,0,0,0,0,8,27,2,3,3
"nme4",0,0,0,0,0,0,0,7,9,1,1,0
"nme6",27,65,8,72,0,0,2,0,1,28,23,18
"nme7",38,54,109,43,0,0,278,662,413,114,103,160
"nmnat1",2,4,2,0,19,37,0,0,7,1,1,3
"nmnat2",47,74,57,15,0,0,0,0,9,2,0,3
"nmrk1",4,26,1,0,0,0,0,1,47,1,4,5
"nmt1a",10,58,10,16,0,0,3,1,116,5,1,6
"nmur3",2301,2317,0,19,0,0,48,5,1,494,330,241
"nnt",1,40,1,3,0,0,3,1,20,4,6,14
"nnt2",3,6,179,230,0,0,20,0,50,7,10,4
"noc3l",0,0,20,26,0,0,2,4,36,1,2,13
"nol4la",2,28,0,0,0,0,5,0,0,0,0,0
"nol4lb",1,32,0,0,0,0,1,1,3,4,1,13
"nol6",16,53,14,15,0,0,13,6,9,32,26,19
"nol7",2072,2075,5,1,24,34,477,392,467,594,792,590
"nol9",8,17,14,12,0,0,0,3,13,0,0,2
"nomo",4,42,6,10,0,0,4,1,11,1,1,2
"nono",0,0,7,7,0,0,12,4,70,0,5,1
"nop10",1,3,6,6,0,0,5,1,47,0,3,1
"nop14",0,0,3,4,0,0,3,1,22,0,2,9
"nop16",17,19,10,6,0,0,3,1,64,1,0,3
"nop2",3,21,4,3,0,0,0,1,8,3,2,4
"nop53",5,7,1,1,0,0,3,6,27,4,1,2
"nop56",3,29,20,4,0,0,10,10,182,19,9,22
"nop58",29,70,69,92,0,0,4,5,74,27,43,31
"nosip",0,0,14,20,27,29,0,1,6,6,34,31
"nostrin",24,59,13,3,0,0,4,1,13,33,6,35
"notch1a",0,0,5,0,0,0,1,0,13,4,0,2
"notch1b",0,0,23,2,0,0,2,8,200,9,3,9
"notch2",0,0,37,2,0,0,10,7,221,5,2,3
"notch3",1,23,211,460,28,56,6,5,95,25,28,31
"notum1a",2,50,0,2,27,51,1,1,0,0,0,0
"nox1",367,393,431,551,0,0,22,24,43,3,1,0
"npas2",2,35,1,0,0,0,4,0,5,4,1,1
"npb",177,205,165,66,0,0,0,0,3,0,0,0
"npc1",0,0,10,4,0,0,9,0,34,4,0,2
"npc2",15,28,4,0,0,0,1,3,61,4,1,8
"npdc1a",6,51,8,36,33,59,20,0,24,23,15,17
"npdc1b",1,33,0,3,13,31,0,0,0,0,0,0
"npepl1",6,27,13,9,0,0,3,3,32,8,6,4
"npepps",3,15,14,34,0,0,14,6,43,21,16,9
"nphp3",5,16,13,4,0,0,23,19,39,5,4,8
"npm1a",0,0,16,6,0,0,3,3,77,3,2,7
"npm3",9,19,1,2,0,0,1,0,19,5,6,3
"npnta",0,0,9,0,0,0,1,8,55,1,5,3
"npr2",4,52,3,0,0,0,0,3,21,0,0,0
"npr3",7,30,14,13,0,0,7,5,37,0,0,0
"nprl2",1,19,0,1,0,0,3,1,11,24,26,44
"nprl3",103,115,2,1,0,0,5,2,13,19,19,13
"nptna",6,39,0,0,0,0,1,1,1,4,2,4
"nptnb",10,11,23,31,35,51,7,2,17,11,6,6
"nptx1l",1,26,1,8,0,0,3,0,3,2,2,2
"nr1d2b",24,41,16,22,0,0,16,6,82,10,4,17
"nr1d4a",4,13,2,1,0,0,0,1,11,2,0,1
"nr1d4b",0,0,1,5,0,0,3,3,96,3,1,0
"nr1h4",0,0,0,0,18,29,0,0,0,0,1,0
"nr1h5",3,31,224,526,272,288,1,0,2,392,139,286
"nr2c1",3,37,1,3,0,0,1,0,9,2,0,2
"nr2c2",7,38,1,2,0,0,0,0,13,2,4,0
"nr2c2ap",0,0,280,172,0,0,23,34,36,0,0,0
"nr2e1",545,547,0,0,37,67,2,1,5,0,1,0
"nr2f1a",0,0,38,4,0,0,4,9,33,15,7,5
"nr2f2",1,41,19,8,0,0,0,5,50,7,6,5
"nr3c1",1,5,15,6,0,0,1,3,30,12,9,5
"nr3c2",1,4,6,2,0,0,0,0,6,4,0,0
"nr4a3",0,0,1,0,31,71,0,0,1,0,0,0
"nr5a5",468,504,0,0,0,0,1,0,1,0,0,0
"nrbp1",2,9,4,2,0,0,4,12,45,16,14,14
"nrbp2b",2,43,8,0,0,0,10,0,15,4,1,6
"nrd1a",0,0,2,1,0,0,1,2,8,7,1,5
"nrde2",1,6,0,0,0,0,1,0,16,0,2,2
"nrf1",5,11,0,2,75,115,1,0,6,3,1,3
"nrg1",3,13,7,12,0,0,1,0,3,1,3,0
"nrg2a",7,9,121,42,17,25,3,7,2,4,9,31
"nrg2b",1,33,15,0,0,0,1,0,0,3,2,0
"nrip1b",0,0,0,2,38,63,0,0,4,1,3,1
"nrl",3,11,3,12,0,0,11,0,4,15,7,7
"nrn1lb",5,27,0,6,29,52,9,1,6,15,9,10
"nrp1a",0,0,20,0,0,0,0,0,66,3,4,3
"nrp2a",1,37,5,0,0,0,3,2,63,9,3,1
"nrp2b",0,0,12,1,0,0,9,2,11,1,0,0
"nrros",32,57,4,1,15,47,0,3,17,41,14,37
"nrsn1",1,45,1,3,0,0,17,1,0,3,2,0
"nrtn",3,48,0,1,0,0,8,7,3,0,0,0
"nrxn1b",1,31,5,7,0,0,6,0,8,1,1,1
"nrxn3a",1,34,0,1,0,0,5,1,1,1,0,0
"nsa2",57,95,117,92,0,0,15,28,539,38,48,50
"nsd3",5,47,1,0,0,0,0,0,2,1,0,1
"nsfa",2,26,1,25,0,0,18,0,5,16,9,3
"nsfb",1,31,4,2,0,0,0,0,25,2,0,4
"nsfl1c",1,8,9,2,0,0,2,0,39,10,6,5
"nsg2",2,9,1,19,41,70,31,0,0,5,3,3
"nsl1",35,48,79,42,0,0,0,0,6,0,2,0
"nsmaf",776,816,191,1453,0,0,79,6,14,1,0,1
"nsmce1",0,0,0,2,0,0,0,0,3,5,8,0
"nsmce4a",3,44,2,0,0,0,0,0,16,0,0,0
"nsmfa",4,43,3,1,0,0,6,1,11,0,0,4
"nsrp1",13,58,7,8,3,10,8,2,34,13,11,11
"nsun2",2,4,5,4,0,0,2,3,62,2,4,2
"nt5c1aa",0,0,7,5,0,0,0,0,3,5,1,2
"nt5c2b",1,37,4,3,0,0,4,2,6,0,5,11
"nt5c2l1",0,0,1,3,0,0,0,9,74,14,27,10
"nt5c3a",3,21,1,2,16,25,0,0,8,2,4,3
"nt5dc1",12,44,6,2,0,0,0,2,9,3,3,2
"nt5dc2",1,41,30,32,0,0,34,30,273,19,32,52
"nt5e",3,23,1,1,0,0,11,10,84,2,13,12
"ntd5",3,38,4,5,0,0,5,0,106,6,0,5
"ntm",2,6,3,2,0,0,11,0,0,0,3,0
"ntmt1",1,12,653,678,0,0,1,0,11,2,0,3
"ntng1a",1,5,0,1,0,0,2,1,8,4,1,1
"ntng2b",2,42,1,6,0,0,9,0,6,5,1,3
"ntpcr",2,33,5,0,0,0,0,0,6,1,1,0
"ntrk2a",2,37,0,1,0,0,2,1,12,0,0,2
"ntrk2b",4,6,1,17,0,0,0,0,0,3,1,3
"ntsr1",0,0,0,0,18,57,0,0,0,2,0,0
"nuak1b",1,37,2,2,0,0,0,2,28,7,1,1
"nuak2",5,53,8,9,0,0,0,2,15,100,37,35
"nub1",0,0,5,2,0,0,1,5,122,2,3,1
"nubp1",1,42,4,2,0,0,1,0,19,5,2,1
"nubp2",6531,6569,77,412,0,0,22,9,56,275,165,182
"nucb1",1,14,7,3,0,0,4,3,137,4,4,7
"nucb2a",1,25,582,829,365,378,3,1,36,922,567,939
"nudc",0,0,4,3,0,0,8,1,58,3,4,3
"nudcd1",11,19,3,0,0,0,1,1,49,1,5,1
"nudcd2",11831,11853,60,518,0,0,3,3,20,38850,78049,58961
"nudcd3",0,0,9,9,0,0,10,0,24,4,10,5
"nudt1",0,0,616,117,0,0,0,5,12,9,47,51
"nudt12",26,43,361,67,0,0,0,1,13,3,2,4
"nudt13",3,14,3,1,72,85,1,0,2,11,0,7
"nudt17",3,45,2,0,0,0,0,0,10,0,0,0
"nudt19",7,31,0,2,0,0,1,4,0,0,0,1
"nudt2",1,28,30,17,49,71,17,30,33,6,6,3
"nudt22",48,79,51,38,0,0,2,0,14,1,9,7
"nudt3b",0,0,9,4,15,56,2,0,1,1,1,0
"nudt6",78,100,1132,238,534,576,147,385,446,425,608,764
"nudt7",4,34,2,1,0,0,1,0,6,2,0,2
"nudt9",0,0,2,0,0,0,3,0,5,1,5,21
"nuf2",3,23,1,2,0,0,3,1,8,0,1,0
"nufip2",17,39,0,0,0,0,2,0,4,5,3,0
"numb",1,13,1,1,0,0,4,2,13,4,1,3
"numbl",4,19,2,3,0,0,1,0,10,23,8,12
"nup107",2,29,2,0,0,0,2,3,44,1,3,3
"nup153",5,27,2,3,0,0,3,3,45,6,2,3
"nup155",2,47,1,0,0,0,2,0,8,1,4,1
"nup160",1,39,0,0,0,0,40,28,66,3,0,2
"nup188",2,37,1,0,0,0,2,2,20,1,1,1
"nup205",23,58,35,35,0,0,1,2,41,5,0,1
"nup37",0,0,6,1,0,0,4,0,23,1,1,3
"nup42",14,60,5,3,0,0,0,0,10,0,1,1
"nup43",3,43,0,1,0,0,3,0,14,0,3,1
"nup50",0,0,1,2,0,0,5,1,40,500,288,501
"nup58",0,0,8,2,0,0,0,0,11,1,2,0
"nup85",0,0,1,8,0,0,0,0,9,1,3,0
"nup88",0,0,964,1205,0,0,13,6,13,4,3,6
"nup93",3,9,1,17,0,0,6,3,12,0,0,6
"nupr1a",0,0,9,1,0,0,3,2,49,1,1,2
"nus1",0,0,1,4,0,0,2,0,21,619,633,610
"nutf2",0,0,8,3,0,0,1,2,60,5,3,5
"nvl",2,35,8078,6394,0,0,0,0,10,1,1,0
"nxnl1",1,41,2,15,0,0,7,2,4,1,4,3
"nxnl2",0,0,11,42,0,0,18,2,36,33,25,24
"nxt2",547,549,2,2,174,189,3,3,11,0,0,1
"nyap2b",1,20,0,4,5,43,142,233,259,2,0,1
"nyx",7,33,0,0,24,37,1,0,0,4,0,0
"oat",1,15,9,8,0,0,12,2,48,13,16,8
"oaz1b",1,24,5,6,0,0,19,12,108,7,10,8
"ociad2",0,0,27,13,0,0,0,2,0,14,26,12
"oclna",3,41,188,42,0,0,0,0,1,1,0,3
"odf2a",0,0,2,0,0,0,0,0,1,14,9,7
"odf3l2b",0,0,4,0,0,0,0,0,0,4,5,15
"oga",5,53,10,1,0,0,4,11,27,1,2,4
"ogal",0,0,1954,1419,0,0,1,2,28,0,5,3
"ogdhb",4,11,1,0,0,0,3,1,10,0,1,0
"ogdhl",2,15,0,5,0,0,10,1,20,10,6,1
"ogfod1",1,46,1,0,0,0,1,0,5,2,0,1
"ogfod2",153,165,22,420,0,0,2,0,1,0,0,0
"ogfrl1",0,0,0,0,23,25,1,0,0,0,0,1
"ogg1",5,33,445,137,34,62,0,8,3,10,18,16
"ogna",3,45,0,0,0,0,0,0,18,2,2,1
"ognb",34,66,409,583,0,0,7,5,1,570,1067,662
"oit3",1,5,5,13,0,0,0,0,0,0,0,0
"ola1",0,0,24,7,0,0,9,4,16,8,7,14
"olfm1a",13,21,18,17,3,12,5,0,21,5,34,21
"olfml2a",0,0,25,7,0,0,1,0,28,9,7,12
"olfml2ba",8,31,5,1,0,0,0,4,38,0,0,1
"olfml3a",5,18,3,4,50,57,1,0,16,7,0,0
"olig2",1,3,0,8,0,0,12,0,0,1,4,6
"omgb",6,13,4,3,0,0,7,0,3,0,0,0
"ompa",3,30,4,14,0,0,14,0,3,7,1,1
"opa1",0,0,1,5,0,0,7,0,19,4,4,5
"ophn1",1,39,4,7,0,0,2,2,31,2,3,5
"opn1lw1",12,59,0,0,0,0,100,1,60,52,62,36
"opn1sw2",1806,1837,4,149,0,0,41,1,18,36,66,55
"opn3",0,0,200,43,0,0,0,0,5,1,0,2
"opn6a",16,26,25,10,0,0,5,1,6,192,92,145
"opn7a",6,41,199,48,0,0,0,0,0,81,52,105
"opn8b",16,64,0,1,0,0,0,0,0,4,0,0
"optn",2,19,8,9,0,0,8,8,55,14,4,11
"orai1a",1,26,5,0,0,0,0,0,13,2,0,3
"orai2",11,46,34,11,36,45,2,11,30,8,9,18
"orc4",43,47,1,3,0,0,4,4,4,16,1,33
"orc5",14,22,0,6,0,0,7,0,0,3,0,1
"ormdl1",0,0,5,7,0,0,0,0,1,5,3,6
"ormdl2",0,0,4,1,0,0,1,1,2,235,162,202
"ormdl3",0,0,2,13,0,0,3,0,8,2,5,3
"os9",0,0,0,0,3,15,10,8,31,3,10,9
"osbp",3,6,7,7,0,0,0,0,15,3,7,7
"osbpl11",8,53,0,0,0,0,0,0,5,8,2,9
"osbpl1a",43,77,0,1,0,0,1,0,8,0,0,0
"osbpl2a",1,32,3,0,0,0,18,3,20,3,1,0
"osbpl2b",0,0,2,20,0,0,3,0,11,6,0,0
"osbpl3a",0,0,1,0,0,0,1,0,12,0,2,5
"osbpl5",0,0,1,10,0,0,3,1,16,10,3,7
"osbpl7",0,0,9,52,0,0,14,4,8,17,7,13
"osbpl9",4,41,8,8,0,0,8,2,46,9,14,19
"oscp1a",0,0,3,2,0,0,4,0,7,3,7,4
"oser1",0,0,4,1,0,0,0,2,25,2,2,8
"osgep",560,580,787,813,222,250,0,4,29,1046,831,1156
"osgepl1",1,35,1380,135,0,0,0,1,1,0,0,0
"osgn1",0,0,6,3,0,0,0,1,6,6,8,9
"ost4",2,23,3,1,0,0,3,3,93,5,5,1
"ostc",0,0,35,59,0,0,1,1,20,0,1,6
"ostf1",0,0,1,0,0,0,3,3,58,3,4,5
"ostm1",0,0,4,3,0,0,0,1,19,3,3,5
"otc",3,11,10,1,0,0,0,0,2,0,0,0
"otofa",0,0,0,0,0,0,16,56,26,2,0,3
"otol1b",0,0,1118,178,0,0,1,0,0,4,8,37
"otop2",31,104,0,9,28,45,1,0,1,4,2,1
"otub1b",0,0,8,4,0,0,8,2,124,1,3,4
"otud3",0,0,0,5,0,0,0,0,17,0,0,4
"otud5a",2,35,7,5,0,0,3,3,32,5,4,8
"otud6b",0,0,1,3,0,0,6,1,21,3,2,4
"otx1",13,38,12,1,0,0,0,1,3,2,4,4
"otx2b",5,40,1,0,0,0,0,3,7,0,0,1
"oxct1a",0,0,1,7,0,0,0,0,15,1,4,1
"oxgr1a.2",0,0,0,0,38,57,0,0,0,0,0,0
"oxnad1",0,0,0,0,0,0,7,4,36,0,0,0
"oxr1b",1,21,8,30,28,33,32,1,35,22,12,7
"oxsm",47,70,163,223,4,42,1,0,5,1,0,2
"oxsr1a",2,12,7,3,0,0,0,1,5,5,2,3
"oxsr1b",0,0,7,1,0,0,1,1,11,0,0,1
"p2rx1",8,34,2,2,85,120,6,0,2,1,1,0
"p2rx3a",0,0,30,13,0,0,0,0,0,17,15,37
"p2rx5",2,29,1005,1667,0,0,7,0,2,1316,1532,1393
"p2rx7",2,41,15,2,0,0,1,0,2,0,3,1
"p2ry10",0,0,2,0,0,0,13,6,16,1,1,0
"p2ry13",0,0,3,1,0,0,13,2,14,1,1,0
"p3h1",2,27,14,5,0,0,4,6,58,2,3,6
"p3h2",1,4,24,111,0,0,2,3,17,72,65,52
"p3h3",3,51,1,96,0,0,0,2,32,216,154,150
"p3h4",6,11,5,1,0,0,0,0,7,0,0,1
"p4ha1a",0,0,3,0,0,0,0,0,37,24,37,26
"p4ha2",5,9,3,0,0,0,46,270,718,0,4,1
"p4hb",2,43,25,3,0,0,9,10,244,10,17,24
"p4htm",4,12,0,3,0,0,8,0,0,1,1,0
"pa2g4b",0,0,16,9,31,53,0,0,86,5,4,9
"pabpc1b",74,99,199,136,0,0,35,104,1777,63,1458,123
"pabpn1",41,78,8,3,0,0,3,0,37,12,6,14
"pacsin1a",3,11,4,82,0,0,37,0,18,10,11,8
"pacsin2",0,0,7,2,0,0,1,2,10,5,17,4
"pacsin3",6,53,1,5,0,0,2,0,11,9,1,1
"padi2",0,0,100,389,0,0,3,0,6,175,109,179
"paf1",98,121,12,8,0,0,3,4,38,8,9,11
"pafah1b1b",2,12,11,7,7,29,12,4,148,17,13,13
"pafah1b2",1,44,0,1,0,0,1,11,8,11,3,7
"pafah1b3",7,23,5,3,0,0,2,1,32,2,2,2
"pag1",0,0,9,4,0,0,7,0,22,7,0,3
"pagr1",1,19,0,3,0,0,2,7,55,0,2,4
"paics",0,0,17,4,0,0,10,16,67,4,9,16
"paip1",0,0,2,9,0,0,7,2,23,1,2,2
"pak2b",0,0,5,0,0,0,6,6,23,1,3,5
"pak6b",1,36,0,0,0,0,6,0,0,0,0,0
"pak7",3,20,0,13,0,0,0,0,6,2,0,0
"pald1a",2,22,5,3,0,0,0,2,21,1,0,3
"palld",56,94,46,8,0,0,24,7,16,8,13,25
"palm1b",0,0,8,5,0,0,0,5,35,1,2,13
"palm2akap2",3,6,30,9,0,0,1,2,59,11,5,9
"pam",0,0,5,1,0,0,0,3,10,1,2,0
"pamr1",1,43,0,0,0,0,2,1,25,1,0,1
"pan2",0,0,3,5,0,0,0,0,20,2,0,4
"pan3",2,11,0,3,0,0,1,0,5,3,1,7
"paplna",1,13,15,1,0,0,1,2,29,1,0,0
"paplnb",0,0,0,0,0,0,2,9,21,0,0,2
"papolg",0,0,2,3,0,0,2,0,23,5,5,10
"pappa2",4,28,24,5,0,0,0,4,29,5,2,0
"pappaa",4,40,1,2,0,0,0,1,15,1,13,27
"papss1",0,0,6,5,0,0,4,3,67,9,3,2
"papss2a",0,0,13,180,0,0,3,0,10,1,4,5
"paqr3a",4,43,190,127,0,0,0,4,11,0,3,0
"paqr4b",802,821,2,5,102,118,15,1,7,1,1,0
"paqr6",1,22,7,6,35,62,3,1,20,9,4,5
"paqr7b",0,0,0,0,0,0,8,1,5,2,0,0
"parapinopsina",43,48,29,77,53,61,0,0,0,68,45,57
"pard3ab",0,0,33,317,0,0,3,1,16,4,2,1
"parga",6,27,2,1,0,0,32,3,5,0,0,0
"parietopsin",2,33,0,0,0,0,50,0,3,1,0,2
"parla",9,10,481,182,246,271,2,4,2,0,0,0
"parn",3,26,0,1,0,0,3,0,11,5,2,3
"parp1",1,23,2,6,0,0,4,2,12,5,2,9
"parp12a",17,51,544,672,0,0,0,0,11,391,513,462
"pars2",1,37,2,0,0,0,2,0,6,0,1,0
"parvaa",0,0,4,6,0,0,0,0,81,3,5,4
"parvb",1,35,5,2,0,0,1,0,29,16,5,22
"patz1",27,48,17,40,55,67,50,24,34,12,9,19
"pawr",0,0,22,3,0,0,12,22,43,5,18,7
"pax6b",0,0,5,9,0,0,0,0,2,3,5,4
"pax9",6,15,0,1,0,0,0,0,0,22,10,7
"pbdc1",0,0,5,1,0,0,0,3,17,16,3,16
"pbk",0,0,1,0,0,0,21,17,18,0,0,0
"pbrm1l",37,82,3,0,0,0,3,1,47,39,36,18
"pbx1a",0,0,4,6,1,5,11,5,48,2,2,1
"pbx1b",1,23,1,1,0,0,37,623,30,0,0,1
"pbx2",30,74,8,0,0,0,7,4,71,5,5,3
"pbx4",2,41,16,9,0,0,4,1,25,11,5,4
"pbxip1a",2,49,24,25,0,0,57,37,146,26,18,35
"pcbp2",3,51,12,18,17,27,7,3,39,12,11,7
"pcbp4",5,40,0,1,0,0,4,0,1,3,0,1
"pcdh10b",0,0,0,0,0,0,6,3,22,2,0,0
"pcdh12",0,0,5,2,0,0,0,0,34,3,0,2
"pcdh15a",4,14,0,5,68,103,2,1,16,3,0,4
"pcdh17",0,0,5,5,0,0,0,0,0,1,0,0
"pcdh18b",1,45,2,0,0,0,0,0,27,0,1,2
"pcdh2ac",5,14,12,17,0,0,11,1,19,9,4,6
"pcdh8",0,0,0,0,0,0,15,0,1,7,2,0
"pcdh9",1,6,0,1,0,0,0,0,5,1,1,0
"pcgf1",0,0,0,1,35,36,2,0,5,0,0,0
"pcgf5a",0,0,2,1,0,0,2,5,24,2,11,3
"pcgf6",33,79,2,38,0,0,22,0,2,10,19,20
"pcif1",79,86,4,11,0,0,2,2,40,24,18,10
"pck1",0,0,0,0,58,60,0,0,0,0,0,0
"pcm1",2,37,7,1,94,115,5,2,51,8,3,3
"pcmt",1,49,8,6,0,0,4,1,37,9,12,17
"pcmtd1",3,37,11,8,0,0,3,1,5,3,5,3
"pcna",6,43,3,5,0,0,1,0,54,5,5,6
"pcnp",0,0,285,250,37,39,8,1,28,5,10,22
"pcnx1",1,32,6,2,0,0,3,2,20,4,0,7
"pcnx3",2,21,3,10,38,56,3,0,11,1,1,1
"pcnx4",7,35,2,3,0,0,0,0,11,13,12,28
"pcolce2b",0,0,15,6,1,25,5,0,14,0,0,0
"pcsk1",3,48,2,15,0,0,18,3,2,14,5,6
"pcsk2",58064,58108,1,17,0,0,6,0,2,2,1,3
"pcsk5a",0,0,0,0,0,0,7,5,6,0,0,0
"pcsk5b",2,10,3,5,0,0,4,3,7,1,2,1
"pcsk7",4,23,10,2,0,0,0,0,19,1,0,0
"pctp",0,0,0,5,0,0,1,2,37,1,2,1
"pcyox1",16,50,3,1,0,0,4,1,14,5,0,2
"pcyox1l",2,24,0,0,0,0,5,0,7,2,0,3
"pcyt1aa",0,0,2,0,0,0,4,11,23,14843,13158,13621
"pcyt1ba",0,0,0,1,15,34,5,1,1,9,4,5
"pcyt2",0,0,3,14,34,59,7,3,28,8,9,7
"pdap1a",0,0,3,2,0,0,12,0,21,1,2,0
"pdcd10b",0,0,2,1,0,0,12,1,77,1,2,1
"pdcd11",1,9,1079,627,295,332,2143,880,1574,725,779,1258
"pdcd4a",1,38,6,8,28,56,8,5,50,1,5,5
"pdcd4b",534,553,937,2192,481,519,17,4,55,1658,2524,1975
"pdcd5",0,0,16,20,0,0,11,4,107,12,15,23
"pdcd6",1,8,4,1,0,0,2,3,42,3,2,4
"pdcd6ip",3,48,7,5,0,0,5,5,52,5,3,1
"pdcl",5,13,24,47,15,37,113,5,97,46,34,40
"pde11a",0,0,0,0,0,0,28,0,0,0,0,5
"pde11al",0,0,0,0,38,79,1,0,0,0,0,0
"pde3a",2,27,2,0,0,0,6,6,4,4,3,10
"pde3b",1,24,3,1,0,0,5,1,20,5,4,1
"pde4a",5,22,0,1,0,0,4,0,3,1,0,0
"pde4ba",2,43,6,0,0,0,7,1,48,1,0,0
"pde4bb",0,0,7,2,0,0,6,1,9,2,2,5
"pde4ca",1,41,0,5,0,0,3,2,3,0,0,0
"pde4d",4,45,1,5,0,0,4,0,33,1,2,4
"pde6a",2,13,18,53,1,28,161,9,163,144,91,75
"pde6b",5,29,10,65,511,533,454,0,27,73,34,23
"pde6c",1,38,4,95,0,0,160,7,55,38,29,18
"pde6d",0,0,2,21,0,0,7,1,11,22,16,8
"pde6ga",1,49,44,14,0,0,8,98,35,0,3,4
"pde7a",3,49,1,3,35,66,0,6,25,0,2,1
"pde8a",3,29,1,6,0,0,3,0,17,5,2,4
"pde8b",14,22,7,5,0,0,16,1,9,6,4,4
"pdf",1,38,2,18,0,0,0,0,4,13,15,15
"pdgfba",1,30,5,1,0,0,7,0,28,3,6,6
"pdgfbb",0,0,30,3,0,0,3,3,129,17,9,15
"pdgfd",3,14,10,0,0,0,1,0,16,0,0,0
"pdgfra",0,0,35,1,0,0,5,11,211,8,7,3
"pdgfrb",2,42,11,2,0,0,8,3,76,1,2,4
"pdgfrl",6,47,16,6,0,0,4,12,237,12,12,17
"pdha1a",1,2,30,4,0,0,4,0,52,11,20,25
"pdhb",105,142,8,9,0,0,11,0,68,12,8,11
"pdhx",3,35,3,5,0,0,0,0,17,3,4,8
"pdia3",43,74,26,4,0,0,15,36,673,5,6,11
"pdia4",0,0,12,6,0,0,0,0,119,545,733,800
"pdia6",0,0,264,143,38,80,2,2,45,125,195,234
"pdk1",0,0,3,1,4,21,2,0,6,8,0,1
"pdk2a",0,0,1,5,0,0,2,0,17,5,0,1
"pdk4",1,26,52,299,0,0,296,7,62,2,3,2
"pdlim1",1,13,5,1,0,0,1,4,110,3,1,9
"pdlim2",1,44,10,0,29,39,1,2,47,5,1,2
"pdlim4",0,0,17,2,0,0,0,0,9,2,5,6
"pdlim5b",2,7,4,7,0,0,1,3,57,0,5,2
"pdlim7",0,0,8,0,0,0,0,4,85,9,1,7
"pdpk1b",2,43,3,3,0,0,22,6,109,10,3,8
"pds5b",1,47,0,1,0,0,5,2,24,6,4,2
"pdss1",1287,1292,2,0,0,0,1,0,5,1925,1229,2078
"pdx1",14,53,47,22,0,0,2,0,4,2,17,9
"pdxdc1",2,6,12,6,0,0,10,1,7,2,0,1
"pdxka",6,28,7,4,0,0,17,5,3,1,2,2
"pdxp",0,0,541,485,393,415,1,0,12,539,485,561
"pdzd11",32,53,4,3,0,0,0,0,14,1,0,0
"pdzd8",4,44,1,15,0,0,12,0,14,3,4,3
"pdzk1",17,28,309,343,0,0,1,2,0,17,12,6
"pdzrn3b",0,0,12,3,0,0,1,14,148,0,7,6
"pdzrn4",5,22,0,0,0,0,0,0,2,0,0,0
"peak1",3,44,7,0,0,0,0,2,18,4,2,14
"pear1",2,44,5,6,0,0,1,0,11,4,2,1
"pebp1",1002,1043,9,6,0,0,7,2,67,1,2,10
"pecam1",0,0,34,2,0,0,2,11,102,7,11,7
"pef1",6,12,9,3,0,0,0,2,20,0,2,0
"peli2",1,32,18,3,0,0,3,0,6,2,6,6
"pelo",4848,4889,608,7487,4301,4344,2509,153,258,1515,1157,982
"pepd",0,0,18,1,0,0,2,6,128,3,13,26
"per1b",0,0,6,12,0,0,23,11,155,14,7,7
"per2",1,31,0,22,25,56,10,0,7,6,6,8
"per3",0,0,3,18,0,0,13,8,58,12,4,5
"perp",1,30,16,0,0,0,2,2,19,4,0,9
"pex10",487,496,6,4,27,33,5,8,21,23,7,15
"pex11b",0,0,5,46,0,0,0,0,9,1551,1451,1629
"pex12",3,18,0,0,0,0,0,0,8,2,0,0
"pex14",0,0,2,5,0,0,2,3,15,3,4,12
"pex16",1,45,0,0,0,0,107,57,103,1,0,2
"pex19",0,0,7,3,0,0,2,1,23,2,7,6
"pex3",0,0,0,3,0,0,19,15,35,0,3,1
"pex5",0,0,9,33,0,0,36,1,50,39,21,16
"pex5la",3,11,0,1,0,0,0,0,0,3,5,4
"pex5lb",63,78,0,0,0,0,7,0,0,1,0,0
"pfdn1",7,42,15,29,0,0,10,5,41,13,19,17
"pfdn2",2,17,12,10,0,0,7,2,61,8,7,10
"pfdn5",0,0,25,3,0,0,3,2,101,3,16,10
"pfkfb3",0,0,2,3,0,0,4,1,25,5,2,8
"pfkfb4a",13,49,2,15,0,0,2,4,30,5,9,12
"pfkfb4b",232,235,2385,1094,263,288,3,12,47,1235,2115,2645
"pfkla",4,22,5,7,0,0,0,0,23,1,0,3
"pfkpa",0,0,3,17,14,55,32,0,27,12,12,8
"pfkpb",1,40,7,10,0,0,28,0,21,13,5,6
"pfn1",0,0,18,3,0,0,1,2,278,1,4,3
"pfn2l",2,43,10,16,0,0,3,2,12,8,18,17
"pgam2",2,10,0,0,57,63,0,0,0,2,0,0
"pgam5",423,432,484,513,0,0,0,0,21,0,2,3
"pgap3",1,37,3,0,0,0,0,1,7,0,0,0
"pgap6",803,835,6,9,0,0,0,0,15,10,8,4
"pgbd5",9,43,3,20,0,0,6,0,0,0,0,2
"pgls",4,36,4,1,0,0,0,1,5,1,1,0
"pgm1",0,0,5,4,0,0,14,4,123,9,1,1
"pgm3",1,28,9,0,0,0,0,3,1,0,0,1
"pgm5",1,19,11,0,0,0,0,2,100,4,6,3
"pgp",0,0,0,0,0,0,11,1,6,0,1,0
"pgpep1l",0,0,65,52,314,344,32,59,91,311,294,468
"pgr",7,12,535,142,0,0,1,0,2,0,0,0
"pgrmc1",0,0,47,23,30,62,4,1,31,25,29,29
"pgrmc2",4,19,6,5,0,0,5,4,40,1,2,4
"phactr1",379,422,304,365,0,0,14,8,13,28,24,20
"phactr2",0,0,0,1,0,0,0,6,62,2,0,3
"phactr3a",7,46,1,0,0,0,1,0,0,1,0,0
"phactr3b",3,47,1,3,0,0,6,20,51,2,2,3
"phactr4b",0,0,4,1,0,0,1,3,30,5,6,4
"phax",1,27,4,5,0,0,4,0,30,8,12,12
"phb",1,7,6,4,0,0,3,3,32,9,9,9
"phex",0,0,4,4,0,0,0,0,4,0,6,6
"phf10",0,0,3,2,20,54,2,4,3,0,1,0
"phf14",0,0,7,4,0,0,8,0,33,1,4,3
"phf20a",0,0,5,6,0,0,14,2,49,1,11,11
"phf23b",4,12,3,14,0,0,11,4,46,19,10,13
"phf6",52,64,1,2,0,0,3,1,18,2,3,6
"phf8",0,0,18,8,0,0,9,3,32,7,3,8
"phgdh",1,37,1,2,0,0,7,0,17,3,2,5
"phka2",0,0,0,4,0,0,12,1,8,5,3,1
"phkg1a",63,96,102,162,0,0,16,12,20,172,267,213
"phkg2",0,0,73,170,0,0,70,28,41,161,70,125
"phlpp1",1,23,2,1,42,70,4,0,12,5,3,0
"phospho1",0,0,8,1,0,0,9,7,118,0,3,5
"phospho2",0,0,0,1,0,0,422,254,295,1,2,0
"phpt1",0,0,9,6,0,0,3,1,74,11,1,11
"phtf1",0,0,2,5,0,0,1,1,14,13,2,5
"phyh",0,0,6,3,0,0,8,2,81,5,7,5
"phyhd1",14,47,0,3,0,0,2,0,8,5,5,3
"phykpl",172,213,944,985,537,547,910,471,613,10333,8372,9553
"pi4k2a",1,6,3,0,0,0,5,2,9,27,25,28
"pi4kab",0,0,5,2,0,0,10,71,65,2,0,3
"pi4kb",1,28,0,6,0,0,4,1,19,1,0,1
"pias1a",0,0,5,7,26,28,1,0,2,0,0,0
"pias4a",0,0,5,1,0,0,0,0,2,5,4,0
"pibf1",1,9,3,0,1,21,2,0,11,1,0,3
"picalmb",0,0,14,17,0,0,15,3,53,14,3,9
"pick1",11,27,3,9,0,0,3,0,7,3,0,4
"pid1",2,11,98,35,0,0,3,16,79,7,10,22
"pif1",844,871,2499,3652,0,0,4,0,1,1,6,3
"pigb",53,70,52,38,71,76,75,139,163,35,56,74
"pigf",1,2,0,0,0,0,1,0,5,298,459,323
"pigh",1,25,0,0,0,0,27,10,18,3,0,0
"pigk",3,43,0,1,0,0,0,1,32,0,2,0
"pigl",4,17,1,0,0,0,89,40,36,2,3,3
"pigq",1,26,4,1,0,0,6,0,12,4,0,2
"pigr",0,0,44,6,0,0,4,8,117,11,31,27
"pigs",1,12,3,0,0,0,1,0,6,0,1,0
"pigt",184,215,1264,1284,0,0,4,0,8,1,0,0
"pigu",3,23,0,0,17,33,0,1,4,1,0,4
"pih1d2",126,159,86,419,0,0,1,0,7,0,2,0
"pik3c2a",1,46,4,0,0,0,4,2,50,2,0,3
"pik3c3",0,0,2,1,0,0,1,5,33,2,2,2
"pik3cb",1,26,6,2,0,0,0,2,12,0,0,5
"pik3cd",5,30,1,4,0,0,0,2,22,1,2,1
"pik3cg",0,0,10,0,0,0,4,7,41,2,4,6
"pik3ip1",4,10,21,98,0,0,33,0,45,153,91,99
"pik3r1",2,43,9,12,0,0,35,13,132,23,13,14
"pik3r2",0,0,0,1,0,0,5,2,64,4,0,0
"pik3r3a",4,6,10,11,0,0,11,14,75,13,7,3
"pik3r4",0,0,1,3,0,0,0,1,18,1,1,8
"pik3r5",0,0,5,2,0,0,0,0,20,0,0,0
"pikfyve",1,45,1,1,0,0,5,1,29,0,0,1
"pim1",0,0,11,6,0,0,0,2,17,8,3,9
"pim2",1,37,7,1,0,0,1,10,30,3,1,4
"pim3",5,26,19,8,0,0,10,0,27,0,8,3
"pin1",1,48,0,2,106,128,7,2,41,7,9,8
"pink1",7,52,20,13,7943,7969,3,4,23,15,26,22
"pinx1",3,24,4,3,0,0,3,2,43,4,3,3
"pip4k2aa",1,14,9,7,0,0,8,3,37,15,9,17
"pip4k2ca",0,0,6,9,27,49,5,1,24,3,0,2
"pip4p1a",0,0,0,11,0,0,54,23,41,5,8,4
"pip4p1b",0,0,0,0,0,0,2,0,0,5,7,4
"pip4p2",0,0,2,0,9,33,1,2,9,0,0,0
"pip5k1ba",0,0,9,3,0,0,0,42,116,0,0,0
"pip5k1bb",0,0,6,15,0,0,2,0,5,0,0,0
"pip5k1ca",3,47,1,6,0,0,3,0,4,5,3,5
"pipox",17,37,6,9,0,0,0,0,2,2,1,0
"pitpnb",1,21,2,1,0,0,9,1,23,4,2,0
"pitrm1",6,32,4,10,0,0,323,57,105,19,10,20
"pitx2",0,0,14,0,0,0,0,6,101,0,2,5
"piwil1",39,79,6,5,0,0,95,4,1,3,3,4
"pkd1a",2,28,9,1,0,0,2,3,32,2,0,5
"pkd2",2,26,598,137,0,0,3,4,159,3,27,29
"pkd2l1",0,0,170,216,73,106,0,0,0,263,220,169
"pkdccb",10,19,13,3,86,94,6,3,16,0,3,2
"pkig",450,454,3,0,0,0,3,1,62,0,0,1
"pklr",7,22,0,0,0,0,2,0,0,0,0,0
"pkma",351,360,3167,914,379,420,104,3,68,899,1441,1652
"pkmb",20,51,0,0,70,90,0,0,1,1,0,0
"pkn1a",0,0,4,0,0,0,36,0,55,5,1,2
"pkn1b",0,0,7,7,0,0,2,3,93,5,0,1
"pkn2",1,12,0,1,0,0,14,2,29,1,0,1
"pkn3",179,216,152,555,0,0,0,0,0,14,12,8
"pknox1.2",3,5,0,4,0,0,2,0,5,3,3,3
"pla1a",7,62,8,4,132,161,5,80,43,5,17,20
"pla2g12a",1,30,6,1,0,0,1,0,5,4,6,7
"pla2g15",86,125,93,55,34,42,11,20,33,165,257,311
"pla2g1b",0,0,22,110,35,42,2,1,2,0,0,0
"pla2g7",54,59,32,29,0,0,0,4,34,0,0,3
"pla2r1",1,43,5,1,0,0,0,3,56,4,0,9
"plaa",42,53,1,1,0,0,2,2,24,1,0,2
"plac8l1",0,0,6,0,0,0,0,5,70,5,1,4
"plag1",1,31,163,77,0,0,160,142,227,1,0,0
"plat",0,0,6,0,0,0,3,1,29,0,0,1
"plcd1a",2,33,32,31,0,0,1,29,37,34,91,119
"plcd1b",2,47,5,0,0,0,2,1,7,0,2,5
"plcd3a",1,22,3,4,1,34,0,1,6,2,4,1
"plcd4b",0,0,0,10,0,0,3,3,43,13,5,3
"plce1",1,19,0,0,0,0,0,3,5,1,0,0
"plcg1",4,16,20,16,0,0,23,6,59,14,9,8
"plcg2",3,25,4,0,39,78,1,4,116,2,0,2
"plch2a",0,0,0,0,0,0,47,83,1934,1,0,1
"plcl1",3,9,13,10,1,8,5,0,13,0,1,0
"plcl2",3,36,0,0,0,0,4,1,19,2,5,1
"plcxd2",123,161,0,4,0,0,5,0,2,6,2,0
"pld1a",0,0,1,3,13,19,0,0,28,3,0,4
"pld7",530,538,2391,2446,0,0,259,63,115,29,12,19
"pleca",6,51,6,1,31,68,19,11,68,9,1,11
"plecb",1,32,10,2,0,0,6,12,78,1,3,6
"plek",5,51,1,2,0,0,1,0,33,0,1,3
"plekha1b",4,17,5,0,0,0,2,0,5,2,0,1
"plekha8",2,33,1,3,0,0,7,2,11,6,1,5
"plekhb2",0,0,142,184,20,29,1,1,28,2,4,4
"plekhd1",306,332,0,6,19,27,10,1,2,2,4,0
"plekhh1",0,0,0,0,14,55,0,1,2,1,1,0
"plekhj1",0,0,3,1,0,0,7,2,30,0,0,0
"plekhm1",2,26,1,0,0,0,0,3,8,1,1,0
"plekhm2",2,16,1,2,0,0,0,0,7,0,1,6
"plekhn1",7,39,0,0,0,0,0,0,1,12,1,1
"plekho1b",2,10,1,12,0,0,9,3,30,7,9,7
"plekho2",1,10,4,0,0,0,1,0,10,0,0,3
"plin2",0,0,9,0,0,0,0,5,150,1,0,4
"plk2b",0,0,7,3,0,0,3,0,95,12,4,9
"plk3",1,15,3,2,0,0,0,1,25,0,0,2
"plk4",1,23,10,16,0,0,0,0,7,15,1,9
"plod1a",0,0,31,29,0,0,2,3,59,1,2,1
"plod2",3,36,11,1,0,0,2,7,57,0,0,1
"plod3",1,6,5,0,0,0,1,0,54,0,1,4
"plp1b",2,5,7,0,0,0,3,0,2,1,0,1
"plp2",1,45,3,1,0,0,2,0,11,2,2,6
"plpbp",690,705,1801,2114,253,278,0,0,9,1432,1935,1435
"plpp1a",12,20,4,4,0,0,1,5,194,8,8,7
"plpp2a",6,21,7,0,0,0,0,1,57,10,7,8
"plpp2b",1,19,4,1,0,0,0,0,8,1,0,0
"plpp3",0,0,238,24,36,40,0,8,114,5,7,9
"plpp6",10,44,47,46,0,0,25,11,15,44,36,46
"plppr2a",4,18,1,0,0,0,0,5,1,0,0,0
"plppr5b",7,45,0,3,0,0,10,0,0,39,9,12
"plrg1",0,0,2,5,0,0,2,1,22,1,0,3
"pls3",2,49,9,1,0,0,1,2,73,6,7,10
"pltp",0,0,7,1,0,0,0,8,156,0,1,2
"plxdc1",1,36,0,0,0,0,0,0,19,0,0,0
"plxna1a",0,0,0,0,30,55,1,0,4,0,0,0
"plxnb3",4,18,2,0,0,0,2,2,28,3,0,2
"pmela",2,38,169,2,0,0,3,63,511,0,11,4
"pmm1",1,17,0,2,0,0,6,0,0,3,0,3
"pmm2",7,18,9,5,0,0,6,1,55,3,3,2
"pmp22a",1,21,0,0,25,47,0,1,20,6,2,13
"pmp22b",0,0,8,0,0,0,0,0,8,4,5,2
"pmpca",228,236,3,3,175,194,4,0,36,3,2,5
"pmpcb",177,214,226,273,0,0,18,20,75,187,138,193
"pms1",1,45,2,0,0,0,0,0,6,0,0,0
"pms2",0,0,0,0,0,0,101,82,96,0,0,0
"pmt",1,28,6,1,0,0,0,2,2,1,3,2
"pmvk",4,34,3,1,1090,1128,0,0,23,3361,3501,5164
"pnisr",1,19,6,6,0,0,3,11,79,6,9,14
"pnkd",1,41,2,0,0,0,1,0,6,1,0,0
"pno1",2100,2136,115,45,0,0,14,15,398,14,30,21
"pnp5a",332,339,2752,527,370,397,3,4,25,1149,853,1488
"pnpla2",3,50,17,9,0,0,0,3,21,17,20,25
"pnpla3",0,0,5,8,1,36,0,0,28,2,10,5
"pnpla6",0,0,2,7,0,0,3,0,26,4,2,3
"pnpla7b",0,0,1,1,5,31,23,2,9,2,0,0
"pnpla8",0,0,0,2,0,0,5,0,15,5,3,7
"pnrc2",0,0,24,6,0,0,2,4,44,16,14,6
"poc1bl",0,0,1,0,0,0,0,0,10,0,2,6
"podn",1,3,6,2,0,0,17,4,40,0,6,3
"pola1",1,42,2,3,251,285,1,1,6,0,0,0
"pola2",299,321,109,1616,0,0,110,3,14,2,0,0
"polb",0,0,4,7,0,0,6,3,19,5,8,8
"pold1",253,294,1727,2963,0,0,3,0,5,0,0,2
"pold2",862,863,2,0,0,0,848,2168,2605,1609,3518,7067
"poldip2",3,24,6,5,0,0,13,4,29,23,17,16
"poldip3",0,0,21,11,0,0,3,1,8,9,7,12
"polg",20,46,34,20,0,0,7,19,38,17,18,29
"poli",0,0,11,6,0,0,0,4,5,1,4,8
"polk",1,25,0,4,156,169,0,0,3,2,0,5
"poll",0,0,6,1,0,0,1,0,28,0,0,2
"polm",15,27,0,4,0,0,0,1,7,2,2,2
"polr1a",4,12,57,118,0,0,8,6,30,13,7,11
"polr1b",96,97,370,476,0,0,0,0,11,405,344,329
"polr1d",2,40,0,0,0,0,1,1,30,5,4,1
"polr1e",30,50,547,513,452,488,25,51,156,459,364,528
"polr2a",3,29,11,20,0,0,21,10,122,23,4,11
"polr2f",1,29,9,2,0,0,8,7,60,2,8,0
"polr2h",0,0,30,100,0,0,96,27,28,0,0,0
"polr2j",1,17,4,6,0,0,2,2,26,0,1,1
"polr2l",17,61,4,9,0,0,23,4,30,7,6,4
"polr3c",68,86,0,0,0,0,0,0,12,0,0,0
"polr3d",2,40,1,6,0,0,0,0,6,10,5,6
"polr3e",1,15,0,1,0,0,14,8,10,1,1,1
"polr3f",14,41,0,3,0,0,2,0,26,5,0,4
"pomgnt2",0,0,0,1,39,73,0,0,1,4,0,0
"pomk",4,36,4,6,0,0,0,1,8,0,3,0
"pomp",0,0,5,5,0,0,3,1,105,4,8,8
"pon1",40,52,155,58,97,117,16,51,86,159,142,268
"ponzr1",0,0,3,1,0,0,5,2,91,1,2,2
"ponzr2",10,14,15,7,0,0,0,0,0,0,0,0
"pop1",2,28,1164,491,0,0,0,1,8,1,0,0
"pop7",0,0,19,7,0,0,0,0,13,0,0,3
"porb",1,9,0,2,0,0,2,0,18,7,6,8
"porcn",11196,11212,0,0,0,0,0,0,1,0,0,0
"postna",0,0,6,0,0,0,3,3,315,2,0,1
"postnb",0,0,13,0,0,0,1,2,26,3,4,10
"pou2f2a",5,40,1,5,0,0,0,0,5,0,1,0
"pou4f1",3,43,0,1,0,0,0,0,0,0,0,7
"pou4f3",7,53,0,13,0,0,1,0,0,12,3,4
"pou5f3",3,14,194,36,0,0,0,0,1,0,0,0
"pou6f2",44,67,0,1,0,0,1,0,0,1,0,1
"ppa1a",0,0,4,41,0,0,34,1,16,3,17,6
"ppa1b",2,35,54,11,0,0,3,2,15,17,28,15
"ppa2",4,49,9,4,0,0,10,3,15,6,4,2
"ppan",0,0,7,6,0,0,0,1,19,1,1,6
"ppap2d",1,19,7,4,0,0,1,3,29,7,2,3
"pparab",1,9,9,7,9,43,2,2,9,1,0,1
"ppargc1b",0,0,1,15,0,0,3,0,6,14,12,12
"ppat",7,25,46,35,0,0,0,1,9,1,2,0
"ppcdc",0,0,37,85,22,50,0,0,3,0,0,2
"ppcs",0,0,141,168,46,84,38,30,41,166,137,196
"ppdpfa",4,25,26,37,33,44,27,4,128,57,51,36
"ppdpfb",0,0,61,14,0,0,7,19,598,22,42,33
"ppfia2",174,197,12,18,0,0,15,28,29,27,15,11
"ppfia3",0,0,0,7,0,0,6,2,11,0,1,0
"ppfia4",68,76,0,2,0,0,0,2,0,0,1,0
"ppfibp1a",22,59,5372,1385,25,68,3,6,24,2184,2135,2553
"ppfibp1b",0,0,12,1,0,0,3,5,106,2,3,7
"pphln1",0,0,60,72,0,0,0,0,5,1,2,0
"ppiab",5,25,88,24,0,0,16,28,1899,30,37,55
"ppib",7,9,34,1,1,25,5,14,433,8,12,8
"ppic",9,17,7,22,0,0,3,3,33,16,11,7
"ppid",9,54,3,1,43,79,32,15,31,1,0,3
"ppifa",5,50,11,1,0,0,2,1,21,1,2,3
"ppifb",114,150,566,116,0,0,3,0,21,145,205,318
"ppil1",30,48,105,9,35,41,0,0,26,0,0,0
"ppil4",117,129,0,1,0,0,1,1,7,3,3,3
"ppip5k1a",3,38,12,7,0,0,11,3,41,5,3,5
"ppip5k1b",1,32,2,1,0,0,0,0,6,0,0,0
"ppm1ba",4,6,1,2,0,0,1,9,25,0,4,0
"ppm1bb",0,0,8,13,0,0,6,1,44,6,12,4
"ppm1da",0,0,1,8,0,0,7,0,14,2,0,1
"ppm1db",2,24,0,2,0,0,0,0,6,0,1,0
"ppm1e",4,48,0,7,0,0,19,0,1,12,3,6
"ppm1h",4,28,7,11,0,0,15,0,24,6,3,4
"ppm1j",1,39,5,4,0,0,3,0,8,7,8,4
"ppm1k",1,22,5,5,12,20,10,2,9,6,9,7
"ppm1lb",0,0,10,8,0,0,3,6,18,11,6,13
"ppm1na",2,27,15,37,0,0,102,2,58,47,21,27
"ppm1nb",28,32,2,14,1,42,21,14,12,3,8,10
"ppme1",0,0,4,2,0,0,8,1,37,6,5,12
"ppox",173,177,897,769,0,0,5,11,51,651,776,727
"ppp1cb",0,0,14,0,0,0,7,7,58,2,6,5
"ppp1cbl",0,0,29,9,5,15,8,11,404,10,11,11
"ppp1r10",0,0,4,3,0,0,5,2,18,3,1,5
"ppp1r13bb",1,2,0,4,0,0,2,1,11,5,1,2
"ppp1r13l",1,31,4,1,0,0,3,0,10,1,1,3
"ppp1r14ba",1,46,4,10,0,0,0,2,7,1,5,2
"ppp1r14c",3,7,5,4,0,0,5,0,6,2,3,5
"ppp1r16b",10,41,61,13,0,0,7,4,23,18,25,21
"ppp1r1b",1,20,4,4,29,35,0,0,5,4,15,7
"ppp1r2",4,16,21,20,0,0,0,0,27,2,1,1
"ppp1r21",3,50,4,5,0,0,2,6,6,0,2,7
"ppp1r37",0,0,10,0,0,0,9,1,25,4,3,8
"ppp1r3b",16,48,0,0,0,0,0,0,1,0,0,0
"ppp1r3da",0,0,30,92,32,34,0,0,0,69,30,36
"ppp1r7",0,0,1,12,0,0,9,1,7,2,3,0
"ppp1r8b",0,0,0,1,0,0,0,0,6,2,4,7
"ppp1r9a",279,319,3,5,0,0,12,2,11,2,1,4
"ppp1r9ala",2,15,10,3,0,0,1,1,54,2,3,12
"ppp1r9bb",16,42,1,6,0,0,9,0,28,6,3,0
"ppp2ca",0,0,1,3,0,0,7,6,48,12,1,9
"ppp2r1bb",4,21,0,3,40,46,10,7,94,32,23,20
"ppp2r2aa",9,36,55,49,0,0,6,3,11,14,4,9
"ppp2r2ca",6,35,7,43,11,12,46,11,38,18,5,10
"ppp2r2d",4,25,19,7,37,47,12,2,27,33,32,18
"ppp2r3c",396,400,0,0,0,0,1,0,15,1139,940,989
"ppp2r5a",6,23,7,9,0,0,7,3,14,3,2,0
"ppp2r5cb",1,19,3,7,0,0,23,4,70,10,5,6
"ppp2r5eb",2,45,15,13,0,0,3,1,61,16,18,12
"ppp3ca",11,50,1,7,0,0,89,36,71,0,0,2
"ppp3cb",0,0,1,2,1,9,6,0,0,2,0,1
"ppp3cca",2,33,3,11,0,0,14,0,18,6,4,1
"ppp3ccb",0,0,21,8,0,0,28,11,143,9,13,8
"ppp4cb",3,25,7,4,0,0,36,6,122,1,3,0
"ppp4r3b",0,0,7,2,0,0,5,3,55,2452,1686,1928
"ppp4r4",31,60,14,37,60,61,458,267,340,1,1,3
"ppp5c",0,0,7,20,0,0,15,0,15,14,8,13
"ppp6r2a",7,15,13,19,0,0,3,3,90,6,1,3
"ppp6r3",1,9,3,5,0,0,8,1,16,5,2,10
"ppt1",3,17,5431,3009,1045,1058,3,1,59,7523,7517,10342
"pptc7b",14,32,7,10,0,0,19,4,11,20,11,10
"ppwd1",21,25,717,1380,446,452,60,51,87,4,0,5
"pqbp1",477,485,445,1188,438,450,340,165,178,703,470,621
"praf2",0,0,11,3,0,0,0,1,6,6,6,8
"prc1a",1450,1472,519,2674,58,79,3948,67,145,711,617,417
"prcc",320,329,689,881,0,0,7,1,37,468,433,475
"prcp",5,19,17,5,0,0,0,4,119,9,2,3
"prdm10",7,51,0,3,0,0,0,0,15,2,2,2
"prdm11",3,41,8,1,0,0,0,1,22,8,5,4
"prdm13",1,25,1,5,0,0,4,0,0,0,2,0
"prdm2b",1,28,0,1,0,0,2,3,23,0,3,0
"prdm4",1,40,0,4,282,322,4,0,14,1,2,0
"prdm8b",3,27,0,8,0,0,1,0,0,6,4,5
"prdx1",1,6,17,2,16,56,3,3,185,1,5,17
"prdx2",0,0,1172,2002,312,341,20,18,503,1541,2322,2752
"prdx3",542,567,1330,1115,0,0,9,3,21,9,2,4
"prdx5",0,0,14,12,0,0,13,10,247,16,14,10
"prdx6",2,3,12,4,0,0,5,5,170,6,4,12
"preb",1,46,146,251,0,0,3,1,26,248,168,233
"prelid3b",13,42,13,4,0,0,1,0,14,8,5,0
"prelp",0,0,11,1,33,58,6,6,302,0,0,0
"prepl",40,67,213,137,0,0,38,149,62,0,0,0
"prex1",2,36,14,7,0,0,6,1,41,25,28,40
"prex2",1,45,10,7,0,0,3,1,21,18,7,15
"prf1.5",0,0,91,138,0,0,1,0,7,2,0,2
"prickle1a",1,44,1,0,0,0,1,1,17,0,2,1
"prickle1b",168,182,26,70,0,0,5,2,66,5,5,5
"prickle2a",6,37,6,20,1,21,3,0,0,0,1,1
"prkaa2",0,0,4,7,0,0,6,3,14,7,4,17
"prkab1b",0,0,7,6,0,0,3,3,37,1,1,1
"prkacaa",0,0,3,0,0,0,0,0,8,3,6,7
"prkag1",1,31,3,3,0,0,3,1,11,2,10,3
"prkar1ab",0,0,15,7,0,0,32,5,208,4,5,1
"prkar1b",1,9,5,14,0,0,4,4,22,13,7,8
"prkar2aa",4,48,7,18,0,0,7,10,83,13,29,10
"prkar2ab",5,40,0,2,45,52,13,0,12,0,2,0
"prkcaa",1,34,3,1,0,0,5,0,10,0,2,2
"prkcba",1,18,9,3,0,0,2,0,17,1,2,2
"prkcbp1l",0,0,2,0,0,0,4,3,44,5,2,2
"prkcda",0,0,3,0,0,0,10,1,16,2,1,3
"prkcdb",1,42,1,0,0,0,0,0,11,0,0,0
"prkceb",0,0,3,6,0,0,5,0,3,0,1,2
"prkchb",0,0,1,7,0,0,0,2,25,1,0,0
"prkci",6,54,1,7,0,0,1,0,21,2,0,8
"prkcsh",2,8,25,26,0,0,21,5,84,68,50,107
"prkcz",1,18,55,33,0,0,4,0,5,1,0,0
"prkd2",6,46,13,4,0,0,1,13,86,2,2,15
"prkd4",185,186,0,0,0,0,0,0,3,0,0,0
"prkg1b",3,8,12,8,0,0,2,4,12,3,1,4
"prkrip1",1,9,0,8,0,0,2,0,11,5,8,1
"prmt1",0,0,18,5,0,0,15,5,124,19,5,10
"prmt2",0,0,552,699,0,0,4,0,5,0,0,0
"prmt6",8,50,5,4,0,0,4,3,6,23,21,10
"prmt7",1007,1041,2626,2935,0,0,92,94,121,12,7,12
"prmt9",0,0,1062,489,0,0,0,0,7,198,208,226
"prodha",0,0,8,6,0,0,2,9,78,15,5,4
"prom1a",0,0,4,25,0,0,10,0,5,7,1,2
"prom1b",9,16,9,35,0,0,26,1,9,29,26,24
"prorp",1,32,2,0,0,0,0,2,21,1,2,0
"pros1",1,38,3,0,0,0,3,7,50,2,1,0
"proser1",0,0,100,119,0,0,5,4,12,1,1,1
"prox1a",48,100,2,28,16,32,51,4,4,15,12,17
"prox3",0,0,2,5,0,0,2,1,12,5,3,4
"proza",12,56,28,9,0,0,9,10,149,11,10,13
"prozb",115,138,174,169,40,79,0,0,0,170,211,255
"prpf18",2,46,12,1,0,0,6,0,47,0,8,3
"prpf3",0,0,7,2,0,0,5,6,53,2,2,1
"prpf31",1,2,967,1889,299,320,4,1,15,1671,1134,1350
"prpf38a",1,11,7,0,0,0,10,4,61,2,2,7
"prpf38b",7,45,6,12,0,0,7,5,53,14,4,7
"prpf39",3,4,2,2,0,0,0,2,59,2,5,3
"prpf4",0,0,3,1,1,7,35,27,56,0,5,4
"prpf40a",0,0,3,2,0,0,13,0,32,0,3,3
"prpf4bb",3,41,6,3,0,0,6,4,37,1,2,5
"prpf6",0,0,1,0,0,0,5,0,59,5,2,4
"prpf8",1,8,19,12,0,0,15,4,159,13,8,7
"prph",0,0,0,20,0,0,294,3,6,2,3,0
"prph2b",3,48,1,18,0,0,16,0,5,9,2,9
"prph2la",103,139,712,639,0,0,22,2,3,3,7,3
"prpsap2",5,16,2,2,0,0,4,1,36,2,0,2
"prr12a",5,47,18,18,0,0,22,4,75,23,6,5
"prr18",4,40,1,3,0,0,4,1,1,7,2,4
"prr5a",0,0,1,0,0,0,2,2,51,5,1,3
"prrc2c",2,45,11,4,0,0,6,13,60,11,6,22
"prrg1",193,236,1352,646,0,0,4,2,12,3,0,0
"prrg4",3,29,3,3,0,0,0,2,13,1,2,1
"prrt4",5153,5186,16,746,0,0,802,24,19,69,31,3
"prrx1b",1,8,7,3,0,0,0,1,37,1,0,1
"prss12",0,0,0,0,1,42,0,2,6,95,59,73
"prss16",0,0,5,0,0,0,2,2,36,1,3,1
"prxl2b",0,0,229,117,0,0,1,0,13,0,0,0
"psap",152,166,138,59,33,41,24,18,390,289,450,606
"psat1",0,0,0,2,0,0,18,7,26,10,7,11
"psen1",1,23,484,302,0,0,1,0,6,333,528,421
"psen2",557,584,11,25,0,0,0,0,7,7,7,13
"psma1",122,148,89,182,0,0,3,4,74,3,8,4
"psma2",0,0,9,0,0,0,6,5,43,8,11,20
"psma3",10,15,6,4,0,0,1,4,116,3,8,4
"psma5",2,6,6,1,0,0,7,3,80,7,7,7
"psma6a",1748,1779,6,3,0,0,2,1,95,1,5,8
"psma6l",1523,1555,10,9,15,37,1,3,38,1,2,4
"psma8",1,22,28,13,0,0,19,8,111,12,17,23
"psmb1",0,0,4,2,0,0,2,2,110,4,5,5
"psmb11b",6,15,0,4,0,0,0,0,0,1,0,2
"psmb12",24,60,6,65,0,0,1,4,60,9,73,321
"psmb13a",11,82,3,150,0,0,3,27,64,69,306,570
"psmb2",0,0,5,1,0,0,13,5,101,2,5,7
"psmb3",174,203,6,4,237,264,5,2,103,1379,821,1330
"psmb4",4,22,23,8,0,0,3,5,384,8,24,31
"psmb7",74,92,3,6,2,37,5,10,94,6,6,9
"psmb8a",6,44,0,0,0,0,2,1,51,0,0,2
"psmb9a",5,13,0,3,0,0,4,0,60,2,5,10
"psmc1a",3,45,20,7,0,0,12,10,160,10,13,12
"psmc2",22,61,5,9,157,166,42,23,198,18,12,42
"psmc3",73,92,199,248,0,0,86,28,151,3,4,13
"psmc3ip",1,19,1229,1165,0,0,9,6,10,2,1,0
"psmc4",0,0,6,4,0,0,16,6,135,25,10,40
"psmc5",9,29,78,754,449,473,351,16,259,889,946,976
"psmc6",0,0,5,5,0,0,3,2,63,5,4,3
"psmd1",0,0,8,2,0,0,4,6,182,12,1,13
"psmd10",17,50,0,2,0,0,0,1,32,0,0,0
"psmd12",0,0,6,10,0,0,9,8,55,7,3,14
"psmd13",36,81,7,4,0,0,4,2,76,5,1,3
"psmd14",5,36,1,5,0,0,10,1,101,139,2,5
"psmd4a",4,39,7,9,20,53,17,4,48,6,3,11
"psmd4b",1,23,2,0,0,0,2,2,21,1,7,0
"psmd6",1,44,7,3,0,0,8,5,122,10,7,2
"psmd7",1,29,21,10,0,0,12,5,103,8,6,21
"psmd8",1,30,8,11,1,27,3,1,33,6,7,5
"psmd9",1,41,5,0,145,150,5,5,16,185,257,250
"psme1",36,66,30,16,271,314,5,6,385,161,8,14
"psme2",561,577,653,625,0,0,5,7,96,843,1208,1040
"psme3",82,90,3,2,0,0,0,0,14,3,4,8
"psme3ip1",6,16,338,329,0,0,4,3,32,341,349,418
"psme4a",2,40,4,5,0,0,6,3,40,17,3,9
"psmf1",2,40,1,0,0,0,2,1,55,98,59,63
"psmg2",2,30,4,1,0,0,2,8,40,5,1,5
"psph",3,12,0,0,0,0,1,2,10,0,1,0
"pstpip2",0,0,58,70,0,0,0,0,4,6,4,15
"ptbp1a",0,0,3,3,0,0,0,0,6,6,2,11
"ptcd1",11,48,2,3,0,0,0,0,3,0,0,2
"ptcd3",18,56,40,39,0,0,2,4,17,0,5,3
"ptch1",0,0,7,0,0,0,2,4,39,1,0,1
"ptch2",0,0,9,3,0,0,0,0,74,0,0,2
"ptdss1a",15,32,2,14,0,0,15,1,16,11,5,9
"ptdss2",9,48,11,11,0,0,9,0,1,24,8,22
"ptena",0,0,5,3,0,0,12,3,60,3,2,6
"pter",257,288,397,800,29,57,1,0,12,39,66,39
"ptgdsb.1",10,58,150,21,24,26,3,46,1501,5,88,91
"ptger4a",0,0,11,0,0,0,0,0,23,2,1,2
"ptges3a",3,37,4,4,0,0,6,2,34,2,4,5
"ptges3b",1,43,26,36,0,0,32,9,42,27,35,23
"ptgesl",0,0,3,4,0,0,5,0,8,3,2,2
"ptgr2",0,0,1,0,34,53,1,0,10,2,0,0
"ptgs1",0,0,6,0,0,0,0,4,73,4,2,1
"pth1r",12,26,0,0,0,0,0,0,3,0,0,0
"ptk6b",2,22,0,0,0,0,1,2,5,3,2,5
"ptn",1,5,1,28,0,0,56,5,41,22,53,35
"ptp4a1",0,0,95,351,0,0,0,1,36,3,7,2
"ptp4a2a",0,0,0,6,0,0,5,0,20,9,6,3
"ptpa",25,64,58,34,0,0,0,0,23,2,6,5
"ptpdc1b",3,5,4,11,17,18,54,59,94,121,137,145
"ptpn1",0,0,15,3,12,20,37,58,35,6,10,11
"ptpn11a",0,0,9,2,0,0,0,1,45,4,4,7
"ptpn11b",0,0,1,1,0,0,12,0,18,0,3,3
"ptpn13",0,0,5,0,0,0,7,7,54,1,0,4
"ptpn21",2,22,542,1454,0,0,0,2,53,2,5,3
"ptpn23a",3,7,0,0,0,0,11,2,41,0,7,0
"ptpn2a",2,6,1,7,0,0,1,0,1,5,6,3
"ptpn2b",276,296,5,5,0,0,2,3,90,12,3,9
"ptpn4a",1,28,7,3,0,0,3,4,68,4,3,9
"ptpn5",0,0,0,0,41,82,4,0,0,2,1,1
"ptpn6",0,0,5,2,0,0,2,4,56,3,3,2
"ptpn9a",1,39,0,3,0,0,2,3,23,1,1,6
"ptpn9b",0,0,11,1,0,0,1,1,32,1,5,0
"ptpra",0,0,10,7,0,0,2,1,17,10,5,8
"ptprk",4,46,2,4,29,67,2,0,11,12,12,3
"ptprn2",2,8,0,10,0,0,469,321,253,5,4,1
"ptprna",41,50,11,32,104,140,34,5,11,61,9,23
"ptpro",1,23,3,11,0,0,1,0,5,1,1,1
"ptprsa",0,0,4,11,0,0,2,4,22,28,4,0
"ptprua",6,8,1,0,0,0,0,0,7,0,0,1
"ptprub",6,30,3,0,0,0,1,1,15,0,3,3
"puf60b",2,41,8,83,0,0,6,3,86,8,1,3
"pum1",11,19,11,9,0,0,8,7,79,10,6,16
"pum3",0,0,7,2,0,0,2,3,16,2,1,7
"puraa",0,0,3,5,0,0,3,3,44,0,8,0
"purab",2,50,1,4,0,0,4,5,15,1,1,5
"pus7",1,21,2,2,0,0,2,0,23,1,4,3
"pus7l",1,15,0,0,0,0,0,0,5,0,0,0
"pvalb4",0,0,0,0,160,195,0,0,0,3,0,0
"pvalb5",0,0,0,6,27,34,9,0,1,1,3,4
"pvalb6",0,0,0,0,10,26,0,0,0,4,0,3
"pvalb7",9,18,205,29,0,0,102,62,127,1,0,2
"pvrl2l",13,44,4,27,61,67,0,0,11,9,10,9
"pwp2h",1,44,3,0,0,0,0,3,24,2,1,2
"pxk",0,0,0,0,0,0,0,4,10,2,0,5
"pxmp2",1,41,0,3,0,0,0,0,3,24,71,160
"pxylp1",0,0,4,10,0,0,4,2,17,0,0,0
"pygl",11,21,14,19,33,50,13,8,121,47,22,123
"pygma",1,10,0,3,16,21,0,0,0,16,2,3
"pygmb",1,49,8,23,0,0,29,1,46,36,12,32
"pygo2",2,45,6,2,0,0,0,0,13,1,0,2
"pym1",11,44,4,5,0,0,1,4,21,0,0,2
"qdpra",0,0,17,4,0,0,1,4,67,3,7,2
"qpctla",0,0,13,0,0,0,1,0,11,10,1,2
"qrich1",5,10,440,472,0,0,41,1,22,359,395,388
"qrsl1",37,42,205,194,0,0,2,1,21,0,0,7
"qser1",1,43,11,4,0,0,0,4,15,0,3,0
"qsox1",2,35,15,0,0,0,0,0,25,0,3,1
"qtrt1",0,0,0,0,0,0,68,76,67,0,0,0
"r3hcc1l",0,0,1,4,41,82,3,5,5,1,2,0
"r3hdm4",3,39,2,3,0,0,2,4,3,5,2,2
"rab10",15,47,9,12,0,0,11,5,146,13,8,13
"rab11a",7,19,6,0,0,0,0,0,8,8,3,2
"rab11al",2,40,0,1,0,0,5,1,28,338,305,776
"rab11ba",0,0,18,3,1,44,0,0,46,1,6,3
"rab11fip4a",0,0,0,10,18,34,3,0,0,1,2,0
"rab11fip4b",0,0,1,5,0,0,7,4,10,1,1,2
"rab14l",0,0,3,2,0,0,12,4,23,22,12,16
"rab18a",0,0,6,0,0,0,2,0,5,7,1,2
"rab18b",0,0,17,4,0,0,5,7,54,9,11,8
"rab1ab",5,9,17,12,0,0,8,5,74,10,13,13
"rab1ba",0,0,10,4,0,0,2,1,34,2,5,1
"rab20",581,620,6000,628,32,33,47,147,429,13,7,12
"rab21",0,0,11,7,0,0,5,9,83,13,9,20
"rab23",0,0,1,4,0,0,0,0,9,2,3,5
"rab24",20,67,250,482,0,0,64,35,41,32,14,18
"rab27a",0,0,4,0,0,0,0,3,10,2,8,7
"rab2a",1,47,38,11,40,56,12,3,73,19,19,17
"rab30",2,33,14,7,0,0,4,6,19,7,3,9
"rab33ba",1,43,15,18,0,0,0,0,1,21,27,31
"rab34a",34,71,25,21,0,0,9,131,74,5,2,4
"rab34b",0,0,0,0,0,0,6,0,30,541,271,352
"rab38c",85,131,147,218,3,6,6,353,35,190,222,195
"rab3ab",2,24,0,15,0,0,18,0,7,1,2,1
"rab3c",1,37,17,20,0,0,6,0,0,15,4,7
"rab3db",1,21,7,0,0,0,0,0,4,3,3,2
"rab3gap2",1,12,445,905,0,0,1,6,52,3,1,2
"rab3il1",9,16,0,0,0,0,0,1,7,0,1,1
"rab3ip",1,44,676,396,2,29,0,3,11,2,3,1
"rab40c",1,48,4,6,20,29,2,0,26,13,8,1
"rab42a",4,20,0,4,0,0,7,0,1,12,4,5
"rab4a",0,0,4,3,24,60,0,3,7,11,0,0
"rab4b",9,21,0,1,0,0,2,0,5,5,0,0
"rab5b",6,9,5,9,0,0,11,1,29,75,15,35
"rab5c",0,0,5,9,0,0,8,3,53,11,5,10
"rab6a",0,0,1,7,0,0,4,0,10,8,5,6
"rab6ba",1,10,7,8,0,0,1,2,1,0,2,4
"rab6bb",2,32,0,2,0,0,5,0,1,1,0,0
"rab7a",168,208,284,152,49,51,12,15,54,303,251,384
"rab8a",0,0,5,3,0,0,1,0,10,1,1,3
"rab9b",5,28,129,69,0,0,0,0,0,106,92,76
"rabac1",2,50,10,1,0,0,0,0,33,8,2,5
"rabep1",3,25,1,2,0,0,3,1,39,4,5,3
"rabepk",3018,3057,1679,1254,25,40,43,24,61,29,35,19
"rabgap1",1,23,9,5,0,0,11,3,63,7,6,7
"rabggta",0,0,1,2,29,66,0,0,14,0,0,0
"rabggtb",0,0,3,3,0,0,1,0,16,5,2,1
"rabif",0,0,1,1,0,0,1,0,8,2,3,8
"rabl2",1,5,0,1,0,0,1,0,6,2,12,0
"rabl3",2,19,19,9,0,0,1,0,8,14,25,69
"rabl6b",1,43,1,1,0,0,1,0,12,2,1,0
"rac3b",1,23,4,10,0,0,4,3,6,3,1,1
"rack1",3,16,282,34,79,104,29,91,5188,45,78,162
"rad1",1,39,0,1,0,0,5,0,5,736,1176,650
"rad17",4,48,229,178,0,0,0,0,25,0,1,0
"rad21a",2,48,26,20,0,0,14,8,158,14,14,12
"rad50",15,50,0,0,0,0,0,1,7,3,2,4
"rad51",174,215,257,424,0,0,197,23,32,56,32,20
"rad51d",0,0,171,290,0,0,173,92,103,332,192,285
"rad54b",14,30,0,5,0,0,7,0,6,0,0,0
"rad54l",33,59,0,0,0,0,0,0,1,0,0,2
"rad54l2",180,185,507,508,0,0,12,3,18,16,18,11
"rae1",0,0,2,1,37,76,1,0,46,3,0,0
"raf1a",1,10,5,1,0,0,0,4,25,3,9,11
"rai14",0,0,0,7,0,0,1,0,31,3,6,3
"ralaa",21,66,38,21,0,0,1,5,4,8,6,4
"ralbp1",1,33,6,7,27,46,10,12,101,6,0,1
"ralgapa1",0,0,10,1,89,98,4,4,38,7,1,4
"ralgapa2",0,0,6,2,0,0,0,1,36,4,0,0
"ralgapb",2,49,7,1,29,64,5,1,43,1,5,4
"ralgps2",1,12,16,4,0,0,7,16,46,0,5,1
"raly",3,16,0,0,0,0,6,1,14,0,0,0
"ramp2",0,0,68,7,0,0,1,0,29,21,15,29
"ran",0,0,32,17,0,0,40,15,842,7,24,26
"ranbp1",1,22,7,3,0,0,1,5,49,425,247,368
"ranbp10",6,8,1,3,0,0,7,5,4,8,6,2
"ranbp3b",1,16,7,9,0,0,10,1,43,9,21,5
"ranbp9",0,0,4,0,0,0,3,7,43,0,0,1
"rap1gap",0,0,0,6,0,0,13,1,7,4,0,2
"rap2ab",3,46,5,3,0,0,2,0,3,0,0,0
"rap2c",1,36,5,0,0,0,1,0,44,18,0,20
"rapgef1b",7,12,1350,1242,40,76,3,0,19,1068,1353,1068
"rapgef2",17,19,11,8,0,0,14,6,72,7,4,10
"rapgef3",0,0,7,0,0,0,0,7,50,882,309,668
"rapgef6",1,33,0,0,0,0,0,0,24,0,0,0
"raraa",1,41,1,3,46,59,1,3,21,1,4,3
"rars2",567,570,1468,2064,55,77,375,466,317,1428,1408,956
"rasa1a",122,141,129,137,47,49,9,7,32,107,142,160
"rasa3",1,7,0,5,0,0,0,3,8,2,3,6
"rasal2",36,48,8,10,0,0,6,0,51,23,11,15
"rasal3",0,0,9,0,0,0,5,1,125,1,1,0
"rasd2",4,29,2,3,27,51,2,0,4,62,30,44
"rasd4",4,9,0,5,0,0,1,0,1,0,1,0
"rasgef1ba",5,14,7,10,0,0,0,0,27,3,1,2
"rasgef1bb",0,0,841,141,0,0,3,1,21,1,0,2
"rasgrf2a",4,32,0,3,0,0,6,0,0,1,0,0
"rasgrf2b",1,39,0,2,0,0,5,0,0,5,0,1
"rasgrp3",5,12,3,1,0,0,0,0,0,0,0,0
"rasgrp4",79,110,2,6,0,0,1,0,8,1,0,2
"rasip1",20,36,12,1,0,0,11,6,171,15,6,6
"rasl10a",3,46,0,20,0,0,4,0,0,5,2,1
"rasl11b",9,53,12,5,0,0,0,1,20,1,0,2
"rassf1",1,16,2,6,18,23,9,2,7,3,6,5
"rassf2a",2,40,8,4,0,0,10,1,14,5,1,13
"rassf4a",1,31,8,2,40,70,0,2,11,0,1,1
"rassf7a",345,392,25,122,0,0,2,3,10,51,48,58
"rassf8b",0,0,1,0,0,0,3,3,22,5,6,16
"rassf9",2,29,10,1,0,0,0,2,10,4,0,1
"rb1cc1",5,52,3,3,0,0,10,0,23,7,6,4
"rbbp4",53,77,14,8,27,70,21,6,49,14,5,18
"rbbp5",0,0,0,0,0,0,3,2,56,1,8,0
"rbck1",553,578,1212,1634,74,90,9,34,39,112,94,110
"rbfox2",2,3,5,3,0,0,0,0,11,4,2,6
"rbks",623,664,801,2295,364,370,338,205,342,1922,1823,1701
"rbm14a",7,36,38,14,0,0,1,0,2,1,1,0
"rbm15",1,7,0,2,0,0,0,2,35,3,6,4
"rbm15b",1,22,5,2,0,0,4,4,10,11,21,22
"rbm17",0,0,4,3,0,0,7,4,83,2,1,5
"rbm18",1,23,11,22,0,0,32,32,47,0,1,2
"rbm19",1,19,0,1,0,0,1,0,20,4,2,6
"rbm22",17,39,1,0,68,83,7,1,34,0,5,1
"rbm25a",0,0,45,36,0,0,6,3,73,9,2,5
"rbm25b",1551,1561,7,17,10,18,33,15,127,7,11,14
"rbm26",0,0,4,5,0,0,3,0,33,3,3,3
"rbm27",42,83,3,10,0,0,177,68,28,7,2,3
"rbm33a",0,0,3,3,63,71,4,0,23,7,0,3
"rbm34",77,116,3383,2758,0,0,0,1,9,6501,8022,6899
"rbm39b",4,31,12,9,0,0,9,5,32,14,4,10
"rbm4.1",0,0,0,4,0,0,5,1,27,1,8,3
"rbm41",122,153,14,167,106,124,19,13,20,24,15,8
"rbm45",286,317,1,1,0,0,1,0,15,0,1,2
"rbm47",1,48,9,1,0,0,0,6,21,0,2,2
"rbm48",50,95,19,16,1,20,0,1,1,34,21,18
"rbm5",3,6,3,11,0,0,8,7,111,9,1,7
"rbm6",2,41,1,5,0,0,8,1,39,3,1,3
"rbm8a",0,0,8,3,0,0,8,5,142,2,5,14
"rbms2b",0,0,0,1,0,0,0,1,6,5,1,3
"rbmx",0,0,3,5,0,0,1,2,39,2,3,3
"rbp3",0,0,35,38,0,0,71,43,473,15,9,15
"rbp4",15,22,5,0,0,0,7997,213,355,0,3,8
"rbp4l",1,7,225,453,0,0,298,247,1176,41,52,32
"rbp5",1,35,816,186,163,184,36,156,576,697,304,725
"rbpjb",0,0,4,1,0,0,2,2,13,2,0,5
"rbpms2a",3,15,53,16,13,14,25,7,61,27,30,24
"rbsn",0,0,384,555,331,356,6,1,18,655,723,754
"rbx1",0,0,2,6,876,900,2,4,88,3,0,4
"rc3h1b",20,23,13,2,0,0,0,5,15,2,3,14
"rcan1a",2,44,6,1,0,0,1,4,7,1,4,1
"rcan3",0,0,7,6,0,0,2,1,26,6,10,21
"rcbtb1",107,146,62,68,0,0,7,5,22,1,3,2
"rcbtb2",2,7,0,1,0,0,1,0,6,1,1,3
"rcc1l",0,0,6,0,0,0,0,0,15,1,0,0
"rcc2",0,0,6,1,0,0,0,0,13,7,3,5
"rcl1",156,169,1650,228,0,0,13,13,191,351,450,818
"rcn1",0,0,5,0,0,0,4,0,23,4,0,0
"rcn2",2,27,2,3,0,0,1,0,8,6,2,3
"rcn3",6,43,28,9,547,565,10,25,280,3,9,17
"rcor1",4,33,10,9,28,47,1,3,104,23,20,21
"rcor2",692,718,3,5,339,342,10,6,16,21,1,2
"rcor3",8,44,8,7,0,0,5,0,6,4,1,1
"rcvrn2",224,272,936,561,306,344,258,139,471,97,127,150
"rcvrn3",7,10,37,193,39,82,201,5,48,63,97,44
"rd3",198,237,539,397,0,0,4,0,1,7,4,4
"rdh1",0,0,192,857,332,363,3,0,6,0,2,0
"rdh10a",3,45,42,8,0,0,12,14,121,15,24,24
"rdh12",0,0,0,0,0,0,12,6,11,0,0,0
"rdh12l",1,42,2,0,0,0,1,1,13,0,0,2
"rdh14b",0,0,35,303,0,0,0,0,10,11,10,5
"rdh5",0,0,1,0,0,0,0,15,429,0,1,0
"rdh8a",1,30,23,40,12,22,41,54,124,50,59,35
"reck",0,0,5,2,0,0,0,0,31,3,0,2
"recql",5,9,0,3,0,0,0,0,5,3,1,0
"recql5",8,22,9,22,0,0,4,2,7,2,0,1
"reep1",0,0,442,1084,140,168,2,0,3,711,1091,798
"reep3b",0,0,14,2,0,0,5,0,8,5,3,14
"reep5",0,0,32,0,0,0,594,26,68,3,1,2
"reep6",0,0,6,7,0,0,35,9,6,3,5,6
"rel",1,18,3,0,0,0,0,4,41,4,1,1
"rela",163,185,5,3,63,84,2,1,50,391,363,448
"relch",16,27,1,3,22,43,28,5,25,1,5,2
"relt",20,60,7,5,0,0,5,0,0,0,1,2
"rem2",1,31,0,6,0,0,6,0,19,2,3,3
"renbp",0,0,8,0,0,0,3,0,6,0,5,11
"rer1",0,0,5,1,0,0,1,3,5,0,0,0
"rerea",9,45,21,16,29,68,20,9,92,10,2,7
"rereb",3,17,7,15,21,29,10,3,51,14,5,5
"rest",0,0,548,392,90,95,1,3,9,664,477,698
"ret",2,31,0,3,0,0,9,2,5,2,2,0
"retreg2",0,0,10,19,0,0,4,4,42,7,10,4
"retreg3",1,26,3,13,36,53,3,0,16,17,10,7
"rex1bd",0,0,29,20,27,33,0,2,10,5,3,5
"rexo1",1,2,4,2,0,0,0,1,39,1,1,8
"rexo4",1,47,0,3,21,27,2,1,16,0,0,1
"rfc2",4296,4320,1526,10657,17,59,5,1,52,63,47,32
"rfc3",5,31,0,3,0,0,2,0,1,1,0,0
"rfc5",7,47,3,22,106,122,4,6,8,5,6,13
"rfk",0,0,11,1,0,0,1,0,4,4,5,8
"rflna",0,0,1,2,0,0,0,0,1,11,6,7
"rflnb",0,0,8,2,0,0,0,2,43,3,4,4
"rfng",5,8,3,0,0,0,0,0,14,4,0,0
"rftn2",2846,2866,2,1,0,0,0,0,3,1,1,0
"rfwd3",0,0,10,0,0,0,2,5,24,1,1,1
"rfx1b",0,0,9,0,0,0,1,0,15,7,0,6
"rfx2",5,50,3,14,0,0,0,0,1,5,2,24
"rfx7b",5,51,3,1,0,0,2,2,36,0,0,0
"rfxank",36,83,154,80,0,0,37,23,39,68,139,129
"rfxap",1,33,239,40,0,0,0,0,3,4,4,0
"rgcc",1,38,2,3,0,0,10,2,59,10,5,20
"rgl1",0,0,11,0,30,61,7,6,86,1,5,6
"rgl2",1,49,3,2,0,0,15,18,53,16,2,7
"rgl3a",1,15,7,1,0,0,3,0,2,4,4,0
"rgma",2,6,5,0,0,0,1,1,20,3,1,1
"rgmd",1,22,4,1,0,0,3,2,20,0,7,1
"rgn",372,404,88,316,407,443,0,0,32,0,0,3
"rgp1",0,0,3,16,0,0,17,0,36,3,0,4
"rgra",0,0,11,8,61,75,3,14,285,1,6,13
"rgrb",1,31,22,2,31,62,4,62,462,3,8,18
"rgs11",0,0,1,0,26,36,0,5,17,0,0,3
"rgs12b",1,14,2,0,0,0,1,0,11,1,0,1
"rgs14a",0,0,0,0,0,0,10065,425,373,0,0,0
"rgs16",0,0,1,3,0,0,10,0,3,1,8,4
"rgs18",0,0,6,0,0,0,0,0,7,0,0,5
"rgs19",3,30,5,3,0,0,4,4,10,1,2,0
"rgs20",3,36,12,32,0,0,2,1,1,5,4,2
"rgs4",0,0,7,2,0,0,2,4,25,0,0,0
"rgs5a",0,0,836,185,0,0,5,17,710,29,43,27
"rgs9a",456,497,2,69,96,125,57,3,14,10,7,7
"rgs9b",0,0,4,19,0,0,18,1,15,10,11,6
"rhag",0,0,5,1,0,0,5,24,161,8,6,18
"rhbdd1",0,0,6,0,0,0,0,0,7,0,1,0
"rhbdf1a",2,25,25,302,0,0,1,1,37,4,1,0
"rhbdl1",9,49,0,1,0,0,0,0,0,0,0,0
"rhd",63,79,63,97,364,398,127,28,131,3257,3717,3151
"rhebl1",0,0,9,3,0,0,7,2,8,1,1,7
"rhobtb2a",1,2,4,12,0,0,23,1,3,0,0,0
"rhobtb4",0,0,7,2,0,0,12,8,59,6,7,1
"rhof",0,0,1,0,0,0,1,0,27,243,250,202
"rhoq",0,0,4,5,0,0,1,1,24,1,0,2
"rhot1a",0,0,1,5,0,0,3,0,7,3,3,2
"rhot1b",0,0,0,8,0,0,14,1,19,4,4,8
"rhot2",0,0,3112,4947,0,0,2,1,15,6788,4919,6597
"rhoua",0,0,6,2,0,0,0,0,15,2,1,3
"rhoub",0,0,13,3,0,0,4,6,11,1,2,6
"rhpn2",0,0,5,0,0,0,1,0,10,2,1,1
"ric8a",51,59,5,48,0,0,15,1,3,5,0,0
"ric8b",1,18,2,1,0,0,2,0,21,4,2,2
"rida",0,0,972,5525,2127,2139,1,0,26,3772,2057,7474
"rif1",1,30,2,26,0,0,4,0,28,6,2,1
"rilp",1,29,4,3,0,0,1,1,20,3,3,4
"rilpl2",0,0,5,0,0,0,1,1,28,0,2,2
"rimbp2",0,0,35,15,0,0,2,0,0,0,0,0
"rimkla",5,31,6,23,103,138,3,0,5,9,14,9
"rin2",4,41,6,5,0,0,2,1,10,0,0,1
"rint1",0,0,1,2,0,0,0,0,15,2,9,4
"riok3",4,49,10,6,0,0,12,8,55,32,42,39
"riox1",1,12,1185,895,0,0,2,2,20,129,256,176
"riox2",0,0,0,1,0,0,2,0,14,2,6,2
"ripor1",0,0,5,7,0,0,0,0,28,0,0,3
"ripor2",7,9,6,1,0,0,1,1,12,1,0,0
"ripor3",2,10,1,1,0,0,3,4,45,1,2,1
"rlbp1b",128,146,423,92,0,0,3,73,702,3,18,10
"rlf",3,37,4,25,51,69,1,1,31,5,2,1
"rlim",0,0,3,5,0,0,7,1,24,3,1,1
"rln3b",1,45,5,0,0,0,3,9,6,6,0,1
"rmdn1",2,27,218,159,0,0,2,0,27,0,0,0
"rmdn3",11,18,40,25,0,0,0,0,5,0,0,1
"rmi2",1,15,0,0,0,0,0,0,0,2,0,7
"rmnd1",39,63,69,17,47,88,10,485,531,106,256,539
"rnaseh2a",1,3,3,0,4256,4258,1,0,6,0,0,1
"rnaseh2b",2,43,9,1,0,0,9,3,42,4,5,1
"rnaseh2c",426,471,480,516,362,402,0,0,13,721,415,479
"rnaset2",0,0,11,1,0,0,6,0,7,0,1,4
"rnf10",0,0,11,16,0,0,14,7,142,34,63,29
"rnf103",12,27,1,0,0,0,2,1,53,3,1,3
"rnf111",2,25,6,0,0,0,1,1,18,5,1,1
"rnf113a",330,362,413,655,227,268,38,16,65,585,542,601
"rnf114",1,41,0,3,0,0,8,1,13,3,3,6
"rnf115",0,0,758,258,302,324,39,22,53,4,12,7
"rnf121",0,0,6,6,0,0,5,1,34,2,3,4
"rnf13",4,20,9,8,0,0,3,5,110,7,6,8
"rnf130",1,38,3,2,0,0,6,1,8,0,3,0
"rnf139",0,0,0,0,0,0,8,5,19,3,2,0
"rnf144aa",1,35,3,3,0,0,1,1,33,0,0,0
"rnf144b",0,0,1,1,0,0,0,0,12,2,5,4
"rnf145b",5,23,5,4,0,0,0,1,46,0,1,2
"rnf151",12,14,0,0,0,0,21,31,7,0,0,0
"rnf166",7,32,0,2,0,0,2,3,9,45,19,24
"rnf168",1,41,0,2,0,0,1,0,14,1,1,1
"rnf170",0,0,2,4,0,0,4,2,29,9,7,5
"rnf185",76,92,198,149,46,74,0,0,2,161,122,174
"rnf19b",2,37,3,5,0,0,1,4,11,3,3,7
"rnf2",0,0,0,6,0,0,6,0,16,6,6,9
"rnf20",0,0,11,7,0,0,14,9,40,10,2,16
"rnf215",117,156,685,659,2,44,2,6,13,59,2,9
"rnf220a",1,42,1,1,0,0,3,1,24,3,1,4
"rnf24",3,43,5,0,0,0,0,0,5,1,0,0
"rnf32",9,37,0,0,11,13,0,0,1,0,2,0
"rnf34a",1,29,3,7,0,0,0,3,11,0,0,2
"rnf34b",7,38,0,7,0,0,23,4,2,6,2,4
"rnf40",80,89,11,7,0,0,6,4,74,7,4,14
"rnf41",0,0,10,2,0,0,3,1,36,1,0,0
"rnf41l",0,0,0,2,33,37,0,4,0,0,2,1
"rnf44",0,0,2,8,0,0,0,1,9,9,2,13
"rnf6",2,31,18,9,0,0,7,17,48,6,5,0
"rnf7",5,52,5,8,0,0,5,1,62,5,7,5
"rnf8",0,0,0,2,0,0,3,1,50,2,5,0
"rnft1",0,0,3,0,0,0,4,0,48,376,222,315
"rnft2",0,0,138,370,0,0,0,0,1,0,0,0
"rngtt",0,0,2,1,0,0,4,1,24,5,1,4
"rnls",7,17,2,5,0,0,10,3,67,5,0,5
"rnmt",1,31,5,0,0,0,5,0,16,3,1,5
"rnps1",20,41,44,29,0,0,3,1,4,1,0,0
"ro60",0,0,12,6,0,0,4,2,12,0,2,4
"robo3",2,9,0,0,0,0,0,0,8,0,1,3
"rock1",1,40,5,1,0,0,11,4,69,8,6,7
"rock2a",0,0,7,0,0,0,2,3,109,6,6,9
"rogdi",3,8,14,40,0,0,4,3,11,11,7,6
"rom1a",7,38,126,548,49,69,422,21,234,406,226,282
"rom1b",18,57,184,483,74,94,607,49,712,135,121,118
"romo1",91,96,32,6,0,0,7,8,173,7,9,5
"ropn1l",2,46,0,0,0,0,5,0,1,1,1,0
"roraa",3,33,1,2,0,0,1,4,13,1,0,2
"rorb",4,14,5,6,0,0,41,1,15,6,3,6
"rorc",0,0,3,9,0,0,16,8,17,3,7,3
"rorca",3,27,12,18,40,64,6,2,5,36,21,30
"rorcb",3,45,9,5,72,104,189,10,48,10,11,14
"rp2",3,20,0,4,0,0,0,0,25,2,1,0
"rp9",1,37,1,1,0,0,1,1,7,1,0,2
"rpa2",0,0,387,68,0,0,10,12,30,2,6,2
"rpap1",1,16,18,7,0,0,0,0,9,0,0,0
"rpap2",0,0,56,97,0,0,1,1,11,1,0,0
"rpap3",0,0,5,2,0,0,4,1,21,0,0,2
"rpe",0,0,0,0,0,0,56,15,47,1,1,8
"rpe65a",0,0,31,4,28,60,5,132,1747,3,15,29
"rpe65b",4,45,246,215,10,34,4,2,40,17,16,18
"rpf1",399,418,2148,491,0,0,3,4,56,2,2,2
"rpia",0,0,0,2,0,0,3,2,20,1,7,2
"rpl10",2,18,177,29,0,0,12,52,1320,52,112,110
"rpl10a",0,0,0,0,0,0,9,51,2772,28,57,62
"rpl11",2,15,956,82,0,0,92,293,5994,238,441,476
"rpl13",0,0,74,7,0,0,14,24,1352,15,46,51
"rpl13a",1,47,143,18,0,0,15,40,2757,36,101,87
"rpl14",0,0,6,0,0,0,15,33,1507,35,88,87
"rpl17",25,68,144,108,0,0,23,63,1308,48,79,102
"rpl18",0,0,119,17,0,0,10,26,3392,33,64,83
"rpl18a",1,38,71,9,0,0,14,34,4689,16,27,38
"rpl21",2,18,234,20,0,0,17,82,4414,44,89,115
"rpl22l1",0,0,72,3,0,0,2,6,361,3,16,16
"rpl23",1058,1104,382,5876,345,349,12,34,1211,19,68,71
"rpl23a",1,34,131,21,38,79,9,39,569,22,51,57
"rpl24",42,63,151,92,286,312,32,53,1851,43,102,135
"rpl26",0,0,61,10,0,0,11,31,1144,7,20,52
"rpl28",3,49,33,4,0,0,3,14,697,8,12,14
"rpl29",0,0,38,9,0,0,4,12,221,4,10,18
"rpl3",0,0,290,44,6,22,170,89,8804,99,172,250
"rpl30",7,44,17,0,0,0,1,9,626,3,17,10
"rpl31",0,0,114,13,0,0,14,24,1434,21,70,57
"rpl32",1,28,81,5,0,0,9,19,2020,5,36,37
"rpl35",2,9,352,63,0,0,41,97,5416,120,165,237
"rpl35a",0,0,146,27,0,0,14,55,549,39,75,104
"rpl36",0,0,45,8,52,86,4,18,865,3,2,2
"rpl36a",34,59,304,86,49,68,93,102,967,122,221,211
"rpl37",1,39,84,9,0,0,5,17,747,15,32,49
"rpl39",3,29,153,26,46,54,39,72,1246,11,34,40
"rpl4",690,735,454,66,0,0,515,213,8118,531,644,639
"rpl5b",10,49,594,400,0,0,147,301,6628,179,314,366
"rpl6",6,13,462,56,0,0,49,152,4170,6836,9384,7861
"rpl7",0,0,193,23,37,56,25,47,879,32,56,91
"rpl9",0,0,523,333,43,79,45,71,3702,53,166,167
"rplp0",1,35,160,8,0,0,14,64,2670,13,106,88
"rplp1",0,0,253,23,0,0,11,24,2657,44,154,104
"rplp2l",0,0,97,3,0,0,4,5,124,12,38,38
"rpn1",105,117,19,6,0,0,5,2,111,9,5,14
"rpn2",0,0,5,4,0,0,4,2,41,1,3,3
"rpp21",0,0,356,76,0,0,0,0,3,2,22,63
"rpp40",0,0,0,2,0,0,7,1,14,0,0,1
"rprd1b",0,0,2,8,0,0,279,10,22,13,21,5
"rps10",2,27,63,10,0,0,9,30,898,21,45,38
"rps13",2,31,77,5,0,0,6,12,405,22,33,33
"rps14",0,0,463,35,0,0,22,75,6715,57,214,230
"rps15",1,26,244,32,0,0,29,68,1877,6,35,35
"rps15a",0,0,43,3,0,0,2,16,1020,9,29,28
"rps16",2,23,143,23,0,0,21,35,2726,31,86,86
"rps17",0,0,145,15,0,0,29,56,2862,31,100,78
"rps19",0,0,31,5,0,0,199,107,1231,12,12,15
"rps21",1,21,22,1,0,0,2,8,329,5,25,20
"rps23",2,4,43,4,0,0,12,6,981,8,22,27
"rps24",0,0,23,5,0,0,8,15,935,7,16,29
"rps25",1,20,179,20,0,0,17,42,1459,16,104,102
"rps26",218,232,175,21,148,150,24,72,1994,327,296,282
"rps27a",7,47,611,78,40,83,65,96,9772,106,359,298
"rps28",0,0,189,29,0,0,24,53,567,53,81,94
"rps3",0,0,196,9,0,0,17,43,3859,31,67,73
"rps3a",122,154,204,33,1,43,28,55,3992,23,103,89
"rps4x",1,3,404,34,19,37,57,124,6421,89,170,259
"rps5",2597,2605,1552,2903,795,807,233,163,1954,2033,1843,2253
"rps6",1,44,196,35,0,0,47,90,3780,55,89,159
"rps6ka1",0,0,0,4,6,35,8,72,95,0,0,0
"rps6ka2",21,41,7,15,0,0,14,0,5,7,10,5
"rps6ka3b",0,0,1,5,0,0,7,1,10,3,2,0
"rps6ka4",9,25,8,6,34,46,5,0,47,5,3,6
"rps6ka5",2,25,0,2,0,0,1,0,6,5,1,4
"rps6kal",2,28,2,26,3,17,5,2,8,10,7,8
"rps6kb1a",2,48,1,3,25,59,0,6,10,4,0,0
"rps6kb1b",3,12,1,0,0,0,3,0,16,1,0,1
"rps6kc1",1,15,2,4,0,0,5,2,24,2,0,1
"rps8a",0,0,216,40,0,0,47,140,3662,29,114,167
"rps9",0,0,212,19,0,0,16,52,2310,29,114,81
"rpsa",11,44,367,43,0,0,25,67,5071,70,112,167
"rptor",0,0,1,1,0,0,1,2,16,6,4,1
"rpusd2",3,29,0,1,0,0,3,0,5,0,3,4
"rpusd4",506,539,776,995,5,18,1,1,11,676,545,775
"rpz",47,66,6,16,35,62,10,5,24,8,2,1
"rpz4",0,0,0,0,0,0,0,1,185,2,6,0
"rpz6",11,37,0,0,0,0,10,0,0,2,0,0
"rraga",0,0,6,3,0,0,1,4,19,5,0,2
"rras2",0,0,6,1,0,0,4,0,30,2,3,3
"rrbp1a",0,0,4,4,0,0,4,1,29,1,3,5
"rreb1a",16,60,6,11,0,0,6,1,6,12,7,6
"rrm1",0,0,337,2722,0,0,1,1,44,0,0,1
"rrm2b",1,40,2,2,0,0,3,1,9,4,1,0
"rrn3",24,39,0,0,0,0,0,1,36,0,0,1
"rrnad1",17,39,0,80,0,0,53,55,70,0,2,1
"rrp12",316,320,11,0,0,0,3,1,29,3,4,2
"rrp15",2,27,3,3,0,0,4,0,34,0,2,0
"rrp7a",101,105,1,19,0,0,3,0,4,4,7,6
"rrp8",0,0,9,1,0,0,1,7,41,3,1,2
"rrp9",107,145,25,269,0,0,2,0,7,1,0,1
"rsad2",1,36,7,9,0,0,4,10,42,2,2,7
"rsl1d1",0,0,3,1,0,0,0,1,10,0,5,1
"rsl24d1",0,0,62,11,0,0,19,8,160,14,28,30
"rsph9",4,38,1426,1241,0,0,5,1,1,1,4,2
"rspo1",0,0,8,1,0,0,2,1,23,0,2,2
"rspry1",0,0,0,1,0,0,4,1,31,26,1,18
"rsrc2",0,0,5,6,0,0,3,2,19,0,1,7
"rsu1",0,0,7,2,0,0,1,4,35,0,3,2
"rtca",3,32,1,3,0,0,1,0,14,3,2,2
"rtcb",0,0,2,7,0,0,2,0,34,0,4,3
"rtel1",56,98,0,0,0,0,0,0,1,1,1,0
"rtf1",3,18,6,4,5,36,4,10,65,11,4,11
"rtf2",4,30,8,7,32,33,10,7,43,9,9,11
"rtkn2a",6,40,0,0,0,0,0,0,0,0,0,0
"rtn2a",3,47,0,0,0,0,14,0,8,0,0,0
"rtn2b",3,10,0,2,74,100,0,0,0,60,36,26
"rtn4r",0,0,1,1,26,50,0,2,4,1,3,1
"rtn4rl2a",4,10,1,2,0,0,2,0,0,1,5,5
"rufy1",1,44,4,3,0,0,1,3,37,871,559,958
"rufy2",6,8,3,0,0,0,12,0,9,21,19,44
"rufy3",117,161,73,120,0,0,10,1,52,17,1,6
"rundc3aa",0,0,1,1,0,0,1,19,19,0,0,0
"rundc3b",17,54,232,447,0,0,0,0,0,4,7,3
"ruvbl1",0,0,1682,294,248,289,10,0,31,4,4,6
"ruvbl2",2,47,5,2,0,0,2,3,14,1,2,2
"rwdd",4,27,9,9,0,0,2,0,22,0,2,1
"rwdd1",4,44,4,4,0,0,0,1,42,4,5,5
"rx1",1,25,1,5,0,0,6,0,4,9,3,2
"rx2",0,0,5,12,0,0,10,0,16,2,0,0
"rxfp3.3b",1,20,0,0,0,0,12,1,0,0,2,4
"rxrbb",0,0,1,0,0,0,1,0,30,325,157,287
"rxylt1",39,82,5,95,83,111,2303,568,726,41,36,24
"rybpa",0,0,3,4,0,0,6,0,5,2,5,7
"ryk",3,6,6,0,0,0,0,0,5,0,2,1
"ryr3",10,40,4,25,55,90,36,23,8,15,6,4
"s100a10a",1,4,10,4,0,0,3,4,97,0,1,6
"s100b",0,0,0,1,0,0,8,6,140,6,4,7
"s100t",644,691,0,3,17,36,18,0,2,2,1,2
"s100u",0,0,13,1,0,0,3,11,24,3,0,3
"s1pr2",0,0,6,0,22,52,0,0,14,2,0,1
"saal1",0,0,3,0,0,0,13,2,39,0,0,2
"sacm1la",0,0,6,8,0,0,3,2,15,5,9,3
"sacs",4,42,0,0,0,0,6,0,5,5,1,5
"saga",5,48,31,188,0,0,295,17,383,220,177,131
"sall1a",1,7,1,13,64,88,17,0,16,3,9,3
"sall3a",24,61,1,7,0,0,10,0,18,3,0,0
"samd11",5,7,6,18,0,0,8,3,10,3,8,5
"samd13",8,13,0,1,0,0,0,0,6,12,458,13
"samd4a",43,62,0,2,1,12,0,1,2,0,4,1
"samd7",1,25,7,22,1,33,19,0,8,19,4,11
"samsn1a",0,0,4,3,0,0,3,1,49,0,4,6
"sap130a",0,0,3,0,7,38,0,1,18,0,2,2
"sap30l",5,20,4,4,0,0,0,3,4,0,8,6
"sar1b",2,40,29,13,0,0,1,6,24,13,17,23
"sarm1",1,42,73,62,0,0,0,0,11,0,0,0
"sars1",2,3,8,5,0,0,4,1,60,9,2,9
"sars2",0,0,19,44,0,0,49,18,8,61,11,27
"sart3",299,331,804,970,0,0,16,8,47,1002,871,965
"sash1a",1,7,8,2,20,61,0,3,29,8,2,4
"sash3",1,15,4,1,0,0,0,7,127,1,3,6
"sass6",781,790,829,6860,0,0,20,0,9,0,27,5
"satb1b",2,48,0,0,0,0,8,1,12,3,0,2
"satb2",1,10,0,0,0,0,0,1,14,0,0,3
"sav1",0,0,64,1160,0,0,0,0,23,71,48,53
"sb:cb81",1,38,8,2,0,0,1,1,6,7,6,0
"sbds",52,92,2,2,0,0,10,0,62,84,122,109
"sbf1",25,55,7,28,0,0,7,9,47,15,3,11
"sbf2",0,0,5,0,0,0,5,1,33,7,7,1
"sbk3",4,28,1,0,0,0,3,0,7,0,1,1
"sbno1",3,38,3,5,0,0,3,0,27,2,6,5
"sc5d",1954,1994,1577,15152,1633,1636,233,4,24,3143,2774,1911
"scaf1",1,14,5,6,13,40,12,6,78,15,11,11
"scaf11",0,0,13,5,0,0,6,3,53,9,5,13
"scamp1",0,0,2,1,0,0,6,2,6,6,5,7
"scamp3",0,0,7,4,0,0,2,1,48,1,1,2
"scamp4",9,41,13,9,0,0,1,0,11,4,4,7
"scap",5,53,1,4,0,0,30,11,49,7,4,2
"scara3",0,0,11,1,0,0,1,3,32,5,4,7
"scarb1",10,49,0,3,10,13,8,0,6,0,4,7
"scarb2a",1,31,3,0,0,0,2,0,0,3,2,5
"scarb2c",0,0,59,40,0,0,8,3,24,4,0,2
"scarf1",15,24,11,8,0,0,0,0,9,2,0,2
"sccpdha.1",212,226,8,11,0,0,7,1,46,7,12,23
"scfd1",0,0,12,10,0,0,9,2,133,5,6,19
"scfd2",4,20,1,3,0,0,3,0,16,1,6,5
"scg2b",1,47,1,6,0,0,13,0,1,6,3,8
"scg3",7,38,313,639,0,0,121,9,44,52,35,18
"scg5",2,11,2,9,0,0,15,3,4,1,4,1
"schip1",0,0,2,8,0,0,5,4,34,5,3,6
"scinla",1,12,83,278,0,0,2,5,34,3,7,12
"scinlb",2,27,17,1,0,0,3,10,202,10,6,19
"sclt1",35,53,3,0,0,0,0,1,3,8,2,3
"scml2",6,27,2,1,0,0,1,0,6,0,0,0
"scn1ba",10,28,0,3,0,0,2,0,0,0,2,0
"scn2b",12,29,0,0,0,0,0,2,0,5,8,1
"scn8ab",2,30,0,3,0,0,5,0,0,1,1,2
"sco1",0,0,2,5,0,0,2,1,8,2,1,4
"scoca",2,43,4,3,0,0,4,1,7,8,5,22
"scp2b",57,92,4,4,0,0,1,3,44,1,5,4
"scpep1",49,67,76,119,0,0,5,11,318,1,14,19
"scrib",2,14,4,2,0,0,6,8,143,5,4,2
"scrn2",1,41,3,7,0,0,2,0,31,4,1,2
"scrn3",174,209,6,5,23,47,0,2,18,1,2,5
"scrt2",11,56,7,38,8,33,12,0,0,8,4,5
"scube1",3,51,39,6,0,0,2,13,115,4,6,4
"scube3",1,39,4,1,0,0,1,1,68,2267,3175,6013
"scyl3",21,50,30,7,0,0,0,1,36,2,1,4
"sdad1",1,28,5,2,4,43,1,6,28,3,2,5
"sdc2",5,6,19,23,33,35,9,5,153,16,15,14
"sdcbp2",1,25,11,1,0,0,7,2,87,224,141,221
"sdccag8",9,55,5,4,87,105,18,9,12,9,0,6
"sdf2",1,30,1,4,0,0,8,3,14,1,2,2
"sdf2l1",13,54,1,2,0,0,3,1,9,0,0,0
"sdf4",0,0,17,8,29,44,9,11,233,6,16,7
"sdha",0,0,10,1,0,0,13,1,110,11,15,16
"sdhaf2",54,95,57,90,34,75,2,0,66,129,110,114
"sdhaf3",0,0,0,2,0,0,5,0,2,1,5,1
"sdk1b",1,38,0,3,0,0,1,1,5,1,0,0
"sdr39u1",93,122,0,0,0,0,0,0,9,0,1,3
"sdr42e2",21,60,0,2,406,425,0,0,0,414,281,339
"sdsl",15,61,2,8,0,0,0,0,1,2,1,3
"sec11a",5,11,11,1,0,0,1,3,81,2,3,6
"sec13",3,28,9,0,0,0,9,0,63,2,2,5
"sec14l7",1,25,0,3,0,0,0,0,0,8,14,9
"sec22a",79,94,14,1,0,0,0,0,1,2,2,2
"sec22ba",87,149,117,277,0,0,2,1,3,257,186,161
"sec22bb",4,34,7,9,0,0,2,2,19,4,1,12
"sec22c",60,79,4,31,0,0,0,0,1,0,4,0
"sec23a",3,51,6,1,11,35,5,13,128,6,0,6
"sec23b",3,26,1,7,0,0,0,5,26,5,0,1
"sec23ip",4,7,502,824,60,85,51,59,74,699,427,544
"sec24a",1,5,0,5,0,0,3,1,30,5,1,2
"sec24b",1,49,2,2,0,0,2,2,16,4,0,0
"sec24c",0,0,6,7,0,0,4,3,30,4,3,5
"sec24d",18,52,103,250,1,31,36,18,52,11,10,10
"sec31a",4,46,1,2,1,21,6,3,21,3,0,3
"sec31b",1,21,4,2,0,0,5,1,25,1,1,0
"sec61b",0,0,2,0,0,0,0,2,61,4,1,5
"sec61g",227,261,157,178,29,71,37,173,208,124,112,201
"sec62",3,41,31,29,42,70,19,3,38,16,9,13
"sec63",0,0,9,3,0,0,8,4,44,3,3,4
"sel1l",0,0,2,1,0,0,2,6,9,3,0,0
"selenof",0,0,6,3,24,38,1,0,28,1,6,3
"selenoi",1,32,2,1,0,0,0,0,1,9,2,2
"selenom",2,20,1,0,0,0,0,1,160,1,3,0
"selenon",2,8,0,0,0,0,0,0,22,2,0,1
"selenoo1",2,44,10,11,0,0,17,5,34,14,15,9
"selenot2",0,0,1,3,0,0,7,19,45,3,2,5
"selenou1b",0,0,9,0,0,0,0,21,269,5,15,11
"selenow2a",0,0,23,4,0,0,4,6,232,3,3,11
"selp",2,37,0,0,0,0,0,0,32,0,0,0
"sem1",0,0,37,14,0,0,22,16,346,13,44,22
"sema3aa",5,41,7,1,0,0,2,0,20,1,0,6
"sema3ab",0,0,16,1,0,0,5,4,20,2,2,1
"sema3b",0,0,4,3,0,0,3,6,14,1,1,0
"sema3c",0,0,16,2,0,0,8,4,30,35,25,17
"sema3fa",6,20,2,4,0,0,6,0,14,4,0,2
"sema3fb",0,0,2,6,0,0,5,0,5,6,1,1
"sema3ga",2,40,508,115,0,0,7,10,35,15,6,18
"sema4ab",1,17,8,8,0,0,3,2,11,2,5,7
"sema4ba",65,78,0,2,85,90,3,1,5,2,1,2
"sema4e",6,9,1117,1169,85,89,4,8,12,1,1,3
"sema4gb",1,30,3,0,0,0,11,3,1,0,0,0
"sema6a",0,0,7,8,0,0,9,2,39,7,1,1
"sema6ba",6,41,0,2,24,45,7,0,2,8,8,9
"sema6d",4,5,2,1,0,0,11,0,7,1,0,0
"sema6dl",14,50,17,4,0,0,4,7,38,0,4,6
"sema6e",1,31,4,1,0,0,1,1,36,0,1,0
"sema7a",0,0,10,11,28,39,17,0,11,11,6,6
"senp3b",0,0,5,0,0,0,1,2,11,4,1,0
"senp6a",1,47,2,2,0,0,4,0,34,0,0,4
"sephs2",12,13,1,0,0,0,1,1,41,4,8,7
"sepsecs",0,0,3,2,0,0,0,1,13,1,0,6
"sept10",0,0,10,74,31,44,4,2,66,102,49,40
"sept15",0,0,60,39,0,0,27,4,93,11,12,17
"sept2",1,40,14,10,0,0,4,1,81,5,0,8
"sept3",1,43,13,6,0,0,9,9,94,19,12,17
"sept4a",2,16,3,1,0,0,2,0,0,0,2,5
"sept5a",0,0,4,4,0,0,9,6,16,6,10,9
"sept6",0,0,11,2,0,0,8,4,41,6,2,7
"sept7b",32,34,66,30,0,0,13,7,218,46,22,37
"sept8a",330,359,152,75,0,0,39,18,87,7,7,1
"sept8b",4,13,8,27,0,0,5,0,2,2,6,1
"sept9a",2,13,53,16,0,0,24,17,324,26,4,20
"serbp1a",1,35,105,16,33,74,33,38,620,62,56,89
"serbp1b",1,38,26,22,0,0,25,19,128,25,23,25
"sergef",0,0,10,493,0,0,0,0,10,0,1,0
"serinc1",1,19,36,37,0,0,34,5,259,63,39,34
"serinc2l",0,0,6,0,0,0,1,2,15,14,10,3
"serinc4",1,28,0,8,0,0,26,4,6,3,4,1
"serinc5",28,30,298,32,0,0,6,6,15,6,7,28
"serp1",1,23,19,3,0,0,7,45,394,19,11,25
"serpinc1",5,11,2,3,0,0,2,3,4,2,0,0
"serpind1",1,40,0,1,32,67,1,3,4,1,1,0
"serpine2",0,0,32,5,0,0,17,27,628,11,6,11
"serpinf1",0,0,40,0,0,0,2,9,123,2,3,2
"serping1",1616,1641,374,3784,1007,1033,73,0,4,32,19,13
"serpinh1a",0,0,15,2,0,0,0,0,29,1,6,3
"serpinh1b",5,48,13,3,0,0,49,3,112,5,6,10
"serpini1",11,28,14,13,0,0,46,16,25,1,4,0
"sertad2b",1,20,3,3,0,0,0,0,4,5,1,5
"sertad4",1,12,2,2,0,0,5,1,4,4,5,3
"sesn1",13,43,4,8,0,0,9,15,124,1,2,7
"sesn2",6,18,32,8,0,0,7,7,12,6,10,15
"sestd1",0,0,226,986,672,704,1,0,9,5,4,4
"setb",5,44,31,25,0,0,15,11,60,27,29,30
"setbp1",0,0,12,3,0,0,0,1,19,12,11,7
"setd1a",5,47,10,7,1,36,1,5,27,5,4,0
"setd1ba",2,41,3,5,0,0,0,2,11,1,1,0
"setd4",0,0,1,0,0,0,81,95,97,0,0,0
"setd5",13,15,23,17,0,0,10,8,48,14,6,8
"setd7",1,34,5,16,0,0,1,2,33,3,3,0
"setd9",0,0,3,0,0,0,0,6,15,0,1,0
"setdb1b",0,0,1,5,0,0,4,0,14,1,1,2
"sez6a",1,8,5,12,0,0,24,0,9,3,5,7
"sez6l",3,7,0,5,0,0,5,0,0,6,2,4
"sez6l2",0,0,2,1,0,0,13,0,6,2,0,1
"sf1",4,14,8,12,21,22,5,1,68,12,4,7
"sf3a1",2,12,10,6,0,0,7,4,102,4,5,9
"sf3a2",76,120,8,2,0,0,2,0,31,8,6,7
"sf3a3",17,33,3,6,0,0,3,9,96,7,4,1
"sf3b1",1,28,4,11,88,94,8,3,281,12,14,6
"sf3b3",0,0,0,0,0,0,6,3,30,3,1,2
"sf3b4",0,0,0,0,0,0,5,0,27,3,1,2
"sf3b6",0,0,6,1,0,0,0,0,42,1,5,3
"sfpq",1,36,3,6,0,0,12,8,90,6,3,15
"sfr1",59,91,148,65,0,0,15,8,2,2,3,2
"sfrp1a",0,0,13,0,0,0,2,5,94,0,8,9
"sfrp5",0,0,132,7,0,0,11,30,1028,15,34,36
"sfswap",1,8,0,0,0,0,3,2,41,0,0,3
"sft2d1",0,0,5,5,0,0,0,0,4,7,4,19
"sfxn4",0,0,1317,1601,0,0,1,2,3,2,0,0
"sgcb",0,0,7,0,0,0,7,2,21,11,2,3
"sgce",2,18,143,448,0,0,4,10,98,17,14,13
"sgip1a",1,39,2,38,37,51,14,0,2,8,0,1
"sgpl1",0,0,0,1,0,0,0,6,21,0,0,2
"sgsh",0,0,38,35,0,0,3,1,18,0,0,1
"sgsm1a",1,21,1,11,0,0,4,1,2,2,55,5
"sgsm1b",3,24,0,0,0,0,4,1,1,0,7,0
"sgsm3",1,17,2,4,0,0,1,0,16,2,6,8
"sgta",37,71,3,5,0,0,5,0,26,4,5,5
"sh2b3",1,21,0,0,0,0,1,0,9,2,0,0
"sh2d1ab",192,225,96,243,0,0,2,0,22,0,0,2
"sh3bgrl",0,0,11,4,0,0,5,5,247,8,7,13
"sh3bp5a",0,0,7,1,0,0,0,1,111,3,1,1
"sh3bp5la",52,75,2,2,0,0,8,2,28,4,6,11
"sh3d19",17910,17934,0,0,0,0,16,16,7,0,4,2
"sh3d21",0,0,3,1,0,0,0,2,35,3,0,6
"sh3gl1a",3,5,3,3,0,0,8,3,4,1,5,4
"sh3gl1b",2,16,20,2,0,0,0,3,71,14,6,10
"sh3gl2a",0,0,3,49,0,0,31,0,3,9,5,2
"sh3gl3a",1,12,4,0,0,0,1,0,15,5,3,1
"sh3glb1a",0,0,3,0,0,0,94,398,643,4,2,7
"sh3pxd2aa",3,24,3,0,0,0,8,0,20,2,0,2
"sh3pxd2ab",0,0,6,0,0,0,1,4,68,2,1,4
"sh3rf1",0,0,5,6,0,0,1,1,14,1,1,0
"sh3tc2",0,0,2,4,0,0,2,3,50,4,0,6
"sh3yl1",15,49,16,9,21,53,0,3,11,5,21,14
"shank1",10,24,2,0,0,0,13,11,19,1,1,4
"shank3b",0,0,1,1,9,37,1,0,6,0,0,0
"sharpin",10,51,414,500,9,23,2,11,19,50,38,37
"shc1",2,18,7,4,0,0,1,0,42,10,3,10
"shc2",2,42,9,0,0,0,0,5,21,3,2,5
"shcbp1",0,0,0,0,18,53,4,0,20,0,0,0
"shda",1,8,2,0,0,0,0,0,11,2,1,0
"she",23,24,34,24,0,0,6,5,46,36,25,18
"shisa2b",1591,1611,996,4460,0,0,8,6,31,3041,1549,1948
"shisa3",4,27,1,1,0,0,0,1,11,0,0,0
"shisa4",1,37,12,27,23,25,5,2,4,36,3,22
"shisa7a",2,40,2,5,0,0,2,0,0,1,0,0
"shmt2",2,8,3,1,0,0,1,0,15,1,1,4
"shoc2",0,0,4,6,0,0,1,2,16,2,0,2
"shox2",1,42,3,1,0,0,0,2,28,2,4,2
"shprh",1,21,1,4,0,0,2,0,9,2,0,2
"shq1",62,70,351,66,0,0,5,3,18,1,0,3
"shroom1",0,0,9,6,0,0,5,6,20,7,3,3
"shrprbck1r",2,24,1,3,0,0,2,0,7,3,2,1
"si:busm1-57f23.1",16,19,4,0,0,0,0,0,6,1,1,0
"si:ch1073-174d20.1",136,172,35,138,0,0,8,0,2,14,17,15
"si:ch1073-174d20.2",2,9,2,12,42,78,33,10,70,10,3,6
"si:ch1073-228j22.2",9,46,0,4,0,0,0,0,0,0,1,0
"si:ch1073-266p11.2",2,23,11,0,0,0,4,0,3,0,0,1
"si:ch1073-280e3.1",4,16,360,532,0,0,64,99,212,0,0,0
"si:ch1073-335m2.2",460,478,11,27,9,29,26,5,113,43,19,19
"si:ch1073-358c10.1",8,56,4,2,0,0,5,2,12,1,2,0
"si:ch1073-390k14.1",2,12,1036,1263,0,0,0,0,5,4,4,2
"si:ch1073-440b2.1",0,0,19,32,0,0,4,1,22,37,23,33
"si:ch1073-82l19.1",5,21,0,0,0,0,23,0,0,2,0,1
"si:ch211-102c2.7",3,47,1,1,38,68,26,11,24,1,1,1
"si:ch211-103n10.5",0,0,14,7,0,0,3,13,127,12,9,16
"si:ch211-106a19.1",0,0,2,0,0,0,5,0,9,1,3,2
"si:ch211-106h4.6",14,34,126,88,29,30,29,212,30,1,0,0
"si:ch211-106j24.1",1,24,33,0,0,0,7,15,152,1,0,3
"si:ch211-107o10.3",33,59,7,89,12,47,15,3,65,0,1,0
"si:ch211-113d22.2",2,42,20,26,34,72,20,1,42,23,16,11
"si:ch211-113j13.2",3,35,21,3,0,0,15,2,16,4,2,5
"si:ch211-114c12.2",0,0,1,5,0,0,0,1,13,1,2,3
"si:ch211-114c17.1",826,863,2,0,0,0,1,0,25,1,2,2
"si:ch211-117c9.5",12,14,1,3,0,0,2,0,10,0,3,1
"si:ch211-117k10.3",2,42,0,0,0,0,0,0,1,5,2,0
"si:ch211-11k18.4",0,0,1,0,0,0,0,0,6,5,1,0
"si:ch211-11n16.2",2,18,2,2,0,0,0,0,13,1,0,1
"si:ch211-120g10.1",1,12,6,6,0,0,12,0,41,5,5,4
"si:ch211-122f10.4",294,332,115,357,0,0,4,6,54,0,0,0
"si:ch211-125m10.6",97,115,342,421,53,75,120,85,121,110,110,110
"si:ch211-127i16.2",0,0,0,0,9,49,4,0,5,0,0,0
"si:ch211-129c21.1",18,45,33,13,30,34,5,3,7,12,11,6
"si:ch211-136a13.1",6,48,1,5,0,0,0,1,24,0,1,2
"si:ch211-137a8.4",85,116,27,223,39,44,246,29,165,221,95,120
"si:ch211-140b10.6",0,0,5,1,0,0,2,1,28,1,1,2
"si:ch211-141o9.10",1,28,2,2,0,0,19,22,169,2,1,0
"si:ch211-149k23.9",0,0,348,9388,0,0,0,1,7,2,1,4
"si:ch211-14i3.2",110,135,129,153,0,0,0,0,2,1,0,0
"si:ch211-150g13.3",2,14,0,2,0,0,15,0,1,3,7,1
"si:ch211-153j24.3",1,25,0,0,0,0,3038,188,101,0,0,3
"si:ch211-154o6.2",1,8,3,2,0,0,0,2,20,0,3,0
"si:ch211-154o6.3",1,9,4,0,0,0,2,0,7,1,1,2
"si:ch211-156l18.7",32,59,28,4,0,0,8,22,643,45,19,47
"si:ch211-156l18.8",69,76,108,115,40,80,36,2,2,211,240,252
"si:ch211-157b11.8",1,37,0,1,0,0,0,0,0,0,0,6
"si:ch211-157p22.10",25,33,0,0,0,0,0,0,0,1,2,0
"si:ch211-15b10.6",0,0,28,98,0,0,0,0,6,3,2,2
"si:ch211-15p9.2",4,12,77,152,222,239,7,2,6,202,209,168
"si:ch211-160f23.7",5,53,0,6,0,0,2,0,0,13,10,5
"si:ch211-160o17.2",337,354,759,653,27,54,10,3,19,0,0,2
"si:ch211-160o17.4",8,28,3,2,0,0,0,2,10,5,2,3
"si:ch211-165b10.3",26,36,482,1385,0,0,219,125,157,6,9,20
"si:ch211-166a6.5",117,124,1,0,0,0,0,6,29,0,1,1
"si:ch211-175m2.5",153,160,6,4,0,0,163,54,118,219,339,183
"si:ch211-176g6.2",22,49,6,9,0,0,4,12,46,5,19,36
"si:ch211-183d21.1",0,0,7,0,0,0,5,1,11,1,0,0
"si:ch211-189k9.2",1,19,2,0,0,0,6,0,5,0,1,0
"si:ch211-191d15.2",43,70,0,3,45,74,193,327,441,1,2,2
"si:ch211-191j22.3",0,0,0,0,29,49,2,0,111,1,4,2
"si:ch211-195b13.1",2,31,10,86,8,35,36,4,29,43,15,17
"si:ch211-195b15.7",1,25,6,29,0,0,59,0,22,30,13,4
"si:ch211-195e19.1",16,29,1,1,0,0,21,0,5,0,2,0
"si:ch211-196f5.2",1,13,3,6,0,0,94,54,69,8,10,3
"si:ch211-196h16.12",0,0,879,967,0,0,0,0,1,0,1,0
"si:ch211-197h24.6",76,100,8,6,91,130,10,10,133,4,5,2
"si:ch211-198a12.6",2,12,1,3,0,0,1,0,16,3,2,0
"si:ch211-198n5.11",105,120,1,0,19,23,0,1,3,96,433,485
"si:ch211-1a19.3",0,0,48,2,0,0,1,1,70,5,2,7
"si:ch211-1e14.1",1,34,5,2,0,0,13,0,4,0,1,0
"si:ch211-200p22.4",1,2,1,3,28,68,1,0,33,3,2,0
"si:ch211-203d1.3",326,337,924,627,45,53,1,0,28,845,1137,973
"si:ch211-203k16.3",478,483,8,9,0,0,7,7,68,1,4,0
"si:ch211-204d2.4",6,29,4,2,0,0,1,0,8,0,0,0
"si:ch211-210c8.6",15,48,111,55,0,0,0,6,19,7,15,15
"si:ch211-212d10.2",19,55,3,6,0,0,2,3,5,0,0,0
"si:ch211-212g7.6",4,6,12,6,0,0,2,2,18,4,5,5
"si:ch211-214j8.12",9,52,8,20,0,0,32,14,60,43,22,29
"si:ch211-215k15.4",5,94,4,0,0,0,0,0,19,1,4,2
"si:ch211-217a12.1",61,97,9,4,425,439,18,2,94,2934,2163,3793
"si:ch211-221f10.2",0,0,1,4,0,0,10,0,5,0,3,2
"si:ch211-223p8.8",0,0,0,0,35,60,0,0,0,3,3,2
"si:ch211-225b10.3",2,44,2,0,15,30,4,0,4,0,4,4
"si:ch211-225b11.4",25,56,74,768,74,76,36,0,7,157,127,89
"si:ch211-22d5.2",5,10,0,14,0,0,0,0,0,7,6,7
"si:ch211-232b12.5",2,21,5,12,0,0,4,0,39,5,5,9
"si:ch211-232m10.6",4,37,0,0,0,0,6,0,0,3,0,4
"si:ch211-233a24.2",0,0,3,6,1,28,14,6,71,1,2,1
"si:ch211-235o23.1",6,54,3,7,0,0,2,3,14,2,2,1
"si:ch211-239f4.1",1,11,7,13,38,71,1,2,6,3,0,3
"si:ch211-241f5.3",0,0,5,0,0,0,2,0,18,0,0,0
"si:ch211-243g18.2",0,0,0,3,0,0,6,18,0,1,0,2
"si:ch211-243j20.2",1,34,3,3,0,0,0,0,10,0,3,1
"si:ch211-243o19.4",3,5,388,221,0,0,1,0,1,155,336,327
"si:ch211-246m6.4",0,0,9,14,54,74,14,2,3,24,24,16
"si:ch211-248l17.3",1,20,0,0,0,0,3,0,0,210,113,225
"si:ch211-253b8.5",1,15,28,14,0,0,4,16,183,5,25,14
"si:ch211-256e16.3",15,53,2,18,0,0,6,0,11,14,8,7
"si:ch211-256m1.8",1,24,7,1,0,0,1,3,121,0,2,7
"si:ch211-257p13.3",1,38,741,525,0,0,0,13,23,0,0,0
"si:ch211-260e23.9",39,71,2,2,0,0,3,4,19,5,25,18
"si:ch211-263k4.2",4,16,10,0,0,0,0,1,11,2,4,0
"si:ch211-269e2.1",4,16,2,12,0,0,51,35,29,3,2,2
"si:ch211-278j3.3",0,0,0,3,0,0,12,2,14,19,3,8
"si:ch211-282b22.1",0,0,0,1,0,0,5,1,5,18,0,0
"si:ch211-283h6.4",44,54,1,2,0,0,0,0,2,0,0,0
"si:ch211-284o19.8",5,30,1,0,0,0,47,15,14,7,1,6
"si:ch211-285f17.1",1,23,6,0,0,0,5,17,96,24,13,18
"si:ch211-286o17.1",0,0,5,2,0,0,0,0,6,4,0,0
"si:ch211-287a12.9",3,43,0,1,0,0,0,0,36,0,1,0
"si:ch211-39a7.1",0,0,1,0,0,0,0,0,0,37,35,0
"si:ch211-48m9.1",2,14,0,2,0,0,12,6,50,13,2,0
"si:ch211-51c14.1",2,18,26,3,0,0,2,14,117,12,17,11
"si:ch211-57i17.1",0,0,1,15,0,0,8,0,9,9,8,11
"si:ch211-59d15.9",0,0,48,44,0,0,0,0,3,0,1,4
"si:ch211-63o20.7",3,42,0,0,0,0,38,23,26,1,0,0
"si:ch211-69g19.2",1,22,0,1,0,0,0,0,10,0,0,0
"si:ch211-71n6.4",5,38,19,0,0,0,1,0,75,7,5,7
"si:ch211-76l23.4",48,69,0,0,0,0,0,0,0,0,1,0
"si:ch211-79k12.1",0,0,46,2,0,0,3,3,316,9,8,28
"si:ch211-79l17.1",1,22,6,11,0,0,6,1,35,6,4,3
"si:ch211-87j1.4",1,9,2,0,0,0,0,0,9,1,2,0
"si:ch211-93g23.2",76,101,0,0,0,0,0,0,0,91,0,0
"si:ch211-93n23.7",2,37,2,0,35,73,0,0,0,3,0,0
"si:ch73-106g13.1",32,69,1,6,24,27,0,0,0,0,1,0
"si:ch73-12o23.1",0,0,3,3,0,0,3,3,51,6,9,8
"si:ch73-141c7.1",1,42,0,16,0,0,4,0,0,3,10,2
"si:ch73-147o17.1",0,0,1,0,16,28,2,4,19,2,4,4
"si:ch73-174h16.4",0,0,1,5,0,0,0,0,10,4,4,1
"si:ch73-199g24.2",0,0,11,7,0,0,3,7,56,3,0,6
"si:ch73-206p6.1",2,11,5,4,0,0,5,0,8,10,4,3
"si:ch73-215d9.1",749,788,4870,2771,0,0,4,0,0,9,1,2
"si:ch73-21k16.1",0,0,0,2,0,0,1,5,6,1,2,1
"si:ch73-21k16.5",38,80,0,4,108,119,123,2,6,8,11,6
"si:ch73-22a13.3",0,0,2,0,0,0,3,6,8,2,0,0
"si:ch73-22o12.1",5,34,1,1,0,0,0,0,0,3,0,1
"si:ch73-233k15.2",0,0,0,0,0,0,13,42,81,0,1,4
"si:ch73-234b20.5",0,0,0,5,1370,1381,299,93,106,0,0,1
"si:ch73-238c9.1",0,0,1,3,0,0,0,0,8,229,144,197
"si:ch73-281f12.4",2,18,6,10,0,0,7,0,17,3,1,0
"si:ch73-334d15.1",0,0,1,0,0,0,0,14,33,0,0,2
"si:ch73-335l21.1",2,15,5,16,0,0,12,5,35,35,18,20
"si:ch73-344o19.1",930,960,3831,4615,517,549,0,0,0,5545,7703,5144
"si:ch73-352p4.8",3,16,0,0,1,28,0,0,0,0,0,0
"si:ch73-389b16.2",1,41,1,8,0,0,0,0,8,5,2,2
"si:ch73-61d6.3",1470,1492,1,7,66,96,0,3,9,16,1,8
"si:ch73-62b13.1",9,45,1,0,0,0,0,0,0,0,0,0
"si:ch73-62l21.1",5,10,1,0,0,0,4,12,8,1,0,0
"si:ch73-86n18.1",1,12,18,2,0,0,6,16,288,0,4,14
"si:dkey-103g5.3",0,0,8,98,0,0,0,0,0,1,6,0
"si:dkey-103i16.6",5,7,3,9,0,0,32,12,14,13,3,10
"si:dkey-106g10.7",12,39,0,3,0,0,2,0,2,1,2,1
"si:dkey-10o6.2",1,33,4,26,0,0,77,39,54,1,0,0
"si:dkey-118j18.2",0,0,10,1,0,0,1,0,18,5,2,9
"si:dkey-120c6.5",31,74,1,3,0,0,0,0,0,39,20,28
"si:dkey-122a22.2",179,213,74,145,0,0,0,0,4,5,0,2
"si:dkey-12e7.4",0,0,1,2,0,0,5,0,6,4,3,2
"si:dkey-12j5.1",2,27,5,4,0,0,120,26,36,1,1,3
"si:dkey-13a21.4",188,205,1566,1434,17,33,465,298,592,117,144,229
"si:dkey-145c18.3",3,9,14,7,0,0,1,1,18,3,11,18
"si:dkey-148a17.6",0,0,2,1,0,0,0,0,6,0,0,9
"si:dkey-153k10.9",3,17,0,4,0,0,1,0,4,1,8,3
"si:dkey-154p10.3",4,19,1,1,0,0,2,2,39,1,4,0
"si:dkey-156n14.3",1,20,1,2,0,0,0,3,24,0,0,2
"si:dkey-165a24.9",9,22,0,3,0,0,0,0,1,2,0,1
"si:dkey-167k11.5",2,45,3,3,0,0,0,3,10,0,0,0
"si:dkey-16j16.4",0,0,3,5,0,0,4,3,38,7,10,10
"si:dkey-16l2.16",5,6,191,176,0,0,4,2,18,3,3,7
"si:dkey-16p21.7",1,8,5,3,0,0,2,0,6,1,0,0
"si:dkey-172j4.3",1,20,1,1,0,0,3,0,5,0,0,1
"si:dkey-174m14.3",392,406,360,1036,0,0,4,0,0,8,6,4
"si:dkey-174n20.1",2,18,5,10,0,0,0,1,1,0,1,0
"si:dkey-175m17.6",0,0,0,0,0,0,0,0,0,163,75,69
"si:dkey-17m8.1",1,17,1,0,0,0,3,1,25,3,1,1
"si:dkey-183c6.7",1,41,0,0,0,0,7,0,0,0,0,0
"si:dkey-183j2.10",2561,2594,313,4172,0,0,5,0,22,0,2,2
"si:dkey-183n20.15",0,0,201,61,0,0,0,0,0,0,0,0
"si:dkey-190g11.3",0,0,1,34,0,0,0,1,19,0,0,0
"si:dkey-193c22.2",1,23,0,2,0,0,0,0,4,6,0,2
"si:dkey-194e6.1",14,53,2,11,0,0,18,0,4,3,1,0
"si:dkey-197i20.6",0,0,9,1,0,0,206,52,112,1,3,0
"si:dkey-19b23.7",1,31,1926,649,0,0,0,0,0,0,0,0
"si:dkey-19b23.8",11,48,30,60,1,21,6,5,25,16,10,18
"si:dkey-19e4.5",47,61,13,13,0,0,10,4,25,4,9,8
"si:dkey-205h13.1",6,16,2,15,0,0,3,0,2,0,40,6
"si:dkey-219e21.4",19,56,0,7,0,0,9,2,1,0,1,6
"si:dkey-21c19.3",1,35,3,2,0,0,0,0,6,4,0,0
"si:dkey-220f10.4",0,0,1,28,0,0,20,1,20,22,9,14
"si:dkey-222b8.1",2,36,1,2,0,0,115,79,63,0,0,0
"si:dkey-222f8.3",1,29,9,2,0,0,1,1,71,0,5,6
"si:dkey-22o22.2",3,51,0,1,0,0,5,0,0,0,0,2
"si:dkey-23o4.6",0,0,31,49,0,0,2,3,24,155,114,103
"si:dkey-256h2.1",794,839,4,1,0,0,0,0,67,0,0,1
"si:dkey-264d12.4",1,5,0,0,0,0,0,0,6,0,1,0
"si:dkey-266m15.5",1,28,0,0,0,0,0,0,15,0,0,2
"si:dkey-283b1.7",4,21,0,5,0,0,16,0,0,4,2,1
"si:dkey-283b15.2",1,45,0,16,0,0,8,0,6,95,47,45
"si:dkey-288i20.2",0,0,4,2,0,0,23,3,9,2,1,5
"si:dkey-28e7.3",0,0,1,6,0,0,2,0,2,4,5,2
"si:dkey-29b11.3",1,49,0,6,0,0,3,1,2,0,1,2
"si:dkey-29p10.4",0,0,5,2,0,0,0,1,19,0,2,1
"si:dkey-31f5.11",3,37,0,0,0,0,1,1,14,1,0,0
"si:dkey-32e23.4",1,16,0,5,0,0,7,1,15,0,2,4
"si:dkey-33c12.12",8,13,4,2,363,372,4,1,17,4,1,5
"si:dkey-33c12.3",3,23,2,16,0,0,21,4,29,8,13,6
"si:dkey-33m11.7",8,13,0,5,0,0,0,0,0,0,0,0
"si:dkey-34d22.1",263,265,531,306,0,0,2,0,6,35,31,55
"si:dkey-34d22.5",19,42,2,1,0,0,0,0,1,0,0,2
"si:dkey-34e4.1",2,23,0,2,0,0,7,1,1,0,0,2
"si:dkey-35m8.1",18,65,5,5,0,0,0,0,2,1,2,0
"si:dkey-40c11.2",0,0,33,9,0,0,4,14,145,16,15,13
"si:dkey-40g16.6",361,387,869,1690,0,0,6,0,16,3,1,1
"si:dkey-44g23.5",119,129,0,3,0,0,3,0,3,99,58,89
"si:dkey-49n23.1",0,0,9,0,0,0,3,1,52,3,1,2
"si:dkey-4e7.3",3,31,424,527,137,160,0,0,10,4,10,2
"si:dkey-51e6.1",0,0,1,0,0,0,3,6,50,1,4,1
"si:dkey-52j6.3",2,46,0,7,0,0,0,0,1,2,0,0
"si:dkey-54n8.4",0,0,5,4,0,0,7,2,2,0,0,0
"si:dkey-57a22.13",9,27,0,0,21,43,0,0,4,0,0,0
"si:dkey-69o16.5",1903,1928,1,1,0,0,0,0,23,0,1,2
"si:dkey-6b12.5",252,259,3517,680,288,329,415,1622,3197,972,2179,2392
"si:dkey-72l14.3",0,0,0,0,0,0,2,0,0,251,132,204
"si:dkey-72l14.4",13,42,0,3,0,0,0,0,15,157,108,126
"si:dkey-74k8.3",0,0,8,2,0,0,0,4,53,4,6,3
"si:dkey-76k16.5",0,0,1,0,28,49,144,387,379,3,2,0
"si:dkey-76k16.6",78,90,134,61,0,0,0,0,2,555,650,796
"si:dkey-78k11.9",0,0,1,0,0,0,0,0,4,6,2,10
"si:dkey-79d12.5",2,49,1,0,0,0,1,1,24,2,1,2
"si:dkey-82o10.4",3,5,5,0,0,0,4,0,3,2,1,0
"si:dkey-84j12.1",0,0,0,0,0,0,8,0,19,0,0,0
"si:dkey-85k7.10",48,89,6,7,0,0,5,1,3,6,1,3
"si:dkey-85k7.12",9,10,4,1,0,0,0,0,0,1,0,0
"si:dkey-91m11.5",7,41,6,7,0,0,30,16,54,10,6,15
"si:dkey-97o5.1",6,24,98,185,55,87,40,35,48,1,0,0
"si:dkey-98f17.5",0,0,187,124,0,0,0,0,0,83,244,241
"si:dkeyp-104h9.5",0,0,6,10,43,71,1,2,10,6,7,20
"si:dkeyp-118b1.2",1,11,1,1,0,0,1,0,6,1,0,3
"si:dkeyp-120h9.1",0,0,1,17,0,0,0,2,33,0,0,4
"si:dkeyp-66d1.7",0,0,2,0,0,0,0,6,42,0,3,2
"si:dkeyp-69b9.6",1,34,7,5,0,0,10,5,43,6,3,4
"si:dkeyp-69e1.8",45,72,52,19,73,88,10,30,65,12,8,19
"si:dkeyp-72e1.7",3,37,0,7,32,72,5,0,3,1,2,0
"si:dkeyp-74a11.1",1,22,0,4,0,0,1,0,9,6,1,1
"si:dkeyp-75h12.2",0,0,3,0,0,0,2,1,39,4,0,8
"si:dkeyp-77h1.4",0,0,1,2,0,0,4,1,14,6,2,3
"si:dkeyp-81f3.4",1,46,0,0,78,112,4,5,0,1,6,0
"si:dkeyp-87d8.8",2,16,0,0,0,0,1,0,7,0,0,2
"si:dkeyp-97b10.3",16,45,0,0,0,0,0,0,4,0,0,0
"si:dkeyp-97e7.9",79,109,1,0,12,33,2,2,0,1,0,0
"si:dkeyp-9d4.4",1,36,9,7,4,19,3,10,18,13,19,20
"si:rp71-19m20.1",0,0,30,49,2,39,2,2,21,3,1,1
"si:rp71-1f1.4",2,34,2,1,0,0,2,1,5,0,0,0
"si:rp71-39b20.4",3,16,1,8,0,0,12,0,2,0,3,4
"si:rp71-68n21.9",0,0,5,2,0,0,0,4,51,0,0,0
"si:rp71-79p20.2",5,18,0,2,0,0,1,1,2,4,1,0
"si:zfos-1192g2.3",2,32,1,3,0,0,1,1,0,13,10,7
"si:zfos-80g12.1",0,0,4,4,0,0,5,11,84,7,6,4
"si:zfos-943e10.1",9,19,7,5,0,0,1,2,14,3,0,1
"siae",0,0,0,0,0,0,0,5,5,0,0,0
"siah1",1,14,92,247,0,0,5,4,53,3,0,0
"siah2l",18,38,13,35,0,0,28,18,30,81,70,69
"sidt2",1,44,3,1,123,159,2,0,20,0,0,1
"sik1",2,39,2,0,23,36,2,0,12,4,10,3
"sik2b",0,0,1,12,0,0,4,1,13,12,6,12
"sik3",0,0,8,11,0,0,7,3,21,4,0,0
"sin3aa",5,53,4,9,8,11,1,0,9,1,0,3
"sin3b",15,25,2,4,0,0,1,2,19,5,2,10
"sinhcaf",0,0,6,4,0,0,2,0,6,2,6,8
"sipa1l1",0,0,1,1,1,21,0,0,15,0,0,4
"sipa1l3",4,48,384,449,45,80,10,1,12,7,1,3
"sirt3",1,36,1,3,0,0,10,4,6,7,0,4
"sirt4",0,0,0,0,115,122,0,0,1,0,0,0
"sirt5",0,0,5,1,0,0,2,1,18,4,1,4
"sirt7",6,19,7,1,0,0,0,0,2,2,4,22
"six1b",13,46,6,7,24,47,0,2,43,7,8,3
"six3a",2,7,2,12,0,0,1,0,12,3,4,3
"six3b",0,0,15,19,0,0,3,5,0,3,10,5
"six4a",16,57,9,2,0,0,0,2,2,6,4,6
"six5",1,21,11,0,0,0,1,2,20,4,3,0
"six6a",1,24,11,32,0,0,13,1,3,25,10,16
"six7",0,0,2,7,0,0,12,2,4,10,5,4
"six9",109,114,519,446,0,0,0,0,1,2,0,2
"skap1",445,452,2,0,0,0,0,0,17,0,1,0
"skap2",0,0,7,4,0,0,1,2,39,2,0,3
"skia",1,41,6,13,0,0,6,2,43,11,4,5
"skib",1,17,10,4,0,0,21,6,39,18,6,9
"skila",10,40,6,1,0,0,7,0,12,7,11,5
"skiv2l",0,0,201,247,0,0,3,1,18,3,4,4
"skp1",1,43,34,15,0,0,62,19,401,13,29,33
"skp2",767,779,524,1294,0,0,0,2,0,13,11,9
"sla1a",2,6,3,0,0,0,0,0,46,1,3,6
"slbp2",8,54,11,3,0,0,1,0,2,5,0,4
"slc10a1",934,956,1,1,1,22,19,3,3,496,257,243
"slc10a3",3,45,12,1,0,0,5,1,40,15,19,18
"slc11a2",0,0,8,0,0,0,3,0,3,2,1,7
"slc12a1",3,29,1,0,20,34,6,1,2,2,14,5
"slc12a4",49,95,151,44,0,0,7,1,33,4,29,17
"slc12a5a",3,6,1,8,0,0,10,0,0,6,5,1
"slc12a5b",1,21,1,5,0,0,5,0,1,4,2,1
"slc12a7b",2,49,18,63,18,61,68,1,79,20,7,6
"slc12a9",1,48,4,3,0,0,0,0,1,2,0,6
"slc13a3",1,7,10,0,0,0,0,6,25,0,4,4
"slc16a10",0,0,3,1,29,71,3,1,22,2,3,6
"slc16a12b",0,0,2,2,0,0,0,0,1,13,969,52
"slc16a13",2,23,6,1,0,0,0,4,33,1,2,5
"slc16a1b",53,57,373,178,1,17,13,0,10,33,213,150
"slc16a3",8,44,0,3,0,0,2,12,2,14,0,11
"slc16a5a",1,11,1,2,0,0,1,6,25,4,4,19
"slc16a6a",0,0,1,3,255,275,1,5,0,3,4,0
"slc16a6b",28,39,3,3,0,0,4,0,3,54,20,29
"slc16a7",1,17,143,59,0,0,0,0,0,0,0,1
"slc16a9a",2,37,5,3,34,76,1,1,9,1,4,1
"slc17a5",0,0,0,0,0,0,8,4,12,0,0,0
"slc17a6b",0,0,0,7,0,0,8,0,1,4,3,0
"slc17a7a",6,27,3,10,0,0,24,5,4,5,5,4
"slc18b1",236,290,82,199,0,0,46,6,19,8,4,6
"slc19a1",11,43,1,1,0,0,0,7,15,3,5,4
"slc19a2",0,0,1,1,2,14,0,0,5,0,0,0
"slc19a3b",0,0,6,6,0,0,0,0,0,0,0,0
"slc1a2a",0,0,20,80,0,0,4,0,2,13,3,0
"slc1a2b",3,33,13,76,0,0,53,0,3,12,6,5
"slc1a5",11,20,11,7,0,0,1,1,20,24,55,33
"slc1a6",3,21,1,2,0,0,0,0,3,2,6,0
"slc1a7a",5,16,0,1,6,29,4,0,2,1,0,0
"slc1a8b",16,33,3,7,16,41,240,86,113,451,315,307
"slc1a9",1,4,1,8,0,0,7,0,1,8,4,3
"slc20a1a",0,0,5,2,0,0,2,10,136,24,22,20
"slc20a1b",23,28,11,30,8728,8738,31,12,35,3831,1779,5296
"slc20a2",6,15,3,0,0,0,1,1,8,5,1,0
"slc22a2",26,39,11,169,0,0,0,0,6,0,0,0
"slc22a31",0,0,9,0,0,0,0,1,6,3,3,14
"slc22a6l",600,641,1,1,0,0,0,1,10,0,0,1
"slc23a1",0,0,0,0,0,0,5,7,8,0,0,0
"slc23a2",2,12,11,6,0,0,4,1,9,8,4,3
"slc24a1",1,22,18,40,542,582,92,5,31,57,47,33
"slc24a4b",5,19,9,7,0,0,0,0,4,2,5,3
"slc24a5",5,28,3,2,0,0,0,2,10,1,0,1
"slc25a10",1,26,4,2,0,0,0,1,5,10,6,6
"slc25a12",4,12,1334,3944,926,949,23,11,49,2923,1916,2156
"slc25a13",1,36,0,0,0,0,330,15,42,0,0,0
"slc25a14",0,0,0,0,0,0,0,0,1,2,7,5
"slc25a15a",1,31,0,14,29,45,1,0,2,1,2,0
"slc25a16",0,0,2,2,0,0,6,0,7,1,0,0
"slc25a17",1,28,0,0,0,0,0,0,13,1,0,0
"slc25a18",1,31,314,101,0,0,9,0,14,9,2,9
"slc25a19",2,32,38,58,0,0,42,20,6,0,0,0
"slc25a1a",2,15,570,302,0,0,1,0,0,0,0,2
"slc25a20",4,9,1,2,0,0,6,0,48,2,4,8
"slc25a22a",0,0,0,0,3,39,0,0,1,0,5,4
"slc25a24",163,166,11,9,7,24,9,6,118,17,18,8
"slc25a26",0,0,0,0,0,0,0,0,3,18,10,45
"slc25a28",3,37,14,15,20,60,16,11,71,6,13,2
"slc25a32b",76,99,567,52,0,0,3,2,2,4,2,0
"slc25a36a",0,0,7,7,40,76,6,1,5,2,0,1
"slc25a36b",4,19,4,1,0,0,1,1,14,2,6,7
"slc25a39",1,48,6,1,0,0,41,19,94,1,5,4
"slc25a3b",1,24,37,28,0,0,34,9,381,21,31,35
"slc25a4",83,131,90,160,35,48,0,0,0,223,120,131
"slc25a40",1,28,16,115,0,0,0,0,0,46,54,44
"slc25a42",263,302,1,3,0,0,5,2,10,101,59,71
"slc25a44a",0,0,472,284,9,30,0,0,3,372,431,436
"slc25a46",10,23,4,20,0,0,31,10,37,9,6,5
"slc25a48",4,8,3,4,0,0,5,4,1,5,1,2
"slc25a55a",289,322,390,631,100,123,3,0,23,8,3,8
"slc25a55b",1504,1533,0,1,0,0,0,0,1,4,0,0
"slc26a10",1,29,7,0,0,0,0,0,2,2,0,3
"slc26a11",0,0,83,37,0,0,0,0,10,0,0,2
"slc26a2",2,45,2,6,0,0,0,0,6,0,0,0
"slc26a5",3,35,1179,988,655,676,0,1,12,3,2,5
"slc26a6l",31,69,3,18,63,83,452,5,10,13,7,10
"slc27a1a",4,36,3,1,23,41,3,0,7,15,0,8
"slc27a2a",1,44,3,1,0,0,2,0,0,1,41,18
"slc27a4",1,31,1,2,0,0,0,0,8,4,8,2
"slc27a6",0,0,5,3,0,0,6,0,12,7,5,8
"slc29a4",1,46,3,9,0,0,1,4,13,4,0,0
"slc2a10",2,37,15,10,0,0,1,1,1,206,294,190
"slc2a12",0,0,231,390,0,0,133,52,68,320,304,289
"slc2a13b",2,15,2,0,0,0,0,0,6,0,0,2
"slc2a15b",4,20,0,3,0,0,0,0,5,0,0,0
"slc2a3b",2,13,11,0,0,0,6,5,53,0,0,4
"slc2a5",0,0,0,0,44,51,17,36,41,0,0,0
"slc2a8",4,35,1,1,0,0,5,0,30,1,0,0
"slc30a4",0,0,1,1,87,110,119,188,181,11,3,9
"slc30a5",1,16,131,23,0,0,2,2,17,2,1,5
"slc30a7",6,16,5,8,0,0,1,3,23,579,741,639
"slc30a9",0,0,3,7,0,0,9,1,5,2,3,6
"slc31a1",0,0,8,0,0,0,1,1,16,2,0,5
"slc31a2",108,126,646,122,0,0,5,2,8,686,584,812
"slc32a1",5,32,1,15,0,0,0,0,0,8,3,3
"slc33a1",0,0,41,21,0,0,1,0,4,724,353,625
"slc35a1",4,37,178,245,77,81,71,48,96,159,153,172
"slc35a3a",1,18,2,0,0,0,2,0,9,5,1,4
"slc35a5",0,0,2,2,0,0,2,0,13,5,0,4
"slc35b1",0,0,3,1,30,59,0,0,8,4,2,1
"slc35b3",0,0,2,0,0,0,5,0,8,0,1,1
"slc35d1a",1,18,2,0,0,0,2,5,4,2,5,4
"slc35d2",0,0,0,0,0,0,0,0,6,131,139,320
"slc35e1",5,23,5,10,0,0,1,1,5,0,0,0
"slc35e3",5,20,3,4,1,41,0,0,2,1,2,2
"slc35f2",3,12,0,0,0,0,9,0,2,0,0,0
"slc35f6",2,21,0,0,0,0,0,0,7,0,0,0
"slc35g2b",0,0,0,5,0,0,4,0,0,7,9,0
"slc36a1",2,33,1,3,0,0,0,0,6,5,3,1
"slc37a4a",0,0,575,849,153,159,20,10,18,1001,1083,984
"slc38a10",125,169,74,61,0,0,8,7,151,6,6,5
"slc38a3a",0,0,1,0,0,0,22,29,141,2,2,4
"slc38a3b",0,0,4,0,0,0,0,0,6,1,6,5
"slc38a4",20,29,45,9,26,62,9,4,39,4,29,76
"slc38a5a",0,0,3,13,0,0,4,0,17,10,8,11
"slc38a9",1,21,0,1,0,0,3,0,8,0,0,1
"slc39a13",2,33,9,8,0,0,2,1,36,2,4,2
"slc39a7",1,45,19,5,0,0,3,6,20,1,0,4
"slc39a9",0,0,11,5,0,0,1,0,6,3,2,5
"slc3a1",95,121,34,75,61,90,71,18,21,43,26,51
"slc3a2a",0,0,14,12,0,0,14,13,127,6,17,10
"slc3a2b",0,0,0,1,0,0,4,0,1,8,1,5
"slc40a1",0,0,42,8,0,0,1,9,126,13,23,14
"slc41a1",0,0,6,8,0,0,3,0,12,4,3,3
"slc41a2b",8,15,2,0,0,0,0,0,9,1,4,2
"slc43a1a",0,0,4,0,34,66,0,0,4,0,1,2
"slc43a2b",46,53,1,33,159,185,41,3,6,12,15,2
"slc44a2",3,30,6,3,0,0,2,1,60,3,1,8
"slc44a4",7,23,0,22,0,0,0,1,0,40,12,12
"slc45a1",643,662,0,1,0,0,1,0,3,0,0,0
"slc45a2",0,0,8,0,0,0,1,6,53,0,1,2
"slc46a1",3,4,131,246,36,58,4,1,3,27,20,46
"slc47a4",6,35,0,0,0,0,0,0,1,0,1,0
"slc4a10b",2,9,2,6,0,0,8,0,0,4,11,3
"slc4a11",0,0,5,3,0,0,3,2,18,3,0,5
"slc4a1a",1,21,8,5,0,0,2,21,371,15,8,9
"slc4a1ap",57,69,95,98,16,59,115,7,76,14,2,9
"slc4a2b",0,0,24,9,0,0,2,4,34,1,6,7
"slc4a3",1,18,0,0,0,0,4,0,7,0,4,0
"slc4a4a",8,24,10,13,0,0,9,2,4,1,2,6
"slc4a4b",2,39,6,6,0,0,10,2,20,7,1,3
"slc51a",2,10,5,11,0,0,0,0,1,0,0,0
"slc52a2",0,0,0,0,0,0,4,9,9,0,0,0
"slc5a1",0,0,4,4,0,0,0,0,0,26,10,27
"slc5a2",529,570,0,2,0,0,9,2,2,0,0,2
"slc5a7a",15,57,0,0,0,0,0,0,0,0,0,0
"slc5a9",5,33,0,0,0,0,0,0,0,0,0,0
"slc6a11a",5,26,4,0,0,0,0,6,6,0,0,0
"slc6a14",0,0,1,0,14,42,0,0,9,0,0,0
"slc6a15",1,11,257,139,0,0,6,0,13,1,8,2
"slc6a16a",41,80,2,82,0,0,2,0,3,111,21,33
"slc6a17",0,0,2,11,0,0,8,0,3,0,0,0
"slc6a18",1,21,6,1,0,0,5,3,1,0,0,0
"slc6a1a",2,21,0,23,1,10,37,0,1,5,2,2
"slc6a1l",1,31,0,3,0,0,15,0,0,12,4,2
"slc6a22.1",3,4,1,4,237,280,1,3,2,0,0,0
"slc6a22.2",6,27,3,1,0,0,0,0,1,0,0,0
"slc6a4a",0,0,9,1,0,0,1,0,65,2,3,5
"slc6a6b",4,34,11,77,0,0,35,7,47,61,49,47
"slc6a7",0,0,5,0,0,0,1,0,5,0,0,0
"slc6a9",1,42,8,30,0,0,12,1,2,2,5,3
"slc7a10a",2,46,2,5,0,0,6,2,64,8,3,6
"slc7a2",0,0,1,0,0,0,1,7,54,0,0,4
"slc7a3a",3,32,10,4,0,0,2,5,12,5,8,12
"slc7a5",47,93,5,39,0,0,193,34,28,140,52,86
"slc7a6os",0,0,14,10,0,0,11,1,51,18,18,17
"slc7a7",3,44,120,224,0,0,1,0,5,1,0,2
"slc7a8a",2,6,12,4,39,77,1,23,22,8,6,5
"slc9a1b",0,0,10,2,0,0,0,1,21,18,7,16
"slc9a2",0,0,716,181,31,73,0,0,0,0,0,0
"slc9a3r1b",1,19,19,0,0,0,4,4,133,15,5,3
"slc9a5",2,46,1,0,0,0,2,3,0,7,5,8
"slc9a7",69,94,158,284,29,61,39,1,8,33,23,26
"slc9a8",0,0,2,5,0,0,3,1,26,3,7,3
"slco1c1",4,45,0,0,29,56,0,2,9,0,1,3
"slco1d1",1,42,2,1,0,0,5,0,0,0,0,0
"slco2a1",0,0,5,1,0,0,2,4,98,5,3,1
"slco2b1",0,0,10,2,0,0,0,0,19,1,10,11
"slco3a1",0,0,5,9,15,51,17,5,53,10,13,9
"slco5a1a",119,121,855,160,0,0,3,2,8,2,0,0
"slit1a",9,17,27,16,0,0,6,12,119,1,1,3
"slit2",1,15,1,4,0,0,2,3,13,2,0,1
"slit3",2,7,4,1,0,0,3,6,26,1,0,7
"slitrk3b",0,0,0,0,0,0,66,15,17,0,0,0
"slka",4,18,11,2,0,0,5,3,40,1,3,6
"slmapa",0,0,9,13,0,0,4,3,9,12,7,8
"slmapb",0,0,2,9,0,0,26,0,17,3,5,9
"sltm",433,461,9,15,0,0,23,8,80,27,5,8
"slx1b",301,303,1832,397,16,49,2,2,18,13,16,19
"smad1",2,36,7,0,0,0,1,3,26,3,1,2
"smad2",4,6,10,1,0,0,0,0,6,9,10,9
"smad3b",16,54,12,26,56,89,86,26,30,25,31,23
"smad4a",0,0,3,1,0,0,1,0,6,3,8,8
"smad7",5,30,18,2,0,0,7,6,74,5,14,3
"smarca2",1,43,26,8,0,0,8,7,53,11,5,3
"smarca5",0,0,11,26,0,0,5,7,64,1,1,1
"smarcad1a",0,0,1601,189,0,0,12,20,52,1,0,0
"smarcc1b",4,6,83,37,0,0,7,4,23,14,3,8
"smarcc2",2,44,3,2,0,0,3,3,15,3,4,0
"smarcd1",1,22,3,3,0,0,6,0,28,1,1,0
"smarcd2",2,8,3,0,0,0,0,1,25,3,5,4
"smarcd3b",0,0,5,25,0,0,2,1,16,3,5,7
"smarce1",3,28,5,3,0,0,2,2,30,2,2,5
"smc1al",0,0,17,9,0,0,5,4,104,6,4,7
"smc2",0,0,19,13,0,0,4,5,11,19,8,15
"smc3",1,3,12,8,0,0,10,5,70,8,2,3
"smc4",241,264,1308,481,0,0,14,23,36,8,2,3
"smc6",22,24,1,9,26,35,63,0,7,47,12,17
"smchd1",0,0,0,1,0,0,4,0,19,0,0,5
"smcr8b",1,18,11,3,71,94,2,2,9,1,2,1
"smdt1b",0,0,103,39,43,54,12,0,41,77,65,125
"smek1",0,0,7,2,0,0,2,5,65,2,5,9
"smg1",2,31,3,3,0,0,3,2,48,2,1,3
"smg5",0,0,2,3,0,0,4,2,49,10,8,11
"smg6",0,0,4,3,0,0,8,4,48,9,5,4
"smg8",1,20,1,3,0,0,4,5,8,6,1,2
"smim13",0,0,0,2,0,0,2,4,20,0,2,8
"smim14",0,0,22,7,0,0,0,0,23,13,19,28
"smim19",17,21,290,79,31,46,0,0,7,0,0,5
"smim4",93,131,58,88,426,465,5,16,7,255,164,157
"smim8",0,0,112,130,13,30,1,3,58,0,1,3
"smn1",0,0,51,63,0,0,0,0,20,28,42,37
"smndc1",1,12,440,3866,1427,1462,13,6,77,18,9,13
"smo",0,0,6,1,0,0,0,2,33,0,0,0
"smpd1",0,0,2,0,165,178,0,0,10,231,330,472
"smpdl3b",226,259,263,313,52,75,0,0,6,447,433,504
"smpx",6,11,3,8,0,0,1,1,6,10,1,5
"sms",19,29,9,8,0,0,2,1,3,31,5,20
"smtna",1,25,1,3,0,0,0,0,5,0,0,0
"smurf2",25,36,9,84,0,0,5,4,28,2,1,0
"smyd1b",0,0,76,60,0,0,0,0,0,30,104,2
"smyd2a",10,26,2,2,0,0,3,0,4,5,0,3
"smyd5",0,0,2,3,27,33,0,1,20,0,2,4
"snai1a",2,39,6,6,0,0,0,2,25,10,9,6
"snai2",0,0,4,1,0,0,0,5,21,0,1,0
"snap25a",4,24,0,55,0,0,91,2,20,60,40,33
"snap29",0,0,1,0,0,0,4,2,15,1,1,8
"snap47",2,49,0,9,0,0,40,27,37,2,0,1
"snap91b",16,56,0,3,0,0,16,0,5,5,2,3
"snapc5",0,0,6,7,0,0,7,2,19,5,7,5
"sncb",3,30,1,19,0,0,12,0,5,8,4,4
"sncgb",0,0,7,130,0,0,107,2,3,52,30,21
"snd1",2,21,9,11,0,0,8,4,157,1,6,17
"snf8",53,59,2,0,688,710,5,5,29,1,5,3
"snrka",2,44,3,0,0,0,1,1,17,3,4,1
"snrnp200",2,29,6,10,30,62,356,228,701,13,7,6
"snrnp25",2,3,0,0,0,0,82,83,128,0,0,1
"snrnp40",0,0,36,51,0,0,0,1,6,0,0,1
"snrpa",0,0,0,2,28,47,0,0,0,0,5,1
"snrpb",9,50,22,7,0,0,12,14,110,13,13,28
"snrpd1",7,37,10,4,0,0,0,0,36,2,5,0
"snrpd2",0,0,9,0,0,0,3,7,72,1,4,5
"snrpe",5,20,2,0,0,0,1,1,28,3,3,1
"snrpg",3,29,1,1,0,0,0,1,39,17,8,9
"sntb1",1,5,6,0,0,0,1,0,6,0,2,0
"sntb2",5,23,8,14,0,0,9,0,19,16,12,5
"snu13a",0,0,1,4,0,0,2005,804,1074,2,0,1
"snw1",0,0,13,18,0,0,8,11,157,21,5,18
"snx12",7,18,2,0,0,0,4,2,76,3,7,14
"snx13",124,147,6,3,0,0,6,0,20,5,2,2
"snx14",2,7,0,3,0,0,284,234,370,3,4,0
"snx15",0,0,0,0,0,0,4,5,13,0,0,0
"snx18b",5,39,7,3,0,0,3,0,8,0,6,2
"snx1a",10,32,73,29,79,92,77,85,71,50,37,35
"snx21",1,26,5,1,0,0,2,2,12,0,1,3
"snx24",0,0,452,284,257,291,8,5,16,0,3,0
"snx25",0,0,2,6,0,0,11,3,24,8,0,4
"snx27a",7,9,19,9,0,0,17,0,40,15,6,7
"snx27b",0,0,6,17,0,0,4,0,5,3,2,1
"snx29",1,29,2,2,0,0,0,4,16,0,0,0
"snx3",3,29,349,499,0,0,5,13,80,75,61,100
"snx30",1526,1563,0,0,0,0,0,3,1,4,3,0
"snx33",6,52,9,6,36,72,6,1,16,2,1,2
"snx4",0,0,6,2,0,0,1,1,17,0,1,0
"snx5",0,0,6,1,0,0,0,4,45,0,1,1
"snx6",0,0,6,1,0,0,1,0,29,8,13,4
"snx7",4,51,13,3,0,0,1,10,17,9,6,17
"snx8a",63,103,109,109,0,0,58,46,76,9,22,26
"snx9b",844,884,9,21,59,94,55,2,61,31,12,25
"sobpb",0,0,6,0,0,0,0,5,14,0,1,0
"socs1b",1,35,3,2,0,0,0,1,34,1,0,2
"socs2",1,31,2,1,0,0,3,0,9,0,0,0
"socs9",0,0,0,2,0,0,8,2,14,1,3,2
"sod1",0,0,19,12,0,0,37,22,466,21,36,20
"sod3a",184,217,147,576,454,480,0,0,35,235,109,149
"soga3a",5,42,1,9,0,0,3,1,3,3,3,2
"sorbs1",0,0,12,10,1,43,17,5,8,12,13,9
"sorbs2a",0,0,18,32,0,0,30,5,64,28,32,23
"sorbs3",1,17,17,1,0,0,2,4,13,2,2,7
"sorcs2",0,0,0,0,0,0,16,3,16,8,7,3
"sort1a",0,0,8,5,0,0,7,0,21,0,1,1
"sos1",1,43,1,4,0,0,3,4,100,5,1,0
"sos2",17,65,6,7,0,0,5,2,22,9,10,10
"sost",1,6,16,6,0,0,6,14,138,4,7,7
"sostdc1a",0,0,3,0,0,0,3,9,139,1,2,4
"soul3",4,29,20,35,0,0,70,13,128,62,37,57
"soul4",6,30,2,2,0,0,1,1,59,4,6,5
"soul5",0,0,26,2,34,50,13,62,1820,12,39,24
"sowahca",97,117,0,1,0,0,3,0,2,1,1,0
"sowahd",3,44,1,0,20,35,11806,27387,43340,0,2,0
"sox10",1,48,6,0,0,0,16,25,20,0,2,1
"sox11a",2,25,0,1,0,0,2,0,12,9,1,3
"sox13",0,0,0,0,18,51,1,1,6,2,0,0
"sox17",3,25,2,1,0,0,0,1,75,8,4,5
"sox4a",0,0,2,3,0,0,6,2,17,3,2,5
"sox4b",0,0,5,0,0,0,0,2,10,0,1,1
"sox7",0,0,8,0,0,0,1,0,21,1,1,3
"sox8a",2,36,0,1,0,0,1,0,13,0,0,0
"sox9b",1,30,11,7,0,0,3,7,11,3,5,20
"sp1",0,0,2,0,0,0,2,1,14,2,2,7
"sp2",0,0,6,7,0,0,5,2,12,7,9,11
"spag7",0,0,1,3,0,0,3,7,49,7,5,2
"spag9a",5,36,2,4,0,0,6,2,14,2,1,0
"sparc",1,14,89,11,0,0,25,89,1919,19,37,50
"sparcl1",3,14,0,0,0,0,0,0,7,0,0,0
"spata2",1,9,3,2,1,13,5,0,4,2,2,1
"spata22",213,260,0,0,0,0,0,0,1,0,0,0
"spata5l1",1,2,0,3,230,251,0,3,7,1,2,0
"spc25",19,63,5,6,0,0,0,0,4,0,0,0
"spcs1",126,147,145,287,0,0,17,5,190,139,105,124
"spcs2",3,46,2,4,0,0,8,2,156,38,22,49
"spcs3",21,24,4,16,0,0,52,31,85,7,2,0
"spdya",313,328,355,866,204,214,0,0,1,312,112,108
"specc1",4,7,8,3,0,0,0,1,34,1,3,2
"specc1la",1,37,3,3,0,0,2,4,29,1,2,4
"spen",1,42,5,3,17,59,4,2,27,3,5,5
"spg11",3,46,2,4,33,57,7,21,58,3,1,2
"spg21",0,0,38,23,0,0,1,5,43,0,1,6
"spg7",32,33,0,4,1,28,4,0,13,86,3,11
"sphk2",1,10,4,3,7,21,0,5,19,1,0,2
"spi1b",0,0,24,4,0,0,0,1,36,1,5,13
"spire1a",5,22,1,0,0,0,0,2,8,0,0,1
"spire1b",6,12,8,3,0,0,2,2,14,0,1,1
"spns1",0,0,7,5,0,0,4,2,56,4,10,4
"spns3",0,0,1,2,0,0,3,1,6,5,6,2
"spock1",0,0,7,23,0,0,19,0,26,12,7,4
"spock2",1,41,0,5,0,0,8,0,2,2,10,0
"spock3",11,17,74,101,67,101,70,19,283,135,130,100
"spon1a",0,0,15,1,0,0,4,2,43,0,4,2
"spon1b",1,40,48,2,0,0,5,38,529,2,9,9
"spop",1,29,2,4,0,0,4,1,13,1,1,1
"spopla",705,707,15,4,56,60,0,1,14,6,7,7
"spout1",22,43,0,0,0,0,1,3,7,0,0,1
"spp1",1,23,47,0,0,0,0,10,74,3,10,6
"sppl2",11,35,6,8,1,21,2,1,18,6,3,6
"sppl3",0,0,4,6,17,36,2,1,18,6,14,10
"spred1",1,32,2,0,0,0,2,1,15,2,0,4
"spred2a",2,41,1,0,0,0,7,12,7,6,0,1
"sprn",6,45,0,0,21,37,0,0,0,3,0,1
"sprtn",0,0,0,0,0,0,2,0,14,168,106,114
"spryd4",0,0,15,41,0,0,0,1,8,0,0,0
"spryd7b",0,0,12,0,0,0,5,0,37,9,8,5
"spsb1",0,0,2,1,5,42,4,2,25,1,7,5
"spsb3a",0,0,6,1,0,0,25,0,4,3,5,4
"spsb3b",307,325,294,534,41,55,1,0,5,0,0,1
"spsb4a",3,62,8,1,0,0,6,0,13,7,4,6
"sptb",0,0,1,1,0,0,8,17,164,1,1,7
"sptbn2",0,0,6,21,0,0,6,1,27,13,4,10
"sptlc1",0,0,1,0,0,0,3,3,17,1,5,0
"sptlc2b",0,0,10,3,0,0,2,2,33,1,2,5
"spty2d1",1,6,2,8,0,0,2,0,23,8,2,1
"sqlea",2,48,4,8,0,0,9,0,0,0,0,1
"sqor",1,7,3,1,0,0,7,1,71,8,5,16
"sqstm1",8,46,32,24,0,0,212,89,443,17,14,30
"src",1,28,3,2,0,0,0,1,17,0,0,2
"srd5a1",1,20,0,1,3,33,0,0,2,0,0,0
"srd5a3",2,18,0,0,1,33,0,0,3,2,0,0
"srebf1",2,50,7,5,0,0,20,8,51,18,15,4
"srebf2",1,38,6,2,0,0,16,2,26,4,0,3
"srek1",1,7,1,0,0,0,0,2,17,23,40,86
"srgap2",0,0,13,0,0,0,3,0,16,4,1,2
"srgap3",0,0,0,1,0,0,1,6,26,0,3,5
"srm",0,0,1,2,29,50,2,1,11,2,1,0
"srp14",64,74,11,14,0,0,43,6,15,99,52,73
"srp54",0,0,4,2,0,0,212,144,319,5,6,3
"srp68",1,44,0,2,0,0,2,1,9,2,0,2
"srp72",3,30,5,13,0,0,5,4,54,8,2,8
"srpk1a",1,15,6,19,1,31,18,1,28,12,11,14
"srpk1b",1,29,3,1,0,0,3,2,14,3,2,3
"srpk3",1,26,2,3,0,0,2,9,7,0,0,0
"srpra",2,32,154,796,1463,1469,7,2,44,2151,1387,1193
"srprb",79,86,2,3,0,0,3,5,34,296,328,320
"srpx",0,0,5,0,0,0,72,80,140,0,0,4
"srpx2",0,0,1383,114,0,0,1,6,54,162,183,280
"srrt",2,15,2,12,0,0,10,3,36,5,5,3
"srsf10b",1,9,5,0,0,0,0,0,0,0,0,1
"srsf3a",0,0,5,2,0,0,1,0,16,1,1,3
"srsf4",3,6,21,2,0,0,21,6,163,19,10,22
"srsf5a",0,0,4,3,3,23,3,0,17,9,7,6
"srsf5b",1,7,0,3,0,0,3,0,17,4,0,3
"srsf7a",3,29,5,5,0,0,5,0,118,4,1,5
"srsf9",141,182,6,0,0,0,0,3,34,3,4,0
"ss18",0,0,7,2,0,0,3,2,26,4,0,8
"ss18l2",784,798,0,4,0,0,2,0,8,0,0,0
"ssb",154,200,299,218,37,75,6,1,30,274,465,480
"ssbp1",0,0,5,3,0,0,1,0,17,2,1,2
"ssbp3b",6,33,18,10,0,0,8,5,82,11,11,26
"ssbp4",1,37,2,7,0,0,4,2,4,1,2,8
"ssh1a",18,62,7,11,0,0,6,7,11,0,1,4
"ssh1b",0,0,0,0,0,0,4,5,7,0,0,1
"ssh2b",0,0,3,7,0,0,0,2,11,1,0,2
"ssna1",71,77,30,86,25,38,4,0,8,55,38,76
"sspn",2,20,0,1,0,0,3,0,21,3,2,3
"ssr1",0,0,10,4,0,0,2,2,58,4,6,7
"ssr2",1,36,82,6,0,0,23,18,224,25,78,70
"ssr3",0,0,94,756,13,21,4,2,70,15,12,7
"ssr4",40,62,6,6,0,0,1,2,66,2,6,8
"ssrp1a",0,0,9,6,0,0,15,3,136,13,6,18
"ssu72",2,5,3,5,0,0,2,2,34,4,10,13
"ssuh2rs1",0,0,7,2,0,0,0,0,38,1,3,4
"ssx2ipa",2,40,3,0,0,0,0,2,54,2,0,1
"ssx2ipb",0,0,6,21,0,0,18,3,9,16,6,6
"st3gal3b",0,0,7,6,0,0,1,2,11,5,4,5
"st3gal4",0,0,7,1,1,19,1,4,24,2,2,0
"st3gal5",0,0,4,2,0,0,1,11,19,2,0,3
"st6gal2a",2,6,265,53,0,0,0,1,7,0,5,2
"st6galnac4",0,0,2,2,0,0,1,0,20,6,2,4
"st6galnac5a",2,33,5,6,0,0,2,0,2,5,4,1
"st6galnac6",0,0,1,0,0,0,7,4,5,0,0,0
"st7",102,129,104,38,0,0,0,2,5,1,13,18
"st7l",3,18,1,1,0,0,2,0,6,1,0,12
"st8sia1",1,39,1,0,34,77,2,0,13,0,0,0
"st8sia3",6,15,0,0,0,0,1,0,0,1,0,0
"st8sia5",0,0,1,5,0,0,3,0,8,2,2,2
"st8sia6",0,0,5,0,0,0,2,0,9,0,2,2
"stag1a",2,39,2,2,0,0,0,4,13,4,1,1
"stag2a",1,42,3,4,0,0,5,1,23,6,2,6
"stag2b",1,7,25,9,0,0,19,9,48,11,4,6
"stam2",0,0,5,3,1,24,2,3,18,5,1,5
"stap2b",0,0,175,1007,0,0,3,4,0,0,0,0
"star",0,0,6,8,0,0,0,0,0,0,0,1
"stard14",0,0,708,1010,0,0,0,3,7,0,0,0
"stard15",4,22,0,2,0,0,2,0,3,7,7,3
"stard3",1,35,4,0,0,0,1,1,11,1,0,1
"stard7",0,0,10,1,0,0,3,0,5,5,4,4
"stat1a",2,45,7,4,30,38,12,3,62,5,7,6
"stat2",0,0,22,16,0,0,8,9,123,14,5,18
"stat3",0,0,7,7,0,0,11,4,106,1,7,8
"stat4",1,25,2,0,0,0,1,0,16,1,12,10
"stat5a",1,28,0,3,0,0,0,0,15,3,1,2
"stat6",5,17,4,1,0,0,0,1,24,24,11,16
"stau1",0,0,52,71,33,58,24,19,142,49,39,44
"stau2",1,41,14,10,0,0,10,3,75,3,5,3
"steap2",0,0,1,5,0,0,0,0,0,7,14,10
"steap4",2,38,2,7,0,0,0,2,13,7,1,7
"stim1a",0,0,11,8,0,0,6,1,24,5,2,1
"stk10",1,36,12,0,0,0,3,9,61,5,38,25
"stk11",0,0,1,7,0,0,147,5,25,5,0,3
"stk16",0,0,7,4,0,0,2,2,14,2,5,1
"stk17al",4,36,12,2,0,0,1,0,8,4,2,12
"stk17b",2,12,1,1,0,0,0,2,18,0,0,2
"stk19",6,25,39,28,0,0,4,1,16,0,0,2
"stk24b",1,6,5,13,0,0,13,5,73,4,3,3
"stk25b",268,279,7,3,0,0,8,1,50,4,3,1
"stk3",2,37,3,5,0,0,1,0,17,1,0,2
"stk35",0,0,0,1,0,0,6,0,4,10,1,1
"stk38a",0,0,106,122,26,48,0,0,23,84,114,127
"stk38l",10,22,15,13,0,0,4,1,15,7,3,13
"stk40",0,0,3,2,0,0,0,0,12,0,4,7
"stmn1a",1,37,8,111,41,80,64,0,34,13,5,20
"stom",1268,1285,2011,468,0,0,0,0,0,0,0,0
"stoml2",2,33,2,1,0,0,5,2,3,6,3,8
"stoml3b",2,7,6,2,0,0,0,0,16,0,0,5
"stox1",0,0,6,1,0,0,0,2,16,1,1,3
"stox2a",2,3,10,5,0,0,0,1,24,0,0,2
"stpg1",151,193,68,96,36,61,0,0,0,84,72,64
"stra6",5,20,20,0,0,0,0,33,169,2,3,5
"strada",0,0,242,292,0,0,0,0,4,0,0,0
"strap",22,69,20,21,0,0,0,2,52,3,2,4
"strip2",0,0,0,0,0,0,6,3,3,5,2,2
"strn3",1,10,1,2,0,0,6,6,47,15,9,16
"strn4",0,0,4,14,0,0,4,5,27,9,5,1
"stt3a",0,0,33,6,8,24,12,10,165,5,5,25
"stt3b",6,42,10,7,0,0,10,18,88,13,4,11
"stub1",1,29,2,3,0,0,2,3,39,2,1,0
"stum",0,0,217,629,0,0,416,259,182,0,0,0
"stx10",0,0,7,3,0,0,5,8,67,1,1,7
"stx12",3,16,19,7,20,27,7,5,58,5,11,3
"stx16",2,5,2,0,0,0,0,3,17,2,0,2
"stx17",1,42,1891,1793,0,0,3,0,10,1885,1238,1408
"stx18",4,46,189,1108,564,579,5,0,19,771,712,668
"stx1b",4,38,1,11,0,0,4,0,5,10,7,4
"stx3a",1,9,11,3,0,0,4,0,1,3,5,3
"stx4",2,40,2,5,0,0,1,0,47,5,0,7
"stx5a",3176,3210,12154,65162,0,0,9,0,31,19114,9850,7572
"stxbp1a",2,40,105,1226,0,0,15,0,10,9,5,4
"stxbp1b",0,0,5,60,33,42,74,1,13,17,7,4
"stxbp2",0,0,1,0,0,0,0,5,21,0,3,1
"stxbp3",2,39,8,3,0,0,3,5,139,4,6,9
"stxbp5b",6,25,18,6,0,0,0,3,11,0,2,0
"stxbp5l",4,10,1,3,0,0,19,0,1,16,3,9
"stxbp6l",1,17,0,0,0,0,13,0,18,0,0,0
"styk1b",9,32,385,517,0,0,0,0,0,9,5,3
"styx",204,228,223,312,0,0,7,4,19,374,326,270
"sucla2",0,0,1,6,0,0,4,0,15,11,0,1
"suclg1",2,36,14,1,0,0,14,4,44,0,1,1
"sugct",7,12,3,1,0,0,8,16,11,7,4,9
"sugt1",0,0,10,1,0,0,5,2,123,5,8,10
"sulf1",0,0,390,557,0,0,3,5,30,4,0,1
"sult1st6",1862,1883,6,1,36,40,3,2,65,6,0,4
"sult2st2",1,17,0,0,0,0,0,0,8,0,0,0
"sult3st1",1,35,2498,1010,0,0,88,197,283,0,0,1
"sult4a1",1,37,0,4,0,0,24,0,0,0,0,0
"sumf1",0,0,0,0,0,0,321,20,55,3,2,1
"sumf2",1,19,4,0,0,0,0,1,12,1,0,1
"sumo1",12,27,25,107,25,55,8,0,9,5,11,6
"sumo2b",74,105,1,0,31,54,7,3,132,1,2,2
"sun1",4,12,13,46,0,0,73,5,58,70,13,30
"supt16h",0,0,1,2,0,0,8,2,88,7,2,7
"supt20",221,252,189,266,103,111,6,4,25,215,138,248
"supt4h1",0,0,7,0,0,0,6,2,47,2,6,6
"supt5h",16,19,94,29,0,0,7,12,106,22,7,7
"supt6h",1,9,9,13,0,0,19,18,96,21,14,8
"supt7l",0,0,164,235,0,0,476,234,262,1,0,0
"supv3l1",0,0,1,3,0,0,0,0,5,0,7,1
"surf1",26487,26534,260311,46703,10149,10163,4,0,13,73101,117747,153782
"surf2",0,0,7,4,1,30,0,0,19,2,0,1
"surf6",1,49,195,307,0,0,10,8,52,1,2,18
"susd1",1,43,1,0,0,0,1,0,57,2,2,2
"susd6",3,48,7,12,0,0,8,2,26,16,7,8
"suv39h1a",0,0,0,11,28,53,0,0,0,0,0,0
"suz12a",2,25,12,4,0,0,3,1,41,5,2,0
"suz12b",0,0,1,5,0,0,2,1,9,0,2,2
"sv2",1,10,0,3,0,0,341,85,81,1,0,0
"sv2a",7,39,5,15,8,14,1,0,0,1,3,1
"sv2ba",1,12,7,28,0,0,49,4,17,32,15,10
"sv2ca",2,39,15,48,22,23,5,1,2,3,3,3
"svild",1,44,10,2,0,0,2,3,42,0,0,1
"svopa",213,252,24,17,0,0,5,0,1,11,6,26
"syap1",0,0,6,0,0,0,7,3,49,2,0,1
"sybl1",1,7,5,4,0,0,0,0,14,6,5,2
"sybu",6,43,0,25,16,50,25,5,3,26,17,12
"syf2",7,8,13,15,0,0,7,7,208,4,13,10
"syk",6,45,2,4,0,0,0,0,37,0,0,2
"sympk",14,44,25,7,0,0,3,3,40,88,88,153
"syn1",15,18,1,23,42,84,12,0,0,24,13,18
"syncrip",2,20,8,13,2,33,9,9,44,6,7,5
"syncripl",0,0,3,2,0,0,3,1,22,9,1,2
"syne3",1,5,4,1,0,0,3,1,16,0,3,3
"syngr2b",7,32,444,97,3,29,0,2,24,77,263,321
"synj1",2,44,2,18,34,67,7,2,15,41,12,34
"synj2bp",4,36,3,3,0,0,1,1,18,3,6,11
"synm",6,28,9,14,2,15,16,10,45,17,8,21
"synrg",4,15,6,5,0,0,1,3,35,13,3,2
"sypa",0,0,0,2,0,0,19,1,7,0,2,0
"sypl1",2,49,5,0,0,0,0,4,22,8,5,5
"sypl2a",1,18,0,0,29,55,0,0,8,0,0,0
"sypl2b",1,25,11,3,0,0,7,5,58,3,3,3
"sys1",33,72,0,0,119,158,1,0,4,178,128,115
"syt10",1,20,0,3,0,0,6,18,207,1,0,0
"syt11b",8,35,4,11,0,0,14,2,45,3,3,5
"syt12",1,43,0,0,0,0,6,0,2,1,1,0
"syt14b",1,16,0,0,0,0,5,0,0,1,0,0
"syt15",0,0,5,13,0,0,0,0,0,0,0,0
"syt1a",2,25,2,31,0,0,33,0,1,0,1,1
"syt2a",0,0,1,5,0,0,14,0,0,4,2,2
"syt5a",1,18,7,37,6,21,87,4,28,31,27,17
"syt5b",0,0,1,14,0,0,9,0,0,15,11,9
"szrd1",2,41,6,7,24,33,2,2,8,73,64,207
"tab1",0,0,1,0,0,0,3,0,24,8,5,1
"tab2",15,45,4,0,0,0,0,3,4,2,2,3
"tab3",2,17,4137,1293,0,0,10,2,38,1925,2607,3046
"tac1",119,120,498,85,0,0,56,17,34,0,0,0
"tacc1",7,22,13,4,0,0,38,25,91,3,1,1
"taco1",0,0,1,0,1,9,0,1,7,1,1,5
"tacr2",1,25,0,2,0,0,0,0,0,214,95,118
"tacr3a",0,0,513,116,0,0,3,0,1,39,28,26
"tada2a",0,0,1,12,0,0,1,0,36,0,1,5
"tada2b",9,49,9,13,0,0,7,1,10,12,2,17
"tada3l",0,0,6,5,35,39,9,3,14,10,1,3
"taf1",6,32,2,10,0,0,14,4,75,13,2,11
"taf10",0,0,11,3,0,0,0,0,27,2,4,1
"taf11",0,0,180,556,0,0,158,68,120,3,6,4
"taf12",0,0,3,1,0,0,2,1,8,2,7,0
"taf13",0,0,4,1,0,0,4,1,57,6,8,6
"taf15",2,40,11,2,0,0,6,6,150,4,0,3
"taf1b",2,29,1,2,0,0,1,0,8,0,0,0
"taf3",0,0,11,21,30,37,16,16,164,24,14,34
"taf4a",0,0,2,5,0,0,0,1,7,2,0,1
"taf5l",19,32,2,4,0,0,0,0,6,4,0,2
"taf6",30,48,2,1,0,0,0,1,3,0,2,4
"taf7",0,0,5,3,1,43,3,3,54,2,1,13
"taf8",4,12,20,27,0,0,1,6,14,15,5,9
"taf9",8,27,25,1,0,0,8,0,32,2,6,5
"tagln",0,0,22,0,0,0,1,3,578,5,10,16
"tagln3b",68,113,111,163,0,0,0,2,8,2,7,5
"tal1",0,0,3,0,0,0,5,4,90,3,2,6
"taldo1",6,34,30,12,35,78,60,35,248,9,6,18
"tanc1a",2,17,0,0,55,66,4,1,1,3,1,3
"tango2",9,34,7,0,0,0,2,0,13,0,0,2
"tango6",4,28,3,8,35,46,2,0,7,0,0,1
"taok1a",0,0,8,1,0,0,5,2,20,5,3,4
"taok1b",1,46,4,5,0,0,5,0,13,10,9,0
"taok2b",0,0,3,3,0,0,128,3,34,11,6,6
"taok3a",1,28,13,11,0,0,2,24,112,14,15,23
"tap1",0,0,9,2,0,0,0,0,61,0,1,3
"tap2a",18,60,1,8,0,0,1,0,8,3,8,4
"tap2t",1,23,18,4,0,0,1,0,16,13,6,10
"tapbp.2",0,0,11,1,0,0,0,3,45,0,2,2
"tapbpl",0,0,2,1,293,324,0,0,4,0,0,0
"tapt1a",11,43,3,9,0,0,1,1,4,0,0,0
"tapt1b",7,48,2,5,0,0,3,1,7,2,4,9
"tarbp2",6,21,88,20,0,0,0,4,4,21,20,67
"tardbp",1,38,23,24,0,0,15,6,51,7,12,33
"tardbpl",0,0,5,7,0,0,1,0,14,7,5,4
"tars1",5,47,15,2,0,0,3,2,40,2,0,11
"tas1r1",53,97,89,160,0,0,0,0,0,362,176,177
"tasp1",4,42,2,2,0,0,3,0,30,1,1,0
"tatdn3",16,59,3,54,0,0,2,0,9,17,16,24
"tax1bp1a",13,24,3,11,0,0,62,12,70,8,7,0
"tax1bp1b",1,8,393,102,92,103,22,27,222,14,11,22
"tax1bp3",24,52,12,32,0,0,0,0,10,0,0,1
"taz",1,24,9,10,0,0,7,4,4,2,1,3
"tbc1d10b",1,32,3,4,0,0,7,3,30,3,0,0
"tbc1d16",0,0,0,0,0,0,11,10,15,0,0,0
"tbc1d19",1,27,10,6,0,0,1,0,0,0,2,0
"tbc1d20",0,0,5,0,0,0,1,6,8,37,52,92
"tbc1d22b",0,0,0,5,0,0,3,8,11,1,1,0
"tbc1d23",1,34,11,4,0,0,0,2,23,2,5,2
"tbc1d30",1,3,5,6,0,0,4,1,4,3,2,1
"tbc1d4",122,148,9,30,0,0,2,2,28,1,0,4
"tbc1d5",0,0,34,10,17,45,0,1,21,2,0,1
"tbc1d8b",0,0,9,2,0,0,0,0,6,2,0,3
"tbc1d9",2,61,14,9,0,0,6,2,59,7,6,8
"tbca",0,0,5,3,0,0,1,2,98,1,4,1
"tbcb",2,9,20,13,0,0,4,4,28,12,17,5
"tbce",0,0,4,3,0,0,0,4,28,8,3,5
"tbcelb",1,24,1,0,0,0,0,1,15,3,4,5
"tbck",82,121,0,1,0,0,2,0,8,0,1,0
"tbk1",2,33,3,4,20,28,46,22,91,14,3,6
"tbl1x",2,26,2823,209,32,67,0,2,9,17,266,183
"tbl1xr1b",3,18,2,4,0,0,0,1,2,6,5,3
"tbp",2,21,6,11,0,0,2407,1558,2152,1,5,0
"tbpl1",0,0,350,118,0,0,7,8,16,0,1,0
"tbr1b",2,37,0,8,0,0,2,0,0,0,0,1
"tbrg4",3,8,2,7,0,0,1,0,9,0,0,1
"tbx20",1,46,6,0,0,0,4,3,4,1,2,1
"tbx2a",5,48,0,0,0,0,3,0,0,4,4,0
"tbx2b",0,0,17,6,0,0,58,32,109,14,10,18
"tbxa2r",5,45,3,6,0,0,3,0,12,5,9,4
"tcap",0,0,0,0,1,8,0,0,0,17,0,1
"tcea1",27,55,8,28,0,0,3,3,35,119,49,46
"tcea3",3,14,0,0,0,0,5,0,25,0,0,0
"tceanc2",866,891,1368,1190,0,0,2,0,0,1,3,1
"tcf12",0,0,4,3,0,0,5,6,55,2,3,1
"tcf20",0,0,9,1,0,0,1,6,38,7,3,6
"tcf21",0,0,0,0,0,0,0,8,5,0,0,0
"tcf25",1,27,5,3,0,0,1,1,42,4,5,9
"tcf3a",1,18,23,0,0,0,2,1,22,4,3,4
"tcf3b",0,0,3,0,0,0,2,2,27,9,6,9
"tcf7",3,44,2,0,0,0,3,1,7,0,0,1
"tcf7l2",4,9,4,2,0,0,1,5,51,2,0,2
"tcima",5,44,2,1,0,0,2,0,59,2,1,2
"tcn2",6,35,7,2,0,0,1,4,40,3,3,7
"tcp1",452,457,597,1654,152,156,8,2,170,1052,989,869
"tcp11l2",0,0,5,15,0,0,1,0,8,0,2,0
"tcta",156,162,0,4,0,0,2,0,3,1,1,2
"tdg.1",24,36,0,4,0,0,1,0,4,0,0,0
"tdh",0,0,0,9,0,0,2,0,1,9,12,8
"tdo2a",18,30,2,2,0,0,3,0,2,25,40,56
"tdp2b",0,0,1,2,0,0,7,11,55,14,5,23
"tdrd1",16,36,0,0,0,0,0,0,1,0,0,0
"tdrd3",1,27,2,1,0,0,2,5,23,3,2,3
"tdrd6",0,0,616,345,0,0,0,0,1,0,0,1
"tdrd7b",7,34,3,3,0,0,8,2,10,2,3,1
"tdrd9",1,13,17,78,36,50,1,0,1,19,12,20
"tead1a",1,46,56,1,0,0,0,1,1,0,2,0
"tead3b",0,0,14,4,0,0,1,7,42,1,5,7
"tecpr1a",0,0,1,5,0,0,5,0,4,0,0,0
"tecra",170,173,263,118,99,130,0,0,0,202,180,285
"tecrl2a",0,0,124,1177,83,110,41,42,12,1806,561,242
"tefa",17,35,29,11,0,0,5,11,142,27,35,37
"tegt",1,45,5,1,0,0,10,3,96,7,8,9
"tenm1",1,38,6,2,0,0,3,3,17,1,1,4
"tent2",0,0,1,5,0,0,0,0,15,0,0,0
"tent4b",0,0,8,6,0,0,0,0,8,3,6,3
"tent5ab",36,63,3,10,32,69,12,1,59,3,3,4
"tent5bb",0,0,2,9,0,0,12,1,39,0,0,1
"tepsin",0,0,57,54,388,423,0,0,3,0,0,3
"tes",7,54,7,4,0,0,3,5,42,0,0,0
"tesca",72,88,0,0,0,0,0,3,4,1,1,2
"tesk2",5,45,1,5,0,0,4,5,24,15,8,3
"tet2",189,226,346,219,8,15,14,11,28,10,4,9
"tet3",3,20,2,0,0,0,1,1,12,2,0,1
"tex10",5,26,126,154,34,36,3,1,8,19,26,80
"tex11",13,25,6,15,29,53,9,3,1,8,7,4
"tex2",1,43,2,3,0,0,0,0,27,3,2,1
"tex261",33,77,4,9,0,0,2,0,7,4,9,2
"tex264a",0,0,9,4,0,0,11,3,50,0,6,4
"tex30",5,39,0,0,0,0,0,0,0,0,1,1
"tfa",1,5,3,13,0,0,1,12,683,5,21,56
"tfam",10,43,3,4,0,0,4,0,20,226,175,262
"tfap2a",1,10,0,7,0,0,4,0,13,0,3,3
"tfcp2",0,0,5,2,0,0,4,1,18,7,3,3
"tfdp1a",0,0,4,18,0,0,0,2,33,1,4,2
"tfe3a",2,8,2,3,0,0,0,5,9,24,32,21
"tfeb",0,0,5,2,0,0,2,0,5,2,1,12
"tfg",169,207,1983,331,0,0,9,10,113,251,1204,1709
"tfpi2",3,47,2,5,0,0,1,3,39,0,0,3
"tfpt",0,0,1,0,0,0,2,0,10,5,3,2
"tfr1a",0,0,19,5,0,0,14,19,220,6,3,5
"tfr1b",0,0,2,0,0,0,6,1,10,0,0,2
"tgfa",0,0,0,0,0,0,0,0,41,49,60,71
"tgfb1a",0,0,5,0,0,0,0,1,65,1,0,3
"tgfb2",0,0,7,1,0,0,1,2,7,0,1,1
"tgfb3",1,19,75,514,0,0,0,0,12,147,68,112
"tgfb5",1,8,1,8,0,0,0,3,9,1,2,1
"tgfbi",1,15,9,1,26,52,2,7,105,5,3,10
"tgfbr2a",0,0,6,1,0,0,1,2,85,8,2,3
"tgfbr3",1,13,22,3,0,0,0,0,72,12,2,3
"tgfbrap1",2,42,2,1,0,0,6,3,12,3,5,6
"tgif1",2,27,4,1,11,43,1,0,15,3,3,3
"tgm1l1",0,0,8,0,0,0,5,2,53,8,0,1
"tgm2b",119,133,1,0,0,0,1,2,32,1,0,1
"thap11",32,57,13,45,10,51,65,14,28,50,19,30
"thap12b",36,76,4,4,0,0,0,0,7,48,54,45
"thap4",3,50,0,4,0,0,0,0,5,1664,1115,1194
"thbd",3,41,4,4,0,0,18,18,171,5,9,12
"thbs1a",12,60,47,12,0,0,6,20,453,14,13,24
"thbs2a",0,0,5,0,0,0,2,2,82,2,0,2
"thbs3a",13,28,3,19,32,61,19,5,33,0,3,1
"thbs4a",0,0,1306,462,0,0,141,200,277,2,0,4
"thbs4b",0,0,9,1,0,0,3,2,25,0,0,10
"them6",3,32,3,7,0,0,0,0,10,5,2,0
"themis2",0,0,379,277,0,0,1,0,13,4,0,6
"thg1l",3,17,2,0,19,52,1,2,8,0,0,1
"thnsl2",0,0,5,2,22,35,1,0,9,0,1,3
"thoc1",1,5,813,705,0,0,100,72,174,666,645,817
"thoc2",0,0,5,14,0,0,3,12,83,12,2,5
"thoc5",0,0,1,0,1,15,5,3,26,0,1,1
"thoc6",11,45,1524,1495,0,0,13,0,34,360,259,523
"thoc7",0,0,4,0,0,0,3,2,26,1,5,6
"thop1",0,0,2,4,0,0,2,0,78,2,7,9
"thraa",2,49,0,2,17,22,35,0,2,2,0,2
"thrap3a",1,37,10,2,0,0,0,0,10,2,0,3
"thrap3b",1,38,3,3,0,0,6,0,33,3,0,3
"thrb",0,0,2035,3071,0,0,1,0,8,1728,1111,1263
"thtpa",12,34,1,3,0,0,2,2,7,1,0,2
"thyn1",745,781,1816,1546,0,0,5,0,25,2,2,0
"tia1",0,0,5,3,0,0,4,3,15,4,2,9
"tial1",1,49,1,2,0,0,2,0,21,29,23,27
"tiam2a",21,60,43,611,0,0,70,20,40,248,75,165
"tie1",1,46,22,0,0,0,1,2,92,6,2,8
"timeless",4,7,0,0,0,0,0,0,5,0,0,0
"timm10",0,0,3,1,0,0,6,0,17,2,1,3
"timm13",9,44,247,14,0,0,4,1,2,59,27,37
"timm23a",926,967,11,48,0,0,2,1,10,20,13,39
"timm29",1,11,5,1,135,172,3,4,7,0,3,1
"timm44",0,0,4,2,0,0,5,0,7,2,1,4
"timm50",11,25,7,33,0,0,0,1,23,7,8,2
"timm8a",0,0,1497,371,141,149,1,0,10,524,961,1171
"timp2b",0,0,30,1,0,0,9,12,136,4,2,19
"tirap",0,0,0,0,23,50,0,0,3,0,0,0
"tjap1",3,14,6,12,0,0,0,2,5,2,0,0
"tjp1a",6,24,18,11,0,0,12,3,52,9,2,6
"tjp1b",2,30,2,6,0,0,12,1,19,6,3,5
"tjp2a",1,40,90,939,0,0,7,3,26,428,258,320
"tk2",3,24,7,11,0,0,2,1,19,0,1,4
"tkta",32,43,12,44,99,126,31,2,11,18,8,22
"tlcd3a",0,0,0,2,0,0,1,1,23,4,5,1
"tlcd3ba",0,0,5,0,0,0,8,0,16,0,0,0
"tlcd4a",2,41,1,7,0,0,2,0,3,2,0,0
"tlcd4b",18,64,75,36,6,38,11,55,63,62,112,196
"tlk1b",0,0,4,7,0,0,1,4,46,7,4,3
"tlk2",0,0,1016,1127,0,0,3,2,11,2370,2892,2725
"tll1",0,0,1,2,0,0,7,0,8,3,0,0
"tln1",0,0,15,0,0,0,5,0,183,12,1,9
"tln2a",1,36,0,1,0,0,4,0,9,1,0,5
"tlr22",142,156,210,117,0,0,0,2,0,0,0,0
"tlr7",0,0,1,0,0,0,5,2,24,1,1,2
"tm2d3",49,51,3,1,0,0,2,0,21,3,5,1
"tm4sf5",13,49,0,9,0,0,1,0,0,7,19,18
"tm6sf2",0,0,4,0,0,0,0,12,208,0,2,2
"tm7sf3",1,38,0,5,0,0,0,1,18,0,1,0
"tm9sf1",0,0,5,0,0,0,1,1,23,0,0,2
"tm9sf3",867,877,987,2037,342,349,13,2,25,1602,1908,1752
"tm9sf4",0,0,5,3,0,0,4,0,21,6,4,3
"tm9sf5",0,0,24,11,0,0,22,7,162,9,16,17
"tma16",77,79,1059,9342,0,0,31,12,18,8724,4276,4321
"tmbim1a",149,168,56,83,0,0,1,0,14,393,586,446
"tmbim1b",150,165,0,0,0,0,109,24,11,0,0,0
"tmbim4",0,0,9,15,0,0,2,2,1,5,9,2
"tmc8",0,0,0,0,0,0,0,0,15,6,0,4
"tmcc1b",1,46,2,2,0,0,1,0,4,0,1,9
"tmcc3",1,8,0,4,0,0,2,2,9,2,6,1
"tmco1",0,0,4,3,0,0,13,1,47,8,1,3
"tmco3",31,60,0,0,0,0,18,21,17,1,2,2
"tmco4",1,40,12,3,0,0,0,28,22,15,21,0
"tmed10",0,0,30,3,0,0,12,7,295,10,17,20
"tmed1b",484,501,716,421,0,0,7,1,37,7,2,5
"tmed2",3,20,0,1,0,0,8,0,109,11,8,6
"tmed4",0,0,957,1886,1,34,1,0,7,306,272,183
"tmed5",1,12,0,1,9,18,0,1,15,1,1,3
"tmed7",0,0,7,6,8,51,15,3,39,4,9,8
"tmed8",6,44,4,1,0,0,0,2,24,6,1,2
"tmed9",0,0,2,1,0,0,6,5,62,5,12,11
"tmeff1a",0,0,10,56,0,0,1,0,1,1,1,1
"tmeff2a",2,33,1,1,0,0,3,1,29,4,0,6
"tmem101",1170,1214,299,4486,864,901,15,1,6,4104,3439,2993
"tmem102",0,0,5,0,0,0,0,0,6,1,1,0
"tmem106ba",0,0,18,22,0,0,20,7,74,18,17,34
"tmem11",1,25,1,4,0,0,1,0,25,0,0,0
"tmem110l",75,77,96,8,0,0,3,1,14,1,0,0
"tmem119b",7,53,4,1,0,0,1,5,22,8,3,14
"tmem120b",6,17,328,68,0,0,9,1,6,0,0,1
"tmem121b",8,35,0,12,0,0,7,0,2,18,5,9
"tmem125b",2,12,0,5,0,0,0,0,2,0,0,2
"tmem127",12,30,5,16,0,0,7,6,84,23,7,11
"tmem129",82,99,0,0,0,0,1,0,5,1,1,0
"tmem131",1,29,4,0,0,0,8,3,57,1,2,4
"tmem134",1,48,2,1,0,0,2,0,15,0,0,0
"tmem135",0,0,3,6,0,0,7,3,6,7,6,14
"tmem138",11,54,1672,1226,241,260,14,0,5,4,1,3
"tmem147",0,0,9,6,0,0,1,0,11,1,1,5
"tmem14ca",418,436,349,3645,321,347,108,6,42,1841,1109,1125
"tmem150aa",0,0,3,8,23,59,1,0,11,14,24,37
"tmem150c",5,42,1,0,0,0,0,2,8,2,0,4
"tmem151bb",5,9,2,5,18,19,0,0,0,4,0,1
"tmem160",0,0,1,1,0,0,3,2,6,0,2,7
"tmem161b",0,0,0,5,0,0,1,2,5,1,0,1
"tmem163a",9,29,0,0,0,0,0,0,2,0,0,1
"tmem165",1488,1510,2,6,0,0,1,0,5,113,41,153
"tmem167a",0,0,5,1,0,0,5,0,50,1,11,3
"tmem167b",0,0,4,6,0,0,1,2,32,0,0,0
"tmem168b",19,43,11,25,37,74,26,2,9,16,5,16
"tmem17",7,54,3,8,0,0,0,0,2,0,0,1
"tmem170b",11,23,27,74,0,0,7,0,5,26,22,15
"tmem175",1,12,5,1,0,0,3,0,1,24,11,10
"tmem177",20,52,0,2,0,0,2,0,14,0,2,1
"tmem178b",1,32,0,3,0,0,17,0,2,8,0,0
"tmem18",19,62,6,16,0,0,1,5,32,26,26,20
"tmem181",2,28,0,2,0,0,0,1,14,4,5,0
"tmem182a",2,36,1,3,37,59,0,0,5,0,3,1
"tmem182b",0,0,0,0,0,0,5,2,6,0,0,0
"tmem183a",0,0,7,7,0,0,3,7,20,7,5,4
"tmem184ba",0,0,1,3,0,0,0,2,4,5,4,7
"tmem184c",252,276,167,382,0,0,0,3,12,274,158,248
"tmem187",3,28,2,3,15,42,1,2,0,11,3,1
"tmem189",1,35,4,4,0,0,468,1077,1284,6,3,3
"tmem192",0,0,3,0,0,0,0,0,9,3,85,187
"tmem198a",1,29,0,1,0,0,5,0,1,5,1,5
"tmem200a",1,48,8,1,0,0,0,0,2,2,0,1
"tmem201",0,0,1,0,0,0,0,5,4,5,2,2
"tmem204",20,51,7,3,0,0,0,3,31,0,2,7
"tmem205",0,0,7,3,0,0,4,18,69,3,13,7
"tmem208",0,0,9,1,0,0,3,3,51,16,10,3
"tmem209",0,0,2,0,0,0,0,0,19,1,6,2
"tmem214",5,13,9,5,32,53,2,0,102,5,2,8
"tmem223",42,59,40,66,0,0,69,29,31,73,45,64
"tmem230a",0,0,2,0,0,0,0,1,21,1,0,7
"tmem237b",0,0,0,5,0,0,4,0,13,6,1,4
"tmem242",6,12,587,1305,286,293,12,11,29,3,0,3
"tmem244",0,0,1,3,0,0,10,0,8,5,3,1
"tmem245",12,36,3,26,0,0,32,6,38,27,14,32
"tmem251",12,24,13,6,0,0,5,1,3,10,8,33
"tmem258",65,74,287,1021,189,194,37,9,28,628,1050,233
"tmem266",442,448,1,1,0,0,5,4,9,0,0,0
"tmem267",0,0,12,6,0,0,0,0,2,0,0,2
"tmem30ab",1,47,6,2,0,0,0,1,10,5,11,8
"tmem35",0,0,1,4,12,48,2,2,2,2,0,4
"tmem38a",1,26,6,8,0,0,1,0,23,11,12,4
"tmem39a",0,0,1,1,27,62,0,3,6,0,0,0
"tmem39b",1,33,1,5,0,0,7,0,15,12,3,6
"tmem41ab",2,29,6,0,0,0,0,0,1,7,7,5
"tmem41b",0,0,0,1,0,0,1,0,5,8,4,9
"tmem50a",0,0,2104,742,175,177,14,20,88,3,8,8
"tmem51b",5,24,2,1,0,0,0,0,0,0,0,1
"tmem53",0,0,1,0,14,17,1,0,15,0,4,1
"tmem54a",447,448,1887,1033,0,0,0,4,2,1263,1359,1791
"tmem54b",3443,3458,2,9,2,8,1,1,0,5,0,1
"tmem59",0,0,2,8,0,0,36,14,72,94,123,115
"tmem59l",13,55,12,32,24,54,21,1,10,11,8,13
"tmem62",0,0,276,395,0,0,0,0,0,1,0,1
"tmem63a",0,0,1,0,0,0,0,0,9,3,5,5
"tmem67",0,0,1,5,0,0,1,0,6,1,0,4
"tmem72",1,12,2,0,0,0,0,1,17,0,0,0
"tmem82",141,148,83,264,0,0,2,4,0,0,0,0
"tmem86b",0,0,0,1,134,149,0,0,0,306,286,258
"tmem88b",42,78,34,5,0,0,0,0,50,25,18,27
"tmem9",0,0,3,2,0,0,8,1,19,5,10,6
"tmem94",0,0,2,6,1,16,34,1,12,1,0,0
"tmem98",118,156,39,181,0,0,5,1,28,0,1,0
"tmem9b",0,0,2,1,0,0,0,0,10,0,5,1
"tmf1",1,23,2,2,0,0,6,3,47,1,3,6
"tmie",234,277,0,0,45,75,0,0,1,0,0,0
"tmod1",0,0,302,3988,30,52,3,0,4,2,3,2
"tmod2",1,44,11,5,0,0,3,1,19,5,2,4
"tmod4",17,56,7,4,0,0,47,17,43,0,0,0
"tmpob",0,0,3,0,0,0,3,0,11,20,8,7
"tmtc2b",0,0,2,2,34,74,1,0,3,2,3,2
"tmtc3",3,10,4,0,0,0,1,0,3,3,3,6
"tmtc4",1,39,0,0,0,0,1,1,10,1,0,1
"tmtops2b",81,107,6,2,0,0,23,26,85,4,1,1
"tmtops3b",1,44,1,0,185,216,2,3,1,0,3,1
"tmtopsb",10,55,0,0,0,0,0,0,0,3,0,1
"tmub1",1,22,1,5,0,0,1,2,42,22,7,22
"tmub2",2,23,372,632,0,0,1,1,46,556,321,390
"tmx2a",408,447,71,20,0,0,95,112,233,30,9,0
"tnc",1,19,4,9,0,0,4,2,113,4,0,0
"tnfaip3",0,0,3,0,0,0,2,3,6,4,0,6
"tnfaip8l1",0,0,3,10,0,0,1,0,6,3,1,1
"tnfrsf1a",0,0,6,0,0,0,0,0,14,3,1,3
"tnfrsf9a",18,59,1,8,16,29,0,1,1,1,2,1
"tnfrsfa",0,0,9,0,0,0,0,0,12,3,1,6
"tnfsf12",4,7,21,2,0,0,4,0,27,0,0,0
"tnika",17,24,0,18,0,0,3,0,11,4,1,4
"tnip1",7,27,8681,3080,51,78,15,9,150,13,15,24
"tnip2",3,39,6,1,0,0,0,1,14,1,2,9
"tnk2b",1,43,7,5,0,0,0,2,17,0,0,1
"tnksb",2,47,1,9,0,0,6,4,29,15,3,9
"tnn",3,27,10,6,0,0,0,2,8,0,0,4
"tnni1b",1,42,1,0,0,0,0,0,18,0,0,0
"tnnt2d",4,43,237,1013,0,0,0,0,0,13,3,1
"tnpo1",2,32,0,2,0,0,11,7,11,3,1,0
"tnpo3",11,48,0,7,0,0,5,1,38,12,5,5
"tnr",1,47,0,12,18,34,19,0,1,13,0,2
"tnrc18",8,49,14,12,0,0,7,3,74,19,14,23
"tnrc6a",1,47,4,21,31,67,7,0,36,12,5,5
"tnrc6c1",2,34,3,2,0,0,2,2,25,3,1,1
"tnrc6c2",2,3,7,8,0,0,5,3,63,4,0,6
"tns1b",1,36,6,0,36,73,2,1,157,13,14,12
"tns2a",1,9,83,5,0,0,7,13,251,20,1,5
"tob1a",1,48,1,17,31,59,17,9,85,17,14,15
"tob1b",2,35,6,17,0,0,11,7,69,17,11,17
"toe1",0,0,98,89,0,0,3,0,9,0,0,0
"tollip",0,0,6,4,0,0,5,0,30,4,6,2
"tomm20a",15,55,15,17,0,0,24,6,46,7,4,10
"tomm20b",94,96,15,21,0,0,41,27,192,257,180,391
"tomm22",0,0,2,7,0,0,1,0,9,2,6,6
"tomm34",2,28,4,1,38,72,1,1,9,13,4,4
"tomm40l",1,16,5,1,0,0,0,0,10,1,0,0
"tomm5",0,0,6,5,0,0,5,0,27,0,6,6
"tomm6",1,8,1,2,0,0,1,1,9,0,1,0
"tonsl",167,200,0,0,0,0,0,0,2,4,0,0
"top1",1,28,0,2,0,0,3,1,16,2,4,5
"top1l",0,0,20,18,0,0,15,5,142,33,21,13
"top3a",3,4,20,22,0,0,5,4,24,2,0,0
"topbp1",0,0,2,4,33,40,1,0,21,1,1,0
"tor1",0,0,20271,4311,0,0,1,0,5,0,0,1
"tox",1,24,0,3,0,0,0,0,3,8,2,0
"tox2",0,0,6,4,0,0,5,5,19,2,3,0
"tox4a",54,74,146,110,0,0,4,1,13,2,0,6
"tox4b",0,0,2,0,0,0,2,0,12,0,0,9
"tp53bp1",154,202,7,5,27,44,2,4,15,4,0,3
"tp53bp2a",0,0,27,10,0,0,13,11,99,2,0,6
"tp53i11b",0,0,6,6,32,72,0,0,2,0,0,0
"tp53inp1",1,29,5,2,0,0,0,1,15,3,1,10
"tp53rk",2,30,0,2,0,0,1,0,17,4,4,0
"tp63",124,158,0,0,0,0,2,0,5,275,177,361
"tpbgb",1,45,0,1,0,0,2,1,20,1,2,7
"tpcn1",2,47,6,5,0,0,5,1,61,3,1,1
"tpcn3",0,0,3,0,0,0,1,0,12,1,0,5
"tpd52",1,46,1,1,0,0,0,3,30,11,9,14
"tpgs2",2,42,14,5,0,0,35,138,162,1,8,17
"tpi1a",2910,2935,0,14,0,0,15,0,16,7,17,9
"tpi1b",11,69,8,9,23,66,25,6,288,2,2,0
"tpk1",702,728,9484,3508,1129,1150,0,2,6,4864,7642,7555
"tpm4b",3,18,107,68,0,0,3,55,543,20,33,55
"tpp1",0,0,1,0,0,0,1,2,33,9,7,9
"tpra",0,0,2,7,0,0,106,116,204,2,1,1
"tpra1",0,0,1,3,0,0,0,0,9,1,4,5
"tprb",0,0,6,4,0,0,7,9,120,4,1,7
"tprg1l",7,24,2,6,22,35,3,4,13,94,120,151
"tprkb",56,74,121,176,0,0,100,33,36,4,1,2
"tpst1",0,0,5,3,0,0,0,2,18,0,3,1
"tpt1",2,4,144,17,32,55,28,50,1808,34,87,98
"tpte",167,179,379,293,0,0,0,3,27,2,0,2
"tpx2",285,299,968,261,47,64,0,0,9,0,0,0
"tra2a",0,0,0,1,0,0,1,0,24,6,2,0
"tra2b",1,42,3,5,0,0,1,4,12,0,4,1
"trabd",10,41,5,7,0,0,24,0,18,13,10,2
"tradd",7,39,0,2,0,0,0,0,18,1,0,1
"traf2b",3,42,20,12,0,0,4,1,41,2,13,31
"traf3",0,0,11,25,0,0,0,1,39,11,21,3
"traf3ip1",7,26,11,30,0,0,26,0,24,20,20,10
"traf4a",5,17,2,0,0,0,2,0,6,30,3,18
"traf6",29,51,26,11,0,0,0,17,15,54,2,48
"trafd1",47,78,11,94,13,19,0,0,13,19,13,10
"trak2",0,0,14,9,0,0,1,0,19,12,12,4
"tram1",0,0,8,1,0,0,1,2,23,2,3,4
"tram2",3,47,2,3,0,0,2,1,10,0,0,0
"trap1",0,0,50,125,0,0,0,1,26,53,47,31
"trappc11",1,15,1,1,0,0,4,3,96,4,4,7
"trappc12",210,232,1700,712,0,0,0,0,25,6,0,2
"trappc13",1,28,2,0,0,0,0,0,7,2,3,4
"trappc2l",650,676,429,1142,27,49,5,0,25,1125,971,964
"trappc3",0,0,3,3,7,32,2,3,34,3,1,0
"trappc4",45,55,171,88,27,42,3,8,45,124,159,175
"trappc6bl",0,0,2,4,0,0,3,0,3,5,8,8
"trappc8",147,187,678,381,0,0,74,22,40,17,10,30
"treh",1,5,2,1,0,0,0,0,14,0,1,0
"trh",4,26,7,26,0,0,0,0,1,7,4,2
"trhra",1,23,0,0,23,32,2,0,11,1,0,1
"trhrb",2,24,4,7,0,0,0,0,0,0,0,0
"triap1",4,45,3,6,49,51,10,0,5,4,1,1
"trib2",4,24,8,4,0,0,1,0,8,1,2,5
"trib3",86,94,77,130,89,95,45,6,5,94,56,57
"trim105",4,23,0,0,0,0,1,0,42,1,2,1
"trim23",0,0,198,122,25,30,2,1,8,129,106,168
"trim25",6,54,9,2,0,0,9,7,31,6,1,1
"trim33",0,0,1,5,0,0,5,1,32,6,5,4
"trim35-13",4,6,9,5,316,323,1,2,4,2,2,7
"trim36",7,20,0,4,13,14,2,0,3,0,0,0
"trim3a",0,0,67,13,0,0,5,0,9,21,11,30
"trim3b",51,93,1,3,0,0,6,1,2,22,27,33
"trim46b",1,11,0,2,0,0,167,1711,2119,0,0,2
"trim47",35,38,0,0,0,0,0,0,0,3,2,1
"trim54",6,9,2,4,0,0,0,0,0,0,0,0
"trim59",0,0,31,40,0,0,1,2,19,0,3,0
"trim65",0,0,871,3794,0,0,2,0,0,296,174,218
"trim66",1,40,3,1,19,34,6,0,37,1,0,0
"trim69",70,108,11,4,0,0,0,2,25,3,12,7
"trim8b",13,20,8,0,25,26,3594,562,734,3,4,4
"trioa",1,21,5,7,0,0,20,0,27,1,0,1
"triob",0,0,1,2,0,0,10,3,24,5,1,2
"triobpb",3,26,18,13,0,0,25,11,47,1,4,9
"trip10a",0,0,15,9,0,0,8,2,43,8,9,9
"trip10b",0,0,1,2,0,0,0,1,30,5,0,2
"trip11",1,15,8,6,0,0,8,5,40,5,0,11
"trip13",0,0,123,84,0,0,0,0,0,0,0,0
"trip4",1,5,4,5,0,0,4,0,8,2,0,2
"trir",128,139,155,182,0,0,0,0,27,155,79,126
"trit1",1,26,0,1,0,0,0,0,12,0,0,0
"trmt1",2,20,1,1,0,0,2,1,5,3,0,1
"trmt10a",0,0,3,5,0,0,1,0,6,3,3,4
"trmt10c",1,39,1,1,0,0,0,0,13,169,86,90
"trmt11",0,0,0,0,0,0,382,14,12,2,0,0
"trmt13",211,216,33,147,74,115,32,8,5,123,73,55
"trmt2a",1,16,1,0,0,0,194,80,219,0,1,0
"trmt5",1,30,78,131,60,68,1,0,8,102,74,114
"trmt6",3329,3365,47,1223,0,0,1208,1,42,1,0,0
"trmt61a",3123,3164,0,1,0,0,0,5,10,0,0,3
"trmt61b",300,319,51,144,88,90,3,0,5,161,107,92
"trmu",0,0,8,13,0,0,3,1,3,0,1,0
"trnau1apa",2,6,5,13,0,0,1,0,48,10,5,7
"trnt1",43,60,33,294,0,0,1,0,11,0,0,1
"trpa1b",75,99,0,0,0,0,1,0,0,0,0,0
"trpc1",93,131,28,14,0,0,12,20,9,1,7,5
"trpc4apa",0,0,2,5,0,0,8,1,17,186,3,4
"trpc6a",25,67,10,0,0,0,1,3,25,0,0,2
"trpm1b",6,18,18,28,37,72,8,4,30,11,8,3
"trpm5",31,48,118,61,0,0,18,7,16,65,33,48
"trpm6",1,36,4,0,206,220,0,0,11,2,2,1
"trpt1",144,183,1132,266,0,0,2,0,11,2,0,3
"trpv1",4,46,0,2,0,0,16,6,20,0,1,2
"trpv4",6,13,3,7,0,0,9,1,1,12,10,5
"trpv6",481,528,624,233,169,183,2036,5097,5718,196,597,720
"trub1",3,51,15,5,0,0,0,3,8,2,6,6
"tsc1b",0,0,6,2,0,0,4,18,60,4,3,2
"tsc2",0,0,1,4,0,0,6,2,55,1,3,0
"tsen15",3,24,1,7,0,0,0,0,2,6,0,3
"tsen34",1,36,0,1,0,0,19,12,22,0,2,0
"tsg101a",0,0,15,6,0,0,16,6,20,7,10,5
"tshr",81,109,3,45,42,60,21,1,3,29,7,9
"tshz1",21,58,17,21,0,0,22,28,28,1,1,0
"tshz2",0,0,3,1,0,0,6,0,10,0,0,0
"tshz3a",5,12,2,1,0,0,1,0,1,1,0,3
"tsku",1,31,1,0,0,0,1,2,20,2,1,0
"tsnax",0,0,0,0,31,59,2,2,23,0,3,4
"tspan10",36,41,1,8,0,0,1,9,96,0,0,0
"tspan14",46,56,13,24,0,0,0,0,50,53,31,34
"tspan17",0,0,8,1,0,0,0,2,25,4,3,0
"tspan31",0,0,4,5,0,0,11,5,31,3,3,8
"tspan33b",58,59,0,0,11,14,0,2,1,0,1,2
"tspan36",0,0,6,2,0,0,0,3,42,5,1,2
"tspan3a",87,130,74,22,103,138,19,1,167,241,291,449
"tspan3b",3,39,514,109,36,69,4,0,12,0,3,5
"tspan4b",0,0,5,0,0,0,3,9,62,32,32,36
"tspan7",0,0,5,0,0,0,1,7,93,3,7,4
"tspan7b",1,19,0,6,36,61,2,0,1,9,15,12
"tspan9a",6,35,0,1,0,0,2,3,16,3,6,9
"tspan9b",1,8,21,5,0,0,5,12,365,3,14,7
"tspo",394,432,2,0,125,150,904,163,232,813,1163,1058
"tspy",2,36,3,12,0,0,6,2,11,5,8,1
"tsr1",8,30,8,2,29,66,2,0,30,4,4,3
"tsr2",255,297,109,462,65,83,1,7,13,1,0,3
"tsr3",1,8,1,6,0,0,2,0,13,0,1,1
"tsta3",0,0,56,27,0,0,0,0,6,199,95,155
"ttbk1a",2,24,0,4,0,0,5,4,0,1,0,0
"ttbk2a",8,17,0,7,20,30,16,1,5,3,0,2
"ttc1",1,40,0,1,0,0,0,0,46,0,2,3
"ttc13",1,47,1,4,0,0,0,0,9,5,2,2
"ttc14",0,0,1,1,0,0,5,2,15,0,1,3
"ttc17",0,0,88,49,0,0,1,6,22,3,0,1
"ttc26",1,37,1,0,0,0,0,4,8,1,0,1
"ttc3",776,811,5,7,0,0,2,5,52,2,3,4
"ttc33",12,58,2,8,23,40,0,1,6,0,0,3
"ttc34",343,352,184,136,26,44,2507,15432,16376,1416,267,257
"ttc36",5,47,3,3,0,0,0,0,24,5,2,3
"ttc37",0,0,1,0,0,0,1,7,21,18,48,125
"ttc38",8,14,10,7,0,0,2,1,26,0,0,4
"ttc39a",0,0,2,0,0,0,0,5,43,0,0,2
"ttc5",65,99,69,61,0,0,4,1,11,4,2,3
"ttc7a",2,8,3,0,0,0,11,30,12,7,0,1
"ttc7b",2,31,1,6,0,0,0,2,33,10,9,12
"ttc8",7,40,19,87,0,0,3,0,5,2,3,3
"ttc9c",16,37,48,245,64,99,2,0,17,23,10,26
"tti1",4,32,0,2,0,0,2,0,8,0,0,1
"ttk",6,36,1,3,0,0,1,1,2,0,1,0
"ttll12",2,19,0,0,0,0,1,1,10,3,0,3
"ttll9",1,2,0,0,0,0,155,112,136,0,0,0
"ttyh1",515,538,5,14,185,189,14,0,10,4,1,7
"ttyh2",0,0,7,2,0,0,0,1,53,4,5,3
"ttyh3a",0,0,8,8,0,0,1,0,13,6,5,5
"ttyh3b",2,47,12,3,0,0,4,0,12,3,3,4
"tubd1",8,37,0,5,0,0,0,0,3,7,3,4
"tube1",12,53,0,2,0,0,1,0,15,173,1,4
"tubgcp2",34,35,6,11,0,0,2,0,13,1,0,0
"tubgcp4",203,210,101,141,0,0,6,2,6,0,0,0
"tubgcp5",1,45,4,11,0,0,7,4,17,2,16,17
"tufm",2,7,5,4,24,36,8,2,56,4,3,4
"tulp4b",0,0,4,1,0,0,25,5,5,4,4,0
"twf1a",13,35,326,76,0,0,8,7,43,109,214,309
"twist1b",0,0,5,0,0,0,0,2,19,0,1,2
"twnk",121,156,0,4,0,0,1,0,3,0,0,0
"twsg1a",0,0,5,0,0,0,3,4,58,0,2,4
"txlna",0,0,3,2,0,0,1,0,13,5,3,1
"txlnbb",6,21,0,0,20,30,5,0,0,3,1,0
"txndc12",785,810,374,1818,0,0,1,2,17,1334,1246,1328
"txndc15",0,0,1,5,0,0,4,0,23,0,0,1
"txndc17",29,49,3,1,0,0,2,2,55,9,10,15
"txndc5",0,0,1290,136,70,97,4,11,127,28,58,76
"txnl1",2,19,8,6,0,0,5,3,40,5,1,5
"txnrd2.1",5,53,0,5,0,0,2,0,5,0,0,0
"txnrd3",0,0,17,6,0,0,2,9,85,7,12,8
"tyms",335,381,234,259,0,0,40,0,16,74,55,87
"tyr",47,77,4,0,34,69,3,4,113,2,6,14
"tyro3",2,16,0,2,16,48,9,3,14,1,1,0
"tyrp1a",0,0,55,5,3,17,3,34,259,2,9,16
"tyrp1b",1,38,11,3,0,0,0,21,212,0,11,2
"tysnd1",2,11,4,0,0,0,0,0,6,1,2,1
"tyw1",0,0,1,3,0,0,7,0,22,4,0,3
"tyw5",0,0,3,20,0,0,10,15,28,0,0,0
"u2af1",0,0,16,6,0,0,4,5,121,4,9,6
"u2af2a",0,0,28,23,0,0,7,4,57,23,10,10
"u2surp",12,19,9,27,0,0,13,14,170,19,18,13
"uacab",1,26,7,0,0,0,1,5,98,0,3,4
"uba5",34,57,2,6,45,62,3,0,28,77,56,72
"uba52",765,790,96,6,0,0,24,34,2379,0,0,0
"ubald1b",1,34,61,75,0,0,2,2,7,15,4,28
"ubald2",2,45,2,5,0,0,5,1,8,4,0,0
"ubap1",3,5,6,4,0,0,5,1,38,7,9,8
"ubap2a",1,21,3546,1313,0,0,103,75,94,5,11,4
"ubap2l",2,16,6,7,2,39,2,0,18,11,12,10
"ubash3ba",0,0,7,3,0,0,1,1,39,5,3,8
"ube2al",0,0,820,847,0,0,9,1,92,5,8,11
"ube2b",1,17,1,4,0,0,3,1,14,6,1,5
"ube2c",3,14,10,5,0,0,0,0,14,0,0,1
"ube2d1b",0,0,3,13,0,0,1,2,5,2,1,1
"ube2d2",0,0,12,7,0,0,15,5,67,13,8,13
"ube2e2",8,31,5,4,0,0,2,0,31,5,1,3
"ube2f",53,97,0,0,0,0,0,3,11,1,0,0
"ube2g1b",1187,1222,2,1,0,0,1,2,4,3423,6336,6908
"ube2g2",1,2,9,4,0,0,10,4,94,6,9,7
"ube2h",16,48,1,8,0,0,0,0,3,8,12,13
"ube2j2",1,4,4,7,0,0,0,0,5,1,1,3
"ube2l3b",1,17,8,10,0,0,4,0,42,2,2,3
"ube2na",0,0,25,12,0,0,3,1,19,11,17,15
"ube2q1",0,0,4,2,0,0,5,0,8,6,11,11
"ube2q2",2,41,0,2,30,51,5,1,9,3,2,1
"ube2ql1",2,17,10,68,0,0,16,0,3,16,3,2
"ube2r2",0,0,10,2,1,9,258,170,113,16,7,7
"ube2s",1,8,1,0,0,0,7,19,19,4,0,4
"ube2v1",2,33,8,11,0,0,2,5,95,2,7,12
"ube2v2",0,0,28,9,0,0,13,7,46,12,21,29
"ube2z",0,0,1,5,0,0,0,0,14,3,5,9
"ube3a",0,0,0,8,0,0,0,1,4,364,302,189
"ube3b",0,0,2,0,0,0,2,2,7,7,3,3
"ube3c",42,49,4,49,0,0,17,1,11,16,3,3
"ube3d",13,61,0,0,0,0,0,0,12,0,1,0
"ube4b",0,0,0,4,0,0,1,1,49,5,3,3
"ubiad1",0,0,3,8,0,0,1,3,31,4,4,3
"ubl3a",1,17,6,8,0,0,8,2,61,16,11,17
"ublcp1",0,0,3,7,0,0,8,1,3,1,3,4
"ubn1",17,57,28,1,0,0,3,8,31,99,84,73
"ubn2a",0,0,2,11,35,43,2,0,2,4,6,2
"ubn2b",656,657,728,843,12,31,23,14,44,1044,751,1217
"ubp1",0,0,0,1,0,0,0,4,24,1,2,11
"ubr2",0,0,5,6,0,0,9,3,58,4,1,3
"ubr3",4,49,3,1,0,0,3,11,39,3,0,0
"ubr4",0,0,14,11,30,68,13,3,201,3,5,1
"ubr5",0,0,8,13,0,0,12,12,86,5,1,1
"ubtd1b",1,46,0,0,0,0,0,1,1,2,2,6
"ubtd2",7,38,5,11,0,0,0,0,18,1,6,7
"ubtf",3,6,3,0,0,0,32,7,121,10,5,8
"ubtfl",260,281,162,332,18,42,287,156,177,468,272,344
"ubxn1",248,257,23,17,0,0,11,26,86,20,29,33
"ubxn10",7,34,0,21,0,0,0,6,0,5,8,5
"ubxn2a",10,11,57,257,0,0,37,34,41,145,118,75
"ubxn6",0,0,8,2,0,0,4,2,16,0,2,1
"ubxn7",0,0,4,21,0,0,5,2,34,4,1,3
"uchl1",3,9,4,8,0,0,7,8,229,1,12,3
"uchl5",0,0,2,4,0,0,7,4,13,1,4,3
"uck1",96,119,58,33,84,99,0,0,0,31,14,26
"uck2a",98,124,400,319,0,0,0,0,0,1,0,2
"uck2b",0,0,2,6,0,0,1,0,10,1,1,0
"uckl1b",141,170,1,5,0,0,3,2,30,11,2,11
"ucp1",422,429,290,788,206,225,0,0,4,777,790,633
"ucp2",12,14,2,10,0,0,4,1,5,0,3,1
"ucp3",7,30,0,2,0,0,0,0,0,0,0,0
"uevld",165,206,567,254,0,0,0,0,4,2,1,5
"ufl1",0,0,5,0,0,0,0,2,43,4,10,4
"ugcg",0,0,4,3,0,0,2,3,31,358,292,488
"ugdh",0,0,839,1565,0,0,1,5,40,0,0,4
"uggt1",23,24,4,0,0,0,3,0,28,6,1,14
"ugp2b",0,0,19,7,0,0,1,1,21,7,2,3
"ugt1a1",3,12,17,0,0,0,0,0,45,4,0,2
"ugt8",0,0,10,15,0,0,7,4,15,1,0,0
"uhrf1bp1",1,46,988,849,0,0,1,1,5,1,3,2
"uhrf1bp1l",1,22,1,5,0,0,8,1,11,0,0,0
"ulk1b",0,0,2,7,0,0,1,1,6,2,0,3
"ulk2",9,52,8,33,0,0,14,0,24,26,16,8
"unc119b",1,9,3,22,0,0,30,6,63,8,6,9
"unc13d",0,0,146,190,0,0,4,0,7,0,0,0
"unc50",1,20,0,0,0,0,0,0,16,0,1,1
"unc93b1",0,0,28,3,0,0,2,1,57,4,10,9
"unga",8,37,20,6,0,0,30,21,32,8,8,15
"unk",29,65,110,32,30,45,684,499,507,50,29,116
"unm_sa808",1,2,3,0,0,0,6,0,7,2,0,0
"uox",253,300,214,303,142,168,1,1,9,227,214,229
"upb1",156,164,2,10,0,0,0,0,0,0,3,1
"upf1",7,47,4,9,0,0,21,1,23,11,11,3
"upf3a",1,37,1,10,0,0,30,0,5,5,12,7
"upf3b",1,41,2,3,0,0,8,7,59,4,1,12
"uprt",0,0,632,763,289,315,0,1,37,623,536,506
"uqcc1",0,0,9,10,37,78,8,3,97,12,6,7
"uqcc2",734,778,6493,2178,218,261,15,30,39,3027,4191,4167
"uqcr10",26,44,61,93,0,0,2,4,104,7,18,24
"uqcrb",7,20,4,4,36,60,9,2,35,92,16,31
"uqcrc1",1,27,8,8,0,0,9,3,69,2,13,6
"uqcrc2a",0,0,2,1,0,0,3,3,60,8,2,3
"uqcrc2b",3,44,11,16,0,0,8,11,91,6,8,13
"uqcrq",1,38,4,3,0,0,2,0,27,2,5,4
"urad",0,0,7,44,1,23,1,3,2,57,20,55
"urahb",0,0,0,0,0,0,37,23,0,0,0,0
"urb1",1,37,5,3,0,0,1,0,2,0,1,0
"urm1",1,35,1,3,0,0,6,0,9,2,9,0
"urod",1,32,2,1,0,0,0,1,42,1,1,3
"uros",1,31,0,0,0,0,0,1,13,1,0,1
"urp1",0,0,0,0,116,127,0,0,0,0,0,0
"usb1",58,88,2,0,0,0,1,0,29,3,1,0
"usf1",0,0,2,1,0,0,4,8,176,1,0,3
"usf2",2,21,6,3,0,0,2,5,14,2,5,8
"usf3",0,0,2,1,0,0,7,0,4,5,0,3
"ush1c",0,0,0,8,0,0,8,0,8,6,5,7
"ush1ga",16,20,0,0,0,0,0,0,0,0,1,1
"uso1",1,18,0,8,0,0,7,3,31,2,0,6
"usp1",1,21,0,2,0,0,2,2,23,0,3,0
"usp10",1,25,10,10,0,0,6,1,29,13,1,3
"usp11",4,29,1492,752,0,0,10,2,28,6,0,3
"usp12a",2,47,3,0,0,0,2,4,7,4,4,5
"usp12b",2,38,10,5,0,0,1,1,3,4,4,8
"usp13",1,7,0,1,0,0,0,0,11,488,213,259
"usp14",324,347,5,1,64,107,8,3,33,539,483,621
"usp19",1,7,2,2,1,14,0,3,33,2,1,5
"usp20",0,0,0,1,26,61,0,0,0,6,4,3
"usp21",0,0,0,3,0,0,13,0,2,2,7,7
"usp25",4,51,18,11,0,0,4,3,57,6,9,17
"usp28",3,51,2,1,51,70,1,2,1,1,1,1
"usp2a",0,0,7,5,0,0,9,5,28,5,4,10
"usp2b",2,40,0,7,0,0,2,3,42,3,2,1
"usp30",1,16,287,108,0,0,156,5,7,198,237,220
"usp32",1,48,3,7,0,0,1,0,15,6,0,2
"usp33",1,15,6,3,0,0,7,3,22,1,3,2
"usp36",2,49,9,12,0,0,0,0,54,2,1,4
"usp37",121,166,58,149,0,0,14,8,21,207,146,191
"usp38",2,43,0,2,0,0,2,2,16,0,1,1
"usp39",1089,1104,3491,1221,27,60,2,0,6,4404,4804,5632
"usp4",16,23,20,3,221,224,14,18,178,6914,7875,11004
"usp40",1,37,1,3,0,0,1,0,10,4,3,5
"usp43b",3,41,0,0,0,0,0,1,3,3,1,6
"usp45",3,24,0,3,0,0,76,29,21,1,3,0
"usp46",0,0,2,11,0,0,23,2,5,0,0,0
"usp47",0,0,5,32,0,0,23,4,57,13,11,13
"usp48",4,49,1,5,0,0,2,0,12,11,4,6
"usp5",1,20,3,6,0,0,13,21,117,5,3,7
"usp53b",0,0,2,2,0,0,19,56,63,6,0,3
"usp6nl",1,16,1,4,0,0,3,2,21,1,3,0
"usp7",1,39,11,11,0,0,17,3,115,23,12,9
"usp8",10,34,13,9,0,0,31,4,82,6,3,4
"usp9",3,42,8,4,30,43,14,2,85,7,2,7
"utp20",1,38,14,13,0,0,66,29,94,10,1,2
"utp23",868,873,51,1137,857,900,1,0,12,666,459,515
"utp25",4,52,5,2,0,0,2,0,5,0,0,1
"utp3",133,142,347,350,90,109,100,58,75,18,17,19
"utp4",1,29,16,9,0,0,1,0,3,28,10,37
"utp6",698,714,758,704,26,41,0,0,13,732,872,854
"uts2a",2,22,5,0,0,0,0,0,0,2,0,0
"uts2r2",1,41,15,1,0,0,6,9,31,2,0,3
"uvrag",2,49,0,2,0,0,2,0,19,3,0,3
"uxs1",0,0,848,99,0,0,3,0,18,1183,64,65
"valopb",3,6,2,0,0,0,2,1,9,0,3,0
"vamp1",3,36,0,21,0,0,9,0,1,3,4,2
"vamp2",1,22,8,90,61,62,16,1,8,8,8,6
"vamp4",0,0,9,10,8,39,7,6,20,7,4,3
"vapal",1,29,1,1,0,0,5,0,194,4,14,17
"vapb",0,0,5,9,0,0,16,5,33,13,7,14
"vars1",5,22,858,1391,400,417,6,2,35,816,759,745
"vars2",45,88,6,5,0,0,25,4,29,6,0,5
"vaspb",0,0,7,9,0,0,1,0,34,2,2,2
"vat1",0,0,112,16,0,0,43,138,1173,53,75,83
"vat1l",1,42,9,4,0,0,13,4,6,3,1,1
"vax2",0,0,3,9,0,0,11,0,12,8,2,4
"vbp1",0,0,5,4,0,0,2,3,80,1,2,1
"vcla",1,37,10,3,0,0,0,0,6,3,4,8
"vclb",0,0,41,4,0,0,0,5,117,21,14,19
"vcp",13,15,21,16,24,61,23,23,288,19,21,37
"vcpip1",2,8,0,0,0,0,2,0,6,0,3,0
"vdac1",0,0,8,9,0,0,10,2,72,7,6,8
"vdac2",36,37,28,154,61,70,12,1,98,17,20,16
"vdac3",1,46,0,0,0,0,3,1,20,235,235,407
"vdrb",2,38,1,0,0,0,1,0,10,2,0,2
"vezf1a",1,35,0,0,0,0,0,3,28,4,1,1
"vezt",4,26,3,2,40,62,7,8,3,8,8,7
"vgll4a",6,18,7,6,0,0,0,0,3,0,0,0
"vgll4l",2,35,4,6,0,0,0,1,4,1,2,12
"vhl",4,16,14,22,0,0,3,2,22,1,1,3
"vill",3,6,560,64,0,0,0,1,2,2,0,0
"viml",10,44,29,25,0,0,41,32,625,32,31,23
"vipas39",1,38,2,14,0,0,7,0,16,52,43,38
"virma",15,35,4,7,0,0,72,1,48,6,7,8
"vkorc1l1",2,9,7,4,3,10,0,0,4,3,6,5
"vldlr",1,6,1,8,0,0,0,3,10,2,2,2
"vmp1",43,52,148,514,9,49,0,0,7,6,12,4
"vps11",0,0,6,3,0,0,1,0,27,1,4,0
"vps13a",0,0,3,6,1,8,4,6,32,3,2,1
"vps13d",0,0,2,5,12,53,6,0,33,4,1,1
"vps16",0,0,7,4,0,0,9,1,54,3,3,7
"vps18",2,31,0,1,0,0,12,8,7,0,0,2
"vps25",25,65,0,2,0,0,0,1,10,0,1,2
"vps26a",2,8,2,2,0,0,0,2,10,8,5,5
"vps26b",3,51,614,743,0,0,8,12,57,4,11,13
"vps26c",392,408,2,0,241,246,2,2,88,0,1,4
"vps29",619,665,322,695,77,104,4,2,66,772,413,631
"vps35",1,22,14,5,0,0,20,10,157,2,4,6
"vps35l",54,98,29,55,0,0,4,2,25,5,1,3
"vps36",0,0,60,148,0,0,2,2,25,0,5,3
"vps37a",0,0,7,5,0,0,3,0,4,10,4,6
"vps37b",7,35,3,1,0,0,1,3,17,2,1,0
"vps37c",9,42,4,6,0,0,7,0,13,1,0,3
"vps39",8,49,14,2,0,0,3,20,25,3,4,11
"vps41",0,0,3,3,0,0,8,5,34,3,4,3
"vps45",0,0,3,3,42,73,1,1,43,1,0,1
"vps4a",692,719,0,2,0,0,1,1,18,65,34,36
"vps4b",1,5,4,4,0,0,2,8,28,0,0,0
"vps50",3,42,9,4,0,0,1,1,9,2,17,37
"vps51",0,0,3,5,0,0,9,3,45,2,6,5
"vps53",1,20,4,4,0,0,1,0,40,3,1,3
"vps54",0,0,1,2,0,0,11,4,24,1,0,0
"vps72a",0,0,0,3,0,0,0,0,25,3,0,5
"vrk2",99,142,75,63,0,0,11,9,25,0,1,0
"vrk3",0,0,1090,426,0,0,0,2,9,0,5,10
"vsir",6,20,21,0,0,0,0,3,110,4,10,12
"vsnl1b",14,53,2,15,0,0,14,0,6,10,16,4
"vstm2l",70,75,0,0,0,0,2,2,3,1,0,0
"vsx1",8,45,8,28,0,0,27,2,1,78,79,88
"vta1",0,0,6,2,0,0,9,3,15,2,0,3
"vtg3",0,0,0,0,0,0,0,0,0,47,15,26
"vti1a",0,0,55,19,0,0,1,0,2,17,27,20
"vtna",1,25,10,1,96,113,10,57,498,0,5,5
"vtnb",0,0,1,1,0,0,3,0,3,0,9,5
"vwa1",0,0,7,1,0,0,1,0,73,3,4,2
"vwa2",0,0,0,0,0,0,11,58,111,2,0,0
"vwa5b2",3,17,0,0,0,0,18,12,18,2,0,0
"vwde",6,23,13,3,0,0,0,0,0,22,6,30
"vwf",3,40,24,0,0,0,1,4,355,9,3,1
"waca",0,0,5,3,0,0,281,23,24,0,3,1
"wapla",1,24,3,1,0,0,5,0,12,12,5,12
"wars1",25,50,7,86,0,0,5,0,18,64,49,50
"wars2",1,48,0,0,17,22,0,0,6,1,0,0
"wasf1",40,71,26,136,0,0,7,4,11,24,16,16
"wasf2",0,0,6,2,0,0,1,3,87,10,14,8
"wasf3b",165,170,9,14,0,0,2,2,15,10,8,8
"wash1",2,22,8,8,0,0,1,2,34,2,1,5
"washc5",0,0,2,0,7,36,1,3,23,3,2,1
"wbp2",0,0,255,516,305,327,4,1,5,460,329,364
"wbp2nl",3,29,83,60,0,0,4,7,50,59,64,60
"wdcp",158,188,972,861,84,114,23,1,15,15,11,11
"wdhd1",4,27,0,18,0,0,1,0,7,0,0,1
"wdr11",1,36,1,1,33,70,11,0,13,4,1,3
"wdr12",5,52,8,14,0,0,1,7,28,7,2,6
"wdr13",2,15,0,7,0,0,3,4,14,5,3,1
"wdr19",11,28,2,1,0,0,1,2,5,2,1,0
"wdr20b",10,54,5,4,0,0,3,4,16,5,6,4
"wdr21",1,35,3,5,0,0,0,2,7,2,0,1
"wdr24",2,8,2,3,0,0,0,3,11,17,30,35
"wdr32",3,32,0,3,0,0,0,0,9,5,8,14
"wdr34",0,0,7,1,0,0,67,60,112,4,8,13
"wdr36",0,0,1,3,0,0,8,4,24,1,5,5
"wdr41",1,7,0,6,0,0,0,0,22,26,34,10
"wdr43",0,0,6,9,0,0,8,3,37,5,6,8
"wdr44",2,9,209,344,175,200,1,3,20,2,1,4
"wdr45",155,156,467,602,167,191,191,225,131,46,7,9
"wdr45b",4,12,4,0,0,0,5,0,5,6,3,4
"wdr46",243,252,493,275,0,0,3,1,10,325,197,262
"wdr47a",3,14,948,1813,1,37,17,2,9,7,1,7
"wdr48b",12,24,673,3057,47,48,78,8,28,2821,2011,1600
"wdr5",2,50,1,2,0,0,1,6,38,1,1,1
"wdr53",1,46,1852,843,201,222,2,0,2,875,835,1015
"wdr59",1,43,1,0,0,0,1,1,13,0,1,0
"wdr6",1,35,0,2,0,0,1,0,6,1,0,0
"wdr61",1,29,721,427,0,0,2,3,35,1,0,2
"wdr73",8,44,19,39,24,25,38,4,42,63,60,59
"wdr74",1,6,531,1074,0,0,2,3,15,831,508,712
"wdr76",11,25,3,9,0,0,12,1,2,3,2,2
"wdr81",3,43,4,3,0,0,6,2,22,3,0,0
"wdr83",1,47,0,0,0,0,1,0,10,0,0,0
"wdr83os",21,39,6,4,0,0,3,0,13,0,2,1
"wdr89",1,46,1,0,0,0,3,1,6,1,0,3
"wdr91",0,0,2,0,0,0,5,1,24,3,0,3
"wdr92",1,41,5,0,0,0,1689,3100,3869,0,4,0
"wdtc1",0,0,4,3,0,0,4,0,23,5,1,1
"wfdc1",2,6,7,15,24,35,0,0,41,0,0,0
"wfdc2",425,470,484,573,0,0,0,1,9,5,1,4
"wfikkn1",0,0,272,185,0,0,0,0,0,1,0,0
"wfikkn2a",3,48,1,1,0,0,6,2,5,1,0,4
"wfs1a",0,0,0,0,0,0,0,0,0,523,301,411
"wfs1b",135,151,84,178,0,0,0,2,18,136,98,82
"whrna",172,204,6,38,28,52,13,0,3,17,9,8
"wipf2a",0,0,12,6,0,0,1,2,17,0,0,0
"wipf3",0,0,425,38,0,0,0,1,18,3,0,8
"wipi2",0,0,3,5,13,49,2,0,13,33,11,27
"wls",0,0,13,0,0,0,3,5,140,3,7,12
"wnt2",0,0,0,0,0,0,56,37,53,0,0,0
"wnt5a",1,8,2,1,0,0,0,0,62,0,0,0
"wnt5b",3,29,0,0,8,9,0,3,14,0,0,0
"wnt7ba",1,42,0,0,0,0,0,7,2,0,1,3
"wrap53",0,0,7,0,0,0,1,1,58,0,4,0
"wrap73",821,850,1185,915,16,21,1,1,7,1235,1185,1295
"wrnip1",1,37,2,3,0,0,0,0,6,3,0,0
"wsb1",0,0,6,2,0,0,1,3,46,1,2,3
"wtap",0,0,2,8,0,0,4,3,27,6,4,5
"wu:fj29h11",7,12,6,3,0,0,3,1,24,9,4,4
"wwc3",0,0,215,67,0,0,2,2,34,0,0,2
"wwox",20,38,9,57,0,0,25,4,7,68,41,37
"wwp1",0,0,1,1,1,15,4,3,18,13,8,13
"xab2",28,59,0,3,0,0,5,0,24,0,6,1
"xaf1",0,0,0,0,0,0,1,2,10,117,110,113
"xbp1",0,0,5,1,0,0,3,7,346,11,10,28
"xgb",426,428,0,0,0,0,1,1,0,0,0,0
"xiap",1,28,4,1,0,0,0,0,16,0,3,2
"xk",0,0,120,347,0,0,0,0,40,1,9,6
"xkr5a",1,27,7,2,0,0,0,1,1,1,0,0
"xkr8.3",0,0,1,0,0,0,7,6,14,0,0,1
"xkrx",3,50,3,2,0,0,0,0,6,8,3,6
"xpc",1,39,2,4,0,0,2,1,19,0,3,1
"xpnpep1",270,289,87,1124,163,190,582,4,59,232,362,211
"xpo4",3,38,6,6,0,0,4,1,13,4,9,12
"xpo6",0,0,2,2,34,51,2,11,22,0,0,3
"xpo7",6,19,6,2,0,0,2,3,39,7,5,7
"xrcc3",1,15,1,1,0,0,0,0,6,0,4,14
"xrcc5",13,57,18,5,0,0,1,1,29,26,2,17
"xrcc6",0,0,2,0,0,0,2,0,19,36,30,26
"xrn2",0,0,6,2,0,0,8,2,69,6,4,3
"xylt1",1,10,4,12,0,0,3,5,14,1,0,0
"yap1",2,7,1,0,0,0,0,1,7,2,3,1
"yars1",0,0,2,0,0,0,3,0,14,1,1,8
"yars2",0,0,3,6,0,0,0,0,5,0,1,7
"ybey",0,0,341,433,340,352,1,1,6,723,527,574
"ybx1",296,315,436,174,1,42,320,685,6368,323,374,575
"yeats2",3,31,1,1,0,0,2,1,12,0,0,1
"yeats4",0,0,7,3,0,0,1,1,42,11,3,5
"yif1a",0,0,5,3,0,0,3,0,20,2,3,4
"yipf1",0,0,5,0,0,0,0,0,6,0,0,1
"yipf2",2,27,1,9,0,0,2,0,8,4,8,4
"yipf3",1,9,9,4,0,0,6,1,40,10,7,5
"yipf4",0,0,5,9,0,0,2,4,65,5,8,8
"yipf5",0,0,4,3,0,0,1,5,46,1,2,5
"yipf6",4,50,7,5,0,0,4,1,25,8,5,3
"yju2",0,0,43,8,0,0,3,3,53,3,5,9
"ykt6",3,17,11,0,0,0,2,3,21,2,1,5
"ylpm1",1,12,5,8,0,0,10,1,38,4,2,5
"yme1l1a",0,0,2,5,0,0,4,5,26,3,2,1
"yme1l1b",0,0,21,25,0,0,23,5,41,18,16,14
"yod1",1,24,1,8,0,0,2,0,4,1,1,0
"ypel2a",0,0,0,8,38,41,9,0,15,9,1,0
"ypel3",24,32,10,3,0,0,9,2,93,11,6,11
"ypel5",0,0,10,4,0,0,2,0,10,0,1,0
"yrdc",279,284,14,359,41,81,16,0,7,42,59,53
"yrk",0,0,9,2,0,0,0,4,85,10,2,8
"ythdc1",9,45,5,10,0,0,3,1,40,134,22,159
"ythdf2",6,30,4,1,9,36,7,2,21,7,3,3
"ythdf3",29,41,4,15,0,0,2,1,11,13,12,9
"ywhabb",2,13,39,36,0,0,116,26,329,59,67,44
"ywhabl",0,0,29,25,0,0,14,2,169,17,17,27
"ywhae1",2,14,44,20,0,0,22,4,128,38,36,39
"ywhaqa",2,46,170,49,20,38,24,15,207,24,41,52
"ywhaz",2,22,8,14,0,0,5,0,29,2,3,1
"yy1b",25,56,14,20,0,0,46,15,143,23,13,9
"zbtb1",0,0,1,1,0,0,5,8,9,3,0,0
"zbtb10",5,14,5,8,0,0,1,1,2,3,1,0
"zbtb12.1",231,278,579,832,0,0,19,4,10,890,847,1024
"zbtb17",2,42,0,8,0,0,7,0,15,2,0,3
"zbtb20",1,46,0,0,0,0,1,0,14,0,0,0
"zbtb24",7,54,0,7,17,41,5,0,0,1,1,0
"zbtb25",18,61,0,1,0,0,1,0,0,0,0,0
"zbtb2b",0,0,15,4,12,17,0,1,5,3,2,3
"zbtb3",0,0,330,333,0,0,5,2,3,120,155,155
"zbtb33",2,31,6,3,0,0,0,0,8,6,0,8
"zbtb39",1,10,1,0,0,0,0,0,7,0,0,0
"zbtb4",3,9,17,9,43,70,10,9,105,11,4,17
"zbtb41",6,21,0,0,0,0,0,0,6,471,234,119
"zbtb42",1,8,1,2,0,0,5,0,1,0,0,4
"zbtb7a",2,44,0,1,0,0,0,0,11,0,0,1
"zbtb7b",1,39,3,8,0,0,8,1,9,5,0,3
"zbtb7c",4,17,5,0,0,0,0,1,0,5,4,6
"zbtb8os",68,100,7,1,0,0,1,0,3,0,1,4
"zc2hc1a",10,54,485,181,0,0,9,3,21,158,152,374
"zc3h12a",7,24,20,102,0,0,0,0,1,21,11,8
"zc3h12b",2,44,0,0,32,65,0,2,4,2,1,0
"zc3h15",6,12,22,17,0,0,9,6,119,9,12,6
"zc3h18",0,0,5,9,62,69,13,6,65,5,3,12
"zc3h4",3,38,4,16,10,13,2,1,39,5,2,6
"zc3h6",4,29,4,1,0,0,5,2,38,6,16,10
"zc3h7a",51,70,139,171,0,0,1,0,22,2,2,3
"zc3h7bb",0,0,11,3,2,28,0,3,16,0,1,4
"zc3hc1",0,0,8,3,0,0,0,3,12,2,5,4
"zc4h2",160,183,153,229,115,142,2,1,7,109,96,113
"zcchc17",0,0,5,7,0,0,9,3,27,0,6,5
"zcchc7",0,0,2,5,0,0,0,0,12,5,0,6
"zcchc8",1,22,2,3,0,0,2,0,10,0,2,0
"zcrb1",0,0,57,60,0,0,64,23,30,0,2,0
"zdhhc1",2,50,0,1,0,0,0,0,5,0,0,1
"zdhhc13",3,43,1,0,1,41,2,0,15,1,2,1
"zdhhc14",2,42,0,0,0,0,17,0,4,0,1,3
"zdhhc15b",43,60,764,888,0,0,175,65,129,0,0,0
"zdhhc16a",2,21,0,2,0,0,0,0,8,0,1,0
"zdhhc16b",1,35,549,478,0,0,2,0,8,0,0,1
"zdhhc17",1,44,1,0,67,78,55,31,37,571,1005,982
"zdhhc18a",1,43,3,2,0,0,4,0,6,1,0,0
"zdhhc2",251,262,554,540,324,332,2,0,31,15,11,13
"zdhhc22",0,0,66,79,0,0,1,0,0,86,78,70
"zdhhc3a",2,26,3,2,0,0,3,5,7,71,49,80
"zdhhc4",22,70,0,1,0,0,0,0,10,4,6,10
"zdhhc6",61,82,58,124,0,0,0,0,13,2,1,1
"zdhhc8b",773,814,0,4,66,91,7,1,0,2,0,1
"zeb1b",1,34,5,1,0,0,2,3,14,6,4,4
"zeb2a",1,28,1,1,0,0,6,16,62,3,2,3
"zeb2b",9,34,17,14,0,0,9,13,187,14,18,10
"zer1",1,30,0,0,0,0,0,1,3,11,1,2
"zfand3",0,0,1,9,0,0,3,1,14,7,6,6
"zfand4",1,14,6,2,0,0,1,5,32,2,2,2
"zfand5a",0,0,45,27,24,36,5,7,89,9,10,7
"zfat",1,12,0,0,0,0,2,0,6,0,0,1
"zfhx3",1,30,6,1,0,0,2,2,14,0,0,0
"zfhx4",17,40,8,13,17,32,6,5,16,9,1,4
"zfp36l1a",1,24,18,3,55,80,5,13,211,7,4,21
"zfpl1",2,29,2,1,0,0,8,1,25,0,3,3
"zfpm2a",184,188,140,141,23,61,0,0,2,0,1,0
"zfyve1",2,19,921,342,89,98,3,0,6,0,1,0
"zfyve19",0,0,49,229,165,203,0,4,5,167,157,165
"zfyve21",4,46,10,0,0,0,0,0,13,2,0,1
"zfyve26",0,0,5,0,0,0,0,2,14,1,1,0
"zfyve27",2,50,4,5,0,0,0,0,1,3,3,0
"zfyve9a",116,138,2,1,0,0,1,0,20,3,4,4
"zfyve9b",1,34,0,0,0,0,4,1,5,0,0,0
"zgc:100829",0,0,4,2,0,0,0,2,32,0,0,5
"zgc:101583",178,195,1,0,54,82,312,146,196,622,562,754
"zgc:101679",0,0,0,0,626,654,52,131,269,931,857,967
"zgc:101744",0,0,2,0,34,56,0,0,5,1,2,2
"zgc:101765",274,316,1061,570,0,0,0,1,4,0,0,3
"zgc:101858",1,46,42,19,213,246,0,3,30,0,8,11
"zgc:103586",0,0,25,15,0,0,0,0,0,0,0,0
"zgc:103759",82,121,81,98,0,0,0,0,2,1,3,2
"zgc:109889",1,12,0,8,0,0,7,0,1,10,1,9
"zgc:109965",0,0,2,16,0,0,15,0,5,3,2,10
"zgc:109982",0,0,22,25,0,0,58,1,48,47,57,31
"zgc:110045",1,20,0,14,0,0,5,1,14,5,2,1
"zgc:110239",18,45,20,1,0,0,6,1,104,3,6,9
"zgc:110319",0,0,2,4,0,0,7,2,24,5,9,7
"zgc:110591",0,0,5,0,0,0,0,4,57,23,22,23
"zgc:112001",8,44,3,13,0,0,52,3,5,7,0,5
"zgc:112083",4316,4329,795,9773,41,68,1940,65,88,1543,699,1188
"zgc:112163",1,12,18,62,0,0,3,1,46,5,2,4
"zgc:112294",0,0,0,2,0,0,9,0,6,2,0,0
"zgc:112334",0,0,535,1311,0,0,35,0,16,0,1,0
"zgc:112356",2,9,314,839,0,0,2,0,81,5,6,7
"zgc:112496",0,0,1,14,0,0,0,1,8,1,0,0
"zgc:113278",1,34,2,3,0,0,0,1,9,0,1,3
"zgc:113425",398,422,0,1,0,0,1,0,0,0,0,0
"zgc:114045",4,15,6,3,0,0,7,13,34,7,0,15
"zgc:114119",7,13,1,1,0,0,5,5,8,2,0,1
"zgc:123010",0,0,5,0,0,0,0,0,14,1,1,0
"zgc:123105",0,0,5,3,0,0,1,0,6,3,3,8
"zgc:123238",1124,1148,0,0,0,0,3,0,12,2306,1719,1521
"zgc:136439",123,170,289,243,29,67,7,7,8,981,845,1039
"zgc:136864",0,0,1,3,74,81,8,3,70,0,4,3
"zgc:136870",29,48,2,1,0,0,0,0,3,4,0,11
"zgc:136892",7,55,0,2,0,0,0,0,0,0,1,0
"zgc:136971",1,2,2,0,49,83,1,0,10,5,0,1
"zgc:152830",4,42,16,14,0,0,5,2,124,12,1,19
"zgc:152904",1,22,0,0,0,0,0,0,5,1,0,0
"zgc:152951",0,0,2,1,102,103,2,0,2,0,0,0
"zgc:153018",6,54,0,0,0,0,8,0,20,3,2,2
"zgc:153215",9,18,5,10,0,0,2,0,8,9,4,9
"zgc:153372",11,30,1,3,0,0,0,0,0,2,1,0
"zgc:153383",0,0,3,0,0,0,7,0,12,0,0,5
"zgc:153675",0,0,3,4,21,48,0,1,108,0,8,3
"zgc:153681",0,0,1,1,0,0,7,0,10,4,3,0
"zgc:153733",64,67,0,1,0,0,0,0,1,2,2,2
"zgc:153738",112,137,53,238,0,0,4,0,6,238,131,104
"zgc:153896",99,102,7,8,70,86,0,1,0,8,6,4
"zgc:154006",1,27,951,1405,2,41,0,0,0,48,40,58
"zgc:154046",2,33,2,5,0,0,12,3,7,2,2,1
"zgc:154055",0,0,3,34,0,0,0,1,11,3,3,1
"zgc:154058",0,0,30,239,0,0,0,0,7,0,3,1
"zgc:158263",0,0,6,3,0,0,0,0,5,0,0,0
"zgc:158328",155,171,0,0,0,0,1,3,1,9,2,5
"zgc:158403",4,35,556,983,0,0,0,0,2,17,6,4
"zgc:158564",0,0,5,2,0,0,3,6,37,10,9,12
"zgc:158640",34,47,122,181,0,0,0,0,3,0,0,0
"zgc:158803",5,34,6,3,0,0,11,7,62,14,6,14
"zgc:162144",3,6,11,25,0,0,35,0,23,33,18,20
"zgc:162200",0,0,10,12,0,0,15,8,37,10,3,1
"zgc:162297",0,0,2,9,0,0,24,48,77,0,0,0
"zgc:162331",5,23,127,33,0,0,21,916,169,2,0,2
"zgc:162344",478,521,0,0,0,0,0,0,5,0,0,0
"zgc:162592",1,9,0,5,0,0,0,0,1,0,0,0
"zgc:162613",7,19,3,0,0,0,1,0,19,0,3,3
"zgc:162707",1,14,13,13,0,0,4,0,5,6,6,17
"zgc:162730",0,0,4,1,0,0,1,0,62,15,22,30
"zgc:162780",1,14,3,0,0,0,0,0,15,2,1,1
"zgc:162872",71,111,254,214,0,0,1,0,9,325,210,318
"zgc:162879",1501,1513,322,2899,433,454,1523,91,118,390,202,156
"zgc:162944",16,42,36,20,0,0,2,2,91,91,14,259
"zgc:162989",302,307,0,1,0,0,3,0,6,7,2,2
"zgc:163080",3358,3376,13843,5270,749,789,4,10,35,6611,11754,13494
"zgc:163098",612,632,3,4,0,0,2,2,24,911,662,794
"zgc:165481",24,72,7,89,0,0,6,1,1,1,0,0
"zgc:165604",1,4,1,5,0,0,12,1,10,7,6,10
"zgc:171482",1,35,0,5,0,0,0,0,0,0,0,0
"zgc:171489",1153,1199,728,3004,0,0,4,25,28,4,3,5
"zgc:171704",0,0,0,1,255,281,0,0,1,0,0,0
"zgc:171857",398,402,76,1625,460,479,847,10,14,1025,673,576
"zgc:172121",74,108,261,519,208,215,0,1,7,309,265,299
"zgc:172122",0,0,22,12,0,0,29,3,34,8,2,3
"zgc:172139",8,49,15,20,0,0,3,0,1,2,2,5
"zgc:172182",2029,2060,8,47,0,0,3567,884,1080,29,123,11
"zgc:172270",0,0,2,1,0,0,0,0,1,186,127,142
"zgc:172302",13,30,21,13,0,0,0,2,1,0,0,0
"zgc:172341",0,0,245,318,0,0,16,6,1,0,0,0
"zgc:173742",0,0,3471,5266,0,0,51,23,17,0,2,8
"zgc:174895",83,109,308,70,146,185,75,125,178,431,412,478
"zgc:175088",618,640,10,26,0,0,0,4,21,1,3,1
"zgc:175214",82,86,304,498,0,0,1,0,18,166,106,152
"zgc:193690",28,60,3,10,0,0,0,0,0,0,0,0
"zgc:194209",0,0,1,0,0,0,3,8,11,0,0,0
"zgc:194224",0,0,0,0,0,0,116,17,10,0,0,0
"zgc:194275",0,0,4,3,0,0,12,44,71,0,0,2
"zgc:194887",195,197,32,105,46,67,0,0,1,152,108,149
"zgc:194990",5,32,6,4,0,0,2,1,26,1,3,2
"zgc:195001",1426,1447,5558,3405,1981,1992,1129,740,913,2841,2465,2369
"zgc:195245",2,14,6,10,0,0,39,2,29,5,8,10
"zgc:55262",0,0,6,0,0,0,0,2,25,2,0,1
"zgc:55558",3,33,46,47,0,0,17,4,43,4,5,6
"zgc:55888",0,0,0,0,0,0,0,0,3,127,112,100
"zgc:56231",29,65,3,20,0,0,4,0,1,0,0,2
"zgc:56304",0,0,4,5,0,0,8,0,72,3,5,6
"zgc:56622",123,125,5,1,0,0,130,113,153,391,351,444
"zgc:63569",0,0,5,2,0,0,3,0,18,1,9,8
"zgc:63587",0,0,18,2,0,0,2,5,123,7,6,6
"zgc:63863",8,38,2,0,0,0,1,0,8,1,0,0
"zgc:64051",2,33,16,1,0,0,6,4,25,16,13,27
"zgc:64106",3,26,2,8,0,0,0,0,18,13,17,2
"zgc:65851",1,47,0,9,0,0,24,0,2,8,3,5
"zgc:66024",0,0,10,6,5,13,0,3,7,203,93,166
"zgc:66427",10,27,5,4,0,0,0,25,12,7,4,10
"zgc:66440",1,13,2,4,0,0,3,1,23,2,1,2
"zgc:66447",2,28,4,2,0,0,2,7,16,3,2,6
"zgc:73226",3,34,15,18,69,108,230,13,152,21,20,16
"zgc:77056",3,33,3,1,0,0,0,1,19,7,8,10
"zgc:77375",74,84,3,5,0,0,7,68,74,1,0,2
"zgc:77486",2,75,28,35,0,0,5,6,29,15,19,26
"zgc:77752",1,46,1,3,0,0,4,1,9,2,4,2
"zgc:85777",221,235,492,688,31,57,76,56,66,550,759,671
"zgc:85843",10090,10117,0,2,0,0,94,0,0,1,1,2
"zgc:86609",113,149,3,5,0,0,0,0,33,729,439,903
"zgc:86709",9,51,0,4,0,0,11,0,2,0,1,1
"zgc:86839",1,16,3,3,0,0,95,6,8,1,2,8
"zgc:91860",0,0,5,9,0,0,1,0,14,14,2,2
"zgc:91890",0,0,0,1,0,0,1,5,17,0,0,3
"zgc:91910",6,32,27,8,0,0,5,8,47,67,44,47
"zgc:91976",3,12,2,5,0,0,5,5,49,13,3,8
"zgc:91999",0,0,0,0,0,0,0,5,91,3,0,1
"zgc:92040",1038,1069,2,7,0,0,0,1,0,431,222,380
"zgc:92107",6,30,3,6,29,59,0,0,16,6,7,10
"zgc:92162",33,35,2,9,0,0,3,1,3,6,1,0
"zgc:92335",54,73,222,62,0,0,0,3,23,26,136,178
"zgc:92606",45,89,7,9,0,0,6,6,159,19,8,5
"zgc:92912",0,0,1,12,0,0,6,0,0,3,0,0
"zhx3",2,10,3,3,0,0,4,1,22,2,3,1
"zic1",0,0,1,1,0,0,2,13,5,0,1,0
"zic2a",3,27,5,8,0,0,10,2,6,23,12,11
"zic3",34,63,14,13,0,0,2,0,6,1,0,0
"zic5",3,33,3,6,36,49,1,3,1,6,4,2
"zmat2",2,5,4,2,35,38,2,7,144,3,5,8
"zmat5",0,0,2,36,0,0,1,0,2,6,7,6
"zmiz1a",0,0,1,2,0,0,5,0,7,6,6,0
"zmiz1b",1,8,2,6,0,0,12,1,29,2,1,3
"zmiz2",6,44,7,5,0,0,5,6,47,2,2,1
"zmp:0000000521",1,48,3,4,0,0,10,3,63,2,2,2
"zmp:0000000524",1,32,3,1,0,0,7,1,19,2,4,1
"zmp:0000000662",2,42,7,4,32,54,8,4,11,7,7,4
"zmp:0000000735",1,10,0,3,0,0,0,0,12,0,1,1
"zmp:0000000760",5,32,0,0,0,0,0,0,0,0,2,0
"zmp:0000000846",8,36,2,4,0,0,1,0,7,1,1,0
"zmp:0000001048",2,47,3,4,113,131,6,10,26,1,9,4
"zmp:0000001114",6,31,86,100,0,0,0,0,1,0,1,0
"zmpste24",0,0,5,1,0,0,2,0,11,2,2,3
"zmym2",1,32,1,6,0,0,2,1,12,3,0,1
"zmynd12",1,5,61,207,1,8,586,213,183,0,0,0
"zmynd8",3,5,1,4,0,0,21,12,23,1,1,4
"znf106a",30,37,3,0,0,0,1,0,11,2,2,1
"znf131",1,13,0,0,0,0,6,3,40,3,4,4
"znf142",2,37,0,2,0,0,0,0,3,333,209,314
"znf16l",2,23,38,20,0,0,8,13,28,13,29,23
"znf207b",1,43,7,3,28,47,13,1,53,2,1,5
"znf219",2,25,3,4,0,0,4,1,13,6,1,2
"znf236",2,44,1,1,0,0,0,0,8,1,0,0
"znf280d",4,28,1,6,0,0,0,0,3,3,0,1
"znf281a",4,10,3,0,1,35,0,2,5,1,0,1
"znf292a",1,17,0,5,36,79,1,2,8,1,1,0
"znf292b",7,31,0,8,0,0,3,1,32,1,3,1
"znf319b",10,17,6,23,12,40,17,6,0,2,4,2
"znf341",4,34,1,0,0,0,2,1,7,0,0,1
"znf362a",2,31,4,4,0,0,5,0,3,0,4,1
"znf362b",1,32,3,0,0,0,0,0,12,0,0,0
"znf366",1,25,4,0,0,0,0,0,37,1,3,0
"znf384l",0,0,5,4,0,0,3,2,44,10,2,15
"znf385a",1,40,8,12,0,0,3,0,2,4,0,4
"znf395b",3,19,7,9,0,0,0,4,17,8,7,14
"znf410",85,101,17,14,0,0,25,25,41,13,3,10
"znf438",13,60,4,6,35,41,3,0,11,4,0,8
"znf511",0,0,561,181,0,0,0,0,9,0,1,1
"znf526",1199,1215,0,4,0,0,2,2,16,5,5,4
"znf536",5,53,5,10,0,0,21,1,26,16,3,5
"znf574",0,0,2,0,0,0,0,0,10,0,1,7
"znf593",28,71,45,58,0,0,0,0,19,4,5,3
"znf598",3,37,8,2,0,0,6,3,26,13,8,7
"znf609b",2,10,1,6,0,0,6,0,14,9,5,4
"znf618",0,0,9,3,0,0,3,1,20,0,0,0
"znf622",0,0,15,11,0,0,24,5,82,11,10,11
"znf646",2,39,0,0,0,0,0,0,3,4,6,7
"znf648",4,43,0,2,20,50,0,0,0,0,0,0
"znf652",1,42,0,3,0,0,3,0,5,2,1,1
"znf653",3,32,52,43,0,0,32,37,39,3,6,1
"znf687a",1,40,6,9,32,47,2,0,4,3,0,1
"znf687b",0,0,3,8,0,0,2,0,8,0,0,2
"znf704",3,43,0,0,0,0,2,0,5,2,8,4
"znf710a",1,20,1,0,0,0,2,1,16,7372,6691,6661
"znf711",18,56,14,7,46,67,9,0,21,4,12,5
"znf750",1,14,2,1,71,113,0,2,5,337,198,232
"znf827",2,11,1,0,0,0,2,2,13,0,1,1
"znf839",128,150,334,278,48,51,5,0,27,10,5,4
"znfx1",0,0,3,1,0,0,0,1,9,0,0,5
"znhit1",7,40,3,5,41,45,0,0,4,2,1,0
"znhit2",6,21,1,2,0,0,2,0,7,6,3,5
"znhit3",4,13,0,1,114,155,0,0,0,401,133,211
"znrf1",0,0,2,13,0,0,1,1,1,7,5,5
"znrf3",59,95,72,224,31,43,633,802,582,2,9,4
"zp3c",15,45,570,49,0,0,46,208,432,50,77,212
"zp3f.2",0,0,0,0,194,237,0,1,0,0,0,0
"zranb2",2,29,8,7,0,0,4,9,69,8,3,11
"zranb3",1,33,1,0,0,0,58,44,24,0,0,0
"zrsr2",1128,1170,2770,2987,0,0,6,3,11,2,0,5
"zswim6",10,52,5,16,0,0,2,0,11,2,3,1
"zswim7",313,351,1854,632,0,0,0,0,1,7,3,5
"zte38",129,168,16,10,25,30,91,90,60,143,176,203
"zwilch",657,677,16,16,183,189,8221,15541,24347,1,0,3
"zzz3",2,35,3,3,0,0,2,0,15,7,3,12
