Gene	Ab_5_Eye	Ab_6_Eye
ENSHBUG00000000002	9	54
ENSHBUG00000000003	2	31
ENSHBUG00000000004	0	0
ENSHBUG00000000005	0	0
ENSHBUG00000000006	4	19
ENSHBUG00000000007	0	0
ENSHBUG00000000008	3	31
ENSHBUG00000000009	1	37
ENSHBUG00000000010	1	39
ENSHBUG00000000011	42	63
ENSHBUG00000000012	10	26
ENSHBUG00000000013	0	0
ENSHBUG00000000014	0	0
ENSHBUG00000000015	0	0
ENSHBUG00000000016	0	0
ENSHBUG00000000017	685	723
ENSHBUG00000000018	6	11
ENSHBUG00000000019	107	145
ENSHBUG00000000020	0	0
ENSHBUG00000000021	1	42
ENSHBUG00000000022	0	0
ENSHBUG00000000023	1	38
ENSHBUG00000000024	0	0
ENSHBUG00000000025	0	0
ENSHBUG00000000026	0	0
ENSHBUG00000000027	0	0
ENSHBUG00000000028	0	0
ENSHBUG00000000029	1	25
ENSHBUG00000000030	49	70
ENSHBUG00000000031	0	0
ENSHBUG00000000032	2	48
ENSHBUG00000000033	2	42
ENSHBUG00000000034	291	326
ENSHBUG00000000035	0	0
ENSHBUG00000000036	0	0
ENSHBUG00000000037	9	17
ENSHBUG00000000038	385	391
ENSHBUG00000000039	0	0
ENSHBUG00000000040	0	0
ENSHBUG00000000041	0	0
ENSHBUG00000000042	0	0
ENSHBUG00000000043	0	0
ENSHBUG00000000044	6	50
ENSHBUG00000000045	0	0
ENSHBUG00000000046	2	44
ENSHBUG00000000047	2560	2582
ENSHBUG00000000048	5	39
ENSHBUG00000000049	17	37
ENSHBUG00000000050	0	0
ENSHBUG00000000051	1	32
ENSHBUG00000000052	3	37
ENSHBUG00000000053	8	23
ENSHBUG00000000054	1	30
ENSHBUG00000000055	1	47
ENSHBUG00000000056	275	283
ENSHBUG00000000057	84	123
ENSHBUG00000000058	0	0
ENSHBUG00000000059	0	0
ENSHBUG00000000060	0	0
ENSHBUG00000000061	0	0
ENSHBUG00000000062	0	0
ENSHBUG00000000063	0	0
ENSHBUG00000000064	0	0
ENSHBUG00000000065	3	10
ENSHBUG00000000066	0	0
ENSHBUG00000000067	5	32
ENSHBUG00000000068	1	49
ENSHBUG00000000069	0	0
ENSHBUG00000000070	0	0
ENSHBUG00000000071	7	47
ENSHBUG00000000072	2	23
ENSHBUG00000000073	0	0
ENSHBUG00000000074	0	0
ENSHBUG00000000075	0	0
ENSHBUG00000000076	1	48
ENSHBUG00000000077	6	45
ENSHBUG00000000078	0	0
ENSHBUG00000000079	2175	2184
ENSHBUG00000000080	1	29
ENSHBUG00000000081	0	0
ENSHBUG00000000082	1	46
ENSHBUG00000000083	400	410
ENSHBUG00000000084	0	0
ENSHBUG00000000085	1	2
ENSHBUG00000000086	1	42
ENSHBUG00000000087	0	0
ENSHBUG00000000088	0	0
ENSHBUG00000000089	2	37
ENSHBUG00000000090	2	39
ENSHBUG00000000091	0	0
ENSHBUG00000000092	45	55
ENSHBUG00000000093	1	37
ENSHBUG00000000094	0	0
ENSHBUG00000000095	0	0
ENSHBUG00000000096	0	0
ENSHBUG00000000097	0	0
ENSHBUG00000000098	5	26
ENSHBUG00000000099	0	0
ENSHBUG00000000100	0	0
ENSHBUG00000000101	7	30
ENSHBUG00000000102	0	0
ENSHBUG00000000103	0	0
ENSHBUG00000000104	0	0
ENSHBUG00000000105	0	0
ENSHBUG00000000106	0	0
ENSHBUG00000000107	0	0
ENSHBUG00000000108	0	0
ENSHBUG00000000109	2	40
ENSHBUG00000000110	0	0
ENSHBUG00000000111	0	0
ENSHBUG00000000112	0	0
ENSHBUG00000000113	3	19
ENSHBUG00000000114	1	6
ENSHBUG00000000115	1	44
ENSHBUG00000000116	1	48
ENSHBUG00000000117	0	0
ENSHBUG00000000118	0	0
ENSHBUG00000000119	2	32
ENSHBUG00000000120	0	0
ENSHBUG00000000121	0	0
ENSHBUG00000000122	0	0
ENSHBUG00000000123	1	9
ENSHBUG00000000124	0	0
ENSHBUG00000000125	0	0
ENSHBUG00000000126	1	23
ENSHBUG00000000127	6	54
ENSHBUG00000000128	0	0
ENSHBUG00000000129	0	0
ENSHBUG00000000130	1	49
ENSHBUG00000000131	0	0
ENSHBUG00000000132	0	0
ENSHBUG00000000133	0	0
ENSHBUG00000000134	0	0
ENSHBUG00000000135	0	0
ENSHBUG00000000136	0	0
ENSHBUG00000000137	0	0
ENSHBUG00000000138	1	24
ENSHBUG00000000139	0	0
ENSHBUG00000000140	98	119
ENSHBUG00000000141	18	52
ENSHBUG00000000142	20	27
ENSHBUG00000000143	0	0
ENSHBUG00000000144	1	15
ENSHBUG00000000145	0	0
ENSHBUG00000000146	0	0
ENSHBUG00000000147	0	0
ENSHBUG00000000148	0	0
ENSHBUG00000000149	0	0
ENSHBUG00000000150	153	165
ENSHBUG00000000151	0	0
ENSHBUG00000000152	0	0
ENSHBUG00000000153	0	0
ENSHBUG00000000154	0	0
ENSHBUG00000000155	0	0
ENSHBUG00000000156	1	29
ENSHBUG00000000157	0	0
ENSHBUG00000000158	0	0
ENSHBUG00000000159	0	0
ENSHBUG00000000160	20	45
ENSHBUG00000000161	1	15
ENSHBUG00000000162	5	31
ENSHBUG00000000163	17690	17716
ENSHBUG00000000164	0	0
ENSHBUG00000000165	2	33
ENSHBUG00000000166	0	0
ENSHBUG00000000167	0	0
ENSHBUG00000000168	1	41
ENSHBUG00000000169	5	6
ENSHBUG00000000170	0	0
ENSHBUG00000000171	2	4
ENSHBUG00000000172	0	0
ENSHBUG00000000173	0	0
ENSHBUG00000000174	0	0
ENSHBUG00000000175	6	11
ENSHBUG00000000176	10	32
ENSHBUG00000000177	0	0
ENSHBUG00000000178	0	0
ENSHBUG00000000179	6	24
ENSHBUG00000000180	0	0
ENSHBUG00000000181	5	13
ENSHBUG00000000182	3	26
ENSHBUG00000000183	7	26
ENSHBUG00000000184	0	0
ENSHBUG00000000185	5	31
ENSHBUG00000000186	7	9
ENSHBUG00000000187	2	32
ENSHBUG00000000188	1	17
ENSHBUG00000000189	1	39
ENSHBUG00000000190	0	0
ENSHBUG00000000191	1	22
ENSHBUG00000000192	0	0
ENSHBUG00000000193	0	0
ENSHBUG00000000194	0	0
ENSHBUG00000000195	0	0
ENSHBUG00000000196	2	10
ENSHBUG00000000197	1	48
ENSHBUG00000000198	0	0
ENSHBUG00000000199	0	0
ENSHBUG00000000200	0	0
ENSHBUG00000000201	0	0
ENSHBUG00000000202	0	0
ENSHBUG00000000203	0	0
ENSHBUG00000000204	0	0
ENSHBUG00000000205	559	570
ENSHBUG00000000206	67	76
ENSHBUG00000000207	0	0
ENSHBUG00000000208	175	212
ENSHBUG00000000209	2	37
ENSHBUG00000000210	0	0
ENSHBUG00000000211	0	0
ENSHBUG00000000212	2	6
ENSHBUG00000000213	0	0
ENSHBUG00000000214	1	49
ENSHBUG00000000215	1	43
ENSHBUG00000000216	0	0
ENSHBUG00000000217	1	22
ENSHBUG00000000218	0	0
ENSHBUG00000000219	0	0
ENSHBUG00000000220	0	0
ENSHBUG00000000221	0	0
ENSHBUG00000000222	72	83
ENSHBUG00000000223	1	32
ENSHBUG00000000224	1	23
ENSHBUG00000000225	1	45
ENSHBUG00000000226	0	0
ENSHBUG00000000227	1	2
ENSHBUG00000000228	286	318
ENSHBUG00000000229	0	0
ENSHBUG00000000230	0	0
ENSHBUG00000000231	17	19
ENSHBUG00000000232	0	0
ENSHBUG00000000233	1	12
ENSHBUG00000000234	41	54
ENSHBUG00000000235	0	0
ENSHBUG00000000236	0	0
ENSHBUG00000000237	0	0
ENSHBUG00000000238	0	0
ENSHBUG00000000239	3	25
ENSHBUG00000000240	0	0
ENSHBUG00000000241	0	0
ENSHBUG00000000242	0	0
ENSHBUG00000000243	9	11
ENSHBUG00000000244	0	0
ENSHBUG00000000245	2	32
ENSHBUG00000000246	0	0
ENSHBUG00000000247	1	45
ENSHBUG00000000248	0	0
ENSHBUG00000000249	0	0
ENSHBUG00000000250	0	0
ENSHBUG00000000251	3	39
ENSHBUG00000000252	1	46
ENSHBUG00000000253	0	0
ENSHBUG00000000254	0	0
ENSHBUG00000000255	4	25
ENSHBUG00000000256	1	14
ENSHBUG00000000257	0	0
ENSHBUG00000000258	0	0
ENSHBUG00000000259	4	6
ENSHBUG00000000260	9	30
ENSHBUG00000000261	0	0
ENSHBUG00000000262	1	39
ENSHBUG00000000263	0	0
ENSHBUG00000000264	2	10
ENSHBUG00000000265	8	12
ENSHBUG00000000266	0	0
ENSHBUG00000000267	0	0
ENSHBUG00000000268	1	8
ENSHBUG00000000269	3	29
ENSHBUG00000000270	0	0
ENSHBUG00000000271	1	9
ENSHBUG00000000272	0	0
ENSHBUG00000000273	1	37
ENSHBUG00000000274	0	0
ENSHBUG00000000275	0	0
ENSHBUG00000000276	0	0
ENSHBUG00000000277	0	0
ENSHBUG00000000278	1	48
ENSHBUG00000000279	0	0
ENSHBUG00000000280	0	0
ENSHBUG00000000281	0	0
ENSHBUG00000000282	1	39
ENSHBUG00000000283	0	0
ENSHBUG00000000284	0	0
ENSHBUG00000000285	0	0
ENSHBUG00000000286	0	0
ENSHBUG00000000287	1	18
ENSHBUG00000000288	0	0
ENSHBUG00000000289	1	25
ENSHBUG00000000290	1	12
ENSHBUG00000000291	1450	1472
ENSHBUG00000000292	259	260
ENSHBUG00000000293	0	0
ENSHBUG00000000294	0	0
ENSHBUG00000000295	0	0
ENSHBUG00000000296	1	40
ENSHBUG00000000297	0	0
ENSHBUG00000000298	1	6
ENSHBUG00000000299	0	0
ENSHBUG00000000300	4	43
ENSHBUG00000000301	0	0
ENSHBUG00000000302	2	13
ENSHBUG00000000303	0	0
ENSHBUG00000000304	0	0
ENSHBUG00000000305	0	0
ENSHBUG00000000306	0	0
ENSHBUG00000000307	0	0
ENSHBUG00000000308	0	0
ENSHBUG00000000309	0	0
ENSHBUG00000000310	5	45
ENSHBUG00000000311	46	61
ENSHBUG00000000312	79	94
ENSHBUG00000000313	0	0
ENSHBUG00000000314	4	22
ENSHBUG00000000315	0	0
ENSHBUG00000000316	3	36
ENSHBUG00000000317	0	0
ENSHBUG00000000318	0	0
ENSHBUG00000000319	1	28
ENSHBUG00000000320	0	0
ENSHBUG00000000321	1	35
ENSHBUG00000000322	222	269
ENSHBUG00000000323	0	0
ENSHBUG00000000324	1	37
ENSHBUG00000000325	0	0
ENSHBUG00000000326	0	0
ENSHBUG00000000327	3	50
ENSHBUG00000000328	0	0
ENSHBUG00000000329	5	31
ENSHBUG00000000330	1	48
ENSHBUG00000000331	0	0
ENSHBUG00000000332	0	0
ENSHBUG00000000333	0	0
ENSHBUG00000000334	0	0
ENSHBUG00000000335	1	35
ENSHBUG00000000336	1	40
ENSHBUG00000000337	0	0
ENSHBUG00000000338	228	236
ENSHBUG00000000339	0	0
ENSHBUG00000000340	0	0
ENSHBUG00000000341	0	0
ENSHBUG00000000342	0	0
ENSHBUG00000000343	0	0
ENSHBUG00000000344	4	47
ENSHBUG00000000345	0	0
ENSHBUG00000000346	0	0
ENSHBUG00000000347	0	0
ENSHBUG00000000348	0	0
ENSHBUG00000000349	0	0
ENSHBUG00000000350	2	39
ENSHBUG00000000351	0	0
ENSHBUG00000000352	0	0
ENSHBUG00000000353	3	48
ENSHBUG00000000354	0	0
ENSHBUG00000000355	0	0
ENSHBUG00000000356	2	44
ENSHBUG00000000357	3	9
ENSHBUG00000000358	3	29
ENSHBUG00000000359	2	48
ENSHBUG00000000360	0	0
ENSHBUG00000000361	18	57
ENSHBUG00000000362	0	0
ENSHBUG00000000363	0	0
ENSHBUG00000000364	1	13
ENSHBUG00000000365	0	0
ENSHBUG00000000366	0	0
ENSHBUG00000000367	0	0
ENSHBUG00000000368	3	19
ENSHBUG00000000369	0	0
ENSHBUG00000000370	0	0
ENSHBUG00000000371	0	0
ENSHBUG00000000372	0	0
ENSHBUG00000000373	0	0
ENSHBUG00000000374	0	0
ENSHBUG00000000375	2	41
ENSHBUG00000000376	4	28
ENSHBUG00000000377	0	0
ENSHBUG00000000378	1	45
ENSHBUG00000000379	2	24
ENSHBUG00000000380	0	0
ENSHBUG00000000381	0	0
ENSHBUG00000000382	0	0
ENSHBUG00000000383	0	0
ENSHBUG00000000384	0	0
ENSHBUG00000000385	0	0
ENSHBUG00000000386	1	25
ENSHBUG00000000387	1	17
ENSHBUG00000000388	2	7
ENSHBUG00000000389	1	42
ENSHBUG00000000390	2	20
ENSHBUG00000000391	0	0
ENSHBUG00000000392	0	0
ENSHBUG00000000393	2	4
ENSHBUG00000000394	0	0
ENSHBUG00000000395	4	45
ENSHBUG00000000396	1	37
ENSHBUG00000000397	1	9
ENSHBUG00000000398	355	391
ENSHBUG00000000399	0	0
ENSHBUG00000000400	0	0
ENSHBUG00000000401	0	0
ENSHBUG00000000402	0	0
ENSHBUG00000000403	4	45
ENSHBUG00000000404	18	26
ENSHBUG00000000405	63	99
ENSHBUG00000000406	1	46
ENSHBUG00000000407	5	42
ENSHBUG00000000408	105	128
ENSHBUG00000000409	0	0
ENSHBUG00000000410	6	21
ENSHBUG00000000411	241	270
ENSHBUG00000000412	3	41
ENSHBUG00000000413	5	24
ENSHBUG00000000414	0	0
ENSHBUG00000000415	0	0
ENSHBUG00000000416	2	23
ENSHBUG00000000417	20	36
ENSHBUG00000000418	0	0
ENSHBUG00000000419	15	58
ENSHBUG00000000420	6	43
ENSHBUG00000000421	0	0
ENSHBUG00000000422	2	23
ENSHBUG00000000423	0	0
ENSHBUG00000000424	3	38
ENSHBUG00000000425	1	29
ENSHBUG00000000426	4	6
ENSHBUG00000000427	1	9
ENSHBUG00000000428	0	0
ENSHBUG00000000429	0	0
ENSHBUG00000000430	0	0
ENSHBUG00000000431	11	17
ENSHBUG00000000432	0	0
ENSHBUG00000000433	1	2
ENSHBUG00000000434	0	0
ENSHBUG00000000435	0	0
ENSHBUG00000000436	0	0
ENSHBUG00000000437	0	0
ENSHBUG00000000438	53	70
ENSHBUG00000000439	0	0
ENSHBUG00000000440	0	0
ENSHBUG00000000441	0	0
ENSHBUG00000000442	0	0
ENSHBUG00000000443	0	0
ENSHBUG00000000444	0	0
ENSHBUG00000000445	2	43
ENSHBUG00000000446	0	0
ENSHBUG00000000447	1156	1164
ENSHBUG00000000448	101	132
ENSHBUG00000000449	1	8
ENSHBUG00000000450	747	792
ENSHBUG00000000451	1	25
ENSHBUG00000000452	19	53
ENSHBUG00000000453	15	18
ENSHBUG00000000454	19	63
ENSHBUG00000000455	0	0
ENSHBUG00000000456	0	0
ENSHBUG00000000457	2	27
ENSHBUG00000000458	87	130
ENSHBUG00000000459	0	0
ENSHBUG00000000460	0	0
ENSHBUG00000000461	458	499
ENSHBUG00000000462	2	33
ENSHBUG00000000463	2	43
ENSHBUG00000000464	0	0
ENSHBUG00000000465	0	0
ENSHBUG00000000466	0	0
ENSHBUG00000000467	7	25
ENSHBUG00000000468	11	41
ENSHBUG00000000469	0	0
ENSHBUG00000000470	1	26
ENSHBUG00000000471	36	45
ENSHBUG00000000472	0	0
ENSHBUG00000000473	0	0
ENSHBUG00000000474	0	0
ENSHBUG00000000475	1	3
ENSHBUG00000000476	3	31
ENSHBUG00000000477	0	0
ENSHBUG00000000478	0	0
ENSHBUG00000000479	4	15
ENSHBUG00000000480	0	0
ENSHBUG00000000481	0	0
ENSHBUG00000000482	1	31
ENSHBUG00000000483	1	10
ENSHBUG00000000484	1	12
ENSHBUG00000000485	2	34
ENSHBUG00000000486	0	0
ENSHBUG00000000487	10	25
ENSHBUG00000000488	0	0
ENSHBUG00000000489	2	36
ENSHBUG00000000490	0	0
ENSHBUG00000000491	1	29
ENSHBUG00000000492	7	51
ENSHBUG00000000493	0	0
ENSHBUG00000000494	0	0
ENSHBUG00000000495	0	0
ENSHBUG00000000496	0	0
ENSHBUG00000000497	34	68
ENSHBUG00000000498	1	34
ENSHBUG00000000499	0	0
ENSHBUG00000000500	185	186
ENSHBUG00000000501	1	46
ENSHBUG00000000502	0	0
ENSHBUG00000000503	0	0
ENSHBUG00000000504	0	0
ENSHBUG00000000505	0	0
ENSHBUG00000000506	0	0
ENSHBUG00000000507	12	41
ENSHBUG00000000508	2	46
ENSHBUG00000000509	164	173
ENSHBUG00000000510	0	0
ENSHBUG00000000511	0	0
ENSHBUG00000000512	247	269
ENSHBUG00000000513	1	35
ENSHBUG00000000514	0	0
ENSHBUG00000000515	0	0
ENSHBUG00000000516	0	0
ENSHBUG00000000517	0	0
ENSHBUG00000000518	32	43
ENSHBUG00000000519	49	60
ENSHBUG00000000520	131	162
ENSHBUG00000000521	0	0
ENSHBUG00000000522	1	41
ENSHBUG00000000523	0	0
ENSHBUG00000000524	1	14
ENSHBUG00000000525	9	25
ENSHBUG00000000526	0	0
ENSHBUG00000000527	24	42
ENSHBUG00000000528	0	0
ENSHBUG00000000529	1	8
ENSHBUG00000000530	11	19
ENSHBUG00000000531	4	18
ENSHBUG00000000532	0	0
ENSHBUG00000000533	5	12
ENSHBUG00000000534	4	21
ENSHBUG00000000535	0	0
ENSHBUG00000000536	0	0
ENSHBUG00000000537	2	18
ENSHBUG00000000538	86	100
ENSHBUG00000000539	0	0
ENSHBUG00000000540	0	0
ENSHBUG00000000541	1	36
ENSHBUG00000000542	1	47
ENSHBUG00000000543	0	0
ENSHBUG00000000544	0	0
ENSHBUG00000000545	0	0
ENSHBUG00000000546	0	0
ENSHBUG00000000547	30	46
ENSHBUG00000000548	19	42
ENSHBUG00000000549	1	43
ENSHBUG00000000550	0	0
ENSHBUG00000000551	65	74
ENSHBUG00000000552	0	0
ENSHBUG00000000553	0	0
ENSHBUG00000000554	1319	1360
ENSHBUG00000000555	1	26
ENSHBUG00000000556	0	0
ENSHBUG00000000557	14	59
ENSHBUG00000000558	1	25
ENSHBUG00000000559	39	42
ENSHBUG00000000560	279	319
ENSHBUG00000000561	30	37
ENSHBUG00000000562	0	0
ENSHBUG00000000563	8	38
ENSHBUG00000000564	0	0
ENSHBUG00000000565	0	0
ENSHBUG00000000566	31	67
ENSHBUG00000000567	0	0
ENSHBUG00000000568	0	0
ENSHBUG00000000569	0	0
ENSHBUG00000000570	1	34
ENSHBUG00000000571	0	0
ENSHBUG00000000572	0	0
ENSHBUG00000000573	2	44
ENSHBUG00000000574	0	0
ENSHBUG00000000575	0	0
ENSHBUG00000000576	0	0
ENSHBUG00000000577	0	0
ENSHBUG00000000578	0	0
ENSHBUG00000000579	2006	2041
ENSHBUG00000000580	3	34
ENSHBUG00000000581	2	31
ENSHBUG00000000582	0	0
ENSHBUG00000000583	0	0
ENSHBUG00000000584	776	811
ENSHBUG00000000585	0	0
ENSHBUG00000000586	0	0
ENSHBUG00000000587	0	0
ENSHBUG00000000588	1	24
ENSHBUG00000000589	0	0
ENSHBUG00000000590	0	0
ENSHBUG00000000591	1	16
ENSHBUG00000000592	0	0
ENSHBUG00000000593	0	0
ENSHBUG00000000594	10	11
ENSHBUG00000000595	3	36
ENSHBUG00000000596	0	0
ENSHBUG00000000597	0	0
ENSHBUG00000000598	0	0
ENSHBUG00000000599	0	0
ENSHBUG00000000600	0	0
ENSHBUG00000000601	0	0
ENSHBUG00000000602	1	17
ENSHBUG00000000603	2	18
ENSHBUG00000000604	1	18
ENSHBUG00000000605	0	0
ENSHBUG00000000606	6	49
ENSHBUG00000000607	0	0
ENSHBUG00000000608	30	41
ENSHBUG00000000609	0	0
ENSHBUG00000000610	0	0
ENSHBUG00000000611	1	39
ENSHBUG00000000612	0	0
ENSHBUG00000000613	0	0
ENSHBUG00000000614	0	0
ENSHBUG00000000615	2	22
ENSHBUG00000000616	31	53
ENSHBUG00000000617	3	21
ENSHBUG00000000618	0	0
ENSHBUG00000000619	105	132
ENSHBUG00000000620	0	0
ENSHBUG00000000621	0	0
ENSHBUG00000000622	0	0
ENSHBUG00000000623	0	0
ENSHBUG00000000624	4	19
ENSHBUG00000000625	0	0
ENSHBUG00000000626	0	0
ENSHBUG00000000627	2	37
ENSHBUG00000000628	0	0
ENSHBUG00000000629	2	34
ENSHBUG00000000630	0	0
ENSHBUG00000000631	7	9
ENSHBUG00000000632	4	51
ENSHBUG00000000633	128	139
ENSHBUG00000000634	0	0
ENSHBUG00000000635	0	0
ENSHBUG00000000636	0	0
ENSHBUG00000000637	0	0
ENSHBUG00000000638	0	0
ENSHBUG00000000639	0	0
ENSHBUG00000000640	0	0
ENSHBUG00000000641	0	0
ENSHBUG00000000642	0	0
ENSHBUG00000000643	1	9
ENSHBUG00000000644	57	75
ENSHBUG00000000645	2	44
ENSHBUG00000000646	3	33
ENSHBUG00000000647	8	51
ENSHBUG00000000648	1	31
ENSHBUG00000000649	68	78
ENSHBUG00000000650	0	0
ENSHBUG00000000651	0	0
ENSHBUG00000000652	0	0
ENSHBUG00000000653	34	58
ENSHBUG00000000654	0	0
ENSHBUG00000000655	0	0
ENSHBUG00000000656	84	108
ENSHBUG00000000657	0	0
ENSHBUG00000000658	0	0
ENSHBUG00000000659	0	0
ENSHBUG00000000660	0	0
ENSHBUG00000000661	0	0
ENSHBUG00000000662	1	25
ENSHBUG00000000663	0	0
ENSHBUG00000000664	1	40
ENSHBUG00000000665	0	0
ENSHBUG00000000666	0	0
ENSHBUG00000000667	0	0
ENSHBUG00000000668	0	0
ENSHBUG00000000669	0	0
ENSHBUG00000000670	0	0
ENSHBUG00000000671	0	0
ENSHBUG00000000672	1	42
ENSHBUG00000000673	2	41
ENSHBUG00000000674	0	0
ENSHBUG00000000675	0	0
ENSHBUG00000000676	595	623
ENSHBUG00000000677	129	160
ENSHBUG00000000678	0	0
ENSHBUG00000000679	1	34
ENSHBUG00000000680	0	0
ENSHBUG00000000681	0	0
ENSHBUG00000000682	0	0
ENSHBUG00000000683	0	0
ENSHBUG00000000684	0	0
ENSHBUG00000000685	0	0
ENSHBUG00000000686	0	0
ENSHBUG00000000687	2	4
ENSHBUG00000000688	8	39
ENSHBUG00000000689	0	0
ENSHBUG00000000690	1	19
ENSHBUG00000000691	0	0
ENSHBUG00000000692	2	48
ENSHBUG00000000693	3	15
ENSHBUG00000000694	4	46
ENSHBUG00000000695	0	0
ENSHBUG00000000696	0	0
ENSHBUG00000000697	0	0
ENSHBUG00000000698	3	30
ENSHBUG00000000699	2	49
ENSHBUG00000000700	6	44
ENSHBUG00000000701	0	0
ENSHBUG00000000702	0	0
ENSHBUG00000000703	2	34
ENSHBUG00000000704	7	31
ENSHBUG00000000705	5	6
ENSHBUG00000000706	0	0
ENSHBUG00000000707	0	0
ENSHBUG00000000708	6	36
ENSHBUG00000000709	6	21
ENSHBUG00000000710	0	0
ENSHBUG00000000711	1	25
ENSHBUG00000000712	0	0
ENSHBUG00000000713	2	44
ENSHBUG00000000714	0	0
ENSHBUG00000000715	0	0
ENSHBUG00000000716	1	13
ENSHBUG00000000717	0	0
ENSHBUG00000000718	347	381
ENSHBUG00000000719	1	16
ENSHBUG00000000720	0	0
ENSHBUG00000000721	0	0
ENSHBUG00000000722	0	0
ENSHBUG00000000723	0	0
ENSHBUG00000000724	0	0
ENSHBUG00000000725	2	39
ENSHBUG00000000726	0	0
ENSHBUG00000000727	2	41
ENSHBUG00000000728	2	21
ENSHBUG00000000729	5	9
ENSHBUG00000000730	0	0
ENSHBUG00000000731	0	0
ENSHBUG00000000732	0	0
ENSHBUG00000000733	3	10
ENSHBUG00000000734	1	43
ENSHBUG00000000735	1	27
ENSHBUG00000000736	1	31
ENSHBUG00000000737	19	32
ENSHBUG00000000738	221	252
ENSHBUG00000000739	0	0
ENSHBUG00000000740	0	0
ENSHBUG00000000741	2	32
ENSHBUG00000000742	0	0
ENSHBUG00000000743	121	156
ENSHBUG00000000744	30	48
ENSHBUG00000000745	23	34
ENSHBUG00000000746	34	63
ENSHBUG00000000747	0	0
ENSHBUG00000000748	1	7
ENSHBUG00000000749	0	0
ENSHBUG00000000750	0	0
ENSHBUG00000000751	0	0
ENSHBUG00000000752	3	47
ENSHBUG00000000753	0	0
ENSHBUG00000000754	0	0
ENSHBUG00000000755	0	0
ENSHBUG00000000756	280	310
ENSHBUG00000000757	0	0
ENSHBUG00000000758	0	0
ENSHBUG00000000759	0	0
ENSHBUG00000000760	1	46
ENSHBUG00000000761	0	0
ENSHBUG00000000762	0	0
ENSHBUG00000000763	1	2
ENSHBUG00000000764	0	0
ENSHBUG00000000765	0	0
ENSHBUG00000000766	7	14
ENSHBUG00000000767	0	0
ENSHBUG00000000768	0	0
ENSHBUG00000000769	4	43
ENSHBUG00000000770	2	9
ENSHBUG00000000771	1	15
ENSHBUG00000000772	0	0
ENSHBUG00000000773	0	0
ENSHBUG00000000774	2	5
ENSHBUG00000000775	0	0
ENSHBUG00000000776	0	0
ENSHBUG00000000777	183	185
ENSHBUG00000000778	1	8
ENSHBUG00000000779	0	0
ENSHBUG00000000780	1	37
ENSHBUG00000000781	0	0
ENSHBUG00000000782	0	0
ENSHBUG00000000783	76	92
ENSHBUG00000000784	0	0
ENSHBUG00000000785	0	0
ENSHBUG00000000786	0	0
ENSHBUG00000000787	0	0
ENSHBUG00000000788	0	0
ENSHBUG00000000789	1	10
ENSHBUG00000000790	0	0
ENSHBUG00000000791	0	0
ENSHBUG00000000792	0	0
ENSHBUG00000000793	2	46
ENSHBUG00000000794	0	0
ENSHBUG00000000795	0	0
ENSHBUG00000000796	3	42
ENSHBUG00000000797	1128	1170
ENSHBUG00000000798	0	0
ENSHBUG00000000799	0	0
ENSHBUG00000000800	1	14
ENSHBUG00000000801	2	25
ENSHBUG00000000802	0	0
ENSHBUG00000000803	60	107
ENSHBUG00000000804	0	0
ENSHBUG00000000805	0	0
ENSHBUG00000000806	0	0
ENSHBUG00000000807	1	29
ENSHBUG00000000808	2	34
ENSHBUG00000000809	320	329
ENSHBUG00000000810	0	0
ENSHBUG00000000811	3	21
ENSHBUG00000000812	0	0
ENSHBUG00000000813	1	49
ENSHBUG00000000814	0	0
ENSHBUG00000000815	0	0
ENSHBUG00000000816	1	9
ENSHBUG00000000817	0	0
ENSHBUG00000000818	32	46
ENSHBUG00000000819	0	0
ENSHBUG00000000820	0	0
ENSHBUG00000000821	7	30
ENSHBUG00000000822	0	0
ENSHBUG00000000823	1	27
ENSHBUG00000000824	11	30
ENSHBUG00000000825	0	0
ENSHBUG00000000826	10	48
ENSHBUG00000000827	0	0
ENSHBUG00000000828	0	0
ENSHBUG00000000829	3	41
ENSHBUG00000000830	0	0
ENSHBUG00000000831	15	57
ENSHBUG00000000832	0	0
ENSHBUG00000000833	93	102
ENSHBUG00000000834	0	0
ENSHBUG00000000835	0	0
ENSHBUG00000000836	0	0
ENSHBUG00000000837	1	20
ENSHBUG00000000838	0	0
ENSHBUG00000000839	0	0
ENSHBUG00000000840	11	13
ENSHBUG00000000841	1	27
ENSHBUG00000000842	0	0
ENSHBUG00000000843	0	0
ENSHBUG00000000844	0	0
ENSHBUG00000000845	0	0
ENSHBUG00000000846	1	5
ENSHBUG00000000847	0	0
ENSHBUG00000000848	2	32
ENSHBUG00000000849	0	0
ENSHBUG00000000850	0	0
ENSHBUG00000000851	2	14
ENSHBUG00000000852	2	20
ENSHBUG00000000853	0	0
ENSHBUG00000000854	6	30
ENSHBUG00000000855	0	0
ENSHBUG00000000856	1	36
ENSHBUG00000000857	49	55
ENSHBUG00000000858	1	25
ENSHBUG00000000859	2	50
ENSHBUG00000000860	0	0
ENSHBUG00000000861	1	15
ENSHBUG00000000862	0	0
ENSHBUG00000000863	1	40
ENSHBUG00000000864	6	18
ENSHBUG00000000865	68	75
ENSHBUG00000000866	2	41
ENSHBUG00000000867	0	0
ENSHBUG00000000868	15	17
ENSHBUG00000000869	0	0
ENSHBUG00000000870	0	0
ENSHBUG00000000871	5	13
ENSHBUG00000000872	7	34
ENSHBUG00000000873	0	0
ENSHBUG00000000874	0	0
ENSHBUG00000000875	119	120
ENSHBUG00000000876	4	29
ENSHBUG00000000877	0	0
ENSHBUG00000000878	0	0
ENSHBUG00000000879	0	0
ENSHBUG00000000880	0	0
ENSHBUG00000000881	0	0
ENSHBUG00000000882	85	97
ENSHBUG00000000883	3	9
ENSHBUG00000000884	1	5
ENSHBUG00000000885	2	22
ENSHBUG00000000886	2	31
ENSHBUG00000000887	3	50
ENSHBUG00000000888	0	0
ENSHBUG00000000889	6	27
ENSHBUG00000000890	0	0
ENSHBUG00000000891	1	17
ENSHBUG00000000892	1	30
ENSHBUG00000000893	1	41
ENSHBUG00000000894	0	0
ENSHBUG00000000895	1	37
ENSHBUG00000000896	1	12
ENSHBUG00000000897	0	0
ENSHBUG00000000898	1	27
ENSHBUG00000000899	1	47
ENSHBUG00000000900	1	9
ENSHBUG00000000901	0	0
ENSHBUG00000000902	0	0
ENSHBUG00000000903	0	0
ENSHBUG00000000904	2	5
ENSHBUG00000000905	0	0
ENSHBUG00000000906	2	25
ENSHBUG00000000907	141	170
ENSHBUG00000000908	9	55
ENSHBUG00000000909	1	4
ENSHBUG00000000910	0	0
ENSHBUG00000000911	2	14
ENSHBUG00000000912	9	49
ENSHBUG00000000913	4	7
ENSHBUG00000000914	0	0
ENSHBUG00000000915	2	40
ENSHBUG00000000916	0	0
ENSHBUG00000000917	0	0
ENSHBUG00000000918	137	145
ENSHBUG00000000919	0	0
ENSHBUG00000000920	372	404
ENSHBUG00000000921	0	0
ENSHBUG00000000922	1	34
ENSHBUG00000000923	0	0
ENSHBUG00000000924	0	0
ENSHBUG00000000925	1	31
ENSHBUG00000000926	0	0
ENSHBUG00000000927	0	0
ENSHBUG00000000928	0	0
ENSHBUG00000000929	0	0
ENSHBUG00000000930	10	24
ENSHBUG00000000931	9	41
ENSHBUG00000000932	16	53
ENSHBUG00000000933	0	0
ENSHBUG00000000934	4	51
ENSHBUG00000000935	0	0
ENSHBUG00000000936	0	0
ENSHBUG00000000937	1	9
ENSHBUG00000000938	4	40
ENSHBUG00000000939	7	44
ENSHBUG00000000940	0	0
ENSHBUG00000000941	0	0
ENSHBUG00000000942	1	48
ENSHBUG00000000943	0	0
ENSHBUG00000000944	0	0
ENSHBUG00000000945	0	0
ENSHBUG00000000946	0	0
ENSHBUG00000000947	1	26
ENSHBUG00000000948	7	19
ENSHBUG00000000949	0	0
ENSHBUG00000000950	0	0
ENSHBUG00000000951	2	40
ENSHBUG00000000952	0	0
ENSHBUG00000000953	0	0
ENSHBUG00000000954	2	37
ENSHBUG00000000955	22	55
ENSHBUG00000000956	13	19
ENSHBUG00000000957	5	33
ENSHBUG00000000958	0	0
ENSHBUG00000000959	3	21
ENSHBUG00000000960	0	0
ENSHBUG00000000961	0	0
ENSHBUG00000000962	0	0
ENSHBUG00000000963	10	40
ENSHBUG00000000964	329	375
ENSHBUG00000000965	0	0
ENSHBUG00000000966	0	0
ENSHBUG00000000967	0	0
ENSHBUG00000000968	0	0
ENSHBUG00000000969	0	0
ENSHBUG00000000970	0	0
ENSHBUG00000000971	0	0
ENSHBUG00000000972	0	0
ENSHBUG00000000973	0	0
ENSHBUG00000000974	20	52
ENSHBUG00000000975	3	36
ENSHBUG00000000976	2	3
ENSHBUG00000000977	0	0
ENSHBUG00000000978	0	0
ENSHBUG00000000979	2561	2594
ENSHBUG00000000980	1	38
ENSHBUG00000000981	6	8
ENSHBUG00000000982	0	0
ENSHBUG00000000983	39	79
ENSHBUG00000000984	776	816
ENSHBUG00000000985	0	0
ENSHBUG00000000986	2	47
ENSHBUG00000000987	10	49
ENSHBUG00000000988	1	31
ENSHBUG00000000989	17	29
ENSHBUG00000000990	2	32
ENSHBUG00000000991	0	0
ENSHBUG00000000992	7	44
ENSHBUG00000000993	2	33
ENSHBUG00000000994	0	0
ENSHBUG00000000995	0	0
ENSHBUG00000000996	4	12
ENSHBUG00000000997	0	0
ENSHBUG00000000998	0	0
ENSHBUG00000000999	0	0
ENSHBUG00000001000	0	0
ENSHBUG00000001001	1	22
ENSHBUG00000001002	1	45
ENSHBUG00000001003	6	12
ENSHBUG00000001004	1	5
ENSHBUG00000001005	0	0
ENSHBUG00000001006	2	20
ENSHBUG00000001007	0	0
ENSHBUG00000001008	0	0
ENSHBUG00000001009	0	0
ENSHBUG00000001010	11	19
ENSHBUG00000001011	0	0
ENSHBUG00000001012	0	0
ENSHBUG00000001013	0	0
ENSHBUG00000001014	0	0
ENSHBUG00000001015	0	0
ENSHBUG00000001016	0	0
ENSHBUG00000001017	2	5
ENSHBUG00000001018	4	43
ENSHBUG00000001019	2	46
ENSHBUG00000001020	0	0
ENSHBUG00000001021	0	0
ENSHBUG00000001022	0	0
ENSHBUG00000001023	0	0
ENSHBUG00000001024	67	92
ENSHBUG00000001025	0	0
ENSHBUG00000001026	40	57
ENSHBUG00000001027	0	0
ENSHBUG00000001028	423	432
ENSHBUG00000001029	2	22
ENSHBUG00000001030	5	47
ENSHBUG00000001031	92	96
ENSHBUG00000001032	0	0
ENSHBUG00000001033	7	16
ENSHBUG00000001034	1124	1148
ENSHBUG00000001035	0	0
ENSHBUG00000001036	1	48
ENSHBUG00000001037	0	0
ENSHBUG00000001038	1	35
ENSHBUG00000001039	0	0
ENSHBUG00000001040	0	0
ENSHBUG00000001041	1	40
ENSHBUG00000001042	11	45
ENSHBUG00000001043	156	182
ENSHBUG00000001044	5	45
ENSHBUG00000001045	14	58
ENSHBUG00000001046	0	0
ENSHBUG00000001047	0	0
ENSHBUG00000001048	0	0
ENSHBUG00000001049	4	25
ENSHBUG00000001050	0	0
ENSHBUG00000001051	3	20
ENSHBUG00000001052	0	0
ENSHBUG00000001053	0	0
ENSHBUG00000001054	0	0
ENSHBUG00000001055	0	0
ENSHBUG00000001056	0	0
ENSHBUG00000001057	0	0
ENSHBUG00000001058	0	0
ENSHBUG00000001059	0	0
ENSHBUG00000001060	2	44
ENSHBUG00000001061	0	0
ENSHBUG00000001062	0	0
ENSHBUG00000001063	75	118
ENSHBUG00000001064	0	0
ENSHBUG00000001065	157	164
ENSHBUG00000001066	1	6
ENSHBUG00000001067	30	56
ENSHBUG00000001068	0	0
ENSHBUG00000001069	15	23
ENSHBUG00000001070	0	0
ENSHBUG00000001071	74	108
ENSHBUG00000001072	0	0
ENSHBUG00000001073	225	254
ENSHBUG00000001074	0	0
ENSHBUG00000001075	0	0
ENSHBUG00000001076	0	0
ENSHBUG00000001077	11	23
ENSHBUG00000001078	0	0
ENSHBUG00000001079	0	0
ENSHBUG00000001080	0	0
ENSHBUG00000001081	2	26
ENSHBUG00000001082	0	0
ENSHBUG00000001083	0	0
ENSHBUG00000001084	0	0
ENSHBUG00000001085	0	0
ENSHBUG00000001086	1	34
ENSHBUG00000001087	0	0
ENSHBUG00000001088	1	41
ENSHBUG00000001089	252	276
ENSHBUG00000001090	3	43
ENSHBUG00000001091	0	0
ENSHBUG00000001092	7	48
ENSHBUG00000001093	0	0
ENSHBUG00000001094	0	0
ENSHBUG00000001095	0	0
ENSHBUG00000001096	0	0
ENSHBUG00000001097	0	0
ENSHBUG00000001098	3	26
ENSHBUG00000001099	0	0
ENSHBUG00000001100	1	45
ENSHBUG00000001101	0	0
ENSHBUG00000001102	3	16
ENSHBUG00000001103	234	237
ENSHBUG00000001104	0	0
ENSHBUG00000001105	0	0
ENSHBUG00000001106	0	0
ENSHBUG00000001107	2	4
ENSHBUG00000001108	0	0
ENSHBUG00000001109	0	0
ENSHBUG00000001110	0	0
ENSHBUG00000001111	0	0
ENSHBUG00000001112	0	0
ENSHBUG00000001113	8	32
ENSHBUG00000001114	1	17
ENSHBUG00000001115	0	0
ENSHBUG00000001116	398	422
ENSHBUG00000001117	1	42
ENSHBUG00000001118	1	48
ENSHBUG00000001119	0	0
ENSHBUG00000001120	0	0
ENSHBUG00000001121	1	16
ENSHBUG00000001122	0	0
ENSHBUG00000001123	4	43
ENSHBUG00000001124	1	42
ENSHBUG00000001125	764	771
ENSHBUG00000001126	0	0
ENSHBUG00000001127	0	0
ENSHBUG00000001128	0	0
ENSHBUG00000001129	2	35
ENSHBUG00000001130	0	0
ENSHBUG00000001131	0	0
ENSHBUG00000001132	1	31
ENSHBUG00000001133	0	0
ENSHBUG00000001134	0	0
ENSHBUG00000001135	55	91
ENSHBUG00000001136	0	0
ENSHBUG00000001137	1	46
ENSHBUG00000001138	0	0
ENSHBUG00000001139	0	0
ENSHBUG00000001140	91	107
ENSHBUG00000001141	0	0
ENSHBUG00000001142	0	0
ENSHBUG00000001143	2	17
ENSHBUG00000001144	0	0
ENSHBUG00000001145	4	28
ENSHBUG00000001146	0	0
ENSHBUG00000001147	0	0
ENSHBUG00000001148	1	15
ENSHBUG00000001149	58	95
ENSHBUG00000001150	0	0
ENSHBUG00000001151	0	0
ENSHBUG00000001152	0	0
ENSHBUG00000001153	0	0
ENSHBUG00000001154	0	0
ENSHBUG00000001155	370	372
ENSHBUG00000001156	0	0
ENSHBUG00000001157	0	0
ENSHBUG00000001158	0	0
ENSHBUG00000001159	1	20
ENSHBUG00000001160	0	0
ENSHBUG00000001161	0	0
ENSHBUG00000001162	1	38
ENSHBUG00000001163	0	0
ENSHBUG00000001164	2	24
ENSHBUG00000001165	28	30
ENSHBUG00000001166	0	0
ENSHBUG00000001167	2	37
ENSHBUG00000001168	4	9
ENSHBUG00000001169	0	0
ENSHBUG00000001170	0	0
ENSHBUG00000001171	1	26
ENSHBUG00000001172	2072	2075
ENSHBUG00000001173	0	0
ENSHBUG00000001174	0	0
ENSHBUG00000001175	47	58
ENSHBUG00000001176	0	0
ENSHBUG00000001177	0	0
ENSHBUG00000001178	214	237
ENSHBUG00000001179	24	33
ENSHBUG00000001180	0	0
ENSHBUG00000001181	0	0
ENSHBUG00000001182	1	43
ENSHBUG00000001183	2	45
ENSHBUG00000001184	0	0
ENSHBUG00000001185	65	93
ENSHBUG00000001186	0	0
ENSHBUG00000001187	0	0
ENSHBUG00000001188	505	524
ENSHBUG00000001189	0	0
ENSHBUG00000001190	0	0
ENSHBUG00000001191	0	0
ENSHBUG00000001192	17	19
ENSHBUG00000001193	0	0
ENSHBUG00000001194	0	0
ENSHBUG00000001195	0	0
ENSHBUG00000001196	11	43
ENSHBUG00000001197	0	0
ENSHBUG00000001198	0	0
ENSHBUG00000001199	0	0
ENSHBUG00000001200	6	9
ENSHBUG00000001201	1	48
ENSHBUG00000001202	0	0
ENSHBUG00000001203	0	0
ENSHBUG00000001204	1	16
ENSHBUG00000001205	0	0
ENSHBUG00000001206	0	0
ENSHBUG00000001207	0	0
ENSHBUG00000001208	0	0
ENSHBUG00000001209	0	0
ENSHBUG00000001210	276	310
ENSHBUG00000001211	6	31
ENSHBUG00000001212	1	44
ENSHBUG00000001213	0	0
ENSHBUG00000001214	0	0
ENSHBUG00000001215	0	0
ENSHBUG00000001216	0	0
ENSHBUG00000001217	1	46
ENSHBUG00000001218	2	34
ENSHBUG00000001219	0	0
ENSHBUG00000001220	0	0
ENSHBUG00000001221	2	17
ENSHBUG00000001222	0	0
ENSHBUG00000001223	2	8
ENSHBUG00000001224	0	0
ENSHBUG00000001225	3	12
ENSHBUG00000001226	0	0
ENSHBUG00000001227	705	707
ENSHBUG00000001228	0	0
ENSHBUG00000001229	0	0
ENSHBUG00000001230	0	0
ENSHBUG00000001231	0	0
ENSHBUG00000001232	46	66
ENSHBUG00000001233	150	165
ENSHBUG00000001234	1	41
ENSHBUG00000001235	121	146
ENSHBUG00000001236	2	18
ENSHBUG00000001237	0	0
ENSHBUG00000001238	9	37
ENSHBUG00000001239	6	28
ENSHBUG00000001240	4	15
ENSHBUG00000001241	0	0
ENSHBUG00000001242	0	0
ENSHBUG00000001243	0	0
ENSHBUG00000001244	0	0
ENSHBUG00000001245	1	24
ENSHBUG00000001246	0	0
ENSHBUG00000001247	1	26
ENSHBUG00000001248	3	24
ENSHBUG00000001249	1	17
ENSHBUG00000001250	0	0
ENSHBUG00000001251	8	28
ENSHBUG00000001252	0	0
ENSHBUG00000001253	0	0
ENSHBUG00000001254	2	31
ENSHBUG00000001255	0	0
ENSHBUG00000001256	0	0
ENSHBUG00000001257	1	4
ENSHBUG00000001258	0	0
ENSHBUG00000001259	4	12
ENSHBUG00000001260	0	0
ENSHBUG00000001261	0	0
ENSHBUG00000001262	2	33
ENSHBUG00000001263	0	0
ENSHBUG00000001264	0	0
ENSHBUG00000001265	2	29
ENSHBUG00000001266	0	0
ENSHBUG00000001267	362	407
ENSHBUG00000001268	0	0
ENSHBUG00000001269	0	0
ENSHBUG00000001270	0	0
ENSHBUG00000001271	1	49
ENSHBUG00000001272	0	0
ENSHBUG00000001273	0	0
ENSHBUG00000001274	8	13
ENSHBUG00000001275	0	0
ENSHBUG00000001276	636	643
ENSHBUG00000001277	0	0
ENSHBUG00000001278	0	0
ENSHBUG00000001279	0	0
ENSHBUG00000001280	0	0
ENSHBUG00000001281	0	0
ENSHBUG00000001282	0	0
ENSHBUG00000001283	0	0
ENSHBUG00000001284	5	38
ENSHBUG00000001285	0	0
ENSHBUG00000001286	0	0
ENSHBUG00000001287	0	0
ENSHBUG00000001288	0	0
ENSHBUG00000001289	0	0
ENSHBUG00000001290	1	26
ENSHBUG00000001291	3	24
ENSHBUG00000001292	0	0
ENSHBUG00000001293	1	45
ENSHBUG00000001294	2	34
ENSHBUG00000001295	1	6
ENSHBUG00000001296	0	0
ENSHBUG00000001297	1	26
ENSHBUG00000001298	3	38
ENSHBUG00000001299	0	0
ENSHBUG00000001300	0	0
ENSHBUG00000001301	0	0
ENSHBUG00000001302	1	29
ENSHBUG00000001303	0	0
ENSHBUG00000001304	0	0
ENSHBUG00000001305	1	46
ENSHBUG00000001306	2	49
ENSHBUG00000001307	0	0
ENSHBUG00000001308	0	0
ENSHBUG00000001309	0	0
ENSHBUG00000001310	1	19
ENSHBUG00000001311	0	0
ENSHBUG00000001312	0	0
ENSHBUG00000001313	0	0
ENSHBUG00000001314	0	0
ENSHBUG00000001315	1	24
ENSHBUG00000001316	0	0
ENSHBUG00000001317	0	0
ENSHBUG00000001318	0	0
ENSHBUG00000001319	0	0
ENSHBUG00000001320	1	40
ENSHBUG00000001321	0	0
ENSHBUG00000001322	25	63
ENSHBUG00000001323	1	31
ENSHBUG00000001324	3	15
ENSHBUG00000001325	0	0
ENSHBUG00000001326	529	570
ENSHBUG00000001327	0	0
ENSHBUG00000001328	0	0
ENSHBUG00000001329	1	48
ENSHBUG00000001330	5	8
ENSHBUG00000001331	0	0
ENSHBUG00000001332	0	0
ENSHBUG00000001333	0	0
ENSHBUG00000001334	1	22
ENSHBUG00000001335	2	5
ENSHBUG00000001336	1	43
ENSHBUG00000001337	0	0
ENSHBUG00000001338	0	0
ENSHBUG00000001339	5	10
ENSHBUG00000001340	0	0
ENSHBUG00000001341	5	9
ENSHBUG00000001342	2	18
ENSHBUG00000001343	2	18
ENSHBUG00000001344	0	0
ENSHBUG00000001345	4	43
ENSHBUG00000001346	0	0
ENSHBUG00000001347	126	147
ENSHBUG00000001348	0	0
ENSHBUG00000001349	0	0
ENSHBUG00000001350	3	27
ENSHBUG00000001351	0	0
ENSHBUG00000001352	6	22
ENSHBUG00000001353	1212	1221
ENSHBUG00000001354	43	66
ENSHBUG00000001355	0	0
ENSHBUG00000001356	0	0
ENSHBUG00000001357	38	40
ENSHBUG00000001358	0	0
ENSHBUG00000001359	3	14
ENSHBUG00000001360	9	17
ENSHBUG00000001361	0	0
ENSHBUG00000001362	0	0
ENSHBUG00000001363	0	0
ENSHBUG00000001364	5	35
ENSHBUG00000001365	0	0
ENSHBUG00000001366	6	51
ENSHBUG00000001367	0	0
ENSHBUG00000001368	1	24
ENSHBUG00000001369	0	0
ENSHBUG00000001370	2	6
ENSHBUG00000001371	8	48
ENSHBUG00000001372	1	32
ENSHBUG00000001373	0	0
ENSHBUG00000001374	4	50
ENSHBUG00000001375	22	69
ENSHBUG00000001376	0	0
ENSHBUG00000001377	10	18
ENSHBUG00000001378	0	0
ENSHBUG00000001379	0	0
ENSHBUG00000001380	5	7
ENSHBUG00000001381	4	28
ENSHBUG00000001382	2	49
ENSHBUG00000001383	1	26
ENSHBUG00000001384	0	0
ENSHBUG00000001385	0	0
ENSHBUG00000001386	1	10
ENSHBUG00000001387	0	0
ENSHBUG00000001388	174	203
ENSHBUG00000001389	0	0
ENSHBUG00000001390	25	72
ENSHBUG00000001391	0	0
ENSHBUG00000001392	0	0
ENSHBUG00000001393	156	169
ENSHBUG00000001394	53	93
ENSHBUG00000001395	0	0
ENSHBUG00000001396	0	0
ENSHBUG00000001397	0	0
ENSHBUG00000001398	0	0
ENSHBUG00000001399	4	16
ENSHBUG00000001400	1	41
ENSHBUG00000001401	0	0
ENSHBUG00000001402	0	0
ENSHBUG00000001403	0	0
ENSHBUG00000001404	4	16
ENSHBUG00000001405	3	42
ENSHBUG00000001406	0	0
ENSHBUG00000001407	0	0
ENSHBUG00000001408	0	0
ENSHBUG00000001409	0	0
ENSHBUG00000001410	4	19
ENSHBUG00000001411	0	0
ENSHBUG00000001412	0	0
ENSHBUG00000001413	3	41
ENSHBUG00000001414	1	31
ENSHBUG00000001415	3	17
ENSHBUG00000001416	1164	1207
ENSHBUG00000001417	0	0
ENSHBUG00000001418	31	40
ENSHBUG00000001419	1	7
ENSHBUG00000001420	8	34
ENSHBUG00000001421	7	12
ENSHBUG00000001422	5	17
ENSHBUG00000001423	56	86
ENSHBUG00000001424	1	6
ENSHBUG00000001425	13	55
ENSHBUG00000001426	0	0
ENSHBUG00000001427	0	0
ENSHBUG00000001428	0	0
ENSHBUG00000001429	1	24
ENSHBUG00000001430	0	0
ENSHBUG00000001431	2	7
ENSHBUG00000001432	3	23
ENSHBUG00000001433	10	23
ENSHBUG00000001434	69	113
ENSHBUG00000001435	0	0
ENSHBUG00000001436	3	9
ENSHBUG00000001437	5	23
ENSHBUG00000001438	0	0
ENSHBUG00000001439	0	0
ENSHBUG00000001440	1	35
ENSHBUG00000001441	0	0
ENSHBUG00000001442	0	0
ENSHBUG00000001443	4	10
ENSHBUG00000001444	0	0
ENSHBUG00000001445	1	42
ENSHBUG00000001446	0	0
ENSHBUG00000001447	0	0
ENSHBUG00000001448	1	34
ENSHBUG00000001449	0	0
ENSHBUG00000001450	3	39
ENSHBUG00000001451	115	138
ENSHBUG00000001452	0	0
ENSHBUG00000001453	2	9
ENSHBUG00000001454	0	0
ENSHBUG00000001455	0	0
ENSHBUG00000001456	13	60
ENSHBUG00000001457	12	47
ENSHBUG00000001458	0	0
ENSHBUG00000001459	0	0
ENSHBUG00000001460	2	43
ENSHBUG00000001461	0	0
ENSHBUG00000001462	0	0
ENSHBUG00000001463	0	0
ENSHBUG00000001464	0	0
ENSHBUG00000001465	0	0
ENSHBUG00000001466	0	0
ENSHBUG00000001467	0	0
ENSHBUG00000001468	0	0
ENSHBUG00000001469	0	0
ENSHBUG00000001470	0	0
ENSHBUG00000001471	0	0
ENSHBUG00000001472	0	0
ENSHBUG00000001473	1	17
ENSHBUG00000001474	16	57
ENSHBUG00000001475	1	44
ENSHBUG00000001476	0	0
ENSHBUG00000001477	1	13
ENSHBUG00000001478	0	0
ENSHBUG00000001479	8	13
ENSHBUG00000001480	0	0
ENSHBUG00000001481	9	32
ENSHBUG00000001482	0	0
ENSHBUG00000001483	0	0
ENSHBUG00000001484	0	0
ENSHBUG00000001485	0	0
ENSHBUG00000001486	0	0
ENSHBUG00000001487	0	0
ENSHBUG00000001488	0	0
ENSHBUG00000001489	0	0
ENSHBUG00000001490	1	24
ENSHBUG00000001491	5	18
ENSHBUG00000001492	1	7
ENSHBUG00000001493	0	0
ENSHBUG00000001494	0	0
ENSHBUG00000001495	0	0
ENSHBUG00000001496	0	0
ENSHBUG00000001497	0	0
ENSHBUG00000001498	0	0
ENSHBUG00000001499	0	0
ENSHBUG00000001500	0	0
ENSHBUG00000001501	2	12
ENSHBUG00000001502	2	8
ENSHBUG00000001503	45	90
ENSHBUG00000001504	0	0
ENSHBUG00000001505	1	16
ENSHBUG00000001506	18	23
ENSHBUG00000001507	0	0
ENSHBUG00000001508	0	0
ENSHBUG00000001509	8	34
ENSHBUG00000001510	0	0
ENSHBUG00000001511	8	47
ENSHBUG00000001512	0	0
ENSHBUG00000001513	3	40
ENSHBUG00000001514	0	0
ENSHBUG00000001515	0	0
ENSHBUG00000001516	0	0
ENSHBUG00000001517	4	5
ENSHBUG00000001518	0	0
ENSHBUG00000001519	0	0
ENSHBUG00000001520	2	31
ENSHBUG00000001521	0	0
ENSHBUG00000001522	0	0
ENSHBUG00000001523	33	77
ENSHBUG00000001524	4	49
ENSHBUG00000001525	1	15
ENSHBUG00000001526	3	39
ENSHBUG00000001527	0	0
ENSHBUG00000001528	2	21
ENSHBUG00000001529	3	47
ENSHBUG00000001530	1	7
ENSHBUG00000001531	0	0
ENSHBUG00000001532	0	0
ENSHBUG00000001533	0	0
ENSHBUG00000001534	7	48
ENSHBUG00000001535	5	19
ENSHBUG00000001536	0	0
ENSHBUG00000001537	0	0
ENSHBUG00000001538	2	19
ENSHBUG00000001539	0	0
ENSHBUG00000001540	2	8
ENSHBUG00000001541	1	5
ENSHBUG00000001542	0	0
ENSHBUG00000001543	1	39
ENSHBUG00000001544	6	26
ENSHBUG00000001545	1	18
ENSHBUG00000001546	0	0
ENSHBUG00000001547	0	0
ENSHBUG00000001548	6	7
ENSHBUG00000001549	0	0
ENSHBUG00000001550	1	32
ENSHBUG00000001551	0	0
ENSHBUG00000001552	0	0
ENSHBUG00000001553	0	0
ENSHBUG00000001554	0	0
ENSHBUG00000001555	0	0
ENSHBUG00000001556	6	44
ENSHBUG00000001557	0	0
ENSHBUG00000001558	886	917
ENSHBUG00000001559	0	0
ENSHBUG00000001560	0	0
ENSHBUG00000001561	0	0
ENSHBUG00000001562	2	12
ENSHBUG00000001563	0	0
ENSHBUG00000001564	0	0
ENSHBUG00000001565	0	0
ENSHBUG00000001566	0	0
ENSHBUG00000001567	0	0
ENSHBUG00000001568	0	0
ENSHBUG00000001569	0	0
ENSHBUG00000001570	0	0
ENSHBUG00000001571	1	29
ENSHBUG00000001572	0	0
ENSHBUG00000001573	0	0
ENSHBUG00000001574	0	0
ENSHBUG00000001575	4	37
ENSHBUG00000001576	0	0
ENSHBUG00000001577	7	41
ENSHBUG00000001578	0	0
ENSHBUG00000001579	0	0
ENSHBUG00000001580	0	0
ENSHBUG00000001581	0	0
ENSHBUG00000001582	0	0
ENSHBUG00000001583	0	0
ENSHBUG00000001584	0	0
ENSHBUG00000001585	1	18
ENSHBUG00000001586	34	41
ENSHBUG00000001587	1	16
ENSHBUG00000001588	4	25
ENSHBUG00000001589	1	4
ENSHBUG00000001590	0	0
ENSHBUG00000001591	2	11
ENSHBUG00000001592	187	215
ENSHBUG00000001593	4	29
ENSHBUG00000001594	0	0
ENSHBUG00000001595	5	28
ENSHBUG00000001596	1	5
ENSHBUG00000001597	1	25
ENSHBUG00000001598	4847	4853
ENSHBUG00000001599	0	0
ENSHBUG00000001600	34	45
ENSHBUG00000001601	205	214
ENSHBUG00000001602	0	0
ENSHBUG00000001603	0	0
ENSHBUG00000001604	6	26
ENSHBUG00000001605	0	0
ENSHBUG00000001606	156	164
ENSHBUG00000001607	4	24
ENSHBUG00000001608	0	0
ENSHBUG00000001609	3	32
ENSHBUG00000001610	0	0
ENSHBUG00000001611	1	46
ENSHBUG00000001612	0	0
ENSHBUG00000001613	6	8
ENSHBUG00000001614	5	45
ENSHBUG00000001615	3	42
ENSHBUG00000001616	0	0
ENSHBUG00000001617	0	0
ENSHBUG00000001618	0	0
ENSHBUG00000001619	0	0
ENSHBUG00000001620	1	42
ENSHBUG00000001621	2	41
ENSHBUG00000001622	0	0
ENSHBUG00000001623	1	37
ENSHBUG00000001624	0	0
ENSHBUG00000001625	3	17
ENSHBUG00000001626	0	0
ENSHBUG00000001627	0	0
ENSHBUG00000001628	437	458
ENSHBUG00000001629	0	0
ENSHBUG00000001630	0	0
ENSHBUG00000001631	0	0
ENSHBUG00000001632	15	21
ENSHBUG00000001633	0	0
ENSHBUG00000001634	2	7
ENSHBUG00000001635	0	0
ENSHBUG00000001636	0	0
ENSHBUG00000001637	1	46
ENSHBUG00000001638	0	0
ENSHBUG00000001639	1	33
ENSHBUG00000001640	0	0
ENSHBUG00000001641	0	0
ENSHBUG00000001642	0	0
ENSHBUG00000001643	0	0
ENSHBUG00000001644	0	0
ENSHBUG00000001645	2	50
ENSHBUG00000001646	0	0
ENSHBUG00000001647	16	45
ENSHBUG00000001648	7	19
ENSHBUG00000001649	0	0
ENSHBUG00000001650	5	23
ENSHBUG00000001651	1	43
ENSHBUG00000001652	0	0
ENSHBUG00000001653	151	193
ENSHBUG00000001654	0	0
ENSHBUG00000001655	1	14
ENSHBUG00000001656	0	0
ENSHBUG00000001657	0	0
ENSHBUG00000001658	1	49
ENSHBUG00000001659	3	22
ENSHBUG00000001660	0	0
ENSHBUG00000001661	1	21
ENSHBUG00000001662	0	0
ENSHBUG00000001663	1	7
ENSHBUG00000001664	0	0
ENSHBUG00000001665	0	0
ENSHBUG00000001666	0	0
ENSHBUG00000001667	0	0
ENSHBUG00000001668	0	0
ENSHBUG00000001669	2	11
ENSHBUG00000001670	5	17
ENSHBUG00000001671	0	0
ENSHBUG00000001672	0	0
ENSHBUG00000001673	9	28
ENSHBUG00000001674	0	0
ENSHBUG00000001675	638	650
ENSHBUG00000001676	3	15
ENSHBUG00000001677	1	44
ENSHBUG00000001678	0	0
ENSHBUG00000001679	0	0
ENSHBUG00000001680	1	11
ENSHBUG00000001681	0	0
ENSHBUG00000001682	0	0
ENSHBUG00000001683	1	38
ENSHBUG00000001684	137	172
ENSHBUG00000001685	18	56
ENSHBUG00000001686	0	0
ENSHBUG00000001687	0	0
ENSHBUG00000001688	1	31
ENSHBUG00000001689	0	0
ENSHBUG00000001690	2	8
ENSHBUG00000001691	11	35
ENSHBUG00000001692	0	0
ENSHBUG00000001693	0	0
ENSHBUG00000001694	2	31
ENSHBUG00000001695	2	28
ENSHBUG00000001696	14	51
ENSHBUG00000001697	241	264
ENSHBUG00000001698	0	0
ENSHBUG00000001699	0	0
ENSHBUG00000001700	5	12
ENSHBUG00000001701	0	0
ENSHBUG00000001702	0	0
ENSHBUG00000001703	0	0
ENSHBUG00000001704	1	5
ENSHBUG00000001705	3	36
ENSHBUG00000001706	1	43
ENSHBUG00000001707	0	0
ENSHBUG00000001708	1	38
ENSHBUG00000001709	4	23
ENSHBUG00000001710	0	0
ENSHBUG00000001711	0	0
ENSHBUG00000001712	0	0
ENSHBUG00000001713	0	0
ENSHBUG00000001714	0	0
ENSHBUG00000001715	0	0
ENSHBUG00000001716	0	0
ENSHBUG00000001717	0	0
ENSHBUG00000001718	0	0
ENSHBUG00000001719	0	0
ENSHBUG00000001720	6	35
ENSHBUG00000001721	0	0
ENSHBUG00000001722	0	0
ENSHBUG00000001723	1	35
ENSHBUG00000001724	4	25
ENSHBUG00000001725	3	27
ENSHBUG00000001726	2	30
ENSHBUG00000001727	0	0
ENSHBUG00000001728	0	0
ENSHBUG00000001729	2	43
ENSHBUG00000001730	31	60
ENSHBUG00000001731	0	0
ENSHBUG00000001732	0	0
ENSHBUG00000001733	0	0
ENSHBUG00000001734	1	46
ENSHBUG00000001735	0	0
ENSHBUG00000001736	1	24
ENSHBUG00000001737	4	6
ENSHBUG00000001738	2	14
ENSHBUG00000001739	1	20
ENSHBUG00000001740	0	0
ENSHBUG00000001741	0	0
ENSHBUG00000001742	26	39
ENSHBUG00000001743	3	19
ENSHBUG00000001744	0	0
ENSHBUG00000001745	0	0
ENSHBUG00000001746	2	11
ENSHBUG00000001747	1	37
ENSHBUG00000001748	4	21
ENSHBUG00000001749	0	0
ENSHBUG00000001750	0	0
ENSHBUG00000001751	4	30
ENSHBUG00000001752	5	31
ENSHBUG00000001753	6	7
ENSHBUG00000001754	0	0
ENSHBUG00000001755	0	0
ENSHBUG00000001756	0	0
ENSHBUG00000001757	0	0
ENSHBUG00000001758	0	0
ENSHBUG00000001759	5	19
ENSHBUG00000001760	1	5
ENSHBUG00000001761	0	0
ENSHBUG00000001762	0	0
ENSHBUG00000001763	0	0
ENSHBUG00000001764	0	0
ENSHBUG00000001765	0	0
ENSHBUG00000001766	9	38
ENSHBUG00000001767	1	47
ENSHBUG00000001768	4	52
ENSHBUG00000001769	1	13
ENSHBUG00000001770	1	28
ENSHBUG00000001771	0	0
ENSHBUG00000001772	0	0
ENSHBUG00000001773	282	322
ENSHBUG00000001774	0	0
ENSHBUG00000001775	0	0
ENSHBUG00000001776	0	0
ENSHBUG00000001777	1	44
ENSHBUG00000001778	1	47
ENSHBUG00000001779	1	40
ENSHBUG00000001780	4	35
ENSHBUG00000001781	0	0
ENSHBUG00000001782	225	242
ENSHBUG00000001783	1	37
ENSHBUG00000001784	1	14
ENSHBUG00000001785	1	41
ENSHBUG00000001786	52	64
ENSHBUG00000001787	0	0
ENSHBUG00000001788	17	28
ENSHBUG00000001789	0	0
ENSHBUG00000001790	0	0
ENSHBUG00000001791	0	0
ENSHBUG00000001792	7	54
ENSHBUG00000001793	1	23
ENSHBUG00000001794	0	0
ENSHBUG00000001795	3	29
ENSHBUG00000001796	0	0
ENSHBUG00000001797	0	0
ENSHBUG00000001798	0	0
ENSHBUG00000001799	0	0
ENSHBUG00000001800	0	0
ENSHBUG00000001801	2	42
ENSHBUG00000001802	1	49
ENSHBUG00000001803	0	0
ENSHBUG00000001804	0	0
ENSHBUG00000001805	0	0
ENSHBUG00000001806	1	47
ENSHBUG00000001807	0	0
ENSHBUG00000001808	0	0
ENSHBUG00000001809	0	0
ENSHBUG00000001810	7	33
ENSHBUG00000001811	1	48
ENSHBUG00000001812	73	104
ENSHBUG00000001813	0	0
ENSHBUG00000001814	2	47
ENSHBUG00000001815	0	0
ENSHBUG00000001816	2	41
ENSHBUG00000001817	0	0
ENSHBUG00000001818	0	0
ENSHBUG00000001819	0	0
ENSHBUG00000001820	259	260
ENSHBUG00000001821	0	0
ENSHBUG00000001822	1	25
ENSHBUG00000001823	0	0
ENSHBUG00000001824	13	25
ENSHBUG00000001825	0	0
ENSHBUG00000001826	0	0
ENSHBUG00000001827	1	4
ENSHBUG00000001828	0	0
ENSHBUG00000001829	0	0
ENSHBUG00000001830	0	0
ENSHBUG00000001831	0	0
ENSHBUG00000001832	0	0
ENSHBUG00000001833	20	34
ENSHBUG00000001834	0	0
ENSHBUG00000001835	0	0
ENSHBUG00000001836	295	324
ENSHBUG00000001837	49	95
ENSHBUG00000001838	0	0
ENSHBUG00000001839	1	20
ENSHBUG00000001840	0	0
ENSHBUG00000001841	0	0
ENSHBUG00000001842	6	20
ENSHBUG00000001843	0	0
ENSHBUG00000001844	1	7
ENSHBUG00000001845	0	0
ENSHBUG00000001846	0	0
ENSHBUG00000001847	0	0
ENSHBUG00000001848	0	0
ENSHBUG00000001849	43	60
ENSHBUG00000001850	0	0
ENSHBUG00000001851	1	47
ENSHBUG00000001852	9	29
ENSHBUG00000001853	0	0
ENSHBUG00000001854	28	43
ENSHBUG00000001855	0	0
ENSHBUG00000001856	2	6
ENSHBUG00000001857	0	0
ENSHBUG00000001858	0	0
ENSHBUG00000001859	0	0
ENSHBUG00000001860	19	26
ENSHBUG00000001861	0	0
ENSHBUG00000001862	0	0
ENSHBUG00000001863	2	28
ENSHBUG00000001864	0	0
ENSHBUG00000001865	1	19
ENSHBUG00000001866	3	11
ENSHBUG00000001867	0	0
ENSHBUG00000001868	0	0
ENSHBUG00000001869	3	23
ENSHBUG00000001870	1	18
ENSHBUG00000001871	0	0
ENSHBUG00000001872	0	0
ENSHBUG00000001873	1	46
ENSHBUG00000001874	0	0
ENSHBUG00000001875	0	0
ENSHBUG00000001876	0	0
ENSHBUG00000001877	2	9
ENSHBUG00000001878	0	0
ENSHBUG00000001879	1	21
ENSHBUG00000001880	0	0
ENSHBUG00000001881	1	48
ENSHBUG00000001882	0	0
ENSHBUG00000001883	2	41
ENSHBUG00000001884	1	2
ENSHBUG00000001885	0	0
ENSHBUG00000001886	109	114
ENSHBUG00000001887	0	0
ENSHBUG00000001888	0	0
ENSHBUG00000001889	1	37
ENSHBUG00000001890	1	48
ENSHBUG00000001891	0	0
ENSHBUG00000001892	0	0
ENSHBUG00000001893	0	0
ENSHBUG00000001894	0	0
ENSHBUG00000001895	0	0
ENSHBUG00000001896	0	0
ENSHBUG00000001897	7	27
ENSHBUG00000001898	0	0
ENSHBUG00000001899	0	0
ENSHBUG00000001900	0	0
ENSHBUG00000001901	2	27
ENSHBUG00000001902	652	659
ENSHBUG00000001903	0	0
ENSHBUG00000001904	1	37
ENSHBUG00000001905	0	0
ENSHBUG00000001906	0	0
ENSHBUG00000001907	0	0
ENSHBUG00000001908	0	0
ENSHBUG00000001909	25	56
ENSHBUG00000001910	0	0
ENSHBUG00000001911	97	103
ENSHBUG00000001912	6	19
ENSHBUG00000001913	0	0
ENSHBUG00000001914	28	52
ENSHBUG00000001915	86	116
ENSHBUG00000001916	0	0
ENSHBUG00000001917	196	232
ENSHBUG00000001918	2	7
ENSHBUG00000001919	275	283
ENSHBUG00000001920	0	0
ENSHBUG00000001921	3	30
ENSHBUG00000001922	4	35
ENSHBUG00000001923	0	0
ENSHBUG00000001924	1	5
ENSHBUG00000001925	351	360
ENSHBUG00000001926	2	20
ENSHBUG00000001927	0	0
ENSHBUG00000001928	0	0
ENSHBUG00000001929	0	0
ENSHBUG00000001930	4	48
ENSHBUG00000001931	0	0
ENSHBUG00000001932	20	23
ENSHBUG00000001933	0	0
ENSHBUG00000001934	251	262
ENSHBUG00000001935	3	14
ENSHBUG00000001936	2	43
ENSHBUG00000001937	0	0
ENSHBUG00000001938	55	90
ENSHBUG00000001939	3	19
ENSHBUG00000001940	14	39
ENSHBUG00000001941	3	6
ENSHBUG00000001942	12	18
ENSHBUG00000001943	0	0
ENSHBUG00000001944	2	20
ENSHBUG00000001945	2	38
ENSHBUG00000001946	0	0
ENSHBUG00000001947	1	22
ENSHBUG00000001948	1877	1909
ENSHBUG00000001949	0	0
ENSHBUG00000001950	0	0
ENSHBUG00000001951	0	0
ENSHBUG00000001952	1	26
ENSHBUG00000001953	0	0
ENSHBUG00000001954	1753	1772
ENSHBUG00000001955	1	39
ENSHBUG00000001956	0	0
ENSHBUG00000001957	0	0
ENSHBUG00000001958	0	0
ENSHBUG00000001959	1	18
ENSHBUG00000001960	2	4
ENSHBUG00000001961	1	47
ENSHBUG00000001962	0	0
ENSHBUG00000001963	0	0
ENSHBUG00000001964	0	0
ENSHBUG00000001965	3	8
ENSHBUG00000001966	0	0
ENSHBUG00000001967	5	45
ENSHBUG00000001968	0	0
ENSHBUG00000001969	0	0
ENSHBUG00000001970	2	43
ENSHBUG00000001971	1	23
ENSHBUG00000001972	18	40
ENSHBUG00000001973	10	11
ENSHBUG00000001974	7	54
ENSHBUG00000001975	57	61
ENSHBUG00000001976	0	0
ENSHBUG00000001977	534	573
ENSHBUG00000001978	0	0
ENSHBUG00000001979	4	43
ENSHBUG00000001980	0	0
ENSHBUG00000001981	8	18
ENSHBUG00000001982	3	38
ENSHBUG00000001983	0	0
ENSHBUG00000001984	0	0
ENSHBUG00000001985	0	0
ENSHBUG00000001986	3	18
ENSHBUG00000001987	0	0
ENSHBUG00000001988	0	0
ENSHBUG00000001989	6	38
ENSHBUG00000001990	0	0
ENSHBUG00000001991	13	37
ENSHBUG00000001992	0	0
ENSHBUG00000001993	1	41
ENSHBUG00000001994	0	0
ENSHBUG00000001995	0	0
ENSHBUG00000001996	0	0
ENSHBUG00000001997	220	230
ENSHBUG00000001998	3	45
ENSHBUG00000001999	3	17
ENSHBUG00000002000	11	28
ENSHBUG00000002001	1	47
ENSHBUG00000002002	1	9
ENSHBUG00000002003	0	0
ENSHBUG00000002004	4	22
ENSHBUG00000002005	0	0
ENSHBUG00000002006	7	40
ENSHBUG00000002007	0	0
ENSHBUG00000002008	1	48
ENSHBUG00000002009	0	0
ENSHBUG00000002010	0	0
ENSHBUG00000002011	8	30
ENSHBUG00000002012	0	0
ENSHBUG00000002013	0	0
ENSHBUG00000002014	0	0
ENSHBUG00000002015	0	0
ENSHBUG00000002016	5	41
ENSHBUG00000002017	0	0
ENSHBUG00000002018	49	69
ENSHBUG00000002019	0	0
ENSHBUG00000002020	1	18
ENSHBUG00000002021	0	0
ENSHBUG00000002022	0	0
ENSHBUG00000002023	0	0
ENSHBUG00000002024	1	18
ENSHBUG00000002025	0	0
ENSHBUG00000002026	0	0
ENSHBUG00000002027	0	0
ENSHBUG00000002028	0	0
ENSHBUG00000002029	0	0
ENSHBUG00000002030	0	0
ENSHBUG00000002031	0	0
ENSHBUG00000002032	0	0
ENSHBUG00000002033	0	0
ENSHBUG00000002034	0	0
ENSHBUG00000002035	0	0
ENSHBUG00000002036	369	393
ENSHBUG00000002037	0	0
ENSHBUG00000002038	0	0
ENSHBUG00000002039	0	0
ENSHBUG00000002040	1	49
ENSHBUG00000002041	3	7
ENSHBUG00000002042	0	0
ENSHBUG00000002043	2	26
ENSHBUG00000002044	2516	2533
ENSHBUG00000002045	0	0
ENSHBUG00000002046	0	0
ENSHBUG00000002047	0	0
ENSHBUG00000002048	3	45
ENSHBUG00000002049	6	47
ENSHBUG00000002050	0	0
ENSHBUG00000002051	0	0
ENSHBUG00000002052	1	23
ENSHBUG00000002053	1	22
ENSHBUG00000002054	1	32
ENSHBUG00000002055	0	0
ENSHBUG00000002056	0	0
ENSHBUG00000002057	0	0
ENSHBUG00000002058	16	44
ENSHBUG00000002059	0	0
ENSHBUG00000002060	0	0
ENSHBUG00000002061	0	0
ENSHBUG00000002062	7	17
ENSHBUG00000002063	0	0
ENSHBUG00000002064	1	24
ENSHBUG00000002065	0	0
ENSHBUG00000002066	25	68
ENSHBUG00000002067	4	13
ENSHBUG00000002068	1	6
ENSHBUG00000002069	0	0
ENSHBUG00000002070	0	0
ENSHBUG00000002071	0	0
ENSHBUG00000002072	1	38
ENSHBUG00000002073	199	225
ENSHBUG00000002074	2	18
ENSHBUG00000002075	74	99
ENSHBUG00000002076	2	41
ENSHBUG00000002077	3	34
ENSHBUG00000002078	0	0
ENSHBUG00000002079	8	9
ENSHBUG00000002080	3	17
ENSHBUG00000002081	5	32
ENSHBUG00000002082	3	37
ENSHBUG00000002083	0	0
ENSHBUG00000002084	0	0
ENSHBUG00000002085	11831	11853
ENSHBUG00000002086	0	0
ENSHBUG00000002087	1	4
ENSHBUG00000002088	1	32
ENSHBUG00000002089	0	0
ENSHBUG00000002090	0	0
ENSHBUG00000002091	2	46
ENSHBUG00000002092	0	0
ENSHBUG00000002093	0	0
ENSHBUG00000002094	90	97
ENSHBUG00000002095	1	7
ENSHBUG00000002096	0	0
ENSHBUG00000002097	0	0
ENSHBUG00000002098	19	50
ENSHBUG00000002099	2	22
ENSHBUG00000002100	77	124
ENSHBUG00000002101	9	22
ENSHBUG00000002102	0	0
ENSHBUG00000002103	0	0
ENSHBUG00000002104	0	0
ENSHBUG00000002105	1	28
ENSHBUG00000002106	0	0
ENSHBUG00000002107	10	20
ENSHBUG00000002108	5	12
ENSHBUG00000002109	0	0
ENSHBUG00000002110	0	0
ENSHBUG00000002111	2	40
ENSHBUG00000002112	15	18
ENSHBUG00000002113	0	0
ENSHBUG00000002114	3	32
ENSHBUG00000002115	2	12
ENSHBUG00000002116	2	10
ENSHBUG00000002117	3	45
ENSHBUG00000002118	2	42
ENSHBUG00000002119	0	0
ENSHBUG00000002120	437	479
ENSHBUG00000002121	0	0
ENSHBUG00000002122	0	0
ENSHBUG00000002123	2	43
ENSHBUG00000002124	0	0
ENSHBUG00000002125	3	38
ENSHBUG00000002126	6	20
ENSHBUG00000002127	5	48
ENSHBUG00000002128	0	0
ENSHBUG00000002129	0	0
ENSHBUG00000002130	1	30
ENSHBUG00000002131	23	49
ENSHBUG00000002132	1	31
ENSHBUG00000002133	0	0
ENSHBUG00000002134	1	46
ENSHBUG00000002135	5	21
ENSHBUG00000002136	0	0
ENSHBUG00000002137	0	0
ENSHBUG00000002138	0	0
ENSHBUG00000002139	0	0
ENSHBUG00000002140	0	0
ENSHBUG00000002141	0	0
ENSHBUG00000002142	31	40
ENSHBUG00000002143	0	0
ENSHBUG00000002144	0	0
ENSHBUG00000002145	79	86
ENSHBUG00000002146	11	57
ENSHBUG00000002147	0	0
ENSHBUG00000002148	1	47
ENSHBUG00000002149	1	15
ENSHBUG00000002150	0	0
ENSHBUG00000002151	0	0
ENSHBUG00000002152	0	0
ENSHBUG00000002153	37	74
ENSHBUG00000002154	0	0
ENSHBUG00000002155	0	0
ENSHBUG00000002156	3	34
ENSHBUG00000002157	4	14
ENSHBUG00000002158	1	31
ENSHBUG00000002159	0	0
ENSHBUG00000002160	0	0
ENSHBUG00000002161	0	0
ENSHBUG00000002162	0	0
ENSHBUG00000002163	0	0
ENSHBUG00000002164	6	11
ENSHBUG00000002165	0	0
ENSHBUG00000002166	4	24
ENSHBUG00000002167	0	0
ENSHBUG00000002168	2	28
ENSHBUG00000002169	1	32
ENSHBUG00000002170	5	30
ENSHBUG00000002171	0	0
ENSHBUG00000002172	0	0
ENSHBUG00000002173	0	0
ENSHBUG00000002174	1	20
ENSHBUG00000002175	51	85
ENSHBUG00000002176	6	29
ENSHBUG00000002177	0	0
ENSHBUG00000002178	0	0
ENSHBUG00000002179	7	48
ENSHBUG00000002180	2	30
ENSHBUG00000002181	0	0
ENSHBUG00000002182	0	0
ENSHBUG00000002183	0	0
ENSHBUG00000002184	3	37
ENSHBUG00000002185	0	0
ENSHBUG00000002186	6	16
ENSHBUG00000002187	1104	1151
ENSHBUG00000002188	1	32
ENSHBUG00000002189	2	7
ENSHBUG00000002190	2	20
ENSHBUG00000002191	0	0
ENSHBUG00000002192	0	0
ENSHBUG00000002193	0	0
ENSHBUG00000002194	1	23
ENSHBUG00000002195	0	0
ENSHBUG00000002196	5	10
ENSHBUG00000002197	276	296
ENSHBUG00000002198	0	0
ENSHBUG00000002199	1	27
ENSHBUG00000002200	0	0
ENSHBUG00000002201	1	3
ENSHBUG00000002202	7	15
ENSHBUG00000002203	4	36
ENSHBUG00000002204	2	34
ENSHBUG00000002205	2	28
ENSHBUG00000002206	0	0
ENSHBUG00000002207	3	22
ENSHBUG00000002208	0	0
ENSHBUG00000002209	0	0
ENSHBUG00000002210	0	0
ENSHBUG00000002211	0	0
ENSHBUG00000002212	1	42
ENSHBUG00000002213	2	10
ENSHBUG00000002214	1	46
ENSHBUG00000002215	2	18
ENSHBUG00000002216	0	0
ENSHBUG00000002217	0	0
ENSHBUG00000002218	0	0
ENSHBUG00000002219	0	0
ENSHBUG00000002220	1	25
ENSHBUG00000002221	0	0
ENSHBUG00000002222	4	46
ENSHBUG00000002223	0	0
ENSHBUG00000002224	117	122
ENSHBUG00000002225	0	0
ENSHBUG00000002226	0	0
ENSHBUG00000002227	4	40
ENSHBUG00000002228	0	0
ENSHBUG00000002229	0	0
ENSHBUG00000002230	0	0
ENSHBUG00000002231	0	0
ENSHBUG00000002232	1	6
ENSHBUG00000002233	0	0
ENSHBUG00000002234	5	11
ENSHBUG00000002235	7	33
ENSHBUG00000002236	0	0
ENSHBUG00000002237	0	0
ENSHBUG00000002238	0	0
ENSHBUG00000002239	0	0
ENSHBUG00000002240	3	23
ENSHBUG00000002241	1	32
ENSHBUG00000002242	0	0
ENSHBUG00000002243	567	570
ENSHBUG00000002244	0	0
ENSHBUG00000002245	1	3
ENSHBUG00000002246	0	0
ENSHBUG00000002247	0	0
ENSHBUG00000002248	0	0
ENSHBUG00000002249	0	0
ENSHBUG00000002250	0	0
ENSHBUG00000002251	0	0
ENSHBUG00000002252	0	0
ENSHBUG00000002253	0	0
ENSHBUG00000002254	0	0
ENSHBUG00000002255	0	0
ENSHBUG00000002256	1	38
ENSHBUG00000002257	0	0
ENSHBUG00000002258	0	0
ENSHBUG00000002259	534	579
ENSHBUG00000002260	3	22
ENSHBUG00000002261	0	0
ENSHBUG00000002262	4	37
ENSHBUG00000002263	1	7
ENSHBUG00000002264	0	0
ENSHBUG00000002265	1	34
ENSHBUG00000002266	0	0
ENSHBUG00000002267	1	44
ENSHBUG00000002268	0	0
ENSHBUG00000002269	0	0
ENSHBUG00000002270	0	0
ENSHBUG00000002271	0	0
ENSHBUG00000002272	0	0
ENSHBUG00000002273	0	0
ENSHBUG00000002274	0	0
ENSHBUG00000002275	0	0
ENSHBUG00000002276	0	0
ENSHBUG00000002277	0	0
ENSHBUG00000002278	1	3
ENSHBUG00000002279	0	0
ENSHBUG00000002280	0	0
ENSHBUG00000002281	0	0
ENSHBUG00000002282	2	10
ENSHBUG00000002283	0	0
ENSHBUG00000002284	2	41
ENSHBUG00000002285	0	0
ENSHBUG00000002286	0	0
ENSHBUG00000002287	1	34
ENSHBUG00000002288	0	0
ENSHBUG00000002289	0	0
ENSHBUG00000002290	16	49
ENSHBUG00000002291	2	37
ENSHBUG00000002292	50	78
ENSHBUG00000002293	235	252
ENSHBUG00000002294	0	0
ENSHBUG00000002295	174	187
ENSHBUG00000002296	0	0
ENSHBUG00000002297	0	0
ENSHBUG00000002298	2	28
ENSHBUG00000002299	837	864
ENSHBUG00000002300	0	0
ENSHBUG00000002301	0	0
ENSHBUG00000002302	0	0
ENSHBUG00000002303	10	23
ENSHBUG00000002304	1	12
ENSHBUG00000002305	14	22
ENSHBUG00000002306	0	0
ENSHBUG00000002307	0	0
ENSHBUG00000002308	0	0
ENSHBUG00000002309	1	46
ENSHBUG00000002310	0	0
ENSHBUG00000002311	13	32
ENSHBUG00000002312	659	661
ENSHBUG00000002313	0	0
ENSHBUG00000002314	50	86
ENSHBUG00000002315	0	0
ENSHBUG00000002316	0	0
ENSHBUG00000002317	0	0
ENSHBUG00000002318	0	0
ENSHBUG00000002319	0	0
ENSHBUG00000002320	0	0
ENSHBUG00000002321	0	0
ENSHBUG00000002322	0	0
ENSHBUG00000002323	0	0
ENSHBUG00000002324	8	56
ENSHBUG00000002325	0	0
ENSHBUG00000002326	0	0
ENSHBUG00000002327	2	27
ENSHBUG00000002328	1	38
ENSHBUG00000002329	1	22
ENSHBUG00000002330	0	0
ENSHBUG00000002331	22	34
ENSHBUG00000002332	1	43
ENSHBUG00000002333	0	0
ENSHBUG00000002334	1	27
ENSHBUG00000002335	0	0
ENSHBUG00000002336	0	0
ENSHBUG00000002337	7	18
ENSHBUG00000002338	0	0
ENSHBUG00000002339	0	0
ENSHBUG00000002340	0	0
ENSHBUG00000002341	0	0
ENSHBUG00000002342	5093	5104
ENSHBUG00000002343	0	0
ENSHBUG00000002344	1	32
ENSHBUG00000002345	2	14
ENSHBUG00000002346	3	20
ENSHBUG00000002347	0	0
ENSHBUG00000002348	0	0
ENSHBUG00000002349	0	0
ENSHBUG00000002350	0	0
ENSHBUG00000002351	2	23
ENSHBUG00000002352	11	21
ENSHBUG00000002353	2	12
ENSHBUG00000002354	0	0
ENSHBUG00000002355	0	0
ENSHBUG00000002356	0	0
ENSHBUG00000002357	0	0
ENSHBUG00000002358	1	36
ENSHBUG00000002359	2	37
ENSHBUG00000002360	10	15
ENSHBUG00000002361	2	32
ENSHBUG00000002362	41	50
ENSHBUG00000002363	0	0
ENSHBUG00000002364	0	0
ENSHBUG00000002365	0	0
ENSHBUG00000002366	0	0
ENSHBUG00000002367	0	0
ENSHBUG00000002368	0	0
ENSHBUG00000002369	0	0
ENSHBUG00000002370	2	45
ENSHBUG00000002371	0	0
ENSHBUG00000002372	0	0
ENSHBUG00000002373	1	8
ENSHBUG00000002374	0	0
ENSHBUG00000002375	0	0
ENSHBUG00000002376	0	0
ENSHBUG00000002377	0	0
ENSHBUG00000002378	1	29
ENSHBUG00000002379	0	0
ENSHBUG00000002380	3	35
ENSHBUG00000002381	1	40
ENSHBUG00000002382	0	0
ENSHBUG00000002383	1	38
ENSHBUG00000002384	0	0
ENSHBUG00000002385	0	0
ENSHBUG00000002386	1	8
ENSHBUG00000002387	0	0
ENSHBUG00000002388	157	178
ENSHBUG00000002389	1	40
ENSHBUG00000002390	1	29
ENSHBUG00000002391	7	32
ENSHBUG00000002392	0	0
ENSHBUG00000002393	41	59
ENSHBUG00000002394	0	0
ENSHBUG00000002395	0	0
ENSHBUG00000002396	0	0
ENSHBUG00000002397	0	0
ENSHBUG00000002398	1	11
ENSHBUG00000002399	1	25
ENSHBUG00000002400	134	178
ENSHBUG00000002401	0	0
ENSHBUG00000002402	6	23
ENSHBUG00000002403	0	0
ENSHBUG00000002404	0	0
ENSHBUG00000002405	650	676
ENSHBUG00000002406	0	0
ENSHBUG00000002407	20	35
ENSHBUG00000002408	0	0
ENSHBUG00000002409	0	0
ENSHBUG00000002410	0	0
ENSHBUG00000002411	0	0
ENSHBUG00000002412	0	0
ENSHBUG00000002413	1	36
ENSHBUG00000002414	0	0
ENSHBUG00000002415	3	29
ENSHBUG00000002416	0	0
ENSHBUG00000002417	0	0
ENSHBUG00000002418	1	17
ENSHBUG00000002419	0	0
ENSHBUG00000002420	0	0
ENSHBUG00000002421	4	13
ENSHBUG00000002422	0	0
ENSHBUG00000002423	0	0
ENSHBUG00000002424	3	10
ENSHBUG00000002425	2	28
ENSHBUG00000002426	0	0
ENSHBUG00000002427	0	0
ENSHBUG00000002428	0	0
ENSHBUG00000002429	0	0
ENSHBUG00000002430	0	0
ENSHBUG00000002431	0	0
ENSHBUG00000002432	192	225
ENSHBUG00000002433	19	52
ENSHBUG00000002434	2	4
ENSHBUG00000002435	0	0
ENSHBUG00000002436	5	41
ENSHBUG00000002437	1	26
ENSHBUG00000002438	0	0
ENSHBUG00000002439	7	32
ENSHBUG00000002440	0	0
ENSHBUG00000002441	0	0
ENSHBUG00000002442	2	17
ENSHBUG00000002443	0	0
ENSHBUG00000002444	106	146
ENSHBUG00000002445	0	0
ENSHBUG00000002446	39	51
ENSHBUG00000002447	0	0
ENSHBUG00000002448	45	88
ENSHBUG00000002449	39	83
ENSHBUG00000002450	0	0
ENSHBUG00000002451	312	321
ENSHBUG00000002452	0	0
ENSHBUG00000002453	1	5
ENSHBUG00000002454	0	0
ENSHBUG00000002455	0	0
ENSHBUG00000002456	0	0
ENSHBUG00000002457	586	600
ENSHBUG00000002458	2	9
ENSHBUG00000002459	1	3
ENSHBUG00000002460	0	0
ENSHBUG00000002461	0	0
ENSHBUG00000002462	0	0
ENSHBUG00000002463	36	56
ENSHBUG00000002464	1	43
ENSHBUG00000002465	0	0
ENSHBUG00000002466	0	0
ENSHBUG00000002467	0	0
ENSHBUG00000002468	0	0
ENSHBUG00000002469	2	27
ENSHBUG00000002470	172	213
ENSHBUG00000002471	0	0
ENSHBUG00000002472	0	0
ENSHBUG00000002473	0	0
ENSHBUG00000002474	77	78
ENSHBUG00000002475	0	0
ENSHBUG00000002476	6	12
ENSHBUG00000002477	0	0
ENSHBUG00000002478	0	0
ENSHBUG00000002479	29	48
ENSHBUG00000002480	0	0
ENSHBUG00000002481	18	64
ENSHBUG00000002482	245	288
ENSHBUG00000002483	0	0
ENSHBUG00000002484	65	108
ENSHBUG00000002485	0	0
ENSHBUG00000002486	3	13
ENSHBUG00000002487	0	0
ENSHBUG00000002488	0	0
ENSHBUG00000002489	0	0
ENSHBUG00000002490	0	0
ENSHBUG00000002491	0	0
ENSHBUG00000002492	0	0
ENSHBUG00000002493	4	12
ENSHBUG00000002494	20	41
ENSHBUG00000002495	0	0
ENSHBUG00000002496	0	0
ENSHBUG00000002497	0	0
ENSHBUG00000002498	0	0
ENSHBUG00000002499	0	0
ENSHBUG00000002500	0	0
ENSHBUG00000002501	0	0
ENSHBUG00000002502	0	0
ENSHBUG00000002503	0	0
ENSHBUG00000002504	0	0
ENSHBUG00000002505	0	0
ENSHBUG00000002506	3	18
ENSHBUG00000002507	0	0
ENSHBUG00000002508	1	37
ENSHBUG00000002509	0	0
ENSHBUG00000002510	2	6
ENSHBUG00000002511	81	91
ENSHBUG00000002512	3	16
ENSHBUG00000002513	189	204
ENSHBUG00000002514	0	0
ENSHBUG00000002515	0	0
ENSHBUG00000002516	0	0
ENSHBUG00000002517	1	19
ENSHBUG00000002518	16	44
ENSHBUG00000002519	0	0
ENSHBUG00000002520	0	0
ENSHBUG00000002521	0	0
ENSHBUG00000002522	0	0
ENSHBUG00000002523	1	38
ENSHBUG00000002524	5	16
ENSHBUG00000002525	0	0
ENSHBUG00000002526	2	37
ENSHBUG00000002527	0	0
ENSHBUG00000002528	1	12
ENSHBUG00000002529	4	22
ENSHBUG00000002530	5	25
ENSHBUG00000002531	0	0
ENSHBUG00000002532	0	0
ENSHBUG00000002533	2	36
ENSHBUG00000002534	0	0
ENSHBUG00000002535	1	48
ENSHBUG00000002536	0	0
ENSHBUG00000002537	0	0
ENSHBUG00000002538	0	0
ENSHBUG00000002539	1	31
ENSHBUG00000002540	67	105
ENSHBUG00000002541	0	0
ENSHBUG00000002542	0	0
ENSHBUG00000002543	0	0
ENSHBUG00000002544	24	64
ENSHBUG00000002545	0	0
ENSHBUG00000002546	0	0
ENSHBUG00000002547	0	0
ENSHBUG00000002548	0	0
ENSHBUG00000002549	2	18
ENSHBUG00000002550	32	59
ENSHBUG00000002551	43	49
ENSHBUG00000002552	1	22
ENSHBUG00000002553	0	0
ENSHBUG00000002554	1	28
ENSHBUG00000002555	0	0
ENSHBUG00000002556	23	44
ENSHBUG00000002557	5	51
ENSHBUG00000002558	5	38
ENSHBUG00000002559	30	50
ENSHBUG00000002560	0	0
ENSHBUG00000002561	1	12
ENSHBUG00000002562	2	12
ENSHBUG00000002563	0	0
ENSHBUG00000002564	137	169
ENSHBUG00000002565	4	14
ENSHBUG00000002566	3	43
ENSHBUG00000002567	0	0
ENSHBUG00000002568	0	0
ENSHBUG00000002569	0	0
ENSHBUG00000002570	5	37
ENSHBUG00000002571	2	34
ENSHBUG00000002572	1	22
ENSHBUG00000002573	2	3
ENSHBUG00000002574	0	0
ENSHBUG00000002575	0	0
ENSHBUG00000002576	3	45
ENSHBUG00000002577	1	46
ENSHBUG00000002578	1	18
ENSHBUG00000002579	4	46
ENSHBUG00000002580	0	0
ENSHBUG00000002581	0	0
ENSHBUG00000002582	3	16
ENSHBUG00000002583	1	4
ENSHBUG00000002584	5	35
ENSHBUG00000002585	0	0
ENSHBUG00000002586	0	0
ENSHBUG00000002587	0	0
ENSHBUG00000002588	0	0
ENSHBUG00000002589	5	14
ENSHBUG00000002590	0	0
ENSHBUG00000002591	10	48
ENSHBUG00000002592	0	0
ENSHBUG00000002593	0	0
ENSHBUG00000002594	0	0
ENSHBUG00000002595	0	0
ENSHBUG00000002596	1	20
ENSHBUG00000002597	1	27
ENSHBUG00000002598	0	0
ENSHBUG00000002599	1	30
ENSHBUG00000002600	0	0
ENSHBUG00000002601	0	0
ENSHBUG00000002602	0	0
ENSHBUG00000002603	0	0
ENSHBUG00000002604	0	0
ENSHBUG00000002605	0	0
ENSHBUG00000002606	0	0
ENSHBUG00000002607	0	0
ENSHBUG00000002608	0	0
ENSHBUG00000002609	1	46
ENSHBUG00000002610	2	50
ENSHBUG00000002611	0	0
ENSHBUG00000002612	0	0
ENSHBUG00000002613	17	20
ENSHBUG00000002614	0	0
ENSHBUG00000002615	0	0
ENSHBUG00000002616	3	21
ENSHBUG00000002617	1	27
ENSHBUG00000002618	1	34
ENSHBUG00000002619	1	38
ENSHBUG00000002620	0	0
ENSHBUG00000002621	0	0
ENSHBUG00000002622	1	29
ENSHBUG00000002623	0	0
ENSHBUG00000002624	0	0
ENSHBUG00000002625	6	25
ENSHBUG00000002626	1	49
ENSHBUG00000002627	0	0
ENSHBUG00000002628	0	0
ENSHBUG00000002629	0	0
ENSHBUG00000002630	1	28
ENSHBUG00000002631	15	49
ENSHBUG00000002632	0	0
ENSHBUG00000002633	0	0
ENSHBUG00000002634	1	49
ENSHBUG00000002635	159	166
ENSHBUG00000002636	0	0
ENSHBUG00000002637	0	0
ENSHBUG00000002638	0	0
ENSHBUG00000002639	0	0
ENSHBUG00000002640	0	0
ENSHBUG00000002641	0	0
ENSHBUG00000002642	6	52
ENSHBUG00000002643	0	0
ENSHBUG00000002644	151	172
ENSHBUG00000002645	0	0
ENSHBUG00000002646	1	38
ENSHBUG00000002647	0	0
ENSHBUG00000002648	28	66
ENSHBUG00000002649	1	19
ENSHBUG00000002650	0	0
ENSHBUG00000002651	1	17
ENSHBUG00000002652	0	0
ENSHBUG00000002653	1	6
ENSHBUG00000002654	2	36
ENSHBUG00000002655	0	0
ENSHBUG00000002656	3	38
ENSHBUG00000002657	0	0
ENSHBUG00000002658	0	0
ENSHBUG00000002659	0	0
ENSHBUG00000002660	52	92
ENSHBUG00000002661	0	0
ENSHBUG00000002662	0	0
ENSHBUG00000002663	160	183
ENSHBUG00000002664	2	29
ENSHBUG00000002665	0	0
ENSHBUG00000002666	9	10
ENSHBUG00000002667	134	143
ENSHBUG00000002668	0	0
ENSHBUG00000002669	10	13
ENSHBUG00000002670	2	3
ENSHBUG00000002671	1	11
ENSHBUG00000002672	107	123
ENSHBUG00000002673	1	22
ENSHBUG00000002674	0	0
ENSHBUG00000002675	1	15
ENSHBUG00000002676	7	9
ENSHBUG00000002677	1	24
ENSHBUG00000002678	8	26
ENSHBUG00000002679	1	36
ENSHBUG00000002680	2	8
ENSHBUG00000002681	0	0
ENSHBUG00000002682	0	0
ENSHBUG00000002683	1	47
ENSHBUG00000002684	0	0
ENSHBUG00000002685	8	20
ENSHBUG00000002686	1	12
ENSHBUG00000002687	4	18
ENSHBUG00000002688	418	451
ENSHBUG00000002689	0	0
ENSHBUG00000002690	0	0
ENSHBUG00000002691	1	41
ENSHBUG00000002692	267	313
ENSHBUG00000002693	37	67
ENSHBUG00000002694	0	0
ENSHBUG00000002695	0	0
ENSHBUG00000002696	0	0
ENSHBUG00000002697	6092	6137
ENSHBUG00000002698	4	27
ENSHBUG00000002699	0	0
ENSHBUG00000002700	1	23
ENSHBUG00000002701	96	97
ENSHBUG00000002702	0	0
ENSHBUG00000002703	0	0
ENSHBUG00000002704	0	0
ENSHBUG00000002705	2	4
ENSHBUG00000002706	0	0
ENSHBUG00000002707	0	0
ENSHBUG00000002708	0	0
ENSHBUG00000002709	0	0
ENSHBUG00000002710	0	0
ENSHBUG00000002711	113	125
ENSHBUG00000002712	154	202
ENSHBUG00000002713	4	25
ENSHBUG00000002714	0	0
ENSHBUG00000002715	0	0
ENSHBUG00000002716	0	0
ENSHBUG00000002717	2	3
ENSHBUG00000002718	1	29
ENSHBUG00000002719	2	42
ENSHBUG00000002720	0	0
ENSHBUG00000002721	0	0
ENSHBUG00000002722	2	14
ENSHBUG00000002723	6	15
ENSHBUG00000002724	0	0
ENSHBUG00000002725	20	23
ENSHBUG00000002726	2	35
ENSHBUG00000002727	156	162
ENSHBUG00000002728	0	0
ENSHBUG00000002729	0	0
ENSHBUG00000002730	0	0
ENSHBUG00000002731	0	0
ENSHBUG00000002732	0	0
ENSHBUG00000002733	1	41
ENSHBUG00000002734	0	0
ENSHBUG00000002735	1	47
ENSHBUG00000002736	1	35
ENSHBUG00000002737	1	5
ENSHBUG00000002738	203	210
ENSHBUG00000002739	0	0
ENSHBUG00000002740	0	0
ENSHBUG00000002741	1	48
ENSHBUG00000002742	0	0
ENSHBUG00000002743	1	36
ENSHBUG00000002744	0	0
ENSHBUG00000002745	0	0
ENSHBUG00000002746	1	43
ENSHBUG00000002747	4	35
ENSHBUG00000002748	1	32
ENSHBUG00000002749	0	0
ENSHBUG00000002750	0	0
ENSHBUG00000002751	0	0
ENSHBUG00000002752	0	0
ENSHBUG00000002753	0	0
ENSHBUG00000002754	1	43
ENSHBUG00000002755	1	13
ENSHBUG00000002756	1	31
ENSHBUG00000002757	0	0
ENSHBUG00000002758	0	0
ENSHBUG00000002759	1	48
ENSHBUG00000002760	42	59
ENSHBUG00000002761	0	0
ENSHBUG00000002762	9	20
ENSHBUG00000002763	10	27
ENSHBUG00000002764	0	0
ENSHBUG00000002765	0	0
ENSHBUG00000002766	4	39
ENSHBUG00000002767	3	49
ENSHBUG00000002768	0	0
ENSHBUG00000002769	2	25
ENSHBUG00000002770	1	12
ENSHBUG00000002771	0	0
ENSHBUG00000002772	0	0
ENSHBUG00000002773	2	25
ENSHBUG00000002774	0	0
ENSHBUG00000002775	42	78
ENSHBUG00000002776	0	0
ENSHBUG00000002777	4	15
ENSHBUG00000002778	0	0
ENSHBUG00000002779	1	41
ENSHBUG00000002780	0	0
ENSHBUG00000002781	0	0
ENSHBUG00000002782	0	0
ENSHBUG00000002783	0	0
ENSHBUG00000002784	1	31
ENSHBUG00000002785	0	0
ENSHBUG00000002786	0	0
ENSHBUG00000002787	0	0
ENSHBUG00000002788	0	0
ENSHBUG00000002789	0	0
ENSHBUG00000002790	14	26
ENSHBUG00000002791	0	0
ENSHBUG00000002792	0	0
ENSHBUG00000002793	7	15
ENSHBUG00000002794	0	0
ENSHBUG00000002795	1	44
ENSHBUG00000002796	1	10
ENSHBUG00000002797	43	60
ENSHBUG00000002798	32	58
ENSHBUG00000002799	0	0
ENSHBUG00000002800	12	28
ENSHBUG00000002801	0	0
ENSHBUG00000002802	0	0
ENSHBUG00000002803	0	0
ENSHBUG00000002804	0	0
ENSHBUG00000002805	1	23
ENSHBUG00000002806	0	0
ENSHBUG00000002807	0	0
ENSHBUG00000002808	0	0
ENSHBUG00000002809	0	0
ENSHBUG00000002810	0	0
ENSHBUG00000002811	0	0
ENSHBUG00000002812	0	0
ENSHBUG00000002813	0	0
ENSHBUG00000002814	3	7
ENSHBUG00000002815	0	0
ENSHBUG00000002816	26	43
ENSHBUG00000002817	0	0
ENSHBUG00000002818	0	0
ENSHBUG00000002819	0	0
ENSHBUG00000002820	0	0
ENSHBUG00000002821	4	18
ENSHBUG00000002822	0	0
ENSHBUG00000002823	0	0
ENSHBUG00000002824	0	0
ENSHBUG00000002825	0	0
ENSHBUG00000002826	0	0
ENSHBUG00000002827	0	0
ENSHBUG00000002828	52	86
ENSHBUG00000002829	0	0
ENSHBUG00000002830	1	7
ENSHBUG00000002831	0	0
ENSHBUG00000002832	0	0
ENSHBUG00000002833	1	31
ENSHBUG00000002834	2	21
ENSHBUG00000002835	0	0
ENSHBUG00000002836	2	49
ENSHBUG00000002837	7	20
ENSHBUG00000002838	63	103
ENSHBUG00000002839	0	0
ENSHBUG00000002840	2	11
ENSHBUG00000002841	0	0
ENSHBUG00000002842	3850	3882
ENSHBUG00000002843	1	26
ENSHBUG00000002844	0	0
ENSHBUG00000002845	0	0
ENSHBUG00000002846	0	0
ENSHBUG00000002847	6	30
ENSHBUG00000002848	0	0
ENSHBUG00000002849	1	29
ENSHBUG00000002850	6	23
ENSHBUG00000002851	0	0
ENSHBUG00000002852	2	46
ENSHBUG00000002853	0	0
ENSHBUG00000002854	5	53
ENSHBUG00000002855	1	21
ENSHBUG00000002856	2	47
ENSHBUG00000002857	30	74
ENSHBUG00000002858	7	42
ENSHBUG00000002859	6	22
ENSHBUG00000002860	2	49
ENSHBUG00000002861	1315	1359
ENSHBUG00000002862	9	15
ENSHBUG00000002863	1	47
ENSHBUG00000002864	53	98
ENSHBUG00000002865	0	0
ENSHBUG00000002866	0	0
ENSHBUG00000002867	0	0
ENSHBUG00000002868	1	20
ENSHBUG00000002869	0	0
ENSHBUG00000002870	1	7
ENSHBUG00000002871	2	26
ENSHBUG00000002872	21	58
ENSHBUG00000002873	5	20
ENSHBUG00000002874	0	0
ENSHBUG00000002875	2	21
ENSHBUG00000002876	0	0
ENSHBUG00000002877	4	22
ENSHBUG00000002878	1	5
ENSHBUG00000002879	0	0
ENSHBUG00000002880	0	0
ENSHBUG00000002881	0	0
ENSHBUG00000002882	1	48
ENSHBUG00000002883	0	0
ENSHBUG00000002884	25	55
ENSHBUG00000002885	0	0
ENSHBUG00000002886	0	0
ENSHBUG00000002887	0	0
ENSHBUG00000002888	0	0
ENSHBUG00000002889	4	6
ENSHBUG00000002890	42	80
ENSHBUG00000002891	9	44
ENSHBUG00000002892	0	0
ENSHBUG00000002893	0	0
ENSHBUG00000002894	47	68
ENSHBUG00000002895	1	34
ENSHBUG00000002896	0	0
ENSHBUG00000002897	0	0
ENSHBUG00000002898	58	79
ENSHBUG00000002899	1	27
ENSHBUG00000002900	5	45
ENSHBUG00000002901	0	0
ENSHBUG00000002902	0	0
ENSHBUG00000002903	4	35
ENSHBUG00000002904	0	0
ENSHBUG00000002905	1	32
ENSHBUG00000002906	13	57
ENSHBUG00000002907	0	0
ENSHBUG00000002908	0	0
ENSHBUG00000002909	6	24
ENSHBUG00000002910	7	14
ENSHBUG00000002911	2	10
ENSHBUG00000002912	1	28
ENSHBUG00000002913	0	0
ENSHBUG00000002914	0	0
ENSHBUG00000002915	0	0
ENSHBUG00000002916	0	0
ENSHBUG00000002917	0	0
ENSHBUG00000002918	0	0
ENSHBUG00000002919	23	70
ENSHBUG00000002920	28	53
ENSHBUG00000002921	1	37
ENSHBUG00000002922	1	28
ENSHBUG00000002923	10	50
ENSHBUG00000002924	0	0
ENSHBUG00000002925	0	0
ENSHBUG00000002926	0	0
ENSHBUG00000002927	583	631
ENSHBUG00000002928	0	0
ENSHBUG00000002929	1	6
ENSHBUG00000002930	0	0
ENSHBUG00000002931	38	68
ENSHBUG00000002932	0	0
ENSHBUG00000002933	0	0
ENSHBUG00000002934	1	12
ENSHBUG00000002935	0	0
ENSHBUG00000002936	1	28
ENSHBUG00000002937	0	0
ENSHBUG00000002938	0	0
ENSHBUG00000002939	1	35
ENSHBUG00000002940	3	35
ENSHBUG00000002941	17	39
ENSHBUG00000002942	2	15
ENSHBUG00000002943	1	44
ENSHBUG00000002944	5	27
ENSHBUG00000002945	1	25
ENSHBUG00000002946	0	0
ENSHBUG00000002947	92	138
ENSHBUG00000002948	0	0
ENSHBUG00000002949	0	0
ENSHBUG00000002950	0	0
ENSHBUG00000002951	0	0
ENSHBUG00000002952	4	31
ENSHBUG00000002953	0	0
ENSHBUG00000002954	0	0
ENSHBUG00000002955	0	0
ENSHBUG00000002956	17	50
ENSHBUG00000002957	6	16
ENSHBUG00000002958	0	0
ENSHBUG00000002959	380	408
ENSHBUG00000002960	0	0
ENSHBUG00000002961	0	0
ENSHBUG00000002962	16	41
ENSHBUG00000002963	1	6
ENSHBUG00000002964	0	0
ENSHBUG00000002965	1	15
ENSHBUG00000002966	0	0
ENSHBUG00000002967	0	0
ENSHBUG00000002968	60	76
ENSHBUG00000002969	0	0
ENSHBUG00000002970	2	46
ENSHBUG00000002971	0	0
ENSHBUG00000002972	2	15
ENSHBUG00000002973	1	31
ENSHBUG00000002974	547	549
ENSHBUG00000002975	1	16
ENSHBUG00000002976	0	0
ENSHBUG00000002977	2	30
ENSHBUG00000002978	2	18
ENSHBUG00000002979	0	0
ENSHBUG00000002980	2	48
ENSHBUG00000002981	2	45
ENSHBUG00000002982	2	9
ENSHBUG00000002983	0	0
ENSHBUG00000002984	1	48
ENSHBUG00000002985	0	0
ENSHBUG00000002986	1	30
ENSHBUG00000002987	1	15
ENSHBUG00000002988	48	75
ENSHBUG00000002989	0	0
ENSHBUG00000002990	1	10
ENSHBUG00000002991	0	0
ENSHBUG00000002992	4	26
ENSHBUG00000002993	0	0
ENSHBUG00000002994	0	0
ENSHBUG00000002995	0	0
ENSHBUG00000002996	11	28
ENSHBUG00000002997	4	52
ENSHBUG00000002998	2	9
ENSHBUG00000002999	0	0
ENSHBUG00000003000	0	0
ENSHBUG00000003001	0	0
ENSHBUG00000003002	0	0
ENSHBUG00000003003	1	28
ENSHBUG00000003004	0	0
ENSHBUG00000003005	0	0
ENSHBUG00000003006	0	0
ENSHBUG00000003007	0	0
ENSHBUG00000003008	140	147
ENSHBUG00000003009	3	14
ENSHBUG00000003010	0	0
ENSHBUG00000003011	0	0
ENSHBUG00000003012	0	0
ENSHBUG00000003013	0	0
ENSHBUG00000003014	11	20
ENSHBUG00000003015	0	0
ENSHBUG00000003016	0	0
ENSHBUG00000003017	0	0
ENSHBUG00000003018	1958	1960
ENSHBUG00000003019	1	7
ENSHBUG00000003020	1	14
ENSHBUG00000003021	0	0
ENSHBUG00000003022	1	12
ENSHBUG00000003023	0	0
ENSHBUG00000003024	0	0
ENSHBUG00000003025	6	13
ENSHBUG00000003026	0	0
ENSHBUG00000003027	0	0
ENSHBUG00000003028	1	7
ENSHBUG00000003029	0	0
ENSHBUG00000003030	0	0
ENSHBUG00000003031	0	0
ENSHBUG00000003032	0	0
ENSHBUG00000003033	0	0
ENSHBUG00000003034	0	0
ENSHBUG00000003035	0	0
ENSHBUG00000003036	2	30
ENSHBUG00000003037	1	28
ENSHBUG00000003038	0	0
ENSHBUG00000003039	0	0
ENSHBUG00000003040	0	0
ENSHBUG00000003041	4	46
ENSHBUG00000003042	6	42
ENSHBUG00000003043	1	28
ENSHBUG00000003044	0	0
ENSHBUG00000003045	0	0
ENSHBUG00000003046	0	0
ENSHBUG00000003047	4	42
ENSHBUG00000003048	3	27
ENSHBUG00000003049	0	0
ENSHBUG00000003050	0	0
ENSHBUG00000003051	0	0
ENSHBUG00000003052	0	0
ENSHBUG00000003053	0	0
ENSHBUG00000003054	1	29
ENSHBUG00000003055	0	0
ENSHBUG00000003056	2	13
ENSHBUG00000003057	1	37
ENSHBUG00000003058	0	0
ENSHBUG00000003059	0	0
ENSHBUG00000003060	0	0
ENSHBUG00000003061	10	34
ENSHBUG00000003062	2	17
ENSHBUG00000003063	0	0
ENSHBUG00000003064	2	19
ENSHBUG00000003065	0	0
ENSHBUG00000003066	0	0
ENSHBUG00000003067	0	0
ENSHBUG00000003068	3	29
ENSHBUG00000003069	1	4
ENSHBUG00000003070	8156	8179
ENSHBUG00000003071	0	0
ENSHBUG00000003072	3	23
ENSHBUG00000003073	0	0
ENSHBUG00000003074	0	0
ENSHBUG00000003075	2	18
ENSHBUG00000003076	1	38
ENSHBUG00000003077	42	83
ENSHBUG00000003078	0	0
ENSHBUG00000003079	2	17
ENSHBUG00000003080	0	0
ENSHBUG00000003081	9	17
ENSHBUG00000003082	0	0
ENSHBUG00000003083	0	0
ENSHBUG00000003084	0	0
ENSHBUG00000003085	9	12
ENSHBUG00000003086	2	41
ENSHBUG00000003087	1	48
ENSHBUG00000003088	0	0
ENSHBUG00000003089	0	0
ENSHBUG00000003090	1	17
ENSHBUG00000003091	0	0
ENSHBUG00000003092	0	0
ENSHBUG00000003093	0	0
ENSHBUG00000003094	72	115
ENSHBUG00000003095	0	0
ENSHBUG00000003096	7	53
ENSHBUG00000003097	1	21
ENSHBUG00000003098	5	24
ENSHBUG00000003099	0	0
ENSHBUG00000003100	4	51
ENSHBUG00000003101	1	24
ENSHBUG00000003102	1	10
ENSHBUG00000003103	71	119
ENSHBUG00000003104	0	0
ENSHBUG00000003105	0	0
ENSHBUG00000003106	2	27
ENSHBUG00000003107	0	0
ENSHBUG00000003108	0	0
ENSHBUG00000003109	1	11
ENSHBUG00000003110	2	9
ENSHBUG00000003111	0	0
ENSHBUG00000003112	4	33
ENSHBUG00000003113	31	61
ENSHBUG00000003114	4	43
ENSHBUG00000003115	4	27
ENSHBUG00000003116	10	31
ENSHBUG00000003117	5	32
ENSHBUG00000003118	0	0
ENSHBUG00000003119	10	11
ENSHBUG00000003120	0	0
ENSHBUG00000003121	2	42
ENSHBUG00000003122	0	0
ENSHBUG00000003123	646	658
ENSHBUG00000003124	0	0
ENSHBUG00000003125	0	0
ENSHBUG00000003126	2	31
ENSHBUG00000003127	16	20
ENSHBUG00000003128	6	39
ENSHBUG00000003129	0	0
ENSHBUG00000003130	0	0
ENSHBUG00000003131	0	0
ENSHBUG00000003132	295	336
ENSHBUG00000003133	0	0
ENSHBUG00000003134	8	10
ENSHBUG00000003135	1	15
ENSHBUG00000003136	0	0
ENSHBUG00000003137	1	14
ENSHBUG00000003138	1	47
ENSHBUG00000003139	0	0
ENSHBUG00000003140	153	184
ENSHBUG00000003141	0	0
ENSHBUG00000003142	2	35
ENSHBUG00000003143	33	35
ENSHBUG00000003144	0	0
ENSHBUG00000003145	1	42
ENSHBUG00000003146	0	0
ENSHBUG00000003147	0	0
ENSHBUG00000003148	12	23
ENSHBUG00000003149	1	11
ENSHBUG00000003150	0	0
ENSHBUG00000003151	0	0
ENSHBUG00000003152	0	0
ENSHBUG00000003153	0	0
ENSHBUG00000003154	1	15
ENSHBUG00000003155	1	10
ENSHBUG00000003156	0	0
ENSHBUG00000003157	1	10
ENSHBUG00000003158	22	50
ENSHBUG00000003159	1	2
ENSHBUG00000003160	1	47
ENSHBUG00000003161	0	0
ENSHBUG00000003162	10	27
ENSHBUG00000003163	0	0
ENSHBUG00000003164	0	0
ENSHBUG00000003165	0	0
ENSHBUG00000003166	0	0
ENSHBUG00000003167	0	0
ENSHBUG00000003168	63	94
ENSHBUG00000003169	51	70
ENSHBUG00000003170	8	15
ENSHBUG00000003171	1	16
ENSHBUG00000003172	7	32
ENSHBUG00000003173	2	39
ENSHBUG00000003174	0	0
ENSHBUG00000003175	1	23
ENSHBUG00000003176	2	32
ENSHBUG00000003177	0	0
ENSHBUG00000003178	0	0
ENSHBUG00000003179	1	47
ENSHBUG00000003180	0	0
ENSHBUG00000003181	1	6
ENSHBUG00000003182	0	0
ENSHBUG00000003183	6	31
ENSHBUG00000003184	0	0
ENSHBUG00000003185	0	0
ENSHBUG00000003186	0	0
ENSHBUG00000003187	2	7
ENSHBUG00000003188	0	0
ENSHBUG00000003189	13	43
ENSHBUG00000003190	0	0
ENSHBUG00000003191	1	25
ENSHBUG00000003192	30	34
ENSHBUG00000003193	0	0
ENSHBUG00000003194	0	0
ENSHBUG00000003195	1	36
ENSHBUG00000003196	1	42
ENSHBUG00000003197	0	0
ENSHBUG00000003198	25	62
ENSHBUG00000003199	2	20
ENSHBUG00000003200	6	43
ENSHBUG00000003201	1	14
ENSHBUG00000003202	1	17
ENSHBUG00000003203	56	74
ENSHBUG00000003204	2	3
ENSHBUG00000003205	0	0
ENSHBUG00000003206	1	41
ENSHBUG00000003207	6	21
ENSHBUG00000003208	3	38
ENSHBUG00000003209	0	0
ENSHBUG00000003210	2	10
ENSHBUG00000003211	0	0
ENSHBUG00000003212	1	7
ENSHBUG00000003213	0	0
ENSHBUG00000003214	0	0
ENSHBUG00000003215	15	50
ENSHBUG00000003216	0	0
ENSHBUG00000003217	1	3
ENSHBUG00000003218	0	0
ENSHBUG00000003219	0	0
ENSHBUG00000003220	1	45
ENSHBUG00000003221	14	20
ENSHBUG00000003222	1	28
ENSHBUG00000003223	0	0
ENSHBUG00000003224	2109	2113
ENSHBUG00000003225	0	0
ENSHBUG00000003226	0	0
ENSHBUG00000003227	2	16
ENSHBUG00000003228	0	0
ENSHBUG00000003229	0	0
ENSHBUG00000003230	2	32
ENSHBUG00000003231	12	27
ENSHBUG00000003232	0	0
ENSHBUG00000003233	4	49
ENSHBUG00000003234	2	25
ENSHBUG00000003235	0	0
ENSHBUG00000003236	7	37
ENSHBUG00000003237	181	184
ENSHBUG00000003238	3	5
ENSHBUG00000003239	0	0
ENSHBUG00000003240	0	0
ENSHBUG00000003241	1	11
ENSHBUG00000003242	3	50
ENSHBUG00000003243	4	24
ENSHBUG00000003244	1	31
ENSHBUG00000003245	0	0
ENSHBUG00000003246	3	38
ENSHBUG00000003247	0	0
ENSHBUG00000003248	1	35
ENSHBUG00000003249	0	0
ENSHBUG00000003250	0	0
ENSHBUG00000003251	1	45
ENSHBUG00000003252	0	0
ENSHBUG00000003253	0	0
ENSHBUG00000003254	1	3
ENSHBUG00000003255	0	0
ENSHBUG00000003256	6	32
ENSHBUG00000003257	0	0
ENSHBUG00000003258	2	9
ENSHBUG00000003259	0	0
ENSHBUG00000003260	6	23
ENSHBUG00000003261	8	11
ENSHBUG00000003262	0	0
ENSHBUG00000003263	1	45
ENSHBUG00000003264	140	182
ENSHBUG00000003265	0	0
ENSHBUG00000003266	1	17
ENSHBUG00000003267	5	8
ENSHBUG00000003268	1	21
ENSHBUG00000003269	0	0
ENSHBUG00000003270	7	55
ENSHBUG00000003271	4	33
ENSHBUG00000003272	0	0
ENSHBUG00000003273	6	52
ENSHBUG00000003274	2	21
ENSHBUG00000003275	9	56
ENSHBUG00000003276	133	142
ENSHBUG00000003277	1	46
ENSHBUG00000003278	0	0
ENSHBUG00000003279	5	43
ENSHBUG00000003280	0	0
ENSHBUG00000003281	1	35
ENSHBUG00000003282	0	0
ENSHBUG00000003283	1	49
ENSHBUG00000003284	0	0
ENSHBUG00000003285	1	46
ENSHBUG00000003286	0	0
ENSHBUG00000003287	4	36
ENSHBUG00000003288	0	0
ENSHBUG00000003289	1	30
ENSHBUG00000003290	0	0
ENSHBUG00000003291	95	111
ENSHBUG00000003292	3	29
ENSHBUG00000003293	0	0
ENSHBUG00000003294	36	41
ENSHBUG00000003295	1	5
ENSHBUG00000003296	0	0
ENSHBUG00000003297	101	139
ENSHBUG00000003298	0	0
ENSHBUG00000003299	136	147
ENSHBUG00000003300	3	16
ENSHBUG00000003301	2	48
ENSHBUG00000003302	1	15
ENSHBUG00000003303	3	38
ENSHBUG00000003304	0	0
ENSHBUG00000003305	1	22
ENSHBUG00000003306	0	0
ENSHBUG00000003307	0	0
ENSHBUG00000003308	0	0
ENSHBUG00000003309	0	0
ENSHBUG00000003310	0	0
ENSHBUG00000003311	82	99
ENSHBUG00000003312	2	21
ENSHBUG00000003313	30	63
ENSHBUG00000003314	0	0
ENSHBUG00000003315	0	0
ENSHBUG00000003316	0	0
ENSHBUG00000003317	0	0
ENSHBUG00000003318	0	0
ENSHBUG00000003319	2	46
ENSHBUG00000003320	1	30
ENSHBUG00000003321	1	37
ENSHBUG00000003322	1	2
ENSHBUG00000003323	0	0
ENSHBUG00000003324	1	22
ENSHBUG00000003325	0	0
ENSHBUG00000003326	1	17
ENSHBUG00000003327	4	6
ENSHBUG00000003328	0	0
ENSHBUG00000003329	0	0
ENSHBUG00000003330	1	33
ENSHBUG00000003331	11	47
ENSHBUG00000003332	1	44
ENSHBUG00000003333	0	0
ENSHBUG00000003334	2	30
ENSHBUG00000003335	0	0
ENSHBUG00000003336	3	51
ENSHBUG00000003337	10	31
ENSHBUG00000003338	0	0
ENSHBUG00000003339	0	0
ENSHBUG00000003340	0	0
ENSHBUG00000003341	29	47
ENSHBUG00000003342	0	0
ENSHBUG00000003343	0	0
ENSHBUG00000003344	2	41
ENSHBUG00000003345	0	0
ENSHBUG00000003346	1	5
ENSHBUG00000003347	0	0
ENSHBUG00000003348	0	0
ENSHBUG00000003349	0	0
ENSHBUG00000003350	0	0
ENSHBUG00000003351	0	0
ENSHBUG00000003352	1	3
ENSHBUG00000003353	1	25
ENSHBUG00000003354	0	0
ENSHBUG00000003355	2	25
ENSHBUG00000003356	4	29
ENSHBUG00000003357	0	0
ENSHBUG00000003358	3	50
ENSHBUG00000003359	0	0
ENSHBUG00000003360	0	0
ENSHBUG00000003361	27	51
ENSHBUG00000003362	1	45
ENSHBUG00000003363	1	4
ENSHBUG00000003364	0	0
ENSHBUG00000003365	0	0
ENSHBUG00000003366	4	36
ENSHBUG00000003367	1	12
ENSHBUG00000003368	0	0
ENSHBUG00000003369	2	5
ENSHBUG00000003370	16	60
ENSHBUG00000003371	0	0
ENSHBUG00000003372	1	15
ENSHBUG00000003373	0	0
ENSHBUG00000003374	0	0
ENSHBUG00000003375	7	47
ENSHBUG00000003376	7	22
ENSHBUG00000003377	0	0
ENSHBUG00000003378	0	0
ENSHBUG00000003379	0	0
ENSHBUG00000003380	10	27
ENSHBUG00000003381	0	0
ENSHBUG00000003382	2	8
ENSHBUG00000003383	10	33
ENSHBUG00000003384	0	0
ENSHBUG00000003385	0	0
ENSHBUG00000003386	0	0
ENSHBUG00000003387	0	0
ENSHBUG00000003388	0	0
ENSHBUG00000003389	0	0
ENSHBUG00000003390	1	31
ENSHBUG00000003391	1	8
ENSHBUG00000003392	0	0
ENSHBUG00000003393	0	0
ENSHBUG00000003394	0	0
ENSHBUG00000003395	0	0
ENSHBUG00000003396	0	0
ENSHBUG00000003397	0	0
ENSHBUG00000003398	0	0
ENSHBUG00000003399	302	320
ENSHBUG00000003400	2	35
ENSHBUG00000003401	546	584
ENSHBUG00000003402	0	0
ENSHBUG00000003403	69	79
ENSHBUG00000003404	2	31
ENSHBUG00000003405	0	0
ENSHBUG00000003406	0	0
ENSHBUG00000003407	6	39
ENSHBUG00000003408	0	0
ENSHBUG00000003409	0	0
ENSHBUG00000003410	0	0
ENSHBUG00000003411	0	0
ENSHBUG00000003412	1	40
ENSHBUG00000003413	0	0
ENSHBUG00000003414	0	0
ENSHBUG00000003415	0	0
ENSHBUG00000003416	0	0
ENSHBUG00000003417	0	0
ENSHBUG00000003418	2	39
ENSHBUG00000003419	0	0
ENSHBUG00000003420	0	0
ENSHBUG00000003421	4	20
ENSHBUG00000003422	1	21
ENSHBUG00000003423	0	0
ENSHBUG00000003424	54	83
ENSHBUG00000003425	3	41
ENSHBUG00000003426	0	0
ENSHBUG00000003427	0	0
ENSHBUG00000003428	0	0
ENSHBUG00000003429	4	35
ENSHBUG00000003430	3	38
ENSHBUG00000003431	1	22
ENSHBUG00000003432	0	0
ENSHBUG00000003433	0	0
ENSHBUG00000003434	1	5
ENSHBUG00000003435	0	0
ENSHBUG00000003436	1	47
ENSHBUG00000003437	0	0
ENSHBUG00000003438	0	0
ENSHBUG00000003439	3	4
ENSHBUG00000003440	0	0
ENSHBUG00000003441	0	0
ENSHBUG00000003442	0	0
ENSHBUG00000003443	0	0
ENSHBUG00000003444	0	0
ENSHBUG00000003445	0	0
ENSHBUG00000003446	4	21
ENSHBUG00000003447	20	51
ENSHBUG00000003448	99	142
ENSHBUG00000003449	2	24
ENSHBUG00000003450	0	0
ENSHBUG00000003451	8	39
ENSHBUG00000003452	0	0
ENSHBUG00000003453	296	299
ENSHBUG00000003454	0	0
ENSHBUG00000003455	0	0
ENSHBUG00000003456	0	0
ENSHBUG00000003457	0	0
ENSHBUG00000003458	1	4
ENSHBUG00000003459	7	37
ENSHBUG00000003460	0	0
ENSHBUG00000003461	1	46
ENSHBUG00000003462	11	49
ENSHBUG00000003463	0	0
ENSHBUG00000003464	5	22
ENSHBUG00000003465	0	0
ENSHBUG00000003466	0	0
ENSHBUG00000003467	0	0
ENSHBUG00000003468	2	8
ENSHBUG00000003469	0	0
ENSHBUG00000003470	1	20
ENSHBUG00000003471	0	0
ENSHBUG00000003472	0	0
ENSHBUG00000003473	2	35
ENSHBUG00000003474	6	27
ENSHBUG00000003475	0	0
ENSHBUG00000003476	184	227
ENSHBUG00000003477	0	0
ENSHBUG00000003478	0	0
ENSHBUG00000003479	0	0
ENSHBUG00000003480	624	666
ENSHBUG00000003481	0	0
ENSHBUG00000003482	0	0
ENSHBUG00000003483	1	31
ENSHBUG00000003484	0	0
ENSHBUG00000003485	0	0
ENSHBUG00000003486	0	0
ENSHBUG00000003487	1	6
ENSHBUG00000003488	2	44
ENSHBUG00000003489	1	13
ENSHBUG00000003490	7	18
ENSHBUG00000003491	3	22
ENSHBUG00000003492	1	41
ENSHBUG00000003493	0	0
ENSHBUG00000003494	0	0
ENSHBUG00000003495	0	0
ENSHBUG00000003496	2	43
ENSHBUG00000003497	0	0
ENSHBUG00000003498	499	513
ENSHBUG00000003499	0	0
ENSHBUG00000003500	1	43
ENSHBUG00000003501	2	13
ENSHBUG00000003502	0	0
ENSHBUG00000003503	0	0
ENSHBUG00000003504	0	0
ENSHBUG00000003505	0	0
ENSHBUG00000003506	0	0
ENSHBUG00000003507	2	37
ENSHBUG00000003508	0	0
ENSHBUG00000003509	0	0
ENSHBUG00000003510	6	19
ENSHBUG00000003511	7	8
ENSHBUG00000003512	2	26
ENSHBUG00000003513	1	17
ENSHBUG00000003514	2	41
ENSHBUG00000003515	0	0
ENSHBUG00000003516	0	0
ENSHBUG00000003517	0	0
ENSHBUG00000003518	1	39
ENSHBUG00000003519	0	0
ENSHBUG00000003520	1	48
ENSHBUG00000003521	1	9
ENSHBUG00000003522	19	56
ENSHBUG00000003523	0	0
ENSHBUG00000003524	9	46
ENSHBUG00000003525	17	34
ENSHBUG00000003526	3	32
ENSHBUG00000003527	0	0
ENSHBUG00000003528	2	3
ENSHBUG00000003529	0	0
ENSHBUG00000003530	1	5
ENSHBUG00000003531	0	0
ENSHBUG00000003532	0	0
ENSHBUG00000003533	0	0
ENSHBUG00000003534	27	42
ENSHBUG00000003535	3	27
ENSHBUG00000003536	0	0
ENSHBUG00000003537	0	0
ENSHBUG00000003538	0	0
ENSHBUG00000003539	1	29
ENSHBUG00000003540	0	0
ENSHBUG00000003541	0	0
ENSHBUG00000003542	0	0
ENSHBUG00000003543	0	0
ENSHBUG00000003544	0	0
ENSHBUG00000003545	0	0
ENSHBUG00000003546	0	0
ENSHBUG00000003547	14	62
ENSHBUG00000003548	85	131
ENSHBUG00000003549	0	0
ENSHBUG00000003550	4316	4329
ENSHBUG00000003551	1	19
ENSHBUG00000003552	3	32
ENSHBUG00000003553	0	0
ENSHBUG00000003554	108	137
ENSHBUG00000003555	0	0
ENSHBUG00000003556	0	0
ENSHBUG00000003557	0	0
ENSHBUG00000003558	0	0
ENSHBUG00000003559	1	31
ENSHBUG00000003560	2	20
ENSHBUG00000003561	0	0
ENSHBUG00000003562	1	21
ENSHBUG00000003563	0	0
ENSHBUG00000003564	0	0
ENSHBUG00000003565	2	41
ENSHBUG00000003566	0	0
ENSHBUG00000003567	0	0
ENSHBUG00000003568	0	0
ENSHBUG00000003569	2	32
ENSHBUG00000003570	0	0
ENSHBUG00000003571	0	0
ENSHBUG00000003572	0	0
ENSHBUG00000003573	0	0
ENSHBUG00000003574	0	0
ENSHBUG00000003575	1	23
ENSHBUG00000003576	0	0
ENSHBUG00000003577	0	0
ENSHBUG00000003578	0	0
ENSHBUG00000003579	1	7
ENSHBUG00000003580	9	24
ENSHBUG00000003581	3	13
ENSHBUG00000003582	0	0
ENSHBUG00000003583	1	8
ENSHBUG00000003584	1	19
ENSHBUG00000003585	111	154
ENSHBUG00000003586	0	0
ENSHBUG00000003587	1802	1833
ENSHBUG00000003588	0	0
ENSHBUG00000003589	36	76
ENSHBUG00000003590	0	0
ENSHBUG00000003591	1	19
ENSHBUG00000003592	0	0
ENSHBUG00000003593	0	0
ENSHBUG00000003594	1	31
ENSHBUG00000003595	0	0
ENSHBUG00000003596	0	0
ENSHBUG00000003597	1	12
ENSHBUG00000003598	0	0
ENSHBUG00000003599	4	7
ENSHBUG00000003600	0	0
ENSHBUG00000003601	0	0
ENSHBUG00000003602	0	0
ENSHBUG00000003603	0	0
ENSHBUG00000003604	0	0
ENSHBUG00000003605	0	0
ENSHBUG00000003606	2	50
ENSHBUG00000003607	1	42
ENSHBUG00000003608	0	0
ENSHBUG00000003609	0	0
ENSHBUG00000003610	0	0
ENSHBUG00000003611	0	0
ENSHBUG00000003612	2	22
ENSHBUG00000003613	3	11
ENSHBUG00000003614	4	12
ENSHBUG00000003615	0	0
ENSHBUG00000003616	675	689
ENSHBUG00000003617	1	6
ENSHBUG00000003618	3	35
ENSHBUG00000003619	68	86
ENSHBUG00000003620	0	0
ENSHBUG00000003621	0	0
ENSHBUG00000003622	0	0
ENSHBUG00000003623	2	32
ENSHBUG00000003624	0	0
ENSHBUG00000003625	0	0
ENSHBUG00000003626	14	23
ENSHBUG00000003627	17	28
ENSHBUG00000003628	3	43
ENSHBUG00000003629	0	0
ENSHBUG00000003630	5	49
ENSHBUG00000003631	0	0
ENSHBUG00000003632	0	0
ENSHBUG00000003633	1	21
ENSHBUG00000003634	0	0
ENSHBUG00000003635	0	0
ENSHBUG00000003636	0	0
ENSHBUG00000003637	0	0
ENSHBUG00000003638	0	0
ENSHBUG00000003639	2	7
ENSHBUG00000003640	0	0
ENSHBUG00000003641	5	53
ENSHBUG00000003642	946	959
ENSHBUG00000003643	0	0
ENSHBUG00000003644	1	48
ENSHBUG00000003645	19	26
ENSHBUG00000003646	43	67
ENSHBUG00000003647	0	0
ENSHBUG00000003648	0	0
ENSHBUG00000003649	0	0
ENSHBUG00000003650	0	0
ENSHBUG00000003651	0	0
ENSHBUG00000003652	0	0
ENSHBUG00000003653	0	0
ENSHBUG00000003654	2	20
ENSHBUG00000003655	1	4
ENSHBUG00000003656	1616	1641
ENSHBUG00000003657	0	0
ENSHBUG00000003658	2	37
ENSHBUG00000003659	0	0
ENSHBUG00000003660	0	0
ENSHBUG00000003661	0	0
ENSHBUG00000003662	0	0
ENSHBUG00000003663	1	10
ENSHBUG00000003664	1	33
ENSHBUG00000003665	7	36
ENSHBUG00000003666	0	0
ENSHBUG00000003667	1	42
ENSHBUG00000003668	2	50
ENSHBUG00000003669	0	0
ENSHBUG00000003670	7	48
ENSHBUG00000003671	0	0
ENSHBUG00000003672	0	0
ENSHBUG00000003673	0	0
ENSHBUG00000003674	2	35
ENSHBUG00000003675	250	283
ENSHBUG00000003676	0	0
ENSHBUG00000003677	0	0
ENSHBUG00000003678	0	0
ENSHBUG00000003679	0	0
ENSHBUG00000003680	0	0
ENSHBUG00000003681	2	15
ENSHBUG00000003682	1	26
ENSHBUG00000003683	0	0
ENSHBUG00000003684	1	32
ENSHBUG00000003685	0	0
ENSHBUG00000003686	0	0
ENSHBUG00000003687	1	17
ENSHBUG00000003688	0	0
ENSHBUG00000003689	77	91
ENSHBUG00000003690	0	0
ENSHBUG00000003691	0	0
ENSHBUG00000003692	0	0
ENSHBUG00000003693	39	63
ENSHBUG00000003694	4	26
ENSHBUG00000003695	1	37
ENSHBUG00000003696	0	0
ENSHBUG00000003697	0	0
ENSHBUG00000003698	0	0
ENSHBUG00000003699	223	233
ENSHBUG00000003700	0	0
ENSHBUG00000003701	0	0
ENSHBUG00000003702	150	195
ENSHBUG00000003703	0	0
ENSHBUG00000003704	1	37
ENSHBUG00000003705	0	0
ENSHBUG00000003706	1	23
ENSHBUG00000003707	0	0
ENSHBUG00000003708	0	0
ENSHBUG00000003709	0	0
ENSHBUG00000003710	0	0
ENSHBUG00000003711	0	0
ENSHBUG00000003712	1	38
ENSHBUG00000003713	0	0
ENSHBUG00000003714	0	0
ENSHBUG00000003715	0	0
ENSHBUG00000003716	4	20
ENSHBUG00000003717	18	50
ENSHBUG00000003718	0	0
ENSHBUG00000003719	0	0
ENSHBUG00000003720	160	197
ENSHBUG00000003721	0	0
ENSHBUG00000003722	0	0
ENSHBUG00000003723	1	11
ENSHBUG00000003724	0	0
ENSHBUG00000003725	795	811
ENSHBUG00000003726	1	3
ENSHBUG00000003727	0	0
ENSHBUG00000003728	0	0
ENSHBUG00000003729	1	37
ENSHBUG00000003730	1	38
ENSHBUG00000003731	0	0
ENSHBUG00000003732	0	0
ENSHBUG00000003733	69	77
ENSHBUG00000003734	1	11
ENSHBUG00000003735	19	22
ENSHBUG00000003736	0	0
ENSHBUG00000003737	0	0
ENSHBUG00000003738	2	30
ENSHBUG00000003739	3730	3737
ENSHBUG00000003740	0	0
ENSHBUG00000003741	0	0
ENSHBUG00000003742	0	0
ENSHBUG00000003743	10	36
ENSHBUG00000003744	11	33
ENSHBUG00000003745	2	33
ENSHBUG00000003746	552	574
ENSHBUG00000003747	0	0
ENSHBUG00000003748	43	55
ENSHBUG00000003749	4	16
ENSHBUG00000003750	0	0
ENSHBUG00000003751	0	0
ENSHBUG00000003752	1	30
ENSHBUG00000003753	0	0
ENSHBUG00000003754	0	0
ENSHBUG00000003755	5	47
ENSHBUG00000003756	0	0
ENSHBUG00000003757	2	9
ENSHBUG00000003758	2	16
ENSHBUG00000003759	0	0
ENSHBUG00000003760	0	0
ENSHBUG00000003761	0	0
ENSHBUG00000003762	0	0
ENSHBUG00000003763	0	0
ENSHBUG00000003764	310	315
ENSHBUG00000003765	13	59
ENSHBUG00000003766	1	48
ENSHBUG00000003767	0	0
ENSHBUG00000003768	2	21
ENSHBUG00000003769	1	19
ENSHBUG00000003770	0	0
ENSHBUG00000003771	125	151
ENSHBUG00000003772	3	11
ENSHBUG00000003773	5	18
ENSHBUG00000003774	28	30
ENSHBUG00000003775	48	51
ENSHBUG00000003776	0	0
ENSHBUG00000003777	0	0
ENSHBUG00000003778	2	49
ENSHBUG00000003779	0	0
ENSHBUG00000003780	25	57
ENSHBUG00000003781	7	41
ENSHBUG00000003782	2859	2899
ENSHBUG00000003783	17	25
ENSHBUG00000003784	0	0
ENSHBUG00000003785	1	46
ENSHBUG00000003786	0	0
ENSHBUG00000003787	1	14
ENSHBUG00000003788	1	42
ENSHBUG00000003789	0	0
ENSHBUG00000003790	0	0
ENSHBUG00000003791	0	0
ENSHBUG00000003792	1	26
ENSHBUG00000003793	1	20
ENSHBUG00000003794	0	0
ENSHBUG00000003795	0	0
ENSHBUG00000003796	1	47
ENSHBUG00000003797	0	0
ENSHBUG00000003798	0	0
ENSHBUG00000003799	1	17
ENSHBUG00000003800	170	173
ENSHBUG00000003801	0	0
ENSHBUG00000003802	0	0
ENSHBUG00000003803	24	26
ENSHBUG00000003804	22	62
ENSHBUG00000003805	7	44
ENSHBUG00000003806	11	17
ENSHBUG00000003807	19	51
ENSHBUG00000003808	113	122
ENSHBUG00000003809	7	33
ENSHBUG00000003810	1	41
ENSHBUG00000003811	0	0
ENSHBUG00000003812	0	0
ENSHBUG00000003813	0	0
ENSHBUG00000003814	0	0
ENSHBUG00000003815	6	19
ENSHBUG00000003816	0	0
ENSHBUG00000003817	2	29
ENSHBUG00000003818	0	0
ENSHBUG00000003819	0	0
ENSHBUG00000003820	0	0
ENSHBUG00000003821	2	11
ENSHBUG00000003822	0	0
ENSHBUG00000003823	429	456
ENSHBUG00000003824	0	0
ENSHBUG00000003825	0	0
ENSHBUG00000003826	4	42
ENSHBUG00000003827	0	0
ENSHBUG00000003828	325	330
ENSHBUG00000003829	1	48
ENSHBUG00000003830	0	0
ENSHBUG00000003831	0	0
ENSHBUG00000003832	2	8
ENSHBUG00000003833	0	0
ENSHBUG00000003834	1	35
ENSHBUG00000003835	1	2
ENSHBUG00000003836	2	5
ENSHBUG00000003837	3	21
ENSHBUG00000003838	4	14
ENSHBUG00000003839	0	0
ENSHBUG00000003840	0	0
ENSHBUG00000003841	0	0
ENSHBUG00000003842	678	719
ENSHBUG00000003843	1	17
ENSHBUG00000003844	46	50
ENSHBUG00000003845	0	0
ENSHBUG00000003846	0	0
ENSHBUG00000003847	0	0
ENSHBUG00000003848	0	0
ENSHBUG00000003849	0	0
ENSHBUG00000003850	0	0
ENSHBUG00000003851	0	0
ENSHBUG00000003852	0	0
ENSHBUG00000003853	0	0
ENSHBUG00000003854	0	0
ENSHBUG00000003855	1	20
ENSHBUG00000003856	0	0
ENSHBUG00000003857	0	0
ENSHBUG00000003858	1	31
ENSHBUG00000003859	8	33
ENSHBUG00000003860	0	0
ENSHBUG00000003861	1	5
ENSHBUG00000003862	0	0
ENSHBUG00000003863	3	38
ENSHBUG00000003864	0	0
ENSHBUG00000003865	1	31
ENSHBUG00000003866	0	0
ENSHBUG00000003867	3	51
ENSHBUG00000003868	0	0
ENSHBUG00000003869	0	0
ENSHBUG00000003870	0	0
ENSHBUG00000003871	33	77
ENSHBUG00000003872	0	0
ENSHBUG00000003873	2	31
ENSHBUG00000003874	11	48
ENSHBUG00000003875	0	0
ENSHBUG00000003876	0	0
ENSHBUG00000003877	7	9
ENSHBUG00000003878	745	781
ENSHBUG00000003879	0	0
ENSHBUG00000003880	0	0
ENSHBUG00000003881	919	948
ENSHBUG00000003882	0	0
ENSHBUG00000003883	0	0
ENSHBUG00000003884	1	45
ENSHBUG00000003885	1	38
ENSHBUG00000003886	0	0
ENSHBUG00000003887	0	0
ENSHBUG00000003888	0	0
ENSHBUG00000003889	6	30
ENSHBUG00000003890	3	15
ENSHBUG00000003891	1	40
ENSHBUG00000003892	0	0
ENSHBUG00000003893	1	3
ENSHBUG00000003894	0	0
ENSHBUG00000003895	0	0
ENSHBUG00000003896	0	0
ENSHBUG00000003897	1	35
ENSHBUG00000003898	47	61
ENSHBUG00000003899	1	33
ENSHBUG00000003900	5	50
ENSHBUG00000003901	51	56
ENSHBUG00000003902	0	0
ENSHBUG00000003903	0	0
ENSHBUG00000003904	43	55
ENSHBUG00000003905	80	84
ENSHBUG00000003906	3	32
ENSHBUG00000003907	0	0
ENSHBUG00000003908	5	6
ENSHBUG00000003909	0	0
ENSHBUG00000003910	0	0
ENSHBUG00000003911	1	22
ENSHBUG00000003912	0	0
ENSHBUG00000003913	0	0
ENSHBUG00000003914	0	0
ENSHBUG00000003915	0	0
ENSHBUG00000003916	0	0
ENSHBUG00000003917	0	0
ENSHBUG00000003918	1	47
ENSHBUG00000003919	0	0
ENSHBUG00000003920	0	0
ENSHBUG00000003921	1	13
ENSHBUG00000003922	0	0
ENSHBUG00000003923	0	0
ENSHBUG00000003924	0	0
ENSHBUG00000003925	1	43
ENSHBUG00000003926	0	0
ENSHBUG00000003927	0	0
ENSHBUG00000003928	0	0
ENSHBUG00000003929	0	0
ENSHBUG00000003930	2	15
ENSHBUG00000003931	0	0
ENSHBUG00000003932	1	44
ENSHBUG00000003933	0	0
ENSHBUG00000003934	0	0
ENSHBUG00000003935	0	0
ENSHBUG00000003936	3	7
ENSHBUG00000003937	1	18
ENSHBUG00000003938	0	0
ENSHBUG00000003939	8	29
ENSHBUG00000003940	0	0
ENSHBUG00000003941	0	0
ENSHBUG00000003942	1	10
ENSHBUG00000003943	0	0
ENSHBUG00000003944	0	0
ENSHBUG00000003945	0	0
ENSHBUG00000003946	0	0
ENSHBUG00000003947	13	15
ENSHBUG00000003948	0	0
ENSHBUG00000003949	3	27
ENSHBUG00000003950	3	10
ENSHBUG00000003951	1	28
ENSHBUG00000003952	0	0
ENSHBUG00000003953	0	0
ENSHBUG00000003954	106	151
ENSHBUG00000003955	0	0
ENSHBUG00000003956	2	15
ENSHBUG00000003957	2	8
ENSHBUG00000003958	0	0
ENSHBUG00000003959	0	0
ENSHBUG00000003960	0	0
ENSHBUG00000003961	0	0
ENSHBUG00000003962	0	0
ENSHBUG00000003963	0	0
ENSHBUG00000003964	0	0
ENSHBUG00000003965	0	0
ENSHBUG00000003966	1	32
ENSHBUG00000003967	0	0
ENSHBUG00000003968	0	0
ENSHBUG00000003969	2	44
ENSHBUG00000003970	0	0
ENSHBUG00000003971	0	0
ENSHBUG00000003972	0	0
ENSHBUG00000003973	0	0
ENSHBUG00000003974	385	401
ENSHBUG00000003975	0	0
ENSHBUG00000003976	0	0
ENSHBUG00000003977	0	0
ENSHBUG00000003978	3	31
ENSHBUG00000003979	0	0
ENSHBUG00000003980	0	0
ENSHBUG00000003981	0	0
ENSHBUG00000003982	0	0
ENSHBUG00000003983	0	0
ENSHBUG00000003984	5	24
ENSHBUG00000003985	0	0
ENSHBUG00000003986	0	0
ENSHBUG00000003987	38	75
ENSHBUG00000003988	4	50
ENSHBUG00000003989	0	0
ENSHBUG00000003990	0	0
ENSHBUG00000003991	2	38
ENSHBUG00000003992	0	0
ENSHBUG00000003993	3	41
ENSHBUG00000003994	0	0
ENSHBUG00000003995	0	0
ENSHBUG00000003996	0	0
ENSHBUG00000003997	0	0
ENSHBUG00000003998	1	33
ENSHBUG00000003999	1	41
ENSHBUG00000004000	0	0
ENSHBUG00000004001	0	0
ENSHBUG00000004002	0	0
ENSHBUG00000004003	0	0
ENSHBUG00000004004	6	43
ENSHBUG00000004005	0	0
ENSHBUG00000004006	0	0
ENSHBUG00000004007	0	0
ENSHBUG00000004008	2	25
ENSHBUG00000004009	0	0
ENSHBUG00000004010	0	0
ENSHBUG00000004011	2	44
ENSHBUG00000004012	0	0
ENSHBUG00000004013	12	14
ENSHBUG00000004014	26	32
ENSHBUG00000004015	6	49
ENSHBUG00000004016	0	0
ENSHBUG00000004017	0	0
ENSHBUG00000004018	0	0
ENSHBUG00000004019	4	29
ENSHBUG00000004020	4	33
ENSHBUG00000004021	1	21
ENSHBUG00000004022	608	651
ENSHBUG00000004023	17	35
ENSHBUG00000004024	1	48
ENSHBUG00000004025	3	17
ENSHBUG00000004026	0	0
ENSHBUG00000004027	0	0
ENSHBUG00000004028	0	0
ENSHBUG00000004029	0	0
ENSHBUG00000004030	0	0
ENSHBUG00000004031	0	0
ENSHBUG00000004032	14	41
ENSHBUG00000004033	1	44
ENSHBUG00000004034	0	0
ENSHBUG00000004035	12	42
ENSHBUG00000004036	34	35
ENSHBUG00000004037	3	40
ENSHBUG00000004038	1	12
ENSHBUG00000004039	1	29
ENSHBUG00000004040	0	0
ENSHBUG00000004041	1	40
ENSHBUG00000004042	6	38
ENSHBUG00000004043	4	12
ENSHBUG00000004044	0	0
ENSHBUG00000004045	1	29
ENSHBUG00000004046	0	0
ENSHBUG00000004047	1	47
ENSHBUG00000004048	0	0
ENSHBUG00000004049	6	44
ENSHBUG00000004050	0	0
ENSHBUG00000004051	0	0
ENSHBUG00000004052	0	0
ENSHBUG00000004053	0	0
ENSHBUG00000004054	163	166
ENSHBUG00000004055	1	20
ENSHBUG00000004056	1	13
ENSHBUG00000004057	9	42
ENSHBUG00000004058	0	0
ENSHBUG00000004059	1	44
ENSHBUG00000004060	0	0
ENSHBUG00000004061	0	0
ENSHBUG00000004062	1	44
ENSHBUG00000004063	0	0
ENSHBUG00000004064	60	91
ENSHBUG00000004065	6	9
ENSHBUG00000004066	0	0
ENSHBUG00000004067	1	14
ENSHBUG00000004068	92	109
ENSHBUG00000004069	0	0
ENSHBUG00000004070	0	0
ENSHBUG00000004071	0	0
ENSHBUG00000004072	1	40
ENSHBUG00000004073	0	0
ENSHBUG00000004074	4	29
ENSHBUG00000004075	0	0
ENSHBUG00000004076	4	33
ENSHBUG00000004077	78	108
ENSHBUG00000004078	1	11
ENSHBUG00000004079	0	0
ENSHBUG00000004080	1	14
ENSHBUG00000004081	47	74
ENSHBUG00000004082	0	0
ENSHBUG00000004083	3	10
ENSHBUG00000004084	0	0
ENSHBUG00000004085	1	40
ENSHBUG00000004086	5	17
ENSHBUG00000004087	0	0
ENSHBUG00000004088	0	0
ENSHBUG00000004089	1	22
ENSHBUG00000004090	0	0
ENSHBUG00000004091	1	23
ENSHBUG00000004092	0	0
ENSHBUG00000004093	0	0
ENSHBUG00000004094	1	5
ENSHBUG00000004095	0	0
ENSHBUG00000004096	0	0
ENSHBUG00000004097	99	121
ENSHBUG00000004098	0	0
ENSHBUG00000004099	28	32
ENSHBUG00000004100	0	0
ENSHBUG00000004101	0	0
ENSHBUG00000004102	0	0
ENSHBUG00000004103	0	0
ENSHBUG00000004104	80	115
ENSHBUG00000004105	0	0
ENSHBUG00000004106	3	42
ENSHBUG00000004107	0	0
ENSHBUG00000004108	0	0
ENSHBUG00000004109	0	0
ENSHBUG00000004110	0	0
ENSHBUG00000004111	0	0
ENSHBUG00000004112	0	0
ENSHBUG00000004113	45	88
ENSHBUG00000004114	1	10
ENSHBUG00000004115	10	57
ENSHBUG00000004116	0	0
ENSHBUG00000004117	1	29
ENSHBUG00000004118	0	0
ENSHBUG00000004119	3	47
ENSHBUG00000004120	0	0
ENSHBUG00000004121	2	30
ENSHBUG00000004122	1	21
ENSHBUG00000004123	0	0
ENSHBUG00000004124	53	65
ENSHBUG00000004125	2	32
ENSHBUG00000004126	103	115
ENSHBUG00000004127	2	29
ENSHBUG00000004128	0	0
ENSHBUG00000004129	4	29
ENSHBUG00000004130	0	0
ENSHBUG00000004131	0	0
ENSHBUG00000004132	0	0
ENSHBUG00000004133	0	0
ENSHBUG00000004134	0	0
ENSHBUG00000004135	1	42
ENSHBUG00000004136	0	0
ENSHBUG00000004137	7	38
ENSHBUG00000004138	600	641
ENSHBUG00000004139	0	0
ENSHBUG00000004140	0	0
ENSHBUG00000004141	0	0
ENSHBUG00000004142	1	46
ENSHBUG00000004143	0	0
ENSHBUG00000004144	0	0
ENSHBUG00000004145	2	9
ENSHBUG00000004146	0	0
ENSHBUG00000004147	1	28
ENSHBUG00000004148	0	0
ENSHBUG00000004149	2	18
ENSHBUG00000004150	2	8
ENSHBUG00000004151	0	0
ENSHBUG00000004152	0	0
ENSHBUG00000004153	0	0
ENSHBUG00000004154	1	48
ENSHBUG00000004155	96	138
ENSHBUG00000004156	1	21
ENSHBUG00000004157	616	651
ENSHBUG00000004158	0	0
ENSHBUG00000004159	5	20
ENSHBUG00000004160	0	0
ENSHBUG00000004161	0	0
ENSHBUG00000004162	0	0
ENSHBUG00000004163	24	36
ENSHBUG00000004164	0	0
ENSHBUG00000004165	0	0
ENSHBUG00000004166	0	0
ENSHBUG00000004167	17	54
ENSHBUG00000004168	3481	3506
ENSHBUG00000004169	2	31
ENSHBUG00000004170	0	0
ENSHBUG00000004171	0	0
ENSHBUG00000004172	1	28
ENSHBUG00000004173	0	0
ENSHBUG00000004174	3	27
ENSHBUG00000004175	0	0
ENSHBUG00000004176	0	0
ENSHBUG00000004177	0	0
ENSHBUG00000004178	4	37
ENSHBUG00000004179	1	38
ENSHBUG00000004180	0	0
ENSHBUG00000004181	6	40
ENSHBUG00000004182	63	90
ENSHBUG00000004183	0	0
ENSHBUG00000004184	1	16
ENSHBUG00000004185	12	56
ENSHBUG00000004186	0	0
ENSHBUG00000004187	12	27
ENSHBUG00000004188	1	11
ENSHBUG00000004189	0	0
ENSHBUG00000004190	1	7
ENSHBUG00000004191	15	38
ENSHBUG00000004192	29	45
ENSHBUG00000004193	1	8
ENSHBUG00000004194	0	0
ENSHBUG00000004195	0	0
ENSHBUG00000004196	16	59
ENSHBUG00000004197	0	0
ENSHBUG00000004198	0	0
ENSHBUG00000004199	0	0
ENSHBUG00000004200	0	0
ENSHBUG00000004201	644	691
ENSHBUG00000004202	288	292
ENSHBUG00000004203	0	0
ENSHBUG00000004204	0	0
ENSHBUG00000004205	2	33
ENSHBUG00000004206	1	33
ENSHBUG00000004207	1	4
ENSHBUG00000004208	35	48
ENSHBUG00000004209	2	20
ENSHBUG00000004210	0	0
ENSHBUG00000004211	0	0
ENSHBUG00000004212	0	0
ENSHBUG00000004213	0	0
ENSHBUG00000004214	1	39
ENSHBUG00000004215	2	9
ENSHBUG00000004216	0	0
ENSHBUG00000004217	1	19
ENSHBUG00000004218	3	11
ENSHBUG00000004219	0	0
ENSHBUG00000004220	4	41
ENSHBUG00000004221	0	0
ENSHBUG00000004222	0	0
ENSHBUG00000004223	0	0
ENSHBUG00000004224	2	30
ENSHBUG00000004225	0	0
ENSHBUG00000004226	0	0
ENSHBUG00000004227	1	46
ENSHBUG00000004228	1	2
ENSHBUG00000004229	1	42
ENSHBUG00000004230	124	166
ENSHBUG00000004231	0	0
ENSHBUG00000004232	1	6
ENSHBUG00000004233	0	0
ENSHBUG00000004234	1	15
ENSHBUG00000004235	0	0
ENSHBUG00000004236	2	49
ENSHBUG00000004237	20	62
ENSHBUG00000004238	0	0
ENSHBUG00000004239	0	0
ENSHBUG00000004240	0	0
ENSHBUG00000004241	5	23
ENSHBUG00000004242	1	32
ENSHBUG00000004243	35	53
ENSHBUG00000004244	2	39
ENSHBUG00000004245	0	0
ENSHBUG00000004246	23	24
ENSHBUG00000004247	0	0
ENSHBUG00000004248	0	0
ENSHBUG00000004249	3	26
ENSHBUG00000004250	0	0
ENSHBUG00000004251	0	0
ENSHBUG00000004252	1	41
ENSHBUG00000004253	1	2
ENSHBUG00000004254	0	0
ENSHBUG00000004255	2	36
ENSHBUG00000004256	19	60
ENSHBUG00000004257	0	0
ENSHBUG00000004258	21	60
ENSHBUG00000004259	3	6
ENSHBUG00000004260	0	0
ENSHBUG00000004261	0	0
ENSHBUG00000004262	0	0
ENSHBUG00000004263	1	43
ENSHBUG00000004264	0	0
ENSHBUG00000004265	0	0
ENSHBUG00000004266	0	0
ENSHBUG00000004267	0	0
ENSHBUG00000004268	0	0
ENSHBUG00000004269	411	443
ENSHBUG00000004270	0	0
ENSHBUG00000004271	0	0
ENSHBUG00000004272	0	0
ENSHBUG00000004273	0	0
ENSHBUG00000004274	1	44
ENSHBUG00000004275	0	0
ENSHBUG00000004276	51	86
ENSHBUG00000004277	0	0
ENSHBUG00000004278	0	0
ENSHBUG00000004279	0	0
ENSHBUG00000004280	1	23
ENSHBUG00000004281	1	4
ENSHBUG00000004282	0	0
ENSHBUG00000004283	0	0
ENSHBUG00000004284	0	0
ENSHBUG00000004285	0	0
ENSHBUG00000004286	0	0
ENSHBUG00000004287	0	0
ENSHBUG00000004288	2	18
ENSHBUG00000004289	0	0
ENSHBUG00000004290	3	7
ENSHBUG00000004291	0	0
ENSHBUG00000004292	0	0
ENSHBUG00000004293	0	0
ENSHBUG00000004294	0	0
ENSHBUG00000004295	0	0
ENSHBUG00000004296	7	29
ENSHBUG00000004297	94	106
ENSHBUG00000004298	0	0
ENSHBUG00000004299	0	0
ENSHBUG00000004300	0	0
ENSHBUG00000004301	4	40
ENSHBUG00000004302	0	0
ENSHBUG00000004303	0	0
ENSHBUG00000004304	0	0
ENSHBUG00000004305	0	0
ENSHBUG00000004306	0	0
ENSHBUG00000004307	1	14
ENSHBUG00000004308	2	40
ENSHBUG00000004309	0	0
ENSHBUG00000004310	0	0
ENSHBUG00000004311	1	23
ENSHBUG00000004312	1	42
ENSHBUG00000004313	0	0
ENSHBUG00000004314	0	0
ENSHBUG00000004315	0	0
ENSHBUG00000004316	0	0
ENSHBUG00000004317	0	0
ENSHBUG00000004318	5	53
ENSHBUG00000004319	0	0
ENSHBUG00000004320	0	0
ENSHBUG00000004321	32	66
ENSHBUG00000004322	0	0
ENSHBUG00000004323	0	0
ENSHBUG00000004324	989	1024
ENSHBUG00000004325	7	46
ENSHBUG00000004326	0	0
ENSHBUG00000004327	1	35
ENSHBUG00000004328	0	0
ENSHBUG00000004329	1	44
ENSHBUG00000004330	460	472
ENSHBUG00000004331	0	0
ENSHBUG00000004332	0	0
ENSHBUG00000004333	0	0
ENSHBUG00000004334	6	35
ENSHBUG00000004335	0	0
ENSHBUG00000004336	1	25
ENSHBUG00000004337	28	76
ENSHBUG00000004338	0	0
ENSHBUG00000004339	385	405
ENSHBUG00000004340	1	39
ENSHBUG00000004341	425	470
ENSHBUG00000004342	12	60
ENSHBUG00000004343	1	46
ENSHBUG00000004344	0	0
ENSHBUG00000004345	0	0
ENSHBUG00000004346	110	149
ENSHBUG00000004347	6	28
ENSHBUG00000004348	5	48
ENSHBUG00000004349	94	140
ENSHBUG00000004350	0	0
ENSHBUG00000004351	0	0
ENSHBUG00000004352	1	37
ENSHBUG00000004353	0	0
ENSHBUG00000004354	1	32
ENSHBUG00000004355	1	18
ENSHBUG00000004356	2	3
ENSHBUG00000004357	1	48
ENSHBUG00000004358	0	0
ENSHBUG00000004359	1	28
ENSHBUG00000004360	0	0
ENSHBUG00000004361	2	30
ENSHBUG00000004362	7	16
ENSHBUG00000004363	2	27
ENSHBUG00000004364	2	29
ENSHBUG00000004365	36	48
ENSHBUG00000004366	0	0
ENSHBUG00000004367	0	0
ENSHBUG00000004368	0	0
ENSHBUG00000004369	0	0
ENSHBUG00000004370	0	0
ENSHBUG00000004371	0	0
ENSHBUG00000004372	0	0
ENSHBUG00000004373	11	42
ENSHBUG00000004374	0	0
ENSHBUG00000004375	0	0
ENSHBUG00000004376	11	39
ENSHBUG00000004377	0	0
ENSHBUG00000004378	0	0
ENSHBUG00000004379	73	80
ENSHBUG00000004380	0	0
ENSHBUG00000004381	594	635
ENSHBUG00000004382	0	0
ENSHBUG00000004383	316	326
ENSHBUG00000004384	0	0
ENSHBUG00000004385	0	0
ENSHBUG00000004386	0	0
ENSHBUG00000004387	3	30
ENSHBUG00000004388	0	0
ENSHBUG00000004389	0	0
ENSHBUG00000004390	2	47
ENSHBUG00000004391	3	21
ENSHBUG00000004392	0	0
ENSHBUG00000004393	2	17
ENSHBUG00000004394	0	0
ENSHBUG00000004395	1	5
ENSHBUG00000004396	68	78
ENSHBUG00000004397	1	34
ENSHBUG00000004398	3	8
ENSHBUG00000004399	1	10
ENSHBUG00000004400	0	0
ENSHBUG00000004401	0	0
ENSHBUG00000004402	0	0
ENSHBUG00000004403	0	0
ENSHBUG00000004404	2	15
ENSHBUG00000004405	3	5
ENSHBUG00000004406	0	0
ENSHBUG00000004407	0	0
ENSHBUG00000004408	20	24
ENSHBUG00000004409	2	15
ENSHBUG00000004410	0	0
ENSHBUG00000004411	0	0
ENSHBUG00000004412	0	0
ENSHBUG00000004413	4	33
ENSHBUG00000004414	0	0
ENSHBUG00000004415	0	0
ENSHBUG00000004416	7	45
ENSHBUG00000004417	0	0
ENSHBUG00000004418	76	101
ENSHBUG00000004419	7	48
ENSHBUG00000004420	184	215
ENSHBUG00000004421	32	74
ENSHBUG00000004422	0	0
ENSHBUG00000004423	0	0
ENSHBUG00000004424	0	0
ENSHBUG00000004425	0	0
ENSHBUG00000004426	0	0
ENSHBUG00000004427	0	0
ENSHBUG00000004428	0	0
ENSHBUG00000004429	0	0
ENSHBUG00000004430	0	0
ENSHBUG00000004431	2	19
ENSHBUG00000004432	1	32
ENSHBUG00000004433	1	14
ENSHBUG00000004434	2	17
ENSHBUG00000004435	0	0
ENSHBUG00000004436	0	0
ENSHBUG00000004437	0	0
ENSHBUG00000004438	0	0
ENSHBUG00000004439	0	0
ENSHBUG00000004440	0	0
ENSHBUG00000004441	0	0
ENSHBUG00000004442	2	14
ENSHBUG00000004443	3	25
ENSHBUG00000004444	0	0
ENSHBUG00000004445	0	0
ENSHBUG00000004446	0	0
ENSHBUG00000004447	21	42
ENSHBUG00000004448	25	33
ENSHBUG00000004449	0	0
ENSHBUG00000004450	0	0
ENSHBUG00000004451	0	0
ENSHBUG00000004452	0	0
ENSHBUG00000004453	0	0
ENSHBUG00000004454	2	14
ENSHBUG00000004455	122	167
ENSHBUG00000004456	0	0
ENSHBUG00000004457	1	42
ENSHBUG00000004458	0	0
ENSHBUG00000004459	0	0
ENSHBUG00000004460	0	0
ENSHBUG00000004461	5	14
ENSHBUG00000004462	0	0
ENSHBUG00000004463	1	5
ENSHBUG00000004464	112	132
ENSHBUG00000004465	0	0
ENSHBUG00000004466	0	0
ENSHBUG00000004467	479	503
ENSHBUG00000004468	0	0
ENSHBUG00000004469	0	0
ENSHBUG00000004470	0	0
ENSHBUG00000004471	0	0
ENSHBUG00000004472	0	0
ENSHBUG00000004473	0	0
ENSHBUG00000004474	0	0
ENSHBUG00000004475	3	45
ENSHBUG00000004476	8	22
ENSHBUG00000004477	2	28
ENSHBUG00000004478	0	0
ENSHBUG00000004479	0	0
ENSHBUG00000004480	0	0
ENSHBUG00000004481	0	0
ENSHBUG00000004482	0	0
ENSHBUG00000004483	0	0
ENSHBUG00000004484	0	0
ENSHBUG00000004485	0	0
ENSHBUG00000004486	24	61
ENSHBUG00000004487	0	0
ENSHBUG00000004488	0	0
ENSHBUG00000004489	0	0
ENSHBUG00000004490	30	75
ENSHBUG00000004491	0	0
ENSHBUG00000004492	0	0
ENSHBUG00000004493	1	40
ENSHBUG00000004494	0	0
ENSHBUG00000004495	0	0
ENSHBUG00000004496	0	0
ENSHBUG00000004497	88	107
ENSHBUG00000004498	0	0
ENSHBUG00000004499	0	0
ENSHBUG00000004500	0	0
ENSHBUG00000004501	5	48
ENSHBUG00000004502	0	0
ENSHBUG00000004503	1	36
ENSHBUG00000004504	0	0
ENSHBUG00000004505	0	0
ENSHBUG00000004506	1	39
ENSHBUG00000004507	0	0
ENSHBUG00000004508	0	0
ENSHBUG00000004509	0	0
ENSHBUG00000004510	0	0
ENSHBUG00000004511	0	0
ENSHBUG00000004512	1	47
ENSHBUG00000004513	0	0
ENSHBUG00000004514	0	0
ENSHBUG00000004515	0	0
ENSHBUG00000004516	0	0
ENSHBUG00000004517	0	0
ENSHBUG00000004518	0	0
ENSHBUG00000004519	0	0
ENSHBUG00000004520	0	0
ENSHBUG00000004521	3	26
ENSHBUG00000004522	2	28
ENSHBUG00000004523	0	0
ENSHBUG00000004524	0	0
ENSHBUG00000004525	0	0
ENSHBUG00000004526	183	189
ENSHBUG00000004527	0	0
ENSHBUG00000004528	7	9
ENSHBUG00000004529	0	0
ENSHBUG00000004530	0	0
ENSHBUG00000004531	5	34
ENSHBUG00000004532	1	34
ENSHBUG00000004533	1	23
ENSHBUG00000004534	0	0
ENSHBUG00000004535	0	0
ENSHBUG00000004536	0	0
ENSHBUG00000004537	3	31
ENSHBUG00000004538	0	0
ENSHBUG00000004539	58	60
ENSHBUG00000004540	4	13
ENSHBUG00000004541	4	7
ENSHBUG00000004542	69	114
ENSHBUG00000004543	5	43
ENSHBUG00000004544	1	27
ENSHBUG00000004545	0	0
ENSHBUG00000004546	1	18
ENSHBUG00000004547	0	0
ENSHBUG00000004548	1	41
ENSHBUG00000004549	0	0
ENSHBUG00000004550	1	6
ENSHBUG00000004551	6	26
ENSHBUG00000004552	0	0
ENSHBUG00000004553	0	0
ENSHBUG00000004554	0	0
ENSHBUG00000004555	0	0
ENSHBUG00000004556	0	0
ENSHBUG00000004557	0	0
ENSHBUG00000004558	1	18
ENSHBUG00000004559	2	47
ENSHBUG00000004560	7	39
ENSHBUG00000004561	1	40
ENSHBUG00000004562	0	0
ENSHBUG00000004563	4	51
ENSHBUG00000004564	2	37
ENSHBUG00000004565	1	19
ENSHBUG00000004566	5	39
ENSHBUG00000004567	0	0
ENSHBUG00000004568	4	7
ENSHBUG00000004569	2	24
ENSHBUG00000004570	8	27
ENSHBUG00000004571	0	0
ENSHBUG00000004572	0	0
ENSHBUG00000004573	9	40
ENSHBUG00000004574	1	46
ENSHBUG00000004575	4	49
ENSHBUG00000004576	0	0
ENSHBUG00000004577	0	0
ENSHBUG00000004578	0	0
ENSHBUG00000004579	1	35
ENSHBUG00000004580	1	40
ENSHBUG00000004581	36	54
ENSHBUG00000004582	0	0
ENSHBUG00000004583	16	19
ENSHBUG00000004584	0	0
ENSHBUG00000004585	1	6
ENSHBUG00000004586	0	0
ENSHBUG00000004587	1	18
ENSHBUG00000004588	1	41
ENSHBUG00000004589	0	0
ENSHBUG00000004590	53	59
ENSHBUG00000004591	0	0
ENSHBUG00000004592	1	8
ENSHBUG00000004593	0	0
ENSHBUG00000004594	0	0
ENSHBUG00000004595	0	0
ENSHBUG00000004596	0	0
ENSHBUG00000004597	22	53
ENSHBUG00000004598	5	28
ENSHBUG00000004599	0	0
ENSHBUG00000004600	2	26
ENSHBUG00000004601	7	50
ENSHBUG00000004602	13	33
ENSHBUG00000004603	3	5
ENSHBUG00000004604	7	45
ENSHBUG00000004605	0	0
ENSHBUG00000004606	0	0
ENSHBUG00000004607	0	0
ENSHBUG00000004608	3	48
ENSHBUG00000004609	1	13
ENSHBUG00000004610	1	28
ENSHBUG00000004611	0	0
ENSHBUG00000004612	0	0
ENSHBUG00000004613	1	5
ENSHBUG00000004614	7	27
ENSHBUG00000004615	88	130
ENSHBUG00000004616	4	32
ENSHBUG00000004617	1	23
ENSHBUG00000004618	0	0
ENSHBUG00000004619	0	0
ENSHBUG00000004620	0	0
ENSHBUG00000004621	0	0
ENSHBUG00000004622	2	38
ENSHBUG00000004623	0	0
ENSHBUG00000004624	5	12
ENSHBUG00000004625	0	0
ENSHBUG00000004626	0	0
ENSHBUG00000004627	0	0
ENSHBUG00000004628	0	0
ENSHBUG00000004629	0	0
ENSHBUG00000004630	0	0
ENSHBUG00000004631	1	38
ENSHBUG00000004632	0	0
ENSHBUG00000004633	9	44
ENSHBUG00000004634	1	39
ENSHBUG00000004635	1	7
ENSHBUG00000004636	0	0
ENSHBUG00000004637	0	0
ENSHBUG00000004638	0	0
ENSHBUG00000004639	2397	2407
ENSHBUG00000004640	0	0
ENSHBUG00000004641	2	16
ENSHBUG00000004642	1	36
ENSHBUG00000004643	1	38
ENSHBUG00000004644	0	0
ENSHBUG00000004645	6	45
ENSHBUG00000004646	0	0
ENSHBUG00000004647	0	0
ENSHBUG00000004648	2	35
ENSHBUG00000004649	0	0
ENSHBUG00000004650	179	207
ENSHBUG00000004651	0	0
ENSHBUG00000004652	0	0
ENSHBUG00000004653	0	0
ENSHBUG00000004654	1	8
ENSHBUG00000004655	0	0
ENSHBUG00000004656	1	28
ENSHBUG00000004657	0	0
ENSHBUG00000004658	3	27
ENSHBUG00000004659	0	0
ENSHBUG00000004660	0	0
ENSHBUG00000004661	11	50
ENSHBUG00000004662	3	20
ENSHBUG00000004663	1	43
ENSHBUG00000004664	2	33
ENSHBUG00000004665	0	0
ENSHBUG00000004666	0	0
ENSHBUG00000004667	7	23
ENSHBUG00000004668	0	0
ENSHBUG00000004669	4	37
ENSHBUG00000004670	1	38
ENSHBUG00000004671	0	0
ENSHBUG00000004672	0	0
ENSHBUG00000004673	0	0
ENSHBUG00000004674	0	0
ENSHBUG00000004675	5	22
ENSHBUG00000004676	0	0
ENSHBUG00000004677	4	36
ENSHBUG00000004678	1	23
ENSHBUG00000004679	0	0
ENSHBUG00000004680	0	0
ENSHBUG00000004681	0	0
ENSHBUG00000004682	1	5
ENSHBUG00000004683	0	0
ENSHBUG00000004684	2	32
ENSHBUG00000004685	1	28
ENSHBUG00000004686	0	0
ENSHBUG00000004687	3	35
ENSHBUG00000004688	0	0
ENSHBUG00000004689	1	13
ENSHBUG00000004690	13	39
ENSHBUG00000004691	0	0
ENSHBUG00000004692	0	0
ENSHBUG00000004693	0	0
ENSHBUG00000004694	0	0
ENSHBUG00000004695	7	47
ENSHBUG00000004696	1	47
ENSHBUG00000004697	8	56
ENSHBUG00000004698	5	20
ENSHBUG00000004699	4	41
ENSHBUG00000004700	0	0
ENSHBUG00000004701	1	43
ENSHBUG00000004702	0	0
ENSHBUG00000004703	4	48
ENSHBUG00000004704	6	33
ENSHBUG00000004705	0	0
ENSHBUG00000004706	5	21
ENSHBUG00000004707	1	47
ENSHBUG00000004708	2	9
ENSHBUG00000004709	2	16
ENSHBUG00000004710	0	0
ENSHBUG00000004711	0	0
ENSHBUG00000004712	0	0
ENSHBUG00000004713	1	24
ENSHBUG00000004714	1	31
ENSHBUG00000004715	9	11
ENSHBUG00000004716	1	43
ENSHBUG00000004717	4	29
ENSHBUG00000004718	456	479
ENSHBUG00000004719	0	0
ENSHBUG00000004720	0	0
ENSHBUG00000004721	0	0
ENSHBUG00000004722	4	28
ENSHBUG00000004723	0	0
ENSHBUG00000004724	1	28
ENSHBUG00000004725	0	0
ENSHBUG00000004726	0	0
ENSHBUG00000004727	0	0
ENSHBUG00000004728	445	452
ENSHBUG00000004729	4	40
ENSHBUG00000004730	0	0
ENSHBUG00000004731	1	18
ENSHBUG00000004732	1	31
ENSHBUG00000004733	0	0
ENSHBUG00000004734	1	49
ENSHBUG00000004735	0	0
ENSHBUG00000004736	0	0
ENSHBUG00000004737	11	20
ENSHBUG00000004738	1	44
ENSHBUG00000004739	3	9
ENSHBUG00000004740	0	0
ENSHBUG00000004741	0	0
ENSHBUG00000004742	1	44
ENSHBUG00000004743	5	18
ENSHBUG00000004744	0	0
ENSHBUG00000004745	0	0
ENSHBUG00000004746	0	0
ENSHBUG00000004747	0	0
ENSHBUG00000004748	1	26
ENSHBUG00000004749	1	18
ENSHBUG00000004750	271	283
ENSHBUG00000004751	1	14
ENSHBUG00000004752	0	0
ENSHBUG00000004753	0	0
ENSHBUG00000004754	6	30
ENSHBUG00000004755	1	26
ENSHBUG00000004756	0	0
ENSHBUG00000004757	0	0
ENSHBUG00000004758	0	0
ENSHBUG00000004759	0	0
ENSHBUG00000004760	1	6
ENSHBUG00000004761	0	0
ENSHBUG00000004762	2001	2040
ENSHBUG00000004763	7	33
ENSHBUG00000004764	1	14
ENSHBUG00000004765	2	35
ENSHBUG00000004766	0	0
ENSHBUG00000004767	0	0
ENSHBUG00000004768	57	94
ENSHBUG00000004769	0	0
ENSHBUG00000004770	0	0
ENSHBUG00000004771	0	0
ENSHBUG00000004772	1	9
ENSHBUG00000004773	5	28
ENSHBUG00000004774	1	46
ENSHBUG00000004775	1	47
ENSHBUG00000004776	0	0
ENSHBUG00000004777	0	0
ENSHBUG00000004778	0	0
ENSHBUG00000004779	0	0
ENSHBUG00000004780	0	0
ENSHBUG00000004781	0	0
ENSHBUG00000004782	1387	1397
ENSHBUG00000004783	0	0
ENSHBUG00000004784	0	0
ENSHBUG00000004785	0	0
ENSHBUG00000004786	0	0
ENSHBUG00000004787	290	310
ENSHBUG00000004788	0	0
ENSHBUG00000004789	0	0
ENSHBUG00000004790	0	0
ENSHBUG00000004791	31	74
ENSHBUG00000004792	25	33
ENSHBUG00000004793	2	32
ENSHBUG00000004794	19	26
ENSHBUG00000004795	0	0
ENSHBUG00000004796	0	0
ENSHBUG00000004797	2	49
ENSHBUG00000004798	2	28
ENSHBUG00000004799	0	0
ENSHBUG00000004800	0	0
ENSHBUG00000004801	4	23
ENSHBUG00000004802	2	3
ENSHBUG00000004803	0	0
ENSHBUG00000004804	8	49
ENSHBUG00000004805	0	0
ENSHBUG00000004806	0	0
ENSHBUG00000004807	7	26
ENSHBUG00000004808	0	0
ENSHBUG00000004809	0	0
ENSHBUG00000004810	1	8
ENSHBUG00000004811	0	0
ENSHBUG00000004812	0	0
ENSHBUG00000004813	41	47
ENSHBUG00000004814	0	0
ENSHBUG00000004815	3	27
ENSHBUG00000004816	1	30
ENSHBUG00000004817	0	0
ENSHBUG00000004818	0	0
ENSHBUG00000004819	0	0
ENSHBUG00000004820	7	13
ENSHBUG00000004821	1	42
ENSHBUG00000004822	0	0
ENSHBUG00000004823	0	0
ENSHBUG00000004824	7	22
ENSHBUG00000004825	0	0
ENSHBUG00000004826	1	33
ENSHBUG00000004827	1470	1492
ENSHBUG00000004828	0	0
ENSHBUG00000004829	0	0
ENSHBUG00000004830	1	19
ENSHBUG00000004831	2	25
ENSHBUG00000004832	11	58
ENSHBUG00000004833	51	71
ENSHBUG00000004834	0	0
ENSHBUG00000004835	0	0
ENSHBUG00000004836	5	36
ENSHBUG00000004837	0	0
ENSHBUG00000004838	1	39
ENSHBUG00000004839	0	0
ENSHBUG00000004840	2	39
ENSHBUG00000004841	0	0
ENSHBUG00000004842	1	46
ENSHBUG00000004843	24	50
ENSHBUG00000004844	1	24
ENSHBUG00000004845	1	46
ENSHBUG00000004846	3	27
ENSHBUG00000004847	0	0
ENSHBUG00000004848	8	53
ENSHBUG00000004849	2	8
ENSHBUG00000004850	5	26
ENSHBUG00000004851	0	0
ENSHBUG00000004852	1	44
ENSHBUG00000004853	10	15
ENSHBUG00000004854	4	9
ENSHBUG00000004855	2	47
ENSHBUG00000004856	0	0
ENSHBUG00000004857	0	0
ENSHBUG00000004858	0	0
ENSHBUG00000004859	0	0
ENSHBUG00000004860	0	0
ENSHBUG00000004861	19	29
ENSHBUG00000004862	0	0
ENSHBUG00000004863	1	18
ENSHBUG00000004864	0	0
ENSHBUG00000004865	0	0
ENSHBUG00000004866	1	41
ENSHBUG00000004867	15	21
ENSHBUG00000004868	0	0
ENSHBUG00000004869	80	89
ENSHBUG00000004870	1	41
ENSHBUG00000004871	0	0
ENSHBUG00000004872	2	32
ENSHBUG00000004873	2020	2030
ENSHBUG00000004874	5	19
ENSHBUG00000004875	0	0
ENSHBUG00000004876	0	0
ENSHBUG00000004877	1	2
ENSHBUG00000004878	0	0
ENSHBUG00000004879	0	0
ENSHBUG00000004880	0	0
ENSHBUG00000004881	0	0
ENSHBUG00000004882	0	0
ENSHBUG00000004883	60	90
ENSHBUG00000004884	2	18
ENSHBUG00000004885	1675	1680
ENSHBUG00000004886	3	7
ENSHBUG00000004887	0	0
ENSHBUG00000004888	0	0
ENSHBUG00000004889	0	0
ENSHBUG00000004890	0	0
ENSHBUG00000004891	1	45
ENSHBUG00000004892	8	37
ENSHBUG00000004893	3	51
ENSHBUG00000004894	10	52
ENSHBUG00000004895	1	22
ENSHBUG00000004896	1	42
ENSHBUG00000004897	0	0
ENSHBUG00000004898	0	0
ENSHBUG00000004899	5	48
ENSHBUG00000004900	0	0
ENSHBUG00000004901	0	0
ENSHBUG00000004902	0	0
ENSHBUG00000004903	0	0
ENSHBUG00000004904	381	416
ENSHBUG00000004905	0	0
ENSHBUG00000004906	0	0
ENSHBUG00000004907	0	0
ENSHBUG00000004908	1	18
ENSHBUG00000004909	0	0
ENSHBUG00000004910	0	0
ENSHBUG00000004911	0	0
ENSHBUG00000004912	9	56
ENSHBUG00000004913	1	34
ENSHBUG00000004914	0	0
ENSHBUG00000004915	1	16
ENSHBUG00000004916	1	7
ENSHBUG00000004917	0	0
ENSHBUG00000004918	0	0
ENSHBUG00000004919	1	3
ENSHBUG00000004920	0	0
ENSHBUG00000004921	6	25
ENSHBUG00000004922	151	174
ENSHBUG00000004923	0	0
ENSHBUG00000004924	0	0
ENSHBUG00000004925	1	2
ENSHBUG00000004926	0	0
ENSHBUG00000004927	0	0
ENSHBUG00000004928	0	0
ENSHBUG00000004929	1	31
ENSHBUG00000004930	2	13
ENSHBUG00000004931	2	41
ENSHBUG00000004932	0	0
ENSHBUG00000004933	0	0
ENSHBUG00000004934	0	0
ENSHBUG00000004935	0	0
ENSHBUG00000004936	15	37
ENSHBUG00000004937	0	0
ENSHBUG00000004938	0	0
ENSHBUG00000004939	1	35
ENSHBUG00000004940	2	34
ENSHBUG00000004941	0	0
ENSHBUG00000004942	1	38
ENSHBUG00000004943	0	0
ENSHBUG00000004944	0	0
ENSHBUG00000004945	1	48
ENSHBUG00000004946	20	29
ENSHBUG00000004947	0	0
ENSHBUG00000004948	2	11
ENSHBUG00000004949	0	0
ENSHBUG00000004950	0	0
ENSHBUG00000004951	0	0
ENSHBUG00000004952	0	0
ENSHBUG00000004953	0	0
ENSHBUG00000004954	0	0
ENSHBUG00000004955	0	0
ENSHBUG00000004956	1	40
ENSHBUG00000004957	24	43
ENSHBUG00000004958	3	20
ENSHBUG00000004959	0	0
ENSHBUG00000004960	0	0
ENSHBUG00000004961	0	0
ENSHBUG00000004962	2	41
ENSHBUG00000004963	0	0
ENSHBUG00000004964	0	0
ENSHBUG00000004965	0	0
ENSHBUG00000004966	30	32
ENSHBUG00000004967	8	49
ENSHBUG00000004968	0	0
ENSHBUG00000004969	1	8
ENSHBUG00000004970	0	0
ENSHBUG00000004971	0	0
ENSHBUG00000004972	0	0
ENSHBUG00000004973	0	0
ENSHBUG00000004974	1	2
ENSHBUG00000004975	0	0
ENSHBUG00000004976	24	43
ENSHBUG00000004977	16	54
ENSHBUG00000004978	3	11
ENSHBUG00000004979	0	0
ENSHBUG00000004980	0	0
ENSHBUG00000004981	0	0
ENSHBUG00000004982	40	52
ENSHBUG00000004983	251	286
ENSHBUG00000004984	0	0
ENSHBUG00000004985	0	0
ENSHBUG00000004986	1	20
ENSHBUG00000004987	1	16
ENSHBUG00000004988	0	0
ENSHBUG00000004989	0	0
ENSHBUG00000004990	0	0
ENSHBUG00000004991	0	0
ENSHBUG00000004992	0	0
ENSHBUG00000004993	0	0
ENSHBUG00000004994	0	0
ENSHBUG00000004995	1	35
ENSHBUG00000004996	60	81
ENSHBUG00000004997	0	0
ENSHBUG00000004998	0	0
ENSHBUG00000004999	0	0
ENSHBUG00000005000	3	29
ENSHBUG00000005001	2784	2793
ENSHBUG00000005002	1	43
ENSHBUG00000005003	0	0
ENSHBUG00000005004	0	0
ENSHBUG00000005005	0	0
ENSHBUG00000005006	3	10
ENSHBUG00000005007	0	0
ENSHBUG00000005008	0	0
ENSHBUG00000005009	0	0
ENSHBUG00000005010	0	0
ENSHBUG00000005011	0	0
ENSHBUG00000005012	0	0
ENSHBUG00000005013	0	0
ENSHBUG00000005014	5	51
ENSHBUG00000005015	0	0
ENSHBUG00000005016	3	4
ENSHBUG00000005017	2	43
ENSHBUG00000005018	0	0
ENSHBUG00000005019	0	0
ENSHBUG00000005020	0	0
ENSHBUG00000005021	0	0
ENSHBUG00000005022	91	101
ENSHBUG00000005023	0	0
ENSHBUG00000005024	0	0
ENSHBUG00000005025	0	0
ENSHBUG00000005026	0	0
ENSHBUG00000005027	0	0
ENSHBUG00000005028	5	18
ENSHBUG00000005029	0	0
ENSHBUG00000005030	1	8
ENSHBUG00000005031	0	0
ENSHBUG00000005032	23	67
ENSHBUG00000005033	0	0
ENSHBUG00000005034	0	0
ENSHBUG00000005035	0	0
ENSHBUG00000005036	0	0
ENSHBUG00000005037	0	0
ENSHBUG00000005038	77	92
ENSHBUG00000005039	0	0
ENSHBUG00000005040	7	43
ENSHBUG00000005041	0	0
ENSHBUG00000005042	1	49
ENSHBUG00000005043	4	16
ENSHBUG00000005044	0	0
ENSHBUG00000005045	0	0
ENSHBUG00000005046	0	0
ENSHBUG00000005047	1	44
ENSHBUG00000005048	223	267
ENSHBUG00000005049	0	0
ENSHBUG00000005050	1	5
ENSHBUG00000005051	0	0
ENSHBUG00000005052	2	8
ENSHBUG00000005053	9	33
ENSHBUG00000005054	0	0
ENSHBUG00000005055	0	0
ENSHBUG00000005056	0	0
ENSHBUG00000005057	5	19
ENSHBUG00000005058	1	16
ENSHBUG00000005059	55	102
ENSHBUG00000005060	1	31
ENSHBUG00000005061	1	11
ENSHBUG00000005062	0	0
ENSHBUG00000005063	3	48
ENSHBUG00000005064	4	34
ENSHBUG00000005065	2	37
ENSHBUG00000005066	213	252
ENSHBUG00000005067	3	8
ENSHBUG00000005068	0	0
ENSHBUG00000005069	0	0
ENSHBUG00000005070	1	27
ENSHBUG00000005071	0	0
ENSHBUG00000005072	0	0
ENSHBUG00000005073	4	23
ENSHBUG00000005074	0	0
ENSHBUG00000005075	59	106
ENSHBUG00000005076	0	0
ENSHBUG00000005077	0	0
ENSHBUG00000005078	1	15
ENSHBUG00000005079	0	0
ENSHBUG00000005080	0	0
ENSHBUG00000005081	0	0
ENSHBUG00000005082	124	167
ENSHBUG00000005083	0	0
ENSHBUG00000005084	0	0
ENSHBUG00000005085	3	37
ENSHBUG00000005086	0	0
ENSHBUG00000005087	0	0
ENSHBUG00000005088	894	923
ENSHBUG00000005089	6	27
ENSHBUG00000005090	0	0
ENSHBUG00000005091	0	0
ENSHBUG00000005092	0	0
ENSHBUG00000005093	37	46
ENSHBUG00000005094	0	0
ENSHBUG00000005095	0	0
ENSHBUG00000005096	0	0
ENSHBUG00000005097	0	0
ENSHBUG00000005098	447	462
ENSHBUG00000005099	0	0
ENSHBUG00000005100	0	0
ENSHBUG00000005101	5	16
ENSHBUG00000005102	1	31
ENSHBUG00000005103	0	0
ENSHBUG00000005104	0	0
ENSHBUG00000005105	0	0
ENSHBUG00000005106	48	51
ENSHBUG00000005107	0	0
ENSHBUG00000005108	0	0
ENSHBUG00000005109	1	45
ENSHBUG00000005110	0	0
ENSHBUG00000005111	58	106
ENSHBUG00000005112	0	0
ENSHBUG00000005113	2	4
ENSHBUG00000005114	10	37
ENSHBUG00000005115	0	0
ENSHBUG00000005116	1	28
ENSHBUG00000005117	11	26
ENSHBUG00000005118	0	0
ENSHBUG00000005119	0	0
ENSHBUG00000005120	8	21
ENSHBUG00000005121	0	0
ENSHBUG00000005122	0	0
ENSHBUG00000005123	0	0
ENSHBUG00000005124	18	62
ENSHBUG00000005125	2	22
ENSHBUG00000005126	0	0
ENSHBUG00000005127	1	10
ENSHBUG00000005128	2	38
ENSHBUG00000005129	1	36
ENSHBUG00000005130	0	0
ENSHBUG00000005131	1	18
ENSHBUG00000005132	0	0
ENSHBUG00000005133	0	0
ENSHBUG00000005134	2	44
ENSHBUG00000005135	3	13
ENSHBUG00000005136	65	110
ENSHBUG00000005137	0	0
ENSHBUG00000005138	0	0
ENSHBUG00000005139	0	0
ENSHBUG00000005140	0	0
ENSHBUG00000005141	0	0
ENSHBUG00000005142	1	29
ENSHBUG00000005143	0	0
ENSHBUG00000005144	1	17
ENSHBUG00000005145	7	48
ENSHBUG00000005146	0	0
ENSHBUG00000005147	0	0
ENSHBUG00000005148	1	25
ENSHBUG00000005149	0	0
ENSHBUG00000005150	0	0
ENSHBUG00000005151	2	26
ENSHBUG00000005152	1	8
ENSHBUG00000005153	4	43
ENSHBUG00000005154	0	0
ENSHBUG00000005155	0	0
ENSHBUG00000005156	0	0
ENSHBUG00000005157	12	15
ENSHBUG00000005158	1	8
ENSHBUG00000005159	0	0
ENSHBUG00000005160	0	0
ENSHBUG00000005161	2	26
ENSHBUG00000005162	2	24
ENSHBUG00000005163	0	0
ENSHBUG00000005164	0	0
ENSHBUG00000005165	3	33
ENSHBUG00000005166	1	22
ENSHBUG00000005167	0	0
ENSHBUG00000005168	1	40
ENSHBUG00000005169	0	0
ENSHBUG00000005170	0	0
ENSHBUG00000005171	1	5
ENSHBUG00000005172	3	27
ENSHBUG00000005173	3	31
ENSHBUG00000005174	2	33
ENSHBUG00000005175	5	34
ENSHBUG00000005176	0	0
ENSHBUG00000005177	2	21
ENSHBUG00000005178	0	0
ENSHBUG00000005179	3	47
ENSHBUG00000005180	0	0
ENSHBUG00000005181	43	70
ENSHBUG00000005182	0	0
ENSHBUG00000005183	1	49
ENSHBUG00000005184	1	3
ENSHBUG00000005185	0	0
ENSHBUG00000005186	1	43
ENSHBUG00000005187	0	0
ENSHBUG00000005188	0	0
ENSHBUG00000005189	0	0
ENSHBUG00000005190	1	45
ENSHBUG00000005191	0	0
ENSHBUG00000005192	22	60
ENSHBUG00000005193	16	22
ENSHBUG00000005194	0	0
ENSHBUG00000005195	1	9
ENSHBUG00000005196	0	0
ENSHBUG00000005197	0	0
ENSHBUG00000005198	115	148
ENSHBUG00000005199	0	0
ENSHBUG00000005200	8	55
ENSHBUG00000005201	0	0
ENSHBUG00000005202	0	0
ENSHBUG00000005203	1	26
ENSHBUG00000005204	1	15
ENSHBUG00000005205	0	0
ENSHBUG00000005206	580	621
ENSHBUG00000005207	0	0
ENSHBUG00000005208	0	0
ENSHBUG00000005209	0	0
ENSHBUG00000005210	0	0
ENSHBUG00000005211	0	0
ENSHBUG00000005212	1	43
ENSHBUG00000005213	0	0
ENSHBUG00000005214	4	32
ENSHBUG00000005215	0	0
ENSHBUG00000005216	16	36
ENSHBUG00000005217	0	0
ENSHBUG00000005218	5	48
ENSHBUG00000005219	0	0
ENSHBUG00000005220	0	0
ENSHBUG00000005221	0	0
ENSHBUG00000005222	1	43
ENSHBUG00000005223	2	8
ENSHBUG00000005224	1	29
ENSHBUG00000005225	1	24
ENSHBUG00000005226	0	0
ENSHBUG00000005227	0	0
ENSHBUG00000005228	108	120
ENSHBUG00000005229	0	0
ENSHBUG00000005230	5	52
ENSHBUG00000005231	0	0
ENSHBUG00000005232	0	0
ENSHBUG00000005233	13	55
ENSHBUG00000005234	0	0
ENSHBUG00000005235	0	0
ENSHBUG00000005236	0	0
ENSHBUG00000005237	1	33
ENSHBUG00000005238	0	0
ENSHBUG00000005239	223	239
ENSHBUG00000005240	0	0
ENSHBUG00000005241	7	14
ENSHBUG00000005242	0	0
ENSHBUG00000005243	0	0
ENSHBUG00000005244	0	0
ENSHBUG00000005245	1	37
ENSHBUG00000005246	502	523
ENSHBUG00000005247	299	331
ENSHBUG00000005248	0	0
ENSHBUG00000005249	1	26
ENSHBUG00000005250	5	9
ENSHBUG00000005251	0	0
ENSHBUG00000005252	0	0
ENSHBUG00000005253	0	0
ENSHBUG00000005254	0	0
ENSHBUG00000005255	0	0
ENSHBUG00000005256	0	0
ENSHBUG00000005257	0	0
ENSHBUG00000005258	0	0
ENSHBUG00000005259	9	49
ENSHBUG00000005260	2	22
ENSHBUG00000005261	0	0
ENSHBUG00000005262	991	1032
ENSHBUG00000005263	0	0
ENSHBUG00000005264	2	3
ENSHBUG00000005265	0	0
ENSHBUG00000005266	1	43
ENSHBUG00000005267	1	3
ENSHBUG00000005268	1	37
ENSHBUG00000005269	1	12
ENSHBUG00000005270	75	77
ENSHBUG00000005271	0	0
ENSHBUG00000005272	0	0
ENSHBUG00000005273	66	88
ENSHBUG00000005274	0	0
ENSHBUG00000005275	651	672
ENSHBUG00000005276	3	50
ENSHBUG00000005277	0	0
ENSHBUG00000005278	0	0
ENSHBUG00000005279	0	0
ENSHBUG00000005280	1	2
ENSHBUG00000005281	0	0
ENSHBUG00000005282	0	0
ENSHBUG00000005283	1	11
ENSHBUG00000005284	1	31
ENSHBUG00000005285	0	0
ENSHBUG00000005286	8	30
ENSHBUG00000005287	0	0
ENSHBUG00000005288	0	0
ENSHBUG00000005289	0	0
ENSHBUG00000005290	0	0
ENSHBUG00000005291	0	0
ENSHBUG00000005292	0	0
ENSHBUG00000005293	0	0
ENSHBUG00000005294	0	0
ENSHBUG00000005295	0	0
ENSHBUG00000005296	2	30
ENSHBUG00000005297	15	25
ENSHBUG00000005298	6	35
ENSHBUG00000005299	2	27
ENSHBUG00000005300	1	6
ENSHBUG00000005301	0	0
ENSHBUG00000005302	1268	1285
ENSHBUG00000005303	3	48
ENSHBUG00000005304	0	0
ENSHBUG00000005305	0	0
ENSHBUG00000005306	29	65
ENSHBUG00000005307	0	0
ENSHBUG00000005308	0	0
ENSHBUG00000005309	0	0
ENSHBUG00000005310	0	0
ENSHBUG00000005311	1	2
ENSHBUG00000005312	0	0
ENSHBUG00000005313	0	0
ENSHBUG00000005314	1	36
ENSHBUG00000005315	0	0
ENSHBUG00000005316	0	0
ENSHBUG00000005317	0	0
ENSHBUG00000005318	1	6
ENSHBUG00000005319	5	14
ENSHBUG00000005320	0	0
ENSHBUG00000005321	0	0
ENSHBUG00000005322	0	0
ENSHBUG00000005323	6	41
ENSHBUG00000005324	17	25
ENSHBUG00000005325	0	0
ENSHBUG00000005326	42	43
ENSHBUG00000005327	0	0
ENSHBUG00000005328	5	6
ENSHBUG00000005329	0	0
ENSHBUG00000005330	0	0
ENSHBUG00000005331	0	0
ENSHBUG00000005332	0	0
ENSHBUG00000005333	0	0
ENSHBUG00000005334	0	0
ENSHBUG00000005335	0	0
ENSHBUG00000005336	1	19
ENSHBUG00000005337	0	0
ENSHBUG00000005338	0	0
ENSHBUG00000005339	0	0
ENSHBUG00000005340	0	0
ENSHBUG00000005341	0	0
ENSHBUG00000005342	0	0
ENSHBUG00000005343	0	0
ENSHBUG00000005344	7	17
ENSHBUG00000005345	0	0
ENSHBUG00000005346	434	467
ENSHBUG00000005347	86	133
ENSHBUG00000005348	0	0
ENSHBUG00000005349	0	0
ENSHBUG00000005350	0	0
ENSHBUG00000005351	1	36
ENSHBUG00000005352	0	0
ENSHBUG00000005353	0	0
ENSHBUG00000005354	1	15
ENSHBUG00000005355	1	19
ENSHBUG00000005356	1	12
ENSHBUG00000005357	2	5
ENSHBUG00000005358	1	39
ENSHBUG00000005359	0	0
ENSHBUG00000005360	0	0
ENSHBUG00000005361	1	8
ENSHBUG00000005362	0	0
ENSHBUG00000005363	1	35
ENSHBUG00000005364	3	12
ENSHBUG00000005365	23	46
ENSHBUG00000005366	0	0
ENSHBUG00000005367	0	0
ENSHBUG00000005368	0	0
ENSHBUG00000005369	0	0
ENSHBUG00000005370	2	11
ENSHBUG00000005371	1	9
ENSHBUG00000005372	2	12
ENSHBUG00000005373	5	32
ENSHBUG00000005374	1	35
ENSHBUG00000005375	6	40
ENSHBUG00000005376	5	50
ENSHBUG00000005377	0	0
ENSHBUG00000005378	1	41
ENSHBUG00000005379	0	0
ENSHBUG00000005380	3	47
ENSHBUG00000005381	8	56
ENSHBUG00000005382	4	10
ENSHBUG00000005383	0	0
ENSHBUG00000005384	5	52
ENSHBUG00000005385	0	0
ENSHBUG00000005386	243	271
ENSHBUG00000005387	0	0
ENSHBUG00000005388	0	0
ENSHBUG00000005389	0	0
ENSHBUG00000005390	0	0
ENSHBUG00000005391	0	0
ENSHBUG00000005392	647	650
ENSHBUG00000005393	0	0
ENSHBUG00000005394	2	36
ENSHBUG00000005395	25	56
ENSHBUG00000005396	0	0
ENSHBUG00000005397	2	13
ENSHBUG00000005398	0	0
ENSHBUG00000005399	1	27
ENSHBUG00000005400	0	0
ENSHBUG00000005401	10	25
ENSHBUG00000005402	0	0
ENSHBUG00000005403	0	0
ENSHBUG00000005404	7	29
ENSHBUG00000005405	14	55
ENSHBUG00000005406	0	0
ENSHBUG00000005407	0	0
ENSHBUG00000005408	1	22
ENSHBUG00000005409	2	22
ENSHBUG00000005410	0	0
ENSHBUG00000005411	0	0
ENSHBUG00000005412	0	0
ENSHBUG00000005413	0	0
ENSHBUG00000005414	3	37
ENSHBUG00000005415	0	0
ENSHBUG00000005416	17	24
ENSHBUG00000005417	0	0
ENSHBUG00000005418	0	0
ENSHBUG00000005419	2	25
ENSHBUG00000005420	16	19
ENSHBUG00000005421	0	0
ENSHBUG00000005422	1	41
ENSHBUG00000005423	0	0
ENSHBUG00000005424	0	0
ENSHBUG00000005425	0	0
ENSHBUG00000005426	337	354
ENSHBUG00000005427	1	35
ENSHBUG00000005428	0	0
ENSHBUG00000005429	1	22
ENSHBUG00000005430	3	47
ENSHBUG00000005431	0	0
ENSHBUG00000005432	0	0
ENSHBUG00000005433	0	0
ENSHBUG00000005434	0	0
ENSHBUG00000005435	1	3
ENSHBUG00000005436	0	0
ENSHBUG00000005437	0	0
ENSHBUG00000005438	0	0
ENSHBUG00000005439	0	0
ENSHBUG00000005440	51	59
ENSHBUG00000005441	0	0
ENSHBUG00000005442	19	47
ENSHBUG00000005443	33	72
ENSHBUG00000005444	0	0
ENSHBUG00000005445	4	13
ENSHBUG00000005446	4	45
ENSHBUG00000005447	0	0
ENSHBUG00000005448	0	0
ENSHBUG00000005449	0	0
ENSHBUG00000005450	157	161
ENSHBUG00000005451	0	0
ENSHBUG00000005452	1	39
ENSHBUG00000005453	0	0
ENSHBUG00000005454	0	0
ENSHBUG00000005455	0	0
ENSHBUG00000005456	3	22
ENSHBUG00000005457	0	0
ENSHBUG00000005458	2	45
ENSHBUG00000005459	2	31
ENSHBUG00000005460	3	20
ENSHBUG00000005461	0	0
ENSHBUG00000005462	0	0
ENSHBUG00000005463	0	0
ENSHBUG00000005464	2	22
ENSHBUG00000005465	2	8
ENSHBUG00000005466	82	121
ENSHBUG00000005467	0	0
ENSHBUG00000005468	0	0
ENSHBUG00000005469	1	9
ENSHBUG00000005470	0	0
ENSHBUG00000005471	0	0
ENSHBUG00000005472	0	0
ENSHBUG00000005473	0	0
ENSHBUG00000005474	0	0
ENSHBUG00000005475	0	0
ENSHBUG00000005476	1	31
ENSHBUG00000005477	0	0
ENSHBUG00000005478	4	16
ENSHBUG00000005479	5	30
ENSHBUG00000005480	0	0
ENSHBUG00000005481	0	0
ENSHBUG00000005482	0	0
ENSHBUG00000005483	0	0
ENSHBUG00000005484	29	59
ENSHBUG00000005485	0	0
ENSHBUG00000005486	0	0
ENSHBUG00000005487	0	0
ENSHBUG00000005488	0	0
ENSHBUG00000005489	4	16
ENSHBUG00000005490	6	17
ENSHBUG00000005491	0	0
ENSHBUG00000005492	1	6
ENSHBUG00000005493	0	0
ENSHBUG00000005494	1	27
ENSHBUG00000005495	29	61
ENSHBUG00000005496	0	0
ENSHBUG00000005497	0	0
ENSHBUG00000005498	0	0
ENSHBUG00000005499	0	0
ENSHBUG00000005500	1	26
ENSHBUG00000005501	1	29
ENSHBUG00000005502	0	0
ENSHBUG00000005503	0	0
ENSHBUG00000005504	0	0
ENSHBUG00000005505	1	39
ENSHBUG00000005506	0	0
ENSHBUG00000005507	1	45
ENSHBUG00000005508	0	0
ENSHBUG00000005509	1	16
ENSHBUG00000005510	0	0
ENSHBUG00000005511	5	37
ENSHBUG00000005512	0	0
ENSHBUG00000005513	0	0
ENSHBUG00000005514	0	0
ENSHBUG00000005515	3	25
ENSHBUG00000005516	0	0
ENSHBUG00000005517	0	0
ENSHBUG00000005518	0	0
ENSHBUG00000005519	0	0
ENSHBUG00000005520	0	0
ENSHBUG00000005521	0	0
ENSHBUG00000005522	0	0
ENSHBUG00000005523	0	0
ENSHBUG00000005524	0	0
ENSHBUG00000005525	41	86
ENSHBUG00000005526	0	0
ENSHBUG00000005527	0	0
ENSHBUG00000005528	1	16
ENSHBUG00000005529	2	10
ENSHBUG00000005530	1	44
ENSHBUG00000005531	7	9
ENSHBUG00000005532	0	0
ENSHBUG00000005533	107	130
ENSHBUG00000005534	0	0
ENSHBUG00000005535	3	49
ENSHBUG00000005536	0	0
ENSHBUG00000005537	3	15
ENSHBUG00000005538	0	0
ENSHBUG00000005539	3	29
ENSHBUG00000005540	0	0
ENSHBUG00000005541	0	0
ENSHBUG00000005542	0	0
ENSHBUG00000005543	2	16
ENSHBUG00000005544	0	0
ENSHBUG00000005545	0	0
ENSHBUG00000005546	0	0
ENSHBUG00000005547	2	29
ENSHBUG00000005548	0	0
ENSHBUG00000005549	0	0
ENSHBUG00000005550	0	0
ENSHBUG00000005551	0	0
ENSHBUG00000005552	0	0
ENSHBUG00000005553	0	0
ENSHBUG00000005554	1	34
ENSHBUG00000005555	0	0
ENSHBUG00000005556	0	0
ENSHBUG00000005557	3	44
ENSHBUG00000005558	0	0
ENSHBUG00000005559	0	0
ENSHBUG00000005560	0	0
ENSHBUG00000005561	2	13
ENSHBUG00000005562	0	0
ENSHBUG00000005563	2	48
ENSHBUG00000005564	0	0
ENSHBUG00000005565	1	9
ENSHBUG00000005566	0	0
ENSHBUG00000005567	15	22
ENSHBUG00000005568	1	28
ENSHBUG00000005569	0	0
ENSHBUG00000005570	0	0
ENSHBUG00000005571	31	60
ENSHBUG00000005572	2	29
ENSHBUG00000005573	111	139
ENSHBUG00000005574	19	35
ENSHBUG00000005575	3	15
ENSHBUG00000005576	0	0
ENSHBUG00000005577	5	39
ENSHBUG00000005578	2	33
ENSHBUG00000005579	3	19
ENSHBUG00000005580	0	0
ENSHBUG00000005581	0	0
ENSHBUG00000005582	2	12
ENSHBUG00000005583	1	37
ENSHBUG00000005584	3	6
ENSHBUG00000005585	4	16
ENSHBUG00000005586	0	0
ENSHBUG00000005587	6	12
ENSHBUG00000005588	0	0
ENSHBUG00000005589	20	63
ENSHBUG00000005590	0	0
ENSHBUG00000005591	0	0
ENSHBUG00000005592	0	0
ENSHBUG00000005593	0	0
ENSHBUG00000005594	0	0
ENSHBUG00000005595	3	25
ENSHBUG00000005596	1	24
ENSHBUG00000005597	0	0
ENSHBUG00000005598	0	0
ENSHBUG00000005599	0	0
ENSHBUG00000005600	0	0
ENSHBUG00000005601	0	0
ENSHBUG00000005602	1	8
ENSHBUG00000005603	1	14
ENSHBUG00000005604	3	35
ENSHBUG00000005605	0	0
ENSHBUG00000005606	3	32
ENSHBUG00000005607	0	0
ENSHBUG00000005608	0	0
ENSHBUG00000005609	0	0
ENSHBUG00000005610	0	0
ENSHBUG00000005611	1	42
ENSHBUG00000005612	107	133
ENSHBUG00000005613	291	301
ENSHBUG00000005614	0	0
ENSHBUG00000005615	0	0
ENSHBUG00000005616	0	0
ENSHBUG00000005617	0	0
ENSHBUG00000005618	1	5
ENSHBUG00000005619	1	28
ENSHBUG00000005620	0	0
ENSHBUG00000005621	0	0
ENSHBUG00000005622	24	71
ENSHBUG00000005623	0	0
ENSHBUG00000005624	1	28
ENSHBUG00000005625	2	25
ENSHBUG00000005626	0	0
ENSHBUG00000005627	0	0
ENSHBUG00000005628	7	31
ENSHBUG00000005629	1	8
ENSHBUG00000005630	0	0
ENSHBUG00000005631	3	28
ENSHBUG00000005632	124	141
ENSHBUG00000005633	3	12
ENSHBUG00000005634	0	0
ENSHBUG00000005635	0	0
ENSHBUG00000005636	0	0
ENSHBUG00000005637	0	0
ENSHBUG00000005638	0	0
ENSHBUG00000005639	10	39
ENSHBUG00000005640	0	0
ENSHBUG00000005641	0	0
ENSHBUG00000005642	0	0
ENSHBUG00000005643	3	51
ENSHBUG00000005644	0	0
ENSHBUG00000005645	6	31
ENSHBUG00000005646	0	0
ENSHBUG00000005647	3	18
ENSHBUG00000005648	1	37
ENSHBUG00000005649	0	0
ENSHBUG00000005650	0	0
ENSHBUG00000005651	28	71
ENSHBUG00000005652	1	38
ENSHBUG00000005653	0	0
ENSHBUG00000005654	0	0
ENSHBUG00000005655	154	168
ENSHBUG00000005656	0	0
ENSHBUG00000005657	2	42
ENSHBUG00000005658	5	16
ENSHBUG00000005659	0	0
ENSHBUG00000005660	0	0
ENSHBUG00000005661	1	15
ENSHBUG00000005662	1	48
ENSHBUG00000005663	5	38
ENSHBUG00000005664	0	0
ENSHBUG00000005665	1526	1563
ENSHBUG00000005666	556	589
ENSHBUG00000005667	6497	6530
ENSHBUG00000005668	15	48
ENSHBUG00000005669	0	0
ENSHBUG00000005670	0	0
ENSHBUG00000005671	1	46
ENSHBUG00000005672	0	0
ENSHBUG00000005673	117	156
ENSHBUG00000005674	0	0
ENSHBUG00000005675	215	249
ENSHBUG00000005676	3	35
ENSHBUG00000005677	6	39
ENSHBUG00000005678	0	0
ENSHBUG00000005679	0	0
ENSHBUG00000005680	0	0
ENSHBUG00000005681	0	0
ENSHBUG00000005682	0	0
ENSHBUG00000005683	3	10
ENSHBUG00000005684	0	0
ENSHBUG00000005685	7	23
ENSHBUG00000005686	1	25
ENSHBUG00000005687	1	6
ENSHBUG00000005688	0	0
ENSHBUG00000005689	1	27
ENSHBUG00000005690	27	65
ENSHBUG00000005691	1	31
ENSHBUG00000005692	0	0
ENSHBUG00000005693	0	0
ENSHBUG00000005694	1	6
ENSHBUG00000005695	3	46
ENSHBUG00000005696	0	0
ENSHBUG00000005697	9	54
ENSHBUG00000005698	2	41
ENSHBUG00000005699	0	0
ENSHBUG00000005700	0	0
ENSHBUG00000005701	1	28
ENSHBUG00000005702	0	0
ENSHBUG00000005703	2	30
ENSHBUG00000005704	0	0
ENSHBUG00000005705	0	0
ENSHBUG00000005706	0	0
ENSHBUG00000005707	1	27
ENSHBUG00000005708	0	0
ENSHBUG00000005709	20	55
ENSHBUG00000005710	0	0
ENSHBUG00000005711	0	0
ENSHBUG00000005712	7	17
ENSHBUG00000005713	0	0
ENSHBUG00000005714	0	0
ENSHBUG00000005715	10	35
ENSHBUG00000005716	13	43
ENSHBUG00000005717	0	0
ENSHBUG00000005718	1	11
ENSHBUG00000005719	0	0
ENSHBUG00000005720	6	31
ENSHBUG00000005721	1	47
ENSHBUG00000005722	0	0
ENSHBUG00000005723	0	0
ENSHBUG00000005724	0	0
ENSHBUG00000005725	1	23
ENSHBUG00000005726	0	0
ENSHBUG00000005727	2	10
ENSHBUG00000005728	3	24
ENSHBUG00000005729	0	0
ENSHBUG00000005730	0	0
ENSHBUG00000005731	0	0
ENSHBUG00000005732	0	0
ENSHBUG00000005733	0	0
ENSHBUG00000005734	0	0
ENSHBUG00000005735	0	0
ENSHBUG00000005736	0	0
ENSHBUG00000005737	0	0
ENSHBUG00000005738	0	0
ENSHBUG00000005739	0	0
ENSHBUG00000005740	0	0
ENSHBUG00000005741	2	10
ENSHBUG00000005742	1862	1883
ENSHBUG00000005743	0	0
ENSHBUG00000005744	4	20
ENSHBUG00000005745	1	46
ENSHBUG00000005746	0	0
ENSHBUG00000005747	0	0
ENSHBUG00000005748	2	36
ENSHBUG00000005749	10	28
ENSHBUG00000005750	1	6
ENSHBUG00000005751	0	0
ENSHBUG00000005752	0	0
ENSHBUG00000005753	23	57
ENSHBUG00000005754	0	0
ENSHBUG00000005755	0	0
ENSHBUG00000005756	0	0
ENSHBUG00000005757	0	0
ENSHBUG00000005758	1	42
ENSHBUG00000005759	0	0
ENSHBUG00000005760	0	0
ENSHBUG00000005761	0	0
ENSHBUG00000005762	0	0
ENSHBUG00000005763	1	5
ENSHBUG00000005764	0	0
ENSHBUG00000005765	0	0
ENSHBUG00000005766	0	0
ENSHBUG00000005767	2	7
ENSHBUG00000005768	0	0
ENSHBUG00000005769	1	4
ENSHBUG00000005770	1	41
ENSHBUG00000005771	7	55
ENSHBUG00000005772	1	49
ENSHBUG00000005773	0	0
ENSHBUG00000005774	0	0
ENSHBUG00000005775	1	18
ENSHBUG00000005776	1	17
ENSHBUG00000005777	0	0
ENSHBUG00000005778	86	119
ENSHBUG00000005779	1	19
ENSHBUG00000005780	0	0
ENSHBUG00000005781	0	0
ENSHBUG00000005782	0	0
ENSHBUG00000005783	4	34
ENSHBUG00000005784	7	32
ENSHBUG00000005785	1	11
ENSHBUG00000005786	0	0
ENSHBUG00000005787	0	0
ENSHBUG00000005788	0	0
ENSHBUG00000005789	8	21
ENSHBUG00000005790	0	0
ENSHBUG00000005791	1187	1222
ENSHBUG00000005792	0	0
ENSHBUG00000005793	0	0
ENSHBUG00000005794	0	0
ENSHBUG00000005795	0	0
ENSHBUG00000005796	1	33
ENSHBUG00000005797	0	0
ENSHBUG00000005798	20	62
ENSHBUG00000005799	688	734
ENSHBUG00000005800	0	0
ENSHBUG00000005801	0	0
ENSHBUG00000005802	1	24
ENSHBUG00000005803	0	0
ENSHBUG00000005804	0	0
ENSHBUG00000005805	0	0
ENSHBUG00000005806	0	0
ENSHBUG00000005807	0	0
ENSHBUG00000005808	1	45
ENSHBUG00000005809	0	0
ENSHBUG00000005810	0	0
ENSHBUG00000005811	0	0
ENSHBUG00000005812	0	0
ENSHBUG00000005813	0	0
ENSHBUG00000005814	1	42
ENSHBUG00000005815	1	33
ENSHBUG00000005816	0	0
ENSHBUG00000005817	1	18
ENSHBUG00000005818	1	3
ENSHBUG00000005819	0	0
ENSHBUG00000005820	0	0
ENSHBUG00000005821	0	0
ENSHBUG00000005822	8	13
ENSHBUG00000005823	1	16
ENSHBUG00000005824	0	0
ENSHBUG00000005825	0	0
ENSHBUG00000005826	6	41
ENSHBUG00000005827	0	0
ENSHBUG00000005828	0	0
ENSHBUG00000005829	0	0
ENSHBUG00000005830	0	0
ENSHBUG00000005831	1	33
ENSHBUG00000005832	0	0
ENSHBUG00000005833	17	56
ENSHBUG00000005834	0	0
ENSHBUG00000005835	0	0
ENSHBUG00000005836	0	0
ENSHBUG00000005837	0	0
ENSHBUG00000005838	0	0
ENSHBUG00000005839	1	44
ENSHBUG00000005840	64	100
ENSHBUG00000005841	3	23
ENSHBUG00000005842	2	46
ENSHBUG00000005843	0	0
ENSHBUG00000005844	0	0
ENSHBUG00000005845	0	0
ENSHBUG00000005846	1	2
ENSHBUG00000005847	1	24
ENSHBUG00000005848	0	0
ENSHBUG00000005849	2	32
ENSHBUG00000005850	2	35
ENSHBUG00000005851	0	0
ENSHBUG00000005852	0	0
ENSHBUG00000005853	0	0
ENSHBUG00000005854	0	0
ENSHBUG00000005855	0	0
ENSHBUG00000005856	0	0
ENSHBUG00000005857	0	0
ENSHBUG00000005858	15	54
ENSHBUG00000005859	2	45
ENSHBUG00000005860	3	27
ENSHBUG00000005861	0	0
ENSHBUG00000005862	0	0
ENSHBUG00000005863	0	0
ENSHBUG00000005864	2	10
ENSHBUG00000005865	17	27
ENSHBUG00000005866	4848	4889
ENSHBUG00000005867	13	25
ENSHBUG00000005868	0	0
ENSHBUG00000005869	13	28
ENSHBUG00000005870	0	0
ENSHBUG00000005871	560	580
ENSHBUG00000005872	0	0
ENSHBUG00000005873	1	13
ENSHBUG00000005874	802	821
ENSHBUG00000005875	0	0
ENSHBUG00000005876	8	31
ENSHBUG00000005877	0	0
ENSHBUG00000005878	82	90
ENSHBUG00000005879	1	11
ENSHBUG00000005880	0	0
ENSHBUG00000005881	0	0
ENSHBUG00000005882	1	16
ENSHBUG00000005883	0	0
ENSHBUG00000005884	0	0
ENSHBUG00000005885	0	0
ENSHBUG00000005886	0	0
ENSHBUG00000005887	0	0
ENSHBUG00000005888	0	0
ENSHBUG00000005889	0	0
ENSHBUG00000005890	7	31
ENSHBUG00000005891	0	0
ENSHBUG00000005892	0	0
ENSHBUG00000005893	1	45
ENSHBUG00000005894	337	366
ENSHBUG00000005895	0	0
ENSHBUG00000005896	0	0
ENSHBUG00000005897	0	0
ENSHBUG00000005898	3	8
ENSHBUG00000005899	14	24
ENSHBUG00000005900	0	0
ENSHBUG00000005901	86	100
ENSHBUG00000005902	0	0
ENSHBUG00000005903	1	31
ENSHBUG00000005904	1	25
ENSHBUG00000005905	0	0
ENSHBUG00000005906	0	0
ENSHBUG00000005907	1	30
ENSHBUG00000005908	0	0
ENSHBUG00000005909	0	0
ENSHBUG00000005910	0	0
ENSHBUG00000005911	73	77
ENSHBUG00000005912	1	34
ENSHBUG00000005913	0	0
ENSHBUG00000005914	1	24
ENSHBUG00000005915	1	41
ENSHBUG00000005916	0	0
ENSHBUG00000005917	0	0
ENSHBUG00000005918	4	28
ENSHBUG00000005919	107	146
ENSHBUG00000005920	0	0
ENSHBUG00000005921	11	28
ENSHBUG00000005922	1	19
ENSHBUG00000005923	0	0
ENSHBUG00000005924	0	0
ENSHBUG00000005925	0	0
ENSHBUG00000005926	0	0
ENSHBUG00000005927	1	24
ENSHBUG00000005928	0	0
ENSHBUG00000005929	1	13
ENSHBUG00000005930	0	0
ENSHBUG00000005931	302	340
ENSHBUG00000005932	0	0
ENSHBUG00000005933	0	0
ENSHBUG00000005934	0	0
ENSHBUG00000005935	1	42
ENSHBUG00000005936	0	0
ENSHBUG00000005937	1	49
ENSHBUG00000005938	0	0
ENSHBUG00000005939	0	0
ENSHBUG00000005940	1	44
ENSHBUG00000005941	2	26
ENSHBUG00000005942	0	0
ENSHBUG00000005943	0	0
ENSHBUG00000005944	0	0
ENSHBUG00000005945	2	47
ENSHBUG00000005946	2	4
ENSHBUG00000005947	1	15
ENSHBUG00000005948	0	0
ENSHBUG00000005949	1	40
ENSHBUG00000005950	0	0
ENSHBUG00000005951	0	0
ENSHBUG00000005952	0	0
ENSHBUG00000005953	90	135
ENSHBUG00000005954	0	0
ENSHBUG00000005955	0	0
ENSHBUG00000005956	0	0
ENSHBUG00000005957	56	74
ENSHBUG00000005958	1	31
ENSHBUG00000005959	0	0
ENSHBUG00000005960	0	0
ENSHBUG00000005961	2	33
ENSHBUG00000005962	0	0
ENSHBUG00000005963	1	40
ENSHBUG00000005964	3	11
ENSHBUG00000005965	0	0
ENSHBUG00000005966	14	57
ENSHBUG00000005967	0	0
ENSHBUG00000005968	4	46
ENSHBUG00000005969	7	12
ENSHBUG00000005970	0	0
ENSHBUG00000005971	19	56
ENSHBUG00000005972	0	0
ENSHBUG00000005973	0	0
ENSHBUG00000005974	0	0
ENSHBUG00000005975	2	44
ENSHBUG00000005976	0	0
ENSHBUG00000005977	1	49
ENSHBUG00000005978	0	0
ENSHBUG00000005979	0	0
ENSHBUG00000005980	2	30
ENSHBUG00000005981	0	0
ENSHBUG00000005982	3	28
ENSHBUG00000005983	0	0
ENSHBUG00000005984	0	0
ENSHBUG00000005985	0	0
ENSHBUG00000005986	0	0
ENSHBUG00000005987	0	0
ENSHBUG00000005988	2	16
ENSHBUG00000005989	19	65
ENSHBUG00000005990	1	41
ENSHBUG00000005991	0	0
ENSHBUG00000005992	24	59
ENSHBUG00000005993	94	102
ENSHBUG00000005994	0	0
ENSHBUG00000005995	19	63
ENSHBUG00000005996	2	27
ENSHBUG00000005997	0	0
ENSHBUG00000005998	1	47
ENSHBUG00000005999	23	24
ENSHBUG00000006000	1	38
ENSHBUG00000006001	0	0
ENSHBUG00000006002	3	6
ENSHBUG00000006003	0	0
ENSHBUG00000006004	0	0
ENSHBUG00000006005	0	0
ENSHBUG00000006006	0	0
ENSHBUG00000006007	2	7
ENSHBUG00000006008	22	67
ENSHBUG00000006009	1	34
ENSHBUG00000006010	9	10
ENSHBUG00000006011	6	20
ENSHBUG00000006012	0	0
ENSHBUG00000006013	0	0
ENSHBUG00000006014	4	11
ENSHBUG00000006015	0	0
ENSHBUG00000006016	0	0
ENSHBUG00000006017	6	51
ENSHBUG00000006018	17	58
ENSHBUG00000006019	0	0
ENSHBUG00000006020	6	25
ENSHBUG00000006021	0	0
ENSHBUG00000006022	0	0
ENSHBUG00000006023	3	44
ENSHBUG00000006024	0	0
ENSHBUG00000006025	34	66
ENSHBUG00000006026	0	0
ENSHBUG00000006027	0	0
ENSHBUG00000006028	0	0
ENSHBUG00000006029	3	23
ENSHBUG00000006030	93	131
ENSHBUG00000006031	0	0
ENSHBUG00000006032	5	10
ENSHBUG00000006033	1	37
ENSHBUG00000006034	17	61
ENSHBUG00000006035	0	0
ENSHBUG00000006036	17	44
ENSHBUG00000006037	1	7
ENSHBUG00000006038	0	0
ENSHBUG00000006039	0	0
ENSHBUG00000006040	3	47
ENSHBUG00000006041	2	8
ENSHBUG00000006042	0	0
ENSHBUG00000006043	0	0
ENSHBUG00000006044	0	0
ENSHBUG00000006045	0	0
ENSHBUG00000006046	2	13
ENSHBUG00000006047	0	0
ENSHBUG00000006048	6	12
ENSHBUG00000006049	2	43
ENSHBUG00000006050	6	35
ENSHBUG00000006051	0	0
ENSHBUG00000006052	6	51
ENSHBUG00000006053	0	0
ENSHBUG00000006054	0	0
ENSHBUG00000006055	0	0
ENSHBUG00000006056	148	191
ENSHBUG00000006057	0	0
ENSHBUG00000006058	0	0
ENSHBUG00000006059	4	10
ENSHBUG00000006060	28	61
ENSHBUG00000006061	0	0
ENSHBUG00000006062	10	56
ENSHBUG00000006063	0	0
ENSHBUG00000006064	0	0
ENSHBUG00000006065	4	19
ENSHBUG00000006066	0	0
ENSHBUG00000006067	0	0
ENSHBUG00000006068	4	28
ENSHBUG00000006069	0	0
ENSHBUG00000006070	3	21
ENSHBUG00000006071	0	0
ENSHBUG00000006072	1	16
ENSHBUG00000006073	2	35
ENSHBUG00000006074	0	0
ENSHBUG00000006075	2	30
ENSHBUG00000006076	4	12
ENSHBUG00000006077	0	0
ENSHBUG00000006078	0	0
ENSHBUG00000006079	0	0
ENSHBUG00000006080	9	18
ENSHBUG00000006081	0	0
ENSHBUG00000006082	0	0
ENSHBUG00000006083	0	0
ENSHBUG00000006084	0	0
ENSHBUG00000006085	0	0
ENSHBUG00000006086	0	0
ENSHBUG00000006087	0	0
ENSHBUG00000006088	0	0
ENSHBUG00000006089	0	0
ENSHBUG00000006090	0	0
ENSHBUG00000006091	0	0
ENSHBUG00000006092	0	0
ENSHBUG00000006093	1	19
ENSHBUG00000006094	3	12
ENSHBUG00000006095	0	0
ENSHBUG00000006096	3	5
ENSHBUG00000006097	4	34
ENSHBUG00000006098	0	0
ENSHBUG00000006099	0	0
ENSHBUG00000006100	0	0
ENSHBUG00000006101	1	25
ENSHBUG00000006102	0	0
ENSHBUG00000006103	0	0
ENSHBUG00000006104	4	21
ENSHBUG00000006105	0	0
ENSHBUG00000006106	5	20
ENSHBUG00000006107	1	23
ENSHBUG00000006108	0	0
ENSHBUG00000006109	0	0
ENSHBUG00000006110	3	9
ENSHBUG00000006111	0	0
ENSHBUG00000006112	1	23
ENSHBUG00000006113	0	0
ENSHBUG00000006114	0	0
ENSHBUG00000006115	0	0
ENSHBUG00000006116	2	27
ENSHBUG00000006117	1	32
ENSHBUG00000006118	1	42
ENSHBUG00000006119	0	0
ENSHBUG00000006120	2175	2209
ENSHBUG00000006121	15	50
ENSHBUG00000006122	0	0
ENSHBUG00000006123	0	0
ENSHBUG00000006124	0	0
ENSHBUG00000006125	0	0
ENSHBUG00000006126	0	0
ENSHBUG00000006127	0	0
ENSHBUG00000006128	0	0
ENSHBUG00000006129	19	31
ENSHBUG00000006130	325	373
ENSHBUG00000006131	3	47
ENSHBUG00000006132	0	0
ENSHBUG00000006133	0	0
ENSHBUG00000006134	0	0
ENSHBUG00000006135	0	0
ENSHBUG00000006136	0	0
ENSHBUG00000006137	0	0
ENSHBUG00000006138	0	0
ENSHBUG00000006139	0	0
ENSHBUG00000006140	12	20
ENSHBUG00000006141	1	11
ENSHBUG00000006142	0	0
ENSHBUG00000006143	0	0
ENSHBUG00000006144	55	101
ENSHBUG00000006145	0	0
ENSHBUG00000006146	2	14
ENSHBUG00000006147	2	42
ENSHBUG00000006148	1	30
ENSHBUG00000006149	0	0
ENSHBUG00000006150	1	5
ENSHBUG00000006151	7	46
ENSHBUG00000006152	0	0
ENSHBUG00000006153	1	37
ENSHBUG00000006154	0	0
ENSHBUG00000006155	0	0
ENSHBUG00000006156	0	0
ENSHBUG00000006157	1	21
ENSHBUG00000006158	4	31
ENSHBUG00000006159	3	25
ENSHBUG00000006160	0	0
ENSHBUG00000006161	0	0
ENSHBUG00000006162	0	0
ENSHBUG00000006163	1	13
ENSHBUG00000006164	0	0
ENSHBUG00000006165	0	0
ENSHBUG00000006166	0	0
ENSHBUG00000006167	20	55
ENSHBUG00000006168	2	34
ENSHBUG00000006169	2	31
ENSHBUG00000006170	0	0
ENSHBUG00000006171	0	0
ENSHBUG00000006172	0	0
ENSHBUG00000006173	1	10
ENSHBUG00000006174	0	0
ENSHBUG00000006175	0	0
ENSHBUG00000006176	0	0
ENSHBUG00000006177	1	47
ENSHBUG00000006178	0	0
ENSHBUG00000006179	8	56
ENSHBUG00000006180	0	0
ENSHBUG00000006181	15	38
ENSHBUG00000006182	9	45
ENSHBUG00000006183	1	36
ENSHBUG00000006184	618	640
ENSHBUG00000006185	2	12
ENSHBUG00000006186	7	15
ENSHBUG00000006187	4	27
ENSHBUG00000006188	0	0
ENSHBUG00000006189	1	28
ENSHBUG00000006190	4	7
ENSHBUG00000006191	0	0
ENSHBUG00000006192	23	39
ENSHBUG00000006193	0	0
ENSHBUG00000006194	0	0
ENSHBUG00000006195	0	0
ENSHBUG00000006196	0	0
ENSHBUG00000006197	14	22
ENSHBUG00000006198	7	35
ENSHBUG00000006199	0	0
ENSHBUG00000006200	1	45
ENSHBUG00000006201	0	0
ENSHBUG00000006202	0	0
ENSHBUG00000006203	0	0
ENSHBUG00000006204	1	17
ENSHBUG00000006205	69	93
ENSHBUG00000006206	0	0
ENSHBUG00000006207	0	0
ENSHBUG00000006208	0	0
ENSHBUG00000006209	0	0
ENSHBUG00000006210	0	0
ENSHBUG00000006211	0	0
ENSHBUG00000006212	2	39
ENSHBUG00000006213	0	0
ENSHBUG00000006214	2	6
ENSHBUG00000006215	1	12
ENSHBUG00000006216	1	10
ENSHBUG00000006217	0	0
ENSHBUG00000006218	0	0
ENSHBUG00000006219	10	44
ENSHBUG00000006220	0	0
ENSHBUG00000006221	0	0
ENSHBUG00000006222	1	7
ENSHBUG00000006223	0	0
ENSHBUG00000006224	0	0
ENSHBUG00000006225	2	26
ENSHBUG00000006226	0	0
ENSHBUG00000006227	6	54
ENSHBUG00000006228	0	0
ENSHBUG00000006229	22	52
ENSHBUG00000006230	0	0
ENSHBUG00000006231	0	0
ENSHBUG00000006232	0	0
ENSHBUG00000006233	0	0
ENSHBUG00000006234	0	0
ENSHBUG00000006235	0	0
ENSHBUG00000006236	0	0
ENSHBUG00000006237	1	4
ENSHBUG00000006238	9	53
ENSHBUG00000006239	12	46
ENSHBUG00000006240	2	14
ENSHBUG00000006241	0	0
ENSHBUG00000006242	0	0
ENSHBUG00000006243	1	17
ENSHBUG00000006244	0	0
ENSHBUG00000006245	0	0
ENSHBUG00000006246	0	0
ENSHBUG00000006247	0	0
ENSHBUG00000006248	1	19
ENSHBUG00000006249	1	11
ENSHBUG00000006250	1	15
ENSHBUG00000006251	2	33
ENSHBUG00000006252	0	0
ENSHBUG00000006253	0	0
ENSHBUG00000006254	0	0
ENSHBUG00000006255	0	0
ENSHBUG00000006256	0	0
ENSHBUG00000006257	1	28
ENSHBUG00000006258	1	21
ENSHBUG00000006259	0	0
ENSHBUG00000006260	2	20
ENSHBUG00000006261	5	34
ENSHBUG00000006262	4	16
ENSHBUG00000006263	1	6
ENSHBUG00000006264	3	12
ENSHBUG00000006265	0	0
ENSHBUG00000006266	0	0
ENSHBUG00000006267	1	2
ENSHBUG00000006268	6	45
ENSHBUG00000006269	0	0
ENSHBUG00000006270	12	13
ENSHBUG00000006271	0	0
ENSHBUG00000006272	2	16
ENSHBUG00000006273	0	0
ENSHBUG00000006274	3	19
ENSHBUG00000006275	0	0
ENSHBUG00000006276	1	30
ENSHBUG00000006277	22	49
ENSHBUG00000006278	2029	2060
ENSHBUG00000006279	2	20
ENSHBUG00000006280	2	6
ENSHBUG00000006281	4	10
ENSHBUG00000006282	0	0
ENSHBUG00000006283	0	0
ENSHBUG00000006284	0	0
ENSHBUG00000006285	0	0
ENSHBUG00000006286	1	41
ENSHBUG00000006287	0	0
ENSHBUG00000006288	0	0
ENSHBUG00000006289	0	0
ENSHBUG00000006290	0	0
ENSHBUG00000006291	8	37
ENSHBUG00000006292	1	17
ENSHBUG00000006293	24	39
ENSHBUG00000006294	1	20
ENSHBUG00000006295	1	9
ENSHBUG00000006296	0	0
ENSHBUG00000006297	0	0
ENSHBUG00000006298	0	0
ENSHBUG00000006299	12	59
ENSHBUG00000006300	1	7
ENSHBUG00000006301	4	20
ENSHBUG00000006302	1	43
ENSHBUG00000006303	0	0
ENSHBUG00000006304	0	0
ENSHBUG00000006305	0	0
ENSHBUG00000006306	0	0
ENSHBUG00000006307	22	70
ENSHBUG00000006308	0	0
ENSHBUG00000006309	0	0
ENSHBUG00000006310	5	22
ENSHBUG00000006311	1	46
ENSHBUG00000006312	1	5
ENSHBUG00000006313	0	0
ENSHBUG00000006314	0	0
ENSHBUG00000006315	0	0
ENSHBUG00000006316	0	0
ENSHBUG00000006317	2	43
ENSHBUG00000006318	2	26
ENSHBUG00000006319	3	32
ENSHBUG00000006320	1	23
ENSHBUG00000006321	9	22
ENSHBUG00000006322	0	0
ENSHBUG00000006323	19	67
ENSHBUG00000006324	0	0
ENSHBUG00000006325	0	0
ENSHBUG00000006326	0	0
ENSHBUG00000006327	1	29
ENSHBUG00000006328	0	0
ENSHBUG00000006329	1	42
ENSHBUG00000006330	3	47
ENSHBUG00000006331	0	0
ENSHBUG00000006332	1	30
ENSHBUG00000006333	0	0
ENSHBUG00000006334	0	0
ENSHBUG00000006335	0	0
ENSHBUG00000006336	408	425
ENSHBUG00000006337	0	0
ENSHBUG00000006338	1	37
ENSHBUG00000006339	0	0
ENSHBUG00000006340	2	36
ENSHBUG00000006341	1	31
ENSHBUG00000006342	43	52
ENSHBUG00000006343	2	44
ENSHBUG00000006344	4	50
ENSHBUG00000006345	0	0
ENSHBUG00000006346	0	0
ENSHBUG00000006347	27	46
ENSHBUG00000006348	0	0
ENSHBUG00000006349	5	46
ENSHBUG00000006350	0	0
ENSHBUG00000006351	0	0
ENSHBUG00000006352	0	0
ENSHBUG00000006353	0	0
ENSHBUG00000006354	0	0
ENSHBUG00000006355	0	0
ENSHBUG00000006356	49	87
ENSHBUG00000006357	0	0
ENSHBUG00000006358	1	24
ENSHBUG00000006359	0	0
ENSHBUG00000006360	0	0
ENSHBUG00000006361	1	4
ENSHBUG00000006362	3	29
ENSHBUG00000006363	0	0
ENSHBUG00000006364	0	0
ENSHBUG00000006365	0	0
ENSHBUG00000006366	0	0
ENSHBUG00000006367	0	0
ENSHBUG00000006368	0	0
ENSHBUG00000006369	3	10
ENSHBUG00000006370	1	5
ENSHBUG00000006371	0	0
ENSHBUG00000006372	0	0
ENSHBUG00000006373	0	0
ENSHBUG00000006374	0	0
ENSHBUG00000006375	0	0
ENSHBUG00000006376	0	0
ENSHBUG00000006377	0	0
ENSHBUG00000006378	2	43
ENSHBUG00000006379	0	0
ENSHBUG00000006380	0	0
ENSHBUG00000006381	31	38
ENSHBUG00000006382	0	0
ENSHBUG00000006383	0	0
ENSHBUG00000006384	0	0
ENSHBUG00000006385	7	12
ENSHBUG00000006386	0	0
ENSHBUG00000006387	6	16
ENSHBUG00000006388	2	6
ENSHBUG00000006389	1	47
ENSHBUG00000006390	0	0
ENSHBUG00000006391	0	0
ENSHBUG00000006392	117	161
ENSHBUG00000006393	1	49
ENSHBUG00000006394	0	0
ENSHBUG00000006395	690	705
ENSHBUG00000006396	0	0
ENSHBUG00000006397	1	24
ENSHBUG00000006398	0	0
ENSHBUG00000006399	0	0
ENSHBUG00000006400	0	0
ENSHBUG00000006401	16	18
ENSHBUG00000006402	0	0
ENSHBUG00000006403	0	0
ENSHBUG00000006404	0	0
ENSHBUG00000006405	3	29
ENSHBUG00000006406	0	0
ENSHBUG00000006407	0	0
ENSHBUG00000006408	0	0
ENSHBUG00000006409	204	206
ENSHBUG00000006410	3	19
ENSHBUG00000006411	0	0
ENSHBUG00000006412	1	28
ENSHBUG00000006413	5	32
ENSHBUG00000006414	1	31
ENSHBUG00000006415	0	0
ENSHBUG00000006416	0	0
ENSHBUG00000006417	0	0
ENSHBUG00000006418	0	0
ENSHBUG00000006419	2	4
ENSHBUG00000006420	0	0
ENSHBUG00000006421	0	0
ENSHBUG00000006422	25	43
ENSHBUG00000006423	0	0
ENSHBUG00000006424	0	0
ENSHBUG00000006425	1	26
ENSHBUG00000006426	0	0
ENSHBUG00000006427	6	47
ENSHBUG00000006428	0	0
ENSHBUG00000006429	0	0
ENSHBUG00000006430	2	6
ENSHBUG00000006431	0	0
ENSHBUG00000006432	0	0
ENSHBUG00000006433	1	45
ENSHBUG00000006434	0	0
ENSHBUG00000006435	0	0
ENSHBUG00000006436	168	182
ENSHBUG00000006437	0	0
ENSHBUG00000006438	0	0
ENSHBUG00000006439	0	0
ENSHBUG00000006440	69	76
ENSHBUG00000006441	74	92
ENSHBUG00000006442	0	0
ENSHBUG00000006443	0	0
ENSHBUG00000006444	3	13
ENSHBUG00000006445	1	33
ENSHBUG00000006446	0	0
ENSHBUG00000006447	0	0
ENSHBUG00000006448	0	0
ENSHBUG00000006449	0	0
ENSHBUG00000006450	0	0
ENSHBUG00000006451	8	24
ENSHBUG00000006452	0	0
ENSHBUG00000006453	0	0
ENSHBUG00000006454	0	0
ENSHBUG00000006455	1	16
ENSHBUG00000006456	13	60
ENSHBUG00000006457	0	0
ENSHBUG00000006458	10	33
ENSHBUG00000006459	0	0
ENSHBUG00000006460	2	28
ENSHBUG00000006461	2	13
ENSHBUG00000006462	20	52
ENSHBUG00000006463	1	48
ENSHBUG00000006464	0	0
ENSHBUG00000006465	0	0
ENSHBUG00000006466	0	0
ENSHBUG00000006467	0	0
ENSHBUG00000006468	0	0
ENSHBUG00000006469	14	41
ENSHBUG00000006470	1	25
ENSHBUG00000006471	4	6
ENSHBUG00000006472	3	43
ENSHBUG00000006473	0	0
ENSHBUG00000006474	534	558
ENSHBUG00000006475	0	0
ENSHBUG00000006476	13	46
ENSHBUG00000006477	0	0
ENSHBUG00000006478	3358	3376
ENSHBUG00000006479	0	0
ENSHBUG00000006480	0	0
ENSHBUG00000006481	52	59
ENSHBUG00000006482	0	0
ENSHBUG00000006483	144	186
ENSHBUG00000006484	0	0
ENSHBUG00000006485	6	8
ENSHBUG00000006486	63	76
ENSHBUG00000006487	35	82
ENSHBUG00000006488	0	0
ENSHBUG00000006489	0	0
ENSHBUG00000006490	68	76
ENSHBUG00000006491	156	174
ENSHBUG00000006492	0	0
ENSHBUG00000006493	0	0
ENSHBUG00000006494	3	47
ENSHBUG00000006495	7	47
ENSHBUG00000006496	997	1039
ENSHBUG00000006497	1	22
ENSHBUG00000006498	1	19
ENSHBUG00000006499	0	0
ENSHBUG00000006500	0	0
ENSHBUG00000006501	0	0
ENSHBUG00000006502	0	0
ENSHBUG00000006503	0	0
ENSHBUG00000006504	0	0
ENSHBUG00000006505	3	17
ENSHBUG00000006506	0	0
ENSHBUG00000006507	0	0
ENSHBUG00000006508	0	0
ENSHBUG00000006509	210	232
ENSHBUG00000006510	1	46
ENSHBUG00000006511	0	0
ENSHBUG00000006512	0	0
ENSHBUG00000006513	12	16
ENSHBUG00000006514	0	0
ENSHBUG00000006515	1	36
ENSHBUG00000006516	0	0
ENSHBUG00000006517	1	28
ENSHBUG00000006518	0	0
ENSHBUG00000006519	3	15
ENSHBUG00000006520	9	21
ENSHBUG00000006521	1	37
ENSHBUG00000006522	162	187
ENSHBUG00000006523	0	0
ENSHBUG00000006524	0	0
ENSHBUG00000006525	0	0
ENSHBUG00000006526	1	29
ENSHBUG00000006527	0	0
ENSHBUG00000006528	0	0
ENSHBUG00000006529	0	0
ENSHBUG00000006530	0	0
ENSHBUG00000006531	0	0
ENSHBUG00000006532	10	51
ENSHBUG00000006533	17	31
ENSHBUG00000006534	79	114
ENSHBUG00000006535	4	17
ENSHBUG00000006536	0	0
ENSHBUG00000006537	0	0
ENSHBUG00000006538	3	20
ENSHBUG00000006539	0	0
ENSHBUG00000006540	0	0
ENSHBUG00000006541	0	0
ENSHBUG00000006542	0	0
ENSHBUG00000006543	0	0
ENSHBUG00000006544	0	0
ENSHBUG00000006545	0	0
ENSHBUG00000006546	44	79
ENSHBUG00000006547	570	603
ENSHBUG00000006548	25	69
ENSHBUG00000006549	0	0
ENSHBUG00000006550	2	36
ENSHBUG00000006551	0	0
ENSHBUG00000006552	3	28
ENSHBUG00000006553	11	28
ENSHBUG00000006554	0	0
ENSHBUG00000006555	0	0
ENSHBUG00000006556	0	0
ENSHBUG00000006557	0	0
ENSHBUG00000006558	8	17
ENSHBUG00000006559	0	0
ENSHBUG00000006560	1	37
ENSHBUG00000006561	2	50
ENSHBUG00000006562	11	43
ENSHBUG00000006563	2	22
ENSHBUG00000006564	0	0
ENSHBUG00000006565	6	21
ENSHBUG00000006566	42	71
ENSHBUG00000006567	0	0
ENSHBUG00000006568	0	0
ENSHBUG00000006569	0	0
ENSHBUG00000006570	0	0
ENSHBUG00000006571	0	0
ENSHBUG00000006572	0	0
ENSHBUG00000006573	0	0
ENSHBUG00000006574	2	12
ENSHBUG00000006575	1	17
ENSHBUG00000006576	10	57
ENSHBUG00000006577	0	0
ENSHBUG00000006578	0	0
ENSHBUG00000006579	1	39
ENSHBUG00000006580	0	0
ENSHBUG00000006581	2	40
ENSHBUG00000006582	0	0
ENSHBUG00000006583	0	0
ENSHBUG00000006584	154	200
ENSHBUG00000006585	0	0
ENSHBUG00000006586	1	31
ENSHBUG00000006587	182	197
ENSHBUG00000006588	767	779
ENSHBUG00000006589	0	0
ENSHBUG00000006590	0	0
ENSHBUG00000006591	0	0
ENSHBUG00000006592	573	601
ENSHBUG00000006593	0	0
ENSHBUG00000006594	0	0
ENSHBUG00000006595	2	6
ENSHBUG00000006596	1	46
ENSHBUG00000006597	0	0
ENSHBUG00000006598	5	51
ENSHBUG00000006599	0	0
ENSHBUG00000006600	0	0
ENSHBUG00000006601	0	0
ENSHBUG00000006602	0	0
ENSHBUG00000006603	0	0
ENSHBUG00000006604	1	39
ENSHBUG00000006605	2	37
ENSHBUG00000006606	0	0
ENSHBUG00000006607	4	51
ENSHBUG00000006608	0	0
ENSHBUG00000006609	105	130
ENSHBUG00000006610	0	0
ENSHBUG00000006611	0	0
ENSHBUG00000006612	0	0
ENSHBUG00000006613	2	50
ENSHBUG00000006614	3	7
ENSHBUG00000006615	0	0
ENSHBUG00000006616	0	0
ENSHBUG00000006617	0	0
ENSHBUG00000006618	0	0
ENSHBUG00000006619	0	0
ENSHBUG00000006620	1	48
ENSHBUG00000006621	0	0
ENSHBUG00000006622	90	93
ENSHBUG00000006623	1	22
ENSHBUG00000006624	0	0
ENSHBUG00000006625	5	46
ENSHBUG00000006626	0	0
ENSHBUG00000006627	0	0
ENSHBUG00000006628	0	0
ENSHBUG00000006629	2	35
ENSHBUG00000006630	39	42
ENSHBUG00000006631	0	0
ENSHBUG00000006632	0	0
ENSHBUG00000006633	0	0
ENSHBUG00000006634	1	24
ENSHBUG00000006635	15	52
ENSHBUG00000006636	0	0
ENSHBUG00000006637	3	22
ENSHBUG00000006638	0	0
ENSHBUG00000006639	0	0
ENSHBUG00000006640	0	0
ENSHBUG00000006641	0	0
ENSHBUG00000006642	0	0
ENSHBUG00000006643	0	0
ENSHBUG00000006644	0	0
ENSHBUG00000006645	0	0
ENSHBUG00000006646	0	0
ENSHBUG00000006647	6	11
ENSHBUG00000006648	0	0
ENSHBUG00000006649	0	0
ENSHBUG00000006650	30	36
ENSHBUG00000006651	0	0
ENSHBUG00000006652	11	57
ENSHBUG00000006653	1	49
ENSHBUG00000006654	4	26
ENSHBUG00000006655	0	0
ENSHBUG00000006656	0	0
ENSHBUG00000006657	0	0
ENSHBUG00000006658	0	0
ENSHBUG00000006659	3	12
ENSHBUG00000006660	0	0
ENSHBUG00000006661	2	33
ENSHBUG00000006662	0	0
ENSHBUG00000006663	0	0
ENSHBUG00000006664	3	21
ENSHBUG00000006665	6	37
ENSHBUG00000006666	152	185
ENSHBUG00000006667	0	0
ENSHBUG00000006668	2	26
ENSHBUG00000006669	0	0
ENSHBUG00000006670	0	0
ENSHBUG00000006671	7	52
ENSHBUG00000006672	0	0
ENSHBUG00000006673	0	0
ENSHBUG00000006674	0	0
ENSHBUG00000006675	0	0
ENSHBUG00000006676	0	0
ENSHBUG00000006677	866	891
ENSHBUG00000006678	0	0
ENSHBUG00000006679	7	25
ENSHBUG00000006680	0	0
ENSHBUG00000006681	1	29
ENSHBUG00000006682	0	0
ENSHBUG00000006683	0	0
ENSHBUG00000006684	1	7
ENSHBUG00000006685	0	0
ENSHBUG00000006686	14	19
ENSHBUG00000006687	0	0
ENSHBUG00000006688	131	162
ENSHBUG00000006689	103	125
ENSHBUG00000006690	1	35
ENSHBUG00000006691	1	43
ENSHBUG00000006692	1	20
ENSHBUG00000006693	0	0
ENSHBUG00000006694	7	45
ENSHBUG00000006695	0	0
ENSHBUG00000006696	0	0
ENSHBUG00000006697	2	9
ENSHBUG00000006698	0	0
ENSHBUG00000006699	1	28
ENSHBUG00000006700	0	0
ENSHBUG00000006701	1	16
ENSHBUG00000006702	313	336
ENSHBUG00000006703	0	0
ENSHBUG00000006704	0	0
ENSHBUG00000006705	0	0
ENSHBUG00000006706	0	0
ENSHBUG00000006707	0	0
ENSHBUG00000006708	0	0
ENSHBUG00000006709	0	0
ENSHBUG00000006710	4	37
ENSHBUG00000006711	4	35
ENSHBUG00000006712	0	0
ENSHBUG00000006713	0	0
ENSHBUG00000006714	3	41
ENSHBUG00000006715	1504	1533
ENSHBUG00000006716	0	0
ENSHBUG00000006717	0	0
ENSHBUG00000006718	0	0
ENSHBUG00000006719	0	0
ENSHBUG00000006720	0	0
ENSHBUG00000006721	0	0
ENSHBUG00000006722	0	0
ENSHBUG00000006723	459	460
ENSHBUG00000006724	0	0
ENSHBUG00000006725	0	0
ENSHBUG00000006726	0	0
ENSHBUG00000006727	0	0
ENSHBUG00000006728	2	19
ENSHBUG00000006729	0	0
ENSHBUG00000006730	17	57
ENSHBUG00000006731	2	5
ENSHBUG00000006732	1	16
ENSHBUG00000006733	1	43
ENSHBUG00000006734	1	30
ENSHBUG00000006735	3	34
ENSHBUG00000006736	0	0
ENSHBUG00000006737	0	0
ENSHBUG00000006738	0	0
ENSHBUG00000006739	620	629
ENSHBUG00000006740	2	35
ENSHBUG00000006741	0	0
ENSHBUG00000006742	0	0
ENSHBUG00000006743	0	0
ENSHBUG00000006744	0	0
ENSHBUG00000006745	0	0
ENSHBUG00000006746	0	0
ENSHBUG00000006747	1	22
ENSHBUG00000006748	4	29
ENSHBUG00000006749	0	0
ENSHBUG00000006750	0	0
ENSHBUG00000006751	0	0
ENSHBUG00000006752	0	0
ENSHBUG00000006753	0	0
ENSHBUG00000006754	0	0
ENSHBUG00000006755	81	102
ENSHBUG00000006756	1	19
ENSHBUG00000006757	0	0
ENSHBUG00000006758	0	0
ENSHBUG00000006759	1	10
ENSHBUG00000006760	0	0
ENSHBUG00000006761	1	39
ENSHBUG00000006762	2	10
ENSHBUG00000006763	7	34
ENSHBUG00000006764	2	46
ENSHBUG00000006765	1	39
ENSHBUG00000006766	0	0
ENSHBUG00000006767	1	40
ENSHBUG00000006768	0	0
ENSHBUG00000006769	0	0
ENSHBUG00000006770	2	10
ENSHBUG00000006771	0	0
ENSHBUG00000006772	0	0
ENSHBUG00000006773	0	0
ENSHBUG00000006774	30	69
ENSHBUG00000006775	9	52
ENSHBUG00000006776	0	0
ENSHBUG00000006777	142	144
ENSHBUG00000006778	1	9
ENSHBUG00000006779	1	44
ENSHBUG00000006780	1	2
ENSHBUG00000006781	5	18
ENSHBUG00000006782	0	0
ENSHBUG00000006783	0	0
ENSHBUG00000006784	8	43
ENSHBUG00000006785	28	60
ENSHBUG00000006786	0	0
ENSHBUG00000006787	25	51
ENSHBUG00000006788	0	0
ENSHBUG00000006789	0	0
ENSHBUG00000006790	0	0
ENSHBUG00000006791	0	0
ENSHBUG00000006792	7	23
ENSHBUG00000006793	1	37
ENSHBUG00000006794	0	0
ENSHBUG00000006795	30	42
ENSHBUG00000006796	1	33
ENSHBUG00000006797	0	0
ENSHBUG00000006798	22	65
ENSHBUG00000006799	4	24
ENSHBUG00000006800	1	39
ENSHBUG00000006801	0	0
ENSHBUG00000006802	0	0
ENSHBUG00000006803	1	5
ENSHBUG00000006804	0	0
ENSHBUG00000006805	0	0
ENSHBUG00000006806	0	0
ENSHBUG00000006807	0	0
ENSHBUG00000006808	4	49
ENSHBUG00000006809	9	20
ENSHBUG00000006810	340	368
ENSHBUG00000006811	7	54
ENSHBUG00000006812	8	36
ENSHBUG00000006813	0	0
ENSHBUG00000006814	6	36
ENSHBUG00000006815	9	57
ENSHBUG00000006816	0	0
ENSHBUG00000006817	0	0
ENSHBUG00000006818	0	0
ENSHBUG00000006819	0	0
ENSHBUG00000006820	3	10
ENSHBUG00000006821	90	93
ENSHBUG00000006822	0	0
ENSHBUG00000006823	0	0
ENSHBUG00000006824	0	0
ENSHBUG00000006825	118	160
ENSHBUG00000006826	9	43
ENSHBUG00000006827	0	0
ENSHBUG00000006828	0	0
ENSHBUG00000006829	1	37
ENSHBUG00000006830	0	0
ENSHBUG00000006831	1	14
ENSHBUG00000006832	1	33
ENSHBUG00000006833	0	0
ENSHBUG00000006834	0	0
ENSHBUG00000006835	0	0
ENSHBUG00000006836	3	24
ENSHBUG00000006837	0	0
ENSHBUG00000006838	0	0
ENSHBUG00000006839	0	0
ENSHBUG00000006840	0	0
ENSHBUG00000006841	0	0
ENSHBUG00000006842	52	61
ENSHBUG00000006843	0	0
ENSHBUG00000006844	0	0
ENSHBUG00000006845	0	0
ENSHBUG00000006846	0	0
ENSHBUG00000006847	0	0
ENSHBUG00000006848	0	0
ENSHBUG00000006849	1442	1453
ENSHBUG00000006850	0	0
ENSHBUG00000006851	56	66
ENSHBUG00000006852	0	0
ENSHBUG00000006853	27	65
ENSHBUG00000006854	0	0
ENSHBUG00000006855	0	0
ENSHBUG00000006856	0	0
ENSHBUG00000006857	2	44
ENSHBUG00000006858	35	62
ENSHBUG00000006859	0	0
ENSHBUG00000006860	5	33
ENSHBUG00000006861	0	0
ENSHBUG00000006862	0	0
ENSHBUG00000006863	0	0
ENSHBUG00000006864	0	0
ENSHBUG00000006865	0	0
ENSHBUG00000006866	0	0
ENSHBUG00000006867	0	0
ENSHBUG00000006868	0	0
ENSHBUG00000006869	4	26
ENSHBUG00000006870	307	329
ENSHBUG00000006871	4	45
ENSHBUG00000006872	1	30
ENSHBUG00000006873	0	0
ENSHBUG00000006874	0	0
ENSHBUG00000006875	0	0
ENSHBUG00000006876	3	13
ENSHBUG00000006877	4	22
ENSHBUG00000006878	0	0
ENSHBUG00000006879	0	0
ENSHBUG00000006880	0	0
ENSHBUG00000006881	0	0
ENSHBUG00000006882	0	0
ENSHBUG00000006883	0	0
ENSHBUG00000006884	2	34
ENSHBUG00000006885	0	0
ENSHBUG00000006886	0	0
ENSHBUG00000006887	2	43
ENSHBUG00000006888	0	0
ENSHBUG00000006889	0	0
ENSHBUG00000006890	0	0
ENSHBUG00000006891	1	21
ENSHBUG00000006892	0	0
ENSHBUG00000006893	1	8
ENSHBUG00000006894	0	0
ENSHBUG00000006895	0	0
ENSHBUG00000006896	0	0
ENSHBUG00000006897	14	52
ENSHBUG00000006898	0	0
ENSHBUG00000006899	8	14
ENSHBUG00000006900	41	48
ENSHBUG00000006901	0	0
ENSHBUG00000006902	0	0
ENSHBUG00000006903	0	0
ENSHBUG00000006904	172	210
ENSHBUG00000006905	0	0
ENSHBUG00000006906	0	0
ENSHBUG00000006907	0	0
ENSHBUG00000006908	0	0
ENSHBUG00000006909	0	0
ENSHBUG00000006910	0	0
ENSHBUG00000006911	54	98
ENSHBUG00000006912	1	28
ENSHBUG00000006913	1	31
ENSHBUG00000006914	1	47
ENSHBUG00000006915	0	0
ENSHBUG00000006916	5	44
ENSHBUG00000006917	0	0
ENSHBUG00000006918	1	36
ENSHBUG00000006919	0	0
ENSHBUG00000006920	126	134
ENSHBUG00000006921	1	26
ENSHBUG00000006922	0	0
ENSHBUG00000006923	0	0
ENSHBUG00000006924	6	52
ENSHBUG00000006925	0	0
ENSHBUG00000006926	1	19
ENSHBUG00000006927	0	0
ENSHBUG00000006928	1	6
ENSHBUG00000006929	0	0
ENSHBUG00000006930	0	0
ENSHBUG00000006931	0	0
ENSHBUG00000006932	5	24
ENSHBUG00000006933	0	0
ENSHBUG00000006934	0	0
ENSHBUG00000006935	1	16
ENSHBUG00000006936	0	0
ENSHBUG00000006937	0	0
ENSHBUG00000006938	2	9
ENSHBUG00000006939	0	0
ENSHBUG00000006940	0	0
ENSHBUG00000006941	0	0
ENSHBUG00000006942	0	0
ENSHBUG00000006943	1	2
ENSHBUG00000006944	0	0
ENSHBUG00000006945	0	0
ENSHBUG00000006946	1	41
ENSHBUG00000006947	4	34
ENSHBUG00000006948	0	0
ENSHBUG00000006949	0	0
ENSHBUG00000006950	0	0
ENSHBUG00000006951	0	0
ENSHBUG00000006952	0	0
ENSHBUG00000006953	27	37
ENSHBUG00000006954	0	0
ENSHBUG00000006955	0	0
ENSHBUG00000006956	25	65
ENSHBUG00000006957	2	8
ENSHBUG00000006958	1089	1104
ENSHBUG00000006959	0	0
ENSHBUG00000006960	0	0
ENSHBUG00000006961	175	208
ENSHBUG00000006962	0	0
ENSHBUG00000006963	0	0
ENSHBUG00000006964	179	216
ENSHBUG00000006965	0	0
ENSHBUG00000006966	0	0
ENSHBUG00000006967	0	0
ENSHBUG00000006968	44	54
ENSHBUG00000006969	0	0
ENSHBUG00000006970	0	0
ENSHBUG00000006971	0	0
ENSHBUG00000006972	0	0
ENSHBUG00000006973	0	0
ENSHBUG00000006974	0	0
ENSHBUG00000006975	6	47
ENSHBUG00000006976	0	0
ENSHBUG00000006977	1	41
ENSHBUG00000006978	0	0
ENSHBUG00000006979	1	18
ENSHBUG00000006980	268	279
ENSHBUG00000006981	0	0
ENSHBUG00000006982	0	0
ENSHBUG00000006983	1	45
ENSHBUG00000006984	0	0
ENSHBUG00000006985	0	0
ENSHBUG00000006986	1	41
ENSHBUG00000006987	1	14
ENSHBUG00000006988	2	29
ENSHBUG00000006989	0	0
ENSHBUG00000006990	1	49
ENSHBUG00000006991	0	0
ENSHBUG00000006992	4	32
ENSHBUG00000006993	0	0
ENSHBUG00000006994	1	39
ENSHBUG00000006995	0	0
ENSHBUG00000006996	0	0
ENSHBUG00000006997	0	0
ENSHBUG00000006998	0	0
ENSHBUG00000006999	0	0
ENSHBUG00000007000	1	33
ENSHBUG00000007001	0	0
ENSHBUG00000007002	0	0
ENSHBUG00000007003	155	196
ENSHBUG00000007004	0	0
ENSHBUG00000007005	39	60
ENSHBUG00000007006	3	11
ENSHBUG00000007007	0	0
ENSHBUG00000007008	0	0
ENSHBUG00000007009	0	0
ENSHBUG00000007010	5	22
ENSHBUG00000007011	0	0
ENSHBUG00000007012	1	40
ENSHBUG00000007013	0	0
ENSHBUG00000007014	0	0
ENSHBUG00000007015	0	0
ENSHBUG00000007016	0	0
ENSHBUG00000007017	0	0
ENSHBUG00000007018	397	431
ENSHBUG00000007019	1	47
ENSHBUG00000007020	0	0
ENSHBUG00000007021	0	0
ENSHBUG00000007022	0	0
ENSHBUG00000007023	1	9
ENSHBUG00000007024	0	0
ENSHBUG00000007025	0	0
ENSHBUG00000007026	4	40
ENSHBUG00000007027	3	49
ENSHBUG00000007028	2	34
ENSHBUG00000007029	2	29
ENSHBUG00000007030	1	33
ENSHBUG00000007031	0	0
ENSHBUG00000007032	1	2
ENSHBUG00000007033	0	0
ENSHBUG00000007034	20	57
ENSHBUG00000007035	0	0
ENSHBUG00000007036	1	21
ENSHBUG00000007037	0	0
ENSHBUG00000007038	0	0
ENSHBUG00000007039	0	0
ENSHBUG00000007040	0	0
ENSHBUG00000007041	0	0
ENSHBUG00000007042	0	0
ENSHBUG00000007043	940	975
ENSHBUG00000007044	5	18
ENSHBUG00000007045	1	44
ENSHBUG00000007046	0	0
ENSHBUG00000007047	5	32
ENSHBUG00000007048	5	32
ENSHBUG00000007049	0	0
ENSHBUG00000007050	0	0
ENSHBUG00000007051	0	0
ENSHBUG00000007052	2488	2523
ENSHBUG00000007053	2	20
ENSHBUG00000007054	2	50
ENSHBUG00000007055	15	39
ENSHBUG00000007056	0	0
ENSHBUG00000007057	1	7
ENSHBUG00000007058	0	0
ENSHBUG00000007059	0	0
ENSHBUG00000007060	9	28
ENSHBUG00000007061	0	0
ENSHBUG00000007062	0	0
ENSHBUG00000007063	4	29
ENSHBUG00000007064	1	26
ENSHBUG00000007065	7	37
ENSHBUG00000007066	1	45
ENSHBUG00000007067	617	630
ENSHBUG00000007068	0	0
ENSHBUG00000007069	78	102
ENSHBUG00000007070	0	0
ENSHBUG00000007071	1	15
ENSHBUG00000007072	0	0
ENSHBUG00000007073	0	0
ENSHBUG00000007074	5	53
ENSHBUG00000007075	2	45
ENSHBUG00000007076	150	196
ENSHBUG00000007077	0	0
ENSHBUG00000007078	2	45
ENSHBUG00000007079	2	18
ENSHBUG00000007080	0	0
ENSHBUG00000007081	1	27
ENSHBUG00000007082	0	0
ENSHBUG00000007083	50	67
ENSHBUG00000007084	0	0
ENSHBUG00000007085	16	17
ENSHBUG00000007086	0	0
ENSHBUG00000007087	0	0
ENSHBUG00000007088	0	0
ENSHBUG00000007089	0	0
ENSHBUG00000007090	12	15
ENSHBUG00000007091	6	11
ENSHBUG00000007092	837	847
ENSHBUG00000007093	7	40
ENSHBUG00000007094	3	38
ENSHBUG00000007095	0	0
ENSHBUG00000007096	0	0
ENSHBUG00000007097	3	40
ENSHBUG00000007098	0	0
ENSHBUG00000007099	145	175
ENSHBUG00000007100	2	39
ENSHBUG00000007101	0	0
ENSHBUG00000007102	1	11
ENSHBUG00000007103	5	12
ENSHBUG00000007104	0	0
ENSHBUG00000007105	0	0
ENSHBUG00000007106	79	93
ENSHBUG00000007107	0	0
ENSHBUG00000007108	0	0
ENSHBUG00000007109	0	0
ENSHBUG00000007110	2	24
ENSHBUG00000007111	7	46
ENSHBUG00000007112	0	0
ENSHBUG00000007113	0	0
ENSHBUG00000007114	0	0
ENSHBUG00000007115	431	474
ENSHBUG00000007116	4	18
ENSHBUG00000007117	3	29
ENSHBUG00000007118	0	0
ENSHBUG00000007119	322	327
ENSHBUG00000007120	0	0
ENSHBUG00000007121	0	0
ENSHBUG00000007122	1	29
ENSHBUG00000007123	0	0
ENSHBUG00000007124	1	45
ENSHBUG00000007125	1	30
ENSHBUG00000007126	0	0
ENSHBUG00000007127	0	0
ENSHBUG00000007128	0	0
ENSHBUG00000007129	0	0
ENSHBUG00000007130	0	0
ENSHBUG00000007131	47	78
ENSHBUG00000007132	0	0
ENSHBUG00000007133	179	202
ENSHBUG00000007134	8	17
ENSHBUG00000007135	0	0
ENSHBUG00000007136	2	10
ENSHBUG00000007137	18	58
ENSHBUG00000007138	0	0
ENSHBUG00000007139	1	33
ENSHBUG00000007140	0	0
ENSHBUG00000007141	0	0
ENSHBUG00000007142	781	790
ENSHBUG00000007143	0	0
ENSHBUG00000007144	0	0
ENSHBUG00000007145	1	12
ENSHBUG00000007146	1	34
ENSHBUG00000007147	1	28
ENSHBUG00000007148	0	0
ENSHBUG00000007149	0	0
ENSHBUG00000007150	52	60
ENSHBUG00000007151	0	0
ENSHBUG00000007152	1	46
ENSHBUG00000007153	0	0
ENSHBUG00000007154	0	0
ENSHBUG00000007155	0	0
ENSHBUG00000007156	55	87
ENSHBUG00000007157	13	61
ENSHBUG00000007158	0	0
ENSHBUG00000007159	4	30
ENSHBUG00000007160	1	36
ENSHBUG00000007161	2	25
ENSHBUG00000007162	0	0
ENSHBUG00000007163	6	21
ENSHBUG00000007164	7	26
ENSHBUG00000007165	0	0
ENSHBUG00000007166	616	619
ENSHBUG00000007167	0	0
ENSHBUG00000007168	0	0
ENSHBUG00000007169	2	11
ENSHBUG00000007170	0	0
ENSHBUG00000007171	0	0
ENSHBUG00000007172	0	0
ENSHBUG00000007173	0	0
ENSHBUG00000007174	0	0
ENSHBUG00000007175	1	44
ENSHBUG00000007176	0	0
ENSHBUG00000007177	0	0
ENSHBUG00000007178	0	0
ENSHBUG00000007179	52	87
ENSHBUG00000007180	0	0
ENSHBUG00000007181	7	32
ENSHBUG00000007182	0	0
ENSHBUG00000007183	1	42
ENSHBUG00000007184	0	0
ENSHBUG00000007185	0	0
ENSHBUG00000007186	0	0
ENSHBUG00000007187	3	10
ENSHBUG00000007188	0	0
ENSHBUG00000007189	0	0
ENSHBUG00000007190	3	39
ENSHBUG00000007191	0	0
ENSHBUG00000007192	0	0
ENSHBUG00000007193	0	0
ENSHBUG00000007194	0	0
ENSHBUG00000007195	0	0
ENSHBUG00000007196	4568	4576
ENSHBUG00000007197	0	0
ENSHBUG00000007198	0	0
ENSHBUG00000007199	1	36
ENSHBUG00000007200	0	0
ENSHBUG00000007201	5	11
ENSHBUG00000007202	0	0
ENSHBUG00000007203	0	0
ENSHBUG00000007204	357	367
ENSHBUG00000007205	3	11
ENSHBUG00000007206	0	0
ENSHBUG00000007207	0	0
ENSHBUG00000007208	0	0
ENSHBUG00000007209	0	0
ENSHBUG00000007210	5	47
ENSHBUG00000007211	2	18
ENSHBUG00000007212	0	0
ENSHBUG00000007213	29	58
ENSHBUG00000007214	20	37
ENSHBUG00000007215	3	33
ENSHBUG00000007216	0	0
ENSHBUG00000007217	6	47
ENSHBUG00000007218	0	0
ENSHBUG00000007219	2	21
ENSHBUG00000007220	0	0
ENSHBUG00000007221	0	0
ENSHBUG00000007222	0	0
ENSHBUG00000007223	4	41
ENSHBUG00000007224	1	4
ENSHBUG00000007225	0	0
ENSHBUG00000007226	1	5
ENSHBUG00000007227	0	0
ENSHBUG00000007228	2	26
ENSHBUG00000007229	5	53
ENSHBUG00000007230	0	0
ENSHBUG00000007231	0	0
ENSHBUG00000007232	0	0
ENSHBUG00000007233	1264	1284
ENSHBUG00000007234	0	0
ENSHBUG00000007235	8	56
ENSHBUG00000007236	64	95
ENSHBUG00000007237	0	0
ENSHBUG00000007238	4	5
ENSHBUG00000007239	0	0
ENSHBUG00000007240	0	0
ENSHBUG00000007241	0	0
ENSHBUG00000007242	0	0
ENSHBUG00000007243	1	22
ENSHBUG00000007244	3	51
ENSHBUG00000007245	0	0
ENSHBUG00000007246	151	194
ENSHBUG00000007247	0	0
ENSHBUG00000007248	0	0
ENSHBUG00000007249	5	49
ENSHBUG00000007250	6	7
ENSHBUG00000007251	6	12
ENSHBUG00000007252	9	22
ENSHBUG00000007253	0	0
ENSHBUG00000007254	9	19
ENSHBUG00000007255	0	0
ENSHBUG00000007256	0	0
ENSHBUG00000007257	1	10
ENSHBUG00000007258	48	87
ENSHBUG00000007259	0	0
ENSHBUG00000007260	1	36
ENSHBUG00000007261	0	0
ENSHBUG00000007262	0	0
ENSHBUG00000007263	0	0
ENSHBUG00000007264	0	0
ENSHBUG00000007265	2	47
ENSHBUG00000007266	0	0
ENSHBUG00000007267	5	37
ENSHBUG00000007268	0	0
ENSHBUG00000007269	2	8
ENSHBUG00000007270	3	42
ENSHBUG00000007271	0	0
ENSHBUG00000007272	0	0
ENSHBUG00000007273	3	6
ENSHBUG00000007274	0	0
ENSHBUG00000007275	0	0
ENSHBUG00000007276	1	37
ENSHBUG00000007277	0	0
ENSHBUG00000007278	0	0
ENSHBUG00000007279	0	0
ENSHBUG00000007280	0	0
ENSHBUG00000007281	0	0
ENSHBUG00000007282	0	0
ENSHBUG00000007283	0	0
ENSHBUG00000007284	1	47
ENSHBUG00000007285	0	0
ENSHBUG00000007286	0	0
ENSHBUG00000007287	5	45
ENSHBUG00000007288	0	0
ENSHBUG00000007289	6	13
ENSHBUG00000007290	0	0
ENSHBUG00000007291	1	18
ENSHBUG00000007292	0	0
ENSHBUG00000007293	0	0
ENSHBUG00000007294	0	0
ENSHBUG00000007295	3	28
ENSHBUG00000007296	19	36
ENSHBUG00000007297	1	28
ENSHBUG00000007298	8	23
ENSHBUG00000007299	0	0
ENSHBUG00000007300	6	51
ENSHBUG00000007301	0	0
ENSHBUG00000007302	8	56
ENSHBUG00000007303	0	0
ENSHBUG00000007304	0	0
ENSHBUG00000007305	0	0
ENSHBUG00000007306	0	0
ENSHBUG00000007307	2	23
ENSHBUG00000007308	0	0
ENSHBUG00000007309	0	0
ENSHBUG00000007310	3	40
ENSHBUG00000007311	0	0
ENSHBUG00000007312	0	0
ENSHBUG00000007313	2	3
ENSHBUG00000007314	1	39
ENSHBUG00000007315	0	0
ENSHBUG00000007316	2	50
ENSHBUG00000007317	6	46
ENSHBUG00000007318	0	0
ENSHBUG00000007319	0	0
ENSHBUG00000007320	53	72
ENSHBUG00000007321	3	12
ENSHBUG00000007322	80	113
ENSHBUG00000007323	1	36
ENSHBUG00000007324	0	0
ENSHBUG00000007325	0	0
ENSHBUG00000007326	1	46
ENSHBUG00000007327	0	0
ENSHBUG00000007328	0	0
ENSHBUG00000007329	10	27
ENSHBUG00000007330	0	0
ENSHBUG00000007331	1	9
ENSHBUG00000007332	0	0
ENSHBUG00000007333	0	0
ENSHBUG00000007334	1	6
ENSHBUG00000007335	122	148
ENSHBUG00000007336	18	41
ENSHBUG00000007337	1	11
ENSHBUG00000007338	0	0
ENSHBUG00000007339	8	44
ENSHBUG00000007340	1	28
ENSHBUG00000007341	0	0
ENSHBUG00000007342	0	0
ENSHBUG00000007343	221	268
ENSHBUG00000007344	0	0
ENSHBUG00000007345	24	39
ENSHBUG00000007346	0	0
ENSHBUG00000007347	4	46
ENSHBUG00000007348	0	0
ENSHBUG00000007349	4	44
ENSHBUG00000007350	2	13
ENSHBUG00000007351	2	23
ENSHBUG00000007352	0	0
ENSHBUG00000007353	1	38
ENSHBUG00000007354	0	0
ENSHBUG00000007355	6	30
ENSHBUG00000007356	5	23
ENSHBUG00000007357	5	7
ENSHBUG00000007358	0	0
ENSHBUG00000007359	0	0
ENSHBUG00000007360	0	0
ENSHBUG00000007361	2	46
ENSHBUG00000007362	0	0
ENSHBUG00000007363	0	0
ENSHBUG00000007364	5	30
ENSHBUG00000007365	0	0
ENSHBUG00000007366	0	0
ENSHBUG00000007367	0	0
ENSHBUG00000007368	56	104
ENSHBUG00000007369	4	39
ENSHBUG00000007370	1	5
ENSHBUG00000007371	2	37
ENSHBUG00000007372	0	0
ENSHBUG00000007373	0	0
ENSHBUG00000007374	6351	6376
ENSHBUG00000007375	4	12
ENSHBUG00000007376	0	0
ENSHBUG00000007377	1	26
ENSHBUG00000007378	14	47
ENSHBUG00000007379	0	0
ENSHBUG00000007380	246	277
ENSHBUG00000007381	0	0
ENSHBUG00000007382	1	35
ENSHBUG00000007383	0	0
ENSHBUG00000007384	0	0
ENSHBUG00000007385	65	88
ENSHBUG00000007386	2	18
ENSHBUG00000007387	0	0
ENSHBUG00000007388	0	0
ENSHBUG00000007389	0	0
ENSHBUG00000007390	3	49
ENSHBUG00000007391	1	13
ENSHBUG00000007392	0	0
ENSHBUG00000007393	0	0
ENSHBUG00000007394	0	0
ENSHBUG00000007395	0	0
ENSHBUG00000007396	0	0
ENSHBUG00000007397	0	0
ENSHBUG00000007398	0	0
ENSHBUG00000007399	2	48
ENSHBUG00000007400	7	31
ENSHBUG00000007401	76	116
ENSHBUG00000007402	0	0
ENSHBUG00000007403	0	0
ENSHBUG00000007404	93	122
ENSHBUG00000007405	3	41
ENSHBUG00000007406	0	0
ENSHBUG00000007407	0	0
ENSHBUG00000007408	0	0
ENSHBUG00000007409	0	0
ENSHBUG00000007410	405	439
ENSHBUG00000007411	0	0
ENSHBUG00000007412	0	0
ENSHBUG00000007413	0	0
ENSHBUG00000007414	0	0
ENSHBUG00000007415	0	0
ENSHBUG00000007416	0	0
ENSHBUG00000007417	1	45
ENSHBUG00000007418	2	7
ENSHBUG00000007419	106	115
ENSHBUG00000007420	0	0
ENSHBUG00000007421	2	26
ENSHBUG00000007422	1	43
ENSHBUG00000007423	0	0
ENSHBUG00000007424	0	0
ENSHBUG00000007425	1	3
ENSHBUG00000007426	26	50
ENSHBUG00000007427	21	31
ENSHBUG00000007428	0	0
ENSHBUG00000007429	0	0
ENSHBUG00000007430	0	0
ENSHBUG00000007431	21	47
ENSHBUG00000007432	0	0
ENSHBUG00000007433	155	156
ENSHBUG00000007434	0	0
ENSHBUG00000007435	5	29
ENSHBUG00000007436	0	0
ENSHBUG00000007437	0	0
ENSHBUG00000007438	0	0
ENSHBUG00000007439	0	0
ENSHBUG00000007440	0	0
ENSHBUG00000007441	0	0
ENSHBUG00000007442	0	0
ENSHBUG00000007443	0	0
ENSHBUG00000007444	0	0
ENSHBUG00000007445	8	31
ENSHBUG00000007446	0	0
ENSHBUG00000007447	0	0
ENSHBUG00000007448	0	0
ENSHBUG00000007449	1	44
ENSHBUG00000007450	7	49
ENSHBUG00000007451	0	0
ENSHBUG00000007452	0	0
ENSHBUG00000007453	35	38
ENSHBUG00000007454	1	31
ENSHBUG00000007455	0	0
ENSHBUG00000007456	0	0
ENSHBUG00000007457	364	377
ENSHBUG00000007458	0	0
ENSHBUG00000007459	0	0
ENSHBUG00000007460	0	0
ENSHBUG00000007461	1	21
ENSHBUG00000007462	219	246
ENSHBUG00000007463	0	0
ENSHBUG00000007464	1	34
ENSHBUG00000007465	0	0
ENSHBUG00000007466	0	0
ENSHBUG00000007467	0	0
ENSHBUG00000007468	0	0
ENSHBUG00000007469	18	19
ENSHBUG00000007470	0	0
ENSHBUG00000007471	1	4
ENSHBUG00000007472	0	0
ENSHBUG00000007473	0	0
ENSHBUG00000007474	1	5
ENSHBUG00000007475	2	8
ENSHBUG00000007476	0	0
ENSHBUG00000007477	0	0
ENSHBUG00000007478	1	24
ENSHBUG00000007479	0	0
ENSHBUG00000007480	9	27
ENSHBUG00000007481	0	0
ENSHBUG00000007482	0	0
ENSHBUG00000007483	0	0
ENSHBUG00000007484	0	0
ENSHBUG00000007485	0	0
ENSHBUG00000007486	3	20
ENSHBUG00000007487	0	0
ENSHBUG00000007488	2	36
ENSHBUG00000007489	0	0
ENSHBUG00000007490	0	0
ENSHBUG00000007491	0	0
ENSHBUG00000007492	4	31
ENSHBUG00000007493	0	0
ENSHBUG00000007494	6	25
ENSHBUG00000007495	747	749
ENSHBUG00000007496	0	0
ENSHBUG00000007497	0	0
ENSHBUG00000007498	0	0
ENSHBUG00000007499	1	15
ENSHBUG00000007500	0	0
ENSHBUG00000007501	0	0
ENSHBUG00000007502	8	35
ENSHBUG00000007503	1	45
ENSHBUG00000007504	1	35
ENSHBUG00000007505	1	28
ENSHBUG00000007506	138	170
ENSHBUG00000007507	1	37
ENSHBUG00000007508	2	6
ENSHBUG00000007509	0	0
ENSHBUG00000007510	0	0
ENSHBUG00000007511	0	0
ENSHBUG00000007512	0	0
ENSHBUG00000007513	0	0
ENSHBUG00000007514	0	0
ENSHBUG00000007515	0	0
ENSHBUG00000007516	4	11
ENSHBUG00000007517	2	43
ENSHBUG00000007518	0	0
ENSHBUG00000007519	4	49
ENSHBUG00000007520	0	0
ENSHBUG00000007521	16	42
ENSHBUG00000007522	0	0
ENSHBUG00000007523	0	0
ENSHBUG00000007524	3	47
ENSHBUG00000007525	1	24
ENSHBUG00000007526	0	0
ENSHBUG00000007527	1	27
ENSHBUG00000007528	2	27
ENSHBUG00000007529	1	39
ENSHBUG00000007530	5	46
ENSHBUG00000007531	0	0
ENSHBUG00000007532	4	41
ENSHBUG00000007533	0	0
ENSHBUG00000007534	0	0
ENSHBUG00000007535	0	0
ENSHBUG00000007536	0	0
ENSHBUG00000007537	0	0
ENSHBUG00000007538	0	0
ENSHBUG00000007539	0	0
ENSHBUG00000007540	5	22
ENSHBUG00000007541	1	6
ENSHBUG00000007542	0	0
ENSHBUG00000007543	0	0
ENSHBUG00000007544	51	93
ENSHBUG00000007545	0	0
ENSHBUG00000007546	0	0
ENSHBUG00000007547	0	0
ENSHBUG00000007548	6	33
ENSHBUG00000007549	1	13
ENSHBUG00000007550	0	0
ENSHBUG00000007551	0	0
ENSHBUG00000007552	0	0
ENSHBUG00000007553	5	49
ENSHBUG00000007554	1	25
ENSHBUG00000007555	0	0
ENSHBUG00000007556	0	0
ENSHBUG00000007557	0	0
ENSHBUG00000007558	1	22
ENSHBUG00000007559	1	31
ENSHBUG00000007560	0	0
ENSHBUG00000007561	0	0
ENSHBUG00000007562	0	0
ENSHBUG00000007563	116	139
ENSHBUG00000007564	1	21
ENSHBUG00000007565	0	0
ENSHBUG00000007566	0	0
ENSHBUG00000007567	0	0
ENSHBUG00000007568	1	24
ENSHBUG00000007569	0	0
ENSHBUG00000007570	0	0
ENSHBUG00000007571	0	0
ENSHBUG00000007572	0	0
ENSHBUG00000007573	10	58
ENSHBUG00000007574	0	0
ENSHBUG00000007575	0	0
ENSHBUG00000007576	0	0
ENSHBUG00000007577	2	36
ENSHBUG00000007578	0	0
ENSHBUG00000007579	0	0
ENSHBUG00000007580	1	10
ENSHBUG00000007581	0	0
ENSHBUG00000007582	0	0
ENSHBUG00000007583	5	41
ENSHBUG00000007584	9	43
ENSHBUG00000007585	0	0
ENSHBUG00000007586	0	0
ENSHBUG00000007587	0	0
ENSHBUG00000007588	0	0
ENSHBUG00000007589	0	0
ENSHBUG00000007590	0	0
ENSHBUG00000007591	3	30
ENSHBUG00000007592	174	215
ENSHBUG00000007593	1	14
ENSHBUG00000007594	0	0
ENSHBUG00000007595	3	9
ENSHBUG00000007596	0	0
ENSHBUG00000007597	4	19
ENSHBUG00000007598	0	0
ENSHBUG00000007599	0	0
ENSHBUG00000007600	0	0
ENSHBUG00000007601	1	45
ENSHBUG00000007602	150	170
ENSHBUG00000007603	0	0
ENSHBUG00000007604	1	6
ENSHBUG00000007605	13	33
ENSHBUG00000007606	0	0
ENSHBUG00000007607	2	45
ENSHBUG00000007608	633	637
ENSHBUG00000007609	1	27
ENSHBUG00000007610	1	40
ENSHBUG00000007611	0	0
ENSHBUG00000007612	0	0
ENSHBUG00000007613	0	0
ENSHBUG00000007614	1	28
ENSHBUG00000007615	0	0
ENSHBUG00000007616	1	42
ENSHBUG00000007617	0	0
ENSHBUG00000007618	0	0
ENSHBUG00000007619	0	0
ENSHBUG00000007620	0	0
ENSHBUG00000007621	0	0
ENSHBUG00000007622	4	27
ENSHBUG00000007623	0	0
ENSHBUG00000007624	5	21
ENSHBUG00000007625	0	0
ENSHBUG00000007626	0	0
ENSHBUG00000007627	5	12
ENSHBUG00000007628	1968	2016
ENSHBUG00000007629	0	0
ENSHBUG00000007630	11	18
ENSHBUG00000007631	0	0
ENSHBUG00000007632	0	0
ENSHBUG00000007633	26	37
ENSHBUG00000007634	1	22
ENSHBUG00000007635	0	0
ENSHBUG00000007636	0	0
ENSHBUG00000007637	0	0
ENSHBUG00000007638	0	0
ENSHBUG00000007639	0	0
ENSHBUG00000007640	0	0
ENSHBUG00000007641	3	9
ENSHBUG00000007642	0	0
ENSHBUG00000007643	874	894
ENSHBUG00000007644	0	0
ENSHBUG00000007645	3	38
ENSHBUG00000007646	0	0
ENSHBUG00000007647	553	579
ENSHBUG00000007648	1	41
ENSHBUG00000007649	51	81
ENSHBUG00000007650	0	0
ENSHBUG00000007651	0	0
ENSHBUG00000007652	46	66
ENSHBUG00000007653	24	66
ENSHBUG00000007654	0	0
ENSHBUG00000007655	3	46
ENSHBUG00000007656	0	0
ENSHBUG00000007657	1	26
ENSHBUG00000007658	1	49
ENSHBUG00000007659	0	0
ENSHBUG00000007660	0	0
ENSHBUG00000007661	0	0
ENSHBUG00000007662	4	43
ENSHBUG00000007663	0	0
ENSHBUG00000007664	0	0
ENSHBUG00000007665	0	0
ENSHBUG00000007666	0	0
ENSHBUG00000007667	8	16
ENSHBUG00000007668	0	0
ENSHBUG00000007669	5	45
ENSHBUG00000007670	0	0
ENSHBUG00000007671	0	0
ENSHBUG00000007672	1496	1506
ENSHBUG00000007673	0	0
ENSHBUG00000007674	3	11
ENSHBUG00000007675	1	17
ENSHBUG00000007676	0	0
ENSHBUG00000007677	0	0
ENSHBUG00000007678	0	0
ENSHBUG00000007679	0	0
ENSHBUG00000007680	0	0
ENSHBUG00000007681	118	156
ENSHBUG00000007682	63	96
ENSHBUG00000007683	339	340
ENSHBUG00000007684	0	0
ENSHBUG00000007685	0	0
ENSHBUG00000007686	0	0
ENSHBUG00000007687	0	0
ENSHBUG00000007688	2211	2250
ENSHBUG00000007689	0	0
ENSHBUG00000007690	0	0
ENSHBUG00000007691	1	36
ENSHBUG00000007692	0	0
ENSHBUG00000007693	1	42
ENSHBUG00000007694	0	0
ENSHBUG00000007695	0	0
ENSHBUG00000007696	1	49
ENSHBUG00000007697	0	0
ENSHBUG00000007698	1	22
ENSHBUG00000007699	0	0
ENSHBUG00000007700	0	0
ENSHBUG00000007701	0	0
ENSHBUG00000007702	1170	1214
ENSHBUG00000007703	0	0
ENSHBUG00000007704	1	40
ENSHBUG00000007705	1	28
ENSHBUG00000007706	844	871
ENSHBUG00000007707	0	0
ENSHBUG00000007708	4	12
ENSHBUG00000007709	0	0
ENSHBUG00000007710	0	0
ENSHBUG00000007711	4	14
ENSHBUG00000007712	0	0
ENSHBUG00000007713	0	0
ENSHBUG00000007714	13	31
ENSHBUG00000007715	0	0
ENSHBUG00000007716	1	5
ENSHBUG00000007717	0	0
ENSHBUG00000007718	91	109
ENSHBUG00000007719	0	0
ENSHBUG00000007720	1	41
ENSHBUG00000007721	1	34
ENSHBUG00000007722	3	40
ENSHBUG00000007723	0	0
ENSHBUG00000007724	0	0
ENSHBUG00000007725	1	43
ENSHBUG00000007726	1	35
ENSHBUG00000007727	1	9
ENSHBUG00000007728	0	0
ENSHBUG00000007729	0	0
ENSHBUG00000007730	1	47
ENSHBUG00000007731	0	0
ENSHBUG00000007732	3	13
ENSHBUG00000007733	11	25
ENSHBUG00000007734	0	0
ENSHBUG00000007735	0	0
ENSHBUG00000007736	10	17
ENSHBUG00000007737	0	0
ENSHBUG00000007738	0	0
ENSHBUG00000007739	0	0
ENSHBUG00000007740	0	0
ENSHBUG00000007741	0	0
ENSHBUG00000007742	0	0
ENSHBUG00000007743	0	0
ENSHBUG00000007744	0	0
ENSHBUG00000007745	1	3
ENSHBUG00000007746	0	0
ENSHBUG00000007747	12	13
ENSHBUG00000007748	6	30
ENSHBUG00000007749	4	10
ENSHBUG00000007750	0	0
ENSHBUG00000007751	2	3
ENSHBUG00000007752	6	37
ENSHBUG00000007753	0	0
ENSHBUG00000007754	211	216
ENSHBUG00000007755	1368	1376
ENSHBUG00000007756	1990	1996
ENSHBUG00000007757	0	0
ENSHBUG00000007758	0	0
ENSHBUG00000007759	1	21
ENSHBUG00000007760	0	0
ENSHBUG00000007761	3	41
ENSHBUG00000007762	0	0
ENSHBUG00000007763	0	0
ENSHBUG00000007764	0	0
ENSHBUG00000007765	0	0
ENSHBUG00000007766	0	0
ENSHBUG00000007767	0	0
ENSHBUG00000007768	3	15
ENSHBUG00000007769	25	60
ENSHBUG00000007770	119	157
ENSHBUG00000007771	10	48
ENSHBUG00000007772	1	32
ENSHBUG00000007773	5	6
ENSHBUG00000007774	2	44
ENSHBUG00000007775	168	201
ENSHBUG00000007776	0	0
ENSHBUG00000007777	5	53
ENSHBUG00000007778	2	37
ENSHBUG00000007779	0	0
ENSHBUG00000007780	10	55
ENSHBUG00000007781	1	3
ENSHBUG00000007782	8	31
ENSHBUG00000007783	4	13
ENSHBUG00000007784	0	0
ENSHBUG00000007785	0	0
ENSHBUG00000007786	0	0
ENSHBUG00000007787	1	30
ENSHBUG00000007788	75	105
ENSHBUG00000007789	0	0
ENSHBUG00000007790	0	0
ENSHBUG00000007791	53	72
ENSHBUG00000007792	3	33
ENSHBUG00000007793	33	59
ENSHBUG00000007794	0	0
ENSHBUG00000007795	2	35
ENSHBUG00000007796	0	0
ENSHBUG00000007797	0	0
ENSHBUG00000007798	1	17
ENSHBUG00000007799	0	0
ENSHBUG00000007800	5	48
ENSHBUG00000007801	3	18
ENSHBUG00000007802	39	48
ENSHBUG00000007803	4	35
ENSHBUG00000007804	0	0
ENSHBUG00000007805	8	26
ENSHBUG00000007806	3	13
ENSHBUG00000007807	0	0
ENSHBUG00000007808	0	0
ENSHBUG00000007809	0	0
ENSHBUG00000007810	1	48
ENSHBUG00000007811	3	18
ENSHBUG00000007812	0	0
ENSHBUG00000007813	0	0
ENSHBUG00000007814	1	24
ENSHBUG00000007815	0	0
ENSHBUG00000007816	0	0
ENSHBUG00000007817	0	0
ENSHBUG00000007818	0	0
ENSHBUG00000007819	0	0
ENSHBUG00000007820	0	0
ENSHBUG00000007821	0	0
ENSHBUG00000007822	1	44
ENSHBUG00000007823	0	0
ENSHBUG00000007824	2	34
ENSHBUG00000007825	0	0
ENSHBUG00000007826	10	37
ENSHBUG00000007827	0	0
ENSHBUG00000007828	0	0
ENSHBUG00000007829	4	37
ENSHBUG00000007830	2	41
ENSHBUG00000007831	0	0
ENSHBUG00000007832	0	0
ENSHBUG00000007833	0	0
ENSHBUG00000007834	1	22
ENSHBUG00000007835	0	0
ENSHBUG00000007836	0	0
ENSHBUG00000007837	0	0
ENSHBUG00000007838	1	44
ENSHBUG00000007839	1	32
ENSHBUG00000007840	2	5
ENSHBUG00000007841	0	0
ENSHBUG00000007842	3	37
ENSHBUG00000007843	0	0
ENSHBUG00000007844	1	35
ENSHBUG00000007845	130	151
ENSHBUG00000007846	0	0
ENSHBUG00000007847	0	0
ENSHBUG00000007848	0	0
ENSHBUG00000007849	0	0
ENSHBUG00000007850	0	0
ENSHBUG00000007851	0	0
ENSHBUG00000007852	3	34
ENSHBUG00000007853	374	375
ENSHBUG00000007854	221	225
ENSHBUG00000007855	0	0
ENSHBUG00000007856	0	0
ENSHBUG00000007857	0	0
ENSHBUG00000007858	0	0
ENSHBUG00000007859	0	0
ENSHBUG00000007860	0	0
ENSHBUG00000007861	0	0
ENSHBUG00000007862	0	0
ENSHBUG00000007863	0	0
ENSHBUG00000007864	0	0
ENSHBUG00000007865	0	0
ENSHBUG00000007866	3	32
ENSHBUG00000007867	0	0
ENSHBUG00000007868	0	0
ENSHBUG00000007869	0	0
ENSHBUG00000007870	1	36
ENSHBUG00000007871	0	0
ENSHBUG00000007872	4	36
ENSHBUG00000007873	0	0
ENSHBUG00000007874	0	0
ENSHBUG00000007875	4	22
ENSHBUG00000007876	0	0
ENSHBUG00000007877	2	33
ENSHBUG00000007878	3	5
ENSHBUG00000007879	1	39
ENSHBUG00000007880	0	0
ENSHBUG00000007881	0	0
ENSHBUG00000007882	1	22
ENSHBUG00000007883	514	532
ENSHBUG00000007884	0	0
ENSHBUG00000007885	0	0
ENSHBUG00000007886	0	0
ENSHBUG00000007887	0	0
ENSHBUG00000007888	0	0
ENSHBUG00000007889	0	0
ENSHBUG00000007890	0	0
ENSHBUG00000007891	55	96
ENSHBUG00000007892	0	0
ENSHBUG00000007893	0	0
ENSHBUG00000007894	2846	2866
ENSHBUG00000007895	0	0
ENSHBUG00000007896	0	0
ENSHBUG00000007897	0	0
ENSHBUG00000007898	0	0
ENSHBUG00000007899	1	43
ENSHBUG00000007900	0	0
ENSHBUG00000007901	0	0
ENSHBUG00000007902	1	13
ENSHBUG00000007903	1	45
ENSHBUG00000007904	0	0
ENSHBUG00000007905	6	24
ENSHBUG00000007906	3	37
ENSHBUG00000007907	0	0
ENSHBUG00000007908	2	21
ENSHBUG00000007909	0	0
ENSHBUG00000007910	0	0
ENSHBUG00000007911	17	52
ENSHBUG00000007912	39	65
ENSHBUG00000007913	0	0
ENSHBUG00000007914	2	22
ENSHBUG00000007915	0	0
ENSHBUG00000007916	9	34
ENSHBUG00000007917	14	19
ENSHBUG00000007918	1	19
ENSHBUG00000007919	0	0
ENSHBUG00000007920	0	0
ENSHBUG00000007921	21	50
ENSHBUG00000007922	52	59
ENSHBUG00000007923	6	42
ENSHBUG00000007924	0	0
ENSHBUG00000007925	0	0
ENSHBUG00000007926	0	0
ENSHBUG00000007927	2	39
ENSHBUG00000007928	3	9
ENSHBUG00000007929	2	17
ENSHBUG00000007930	1	5
ENSHBUG00000007931	3	24
ENSHBUG00000007932	0	0
ENSHBUG00000007933	0	0
ENSHBUG00000007934	0	0
ENSHBUG00000007935	7	30
ENSHBUG00000007936	226	246
ENSHBUG00000007937	0	0
ENSHBUG00000007938	1	22
ENSHBUG00000007939	0	0
ENSHBUG00000007940	1	11
ENSHBUG00000007941	0	0
ENSHBUG00000007942	1	8
ENSHBUG00000007943	352	397
ENSHBUG00000007944	1	45
ENSHBUG00000007945	1	33
ENSHBUG00000007946	0	0
ENSHBUG00000007947	0	0
ENSHBUG00000007948	0	0
ENSHBUG00000007949	16	33
ENSHBUG00000007950	2	33
ENSHBUG00000007951	1	5
ENSHBUG00000007952	0	0
ENSHBUG00000007953	7	25
ENSHBUG00000007954	0	0
ENSHBUG00000007955	0	0
ENSHBUG00000007956	19	43
ENSHBUG00000007957	2	39
ENSHBUG00000007958	0	0
ENSHBUG00000007959	0	0
ENSHBUG00000007960	0	0
ENSHBUG00000007961	2	48
ENSHBUG00000007962	6	43
ENSHBUG00000007963	0	0
ENSHBUG00000007964	0	0
ENSHBUG00000007965	1	19
ENSHBUG00000007966	0	0
ENSHBUG00000007967	11	30
ENSHBUG00000007968	1	34
ENSHBUG00000007969	0	0
ENSHBUG00000007970	0	0
ENSHBUG00000007971	1	8
ENSHBUG00000007972	0	0
ENSHBUG00000007973	0	0
ENSHBUG00000007974	0	0
ENSHBUG00000007975	0	0
ENSHBUG00000007976	0	0
ENSHBUG00000007977	0	0
ENSHBUG00000007978	0	0
ENSHBUG00000007979	0	0
ENSHBUG00000007980	0	0
ENSHBUG00000007981	0	0
ENSHBUG00000007982	0	0
ENSHBUG00000007983	0	0
ENSHBUG00000007984	0	0
ENSHBUG00000007985	0	0
ENSHBUG00000007986	0	0
ENSHBUG00000007987	0	0
ENSHBUG00000007988	1	20
ENSHBUG00000007989	0	0
ENSHBUG00000007990	8	25
ENSHBUG00000007991	0	0
ENSHBUG00000007992	0	0
ENSHBUG00000007993	0	0
ENSHBUG00000007994	7	34
ENSHBUG00000007995	0	0
ENSHBUG00000007996	2	45
ENSHBUG00000007997	88	132
ENSHBUG00000007998	1	10
ENSHBUG00000007999	2	19
ENSHBUG00000008000	0	0
ENSHBUG00000008001	0	0
ENSHBUG00000008002	0	0
ENSHBUG00000008003	3	36
ENSHBUG00000008004	5	52
ENSHBUG00000008005	0	0
ENSHBUG00000008006	1	43
ENSHBUG00000008007	0	0
ENSHBUG00000008008	0	0
ENSHBUG00000008009	0	0
ENSHBUG00000008010	0	0
ENSHBUG00000008011	0	0
ENSHBUG00000008012	0	0
ENSHBUG00000008013	0	0
ENSHBUG00000008014	0	0
ENSHBUG00000008015	0	0
ENSHBUG00000008016	0	0
ENSHBUG00000008017	2	7
ENSHBUG00000008018	3	43
ENSHBUG00000008019	0	0
ENSHBUG00000008020	2	6
ENSHBUG00000008021	0	0
ENSHBUG00000008022	17	54
ENSHBUG00000008023	0	0
ENSHBUG00000008024	0	0
ENSHBUG00000008025	0	0
ENSHBUG00000008026	5	13
ENSHBUG00000008027	1	14
ENSHBUG00000008028	1	17
ENSHBUG00000008029	15	35
ENSHBUG00000008030	0	0
ENSHBUG00000008031	0	0
ENSHBUG00000008032	2	23
ENSHBUG00000008033	0	0
ENSHBUG00000008034	3	17
ENSHBUG00000008035	43	48
ENSHBUG00000008036	0	0
ENSHBUG00000008037	1	41
ENSHBUG00000008038	1	33
ENSHBUG00000008039	0	0
ENSHBUG00000008040	4	26
ENSHBUG00000008041	6	32
ENSHBUG00000008042	0	0
ENSHBUG00000008043	1	8
ENSHBUG00000008044	0	0
ENSHBUG00000008045	0	0
ENSHBUG00000008046	0	0
ENSHBUG00000008047	0	0
ENSHBUG00000008048	0	0
ENSHBUG00000008049	1	34
ENSHBUG00000008050	0	0
ENSHBUG00000008051	2	27
ENSHBUG00000008052	0	0
ENSHBUG00000008053	1	11
ENSHBUG00000008054	0	0
ENSHBUG00000008055	0	0
ENSHBUG00000008056	1	33
ENSHBUG00000008057	388	405
ENSHBUG00000008058	0	0
ENSHBUG00000008059	29	51
ENSHBUG00000008060	0	0
ENSHBUG00000008061	3	23
ENSHBUG00000008062	2	6
ENSHBUG00000008063	0	0
ENSHBUG00000008064	1	17
ENSHBUG00000008065	0	0
ENSHBUG00000008066	0	0
ENSHBUG00000008067	9	50
ENSHBUG00000008068	2	32
ENSHBUG00000008069	28	61
ENSHBUG00000008070	0	0
ENSHBUG00000008071	1	12
ENSHBUG00000008072	19	46
ENSHBUG00000008073	0	0
ENSHBUG00000008074	2	40
ENSHBUG00000008075	0	0
ENSHBUG00000008076	0	0
ENSHBUG00000008077	0	0
ENSHBUG00000008078	0	0
ENSHBUG00000008079	2	32
ENSHBUG00000008080	2	36
ENSHBUG00000008081	0	0
ENSHBUG00000008082	3	13
ENSHBUG00000008083	0	0
ENSHBUG00000008084	0	0
ENSHBUG00000008085	0	0
ENSHBUG00000008086	0	0
ENSHBUG00000008087	0	0
ENSHBUG00000008088	13	25
ENSHBUG00000008089	0	0
ENSHBUG00000008090	0	0
ENSHBUG00000008091	4	11
ENSHBUG00000008092	0	0
ENSHBUG00000008093	5	23
ENSHBUG00000008094	0	0
ENSHBUG00000008095	16	42
ENSHBUG00000008096	0	0
ENSHBUG00000008097	0	0
ENSHBUG00000008098	0	0
ENSHBUG00000008099	4	13
ENSHBUG00000008100	60	100
ENSHBUG00000008101	0	0
ENSHBUG00000008102	0	0
ENSHBUG00000008103	0	0
ENSHBUG00000008104	0	0
ENSHBUG00000008105	1	40
ENSHBUG00000008106	0	0
ENSHBUG00000008107	0	0
ENSHBUG00000008108	1	31
ENSHBUG00000008109	0	0
ENSHBUG00000008110	1003	1039
ENSHBUG00000008111	8	28
ENSHBUG00000008112	1	32
ENSHBUG00000008113	15	29
ENSHBUG00000008114	0	0
ENSHBUG00000008115	60	80
ENSHBUG00000008116	12	23
ENSHBUG00000008117	1	36
ENSHBUG00000008118	0	0
ENSHBUG00000008119	6	31
ENSHBUG00000008120	0	0
ENSHBUG00000008121	16	39
ENSHBUG00000008122	0	0
ENSHBUG00000008123	1	28
ENSHBUG00000008124	0	0
ENSHBUG00000008125	11	53
ENSHBUG00000008126	0	0
ENSHBUG00000008127	147	187
ENSHBUG00000008128	3	44
ENSHBUG00000008129	12	24
ENSHBUG00000008130	0	0
ENSHBUG00000008131	0	0
ENSHBUG00000008132	0	0
ENSHBUG00000008133	0	0
ENSHBUG00000008134	0	0
ENSHBUG00000008135	0	0
ENSHBUG00000008136	704	741
ENSHBUG00000008137	17	41
ENSHBUG00000008138	0	0
ENSHBUG00000008139	92	118
ENSHBUG00000008140	68	106
ENSHBUG00000008141	0	0
ENSHBUG00000008142	0	0
ENSHBUG00000008143	7	21
ENSHBUG00000008144	0	0
ENSHBUG00000008145	0	0
ENSHBUG00000008146	0	0
ENSHBUG00000008147	3	11
ENSHBUG00000008148	0	0
ENSHBUG00000008149	0	0
ENSHBUG00000008150	0	0
ENSHBUG00000008151	6	9
ENSHBUG00000008152	0	0
ENSHBUG00000008153	0	0
ENSHBUG00000008154	0	0
ENSHBUG00000008155	302	303
ENSHBUG00000008156	0	0
ENSHBUG00000008157	0	0
ENSHBUG00000008158	0	0
ENSHBUG00000008159	0	0
ENSHBUG00000008160	0	0
ENSHBUG00000008161	0	0
ENSHBUG00000008162	6	7
ENSHBUG00000008163	0	0
ENSHBUG00000008164	0	0
ENSHBUG00000008165	0	0
ENSHBUG00000008166	31	48
ENSHBUG00000008167	378	405
ENSHBUG00000008168	2	40
ENSHBUG00000008169	0	0
ENSHBUG00000008170	0	0
ENSHBUG00000008171	0	0
ENSHBUG00000008172	0	0
ENSHBUG00000008173	0	0
ENSHBUG00000008174	69	94
ENSHBUG00000008175	1	34
ENSHBUG00000008176	0	0
ENSHBUG00000008177	0	0
ENSHBUG00000008178	9	19
ENSHBUG00000008179	0	0
ENSHBUG00000008180	0	0
ENSHBUG00000008181	450	454
ENSHBUG00000008182	0	0
ENSHBUG00000008183	0	0
ENSHBUG00000008184	0	0
ENSHBUG00000008185	1	35
ENSHBUG00000008186	0	0
ENSHBUG00000008187	0	0
ENSHBUG00000008188	0	0
ENSHBUG00000008189	0	0
ENSHBUG00000008190	5	6
ENSHBUG00000008191	0	0
ENSHBUG00000008192	0	0
ENSHBUG00000008193	0	0
ENSHBUG00000008194	0	0
ENSHBUG00000008195	0	0
ENSHBUG00000008196	1	46
ENSHBUG00000008197	0	0
ENSHBUG00000008198	0	0
ENSHBUG00000008199	2	29
ENSHBUG00000008200	14	52
ENSHBUG00000008201	0	0
ENSHBUG00000008202	0	0
ENSHBUG00000008203	0	0
ENSHBUG00000008204	0	0
ENSHBUG00000008205	0	0
ENSHBUG00000008206	17	52
ENSHBUG00000008207	2	30
ENSHBUG00000008208	553	578
ENSHBUG00000008209	0	0
ENSHBUG00000008210	0	0
ENSHBUG00000008211	0	0
ENSHBUG00000008212	3	50
ENSHBUG00000008213	5	6
ENSHBUG00000008214	0	0
ENSHBUG00000008215	2	42
ENSHBUG00000008216	64	94
ENSHBUG00000008217	3	20
ENSHBUG00000008218	0	0
ENSHBUG00000008219	1	32
ENSHBUG00000008220	0	0
ENSHBUG00000008221	3	23
ENSHBUG00000008222	0	0
ENSHBUG00000008223	0	0
ENSHBUG00000008224	2	37
ENSHBUG00000008225	0	0
ENSHBUG00000008226	1	8
ENSHBUG00000008227	0	0
ENSHBUG00000008228	3	6
ENSHBUG00000008229	1	31
ENSHBUG00000008230	0	0
ENSHBUG00000008231	0	0
ENSHBUG00000008232	1	29
ENSHBUG00000008233	0	0
ENSHBUG00000008234	12	14
ENSHBUG00000008235	0	0
ENSHBUG00000008236	0	0
ENSHBUG00000008237	2	50
ENSHBUG00000008238	0	0
ENSHBUG00000008239	1	25
ENSHBUG00000008240	0	0
ENSHBUG00000008241	7	21
ENSHBUG00000008242	0	0
ENSHBUG00000008243	1	20
ENSHBUG00000008244	2	23
ENSHBUG00000008245	169	207
ENSHBUG00000008246	0	0
ENSHBUG00000008247	0	0
ENSHBUG00000008248	1	45
ENSHBUG00000008249	8	53
ENSHBUG00000008250	1	19
ENSHBUG00000008251	0	0
ENSHBUG00000008252	11	26
ENSHBUG00000008253	1	8
ENSHBUG00000008254	0	0
ENSHBUG00000008255	0	0
ENSHBUG00000008256	0	0
ENSHBUG00000008257	0	0
ENSHBUG00000008258	0	0
ENSHBUG00000008259	6	23
ENSHBUG00000008260	0	0
ENSHBUG00000008261	0	0
ENSHBUG00000008262	0	0
ENSHBUG00000008263	34	72
ENSHBUG00000008264	1	26
ENSHBUG00000008265	0	0
ENSHBUG00000008266	10	49
ENSHBUG00000008267	0	0
ENSHBUG00000008268	1	13
ENSHBUG00000008269	21	25
ENSHBUG00000008270	0	0
ENSHBUG00000008271	0	0
ENSHBUG00000008272	0	0
ENSHBUG00000008273	0	0
ENSHBUG00000008274	0	0
ENSHBUG00000008275	1	21
ENSHBUG00000008276	0	0
ENSHBUG00000008277	0	0
ENSHBUG00000008278	30	74
ENSHBUG00000008279	0	0
ENSHBUG00000008280	0	0
ENSHBUG00000008281	333	373
ENSHBUG00000008282	6	21
ENSHBUG00000008283	0	0
ENSHBUG00000008284	0	0
ENSHBUG00000008285	0	0
ENSHBUG00000008286	0	0
ENSHBUG00000008287	0	0
ENSHBUG00000008288	1	21
ENSHBUG00000008289	2	10
ENSHBUG00000008290	14	47
ENSHBUG00000008291	0	0
ENSHBUG00000008292	0	0
ENSHBUG00000008293	0	0
ENSHBUG00000008294	1	33
ENSHBUG00000008295	0	0
ENSHBUG00000008296	0	0
ENSHBUG00000008297	0	0
ENSHBUG00000008298	0	0
ENSHBUG00000008299	0	0
ENSHBUG00000008300	6	39
ENSHBUG00000008301	0	0
ENSHBUG00000008302	0	0
ENSHBUG00000008303	0	0
ENSHBUG00000008304	242	273
ENSHBUG00000008305	0	0
ENSHBUG00000008306	0	0
ENSHBUG00000008307	1	6
ENSHBUG00000008308	2	3
ENSHBUG00000008309	0	0
ENSHBUG00000008310	0	0
ENSHBUG00000008311	0	0
ENSHBUG00000008312	17	50
ENSHBUG00000008313	0	0
ENSHBUG00000008314	14	57
ENSHBUG00000008315	2	39
ENSHBUG00000008316	0	0
ENSHBUG00000008317	0	0
ENSHBUG00000008318	1	21
ENSHBUG00000008319	0	0
ENSHBUG00000008320	0	0
ENSHBUG00000008321	3	17
ENSHBUG00000008322	0	0
ENSHBUG00000008323	1096	1107
ENSHBUG00000008324	0	0
ENSHBUG00000008325	0	0
ENSHBUG00000008326	1	28
ENSHBUG00000008327	644	685
ENSHBUG00000008328	0	0
ENSHBUG00000008329	3	24
ENSHBUG00000008330	0	0
ENSHBUG00000008331	0	0
ENSHBUG00000008332	0	0
ENSHBUG00000008333	1	48
ENSHBUG00000008334	0	0
ENSHBUG00000008335	0	0
ENSHBUG00000008336	0	0
ENSHBUG00000008337	5	35
ENSHBUG00000008338	2	16
ENSHBUG00000008339	0	0
ENSHBUG00000008340	0	0
ENSHBUG00000008341	2	32
ENSHBUG00000008342	34	63
ENSHBUG00000008343	1	47
ENSHBUG00000008344	0	0
ENSHBUG00000008345	0	0
ENSHBUG00000008346	0	0
ENSHBUG00000008347	0	0
ENSHBUG00000008348	1	31
ENSHBUG00000008349	0	0
ENSHBUG00000008350	0	0
ENSHBUG00000008351	11	48
ENSHBUG00000008352	0	0
ENSHBUG00000008353	0	0
ENSHBUG00000008354	1257	1296
ENSHBUG00000008355	19	47
ENSHBUG00000008356	0	0
ENSHBUG00000008357	1	48
ENSHBUG00000008358	25	72
ENSHBUG00000008359	0	0
ENSHBUG00000008360	10	44
ENSHBUG00000008361	0	0
ENSHBUG00000008362	0	0
ENSHBUG00000008363	128	146
ENSHBUG00000008364	0	0
ENSHBUG00000008365	1	19
ENSHBUG00000008366	0	0
ENSHBUG00000008367	2	5
ENSHBUG00000008368	0	0
ENSHBUG00000008369	9	50
ENSHBUG00000008370	0	0
ENSHBUG00000008371	1	25
ENSHBUG00000008372	0	0
ENSHBUG00000008373	0	0
ENSHBUG00000008374	0	0
ENSHBUG00000008375	0	0
ENSHBUG00000008376	0	0
ENSHBUG00000008377	0	0
ENSHBUG00000008378	0	0
ENSHBUG00000008379	45	57
ENSHBUG00000008380	6	27
ENSHBUG00000008381	2	4
ENSHBUG00000008382	0	0
ENSHBUG00000008383	2	12
ENSHBUG00000008384	0	0
ENSHBUG00000008385	0	0
ENSHBUG00000008386	0	0
ENSHBUG00000008387	0	0
ENSHBUG00000008388	96	119
ENSHBUG00000008389	1	20
ENSHBUG00000008390	16	48
ENSHBUG00000008391	0	0
ENSHBUG00000008392	0	0
ENSHBUG00000008393	0	0
ENSHBUG00000008394	5	24
ENSHBUG00000008395	0	0
ENSHBUG00000008396	2	46
ENSHBUG00000008397	218	232
ENSHBUG00000008398	0	0
ENSHBUG00000008399	1	18
ENSHBUG00000008400	0	0
ENSHBUG00000008401	0	0
ENSHBUG00000008402	1	45
ENSHBUG00000008403	0	0
ENSHBUG00000008404	0	0
ENSHBUG00000008405	0	0
ENSHBUG00000008406	0	0
ENSHBUG00000008407	0	0
ENSHBUG00000008408	0	0
ENSHBUG00000008409	0	0
ENSHBUG00000008410	0	0
ENSHBUG00000008411	1	29
ENSHBUG00000008412	7	54
ENSHBUG00000008413	3	38
ENSHBUG00000008414	0	0
ENSHBUG00000008415	0	0
ENSHBUG00000008416	1	49
ENSHBUG00000008417	0	0
ENSHBUG00000008418	0	0
ENSHBUG00000008419	7	53
ENSHBUG00000008420	0	0
ENSHBUG00000008421	22	46
ENSHBUG00000008422	0	0
ENSHBUG00000008423	0	0
ENSHBUG00000008424	20	47
ENSHBUG00000008425	4	10
ENSHBUG00000008426	2	23
ENSHBUG00000008427	2	41
ENSHBUG00000008428	0	0
ENSHBUG00000008429	0	0
ENSHBUG00000008430	0	0
ENSHBUG00000008431	0	0
ENSHBUG00000008432	0	0
ENSHBUG00000008433	21	27
ENSHBUG00000008434	43	74
ENSHBUG00000008435	0	0
ENSHBUG00000008436	0	0
ENSHBUG00000008437	18	60
ENSHBUG00000008438	16	20
ENSHBUG00000008439	0	0
ENSHBUG00000008440	0	0
ENSHBUG00000008441	0	0
ENSHBUG00000008442	0	0
ENSHBUG00000008443	1038	1069
ENSHBUG00000008444	3	15
ENSHBUG00000008445	616	619
ENSHBUG00000008446	0	0
ENSHBUG00000008447	3	14
ENSHBUG00000008448	20	30
ENSHBUG00000008449	101	112
ENSHBUG00000008450	5	17
ENSHBUG00000008451	4	35
ENSHBUG00000008452	1	21
ENSHBUG00000008453	1	21
ENSHBUG00000008454	0	0
ENSHBUG00000008455	4	10
ENSHBUG00000008456	2	8
ENSHBUG00000008457	7	12
ENSHBUG00000008458	0	0
ENSHBUG00000008459	135	145
ENSHBUG00000008460	8	51
ENSHBUG00000008461	1	49
ENSHBUG00000008462	5	11
ENSHBUG00000008463	0	0
ENSHBUG00000008464	0	0
ENSHBUG00000008465	0	0
ENSHBUG00000008466	0	0
ENSHBUG00000008467	1	17
ENSHBUG00000008468	0	0
ENSHBUG00000008469	0	0
ENSHBUG00000008470	0	0
ENSHBUG00000008471	1	35
ENSHBUG00000008472	6	47
ENSHBUG00000008473	0	0
ENSHBUG00000008474	0	0
ENSHBUG00000008475	0	0
ENSHBUG00000008476	0	0
ENSHBUG00000008477	0	0
ENSHBUG00000008478	0	0
ENSHBUG00000008479	0	0
ENSHBUG00000008480	3	4
ENSHBUG00000008481	0	0
ENSHBUG00000008482	1	25
ENSHBUG00000008483	0	0
ENSHBUG00000008484	109	156
ENSHBUG00000008485	0	0
ENSHBUG00000008486	0	0
ENSHBUG00000008487	0	0
ENSHBUG00000008488	0	0
ENSHBUG00000008489	0	0
ENSHBUG00000008490	0	0
ENSHBUG00000008491	1	30
ENSHBUG00000008492	5	15
ENSHBUG00000008493	0	0
ENSHBUG00000008494	0	0
ENSHBUG00000008495	30	78
ENSHBUG00000008496	4	44
ENSHBUG00000008497	0	0
ENSHBUG00000008498	1	23
ENSHBUG00000008499	0	0
ENSHBUG00000008500	33	56
ENSHBUG00000008501	0	0
ENSHBUG00000008502	0	0
ENSHBUG00000008503	14	37
ENSHBUG00000008504	2	19
ENSHBUG00000008505	0	0
ENSHBUG00000008506	3	7
ENSHBUG00000008507	2	40
ENSHBUG00000008508	2	42
ENSHBUG00000008509	3	18
ENSHBUG00000008510	1	10
ENSHBUG00000008511	0	0
ENSHBUG00000008512	0	0
ENSHBUG00000008513	0	0
ENSHBUG00000008514	0	0
ENSHBUG00000008515	1	4
ENSHBUG00000008516	0	0
ENSHBUG00000008517	0	0
ENSHBUG00000008518	0	0
ENSHBUG00000008519	0	0
ENSHBUG00000008520	1	13
ENSHBUG00000008521	0	0
ENSHBUG00000008522	0	0
ENSHBUG00000008523	0	0
ENSHBUG00000008524	0	0
ENSHBUG00000008525	26	63
ENSHBUG00000008526	0	0
ENSHBUG00000008527	0	0
ENSHBUG00000008528	0	0
ENSHBUG00000008529	0	0
ENSHBUG00000008530	0	0
ENSHBUG00000008531	0	0
ENSHBUG00000008532	1	23
ENSHBUG00000008533	0	0
ENSHBUG00000008534	235	267
ENSHBUG00000008535	0	0
ENSHBUG00000008536	0	0
ENSHBUG00000008537	0	0
ENSHBUG00000008538	2	27
ENSHBUG00000008539	0	0
ENSHBUG00000008540	0	0
ENSHBUG00000008541	14	36
ENSHBUG00000008542	0	0
ENSHBUG00000008543	3	17
ENSHBUG00000008544	2	36
ENSHBUG00000008545	235	272
ENSHBUG00000008546	0	0
ENSHBUG00000008547	9	50
ENSHBUG00000008548	4	29
ENSHBUG00000008549	0	0
ENSHBUG00000008550	9	12
ENSHBUG00000008551	0	0
ENSHBUG00000008552	1	41
ENSHBUG00000008553	0	0
ENSHBUG00000008554	1	37
ENSHBUG00000008555	2	7
ENSHBUG00000008556	0	0
ENSHBUG00000008557	0	0
ENSHBUG00000008558	0	0
ENSHBUG00000008559	4	50
ENSHBUG00000008560	326	337
ENSHBUG00000008561	0	0
ENSHBUG00000008562	78	101
ENSHBUG00000008563	2	24
ENSHBUG00000008564	9	11
ENSHBUG00000008565	0	0
ENSHBUG00000008566	54	77
ENSHBUG00000008567	0	0
ENSHBUG00000008568	0	0
ENSHBUG00000008569	0	0
ENSHBUG00000008570	0	0
ENSHBUG00000008571	0	0
ENSHBUG00000008572	0	0
ENSHBUG00000008573	0	0
ENSHBUG00000008574	152	159
ENSHBUG00000008575	0	0
ENSHBUG00000008576	1	36
ENSHBUG00000008577	0	0
ENSHBUG00000008578	0	0
ENSHBUG00000008579	8	40
ENSHBUG00000008580	1	48
ENSHBUG00000008581	12	16
ENSHBUG00000008582	1	39
ENSHBUG00000008583	1	43
ENSHBUG00000008584	11	38
ENSHBUG00000008585	0	0
ENSHBUG00000008586	0	0
ENSHBUG00000008587	0	0
ENSHBUG00000008588	0	0
ENSHBUG00000008589	0	0
ENSHBUG00000008590	1	45
ENSHBUG00000008591	0	0
ENSHBUG00000008592	5	14
ENSHBUG00000008593	1	13
ENSHBUG00000008594	0	0
ENSHBUG00000008595	0	0
ENSHBUG00000008596	3	5
ENSHBUG00000008597	0	0
ENSHBUG00000008598	1	41
ENSHBUG00000008599	0	0
ENSHBUG00000008600	1	46
ENSHBUG00000008601	10	35
ENSHBUG00000008602	1	8
ENSHBUG00000008603	690	728
ENSHBUG00000008604	0	0
ENSHBUG00000008605	0	0
ENSHBUG00000008606	2	11
ENSHBUG00000008607	4	16
ENSHBUG00000008608	3	51
ENSHBUG00000008609	5	49
ENSHBUG00000008610	7	36
ENSHBUG00000008611	0	0
ENSHBUG00000008612	0	0
ENSHBUG00000008613	1	2
ENSHBUG00000008614	0	0
ENSHBUG00000008615	0	0
ENSHBUG00000008616	529	576
ENSHBUG00000008617	1	17
ENSHBUG00000008618	1	31
ENSHBUG00000008619	0	0
ENSHBUG00000008620	0	0
ENSHBUG00000008621	1	16
ENSHBUG00000008622	0	0
ENSHBUG00000008623	0	0
ENSHBUG00000008624	0	0
ENSHBUG00000008625	0	0
ENSHBUG00000008626	330	362
ENSHBUG00000008627	0	0
ENSHBUG00000008628	6	32
ENSHBUG00000008629	0	0
ENSHBUG00000008630	0	0
ENSHBUG00000008631	0	0
ENSHBUG00000008632	3	28
ENSHBUG00000008633	0	0
ENSHBUG00000008634	0	0
ENSHBUG00000008635	0	0
ENSHBUG00000008636	3	38
ENSHBUG00000008637	5	38
ENSHBUG00000008638	0	0
ENSHBUG00000008639	0	0
ENSHBUG00000008640	0	0
ENSHBUG00000008641	1	27
ENSHBUG00000008642	14	40
ENSHBUG00000008643	1	20
ENSHBUG00000008644	0	0
ENSHBUG00000008645	0	0
ENSHBUG00000008646	0	0
ENSHBUG00000008647	0	0
ENSHBUG00000008648	0	0
ENSHBUG00000008649	0	0
ENSHBUG00000008650	2	21
ENSHBUG00000008651	0	0
ENSHBUG00000008652	1	49
ENSHBUG00000008653	0	0
ENSHBUG00000008654	0	0
ENSHBUG00000008655	886	892
ENSHBUG00000008656	1	11
ENSHBUG00000008657	0	0
ENSHBUG00000008658	0	0
ENSHBUG00000008659	11	57
ENSHBUG00000008660	0	0
ENSHBUG00000008661	0	0
ENSHBUG00000008662	0	0
ENSHBUG00000008663	0	0
ENSHBUG00000008664	3	43
ENSHBUG00000008665	6	29
ENSHBUG00000008666	1	22
ENSHBUG00000008667	0	0
ENSHBUG00000008668	4	49
ENSHBUG00000008669	0	0
ENSHBUG00000008670	0	0
ENSHBUG00000008671	0	0
ENSHBUG00000008672	0	0
ENSHBUG00000008673	0	0
ENSHBUG00000008674	0	0
ENSHBUG00000008675	0	0
ENSHBUG00000008676	0	0
ENSHBUG00000008677	0	0
ENSHBUG00000008678	773	814
ENSHBUG00000008679	2	4
ENSHBUG00000008680	2	49
ENSHBUG00000008681	20	32
ENSHBUG00000008682	3	25
ENSHBUG00000008683	0	0
ENSHBUG00000008684	0	0
ENSHBUG00000008685	5	23
ENSHBUG00000008686	0	0
ENSHBUG00000008687	0	0
ENSHBUG00000008688	14	19
ENSHBUG00000008689	0	0
ENSHBUG00000008690	0	0
ENSHBUG00000008691	0	0
ENSHBUG00000008692	0	0
ENSHBUG00000008693	0	0
ENSHBUG00000008694	0	0
ENSHBUG00000008695	0	0
ENSHBUG00000008696	0	0
ENSHBUG00000008697	0	0
ENSHBUG00000008698	0	0
ENSHBUG00000008699	0	0
ENSHBUG00000008700	8	39
ENSHBUG00000008701	1	11
ENSHBUG00000008702	0	0
ENSHBUG00000008703	277	314
ENSHBUG00000008704	4	24
ENSHBUG00000008705	28	31
ENSHBUG00000008706	0	0
ENSHBUG00000008707	0	0
ENSHBUG00000008708	0	0
ENSHBUG00000008709	0	0
ENSHBUG00000008710	3	25
ENSHBUG00000008711	10	38
ENSHBUG00000008712	2	24
ENSHBUG00000008713	0	0
ENSHBUG00000008714	1	10
ENSHBUG00000008715	0	0
ENSHBUG00000008716	0	0
ENSHBUG00000008717	0	0
ENSHBUG00000008718	72	111
ENSHBUG00000008719	0	0
ENSHBUG00000008720	0	0
ENSHBUG00000008721	2	24
ENSHBUG00000008722	4	31
ENSHBUG00000008723	0	0
ENSHBUG00000008724	0	0
ENSHBUG00000008725	0	0
ENSHBUG00000008726	0	0
ENSHBUG00000008727	1	33
ENSHBUG00000008728	0	0
ENSHBUG00000008729	73	101
ENSHBUG00000008730	0	0
ENSHBUG00000008731	0	0
ENSHBUG00000008732	4	42
ENSHBUG00000008733	0	0
ENSHBUG00000008734	1	27
ENSHBUG00000008735	200	245
ENSHBUG00000008736	2	23
ENSHBUG00000008737	2	46
ENSHBUG00000008738	1	38
ENSHBUG00000008739	9	36
ENSHBUG00000008740	0	0
ENSHBUG00000008741	1	44
ENSHBUG00000008742	2	48
ENSHBUG00000008743	22	43
ENSHBUG00000008744	2	33
ENSHBUG00000008745	80	99
ENSHBUG00000008746	0	0
ENSHBUG00000008747	2	41
ENSHBUG00000008748	0	0
ENSHBUG00000008749	2	17
ENSHBUG00000008750	1	31
ENSHBUG00000008751	0	0
ENSHBUG00000008752	0	0
ENSHBUG00000008753	2	34
ENSHBUG00000008754	0	0
ENSHBUG00000008755	0	0
ENSHBUG00000008756	1	47
ENSHBUG00000008757	2	39
ENSHBUG00000008758	2	28
ENSHBUG00000008759	1	48
ENSHBUG00000008760	1	4
ENSHBUG00000008761	0	0
ENSHBUG00000008762	0	0
ENSHBUG00000008763	0	0
ENSHBUG00000008764	1	49
ENSHBUG00000008765	2	40
ENSHBUG00000008766	0	0
ENSHBUG00000008767	26	28
ENSHBUG00000008768	1	25
ENSHBUG00000008769	3	51
ENSHBUG00000008770	0	0
ENSHBUG00000008771	0	0
ENSHBUG00000008772	1	24
ENSHBUG00000008773	9	39
ENSHBUG00000008774	27	35
ENSHBUG00000008775	8	44
ENSHBUG00000008776	0	0
ENSHBUG00000008777	0	0
ENSHBUG00000008778	0	0
ENSHBUG00000008779	1	33
ENSHBUG00000008780	0	0
ENSHBUG00000008781	0	0
ENSHBUG00000008782	36	40
ENSHBUG00000008783	0	0
ENSHBUG00000008784	24	36
ENSHBUG00000008785	71	119
ENSHBUG00000008786	1	37
ENSHBUG00000008787	0	0
ENSHBUG00000008788	0	0
ENSHBUG00000008789	0	0
ENSHBUG00000008790	45	65
ENSHBUG00000008791	4	52
ENSHBUG00000008792	2	35
ENSHBUG00000008793	0	0
ENSHBUG00000008794	0	0
ENSHBUG00000008795	1	21
ENSHBUG00000008796	8	45
ENSHBUG00000008797	2	38
ENSHBUG00000008798	5	13
ENSHBUG00000008799	3	6
ENSHBUG00000008800	0	0
ENSHBUG00000008801	0	0
ENSHBUG00000008802	0	0
ENSHBUG00000008803	0	0
ENSHBUG00000008804	942	949
ENSHBUG00000008805	0	0
ENSHBUG00000008806	8	19
ENSHBUG00000008807	1	27
ENSHBUG00000008808	26487	26534
ENSHBUG00000008809	0	0
ENSHBUG00000008810	2	3
ENSHBUG00000008811	0	0
ENSHBUG00000008812	0	0
ENSHBUG00000008813	0	0
ENSHBUG00000008814	1	35
ENSHBUG00000008815	0	0
ENSHBUG00000008816	0	0
ENSHBUG00000008817	0	0
ENSHBUG00000008818	8	50
ENSHBUG00000008819	0	0
ENSHBUG00000008820	749	788
ENSHBUG00000008821	2	20
ENSHBUG00000008822	1	22
ENSHBUG00000008823	21	64
ENSHBUG00000008824	0	0
ENSHBUG00000008825	0	0
ENSHBUG00000008826	0	0
ENSHBUG00000008827	0	0
ENSHBUG00000008828	0	0
ENSHBUG00000008829	0	0
ENSHBUG00000008830	2	35
ENSHBUG00000008831	0	0
ENSHBUG00000008832	5	6
ENSHBUG00000008833	0	0
ENSHBUG00000008834	234	277
ENSHBUG00000008835	8	15
ENSHBUG00000008836	0	0
ENSHBUG00000008837	0	0
ENSHBUG00000008838	0	0
ENSHBUG00000008839	0	0
ENSHBUG00000008840	0	0
ENSHBUG00000008841	0	0
ENSHBUG00000008842	8	55
ENSHBUG00000008843	0	0
ENSHBUG00000008844	0	0
ENSHBUG00000008845	12	26
ENSHBUG00000008846	1	39
ENSHBUG00000008847	1	7
ENSHBUG00000008848	4	35
ENSHBUG00000008849	9	53
ENSHBUG00000008850	1	35
ENSHBUG00000008851	422	443
ENSHBUG00000008852	0	0
ENSHBUG00000008853	1	33
ENSHBUG00000008854	0	0
ENSHBUG00000008855	0	0
ENSHBUG00000008856	0	0
ENSHBUG00000008857	1	20
ENSHBUG00000008858	0	0
ENSHBUG00000008859	0	0
ENSHBUG00000008860	0	0
ENSHBUG00000008861	5	19
ENSHBUG00000008862	2	4
ENSHBUG00000008863	1	18
ENSHBUG00000008864	72	112
ENSHBUG00000008865	0	0
ENSHBUG00000008866	1	45
ENSHBUG00000008867	0	0
ENSHBUG00000008868	0	0
ENSHBUG00000008869	0	0
ENSHBUG00000008870	0	0
ENSHBUG00000008871	2	15
ENSHBUG00000008872	0	0
ENSHBUG00000008873	16	62
ENSHBUG00000008874	0	0
ENSHBUG00000008875	0	0
ENSHBUG00000008876	0	0
ENSHBUG00000008877	1	33
ENSHBUG00000008878	1	29
ENSHBUG00000008879	0	0
ENSHBUG00000008880	0	0
ENSHBUG00000008881	10	33
ENSHBUG00000008882	0	0
ENSHBUG00000008883	79	86
ENSHBUG00000008884	1	23
ENSHBUG00000008885	3	21
ENSHBUG00000008886	0	0
ENSHBUG00000008887	0	0
ENSHBUG00000008888	2	19
ENSHBUG00000008889	0	0
ENSHBUG00000008890	0	0
ENSHBUG00000008891	0	0
ENSHBUG00000008892	184	217
ENSHBUG00000008893	5	47
ENSHBUG00000008894	3	35
ENSHBUG00000008895	53	93
ENSHBUG00000008896	3	33
ENSHBUG00000008897	0	0
ENSHBUG00000008898	6	45
ENSHBUG00000008899	0	0
ENSHBUG00000008900	1	32
ENSHBUG00000008901	0	0
ENSHBUG00000008902	0	0
ENSHBUG00000008903	8	39
ENSHBUG00000008904	0	0
ENSHBUG00000008905	16	52
ENSHBUG00000008906	0	0
ENSHBUG00000008907	0	0
ENSHBUG00000008908	1	6
ENSHBUG00000008909	0	0
ENSHBUG00000008910	0	0
ENSHBUG00000008911	0	0
ENSHBUG00000008912	3	8
ENSHBUG00000008913	12	28
ENSHBUG00000008914	1	36
ENSHBUG00000008915	2	27
ENSHBUG00000008916	1	35
ENSHBUG00000008917	0	0
ENSHBUG00000008918	0	0
ENSHBUG00000008919	0	0
ENSHBUG00000008920	0	0
ENSHBUG00000008921	3	43
ENSHBUG00000008922	4	33
ENSHBUG00000008923	0	0
ENSHBUG00000008924	537	579
ENSHBUG00000008925	0	0
ENSHBUG00000008926	0	0
ENSHBUG00000008927	0	0
ENSHBUG00000008928	1	23
ENSHBUG00000008929	0	0
ENSHBUG00000008930	0	0
ENSHBUG00000008931	7	54
ENSHBUG00000008932	0	0
ENSHBUG00000008933	8	38
ENSHBUG00000008934	0	0
ENSHBUG00000008935	0	0
ENSHBUG00000008936	6	34
ENSHBUG00000008937	0	0
ENSHBUG00000008938	17	21
ENSHBUG00000008939	1	46
ENSHBUG00000008940	4	39
ENSHBUG00000008941	0	0
ENSHBUG00000008942	4	12
ENSHBUG00000008943	0	0
ENSHBUG00000008944	4	28
ENSHBUG00000008945	0	0
ENSHBUG00000008946	1	15
ENSHBUG00000008947	0	0
ENSHBUG00000008948	2	10
ENSHBUG00000008949	422	429
ENSHBUG00000008950	0	0
ENSHBUG00000008951	0	0
ENSHBUG00000008952	0	0
ENSHBUG00000008953	64	71
ENSHBUG00000008954	26	65
ENSHBUG00000008955	6	34
ENSHBUG00000008956	0	0
ENSHBUG00000008957	0	0
ENSHBUG00000008958	10	49
ENSHBUG00000008959	0	0
ENSHBUG00000008960	0	0
ENSHBUG00000008961	1	18
ENSHBUG00000008962	0	0
ENSHBUG00000008963	1	17
ENSHBUG00000008964	0	0
ENSHBUG00000008965	0	0
ENSHBUG00000008966	0	0
ENSHBUG00000008967	1	46
ENSHBUG00000008968	0	0
ENSHBUG00000008969	0	0
ENSHBUG00000008970	0	0
ENSHBUG00000008971	0	0
ENSHBUG00000008972	0	0
ENSHBUG00000008973	0	0
ENSHBUG00000008974	1	7
ENSHBUG00000008975	0	0
ENSHBUG00000008976	5	7
ENSHBUG00000008977	1	28
ENSHBUG00000008978	0	0
ENSHBUG00000008979	37	42
ENSHBUG00000008980	3	6
ENSHBUG00000008981	1	22
ENSHBUG00000008982	0	0
ENSHBUG00000008983	1	46
ENSHBUG00000008984	1	33
ENSHBUG00000008985	0	0
ENSHBUG00000008986	2	50
ENSHBUG00000008987	0	0
ENSHBUG00000008988	1	37
ENSHBUG00000008989	64	67
ENSHBUG00000008990	2	42
ENSHBUG00000008991	1200	1228
ENSHBUG00000008992	1	38
ENSHBUG00000008993	0	0
ENSHBUG00000008994	1	20
ENSHBUG00000008995	0	0
ENSHBUG00000008996	0	0
ENSHBUG00000008997	1	45
ENSHBUG00000008998	3	18
ENSHBUG00000008999	22	60
ENSHBUG00000009000	2	31
ENSHBUG00000009001	1	17
ENSHBUG00000009002	1	26
ENSHBUG00000009003	6	42
ENSHBUG00000009004	1	43
ENSHBUG00000009005	0	0
ENSHBUG00000009006	0	0
ENSHBUG00000009007	0	0
ENSHBUG00000009008	0	0
ENSHBUG00000009009	0	0
ENSHBUG00000009010	0	0
ENSHBUG00000009011	0	0
ENSHBUG00000009012	7	39
ENSHBUG00000009013	3	15
ENSHBUG00000009014	0	0
ENSHBUG00000009015	5	32
ENSHBUG00000009016	0	0
ENSHBUG00000009017	0	0
ENSHBUG00000009018	1	15
ENSHBUG00000009019	0	0
ENSHBUG00000009020	2	49
ENSHBUG00000009021	35	68
ENSHBUG00000009022	1	39
ENSHBUG00000009023	1	29
ENSHBUG00000009024	3	10
ENSHBUG00000009025	0	0
ENSHBUG00000009026	11	20
ENSHBUG00000009027	1	4
ENSHBUG00000009028	0	0
ENSHBUG00000009029	1	3
ENSHBUG00000009030	0	0
ENSHBUG00000009031	0	0
ENSHBUG00000009032	0	0
ENSHBUG00000009033	0	0
ENSHBUG00000009034	3	18
ENSHBUG00000009035	0	0
ENSHBUG00000009036	0	0
ENSHBUG00000009037	0	0
ENSHBUG00000009038	1	10
ENSHBUG00000009039	10	49
ENSHBUG00000009040	0	0
ENSHBUG00000009041	41	57
ENSHBUG00000009042	0	0
ENSHBUG00000009043	0	0
ENSHBUG00000009044	2	16
ENSHBUG00000009045	1	35
ENSHBUG00000009046	0	0
ENSHBUG00000009047	1	19
ENSHBUG00000009048	242	250
ENSHBUG00000009049	0	0
ENSHBUG00000009050	2486	2494
ENSHBUG00000009051	0	0
ENSHBUG00000009052	765	790
ENSHBUG00000009053	48	74
ENSHBUG00000009054	1	12
ENSHBUG00000009055	0	0
ENSHBUG00000009056	2	40
ENSHBUG00000009057	0	0
ENSHBUG00000009058	8	46
ENSHBUG00000009059	2	30
ENSHBUG00000009060	1	47
ENSHBUG00000009061	0	0
ENSHBUG00000009062	1	23
ENSHBUG00000009063	0	0
ENSHBUG00000009064	1	24
ENSHBUG00000009065	1	26
ENSHBUG00000009066	2	40
ENSHBUG00000009067	8	50
ENSHBUG00000009068	0	0
ENSHBUG00000009069	1	25
ENSHBUG00000009070	1	34
ENSHBUG00000009071	19	40
ENSHBUG00000009072	0	0
ENSHBUG00000009073	0	0
ENSHBUG00000009074	0	0
ENSHBUG00000009075	0	0
ENSHBUG00000009076	0	0
ENSHBUG00000009077	4	27
ENSHBUG00000009078	2	7
ENSHBUG00000009079	1	17
ENSHBUG00000009080	3	50
ENSHBUG00000009081	0	0
ENSHBUG00000009082	0	0
ENSHBUG00000009083	47	66
ENSHBUG00000009084	0	0
ENSHBUG00000009085	0	0
ENSHBUG00000009086	0	0
ENSHBUG00000009087	0	0
ENSHBUG00000009088	0	0
ENSHBUG00000009089	11	37
ENSHBUG00000009090	0	0
ENSHBUG00000009091	0	0
ENSHBUG00000009092	0	0
ENSHBUG00000009093	0	0
ENSHBUG00000009094	0	0
ENSHBUG00000009095	430	440
ENSHBUG00000009096	1	5
ENSHBUG00000009097	2	21
ENSHBUG00000009098	10	41
ENSHBUG00000009099	0	0
ENSHBUG00000009100	0	0
ENSHBUG00000009101	0	0
ENSHBUG00000009102	1	17
ENSHBUG00000009103	0	0
ENSHBUG00000009104	0	0
ENSHBUG00000009105	2	7
ENSHBUG00000009106	0	0
ENSHBUG00000009107	6	50
ENSHBUG00000009108	21	39
ENSHBUG00000009109	2	40
ENSHBUG00000009110	0	0
ENSHBUG00000009111	0	0
ENSHBUG00000009112	2	34
ENSHBUG00000009113	0	0
ENSHBUG00000009114	0	0
ENSHBUG00000009115	0	0
ENSHBUG00000009116	29	70
ENSHBUG00000009117	3	24
ENSHBUG00000009118	21	46
ENSHBUG00000009119	104	117
ENSHBUG00000009120	1	11
ENSHBUG00000009121	398	424
ENSHBUG00000009122	1	17
ENSHBUG00000009123	0	0
ENSHBUG00000009124	0	0
ENSHBUG00000009125	0	0
ENSHBUG00000009126	0	0
ENSHBUG00000009127	0	0
ENSHBUG00000009128	0	0
ENSHBUG00000009129	0	0
ENSHBUG00000009130	10	49
ENSHBUG00000009131	155	171
ENSHBUG00000009132	0	0
ENSHBUG00000009133	0	0
ENSHBUG00000009134	0	0
ENSHBUG00000009135	3	15
ENSHBUG00000009136	1	24
ENSHBUG00000009137	0	0
ENSHBUG00000009138	0	0
ENSHBUG00000009139	5	34
ENSHBUG00000009140	6	28
ENSHBUG00000009141	1	47
ENSHBUG00000009142	2	13
ENSHBUG00000009143	1	17
ENSHBUG00000009144	0	0
ENSHBUG00000009145	0	0
ENSHBUG00000009146	0	0
ENSHBUG00000009147	102	129
ENSHBUG00000009148	1	46
ENSHBUG00000009149	1	19
ENSHBUG00000009150	232	235
ENSHBUG00000009151	0	0
ENSHBUG00000009152	0	0
ENSHBUG00000009153	2	23
ENSHBUG00000009154	0	0
ENSHBUG00000009155	0	0
ENSHBUG00000009156	1	24
ENSHBUG00000009157	6	15
ENSHBUG00000009158	0	0
ENSHBUG00000009159	43	47
ENSHBUG00000009160	1	37
ENSHBUG00000009161	0	0
ENSHBUG00000009162	0	0
ENSHBUG00000009163	926	967
ENSHBUG00000009164	2	7
ENSHBUG00000009165	0	0
ENSHBUG00000009166	0	0
ENSHBUG00000009167	0	0
ENSHBUG00000009168	0	0
ENSHBUG00000009169	2	39
ENSHBUG00000009170	0	0
ENSHBUG00000009171	0	0
ENSHBUG00000009172	324	347
ENSHBUG00000009173	0	0
ENSHBUG00000009174	4	35
ENSHBUG00000009175	1	10
ENSHBUG00000009176	0	0
ENSHBUG00000009177	0	0
ENSHBUG00000009178	5	15
ENSHBUG00000009179	0	0
ENSHBUG00000009180	0	0
ENSHBUG00000009181	0	0
ENSHBUG00000009182	2	8
ENSHBUG00000009183	1	34
ENSHBUG00000009184	3	12
ENSHBUG00000009185	0	0
ENSHBUG00000009186	0	0
ENSHBUG00000009187	3	47
ENSHBUG00000009188	4	9
ENSHBUG00000009189	0	0
ENSHBUG00000009190	8	55
ENSHBUG00000009191	0	0
ENSHBUG00000009192	0	0
ENSHBUG00000009193	0	0
ENSHBUG00000009194	0	0
ENSHBUG00000009195	35	71
ENSHBUG00000009196	0	0
ENSHBUG00000009197	0	0
ENSHBUG00000009198	2	40
ENSHBUG00000009199	0	0
ENSHBUG00000009200	0	0
ENSHBUG00000009201	0	0
ENSHBUG00000009202	0	0
ENSHBUG00000009203	1	11
ENSHBUG00000009204	0	0
ENSHBUG00000009205	0	0
ENSHBUG00000009206	0	0
ENSHBUG00000009207	0	0
ENSHBUG00000009208	0	0
ENSHBUG00000009209	0	0
ENSHBUG00000009210	0	0
ENSHBUG00000009211	0	0
ENSHBUG00000009212	0	0
ENSHBUG00000009213	0	0
ENSHBUG00000009214	15	27
ENSHBUG00000009215	0	0
ENSHBUG00000009216	3	24
ENSHBUG00000009217	0	0
ENSHBUG00000009218	2	11
ENSHBUG00000009219	3	45
ENSHBUG00000009220	0	0
ENSHBUG00000009221	1	26
ENSHBUG00000009222	226	259
ENSHBUG00000009223	0	0
ENSHBUG00000009224	2	27
ENSHBUG00000009225	4	32
ENSHBUG00000009226	3	43
ENSHBUG00000009227	0	0
ENSHBUG00000009228	0	0
ENSHBUG00000009229	12	58
ENSHBUG00000009230	0	0
ENSHBUG00000009231	0	0
ENSHBUG00000009232	1	35
ENSHBUG00000009233	0	0
ENSHBUG00000009234	4	36
ENSHBUG00000009235	0	0
ENSHBUG00000009236	0	0
ENSHBUG00000009237	0	0
ENSHBUG00000009238	0	0
ENSHBUG00000009239	0	0
ENSHBUG00000009240	1	41
ENSHBUG00000009241	0	0
ENSHBUG00000009242	71	99
ENSHBUG00000009243	20	36
ENSHBUG00000009244	13	39
ENSHBUG00000009245	0	0
ENSHBUG00000009246	2	27
ENSHBUG00000009247	1	38
ENSHBUG00000009248	0	0
ENSHBUG00000009249	16	41
ENSHBUG00000009250	0	0
ENSHBUG00000009251	4	26
ENSHBUG00000009252	3	13
ENSHBUG00000009253	3	20
ENSHBUG00000009254	2	39
ENSHBUG00000009255	0	0
ENSHBUG00000009256	5	31
ENSHBUG00000009257	167	179
ENSHBUG00000009258	0	0
ENSHBUG00000009259	0	0
ENSHBUG00000009260	0	0
ENSHBUG00000009261	0	0
ENSHBUG00000009262	4	32
ENSHBUG00000009263	0	0
ENSHBUG00000009264	1	30
ENSHBUG00000009265	1	25
ENSHBUG00000009266	11	19
ENSHBUG00000009267	0	0
ENSHBUG00000009268	0	0
ENSHBUG00000009269	0	0
ENSHBUG00000009270	0	0
ENSHBUG00000009271	0	0
ENSHBUG00000009272	1	12
ENSHBUG00000009273	1	30
ENSHBUG00000009274	4	31
ENSHBUG00000009275	0	0
ENSHBUG00000009276	0	0
ENSHBUG00000009277	10	20
ENSHBUG00000009278	0	0
ENSHBUG00000009279	0	0
ENSHBUG00000009280	0	0
ENSHBUG00000009281	49	95
ENSHBUG00000009282	0	0
ENSHBUG00000009283	0	0
ENSHBUG00000009284	0	0
ENSHBUG00000009285	1	21
ENSHBUG00000009286	1	48
ENSHBUG00000009287	0	0
ENSHBUG00000009288	2	18
ENSHBUG00000009289	0	0
ENSHBUG00000009290	1	44
ENSHBUG00000009291	34	37
ENSHBUG00000009292	0	0
ENSHBUG00000009293	1	38
ENSHBUG00000009294	2	7
ENSHBUG00000009295	12	29
ENSHBUG00000009296	0	0
ENSHBUG00000009297	4	30
ENSHBUG00000009298	279	284
ENSHBUG00000009299	0	0
ENSHBUG00000009300	0	0
ENSHBUG00000009301	0	0
ENSHBUG00000009302	2	21
ENSHBUG00000009303	107	114
ENSHBUG00000009304	53	57
ENSHBUG00000009305	2597	2605
ENSHBUG00000009306	0	0
ENSHBUG00000009307	0	0
ENSHBUG00000009308	16	62
ENSHBUG00000009309	0	0
ENSHBUG00000009310	0	0
ENSHBUG00000009311	0	0
ENSHBUG00000009312	9	34
ENSHBUG00000009313	2	44
ENSHBUG00000009314	0	0
ENSHBUG00000009315	0	0
ENSHBUG00000009316	1	45
ENSHBUG00000009317	0	0
ENSHBUG00000009318	12191	12232
ENSHBUG00000009319	0	0
ENSHBUG00000009320	2	39
ENSHBUG00000009321	0	0
ENSHBUG00000009322	12	32
ENSHBUG00000009323	1	9
ENSHBUG00000009324	2	38
ENSHBUG00000009325	0	0
ENSHBUG00000009326	0	0
ENSHBUG00000009327	0	0
ENSHBUG00000009328	2	19
ENSHBUG00000009329	0	0
ENSHBUG00000009330	0	0
ENSHBUG00000009331	0	0
ENSHBUG00000009332	0	0
ENSHBUG00000009333	2	40
ENSHBUG00000009334	1	8
ENSHBUG00000009335	0	0
ENSHBUG00000009336	6	47
ENSHBUG00000009337	3	44
ENSHBUG00000009338	0	0
ENSHBUG00000009339	0	0
ENSHBUG00000009340	0	0
ENSHBUG00000009341	0	0
ENSHBUG00000009342	2	30
ENSHBUG00000009343	0	0
ENSHBUG00000009344	0	0
ENSHBUG00000009345	1	9
ENSHBUG00000009346	7	12
ENSHBUG00000009347	0	0
ENSHBUG00000009348	5	38
ENSHBUG00000009349	0	0
ENSHBUG00000009350	0	0
ENSHBUG00000009351	0	0
ENSHBUG00000009352	0	0
ENSHBUG00000009353	0	0
ENSHBUG00000009354	0	0
ENSHBUG00000009355	1	40
ENSHBUG00000009356	7	24
ENSHBUG00000009357	0	0
ENSHBUG00000009358	0	0
ENSHBUG00000009359	0	0
ENSHBUG00000009360	6	39
ENSHBUG00000009361	0	0
ENSHBUG00000009362	0	0
ENSHBUG00000009363	3	16
ENSHBUG00000009364	0	0
ENSHBUG00000009365	1	20
ENSHBUG00000009366	24	26
ENSHBUG00000009367	0	0
ENSHBUG00000009368	0	0
ENSHBUG00000009369	1	18
ENSHBUG00000009370	83	131
ENSHBUG00000009371	0	0
ENSHBUG00000009372	27	34
ENSHBUG00000009373	0	0
ENSHBUG00000009374	6	50
ENSHBUG00000009375	0	0
ENSHBUG00000009376	0	0
ENSHBUG00000009377	1	18
ENSHBUG00000009378	0	0
ENSHBUG00000009379	0	0
ENSHBUG00000009380	0	0
ENSHBUG00000009381	1	7
ENSHBUG00000009382	0	0
ENSHBUG00000009383	1	5
ENSHBUG00000009384	1	34
ENSHBUG00000009385	2	12
ENSHBUG00000009386	0	0
ENSHBUG00000009387	2	40
ENSHBUG00000009388	0	0
ENSHBUG00000009389	2	23
ENSHBUG00000009390	17	26
ENSHBUG00000009391	3	10
ENSHBUG00000009392	0	0
ENSHBUG00000009393	0	0
ENSHBUG00000009394	1	33
ENSHBUG00000009395	0	0
ENSHBUG00000009396	3	30
ENSHBUG00000009397	1	4
ENSHBUG00000009398	1	44
ENSHBUG00000009399	0	0
ENSHBUG00000009400	2	36
ENSHBUG00000009401	0	0
ENSHBUG00000009402	0	0
ENSHBUG00000009403	1	28
ENSHBUG00000009404	695	707
ENSHBUG00000009405	536	547
ENSHBUG00000009406	0	0
ENSHBUG00000009407	0	0
ENSHBUG00000009408	0	0
ENSHBUG00000009409	2	11
ENSHBUG00000009410	1349	1384
ENSHBUG00000009411	0	0
ENSHBUG00000009412	0	0
ENSHBUG00000009413	2	33
ENSHBUG00000009414	54	63
ENSHBUG00000009415	0	0
ENSHBUG00000009416	3	5
ENSHBUG00000009417	2	25
ENSHBUG00000009418	13	44
ENSHBUG00000009419	1	8
ENSHBUG00000009420	2	9
ENSHBUG00000009421	0	0
ENSHBUG00000009422	0	0
ENSHBUG00000009423	0	0
ENSHBUG00000009424	0	0
ENSHBUG00000009425	0	0
ENSHBUG00000009426	5	42
ENSHBUG00000009427	0	0
ENSHBUG00000009428	3	50
ENSHBUG00000009429	0	0
ENSHBUG00000009430	0	0
ENSHBUG00000009431	2	43
ENSHBUG00000009432	0	0
ENSHBUG00000009433	0	0
ENSHBUG00000009434	2	7
ENSHBUG00000009435	0	0
ENSHBUG00000009436	0	0
ENSHBUG00000009437	0	0
ENSHBUG00000009438	0	0
ENSHBUG00000009439	0	0
ENSHBUG00000009440	2	30
ENSHBUG00000009441	0	0
ENSHBUG00000009442	0	0
ENSHBUG00000009443	1	6
ENSHBUG00000009444	50	90
ENSHBUG00000009445	1	49
ENSHBUG00000009446	34	71
ENSHBUG00000009447	0	0
ENSHBUG00000009448	0	0
ENSHBUG00000009449	0	0
ENSHBUG00000009450	0	0
ENSHBUG00000009451	0	0
ENSHBUG00000009452	9	12
ENSHBUG00000009453	13	54
ENSHBUG00000009454	0	0
ENSHBUG00000009455	97	108
ENSHBUG00000009456	0	0
ENSHBUG00000009457	0	0
ENSHBUG00000009458	0	0
ENSHBUG00000009459	1	47
ENSHBUG00000009460	0	0
ENSHBUG00000009461	0	0
ENSHBUG00000009462	0	0
ENSHBUG00000009463	0	0
ENSHBUG00000009464	0	0
ENSHBUG00000009465	1	22
ENSHBUG00000009466	16	47
ENSHBUG00000009467	0	0
ENSHBUG00000009468	0	0
ENSHBUG00000009469	0	0
ENSHBUG00000009470	0	0
ENSHBUG00000009471	1	17
ENSHBUG00000009472	5	40
ENSHBUG00000009473	3	40
ENSHBUG00000009474	22	53
ENSHBUG00000009475	0	0
ENSHBUG00000009476	2	27
ENSHBUG00000009477	4369	4379
ENSHBUG00000009478	0	0
ENSHBUG00000009479	0	0
ENSHBUG00000009480	0	0
ENSHBUG00000009481	0	0
ENSHBUG00000009482	0	0
ENSHBUG00000009483	0	0
ENSHBUG00000009484	0	0
ENSHBUG00000009485	1	31
ENSHBUG00000009486	0	0
ENSHBUG00000009487	1	22
ENSHBUG00000009488	0	0
ENSHBUG00000009489	4	19
ENSHBUG00000009490	0	0
ENSHBUG00000009491	0	0
ENSHBUG00000009492	2	16
ENSHBUG00000009493	4	14
ENSHBUG00000009494	16	32
ENSHBUG00000009495	24	52
ENSHBUG00000009496	1	43
ENSHBUG00000009497	8	44
ENSHBUG00000009498	86	93
ENSHBUG00000009499	0	0
ENSHBUG00000009500	11	38
ENSHBUG00000009501	390	427
ENSHBUG00000009502	0	0
ENSHBUG00000009503	45	63
ENSHBUG00000009504	0	0
ENSHBUG00000009505	153	178
ENSHBUG00000009506	186	191
ENSHBUG00000009507	0	0
ENSHBUG00000009508	1	48
ENSHBUG00000009509	0	0
ENSHBUG00000009510	0	0
ENSHBUG00000009511	2	22
ENSHBUG00000009512	0	0
ENSHBUG00000009513	1	29
ENSHBUG00000009514	0	0
ENSHBUG00000009515	1	24
ENSHBUG00000009516	0	0
ENSHBUG00000009517	0	0
ENSHBUG00000009518	0	0
ENSHBUG00000009519	4	7
ENSHBUG00000009520	0	0
ENSHBUG00000009521	0	0
ENSHBUG00000009522	0	0
ENSHBUG00000009523	36	64
ENSHBUG00000009524	10	34
ENSHBUG00000009525	0	0
ENSHBUG00000009526	1	29
ENSHBUG00000009527	1	25
ENSHBUG00000009528	15	34
ENSHBUG00000009529	3	21
ENSHBUG00000009530	1	9
ENSHBUG00000009531	0	0
ENSHBUG00000009532	0	0
ENSHBUG00000009533	5	47
ENSHBUG00000009534	2	17
ENSHBUG00000009535	1	15
ENSHBUG00000009536	0	0
ENSHBUG00000009537	65	75
ENSHBUG00000009538	539	560
ENSHBUG00000009539	122	154
ENSHBUG00000009540	0	0
ENSHBUG00000009541	0	0
ENSHBUG00000009542	207	247
ENSHBUG00000009543	99	144
ENSHBUG00000009544	0	0
ENSHBUG00000009545	20	44
ENSHBUG00000009546	11	20
ENSHBUG00000009547	0	0
ENSHBUG00000009548	7	30
ENSHBUG00000009549	1	31
ENSHBUG00000009550	0	0
ENSHBUG00000009551	2	37
ENSHBUG00000009552	4	42
ENSHBUG00000009553	0	0
ENSHBUG00000009554	0	0
ENSHBUG00000009555	0	0
ENSHBUG00000009556	1	7
ENSHBUG00000009557	17910	17934
ENSHBUG00000009558	0	0
ENSHBUG00000009559	4	16
ENSHBUG00000009560	5	40
ENSHBUG00000009561	0	0
ENSHBUG00000009562	5	21
ENSHBUG00000009563	0	0
ENSHBUG00000009564	0	0
ENSHBUG00000009565	0	0
ENSHBUG00000009566	3	14
ENSHBUG00000009567	0	0
ENSHBUG00000009568	21	43
ENSHBUG00000009569	6	7
ENSHBUG00000009570	0	0
ENSHBUG00000009571	0	0
ENSHBUG00000009572	0	0
ENSHBUG00000009573	87	94
ENSHBUG00000009574	2	47
ENSHBUG00000009575	0	0
ENSHBUG00000009576	4820	4837
ENSHBUG00000009577	1	3
ENSHBUG00000009578	177	216
ENSHBUG00000009579	0	0
ENSHBUG00000009580	1	38
ENSHBUG00000009581	0	0
ENSHBUG00000009582	0	0
ENSHBUG00000009583	0	0
ENSHBUG00000009584	0	0
ENSHBUG00000009585	0	0
ENSHBUG00000009586	18	59
ENSHBUG00000009587	1	5
ENSHBUG00000009588	5	36
ENSHBUG00000009589	2	44
ENSHBUG00000009590	490	497
ENSHBUG00000009591	8	20
ENSHBUG00000009592	243	248
ENSHBUG00000009593	6	36
ENSHBUG00000009594	1	15
ENSHBUG00000009595	0	0
ENSHBUG00000009596	0	0
ENSHBUG00000009597	192	212
ENSHBUG00000009598	0	0
ENSHBUG00000009599	0	0
ENSHBUG00000009600	0	0
ENSHBUG00000009601	0	0
ENSHBUG00000009602	1	37
ENSHBUG00000009603	0	0
ENSHBUG00000009604	1	44
ENSHBUG00000009605	0	0
ENSHBUG00000009606	0	0
ENSHBUG00000009607	2	26
ENSHBUG00000009608	0	0
ENSHBUG00000009609	0	0
ENSHBUG00000009610	40	71
ENSHBUG00000009611	1	34
ENSHBUG00000009612	0	0
ENSHBUG00000009613	2	42
ENSHBUG00000009614	0	0
ENSHBUG00000009615	0	0
ENSHBUG00000009616	0	0
ENSHBUG00000009617	3	25
ENSHBUG00000009618	0	0
ENSHBUG00000009619	96	134
ENSHBUG00000009620	0	0
ENSHBUG00000009621	0	0
ENSHBUG00000009622	0	0
ENSHBUG00000009623	5153	5186
ENSHBUG00000009624	0	0
ENSHBUG00000009625	0	0
ENSHBUG00000009626	0	0
ENSHBUG00000009627	0	0
ENSHBUG00000009628	7	38
ENSHBUG00000009629	0	0
ENSHBUG00000009630	0	0
ENSHBUG00000009631	1	12
ENSHBUG00000009632	0	0
ENSHBUG00000009633	2	45
ENSHBUG00000009634	10	34
ENSHBUG00000009635	5	15
ENSHBUG00000009636	1	27
ENSHBUG00000009637	0	0
ENSHBUG00000009638	0	0
ENSHBUG00000009639	2	49
ENSHBUG00000009640	0	0
ENSHBUG00000009641	1	42
ENSHBUG00000009642	6	29
ENSHBUG00000009643	0	0
ENSHBUG00000009644	0	0
ENSHBUG00000009645	37	40
ENSHBUG00000009646	0	0
ENSHBUG00000009647	2	39
ENSHBUG00000009648	49	67
ENSHBUG00000009649	173	183
ENSHBUG00000009650	2	42
ENSHBUG00000009651	2	38
ENSHBUG00000009652	0	0
ENSHBUG00000009653	0	0
ENSHBUG00000009654	5	27
ENSHBUG00000009655	1	47
ENSHBUG00000009656	241	277
ENSHBUG00000009657	1	30
ENSHBUG00000009658	1	7
ENSHBUG00000009659	0	0
ENSHBUG00000009660	116	138
ENSHBUG00000009661	0	0
ENSHBUG00000009662	1	40
ENSHBUG00000009663	0	0
ENSHBUG00000009664	0	0
ENSHBUG00000009665	4	51
ENSHBUG00000009666	0	0
ENSHBUG00000009667	2	6
ENSHBUG00000009668	2	18
ENSHBUG00000009669	0	0
ENSHBUG00000009670	259	272
ENSHBUG00000009671	67	78
ENSHBUG00000009672	1	19
ENSHBUG00000009673	2	27
ENSHBUG00000009674	8	39
ENSHBUG00000009675	24	62
ENSHBUG00000009676	36	56
ENSHBUG00000009677	0	0
ENSHBUG00000009678	0	0
ENSHBUG00000009679	5	24
ENSHBUG00000009680	161	187
ENSHBUG00000009681	14	37
ENSHBUG00000009682	1	39
ENSHBUG00000009683	2	33
ENSHBUG00000009684	206	241
ENSHBUG00000009685	0	0
ENSHBUG00000009686	1	6
ENSHBUG00000009687	0	0
ENSHBUG00000009688	11	55
ENSHBUG00000009689	2	19
ENSHBUG00000009690	0	0
ENSHBUG00000009691	0	0
ENSHBUG00000009692	1	38
ENSHBUG00000009693	0	0
ENSHBUG00000009694	0	0
ENSHBUG00000009695	1	24
ENSHBUG00000009696	0	0
ENSHBUG00000009697	4	40
ENSHBUG00000009698	0	0
ENSHBUG00000009699	1	35
ENSHBUG00000009700	0	0
ENSHBUG00000009701	752	753
ENSHBUG00000009702	266	275
ENSHBUG00000009703	0	0
ENSHBUG00000009704	0	0
ENSHBUG00000009705	0	0
ENSHBUG00000009706	0	0
ENSHBUG00000009707	3	50
ENSHBUG00000009708	0	0
ENSHBUG00000009709	0	0
ENSHBUG00000009710	0	0
ENSHBUG00000009711	0	0
ENSHBUG00000009712	0	0
ENSHBUG00000009713	260	281
ENSHBUG00000009714	20	42
ENSHBUG00000009715	0	0
ENSHBUG00000009716	3	8
ENSHBUG00000009717	785	810
ENSHBUG00000009718	0	0
ENSHBUG00000009719	3	44
ENSHBUG00000009720	10	55
ENSHBUG00000009721	3	23
ENSHBUG00000009722	1	22
ENSHBUG00000009723	0	0
ENSHBUG00000009724	1	23
ENSHBUG00000009725	0	0
ENSHBUG00000009726	1	43
ENSHBUG00000009727	7	51
ENSHBUG00000009728	1	46
ENSHBUG00000009729	0	0
ENSHBUG00000009730	3	34
ENSHBUG00000009731	0	0
ENSHBUG00000009732	0	0
ENSHBUG00000009733	1	37
ENSHBUG00000009734	1	21
ENSHBUG00000009735	0	0
ENSHBUG00000009736	8	42
ENSHBUG00000009737	0	0
ENSHBUG00000009738	1	21
ENSHBUG00000009739	0	0
ENSHBUG00000009740	988	1022
ENSHBUG00000009741	0	0
ENSHBUG00000009742	24	62
ENSHBUG00000009743	0	0
ENSHBUG00000009744	4	19
ENSHBUG00000009745	2	20
ENSHBUG00000009746	0	0
ENSHBUG00000009747	1	18
ENSHBUG00000009748	1	5
ENSHBUG00000009749	0	0
ENSHBUG00000009750	0	0
ENSHBUG00000009751	0	0
ENSHBUG00000009752	1	9
ENSHBUG00000009753	0	0
ENSHBUG00000009754	23	54
ENSHBUG00000009755	0	0
ENSHBUG00000009756	5	14
ENSHBUG00000009757	203	204
ENSHBUG00000009758	0	0
ENSHBUG00000009759	0	0
ENSHBUG00000009760	0	0
ENSHBUG00000009761	0	0
ENSHBUG00000009762	0	0
ENSHBUG00000009763	0	0
ENSHBUG00000009764	0	0
ENSHBUG00000009765	0	0
ENSHBUG00000009766	0	0
ENSHBUG00000009767	1	39
ENSHBUG00000009768	0	0
ENSHBUG00000009769	1	23
ENSHBUG00000009770	0	0
ENSHBUG00000009771	1	13
ENSHBUG00000009772	1	47
ENSHBUG00000009773	0	0
ENSHBUG00000009774	0	0
ENSHBUG00000009775	0	0
ENSHBUG00000009776	0	0
ENSHBUG00000009777	0	0
ENSHBUG00000009778	0	0
ENSHBUG00000009779	0	0
ENSHBUG00000009780	0	0
ENSHBUG00000009781	0	0
ENSHBUG00000009782	0	0
ENSHBUG00000009783	0	0
ENSHBUG00000009784	0	0
ENSHBUG00000009785	0	0
ENSHBUG00000009786	0	0
ENSHBUG00000009787	0	0
ENSHBUG00000009788	502	542
ENSHBUG00000009789	122	141
ENSHBUG00000009790	0	0
ENSHBUG00000009791	0	0
ENSHBUG00000009792	0	0
ENSHBUG00000009793	0	0
ENSHBUG00000009794	0	0
ENSHBUG00000009795	0	0
ENSHBUG00000009796	1	10
ENSHBUG00000009797	0	0
ENSHBUG00000009798	1	22
ENSHBUG00000009799	10	23
ENSHBUG00000009800	0	0
ENSHBUG00000009801	0	0
ENSHBUG00000009802	15	50
ENSHBUG00000009803	0	0
ENSHBUG00000009804	2	34
ENSHBUG00000009805	6	11
ENSHBUG00000009806	0	0
ENSHBUG00000009807	0	0
ENSHBUG00000009808	0	0
ENSHBUG00000009809	0	0
ENSHBUG00000009810	0	0
ENSHBUG00000009811	0	0
ENSHBUG00000009812	15	28
ENSHBUG00000009813	0	0
ENSHBUG00000009814	0	0
ENSHBUG00000009815	10	17
ENSHBUG00000009816	0	0
ENSHBUG00000009817	0	0
ENSHBUG00000009818	1	27
ENSHBUG00000009819	0	0
ENSHBUG00000009820	3	28
ENSHBUG00000009821	0	0
ENSHBUG00000009822	5	49
ENSHBUG00000009823	58	88
ENSHBUG00000009824	158	163
ENSHBUG00000009825	2	6
ENSHBUG00000009826	0	0
ENSHBUG00000009827	0	0
ENSHBUG00000009828	2	38
ENSHBUG00000009829	1	29
ENSHBUG00000009830	0	0
ENSHBUG00000009831	56	90
ENSHBUG00000009832	4	27
ENSHBUG00000009833	1	5
ENSHBUG00000009834	86	125
ENSHBUG00000009835	1	41
ENSHBUG00000009836	3	38
ENSHBUG00000009837	2	44
ENSHBUG00000009838	4	18
ENSHBUG00000009839	0	0
ENSHBUG00000009840	30	37
ENSHBUG00000009841	0	0
ENSHBUG00000009842	0	0
ENSHBUG00000009843	0	0
ENSHBUG00000009844	0	0
ENSHBUG00000009845	0	0
ENSHBUG00000009846	1	26
ENSHBUG00000009847	0	0
ENSHBUG00000009848	0	0
ENSHBUG00000009849	0	0
ENSHBUG00000009850	0	0
ENSHBUG00000009851	1	21
ENSHBUG00000009852	0	0
ENSHBUG00000009853	26	47
ENSHBUG00000009854	3	46
ENSHBUG00000009855	0	0
ENSHBUG00000009856	0	0
ENSHBUG00000009857	117	124
ENSHBUG00000009858	0	0
ENSHBUG00000009859	10	24
ENSHBUG00000009860	15	24
ENSHBUG00000009861	1	13
ENSHBUG00000009862	0	0
ENSHBUG00000009863	0	0
ENSHBUG00000009864	0	0
ENSHBUG00000009865	1	30
ENSHBUG00000009866	3	47
ENSHBUG00000009867	0	0
ENSHBUG00000009868	0	0
ENSHBUG00000009869	2	35
ENSHBUG00000009870	0	0
ENSHBUG00000009871	3	13
ENSHBUG00000009872	0	0
ENSHBUG00000009873	0	0
ENSHBUG00000009874	52	75
ENSHBUG00000009875	0	0
ENSHBUG00000009876	0	0
ENSHBUG00000009877	0	0
ENSHBUG00000009878	14	31
ENSHBUG00000009879	0	0
ENSHBUG00000009880	18	46
ENSHBUG00000009881	5894	5920
ENSHBUG00000009882	0	0
ENSHBUG00000009883	2	45
ENSHBUG00000009884	8	45
ENSHBUG00000009885	0	0
ENSHBUG00000009886	0	0
ENSHBUG00000009887	0	0
ENSHBUG00000009888	0	0
ENSHBUG00000009889	0	0
ENSHBUG00000009890	0	0
ENSHBUG00000009891	1	39
ENSHBUG00000009892	0	0
ENSHBUG00000009893	0	0
ENSHBUG00000009894	0	0
ENSHBUG00000009895	0	0
ENSHBUG00000009896	4	15
ENSHBUG00000009897	2	46
ENSHBUG00000009898	0	0
ENSHBUG00000009899	0	0
ENSHBUG00000009900	0	0
ENSHBUG00000009901	0	0
ENSHBUG00000009902	1	35
ENSHBUG00000009903	0	0
ENSHBUG00000009904	19	62
ENSHBUG00000009905	0	0
ENSHBUG00000009906	6	32
ENSHBUG00000009907	1	3
ENSHBUG00000009908	0	0
ENSHBUG00000009909	23	39
ENSHBUG00000009910	10	52
ENSHBUG00000009911	1	46
ENSHBUG00000009912	0	0
ENSHBUG00000009913	0	0
ENSHBUG00000009914	0	0
ENSHBUG00000009915	0	0
ENSHBUG00000009916	3	38
ENSHBUG00000009917	1	44
ENSHBUG00000009918	7	35
ENSHBUG00000009919	211	248
ENSHBUG00000009920	0	0
ENSHBUG00000009921	0	0
ENSHBUG00000009922	14	34
ENSHBUG00000009923	1	24
ENSHBUG00000009924	0	0
ENSHBUG00000009925	0	0
ENSHBUG00000009926	0	0
ENSHBUG00000009927	1	35
ENSHBUG00000009928	0	0
ENSHBUG00000009929	2	28
ENSHBUG00000009930	0	0
ENSHBUG00000009931	4	35
ENSHBUG00000009932	0	0
ENSHBUG00000009933	44	54
ENSHBUG00000009934	0	0
ENSHBUG00000009935	0	0
ENSHBUG00000009936	1	9
ENSHBUG00000009937	0	0
ENSHBUG00000009938	0	0
ENSHBUG00000009939	0	0
ENSHBUG00000009940	16	29
ENSHBUG00000009941	2	26
ENSHBUG00000009942	3	47
ENSHBUG00000009943	1	11
ENSHBUG00000009944	0	0
ENSHBUG00000009945	0	0
ENSHBUG00000009946	0	0
ENSHBUG00000009947	0	0
ENSHBUG00000009948	4	17
ENSHBUG00000009949	4	39
ENSHBUG00000009950	0	0
ENSHBUG00000009951	0	0
ENSHBUG00000009952	0	0
ENSHBUG00000009953	5	43
ENSHBUG00000009954	18	44
ENSHBUG00000009955	20	30
ENSHBUG00000009956	0	0
ENSHBUG00000009957	0	0
ENSHBUG00000009958	0	0
ENSHBUG00000009959	0	0
ENSHBUG00000009960	1426	1447
ENSHBUG00000009961	0	0
ENSHBUG00000009962	2	8
ENSHBUG00000009963	1	21
ENSHBUG00000009964	169	207
ENSHBUG00000009965	0	0
ENSHBUG00000009966	0	0
ENSHBUG00000009967	4	22
ENSHBUG00000009968	12	27
ENSHBUG00000009969	7	52
ENSHBUG00000009970	0	0
ENSHBUG00000009971	12	15
ENSHBUG00000009972	0	0
ENSHBUG00000009973	0	0
ENSHBUG00000009974	0	0
ENSHBUG00000009975	0	0
ENSHBUG00000009976	2	44
ENSHBUG00000009977	1	14
ENSHBUG00000009978	2	40
ENSHBUG00000009979	18	45
ENSHBUG00000009980	6	33
ENSHBUG00000009981	29	47
ENSHBUG00000009982	1	32
ENSHBUG00000009983	0	0
ENSHBUG00000009984	0	0
ENSHBUG00000009985	0	0
ENSHBUG00000009986	0	0
ENSHBUG00000009987	1058	1104
ENSHBUG00000009988	0	0
ENSHBUG00000009989	0	0
ENSHBUG00000009990	0	0
ENSHBUG00000009991	2	36
ENSHBUG00000009992	0	0
ENSHBUG00000009993	4	21
ENSHBUG00000009994	2	38
ENSHBUG00000009995	1	31
ENSHBUG00000009996	0	0
ENSHBUG00000009997	0	0
ENSHBUG00000009998	2	39
ENSHBUG00000009999	0	0
ENSHBUG00000010000	1	44
ENSHBUG00000010001	3	51
ENSHBUG00000010002	5	30
ENSHBUG00000010003	0	0
ENSHBUG00000010004	3	22
ENSHBUG00000010005	0	0
ENSHBUG00000010006	6	45
ENSHBUG00000010007	0	0
ENSHBUG00000010008	1	26
ENSHBUG00000010009	0	0
ENSHBUG00000010010	1	38
ENSHBUG00000010011	135	151
ENSHBUG00000010012	3	28
ENSHBUG00000010013	0	0
ENSHBUG00000010014	0	0
ENSHBUG00000010015	2	47
ENSHBUG00000010016	63	78
ENSHBUG00000010017	0	0
ENSHBUG00000010018	0	0
ENSHBUG00000010019	0	0
ENSHBUG00000010020	47	93
ENSHBUG00000010021	0	0
ENSHBUG00000010022	0	0
ENSHBUG00000010023	1	9
ENSHBUG00000010024	5	38
ENSHBUG00000010025	2	31
ENSHBUG00000010026	1	31
ENSHBUG00000010027	1	30
ENSHBUG00000010028	0	0
ENSHBUG00000010029	4	47
ENSHBUG00000010030	1	42
ENSHBUG00000010031	0	0
ENSHBUG00000010032	0	0
ENSHBUG00000010033	10	28
ENSHBUG00000010034	10	13
ENSHBUG00000010035	0	0
ENSHBUG00000010036	0	0
ENSHBUG00000010037	2	11
ENSHBUG00000010038	296	315
ENSHBUG00000010039	0	0
ENSHBUG00000010040	0	0
ENSHBUG00000010041	0	0
ENSHBUG00000010042	0	0
ENSHBUG00000010043	0	0
ENSHBUG00000010044	0	0
ENSHBUG00000010045	0	0
ENSHBUG00000010046	0	0
ENSHBUG00000010047	3	6
ENSHBUG00000010048	0	0
ENSHBUG00000010049	0	0
ENSHBUG00000010050	1	37
ENSHBUG00000010051	3	46
ENSHBUG00000010052	0	0
ENSHBUG00000010053	0	0
ENSHBUG00000010054	0	0
ENSHBUG00000010055	0	0
ENSHBUG00000010056	38	82
ENSHBUG00000010057	0	0
ENSHBUG00000010058	16	53
ENSHBUG00000010059	2	8
ENSHBUG00000010060	1	6
ENSHBUG00000010061	0	0
ENSHBUG00000010062	0	0
ENSHBUG00000010063	1	40
ENSHBUG00000010064	0	0
ENSHBUG00000010065	0	0
ENSHBUG00000010066	0	0
ENSHBUG00000010067	8	15
ENSHBUG00000010068	0	0
ENSHBUG00000010069	0	0
ENSHBUG00000010070	20	37
ENSHBUG00000010071	0	0
ENSHBUG00000010072	0	0
ENSHBUG00000010073	0	0
ENSHBUG00000010074	2	15
ENSHBUG00000010075	1	15
ENSHBUG00000010076	0	0
ENSHBUG00000010077	2	10
ENSHBUG00000010078	1	39
ENSHBUG00000010079	16	30
ENSHBUG00000010080	13	40
ENSHBUG00000010081	0	0
ENSHBUG00000010082	1	22
ENSHBUG00000010083	0	0
ENSHBUG00000010084	0	0
ENSHBUG00000010085	0	0
ENSHBUG00000010086	0	0
ENSHBUG00000010087	1	15
ENSHBUG00000010088	4	29
ENSHBUG00000010089	0	0
ENSHBUG00000010090	0	0
ENSHBUG00000010091	0	0
ENSHBUG00000010092	0	0
ENSHBUG00000010093	0	0
ENSHBUG00000010094	69	94
ENSHBUG00000010095	0	0
ENSHBUG00000010096	1	10
ENSHBUG00000010097	0	0
ENSHBUG00000010098	0	0
ENSHBUG00000010099	1	3
ENSHBUG00000010100	3	39
ENSHBUG00000010101	0	0
ENSHBUG00000010102	33	43
ENSHBUG00000010103	19	34
ENSHBUG00000010104	3	37
ENSHBUG00000010105	0	0
ENSHBUG00000010106	0	0
ENSHBUG00000010107	0	0
ENSHBUG00000010108	2	35
ENSHBUG00000010109	0	0
ENSHBUG00000010110	26	42
ENSHBUG00000010111	0	0
ENSHBUG00000010112	0	0
ENSHBUG00000010113	1	31
ENSHBUG00000010114	0	0
ENSHBUG00000010115	0	0
ENSHBUG00000010116	0	0
ENSHBUG00000010117	4	25
ENSHBUG00000010118	0	0
ENSHBUG00000010119	13	35
ENSHBUG00000010120	0	0
ENSHBUG00000010121	0	0
ENSHBUG00000010122	0	0
ENSHBUG00000010123	3	34
ENSHBUG00000010124	0	0
ENSHBUG00000010125	0	0
ENSHBUG00000010126	0	0
ENSHBUG00000010127	0	0
ENSHBUG00000010128	0	0
ENSHBUG00000010129	11	52
ENSHBUG00000010130	0	0
ENSHBUG00000010131	4	34
ENSHBUG00000010132	1	29
ENSHBUG00000010133	0	0
ENSHBUG00000010134	1	29
ENSHBUG00000010135	0	0
ENSHBUG00000010136	0	0
ENSHBUG00000010137	2	4
ENSHBUG00000010138	5	20
ENSHBUG00000010139	67	72
ENSHBUG00000010140	0	0
ENSHBUG00000010141	1	40
ENSHBUG00000010142	0	0
ENSHBUG00000010143	2	24
ENSHBUG00000010144	0	0
ENSHBUG00000010145	0	0
ENSHBUG00000010146	6	49
ENSHBUG00000010147	1	43
ENSHBUG00000010148	0	0
ENSHBUG00000010149	0	0
ENSHBUG00000010150	0	0
ENSHBUG00000010151	0	0
ENSHBUG00000010152	2	36
ENSHBUG00000010153	3	16
ENSHBUG00000010154	41	86
ENSHBUG00000010155	6	49
ENSHBUG00000010156	0	0
ENSHBUG00000010157	7	52
ENSHBUG00000010158	0	0
ENSHBUG00000010159	0	0
ENSHBUG00000010160	0	0
ENSHBUG00000010161	11196	11212
ENSHBUG00000010162	0	0
ENSHBUG00000010163	0	0
ENSHBUG00000010164	0	0
ENSHBUG00000010165	0	0
ENSHBUG00000010166	4	34
ENSHBUG00000010167	3	17
ENSHBUG00000010168	0	0
ENSHBUG00000010169	1	6
ENSHBUG00000010170	3	43
ENSHBUG00000010171	0	0
ENSHBUG00000010172	0	0
ENSHBUG00000010173	1	16
ENSHBUG00000010174	0	0
ENSHBUG00000010175	0	0
ENSHBUG00000010176	0	0
ENSHBUG00000010177	4	43
ENSHBUG00000010178	0	0
ENSHBUG00000010179	79	110
ENSHBUG00000010180	2	33
ENSHBUG00000010181	2	15
ENSHBUG00000010182	0	0
ENSHBUG00000010183	0	0
ENSHBUG00000010184	1	7
ENSHBUG00000010185	1	5
ENSHBUG00000010186	0	0
ENSHBUG00000010187	0	0
ENSHBUG00000010188	0	0
ENSHBUG00000010189	0	0
ENSHBUG00000010190	3	20
ENSHBUG00000010191	0	0
ENSHBUG00000010192	116	120
ENSHBUG00000010193	9	15
ENSHBUG00000010194	0	0
ENSHBUG00000010195	0	0
ENSHBUG00000010196	0	0
ENSHBUG00000010197	0	0
ENSHBUG00000010198	0	0
ENSHBUG00000010199	0	0
ENSHBUG00000010200	0	0
ENSHBUG00000010201	0	0
ENSHBUG00000010202	0	0
ENSHBUG00000010203	4	37
ENSHBUG00000010204	0	0
ENSHBUG00000010205	2	4
ENSHBUG00000010206	0	0
ENSHBUG00000010207	2	31
ENSHBUG00000010208	1	2
ENSHBUG00000010209	0	0
ENSHBUG00000010210	1	24
ENSHBUG00000010211	0	0
ENSHBUG00000010212	0	0
ENSHBUG00000010213	20	38
ENSHBUG00000010214	1	7
ENSHBUG00000010215	2	37
ENSHBUG00000010216	474	508
ENSHBUG00000010217	0	0
ENSHBUG00000010218	13	15
ENSHBUG00000010219	0	0
ENSHBUG00000010220	10	14
ENSHBUG00000010221	0	0
ENSHBUG00000010222	9	16
ENSHBUG00000010223	1	12
ENSHBUG00000010224	0	0
ENSHBUG00000010225	0	0
ENSHBUG00000010226	13	21
ENSHBUG00000010227	1	30
ENSHBUG00000010228	0	0
ENSHBUG00000010229	0	0
ENSHBUG00000010230	5	44
ENSHBUG00000010231	2	5
ENSHBUG00000010232	0	0
ENSHBUG00000010233	0	0
ENSHBUG00000010234	2	44
ENSHBUG00000010235	0	0
ENSHBUG00000010236	0	0
ENSHBUG00000010237	0	0
ENSHBUG00000010238	0	0
ENSHBUG00000010239	2	33
ENSHBUG00000010240	0	0
ENSHBUG00000010241	0	0
ENSHBUG00000010242	54	71
ENSHBUG00000010243	0	0
ENSHBUG00000010244	0	0
ENSHBUG00000010245	0	0
ENSHBUG00000010246	0	0
ENSHBUG00000010247	0	0
ENSHBUG00000010248	0	0
ENSHBUG00000010249	0	0
ENSHBUG00000010250	1	21
ENSHBUG00000010251	0	0
ENSHBUG00000010252	0	0
ENSHBUG00000010253	14	19
ENSHBUG00000010254	1	12
ENSHBUG00000010255	12	33
ENSHBUG00000010256	1	34
ENSHBUG00000010257	0	0
ENSHBUG00000010258	4	49
ENSHBUG00000010259	0	0
ENSHBUG00000010260	3	9
ENSHBUG00000010261	3	41
ENSHBUG00000010262	0	0
ENSHBUG00000010263	0	0
ENSHBUG00000010264	2	46
ENSHBUG00000010265	0	0
ENSHBUG00000010266	0	0
ENSHBUG00000010267	1	20
ENSHBUG00000010268	0	0
ENSHBUG00000010269	3	13
ENSHBUG00000010270	0	0
ENSHBUG00000010271	0	0
ENSHBUG00000010272	0	0
ENSHBUG00000010273	1	24
ENSHBUG00000010274	0	0
ENSHBUG00000010275	7	10
ENSHBUG00000010276	0	0
ENSHBUG00000010277	0	0
ENSHBUG00000010278	7	30
ENSHBUG00000010279	0	0
ENSHBUG00000010280	0	0
ENSHBUG00000010281	0	0
ENSHBUG00000010282	0	0
ENSHBUG00000010283	0	0
ENSHBUG00000010284	1	16
ENSHBUG00000010285	0	0
ENSHBUG00000010286	18	44
ENSHBUG00000010287	2	28
ENSHBUG00000010288	1	45
ENSHBUG00000010289	1	15
ENSHBUG00000010290	3	42
ENSHBUG00000010291	0	0
ENSHBUG00000010292	6	8
ENSHBUG00000010293	0	0
ENSHBUG00000010294	0	0
ENSHBUG00000010295	0	0
ENSHBUG00000010296	1	12
ENSHBUG00000010297	19	55
ENSHBUG00000010298	1	35
ENSHBUG00000010299	1	27
ENSHBUG00000010300	4	40
ENSHBUG00000010301	0	0
ENSHBUG00000010302	1	12
ENSHBUG00000010303	0	0
ENSHBUG00000010304	5	9
ENSHBUG00000010305	163	185
ENSHBUG00000010306	0	0
ENSHBUG00000010307	0	0
ENSHBUG00000010308	0	0
ENSHBUG00000010309	9	35
ENSHBUG00000010310	2	11
ENSHBUG00000010311	0	0
ENSHBUG00000010312	0	0
ENSHBUG00000010313	0	0
ENSHBUG00000010314	0	0
ENSHBUG00000010315	0	0
ENSHBUG00000010316	0	0
ENSHBUG00000010317	0	0
ENSHBUG00000010318	0	0
ENSHBUG00000010319	0	0
ENSHBUG00000010320	0	0
ENSHBUG00000010321	343	352
ENSHBUG00000010322	1	42
ENSHBUG00000010323	0	0
ENSHBUG00000010324	0	0
ENSHBUG00000010325	289	322
ENSHBUG00000010326	0	0
ENSHBUG00000010327	2	39
ENSHBUG00000010328	0	0
ENSHBUG00000010329	0	0
ENSHBUG00000010330	0	0
ENSHBUG00000010331	0	0
ENSHBUG00000010332	2	41
ENSHBUG00000010333	5066	5088
ENSHBUG00000010334	1	24
ENSHBUG00000010335	3	22
ENSHBUG00000010336	0	0
ENSHBUG00000010337	0	0
ENSHBUG00000010338	2	7
ENSHBUG00000010339	0	0
ENSHBUG00000010340	252	264
ENSHBUG00000010341	0	0
ENSHBUG00000010342	0	0
ENSHBUG00000010343	0	0
ENSHBUG00000010344	0	0
ENSHBUG00000010345	0	0
ENSHBUG00000010346	1	23
ENSHBUG00000010347	0	0
ENSHBUG00000010348	0	0
ENSHBUG00000010349	0	0
ENSHBUG00000010350	3	16
ENSHBUG00000010351	1	16
ENSHBUG00000010352	1	42
ENSHBUG00000010353	1	34
ENSHBUG00000010354	2	8
ENSHBUG00000010355	4	17
ENSHBUG00000010356	2	29
ENSHBUG00000010357	1	37
ENSHBUG00000010358	1	3
ENSHBUG00000010359	0	0
ENSHBUG00000010360	1	13
ENSHBUG00000010361	0	0
ENSHBUG00000010362	0	0
ENSHBUG00000010363	0	0
ENSHBUG00000010364	0	0
ENSHBUG00000010365	0	0
ENSHBUG00000010366	0	0
ENSHBUG00000010367	148	187
ENSHBUG00000010368	0	0
ENSHBUG00000010369	2	32
ENSHBUG00000010370	0	0
ENSHBUG00000010371	0	0
ENSHBUG00000010372	0	0
ENSHBUG00000010373	0	0
ENSHBUG00000010374	0	0
ENSHBUG00000010375	67	98
ENSHBUG00000010376	3	4
ENSHBUG00000010377	1	8
ENSHBUG00000010378	1	6
ENSHBUG00000010379	0	0
ENSHBUG00000010380	0	0
ENSHBUG00000010381	1	10
ENSHBUG00000010382	0	0
ENSHBUG00000010383	4	32
ENSHBUG00000010384	0	0
ENSHBUG00000010385	3	43
ENSHBUG00000010386	0	0
ENSHBUG00000010387	0	0
ENSHBUG00000010388	59	95
ENSHBUG00000010389	0	0
ENSHBUG00000010390	0	0
ENSHBUG00000010391	0	0
ENSHBUG00000010392	0	0
ENSHBUG00000010393	1	7
ENSHBUG00000010394	7	9
ENSHBUG00000010395	0	0
ENSHBUG00000010396	2	18
ENSHBUG00000010397	0	0
ENSHBUG00000010398	0	0
ENSHBUG00000010399	0	0
ENSHBUG00000010400	1	39
ENSHBUG00000010401	1	5
ENSHBUG00000010402	0	0
ENSHBUG00000010403	0	0
ENSHBUG00000010404	0	0
ENSHBUG00000010405	0	0
ENSHBUG00000010406	0	0
ENSHBUG00000010407	0	0
ENSHBUG00000010408	678	714
ENSHBUG00000010409	0	0
ENSHBUG00000010410	0	0
ENSHBUG00000010411	2	33
ENSHBUG00000010412	0	0
ENSHBUG00000010413	0	0
ENSHBUG00000010414	114	151
ENSHBUG00000010415	2	11
ENSHBUG00000010416	0	0
ENSHBUG00000010417	0	0
ENSHBUG00000010418	0	0
ENSHBUG00000010419	0	0
ENSHBUG00000010420	0	0
ENSHBUG00000010421	0	0
ENSHBUG00000010422	0	0
ENSHBUG00000010423	2	30
ENSHBUG00000010424	0	0
ENSHBUG00000010425	0	0
ENSHBUG00000010426	0	0
ENSHBUG00000010427	2	20
ENSHBUG00000010428	1	12
ENSHBUG00000010429	0	0
ENSHBUG00000010430	17	20
ENSHBUG00000010431	0	0
ENSHBUG00000010432	27	58
ENSHBUG00000010433	0	0
ENSHBUG00000010434	0	0
ENSHBUG00000010435	13	23
ENSHBUG00000010436	0	0
ENSHBUG00000010437	0	0
ENSHBUG00000010438	6	21
ENSHBUG00000010439	7	11
ENSHBUG00000010440	0	0
ENSHBUG00000010441	0	0
ENSHBUG00000010442	0	0
ENSHBUG00000010443	0	0
ENSHBUG00000010444	0	0
ENSHBUG00000010445	0	0
ENSHBUG00000010446	0	0
ENSHBUG00000010447	2	40
ENSHBUG00000010448	0	0
ENSHBUG00000010449	0	0
ENSHBUG00000010450	12	24
ENSHBUG00000010451	0	0
ENSHBUG00000010452	1	32
ENSHBUG00000010453	0	0
ENSHBUG00000010454	0	0
ENSHBUG00000010455	0	0
ENSHBUG00000010456	1	4
ENSHBUG00000010457	0	0
ENSHBUG00000010458	0	0
ENSHBUG00000010459	3	25
ENSHBUG00000010460	72	78
ENSHBUG00000010461	0	0
ENSHBUG00000010462	0	0
ENSHBUG00000010463	1	36
ENSHBUG00000010464	0	0
ENSHBUG00000010465	0	0
ENSHBUG00000010466	263	302
ENSHBUG00000010467	152	177
ENSHBUG00000010468	1	16
ENSHBUG00000010469	0	0
ENSHBUG00000010470	0	0
ENSHBUG00000010471	0	0
ENSHBUG00000010472	0	0
ENSHBUG00000010473	0	0
ENSHBUG00000010474	0	0
ENSHBUG00000010475	0	0
ENSHBUG00000010476	0	0
ENSHBUG00000010477	0	0
ENSHBUG00000010478	0	0
ENSHBUG00000010479	5	30
ENSHBUG00000010480	0	0
ENSHBUG00000010481	0	0
ENSHBUG00000010482	0	0
ENSHBUG00000010483	0	0
ENSHBUG00000010484	0	0
ENSHBUG00000010485	1	44
ENSHBUG00000010486	0	0
ENSHBUG00000010487	2	10
ENSHBUG00000010488	0	0
ENSHBUG00000010489	0	0
ENSHBUG00000010490	1	23
ENSHBUG00000010491	7	29
ENSHBUG00000010492	0	0
ENSHBUG00000010493	1	5
ENSHBUG00000010494	0	0
ENSHBUG00000010495	0	0
ENSHBUG00000010496	1	22
ENSHBUG00000010497	0	0
ENSHBUG00000010498	0	0
ENSHBUG00000010499	2	25
ENSHBUG00000010500	2	12
ENSHBUG00000010501	1	41
ENSHBUG00000010502	0	0
ENSHBUG00000010503	0	0
ENSHBUG00000010504	0	0
ENSHBUG00000010505	0	0
ENSHBUG00000010506	0	0
ENSHBUG00000010507	0	0
ENSHBUG00000010508	2	42
ENSHBUG00000010509	8	44
ENSHBUG00000010510	0	0
ENSHBUG00000010511	0	0
ENSHBUG00000010512	0	0
ENSHBUG00000010513	0	0
ENSHBUG00000010514	5	31
ENSHBUG00000010515	2	44
ENSHBUG00000010516	3	49
ENSHBUG00000010517	0	0
ENSHBUG00000010518	1	44
ENSHBUG00000010519	0	0
ENSHBUG00000010520	0	0
ENSHBUG00000010521	0	0
ENSHBUG00000010522	0	0
ENSHBUG00000010523	0	0
ENSHBUG00000010524	2	35
ENSHBUG00000010525	1	36
ENSHBUG00000010526	0	0
ENSHBUG00000010527	2	21
ENSHBUG00000010528	47	87
ENSHBUG00000010529	0	0
ENSHBUG00000010530	0	0
ENSHBUG00000010531	0	0
ENSHBUG00000010532	1	38
ENSHBUG00000010533	0	0
ENSHBUG00000010534	6	12
ENSHBUG00000010535	1	8
ENSHBUG00000010536	2	6
ENSHBUG00000010537	0	0
ENSHBUG00000010538	4	33
ENSHBUG00000010539	0	0
ENSHBUG00000010540	0	0
ENSHBUG00000010541	0	0
ENSHBUG00000010542	0	0
ENSHBUG00000010543	152	166
ENSHBUG00000010544	1	19
ENSHBUG00000010545	0	0
ENSHBUG00000010546	0	0
ENSHBUG00000010547	7	13
ENSHBUG00000010548	0	0
ENSHBUG00000010549	0	0
ENSHBUG00000010550	14	22
ENSHBUG00000010551	0	0
ENSHBUG00000010552	7	21
ENSHBUG00000010553	0	0
ENSHBUG00000010554	26	34
ENSHBUG00000010555	0	0
ENSHBUG00000010556	1	32
ENSHBUG00000010557	0	0
ENSHBUG00000010558	1	48
ENSHBUG00000010559	0	0
ENSHBUG00000010560	97	115
ENSHBUG00000010561	0	0
ENSHBUG00000010562	408	447
ENSHBUG00000010563	0	0
ENSHBUG00000010564	0	0
ENSHBUG00000010565	7	54
ENSHBUG00000010566	1	25
ENSHBUG00000010567	0	0
ENSHBUG00000010568	0	0
ENSHBUG00000010569	0	0
ENSHBUG00000010570	0	0
ENSHBUG00000010571	0	0
ENSHBUG00000010572	257	288
ENSHBUG00000010573	1	40
ENSHBUG00000010574	1	4
ENSHBUG00000010575	0	0
ENSHBUG00000010576	1	48
ENSHBUG00000010577	521	542
ENSHBUG00000010578	0	0
ENSHBUG00000010579	0	0
ENSHBUG00000010580	0	0
ENSHBUG00000010581	0	0
ENSHBUG00000010582	0	0
ENSHBUG00000010583	0	0
ENSHBUG00000010584	3	42
ENSHBUG00000010585	6	13
ENSHBUG00000010586	0	0
ENSHBUG00000010587	0	0
ENSHBUG00000010588	0	0
ENSHBUG00000010589	0	0
ENSHBUG00000010590	3	14
ENSHBUG00000010591	0	0
ENSHBUG00000010592	1	34
ENSHBUG00000010593	0	0
ENSHBUG00000010594	3	11
ENSHBUG00000010595	0	0
ENSHBUG00000010596	0	0
ENSHBUG00000010597	0	0
ENSHBUG00000010598	1	33
ENSHBUG00000010599	1	46
ENSHBUG00000010600	0	0
ENSHBUG00000010601	1	35
ENSHBUG00000010602	0	0
ENSHBUG00000010603	36	83
ENSHBUG00000010604	0	0
ENSHBUG00000010605	0	0
ENSHBUG00000010606	1	28
ENSHBUG00000010607	0	0
ENSHBUG00000010608	1129	1134
ENSHBUG00000010609	0	0
ENSHBUG00000010610	0	0
ENSHBUG00000010611	0	0
ENSHBUG00000010612	53	97
ENSHBUG00000010613	1	38
ENSHBUG00000010614	1	7
ENSHBUG00000010615	0	0
ENSHBUG00000010616	0	0
ENSHBUG00000010617	0	0
ENSHBUG00000010618	0	0
ENSHBUG00000010619	3	15
ENSHBUG00000010620	0	0
ENSHBUG00000010621	0	0
ENSHBUG00000010622	0	0
ENSHBUG00000010623	1002	1043
ENSHBUG00000010624	0	0
ENSHBUG00000010625	0	0
ENSHBUG00000010626	0	0
ENSHBUG00000010627	0	0
ENSHBUG00000010628	2	38
ENSHBUG00000010629	1	48
ENSHBUG00000010630	4	16
ENSHBUG00000010631	0	0
ENSHBUG00000010632	0	0
ENSHBUG00000010633	36	52
ENSHBUG00000010634	0	0
ENSHBUG00000010635	6	30
ENSHBUG00000010636	129	164
ENSHBUG00000010637	0	0
ENSHBUG00000010638	0	0
ENSHBUG00000010639	22	40
ENSHBUG00000010640	10891	10907
ENSHBUG00000010641	0	0
ENSHBUG00000010642	0	0
ENSHBUG00000010643	0	0
ENSHBUG00000010644	0	0
ENSHBUG00000010645	1	12
ENSHBUG00000010646	0	0
ENSHBUG00000010647	0	0
ENSHBUG00000010648	0	0
ENSHBUG00000010649	15	47
ENSHBUG00000010650	0	0
ENSHBUG00000010651	1	42
ENSHBUG00000010652	1	8
ENSHBUG00000010653	0	0
ENSHBUG00000010654	0	0
ENSHBUG00000010655	39	79
ENSHBUG00000010656	0	0
ENSHBUG00000010657	0	0
ENSHBUG00000010658	0	0
ENSHBUG00000010659	1	35
ENSHBUG00000010660	0	0
ENSHBUG00000010661	2	44
ENSHBUG00000010662	0	0
ENSHBUG00000010663	0	0
ENSHBUG00000010664	6	21
ENSHBUG00000010665	0	0
ENSHBUG00000010666	0	0
ENSHBUG00000010667	0	0
ENSHBUG00000010668	96	130
ENSHBUG00000010669	0	0
ENSHBUG00000010670	2	40
ENSHBUG00000010671	477	485
ENSHBUG00000010672	3	4
ENSHBUG00000010673	734	778
ENSHBUG00000010674	11	12
ENSHBUG00000010675	8	32
ENSHBUG00000010676	0	0
ENSHBUG00000010677	12	56
ENSHBUG00000010678	0	0
ENSHBUG00000010679	11	31
ENSHBUG00000010680	0	0
ENSHBUG00000010681	0	0
ENSHBUG00000010682	0	0
ENSHBUG00000010683	13	53
ENSHBUG00000010684	1	11
ENSHBUG00000010685	189	198
ENSHBUG00000010686	122	128
ENSHBUG00000010687	394	432
ENSHBUG00000010688	0	0
ENSHBUG00000010689	12	42
ENSHBUG00000010690	0	0
ENSHBUG00000010691	3	41
ENSHBUG00000010692	3	23
ENSHBUG00000010693	0	0
ENSHBUG00000010694	0	0
ENSHBUG00000010695	0	0
ENSHBUG00000010696	22	38
ENSHBUG00000010697	2	40
ENSHBUG00000010698	18	60
ENSHBUG00000010699	2	43
ENSHBUG00000010700	0	0
ENSHBUG00000010701	7	35
ENSHBUG00000010702	0	0
ENSHBUG00000010703	0	0
ENSHBUG00000010704	0	0
ENSHBUG00000010705	0	0
ENSHBUG00000010706	0	0
ENSHBUG00000010707	1	43
ENSHBUG00000010708	1	31
ENSHBUG00000010709	0	0
ENSHBUG00000010710	1	25
ENSHBUG00000010711	1	21
ENSHBUG00000010712	0	0
ENSHBUG00000010713	1	5
ENSHBUG00000010714	0	0
ENSHBUG00000010715	24	60
ENSHBUG00000010716	0	0
ENSHBUG00000010717	0	0
ENSHBUG00000010718	0	0
ENSHBUG00000010719	6	19
ENSHBUG00000010720	0	0
ENSHBUG00000010721	15	20
ENSHBUG00000010722	0	0
ENSHBUG00000010723	0	0
ENSHBUG00000010724	13	35
ENSHBUG00000010725	0	0
ENSHBUG00000010726	1	47
ENSHBUG00000010727	0	0
ENSHBUG00000010728	16	34
ENSHBUG00000010729	0	0
ENSHBUG00000010730	7	47
ENSHBUG00000010731	0	0
ENSHBUG00000010732	3	29
ENSHBUG00000010733	3	43
ENSHBUG00000010734	0	0
ENSHBUG00000010735	2	17
ENSHBUG00000010736	0	0
ENSHBUG00000010737	0	0
ENSHBUG00000010738	1070	1100
ENSHBUG00000010739	0	0
ENSHBUG00000010740	0	0
ENSHBUG00000010741	0	0
ENSHBUG00000010742	1	37
ENSHBUG00000010743	0	0
ENSHBUG00000010744	0	0
ENSHBUG00000010745	34	74
ENSHBUG00000010746	0	0
ENSHBUG00000010747	6	48
ENSHBUG00000010748	1	42
ENSHBUG00000010749	4	8
ENSHBUG00000010750	11	26
ENSHBUG00000010751	0	0
ENSHBUG00000010752	3	44
ENSHBUG00000010753	0	0
ENSHBUG00000010754	106	146
ENSHBUG00000010755	0	0
ENSHBUG00000010756	0	0
ENSHBUG00000010757	7	42
ENSHBUG00000010758	10	24
ENSHBUG00000010759	0	0
ENSHBUG00000010760	1	36
ENSHBUG00000010761	6	44
ENSHBUG00000010762	1	49
ENSHBUG00000010763	1	25
ENSHBUG00000010764	0	0
ENSHBUG00000010765	3	42
ENSHBUG00000010766	3	27
ENSHBUG00000010767	4	48
ENSHBUG00000010768	2	40
ENSHBUG00000010769	0	0
ENSHBUG00000010770	0	0
ENSHBUG00000010771	3	19
ENSHBUG00000010772	0	0
ENSHBUG00000010773	0	0
ENSHBUG00000010774	0	0
ENSHBUG00000010775	0	0
ENSHBUG00000010776	862	863
ENSHBUG00000010777	2	38
ENSHBUG00000010778	0	0
ENSHBUG00000010779	1	32
ENSHBUG00000010780	0	0
ENSHBUG00000010781	0	0
ENSHBUG00000010782	0	0
ENSHBUG00000010783	0	0
ENSHBUG00000010784	5	26
ENSHBUG00000010785	0	0
ENSHBUG00000010786	0	0
ENSHBUG00000010787	1	35
ENSHBUG00000010788	4	32
ENSHBUG00000010789	0	0
ENSHBUG00000010790	0	0
ENSHBUG00000010791	0	0
ENSHBUG00000010792	0	0
ENSHBUG00000010793	1	36
ENSHBUG00000010794	12	31
ENSHBUG00000010795	4	12
ENSHBUG00000010796	74	90
ENSHBUG00000010797	0	0
ENSHBUG00000010798	0	0
ENSHBUG00000010799	3	50
ENSHBUG00000010800	0	0
ENSHBUG00000010801	4988	5013
ENSHBUG00000010802	0	0
ENSHBUG00000010803	0	0
ENSHBUG00000010804	0	0
ENSHBUG00000010805	114	145
ENSHBUG00000010806	0	0
ENSHBUG00000010807	0	0
ENSHBUG00000010808	5	9
ENSHBUG00000010809	3	41
ENSHBUG00000010810	43	77
ENSHBUG00000010811	0	0
ENSHBUG00000010812	0	0
ENSHBUG00000010813	0	0
ENSHBUG00000010814	653	688
ENSHBUG00000010815	0	0
ENSHBUG00000010816	0	0
ENSHBUG00000010817	10	44
ENSHBUG00000010818	3	11
ENSHBUG00000010819	0	0
ENSHBUG00000010820	0	0
ENSHBUG00000010821	0	0
ENSHBUG00000010822	5	32
ENSHBUG00000010823	0	0
ENSHBUG00000010824	0	0
ENSHBUG00000010825	1078	1089
ENSHBUG00000010826	0	0
ENSHBUG00000010827	105	117
ENSHBUG00000010828	11	47
ENSHBUG00000010829	0	0
ENSHBUG00000010830	0	0
ENSHBUG00000010831	2	37
ENSHBUG00000010832	0	0
ENSHBUG00000010833	0	0
ENSHBUG00000010834	0	0
ENSHBUG00000010835	2	13
ENSHBUG00000010836	0	0
ENSHBUG00000010837	0	0
ENSHBUG00000010838	377	397
ENSHBUG00000010839	163	186
ENSHBUG00000010840	0	0
ENSHBUG00000010841	7	23
ENSHBUG00000010842	7	27
ENSHBUG00000010843	0	0
ENSHBUG00000010844	0	0
ENSHBUG00000010845	0	0
ENSHBUG00000010846	2	34
ENSHBUG00000010847	1	19
ENSHBUG00000010848	1	39
ENSHBUG00000010849	0	0
ENSHBUG00000010850	0	0
ENSHBUG00000010851	0	0
ENSHBUG00000010852	168	208
ENSHBUG00000010853	1	16
ENSHBUG00000010854	0	0
ENSHBUG00000010855	2	3
ENSHBUG00000010856	0	0
ENSHBUG00000010857	62	70
ENSHBUG00000010858	0	0
ENSHBUG00000010859	0	0
ENSHBUG00000010860	2	16
ENSHBUG00000010861	172	204
ENSHBUG00000010862	52	96
ENSHBUG00000010863	2	17
ENSHBUG00000010864	12	48
ENSHBUG00000010865	1	2
ENSHBUG00000010866	0	0
ENSHBUG00000010867	48	96
ENSHBUG00000010868	265	293
ENSHBUG00000010869	0	0
ENSHBUG00000010870	0	0
ENSHBUG00000010871	1	13
ENSHBUG00000010872	0	0
ENSHBUG00000010873	26	35
ENSHBUG00000010874	0	0
ENSHBUG00000010875	0	0
ENSHBUG00000010876	0	0
ENSHBUG00000010877	2	44
ENSHBUG00000010878	1790	1831
ENSHBUG00000010879	3	30
ENSHBUG00000010880	0	0
ENSHBUG00000010881	1	19
ENSHBUG00000010882	0	0
ENSHBUG00000010883	0	0
ENSHBUG00000010884	0	0
ENSHBUG00000010885	0	0
ENSHBUG00000010886	35	70
ENSHBUG00000010887	0	0
ENSHBUG00000010888	2	4
ENSHBUG00000010889	0	0
ENSHBUG00000010890	0	0
ENSHBUG00000010891	6	20
ENSHBUG00000010892	1	46
ENSHBUG00000010893	0	0
ENSHBUG00000010894	0	0
ENSHBUG00000010895	0	0
ENSHBUG00000010896	0	0
ENSHBUG00000010897	2	19
ENSHBUG00000010898	1	32
ENSHBUG00000010899	6	20
ENSHBUG00000010900	2	15
ENSHBUG00000010901	2	34
ENSHBUG00000010902	0	0
ENSHBUG00000010903	0	0
ENSHBUG00000010904	0	0
ENSHBUG00000010905	4	45
ENSHBUG00000010906	2	13
ENSHBUG00000010907	0	0
ENSHBUG00000010908	0	0
ENSHBUG00000010909	1	20
ENSHBUG00000010910	0	0
ENSHBUG00000010911	0	0
ENSHBUG00000010912	7	20
ENSHBUG00000010913	8	38
ENSHBUG00000010914	0	0
ENSHBUG00000010915	1	4
ENSHBUG00000010916	0	0
ENSHBUG00000010917	1	45
ENSHBUG00000010918	0	0
ENSHBUG00000010919	0	0
ENSHBUG00000010920	2	19
ENSHBUG00000010921	0	0
ENSHBUG00000010922	2	24
ENSHBUG00000010923	0	0
ENSHBUG00000010924	0	0
ENSHBUG00000010925	1	9
ENSHBUG00000010926	0	0
ENSHBUG00000010927	0	0
ENSHBUG00000010928	5	19
ENSHBUG00000010929	0	0
ENSHBUG00000010930	11	21
ENSHBUG00000010931	1	24
ENSHBUG00000010932	0	0
ENSHBUG00000010933	0	0
ENSHBUG00000010934	14	54
ENSHBUG00000010935	6	39
ENSHBUG00000010936	0	0
ENSHBUG00000010937	1	8
ENSHBUG00000010938	1	15
ENSHBUG00000010939	3	21
ENSHBUG00000010940	0	0
ENSHBUG00000010941	0	0
ENSHBUG00000010942	3	49
ENSHBUG00000010943	0	0
ENSHBUG00000010944	57	95
ENSHBUG00000010945	0	0
ENSHBUG00000010946	0	0
ENSHBUG00000010947	0	0
ENSHBUG00000010948	0	0
ENSHBUG00000010949	1	3
ENSHBUG00000010950	0	0
ENSHBUG00000010951	142	186
ENSHBUG00000010952	3	32
ENSHBUG00000010953	0	0
ENSHBUG00000010954	0	0
ENSHBUG00000010955	0	0
ENSHBUG00000010956	57	92
ENSHBUG00000010957	0	0
ENSHBUG00000010958	4	11
ENSHBUG00000010959	0	0
ENSHBUG00000010960	0	0
ENSHBUG00000010961	0	0
ENSHBUG00000010962	0	0
ENSHBUG00000010963	0	0
ENSHBUG00000010964	1	5
ENSHBUG00000010965	1	18
ENSHBUG00000010966	0	0
ENSHBUG00000010967	0	0
ENSHBUG00000010968	3	30
ENSHBUG00000010969	115	125
ENSHBUG00000010970	36	69
ENSHBUG00000010971	0	0
ENSHBUG00000010972	0	0
ENSHBUG00000010973	3	42
ENSHBUG00000010974	249	273
ENSHBUG00000010975	1	19
ENSHBUG00000010976	0	0
ENSHBUG00000010977	1	30
ENSHBUG00000010978	0	0
ENSHBUG00000010979	10	20
ENSHBUG00000010980	0	0
ENSHBUG00000010981	1	45
ENSHBUG00000010982	0	0
ENSHBUG00000010983	0	0
ENSHBUG00000010984	0	0
ENSHBUG00000010985	0	0
ENSHBUG00000010986	1	22
ENSHBUG00000010987	74	105
ENSHBUG00000010988	4	52
ENSHBUG00000010989	25	58
ENSHBUG00000010990	1	32
ENSHBUG00000010991	4	45
ENSHBUG00000010992	3	17
ENSHBUG00000010993	0	0
ENSHBUG00000010994	1	25
ENSHBUG00000010995	1	36
ENSHBUG00000010996	1	31
ENSHBUG00000010997	0	0
ENSHBUG00000010998	1	27
ENSHBUG00000010999	129	156
ENSHBUG00000011000	341	355
ENSHBUG00000011001	1	46
ENSHBUG00000011002	271	309
ENSHBUG00000011003	0	0
ENSHBUG00000011004	2	21
ENSHBUG00000011005	1	46
ENSHBUG00000011006	0	0
ENSHBUG00000011007	0	0
ENSHBUG00000011008	3	6
ENSHBUG00000011009	0	0
ENSHBUG00000011010	0	0
ENSHBUG00000011011	0	0
ENSHBUG00000011012	3	35
ENSHBUG00000011013	1	41
ENSHBUG00000011014	3	11
ENSHBUG00000011015	26	69
ENSHBUG00000011016	1	17
ENSHBUG00000011017	0	0
ENSHBUG00000011018	0	0
ENSHBUG00000011019	0	0
ENSHBUG00000011020	0	0
ENSHBUG00000011021	1	44
ENSHBUG00000011022	3	8
ENSHBUG00000011023	0	0
ENSHBUG00000011024	0	0
ENSHBUG00000011025	0	0
ENSHBUG00000011026	0	0
ENSHBUG00000011027	98	124
ENSHBUG00000011028	4	14
ENSHBUG00000011029	1	4
ENSHBUG00000011030	217	239
ENSHBUG00000011031	0	0
ENSHBUG00000011032	0	0
ENSHBUG00000011033	141	176
ENSHBUG00000011034	6	10
ENSHBUG00000011035	0	0
ENSHBUG00000011036	0	0
ENSHBUG00000011037	0	0
ENSHBUG00000011038	0	0
ENSHBUG00000011039	2	31
ENSHBUG00000011040	0	0
ENSHBUG00000011041	0	0
ENSHBUG00000011042	0	0
ENSHBUG00000011043	0	0
ENSHBUG00000011044	9	13
ENSHBUG00000011045	10	26
ENSHBUG00000011046	0	0
ENSHBUG00000011047	0	0
ENSHBUG00000011048	0	0
ENSHBUG00000011049	1	23
ENSHBUG00000011050	0	0
ENSHBUG00000011051	0	0
ENSHBUG00000011052	0	0
ENSHBUG00000011053	2041	2046
ENSHBUG00000011054	1	9
ENSHBUG00000011055	1	14
ENSHBUG00000011056	0	0
ENSHBUG00000011057	0	0
ENSHBUG00000011058	4	23
ENSHBUG00000011059	0	0
ENSHBUG00000011060	0	0
ENSHBUG00000011061	1	33
ENSHBUG00000011062	0	0
ENSHBUG00000011063	0	0
ENSHBUG00000011064	0	0
ENSHBUG00000011065	0	0
ENSHBUG00000011066	0	0
ENSHBUG00000011067	0	0
ENSHBUG00000011068	29	39
ENSHBUG00000011069	0	0
ENSHBUG00000011070	7	18
ENSHBUG00000011071	0	0
ENSHBUG00000011072	2	16
ENSHBUG00000011073	0	0
ENSHBUG00000011074	0	0
ENSHBUG00000011075	0	0
ENSHBUG00000011076	0	0
ENSHBUG00000011077	1	9
ENSHBUG00000011078	0	0
ENSHBUG00000011079	2	17
ENSHBUG00000011080	72	88
ENSHBUG00000011081	1	3
ENSHBUG00000011082	0	0
ENSHBUG00000011083	1	27
ENSHBUG00000011084	0	0
ENSHBUG00000011085	0	0
ENSHBUG00000011086	0	0
ENSHBUG00000011087	0	0
ENSHBUG00000011088	1	22
ENSHBUG00000011089	2	48
ENSHBUG00000011090	0	0
ENSHBUG00000011091	0	0
ENSHBUG00000011092	1	21
ENSHBUG00000011093	0	0
ENSHBUG00000011094	0	0
ENSHBUG00000011095	0	0
ENSHBUG00000011096	4	37
ENSHBUG00000011097	2	36
ENSHBUG00000011098	0	0
ENSHBUG00000011099	0	0
ENSHBUG00000011100	0	0
ENSHBUG00000011101	0	0
ENSHBUG00000011102	0	0
ENSHBUG00000011103	1	19
ENSHBUG00000011104	0	0
ENSHBUG00000011105	0	0
ENSHBUG00000011106	0	0
ENSHBUG00000011107	1	39
ENSHBUG00000011108	5	13
ENSHBUG00000011109	0	0
ENSHBUG00000011110	232	235
ENSHBUG00000011111	0	0
ENSHBUG00000011112	31	69
ENSHBUG00000011113	0	0
ENSHBUG00000011114	1	19
ENSHBUG00000011115	375	377
ENSHBUG00000011116	1	13
ENSHBUG00000011117	2	3
ENSHBUG00000011118	0	0
ENSHBUG00000011119	6	50
ENSHBUG00000011120	0	0
ENSHBUG00000011121	13	20
ENSHBUG00000011122	0	0
ENSHBUG00000011123	328	338
ENSHBUG00000011124	11	23
ENSHBUG00000011125	0	0
ENSHBUG00000011126	0	0
ENSHBUG00000011127	2	16
ENSHBUG00000011128	0	0
ENSHBUG00000011129	78	80
ENSHBUG00000011130	1	46
ENSHBUG00000011131	0	0
ENSHBUG00000011132	0	0
ENSHBUG00000011133	0	0
ENSHBUG00000011134	844	884
ENSHBUG00000011135	1	31
ENSHBUG00000011136	0	0
ENSHBUG00000011137	4	24
ENSHBUG00000011138	0	0
ENSHBUG00000011139	0	0
ENSHBUG00000011140	5	45
ENSHBUG00000011141	176	209
ENSHBUG00000011142	0	0
ENSHBUG00000011143	0	0
ENSHBUG00000011144	0	0
ENSHBUG00000011145	0	0
ENSHBUG00000011146	0	0
ENSHBUG00000011147	218	241
ENSHBUG00000011148	0	0
ENSHBUG00000011149	0	0
ENSHBUG00000011150	478	483
ENSHBUG00000011151	6	16
ENSHBUG00000011152	0	0
ENSHBUG00000011153	173	177
ENSHBUG00000011154	0	0
ENSHBUG00000011155	0	0
ENSHBUG00000011156	0	0
ENSHBUG00000011157	4	16
ENSHBUG00000011158	0	0
ENSHBUG00000011159	2	12
ENSHBUG00000011160	0	0
ENSHBUG00000011161	2	4
ENSHBUG00000011162	3	17
ENSHBUG00000011163	0	0
ENSHBUG00000011164	0	0
ENSHBUG00000011165	3	37
ENSHBUG00000011166	2	4
ENSHBUG00000011167	0	0
ENSHBUG00000011168	2	14
ENSHBUG00000011169	0	0
ENSHBUG00000011170	0	0
ENSHBUG00000011171	1	24
ENSHBUG00000011172	7	37
ENSHBUG00000011173	0	0
ENSHBUG00000011174	0	0
ENSHBUG00000011175	0	0
ENSHBUG00000011176	0	0
ENSHBUG00000011177	0	0
ENSHBUG00000011178	0	0
ENSHBUG00000011179	1	23
ENSHBUG00000011180	0	0
ENSHBUG00000011181	0	0
ENSHBUG00000011182	1	4
ENSHBUG00000011183	1	28
ENSHBUG00000011184	8	41
ENSHBUG00000011185	0	0
ENSHBUG00000011186	0	0
ENSHBUG00000011187	0	0
ENSHBUG00000011188	2	10
ENSHBUG00000011189	1	20
ENSHBUG00000011190	0	0
ENSHBUG00000011191	21	26
ENSHBUG00000011192	0	0
ENSHBUG00000011193	0	0
ENSHBUG00000011194	0	0
ENSHBUG00000011195	0	0
ENSHBUG00000011196	4	44
ENSHBUG00000011197	4	12
ENSHBUG00000011198	3	18
ENSHBUG00000011199	0	0
ENSHBUG00000011200	1	9
ENSHBUG00000011201	0	0
ENSHBUG00000011202	2	32
ENSHBUG00000011203	0	0
ENSHBUG00000011204	0	0
ENSHBUG00000011205	16	55
ENSHBUG00000011206	0	0
ENSHBUG00000011207	0	0
ENSHBUG00000011208	0	0
ENSHBUG00000011209	0	0
ENSHBUG00000011210	0	0
ENSHBUG00000011211	0	0
ENSHBUG00000011212	0	0
ENSHBUG00000011213	162	206
ENSHBUG00000011214	0	0
ENSHBUG00000011215	2	47
ENSHBUG00000011216	4	50
ENSHBUG00000011217	0	0
ENSHBUG00000011218	0	0
ENSHBUG00000011219	9	31
ENSHBUG00000011220	0	0
ENSHBUG00000011221	2	16
ENSHBUG00000011222	0	0
ENSHBUG00000011223	0	0
ENSHBUG00000011224	0	0
ENSHBUG00000011225	0	0
ENSHBUG00000011226	0	0
ENSHBUG00000011227	0	0
ENSHBUG00000011228	10	31
ENSHBUG00000011229	6	27
ENSHBUG00000011230	0	0
ENSHBUG00000011231	0	0
ENSHBUG00000011232	0	0
ENSHBUG00000011233	1	21
ENSHBUG00000011234	3	21
ENSHBUG00000011235	0	0
ENSHBUG00000011236	5	47
ENSHBUG00000011237	2	8
ENSHBUG00000011238	1	27
ENSHBUG00000011239	0	0
ENSHBUG00000011240	1	49
ENSHBUG00000011241	0	0
ENSHBUG00000011242	0	0
ENSHBUG00000011243	0	0
ENSHBUG00000011244	1	43
ENSHBUG00000011245	0	0
ENSHBUG00000011246	0	0
ENSHBUG00000011247	0	0
ENSHBUG00000011248	0	0
ENSHBUG00000011249	139	156
ENSHBUG00000011250	4	25
ENSHBUG00000011251	2	27
ENSHBUG00000011252	4	44
ENSHBUG00000011253	0	0
ENSHBUG00000011254	6	54
ENSHBUG00000011255	4	41
ENSHBUG00000011256	0	0
ENSHBUG00000011257	0	0
ENSHBUG00000011258	69	80
ENSHBUG00000011259	21	64
ENSHBUG00000011260	0	0
ENSHBUG00000011261	0	0
ENSHBUG00000011262	2	35
ENSHBUG00000011263	0	0
ENSHBUG00000011264	0	0
ENSHBUG00000011265	19	46
ENSHBUG00000011266	5	18
ENSHBUG00000011267	0	0
ENSHBUG00000011268	0	0
ENSHBUG00000011269	1	2
ENSHBUG00000011270	0	0
ENSHBUG00000011271	4	38
ENSHBUG00000011272	4	23
ENSHBUG00000011273	155	192
ENSHBUG00000011274	0	0
ENSHBUG00000011275	0	0
ENSHBUG00000011276	0	0
ENSHBUG00000011277	0	0
ENSHBUG00000011278	3	35
ENSHBUG00000011279	38	60
ENSHBUG00000011280	0	0
ENSHBUG00000011281	1	45
ENSHBUG00000011282	0	0
ENSHBUG00000011283	36	80
ENSHBUG00000011284	68	103
ENSHBUG00000011285	2	42
ENSHBUG00000011286	1901	1926
ENSHBUG00000011287	153	160
ENSHBUG00000011288	0	0
ENSHBUG00000011289	0	0
ENSHBUG00000011290	0	0
ENSHBUG00000011291	0	0
ENSHBUG00000011292	0	0
ENSHBUG00000011293	0	0
ENSHBUG00000011294	5	38
ENSHBUG00000011295	0	0
ENSHBUG00000011296	2	36
ENSHBUG00000011297	13	27
ENSHBUG00000011298	0	0
ENSHBUG00000011299	1	22
ENSHBUG00000011300	69	87
ENSHBUG00000011301	76	104
ENSHBUG00000011302	0	0
ENSHBUG00000011303	0	0
ENSHBUG00000011304	0	0
ENSHBUG00000011305	168	215
ENSHBUG00000011306	0	0
ENSHBUG00000011307	1	42
ENSHBUG00000011308	2	31
ENSHBUG00000011309	0	0
ENSHBUG00000011310	0	0
ENSHBUG00000011311	0	0
ENSHBUG00000011312	0	0
ENSHBUG00000011313	1	15
ENSHBUG00000011314	3	16
ENSHBUG00000011315	0	0
ENSHBUG00000011316	0	0
ENSHBUG00000011317	0	0
ENSHBUG00000011318	0	0
ENSHBUG00000011319	0	0
ENSHBUG00000011320	3	23
ENSHBUG00000011321	0	0
ENSHBUG00000011322	2	29
ENSHBUG00000011323	1	26
ENSHBUG00000011324	0	0
ENSHBUG00000011325	1	37
ENSHBUG00000011326	0	0
ENSHBUG00000011327	0	0
ENSHBUG00000011328	0	0
ENSHBUG00000011329	0	0
ENSHBUG00000011330	0	0
ENSHBUG00000011331	0	0
ENSHBUG00000011332	0	0
ENSHBUG00000011333	2	23
ENSHBUG00000011334	2	48
ENSHBUG00000011335	9	42
ENSHBUG00000011336	2	10
ENSHBUG00000011337	0	0
ENSHBUG00000011338	0	0
ENSHBUG00000011339	7	26
ENSHBUG00000011340	59	99
ENSHBUG00000011341	0	0
ENSHBUG00000011342	0	0
ENSHBUG00000011343	4	41
ENSHBUG00000011344	0	0
ENSHBUG00000011345	5	24
ENSHBUG00000011346	0	0
ENSHBUG00000011347	29	60
ENSHBUG00000011348	1	13
ENSHBUG00000011349	0	0
ENSHBUG00000011350	27	52
ENSHBUG00000011351	0	0
ENSHBUG00000011352	0	0
ENSHBUG00000011353	2	24
ENSHBUG00000011354	0	0
ENSHBUG00000011355	4	46
ENSHBUG00000011356	0	0
ENSHBUG00000011357	1	9
ENSHBUG00000011358	0	0
ENSHBUG00000011359	0	0
ENSHBUG00000011360	1	5
ENSHBUG00000011361	0	0
ENSHBUG00000011362	0	0
ENSHBUG00000011363	0	0
ENSHBUG00000011364	1	46
ENSHBUG00000011365	0	0
ENSHBUG00000011366	112	157
ENSHBUG00000011367	0	0
ENSHBUG00000011368	0	0
ENSHBUG00000011369	1	39
ENSHBUG00000011370	12	30
ENSHBUG00000011371	0	0
ENSHBUG00000011372	0	0
ENSHBUG00000011373	0	0
ENSHBUG00000011374	1	48
ENSHBUG00000011375	0	0
ENSHBUG00000011376	0	0
ENSHBUG00000011377	0	0
ENSHBUG00000011378	0	0
ENSHBUG00000011379	2	35
ENSHBUG00000011380	0	0
ENSHBUG00000011381	0	0
ENSHBUG00000011382	1	4
ENSHBUG00000011383	1	13
ENSHBUG00000011384	0	0
ENSHBUG00000011385	0	0
ENSHBUG00000011386	1	42
ENSHBUG00000011387	1	17
ENSHBUG00000011388	0	0
ENSHBUG00000011389	0	0
ENSHBUG00000011390	0	0
ENSHBUG00000011391	0	0
ENSHBUG00000011392	1	3
ENSHBUG00000011393	0	0
ENSHBUG00000011394	0	0
ENSHBUG00000011395	0	0
ENSHBUG00000011396	12	17
ENSHBUG00000011397	0	0
ENSHBUG00000011398	0	0
ENSHBUG00000011399	3	25
ENSHBUG00000011400	0	0
ENSHBUG00000011401	0	0
ENSHBUG00000011402	0	0
ENSHBUG00000011403	23	62
ENSHBUG00000011404	0	0
ENSHBUG00000011405	3	42
ENSHBUG00000011406	1	37
ENSHBUG00000011407	1	35
ENSHBUG00000011408	0	0
ENSHBUG00000011409	0	0
ENSHBUG00000011410	4	27
ENSHBUG00000011411	28	34
ENSHBUG00000011412	1	28
ENSHBUG00000011413	0	0
ENSHBUG00000011414	0	0
ENSHBUG00000011415	0	0
ENSHBUG00000011416	0	0
ENSHBUG00000011417	0	0
ENSHBUG00000011418	252	286
ENSHBUG00000011419	10	44
ENSHBUG00000011420	0	0
ENSHBUG00000011421	0	0
ENSHBUG00000011422	279	324
ENSHBUG00000011423	0	0
ENSHBUG00000011424	4	12
ENSHBUG00000011425	1	26
ENSHBUG00000011426	0	0
ENSHBUG00000011427	1	16
ENSHBUG00000011428	33	47
ENSHBUG00000011429	3	20
ENSHBUG00000011430	0	0
ENSHBUG00000011431	0	0
ENSHBUG00000011432	3	25
ENSHBUG00000011433	74	92
ENSHBUG00000011434	1	24
ENSHBUG00000011435	1	15
ENSHBUG00000011436	0	0
ENSHBUG00000011437	0	0
ENSHBUG00000011438	3	4
ENSHBUG00000011439	1	40
ENSHBUG00000011440	29	50
ENSHBUG00000011441	6	19
ENSHBUG00000011442	1	22
ENSHBUG00000011443	3	19
ENSHBUG00000011444	0	0
ENSHBUG00000011445	0	0
ENSHBUG00000011446	1	32
ENSHBUG00000011447	0	0
ENSHBUG00000011448	0	0
ENSHBUG00000011449	6	17
ENSHBUG00000011450	3	12
ENSHBUG00000011451	1	36
ENSHBUG00000011452	0	0
ENSHBUG00000011453	8	55
ENSHBUG00000011454	0	0
ENSHBUG00000011455	70	91
ENSHBUG00000011456	0	0
ENSHBUG00000011457	1	26
ENSHBUG00000011458	1	26
ENSHBUG00000011459	821	850
ENSHBUG00000011460	0	0
ENSHBUG00000011461	301	303
ENSHBUG00000011462	0	0
ENSHBUG00000011463	4	44
ENSHBUG00000011464	0	0
ENSHBUG00000011465	445	477
ENSHBUG00000011466	27	55
ENSHBUG00000011467	7	24
ENSHBUG00000011468	0	0
ENSHBUG00000011469	1	35
ENSHBUG00000011470	0	0
ENSHBUG00000011471	0	0
ENSHBUG00000011472	0	0
ENSHBUG00000011473	19	24
ENSHBUG00000011474	30	36
ENSHBUG00000011475	1	10
ENSHBUG00000011476	52	91
ENSHBUG00000011477	0	0
ENSHBUG00000011478	2	28
ENSHBUG00000011479	0	0
ENSHBUG00000011480	0	0
ENSHBUG00000011481	5	23
ENSHBUG00000011482	0	0
ENSHBUG00000011483	5	49
ENSHBUG00000011484	1	5
ENSHBUG00000011485	3	39
ENSHBUG00000011486	2	47
ENSHBUG00000011487	0	0
ENSHBUG00000011488	0	0
ENSHBUG00000011489	4	11
ENSHBUG00000011490	1	30
ENSHBUG00000011491	3	36
ENSHBUG00000011492	0	0
ENSHBUG00000011493	0	0
ENSHBUG00000011494	0	0
ENSHBUG00000011495	37	57
ENSHBUG00000011496	0	0
ENSHBUG00000011497	0	0
ENSHBUG00000011498	0	0
ENSHBUG00000011499	0	0
ENSHBUG00000011500	0	0
ENSHBUG00000011501	0	0
ENSHBUG00000011502	0	0
ENSHBUG00000011503	5	43
ENSHBUG00000011504	0	0
ENSHBUG00000011505	0	0
ENSHBUG00000011506	0	0
ENSHBUG00000011507	0	0
ENSHBUG00000011508	0	0
ENSHBUG00000011509	158	169
ENSHBUG00000011510	0	0
ENSHBUG00000011511	0	0
ENSHBUG00000011512	13	61
ENSHBUG00000011513	1	41
ENSHBUG00000011514	0	0
ENSHBUG00000011515	0	0
ENSHBUG00000011516	0	0
ENSHBUG00000011517	0	0
ENSHBUG00000011518	3	16
ENSHBUG00000011519	0	0
ENSHBUG00000011520	0	0
ENSHBUG00000011521	0	0
ENSHBUG00000011522	0	0
ENSHBUG00000011523	235	263
ENSHBUG00000011524	0	0
ENSHBUG00000011525	0	0
ENSHBUG00000011526	0	0
ENSHBUG00000011527	4	26
ENSHBUG00000011528	0	0
ENSHBUG00000011529	0	0
ENSHBUG00000011530	0	0
ENSHBUG00000011531	2	34
ENSHBUG00000011532	1	23
ENSHBUG00000011533	0	0
ENSHBUG00000011534	0	0
ENSHBUG00000011535	0	0
ENSHBUG00000011536	1	42
ENSHBUG00000011537	3	45
ENSHBUG00000011538	2	12
ENSHBUG00000011539	10	22
ENSHBUG00000011540	0	0
ENSHBUG00000011541	0	0
ENSHBUG00000011542	1	14
ENSHBUG00000011543	0	0
ENSHBUG00000011544	0	0
ENSHBUG00000011545	148	168
ENSHBUG00000011546	0	0
ENSHBUG00000011547	0	0
ENSHBUG00000011548	0	0
ENSHBUG00000011549	1	13
ENSHBUG00000011550	0	0
ENSHBUG00000011551	0	0
ENSHBUG00000011552	3	40
ENSHBUG00000011553	2	9
ENSHBUG00000011554	0	0
ENSHBUG00000011555	0	0
ENSHBUG00000011556	0	0
ENSHBUG00000011557	0	0
ENSHBUG00000011558	10	38
ENSHBUG00000011559	313	328
ENSHBUG00000011560	183	229
ENSHBUG00000011561	1	27
ENSHBUG00000011562	3	11
ENSHBUG00000011563	0	0
ENSHBUG00000011564	0	0
ENSHBUG00000011565	11	39
ENSHBUG00000011566	2	27
ENSHBUG00000011567	0	0
ENSHBUG00000011568	1	2
ENSHBUG00000011569	0	0
ENSHBUG00000011570	0	0
ENSHBUG00000011571	0	0
ENSHBUG00000011572	0	0
ENSHBUG00000011573	300	319
ENSHBUG00000011574	5	51
ENSHBUG00000011575	10	39
ENSHBUG00000011576	0	0
ENSHBUG00000011577	0	0
ENSHBUG00000011578	0	0
ENSHBUG00000011579	0	0
ENSHBUG00000011580	0	0
ENSHBUG00000011581	0	0
ENSHBUG00000011582	0	0
ENSHBUG00000011583	1	49
ENSHBUG00000011584	61	97
ENSHBUG00000011585	0	0
ENSHBUG00000011586	1	49
ENSHBUG00000011587	0	0
ENSHBUG00000011588	0	0
ENSHBUG00000011589	0	0
ENSHBUG00000011590	0	0
ENSHBUG00000011591	0	0
ENSHBUG00000011592	0	0
ENSHBUG00000011593	22	69
ENSHBUG00000011594	1	38
ENSHBUG00000011595	0	0
ENSHBUG00000011596	1	5
ENSHBUG00000011597	0	0
ENSHBUG00000011598	4	14
ENSHBUG00000011599	0	0
ENSHBUG00000011600	3	42
ENSHBUG00000011601	0	0
ENSHBUG00000011602	0	0
ENSHBUG00000011603	0	0
ENSHBUG00000011604	1	32
ENSHBUG00000011605	9	36
ENSHBUG00000011606	1	39
ENSHBUG00000011607	0	0
ENSHBUG00000011608	46	83
ENSHBUG00000011609	0	0
ENSHBUG00000011610	0	0
ENSHBUG00000011611	1	42
ENSHBUG00000011612	149	163
ENSHBUG00000011613	1	39
ENSHBUG00000011614	0	0
ENSHBUG00000011615	1	24
ENSHBUG00000011616	0	0
ENSHBUG00000011617	1	16
ENSHBUG00000011618	6	30
ENSHBUG00000011619	0	0
ENSHBUG00000011620	0	0
ENSHBUG00000011621	0	0
ENSHBUG00000011622	71	77
ENSHBUG00000011623	0	0
ENSHBUG00000011624	0	0
ENSHBUG00000011625	3	26
ENSHBUG00000011626	1	7
ENSHBUG00000011627	3	25
ENSHBUG00000011628	0	0
ENSHBUG00000011629	1	12
ENSHBUG00000011630	9	16
ENSHBUG00000011631	0	0
ENSHBUG00000011632	0	0
ENSHBUG00000011633	0	0
ENSHBUG00000011634	0	0
ENSHBUG00000011635	1	20
ENSHBUG00000011636	0	0
ENSHBUG00000011637	0	0
ENSHBUG00000011638	0	0
ENSHBUG00000011639	18	60
ENSHBUG00000011640	1	44
ENSHBUG00000011641	0	0
ENSHBUG00000011642	0	0
ENSHBUG00000011643	0	0
ENSHBUG00000011644	0	0
ENSHBUG00000011645	0	0
ENSHBUG00000011646	3	42
ENSHBUG00000011647	0	0
ENSHBUG00000011648	93	124
ENSHBUG00000011649	0	0
ENSHBUG00000011650	1	39
ENSHBUG00000011651	0	0
ENSHBUG00000011652	0	0
ENSHBUG00000011653	2	22
ENSHBUG00000011654	3	12
ENSHBUG00000011655	1	9
ENSHBUG00000011656	0	0
ENSHBUG00000011657	4	6
ENSHBUG00000011658	0	0
ENSHBUG00000011659	1	22
ENSHBUG00000011660	0	0
ENSHBUG00000011661	1	16
ENSHBUG00000011662	0	0
ENSHBUG00000011663	1	5
ENSHBUG00000011664	2	8
ENSHBUG00000011665	10	19
ENSHBUG00000011666	0	0
ENSHBUG00000011667	6	16
ENSHBUG00000011668	3	27
ENSHBUG00000011669	1	38
ENSHBUG00000011670	0	0
ENSHBUG00000011671	0	0
ENSHBUG00000011672	0	0
ENSHBUG00000011673	15	36
ENSHBUG00000011674	0	0
ENSHBUG00000011675	4	47
ENSHBUG00000011676	2	27
ENSHBUG00000011677	1	37
ENSHBUG00000011678	5	37
ENSHBUG00000011679	0	0
ENSHBUG00000011680	3	33
ENSHBUG00000011681	0	0
ENSHBUG00000011682	0	0
ENSHBUG00000011683	8	23
ENSHBUG00000011684	1	40
ENSHBUG00000011685	0	0
ENSHBUG00000011686	0	0
ENSHBUG00000011687	0	0
ENSHBUG00000011688	1	20
ENSHBUG00000011689	0	0
ENSHBUG00000011690	0	0
ENSHBUG00000011691	13	49
ENSHBUG00000011692	2	33
ENSHBUG00000011693	0	0
ENSHBUG00000011694	0	0
ENSHBUG00000011695	359	395
ENSHBUG00000011696	0	0
ENSHBUG00000011697	57	69
ENSHBUG00000011698	0	0
ENSHBUG00000011699	0	0
ENSHBUG00000011700	3	10
ENSHBUG00000011701	0	0
ENSHBUG00000011702	0	0
ENSHBUG00000011703	0	0
ENSHBUG00000011704	0	0
ENSHBUG00000011705	0	0
ENSHBUG00000011706	0	0
ENSHBUG00000011707	0	0
ENSHBUG00000011708	1	14
ENSHBUG00000011709	1	15
ENSHBUG00000011710	15	22
ENSHBUG00000011711	20	40
ENSHBUG00000011712	2	50
ENSHBUG00000011713	0	0
ENSHBUG00000011714	0	0
ENSHBUG00000011715	5	16
ENSHBUG00000011716	10	49
ENSHBUG00000011717	1	21
ENSHBUG00000011718	27	74
ENSHBUG00000011719	0	0
ENSHBUG00000011720	0	0
ENSHBUG00000011721	0	0
ENSHBUG00000011722	0	0
ENSHBUG00000011723	0	0
ENSHBUG00000011724	3	31
ENSHBUG00000011725	0	0
ENSHBUG00000011726	0	0
ENSHBUG00000011727	4	39
ENSHBUG00000011728	3	9
ENSHBUG00000011729	0	0
ENSHBUG00000011730	1	23
ENSHBUG00000011731	2	41
ENSHBUG00000011732	4	7
ENSHBUG00000011733	1	2
ENSHBUG00000011734	0	0
ENSHBUG00000011735	1	27
ENSHBUG00000011736	4	28
ENSHBUG00000011737	0	0
ENSHBUG00000011738	0	0
ENSHBUG00000011739	0	0
ENSHBUG00000011740	0	0
ENSHBUG00000011741	0	0
ENSHBUG00000011742	18	26
ENSHBUG00000011743	16	61
ENSHBUG00000011744	1	23
ENSHBUG00000011745	0	0
ENSHBUG00000011746	6	46
ENSHBUG00000011747	1	7
ENSHBUG00000011748	0	0
ENSHBUG00000011749	0	0
ENSHBUG00000011750	0	0
ENSHBUG00000011751	0	0
ENSHBUG00000011752	0	0
ENSHBUG00000011753	174	197
ENSHBUG00000011754	2	50
ENSHBUG00000011755	4	52
ENSHBUG00000011756	2	28
ENSHBUG00000011757	0	0
ENSHBUG00000011758	0	0
ENSHBUG00000011759	74	91
ENSHBUG00000011760	0	0
ENSHBUG00000011761	0	0
ENSHBUG00000011762	0	0
ENSHBUG00000011763	0	0
ENSHBUG00000011764	0	0
ENSHBUG00000011765	2	6
ENSHBUG00000011766	0	0
ENSHBUG00000011767	1959	1992
ENSHBUG00000011768	4	19
ENSHBUG00000011769	0	0
ENSHBUG00000011770	0	0
ENSHBUG00000011771	0	0
ENSHBUG00000011772	0	0
ENSHBUG00000011773	0	0
ENSHBUG00000011774	1	28
ENSHBUG00000011775	0	0
ENSHBUG00000011776	0	0
ENSHBUG00000011777	0	0
ENSHBUG00000011778	0	0
ENSHBUG00000011779	42	78
ENSHBUG00000011780	0	0
ENSHBUG00000011781	0	0
ENSHBUG00000011782	5	28
ENSHBUG00000011783	0	0
ENSHBUG00000011784	0	0
ENSHBUG00000011785	0	0
ENSHBUG00000011786	0	0
ENSHBUG00000011787	0	0
ENSHBUG00000011788	0	0
ENSHBUG00000011789	2	18
ENSHBUG00000011790	0	0
ENSHBUG00000011791	1	45
ENSHBUG00000011792	3	4
ENSHBUG00000011793	96	105
ENSHBUG00000011794	140	156
ENSHBUG00000011795	1	49
ENSHBUG00000011796	59	105
ENSHBUG00000011797	0	0
ENSHBUG00000011798	1	45
ENSHBUG00000011799	0	0
ENSHBUG00000011800	0	0
ENSHBUG00000011801	0	0
ENSHBUG00000011802	2	29
ENSHBUG00000011803	1	38
ENSHBUG00000011804	0	0
ENSHBUG00000011805	0	0
ENSHBUG00000011806	5	50
ENSHBUG00000011807	0	0
ENSHBUG00000011808	0	0
ENSHBUG00000011809	0	0
ENSHBUG00000011810	176	205
ENSHBUG00000011811	4	11
ENSHBUG00000011812	0	0
ENSHBUG00000011813	6	23
ENSHBUG00000011814	3	7
ENSHBUG00000011815	0	0
ENSHBUG00000011816	14	59
ENSHBUG00000011817	0	0
ENSHBUG00000011818	1	15
ENSHBUG00000011819	0	0
ENSHBUG00000011820	0	0
ENSHBUG00000011821	0	0
ENSHBUG00000011822	0	0
ENSHBUG00000011823	149	168
ENSHBUG00000011824	3	6
ENSHBUG00000011825	0	0
ENSHBUG00000011826	2	46
ENSHBUG00000011827	4	42
ENSHBUG00000011828	5	6
ENSHBUG00000011829	0	0
ENSHBUG00000011830	1	33
ENSHBUG00000011831	2	5
ENSHBUG00000011832	0	0
ENSHBUG00000011833	138	146
ENSHBUG00000011834	0	0
ENSHBUG00000011835	0	0
ENSHBUG00000011836	0	0
ENSHBUG00000011837	0	0
ENSHBUG00000011838	0	0
ENSHBUG00000011839	0	0
ENSHBUG00000011840	0	0
ENSHBUG00000011841	7	21
ENSHBUG00000011842	48	58
ENSHBUG00000011843	0	0
ENSHBUG00000011844	7	33
ENSHBUG00000011845	0	0
ENSHBUG00000011846	4	6
ENSHBUG00000011847	0	0
ENSHBUG00000011848	0	0
ENSHBUG00000011849	0	0
ENSHBUG00000011850	0	0
ENSHBUG00000011851	1	16
ENSHBUG00000011852	0	0
ENSHBUG00000011853	0	0
ENSHBUG00000011854	0	0
ENSHBUG00000011855	1	37
ENSHBUG00000011856	132	172
ENSHBUG00000011857	0	0
ENSHBUG00000011858	0	0
ENSHBUG00000011859	5	42
ENSHBUG00000011860	20	29
ENSHBUG00000011861	0	0
ENSHBUG00000011862	0	0
ENSHBUG00000011863	0	0
ENSHBUG00000011864	9	38
ENSHBUG00000011865	1	29
ENSHBUG00000011866	4	36
ENSHBUG00000011867	6	15
ENSHBUG00000011868	2	23
ENSHBUG00000011869	2	31
ENSHBUG00000011870	0	0
ENSHBUG00000011871	0	0
ENSHBUG00000011872	0	0
ENSHBUG00000011873	0	0
ENSHBUG00000011874	0	0
ENSHBUG00000011875	2	16
ENSHBUG00000011876	0	0
ENSHBUG00000011877	0	0
ENSHBUG00000011878	0	0
ENSHBUG00000011879	1	17
ENSHBUG00000011880	0	0
ENSHBUG00000011881	0	0
ENSHBUG00000011882	12	14
ENSHBUG00000011883	0	0
ENSHBUG00000011884	0	0
ENSHBUG00000011885	0	0
ENSHBUG00000011886	0	0
ENSHBUG00000011887	0	0
ENSHBUG00000011888	0	0
ENSHBUG00000011889	299	321
ENSHBUG00000011890	0	0
ENSHBUG00000011891	4	45
ENSHBUG00000011892	77	79
ENSHBUG00000011893	0	0
ENSHBUG00000011894	0	0
ENSHBUG00000011895	0	0
ENSHBUG00000011896	506	552
ENSHBUG00000011897	0	0
ENSHBUG00000011898	0	0
ENSHBUG00000011899	3	26
ENSHBUG00000011900	1	5
ENSHBUG00000011901	0	0
ENSHBUG00000011902	2	11
ENSHBUG00000011903	0	0
ENSHBUG00000011904	0	0
ENSHBUG00000011905	1	33
ENSHBUG00000011906	45	72
ENSHBUG00000011907	0	0
ENSHBUG00000011908	0	0
ENSHBUG00000011909	1	32
ENSHBUG00000011910	3	38
ENSHBUG00000011911	0	0
ENSHBUG00000011912	6	28
ENSHBUG00000011913	0	0
ENSHBUG00000011914	0	0
ENSHBUG00000011915	1	10
ENSHBUG00000011916	0	0
ENSHBUG00000011917	0	0
ENSHBUG00000011918	0	0
ENSHBUG00000011919	3	31
ENSHBUG00000011920	0	0
ENSHBUG00000011921	3	5
ENSHBUG00000011922	2	47
ENSHBUG00000011923	0	0
ENSHBUG00000011924	0	0
ENSHBUG00000011925	0	0
ENSHBUG00000011926	0	0
ENSHBUG00000011927	0	0
ENSHBUG00000011928	76	84
ENSHBUG00000011929	0	0
ENSHBUG00000011930	0	0
ENSHBUG00000011931	451	490
ENSHBUG00000011932	2	3
ENSHBUG00000011933	0	0
ENSHBUG00000011934	0	0
ENSHBUG00000011935	48	89
ENSHBUG00000011936	0	0
ENSHBUG00000011937	1	12
ENSHBUG00000011938	0	0
ENSHBUG00000011939	0	0
ENSHBUG00000011940	0	0
ENSHBUG00000011941	1	48
ENSHBUG00000011942	0	0
ENSHBUG00000011943	3	4
ENSHBUG00000011944	202	215
ENSHBUG00000011945	0	0
ENSHBUG00000011946	16	24
ENSHBUG00000011947	2	32
ENSHBUG00000011948	0	0
ENSHBUG00000011949	2	42
ENSHBUG00000011950	0	0
ENSHBUG00000011951	3	18
ENSHBUG00000011952	0	0
ENSHBUG00000011953	0	0
ENSHBUG00000011954	0	0
ENSHBUG00000011955	2	3
ENSHBUG00000011956	1	16
ENSHBUG00000011957	2	22
ENSHBUG00000011958	0	0
ENSHBUG00000011959	16	23
ENSHBUG00000011960	145	152
ENSHBUG00000011961	0	0
ENSHBUG00000011962	0	0
ENSHBUG00000011963	0	0
ENSHBUG00000011964	2	16
ENSHBUG00000011965	345	392
ENSHBUG00000011966	0	0
ENSHBUG00000011967	17	54
ENSHBUG00000011968	0	0
ENSHBUG00000011969	3	21
ENSHBUG00000011970	1	8
ENSHBUG00000011971	0	0
ENSHBUG00000011972	1	32
ENSHBUG00000011973	1	29
ENSHBUG00000011974	0	0
ENSHBUG00000011975	0	0
ENSHBUG00000011976	0	0
ENSHBUG00000011977	1	7
ENSHBUG00000011978	0	0
ENSHBUG00000011979	0	0
ENSHBUG00000011980	7	43
ENSHBUG00000011981	0	0
ENSHBUG00000011982	415	424
ENSHBUG00000011983	14	50
ENSHBUG00000011984	0	0
ENSHBUG00000011985	0	0
ENSHBUG00000011986	155	191
ENSHBUG00000011987	0	0
ENSHBUG00000011988	3	11
ENSHBUG00000011989	0	0
ENSHBUG00000011990	0	0
ENSHBUG00000011991	0	0
ENSHBUG00000011992	0	0
ENSHBUG00000011993	0	0
ENSHBUG00000011994	0	0
ENSHBUG00000011995	1	43
ENSHBUG00000011996	2	6
ENSHBUG00000011997	0	0
ENSHBUG00000011998	0	0
ENSHBUG00000011999	1	30
ENSHBUG00000012000	1	7
ENSHBUG00000012001	1	23
ENSHBUG00000012002	828	847
ENSHBUG00000012003	0	0
ENSHBUG00000012004	1	5
ENSHBUG00000012005	2	25
ENSHBUG00000012006	0	0
ENSHBUG00000012007	0	0
ENSHBUG00000012008	0	0
ENSHBUG00000012009	189	198
ENSHBUG00000012010	1	21
ENSHBUG00000012011	9	29
ENSHBUG00000012012	1	16
ENSHBUG00000012013	3	11
ENSHBUG00000012014	0	0
ENSHBUG00000012015	1	36
ENSHBUG00000012016	1	47
ENSHBUG00000012017	0	0
ENSHBUG00000012018	0	0
ENSHBUG00000012019	3	38
ENSHBUG00000012020	1	38
ENSHBUG00000012021	30	63
ENSHBUG00000012022	0	0
ENSHBUG00000012023	0	0
ENSHBUG00000012024	0	0
ENSHBUG00000012025	1	44
ENSHBUG00000012026	259	268
ENSHBUG00000012027	2	18
ENSHBUG00000012028	0	0
ENSHBUG00000012029	0	0
ENSHBUG00000012030	1	7
ENSHBUG00000012031	3	17
ENSHBUG00000012032	0	0
ENSHBUG00000012033	0	0
ENSHBUG00000012034	92	96
ENSHBUG00000012035	1	32
ENSHBUG00000012036	2	7
ENSHBUG00000012037	0	0
ENSHBUG00000012038	0	0
ENSHBUG00000012039	1	41
ENSHBUG00000012040	2	46
ENSHBUG00000012041	6	18
ENSHBUG00000012042	0	0
ENSHBUG00000012043	16	37
ENSHBUG00000012044	4	46
ENSHBUG00000012045	0	0
ENSHBUG00000012046	0	0
ENSHBUG00000012047	1	35
ENSHBUG00000012048	1	18
ENSHBUG00000012049	0	0
ENSHBUG00000012050	1	4
ENSHBUG00000012051	0	0
ENSHBUG00000012052	33	46
ENSHBUG00000012053	0	0
ENSHBUG00000012054	11	46
ENSHBUG00000012055	3	23
ENSHBUG00000012056	0	0
ENSHBUG00000012057	1	10
ENSHBUG00000012058	0	0
ENSHBUG00000012059	0	0
ENSHBUG00000012060	0	0
ENSHBUG00000012061	0	0
ENSHBUG00000012062	0	0
ENSHBUG00000012063	0	0
ENSHBUG00000012064	1	13
ENSHBUG00000012065	57	73
ENSHBUG00000012066	8	54
ENSHBUG00000012067	15	53
ENSHBUG00000012068	3	51
ENSHBUG00000012069	0	0
ENSHBUG00000012070	0	0
ENSHBUG00000012071	0	0
ENSHBUG00000012072	0	0
ENSHBUG00000012073	0	0
ENSHBUG00000012074	0	0
ENSHBUG00000012075	0	0
ENSHBUG00000012076	0	0
ENSHBUG00000012077	1	42
ENSHBUG00000012078	17	25
ENSHBUG00000012079	217	258
ENSHBUG00000012080	0	0
ENSHBUG00000012081	1	34
ENSHBUG00000012082	1	29
ENSHBUG00000012083	1	43
ENSHBUG00000012084	3	23
ENSHBUG00000012085	1	45
ENSHBUG00000012086	1	3
ENSHBUG00000012087	2	10
ENSHBUG00000012088	0	0
ENSHBUG00000012089	4	22
ENSHBUG00000012090	0	0
ENSHBUG00000012091	0	0
ENSHBUG00000012092	0	0
ENSHBUG00000012093	1	34
ENSHBUG00000012094	16	38
ENSHBUG00000012095	0	0
ENSHBUG00000012096	0	0
ENSHBUG00000012097	248	257
ENSHBUG00000012098	0	0
ENSHBUG00000012099	0	0
ENSHBUG00000012100	7	50
ENSHBUG00000012101	0	0
ENSHBUG00000012102	1	6
ENSHBUG00000012103	0	0
ENSHBUG00000012104	0	0
ENSHBUG00000012105	4	28
ENSHBUG00000012106	2	9
ENSHBUG00000012107	0	0
ENSHBUG00000012108	0	0
ENSHBUG00000012109	0	0
ENSHBUG00000012110	0	0
ENSHBUG00000012111	0	0
ENSHBUG00000012112	165	206
ENSHBUG00000012113	0	0
ENSHBUG00000012114	1	2
ENSHBUG00000012115	3	5
ENSHBUG00000012116	0	0
ENSHBUG00000012117	0	0
ENSHBUG00000012118	1	8
ENSHBUG00000012119	3	46
ENSHBUG00000012120	0	0
ENSHBUG00000012121	0	0
ENSHBUG00000012122	1	49
ENSHBUG00000012123	5	31
ENSHBUG00000012124	1	29
ENSHBUG00000012125	145	148
ENSHBUG00000012126	0	0
ENSHBUG00000012127	0	0
ENSHBUG00000012128	0	0
ENSHBUG00000012129	0	0
ENSHBUG00000012130	3	8
ENSHBUG00000012131	0	0
ENSHBUG00000012132	0	0
ENSHBUG00000012133	0	0
ENSHBUG00000012134	92	129
ENSHBUG00000012135	1	24
ENSHBUG00000012136	2	12
ENSHBUG00000012137	190	199
ENSHBUG00000012138	826	863
ENSHBUG00000012139	0	0
ENSHBUG00000012140	0	0
ENSHBUG00000012141	229	245
ENSHBUG00000012142	0	0
ENSHBUG00000012143	0	0
ENSHBUG00000012144	4	24
ENSHBUG00000012145	1	3
ENSHBUG00000012146	0	0
ENSHBUG00000012147	0	0
ENSHBUG00000012148	1	40
ENSHBUG00000012149	0	0
ENSHBUG00000012150	0	0
ENSHBUG00000012151	2	34
ENSHBUG00000012152	6	54
ENSHBUG00000012153	0	0
ENSHBUG00000012154	1	32
ENSHBUG00000012155	0	0
ENSHBUG00000012156	0	0
ENSHBUG00000012157	0	0
ENSHBUG00000012158	0	0
ENSHBUG00000012159	5	10
ENSHBUG00000012160	0	0
ENSHBUG00000012161	11	41
ENSHBUG00000012162	82	87
ENSHBUG00000012163	14	61
ENSHBUG00000012164	0	0
ENSHBUG00000012165	54	88
ENSHBUG00000012166	1	13
ENSHBUG00000012167	0	0
ENSHBUG00000012168	0	0
ENSHBUG00000012169	0	0
ENSHBUG00000012170	0	0
ENSHBUG00000012171	0	0
ENSHBUG00000012172	0	0
ENSHBUG00000012173	0	0
ENSHBUG00000012174	4	10
ENSHBUG00000012175	0	0
ENSHBUG00000012176	0	0
ENSHBUG00000012177	0	0
ENSHBUG00000012178	0	0
ENSHBUG00000012179	0	0
ENSHBUG00000012180	8	32
ENSHBUG00000012181	0	0
ENSHBUG00000012182	6	27
ENSHBUG00000012183	0	0
ENSHBUG00000012184	1	3
ENSHBUG00000012185	0	0
ENSHBUG00000012186	32	61
ENSHBUG00000012187	1	32
ENSHBUG00000012188	0	0
ENSHBUG00000012189	0	0
ENSHBUG00000012190	0	0
ENSHBUG00000012191	1	29
ENSHBUG00000012192	2	25
ENSHBUG00000012193	0	0
ENSHBUG00000012194	3	4
ENSHBUG00000012195	2	39
ENSHBUG00000012196	0	0
ENSHBUG00000012197	0	0
ENSHBUG00000012198	0	0
ENSHBUG00000012199	0	0
ENSHBUG00000012200	2	21
ENSHBUG00000012201	0	0
ENSHBUG00000012202	0	0
ENSHBUG00000012203	0	0
ENSHBUG00000012204	1	25
ENSHBUG00000012205	0	0
ENSHBUG00000012206	3	26
ENSHBUG00000012207	51	69
ENSHBUG00000012208	2	41
ENSHBUG00000012209	0	0
ENSHBUG00000012210	10596	10619
ENSHBUG00000012211	0	0
ENSHBUG00000012212	3	12
ENSHBUG00000012213	1	40
ENSHBUG00000012214	0	0
ENSHBUG00000012215	4	41
ENSHBUG00000012216	0	0
ENSHBUG00000012217	1	36
ENSHBUG00000012218	0	0
ENSHBUG00000012219	317	332
ENSHBUG00000012220	1	38
ENSHBUG00000012221	538	541
ENSHBUG00000012222	4	33
ENSHBUG00000012223	10	40
ENSHBUG00000012224	5	38
ENSHBUG00000012225	0	0
ENSHBUG00000012226	0	0
ENSHBUG00000012227	17	21
ENSHBUG00000012228	0	0
ENSHBUG00000012229	4	33
ENSHBUG00000012230	0	0
ENSHBUG00000012231	2	50
ENSHBUG00000012232	0	0
ENSHBUG00000012233	305	317
ENSHBUG00000012234	419	425
ENSHBUG00000012235	530	538
ENSHBUG00000012236	249	292
ENSHBUG00000012237	0	0
ENSHBUG00000012238	456	497
ENSHBUG00000012239	0	0
ENSHBUG00000012240	2	19
ENSHBUG00000012241	1	32
ENSHBUG00000012242	0	0
ENSHBUG00000012243	0	0
ENSHBUG00000012244	0	0
ENSHBUG00000012245	1	34
ENSHBUG00000012246	2	50
ENSHBUG00000012247	0	0
ENSHBUG00000012248	0	0
ENSHBUG00000012249	0	0
ENSHBUG00000012250	1	42
ENSHBUG00000012251	3	4
ENSHBUG00000012252	0	0
ENSHBUG00000012253	1	38
ENSHBUG00000012254	1	26
ENSHBUG00000012255	22	59
ENSHBUG00000012256	0	0
ENSHBUG00000012257	0	0
ENSHBUG00000012258	0	0
ENSHBUG00000012259	3	22
ENSHBUG00000012260	0	0
ENSHBUG00000012261	0	0
ENSHBUG00000012262	18	44
ENSHBUG00000012263	0	0
ENSHBUG00000012264	0	0
ENSHBUG00000012265	0	0
ENSHBUG00000012266	1	2
ENSHBUG00000012267	3	29
ENSHBUG00000012268	3	7
ENSHBUG00000012269	0	0
ENSHBUG00000012270	0	0
ENSHBUG00000012271	6	16
ENSHBUG00000012272	120	130
ENSHBUG00000012273	0	0
ENSHBUG00000012274	1	38
ENSHBUG00000012275	0	0
ENSHBUG00000012276	38	58
ENSHBUG00000012277	1	30
ENSHBUG00000012278	0	0
ENSHBUG00000012279	0	0
ENSHBUG00000012280	0	0
ENSHBUG00000012281	996	1007
ENSHBUG00000012282	205	243
ENSHBUG00000012283	0	0
ENSHBUG00000012284	0	0
ENSHBUG00000012285	0	0
ENSHBUG00000012286	7	44
ENSHBUG00000012287	0	0
ENSHBUG00000012288	2	40
ENSHBUG00000012289	0	0
ENSHBUG00000012290	0	0
ENSHBUG00000012291	1	40
ENSHBUG00000012292	0	0
ENSHBUG00000012293	1	45
ENSHBUG00000012294	0	0
ENSHBUG00000012295	23	43
ENSHBUG00000012296	0	0
ENSHBUG00000012297	0	0
ENSHBUG00000012298	0	0
ENSHBUG00000012299	0	0
ENSHBUG00000012300	0	0
ENSHBUG00000012301	3	39
ENSHBUG00000012302	0	0
ENSHBUG00000012303	30	65
ENSHBUG00000012304	0	0
ENSHBUG00000012305	5	42
ENSHBUG00000012306	3	37
ENSHBUG00000012307	1	16
ENSHBUG00000012308	2	5
ENSHBUG00000012309	0	0
ENSHBUG00000012310	0	0
ENSHBUG00000012311	0	0
ENSHBUG00000012312	0	0
ENSHBUG00000012313	1	24
ENSHBUG00000012314	0	0
ENSHBUG00000012315	0	0
ENSHBUG00000012316	0	0
ENSHBUG00000012317	4	24
ENSHBUG00000012318	0	0
ENSHBUG00000012319	786	810
ENSHBUG00000012320	0	0
ENSHBUG00000012321	0	0
ENSHBUG00000012322	0	0
ENSHBUG00000012323	0	0
ENSHBUG00000012324	0	0
ENSHBUG00000012325	1	12
ENSHBUG00000012326	0	0
ENSHBUG00000012327	0	0
ENSHBUG00000012328	0	0
ENSHBUG00000012329	0	0
ENSHBUG00000012330	36	50
ENSHBUG00000012331	11	54
ENSHBUG00000012332	2	36
ENSHBUG00000012333	0	0
ENSHBUG00000012334	5	37
ENSHBUG00000012335	0	0
ENSHBUG00000012336	11	23
ENSHBUG00000012337	0	0
ENSHBUG00000012338	0	0
ENSHBUG00000012339	0	0
ENSHBUG00000012340	1	26
ENSHBUG00000012341	0	0
ENSHBUG00000012342	0	0
ENSHBUG00000012343	3	50
ENSHBUG00000012344	1	49
ENSHBUG00000012345	1	6
ENSHBUG00000012346	0	0
ENSHBUG00000012347	0	0
ENSHBUG00000012348	0	0
ENSHBUG00000012349	44	66
ENSHBUG00000012350	0	0
ENSHBUG00000012351	0	0
ENSHBUG00000012352	3	34
ENSHBUG00000012353	0	0
ENSHBUG00000012354	0	0
ENSHBUG00000012355	1	2
ENSHBUG00000012356	0	0
ENSHBUG00000012357	0	0
ENSHBUG00000012358	3	48
ENSHBUG00000012359	0	0
ENSHBUG00000012360	0	0
ENSHBUG00000012361	0	0
ENSHBUG00000012362	0	0
ENSHBUG00000012363	0	0
ENSHBUG00000012364	0	0
ENSHBUG00000012365	0	0
ENSHBUG00000012366	0	0
ENSHBUG00000012367	0	0
ENSHBUG00000012368	0	0
ENSHBUG00000012369	3	10
ENSHBUG00000012370	0	0
ENSHBUG00000012371	0	0
ENSHBUG00000012372	0	0
ENSHBUG00000012373	0	0
ENSHBUG00000012374	0	0
ENSHBUG00000012375	1	28
ENSHBUG00000012376	0	0
ENSHBUG00000012377	0	0
ENSHBUG00000012378	3	49
ENSHBUG00000012379	1	28
ENSHBUG00000012380	0	0
ENSHBUG00000012381	0	0
ENSHBUG00000012382	0	0
ENSHBUG00000012383	3	27
ENSHBUG00000012384	0	0
ENSHBUG00000012385	25	56
ENSHBUG00000012386	93	137
ENSHBUG00000012387	6	23
ENSHBUG00000012388	0	0
ENSHBUG00000012389	542	567
ENSHBUG00000012390	0	0
ENSHBUG00000012391	38	56
ENSHBUG00000012392	1	14
ENSHBUG00000012393	0	0
ENSHBUG00000012394	2	48
ENSHBUG00000012395	0	0
ENSHBUG00000012396	0	0
ENSHBUG00000012397	0	0
ENSHBUG00000012398	128	150
ENSHBUG00000012399	3	48
ENSHBUG00000012400	1	47
ENSHBUG00000012401	4	10
ENSHBUG00000012402	0	0
ENSHBUG00000012403	2	39
ENSHBUG00000012404	1	16
ENSHBUG00000012405	207	220
ENSHBUG00000012406	0	0
ENSHBUG00000012407	0	0
ENSHBUG00000012408	7	23
ENSHBUG00000012409	1	35
ENSHBUG00000012410	0	0
ENSHBUG00000012411	0	0
ENSHBUG00000012412	0	0
ENSHBUG00000012413	0	0
ENSHBUG00000012414	5	42
ENSHBUG00000012415	1	17
ENSHBUG00000012416	0	0
ENSHBUG00000012417	0	0
ENSHBUG00000012418	12	48
ENSHBUG00000012419	51	72
ENSHBUG00000012420	2	26
ENSHBUG00000012421	0	0
ENSHBUG00000012422	0	0
ENSHBUG00000012423	0	0
ENSHBUG00000012424	0	0
ENSHBUG00000012425	0	0
ENSHBUG00000012426	2	4
ENSHBUG00000012427	0	0
ENSHBUG00000012428	0	0
ENSHBUG00000012429	867	877
ENSHBUG00000012430	3	6
ENSHBUG00000012431	0	0
ENSHBUG00000012432	1	46
ENSHBUG00000012433	0	0
ENSHBUG00000012434	1	17
ENSHBUG00000012435	0	0
ENSHBUG00000012436	2	48
ENSHBUG00000012437	0	0
ENSHBUG00000012438	0	0
ENSHBUG00000012439	0	0
ENSHBUG00000012440	1	45
ENSHBUG00000012441	1	13
ENSHBUG00000012442	1215	1219
ENSHBUG00000012443	22	24
ENSHBUG00000012444	0	0
ENSHBUG00000012445	1	5
ENSHBUG00000012446	9	34
ENSHBUG00000012447	0	0
ENSHBUG00000012448	1	46
ENSHBUG00000012449	0	0
ENSHBUG00000012450	14	53
ENSHBUG00000012451	0	0
ENSHBUG00000012452	1	44
ENSHBUG00000012453	0	0
ENSHBUG00000012454	6	30
ENSHBUG00000012455	0	0
ENSHBUG00000012456	1	36
ENSHBUG00000012457	2	47
ENSHBUG00000012458	0	0
ENSHBUG00000012459	1	10
ENSHBUG00000012460	0	0
ENSHBUG00000012461	433	461
ENSHBUG00000012462	1	7
ENSHBUG00000012463	1	14
ENSHBUG00000012464	1	42
ENSHBUG00000012465	30	49
ENSHBUG00000012466	2	47
ENSHBUG00000012467	0	0
ENSHBUG00000012468	1	22
ENSHBUG00000012469	0	0
ENSHBUG00000012470	1	45
ENSHBUG00000012471	0	0
ENSHBUG00000012472	0	0
ENSHBUG00000012473	0	0
ENSHBUG00000012474	0	0
ENSHBUG00000012475	0	0
ENSHBUG00000012476	1	23
ENSHBUG00000012477	46	56
ENSHBUG00000012478	0	0
ENSHBUG00000012479	0	0
ENSHBUG00000012480	180	185
ENSHBUG00000012481	0	0
ENSHBUG00000012482	9	17
ENSHBUG00000012483	2	49
ENSHBUG00000012484	1	13
ENSHBUG00000012485	0	0
ENSHBUG00000012486	3	12
ENSHBUG00000012487	0	0
ENSHBUG00000012488	1	44
ENSHBUG00000012489	0	0
ENSHBUG00000012490	0	0
ENSHBUG00000012491	1954	1994
ENSHBUG00000012492	11	56
ENSHBUG00000012493	5	37
ENSHBUG00000012494	0	0
ENSHBUG00000012495	1	20
ENSHBUG00000012496	10	46
ENSHBUG00000012497	0	0
ENSHBUG00000012498	5	10
ENSHBUG00000012499	0	0
ENSHBUG00000012500	1	7
ENSHBUG00000012501	0	0
ENSHBUG00000012502	0	0
ENSHBUG00000012503	0	0
ENSHBUG00000012504	0	0
ENSHBUG00000012505	1	40
ENSHBUG00000012506	0	0
ENSHBUG00000012507	1	33
ENSHBUG00000012508	0	0
ENSHBUG00000012509	0	0
ENSHBUG00000012510	1	25
ENSHBUG00000012511	1	24
ENSHBUG00000012512	1	47
ENSHBUG00000012513	1	31
ENSHBUG00000012514	0	0
ENSHBUG00000012515	0	0
ENSHBUG00000012516	0	0
ENSHBUG00000012517	1	19
ENSHBUG00000012518	1555	1556
ENSHBUG00000012519	2	3
ENSHBUG00000012520	0	0
ENSHBUG00000012521	1	46
ENSHBUG00000012522	0	0
ENSHBUG00000012523	0	0
ENSHBUG00000012524	0	0
ENSHBUG00000012525	1	9
ENSHBUG00000012526	0	0
ENSHBUG00000012527	1	18
ENSHBUG00000012528	0	0
ENSHBUG00000012529	3	29
ENSHBUG00000012530	0	0
ENSHBUG00000012531	263	265
ENSHBUG00000012532	1	37
ENSHBUG00000012533	46	55
ENSHBUG00000012534	0	0
ENSHBUG00000012535	1	29
ENSHBUG00000012536	0	0
ENSHBUG00000012537	0	0
ENSHBUG00000012538	27	52
ENSHBUG00000012539	0	0
ENSHBUG00000012540	0	0
ENSHBUG00000012541	2	48
ENSHBUG00000012542	0	0
ENSHBUG00000012543	1	32
ENSHBUG00000012544	1	39
ENSHBUG00000012545	0	0
ENSHBUG00000012546	0	0
ENSHBUG00000012547	2	25
ENSHBUG00000012548	0	0
ENSHBUG00000012549	4	19
ENSHBUG00000012550	2	37
ENSHBUG00000012551	2	28
ENSHBUG00000012552	2	50
ENSHBUG00000012553	1	7
ENSHBUG00000012554	2	23
ENSHBUG00000012555	0	0
ENSHBUG00000012556	0	0
ENSHBUG00000012557	0	0
ENSHBUG00000012558	371	403
ENSHBUG00000012559	1	33
ENSHBUG00000012560	0	0
ENSHBUG00000012561	0	0
ENSHBUG00000012562	0	0
ENSHBUG00000012563	37	81
ENSHBUG00000012564	20	31
ENSHBUG00000012565	17	55
ENSHBUG00000012566	0	0
ENSHBUG00000012567	1	17
ENSHBUG00000012568	7	15
ENSHBUG00000012569	0	0
ENSHBUG00000012570	0	0
ENSHBUG00000012571	0	0
ENSHBUG00000012572	4	20
ENSHBUG00000012573	1	7
ENSHBUG00000012574	0	0
ENSHBUG00000012575	0	0
ENSHBUG00000012576	0	0
ENSHBUG00000012577	0	0
ENSHBUG00000012578	16	57
ENSHBUG00000012579	0	0
ENSHBUG00000012580	0	0
ENSHBUG00000012581	5	35
ENSHBUG00000012582	0	0
ENSHBUG00000012583	0	0
ENSHBUG00000012584	36	69
ENSHBUG00000012585	138	155
ENSHBUG00000012586	0	0
ENSHBUG00000012587	0	0
ENSHBUG00000012588	0	0
ENSHBUG00000012589	0	0
ENSHBUG00000012590	0	0
ENSHBUG00000012591	1	7
ENSHBUG00000012592	0	0
ENSHBUG00000012593	3	17
ENSHBUG00000012594	1	47
ENSHBUG00000012595	0	0
ENSHBUG00000012596	0	0
ENSHBUG00000012597	0	0
ENSHBUG00000012598	0	0
ENSHBUG00000012599	0	0
ENSHBUG00000012600	3	45
ENSHBUG00000012601	0	0
ENSHBUG00000012602	0	0
ENSHBUG00000012603	1	41
ENSHBUG00000012604	0	0
ENSHBUG00000012605	0	0
ENSHBUG00000012606	0	0
ENSHBUG00000012607	136	168
ENSHBUG00000012608	0	0
ENSHBUG00000012609	0	0
ENSHBUG00000012610	0	0
ENSHBUG00000012611	0	0
ENSHBUG00000012612	23	46
ENSHBUG00000012613	2	34
ENSHBUG00000012614	0	0
ENSHBUG00000012615	29	67
ENSHBUG00000012616	2	40
ENSHBUG00000012617	0	0
ENSHBUG00000012618	1	24
ENSHBUG00000012619	20	21
ENSHBUG00000012620	0	0
ENSHBUG00000012621	1	27
ENSHBUG00000012622	5	46
ENSHBUG00000012623	0	0
ENSHBUG00000012624	0	0
ENSHBUG00000012625	0	0
ENSHBUG00000012626	27	65
ENSHBUG00000012627	0	0
ENSHBUG00000012628	0	0
ENSHBUG00000012629	54	59
ENSHBUG00000012630	0	0
ENSHBUG00000012631	0	0
ENSHBUG00000012632	0	0
ENSHBUG00000012633	0	0
ENSHBUG00000012634	1	20
ENSHBUG00000012635	0	0
ENSHBUG00000012636	2	12
ENSHBUG00000012637	1	45
ENSHBUG00000012638	84	97
ENSHBUG00000012639	0	0
ENSHBUG00000012640	489	521
ENSHBUG00000012641	1	29
ENSHBUG00000012642	1	6
ENSHBUG00000012643	0	0
ENSHBUG00000012644	0	0
ENSHBUG00000012645	2	20
ENSHBUG00000012646	0	0
ENSHBUG00000012647	0	0
ENSHBUG00000012648	1	21
ENSHBUG00000012649	1	15
ENSHBUG00000012650	96	97
ENSHBUG00000012651	8	47
ENSHBUG00000012652	1	26
ENSHBUG00000012653	623	664
ENSHBUG00000012654	7	54
ENSHBUG00000012655	0	0
ENSHBUG00000012656	1	21
ENSHBUG00000012657	5	44
ENSHBUG00000012658	143	144
ENSHBUG00000012659	0	0
ENSHBUG00000012660	3	43
ENSHBUG00000012661	8	44
ENSHBUG00000012662	0	0
ENSHBUG00000012663	0	0
ENSHBUG00000012664	1	46
ENSHBUG00000012665	0	0
ENSHBUG00000012666	0	0
ENSHBUG00000012667	6	9
ENSHBUG00000012668	0	0
ENSHBUG00000012669	0	0
ENSHBUG00000012670	1	43
ENSHBUG00000012671	2	48
ENSHBUG00000012672	0	0
ENSHBUG00000012673	1	2
ENSHBUG00000012674	0	0
ENSHBUG00000012675	0	0
ENSHBUG00000012676	9	40
ENSHBUG00000012677	3	35
ENSHBUG00000012678	57	69
ENSHBUG00000012679	1	49
ENSHBUG00000012680	0	0
ENSHBUG00000012681	1	33
ENSHBUG00000012682	1	23
ENSHBUG00000012683	1	5
ENSHBUG00000012684	0	0
ENSHBUG00000012685	0	0
ENSHBUG00000012686	0	0
ENSHBUG00000012687	0	0
ENSHBUG00000012688	0	0
ENSHBUG00000012689	0	0
ENSHBUG00000012690	2	39
ENSHBUG00000012691	0	0
ENSHBUG00000012692	0	0
ENSHBUG00000012693	0	0
ENSHBUG00000012694	0	0
ENSHBUG00000012695	35	58
ENSHBUG00000012696	0	0
ENSHBUG00000012697	0	0
ENSHBUG00000012698	0	0
ENSHBUG00000012699	0	0
ENSHBUG00000012700	1	8
ENSHBUG00000012701	0	0
ENSHBUG00000012702	0	0
ENSHBUG00000012703	0	0
ENSHBUG00000012704	657	677
ENSHBUG00000012705	0	0
ENSHBUG00000012706	3	39
ENSHBUG00000012707	6	25
ENSHBUG00000012708	2	14
ENSHBUG00000012709	1	2
ENSHBUG00000012710	8	27
ENSHBUG00000012711	0	0
ENSHBUG00000012712	0	0
ENSHBUG00000012713	0	0
ENSHBUG00000012714	0	0
ENSHBUG00000012715	0	0
ENSHBUG00000012716	0	0
ENSHBUG00000012717	0	0
ENSHBUG00000012718	1	9
ENSHBUG00000012719	11	44
ENSHBUG00000012720	0	0
ENSHBUG00000012721	690	735
ENSHBUG00000012722	0	0
ENSHBUG00000012723	1	9
ENSHBUG00000012724	3	16
ENSHBUG00000012725	411	421
ENSHBUG00000012726	3	17
ENSHBUG00000012727	0	0
ENSHBUG00000012728	0	0
ENSHBUG00000012729	0	0
ENSHBUG00000012730	0	0
ENSHBUG00000012731	0	0
ENSHBUG00000012732	0	0
ENSHBUG00000012733	0	0
ENSHBUG00000012734	0	0
ENSHBUG00000012735	1	6
ENSHBUG00000012736	1	49
ENSHBUG00000012737	0	0
ENSHBUG00000012738	19	25
ENSHBUG00000012739	3	6
ENSHBUG00000012740	0	0
ENSHBUG00000012741	0	0
ENSHBUG00000012742	0	0
ENSHBUG00000012743	794	839
ENSHBUG00000012744	0	0
ENSHBUG00000012745	1	9
ENSHBUG00000012746	0	0
ENSHBUG00000012747	0	0
ENSHBUG00000012748	11	51
ENSHBUG00000012749	3	5
ENSHBUG00000012750	0	0
ENSHBUG00000012751	0	0
ENSHBUG00000012752	0	0
ENSHBUG00000012753	0	0
ENSHBUG00000012754	1	19
ENSHBUG00000012755	145	152
ENSHBUG00000012756	4	29
ENSHBUG00000012757	4	27
ENSHBUG00000012758	2	27
ENSHBUG00000012759	0	0
ENSHBUG00000012760	1	30
ENSHBUG00000012761	51	83
ENSHBUG00000012762	0	0
ENSHBUG00000012763	5	26
ENSHBUG00000012764	0	0
ENSHBUG00000012765	0	0
ENSHBUG00000012766	0	0
ENSHBUG00000012767	11	48
ENSHBUG00000012768	0	0
ENSHBUG00000012769	23510	23536
ENSHBUG00000012770	0	0
ENSHBUG00000012771	0	0
ENSHBUG00000012772	144	183
ENSHBUG00000012773	0	0
ENSHBUG00000012774	0	0
ENSHBUG00000012775	2	27
ENSHBUG00000012776	0	0
ENSHBUG00000012777	0	0
ENSHBUG00000012778	1	14
ENSHBUG00000012779	63	94
ENSHBUG00000012780	0	0
ENSHBUG00000012781	2	4
ENSHBUG00000012782	0	0
ENSHBUG00000012783	0	0
ENSHBUG00000012784	28	32
ENSHBUG00000012785	0	0
ENSHBUG00000012786	4	20
ENSHBUG00000012787	0	0
ENSHBUG00000012788	0	0
ENSHBUG00000012789	0	0
ENSHBUG00000012790	0	0
ENSHBUG00000012791	8	46
ENSHBUG00000012792	0	0
ENSHBUG00000012793	0	0
ENSHBUG00000012794	10	33
ENSHBUG00000012795	60	108
ENSHBUG00000012796	0	0
ENSHBUG00000012797	0	0
ENSHBUG00000012798	0	0
ENSHBUG00000012799	0	0
ENSHBUG00000012800	0	0
ENSHBUG00000012801	0	0
ENSHBUG00000012802	3	42
ENSHBUG00000012803	0	0
ENSHBUG00000012804	18	38
ENSHBUG00000012805	0	0
ENSHBUG00000012806	426	471
ENSHBUG00000012807	0	0
ENSHBUG00000012808	0	0
ENSHBUG00000012809	0	0
ENSHBUG00000012810	0	0
ENSHBUG00000012811	0	0
ENSHBUG00000012812	1966	2001
ENSHBUG00000012813	0	0
ENSHBUG00000012814	2	42
ENSHBUG00000012815	28	67
ENSHBUG00000012816	0	0
ENSHBUG00000012817	0	0
ENSHBUG00000012818	0	0
ENSHBUG00000012819	1	43
ENSHBUG00000012820	0	0
ENSHBUG00000012821	0	0
ENSHBUG00000012822	3	18
ENSHBUG00000012823	1	42
ENSHBUG00000012824	1	8
ENSHBUG00000012825	0	0
ENSHBUG00000012826	0	0
ENSHBUG00000012827	0	0
ENSHBUG00000012828	4	34
ENSHBUG00000012829	0	0
ENSHBUG00000012830	0	0
ENSHBUG00000012831	2	14
ENSHBUG00000012832	2	42
ENSHBUG00000012833	16	19
ENSHBUG00000012834	2	9
ENSHBUG00000012835	0	0
ENSHBUG00000012836	3	7
ENSHBUG00000012837	0	0
ENSHBUG00000012838	0	0
ENSHBUG00000012839	0	0
ENSHBUG00000012840	32	34
ENSHBUG00000012841	0	0
ENSHBUG00000012842	0	0
ENSHBUG00000012843	0	0
ENSHBUG00000012844	0	0
ENSHBUG00000012845	17	28
ENSHBUG00000012846	0	0
ENSHBUG00000012847	11	43
ENSHBUG00000012848	0	0
ENSHBUG00000012849	0	0
ENSHBUG00000012850	2	17
ENSHBUG00000012851	0	0
ENSHBUG00000012852	0	0
ENSHBUG00000012853	0	0
ENSHBUG00000012854	0	0
ENSHBUG00000012855	2	15
ENSHBUG00000012856	1	32
ENSHBUG00000012857	0	0
ENSHBUG00000012858	3	6
ENSHBUG00000012859	0	0
ENSHBUG00000012860	0	0
ENSHBUG00000012861	0	0
ENSHBUG00000012862	0	0
ENSHBUG00000012863	1	38
ENSHBUG00000012864	0	0
ENSHBUG00000012865	3	43
ENSHBUG00000012866	0	0
ENSHBUG00000012867	0	0
ENSHBUG00000012868	3	12
ENSHBUG00000012869	18	40
ENSHBUG00000012870	21	24
ENSHBUG00000012871	2	12
ENSHBUG00000012872	0	0
ENSHBUG00000012873	0	0
ENSHBUG00000012874	1	48
ENSHBUG00000012875	10	39
ENSHBUG00000012876	0	0
ENSHBUG00000012877	19	67
ENSHBUG00000012878	1	43
ENSHBUG00000012879	3	31
ENSHBUG00000012880	2	48
ENSHBUG00000012881	0	0
ENSHBUG00000012882	0	0
ENSHBUG00000012883	0	0
ENSHBUG00000012884	0	0
ENSHBUG00000012885	0	0
ENSHBUG00000012886	0	0
ENSHBUG00000012887	0	0
ENSHBUG00000012888	0	0
ENSHBUG00000012889	0	0
ENSHBUG00000012890	98	140
ENSHBUG00000012891	0	0
ENSHBUG00000012892	6	34
ENSHBUG00000012893	0	0
ENSHBUG00000012894	0	0
ENSHBUG00000012895	2	7
ENSHBUG00000012896	495	535
ENSHBUG00000012897	0	0
ENSHBUG00000012898	1	36
ENSHBUG00000012899	0	0
ENSHBUG00000012900	359	393
ENSHBUG00000012901	0	0
ENSHBUG00000012902	7	27
ENSHBUG00000012903	0	0
ENSHBUG00000012904	0	0
ENSHBUG00000012905	1	10
ENSHBUG00000012906	306	332
ENSHBUG00000012907	8	16
ENSHBUG00000012908	0	0
ENSHBUG00000012909	1	37
ENSHBUG00000012910	0	0
ENSHBUG00000012911	0	0
ENSHBUG00000012912	6	9
ENSHBUG00000012913	0	0
ENSHBUG00000012914	6	53
ENSHBUG00000012915	4	26
ENSHBUG00000012916	0	0
ENSHBUG00000012917	0	0
ENSHBUG00000012918	0	0
ENSHBUG00000012919	0	0
ENSHBUG00000012920	0	0
ENSHBUG00000012921	0	0
ENSHBUG00000012922	1	44
ENSHBUG00000012923	0	0
ENSHBUG00000012924	0	0
ENSHBUG00000012925	0	0
ENSHBUG00000012926	0	0
ENSHBUG00000012927	0	0
ENSHBUG00000012928	1	47
ENSHBUG00000012929	0	0
ENSHBUG00000012930	0	0
ENSHBUG00000012931	0	0
ENSHBUG00000012932	0	0
ENSHBUG00000012933	4	14
ENSHBUG00000012934	0	0
ENSHBUG00000012935	1	9
ENSHBUG00000012936	0	0
ENSHBUG00000012937	0	0
ENSHBUG00000012938	0	0
ENSHBUG00000012939	2	22
ENSHBUG00000012940	1	8
ENSHBUG00000012941	3	21
ENSHBUG00000012942	0	0
ENSHBUG00000012943	2	42
ENSHBUG00000012944	22	29
ENSHBUG00000012945	0	0
ENSHBUG00000012946	0	0
ENSHBUG00000012947	0	0
ENSHBUG00000012948	0	0
ENSHBUG00000012949	0	0
ENSHBUG00000012950	0	0
ENSHBUG00000012951	0	0
ENSHBUG00000012952	0	0
ENSHBUG00000012953	0	0
ENSHBUG00000012954	0	0
ENSHBUG00000012955	0	0
ENSHBUG00000012956	10	32
ENSHBUG00000012957	47	64
ENSHBUG00000012958	0	0
ENSHBUG00000012959	0	0
ENSHBUG00000012960	0	0
ENSHBUG00000012961	43	64
ENSHBUG00000012962	0	0
ENSHBUG00000012963	3	6
ENSHBUG00000012964	0	0
ENSHBUG00000012965	2	10
ENSHBUG00000012966	0	0
ENSHBUG00000012967	0	0
ENSHBUG00000012968	0	0
ENSHBUG00000012969	0	0
ENSHBUG00000012970	2	16
ENSHBUG00000012971	0	0
ENSHBUG00000012972	0	0
ENSHBUG00000012973	6	25
ENSHBUG00000012974	1	32
ENSHBUG00000012975	0	0
ENSHBUG00000012976	3176	3210
ENSHBUG00000012977	1	41
ENSHBUG00000012978	0	0
ENSHBUG00000012979	0	0
ENSHBUG00000012980	0	0
ENSHBUG00000012981	0	0
ENSHBUG00000012982	232	278
ENSHBUG00000012983	0	0
ENSHBUG00000012984	0	0
ENSHBUG00000012985	0	0
ENSHBUG00000012986	1748	1779
ENSHBUG00000012987	10	23
ENSHBUG00000012988	6	25
ENSHBUG00000012989	1	29
ENSHBUG00000012990	0	0
ENSHBUG00000012991	0	0
ENSHBUG00000012992	0	0
ENSHBUG00000012993	109	127
ENSHBUG00000012994	1	25
ENSHBUG00000012995	0	0
ENSHBUG00000012996	0	0
ENSHBUG00000012997	527	547
ENSHBUG00000012998	7	36
ENSHBUG00000012999	1	41
ENSHBUG00000013000	0	0
ENSHBUG00000013001	0	0
ENSHBUG00000013002	37	73
ENSHBUG00000013003	0	0
ENSHBUG00000013004	0	0
ENSHBUG00000013005	0	0
ENSHBUG00000013006	0	0
ENSHBUG00000013007	2	32
ENSHBUG00000013008	0	0
ENSHBUG00000013009	0	0
ENSHBUG00000013010	0	0
ENSHBUG00000013011	2	32
ENSHBUG00000013012	16	55
ENSHBUG00000013013	12	54
ENSHBUG00000013014	5	53
ENSHBUG00000013015	0	0
ENSHBUG00000013016	0	0
ENSHBUG00000013017	0	0
ENSHBUG00000013018	5	38
ENSHBUG00000013019	0	0
ENSHBUG00000013020	0	0
ENSHBUG00000013021	1	12
ENSHBUG00000013022	0	0
ENSHBUG00000013023	3	25
ENSHBUG00000013024	3	39
ENSHBUG00000013025	0	0
ENSHBUG00000013026	1	25
ENSHBUG00000013027	0	0
ENSHBUG00000013028	0	0
ENSHBUG00000013029	1	29
ENSHBUG00000013030	0	0
ENSHBUG00000013031	1	49
ENSHBUG00000013032	0	0
ENSHBUG00000013033	2	15
ENSHBUG00000013034	1	9
ENSHBUG00000013035	0	0
ENSHBUG00000013036	37	71
ENSHBUG00000013037	1	18
ENSHBUG00000013038	8	47
ENSHBUG00000013039	2	44
ENSHBUG00000013040	2	44
ENSHBUG00000013041	2	5
ENSHBUG00000013042	0	0
ENSHBUG00000013043	1	40
ENSHBUG00000013044	0	0
ENSHBUG00000013045	1	20
ENSHBUG00000013046	2	31
ENSHBUG00000013047	0	0
ENSHBUG00000013048	48	79
ENSHBUG00000013049	18	29
ENSHBUG00000013050	4	38
ENSHBUG00000013051	4	9
ENSHBUG00000013052	0	0
ENSHBUG00000013053	0	0
ENSHBUG00000013054	0	0
ENSHBUG00000013055	0	0
ENSHBUG00000013056	11	32
ENSHBUG00000013057	15	53
ENSHBUG00000013058	0	0
ENSHBUG00000013059	2	3
ENSHBUG00000013060	2	34
ENSHBUG00000013061	0	0
ENSHBUG00000013062	0	0
ENSHBUG00000013063	0	0
ENSHBUG00000013064	0	0
ENSHBUG00000013065	0	0
ENSHBUG00000013066	0	0
ENSHBUG00000013067	0	0
ENSHBUG00000013068	1	16
ENSHBUG00000013069	0	0
ENSHBUG00000013070	0	0
ENSHBUG00000013071	1181	1185
ENSHBUG00000013072	0	0
ENSHBUG00000013073	0	0
ENSHBUG00000013074	0	0
ENSHBUG00000013075	0	0
ENSHBUG00000013076	3	42
ENSHBUG00000013077	0	0
ENSHBUG00000013078	0	0
ENSHBUG00000013079	0	0
ENSHBUG00000013080	0	0
ENSHBUG00000013081	0	0
ENSHBUG00000013082	0	0
ENSHBUG00000013083	0	0
ENSHBUG00000013084	0	0
ENSHBUG00000013085	0	0
ENSHBUG00000013086	0	0
ENSHBUG00000013087	0	0
ENSHBUG00000013088	17	21
ENSHBUG00000013089	21	60
ENSHBUG00000013090	0	0
ENSHBUG00000013091	60	103
ENSHBUG00000013092	0	0
ENSHBUG00000013093	0	0
ENSHBUG00000013094	2	13
ENSHBUG00000013095	6	54
ENSHBUG00000013096	2301	2317
ENSHBUG00000013097	0	0
ENSHBUG00000013098	0	0
ENSHBUG00000013099	4	49
ENSHBUG00000013100	0	0
ENSHBUG00000013101	2	34
ENSHBUG00000013102	0	0
ENSHBUG00000013103	3	34
ENSHBUG00000013104	0	0
ENSHBUG00000013105	1	30
ENSHBUG00000013106	0	0
ENSHBUG00000013107	3	45
ENSHBUG00000013108	116	146
ENSHBUG00000013109	1	32
ENSHBUG00000013110	0	0
ENSHBUG00000013111	0	0
ENSHBUG00000013112	0	0
ENSHBUG00000013113	44	92
ENSHBUG00000013114	0	0
ENSHBUG00000013115	20	46
ENSHBUG00000013116	4	44
ENSHBUG00000013117	0	0
ENSHBUG00000013118	3	17
ENSHBUG00000013119	1	39
ENSHBUG00000013120	135	141
ENSHBUG00000013121	0	0
ENSHBUG00000013122	0	0
ENSHBUG00000013123	0	0
ENSHBUG00000013124	5	48
ENSHBUG00000013125	3	20
ENSHBUG00000013126	1153	1199
ENSHBUG00000013127	4	41
ENSHBUG00000013128	4	34
ENSHBUG00000013129	57	90
ENSHBUG00000013130	1	19
ENSHBUG00000013131	0	0
ENSHBUG00000013132	1	34
ENSHBUG00000013133	0	0
ENSHBUG00000013134	0	0
ENSHBUG00000013135	0	0
ENSHBUG00000013136	6	36
ENSHBUG00000013137	0	0
ENSHBUG00000013138	1	24
ENSHBUG00000013139	0	0
ENSHBUG00000013140	0	0
ENSHBUG00000013141	0	0
ENSHBUG00000013142	9	53
ENSHBUG00000013143	0	0
ENSHBUG00000013144	0	0
ENSHBUG00000013145	0	0
ENSHBUG00000013146	0	0
ENSHBUG00000013147	1	14
ENSHBUG00000013148	0	0
ENSHBUG00000013149	0	0
ENSHBUG00000013150	28	50
ENSHBUG00000013151	10	49
ENSHBUG00000013152	299	326
ENSHBUG00000013153	0	0
ENSHBUG00000013154	0	0
ENSHBUG00000013155	2	30
ENSHBUG00000013156	0	0
ENSHBUG00000013157	0	0
ENSHBUG00000013158	0	0
ENSHBUG00000013159	0	0
ENSHBUG00000013160	5	48
ENSHBUG00000013161	2	43
ENSHBUG00000013162	1	43
ENSHBUG00000013163	11	46
ENSHBUG00000013164	0	0
ENSHBUG00000013165	2	16
ENSHBUG00000013166	0	0
ENSHBUG00000013167	1	43
ENSHBUG00000013168	0	0
ENSHBUG00000013169	4	17
ENSHBUG00000013170	1	2
ENSHBUG00000013171	81	109
ENSHBUG00000013172	0	0
ENSHBUG00000013173	0	0
ENSHBUG00000013174	0	0
ENSHBUG00000013175	2	21
ENSHBUG00000013176	1	36
ENSHBUG00000013177	0	0
ENSHBUG00000013178	0	0
ENSHBUG00000013179	2	18
ENSHBUG00000013180	1	21
ENSHBUG00000013181	46	74
ENSHBUG00000013182	0	0
ENSHBUG00000013183	0	0
ENSHBUG00000013184	0	0
ENSHBUG00000013185	688	719
ENSHBUG00000013186	13	57
ENSHBUG00000013187	0	0
ENSHBUG00000013188	1	24
ENSHBUG00000013189	0	0
ENSHBUG00000013190	0	0
ENSHBUG00000013191	0	0
ENSHBUG00000013192	0	0
ENSHBUG00000013193	0	0
ENSHBUG00000013194	0	0
ENSHBUG00000013195	1	35
ENSHBUG00000013196	0	0
ENSHBUG00000013197	1	43
ENSHBUG00000013198	0	0
ENSHBUG00000013199	42	52
ENSHBUG00000013200	1	30
ENSHBUG00000013201	2	8
ENSHBUG00000013202	0	0
ENSHBUG00000013203	0	0
ENSHBUG00000013204	6	30
ENSHBUG00000013205	28	48
ENSHBUG00000013206	3	31
ENSHBUG00000013207	0	0
ENSHBUG00000013208	0	0
ENSHBUG00000013209	1	45
ENSHBUG00000013210	1	21
ENSHBUG00000013211	0	0
ENSHBUG00000013212	1	5
ENSHBUG00000013213	961	965
ENSHBUG00000013214	8	35
ENSHBUG00000013215	0	0
ENSHBUG00000013216	2	8
ENSHBUG00000013217	0	0
ENSHBUG00000013218	0	0
ENSHBUG00000013219	0	0
ENSHBUG00000013220	0	0
ENSHBUG00000013221	2	47
ENSHBUG00000013222	1	36
ENSHBUG00000013223	0	0
ENSHBUG00000013224	12	56
ENSHBUG00000013225	0	0
ENSHBUG00000013226	0	0
ENSHBUG00000013227	0	0
ENSHBUG00000013228	3375	3376
ENSHBUG00000013229	1	14
ENSHBUG00000013230	43	46
ENSHBUG00000013231	1	39
ENSHBUG00000013232	0	0
ENSHBUG00000013233	0	0
ENSHBUG00000013234	0	0
ENSHBUG00000013235	4	11
ENSHBUG00000013236	2	30
ENSHBUG00000013237	3	23
ENSHBUG00000013238	100	108
ENSHBUG00000013239	9	33
ENSHBUG00000013240	0	0
ENSHBUG00000013241	0	0
ENSHBUG00000013242	0	0
ENSHBUG00000013243	10	52
ENSHBUG00000013244	16	24
ENSHBUG00000013245	20	51
ENSHBUG00000013246	2	33
ENSHBUG00000013247	2	48
ENSHBUG00000013248	0	0
ENSHBUG00000013249	0	0
ENSHBUG00000013250	0	0
ENSHBUG00000013251	1	31
ENSHBUG00000013252	0	0
ENSHBUG00000013253	20	52
ENSHBUG00000013254	4	32
ENSHBUG00000013255	0	0
ENSHBUG00000013256	0	0
ENSHBUG00000013257	0	0
ENSHBUG00000013258	0	0
ENSHBUG00000013259	1	42
ENSHBUG00000013260	0	0
ENSHBUG00000013261	1	2
ENSHBUG00000013262	4	12
ENSHBUG00000013263	2	44
ENSHBUG00000013264	0	0
ENSHBUG00000013265	0	0
ENSHBUG00000013266	2	8
ENSHBUG00000013267	0	0
ENSHBUG00000013268	0	0
ENSHBUG00000013269	0	0
ENSHBUG00000013270	0	0
ENSHBUG00000013271	0	0
ENSHBUG00000013272	2	38
ENSHBUG00000013273	1	40
ENSHBUG00000013274	0	0
ENSHBUG00000013275	0	0
ENSHBUG00000013276	0	0
ENSHBUG00000013277	0	0
ENSHBUG00000013278	0	0
ENSHBUG00000013279	0	0
ENSHBUG00000013280	4	36
ENSHBUG00000013281	0	0
ENSHBUG00000013282	0	0
ENSHBUG00000013283	0	0
ENSHBUG00000013284	0	0
ENSHBUG00000013285	3	24
ENSHBUG00000013286	0	0
ENSHBUG00000013287	0	0
ENSHBUG00000013288	0	0
ENSHBUG00000013289	0	0
ENSHBUG00000013290	0	0
ENSHBUG00000013291	2	28
ENSHBUG00000013292	0	0
ENSHBUG00000013293	0	0
ENSHBUG00000013294	0	0
ENSHBUG00000013295	0	0
ENSHBUG00000013296	0	0
ENSHBUG00000013297	0	0
ENSHBUG00000013298	1	46
ENSHBUG00000013299	15	36
ENSHBUG00000013300	0	0
ENSHBUG00000013301	0	0
ENSHBUG00000013302	13	26
ENSHBUG00000013303	1	34
ENSHBUG00000013304	0	0
ENSHBUG00000013305	39	63
ENSHBUG00000013306	40	67
ENSHBUG00000013307	5715	5743
ENSHBUG00000013308	2	39
ENSHBUG00000013309	0	0
ENSHBUG00000013310	0	0
ENSHBUG00000013311	0	0
ENSHBUG00000013312	0	0
ENSHBUG00000013313	0	0
ENSHBUG00000013314	0	0
ENSHBUG00000013315	1	43
ENSHBUG00000013316	1	11
ENSHBUG00000013317	7	10
ENSHBUG00000013318	95	121
ENSHBUG00000013319	0	0
ENSHBUG00000013320	1	42
ENSHBUG00000013321	0	0
ENSHBUG00000013322	0	0
ENSHBUG00000013323	0	0
ENSHBUG00000013324	0	0
ENSHBUG00000013325	0	0
ENSHBUG00000013326	0	0
ENSHBUG00000013327	0	0
ENSHBUG00000013328	1	20
ENSHBUG00000013329	0	0
ENSHBUG00000013330	0	0
ENSHBUG00000013331	2	40
ENSHBUG00000013332	0	0
ENSHBUG00000013333	0	0
ENSHBUG00000013334	0	0
ENSHBUG00000013335	4	6
ENSHBUG00000013336	0	0
ENSHBUG00000013337	0	0
ENSHBUG00000013338	0	0
ENSHBUG00000013339	6	21
ENSHBUG00000013340	8	19
ENSHBUG00000013341	95	113
ENSHBUG00000013342	0	0
ENSHBUG00000013343	0	0
ENSHBUG00000013344	0	0
ENSHBUG00000013345	1	22
ENSHBUG00000013346	7	36
ENSHBUG00000013347	3	11
ENSHBUG00000013348	0	0
ENSHBUG00000013349	12	21
ENSHBUG00000013350	0	0
ENSHBUG00000013351	0	0
ENSHBUG00000013352	6	23
ENSHBUG00000013353	0	0
ENSHBUG00000013354	6	42
ENSHBUG00000013355	0	0
ENSHBUG00000013356	8	18
ENSHBUG00000013357	1	15
ENSHBUG00000013358	3	29
ENSHBUG00000013359	0	0
ENSHBUG00000013360	3	21
ENSHBUG00000013361	2	33
ENSHBUG00000013362	0	0
ENSHBUG00000013363	0	0
ENSHBUG00000013364	0	0
ENSHBUG00000013365	9	52
ENSHBUG00000013366	99	112
ENSHBUG00000013367	0	0
ENSHBUG00000013368	1	21
ENSHBUG00000013369	0	0
ENSHBUG00000013370	0	0
ENSHBUG00000013371	0	0
ENSHBUG00000013372	1	39
ENSHBUG00000013373	0	0
ENSHBUG00000013374	4	35
ENSHBUG00000013375	0	0
ENSHBUG00000013376	33	58
ENSHBUG00000013377	4	36
ENSHBUG00000013378	0	0
ENSHBUG00000013379	1	24
ENSHBUG00000013380	2	19
ENSHBUG00000013381	0	0
ENSHBUG00000013382	2	30
ENSHBUG00000013383	0	0
ENSHBUG00000013384	0	0
ENSHBUG00000013385	1	28
ENSHBUG00000013386	1	47
ENSHBUG00000013387	0	0
ENSHBUG00000013388	0	0
ENSHBUG00000013389	0	0
ENSHBUG00000013390	0	0
ENSHBUG00000013391	0	0
ENSHBUG00000013392	0	0
ENSHBUG00000013393	0	0
ENSHBUG00000013394	1	9
ENSHBUG00000013395	6	11
ENSHBUG00000013396	0	0
ENSHBUG00000013397	0	0
ENSHBUG00000013398	1	28
ENSHBUG00000013399	0	0
ENSHBUG00000013400	5	50
ENSHBUG00000013401	0	0
ENSHBUG00000013402	0	0
ENSHBUG00000013403	108	123
ENSHBUG00000013404	1	35
ENSHBUG00000013405	0	0
ENSHBUG00000013406	0	0
ENSHBUG00000013407	0	0
ENSHBUG00000013408	13	34
ENSHBUG00000013409	476	484
ENSHBUG00000013410	0	0
ENSHBUG00000013411	2	24
ENSHBUG00000013412	0	0
ENSHBUG00000013413	0	0
ENSHBUG00000013414	0	0
ENSHBUG00000013415	0	0
ENSHBUG00000013416	0	0
ENSHBUG00000013417	1	15
ENSHBUG00000013418	0	0
ENSHBUG00000013419	0	0
ENSHBUG00000013420	568	593
ENSHBUG00000013421	0	0
ENSHBUG00000013422	3	27
ENSHBUG00000013423	0	0
ENSHBUG00000013424	0	0
ENSHBUG00000013425	1	45
ENSHBUG00000013426	0	0
ENSHBUG00000013427	2	34
ENSHBUG00000013428	0	0
ENSHBUG00000013429	2	34
ENSHBUG00000013430	1	37
ENSHBUG00000013431	101	103
ENSHBUG00000013432	0	0
ENSHBUG00000013433	0	0
ENSHBUG00000013434	0	0
ENSHBUG00000013435	2	19
ENSHBUG00000013436	3	28
ENSHBUG00000013437	0	0
ENSHBUG00000013438	0	0
ENSHBUG00000013439	0	0
ENSHBUG00000013440	1	29
ENSHBUG00000013441	5	9
ENSHBUG00000013442	1	21
ENSHBUG00000013443	13	43
ENSHBUG00000013444	255	291
ENSHBUG00000013445	0	0
ENSHBUG00000013446	0	0
ENSHBUG00000013447	0	0
ENSHBUG00000013448	0	0
ENSHBUG00000013449	0	0
ENSHBUG00000013450	0	0
ENSHBUG00000013451	0	0
ENSHBUG00000013452	0	0
ENSHBUG00000013453	0	0
ENSHBUG00000013454	1825	1857
ENSHBUG00000013455	6	34
ENSHBUG00000013456	25	64
ENSHBUG00000013457	3	44
ENSHBUG00000013458	0	0
ENSHBUG00000013459	0	0
ENSHBUG00000013460	1	42
ENSHBUG00000013461	1	11
ENSHBUG00000013462	0	0
ENSHBUG00000013463	0	0
ENSHBUG00000013464	0	0
ENSHBUG00000013465	0	0
ENSHBUG00000013466	183	208
ENSHBUG00000013467	2	9
ENSHBUG00000013468	0	0
ENSHBUG00000013469	0	0
ENSHBUG00000013470	0	0
ENSHBUG00000013471	0	0
ENSHBUG00000013472	0	0
ENSHBUG00000013473	0	0
ENSHBUG00000013474	6	38
ENSHBUG00000013475	0	0
ENSHBUG00000013476	0	0
ENSHBUG00000013477	2	40
ENSHBUG00000013478	0	0
ENSHBUG00000013479	0	0
ENSHBUG00000013480	2	25
ENSHBUG00000013481	0	0
ENSHBUG00000013482	0	0
ENSHBUG00000013483	0	0
ENSHBUG00000013484	0	0
ENSHBUG00000013485	0	0
ENSHBUG00000013486	7	43
ENSHBUG00000013487	0	0
ENSHBUG00000013488	0	0
ENSHBUG00000013489	1	12
ENSHBUG00000013490	1	18
ENSHBUG00000013491	2	39
ENSHBUG00000013492	0	0
ENSHBUG00000013493	1	20
ENSHBUG00000013494	1	46
ENSHBUG00000013495	0	0
ENSHBUG00000013496	0	0
ENSHBUG00000013497	3	29
ENSHBUG00000013498	4	26
ENSHBUG00000013499	5	23
ENSHBUG00000013500	2	32
ENSHBUG00000013501	0	0
ENSHBUG00000013502	0	0
ENSHBUG00000013503	5	23
ENSHBUG00000013504	0	0
ENSHBUG00000013505	0	0
ENSHBUG00000013506	3	36
ENSHBUG00000013507	2	36
ENSHBUG00000013508	124	158
ENSHBUG00000013509	3	42
ENSHBUG00000013510	0	0
ENSHBUG00000013511	788	811
ENSHBUG00000013512	2	11
ENSHBUG00000013513	0	0
ENSHBUG00000013514	0	0
ENSHBUG00000013515	18	57
ENSHBUG00000013516	0	0
ENSHBUG00000013517	1	23
ENSHBUG00000013518	0	0
ENSHBUG00000013519	11	35
ENSHBUG00000013520	0	0
ENSHBUG00000013521	0	0
ENSHBUG00000013522	0	0
ENSHBUG00000013523	200	212
ENSHBUG00000013524	14	45
ENSHBUG00000013525	0	0
ENSHBUG00000013526	2	3
ENSHBUG00000013527	17	19
ENSHBUG00000013528	0	0
ENSHBUG00000013529	1	31
ENSHBUG00000013530	6	40
ENSHBUG00000013531	138	184
ENSHBUG00000013532	0	0
ENSHBUG00000013533	0	0
ENSHBUG00000013534	545	547
ENSHBUG00000013535	0	0
ENSHBUG00000013536	2	50
ENSHBUG00000013537	1	16
ENSHBUG00000013538	515	538
ENSHBUG00000013539	2	27
ENSHBUG00000013540	639	687
ENSHBUG00000013541	0	0
ENSHBUG00000013542	0	0
ENSHBUG00000013543	1	15
ENSHBUG00000013544	3	18
ENSHBUG00000013545	0	0
ENSHBUG00000013546	0	0
ENSHBUG00000013547	0	0
ENSHBUG00000013548	0	0
ENSHBUG00000013549	0	0
ENSHBUG00000013550	0	0
ENSHBUG00000013551	1	19
ENSHBUG00000013552	0	0
ENSHBUG00000013553	0	0
ENSHBUG00000013554	0	0
ENSHBUG00000013555	0	0
ENSHBUG00000013556	0	0
ENSHBUG00000013557	0	0
ENSHBUG00000013558	0	0
ENSHBUG00000013559	0	0
ENSHBUG00000013560	0	0
ENSHBUG00000013561	19	39
ENSHBUG00000013562	0	0
ENSHBUG00000013563	0	0
ENSHBUG00000013564	1	30
ENSHBUG00000013565	1	28
ENSHBUG00000013566	0	0
ENSHBUG00000013567	125	136
ENSHBUG00000013568	1	3
ENSHBUG00000013569	1	22
ENSHBUG00000013570	0	0
ENSHBUG00000013571	1	8
ENSHBUG00000013572	0	0
ENSHBUG00000013573	1	35
ENSHBUG00000013574	0	0
ENSHBUG00000013575	0	0
ENSHBUG00000013576	14	46
ENSHBUG00000013577	0	0
ENSHBUG00000013578	0	0
ENSHBUG00000013579	0	0
ENSHBUG00000013580	1	22
ENSHBUG00000013581	1719	1727
ENSHBUG00000013582	399	418
ENSHBUG00000013583	0	0
ENSHBUG00000013584	1	25
ENSHBUG00000013585	0	0
ENSHBUG00000013586	9	55
ENSHBUG00000013587	1	26
ENSHBUG00000013588	0	0
ENSHBUG00000013589	1	8
ENSHBUG00000013590	0	0
ENSHBUG00000013591	0	0
ENSHBUG00000013592	0	0
ENSHBUG00000013593	19	62
ENSHBUG00000013594	0	0
ENSHBUG00000013595	4	37
ENSHBUG00000013596	107	115
ENSHBUG00000013597	0	0
ENSHBUG00000013598	0	0
ENSHBUG00000013599	65	66
ENSHBUG00000013600	0	0
ENSHBUG00000013601	1	39
ENSHBUG00000013602	0	0
ENSHBUG00000013603	0	0
ENSHBUG00000013604	2	40
ENSHBUG00000013605	0	0
ENSHBUG00000013606	0	0
ENSHBUG00000013607	0	0
ENSHBUG00000013608	6	46
ENSHBUG00000013609	0	0
ENSHBUG00000013610	0	0
ENSHBUG00000013611	0	0
ENSHBUG00000013612	1	17
ENSHBUG00000013613	58	84
ENSHBUG00000013614	1	16
ENSHBUG00000013615	1	29
ENSHBUG00000013616	0	0
ENSHBUG00000013617	0	0
ENSHBUG00000013618	0	0
ENSHBUG00000013619	1	46
ENSHBUG00000013620	8	13
ENSHBUG00000013621	0	0
ENSHBUG00000013622	2	22
ENSHBUG00000013623	3	14
ENSHBUG00000013624	0	0
ENSHBUG00000013625	1	34
ENSHBUG00000013626	0	0
ENSHBUG00000013627	5	33
ENSHBUG00000013628	2	40
ENSHBUG00000013629	807	843
ENSHBUG00000013630	1	34
ENSHBUG00000013631	1	46
ENSHBUG00000013632	1	23
ENSHBUG00000013633	3	7
ENSHBUG00000013634	0	0
ENSHBUG00000013635	0	0
ENSHBUG00000013636	0	0
ENSHBUG00000013637	0	0
ENSHBUG00000013638	0	0
ENSHBUG00000013639	0	0
ENSHBUG00000013640	0	0
ENSHBUG00000013641	0	0
ENSHBUG00000013642	1	31
ENSHBUG00000013643	6	54
ENSHBUG00000013644	0	0
ENSHBUG00000013645	253	300
ENSHBUG00000013646	0	0
ENSHBUG00000013647	21	42
ENSHBUG00000013648	0	0
ENSHBUG00000013649	0	0
ENSHBUG00000013650	0	0
ENSHBUG00000013651	0	0
ENSHBUG00000013652	3	4
ENSHBUG00000013653	0	0
ENSHBUG00000013654	0	0
ENSHBUG00000013655	6	13
ENSHBUG00000013656	0	0
ENSHBUG00000013657	0	0
ENSHBUG00000013658	0	0
ENSHBUG00000013659	0	0
ENSHBUG00000013660	0	0
ENSHBUG00000013661	0	0
ENSHBUG00000013662	0	0
ENSHBUG00000013663	3	25
ENSHBUG00000013664	0	0
ENSHBUG00000013665	3	38
ENSHBUG00000013666	1	42
ENSHBUG00000013667	10	40
ENSHBUG00000013668	0	0
ENSHBUG00000013669	0	0
ENSHBUG00000013670	0	0
ENSHBUG00000013671	0	0
ENSHBUG00000013672	0	0
ENSHBUG00000013673	0	0
ENSHBUG00000013674	0	0
ENSHBUG00000013675	0	0
ENSHBUG00000013676	0	0
ENSHBUG00000013677	0	0
ENSHBUG00000013678	1	37
ENSHBUG00000013679	0	0
ENSHBUG00000013680	0	0
ENSHBUG00000013681	0	0
ENSHBUG00000013682	2	20
ENSHBUG00000013683	0	0
ENSHBUG00000013684	0	0
ENSHBUG00000013685	0	0
ENSHBUG00000013686	0	0
ENSHBUG00000013687	354	362
ENSHBUG00000013688	68	90
ENSHBUG00000013689	0	0
ENSHBUG00000013690	0	0
ENSHBUG00000013691	0	0
ENSHBUG00000013692	0	0
ENSHBUG00000013693	0	0
ENSHBUG00000013694	8	15
ENSHBUG00000013695	0	0
ENSHBUG00000013696	0	0
ENSHBUG00000013697	2	6
ENSHBUG00000013698	0	0
ENSHBUG00000013699	2328	2371
ENSHBUG00000013700	5	6
ENSHBUG00000013701	2	7
ENSHBUG00000013702	0	0
ENSHBUG00000013703	0	0
ENSHBUG00000013704	0	0
ENSHBUG00000013705	2	3
ENSHBUG00000013706	0	0
ENSHBUG00000013707	0	0
ENSHBUG00000013708	0	0
ENSHBUG00000013709	0	0
ENSHBUG00000013710	0	0
ENSHBUG00000013711	1	24
ENSHBUG00000013712	0	0
ENSHBUG00000013713	5	46
ENSHBUG00000013714	0	0
ENSHBUG00000013715	1	10
ENSHBUG00000013716	0	0
ENSHBUG00000013717	1	7
ENSHBUG00000013718	0	0
ENSHBUG00000013719	0	0
ENSHBUG00000013720	97	117
ENSHBUG00000013721	1	6
ENSHBUG00000013722	0	0
ENSHBUG00000013723	0	0
ENSHBUG00000013724	0	0
ENSHBUG00000013725	7	31
ENSHBUG00000013726	27	72
ENSHBUG00000013727	6	11
ENSHBUG00000013728	0	0
ENSHBUG00000013729	0	0
ENSHBUG00000013730	38	54
ENSHBUG00000013731	0	0
ENSHBUG00000013732	0	0
ENSHBUG00000013733	0	0
ENSHBUG00000013734	0	0
ENSHBUG00000013735	3	17
ENSHBUG00000013736	0	0
ENSHBUG00000013737	0	0
ENSHBUG00000013738	0	0
ENSHBUG00000013739	0	0
ENSHBUG00000013740	1	32
ENSHBUG00000013741	0	0
ENSHBUG00000013742	0	0
ENSHBUG00000013743	0	0
ENSHBUG00000013744	2	16
ENSHBUG00000013745	0	0
ENSHBUG00000013746	0	0
ENSHBUG00000013747	0	0
ENSHBUG00000013748	394	436
ENSHBUG00000013749	867	877
ENSHBUG00000013750	0	0
ENSHBUG00000013751	1	37
ENSHBUG00000013752	1	39
ENSHBUG00000013753	0	0
ENSHBUG00000013754	0	0
ENSHBUG00000013755	4	25
ENSHBUG00000013756	0	0
ENSHBUG00000013757	0	0
ENSHBUG00000013758	1	10
ENSHBUG00000013759	0	0
ENSHBUG00000013760	0	0
ENSHBUG00000013761	69	77
ENSHBUG00000013762	0	0
ENSHBUG00000013763	0	0
ENSHBUG00000013764	1	45
ENSHBUG00000013765	0	0
ENSHBUG00000013766	8	49
ENSHBUG00000013767	17	61
ENSHBUG00000013768	0	0
ENSHBUG00000013769	0	0
ENSHBUG00000013770	0	0
ENSHBUG00000013771	1	12
ENSHBUG00000013772	86	94
ENSHBUG00000013773	66	92
ENSHBUG00000013774	18	38
ENSHBUG00000013775	1	23
ENSHBUG00000013776	0	0
ENSHBUG00000013777	11	21
ENSHBUG00000013778	0	0
ENSHBUG00000013779	0	0
ENSHBUG00000013780	142	156
ENSHBUG00000013781	0	0
ENSHBUG00000013782	561	577
ENSHBUG00000013783	195	218
ENSHBUG00000013784	0	0
ENSHBUG00000013785	5	51
ENSHBUG00000013786	0	0
ENSHBUG00000013787	0	0
ENSHBUG00000013788	0	0
ENSHBUG00000013789	1	8
ENSHBUG00000013790	264	310
ENSHBUG00000013791	0	0
ENSHBUG00000013792	1	46
ENSHBUG00000013793	0	0
ENSHBUG00000013794	0	0
ENSHBUG00000013795	0	0
ENSHBUG00000013796	23	30
ENSHBUG00000013797	4	40
ENSHBUG00000013798	0	0
ENSHBUG00000013799	0	0
ENSHBUG00000013800	2	42
ENSHBUG00000013801	1	42
ENSHBUG00000013802	54	95
ENSHBUG00000013803	0	0
ENSHBUG00000013804	0	0
ENSHBUG00000013805	2	43
ENSHBUG00000013806	14	41
ENSHBUG00000013807	16	47
ENSHBUG00000013808	1	35
ENSHBUG00000013809	0	0
ENSHBUG00000013810	0	0
ENSHBUG00000013811	0	0
ENSHBUG00000013812	0	0
ENSHBUG00000013813	0	0
ENSHBUG00000013814	0	0
ENSHBUG00000013815	250	269
ENSHBUG00000013816	0	0
ENSHBUG00000013817	0	0
ENSHBUG00000013818	2	33
ENSHBUG00000013819	0	0
ENSHBUG00000013820	0	0
ENSHBUG00000013821	0	0
ENSHBUG00000013822	45	65
ENSHBUG00000013823	1	42
ENSHBUG00000013824	0	0
ENSHBUG00000013825	0	0
ENSHBUG00000013826	0	0
ENSHBUG00000013827	1	26
ENSHBUG00000013828	0	0
ENSHBUG00000013829	0	0
ENSHBUG00000013830	1	25
ENSHBUG00000013831	0	0
ENSHBUG00000013832	0	0
ENSHBUG00000013833	1	46
ENSHBUG00000013834	1	23
ENSHBUG00000013835	0	0
ENSHBUG00000013836	0	0
ENSHBUG00000013837	0	0
ENSHBUG00000013838	0	0
ENSHBUG00000013839	0	0
ENSHBUG00000013840	0	0
ENSHBUG00000013841	1	44
ENSHBUG00000013842	0	0
ENSHBUG00000013843	2	21
ENSHBUG00000013844	2	44
ENSHBUG00000013845	0	0
ENSHBUG00000013846	0	0
ENSHBUG00000013847	1	19
ENSHBUG00000013848	0	0
ENSHBUG00000013849	0	0
ENSHBUG00000013850	1	25
ENSHBUG00000013851	6	37
ENSHBUG00000013852	0	0
ENSHBUG00000013853	489	517
ENSHBUG00000013854	0	0
ENSHBUG00000013855	0	0
ENSHBUG00000013856	0	0
ENSHBUG00000013857	1	2
ENSHBUG00000013858	2	45
ENSHBUG00000013859	0	0
ENSHBUG00000013860	0	0
ENSHBUG00000013861	0	0
ENSHBUG00000013862	1	14
ENSHBUG00000013863	0	0
ENSHBUG00000013864	0	0
ENSHBUG00000013865	191	225
ENSHBUG00000013866	0	0
ENSHBUG00000013867	0	0
ENSHBUG00000013868	1	26
ENSHBUG00000013869	0	0
ENSHBUG00000013870	5	20
ENSHBUG00000013871	183	209
ENSHBUG00000013872	0	0
ENSHBUG00000013873	0	0
ENSHBUG00000013874	23	53
ENSHBUG00000013875	0	0
ENSHBUG00000013876	8	35
ENSHBUG00000013877	0	0
ENSHBUG00000013878	3	41
ENSHBUG00000013879	4	33
ENSHBUG00000013880	0	0
ENSHBUG00000013881	0	0
ENSHBUG00000013882	0	0
ENSHBUG00000013883	1	33
ENSHBUG00000013884	0	0
ENSHBUG00000013885	11	24
ENSHBUG00000013886	61	76
ENSHBUG00000013887	5	14
ENSHBUG00000013888	0	0
ENSHBUG00000013889	0	0
ENSHBUG00000013890	4	9
ENSHBUG00000013891	0	0
ENSHBUG00000013892	3	50
ENSHBUG00000013893	0	0
ENSHBUG00000013894	2	25
ENSHBUG00000013895	0	0
ENSHBUG00000013896	6	34
ENSHBUG00000013897	0	0
ENSHBUG00000013898	0	0
ENSHBUG00000013899	452	457
ENSHBUG00000013900	0	0
ENSHBUG00000013901	0	0
ENSHBUG00000013902	0	0
ENSHBUG00000013903	0	0
ENSHBUG00000013904	3	41
ENSHBUG00000013905	0	0
ENSHBUG00000013906	0	0
ENSHBUG00000013907	0	0
ENSHBUG00000013908	0	0
ENSHBUG00000013909	0	0
ENSHBUG00000013910	0	0
ENSHBUG00000013911	1	5
ENSHBUG00000013912	0	0
ENSHBUG00000013913	13	25
ENSHBUG00000013914	0	0
ENSHBUG00000013915	210	232
ENSHBUG00000013916	0	0
ENSHBUG00000013917	0	0
ENSHBUG00000013918	0	0
ENSHBUG00000013919	2	13
ENSHBUG00000013920	0	0
ENSHBUG00000013921	0	0
ENSHBUG00000013922	1	42
ENSHBUG00000013923	3	28
ENSHBUG00000013924	0	0
ENSHBUG00000013925	1	24
ENSHBUG00000013926	0	0
ENSHBUG00000013927	0	0
ENSHBUG00000013928	0	0
ENSHBUG00000013929	0	0
ENSHBUG00000013930	0	0
ENSHBUG00000013931	0	0
ENSHBUG00000013932	0	0
ENSHBUG00000013933	0	0
ENSHBUG00000013934	0	0
ENSHBUG00000013935	0	0
ENSHBUG00000013936	0	0
ENSHBUG00000013937	3	38
ENSHBUG00000013938	4	12
ENSHBUG00000013939	1	31
ENSHBUG00000013940	0	0
ENSHBUG00000013941	0	0
ENSHBUG00000013942	1	32
ENSHBUG00000013943	1	44
ENSHBUG00000013944	1	29
ENSHBUG00000013945	0	0
ENSHBUG00000013946	0	0
ENSHBUG00000013947	0	0
ENSHBUG00000013948	0	0
ENSHBUG00000013949	0	0
ENSHBUG00000013950	0	0
ENSHBUG00000013951	0	0
ENSHBUG00000013952	0	0
ENSHBUG00000013953	1	5
ENSHBUG00000013954	0	0
ENSHBUG00000013955	0	0
ENSHBUG00000013956	0	0
ENSHBUG00000013957	79	102
ENSHBUG00000013958	0	0
ENSHBUG00000013959	0	0
ENSHBUG00000013960	0	0
ENSHBUG00000013961	0	0
ENSHBUG00000013962	1	13
ENSHBUG00000013963	0	0
ENSHBUG00000013964	0	0
ENSHBUG00000013965	0	0
ENSHBUG00000013966	3	25
ENSHBUG00000013967	0	0
ENSHBUG00000013968	0	0
ENSHBUG00000013969	0	0
ENSHBUG00000013970	1	45
ENSHBUG00000013971	34	47
ENSHBUG00000013972	4	46
ENSHBUG00000013973	1	45
ENSHBUG00000013974	0	0
ENSHBUG00000013975	0	0
ENSHBUG00000013976	0	0
ENSHBUG00000013977	0	0
ENSHBUG00000013978	0	0
ENSHBUG00000013979	0	0
ENSHBUG00000013980	79	109
ENSHBUG00000013981	1	45
ENSHBUG00000013982	0	0
ENSHBUG00000013983	0	0
ENSHBUG00000013984	0	0
ENSHBUG00000013985	3	42
ENSHBUG00000013986	0	0
ENSHBUG00000013987	0	0
ENSHBUG00000013988	0	0
ENSHBUG00000013989	0	0
ENSHBUG00000013990	1	8
ENSHBUG00000013991	0	0
ENSHBUG00000013992	3	49
ENSHBUG00000013993	0	0
ENSHBUG00000013994	0	0
ENSHBUG00000013995	0	0
ENSHBUG00000013996	0	0
ENSHBUG00000013997	3	26
ENSHBUG00000013998	0	0
ENSHBUG00000013999	540	553
ENSHBUG00000014000	0	0
ENSHBUG00000014001	0	0
ENSHBUG00000014002	0	0
ENSHBUG00000014003	2	25
ENSHBUG00000014004	0	0
ENSHBUG00000014005	0	0
ENSHBUG00000014006	0	0
ENSHBUG00000014007	0	0
ENSHBUG00000014008	0	0
ENSHBUG00000014009	4	46
ENSHBUG00000014010	3	32
ENSHBUG00000014011	0	0
ENSHBUG00000014012	0	0
ENSHBUG00000014013	3	10
ENSHBUG00000014014	16	29
ENSHBUG00000014015	0	0
ENSHBUG00000014016	11	51
ENSHBUG00000014017	0	0
ENSHBUG00000014018	20	64
ENSHBUG00000014019	1	30
ENSHBUG00000014020	0	0
ENSHBUG00000014021	0	0
ENSHBUG00000014022	0	0
ENSHBUG00000014023	188	205
ENSHBUG00000014024	0	0
ENSHBUG00000014025	0	0
ENSHBUG00000014026	646	670
ENSHBUG00000014027	0	0
ENSHBUG00000014028	0	0
ENSHBUG00000014029	22	37
ENSHBUG00000014030	9	23
ENSHBUG00000014031	2	50
ENSHBUG00000014032	0	0
ENSHBUG00000014033	2	29
ENSHBUG00000014034	0	0
ENSHBUG00000014035	1	6
ENSHBUG00000014036	0	0
ENSHBUG00000014037	228	245
ENSHBUG00000014038	0	0
ENSHBUG00000014039	9	48
ENSHBUG00000014040	7	20
ENSHBUG00000014041	0	0
ENSHBUG00000014042	0	0
ENSHBUG00000014043	115	153
ENSHBUG00000014044	0	0
ENSHBUG00000014045	2	45
ENSHBUG00000014046	1	35
ENSHBUG00000014047	12	44
ENSHBUG00000014048	0	0
ENSHBUG00000014049	2	26
ENSHBUG00000014050	1	17
ENSHBUG00000014051	0	0
ENSHBUG00000014052	8	33
ENSHBUG00000014053	9	53
ENSHBUG00000014054	2	13
ENSHBUG00000014055	0	0
ENSHBUG00000014056	0	0
ENSHBUG00000014057	19	43
ENSHBUG00000014058	0	0
ENSHBUG00000014059	7	42
ENSHBUG00000014060	0	0
ENSHBUG00000014061	0	0
ENSHBUG00000014062	0	0
ENSHBUG00000014063	0	0
ENSHBUG00000014064	0	0
ENSHBUG00000014065	0	0
ENSHBUG00000014066	5	52
ENSHBUG00000014067	0	0
ENSHBUG00000014068	0	0
ENSHBUG00000014069	0	0
ENSHBUG00000014070	0	0
ENSHBUG00000014071	4	7
ENSHBUG00000014072	3	7
ENSHBUG00000014073	6	24
ENSHBUG00000014074	4	36
ENSHBUG00000014075	224	272
ENSHBUG00000014076	0	0
ENSHBUG00000014077	0	0
ENSHBUG00000014078	0	0
ENSHBUG00000014079	113	149
ENSHBUG00000014080	0	0
ENSHBUG00000014081	0	0
ENSHBUG00000014082	0	0
ENSHBUG00000014083	1	44
ENSHBUG00000014084	0	0
ENSHBUG00000014085	47	77
ENSHBUG00000014086	0	0
ENSHBUG00000014087	49	86
ENSHBUG00000014088	29	70
ENSHBUG00000014089	1	47
ENSHBUG00000014090	0	0
ENSHBUG00000014091	0	0
ENSHBUG00000014092	6	46
ENSHBUG00000014093	1	24
ENSHBUG00000014094	0	0
ENSHBUG00000014095	3	47
ENSHBUG00000014096	2	11
ENSHBUG00000014097	53	68
ENSHBUG00000014098	4	29
ENSHBUG00000014099	12	17
ENSHBUG00000014100	3	45
ENSHBUG00000014101	1	27
ENSHBUG00000014102	48	62
ENSHBUG00000014103	3	6
ENSHBUG00000014104	0	0
ENSHBUG00000014105	49	89
ENSHBUG00000014106	0	0
ENSHBUG00000014107	0	0
ENSHBUG00000014108	0	0
ENSHBUG00000014109	0	0
ENSHBUG00000014110	0	0
ENSHBUG00000014111	1	35
ENSHBUG00000014112	0	0
ENSHBUG00000014113	0	0
ENSHBUG00000014114	0	0
ENSHBUG00000014115	33	42
ENSHBUG00000014116	0	0
ENSHBUG00000014117	1	37
ENSHBUG00000014118	0	0
ENSHBUG00000014119	1758	1775
ENSHBUG00000014120	0	0
ENSHBUG00000014121	0	0
ENSHBUG00000014122	0	0
ENSHBUG00000014123	2	24
ENSHBUG00000014124	0	0
ENSHBUG00000014125	1	40
ENSHBUG00000014126	0	0
ENSHBUG00000014127	4	22
ENSHBUG00000014128	0	0
ENSHBUG00000014129	6	21
ENSHBUG00000014130	0	0
ENSHBUG00000014131	4296	4320
ENSHBUG00000014132	0	0
ENSHBUG00000014133	1	2
ENSHBUG00000014134	0	0
ENSHBUG00000014135	24	36
ENSHBUG00000014136	3	37
ENSHBUG00000014137	0	0
ENSHBUG00000014138	0	0
ENSHBUG00000014139	0	0
ENSHBUG00000014140	306	352
ENSHBUG00000014141	0	0
ENSHBUG00000014142	0	0
ENSHBUG00000014143	0	0
ENSHBUG00000014144	0	0
ENSHBUG00000014145	0	0
ENSHBUG00000014146	10	55
ENSHBUG00000014147	0	0
ENSHBUG00000014148	0	0
ENSHBUG00000014149	0	0
ENSHBUG00000014150	0	0
ENSHBUG00000014151	1	28
ENSHBUG00000014152	0	0
ENSHBUG00000014153	7	14
ENSHBUG00000014154	0	0
ENSHBUG00000014155	4	28
ENSHBUG00000014156	0	0
ENSHBUG00000014157	0	0
ENSHBUG00000014158	7	33
ENSHBUG00000014159	12	59
ENSHBUG00000014160	14	18
ENSHBUG00000014161	7	40
ENSHBUG00000014162	10	53
ENSHBUG00000014163	0	0
ENSHBUG00000014164	0	0
ENSHBUG00000014165	1	47
ENSHBUG00000014166	0	0
ENSHBUG00000014167	0	0
ENSHBUG00000014168	0	0
ENSHBUG00000014169	0	0
ENSHBUG00000014170	10	47
ENSHBUG00000014171	5	13
ENSHBUG00000014172	2	35
ENSHBUG00000014173	1	21
ENSHBUG00000014174	0	0
ENSHBUG00000014175	0	0
ENSHBUG00000014176	1	8
ENSHBUG00000014177	2	28
ENSHBUG00000014178	1	30
ENSHBUG00000014179	0	0
ENSHBUG00000014180	1	16
ENSHBUG00000014181	0	0
ENSHBUG00000014182	1	15
ENSHBUG00000014183	3	28
ENSHBUG00000014184	2	33
ENSHBUG00000014185	2	44
ENSHBUG00000014186	1	31
ENSHBUG00000014187	1	3
ENSHBUG00000014188	0	0
ENSHBUG00000014189	3	14
ENSHBUG00000014190	0	0
ENSHBUG00000014191	0	0
ENSHBUG00000014192	1	48
ENSHBUG00000014193	16	29
ENSHBUG00000014194	32	53
ENSHBUG00000014195	0	0
ENSHBUG00000014196	0	0
ENSHBUG00000014197	0	0
ENSHBUG00000014198	0	0
ENSHBUG00000014199	0	0
ENSHBUG00000014200	4	28
ENSHBUG00000014201	2	46
ENSHBUG00000014202	0	0
ENSHBUG00000014203	0	0
ENSHBUG00000014204	0	0
ENSHBUG00000014205	1	19
ENSHBUG00000014206	0	0
ENSHBUG00000014207	0	0
ENSHBUG00000014208	0	0
ENSHBUG00000014209	145	154
ENSHBUG00000014210	1	34
ENSHBUG00000014211	0	0
ENSHBUG00000014212	1	18
ENSHBUG00000014213	0	0
ENSHBUG00000014214	1	30
ENSHBUG00000014215	0	0
ENSHBUG00000014216	0	0
ENSHBUG00000014217	1	22
ENSHBUG00000014218	1	4
ENSHBUG00000014219	3	8
ENSHBUG00000014220	0	0
ENSHBUG00000014221	306	333
ENSHBUG00000014222	0	0
ENSHBUG00000014223	0	0
ENSHBUG00000014224	2	43
ENSHBUG00000014225	15	26
ENSHBUG00000014226	8	38
ENSHBUG00000014227	0	0
ENSHBUG00000014228	0	0
ENSHBUG00000014229	1	30
ENSHBUG00000014230	1	8
ENSHBUG00000014231	0	0
ENSHBUG00000014232	0	0
ENSHBUG00000014233	1	45
ENSHBUG00000014234	0	0
ENSHBUG00000014235	1	43
ENSHBUG00000014236	4	45
ENSHBUG00000014237	2	29
ENSHBUG00000014238	0	0
ENSHBUG00000014239	0	0
ENSHBUG00000014240	0	0
ENSHBUG00000014241	3	46
ENSHBUG00000014242	0	0
ENSHBUG00000014243	0	0
ENSHBUG00000014244	0	0
ENSHBUG00000014245	0	0
ENSHBUG00000014246	0	0
ENSHBUG00000014247	3	9
ENSHBUG00000014248	0	0
ENSHBUG00000014249	0	0
ENSHBUG00000014250	3	8
ENSHBUG00000014251	0	0
ENSHBUG00000014252	1	10
ENSHBUG00000014253	1	34
ENSHBUG00000014254	0	0
ENSHBUG00000014255	12	39
ENSHBUG00000014256	1	37
ENSHBUG00000014257	0	0
ENSHBUG00000014258	8	21
ENSHBUG00000014259	0	0
ENSHBUG00000014260	0	0
ENSHBUG00000014261	7	50
ENSHBUG00000014262	0	0
ENSHBUG00000014263	0	0
ENSHBUG00000014264	0	0
ENSHBUG00000014265	5	25
ENSHBUG00000014266	1	13
ENSHBUG00000014267	0	0
ENSHBUG00000014268	1	32
ENSHBUG00000014269	35	61
ENSHBUG00000014270	3	43
ENSHBUG00000014271	1	24
ENSHBUG00000014272	1	48
ENSHBUG00000014273	8	55
ENSHBUG00000014274	21	66
ENSHBUG00000014275	0	0
ENSHBUG00000014276	0	0
ENSHBUG00000014277	1	43
ENSHBUG00000014278	4	47
ENSHBUG00000014279	0	0
ENSHBUG00000014280	186	200
ENSHBUG00000014281	1	14
ENSHBUG00000014282	0	0
ENSHBUG00000014283	0	0
ENSHBUG00000014284	0	0
ENSHBUG00000014285	0	0
ENSHBUG00000014286	22	56
ENSHBUG00000014287	0	0
ENSHBUG00000014288	1	6
ENSHBUG00000014289	0	0
ENSHBUG00000014290	0	0
ENSHBUG00000014291	11	41
ENSHBUG00000014292	4	29
ENSHBUG00000014293	1	47
ENSHBUG00000014294	0	0
ENSHBUG00000014295	0	0
ENSHBUG00000014296	0	0
ENSHBUG00000014297	0	0
ENSHBUG00000014298	0	0
ENSHBUG00000014299	1	20
ENSHBUG00000014300	0	0
ENSHBUG00000014301	4	52
ENSHBUG00000014302	6	19
ENSHBUG00000014303	11	41
ENSHBUG00000014304	0	0
ENSHBUG00000014305	1	38
ENSHBUG00000014306	2	33
ENSHBUG00000014307	122	153
ENSHBUG00000014308	0	0
ENSHBUG00000014309	0	0
ENSHBUG00000014310	0	0
ENSHBUG00000014311	2	28
ENSHBUG00000014312	6	32
ENSHBUG00000014313	4	43
ENSHBUG00000014314	1	3
ENSHBUG00000014315	49	78
ENSHBUG00000014316	0	0
ENSHBUG00000014317	1	34
ENSHBUG00000014318	0	0
ENSHBUG00000014319	1	49
ENSHBUG00000014320	0	0
ENSHBUG00000014321	0	0
ENSHBUG00000014322	0	0
ENSHBUG00000014323	1	7
ENSHBUG00000014324	15	42
ENSHBUG00000014325	1	15
ENSHBUG00000014326	30	63
ENSHBUG00000014327	38	80
ENSHBUG00000014328	0	0
ENSHBUG00000014329	0	0
ENSHBUG00000014330	0	0
ENSHBUG00000014331	0	0
ENSHBUG00000014332	0	0
ENSHBUG00000014333	0	0
ENSHBUG00000014334	0	0
ENSHBUG00000014335	3	38
ENSHBUG00000014336	2	18
ENSHBUG00000014337	2	39
ENSHBUG00000014338	0	0
ENSHBUG00000014339	7	32
ENSHBUG00000014340	0	0
ENSHBUG00000014341	105	142
ENSHBUG00000014342	0	0
ENSHBUG00000014343	26	53
ENSHBUG00000014344	0	0
ENSHBUG00000014345	0	0
ENSHBUG00000014346	0	0
ENSHBUG00000014347	16	45
ENSHBUG00000014348	1	36
ENSHBUG00000014349	0	0
ENSHBUG00000014350	1	10
ENSHBUG00000014351	0	0
ENSHBUG00000014352	396	404
ENSHBUG00000014353	11	53
ENSHBUG00000014354	0	0
ENSHBUG00000014355	6	16
ENSHBUG00000014356	0	0
ENSHBUG00000014357	0	0
ENSHBUG00000014358	0	0
ENSHBUG00000014359	0	0
ENSHBUG00000014360	8	31
ENSHBUG00000014361	4	17
ENSHBUG00000014362	0	0
ENSHBUG00000014363	0	0
ENSHBUG00000014364	0	0
ENSHBUG00000014365	145	175
ENSHBUG00000014366	0	0
ENSHBUG00000014367	0	0
ENSHBUG00000014368	1	23
ENSHBUG00000014369	33	61
ENSHBUG00000014370	0	0
ENSHBUG00000014371	0	0
ENSHBUG00000014372	0	0
ENSHBUG00000014373	0	0
ENSHBUG00000014374	2	43
ENSHBUG00000014375	2	13
ENSHBUG00000014376	0	0
ENSHBUG00000014377	2	40
ENSHBUG00000014378	0	0
ENSHBUG00000014379	0	0
ENSHBUG00000014380	0	0
ENSHBUG00000014381	1	9
ENSHBUG00000014382	0	0
ENSHBUG00000014383	0	0
ENSHBUG00000014384	7	49
ENSHBUG00000014385	0	0
ENSHBUG00000014386	0	0
ENSHBUG00000014387	10	39
ENSHBUG00000014388	528	551
ENSHBUG00000014389	0	0
ENSHBUG00000014390	6	27
ENSHBUG00000014391	0	0
ENSHBUG00000014392	189	224
ENSHBUG00000014393	0	0
ENSHBUG00000014394	0	0
ENSHBUG00000014395	0	0
ENSHBUG00000014396	0	0
ENSHBUG00000014397	0	0
ENSHBUG00000014398	0	0
ENSHBUG00000014399	2	10
ENSHBUG00000014400	0	0
ENSHBUG00000014401	3	45
ENSHBUG00000014402	2	47
ENSHBUG00000014403	0	0
ENSHBUG00000014404	0	0
ENSHBUG00000014405	6	34
ENSHBUG00000014406	0	0
ENSHBUG00000014407	1	24
ENSHBUG00000014408	17	39
ENSHBUG00000014409	0	0
ENSHBUG00000014410	0	0
ENSHBUG00000014411	0	0
ENSHBUG00000014412	66	111
ENSHBUG00000014413	0	0
ENSHBUG00000014414	1	46
ENSHBUG00000014415	277	281
ENSHBUG00000014416	0	0
ENSHBUG00000014417	0	0
ENSHBUG00000014418	2	9
ENSHBUG00000014419	0	0
ENSHBUG00000014420	102	128
ENSHBUG00000014421	5	27
ENSHBUG00000014422	1	28
ENSHBUG00000014423	2	12
ENSHBUG00000014424	56	94
ENSHBUG00000014425	0	0
ENSHBUG00000014426	3	30
ENSHBUG00000014427	0	0
ENSHBUG00000014428	0	0
ENSHBUG00000014429	1	41
ENSHBUG00000014430	0	0
ENSHBUG00000014431	3	27
ENSHBUG00000014432	0	0
ENSHBUG00000014433	0	0
ENSHBUG00000014434	2	22
ENSHBUG00000014435	1	41
ENSHBUG00000014436	2	14
ENSHBUG00000014437	0	0
ENSHBUG00000014438	1	39
ENSHBUG00000014439	2	13
ENSHBUG00000014440	0	0
ENSHBUG00000014441	0	0
ENSHBUG00000014442	0	0
ENSHBUG00000014443	68	107
ENSHBUG00000014444	0	0
ENSHBUG00000014445	2	11
ENSHBUG00000014446	0	0
ENSHBUG00000014447	2	35
ENSHBUG00000014448	2	28
ENSHBUG00000014449	0	0
ENSHBUG00000014450	2	17
ENSHBUG00000014451	1452	1465
ENSHBUG00000014452	0	0
ENSHBUG00000014453	0	0
ENSHBUG00000014454	2	11
ENSHBUG00000014455	2	16
ENSHBUG00000014456	0	0
ENSHBUG00000014457	2	41
ENSHBUG00000014458	1	47
ENSHBUG00000014459	1	18
ENSHBUG00000014460	0	0
ENSHBUG00000014461	4	6
ENSHBUG00000014462	0	0
ENSHBUG00000014463	0	0
ENSHBUG00000014464	0	0
ENSHBUG00000014465	5	52
ENSHBUG00000014466	0	0
ENSHBUG00000014467	0	0
ENSHBUG00000014468	6	33
ENSHBUG00000014469	1	19
ENSHBUG00000014470	1	15
ENSHBUG00000014471	0	0
ENSHBUG00000014472	0	0
ENSHBUG00000014473	0	0
ENSHBUG00000014474	99	102
ENSHBUG00000014475	481	528
ENSHBUG00000014476	0	0
ENSHBUG00000014477	0	0
ENSHBUG00000014478	0	0
ENSHBUG00000014479	0	0
ENSHBUG00000014480	4	34
ENSHBUG00000014481	60	65
ENSHBUG00000014482	6	17
ENSHBUG00000014483	4	13
ENSHBUG00000014484	0	0
ENSHBUG00000014485	0	0
ENSHBUG00000014486	0	0
ENSHBUG00000014487	0	0
ENSHBUG00000014488	25	62
ENSHBUG00000014489	0	0
ENSHBUG00000014490	0	0
ENSHBUG00000014491	668	690
ENSHBUG00000014492	0	0
ENSHBUG00000014493	0	0
ENSHBUG00000014494	2	21
ENSHBUG00000014495	0	0
ENSHBUG00000014496	2	26
ENSHBUG00000014497	5	20
ENSHBUG00000014498	0	0
ENSHBUG00000014499	149	177
ENSHBUG00000014500	13	26
ENSHBUG00000014501	0	0
ENSHBUG00000014502	1	48
ENSHBUG00000014503	0	0
ENSHBUG00000014504	0	0
ENSHBUG00000014505	7	39
ENSHBUG00000014506	0	0
ENSHBUG00000014507	23	26
ENSHBUG00000014508	0	0
ENSHBUG00000014509	0	0
ENSHBUG00000014510	0	0
ENSHBUG00000014511	3	47
ENSHBUG00000014512	46	94
ENSHBUG00000014513	45	89
ENSHBUG00000014514	0	0
ENSHBUG00000014515	1	23
ENSHBUG00000014516	0	0
ENSHBUG00000014517	1	22
ENSHBUG00000014518	2	43
ENSHBUG00000014519	0	0
ENSHBUG00000014520	0	0
ENSHBUG00000014521	0	0
ENSHBUG00000014522	0	0
ENSHBUG00000014523	2	40
ENSHBUG00000014524	6	18
ENSHBUG00000014525	0	0
ENSHBUG00000014526	3	44
ENSHBUG00000014527	0	0
ENSHBUG00000014528	302	312
ENSHBUG00000014529	0	0
ENSHBUG00000014530	2	8
ENSHBUG00000014531	1	43
ENSHBUG00000014532	0	0
ENSHBUG00000014533	4	44
ENSHBUG00000014534	0	0
ENSHBUG00000014535	13	54
ENSHBUG00000014536	0	0
ENSHBUG00000014537	0	0
ENSHBUG00000014538	25	33
ENSHBUG00000014539	7	49
ENSHBUG00000014540	2	42
ENSHBUG00000014541	4	7
ENSHBUG00000014542	7	54
ENSHBUG00000014543	1	32
ENSHBUG00000014544	0	0
ENSHBUG00000014545	0	0
ENSHBUG00000014546	0	0
ENSHBUG00000014547	259	295
ENSHBUG00000014548	0	0
ENSHBUG00000014549	0	0
ENSHBUG00000014550	0	0
ENSHBUG00000014551	2	36
ENSHBUG00000014552	0	0
ENSHBUG00000014553	0	0
ENSHBUG00000014554	0	0
ENSHBUG00000014555	20	48
ENSHBUG00000014556	3	29
ENSHBUG00000014557	103	134
ENSHBUG00000014558	0	0
ENSHBUG00000014559	0	0
ENSHBUG00000014560	7	15
ENSHBUG00000014561	1	26
ENSHBUG00000014562	0	0
ENSHBUG00000014563	0	0
ENSHBUG00000014564	0	0
ENSHBUG00000014565	0	0
ENSHBUG00000014566	21	58
ENSHBUG00000014567	0	0
ENSHBUG00000014568	0	0
ENSHBUG00000014569	0	0
ENSHBUG00000014570	0	0
ENSHBUG00000014571	0	0
ENSHBUG00000014572	0	0
ENSHBUG00000014573	0	0
ENSHBUG00000014574	0	0
ENSHBUG00000014575	4	42
ENSHBUG00000014576	1	23
ENSHBUG00000014577	25	72
ENSHBUG00000014578	3	46
ENSHBUG00000014579	5	10
ENSHBUG00000014580	2	18
ENSHBUG00000014581	3	27
ENSHBUG00000014582	0	0
ENSHBUG00000014583	6	12
ENSHBUG00000014584	0	0
ENSHBUG00000014585	1	38
ENSHBUG00000014586	0	0
ENSHBUG00000014587	405	406
ENSHBUG00000014588	0	0
ENSHBUG00000014589	0	0
ENSHBUG00000014590	0	0
ENSHBUG00000014591	42	49
ENSHBUG00000014592	0	0
ENSHBUG00000014593	48	89
ENSHBUG00000014594	1	14
ENSHBUG00000014595	5	20
ENSHBUG00000014596	0	0
ENSHBUG00000014597	17	41
ENSHBUG00000014598	3	41
ENSHBUG00000014599	52	76
ENSHBUG00000014600	0	0
ENSHBUG00000014601	1	6
ENSHBUG00000014602	0	0
ENSHBUG00000014603	11	15
ENSHBUG00000014604	0	0
ENSHBUG00000014605	354	390
ENSHBUG00000014606	0	0
ENSHBUG00000014607	2	30
ENSHBUG00000014608	0	0
ENSHBUG00000014609	129	168
ENSHBUG00000014610	0	0
ENSHBUG00000014611	0	0
ENSHBUG00000014612	0	0
ENSHBUG00000014613	1	38
ENSHBUG00000014614	0	0
ENSHBUG00000014615	3	50
ENSHBUG00000014616	0	0
ENSHBUG00000014617	0	0
ENSHBUG00000014618	0	0
ENSHBUG00000014619	0	0
ENSHBUG00000014620	0	0
ENSHBUG00000014621	0	0
ENSHBUG00000014622	1	48
ENSHBUG00000014623	0	0
ENSHBUG00000014624	0	0
ENSHBUG00000014625	1	39
ENSHBUG00000014626	0	0
ENSHBUG00000014627	0	0
ENSHBUG00000014628	0	0
ENSHBUG00000014629	6	8
ENSHBUG00000014630	2	33
ENSHBUG00000014631	2	50
ENSHBUG00000014632	0	0
ENSHBUG00000014633	0	0
ENSHBUG00000014634	2	10
ENSHBUG00000014635	0	0
ENSHBUG00000014636	0	0
ENSHBUG00000014637	1	40
ENSHBUG00000014638	9	32
ENSHBUG00000014639	1	21
ENSHBUG00000014640	3	27
ENSHBUG00000014641	0	0
ENSHBUG00000014642	0	0
ENSHBUG00000014643	0	0
ENSHBUG00000014644	0	0
ENSHBUG00000014645	1	20
ENSHBUG00000014646	1	46
ENSHBUG00000014647	652	661
ENSHBUG00000014648	5	48
ENSHBUG00000014649	0	0
ENSHBUG00000014650	1	49
ENSHBUG00000014651	2	41
ENSHBUG00000014652	0	0
ENSHBUG00000014653	2	28
ENSHBUG00000014654	0	0
ENSHBUG00000014655	0	0
ENSHBUG00000014656	0	0
ENSHBUG00000014657	7	8
ENSHBUG00000014658	10	13
ENSHBUG00000014659	5	6
ENSHBUG00000014660	0	0
ENSHBUG00000014661	0	0
ENSHBUG00000014662	2	50
ENSHBUG00000014663	4	43
ENSHBUG00000014664	0	0
ENSHBUG00000014665	0	0
ENSHBUG00000014666	0	0
ENSHBUG00000014667	3	6
ENSHBUG00000014668	0	0
ENSHBUG00000014669	0	0
ENSHBUG00000014670	2	4
ENSHBUG00000014671	0	0
ENSHBUG00000014672	4	38
ENSHBUG00000014673	0	0
ENSHBUG00000014674	0	0
ENSHBUG00000014675	0	0
ENSHBUG00000014676	0	0
ENSHBUG00000014677	0	0
ENSHBUG00000014678	0	0
ENSHBUG00000014679	1	47
ENSHBUG00000014680	0	0
ENSHBUG00000014681	0	0
ENSHBUG00000014682	3	36
ENSHBUG00000014683	2	37
ENSHBUG00000014684	0	0
ENSHBUG00000014685	0	0
ENSHBUG00000014686	2	40
ENSHBUG00000014687	0	0
ENSHBUG00000014688	0	0
ENSHBUG00000014689	0	0
ENSHBUG00000014690	0	0
ENSHBUG00000014691	0	0
ENSHBUG00000014692	0	0
ENSHBUG00000014693	0	0
ENSHBUG00000014694	7	47
ENSHBUG00000014695	0	0
ENSHBUG00000014696	0	0
ENSHBUG00000014697	0	0
ENSHBUG00000014698	0	0
ENSHBUG00000014699	3	21
ENSHBUG00000014700	0	0
ENSHBUG00000014701	0	0
ENSHBUG00000014702	0	0
ENSHBUG00000014703	0	0
ENSHBUG00000014704	0	0
ENSHBUG00000014705	9	37
ENSHBUG00000014706	20	60
ENSHBUG00000014707	0	0
ENSHBUG00000014708	0	0
ENSHBUG00000014709	0	0
ENSHBUG00000014710	0	0
ENSHBUG00000014711	2	39
ENSHBUG00000014712	0	0
ENSHBUG00000014713	1	4
ENSHBUG00000014714	0	0
ENSHBUG00000014715	1	26
ENSHBUG00000014716	0	0
ENSHBUG00000014717	6	19
ENSHBUG00000014718	6	52
ENSHBUG00000014719	2	23
ENSHBUG00000014720	2	14
ENSHBUG00000014721	1	14
ENSHBUG00000014722	0	0
ENSHBUG00000014723	0	0
ENSHBUG00000014724	1	31
ENSHBUG00000014725	0	0
ENSHBUG00000014726	0	0
ENSHBUG00000014727	0	0
ENSHBUG00000014728	0	0
ENSHBUG00000014729	179	210
ENSHBUG00000014730	0	0
ENSHBUG00000014731	1	47
ENSHBUG00000014732	0	0
ENSHBUG00000014733	2	33
ENSHBUG00000014734	29	48
ENSHBUG00000014735	0	0
ENSHBUG00000014736	0	0
ENSHBUG00000014737	1	29
ENSHBUG00000014738	16	18
ENSHBUG00000014739	0	0
ENSHBUG00000014740	2	39
ENSHBUG00000014741	1	12
ENSHBUG00000014742	5	7
ENSHBUG00000014743	0	0
ENSHBUG00000014744	0	0
ENSHBUG00000014745	0	0
ENSHBUG00000014746	0	0
ENSHBUG00000014747	0	0
ENSHBUG00000014748	1	40
ENSHBUG00000014749	3	33
ENSHBUG00000014750	3	40
ENSHBUG00000014751	0	0
ENSHBUG00000014752	1	2
ENSHBUG00000014753	0	0
ENSHBUG00000014754	0	0
ENSHBUG00000014755	178	211
ENSHBUG00000014756	16	21
ENSHBUG00000014757	0	0
ENSHBUG00000014758	18	22
ENSHBUG00000014759	0	0
ENSHBUG00000014760	18	19
ENSHBUG00000014761	0	0
ENSHBUG00000014762	3	16
ENSHBUG00000014763	1	14
ENSHBUG00000014764	0	0
ENSHBUG00000014765	0	0
ENSHBUG00000014766	44	68
ENSHBUG00000014767	4	42
ENSHBUG00000014768	7	24
ENSHBUG00000014769	0	0
ENSHBUG00000014770	0	0
ENSHBUG00000014771	0	0
ENSHBUG00000014772	0	0
ENSHBUG00000014773	0	0
ENSHBUG00000014774	0	0
ENSHBUG00000014775	0	0
ENSHBUG00000014776	0	0
ENSHBUG00000014777	1	38
ENSHBUG00000014778	1	15
ENSHBUG00000014779	5	28
ENSHBUG00000014780	0	0
ENSHBUG00000014781	0	0
ENSHBUG00000014782	0	0
ENSHBUG00000014783	23	40
ENSHBUG00000014784	0	0
ENSHBUG00000014785	5	16
ENSHBUG00000014786	0	0
ENSHBUG00000014787	0	0
ENSHBUG00000014788	0	0
ENSHBUG00000014789	15	29
ENSHBUG00000014790	0	0
ENSHBUG00000014791	14	39
ENSHBUG00000014792	0	0
ENSHBUG00000014793	0	0
ENSHBUG00000014794	0	0
ENSHBUG00000014795	0	0
ENSHBUG00000014796	0	0
ENSHBUG00000014797	15	22
ENSHBUG00000014798	1	7
ENSHBUG00000014799	10	37
ENSHBUG00000014800	0	0
ENSHBUG00000014801	0	0
ENSHBUG00000014802	2	44
ENSHBUG00000014803	0	0
ENSHBUG00000014804	0	0
ENSHBUG00000014805	0	0
ENSHBUG00000014806	0	0
ENSHBUG00000014807	16	26
ENSHBUG00000014808	0	0
ENSHBUG00000014809	0	0
ENSHBUG00000014810	3	39
ENSHBUG00000014811	0	0
ENSHBUG00000014812	0	0
ENSHBUG00000014813	5	36
ENSHBUG00000014814	6	35
ENSHBUG00000014815	6	17
ENSHBUG00000014816	0	0
ENSHBUG00000014817	2	12
ENSHBUG00000014818	1	4
ENSHBUG00000014819	0	0
ENSHBUG00000014820	0	0
ENSHBUG00000014821	0	0
ENSHBUG00000014822	0	0
ENSHBUG00000014823	0	0
ENSHBUG00000014824	0	0
ENSHBUG00000014825	0	0
ENSHBUG00000014826	0	0
ENSHBUG00000014827	0	0
ENSHBUG00000014828	0	0
ENSHBUG00000014829	0	0
ENSHBUG00000014830	3	42
ENSHBUG00000014831	0	0
ENSHBUG00000014832	0	0
ENSHBUG00000014833	0	0
ENSHBUG00000014834	29	48
ENSHBUG00000014835	1	19
ENSHBUG00000014836	2	27
ENSHBUG00000014837	5	52
ENSHBUG00000014838	0	0
ENSHBUG00000014839	0	0
ENSHBUG00000014840	0	0
ENSHBUG00000014841	0	0
ENSHBUG00000014842	1	40
ENSHBUG00000014843	0	0
ENSHBUG00000014844	0	0
ENSHBUG00000014845	0	0
ENSHBUG00000014846	0	0
ENSHBUG00000014847	0	0
ENSHBUG00000014848	12	30
ENSHBUG00000014849	2	36
ENSHBUG00000014850	1	24
ENSHBUG00000014851	1	20
ENSHBUG00000014852	0	0
ENSHBUG00000014853	0	0
ENSHBUG00000014854	2	22
ENSHBUG00000014855	0	0
ENSHBUG00000014856	0	0
ENSHBUG00000014857	0	0
ENSHBUG00000014858	18	59
ENSHBUG00000014859	2	10
ENSHBUG00000014860	0	0
ENSHBUG00000014861	1	41
ENSHBUG00000014862	19	34
ENSHBUG00000014863	0	0
ENSHBUG00000014864	0	0
ENSHBUG00000014865	4	15
ENSHBUG00000014866	10	15
ENSHBUG00000014867	0	0
ENSHBUG00000014868	290	336
ENSHBUG00000014869	3	17
ENSHBUG00000014870	2	49
ENSHBUG00000014871	94	108
ENSHBUG00000014872	0	0
ENSHBUG00000014873	1	23
ENSHBUG00000014874	1	2
ENSHBUG00000014875	0	0
ENSHBUG00000014876	0	0
ENSHBUG00000014877	1	31
ENSHBUG00000014878	41	66
ENSHBUG00000014879	0	0
ENSHBUG00000014880	5	34
ENSHBUG00000014881	0	0
ENSHBUG00000014882	0	0
ENSHBUG00000014883	0	0
ENSHBUG00000014884	7	32
ENSHBUG00000014885	1	24
ENSHBUG00000014886	0	0
ENSHBUG00000014887	30	38
ENSHBUG00000014888	0	0
ENSHBUG00000014889	0	0
ENSHBUG00000014890	3	37
ENSHBUG00000014891	0	0
ENSHBUG00000014892	10	39
ENSHBUG00000014893	0	0
ENSHBUG00000014894	0	0
ENSHBUG00000014895	0	0
ENSHBUG00000014896	0	0
ENSHBUG00000014897	0	0
ENSHBUG00000014898	0	0
ENSHBUG00000014899	0	0
ENSHBUG00000014900	0	0
ENSHBUG00000014901	0	0
ENSHBUG00000014902	0	0
ENSHBUG00000014903	0	0
ENSHBUG00000014904	0	0
ENSHBUG00000014905	0	0
ENSHBUG00000014906	1287	1292
ENSHBUG00000014907	0	0
ENSHBUG00000014908	3	21
ENSHBUG00000014909	1	28
ENSHBUG00000014910	0	0
ENSHBUG00000014911	0	0
ENSHBUG00000014912	0	0
ENSHBUG00000014913	5	20
ENSHBUG00000014914	0	0
ENSHBUG00000014915	0	0
ENSHBUG00000014916	0	0
ENSHBUG00000014917	9	53
ENSHBUG00000014918	1	32
ENSHBUG00000014919	6	30
ENSHBUG00000014920	5	21
ENSHBUG00000014921	0	0
ENSHBUG00000014922	0	0
ENSHBUG00000014923	156	159
ENSHBUG00000014924	0	0
ENSHBUG00000014925	0	0
ENSHBUG00000014926	27	30
ENSHBUG00000014927	0	0
ENSHBUG00000014928	1	16
ENSHBUG00000014929	0	0
ENSHBUG00000014930	3	23
ENSHBUG00000014931	3	38
ENSHBUG00000014932	0	0
ENSHBUG00000014933	0	0
ENSHBUG00000014934	0	0
ENSHBUG00000014935	0	0
ENSHBUG00000014936	0	0
ENSHBUG00000014937	1	4
ENSHBUG00000014938	0	0
ENSHBUG00000014939	0	0
ENSHBUG00000014940	11	46
ENSHBUG00000014941	0	0
ENSHBUG00000014942	46	53
ENSHBUG00000014943	2	39
ENSHBUG00000014944	0	0
ENSHBUG00000014945	1	36
ENSHBUG00000014946	0	0
ENSHBUG00000014947	1	6
ENSHBUG00000014948	0	0
ENSHBUG00000014949	0	0
ENSHBUG00000014950	0	0
ENSHBUG00000014951	0	0
ENSHBUG00000014952	17	55
ENSHBUG00000014953	6	43
ENSHBUG00000014954	0	0
ENSHBUG00000014955	2	36
ENSHBUG00000014956	2	31
ENSHBUG00000014957	4	20
ENSHBUG00000014958	1	48
ENSHBUG00000014959	0	0
ENSHBUG00000014960	1	44
ENSHBUG00000014961	0	0
ENSHBUG00000014962	0	0
ENSHBUG00000014963	0	0
ENSHBUG00000014964	4	15
ENSHBUG00000014965	1	9
ENSHBUG00000014966	1	20
ENSHBUG00000014967	0	0
ENSHBUG00000014968	3	29
ENSHBUG00000014969	0	0
ENSHBUG00000014970	16	56
ENSHBUG00000014971	1	32
ENSHBUG00000014972	1	26
ENSHBUG00000014973	0	0
ENSHBUG00000014974	6	48
ENSHBUG00000014975	0	0
ENSHBUG00000014976	0	0
ENSHBUG00000014977	0	0
ENSHBUG00000014978	0	0
ENSHBUG00000014979	11	47
ENSHBUG00000014980	0	0
ENSHBUG00000014981	1	27
ENSHBUG00000014982	0	0
ENSHBUG00000014983	0	0
ENSHBUG00000014984	2	11
ENSHBUG00000014985	0	0
ENSHBUG00000014986	0	0
ENSHBUG00000014987	0	0
ENSHBUG00000014988	142	155
ENSHBUG00000014989	0	0
ENSHBUG00000014990	0	0
ENSHBUG00000014991	0	0
ENSHBUG00000014992	0	0
ENSHBUG00000014993	0	0
ENSHBUG00000014994	1	31
ENSHBUG00000014995	0	0
ENSHBUG00000014996	0	0
ENSHBUG00000014997	0	0
ENSHBUG00000014998	0	0
ENSHBUG00000014999	6	42
ENSHBUG00000015000	0	0
ENSHBUG00000015001	0	0
ENSHBUG00000015002	1	41
ENSHBUG00000015003	14	59
ENSHBUG00000015004	0	0
ENSHBUG00000015005	0	0
ENSHBUG00000015006	0	0
ENSHBUG00000015007	0	0
ENSHBUG00000015008	7	16
ENSHBUG00000015009	0	0
ENSHBUG00000015010	0	0
ENSHBUG00000015011	0	0
ENSHBUG00000015012	3	42
ENSHBUG00000015013	7	12
ENSHBUG00000015014	0	0
ENSHBUG00000015015	0	0
ENSHBUG00000015016	6	36
ENSHBUG00000015017	1	43
ENSHBUG00000015018	0	0
ENSHBUG00000015019	0	0
ENSHBUG00000015020	189	226
ENSHBUG00000015021	0	0
ENSHBUG00000015022	0	0
ENSHBUG00000015023	0	0
ENSHBUG00000015024	17	56
ENSHBUG00000015025	2	14
ENSHBUG00000015026	1	46
ENSHBUG00000015027	0	0
ENSHBUG00000015028	0	0
ENSHBUG00000015029	40	52
ENSHBUG00000015030	462	477
ENSHBUG00000015031	0	0
ENSHBUG00000015032	3	14
ENSHBUG00000015033	0	0
ENSHBUG00000015034	3	40
ENSHBUG00000015035	5	11
ENSHBUG00000015036	95	128
ENSHBUG00000015037	7	39
ENSHBUG00000015038	0	0
ENSHBUG00000015039	0	0
ENSHBUG00000015040	8	43
ENSHBUG00000015041	0	0
ENSHBUG00000015042	0	0
ENSHBUG00000015043	0	0
ENSHBUG00000015044	0	0
ENSHBUG00000015045	3	27
ENSHBUG00000015046	38	77
ENSHBUG00000015047	0	0
ENSHBUG00000015048	1	6
ENSHBUG00000015049	0	0
ENSHBUG00000015050	0	0
ENSHBUG00000015051	3	18
ENSHBUG00000015052	0	0
ENSHBUG00000015053	0	0
ENSHBUG00000015054	63	74
ENSHBUG00000015055	1	42
ENSHBUG00000015056	0	0
ENSHBUG00000015057	0	0
ENSHBUG00000015058	216	232
ENSHBUG00000015059	2	22
ENSHBUG00000015060	0	0
ENSHBUG00000015061	0	0
ENSHBUG00000015062	0	0
ENSHBUG00000015063	0	0
ENSHBUG00000015064	0	0
ENSHBUG00000015065	1	16
ENSHBUG00000015066	6	8
ENSHBUG00000015067	2	5
ENSHBUG00000015068	130	132
ENSHBUG00000015069	10	16
ENSHBUG00000015070	0	0
ENSHBUG00000015071	36	63
ENSHBUG00000015072	0	0
ENSHBUG00000015073	0	0
ENSHBUG00000015074	0	0
ENSHBUG00000015075	0	0
ENSHBUG00000015076	10	24
ENSHBUG00000015077	0	0
ENSHBUG00000015078	10	25
ENSHBUG00000015079	0	0
ENSHBUG00000015080	2	20
ENSHBUG00000015081	0	0
ENSHBUG00000015082	0	0
ENSHBUG00000015083	8	11
ENSHBUG00000015084	1	3
ENSHBUG00000015085	1	38
ENSHBUG00000015086	0	0
ENSHBUG00000015087	3	7
ENSHBUG00000015088	27	68
ENSHBUG00000015089	0	0
ENSHBUG00000015090	0	0
ENSHBUG00000015091	1	23
ENSHBUG00000015092	0	0
ENSHBUG00000015093	13	30
ENSHBUG00000015094	0	0
ENSHBUG00000015095	23	45
ENSHBUG00000015096	0	0
ENSHBUG00000015097	0	0
ENSHBUG00000015098	1	11
ENSHBUG00000015099	37	83
ENSHBUG00000015100	34	72
ENSHBUG00000015101	2	15
ENSHBUG00000015102	1	18
ENSHBUG00000015103	129	134
ENSHBUG00000015104	0	0
ENSHBUG00000015105	0	0
ENSHBUG00000015106	1	46
ENSHBUG00000015107	1	42
ENSHBUG00000015108	0	0
ENSHBUG00000015109	13	59
ENSHBUG00000015110	0	0
ENSHBUG00000015111	3	4
ENSHBUG00000015112	70	92
ENSHBUG00000015113	2	30
ENSHBUG00000015114	0	0
ENSHBUG00000015115	0	0
ENSHBUG00000015116	0	0
ENSHBUG00000015117	0	0
ENSHBUG00000015118	2	41
ENSHBUG00000015119	0	0
ENSHBUG00000015120	0	0
ENSHBUG00000015121	0	0
ENSHBUG00000015122	1	31
ENSHBUG00000015123	0	0
ENSHBUG00000015124	18	60
ENSHBUG00000015125	1	33
ENSHBUG00000015126	4	20
ENSHBUG00000015127	159	163
ENSHBUG00000015128	0	0
ENSHBUG00000015129	13	61
ENSHBUG00000015130	2	44
ENSHBUG00000015131	0	0
ENSHBUG00000015132	1	41
ENSHBUG00000015133	0	0
ENSHBUG00000015134	1	40
ENSHBUG00000015135	0	0
ENSHBUG00000015136	1	31
ENSHBUG00000015137	0	0
ENSHBUG00000015138	0	0
ENSHBUG00000015139	4	13
ENSHBUG00000015140	0	0
ENSHBUG00000015141	0	0
ENSHBUG00000015142	0	0
ENSHBUG00000015143	1	37
ENSHBUG00000015144	2	45
ENSHBUG00000015145	1	47
ENSHBUG00000015146	2	18
ENSHBUG00000015147	48	95
ENSHBUG00000015148	0	0
ENSHBUG00000015149	0	0
ENSHBUG00000015150	104	115
ENSHBUG00000015151	442	448
ENSHBUG00000015152	0	0
ENSHBUG00000015153	0	0
ENSHBUG00000015154	0	0
ENSHBUG00000015155	3	19
ENSHBUG00000015156	0	0
ENSHBUG00000015157	0	0
ENSHBUG00000015158	1	9
ENSHBUG00000015159	0	0
ENSHBUG00000015160	0	0
ENSHBUG00000015161	3	31
ENSHBUG00000015162	53	77
ENSHBUG00000015163	32	57
ENSHBUG00000015164	0	0
ENSHBUG00000015165	0	0
ENSHBUG00000015166	0	0
ENSHBUG00000015167	0	0
ENSHBUG00000015168	5	27
ENSHBUG00000015169	0	0
ENSHBUG00000015170	1	40
ENSHBUG00000015171	1488	1510
ENSHBUG00000015172	0	0
ENSHBUG00000015173	0	0
ENSHBUG00000015174	5	15
ENSHBUG00000015175	3	19
ENSHBUG00000015176	1942	1983
ENSHBUG00000015177	0	0
ENSHBUG00000015178	2	40
ENSHBUG00000015179	3	47
ENSHBUG00000015180	0	0
ENSHBUG00000015181	4	33
ENSHBUG00000015182	205	249
ENSHBUG00000015183	0	0
ENSHBUG00000015184	17	46
ENSHBUG00000015185	0	0
ENSHBUG00000015186	0	0
ENSHBUG00000015187	5	16
ENSHBUG00000015188	0	0
ENSHBUG00000015189	1	34
ENSHBUG00000015190	0	0
ENSHBUG00000015191	2	25
ENSHBUG00000015192	8	14
ENSHBUG00000015193	147	157
ENSHBUG00000015194	1	12
ENSHBUG00000015195	0	0
ENSHBUG00000015196	0	0
ENSHBUG00000015197	0	0
ENSHBUG00000015198	0	0
ENSHBUG00000015199	0	0
ENSHBUG00000015200	1	31
ENSHBUG00000015201	1	14
ENSHBUG00000015202	0	0
ENSHBUG00000015203	0	0
ENSHBUG00000015204	643	662
ENSHBUG00000015205	1	20
ENSHBUG00000015206	0	0
ENSHBUG00000015207	0	0
ENSHBUG00000015208	0	0
ENSHBUG00000015209	0	0
ENSHBUG00000015210	313	325
ENSHBUG00000015211	3	7
ENSHBUG00000015212	1	9
ENSHBUG00000015213	0	0
ENSHBUG00000015214	2	30
ENSHBUG00000015215	0	0
ENSHBUG00000015216	0	0
ENSHBUG00000015217	0	0
ENSHBUG00000015218	0	0
ENSHBUG00000015219	0	0
ENSHBUG00000015220	34	57
ENSHBUG00000015221	0	0
ENSHBUG00000015222	23	38
ENSHBUG00000015223	0	0
ENSHBUG00000015224	1	20
ENSHBUG00000015225	0	0
ENSHBUG00000015226	20	42
ENSHBUG00000015227	1	29
ENSHBUG00000015228	0	0
ENSHBUG00000015229	61	65
ENSHBUG00000015230	0	0
ENSHBUG00000015231	0	0
ENSHBUG00000015232	4	19
ENSHBUG00000015233	0	0
ENSHBUG00000015234	0	0
ENSHBUG00000015235	0	0
ENSHBUG00000015236	0	0
ENSHBUG00000015237	1	23
ENSHBUG00000015238	0	0
ENSHBUG00000015239	0	0
ENSHBUG00000015240	0	0
ENSHBUG00000015241	0	0
ENSHBUG00000015242	29	35
ENSHBUG00000015243	0	0
ENSHBUG00000015244	73	91
ENSHBUG00000015245	0	0
ENSHBUG00000015246	0	0
ENSHBUG00000015247	17	24
ENSHBUG00000015248	1	48
ENSHBUG00000015249	0	0
ENSHBUG00000015250	0	0
ENSHBUG00000015251	0	0
ENSHBUG00000015252	0	0
ENSHBUG00000015253	0	0
ENSHBUG00000015254	0	0
ENSHBUG00000015255	0	0
ENSHBUG00000015256	2	17
ENSHBUG00000015257	0	0
ENSHBUG00000015258	7	17
ENSHBUG00000015259	0	0
ENSHBUG00000015260	1622	1640
ENSHBUG00000015261	1	11
ENSHBUG00000015262	19	27
ENSHBUG00000015263	1	22
ENSHBUG00000015264	0	0
ENSHBUG00000015265	0	0
ENSHBUG00000015266	0	0
ENSHBUG00000015267	3	29
ENSHBUG00000015268	0	0
ENSHBUG00000015269	3	19
ENSHBUG00000015270	0	0
ENSHBUG00000015271	2	14
ENSHBUG00000015272	1	42
ENSHBUG00000015273	3804	3834
ENSHBUG00000015274	0	0
ENSHBUG00000015275	0	0
ENSHBUG00000015276	0	0
ENSHBUG00000015277	7	11
ENSHBUG00000015278	0	0
ENSHBUG00000015279	0	0
ENSHBUG00000015280	0	0
ENSHBUG00000015281	2	11
ENSHBUG00000015282	0	0
ENSHBUG00000015283	0	0
ENSHBUG00000015284	1	36
ENSHBUG00000015285	0	0
ENSHBUG00000015286	5	49
ENSHBUG00000015287	286	322
ENSHBUG00000015288	3	26
ENSHBUG00000015289	2	5
ENSHBUG00000015290	406	423
ENSHBUG00000015291	0	0
ENSHBUG00000015292	3	11
ENSHBUG00000015293	0	0
ENSHBUG00000015294	2	12
ENSHBUG00000015295	4	49
ENSHBUG00000015296	596	621
ENSHBUG00000015297	0	0
ENSHBUG00000015298	6	49
ENSHBUG00000015299	0	0
ENSHBUG00000015300	0	0
ENSHBUG00000015301	362	399
ENSHBUG00000015302	2	36
ENSHBUG00000015303	204	241
ENSHBUG00000015304	0	0
ENSHBUG00000015305	6	29
ENSHBUG00000015306	0	0
ENSHBUG00000015307	11	27
ENSHBUG00000015308	27	30
ENSHBUG00000015309	4	45
ENSHBUG00000015310	0	0
ENSHBUG00000015311	930	960
ENSHBUG00000015312	0	0
ENSHBUG00000015313	0	0
ENSHBUG00000015314	4	39
ENSHBUG00000015315	0	0
ENSHBUG00000015316	5	21
ENSHBUG00000015317	0	0
ENSHBUG00000015318	0	0
ENSHBUG00000015319	0	0
ENSHBUG00000015320	0	0
ENSHBUG00000015321	0	0
ENSHBUG00000015322	1	42
ENSHBUG00000015323	0	0
ENSHBUG00000015324	1	7
ENSHBUG00000015325	0	0
ENSHBUG00000015326	13	38
ENSHBUG00000015327	2	47
ENSHBUG00000015328	0	0
ENSHBUG00000015329	1	44
ENSHBUG00000015330	1300	1304
ENSHBUG00000015331	532	573
ENSHBUG00000015332	6	20
ENSHBUG00000015333	0	0
ENSHBUG00000015334	5	21
ENSHBUG00000015335	3	11
ENSHBUG00000015336	0	0
ENSHBUG00000015337	0	0
ENSHBUG00000015338	0	0
ENSHBUG00000015339	2	21
ENSHBUG00000015340	0	0
ENSHBUG00000015341	1	38
ENSHBUG00000015342	0	0
ENSHBUG00000015343	4	27
ENSHBUG00000015344	0	0
ENSHBUG00000015345	38	79
ENSHBUG00000015346	0	0
ENSHBUG00000015347	0	0
ENSHBUG00000015348	0	0
ENSHBUG00000015349	0	0
ENSHBUG00000015350	3	13
ENSHBUG00000015351	0	0
ENSHBUG00000015352	1	7
ENSHBUG00000015353	1	42
ENSHBUG00000015354	0	0
ENSHBUG00000015355	0	0
ENSHBUG00000015356	0	0
ENSHBUG00000015357	7	12
ENSHBUG00000015358	0	0
ENSHBUG00000015359	51	76
ENSHBUG00000015360	0	0
ENSHBUG00000015361	0	0
ENSHBUG00000015362	1	35
ENSHBUG00000015363	0	0
ENSHBUG00000015364	0	0
ENSHBUG00000015365	0	0
ENSHBUG00000015366	0	0
ENSHBUG00000015367	0	0
ENSHBUG00000015368	0	0
ENSHBUG00000015369	68	100
ENSHBUG00000015370	0	0
ENSHBUG00000015371	1	42
ENSHBUG00000015372	57	79
ENSHBUG00000015373	13	48
ENSHBUG00000015374	294	332
ENSHBUG00000015375	0	0
ENSHBUG00000015376	16	27
ENSHBUG00000015377	0	0
ENSHBUG00000015378	0	0
ENSHBUG00000015379	1	24
ENSHBUG00000015380	0	0
ENSHBUG00000015381	0	0
ENSHBUG00000015382	0	0
ENSHBUG00000015383	0	0
ENSHBUG00000015384	0	0
ENSHBUG00000015385	0	0
ENSHBUG00000015386	0	0
ENSHBUG00000015387	0	0
ENSHBUG00000015388	0	0
ENSHBUG00000015389	0	0
ENSHBUG00000015390	0	0
ENSHBUG00000015391	0	0
ENSHBUG00000015392	5	53
ENSHBUG00000015393	4	28
ENSHBUG00000015394	0	0
ENSHBUG00000015395	202	223
ENSHBUG00000015396	0	0
ENSHBUG00000015397	0	0
ENSHBUG00000015398	2	27
ENSHBUG00000015399	1	9
ENSHBUG00000015400	1	3
ENSHBUG00000015401	0	0
ENSHBUG00000015402	3	21
ENSHBUG00000015403	28	30
ENSHBUG00000015404	0	0
ENSHBUG00000015405	0	0
ENSHBUG00000015406	0	0
ENSHBUG00000015407	0	0
ENSHBUG00000015408	2	38
ENSHBUG00000015409	0	0
ENSHBUG00000015410	0	0
ENSHBUG00000015411	0	0
ENSHBUG00000015412	6	30
ENSHBUG00000015413	54	78
ENSHBUG00000015414	0	0
ENSHBUG00000015415	0	0
ENSHBUG00000015416	0	0
ENSHBUG00000015417	1	7
ENSHBUG00000015418	5	23
ENSHBUG00000015419	0	0
ENSHBUG00000015420	19	48
ENSHBUG00000015421	0	0
ENSHBUG00000015422	0	0
ENSHBUG00000015423	1	43
ENSHBUG00000015424	14	46
ENSHBUG00000015425	0	0
ENSHBUG00000015426	1	34
ENSHBUG00000015427	1	33
ENSHBUG00000015428	29	69
ENSHBUG00000015429	0	0
ENSHBUG00000015430	0	0
ENSHBUG00000015431	0	0
ENSHBUG00000015432	1	33
ENSHBUG00000015433	1	39
ENSHBUG00000015434	0	0
ENSHBUG00000015435	17	35
ENSHBUG00000015436	6	28
ENSHBUG00000015437	0	0
ENSHBUG00000015438	0	0
ENSHBUG00000015439	0	0
ENSHBUG00000015440	2	14
ENSHBUG00000015441	0	0
ENSHBUG00000015442	1	5
ENSHBUG00000015443	0	0
ENSHBUG00000015444	0	0
ENSHBUG00000015445	135	153
ENSHBUG00000015446	0	0
ENSHBUG00000015447	1	11
ENSHBUG00000015448	1	21
ENSHBUG00000015449	0	0
ENSHBUG00000015450	271	294
ENSHBUG00000015451	0	0
ENSHBUG00000015452	0	0
ENSHBUG00000015453	0	0
ENSHBUG00000015454	484	501
ENSHBUG00000015455	0	0
ENSHBUG00000015456	0	0
ENSHBUG00000015457	0	0
ENSHBUG00000015458	0	0
ENSHBUG00000015459	0	0
ENSHBUG00000015460	0	0
ENSHBUG00000015461	1	49
ENSHBUG00000015462	0	0
ENSHBUG00000015463	0	0
ENSHBUG00000015464	0	0
ENSHBUG00000015465	0	0
ENSHBUG00000015466	3	32
ENSHBUG00000015467	2	26
ENSHBUG00000015468	0	0
ENSHBUG00000015469	4	10
ENSHBUG00000015470	3	19
ENSHBUG00000015471	0	0
ENSHBUG00000015472	0	0
ENSHBUG00000015473	0	0
ENSHBUG00000015474	4	39
ENSHBUG00000015475	0	0
ENSHBUG00000015476	0	0
ENSHBUG00000015477	7	22
ENSHBUG00000015478	9	12
ENSHBUG00000015479	1	26
ENSHBUG00000015480	7	32
ENSHBUG00000015481	19	51
ENSHBUG00000015482	0	0
ENSHBUG00000015483	0	0
ENSHBUG00000015484	0	0
ENSHBUG00000015485	0	0
ENSHBUG00000015486	1	28
ENSHBUG00000015487	2	14
ENSHBUG00000015488	1	45
ENSHBUG00000015489	1	25
ENSHBUG00000015490	3	46
ENSHBUG00000015491	0	0
ENSHBUG00000015492	0	0
ENSHBUG00000015493	12	52
ENSHBUG00000015494	1	9
ENSHBUG00000015495	94	96
ENSHBUG00000015496	1	25
ENSHBUG00000015497	0	0
ENSHBUG00000015498	1	20
ENSHBUG00000015499	0	0
ENSHBUG00000015500	374	415
ENSHBUG00000015501	0	0
ENSHBUG00000015502	0	0
ENSHBUG00000015503	0	0
ENSHBUG00000015504	12	58
ENSHBUG00000015505	0	0
ENSHBUG00000015506	0	0
ENSHBUG00000015507	0	0
ENSHBUG00000015508	77	116
ENSHBUG00000015509	0	0
ENSHBUG00000015510	0	0
ENSHBUG00000015511	362	373
ENSHBUG00000015512	71	84
ENSHBUG00000015513	0	0
ENSHBUG00000015514	0	0
ENSHBUG00000015515	0	0
ENSHBUG00000015516	0	0
ENSHBUG00000015517	8	19
ENSHBUG00000015518	1	16
ENSHBUG00000015519	0	0
ENSHBUG00000015520	0	0
ENSHBUG00000015521	3	28
ENSHBUG00000015522	9	46
ENSHBUG00000015523	0	0
ENSHBUG00000015524	0	0
ENSHBUG00000015525	1	20
ENSHBUG00000015526	0	0
ENSHBUG00000015527	4	38
ENSHBUG00000015528	0	0
ENSHBUG00000015529	0	0
ENSHBUG00000015530	12	19
ENSHBUG00000015531	69	76
ENSHBUG00000015532	3	12
ENSHBUG00000015533	0	0
ENSHBUG00000015534	0	0
ENSHBUG00000015535	830	869
ENSHBUG00000015536	7	23
ENSHBUG00000015537	0	0
ENSHBUG00000015538	15	56
ENSHBUG00000015539	3	24
ENSHBUG00000015540	4	8
ENSHBUG00000015541	0	0
ENSHBUG00000015542	19	20
ENSHBUG00000015543	0	0
ENSHBUG00000015544	0	0
ENSHBUG00000015545	2	22
ENSHBUG00000015546	3	29
ENSHBUG00000015547	1	14
ENSHBUG00000015548	2	28
ENSHBUG00000015549	5	29
ENSHBUG00000015550	5	26
ENSHBUG00000015551	0	0
ENSHBUG00000015552	1	19
ENSHBUG00000015553	28	55
ENSHBUG00000015554	0	0
ENSHBUG00000015555	2	45
ENSHBUG00000015556	0	0
ENSHBUG00000015557	1	41
ENSHBUG00000015558	20	62
ENSHBUG00000015559	1	19
ENSHBUG00000015560	0	0
ENSHBUG00000015561	5	12
ENSHBUG00000015562	0	0
ENSHBUG00000015563	0	0
ENSHBUG00000015564	1	12
ENSHBUG00000015565	0	0
ENSHBUG00000015566	5	24
ENSHBUG00000015567	0	0
ENSHBUG00000015568	7	20
ENSHBUG00000015569	0	0
ENSHBUG00000015570	5	17
ENSHBUG00000015571	3	36
ENSHBUG00000015572	0	0
ENSHBUG00000015573	0	0
ENSHBUG00000015574	0	0
ENSHBUG00000015575	0	0
ENSHBUG00000015576	0	0
ENSHBUG00000015577	32	57
ENSHBUG00000015578	0	0
ENSHBUG00000015579	2	11
ENSHBUG00000015580	0	0
ENSHBUG00000015581	7	21
ENSHBUG00000015582	1	26
ENSHBUG00000015583	16	59
ENSHBUG00000015584	1761	1772
ENSHBUG00000015585	0	0
ENSHBUG00000015586	0	0
ENSHBUG00000015587	0	0
ENSHBUG00000015588	0	0
ENSHBUG00000015589	1	27
ENSHBUG00000015590	0	0
ENSHBUG00000015591	2	35
ENSHBUG00000015592	0	0
ENSHBUG00000015593	0	0
ENSHBUG00000015594	0	0
ENSHBUG00000015595	6	53
ENSHBUG00000015596	0	0
ENSHBUG00000015597	1	35
ENSHBUG00000015598	0	0
ENSHBUG00000015599	0	0
ENSHBUG00000015600	0	0
ENSHBUG00000015601	0	0
ENSHBUG00000015602	3	11
ENSHBUG00000015603	8	13
ENSHBUG00000015604	14	51
ENSHBUG00000015605	1	44
ENSHBUG00000015606	0	0
ENSHBUG00000015607	88	130
ENSHBUG00000015608	0	0
ENSHBUG00000015609	0	0
ENSHBUG00000015610	0	0
ENSHBUG00000015611	0	0
ENSHBUG00000015612	48	77
ENSHBUG00000015613	0	0
ENSHBUG00000015614	0	0
ENSHBUG00000015615	0	0
ENSHBUG00000015616	158	186
ENSHBUG00000015617	1	45
ENSHBUG00000015618	0	0
ENSHBUG00000015619	0	0
ENSHBUG00000015620	0	0
ENSHBUG00000015621	11	44
ENSHBUG00000015622	0	0
ENSHBUG00000015623	1	25
ENSHBUG00000015624	0	0
ENSHBUG00000015625	23	41
ENSHBUG00000015626	0	0
ENSHBUG00000015627	0	0
ENSHBUG00000015628	46	87
ENSHBUG00000015629	0	0
ENSHBUG00000015630	1	24
ENSHBUG00000015631	1	41
ENSHBUG00000015632	0	0
ENSHBUG00000015633	1	43
ENSHBUG00000015634	1	43
ENSHBUG00000015635	0	0
ENSHBUG00000015636	0	0
ENSHBUG00000015637	1	21
ENSHBUG00000015638	0	0
ENSHBUG00000015639	0	0
ENSHBUG00000015640	0	0
ENSHBUG00000015641	10	55
ENSHBUG00000015642	0	0
ENSHBUG00000015643	1	33
ENSHBUG00000015644	0	0
ENSHBUG00000015645	1	23
ENSHBUG00000015646	0	0
ENSHBUG00000015647	4	51
ENSHBUG00000015648	0	0
ENSHBUG00000015649	0	0
ENSHBUG00000015650	2	22
ENSHBUG00000015651	0	0
ENSHBUG00000015652	0	0
ENSHBUG00000015653	0	0
ENSHBUG00000015654	10737	10763
ENSHBUG00000015655	0	0
ENSHBUG00000015656	0	0
ENSHBUG00000015657	1	34
ENSHBUG00000015658	0	0
ENSHBUG00000015659	0	0
ENSHBUG00000015660	0	0
ENSHBUG00000015661	0	0
ENSHBUG00000015662	0	0
ENSHBUG00000015663	0	0
ENSHBUG00000015664	0	0
ENSHBUG00000015665	2	12
ENSHBUG00000015666	1	28
ENSHBUG00000015667	0	0
ENSHBUG00000015668	250	263
ENSHBUG00000015669	0	0
ENSHBUG00000015670	0	0
ENSHBUG00000015671	2	33
ENSHBUG00000015672	40	47
ENSHBUG00000015673	0	0
ENSHBUG00000015674	0	0
ENSHBUG00000015675	0	0
ENSHBUG00000015676	4	22
ENSHBUG00000015677	1	36
ENSHBUG00000015678	16	59
ENSHBUG00000015679	1	29
ENSHBUG00000015680	0	0
ENSHBUG00000015681	1	15
ENSHBUG00000015682	0	0
ENSHBUG00000015683	0	0
ENSHBUG00000015684	0	0
ENSHBUG00000015685	0	0
ENSHBUG00000015686	0	0
ENSHBUG00000015687	1	33
ENSHBUG00000015688	0	0
ENSHBUG00000015689	0	0
ENSHBUG00000015690	0	0
ENSHBUG00000015691	0	0
ENSHBUG00000015692	26	35
ENSHBUG00000015693	0	0
ENSHBUG00000015694	0	0
ENSHBUG00000015695	0	0
ENSHBUG00000015696	0	0
ENSHBUG00000015697	0	0
ENSHBUG00000015698	80	96
ENSHBUG00000015699	0	0
ENSHBUG00000015700	13	37
ENSHBUG00000015701	0	0
ENSHBUG00000015702	1	40
ENSHBUG00000015703	359	379
ENSHBUG00000015704	0	0
ENSHBUG00000015705	0	0
ENSHBUG00000015706	114	127
ENSHBUG00000015707	0	0
ENSHBUG00000015708	0	0
ENSHBUG00000015709	3	31
ENSHBUG00000015710	0	0
ENSHBUG00000015711	2	17
ENSHBUG00000015712	0	0
ENSHBUG00000015713	0	0
ENSHBUG00000015714	0	0
ENSHBUG00000015715	1	10
ENSHBUG00000015716	0	0
ENSHBUG00000015717	0	0
ENSHBUG00000015718	2	36
ENSHBUG00000015719	5	16
ENSHBUG00000015720	2261	2270
ENSHBUG00000015721	0	0
ENSHBUG00000015722	0	0
ENSHBUG00000015723	0	0
ENSHBUG00000015724	0	0
ENSHBUG00000015725	3	29
ENSHBUG00000015726	1	27
ENSHBUG00000015727	1	19
ENSHBUG00000015728	96	104
ENSHBUG00000015729	0	0
ENSHBUG00000015730	82	121
ENSHBUG00000015731	0	0
ENSHBUG00000015732	4	47
ENSHBUG00000015733	7	25
ENSHBUG00000015734	0	0
ENSHBUG00000015735	0	0
ENSHBUG00000015736	0	0
ENSHBUG00000015737	0	0
ENSHBUG00000015738	7	18
ENSHBUG00000015739	0	0
ENSHBUG00000015740	6	10
ENSHBUG00000015741	0	0
ENSHBUG00000015742	0	0
ENSHBUG00000015743	1	47
ENSHBUG00000015744	0	0
ENSHBUG00000015745	0	0
ENSHBUG00000015746	0	0
ENSHBUG00000015747	0	0
ENSHBUG00000015748	3	35
ENSHBUG00000015749	3	38
ENSHBUG00000015750	0	0
ENSHBUG00000015751	1	23
ENSHBUG00000015752	0	0
ENSHBUG00000015753	81	105
ENSHBUG00000015754	0	0
ENSHBUG00000015755	0	0
ENSHBUG00000015756	1	16
ENSHBUG00000015757	93	131
ENSHBUG00000015758	8	17
ENSHBUG00000015759	0	0
ENSHBUG00000015760	2	23
ENSHBUG00000015761	6	51
ENSHBUG00000015762	76	99
ENSHBUG00000015763	0	0
ENSHBUG00000015764	1	15
ENSHBUG00000015765	0	0
ENSHBUG00000015766	0	0
ENSHBUG00000015767	1913	1937
ENSHBUG00000015768	0	0
ENSHBUG00000015769	1	3
ENSHBUG00000015770	50	87
ENSHBUG00000015771	0	0
ENSHBUG00000015772	1	38
ENSHBUG00000015773	0	0
ENSHBUG00000015774	0	0
ENSHBUG00000015775	0	0
ENSHBUG00000015776	11	33
ENSHBUG00000015777	0	0
ENSHBUG00000015778	43	62
ENSHBUG00000015779	0	0
ENSHBUG00000015780	0	0
ENSHBUG00000015781	2	21
ENSHBUG00000015782	3	43
ENSHBUG00000015783	0	0
ENSHBUG00000015784	1	41
ENSHBUG00000015785	0	0
ENSHBUG00000015786	2	34
ENSHBUG00000015787	1	35
ENSHBUG00000015788	0	0
ENSHBUG00000015789	0	0
ENSHBUG00000015790	123	146
ENSHBUG00000015791	0	0
ENSHBUG00000015792	0	0
ENSHBUG00000015793	0	0
ENSHBUG00000015794	0	0
ENSHBUG00000015795	2	12
ENSHBUG00000015796	0	0
ENSHBUG00000015797	0	0
ENSHBUG00000015798	0	0
ENSHBUG00000015799	0	0
ENSHBUG00000015800	0	0
ENSHBUG00000015801	0	0
ENSHBUG00000015802	1	32
ENSHBUG00000015803	0	0
ENSHBUG00000015804	0	0
ENSHBUG00000015805	0	0
ENSHBUG00000015806	1	13
ENSHBUG00000015807	0	0
ENSHBUG00000015808	0	0
ENSHBUG00000015809	0	0
ENSHBUG00000015810	0	0
ENSHBUG00000015811	0	0
ENSHBUG00000015812	3	16
ENSHBUG00000015813	0	0
ENSHBUG00000015814	25	67
ENSHBUG00000015815	0	0
ENSHBUG00000015816	0	0
ENSHBUG00000015817	1	37
ENSHBUG00000015818	0	0
ENSHBUG00000015819	2	7
ENSHBUG00000015820	0	0
ENSHBUG00000015821	0	0
ENSHBUG00000015822	0	0
ENSHBUG00000015823	0	0
ENSHBUG00000015824	0	0
ENSHBUG00000015825	0	0
ENSHBUG00000015826	0	0
ENSHBUG00000015827	0	0
ENSHBUG00000015828	1	9
ENSHBUG00000015829	0	0
ENSHBUG00000015830	1	5
ENSHBUG00000015831	0	0
ENSHBUG00000015832	0	0
ENSHBUG00000015833	0	0
ENSHBUG00000015834	0	0
ENSHBUG00000015835	3	4
ENSHBUG00000015836	0	0
ENSHBUG00000015837	0	0
ENSHBUG00000015838	0	0
ENSHBUG00000015839	0	0
ENSHBUG00000015840	0	0
ENSHBUG00000015841	0	0
ENSHBUG00000015842	0	0
ENSHBUG00000015843	1	41
ENSHBUG00000015844	0	0
ENSHBUG00000015845	44	67
ENSHBUG00000015846	12	44
ENSHBUG00000015847	56	99
ENSHBUG00000015848	0	0
ENSHBUG00000015849	0	0
ENSHBUG00000015850	0	0
ENSHBUG00000015851	0	0
ENSHBUG00000015852	0	0
ENSHBUG00000015853	4	37
ENSHBUG00000015854	0	0
ENSHBUG00000015855	54	73
ENSHBUG00000015856	1	13
ENSHBUG00000015857	0	0
ENSHBUG00000015858	0	0
ENSHBUG00000015859	0	0
ENSHBUG00000015860	0	0
ENSHBUG00000015861	0	0
ENSHBUG00000015862	2	29
ENSHBUG00000015863	1	42
ENSHBUG00000015864	0	0
ENSHBUG00000015865	0	0
ENSHBUG00000015866	194	211
ENSHBUG00000015867	0	0
ENSHBUG00000015868	4	27
ENSHBUG00000015869	0	0
ENSHBUG00000015870	0	0
ENSHBUG00000015871	1	12
ENSHBUG00000015872	0	0
ENSHBUG00000015873	0	0
ENSHBUG00000015874	0	0
ENSHBUG00000015875	0	0
ENSHBUG00000015876	4	10
ENSHBUG00000015877	5	28
ENSHBUG00000015878	0	0
ENSHBUG00000015879	0	0
ENSHBUG00000015880	0	0
ENSHBUG00000015881	2	35
ENSHBUG00000015882	258	268
ENSHBUG00000015883	7	34
ENSHBUG00000015884	0	0
ENSHBUG00000015885	6	40
ENSHBUG00000015886	1	28
ENSHBUG00000015887	0	0
ENSHBUG00000015888	1	10
ENSHBUG00000015889	15	58
ENSHBUG00000015890	12	49
ENSHBUG00000015891	0	0
ENSHBUG00000015892	0	0
ENSHBUG00000015893	0	0
ENSHBUG00000015894	0	0
ENSHBUG00000015895	0	0
ENSHBUG00000015896	0	0
ENSHBUG00000015897	0	0
ENSHBUG00000015898	0	0
ENSHBUG00000015899	0	0
ENSHBUG00000015900	2	3
ENSHBUG00000015901	0	0
ENSHBUG00000015902	85	88
ENSHBUG00000015903	0	0
ENSHBUG00000015904	1	5
ENSHBUG00000015905	1	37
ENSHBUG00000015906	1	2
ENSHBUG00000015907	1	38
ENSHBUG00000015908	0	0
ENSHBUG00000015909	6	35
ENSHBUG00000015910	0	0
ENSHBUG00000015911	3	45
ENSHBUG00000015912	0	0
ENSHBUG00000015913	2	23
ENSHBUG00000015914	2	44
ENSHBUG00000015915	0	0
ENSHBUG00000015916	7	49
ENSHBUG00000015917	1	29
ENSHBUG00000015918	1	31
ENSHBUG00000015919	0	0
ENSHBUG00000015920	0	0
ENSHBUG00000015921	0	0
ENSHBUG00000015922	1	49
ENSHBUG00000015923	0	0
ENSHBUG00000015924	5	12
ENSHBUG00000015925	0	0
ENSHBUG00000015926	8	50
ENSHBUG00000015927	0	0
ENSHBUG00000015928	725	742
ENSHBUG00000015929	2	40
ENSHBUG00000015930	0	0
ENSHBUG00000015931	0	0
ENSHBUG00000015932	564	596
ENSHBUG00000015933	0	0
ENSHBUG00000015934	15	35
ENSHBUG00000015935	2	11
ENSHBUG00000015936	0	0
ENSHBUG00000015937	6	13
ENSHBUG00000015938	0	0
ENSHBUG00000015939	3	32
ENSHBUG00000015940	0	0
ENSHBUG00000015941	1	25
ENSHBUG00000015942	35	57
ENSHBUG00000015943	56	102
ENSHBUG00000015944	3	36
ENSHBUG00000015945	1	32
ENSHBUG00000015946	18	54
ENSHBUG00000015947	0	0
ENSHBUG00000015948	1	11
ENSHBUG00000015949	3	25
ENSHBUG00000015950	0	0
ENSHBUG00000015951	0	0
ENSHBUG00000015952	18	66
ENSHBUG00000015953	0	0
ENSHBUG00000015954	2	11
ENSHBUG00000015955	2	29
ENSHBUG00000015956	0	0
ENSHBUG00000015957	0	0
ENSHBUG00000015958	4	6
ENSHBUG00000015959	2	36
ENSHBUG00000015960	0	0
ENSHBUG00000015961	0	0
ENSHBUG00000015962	3	38
ENSHBUG00000015963	0	0
ENSHBUG00000015964	0	0
ENSHBUG00000015965	0	0
ENSHBUG00000015966	0	0
ENSHBUG00000015967	0	0
ENSHBUG00000015968	1	30
ENSHBUG00000015969	0	0
ENSHBUG00000015970	4	17
ENSHBUG00000015971	0	0
ENSHBUG00000015972	1752	1790
ENSHBUG00000015973	0	0
ENSHBUG00000015974	6	13
ENSHBUG00000015975	2	43
ENSHBUG00000015976	0	0
ENSHBUG00000015977	0	0
ENSHBUG00000015978	98	144
ENSHBUG00000015979	5	49
ENSHBUG00000015980	286	317
ENSHBUG00000015981	1	5
ENSHBUG00000015982	0	0
ENSHBUG00000015983	0	0
ENSHBUG00000015984	0	0
ENSHBUG00000015985	302	307
ENSHBUG00000015986	0	0
ENSHBUG00000015987	0	0
ENSHBUG00000015988	7	47
ENSHBUG00000015989	136	172
ENSHBUG00000015990	0	0
ENSHBUG00000015991	0	0
ENSHBUG00000015992	1	45
ENSHBUG00000015993	0	0
ENSHBUG00000015994	0	0
ENSHBUG00000015995	0	0
ENSHBUG00000015996	0	0
ENSHBUG00000015997	2	34
ENSHBUG00000015998	15	24
ENSHBUG00000015999	0	0
ENSHBUG00000016000	1	35
ENSHBUG00000016001	0	0
ENSHBUG00000016002	0	0
ENSHBUG00000016003	0	0
ENSHBUG00000016004	5	46
ENSHBUG00000016005	0	0
ENSHBUG00000016006	0	0
ENSHBUG00000016007	0	0
ENSHBUG00000016008	1	22
ENSHBUG00000016009	32	51
ENSHBUG00000016010	3	17
ENSHBUG00000016011	83	109
ENSHBUG00000016012	0	0
ENSHBUG00000016013	0	0
ENSHBUG00000016014	0	0
ENSHBUG00000016015	0	0
ENSHBUG00000016016	0	0
ENSHBUG00000016017	14	30
ENSHBUG00000016018	1	28
ENSHBUG00000016019	0	0
ENSHBUG00000016020	14	24
ENSHBUG00000016021	1	29
ENSHBUG00000016022	0	0
ENSHBUG00000016023	0	0
ENSHBUG00000016024	0	0
ENSHBUG00000016025	0	0
ENSHBUG00000016026	0	0
ENSHBUG00000016027	0	0
ENSHBUG00000016028	13	35
ENSHBUG00000016029	0	0
ENSHBUG00000016030	64	74
ENSHBUG00000016031	33	61
ENSHBUG00000016032	0	0
ENSHBUG00000016033	0	0
ENSHBUG00000016034	1469	1510
ENSHBUG00000016035	146	159
ENSHBUG00000016036	0	0
ENSHBUG00000016037	0	0
ENSHBUG00000016038	0	0
ENSHBUG00000016039	2	27
ENSHBUG00000016040	0	0
ENSHBUG00000016041	0	0
ENSHBUG00000016042	426	428
ENSHBUG00000016043	0	0
ENSHBUG00000016044	487	496
ENSHBUG00000016045	0	0
ENSHBUG00000016046	0	0
ENSHBUG00000016047	4	48
ENSHBUG00000016048	0	0
ENSHBUG00000016049	0	0
ENSHBUG00000016050	1	29
ENSHBUG00000016051	1	24
ENSHBUG00000016052	0	0
ENSHBUG00000016053	1	46
ENSHBUG00000016054	71	106
ENSHBUG00000016055	0	0
ENSHBUG00000016056	3	11
ENSHBUG00000016057	16	30
ENSHBUG00000016058	0	0
ENSHBUG00000016059	0	0
ENSHBUG00000016060	1	41
ENSHBUG00000016061	0	0
ENSHBUG00000016062	0	0
ENSHBUG00000016063	1006	1028
ENSHBUG00000016064	34	71
ENSHBUG00000016065	0	0
ENSHBUG00000016066	0	0
ENSHBUG00000016067	0	0
ENSHBUG00000016068	97	110
ENSHBUG00000016069	141	186
ENSHBUG00000016070	0	0
ENSHBUG00000016071	0	0
ENSHBUG00000016072	0	0
ENSHBUG00000016073	0	0
ENSHBUG00000016074	1	12
ENSHBUG00000016075	1	14
ENSHBUG00000016076	0	0
ENSHBUG00000016077	0	0
ENSHBUG00000016078	0	0
ENSHBUG00000016079	1	40
ENSHBUG00000016080	0	0
ENSHBUG00000016081	2	35
ENSHBUG00000016082	0	0
ENSHBUG00000016083	2	37
ENSHBUG00000016084	2	43
ENSHBUG00000016085	0	0
ENSHBUG00000016086	1587	1604
ENSHBUG00000016087	0	0
ENSHBUG00000016088	0	0
ENSHBUG00000016089	0	0
ENSHBUG00000016090	0	0
ENSHBUG00000016091	0	0
ENSHBUG00000016092	0	0
ENSHBUG00000016093	1	42
ENSHBUG00000016094	0	0
ENSHBUG00000016095	0	0
ENSHBUG00000016096	0	0
ENSHBUG00000016097	1	13
ENSHBUG00000016098	7	18
ENSHBUG00000016099	0	0
ENSHBUG00000016100	0	0
ENSHBUG00000016101	0	0
ENSHBUG00000016102	0	0
ENSHBUG00000016103	0	0
ENSHBUG00000016104	8	34
ENSHBUG00000016105	0	0
ENSHBUG00000016106	0	0
ENSHBUG00000016107	1	7
ENSHBUG00000016108	1	49
ENSHBUG00000016109	3	50
ENSHBUG00000016110	0	0
ENSHBUG00000016111	0	0
ENSHBUG00000016112	0	0
ENSHBUG00000016113	429	459
ENSHBUG00000016114	0	0
ENSHBUG00000016115	6	15
ENSHBUG00000016116	119	129
ENSHBUG00000016117	0	0
ENSHBUG00000016118	0	0
ENSHBUG00000016119	0	0
ENSHBUG00000016120	1	13
ENSHBUG00000016121	2	13
ENSHBUG00000016122	3	8
ENSHBUG00000016123	0	0
ENSHBUG00000016124	0	0
ENSHBUG00000016125	5	18
ENSHBUG00000016126	0	0
ENSHBUG00000016127	0	0
ENSHBUG00000016128	14	50
ENSHBUG00000016129	22	46
ENSHBUG00000016130	0	0
ENSHBUG00000016131	0	0
ENSHBUG00000016132	695	724
ENSHBUG00000016133	2	9
ENSHBUG00000016134	86	103
ENSHBUG00000016135	0	0
ENSHBUG00000016136	0	0
ENSHBUG00000016137	0	0
ENSHBUG00000016138	0	0
ENSHBUG00000016139	1	17
ENSHBUG00000016140	0	0
ENSHBUG00000016141	8	35
ENSHBUG00000016142	0	0
ENSHBUG00000016143	0	0
ENSHBUG00000016144	0	0
ENSHBUG00000016145	0	0
ENSHBUG00000016146	0	0
ENSHBUG00000016147	0	0
ENSHBUG00000016148	0	0
ENSHBUG00000016149	0	0
ENSHBUG00000016150	9	18
ENSHBUG00000016151	0	0
ENSHBUG00000016152	0	0
ENSHBUG00000016153	0	0
ENSHBUG00000016154	0	0
ENSHBUG00000016155	0	0
ENSHBUG00000016156	2	15
ENSHBUG00000016157	367	393
ENSHBUG00000016158	2	39
ENSHBUG00000016159	0	0
ENSHBUG00000016160	13	38
ENSHBUG00000016161	1	14
ENSHBUG00000016162	0	0
ENSHBUG00000016163	2	21
ENSHBUG00000016164	1	44
ENSHBUG00000016165	0	0
ENSHBUG00000016166	1	7
ENSHBUG00000016167	1	17
ENSHBUG00000016168	0	0
ENSHBUG00000016169	87	116
ENSHBUG00000016170	76	100
ENSHBUG00000016171	0	0
ENSHBUG00000016172	0	0
ENSHBUG00000016173	2	37
ENSHBUG00000016174	0	0
ENSHBUG00000016175	1	8
ENSHBUG00000016176	2	9
ENSHBUG00000016177	0	0
ENSHBUG00000016178	0	0
ENSHBUG00000016179	6	32
ENSHBUG00000016180	42	48
ENSHBUG00000016181	2	27
ENSHBUG00000016182	16	22
ENSHBUG00000016183	1	10
ENSHBUG00000016184	0	0
ENSHBUG00000016185	0	0
ENSHBUG00000016186	0	0
ENSHBUG00000016187	0	0
ENSHBUG00000016188	0	0
ENSHBUG00000016189	5	26
ENSHBUG00000016190	0	0
ENSHBUG00000016191	1	48
ENSHBUG00000016192	1	8
ENSHBUG00000016193	0	0
ENSHBUG00000016194	2	10
ENSHBUG00000016195	5	16
ENSHBUG00000016196	0	0
ENSHBUG00000016197	0	0
ENSHBUG00000016198	0	0
ENSHBUG00000016199	0	0
ENSHBUG00000016200	0	0
ENSHBUG00000016201	1	41
ENSHBUG00000016202	0	0
ENSHBUG00000016203	3	45
ENSHBUG00000016204	0	0
ENSHBUG00000016205	0	0
ENSHBUG00000016206	1	29
ENSHBUG00000016207	5	22
ENSHBUG00000016208	0	0
ENSHBUG00000016209	1	16
ENSHBUG00000016210	5	17
ENSHBUG00000016211	1	33
ENSHBUG00000016212	3	10
ENSHBUG00000016213	0	0
ENSHBUG00000016214	1	43
ENSHBUG00000016215	0	0
ENSHBUG00000016216	7	31
ENSHBUG00000016217	1	4
ENSHBUG00000016218	1	27
ENSHBUG00000016219	0	0
ENSHBUG00000016220	0	0
ENSHBUG00000016221	1	39
ENSHBUG00000016222	4	34
ENSHBUG00000016223	0	0
ENSHBUG00000016224	2	30
ENSHBUG00000016225	1	20
ENSHBUG00000016226	0	0
ENSHBUG00000016227	0	0
ENSHBUG00000016228	2	27
ENSHBUG00000016229	0	0
ENSHBUG00000016230	29	75
ENSHBUG00000016231	1	4
ENSHBUG00000016232	10	23
ENSHBUG00000016233	1	5
ENSHBUG00000016234	0	0
ENSHBUG00000016235	0	0
ENSHBUG00000016236	1	9
ENSHBUG00000016237	1	34
ENSHBUG00000016238	0	0
ENSHBUG00000016239	0	0
ENSHBUG00000016240	1	41
ENSHBUG00000016241	95	118
ENSHBUG00000016242	6	52
ENSHBUG00000016243	0	0
ENSHBUG00000016244	0	0
ENSHBUG00000016245	0	0
ENSHBUG00000016246	65	78
ENSHBUG00000016247	1	4
ENSHBUG00000016248	0	0
ENSHBUG00000016249	0	0
ENSHBUG00000016250	37	51
ENSHBUG00000016251	8	16
ENSHBUG00000016252	1	22
ENSHBUG00000016253	0	0
ENSHBUG00000016254	0	0
ENSHBUG00000016255	51	88
ENSHBUG00000016256	6	47
ENSHBUG00000016257	0	0
ENSHBUG00000016258	2	23
ENSHBUG00000016259	16	64
ENSHBUG00000016260	0	0
ENSHBUG00000016261	1	47
ENSHBUG00000016262	0	0
ENSHBUG00000016263	0	0
ENSHBUG00000016264	1	7
ENSHBUG00000016265	9	16
ENSHBUG00000016266	0	0
ENSHBUG00000016267	270	289
ENSHBUG00000016268	0	0
ENSHBUG00000016269	2	22
ENSHBUG00000016270	2	36
ENSHBUG00000016271	280	325
ENSHBUG00000016272	0	0
ENSHBUG00000016273	1	42
ENSHBUG00000016274	1	28
ENSHBUG00000016275	3	41
ENSHBUG00000016276	17	29
ENSHBUG00000016277	0	0
ENSHBUG00000016278	3	32
ENSHBUG00000016279	0	0
ENSHBUG00000016280	1	12
ENSHBUG00000016281	0	0
ENSHBUG00000016282	0	0
ENSHBUG00000016283	61	82
ENSHBUG00000016284	0	0
ENSHBUG00000016285	2	41
ENSHBUG00000016286	0	0
ENSHBUG00000016287	1	4
ENSHBUG00000016288	1	37
ENSHBUG00000016289	0	0
ENSHBUG00000016290	18	42
ENSHBUG00000016291	2	35
ENSHBUG00000016292	1	45
ENSHBUG00000016293	0	0
ENSHBUG00000016294	0	0
ENSHBUG00000016295	0	0
ENSHBUG00000016296	0	0
ENSHBUG00000016297	0	0
ENSHBUG00000016298	0	0
ENSHBUG00000016299	0	0
ENSHBUG00000016300	0	0
ENSHBUG00000016301	0	0
ENSHBUG00000016302	0	0
ENSHBUG00000016303	58	60
ENSHBUG00000016304	47	58
ENSHBUG00000016305	0	0
ENSHBUG00000016306	0	0
ENSHBUG00000016307	0	0
ENSHBUG00000016308	1	22
ENSHBUG00000016309	158	188
ENSHBUG00000016310	0	0
ENSHBUG00000016311	0	0
ENSHBUG00000016312	0	0
ENSHBUG00000016313	0	0
ENSHBUG00000016314	6	39
ENSHBUG00000016315	0	0
ENSHBUG00000016316	2	30
ENSHBUG00000016317	184	188
ENSHBUG00000016318	0	0
ENSHBUG00000016319	0	0
ENSHBUG00000016320	0	0
ENSHBUG00000016321	0	0
ENSHBUG00000016322	13	32
ENSHBUG00000016323	2	37
ENSHBUG00000016324	0	0
ENSHBUG00000016325	0	0
ENSHBUG00000016326	0	0
ENSHBUG00000016327	0	0
ENSHBUG00000016328	0	0
ENSHBUG00000016329	0	0
ENSHBUG00000016330	0	0
ENSHBUG00000016331	0	0
ENSHBUG00000016332	10	11
ENSHBUG00000016333	0	0
ENSHBUG00000016334	0	0
ENSHBUG00000016335	1501	1513
ENSHBUG00000016336	0	0
ENSHBUG00000016337	1	36
ENSHBUG00000016338	0	0
ENSHBUG00000016339	0	0
ENSHBUG00000016340	0	0
ENSHBUG00000016341	0	0
ENSHBUG00000016342	2	33
ENSHBUG00000016343	10	11
ENSHBUG00000016344	0	0
ENSHBUG00000016345	0	0
ENSHBUG00000016346	0	0
ENSHBUG00000016347	0	0
ENSHBUG00000016348	0	0
ENSHBUG00000016349	0	0
ENSHBUG00000016350	4	37
ENSHBUG00000016351	0	0
ENSHBUG00000016352	3	19
ENSHBUG00000016353	7	36
ENSHBUG00000016354	17	58
ENSHBUG00000016355	7	12
ENSHBUG00000016356	12	50
ENSHBUG00000016357	2	32
ENSHBUG00000016358	0	0
ENSHBUG00000016359	0	0
ENSHBUG00000016360	1	20
ENSHBUG00000016361	0	0
ENSHBUG00000016362	0	0
ENSHBUG00000016363	0	0
ENSHBUG00000016364	0	0
ENSHBUG00000016365	243	275
ENSHBUG00000016366	0	0
ENSHBUG00000016367	4	51
ENSHBUG00000016368	0	0
ENSHBUG00000016369	0	0
ENSHBUG00000016370	8	25
ENSHBUG00000016371	0	0
ENSHBUG00000016372	2	26
ENSHBUG00000016373	2	13
ENSHBUG00000016374	0	0
ENSHBUG00000016375	0	0
ENSHBUG00000016376	0	0
ENSHBUG00000016377	3	25
ENSHBUG00000016378	1	47
ENSHBUG00000016379	3	6
ENSHBUG00000016380	0	0
ENSHBUG00000016381	6	20
ENSHBUG00000016382	0	0
ENSHBUG00000016383	1	22
ENSHBUG00000016384	0	0
ENSHBUG00000016385	0	0
ENSHBUG00000016386	0	0
ENSHBUG00000016387	0	0
ENSHBUG00000016388	2	22
ENSHBUG00000016389	0	0
ENSHBUG00000016390	0	0
ENSHBUG00000016391	0	0
ENSHBUG00000016392	0	0
ENSHBUG00000016393	1	25
ENSHBUG00000016394	0	0
ENSHBUG00000016395	0	0
ENSHBUG00000016396	245	266
ENSHBUG00000016397	1	7
ENSHBUG00000016398	1	22
ENSHBUG00000016399	14	60
ENSHBUG00000016400	0	0
ENSHBUG00000016401	0	0
ENSHBUG00000016402	1	36
ENSHBUG00000016403	801	810
ENSHBUG00000016404	1	20
ENSHBUG00000016405	0	0
ENSHBUG00000016406	0	0
ENSHBUG00000016407	2	32
ENSHBUG00000016408	0	0
ENSHBUG00000016409	0	0
ENSHBUG00000016410	1	11
ENSHBUG00000016411	10	52
ENSHBUG00000016412	0	0
ENSHBUG00000016413	1	24
ENSHBUG00000016414	0	0
ENSHBUG00000016415	0	0
ENSHBUG00000016416	4	25
ENSHBUG00000016417	36	53
ENSHBUG00000016418	0	0
ENSHBUG00000016419	0	0
ENSHBUG00000016420	3	31
ENSHBUG00000016421	0	0
ENSHBUG00000016422	0	0
ENSHBUG00000016423	4	30
ENSHBUG00000016424	0	0
ENSHBUG00000016425	22	28
ENSHBUG00000016426	0	0
ENSHBUG00000016427	1	13
ENSHBUG00000016428	0	0
ENSHBUG00000016429	0	0
ENSHBUG00000016430	0	0
ENSHBUG00000016431	3	51
ENSHBUG00000016432	179	213
ENSHBUG00000016433	1	5
ENSHBUG00000016434	164	197
ENSHBUG00000016435	2	5
ENSHBUG00000016436	0	0
ENSHBUG00000016437	0	0
ENSHBUG00000016438	0	0
ENSHBUG00000016439	0	0
ENSHBUG00000016440	1	39
ENSHBUG00000016441	0	0
ENSHBUG00000016442	0	0
ENSHBUG00000016443	0	0
ENSHBUG00000016444	0	0
ENSHBUG00000016445	11	37
ENSHBUG00000016446	1	47
ENSHBUG00000016447	1	25
ENSHBUG00000016448	0	0
ENSHBUG00000016449	0	0
ENSHBUG00000016450	3	30
ENSHBUG00000016451	2	50
ENSHBUG00000016452	0	0
ENSHBUG00000016453	1	23
ENSHBUG00000016454	1	43
ENSHBUG00000016455	0	0
ENSHBUG00000016456	0	0
ENSHBUG00000016457	0	0
ENSHBUG00000016458	43	77
ENSHBUG00000016459	3	51
ENSHBUG00000016460	5	24
ENSHBUG00000016461	30	56
ENSHBUG00000016462	0	0
ENSHBUG00000016463	0	0
ENSHBUG00000016464	0	0
ENSHBUG00000016465	2	49
ENSHBUG00000016466	122	161
ENSHBUG00000016467	0	0
ENSHBUG00000016468	0	0
ENSHBUG00000016469	67	100
ENSHBUG00000016470	3	36
ENSHBUG00000016471	1	38
ENSHBUG00000016472	4	24
ENSHBUG00000016473	0	0
ENSHBUG00000016474	0	0
ENSHBUG00000016475	0	0
ENSHBUG00000016476	6	28
ENSHBUG00000016477	796	824
ENSHBUG00000016478	0	0
ENSHBUG00000016479	0	0
ENSHBUG00000016480	2	6
ENSHBUG00000016481	0	0
ENSHBUG00000016482	11	28
ENSHBUG00000016483	0	0
ENSHBUG00000016484	1	15
ENSHBUG00000016485	0	0
ENSHBUG00000016486	0	0
ENSHBUG00000016487	0	0
ENSHBUG00000016488	1	26
ENSHBUG00000016489	1	16
ENSHBUG00000016490	0	0
ENSHBUG00000016491	11	36
ENSHBUG00000016492	1	21
ENSHBUG00000016493	1	20
ENSHBUG00000016494	129	140
ENSHBUG00000016495	12	36
ENSHBUG00000016496	115	130
ENSHBUG00000016497	0	0
ENSHBUG00000016498	1	47
ENSHBUG00000016499	53	79
ENSHBUG00000016500	0	0
ENSHBUG00000016501	0	0
ENSHBUG00000016502	0	0
ENSHBUG00000016503	3	14
ENSHBUG00000016504	0	0
ENSHBUG00000016505	2	17
ENSHBUG00000016506	0	0
ENSHBUG00000016507	0	0
ENSHBUG00000016508	0	0
ENSHBUG00000016509	692	718
ENSHBUG00000016510	0	0
ENSHBUG00000016511	0	0
ENSHBUG00000016512	0	0
ENSHBUG00000016513	0	0
ENSHBUG00000016514	1	8
ENSHBUG00000016515	62	86
ENSHBUG00000016516	1	21
ENSHBUG00000016517	14	31
ENSHBUG00000016518	0	0
ENSHBUG00000016519	0	0
ENSHBUG00000016520	0	0
ENSHBUG00000016521	3	34
ENSHBUG00000016522	2	32
ENSHBUG00000016523	1	33
ENSHBUG00000016524	0	0
ENSHBUG00000016525	0	0
ENSHBUG00000016526	0	0
ENSHBUG00000016527	0	0
ENSHBUG00000016528	0	0
ENSHBUG00000016529	2	37
ENSHBUG00000016530	1	49
ENSHBUG00000016531	660	691
ENSHBUG00000016532	0	0
ENSHBUG00000016533	0	0
ENSHBUG00000016534	0	0
ENSHBUG00000016535	2	25
ENSHBUG00000016536	2	40
ENSHBUG00000016537	0	0
ENSHBUG00000016538	0	0
ENSHBUG00000016539	11	41
ENSHBUG00000016540	0	0
ENSHBUG00000016541	2	27
ENSHBUG00000016542	0	0
ENSHBUG00000016543	0	0
ENSHBUG00000016544	1	48
ENSHBUG00000016545	3	37
ENSHBUG00000016546	0	0
ENSHBUG00000016547	0	0
ENSHBUG00000016548	0	0
ENSHBUG00000016549	0	0
ENSHBUG00000016550	4	29
ENSHBUG00000016551	1	10
ENSHBUG00000016552	0	0
ENSHBUG00000016553	2	48
ENSHBUG00000016554	4	22
ENSHBUG00000016555	0	0
ENSHBUG00000016556	0	0
ENSHBUG00000016557	0	0
ENSHBUG00000016558	0	0
ENSHBUG00000016559	2	3
ENSHBUG00000016560	1	4
ENSHBUG00000016561	2	22
ENSHBUG00000016562	0	0
ENSHBUG00000016563	0	0
ENSHBUG00000016564	0	0
ENSHBUG00000016565	1	10
ENSHBUG00000016566	0	0
ENSHBUG00000016567	2	15
ENSHBUG00000016568	0	0
ENSHBUG00000016569	1	32
ENSHBUG00000016570	0	0
ENSHBUG00000016571	0	0
ENSHBUG00000016572	0	0
ENSHBUG00000016573	0	0
ENSHBUG00000016574	0	0
ENSHBUG00000016575	0	0
ENSHBUG00000016576	0	0
ENSHBUG00000016577	0	0
ENSHBUG00000016578	2	42
ENSHBUG00000016579	2	3
ENSHBUG00000016580	0	0
ENSHBUG00000016581	0	0
ENSHBUG00000016582	3	39
ENSHBUG00000016583	0	0
ENSHBUG00000016584	0	0
ENSHBUG00000016585	2	17
ENSHBUG00000016586	0	0
ENSHBUG00000016587	0	0
ENSHBUG00000016588	42	62
ENSHBUG00000016589	0	0
ENSHBUG00000016590	22	44
ENSHBUG00000016591	4	5
ENSHBUG00000016592	0	0
ENSHBUG00000016593	1	36
ENSHBUG00000016594	0	0
ENSHBUG00000016595	15	50
ENSHBUG00000016596	0	0
ENSHBUG00000016597	396	400
ENSHBUG00000016598	1	29
ENSHBUG00000016599	0	0
ENSHBUG00000016600	0	0
ENSHBUG00000016601	0	0
ENSHBUG00000016602	66	97
ENSHBUG00000016603	40	44
ENSHBUG00000016604	0	0
ENSHBUG00000016605	0	0
ENSHBUG00000016606	46	88
ENSHBUG00000016607	4	15
ENSHBUG00000016608	0	0
ENSHBUG00000016609	0	0
ENSHBUG00000016610	0	0
ENSHBUG00000016611	0	0
ENSHBUG00000016612	0	0
ENSHBUG00000016613	1	9
ENSHBUG00000016614	2	12
ENSHBUG00000016615	0	0
ENSHBUG00000016616	23	68
ENSHBUG00000016617	0	0
ENSHBUG00000016618	0	0
ENSHBUG00000016619	0	0
ENSHBUG00000016620	999	1031
ENSHBUG00000016621	0	0
ENSHBUG00000016622	0	0
ENSHBUG00000016623	2006	2028
ENSHBUG00000016624	0	0
ENSHBUG00000016625	1	39
ENSHBUG00000016626	0	0
ENSHBUG00000016627	24	63
ENSHBUG00000016628	0	0
ENSHBUG00000016629	1	28
ENSHBUG00000016630	1	23
ENSHBUG00000016631	3329	3365
ENSHBUG00000016632	2	20
ENSHBUG00000016633	13	24
ENSHBUG00000016634	0	0
ENSHBUG00000016635	0	0
ENSHBUG00000016636	1	40
ENSHBUG00000016637	1	10
ENSHBUG00000016638	0	0
ENSHBUG00000016639	410	454
ENSHBUG00000016640	5	9
ENSHBUG00000016641	5	32
ENSHBUG00000016642	0	0
ENSHBUG00000016643	0	0
ENSHBUG00000016644	3	17
ENSHBUG00000016645	0	0
ENSHBUG00000016646	0	0
ENSHBUG00000016647	9	43
ENSHBUG00000016648	202	214
ENSHBUG00000016649	0	0
ENSHBUG00000016650	0	0
ENSHBUG00000016651	2	49
ENSHBUG00000016652	158	203
ENSHBUG00000016653	11	57
ENSHBUG00000016654	0	0
ENSHBUG00000016655	0	0
ENSHBUG00000016656	25	32
ENSHBUG00000016657	60	79
ENSHBUG00000016658	2	10
ENSHBUG00000016659	0	0
ENSHBUG00000016660	0	0
ENSHBUG00000016661	15	18
ENSHBUG00000016662	0	0
ENSHBUG00000016663	0	0
ENSHBUG00000016664	0	0
ENSHBUG00000016665	0	0
ENSHBUG00000016666	0	0
ENSHBUG00000016667	0	0
ENSHBUG00000016668	1	12
ENSHBUG00000016669	335	381
ENSHBUG00000016670	0	0
ENSHBUG00000016671	0	0
ENSHBUG00000016672	10	43
ENSHBUG00000016673	1	12
ENSHBUG00000016674	4	35
ENSHBUG00000016675	1	29
ENSHBUG00000016676	0	0
ENSHBUG00000016677	2	41
ENSHBUG00000016678	0	0
ENSHBUG00000016679	0	0
ENSHBUG00000016680	0	0
ENSHBUG00000016681	274	316
ENSHBUG00000016682	0	0
ENSHBUG00000016683	1	39
ENSHBUG00000016684	0	0
ENSHBUG00000016685	0	0
ENSHBUG00000016686	1	17
ENSHBUG00000016687	0	0
ENSHBUG00000016688	0	0
ENSHBUG00000016689	5	42
ENSHBUG00000016690	0	0
ENSHBUG00000016691	0	0
ENSHBUG00000016692	1	3
ENSHBUG00000016693	0	0
ENSHBUG00000016694	0	0
ENSHBUG00000016695	0	0
ENSHBUG00000016696	0	0
ENSHBUG00000016697	0	0
ENSHBUG00000016698	1	11
ENSHBUG00000016699	0	0
ENSHBUG00000016700	0	0
ENSHBUG00000016701	327	369
ENSHBUG00000016702	0	0
ENSHBUG00000016703	0	0
ENSHBUG00000016704	2	31
ENSHBUG00000016705	2	37
ENSHBUG00000016706	0	0
ENSHBUG00000016707	1	9
ENSHBUG00000016708	0	0
ENSHBUG00000016709	1	16
ENSHBUG00000016710	3	12
ENSHBUG00000016711	0	0
ENSHBUG00000016712	0	0
ENSHBUG00000016713	0	0
ENSHBUG00000016714	124	144
ENSHBUG00000016715	0	0
ENSHBUG00000016716	0	0
ENSHBUG00000016717	0	0
ENSHBUG00000016718	3	11
ENSHBUG00000016719	0	0
ENSHBUG00000016720	0	0
ENSHBUG00000016721	0	0
ENSHBUG00000016722	0	0
ENSHBUG00000016723	6	11
ENSHBUG00000016724	0	0
ENSHBUG00000016725	8	29
ENSHBUG00000016726	1	18
ENSHBUG00000016727	0	0
ENSHBUG00000016728	1	45
ENSHBUG00000016729	5	29
ENSHBUG00000016730	671	675
ENSHBUG00000016731	0	0
ENSHBUG00000016732	0	0
ENSHBUG00000016733	1	8
ENSHBUG00000016734	2473	2512
ENSHBUG00000016735	0	0
ENSHBUG00000016736	1	6
ENSHBUG00000016737	0	0
ENSHBUG00000016738	1	38
ENSHBUG00000016739	0	0
ENSHBUG00000016740	2	47
ENSHBUG00000016741	3	46
ENSHBUG00000016742	0	0
ENSHBUG00000016743	0	0
ENSHBUG00000016744	98	135
ENSHBUG00000016745	0	0
ENSHBUG00000016746	6	12
ENSHBUG00000016747	1	23
ENSHBUG00000016748	0	0
ENSHBUG00000016749	41	63
ENSHBUG00000016750	0	0
ENSHBUG00000016751	1	43
ENSHBUG00000016752	6	26
ENSHBUG00000016753	0	0
ENSHBUG00000016754	0	0
ENSHBUG00000016755	3	49
ENSHBUG00000016756	0	0
ENSHBUG00000016757	0	0
ENSHBUG00000016758	0	0
ENSHBUG00000016759	0	0
ENSHBUG00000016760	208	212
ENSHBUG00000016761	0	0
ENSHBUG00000016762	0	0
ENSHBUG00000016763	0	0
ENSHBUG00000016764	3	45
ENSHBUG00000016765	3	29
ENSHBUG00000016766	0	0
ENSHBUG00000016767	0	0
ENSHBUG00000016768	0	0
ENSHBUG00000016769	1	47
ENSHBUG00000016770	10	55
ENSHBUG00000016771	1	49
ENSHBUG00000016772	0	0
ENSHBUG00000016773	24	55
ENSHBUG00000016774	0	0
ENSHBUG00000016775	1	21
ENSHBUG00000016776	0	0
ENSHBUG00000016777	7	49
ENSHBUG00000016778	3	35
ENSHBUG00000016779	1	15
ENSHBUG00000016780	0	0
ENSHBUG00000016781	0	0
ENSHBUG00000016782	4	17
ENSHBUG00000016783	0	0
ENSHBUG00000016784	0	0
ENSHBUG00000016785	0	0
ENSHBUG00000016786	0	0
ENSHBUG00000016787	3	51
ENSHBUG00000016788	0	0
ENSHBUG00000016789	0	0
ENSHBUG00000016790	205	243
ENSHBUG00000016791	0	0
ENSHBUG00000016792	0	0
ENSHBUG00000016793	0	0
ENSHBUG00000016794	0	0
ENSHBUG00000016795	1	30
ENSHBUG00000016796	0	0
ENSHBUG00000016797	0	0
ENSHBUG00000016798	71	107
ENSHBUG00000016799	1	11
ENSHBUG00000016800	2	18
ENSHBUG00000016801	534	553
ENSHBUG00000016802	0	0
ENSHBUG00000016803	0	0
ENSHBUG00000016804	0	0
ENSHBUG00000016805	0	0
ENSHBUG00000016806	2	49
ENSHBUG00000016807	0	0
ENSHBUG00000016808	63	96
ENSHBUG00000016809	2	23
ENSHBUG00000016810	0	0
ENSHBUG00000016811	214	235
ENSHBUG00000016812	1	29
ENSHBUG00000016813	0	0
ENSHBUG00000016814	3	33
ENSHBUG00000016815	0	0
ENSHBUG00000016816	0	0
ENSHBUG00000016817	0	0
ENSHBUG00000016818	1	36
ENSHBUG00000016819	0	0
ENSHBUG00000016820	0	0
ENSHBUG00000016821	0	0
ENSHBUG00000016822	0	0
ENSHBUG00000016823	3	17
ENSHBUG00000016824	0	0
ENSHBUG00000016825	0	0
ENSHBUG00000016826	1	4
ENSHBUG00000016827	3	19
ENSHBUG00000016828	0	0
ENSHBUG00000016829	0	0
ENSHBUG00000016830	0	0
ENSHBUG00000016831	0	0
ENSHBUG00000016832	0	0
ENSHBUG00000016833	22	61
ENSHBUG00000016834	0	0
ENSHBUG00000016835	4	52
ENSHBUG00000016836	49	69
ENSHBUG00000016837	0	0
ENSHBUG00000016838	0	0
ENSHBUG00000016839	0	0
ENSHBUG00000016840	0	0
ENSHBUG00000016841	1	37
ENSHBUG00000016842	0	0
ENSHBUG00000016843	0	0
ENSHBUG00000016844	0	0
ENSHBUG00000016845	0	0
ENSHBUG00000016846	0	0
ENSHBUG00000016847	0	0
ENSHBUG00000016848	1	23
ENSHBUG00000016849	67	79
ENSHBUG00000016850	0	0
ENSHBUG00000016851	0	0
ENSHBUG00000016852	0	0
ENSHBUG00000016853	2	17
ENSHBUG00000016854	3	8
ENSHBUG00000016855	0	0
ENSHBUG00000016856	4	42
ENSHBUG00000016857	1	26
ENSHBUG00000016858	0	0
ENSHBUG00000016859	2	39
ENSHBUG00000016860	0	0
ENSHBUG00000016861	23	58
ENSHBUG00000016862	0	0
ENSHBUG00000016863	0	0
ENSHBUG00000016864	0	0
ENSHBUG00000016865	18	44
ENSHBUG00000016866	1	34
ENSHBUG00000016867	0	0
ENSHBUG00000016868	0	0
ENSHBUG00000016869	5	9
ENSHBUG00000016870	0	0
ENSHBUG00000016871	0	0
ENSHBUG00000016872	2	26
ENSHBUG00000016873	0	0
ENSHBUG00000016874	1	9
ENSHBUG00000016875	0	0
ENSHBUG00000016876	0	0
ENSHBUG00000016877	107	145
ENSHBUG00000016878	0	0
ENSHBUG00000016879	15	32
ENSHBUG00000016880	0	0
ENSHBUG00000016881	0	0
ENSHBUG00000016882	0	0
ENSHBUG00000016883	5	45
ENSHBUG00000016884	28	38
ENSHBUG00000016885	0	0
ENSHBUG00000016886	0	0
ENSHBUG00000016887	0	0
ENSHBUG00000016888	0	0
ENSHBUG00000016889	0	0
ENSHBUG00000016890	3	19
ENSHBUG00000016891	223	226
ENSHBUG00000016892	0	0
ENSHBUG00000016893	0	0
ENSHBUG00000016894	3	44
ENSHBUG00000016895	0	0
ENSHBUG00000016896	810	836
ENSHBUG00000016897	0	0
ENSHBUG00000016898	0	0
ENSHBUG00000016899	0	0
ENSHBUG00000016900	0	0
ENSHBUG00000016901	0	0
ENSHBUG00000016902	12	21
ENSHBUG00000016903	0	0
ENSHBUG00000016904	0	0
ENSHBUG00000016905	3	6
ENSHBUG00000016906	499	514
ENSHBUG00000016907	0	0
ENSHBUG00000016908	0	0
ENSHBUG00000016909	0	0
ENSHBUG00000016910	2	42
ENSHBUG00000016911	0	0
ENSHBUG00000016912	0	0
ENSHBUG00000016913	0	0
ENSHBUG00000016914	1	21
ENSHBUG00000016915	1	47
ENSHBUG00000016916	0	0
ENSHBUG00000016917	0	0
ENSHBUG00000016918	177	214
ENSHBUG00000016919	0	0
ENSHBUG00000016920	3385	3389
ENSHBUG00000016921	2	38
ENSHBUG00000016922	0	0
ENSHBUG00000016923	468	475
ENSHBUG00000016924	0	0
ENSHBUG00000016925	1	36
ENSHBUG00000016926	0	0
ENSHBUG00000016927	0	0
ENSHBUG00000016928	0	0
ENSHBUG00000016929	0	0
ENSHBUG00000016930	0	0
ENSHBUG00000016931	0	0
ENSHBUG00000016932	0	0
ENSHBUG00000016933	5	8
ENSHBUG00000016934	0	0
ENSHBUG00000016935	13	18
ENSHBUG00000016936	0	0
ENSHBUG00000016937	1	27
ENSHBUG00000016938	0	0
ENSHBUG00000016939	22	56
ENSHBUG00000016940	2	13
ENSHBUG00000016941	0	0
ENSHBUG00000016942	0	0
ENSHBUG00000016943	0	0
ENSHBUG00000016944	0	0
ENSHBUG00000016945	2	5
ENSHBUG00000016946	0	0
ENSHBUG00000016947	0	0
ENSHBUG00000016948	0	0
ENSHBUG00000016949	0	0
ENSHBUG00000016950	105	120
ENSHBUG00000016951	0	0
ENSHBUG00000016952	0	0
ENSHBUG00000016953	0	0
ENSHBUG00000016954	0	0
ENSHBUG00000016955	2	40
ENSHBUG00000016956	0	0
ENSHBUG00000016957	7	54
ENSHBUG00000016958	0	0
ENSHBUG00000016959	6	15
ENSHBUG00000016960	51	65
ENSHBUG00000016961	0	0
ENSHBUG00000016962	0	0
ENSHBUG00000016963	2	19
ENSHBUG00000016964	0	0
ENSHBUG00000016965	1	18
ENSHBUG00000016966	11	16
ENSHBUG00000016967	0	0
ENSHBUG00000016968	0	0
ENSHBUG00000016969	1	14
ENSHBUG00000016970	0	0
ENSHBUG00000016971	6	51
ENSHBUG00000016972	0	0
ENSHBUG00000016973	0	0
ENSHBUG00000016974	0	0
ENSHBUG00000016975	0	0
ENSHBUG00000016976	1	46
ENSHBUG00000016977	0	0
ENSHBUG00000016978	64	66
ENSHBUG00000016979	0	0
ENSHBUG00000016980	3	4
ENSHBUG00000016981	0	0
ENSHBUG00000016982	0	0
ENSHBUG00000016983	0	0
ENSHBUG00000016984	0	0
ENSHBUG00000016985	9	26
ENSHBUG00000016986	1	16
ENSHBUG00000016987	0	0
ENSHBUG00000016988	0	0
ENSHBUG00000016989	0	0
ENSHBUG00000016990	0	0
ENSHBUG00000016991	0	0
ENSHBUG00000016992	122	148
ENSHBUG00000016993	3	12
ENSHBUG00000016994	7	29
ENSHBUG00000016995	0	0
ENSHBUG00000016996	1	49
ENSHBUG00000016997	0	0
ENSHBUG00000016998	0	0
ENSHBUG00000016999	0	0
ENSHBUG00000017000	10	40
ENSHBUG00000017001	0	0
ENSHBUG00000017002	824	869
ENSHBUG00000017003	1	43
ENSHBUG00000017004	58	85
ENSHBUG00000017005	0	0
ENSHBUG00000017006	2	15
ENSHBUG00000017007	0	0
ENSHBUG00000017008	1	31
ENSHBUG00000017009	1	36
ENSHBUG00000017010	1	9
ENSHBUG00000017011	0	0
ENSHBUG00000017012	0	0
ENSHBUG00000017013	50	64
ENSHBUG00000017014	0	0
ENSHBUG00000017015	0	0
ENSHBUG00000017016	2	49
ENSHBUG00000017017	1	11
ENSHBUG00000017018	50	96
ENSHBUG00000017019	0	0
ENSHBUG00000017020	0	0
ENSHBUG00000017021	26	66
ENSHBUG00000017022	0	0
ENSHBUG00000017023	0	0
ENSHBUG00000017024	0	0
ENSHBUG00000017025	17	64
ENSHBUG00000017026	115	118
ENSHBUG00000017027	2	15
ENSHBUG00000017028	2	40
ENSHBUG00000017029	0	0
ENSHBUG00000017030	0	0
ENSHBUG00000017031	8	44
ENSHBUG00000017032	0	0
ENSHBUG00000017033	13	36
ENSHBUG00000017034	4	45
ENSHBUG00000017035	0	0
ENSHBUG00000017036	1	38
ENSHBUG00000017037	1	38
ENSHBUG00000017038	0	0
ENSHBUG00000017039	0	0
ENSHBUG00000017040	0	0
ENSHBUG00000017041	1	47
ENSHBUG00000017042	0	0
ENSHBUG00000017043	3	6
ENSHBUG00000017044	6	21
ENSHBUG00000017045	2	46
ENSHBUG00000017046	0	0
ENSHBUG00000017047	24	46
ENSHBUG00000017048	3	36
ENSHBUG00000017049	3	34
ENSHBUG00000017050	2	25
ENSHBUG00000017051	0	0
ENSHBUG00000017052	0	0
ENSHBUG00000017053	0	0
ENSHBUG00000017054	6	21
ENSHBUG00000017055	0	0
ENSHBUG00000017056	0	0
ENSHBUG00000017057	0	0
ENSHBUG00000017058	0	0
ENSHBUG00000017059	1	34
ENSHBUG00000017060	0	0
ENSHBUG00000017061	0	0
ENSHBUG00000017062	0	0
ENSHBUG00000017063	0	0
ENSHBUG00000017064	0	0
ENSHBUG00000017065	0	0
ENSHBUG00000017066	0	0
ENSHBUG00000017067	1	49
ENSHBUG00000017068	2	18
ENSHBUG00000017069	21	41
ENSHBUG00000017070	0	0
ENSHBUG00000017071	37	59
ENSHBUG00000017072	1	5
ENSHBUG00000017073	0	0
ENSHBUG00000017074	10	58
ENSHBUG00000017075	0	0
ENSHBUG00000017076	0	0
ENSHBUG00000017077	0	0
ENSHBUG00000017078	0	0
ENSHBUG00000017079	0	0
ENSHBUG00000017080	0	0
ENSHBUG00000017081	0	0
ENSHBUG00000017082	99	110
ENSHBUG00000017083	0	0
ENSHBUG00000017084	0	0
ENSHBUG00000017085	0	0
ENSHBUG00000017086	8	13
ENSHBUG00000017087	0	0
ENSHBUG00000017088	0	0
ENSHBUG00000017089	3	8
ENSHBUG00000017090	0	0
ENSHBUG00000017091	1	46
ENSHBUG00000017092	0	0
ENSHBUG00000017093	0	0
ENSHBUG00000017094	110	118
ENSHBUG00000017095	0	0
ENSHBUG00000017096	0	0
ENSHBUG00000017097	0	0
ENSHBUG00000017098	0	0
ENSHBUG00000017099	0	0
ENSHBUG00000017100	55	83
ENSHBUG00000017101	0	0
ENSHBUG00000017102	0	0
ENSHBUG00000017103	0	0
ENSHBUG00000017104	0	0
ENSHBUG00000017105	0	0
ENSHBUG00000017106	1	34
ENSHBUG00000017107	0	0
ENSHBUG00000017108	2	34
ENSHBUG00000017109	0	0
ENSHBUG00000017110	2	46
ENSHBUG00000017111	1	10
ENSHBUG00000017112	0	0
ENSHBUG00000017113	0	0
ENSHBUG00000017114	0	0
ENSHBUG00000017115	0	0
ENSHBUG00000017116	0	0
ENSHBUG00000017117	0	0
ENSHBUG00000017118	1	32
ENSHBUG00000017119	0	0
ENSHBUG00000017120	6	48
ENSHBUG00000017121	0	0
ENSHBUG00000017122	0	0
ENSHBUG00000017123	40699	40700
ENSHBUG00000017124	0	0
ENSHBUG00000017125	0	0
ENSHBUG00000017126	2	9
ENSHBUG00000017127	0	0
ENSHBUG00000017128	18	61
ENSHBUG00000017129	2	36
ENSHBUG00000017130	0	0
ENSHBUG00000017131	0	0
ENSHBUG00000017132	0	0
ENSHBUG00000017133	0	0
ENSHBUG00000017134	5	30
ENSHBUG00000017135	129	138
ENSHBUG00000017136	26	36
ENSHBUG00000017137	1	47
ENSHBUG00000017138	0	0
ENSHBUG00000017139	0	0
ENSHBUG00000017140	11	23
ENSHBUG00000017141	2	50
ENSHBUG00000017142	3	24
ENSHBUG00000017143	0	0
ENSHBUG00000017144	16	19
ENSHBUG00000017145	0	0
ENSHBUG00000017146	0	0
ENSHBUG00000017147	1	45
ENSHBUG00000017148	0	0
ENSHBUG00000017149	0	0
ENSHBUG00000017150	0	0
ENSHBUG00000017151	5	22
ENSHBUG00000017152	3	44
ENSHBUG00000017153	0	0
ENSHBUG00000017154	0	0
ENSHBUG00000017155	0	0
ENSHBUG00000017156	0	0
ENSHBUG00000017157	932	971
ENSHBUG00000017158	3	40
ENSHBUG00000017159	0	0
ENSHBUG00000017160	17	39
ENSHBUG00000017161	0	0
ENSHBUG00000017162	0	0
ENSHBUG00000017163	0	0
ENSHBUG00000017164	0	0
ENSHBUG00000017165	1	39
ENSHBUG00000017166	19	42
ENSHBUG00000017167	0	0
ENSHBUG00000017168	0	0
ENSHBUG00000017169	0	0
ENSHBUG00000017170	0	0
ENSHBUG00000017171	1	46
ENSHBUG00000017172	1	33
ENSHBUG00000017173	0	0
ENSHBUG00000017174	0	0
ENSHBUG00000017175	0	0
ENSHBUG00000017176	0	0
ENSHBUG00000017177	17	50
ENSHBUG00000017178	2	33
ENSHBUG00000017179	0	0
ENSHBUG00000017180	3	11
ENSHBUG00000017181	9	42
ENSHBUG00000017182	0	0
ENSHBUG00000017183	0	0
ENSHBUG00000017184	1	23
ENSHBUG00000017185	4	45
ENSHBUG00000017186	0	0
ENSHBUG00000017187	4	6
ENSHBUG00000017188	0	0
ENSHBUG00000017189	0	0
ENSHBUG00000017190	0	0
ENSHBUG00000017191	0	0
ENSHBUG00000017192	52	91
ENSHBUG00000017193	1	23
ENSHBUG00000017194	0	0
ENSHBUG00000017195	4	15
ENSHBUG00000017196	1	32
ENSHBUG00000017197	0	0
ENSHBUG00000017198	0	0
ENSHBUG00000017199	29	49
ENSHBUG00000017200	46	80
ENSHBUG00000017201	0	0
ENSHBUG00000017202	0	0
ENSHBUG00000017203	0	0
ENSHBUG00000017204	1	21
ENSHBUG00000017205	6	35
ENSHBUG00000017206	0	0
ENSHBUG00000017207	0	0
ENSHBUG00000017208	34	81
ENSHBUG00000017209	1201	1232
ENSHBUG00000017210	0	0
ENSHBUG00000017211	0	0
ENSHBUG00000017212	0	0
ENSHBUG00000017213	289	330
ENSHBUG00000017214	256	274
ENSHBUG00000017215	0	0
ENSHBUG00000017216	0	0
ENSHBUG00000017217	1	4
ENSHBUG00000017218	58	59
ENSHBUG00000017219	0	0
ENSHBUG00000017220	0	0
ENSHBUG00000017221	0	0
ENSHBUG00000017222	0	0
ENSHBUG00000017223	2	32
ENSHBUG00000017224	1	31
ENSHBUG00000017225	0	0
ENSHBUG00000017226	0	0
ENSHBUG00000017227	0	0
ENSHBUG00000017228	0	0
ENSHBUG00000017229	0	0
ENSHBUG00000017230	21	29
ENSHBUG00000017231	0	0
ENSHBUG00000017232	0	0
ENSHBUG00000017233	3	23
ENSHBUG00000017234	0	0
ENSHBUG00000017235	0	0
ENSHBUG00000017236	1	17
ENSHBUG00000017237	1	8
ENSHBUG00000017238	0	0
ENSHBUG00000017239	0	0
ENSHBUG00000017240	0	0
ENSHBUG00000017241	279	305
ENSHBUG00000017242	70	98
ENSHBUG00000017243	1	47
ENSHBUG00000017244	0	0
ENSHBUG00000017245	4	48
ENSHBUG00000017246	178	218
ENSHBUG00000017247	28	62
ENSHBUG00000017248	19	25
ENSHBUG00000017249	1	26
ENSHBUG00000017250	0	0
ENSHBUG00000017251	0	0
ENSHBUG00000017252	4	15
ENSHBUG00000017253	0	0
ENSHBUG00000017254	6	38
ENSHBUG00000017255	0	0
ENSHBUG00000017256	0	0
ENSHBUG00000017257	1	23
ENSHBUG00000017258	0	0
ENSHBUG00000017259	79	92
ENSHBUG00000017260	0	0
ENSHBUG00000017261	0	0
ENSHBUG00000017262	0	0
ENSHBUG00000017263	50	53
ENSHBUG00000017264	1	9
ENSHBUG00000017265	10	47
ENSHBUG00000017266	0	0
ENSHBUG00000017267	0	0
ENSHBUG00000017268	50	74
ENSHBUG00000017269	0	0
ENSHBUG00000017270	2	36
ENSHBUG00000017271	0	0
ENSHBUG00000017272	0	0
ENSHBUG00000017273	17	63
ENSHBUG00000017274	1	3
ENSHBUG00000017275	0	0
ENSHBUG00000017276	0	0
ENSHBUG00000017277	0	0
ENSHBUG00000017278	5	34
ENSHBUG00000017279	4	49
ENSHBUG00000017280	1	42
ENSHBUG00000017281	0	0
ENSHBUG00000017282	0	0
ENSHBUG00000017283	18	25
ENSHBUG00000017284	11	21
ENSHBUG00000017285	2	50
ENSHBUG00000017286	1	4
ENSHBUG00000017287	2	6
ENSHBUG00000017288	108	143
ENSHBUG00000017289	451	464
ENSHBUG00000017290	4	35
ENSHBUG00000017291	0	0
ENSHBUG00000017292	0	0
ENSHBUG00000017293	0	0
ENSHBUG00000017294	0	0
ENSHBUG00000017295	0	0
ENSHBUG00000017296	1	35
ENSHBUG00000017297	0	0
ENSHBUG00000017298	1	27
ENSHBUG00000017299	0	0
ENSHBUG00000017300	0	0
ENSHBUG00000017301	0	0
ENSHBUG00000017302	905	919
ENSHBUG00000017303	0	0
ENSHBUG00000017304	11	50
ENSHBUG00000017305	0	0
ENSHBUG00000017306	0	0
ENSHBUG00000017307	9	13
ENSHBUG00000017308	7	34
ENSHBUG00000017309	25	55
ENSHBUG00000017310	0	0
ENSHBUG00000017311	6	13
ENSHBUG00000017312	0	0
ENSHBUG00000017313	0	0
ENSHBUG00000017314	0	0
ENSHBUG00000017315	3	20
ENSHBUG00000017316	0	0
ENSHBUG00000017317	501	521
ENSHBUG00000017318	0	0
ENSHBUG00000017319	0	0
ENSHBUG00000017320	13	21
ENSHBUG00000017321	4	18
ENSHBUG00000017322	1	14
ENSHBUG00000017323	0	0
ENSHBUG00000017324	2	48
ENSHBUG00000017325	2	18
ENSHBUG00000017326	0	0
ENSHBUG00000017327	0	0
ENSHBUG00000017328	195	197
ENSHBUG00000017329	0	0
ENSHBUG00000017330	0	0
ENSHBUG00000017331	2	31
ENSHBUG00000017332	1591	1611
ENSHBUG00000017333	2	12
ENSHBUG00000017334	1157	1158
ENSHBUG00000017335	0	0
ENSHBUG00000017336	0	0
ENSHBUG00000017337	2	34
ENSHBUG00000017338	0	0
ENSHBUG00000017339	0	0
ENSHBUG00000017340	7	10
ENSHBUG00000017341	0	0
ENSHBUG00000017342	0	0
ENSHBUG00000017343	0	0
ENSHBUG00000017344	183	226
ENSHBUG00000017345	2	31
ENSHBUG00000017346	111	124
ENSHBUG00000017347	0	0
ENSHBUG00000017348	298	305
ENSHBUG00000017349	0	0
ENSHBUG00000017350	3	40
ENSHBUG00000017351	13	25
ENSHBUG00000017352	3	4
ENSHBUG00000017353	43	85
ENSHBUG00000017354	0	0
ENSHBUG00000017355	8	51
ENSHBUG00000017356	0	0
ENSHBUG00000017357	0	0
ENSHBUG00000017358	2	4
ENSHBUG00000017359	0	0
ENSHBUG00000017360	1	39
ENSHBUG00000017361	0	0
ENSHBUG00000017362	1	29
ENSHBUG00000017363	307	325
ENSHBUG00000017364	2	40
ENSHBUG00000017365	8	34
ENSHBUG00000017366	0	0
ENSHBUG00000017367	2	25
ENSHBUG00000017368	0	0
ENSHBUG00000017369	1	44
ENSHBUG00000017370	0	0
ENSHBUG00000017371	45	51
ENSHBUG00000017372	0	0
ENSHBUG00000017373	0	0
ENSHBUG00000017374	0	0
ENSHBUG00000017375	0	0
ENSHBUG00000017376	1	46
ENSHBUG00000017377	0	0
ENSHBUG00000017378	11	44
ENSHBUG00000017379	19	28
ENSHBUG00000017380	0	0
ENSHBUG00000017381	6	11
ENSHBUG00000017382	0	0
ENSHBUG00000017383	0	0
ENSHBUG00000017384	115	140
ENSHBUG00000017385	0	0
ENSHBUG00000017386	0	0
ENSHBUG00000017387	2	11
ENSHBUG00000017388	19	40
ENSHBUG00000017389	0	0
ENSHBUG00000017390	4	47
ENSHBUG00000017391	0	0
ENSHBUG00000017392	61	65
ENSHBUG00000017393	1	41
ENSHBUG00000017394	0	0
ENSHBUG00000017395	2	50
ENSHBUG00000017396	0	0
ENSHBUG00000017397	0	0
ENSHBUG00000017398	0	0
ENSHBUG00000017399	6531	6569
ENSHBUG00000017400	0	0
ENSHBUG00000017401	0	0
ENSHBUG00000017402	1	46
ENSHBUG00000017403	1	47
ENSHBUG00000017404	14	62
ENSHBUG00000017405	0	0
ENSHBUG00000017406	0	0
ENSHBUG00000017407	0	0
ENSHBUG00000017408	1	31
ENSHBUG00000017409	6	28
ENSHBUG00000017410	3	29
ENSHBUG00000017411	3	25
ENSHBUG00000017412	0	0
ENSHBUG00000017413	8	14
ENSHBUG00000017414	1	19
ENSHBUG00000017415	1	22
ENSHBUG00000017416	3	50
ENSHBUG00000017417	0	0
ENSHBUG00000017418	114	150
ENSHBUG00000017419	1	6
ENSHBUG00000017420	0	0
ENSHBUG00000017421	0	0
ENSHBUG00000017422	8	52
ENSHBUG00000017423	2	9
ENSHBUG00000017424	1	34
ENSHBUG00000017425	1	8
ENSHBUG00000017426	0	0
ENSHBUG00000017427	390	415
ENSHBUG00000017428	9	51
ENSHBUG00000017429	3	44
ENSHBUG00000017430	0	0
ENSHBUG00000017431	1	11
ENSHBUG00000017432	0	0
ENSHBUG00000017433	1	19
ENSHBUG00000017434	0	0
ENSHBUG00000017435	1	41
ENSHBUG00000017436	1	18
ENSHBUG00000017437	0	0
ENSHBUG00000017438	0	0
ENSHBUG00000017439	1	35
ENSHBUG00000017440	103	140
ENSHBUG00000017441	3	21
ENSHBUG00000017442	10	28
ENSHBUG00000017443	0	0
ENSHBUG00000017444	1	30
ENSHBUG00000017445	6	21
ENSHBUG00000017446	16	29
ENSHBUG00000017447	53	82
ENSHBUG00000017448	2	41
ENSHBUG00000017449	2	48
ENSHBUG00000017450	2	5
ENSHBUG00000017451	3	21
ENSHBUG00000017452	0	0
ENSHBUG00000017453	0	0
ENSHBUG00000017454	0	0
ENSHBUG00000017455	332	339
ENSHBUG00000017456	1	10
ENSHBUG00000017457	0	0
ENSHBUG00000017458	25	56
ENSHBUG00000017459	0	0
ENSHBUG00000017460	0	0
ENSHBUG00000017461	0	0
ENSHBUG00000017462	2	27
ENSHBUG00000017463	0	0
ENSHBUG00000017464	0	0
ENSHBUG00000017465	0	0
ENSHBUG00000017466	5	38
ENSHBUG00000017467	12	60
ENSHBUG00000017468	0	0
ENSHBUG00000017469	0	0
ENSHBUG00000017470	1	30
ENSHBUG00000017471	0	0
ENSHBUG00000017472	3	47
ENSHBUG00000017473	0	0
ENSHBUG00000017474	0	0
ENSHBUG00000017475	112	138
ENSHBUG00000017476	0	0
ENSHBUG00000017477	0	0
ENSHBUG00000017478	15	22
ENSHBUG00000017479	3	47
ENSHBUG00000017480	0	0
ENSHBUG00000017481	0	0
ENSHBUG00000017482	0	0
ENSHBUG00000017483	13	51
ENSHBUG00000017484	0	0
ENSHBUG00000017485	198	237
ENSHBUG00000017486	0	0
ENSHBUG00000017487	2	7
ENSHBUG00000017488	4	46
ENSHBUG00000017489	0	0
ENSHBUG00000017490	0	0
ENSHBUG00000017491	1	43
ENSHBUG00000017492	0	0
ENSHBUG00000017493	16	57
ENSHBUG00000017494	0	0
ENSHBUG00000017495	2	19
ENSHBUG00000017496	0	0
ENSHBUG00000017497	17	54
ENSHBUG00000017498	0	0
ENSHBUG00000017499	2	50
ENSHBUG00000017500	15	59
ENSHBUG00000017501	0	0
ENSHBUG00000017502	6	35
ENSHBUG00000017503	2	7
ENSHBUG00000017504	92	114
ENSHBUG00000017505	22	70
ENSHBUG00000017506	0	0
ENSHBUG00000017507	0	0
ENSHBUG00000017508	2	27
ENSHBUG00000017509	1	25
ENSHBUG00000017510	0	0
ENSHBUG00000017511	0	0
ENSHBUG00000017512	42	44
ENSHBUG00000017513	40	80
ENSHBUG00000017514	0	0
ENSHBUG00000017515	0	0
ENSHBUG00000017516	0	0
ENSHBUG00000017517	0	0
ENSHBUG00000017518	0	0
ENSHBUG00000017519	0	0
ENSHBUG00000017520	1010	1041
ENSHBUG00000017521	0	0
ENSHBUG00000017522	0	0
ENSHBUG00000017523	13	40
ENSHBUG00000017524	1	3
ENSHBUG00000017525	0	0
ENSHBUG00000017526	0	0
ENSHBUG00000017527	0	0
ENSHBUG00000017528	4	20
ENSHBUG00000017529	0	0
ENSHBUG00000017530	0	0
ENSHBUG00000017531	1	37
ENSHBUG00000017532	8	18
ENSHBUG00000017533	1	35
ENSHBUG00000017534	106	113
ENSHBUG00000017535	934	956
ENSHBUG00000017536	0	0
ENSHBUG00000017537	0	0
ENSHBUG00000017538	0	0
ENSHBUG00000017539	0	0
ENSHBUG00000017540	3	33
ENSHBUG00000017541	0	0
ENSHBUG00000017542	1199	1215
ENSHBUG00000017543	1286	1301
ENSHBUG00000017544	1	32
ENSHBUG00000017545	0	0
ENSHBUG00000017546	0	0
ENSHBUG00000017547	1	34
ENSHBUG00000017548	0	0
ENSHBUG00000017549	1	18
ENSHBUG00000017550	0	0
ENSHBUG00000017551	0	0
ENSHBUG00000017552	0	0
ENSHBUG00000017553	0	0
ENSHBUG00000017554	1	6
ENSHBUG00000017555	0	0
ENSHBUG00000017556	0	0
ENSHBUG00000017557	4	25
ENSHBUG00000017558	0	0
ENSHBUG00000017559	5	41
ENSHBUG00000017560	0	0
ENSHBUG00000017561	0	0
ENSHBUG00000017562	28	48
ENSHBUG00000017563	0	0
ENSHBUG00000017564	0	0
ENSHBUG00000017565	0	0
ENSHBUG00000017566	0	0
ENSHBUG00000017567	0	0
ENSHBUG00000017568	1	26
ENSHBUG00000017569	0	0
ENSHBUG00000017570	0	0
ENSHBUG00000017571	0	0
ENSHBUG00000017572	0	0
ENSHBUG00000017573	19	44
ENSHBUG00000017574	0	0
ENSHBUG00000017575	0	0
ENSHBUG00000017576	0	0
ENSHBUG00000017577	0	0
ENSHBUG00000017578	0	0
ENSHBUG00000017579	0	0
ENSHBUG00000017580	1	14
ENSHBUG00000017581	19	21
ENSHBUG00000017582	13	49
ENSHBUG00000017583	2	24
ENSHBUG00000017584	0	0
ENSHBUG00000017585	0	0
ENSHBUG00000017586	0	0
ENSHBUG00000017587	0	0
ENSHBUG00000017588	6	28
ENSHBUG00000017589	3	35
ENSHBUG00000017590	4	21
ENSHBUG00000017591	9	54
ENSHBUG00000017592	0	0
ENSHBUG00000017593	0	0
ENSHBUG00000017594	1	48
ENSHBUG00000017595	0	0
ENSHBUG00000017596	1	12
ENSHBUG00000017597	1	15
ENSHBUG00000017598	1	8
ENSHBUG00000017599	0	0
ENSHBUG00000017600	0	0
ENSHBUG00000017601	0	0
ENSHBUG00000017602	0	0
ENSHBUG00000017603	0	0
ENSHBUG00000017604	1	21
ENSHBUG00000017605	5	44
ENSHBUG00000017606	0	0
ENSHBUG00000017607	0	0
ENSHBUG00000017608	8	50
ENSHBUG00000017609	0	0
ENSHBUG00000017610	0	0
ENSHBUG00000017611	71	111
ENSHBUG00000017612	0	0
ENSHBUG00000017613	6	36
ENSHBUG00000017614	5	6
ENSHBUG00000017615	0	0
ENSHBUG00000017616	0	0
ENSHBUG00000017617	0	0
ENSHBUG00000017618	4	30
ENSHBUG00000017619	2	47
ENSHBUG00000017620	0	0
ENSHBUG00000017621	0	0
ENSHBUG00000017622	0	0
ENSHBUG00000017623	0	0
ENSHBUG00000017624	0	0
ENSHBUG00000017625	1	6
ENSHBUG00000017626	0	0
ENSHBUG00000017627	1	27
ENSHBUG00000017628	0	0
ENSHBUG00000017629	0	0
ENSHBUG00000017630	0	0
ENSHBUG00000017631	71	111
ENSHBUG00000017632	5	17
ENSHBUG00000017633	40	73
ENSHBUG00000017634	1	43
ENSHBUG00000017635	85	101
ENSHBUG00000017636	23	41
ENSHBUG00000017637	1	6
ENSHBUG00000017638	2	20
ENSHBUG00000017639	0	0
ENSHBUG00000017640	7	35
ENSHBUG00000017641	0	0
ENSHBUG00000017642	16	54
ENSHBUG00000017643	1	12
ENSHBUG00000017644	0	0
ENSHBUG00000017645	1	37
ENSHBUG00000017646	0	0
ENSHBUG00000017647	0	0
ENSHBUG00000017648	6	46
ENSHBUG00000017649	0	0
ENSHBUG00000017650	1	32
ENSHBUG00000017651	1	23
ENSHBUG00000017652	1	24
ENSHBUG00000017653	0	0
ENSHBUG00000017654	8	46
ENSHBUG00000017655	0	0
ENSHBUG00000017656	1	22
ENSHBUG00000017657	0	0
ENSHBUG00000017658	355	367
ENSHBUG00000017659	0	0
ENSHBUG00000017660	0	0
ENSHBUG00000017661	47	70
ENSHBUG00000017662	6	23
ENSHBUG00000017663	1	34
ENSHBUG00000017664	0	0
ENSHBUG00000017665	1	23
ENSHBUG00000017666	0	0
ENSHBUG00000017667	3	43
ENSHBUG00000017668	0	0
ENSHBUG00000017669	0	0
ENSHBUG00000017670	0	0
ENSHBUG00000017671	0	0
ENSHBUG00000017672	0	0
ENSHBUG00000017673	2	10
ENSHBUG00000017674	2	12
ENSHBUG00000017675	0	0
ENSHBUG00000017676	0	0
ENSHBUG00000017677	0	0
ENSHBUG00000017678	293	296
ENSHBUG00000017679	30	44
ENSHBUG00000017680	1	9
ENSHBUG00000017681	3	51
ENSHBUG00000017682	63	75
ENSHBUG00000017683	0	0
ENSHBUG00000017684	0	0
ENSHBUG00000017685	3	4
ENSHBUG00000017686	0	0
ENSHBUG00000017687	0	0
ENSHBUG00000017688	0	0
ENSHBUG00000017689	0	0
ENSHBUG00000017690	1	44
ENSHBUG00000017691	0	0
ENSHBUG00000017692	0	0
ENSHBUG00000017693	0	0
ENSHBUG00000017694	0	0
ENSHBUG00000017695	0	0
ENSHBUG00000017696	1	14
ENSHBUG00000017697	0	0
ENSHBUG00000017698	0	0
ENSHBUG00000017699	0	0
ENSHBUG00000017700	3	24
ENSHBUG00000017701	0	0
ENSHBUG00000017702	1	47
ENSHBUG00000017703	0	0
ENSHBUG00000017704	1	18
ENSHBUG00000017705	1	45
ENSHBUG00000017706	0	0
ENSHBUG00000017707	1	38
ENSHBUG00000017708	1	27
ENSHBUG00000017709	1	37
ENSHBUG00000017710	0	0
ENSHBUG00000017711	1	18
ENSHBUG00000017712	0	0
ENSHBUG00000017713	0	0
ENSHBUG00000017714	0	0
ENSHBUG00000017715	2	8
ENSHBUG00000017716	53	97
ENSHBUG00000017717	1	46
ENSHBUG00000017718	0	0
ENSHBUG00000017719	0	0
ENSHBUG00000017720	0	0
ENSHBUG00000017721	1	15
ENSHBUG00000017722	7	45
ENSHBUG00000017723	0	0
ENSHBUG00000017724	2	35
ENSHBUG00000017725	136	149
ENSHBUG00000017726	0	0
ENSHBUG00000017727	0	0
ENSHBUG00000017728	16	32
ENSHBUG00000017729	0	0
ENSHBUG00000017730	1	14
ENSHBUG00000017731	0	0
ENSHBUG00000017732	0	0
ENSHBUG00000017733	0	0
ENSHBUG00000017734	0	0
ENSHBUG00000017735	0	0
ENSHBUG00000017736	0	0
ENSHBUG00000017737	1	41
ENSHBUG00000017738	0	0
ENSHBUG00000017739	1	3
ENSHBUG00000017740	0	0
ENSHBUG00000017741	0	0
ENSHBUG00000017742	0	0
ENSHBUG00000017743	2	48
ENSHBUG00000017744	196	214
ENSHBUG00000017745	7	40
ENSHBUG00000017746	1	9
ENSHBUG00000017747	2	14
ENSHBUG00000017748	11	28
ENSHBUG00000017749	10	39
ENSHBUG00000017750	2	48
ENSHBUG00000017751	17	51
ENSHBUG00000017752	0	0
ENSHBUG00000017753	1	32
ENSHBUG00000017754	0	0
ENSHBUG00000017755	0	0
ENSHBUG00000017756	0	0
ENSHBUG00000017757	0	0
ENSHBUG00000017758	1	14
ENSHBUG00000017759	0	0
ENSHBUG00000017760	0	0
ENSHBUG00000017761	3	5
ENSHBUG00000017762	7	35
ENSHBUG00000017763	0	0
ENSHBUG00000017764	4	13
ENSHBUG00000017765	0	0
ENSHBUG00000017766	0	0
ENSHBUG00000017767	1	30
ENSHBUG00000017768	0	0
ENSHBUG00000017769	1	11
ENSHBUG00000017770	0	0
ENSHBUG00000017771	0	0
ENSHBUG00000017772	0	0
ENSHBUG00000017773	0	0
ENSHBUG00000017774	0	0
ENSHBUG00000017775	0	0
ENSHBUG00000017776	2	6
ENSHBUG00000017777	0	0
ENSHBUG00000017778	1	27
ENSHBUG00000017779	0	0
ENSHBUG00000017780	9	46
ENSHBUG00000017781	0	0
ENSHBUG00000017782	4	48
ENSHBUG00000017783	12	49
ENSHBUG00000017784	0	0
ENSHBUG00000017785	10	11
ENSHBUG00000017786	0	0
ENSHBUG00000017787	0	0
ENSHBUG00000017788	0	0
ENSHBUG00000017789	0	0
ENSHBUG00000017790	0	0
ENSHBUG00000017791	0	0
ENSHBUG00000017792	0	0
ENSHBUG00000017793	0	0
ENSHBUG00000017794	0	0
ENSHBUG00000017795	0	0
ENSHBUG00000017796	1	45
ENSHBUG00000017797	0	0
ENSHBUG00000017798	1	32
ENSHBUG00000017799	0	0
ENSHBUG00000017800	40	49
ENSHBUG00000017801	3	11
ENSHBUG00000017802	0	0
ENSHBUG00000017803	0	0
ENSHBUG00000017804	1	6
ENSHBUG00000017805	0	0
ENSHBUG00000017806	0	0
ENSHBUG00000017807	1	21
ENSHBUG00000017808	0	0
ENSHBUG00000017809	3	15
ENSHBUG00000017810	0	0
ENSHBUG00000017811	0	0
ENSHBUG00000017812	0	0
ENSHBUG00000017813	0	0
ENSHBUG00000017814	119	162
ENSHBUG00000017815	0	0
ENSHBUG00000017816	0	0
ENSHBUG00000017817	0	0
ENSHBUG00000017818	1	19
ENSHBUG00000017819	0	0
ENSHBUG00000017820	0	0
ENSHBUG00000017821	2	45
ENSHBUG00000017822	0	0
ENSHBUG00000017823	0	0
ENSHBUG00000017824	5	51
ENSHBUG00000017825	0	0
ENSHBUG00000017826	1	36
ENSHBUG00000017827	0	0
ENSHBUG00000017828	1	20
ENSHBUG00000017829	1	34
ENSHBUG00000017830	5	53
ENSHBUG00000017831	1	8
ENSHBUG00000017832	0	0
ENSHBUG00000017833	6	43
ENSHBUG00000017834	0	0
ENSHBUG00000017835	1	9
ENSHBUG00000017836	0	0
ENSHBUG00000017837	0	0
ENSHBUG00000017838	1	49
ENSHBUG00000017839	77	112
ENSHBUG00000017840	1	23
ENSHBUG00000017841	0	0
ENSHBUG00000017842	0	0
ENSHBUG00000017843	3	6
ENSHBUG00000017844	0	0
ENSHBUG00000017845	0	0
ENSHBUG00000017846	0	0
ENSHBUG00000017847	0	0
ENSHBUG00000017848	0	0
ENSHBUG00000017849	98	129
ENSHBUG00000017850	1	49
ENSHBUG00000017851	0	0
ENSHBUG00000017852	0	0
ENSHBUG00000017853	2	36
ENSHBUG00000017854	0	0
ENSHBUG00000017855	0	0
ENSHBUG00000017856	1	14
ENSHBUG00000017857	0	0
ENSHBUG00000017858	24	31
ENSHBUG00000017859	0	0
ENSHBUG00000017860	5	34
ENSHBUG00000017861	0	0
ENSHBUG00000017862	11	31
ENSHBUG00000017863	0	0
ENSHBUG00000017864	0	0
ENSHBUG00000017865	2	45
ENSHBUG00000017866	0	0
ENSHBUG00000017867	13	53
ENSHBUG00000017868	0	0
ENSHBUG00000017869	0	0
ENSHBUG00000017870	3	4
ENSHBUG00000017871	1	48
ENSHBUG00000017872	18	58
ENSHBUG00000017873	0	0
ENSHBUG00000017874	0	0
ENSHBUG00000017875	6	38
ENSHBUG00000017876	2	10
ENSHBUG00000017877	0	0
ENSHBUG00000017878	0	0
ENSHBUG00000017879	0	0
ENSHBUG00000017880	0	0
ENSHBUG00000017881	5	14
ENSHBUG00000017882	2	29
ENSHBUG00000017883	1	4
ENSHBUG00000017884	21	39
ENSHBUG00000017885	0	0
ENSHBUG00000017886	2	21
ENSHBUG00000017887	0	0
ENSHBUG00000017888	1	39
ENSHBUG00000017889	0	0
ENSHBUG00000017890	301	309
ENSHBUG00000017891	1	9
ENSHBUG00000017892	5	19
ENSHBUG00000017893	10	57
ENSHBUG00000017894	2	48
ENSHBUG00000017895	1	25
ENSHBUG00000017896	0	0
ENSHBUG00000017897	0	0
ENSHBUG00000017898	0	0
ENSHBUG00000017899	1	5
ENSHBUG00000017900	3	14
ENSHBUG00000017901	0	0
ENSHBUG00000017902	2	43
ENSHBUG00000017903	5	45
ENSHBUG00000017904	8	30
ENSHBUG00000017905	2	27
ENSHBUG00000017906	3	26
ENSHBUG00000017907	0	0
ENSHBUG00000017908	0	0
ENSHBUG00000017909	0	0
ENSHBUG00000017910	0	0
ENSHBUG00000017911	0	0
ENSHBUG00000017912	9	29
ENSHBUG00000017913	8	35
ENSHBUG00000017914	0	0
ENSHBUG00000017915	4	23
ENSHBUG00000017916	0	0
ENSHBUG00000017917	0	0
ENSHBUG00000017918	0	0
ENSHBUG00000017919	0	0
ENSHBUG00000017920	0	0
ENSHBUG00000017921	11	40
ENSHBUG00000017922	1	17
ENSHBUG00000017923	356	381
ENSHBUG00000017924	0	0
ENSHBUG00000017925	0	0
ENSHBUG00000017926	69	101
ENSHBUG00000017927	0	0
ENSHBUG00000017928	0	0
ENSHBUG00000017929	1	6
ENSHBUG00000017930	2	22
ENSHBUG00000017931	0	0
ENSHBUG00000017932	75	106
ENSHBUG00000017933	0	0
ENSHBUG00000017934	0	0
ENSHBUG00000017935	2	48
ENSHBUG00000017936	61	107
ENSHBUG00000017937	0	0
ENSHBUG00000017938	2	33
ENSHBUG00000017939	2	15
ENSHBUG00000017940	0	0
ENSHBUG00000017941	10	14
ENSHBUG00000017942	0	0
ENSHBUG00000017943	1	16
ENSHBUG00000017944	0	0
ENSHBUG00000017945	13	41
ENSHBUG00000017946	0	0
ENSHBUG00000017947	2	40
ENSHBUG00000017948	2	37
ENSHBUG00000017949	6	39
ENSHBUG00000017950	7	24
ENSHBUG00000017951	0	0
ENSHBUG00000017952	5	33
ENSHBUG00000017953	0	0
ENSHBUG00000017954	13	45
ENSHBUG00000017955	58	84
ENSHBUG00000017956	2	21
ENSHBUG00000017957	453	471
ENSHBUG00000017958	0	0
ENSHBUG00000017959	0	0
ENSHBUG00000017960	0	0
ENSHBUG00000017961	0	0
ENSHBUG00000017962	3	18
ENSHBUG00000017963	0	0
ENSHBUG00000017964	1	39
ENSHBUG00000017965	39	82
ENSHBUG00000017966	0	0
ENSHBUG00000017967	0	0
ENSHBUG00000017968	0	0
ENSHBUG00000017969	0	0
ENSHBUG00000017970	0	0
ENSHBUG00000017971	0	0
ENSHBUG00000017972	3	30
ENSHBUG00000017973	0	0
ENSHBUG00000017974	0	0
ENSHBUG00000017975	0	0
ENSHBUG00000017976	0	0
ENSHBUG00000017977	32	76
ENSHBUG00000017978	1	30
ENSHBUG00000017979	1	32
ENSHBUG00000017980	4	5
ENSHBUG00000017981	0	0
ENSHBUG00000017982	0	0
ENSHBUG00000017983	0	0
ENSHBUG00000017984	0	0
ENSHBUG00000017985	4	15
ENSHBUG00000017986	0	0
ENSHBUG00000017987	0	0
ENSHBUG00000017988	0	0
ENSHBUG00000017989	24	41
ENSHBUG00000017990	2	38
ENSHBUG00000017991	17	35
ENSHBUG00000017992	0	0
ENSHBUG00000017993	2	24
ENSHBUG00000017994	0	0
ENSHBUG00000017995	0	0
ENSHBUG00000017996	0	0
ENSHBUG00000017997	1	4
ENSHBUG00000017998	4	36
ENSHBUG00000017999	11099	11118
ENSHBUG00000018000	0	0
ENSHBUG00000018001	0	0
ENSHBUG00000018002	2	17
ENSHBUG00000018003	0	0
ENSHBUG00000018004	0	0
ENSHBUG00000018005	5	29
ENSHBUG00000018006	0	0
ENSHBUG00000018007	88	132
ENSHBUG00000018008	0	0
ENSHBUG00000018009	0	0
ENSHBUG00000018010	0	0
ENSHBUG00000018011	0	0
ENSHBUG00000018012	0	0
ENSHBUG00000018013	1	23
ENSHBUG00000018014	118	127
ENSHBUG00000018015	0	0
ENSHBUG00000018016	2	17
ENSHBUG00000018017	0	0
ENSHBUG00000018018	0	0
ENSHBUG00000018019	0	0
ENSHBUG00000018020	6	54
ENSHBUG00000018021	0	0
ENSHBUG00000018022	59	91
ENSHBUG00000018023	2	5
ENSHBUG00000018024	0	0
ENSHBUG00000018025	99	101
ENSHBUG00000018026	0	0
ENSHBUG00000018027	10	44
ENSHBUG00000018028	0	0
ENSHBUG00000018029	0	0
ENSHBUG00000018030	0	0
ENSHBUG00000018031	1	22
ENSHBUG00000018032	11	25
ENSHBUG00000018033	0	0
ENSHBUG00000018034	0	0
ENSHBUG00000018035	0	0
ENSHBUG00000018036	0	0
ENSHBUG00000018037	4	24
ENSHBUG00000018038	2	3
ENSHBUG00000018039	0	0
ENSHBUG00000018040	0	0
ENSHBUG00000018041	0	0
ENSHBUG00000018042	0	0
ENSHBUG00000018043	0	0
ENSHBUG00000018044	0	0
ENSHBUG00000018045	0	0
ENSHBUG00000018046	1	28
ENSHBUG00000018047	6	8
ENSHBUG00000018048	1	19
ENSHBUG00000018049	0	0
ENSHBUG00000018050	2	48
ENSHBUG00000018051	4	28
ENSHBUG00000018052	0	0
ENSHBUG00000018053	0	0
ENSHBUG00000018054	0	0
ENSHBUG00000018055	1	23
ENSHBUG00000018056	0	0
ENSHBUG00000018057	0	0
ENSHBUG00000018058	0	0
ENSHBUG00000018059	0	0
ENSHBUG00000018060	0	0
ENSHBUG00000018061	5	30
ENSHBUG00000018062	0	0
ENSHBUG00000018063	340	378
ENSHBUG00000018064	4	22
ENSHBUG00000018065	0	0
ENSHBUG00000018066	0	0
ENSHBUG00000018067	0	0
ENSHBUG00000018068	17	65
ENSHBUG00000018069	0	0
ENSHBUG00000018070	2	31
ENSHBUG00000018071	1	40
ENSHBUG00000018072	0	0
ENSHBUG00000018073	0	0
ENSHBUG00000018074	0	0
ENSHBUG00000018075	0	0
ENSHBUG00000018076	2	28
ENSHBUG00000018077	1	29
ENSHBUG00000018078	0	0
ENSHBUG00000018079	0	0
ENSHBUG00000018080	23	67
ENSHBUG00000018081	0	0
ENSHBUG00000018082	1	25
ENSHBUG00000018083	0	0
ENSHBUG00000018084	0	0
ENSHBUG00000018085	0	0
ENSHBUG00000018086	0	0
ENSHBUG00000018087	0	0
ENSHBUG00000018088	98	121
ENSHBUG00000018089	3	51
ENSHBUG00000018090	0	0
ENSHBUG00000018091	0	0
ENSHBUG00000018092	0	0
ENSHBUG00000018093	2	8
ENSHBUG00000018094	35	61
ENSHBUG00000018095	0	0
ENSHBUG00000018096	0	0
ENSHBUG00000018097	1	20
ENSHBUG00000018098	0	0
ENSHBUG00000018099	0	0
ENSHBUG00000018100	2	29
ENSHBUG00000018101	0	0
ENSHBUG00000018102	0	0
ENSHBUG00000018103	0	0
ENSHBUG00000018104	13	38
ENSHBUG00000018105	0	0
ENSHBUG00000018106	1	41
ENSHBUG00000018107	1	44
ENSHBUG00000018108	4	17
ENSHBUG00000018109	91	102
ENSHBUG00000018110	1	38
ENSHBUG00000018111	0	0
ENSHBUG00000018112	1	7
ENSHBUG00000018113	2	19
ENSHBUG00000018114	0	0
ENSHBUG00000018115	1	25
ENSHBUG00000018116	0	0
ENSHBUG00000018117	0	0
ENSHBUG00000018118	0	0
ENSHBUG00000018119	115	162
ENSHBUG00000018120	0	0
ENSHBUG00000018121	2	24
ENSHBUG00000018122	1	15
ENSHBUG00000018123	2	23
ENSHBUG00000018124	0	0
ENSHBUG00000018125	2	45
ENSHBUG00000018126	4	24
ENSHBUG00000018127	0	0
ENSHBUG00000018128	0	0
ENSHBUG00000018129	1	47
ENSHBUG00000018130	0	0
ENSHBUG00000018131	0	0
ENSHBUG00000018132	1	45
ENSHBUG00000018133	2	47
ENSHBUG00000018134	2	45
ENSHBUG00000018135	0	0
ENSHBUG00000018136	5	48
ENSHBUG00000018137	1	42
ENSHBUG00000018138	34	59
ENSHBUG00000018139	1	18
ENSHBUG00000018140	0	0
ENSHBUG00000018141	3	11
ENSHBUG00000018142	7	12
ENSHBUG00000018143	0	0
ENSHBUG00000018144	0	0
ENSHBUG00000018145	85	116
ENSHBUG00000018146	0	0
ENSHBUG00000018147	1	19
ENSHBUG00000018148	0	0
ENSHBUG00000018149	0	0
ENSHBUG00000018150	3	16
ENSHBUG00000018151	0	0
ENSHBUG00000018152	1	35
ENSHBUG00000018153	10	54
ENSHBUG00000018154	0	0
ENSHBUG00000018155	0	0
ENSHBUG00000018156	2	24
ENSHBUG00000018157	0	0
ENSHBUG00000018158	17	33
ENSHBUG00000018159	0	0
ENSHBUG00000018160	165	170
ENSHBUG00000018161	1	10
ENSHBUG00000018162	0	0
ENSHBUG00000018163	0	0
ENSHBUG00000018164	0	0
ENSHBUG00000018165	26	47
ENSHBUG00000018166	2	6
ENSHBUG00000018167	0	0
ENSHBUG00000018168	1	42
ENSHBUG00000018169	420	438
ENSHBUG00000018170	0	0
ENSHBUG00000018171	1	20
ENSHBUG00000018172	0	0
ENSHBUG00000018173	0	0
ENSHBUG00000018174	0	0
ENSHBUG00000018175	1	37
ENSHBUG00000018176	0	0
ENSHBUG00000018177	0	0
ENSHBUG00000018178	0	0
ENSHBUG00000018179	1	27
ENSHBUG00000018180	0	0
ENSHBUG00000018181	3	42
ENSHBUG00000018182	0	0
ENSHBUG00000018183	2	10
ENSHBUG00000018184	4	21
ENSHBUG00000018185	0	0
ENSHBUG00000018186	1	41
ENSHBUG00000018187	1	6
ENSHBUG00000018188	0	0
ENSHBUG00000018189	0	0
ENSHBUG00000018190	0	0
ENSHBUG00000018191	0	0
ENSHBUG00000018192	0	0
ENSHBUG00000018193	0	0
ENSHBUG00000018194	0	0
ENSHBUG00000018195	0	0
ENSHBUG00000018196	1	35
ENSHBUG00000018197	0	0
ENSHBUG00000018198	56	102
ENSHBUG00000018199	2	13
ENSHBUG00000018200	0	0
ENSHBUG00000018201	126	159
ENSHBUG00000018202	0	0
ENSHBUG00000018203	0	0
ENSHBUG00000018204	2	16
ENSHBUG00000018205	1	20
ENSHBUG00000018206	0	0
ENSHBUG00000018207	0	0
ENSHBUG00000018208	0	0
ENSHBUG00000018209	0	0
ENSHBUG00000018210	0	0
ENSHBUG00000018211	0	0
ENSHBUG00000018212	5	34
ENSHBUG00000018213	2	20
ENSHBUG00000018214	0	0
ENSHBUG00000018215	0	0
ENSHBUG00000018216	0	0
ENSHBUG00000018217	3	19
ENSHBUG00000018218	1	16
ENSHBUG00000018219	9	38
ENSHBUG00000018220	0	0
ENSHBUG00000018221	1	19
ENSHBUG00000018222	4	35
ENSHBUG00000018223	0	0
ENSHBUG00000018224	0	0
ENSHBUG00000018225	0	0
ENSHBUG00000018226	0	0
ENSHBUG00000018227	1	15
ENSHBUG00000018228	13	51
ENSHBUG00000018229	1	33
ENSHBUG00000018230	37	49
ENSHBUG00000018231	0	0
ENSHBUG00000018232	0	0
ENSHBUG00000018233	0	0
ENSHBUG00000018234	0	0
ENSHBUG00000018235	1	13
ENSHBUG00000018236	2	44
ENSHBUG00000018237	0	0
ENSHBUG00000018238	0	0
ENSHBUG00000018239	3	24
ENSHBUG00000018240	1	18
ENSHBUG00000018241	0	0
ENSHBUG00000018242	0	0
ENSHBUG00000018243	2	44
ENSHBUG00000018244	10	41
ENSHBUG00000018245	0	0
ENSHBUG00000018246	0	0
ENSHBUG00000018247	0	0
ENSHBUG00000018248	0	0
ENSHBUG00000018249	0	0
ENSHBUG00000018250	8	33
ENSHBUG00000018251	2	36
ENSHBUG00000018252	2	21
ENSHBUG00000018253	0	0
ENSHBUG00000018254	1	44
ENSHBUG00000018255	0	0
ENSHBUG00000018256	38	85
ENSHBUG00000018257	4	18
ENSHBUG00000018258	1	14
ENSHBUG00000018259	0	0
ENSHBUG00000018260	0	0
ENSHBUG00000018261	0	0
ENSHBUG00000018262	9	36
ENSHBUG00000018263	73	92
ENSHBUG00000018264	0	0
ENSHBUG00000018265	1	24
ENSHBUG00000018266	6	51
ENSHBUG00000018267	2	24
ENSHBUG00000018268	1	7
ENSHBUG00000018269	0	0
ENSHBUG00000018270	12	35
ENSHBUG00000018271	178	195
ENSHBUG00000018272	0	0
ENSHBUG00000018273	508	532
ENSHBUG00000018274	0	0
ENSHBUG00000018275	11	48
ENSHBUG00000018276	0	0
ENSHBUG00000018277	0	0
ENSHBUG00000018278	4	22
ENSHBUG00000018279	0	0
ENSHBUG00000018280	0	0
ENSHBUG00000018281	0	0
ENSHBUG00000018282	1	37
ENSHBUG00000018283	1	18
ENSHBUG00000018284	0	0
ENSHBUG00000018285	0	0
ENSHBUG00000018286	2	19
ENSHBUG00000018287	0	0
ENSHBUG00000018288	1	18
ENSHBUG00000018289	0	0
ENSHBUG00000018290	0	0
ENSHBUG00000018291	0	0
ENSHBUG00000018292	0	0
ENSHBUG00000018293	0	0
ENSHBUG00000018294	1	31
ENSHBUG00000018295	3	6
ENSHBUG00000018296	0	0
ENSHBUG00000018297	0	0
ENSHBUG00000018298	0	0
ENSHBUG00000018299	0	0
ENSHBUG00000018300	1	47
ENSHBUG00000018301	12	47
ENSHBUG00000018302	0	0
ENSHBUG00000018303	0	0
ENSHBUG00000018304	0	0
ENSHBUG00000018305	0	0
ENSHBUG00000018306	0	0
ENSHBUG00000018307	0	0
ENSHBUG00000018308	2	22
ENSHBUG00000018309	0	0
ENSHBUG00000018310	2	3
ENSHBUG00000018311	0	0
ENSHBUG00000018312	0	0
ENSHBUG00000018313	0	0
ENSHBUG00000018314	0	0
ENSHBUG00000018315	0	0
ENSHBUG00000018316	1	3
ENSHBUG00000018317	0	0
ENSHBUG00000018318	2	47
ENSHBUG00000018319	3	7
ENSHBUG00000018320	2	30
ENSHBUG00000018321	23	46
ENSHBUG00000018322	0	0
ENSHBUG00000018323	0	0
ENSHBUG00000018324	1	49
ENSHBUG00000018325	0	0
ENSHBUG00000018326	1	5
ENSHBUG00000018327	0	0
ENSHBUG00000018328	0	0
ENSHBUG00000018329	9	45
ENSHBUG00000018330	23	62
ENSHBUG00000018331	1	25
ENSHBUG00000018332	0	0
ENSHBUG00000018333	0	0
ENSHBUG00000018334	0	0
ENSHBUG00000018335	0	0
ENSHBUG00000018336	0	0
ENSHBUG00000018337	0	0
ENSHBUG00000018338	0	0
ENSHBUG00000018339	1	45
ENSHBUG00000018340	0	0
ENSHBUG00000018341	0	0
ENSHBUG00000018342	1	37
ENSHBUG00000018343	0	0
ENSHBUG00000018344	1	12
ENSHBUG00000018345	0	0
ENSHBUG00000018346	0	0
ENSHBUG00000018347	0	0
ENSHBUG00000018348	0	0
ENSHBUG00000018349	1	17
ENSHBUG00000018350	16	26
ENSHBUG00000018351	14	53
ENSHBUG00000018352	0	0
ENSHBUG00000018353	3	51
ENSHBUG00000018354	3	46
ENSHBUG00000018355	0	0
ENSHBUG00000018356	0	0
ENSHBUG00000018357	1	4
ENSHBUG00000018358	0	0
ENSHBUG00000018359	0	0
ENSHBUG00000018360	0	0
ENSHBUG00000018361	29	50
ENSHBUG00000018362	1	17
ENSHBUG00000018363	0	0
ENSHBUG00000018364	0	0
ENSHBUG00000018365	0	0
ENSHBUG00000018366	1	47
ENSHBUG00000018367	0	0
ENSHBUG00000018368	0	0
ENSHBUG00000018369	0	0
ENSHBUG00000018370	0	0
ENSHBUG00000018371	1	12
ENSHBUG00000018372	0	0
ENSHBUG00000018373	4	41
ENSHBUG00000018374	7	29
ENSHBUG00000018375	0	0
ENSHBUG00000018376	9	45
ENSHBUG00000018377	0	0
ENSHBUG00000018378	0	0
ENSHBUG00000018379	0	0
ENSHBUG00000018380	0	0
ENSHBUG00000018381	0	0
ENSHBUG00000018382	1	29
ENSHBUG00000018383	0	0
ENSHBUG00000018384	0	0
ENSHBUG00000018385	0	0
ENSHBUG00000018386	108	122
ENSHBUG00000018387	1	44
ENSHBUG00000018388	0	0
ENSHBUG00000018389	2	4
ENSHBUG00000018390	1	2
ENSHBUG00000018391	0	0
ENSHBUG00000018392	0	0
ENSHBUG00000018393	0	0
ENSHBUG00000018394	3	36
ENSHBUG00000018395	3	27
ENSHBUG00000018396	1	6
ENSHBUG00000018397	1220	1240
ENSHBUG00000018398	1	39
ENSHBUG00000018399	2	27
ENSHBUG00000018400	0	0
ENSHBUG00000018401	0	0
ENSHBUG00000018402	0	0
ENSHBUG00000018403	0	0
ENSHBUG00000018404	2	25
ENSHBUG00000018405	6	42
ENSHBUG00000018406	0	0
ENSHBUG00000018407	0	0
ENSHBUG00000018408	0	0
ENSHBUG00000018409	0	0
ENSHBUG00000018410	0	0
ENSHBUG00000018411	0	0
ENSHBUG00000018412	1	49
ENSHBUG00000018413	0	0
ENSHBUG00000018414	0	0
ENSHBUG00000018415	1	33
ENSHBUG00000018416	2	11
ENSHBUG00000018417	1715	1743
ENSHBUG00000018418	0	0
ENSHBUG00000018419	0	0
ENSHBUG00000018420	0	0
ENSHBUG00000018421	3	46
ENSHBUG00000018422	0	0
ENSHBUG00000018423	2	11
ENSHBUG00000018424	0	0
ENSHBUG00000018425	0	0
ENSHBUG00000018426	0	0
ENSHBUG00000018427	0	0
ENSHBUG00000018428	2	13
ENSHBUG00000018429	0	0
ENSHBUG00000018430	0	0
ENSHBUG00000018431	0	0
ENSHBUG00000018432	2	8
ENSHBUG00000018433	2	42
ENSHBUG00000018434	3	50
ENSHBUG00000018435	4	29
ENSHBUG00000018436	1	33
ENSHBUG00000018437	0	0
ENSHBUG00000018438	0	0
ENSHBUG00000018439	0	0
ENSHBUG00000018440	19	57
ENSHBUG00000018441	0	0
ENSHBUG00000018442	5	9
ENSHBUG00000018443	1	10
ENSHBUG00000018444	1	10
ENSHBUG00000018445	2	44
ENSHBUG00000018446	0	0
ENSHBUG00000018447	0	0
ENSHBUG00000018448	0	0
ENSHBUG00000018449	0	0
ENSHBUG00000018450	0	0
ENSHBUG00000018451	1	45
ENSHBUG00000018452	0	0
ENSHBUG00000018453	3	19
ENSHBUG00000018454	0	0
ENSHBUG00000018455	0	0
ENSHBUG00000018456	0	0
ENSHBUG00000018457	1	40
ENSHBUG00000018458	0	0
ENSHBUG00000018459	5	8
ENSHBUG00000018460	0	0
ENSHBUG00000018461	0	0
ENSHBUG00000018462	0	0
ENSHBUG00000018463	2	6
ENSHBUG00000018464	0	0
ENSHBUG00000018465	1	39
ENSHBUG00000018466	0	0
ENSHBUG00000018467	0	0
ENSHBUG00000018468	0	0
ENSHBUG00000018469	1	9
ENSHBUG00000018470	0	0
ENSHBUG00000018471	3	37
ENSHBUG00000018472	0	0
ENSHBUG00000018473	0	0
ENSHBUG00000018474	0	0
ENSHBUG00000018475	0	0
ENSHBUG00000018476	0	0
ENSHBUG00000018477	588	599
ENSHBUG00000018478	0	0
ENSHBUG00000018479	3	21
ENSHBUG00000018480	1	31
ENSHBUG00000018481	1	18
ENSHBUG00000018482	0	0
ENSHBUG00000018483	795	814
ENSHBUG00000018484	0	0
ENSHBUG00000018485	3	13
ENSHBUG00000018486	3	15
ENSHBUG00000018487	0	0
ENSHBUG00000018488	2	46
ENSHBUG00000018489	0	0
ENSHBUG00000018490	0	0
ENSHBUG00000018491	0	0
ENSHBUG00000018492	0	0
ENSHBUG00000018493	3	48
ENSHBUG00000018494	0	0
ENSHBUG00000018495	24	25
ENSHBUG00000018496	9	38
ENSHBUG00000018497	0	0
ENSHBUG00000018498	0	0
ENSHBUG00000018499	1551	1561
ENSHBUG00000018500	0	0
ENSHBUG00000018501	0	0
ENSHBUG00000018502	0	0
ENSHBUG00000018503	0	0
ENSHBUG00000018504	452	476
ENSHBUG00000018505	1	26
ENSHBUG00000018506	1	47
ENSHBUG00000018507	29	71
ENSHBUG00000018508	0	0
ENSHBUG00000018509	0	0
ENSHBUG00000018510	2	48
ENSHBUG00000018511	2	45
ENSHBUG00000018512	1	27
ENSHBUG00000018513	0	0
ENSHBUG00000018514	0	0
ENSHBUG00000018515	0	0
ENSHBUG00000018516	0	0
ENSHBUG00000018517	0	0
ENSHBUG00000018518	154	164
ENSHBUG00000018519	179	180
ENSHBUG00000018520	0	0
ENSHBUG00000018521	3	7
ENSHBUG00000018522	0	0
ENSHBUG00000018523	2	19
ENSHBUG00000018524	0	0
ENSHBUG00000018525	36	78
ENSHBUG00000018526	1	30
ENSHBUG00000018527	0	0
ENSHBUG00000018528	91	96
ENSHBUG00000018529	2	30
ENSHBUG00000018530	2	18
ENSHBUG00000018531	0	0
ENSHBUG00000018532	1	2
ENSHBUG00000018533	1	43
ENSHBUG00000018534	0	0
ENSHBUG00000018535	0	0
ENSHBUG00000018536	0	0
ENSHBUG00000018537	0	0
ENSHBUG00000018538	2	39
ENSHBUG00000018539	0	0
ENSHBUG00000018540	1205	1212
ENSHBUG00000018541	1	41
ENSHBUG00000018542	0	0
ENSHBUG00000018543	0	0
ENSHBUG00000018544	0	0
ENSHBUG00000018545	0	0
ENSHBUG00000018546	0	0
ENSHBUG00000018547	0	0
ENSHBUG00000018548	1	41
ENSHBUG00000018549	2	42
ENSHBUG00000018550	0	0
ENSHBUG00000018551	0	0
ENSHBUG00000018552	0	0
ENSHBUG00000018553	0	0
ENSHBUG00000018554	21	49
ENSHBUG00000018555	0	0
ENSHBUG00000018556	1	37
ENSHBUG00000018557	0	0
ENSHBUG00000018558	1	41
ENSHBUG00000018559	9	55
ENSHBUG00000018560	0	0
ENSHBUG00000018561	1	34
ENSHBUG00000018562	68	113
ENSHBUG00000018563	0	0
ENSHBUG00000018564	0	0
ENSHBUG00000018565	1	13
ENSHBUG00000018566	1	39
ENSHBUG00000018567	0	0
ENSHBUG00000018568	42	75
ENSHBUG00000018569	3	12
ENSHBUG00000018570	0	0
ENSHBUG00000018571	0	0
ENSHBUG00000018572	2100	2136
ENSHBUG00000018573	0	0
ENSHBUG00000018574	1	24
ENSHBUG00000018575	369	376
ENSHBUG00000018576	0	0
ENSHBUG00000018577	1	25
ENSHBUG00000018578	1	46
ENSHBUG00000018579	5	18
ENSHBUG00000018580	0	0
ENSHBUG00000018581	4	32
ENSHBUG00000018582	0	0
ENSHBUG00000018583	0	0
ENSHBUG00000018584	2	41
ENSHBUG00000018585	1	27
ENSHBUG00000018586	0	0
ENSHBUG00000018587	2	25
ENSHBUG00000018588	0	0
ENSHBUG00000018589	531	579
ENSHBUG00000018590	0	0
ENSHBUG00000018591	1	41
ENSHBUG00000018592	0	0
ENSHBUG00000018593	2	16
ENSHBUG00000018594	10	26
ENSHBUG00000018595	5	48
ENSHBUG00000018596	0	0
ENSHBUG00000018597	0	0
ENSHBUG00000018598	15	53
ENSHBUG00000018599	4	40
ENSHBUG00000018600	0	0
ENSHBUG00000018601	0	0
ENSHBUG00000018602	0	0
ENSHBUG00000018603	0	0
ENSHBUG00000018604	3	8
ENSHBUG00000018605	1	14
ENSHBUG00000018606	0	0
ENSHBUG00000018607	0	0
ENSHBUG00000018608	0	0
ENSHBUG00000018609	1	8
ENSHBUG00000018610	0	0
ENSHBUG00000018611	0	0
ENSHBUG00000018612	8	56
ENSHBUG00000018613	1	14
ENSHBUG00000018614	1	21
ENSHBUG00000018615	2	13
ENSHBUG00000018616	0	0
ENSHBUG00000018617	0	0
ENSHBUG00000018618	1	46
ENSHBUG00000018619	8	24
ENSHBUG00000018620	0	0
ENSHBUG00000018621	1	19
ENSHBUG00000018622	1	8
ENSHBUG00000018623	0	0
ENSHBUG00000018624	0	0
ENSHBUG00000018625	218	246
ENSHBUG00000018626	48	69
ENSHBUG00000018627	13	56
ENSHBUG00000018628	0	0
ENSHBUG00000018629	0	0
ENSHBUG00000018630	0	0
ENSHBUG00000018631	29	41
ENSHBUG00000018632	0	0
ENSHBUG00000018633	0	0
ENSHBUG00000018634	5	24
ENSHBUG00000018635	0	0
ENSHBUG00000018636	30	35
ENSHBUG00000018637	10	18
ENSHBUG00000018638	0	0
ENSHBUG00000018639	6	21
ENSHBUG00000018640	6	12
ENSHBUG00000018641	6	42
ENSHBUG00000018642	0	0
ENSHBUG00000018643	0	0
ENSHBUG00000018644	0	0
ENSHBUG00000018645	3	37
ENSHBUG00000018646	0	0
ENSHBUG00000018647	0	0
ENSHBUG00000018648	0	0
ENSHBUG00000018649	1303	1314
ENSHBUG00000018650	0	0
ENSHBUG00000018651	45	52
ENSHBUG00000018652	0	0
ENSHBUG00000018653	0	0
ENSHBUG00000018654	0	0
ENSHBUG00000018655	4	45
ENSHBUG00000018656	6	19
ENSHBUG00000018657	0	0
ENSHBUG00000018658	4	51
ENSHBUG00000018659	7	13
ENSHBUG00000018660	0	0
ENSHBUG00000018661	0	0
ENSHBUG00000018662	1	26
ENSHBUG00000018663	2	32
ENSHBUG00000018664	0	0
ENSHBUG00000018665	0	0
ENSHBUG00000018666	0	0
ENSHBUG00000018667	125	155
ENSHBUG00000018668	698	714
ENSHBUG00000018669	0	0
ENSHBUG00000018670	0	0
ENSHBUG00000018671	15	19
ENSHBUG00000018672	26	65
ENSHBUG00000018673	0	0
ENSHBUG00000018674	0	0
ENSHBUG00000018675	31	37
ENSHBUG00000018676	9	45
ENSHBUG00000018677	0	0
ENSHBUG00000018678	0	0
ENSHBUG00000018679	0	0
ENSHBUG00000018680	37	42
ENSHBUG00000018681	4	48
ENSHBUG00000018682	1	45
ENSHBUG00000018683	3	25
ENSHBUG00000018684	0	0
ENSHBUG00000018685	0	0
ENSHBUG00000018686	0	0
ENSHBUG00000018687	1	40
ENSHBUG00000018688	3	31
ENSHBUG00000018689	0	0
ENSHBUG00000018690	0	0
ENSHBUG00000018691	1	27
ENSHBUG00000018692	0	0
ENSHBUG00000018693	7	55
ENSHBUG00000018694	2	42
ENSHBUG00000018695	0	0
ENSHBUG00000018696	12	42
ENSHBUG00000018697	0	0
ENSHBUG00000018698	7	24
ENSHBUG00000018699	8	37
ENSHBUG00000018700	12	23
ENSHBUG00000018701	20	52
ENSHBUG00000018702	0	0
ENSHBUG00000018703	0	0
ENSHBUG00000018704	0	0
ENSHBUG00000018705	3	8
ENSHBUG00000018706	0	0
ENSHBUG00000018707	0	0
ENSHBUG00000018708	1	2
ENSHBUG00000018709	0	0
ENSHBUG00000018710	0	0
ENSHBUG00000018711	35	69
ENSHBUG00000018712	6	10
ENSHBUG00000018713	0	0
ENSHBUG00000018714	0	0
ENSHBUG00000018715	2	13
ENSHBUG00000018716	4	15
ENSHBUG00000018717	2	3
ENSHBUG00000018718	11	19
ENSHBUG00000018719	107	140
ENSHBUG00000018720	0	0
ENSHBUG00000018721	70	76
ENSHBUG00000018722	249	278
ENSHBUG00000018723	0	0
ENSHBUG00000018724	0	0
ENSHBUG00000018725	2	12
ENSHBUG00000018726	0	0
ENSHBUG00000018727	3	46
ENSHBUG00000018728	0	0
ENSHBUG00000018729	1	36
ENSHBUG00000018730	0	0
ENSHBUG00000018731	9	30
ENSHBUG00000018732	5	17
ENSHBUG00000018733	6	30
ENSHBUG00000018734	276	316
ENSHBUG00000018735	0	0
ENSHBUG00000018736	0	0
ENSHBUG00000018737	0	0
ENSHBUG00000018738	0	0
ENSHBUG00000018739	0	0
ENSHBUG00000018740	4	47
ENSHBUG00000018741	0	0
ENSHBUG00000018742	0	0
ENSHBUG00000018743	0	0
ENSHBUG00000018744	1	46
ENSHBUG00000018745	0	0
ENSHBUG00000018746	11	54
ENSHBUG00000018747	0	0
ENSHBUG00000018748	0	0
ENSHBUG00000018749	1	16
ENSHBUG00000018750	3	32
ENSHBUG00000018751	0	0
ENSHBUG00000018752	1	46
ENSHBUG00000018753	0	0
ENSHBUG00000018754	4	20
ENSHBUG00000018755	1	28
ENSHBUG00000018756	1	21
ENSHBUG00000018757	0	0
ENSHBUG00000018758	0	0
ENSHBUG00000018759	0	0
ENSHBUG00000018760	2	43
ENSHBUG00000018761	0	0
ENSHBUG00000018762	0	0
ENSHBUG00000018763	0	0
ENSHBUG00000018764	1	35
ENSHBUG00000018765	0	0
ENSHBUG00000018766	0	0
ENSHBUG00000018767	2	35
ENSHBUG00000018768	123	125
ENSHBUG00000018769	0	0
ENSHBUG00000018770	2	12
ENSHBUG00000018771	0	0
ENSHBUG00000018772	1	30
ENSHBUG00000018773	0	0
ENSHBUG00000018774	0	0
ENSHBUG00000018775	0	0
ENSHBUG00000018776	0	0
ENSHBUG00000018777	0	0
ENSHBUG00000018778	5	23
ENSHBUG00000018779	3	35
ENSHBUG00000018780	3	24
ENSHBUG00000018781	10	53
ENSHBUG00000018782	2	20
ENSHBUG00000018783	0	0
ENSHBUG00000018784	0	0
ENSHBUG00000018785	8	36
ENSHBUG00000018786	0	0
ENSHBUG00000018787	8	51
ENSHBUG00000018788	3	9
ENSHBUG00000018789	0	0
ENSHBUG00000018790	0	0
ENSHBUG00000018791	1	46
ENSHBUG00000018792	0	0
ENSHBUG00000018793	6	18
ENSHBUG00000018794	0	0
ENSHBUG00000018795	0	0
ENSHBUG00000018796	0	0
ENSHBUG00000018797	1	18
ENSHBUG00000018798	0	0
ENSHBUG00000018799	0	0
ENSHBUG00000018800	0	0
ENSHBUG00000018801	0	0
ENSHBUG00000018802	1	12
ENSHBUG00000018803	0	0
ENSHBUG00000018804	0	0
ENSHBUG00000018805	0	0
ENSHBUG00000018806	0	0
ENSHBUG00000018807	0	0
ENSHBUG00000018808	0	0
ENSHBUG00000018809	0	0
ENSHBUG00000018810	1	34
ENSHBUG00000018811	0	0
ENSHBUG00000018812	3	5
ENSHBUG00000018813	0	0
ENSHBUG00000018814	0	0
ENSHBUG00000018815	2	50
ENSHBUG00000018816	2	9
ENSHBUG00000018817	1	26
ENSHBUG00000018818	1	47
ENSHBUG00000018819	0	0
ENSHBUG00000018820	0	0
ENSHBUG00000018821	64	88
ENSHBUG00000018822	0	0
ENSHBUG00000018823	132	178
ENSHBUG00000018824	0	0
ENSHBUG00000018825	2	14
ENSHBUG00000018826	0	0
ENSHBUG00000018827	0	0
ENSHBUG00000018828	1	6
ENSHBUG00000018829	2	49
ENSHBUG00000018830	1	5
ENSHBUG00000018831	1	5
ENSHBUG00000018832	0	0
ENSHBUG00000018833	0	0
ENSHBUG00000018834	3	49
ENSHBUG00000018835	0	0
ENSHBUG00000018836	0	0
ENSHBUG00000018837	6	22
ENSHBUG00000018838	0	0
ENSHBUG00000018839	7	37
ENSHBUG00000018840	4	6
ENSHBUG00000018841	1	38
ENSHBUG00000018842	305	337
ENSHBUG00000018843	25	68
ENSHBUG00000018844	0	0
ENSHBUG00000018845	0	0
ENSHBUG00000018846	0	0
ENSHBUG00000018847	0	0
ENSHBUG00000018848	0	0
ENSHBUG00000018849	0	0
ENSHBUG00000018850	0	0
ENSHBUG00000018851	4	36
ENSHBUG00000018852	0	0
ENSHBUG00000018853	0	0
ENSHBUG00000018854	1	26
ENSHBUG00000018855	0	0
ENSHBUG00000018856	48	65
ENSHBUG00000018857	1	19
ENSHBUG00000018858	0	0
ENSHBUG00000018859	5	50
ENSHBUG00000018860	0	0
ENSHBUG00000018861	0	0
ENSHBUG00000018862	2	41
ENSHBUG00000018863	2	21
ENSHBUG00000018864	0	0
ENSHBUG00000018865	0	0
ENSHBUG00000018866	3	32
ENSHBUG00000018867	0	0
ENSHBUG00000018868	1	14
ENSHBUG00000018869	0	0
ENSHBUG00000018870	0	0
ENSHBUG00000018871	2	11
ENSHBUG00000018872	1	48
ENSHBUG00000018873	2	16
ENSHBUG00000018874	0	0
ENSHBUG00000018875	0	0
ENSHBUG00000018876	3	17
ENSHBUG00000018877	0	0
ENSHBUG00000018878	3	9
ENSHBUG00000018879	0	0
ENSHBUG00000018880	4	27
ENSHBUG00000018881	1	48
ENSHBUG00000018882	1	18
ENSHBUG00000018883	0	0
ENSHBUG00000018884	3	25
ENSHBUG00000018885	2	20
ENSHBUG00000018886	1	13
ENSHBUG00000018887	0	0
ENSHBUG00000018888	1	49
ENSHBUG00000018889	177	205
ENSHBUG00000018890	0	0
ENSHBUG00000018891	0	0
ENSHBUG00000018892	0	0
ENSHBUG00000018893	0	0
ENSHBUG00000018894	0	0
ENSHBUG00000018895	0	0
ENSHBUG00000018896	0	0
ENSHBUG00000018897	0	0
ENSHBUG00000018898	1	36
ENSHBUG00000018899	0	0
ENSHBUG00000018900	0	0
ENSHBUG00000018901	9	16
ENSHBUG00000018902	0	0
ENSHBUG00000018903	1	31
ENSHBUG00000018904	0	0
ENSHBUG00000018905	3	47
ENSHBUG00000018906	6	39
ENSHBUG00000018907	0	0
ENSHBUG00000018908	1	35
ENSHBUG00000018909	0	0
ENSHBUG00000018910	0	0
ENSHBUG00000018911	5	41
ENSHBUG00000018912	0	0
ENSHBUG00000018913	1	16
ENSHBUG00000018914	0	0
ENSHBUG00000018915	0	0
ENSHBUG00000018916	0	0
ENSHBUG00000018917	0	0
ENSHBUG00000018918	2	32
ENSHBUG00000018919	2	42
ENSHBUG00000018920	0	0
ENSHBUG00000018921	1	47
ENSHBUG00000018922	0	0
ENSHBUG00000018923	25	46
ENSHBUG00000018924	1	27
ENSHBUG00000018925	0	0
ENSHBUG00000018926	0	0
ENSHBUG00000018927	0	0
ENSHBUG00000018928	0	0
ENSHBUG00000018929	181	198
ENSHBUG00000018930	2	19
ENSHBUG00000018931	0	0
ENSHBUG00000018932	0	0
ENSHBUG00000018933	234	245
ENSHBUG00000018934	0	0
ENSHBUG00000018935	1	10
ENSHBUG00000018936	2	16
ENSHBUG00000018937	3	29
ENSHBUG00000018938	0	0
ENSHBUG00000018939	0	0
ENSHBUG00000018940	0	0
ENSHBUG00000018941	0	0
ENSHBUG00000018942	0	0
ENSHBUG00000018943	0	0
ENSHBUG00000018944	0	0
ENSHBUG00000018945	2	33
ENSHBUG00000018946	1	7
ENSHBUG00000018947	0	0
ENSHBUG00000018948	1	34
ENSHBUG00000018949	0	0
ENSHBUG00000018950	0	0
ENSHBUG00000018951	78	106
ENSHBUG00000018952	0	0
ENSHBUG00000018953	0	0
ENSHBUG00000018954	3	30
ENSHBUG00000018955	0	0
ENSHBUG00000018956	0	0
ENSHBUG00000018957	0	0
ENSHBUG00000018958	0	0
ENSHBUG00000018959	0	0
ENSHBUG00000018960	1	31
ENSHBUG00000018961	1	38
ENSHBUG00000018962	11	12
ENSHBUG00000018963	0	0
ENSHBUG00000018964	434	469
ENSHBUG00000018965	0	0
ENSHBUG00000018966	1	25
ENSHBUG00000018967	44	86
ENSHBUG00000018968	0	0
ENSHBUG00000018969	1	29
ENSHBUG00000018970	0	0
ENSHBUG00000018971	2	18
ENSHBUG00000018972	0	0
ENSHBUG00000018973	0	0
ENSHBUG00000018974	6	46
ENSHBUG00000018975	0	0
ENSHBUG00000018976	2	5
ENSHBUG00000018977	2	16
ENSHBUG00000018978	2	29
ENSHBUG00000018979	0	0
ENSHBUG00000018980	0	0
ENSHBUG00000018981	0	0
ENSHBUG00000018982	0	0
ENSHBUG00000018983	0	0
ENSHBUG00000018984	28	39
ENSHBUG00000018985	0	0
ENSHBUG00000018986	0	0
ENSHBUG00000018987	0	0
ENSHBUG00000018988	0	0
ENSHBUG00000018989	1	41
ENSHBUG00000018990	0	0
ENSHBUG00000018991	0	0
ENSHBUG00000018992	7	36
ENSHBUG00000018993	5	39
ENSHBUG00000018994	2	40
ENSHBUG00000018995	0	0
ENSHBUG00000018996	1	20
ENSHBUG00000018997	0	0
ENSHBUG00000018998	1	12
ENSHBUG00000018999	1	26
ENSHBUG00000019000	3	10
ENSHBUG00000019001	0	0
ENSHBUG00000019002	7	55
ENSHBUG00000019003	0	0
ENSHBUG00000019004	1	25
ENSHBUG00000019005	2	24
ENSHBUG00000019006	0	0
ENSHBUG00000019007	3	50
ENSHBUG00000019008	2	15
ENSHBUG00000019009	0	0
ENSHBUG00000019010	0	0
ENSHBUG00000019011	0	0
ENSHBUG00000019012	0	0
ENSHBUG00000019013	1	5
ENSHBUG00000019014	0	0
ENSHBUG00000019015	1	26
ENSHBUG00000019016	1	43
ENSHBUG00000019017	68	95
ENSHBUG00000019018	0	0
ENSHBUG00000019019	6	19
ENSHBUG00000019020	0	0
ENSHBUG00000019021	0	0
ENSHBUG00000019022	0	0
ENSHBUG00000019023	50	95
ENSHBUG00000019024	0	0
ENSHBUG00000019025	0	0
ENSHBUG00000019026	0	0
ENSHBUG00000019027	0	0
ENSHBUG00000019028	0	0
ENSHBUG00000019029	0	0
ENSHBUG00000019030	4	32
ENSHBUG00000019031	2	7
ENSHBUG00000019032	0	0
ENSHBUG00000019033	1	8
ENSHBUG00000019034	1	34
ENSHBUG00000019035	92	99
ENSHBUG00000019036	1	47
ENSHBUG00000019037	1	3
ENSHBUG00000019038	1	49
ENSHBUG00000019039	4	17
ENSHBUG00000019040	1	28
ENSHBUG00000019041	1	47
ENSHBUG00000019042	1	29
ENSHBUG00000019043	1	36
ENSHBUG00000019044	1	48
ENSHBUG00000019045	0	0
ENSHBUG00000019046	2	49
ENSHBUG00000019047	0	0
ENSHBUG00000019048	11	20
ENSHBUG00000019049	0	0
ENSHBUG00000019050	0	0
ENSHBUG00000019051	0	0
ENSHBUG00000019052	0	0
ENSHBUG00000019053	0	0
ENSHBUG00000019054	9	53
ENSHBUG00000019055	0	0
ENSHBUG00000019056	7	40
ENSHBUG00000019057	1	14
ENSHBUG00000019058	2	38
ENSHBUG00000019059	13	42
ENSHBUG00000019060	0	0
ENSHBUG00000019061	24	39
ENSHBUG00000019062	0	0
ENSHBUG00000019063	0	0
ENSHBUG00000019064	0	0
ENSHBUG00000019065	0	0
ENSHBUG00000019066	0	0
ENSHBUG00000019067	1	8
ENSHBUG00000019068	15	41
ENSHBUG00000019069	0	0
ENSHBUG00000019070	1	32
ENSHBUG00000019071	2	39
ENSHBUG00000019072	8	9
ENSHBUG00000019073	0	0
ENSHBUG00000019074	0	0
ENSHBUG00000019075	0	0
ENSHBUG00000019076	10	39
ENSHBUG00000019077	5	44
ENSHBUG00000019078	0	0
ENSHBUG00000019079	6	44
ENSHBUG00000019080	0	0
ENSHBUG00000019081	2	17
ENSHBUG00000019082	0	0
ENSHBUG00000019083	0	0
ENSHBUG00000019084	0	0
ENSHBUG00000019085	0	0
ENSHBUG00000019086	1	25
ENSHBUG00000019087	0	0
ENSHBUG00000019088	5	47
ENSHBUG00000019089	0	0
ENSHBUG00000019090	0	0
ENSHBUG00000019091	0	0
ENSHBUG00000019092	1	6
ENSHBUG00000019093	0	0
ENSHBUG00000019094	1	9
ENSHBUG00000019095	27	28
ENSHBUG00000019096	0	0
ENSHBUG00000019097	1	24
ENSHBUG00000019098	0	0
ENSHBUG00000019099	6	53
ENSHBUG00000019100	0	0
ENSHBUG00000019101	0	0
ENSHBUG00000019102	0	0
ENSHBUG00000019103	0	0
ENSHBUG00000019104	0	0
ENSHBUG00000019105	0	0
ENSHBUG00000019106	0	0
ENSHBUG00000019107	7	19
ENSHBUG00000019108	0	0
ENSHBUG00000019109	42	53
ENSHBUG00000019110	212	226
ENSHBUG00000019111	9	40
ENSHBUG00000019112	0	0
ENSHBUG00000019113	5	45
ENSHBUG00000019114	0	0
ENSHBUG00000019115	6	47
ENSHBUG00000019116	501	523
ENSHBUG00000019117	0	0
ENSHBUG00000019118	0	0
ENSHBUG00000019119	1	9
ENSHBUG00000019120	2623	2665
ENSHBUG00000019121	0	0
ENSHBUG00000019122	4	22
ENSHBUG00000019123	0	0
ENSHBUG00000019124	0	0
ENSHBUG00000019125	1	32
ENSHBUG00000019126	0	0
ENSHBUG00000019127	0	0
ENSHBUG00000019128	0	0
ENSHBUG00000019129	0	0
ENSHBUG00000019130	0	0
ENSHBUG00000019131	3	33
ENSHBUG00000019132	0	0
ENSHBUG00000019133	361	387
ENSHBUG00000019134	0	0
ENSHBUG00000019135	2	21
ENSHBUG00000019136	0	0
ENSHBUG00000019137	0	0
ENSHBUG00000019138	0	0
ENSHBUG00000019139	1	18
ENSHBUG00000019140	0	0
ENSHBUG00000019141	2	44
ENSHBUG00000019142	0	0
ENSHBUG00000019143	91	93
ENSHBUG00000019144	1	28
ENSHBUG00000019145	0	0
ENSHBUG00000019146	298	327
ENSHBUG00000019147	0	0
ENSHBUG00000019148	0	0
ENSHBUG00000019149	3	22
ENSHBUG00000019150	4	17
ENSHBUG00000019151	0	0
ENSHBUG00000019152	0	0
ENSHBUG00000019153	0	0
ENSHBUG00000019154	0	0
ENSHBUG00000019155	0	0
ENSHBUG00000019156	6	35
ENSHBUG00000019157	443	467
ENSHBUG00000019158	3	37
ENSHBUG00000019159	10	41
ENSHBUG00000019160	0	0
ENSHBUG00000019161	1	37
ENSHBUG00000019162	18	45
ENSHBUG00000019163	1	36
ENSHBUG00000019164	1	47
ENSHBUG00000019165	1	38
ENSHBUG00000019166	36	81
ENSHBUG00000019167	0	0
ENSHBUG00000019168	2	9
ENSHBUG00000019169	0	0
ENSHBUG00000019170	2	10
ENSHBUG00000019171	0	0
ENSHBUG00000019172	0	0
ENSHBUG00000019173	5	48
ENSHBUG00000019174	112	141
ENSHBUG00000019175	1	32
ENSHBUG00000019176	0	0
ENSHBUG00000019177	0	0
ENSHBUG00000019178	0	0
ENSHBUG00000019179	0	0
ENSHBUG00000019180	1	24
ENSHBUG00000019181	0	0
ENSHBUG00000019182	181	217
ENSHBUG00000019183	0	0
ENSHBUG00000019184	0	0
ENSHBUG00000019185	0	0
ENSHBUG00000019186	0	0
ENSHBUG00000019187	6	48
ENSHBUG00000019188	0	0
ENSHBUG00000019189	6	27
ENSHBUG00000019190	11	12
ENSHBUG00000019191	9	21
ENSHBUG00000019192	1	4
ENSHBUG00000019193	0	0
ENSHBUG00000019194	0	0
ENSHBUG00000019195	2	5
ENSHBUG00000019196	0	0
ENSHBUG00000019197	7	32
ENSHBUG00000019198	221	235
ENSHBUG00000019199	0	0
ENSHBUG00000019200	2	16
ENSHBUG00000019201	0	0
ENSHBUG00000019202	2	46
ENSHBUG00000019203	0	0
ENSHBUG00000019204	1	26
ENSHBUG00000019205	0	0
ENSHBUG00000019206	15	28
ENSHBUG00000019207	8	54
ENSHBUG00000019208	2	39
ENSHBUG00000019209	3	47
ENSHBUG00000019210	0	0
ENSHBUG00000019211	0	0
ENSHBUG00000019212	7	18
ENSHBUG00000019213	0	0
ENSHBUG00000019214	0	0
ENSHBUG00000019215	0	0
ENSHBUG00000019216	2	27
ENSHBUG00000019217	3	47
ENSHBUG00000019218	0	0
ENSHBUG00000019219	0	0
ENSHBUG00000019220	0	0
ENSHBUG00000019221	0	0
ENSHBUG00000019222	0	0
ENSHBUG00000019223	35	66
ENSHBUG00000019224	9	16
ENSHBUG00000019225	0	0
ENSHBUG00000019226	0	0
ENSHBUG00000019227	0	0
ENSHBUG00000019228	0	0
ENSHBUG00000019229	1	15
ENSHBUG00000019230	253	294
ENSHBUG00000019231	0	0
ENSHBUG00000019232	2	3
ENSHBUG00000019233	0	0
ENSHBUG00000019234	29	65
ENSHBUG00000019235	0	0
ENSHBUG00000019236	0	0
ENSHBUG00000019237	0	0
ENSHBUG00000019238	3	45
ENSHBUG00000019239	0	0
ENSHBUG00000019240	0	0
ENSHBUG00000019241	1	5
ENSHBUG00000019242	5	34
ENSHBUG00000019243	8	49
ENSHBUG00000019244	195	233
ENSHBUG00000019245	2	36
ENSHBUG00000019246	0	0
ENSHBUG00000019247	15	42
ENSHBUG00000019248	0	0
ENSHBUG00000019249	0	0
ENSHBUG00000019250	0	0
ENSHBUG00000019251	1	36
ENSHBUG00000019252	704	729
ENSHBUG00000019253	0	0
ENSHBUG00000019254	0	0
ENSHBUG00000019255	0	0
ENSHBUG00000019256	2	33
ENSHBUG00000019257	1	42
ENSHBUG00000019258	0	0
ENSHBUG00000019259	0	0
ENSHBUG00000019260	1	15
ENSHBUG00000019261	5	6
ENSHBUG00000019262	5	52
ENSHBUG00000019263	0	0
ENSHBUG00000019264	13	28
ENSHBUG00000019265	22	59
ENSHBUG00000019266	24	72
ENSHBUG00000019267	2	21
ENSHBUG00000019268	0	0
ENSHBUG00000019269	0	0
ENSHBUG00000019270	0	0
ENSHBUG00000019271	0	0
ENSHBUG00000019272	1	37
ENSHBUG00000019273	0	0
ENSHBUG00000019274	0	0
ENSHBUG00000019275	3	24
ENSHBUG00000019276	112	115
ENSHBUG00000019277	0	0
ENSHBUG00000019278	0	0
ENSHBUG00000019279	0	0
ENSHBUG00000019280	0	0
ENSHBUG00000019281	2	12
ENSHBUG00000019282	14	28
ENSHBUG00000019283	0	0
ENSHBUG00000019284	0	0
ENSHBUG00000019285	0	0
ENSHBUG00000019286	5	23
ENSHBUG00000019287	0	0
ENSHBUG00000019288	9	45
ENSHBUG00000019289	26	45
ENSHBUG00000019290	0	0
ENSHBUG00000019291	67	75
ENSHBUG00000019292	41	80
ENSHBUG00000019293	1	34
ENSHBUG00000019294	0	0
ENSHBUG00000019295	6	27
ENSHBUG00000019296	0	0
ENSHBUG00000019297	1	45
ENSHBUG00000019298	14	29
ENSHBUG00000019299	0	0
ENSHBUG00000019300	3	47
ENSHBUG00000019301	2	6
ENSHBUG00000019302	1	30
ENSHBUG00000019303	11	52
ENSHBUG00000019304	0	0
ENSHBUG00000019305	1	24
ENSHBUG00000019306	1	46
ENSHBUG00000019307	0	0
ENSHBUG00000019308	0	0
ENSHBUG00000019309	0	0
ENSHBUG00000019310	1	14
ENSHBUG00000019311	0	0
ENSHBUG00000019312	7	32
ENSHBUG00000019313	3	5
ENSHBUG00000019314	0	0
ENSHBUG00000019315	58	78
ENSHBUG00000019316	0	0
ENSHBUG00000019317	0	0
ENSHBUG00000019318	3	35
ENSHBUG00000019319	0	0
ENSHBUG00000019320	141	182
ENSHBUG00000019321	0	0
ENSHBUG00000019322	474	498
ENSHBUG00000019323	1	30
ENSHBUG00000019324	0	0
ENSHBUG00000019325	1	30
ENSHBUG00000019326	1	15
ENSHBUG00000019327	0	0
ENSHBUG00000019328	7	28
ENSHBUG00000019329	0	0
ENSHBUG00000019330	0	0
ENSHBUG00000019331	1	9
ENSHBUG00000019332	1	47
ENSHBUG00000019333	0	0
ENSHBUG00000019334	0	0
ENSHBUG00000019335	0	0
ENSHBUG00000019336	0	0
ENSHBUG00000019337	0	0
ENSHBUG00000019338	0	0
ENSHBUG00000019339	0	0
ENSHBUG00000019340	0	0
ENSHBUG00000019341	0	0
ENSHBUG00000019342	7	14
ENSHBUG00000019343	1	41
ENSHBUG00000019344	1	13
ENSHBUG00000019345	0	0
ENSHBUG00000019346	0	0
ENSHBUG00000019347	0	0
ENSHBUG00000019348	5	22
ENSHBUG00000019349	0	0
ENSHBUG00000019350	0	0
ENSHBUG00000019351	3	14
ENSHBUG00000019352	0	0
ENSHBUG00000019353	0	0
ENSHBUG00000019354	0	0
ENSHBUG00000019355	9	33
ENSHBUG00000019356	0	0
ENSHBUG00000019357	0	0
ENSHBUG00000019358	2	34
ENSHBUG00000019359	0	0
ENSHBUG00000019360	1	36
ENSHBUG00000019361	2	9
ENSHBUG00000019362	0	0
ENSHBUG00000019363	3	45
ENSHBUG00000019364	0	0
ENSHBUG00000019365	17	23
ENSHBUG00000019366	157	180
ENSHBUG00000019367	0	0
ENSHBUG00000019368	164	174
ENSHBUG00000019369	0	0
ENSHBUG00000019370	1	31
ENSHBUG00000019371	0	0
ENSHBUG00000019372	0	0
ENSHBUG00000019373	0	0
ENSHBUG00000019374	189	229
ENSHBUG00000019375	1	30
ENSHBUG00000019376	2	31
ENSHBUG00000019377	0	0
ENSHBUG00000019378	1	20
ENSHBUG00000019379	0	0
ENSHBUG00000019380	0	0
ENSHBUG00000019381	0	0
ENSHBUG00000019382	0	0
ENSHBUG00000019383	0	0
ENSHBUG00000019384	0	0
ENSHBUG00000019385	0	0
ENSHBUG00000019386	0	0
ENSHBUG00000019387	1	28
ENSHBUG00000019388	1	10
ENSHBUG00000019389	1557	1563
ENSHBUG00000019390	8	17
ENSHBUG00000019391	0	0
ENSHBUG00000019392	2	3
ENSHBUG00000019393	0	0
ENSHBUG00000019394	26	44
ENSHBUG00000019395	1	2
ENSHBUG00000019396	0	0
ENSHBUG00000019397	0	0
ENSHBUG00000019398	0	0
ENSHBUG00000019399	0	0
ENSHBUG00000019400	0	0
ENSHBUG00000019401	6	43
ENSHBUG00000019402	0	0
ENSHBUG00000019403	0	0
ENSHBUG00000019404	3	37
ENSHBUG00000019405	1	15
ENSHBUG00000019406	4	10
ENSHBUG00000019407	2	22
ENSHBUG00000019408	0	0
ENSHBUG00000019409	1	17
ENSHBUG00000019410	0	0
ENSHBUG00000019411	0	0
ENSHBUG00000019412	3	8
ENSHBUG00000019413	4	25
ENSHBUG00000019414	1	19
ENSHBUG00000019415	1059	1085
ENSHBUG00000019416	0	0
ENSHBUG00000019417	4	38
ENSHBUG00000019418	0	0
ENSHBUG00000019419	0	0
ENSHBUG00000019420	2	34
ENSHBUG00000019421	0	0
ENSHBUG00000019422	44	59
ENSHBUG00000019423	1	44
ENSHBUG00000019424	0	0
ENSHBUG00000019425	0	0
ENSHBUG00000019426	0	0
ENSHBUG00000019427	0	0
ENSHBUG00000019428	0	0
ENSHBUG00000019429	0	0
ENSHBUG00000019430	2	50
ENSHBUG00000019431	18	51
ENSHBUG00000019432	2	30
ENSHBUG00000019433	1	28
ENSHBUG00000019434	0	0
ENSHBUG00000019435	0	0
ENSHBUG00000019436	0	0
ENSHBUG00000019437	0	0
ENSHBUG00000019438	0	0
ENSHBUG00000019439	15	43
ENSHBUG00000019440	0	0
ENSHBUG00000019441	4	25
ENSHBUG00000019442	1	8
ENSHBUG00000019443	229	268
ENSHBUG00000019444	0	0
ENSHBUG00000019445	35	55
ENSHBUG00000019446	396	441
ENSHBUG00000019447	3	51
ENSHBUG00000019448	1	20
ENSHBUG00000019449	1	23
ENSHBUG00000019450	109	135
ENSHBUG00000019451	0	0
ENSHBUG00000019452	0	0
ENSHBUG00000019453	1	33
ENSHBUG00000019454	3	21
ENSHBUG00000019455	0	0
ENSHBUG00000019456	15	37
ENSHBUG00000019457	5	21
ENSHBUG00000019458	3	12
ENSHBUG00000019459	0	0
ENSHBUG00000019460	0	0
ENSHBUG00000019461	0	0
ENSHBUG00000019462	0	0
ENSHBUG00000019463	0	0
ENSHBUG00000019464	0	0
ENSHBUG00000019465	0	0
ENSHBUG00000019466	0	0
ENSHBUG00000019467	0	0
ENSHBUG00000019468	1	12
ENSHBUG00000019469	174	209
ENSHBUG00000019470	1	13
ENSHBUG00000019471	1	37
ENSHBUG00000019472	0	0
ENSHBUG00000019473	0	0
ENSHBUG00000019474	0	0
ENSHBUG00000019475	0	0
ENSHBUG00000019476	6	8
ENSHBUG00000019477	0	0
ENSHBUG00000019478	2	19
ENSHBUG00000019479	0	0
ENSHBUG00000019480	0	0
ENSHBUG00000019481	0	0
ENSHBUG00000019482	0	0
ENSHBUG00000019483	43	56
ENSHBUG00000019484	1145	1169
ENSHBUG00000019485	0	0
ENSHBUG00000019486	2	47
ENSHBUG00000019487	0	0
ENSHBUG00000019488	0	0
ENSHBUG00000019489	3	6
ENSHBUG00000019490	3	32
ENSHBUG00000019491	0	0
ENSHBUG00000019492	0	0
ENSHBUG00000019493	0	0
ENSHBUG00000019494	373	404
ENSHBUG00000019495	0	0
ENSHBUG00000019496	0	0
ENSHBUG00000019497	0	0
ENSHBUG00000019498	0	0
ENSHBUG00000019499	0	0
ENSHBUG00000019500	1	27
ENSHBUG00000019501	2	35
ENSHBUG00000019502	0	0
ENSHBUG00000019503	0	0
ENSHBUG00000019504	0	0
ENSHBUG00000019505	2	49
ENSHBUG00000019506	156	169
ENSHBUG00000019507	21	60
ENSHBUG00000019508	3	21
ENSHBUG00000019509	73	94
ENSHBUG00000019510	0	0
ENSHBUG00000019511	211	245
ENSHBUG00000019512	0	0
ENSHBUG00000019513	1	40
ENSHBUG00000019514	0	0
ENSHBUG00000019515	0	0
ENSHBUG00000019516	3	41
ENSHBUG00000019517	0	0
ENSHBUG00000019518	0	0
ENSHBUG00000019519	60	72
ENSHBUG00000019520	2	11
ENSHBUG00000019521	1	16
ENSHBUG00000019522	0	0
ENSHBUG00000019523	41	78
ENSHBUG00000019524	3	42
ENSHBUG00000019525	0	0
ENSHBUG00000019526	209	210
ENSHBUG00000019527	1	19
ENSHBUG00000019528	0	0
ENSHBUG00000019529	0	0
ENSHBUG00000019530	0	0
ENSHBUG00000019531	0	0
ENSHBUG00000019532	1	40
ENSHBUG00000019533	0	0
ENSHBUG00000019534	6	53
ENSHBUG00000019535	37	67
ENSHBUG00000019536	0	0
ENSHBUG00000019537	2	47
ENSHBUG00000019538	1	45
ENSHBUG00000019539	113	118
ENSHBUG00000019540	4	16
ENSHBUG00000019541	2	18
ENSHBUG00000019542	1	21
ENSHBUG00000019543	1	40
ENSHBUG00000019544	0	0
ENSHBUG00000019545	0	0
ENSHBUG00000019546	0	0
ENSHBUG00000019547	0	0
ENSHBUG00000019548	0	0
ENSHBUG00000019549	0	0
ENSHBUG00000019550	0	0
ENSHBUG00000019551	0	0
ENSHBUG00000019552	0	0
ENSHBUG00000019553	0	0
ENSHBUG00000019554	0	0
ENSHBUG00000019555	1	31
ENSHBUG00000019556	0	0
ENSHBUG00000019557	0	0
ENSHBUG00000019558	25	35
ENSHBUG00000019559	0	0
ENSHBUG00000019560	0	0
ENSHBUG00000019561	378	404
ENSHBUG00000019562	0	0
ENSHBUG00000019563	0	0
ENSHBUG00000019564	10	22
ENSHBUG00000019565	0	0
ENSHBUG00000019566	0	0
ENSHBUG00000019567	17	52
ENSHBUG00000019568	5	14
ENSHBUG00000019569	0	0
ENSHBUG00000019570	6	15
ENSHBUG00000019571	0	0
ENSHBUG00000019572	0	0
ENSHBUG00000019573	0	0
ENSHBUG00000019574	0	0
ENSHBUG00000019575	0	0
ENSHBUG00000019576	0	0
ENSHBUG00000019577	44	88
ENSHBUG00000019578	0	0
ENSHBUG00000019579	0	0
ENSHBUG00000019580	0	0
ENSHBUG00000019581	0	0
ENSHBUG00000019582	0	0
ENSHBUG00000019583	1	22
ENSHBUG00000019584	7	50
ENSHBUG00000019585	0	0
ENSHBUG00000019586	2	6
ENSHBUG00000019587	4	12
ENSHBUG00000019588	0	0
ENSHBUG00000019589	614	652
ENSHBUG00000019590	3	33
ENSHBUG00000019591	0	0
ENSHBUG00000019592	0	0
ENSHBUG00000019593	2	36
ENSHBUG00000019594	0	0
ENSHBUG00000019595	4	29
ENSHBUG00000019596	0	0
ENSHBUG00000019597	0	0
ENSHBUG00000019598	0	0
ENSHBUG00000019599	0	0
ENSHBUG00000019600	1	18
ENSHBUG00000019601	1	35
ENSHBUG00000019602	0	0
ENSHBUG00000019603	4	30
ENSHBUG00000019604	2	40
ENSHBUG00000019605	0	0
ENSHBUG00000019606	119	121
ENSHBUG00000019607	0	0
ENSHBUG00000019608	0	0
ENSHBUG00000019609	0	0
ENSHBUG00000019610	0	0
ENSHBUG00000019611	1	2
ENSHBUG00000019612	0	0
ENSHBUG00000019613	6	44
ENSHBUG00000019614	0	0
ENSHBUG00000019615	0	0
ENSHBUG00000019616	0	0
ENSHBUG00000019617	0	0
ENSHBUG00000019618	0	0
ENSHBUG00000019619	1	16
ENSHBUG00000019620	0	0
ENSHBUG00000019621	0	0
ENSHBUG00000019622	3	44
ENSHBUG00000019623	18	64
ENSHBUG00000019624	0	0
ENSHBUG00000019625	0	0
ENSHBUG00000019626	161	187
ENSHBUG00000019627	0	0
ENSHBUG00000019628	0	0
ENSHBUG00000019629	0	0
ENSHBUG00000019630	12	34
ENSHBUG00000019631	0	0
ENSHBUG00000019632	0	0
ENSHBUG00000019633	0	0
ENSHBUG00000019634	0	0
ENSHBUG00000019635	0	0
ENSHBUG00000019636	0	0
ENSHBUG00000019637	0	0
ENSHBUG00000019638	0	0
ENSHBUG00000019639	0	0
ENSHBUG00000019640	0	0
ENSHBUG00000019641	4	48
ENSHBUG00000019642	0	0
ENSHBUG00000019643	0	0
ENSHBUG00000019644	0	0
ENSHBUG00000019645	0	0
ENSHBUG00000019646	1	45
ENSHBUG00000019647	2	11
ENSHBUG00000019648	0	0
ENSHBUG00000019649	1	18
ENSHBUG00000019650	0	0
ENSHBUG00000019651	1	20
ENSHBUG00000019652	0	0
ENSHBUG00000019653	0	0
ENSHBUG00000019654	2	7
ENSHBUG00000019655	1	15
ENSHBUG00000019656	0	0
ENSHBUG00000019657	23	27
ENSHBUG00000019658	0	0
ENSHBUG00000019659	0	0
ENSHBUG00000019660	0	0
ENSHBUG00000019661	4	18
ENSHBUG00000019662	1	13
ENSHBUG00000019663	84	106
ENSHBUG00000019664	2	13
ENSHBUG00000019665	0	0
ENSHBUG00000019666	1	2
ENSHBUG00000019667	0	0
ENSHBUG00000019668	0	0
ENSHBUG00000019669	0	0
ENSHBUG00000019670	0	0
ENSHBUG00000019671	0	0
ENSHBUG00000019672	0	0
ENSHBUG00000019673	2	49
ENSHBUG00000019674	0	0
ENSHBUG00000019675	0	0
ENSHBUG00000019676	4	24
ENSHBUG00000019677	0	0
ENSHBUG00000019678	8	40
ENSHBUG00000019679	3	41
ENSHBUG00000019680	0	0
ENSHBUG00000019681	0	0
ENSHBUG00000019682	0	0
ENSHBUG00000019683	1	23
ENSHBUG00000019684	0	0
ENSHBUG00000019685	2	30
ENSHBUG00000019686	0	0
ENSHBUG00000019687	35	47
ENSHBUG00000019688	1	29
ENSHBUG00000019689	7	37
ENSHBUG00000019690	0	0
ENSHBUG00000019691	0	0
ENSHBUG00000019692	0	0
ENSHBUG00000019693	0	0
ENSHBUG00000019694	5	14
ENSHBUG00000019695	0	0
ENSHBUG00000019696	0	0
ENSHBUG00000019697	0	0
ENSHBUG00000019698	392	408
ENSHBUG00000019699	0	0
ENSHBUG00000019700	0	0
ENSHBUG00000019701	0	0
ENSHBUG00000019702	0	0
ENSHBUG00000019703	0	0
ENSHBUG00000019704	5	8
ENSHBUG00000019705	0	0
ENSHBUG00000019706	0	0
ENSHBUG00000019707	32	52
ENSHBUG00000019708	0	0
ENSHBUG00000019709	65	99
ENSHBUG00000019710	0	0
ENSHBUG00000019711	1	17
ENSHBUG00000019712	0	0
ENSHBUG00000019713	0	0
ENSHBUG00000019714	0	0
ENSHBUG00000019715	2	35
ENSHBUG00000019716	0	0
ENSHBUG00000019717	1	35
ENSHBUG00000019718	0	0
ENSHBUG00000019719	0	0
ENSHBUG00000019720	42	48
ENSHBUG00000019721	2	38
ENSHBUG00000019722	0	0
ENSHBUG00000019723	8	36
ENSHBUG00000019724	0	0
ENSHBUG00000019725	0	0
ENSHBUG00000019726	0	0
ENSHBUG00000019727	4	38
ENSHBUG00000019728	1	20
ENSHBUG00000019729	4	5
ENSHBUG00000019730	0	0
ENSHBUG00000019731	38	74
ENSHBUG00000019732	0	0
ENSHBUG00000019733	12	13
ENSHBUG00000019734	3	14
ENSHBUG00000019735	0	0
ENSHBUG00000019736	0	0
ENSHBUG00000019737	1	17
ENSHBUG00000019738	0	0
ENSHBUG00000019739	7	53
ENSHBUG00000019740	0	0
ENSHBUG00000019741	7	10
ENSHBUG00000019742	112	149
ENSHBUG00000019743	175	219
ENSHBUG00000019744	0	0
ENSHBUG00000019745	2	11
ENSHBUG00000019746	0	0
ENSHBUG00000019747	0	0
ENSHBUG00000019748	0	0
ENSHBUG00000019749	0	0
ENSHBUG00000019750	3	5
ENSHBUG00000019751	0	0
ENSHBUG00000019752	4	37
ENSHBUG00000019753	20	23
ENSHBUG00000019754	0	0
ENSHBUG00000019755	0	0
ENSHBUG00000019756	2	25
ENSHBUG00000019757	2	47
ENSHBUG00000019758	105	119
ENSHBUG00000019759	0	0
ENSHBUG00000019760	0	0
ENSHBUG00000019761	0	0
ENSHBUG00000019762	16	25
ENSHBUG00000019763	0	0
ENSHBUG00000019764	0	0
ENSHBUG00000019765	0	0
ENSHBUG00000019766	0	0
ENSHBUG00000019767	0	0
ENSHBUG00000019768	0	0
ENSHBUG00000019769	8	26
ENSHBUG00000019770	1	24
ENSHBUG00000019771	0	0
ENSHBUG00000019772	5	18
ENSHBUG00000019773	36	66
ENSHBUG00000019774	0	0
ENSHBUG00000019775	0	0
ENSHBUG00000019776	1	49
ENSHBUG00000019777	1	18
ENSHBUG00000019778	0	0
ENSHBUG00000019779	0	0
ENSHBUG00000019780	0	0
ENSHBUG00000019781	0	0
ENSHBUG00000019782	2	9
ENSHBUG00000019783	11	59
ENSHBUG00000019784	0	0
ENSHBUG00000019785	1	35
ENSHBUG00000019786	0	0
ENSHBUG00000019787	22	51
ENSHBUG00000019788	4	7
ENSHBUG00000019789	0	0
ENSHBUG00000019790	0	0
ENSHBUG00000019791	0	0
ENSHBUG00000019792	0	0
ENSHBUG00000019793	0	0
ENSHBUG00000019794	2	22
ENSHBUG00000019795	0	0
ENSHBUG00000019796	0	0
ENSHBUG00000019797	0	0
ENSHBUG00000019798	1	2
ENSHBUG00000019799	0	0
ENSHBUG00000019800	0	0
ENSHBUG00000019801	4	36
ENSHBUG00000019802	13	49
ENSHBUG00000019803	3	46
ENSHBUG00000019804	0	0
ENSHBUG00000019805	0	0
ENSHBUG00000019806	0	0
ENSHBUG00000019807	6	42
ENSHBUG00000019808	0	0
ENSHBUG00000019809	0	0
ENSHBUG00000019810	0	0
ENSHBUG00000019811	0	0
ENSHBUG00000019812	36	77
ENSHBUG00000019813	0	0
ENSHBUG00000019814	0	0
ENSHBUG00000019815	0	0
ENSHBUG00000019816	0	0
ENSHBUG00000019817	47	95
ENSHBUG00000019818	0	0
ENSHBUG00000019819	0	0
ENSHBUG00000019820	0	0
ENSHBUG00000019821	0	0
ENSHBUG00000019822	0	0
ENSHBUG00000019823	0	0
ENSHBUG00000019824	0	0
ENSHBUG00000019825	0	0
ENSHBUG00000019826	0	0
ENSHBUG00000019827	0	0
ENSHBUG00000019828	3	33
ENSHBUG00000019829	0	0
ENSHBUG00000019830	39	45
ENSHBUG00000019831	0	0
ENSHBUG00000019832	0	0
ENSHBUG00000019833	0	0
ENSHBUG00000019834	1	10
ENSHBUG00000019835	0	0
ENSHBUG00000019836	8	37
ENSHBUG00000019837	0	0
ENSHBUG00000019838	0	0
ENSHBUG00000019839	0	0
ENSHBUG00000019840	0	0
ENSHBUG00000019841	0	0
ENSHBUG00000019842	8	33
ENSHBUG00000019843	56	98
ENSHBUG00000019844	0	0
ENSHBUG00000019845	2	26
ENSHBUG00000019846	1	12
ENSHBUG00000019847	2	16
ENSHBUG00000019848	0	0
ENSHBUG00000019849	0	0
ENSHBUG00000019850	54	89
ENSHBUG00000019851	0	0
ENSHBUG00000019852	6	12
ENSHBUG00000019853	32	59
ENSHBUG00000019854	2	26
ENSHBUG00000019855	0	0
ENSHBUG00000019856	0	0
ENSHBUG00000019857	3	47
ENSHBUG00000019858	0	0
ENSHBUG00000019859	0	0
ENSHBUG00000019860	0	0
ENSHBUG00000019861	2	10
ENSHBUG00000019862	0	0
ENSHBUG00000019863	0	0
ENSHBUG00000019864	73	87
ENSHBUG00000019865	0	0
ENSHBUG00000019866	0	0
ENSHBUG00000019867	0	0
ENSHBUG00000019868	0	0
ENSHBUG00000019869	0	0
ENSHBUG00000019870	1	36
ENSHBUG00000019871	0	0
ENSHBUG00000019872	1	20
ENSHBUG00000019873	0	0
ENSHBUG00000019874	1	10
ENSHBUG00000019875	4	9
ENSHBUG00000019876	1	34
ENSHBUG00000019877	4	14
ENSHBUG00000019878	1	5
ENSHBUG00000019879	1	30
ENSHBUG00000019880	0	0
ENSHBUG00000019881	10	53
ENSHBUG00000019882	0	0
ENSHBUG00000019883	2	44
ENSHBUG00000019884	0	0
ENSHBUG00000019885	107	123
ENSHBUG00000019886	33	79
ENSHBUG00000019887	679	686
ENSHBUG00000019888	7	20
ENSHBUG00000019889	0	0
ENSHBUG00000019890	1	11
ENSHBUG00000019891	0	0
ENSHBUG00000019892	0	0
ENSHBUG00000019893	0	0
ENSHBUG00000019894	0	0
ENSHBUG00000019895	0	0
ENSHBUG00000019896	0	0
ENSHBUG00000019897	1	12
ENSHBUG00000019898	1	45
ENSHBUG00000019899	73	87
ENSHBUG00000019900	0	0
ENSHBUG00000019901	1	23
ENSHBUG00000019902	0	0
ENSHBUG00000019903	0	0
ENSHBUG00000019904	0	0
ENSHBUG00000019905	5	36
ENSHBUG00000019906	182	184
ENSHBUG00000019907	1	35
ENSHBUG00000019908	3	44
ENSHBUG00000019909	0	0
ENSHBUG00000019910	1	37
ENSHBUG00000019911	20	67
ENSHBUG00000019912	3	24
ENSHBUG00000019913	0	0
ENSHBUG00000019914	0	0
ENSHBUG00000019915	0	0
ENSHBUG00000019916	1	32
ENSHBUG00000019917	10	54
ENSHBUG00000019918	0	0
ENSHBUG00000019919	0	0
ENSHBUG00000019920	350	370
ENSHBUG00000019921	0	0
ENSHBUG00000019922	0	0
ENSHBUG00000019923	0	0
ENSHBUG00000019924	0	0
ENSHBUG00000019925	2	15
ENSHBUG00000019926	0	0
ENSHBUG00000019927	0	0
ENSHBUG00000019928	0	0
ENSHBUG00000019929	126	141
ENSHBUG00000019930	0	0
ENSHBUG00000019931	0	0
ENSHBUG00000019932	1	38
ENSHBUG00000019933	0	0
ENSHBUG00000019934	1	35
ENSHBUG00000019935	0	0
ENSHBUG00000019936	0	0
ENSHBUG00000019937	0	0
ENSHBUG00000019938	0	0
ENSHBUG00000019939	0	0
ENSHBUG00000019940	1	23
ENSHBUG00000019941	0	0
ENSHBUG00000019942	0	0
ENSHBUG00000019943	0	0
ENSHBUG00000019944	0	0
ENSHBUG00000019945	3	33
ENSHBUG00000019946	0	0
ENSHBUG00000019947	1	10
ENSHBUG00000019948	2	28
ENSHBUG00000019949	0	0
ENSHBUG00000019950	0	0
ENSHBUG00000019951	5	51
ENSHBUG00000019952	0	0
ENSHBUG00000019953	0	0
ENSHBUG00000019954	0	0
ENSHBUG00000019955	8	31
ENSHBUG00000019956	6	36
ENSHBUG00000019957	0	0
ENSHBUG00000019958	0	0
ENSHBUG00000019959	0	0
ENSHBUG00000019960	6	23
ENSHBUG00000019961	1	48
ENSHBUG00000019962	0	0
ENSHBUG00000019963	0	0
ENSHBUG00000019964	0	0
ENSHBUG00000019965	0	0
ENSHBUG00000019966	0	0
ENSHBUG00000019967	3	48
ENSHBUG00000019968	0	0
ENSHBUG00000019969	2	25
ENSHBUG00000019970	0	0
ENSHBUG00000019971	0	0
ENSHBUG00000019972	4	20
ENSHBUG00000019973	2	35
ENSHBUG00000019974	0	0
ENSHBUG00000019975	0	0
ENSHBUG00000019976	8	55
ENSHBUG00000019977	0	0
ENSHBUG00000019978	0	0
ENSHBUG00000019979	0	0
ENSHBUG00000019980	121	139
ENSHBUG00000019981	0	0
ENSHBUG00000019982	0	0
ENSHBUG00000019983	58064	58108
ENSHBUG00000019984	2910	2935
ENSHBUG00000019985	5	20
ENSHBUG00000019986	1	14
ENSHBUG00000019987	0	0
ENSHBUG00000019988	0	0
ENSHBUG00000019989	0	0
ENSHBUG00000019990	1	8
ENSHBUG00000019991	0	0
ENSHBUG00000019992	2	41
ENSHBUG00000019993	0	0
ENSHBUG00000019994	1	2
ENSHBUG00000019995	0	0
ENSHBUG00000019996	0	0
ENSHBUG00000019997	0	0
ENSHBUG00000019998	0	0
ENSHBUG00000019999	4	7
ENSHBUG00000020000	53	60
ENSHBUG00000020001	4	6
ENSHBUG00000020002	0	0
ENSHBUG00000020003	1	21
ENSHBUG00000020004	15	49
ENSHBUG00000020005	78	92
ENSHBUG00000020006	0	0
ENSHBUG00000020007	0	0
ENSHBUG00000020008	0	0
ENSHBUG00000020009	0	0
ENSHBUG00000020010	2	50
ENSHBUG00000020011	0	0
ENSHBUG00000020012	0	0
ENSHBUG00000020013	2	47
ENSHBUG00000020014	1	42
ENSHBUG00000020015	99	119
ENSHBUG00000020016	0	0
ENSHBUG00000020017	0	0
ENSHBUG00000020018	3	48
ENSHBUG00000020019	0	0
ENSHBUG00000020020	2	35
ENSHBUG00000020021	4	12
ENSHBUG00000020022	75	99
ENSHBUG00000020023	42	67
ENSHBUG00000020024	0	0
ENSHBUG00000020025	0	0
ENSHBUG00000020026	53	74
ENSHBUG00000020027	0	0
ENSHBUG00000020028	0	0
ENSHBUG00000020029	0	0
ENSHBUG00000020030	19	27
ENSHBUG00000020031	0	0
ENSHBUG00000020032	4	10
ENSHBUG00000020033	0	0
ENSHBUG00000020034	1	16
ENSHBUG00000020035	11	55
ENSHBUG00000020036	0	0
ENSHBUG00000020037	6	18
ENSHBUG00000020038	5	40
ENSHBUG00000020039	6	17
ENSHBUG00000020040	0	0
ENSHBUG00000020041	1	28
ENSHBUG00000020042	0	0
ENSHBUG00000020043	0	0
ENSHBUG00000020044	11	48
ENSHBUG00000020045	0	0
ENSHBUG00000020046	2	27
ENSHBUG00000020047	0	0
ENSHBUG00000020048	153	157
ENSHBUG00000020049	378	426
ENSHBUG00000020050	0	0
ENSHBUG00000020051	0	0
ENSHBUG00000020052	24	39
ENSHBUG00000020053	0	0
ENSHBUG00000020054	0	0
ENSHBUG00000020055	1	39
ENSHBUG00000020056	18	56
ENSHBUG00000020057	0	0
ENSHBUG00000020058	0	0
ENSHBUG00000020059	0	0
ENSHBUG00000020060	1	31
ENSHBUG00000020061	0	0
ENSHBUG00000020062	0	0
ENSHBUG00000020063	124	147
ENSHBUG00000020064	88	108
ENSHBUG00000020065	0	0
ENSHBUG00000020066	20	52
ENSHBUG00000020067	1	19
ENSHBUG00000020068	4	43
ENSHBUG00000020069	285	299
ENSHBUG00000020070	1	10
ENSHBUG00000020071	0	0
ENSHBUG00000020072	0	0
ENSHBUG00000020073	4	44
ENSHBUG00000020074	1	17
ENSHBUG00000020075	0	0
ENSHBUG00000020076	0	0
ENSHBUG00000020077	0	0
ENSHBUG00000020078	0	0
ENSHBUG00000020079	17	47
ENSHBUG00000020080	2	47
ENSHBUG00000020081	0	0
ENSHBUG00000020082	0	0
ENSHBUG00000020083	0	0
ENSHBUG00000020084	0	0
ENSHBUG00000020085	0	0
ENSHBUG00000020086	0	0
ENSHBUG00000020087	0	0
ENSHBUG00000020088	0	0
ENSHBUG00000020089	10	19
ENSHBUG00000020090	109	110
ENSHBUG00000020091	76	111
ENSHBUG00000020092	0	0
ENSHBUG00000020093	0	0
ENSHBUG00000020094	0	0
ENSHBUG00000020095	1	32
ENSHBUG00000020096	2	27
ENSHBUG00000020097	1	28
ENSHBUG00000020098	0	0
ENSHBUG00000020099	0	0
ENSHBUG00000020100	0	0
ENSHBUG00000020101	0	0
ENSHBUG00000020102	0	0
ENSHBUG00000020103	3	34
ENSHBUG00000020104	0	0
ENSHBUG00000020105	0	0
ENSHBUG00000020106	0	0
ENSHBUG00000020107	1	14
ENSHBUG00000020108	0	0
ENSHBUG00000020109	98	124
ENSHBUG00000020110	0	0
ENSHBUG00000020111	0	0
ENSHBUG00000020112	1	30
ENSHBUG00000020113	1	11
ENSHBUG00000020114	3	45
ENSHBUG00000020115	0	0
ENSHBUG00000020116	0	0
ENSHBUG00000020117	0	0
ENSHBUG00000020118	0	0
ENSHBUG00000020119	2	9
ENSHBUG00000020120	0	0
ENSHBUG00000020121	0	0
ENSHBUG00000020122	0	0
ENSHBUG00000020123	1	26
ENSHBUG00000020124	0	0
ENSHBUG00000020125	0	0
ENSHBUG00000020126	9	56
ENSHBUG00000020127	2	28
ENSHBUG00000020128	0	0
ENSHBUG00000020129	0	0
ENSHBUG00000020130	0	0
ENSHBUG00000020131	0	0
ENSHBUG00000020132	0	0
ENSHBUG00000020133	1	25
ENSHBUG00000020134	0	0
ENSHBUG00000020135	0	0
ENSHBUG00000020136	0	0
ENSHBUG00000020137	0	0
ENSHBUG00000020138	0	0
ENSHBUG00000020139	0	0
ENSHBUG00000020140	0	0
ENSHBUG00000020141	2	8
ENSHBUG00000020142	0	0
ENSHBUG00000020143	13	25
ENSHBUG00000020144	0	0
ENSHBUG00000020145	47	67
ENSHBUG00000020146	0	0
ENSHBUG00000020147	75	83
ENSHBUG00000020148	1	21
ENSHBUG00000020149	1	12
ENSHBUG00000020150	0	0
ENSHBUG00000020151	0	0
ENSHBUG00000020152	0	0
ENSHBUG00000020153	0	0
ENSHBUG00000020154	2	42
ENSHBUG00000020155	1	34
ENSHBUG00000020156	1	25
ENSHBUG00000020157	2	12
ENSHBUG00000020158	0	0
ENSHBUG00000020159	0	0
ENSHBUG00000020160	0	0
ENSHBUG00000020161	3	34
ENSHBUG00000020162	0	0
ENSHBUG00000020163	0	0
ENSHBUG00000020164	0	0
ENSHBUG00000020165	0	0
ENSHBUG00000020166	2	9
ENSHBUG00000020167	0	0
ENSHBUG00000020168	0	0
ENSHBUG00000020169	0	0
ENSHBUG00000020170	0	0
ENSHBUG00000020171	0	0
ENSHBUG00000020172	1	37
ENSHBUG00000020173	0	0
ENSHBUG00000020174	0	0
ENSHBUG00000020175	0	0
ENSHBUG00000020176	0	0
ENSHBUG00000020177	0	0
ENSHBUG00000020178	1	18
ENSHBUG00000020179	16	17
ENSHBUG00000020180	0	0
ENSHBUG00000020181	0	0
ENSHBUG00000020182	0	0
ENSHBUG00000020183	26	36
ENSHBUG00000020184	0	0
ENSHBUG00000020185	1	25
ENSHBUG00000020186	0	0
ENSHBUG00000020187	0	0
ENSHBUG00000020188	36	37
ENSHBUG00000020189	20	27
ENSHBUG00000020190	0	0
ENSHBUG00000020191	0	0
ENSHBUG00000020192	4	42
ENSHBUG00000020193	0	0
ENSHBUG00000020194	0	0
ENSHBUG00000020195	2	38
ENSHBUG00000020196	0	0
ENSHBUG00000020197	0	0
ENSHBUG00000020198	0	0
ENSHBUG00000020199	7	31
ENSHBUG00000020200	0	0
ENSHBUG00000020201	0	0
ENSHBUG00000020202	3	30
ENSHBUG00000020203	0	0
ENSHBUG00000020204	0	0
ENSHBUG00000020205	0	0
ENSHBUG00000020206	0	0
ENSHBUG00000020207	20	21
ENSHBUG00000020208	12	19
ENSHBUG00000020209	1	41
ENSHBUG00000020210	0	0
ENSHBUG00000020211	9	56
ENSHBUG00000020212	0	0
ENSHBUG00000020213	0	0
ENSHBUG00000020214	0	0
ENSHBUG00000020215	0	0
ENSHBUG00000020216	0	0
ENSHBUG00000020217	0	0
ENSHBUG00000020218	3	6
ENSHBUG00000020219	61	95
ENSHBUG00000020220	0	0
ENSHBUG00000020221	1	41
ENSHBUG00000020222	2	9
ENSHBUG00000020223	4	14
ENSHBUG00000020224	0	0
ENSHBUG00000020225	1	47
ENSHBUG00000020226	1	9
ENSHBUG00000020227	2	32
ENSHBUG00000020228	0	0
ENSHBUG00000020229	1	22
ENSHBUG00000020230	4	6
ENSHBUG00000020231	0	0
ENSHBUG00000020232	0	0
ENSHBUG00000020233	1	26
ENSHBUG00000020234	0	0
ENSHBUG00000020235	0	0
ENSHBUG00000020236	0	0
ENSHBUG00000020237	2	6
ENSHBUG00000020238	3	18
ENSHBUG00000020239	0	0
ENSHBUG00000020240	0	0
ENSHBUG00000020241	0	0
ENSHBUG00000020242	0	0
ENSHBUG00000020243	1	34
ENSHBUG00000020244	34	52
ENSHBUG00000020245	0	0
ENSHBUG00000020246	1	17
ENSHBUG00000020247	1	22
ENSHBUG00000020248	0	0
ENSHBUG00000020249	38	80
ENSHBUG00000020250	0	0
ENSHBUG00000020251	0	0
ENSHBUG00000020252	2	15
ENSHBUG00000020253	1903	1928
ENSHBUG00000020254	5	32
ENSHBUG00000020255	1	21
ENSHBUG00000020256	447	448
ENSHBUG00000020257	0	0
ENSHBUG00000020258	0	0
ENSHBUG00000020259	82	86
ENSHBUG00000020260	1	4
ENSHBUG00000020261	0	0
ENSHBUG00000020262	0	0
ENSHBUG00000020263	2	29
ENSHBUG00000020264	0	0
ENSHBUG00000020265	1	34
ENSHBUG00000020266	0	0
ENSHBUG00000020267	0	0
ENSHBUG00000020268	0	0
ENSHBUG00000020269	7	38
ENSHBUG00000020270	4	34
ENSHBUG00000020271	3	42
ENSHBUG00000020272	0	0
ENSHBUG00000020273	16	37
ENSHBUG00000020274	2	25
ENSHBUG00000020275	0	0
ENSHBUG00000020276	0	0
ENSHBUG00000020277	0	0
ENSHBUG00000020278	1	41
ENSHBUG00000020279	0	0
ENSHBUG00000020280	3	39
ENSHBUG00000020281	0	0
ENSHBUG00000020282	0	0
ENSHBUG00000020283	1	46
ENSHBUG00000020284	0	0
ENSHBUG00000020285	0	0
ENSHBUG00000020286	0	0
ENSHBUG00000020287	13	60
ENSHBUG00000020288	0	0
ENSHBUG00000020289	0	0
ENSHBUG00000020290	0	0
ENSHBUG00000020291	1	8
ENSHBUG00000020292	0	0
ENSHBUG00000020293	1	39
ENSHBUG00000020294	62	69
ENSHBUG00000020295	0	0
ENSHBUG00000020296	0	0
ENSHBUG00000020297	8	22
ENSHBUG00000020298	0	0
ENSHBUG00000020299	27	35
ENSHBUG00000020300	0	0
ENSHBUG00000020301	0	0
ENSHBUG00000020302	0	0
ENSHBUG00000020303	1	32
ENSHBUG00000020304	2	24
ENSHBUG00000020305	0	0
ENSHBUG00000020306	31	65
ENSHBUG00000020307	0	0
ENSHBUG00000020308	0	0
ENSHBUG00000020309	0	0
ENSHBUG00000020310	1	12
ENSHBUG00000020311	1	34
ENSHBUG00000020312	1	24
ENSHBUG00000020313	0	0
ENSHBUG00000020314	0	0
ENSHBUG00000020315	0	0
ENSHBUG00000020316	0	0
ENSHBUG00000020317	0	0
ENSHBUG00000020318	0	0
ENSHBUG00000020319	0	0
ENSHBUG00000020320	0	0
ENSHBUG00000020321	1	30
ENSHBUG00000020322	0	0
ENSHBUG00000020323	1	39
ENSHBUG00000020324	3	38
ENSHBUG00000020325	2	34
ENSHBUG00000020326	3	25
ENSHBUG00000020327	1	9
ENSHBUG00000020328	5	30
ENSHBUG00000020329	7	39
ENSHBUG00000020330	15	45
ENSHBUG00000020331	1	42
ENSHBUG00000020332	0	0
ENSHBUG00000020333	0	0
ENSHBUG00000020334	0	0
ENSHBUG00000020335	0	0
ENSHBUG00000020336	3	16
ENSHBUG00000020337	0	0
ENSHBUG00000020338	0	0
ENSHBUG00000020339	78	104
ENSHBUG00000020340	1	27
ENSHBUG00000020341	0	0
ENSHBUG00000020342	1	12
ENSHBUG00000020343	0	0
ENSHBUG00000020344	0	0
ENSHBUG00000020345	803	835
ENSHBUG00000020346	2	33
ENSHBUG00000020347	0	0
ENSHBUG00000020348	0	0
ENSHBUG00000020349	3	40
ENSHBUG00000020350	0	0
ENSHBUG00000020351	5	29
ENSHBUG00000020352	0	0
ENSHBUG00000020353	4	7
ENSHBUG00000020354	0	0
ENSHBUG00000020355	156	189
ENSHBUG00000020356	0	0
ENSHBUG00000020357	0	0
ENSHBUG00000020358	7	18
ENSHBUG00000020359	0	0
ENSHBUG00000020360	1	43
ENSHBUG00000020361	0	0
ENSHBUG00000020362	0	0
ENSHBUG00000020363	0	0
ENSHBUG00000020364	1	10
ENSHBUG00000020365	0	0
ENSHBUG00000020366	0	0
ENSHBUG00000020367	1	21
ENSHBUG00000020368	0	0
ENSHBUG00000020369	15	55
ENSHBUG00000020370	0	0
ENSHBUG00000020371	5	39
ENSHBUG00000020372	0	0
ENSHBUG00000020373	0	0
ENSHBUG00000020374	0	0
ENSHBUG00000020375	0	0
ENSHBUG00000020376	0	0
ENSHBUG00000020377	1	4
ENSHBUG00000020378	76	95
ENSHBUG00000020379	2	16
ENSHBUG00000020380	3	37
ENSHBUG00000020381	0	0
ENSHBUG00000020382	2	11
ENSHBUG00000020383	0	0
ENSHBUG00000020384	0	0
ENSHBUG00000020385	0	0
ENSHBUG00000020386	0	0
ENSHBUG00000020387	207	249
ENSHBUG00000020388	2	10
ENSHBUG00000020389	20	49
ENSHBUG00000020390	0	0
ENSHBUG00000020391	1	13
ENSHBUG00000020392	0	0
ENSHBUG00000020393	0	0
ENSHBUG00000020394	0	0
ENSHBUG00000020395	0	0
ENSHBUG00000020396	0	0
ENSHBUG00000020397	4	27
ENSHBUG00000020398	0	0
ENSHBUG00000020399	0	0
ENSHBUG00000020400	3	39
ENSHBUG00000020401	0	0
ENSHBUG00000020402	0	0
ENSHBUG00000020403	729	748
ENSHBUG00000020404	0	0
ENSHBUG00000020405	0	0
ENSHBUG00000020406	2	16
ENSHBUG00000020407	5	47
ENSHBUG00000020408	0	0
ENSHBUG00000020409	2	22
ENSHBUG00000020410	0	0
ENSHBUG00000020411	0	0
ENSHBUG00000020412	1	11
ENSHBUG00000020413	324	365
ENSHBUG00000020414	18	25
ENSHBUG00000020415	5	48
ENSHBUG00000020416	1	9
ENSHBUG00000020417	0	0
ENSHBUG00000020418	0	0
ENSHBUG00000020419	1	37
ENSHBUG00000020420	0	0
ENSHBUG00000020421	0	0
ENSHBUG00000020422	0	0
ENSHBUG00000020423	10	43
ENSHBUG00000020424	0	0
ENSHBUG00000020425	2	42
ENSHBUG00000020426	0	0
ENSHBUG00000020427	1	40
ENSHBUG00000020428	0	0
ENSHBUG00000020429	3	37
ENSHBUG00000020430	0	0
ENSHBUG00000020431	0	0
ENSHBUG00000020432	26	56
ENSHBUG00000020433	0	0
ENSHBUG00000020434	0	0
ENSHBUG00000020435	5	6
ENSHBUG00000020436	0	0
ENSHBUG00000020437	0	0
ENSHBUG00000020438	0	0
ENSHBUG00000020439	1	24
ENSHBUG00000020440	0	0
ENSHBUG00000020441	0	0
ENSHBUG00000020442	0	0
ENSHBUG00000020443	0	0
ENSHBUG00000020444	0	0
ENSHBUG00000020445	1	31
ENSHBUG00000020446	0	0
ENSHBUG00000020447	0	0
ENSHBUG00000020448	0	0
ENSHBUG00000020449	0	0
ENSHBUG00000020450	0	0
ENSHBUG00000020451	0	0
ENSHBUG00000020452	2	21
ENSHBUG00000020453	49	87
ENSHBUG00000020454	1	23
ENSHBUG00000020455	0	0
ENSHBUG00000020456	0	0
ENSHBUG00000020457	0	0
ENSHBUG00000020458	2	45
ENSHBUG00000020459	2	44
ENSHBUG00000020460	0	0
ENSHBUG00000020461	0	0
ENSHBUG00000020462	34	65
ENSHBUG00000020463	0	0
ENSHBUG00000020464	1	19
ENSHBUG00000020465	5	26
ENSHBUG00000020466	3	7
ENSHBUG00000020467	0	0
ENSHBUG00000020468	2	14
ENSHBUG00000020469	0	0
ENSHBUG00000020470	5	17
ENSHBUG00000020471	0	0
ENSHBUG00000020472	0	0
ENSHBUG00000020473	4	15
ENSHBUG00000020474	1	49
ENSHBUG00000020475	0	0
ENSHBUG00000020476	3	44
ENSHBUG00000020477	7	8
ENSHBUG00000020478	4	50
ENSHBUG00000020479	0	0
ENSHBUG00000020480	0	0
ENSHBUG00000020481	0	0
ENSHBUG00000020482	2	32
ENSHBUG00000020483	0	0
ENSHBUG00000020484	0	0
ENSHBUG00000020485	0	0
ENSHBUG00000020486	0	0
ENSHBUG00000020487	5	51
ENSHBUG00000020488	0	0
ENSHBUG00000020489	2	42
ENSHBUG00000020490	6	29
ENSHBUG00000020491	0	0
ENSHBUG00000020492	15	22
ENSHBUG00000020493	6	15
ENSHBUG00000020494	0	0
ENSHBUG00000020495	8	53
ENSHBUG00000020496	0	0
ENSHBUG00000020497	0	0
ENSHBUG00000020498	0	0
ENSHBUG00000020499	4	16
ENSHBUG00000020500	0	0
ENSHBUG00000020501	0	0
ENSHBUG00000020502	2	6
ENSHBUG00000020503	0	0
ENSHBUG00000020504	1	18
ENSHBUG00000020505	0	0
ENSHBUG00000020506	8	49
ENSHBUG00000020507	0	0
ENSHBUG00000020508	283	316
ENSHBUG00000020509	1	32
ENSHBUG00000020510	0	0
ENSHBUG00000020511	314	355
ENSHBUG00000020512	2	44
ENSHBUG00000020513	12	18
ENSHBUG00000020514	0	0
ENSHBUG00000020515	0	0
ENSHBUG00000020516	0	0
ENSHBUG00000020517	0	0
ENSHBUG00000020518	0	0
ENSHBUG00000020519	19	42
ENSHBUG00000020520	0	0
ENSHBUG00000020521	17	42
ENSHBUG00000020522	0	0
ENSHBUG00000020523	3	38
ENSHBUG00000020524	1	39
ENSHBUG00000020525	1	21
ENSHBUG00000020526	0	0
ENSHBUG00000020527	4	23
ENSHBUG00000020528	0	0
ENSHBUG00000020529	0	0
ENSHBUG00000020530	8	52
ENSHBUG00000020531	3	45
ENSHBUG00000020532	0	0
ENSHBUG00000020533	0	0
ENSHBUG00000020534	0	0
ENSHBUG00000020535	9	57
ENSHBUG00000020536	0	0
ENSHBUG00000020537	0	0
ENSHBUG00000020538	0	0
ENSHBUG00000020539	0	0
ENSHBUG00000020540	63	79
ENSHBUG00000020541	1141	1146
ENSHBUG00000020542	14	32
ENSHBUG00000020543	0	0
ENSHBUG00000020544	0	0
ENSHBUG00000020545	0	0
ENSHBUG00000020546	78	100
ENSHBUG00000020547	0	0
ENSHBUG00000020548	11	45
ENSHBUG00000020549	0	0
ENSHBUG00000020550	0	0
ENSHBUG00000020551	0	0
ENSHBUG00000020552	3	12
ENSHBUG00000020553	0	0
ENSHBUG00000020554	0	0
ENSHBUG00000020555	0	0
ENSHBUG00000020556	0	0
ENSHBUG00000020557	168	204
ENSHBUG00000020558	14	43
ENSHBUG00000020559	0	0
ENSHBUG00000020560	0	0
ENSHBUG00000020561	0	0
ENSHBUG00000020562	0	0
ENSHBUG00000020563	4	21
ENSHBUG00000020564	0	0
ENSHBUG00000020565	0	0
ENSHBUG00000020566	61	107
ENSHBUG00000020567	0	0
ENSHBUG00000020568	0	0
ENSHBUG00000020569	0	0
ENSHBUG00000020570	639	654
ENSHBUG00000020571	0	0
ENSHBUG00000020572	1	11
ENSHBUG00000020573	0	0
ENSHBUG00000020574	1	3
ENSHBUG00000020575	0	0
ENSHBUG00000020576	0	0
ENSHBUG00000020577	0	0
ENSHBUG00000020578	0	0
ENSHBUG00000020579	0	0
ENSHBUG00000020580	0	0
ENSHBUG00000020581	0	0
ENSHBUG00000020582	1	34
ENSHBUG00000020583	103	139
ENSHBUG00000020584	1	33
ENSHBUG00000020585	0	0
ENSHBUG00000020586	1	17
ENSHBUG00000020587	0	0
ENSHBUG00000020588	0	0
ENSHBUG00000020589	0	0
ENSHBUG00000020590	0	0
ENSHBUG00000020591	0	0
ENSHBUG00000020592	0	0
ENSHBUG00000020593	1	8
ENSHBUG00000020594	0	0
ENSHBUG00000020595	0	0
ENSHBUG00000020596	4	15
ENSHBUG00000020597	0	0
ENSHBUG00000020598	0	0
ENSHBUG00000020599	2	8
ENSHBUG00000020600	0	0
ENSHBUG00000020601	0	0
ENSHBUG00000020602	2	23
ENSHBUG00000020603	2	28
ENSHBUG00000020604	1	11
ENSHBUG00000020605	0	0
ENSHBUG00000020606	266	275
ENSHBUG00000020607	0	0
ENSHBUG00000020608	0	0
ENSHBUG00000020609	15	56
ENSHBUG00000020610	0	0
ENSHBUG00000020611	398	436
ENSHBUG00000020612	0	0
ENSHBUG00000020613	1	3
ENSHBUG00000020614	1	2
ENSHBUG00000020615	4	27
ENSHBUG00000020616	0	0
ENSHBUG00000020617	3	26
ENSHBUG00000020618	0	0
ENSHBUG00000020619	1	33
ENSHBUG00000020620	0	0
ENSHBUG00000020621	722	769
ENSHBUG00000020622	1	39
ENSHBUG00000020623	2	49
ENSHBUG00000020624	5	25
ENSHBUG00000020625	0	0
ENSHBUG00000020626	1	42
ENSHBUG00000020627	12	15
ENSHBUG00000020628	0	0
ENSHBUG00000020629	0	0
ENSHBUG00000020630	11	44
ENSHBUG00000020631	0	0
ENSHBUG00000020632	0	0
ENSHBUG00000020633	0	0
ENSHBUG00000020634	0	0
ENSHBUG00000020635	1	48
ENSHBUG00000020636	0	0
ENSHBUG00000020637	0	0
ENSHBUG00000020638	0	0
ENSHBUG00000020639	2	28
ENSHBUG00000020640	0	0
ENSHBUG00000020641	0	0
ENSHBUG00000020642	1	9
ENSHBUG00000020643	1	26
ENSHBUG00000020644	0	0
ENSHBUG00000020645	34	45
ENSHBUG00000020646	656	657
ENSHBUG00000020647	0	0
ENSHBUG00000020648	0	0
ENSHBUG00000020649	0	0
ENSHBUG00000020650	1	4
ENSHBUG00000020651	0	0
ENSHBUG00000020652	0	0
ENSHBUG00000020653	1	14
ENSHBUG00000020654	1	31
ENSHBUG00000020655	0	0
ENSHBUG00000020656	3	20
ENSHBUG00000020657	1	25
ENSHBUG00000020658	141	148
ENSHBUG00000020659	2	36
ENSHBUG00000020660	2	45
ENSHBUG00000020661	0	0
ENSHBUG00000020662	13	32
ENSHBUG00000020663	0	0
ENSHBUG00000020664	11	37
ENSHBUG00000020665	3	8
ENSHBUG00000020666	0	0
ENSHBUG00000020667	0	0
ENSHBUG00000020668	1	43
ENSHBUG00000020669	0	0
ENSHBUG00000020670	4	15
ENSHBUG00000020671	1	27
ENSHBUG00000020672	0	0
ENSHBUG00000020673	0	0
ENSHBUG00000020674	0	0
ENSHBUG00000020675	4	43
ENSHBUG00000020676	0	0
ENSHBUG00000020677	2	4
ENSHBUG00000020678	0	0
ENSHBUG00000020679	0	0
ENSHBUG00000020680	0	0
ENSHBUG00000020681	0	0
ENSHBUG00000020682	1	22
ENSHBUG00000020683	0	0
ENSHBUG00000020684	1	34
ENSHBUG00000020685	0	0
ENSHBUG00000020686	0	0
ENSHBUG00000020687	1	45
ENSHBUG00000020688	2	12
ENSHBUG00000020689	1	37
ENSHBUG00000020690	0	0
ENSHBUG00000020691	0	0
ENSHBUG00000020692	1	11
ENSHBUG00000020693	1	34
ENSHBUG00000020694	0	0
ENSHBUG00000020695	0	0
ENSHBUG00000020696	0	0
ENSHBUG00000020697	0	0
ENSHBUG00000020698	0	0
ENSHBUG00000020699	0	0
ENSHBUG00000020700	6	19
ENSHBUG00000020701	0	0
ENSHBUG00000020702	0	0
ENSHBUG00000020703	3	5
ENSHBUG00000020704	0	0
ENSHBUG00000020705	0	0
ENSHBUG00000020706	0	0
ENSHBUG00000020707	0	0
ENSHBUG00000020708	24	32
ENSHBUG00000020709	0	0
ENSHBUG00000020710	4	11
ENSHBUG00000020711	0	0
ENSHBUG00000020712	0	0
ENSHBUG00000020713	1	28
ENSHBUG00000020714	0	0
ENSHBUG00000020715	7	51
ENSHBUG00000020716	1	15
ENSHBUG00000020717	6	25
ENSHBUG00000020718	0	0
ENSHBUG00000020719	0	0
ENSHBUG00000020720	2	25
ENSHBUG00000020721	1	35
ENSHBUG00000020722	9	53
ENSHBUG00000020723	3	30
ENSHBUG00000020724	0	0
ENSHBUG00000020725	0	0
ENSHBUG00000020726	0	0
ENSHBUG00000020727	0	0
ENSHBUG00000020728	1	38
ENSHBUG00000020729	0	0
ENSHBUG00000020730	3	24
ENSHBUG00000020731	0	0
ENSHBUG00000020732	2	5
ENSHBUG00000020733	0	0
ENSHBUG00000020734	0	0
ENSHBUG00000020735	2	50
ENSHBUG00000020736	1	43
ENSHBUG00000020737	0	0
ENSHBUG00000020738	2	14
ENSHBUG00000020739	0	0
ENSHBUG00000020740	0	0
ENSHBUG00000020741	0	0
ENSHBUG00000020742	0	0
ENSHBUG00000020743	0	0
ENSHBUG00000020744	15	21
ENSHBUG00000020745	0	0
ENSHBUG00000020746	0	0
ENSHBUG00000020747	21	22
ENSHBUG00000020748	3	14
ENSHBUG00000020749	2	33
ENSHBUG00000020750	18	66
ENSHBUG00000020751	0	0
ENSHBUG00000020752	0	0
ENSHBUG00000020753	0	0
ENSHBUG00000020754	0	0
ENSHBUG00000020755	14	15
ENSHBUG00000020756	0	0
ENSHBUG00000020757	0	0
ENSHBUG00000020758	2	43
ENSHBUG00000020759	0	0
ENSHBUG00000020760	1	12
ENSHBUG00000020761	1	49
ENSHBUG00000020762	0	0
ENSHBUG00000020763	0	0
ENSHBUG00000020764	0	0
ENSHBUG00000020765	123	164
ENSHBUG00000020766	4	5
ENSHBUG00000020767	0	0
ENSHBUG00000020768	2	31
ENSHBUG00000020769	19	29
ENSHBUG00000020770	1970	2018
ENSHBUG00000020771	0	0
ENSHBUG00000020772	2	49
ENSHBUG00000020773	4	36
ENSHBUG00000020774	0	0
ENSHBUG00000020775	10	49
ENSHBUG00000020776	3	26
ENSHBUG00000020777	0	0
ENSHBUG00000020778	0	0
ENSHBUG00000020779	0	0
ENSHBUG00000020780	6	29
ENSHBUG00000020781	0	0
ENSHBUG00000020782	7	20
ENSHBUG00000020783	0	0
ENSHBUG00000020784	0	0
ENSHBUG00000020785	0	0
ENSHBUG00000020786	0	0
ENSHBUG00000020787	8	55
ENSHBUG00000020788	0	0
ENSHBUG00000020789	2	6
ENSHBUG00000020790	3	41
ENSHBUG00000020791	2	48
ENSHBUG00000020792	15	61
ENSHBUG00000020793	0	0
ENSHBUG00000020794	0	0
ENSHBUG00000020795	0	0
ENSHBUG00000020796	0	0
ENSHBUG00000020797	0	0
ENSHBUG00000020798	0	0
ENSHBUG00000020799	2	4
ENSHBUG00000020800	0	0
ENSHBUG00000020801	1	9
ENSHBUG00000020802	4	42
ENSHBUG00000020803	0	0
ENSHBUG00000020804	0	0
ENSHBUG00000020805	0	0
ENSHBUG00000020806	0	0
ENSHBUG00000020807	0	0
ENSHBUG00000020808	0	0
ENSHBUG00000020809	3	19
ENSHBUG00000020810	0	0
ENSHBUG00000020811	0	0
ENSHBUG00000020812	0	0
ENSHBUG00000020813	1	15
ENSHBUG00000020814	0	0
ENSHBUG00000020815	0	0
ENSHBUG00000020816	2	45
ENSHBUG00000020817	0	0
ENSHBUG00000020818	0	0
ENSHBUG00000020819	5	37
ENSHBUG00000020820	0	0
ENSHBUG00000020821	0	0
ENSHBUG00000020822	0	0
ENSHBUG00000020823	0	0
ENSHBUG00000020824	0	0
ENSHBUG00000020825	0	0
ENSHBUG00000020826	0	0
ENSHBUG00000020827	0	0
ENSHBUG00000020828	14	21
ENSHBUG00000020829	0	0
ENSHBUG00000020830	0	0
ENSHBUG00000020831	1	12
ENSHBUG00000020832	1	26
ENSHBUG00000020833	0	0
ENSHBUG00000020834	0	0
ENSHBUG00000020835	3	37
ENSHBUG00000020836	0	0
ENSHBUG00000020837	0	0
ENSHBUG00000020838	12	59
ENSHBUG00000020839	1	10
ENSHBUG00000020840	34	52
ENSHBUG00000020841	0	0
ENSHBUG00000020842	2	48
ENSHBUG00000020843	36	42
ENSHBUG00000020844	5	45
ENSHBUG00000020845	0	0
ENSHBUG00000020846	0	0
ENSHBUG00000020847	0	0
ENSHBUG00000020848	0	0
ENSHBUG00000020849	0	0
ENSHBUG00000020850	17	39
ENSHBUG00000020851	0	0
ENSHBUG00000020852	0	0
ENSHBUG00000020853	5	52
ENSHBUG00000020854	0	0
ENSHBUG00000020855	0	0
ENSHBUG00000020856	0	0
ENSHBUG00000020857	17	25
ENSHBUG00000020858	232	245
ENSHBUG00000020859	0	0
ENSHBUG00000020860	0	0
ENSHBUG00000020861	2	11
ENSHBUG00000020862	1	47
ENSHBUG00000020863	0	0
ENSHBUG00000020864	0	0
ENSHBUG00000020865	0	0
ENSHBUG00000020866	0	0
ENSHBUG00000020867	2	41
ENSHBUG00000020868	26	43
ENSHBUG00000020869	0	0
ENSHBUG00000020870	2	12
ENSHBUG00000020871	5	50
ENSHBUG00000020872	0	0
ENSHBUG00000020873	0	0
ENSHBUG00000020874	0	0
ENSHBUG00000020875	0	0
ENSHBUG00000020876	1	28
ENSHBUG00000020877	0	0
ENSHBUG00000020878	0	0
ENSHBUG00000020879	0	0
ENSHBUG00000020880	47	84
ENSHBUG00000020881	0	0
ENSHBUG00000020882	0	0
ENSHBUG00000020883	0	0
ENSHBUG00000020884	0	0
ENSHBUG00000020885	0	0
ENSHBUG00000020886	0	0
ENSHBUG00000020887	0	0
ENSHBUG00000020888	3	5
ENSHBUG00000020889	0	0
ENSHBUG00000020890	0	0
ENSHBUG00000020891	0	0
ENSHBUG00000020892	82	87
ENSHBUG00000020893	0	0
ENSHBUG00000020894	0	0
ENSHBUG00000020895	1	18
ENSHBUG00000020896	0	0
ENSHBUG00000020897	1	2
ENSHBUG00000020898	70	108
ENSHBUG00000020899	0	0
ENSHBUG00000020900	0	0
ENSHBUG00000020901	4	7
ENSHBUG00000020902	0	0
ENSHBUG00000020903	0	0
ENSHBUG00000020904	0	0
ENSHBUG00000020905	1	30
ENSHBUG00000020906	1	34
ENSHBUG00000020907	14	20
ENSHBUG00000020908	9	10
ENSHBUG00000020909	2	42
ENSHBUG00000020910	0	0
ENSHBUG00000020911	1	25
ENSHBUG00000020912	1	5
ENSHBUG00000020913	32	69
ENSHBUG00000020914	0	0
ENSHBUG00000020915	4	33
ENSHBUG00000020916	0	0
ENSHBUG00000020917	0	0
ENSHBUG00000020918	0	0
ENSHBUG00000020919	1	21
ENSHBUG00000020920	1	5
ENSHBUG00000020921	0	0
ENSHBUG00000020922	37	45
ENSHBUG00000020923	0	0
ENSHBUG00000020924	9	49
ENSHBUG00000020925	0	0
ENSHBUG00000020926	0	0
ENSHBUG00000020927	0	0
ENSHBUG00000020928	3	9
ENSHBUG00000020929	7	10
ENSHBUG00000020930	0	0
ENSHBUG00000020931	3	28
ENSHBUG00000020932	0	0
ENSHBUG00000020933	0	0
ENSHBUG00000020934	2	4
ENSHBUG00000020935	0	0
ENSHBUG00000020936	0	0
ENSHBUG00000020937	0	0
ENSHBUG00000020938	1	35
ENSHBUG00000020939	0	0
ENSHBUG00000020940	0	0
ENSHBUG00000020941	1	38
ENSHBUG00000020942	4	41
ENSHBUG00000020943	33	67
ENSHBUG00000020944	261	303
ENSHBUG00000020945	0	0
ENSHBUG00000020946	0	0
ENSHBUG00000020947	1	5
ENSHBUG00000020948	0	0
ENSHBUG00000020949	0	0
ENSHBUG00000020950	0	0
ENSHBUG00000020951	0	0
ENSHBUG00000020952	35	62
ENSHBUG00000020953	0	0
ENSHBUG00000020954	1	22
ENSHBUG00000020955	0	0
ENSHBUG00000020956	0	0
ENSHBUG00000020957	4953	4991
ENSHBUG00000020958	703	747
ENSHBUG00000020959	0	0
ENSHBUG00000020960	3	10
ENSHBUG00000020961	0	0
ENSHBUG00000020962	4	18
ENSHBUG00000020963	1	39
ENSHBUG00000020964	1	46
ENSHBUG00000020965	0	0
ENSHBUG00000020966	0	0
ENSHBUG00000020967	0	0
ENSHBUG00000020968	0	0
ENSHBUG00000020969	0	0
ENSHBUG00000020970	14	32
ENSHBUG00000020971	0	0
ENSHBUG00000020972	0	0
ENSHBUG00000020973	1	44
ENSHBUG00000020974	0	0
ENSHBUG00000020975	0	0
ENSHBUG00000020976	1	26
ENSHBUG00000020977	0	0
ENSHBUG00000020978	2	12
ENSHBUG00000020979	0	0
ENSHBUG00000020980	0	0
ENSHBUG00000020981	1	21
ENSHBUG00000020982	3	7
ENSHBUG00000020983	0	0
ENSHBUG00000020984	0	0
ENSHBUG00000020985	9	33
ENSHBUG00000020986	0	0
ENSHBUG00000020987	0	0
ENSHBUG00000020988	0	0
ENSHBUG00000020989	255	297
ENSHBUG00000020990	2	44
ENSHBUG00000020991	97	106
ENSHBUG00000020992	3	5
ENSHBUG00000020993	3	32
ENSHBUG00000020994	7	23
ENSHBUG00000020995	0	0
ENSHBUG00000020996	1	44
ENSHBUG00000020997	0	0
ENSHBUG00000020998	0	0
ENSHBUG00000020999	0	0
ENSHBUG00000021000	5	51
ENSHBUG00000021001	1	33
ENSHBUG00000021002	49	51
ENSHBUG00000021003	0	0
ENSHBUG00000021004	7	17
ENSHBUG00000021005	0	0
ENSHBUG00000021006	0	0
ENSHBUG00000021007	2	10
ENSHBUG00000021008	2	16
ENSHBUG00000021009	3	41
ENSHBUG00000021010	0	0
ENSHBUG00000021011	1	25
ENSHBUG00000021012	0	0
ENSHBUG00000021013	3	30
ENSHBUG00000021014	20	54
ENSHBUG00000021015	44	66
ENSHBUG00000021016	0	0
ENSHBUG00000021017	0	0
ENSHBUG00000021018	2	34
ENSHBUG00000021019	0	0
ENSHBUG00000021020	1	2
ENSHBUG00000021021	5	17
ENSHBUG00000021022	5	30
ENSHBUG00000021023	0	0
ENSHBUG00000021024	0	0
ENSHBUG00000021025	0	0
ENSHBUG00000021026	1	41
ENSHBUG00000021027	43	85
ENSHBUG00000021028	0	0
ENSHBUG00000021029	0	0
ENSHBUG00000021030	0	0
ENSHBUG00000021031	1	8
ENSHBUG00000021032	2	39
ENSHBUG00000021033	0	0
ENSHBUG00000021034	0	0
ENSHBUG00000021035	5	14
ENSHBUG00000021036	0	0
ENSHBUG00000021037	2	16
ENSHBUG00000021038	2	43
ENSHBUG00000021039	2	6
ENSHBUG00000021040	0	0
ENSHBUG00000021041	12	23
ENSHBUG00000021042	1	49
ENSHBUG00000021043	0	0
ENSHBUG00000021044	0	0
ENSHBUG00000021045	0	0
ENSHBUG00000021046	2	49
ENSHBUG00000021047	0	0
ENSHBUG00000021048	0	0
ENSHBUG00000021049	1	5
ENSHBUG00000021050	0	0
ENSHBUG00000021051	0	0
ENSHBUG00000021052	1	41
ENSHBUG00000021053	8	41
ENSHBUG00000021054	0	0
ENSHBUG00000021055	0	0
ENSHBUG00000021056	0	0
ENSHBUG00000021057	3	48
ENSHBUG00000021058	0	0
ENSHBUG00000021059	0	0
ENSHBUG00000021060	0	0
ENSHBUG00000021061	0	0
ENSHBUG00000021062	2	6
ENSHBUG00000021063	0	0
ENSHBUG00000021064	13	30
ENSHBUG00000021065	6	41
ENSHBUG00000021066	0	0
ENSHBUG00000021067	0	0
ENSHBUG00000021068	0	0
ENSHBUG00000021069	0	0
ENSHBUG00000021070	0	0
ENSHBUG00000021071	1	5
ENSHBUG00000021072	1	7
ENSHBUG00000021073	1	28
ENSHBUG00000021074	6	22
ENSHBUG00000021075	0	0
ENSHBUG00000021076	3	44
ENSHBUG00000021077	0	0
ENSHBUG00000021078	0	0
ENSHBUG00000021079	2	8
ENSHBUG00000021080	1	18
ENSHBUG00000021081	2	46
ENSHBUG00000021082	0	0
ENSHBUG00000021083	9	41
ENSHBUG00000021084	1	23
ENSHBUG00000021085	0	0
ENSHBUG00000021086	4	40
ENSHBUG00000021087	0	0
ENSHBUG00000021088	20	43
ENSHBUG00000021089	0	0
ENSHBUG00000021090	575	602
ENSHBUG00000021091	5	10
ENSHBUG00000021092	0	0
ENSHBUG00000021093	0	0
ENSHBUG00000021094	1	13
ENSHBUG00000021095	0	0
ENSHBUG00000021096	3	14
ENSHBUG00000021097	0	0
ENSHBUG00000021098	1	5
ENSHBUG00000021099	0	0
ENSHBUG00000021100	2	34
ENSHBUG00000021101	1	39
ENSHBUG00000021102	1	38
ENSHBUG00000021103	0	0
ENSHBUG00000021104	0	0
ENSHBUG00000021105	0	0
ENSHBUG00000021106	12	29
ENSHBUG00000021107	0	0
ENSHBUG00000021108	0	0
ENSHBUG00000021109	6	14
ENSHBUG00000021110	3	45
ENSHBUG00000021111	0	0
ENSHBUG00000021112	0	0
ENSHBUG00000021113	60	93
ENSHBUG00000021114	0	0
ENSHBUG00000021115	0	0
ENSHBUG00000021116	5	22
ENSHBUG00000021117	3	15
ENSHBUG00000021118	0	0
ENSHBUG00000021119	2	24
ENSHBUG00000021120	0	0
ENSHBUG00000021121	0	0
ENSHBUG00000021122	1	25
ENSHBUG00000021123	1	36
ENSHBUG00000021124	0	0
ENSHBUG00000021125	1	24
ENSHBUG00000021126	0	0
ENSHBUG00000021127	0	0
ENSHBUG00000021128	0	0
ENSHBUG00000021129	3	43
ENSHBUG00000021130	0	0
ENSHBUG00000021131	3	9
ENSHBUG00000021132	0	0
ENSHBUG00000021133	0	0
ENSHBUG00000021134	1	11
ENSHBUG00000021135	8	54
ENSHBUG00000021136	3	5
ENSHBUG00000021137	0	0
ENSHBUG00000021138	0	0
ENSHBUG00000021139	1	41
ENSHBUG00000021140	85	127
ENSHBUG00000021141	12	14
ENSHBUG00000021142	3	44
ENSHBUG00000021143	0	0
ENSHBUG00000021144	0	0
ENSHBUG00000021145	0	0
ENSHBUG00000021146	146	177
ENSHBUG00000021147	1	6
ENSHBUG00000021148	1	48
ENSHBUG00000021149	108	126
ENSHBUG00000021150	0	0
ENSHBUG00000021151	4	39
ENSHBUG00000021152	0	0
ENSHBUG00000021153	0	0
ENSHBUG00000021154	0	0
ENSHBUG00000021155	0	0
ENSHBUG00000021156	0	0
ENSHBUG00000021157	1	33
ENSHBUG00000021158	25	29
ENSHBUG00000021159	1	18
ENSHBUG00000021160	0	0
ENSHBUG00000021161	0	0
ENSHBUG00000021162	1	44
ENSHBUG00000021163	0	0
ENSHBUG00000021164	1	12
ENSHBUG00000021165	0	0
ENSHBUG00000021166	1	17
ENSHBUG00000021167	0	0
ENSHBUG00000021168	1	23
ENSHBUG00000021169	3	38
ENSHBUG00000021170	2	44
ENSHBUG00000021171	0	0
ENSHBUG00000021172	2	11
ENSHBUG00000021173	1	44
ENSHBUG00000021174	0	0
ENSHBUG00000021175	1	17
ENSHBUG00000021176	8	18
ENSHBUG00000021177	5	30
ENSHBUG00000021178	1	26
ENSHBUG00000021179	0	0
ENSHBUG00000021180	6	9
ENSHBUG00000021181	0	0
ENSHBUG00000021182	2	35
ENSHBUG00000021183	0	0
ENSHBUG00000021184	1	43
ENSHBUG00000021185	0	0
ENSHBUG00000021186	0	0
ENSHBUG00000021187	4	29
ENSHBUG00000021188	0	0
ENSHBUG00000021189	0	0
ENSHBUG00000021190	0	0
ENSHBUG00000021191	0	0
ENSHBUG00000021192	1	17
ENSHBUG00000021193	4	27
ENSHBUG00000021194	48	80
ENSHBUG00000021195	18	65
ENSHBUG00000021196	1	44
ENSHBUG00000021197	0	0
ENSHBUG00000021198	0	0
ENSHBUG00000021199	0	0
ENSHBUG00000021200	65	94
ENSHBUG00000021201	0	0
ENSHBUG00000021202	0	0
ENSHBUG00000021203	0	0
ENSHBUG00000021204	213	260
ENSHBUG00000021205	165	188
ENSHBUG00000021206	3	10
ENSHBUG00000021207	1	47
ENSHBUG00000021208	3	37
ENSHBUG00000021209	0	0
ENSHBUG00000021210	0	0
ENSHBUG00000021211	0	0
ENSHBUG00000021212	0	0
ENSHBUG00000021213	0	0
ENSHBUG00000021214	2	31
ENSHBUG00000021215	0	0
ENSHBUG00000021216	0	0
ENSHBUG00000021217	0	0
ENSHBUG00000021218	1	17
ENSHBUG00000021219	0	0
ENSHBUG00000021220	0	0
ENSHBUG00000021221	1	2
ENSHBUG00000021222	20	68
ENSHBUG00000021223	0	0
ENSHBUG00000021224	0	0
ENSHBUG00000021225	0	0
ENSHBUG00000021226	0	0
ENSHBUG00000021227	4	34
ENSHBUG00000021228	12	24
ENSHBUG00000021229	1	26
ENSHBUG00000021230	0	0
ENSHBUG00000021231	0	0
ENSHBUG00000021232	0	0
ENSHBUG00000021233	0	0
ENSHBUG00000021234	0	0
ENSHBUG00000021235	51	61
ENSHBUG00000021236	126	143
ENSHBUG00000021237	30	71
ENSHBUG00000021238	2	11
ENSHBUG00000021239	2	19
ENSHBUG00000021240	0	0
ENSHBUG00000021241	0	0
ENSHBUG00000021242	2	12
ENSHBUG00000021243	0	0
ENSHBUG00000021244	0	0
ENSHBUG00000021245	0	0
ENSHBUG00000021246	1	43
ENSHBUG00000021247	0	0
ENSHBUG00000021248	21	41
ENSHBUG00000021249	1	15
ENSHBUG00000021250	0	0
ENSHBUG00000021251	0	0
ENSHBUG00000021252	252	259
ENSHBUG00000021253	45	72
ENSHBUG00000021254	0	0
ENSHBUG00000021255	6	37
ENSHBUG00000021256	86	133
ENSHBUG00000021257	0	0
ENSHBUG00000021258	0	0
ENSHBUG00000021259	0	0
ENSHBUG00000021260	0	0
ENSHBUG00000021261	1	11
ENSHBUG00000021262	0	0
ENSHBUG00000021263	10	31
ENSHBUG00000021264	0	0
ENSHBUG00000021265	0	0
ENSHBUG00000021266	0	0
ENSHBUG00000021267	1	3
ENSHBUG00000021268	4	48
ENSHBUG00000021269	0	0
ENSHBUG00000021270	0	0
ENSHBUG00000021271	0	0
ENSHBUG00000021272	0	0
ENSHBUG00000021273	0	0
ENSHBUG00000021274	0	0
ENSHBUG00000021275	0	0
ENSHBUG00000021276	0	0
ENSHBUG00000021277	0	0
ENSHBUG00000021278	3	44
ENSHBUG00000021279	0	0
ENSHBUG00000021280	0	0
ENSHBUG00000021281	1	28
ENSHBUG00000021282	2	34
ENSHBUG00000021283	1	36
ENSHBUG00000021284	1	15
ENSHBUG00000021285	1	26
ENSHBUG00000021286	0	0
ENSHBUG00000021287	0	0
ENSHBUG00000021288	4	16
ENSHBUG00000021289	2	15
ENSHBUG00000021290	0	0
ENSHBUG00000021291	0	0
ENSHBUG00000021292	1	41
ENSHBUG00000021293	0	0
ENSHBUG00000021294	0	0
ENSHBUG00000021295	0	0
ENSHBUG00000021296	1	12
ENSHBUG00000021297	0	0
ENSHBUG00000021298	0	0
ENSHBUG00000021299	0	0
ENSHBUG00000021300	0	0
ENSHBUG00000021301	4	29
ENSHBUG00000021302	0	0
ENSHBUG00000021303	0	0
ENSHBUG00000021304	0	0
ENSHBUG00000021305	1	8
ENSHBUG00000021306	0	0
ENSHBUG00000021307	0	0
ENSHBUG00000021308	0	0
ENSHBUG00000021309	2	33
ENSHBUG00000021310	1	34
ENSHBUG00000021311	0	0
ENSHBUG00000021312	1	17
ENSHBUG00000021313	0	0
ENSHBUG00000021314	0	0
ENSHBUG00000021315	0	0
ENSHBUG00000021316	15	32
ENSHBUG00000021317	0	0
ENSHBUG00000021318	42	64
ENSHBUG00000021319	3	13
ENSHBUG00000021320	4	24
ENSHBUG00000021321	3	16
ENSHBUG00000021322	0	0
ENSHBUG00000021323	0	0
ENSHBUG00000021324	0	0
ENSHBUG00000021325	1	26
ENSHBUG00000021326	0	0
ENSHBUG00000021327	8	16
ENSHBUG00000021328	1	10
ENSHBUG00000021329	0	0
ENSHBUG00000021330	0	0
ENSHBUG00000021331	0	0
ENSHBUG00000021332	2	25
ENSHBUG00000021333	2	24
ENSHBUG00000021334	0	0
ENSHBUG00000021335	88	105
ENSHBUG00000021336	2	20
ENSHBUG00000021337	0	0
ENSHBUG00000021338	470	482
ENSHBUG00000021339	0	0
ENSHBUG00000021340	0	0
ENSHBUG00000021341	6	32
ENSHBUG00000021342	9	40
ENSHBUG00000021343	1	10
ENSHBUG00000021344	0	0
ENSHBUG00000021345	0	0
ENSHBUG00000021346	0	0
ENSHBUG00000021347	0	0
ENSHBUG00000021348	0	0
ENSHBUG00000021349	0	0
ENSHBUG00000021350	2	7
ENSHBUG00000021351	0	0
ENSHBUG00000021352	7	39
ENSHBUG00000021353	3	5
ENSHBUG00000021354	0	0
ENSHBUG00000021355	0	0
ENSHBUG00000021356	0	0
ENSHBUG00000021357	15	46
ENSHBUG00000021358	1	28
ENSHBUG00000021359	0	0
ENSHBUG00000021360	0	0
ENSHBUG00000021361	0	0
ENSHBUG00000021362	0	0
ENSHBUG00000021363	0	0
ENSHBUG00000021364	0	0
ENSHBUG00000021365	0	0
ENSHBUG00000021366	1	17
ENSHBUG00000021367	784	798
ENSHBUG00000021368	18	49
ENSHBUG00000021369	0	0
ENSHBUG00000021370	0	0
ENSHBUG00000021371	0	0
ENSHBUG00000021372	0	0
ENSHBUG00000021373	0	0
ENSHBUG00000021374	25	42
ENSHBUG00000021375	0	0
ENSHBUG00000021376	0	0
ENSHBUG00000021377	0	0
ENSHBUG00000021378	2	13
ENSHBUG00000021379	8	43
ENSHBUG00000021380	7	37
ENSHBUG00000021381	1	5
ENSHBUG00000021382	2	42
ENSHBUG00000021383	0	0
ENSHBUG00000021384	1	48
ENSHBUG00000021385	0	0
ENSHBUG00000021386	0	0
ENSHBUG00000021387	1	17
ENSHBUG00000021388	0	0
ENSHBUG00000021389	0	0
ENSHBUG00000021390	1	7
ENSHBUG00000021391	2	46
ENSHBUG00000021392	0	0
ENSHBUG00000021393	1	6
ENSHBUG00000021394	6	9
ENSHBUG00000021395	0	0
ENSHBUG00000021396	0	0
ENSHBUG00000021397	1	39
ENSHBUG00000021398	0	0
ENSHBUG00000021399	0	0
ENSHBUG00000021400	0	0
ENSHBUG00000021401	1	2
ENSHBUG00000021402	5	7
ENSHBUG00000021403	0	0
ENSHBUG00000021404	0	0
ENSHBUG00000021405	0	0
ENSHBUG00000021406	0	0
ENSHBUG00000021407	1	25
ENSHBUG00000021408	1	46
ENSHBUG00000021409	0	0
ENSHBUG00000021410	0	0
ENSHBUG00000021411	0	0
ENSHBUG00000021412	2	45
ENSHBUG00000021413	3	14
ENSHBUG00000021414	4	7
ENSHBUG00000021415	1	22
ENSHBUG00000021416	0	0
ENSHBUG00000021417	0	0
ENSHBUG00000021418	0	0
ENSHBUG00000021419	5	12
ENSHBUG00000021420	1	46
ENSHBUG00000021421	0	0
ENSHBUG00000021422	3	15
ENSHBUG00000021423	0	0
ENSHBUG00000021424	0	0
ENSHBUG00000021425	0	0
ENSHBUG00000021426	0	0
ENSHBUG00000021427	262	284
ENSHBUG00000021428	3	21
ENSHBUG00000021429	1	6
ENSHBUG00000021430	0	0
ENSHBUG00000021431	3	32
ENSHBUG00000021432	0	0
ENSHBUG00000021433	0	0
ENSHBUG00000021434	3	19
ENSHBUG00000021435	10	50
ENSHBUG00000021436	1	47
ENSHBUG00000021437	0	0
ENSHBUG00000021438	9	25
ENSHBUG00000021439	1	21
ENSHBUG00000021440	0	0
ENSHBUG00000021441	2	5
ENSHBUG00000021442	0	0
ENSHBUG00000021443	3	14
ENSHBUG00000021444	313	351
ENSHBUG00000021445	1	19
ENSHBUG00000021446	164	167
ENSHBUG00000021447	1	21
ENSHBUG00000021448	0	0
ENSHBUG00000021449	0	0
ENSHBUG00000021450	0	0
ENSHBUG00000021451	0	0
ENSHBUG00000021452	0	0
ENSHBUG00000021453	0	0
ENSHBUG00000021454	0	0
ENSHBUG00000021455	2	29
ENSHBUG00000021456	0	0
ENSHBUG00000021457	78	90
ENSHBUG00000021458	0	0
ENSHBUG00000021459	1	9
ENSHBUG00000021460	11	28
ENSHBUG00000021461	1	25
ENSHBUG00000021462	1	15
ENSHBUG00000021463	7	38
ENSHBUG00000021464	1	49
ENSHBUG00000021465	2	21
ENSHBUG00000021466	4	49
ENSHBUG00000021467	77	115
ENSHBUG00000021468	1	3
ENSHBUG00000021469	3	23
ENSHBUG00000021470	3	36
ENSHBUG00000021471	0	0
ENSHBUG00000021472	1	15
ENSHBUG00000021473	0	0
ENSHBUG00000021474	0	0
ENSHBUG00000021475	0	0
ENSHBUG00000021476	0	0
ENSHBUG00000021477	2	19
ENSHBUG00000021478	1	4
ENSHBUG00000021479	3401	3420
ENSHBUG00000021480	18	60
ENSHBUG00000021481	0	0
ENSHBUG00000021482	6	18
ENSHBUG00000021483	0	0
ENSHBUG00000021484	1	5
ENSHBUG00000021485	0	0
ENSHBUG00000021486	1	39
ENSHBUG00000021487	0	0
ENSHBUG00000021488	0	0
ENSHBUG00000021489	0	0
ENSHBUG00000021490	108	147
ENSHBUG00000021491	0	0
ENSHBUG00000021492	1	20
ENSHBUG00000021493	2	19
ENSHBUG00000021494	0	0
ENSHBUG00000021495	3	29
ENSHBUG00000021496	51	63
ENSHBUG00000021497	1	44
ENSHBUG00000021498	1	33
ENSHBUG00000021499	0	0
ENSHBUG00000021500	3	16
ENSHBUG00000021501	0	0
ENSHBUG00000021502	0	0
ENSHBUG00000021503	1	27
ENSHBUG00000021504	0	0
ENSHBUG00000021505	0	0
ENSHBUG00000021506	3	25
ENSHBUG00000021507	1	10
ENSHBUG00000021508	0	0
ENSHBUG00000021509	3	26
ENSHBUG00000021510	13	58
ENSHBUG00000021511	0	0
ENSHBUG00000021512	0	0
ENSHBUG00000021513	9	45
ENSHBUG00000021514	1	6
ENSHBUG00000021515	8	42
ENSHBUG00000021516	5	53
ENSHBUG00000021517	4	34
ENSHBUG00000021518	117	129
ENSHBUG00000021519	3	14
ENSHBUG00000021520	2	10
ENSHBUG00000021521	1	16
ENSHBUG00000021522	0	0
ENSHBUG00000021523	2	42
ENSHBUG00000021524	0	0
ENSHBUG00000021525	0	0
ENSHBUG00000021526	0	0
ENSHBUG00000021527	0	0
ENSHBUG00000021528	0	0
ENSHBUG00000021529	12	13
ENSHBUG00000021530	1	28
ENSHBUG00000021531	0	0
ENSHBUG00000021532	514	536
ENSHBUG00000021533	0	0
ENSHBUG00000021534	1	14
ENSHBUG00000021535	1	46
ENSHBUG00000021536	1	46
ENSHBUG00000021537	0	0
ENSHBUG00000021538	0	0
ENSHBUG00000021539	0	0
ENSHBUG00000021540	1	39
ENSHBUG00000021541	0	0
ENSHBUG00000021542	0	0
ENSHBUG00000021543	478	521
ENSHBUG00000021544	0	0
ENSHBUG00000021545	0	0
ENSHBUG00000021546	0	0
ENSHBUG00000021547	0	0
ENSHBUG00000021548	2	17
ENSHBUG00000021549	0	0
ENSHBUG00000021550	2	10
ENSHBUG00000021551	0	0
ENSHBUG00000021552	4	44
ENSHBUG00000021553	3	30
ENSHBUG00000021554	3	9
ENSHBUG00000021555	13	35
ENSHBUG00000021556	0	0
ENSHBUG00000021557	1	10
ENSHBUG00000021558	18	38
ENSHBUG00000021559	0	0
ENSHBUG00000021560	5	40
ENSHBUG00000021561	2	9
ENSHBUG00000021562	0	0
ENSHBUG00000021563	0	0
ENSHBUG00000021564	0	0
ENSHBUG00000021565	2	5
ENSHBUG00000021566	3	18
ENSHBUG00000021567	0	0
ENSHBUG00000021568	0	0
ENSHBUG00000021569	1	30
ENSHBUG00000021570	0	0
ENSHBUG00000021571	2	13
ENSHBUG00000021572	0	0
ENSHBUG00000021573	0	0
ENSHBUG00000021574	0	0
ENSHBUG00000021575	2	31
ENSHBUG00000021576	0	0
ENSHBUG00000021577	3	23
ENSHBUG00000021578	1	15
ENSHBUG00000021579	0	0
ENSHBUG00000021580	0	0
ENSHBUG00000021581	74	84
ENSHBUG00000021582	0	0
ENSHBUG00000021583	2	28
ENSHBUG00000021584	2	34
ENSHBUG00000021585	0	0
ENSHBUG00000021586	39	71
ENSHBUG00000021587	0	0
ENSHBUG00000021588	321	332
ENSHBUG00000021589	0	0
ENSHBUG00000021590	0	0
ENSHBUG00000021591	0	0
ENSHBUG00000021592	0	0
ENSHBUG00000021593	0	0
ENSHBUG00000021594	0	0
ENSHBUG00000021595	6	31
ENSHBUG00000021596	0	0
ENSHBUG00000021597	0	0
ENSHBUG00000021598	1	9
ENSHBUG00000021599	0	0
ENSHBUG00000021600	0	0
ENSHBUG00000021601	1	10
ENSHBUG00000021602	0	0
ENSHBUG00000021603	0	0
ENSHBUG00000021604	0	0
ENSHBUG00000021605	0	0
ENSHBUG00000021606	0	0
ENSHBUG00000021607	0	0
ENSHBUG00000021608	1	6
ENSHBUG00000021609	0	0
ENSHBUG00000021610	0	0
ENSHBUG00000021611	2	35
ENSHBUG00000021612	14	55
ENSHBUG00000021613	0	0
ENSHBUG00000021614	0	0
ENSHBUG00000021615	0	0
ENSHBUG00000021616	0	0
ENSHBUG00000021617	0	0
ENSHBUG00000021618	0	0
ENSHBUG00000021619	160	203
ENSHBUG00000021620	0	0
ENSHBUG00000021621	0	0
ENSHBUG00000021622	0	0
ENSHBUG00000021623	1	34
ENSHBUG00000021624	1	4
ENSHBUG00000021625	0	0
ENSHBUG00000021626	0	0
ENSHBUG00000021627	0	0
ENSHBUG00000021628	5	12
ENSHBUG00000021629	0	0
ENSHBUG00000021630	0	0
ENSHBUG00000021631	0	0
ENSHBUG00000021632	4	42
ENSHBUG00000021633	77	91
ENSHBUG00000021634	2	47
ENSHBUG00000021635	1	22
ENSHBUG00000021636	327	343
ENSHBUG00000021637	15	45
ENSHBUG00000021638	0	0
ENSHBUG00000021639	0	0
ENSHBUG00000021640	0	0
ENSHBUG00000021641	0	0
ENSHBUG00000021642	672	684
ENSHBUG00000021643	0	0
ENSHBUG00000021644	0	0
ENSHBUG00000021645	19	42
ENSHBUG00000021646	0	0
ENSHBUG00000021647	0	0
ENSHBUG00000021648	0	0
ENSHBUG00000021649	0	0
ENSHBUG00000021650	0	0
ENSHBUG00000021651	2	42
ENSHBUG00000021652	0	0
ENSHBUG00000021653	0	0
ENSHBUG00000021654	1	35
ENSHBUG00000021655	0	0
ENSHBUG00000021656	1	44
ENSHBUG00000021657	2	13
ENSHBUG00000021658	0	0
ENSHBUG00000021659	0	0
ENSHBUG00000021660	0	0
ENSHBUG00000021661	4	17
ENSHBUG00000021662	1	48
ENSHBUG00000021663	0	0
ENSHBUG00000021664	4	7
ENSHBUG00000021665	13	17
ENSHBUG00000021666	0	0
ENSHBUG00000021667	0	0
ENSHBUG00000021668	0	0
ENSHBUG00000021669	0	0
ENSHBUG00000021670	449	474
ENSHBUG00000021671	0	0
ENSHBUG00000021672	164	173
ENSHBUG00000021673	0	0
ENSHBUG00000021674	0	0
ENSHBUG00000021675	2	42
ENSHBUG00000021676	0	0
ENSHBUG00000021677	0	0
ENSHBUG00000021678	0	0
ENSHBUG00000021679	16	50
ENSHBUG00000021680	0	0
ENSHBUG00000021681	0	0
ENSHBUG00000021682	0	0
ENSHBUG00000021683	0	0
ENSHBUG00000021684	2	26
ENSHBUG00000021685	0	0
ENSHBUG00000021686	0	0
ENSHBUG00000021687	0	0
ENSHBUG00000021688	0	0
ENSHBUG00000021689	0	0
ENSHBUG00000021690	7	55
ENSHBUG00000021691	3	50
ENSHBUG00000021692	0	0
ENSHBUG00000021693	1	45
ENSHBUG00000021694	1	9
ENSHBUG00000021695	0	0
ENSHBUG00000021696	0	0
ENSHBUG00000021697	2269	2276
ENSHBUG00000021698	0	0
ENSHBUG00000021699	0	0
ENSHBUG00000021700	53	100
ENSHBUG00000021701	0	0
ENSHBUG00000021702	1	17
ENSHBUG00000021703	0	0
ENSHBUG00000021704	0	0
ENSHBUG00000021705	0	0
ENSHBUG00000021706	0	0
ENSHBUG00000021707	4	33
ENSHBUG00000021708	0	0
ENSHBUG00000021709	0	0
ENSHBUG00000021710	2	45
ENSHBUG00000021711	79	117
ENSHBUG00000021712	23	28
ENSHBUG00000021713	2	41
ENSHBUG00000021714	0	0
ENSHBUG00000021715	1	30
ENSHBUG00000021716	3	41
ENSHBUG00000021717	1	18
ENSHBUG00000021718	0	0
ENSHBUG00000021719	0	0
ENSHBUG00000021720	0	0
ENSHBUG00000021721	2	28
ENSHBUG00000021722	2	16
ENSHBUG00000021723	6	47
ENSHBUG00000021724	0	0
ENSHBUG00000021725	0	0
ENSHBUG00000021726	0	0
ENSHBUG00000021727	0	0
ENSHBUG00000021728	0	0
ENSHBUG00000021729	0	0
ENSHBUG00000021730	0	0
ENSHBUG00000021731	3	13
ENSHBUG00000021732	0	0
ENSHBUG00000021733	0	0
ENSHBUG00000021734	0	0
ENSHBUG00000021735	0	0
ENSHBUG00000021736	844	849
ENSHBUG00000021737	0	0
ENSHBUG00000021738	0	0
ENSHBUG00000021739	0	0
ENSHBUG00000021740	17	36
ENSHBUG00000021741	0	0
ENSHBUG00000021742	0	0
ENSHBUG00000021743	0	0
ENSHBUG00000021744	0	0
ENSHBUG00000021745	0	0
ENSHBUG00000021746	0	0
ENSHBUG00000021747	0	0
ENSHBUG00000021748	1	31
ENSHBUG00000021749	0	0
ENSHBUG00000021750	2	27
ENSHBUG00000021751	3	21
ENSHBUG00000021752	0	0
ENSHBUG00000021753	0	0
ENSHBUG00000021754	2	15
ENSHBUG00000021755	3	9
ENSHBUG00000021756	0	0
ENSHBUG00000021757	0	0
ENSHBUG00000021758	0	0
ENSHBUG00000021759	0	0
ENSHBUG00000021760	1	16
ENSHBUG00000021761	2	16
ENSHBUG00000021762	0	0
ENSHBUG00000021763	2	12
ENSHBUG00000021764	0	0
ENSHBUG00000021765	72	73
ENSHBUG00000021766	5	51
ENSHBUG00000021767	0	0
ENSHBUG00000021768	3	29
ENSHBUG00000021769	5	45
ENSHBUG00000021770	420	449
ENSHBUG00000021771	140	154
ENSHBUG00000021772	0	0
ENSHBUG00000021773	0	0
ENSHBUG00000021774	0	0
ENSHBUG00000021775	3	47
ENSHBUG00000021776	0	0
ENSHBUG00000021777	0	0
ENSHBUG00000021778	0	0
ENSHBUG00000021779	4	15
ENSHBUG00000021780	10	47
ENSHBUG00000021781	2	15
ENSHBUG00000021782	0	0
ENSHBUG00000021783	1	39
ENSHBUG00000021784	5	10
ENSHBUG00000021785	0	0
ENSHBUG00000021786	0	0
ENSHBUG00000021787	0	0
ENSHBUG00000021788	101	105
ENSHBUG00000021789	7	55
ENSHBUG00000021790	0	0
ENSHBUG00000021791	1	45
ENSHBUG00000021792	2	44
ENSHBUG00000021793	0	0
ENSHBUG00000021794	4	50
ENSHBUG00000021795	0	0
ENSHBUG00000021796	76	120
ENSHBUG00000021797	2	22
ENSHBUG00000021798	74	119
ENSHBUG00000021799	6	27
ENSHBUG00000021800	3	46
ENSHBUG00000021801	110	112
ENSHBUG00000021802	277	310
ENSHBUG00000021803	0	0
ENSHBUG00000021804	0	0
ENSHBUG00000021805	0	0
ENSHBUG00000021806	0	0
ENSHBUG00000021807	1	28
ENSHBUG00000021808	0	0
ENSHBUG00000021809	4	37
ENSHBUG00000021810	1	46
ENSHBUG00000021811	2	48
ENSHBUG00000021812	0	0
ENSHBUG00000021813	5	52
ENSHBUG00000021814	1	16
ENSHBUG00000021815	0	0
ENSHBUG00000021816	0	0
ENSHBUG00000021817	0	0
ENSHBUG00000021818	1	34
ENSHBUG00000021819	0	0
ENSHBUG00000021820	0	0
ENSHBUG00000021821	0	0
ENSHBUG00000021822	8	18
ENSHBUG00000021823	54	60
ENSHBUG00000021824	9	43
ENSHBUG00000021825	0	0
ENSHBUG00000021826	0	0
ENSHBUG00000021827	29	70
ENSHBUG00000021828	0	0
ENSHBUG00000021829	1	24
ENSHBUG00000021830	0	0
ENSHBUG00000021831	0	0
ENSHBUG00000021832	1773	1802
ENSHBUG00000021833	0	0
ENSHBUG00000021834	0	0
ENSHBUG00000021835	3	44
ENSHBUG00000021836	0	0
ENSHBUG00000021837	0	0
ENSHBUG00000021838	0	0
ENSHBUG00000021839	0	0
ENSHBUG00000021840	0	0
ENSHBUG00000021841	0	0
ENSHBUG00000021842	0	0
ENSHBUG00000021843	2	29
ENSHBUG00000021844	0	0
ENSHBUG00000021845	0	0
ENSHBUG00000021846	0	0
ENSHBUG00000021847	0	0
ENSHBUG00000021848	0	0
ENSHBUG00000021849	0	0
ENSHBUG00000021850	0	0
ENSHBUG00000021851	0	0
ENSHBUG00000021852	0	0
ENSHBUG00000021853	4	46
ENSHBUG00000021854	14	60
ENSHBUG00000021855	60	78
ENSHBUG00000021856	2	8
ENSHBUG00000021857	0	0
ENSHBUG00000021858	4	18
ENSHBUG00000021859	3	26
ENSHBUG00000021860	1	33
ENSHBUG00000021861	0	0
ENSHBUG00000021862	0	0
ENSHBUG00000021863	0	0
ENSHBUG00000021864	0	0
ENSHBUG00000021865	1	49
ENSHBUG00000021866	0	0
ENSHBUG00000021867	2	37
ENSHBUG00000021868	0	0
ENSHBUG00000021869	0	0
ENSHBUG00000021870	1	12
ENSHBUG00000021871	0	0
ENSHBUG00000021872	1	28
ENSHBUG00000021873	0	0
ENSHBUG00000021874	21	32
ENSHBUG00000021875	0	0
ENSHBUG00000021876	0	0
ENSHBUG00000021877	3	23
ENSHBUG00000021878	0	0
ENSHBUG00000021879	0	0
ENSHBUG00000021880	1	2
ENSHBUG00000021881	0	0
ENSHBUG00000021882	42	84
ENSHBUG00000021883	0	0
ENSHBUG00000021884	0	0
ENSHBUG00000021885	0	0
ENSHBUG00000021886	2	36
ENSHBUG00000021887	13	54
ENSHBUG00000021888	1	48
ENSHBUG00000021889	0	0
ENSHBUG00000021890	0	0
ENSHBUG00000021891	0	0
ENSHBUG00000021892	0	0
ENSHBUG00000021893	1	38
ENSHBUG00000021894	0	0
ENSHBUG00000021895	0	0
ENSHBUG00000021896	0	0
ENSHBUG00000021897	0	0
ENSHBUG00000021898	0	0
ENSHBUG00000021899	0	0
ENSHBUG00000021900	0	0
ENSHBUG00000021901	0	0
ENSHBUG00000021902	0	0
ENSHBUG00000021903	0	0
ENSHBUG00000021904	0	0
ENSHBUG00000021905	0	0
ENSHBUG00000021906	2	27
ENSHBUG00000021907	2	9
ENSHBUG00000021908	0	0
ENSHBUG00000021909	0	0
ENSHBUG00000021910	1	38
ENSHBUG00000021911	330	359
ENSHBUG00000021912	4	11
ENSHBUG00000021913	0	0
ENSHBUG00000021914	0	0
ENSHBUG00000021915	35	78
ENSHBUG00000021916	0	0
ENSHBUG00000021917	0	0
ENSHBUG00000021918	0	0
ENSHBUG00000021919	0	0
ENSHBUG00000021920	0	0
ENSHBUG00000021921	0	0
ENSHBUG00000021922	0	0
ENSHBUG00000021923	0	0
ENSHBUG00000021924	0	0
ENSHBUG00000021925	0	0
ENSHBUG00000021926	0	0
ENSHBUG00000021927	1	27
ENSHBUG00000021928	0	0
ENSHBUG00000021929	0	0
ENSHBUG00000021930	0	0
ENSHBUG00000021931	1	47
ENSHBUG00000021932	0	0
ENSHBUG00000021933	2	24
ENSHBUG00000021934	2	47
ENSHBUG00000021935	1	29
ENSHBUG00000021936	0	0
ENSHBUG00000021937	60	83
ENSHBUG00000021938	1	43
ENSHBUG00000021939	0	0
ENSHBUG00000021940	0	0
ENSHBUG00000021941	1	15
ENSHBUG00000021942	0	0
ENSHBUG00000021943	0	0
ENSHBUG00000021944	0	0
ENSHBUG00000021945	6	22
ENSHBUG00000021946	0	0
ENSHBUG00000021947	0	0
ENSHBUG00000021948	0	0
ENSHBUG00000021949	0	0
ENSHBUG00000021950	2	45
ENSHBUG00000021951	0	0
ENSHBUG00000021952	0	0
ENSHBUG00000021953	3	13
ENSHBUG00000021954	0	0
ENSHBUG00000021955	0	0
ENSHBUG00000021956	0	0
ENSHBUG00000021957	0	0
ENSHBUG00000021958	0	0
ENSHBUG00000021959	0	0
ENSHBUG00000021960	9	51
ENSHBUG00000021961	0	0
ENSHBUG00000021962	0	0
ENSHBUG00000021963	0	0
ENSHBUG00000021964	2	36
ENSHBUG00000021965	3	51
ENSHBUG00000021966	1	34
ENSHBUG00000021967	398	402
ENSHBUG00000021968	0	0
ENSHBUG00000021969	0	0
ENSHBUG00000021970	0	0
ENSHBUG00000021971	0	0
ENSHBUG00000021972	0	0
ENSHBUG00000021973	0	0
ENSHBUG00000021974	0	0
ENSHBUG00000021975	0	0
ENSHBUG00000021976	1	35
ENSHBUG00000021977	1	22
ENSHBUG00000021978	1	31
ENSHBUG00000021979	1	42
ENSHBUG00000021980	1	21
ENSHBUG00000021981	0	0
ENSHBUG00000021982	236	238
ENSHBUG00000021983	0	0
ENSHBUG00000021984	4	46
ENSHBUG00000021985	25	36
ENSHBUG00000021986	3	28
ENSHBUG00000021987	0	0
ENSHBUG00000021988	0	0
ENSHBUG00000021989	1	7
ENSHBUG00000021990	324	331
ENSHBUG00000021991	0	0
ENSHBUG00000021992	0	0
ENSHBUG00000021993	0	0
ENSHBUG00000021994	64	112
ENSHBUG00000021995	38664	38701
ENSHBUG00000021996	0	0
ENSHBUG00000021997	0	0
ENSHBUG00000021998	2	14
ENSHBUG00000021999	0	0
ENSHBUG00000022000	0	0
ENSHBUG00000022001	1	49
ENSHBUG00000022002	0	0
ENSHBUG00000022003	0	0
ENSHBUG00000022004	2	13
ENSHBUG00000022005	1	7
ENSHBUG00000022006	0	0
ENSHBUG00000022007	125	169
ENSHBUG00000022008	0	0
ENSHBUG00000022009	12	53
ENSHBUG00000022010	0	0
ENSHBUG00000022011	0	0
ENSHBUG00000022012	1	13
ENSHBUG00000022013	0	0
ENSHBUG00000022014	0	0
ENSHBUG00000022015	23	44
ENSHBUG00000022016	0	0
ENSHBUG00000022017	2	50
ENSHBUG00000022018	0	0
ENSHBUG00000022019	1	25
ENSHBUG00000022020	16	58
ENSHBUG00000022021	0	0
ENSHBUG00000022022	14	22
ENSHBUG00000022023	1	39
ENSHBUG00000022024	0	0
ENSHBUG00000022025	0	0
ENSHBUG00000022026	0	0
ENSHBUG00000022027	85	128
ENSHBUG00000022028	0	0
ENSHBUG00000022029	0	0
ENSHBUG00000022030	0	0
ENSHBUG00000022031	2	9
ENSHBUG00000022032	0	0
ENSHBUG00000022033	0	0
ENSHBUG00000022034	83	111
ENSHBUG00000022035	0	0
ENSHBUG00000022036	35	59
ENSHBUG00000022037	1	34
ENSHBUG00000022038	0	0
ENSHBUG00000022039	1	9
ENSHBUG00000022040	0	0
ENSHBUG00000022041	1	6
ENSHBUG00000022042	4	21
ENSHBUG00000022043	1369	1377
ENSHBUG00000022044	5	10
ENSHBUG00000022045	1	37
ENSHBUG00000022046	0	0
ENSHBUG00000022047	0	0
ENSHBUG00000022048	0	0
ENSHBUG00000022049	1	6
ENSHBUG00000022050	4	13
ENSHBUG00000022051	0	0
ENSHBUG00000022052	3	46
ENSHBUG00000022053	2	21
ENSHBUG00000022054	0	0
ENSHBUG00000022055	0	0
ENSHBUG00000022056	0	0
ENSHBUG00000022057	0	0
ENSHBUG00000022058	0	0
ENSHBUG00000022059	1	8
ENSHBUG00000022060	8	56
ENSHBUG00000022061	14	23
ENSHBUG00000022062	0	0
ENSHBUG00000022063	0	0
ENSHBUG00000022064	0	0
ENSHBUG00000022065	6	10
ENSHBUG00000022066	1	48
ENSHBUG00000022067	1	48
ENSHBUG00000022068	0	0
ENSHBUG00000022069	235	256
ENSHBUG00000022070	0	0
ENSHBUG00000022071	1	47
ENSHBUG00000022072	0	0
ENSHBUG00000022073	0	0
ENSHBUG00000022074	3	5
ENSHBUG00000022075	1	8
ENSHBUG00000022076	5	45
ENSHBUG00000022077	0	0
ENSHBUG00000022078	5	40
ENSHBUG00000022079	106	131
ENSHBUG00000022080	0	0
ENSHBUG00000022081	0	0
ENSHBUG00000022082	0	0
ENSHBUG00000022083	2	3
ENSHBUG00000022084	0	0
ENSHBUG00000022085	1	42
ENSHBUG00000022086	0	0
ENSHBUG00000022087	0	0
ENSHBUG00000022088	148	150
ENSHBUG00000022089	1	29
ENSHBUG00000022090	4	32
ENSHBUG00000022091	0	0
ENSHBUG00000022092	3	23
ENSHBUG00000022093	0	0
ENSHBUG00000022094	2	30
ENSHBUG00000022095	0	0
ENSHBUG00000022096	0	0
ENSHBUG00000022097	18	24
ENSHBUG00000022098	0	0
ENSHBUG00000022099	0	0
ENSHBUG00000022100	31	54
ENSHBUG00000022101	0	0
ENSHBUG00000022102	1	32
ENSHBUG00000022103	0	0
ENSHBUG00000022104	0	0
ENSHBUG00000022105	1	18
ENSHBUG00000022106	15	58
ENSHBUG00000022107	3	21
ENSHBUG00000022108	0	0
ENSHBUG00000022109	0	0
ENSHBUG00000022110	0	0
ENSHBUG00000022111	0	0
ENSHBUG00000022112	0	0
ENSHBUG00000022113	0	0
ENSHBUG00000022114	0	0
ENSHBUG00000022115	1	48
ENSHBUG00000022116	1	23
ENSHBUG00000022117	0	0
ENSHBUG00000022118	6	26
ENSHBUG00000022119	4	50
ENSHBUG00000022120	0	0
ENSHBUG00000022121	1	31
ENSHBUG00000022122	3	26
ENSHBUG00000022123	0	0
ENSHBUG00000022124	22	47
ENSHBUG00000022125	0	0
ENSHBUG00000022126	0	0
ENSHBUG00000022127	0	0
ENSHBUG00000022128	0	0
ENSHBUG00000022129	2	37
ENSHBUG00000022130	0	0
ENSHBUG00000022131	0	0
ENSHBUG00000022132	0	0
ENSHBUG00000022133	0	0
ENSHBUG00000022134	1	32
ENSHBUG00000022135	95	113
ENSHBUG00000022136	2	9
ENSHBUG00000022137	0	0
ENSHBUG00000022138	16	18
ENSHBUG00000022139	0	0
ENSHBUG00000022140	0	0
ENSHBUG00000022141	0	0
ENSHBUG00000022142	7	24
ENSHBUG00000022143	1	20
ENSHBUG00000022144	2	48
ENSHBUG00000022145	0	0
ENSHBUG00000022146	0	0
ENSHBUG00000022147	0	0
ENSHBUG00000022148	35	76
ENSHBUG00000022149	0	0
ENSHBUG00000022150	0	0
ENSHBUG00000022151	0	0
ENSHBUG00000022152	1	45
ENSHBUG00000022153	0	0
ENSHBUG00000022154	0	0
ENSHBUG00000022155	3	48
ENSHBUG00000022156	204	228
ENSHBUG00000022157	0	0
ENSHBUG00000022158	3	16
ENSHBUG00000022159	0	0
ENSHBUG00000022160	0	0
ENSHBUG00000022161	1	36
ENSHBUG00000022162	0	0
ENSHBUG00000022163	2	28
ENSHBUG00000022164	0	0
ENSHBUG00000022165	0	0
ENSHBUG00000022166	1	26
ENSHBUG00000022167	2	30
ENSHBUG00000022168	0	0
ENSHBUG00000022169	21	22
ENSHBUG00000022170	1	10
ENSHBUG00000022171	1	12
ENSHBUG00000022172	0	0
ENSHBUG00000022173	0	0
ENSHBUG00000022174	2	35
ENSHBUG00000022175	4	40
ENSHBUG00000022176	1	24
ENSHBUG00000022177	1	46
ENSHBUG00000022178	1	4
ENSHBUG00000022179	11	12
ENSHBUG00000022180	1	23
ENSHBUG00000022181	0	0
ENSHBUG00000022182	0	0
ENSHBUG00000022183	0	0
ENSHBUG00000022184	1	35
ENSHBUG00000022185	1	20
ENSHBUG00000022186	184	219
ENSHBUG00000022187	12	44
ENSHBUG00000022188	0	0
ENSHBUG00000022189	1	7
ENSHBUG00000022190	6	29
ENSHBUG00000022191	4	13
ENSHBUG00000022192	50	98
ENSHBUG00000022193	2	36
ENSHBUG00000022194	0	0
ENSHBUG00000022195	2	14
ENSHBUG00000022196	1	24
ENSHBUG00000022197	0	0
ENSHBUG00000022198	0	0
ENSHBUG00000022199	2	4
ENSHBUG00000022200	0	0
ENSHBUG00000022201	29	70
ENSHBUG00000022202	61	97
ENSHBUG00000022203	2	8
ENSHBUG00000022204	0	0
ENSHBUG00000022205	0	0
ENSHBUG00000022206	20	35
ENSHBUG00000022207	2	30
ENSHBUG00000022208	0	0
ENSHBUG00000022209	0	0
ENSHBUG00000022210	0	0
ENSHBUG00000022211	0	0
ENSHBUG00000022212	0	0
ENSHBUG00000022213	0	0
ENSHBUG00000022214	1	35
ENSHBUG00000022215	1	33
ENSHBUG00000022216	0	0
ENSHBUG00000022217	16	56
ENSHBUG00000022218	0	0
ENSHBUG00000022219	3	40
ENSHBUG00000022220	0	0
ENSHBUG00000022221	0	0
ENSHBUG00000022222	0	0
ENSHBUG00000022223	3	40
ENSHBUG00000022224	3	29
ENSHBUG00000022225	2	45
ENSHBUG00000022226	0	0
ENSHBUG00000022227	1	7
ENSHBUG00000022228	2	17
ENSHBUG00000022229	0	0
ENSHBUG00000022230	2	37
ENSHBUG00000022231	2	9
ENSHBUG00000022232	0	0
ENSHBUG00000022233	2	40
ENSHBUG00000022234	2	12
ENSHBUG00000022235	1	38
ENSHBUG00000022236	1	28
ENSHBUG00000022237	0	0
ENSHBUG00000022238	1	13
ENSHBUG00000022239	0	0
ENSHBUG00000022240	0	0
ENSHBUG00000022241	1	22
ENSHBUG00000022242	0	0
ENSHBUG00000022243	0	0
ENSHBUG00000022244	4	13
ENSHBUG00000022245	0	0
ENSHBUG00000022246	1	46
ENSHBUG00000022247	0	0
ENSHBUG00000022248	0	0
ENSHBUG00000022249	1	15
ENSHBUG00000022250	1	31
ENSHBUG00000022251	0	0
ENSHBUG00000022252	2	26
ENSHBUG00000022253	2	27
ENSHBUG00000022254	3	32
ENSHBUG00000022255	1	41
ENSHBUG00000022256	42	89
ENSHBUG00000022257	2	32
ENSHBUG00000022258	1	30
ENSHBUG00000022259	0	0
ENSHBUG00000022260	7	13
ENSHBUG00000022261	338	374
ENSHBUG00000022262	2	36
ENSHBUG00000022263	7	13
ENSHBUG00000022264	0	0
ENSHBUG00000022265	3018	3057
ENSHBUG00000022266	0	0
ENSHBUG00000022267	0	0
ENSHBUG00000022268	0	0
ENSHBUG00000022269	0	0
ENSHBUG00000022270	11	26
ENSHBUG00000022271	0	0
ENSHBUG00000022272	1	37
ENSHBUG00000022273	0	0
ENSHBUG00000022274	0	0
ENSHBUG00000022275	0	0
ENSHBUG00000022276	0	0
ENSHBUG00000022277	9	36
ENSHBUG00000022278	0	0
ENSHBUG00000022279	0	0
ENSHBUG00000022280	0	0
ENSHBUG00000022281	0	0
ENSHBUG00000022282	0	0
ENSHBUG00000022283	5	47
ENSHBUG00000022284	0	0
ENSHBUG00000022285	1	23
ENSHBUG00000022286	0	0
ENSHBUG00000022287	2	19
ENSHBUG00000022288	4	42
ENSHBUG00000022289	4	9
ENSHBUG00000022290	0	0
ENSHBUG00000022291	0	0
ENSHBUG00000022292	0	0
ENSHBUG00000022293	0	0
ENSHBUG00000022294	0	0
ENSHBUG00000022295	4	13
ENSHBUG00000022296	96	107
ENSHBUG00000022297	0	0
ENSHBUG00000022298	0	0
ENSHBUG00000022299	0	0
ENSHBUG00000022300	170	208
ENSHBUG00000022301	41	59
ENSHBUG00000022302	0	0
ENSHBUG00000022303	16	35
ENSHBUG00000022304	6	25
ENSHBUG00000022305	2	4
ENSHBUG00000022306	1	8
ENSHBUG00000022307	0	0
ENSHBUG00000022308	1	49
ENSHBUG00000022309	0	0
ENSHBUG00000022310	0	0
ENSHBUG00000022311	2	47
ENSHBUG00000022312	0	0
ENSHBUG00000022313	1	44
ENSHBUG00000022314	0	0
ENSHBUG00000022315	1	10
ENSHBUG00000022316	0	0
ENSHBUG00000022317	0	0
ENSHBUG00000022318	2	30
ENSHBUG00000022319	0	0
ENSHBUG00000022320	10	54
ENSHBUG00000022321	0	0
ENSHBUG00000022322	0	0
ENSHBUG00000022323	0	0
ENSHBUG00000022324	0	0
ENSHBUG00000022325	2	46
ENSHBUG00000022326	2	24
ENSHBUG00000022327	0	0
ENSHBUG00000022328	7	22
ENSHBUG00000022329	0	0
ENSHBUG00000022330	0	0
ENSHBUG00000022331	0	0
ENSHBUG00000022332	0	0
ENSHBUG00000022333	0	0
ENSHBUG00000022334	0	0
ENSHBUG00000022335	10	12
ENSHBUG00000022336	0	0
ENSHBUG00000022337	0	0
ENSHBUG00000022338	0	0
ENSHBUG00000022339	0	0
ENSHBUG00000022340	0	0
ENSHBUG00000022341	2	30
ENSHBUG00000022342	0	0
ENSHBUG00000022343	0	0
ENSHBUG00000022344	0	0
ENSHBUG00000022345	0	0
ENSHBUG00000022346	0	0
ENSHBUG00000022347	0	0
ENSHBUG00000022348	0	0
ENSHBUG00000022349	0	0
ENSHBUG00000022350	2	44
ENSHBUG00000022351	2	6
ENSHBUG00000022352	19	60
ENSHBUG00000022353	0	0
ENSHBUG00000022354	581	620
ENSHBUG00000022355	0	0
ENSHBUG00000022356	1	47
ENSHBUG00000022357	0	0
ENSHBUG00000022358	0	0
ENSHBUG00000022359	0	0
ENSHBUG00000022360	0	0
ENSHBUG00000022361	0	0
ENSHBUG00000022362	1	18
ENSHBUG00000022363	10090	10117
ENSHBUG00000022364	7	18
ENSHBUG00000022365	0	0
ENSHBUG00000022366	0	0
ENSHBUG00000022367	0	0
ENSHBUG00000022368	766	774
ENSHBUG00000022369	2	10
ENSHBUG00000022370	5	46
ENSHBUG00000022371	18	60
ENSHBUG00000022372	1	4
ENSHBUG00000022373	0	0
ENSHBUG00000022374	0	0
ENSHBUG00000022375	0	0
ENSHBUG00000022376	0	0
ENSHBUG00000022377	0	0
ENSHBUG00000022378	0	0
ENSHBUG00000022379	1	44
ENSHBUG00000022380	1	13
ENSHBUG00000022381	0	0
ENSHBUG00000022382	0	0
ENSHBUG00000022383	0	0
ENSHBUG00000022384	0	0
ENSHBUG00000022385	32	72
ENSHBUG00000022386	0	0
ENSHBUG00000022387	4	42
ENSHBUG00000022388	0	0
ENSHBUG00000022389	0	0
ENSHBUG00000022390	0	0
ENSHBUG00000022391	1	31
ENSHBUG00000022392	1	42
ENSHBUG00000022393	468	504
ENSHBUG00000022394	0	0
ENSHBUG00000022395	0	0
ENSHBUG00000022396	9	10
ENSHBUG00000022397	2	32
ENSHBUG00000022398	1	48
ENSHBUG00000022399	2	46
ENSHBUG00000022400	0	0
ENSHBUG00000022401	0	0
ENSHBUG00000022402	0	0
ENSHBUG00000022403	0	0
ENSHBUG00000022404	1	12
ENSHBUG00000022405	0	0
ENSHBUG00000022406	0	0
ENSHBUG00000022407	4	36
ENSHBUG00000022408	1	14
ENSHBUG00000022409	1	49
ENSHBUG00000022410	0	0
ENSHBUG00000022411	0	0
ENSHBUG00000022412	5	45
ENSHBUG00000022413	2	39
ENSHBUG00000022414	0	0
ENSHBUG00000022415	0	0
ENSHBUG00000022416	0	0
ENSHBUG00000022417	4	46
ENSHBUG00000022418	0	0
ENSHBUG00000022419	0	0
ENSHBUG00000022420	0	0
ENSHBUG00000022421	1	6
ENSHBUG00000022422	28	63
ENSHBUG00000022423	0	0
ENSHBUG00000022424	8	19
ENSHBUG00000022425	0	0
ENSHBUG00000022426	0	0
ENSHBUG00000022427	0	0
ENSHBUG00000022428	0	0
ENSHBUG00000022429	57	89
ENSHBUG00000022430	0	0
ENSHBUG00000022431	0	0
ENSHBUG00000022432	0	0
ENSHBUG00000022433	0	0
ENSHBUG00000022434	23	63
ENSHBUG00000022435	0	0
ENSHBUG00000022436	1	30
ENSHBUG00000022437	3	16
ENSHBUG00000022438	0	0
ENSHBUG00000022439	0	0
ENSHBUG00000022440	0	0
ENSHBUG00000022441	8	10
ENSHBUG00000022442	0	0
ENSHBUG00000022443	73	84
ENSHBUG00000022444	0	0
ENSHBUG00000022445	2	3
ENSHBUG00000022446	3	4
ENSHBUG00000022447	0	0
ENSHBUG00000022448	1	45
ENSHBUG00000022449	0	0
ENSHBUG00000022450	0	0
ENSHBUG00000022451	0	0
ENSHBUG00000022452	6	17
ENSHBUG00000022453	1	19
ENSHBUG00000022454	0	0
ENSHBUG00000022455	1	14
ENSHBUG00000022456	5	44
ENSHBUG00000022457	0	0
ENSHBUG00000022458	1	12
ENSHBUG00000022459	0	0
ENSHBUG00000022460	0	0
ENSHBUG00000022461	1	37
ENSHBUG00000022462	1	48
ENSHBUG00000022463	0	0
ENSHBUG00000022464	3	10
ENSHBUG00000022465	0	0
ENSHBUG00000022466	2	27
ENSHBUG00000022467	0	0
ENSHBUG00000022468	1532	1548
ENSHBUG00000022469	8	36
ENSHBUG00000022470	0	0
ENSHBUG00000022471	108	149
ENSHBUG00000022472	0	0
ENSHBUG00000022473	0	0
ENSHBUG00000022474	62	76
ENSHBUG00000022475	0	0
ENSHBUG00000022476	3	37
ENSHBUG00000022477	0	0
ENSHBUG00000022478	0	0
ENSHBUG00000022479	2	28
ENSHBUG00000022480	0	0
ENSHBUG00000022481	10	48
ENSHBUG00000022482	11	44
ENSHBUG00000022483	0	0
ENSHBUG00000022484	6	37
ENSHBUG00000022485	0	0
ENSHBUG00000022486	1	17
ENSHBUG00000022487	0	0
ENSHBUG00000022488	7	34
ENSHBUG00000022489	6	27
ENSHBUG00000022490	793	802
ENSHBUG00000022491	0	0
ENSHBUG00000022492	1	33
ENSHBUG00000022493	1	3
ENSHBUG00000022494	3	50
ENSHBUG00000022495	0	0
ENSHBUG00000022496	7	45
ENSHBUG00000022497	30	48
ENSHBUG00000022498	1	43
ENSHBUG00000022499	28	59
ENSHBUG00000022500	231	262
ENSHBUG00000022501	21	49
ENSHBUG00000022502	7	36
ENSHBUG00000022503	0	0
ENSHBUG00000022504	0	0
ENSHBUG00000022505	1	18
ENSHBUG00000022506	0	0
ENSHBUG00000022507	5	18
ENSHBUG00000022508	0	0
ENSHBUG00000022509	0	0
ENSHBUG00000022510	1	7
ENSHBUG00000022511	1	26
ENSHBUG00000022512	0	0
ENSHBUG00000022513	0	0
ENSHBUG00000022514	3	9
ENSHBUG00000022515	0	0
ENSHBUG00000022516	15	19
ENSHBUG00000022517	0	0
ENSHBUG00000022518	0	0
ENSHBUG00000022519	0	0
ENSHBUG00000022520	0	0
ENSHBUG00000022521	0	0
ENSHBUG00000022522	0	0
ENSHBUG00000022523	1	17
ENSHBUG00000022524	1	29
ENSHBUG00000022525	1	37
ENSHBUG00000022526	0	0
ENSHBUG00000022527	0	0
ENSHBUG00000022528	0	0
ENSHBUG00000022529	0	0
ENSHBUG00000022530	3	25
ENSHBUG00000022531	319	363
ENSHBUG00000022532	1	48
ENSHBUG00000022533	1	45
ENSHBUG00000022534	0	0
ENSHBUG00000022535	0	0
ENSHBUG00000022536	6	45
ENSHBUG00000022537	0	0
ENSHBUG00000022538	11	22
ENSHBUG00000022539	0	0
ENSHBUG00000022540	0	0
ENSHBUG00000022541	8	38
ENSHBUG00000022542	0	0
ENSHBUG00000022543	0	0
ENSHBUG00000022544	2	48
ENSHBUG00000022545	0	0
ENSHBUG00000022546	1	45
ENSHBUG00000022547	5	13
ENSHBUG00000022548	2	17
ENSHBUG00000022549	0	0
ENSHBUG00000022550	1	29
ENSHBUG00000022551	0	0
ENSHBUG00000022552	0	0
ENSHBUG00000022553	1	14
ENSHBUG00000022554	0	0
ENSHBUG00000022555	0	0
ENSHBUG00000022556	0	0
ENSHBUG00000022557	1	21
ENSHBUG00000022558	0	0
ENSHBUG00000022559	4	48
ENSHBUG00000022560	0	0
ENSHBUG00000022561	4	19
ENSHBUG00000022562	0	0
ENSHBUG00000022563	0	0
ENSHBUG00000022564	0	0
ENSHBUG00000022565	0	0
ENSHBUG00000022566	3	33
ENSHBUG00000022567	0	0
ENSHBUG00000022568	0	0
ENSHBUG00000022569	0	0
ENSHBUG00000022570	0	0
ENSHBUG00000022571	0	0
ENSHBUG00000022572	300	312
ENSHBUG00000022573	0	0
ENSHBUG00000022574	0	0
ENSHBUG00000022575	3	48
ENSHBUG00000022576	1	12
ENSHBUG00000022577	6	12
ENSHBUG00000022578	0	0
ENSHBUG00000022579	0	0
ENSHBUG00000022580	0	0
ENSHBUG00000022581	0	0
ENSHBUG00000022582	0	0
ENSHBUG00000022583	5	25
ENSHBUG00000022584	51	90
ENSHBUG00000022585	1	26
ENSHBUG00000022586	2	20
ENSHBUG00000022587	0	0
ENSHBUG00000022588	0	0
ENSHBUG00000022589	1	23
ENSHBUG00000022590	0	0
ENSHBUG00000022591	2	29
ENSHBUG00000022592	0	0
ENSHBUG00000022593	0	0
ENSHBUG00000022594	19	45
ENSHBUG00000022595	3	8
ENSHBUG00000022596	0	0
ENSHBUG00000022597	2	22
ENSHBUG00000022598	8	17
ENSHBUG00000022599	0	0
ENSHBUG00000022600	32	44
ENSHBUG00000022601	0	0
ENSHBUG00000022602	0	0
ENSHBUG00000022603	0	0
ENSHBUG00000022604	0	0
ENSHBUG00000022605	0	0
ENSHBUG00000022606	0	0
ENSHBUG00000022607	0	0
ENSHBUG00000022608	3	32
ENSHBUG00000022609	1	10
ENSHBUG00000022610	0	0
ENSHBUG00000022611	1	15
ENSHBUG00000022612	0	0
ENSHBUG00000022613	0	0
ENSHBUG00000022614	0	0
ENSHBUG00000022615	0	0
ENSHBUG00000022616	1	47
ENSHBUG00000022617	0	0
ENSHBUG00000022618	0	0
ENSHBUG00000022619	0	0
ENSHBUG00000022620	2	28
ENSHBUG00000022621	43	66
ENSHBUG00000022622	0	0
ENSHBUG00000022623	0	0
ENSHBUG00000022624	0	0
ENSHBUG00000022625	5	37
ENSHBUG00000022626	0	0
ENSHBUG00000022627	1	14
ENSHBUG00000022628	0	0
ENSHBUG00000022629	35	60
ENSHBUG00000022630	0	0
ENSHBUG00000022631	0	0
ENSHBUG00000022632	1	44
ENSHBUG00000022633	1	18
ENSHBUG00000022634	1	48
ENSHBUG00000022635	1	3
ENSHBUG00000022636	0	0
ENSHBUG00000022637	0	0
ENSHBUG00000022638	0	0
ENSHBUG00000022639	0	0
ENSHBUG00000022640	7	34
ENSHBUG00000022641	2	14
ENSHBUG00000022642	2	31
ENSHBUG00000022643	313	314
ENSHBUG00000022644	0	0
ENSHBUG00000022645	2	19
ENSHBUG00000022646	16	18
ENSHBUG00000022647	0	0
ENSHBUG00000022648	0	0
ENSHBUG00000022649	1600	1634
ENSHBUG00000022650	2	44
ENSHBUG00000022651	3	7
ENSHBUG00000022652	0	0
ENSHBUG00000022653	0	0
ENSHBUG00000022654	0	0
ENSHBUG00000022655	0	0
ENSHBUG00000022656	0	0
ENSHBUG00000022657	0	0
ENSHBUG00000022658	0	0
ENSHBUG00000022659	0	0
ENSHBUG00000022660	0	0
ENSHBUG00000022661	0	0
ENSHBUG00000022662	0	0
ENSHBUG00000022663	0	0
ENSHBUG00000022664	0	0
ENSHBUG00000022665	1	29
ENSHBUG00000022666	0	0
ENSHBUG00000022667	0	0
ENSHBUG00000022668	5	52
ENSHBUG00000022669	0	0
ENSHBUG00000022670	0	0
ENSHBUG00000022671	0	0
ENSHBUG00000022672	11	16
ENSHBUG00000022673	0	0
ENSHBUG00000022674	0	0
ENSHBUG00000022675	0	0
ENSHBUG00000022676	1	15
ENSHBUG00000022677	0	0
ENSHBUG00000022678	1	10
ENSHBUG00000022679	0	0
ENSHBUG00000022680	0	0
ENSHBUG00000022681	0	0
ENSHBUG00000022682	10	58
ENSHBUG00000022683	9	36
ENSHBUG00000022684	1	41
ENSHBUG00000022685	1	25
ENSHBUG00000022686	1	45
ENSHBUG00000022687	0	0
ENSHBUG00000022688	0	0
ENSHBUG00000022689	327	367
ENSHBUG00000022690	1	38
ENSHBUG00000022691	0	0
ENSHBUG00000022692	1	36
ENSHBUG00000022693	0	0
ENSHBUG00000022694	0	0
ENSHBUG00000022695	9	13
ENSHBUG00000022696	1	47
ENSHBUG00000022697	0	0
ENSHBUG00000022698	0	0
ENSHBUG00000022699	253	299
ENSHBUG00000022700	0	0
ENSHBUG00000022701	0	0
ENSHBUG00000022702	0	0
ENSHBUG00000022703	0	0
ENSHBUG00000022704	1	17
ENSHBUG00000022705	0	0
ENSHBUG00000022706	3	48
ENSHBUG00000022707	0	0
ENSHBUG00000022708	0	0
ENSHBUG00000022709	3123	3164
ENSHBUG00000022710	0	0
ENSHBUG00000022711	0	0
ENSHBUG00000022712	1	37
ENSHBUG00000022713	0	0
ENSHBUG00000022714	5632	5667
ENSHBUG00000022715	0	0
ENSHBUG00000022716	612	632
ENSHBUG00000022717	2	50
ENSHBUG00000022718	53	91
ENSHBUG00000022719	0	0
ENSHBUG00000022720	32	37
ENSHBUG00000022721	1	6
ENSHBUG00000022722	1	46
ENSHBUG00000022723	0	0
ENSHBUG00000022724	0	0
ENSHBUG00000022725	0	0
ENSHBUG00000022726	1	18
ENSHBUG00000022727	133	171
ENSHBUG00000022728	2	19
ENSHBUG00000022729	0	0
ENSHBUG00000022730	4	48
ENSHBUG00000022731	43	82
ENSHBUG00000022732	110	135
ENSHBUG00000022733	0	0
ENSHBUG00000022734	0	0
ENSHBUG00000022735	0	0
ENSHBUG00000022736	0	0
ENSHBUG00000022737	1	4
ENSHBUG00000022738	0	0
ENSHBUG00000022739	1	31
ENSHBUG00000022740	0	0
ENSHBUG00000022741	1	35
ENSHBUG00000022742	1	36
ENSHBUG00000022743	30	38
ENSHBUG00000022744	0	0
ENSHBUG00000022745	0	0
ENSHBUG00000022746	0	0
ENSHBUG00000022747	4	5
ENSHBUG00000022748	0	0
ENSHBUG00000022749	3	7
ENSHBUG00000022750	0	0
ENSHBUG00000022751	0	0
ENSHBUG00000022752	0	0
ENSHBUG00000022753	7	36
ENSHBUG00000022754	1	44
ENSHBUG00000022755	0	0
ENSHBUG00000022756	0	0
ENSHBUG00000022757	8	23
ENSHBUG00000022758	0	0
ENSHBUG00000022759	5	39
ENSHBUG00000022760	0	0
ENSHBUG00000022761	0	0
ENSHBUG00000022762	2	12
ENSHBUG00000022763	1	7
ENSHBUG00000022764	0	0
ENSHBUG00000022765	1	12
ENSHBUG00000022766	0	0
ENSHBUG00000022767	2	14
ENSHBUG00000022768	0	0
ENSHBUG00000022769	5	36
ENSHBUG00000022770	0	0
ENSHBUG00000022771	0	0
ENSHBUG00000022772	0	0
ENSHBUG00000022773	0	0
ENSHBUG00000022774	0	0
ENSHBUG00000022775	121	166
ENSHBUG00000022776	0	0
ENSHBUG00000022777	12	25
ENSHBUG00000022778	10	57
ENSHBUG00000022779	1	13
ENSHBUG00000022780	1	24
ENSHBUG00000022781	0	0
ENSHBUG00000022782	0	0
ENSHBUG00000022783	0	0
ENSHBUG00000022784	1	16
ENSHBUG00000022785	1	37
ENSHBUG00000022786	1	35
ENSHBUG00000022787	4	26
ENSHBUG00000022788	0	0
ENSHBUG00000022789	0	0
ENSHBUG00000022790	0	0
ENSHBUG00000022791	0	0
ENSHBUG00000022792	2	9
ENSHBUG00000022793	1	4
ENSHBUG00000022794	0	0
ENSHBUG00000022795	0	0
ENSHBUG00000022796	0	0
ENSHBUG00000022797	2	18
ENSHBUG00000022798	0	0
ENSHBUG00000022799	0	0
ENSHBUG00000022800	0	0
ENSHBUG00000022801	0	0
ENSHBUG00000022802	0	0
ENSHBUG00000022803	0	0
ENSHBUG00000022804	27	71
ENSHBUG00000022805	2	50
ENSHBUG00000022806	1	27
ENSHBUG00000022807	0	0
ENSHBUG00000022808	0	0
ENSHBUG00000022809	521	557
ENSHBUG00000022810	0	0
ENSHBUG00000022811	0	0
ENSHBUG00000022812	0	0
ENSHBUG00000022813	0	0
ENSHBUG00000022814	0	0
ENSHBUG00000022815	3	14
ENSHBUG00000022816	42	74
ENSHBUG00000022817	0	0
ENSHBUG00000022818	0	0
ENSHBUG00000022819	2	19
ENSHBUG00000022820	1	24
ENSHBUG00000022821	0	0
ENSHBUG00000022822	0	0
ENSHBUG00000022823	3	11
ENSHBUG00000022824	39	57
ENSHBUG00000022825	0	0
ENSHBUG00000022826	538	554
ENSHBUG00000022827	0	0
ENSHBUG00000022828	5	10
ENSHBUG00000022829	1	48
ENSHBUG00000022830	0	0
ENSHBUG00000022831	0	0
ENSHBUG00000022832	0	0
ENSHBUG00000022833	0	0
ENSHBUG00000022834	0	0
ENSHBUG00000022835	0	0
ENSHBUG00000022836	18	38
ENSHBUG00000022837	0	0
ENSHBUG00000022838	506	539
ENSHBUG00000022839	0	0
ENSHBUG00000022840	1	41
ENSHBUG00000022841	0	0
ENSHBUG00000022842	2	20
ENSHBUG00000022843	0	0
ENSHBUG00000022844	0	0
ENSHBUG00000022845	0	0
ENSHBUG00000022846	0	0
ENSHBUG00000022847	0	0
ENSHBUG00000022848	0	0
ENSHBUG00000022849	3	17
ENSHBUG00000022850	0	0
ENSHBUG00000022851	3	39
ENSHBUG00000022852	6	28
ENSHBUG00000022853	0	0
ENSHBUG00000022854	0	0
ENSHBUG00000022855	0	0
ENSHBUG00000022856	7	38
ENSHBUG00000022857	0	0
ENSHBUG00000022858	0	0
ENSHBUG00000022859	0	0
ENSHBUG00000022860	1	3
ENSHBUG00000022861	0	0
ENSHBUG00000022862	0	0
ENSHBUG00000022863	0	0
ENSHBUG00000022864	167	200
ENSHBUG00000022865	1	37
ENSHBUG00000022866	0	0
ENSHBUG00000022867	1	34
ENSHBUG00000022868	0	0
ENSHBUG00000022869	1	10
ENSHBUG00000022870	0	0
ENSHBUG00000022871	9	52
ENSHBUG00000022872	0	0
ENSHBUG00000022873	0	0
ENSHBUG00000022874	0	0
ENSHBUG00000022875	1	11
ENSHBUG00000022876	123	170
ENSHBUG00000022877	182	206
ENSHBUG00000022878	1	10
ENSHBUG00000022879	0	0
ENSHBUG00000022880	151	185
ENSHBUG00000022881	0	0
ENSHBUG00000022882	1	12
ENSHBUG00000022883	243	252
ENSHBUG00000022884	0	0
ENSHBUG00000022885	0	0
ENSHBUG00000022886	0	0
ENSHBUG00000022887	0	0
ENSHBUG00000022888	1	41
ENSHBUG00000022889	82	102
ENSHBUG00000022890	11	25
ENSHBUG00000022891	0	0
ENSHBUG00000022892	7	35
ENSHBUG00000022893	0	0
ENSHBUG00000022894	3	39
ENSHBUG00000022895	0	0
ENSHBUG00000022896	0	0
ENSHBUG00000022897	4	8
ENSHBUG00000022898	27	64
ENSHBUG00000022899	0	0
ENSHBUG00000022900	1	32
ENSHBUG00000022901	0	0
ENSHBUG00000022902	0	0
ENSHBUG00000022903	0	0
ENSHBUG00000022904	0	0
ENSHBUG00000022905	0	0
ENSHBUG00000022906	0	0
ENSHBUG00000022907	0	0
ENSHBUG00000022908	0	0
ENSHBUG00000022909	2	26
ENSHBUG00000022910	0	0
ENSHBUG00000022911	0	0
ENSHBUG00000022912	1	3
ENSHBUG00000022913	2	50
ENSHBUG00000022914	0	0
ENSHBUG00000022915	1	10
ENSHBUG00000022916	0	0
ENSHBUG00000022917	67	72
ENSHBUG00000022918	0	0
ENSHBUG00000022919	9	27
ENSHBUG00000022920	0	0
ENSHBUG00000022921	0	0
ENSHBUG00000022922	4	10
ENSHBUG00000022923	0	0
ENSHBUG00000022924	0	0
ENSHBUG00000022925	3	43
ENSHBUG00000022926	0	0
ENSHBUG00000022927	0	0
ENSHBUG00000022928	0	0
ENSHBUG00000022929	0	0
ENSHBUG00000022930	0	0
ENSHBUG00000022931	227	261
ENSHBUG00000022932	8	13
ENSHBUG00000022933	28	40
ENSHBUG00000022934	0	0
ENSHBUG00000022935	0	0
ENSHBUG00000022936	0	0
ENSHBUG00000022937	0	0
ENSHBUG00000022938	5	24
ENSHBUG00000022939	27	66
ENSHBUG00000022940	1	27
ENSHBUG00000022941	5	11
ENSHBUG00000022942	0	0
ENSHBUG00000022943	0	0
ENSHBUG00000022944	1	16
ENSHBUG00000022945	0	0
ENSHBUG00000022946	11	34
ENSHBUG00000022947	0	0
ENSHBUG00000022948	0	0
ENSHBUG00000022949	0	0
ENSHBUG00000022950	2	20
ENSHBUG00000022951	5	45
ENSHBUG00000022952	0	0
ENSHBUG00000022953	0	0
ENSHBUG00000022954	0	0
ENSHBUG00000022955	4	31
ENSHBUG00000022956	3	50
ENSHBUG00000022957	0	0
ENSHBUG00000022958	1007	1041
ENSHBUG00000022959	7432	7475
ENSHBUG00000022960	1	7
ENSHBUG00000022961	135	172
ENSHBUG00000022962	1	35
ENSHBUG00000022963	30	33
ENSHBUG00000022964	0	0
ENSHBUG00000022965	0	0
ENSHBUG00000022966	1	24
ENSHBUG00000022967	1	4
ENSHBUG00000022968	4	43
ENSHBUG00000022969	0	0
ENSHBUG00000022970	3	42
ENSHBUG00000022971	0	0
ENSHBUG00000022972	0	0
ENSHBUG00000022973	74	83
ENSHBUG00000022974	0	0
ENSHBUG00000022975	0	0
ENSHBUG00000022976	13	49
ENSHBUG00000022977	0	0
ENSHBUG00000022978	0	0
ENSHBUG00000022979	0	0
ENSHBUG00000022980	0	0
ENSHBUG00000022981	1	29
ENSHBUG00000022982	0	0
ENSHBUG00000022983	0	0
ENSHBUG00000022984	0	0
ENSHBUG00000022985	13	46
ENSHBUG00000022986	0	0
ENSHBUG00000022987	0	0
ENSHBUG00000022988	0	0
ENSHBUG00000022989	702	728
ENSHBUG00000022990	379	422
ENSHBUG00000022991	11	56
ENSHBUG00000022992	0	0
ENSHBUG00000022993	0	0
ENSHBUG00000022994	2	8
ENSHBUG00000022995	10	54
ENSHBUG00000022996	1	6
ENSHBUG00000022997	16	57
ENSHBUG00000022998	3	38
ENSHBUG00000022999	27	48
ENSHBUG00000023000	1	30
ENSHBUG00000023001	1	21
ENSHBUG00000023002	1	42
ENSHBUG00000023003	0	0
ENSHBUG00000023004	4	24
ENSHBUG00000023005	29	37
ENSHBUG00000023006	0	0
ENSHBUG00000023007	4	23
ENSHBUG00000023008	206	251
ENSHBUG00000023009	0	0
ENSHBUG00000023010	0	0
ENSHBUG00000023011	1	29
ENSHBUG00000023012	6	27
ENSHBUG00000023013	0	0
ENSHBUG00000023014	12	39
ENSHBUG00000023015	0	0
ENSHBUG00000023016	0	0
ENSHBUG00000023017	0	0
ENSHBUG00000023018	12	24
ENSHBUG00000023019	0	0
ENSHBUG00000023020	162	163
ENSHBUG00000023021	7	47
ENSHBUG00000023022	148	158
ENSHBUG00000023023	0	0
ENSHBUG00000023024	0	0
ENSHBUG00000023025	0	0
ENSHBUG00000023026	1	12
ENSHBUG00000023027	2	34
ENSHBUG00000023028	0	0
ENSHBUG00000023029	13	46
ENSHBUG00000023030	11	25
ENSHBUG00000023031	4	40
ENSHBUG00000023032	0	0
ENSHBUG00000023033	4	16
ENSHBUG00000023034	1	14
ENSHBUG00000023035	7	19
ENSHBUG00000023036	1	6
ENSHBUG00000023037	0	0
ENSHBUG00000023038	13	30
ENSHBUG00000023039	0	0
ENSHBUG00000023040	0	0
ENSHBUG00000023041	2	31
ENSHBUG00000023042	0	0
ENSHBUG00000023043	0	0
ENSHBUG00000023044	0	0
ENSHBUG00000023045	0	0
ENSHBUG00000023046	0	0
ENSHBUG00000023047	2	25
ENSHBUG00000023048	0	0
ENSHBUG00000023049	1	49
ENSHBUG00000023050	193	236
ENSHBUG00000023051	0	0
ENSHBUG00000023052	7	46
ENSHBUG00000023053	0	0
ENSHBUG00000023054	1	48
ENSHBUG00000023055	0	0
ENSHBUG00000023056	0	0
ENSHBUG00000023057	0	0
ENSHBUG00000023058	0	0
ENSHBUG00000023059	0	0
ENSHBUG00000023060	0	0
ENSHBUG00000023061	0	0
ENSHBUG00000023062	3	17
ENSHBUG00000023063	0	0
ENSHBUG00000023064	0	0
ENSHBUG00000023065	2	45
ENSHBUG00000023066	0	0
ENSHBUG00000023067	1	37
ENSHBUG00000023068	0	0
ENSHBUG00000023069	0	0
ENSHBUG00000023070	0	0
ENSHBUG00000023071	1	18
ENSHBUG00000023072	24	25
ENSHBUG00000023073	0	0
ENSHBUG00000023074	1	8
ENSHBUG00000023075	1	48
ENSHBUG00000023076	4	13
ENSHBUG00000023077	0	0
ENSHBUG00000023078	0	0
ENSHBUG00000023079	497	520
ENSHBUG00000023080	0	0
ENSHBUG00000023081	97	116
ENSHBUG00000023082	4	9
ENSHBUG00000023083	0	0
ENSHBUG00000023084	0	0
ENSHBUG00000023085	0	0
ENSHBUG00000023086	0	0
ENSHBUG00000023087	1	37
ENSHBUG00000023088	4724	4732
ENSHBUG00000023089	0	0
ENSHBUG00000023090	2	17
ENSHBUG00000023091	0	0
ENSHBUG00000023092	1	34
ENSHBUG00000023093	3	17
ENSHBUG00000023094	0	0
ENSHBUG00000023095	0	0
ENSHBUG00000023096	316	346
ENSHBUG00000023097	2	28
ENSHBUG00000023098	0	0
ENSHBUG00000023099	16	27
ENSHBUG00000023100	42	51
ENSHBUG00000023101	0	0
ENSHBUG00000023102	0	0
ENSHBUG00000023103	0	0
ENSHBUG00000023104	1	39
ENSHBUG00000023105	0	0
ENSHBUG00000023106	0	0
ENSHBUG00000023107	0	0
ENSHBUG00000023108	0	0
ENSHBUG00000023109	0	0
ENSHBUG00000023110	1	12
ENSHBUG00000023111	0	0
ENSHBUG00000023112	5	8
ENSHBUG00000023113	1	16
ENSHBUG00000023114	1	30
ENSHBUG00000023115	12	28
ENSHBUG00000023116	2	11
ENSHBUG00000023117	0	0
ENSHBUG00000023118	0	0
ENSHBUG00000023119	0	0
ENSHBUG00000023120	0	0
ENSHBUG00000023121	0	0
ENSHBUG00000023122	0	0
ENSHBUG00000023123	0	0
ENSHBUG00000023124	1	14
ENSHBUG00000023125	0	0
ENSHBUG00000023126	0	0
ENSHBUG00000023127	5	44
ENSHBUG00000023128	0	0
ENSHBUG00000023129	0	0
ENSHBUG00000023130	0	0
ENSHBUG00000023131	1	27
ENSHBUG00000023132	5	40
ENSHBUG00000023133	0	0
ENSHBUG00000023134	0	0
ENSHBUG00000023135	0	0
ENSHBUG00000023136	3	6
ENSHBUG00000023137	0	0
ENSHBUG00000023138	0	0
ENSHBUG00000023139	0	0
ENSHBUG00000023140	0	0
ENSHBUG00000023141	3	8
ENSHBUG00000023142	1	26
ENSHBUG00000023143	0	0
ENSHBUG00000023144	5	53
ENSHBUG00000023145	0	0
ENSHBUG00000023146	0	0
ENSHBUG00000023147	10	33
ENSHBUG00000023148	144	149
ENSHBUG00000023149	26	39
ENSHBUG00000023150	0	0
ENSHBUG00000023151	0	0
ENSHBUG00000023152	1	46
ENSHBUG00000023153	18	31
ENSHBUG00000023154	0	0
ENSHBUG00000023155	0	0
ENSHBUG00000023156	2	27
ENSHBUG00000023157	0	0
ENSHBUG00000023158	310	320
ENSHBUG00000023159	0	0
ENSHBUG00000023160	1	43
ENSHBUG00000023161	9	47
ENSHBUG00000023162	91	131
ENSHBUG00000023163	19	58
ENSHBUG00000023164	3443	3458
ENSHBUG00000023165	0	0
ENSHBUG00000023166	1	37
ENSHBUG00000023167	0	0
ENSHBUG00000023168	0	0
ENSHBUG00000023169	3	40
ENSHBUG00000023170	4	14
ENSHBUG00000023171	4	45
ENSHBUG00000023172	0	0
ENSHBUG00000023173	0	0
ENSHBUG00000023174	0	0
ENSHBUG00000023175	1	4
ENSHBUG00000023176	0	0
ENSHBUG00000023177	3	14
ENSHBUG00000023178	0	0
ENSHBUG00000023179	119	133
ENSHBUG00000023180	0	0
ENSHBUG00000023181	0	0
ENSHBUG00000023182	1	3
ENSHBUG00000023183	0	0
ENSHBUG00000023184	0	0
ENSHBUG00000023185	0	0
ENSHBUG00000023186	5	30
ENSHBUG00000023187	0	0
ENSHBUG00000023188	3	11
ENSHBUG00000023189	8	51
ENSHBUG00000023190	70	75
ENSHBUG00000023191	0	0
ENSHBUG00000023192	0	0
ENSHBUG00000023193	8	48
ENSHBUG00000023194	0	0
ENSHBUG00000023195	11	19
ENSHBUG00000023196	0	0
ENSHBUG00000023197	0	0
ENSHBUG00000023198	0	0
ENSHBUG00000023199	0	0
ENSHBUG00000023200	0	0
ENSHBUG00000023201	5	7
ENSHBUG00000023202	202	241
ENSHBUG00000023203	33	59
ENSHBUG00000023204	0	0
ENSHBUG00000023205	3	11
ENSHBUG00000023206	0	0
ENSHBUG00000023207	0	0
ENSHBUG00000023208	2	8
ENSHBUG00000023209	0	0
ENSHBUG00000023210	0	0
ENSHBUG00000023211	0	0
ENSHBUG00000023212	0	0
ENSHBUG00000023213	2	30
ENSHBUG00000023214	31	40
ENSHBUG00000023215	12	60
ENSHBUG00000023216	4	24
ENSHBUG00000023217	0	0
ENSHBUG00000023218	0	0
ENSHBUG00000023219	0	0
ENSHBUG00000023220	0	0
ENSHBUG00000023221	8	36
ENSHBUG00000023222	3	31
ENSHBUG00000023223	0	0
ENSHBUG00000023224	16	28
ENSHBUG00000023225	0	0
ENSHBUG00000023226	0	0
ENSHBUG00000023227	26	61
ENSHBUG00000023228	0	0
ENSHBUG00000023229	28	71
ENSHBUG00000023230	0	0
ENSHBUG00000023231	112	137
ENSHBUG00000023232	2	37
ENSHBUG00000023233	1	33
ENSHBUG00000023234	6	25
ENSHBUG00000023235	1	10
ENSHBUG00000023236	0	0
ENSHBUG00000023237	0	0
ENSHBUG00000023238	0	0
ENSHBUG00000023239	0	0
ENSHBUG00000023240	0	0
ENSHBUG00000023241	10	23
ENSHBUG00000023242	3	7
ENSHBUG00000023243	0	0
ENSHBUG00000023244	0	0
ENSHBUG00000023245	0	0
ENSHBUG00000023246	1971	1984
ENSHBUG00000023247	0	0
ENSHBUG00000023248	3	40
ENSHBUG00000023249	132	144
ENSHBUG00000023250	9	46
ENSHBUG00000023251	2	30
ENSHBUG00000023252	0	0
ENSHBUG00000023253	460	478
ENSHBUG00000023254	1	9
ENSHBUG00000023255	2	8
ENSHBUG00000023256	9	21
ENSHBUG00000023257	1	39
ENSHBUG00000023258	3	32
ENSHBUG00000023259	0	0
ENSHBUG00000023260	4	40
ENSHBUG00000023261	1	41
ENSHBUG00000023262	0	0
ENSHBUG00000023263	3	7
ENSHBUG00000023264	1	16
ENSHBUG00000023265	2	12
ENSHBUG00000023266	0	0
ENSHBUG00000023267	3	40
ENSHBUG00000023268	1	33
ENSHBUG00000023269	0	0
ENSHBUG00000023270	0	0
ENSHBUG00000023271	169	189
ENSHBUG00000023272	0	0
ENSHBUG00000023273	3	37
ENSHBUG00000023274	1	39
ENSHBUG00000023275	3581	3599
ENSHBUG00000023276	0	0
ENSHBUG00000023277	3	22
ENSHBUG00000023278	0	0
ENSHBUG00000023279	5	39
ENSHBUG00000023280	0	0
ENSHBUG00000023281	0	0
ENSHBUG00000023282	2	48
ENSHBUG00000023283	120	140
ENSHBUG00000023284	0	0
ENSHBUG00000023285	0	0
ENSHBUG00000023286	1	29
ENSHBUG00000023287	19	56
ENSHBUG00000023288	0	0
ENSHBUG00000023289	1	35
ENSHBUG00000023290	2	46
ENSHBUG00000023291	0	0
ENSHBUG00000023292	0	0
ENSHBUG00000023293	0	0
ENSHBUG00000023294	194	212
ENSHBUG00000023295	0	0
ENSHBUG00000023296	0	0
ENSHBUG00000023297	2	12
ENSHBUG00000023298	1	42
ENSHBUG00000023299	2	12
ENSHBUG00000023300	0	0
ENSHBUG00000023301	0	0
ENSHBUG00000023302	0	0
ENSHBUG00000023303	1	13
ENSHBUG00000023304	1	42
ENSHBUG00000023305	13	53
ENSHBUG00000023306	0	0
ENSHBUG00000023307	0	0
ENSHBUG00000023308	0	0
ENSHBUG00000023309	0	0
ENSHBUG00000023310	4	31
ENSHBUG00000023311	2	50
ENSHBUG00000023312	0	0
ENSHBUG00000023313	557	584
ENSHBUG00000023314	1	43
ENSHBUG00000023315	1	11
ENSHBUG00000023316	0	0
ENSHBUG00000023317	315	329
ENSHBUG00000023318	0	0
ENSHBUG00000023319	3	28
ENSHBUG00000023320	8	13
ENSHBUG00000023321	0	0
ENSHBUG00000023322	1	14
ENSHBUG00000023323	1	8
ENSHBUG00000023324	0	0
ENSHBUG00000023325	23	32
ENSHBUG00000023326	333	345
ENSHBUG00000023327	1	3
ENSHBUG00000023328	0	0
ENSHBUG00000023329	11	35
ENSHBUG00000023330	0	0
ENSHBUG00000023331	4	19
ENSHBUG00000023332	0	0
ENSHBUG00000023333	0	0
ENSHBUG00000023334	1	6
ENSHBUG00000023335	2	47
ENSHBUG00000023336	1	31
ENSHBUG00000023337	1	44
ENSHBUG00000023338	1	18
ENSHBUG00000023339	6	13
ENSHBUG00000023340	0	0
ENSHBUG00000023341	0	0
ENSHBUG00000023342	0	0
ENSHBUG00000023343	0	0
ENSHBUG00000023344	5	23
ENSHBUG00000023345	0	0
ENSHBUG00000023346	0	0
ENSHBUG00000023347	0	0
ENSHBUG00000023348	0	0
ENSHBUG00000023349	1	30
ENSHBUG00000023350	1	16
ENSHBUG00000023351	0	0
ENSHBUG00000023352	53	64
ENSHBUG00000023353	1	18
ENSHBUG00000023354	0	0
ENSHBUG00000023355	2	12
ENSHBUG00000023356	0	0
ENSHBUG00000023357	625	658
ENSHBUG00000023358	2	7
ENSHBUG00000023359	0	0
ENSHBUG00000023360	0	0
ENSHBUG00000023361	0	0
ENSHBUG00000023362	2	6
ENSHBUG00000023363	0	0
ENSHBUG00000023364	35	50
ENSHBUG00000023365	1	14
ENSHBUG00000023366	0	0
ENSHBUG00000023367	178	195
ENSHBUG00000023368	0	0
ENSHBUG00000023369	0	0
ENSHBUG00000023370	0	0
ENSHBUG00000023371	1	20
ENSHBUG00000023372	10	13
ENSHBUG00000023373	0	0
ENSHBUG00000023374	0	0
ENSHBUG00000023375	1	38
ENSHBUG00000023376	868	873
ENSHBUG00000023377	56	74
ENSHBUG00000023378	10	30
ENSHBUG00000023379	0	0
ENSHBUG00000023380	3	49
ENSHBUG00000023381	1	43
ENSHBUG00000023382	0	0
ENSHBUG00000023383	1	3
ENSHBUG00000023384	5	19
ENSHBUG00000023385	81	107
ENSHBUG00000023386	8	13
ENSHBUG00000023387	19	54
ENSHBUG00000023388	0	0
ENSHBUG00000023389	2	17
ENSHBUG00000023390	1	15
ENSHBUG00000023391	0	0
ENSHBUG00000023392	196	200
ENSHBUG00000023393	0	0
ENSHBUG00000023394	692	719
ENSHBUG00000023395	619	665
ENSHBUG00000023396	0	0
ENSHBUG00000023397	0	0
ENSHBUG00000023398	0	0
ENSHBUG00000023399	10563	10594
ENSHBUG00000023400	0	0
ENSHBUG00000023401	0	0
ENSHBUG00000023402	18	35
ENSHBUG00000023403	0	0
ENSHBUG00000023404	0	0
ENSHBUG00000023405	0	0
ENSHBUG00000023406	7	17
ENSHBUG00000023407	0	0
ENSHBUG00000023408	0	0
ENSHBUG00000023409	1	45
ENSHBUG00000023410	0	0
ENSHBUG00000023411	0	0
ENSHBUG00000023412	17	40
ENSHBUG00000023413	0	0
ENSHBUG00000023414	16267	16307
ENSHBUG00000023415	0	0
ENSHBUG00000023416	0	0
ENSHBUG00000023417	5	10
ENSHBUG00000023418	1	48
ENSHBUG00000023419	0	0
ENSHBUG00000023420	7	36
ENSHBUG00000023421	0	0
ENSHBUG00000023422	0	0
ENSHBUG00000023423	0	0
ENSHBUG00000023424	54	71
ENSHBUG00000023425	0	0
ENSHBUG00000023426	0	0
ENSHBUG00000023427	0	0
ENSHBUG00000023428	5	17
ENSHBUG00000023429	6	21
ENSHBUG00000023430	282	303
ENSHBUG00000023431	1	15
ENSHBUG00000023432	0	0
ENSHBUG00000023433	5	30
ENSHBUG00000023434	8	15
ENSHBUG00000023435	1	13
ENSHBUG00000023436	16	30
ENSHBUG00000023437	0	0
ENSHBUG00000023438	0	0
ENSHBUG00000023439	15	49
ENSHBUG00000023440	2	4
ENSHBUG00000023441	272	282
ENSHBUG00000023442	0	0
ENSHBUG00000023443	0	0
ENSHBUG00000023444	0	0
ENSHBUG00000023445	0	0
ENSHBUG00000023446	0	0
ENSHBUG00000023447	56	78
ENSHBUG00000023448	0	0
ENSHBUG00000023449	0	0
ENSHBUG00000023450	0	0
ENSHBUG00000023451	1	2
ENSHBUG00000023452	8	39
ENSHBUG00000023453	0	0
ENSHBUG00000023454	0	0
ENSHBUG00000023455	0	0
ENSHBUG00000023456	0	0
ENSHBUG00000023457	3	37
ENSHBUG00000023458	0	0
ENSHBUG00000023459	1	6
ENSHBUG00000023460	0	0
ENSHBUG00000023461	0	0
ENSHBUG00000023462	0	0
ENSHBUG00000023463	6	37
ENSHBUG00000023464	2	38
ENSHBUG00000023465	0	0
ENSHBUG00000023466	21	22
ENSHBUG00000023467	0	0
ENSHBUG00000023468	0	0
ENSHBUG00000023469	1	13
ENSHBUG00000023470	0	0
ENSHBUG00000023471	1	28
ENSHBUG00000023472	0	0
ENSHBUG00000023473	3	48
ENSHBUG00000023474	19	44
ENSHBUG00000023475	0	0
ENSHBUG00000023476	2	3
ENSHBUG00000023477	3	8
ENSHBUG00000023478	2	25
ENSHBUG00000023479	7	25
ENSHBUG00000023480	10	54
ENSHBUG00000023481	6	15
ENSHBUG00000023482	0	0
ENSHBUG00000023483	12	57
ENSHBUG00000023484	0	0
ENSHBUG00000023485	0	0
ENSHBUG00000023486	0	0
ENSHBUG00000023487	2	20
ENSHBUG00000023488	0	0
ENSHBUG00000023489	0	0
ENSHBUG00000023490	3	45
ENSHBUG00000023491	7	9
ENSHBUG00000023492	22	29
ENSHBUG00000023493	1	43
ENSHBUG00000023494	0	0
ENSHBUG00000023495	0	0
ENSHBUG00000023496	0	0
ENSHBUG00000023497	0	0
ENSHBUG00000023498	14	20
ENSHBUG00000023499	10	22
ENSHBUG00000023500	0	0
ENSHBUG00000023501	0	0
ENSHBUG00000023502	0	0
ENSHBUG00000023503	5127	5128
ENSHBUG00000023504	0	0
ENSHBUG00000023505	1	27
ENSHBUG00000023506	2	32
ENSHBUG00000023507	2	37
ENSHBUG00000023508	0	0
ENSHBUG00000023509	2	16
ENSHBUG00000023510	2	38
ENSHBUG00000023511	2	5
ENSHBUG00000023512	0	0
ENSHBUG00000023513	0	0
ENSHBUG00000023514	4	50
ENSHBUG00000023515	14	53
ENSHBUG00000023516	54	98
ENSHBUG00000023517	1	35
ENSHBUG00000023518	0	0
ENSHBUG00000023519	9	38
ENSHBUG00000023520	6	53
ENSHBUG00000023521	0	0
ENSHBUG00000023522	0	0
ENSHBUG00000023523	1	35
ENSHBUG00000023524	0	0
ENSHBUG00000023525	101	109
ENSHBUG00000023526	1	31
ENSHBUG00000023527	316	320
ENSHBUG00000023528	0	0
ENSHBUG00000023529	0	0
ENSHBUG00000023530	1	46
ENSHBUG00000023531	0	0
ENSHBUG00000023532	0	0
ENSHBUG00000023533	80	90
ENSHBUG00000023534	8	48
ENSHBUG00000023535	2	48
ENSHBUG00000023536	2	26
ENSHBUG00000023537	1	40
ENSHBUG00000023538	0	0
ENSHBUG00000023539	1	5
ENSHBUG00000023540	0	0
ENSHBUG00000023541	12	43
ENSHBUG00000023542	0	0
ENSHBUG00000023543	1	35
ENSHBUG00000023544	0	0
ENSHBUG00000023545	0	0
ENSHBUG00000023546	0	0
ENSHBUG00000023547	2	38
ENSHBUG00000023548	0	0
ENSHBUG00000023549	0	0
ENSHBUG00000023550	464	487
ENSHBUG00000023551	1	41
ENSHBUG00000023552	0	0
ENSHBUG00000023553	3	25
ENSHBUG00000023554	0	0
ENSHBUG00000023555	0	0
ENSHBUG00000023556	0	0
ENSHBUG00000023557	0	0
ENSHBUG00000023558	0	0
ENSHBUG00000023559	0	0
ENSHBUG00000023560	36	83
ENSHBUG00000023561	2	14
ENSHBUG00000023562	0	0
ENSHBUG00000023563	0	0
ENSHBUG00000023564	14	44
ENSHBUG00000023565	1	42
ENSHBUG00000023566	37	47
ENSHBUG00000023567	0	0
ENSHBUG00000023568	0	0
ENSHBUG00000023569	0	0
ENSHBUG00000023570	0	0
ENSHBUG00000023571	0	0
ENSHBUG00000023572	0	0
ENSHBUG00000023573	2	46
ENSHBUG00000023574	0	0
ENSHBUG00000023575	1	47
ENSHBUG00000023576	1	12
ENSHBUG00000023577	27	74
ENSHBUG00000023578	0	0
ENSHBUG00000023579	2	39
ENSHBUG00000023580	0	0
ENSHBUG00000023581	0	0
ENSHBUG00000023582	11	32
ENSHBUG00000023583	0	0
ENSHBUG00000023584	0	0
ENSHBUG00000023585	0	0
ENSHBUG00000023586	0	0
ENSHBUG00000023587	0	0
ENSHBUG00000023588	1	46
ENSHBUG00000023589	0	0
ENSHBUG00000023590	0	0
ENSHBUG00000023591	1	16
ENSHBUG00000023592	0	0
ENSHBUG00000023593	4	22
ENSHBUG00000023594	0	0
ENSHBUG00000023595	1	42
ENSHBUG00000023596	2	19
ENSHBUG00000023597	0	0
ENSHBUG00000023598	1	45
ENSHBUG00000023599	2	36
ENSHBUG00000023600	0	0
ENSHBUG00000023601	0	0
ENSHBUG00000023602	0	0
ENSHBUG00000023603	0	0
ENSHBUG00000023604	7	23
ENSHBUG00000023605	37	82
ENSHBUG00000023606	0	0
ENSHBUG00000023607	0	0
ENSHBUG00000023608	0	0
ENSHBUG00000023609	0	0
ENSHBUG00000023610	0	0
ENSHBUG00000023611	0	0
ENSHBUG00000023612	0	0
ENSHBUG00000023613	0	0
ENSHBUG00000023614	1	21
ENSHBUG00000023615	0	0
ENSHBUG00000023616	0	0
ENSHBUG00000023617	0	0
ENSHBUG00000023618	1	7
ENSHBUG00000023619	1	20
ENSHBUG00000023620	1	28
ENSHBUG00000023621	1	40
ENSHBUG00000023622	1	48
ENSHBUG00000023623	0	0
ENSHBUG00000023624	1	48
ENSHBUG00000023625	5	7
ENSHBUG00000023626	0	0
ENSHBUG00000023627	4	50
ENSHBUG00000023628	8	39
ENSHBUG00000023629	3	37
ENSHBUG00000023630	1	48
ENSHBUG00000023631	0	0
ENSHBUG00000023632	2	21
ENSHBUG00000023633	0	0
ENSHBUG00000023634	10	21
ENSHBUG00000023635	0	0
ENSHBUG00000023636	1	32
ENSHBUG00000023637	4	30
ENSHBUG00000023638	0	0
ENSHBUG00000023639	0	0
ENSHBUG00000023640	0	0
ENSHBUG00000023641	231	278
ENSHBUG00000023642	0	0
ENSHBUG00000023643	0	0
ENSHBUG00000023644	3	23
ENSHBUG00000023645	0	0
ENSHBUG00000023646	2	45
ENSHBUG00000023647	1	48
ENSHBUG00000023648	1	10
ENSHBUG00000023649	0	0
ENSHBUG00000023650	1	44
ENSHBUG00000023651	0	0
ENSHBUG00000023652	0	0
ENSHBUG00000023653	33	65
ENSHBUG00000023654	4	34
ENSHBUG00000023655	0	0
ENSHBUG00000023656	1	41
ENSHBUG00000023657	149	188
ENSHBUG00000023658	9	34
ENSHBUG00000023659	25	48
ENSHBUG00000023660	0	0
ENSHBUG00000023661	0	0
ENSHBUG00000023662	1	2
ENSHBUG00000023663	0	0
ENSHBUG00000023664	0	0
ENSHBUG00000023665	0	0
ENSHBUG00000023666	0	0
ENSHBUG00000023667	0	0
ENSHBUG00000023668	0	0
ENSHBUG00000023669	18	60
ENSHBUG00000023670	2	27
ENSHBUG00000023671	392	406
ENSHBUG00000023672	1	2
ENSHBUG00000023673	0	0
ENSHBUG00000023674	17	45
ENSHBUG00000023675	3	41
ENSHBUG00000023676	0	0
ENSHBUG00000023677	0	0
ENSHBUG00000023678	0	0
ENSHBUG00000023679	3	27
ENSHBUG00000023680	0	0
ENSHBUG00000023681	0	0
ENSHBUG00000023682	0	0
ENSHBUG00000023683	1	4
ENSHBUG00000023684	10	19
ENSHBUG00000023685	1	22
ENSHBUG00000023686	9	29
ENSHBUG00000023687	0	0
ENSHBUG00000023688	0	0
ENSHBUG00000023689	0	0
ENSHBUG00000023690	0	0
ENSHBUG00000023691	0	0
ENSHBUG00000023692	0	0
ENSHBUG00000023693	0	0
ENSHBUG00000023694	4	16
ENSHBUG00000023695	0	0
ENSHBUG00000023696	0	0
ENSHBUG00000023697	0	0
ENSHBUG00000023698	2	12
ENSHBUG00000023699	0	0
ENSHBUG00000023700	1	13
ENSHBUG00000023701	0	0
ENSHBUG00000023702	0	0
ENSHBUG00000023703	0	0
ENSHBUG00000023704	9	19
ENSHBUG00000023705	0	0
ENSHBUG00000023706	1	12
ENSHBUG00000023707	18	59
ENSHBUG00000023708	1523	1555
ENSHBUG00000023709	418	436
ENSHBUG00000023710	0	0
ENSHBUG00000023711	5	32
ENSHBUG00000023712	0	0
ENSHBUG00000023713	1230	1233
ENSHBUG00000023714	0	0
ENSHBUG00000023715	0	0
ENSHBUG00000023716	1	3
ENSHBUG00000023717	17	40
ENSHBUG00000023718	0	0
ENSHBUG00000023719	5	7
ENSHBUG00000023720	0	0
ENSHBUG00000023721	0	0
ENSHBUG00000023722	0	0
ENSHBUG00000023723	5	50
ENSHBUG00000023724	16	48
ENSHBUG00000023725	5	34
ENSHBUG00000023726	0	0
ENSHBUG00000023727	0	0
ENSHBUG00000023728	0	0
ENSHBUG00000023729	0	0
ENSHBUG00000023730	1	41
ENSHBUG00000023731	0	0
ENSHBUG00000023732	0	0
ENSHBUG00000023733	1	40
ENSHBUG00000023734	0	0
ENSHBUG00000023735	2	20
ENSHBUG00000023736	0	0
ENSHBUG00000023737	0	0
ENSHBUG00000023738	905	919
ENSHBUG00000023739	0	0
ENSHBUG00000023740	0	0
ENSHBUG00000023741	1	22
ENSHBUG00000023742	7	9
ENSHBUG00000023743	1	26
ENSHBUG00000023744	73	98
ENSHBUG00000023745	0	0
ENSHBUG00000023746	0	0
ENSHBUG00000023747	0	0
ENSHBUG00000023748	3	31
ENSHBUG00000023749	0	0
ENSHBUG00000023750	926	963
ENSHBUG00000023751	0	0
ENSHBUG00000023752	0	0
ENSHBUG00000023753	10	54
ENSHBUG00000023754	0	0
ENSHBUG00000023755	1	6
ENSHBUG00000023756	0	0
ENSHBUG00000023757	40	62
ENSHBUG00000023758	0	0
ENSHBUG00000023759	17	36
ENSHBUG00000023760	0	0
ENSHBUG00000023761	0	0
ENSHBUG00000023762	0	0
ENSHBUG00000023763	0	0
ENSHBUG00000023764	0	0
ENSHBUG00000023765	0	0
ENSHBUG00000023766	2	5
ENSHBUG00000023767	1	19
ENSHBUG00000023768	0	0
ENSHBUG00000023769	0	0
ENSHBUG00000023770	32	33
ENSHBUG00000023771	1	24
ENSHBUG00000023772	9	23
ENSHBUG00000023773	0	0
ENSHBUG00000023774	0	0
ENSHBUG00000023775	0	0
ENSHBUG00000023776	0	0
ENSHBUG00000023777	3	29
ENSHBUG00000023778	6	10
ENSHBUG00000023779	0	0
ENSHBUG00000023780	0	0
ENSHBUG00000023781	5	52
ENSHBUG00000023782	1	15
ENSHBUG00000023783	0	0
ENSHBUG00000023784	0	0
ENSHBUG00000023785	0	0
ENSHBUG00000023786	54	74
ENSHBUG00000023787	4	40
ENSHBUG00000023788	5	48
ENSHBUG00000023789	4	47
ENSHBUG00000023790	0	0
ENSHBUG00000023791	0	0
ENSHBUG00000023792	0	0
ENSHBUG00000023793	0	0
ENSHBUG00000023794	2	9
ENSHBUG00000023795	0	0
ENSHBUG00000023796	0	0
ENSHBUG00000023797	3	22
ENSHBUG00000023798	1	16
ENSHBUG00000023799	0	0
ENSHBUG00000023800	0	0
ENSHBUG00000023801	30	48
ENSHBUG00000023802	0	0
ENSHBUG00000023803	1	9
ENSHBUG00000023804	0	0
ENSHBUG00000023805	25	50
ENSHBUG00000023806	0	0
ENSHBUG00000023807	2	39
ENSHBUG00000023808	0	0
ENSHBUG00000023809	3	51
ENSHBUG00000023810	0	0
ENSHBUG00000023811	0	0
ENSHBUG00000023812	0	0
ENSHBUG00000023813	5	53
ENSHBUG00000023814	0	0
ENSHBUG00000023815	9	29
ENSHBUG00000023816	2	10
ENSHBUG00000023817	123	161
ENSHBUG00000023818	0	0
ENSHBUG00000023819	0	0
ENSHBUG00000023820	1454	1502
ENSHBUG00000023821	0	0
ENSHBUG00000023822	883	905
ENSHBUG00000023823	0	0
ENSHBUG00000023824	3	11
ENSHBUG00000023825	0	0
ENSHBUG00000023826	51	87
ENSHBUG00000023827	0	0
ENSHBUG00000023828	1	11
ENSHBUG00000023829	0	0
ENSHBUG00000023830	0	0
ENSHBUG00000023831	0	0
ENSHBUG00000023832	0	0
ENSHBUG00000023833	0	0
ENSHBUG00000023834	8	11
ENSHBUG00000023835	1	30
ENSHBUG00000023836	0	0
ENSHBUG00000023837	21	58
ENSHBUG00000023838	0	0
ENSHBUG00000023839	0	0
ENSHBUG00000023840	352	369
ENSHBUG00000023841	1	47
ENSHBUG00000023842	0	0
ENSHBUG00000023843	0	0
ENSHBUG00000023844	0	0
ENSHBUG00000023845	0	0
ENSHBUG00000023846	13	15
ENSHBUG00000023847	24	36
ENSHBUG00000023848	21	54
ENSHBUG00000023849	0	0
ENSHBUG00000023850	18	30
ENSHBUG00000023851	0	0
ENSHBUG00000023852	0	0
ENSHBUG00000023853	0	0
ENSHBUG00000023854	17	26
ENSHBUG00000023855	0	0
ENSHBUG00000023856	0	0
ENSHBUG00000023857	0	0
ENSHBUG00000023858	0	0
ENSHBUG00000023859	0	0
ENSHBUG00000023860	0	0
ENSHBUG00000023861	0	0
ENSHBUG00000023862	0	0
ENSHBUG00000023863	0	0
ENSHBUG00000023864	0	0
ENSHBUG00000023865	0	0
ENSHBUG00000023866	1	9
ENSHBUG00000023867	21	62
ENSHBUG00000023868	3	34
ENSHBUG00000023869	8	24
ENSHBUG00000023870	0	0
ENSHBUG00000023871	0	0
ENSHBUG00000023872	0	0
ENSHBUG00000023873	0	0
ENSHBUG00000023874	0	0
ENSHBUG00000023875	2	7
ENSHBUG00000023876	0	0
ENSHBUG00000023877	0	0
ENSHBUG00000023878	0	0
ENSHBUG00000023879	0	0
ENSHBUG00000023880	0	0
ENSHBUG00000023881	0	0
ENSHBUG00000023882	0	0
ENSHBUG00000023883	0	0
ENSHBUG00000023884	0	0
