Gene	Mz_1_Eye	Mz_2_Eye
ENSMZEG00005000002	0	0
ENSMZEG00005000003	41	46
ENSMZEG00005000004	0	0
ENSMZEG00005000005	177	240
ENSMZEG00005000006	0	0
ENSMZEG00005000007	390	482
ENSMZEG00005000008	1	1
ENSMZEG00005000009	688	1003
ENSMZEG00005000010	0	0
ENSMZEG00005000011	369	513
ENSMZEG00005000012	0	2
ENSMZEG00005000013	8	1
ENSMZEG00005000014	0	1
ENSMZEG00005000015	2	1
ENSMZEG00005000016	547	1068
ENSMZEG00005000017	3971	2165
ENSMZEG00005000018	114889	126516
ENSMZEG00005000019	0	0
ENSMZEG00005000020	555	283
ENSMZEG00005000021	0	0
ENSMZEG00005000022	3	3
ENSMZEG00005000023	541	508
ENSMZEG00005000024	451	333
ENSMZEG00005000025	0	0
ENSMZEG00005000026	43	62
ENSMZEG00005000027	0	0
ENSMZEG00005000028	32	40
ENSMZEG00005000029	409	454
ENSMZEG00005000030	0	0
ENSMZEG00005000031	0	0
ENSMZEG00005000032	0	0
ENSMZEG00005000033	2877	14722
ENSMZEG00005000034	38496	66034
ENSMZEG00005000035	24	31
ENSMZEG00005000036	512	468
ENSMZEG00005000037	0	1
ENSMZEG00005000038	612	372
ENSMZEG00005000039	6	0
ENSMZEG00005000040	9	2
ENSMZEG00005000041	0	0
ENSMZEG00005000042	0	0
ENSMZEG00005000043	0	0
ENSMZEG00005000044	0	0
ENSMZEG00005000045	0	1
ENSMZEG00005000046	1	0
ENSMZEG00005000047	0	0
ENSMZEG00005000048	0	0
ENSMZEG00005000049	0	1
ENSMZEG00005000050	0	0
ENSMZEG00005000051	0	0
ENSMZEG00005000052	0	0
ENSMZEG00005000053	0	0
ENSMZEG00005000054	0	0
ENSMZEG00005000055	3	1
ENSMZEG00005000056	0	0
ENSMZEG00005000057	0	0
ENSMZEG00005000058	0	2
ENSMZEG00005000059	4	0
ENSMZEG00005000060	0	0
ENSMZEG00005000061	0	0
ENSMZEG00005000062	0	0
ENSMZEG00005000063	1	0
ENSMZEG00005000064	0	0
ENSMZEG00005000065	0	0
ENSMZEG00005000066	0	0
ENSMZEG00005000067	0	0
ENSMZEG00005000068	0	0
ENSMZEG00005000069	175	101
ENSMZEG00005000070	0	0
ENSMZEG00005000071	0	0
ENSMZEG00005000072	21	1
ENSMZEG00005000073	2	0
ENSMZEG00005000074	25	3
ENSMZEG00005000075	0	0
ENSMZEG00005000076	784	959
ENSMZEG00005000077	0	1
ENSMZEG00005000078	0	0
ENSMZEG00005000079	0	0
ENSMZEG00005000080	0	0
ENSMZEG00005000081	1	0
ENSMZEG00005000082	0	0
ENSMZEG00005000083	0	2
ENSMZEG00005000084	0	0
ENSMZEG00005000085	493	275
ENSMZEG00005000086	2	2
ENSMZEG00005000087	0	0
ENSMZEG00005000088	10	1
ENSMZEG00005000089	5	13
ENSMZEG00005000090	0	0
ENSMZEG00005000091	2	1
ENSMZEG00005000092	0	0
ENSMZEG00005000093	0	1
ENSMZEG00005000094	0	0
ENSMZEG00005000095	0	0
ENSMZEG00005000096	0	0
ENSMZEG00005000097	15	9
ENSMZEG00005000098	0	0
ENSMZEG00005000099	214	303
ENSMZEG00005000100	0	0
ENSMZEG00005000101	5	4
ENSMZEG00005000102	1	0
ENSMZEG00005000103	0	0
ENSMZEG00005000104	6	0
ENSMZEG00005000105	0	0
ENSMZEG00005000106	0	6
ENSMZEG00005000107	0	0
ENSMZEG00005000108	0	1
ENSMZEG00005000109	0	0
ENSMZEG00005000110	0	0
ENSMZEG00005000111	6	1
ENSMZEG00005000112	2	0
ENSMZEG00005000113	2	0
ENSMZEG00005000114	2	0
ENSMZEG00005000115	127	117
ENSMZEG00005000116	0	0
ENSMZEG00005000117	0	0
ENSMZEG00005000118	0	0
ENSMZEG00005000119	4	2
ENSMZEG00005000120	0	0
ENSMZEG00005000121	1	2
ENSMZEG00005000122	0	0
ENSMZEG00005000123	4	0
ENSMZEG00005000124	0	0
ENSMZEG00005000125	0	0
ENSMZEG00005000126	0	0
ENSMZEG00005000127	0	0
ENSMZEG00005000128	0	0
ENSMZEG00005000129	1	3
ENSMZEG00005000130	7	1
ENSMZEG00005000131	0	0
ENSMZEG00005000132	0	0
ENSMZEG00005000133	2247	10795
ENSMZEG00005000134	0	0
ENSMZEG00005000135	0	0
ENSMZEG00005000136	0	0
ENSMZEG00005000137	0	0
ENSMZEG00005000138	12	3
ENSMZEG00005000139	0	0
ENSMZEG00005000140	0	0
ENSMZEG00005000141	0	0
ENSMZEG00005000142	0	0
ENSMZEG00005000143	0	0
ENSMZEG00005000144	0	0
ENSMZEG00005000145	59	5
ENSMZEG00005000146	0	0
ENSMZEG00005000147	2	2
ENSMZEG00005000148	7	2
ENSMZEG00005000149	10	68
ENSMZEG00005000150	0	0
ENSMZEG00005000151	0	0
ENSMZEG00005000152	14	0
ENSMZEG00005000153	16	3
ENSMZEG00005000154	0	2
ENSMZEG00005000155	0	4
ENSMZEG00005000156	8	3
ENSMZEG00005000157	4	2
ENSMZEG00005000158	0	0
ENSMZEG00005000159	3	5
ENSMZEG00005000160	0	0
ENSMZEG00005000161	0	0
ENSMZEG00005000162	0	0
ENSMZEG00005000163	3	0
ENSMZEG00005000164	0	2
ENSMZEG00005000165	0	0
ENSMZEG00005000166	3	0
ENSMZEG00005000167	27	3
ENSMZEG00005000168	3	8
ENSMZEG00005000169	10	8
ENSMZEG00005000170	2	2
ENSMZEG00005000171	0	0
ENSMZEG00005000172	0	0
ENSMZEG00005000173	3930	1774
ENSMZEG00005000174	1445	1588
ENSMZEG00005000175	2	1
ENSMZEG00005000176	2	0
ENSMZEG00005000177	0	0
ENSMZEG00005000178	0	0
ENSMZEG00005000179	0	5
ENSMZEG00005000180	1	0
ENSMZEG00005000181	1917	1852
ENSMZEG00005000182	1	7
ENSMZEG00005000183	0	0
ENSMZEG00005000184	0	0
ENSMZEG00005000185	0	0
ENSMZEG00005000186	27	16
ENSMZEG00005000187	0	8
ENSMZEG00005000188	2	1
ENSMZEG00005000189	8	7
ENSMZEG00005000190	4	0
ENSMZEG00005000191	0	0
ENSMZEG00005000192	2148	491
ENSMZEG00005000193	1	0
ENSMZEG00005000194	0	1
ENSMZEG00005000195	28	20
ENSMZEG00005000196	0	0
ENSMZEG00005000197	36	48
ENSMZEG00005000198	8	0
ENSMZEG00005000199	0	0
ENSMZEG00005000200	1585	2892
ENSMZEG00005000201	0	0
ENSMZEG00005000202	0	0
ENSMZEG00005000203	0	11
ENSMZEG00005000204	0	0
ENSMZEG00005000205	195	49
ENSMZEG00005000206	0	0
ENSMZEG00005000207	9	8
ENSMZEG00005000208	3	0
ENSMZEG00005000209	0	0
ENSMZEG00005000210	0	0
ENSMZEG00005000211	0	0
ENSMZEG00005000212	2	5
ENSMZEG00005000213	5	0
ENSMZEG00005000214	5	5
ENSMZEG00005000215	6	9
ENSMZEG00005000216	2	0
ENSMZEG00005000217	0	0
ENSMZEG00005000218	0	0
ENSMZEG00005000219	384	555
ENSMZEG00005000220	0	1
ENSMZEG00005000221	0	0
ENSMZEG00005000222	7	12
ENSMZEG00005000223	0	0
ENSMZEG00005000224	1	1
ENSMZEG00005000225	0	0
ENSMZEG00005000226	6	11
ENSMZEG00005000227	27	17
ENSMZEG00005000228	0	0
ENSMZEG00005000229	0	0
ENSMZEG00005000230	0	0
ENSMZEG00005000231	0	2
ENSMZEG00005000232	88	59
ENSMZEG00005000233	0	1
ENSMZEG00005000234	7	5
ENSMZEG00005000235	7	1
ENSMZEG00005000236	125	15
ENSMZEG00005000237	7	26
ENSMZEG00005000238	1	0
ENSMZEG00005000239	0	0
ENSMZEG00005000240	0	0
ENSMZEG00005000241	0	0
ENSMZEG00005000242	0	0
ENSMZEG00005000243	0	0
ENSMZEG00005000244	0	0
ENSMZEG00005000245	1	0
ENSMZEG00005000246	0	0
ENSMZEG00005000247	0	0
ENSMZEG00005000248	0	0
ENSMZEG00005000249	0	0
ENSMZEG00005000250	0	0
ENSMZEG00005000251	0	0
ENSMZEG00005000252	0	0
ENSMZEG00005000253	0	0
ENSMZEG00005000254	0	1
ENSMZEG00005000255	4	1
ENSMZEG00005000256	0	0
ENSMZEG00005000257	1	16
ENSMZEG00005000258	0	0
ENSMZEG00005000259	1	1
ENSMZEG00005000260	0	0
ENSMZEG00005000261	165	143
ENSMZEG00005000262	0	0
ENSMZEG00005000263	4	35
ENSMZEG00005000264	0	0
ENSMZEG00005000265	946	149
ENSMZEG00005000266	0	0
ENSMZEG00005000267	1	2
ENSMZEG00005000268	0	3
ENSMZEG00005000269	1	2
ENSMZEG00005000270	1	0
ENSMZEG00005000271	43	8
ENSMZEG00005000272	0	0
ENSMZEG00005000273	1	3
ENSMZEG00005000274	5	1
ENSMZEG00005000275	0	0
ENSMZEG00005000276	2	4
ENSMZEG00005000277	0	0
ENSMZEG00005000278	0	0
ENSMZEG00005000279	0	0
ENSMZEG00005000280	4	4
ENSMZEG00005000281	0	3
ENSMZEG00005000282	0	0
ENSMZEG00005000283	3	1
ENSMZEG00005000284	11	42
ENSMZEG00005000285	0	0
ENSMZEG00005000286	0	0
ENSMZEG00005000287	303	1951
ENSMZEG00005000288	0	0
ENSMZEG00005000289	1	0
ENSMZEG00005000290	4	1
ENSMZEG00005000291	0	0
ENSMZEG00005000292	0	2
ENSMZEG00005000293	4	5
ENSMZEG00005000294	0	0
ENSMZEG00005000295	2	2
ENSMZEG00005000296	0	0
ENSMZEG00005000297	0	1
ENSMZEG00005000298	1	1
ENSMZEG00005000299	9	7
ENSMZEG00005000300	0	0
ENSMZEG00005000301	0	0
ENSMZEG00005000302	0	3
ENSMZEG00005000303	5	6
ENSMZEG00005000304	0	0
ENSMZEG00005000305	0	0
ENSMZEG00005000306	0	0
ENSMZEG00005000307	0	0
ENSMZEG00005000308	1	1
ENSMZEG00005000309	1005	1667
ENSMZEG00005000310	2	5
ENSMZEG00005000311	0	0
ENSMZEG00005000312	0	0
ENSMZEG00005000313	0	0
ENSMZEG00005000314	5	0
ENSMZEG00005000315	1	0
ENSMZEG00005000316	0	0
ENSMZEG00005000317	2	3
ENSMZEG00005000318	0	0
ENSMZEG00005000319	0	0
ENSMZEG00005000320	23	34
ENSMZEG00005000321	1	0
ENSMZEG00005000322	0	0
ENSMZEG00005000323	206	212
ENSMZEG00005000324	6	1
ENSMZEG00005000325	0	0
ENSMZEG00005000326	0	0
ENSMZEG00005000327	0	0
ENSMZEG00005000328	1308	481
ENSMZEG00005000329	12	7
ENSMZEG00005000330	0	0
ENSMZEG00005000331	6	2
ENSMZEG00005000332	2	0
ENSMZEG00005000333	0	0
ENSMZEG00005000334	0	0
ENSMZEG00005000335	14	9
ENSMZEG00005000336	0	0
ENSMZEG00005000337	0	0
ENSMZEG00005000338	0	0
ENSMZEG00005000339	5	53
ENSMZEG00005000340	10	65
ENSMZEG00005000341	9	2
ENSMZEG00005000342	0	2
ENSMZEG00005000343	0	0
ENSMZEG00005000344	0	3
ENSMZEG00005000345	0	0
ENSMZEG00005000346	0	0
ENSMZEG00005000347	0	1
ENSMZEG00005000348	0	0
ENSMZEG00005000349	0	0
ENSMZEG00005000350	0	0
ENSMZEG00005000351	0	0
ENSMZEG00005000352	3	12
ENSMZEG00005000353	0	0
ENSMZEG00005000354	1	2
ENSMZEG00005000355	10	9
ENSMZEG00005000356	0	2
ENSMZEG00005000357	0	2
ENSMZEG00005000358	7	0
ENSMZEG00005000359	2	7
ENSMZEG00005000360	7	4
ENSMZEG00005000361	7	6
ENSMZEG00005000362	3	12
ENSMZEG00005000363	0	0
ENSMZEG00005000364	0	0
ENSMZEG00005000365	0	0
ENSMZEG00005000366	0	0
ENSMZEG00005000367	0	0
ENSMZEG00005000368	0	0
ENSMZEG00005000369	4	4
ENSMZEG00005000370	0	11
ENSMZEG00005000371	0	0
ENSMZEG00005000372	0	0
ENSMZEG00005000373	3	4
ENSMZEG00005000374	3	1
ENSMZEG00005000375	6	7
ENSMZEG00005000376	2	1
ENSMZEG00005000377	0	3
ENSMZEG00005000378	77	130
ENSMZEG00005000379	12	4
ENSMZEG00005000380	75	24
ENSMZEG00005000381	3	2
ENSMZEG00005000382	0	1
ENSMZEG00005000383	4	5
ENSMZEG00005000384	1	1
ENSMZEG00005000385	9	2
ENSMZEG00005000386	0	0
ENSMZEG00005000387	0	0
ENSMZEG00005000388	8	5
ENSMZEG00005000389	25	9
ENSMZEG00005000390	0	0
ENSMZEG00005000391	0	0
ENSMZEG00005000392	2	0
ENSMZEG00005000393	3	0
ENSMZEG00005000394	0	0
ENSMZEG00005000395	6	4
ENSMZEG00005000396	1	0
ENSMZEG00005000397	0	0
ENSMZEG00005000398	0	0
ENSMZEG00005000399	39	2
ENSMZEG00005000400	592	871
ENSMZEG00005000401	0	3
ENSMZEG00005000402	3	8
ENSMZEG00005000403	0	0
ENSMZEG00005000404	2	4
ENSMZEG00005000405	9	5
ENSMZEG00005000406	0	1
ENSMZEG00005000407	0	0
ENSMZEG00005000408	1	3
ENSMZEG00005000409	62	11
ENSMZEG00005000410	0	0
ENSMZEG00005000411	11	2
ENSMZEG00005000412	0	0
ENSMZEG00005000413	1427	1178
ENSMZEG00005000414	28	40
ENSMZEG00005000415	0	0
ENSMZEG00005000416	1	1
ENSMZEG00005000417	1046	247
ENSMZEG00005000418	1	0
ENSMZEG00005000419	0	0
ENSMZEG00005000420	0	0
ENSMZEG00005000421	0	0
ENSMZEG00005000422	0	0
ENSMZEG00005000423	3	6
ENSMZEG00005000424	2	18
ENSMZEG00005000425	0	0
ENSMZEG00005000426	0	2
ENSMZEG00005000427	566	116
ENSMZEG00005000428	26	2
ENSMZEG00005000429	9	0
ENSMZEG00005000430	0	0
ENSMZEG00005000431	0	0
ENSMZEG00005000432	40	63
ENSMZEG00005000433	0	0
ENSMZEG00005000434	0	0
ENSMZEG00005000435	0	0
ENSMZEG00005000436	0	0
ENSMZEG00005000437	2	0
ENSMZEG00005000438	7	23
ENSMZEG00005000439	0	0
ENSMZEG00005000440	31	40
ENSMZEG00005000441	7	4
ENSMZEG00005000442	0	0
ENSMZEG00005000443	0	0
ENSMZEG00005000444	0	0
ENSMZEG00005000445	0	0
ENSMZEG00005000446	2	1
ENSMZEG00005000447	0	0
ENSMZEG00005000448	4	49
ENSMZEG00005000449	1	2
ENSMZEG00005000450	2	0
ENSMZEG00005000451	0	0
ENSMZEG00005000452	1	0
ENSMZEG00005000453	0	2
ENSMZEG00005000454	3	203
ENSMZEG00005000455	6	17
ENSMZEG00005000456	0	0
ENSMZEG00005000457	0	0
ENSMZEG00005000458	0	2
ENSMZEG00005000459	19	4
ENSMZEG00005000460	0	0
ENSMZEG00005000461	1	1
ENSMZEG00005000462	0	0
ENSMZEG00005000463	0	0
ENSMZEG00005000464	0	0
ENSMZEG00005000465	0	0
ENSMZEG00005000466	0	0
ENSMZEG00005000467	126	107
ENSMZEG00005000468	0	0
ENSMZEG00005000469	0	0
ENSMZEG00005000470	15	11
ENSMZEG00005000471	0	0
ENSMZEG00005000472	0	0
ENSMZEG00005000473	0	0
ENSMZEG00005000474	0	0
ENSMZEG00005000475	2	6
ENSMZEG00005000476	2	5
ENSMZEG00005000477	0	0
ENSMZEG00005000478	237	42
ENSMZEG00005000479	0	0
ENSMZEG00005000480	141	25
ENSMZEG00005000481	0	0
ENSMZEG00005000482	0	0
ENSMZEG00005000483	297	390
ENSMZEG00005000484	2	1
ENSMZEG00005000485	1	4
ENSMZEG00005000486	0	0
ENSMZEG00005000487	0	1
ENSMZEG00005000488	0	0
ENSMZEG00005000489	0	0
ENSMZEG00005000490	7	2
ENSMZEG00005000491	0	0
ENSMZEG00005000492	4	17
ENSMZEG00005000493	3491	1221
ENSMZEG00005000494	0	0
ENSMZEG00005000495	1	1
ENSMZEG00005000496	0	0
ENSMZEG00005000497	0	1
ENSMZEG00005000498	5	1
ENSMZEG00005000499	0	0
ENSMZEG00005000500	0	0
ENSMZEG00005000501	0	0
ENSMZEG00005000502	1	2
ENSMZEG00005000503	0	0
ENSMZEG00005000504	13	1
ENSMZEG00005000505	22	110
ENSMZEG00005000506	0	1
ENSMZEG00005000507	0	0
ENSMZEG00005000508	0	1
ENSMZEG00005000509	0	0
ENSMZEG00005000510	0	0
ENSMZEG00005000511	2	7
ENSMZEG00005000512	8	26
ENSMZEG00005000513	2	0
ENSMZEG00005000514	0	0
ENSMZEG00005000515	6	13
ENSMZEG00005000516	1	0
ENSMZEG00005000517	15	0
ENSMZEG00005000518	1	5
ENSMZEG00005000519	22	21
ENSMZEG00005000520	1	9
ENSMZEG00005000521	0	0
ENSMZEG00005000522	1	0
ENSMZEG00005000523	0	0
ENSMZEG00005000524	3	8
ENSMZEG00005000525	0	1
ENSMZEG00005000526	0	0
ENSMZEG00005000527	0	0
ENSMZEG00005000528	221	472
ENSMZEG00005000529	5	1
ENSMZEG00005000530	0	2
ENSMZEG00005000531	2	8
ENSMZEG00005000532	0	0
ENSMZEG00005000533	0	0
ENSMZEG00005000534	0	0
ENSMZEG00005000535	21	7
ENSMZEG00005000536	0	0
ENSMZEG00005000537	0	0
ENSMZEG00005000538	1	1
ENSMZEG00005000539	0	1
ENSMZEG00005000540	0	11
ENSMZEG00005000541	0	0
ENSMZEG00005000542	0	0
ENSMZEG00005000543	0	0
ENSMZEG00005000544	1	0
ENSMZEG00005000545	0	1
ENSMZEG00005000546	0	0
ENSMZEG00005000547	0	10
ENSMZEG00005000548	0	0
ENSMZEG00005000549	0	1
ENSMZEG00005000550	230	167
ENSMZEG00005000551	0	0
ENSMZEG00005000552	0	0
ENSMZEG00005000553	0	0
ENSMZEG00005000554	1	8
ENSMZEG00005000555	0	0
ENSMZEG00005000556	0	0
ENSMZEG00005000557	1	0
ENSMZEG00005000558	0	0
ENSMZEG00005000559	38	25
ENSMZEG00005000560	5	4
ENSMZEG00005000561	2	1
ENSMZEG00005000562	0	0
ENSMZEG00005000563	0	0
ENSMZEG00005000564	0	2
ENSMZEG00005000565	0	0
ENSMZEG00005000566	0	0
ENSMZEG00005000567	0	0
ENSMZEG00005000568	0	0
ENSMZEG00005000569	1	0
ENSMZEG00005000570	0	0
ENSMZEG00005000571	0	0
ENSMZEG00005000572	27	32
ENSMZEG00005000573	0	0
ENSMZEG00005000574	0	0
ENSMZEG00005000575	0	0
ENSMZEG00005000576	2	2
ENSMZEG00005000577	0	0
ENSMZEG00005000578	0	2
ENSMZEG00005000579	0	0
ENSMZEG00005000580	0	0
ENSMZEG00005000581	2	0
ENSMZEG00005000582	0	0
ENSMZEG00005000583	17	2
ENSMZEG00005000584	0	0
ENSMZEG00005000585	8	2
ENSMZEG00005000586	0	2
ENSMZEG00005000587	0	0
ENSMZEG00005000588	5	4
ENSMZEG00005000589	0	0
ENSMZEG00005000590	0	0
ENSMZEG00005000591	0	0
ENSMZEG00005000592	0	0
ENSMZEG00005000593	31	18
ENSMZEG00005000594	0	1
ENSMZEG00005000595	2	0
ENSMZEG00005000596	0	0
ENSMZEG00005000597	0	0
ENSMZEG00005000598	0	0
ENSMZEG00005000599	1	0
ENSMZEG00005000600	4	22
ENSMZEG00005000601	0	1
ENSMZEG00005000602	2	1
ENSMZEG00005000603	1	0
ENSMZEG00005000604	0	1
ENSMZEG00005000605	6	2
ENSMZEG00005000606	1	2
ENSMZEG00005000607	0	1
ENSMZEG00005000608	0	0
ENSMZEG00005000609	0	0
ENSMZEG00005000610	0	0
ENSMZEG00005000611	7	2
ENSMZEG00005000612	0	0
ENSMZEG00005000613	2	0
ENSMZEG00005000614	0	1
ENSMZEG00005000615	0	1
ENSMZEG00005000616	0	0
ENSMZEG00005000617	300	129
ENSMZEG00005000618	0	0
ENSMZEG00005000619	1	0
ENSMZEG00005000620	28	319
ENSMZEG00005000621	3	1
ENSMZEG00005000622	0	0
ENSMZEG00005000623	1	3
ENSMZEG00005000624	0	1
ENSMZEG00005000625	0	0
ENSMZEG00005000626	0	0
ENSMZEG00005000627	44	15
ENSMZEG00005000628	0	0
ENSMZEG00005000629	1	1
ENSMZEG00005000630	4	0
ENSMZEG00005000631	1	2
ENSMZEG00005000632	7	7
ENSMZEG00005000633	0	0
ENSMZEG00005000634	25	107
ENSMZEG00005000635	799	1262
ENSMZEG00005000636	0	0
ENSMZEG00005000637	4	6
ENSMZEG00005000638	972	365
ENSMZEG00005000639	0	0
ENSMZEG00005000640	0	0
ENSMZEG00005000641	0	0
ENSMZEG00005000642	0	0
ENSMZEG00005000643	352	586
ENSMZEG00005000644	0	0
ENSMZEG00005000645	196	656
ENSMZEG00005000646	0	0
ENSMZEG00005000647	0	0
ENSMZEG00005000648	0	1
ENSMZEG00005000649	0	6
ENSMZEG00005000650	0	0
ENSMZEG00005000651	5	0
ENSMZEG00005000652	0	7
ENSMZEG00005000653	8	14
ENSMZEG00005000654	18	1
ENSMZEG00005000655	0	1
ENSMZEG00005000656	3	1
ENSMZEG00005000657	2	1
ENSMZEG00005000658	0	0
ENSMZEG00005000659	0	0
ENSMZEG00005000660	0	1
ENSMZEG00005000661	75	94
ENSMZEG00005000662	3	7
ENSMZEG00005000663	7	4
ENSMZEG00005000664	0	0
ENSMZEG00005000665	2	2
ENSMZEG00005000666	0	4
ENSMZEG00005000667	58	70
ENSMZEG00005000668	69	92
ENSMZEG00005000669	0	0
ENSMZEG00005000670	6	12
ENSMZEG00005000671	1	1
ENSMZEG00005000672	3	2
ENSMZEG00005000673	0	0
ENSMZEG00005000674	11	94
ENSMZEG00005000675	0	0
ENSMZEG00005000676	5	2
ENSMZEG00005000677	3	1
ENSMZEG00005000678	0	5
ENSMZEG00005000679	21	29
ENSMZEG00005000680	0	0
ENSMZEG00005000681	1	0
ENSMZEG00005000682	6	1
ENSMZEG00005000683	0	0
ENSMZEG00005000684	0	0
ENSMZEG00005000685	3	0
ENSMZEG00005000686	0	0
ENSMZEG00005000687	1	2
ENSMZEG00005000688	778	852
ENSMZEG00005000689	1	2
ENSMZEG00005000690	582	829
ENSMZEG00005000691	0	0
ENSMZEG00005000692	0	0
ENSMZEG00005000693	0	0
ENSMZEG00005000694	0	1
ENSMZEG00005000695	88	24
ENSMZEG00005000696	1	0
ENSMZEG00005000697	0	0
ENSMZEG00005000698	34	3
ENSMZEG00005000699	1	0
ENSMZEG00005000700	0	0
ENSMZEG00005000701	0	0
ENSMZEG00005000702	3	0
ENSMZEG00005000703	0	0
ENSMZEG00005000704	4	34
ENSMZEG00005000705	0	0
ENSMZEG00005000706	0	0
ENSMZEG00005000707	0	0
ENSMZEG00005000708	0	0
ENSMZEG00005000709	0	0
ENSMZEG00005000710	1	0
ENSMZEG00005000711	7	10
ENSMZEG00005000712	0	0
ENSMZEG00005000713	0	5
ENSMZEG00005000714	0	0
ENSMZEG00005000715	5	4
ENSMZEG00005000716	8	2
ENSMZEG00005000717	0	0
ENSMZEG00005000718	2	11
ENSMZEG00005000719	1	3
ENSMZEG00005000720	0	0
ENSMZEG00005000721	11	4
ENSMZEG00005000722	3	2
ENSMZEG00005000723	1	0
ENSMZEG00005000724	1	0
ENSMZEG00005000725	0	0
ENSMZEG00005000726	0	0
ENSMZEG00005000727	11	0
ENSMZEG00005000728	1	0
ENSMZEG00005000729	2182	1885
ENSMZEG00005000730	1	1
ENSMZEG00005000731	0	0
ENSMZEG00005000732	0	0
ENSMZEG00005000733	5	4
ENSMZEG00005000734	0	0
ENSMZEG00005000735	0	0
ENSMZEG00005000736	11	13
ENSMZEG00005000737	0	0
ENSMZEG00005000738	942	127
ENSMZEG00005000739	0	0
ENSMZEG00005000740	0	3
ENSMZEG00005000741	5	11
ENSMZEG00005000742	1	0
ENSMZEG00005000743	31	19
ENSMZEG00005000744	11	0
ENSMZEG00005000745	0	0
ENSMZEG00005000746	45	28
ENSMZEG00005000747	0	0
ENSMZEG00005000748	5	3
ENSMZEG00005000749	7	3
ENSMZEG00005000750	0	0
ENSMZEG00005000751	2	15
ENSMZEG00005000752	0	0
ENSMZEG00005000753	0	3
ENSMZEG00005000754	4	1
ENSMZEG00005000755	0	0
ENSMZEG00005000756	2	0
ENSMZEG00005000757	8	1
ENSMZEG00005000758	0	1
ENSMZEG00005000759	1	0
ENSMZEG00005000760	0	0
ENSMZEG00005000761	0	0
ENSMZEG00005000762	1	1
ENSMZEG00005000763	3	11
ENSMZEG00005000764	4	5
ENSMZEG00005000765	0	0
ENSMZEG00005000766	13	13
ENSMZEG00005000767	2	0
ENSMZEG00005000768	0	0
ENSMZEG00005000769	4	0
ENSMZEG00005000770	0	0
ENSMZEG00005000771	0	0
ENSMZEG00005000772	1	2
ENSMZEG00005000773	1	5
ENSMZEG00005000774	0	0
ENSMZEG00005000775	8	4
ENSMZEG00005000776	870	76
ENSMZEG00005000777	0	0
ENSMZEG00005000778	0	0
ENSMZEG00005000779	773	750
ENSMZEG00005000780	1	17
ENSMZEG00005000781	0	0
ENSMZEG00005000782	0	0
ENSMZEG00005000783	46	27
ENSMZEG00005000784	7	0
ENSMZEG00005000785	0	0
ENSMZEG00005000786	0	0
ENSMZEG00005000787	3	0
ENSMZEG00005000788	13	0
ENSMZEG00005000789	0	0
ENSMZEG00005000790	0	0
ENSMZEG00005000791	3	0
ENSMZEG00005000792	1	0
ENSMZEG00005000793	0	0
ENSMZEG00005000794	0	0
ENSMZEG00005000795	1	0
ENSMZEG00005000796	0	0
ENSMZEG00005000797	0	1
ENSMZEG00005000798	1	1
ENSMZEG00005000799	1	0
ENSMZEG00005000800	10	3
ENSMZEG00005000801	0	3
ENSMZEG00005000802	2	1
ENSMZEG00005000803	0	0
ENSMZEG00005000804	0	0
ENSMZEG00005000805	0	0
ENSMZEG00005000806	0	0
ENSMZEG00005000807	2	0
ENSMZEG00005000808	0	0
ENSMZEG00005000809	0	0
ENSMZEG00005000810	0	0
ENSMZEG00005000811	0	4
ENSMZEG00005000812	181	16
ENSMZEG00005000813	0	4
ENSMZEG00005000814	0	0
ENSMZEG00005000815	7	0
ENSMZEG00005000816	6	5
ENSMZEG00005000817	0	0
ENSMZEG00005000818	0	3
ENSMZEG00005000819	0	2
ENSMZEG00005000820	13	6
ENSMZEG00005000821	0	1
ENSMZEG00005000822	0	0
ENSMZEG00005000823	5	1
ENSMZEG00005000824	223	58
ENSMZEG00005000825	3	0
ENSMZEG00005000826	0	0
ENSMZEG00005000827	0	0
ENSMZEG00005000828	2	9
ENSMZEG00005000829	2	1
ENSMZEG00005000830	0	0
ENSMZEG00005000831	0	0
ENSMZEG00005000832	0	9
ENSMZEG00005000833	0	0
ENSMZEG00005000834	1	5
ENSMZEG00005000835	0	4
ENSMZEG00005000836	0	0
ENSMZEG00005000837	5	0
ENSMZEG00005000838	19	160
ENSMZEG00005000839	0	1
ENSMZEG00005000840	1670	1224
ENSMZEG00005000841	3	0
ENSMZEG00005000842	0	0
ENSMZEG00005000843	0	0
ENSMZEG00005000844	0	0
ENSMZEG00005000845	0	0
ENSMZEG00005000846	0	1
ENSMZEG00005000847	1	0
ENSMZEG00005000848	0	0
ENSMZEG00005000849	7	0
ENSMZEG00005000850	0	0
ENSMZEG00005000851	0	6
ENSMZEG00005000852	0	0
ENSMZEG00005000853	1	0
ENSMZEG00005000854	0	0
ENSMZEG00005000855	1	0
ENSMZEG00005000856	3	0
ENSMZEG00005000857	1	0
ENSMZEG00005000858	0	0
ENSMZEG00005000859	4	26
ENSMZEG00005000860	287	1021
ENSMZEG00005000861	0	0
ENSMZEG00005000862	0	4
ENSMZEG00005000863	0	0
ENSMZEG00005000864	2	0
ENSMZEG00005000865	409	280
ENSMZEG00005000866	24235	7493
ENSMZEG00005000867	0	0
ENSMZEG00005000868	0	2
ENSMZEG00005000869	0	0
ENSMZEG00005000870	0	0
ENSMZEG00005000871	0	0
ENSMZEG00005000872	1356	1382
ENSMZEG00005000873	0	2
ENSMZEG00005000874	0	0
ENSMZEG00005000875	0	3
ENSMZEG00005000876	2	2
ENSMZEG00005000877	0	0
ENSMZEG00005000878	0	0
ENSMZEG00005000879	1	1
ENSMZEG00005000880	2	1
ENSMZEG00005000881	2	5
ENSMZEG00005000882	0	0
ENSMZEG00005000883	4	3
ENSMZEG00005000884	4	1
ENSMZEG00005000885	0	0
ENSMZEG00005000886	0	0
ENSMZEG00005000887	80	255
ENSMZEG00005000888	1	0
ENSMZEG00005000889	13	6
ENSMZEG00005000890	1	4
ENSMZEG00005000891	13	8
ENSMZEG00005000892	0	0
ENSMZEG00005000893	0	0
ENSMZEG00005000894	0	1
ENSMZEG00005000895	0	0
ENSMZEG00005000896	0	0
ENSMZEG00005000897	0	1
ENSMZEG00005000898	5	3
ENSMZEG00005000899	0	0
ENSMZEG00005000900	0	4
ENSMZEG00005000901	0	0
ENSMZEG00005000902	0	0
ENSMZEG00005000903	0	0
ENSMZEG00005000904	0	0
ENSMZEG00005000905	1	1
ENSMZEG00005000906	382	5876
ENSMZEG00005000907	0	0
ENSMZEG00005000908	11	1
ENSMZEG00005000909	5	7
ENSMZEG00005000910	0	0
ENSMZEG00005000911	0	0
ENSMZEG00005000912	77	543
ENSMZEG00005000913	419	1297
ENSMZEG00005000914	0	0
ENSMZEG00005000915	0	0
ENSMZEG00005000916	5	3
ENSMZEG00005000917	0	0
ENSMZEG00005000918	0	0
ENSMZEG00005000919	0	0
ENSMZEG00005000920	3	24
ENSMZEG00005000921	1	0
ENSMZEG00005000922	0	0
ENSMZEG00005000923	1	0
ENSMZEG00005000924	0	0
ENSMZEG00005000925	113	668
ENSMZEG00005000926	0	0
ENSMZEG00005000927	0	2
ENSMZEG00005000928	2	9
ENSMZEG00005000929	1	0
ENSMZEG00005000930	0	0
ENSMZEG00005000931	0	0
ENSMZEG00005000932	0	0
ENSMZEG00005000933	8	1
ENSMZEG00005000934	0	0
ENSMZEG00005000935	0	0
ENSMZEG00005000936	0	0
ENSMZEG00005000937	0	0
ENSMZEG00005000938	1	0
ENSMZEG00005000939	2021	1944
ENSMZEG00005000940	0	0
ENSMZEG00005000941	4	0
ENSMZEG00005000942	7	50
ENSMZEG00005000943	2	0
ENSMZEG00005000944	0	0
ENSMZEG00005000945	80	35
ENSMZEG00005000946	0	0
ENSMZEG00005000947	4	0
ENSMZEG00005000948	6	3
ENSMZEG00005000949	0	1
ENSMZEG00005000950	1282	506
ENSMZEG00005000951	314	839
ENSMZEG00005000952	0	0
ENSMZEG00005000953	0	0
ENSMZEG00005000954	6	0
ENSMZEG00005000955	2	0
ENSMZEG00005000956	0	0
ENSMZEG00005000957	0	0
ENSMZEG00005000958	0	0
ENSMZEG00005000959	0	0
ENSMZEG00005000960	4	9
ENSMZEG00005000961	0	0
ENSMZEG00005000962	2	8
ENSMZEG00005000963	0	0
ENSMZEG00005000964	0	0
ENSMZEG00005000965	3	0
ENSMZEG00005000966	4	41
ENSMZEG00005000967	0	2
ENSMZEG00005000968	7	5
ENSMZEG00005000969	0	2
ENSMZEG00005000970	10	8
ENSMZEG00005000971	532	385
ENSMZEG00005000972	1	3
ENSMZEG00005000973	8	2
ENSMZEG00005000974	57	90
ENSMZEG00005000975	28	14
ENSMZEG00005000976	0	0
ENSMZEG00005000977	0	0
ENSMZEG00005000978	401	1840
ENSMZEG00005000979	0	0
ENSMZEG00005000980	0	0
ENSMZEG00005000981	7	9
ENSMZEG00005000982	0	0
ENSMZEG00005000983	1168	400
ENSMZEG00005000984	0	0
ENSMZEG00005000985	4	0
ENSMZEG00005000986	0	0
ENSMZEG00005000987	1	5
ENSMZEG00005000988	0	0
ENSMZEG00005000989	5	0
ENSMZEG00005000990	0	0
ENSMZEG00005000991	0	0
ENSMZEG00005000992	2	14
ENSMZEG00005000993	2	5
ENSMZEG00005000994	0	0
ENSMZEG00005000995	0	2
ENSMZEG00005000996	0	0
ENSMZEG00005000997	19	4
ENSMZEG00005000998	0	0
ENSMZEG00005000999	0	5
ENSMZEG00005001000	0	0
ENSMZEG00005001001	4	12
ENSMZEG00005001002	2	0
ENSMZEG00005001003	1	5
ENSMZEG00005001004	6	6
ENSMZEG00005001005	0	0
ENSMZEG00005001006	0	1
ENSMZEG00005001007	0	0
ENSMZEG00005001008	2	2
ENSMZEG00005001009	0	0
ENSMZEG00005001010	4	1
ENSMZEG00005001011	0	0
ENSMZEG00005001012	2	6
ENSMZEG00005001013	2	4
ENSMZEG00005001014	1	0
ENSMZEG00005001015	653	678
ENSMZEG00005001016	0	0
ENSMZEG00005001017	0	1
ENSMZEG00005001018	0	0
ENSMZEG00005001019	0	0
ENSMZEG00005001020	0	0
ENSMZEG00005001021	0	5
ENSMZEG00005001022	0	0
ENSMZEG00005001023	20	17
ENSMZEG00005001024	0	0
ENSMZEG00005001025	3	16
ENSMZEG00005001026	0	1
ENSMZEG00005001027	0	4
ENSMZEG00005001028	1	0
ENSMZEG00005001029	0	6
ENSMZEG00005001030	15	18
ENSMZEG00005001031	7	9
ENSMZEG00005001032	0	0
ENSMZEG00005001033	2	5
ENSMZEG00005001034	0	10
ENSMZEG00005001035	0	0
ENSMZEG00005001036	1	0
ENSMZEG00005001037	0	0
ENSMZEG00005001038	280	112
ENSMZEG00005001039	2	1
ENSMZEG00005001040	0	7
ENSMZEG00005001041	1	1
ENSMZEG00005001042	0	0
ENSMZEG00005001043	0	0
ENSMZEG00005001044	0	0
ENSMZEG00005001045	0	0
ENSMZEG00005001046	0	2
ENSMZEG00005001047	4	0
ENSMZEG00005001048	0	0
ENSMZEG00005001049	0	0
ENSMZEG00005001050	0	0
ENSMZEG00005001051	3	3
ENSMZEG00005001052	58	34
ENSMZEG00005001053	1	2
ENSMZEG00005001054	1	1
ENSMZEG00005001055	16	20
ENSMZEG00005001056	0	0
ENSMZEG00005001057	9	1
ENSMZEG00005001058	0	0
ENSMZEG00005001059	0	0
ENSMZEG00005001060	5	4
ENSMZEG00005001061	0	5
ENSMZEG00005001062	530	2431
ENSMZEG00005001063	68	36
ENSMZEG00005001064	72	50
ENSMZEG00005001065	0	0
ENSMZEG00005001066	0	7
ENSMZEG00005001067	5	3
ENSMZEG00005001068	0	0
ENSMZEG00005001069	0	0
ENSMZEG00005001070	4	1
ENSMZEG00005001071	1	0
ENSMZEG00005001072	0	1
ENSMZEG00005001073	0	0
ENSMZEG00005001074	1	0
ENSMZEG00005001075	2	6
ENSMZEG00005001076	1	2
ENSMZEG00005001077	0	0
ENSMZEG00005001078	0	0
ENSMZEG00005001079	11	1
ENSMZEG00005001080	0	0
ENSMZEG00005001081	0	0
ENSMZEG00005001082	4	7
ENSMZEG00005001083	0	0
ENSMZEG00005001084	0	0
ENSMZEG00005001085	0	13
ENSMZEG00005001086	1	4
ENSMZEG00005001087	0	0
ENSMZEG00005001088	0	0
ENSMZEG00005001089	0	0
ENSMZEG00005001090	0	0
ENSMZEG00005001091	4	0
ENSMZEG00005001092	4	5
ENSMZEG00005001093	0	0
ENSMZEG00005001094	13	5
ENSMZEG00005001095	0	1
ENSMZEG00005001096	1	0
ENSMZEG00005001097	0	0
ENSMZEG00005001098	6205	4875
ENSMZEG00005001099	0	0
ENSMZEG00005001100	2	0
ENSMZEG00005001101	2	4
ENSMZEG00005001102	2	0
ENSMZEG00005001103	1	1
ENSMZEG00005001104	126	477
ENSMZEG00005001105	4	0
ENSMZEG00005001106	0	5
ENSMZEG00005001107	0	0
ENSMZEG00005001108	0	0
ENSMZEG00005001109	0	0
ENSMZEG00005001110	12	4
ENSMZEG00005001111	0	0
ENSMZEG00005001112	1	1
ENSMZEG00005001113	0	0
ENSMZEG00005001114	0	0
ENSMZEG00005001115	9	2
ENSMZEG00005001116	0	0
ENSMZEG00005001117	0	0
ENSMZEG00005001118	95	48
ENSMZEG00005001119	13	5
ENSMZEG00005001120	0	0
ENSMZEG00005001121	1	0
ENSMZEG00005001122	1	2
ENSMZEG00005001123	1	0
ENSMZEG00005001124	1	0
ENSMZEG00005001125	0	0
ENSMZEG00005001126	0	0
ENSMZEG00005001127	2	23
ENSMZEG00005001128	1	0
ENSMZEG00005001129	1	0
ENSMZEG00005001130	82	58
ENSMZEG00005001131	1	4
ENSMZEG00005001132	4	2
ENSMZEG00005001133	0	0
ENSMZEG00005001134	0	4
ENSMZEG00005001135	2	1
ENSMZEG00005001136	0	5
ENSMZEG00005001137	6	24
ENSMZEG00005001138	3	2
ENSMZEG00005001139	0	0
ENSMZEG00005001140	0	0
ENSMZEG00005001141	3	1
ENSMZEG00005001142	0	1
ENSMZEG00005001143	0	3
ENSMZEG00005001144	0	0
ENSMZEG00005001145	1	1
ENSMZEG00005001146	18	70
ENSMZEG00005001147	0	0
ENSMZEG00005001148	0	0
ENSMZEG00005001149	0	0
ENSMZEG00005001150	4	5
ENSMZEG00005001151	0	0
ENSMZEG00005001152	18	23
ENSMZEG00005001153	127	120
ENSMZEG00005001154	1	0
ENSMZEG00005001155	0	0
ENSMZEG00005001156	29	13
ENSMZEG00005001157	5	7
ENSMZEG00005001158	0	0
ENSMZEG00005001159	0	0
ENSMZEG00005001160	0	0
ENSMZEG00005001161	0	0
ENSMZEG00005001162	0	0
ENSMZEG00005001163	0	0
ENSMZEG00005001164	0	0
ENSMZEG00005001165	0	0
ENSMZEG00005001166	0	0
ENSMZEG00005001167	0	0
ENSMZEG00005001168	1	3
ENSMZEG00005001169	1	0
ENSMZEG00005001170	2	0
ENSMZEG00005001171	41	219
ENSMZEG00005001172	0	0
ENSMZEG00005001173	0	0
ENSMZEG00005001174	7	1
ENSMZEG00005001175	0	0
ENSMZEG00005001176	14	3
ENSMZEG00005001177	0	0
ENSMZEG00005001178	1	0
ENSMZEG00005001179	0	0
ENSMZEG00005001180	0	1
ENSMZEG00005001181	4	14
ENSMZEG00005001182	2	10
ENSMZEG00005001183	2	1
ENSMZEG00005001184	0	4
ENSMZEG00005001185	9	32
ENSMZEG00005001186	2	0
ENSMZEG00005001187	55	5
ENSMZEG00005001188	0	0
ENSMZEG00005001189	1	20
ENSMZEG00005001190	15	10
ENSMZEG00005001191	0	0
ENSMZEG00005001192	2	0
ENSMZEG00005001193	0	0
ENSMZEG00005001194	0	0
ENSMZEG00005001195	23	5
ENSMZEG00005001196	1	1
ENSMZEG00005001197	0	2
ENSMZEG00005001198	0	0
ENSMZEG00005001199	1	0
ENSMZEG00005001200	0	19
ENSMZEG00005001201	38	14
ENSMZEG00005001202	0	0
ENSMZEG00005001203	24	7
ENSMZEG00005001204	0	0
ENSMZEG00005001205	0	0
ENSMZEG00005001206	0	0
ENSMZEG00005001207	1	0
ENSMZEG00005001208	0	0
ENSMZEG00005001209	1	3
ENSMZEG00005001210	0	0
ENSMZEG00005001211	18	11
ENSMZEG00005001212	8	11
ENSMZEG00005001213	2	2
ENSMZEG00005001214	0	1
ENSMZEG00005001215	0	0
ENSMZEG00005001216	0	0
ENSMZEG00005001217	1	0
ENSMZEG00005001218	15	74
ENSMZEG00005001219	0	3
ENSMZEG00005001220	1	2
ENSMZEG00005001221	0	0
ENSMZEG00005001222	0	0
ENSMZEG00005001223	3	1
ENSMZEG00005001224	0	1
ENSMZEG00005001225	0	0
ENSMZEG00005001226	8	6
ENSMZEG00005001227	5	5
ENSMZEG00005001228	0	2
ENSMZEG00005001229	20	0
ENSMZEG00005001230	151	364
ENSMZEG00005001231	0	0
ENSMZEG00005001232	3	5
ENSMZEG00005001233	0	0
ENSMZEG00005001234	0	0
ENSMZEG00005001235	0	1
ENSMZEG00005001236	0	0
ENSMZEG00005001237	0	0
ENSMZEG00005001238	14	27
ENSMZEG00005001239	0	0
ENSMZEG00005001240	2	0
ENSMZEG00005001241	2	0
ENSMZEG00005001242	3	0
ENSMZEG00005001243	5	2
ENSMZEG00005001244	0	0
ENSMZEG00005001245	2	2
ENSMZEG00005001246	66	36
ENSMZEG00005001247	14	10
ENSMZEG00005001248	8	0
ENSMZEG00005001249	1	0
ENSMZEG00005001250	2	0
ENSMZEG00005001251	0	0
ENSMZEG00005001252	0	0
ENSMZEG00005001253	0	0
ENSMZEG00005001254	1	0
ENSMZEG00005001255	0	0
ENSMZEG00005001256	0	1
ENSMZEG00005001257	2	0
ENSMZEG00005001258	1	4
ENSMZEG00005001259	0	0
ENSMZEG00005001260	0	0
ENSMZEG00005001261	2	0
ENSMZEG00005001262	3	11
ENSMZEG00005001263	0	0
ENSMZEG00005001264	7	5
ENSMZEG00005001265	0	2
ENSMZEG00005001266	35	5
ENSMZEG00005001267	147	218
ENSMZEG00005001268	5	6
ENSMZEG00005001269	1	6
ENSMZEG00005001270	1	0
ENSMZEG00005001271	1	2
ENSMZEG00005001272	5	4
ENSMZEG00005001273	1	2
ENSMZEG00005001274	0	0
ENSMZEG00005001275	0	0
ENSMZEG00005001276	0	0
ENSMZEG00005001277	0	0
ENSMZEG00005001278	5	22
ENSMZEG00005001279	0	0
ENSMZEG00005001280	23	95
ENSMZEG00005001281	187	45
ENSMZEG00005001282	0	5
ENSMZEG00005001283	0	0
ENSMZEG00005001284	4	5
ENSMZEG00005001285	100	66
ENSMZEG00005001286	0	0
ENSMZEG00005001287	0	0
ENSMZEG00005001288	1	0
ENSMZEG00005001289	17	9
ENSMZEG00005001290	0	0
ENSMZEG00005001291	2	3
ENSMZEG00005001292	4	0
ENSMZEG00005001293	12	3
ENSMZEG00005001294	0	0
ENSMZEG00005001295	22	2
ENSMZEG00005001296	89	71
ENSMZEG00005001297	0	0
ENSMZEG00005001298	1	0
ENSMZEG00005001299	4	19
ENSMZEG00005001300	14	0
ENSMZEG00005001301	1	1
ENSMZEG00005001302	0	0
ENSMZEG00005001303	0	0
ENSMZEG00005001304	0	0
ENSMZEG00005001305	0	0
ENSMZEG00005001306	0	0
ENSMZEG00005001307	0	0
ENSMZEG00005001308	3	5
ENSMZEG00005001309	1	0
ENSMZEG00005001310	0	2
ENSMZEG00005001311	17	29
ENSMZEG00005001312	10	2
ENSMZEG00005001313	40	168
ENSMZEG00005001314	13	22
ENSMZEG00005001315	0	1
ENSMZEG00005001316	7	20
ENSMZEG00005001317	2	1
ENSMZEG00005001318	0	0
ENSMZEG00005001319	309	343
ENSMZEG00005001320	0	4
ENSMZEG00005001321	0	4
ENSMZEG00005001322	8	4
ENSMZEG00005001323	3	21
ENSMZEG00005001324	0	0
ENSMZEG00005001325	1	0
ENSMZEG00005001326	0	0
ENSMZEG00005001327	3	1
ENSMZEG00005001328	1	0
ENSMZEG00005001329	3	2
ENSMZEG00005001330	0	2
ENSMZEG00005001331	0	0
ENSMZEG00005001332	3	0
ENSMZEG00005001333	1	0
ENSMZEG00005001334	2	0
ENSMZEG00005001335	0	0
ENSMZEG00005001336	0	0
ENSMZEG00005001337	2	1
ENSMZEG00005001338	1	2
ENSMZEG00005001339	1	1
ENSMZEG00005001340	6	1
ENSMZEG00005001341	8	0
ENSMZEG00005001342	1	2
ENSMZEG00005001343	0	0
ENSMZEG00005001344	0	0
ENSMZEG00005001345	2	16
ENSMZEG00005001346	205	194
ENSMZEG00005001347	0	0
ENSMZEG00005001348	15	13
ENSMZEG00005001349	3	0
ENSMZEG00005001350	1	3
ENSMZEG00005001351	0	2
ENSMZEG00005001352	7	9
ENSMZEG00005001353	0	0
ENSMZEG00005001354	7	0
ENSMZEG00005001355	8	23
ENSMZEG00005001356	0	0
ENSMZEG00005001357	227	48
ENSMZEG00005001358	0	0
ENSMZEG00005001359	5	12
ENSMZEG00005001360	0	0
ENSMZEG00005001361	0	1
ENSMZEG00005001362	0	5
ENSMZEG00005001363	0	0
ENSMZEG00005001364	0	0
ENSMZEG00005001365	0	0
ENSMZEG00005001366	1	7
ENSMZEG00005001367	0	0
ENSMZEG00005001368	1	0
ENSMZEG00005001369	0	0
ENSMZEG00005001370	0	0
ENSMZEG00005001371	0	0
ENSMZEG00005001372	1	0
ENSMZEG00005001373	21	5
ENSMZEG00005001374	4	15
ENSMZEG00005001375	1	0
ENSMZEG00005001376	0	0
ENSMZEG00005001377	0	0
ENSMZEG00005001378	0	0
ENSMZEG00005001379	5	0
ENSMZEG00005001380	1672	161
ENSMZEG00005001381	0	0
ENSMZEG00005001382	2	5
ENSMZEG00005001383	0	0
ENSMZEG00005001384	1	2
ENSMZEG00005001385	0	0
ENSMZEG00005001386	0	0
ENSMZEG00005001387	0	0
ENSMZEG00005001388	0	0
ENSMZEG00005001389	0	1
ENSMZEG00005001390	1	0
ENSMZEG00005001391	0	0
ENSMZEG00005001392	0	0
ENSMZEG00005001393	0	1
ENSMZEG00005001394	86	25
ENSMZEG00005001395	1	0
ENSMZEG00005001396	0	0
ENSMZEG00005001397	0	0
ENSMZEG00005001398	0	1
ENSMZEG00005001399	5	0
ENSMZEG00005001400	3	1
ENSMZEG00005001401	174	259
ENSMZEG00005001402	450	79
ENSMZEG00005001403	0	0
ENSMZEG00005001404	1	4
ENSMZEG00005001405	3	0
ENSMZEG00005001406	0	0
ENSMZEG00005001407	0	0
ENSMZEG00005001408	15	67
ENSMZEG00005001409	0	0
ENSMZEG00005001410	1	0
ENSMZEG00005001411	0	0
ENSMZEG00005001412	24	4
ENSMZEG00005001413	370	120
ENSMZEG00005001414	1	1
ENSMZEG00005001415	0	0
ENSMZEG00005001416	5	0
ENSMZEG00005001417	0	0
ENSMZEG00005001418	3	9
ENSMZEG00005001419	351	935
ENSMZEG00005001420	0	0
ENSMZEG00005001421	9	8
ENSMZEG00005001422	1	0
ENSMZEG00005001423	0	0
ENSMZEG00005001424	0	0
ENSMZEG00005001425	0	0
ENSMZEG00005001426	16	11
ENSMZEG00005001427	0	0
ENSMZEG00005001428	0	2
ENSMZEG00005001429	0	0
ENSMZEG00005001430	345	484
ENSMZEG00005001431	13	1
ENSMZEG00005001432	163	181
ENSMZEG00005001433	0	0
ENSMZEG00005001434	0	0
ENSMZEG00005001435	0	0
ENSMZEG00005001436	0	0
ENSMZEG00005001437	1	3
ENSMZEG00005001438	376	222
ENSMZEG00005001439	2	2
ENSMZEG00005001440	8	2
ENSMZEG00005001441	1	1
ENSMZEG00005001442	0	0
ENSMZEG00005001443	0	0
ENSMZEG00005001444	0	0
ENSMZEG00005001445	0	0
ENSMZEG00005001446	0	0
ENSMZEG00005001447	0	0
ENSMZEG00005001448	33	162
ENSMZEG00005001449	6	2
ENSMZEG00005001450	2	4
ENSMZEG00005001451	576	454
ENSMZEG00005001452	0	0
ENSMZEG00005001453	7	17
ENSMZEG00005001454	0	0
ENSMZEG00005001455	2	0
ENSMZEG00005001456	0	0
ENSMZEG00005001457	12	13
ENSMZEG00005001458	1	0
ENSMZEG00005001459	234	259
ENSMZEG00005001460	3	0
ENSMZEG00005001461	0	0
ENSMZEG00005001462	0	0
ENSMZEG00005001463	1	0
ENSMZEG00005001464	0	0
ENSMZEG00005001465	0	0
ENSMZEG00005001466	0	0
ENSMZEG00005001467	2	2
ENSMZEG00005001468	0	0
ENSMZEG00005001469	0	4
ENSMZEG00005001470	156	4
ENSMZEG00005001471	9	4
ENSMZEG00005001472	0	0
ENSMZEG00005001473	0	0
ENSMZEG00005001474	0	0
ENSMZEG00005001475	0	0
ENSMZEG00005001476	4	6
ENSMZEG00005001477	15	18
ENSMZEG00005001478	0	0
ENSMZEG00005001479	0	0
ENSMZEG00005001480	0	0
ENSMZEG00005001481	0	0
ENSMZEG00005001482	0	0
ENSMZEG00005001483	672	1515
ENSMZEG00005001484	0	0
ENSMZEG00005001485	0	0
ENSMZEG00005001486	499	44
ENSMZEG00005001487	16	4
ENSMZEG00005001488	1	0
ENSMZEG00005001489	1	1
ENSMZEG00005001490	1056	1565
ENSMZEG00005001491	0	0
ENSMZEG00005001492	0	0
ENSMZEG00005001493	1	2
ENSMZEG00005001494	3	2
ENSMZEG00005001495	0	0
ENSMZEG00005001496	0	1
ENSMZEG00005001497	0	0
ENSMZEG00005001498	2	20
ENSMZEG00005001499	0	0
ENSMZEG00005001500	0	2
ENSMZEG00005001501	1	0
ENSMZEG00005001502	0	0
ENSMZEG00005001503	335	404
ENSMZEG00005001504	290	44
ENSMZEG00005001505	0	0
ENSMZEG00005001506	6	0
ENSMZEG00005001507	4	2
ENSMZEG00005001508	0	1
ENSMZEG00005001509	0	1
ENSMZEG00005001510	1	4
ENSMZEG00005001511	13	11
ENSMZEG00005001512	0	0
ENSMZEG00005001513	0	0
ENSMZEG00005001514	0	0
ENSMZEG00005001515	0	0
ENSMZEG00005001516	9	4
ENSMZEG00005001517	1	0
ENSMZEG00005001518	0	0
ENSMZEG00005001519	0	0
ENSMZEG00005001520	0	0
ENSMZEG00005001521	0	4
ENSMZEG00005001522	0	0
ENSMZEG00005001523	45	13
ENSMZEG00005001524	2	3
ENSMZEG00005001525	0	0
ENSMZEG00005001526	0	0
ENSMZEG00005001527	0	0
ENSMZEG00005001528	0	0
ENSMZEG00005001529	0	0
ENSMZEG00005001530	9	8
ENSMZEG00005001531	1	5
ENSMZEG00005001532	0	7
ENSMZEG00005001533	0	0
ENSMZEG00005001534	5	6
ENSMZEG00005001535	5	16
ENSMZEG00005001536	1538	261
ENSMZEG00005001537	0	0
ENSMZEG00005001538	0	0
ENSMZEG00005001539	3	0
ENSMZEG00005001540	0	0
ENSMZEG00005001541	0	0
ENSMZEG00005001542	3	1
ENSMZEG00005001543	29	10
ENSMZEG00005001544	4	5
ENSMZEG00005001545	2	1
ENSMZEG00005001546	0	2
ENSMZEG00005001547	9	1
ENSMZEG00005001548	0	1
ENSMZEG00005001549	1	0
ENSMZEG00005001550	9	25
ENSMZEG00005001551	8	0
ENSMZEG00005001552	0	0
ENSMZEG00005001553	157695	36521
ENSMZEG00005001554	2	0
ENSMZEG00005001555	1	3
ENSMZEG00005001556	0	0
ENSMZEG00005001557	0	0
ENSMZEG00005001558	0	2
ENSMZEG00005001559	0	0
ENSMZEG00005001560	8	1
ENSMZEG00005001561	0	0
ENSMZEG00005001562	7	3
ENSMZEG00005001563	2	2
ENSMZEG00005001564	0	0
ENSMZEG00005001565	3	4
ENSMZEG00005001566	0	1
ENSMZEG00005001567	3	5
ENSMZEG00005001568	12	72
ENSMZEG00005001569	7	1
ENSMZEG00005001570	0	1
ENSMZEG00005001571	2	11
ENSMZEG00005001572	0	0
ENSMZEG00005001573	0	0
ENSMZEG00005001574	15	1
ENSMZEG00005001575	0	0
ENSMZEG00005001576	0	3
ENSMZEG00005001577	1	0
ENSMZEG00005001578	0	14
ENSMZEG00005001579	52	1892
ENSMZEG00005001580	1	3
ENSMZEG00005001581	0	0
ENSMZEG00005001582	2	0
ENSMZEG00005001583	2	1
ENSMZEG00005001584	3	1
ENSMZEG00005001585	0	0
ENSMZEG00005001586	0	0
ENSMZEG00005001587	0	0
ENSMZEG00005001588	0	0
ENSMZEG00005001589	1	2
ENSMZEG00005001590	1	0
ENSMZEG00005001591	6	1
ENSMZEG00005001592	56	9
ENSMZEG00005001593	1	0
ENSMZEG00005001594	0	1
ENSMZEG00005001595	103	250
ENSMZEG00005001596	0	0
ENSMZEG00005001597	107	27
ENSMZEG00005001598	0	0
ENSMZEG00005001599	17	6
ENSMZEG00005001600	12	17
ENSMZEG00005001601	1	0
ENSMZEG00005001602	0	0
ENSMZEG00005001603	0	3
ENSMZEG00005001604	0	1
ENSMZEG00005001605	11	1
ENSMZEG00005001606	0	0
ENSMZEG00005001607	17	19
ENSMZEG00005001608	1	23
ENSMZEG00005001609	4	0
ENSMZEG00005001610	0	10
ENSMZEG00005001611	0	4
ENSMZEG00005001612	3	0
ENSMZEG00005001613	0	0
ENSMZEG00005001614	0	0
ENSMZEG00005001615	0	0
ENSMZEG00005001616	1	8
ENSMZEG00005001617	4	5
ENSMZEG00005001618	3	2
ENSMZEG00005001619	6	3
ENSMZEG00005001620	4	15
ENSMZEG00005001621	41	24
ENSMZEG00005001622	0	0
ENSMZEG00005001623	1	2
ENSMZEG00005001624	7	1
ENSMZEG00005001625	1	7
ENSMZEG00005001626	73	23
ENSMZEG00005001627	2	0
ENSMZEG00005001628	5372	1385
ENSMZEG00005001629	10	0
ENSMZEG00005001630	0	0
ENSMZEG00005001631	0	2
ENSMZEG00005001632	0	0
ENSMZEG00005001633	1	0
ENSMZEG00005001634	0	0
ENSMZEG00005001635	1	7
ENSMZEG00005001636	13	5
ENSMZEG00005001637	0	0
ENSMZEG00005001638	2	0
ENSMZEG00005001639	6	2
ENSMZEG00005001640	2	17
ENSMZEG00005001641	1	2
ENSMZEG00005001642	35	53
ENSMZEG00005001643	0	0
ENSMZEG00005001644	0	0
ENSMZEG00005001645	13	9
ENSMZEG00005001646	0	0
ENSMZEG00005001647	0	0
ENSMZEG00005001648	0	9
ENSMZEG00005001649	25	4
ENSMZEG00005001650	16	0
ENSMZEG00005001651	2	1
ENSMZEG00005001652	1	1
ENSMZEG00005001653	0	0
ENSMZEG00005001654	1	6
ENSMZEG00005001655	1	13
ENSMZEG00005001656	3	4
ENSMZEG00005001657	0	0
ENSMZEG00005001658	0	2
ENSMZEG00005001659	0	0
ENSMZEG00005001660	2	31
ENSMZEG00005001661	0	2
ENSMZEG00005001662	0	1
ENSMZEG00005001663	0	1
ENSMZEG00005001664	2	2
ENSMZEG00005001665	0	0
ENSMZEG00005001666	2	5
ENSMZEG00005001667	1	2
ENSMZEG00005001668	0	0
ENSMZEG00005001669	0	0
ENSMZEG00005001670	7	6
ENSMZEG00005001671	0	0
ENSMZEG00005001672	13	6
ENSMZEG00005001673	3	17
ENSMZEG00005001674	5	5
ENSMZEG00005001675	5	0
ENSMZEG00005001676	3	4
ENSMZEG00005001677	6	12
ENSMZEG00005001678	0	0
ENSMZEG00005001679	8	0
ENSMZEG00005001680	222	214
ENSMZEG00005001681	2	5
ENSMZEG00005001682	2	0
ENSMZEG00005001683	1	2
ENSMZEG00005001684	0	0
ENSMZEG00005001685	271	576
ENSMZEG00005001686	0	0
ENSMZEG00005001687	1	0
ENSMZEG00005001688	0	0
ENSMZEG00005001689	3	1
ENSMZEG00005001690	0	0
ENSMZEG00005001691	12	1
ENSMZEG00005001692	0	0
ENSMZEG00005001693	0	0
ENSMZEG00005001694	4	7
ENSMZEG00005001695	0	0
ENSMZEG00005001696	15	2
ENSMZEG00005001697	1	0
ENSMZEG00005001698	0	1
ENSMZEG00005001699	0	0
ENSMZEG00005001700	0	0
ENSMZEG00005001701	0	0
ENSMZEG00005001702	1	8
ENSMZEG00005001703	25	3
ENSMZEG00005001704	22	3
ENSMZEG00005001705	0	0
ENSMZEG00005001706	14	25
ENSMZEG00005001707	0	0
ENSMZEG00005001708	8	6
ENSMZEG00005001709	0	0
ENSMZEG00005001710	0	2
ENSMZEG00005001711	34	3
ENSMZEG00005001712	2	0
ENSMZEG00005001713	10	76
ENSMZEG00005001714	0	0
ENSMZEG00005001715	0	12
ENSMZEG00005001716	6	6
ENSMZEG00005001717	0	0
ENSMZEG00005001718	174	26
ENSMZEG00005001719	2	1
ENSMZEG00005001720	0	0
ENSMZEG00005001721	19	4
ENSMZEG00005001722	0	0
ENSMZEG00005001723	1	3
ENSMZEG00005001724	5	1
ENSMZEG00005001725	4	1
ENSMZEG00005001726	0	9
ENSMZEG00005001727	0	0
ENSMZEG00005001728	6	2
ENSMZEG00005001729	0	2
ENSMZEG00005001730	0	0
ENSMZEG00005001731	0	0
ENSMZEG00005001732	15	3
ENSMZEG00005001733	12	6
ENSMZEG00005001734	6	1
ENSMZEG00005001735	0	0
ENSMZEG00005001736	0	0
ENSMZEG00005001737	0	0
ENSMZEG00005001738	0	0
ENSMZEG00005001739	0	3
ENSMZEG00005001740	0	3
ENSMZEG00005001741	18	23
ENSMZEG00005001742	0	0
ENSMZEG00005001743	1	0
ENSMZEG00005001744	3	2
ENSMZEG00005001745	0	0
ENSMZEG00005001746	0	0
ENSMZEG00005001747	5	13
ENSMZEG00005001748	6	14
ENSMZEG00005001749	1	10
ENSMZEG00005001750	6	3
ENSMZEG00005001751	34	25
ENSMZEG00005001752	1	1
ENSMZEG00005001753	13	1
ENSMZEG00005001754	0	0
ENSMZEG00005001755	0	0
ENSMZEG00005001756	9	7
ENSMZEG00005001757	2	1
ENSMZEG00005001758	1	1
ENSMZEG00005001759	0	0
ENSMZEG00005001760	33	13
ENSMZEG00005001761	0	0
ENSMZEG00005001762	0	0
ENSMZEG00005001763	0	0
ENSMZEG00005001764	0	0
ENSMZEG00005001765	2	3
ENSMZEG00005001766	1	1
ENSMZEG00005001767	1334	6322
ENSMZEG00005001768	1	0
ENSMZEG00005001769	7	10
ENSMZEG00005001770	6	14
ENSMZEG00005001771	0	3
ENSMZEG00005001772	1	2
ENSMZEG00005001773	16	34
ENSMZEG00005001774	0	0
ENSMZEG00005001775	10	0
ENSMZEG00005001776	0	0
ENSMZEG00005001777	0	0
ENSMZEG00005001778	0	0
ENSMZEG00005001779	0	0
ENSMZEG00005001780	0	0
ENSMZEG00005001781	0	1
ENSMZEG00005001782	0	0
ENSMZEG00005001783	1878	477
ENSMZEG00005001784	77	9
ENSMZEG00005001785	0	0
ENSMZEG00005001786	1	4
ENSMZEG00005001787	0	0
ENSMZEG00005001788	0	1
ENSMZEG00005001789	26	2
ENSMZEG00005001790	744	1005
ENSMZEG00005001791	1	0
ENSMZEG00005001792	7	3
ENSMZEG00005001793	0	0
ENSMZEG00005001794	2021	1073
ENSMZEG00005001795	43	17
ENSMZEG00005001796	1	1
ENSMZEG00005001797	0	0
ENSMZEG00005001798	0	1
ENSMZEG00005001799	3	7
ENSMZEG00005001800	0	0
ENSMZEG00005001801	28	9
ENSMZEG00005001802	496	381
ENSMZEG00005001803	5	2
ENSMZEG00005001804	1	0
ENSMZEG00005001805	1	0
ENSMZEG00005001806	0	0
ENSMZEG00005001807	14	20
ENSMZEG00005001808	131	12
ENSMZEG00005001809	0	1
ENSMZEG00005001810	5	22
ENSMZEG00005001811	0	2
ENSMZEG00005001812	1	1
ENSMZEG00005001813	8	5
ENSMZEG00005001814	5	2
ENSMZEG00005001815	0	0
ENSMZEG00005001816	0	0
ENSMZEG00005001817	1185	895
ENSMZEG00005001818	0	0
ENSMZEG00005001819	9	1
ENSMZEG00005001820	9	15
ENSMZEG00005001821	0	0
ENSMZEG00005001822	0	1
ENSMZEG00005001823	0	0
ENSMZEG00005001824	0	0
ENSMZEG00005001825	0	0
ENSMZEG00005001826	0	0
ENSMZEG00005001827	0	3
ENSMZEG00005001828	0	1
ENSMZEG00005001829	0	0
ENSMZEG00005001830	1	0
ENSMZEG00005001831	0	0
ENSMZEG00005001832	5	1
ENSMZEG00005001833	1	0
ENSMZEG00005001834	0	0
ENSMZEG00005001835	7	8
ENSMZEG00005001836	0	0
ENSMZEG00005001837	18	42
ENSMZEG00005001838	5	0
ENSMZEG00005001839	2	6
ENSMZEG00005001840	0	0
ENSMZEG00005001841	0	1
ENSMZEG00005001842	6	9
ENSMZEG00005001843	1	0
ENSMZEG00005001844	9	35
ENSMZEG00005001845	0	0
ENSMZEG00005001846	37	5
ENSMZEG00005001847	0	0
ENSMZEG00005001848	0	0
ENSMZEG00005001849	4	1
ENSMZEG00005001850	3	1
ENSMZEG00005001851	24	0
ENSMZEG00005001852	3	5
ENSMZEG00005001853	0	0
ENSMZEG00005001854	0	0
ENSMZEG00005001855	0	0
ENSMZEG00005001856	3	0
ENSMZEG00005001857	0	0
ENSMZEG00005001858	4	1
ENSMZEG00005001859	0	0
ENSMZEG00005001860	7	5
ENSMZEG00005001861	0	1
ENSMZEG00005001862	8	0
ENSMZEG00005001863	12	3
ENSMZEG00005001864	0	0
ENSMZEG00005001865	4	4
ENSMZEG00005001866	6	14
ENSMZEG00005001867	0	0
ENSMZEG00005001868	9	14
ENSMZEG00005001869	668	92
ENSMZEG00005001870	13	3
ENSMZEG00005001871	0	0
ENSMZEG00005001872	0	0
ENSMZEG00005001873	0	0
ENSMZEG00005001874	5	0
ENSMZEG00005001875	1	5
ENSMZEG00005001876	0	0
ENSMZEG00005001877	0	0
ENSMZEG00005001878	0	0
ENSMZEG00005001879	0	1
ENSMZEG00005001880	1	0
ENSMZEG00005001881	0	0
ENSMZEG00005001882	0	0
ENSMZEG00005001883	0	0
ENSMZEG00005001884	0	0
ENSMZEG00005001885	1	1
ENSMZEG00005001886	1	0
ENSMZEG00005001887	324	388
ENSMZEG00005001888	2	2
ENSMZEG00005001889	0	0
ENSMZEG00005001890	0	0
ENSMZEG00005001891	0	0
ENSMZEG00005001892	0	0
ENSMZEG00005001893	0	0
ENSMZEG00005001894	0	0
ENSMZEG00005001895	13	13
ENSMZEG00005001896	3	1
ENSMZEG00005001897	0	0
ENSMZEG00005001898	0	2
ENSMZEG00005001899	0	0
ENSMZEG00005001900	52	43
ENSMZEG00005001901	0	2
ENSMZEG00005001902	1	1
ENSMZEG00005001903	0	0
ENSMZEG00005001904	0	0
ENSMZEG00005001905	0	1
ENSMZEG00005001906	0	0
ENSMZEG00005001907	10	1
ENSMZEG00005001908	4	1
ENSMZEG00005001909	0	0
ENSMZEG00005001910	3	2
ENSMZEG00005001911	0	0
ENSMZEG00005001912	0	2
ENSMZEG00005001913	0	0
ENSMZEG00005001914	0	1
ENSMZEG00005001915	0	0
ENSMZEG00005001916	1	4
ENSMZEG00005001917	0	1
ENSMZEG00005001918	19	3
ENSMZEG00005001919	111	64
ENSMZEG00005001920	3	0
ENSMZEG00005001921	0	0
ENSMZEG00005001922	0	0
ENSMZEG00005001923	0	0
ENSMZEG00005001924	7	0
ENSMZEG00005001925	0	0
ENSMZEG00005001926	0	4
ENSMZEG00005001927	9	32
ENSMZEG00005001928	543	528
ENSMZEG00005001929	0	4
ENSMZEG00005001930	0	0
ENSMZEG00005001931	0	0
ENSMZEG00005001932	0	0
ENSMZEG00005001933	7	3
ENSMZEG00005001934	0	0
ENSMZEG00005001935	0	0
ENSMZEG00005001936	2	0
ENSMZEG00005001937	862	1962
ENSMZEG00005001938	0	0
ENSMZEG00005001939	2	6
ENSMZEG00005001940	3	2
ENSMZEG00005001941	819	1141
ENSMZEG00005001942	0	1
ENSMZEG00005001943	4	0
ENSMZEG00005001944	2	0
ENSMZEG00005001945	0	0
ENSMZEG00005001946	0	0
ENSMZEG00005001947	2	1
ENSMZEG00005001948	5	2
ENSMZEG00005001949	0	0
ENSMZEG00005001950	0	0
ENSMZEG00005001951	0	0
ENSMZEG00005001952	12	19
ENSMZEG00005001953	3	15
ENSMZEG00005001954	10	1
ENSMZEG00005001955	4	4
ENSMZEG00005001956	8	33
ENSMZEG00005001957	3	0
ENSMZEG00005001958	0	0
ENSMZEG00005001959	244	15
ENSMZEG00005001960	0	0
ENSMZEG00005001961	0	0
ENSMZEG00005001962	10	493
ENSMZEG00005001963	1	2
ENSMZEG00005001964	0	0
ENSMZEG00005001965	2	1
ENSMZEG00005001966	1	1
ENSMZEG00005001967	0	0
ENSMZEG00005001968	1	1
ENSMZEG00005001969	3	5
ENSMZEG00005001970	1	8
ENSMZEG00005001971	0	0
ENSMZEG00005001972	38936	97160
ENSMZEG00005001973	2	2
ENSMZEG00005001974	0	0
ENSMZEG00005001975	143	23
ENSMZEG00005001976	281	222
ENSMZEG00005001977	6	4
ENSMZEG00005001978	0	0
ENSMZEG00005001979	0	0
ENSMZEG00005001980	1	0
ENSMZEG00005001981	12	4
ENSMZEG00005001982	6	10
ENSMZEG00005001983	2	1
ENSMZEG00005001984	0	0
ENSMZEG00005001985	0	0
ENSMZEG00005001986	0	0
ENSMZEG00005001987	3	1
ENSMZEG00005001988	2	0
ENSMZEG00005001989	1	3
ENSMZEG00005001990	100	389
ENSMZEG00005001991	3	0
ENSMZEG00005001992	2	5
ENSMZEG00005001993	0	0
ENSMZEG00005001994	0	2
ENSMZEG00005001995	0	0
ENSMZEG00005001996	1	1
ENSMZEG00005001997	26	4
ENSMZEG00005001998	0	3
ENSMZEG00005001999	5	0
ENSMZEG00005002000	0	1
ENSMZEG00005002001	199	1294
ENSMZEG00005002002	0	0
ENSMZEG00005002003	0	0
ENSMZEG00005002004	0	0
ENSMZEG00005002005	0	0
ENSMZEG00005002006	12	93
ENSMZEG00005002007	0	0
ENSMZEG00005002008	1	0
ENSMZEG00005002009	14	0
ENSMZEG00005002010	0	0
ENSMZEG00005002011	0	6
ENSMZEG00005002012	0	0
ENSMZEG00005002013	1	9
ENSMZEG00005002014	1	0
ENSMZEG00005002015	0	0
ENSMZEG00005002016	0	0
ENSMZEG00005002017	0	0
ENSMZEG00005002018	0	1
ENSMZEG00005002019	4507	2027
ENSMZEG00005002020	0	0
ENSMZEG00005002021	1	3
ENSMZEG00005002022	5	2
ENSMZEG00005002023	5	11
ENSMZEG00005002024	0	0
ENSMZEG00005002025	0	0
ENSMZEG00005002026	0	0
ENSMZEG00005002027	1563	1108
ENSMZEG00005002028	0	3
ENSMZEG00005002029	1	0
ENSMZEG00005002030	5	10
ENSMZEG00005002031	16	2
ENSMZEG00005002032	0	0
ENSMZEG00005002033	0	0
ENSMZEG00005002034	1	11
ENSMZEG00005002035	0	0
ENSMZEG00005002036	1	5
ENSMZEG00005002037	1	5
ENSMZEG00005002038	1	0
ENSMZEG00005002039	4	1
ENSMZEG00005002040	4	0
ENSMZEG00005002041	4	4
ENSMZEG00005002042	0	0
ENSMZEG00005002043	0	0
ENSMZEG00005002044	0	0
ENSMZEG00005002045	9	4
ENSMZEG00005002046	3	1
ENSMZEG00005002047	0	0
ENSMZEG00005002048	1	1
ENSMZEG00005002049	50	35
ENSMZEG00005002050	3	13
ENSMZEG00005002051	1	0
ENSMZEG00005002052	0	0
ENSMZEG00005002053	0	0
ENSMZEG00005002054	167	248
ENSMZEG00005002055	4	9
ENSMZEG00005002056	0	0
ENSMZEG00005002057	35	59
ENSMZEG00005002058	9	6
ENSMZEG00005002059	11	8
ENSMZEG00005002060	0	21
ENSMZEG00005002061	0	0
ENSMZEG00005002062	32	9
ENSMZEG00005002063	0	0
ENSMZEG00005002064	0	0
ENSMZEG00005002065	0	0
ENSMZEG00005002066	0	0
ENSMZEG00005002067	0	0
ENSMZEG00005002068	9	0
ENSMZEG00005002069	11	23
ENSMZEG00005002070	14	3
ENSMZEG00005002071	0	0
ENSMZEG00005002072	0	0
ENSMZEG00005002073	106	34
ENSMZEG00005002074	80	8
ENSMZEG00005002075	3	0
ENSMZEG00005002076	0	0
ENSMZEG00005002077	0	0
ENSMZEG00005002078	0	0
ENSMZEG00005002079	0	0
ENSMZEG00005002080	1	99
ENSMZEG00005002081	191	176
ENSMZEG00005002082	0	0
ENSMZEG00005002083	0	1
ENSMZEG00005002084	13	35
ENSMZEG00005002085	0	0
ENSMZEG00005002086	0	0
ENSMZEG00005002087	0	0
ENSMZEG00005002088	0	1
ENSMZEG00005002089	1	0
ENSMZEG00005002090	1	5
ENSMZEG00005002091	20	33
ENSMZEG00005002092	8	3
ENSMZEG00005002093	146	27
ENSMZEG00005002094	2	2
ENSMZEG00005002095	0	1
ENSMZEG00005002096	5	0
ENSMZEG00005002097	7	3
ENSMZEG00005002098	0	0
ENSMZEG00005002099	12	18
ENSMZEG00005002100	0	0
ENSMZEG00005002101	0	0
ENSMZEG00005002102	3	8
ENSMZEG00005002103	0	0
ENSMZEG00005002104	0	5
ENSMZEG00005002105	1	0
ENSMZEG00005002106	0	0
ENSMZEG00005002107	0	0
ENSMZEG00005002108	0	0
ENSMZEG00005002109	0	4
ENSMZEG00005002110	2	9
ENSMZEG00005002111	0	0
ENSMZEG00005002112	0	2
ENSMZEG00005002113	0	28
ENSMZEG00005002114	0	2
ENSMZEG00005002115	2	2
ENSMZEG00005002116	0	0
ENSMZEG00005002117	2	1
ENSMZEG00005002118	5	3
ENSMZEG00005002119	0	0
ENSMZEG00005002120	1	5
ENSMZEG00005002121	0	0
ENSMZEG00005002122	75	36
ENSMZEG00005002123	0	0
ENSMZEG00005002124	329	944
ENSMZEG00005002125	0	0
ENSMZEG00005002126	121	37
ENSMZEG00005002127	0	1
ENSMZEG00005002128	1	0
ENSMZEG00005002129	360	1036
ENSMZEG00005002130	2	1
ENSMZEG00005002131	11	6
ENSMZEG00005002132	2	0
ENSMZEG00005002133	0	1
ENSMZEG00005002134	0	0
ENSMZEG00005002135	6	3
ENSMZEG00005002136	2	0
ENSMZEG00005002137	24	47
ENSMZEG00005002138	0	0
ENSMZEG00005002139	0	0
ENSMZEG00005002140	0	0
ENSMZEG00005002141	0	0
ENSMZEG00005002142	862	1245
ENSMZEG00005002143	322	695
ENSMZEG00005002144	10	6
ENSMZEG00005002145	0	0
ENSMZEG00005002146	35	303
ENSMZEG00005002147	0	0
ENSMZEG00005002148	0	0
ENSMZEG00005002149	9	8
ENSMZEG00005002150	0	0
ENSMZEG00005002151	33	4
ENSMZEG00005002152	3	10
ENSMZEG00005002153	5	1
ENSMZEG00005002154	0	0
ENSMZEG00005002155	1215	1235
ENSMZEG00005002156	1	2
ENSMZEG00005002157	0	0
ENSMZEG00005002158	0	4
ENSMZEG00005002159	2	0
ENSMZEG00005002160	6	3
ENSMZEG00005002161	0	0
ENSMZEG00005002162	3	7
ENSMZEG00005002163	1	0
ENSMZEG00005002164	7	0
ENSMZEG00005002165	17	1
ENSMZEG00005002166	2	10
ENSMZEG00005002167	2	9
ENSMZEG00005002168	0	0
ENSMZEG00005002169	0	0
ENSMZEG00005002170	1	0
ENSMZEG00005002171	0	0
ENSMZEG00005002172	0	0
ENSMZEG00005002173	1	0
ENSMZEG00005002174	5	3
ENSMZEG00005002175	5	5
ENSMZEG00005002176	0	0
ENSMZEG00005002177	2	0
ENSMZEG00005002178	0	0
ENSMZEG00005002179	0	0
ENSMZEG00005002180	0	0
ENSMZEG00005002181	1	5
ENSMZEG00005002182	2	1
ENSMZEG00005002183	31	5
ENSMZEG00005002184	7	4
ENSMZEG00005002185	167	38
ENSMZEG00005002186	531	656
ENSMZEG00005002187	1	13
ENSMZEG00005002188	1	1
ENSMZEG00005002189	1	0
ENSMZEG00005002190	0	0
ENSMZEG00005002191	38	136
ENSMZEG00005002192	10	4
ENSMZEG00005002193	2	2
ENSMZEG00005002194	0	1
ENSMZEG00005002195	2	0
ENSMZEG00005002196	429	1142
ENSMZEG00005002197	3	6
ENSMZEG00005002198	19	7
ENSMZEG00005002199	6	5
ENSMZEG00005002200	0	1
ENSMZEG00005002201	1	12
ENSMZEG00005002202	0	0
ENSMZEG00005002203	3	3
ENSMZEG00005002204	0	0
ENSMZEG00005002205	9	4
ENSMZEG00005002206	0	1
ENSMZEG00005002207	1	4
ENSMZEG00005002208	0	0
ENSMZEG00005002209	0	0
ENSMZEG00005002210	0	1
ENSMZEG00005002211	5	0
ENSMZEG00005002212	0	0
ENSMZEG00005002213	0	0
ENSMZEG00005002214	0	0
ENSMZEG00005002215	3	0
ENSMZEG00005002216	1243	291
ENSMZEG00005002217	0	0
ENSMZEG00005002218	5	2
ENSMZEG00005002219	3	0
ENSMZEG00005002220	0	0
ENSMZEG00005002221	0	0
ENSMZEG00005002222	1	0
ENSMZEG00005002223	0	0
ENSMZEG00005002224	9	0
ENSMZEG00005002225	0	0
ENSMZEG00005002226	0	0
ENSMZEG00005002227	0	0
ENSMZEG00005002228	2	0
ENSMZEG00005002229	3	0
ENSMZEG00005002230	0	2
ENSMZEG00005002231	0	0
ENSMZEG00005002232	0	0
ENSMZEG00005002233	4	7
ENSMZEG00005002234	11	0
ENSMZEG00005002235	0	0
ENSMZEG00005002236	0	0
ENSMZEG00005002237	0	6
ENSMZEG00005002238	0	0
ENSMZEG00005002239	12	6
ENSMZEG00005002240	1	0
ENSMZEG00005002241	0	0
ENSMZEG00005002242	0	0
ENSMZEG00005002243	2	4
ENSMZEG00005002244	17	4
ENSMZEG00005002245	4	0
ENSMZEG00005002246	1	0
ENSMZEG00005002247	0	0
ENSMZEG00005002248	2	3
ENSMZEG00005002249	0	3
ENSMZEG00005002250	0	0
ENSMZEG00005002251	6	7
ENSMZEG00005002252	1	6
ENSMZEG00005002253	0	0
ENSMZEG00005002254	4	9
ENSMZEG00005002255	1468	2064
ENSMZEG00005002256	23	12
ENSMZEG00005002257	0	1
ENSMZEG00005002258	0	0
ENSMZEG00005002259	0	0
ENSMZEG00005002260	1	4
ENSMZEG00005002261	4	4
ENSMZEG00005002262	2	0
ENSMZEG00005002263	1	0
ENSMZEG00005002264	3	0
ENSMZEG00005002265	2	0
ENSMZEG00005002266	7	21
ENSMZEG00005002267	5	2
ENSMZEG00005002268	0	0
ENSMZEG00005002269	0	0
ENSMZEG00005002270	0	1
ENSMZEG00005002271	0	0
ENSMZEG00005002272	6	3
ENSMZEG00005002273	6	12
ENSMZEG00005002274	0	0
ENSMZEG00005002275	0	0
ENSMZEG00005002276	63	10
ENSMZEG00005002277	0	1
ENSMZEG00005002278	5	7
ENSMZEG00005002279	41	13
ENSMZEG00005002280	178	245
ENSMZEG00005002281	0	0
ENSMZEG00005002282	190	28
ENSMZEG00005002283	0	0
ENSMZEG00005002284	9	4
ENSMZEG00005002285	0	0
ENSMZEG00005002286	0	5
ENSMZEG00005002287	8	0
ENSMZEG00005002288	0	0
ENSMZEG00005002289	1	0
ENSMZEG00005002290	2	0
ENSMZEG00005002291	0	0
ENSMZEG00005002292	0	0
ENSMZEG00005002293	1	0
ENSMZEG00005002294	3	11
ENSMZEG00005002295	0	0
ENSMZEG00005002296	6	0
ENSMZEG00005002297	1	0
ENSMZEG00005002298	6	2
ENSMZEG00005002299	76	9
ENSMZEG00005002300	0	10
ENSMZEG00005002301	0	0
ENSMZEG00005002302	0	0
ENSMZEG00005002303	4	21
ENSMZEG00005002304	0	0
ENSMZEG00005002305	8	4
ENSMZEG00005002306	1	8
ENSMZEG00005002307	5	0
ENSMZEG00005002308	0	0
ENSMZEG00005002309	0	2
ENSMZEG00005002310	1	9
ENSMZEG00005002311	0	0
ENSMZEG00005002312	3	9
ENSMZEG00005002313	0	1
ENSMZEG00005002314	2823	209
ENSMZEG00005002315	0	0
ENSMZEG00005002316	4	20
ENSMZEG00005002317	519	2674
ENSMZEG00005002318	3	6
ENSMZEG00005002319	10	3
ENSMZEG00005002320	0	1
ENSMZEG00005002321	1	3
ENSMZEG00005002322	1	2
ENSMZEG00005002323	0	0
ENSMZEG00005002324	659	479
ENSMZEG00005002325	1	8
ENSMZEG00005002326	102	90
ENSMZEG00005002327	0	0
ENSMZEG00005002328	0	0
ENSMZEG00005002329	0	1
ENSMZEG00005002330	13	4
ENSMZEG00005002331	3	3
ENSMZEG00005002332	8	1
ENSMZEG00005002333	0	0
ENSMZEG00005002334	4	14
ENSMZEG00005002335	0	0
ENSMZEG00005002336	3	236
ENSMZEG00005002337	0	0
ENSMZEG00005002338	24	19
ENSMZEG00005002339	0	0
ENSMZEG00005002340	0	0
ENSMZEG00005002341	674	487
ENSMZEG00005002342	0	0
ENSMZEG00005002343	2	0
ENSMZEG00005002344	2	0
ENSMZEG00005002345	0	0
ENSMZEG00005002346	0	0
ENSMZEG00005002347	0	0
ENSMZEG00005002348	0	0
ENSMZEG00005002349	696	290
ENSMZEG00005002350	0	0
ENSMZEG00005002351	6	0
ENSMZEG00005002352	539	1081
ENSMZEG00005002353	0	0
ENSMZEG00005002354	1	5
ENSMZEG00005002355	4	25
ENSMZEG00005002356	0	0
ENSMZEG00005002357	3	2
ENSMZEG00005002358	0	0
ENSMZEG00005002359	2	4
ENSMZEG00005002360	0	0
ENSMZEG00005002361	8	4
ENSMZEG00005002362	0	0
ENSMZEG00005002363	0	0
ENSMZEG00005002364	1	0
ENSMZEG00005002365	49	9
ENSMZEG00005002366	0	0
ENSMZEG00005002367	0	0
ENSMZEG00005002368	4	6
ENSMZEG00005002369	2	3
ENSMZEG00005002370	0	0
ENSMZEG00005002371	0	0
ENSMZEG00005002372	0	0
ENSMZEG00005002373	0	6
ENSMZEG00005002374	1	0
ENSMZEG00005002375	0	0
ENSMZEG00005002376	12	8
ENSMZEG00005002377	0	0
ENSMZEG00005002378	0	2
ENSMZEG00005002379	0	0
ENSMZEG00005002380	5	3
ENSMZEG00005002381	0	0
ENSMZEG00005002382	0	0
ENSMZEG00005002383	0	0
ENSMZEG00005002384	0	0
ENSMZEG00005002385	4	5
ENSMZEG00005002386	2	4
ENSMZEG00005002387	0	4
ENSMZEG00005002388	0	0
ENSMZEG00005002389	0	0
ENSMZEG00005002390	109	50
ENSMZEG00005002391	1	0
ENSMZEG00005002392	0	0
ENSMZEG00005002393	0	0
ENSMZEG00005002394	84	50
ENSMZEG00005002395	0	0
ENSMZEG00005002396	0	0
ENSMZEG00005002397	0	0
ENSMZEG00005002398	0	0
ENSMZEG00005002399	111	52
ENSMZEG00005002400	0	0
ENSMZEG00005002401	1	1
ENSMZEG00005002402	1	1
ENSMZEG00005002403	0	1
ENSMZEG00005002404	1	1
ENSMZEG00005002405	0	3
ENSMZEG00005002406	0	0
ENSMZEG00005002407	0	0
ENSMZEG00005002408	1	3
ENSMZEG00005002409	16	9
ENSMZEG00005002410	14	9
ENSMZEG00005002411	3	1
ENSMZEG00005002412	8	11
ENSMZEG00005002413	48	44
ENSMZEG00005002414	0	5
ENSMZEG00005002415	2	4
ENSMZEG00005002416	0	0
ENSMZEG00005002417	216	261
ENSMZEG00005002418	0	0
ENSMZEG00005002419	0	8
ENSMZEG00005002420	4	3
ENSMZEG00005002421	1	1
ENSMZEG00005002422	11	34
ENSMZEG00005002423	7	66
ENSMZEG00005002424	0	16
ENSMZEG00005002425	3	0
ENSMZEG00005002426	1	19
ENSMZEG00005002427	4	1
ENSMZEG00005002428	0	0
ENSMZEG00005002429	0	2
ENSMZEG00005002430	1	1
ENSMZEG00005002431	0	0
ENSMZEG00005002432	8	3
ENSMZEG00005002433	19	4
ENSMZEG00005002434	0	0
ENSMZEG00005002435	2	1
ENSMZEG00005002436	2	9
ENSMZEG00005002437	5	11
ENSMZEG00005002438	0	2
ENSMZEG00005002439	0	0
ENSMZEG00005002440	1	0
ENSMZEG00005002441	10	7
ENSMZEG00005002442	84	178
ENSMZEG00005002443	2	28
ENSMZEG00005002444	0	2
ENSMZEG00005002445	2	2
ENSMZEG00005002446	0	3
ENSMZEG00005002447	1	0
ENSMZEG00005002448	2	1
ENSMZEG00005002449	2	7
ENSMZEG00005002450	0	0
ENSMZEG00005002451	0	0
ENSMZEG00005002452	0	0
ENSMZEG00005002453	3	4
ENSMZEG00005002454	299	430
ENSMZEG00005002455	5	2
ENSMZEG00005002456	0	0
ENSMZEG00005002457	2	5
ENSMZEG00005002458	0	0
ENSMZEG00005002459	0	0
ENSMZEG00005002460	1	0
ENSMZEG00005002461	0	0
ENSMZEG00005002462	0	1
ENSMZEG00005002463	0	2
ENSMZEG00005002464	302	3988
ENSMZEG00005002465	0	0
ENSMZEG00005002466	3	1
ENSMZEG00005002467	4	2
ENSMZEG00005002468	0	0
ENSMZEG00005002469	4	2
ENSMZEG00005002470	0	3
ENSMZEG00005002471	1	0
ENSMZEG00005002472	6	2
ENSMZEG00005002473	7	2
ENSMZEG00005002474	18	28
ENSMZEG00005002475	5	12
ENSMZEG00005002476	1	1
ENSMZEG00005002477	0	0
ENSMZEG00005002478	2	0
ENSMZEG00005002479	3	1
ENSMZEG00005002480	7	5
ENSMZEG00005002481	0	0
ENSMZEG00005002482	2	14
ENSMZEG00005002483	0	0
ENSMZEG00005002484	0	3
ENSMZEG00005002485	0	1
ENSMZEG00005002486	0	0
ENSMZEG00005002487	1	0
ENSMZEG00005002488	1	0
ENSMZEG00005002489	8	1
ENSMZEG00005002490	0	0
ENSMZEG00005002491	2	4
ENSMZEG00005002492	29	16
ENSMZEG00005002493	0	0
ENSMZEG00005002494	0	0
ENSMZEG00005002495	7	6
ENSMZEG00005002496	1	4
ENSMZEG00005002497	244	568
ENSMZEG00005002498	2	1
ENSMZEG00005002499	6	2
ENSMZEG00005002500	1022	1053
ENSMZEG00005002501	0	1
ENSMZEG00005002502	0	0
ENSMZEG00005002503	0	3
ENSMZEG00005002504	37	193
ENSMZEG00005002505	1521	1184
ENSMZEG00005002506	2	8
ENSMZEG00005002507	1	1
ENSMZEG00005002508	4	0
ENSMZEG00005002509	0	0
ENSMZEG00005002510	0	0
ENSMZEG00005002511	3	0
ENSMZEG00005002512	15	4
ENSMZEG00005002513	0	0
ENSMZEG00005002514	0	0
ENSMZEG00005002515	3	2
ENSMZEG00005002516	0	0
ENSMZEG00005002517	0	0
ENSMZEG00005002518	7	9
ENSMZEG00005002519	3	0
ENSMZEG00005002520	0	0
ENSMZEG00005002521	1	0
ENSMZEG00005002522	0	3
ENSMZEG00005002523	0	0
ENSMZEG00005002524	0	0
ENSMZEG00005002525	4	7
ENSMZEG00005002526	2	0
ENSMZEG00005002527	0	1
ENSMZEG00005002528	0	0
ENSMZEG00005002529	2	4
ENSMZEG00005002530	0	0
ENSMZEG00005002531	0	0
ENSMZEG00005002532	0	1
ENSMZEG00005002533	0	0
ENSMZEG00005002534	2	0
ENSMZEG00005002535	2	5
ENSMZEG00005002536	73	231
ENSMZEG00005002537	7	7
ENSMZEG00005002538	1	28
ENSMZEG00005002539	9	5
ENSMZEG00005002540	3	1
ENSMZEG00005002541	7	1
ENSMZEG00005002542	3	0
ENSMZEG00005002543	20	1
ENSMZEG00005002544	1	6
ENSMZEG00005002545	4	0
ENSMZEG00005002546	1	3
ENSMZEG00005002547	24	9
ENSMZEG00005002548	1	1
ENSMZEG00005002549	12	35
ENSMZEG00005002550	0	0
ENSMZEG00005002551	1	2
ENSMZEG00005002552	3	13
ENSMZEG00005002553	3	3
ENSMZEG00005002554	0	2
ENSMZEG00005002555	0	13
ENSMZEG00005002556	0	3
ENSMZEG00005002557	0	0
ENSMZEG00005002558	0	2
ENSMZEG00005002559	0	1
ENSMZEG00005002560	0	0
ENSMZEG00005002561	4	6
ENSMZEG00005002562	1	1
ENSMZEG00005002563	15	4
ENSMZEG00005002564	4	4
ENSMZEG00005002565	7	7
ENSMZEG00005002566	0	0
ENSMZEG00005002567	0	2
ENSMZEG00005002568	0	0
ENSMZEG00005002569	0	0
ENSMZEG00005002570	0	4
ENSMZEG00005002571	1	0
ENSMZEG00005002572	0	0
ENSMZEG00005002573	0	0
ENSMZEG00005002574	1	16
ENSMZEG00005002575	0	0
ENSMZEG00005002576	0	1
ENSMZEG00005002577	0	0
ENSMZEG00005002578	0	0
ENSMZEG00005002579	0	2
ENSMZEG00005002580	1	0
ENSMZEG00005002581	0	0
ENSMZEG00005002582	0	0
ENSMZEG00005002583	0	2
ENSMZEG00005002584	2	4
ENSMZEG00005002585	1	1
ENSMZEG00005002586	0	17
ENSMZEG00005002587	2	3
ENSMZEG00005002588	1	2
ENSMZEG00005002589	6	4
ENSMZEG00005002590	1	0
ENSMZEG00005002591	10	16
ENSMZEG00005002592	21	4
ENSMZEG00005002593	1	0
ENSMZEG00005002594	0	0
ENSMZEG00005002595	0	0
ENSMZEG00005002596	5	0
ENSMZEG00005002597	1	0
ENSMZEG00005002598	6	5
ENSMZEG00005002599	1	1
ENSMZEG00005002600	2	0
ENSMZEG00005002601	16	2
ENSMZEG00005002602	0	0
ENSMZEG00005002603	0	0
ENSMZEG00005002604	1	0
ENSMZEG00005002605	1	8
ENSMZEG00005002606	2	0
ENSMZEG00005002607	19	9
ENSMZEG00005002608	0	0
ENSMZEG00005002609	2	5
ENSMZEG00005002610	0	0
ENSMZEG00005002611	0	0
ENSMZEG00005002612	2	0
ENSMZEG00005002613	0	0
ENSMZEG00005002614	2	0
ENSMZEG00005002615	0	1
ENSMZEG00005002616	0	1
ENSMZEG00005002617	50	1
ENSMZEG00005002618	1	2
ENSMZEG00005002619	1334	3944
ENSMZEG00005002620	0	13
ENSMZEG00005002621	0	0
ENSMZEG00005002622	2	3
ENSMZEG00005002623	2	0
ENSMZEG00005002624	0	0
ENSMZEG00005002625	0	0
ENSMZEG00005002626	8	2
ENSMZEG00005002627	0	0
ENSMZEG00005002628	0	0
ENSMZEG00005002629	2	2
ENSMZEG00005002630	0	0
ENSMZEG00005002631	1	0
ENSMZEG00005002632	6	3
ENSMZEG00005002633	2	0
ENSMZEG00005002634	3	8
ENSMZEG00005002635	3	10
ENSMZEG00005002636	0	0
ENSMZEG00005002637	9	2
ENSMZEG00005002638	4	2
ENSMZEG00005002639	0	0
ENSMZEG00005002640	7	4
ENSMZEG00005002641	2	3
ENSMZEG00005002642	0	0
ENSMZEG00005002643	0	0
ENSMZEG00005002644	0	0
ENSMZEG00005002645	0	0
ENSMZEG00005002646	0	0
ENSMZEG00005002647	52	30
ENSMZEG00005002648	0	1
ENSMZEG00005002649	0	0
ENSMZEG00005002650	0	0
ENSMZEG00005002651	0	0
ENSMZEG00005002652	542	1454
ENSMZEG00005002653	0	6
ENSMZEG00005002654	0	0
ENSMZEG00005002655	0	0
ENSMZEG00005002656	0	0
ENSMZEG00005002657	0	0
ENSMZEG00005002658	1	0
ENSMZEG00005002659	0	0
ENSMZEG00005002660	5	0
ENSMZEG00005002661	0	0
ENSMZEG00005002662	2	2
ENSMZEG00005002663	1	1
ENSMZEG00005002664	0	0
ENSMZEG00005002665	3	1
ENSMZEG00005002666	1	1
ENSMZEG00005002667	1167	513
ENSMZEG00005002668	2	6
ENSMZEG00005002669	0	0
ENSMZEG00005002670	0	0
ENSMZEG00005002671	1	3
ENSMZEG00005002672	0	0
ENSMZEG00005002673	2	1
ENSMZEG00005002674	28	11
ENSMZEG00005002675	12	3
ENSMZEG00005002676	0	0
ENSMZEG00005002677	5	20
ENSMZEG00005002678	0	0
ENSMZEG00005002679	0	0
ENSMZEG00005002680	33	1
ENSMZEG00005002681	0	0
ENSMZEG00005002682	0	0
ENSMZEG00005002683	6	0
ENSMZEG00005002684	0	0
ENSMZEG00005002685	0	0
ENSMZEG00005002686	0	0
ENSMZEG00005002687	0	1
ENSMZEG00005002688	0	2
ENSMZEG00005002689	0	0
ENSMZEG00005002690	0	0
ENSMZEG00005002691	0	0
ENSMZEG00005002692	0	0
ENSMZEG00005002693	245	101
ENSMZEG00005002694	19	5
ENSMZEG00005002695	0	0
ENSMZEG00005002696	4	4
ENSMZEG00005002697	0	0
ENSMZEG00005002698	0	5
ENSMZEG00005002699	18	1
ENSMZEG00005002700	0	0
ENSMZEG00005002701	15	161
ENSMZEG00005002702	0	0
ENSMZEG00005002703	9	5
ENSMZEG00005002704	0	0
ENSMZEG00005002705	2	0
ENSMZEG00005002706	239	191
ENSMZEG00005002707	0	0
ENSMZEG00005002708	2	1
ENSMZEG00005002709	0	0
ENSMZEG00005002710	9	0
ENSMZEG00005002711	6	23
ENSMZEG00005002712	0	0
ENSMZEG00005002713	0	1
ENSMZEG00005002714	0	0
ENSMZEG00005002715	6	11
ENSMZEG00005002716	8	1
ENSMZEG00005002717	0	0
ENSMZEG00005002718	4	13
ENSMZEG00005002719	9	13
ENSMZEG00005002720	1	1
ENSMZEG00005002721	4	0
ENSMZEG00005002722	3	0
ENSMZEG00005002723	0	2
ENSMZEG00005002724	0	0
ENSMZEG00005002725	0	0
ENSMZEG00005002726	0	0
ENSMZEG00005002727	0	3
ENSMZEG00005002728	1	0
ENSMZEG00005002729	0	0
ENSMZEG00005002730	0	0
ENSMZEG00005002731	1	0
ENSMZEG00005002732	0	55
ENSMZEG00005002733	0	1
ENSMZEG00005002734	0	0
ENSMZEG00005002735	0	0
ENSMZEG00005002736	244	449
ENSMZEG00005002737	4	6
ENSMZEG00005002738	0	0
ENSMZEG00005002739	0	0
ENSMZEG00005002740	0	1
ENSMZEG00005002741	0	2
ENSMZEG00005002742	0	2
ENSMZEG00005002743	0	0
ENSMZEG00005002744	3	0
ENSMZEG00005002745	0	0
ENSMZEG00005002746	3	3
ENSMZEG00005002747	9	1
ENSMZEG00005002748	0	0
ENSMZEG00005002749	1	1
ENSMZEG00005002750	0	3
ENSMZEG00005002751	6	0
ENSMZEG00005002752	4	1
ENSMZEG00005002753	0	0
ENSMZEG00005002754	0	2
ENSMZEG00005002755	0	0
ENSMZEG00005002756	0	0
ENSMZEG00005002757	0	0
ENSMZEG00005002758	0	0
ENSMZEG00005002759	0	7
ENSMZEG00005002760	0	1
ENSMZEG00005002761	7	56
ENSMZEG00005002762	7	3
ENSMZEG00005002763	3	1
ENSMZEG00005002764	0	0
ENSMZEG00005002765	0	1
ENSMZEG00005002766	0	0
ENSMZEG00005002767	0	0
ENSMZEG00005002768	1	0
ENSMZEG00005002769	0	1
ENSMZEG00005002770	0	0
ENSMZEG00005002771	0	0
ENSMZEG00005002772	0	0
ENSMZEG00005002773	0	0
ENSMZEG00005002774	0	1
ENSMZEG00005002775	0	0
ENSMZEG00005002776	0	0
ENSMZEG00005002777	0	0
ENSMZEG00005002778	0	0
ENSMZEG00005002779	0	0
ENSMZEG00005002780	0	0
ENSMZEG00005002781	0	0
ENSMZEG00005002782	0	0
ENSMZEG00005002783	0	2
ENSMZEG00005002784	0	0
ENSMZEG00005002785	2	0
ENSMZEG00005002786	0	0
ENSMZEG00005002787	5	1
ENSMZEG00005002788	2	2
ENSMZEG00005002789	0	0
ENSMZEG00005002790	0	0
ENSMZEG00005002791	18	73
ENSMZEG00005002792	0	0
ENSMZEG00005002793	2	0
ENSMZEG00005002794	0	0
ENSMZEG00005002795	7	5
ENSMZEG00005002796	0	0
ENSMZEG00005002797	5	2
ENSMZEG00005002798	0	0
ENSMZEG00005002799	0	0
ENSMZEG00005002800	76	196
ENSMZEG00005002801	0	0
ENSMZEG00005002802	0	0
ENSMZEG00005002803	0	0
ENSMZEG00005002804	0	2
ENSMZEG00005002805	4	6
ENSMZEG00005002806	53	238
ENSMZEG00005002807	4	7
ENSMZEG00005002808	0	4
ENSMZEG00005002809	4	3
ENSMZEG00005002810	0	0
ENSMZEG00005002811	0	0
ENSMZEG00005002812	2	1
ENSMZEG00005002813	0	0
ENSMZEG00005002814	0	3
ENSMZEG00005002815	1	5
ENSMZEG00005002816	0	0
ENSMZEG00005002817	0	0
ENSMZEG00005002818	2	0
ENSMZEG00005002819	0	3
ENSMZEG00005002820	0	0
ENSMZEG00005002821	0	0
ENSMZEG00005002822	0	0
ENSMZEG00005002823	1	0
ENSMZEG00005002824	171	339
ENSMZEG00005002825	0	0
ENSMZEG00005002826	0	0
ENSMZEG00005002827	0	0
ENSMZEG00005002828	0	0
ENSMZEG00005002829	58	33
ENSMZEG00005002830	15	47
ENSMZEG00005002831	38	6
ENSMZEG00005002832	11	9
ENSMZEG00005002833	0	0
ENSMZEG00005002834	1	1
ENSMZEG00005002835	0	0
ENSMZEG00005002836	0	2
ENSMZEG00005002837	1	3
ENSMZEG00005002838	0	0
ENSMZEG00005002839	432	390
ENSMZEG00005002840	11	1
ENSMZEG00005002841	0	1
ENSMZEG00005002842	14	12
ENSMZEG00005002843	0	2
ENSMZEG00005002844	8	13
ENSMZEG00005002845	2	3
ENSMZEG00005002846	0	1
ENSMZEG00005002847	9	10
ENSMZEG00005002848	402	1009
ENSMZEG00005002849	0	0
ENSMZEG00005002850	2	3
ENSMZEG00005002851	0	0
ENSMZEG00005002852	15	19
ENSMZEG00005002853	0	0
ENSMZEG00005002854	3	2
ENSMZEG00005002855	0	0
ENSMZEG00005002856	4	2
ENSMZEG00005002857	0	0
ENSMZEG00005002858	2	5
ENSMZEG00005002859	0	0
ENSMZEG00005002860	4	6
ENSMZEG00005002861	24	8
ENSMZEG00005002862	5	0
ENSMZEG00005002863	1350	1242
ENSMZEG00005002864	14	5
ENSMZEG00005002865	15	19
ENSMZEG00005002866	0	0
ENSMZEG00005002867	1	0
ENSMZEG00005002868	1	12
ENSMZEG00005002869	54	21
ENSMZEG00005002870	0	0
ENSMZEG00005002871	0	0
ENSMZEG00005002872	0	0
ENSMZEG00005002873	1	1
ENSMZEG00005002874	0	1
ENSMZEG00005002875	0	1
ENSMZEG00005002876	2	7
ENSMZEG00005002877	207	165
ENSMZEG00005002878	0	0
ENSMZEG00005002879	3	1
ENSMZEG00005002880	3	21
ENSMZEG00005002881	1	2
ENSMZEG00005002882	0	1
ENSMZEG00005002883	0	0
ENSMZEG00005002884	12	4
ENSMZEG00005002885	0	0
ENSMZEG00005002886	7	7
ENSMZEG00005002887	0	0
ENSMZEG00005002888	2	0
ENSMZEG00005002889	0	2
ENSMZEG00005002890	0	1
ENSMZEG00005002891	1	0
ENSMZEG00005002892	0	0
ENSMZEG00005002893	1	20
ENSMZEG00005002894	2	1
ENSMZEG00005002895	0	0
ENSMZEG00005002896	0	0
ENSMZEG00005002897	874	117
ENSMZEG00005002898	0	0
ENSMZEG00005002899	0	0
ENSMZEG00005002900	0	0
ENSMZEG00005002901	0	1
ENSMZEG00005002902	0	0
ENSMZEG00005002903	0	0
ENSMZEG00005002904	0	0
ENSMZEG00005002905	0	1
ENSMZEG00005002906	71	20
ENSMZEG00005002907	1	10
ENSMZEG00005002908	0	0
ENSMZEG00005002909	0	0
ENSMZEG00005002910	0	0
ENSMZEG00005002911	2	2
ENSMZEG00005002912	14	1
ENSMZEG00005002913	4	10
ENSMZEG00005002914	0	0
ENSMZEG00005002915	1	2
ENSMZEG00005002916	4	3
ENSMZEG00005002917	0	0
ENSMZEG00005002918	12	7
ENSMZEG00005002919	0	0
ENSMZEG00005002920	0	0
ENSMZEG00005002921	0	1
ENSMZEG00005002922	2	0
ENSMZEG00005002923	0	0
ENSMZEG00005002924	0	1
ENSMZEG00005002925	0	0
ENSMZEG00005002926	0	2
ENSMZEG00005002927	356	140
ENSMZEG00005002928	1	3
ENSMZEG00005002929	0	15
ENSMZEG00005002930	0	0
ENSMZEG00005002931	3	0
ENSMZEG00005002932	0	0
ENSMZEG00005002933	1269	2533
ENSMZEG00005002934	1	0
ENSMZEG00005002935	164	36
ENSMZEG00005002936	28	13
ENSMZEG00005002937	0	0
ENSMZEG00005002938	1	1
ENSMZEG00005002939	0	0
ENSMZEG00005002940	0	0
ENSMZEG00005002941	1	0
ENSMZEG00005002942	21	23
ENSMZEG00005002943	0	0
ENSMZEG00005002944	0	0
ENSMZEG00005002945	42	301
ENSMZEG00005002946	0	0
ENSMZEG00005002947	0	0
ENSMZEG00005002948	3	1
ENSMZEG00005002949	0	0
ENSMZEG00005002950	0	0
ENSMZEG00005002951	2	0
ENSMZEG00005002952	3	1
ENSMZEG00005002953	0	0
ENSMZEG00005002954	0	0
ENSMZEG00005002955	2	1
ENSMZEG00005002956	0	0
ENSMZEG00005002957	0	0
ENSMZEG00005002958	0	2
ENSMZEG00005002959	0	0
ENSMZEG00005002960	0	0
ENSMZEG00005002961	0	0
ENSMZEG00005002962	5	1
ENSMZEG00005002963	0	0
ENSMZEG00005002964	0	2
ENSMZEG00005002965	5	0
ENSMZEG00005002966	4	6
ENSMZEG00005002967	5	2
ENSMZEG00005002968	0	0
ENSMZEG00005002969	4	1
ENSMZEG00005002970	0	5
ENSMZEG00005002971	0	0
ENSMZEG00005002972	0	0
ENSMZEG00005002973	1	3
ENSMZEG00005002974	1	6
ENSMZEG00005002975	1	1
ENSMZEG00005002976	5	0
ENSMZEG00005002977	9	3
ENSMZEG00005002978	11	14
ENSMZEG00005002979	2	0
ENSMZEG00005002980	3	12
ENSMZEG00005002981	0	0
ENSMZEG00005002982	0	0
ENSMZEG00005002983	0	0
ENSMZEG00005002984	0	0
ENSMZEG00005002985	4	5
ENSMZEG00005002986	0	0
ENSMZEG00005002987	0	0
ENSMZEG00005002988	4	7
ENSMZEG00005002989	0	1
ENSMZEG00005002990	14	4
ENSMZEG00005002991	13170	1177
ENSMZEG00005002992	0	2
ENSMZEG00005002993	3	5
ENSMZEG00005002994	0	0
ENSMZEG00005002995	3	5
ENSMZEG00005002996	1	1
ENSMZEG00005002997	158	225
ENSMZEG00005002998	1014	2334
ENSMZEG00005002999	4137	1293
ENSMZEG00005003000	0	0
ENSMZEG00005003001	3	1
ENSMZEG00005003002	0	0
ENSMZEG00005003003	6	7
ENSMZEG00005003004	56	13
ENSMZEG00005003005	937	2192
ENSMZEG00005003006	5	5
ENSMZEG00005003007	0	1
ENSMZEG00005003008	1904	2506
ENSMZEG00005003009	477	732
ENSMZEG00005003010	82	33
ENSMZEG00005003011	0	0
ENSMZEG00005003012	0	0
ENSMZEG00005003013	156	1686
ENSMZEG00005003014	1	3
ENSMZEG00005003015	11	7
ENSMZEG00005003016	0	0
ENSMZEG00005003017	0	0
ENSMZEG00005003018	271	90
ENSMZEG00005003019	38	58
ENSMZEG00005003020	1	1
ENSMZEG00005003021	0	0
ENSMZEG00005003022	4	0
ENSMZEG00005003023	23	46
ENSMZEG00005003024	0	0
ENSMZEG00005003025	0	0
ENSMZEG00005003026	0	0
ENSMZEG00005003027	0	0
ENSMZEG00005003028	10	1
ENSMZEG00005003029	1132	238
ENSMZEG00005003030	7	2
ENSMZEG00005003031	1	8
ENSMZEG00005003032	0	0
ENSMZEG00005003033	0	0
ENSMZEG00005003034	0	0
ENSMZEG00005003035	1352	646
ENSMZEG00005003036	0	3
ENSMZEG00005003037	0	1
ENSMZEG00005003038	0	0
ENSMZEG00005003039	118	111
ENSMZEG00005003040	1	4
ENSMZEG00005003041	0	0
ENSMZEG00005003042	0	0
ENSMZEG00005003043	0	0
ENSMZEG00005003044	2	0
ENSMZEG00005003045	6	14
ENSMZEG00005003046	0	0
ENSMZEG00005003047	3	2
ENSMZEG00005003048	0	0
ENSMZEG00005003049	5	8
ENSMZEG00005003050	73	46
ENSMZEG00005003051	0	2
ENSMZEG00005003052	0	0
ENSMZEG00005003053	12	8
ENSMZEG00005003054	0	0
ENSMZEG00005003055	0	0
ENSMZEG00005003056	0	0
ENSMZEG00005003057	7	130
ENSMZEG00005003058	0	0
ENSMZEG00005003059	1	0
ENSMZEG00005003060	0	1
ENSMZEG00005003061	120	701
ENSMZEG00005003062	0	0
ENSMZEG00005003063	0	0
ENSMZEG00005003064	2	1
ENSMZEG00005003065	0	0
ENSMZEG00005003066	1	2
ENSMZEG00005003067	3	4
ENSMZEG00005003068	1	0
ENSMZEG00005003069	0	0
ENSMZEG00005003070	0	6
ENSMZEG00005003071	1	0
ENSMZEG00005003072	30	58
ENSMZEG00005003073	13	8
ENSMZEG00005003074	1	1
ENSMZEG00005003075	0	0
ENSMZEG00005003076	0	0
ENSMZEG00005003077	0	12
ENSMZEG00005003078	1	0
ENSMZEG00005003079	0	0
ENSMZEG00005003080	3	3
ENSMZEG00005003081	1	0
ENSMZEG00005003082	7	4
ENSMZEG00005003083	17	1
ENSMZEG00005003084	5	0
ENSMZEG00005003085	7	3
ENSMZEG00005003086	0	0
ENSMZEG00005003087	1	4
ENSMZEG00005003088	1	2
ENSMZEG00005003089	0	0
ENSMZEG00005003090	0	9
ENSMZEG00005003091	1	2
ENSMZEG00005003092	2	8
ENSMZEG00005003093	135	16
ENSMZEG00005003094	0	0
ENSMZEG00005003095	0	0
ENSMZEG00005003096	3	7
ENSMZEG00005003097	2	2
ENSMZEG00005003098	9	6
ENSMZEG00005003099	0	0
ENSMZEG00005003100	1	0
ENSMZEG00005003101	0	0
ENSMZEG00005003102	0	0
ENSMZEG00005003103	2	1
ENSMZEG00005003104	0	0
ENSMZEG00005003105	8	70
ENSMZEG00005003106	0	0
ENSMZEG00005003107	0	0
ENSMZEG00005003108	1	0
ENSMZEG00005003109	3	0
ENSMZEG00005003110	24	111
ENSMZEG00005003111	0	0
ENSMZEG00005003112	2	0
ENSMZEG00005003113	0	1
ENSMZEG00005003114	0	0
ENSMZEG00005003115	0	2
ENSMZEG00005003116	0	6
ENSMZEG00005003117	0	0
ENSMZEG00005003118	0	0
ENSMZEG00005003119	0	2
ENSMZEG00005003120	0	1
ENSMZEG00005003121	88	191
ENSMZEG00005003122	0	0
ENSMZEG00005003123	0	2
ENSMZEG00005003124	0	1
ENSMZEG00005003125	0	3
ENSMZEG00005003126	1	0
ENSMZEG00005003127	5	0
ENSMZEG00005003128	0	0
ENSMZEG00005003129	4	2
ENSMZEG00005003130	3	0
ENSMZEG00005003131	0	1
ENSMZEG00005003132	6	8
ENSMZEG00005003133	0	0
ENSMZEG00005003134	0	0
ENSMZEG00005003135	2	5
ENSMZEG00005003136	0	0
ENSMZEG00005003137	0	0
ENSMZEG00005003138	0	0
ENSMZEG00005003139	0	0
ENSMZEG00005003140	0	0
ENSMZEG00005003141	0	0
ENSMZEG00005003142	0	2
ENSMZEG00005003143	0	0
ENSMZEG00005003144	0	0
ENSMZEG00005003145	7	11
ENSMZEG00005003146	48	2
ENSMZEG00005003147	0	0
ENSMZEG00005003148	0	0
ENSMZEG00005003149	0	0
ENSMZEG00005003150	1	1
ENSMZEG00005003151	2	0
ENSMZEG00005003152	5	13
ENSMZEG00005003153	15	3
ENSMZEG00005003154	6	9
ENSMZEG00005003155	367	43
ENSMZEG00005003156	5	3
ENSMZEG00005003157	1	0
ENSMZEG00005003158	1	0
ENSMZEG00005003159	0	0
ENSMZEG00005003160	5	28
ENSMZEG00005003161	0	5
ENSMZEG00005003162	3	6
ENSMZEG00005003163	0	1
ENSMZEG00005003164	0	2
ENSMZEG00005003165	30	13
ENSMZEG00005003166	0	0
ENSMZEG00005003167	0	0
ENSMZEG00005003168	0	0
ENSMZEG00005003169	0	0
ENSMZEG00005003170	0	0
ENSMZEG00005003171	0	0
ENSMZEG00005003172	1	1
ENSMZEG00005003173	13	0
ENSMZEG00005003174	0	0
ENSMZEG00005003175	0	13
ENSMZEG00005003176	8	2
ENSMZEG00005003177	1	2
ENSMZEG00005003178	0	3
ENSMZEG00005003179	0	0
ENSMZEG00005003180	1061	570
ENSMZEG00005003181	3	4
ENSMZEG00005003182	27	117
ENSMZEG00005003183	0	0
ENSMZEG00005003184	24	15
ENSMZEG00005003185	16	19
ENSMZEG00005003186	2	1
ENSMZEG00005003187	2	5
ENSMZEG00005003188	195	307
ENSMZEG00005003189	0	0
ENSMZEG00005003190	0	0
ENSMZEG00005003191	0	0
ENSMZEG00005003192	0	0
ENSMZEG00005003193	0	0
ENSMZEG00005003194	0	0
ENSMZEG00005003195	158	284
ENSMZEG00005003196	4	5
ENSMZEG00005003197	728	843
ENSMZEG00005003198	0	0
ENSMZEG00005003199	0	2
ENSMZEG00005003200	0	1
ENSMZEG00005003201	0	0
ENSMZEG00005003202	260311	46703
ENSMZEG00005003203	0	0
ENSMZEG00005003204	38	4
ENSMZEG00005003205	0	0
ENSMZEG00005003206	3	13
ENSMZEG00005003207	4	6
ENSMZEG00005003208	0	0
ENSMZEG00005003209	0	0
ENSMZEG00005003210	7	40
ENSMZEG00005003211	1	1
ENSMZEG00005003212	0	0
ENSMZEG00005003213	9	4
ENSMZEG00005003214	0	0
ENSMZEG00005003215	0	8
ENSMZEG00005003216	11	4
ENSMZEG00005003217	0	0
ENSMZEG00005003218	6	5
ENSMZEG00005003219	8	4
ENSMZEG00005003220	0	2
ENSMZEG00005003221	8	2
ENSMZEG00005003222	3	10
ENSMZEG00005003223	0	0
ENSMZEG00005003224	1	0
ENSMZEG00005003225	0	0
ENSMZEG00005003226	144	208
ENSMZEG00005003227	1	0
ENSMZEG00005003228	6	7
ENSMZEG00005003229	0	0
ENSMZEG00005003230	1	0
ENSMZEG00005003231	0	0
ENSMZEG00005003232	0	0
ENSMZEG00005003233	550	406
ENSMZEG00005003234	0	0
ENSMZEG00005003235	0	4
ENSMZEG00005003236	0	0
ENSMZEG00005003237	0	0
ENSMZEG00005003238	0	0
ENSMZEG00005003239	0	0
ENSMZEG00005003240	16	9
ENSMZEG00005003241	11	0
ENSMZEG00005003242	0	0
ENSMZEG00005003243	3	1
ENSMZEG00005003244	2	2
ENSMZEG00005003245	0	0
ENSMZEG00005003246	1	1
ENSMZEG00005003247	0	0
ENSMZEG00005003248	380	1510
ENSMZEG00005003249	0	2
ENSMZEG00005003250	0	0
ENSMZEG00005003251	0	0
ENSMZEG00005003252	6	3
ENSMZEG00005003253	28	5
ENSMZEG00005003254	18	4
ENSMZEG00005003255	0	0
ENSMZEG00005003256	3	5
ENSMZEG00005003257	597	200
ENSMZEG00005003258	155	182
ENSMZEG00005003259	0	6
ENSMZEG00005003260	2	1
ENSMZEG00005003261	2	0
ENSMZEG00005003262	0	0
ENSMZEG00005003263	0	0
ENSMZEG00005003264	2	3
ENSMZEG00005003265	4	3
ENSMZEG00005003266	0	0
ENSMZEG00005003267	51	15
ENSMZEG00005003268	163	140
ENSMZEG00005003269	2	1
ENSMZEG00005003270	9	6
ENSMZEG00005003271	0	0
ENSMZEG00005003272	0	0
ENSMZEG00005003273	2	1
ENSMZEG00005003274	0	0
ENSMZEG00005003275	0	1
ENSMZEG00005003276	0	0
ENSMZEG00005003277	0	0
ENSMZEG00005003278	3	5
ENSMZEG00005003279	1	1
ENSMZEG00005003280	2	0
ENSMZEG00005003281	0	1
ENSMZEG00005003282	0	2
ENSMZEG00005003283	1	3
ENSMZEG00005003284	1	0
ENSMZEG00005003285	0	0
ENSMZEG00005003286	2	0
ENSMZEG00005003287	0	0
ENSMZEG00005003288	4	0
ENSMZEG00005003289	0	0
ENSMZEG00005003290	0	0
ENSMZEG00005003291	0	3
ENSMZEG00005003292	1	0
ENSMZEG00005003293	0	0
ENSMZEG00005003294	0	1
ENSMZEG00005003295	7	7
ENSMZEG00005003296	2	7
ENSMZEG00005003297	4	1
ENSMZEG00005003298	0	0
ENSMZEG00005003299	0	0
ENSMZEG00005003300	0	0
ENSMZEG00005003301	0	0
ENSMZEG00005003302	2	0
ENSMZEG00005003303	0	0
ENSMZEG00005003304	12	0
ENSMZEG00005003305	23	5
ENSMZEG00005003306	336	314
ENSMZEG00005003307	0	0
ENSMZEG00005003308	152	75
ENSMZEG00005003309	7	10
ENSMZEG00005003310	390	631
ENSMZEG00005003311	22	3
ENSMZEG00005003312	3	5
ENSMZEG00005003313	0	0
ENSMZEG00005003314	1	0
ENSMZEG00005003315	0	0
ENSMZEG00005003316	1	0
ENSMZEG00005003317	0	0
ENSMZEG00005003318	0	0
ENSMZEG00005003319	2	9
ENSMZEG00005003320	0	0
ENSMZEG00005003321	0	0
ENSMZEG00005003322	0	1
ENSMZEG00005003323	13	27
ENSMZEG00005003324	8	5
ENSMZEG00005003325	5	13
ENSMZEG00005003326	0	1
ENSMZEG00005003327	32	17
ENSMZEG00005003328	17	16
ENSMZEG00005003329	0	0
ENSMZEG00005003330	2	0
ENSMZEG00005003331	0	0
ENSMZEG00005003332	1	0
ENSMZEG00005003333	0	1
ENSMZEG00005003334	36	401
ENSMZEG00005003335	11	3
ENSMZEG00005003336	6	1
ENSMZEG00005003337	0	2
ENSMZEG00005003338	14	0
ENSMZEG00005003339	7	4
ENSMZEG00005003340	0	0
ENSMZEG00005003341	0	0
ENSMZEG00005003342	0	0
ENSMZEG00005003343	0	2
ENSMZEG00005003344	0	0
ENSMZEG00005003345	0	0
ENSMZEG00005003346	1008	672
ENSMZEG00005003347	0	0
ENSMZEG00005003348	0	0
ENSMZEG00005003349	17	0
ENSMZEG00005003350	0	0
ENSMZEG00005003351	0	0
ENSMZEG00005003352	7	6
ENSMZEG00005003353	0	0
ENSMZEG00005003354	0	0
ENSMZEG00005003355	4	0
ENSMZEG00005003356	6	4
ENSMZEG00005003357	1	1
ENSMZEG00005003358	0	0
ENSMZEG00005003359	0	0
ENSMZEG00005003360	0	0
ENSMZEG00005003361	1	3
ENSMZEG00005003362	0	0
ENSMZEG00005003363	0	0
ENSMZEG00005003364	0	0
ENSMZEG00005003365	5	1
ENSMZEG00005003366	0	14
ENSMZEG00005003367	10	7
ENSMZEG00005003368	0	0
ENSMZEG00005003369	5	5
ENSMZEG00005003370	5	1
ENSMZEG00005003371	0	0
ENSMZEG00005003372	0	0
ENSMZEG00005003373	0	0
ENSMZEG00005003374	0	0
ENSMZEG00005003375	3	3
ENSMZEG00005003376	0	0
ENSMZEG00005003377	18	80
ENSMZEG00005003378	0	0
ENSMZEG00005003379	0	0
ENSMZEG00005003380	0	0
ENSMZEG00005003381	2	0
ENSMZEG00005003382	0	0
ENSMZEG00005003383	0	0
ENSMZEG00005003384	0	1
ENSMZEG00005003385	0	0
ENSMZEG00005003386	0	0
ENSMZEG00005003387	0	0
ENSMZEG00005003388	0	3
ENSMZEG00005003389	0	0
ENSMZEG00005003390	0	0
ENSMZEG00005003391	4	0
ENSMZEG00005003392	0	0
ENSMZEG00005003393	0	0
ENSMZEG00005003394	1	0
ENSMZEG00005003395	813	807
ENSMZEG00005003396	0	0
ENSMZEG00005003397	0	0
ENSMZEG00005003398	0	1
ENSMZEG00005003399	1	2
ENSMZEG00005003400	13	116
ENSMZEG00005003401	1	0
ENSMZEG00005003402	0	0
ENSMZEG00005003403	6	0
ENSMZEG00005003404	6	4
ENSMZEG00005003405	1750	978
ENSMZEG00005003406	0	0
ENSMZEG00005003407	1003	1039
ENSMZEG00005003408	0	0
ENSMZEG00005003409	0	0
ENSMZEG00005003410	1221	258
ENSMZEG00005003411	10	27
ENSMZEG00005003412	0	0
ENSMZEG00005003413	0	1
ENSMZEG00005003414	1	0
ENSMZEG00005003415	3	2
ENSMZEG00005003416	1	0
ENSMZEG00005003417	5	2
ENSMZEG00005003418	0	0
ENSMZEG00005003419	3	8
ENSMZEG00005003420	1	4
ENSMZEG00005003421	9	1
ENSMZEG00005003422	0	0
ENSMZEG00005003423	0	0
ENSMZEG00005003424	0	1
ENSMZEG00005003425	2	2
ENSMZEG00005003426	1	0
ENSMZEG00005003427	0	0
ENSMZEG00005003428	0	0
ENSMZEG00005003429	0	0
ENSMZEG00005003430	0	2
ENSMZEG00005003431	10	10
ENSMZEG00005003432	0	0
ENSMZEG00005003433	0	6
ENSMZEG00005003434	0	4
ENSMZEG00005003435	2	2
ENSMZEG00005003436	2	4
ENSMZEG00005003437	0	0
ENSMZEG00005003438	0	1
ENSMZEG00005003439	20	7
ENSMZEG00005003440	59	70
ENSMZEG00005003441	0	1
ENSMZEG00005003442	32	5
ENSMZEG00005003443	6	2
ENSMZEG00005003444	0	0
ENSMZEG00005003445	0	0
ENSMZEG00005003446	0	0
ENSMZEG00005003447	0	0
ENSMZEG00005003448	0	1
ENSMZEG00005003449	1	5
ENSMZEG00005003450	0	0
ENSMZEG00005003451	0	0
ENSMZEG00005003452	1	2
ENSMZEG00005003453	0	1
ENSMZEG00005003454	4	1
ENSMZEG00005003455	2	0
ENSMZEG00005003456	2	3
ENSMZEG00005003457	5	0
ENSMZEG00005003458	21	12
ENSMZEG00005003459	11	1
ENSMZEG00005003460	2	0
ENSMZEG00005003461	0	5
ENSMZEG00005003462	0	2
ENSMZEG00005003463	1	2
ENSMZEG00005003464	2	6
ENSMZEG00005003465	0	0
ENSMZEG00005003466	0	0
ENSMZEG00005003467	0	0
ENSMZEG00005003468	1	0
ENSMZEG00005003469	83	56
ENSMZEG00005003470	1	4
ENSMZEG00005003471	0	0
ENSMZEG00005003472	0	0
ENSMZEG00005003473	3	5
ENSMZEG00005003474	0	1
ENSMZEG00005003475	43	17
ENSMZEG00005003476	1	1
ENSMZEG00005003477	0	0
ENSMZEG00005003478	0	0
ENSMZEG00005003479	0	0
ENSMZEG00005003480	3	1
ENSMZEG00005003481	0	0
ENSMZEG00005003482	0	0
ENSMZEG00005003483	0	0
ENSMZEG00005003484	0	0
ENSMZEG00005003485	2	1
ENSMZEG00005003486	0	0
ENSMZEG00005003487	1	1
ENSMZEG00005003488	1	1
ENSMZEG00005003489	4	9
ENSMZEG00005003490	0	0
ENSMZEG00005003491	8	5
ENSMZEG00005003492	5	4
ENSMZEG00005003493	9	10
ENSMZEG00005003494	0	0
ENSMZEG00005003495	1	0
ENSMZEG00005003496	2	1
ENSMZEG00005003497	12	82
ENSMZEG00005003498	5	14
ENSMZEG00005003499	0	0
ENSMZEG00005003500	0	0
ENSMZEG00005003501	1	3
ENSMZEG00005003502	1	1
ENSMZEG00005003503	0	0
ENSMZEG00005003504	4	0
ENSMZEG00005003505	0	1
ENSMZEG00005003506	0	0
ENSMZEG00005003507	2	9
ENSMZEG00005003508	0	0
ENSMZEG00005003509	0	0
ENSMZEG00005003510	2	1
ENSMZEG00005003511	0	0
ENSMZEG00005003512	1	9
ENSMZEG00005003513	2	0
ENSMZEG00005003514	0	0
ENSMZEG00005003515	0	1
ENSMZEG00005003516	0	0
ENSMZEG00005003517	0	0
ENSMZEG00005003518	13	5
ENSMZEG00005003519	0	0
ENSMZEG00005003520	0	0
ENSMZEG00005003521	0	0
ENSMZEG00005003522	0	0
ENSMZEG00005003523	0	9
ENSMZEG00005003524	4	6
ENSMZEG00005003525	0	1
ENSMZEG00005003526	1	0
ENSMZEG00005003527	1	5
ENSMZEG00005003528	8	0
ENSMZEG00005003529	0	0
ENSMZEG00005003530	0	2
ENSMZEG00005003531	0	0
ENSMZEG00005003532	0	0
ENSMZEG00005003533	21	7
ENSMZEG00005003534	0	4
ENSMZEG00005003535	0	0
ENSMZEG00005003536	2	4
ENSMZEG00005003537	0	0
ENSMZEG00005003538	1965	695
ENSMZEG00005003539	1	22
ENSMZEG00005003540	0	0
ENSMZEG00005003541	9	4
ENSMZEG00005003542	6	0
ENSMZEG00005003543	2	2
ENSMZEG00005003544	0	1
ENSMZEG00005003545	0	1
ENSMZEG00005003546	2	7
ENSMZEG00005003547	1	3
ENSMZEG00005003548	4	26
ENSMZEG00005003549	0	0
ENSMZEG00005003550	0	3
ENSMZEG00005003551	0	1
ENSMZEG00005003552	0	0
ENSMZEG00005003553	0	0
ENSMZEG00005003554	0	0
ENSMZEG00005003555	230	237
ENSMZEG00005003556	3	0
ENSMZEG00005003557	6	1
ENSMZEG00005003558	0	0
ENSMZEG00005003559	5	4
ENSMZEG00005003560	0	0
ENSMZEG00005003561	9	5
ENSMZEG00005003562	0	0
ENSMZEG00005003563	0	2
ENSMZEG00005003564	0	0
ENSMZEG00005003565	1	0
ENSMZEG00005003566	0	0
ENSMZEG00005003567	0	0
ENSMZEG00005003568	3	4
ENSMZEG00005003569	1	0
ENSMZEG00005003570	2	1
ENSMZEG00005003571	1	0
ENSMZEG00005003572	1	5
ENSMZEG00005003573	616	345
ENSMZEG00005003574	0	0
ENSMZEG00005003575	0	0
ENSMZEG00005003576	0	0
ENSMZEG00005003577	4	0
ENSMZEG00005003578	0	4
ENSMZEG00005003579	0	0
ENSMZEG00005003580	7	12
ENSMZEG00005003581	4	3
ENSMZEG00005003582	6	46
ENSMZEG00005003583	0	2
ENSMZEG00005003584	0	0
ENSMZEG00005003585	0	0
ENSMZEG00005003586	3	0
ENSMZEG00005003587	0	4
ENSMZEG00005003588	0	0
ENSMZEG00005003589	1	0
ENSMZEG00005003590	0	0
ENSMZEG00005003591	0	0
ENSMZEG00005003592	0	6
ENSMZEG00005003593	0	0
ENSMZEG00005003594	747	421
ENSMZEG00005003595	0	0
ENSMZEG00005003596	4	6
ENSMZEG00005003597	0	0
ENSMZEG00005003598	2	5
ENSMZEG00005003599	0	1
ENSMZEG00005003600	1	5
ENSMZEG00005003601	6	3
ENSMZEG00005003602	1	0
ENSMZEG00005003603	1	6
ENSMZEG00005003604	0	0
ENSMZEG00005003605	6	4
ENSMZEG00005003606	1	1
ENSMZEG00005003607	0	5
ENSMZEG00005003608	0	0
ENSMZEG00005003609	0	0
ENSMZEG00005003610	32	29
ENSMZEG00005003611	0	0
ENSMZEG00005003612	1	0
ENSMZEG00005003613	0	0
ENSMZEG00005003614	0	0
ENSMZEG00005003615	0	0
ENSMZEG00005003616	0	0
ENSMZEG00005003617	5	47
ENSMZEG00005003618	1	0
ENSMZEG00005003619	0	0
ENSMZEG00005003620	0	0
ENSMZEG00005003621	0	0
ENSMZEG00005003622	3	0
ENSMZEG00005003623	0	0
ENSMZEG00005003624	4	4
ENSMZEG00005003625	0	0
ENSMZEG00005003626	0	0
ENSMZEG00005003627	4	12
ENSMZEG00005003628	1	0
ENSMZEG00005003629	8	15
ENSMZEG00005003630	0	0
ENSMZEG00005003631	1	4
ENSMZEG00005003632	8	10
ENSMZEG00005003633	222	25
ENSMZEG00005003634	0	0
ENSMZEG00005003635	0	0
ENSMZEG00005003636	5	3
ENSMZEG00005003637	26	1
ENSMZEG00005003638	1	12
ENSMZEG00005003639	2	3
ENSMZEG00005003640	1	1
ENSMZEG00005003641	0	0
ENSMZEG00005003642	0	0
ENSMZEG00005003643	2	0
ENSMZEG00005003644	0	0
ENSMZEG00005003645	0	0
ENSMZEG00005003646	4	3
ENSMZEG00005003647	6	5
ENSMZEG00005003648	0	0
ENSMZEG00005003649	0	0
ENSMZEG00005003650	0	0
ENSMZEG00005003651	268	169
ENSMZEG00005003652	7	8
ENSMZEG00005003653	0	0
ENSMZEG00005003654	30	17
ENSMZEG00005003655	0	0
ENSMZEG00005003656	2	8
ENSMZEG00005003657	0	0
ENSMZEG00005003658	6	3
ENSMZEG00005003659	0	0
ENSMZEG00005003660	0	0
ENSMZEG00005003661	0	0
ENSMZEG00005003662	87	1124
ENSMZEG00005003663	0	0
ENSMZEG00005003664	16	4
ENSMZEG00005003665	3	2
ENSMZEG00005003666	0	0
ENSMZEG00005003667	186	17
ENSMZEG00005003668	20	22
ENSMZEG00005003669	0	0
ENSMZEG00005003670	1	3
ENSMZEG00005003671	9	0
ENSMZEG00005003672	0	0
ENSMZEG00005003673	3	7
ENSMZEG00005003674	0	0
ENSMZEG00005003675	0	5
ENSMZEG00005003676	0	0
ENSMZEG00005003677	3	0
ENSMZEG00005003678	0	0
ENSMZEG00005003679	74	270
ENSMZEG00005003680	5	6
ENSMZEG00005003681	0	1
ENSMZEG00005003682	0	0
ENSMZEG00005003683	6	20
ENSMZEG00005003684	0	0
ENSMZEG00005003685	0	0
ENSMZEG00005003686	0	0
ENSMZEG00005003687	0	0
ENSMZEG00005003688	0	0
ENSMZEG00005003689	0	1
ENSMZEG00005003690	3	0
ENSMZEG00005003691	0	0
ENSMZEG00005003692	294	40
ENSMZEG00005003693	0	0
ENSMZEG00005003694	0	0
ENSMZEG00005003695	0	0
ENSMZEG00005003696	0	0
ENSMZEG00005003697	0	0
ENSMZEG00005003698	1	1
ENSMZEG00005003699	39	28
ENSMZEG00005003700	38	32
ENSMZEG00005003701	1	0
ENSMZEG00005003702	1	1
ENSMZEG00005003703	0	1
ENSMZEG00005003704	0	1
ENSMZEG00005003705	1	0
ENSMZEG00005003706	5	8
ENSMZEG00005003707	0	0
ENSMZEG00005003708	0	7
ENSMZEG00005003709	0	4
ENSMZEG00005003710	14	6
ENSMZEG00005003711	123	161
ENSMZEG00005003712	0	0
ENSMZEG00005003713	0	0
ENSMZEG00005003714	530	460
ENSMZEG00005003715	10	4
ENSMZEG00005003716	4	2
ENSMZEG00005003717	2	0
ENSMZEG00005003718	0	0
ENSMZEG00005003719	154	294
ENSMZEG00005003720	0	0
ENSMZEG00005003721	0	0
ENSMZEG00005003722	2	25
ENSMZEG00005003723	0	1
ENSMZEG00005003724	4	10
ENSMZEG00005003725	0	0
ENSMZEG00005003726	0	0
ENSMZEG00005003727	0	4
ENSMZEG00005003728	1	5
ENSMZEG00005003729	4	10
ENSMZEG00005003730	30	0
ENSMZEG00005003731	12	3
ENSMZEG00005003732	4	7
ENSMZEG00005003733	1	8
ENSMZEG00005003734	60	3
ENSMZEG00005003735	0	0
ENSMZEG00005003736	1	0
ENSMZEG00005003737	367	405
ENSMZEG00005003738	0	0
ENSMZEG00005003739	0	0
ENSMZEG00005003740	116	122
ENSMZEG00005003741	9	1
ENSMZEG00005003742	0	0
ENSMZEG00005003743	0	3
ENSMZEG00005003744	1	2
ENSMZEG00005003745	1	12
ENSMZEG00005003746	0	0
ENSMZEG00005003747	1	2
ENSMZEG00005003748	0	8
ENSMZEG00005003749	0	0
ENSMZEG00005003750	0	0
ENSMZEG00005003751	0	0
ENSMZEG00005003752	7592	38620
ENSMZEG00005003753	13	8
ENSMZEG00005003754	0	0
ENSMZEG00005003755	0	0
ENSMZEG00005003756	2	3
ENSMZEG00005003757	0	0
ENSMZEG00005003758	2	2
ENSMZEG00005003759	0	0
ENSMZEG00005003760	0	0
ENSMZEG00005003761	1	0
ENSMZEG00005003762	0	0
ENSMZEG00005003763	73	10
ENSMZEG00005003764	14	3
ENSMZEG00005003765	1	0
ENSMZEG00005003766	9	4
ENSMZEG00005003767	0	0
ENSMZEG00005003768	0	0
ENSMZEG00005003769	5	0
ENSMZEG00005003770	1	14
ENSMZEG00005003771	1	1
ENSMZEG00005003772	12	48
ENSMZEG00005003773	234	275
ENSMZEG00005003774	0	0
ENSMZEG00005003775	0	0
ENSMZEG00005003776	8	0
ENSMZEG00005003777	0	0
ENSMZEG00005003778	0	0
ENSMZEG00005003779	1	22
ENSMZEG00005003780	1	3
ENSMZEG00005003781	0	0
ENSMZEG00005003782	0	3
ENSMZEG00005003783	0	0
ENSMZEG00005003784	6	11
ENSMZEG00005003785	2	18
ENSMZEG00005003786	0	0
ENSMZEG00005003787	0	0
ENSMZEG00005003788	39	8
ENSMZEG00005003789	0	0
ENSMZEG00005003790	3	28
ENSMZEG00005003791	1	1
ENSMZEG00005003792	0	0
ENSMZEG00005003793	1	2
ENSMZEG00005003794	3	0
ENSMZEG00005003795	13	13
ENSMZEG00005003796	874	1421
ENSMZEG00005003797	0	0
ENSMZEG00005003798	0	3
ENSMZEG00005003799	2	1
ENSMZEG00005003800	0	0
ENSMZEG00005003801	0	0
ENSMZEG00005003802	0	0
ENSMZEG00005003803	1	17
ENSMZEG00005003804	0	0
ENSMZEG00005003805	0	7
ENSMZEG00005003806	0	1
ENSMZEG00005003807	31	5
ENSMZEG00005003808	0	0
ENSMZEG00005003809	0	0
ENSMZEG00005003810	1	1
ENSMZEG00005003811	71645	11322
ENSMZEG00005003812	1	2
ENSMZEG00005003813	0	0
ENSMZEG00005003814	0	0
ENSMZEG00005003815	12	11
ENSMZEG00005003816	2	4
ENSMZEG00005003817	0	0
ENSMZEG00005003818	0	2
ENSMZEG00005003819	4	25
ENSMZEG00005003820	4	9
ENSMZEG00005003821	0	2
ENSMZEG00005003822	0	1
ENSMZEG00005003823	0	0
ENSMZEG00005003824	0	0
ENSMZEG00005003825	0	0
ENSMZEG00005003826	4	1
ENSMZEG00005003827	0	7
ENSMZEG00005003828	7	3
ENSMZEG00005003829	0	1
ENSMZEG00005003830	0	0
ENSMZEG00005003831	3	0
ENSMZEG00005003832	0	0
ENSMZEG00005003833	0	0
ENSMZEG00005003834	0	1
ENSMZEG00005003835	4	4
ENSMZEG00005003836	0	0
ENSMZEG00005003837	0	0
ENSMZEG00005003838	0	2
ENSMZEG00005003839	3	0
ENSMZEG00005003840	0	0
ENSMZEG00005003841	1524	1495
ENSMZEG00005003842	0	0
ENSMZEG00005003843	0	1
ENSMZEG00005003844	3	49
ENSMZEG00005003845	2	3
ENSMZEG00005003846	0	0
ENSMZEG00005003847	6	1
ENSMZEG00005003848	0	0
ENSMZEG00005003849	5	1
ENSMZEG00005003850	0	0
ENSMZEG00005003851	0	0
ENSMZEG00005003852	0	0
ENSMZEG00005003853	0	0
ENSMZEG00005003854	0	0
ENSMZEG00005003855	9	2
ENSMZEG00005003856	0	0
ENSMZEG00005003857	0	2
ENSMZEG00005003858	0	0
ENSMZEG00005003859	0	0
ENSMZEG00005003860	0	0
ENSMZEG00005003861	0	0
ENSMZEG00005003862	1	1
ENSMZEG00005003863	0	0
ENSMZEG00005003864	6	1
ENSMZEG00005003865	2	0
ENSMZEG00005003866	4	0
ENSMZEG00005003867	0	0
ENSMZEG00005003868	13	3
ENSMZEG00005003869	6	0
ENSMZEG00005003870	0	0
ENSMZEG00005003871	4	1
ENSMZEG00005003872	0	0
ENSMZEG00005003873	0	0
ENSMZEG00005003874	0	0
ENSMZEG00005003875	4	1
ENSMZEG00005003876	1	0
ENSMZEG00005003877	0	1
ENSMZEG00005003878	0	0
ENSMZEG00005003879	0	0
ENSMZEG00005003880	0	1
ENSMZEG00005003881	2	0
ENSMZEG00005003882	0	0
ENSMZEG00005003883	7	14
ENSMZEG00005003884	7	3
ENSMZEG00005003885	0	0
ENSMZEG00005003886	0	0
ENSMZEG00005003887	8	2
ENSMZEG00005003888	1	0
ENSMZEG00005003889	11	8
ENSMZEG00005003890	0	0
ENSMZEG00005003891	1	5
ENSMZEG00005003892	8	2
ENSMZEG00005003893	0	0
ENSMZEG00005003894	3	0
ENSMZEG00005003895	1	0
ENSMZEG00005003896	1	0
ENSMZEG00005003897	8	1
ENSMZEG00005003898	0	0
ENSMZEG00005003899	10	0
ENSMZEG00005003900	7	1
ENSMZEG00005003901	1	1
ENSMZEG00005003902	244	32
ENSMZEG00005003903	46	2
ENSMZEG00005003904	0	0
ENSMZEG00005003905	14	10
ENSMZEG00005003906	0	0
ENSMZEG00005003907	11	0
ENSMZEG00005003908	5	5
ENSMZEG00005003909	0	2
ENSMZEG00005003910	0	0
ENSMZEG00005003911	77	1
ENSMZEG00005003912	0	0
ENSMZEG00005003913	5	37
ENSMZEG00005003914	0	0
ENSMZEG00005003915	0	0
ENSMZEG00005003916	3	2
ENSMZEG00005003917	51	4
ENSMZEG00005003918	1	0
ENSMZEG00005003919	5	11
ENSMZEG00005003920	386	643
ENSMZEG00005003921	0	0
ENSMZEG00005003922	3	1
ENSMZEG00005003923	7	1
ENSMZEG00005003924	728	3004
ENSMZEG00005003925	1	0
ENSMZEG00005003926	3	0
ENSMZEG00005003927	4	2
ENSMZEG00005003928	0	0
ENSMZEG00005003929	0	2
ENSMZEG00005003930	21	53
ENSMZEG00005003931	0	0
ENSMZEG00005003932	0	0
ENSMZEG00005003933	0	0
ENSMZEG00005003934	0	4
ENSMZEG00005003935	0	2
ENSMZEG00005003936	11	3
ENSMZEG00005003937	5	5
ENSMZEG00005003938	0	0
ENSMZEG00005003939	0	0
ENSMZEG00005003940	0	0
ENSMZEG00005003941	1	11
ENSMZEG00005003942	1	1
ENSMZEG00005003943	1	1
ENSMZEG00005003944	0	0
ENSMZEG00005003945	0	0
ENSMZEG00005003946	6	3
ENSMZEG00005003947	0	0
ENSMZEG00005003948	0	0
ENSMZEG00005003949	0	0
ENSMZEG00005003950	1	2
ENSMZEG00005003951	0	0
ENSMZEG00005003952	55	2
ENSMZEG00005003953	0	0
ENSMZEG00005003954	0	0
ENSMZEG00005003955	31	5
ENSMZEG00005003956	2	0
ENSMZEG00005003957	9	0
ENSMZEG00005003958	0	0
ENSMZEG00005003959	15	0
ENSMZEG00005003960	0	0
ENSMZEG00005003961	0	0
ENSMZEG00005003962	0	0
ENSMZEG00005003963	0	0
ENSMZEG00005003964	1	3
ENSMZEG00005003965	0	0
ENSMZEG00005003966	1	0
ENSMZEG00005003967	2	2
ENSMZEG00005003968	3	0
ENSMZEG00005003969	0	0
ENSMZEG00005003970	6	5
ENSMZEG00005003971	3	4
ENSMZEG00005003972	0	1
ENSMZEG00005003973	0	0
ENSMZEG00005003974	3	1
ENSMZEG00005003975	0	0
ENSMZEG00005003976	1	0
ENSMZEG00005003977	0	0
ENSMZEG00005003978	7	4
ENSMZEG00005003979	0	0
ENSMZEG00005003980	0	0
ENSMZEG00005003981	9	0
ENSMZEG00005003982	0	0
ENSMZEG00005003983	0	0
ENSMZEG00005003984	0	0
ENSMZEG00005003985	6	0
ENSMZEG00005003986	0	0
ENSMZEG00005003987	0	1
ENSMZEG00005003988	0	0
ENSMZEG00005003989	1	2
ENSMZEG00005003990	1	0
ENSMZEG00005003991	0	1
ENSMZEG00005003992	0	0
ENSMZEG00005003993	16	1
ENSMZEG00005003994	2	1
ENSMZEG00005003995	0	0
ENSMZEG00005003996	13	3
ENSMZEG00005003997	189	29
ENSMZEG00005003998	0	0
ENSMZEG00005003999	2	1
ENSMZEG00005004000	6	16
ENSMZEG00005004001	1	1
ENSMZEG00005004002	0	0
ENSMZEG00005004003	0	0
ENSMZEG00005004004	0	0
ENSMZEG00005004005	0	0
ENSMZEG00005004006	1	8
ENSMZEG00005004007	2	0
ENSMZEG00005004008	8	11
ENSMZEG00005004009	0	0
ENSMZEG00005004010	0	0
ENSMZEG00005004011	0	0
ENSMZEG00005004012	9	14
ENSMZEG00005004013	4	1
ENSMZEG00005004014	0	0
ENSMZEG00005004015	210	223
ENSMZEG00005004016	0	0
ENSMZEG00005004017	8	0
ENSMZEG00005004018	1	0
ENSMZEG00005004019	28	9
ENSMZEG00005004020	6	4
ENSMZEG00005004021	0	1
ENSMZEG00005004022	0	0
ENSMZEG00005004023	0	0
ENSMZEG00005004024	75	55
ENSMZEG00005004025	0	0
ENSMZEG00005004026	561	181
ENSMZEG00005004027	0	1
ENSMZEG00005004028	0	0
ENSMZEG00005004029	4	12
ENSMZEG00005004030	0	0
ENSMZEG00005004031	1	0
ENSMZEG00005004032	0	0
ENSMZEG00005004033	0	0
ENSMZEG00005004034	2	1
ENSMZEG00005004035	11	8
ENSMZEG00005004036	0	0
ENSMZEG00005004037	0	0
ENSMZEG00005004038	2	1
ENSMZEG00005004039	0	0
ENSMZEG00005004040	0	0
ENSMZEG00005004041	0	3
ENSMZEG00005004042	3	0
ENSMZEG00005004043	0	0
ENSMZEG00005004044	0	0
ENSMZEG00005004045	3	0
ENSMZEG00005004046	0	0
ENSMZEG00005004047	1	7
ENSMZEG00005004048	37	27
ENSMZEG00005004049	8	36
ENSMZEG00005004050	109	1616
ENSMZEG00005004051	21	9
ENSMZEG00005004052	0	1
ENSMZEG00005004053	0	1
ENSMZEG00005004054	7	0
ENSMZEG00005004055	0	0
ENSMZEG00005004056	8	28
ENSMZEG00005004057	40	18
ENSMZEG00005004058	0	0
ENSMZEG00005004059	0	1
ENSMZEG00005004060	0	0
ENSMZEG00005004061	0	12
ENSMZEG00005004062	3	0
ENSMZEG00005004063	1	1
ENSMZEG00005004064	0	0
ENSMZEG00005004065	1	4
ENSMZEG00005004066	2	2
ENSMZEG00005004067	6	23
ENSMZEG00005004068	0	0
ENSMZEG00005004069	0	0
ENSMZEG00005004070	52	19
ENSMZEG00005004071	3	2
ENSMZEG00005004072	0	0
ENSMZEG00005004073	3	2
ENSMZEG00005004074	0	0
ENSMZEG00005004075	4	1
ENSMZEG00005004076	88	316
ENSMZEG00005004077	0	0
ENSMZEG00005004078	0	0
ENSMZEG00005004079	6	11
ENSMZEG00005004080	0	0
ENSMZEG00005004081	2	0
ENSMZEG00005004082	0	0
ENSMZEG00005004083	7	9
ENSMZEG00005004084	5	9
ENSMZEG00005004085	0	0
ENSMZEG00005004086	13	46
ENSMZEG00005004087	18	4
ENSMZEG00005004088	1	0
ENSMZEG00005004089	0	0
ENSMZEG00005004090	0	0
ENSMZEG00005004091	4	3
ENSMZEG00005004092	951	1405
ENSMZEG00005004093	2	1
ENSMZEG00005004094	1	4
ENSMZEG00005004095	0	0
ENSMZEG00005004096	2	0
ENSMZEG00005004097	6	9
ENSMZEG00005004098	0	0
ENSMZEG00005004099	47	69
ENSMZEG00005004100	5	9
ENSMZEG00005004101	6	19
ENSMZEG00005004102	3	0
ENSMZEG00005004103	0	0
ENSMZEG00005004104	0	0
ENSMZEG00005004105	0	0
ENSMZEG00005004106	0	0
ENSMZEG00005004107	9	4
ENSMZEG00005004108	3	0
ENSMZEG00005004109	0	2
ENSMZEG00005004110	18	17
ENSMZEG00005004111	1	0
ENSMZEG00005004112	382	872
ENSMZEG00005004113	6	5
ENSMZEG00005004114	0	0
ENSMZEG00005004115	17	11
ENSMZEG00005004116	7	0
ENSMZEG00005004117	0	0
ENSMZEG00005004118	0	1
ENSMZEG00005004119	0	0
ENSMZEG00005004120	2	9
ENSMZEG00005004121	0	0
ENSMZEG00005004122	0	3
ENSMZEG00005004123	0	0
ENSMZEG00005004124	0	0
ENSMZEG00005004125	0	0
ENSMZEG00005004126	0	0
ENSMZEG00005004127	2	0
ENSMZEG00005004128	0	2
ENSMZEG00005004129	108	4
ENSMZEG00005004130	4	0
ENSMZEG00005004131	5	3
ENSMZEG00005004132	1	11
ENSMZEG00005004133	0	0
ENSMZEG00005004134	1	0
ENSMZEG00005004135	0	0
ENSMZEG00005004136	500	773
ENSMZEG00005004137	1	0
ENSMZEG00005004138	12	17
ENSMZEG00005004139	1	1
ENSMZEG00005004140	1	15
ENSMZEG00005004141	0	0
ENSMZEG00005004142	0	0
ENSMZEG00005004143	468	132
ENSMZEG00005004144	0	0
ENSMZEG00005004145	199	212
ENSMZEG00005004146	1	0
ENSMZEG00005004147	0	0
ENSMZEG00005004148	4	3
ENSMZEG00005004149	6	1
ENSMZEG00005004150	0	0
ENSMZEG00005004151	6	15
ENSMZEG00005004152	2	3
ENSMZEG00005004153	0	0
ENSMZEG00005004154	1	2
ENSMZEG00005004155	0	1
ENSMZEG00005004156	0	0
ENSMZEG00005004157	0	0
ENSMZEG00005004158	0	0
ENSMZEG00005004159	86	142
ENSMZEG00005004160	0	6
ENSMZEG00005004161	2	0
ENSMZEG00005004162	9	6
ENSMZEG00005004163	10	3
ENSMZEG00005004164	2	6
ENSMZEG00005004165	7	14
ENSMZEG00005004166	0	1
ENSMZEG00005004167	373	478
ENSMZEG00005004168	0	0
ENSMZEG00005004169	0	1
ENSMZEG00005004170	0	0
ENSMZEG00005004171	0	0
ENSMZEG00005004172	0	0
ENSMZEG00005004173	2	2
ENSMZEG00005004174	0	0
ENSMZEG00005004175	0	0
ENSMZEG00005004176	0	0
ENSMZEG00005004177	2	1
ENSMZEG00005004178	0	0
ENSMZEG00005004179	3	0
ENSMZEG00005004180	1273	836
ENSMZEG00005004181	0	0
ENSMZEG00005004182	3	0
ENSMZEG00005004183	0	2
ENSMZEG00005004184	8	1
ENSMZEG00005004185	0	0
ENSMZEG00005004186	0	12
ENSMZEG00005004187	1	1
ENSMZEG00005004188	0	1
ENSMZEG00005004189	533	162
ENSMZEG00005004190	0	0
ENSMZEG00005004191	0	6
ENSMZEG00005004192	0	0
ENSMZEG00005004193	0	0
ENSMZEG00005004194	2	3
ENSMZEG00005004195	0	0
ENSMZEG00005004196	3	0
ENSMZEG00005004197	1	2
ENSMZEG00005004198	5	6
ENSMZEG00005004199	0	0
ENSMZEG00005004200	0	0
ENSMZEG00005004201	6	5
ENSMZEG00005004202	3	1
ENSMZEG00005004203	0	0
ENSMZEG00005004204	0	0
ENSMZEG00005004205	1	2
ENSMZEG00005004206	2	0
ENSMZEG00005004207	7	6
ENSMZEG00005004208	2	0
ENSMZEG00005004209	11	1
ENSMZEG00005004210	0	0
ENSMZEG00005004211	0	4
ENSMZEG00005004212	0	0
ENSMZEG00005004213	0	0
ENSMZEG00005004214	1	2
ENSMZEG00005004215	0	0
ENSMZEG00005004216	0	5
ENSMZEG00005004217	0	1
ENSMZEG00005004218	1	5
ENSMZEG00005004219	0	4
ENSMZEG00005004220	1	0
ENSMZEG00005004221	0	0
ENSMZEG00005004222	0	0
ENSMZEG00005004223	3	14
ENSMZEG00005004224	7	10
ENSMZEG00005004225	0	0
ENSMZEG00005004226	3	1
ENSMZEG00005004227	7	6
ENSMZEG00005004228	0	0
ENSMZEG00005004229	2	2
ENSMZEG00005004230	5	2
ENSMZEG00005004231	3	3
ENSMZEG00005004232	233	407
ENSMZEG00005004233	0	0
ENSMZEG00005004234	0	0
ENSMZEG00005004235	0	0
ENSMZEG00005004236	1	4
ENSMZEG00005004237	0	0
ENSMZEG00005004238	1	2
ENSMZEG00005004239	692	92
ENSMZEG00005004240	11	7
ENSMZEG00005004241	0	5
ENSMZEG00005004242	0	0
ENSMZEG00005004243	0	0
ENSMZEG00005004244	0	0
ENSMZEG00005004245	0	0
ENSMZEG00005004246	4	3
ENSMZEG00005004247	0	0
ENSMZEG00005004248	69	48
ENSMZEG00005004249	0	0
ENSMZEG00005004250	0	0
ENSMZEG00005004251	0	1
ENSMZEG00005004252	1	2
ENSMZEG00005004253	0	0
ENSMZEG00005004254	0	2
ENSMZEG00005004255	0	0
ENSMZEG00005004256	1	2
ENSMZEG00005004257	1	0
ENSMZEG00005004258	60	66
ENSMZEG00005004259	0	0
ENSMZEG00005004260	0	0
ENSMZEG00005004261	3	0
ENSMZEG00005004262	0	0
ENSMZEG00005004263	2499	3652
ENSMZEG00005004264	48	245
ENSMZEG00005004265	0	0
ENSMZEG00005004266	0	0
ENSMZEG00005004267	8	8
ENSMZEG00005004268	0	0
ENSMZEG00005004269	0	0
ENSMZEG00005004270	2	0
ENSMZEG00005004271	0	1
ENSMZEG00005004272	2	1
ENSMZEG00005004273	1	8
ENSMZEG00005004274	33	17
ENSMZEG00005004275	306	309
ENSMZEG00005004276	2	0
ENSMZEG00005004277	0	0
ENSMZEG00005004278	1	4
ENSMZEG00005004279	716	421
ENSMZEG00005004280	0	0
ENSMZEG00005004281	3	13
ENSMZEG00005004282	0	0
ENSMZEG00005004283	0	0
ENSMZEG00005004284	0	0
ENSMZEG00005004285	0	0
ENSMZEG00005004286	0	0
ENSMZEG00005004287	0	0
ENSMZEG00005004288	0	0
ENSMZEG00005004289	2	15
ENSMZEG00005004290	1393	495
ENSMZEG00005004291	0	0
ENSMZEG00005004292	2	8
ENSMZEG00005004293	5	14
ENSMZEG00005004294	1	1
ENSMZEG00005004295	0	0
ENSMZEG00005004296	5	25
ENSMZEG00005004297	0	0
ENSMZEG00005004298	1934	3704
ENSMZEG00005004299	0	0
ENSMZEG00005004300	13	12
ENSMZEG00005004301	0	0
ENSMZEG00005004302	5	3
ENSMZEG00005004303	2	5
ENSMZEG00005004304	0	1
ENSMZEG00005004305	9	3
ENSMZEG00005004306	4	4
ENSMZEG00005004307	4	1
ENSMZEG00005004308	3	0
ENSMZEG00005004309	0	0
ENSMZEG00005004310	0	0
ENSMZEG00005004311	0	0
ENSMZEG00005004312	17	16
ENSMZEG00005004313	216	291
ENSMZEG00005004314	19	3
ENSMZEG00005004315	5	3
ENSMZEG00005004316	515	91
ENSMZEG00005004317	0	1
ENSMZEG00005004318	0	0
ENSMZEG00005004319	0	1
ENSMZEG00005004320	0	0
ENSMZEG00005004321	0	0
ENSMZEG00005004322	0	0
ENSMZEG00005004323	0	0
ENSMZEG00005004324	0	0
ENSMZEG00005004325	0	0
ENSMZEG00005004326	0	1
ENSMZEG00005004327	0	0
ENSMZEG00005004328	13	24
ENSMZEG00005004329	1	4
ENSMZEG00005004330	5	1
ENSMZEG00005004331	0	0
ENSMZEG00005004332	3	0
ENSMZEG00005004333	0	0
ENSMZEG00005004334	23	17
ENSMZEG00005004335	2	0
ENSMZEG00005004336	1	5
ENSMZEG00005004337	1	1
ENSMZEG00005004338	0	0
ENSMZEG00005004339	0	0
ENSMZEG00005004340	0	0
ENSMZEG00005004341	32	13
ENSMZEG00005004342	0	0
ENSMZEG00005004343	0	0
ENSMZEG00005004344	4	2
ENSMZEG00005004345	0	3
ENSMZEG00005004346	6	15
ENSMZEG00005004347	18	53
ENSMZEG00005004348	1	0
ENSMZEG00005004349	0	1
ENSMZEG00005004350	0	0
ENSMZEG00005004351	1	1
ENSMZEG00005004352	2	0
ENSMZEG00005004353	50	125
ENSMZEG00005004354	0	0
ENSMZEG00005004355	0	0
ENSMZEG00005004356	0	0
ENSMZEG00005004357	0	0
ENSMZEG00005004358	1	1
ENSMZEG00005004359	35	7
ENSMZEG00005004360	0	2
ENSMZEG00005004361	2	3
ENSMZEG00005004362	0	0
ENSMZEG00005004363	0	0
ENSMZEG00005004364	9	2
ENSMZEG00005004365	0	0
ENSMZEG00005004366	0	0
ENSMZEG00005004367	3	2
ENSMZEG00005004368	0	0
ENSMZEG00005004369	20	6
ENSMZEG00005004370	0	0
ENSMZEG00005004371	2	3
ENSMZEG00005004372	1169	2187
ENSMZEG00005004373	0	0
ENSMZEG00005004374	0	0
ENSMZEG00005004375	0	0
ENSMZEG00005004376	0	0
ENSMZEG00005004377	0	0
ENSMZEG00005004378	0	0
ENSMZEG00005004379	0	1
ENSMZEG00005004380	1700	712
ENSMZEG00005004381	0	0
ENSMZEG00005004382	2	9
ENSMZEG00005004383	0	0
ENSMZEG00005004384	13	0
ENSMZEG00005004385	0	0
ENSMZEG00005004386	10	13
ENSMZEG00005004387	0	0
ENSMZEG00005004388	1	3
ENSMZEG00005004389	0	0
ENSMZEG00005004390	0	0
ENSMZEG00005004391	24	18
ENSMZEG00005004392	0	0
ENSMZEG00005004393	0	0
ENSMZEG00005004394	0	0
ENSMZEG00005004395	3	0
ENSMZEG00005004396	17	22
ENSMZEG00005004397	14	0
ENSMZEG00005004398	2	0
ENSMZEG00005004399	6	5
ENSMZEG00005004400	0	1
ENSMZEG00005004401	3	0
ENSMZEG00005004402	13	7
ENSMZEG00005004403	0	0
ENSMZEG00005004404	2	6
ENSMZEG00005004405	8	5
ENSMZEG00005004406	2	4
ENSMZEG00005004407	1	2
ENSMZEG00005004408	0	0
ENSMZEG00005004409	0	0
ENSMZEG00005004410	0	1
ENSMZEG00005004411	0	0
ENSMZEG00005004412	14	6
ENSMZEG00005004413	3	0
ENSMZEG00005004414	0	0
ENSMZEG00005004415	3	0
ENSMZEG00005004416	7	4
ENSMZEG00005004417	0	0
ENSMZEG00005004418	0	0
ENSMZEG00005004419	1	0
ENSMZEG00005004420	176	108
ENSMZEG00005004421	0	11
ENSMZEG00005004422	400	924
ENSMZEG00005004423	2	7
ENSMZEG00005004424	0	0
ENSMZEG00005004425	2	5
ENSMZEG00005004426	4	0
ENSMZEG00005004427	6	6
ENSMZEG00005004428	0	6
ENSMZEG00005004429	4	8
ENSMZEG00005004430	1	0
ENSMZEG00005004431	1	3
ENSMZEG00005004432	6	17
ENSMZEG00005004433	0	0
ENSMZEG00005004434	4	4
ENSMZEG00005004435	0	4
ENSMZEG00005004436	0	0
ENSMZEG00005004437	0	0
ENSMZEG00005004438	285	278
ENSMZEG00005004439	0	0
ENSMZEG00005004440	17	1
ENSMZEG00005004441	0	0
ENSMZEG00005004442	1	2
ENSMZEG00005004443	0	0
ENSMZEG00005004444	116	143
ENSMZEG00005004445	20271	4311
ENSMZEG00005004446	11	10
ENSMZEG00005004447	12	9
ENSMZEG00005004448	0	1
ENSMZEG00005004449	0	0
ENSMZEG00005004450	117	92
ENSMZEG00005004451	21	3
ENSMZEG00005004452	0	0
ENSMZEG00005004453	7	5
ENSMZEG00005004454	7	10
ENSMZEG00005004455	0	0
ENSMZEG00005004456	2352	3708
ENSMZEG00005004457	14	1
ENSMZEG00005004458	0	0
ENSMZEG00005004459	0	0
ENSMZEG00005004460	3	2
ENSMZEG00005004461	5	0
ENSMZEG00005004462	91	140
ENSMZEG00005004463	2	0
ENSMZEG00005004464	1	2
ENSMZEG00005004465	73	8
ENSMZEG00005004466	0	0
ENSMZEG00005004467	1	1
ENSMZEG00005004468	3	13
ENSMZEG00005004469	46	7
ENSMZEG00005004470	13843	5270
ENSMZEG00005004471	1	1
ENSMZEG00005004472	0	0
ENSMZEG00005004473	2	1
ENSMZEG00005004474	5	10
ENSMZEG00005004475	6	15
ENSMZEG00005004476	89	11
ENSMZEG00005004477	3	3
ENSMZEG00005004478	0	0
ENSMZEG00005004479	1	0
ENSMZEG00005004480	1689	890
ENSMZEG00005004481	0	1
ENSMZEG00005004482	1	1
ENSMZEG00005004483	0	0
ENSMZEG00005004484	611	78
ENSMZEG00005004485	7	29
ENSMZEG00005004486	12	10
ENSMZEG00005004487	2	15
ENSMZEG00005004488	3	1
ENSMZEG00005004489	0	0
ENSMZEG00005004490	0	9
ENSMZEG00005004491	1	1
ENSMZEG00005004492	619	2173
ENSMZEG00005004493	0	0
ENSMZEG00005004494	4	3
ENSMZEG00005004495	0	0
ENSMZEG00005004496	0	0
ENSMZEG00005004497	0	0
ENSMZEG00005004498	10	2
ENSMZEG00005004499	0	0
ENSMZEG00005004500	2	0
ENSMZEG00005004501	8	6
ENSMZEG00005004502	0	0
ENSMZEG00005004503	2	0
ENSMZEG00005004504	795	9773
ENSMZEG00005004505	0	0
ENSMZEG00005004506	1	0
ENSMZEG00005004507	2	0
ENSMZEG00005004508	4	1
ENSMZEG00005004509	0	0
ENSMZEG00005004510	0	0
ENSMZEG00005004511	1	0
ENSMZEG00005004512	0	0
ENSMZEG00005004513	0	0
ENSMZEG00005004514	0	0
ENSMZEG00005004515	0	7
ENSMZEG00005004516	2	0
ENSMZEG00005004517	109	16
ENSMZEG00005004518	0	0
ENSMZEG00005004519	8	1
ENSMZEG00005004520	5	33
ENSMZEG00005004521	1	3
ENSMZEG00005004522	21	40
ENSMZEG00005004523	7	89
ENSMZEG00005004524	0	14
ENSMZEG00005004525	0	0
ENSMZEG00005004526	0	1
ENSMZEG00005004527	0	0
ENSMZEG00005004528	0	4
ENSMZEG00005004529	8	4
ENSMZEG00005004530	4	0
ENSMZEG00005004531	15	10
ENSMZEG00005004532	0	5
ENSMZEG00005004533	0	0
ENSMZEG00005004534	0	0
ENSMZEG00005004535	4	4
ENSMZEG00005004536	0	0
ENSMZEG00005004537	199	331
ENSMZEG00005004538	4	10
ENSMZEG00005004539	9	84
ENSMZEG00005004540	0	2
ENSMZEG00005004541	9	9
ENSMZEG00005004542	2	0
ENSMZEG00005004543	993	847
ENSMZEG00005004544	1	0
ENSMZEG00005004545	5	13
ENSMZEG00005004546	0	0
ENSMZEG00005004547	1	1
ENSMZEG00005004548	0	0
ENSMZEG00005004549	4	19
ENSMZEG00005004550	0	0
ENSMZEG00005004551	2	1
ENSMZEG00005004552	0	0
ENSMZEG00005004553	2	2
ENSMZEG00005004554	0	8
ENSMZEG00005004555	1	1
ENSMZEG00005004556	3	1
ENSMZEG00005004557	0	1
ENSMZEG00005004558	0	0
ENSMZEG00005004559	0	0
ENSMZEG00005004560	18	58
ENSMZEG00005004561	0	0
ENSMZEG00005004562	0	0
ENSMZEG00005004563	0	0
ENSMZEG00005004564	3	3
ENSMZEG00005004565	7	6
ENSMZEG00005004566	184	483
ENSMZEG00005004567	2	0
ENSMZEG00005004568	0	0
ENSMZEG00005004569	0	0
ENSMZEG00005004570	0	3
ENSMZEG00005004571	0	0
ENSMZEG00005004572	55	67
ENSMZEG00005004573	0	0
ENSMZEG00005004574	1	0
ENSMZEG00005004575	0	0
ENSMZEG00005004576	0	2
ENSMZEG00005004577	4	0
ENSMZEG00005004578	1	1
ENSMZEG00005004579	0	4
ENSMZEG00005004580	0	1
ENSMZEG00005004581	0	2
ENSMZEG00005004582	2	6
ENSMZEG00005004583	0	0
ENSMZEG00005004584	2	4
ENSMZEG00005004585	4	4
ENSMZEG00005004586	0	0
ENSMZEG00005004587	1	1
ENSMZEG00005004588	0	2
ENSMZEG00005004589	0	0
ENSMZEG00005004590	1	0
ENSMZEG00005004591	0	0
ENSMZEG00005004592	2	1
ENSMZEG00005004593	0	0
ENSMZEG00005004594	233	171
ENSMZEG00005004595	0	0
ENSMZEG00005004596	6	3
ENSMZEG00005004597	0	0
ENSMZEG00005004598	2	1
ENSMZEG00005004599	0	2
ENSMZEG00005004600	0	0
ENSMZEG00005004601	0	2
ENSMZEG00005004602	0	0
ENSMZEG00005004603	17	12
ENSMZEG00005004604	0	0
ENSMZEG00005004605	0	0
ENSMZEG00005004606	56	97
ENSMZEG00005004607	10	3
ENSMZEG00005004608	0	0
ENSMZEG00005004609	7	3
ENSMZEG00005004610	1	0
ENSMZEG00005004611	4	5
ENSMZEG00005004612	0	0
ENSMZEG00005004613	1	2
ENSMZEG00005004614	0	0
ENSMZEG00005004615	5	3
ENSMZEG00005004616	0	1
ENSMZEG00005004617	454	411
ENSMZEG00005004618	1	0
ENSMZEG00005004619	0	0
ENSMZEG00005004620	0	0
ENSMZEG00005004621	2	0
ENSMZEG00005004622	1	2
ENSMZEG00005004623	36	8
ENSMZEG00005004624	0	0
ENSMZEG00005004625	0	0
ENSMZEG00005004626	4	3
ENSMZEG00005004627	2	5
ENSMZEG00005004628	0	0
ENSMZEG00005004629	0	1
ENSMZEG00005004630	0	0
ENSMZEG00005004631	0	0
ENSMZEG00005004632	0	0
ENSMZEG00005004633	6	0
ENSMZEG00005004634	4	4
ENSMZEG00005004635	0	5
ENSMZEG00005004636	0	2
ENSMZEG00005004637	93	137
ENSMZEG00005004638	0	1
ENSMZEG00005004639	0	0
ENSMZEG00005004640	2	0
ENSMZEG00005004641	1	0
ENSMZEG00005004642	22	420
ENSMZEG00005004643	2	4
ENSMZEG00005004644	10	18
ENSMZEG00005004645	0	6
ENSMZEG00005004646	0	0
ENSMZEG00005004647	11	116
ENSMZEG00005004648	2	0
ENSMZEG00005004649	9	1
ENSMZEG00005004650	0	0
ENSMZEG00005004651	0	0
ENSMZEG00005004652	1088	2114
ENSMZEG00005004653	109	42
ENSMZEG00005004654	0	0
ENSMZEG00005004655	0	1
ENSMZEG00005004656	0	0
ENSMZEG00005004657	0	0
ENSMZEG00005004658	1	0
ENSMZEG00005004659	0	0
ENSMZEG00005004660	5	6
ENSMZEG00005004661	0	0
ENSMZEG00005004662	0	0
ENSMZEG00005004663	8	4
ENSMZEG00005004664	0	1
ENSMZEG00005004665	1	0
ENSMZEG00005004666	0	0
ENSMZEG00005004667	0	0
ENSMZEG00005004668	7	1
ENSMZEG00005004669	1	4
ENSMZEG00005004670	0	0
ENSMZEG00005004671	0	0
ENSMZEG00005004672	0	1
ENSMZEG00005004673	0	0
ENSMZEG00005004674	0	1
ENSMZEG00005004675	0	0
ENSMZEG00005004676	0	1
ENSMZEG00005004677	11	48
ENSMZEG00005004678	3	0
ENSMZEG00005004679	0	0
ENSMZEG00005004680	0	0
ENSMZEG00005004681	0	0
ENSMZEG00005004682	0	5
ENSMZEG00005004683	0	0
ENSMZEG00005004684	1	7
ENSMZEG00005004685	10	4
ENSMZEG00005004686	0	0
ENSMZEG00005004687	525	465
ENSMZEG00005004688	7	0
ENSMZEG00005004689	1	3
ENSMZEG00005004690	1	2
ENSMZEG00005004691	0	0
ENSMZEG00005004692	0	0
ENSMZEG00005004693	34	5
ENSMZEG00005004694	10	5
ENSMZEG00005004695	24	59
ENSMZEG00005004696	0	0
ENSMZEG00005004697	0	0
ENSMZEG00005004698	302	58
ENSMZEG00005004699	0	16
ENSMZEG00005004700	0	0
ENSMZEG00005004701	0	0
ENSMZEG00005004702	0	2
ENSMZEG00005004703	0	0
ENSMZEG00005004704	2	0
ENSMZEG00005004705	0	0
ENSMZEG00005004706	0	0
ENSMZEG00005004707	0	0
ENSMZEG00005004708	0	0
ENSMZEG00005004709	0	5
ENSMZEG00005004710	0	0
ENSMZEG00005004711	7	3
ENSMZEG00005004712	1	0
ENSMZEG00005004713	0	0
ENSMZEG00005004714	20	35
ENSMZEG00005004715	0	0
ENSMZEG00005004716	0	0
ENSMZEG00005004717	0	0
ENSMZEG00005004718	0	0
ENSMZEG00005004719	14	31
ENSMZEG00005004720	1	4
ENSMZEG00005004721	0	0
ENSMZEG00005004722	2	6
ENSMZEG00005004723	0	0
ENSMZEG00005004724	2	3
ENSMZEG00005004725	0	0
ENSMZEG00005004726	0	0
ENSMZEG00005004727	0	0
ENSMZEG00005004728	0	0
ENSMZEG00005004729	0	0
ENSMZEG00005004730	1	10
ENSMZEG00005004731	729	1078
ENSMZEG00005004732	1	0
ENSMZEG00005004733	0	0
ENSMZEG00005004734	2	11
ENSMZEG00005004735	2	6
ENSMZEG00005004736	0	0
ENSMZEG00005004737	5	4
ENSMZEG00005004738	0	1
ENSMZEG00005004739	0	0
ENSMZEG00005004740	0	0
ENSMZEG00005004741	4	3
ENSMZEG00005004742	0	0
ENSMZEG00005004743	7	2
ENSMZEG00005004744	6	9
ENSMZEG00005004745	0	0
ENSMZEG00005004746	0	0
ENSMZEG00005004747	9	3
ENSMZEG00005004748	0	0
ENSMZEG00005004749	45	60
ENSMZEG00005004750	0	2
ENSMZEG00005004751	4	5
ENSMZEG00005004752	1	0
ENSMZEG00005004753	0	2
ENSMZEG00005004754	2	0
ENSMZEG00005004755	0	0
ENSMZEG00005004756	0	2
ENSMZEG00005004757	0	2
ENSMZEG00005004758	0	0
ENSMZEG00005004759	0	0
ENSMZEG00005004760	3	1
ENSMZEG00005004761	9	19
ENSMZEG00005004762	0	0
ENSMZEG00005004763	0	0
ENSMZEG00005004764	0	0
ENSMZEG00005004765	1	8
ENSMZEG00005004766	0	0
ENSMZEG00005004767	7	86
ENSMZEG00005004768	0	0
ENSMZEG00005004769	0	0
ENSMZEG00005004770	9	2
ENSMZEG00005004771	0	0
ENSMZEG00005004772	2	1
ENSMZEG00005004773	1132	266
ENSMZEG00005004774	0	0
ENSMZEG00005004775	3	11
ENSMZEG00005004776	0	0
ENSMZEG00005004777	0	0
ENSMZEG00005004778	1	9
ENSMZEG00005004779	0	0
ENSMZEG00005004780	0	0
ENSMZEG00005004781	0	22
ENSMZEG00005004782	0	0
ENSMZEG00005004783	0	0
ENSMZEG00005004784	0	0
ENSMZEG00005004785	0	0
ENSMZEG00005004786	1	3
ENSMZEG00005004787	0	0
ENSMZEG00005004788	330	333
ENSMZEG00005004789	4	10
ENSMZEG00005004790	5	4
ENSMZEG00005004791	10	0
ENSMZEG00005004792	5	1
ENSMZEG00005004793	3	0
ENSMZEG00005004794	2	0
ENSMZEG00005004795	7	0
ENSMZEG00005004796	480	516
ENSMZEG00005004797	14	17
ENSMZEG00005004798	142	121
ENSMZEG00005004799	3	7
ENSMZEG00005004800	0	0
ENSMZEG00005004801	2	2
ENSMZEG00005004802	0	1
ENSMZEG00005004803	4	1
ENSMZEG00005004804	11	27
ENSMZEG00005004805	0	0
ENSMZEG00005004806	5	3
ENSMZEG00005004807	0	0
ENSMZEG00005004808	0	0
ENSMZEG00005004809	0	0
ENSMZEG00005004810	6	8
ENSMZEG00005004811	2	8
ENSMZEG00005004812	33	317
ENSMZEG00005004813	0	0
ENSMZEG00005004814	163	39
ENSMZEG00005004815	0	0
ENSMZEG00005004816	0	1
ENSMZEG00005004817	3	3
ENSMZEG00005004818	0	0
ENSMZEG00005004819	0	0
ENSMZEG00005004820	0	0
ENSMZEG00005004821	1	3
ENSMZEG00005004822	2	0
ENSMZEG00005004823	0	0
ENSMZEG00005004824	1	1
ENSMZEG00005004825	3	4
ENSMZEG00005004826	0	0
ENSMZEG00005004827	8	0
ENSMZEG00005004828	0	0
ENSMZEG00005004829	0	0
ENSMZEG00005004830	0	0
ENSMZEG00005004831	0	0
ENSMZEG00005004832	0	0
ENSMZEG00005004833	0	0
ENSMZEG00005004834	4	19
ENSMZEG00005004835	5	1
ENSMZEG00005004836	0	1
ENSMZEG00005004837	6	0
ENSMZEG00005004838	0	2
ENSMZEG00005004839	2	2
ENSMZEG00005004840	1	0
ENSMZEG00005004841	3	4
ENSMZEG00005004842	152	207
ENSMZEG00005004843	1	1
ENSMZEG00005004844	0	0
ENSMZEG00005004845	0	0
ENSMZEG00005004846	0	0
ENSMZEG00005004847	95	124
ENSMZEG00005004848	2	19
ENSMZEG00005004849	0	0
ENSMZEG00005004850	0	8
ENSMZEG00005004851	0	0
ENSMZEG00005004852	512	156
ENSMZEG00005004853	0	0
ENSMZEG00005004854	1	1
ENSMZEG00005004855	0	0
ENSMZEG00005004856	392	524
ENSMZEG00005004857	0	4
ENSMZEG00005004858	3	21
ENSMZEG00005004859	11	11
ENSMZEG00005004860	5	3
ENSMZEG00005004861	0	2
ENSMZEG00005004862	0	0
ENSMZEG00005004863	0	0
ENSMZEG00005004864	5	11
ENSMZEG00005004865	1069	1455
ENSMZEG00005004866	3	29
ENSMZEG00005004867	1	1
ENSMZEG00005004868	1	7
ENSMZEG00005004869	0	0
ENSMZEG00005004870	6	2
ENSMZEG00005004871	0	3
ENSMZEG00005004872	2	8
ENSMZEG00005004873	0	0
ENSMZEG00005004874	0	0
ENSMZEG00005004875	0	2
ENSMZEG00005004876	4	12
ENSMZEG00005004877	0	0
ENSMZEG00005004878	7	0
ENSMZEG00005004879	0	0
ENSMZEG00005004880	0	3
ENSMZEG00005004881	0	0
ENSMZEG00005004882	0	3
ENSMZEG00005004883	0	0
ENSMZEG00005004884	6	3
ENSMZEG00005004885	7	5
ENSMZEG00005004886	0	0
ENSMZEG00005004887	0	0
ENSMZEG00005004888	0	3
ENSMZEG00005004889	0	2
ENSMZEG00005004890	0	0
ENSMZEG00005004891	0	1
ENSMZEG00005004892	0	0
ENSMZEG00005004893	257	346
ENSMZEG00005004894	0	0
ENSMZEG00005004895	21	19
ENSMZEG00005004896	0	0
ENSMZEG00005004897	6	1
ENSMZEG00005004898	0	0
ENSMZEG00005004899	0	0
ENSMZEG00005004900	0	1
ENSMZEG00005004901	0	4
ENSMZEG00005004902	0	1
ENSMZEG00005004903	2	3
ENSMZEG00005004904	0	0
ENSMZEG00005004905	4	2
ENSMZEG00005004906	10	130
ENSMZEG00005004907	0	0
ENSMZEG00005004908	22	16
ENSMZEG00005004909	0	0
ENSMZEG00005004910	0	2
ENSMZEG00005004911	0	0
ENSMZEG00005004912	4	0
ENSMZEG00005004913	0	2
ENSMZEG00005004914	7	6
ENSMZEG00005004915	57	118
ENSMZEG00005004916	1	0
ENSMZEG00005004917	0	0
ENSMZEG00005004918	0	0
ENSMZEG00005004919	0	1
ENSMZEG00005004920	1	1
ENSMZEG00005004921	0	2
ENSMZEG00005004922	0	1
ENSMZEG00005004923	0	0
ENSMZEG00005004924	0	0
ENSMZEG00005004925	0	0
ENSMZEG00005004926	19	1
ENSMZEG00005004927	5	9
ENSMZEG00005004928	8	1
ENSMZEG00005004929	0	1
ENSMZEG00005004930	2	0
ENSMZEG00005004931	2	1
ENSMZEG00005004932	0	0
ENSMZEG00005004933	1	0
ENSMZEG00005004934	4	19
ENSMZEG00005004935	15	10
ENSMZEG00005004936	0	0
ENSMZEG00005004937	1	1
ENSMZEG00005004938	1	0
ENSMZEG00005004939	0	0
ENSMZEG00005004940	0	1
ENSMZEG00005004941	0	0
ENSMZEG00005004942	0	1
ENSMZEG00005004943	0	0
ENSMZEG00005004944	0	0
ENSMZEG00005004945	0	0
ENSMZEG00005004946	0	2
ENSMZEG00005004947	0	0
ENSMZEG00005004948	0	0
ENSMZEG00005004949	7	2
ENSMZEG00005004950	5	2
ENSMZEG00005004951	0	0
ENSMZEG00005004952	143	18
ENSMZEG00005004953	0	2
ENSMZEG00005004954	36	39
ENSMZEG00005004955	0	0
ENSMZEG00005004956	0	0
ENSMZEG00005004957	0	0
ENSMZEG00005004958	3	3
ENSMZEG00005004959	6	1103
ENSMZEG00005004960	364	472
ENSMZEG00005004961	0	0
ENSMZEG00005004962	0	1
ENSMZEG00005004963	0	2
ENSMZEG00005004964	0	0
ENSMZEG00005004965	6	5
ENSMZEG00005004966	5	2
ENSMZEG00005004967	0	0
ENSMZEG00005004968	1	2
ENSMZEG00005004969	2	26
ENSMZEG00005004970	13	0
ENSMZEG00005004971	8	6
ENSMZEG00005004972	1	2
ENSMZEG00005004973	0	0
ENSMZEG00005004974	0	0
ENSMZEG00005004975	0	0
ENSMZEG00005004976	0	0
ENSMZEG00005004977	2	1
ENSMZEG00005004978	0	0
ENSMZEG00005004979	0	0
ENSMZEG00005004980	40	39
ENSMZEG00005004981	1	0
ENSMZEG00005004982	5	8
ENSMZEG00005004983	1	8
ENSMZEG00005004984	6	3
ENSMZEG00005004985	0	0
ENSMZEG00005004986	201	177
ENSMZEG00005004987	3	3
ENSMZEG00005004988	0	0
ENSMZEG00005004989	5	0
ENSMZEG00005004990	0	4
ENSMZEG00005004991	0	0
ENSMZEG00005004992	0	0
ENSMZEG00005004993	0	0
ENSMZEG00005004994	8	4
ENSMZEG00005004995	0	0
ENSMZEG00005004996	0	0
ENSMZEG00005004997	0	0
ENSMZEG00005004998	134	365
ENSMZEG00005004999	0	1
ENSMZEG00005005000	7	12
ENSMZEG00005005001	0	0
ENSMZEG00005005002	4	16
ENSMZEG00005005003	0	2
ENSMZEG00005005004	9	4
ENSMZEG00005005005	11	25
ENSMZEG00005005006	169	61
ENSMZEG00005005007	0	0
ENSMZEG00005005008	0	0
ENSMZEG00005005009	0	0
ENSMZEG00005005010	2	0
ENSMZEG00005005011	0	0
ENSMZEG00005005012	6	6
ENSMZEG00005005013	5	1
ENSMZEG00005005014	5	3
ENSMZEG00005005015	40	214
ENSMZEG00005005016	3	1
ENSMZEG00005005017	0	0
ENSMZEG00005005018	7	1
ENSMZEG00005005019	4	0
ENSMZEG00005005020	0	0
ENSMZEG00005005021	4	4
ENSMZEG00005005022	14	10
ENSMZEG00005005023	12154	65162
ENSMZEG00005005024	2	0
ENSMZEG00005005025	0	0
ENSMZEG00005005026	0	0
ENSMZEG00005005027	227	1138
ENSMZEG00005005028	16	18
ENSMZEG00005005029	0	0
ENSMZEG00005005030	0	0
ENSMZEG00005005031	1	0
ENSMZEG00005005032	0	2
ENSMZEG00005005033	1	1
ENSMZEG00005005034	0	0
ENSMZEG00005005035	7	0
ENSMZEG00005005036	0	1
ENSMZEG00005005037	1	4
ENSMZEG00005005038	3	12
ENSMZEG00005005039	3	2
ENSMZEG00005005040	5	6
ENSMZEG00005005041	4	25
ENSMZEG00005005042	1	6
ENSMZEG00005005043	9	12
ENSMZEG00005005044	10	0
ENSMZEG00005005045	0	0
ENSMZEG00005005046	0	0
ENSMZEG00005005047	2	0
ENSMZEG00005005048	0	0
ENSMZEG00005005049	5	0
ENSMZEG00005005050	7	2
ENSMZEG00005005051	88	88
ENSMZEG00005005052	45	58
ENSMZEG00005005053	6	9
ENSMZEG00005005054	0	0
ENSMZEG00005005055	1	2
ENSMZEG00005005056	9	2
ENSMZEG00005005057	8	7
ENSMZEG00005005058	7	3
ENSMZEG00005005059	6	43
ENSMZEG00005005060	1	0
ENSMZEG00005005061	12	0
ENSMZEG00005005062	16467	6980
ENSMZEG00005005063	0	0
ENSMZEG00005005064	0	0
ENSMZEG00005005065	4	0
ENSMZEG00005005066	0	1
ENSMZEG00005005067	0	0
ENSMZEG00005005068	4	1
ENSMZEG00005005069	8	7
ENSMZEG00005005070	0	1
ENSMZEG00005005071	10	9
ENSMZEG00005005072	3	3
ENSMZEG00005005073	0	0
ENSMZEG00005005074	1	1
ENSMZEG00005005075	10	5
ENSMZEG00005005076	0	0
ENSMZEG00005005077	0	0
ENSMZEG00005005078	4	0
ENSMZEG00005005079	2	6
ENSMZEG00005005080	160	89
ENSMZEG00005005081	0	0
ENSMZEG00005005082	2	1
ENSMZEG00005005083	0	0
ENSMZEG00005005084	722	1426
ENSMZEG00005005085	1	5
ENSMZEG00005005086	0	0
ENSMZEG00005005087	0	0
ENSMZEG00005005088	0	0
ENSMZEG00005005089	6	12
ENSMZEG00005005090	0	0
ENSMZEG00005005091	0	0
ENSMZEG00005005092	25	10
ENSMZEG00005005093	0	0
ENSMZEG00005005094	0	2
ENSMZEG00005005095	2	2
ENSMZEG00005005096	0	0
ENSMZEG00005005097	18	139
ENSMZEG00005005098	1	14
ENSMZEG00005005099	2	2
ENSMZEG00005005100	0	2
ENSMZEG00005005101	9	1
ENSMZEG00005005102	0	0
ENSMZEG00005005103	6	7
ENSMZEG00005005104	3	7
ENSMZEG00005005105	2	1
ENSMZEG00005005106	0	0
ENSMZEG00005005107	2	49
ENSMZEG00005005108	0	0
ENSMZEG00005005109	5	2
ENSMZEG00005005110	0	0
ENSMZEG00005005111	0	0
ENSMZEG00005005112	0	0
ENSMZEG00005005113	2	2
ENSMZEG00005005114	2	124
ENSMZEG00005005115	0	0
ENSMZEG00005005116	4	0
ENSMZEG00005005117	101	288
ENSMZEG00005005118	1	12
ENSMZEG00005005119	1	3
ENSMZEG00005005120	0	0
ENSMZEG00005005121	0	3
ENSMZEG00005005122	6	24
ENSMZEG00005005123	0	0
ENSMZEG00005005124	2	4
ENSMZEG00005005125	2	0
ENSMZEG00005005126	51	38
ENSMZEG00005005127	0	8
ENSMZEG00005005128	3	0
ENSMZEG00005005129	1	15
ENSMZEG00005005130	1	1
ENSMZEG00005005131	0	0
ENSMZEG00005005132	0	0
ENSMZEG00005005133	462	977
ENSMZEG00005005134	3	0
ENSMZEG00005005135	0	0
ENSMZEG00005005136	203	69
ENSMZEG00005005137	5	9
ENSMZEG00005005138	19	7
ENSMZEG00005005139	0	0
ENSMZEG00005005140	0	0
ENSMZEG00005005141	0	2
ENSMZEG00005005142	2	2
ENSMZEG00005005143	0	0
ENSMZEG00005005144	205	194
ENSMZEG00005005145	2	3
ENSMZEG00005005146	1816	1546
ENSMZEG00005005147	0	3
ENSMZEG00005005148	7	15
ENSMZEG00005005149	0	1
ENSMZEG00005005150	0	0
ENSMZEG00005005151	0	0
ENSMZEG00005005152	0	0
ENSMZEG00005005153	614	743
ENSMZEG00005005154	0	0
ENSMZEG00005005155	1	9
ENSMZEG00005005156	0	0
ENSMZEG00005005157	8	1
ENSMZEG00005005158	0	0
ENSMZEG00005005159	6	10
ENSMZEG00005005160	0	7
ENSMZEG00005005161	0	0
ENSMZEG00005005162	0	0
ENSMZEG00005005163	0	0
ENSMZEG00005005164	63	24
ENSMZEG00005005165	0	0
ENSMZEG00005005166	0	0
ENSMZEG00005005167	0	4
ENSMZEG00005005168	0	0
ENSMZEG00005005169	2	8
ENSMZEG00005005170	1	0
ENSMZEG00005005171	0	0
ENSMZEG00005005172	5	1
ENSMZEG00005005173	0	0
ENSMZEG00005005174	0	0
ENSMZEG00005005175	2	1
ENSMZEG00005005176	0	0
ENSMZEG00005005177	14	3
ENSMZEG00005005178	0	0
ENSMZEG00005005179	52	4
ENSMZEG00005005180	83	60
ENSMZEG00005005181	0	0
ENSMZEG00005005182	1	3
ENSMZEG00005005183	0	0
ENSMZEG00005005184	29	61
ENSMZEG00005005185	0	5
ENSMZEG00005005186	0	1
ENSMZEG00005005187	0	0
ENSMZEG00005005188	0	1
ENSMZEG00005005189	19	44
ENSMZEG00005005190	4	2
ENSMZEG00005005191	0	0
ENSMZEG00005005192	4	7
ENSMZEG00005005193	30	6
ENSMZEG00005005194	2	8
ENSMZEG00005005195	0	0
ENSMZEG00005005196	3	4
ENSMZEG00005005197	1	19
ENSMZEG00005005198	0	0
ENSMZEG00005005199	0	0
ENSMZEG00005005200	12	0
ENSMZEG00005005201	21	11
ENSMZEG00005005202	0	0
ENSMZEG00005005203	1601	189
ENSMZEG00005005204	20	1
ENSMZEG00005005205	23	13
ENSMZEG00005005206	0	4
ENSMZEG00005005207	6	3
ENSMZEG00005005208	10	3
ENSMZEG00005005209	0	0
ENSMZEG00005005210	0	0
ENSMZEG00005005211	0	4
ENSMZEG00005005212	0	0
ENSMZEG00005005213	128	45
ENSMZEG00005005214	6	65
ENSMZEG00005005215	6	17
ENSMZEG00005005216	21	21
ENSMZEG00005005217	0	0
ENSMZEG00005005218	298	925
ENSMZEG00005005219	6	2
ENSMZEG00005005220	0	0
ENSMZEG00005005221	5	28
ENSMZEG00005005222	91	138
ENSMZEG00005005223	0	2
ENSMZEG00005005224	0	0
ENSMZEG00005005225	2	1
ENSMZEG00005005226	30	1
ENSMZEG00005005227	0	0
ENSMZEG00005005228	1	0
ENSMZEG00005005229	5	0
ENSMZEG00005005230	1	5
ENSMZEG00005005231	0	1
ENSMZEG00005005232	0	0
ENSMZEG00005005233	3	0
ENSMZEG00005005234	2	7
ENSMZEG00005005235	0	2
ENSMZEG00005005236	0	0
ENSMZEG00005005237	0	2
ENSMZEG00005005238	0	0
ENSMZEG00005005239	0	0
ENSMZEG00005005240	1	1
ENSMZEG00005005241	0	0
ENSMZEG00005005242	0	0
ENSMZEG00005005243	3	1
ENSMZEG00005005244	13	0
ENSMZEG00005005245	0	0
ENSMZEG00005005246	0	0
ENSMZEG00005005247	1	0
ENSMZEG00005005248	0	3
ENSMZEG00005005249	4	4
ENSMZEG00005005250	4	5
ENSMZEG00005005251	11	0
ENSMZEG00005005252	3	18
ENSMZEG00005005253	3	2
ENSMZEG00005005254	0	0
ENSMZEG00005005255	2	2
ENSMZEG00005005256	9	11
ENSMZEG00005005257	0	2
ENSMZEG00005005258	5	0
ENSMZEG00005005259	1	0
ENSMZEG00005005260	4	117
ENSMZEG00005005261	14	7
ENSMZEG00005005262	722	1824
ENSMZEG00005005263	7	1
ENSMZEG00005005264	6	4
ENSMZEG00005005265	5	5
ENSMZEG00005005266	0	0
ENSMZEG00005005267	3	1
ENSMZEG00005005268	3	1
ENSMZEG00005005269	2	8
ENSMZEG00005005270	0	0
ENSMZEG00005005271	0	0
ENSMZEG00005005272	4	1
ENSMZEG00005005273	0	0
ENSMZEG00005005274	0	0
ENSMZEG00005005275	0	0
ENSMZEG00005005276	3	0
ENSMZEG00005005277	2	7
ENSMZEG00005005278	550	1205
ENSMZEG00005005279	4	3
ENSMZEG00005005280	0	0
ENSMZEG00005005281	0	5
ENSMZEG00005005282	4	0
ENSMZEG00005005283	14	1
ENSMZEG00005005284	0	1
ENSMZEG00005005285	0	0
ENSMZEG00005005286	1	2
ENSMZEG00005005287	1	3
ENSMZEG00005005288	0	0
ENSMZEG00005005289	0	0
ENSMZEG00005005290	18	13
ENSMZEG00005005291	0	0
ENSMZEG00005005292	5	0
ENSMZEG00005005293	0	0
ENSMZEG00005005294	13	0
ENSMZEG00005005295	8	0
ENSMZEG00005005296	1	7
ENSMZEG00005005297	11	2
ENSMZEG00005005298	0	0
ENSMZEG00005005299	2	2
ENSMZEG00005005300	2	0
ENSMZEG00005005301	0	0
ENSMZEG00005005302	2	2
ENSMZEG00005005303	160	82
ENSMZEG00005005304	0	0
ENSMZEG00005005305	3	1
ENSMZEG00005005306	9	3
ENSMZEG00005005307	2	4
ENSMZEG00005005308	0	0
ENSMZEG00005005309	0	2
ENSMZEG00005005310	1	0
ENSMZEG00005005311	0	0
ENSMZEG00005005312	150	290
ENSMZEG00005005313	1	3
ENSMZEG00005005314	5	15
ENSMZEG00005005315	8	6
ENSMZEG00005005316	0	0
ENSMZEG00005005317	1212	1634
ENSMZEG00005005318	0	1
ENSMZEG00005005319	7	6
ENSMZEG00005005320	8	4
ENSMZEG00005005321	4	6
ENSMZEG00005005322	3	2
ENSMZEG00005005323	0	3
ENSMZEG00005005324	8	18
ENSMZEG00005005325	0	0
ENSMZEG00005005326	1	3
ENSMZEG00005005327	266	188
ENSMZEG00005005328	7	28
ENSMZEG00005005329	3	5
ENSMZEG00005005330	2	14
ENSMZEG00005005331	0	0
ENSMZEG00005005332	0	0
ENSMZEG00005005333	6	6
ENSMZEG00005005334	1	5
ENSMZEG00005005335	0	0
ENSMZEG00005005336	0	2
ENSMZEG00005005337	1	7
ENSMZEG00005005338	0	0
ENSMZEG00005005339	0	4
ENSMZEG00005005340	0	0
ENSMZEG00005005341	0	0
ENSMZEG00005005342	6	2
ENSMZEG00005005343	10	6
ENSMZEG00005005344	6	7
ENSMZEG00005005345	1	0
ENSMZEG00005005346	0	0
ENSMZEG00005005347	0	0
ENSMZEG00005005348	1	2
ENSMZEG00005005349	0	4
ENSMZEG00005005350	0	0
ENSMZEG00005005351	3	0
ENSMZEG00005005352	1	3
ENSMZEG00005005353	0	0
ENSMZEG00005005354	0	2
ENSMZEG00005005355	0	0
ENSMZEG00005005356	2	7
ENSMZEG00005005357	1	0
ENSMZEG00005005358	3	0
ENSMZEG00005005359	0	5
ENSMZEG00005005360	0	0
ENSMZEG00005005361	0	0
ENSMZEG00005005362	17	33
ENSMZEG00005005363	0	0
ENSMZEG00005005364	0	0
ENSMZEG00005005365	0	0
ENSMZEG00005005366	0	0
ENSMZEG00005005367	5	2
ENSMZEG00005005368	9	6
ENSMZEG00005005369	0	0
ENSMZEG00005005370	2	4
ENSMZEG00005005371	0	2
ENSMZEG00005005372	5	3
ENSMZEG00005005373	1	3
ENSMZEG00005005374	7	17
ENSMZEG00005005375	2	4
ENSMZEG00005005376	3	3
ENSMZEG00005005377	64	8
ENSMZEG00005005378	2	1
ENSMZEG00005005379	1	1
ENSMZEG00005005380	9	5
ENSMZEG00005005381	0	0
ENSMZEG00005005382	0	0
ENSMZEG00005005383	5	1
ENSMZEG00005005384	5	0
ENSMZEG00005005385	0	0
ENSMZEG00005005386	2	3
ENSMZEG00005005387	0	0
ENSMZEG00005005388	0	0
ENSMZEG00005005389	5	9
ENSMZEG00005005390	6	1
ENSMZEG00005005391	1	3
ENSMZEG00005005392	0	0
ENSMZEG00005005393	0	0
ENSMZEG00005005394	2	3
ENSMZEG00005005395	0	0
ENSMZEG00005005396	3	0
ENSMZEG00005005397	0	0
ENSMZEG00005005398	157	345
ENSMZEG00005005399	1	0
ENSMZEG00005005400	1811	987
ENSMZEG00005005401	0	0
ENSMZEG00005005402	0	14
ENSMZEG00005005403	0	0
ENSMZEG00005005404	2	9
ENSMZEG00005005405	4	2
ENSMZEG00005005406	1	1
ENSMZEG00005005407	0	0
ENSMZEG00005005408	1	5
ENSMZEG00005005409	6	0
ENSMZEG00005005410	1290	361
ENSMZEG00005005411	0	0
ENSMZEG00005005412	1	1
ENSMZEG00005005413	0	0
ENSMZEG00005005414	0	0
ENSMZEG00005005415	3	0
ENSMZEG00005005416	131	71
ENSMZEG00005005417	53	201
ENSMZEG00005005418	4	1
ENSMZEG00005005419	16	8
ENSMZEG00005005420	5	2
ENSMZEG00005005421	3	0
ENSMZEG00005005422	2	2
ENSMZEG00005005423	803	1664
ENSMZEG00005005424	697	436
ENSMZEG00005005425	0	2
ENSMZEG00005005426	1	0
ENSMZEG00005005427	0	0
ENSMZEG00005005428	0	0
ENSMZEG00005005429	79	73
ENSMZEG00005005430	1871	1149
ENSMZEG00005005431	0	0
ENSMZEG00005005432	1	3
ENSMZEG00005005433	0	1
ENSMZEG00005005434	0	0
ENSMZEG00005005435	5	10
ENSMZEG00005005436	38	234
ENSMZEG00005005437	4	20
ENSMZEG00005005438	0	0
ENSMZEG00005005439	2	1
ENSMZEG00005005440	0	0
ENSMZEG00005005441	1	4
ENSMZEG00005005442	7	3
ENSMZEG00005005443	0	2
ENSMZEG00005005444	0	1
ENSMZEG00005005445	3	0
ENSMZEG00005005446	8	6
ENSMZEG00005005447	0	0
ENSMZEG00005005448	191	2397
ENSMZEG00005005449	1	3
ENSMZEG00005005450	0	1
ENSMZEG00005005451	3	8
ENSMZEG00005005452	0	0
ENSMZEG00005005453	1	0
ENSMZEG00005005454	5	1
ENSMZEG00005005455	0	4
ENSMZEG00005005456	33	0
ENSMZEG00005005457	0	0
ENSMZEG00005005458	0	0
ENSMZEG00005005459	126	154
ENSMZEG00005005460	3	4
ENSMZEG00005005461	165	6
ENSMZEG00005005462	6	4
ENSMZEG00005005463	2	2
ENSMZEG00005005464	0	5
ENSMZEG00005005465	0	1
ENSMZEG00005005466	0	0
ENSMZEG00005005467	0	0
ENSMZEG00005005468	0	1
ENSMZEG00005005469	1	4
ENSMZEG00005005470	0	0
ENSMZEG00005005471	453	319
ENSMZEG00005005472	141	72
ENSMZEG00005005473	1	1
ENSMZEG00005005474	12	6
ENSMZEG00005005475	1	0
ENSMZEG00005005476	0	0
ENSMZEG00005005477	0	0
ENSMZEG00005005478	0	0
ENSMZEG00005005479	0	2
ENSMZEG00005005480	22	128
ENSMZEG00005005481	9	0
ENSMZEG00005005482	4	0
ENSMZEG00005005483	0	0
ENSMZEG00005005484	0	0
ENSMZEG00005005485	18	3
ENSMZEG00005005486	0	0
ENSMZEG00005005487	0	0
ENSMZEG00005005488	0	0
ENSMZEG00005005489	184	270
ENSMZEG00005005490	0	0
ENSMZEG00005005491	465	223
ENSMZEG00005005492	1	1
ENSMZEG00005005493	1	5
ENSMZEG00005005494	0	0
ENSMZEG00005005495	0	0
ENSMZEG00005005496	1	0
ENSMZEG00005005497	0	0
ENSMZEG00005005498	2	0
ENSMZEG00005005499	0	0
ENSMZEG00005005500	4	5
ENSMZEG00005005501	0	0
ENSMZEG00005005502	13	2
ENSMZEG00005005503	5	4
ENSMZEG00005005504	0	0
ENSMZEG00005005505	0	0
ENSMZEG00005005506	1	1
ENSMZEG00005005507	0	0
ENSMZEG00005005508	0	0
ENSMZEG00005005509	241	345
ENSMZEG00005005510	2	0
ENSMZEG00005005511	0	1
ENSMZEG00005005512	3	2
ENSMZEG00005005513	0	0
ENSMZEG00005005514	0	0
ENSMZEG00005005515	3	1
ENSMZEG00005005516	1891	1793
ENSMZEG00005005517	0	0
ENSMZEG00005005518	0	3
ENSMZEG00005005519	0	0
ENSMZEG00005005520	14	34
ENSMZEG00005005521	0	0
ENSMZEG00005005522	0	3
ENSMZEG00005005523	2	2
ENSMZEG00005005524	0	1
ENSMZEG00005005525	28	158
ENSMZEG00005005526	8	0
ENSMZEG00005005527	26	23
ENSMZEG00005005528	0	1
ENSMZEG00005005529	0	0
ENSMZEG00005005530	1	9
ENSMZEG00005005531	1	0
ENSMZEG00005005532	0	0
ENSMZEG00005005533	0	2
ENSMZEG00005005534	8	2
ENSMZEG00005005535	0	0
ENSMZEG00005005536	25	1
ENSMZEG00005005537	6	32
ENSMZEG00005005538	6	12
ENSMZEG00005005539	19	113
ENSMZEG00005005540	0	0
ENSMZEG00005005541	15	40
ENSMZEG00005005542	5	4
ENSMZEG00005005543	7	1
ENSMZEG00005005544	3	7
ENSMZEG00005005545	9	2
ENSMZEG00005005546	2	1
ENSMZEG00005005547	0	0
ENSMZEG00005005548	0	0
ENSMZEG00005005549	6	0
ENSMZEG00005005550	0	0
ENSMZEG00005005551	4	2
ENSMZEG00005005552	2	1
ENSMZEG00005005553	0	0
ENSMZEG00005005554	1	4
ENSMZEG00005005555	0	0
ENSMZEG00005005556	20	476
ENSMZEG00005005557	3	16
ENSMZEG00005005558	0	0
ENSMZEG00005005559	38	27
ENSMZEG00005005560	2	0
ENSMZEG00005005561	241	125
ENSMZEG00005005562	0	3
ENSMZEG00005005563	1188	101
ENSMZEG00005005564	1	2
ENSMZEG00005005565	0	0
ENSMZEG00005005566	0	2
ENSMZEG00005005567	1	28
ENSMZEG00005005568	0	0
ENSMZEG00005005569	10	1
ENSMZEG00005005570	4	1
ENSMZEG00005005571	0	10
ENSMZEG00005005572	3	12
ENSMZEG00005005573	0	0
ENSMZEG00005005574	15	4
ENSMZEG00005005575	0	4
ENSMZEG00005005576	142	360
ENSMZEG00005005577	8	6
ENSMZEG00005005578	0	0
ENSMZEG00005005579	0	0
ENSMZEG00005005580	10	9
ENSMZEG00005005581	0	0
ENSMZEG00005005582	3	26
ENSMZEG00005005583	2	2
ENSMZEG00005005584	0	0
ENSMZEG00005005585	0	0
ENSMZEG00005005586	108	115
ENSMZEG00005005587	3	3
ENSMZEG00005005588	4	6
ENSMZEG00005005589	3	0
ENSMZEG00005005590	5	0
ENSMZEG00005005591	4	4
ENSMZEG00005005592	0	0
ENSMZEG00005005593	0	0
ENSMZEG00005005594	168	94
ENSMZEG00005005595	0	5
ENSMZEG00005005596	4	1
ENSMZEG00005005597	41	3
ENSMZEG00005005598	448	1178
ENSMZEG00005005599	1	0
ENSMZEG00005005600	0	0
ENSMZEG00005005601	12	27
ENSMZEG00005005602	5	3
ENSMZEG00005005603	1	0
ENSMZEG00005005604	10	3
ENSMZEG00005005605	5	1
ENSMZEG00005005606	29	0
ENSMZEG00005005607	11	1
ENSMZEG00005005608	1	6
ENSMZEG00005005609	7	22
ENSMZEG00005005610	3	4
ENSMZEG00005005611	2391	2446
ENSMZEG00005005612	0	0
ENSMZEG00005005613	4	0
ENSMZEG00005005614	5	0
ENSMZEG00005005615	1	0
ENSMZEG00005005616	10	19
ENSMZEG00005005617	290	79
ENSMZEG00005005618	0	0
ENSMZEG00005005619	0	0
ENSMZEG00005005620	4	3
ENSMZEG00005005621	0	4
ENSMZEG00005005622	8	9
ENSMZEG00005005623	0	0
ENSMZEG00005005624	109	17
ENSMZEG00005005625	0	0
ENSMZEG00005005626	0	8
ENSMZEG00005005627	0	0
ENSMZEG00005005628	1	1
ENSMZEG00005005629	32	58
ENSMZEG00005005630	0	0
ENSMZEG00005005631	1	0
ENSMZEG00005005632	0	0
ENSMZEG00005005633	0	0
ENSMZEG00005005634	6	3
ENSMZEG00005005635	0	0
ENSMZEG00005005636	2	0
ENSMZEG00005005637	0	0
ENSMZEG00005005638	1	0
ENSMZEG00005005639	8	5
ENSMZEG00005005640	3	0
ENSMZEG00005005641	0	2
ENSMZEG00005005642	7	9
ENSMZEG00005005643	0	2
ENSMZEG00005005644	0	0
ENSMZEG00005005645	1	0
ENSMZEG00005005646	6	3
ENSMZEG00005005647	0	0
ENSMZEG00005005648	0	2
ENSMZEG00005005649	0	0
ENSMZEG00005005650	3	3
ENSMZEG00005005651	0	0
ENSMZEG00005005652	0	1
ENSMZEG00005005653	0	0
ENSMZEG00005005654	0	0
ENSMZEG00005005655	5	0
ENSMZEG00005005656	2	0
ENSMZEG00005005657	0	0
ENSMZEG00005005658	0	2
ENSMZEG00005005659	0	0
ENSMZEG00005005660	66	3
ENSMZEG00005005661	8	7
ENSMZEG00005005662	0	0
ENSMZEG00005005663	5	4
ENSMZEG00005005664	43	611
ENSMZEG00005005665	0	1
ENSMZEG00005005666	0	0
ENSMZEG00005005667	6	15
ENSMZEG00005005668	0	0
ENSMZEG00005005669	2	0
ENSMZEG00005005670	3	1
ENSMZEG00005005671	5	0
ENSMZEG00005005672	5	1
ENSMZEG00005005673	0	0
ENSMZEG00005005674	0	0
ENSMZEG00005005675	12	19
ENSMZEG00005005676	0	0
ENSMZEG00005005677	0	0
ENSMZEG00005005678	2	18
ENSMZEG00005005679	223	421
ENSMZEG00005005680	0	0
ENSMZEG00005005681	9	11
ENSMZEG00005005682	49	61
ENSMZEG00005005683	1	5
ENSMZEG00005005684	1	0
ENSMZEG00005005685	0	0
ENSMZEG00005005686	0	0
ENSMZEG00005005687	0	0
ENSMZEG00005005688	9	1
ENSMZEG00005005689	1	4
ENSMZEG00005005690	1	1
ENSMZEG00005005691	6	0
ENSMZEG00005005692	2	5
ENSMZEG00005005693	0	0
ENSMZEG00005005694	6	7
ENSMZEG00005005695	3	1
ENSMZEG00005005696	2	0
ENSMZEG00005005697	1	5
ENSMZEG00005005698	5	3
ENSMZEG00005005699	1	34
ENSMZEG00005005700	7	1
ENSMZEG00005005701	155	338
ENSMZEG00005005702	7	5
ENSMZEG00005005703	5	1
ENSMZEG00005005704	1	0
ENSMZEG00005005705	9	2
ENSMZEG00005005706	0	1
ENSMZEG00005005707	0	0
ENSMZEG00005005708	0	1
ENSMZEG00005005709	3	2
ENSMZEG00005005710	1	0
ENSMZEG00005005711	0	3
ENSMZEG00005005712	0	0
ENSMZEG00005005713	0	0
ENSMZEG00005005714	1	0
ENSMZEG00005005715	1	2
ENSMZEG00005005716	360	532
ENSMZEG00005005717	0	0
ENSMZEG00005005718	1	8
ENSMZEG00005005719	1	0
ENSMZEG00005005720	0	0
ENSMZEG00005005721	0	0
ENSMZEG00005005722	0	1
ENSMZEG00005005723	4	0
ENSMZEG00005005724	1	0
ENSMZEG00005005725	1	0
ENSMZEG00005005726	1	1
ENSMZEG00005005727	3	1
ENSMZEG00005005728	0	0
ENSMZEG00005005729	5	50
ENSMZEG00005005730	79	32
ENSMZEG00005005731	0	3
ENSMZEG00005005732	0	0
ENSMZEG00005005733	0	0
ENSMZEG00005005734	0	1
ENSMZEG00005005735	0	4
ENSMZEG00005005736	0	0
ENSMZEG00005005737	0	0
ENSMZEG00005005738	299	4486
ENSMZEG00005005739	0	1
ENSMZEG00005005740	1	9
ENSMZEG00005005741	5	2
ENSMZEG00005005742	3	3
ENSMZEG00005005743	1827	672
ENSMZEG00005005744	0	0
ENSMZEG00005005745	0	6
ENSMZEG00005005746	797	861
ENSMZEG00005005747	1	0
ENSMZEG00005005748	0	11
ENSMZEG00005005749	299	218
ENSMZEG00005005750	0	0
ENSMZEG00005005751	0	0
ENSMZEG00005005752	2	0
ENSMZEG00005005753	0	0
ENSMZEG00005005754	52	71
ENSMZEG00005005755	4	4
ENSMZEG00005005756	0	2
ENSMZEG00005005757	0	0
ENSMZEG00005005758	0	0
ENSMZEG00005005759	0	0
ENSMZEG00005005760	0	0
ENSMZEG00005005761	0	0
ENSMZEG00005005762	0	0
ENSMZEG00005005763	0	0
ENSMZEG00005005764	6	2
ENSMZEG00005005765	7	1
ENSMZEG00005005766	15	19
ENSMZEG00005005767	1	0
ENSMZEG00005005768	1	5
ENSMZEG00005005769	3	1
ENSMZEG00005005770	609	676
ENSMZEG00005005771	0	0
ENSMZEG00005005772	2	0
ENSMZEG00005005773	0	2
ENSMZEG00005005774	10	57
ENSMZEG00005005775	0	0
ENSMZEG00005005776	0	0
ENSMZEG00005005777	1	0
ENSMZEG00005005778	0	0
ENSMZEG00005005779	0	0
ENSMZEG00005005780	0	0
ENSMZEG00005005781	0	3
ENSMZEG00005005782	0	1
ENSMZEG00005005783	0	1
ENSMZEG00005005784	5	7
ENSMZEG00005005785	0	0
ENSMZEG00005005786	1	3
ENSMZEG00005005787	0	0
ENSMZEG00005005788	0	0
ENSMZEG00005005789	1	2
ENSMZEG00005005790	0	0
ENSMZEG00005005791	0	2
ENSMZEG00005005792	22	0
ENSMZEG00005005793	11	1
ENSMZEG00005005794	0	0
ENSMZEG00005005795	0	1
ENSMZEG00005005796	5	9
ENSMZEG00005005797	36	51
ENSMZEG00005005798	10	4
ENSMZEG00005005799	0	0
ENSMZEG00005005800	2	6
ENSMZEG00005005801	182	216
ENSMZEG00005005802	0	0
ENSMZEG00005005803	10	19
ENSMZEG00005005804	7	9
ENSMZEG00005005805	10	2
ENSMZEG00005005806	30	40
ENSMZEG00005005807	0	1
ENSMZEG00005005808	1	1
ENSMZEG00005005809	1	5
ENSMZEG00005005810	36	8
ENSMZEG00005005811	2	5
ENSMZEG00005005812	3	0
ENSMZEG00005005813	0	0
ENSMZEG00005005814	4	8
ENSMZEG00005005815	0	0
ENSMZEG00005005816	0	3
ENSMZEG00005005817	1	11
ENSMZEG00005005818	0	0
ENSMZEG00005005819	2	11
ENSMZEG00005005820	1	1
ENSMZEG00005005821	0	0
ENSMZEG00005005822	0	0
ENSMZEG00005005823	3	3
ENSMZEG00005005824	7	1
ENSMZEG00005005825	9	12
ENSMZEG00005005826	0	0
ENSMZEG00005005827	11	15
ENSMZEG00005005828	4	0
ENSMZEG00005005829	0	0
ENSMZEG00005005830	0	0
ENSMZEG00005005831	6	4
ENSMZEG00005005832	1	0
ENSMZEG00005005833	17	1
ENSMZEG00005005834	11	9
ENSMZEG00005005835	4	3
ENSMZEG00005005836	0	0
ENSMZEG00005005837	0	2
ENSMZEG00005005838	0	0
ENSMZEG00005005839	0	0
ENSMZEG00005005840	1	0
ENSMZEG00005005841	0	11
ENSMZEG00005005842	0	0
ENSMZEG00005005843	0	0
ENSMZEG00005005844	1	0
ENSMZEG00005005845	3	0
ENSMZEG00005005846	18	1
ENSMZEG00005005847	4	1
ENSMZEG00005005848	0	0
ENSMZEG00005005849	0	0
ENSMZEG00005005850	1	5
ENSMZEG00005005851	708	1010
ENSMZEG00005005852	20	21
ENSMZEG00005005853	2	0
ENSMZEG00005005854	0	0
ENSMZEG00005005855	0	2
ENSMZEG00005005856	666	58
ENSMZEG00005005857	1	2
ENSMZEG00005005858	0	0
ENSMZEG00005005859	8	5
ENSMZEG00005005860	2	4
ENSMZEG00005005861	13	10
ENSMZEG00005005862	20	2
ENSMZEG00005005863	0	0
ENSMZEG00005005864	0	4
ENSMZEG00005005865	4	16
ENSMZEG00005005866	5	9
ENSMZEG00005005867	1	3
ENSMZEG00005005868	0	0
ENSMZEG00005005869	1	1
ENSMZEG00005005870	6	0
ENSMZEG00005005871	151	287
ENSMZEG00005005872	110	32
ENSMZEG00005005873	5	14
ENSMZEG00005005874	3	2
ENSMZEG00005005875	1	0
ENSMZEG00005005876	7	1
ENSMZEG00005005877	0	0
ENSMZEG00005005878	0	0
ENSMZEG00005005879	7	3
ENSMZEG00005005880	0	3
ENSMZEG00005005881	7	5
ENSMZEG00005005882	12	18
ENSMZEG00005005883	3	1
ENSMZEG00005005884	0	0
ENSMZEG00005005885	1	1
ENSMZEG00005005886	7	4
ENSMZEG00005005887	11	12
ENSMZEG00005005888	6	1
ENSMZEG00005005889	4	14
ENSMZEG00005005890	0	0
ENSMZEG00005005891	5	0
ENSMZEG00005005892	0	0
ENSMZEG00005005893	146	190
ENSMZEG00005005894	0	0
ENSMZEG00005005895	0	0
ENSMZEG00005005896	3	0
ENSMZEG00005005897	7	2
ENSMZEG00005005898	0	0
ENSMZEG00005005899	0	0
ENSMZEG00005005900	5	4
ENSMZEG00005005901	285	250
ENSMZEG00005005902	6	2
ENSMZEG00005005903	2	0
ENSMZEG00005005904	6	1
ENSMZEG00005005905	1	4
ENSMZEG00005005906	1	0
ENSMZEG00005005907	1	2
ENSMZEG00005005908	1	4
ENSMZEG00005005909	0	1
ENSMZEG00005005910	0	3
ENSMZEG00005005911	18	29
ENSMZEG00005005912	2	1
ENSMZEG00005005913	1	0
ENSMZEG00005005914	1	34
ENSMZEG00005005915	1	1
ENSMZEG00005005916	0	0
ENSMZEG00005005917	0	0
ENSMZEG00005005918	2	0
ENSMZEG00005005919	12	3
ENSMZEG00005005920	9	4
ENSMZEG00005005921	0	0
ENSMZEG00005005922	10	6
ENSMZEG00005005923	0	2
ENSMZEG00005005924	0	0
ENSMZEG00005005925	0	0
ENSMZEG00005005926	0	0
ENSMZEG00005005927	17	20
ENSMZEG00005005928	4	0
ENSMZEG00005005929	0	0
ENSMZEG00005005930	0	0
ENSMZEG00005005931	0	0
ENSMZEG00005005932	0	0
ENSMZEG00005005933	0	1
ENSMZEG00005005934	1	0
ENSMZEG00005005935	0	0
ENSMZEG00005005936	0	15
ENSMZEG00005005937	4	0
ENSMZEG00005005938	110	19
ENSMZEG00005005939	6	8
ENSMZEG00005005940	3	0
ENSMZEG00005005941	29	39
ENSMZEG00005005942	26	20
ENSMZEG00005005943	9	1
ENSMZEG00005005944	15	0
ENSMZEG00005005945	4	0
ENSMZEG00005005946	0	1
ENSMZEG00005005947	4	2
ENSMZEG00005005948	0	0
ENSMZEG00005005949	88	5
ENSMZEG00005005950	1	0
ENSMZEG00005005951	3	0
ENSMZEG00005005952	1	0
ENSMZEG00005005953	0	0
ENSMZEG00005005954	2	0
ENSMZEG00005005955	0	0
ENSMZEG00005005956	0	0
ENSMZEG00005005957	0	0
ENSMZEG00005005958	0	4
ENSMZEG00005005959	0	0
ENSMZEG00005005960	4	0
ENSMZEG00005005961	0	0
ENSMZEG00005005962	0	0
ENSMZEG00005005963	0	1
ENSMZEG00005005964	95	141
ENSMZEG00005005965	0	0
ENSMZEG00005005966	3	4
ENSMZEG00005005967	0	0
ENSMZEG00005005968	11	0
ENSMZEG00005005969	1	4
ENSMZEG00005005970	8	47
ENSMZEG00005005971	0	0
ENSMZEG00005005972	14	10
ENSMZEG00005005973	2	1
ENSMZEG00005005974	18	7
ENSMZEG00005005975	0	0
ENSMZEG00005005976	0	1
ENSMZEG00005005977	0	5
ENSMZEG00005005978	32	8
ENSMZEG00005005979	0	2
ENSMZEG00005005980	0	1
ENSMZEG00005005981	1	0
ENSMZEG00005005982	0	1
ENSMZEG00005005983	1	0
ENSMZEG00005005984	34	4
ENSMZEG00005005985	0	0
ENSMZEG00005005986	1	1
ENSMZEG00005005987	2	0
ENSMZEG00005005988	6	11
ENSMZEG00005005989	1	5
ENSMZEG00005005990	0	2
ENSMZEG00005005991	0	1
ENSMZEG00005005992	0	0
ENSMZEG00005005993	255	516
ENSMZEG00005005994	1	2
ENSMZEG00005005995	1	3
ENSMZEG00005005996	3	0
ENSMZEG00005005997	9	12
ENSMZEG00005005998	3	0
ENSMZEG00005005999	15	4
ENSMZEG00005006000	1	0
ENSMZEG00005006001	0	0
ENSMZEG00005006002	9	2
ENSMZEG00005006003	1	1
ENSMZEG00005006004	20	33
ENSMZEG00005006005	17	25
ENSMZEG00005006006	1	0
ENSMZEG00005006007	0	0
ENSMZEG00005006008	3	1
ENSMZEG00005006009	0	4
ENSMZEG00005006010	0	0
ENSMZEG00005006011	871	3794
ENSMZEG00005006012	2	1
ENSMZEG00005006013	0	2
ENSMZEG00005006014	4	3
ENSMZEG00005006015	12	32
ENSMZEG00005006016	0	0
ENSMZEG00005006017	2	0
ENSMZEG00005006018	5	3
ENSMZEG00005006019	0	0
ENSMZEG00005006020	12	7
ENSMZEG00005006021	0	0
ENSMZEG00005006022	3	3
ENSMZEG00005006023	0	0
ENSMZEG00005006024	2	0
ENSMZEG00005006025	0	0
ENSMZEG00005006026	0	0
ENSMZEG00005006027	18	10
ENSMZEG00005006028	0	0
ENSMZEG00005006029	251	243
ENSMZEG00005006030	0	0
ENSMZEG00005006031	14	8
ENSMZEG00005006032	1	1
ENSMZEG00005006033	4	5
ENSMZEG00005006034	1060	636
ENSMZEG00005006035	2	21
ENSMZEG00005006036	0	0
ENSMZEG00005006037	2	3
ENSMZEG00005006038	2	0
ENSMZEG00005006039	14	15
ENSMZEG00005006040	0	0
ENSMZEG00005006041	1	1
ENSMZEG00005006042	2	2
ENSMZEG00005006043	0	0
ENSMZEG00005006044	0	0
ENSMZEG00005006045	1	2
ENSMZEG00005006046	0	0
ENSMZEG00005006047	0	0
ENSMZEG00005006048	296	1838
ENSMZEG00005006049	1	0
ENSMZEG00005006050	0	0
ENSMZEG00005006051	0	0
ENSMZEG00005006052	29	20
ENSMZEG00005006053	3	0
ENSMZEG00005006054	0	0
ENSMZEG00005006055	0	0
ENSMZEG00005006056	0	0
ENSMZEG00005006057	0	0
ENSMZEG00005006058	13	13
ENSMZEG00005006059	1	1
ENSMZEG00005006060	0	0
ENSMZEG00005006061	1	0
ENSMZEG00005006062	0	0
ENSMZEG00005006063	9	2
ENSMZEG00005006064	0	0
ENSMZEG00005006065	1	0
ENSMZEG00005006066	1	3
ENSMZEG00005006067	1	4
ENSMZEG00005006068	1369	1265
ENSMZEG00005006069	2	0
ENSMZEG00005006070	0	0
ENSMZEG00005006071	3	0
ENSMZEG00005006072	1	1
ENSMZEG00005006073	187	30
ENSMZEG00005006074	1	0
ENSMZEG00005006075	0	0
ENSMZEG00005006076	1	0
ENSMZEG00005006077	11	16
ENSMZEG00005006078	2	0
ENSMZEG00005006079	7	3
ENSMZEG00005006080	22	42
ENSMZEG00005006081	6	4
ENSMZEG00005006082	0	0
ENSMZEG00005006083	6	3
ENSMZEG00005006084	0	0
ENSMZEG00005006085	23	17
ENSMZEG00005006086	0	0
ENSMZEG00005006087	3	1
ENSMZEG00005006088	0	6
ENSMZEG00005006089	6	2
ENSMZEG00005006090	29	7
ENSMZEG00005006091	37	2
ENSMZEG00005006092	3	2
ENSMZEG00005006093	0	0
ENSMZEG00005006094	0	0
ENSMZEG00005006095	1	0
ENSMZEG00005006096	0	4
ENSMZEG00005006097	0	0
ENSMZEG00005006098	0	0
ENSMZEG00005006099	0	0
ENSMZEG00005006100	0	0
ENSMZEG00005006101	8	11
ENSMZEG00005006102	53	6
ENSMZEG00005006103	0	0
ENSMZEG00005006104	0	0
ENSMZEG00005006105	1	0
ENSMZEG00005006106	1556	1357
ENSMZEG00005006107	0	0
ENSMZEG00005006108	2	0
ENSMZEG00005006109	1	0
ENSMZEG00005006110	0	0
ENSMZEG00005006111	0	0
ENSMZEG00005006112	7	9
ENSMZEG00005006113	1	3
ENSMZEG00005006114	29	26
ENSMZEG00005006115	4	0
ENSMZEG00005006116	0	2
ENSMZEG00005006117	1	1
ENSMZEG00005006118	0	0
ENSMZEG00005006119	6	3
ENSMZEG00005006120	192	857
ENSMZEG00005006121	4	0
ENSMZEG00005006122	4	2
ENSMZEG00005006123	0	0
ENSMZEG00005006124	0	1
ENSMZEG00005006125	0	7
ENSMZEG00005006126	33	1
ENSMZEG00005006127	0	1
ENSMZEG00005006128	0	0
ENSMZEG00005006129	0	0
ENSMZEG00005006130	5	16
ENSMZEG00005006131	2	2
ENSMZEG00005006132	1	0
ENSMZEG00005006133	0	0
ENSMZEG00005006134	0	0
ENSMZEG00005006135	0	0
ENSMZEG00005006136	0	0
ENSMZEG00005006137	0	3
ENSMZEG00005006138	0	0
ENSMZEG00005006139	0	1
ENSMZEG00005006140	0	0
ENSMZEG00005006141	0	4
ENSMZEG00005006142	0	1
ENSMZEG00005006143	0	16
ENSMZEG00005006144	706	240
ENSMZEG00005006145	0	0
ENSMZEG00005006146	1393	1459
ENSMZEG00005006147	6	3
ENSMZEG00005006148	0	0
ENSMZEG00005006149	7	11
ENSMZEG00005006150	0	1
ENSMZEG00005006151	0	0
ENSMZEG00005006152	0	0
ENSMZEG00005006153	19	16
ENSMZEG00005006154	9	0
ENSMZEG00005006155	0	0
ENSMZEG00005006156	0	0
ENSMZEG00005006157	2	0
ENSMZEG00005006158	2	0
ENSMZEG00005006159	0	0
ENSMZEG00005006160	78	78
ENSMZEG00005006161	0	0
ENSMZEG00005006162	138	154
ENSMZEG00005006163	0	7
ENSMZEG00005006164	0	0
ENSMZEG00005006165	0	3
ENSMZEG00005006166	0	0
ENSMZEG00005006167	0	0
ENSMZEG00005006168	0	1
ENSMZEG00005006169	0	0
ENSMZEG00005006170	9	0
ENSMZEG00005006171	0	0
ENSMZEG00005006172	1	0
ENSMZEG00005006173	55	375
ENSMZEG00005006174	0	0
ENSMZEG00005006175	2	1
ENSMZEG00005006176	0	0
ENSMZEG00005006177	0	0
ENSMZEG00005006178	0	0
ENSMZEG00005006179	20	7
ENSMZEG00005006180	0	0
ENSMZEG00005006181	11	0
ENSMZEG00005006182	0	0
ENSMZEG00005006183	1	0
ENSMZEG00005006184	0	1
ENSMZEG00005006185	0	0
ENSMZEG00005006186	8	6
ENSMZEG00005006187	0	0
ENSMZEG00005006188	2	4
ENSMZEG00005006189	9	5
ENSMZEG00005006190	0	0
ENSMZEG00005006191	0	0
ENSMZEG00005006192	14	9
ENSMZEG00005006193	11	0
ENSMZEG00005006194	1	15
ENSMZEG00005006195	0	0
ENSMZEG00005006196	9	9
ENSMZEG00005006197	0	0
ENSMZEG00005006198	7	4
ENSMZEG00005006199	1887	1033
ENSMZEG00005006200	0	2
ENSMZEG00005006201	2	0
ENSMZEG00005006202	0	0
ENSMZEG00005006203	4	3
ENSMZEG00005006204	5	6
ENSMZEG00005006205	0	2
ENSMZEG00005006206	0	0
ENSMZEG00005006207	0	0
ENSMZEG00005006208	1	0
ENSMZEG00005006209	0	1
ENSMZEG00005006210	7	9
ENSMZEG00005006211	0	0
ENSMZEG00005006212	22	26
ENSMZEG00005006213	0	0
ENSMZEG00005006214	3	0
ENSMZEG00005006215	108	163
ENSMZEG00005006216	0	0
ENSMZEG00005006217	13	3
ENSMZEG00005006218	0	0
ENSMZEG00005006219	36	80
ENSMZEG00005006220	1	2
ENSMZEG00005006221	0	0
ENSMZEG00005006222	1	0
ENSMZEG00005006223	0	0
ENSMZEG00005006224	0	0
ENSMZEG00005006225	2	4
ENSMZEG00005006226	0	21
ENSMZEG00005006227	0	0
ENSMZEG00005006228	52	34
ENSMZEG00005006229	2	10
ENSMZEG00005006230	491	2407
ENSMZEG00005006231	1	0
ENSMZEG00005006232	0	2
ENSMZEG00005006233	0	7
ENSMZEG00005006234	0	1
ENSMZEG00005006235	37	13
ENSMZEG00005006236	4	0
ENSMZEG00005006237	2	1
ENSMZEG00005006238	8	99
ENSMZEG00005006239	0	0
ENSMZEG00005006240	1	0
ENSMZEG00005006241	0	0
ENSMZEG00005006242	21	3
ENSMZEG00005006243	2	0
ENSMZEG00005006244	0	0
ENSMZEG00005006245	0	0
ENSMZEG00005006246	199	59
ENSMZEG00005006247	3	45
ENSMZEG00005006248	60	50
ENSMZEG00005006249	5	28
ENSMZEG00005006250	0	1
ENSMZEG00005006251	2	1
ENSMZEG00005006252	0	0
ENSMZEG00005006253	1	2
ENSMZEG00005006254	0	0
ENSMZEG00005006255	2	7
ENSMZEG00005006256	13	5
ENSMZEG00005006257	0	1
ENSMZEG00005006258	270	529
ENSMZEG00005006259	61	13
ENSMZEG00005006260	0	6
ENSMZEG00005006261	0	0
ENSMZEG00005006262	0	0
ENSMZEG00005006263	1	1
ENSMZEG00005006264	4	0
ENSMZEG00005006265	7	4
ENSMZEG00005006266	1	0
ENSMZEG00005006267	14	6
ENSMZEG00005006268	0	1
ENSMZEG00005006269	7	1
ENSMZEG00005006270	0	0
ENSMZEG00005006271	2	1
ENSMZEG00005006272	0	0
ENSMZEG00005006273	160	453
ENSMZEG00005006274	0	2
ENSMZEG00005006275	0	1
ENSMZEG00005006276	0	0
ENSMZEG00005006277	2	1
ENSMZEG00005006278	1	1
ENSMZEG00005006279	5	1
ENSMZEG00005006280	2	0
ENSMZEG00005006281	3	3
ENSMZEG00005006282	5	7
ENSMZEG00005006283	0	0
ENSMZEG00005006284	0	0
ENSMZEG00005006285	4	2
ENSMZEG00005006286	5	1
ENSMZEG00005006287	0	0
ENSMZEG00005006288	0	0
ENSMZEG00005006289	0	0
ENSMZEG00005006290	8	2
ENSMZEG00005006291	4	3
ENSMZEG00005006292	4	3
ENSMZEG00005006293	4	5
ENSMZEG00005006294	9	0
ENSMZEG00005006295	0	0
ENSMZEG00005006296	0	0
ENSMZEG00005006297	7	5
ENSMZEG00005006298	1	8
ENSMZEG00005006299	0	6
ENSMZEG00005006300	5	3
ENSMZEG00005006301	1	1
ENSMZEG00005006302	0	0
ENSMZEG00005006303	0	0
ENSMZEG00005006304	3	34
ENSMZEG00005006305	5	2
ENSMZEG00005006306	0	0
ENSMZEG00005006307	0	0
ENSMZEG00005006308	6	1
ENSMZEG00005006309	0	0
ENSMZEG00005006310	0	0
ENSMZEG00005006311	0	0
ENSMZEG00005006312	0	0
ENSMZEG00005006313	0	0
ENSMZEG00005006314	0	0
ENSMZEG00005006315	0	1
ENSMZEG00005006316	3	4
ENSMZEG00005006317	0	6
ENSMZEG00005006318	0	0
ENSMZEG00005006319	0	0
ENSMZEG00005006320	0	1
ENSMZEG00005006321	6	0
ENSMZEG00005006322	2	1
ENSMZEG00005006323	2	0
ENSMZEG00005006324	20	9
ENSMZEG00005006325	0	6
ENSMZEG00005006326	1	2
ENSMZEG00005006327	0	1
ENSMZEG00005006328	0	0
ENSMZEG00005006329	0	0
ENSMZEG00005006330	6	87
ENSMZEG00005006331	8	120
ENSMZEG00005006332	0	0
ENSMZEG00005006333	0	0
ENSMZEG00005006334	0	0
ENSMZEG00005006335	0	0
ENSMZEG00005006336	0	1
ENSMZEG00005006337	3	3
ENSMZEG00005006338	8	3
ENSMZEG00005006339	0	2
ENSMZEG00005006340	2	4
ENSMZEG00005006341	4	0
ENSMZEG00005006342	0	0
ENSMZEG00005006343	1	0
ENSMZEG00005006344	1	0
ENSMZEG00005006345	0	0
ENSMZEG00005006346	14	13
ENSMZEG00005006347	0	0
ENSMZEG00005006348	7	5
ENSMZEG00005006349	0	0
ENSMZEG00005006350	0	0
ENSMZEG00005006351	0	0
ENSMZEG00005006352	0	1
ENSMZEG00005006353	2	0
ENSMZEG00005006354	0	2
ENSMZEG00005006355	8	12
ENSMZEG00005006356	8	1
ENSMZEG00005006357	0	0
ENSMZEG00005006358	0	0
ENSMZEG00005006359	1	2
ENSMZEG00005006360	0	0
ENSMZEG00005006361	21	42
ENSMZEG00005006362	0	0
ENSMZEG00005006363	725	124
ENSMZEG00005006364	0	0
ENSMZEG00005006365	1	0
ENSMZEG00005006366	0	0
ENSMZEG00005006367	4	13
ENSMZEG00005006368	3	1
ENSMZEG00005006369	2	0
ENSMZEG00005006370	6	0
ENSMZEG00005006371	24	20
ENSMZEG00005006372	181	561
ENSMZEG00005006373	0	0
ENSMZEG00005006374	25	3
ENSMZEG00005006375	21	10
ENSMZEG00005006376	24	11
ENSMZEG00005006377	0	2
ENSMZEG00005006378	6	7
ENSMZEG00005006379	0	0
ENSMZEG00005006380	782	430
ENSMZEG00005006381	2	3
ENSMZEG00005006382	6	2
ENSMZEG00005006383	6	19
ENSMZEG00005006384	0	0
ENSMZEG00005006385	1	7
ENSMZEG00005006386	1	1
ENSMZEG00005006387	0	0
ENSMZEG00005006388	0	0
ENSMZEG00005006389	7	3
ENSMZEG00005006390	0	0
ENSMZEG00005006391	0	0
ENSMZEG00005006392	0	0
ENSMZEG00005006393	0	0
ENSMZEG00005006394	143	59
ENSMZEG00005006395	0	4
ENSMZEG00005006396	0	0
ENSMZEG00005006397	4	0
ENSMZEG00005006398	0	0
ENSMZEG00005006399	3	0
ENSMZEG00005006400	0	0
ENSMZEG00005006401	11	30
ENSMZEG00005006402	2	0
ENSMZEG00005006403	0	3
ENSMZEG00005006404	0	0
ENSMZEG00005006405	0	1
ENSMZEG00005006406	0	0
ENSMZEG00005006407	0	0
ENSMZEG00005006408	0	0
ENSMZEG00005006409	0	0
ENSMZEG00005006410	0	0
ENSMZEG00005006411	0	3
ENSMZEG00005006412	0	0
ENSMZEG00005006413	0	0
ENSMZEG00005006414	0	0
ENSMZEG00005006415	554	540
ENSMZEG00005006416	67	73
ENSMZEG00005006417	0	0
ENSMZEG00005006418	4	5
ENSMZEG00005006419	0	0
ENSMZEG00005006420	0	0
ENSMZEG00005006421	1	0
ENSMZEG00005006422	0	0
ENSMZEG00005006423	6	2
ENSMZEG00005006424	1	1
ENSMZEG00005006425	0	0
ENSMZEG00005006426	0	3
ENSMZEG00005006427	13	18
ENSMZEG00005006428	4	2
ENSMZEG00005006429	13	15
ENSMZEG00005006430	0	0
ENSMZEG00005006431	0	0
ENSMZEG00005006432	3	5
ENSMZEG00005006433	3	5
ENSMZEG00005006434	60	610
ENSMZEG00005006435	0	0
ENSMZEG00005006436	1	5
ENSMZEG00005006437	1	0
ENSMZEG00005006438	170	49
ENSMZEG00005006439	2	0
ENSMZEG00005006440	0	0
ENSMZEG00005006441	0	1
ENSMZEG00005006442	0	0
ENSMZEG00005006443	0	0
ENSMZEG00005006444	0	0
ENSMZEG00005006445	0	0
ENSMZEG00005006446	0	1
ENSMZEG00005006447	0	3
ENSMZEG00005006448	0	0
ENSMZEG00005006449	10	3
ENSMZEG00005006450	0	1
ENSMZEG00005006451	9	3
ENSMZEG00005006452	40	116
ENSMZEG00005006453	30	3
ENSMZEG00005006454	0	0
ENSMZEG00005006455	0	4
ENSMZEG00005006456	12	2
ENSMZEG00005006457	12	92
ENSMZEG00005006458	7	0
ENSMZEG00005006459	0	1
ENSMZEG00005006460	1	1
ENSMZEG00005006461	6	4
ENSMZEG00005006462	5	9
ENSMZEG00005006463	0	1
ENSMZEG00005006464	49	130
ENSMZEG00005006465	0	7
ENSMZEG00005006466	3	1
ENSMZEG00005006467	757	3525
ENSMZEG00005006468	0	0
ENSMZEG00005006469	0	0
ENSMZEG00005006470	13	35
ENSMZEG00005006471	25	1
ENSMZEG00005006472	0	0
ENSMZEG00005006473	9	4
ENSMZEG00005006474	21	0
ENSMZEG00005006475	0	0
ENSMZEG00005006476	1	1
ENSMZEG00005006477	9	29
ENSMZEG00005006478	4	1
ENSMZEG00005006479	1	13
ENSMZEG00005006480	6	1
ENSMZEG00005006481	24	5
ENSMZEG00005006482	4	1
ENSMZEG00005006483	247	278
ENSMZEG00005006484	0	0
ENSMZEG00005006485	8	13
ENSMZEG00005006486	10	2
ENSMZEG00005006487	2104	742
ENSMZEG00005006488	0	2
ENSMZEG00005006489	1	0
ENSMZEG00005006490	0	0
ENSMZEG00005006491	0	1
ENSMZEG00005006492	0	0
ENSMZEG00005006493	0	0
ENSMZEG00005006494	0	0
ENSMZEG00005006495	1	0
ENSMZEG00005006496	4	2
ENSMZEG00005006497	3	6
ENSMZEG00005006498	7	4
ENSMZEG00005006499	0	0
ENSMZEG00005006500	4	8
ENSMZEG00005006501	1	0
ENSMZEG00005006502	0	0
ENSMZEG00005006503	1	3
ENSMZEG00005006504	0	0
ENSMZEG00005006505	0	2
ENSMZEG00005006506	1	1
ENSMZEG00005006507	1	0
ENSMZEG00005006508	63	97
ENSMZEG00005006509	0	0
ENSMZEG00005006510	4	47
ENSMZEG00005006511	1	0
ENSMZEG00005006512	0	0
ENSMZEG00005006513	315	394
ENSMZEG00005006514	4	1
ENSMZEG00005006515	0	1
ENSMZEG00005006516	0	0
ENSMZEG00005006517	0	0
ENSMZEG00005006518	297	309
ENSMZEG00005006519	0	0
ENSMZEG00005006520	1	2
ENSMZEG00005006521	2	0
ENSMZEG00005006522	0	0
ENSMZEG00005006523	3	2
ENSMZEG00005006524	4	5
ENSMZEG00005006525	3	8
ENSMZEG00005006526	0	0
ENSMZEG00005006527	2017	875
ENSMZEG00005006528	0	0
ENSMZEG00005006529	0	0
ENSMZEG00005006530	1	0
ENSMZEG00005006531	2770	2987
ENSMZEG00005006532	8	66
ENSMZEG00005006533	0	0
ENSMZEG00005006534	3	1
ENSMZEG00005006535	1	0
ENSMZEG00005006536	0	0
ENSMZEG00005006537	7	0
ENSMZEG00005006538	117	277
ENSMZEG00005006539	93	429
ENSMZEG00005006540	176	19
ENSMZEG00005006541	0	0
ENSMZEG00005006542	0	1
ENSMZEG00005006543	0	0
ENSMZEG00005006544	0	0
ENSMZEG00005006545	26	7
ENSMZEG00005006546	0	1
ENSMZEG00005006547	0	0
ENSMZEG00005006548	106	121
ENSMZEG00005006549	3	0
ENSMZEG00005006550	0	0
ENSMZEG00005006551	0	0
ENSMZEG00005006552	4	6
ENSMZEG00005006553	0	0
ENSMZEG00005006554	24	6
ENSMZEG00005006555	1	7
ENSMZEG00005006556	0	0
ENSMZEG00005006557	4	2
ENSMZEG00005006558	0	2
ENSMZEG00005006559	11	3
ENSMZEG00005006560	2	0
ENSMZEG00005006561	0	1
ENSMZEG00005006562	0	0
ENSMZEG00005006563	1	1
ENSMZEG00005006564	0	0
ENSMZEG00005006565	0	0
ENSMZEG00005006566	1	0
ENSMZEG00005006567	1	0
ENSMZEG00005006568	6	0
ENSMZEG00005006569	0	0
ENSMZEG00005006570	4	9
ENSMZEG00005006571	0	2
ENSMZEG00005006572	16	6
ENSMZEG00005006573	0	0
ENSMZEG00005006574	3	1
ENSMZEG00005006575	0	0
ENSMZEG00005006576	0	0
ENSMZEG00005006577	1	0
ENSMZEG00005006578	15	9
ENSMZEG00005006579	0	0
ENSMZEG00005006580	2	6
ENSMZEG00005006581	12	14
ENSMZEG00005006582	205	29
ENSMZEG00005006583	2	1
ENSMZEG00005006584	0	0
ENSMZEG00005006585	18	7
ENSMZEG00005006586	2	3
ENSMZEG00005006587	1964	171
ENSMZEG00005006588	31	2
ENSMZEG00005006589	0	0
ENSMZEG00005006590	0	0
ENSMZEG00005006591	1135	481
ENSMZEG00005006592	0	0
ENSMZEG00005006593	0	0
ENSMZEG00005006594	9	1
ENSMZEG00005006595	0	2
ENSMZEG00005006596	0	0
ENSMZEG00005006597	0	0
ENSMZEG00005006598	11	2
ENSMZEG00005006599	2	6
ENSMZEG00005006600	0	0
ENSMZEG00005006601	0	0
ENSMZEG00005006602	0	0
ENSMZEG00005006603	0	0
ENSMZEG00005006604	0	0
ENSMZEG00005006605	0	0
ENSMZEG00005006606	11	0
ENSMZEG00005006607	1	0
ENSMZEG00005006608	0	0
ENSMZEG00005006609	5	0
ENSMZEG00005006610	2	1
ENSMZEG00005006611	14	9
ENSMZEG00005006612	0	0
ENSMZEG00005006613	0	0
ENSMZEG00005006614	0	0
ENSMZEG00005006615	5	4
ENSMZEG00005006616	0	0
ENSMZEG00005006617	1271	1923
ENSMZEG00005006618	2	11
ENSMZEG00005006619	0	0
ENSMZEG00005006620	2	0
ENSMZEG00005006621	81	14
ENSMZEG00005006622	0	4
ENSMZEG00005006623	0	0
ENSMZEG00005006624	1	2
ENSMZEG00005006625	0	0
ENSMZEG00005006626	3	9
ENSMZEG00005006627	0	0
ENSMZEG00005006628	0	0
ENSMZEG00005006629	0	0
ENSMZEG00005006630	0	0
ENSMZEG00005006631	4	1
ENSMZEG00005006632	208	101
ENSMZEG00005006633	0	0
ENSMZEG00005006634	2	0
ENSMZEG00005006635	0	0
ENSMZEG00005006636	0	0
ENSMZEG00005006637	1	0
ENSMZEG00005006638	0	0
ENSMZEG00005006639	5	3
ENSMZEG00005006640	13	7
ENSMZEG00005006641	0	0
ENSMZEG00005006642	2	2
ENSMZEG00005006643	0	0
ENSMZEG00005006644	0	0
ENSMZEG00005006645	25	5
ENSMZEG00005006646	4	0
ENSMZEG00005006647	0	0
ENSMZEG00005006648	0	0
ENSMZEG00005006649	2	2
ENSMZEG00005006650	0	0
ENSMZEG00005006651	5	5
ENSMZEG00005006652	1	0
ENSMZEG00005006653	0	0
ENSMZEG00005006654	4	0
ENSMZEG00005006655	5608	3125
ENSMZEG00005006656	0	0
ENSMZEG00005006657	0	0
ENSMZEG00005006658	9	6
ENSMZEG00005006659	3	10
ENSMZEG00005006660	0	0
ENSMZEG00005006661	0	0
ENSMZEG00005006662	0	0
ENSMZEG00005006663	453	337
ENSMZEG00005006664	0	0
ENSMZEG00005006665	1	1
ENSMZEG00005006666	0	3
ENSMZEG00005006667	6	10
ENSMZEG00005006668	0	1
ENSMZEG00005006669	0	0
ENSMZEG00005006670	2	7
ENSMZEG00005006671	2	0
ENSMZEG00005006672	0	0
ENSMZEG00005006673	0	1
ENSMZEG00005006674	36	12
ENSMZEG00005006675	2	2
ENSMZEG00005006676	5	1
ENSMZEG00005006677	5	0
ENSMZEG00005006678	0	0
ENSMZEG00005006679	0	0
ENSMZEG00005006680	0	0
ENSMZEG00005006681	0	0
ENSMZEG00005006682	0	0
ENSMZEG00005006683	0	0
ENSMZEG00005006684	0	0
ENSMZEG00005006685	2	0
ENSMZEG00005006686	0	0
ENSMZEG00005006687	1	3
ENSMZEG00005006688	34	67
ENSMZEG00005006689	0	3
ENSMZEG00005006690	0	0
ENSMZEG00005006691	0	33
ENSMZEG00005006692	174	1848
ENSMZEG00005006693	22368	49741
ENSMZEG00005006694	0	0
ENSMZEG00005006695	0	0
ENSMZEG00005006696	1	0
ENSMZEG00005006697	0	0
ENSMZEG00005006698	0	0
ENSMZEG00005006699	0	0
ENSMZEG00005006700	3	0
ENSMZEG00005006701	1	4
ENSMZEG00005006702	0	0
ENSMZEG00005006703	283	112
ENSMZEG00005006704	532	744
ENSMZEG00005006705	0	0
ENSMZEG00005006706	0	0
ENSMZEG00005006707	6	5
ENSMZEG00005006708	10	11
ENSMZEG00005006709	5	1
ENSMZEG00005006710	0	0
ENSMZEG00005006711	0	0
ENSMZEG00005006712	0	0
ENSMZEG00005006713	0	0
ENSMZEG00005006714	0	0
ENSMZEG00005006715	0	0
ENSMZEG00005006716	0	0
ENSMZEG00005006717	0	0
ENSMZEG00005006718	0	0
ENSMZEG00005006719	12	5
ENSMZEG00005006720	1	6
ENSMZEG00005006721	0	0
ENSMZEG00005006722	0	6
ENSMZEG00005006723	6	0
ENSMZEG00005006724	0	2
ENSMZEG00005006725	777	2333
ENSMZEG00005006726	4	8
ENSMZEG00005006727	0	1
ENSMZEG00005006728	2	0
ENSMZEG00005006729	0	0
ENSMZEG00005006730	1	0
ENSMZEG00005006731	0	0
ENSMZEG00005006732	2	0
ENSMZEG00005006733	0	0
ENSMZEG00005006734	0	0
ENSMZEG00005006735	13	6
ENSMZEG00005006736	0	0
ENSMZEG00005006737	1	0
ENSMZEG00005006738	1250	439
ENSMZEG00005006739	0	0
ENSMZEG00005006740	15	2
ENSMZEG00005006741	0	0
ENSMZEG00005006742	0	0
ENSMZEG00005006743	1	3
ENSMZEG00005006744	5	6
ENSMZEG00005006745	379	277
ENSMZEG00005006746	0	1
ENSMZEG00005006747	4	2
ENSMZEG00005006748	0	0
ENSMZEG00005006749	5	0
ENSMZEG00005006750	0	1
ENSMZEG00005006751	0	0
ENSMZEG00005006752	64	68
ENSMZEG00005006753	0	0
ENSMZEG00005006754	0	0
ENSMZEG00005006755	2	0
ENSMZEG00005006756	0	2
ENSMZEG00005006757	0	0
ENSMZEG00005006758	0	0
ENSMZEG00005006759	1	5
ENSMZEG00005006760	3	0
ENSMZEG00005006761	0	6
ENSMZEG00005006762	0	0
ENSMZEG00005006763	0	0
ENSMZEG00005006764	3	1
ENSMZEG00005006765	0	0
ENSMZEG00005006766	342	354
ENSMZEG00005006767	3	1
ENSMZEG00005006768	2	0
ENSMZEG00005006769	0	0
ENSMZEG00005006770	0	0
ENSMZEG00005006771	8	8
ENSMZEG00005006772	3	1
ENSMZEG00005006773	48	24
ENSMZEG00005006774	0	1
ENSMZEG00005006775	1	0
ENSMZEG00005006776	0	1
ENSMZEG00005006777	0	0
ENSMZEG00005006778	0	0
ENSMZEG00005006779	1	0
ENSMZEG00005006780	0	0
ENSMZEG00005006781	0	0
ENSMZEG00005006782	0	0
ENSMZEG00005006783	0	0
ENSMZEG00005006784	0	0
ENSMZEG00005006785	3	0
ENSMZEG00005006786	0	0
ENSMZEG00005006787	0	0
ENSMZEG00005006788	387	68
ENSMZEG00005006789	3	4
ENSMZEG00005006790	2	2
ENSMZEG00005006791	3	1
ENSMZEG00005006792	0	0
ENSMZEG00005006793	17	1
ENSMZEG00005006794	0	0
ENSMZEG00005006795	11	4
ENSMZEG00005006796	0	0
ENSMZEG00005006797	0	0
ENSMZEG00005006798	83	37
ENSMZEG00005006799	1	7
ENSMZEG00005006800	0	0
ENSMZEG00005006801	0	1
ENSMZEG00005006802	2	0
ENSMZEG00005006803	0	0
ENSMZEG00005006804	0	0
ENSMZEG00005006805	4	3
ENSMZEG00005006806	94	8
ENSMZEG00005006807	1	3
ENSMZEG00005006808	0	0
ENSMZEG00005006809	263	313
ENSMZEG00005006810	0	0
ENSMZEG00005006811	2	0
ENSMZEG00005006812	5	4
ENSMZEG00005006813	11	3
ENSMZEG00005006814	0	0
ENSMZEG00005006815	0	0
ENSMZEG00005006816	0	9
ENSMZEG00005006817	0	0
ENSMZEG00005006818	8	2
ENSMZEG00005006819	0	0
ENSMZEG00005006820	5	3
ENSMZEG00005006821	0	1
ENSMZEG00005006822	0	0
ENSMZEG00005006823	0	0
ENSMZEG00005006824	0	0
ENSMZEG00005006825	0	0
ENSMZEG00005006826	6	0
ENSMZEG00005006827	271	260
ENSMZEG00005006828	4	1
ENSMZEG00005006829	0	1
ENSMZEG00005006830	4	0
ENSMZEG00005006831	0	0
ENSMZEG00005006832	297	387
ENSMZEG00005006833	4	0
ENSMZEG00005006834	0	0
ENSMZEG00005006835	0	0
ENSMZEG00005006836	0	0
ENSMZEG00005006837	0	0
ENSMZEG00005006838	0	0
ENSMZEG00005006839	1	0
ENSMZEG00005006840	53	295
ENSMZEG00005006841	0	0
ENSMZEG00005006842	7	17
ENSMZEG00005006843	0	0
ENSMZEG00005006844	0	0
ENSMZEG00005006845	0	0
ENSMZEG00005006846	1	0
ENSMZEG00005006847	0	0
ENSMZEG00005006848	0	0
ENSMZEG00005006849	35	38
ENSMZEG00005006850	0	0
ENSMZEG00005006851	2	3
ENSMZEG00005006852	1	0
ENSMZEG00005006853	2	0
ENSMZEG00005006854	0	0
ENSMZEG00005006855	11	2
ENSMZEG00005006856	6	9
ENSMZEG00005006857	0	2
ENSMZEG00005006858	4	1
ENSMZEG00005006859	0	0
ENSMZEG00005006860	0	1
ENSMZEG00005006861	0	0
ENSMZEG00005006862	3	3
ENSMZEG00005006863	0	0
ENSMZEG00005006864	1	0
ENSMZEG00005006865	357	61
ENSMZEG00005006866	3	5
ENSMZEG00005006867	0	0
ENSMZEG00005006868	23	0
ENSMZEG00005006869	1072	2227
ENSMZEG00005006870	0	2
ENSMZEG00005006871	0	0
ENSMZEG00005006872	0	1
ENSMZEG00005006873	0	0
ENSMZEG00005006874	0	0
ENSMZEG00005006875	2	0
ENSMZEG00005006876	1	6
ENSMZEG00005006877	2	4
ENSMZEG00005006878	0	1
ENSMZEG00005006879	1	0
ENSMZEG00005006880	39	3
ENSMZEG00005006881	0	0
ENSMZEG00005006882	2	3
ENSMZEG00005006883	6	1
ENSMZEG00005006884	0	0
ENSMZEG00005006885	2	0
ENSMZEG00005006886	0	5
ENSMZEG00005006887	1	4
ENSMZEG00005006888	0	0
ENSMZEG00005006889	1	0
ENSMZEG00005006890	0	0
ENSMZEG00005006891	1	11
ENSMZEG00005006892	6	1
ENSMZEG00005006893	0	0
ENSMZEG00005006894	8	6
ENSMZEG00005006895	88	20
ENSMZEG00005006896	0	0
ENSMZEG00005006897	1	0
ENSMZEG00005006898	0	0
ENSMZEG00005006899	0	1
ENSMZEG00005006900	27	6
ENSMZEG00005006901	1	6
ENSMZEG00005006902	4	1
ENSMZEG00005006903	0	1
ENSMZEG00005006904	2	26
ENSMZEG00005006905	0	0
ENSMZEG00005006906	2088	40315
ENSMZEG00005006907	10	107
ENSMZEG00005006908	4	5
ENSMZEG00005006909	6	4
ENSMZEG00005006910	2	1
ENSMZEG00005006911	20	4
ENSMZEG00005006912	0	0
ENSMZEG00005006913	10	1
ENSMZEG00005006914	3	1
ENSMZEG00005006915	8	8
ENSMZEG00005006916	0	0
ENSMZEG00005006917	0	0
ENSMZEG00005006918	3	3
ENSMZEG00005006919	190	1328
ENSMZEG00005006920	2	1
ENSMZEG00005006921	1	2
ENSMZEG00005006922	58	6
ENSMZEG00005006923	0	0
ENSMZEG00005006924	7	1
ENSMZEG00005006925	6	0
ENSMZEG00005006926	0	0
ENSMZEG00005006927	4	1
ENSMZEG00005006928	0	0
ENSMZEG00005006929	1	3
ENSMZEG00005006930	1	0
ENSMZEG00005006931	0	0
ENSMZEG00005006932	0	39
ENSMZEG00005006933	1	0
ENSMZEG00005006934	0	5
ENSMZEG00005006935	2	2
ENSMZEG00005006936	884	1385
ENSMZEG00005006937	13	9
ENSMZEG00005006938	124	104
ENSMZEG00005006939	1	0
ENSMZEG00005006940	7	1
ENSMZEG00005006941	0	0
ENSMZEG00005006942	9	2
ENSMZEG00005006943	0	0
ENSMZEG00005006944	0	0
ENSMZEG00005006945	0	0
ENSMZEG00005006946	0	4
ENSMZEG00005006947	0	1
ENSMZEG00005006948	14	359
ENSMZEG00005006949	0	1
ENSMZEG00005006950	0	0
ENSMZEG00005006951	0	1
ENSMZEG00005006952	2	4
ENSMZEG00005006953	480	891
ENSMZEG00005006954	39	50
ENSMZEG00005006955	617	363
ENSMZEG00005006956	3	0
ENSMZEG00005006957	28	7
ENSMZEG00005006958	3	0
ENSMZEG00005006959	0	0
ENSMZEG00005006960	2	8
ENSMZEG00005006961	0	6
ENSMZEG00005006962	0	0
ENSMZEG00005006963	0	3
ENSMZEG00005006964	5	2
ENSMZEG00005006965	968	261
ENSMZEG00005006966	7	2
ENSMZEG00005006967	5	13
ENSMZEG00005006968	0	1
ENSMZEG00005006969	5	0
ENSMZEG00005006970	0	1
ENSMZEG00005006971	0	0
ENSMZEG00005006972	0	2
ENSMZEG00005006973	4	5
ENSMZEG00005006974	0	0
ENSMZEG00005006975	13	3
ENSMZEG00005006976	4	25
ENSMZEG00005006977	0	0
ENSMZEG00005006978	548	392
ENSMZEG00005006979	0	4
ENSMZEG00005006980	1	1
ENSMZEG00005006981	2	10
ENSMZEG00005006982	6	3
ENSMZEG00005006983	9	0
ENSMZEG00005006984	6	8
ENSMZEG00005006985	31	29
ENSMZEG00005006986	0	0
ENSMZEG00005006987	4	2
ENSMZEG00005006988	17	1
ENSMZEG00005006989	0	0
ENSMZEG00005006990	11	21
ENSMZEG00005006991	0	2
ENSMZEG00005006992	5	5
ENSMZEG00005006993	11	26
ENSMZEG00005006994	6	0
ENSMZEG00005006995	0	0
ENSMZEG00005006996	0	3
ENSMZEG00005006997	20	102
ENSMZEG00005006998	1	3
ENSMZEG00005006999	3	0
ENSMZEG00005007000	0	1
ENSMZEG00005007001	2	1
ENSMZEG00005007002	6	7
ENSMZEG00005007003	6	5
ENSMZEG00005007004	0	5
ENSMZEG00005007005	2	5
ENSMZEG00005007006	0	0
ENSMZEG00005007007	8	4
ENSMZEG00005007008	0	4
ENSMZEG00005007009	0	0
ENSMZEG00005007010	1	0
ENSMZEG00005007011	0	0
ENSMZEG00005007012	0	0
ENSMZEG00005007013	0	0
ENSMZEG00005007014	0	0
ENSMZEG00005007015	6	7
ENSMZEG00005007016	1	0
ENSMZEG00005007017	9	3
ENSMZEG00005007018	9	1
ENSMZEG00005007019	0	0
ENSMZEG00005007020	20	3
ENSMZEG00005007021	0	1
ENSMZEG00005007022	0	0
ENSMZEG00005007023	1	3
ENSMZEG00005007024	2	7
ENSMZEG00005007025	343	51
ENSMZEG00005007026	0	1
ENSMZEG00005007027	6	10
ENSMZEG00005007028	6	15
ENSMZEG00005007029	0	1
ENSMZEG00005007030	0	2
ENSMZEG00005007031	0	0
ENSMZEG00005007032	0	0
ENSMZEG00005007033	0	0
ENSMZEG00005007034	0	2
ENSMZEG00005007035	2	0
ENSMZEG00005007036	6	1
ENSMZEG00005007037	3	7
ENSMZEG00005007038	0	0
ENSMZEG00005007039	1	0
ENSMZEG00005007040	1	4
ENSMZEG00005007041	106	10
ENSMZEG00005007042	1	0
ENSMZEG00005007043	0	0
ENSMZEG00005007044	151	44
ENSMZEG00005007045	9	10
ENSMZEG00005007046	0	0
ENSMZEG00005007047	5	18
ENSMZEG00005007048	0	2
ENSMZEG00005007049	5	0
ENSMZEG00005007050	0	2
ENSMZEG00005007051	392	53
ENSMZEG00005007052	7	51
ENSMZEG00005007053	4	5
ENSMZEG00005007054	0	0
ENSMZEG00005007055	0	0
ENSMZEG00005007056	20	39
ENSMZEG00005007057	6	2
ENSMZEG00005007058	0	3
ENSMZEG00005007059	0	0
ENSMZEG00005007060	2	1
ENSMZEG00005007061	2	5
ENSMZEG00005007062	6	1
ENSMZEG00005007063	20	8
ENSMZEG00005007064	0	0
ENSMZEG00005007065	0	0
ENSMZEG00005007066	0	2
ENSMZEG00005007067	2	2
ENSMZEG00005007068	0	0
ENSMZEG00005007069	2	3
ENSMZEG00005007070	2	0
ENSMZEG00005007071	0	0
ENSMZEG00005007072	33	18
ENSMZEG00005007073	0	0
ENSMZEG00005007074	0	0
ENSMZEG00005007075	0	1
ENSMZEG00005007076	2	0
ENSMZEG00005007077	5	1
ENSMZEG00005007078	5	22
ENSMZEG00005007079	1	1
ENSMZEG00005007080	0	1
ENSMZEG00005007081	0	0
ENSMZEG00005007082	0	0
ENSMZEG00005007083	0	0
ENSMZEG00005007084	0	0
ENSMZEG00005007085	2	1
ENSMZEG00005007086	0	0
ENSMZEG00005007087	96	243
ENSMZEG00005007088	13	0
ENSMZEG00005007089	4	0
ENSMZEG00005007090	12	24
ENSMZEG00005007091	0	6
ENSMZEG00005007092	1259	1467
ENSMZEG00005007093	22	3
ENSMZEG00005007094	0	0
ENSMZEG00005007095	1	0
ENSMZEG00005007096	0	4
ENSMZEG00005007097	0	0
ENSMZEG00005007098	6	3
ENSMZEG00005007099	0	0
ENSMZEG00005007100	0	0
ENSMZEG00005007101	0	0
ENSMZEG00005007102	2	2
ENSMZEG00005007103	331	42
ENSMZEG00005007104	6	2
ENSMZEG00005007105	3	0
ENSMZEG00005007106	1	0
ENSMZEG00005007107	0	0
ENSMZEG00005007108	0	1
ENSMZEG00005007109	0	0
ENSMZEG00005007110	0	0
ENSMZEG00005007111	17	139
ENSMZEG00005007112	130	137
ENSMZEG00005007113	0	0
ENSMZEG00005007114	0	0
ENSMZEG00005007115	178	97
ENSMZEG00005007116	0	0
ENSMZEG00005007117	21	10
ENSMZEG00005007118	0	0
ENSMZEG00005007119	11	5
ENSMZEG00005007120	1	0
ENSMZEG00005007121	0	0
ENSMZEG00005007122	1	8
ENSMZEG00005007123	0	0
ENSMZEG00005007124	0	0
ENSMZEG00005007125	1	1
ENSMZEG00005007126	0	0
ENSMZEG00005007127	286	672
ENSMZEG00005007128	0	0
ENSMZEG00005007129	0	0
ENSMZEG00005007130	21	1
ENSMZEG00005007131	15	30
ENSMZEG00005007132	11	17
ENSMZEG00005007133	0	0
ENSMZEG00005007134	18	32
ENSMZEG00005007135	0	0
ENSMZEG00005007136	6	29
ENSMZEG00005007137	0	0
ENSMZEG00005007138	0	0
ENSMZEG00005007139	0	0
ENSMZEG00005007140	81	117
ENSMZEG00005007141	0	0
ENSMZEG00005007142	8	3
ENSMZEG00005007143	5	15
ENSMZEG00005007144	0	0
ENSMZEG00005007145	3	2
ENSMZEG00005007146	198	122
ENSMZEG00005007147	1	0
ENSMZEG00005007148	7	8
ENSMZEG00005007149	3	2
ENSMZEG00005007150	3	1
ENSMZEG00005007151	0	0
ENSMZEG00005007152	12	3
ENSMZEG00005007153	0	0
ENSMZEG00005007154	431	551
ENSMZEG00005007155	0	0
ENSMZEG00005007156	0	0
ENSMZEG00005007157	15	4
ENSMZEG00005007158	0	4
ENSMZEG00005007159	0	5
ENSMZEG00005007160	0	0
ENSMZEG00005007161	0	0
ENSMZEG00005007162	1	0
ENSMZEG00005007163	0	0
ENSMZEG00005007164	1854	632
ENSMZEG00005007165	2	0
ENSMZEG00005007166	1837	15312
ENSMZEG00005007167	1	2
ENSMZEG00005007168	0	0
ENSMZEG00005007169	0	0
ENSMZEG00005007170	0	0
ENSMZEG00005007171	0	0
ENSMZEG00005007172	10	9
ENSMZEG00005007173	0	0
ENSMZEG00005007174	0	0
ENSMZEG00005007175	0	0
ENSMZEG00005007176	0	0
ENSMZEG00005007177	1	1
ENSMZEG00005007178	4	0
ENSMZEG00005007179	0	5
ENSMZEG00005007180	76	48
ENSMZEG00005007181	0	0
ENSMZEG00005007182	228	140
ENSMZEG00005007183	1	143
ENSMZEG00005007184	0	0
ENSMZEG00005007185	0	14
ENSMZEG00005007186	313	639
ENSMZEG00005007187	25	2
ENSMZEG00005007188	0	0
ENSMZEG00005007189	0	1
ENSMZEG00005007190	0	0
ENSMZEG00005007191	1	1
ENSMZEG00005007192	2	2
ENSMZEG00005007193	0	0
ENSMZEG00005007194	121	31
ENSMZEG00005007195	717	1380
ENSMZEG00005007196	3	1
ENSMZEG00005007197	1	2
ENSMZEG00005007198	0	0
ENSMZEG00005007199	0	2
ENSMZEG00005007200	65	27
ENSMZEG00005007201	2	7
ENSMZEG00005007202	3	0
ENSMZEG00005007203	2	2
ENSMZEG00005007204	6	1
ENSMZEG00005007205	0	0
ENSMZEG00005007206	7	9
ENSMZEG00005007207	0	0
ENSMZEG00005007208	0	0
ENSMZEG00005007209	250	230
ENSMZEG00005007210	1	3
ENSMZEG00005007211	0	0
ENSMZEG00005007212	10	2
ENSMZEG00005007213	0	0
ENSMZEG00005007214	3	5
ENSMZEG00005007215	0	4
ENSMZEG00005007216	5	11
ENSMZEG00005007217	5	0
ENSMZEG00005007218	3	1
ENSMZEG00005007219	0	1
ENSMZEG00005007220	12	15
ENSMZEG00005007221	5	5
ENSMZEG00005007222	0	0
ENSMZEG00005007223	1	2
ENSMZEG00005007224	0	0
ENSMZEG00005007225	3	2
ENSMZEG00005007226	0	0
ENSMZEG00005007227	6	8
ENSMZEG00005007228	0	2
ENSMZEG00005007229	4	8
ENSMZEG00005007230	6	1
ENSMZEG00005007231	0	0
ENSMZEG00005007232	10	16
ENSMZEG00005007233	7	9
ENSMZEG00005007234	24	7
ENSMZEG00005007235	0	0
ENSMZEG00005007236	2	6
ENSMZEG00005007237	8	3
ENSMZEG00005007238	0	0
ENSMZEG00005007239	3	0
ENSMZEG00005007240	0	0
ENSMZEG00005007241	6	36
ENSMZEG00005007242	0	0
ENSMZEG00005007243	3	0
ENSMZEG00005007244	3167	914
ENSMZEG00005007245	1	0
ENSMZEG00005007246	2	0
ENSMZEG00005007247	0	0
ENSMZEG00005007248	0	10
ENSMZEG00005007249	1	3
ENSMZEG00005007250	86	419
ENSMZEG00005007251	0	3
ENSMZEG00005007252	4	1
ENSMZEG00005007253	0	1
ENSMZEG00005007254	0	0
ENSMZEG00005007255	9	1
ENSMZEG00005007256	0	0
ENSMZEG00005007257	0	0
ENSMZEG00005007258	1	8
ENSMZEG00005007259	0	0
ENSMZEG00005007260	3	2
ENSMZEG00005007261	0	1
ENSMZEG00005007262	0	0
ENSMZEG00005007263	0	2
ENSMZEG00005007264	2	2
ENSMZEG00005007265	3	18
ENSMZEG00005007266	0	0
ENSMZEG00005007267	7	9
ENSMZEG00005007268	579	353
ENSMZEG00005007269	7	1
ENSMZEG00005007270	0	0
ENSMZEG00005007271	0	0
ENSMZEG00005007272	0	0
ENSMZEG00005007273	0	0
ENSMZEG00005007274	6	14
ENSMZEG00005007275	153	229
ENSMZEG00005007276	0	0
ENSMZEG00005007277	0	0
ENSMZEG00005007278	0	8
ENSMZEG00005007279	5	7
ENSMZEG00005007280	0	0
ENSMZEG00005007281	12	19
ENSMZEG00005007282	0	0
ENSMZEG00005007283	4	3
ENSMZEG00005007284	0	0
ENSMZEG00005007285	0	1
ENSMZEG00005007286	0	0
ENSMZEG00005007287	0	3
ENSMZEG00005007288	7	2
ENSMZEG00005007289	9	2
ENSMZEG00005007290	0	0
ENSMZEG00005007291	0	1
ENSMZEG00005007292	0	0
ENSMZEG00005007293	8	3
ENSMZEG00005007294	1	1
ENSMZEG00005007295	2	1
ENSMZEG00005007296	0	2
ENSMZEG00005007297	0	0
ENSMZEG00005007298	4	2
ENSMZEG00005007299	5	0
ENSMZEG00005007300	0	2
ENSMZEG00005007301	0	0
ENSMZEG00005007302	0	0
ENSMZEG00005007303	0	0
ENSMZEG00005007304	1	4
ENSMZEG00005007305	0	0
ENSMZEG00005007306	0	9
ENSMZEG00005007307	4	0
ENSMZEG00005007308	5	3
ENSMZEG00005007309	2	1
ENSMZEG00005007310	10	18
ENSMZEG00005007311	1383	114
ENSMZEG00005007312	6	0
ENSMZEG00005007313	2	1
ENSMZEG00005007314	3	8
ENSMZEG00005007315	2	0
ENSMZEG00005007316	2	3
ENSMZEG00005007317	459	553
ENSMZEG00005007318	0	0
ENSMZEG00005007319	2	2
ENSMZEG00005007320	0	1
ENSMZEG00005007321	291	312
ENSMZEG00005007322	0	0
ENSMZEG00005007323	0	0
ENSMZEG00005007324	0	1
ENSMZEG00005007325	2	1
ENSMZEG00005007326	3340	298
ENSMZEG00005007327	0	0
ENSMZEG00005007328	163	154
ENSMZEG00005007329	0	0
ENSMZEG00005007330	3	3
ENSMZEG00005007331	0	0
ENSMZEG00005007332	0	0
ENSMZEG00005007333	0	0
ENSMZEG00005007334	6	7
ENSMZEG00005007335	0	0
ENSMZEG00005007336	6	4
ENSMZEG00005007337	3	3
ENSMZEG00005007338	3	5
ENSMZEG00005007339	3	2
ENSMZEG00005007340	2	0
ENSMZEG00005007341	0	0
ENSMZEG00005007342	0	0
ENSMZEG00005007343	0	1
ENSMZEG00005007344	5	3
ENSMZEG00005007345	0	2
ENSMZEG00005007346	0	6
ENSMZEG00005007347	9	0
ENSMZEG00005007348	0	0
ENSMZEG00005007349	0	0
ENSMZEG00005007350	1	2
ENSMZEG00005007351	1	2
ENSMZEG00005007352	10	0
ENSMZEG00005007353	0	0
ENSMZEG00005007354	0	1
ENSMZEG00005007355	0	0
ENSMZEG00005007356	0	0
ENSMZEG00005007357	12	8
ENSMZEG00005007358	3	0
ENSMZEG00005007359	0	0
ENSMZEG00005007360	61	75
ENSMZEG00005007361	0	0
ENSMZEG00005007362	22	9
ENSMZEG00005007363	0	0
ENSMZEG00005007364	4	1
ENSMZEG00005007365	7	4
ENSMZEG00005007366	1	1
ENSMZEG00005007367	3	4
ENSMZEG00005007368	3	2
ENSMZEG00005007369	0	0
ENSMZEG00005007370	1164	5908
ENSMZEG00005007371	0	0
ENSMZEG00005007372	0	0
ENSMZEG00005007373	1	0
ENSMZEG00005007374	1	7
ENSMZEG00005007375	0	0
ENSMZEG00005007376	44	1
ENSMZEG00005007377	0	0
ENSMZEG00005007378	0	0
ENSMZEG00005007379	0	0
ENSMZEG00005007380	0	1
ENSMZEG00005007381	4	3
ENSMZEG00005007382	13	19
ENSMZEG00005007383	2	0
ENSMZEG00005007384	0	0
ENSMZEG00005007385	1	2
ENSMZEG00005007386	1	3
ENSMZEG00005007387	0	0
ENSMZEG00005007388	0	0
ENSMZEG00005007389	0	0
ENSMZEG00005007390	0	8
ENSMZEG00005007391	577	512
ENSMZEG00005007392	2	0
ENSMZEG00005007393	4	1
ENSMZEG00005007394	0	0
ENSMZEG00005007395	4	1
ENSMZEG00005007396	23	31
ENSMZEG00005007397	1855	264
ENSMZEG00005007398	3	0
ENSMZEG00005007399	4	7
ENSMZEG00005007400	28	98
ENSMZEG00005007401	0	0
ENSMZEG00005007402	1	1
ENSMZEG00005007403	0	1
ENSMZEG00005007404	0	0
ENSMZEG00005007405	0	1
ENSMZEG00005007406	0	0
ENSMZEG00005007407	0	2
ENSMZEG00005007408	4	3
ENSMZEG00005007409	0	0
ENSMZEG00005007410	25	9
ENSMZEG00005007411	0	0
ENSMZEG00005007412	0	0
ENSMZEG00005007413	8	1
ENSMZEG00005007414	0	0
ENSMZEG00005007415	102	55
ENSMZEG00005007416	14	5
ENSMZEG00005007417	0	0
ENSMZEG00005007418	0	0
ENSMZEG00005007419	0	0
ENSMZEG00005007420	0	0
ENSMZEG00005007421	7	28
ENSMZEG00005007422	3	6
ENSMZEG00005007423	0	0
ENSMZEG00005007424	110	185
ENSMZEG00005007425	1	0
ENSMZEG00005007426	0	0
ENSMZEG00005007427	0	0
ENSMZEG00005007428	10	13
ENSMZEG00005007429	0	0
ENSMZEG00005007430	0	0
ENSMZEG00005007431	0	0
ENSMZEG00005007432	7	7
ENSMZEG00005007433	11	3
ENSMZEG00005007434	16	6
ENSMZEG00005007435	0	0
ENSMZEG00005007436	1	1
ENSMZEG00005007437	0	1
ENSMZEG00005007438	289	237
ENSMZEG00005007439	14	12
ENSMZEG00005007440	0	0
ENSMZEG00005007441	0	0
ENSMZEG00005007442	20	29
ENSMZEG00005007443	0	1
ENSMZEG00005007444	0	0
ENSMZEG00005007445	0	0
ENSMZEG00005007446	0	0
ENSMZEG00005007447	0	0
ENSMZEG00005007448	18	5
ENSMZEG00005007449	0	0
ENSMZEG00005007450	0	0
ENSMZEG00005007451	0	0
ENSMZEG00005007452	2	5
ENSMZEG00005007453	0	0
ENSMZEG00005007454	0	8
ENSMZEG00005007455	0	0
ENSMZEG00005007456	0	1
ENSMZEG00005007457	78	131
ENSMZEG00005007458	0	0
ENSMZEG00005007459	4	1
ENSMZEG00005007460	0	1
ENSMZEG00005007461	0	0
ENSMZEG00005007462	0	0
ENSMZEG00005007463	5	1
ENSMZEG00005007464	9	2
ENSMZEG00005007465	3	0
ENSMZEG00005007466	0	0
ENSMZEG00005007467	5	2
ENSMZEG00005007468	9	0
ENSMZEG00005007469	0	3
ENSMZEG00005007470	3	3
ENSMZEG00005007471	0	0
ENSMZEG00005007472	0	0
ENSMZEG00005007473	21	19
ENSMZEG00005007474	0	0
ENSMZEG00005007475	78	4
ENSMZEG00005007476	6	7
ENSMZEG00005007477	8	2
ENSMZEG00005007478	0	4
ENSMZEG00005007479	0	2
ENSMZEG00005007480	14	1
ENSMZEG00005007481	3	9
ENSMZEG00005007482	0	2
ENSMZEG00005007483	0	0
ENSMZEG00005007484	3	2
ENSMZEG00005007485	0	0
ENSMZEG00005007486	0	1
ENSMZEG00005007487	1	0
ENSMZEG00005007488	0	1
ENSMZEG00005007489	1	4
ENSMZEG00005007490	0	0
ENSMZEG00005007491	396	81
ENSMZEG00005007492	112	135
ENSMZEG00005007493	2200	324
ENSMZEG00005007494	0	0
ENSMZEG00005007495	114	13
ENSMZEG00005007496	0	0
ENSMZEG00005007497	11	32
ENSMZEG00005007498	4	2
ENSMZEG00005007499	4	0
ENSMZEG00005007500	0	1
ENSMZEG00005007501	11	67
ENSMZEG00005007502	0	0
ENSMZEG00005007503	0	0
ENSMZEG00005007504	237	1013
ENSMZEG00005007505	0	5
ENSMZEG00005007506	4	1
ENSMZEG00005007507	0	0
ENSMZEG00005007508	3	0
ENSMZEG00005007509	0	0
ENSMZEG00005007510	5	0
ENSMZEG00005007511	12	3
ENSMZEG00005007512	0	0
ENSMZEG00005007513	0	0
ENSMZEG00005007514	2	7
ENSMZEG00005007515	5715	6875
ENSMZEG00005007516	0	0
ENSMZEG00005007517	0	0
ENSMZEG00005007518	0	0
ENSMZEG00005007519	1	0
ENSMZEG00005007520	2	0
ENSMZEG00005007521	0	0
ENSMZEG00005007522	8	3
ENSMZEG00005007523	0	1
ENSMZEG00005007524	0	0
ENSMZEG00005007525	1	0
ENSMZEG00005007526	18	6
ENSMZEG00005007527	0	0
ENSMZEG00005007528	38	29
ENSMZEG00005007529	26	9
ENSMZEG00005007530	3	5
ENSMZEG00005007531	0	0
ENSMZEG00005007532	4	3
ENSMZEG00005007533	0	0
ENSMZEG00005007534	0	1
ENSMZEG00005007535	1	0
ENSMZEG00005007536	0	0
ENSMZEG00005007537	0	0
ENSMZEG00005007538	14	4
ENSMZEG00005007539	0	7
ENSMZEG00005007540	0	0
ENSMZEG00005007541	0	4
ENSMZEG00005007542	1	0
ENSMZEG00005007543	2	0
ENSMZEG00005007544	0	0
ENSMZEG00005007545	0	0
ENSMZEG00005007546	0	0
ENSMZEG00005007547	26	60
ENSMZEG00005007548	0	0
ENSMZEG00005007549	0	1
ENSMZEG00005007550	841	69
ENSMZEG00005007551	2	1
ENSMZEG00005007552	7	4
ENSMZEG00005007553	0	0
ENSMZEG00005007554	1	2
ENSMZEG00005007555	0	3
ENSMZEG00005007556	3	4
ENSMZEG00005007557	3	3
ENSMZEG00005007558	1697	388
ENSMZEG00005007559	8	0
ENSMZEG00005007560	0	0
ENSMZEG00005007561	11	1
ENSMZEG00005007562	0	0
ENSMZEG00005007563	0	2
ENSMZEG00005007564	0	2
ENSMZEG00005007565	0	2
ENSMZEG00005007566	0	2
ENSMZEG00005007567	0	5
ENSMZEG00005007568	1	0
ENSMZEG00005007569	8	3
ENSMZEG00005007570	0	1
ENSMZEG00005007571	0	2
ENSMZEG00005007572	0	0
ENSMZEG00005007573	0	0
ENSMZEG00005007574	1	2
ENSMZEG00005007575	3	1
ENSMZEG00005007576	0	0
ENSMZEG00005007577	0	0
ENSMZEG00005007578	0	0
ENSMZEG00005007579	0	3
ENSMZEG00005007580	0	0
ENSMZEG00005007581	1	0
ENSMZEG00005007582	0	3
ENSMZEG00005007583	0	0
ENSMZEG00005007584	0	2
ENSMZEG00005007585	0	0
ENSMZEG00005007586	1	7
ENSMZEG00005007587	427	310
ENSMZEG00005007588	5	5
ENSMZEG00005007589	0	0
ENSMZEG00005007590	2	2
ENSMZEG00005007591	18	5
ENSMZEG00005007592	0	0
ENSMZEG00005007593	2	0
ENSMZEG00005007594	0	0
ENSMZEG00005007595	4	2
ENSMZEG00005007596	3	1
ENSMZEG00005007597	1	2
ENSMZEG00005007598	2	2
ENSMZEG00005007599	0	0
ENSMZEG00005007600	428	299
ENSMZEG00005007601	0	4
ENSMZEG00005007602	4	2
ENSMZEG00005007603	0	0
ENSMZEG00005007604	4	0
ENSMZEG00005007605	0	0
ENSMZEG00005007606	2	0
ENSMZEG00005007607	0	0
ENSMZEG00005007608	11	7
ENSMZEG00005007609	0	13
ENSMZEG00005007610	2	3
ENSMZEG00005007611	0	0
ENSMZEG00005007612	11	11
ENSMZEG00005007613	5	4
ENSMZEG00005007614	11	11
ENSMZEG00005007615	4	1
ENSMZEG00005007616	0	0
ENSMZEG00005007617	0	4
ENSMZEG00005007618	0	0
ENSMZEG00005007619	6	3
ENSMZEG00005007620	1	4
ENSMZEG00005007621	0	0
ENSMZEG00005007622	879	967
ENSMZEG00005007623	0	0
ENSMZEG00005007624	0	0
ENSMZEG00005007625	6	71
ENSMZEG00005007626	0	0
ENSMZEG00005007627	0	0
ENSMZEG00005007628	0	0
ENSMZEG00005007629	0	0
ENSMZEG00005007630	0	0
ENSMZEG00005007631	1	3
ENSMZEG00005007632	0	0
ENSMZEG00005007633	2	13
ENSMZEG00005007634	0	0
ENSMZEG00005007635	5	1
ENSMZEG00005007636	2	0
ENSMZEG00005007637	4	3
ENSMZEG00005007638	0	0
ENSMZEG00005007639	0	2
ENSMZEG00005007640	0	0
ENSMZEG00005007641	0	0
ENSMZEG00005007642	0	0
ENSMZEG00005007643	0	0
ENSMZEG00005007644	0	3
ENSMZEG00005007645	0	0
ENSMZEG00005007646	0	0
ENSMZEG00005007647	0	2
ENSMZEG00005007648	0	0
ENSMZEG00005007649	2	3
ENSMZEG00005007650	1	6
ENSMZEG00005007651	0	3
ENSMZEG00005007652	0	0
ENSMZEG00005007653	19	115
ENSMZEG00005007654	4	0
ENSMZEG00005007655	0	0
ENSMZEG00005007656	5	2
ENSMZEG00005007657	1	0
ENSMZEG00005007658	0	1
ENSMZEG00005007659	0	0
ENSMZEG00005007660	1	1
ENSMZEG00005007661	0	0
ENSMZEG00005007662	0	0
ENSMZEG00005007663	7	1
ENSMZEG00005007664	0	0
ENSMZEG00005007665	4	2
ENSMZEG00005007666	0	0
ENSMZEG00005007667	0	0
ENSMZEG00005007668	1	1
ENSMZEG00005007669	1	0
ENSMZEG00005007670	5	2
ENSMZEG00005007671	0	1
ENSMZEG00005007672	2	2
ENSMZEG00005007673	0	1
ENSMZEG00005007674	0	1
ENSMZEG00005007675	3	0
ENSMZEG00005007676	0	4
ENSMZEG00005007677	0	3
ENSMZEG00005007678	2	2
ENSMZEG00005007679	0	2
ENSMZEG00005007680	0	0
ENSMZEG00005007681	2	0
ENSMZEG00005007682	1	0
ENSMZEG00005007683	0	0
ENSMZEG00005007684	1	2
ENSMZEG00005007685	17	0
ENSMZEG00005007686	0	0
ENSMZEG00005007687	11	7
ENSMZEG00005007688	0	0
ENSMZEG00005007689	0	0
ENSMZEG00005007690	0	0
ENSMZEG00005007691	0	0
ENSMZEG00005007692	1	0
ENSMZEG00005007693	0	0
ENSMZEG00005007694	4	3
ENSMZEG00005007695	378	1040
ENSMZEG00005007696	0	0
ENSMZEG00005007697	3	6
ENSMZEG00005007698	92	930
ENSMZEG00005007699	4	2
ENSMZEG00005007700	3	1
ENSMZEG00005007701	0	0
ENSMZEG00005007702	0	1
ENSMZEG00005007703	3	1
ENSMZEG00005007704	13	0
ENSMZEG00005007705	3	3
ENSMZEG00005007706	0	10
ENSMZEG00005007707	0	0
ENSMZEG00005007708	570	345
ENSMZEG00005007709	6	6
ENSMZEG00005007710	0	0
ENSMZEG00005007711	6	8
ENSMZEG00005007712	0	0
ENSMZEG00005007713	0	3
ENSMZEG00005007714	97	113
ENSMZEG00005007715	10	0
ENSMZEG00005007716	1	2
ENSMZEG00005007717	0	0
ENSMZEG00005007718	2	2
ENSMZEG00005007719	0	0
ENSMZEG00005007720	0	0
ENSMZEG00005007721	4	25
ENSMZEG00005007722	0	0
ENSMZEG00005007723	0	0
ENSMZEG00005007724	13	13
ENSMZEG00005007725	0	3
ENSMZEG00005007726	1	0
ENSMZEG00005007727	0	0
ENSMZEG00005007728	0	0
ENSMZEG00005007729	2	0
ENSMZEG00005007730	7	7
ENSMZEG00005007731	0	3
ENSMZEG00005007732	0	0
ENSMZEG00005007733	10	14
ENSMZEG00005007734	0	0
ENSMZEG00005007735	0	0
ENSMZEG00005007736	10	2
ENSMZEG00005007737	5	6
ENSMZEG00005007738	0	0
ENSMZEG00005007739	6	10
ENSMZEG00005007740	61	68
ENSMZEG00005007741	1	9
ENSMZEG00005007742	2	2
ENSMZEG00005007743	0	0
ENSMZEG00005007744	77	55
ENSMZEG00005007745	1	0
ENSMZEG00005007746	17	78
ENSMZEG00005007747	0	0
ENSMZEG00005007748	0	0
ENSMZEG00005007749	0	0
ENSMZEG00005007750	0	0
ENSMZEG00005007751	1	0
ENSMZEG00005007752	0	3
ENSMZEG00005007753	2	23
ENSMZEG00005007754	0	0
ENSMZEG00005007755	0	0
ENSMZEG00005007756	4	21
ENSMZEG00005007757	1	0
ENSMZEG00005007758	1	0
ENSMZEG00005007759	0	0
ENSMZEG00005007760	35	11
ENSMZEG00005007761	1	5
ENSMZEG00005007762	0	0
ENSMZEG00005007763	7	23
ENSMZEG00005007764	4	5
ENSMZEG00005007765	19	8
ENSMZEG00005007766	9	0
ENSMZEG00005007767	0	0
ENSMZEG00005007768	5	2
ENSMZEG00005007769	3	5
ENSMZEG00005007770	226	273
ENSMZEG00005007771	0	0
ENSMZEG00005007772	0	0
ENSMZEG00005007773	8	5
ENSMZEG00005007774	0	0
ENSMZEG00005007775	12	24
ENSMZEG00005007776	0	2
ENSMZEG00005007777	3	2
ENSMZEG00005007778	2	1
ENSMZEG00005007779	2	10
ENSMZEG00005007780	0	0
ENSMZEG00005007781	0	0
ENSMZEG00005007782	0	0
ENSMZEG00005007783	0	0
ENSMZEG00005007784	1	0
ENSMZEG00005007785	25	3
ENSMZEG00005007786	0	0
ENSMZEG00005007787	3	3
ENSMZEG00005007788	0	0
ENSMZEG00005007789	0	6
ENSMZEG00005007790	3	0
ENSMZEG00005007791	33	20
ENSMZEG00005007792	0	0
ENSMZEG00005007793	0	0
ENSMZEG00005007794	0	0
ENSMZEG00005007795	0	0
ENSMZEG00005007796	0	0
ENSMZEG00005007797	0	1
ENSMZEG00005007798	2	0
ENSMZEG00005007799	1	1
ENSMZEG00005007800	1	0
ENSMZEG00005007801	1	7
ENSMZEG00005007802	3	1
ENSMZEG00005007803	1179	984
ENSMZEG00005007804	0	1
ENSMZEG00005007805	0	0
ENSMZEG00005007806	0	0
ENSMZEG00005007807	0	0
ENSMZEG00005007808	9	1
ENSMZEG00005007809	289	341
ENSMZEG00005007810	11	11
ENSMZEG00005007811	2	4
ENSMZEG00005007812	0	2
ENSMZEG00005007813	4	6
ENSMZEG00005007814	3	2
ENSMZEG00005007815	8	6
ENSMZEG00005007816	0	0
ENSMZEG00005007817	2	4
ENSMZEG00005007818	0	1
ENSMZEG00005007819	206	310
ENSMZEG00005007820	0	0
ENSMZEG00005007821	0	1
ENSMZEG00005007822	0	0
ENSMZEG00005007823	3	2
ENSMZEG00005007824	1	0
ENSMZEG00005007825	0	0
ENSMZEG00005007826	2	0
ENSMZEG00005007827	0	0
ENSMZEG00005007828	0	0
ENSMZEG00005007829	0	1
ENSMZEG00005007830	1	2
ENSMZEG00005007831	8	0
ENSMZEG00005007832	0	0
ENSMZEG00005007833	11398	1887
ENSMZEG00005007834	1	5
ENSMZEG00005007835	23	18
ENSMZEG00005007836	4	2
ENSMZEG00005007837	0	0
ENSMZEG00005007838	0	0
ENSMZEG00005007839	318	1076
ENSMZEG00005007840	1	0
ENSMZEG00005007841	6	3
ENSMZEG00005007842	4	3
ENSMZEG00005007843	3	3
ENSMZEG00005007844	494	499
ENSMZEG00005007845	13	9
ENSMZEG00005007846	31	5
ENSMZEG00005007847	7	2
ENSMZEG00005007848	0	0
ENSMZEG00005007849	0	0
ENSMZEG00005007850	0	0
ENSMZEG00005007851	0	0
ENSMZEG00005007852	11	2
ENSMZEG00005007853	2	3
ENSMZEG00005007854	3	0
ENSMZEG00005007855	2	0
ENSMZEG00005007856	0	0
ENSMZEG00005007857	0	0
ENSMZEG00005007858	83	37
ENSMZEG00005007859	0	0
ENSMZEG00005007860	0	0
ENSMZEG00005007861	0	0
ENSMZEG00005007862	0	0
ENSMZEG00005007863	7	7
ENSMZEG00005007864	0	2
ENSMZEG00005007865	0	0
ENSMZEG00005007866	3	2
ENSMZEG00005007867	38	35
ENSMZEG00005007868	0	3
ENSMZEG00005007869	5	0
ENSMZEG00005007870	0	1
ENSMZEG00005007871	2	3
ENSMZEG00005007872	1	0
ENSMZEG00005007873	2	10
ENSMZEG00005007874	8	10
ENSMZEG00005007875	7	4
ENSMZEG00005007876	14	8
ENSMZEG00005007877	0	0
ENSMZEG00005007878	2	0
ENSMZEG00005007879	153	26
ENSMZEG00005007880	199	312
ENSMZEG00005007881	1	1
ENSMZEG00005007882	1	0
ENSMZEG00005007883	85	85
ENSMZEG00005007884	5	8
ENSMZEG00005007885	165	66
ENSMZEG00005007886	26	175
ENSMZEG00005007887	10	26
ENSMZEG00005007888	0	0
ENSMZEG00005007889	0	2
ENSMZEG00005007890	0	0
ENSMZEG00005007891	6	4
ENSMZEG00005007892	0	0
ENSMZEG00005007893	3	1
ENSMZEG00005007894	0	0
ENSMZEG00005007895	116	614
ENSMZEG00005007896	0	0
ENSMZEG00005007897	17	14
ENSMZEG00005007898	0	4
ENSMZEG00005007899	0	0
ENSMZEG00005007900	0	0
ENSMZEG00005007901	5	12
ENSMZEG00005007902	2	0
ENSMZEG00005007903	0	1
ENSMZEG00005007904	2	0
ENSMZEG00005007905	2	0
ENSMZEG00005007906	1153	356
ENSMZEG00005007907	1	0
ENSMZEG00005007908	2	0
ENSMZEG00005007909	0	0
ENSMZEG00005007910	0	0
ENSMZEG00005007911	10	5
ENSMZEG00005007912	3	14
ENSMZEG00005007913	0	0
ENSMZEG00005007914	0	0
ENSMZEG00005007915	1554	1932
ENSMZEG00005007916	0	0
ENSMZEG00005007917	1	0
ENSMZEG00005007918	0	2
ENSMZEG00005007919	2	0
ENSMZEG00005007920	0	0
ENSMZEG00005007921	3	0
ENSMZEG00005007922	0	3
ENSMZEG00005007923	0	2
ENSMZEG00005007924	0	0
ENSMZEG00005007925	279	477
ENSMZEG00005007926	0	0
ENSMZEG00005007927	16	1
ENSMZEG00005007928	3	0
ENSMZEG00005007929	20	3
ENSMZEG00005007930	0	0
ENSMZEG00005007931	0	2
ENSMZEG00005007932	0	0
ENSMZEG00005007933	3	5
ENSMZEG00005007934	39	6
ENSMZEG00005007935	11	2
ENSMZEG00005007936	7	1
ENSMZEG00005007937	9	52
ENSMZEG00005007938	1	2
ENSMZEG00005007939	3	0
ENSMZEG00005007940	0	0
ENSMZEG00005007941	2	0
ENSMZEG00005007942	1	1
ENSMZEG00005007943	3	2
ENSMZEG00005007944	7	2
ENSMZEG00005007945	9	4
ENSMZEG00005007946	0	8
ENSMZEG00005007947	13	16
ENSMZEG00005007948	1	0
ENSMZEG00005007949	0	0
ENSMZEG00005007950	7	12
ENSMZEG00005007951	1951	1071
ENSMZEG00005007952	17	6
ENSMZEG00005007953	3281	2594
ENSMZEG00005007954	0	0
ENSMZEG00005007955	0	0
ENSMZEG00005007956	3	1
ENSMZEG00005007957	3	1
ENSMZEG00005007958	4	1
ENSMZEG00005007959	13	21
ENSMZEG00005007960	9	11
ENSMZEG00005007961	398	1630
ENSMZEG00005007962	0	0
ENSMZEG00005007963	11	1
ENSMZEG00005007964	1	0
ENSMZEG00005007965	4	2
ENSMZEG00005007966	0	0
ENSMZEG00005007967	0	0
ENSMZEG00005007968	0	0
ENSMZEG00005007969	25	123
ENSMZEG00005007970	8	14
ENSMZEG00005007971	0	0
ENSMZEG00005007972	0	0
ENSMZEG00005007973	1	0
ENSMZEG00005007974	0	0
ENSMZEG00005007975	5	0
ENSMZEG00005007976	8	1
ENSMZEG00005007977	0	8
ENSMZEG00005007978	0	1
ENSMZEG00005007979	1	1
ENSMZEG00005007980	441	277
ENSMZEG00005007981	0	0
ENSMZEG00005007982	2	0
ENSMZEG00005007983	5	4
ENSMZEG00005007984	2	1
ENSMZEG00005007985	208	49
ENSMZEG00005007986	0	3
ENSMZEG00005007987	0	0
ENSMZEG00005007988	7	3
ENSMZEG00005007989	0	0
ENSMZEG00005007990	11	2
ENSMZEG00005007991	0	0
ENSMZEG00005007992	0	0
ENSMZEG00005007993	0	0
ENSMZEG00005007994	0	1
ENSMZEG00005007995	1	3
ENSMZEG00005007996	9	1
ENSMZEG00005007997	0	0
ENSMZEG00005007998	76	60
ENSMZEG00005007999	0	0
ENSMZEG00005008000	0	0
ENSMZEG00005008001	318	498
ENSMZEG00005008002	0	0
ENSMZEG00005008003	0	0
ENSMZEG00005008004	0	0
ENSMZEG00005008005	0	5
ENSMZEG00005008006	0	4
ENSMZEG00005008007	0	0
ENSMZEG00005008008	17	41
ENSMZEG00005008009	126	201
ENSMZEG00005008010	83	26
ENSMZEG00005008011	1	2
ENSMZEG00005008012	0	0
ENSMZEG00005008013	6	5
ENSMZEG00005008014	784	471
ENSMZEG00005008015	3	2
ENSMZEG00005008016	2	0
ENSMZEG00005008017	0	0
ENSMZEG00005008018	0	2
ENSMZEG00005008019	0	1
ENSMZEG00005008020	2	0
ENSMZEG00005008021	0	0
ENSMZEG00005008022	1	16
ENSMZEG00005008023	0	0
ENSMZEG00005008024	0	0
ENSMZEG00005008025	3	1
ENSMZEG00005008026	0	0
ENSMZEG00005008027	0	0
ENSMZEG00005008028	3	5
ENSMZEG00005008029	1	0
ENSMZEG00005008030	156	194
ENSMZEG00005008031	0	0
ENSMZEG00005008032	1	1
ENSMZEG00005008033	1	0
ENSMZEG00005008034	0	0
ENSMZEG00005008035	8	9
ENSMZEG00005008036	0	0
ENSMZEG00005008037	0	0
ENSMZEG00005008038	0	0
ENSMZEG00005008039	41	46
ENSMZEG00005008040	0	8
ENSMZEG00005008041	2	0
ENSMZEG00005008042	0	0
ENSMZEG00005008043	0	0
ENSMZEG00005008044	0	0
ENSMZEG00005008045	0	0
ENSMZEG00005008046	0	0
ENSMZEG00005008047	216	211
ENSMZEG00005008048	1	0
ENSMZEG00005008049	10	1
ENSMZEG00005008050	4	3
ENSMZEG00005008051	0	1
ENSMZEG00005008052	0	0
ENSMZEG00005008053	4	3
ENSMZEG00005008054	0	0
ENSMZEG00005008055	7	9
ENSMZEG00005008056	1	1
ENSMZEG00005008057	4	0
ENSMZEG00005008058	0	0
ENSMZEG00005008059	0	0
ENSMZEG00005008060	0	0
ENSMZEG00005008061	0	0
ENSMZEG00005008062	7	0
ENSMZEG00005008063	0	0
ENSMZEG00005008064	237	487
ENSMZEG00005008065	0	0
ENSMZEG00005008066	1	3
ENSMZEG00005008067	19	6
ENSMZEG00005008068	4	0
ENSMZEG00005008069	0	0
ENSMZEG00005008070	0	0
ENSMZEG00005008071	16	1
ENSMZEG00005008072	0	3
ENSMZEG00005008073	442	1084
ENSMZEG00005008074	0	0
ENSMZEG00005008075	0	0
ENSMZEG00005008076	0	0
ENSMZEG00005008077	0	3
ENSMZEG00005008078	2	5
ENSMZEG00005008079	1	1
ENSMZEG00005008080	0	0
ENSMZEG00005008081	18	22
ENSMZEG00005008082	1	0
ENSMZEG00005008083	0	0
ENSMZEG00005008084	0	0
ENSMZEG00005008085	444	97
ENSMZEG00005008086	114	318
ENSMZEG00005008087	1	8
ENSMZEG00005008088	0	0
ENSMZEG00005008089	0	0
ENSMZEG00005008090	0	2
ENSMZEG00005008091	6	2
ENSMZEG00005008092	5	29
ENSMZEG00005008093	1	2
ENSMZEG00005008094	0	0
ENSMZEG00005008095	8	5
ENSMZEG00005008096	9	2
ENSMZEG00005008097	2	5
ENSMZEG00005008098	5	4
ENSMZEG00005008099	0	1
ENSMZEG00005008100	492	688
ENSMZEG00005008101	0	0
ENSMZEG00005008102	1	1
ENSMZEG00005008103	2	0
ENSMZEG00005008104	0	0
ENSMZEG00005008105	0	0
ENSMZEG00005008106	11	0
ENSMZEG00005008107	12	6
ENSMZEG00005008108	14	13
ENSMZEG00005008109	5	6
ENSMZEG00005008110	7	5
ENSMZEG00005008111	14	0
ENSMZEG00005008112	0	0
ENSMZEG00005008113	3	2
ENSMZEG00005008114	8	2
ENSMZEG00005008115	2	1
ENSMZEG00005008116	4	15
ENSMZEG00005008117	0	0
ENSMZEG00005008118	0	0
ENSMZEG00005008119	1	4
ENSMZEG00005008120	6	1
ENSMZEG00005008121	9	35
ENSMZEG00005008122	0	1
ENSMZEG00005008123	152	87
ENSMZEG00005008124	3	0
ENSMZEG00005008125	0	0
ENSMZEG00005008126	0	0
ENSMZEG00005008127	2	2
ENSMZEG00005008128	2	2
ENSMZEG00005008129	155	48
ENSMZEG00005008130	0	0
ENSMZEG00005008131	0	1
ENSMZEG00005008132	0	1
ENSMZEG00005008133	17	27
ENSMZEG00005008134	1	2
ENSMZEG00005008135	0	1
ENSMZEG00005008136	0	0
ENSMZEG00005008137	2	0
ENSMZEG00005008138	8	9
ENSMZEG00005008139	0	0
ENSMZEG00005008140	154	214
ENSMZEG00005008141	0	0
ENSMZEG00005008142	0	0
ENSMZEG00005008143	1101	1238
ENSMZEG00005008144	1	1
ENSMZEG00005008145	94	1
ENSMZEG00005008146	12	8
ENSMZEG00005008147	2	7
ENSMZEG00005008148	484	552
ENSMZEG00005008149	1	12
ENSMZEG00005008150	0	0
ENSMZEG00005008151	1	0
ENSMZEG00005008152	0	1
ENSMZEG00005008153	5	4
ENSMZEG00005008154	10	16
ENSMZEG00005008155	12	2
ENSMZEG00005008156	0	0
ENSMZEG00005008157	0	0
ENSMZEG00005008158	2	0
ENSMZEG00005008159	0	0
ENSMZEG00005008160	0	0
ENSMZEG00005008161	0	0
ENSMZEG00005008162	21	25
ENSMZEG00005008163	6	0
ENSMZEG00005008164	0	0
ENSMZEG00005008165	3	5
ENSMZEG00005008166	3	12
ENSMZEG00005008167	0	0
ENSMZEG00005008168	0	0
ENSMZEG00005008169	0	0
ENSMZEG00005008170	1	2
ENSMZEG00005008171	0	10
ENSMZEG00005008172	0	0
ENSMZEG00005008173	1954	1419
ENSMZEG00005008174	0	0
ENSMZEG00005008175	0	0
ENSMZEG00005008176	0	2
ENSMZEG00005008177	1	1
ENSMZEG00005008178	5	0
ENSMZEG00005008179	0	0
ENSMZEG00005008180	2	2
ENSMZEG00005008181	0	1
ENSMZEG00005008182	1	0
ENSMZEG00005008183	4	0
ENSMZEG00005008184	5	21
ENSMZEG00005008185	0	0
ENSMZEG00005008186	0	0
ENSMZEG00005008187	17	2
ENSMZEG00005008188	73	27
ENSMZEG00005008189	0	0
ENSMZEG00005008190	0	7
ENSMZEG00005008191	0	0
ENSMZEG00005008192	9	1
ENSMZEG00005008193	8	4
ENSMZEG00005008194	1	0
ENSMZEG00005008195	0	0
ENSMZEG00005008196	0	0
ENSMZEG00005008197	0	1
ENSMZEG00005008198	0	0
ENSMZEG00005008199	0	0
ENSMZEG00005008200	24	6
ENSMZEG00005008201	98	185
ENSMZEG00005008202	0	6
ENSMZEG00005008203	3	0
ENSMZEG00005008204	2	0
ENSMZEG00005008205	0	3
ENSMZEG00005008206	1	4
ENSMZEG00005008207	3	0
ENSMZEG00005008208	0	0
ENSMZEG00005008209	0	0
ENSMZEG00005008210	0	0
ENSMZEG00005008211	0	0
ENSMZEG00005008212	41	3
ENSMZEG00005008213	5	8
ENSMZEG00005008214	1	0
ENSMZEG00005008215	0	0
ENSMZEG00005008216	0	0
ENSMZEG00005008217	157	270
ENSMZEG00005008218	228	91
ENSMZEG00005008219	1	0
ENSMZEG00005008220	0	0
ENSMZEG00005008221	0	4
ENSMZEG00005008222	0	1
ENSMZEG00005008223	0	1
ENSMZEG00005008224	0	0
ENSMZEG00005008225	1035	687
ENSMZEG00005008226	9	3
ENSMZEG00005008227	0	0
ENSMZEG00005008228	0	2
ENSMZEG00005008229	0	0
ENSMZEG00005008230	0	0
ENSMZEG00005008231	25	11
ENSMZEG00005008232	1	6
ENSMZEG00005008233	130	45
ENSMZEG00005008234	0	0
ENSMZEG00005008235	82	177
ENSMZEG00005008236	0	0
ENSMZEG00005008237	0	0
ENSMZEG00005008238	31	342
ENSMZEG00005008239	5	13
ENSMZEG00005008240	7	18
ENSMZEG00005008241	0	0
ENSMZEG00005008242	0	0
ENSMZEG00005008243	4	3
ENSMZEG00005008244	17	4
ENSMZEG00005008245	8	16
ENSMZEG00005008246	4	8
ENSMZEG00005008247	0	0
ENSMZEG00005008248	0	0
ENSMZEG00005008249	1575	711
ENSMZEG00005008250	2	0
ENSMZEG00005008251	0	0
ENSMZEG00005008252	0	0
ENSMZEG00005008253	1	7
ENSMZEG00005008254	2	0
ENSMZEG00005008255	0	0
ENSMZEG00005008256	30	7
ENSMZEG00005008257	1	0
ENSMZEG00005008258	0	0
ENSMZEG00005008259	1	2
ENSMZEG00005008260	0	0
ENSMZEG00005008261	221	175
ENSMZEG00005008262	4	6
ENSMZEG00005008263	0	0
ENSMZEG00005008264	0	0
ENSMZEG00005008265	0	0
ENSMZEG00005008266	0	0
ENSMZEG00005008267	1	1
ENSMZEG00005008268	6	1
ENSMZEG00005008269	0	0
ENSMZEG00005008270	1	0
ENSMZEG00005008271	2	0
ENSMZEG00005008272	4	0
ENSMZEG00005008273	0	0
ENSMZEG00005008274	29	20
ENSMZEG00005008275	0	0
ENSMZEG00005008276	0	0
ENSMZEG00005008277	12	7
ENSMZEG00005008278	2	6
ENSMZEG00005008279	2	5
ENSMZEG00005008280	0	0
ENSMZEG00005008281	0	1
ENSMZEG00005008282	2	3
ENSMZEG00005008283	0	0
ENSMZEG00005008284	0	0
ENSMZEG00005008285	15	21
ENSMZEG00005008286	0	0
ENSMZEG00005008287	0	0
ENSMZEG00005008288	22	16
ENSMZEG00005008289	0	4
ENSMZEG00005008290	1	0
ENSMZEG00005008291	2	15
ENSMZEG00005008292	1	0
ENSMZEG00005008293	3	0
ENSMZEG00005008294	8	3
ENSMZEG00005008295	2	0
ENSMZEG00005008296	1	0
ENSMZEG00005008297	72	40
ENSMZEG00005008298	1	0
ENSMZEG00005008299	12	6
ENSMZEG00005008300	0	0
ENSMZEG00005008301	41	1
ENSMZEG00005008302	146	725
ENSMZEG00005008303	25	2
ENSMZEG00005008304	0	0
ENSMZEG00005008305	1	0
ENSMZEG00005008306	25	21
ENSMZEG00005008307	143	448
ENSMZEG00005008308	3	0
ENSMZEG00005008309	33	14
ENSMZEG00005008310	0	0
ENSMZEG00005008311	4	6
ENSMZEG00005008312	0	0
ENSMZEG00005008313	2	5
ENSMZEG00005008314	0	0
ENSMZEG00005008315	0	1
ENSMZEG00005008316	1	0
ENSMZEG00005008317	2	1
ENSMZEG00005008318	0	0
ENSMZEG00005008319	0	0
ENSMZEG00005008320	0	0
ENSMZEG00005008321	0	4
ENSMZEG00005008322	0	0
ENSMZEG00005008323	0	2
ENSMZEG00005008324	308	70
ENSMZEG00005008325	0	0
ENSMZEG00005008326	0	0
ENSMZEG00005008327	0	0
ENSMZEG00005008328	3	0
ENSMZEG00005008329	8	0
ENSMZEG00005008330	0	0
ENSMZEG00005008331	11	3
ENSMZEG00005008332	0	1
ENSMZEG00005008333	3	4
ENSMZEG00005008334	0	0
ENSMZEG00005008335	0	0
ENSMZEG00005008336	0	0
ENSMZEG00005008337	0	0
ENSMZEG00005008338	0	0
ENSMZEG00005008339	5	0
ENSMZEG00005008340	138	59
ENSMZEG00005008341	1	3
ENSMZEG00005008342	0	0
ENSMZEG00005008343	0	0
ENSMZEG00005008344	0	0
ENSMZEG00005008345	0	0
ENSMZEG00005008346	1	0
ENSMZEG00005008347	0	0
ENSMZEG00005008348	3	6
ENSMZEG00005008349	2	1
ENSMZEG00005008350	1	2
ENSMZEG00005008351	6	0
ENSMZEG00005008352	0	0
ENSMZEG00005008353	2	4
ENSMZEG00005008354	0	1
ENSMZEG00005008355	0	0
ENSMZEG00005008356	21	37
ENSMZEG00005008357	0	0
ENSMZEG00005008358	0	0
ENSMZEG00005008359	385	160
ENSMZEG00005008360	16	2
ENSMZEG00005008361	0	0
ENSMZEG00005008362	0	5
ENSMZEG00005008363	0	0
ENSMZEG00005008364	0	1
ENSMZEG00005008365	8	1
ENSMZEG00005008366	1	4
ENSMZEG00005008367	514	572
ENSMZEG00005008368	0	1
ENSMZEG00005008369	0	5
ENSMZEG00005008370	10	6
ENSMZEG00005008371	0	3
ENSMZEG00005008372	1	0
ENSMZEG00005008373	1059	9342
ENSMZEG00005008374	5	4
ENSMZEG00005008375	0	0
ENSMZEG00005008376	0	0
ENSMZEG00005008377	0	0
ENSMZEG00005008378	0	0
ENSMZEG00005008379	0	0
ENSMZEG00005008380	0	0
ENSMZEG00005008381	0	0
ENSMZEG00005008382	42	30
ENSMZEG00005008383	0	2
ENSMZEG00005008384	0	0
ENSMZEG00005008385	0	0
ENSMZEG00005008386	0	0
ENSMZEG00005008387	1	0
ENSMZEG00005008388	0	0
ENSMZEG00005008389	0	2
ENSMZEG00005008390	3	0
ENSMZEG00005008391	29	6
ENSMZEG00005008392	0	0
ENSMZEG00005008393	0	0
ENSMZEG00005008394	0	0
ENSMZEG00005008395	0	0
ENSMZEG00005008396	0	0
ENSMZEG00005008397	0	0
ENSMZEG00005008398	1	0
ENSMZEG00005008399	0	0
ENSMZEG00005008400	0	0
ENSMZEG00005008401	0	0
ENSMZEG00005008402	146	75
ENSMZEG00005008403	261	519
ENSMZEG00005008404	2	0
ENSMZEG00005008405	0	0
ENSMZEG00005008406	0	0
ENSMZEG00005008407	692	539
ENSMZEG00005008408	0	0
ENSMZEG00005008409	2	1
ENSMZEG00005008410	35	15
ENSMZEG00005008411	6	3
ENSMZEG00005008412	1	0
ENSMZEG00005008413	0	0
ENSMZEG00005008414	1	0
ENSMZEG00005008415	0	0
ENSMZEG00005008416	169	156
ENSMZEG00005008417	0	0
ENSMZEG00005008418	0	5
ENSMZEG00005008419	109	43
ENSMZEG00005008420	0	1
ENSMZEG00005008421	12	0
ENSMZEG00005008422	2	0
ENSMZEG00005008423	3	5
ENSMZEG00005008424	4	1
ENSMZEG00005008425	1	8
ENSMZEG00005008426	1	1
ENSMZEG00005008427	0	0
ENSMZEG00005008428	7	0
ENSMZEG00005008429	0	0
ENSMZEG00005008430	5	3
ENSMZEG00005008431	1	1
ENSMZEG00005008432	39	23
ENSMZEG00005008433	2	1
ENSMZEG00005008434	0	0
ENSMZEG00005008435	4	0
ENSMZEG00005008436	0	0
ENSMZEG00005008437	0	0
ENSMZEG00005008438	1	1
ENSMZEG00005008439	0	0
ENSMZEG00005008440	0	2
ENSMZEG00005008441	0	0
ENSMZEG00005008442	0	0
ENSMZEG00005008443	1	6
ENSMZEG00005008444	0	0
ENSMZEG00005008445	0	0
ENSMZEG00005008446	2	1
ENSMZEG00005008447	82	98
ENSMZEG00005008448	1	0
ENSMZEG00005008449	5	15
ENSMZEG00005008450	1	0
ENSMZEG00005008451	1	2
ENSMZEG00005008452	1	4
ENSMZEG00005008453	0	0
ENSMZEG00005008454	0	0
ENSMZEG00005008455	0	5
ENSMZEG00005008456	0	0
ENSMZEG00005008457	0	0
ENSMZEG00005008458	0	0
ENSMZEG00005008459	0	0
ENSMZEG00005008460	49	18
ENSMZEG00005008461	0	0
ENSMZEG00005008462	0	0
ENSMZEG00005008463	6	0
ENSMZEG00005008464	70	300
ENSMZEG00005008465	0	0
ENSMZEG00005008466	0	2
ENSMZEG00005008467	4	0
ENSMZEG00005008468	4	25
ENSMZEG00005008469	0	0
ENSMZEG00005008470	1	5
ENSMZEG00005008471	798	6521
ENSMZEG00005008472	0	1
ENSMZEG00005008473	0	0
ENSMZEG00005008474	1497	371
ENSMZEG00005008475	0	0
ENSMZEG00005008476	11	3
ENSMZEG00005008477	9	0
ENSMZEG00005008478	0	0
ENSMZEG00005008479	599	102
ENSMZEG00005008480	0	1
ENSMZEG00005008481	2	0
ENSMZEG00005008482	0	1
ENSMZEG00005008483	1	0
ENSMZEG00005008484	2	36
ENSMZEG00005008485	10	0
ENSMZEG00005008486	7	5
ENSMZEG00005008487	15	0
ENSMZEG00005008488	0	0
ENSMZEG00005008489	0	0
ENSMZEG00005008490	107	404
ENSMZEG00005008491	0	0
ENSMZEG00005008492	1	1
ENSMZEG00005008493	52	299
ENSMZEG00005008494	0	0
ENSMZEG00005008495	0	3
ENSMZEG00005008496	0	0
ENSMZEG00005008497	1	0
ENSMZEG00005008498	2	4
ENSMZEG00005008499	712	639
ENSMZEG00005008500	0	0
ENSMZEG00005008501	0	0
ENSMZEG00005008502	4	1
ENSMZEG00005008503	0	0
ENSMZEG00005008504	1	0
ENSMZEG00005008505	1	0
ENSMZEG00005008506	2	5
ENSMZEG00005008507	3	1
ENSMZEG00005008508	2	0
ENSMZEG00005008509	0	0
ENSMZEG00005008510	0	0
ENSMZEG00005008511	28	4
ENSMZEG00005008512	2	1
ENSMZEG00005008513	0	0
ENSMZEG00005008514	0	0
ENSMZEG00005008515	3	6
ENSMZEG00005008516	0	0
ENSMZEG00005008517	3	1
ENSMZEG00005008518	0	0
ENSMZEG00005008519	0	0
ENSMZEG00005008520	1	1
ENSMZEG00005008521	0	0
ENSMZEG00005008522	3	3
ENSMZEG00005008523	0	2
ENSMZEG00005008524	0	0
ENSMZEG00005008525	9	1
ENSMZEG00005008526	0	0
ENSMZEG00005008527	0	1
ENSMZEG00005008528	0	0
ENSMZEG00005008529	0	0
ENSMZEG00005008530	2	4
ENSMZEG00005008531	0	0
ENSMZEG00005008532	3	0
ENSMZEG00005008533	0	4
ENSMZEG00005008534	0	0
ENSMZEG00005008535	0	0
ENSMZEG00005008536	0	1
ENSMZEG00005008537	0	0
ENSMZEG00005008538	0	0
ENSMZEG00005008539	25	12
ENSMZEG00005008540	2	33
ENSMZEG00005008541	3	1
ENSMZEG00005008542	5	4
ENSMZEG00005008543	0	3
ENSMZEG00005008544	0	0
ENSMZEG00005008545	1	2
ENSMZEG00005008546	1	0
ENSMZEG00005008547	0	0
ENSMZEG00005008548	0	7
ENSMZEG00005008549	5	3
ENSMZEG00005008550	0	3
ENSMZEG00005008551	0	0
ENSMZEG00005008552	0	0
ENSMZEG00005008553	1	11
ENSMZEG00005008554	12	3
ENSMZEG00005008555	9	5
ENSMZEG00005008556	304	86
ENSMZEG00005008557	4	1
ENSMZEG00005008558	4	4
ENSMZEG00005008559	6	36
ENSMZEG00005008560	0	0
ENSMZEG00005008561	0	0
ENSMZEG00005008562	7	0
ENSMZEG00005008563	3	3
ENSMZEG00005008564	0	4
ENSMZEG00005008565	0	0
ENSMZEG00005008566	0	1
ENSMZEG00005008567	0	2
ENSMZEG00005008568	1	0
ENSMZEG00005008569	176	254
ENSMZEG00005008570	0	23
ENSMZEG00005008571	0	0
ENSMZEG00005008572	3	24
ENSMZEG00005008573	0	0
ENSMZEG00005008574	5	0
ENSMZEG00005008575	3	0
ENSMZEG00005008576	0	0
ENSMZEG00005008577	0	0
ENSMZEG00005008578	0	0
ENSMZEG00005008579	6	5
ENSMZEG00005008580	1	8
ENSMZEG00005008581	204	33
ENSMZEG00005008582	0	0
ENSMZEG00005008583	0	0
ENSMZEG00005008584	0	1
ENSMZEG00005008585	0	0
ENSMZEG00005008586	21	8
ENSMZEG00005008587	0	0
ENSMZEG00005008588	0	1
ENSMZEG00005008589	2	0
ENSMZEG00005008590	0	0
ENSMZEG00005008591	7	11
ENSMZEG00005008592	0	2
ENSMZEG00005008593	34	2
ENSMZEG00005008594	0	0
ENSMZEG00005008595	9	3
ENSMZEG00005008596	2	1
ENSMZEG00005008597	0	0
ENSMZEG00005008598	2	1
ENSMZEG00005008599	2	0
ENSMZEG00005008600	0	1
ENSMZEG00005008601	588	87
ENSMZEG00005008602	6	0
ENSMZEG00005008603	0	0
ENSMZEG00005008604	1	2
ENSMZEG00005008605	0	0
ENSMZEG00005008606	0	0
ENSMZEG00005008607	0	3
ENSMZEG00005008608	18	4
ENSMZEG00005008609	0	0
ENSMZEG00005008610	29	9
ENSMZEG00005008611	0	0
ENSMZEG00005008612	0	2
ENSMZEG00005008613	3	0
ENSMZEG00005008614	0	0
ENSMZEG00005008615	0	0
ENSMZEG00005008616	0	0
ENSMZEG00005008617	6	2
ENSMZEG00005008618	0	1
ENSMZEG00005008619	7	5
ENSMZEG00005008620	4	0
ENSMZEG00005008621	0	0
ENSMZEG00005008622	326	76
ENSMZEG00005008623	5	5
ENSMZEG00005008624	3	0
ENSMZEG00005008625	3	3
ENSMZEG00005008626	1	6
ENSMZEG00005008627	98	35
ENSMZEG00005008628	2	0
ENSMZEG00005008629	1	2
ENSMZEG00005008630	15	26
ENSMZEG00005008631	3	1
ENSMZEG00005008632	0	1
ENSMZEG00005008633	0	0
ENSMZEG00005008634	0	1
ENSMZEG00005008635	0	0
ENSMZEG00005008636	5	2
ENSMZEG00005008637	3	0
ENSMZEG00005008638	17	13
ENSMZEG00005008639	7	25
ENSMZEG00005008640	1022	2783
ENSMZEG00005008641	1	0
ENSMZEG00005008642	0	0
ENSMZEG00005008643	0	0
ENSMZEG00005008644	0	0
ENSMZEG00005008645	9	2
ENSMZEG00005008646	0	6
ENSMZEG00005008647	175	21
ENSMZEG00005008648	0	1
ENSMZEG00005008649	351	66
ENSMZEG00005008650	0	0
ENSMZEG00005008651	6	11
ENSMZEG00005008652	4	1
ENSMZEG00005008653	0	0
ENSMZEG00005008654	2	4
ENSMZEG00005008655	0	0
ENSMZEG00005008656	2	5
ENSMZEG00005008657	2	0
ENSMZEG00005008658	1	1
ENSMZEG00005008659	3	0
ENSMZEG00005008660	188	42
ENSMZEG00005008661	0	2
ENSMZEG00005008662	0	0
ENSMZEG00005008663	0	0
ENSMZEG00005008664	51	6
ENSMZEG00005008665	842	774
ENSMZEG00005008666	1	0
ENSMZEG00005008667	0	0
ENSMZEG00005008668	0	0
ENSMZEG00005008669	7	10
ENSMZEG00005008670	2	0
ENSMZEG00005008671	0	0
ENSMZEG00005008672	12	5
ENSMZEG00005008673	0	4
ENSMZEG00005008674	2	0
ENSMZEG00005008675	0	0
ENSMZEG00005008676	615	1218
ENSMZEG00005008677	6	1
ENSMZEG00005008678	0	0
ENSMZEG00005008679	0	0
ENSMZEG00005008680	0	0
ENSMZEG00005008681	3	44
ENSMZEG00005008682	0	2
ENSMZEG00005008683	0	1
ENSMZEG00005008684	6	8
ENSMZEG00005008685	0	0
ENSMZEG00005008686	0	0
ENSMZEG00005008687	2	3
ENSMZEG00005008688	1	0
ENSMZEG00005008689	2	3
ENSMZEG00005008690	2	5
ENSMZEG00005008691	0	4
ENSMZEG00005008692	0	3
ENSMZEG00005008693	11	23
ENSMZEG00005008694	50	74
ENSMZEG00005008695	0	0
ENSMZEG00005008696	13	3
ENSMZEG00005008697	0	0
ENSMZEG00005008698	3	4
ENSMZEG00005008699	0	1
ENSMZEG00005008700	4	1
ENSMZEG00005008701	1	2
ENSMZEG00005008702	12	44
ENSMZEG00005008703	0	0
ENSMZEG00005008704	0	0
ENSMZEG00005008705	2	1
ENSMZEG00005008706	0	10
ENSMZEG00005008707	0	1
ENSMZEG00005008708	0	0
ENSMZEG00005008709	0	0
ENSMZEG00005008710	8	0
ENSMZEG00005008711	1	0
ENSMZEG00005008712	0	0
ENSMZEG00005008713	0	2
ENSMZEG00005008714	8	0
ENSMZEG00005008715	210	621
ENSMZEG00005008716	0	0
ENSMZEG00005008717	0	0
ENSMZEG00005008718	9	22
ENSMZEG00005008719	3	27
ENSMZEG00005008720	0	0
ENSMZEG00005008721	9	4
ENSMZEG00005008722	0	0
ENSMZEG00005008723	16	3
ENSMZEG00005008724	0	0
ENSMZEG00005008725	0	0
ENSMZEG00005008726	2	3
ENSMZEG00005008727	0	3
ENSMZEG00005008728	1	7
ENSMZEG00005008729	0	0
ENSMZEG00005008730	0	0
ENSMZEG00005008731	0	0
ENSMZEG00005008732	1	3
ENSMZEG00005008733	5	5
ENSMZEG00005008734	0	0
ENSMZEG00005008735	8	9
ENSMZEG00005008736	0	0
ENSMZEG00005008737	0	0
ENSMZEG00005008738	0	7
ENSMZEG00005008739	1283	987
ENSMZEG00005008740	6	6
ENSMZEG00005008741	0	0
ENSMZEG00005008742	0	0
ENSMZEG00005008743	0	0
ENSMZEG00005008744	1	0
ENSMZEG00005008745	1	7
ENSMZEG00005008746	1	0
ENSMZEG00005008747	21	14
ENSMZEG00005008748	4	8
ENSMZEG00005008749	2	1
ENSMZEG00005008750	6	9
ENSMZEG00005008751	0	0
ENSMZEG00005008752	3	0
ENSMZEG00005008753	6	6
ENSMZEG00005008754	0	2
ENSMZEG00005008755	8	3
ENSMZEG00005008756	0	0
ENSMZEG00005008757	0	0
ENSMZEG00005008758	3	0
ENSMZEG00005008759	0	0
ENSMZEG00005008760	0	0
ENSMZEG00005008761	0	1
ENSMZEG00005008762	14	8
ENSMZEG00005008763	2	1
ENSMZEG00005008764	37	14
ENSMZEG00005008765	6	9
ENSMZEG00005008766	88	75
ENSMZEG00005008767	5	0
ENSMZEG00005008768	0	0
ENSMZEG00005008769	0	0
ENSMZEG00005008770	2	0
ENSMZEG00005008771	5	0
ENSMZEG00005008772	0	0
ENSMZEG00005008773	1	0
ENSMZEG00005008774	0	3
ENSMZEG00005008775	7	0
ENSMZEG00005008776	0	0
ENSMZEG00005008777	0	0
ENSMZEG00005008778	0	0
ENSMZEG00005008779	0	0
ENSMZEG00005008780	7	1
ENSMZEG00005008781	2	0
ENSMZEG00005008782	4	3
ENSMZEG00005008783	2	0
ENSMZEG00005008784	103	48
ENSMZEG00005008785	0	0
ENSMZEG00005008786	1	0
ENSMZEG00005008787	5	1
ENSMZEG00005008788	2	3
ENSMZEG00005008789	0	0
ENSMZEG00005008790	0	0
ENSMZEG00005008791	2	0
ENSMZEG00005008792	0	2
ENSMZEG00005008793	3	10
ENSMZEG00005008794	4	3
ENSMZEG00005008795	0	1
ENSMZEG00005008796	0	1
ENSMZEG00005008797	0	0
ENSMZEG00005008798	0	0
ENSMZEG00005008799	0	0
ENSMZEG00005008800	7	8
ENSMZEG00005008801	489	423
ENSMZEG00005008802	0	0
ENSMZEG00005008803	7	4
ENSMZEG00005008804	2	0
ENSMZEG00005008805	4	4
ENSMZEG00005008806	0	0
ENSMZEG00005008807	0	0
ENSMZEG00005008808	0	0
ENSMZEG00005008809	3	4
ENSMZEG00005008810	0	0
ENSMZEG00005008811	0	3
ENSMZEG00005008812	3	9
ENSMZEG00005008813	31	2
ENSMZEG00005008814	2	1
ENSMZEG00005008815	0	0
ENSMZEG00005008816	0	0
ENSMZEG00005008817	19	0
ENSMZEG00005008818	2	2
ENSMZEG00005008819	0	0
ENSMZEG00005008820	0	0
ENSMZEG00005008821	0	0
ENSMZEG00005008822	0	0
ENSMZEG00005008823	25	13
ENSMZEG00005008824	11	3
ENSMZEG00005008825	0	0
ENSMZEG00005008826	1	0
ENSMZEG00005008827	7	4
ENSMZEG00005008828	3	8
ENSMZEG00005008829	7	38
ENSMZEG00005008830	15	23
ENSMZEG00005008831	58	54
ENSMZEG00005008832	3	9
ENSMZEG00005008833	629	391
ENSMZEG00005008834	2	53
ENSMZEG00005008835	119	54
ENSMZEG00005008836	99	106
ENSMZEG00005008837	0	0
ENSMZEG00005008838	0	0
ENSMZEG00005008839	0	3
ENSMZEG00005008840	2	5
ENSMZEG00005008841	0	0
ENSMZEG00005008842	34	15
ENSMZEG00005008843	0	0
ENSMZEG00005008844	1	1
ENSMZEG00005008845	1	22
ENSMZEG00005008846	3	0
ENSMZEG00005008847	0	0
ENSMZEG00005008848	0	1
ENSMZEG00005008849	0	0
ENSMZEG00005008850	6	27
ENSMZEG00005008851	3	2
ENSMZEG00005008852	0	1
ENSMZEG00005008853	3	5
ENSMZEG00005008854	0	0
ENSMZEG00005008855	708	212
ENSMZEG00005008856	17	12
ENSMZEG00005008857	5	2
ENSMZEG00005008858	0	1
ENSMZEG00005008859	0	0
ENSMZEG00005008860	1	4
ENSMZEG00005008861	0	0
ENSMZEG00005008862	5	2
ENSMZEG00005008863	5	2
ENSMZEG00005008864	0	0
ENSMZEG00005008865	1	3
ENSMZEG00005008866	6	1
ENSMZEG00005008867	687	1265
ENSMZEG00005008868	0	1
ENSMZEG00005008869	61	10
ENSMZEG00005008870	1	5
ENSMZEG00005008871	0	0
ENSMZEG00005008872	51	243
ENSMZEG00005008873	0	8
ENSMZEG00005008874	7	7
ENSMZEG00005008875	0	0
ENSMZEG00005008876	0	0
ENSMZEG00005008877	4	0
ENSMZEG00005008878	2	14
ENSMZEG00005008879	2	25
ENSMZEG00005008880	6	7
ENSMZEG00005008881	0	2
ENSMZEG00005008882	0	0
ENSMZEG00005008883	0	0
ENSMZEG00005008884	0	0
ENSMZEG00005008885	3	5
ENSMZEG00005008886	0	0
ENSMZEG00005008887	1	1
ENSMZEG00005008888	1047	272
ENSMZEG00005008889	0	0
ENSMZEG00005008890	0	0
ENSMZEG00005008891	0	0
ENSMZEG00005008892	0	0
ENSMZEG00005008893	0	0
ENSMZEG00005008894	2	0
ENSMZEG00005008895	1	2
ENSMZEG00005008896	4	6
ENSMZEG00005008897	0	0
ENSMZEG00005008898	6	4
ENSMZEG00005008899	1	0
ENSMZEG00005008900	0	0
ENSMZEG00005008901	4	4
ENSMZEG00005008902	1158	1797
ENSMZEG00005008903	9	13
ENSMZEG00005008904	0	0
ENSMZEG00005008905	1	0
ENSMZEG00005008906	1566	2358
ENSMZEG00005008907	0	1
ENSMZEG00005008908	0	2
ENSMZEG00005008909	315	313
ENSMZEG00005008910	19	39
ENSMZEG00005008911	1	0
ENSMZEG00005008912	3	0
ENSMZEG00005008913	1904	985
ENSMZEG00005008914	9	7
ENSMZEG00005008915	2	0
ENSMZEG00005008916	0	0
ENSMZEG00005008917	0	0
ENSMZEG00005008918	0	0
ENSMZEG00005008919	20	3
ENSMZEG00005008920	2	5
ENSMZEG00005008921	0	0
ENSMZEG00005008922	2	1
ENSMZEG00005008923	374	186
ENSMZEG00005008924	0	0
ENSMZEG00005008925	5	2
ENSMZEG00005008926	9	1
ENSMZEG00005008927	0	0
ENSMZEG00005008928	1	0
ENSMZEG00005008929	0	0
ENSMZEG00005008930	11	9
ENSMZEG00005008931	47	62
ENSMZEG00005008932	2	1
ENSMZEG00005008933	0	0
ENSMZEG00005008934	0	9
ENSMZEG00005008935	1	4
ENSMZEG00005008936	0	0
ENSMZEG00005008937	275	382
ENSMZEG00005008938	1	1
ENSMZEG00005008939	4	0
ENSMZEG00005008940	1	0
ENSMZEG00005008941	1	0
ENSMZEG00005008942	29	13
ENSMZEG00005008943	0	1
ENSMZEG00005008944	0	0
ENSMZEG00005008945	7	12
ENSMZEG00005008946	0	0
ENSMZEG00005008947	11	1
ENSMZEG00005008948	1	0
ENSMZEG00005008949	1079	627
ENSMZEG00005008950	1	5
ENSMZEG00005008951	35	8
ENSMZEG00005008952	7	10
ENSMZEG00005008953	0	0
ENSMZEG00005008954	0	5
ENSMZEG00005008955	0	0
ENSMZEG00005008956	5	0
ENSMZEG00005008957	8	4
ENSMZEG00005008958	11	16
ENSMZEG00005008959	1	0
ENSMZEG00005008960	4	1
ENSMZEG00005008961	2	0
ENSMZEG00005008962	0	0
ENSMZEG00005008963	4	1
ENSMZEG00005008964	0	3
ENSMZEG00005008965	0	0
ENSMZEG00005008966	0	0
ENSMZEG00005008967	11	16
ENSMZEG00005008968	50	28
ENSMZEG00005008969	514	109
ENSMZEG00005008970	0	0
ENSMZEG00005008971	8	12
ENSMZEG00005008972	18	2
ENSMZEG00005008973	5	0
ENSMZEG00005008974	15	5
ENSMZEG00005008975	1	9
ENSMZEG00005008976	0	1
ENSMZEG00005008977	0	0
ENSMZEG00005008978	13	1
ENSMZEG00005008979	1	2
ENSMZEG00005008980	0	0
ENSMZEG00005008981	0	0
ENSMZEG00005008982	541	485
ENSMZEG00005008983	4	0
ENSMZEG00005008984	304	498
ENSMZEG00005008985	9	6
ENSMZEG00005008986	1154	1383
ENSMZEG00005008987	0	0
ENSMZEG00005008988	1	0
ENSMZEG00005008989	15	8
ENSMZEG00005008990	0	0
ENSMZEG00005008991	7	8
ENSMZEG00005008992	0	0
ENSMZEG00005008993	0	25
ENSMZEG00005008994	1	0
ENSMZEG00005008995	590	833
ENSMZEG00005008996	2	0
ENSMZEG00005008997	0	0
ENSMZEG00005008998	1	1
ENSMZEG00005008999	1508	4672
ENSMZEG00005009000	0	0
ENSMZEG00005009001	13	25
ENSMZEG00005009002	0	0
ENSMZEG00005009003	1	2
ENSMZEG00005009004	4	11
ENSMZEG00005009005	2	0
ENSMZEG00005009006	0	0
ENSMZEG00005009007	0	0
ENSMZEG00005009008	0	0
ENSMZEG00005009009	0	0
ENSMZEG00005009010	0	0
ENSMZEG00005009011	0	0
ENSMZEG00005009012	0	0
ENSMZEG00005009013	6	2
ENSMZEG00005009014	0	0
ENSMZEG00005009015	0	0
ENSMZEG00005009016	0	0
ENSMZEG00005009017	0	0
ENSMZEG00005009018	0	0
ENSMZEG00005009019	1	1
ENSMZEG00005009020	0	0
ENSMZEG00005009021	47	1
ENSMZEG00005009022	5	1
ENSMZEG00005009023	0	3
ENSMZEG00005009024	9	9
ENSMZEG00005009025	0	0
ENSMZEG00005009026	0	0
ENSMZEG00005009027	1	4
ENSMZEG00005009028	1	3
ENSMZEG00005009029	0	0
ENSMZEG00005009030	0	0
ENSMZEG00005009031	9	10
ENSMZEG00005009032	0	2
ENSMZEG00005009033	570	49
ENSMZEG00005009034	3	1
ENSMZEG00005009035	5	5
ENSMZEG00005009036	1	1
ENSMZEG00005009037	21	6
ENSMZEG00005009038	12	0
ENSMZEG00005009039	1	1
ENSMZEG00005009040	4	2
ENSMZEG00005009041	25	8
ENSMZEG00005009042	6	0
ENSMZEG00005009043	0	0
ENSMZEG00005009044	2	0
ENSMZEG00005009045	0	0
ENSMZEG00005009046	0	0
ENSMZEG00005009047	0	0
ENSMZEG00005009048	10	3
ENSMZEG00005009049	46	6
ENSMZEG00005009050	0	0
ENSMZEG00005009051	381	386
ENSMZEG00005009052	13	11
ENSMZEG00005009053	3	0
ENSMZEG00005009054	0	0
ENSMZEG00005009055	0	0
ENSMZEG00005009056	0	0
ENSMZEG00005009057	18	52
ENSMZEG00005009058	1	2
ENSMZEG00005009059	257	136
ENSMZEG00005009060	2	8
ENSMZEG00005009061	0	0
ENSMZEG00005009062	0	4
ENSMZEG00005009063	2	2
ENSMZEG00005009064	0	0
ENSMZEG00005009065	762	1272
ENSMZEG00005009066	0	0
ENSMZEG00005009067	0	0
ENSMZEG00005009068	1062	489
ENSMZEG00005009069	0	0
ENSMZEG00005009070	6	1
ENSMZEG00005009071	0	0
ENSMZEG00005009072	0	0
ENSMZEG00005009073	0	0
ENSMZEG00005009074	3	0
ENSMZEG00005009075	0	6
ENSMZEG00005009076	96	185
ENSMZEG00005009077	1832	397
ENSMZEG00005009078	3	7
ENSMZEG00005009079	4	3
ENSMZEG00005009080	0	0
ENSMZEG00005009081	4	5
ENSMZEG00005009082	6	1
ENSMZEG00005009083	5	1
ENSMZEG00005009084	0	3
ENSMZEG00005009085	0	0
ENSMZEG00005009086	5	2
ENSMZEG00005009087	0	11
ENSMZEG00005009088	0	0
ENSMZEG00005009089	2	1
ENSMZEG00005009090	272	185
ENSMZEG00005009091	3	5
ENSMZEG00005009092	2	0
ENSMZEG00005009093	167	382
ENSMZEG00005009094	5	2
ENSMZEG00005009095	6	9
ENSMZEG00005009096	0	80
ENSMZEG00005009097	38	21
ENSMZEG00005009098	35	52
ENSMZEG00005009099	0	0
ENSMZEG00005009100	5	4
ENSMZEG00005009101	0	0
ENSMZEG00005009102	0	0
ENSMZEG00005009103	28	18
ENSMZEG00005009104	0	1
ENSMZEG00005009105	0	2
ENSMZEG00005009106	0	0
ENSMZEG00005009107	0	0
ENSMZEG00005009108	51	144
ENSMZEG00005009109	0	0
ENSMZEG00005009110	5	1
ENSMZEG00005009111	9	5
ENSMZEG00005009112	2	8
ENSMZEG00005009113	0	0
ENSMZEG00005009114	18	0
ENSMZEG00005009115	1	0
ENSMZEG00005009116	0	0
ENSMZEG00005009117	0	0
ENSMZEG00005009118	1	1
ENSMZEG00005009119	0	0
ENSMZEG00005009120	16	18
ENSMZEG00005009121	0	6
ENSMZEG00005009122	0	1
ENSMZEG00005009123	3	2
ENSMZEG00005009124	0	0
ENSMZEG00005009125	9	3
ENSMZEG00005009126	2	30
ENSMZEG00005009127	5	5
ENSMZEG00005009128	0	4
ENSMZEG00005009129	0	1
ENSMZEG00005009130	0	0
ENSMZEG00005009131	1	0
ENSMZEG00005009132	355	866
ENSMZEG00005009133	74	61
ENSMZEG00005009134	1	1
ENSMZEG00005009135	9	7
ENSMZEG00005009136	3	0
ENSMZEG00005009137	1	6
ENSMZEG00005009138	0	0
ENSMZEG00005009139	8	23
ENSMZEG00005009140	0	2
ENSMZEG00005009141	33	294
ENSMZEG00005009142	0	1
ENSMZEG00005009143	10	5
ENSMZEG00005009144	0	0
ENSMZEG00005009145	0	1
ENSMZEG00005009146	0	0
ENSMZEG00005009147	0	1
ENSMZEG00005009148	0	0
ENSMZEG00005009149	1	15
ENSMZEG00005009150	0	0
ENSMZEG00005009151	0	0
ENSMZEG00005009152	2	2
ENSMZEG00005009153	1	6
ENSMZEG00005009154	0	0
ENSMZEG00005009155	8	5
ENSMZEG00005009156	0	0
ENSMZEG00005009157	0	0
ENSMZEG00005009158	0	0
ENSMZEG00005009159	0	0
ENSMZEG00005009160	4	7
ENSMZEG00005009161	1	0
ENSMZEG00005009162	2	13
ENSMZEG00005009163	2	1
ENSMZEG00005009164	0	0
ENSMZEG00005009165	0	0
ENSMZEG00005009166	21	91
ENSMZEG00005009167	0	0
ENSMZEG00005009168	0	0
ENSMZEG00005009169	0	0
ENSMZEG00005009170	2	0
ENSMZEG00005009171	1	0
ENSMZEG00005009172	2	0
ENSMZEG00005009173	12	1
ENSMZEG00005009174	0	0
ENSMZEG00005009175	0	1
ENSMZEG00005009176	0	1
ENSMZEG00005009177	1244	2337
ENSMZEG00005009178	0	0
ENSMZEG00005009179	0	0
ENSMZEG00005009180	2	9
ENSMZEG00005009181	57	54
ENSMZEG00005009182	1	1
ENSMZEG00005009183	5	1
ENSMZEG00005009184	7	0
ENSMZEG00005009185	0	1
ENSMZEG00005009186	4	15
ENSMZEG00005009187	0	0
ENSMZEG00005009188	0	0
ENSMZEG00005009189	0	6
ENSMZEG00005009190	0	0
ENSMZEG00005009191	7	1
ENSMZEG00005009192	5	7
ENSMZEG00005009193	0	0
ENSMZEG00005009194	9	0
ENSMZEG00005009195	0	0
ENSMZEG00005009196	8	12
ENSMZEG00005009197	0	2
ENSMZEG00005009198	0	0
ENSMZEG00005009199	0	1
ENSMZEG00005009200	0	0
ENSMZEG00005009201	0	0
ENSMZEG00005009202	499	1543
ENSMZEG00005009203	0	0
ENSMZEG00005009204	0	1
ENSMZEG00005009205	0	4
ENSMZEG00005009206	12	0
ENSMZEG00005009207	3	0
ENSMZEG00005009208	1	19
ENSMZEG00005009209	2	2
ENSMZEG00005009210	0	0
ENSMZEG00005009211	0	0
ENSMZEG00005009212	1	28
ENSMZEG00005009213	26	33
ENSMZEG00005009214	0	0
ENSMZEG00005009215	20	2
ENSMZEG00005009216	0	0
ENSMZEG00005009217	1	3
ENSMZEG00005009218	2	2
ENSMZEG00005009219	0	1
ENSMZEG00005009220	1	0
ENSMZEG00005009221	0	0
ENSMZEG00005009222	0	0
ENSMZEG00005009223	2	2
ENSMZEG00005009224	6	0
ENSMZEG00005009225	0	0
ENSMZEG00005009226	1	3
ENSMZEG00005009227	3	5
ENSMZEG00005009228	0	1
ENSMZEG00005009229	0	0
ENSMZEG00005009230	0	0
ENSMZEG00005009231	0	0
ENSMZEG00005009232	7	0
ENSMZEG00005009233	0	0
ENSMZEG00005009234	0	0
ENSMZEG00005009235	1	1
ENSMZEG00005009236	0	0
ENSMZEG00005009237	1130	3000
ENSMZEG00005009238	0	37
ENSMZEG00005009239	26	6
ENSMZEG00005009240	0	0
ENSMZEG00005009241	0	0
ENSMZEG00005009242	14	22
ENSMZEG00005009243	0	0
ENSMZEG00005009244	0	0
ENSMZEG00005009245	1	5
ENSMZEG00005009246	1	7
ENSMZEG00005009247	0	0
ENSMZEG00005009248	1	8
ENSMZEG00005009249	1010	117
ENSMZEG00005009250	2	0
ENSMZEG00005009251	2	0
ENSMZEG00005009252	12	21
ENSMZEG00005009253	0	0
ENSMZEG00005009254	0	0
ENSMZEG00005009255	0	0
ENSMZEG00005009256	8	0
ENSMZEG00005009257	19	7
ENSMZEG00005009258	0	0
ENSMZEG00005009259	142	322
ENSMZEG00005009260	3831	4615
ENSMZEG00005009261	282	385
ENSMZEG00005009262	0	0
ENSMZEG00005009263	0	0
ENSMZEG00005009264	2	1
ENSMZEG00005009265	0	0
ENSMZEG00005009266	6	1
ENSMZEG00005009267	0	0
ENSMZEG00005009268	0	0
ENSMZEG00005009269	3	5
ENSMZEG00005009270	100	652
ENSMZEG00005009271	0	0
ENSMZEG00005009272	1	0
ENSMZEG00005009273	0	0
ENSMZEG00005009274	14	2
ENSMZEG00005009275	0	0
ENSMZEG00005009276	15	7
ENSMZEG00005009277	1	1
ENSMZEG00005009278	27	23
ENSMZEG00005009279	4	7
ENSMZEG00005009280	0	0
ENSMZEG00005009281	2	1
ENSMZEG00005009282	225	291
ENSMZEG00005009283	9	8
ENSMZEG00005009284	5	7
ENSMZEG00005009285	0	0
ENSMZEG00005009286	0	4
ENSMZEG00005009287	1	6
ENSMZEG00005009288	1	1
ENSMZEG00005009289	1	0
ENSMZEG00005009290	0	0
ENSMZEG00005009291	0	0
ENSMZEG00005009292	0	0
ENSMZEG00005009293	572	803
ENSMZEG00005009294	1	0
ENSMZEG00005009295	0	0
ENSMZEG00005009296	0	8
ENSMZEG00005009297	3	0
ENSMZEG00005009298	3	0
ENSMZEG00005009299	8	1
ENSMZEG00005009300	4	0
ENSMZEG00005009301	12	32
ENSMZEG00005009302	0	1
ENSMZEG00005009303	3	3
ENSMZEG00005009304	0	0
ENSMZEG00005009305	0	13
ENSMZEG00005009306	0	0
ENSMZEG00005009307	1	0
ENSMZEG00005009308	1	0
ENSMZEG00005009309	0	0
ENSMZEG00005009310	6	3
ENSMZEG00005009311	0	0
ENSMZEG00005009312	16	24
ENSMZEG00005009313	15	0
ENSMZEG00005009314	1	3
ENSMZEG00005009315	2	0
ENSMZEG00005009316	0	0
ENSMZEG00005009317	0	1
ENSMZEG00005009318	1	13
ENSMZEG00005009319	0	0
ENSMZEG00005009320	95	5
ENSMZEG00005009321	1	2
ENSMZEG00005009322	0	0
ENSMZEG00005009323	1	7
ENSMZEG00005009324	1	12
ENSMZEG00005009325	2	0
ENSMZEG00005009326	1	0
ENSMZEG00005009327	0	0
ENSMZEG00005009328	0	3
ENSMZEG00005009329	1044	1947
ENSMZEG00005009330	0	0
ENSMZEG00005009331	0	0
ENSMZEG00005009332	0	2
ENSMZEG00005009333	7	2
ENSMZEG00005009334	3	24
ENSMZEG00005009335	0	0
ENSMZEG00005009336	0	0
ENSMZEG00005009337	0	0
ENSMZEG00005009338	0	0
ENSMZEG00005009339	0	0
ENSMZEG00005009340	0	1
ENSMZEG00005009341	0	0
ENSMZEG00005009342	0	0
ENSMZEG00005009343	6	21
ENSMZEG00005009344	0	0
ENSMZEG00005009345	7	1
ENSMZEG00005009346	3	0
ENSMZEG00005009347	14	20
ENSMZEG00005009348	0	0
ENSMZEG00005009349	14	6
ENSMZEG00005009350	1	11
ENSMZEG00005009351	4	0
ENSMZEG00005009352	0	0
ENSMZEG00005009353	19	6
ENSMZEG00005009354	1682	294
ENSMZEG00005009355	2	0
ENSMZEG00005009356	0	0
ENSMZEG00005009357	0	22
ENSMZEG00005009358	2	0
ENSMZEG00005009359	0	0
ENSMZEG00005009360	2	0
ENSMZEG00005009361	1	1
ENSMZEG00005009362	0	0
ENSMZEG00005009363	4	3
ENSMZEG00005009364	4	1
ENSMZEG00005009365	10	4
ENSMZEG00005009366	3	0
ENSMZEG00005009367	0	0
ENSMZEG00005009368	2	0
ENSMZEG00005009369	11	26
ENSMZEG00005009370	0	3
ENSMZEG00005009371	4	4
ENSMZEG00005009372	0	0
ENSMZEG00005009373	0	1
ENSMZEG00005009374	4	9
ENSMZEG00005009375	0	0
ENSMZEG00005009376	34	10
ENSMZEG00005009377	0	0
ENSMZEG00005009378	3	3
ENSMZEG00005009379	0	1
ENSMZEG00005009380	1	0
ENSMZEG00005009381	0	4
ENSMZEG00005009382	40	3
ENSMZEG00005009383	1	0
ENSMZEG00005009384	0	0
ENSMZEG00005009385	336	14
ENSMZEG00005009386	0	4
ENSMZEG00005009387	557	574
ENSMZEG00005009388	4	5
ENSMZEG00005009389	2	0
ENSMZEG00005009390	45	7
ENSMZEG00005009391	0	0
ENSMZEG00005009392	0	0
ENSMZEG00005009393	0	0
ENSMZEG00005009394	0	0
ENSMZEG00005009395	5	1
ENSMZEG00005009396	9	1
ENSMZEG00005009397	2	1
ENSMZEG00005009398	0	0
ENSMZEG00005009399	2	0
ENSMZEG00005009400	0	0
ENSMZEG00005009401	2	9
ENSMZEG00005009402	0	1
ENSMZEG00005009403	0	0
ENSMZEG00005009404	889	94
ENSMZEG00005009405	0	2
ENSMZEG00005009406	1	1
ENSMZEG00005009407	0	0
ENSMZEG00005009408	173	157
ENSMZEG00005009409	0	0
ENSMZEG00005009410	0	0
ENSMZEG00005009411	4	0
ENSMZEG00005009412	201	27
ENSMZEG00005009413	5	6
ENSMZEG00005009414	4	0
ENSMZEG00005009415	8681	3080
ENSMZEG00005009416	13	9
ENSMZEG00005009417	0	0
ENSMZEG00005009418	3	1
ENSMZEG00005009419	3	4
ENSMZEG00005009420	0	1
ENSMZEG00005009421	6	10
ENSMZEG00005009422	6	9
ENSMZEG00005009423	16	14
ENSMZEG00005009424	0	4
ENSMZEG00005009425	4	17
ENSMZEG00005009426	0	0
ENSMZEG00005009427	0	2
ENSMZEG00005009428	0	2
ENSMZEG00005009429	1	0
ENSMZEG00005009430	0	0
ENSMZEG00005009431	14	2
ENSMZEG00005009432	1	3
ENSMZEG00005009433	0	0
ENSMZEG00005009434	15	23
ENSMZEG00005009435	2	0
ENSMZEG00005009436	0	0
ENSMZEG00005009437	1	5
ENSMZEG00005009438	0	0
ENSMZEG00005009439	1	23
ENSMZEG00005009440	0	0
ENSMZEG00005009441	0	1
ENSMZEG00005009442	2	2
ENSMZEG00005009443	0	0
ENSMZEG00005009444	9	1
ENSMZEG00005009445	7	8
ENSMZEG00005009446	0	0
ENSMZEG00005009447	401	596
ENSMZEG00005009448	0	0
ENSMZEG00005009449	0	5
ENSMZEG00005009450	0	1
ENSMZEG00005009451	7	80
ENSMZEG00005009452	3	5
ENSMZEG00005009453	2	45
ENSMZEG00005009454	11	8
ENSMZEG00005009455	0	0
ENSMZEG00005009456	4	1
ENSMZEG00005009457	7	4
ENSMZEG00005009458	0	0
ENSMZEG00005009459	2385	1094
ENSMZEG00005009460	0	0
ENSMZEG00005009461	2	2
ENSMZEG00005009462	0	0
ENSMZEG00005009463	4	5
ENSMZEG00005009464	0	0
ENSMZEG00005009465	0	4
ENSMZEG00005009466	0	1
ENSMZEG00005009467	0	0
ENSMZEG00005009468	223	312
ENSMZEG00005009469	3	7
ENSMZEG00005009470	0	0
ENSMZEG00005009471	38	20
ENSMZEG00005009472	6	1
ENSMZEG00005009473	3	2
ENSMZEG00005009474	0	0
ENSMZEG00005009475	0	0
ENSMZEG00005009476	0	0
ENSMZEG00005009477	3	8
ENSMZEG00005009478	1	0
ENSMZEG00005009479	4	6
ENSMZEG00005009480	8	1
ENSMZEG00005009481	0	0
ENSMZEG00005009482	3	6
ENSMZEG00005009483	0	1
ENSMZEG00005009484	801	2295
ENSMZEG00005009485	11	6
ENSMZEG00005009486	0	0
ENSMZEG00005009487	1	1
ENSMZEG00005009488	0	0
ENSMZEG00005009489	0	0
ENSMZEG00005009490	3	3
ENSMZEG00005009491	0	0
ENSMZEG00005009492	5	2
ENSMZEG00005009493	0	0
ENSMZEG00005009494	0	0
ENSMZEG00005009495	2	0
ENSMZEG00005009496	2	1
ENSMZEG00005009497	43	3
ENSMZEG00005009498	0	0
ENSMZEG00005009499	2	9
ENSMZEG00005009500	0	1
ENSMZEG00005009501	0	0
ENSMZEG00005009502	0	0
ENSMZEG00005009503	0	0
ENSMZEG00005009504	1	0
ENSMZEG00005009505	0	1
ENSMZEG00005009506	0	3
ENSMZEG00005009507	0	0
ENSMZEG00005009508	0	0
ENSMZEG00005009509	8	4
ENSMZEG00005009510	0	0
ENSMZEG00005009511	0	0
ENSMZEG00005009512	0	0
ENSMZEG00005009513	20	11
ENSMZEG00005009514	51	85
ENSMZEG00005009515	0	0
ENSMZEG00005009516	0	0
ENSMZEG00005009517	0	0
ENSMZEG00005009518	0	1
ENSMZEG00005009519	4	2
ENSMZEG00005009520	4	21
ENSMZEG00005009521	0	0
ENSMZEG00005009522	0	3
ENSMZEG00005009523	3	8
ENSMZEG00005009524	48	272
ENSMZEG00005009525	2	0
ENSMZEG00005009526	0	1
ENSMZEG00005009527	0	0
ENSMZEG00005009528	0	0
ENSMZEG00005009529	0	0
ENSMZEG00005009530	0	2
ENSMZEG00005009531	0	0
ENSMZEG00005009532	1	3
ENSMZEG00005009533	0	5
ENSMZEG00005009534	0	0
ENSMZEG00005009535	0	1
ENSMZEG00005009536	5	7
ENSMZEG00005009537	0	0
ENSMZEG00005009538	0	0
ENSMZEG00005009539	2	4
ENSMZEG00005009540	47	12
ENSMZEG00005009541	2	0
ENSMZEG00005009542	3	5
ENSMZEG00005009543	0	0
ENSMZEG00005009544	0	0
ENSMZEG00005009545	0	0
ENSMZEG00005009546	0	0
ENSMZEG00005009547	0	0
ENSMZEG00005009548	763	602
ENSMZEG00005009549	252	784
ENSMZEG00005009550	0	0
ENSMZEG00005009551	95	98
ENSMZEG00005009552	18	31
ENSMZEG00005009553	1	0
ENSMZEG00005009554	1	0
ENSMZEG00005009555	0	0
ENSMZEG00005009556	0	0
ENSMZEG00005009557	0	0
ENSMZEG00005009558	0	0
ENSMZEG00005009559	0	0
ENSMZEG00005009560	4	0
ENSMZEG00005009561	0	2
ENSMZEG00005009562	3	5
ENSMZEG00005009563	0	0
ENSMZEG00005009564	0	2
ENSMZEG00005009565	164	235
ENSMZEG00005009566	6	0
ENSMZEG00005009567	0	0
ENSMZEG00005009568	12	21
ENSMZEG00005009569	48	13
ENSMZEG00005009570	0	0
ENSMZEG00005009571	1	9
ENSMZEG00005009572	0	0
ENSMZEG00005009573	3	2
ENSMZEG00005009574	0	1
ENSMZEG00005009575	0	0
ENSMZEG00005009576	0	0
ENSMZEG00005009577	0	0
ENSMZEG00005009578	1	2
ENSMZEG00005009579	0	0
ENSMZEG00005009580	8	6
ENSMZEG00005009581	0	0
ENSMZEG00005009582	0	0
ENSMZEG00005009583	3	2
ENSMZEG00005009584	0	0
ENSMZEG00005009585	0	0
ENSMZEG00005009586	0	0
ENSMZEG00005009587	0	0
ENSMZEG00005009588	2	0
ENSMZEG00005009589	0	0
ENSMZEG00005009590	0	1
ENSMZEG00005009591	0	1
ENSMZEG00005009592	0	0
ENSMZEG00005009593	0	0
ENSMZEG00005009594	0	0
ENSMZEG00005009595	0	0
ENSMZEG00005009596	1	3
ENSMZEG00005009597	0	0
ENSMZEG00005009598	0	0
ENSMZEG00005009599	3	0
ENSMZEG00005009600	425	38
ENSMZEG00005009601	8	4
ENSMZEG00005009602	13	4
ENSMZEG00005009603	0	0
ENSMZEG00005009604	0	0
ENSMZEG00005009605	6	0
ENSMZEG00005009606	2	0
ENSMZEG00005009607	20	10
ENSMZEG00005009608	5	6
ENSMZEG00005009609	0	0
ENSMZEG00005009610	1	0
ENSMZEG00005009611	0	0
ENSMZEG00005009612	0	2
ENSMZEG00005009613	5	2
ENSMZEG00005009614	2	0
ENSMZEG00005009615	0	1
ENSMZEG00005009616	0	0
ENSMZEG00005009617	4	0
ENSMZEG00005009618	0	0
ENSMZEG00005009619	2	1
ENSMZEG00005009620	0	2
ENSMZEG00005009621	7	1
ENSMZEG00005009622	250	482
ENSMZEG00005009623	1	0
ENSMZEG00005009624	892	184
ENSMZEG00005009625	0	5
ENSMZEG00005009626	1	1
ENSMZEG00005009627	0	2
ENSMZEG00005009628	0	0
ENSMZEG00005009629	1	4
ENSMZEG00005009630	552	699
ENSMZEG00005009631	0	0
ENSMZEG00005009632	0	0
ENSMZEG00005009633	10	6
ENSMZEG00005009634	0	0
ENSMZEG00005009635	0	0
ENSMZEG00005009636	0	0
ENSMZEG00005009637	0	0
ENSMZEG00005009638	5	10
ENSMZEG00005009639	1	3
ENSMZEG00005009640	0	0
ENSMZEG00005009641	0	1
ENSMZEG00005009642	3	0
ENSMZEG00005009643	0	0
ENSMZEG00005009644	0	0
ENSMZEG00005009645	0	0
ENSMZEG00005009646	0	0
ENSMZEG00005009647	0	0
ENSMZEG00005009648	0	0
ENSMZEG00005009649	0	0
ENSMZEG00005009650	0	0
ENSMZEG00005009651	0	2
ENSMZEG00005009652	1	0
ENSMZEG00005009653	0	8
ENSMZEG00005009654	0	0
ENSMZEG00005009655	0	2
ENSMZEG00005009656	0	0
ENSMZEG00005009657	2	15
ENSMZEG00005009658	1	1
ENSMZEG00005009659	0	0
ENSMZEG00005009660	290	788
ENSMZEG00005009661	13	5
ENSMZEG00005009662	1	1
ENSMZEG00005009663	932	1332
ENSMZEG00005009664	0	0
ENSMZEG00005009665	12	8
ENSMZEG00005009666	6	4
ENSMZEG00005009667	449	732
ENSMZEG00005009668	47	23
ENSMZEG00005009669	0	0
ENSMZEG00005009670	3	0
ENSMZEG00005009671	0	0
ENSMZEG00005009672	0	0
ENSMZEG00005009673	46	355
ENSMZEG00005009674	1	9
ENSMZEG00005009675	2	2
ENSMZEG00005009676	0	0
ENSMZEG00005009677	38	35
ENSMZEG00005009678	7	176
ENSMZEG00005009679	26	22
ENSMZEG00005009680	3	0
ENSMZEG00005009681	2	4
ENSMZEG00005009682	0	0
ENSMZEG00005009683	1	5
ENSMZEG00005009684	0	6
ENSMZEG00005009685	0	0
ENSMZEG00005009686	0	0
ENSMZEG00005009687	0	0
ENSMZEG00005009688	0	2
ENSMZEG00005009689	1	0
ENSMZEG00005009690	0	0
ENSMZEG00005009691	4	2
ENSMZEG00005009692	1	0
ENSMZEG00005009693	0	0
ENSMZEG00005009694	8	2
ENSMZEG00005009695	0	1
ENSMZEG00005009696	2	5
ENSMZEG00005009697	0	0
ENSMZEG00005009698	239	422
ENSMZEG00005009699	2	0
ENSMZEG00005009700	2	0
ENSMZEG00005009701	4	1
ENSMZEG00005009702	0	0
ENSMZEG00005009703	4	42
ENSMZEG00005009704	14	4
ENSMZEG00005009705	1	0
ENSMZEG00005009706	1	0
ENSMZEG00005009707	0	0
ENSMZEG00005009708	0	0
ENSMZEG00005009709	2	0
ENSMZEG00005009710	2	3
ENSMZEG00005009711	1	0
ENSMZEG00005009712	789	819
ENSMZEG00005009713	18	2
ENSMZEG00005009714	2	1
ENSMZEG00005009715	1	0
ENSMZEG00005009716	29	9
ENSMZEG00005009717	0	0
ENSMZEG00005009718	0	0
ENSMZEG00005009719	0	0
ENSMZEG00005009720	0	0
ENSMZEG00005009721	0	0
ENSMZEG00005009722	2	1
ENSMZEG00005009723	0	0
ENSMZEG00005009724	1	0
ENSMZEG00005009725	0	0
ENSMZEG00005009726	0	0
ENSMZEG00005009727	2	3
ENSMZEG00005009728	1	0
ENSMZEG00005009729	31	13
ENSMZEG00005009730	0	0
ENSMZEG00005009731	36	204
ENSMZEG00005009732	0	0
ENSMZEG00005009733	0	0
ENSMZEG00005009734	0	3
ENSMZEG00005009735	0	0
ENSMZEG00005009736	6	2
ENSMZEG00005009737	0	0
ENSMZEG00005009738	465	475
ENSMZEG00005009739	0	0
ENSMZEG00005009740	2	3
ENSMZEG00005009741	0	0
ENSMZEG00005009742	0	1
ENSMZEG00005009743	0	0
ENSMZEG00005009744	0	1
ENSMZEG00005009745	0	0
ENSMZEG00005009746	0	0
ENSMZEG00005009747	1	0
ENSMZEG00005009748	8	3
ENSMZEG00005009749	1	0
ENSMZEG00005009750	5	0
ENSMZEG00005009751	2	0
ENSMZEG00005009752	622	57
ENSMZEG00005009753	7	269
ENSMZEG00005009754	2	0
ENSMZEG00005009755	0	0
ENSMZEG00005009756	50	26
ENSMZEG00005009757	0	0
ENSMZEG00005009758	0	3
ENSMZEG00005009759	0	1
ENSMZEG00005009760	0	0
ENSMZEG00005009761	0	0
ENSMZEG00005009762	4	4
ENSMZEG00005009763	0	0
ENSMZEG00005009764	0	0
ENSMZEG00005009765	2	2
ENSMZEG00005009766	3	3
ENSMZEG00005009767	429	574
ENSMZEG00005009768	1	1
ENSMZEG00005009769	0	0
ENSMZEG00005009770	0	0
ENSMZEG00005009771	0	3
ENSMZEG00005009772	2	0
ENSMZEG00005009773	3	0
ENSMZEG00005009774	0	0
ENSMZEG00005009775	5	0
ENSMZEG00005009776	18	41
ENSMZEG00005009777	1	0
ENSMZEG00005009778	4	3
ENSMZEG00005009779	22	3
ENSMZEG00005009780	53	84
ENSMZEG00005009781	0	0
ENSMZEG00005009782	7	2
ENSMZEG00005009783	1	2
ENSMZEG00005009784	5	13
ENSMZEG00005009785	56	58
ENSMZEG00005009786	0	1
ENSMZEG00005009787	1	0
ENSMZEG00005009788	0	1
ENSMZEG00005009789	45	218
ENSMZEG00005009790	5	7
ENSMZEG00005009791	430	610
ENSMZEG00005009792	0	0
ENSMZEG00005009793	9	2
ENSMZEG00005009794	0	4
ENSMZEG00005009795	2	4
ENSMZEG00005009796	3	0
ENSMZEG00005009797	0	0
ENSMZEG00005009798	0	0
ENSMZEG00005009799	7	31
ENSMZEG00005009800	0	0
ENSMZEG00005009801	0	1
ENSMZEG00005009802	2	0
ENSMZEG00005009803	6	1
ENSMZEG00005009804	0	0
ENSMZEG00005009805	5	5
ENSMZEG00005009806	0	1
ENSMZEG00005009807	0	0
ENSMZEG00005009808	10	11
ENSMZEG00005009809	0	2
ENSMZEG00005009810	0	3
ENSMZEG00005009811	1	1
ENSMZEG00005009812	0	1
ENSMZEG00005009813	2778	324
ENSMZEG00005009814	0	0
ENSMZEG00005009815	0	0
ENSMZEG00005009816	2	0
ENSMZEG00005009817	0	0
ENSMZEG00005009818	2	2
ENSMZEG00005009819	3	6
ENSMZEG00005009820	9	24
ENSMZEG00005009821	0	2
ENSMZEG00005009822	0	2
ENSMZEG00005009823	3	7
ENSMZEG00005009824	0	0
ENSMZEG00005009825	7	1
ENSMZEG00005009826	0	0
ENSMZEG00005009827	0	0
ENSMZEG00005009828	8	2
ENSMZEG00005009829	1	0
ENSMZEG00005009830	1	3
ENSMZEG00005009831	0	0
ENSMZEG00005009832	0	1
ENSMZEG00005009833	0	3
ENSMZEG00005009834	6	2
ENSMZEG00005009835	3	0
ENSMZEG00005009836	0	0
ENSMZEG00005009837	0	0
ENSMZEG00005009838	1	1
ENSMZEG00005009839	1	1
ENSMZEG00005009840	5	6
ENSMZEG00005009841	2	28
ENSMZEG00005009842	0	7
ENSMZEG00005009843	0	0
ENSMZEG00005009844	5	6
ENSMZEG00005009845	0	0
ENSMZEG00005009846	1	2
ENSMZEG00005009847	3	1
ENSMZEG00005009848	3	272
ENSMZEG00005009849	780	894
ENSMZEG00005009850	6	13
ENSMZEG00005009851	7	16
ENSMZEG00005009852	0	0
ENSMZEG00005009853	1007	2011
ENSMZEG00005009854	5	2
ENSMZEG00005009855	2119	4130
ENSMZEG00005009856	1	8
ENSMZEG00005009857	1	3
ENSMZEG00005009858	0	0
ENSMZEG00005009859	0	2
ENSMZEG00005009860	0	1
ENSMZEG00005009861	13	12
ENSMZEG00005009862	8	0
ENSMZEG00005009863	0	0
ENSMZEG00005009864	1	1
ENSMZEG00005009865	0	0
ENSMZEG00005009866	0	0
ENSMZEG00005009867	2	1
ENSMZEG00005009868	0	0
ENSMZEG00005009869	1	0
ENSMZEG00005009870	460	30
ENSMZEG00005009871	283	2599
ENSMZEG00005009872	856	869
ENSMZEG00005009873	142	175
ENSMZEG00005009874	1	0
ENSMZEG00005009875	11	32
ENSMZEG00005009876	17	2
ENSMZEG00005009877	5	11
ENSMZEG00005009878	1	0
ENSMZEG00005009879	15	17
ENSMZEG00005009880	1	0
ENSMZEG00005009881	16	10
ENSMZEG00005009882	0	0
ENSMZEG00005009883	0	0
ENSMZEG00005009884	0	0
ENSMZEG00005009885	1	1
ENSMZEG00005009886	0	0
ENSMZEG00005009887	0	0
ENSMZEG00005009888	0	0
ENSMZEG00005009889	0	0
ENSMZEG00005009890	66	34
ENSMZEG00005009891	8	0
ENSMZEG00005009892	0	0
ENSMZEG00005009893	0	0
ENSMZEG00005009894	7	8
ENSMZEG00005009895	1	4
ENSMZEG00005009896	0	1
ENSMZEG00005009897	0	0
ENSMZEG00005009898	0	2
ENSMZEG00005009899	0	0
ENSMZEG00005009900	0	0
ENSMZEG00005009901	0	0
ENSMZEG00005009902	17	5
ENSMZEG00005009903	0	0
ENSMZEG00005009904	0	2
ENSMZEG00005009905	2	6
ENSMZEG00005009906	0	0
ENSMZEG00005009907	0	0
ENSMZEG00005009908	0	0
ENSMZEG00005009909	1053	165
ENSMZEG00005009910	0	0
ENSMZEG00005009911	0	0
ENSMZEG00005009912	0	0
ENSMZEG00005009913	0	1
ENSMZEG00005009914	0	0
ENSMZEG00005009915	0	0
ENSMZEG00005009916	2	0
ENSMZEG00005009917	1	0
ENSMZEG00005009918	0	0
ENSMZEG00005009919	0	0
ENSMZEG00005009920	0	0
ENSMZEG00005009921	7	4
ENSMZEG00005009922	1	0
ENSMZEG00005009923	0	0
ENSMZEG00005009924	462	56
ENSMZEG00005009925	2	0
ENSMZEG00005009926	163	29
ENSMZEG00005009927	0	0
ENSMZEG00005009928	0	0
ENSMZEG00005009929	4	9
ENSMZEG00005009930	1	1
ENSMZEG00005009931	4	10
ENSMZEG00005009932	0	0
ENSMZEG00005009933	0	0
ENSMZEG00005009934	0	0
ENSMZEG00005009935	0	0
ENSMZEG00005009936	0	0
ENSMZEG00005009937	5	5
ENSMZEG00005009938	5	3
ENSMZEG00005009939	0	4
ENSMZEG00005009940	1	0
ENSMZEG00005009941	0	0
ENSMZEG00005009942	0	0
ENSMZEG00005009943	0	0
ENSMZEG00005009944	0	0
ENSMZEG00005009945	1	1
ENSMZEG00005009946	21	4
ENSMZEG00005009947	3	6
ENSMZEG00005009948	45	8
ENSMZEG00005009949	0	0
ENSMZEG00005009950	0	1
ENSMZEG00005009951	28	2
ENSMZEG00005009952	0	0
ENSMZEG00005009953	16	10
ENSMZEG00005009954	0	0
ENSMZEG00005009955	0	1
ENSMZEG00005009956	1	1
ENSMZEG00005009957	1	0
ENSMZEG00005009958	0	0
ENSMZEG00005009959	0	0
ENSMZEG00005009960	16	0
ENSMZEG00005009961	0	0
ENSMZEG00005009962	0	0
ENSMZEG00005009963	0	2
ENSMZEG00005009964	2	5
ENSMZEG00005009965	594	400
ENSMZEG00005009966	0	0
ENSMZEG00005009967	0	0
ENSMZEG00005009968	49	2
ENSMZEG00005009969	1	1
ENSMZEG00005009970	2	4
ENSMZEG00005009971	1	0
ENSMZEG00005009972	0	3
ENSMZEG00005009973	0	0
ENSMZEG00005009974	0	1
ENSMZEG00005009975	0	0
ENSMZEG00005009976	2	1
ENSMZEG00005009977	0	0
ENSMZEG00005009978	0	7
ENSMZEG00005009979	0	0
ENSMZEG00005009980	5888	6465
ENSMZEG00005009981	10	4
ENSMZEG00005009982	0	0
ENSMZEG00005009983	5	2
ENSMZEG00005009984	1	0
ENSMZEG00005009985	0	0
ENSMZEG00005009986	3	23
ENSMZEG00005009987	2	0
ENSMZEG00005009988	11	14
ENSMZEG00005009989	0	0
ENSMZEG00005009990	15	4
ENSMZEG00005009991	0	0
ENSMZEG00005009992	0	0
ENSMZEG00005009993	0	4
ENSMZEG00005009994	0	1
ENSMZEG00005009995	0	0
ENSMZEG00005009996	1514	1594
ENSMZEG00005009997	11	5
ENSMZEG00005009998	1	1
ENSMZEG00005009999	0	0
ENSMZEG00005010000	0	0
ENSMZEG00005010001	4	7
ENSMZEG00005010002	1	1
ENSMZEG00005010003	0	0
ENSMZEG00005010004	6	23
ENSMZEG00005010005	1	2
ENSMZEG00005010006	12	20
ENSMZEG00005010007	0	0
ENSMZEG00005010008	2	0
ENSMZEG00005010009	1	2
ENSMZEG00005010010	0	1
ENSMZEG00005010011	4	0
ENSMZEG00005010012	15	99
ENSMZEG00005010013	0	0
ENSMZEG00005010014	1	2
ENSMZEG00005010015	93	55
ENSMZEG00005010016	866	555
ENSMZEG00005010017	1	6
ENSMZEG00005010018	0	0
ENSMZEG00005010019	0	0
ENSMZEG00005010020	0	0
ENSMZEG00005010021	0	0
ENSMZEG00005010022	4	6
ENSMZEG00005010023	0	1
ENSMZEG00005010024	0	1
ENSMZEG00005010025	7	1
ENSMZEG00005010026	155	92
ENSMZEG00005010027	0	0
ENSMZEG00005010028	0	0
ENSMZEG00005010029	0	1
ENSMZEG00005010030	0	0
ENSMZEG00005010031	0	0
ENSMZEG00005010032	3	5
ENSMZEG00005010033	3	4
ENSMZEG00005010034	0	0
ENSMZEG00005010035	2	3
ENSMZEG00005010036	0	0
ENSMZEG00005010037	0	6
ENSMZEG00005010038	6	6
ENSMZEG00005010039	181	126
ENSMZEG00005010040	0	0
ENSMZEG00005010041	83	278
ENSMZEG00005010042	0	1
ENSMZEG00005010043	0	0
ENSMZEG00005010044	0	0
ENSMZEG00005010045	0	0
ENSMZEG00005010046	0	0
ENSMZEG00005010047	0	0
ENSMZEG00005010048	0	1
ENSMZEG00005010049	22	34
ENSMZEG00005010050	0	0
ENSMZEG00005010051	8	2
ENSMZEG00005010052	0	0
ENSMZEG00005010053	9	7
ENSMZEG00005010054	0	0
ENSMZEG00005010055	7	0
ENSMZEG00005010056	3	3
ENSMZEG00005010057	0	0
ENSMZEG00005010058	28	10
ENSMZEG00005010059	6	2
ENSMZEG00005010060	8	1
ENSMZEG00005010061	0	1
ENSMZEG00005010062	2	1
ENSMZEG00005010063	22	25
ENSMZEG00005010064	0	0
ENSMZEG00005010065	0	0
ENSMZEG00005010066	3	4
ENSMZEG00005010067	0	1
ENSMZEG00005010068	6	3
ENSMZEG00005010069	0	0
ENSMZEG00005010070	0	0
ENSMZEG00005010071	0	0
ENSMZEG00005010072	20	18
ENSMZEG00005010073	8	16
ENSMZEG00005010074	12	7
ENSMZEG00005010075	6	0
ENSMZEG00005010076	0	0
ENSMZEG00005010077	6	2
ENSMZEG00005010078	3	0
ENSMZEG00005010079	2	0
ENSMZEG00005010080	0	0
ENSMZEG00005010081	0	0
ENSMZEG00005010082	0	0
ENSMZEG00005010083	5	39
ENSMZEG00005010084	0	0
ENSMZEG00005010085	1	0
ENSMZEG00005010086	19	14
ENSMZEG00005010087	20	3
ENSMZEG00005010088	0	1
ENSMZEG00005010089	0	0
ENSMZEG00005010090	0	0
ENSMZEG00005010091	0	3
ENSMZEG00005010092	0	4
ENSMZEG00005010093	3	0
ENSMZEG00005010094	0	0
ENSMZEG00005010095	0	3
ENSMZEG00005010096	0	0
ENSMZEG00005010097	0	0
ENSMZEG00005010098	0	0
ENSMZEG00005010099	2	1
ENSMZEG00005010100	0	0
ENSMZEG00005010101	0	8
ENSMZEG00005010102	0	0
ENSMZEG00005010103	1	0
ENSMZEG00005010104	0	0
ENSMZEG00005010105	0	0
ENSMZEG00005010106	0	0
ENSMZEG00005010107	8	1
ENSMZEG00005010108	0	0
ENSMZEG00005010109	1	2
ENSMZEG00005010110	0	0
ENSMZEG00005010111	0	0
ENSMZEG00005010112	2	1
ENSMZEG00005010113	2	2
ENSMZEG00005010114	0	0
ENSMZEG00005010115	0	0
ENSMZEG00005010116	1	4
ENSMZEG00005010117	3	1
ENSMZEG00005010118	18	72
ENSMZEG00005010119	0	0
ENSMZEG00005010120	103	48
ENSMZEG00005010121	0	0
ENSMZEG00005010122	0	0
ENSMZEG00005010123	0	0
ENSMZEG00005010124	8	4
ENSMZEG00005010125	7	9
ENSMZEG00005010126	5	12
ENSMZEG00005010127	5	0
ENSMZEG00005010128	0	0
ENSMZEG00005010129	11	0
ENSMZEG00005010130	4	7
ENSMZEG00005010131	14	2
ENSMZEG00005010132	2	24
ENSMZEG00005010133	0	4
ENSMZEG00005010134	1	5
ENSMZEG00005010135	3	3
ENSMZEG00005010136	0	0
ENSMZEG00005010137	3	1
ENSMZEG00005010138	0	0
ENSMZEG00005010139	16	22
ENSMZEG00005010140	0	1
ENSMZEG00005010141	5	0
ENSMZEG00005010142	0	0
ENSMZEG00005010143	0	0
ENSMZEG00005010144	0	0
ENSMZEG00005010145	0	0
ENSMZEG00005010146	2	1
ENSMZEG00005010147	0	0
ENSMZEG00005010148	4	1
ENSMZEG00005010149	0	0
ENSMZEG00005010150	0	0
ENSMZEG00005010151	3	0
ENSMZEG00005010152	1	2
ENSMZEG00005010153	0	0
ENSMZEG00005010154	1	0
ENSMZEG00005010155	8	7
ENSMZEG00005010156	0	0
ENSMZEG00005010157	4	1
ENSMZEG00005010158	0	0
ENSMZEG00005010159	2	0
ENSMZEG00005010160	21	6
ENSMZEG00005010161	0	0
ENSMZEG00005010162	3	6
ENSMZEG00005010163	0	0
ENSMZEG00005010164	0	0
ENSMZEG00005010165	24	679
ENSMZEG00005010166	0	0
ENSMZEG00005010167	0	0
ENSMZEG00005010168	0	0
ENSMZEG00005010169	0	0
ENSMZEG00005010170	0	0
ENSMZEG00005010171	0	0
ENSMZEG00005010172	0	0
ENSMZEG00005010173	0	0
ENSMZEG00005010174	0	0
ENSMZEG00005010175	1	0
ENSMZEG00005010176	0	5
ENSMZEG00005010177	0	0
ENSMZEG00005010178	0	0
ENSMZEG00005010179	2	0
ENSMZEG00005010180	3	9
ENSMZEG00005010181	9	7
ENSMZEG00005010182	48	16
ENSMZEG00005010183	0	0
ENSMZEG00005010184	0	0
ENSMZEG00005010185	0	0
ENSMZEG00005010186	2	8
ENSMZEG00005010187	0	0
ENSMZEG00005010188	0	3
ENSMZEG00005010189	0	0
ENSMZEG00005010190	5	15
ENSMZEG00005010191	0	0
ENSMZEG00005010192	0	0
ENSMZEG00005010193	0	0
ENSMZEG00005010194	3	3
ENSMZEG00005010195	2	0
ENSMZEG00005010196	1	4
ENSMZEG00005010197	0	0
ENSMZEG00005010198	1	0
ENSMZEG00005010199	7	7
ENSMZEG00005010200	0	0
ENSMZEG00005010201	0	0
ENSMZEG00005010202	9	87
ENSMZEG00005010203	0	0
ENSMZEG00005010204	0	0
ENSMZEG00005010205	0	0
ENSMZEG00005010206	0	0
ENSMZEG00005010207	0	1
ENSMZEG00005010208	0	0
ENSMZEG00005010209	0	0
ENSMZEG00005010210	0	0
ENSMZEG00005010211	0	0
ENSMZEG00005010212	2	0
ENSMZEG00005010213	1	0
ENSMZEG00005010214	0	0
ENSMZEG00005010215	0	0
ENSMZEG00005010216	0	0
ENSMZEG00005010217	0	0
ENSMZEG00005010218	0	0
ENSMZEG00005010219	4	0
ENSMZEG00005010220	1566	1434
ENSMZEG00005010221	0	0
ENSMZEG00005010222	0	0
ENSMZEG00005010223	0	0
ENSMZEG00005010224	1	13
ENSMZEG00005010225	2	2
ENSMZEG00005010226	1769	1470
ENSMZEG00005010227	0	0
ENSMZEG00005010228	1172	2002
ENSMZEG00005010229	0	0
ENSMZEG00005010230	0	2
ENSMZEG00005010231	0	0
ENSMZEG00005010232	1	3
ENSMZEG00005010233	0	0
ENSMZEG00005010234	0	0
ENSMZEG00005010235	2	0
ENSMZEG00005010236	2	0
ENSMZEG00005010237	0	0
ENSMZEG00005010238	234	123
ENSMZEG00005010239	0	0
ENSMZEG00005010240	0	0
ENSMZEG00005010241	0	1
ENSMZEG00005010242	0	0
ENSMZEG00005010243	0	0
ENSMZEG00005010244	1	3
ENSMZEG00005010245	0	0
ENSMZEG00005010246	0	0
ENSMZEG00005010247	0	0
ENSMZEG00005010248	0	0
ENSMZEG00005010249	0	0
ENSMZEG00005010250	0	0
ENSMZEG00005010251	0	0
ENSMZEG00005010252	0	0
ENSMZEG00005010253	2	1
ENSMZEG00005010254	0	0
ENSMZEG00005010255	0	0
ENSMZEG00005010256	0	7
ENSMZEG00005010257	0	0
ENSMZEG00005010258	4	149
ENSMZEG00005010259	0	0
ENSMZEG00005010260	305	178
ENSMZEG00005010261	0	3
ENSMZEG00005010262	0	0
ENSMZEG00005010263	0	0
ENSMZEG00005010264	7	5
ENSMZEG00005010265	4	13
ENSMZEG00005010266	1	0
ENSMZEG00005010267	0	0
ENSMZEG00005010268	0	0
ENSMZEG00005010269	8	3
ENSMZEG00005010270	0	0
ENSMZEG00005010271	1	1
ENSMZEG00005010272	1	0
ENSMZEG00005010273	1	0
ENSMZEG00005010274	0	0
ENSMZEG00005010275	0	0
ENSMZEG00005010276	6	0
ENSMZEG00005010277	1	0
ENSMZEG00005010278	6	8
ENSMZEG00005010279	0	0
ENSMZEG00005010280	0	0
ENSMZEG00005010281	0	0
ENSMZEG00005010282	0	0
ENSMZEG00005010283	0	0
ENSMZEG00005010284	3	0
ENSMZEG00005010285	58	5
ENSMZEG00005010286	0	0
ENSMZEG00005010287	0	2
ENSMZEG00005010288	3	1
ENSMZEG00005010289	3	6
ENSMZEG00005010290	4	8
ENSMZEG00005010291	0	0
ENSMZEG00005010292	3	5
ENSMZEG00005010293	0	0
ENSMZEG00005010294	3	1
ENSMZEG00005010295	0	0
ENSMZEG00005010296	2	0
ENSMZEG00005010297	0	0
ENSMZEG00005010298	4	30
ENSMZEG00005010299	2	1
ENSMZEG00005010300	0	9
ENSMZEG00005010301	10	0
ENSMZEG00005010302	202	1925
ENSMZEG00005010303	0	0
ENSMZEG00005010304	0	0
ENSMZEG00005010305	8	13
ENSMZEG00005010306	0	0
ENSMZEG00005010307	1	0
ENSMZEG00005010308	0	0
ENSMZEG00005010309	1	2
ENSMZEG00005010310	0	2
ENSMZEG00005010311	0	0
ENSMZEG00005010312	3	11
ENSMZEG00005010313	2	1
ENSMZEG00005010314	0	0
ENSMZEG00005010315	0	0
ENSMZEG00005010316	0	3
ENSMZEG00005010317	0	0
ENSMZEG00005010318	0	0
ENSMZEG00005010319	5	2
ENSMZEG00005010320	1	0
ENSMZEG00005010321	2	0
ENSMZEG00005010322	0	0
ENSMZEG00005010323	263	118
ENSMZEG00005010324	0	0
ENSMZEG00005010325	2	0
ENSMZEG00005010326	0	0
ENSMZEG00005010327	3	0
ENSMZEG00005010328	5	4
ENSMZEG00005010329	0	0
ENSMZEG00005010330	0	0
ENSMZEG00005010331	0	2
ENSMZEG00005010332	0	1
ENSMZEG00005010333	0	0
ENSMZEG00005010334	467	2295
ENSMZEG00005010335	1	0
ENSMZEG00005010336	0	0
ENSMZEG00005010337	6	7
ENSMZEG00005010338	1	1
ENSMZEG00005010339	1	0
ENSMZEG00005010340	2	6
ENSMZEG00005010341	5	0
ENSMZEG00005010342	0	0
ENSMZEG00005010343	1	1
ENSMZEG00005010344	5	2
ENSMZEG00005010345	1	0
ENSMZEG00005010346	3	1
ENSMZEG00005010347	1	4
ENSMZEG00005010348	1	1
ENSMZEG00005010349	0	0
ENSMZEG00005010350	0	0
ENSMZEG00005010351	0	0
ENSMZEG00005010352	0	0
ENSMZEG00005010353	0	0
ENSMZEG00005010354	10	4
ENSMZEG00005010355	0	0
ENSMZEG00005010356	0	0
ENSMZEG00005010357	1	0
ENSMZEG00005010358	0	0
ENSMZEG00005010359	0	0
ENSMZEG00005010360	0	0
ENSMZEG00005010361	2	2
ENSMZEG00005010362	0	0
ENSMZEG00005010363	0	0
ENSMZEG00005010364	0	0
ENSMZEG00005010365	0	0
ENSMZEG00005010366	0	0
ENSMZEG00005010367	0	0
ENSMZEG00005010368	31	4
ENSMZEG00005010369	39	28
ENSMZEG00005010370	7	1
ENSMZEG00005010371	0	0
ENSMZEG00005010372	0	0
ENSMZEG00005010373	0	0
ENSMZEG00005010374	1	0
ENSMZEG00005010375	1	1
ENSMZEG00005010376	1	1
ENSMZEG00005010377	3	0
ENSMZEG00005010378	4	3
ENSMZEG00005010379	0	0
ENSMZEG00005010380	0	0
ENSMZEG00005010381	1	2
ENSMZEG00005010382	0	0
ENSMZEG00005010383	0	0
ENSMZEG00005010384	292	93
ENSMZEG00005010385	7	2
ENSMZEG00005010386	1	0
ENSMZEG00005010387	5	10
ENSMZEG00005010388	0	0
ENSMZEG00005010389	1	0
ENSMZEG00005010390	0	0
ENSMZEG00005010391	15	3
ENSMZEG00005010392	129	69
ENSMZEG00005010393	204	156
ENSMZEG00005010394	1	3
ENSMZEG00005010395	34	11
ENSMZEG00005010396	0	0
ENSMZEG00005010397	9	1
ENSMZEG00005010398	0	0
ENSMZEG00005010399	13	23
ENSMZEG00005010400	16	14
ENSMZEG00005010401	83	207
ENSMZEG00005010402	11	0
ENSMZEG00005010403	0	0
ENSMZEG00005010404	0	5
ENSMZEG00005010405	0	0
ENSMZEG00005010406	0	0
ENSMZEG00005010407	10	4
ENSMZEG00005010408	1	0
ENSMZEG00005010409	0	0
ENSMZEG00005010410	7	59
ENSMZEG00005010411	6	2
ENSMZEG00005010412	397	426
ENSMZEG00005010413	0	1
ENSMZEG00005010414	0	6
ENSMZEG00005010415	0	0
ENSMZEG00005010416	0	0
ENSMZEG00005010417	23	10
ENSMZEG00005010418	2	1
ENSMZEG00005010419	2	2
ENSMZEG00005010420	0	3
ENSMZEG00005010421	1	0
ENSMZEG00005010422	30	49
ENSMZEG00005010423	0	1
ENSMZEG00005010424	4	0
ENSMZEG00005010425	7	177
ENSMZEG00005010426	3	2
ENSMZEG00005010427	0	0
ENSMZEG00005010428	11	5
ENSMZEG00005010429	2	3
ENSMZEG00005010430	0	1
ENSMZEG00005010431	0	2
ENSMZEG00005010432	1	3
ENSMZEG00005010433	14	3
ENSMZEG00005010434	0	0
ENSMZEG00005010435	0	2
ENSMZEG00005010436	0	0
ENSMZEG00005010437	4	1
ENSMZEG00005010438	27	93
ENSMZEG00005010439	0	0
ENSMZEG00005010440	18	11
ENSMZEG00005010441	6	3
ENSMZEG00005010442	0	0
ENSMZEG00005010443	0	1
ENSMZEG00005010444	0	0
ENSMZEG00005010445	8	5
ENSMZEG00005010446	1	0
ENSMZEG00005010447	5	3
ENSMZEG00005010448	0	0
ENSMZEG00005010449	0	0
ENSMZEG00005010450	0	0
ENSMZEG00005010451	9	0
ENSMZEG00005010452	0	0
ENSMZEG00005010453	0	0
ENSMZEG00005010454	0	0
ENSMZEG00005010455	3	3
ENSMZEG00005010456	7	9
ENSMZEG00005010457	0	1
ENSMZEG00005010458	4	7
ENSMZEG00005010459	0	0
ENSMZEG00005010460	1	1
ENSMZEG00005010461	0	1
ENSMZEG00005010462	54	51
ENSMZEG00005010463	0	0
ENSMZEG00005010464	0	1
ENSMZEG00005010465	0	0
ENSMZEG00005010466	0	0
ENSMZEG00005010467	0	0
ENSMZEG00005010468	3	3
ENSMZEG00005010469	0	2
ENSMZEG00005010470	1	1
ENSMZEG00005010471	3	3
ENSMZEG00005010472	0	0
ENSMZEG00005010473	0	0
ENSMZEG00005010474	369	428
ENSMZEG00005010475	28	6
ENSMZEG00005010476	0	0
ENSMZEG00005010477	4	2
ENSMZEG00005010478	0	0
ENSMZEG00005010479	0	0
ENSMZEG00005010480	0	0
ENSMZEG00005010481	0	1
ENSMZEG00005010482	0	0
ENSMZEG00005010483	2	0
ENSMZEG00005010484	0	0
ENSMZEG00005010485	4	3
ENSMZEG00005010486	10	74
ENSMZEG00005010487	0	8
ENSMZEG00005010488	0	0
ENSMZEG00005010489	0	1
ENSMZEG00005010490	82	91
ENSMZEG00005010491	3	2
ENSMZEG00005010492	2	0
ENSMZEG00005010493	0	0
ENSMZEG00005010494	3	3
ENSMZEG00005010495	1	0
ENSMZEG00005010496	2	5
ENSMZEG00005010497	0	0
ENSMZEG00005010498	0	0
ENSMZEG00005010499	6	1
ENSMZEG00005010500	0	0
ENSMZEG00005010501	353	816
ENSMZEG00005010502	3	9
ENSMZEG00005010503	15	9
ENSMZEG00005010504	0	0
ENSMZEG00005010505	342	421
ENSMZEG00005010506	8	11
ENSMZEG00005010507	1480	1219
ENSMZEG00005010508	0	1
ENSMZEG00005010509	66	5
ENSMZEG00005010510	17	22
ENSMZEG00005010511	0	4
ENSMZEG00005010512	1	2
ENSMZEG00005010513	9	4
ENSMZEG00005010514	0	0
ENSMZEG00005010515	291	551
ENSMZEG00005010516	1302	259
ENSMZEG00005010517	0	0
ENSMZEG00005010518	1	4
ENSMZEG00005010519	0	2
ENSMZEG00005010520	0	0
ENSMZEG00005010521	0	1
ENSMZEG00005010522	0	2
ENSMZEG00005010523	154	80
ENSMZEG00005010524	2	0
ENSMZEG00005010525	4	8
ENSMZEG00005010526	3	0
ENSMZEG00005010527	57	7
ENSMZEG00005010528	0	1
ENSMZEG00005010529	0	0
ENSMZEG00005010530	0	2
ENSMZEG00005010531	0	0
ENSMZEG00005010532	24	594
ENSMZEG00005010533	280	172
ENSMZEG00005010534	2	0
ENSMZEG00005010535	0	0
ENSMZEG00005010536	1	1
ENSMZEG00005010537	7	4
ENSMZEG00005010538	0	0
ENSMZEG00005010539	2	4
ENSMZEG00005010540	0	0
ENSMZEG00005010541	3	0
ENSMZEG00005010542	0	0
ENSMZEG00005010543	2	1
ENSMZEG00005010544	0	1
ENSMZEG00005010545	29	129
ENSMZEG00005010546	0	0
ENSMZEG00005010547	0	0
ENSMZEG00005010548	0	0
ENSMZEG00005010549	0	0
ENSMZEG00005010550	8	2
ENSMZEG00005010551	0	1
ENSMZEG00005010552	0	0
ENSMZEG00005010553	0	0
ENSMZEG00005010554	0	0
ENSMZEG00005010555	18	2
ENSMZEG00005010556	0	0
ENSMZEG00005010557	7	11
ENSMZEG00005010558	3	0
ENSMZEG00005010559	1	0
ENSMZEG00005010560	0	1
ENSMZEG00005010561	0	0
ENSMZEG00005010562	16	24
ENSMZEG00005010563	0	0
ENSMZEG00005010564	3	1
ENSMZEG00005010565	4	1
ENSMZEG00005010566	11	25
ENSMZEG00005010567	2	6
ENSMZEG00005010568	0	0
ENSMZEG00005010569	43	5
ENSMZEG00005010570	0	0
ENSMZEG00005010571	0	3
ENSMZEG00005010572	2	0
ENSMZEG00005010573	0	0
ENSMZEG00005010574	0	2
ENSMZEG00005010575	0	0
ENSMZEG00005010576	0	1
ENSMZEG00005010577	0	0
ENSMZEG00005010578	0	0
ENSMZEG00005010579	2	0
ENSMZEG00005010580	0	0
ENSMZEG00005010581	0	0
ENSMZEG00005010582	0	0
ENSMZEG00005010583	1	6
ENSMZEG00005010584	0	2
ENSMZEG00005010585	0	0
ENSMZEG00005010586	0	0
ENSMZEG00005010587	1	16
ENSMZEG00005010588	0	0
ENSMZEG00005010589	0	0
ENSMZEG00005010590	0	1
ENSMZEG00005010591	0	1
ENSMZEG00005010592	0	0
ENSMZEG00005010593	0	0
ENSMZEG00005010594	7	2
ENSMZEG00005010595	0	0
ENSMZEG00005010596	0	0
ENSMZEG00005010597	1	0
ENSMZEG00005010598	2	8
ENSMZEG00005010599	4	0
ENSMZEG00005010600	1	0
ENSMZEG00005010601	0	0
ENSMZEG00005010602	3	2
ENSMZEG00005010603	0	0
ENSMZEG00005010604	2	2
ENSMZEG00005010605	0	0
ENSMZEG00005010606	1	0
ENSMZEG00005010607	0	0
ENSMZEG00005010608	0	0
ENSMZEG00005010609	0	0
ENSMZEG00005010610	5	6
ENSMZEG00005010611	38	11
ENSMZEG00005010612	3	1
ENSMZEG00005010613	2	24
ENSMZEG00005010614	0	0
ENSMZEG00005010615	1	1
ENSMZEG00005010616	0	0
ENSMZEG00005010617	5	2
ENSMZEG00005010618	3	0
ENSMZEG00005010619	0	0
ENSMZEG00005010620	2	2
ENSMZEG00005010621	0	0
ENSMZEG00005010622	1	1
ENSMZEG00005010623	2	0
ENSMZEG00005010624	1	0
ENSMZEG00005010625	26	144
ENSMZEG00005010626	45	0
ENSMZEG00005010627	21	3
ENSMZEG00005010628	9	1
ENSMZEG00005010629	972	861
ENSMZEG00005010630	19	1
ENSMZEG00005010631	0	0
ENSMZEG00005010632	0	0
ENSMZEG00005010633	1	1
ENSMZEG00005010634	0	0
ENSMZEG00005010635	2	2
ENSMZEG00005010636	0	2
ENSMZEG00005010637	1	0
ENSMZEG00005010638	3	10
ENSMZEG00005010639	4	1
ENSMZEG00005010640	2	0
ENSMZEG00005010641	0	0
ENSMZEG00005010642	0	0
ENSMZEG00005010643	0	5
ENSMZEG00005010644	7	0
ENSMZEG00005010645	1	3
ENSMZEG00005010646	18	17
ENSMZEG00005010647	0	0
ENSMZEG00005010648	3	26
ENSMZEG00005010649	0	0
ENSMZEG00005010650	0	0
ENSMZEG00005010651	39	0
ENSMZEG00005010652	9	1
ENSMZEG00005010653	12	0
ENSMZEG00005010654	0	0
ENSMZEG00005010655	0	0
ENSMZEG00005010656	0	6
ENSMZEG00005010657	57	257
ENSMZEG00005010658	0	0
ENSMZEG00005010659	0	0
ENSMZEG00005010660	2	0
ENSMZEG00005010661	8	16
ENSMZEG00005010662	0	0
ENSMZEG00005010663	0	3
ENSMZEG00005010664	2	4
ENSMZEG00005010665	2	6
ENSMZEG00005010666	4	1
ENSMZEG00005010667	14	5
ENSMZEG00005010668	0	2
ENSMZEG00005010669	0	0
ENSMZEG00005010670	0	0
ENSMZEG00005010671	0	2
ENSMZEG00005010672	0	0
ENSMZEG00005010673	0	0
ENSMZEG00005010674	22	229
ENSMZEG00005010675	0	0
ENSMZEG00005010676	0	0
ENSMZEG00005010677	1	6
ENSMZEG00005010678	2	1
ENSMZEG00005010679	0	0
ENSMZEG00005010680	0	4
ENSMZEG00005010681	2	12
ENSMZEG00005010682	5	1
ENSMZEG00005010683	0	0
ENSMZEG00005010684	0	0
ENSMZEG00005010685	19	59
ENSMZEG00005010686	0	0
ENSMZEG00005010687	0	0
ENSMZEG00005010688	1	0
ENSMZEG00005010689	2	5
ENSMZEG00005010690	0	2
ENSMZEG00005010691	0	0
ENSMZEG00005010692	2	7
ENSMZEG00005010693	0	0
ENSMZEG00005010694	2	1
ENSMZEG00005010695	0	0
ENSMZEG00005010696	190	189
ENSMZEG00005010697	0	0
ENSMZEG00005010698	0	0
ENSMZEG00005010699	7	5
ENSMZEG00005010700	1181	14973
ENSMZEG00005010701	0	0
ENSMZEG00005010702	0	0
ENSMZEG00005010703	0	0
ENSMZEG00005010704	2	82
ENSMZEG00005010705	2	8
ENSMZEG00005010706	8	4
ENSMZEG00005010707	1	6
ENSMZEG00005010708	4	2
ENSMZEG00005010709	338	329
ENSMZEG00005010710	0	2
ENSMZEG00005010711	1	2
ENSMZEG00005010712	0	1
ENSMZEG00005010713	2	2
ENSMZEG00005010714	0	0
ENSMZEG00005010715	2	0
ENSMZEG00005010716	13	5
ENSMZEG00005010717	4	24
ENSMZEG00005010718	0	0
ENSMZEG00005010719	0	0
ENSMZEG00005010720	4	14
ENSMZEG00005010721	4	1
ENSMZEG00005010722	4	13
ENSMZEG00005010723	0	0
ENSMZEG00005010724	0	0
ENSMZEG00005010725	1	1
ENSMZEG00005010726	7	10
ENSMZEG00005010727	29	3
ENSMZEG00005010728	0	0
ENSMZEG00005010729	1	0
ENSMZEG00005010730	0	0
ENSMZEG00005010731	0	0
ENSMZEG00005010732	0	5
ENSMZEG00005010733	9	10
ENSMZEG00005010734	2	4
ENSMZEG00005010735	0	0
ENSMZEG00005010736	0	0
ENSMZEG00005010737	13	10
ENSMZEG00005010738	11	0
ENSMZEG00005010739	0	0
ENSMZEG00005010740	0	0
ENSMZEG00005010741	3	10
ENSMZEG00005010742	0	0
ENSMZEG00005010743	1	0
ENSMZEG00005010744	0	0
ENSMZEG00005010745	0	0
ENSMZEG00005010746	0	3
ENSMZEG00005010747	0	0
ENSMZEG00005010748	0	0
ENSMZEG00005010749	4	4
ENSMZEG00005010750	3	6
ENSMZEG00005010751	5	0
ENSMZEG00005010752	0	0
ENSMZEG00005010753	0	0
ENSMZEG00005010754	0	0
ENSMZEG00005010755	9	22
ENSMZEG00005010756	2	1
ENSMZEG00005010757	0	0
ENSMZEG00005010758	0	0
ENSMZEG00005010759	0	0
ENSMZEG00005010760	9	3
ENSMZEG00005010761	0	0
ENSMZEG00005010762	3	0
ENSMZEG00005010763	0	1
ENSMZEG00005010764	1	1
ENSMZEG00005010765	0	0
ENSMZEG00005010766	14	7
ENSMZEG00005010767	240	331
ENSMZEG00005010768	3	0
ENSMZEG00005010769	6	22
ENSMZEG00005010770	0	0
ENSMZEG00005010771	47	1223
ENSMZEG00005010772	45	27
ENSMZEG00005010773	0	0
ENSMZEG00005010774	0	7
ENSMZEG00005010775	1727	2963
ENSMZEG00005010776	7	6
ENSMZEG00005010777	2	1
ENSMZEG00005010778	16	103
ENSMZEG00005010779	0	0
ENSMZEG00005010780	0	0
ENSMZEG00005010781	0	0
ENSMZEG00005010782	0	0
ENSMZEG00005010783	0	0
ENSMZEG00005010784	22	7
ENSMZEG00005010785	0	1
ENSMZEG00005010786	0	1
ENSMZEG00005010787	6	10
ENSMZEG00005010788	2	7
ENSMZEG00005010789	0	0
ENSMZEG00005010790	1	1
ENSMZEG00005010791	0	0
ENSMZEG00005010792	0	0
ENSMZEG00005010793	0	0
ENSMZEG00005010794	0	0
ENSMZEG00005010795	1	3
ENSMZEG00005010796	4	3
ENSMZEG00005010797	0	0
ENSMZEG00005010798	8	33
ENSMZEG00005010799	9	6
ENSMZEG00005010800	18	1
ENSMZEG00005010801	4	6
ENSMZEG00005010802	0	3
ENSMZEG00005010803	0	2
ENSMZEG00005010804	102	393
ENSMZEG00005010805	46	47
ENSMZEG00005010806	4	2
ENSMZEG00005010807	0	2
ENSMZEG00005010808	1	0
ENSMZEG00005010809	3	4
ENSMZEG00005010810	0	1
ENSMZEG00005010811	0	0
ENSMZEG00005010812	2311	2865
ENSMZEG00005010813	16	1
ENSMZEG00005010814	1	4
ENSMZEG00005010815	1	0
ENSMZEG00005010816	0	0
ENSMZEG00005010817	3	2
ENSMZEG00005010818	0	3
ENSMZEG00005010819	2	1
ENSMZEG00005010820	6	2
ENSMZEG00005010821	0	0
ENSMZEG00005010822	6	0
ENSMZEG00005010823	30	8
ENSMZEG00005010824	2	1
ENSMZEG00005010825	0	2
ENSMZEG00005010826	5	16
ENSMZEG00005010827	9	28
ENSMZEG00005010828	3	2
ENSMZEG00005010829	44	20
ENSMZEG00005010830	10	14
ENSMZEG00005010831	0	0
ENSMZEG00005010832	16	208
ENSMZEG00005010833	0	0
ENSMZEG00005010834	0	0
ENSMZEG00005010835	1	0
ENSMZEG00005010836	0	0
ENSMZEG00005010837	0	0
ENSMZEG00005010838	323	540
ENSMZEG00005010839	4	9
ENSMZEG00005010840	2	4
ENSMZEG00005010841	9	2
ENSMZEG00005010842	0	0
ENSMZEG00005010843	0	0
ENSMZEG00005010844	0	0
ENSMZEG00005010845	0	0
ENSMZEG00005010846	0	2
ENSMZEG00005010847	0	1
ENSMZEG00005010848	3	1
ENSMZEG00005010849	9	2
ENSMZEG00005010850	0	0
ENSMZEG00005010851	40	66
ENSMZEG00005010852	0	0
ENSMZEG00005010853	0	1
ENSMZEG00005010854	0	2
ENSMZEG00005010855	0	12
ENSMZEG00005010856	27	4
ENSMZEG00005010857	5	4
ENSMZEG00005010858	0	0
ENSMZEG00005010859	26	70
ENSMZEG00005010860	1	1
ENSMZEG00005010861	0	0
ENSMZEG00005010862	0	0
ENSMZEG00005010863	5	4
ENSMZEG00005010864	0	0
ENSMZEG00005010865	0	0
ENSMZEG00005010866	0	2
ENSMZEG00005010867	0	0
ENSMZEG00005010868	0	1
ENSMZEG00005010869	1	0
ENSMZEG00005010870	1	0
ENSMZEG00005010871	0	0
ENSMZEG00005010872	1	0
ENSMZEG00005010873	9	1
ENSMZEG00005010874	60	72
ENSMZEG00005010875	1	4
ENSMZEG00005010876	0	3
ENSMZEG00005010877	0	0
ENSMZEG00005010878	8	8
ENSMZEG00005010879	0	7
ENSMZEG00005010880	18	1
ENSMZEG00005010881	1	0
ENSMZEG00005010882	0	0
ENSMZEG00005010883	0	13
ENSMZEG00005010884	0	0
ENSMZEG00005010885	4	0
ENSMZEG00005010886	1	0
ENSMZEG00005010887	0	1
ENSMZEG00005010888	0	2
ENSMZEG00005010889	57	60
ENSMZEG00005010890	0	0
ENSMZEG00005010891	0	5
ENSMZEG00005010892	1	6
ENSMZEG00005010893	0	0
ENSMZEG00005010894	13	1
ENSMZEG00005010895	0	0
ENSMZEG00005010896	0	0
ENSMZEG00005010897	0	0
ENSMZEG00005010898	3	5
ENSMZEG00005010899	2	5
ENSMZEG00005010900	0	0
ENSMZEG00005010901	1	3
ENSMZEG00005010902	0	0
ENSMZEG00005010903	721	427
ENSMZEG00005010904	0	0
ENSMZEG00005010905	1	9
ENSMZEG00005010906	0	0
ENSMZEG00005010907	0	0
ENSMZEG00005010908	0	3
ENSMZEG00005010909	0	6
ENSMZEG00005010910	0	0
ENSMZEG00005010911	12	3
ENSMZEG00005010912	2	39
ENSMZEG00005010913	4	3
ENSMZEG00005010914	2	1
ENSMZEG00005010915	0	13
ENSMZEG00005010916	0	1
ENSMZEG00005010917	0	0
ENSMZEG00005010918	21	0
ENSMZEG00005010919	1	0
ENSMZEG00005010920	3	2
ENSMZEG00005010921	472	284
ENSMZEG00005010922	0	0
ENSMZEG00005010923	4	2
ENSMZEG00005010924	0	0
ENSMZEG00005010925	3	3
ENSMZEG00005010926	0	0
ENSMZEG00005010927	400	319
ENSMZEG00005010928	0	0
ENSMZEG00005010929	28	39
ENSMZEG00005010930	0	0
ENSMZEG00005010931	0	0
ENSMZEG00005010932	2	1
ENSMZEG00005010933	0	0
ENSMZEG00005010934	1	0
ENSMZEG00005010935	2988	971
ENSMZEG00005010936	2	2
ENSMZEG00005010937	0	0
ENSMZEG00005010938	1	4
ENSMZEG00005010939	17	18
ENSMZEG00005010940	1188	113
ENSMZEG00005010941	0	0
ENSMZEG00005010942	6	28
ENSMZEG00005010943	4	0
ENSMZEG00005010944	32	0
ENSMZEG00005010945	1	0
ENSMZEG00005010946	1	0
ENSMZEG00005010947	18	3
ENSMZEG00005010948	88	188
ENSMZEG00005010949	2	2
ENSMZEG00005010950	55	49
ENSMZEG00005010951	1	1
ENSMZEG00005010952	75	382
ENSMZEG00005010953	0	0
ENSMZEG00005010954	11	0
ENSMZEG00005010955	2040	1856
ENSMZEG00005010956	12	7
ENSMZEG00005010957	1	7
ENSMZEG00005010958	1	2
ENSMZEG00005010959	3	0
ENSMZEG00005010960	0	0
ENSMZEG00005010961	0	4
ENSMZEG00005010962	2	0
ENSMZEG00005010963	3	1
ENSMZEG00005010964	112	208
ENSMZEG00005010965	6	5
ENSMZEG00005010966	1	0
ENSMZEG00005010967	0	0
ENSMZEG00005010968	24	12
ENSMZEG00005010969	1	1
ENSMZEG00005010970	0	0
ENSMZEG00005010971	6	4
ENSMZEG00005010972	4	4
ENSMZEG00005010973	0	2
ENSMZEG00005010974	1	2
ENSMZEG00005010975	5	2
ENSMZEG00005010976	0	1
ENSMZEG00005010977	1	4
ENSMZEG00005010978	0	1
ENSMZEG00005010979	73	29
ENSMZEG00005010980	14	13
ENSMZEG00005010981	0	1
ENSMZEG00005010982	6	2
ENSMZEG00005010983	284	152
ENSMZEG00005010984	1	3
ENSMZEG00005010985	2	4
ENSMZEG00005010986	1	0
ENSMZEG00005010987	175	1007
ENSMZEG00005010988	3	3
ENSMZEG00005010989	0	2
ENSMZEG00005010990	3	5
ENSMZEG00005010991	0	0
ENSMZEG00005010992	1	4
ENSMZEG00005010993	6	1
ENSMZEG00005010994	0	0
ENSMZEG00005010995	19	6
ENSMZEG00005010996	144	17
ENSMZEG00005010997	8	16
ENSMZEG00005010998	0	0
ENSMZEG00005010999	28	3
ENSMZEG00005011000	3	14
ENSMZEG00005011001	0	0
ENSMZEG00005011002	0	0
ENSMZEG00005011003	0	3
ENSMZEG00005011004	13	2
ENSMZEG00005011005	4	3
ENSMZEG00005011006	0	0
ENSMZEG00005011007	0	0
ENSMZEG00005011008	0	2
ENSMZEG00005011009	1	0
ENSMZEG00005011010	3	1
ENSMZEG00005011011	0	0
ENSMZEG00005011012	6	0
ENSMZEG00005011013	8	6
ENSMZEG00005011014	1	0
ENSMZEG00005011015	0	0
ENSMZEG00005011016	0	0
ENSMZEG00005011017	0	1
ENSMZEG00005011018	1	2
ENSMZEG00005011019	0	0
ENSMZEG00005011020	0	11
ENSMZEG00005011021	0	2
ENSMZEG00005011022	6	2
ENSMZEG00005011023	1	3
ENSMZEG00005011024	2	1
ENSMZEG00005011025	0	0
ENSMZEG00005011026	0	0
ENSMZEG00005011027	4	1
ENSMZEG00005011028	1	0
ENSMZEG00005011029	0	0
ENSMZEG00005011030	5	17
ENSMZEG00005011031	33	13
ENSMZEG00005011032	525	244
ENSMZEG00005011033	1	1
ENSMZEG00005011034	0	11
ENSMZEG00005011035	2	0
ENSMZEG00005011036	0	0
ENSMZEG00005011037	0	0
ENSMZEG00005011038	2	2
ENSMZEG00005011039	5	1
ENSMZEG00005011040	17	35
ENSMZEG00005011041	0	0
ENSMZEG00005011042	0	0
ENSMZEG00005011043	2	2
ENSMZEG00005011044	0	0
ENSMZEG00005011045	3	37
ENSMZEG00005011046	2	0
ENSMZEG00005011047	0	4
ENSMZEG00005011048	0	0
ENSMZEG00005011049	0	0
ENSMZEG00005011050	13	9
ENSMZEG00005011051	2	0
ENSMZEG00005011052	7	1
ENSMZEG00005011053	7	0
ENSMZEG00005011054	0	0
ENSMZEG00005011055	2	11
ENSMZEG00005011056	0	0
ENSMZEG00005011057	11	8
ENSMZEG00005011058	0	0
ENSMZEG00005011059	1	2
ENSMZEG00005011060	2673	2823
ENSMZEG00005011061	0	0
ENSMZEG00005011062	0	0
ENSMZEG00005011063	0	1
ENSMZEG00005011064	0	0
ENSMZEG00005011065	1	8
ENSMZEG00005011066	9	5
ENSMZEG00005011067	2	7
ENSMZEG00005011068	0	0
ENSMZEG00005011069	0	0
ENSMZEG00005011070	1	1
ENSMZEG00005011071	1	0
ENSMZEG00005011072	1	1
ENSMZEG00005011073	953	459
ENSMZEG00005011074	8	9
ENSMZEG00005011075	0	0
ENSMZEG00005011076	2	0
ENSMZEG00005011077	6	2
ENSMZEG00005011078	14	6
ENSMZEG00005011079	0	0
ENSMZEG00005011080	1	9
ENSMZEG00005011081	1	0
ENSMZEG00005011082	34	1
ENSMZEG00005011083	12	1
ENSMZEG00005011084	24	18
ENSMZEG00005011085	0	0
ENSMZEG00005011086	4	3
ENSMZEG00005011087	0	0
ENSMZEG00005011088	0	0
ENSMZEG00005011089	2	3
ENSMZEG00005011090	0	0
ENSMZEG00005011091	14	20
ENSMZEG00005011092	0	0
ENSMZEG00005011093	2	31
ENSMZEG00005011094	7	9
ENSMZEG00005011095	0	1
ENSMZEG00005011096	0	0
ENSMZEG00005011097	0	4
ENSMZEG00005011098	4	1
ENSMZEG00005011099	0	0
ENSMZEG00005011100	5	1
ENSMZEG00005011101	0	0
ENSMZEG00005011102	1	0
ENSMZEG00005011103	8	16
ENSMZEG00005011104	0	1
ENSMZEG00005011105	0	0
ENSMZEG00005011106	0	0
ENSMZEG00005011107	0	2
ENSMZEG00005011108	5	14
ENSMZEG00005011109	1	0
ENSMZEG00005011110	3	2
ENSMZEG00005011111	3	0
ENSMZEG00005011112	7	20
ENSMZEG00005011113	1	15
ENSMZEG00005011114	0	0
ENSMZEG00005011115	0	1
ENSMZEG00005011116	0	0
ENSMZEG00005011117	6	1
ENSMZEG00005011118	0	0
ENSMZEG00005011119	8	3
ENSMZEG00005011120	1	0
ENSMZEG00005011121	5	0
ENSMZEG00005011122	2	0
ENSMZEG00005011123	38	59
ENSMZEG00005011124	11	25
ENSMZEG00005011125	39	15
ENSMZEG00005011126	0	0
ENSMZEG00005011127	1	5
ENSMZEG00005011128	2	0
ENSMZEG00005011129	2	10
ENSMZEG00005011130	0	0
ENSMZEG00005011131	3	1
ENSMZEG00005011132	80	99
ENSMZEG00005011133	47	3
ENSMZEG00005011134	8	11
ENSMZEG00005011135	0	0
ENSMZEG00005011136	11	11
ENSMZEG00005011137	6	2
ENSMZEG00005011138	2	1
ENSMZEG00005011139	16	6
ENSMZEG00005011140	4	2
ENSMZEG00005011141	8	2
ENSMZEG00005011142	94	756
ENSMZEG00005011143	33	31
ENSMZEG00005011144	17	14
ENSMZEG00005011145	0	0
ENSMZEG00005011146	18	109
ENSMZEG00005011147	1	0
ENSMZEG00005011148	0	4
ENSMZEG00005011149	199	248
ENSMZEG00005011150	0	0
ENSMZEG00005011151	0	1
ENSMZEG00005011152	1075	3050
ENSMZEG00005011153	4	0
ENSMZEG00005011154	2	4
ENSMZEG00005011155	6	11
ENSMZEG00005011156	0	0
ENSMZEG00005011157	4	2
ENSMZEG00005011158	524	1294
ENSMZEG00005011159	1	1
ENSMZEG00005011160	0	0
ENSMZEG00005011161	5	3
ENSMZEG00005011162	1	1
ENSMZEG00005011163	8	5
ENSMZEG00005011164	4	1
ENSMZEG00005011165	7	0
ENSMZEG00005011166	1	0
ENSMZEG00005011167	1	0
ENSMZEG00005011168	0	0
ENSMZEG00005011169	1959	1745
ENSMZEG00005011170	0	1
ENSMZEG00005011171	6	24
ENSMZEG00005011172	1	1
ENSMZEG00005011173	149	94
ENSMZEG00005011174	2	8
ENSMZEG00005011175	0	4
ENSMZEG00005011176	0	1
ENSMZEG00005011177	3	42
ENSMZEG00005011178	3	0
ENSMZEG00005011179	2	2
ENSMZEG00005011180	6	2
ENSMZEG00005011181	39	58
ENSMZEG00005011182	6	29
ENSMZEG00005011183	45	36
ENSMZEG00005011184	2	22
ENSMZEG00005011185	1	0
ENSMZEG00005011186	0	0
ENSMZEG00005011187	0	0
ENSMZEG00005011188	0	0
ENSMZEG00005011189	0	0
ENSMZEG00005011190	5	5
ENSMZEG00005011191	0	1
ENSMZEG00005011192	0	0
ENSMZEG00005011193	19	7
ENSMZEG00005011194	2	0
ENSMZEG00005011195	0	0
ENSMZEG00005011196	1	0
ENSMZEG00005011197	0	0
ENSMZEG00005011198	0	0
ENSMZEG00005011199	0	0
ENSMZEG00005011200	0	13
ENSMZEG00005011201	0	0
ENSMZEG00005011202	0	0
ENSMZEG00005011203	187	14
ENSMZEG00005011204	3	0
ENSMZEG00005011205	2	0
ENSMZEG00005011206	3	15
ENSMZEG00005011207	0	0
ENSMZEG00005011208	6	2
ENSMZEG00005011209	0	0
ENSMZEG00005011210	1	0
ENSMZEG00005011211	0	2
ENSMZEG00005011212	0	0
ENSMZEG00005011213	0	0
ENSMZEG00005011214	4	3
ENSMZEG00005011215	0	1
ENSMZEG00005011216	466	775
ENSMZEG00005011217	2	0
ENSMZEG00005011218	0	0
ENSMZEG00005011219	0	0
ENSMZEG00005011220	0	0
ENSMZEG00005011221	0	0
ENSMZEG00005011222	104	115
ENSMZEG00005011223	19	1
ENSMZEG00005011224	0	0
ENSMZEG00005011225	38	25
ENSMZEG00005011226	2	0
ENSMZEG00005011227	2	4
ENSMZEG00005011228	0	2
ENSMZEG00005011229	0	0
ENSMZEG00005011230	18	16
ENSMZEG00005011231	0	0
ENSMZEG00005011232	0	0
ENSMZEG00005011233	0	0
ENSMZEG00005011234	0	0
ENSMZEG00005011235	2	0
ENSMZEG00005011236	0	0
ENSMZEG00005011237	1	1
ENSMZEG00005011238	0	0
ENSMZEG00005011239	0	0
ENSMZEG00005011240	0	0
ENSMZEG00005011241	3	0
ENSMZEG00005011242	0	0
ENSMZEG00005011243	2	3
ENSMZEG00005011244	0	0
ENSMZEG00005011245	0	0
ENSMZEG00005011246	26	31
ENSMZEG00005011247	0	0
ENSMZEG00005011248	3	0
ENSMZEG00005011249	0	0
ENSMZEG00005011250	2	0
ENSMZEG00005011251	0	0
ENSMZEG00005011252	0	0
ENSMZEG00005011253	0	0
ENSMZEG00005011254	0	0
ENSMZEG00005011255	3	0
ENSMZEG00005011256	0	0
ENSMZEG00005011257	4	4
ENSMZEG00005011258	0	0
ENSMZEG00005011259	0	1
ENSMZEG00005011260	105	16
ENSMZEG00005011261	4	0
ENSMZEG00005011262	0	0
ENSMZEG00005011263	0	0
ENSMZEG00005011264	0	0
ENSMZEG00005011265	170	216
ENSMZEG00005011266	1	3
ENSMZEG00005011267	0	0
ENSMZEG00005011268	1	2
ENSMZEG00005011269	0	0
ENSMZEG00005011270	21	7
ENSMZEG00005011271	11	7
ENSMZEG00005011272	0	0
ENSMZEG00005011273	0	1
ENSMZEG00005011274	0	1
ENSMZEG00005011275	2	7
ENSMZEG00005011276	18	0
ENSMZEG00005011277	1	0
ENSMZEG00005011278	0	0
ENSMZEG00005011279	0	0
ENSMZEG00005011280	11	2
ENSMZEG00005011281	6	0
ENSMZEG00005011282	6	1
ENSMZEG00005011283	2	0
ENSMZEG00005011284	73	170
ENSMZEG00005011285	0	0
ENSMZEG00005011286	0	0
ENSMZEG00005011287	5	10
ENSMZEG00005011288	5	8
ENSMZEG00005011289	1	2
ENSMZEG00005011290	2	6
ENSMZEG00005011291	64	62
ENSMZEG00005011292	0	0
ENSMZEG00005011293	0	1
ENSMZEG00005011294	0	0
ENSMZEG00005011295	6	0
ENSMZEG00005011296	79	242
ENSMZEG00005011297	2	3
ENSMZEG00005011298	0	0
ENSMZEG00005011299	0	0
ENSMZEG00005011300	0	0
ENSMZEG00005011301	2	1
ENSMZEG00005011302	0	0
ENSMZEG00005011303	0	0
ENSMZEG00005011304	1	28
ENSMZEG00005011305	4	14
ENSMZEG00005011306	484	302
ENSMZEG00005011307	10	1
ENSMZEG00005011308	6	22
ENSMZEG00005011309	14	7
ENSMZEG00005011310	3	0
ENSMZEG00005011311	2	0
ENSMZEG00005011312	0	0
ENSMZEG00005011313	0	1
ENSMZEG00005011314	7	11
ENSMZEG00005011315	0	0
ENSMZEG00005011316	4	2
ENSMZEG00005011317	2	9
ENSMZEG00005011318	1	2
ENSMZEG00005011319	0	0
ENSMZEG00005011320	0	0
ENSMZEG00005011321	0	0
ENSMZEG00005011322	0	0
ENSMZEG00005011323	1	1
ENSMZEG00005011324	0	1
ENSMZEG00005011325	0	0
ENSMZEG00005011326	3	5
ENSMZEG00005011327	0	0
ENSMZEG00005011328	5	5
ENSMZEG00005011329	2	15
ENSMZEG00005011330	3	0
ENSMZEG00005011331	78	1
ENSMZEG00005011332	0	0
ENSMZEG00005011333	363	351
ENSMZEG00005011334	1	0
ENSMZEG00005011335	0	0
ENSMZEG00005011336	0	0
ENSMZEG00005011337	15	1
ENSMZEG00005011338	0	0
ENSMZEG00005011339	3	0
ENSMZEG00005011340	0	0
ENSMZEG00005011341	0	0
ENSMZEG00005011342	0	0
ENSMZEG00005011343	10	8
ENSMZEG00005011344	180	37
ENSMZEG00005011345	3	2
ENSMZEG00005011346	124	1177
ENSMZEG00005011347	15	3
ENSMZEG00005011348	0	0
ENSMZEG00005011349	7	1
ENSMZEG00005011350	0	0
ENSMZEG00005011351	0	0
ENSMZEG00005011352	2	1
ENSMZEG00005011353	2	0
ENSMZEG00005011354	0	2
ENSMZEG00005011355	7	1
ENSMZEG00005011356	0	2
ENSMZEG00005011357	4	1
ENSMZEG00005011358	0	0
ENSMZEG00005011359	0	0
ENSMZEG00005011360	1	0
ENSMZEG00005011361	0	0
ENSMZEG00005011362	18	13
ENSMZEG00005011363	0	0
ENSMZEG00005011364	3	3
ENSMZEG00005011365	1	0
ENSMZEG00005011366	502	824
ENSMZEG00005011367	0	0
ENSMZEG00005011368	1	0
ENSMZEG00005011369	4	0
ENSMZEG00005011370	6	0
ENSMZEG00005011371	0	0
ENSMZEG00005011372	0	0
ENSMZEG00005011373	0	0
ENSMZEG00005011374	471	443
ENSMZEG00005011375	0	0
ENSMZEG00005011376	1	2
ENSMZEG00005011377	3	21
ENSMZEG00005011378	0	0
ENSMZEG00005011379	0	0
ENSMZEG00005011380	0	1
ENSMZEG00005011381	1	6
ENSMZEG00005011382	0	0
ENSMZEG00005011383	1883	2193
ENSMZEG00005011384	0	0
ENSMZEG00005011385	0	0
ENSMZEG00005011386	49	1
ENSMZEG00005011387	88	112
ENSMZEG00005011388	7	0
ENSMZEG00005011389	55	75
ENSMZEG00005011390	0	1
ENSMZEG00005011391	23	5
ENSMZEG00005011392	0	0
ENSMZEG00005011393	0	0
ENSMZEG00005011394	0	0
ENSMZEG00005011395	2	0
ENSMZEG00005011396	0	0
ENSMZEG00005011397	25	35
ENSMZEG00005011398	1	0
ENSMZEG00005011399	0	0
ENSMZEG00005011400	499	410
ENSMZEG00005011401	1	1
ENSMZEG00005011402	1	3
ENSMZEG00005011403	0	0
ENSMZEG00005011404	0	0
ENSMZEG00005011405	0	0
ENSMZEG00005011406	0	0
ENSMZEG00005011407	0	3
ENSMZEG00005011408	0	0
ENSMZEG00005011409	0	0
ENSMZEG00005011410	80	83
ENSMZEG00005011411	0	0
ENSMZEG00005011412	54	1166
ENSMZEG00005011413	6	6
ENSMZEG00005011414	0	0
ENSMZEG00005011415	0	0
ENSMZEG00005011416	0	0
ENSMZEG00005011417	23	4
ENSMZEG00005011418	0	0
ENSMZEG00005011419	2	0
ENSMZEG00005011420	0	11
ENSMZEG00005011421	0	4
ENSMZEG00005011422	0	0
ENSMZEG00005011423	31	25
ENSMZEG00005011424	0	0
ENSMZEG00005011425	213	329
ENSMZEG00005011426	2	0
ENSMZEG00005011427	0	3
ENSMZEG00005011428	0	0
ENSMZEG00005011429	0	0
ENSMZEG00005011430	0	2
ENSMZEG00005011431	0	0
ENSMZEG00005011432	14	10
ENSMZEG00005011433	0	0
ENSMZEG00005011434	12	2
ENSMZEG00005011435	16	9
ENSMZEG00005011436	0	0
ENSMZEG00005011437	0	0
ENSMZEG00005011438	0	0
ENSMZEG00005011439	0	0
ENSMZEG00005011440	0	0
ENSMZEG00005011441	0	0
ENSMZEG00005011442	1	6
ENSMZEG00005011443	0	1
ENSMZEG00005011444	0	0
ENSMZEG00005011445	0	0
ENSMZEG00005011446	1	0
ENSMZEG00005011447	152	555
ENSMZEG00005011448	0	1
ENSMZEG00005011449	0	1
ENSMZEG00005011450	0	0
ENSMZEG00005011451	0	0
ENSMZEG00005011452	1	16
ENSMZEG00005011453	82	108
ENSMZEG00005011454	0	0
ENSMZEG00005011455	2	0
ENSMZEG00005011456	1	3
ENSMZEG00005011457	0	0
ENSMZEG00005011458	0	2
ENSMZEG00005011459	6	8
ENSMZEG00005011460	0	0
ENSMZEG00005011461	6	2
ENSMZEG00005011462	0	0
ENSMZEG00005011463	0	0
ENSMZEG00005011464	0	0
ENSMZEG00005011465	0	0
ENSMZEG00005011466	2	2
ENSMZEG00005011467	0	0
ENSMZEG00005011468	0	4
ENSMZEG00005011469	2	3
ENSMZEG00005011470	673	3057
ENSMZEG00005011471	0	0
ENSMZEG00005011472	1	0
ENSMZEG00005011473	0	2
ENSMZEG00005011474	0	0
ENSMZEG00005011475	1	0
ENSMZEG00005011476	0	7
ENSMZEG00005011477	0	0
ENSMZEG00005011478	0	0
ENSMZEG00005011479	0	4
ENSMZEG00005011480	1	5
ENSMZEG00005011481	0	5
ENSMZEG00005011482	9	8
ENSMZEG00005011483	0	0
ENSMZEG00005011484	0	0
ENSMZEG00005011485	0	0
ENSMZEG00005011486	3	5
ENSMZEG00005011487	0	0
ENSMZEG00005011488	0	0
ENSMZEG00005011489	1	14
ENSMZEG00005011490	8	15
ENSMZEG00005011491	2	2
ENSMZEG00005011492	0	0
ENSMZEG00005011493	0	0
ENSMZEG00005011494	3	1
ENSMZEG00005011495	9	2
ENSMZEG00005011496	1	0
ENSMZEG00005011497	763	1482
ENSMZEG00005011498	5	18
ENSMZEG00005011499	2	0
ENSMZEG00005011500	0	0
ENSMZEG00005011501	0	0
ENSMZEG00005011502	0	4
ENSMZEG00005011503	28	29
ENSMZEG00005011504	0	1
ENSMZEG00005011505	0	1
ENSMZEG00005011506	0	1
ENSMZEG00005011507	0	0
ENSMZEG00005011508	0	0
ENSMZEG00005011509	4	6
ENSMZEG00005011510	4	2
ENSMZEG00005011511	0	0
ENSMZEG00005011512	1	2
ENSMZEG00005011513	171	290
ENSMZEG00005011514	0	0
ENSMZEG00005011515	2	7
ENSMZEG00005011516	0	2
ENSMZEG00005011517	0	0
ENSMZEG00005011518	24	3
ENSMZEG00005011519	0	0
ENSMZEG00005011520	0	0
ENSMZEG00005011521	0	1
ENSMZEG00005011522	2	2
ENSMZEG00005011523	0	0
ENSMZEG00005011524	2	0
ENSMZEG00005011525	0	0
ENSMZEG00005011526	0	0
ENSMZEG00005011527	132	28
ENSMZEG00005011528	0	0
ENSMZEG00005011529	0	0
ENSMZEG00005011530	0	0
ENSMZEG00005011531	0	1
ENSMZEG00005011532	0	0
ENSMZEG00005011533	7	1
ENSMZEG00005011534	0	0
ENSMZEG00005011535	0	0
ENSMZEG00005011536	10	7
ENSMZEG00005011537	0	0
ENSMZEG00005011538	632	763
ENSMZEG00005011539	0	0
ENSMZEG00005011540	1	0
ENSMZEG00005011541	0	25
ENSMZEG00005011542	3112	4947
ENSMZEG00005011543	2	4
ENSMZEG00005011544	0	2
ENSMZEG00005011545	0	0
ENSMZEG00005011546	0	0
ENSMZEG00005011547	9	3
ENSMZEG00005011548	0	0
ENSMZEG00005011549	0	0
ENSMZEG00005011550	0	0
ENSMZEG00005011551	5	6
ENSMZEG00005011552	19	60
ENSMZEG00005011553	0	0
ENSMZEG00005011554	14	1
ENSMZEG00005011555	6	0
ENSMZEG00005011556	0	0
ENSMZEG00005011557	1	3
ENSMZEG00005011558	764	888
ENSMZEG00005011559	0	0
ENSMZEG00005011560	5	1
ENSMZEG00005011561	0	0
ENSMZEG00005011562	0	0
ENSMZEG00005011563	0	0
ENSMZEG00005011564	0	0
ENSMZEG00005011565	0	0
ENSMZEG00005011566	0	1
ENSMZEG00005011567	49	38
ENSMZEG00005011568	1	3
ENSMZEG00005011569	0	0
ENSMZEG00005011570	1	0
ENSMZEG00005011571	2	28
ENSMZEG00005011572	0	1
ENSMZEG00005011573	1	3
ENSMZEG00005011574	0	1
ENSMZEG00005011575	0	1
ENSMZEG00005011576	0	0
ENSMZEG00005011577	3	2
ENSMZEG00005011578	11	60
ENSMZEG00005011579	7	1
ENSMZEG00005011580	0	0
ENSMZEG00005011581	2	2
ENSMZEG00005011582	12	10
ENSMZEG00005011583	0	1
ENSMZEG00005011584	0	3
ENSMZEG00005011585	4	0
ENSMZEG00005011586	0	0
ENSMZEG00005011587	239	123
ENSMZEG00005011588	0	0
ENSMZEG00005011589	0	0
ENSMZEG00005011590	0	0
ENSMZEG00005011591	0	0
ENSMZEG00005011592	20	1
ENSMZEG00005011593	2	2
ENSMZEG00005011594	3	7
ENSMZEG00005011595	0	0
ENSMZEG00005011596	870	568
ENSMZEG00005011597	57	6
ENSMZEG00005011598	1	3
ENSMZEG00005011599	14	96
ENSMZEG00005011600	3	5
ENSMZEG00005011601	0	0
ENSMZEG00005011602	8	8
ENSMZEG00005011603	3	2
ENSMZEG00005011604	26	13
ENSMZEG00005011605	5	0
ENSMZEG00005011606	0	0
ENSMZEG00005011607	0	0
ENSMZEG00005011608	0	0
ENSMZEG00005011609	5	5
ENSMZEG00005011610	0	0
ENSMZEG00005011611	0	0
ENSMZEG00005011612	11	64
ENSMZEG00005011613	2	1
ENSMZEG00005011614	17	1
ENSMZEG00005011615	0	0
ENSMZEG00005011616	3	0
ENSMZEG00005011617	0	0
ENSMZEG00005011618	58	7
ENSMZEG00005011619	0	0
ENSMZEG00005011620	0	6
ENSMZEG00005011621	4	11
ENSMZEG00005011622	1	4
ENSMZEG00005011623	602	118
ENSMZEG00005011624	0	1
ENSMZEG00005011625	13	11
ENSMZEG00005011626	1	0
ENSMZEG00005011627	18	7
ENSMZEG00005011628	0	0
ENSMZEG00005011629	0	2
ENSMZEG00005011630	0	1
ENSMZEG00005011631	10	0
ENSMZEG00005011632	0	0
ENSMZEG00005011633	0	0
ENSMZEG00005011634	0	0
ENSMZEG00005011635	2	0
ENSMZEG00005011636	0	0
ENSMZEG00005011637	1	17
ENSMZEG00005011638	0	1
ENSMZEG00005011639	11	5
ENSMZEG00005011640	2	0
ENSMZEG00005011641	3	35
ENSMZEG00005011642	1	1
ENSMZEG00005011643	0	1
ENSMZEG00005011644	1	2
ENSMZEG00005011645	2	0
ENSMZEG00005011646	0	0
ENSMZEG00005011647	0	0
ENSMZEG00005011648	0	2
ENSMZEG00005011649	1	3
ENSMZEG00005011650	2	2
ENSMZEG00005011651	1	0
ENSMZEG00005011652	0	0
ENSMZEG00005011653	3	3
ENSMZEG00005011654	2	0
ENSMZEG00005011655	0	0
ENSMZEG00005011656	6565	1867
ENSMZEG00005011657	5	3
ENSMZEG00005011658	6	2
ENSMZEG00005011659	3	6
ENSMZEG00005011660	0	4
ENSMZEG00005011661	5	1
ENSMZEG00005011662	7	3
ENSMZEG00005011663	13	0
ENSMZEG00005011664	2	0
ENSMZEG00005011665	1	1
ENSMZEG00005011666	0	1
ENSMZEG00005011667	0	0
ENSMZEG00005011668	2	0
ENSMZEG00005011669	0	1
ENSMZEG00005011670	15	6
ENSMZEG00005011671	423	92
ENSMZEG00005011672	3	20
ENSMZEG00005011673	13	0
ENSMZEG00005011674	0	0
ENSMZEG00005011675	1	1
ENSMZEG00005011676	14	167
ENSMZEG00005011677	8	30
ENSMZEG00005011678	294	534
ENSMZEG00005011679	0	0
ENSMZEG00005011680	2	0
ENSMZEG00005011681	1	0
ENSMZEG00005011682	3	1
ENSMZEG00005011683	17	19
ENSMZEG00005011684	0	1
ENSMZEG00005011685	3	1
ENSMZEG00005011686	4	1
ENSMZEG00005011687	25	24
ENSMZEG00005011688	1	2
ENSMZEG00005011689	1	0
ENSMZEG00005011690	14	2
ENSMZEG00005011691	4	0
ENSMZEG00005011692	0	2
ENSMZEG00005011693	7	1
ENSMZEG00005011694	0	15
ENSMZEG00005011695	0	0
ENSMZEG00005011696	0	0
ENSMZEG00005011697	0	0
ENSMZEG00005011698	0	1
ENSMZEG00005011699	26	4
ENSMZEG00005011700	77	412
ENSMZEG00005011701	0	0
ENSMZEG00005011702	1	2
ENSMZEG00005011703	4	0
ENSMZEG00005011704	0	8
ENSMZEG00005011705	234	222
ENSMZEG00005011706	5	0
ENSMZEG00005011707	0	0
ENSMZEG00005011708	6	2
ENSMZEG00005011709	2	1
ENSMZEG00005011710	467	602
ENSMZEG00005011711	5	7
ENSMZEG00005011712	0	3
ENSMZEG00005011713	0	0
ENSMZEG00005011714	1475	1468
ENSMZEG00005011715	0	0
ENSMZEG00005011716	1317	1601
ENSMZEG00005011717	364	631
ENSMZEG00005011718	125	67
ENSMZEG00005011719	3	1
ENSMZEG00005011720	0	0
ENSMZEG00005011721	0	0
ENSMZEG00005011722	0	0
ENSMZEG00005011723	5	5
ENSMZEG00005011724	2	3
ENSMZEG00005011725	0	0
ENSMZEG00005011726	1330	1115
ENSMZEG00005011727	6	2
ENSMZEG00005011728	0	0
ENSMZEG00005011729	0	0
ENSMZEG00005011730	0	1
ENSMZEG00005011731	0	0
ENSMZEG00005011732	6	2
ENSMZEG00005011733	6	4
ENSMZEG00005011734	0	0
ENSMZEG00005011735	4	1
ENSMZEG00005011736	0	0
ENSMZEG00005011737	1	0
ENSMZEG00005011738	987	2037
ENSMZEG00005011739	3	0
ENSMZEG00005011740	0	0
ENSMZEG00005011741	0	0
ENSMZEG00005011742	0	0
ENSMZEG00005011743	1	5
ENSMZEG00005011744	0	0
ENSMZEG00005011745	181	31
ENSMZEG00005011746	0	0
ENSMZEG00005011747	3	4
ENSMZEG00005011748	0	0
ENSMZEG00005011749	1	0
ENSMZEG00005011750	3	0
ENSMZEG00005011751	0	0
ENSMZEG00005011752	0	0
ENSMZEG00005011753	17	6
ENSMZEG00005011754	5	3
ENSMZEG00005011755	0	0
ENSMZEG00005011756	0	2
ENSMZEG00005011757	0	5
ENSMZEG00005011758	0	1
ENSMZEG00005011759	0	2
ENSMZEG00005011760	67	13
ENSMZEG00005011761	0	0
ENSMZEG00005011762	11	27
ENSMZEG00005011763	1	0
ENSMZEG00005011764	9	0
ENSMZEG00005011765	0	0
ENSMZEG00005011766	0	0
ENSMZEG00005011767	0	0
ENSMZEG00005011768	9	7
ENSMZEG00005011769	0	0
ENSMZEG00005011770	2	0
ENSMZEG00005011771	1	1
ENSMZEG00005011772	0	0
ENSMZEG00005011773	1	2
ENSMZEG00005011774	3	0
ENSMZEG00005011775	0	0
ENSMZEG00005011776	0	2
ENSMZEG00005011777	4	2
ENSMZEG00005011778	2	0
ENSMZEG00005011779	2	0
ENSMZEG00005011780	0	0
ENSMZEG00005011781	0	0
ENSMZEG00005011782	163	8
ENSMZEG00005011783	0	0
ENSMZEG00005011784	13	8
ENSMZEG00005011785	0	14
ENSMZEG00005011786	4	0
ENSMZEG00005011787	7	0
ENSMZEG00005011788	0	0
ENSMZEG00005011789	0	3
ENSMZEG00005011790	5	8
ENSMZEG00005011791	2	0
ENSMZEG00005011792	2	0
ENSMZEG00005011793	3	5
ENSMZEG00005011794	1	2
ENSMZEG00005011795	0	0
ENSMZEG00005011796	0	0
ENSMZEG00005011797	0	0
ENSMZEG00005011798	0	0
ENSMZEG00005011799	2	29
ENSMZEG00005011800	0	0
ENSMZEG00005011801	0	0
ENSMZEG00005011802	0	0
ENSMZEG00005011803	0	3
ENSMZEG00005011804	0	0
ENSMZEG00005011805	0	0
ENSMZEG00005011806	2	0
ENSMZEG00005011807	0	0
ENSMZEG00005011808	0	2
ENSMZEG00005011809	0	0
ENSMZEG00005011810	0	0
ENSMZEG00005011811	1	1
ENSMZEG00005011812	0	1
ENSMZEG00005011813	6	13
ENSMZEG00005011814	4	0
ENSMZEG00005011815	1	0
ENSMZEG00005011816	7	15
ENSMZEG00005011817	2	0
ENSMZEG00005011818	0	0
ENSMZEG00005011819	0	2
ENSMZEG00005011820	0	0
ENSMZEG00005011821	34	32
ENSMZEG00005011822	0	1
ENSMZEG00005011823	0	0
ENSMZEG00005011824	0	0
ENSMZEG00005011825	11	1
ENSMZEG00005011826	2	5
ENSMZEG00005011827	40	41
ENSMZEG00005011828	1	5
ENSMZEG00005011829	0	0
ENSMZEG00005011830	0	0
ENSMZEG00005011831	4	3
ENSMZEG00005011832	113	26
ENSMZEG00005011833	12	0
ENSMZEG00005011834	65	3
ENSMZEG00005011835	3	2
ENSMZEG00005011836	1	1
ENSMZEG00005011837	28	144
ENSMZEG00005011838	0	1
ENSMZEG00005011839	1	0
ENSMZEG00005011840	14	1
ENSMZEG00005011841	0	2
ENSMZEG00005011842	21	18
ENSMZEG00005011843	7	15
ENSMZEG00005011844	0	0
ENSMZEG00005011845	1	14
ENSMZEG00005011846	535	1311
ENSMZEG00005011847	1	2
ENSMZEG00005011848	5	25
ENSMZEG00005011849	3	2
ENSMZEG00005011850	370	476
ENSMZEG00005011851	0	0
ENSMZEG00005011852	0	1
ENSMZEG00005011853	0	2
ENSMZEG00005011854	0	0
ENSMZEG00005011855	15	7
ENSMZEG00005011856	22	7
ENSMZEG00005011857	0	0
ENSMZEG00005011858	0	3
ENSMZEG00005011859	8	27
ENSMZEG00005011860	0	0
ENSMZEG00005011861	2	0
ENSMZEG00005011862	5	3
ENSMZEG00005011863	7872	3875
ENSMZEG00005011864	0	0
ENSMZEG00005011865	65	71
ENSMZEG00005011866	3	0
ENSMZEG00005011867	0	0
ENSMZEG00005011868	0	0
ENSMZEG00005011869	1	0
ENSMZEG00005011870	0	0
ENSMZEG00005011871	6	6
ENSMZEG00005011872	4	4
ENSMZEG00005011873	3	4
ENSMZEG00005011874	6	2
ENSMZEG00005011875	0	0
ENSMZEG00005011876	0	0
ENSMZEG00005011877	0	0
ENSMZEG00005011878	5	0
ENSMZEG00005011879	26	25
ENSMZEG00005011880	0	2
ENSMZEG00005011881	0	0
ENSMZEG00005011882	0	0
ENSMZEG00005011883	2	2
ENSMZEG00005011884	2	0
ENSMZEG00005011885	3898	3660
ENSMZEG00005011886	2	23
ENSMZEG00005011887	0	0
ENSMZEG00005011888	0	0
ENSMZEG00005011889	2	5
ENSMZEG00005011890	0	0
ENSMZEG00005011891	0	0
ENSMZEG00005011892	2	1
ENSMZEG00005011893	0	0
ENSMZEG00005011894	3	1
ENSMZEG00005011895	382	438
ENSMZEG00005011896	0	0
ENSMZEG00005011897	0	0
ENSMZEG00005011898	0	0
ENSMZEG00005011899	1	0
ENSMZEG00005011900	0	0
ENSMZEG00005011901	17	4
ENSMZEG00005011902	1	3
ENSMZEG00005011903	1	0
ENSMZEG00005011904	8	3
ENSMZEG00005011905	0	0
ENSMZEG00005011906	51	0
ENSMZEG00005011907	9	8
ENSMZEG00005011908	0	0
ENSMZEG00005011909	0	0
ENSMZEG00005011910	3	1
ENSMZEG00005011911	12	3
ENSMZEG00005011912	0	2
ENSMZEG00005011913	0	0
ENSMZEG00005011914	0	2
ENSMZEG00005011915	0	1
ENSMZEG00005011916	67	9
ENSMZEG00005011917	1	3
ENSMZEG00005011918	27	0
ENSMZEG00005011919	0	0
ENSMZEG00005011920	0	4
ENSMZEG00005011921	0	0
ENSMZEG00005011922	5	9
ENSMZEG00005011923	0	0
ENSMZEG00005011924	0	0
ENSMZEG00005011925	0	0
ENSMZEG00005011926	0	0
ENSMZEG00005011927	0	0
ENSMZEG00005011928	60	518
ENSMZEG00005011929	0	0
ENSMZEG00005011930	333	252
ENSMZEG00005011931	0	0
ENSMZEG00005011932	4	6
ENSMZEG00005011933	0	0
ENSMZEG00005011934	1	0
ENSMZEG00005011935	4	13
ENSMZEG00005011936	0	0
ENSMZEG00005011937	2	0
ENSMZEG00005011938	0	0
ENSMZEG00005011939	0	0
ENSMZEG00005011940	5	14
ENSMZEG00005011941	0	0
ENSMZEG00005011942	0	0
ENSMZEG00005011943	0	0
ENSMZEG00005011944	0	5
ENSMZEG00005011945	5	1
ENSMZEG00005011946	82	92
ENSMZEG00005011947	1	1
ENSMZEG00005011948	3	0
ENSMZEG00005011949	105	147
ENSMZEG00005011950	0	0
ENSMZEG00005011951	0	0
ENSMZEG00005011952	224	189
ENSMZEG00005011953	0	1
ENSMZEG00005011954	0	15
ENSMZEG00005011955	10	3
ENSMZEG00005011956	2	4
ENSMZEG00005011957	0	4
ENSMZEG00005011958	7	3
ENSMZEG00005011959	9	17
ENSMZEG00005011960	3	3
ENSMZEG00005011961	10	0
ENSMZEG00005011962	3	0
ENSMZEG00005011963	3	0
ENSMZEG00005011964	200	43
ENSMZEG00005011965	5	0
ENSMZEG00005011966	0	3
ENSMZEG00005011967	533	622
ENSMZEG00005011968	3	19
ENSMZEG00005011969	1	13
ENSMZEG00005011970	440	472
ENSMZEG00005011971	0	0
ENSMZEG00005011972	0	3
ENSMZEG00005011973	0	1
ENSMZEG00005011974	88	8
ENSMZEG00005011975	1	10
ENSMZEG00005011976	33	181
ENSMZEG00005011977	3638	686
ENSMZEG00005011978	0	0
ENSMZEG00005011979	4	11
ENSMZEG00005011980	0	0
ENSMZEG00005011981	7	18
ENSMZEG00005011982	30	16
ENSMZEG00005011983	0	0
ENSMZEG00005011984	0	6
ENSMZEG00005011985	0	0
ENSMZEG00005011986	3	1
ENSMZEG00005011987	34	52
ENSMZEG00005011988	7	4
ENSMZEG00005011989	5	0
ENSMZEG00005011990	6	2
ENSMZEG00005011991	0	0
ENSMZEG00005011992	0	0
ENSMZEG00005011993	0	3
ENSMZEG00005011994	214	266
ENSMZEG00005011995	0	0
ENSMZEG00005011996	4	0
ENSMZEG00005011997	19	15
ENSMZEG00005011998	6	4
ENSMZEG00005011999	776	995
ENSMZEG00005012000	4	4
ENSMZEG00005012001	0	0
ENSMZEG00005012002	396	15
ENSMZEG00005012003	5	2
ENSMZEG00005012004	146	110
ENSMZEG00005012005	0	0
ENSMZEG00005012006	0	0
ENSMZEG00005012007	2	8
ENSMZEG00005012008	376	41
ENSMZEG00005012009	0	0
ENSMZEG00005012010	2	0
ENSMZEG00005012011	129	153
ENSMZEG00005012012	22	7
ENSMZEG00005012013	2	2
ENSMZEG00005012014	3	3
ENSMZEG00005012015	76	4
ENSMZEG00005012016	0	0
ENSMZEG00005012017	0	0
ENSMZEG00005012018	4	26
ENSMZEG00005012019	0	0
ENSMZEG00005012020	2	2
ENSMZEG00005012021	3	2
ENSMZEG00005012022	4	5
ENSMZEG00005012023	0	6
ENSMZEG00005012024	1	0
ENSMZEG00005012025	9	3
ENSMZEG00005012026	27	11
ENSMZEG00005012027	2	12
ENSMZEG00005012028	0	0
ENSMZEG00005012029	11	4
ENSMZEG00005012030	2	4
ENSMZEG00005012031	0	0
ENSMZEG00005012032	0	0
ENSMZEG00005012033	0	0
ENSMZEG00005012034	1	0
ENSMZEG00005012035	0	0
ENSMZEG00005012036	0	0
ENSMZEG00005012037	14	14
ENSMZEG00005012038	4	2
ENSMZEG00005012039	10	15
ENSMZEG00005012040	3	1
ENSMZEG00005012041	0	0
ENSMZEG00005012042	77	152
ENSMZEG00005012043	1	1
ENSMZEG00005012044	382	716
ENSMZEG00005012045	0	4
ENSMZEG00005012046	5	0
ENSMZEG00005012047	0	0
ENSMZEG00005012048	0	0
ENSMZEG00005012049	0	0
ENSMZEG00005012050	7	1
ENSMZEG00005012051	2	2
ENSMZEG00005012052	0	0
ENSMZEG00005012053	0	0
ENSMZEG00005012054	7	2
ENSMZEG00005012055	0	0
ENSMZEG00005012056	83	5
ENSMZEG00005012057	4	0
ENSMZEG00005012058	2	3
ENSMZEG00005012059	0	0
ENSMZEG00005012060	4	0
ENSMZEG00005012061	51	10
ENSMZEG00005012062	0	0
ENSMZEG00005012063	2	0
ENSMZEG00005012064	9	0
ENSMZEG00005012065	4	2
ENSMZEG00005012066	0	0
ENSMZEG00005012067	0	0
ENSMZEG00005012068	8	13
ENSMZEG00005012069	25	3
ENSMZEG00005012070	0	0
ENSMZEG00005012071	0	0
ENSMZEG00005012072	0	0
ENSMZEG00005012073	30	5
ENSMZEG00005012074	121846	21576
ENSMZEG00005012075	0	3
ENSMZEG00005012076	77	5
ENSMZEG00005012077	0	0
ENSMZEG00005012078	0	6
ENSMZEG00005012079	2	12
ENSMZEG00005012080	0	0
ENSMZEG00005012081	3	11
ENSMZEG00005012082	49	21
ENSMZEG00005012083	0	1
ENSMZEG00005012084	0	0
ENSMZEG00005012085	2306	1358
ENSMZEG00005012086	2	6
ENSMZEG00005012087	0	1
ENSMZEG00005012088	0	0
ENSMZEG00005012089	3	1
ENSMZEG00005012090	0	1
ENSMZEG00005012091	0	0
ENSMZEG00005012092	0	0
ENSMZEG00005012093	13	5
ENSMZEG00005012094	33	138
ENSMZEG00005012095	5	0
ENSMZEG00005012096	1	4
ENSMZEG00005012097	0	0
ENSMZEG00005012098	1	2
ENSMZEG00005012099	0	0
ENSMZEG00005012100	7	6
ENSMZEG00005012101	1	3
ENSMZEG00005012102	0	0
ENSMZEG00005012103	4	3
ENSMZEG00005012104	23	4
ENSMZEG00005012105	11	8
ENSMZEG00005012106	21	3
ENSMZEG00005012107	1	3
ENSMZEG00005012108	0	0
ENSMZEG00005012109	7	4
ENSMZEG00005012110	0	3
ENSMZEG00005012111	0	0
ENSMZEG00005012112	10	6
ENSMZEG00005012113	0	0
ENSMZEG00005012114	29	0
ENSMZEG00005012115	1	1
ENSMZEG00005012116	0	1
ENSMZEG00005012117	0	0
ENSMZEG00005012118	0	0
ENSMZEG00005012119	0	0
ENSMZEG00005012120	13	3
ENSMZEG00005012121	7	3
ENSMZEG00005012122	0	0
ENSMZEG00005012123	2	16
ENSMZEG00005012124	0	2
ENSMZEG00005012125	76	28
ENSMZEG00005012126	2	1
ENSMZEG00005012127	10	0
ENSMZEG00005012128	0	0
ENSMZEG00005012129	960	4006
ENSMZEG00005012130	5	4
ENSMZEG00005012131	0	0
ENSMZEG00005012132	0	0
ENSMZEG00005012133	2	4
ENSMZEG00005012134	0	0
ENSMZEG00005012135	1	1
ENSMZEG00005012136	3	2
ENSMZEG00005012137	179	230
ENSMZEG00005012138	0	0
ENSMZEG00005012139	21	10
ENSMZEG00005012140	0	0
ENSMZEG00005012141	3	1
ENSMZEG00005012142	1	0
ENSMZEG00005012143	1	0
ENSMZEG00005012144	0	0
ENSMZEG00005012145	0	0
ENSMZEG00005012146	0	2
ENSMZEG00005012147	0	0
ENSMZEG00005012148	0	0
ENSMZEG00005012149	0	0
ENSMZEG00005012150	19	0
ENSMZEG00005012151	0	0
ENSMZEG00005012152	0	0
ENSMZEG00005012153	0	0
ENSMZEG00005012154	0	12
ENSMZEG00005012155	0	0
ENSMZEG00005012156	0	0
ENSMZEG00005012157	14	8
ENSMZEG00005012158	0	0
ENSMZEG00005012159	6	7
ENSMZEG00005012160	18	10
ENSMZEG00005012161	0	0
ENSMZEG00005012162	6	0
ENSMZEG00005012163	3	1
ENSMZEG00005012164	10	2
ENSMZEG00005012165	591	190
ENSMZEG00005012166	0	0
ENSMZEG00005012167	8	5
ENSMZEG00005012168	0	3
ENSMZEG00005012169	12	44
ENSMZEG00005012170	4	0
ENSMZEG00005012171	0	3
ENSMZEG00005012172	3	5
ENSMZEG00005012173	2	0
ENSMZEG00005012174	0	5
ENSMZEG00005012175	3	2
ENSMZEG00005012176	0	0
ENSMZEG00005012177	15	1
ENSMZEG00005012178	0	0
ENSMZEG00005012179	0	0
ENSMZEG00005012180	6	2
ENSMZEG00005012181	4	7
ENSMZEG00005012182	0	0
ENSMZEG00005012183	1	0
ENSMZEG00005012184	7	1
ENSMZEG00005012185	0	0
ENSMZEG00005012186	0	0
ENSMZEG00005012187	0	0
ENSMZEG00005012188	5	5
ENSMZEG00005012189	174	169
ENSMZEG00005012190	1	1
ENSMZEG00005012191	1	0
ENSMZEG00005012192	0	0
ENSMZEG00005012193	0	0
ENSMZEG00005012194	3	0
ENSMZEG00005012195	37	15
ENSMZEG00005012196	0	0
ENSMZEG00005012197	12	4
ENSMZEG00005012198	5	6
ENSMZEG00005012199	3	0
ENSMZEG00005012200	0	0
ENSMZEG00005012201	87	226
ENSMZEG00005012202	19	4
ENSMZEG00005012203	0	0
ENSMZEG00005012204	0	1
ENSMZEG00005012205	0	0
ENSMZEG00005012206	4	0
ENSMZEG00005012207	0	1
ENSMZEG00005012208	0	0
ENSMZEG00005012209	3	0
ENSMZEG00005012210	5	1
ENSMZEG00005012211	0	1
ENSMZEG00005012212	0	2
ENSMZEG00005012213	0	0
ENSMZEG00005012214	4	3
ENSMZEG00005012215	698	171
ENSMZEG00005012216	674	168
ENSMZEG00005012217	0	0
ENSMZEG00005012218	256	16
ENSMZEG00005012219	452	576
ENSMZEG00005012220	1	0
ENSMZEG00005012221	0	0
ENSMZEG00005012222	0	0
ENSMZEG00005012223	1	1
ENSMZEG00005012224	0	0
ENSMZEG00005012225	1	5
ENSMZEG00005012226	0	7
ENSMZEG00005012227	8	3
ENSMZEG00005012228	0	0
ENSMZEG00005012229	1456	984
ENSMZEG00005012230	1	0
ENSMZEG00005012231	0	0
ENSMZEG00005012232	1	0
ENSMZEG00005012233	0	0
ENSMZEG00005012234	1	0
ENSMZEG00005012235	0	1
ENSMZEG00005012236	5	1
ENSMZEG00005012237	0	0
ENSMZEG00005012238	567	52
ENSMZEG00005012239	22	24
ENSMZEG00005012240	3	2
ENSMZEG00005012241	0	0
ENSMZEG00005012242	0	0
ENSMZEG00005012243	1618	1149
ENSMZEG00005012244	0	9
ENSMZEG00005012245	0	0
ENSMZEG00005012246	64	1160
ENSMZEG00005012247	26	23
ENSMZEG00005012248	5	7
ENSMZEG00005012249	0	2
ENSMZEG00005012250	41	21
ENSMZEG00005012251	7	4
ENSMZEG00005012252	0	1
ENSMZEG00005012253	0	0
ENSMZEG00005012254	0	0
ENSMZEG00005012255	4	3
ENSMZEG00005012256	0	0
ENSMZEG00005012257	0	0
ENSMZEG00005012258	0	0
ENSMZEG00005012259	0	0
ENSMZEG00005012260	0	3
ENSMZEG00005012261	26	7
ENSMZEG00005012262	0	0
ENSMZEG00005012263	5	2
ENSMZEG00005012264	14	3
ENSMZEG00005012265	5	32
ENSMZEG00005012266	1	0
ENSMZEG00005012267	0	0
ENSMZEG00005012268	1	7
ENSMZEG00005012269	12	49
ENSMZEG00005012270	0	0
ENSMZEG00005012271	0	0
ENSMZEG00005012272	0	0
ENSMZEG00005012273	1	4
ENSMZEG00005012274	0	2
ENSMZEG00005012275	2	0
ENSMZEG00005012276	0	0
ENSMZEG00005012277	0	0
ENSMZEG00005012278	0	0
ENSMZEG00005012279	0	4
ENSMZEG00005012280	0	1
ENSMZEG00005012281	0	0
ENSMZEG00005012282	0	1
ENSMZEG00005012283	0	0
ENSMZEG00005012284	1	4
ENSMZEG00005012285	5	4
ENSMZEG00005012286	1	0
ENSMZEG00005012287	3	1
ENSMZEG00005012288	0	0
ENSMZEG00005012289	0	0
ENSMZEG00005012290	2	3
ENSMZEG00005012291	1	2
ENSMZEG00005012292	6	11
ENSMZEG00005012293	1	2
ENSMZEG00005012294	1	0
ENSMZEG00005012295	0	0
ENSMZEG00005012296	30	42
ENSMZEG00005012297	1	4
ENSMZEG00005012298	25	0
ENSMZEG00005012299	0	0
ENSMZEG00005012300	1	0
ENSMZEG00005012301	0	0
ENSMZEG00005012302	8	9
ENSMZEG00005012303	0	0
ENSMZEG00005012304	2	0
ENSMZEG00005012305	0	0
ENSMZEG00005012306	0	0
ENSMZEG00005012307	14	92
ENSMZEG00005012308	0	1
ENSMZEG00005012309	1254	332
ENSMZEG00005012310	0	0
ENSMZEG00005012311	2	0
ENSMZEG00005012312	0	0
ENSMZEG00005012313	34	35
ENSMZEG00005012314	0	0
ENSMZEG00005012315	0	0
ENSMZEG00005012316	840	1276
ENSMZEG00005012317	3	11
ENSMZEG00005012318	50	268
ENSMZEG00005012319	0	0
ENSMZEG00005012320	0	1
ENSMZEG00005012321	0	0
ENSMZEG00005012322	4	9
ENSMZEG00005012323	0	0
ENSMZEG00005012324	2	3
ENSMZEG00005012325	6	6
ENSMZEG00005012326	0	0
ENSMZEG00005012327	0	0
ENSMZEG00005012328	2	9
ENSMZEG00005012329	7	4
ENSMZEG00005012330	9	1
ENSMZEG00005012331	0	0
ENSMZEG00005012332	81	98
ENSMZEG00005012333	0	0
ENSMZEG00005012334	0	0
ENSMZEG00005012335	0	5
ENSMZEG00005012336	0	3
ENSMZEG00005012337	28	13
ENSMZEG00005012338	0	0
ENSMZEG00005012339	0	0
ENSMZEG00005012340	13	71
ENSMZEG00005012341	0	0
ENSMZEG00005012342	0	0
ENSMZEG00005012343	1	1
ENSMZEG00005012344	0	0
ENSMZEG00005012345	88	50
ENSMZEG00005012346	47	1
ENSMZEG00005012347	23	14
ENSMZEG00005012348	0	7
ENSMZEG00005012349	0	2
ENSMZEG00005012350	3	6
ENSMZEG00005012351	148	514
ENSMZEG00005012352	140	141
ENSMZEG00005012353	2	4
ENSMZEG00005012354	3	0
ENSMZEG00005012355	3	7
ENSMZEG00005012356	10	3
ENSMZEG00005012357	1	0
ENSMZEG00005012358	0	0
ENSMZEG00005012359	0	1
ENSMZEG00005012360	2	1
ENSMZEG00005012361	0	0
ENSMZEG00005012362	1	3
ENSMZEG00005012363	14	19
ENSMZEG00005012364	0	4
ENSMZEG00005012365	2	4
ENSMZEG00005012366	1	0
ENSMZEG00005012367	0	0
ENSMZEG00005012368	1	2
ENSMZEG00005012369	12	18
ENSMZEG00005012370	39	20
ENSMZEG00005012371	11	6
ENSMZEG00005012372	4	6
ENSMZEG00005012373	74	145
ENSMZEG00005012374	0	0
ENSMZEG00005012375	0	0
ENSMZEG00005012376	0	0
ENSMZEG00005012377	984	551
ENSMZEG00005012378	0	0
ENSMZEG00005012379	0	0
ENSMZEG00005012380	0	0
ENSMZEG00005012381	6	9
ENSMZEG00005012382	0	0
ENSMZEG00005012383	8	0
ENSMZEG00005012384	3	7
ENSMZEG00005012385	0	0
ENSMZEG00005012386	0	0
ENSMZEG00005012387	0	0
ENSMZEG00005012388	151	26
ENSMZEG00005012389	0	0
ENSMZEG00005012390	0	0
ENSMZEG00005012391	0	3
ENSMZEG00005012392	1	0
ENSMZEG00005012393	0	0
ENSMZEG00005012394	0	0
ENSMZEG00005012395	0	0
ENSMZEG00005012396	0	0
ENSMZEG00005012397	0	0
ENSMZEG00005012398	2	8
ENSMZEG00005012399	2	0
ENSMZEG00005012400	0	0
ENSMZEG00005012401	0	0
ENSMZEG00005012402	0	0
ENSMZEG00005012403	6	4
ENSMZEG00005012404	0	2
ENSMZEG00005012405	405	742
ENSMZEG00005012406	8	4
ENSMZEG00005012407	0	1
ENSMZEG00005012408	1	0
ENSMZEG00005012409	0	0
ENSMZEG00005012410	0	0
ENSMZEG00005012411	0	2
ENSMZEG00005012412	0	0
ENSMZEG00005012413	1	2
ENSMZEG00005012414	1	0
ENSMZEG00005012415	8	30
ENSMZEG00005012416	0	0
ENSMZEG00005012417	1	0
ENSMZEG00005012418	0	0
ENSMZEG00005012419	13	9
ENSMZEG00005012420	0	0
ENSMZEG00005012421	1	2
ENSMZEG00005012422	0	1
ENSMZEG00005012423	1	0
ENSMZEG00005012424	0	13
ENSMZEG00005012425	0	0
ENSMZEG00005012426	0	0
ENSMZEG00005012427	18	13
ENSMZEG00005012428	30	40
ENSMZEG00005012429	5	7
ENSMZEG00005012430	0	0
ENSMZEG00005012431	0	0
ENSMZEG00005012432	0	3
ENSMZEG00005012433	0	0
ENSMZEG00005012434	7	0
ENSMZEG00005012435	1	0
ENSMZEG00005012436	0	0
ENSMZEG00005012437	6	4
ENSMZEG00005012438	4	0
ENSMZEG00005012439	15	2
ENSMZEG00005012440	0	2
ENSMZEG00005012441	2	2
ENSMZEG00005012442	0	0
ENSMZEG00005012443	7	3
ENSMZEG00005012444	0	4
ENSMZEG00005012445	5	2
ENSMZEG00005012446	2	0
ENSMZEG00005012447	0	0
ENSMZEG00005012448	1	0
ENSMZEG00005012449	1	14
ENSMZEG00005012450	0	0
ENSMZEG00005012451	0	0
ENSMZEG00005012452	3	0
ENSMZEG00005012453	9	9
ENSMZEG00005012454	0	0
ENSMZEG00005012455	0	0
ENSMZEG00005012456	1	4
ENSMZEG00005012457	1	1
ENSMZEG00005012458	0	0
ENSMZEG00005012459	6	2
ENSMZEG00005012460	0	4
ENSMZEG00005012461	1	0
ENSMZEG00005012462	0	0
ENSMZEG00005012463	1	1
ENSMZEG00005012464	0	5
ENSMZEG00005012465	0	0
ENSMZEG00005012466	88	135
ENSMZEG00005012467	2	0
ENSMZEG00005012468	0	1
ENSMZEG00005012469	1	1
ENSMZEG00005012470	3	2
ENSMZEG00005012471	1	1
ENSMZEG00005012472	0	0
ENSMZEG00005012473	4	8
ENSMZEG00005012474	19	41
ENSMZEG00005012475	0	0
ENSMZEG00005012476	0	1
ENSMZEG00005012477	3	9
ENSMZEG00005012478	0	1
ENSMZEG00005012479	0	0
ENSMZEG00005012480	453	177
ENSMZEG00005012481	0	0
ENSMZEG00005012482	1	0
ENSMZEG00005012483	343	698
ENSMZEG00005012484	2	1
ENSMZEG00005012485	0	0
ENSMZEG00005012486	5	4
ENSMZEG00005012487	0	0
ENSMZEG00005012488	89	182
ENSMZEG00005012489	1	0
ENSMZEG00005012490	6	1
ENSMZEG00005012491	2	5
ENSMZEG00005012492	8	9
ENSMZEG00005012493	17	5
ENSMZEG00005012494	6	3
ENSMZEG00005012495	0	0
ENSMZEG00005012496	1	1
ENSMZEG00005012497	45	75
ENSMZEG00005012498	17	54
ENSMZEG00005012499	0	0
ENSMZEG00005012500	3	1
ENSMZEG00005012501	0	0
ENSMZEG00005012502	0	1
ENSMZEG00005012503	157	299
ENSMZEG00005012504	0	0
ENSMZEG00005012505	175	177
ENSMZEG00005012506	944	985
ENSMZEG00005012507	0	0
ENSMZEG00005012508	0	0
ENSMZEG00005012509	0	0
ENSMZEG00005012510	733	1049
ENSMZEG00005012511	35	138
ENSMZEG00005012512	5198	2495
ENSMZEG00005012513	0	1
ENSMZEG00005012514	2	0
ENSMZEG00005012515	0	1
ENSMZEG00005012516	2	2
ENSMZEG00005012517	7	0
ENSMZEG00005012518	0	0
ENSMZEG00005012519	1	0
ENSMZEG00005012520	0	0
ENSMZEG00005012521	1	5
ENSMZEG00005012522	0	2
ENSMZEG00005012523	0	1
ENSMZEG00005012524	0	0
ENSMZEG00005012525	8	3
ENSMZEG00005012526	0	0
ENSMZEG00005012527	0	0
ENSMZEG00005012528	3	0
ENSMZEG00005012529	3	1
ENSMZEG00005012530	0	4
ENSMZEG00005012531	3	0
ENSMZEG00005012532	17	0
ENSMZEG00005012533	2	3
ENSMZEG00005012534	0	0
ENSMZEG00005012535	20	28
ENSMZEG00005012536	5	0
ENSMZEG00005012537	0	0
ENSMZEG00005012538	3	5
ENSMZEG00005012539	1	0
ENSMZEG00005012540	2	0
ENSMZEG00005012541	282	34
ENSMZEG00005012542	0	2
ENSMZEG00005012543	0	1
ENSMZEG00005012544	0	8
ENSMZEG00005012545	0	1
ENSMZEG00005012546	0	0
ENSMZEG00005012547	40	25
ENSMZEG00005012548	2	2
ENSMZEG00005012549	5	3
ENSMZEG00005012550	0	0
ENSMZEG00005012551	0	0
ENSMZEG00005012552	0	0
ENSMZEG00005012553	0	0
ENSMZEG00005012554	0	1
ENSMZEG00005012555	153	21
ENSMZEG00005012556	0	0
ENSMZEG00005012557	0	0
ENSMZEG00005012558	1	3
ENSMZEG00005012559	400	543
ENSMZEG00005012560	7	2
ENSMZEG00005012561	0	0
ENSMZEG00005012562	0	0
ENSMZEG00005012563	0	0
ENSMZEG00005012564	174	30
ENSMZEG00005012565	257	424
ENSMZEG00005012566	0	1
ENSMZEG00005012567	0	0
ENSMZEG00005012568	0	0
ENSMZEG00005012569	0	7
ENSMZEG00005012570	0	0
ENSMZEG00005012571	4	17
ENSMZEG00005012572	0	2
ENSMZEG00005012573	3	0
ENSMZEG00005012574	0	0
ENSMZEG00005012575	0	0
ENSMZEG00005012576	1	1
ENSMZEG00005012577	0	0
ENSMZEG00005012578	4	2
ENSMZEG00005012579	0	0
ENSMZEG00005012580	2	0
ENSMZEG00005012581	0	0
ENSMZEG00005012582	0	0
ENSMZEG00005012583	0	0
ENSMZEG00005012584	507	508
ENSMZEG00005012585	18	18
ENSMZEG00005012586	8	111
ENSMZEG00005012587	5	3
ENSMZEG00005012588	0	1
ENSMZEG00005012589	5	1
ENSMZEG00005012590	0	0
ENSMZEG00005012591	1032	641
ENSMZEG00005012592	1	0
ENSMZEG00005012593	1	0
ENSMZEG00005012594	1	1
ENSMZEG00005012595	0	0
ENSMZEG00005012596	0	2
ENSMZEG00005012597	0	0
ENSMZEG00005012598	0	0
ENSMZEG00005012599	0	0
ENSMZEG00005012600	0	0
ENSMZEG00005012601	0	0
ENSMZEG00005012602	11	3
ENSMZEG00005012603	0	0
ENSMZEG00005012604	1115	11377
ENSMZEG00005012605	0	0
ENSMZEG00005012606	0	0
ENSMZEG00005012607	149	117
ENSMZEG00005012608	1	0
ENSMZEG00005012609	0	0
ENSMZEG00005012610	112	130
ENSMZEG00005012611	26	2
ENSMZEG00005012612	0	0
ENSMZEG00005012613	7	1
ENSMZEG00005012614	18	11
ENSMZEG00005012615	0	2
ENSMZEG00005012616	2	1
ENSMZEG00005012617	602	737
ENSMZEG00005012618	254	487
ENSMZEG00005012619	0	0
ENSMZEG00005012620	0	0
ENSMZEG00005012621	3	5
ENSMZEG00005012622	0	0
ENSMZEG00005012623	0	0
ENSMZEG00005012624	0	0
ENSMZEG00005012625	2	6
ENSMZEG00005012626	72	93
ENSMZEG00005012627	0	8
ENSMZEG00005012628	2	7
ENSMZEG00005012629	0	0
ENSMZEG00005012630	0	0
ENSMZEG00005012631	0	0
ENSMZEG00005012632	0	1
ENSMZEG00005012633	0	0
ENSMZEG00005012634	0	0
ENSMZEG00005012635	1	0
ENSMZEG00005012636	0	1
ENSMZEG00005012637	4	3
ENSMZEG00005012638	1	1
ENSMZEG00005012639	0	2
ENSMZEG00005012640	0	0
ENSMZEG00005012641	3	2
ENSMZEG00005012642	1	3
ENSMZEG00005012643	2	0
ENSMZEG00005012644	0	0
ENSMZEG00005012645	0	0
ENSMZEG00005012646	5	26
ENSMZEG00005012647	3	11
ENSMZEG00005012648	0	0
ENSMZEG00005012649	0	0
ENSMZEG00005012650	2	1
ENSMZEG00005012651	3	0
ENSMZEG00005012652	6	1
ENSMZEG00005012653	0	1
ENSMZEG00005012654	16	9
ENSMZEG00005012655	0	0
ENSMZEG00005012656	0	0
ENSMZEG00005012657	0	1
ENSMZEG00005012658	4	5
ENSMZEG00005012659	292	362
ENSMZEG00005012660	0	6
ENSMZEG00005012661	0	0
ENSMZEG00005012662	0	0
ENSMZEG00005012663	1195	1209
ENSMZEG00005012664	0	4
ENSMZEG00005012665	1	0
ENSMZEG00005012666	370	50
ENSMZEG00005012667	1	0
ENSMZEG00005012668	17	19
ENSMZEG00005012669	18	3
ENSMZEG00005012670	7	2
ENSMZEG00005012671	1	6
ENSMZEG00005012672	7	4
ENSMZEG00005012673	3	6
ENSMZEG00005012674	0	0
ENSMZEG00005012675	1	0
ENSMZEG00005012676	0	0
ENSMZEG00005012677	1	0
ENSMZEG00005012678	8	1
ENSMZEG00005012679	0	1
ENSMZEG00005012680	9	7
ENSMZEG00005012681	8	0
ENSMZEG00005012682	2	1
ENSMZEG00005012683	0	1
ENSMZEG00005012684	0	1
ENSMZEG00005012685	246	492
ENSMZEG00005012686	0	0
ENSMZEG00005012687	15	4
ENSMZEG00005012688	0	2
ENSMZEG00005012689	2	0
ENSMZEG00005012690	225	63
ENSMZEG00005012691	1	0
ENSMZEG00005012692	0	0
ENSMZEG00005012693	11	3
ENSMZEG00005012694	0	0
ENSMZEG00005012695	0	0
ENSMZEG00005012696	22	11
ENSMZEG00005012697	2	0
ENSMZEG00005012698	0	0
ENSMZEG00005012699	97	9
ENSMZEG00005012700	0	0
ENSMZEG00005012701	2	0
ENSMZEG00005012702	0	0
ENSMZEG00005012703	4	0
ENSMZEG00005012704	16	20
ENSMZEG00005012705	0	3
ENSMZEG00005012706	6	0
ENSMZEG00005012707	0	0
ENSMZEG00005012708	0	0
ENSMZEG00005012709	0	0
ENSMZEG00005012710	2	3
ENSMZEG00005012711	0	0
ENSMZEG00005012712	0	0
ENSMZEG00005012713	0	0
ENSMZEG00005012714	0	0
ENSMZEG00005012715	1	0
ENSMZEG00005012716	0	0
ENSMZEG00005012717	17	0
ENSMZEG00005012718	217	629
ENSMZEG00005012719	0	0
ENSMZEG00005012720	0	0
ENSMZEG00005012721	0	0
ENSMZEG00005012722	2	3
ENSMZEG00005012723	0	0
ENSMZEG00005012724	0	0
ENSMZEG00005012725	0	0
ENSMZEG00005012726	1	6
ENSMZEG00005012727	0	0
ENSMZEG00005012728	3	0
ENSMZEG00005012729	0	0
ENSMZEG00005012730	11	21
ENSMZEG00005012731	295	394
ENSMZEG00005012732	0	0
ENSMZEG00005012733	1	3
ENSMZEG00005012734	0	0
ENSMZEG00005012735	0	0
ENSMZEG00005012736	0	0
ENSMZEG00005012737	0	0
ENSMZEG00005012738	1125	289
ENSMZEG00005012739	0	0
ENSMZEG00005012740	0	0
ENSMZEG00005012741	2	2
ENSMZEG00005012742	44	29
ENSMZEG00005012743	0	0
ENSMZEG00005012744	0	0
ENSMZEG00005012745	1	0
ENSMZEG00005012746	48	2
ENSMZEG00005012747	0	0
ENSMZEG00005012748	0	0
ENSMZEG00005012749	2	2
ENSMZEG00005012750	0	0
ENSMZEG00005012751	0	0
ENSMZEG00005012752	2	3
ENSMZEG00005012753	1134	1842
ENSMZEG00005012754	0	0
ENSMZEG00005012755	173	405
ENSMZEG00005012756	0	0
ENSMZEG00005012757	19	5
ENSMZEG00005012758	1	1
ENSMZEG00005012759	2	0
ENSMZEG00005012760	24	5
ENSMZEG00005012761	1	0
ENSMZEG00005012762	0	0
ENSMZEG00005012763	594	175
ENSMZEG00005012764	0	0
ENSMZEG00005012765	1	9
ENSMZEG00005012766	1	1
ENSMZEG00005012767	0	0
ENSMZEG00005012768	1	0
ENSMZEG00005012769	6	2
ENSMZEG00005012770	4	12
ENSMZEG00005012771	0	0
ENSMZEG00005012772	0	3
ENSMZEG00005012773	73	33
ENSMZEG00005012774	0	0
ENSMZEG00005012775	0	0
ENSMZEG00005012776	0	0
ENSMZEG00005012777	0	2
ENSMZEG00005012778	0	0
ENSMZEG00005012779	0	0
ENSMZEG00005012780	0	3
ENSMZEG00005012781	2	0
ENSMZEG00005012782	3	1
ENSMZEG00005012783	0	3
ENSMZEG00005012784	1	5
ENSMZEG00005012785	0	0
ENSMZEG00005012786	0	1
ENSMZEG00005012787	0	0
ENSMZEG00005012788	8	1
ENSMZEG00005012789	0	0
ENSMZEG00005012790	4	1
ENSMZEG00005012791	39	11
ENSMZEG00005012792	0	0
ENSMZEG00005012793	0	0
ENSMZEG00005012794	3	6
ENSMZEG00005012795	64	10
ENSMZEG00005012796	15	1
ENSMZEG00005012797	0	0
ENSMZEG00005012798	0	0
ENSMZEG00005012799	0	0
ENSMZEG00005012800	1	3
ENSMZEG00005012801	0	0
ENSMZEG00005012802	0	0
ENSMZEG00005012803	341	280
ENSMZEG00005012804	0	0
ENSMZEG00005012805	0	3
ENSMZEG00005012806	0	0
ENSMZEG00005012807	0	0
ENSMZEG00005012808	0	4
ENSMZEG00005012809	0	6
ENSMZEG00005012810	0	0
ENSMZEG00005012811	1	0
ENSMZEG00005012812	0	0
ENSMZEG00005012813	2	0
ENSMZEG00005012814	0	0
ENSMZEG00005012815	2	23
ENSMZEG00005012816	0	0
ENSMZEG00005012817	2	1
ENSMZEG00005012818	0	0
ENSMZEG00005012819	9	29
ENSMZEG00005012820	15	5
ENSMZEG00005012821	2	0
ENSMZEG00005012822	0	0
ENSMZEG00005012823	0	0
ENSMZEG00005012824	4	0
ENSMZEG00005012825	3	4
ENSMZEG00005012826	2	3
ENSMZEG00005012827	2	15
ENSMZEG00005012828	0	0
ENSMZEG00005012829	0	0
ENSMZEG00005012830	0	0
ENSMZEG00005012831	0	0
ENSMZEG00005012832	2	0
ENSMZEG00005012833	56	1
ENSMZEG00005012834	17	17
ENSMZEG00005012835	0	0
ENSMZEG00005012836	2	0
ENSMZEG00005012837	0	0
ENSMZEG00005012838	0	0
ENSMZEG00005012839	0	0
ENSMZEG00005012840	179	20
ENSMZEG00005012841	3	54
ENSMZEG00005012842	0	1
ENSMZEG00005012843	0	0
ENSMZEG00005012844	0	1
ENSMZEG00005012845	29	46
ENSMZEG00005012846	0	0
ENSMZEG00005012847	2	0
ENSMZEG00005012848	1	0
ENSMZEG00005012849	2	0
ENSMZEG00005012850	0	0
ENSMZEG00005012851	1	1
ENSMZEG00005012852	0	0
ENSMZEG00005012853	171	88
ENSMZEG00005012854	3	0
ENSMZEG00005012855	0	0
ENSMZEG00005012856	0	0
ENSMZEG00005012857	79	42
ENSMZEG00005012858	4	7
ENSMZEG00005012859	0	0
ENSMZEG00005012860	0	0
ENSMZEG00005012861	0	2
ENSMZEG00005012862	0	0
ENSMZEG00005012863	0	0
ENSMZEG00005012864	0	2
ENSMZEG00005012865	53	16
ENSMZEG00005012866	11	7
ENSMZEG00005012867	0	0
ENSMZEG00005012868	2	0
ENSMZEG00005012869	0	0
ENSMZEG00005012870	4	16
ENSMZEG00005012871	0	1
ENSMZEG00005012872	575	849
ENSMZEG00005012873	4	6
ENSMZEG00005012874	0	0
ENSMZEG00005012875	20	2
ENSMZEG00005012876	0	1
ENSMZEG00005012877	0	0
ENSMZEG00005012878	0	0
ENSMZEG00005012879	0	0
ENSMZEG00005012880	0	0
ENSMZEG00005012881	9	7
ENSMZEG00005012882	0	0
ENSMZEG00005012883	1	4
ENSMZEG00005012884	8	4
ENSMZEG00005012885	2	5
ENSMZEG00005012886	0	3
ENSMZEG00005012887	2	1
ENSMZEG00005012888	289	35
ENSMZEG00005012889	2	0
ENSMZEG00005012890	13	0
ENSMZEG00005012891	0	0
ENSMZEG00005012892	1	2
ENSMZEG00005012893	2	2
ENSMZEG00005012894	0	0
ENSMZEG00005012895	0	0
ENSMZEG00005012896	0	0
ENSMZEG00005012897	0	0
ENSMZEG00005012898	1	1
ENSMZEG00005012899	1	2
ENSMZEG00005012900	0	0
ENSMZEG00005012901	0	0
ENSMZEG00005012902	0	0
ENSMZEG00005012903	0	1
ENSMZEG00005012904	1	1
ENSMZEG00005012905	11	1
ENSMZEG00005012906	11	3
ENSMZEG00005012907	0	0
ENSMZEG00005012908	0	0
ENSMZEG00005012909	1	3
ENSMZEG00005012910	0	0
ENSMZEG00005012911	0	0
ENSMZEG00005012912	0	0
ENSMZEG00005012913	1	0
ENSMZEG00005012914	0	0
ENSMZEG00005012915	0	3
ENSMZEG00005012916	33	45
ENSMZEG00005012917	3	10
ENSMZEG00005012918	0	3
ENSMZEG00005012919	4	0
ENSMZEG00005012920	0	0
ENSMZEG00005012921	8	0
ENSMZEG00005012922	2	2
ENSMZEG00005012923	2	0
ENSMZEG00005012924	1	0
ENSMZEG00005012925	0	1
ENSMZEG00005012926	2	0
ENSMZEG00005012927	0	0
ENSMZEG00005012928	0	1
ENSMZEG00005012929	0	0
ENSMZEG00005012930	0	0
ENSMZEG00005012931	6	4
ENSMZEG00005012932	0	4
ENSMZEG00005012933	0	7
ENSMZEG00005012934	0	1
ENSMZEG00005012935	3	11
ENSMZEG00005012936	0	0
ENSMZEG00005012937	7	0
ENSMZEG00005012938	0	1
ENSMZEG00005012939	0	0
ENSMZEG00005012940	0	0
ENSMZEG00005012941	0	0
ENSMZEG00005012942	5	14
ENSMZEG00005012943	6	1
ENSMZEG00005012944	245	318
ENSMZEG00005012945	1	0
ENSMZEG00005012946	2	1
ENSMZEG00005012947	0	0
ENSMZEG00005012948	0	0
ENSMZEG00005012949	0	0
ENSMZEG00005012950	1	0
ENSMZEG00005012951	1	8
ENSMZEG00005012952	0	0
ENSMZEG00005012953	0	6
ENSMZEG00005012954	0	0
ENSMZEG00005012955	0	0
ENSMZEG00005012956	3	1
ENSMZEG00005012957	0	0
ENSMZEG00005012958	0	5
ENSMZEG00005012959	0	0
ENSMZEG00005012960	9	5
ENSMZEG00005012961	0	0
ENSMZEG00005012962	0	0
ENSMZEG00005012963	0	2
ENSMZEG00005012964	0	0
ENSMZEG00005012965	1	5
ENSMZEG00005012966	0	0
ENSMZEG00005012967	15	2
ENSMZEG00005012968	0	0
ENSMZEG00005012969	0	0
ENSMZEG00005012970	9	5
ENSMZEG00005012971	25	227
ENSMZEG00005012972	0	0
ENSMZEG00005012973	0	0
ENSMZEG00005012974	7	8
ENSMZEG00005012975	0	0
ENSMZEG00005012976	15	3
ENSMZEG00005012977	0	1
ENSMZEG00005012978	2	2
ENSMZEG00005012979	31	132
ENSMZEG00005012980	2	0
ENSMZEG00005012981	0	0
ENSMZEG00005012982	2	0
ENSMZEG00005012983	2	0
ENSMZEG00005012984	1	1
ENSMZEG00005012985	595	651
ENSMZEG00005012986	35	312
ENSMZEG00005012987	0	0
ENSMZEG00005012988	2	1
ENSMZEG00005012989	0	0
ENSMZEG00005012990	9	110
ENSMZEG00005012991	3437	4999
ENSMZEG00005012992	0	0
ENSMZEG00005012993	0	0
ENSMZEG00005012994	0	0
ENSMZEG00005012995	2	1
ENSMZEG00005012996	0	1
ENSMZEG00005012997	0	2
ENSMZEG00005012998	4	3
ENSMZEG00005012999	1	0
ENSMZEG00005013000	0	0
ENSMZEG00005013001	1	0
ENSMZEG00005013002	5	2
ENSMZEG00005013003	0	0
ENSMZEG00005013004	23	2
ENSMZEG00005013005	89	323
ENSMZEG00005013006	0	2
ENSMZEG00005013007	2	0
ENSMZEG00005013008	0	1
ENSMZEG00005013009	0	3
ENSMZEG00005013010	0	0
ENSMZEG00005013011	0	0
ENSMZEG00005013012	3	1
ENSMZEG00005013013	18	6
ENSMZEG00005013014	0	0
ENSMZEG00005013015	0	0
ENSMZEG00005013016	0	3
ENSMZEG00005013017	0	10
ENSMZEG00005013018	0	2
ENSMZEG00005013019	6	0
ENSMZEG00005013020	0	6
ENSMZEG00005013021	422	589
ENSMZEG00005013022	0	0
ENSMZEG00005013023	164	55
ENSMZEG00005013024	52	4
ENSMZEG00005013025	36	24
ENSMZEG00005013026	257	139
ENSMZEG00005013027	0	0
ENSMZEG00005013028	6	3
ENSMZEG00005013029	0	1
ENSMZEG00005013030	13	45
ENSMZEG00005013031	0	2
ENSMZEG00005013032	7	8
ENSMZEG00005013033	757	1088
ENSMZEG00005013034	9	5
ENSMZEG00005013035	10	3
ENSMZEG00005013036	3	0
ENSMZEG00005013037	91	325
ENSMZEG00005013038	3	0
ENSMZEG00005013039	262	28
ENSMZEG00005013040	0	0
ENSMZEG00005013041	7	4
ENSMZEG00005013042	38	58
ENSMZEG00005013043	0	0
ENSMZEG00005013044	0	0
ENSMZEG00005013045	2	0
ENSMZEG00005013046	0	1
ENSMZEG00005013047	3	0
ENSMZEG00005013048	0	0
ENSMZEG00005013049	227	22
ENSMZEG00005013050	86	100
ENSMZEG00005013051	0	0
ENSMZEG00005013052	3	5
ENSMZEG00005013053	0	0
ENSMZEG00005013054	9	0
ENSMZEG00005013055	10	1
ENSMZEG00005013056	0	0
ENSMZEG00005013057	3	1
ENSMZEG00005013058	0	0
ENSMZEG00005013059	0	1
ENSMZEG00005013060	0	0
ENSMZEG00005013061	0	2
ENSMZEG00005013062	0	0
ENSMZEG00005013063	1	0
ENSMZEG00005013064	0	0
ENSMZEG00005013065	32	473
ENSMZEG00005013066	0	0
ENSMZEG00005013067	2	0
ENSMZEG00005013068	0	0
ENSMZEG00005013069	0	0
ENSMZEG00005013070	921	342
ENSMZEG00005013071	1	0
ENSMZEG00005013072	0	0
ENSMZEG00005013073	6	3
ENSMZEG00005013074	0	0
ENSMZEG00005013075	0	0
ENSMZEG00005013076	3	1
ENSMZEG00005013077	0	0
ENSMZEG00005013078	1	1
ENSMZEG00005013079	0	1
ENSMZEG00005013080	0	0
ENSMZEG00005013081	0	1
ENSMZEG00005013082	1	0
ENSMZEG00005013083	0	0
ENSMZEG00005013084	0	1
ENSMZEG00005013085	0	0
ENSMZEG00005013086	4	9
ENSMZEG00005013087	25	9
ENSMZEG00005013088	0	0
ENSMZEG00005013089	0	0
ENSMZEG00005013090	0	0
ENSMZEG00005013091	8	10
ENSMZEG00005013092	10	26
ENSMZEG00005013093	0	0
ENSMZEG00005013094	0	0
ENSMZEG00005013095	2	10
ENSMZEG00005013096	0	0
ENSMZEG00005013097	2	13
ENSMZEG00005013098	0	1
ENSMZEG00005013099	0	0
ENSMZEG00005013100	1	2
ENSMZEG00005013101	3	0
ENSMZEG00005013102	1	1
ENSMZEG00005013103	0	0
ENSMZEG00005013104	0	0
ENSMZEG00005013105	0	0
ENSMZEG00005013106	0	0
ENSMZEG00005013107	8	0
ENSMZEG00005013108	0	0
ENSMZEG00005013109	0	0
ENSMZEG00005013110	0	0
ENSMZEG00005013111	0	0
ENSMZEG00005013112	0	0
ENSMZEG00005013113	0	0
ENSMZEG00005013114	0	0
ENSMZEG00005013115	0	0
ENSMZEG00005013116	1	0
ENSMZEG00005013117	2	3
ENSMZEG00005013118	0	0
ENSMZEG00005013119	4	3
ENSMZEG00005013120	0	5
ENSMZEG00005013121	0	1
ENSMZEG00005013122	0	0
ENSMZEG00005013123	0	2
ENSMZEG00005013124	0	0
ENSMZEG00005013125	0	1
ENSMZEG00005013126	4	0
ENSMZEG00005013127	0	1
ENSMZEG00005013128	0	1
ENSMZEG00005013129	0	6
ENSMZEG00005013130	0	0
ENSMZEG00005013131	0	0
ENSMZEG00005013132	1	0
ENSMZEG00005013133	1	0
ENSMZEG00005013134	0	0
ENSMZEG00005013135	11	2
ENSMZEG00005013136	1	2
ENSMZEG00005013137	1	0
ENSMZEG00005013138	0	3
ENSMZEG00005013139	0	0
ENSMZEG00005013140	0	0
ENSMZEG00005013141	2	8
ENSMZEG00005013142	3	0
ENSMZEG00005013143	0	2
ENSMZEG00005013144	2	4
ENSMZEG00005013145	0	0
ENSMZEG00005013146	3	1
ENSMZEG00005013147	12	34
ENSMZEG00005013148	2	0
ENSMZEG00005013149	0	0
ENSMZEG00005013150	0	0
ENSMZEG00005013151	0	0
ENSMZEG00005013152	11	2
ENSMZEG00005013153	4	3
ENSMZEG00005013154	0	3
ENSMZEG00005013155	1	0
ENSMZEG00005013156	30	1
ENSMZEG00005013157	1	4
ENSMZEG00005013158	0	0
ENSMZEG00005013159	3	6
ENSMZEG00005013160	2	2
ENSMZEG00005013161	1	2
ENSMZEG00005013162	29	8
ENSMZEG00005013163	1	8
ENSMZEG00005013164	0	1
ENSMZEG00005013165	0	2
ENSMZEG00005013166	9	12
ENSMZEG00005013167	0	0
ENSMZEG00005013168	0	0
ENSMZEG00005013169	1	5
ENSMZEG00005013170	48	123
ENSMZEG00005013171	0	0
ENSMZEG00005013172	1	3
ENSMZEG00005013173	2	4
ENSMZEG00005013174	0	0
ENSMZEG00005013175	0	0
ENSMZEG00005013176	1	13
ENSMZEG00005013177	9	3
ENSMZEG00005013178	0	0
ENSMZEG00005013179	0	0
ENSMZEG00005013180	20	8
ENSMZEG00005013181	0	3
ENSMZEG00005013182	7	1
ENSMZEG00005013183	3	18
ENSMZEG00005013184	0	0
ENSMZEG00005013185	1090	426
ENSMZEG00005013186	0	0
ENSMZEG00005013187	0	0
ENSMZEG00005013188	35	0
ENSMZEG00005013189	5	11
ENSMZEG00005013190	1	0
ENSMZEG00005013191	0	0
ENSMZEG00005013192	4	2
ENSMZEG00005013193	21	16
ENSMZEG00005013194	25	11
ENSMZEG00005013195	0	0
ENSMZEG00005013196	0	0
ENSMZEG00005013197	203	24
ENSMZEG00005013198	0	0
ENSMZEG00005013199	0	0
ENSMZEG00005013200	0	2
ENSMZEG00005013201	0	0
ENSMZEG00005013202	0	0
ENSMZEG00005013203	207	98
ENSMZEG00005013204	72	3
ENSMZEG00005013205	0	0
ENSMZEG00005013206	1	1
ENSMZEG00005013207	0	0
ENSMZEG00005013208	0	1
ENSMZEG00005013209	0	0
ENSMZEG00005013210	4	0
ENSMZEG00005013211	0	0
ENSMZEG00005013212	0	0
ENSMZEG00005013213	0	0
ENSMZEG00005013214	0	1
ENSMZEG00005013215	6	18
ENSMZEG00005013216	0	0
ENSMZEG00005013217	0	0
ENSMZEG00005013218	1	1
ENSMZEG00005013219	4	1
ENSMZEG00005013220	0	0
ENSMZEG00005013221	0	0
ENSMZEG00005013222	6	1
ENSMZEG00005013223	0	0
ENSMZEG00005013224	0	0
ENSMZEG00005013225	0	0
ENSMZEG00005013226	1	1
ENSMZEG00005013227	4	1
ENSMZEG00005013228	2041	5014
ENSMZEG00005013229	0	0
ENSMZEG00005013230	0	12
ENSMZEG00005013231	0	0
ENSMZEG00005013232	0	1
ENSMZEG00005013233	10	4
ENSMZEG00005013234	24	10
ENSMZEG00005013235	18	4
ENSMZEG00005013236	1	0
ENSMZEG00005013237	7	15
ENSMZEG00005013238	0	0
ENSMZEG00005013239	10	8
ENSMZEG00005013240	5	2
ENSMZEG00005013241	0	0
ENSMZEG00005013242	21	5
ENSMZEG00005013243	18	6
ENSMZEG00005013244	30	39
ENSMZEG00005013245	0	1
ENSMZEG00005013246	52	38
ENSMZEG00005013247	1	5
ENSMZEG00005013248	4	0
ENSMZEG00005013249	0	1
ENSMZEG00005013250	12	61
ENSMZEG00005013251	0	3
ENSMZEG00005013252	0	0
ENSMZEG00005013253	69	17
ENSMZEG00005013254	65	38
ENSMZEG00005013255	14	12
ENSMZEG00005013256	0	0
ENSMZEG00005013257	0	0
ENSMZEG00005013258	5	13
ENSMZEG00005013259	0	0
ENSMZEG00005013260	0	1
ENSMZEG00005013261	36	61
ENSMZEG00005013262	23	54
ENSMZEG00005013263	0	0
ENSMZEG00005013264	315	849
ENSMZEG00005013265	24	84
ENSMZEG00005013266	78	1438
ENSMZEG00005013267	0	0
ENSMZEG00005013268	2	14
ENSMZEG00005013269	0	5
ENSMZEG00005013270	0	0
ENSMZEG00005013271	13	3
ENSMZEG00005013272	2404	1660
ENSMZEG00005013273	257	681
ENSMZEG00005013274	15	2
ENSMZEG00005013275	0	0
ENSMZEG00005013276	0	0
ENSMZEG00005013277	10	14
ENSMZEG00005013278	1333	3304
ENSMZEG00005013279	1	1
ENSMZEG00005013280	1	2
ENSMZEG00005013281	0	0
ENSMZEG00005013282	22	0
ENSMZEG00005013283	0	2
ENSMZEG00005013284	0	0
ENSMZEG00005013285	2	0
ENSMZEG00005013286	1	0
ENSMZEG00005013287	1	0
ENSMZEG00005013288	0	0
ENSMZEG00005013289	0	0
ENSMZEG00005013290	3	0
ENSMZEG00005013291	3	0
ENSMZEG00005013292	2	0
ENSMZEG00005013293	0	0
ENSMZEG00005013294	5	1
ENSMZEG00005013295	8	1
ENSMZEG00005013296	0	0
ENSMZEG00005013297	0	0
ENSMZEG00005013298	0	0
ENSMZEG00005013299	5	1
ENSMZEG00005013300	0	0
ENSMZEG00005013301	0	0
ENSMZEG00005013302	2	4
ENSMZEG00005013303	147	186
ENSMZEG00005013304	0	0
ENSMZEG00005013305	0	0
ENSMZEG00005013306	0	4
ENSMZEG00005013307	0	0
ENSMZEG00005013308	0	0
ENSMZEG00005013309	0	0
ENSMZEG00005013310	0	0
ENSMZEG00005013311	0	0
ENSMZEG00005013312	0	0
ENSMZEG00005013313	5	10
ENSMZEG00005013314	0	0
ENSMZEG00005013315	11	7
ENSMZEG00005013316	0	0
ENSMZEG00005013317	24	7
ENSMZEG00005013318	1	3
ENSMZEG00005013319	0	0
ENSMZEG00005013320	0	0
ENSMZEG00005013321	7	0
ENSMZEG00005013322	0	0
ENSMZEG00005013323	0	0
ENSMZEG00005013324	0	0
ENSMZEG00005013325	1	2
ENSMZEG00005013326	0	0
ENSMZEG00005013327	0	0
ENSMZEG00005013328	2	4
ENSMZEG00005013329	0	0
ENSMZEG00005013330	0	0
ENSMZEG00005013331	0	0
ENSMZEG00005013332	155	58
ENSMZEG00005013333	0	0
ENSMZEG00005013334	3	2
ENSMZEG00005013335	0	0
ENSMZEG00005013336	0	0
ENSMZEG00005013337	9	7
ENSMZEG00005013338	0	0
ENSMZEG00005013339	1	0
ENSMZEG00005013340	0	0
ENSMZEG00005013341	3	1
ENSMZEG00005013342	0	0
ENSMZEG00005013343	0	0
ENSMZEG00005013344	8	13
ENSMZEG00005013345	8	2
ENSMZEG00005013346	0	0
ENSMZEG00005013347	0	0
ENSMZEG00005013348	0	0
ENSMZEG00005013349	0	0
ENSMZEG00005013350	0	0
ENSMZEG00005013351	0	8
ENSMZEG00005013352	13	2
ENSMZEG00005013353	0	6
ENSMZEG00005013354	0	0
ENSMZEG00005013355	0	0
ENSMZEG00005013356	7	5
ENSMZEG00005013357	0	0
ENSMZEG00005013358	0	0
ENSMZEG00005013359	0	1
ENSMZEG00005013360	6	1
ENSMZEG00005013361	1	4
ENSMZEG00005013362	0	1
ENSMZEG00005013363	0	3
ENSMZEG00005013364	2	9
ENSMZEG00005013365	1	1
ENSMZEG00005013366	0	0
ENSMZEG00005013367	0	0
ENSMZEG00005013368	5	32
ENSMZEG00005013369	0	0
ENSMZEG00005013370	0	0
ENSMZEG00005013371	0	0
ENSMZEG00005013372	0	0
ENSMZEG00005013373	3	0
ENSMZEG00005013374	20	5
ENSMZEG00005013375	7	0
ENSMZEG00005013376	0	0
ENSMZEG00005013377	0	1
ENSMZEG00005013378	0	0
ENSMZEG00005013379	0	0
ENSMZEG00005013380	105	9
ENSMZEG00005013381	10	1
ENSMZEG00005013382	1	0
ENSMZEG00005013383	0	0
ENSMZEG00005013384	1	23
ENSMZEG00005013385	2	0
ENSMZEG00005013386	0	0
ENSMZEG00005013387	0	0
ENSMZEG00005013388	16	3
ENSMZEG00005013389	1	0
ENSMZEG00005013390	0	0
ENSMZEG00005013391	0	0
ENSMZEG00005013392	0	0
ENSMZEG00005013393	0	0
ENSMZEG00005013394	0	0
ENSMZEG00005013395	2	0
ENSMZEG00005013396	5	0
ENSMZEG00005013397	1	0
ENSMZEG00005013398	0	1
ENSMZEG00005013399	0	0
ENSMZEG00005013400	0	0
ENSMZEG00005013401	7	6
ENSMZEG00005013402	0	0
ENSMZEG00005013403	0	0
ENSMZEG00005013404	16	9
ENSMZEG00005013405	0	0
ENSMZEG00005013406	0	0
ENSMZEG00005013407	776	300
ENSMZEG00005013408	0	0
ENSMZEG00005013409	0	3
ENSMZEG00005013410	0	1
ENSMZEG00005013411	0	1
ENSMZEG00005013412	0	0
ENSMZEG00005013413	4	1
ENSMZEG00005013414	924	627
ENSMZEG00005013415	2	2
ENSMZEG00005013416	0	0
ENSMZEG00005013417	7	1
ENSMZEG00005013418	7	4
ENSMZEG00005013419	1	0
ENSMZEG00005013420	0	0
ENSMZEG00005013421	9	1
ENSMZEG00005013422	22	47
ENSMZEG00005013423	0	1
ENSMZEG00005013424	3	6
ENSMZEG00005013425	0	0
ENSMZEG00005013426	1	0
ENSMZEG00005013427	3	0
ENSMZEG00005013428	5	1
ENSMZEG00005013429	4	1
ENSMZEG00005013430	0	0
ENSMZEG00005013431	0	0
ENSMZEG00005013432	154	796
ENSMZEG00005013433	56	3
ENSMZEG00005013434	1106	1067
ENSMZEG00005013435	0	0
ENSMZEG00005013436	2	0
ENSMZEG00005013437	8	1
ENSMZEG00005013438	6493	2178
ENSMZEG00005013439	2	8
ENSMZEG00005013440	0	17
ENSMZEG00005013441	2	0
ENSMZEG00005013442	3	1
ENSMZEG00005013443	6	3
ENSMZEG00005013444	474	482
ENSMZEG00005013445	18	62
ENSMZEG00005013446	0	1
ENSMZEG00005013447	0	0
ENSMZEG00005013448	0	0
ENSMZEG00005013449	0	0
ENSMZEG00005013450	4	5
ENSMZEG00005013451	0	0
ENSMZEG00005013452	6	5
ENSMZEG00005013453	141	24
ENSMZEG00005013454	1	2
ENSMZEG00005013455	3	2
ENSMZEG00005013456	0	0
ENSMZEG00005013457	0	0
ENSMZEG00005013458	0	0
ENSMZEG00005013459	0	1
ENSMZEG00005013460	0	0
ENSMZEG00005013461	6	2
ENSMZEG00005013462	20	7
ENSMZEG00005013463	0	0
ENSMZEG00005013464	44	14
ENSMZEG00005013465	2	0
ENSMZEG00005013466	0	0
ENSMZEG00005013467	4	5
ENSMZEG00005013468	0	1
ENSMZEG00005013469	0	0
ENSMZEG00005013470	0	0
ENSMZEG00005013471	0	0
ENSMZEG00005013472	12	6
ENSMZEG00005013473	2	0
ENSMZEG00005013474	0	0
ENSMZEG00005013475	7	3
ENSMZEG00005013476	4	1
ENSMZEG00005013477	0	0
ENSMZEG00005013478	0	0
ENSMZEG00005013479	0	0
ENSMZEG00005013480	7	7
ENSMZEG00005013481	3	5
ENSMZEG00005013482	0	0
ENSMZEG00005013483	0	0
ENSMZEG00005013484	0	0
ENSMZEG00005013485	1	6
ENSMZEG00005013486	1	0
ENSMZEG00005013487	0	0
ENSMZEG00005013488	0	0
ENSMZEG00005013489	1	9
ENSMZEG00005013490	0	0
ENSMZEG00005013491	0	0
ENSMZEG00005013492	6	2
ENSMZEG00005013493	0	0
ENSMZEG00005013494	0	0
ENSMZEG00005013495	0	0
ENSMZEG00005013496	4	0
ENSMZEG00005013497	2	2
ENSMZEG00005013498	54	61
ENSMZEG00005013499	20	22
ENSMZEG00005013500	104	38
ENSMZEG00005013501	0	1
ENSMZEG00005013502	10	15
ENSMZEG00005013503	1	0
ENSMZEG00005013504	7	2
ENSMZEG00005013505	0	0
ENSMZEG00005013506	1	6
ENSMZEG00005013507	0	4
ENSMZEG00005013508	0	0
ENSMZEG00005013509	0	2
ENSMZEG00005013510	0	2
ENSMZEG00005013511	0	0
ENSMZEG00005013512	44	48
ENSMZEG00005013513	0	0
ENSMZEG00005013514	11	3
ENSMZEG00005013515	126	548
ENSMZEG00005013516	1	0
ENSMZEG00005013517	0	0
ENSMZEG00005013518	0	0
ENSMZEG00005013519	38	9
ENSMZEG00005013520	0	0
ENSMZEG00005013521	2	1
ENSMZEG00005013522	0	0
ENSMZEG00005013523	0	0
ENSMZEG00005013524	2	2
ENSMZEG00005013525	0	0
ENSMZEG00005013526	0	0
ENSMZEG00005013527	0	0
ENSMZEG00005013528	0	1
ENSMZEG00005013529	5	2
ENSMZEG00005013530	0	0
ENSMZEG00005013531	0	0
ENSMZEG00005013532	6	6
ENSMZEG00005013533	3	3
ENSMZEG00005013534	0	0
ENSMZEG00005013535	12	3
ENSMZEG00005013536	0	0
ENSMZEG00005013537	0	0
ENSMZEG00005013538	77	1197
ENSMZEG00005013539	0	0
ENSMZEG00005013540	0	0
ENSMZEG00005013541	8	6
ENSMZEG00005013542	0	0
ENSMZEG00005013543	38	13
ENSMZEG00005013544	0	0
ENSMZEG00005013545	0	4
ENSMZEG00005013546	184	118
ENSMZEG00005013547	0	0
ENSMZEG00005013548	0	0
ENSMZEG00005013549	0	4
ENSMZEG00005013550	0	0
ENSMZEG00005013551	0	0
ENSMZEG00005013552	0	0
ENSMZEG00005013553	7	0
ENSMZEG00005013554	0	0
ENSMZEG00005013555	0	0
ENSMZEG00005013556	0	2
ENSMZEG00005013557	0	0
ENSMZEG00005013558	0	0
ENSMZEG00005013559	305	691
ENSMZEG00005013560	0	0
ENSMZEG00005013561	0	0
ENSMZEG00005013562	1	0
ENSMZEG00005013563	10	1
ENSMZEG00005013564	3	4
ENSMZEG00005013565	0	1
ENSMZEG00005013566	1	1
ENSMZEG00005013567	0	0
ENSMZEG00005013568	0	0
ENSMZEG00005013569	1	9
ENSMZEG00005013570	0	0
ENSMZEG00005013571	0	0
ENSMZEG00005013572	0	0
ENSMZEG00005013573	8	6
ENSMZEG00005013574	4	0
ENSMZEG00005013575	0	0
ENSMZEG00005013576	0	0
ENSMZEG00005013577	9	5
ENSMZEG00005013578	4	0
ENSMZEG00005013579	0	0
ENSMZEG00005013580	0	0
ENSMZEG00005013581	0	0
ENSMZEG00005013582	11	226
ENSMZEG00005013583	2	5
ENSMZEG00005013584	0	4
ENSMZEG00005013585	2	3
ENSMZEG00005013586	0	0
ENSMZEG00005013587	71	36
ENSMZEG00005013588	1	0
ENSMZEG00005013589	0	0
ENSMZEG00005013590	0	1
ENSMZEG00005013591	0	1
ENSMZEG00005013592	1	0
ENSMZEG00005013593	1	5
ENSMZEG00005013594	10	0
ENSMZEG00005013595	0	0
ENSMZEG00005013596	8	3
ENSMZEG00005013597	5	5
ENSMZEG00005013598	1	3
ENSMZEG00005013599	2	2
ENSMZEG00005013600	0	0
ENSMZEG00005013601	5	0
ENSMZEG00005013602	1	2
ENSMZEG00005013603	150	997
ENSMZEG00005013604	0	0
ENSMZEG00005013605	1	2
ENSMZEG00005013606	2	0
ENSMZEG00005013607	1	0
ENSMZEG00005013608	5	7
ENSMZEG00005013609	0	0
ENSMZEG00005013610	0	0
ENSMZEG00005013611	122	181
ENSMZEG00005013612	23	3
ENSMZEG00005013613	8	4
ENSMZEG00005013614	3	1
ENSMZEG00005013615	1	0
ENSMZEG00005013616	0	3
ENSMZEG00005013617	1	39
ENSMZEG00005013618	1	2
ENSMZEG00005013619	0	0
ENSMZEG00005013620	6	80
ENSMZEG00005013621	0	1
ENSMZEG00005013622	0	1
ENSMZEG00005013623	0	0
ENSMZEG00005013624	35	68
ENSMZEG00005013625	3	2
ENSMZEG00005013626	5	2
ENSMZEG00005013627	1	6
ENSMZEG00005013628	0	1
ENSMZEG00005013629	13	3
ENSMZEG00005013630	0	0
ENSMZEG00005013631	2	2
ENSMZEG00005013632	6	14
ENSMZEG00005013633	2	4
ENSMZEG00005013634	51	63
ENSMZEG00005013635	0	3
ENSMZEG00005013636	3	0
ENSMZEG00005013637	0	0
ENSMZEG00005013638	34	146
ENSMZEG00005013639	0	0
ENSMZEG00005013640	5	17
ENSMZEG00005013641	397	707
ENSMZEG00005013642	5	2
ENSMZEG00005013643	1	1
ENSMZEG00005013644	8	40
ENSMZEG00005013645	2	0
ENSMZEG00005013646	0	0
ENSMZEG00005013647	0	0
ENSMZEG00005013648	7	8
ENSMZEG00005013649	0	0
ENSMZEG00005013650	344	627
ENSMZEG00005013651	0	0
ENSMZEG00005013652	6	21
ENSMZEG00005013653	2	0
ENSMZEG00005013654	1	6
ENSMZEG00005013655	0	0
ENSMZEG00005013656	659	502
ENSMZEG00005013657	1	0
ENSMZEG00005013658	0	3
ENSMZEG00005013659	40	342
ENSMZEG00005013660	0	13
ENSMZEG00005013661	1	0
ENSMZEG00005013662	397	660
ENSMZEG00005013663	0	0
ENSMZEG00005013664	0	0
ENSMZEG00005013665	0	1
ENSMZEG00005013666	88	978
ENSMZEG00005013667	0	1
ENSMZEG00005013668	0	0
ENSMZEG00005013669	4	1
ENSMZEG00005013670	0	0
ENSMZEG00005013671	0	0
ENSMZEG00005013672	0	0
ENSMZEG00005013673	0	0
ENSMZEG00005013674	0	0
ENSMZEG00005013675	0	0
ENSMZEG00005013676	0	0
ENSMZEG00005013677	1	0
ENSMZEG00005013678	859	562
ENSMZEG00005013679	4	3
ENSMZEG00005013680	0	0
ENSMZEG00005013681	2	5
ENSMZEG00005013682	5	2
ENSMZEG00005013683	0	0
ENSMZEG00005013684	0	0
ENSMZEG00005013685	0	2
ENSMZEG00005013686	0	0
ENSMZEG00005013687	0	0
ENSMZEG00005013688	0	0
ENSMZEG00005013689	0	0
ENSMZEG00005013690	190	338
ENSMZEG00005013691	0	4
ENSMZEG00005013692	3	0
ENSMZEG00005013693	1	3
ENSMZEG00005013694	0	0
ENSMZEG00005013695	145	15
ENSMZEG00005013696	3	1
ENSMZEG00005013697	0	0
ENSMZEG00005013698	0	6
ENSMZEG00005013699	4	2
ENSMZEG00005013700	5	1
ENSMZEG00005013701	4	2
ENSMZEG00005013702	0	3
ENSMZEG00005013703	7	13
ENSMZEG00005013704	4	3
ENSMZEG00005013705	0	5
ENSMZEG00005013706	0	0
ENSMZEG00005013707	0	0
ENSMZEG00005013708	0	0
ENSMZEG00005013709	0	0
ENSMZEG00005013710	0	0
ENSMZEG00005013711	0	1
ENSMZEG00005013712	3	18
ENSMZEG00005013713	0	2
ENSMZEG00005013714	2	1
ENSMZEG00005013715	2	7
ENSMZEG00005013716	1	2
ENSMZEG00005013717	16	6
ENSMZEG00005013718	29	6
ENSMZEG00005013719	0	5
ENSMZEG00005013720	5	7
ENSMZEG00005013721	0	2
ENSMZEG00005013722	5	0
ENSMZEG00005013723	0	3
ENSMZEG00005013724	1	1
ENSMZEG00005013725	9	0
ENSMZEG00005013726	0	0
ENSMZEG00005013727	53	16
ENSMZEG00005013728	0	0
ENSMZEG00005013729	0	0
ENSMZEG00005013730	0	2
ENSMZEG00005013731	0	12
ENSMZEG00005013732	11	4
ENSMZEG00005013733	0	0
ENSMZEG00005013734	0	0
ENSMZEG00005013735	0	0
ENSMZEG00005013736	0	0
ENSMZEG00005013737	0	1
ENSMZEG00005013738	3	0
ENSMZEG00005013739	1	2
ENSMZEG00005013740	15	23
ENSMZEG00005013741	19	323
ENSMZEG00005013742	1	3
ENSMZEG00005013743	4	0
ENSMZEG00005013744	5	2
ENSMZEG00005013745	0	0
ENSMZEG00005013746	3	3
ENSMZEG00005013747	1	0
ENSMZEG00005013748	1	0
ENSMZEG00005013749	9	5
ENSMZEG00005013750	3	2
ENSMZEG00005013751	586	17
ENSMZEG00005013752	6	0
ENSMZEG00005013753	0	0
ENSMZEG00005013754	0	0
ENSMZEG00005013755	1	0
ENSMZEG00005013756	43	36
ENSMZEG00005013757	2	6
ENSMZEG00005013758	0	0
ENSMZEG00005013759	8	0
ENSMZEG00005013760	0	0
ENSMZEG00005013761	0	0
ENSMZEG00005013762	2	4
ENSMZEG00005013763	3	0
ENSMZEG00005013764	13	17
ENSMZEG00005013765	0	0
ENSMZEG00005013766	0	0
ENSMZEG00005013767	1	0
ENSMZEG00005013768	0	0
ENSMZEG00005013769	1	0
ENSMZEG00005013770	1	0
ENSMZEG00005013771	3	0
ENSMZEG00005013772	0	0
ENSMZEG00005013773	5	0
ENSMZEG00005013774	15	0
ENSMZEG00005013775	58	6
ENSMZEG00005013776	11	6
ENSMZEG00005013777	5	0
ENSMZEG00005013778	0	0
ENSMZEG00005013779	33	59
ENSMZEG00005013780	8	90
ENSMZEG00005013781	1	0
ENSMZEG00005013782	0	3
ENSMZEG00005013783	0	7
ENSMZEG00005013784	3	1
ENSMZEG00005013785	1	0
ENSMZEG00005013786	6	21
ENSMZEG00005013787	145	52
ENSMZEG00005013788	0	0
ENSMZEG00005013789	1	0
ENSMZEG00005013790	3	2
ENSMZEG00005013791	6	2
ENSMZEG00005013792	30	12
ENSMZEG00005013793	0	0
ENSMZEG00005013794	0	0
ENSMZEG00005013795	1	0
ENSMZEG00005013796	0	0
ENSMZEG00005013797	0	0
ENSMZEG00005013798	0	0
ENSMZEG00005013799	0	0
ENSMZEG00005013800	6	30
ENSMZEG00005013801	4	3
ENSMZEG00005013802	0	0
ENSMZEG00005013803	2343	635
ENSMZEG00005013804	0	126
ENSMZEG00005013805	0	0
ENSMZEG00005013806	2	0
ENSMZEG00005013807	193	247
ENSMZEG00005013808	2	0
ENSMZEG00005013809	0	0
ENSMZEG00005013810	9	1
ENSMZEG00005013811	0	0
ENSMZEG00005013812	0	0
ENSMZEG00005013813	0	0
ENSMZEG00005013814	0	0
ENSMZEG00005013815	0	1
ENSMZEG00005013816	1	5
ENSMZEG00005013817	0	21
ENSMZEG00005013818	3	0
ENSMZEG00005013819	0	1
ENSMZEG00005013820	0	0
ENSMZEG00005013821	0	0
ENSMZEG00005013822	1	15
ENSMZEG00005013823	91	70
ENSMZEG00005013824	0	0
ENSMZEG00005013825	0	0
ENSMZEG00005013826	2	2
ENSMZEG00005013827	5	0
ENSMZEG00005013828	0	0
ENSMZEG00005013829	1	4
ENSMZEG00005013830	6	5
ENSMZEG00005013831	0	0
ENSMZEG00005013832	1	3
ENSMZEG00005013833	0	3
ENSMZEG00005013834	1	0
ENSMZEG00005013835	8	9
ENSMZEG00005013836	0	2
ENSMZEG00005013837	65	31
ENSMZEG00005013838	0	0
ENSMZEG00005013839	9	15
ENSMZEG00005013840	0	0
ENSMZEG00005013841	0	11
ENSMZEG00005013842	7	5
ENSMZEG00005013843	0	0
ENSMZEG00005013844	1	0
ENSMZEG00005013845	0	0
ENSMZEG00005013846	1	0
ENSMZEG00005013847	3	1
ENSMZEG00005013848	0	0
ENSMZEG00005013849	0	0
ENSMZEG00005013850	0	0
ENSMZEG00005013851	0	3
ENSMZEG00005013852	0	0
ENSMZEG00005013853	1	0
ENSMZEG00005013854	5	7
ENSMZEG00005013855	6	0
ENSMZEG00005013856	1	0
ENSMZEG00005013857	4	18
ENSMZEG00005013858	2	4
ENSMZEG00005013859	0	0
ENSMZEG00005013860	14	12
ENSMZEG00005013861	0	0
ENSMZEG00005013862	2	2
ENSMZEG00005013863	0	0
ENSMZEG00005013864	18	17
ENSMZEG00005013865	9	3
ENSMZEG00005013866	3	2
ENSMZEG00005013867	0	0
ENSMZEG00005013868	5	3
ENSMZEG00005013869	344	193
ENSMZEG00005013870	0	0
ENSMZEG00005013871	8	0
ENSMZEG00005013872	0	0
ENSMZEG00005013873	0	0
ENSMZEG00005013874	0	1
ENSMZEG00005013875	2	0
ENSMZEG00005013876	0	0
ENSMZEG00005013877	2	6
ENSMZEG00005013878	3	1
ENSMZEG00005013879	0	0
ENSMZEG00005013880	2	0
ENSMZEG00005013881	1	1
ENSMZEG00005013882	289	361
ENSMZEG00005013883	0	0
ENSMZEG00005013884	4	2
ENSMZEG00005013885	0	0
ENSMZEG00005013886	0	0
ENSMZEG00005013887	1	2
ENSMZEG00005013888	0	0
ENSMZEG00005013889	1	0
ENSMZEG00005013890	0	0
ENSMZEG00005013891	384	288
ENSMZEG00005013892	0	0
ENSMZEG00005013893	0	0
ENSMZEG00005013894	9	5
ENSMZEG00005013895	0	0
ENSMZEG00005013896	2	6
ENSMZEG00005013897	3	0
ENSMZEG00005013898	0	0
ENSMZEG00005013899	0	0
ENSMZEG00005013900	1	4
ENSMZEG00005013901	0	1
ENSMZEG00005013902	0	0
ENSMZEG00005013903	0	0
ENSMZEG00005013904	0	0
ENSMZEG00005013905	1	3
ENSMZEG00005013906	0	0
ENSMZEG00005013907	0	0
ENSMZEG00005013908	1	0
ENSMZEG00005013909	0	0
ENSMZEG00005013910	4	46
ENSMZEG00005013911	0	0
ENSMZEG00005013912	2	3
ENSMZEG00005013913	0	1
ENSMZEG00005013914	0	0
ENSMZEG00005013915	5	0
ENSMZEG00005013916	104	215
ENSMZEG00005013917	1	0
ENSMZEG00005013918	140	304
ENSMZEG00005013919	3	3
ENSMZEG00005013920	6	3
ENSMZEG00005013921	1	7
ENSMZEG00005013922	0	0
ENSMZEG00005013923	11	5
ENSMZEG00005013924	0	0
ENSMZEG00005013925	2	9
ENSMZEG00005013926	0	3
ENSMZEG00005013927	0	0
ENSMZEG00005013928	4	1
ENSMZEG00005013929	5	6
ENSMZEG00005013930	0	0
ENSMZEG00005013931	4	0
ENSMZEG00005013932	0	2
ENSMZEG00005013933	0	2
ENSMZEG00005013934	18	37
ENSMZEG00005013935	3	2
ENSMZEG00005013936	0	0
ENSMZEG00005013937	38	4
ENSMZEG00005013938	0	3
ENSMZEG00005013939	0	0
ENSMZEG00005013940	0	0
ENSMZEG00005013941	4	0
ENSMZEG00005013942	0	1
ENSMZEG00005013943	1	3
ENSMZEG00005013944	0	0
ENSMZEG00005013945	0	0
ENSMZEG00005013946	813	2534
ENSMZEG00005013947	0	0
ENSMZEG00005013948	9	1
ENSMZEG00005013949	1	0
ENSMZEG00005013950	0	0
ENSMZEG00005013951	1	3
ENSMZEG00005013952	0	0
ENSMZEG00005013953	0	0
ENSMZEG00005013954	0	0
ENSMZEG00005013955	28	1
ENSMZEG00005013956	2	0
ENSMZEG00005013957	0	0
ENSMZEG00005013958	0	0
ENSMZEG00005013959	7	6
ENSMZEG00005013960	0	0
ENSMZEG00005013961	0	0
ENSMZEG00005013962	0	1
ENSMZEG00005013963	0	0
ENSMZEG00005013964	140	291
ENSMZEG00005013965	0	2
ENSMZEG00005013966	0	0
ENSMZEG00005013967	0	0
ENSMZEG00005013968	1	2
ENSMZEG00005013969	0	0
ENSMZEG00005013970	0	0
ENSMZEG00005013971	4	4
ENSMZEG00005013972	0	0
ENSMZEG00005013973	1	0
ENSMZEG00005013974	6	31
ENSMZEG00005013975	0	0
ENSMZEG00005013976	0	0
ENSMZEG00005013977	0	0
ENSMZEG00005013978	0	0
ENSMZEG00005013979	203	374
ENSMZEG00005013980	1734	131
ENSMZEG00005013981	0	0
ENSMZEG00005013982	0	3
ENSMZEG00005013983	0	0
ENSMZEG00005013984	2	1
ENSMZEG00005013985	0	3
ENSMZEG00005013986	0	1
ENSMZEG00005013987	0	0
ENSMZEG00005013988	3	3
ENSMZEG00005013989	0	0
ENSMZEG00005013990	11	7
ENSMZEG00005013991	0	4
ENSMZEG00005013992	13	4
ENSMZEG00005013993	0	0
ENSMZEG00005013994	0	4
ENSMZEG00005013995	0	0
ENSMZEG00005013996	0	0
ENSMZEG00005013997	0	0
ENSMZEG00005013998	2	1
ENSMZEG00005013999	3	1
ENSMZEG00005014000	49	486
ENSMZEG00005014001	0	3
ENSMZEG00005014002	0	0
ENSMZEG00005014003	3	20
ENSMZEG00005014004	17	186
ENSMZEG00005014005	0	0
ENSMZEG00005014006	0	18
ENSMZEG00005014007	1	2
ENSMZEG00005014008	1567	586
ENSMZEG00005014009	1	2
ENSMZEG00005014010	0	0
ENSMZEG00005014011	0	0
ENSMZEG00005014012	1	0
ENSMZEG00005014013	0	1
ENSMZEG00005014014	0	2
ENSMZEG00005014015	3	17
ENSMZEG00005014016	0	0
ENSMZEG00005014017	1	0
ENSMZEG00005014018	0	0
ENSMZEG00005014019	0	0
ENSMZEG00005014020	0	0
ENSMZEG00005014021	4	13
ENSMZEG00005014022	0	0
ENSMZEG00005014023	0	0
ENSMZEG00005014024	2373	1572
ENSMZEG00005014025	118	61
ENSMZEG00005014026	0	0
ENSMZEG00005014027	0	0
ENSMZEG00005014028	0	0
ENSMZEG00005014029	0	0
ENSMZEG00005014030	1	0
ENSMZEG00005014031	393	102
ENSMZEG00005014032	0	1
ENSMZEG00005014033	0	2
ENSMZEG00005014034	1	0
ENSMZEG00005014035	0	1
ENSMZEG00005014036	23	2
ENSMZEG00005014037	4	2
ENSMZEG00005014038	1	0
ENSMZEG00005014039	54	74
ENSMZEG00005014040	9	1
ENSMZEG00005014041	0	0
ENSMZEG00005014042	0	0
ENSMZEG00005014043	16	9
ENSMZEG00005014044	0	0
ENSMZEG00005014045	26	11
ENSMZEG00005014046	1	2
ENSMZEG00005014047	0	1
ENSMZEG00005014048	12	9
ENSMZEG00005014049	4	7
ENSMZEG00005014050	1	0
ENSMZEG00005014051	11	6
ENSMZEG00005014052	1	0
ENSMZEG00005014053	3	2
ENSMZEG00005014054	0	0
ENSMZEG00005014055	12	1
ENSMZEG00005014056	6	2
ENSMZEG00005014057	0	0
ENSMZEG00005014058	14	15
ENSMZEG00005014059	3075	2344
ENSMZEG00005014060	1	0
ENSMZEG00005014061	0	0
ENSMZEG00005014062	2	1
ENSMZEG00005014063	8	10
ENSMZEG00005014064	1	0
ENSMZEG00005014065	2	0
ENSMZEG00005014066	0	0
ENSMZEG00005014067	10	0
ENSMZEG00005014068	0	0
ENSMZEG00005014069	0	0
ENSMZEG00005014070	88	49
ENSMZEG00005014071	0	2
ENSMZEG00005014072	0	0
ENSMZEG00005014073	1	0
ENSMZEG00005014074	1	1
ENSMZEG00005014075	0	0
ENSMZEG00005014076	13	25
ENSMZEG00005014077	0	0
ENSMZEG00005014078	10	9
ENSMZEG00005014079	0	8
ENSMZEG00005014080	0	0
ENSMZEG00005014081	22	2
ENSMZEG00005014082	10	8
ENSMZEG00005014083	2	0
ENSMZEG00005014084	3	3
ENSMZEG00005014085	0	0
ENSMZEG00005014086	0	0
ENSMZEG00005014087	1	0
ENSMZEG00005014088	0	0
ENSMZEG00005014089	1	3
ENSMZEG00005014090	0	0
ENSMZEG00005014091	0	0
ENSMZEG00005014092	4	1
ENSMZEG00005014093	5	0
ENSMZEG00005014094	3	0
ENSMZEG00005014095	0	0
ENSMZEG00005014096	1	1
ENSMZEG00005014097	0	2
ENSMZEG00005014098	0	0
ENSMZEG00005014099	2	0
ENSMZEG00005014100	0	0
ENSMZEG00005014101	0	6
ENSMZEG00005014102	10	10
ENSMZEG00005014103	2	0
ENSMZEG00005014104	9	4
ENSMZEG00005014105	2	0
ENSMZEG00005014106	7	2
ENSMZEG00005014107	4	0
ENSMZEG00005014108	0	0
ENSMZEG00005014109	0	1
ENSMZEG00005014110	15	4
ENSMZEG00005014111	0	0
ENSMZEG00005014112	1	3
ENSMZEG00005014113	1	0
ENSMZEG00005014114	609	113
ENSMZEG00005014115	0	0
ENSMZEG00005014116	0	0
ENSMZEG00005014117	8	0
ENSMZEG00005014118	0	0
ENSMZEG00005014119	3	0
ENSMZEG00005014120	4	0
ENSMZEG00005014121	0	1
ENSMZEG00005014122	0	1
ENSMZEG00005014123	17	3
ENSMZEG00005014124	0	0
ENSMZEG00005014125	0	0
ENSMZEG00005014126	0	0
ENSMZEG00005014127	2	0
ENSMZEG00005014128	1	0
ENSMZEG00005014129	1	0
ENSMZEG00005014130	1	1
ENSMZEG00005014131	0	0
ENSMZEG00005014132	1	0
ENSMZEG00005014133	0	0
ENSMZEG00005014134	0	0
ENSMZEG00005014135	3	4
ENSMZEG00005014136	0	0
ENSMZEG00005014137	0	0
ENSMZEG00005014138	0	0
ENSMZEG00005014139	0	0
ENSMZEG00005014140	0	0
ENSMZEG00005014141	0	0
ENSMZEG00005014142	7	4
ENSMZEG00005014143	2	0
ENSMZEG00005014144	0	0
ENSMZEG00005014145	0	3
ENSMZEG00005014146	25	7
ENSMZEG00005014147	1	0
ENSMZEG00005014148	0	0
ENSMZEG00005014149	33	9
ENSMZEG00005014150	0	0
ENSMZEG00005014151	353	430
ENSMZEG00005014152	0	2
ENSMZEG00005014153	4	0
ENSMZEG00005014154	0	0
ENSMZEG00005014155	20	80
ENSMZEG00005014156	0	0
ENSMZEG00005014157	35	6
ENSMZEG00005014158	0	3
ENSMZEG00005014159	0	2
ENSMZEG00005014160	1	2
ENSMZEG00005014161	787	813
ENSMZEG00005014162	0	0
ENSMZEG00005014163	0	0
ENSMZEG00005014164	0	38
ENSMZEG00005014165	0	1
ENSMZEG00005014166	0	0
ENSMZEG00005014167	6	1
ENSMZEG00005014168	0	0
ENSMZEG00005014169	0	0
ENSMZEG00005014170	0	0
ENSMZEG00005014171	1	0
ENSMZEG00005014172	0	0
ENSMZEG00005014173	0	0
ENSMZEG00005014174	1	8
ENSMZEG00005014175	183	50
ENSMZEG00005014176	1	5
ENSMZEG00005014177	8	30
ENSMZEG00005014178	0	0
ENSMZEG00005014179	2	5
ENSMZEG00005014180	0	0
ENSMZEG00005014181	885	348
ENSMZEG00005014182	0	0
ENSMZEG00005014183	12	7
ENSMZEG00005014184	0	0
ENSMZEG00005014185	2	3
ENSMZEG00005014186	5	0
ENSMZEG00005014187	150	336
ENSMZEG00005014188	0	0
ENSMZEG00005014189	2	1
ENSMZEG00005014190	96	1330
ENSMZEG00005014191	0	0
ENSMZEG00005014192	32	81
ENSMZEG00005014193	0	0
ENSMZEG00005014194	0	0
ENSMZEG00005014195	0	0
ENSMZEG00005014196	0	0
ENSMZEG00005014197	0	0
ENSMZEG00005014198	1380	135
ENSMZEG00005014199	0	0
ENSMZEG00005014200	0	1
ENSMZEG00005014201	0	0
ENSMZEG00005014202	4278	4463
ENSMZEG00005014203	0	0
ENSMZEG00005014204	0	0
ENSMZEG00005014205	7	2
ENSMZEG00005014206	0	0
ENSMZEG00005014207	0	0
ENSMZEG00005014208	0	1
ENSMZEG00005014209	0	0
ENSMZEG00005014210	1	0
ENSMZEG00005014211	0	1
ENSMZEG00005014212	57	15
ENSMZEG00005014213	586	1305
ENSMZEG00005014214	7	5
ENSMZEG00005014215	1	0
ENSMZEG00005014216	6	1
ENSMZEG00005014217	0	0
ENSMZEG00005014218	0	4
ENSMZEG00005014219	0	0
ENSMZEG00005014220	0	0
ENSMZEG00005014221	445	905
ENSMZEG00005014222	0	0
ENSMZEG00005014223	0	0
ENSMZEG00005014224	0	0
ENSMZEG00005014225	1	4
ENSMZEG00005014226	0	0
ENSMZEG00005014227	9	11
ENSMZEG00005014228	0	0
ENSMZEG00005014229	0	3
ENSMZEG00005014230	1	0
ENSMZEG00005014231	0	0
ENSMZEG00005014232	23	99
ENSMZEG00005014233	0	0
ENSMZEG00005014234	1	4
ENSMZEG00005014235	0	0
ENSMZEG00005014236	0	0
ENSMZEG00005014237	0	1
ENSMZEG00005014238	12	7
ENSMZEG00005014239	0	0
ENSMZEG00005014240	0	0
ENSMZEG00005014241	0	0
ENSMZEG00005014242	0	0
ENSMZEG00005014243	0	0
ENSMZEG00005014244	0	0
ENSMZEG00005014245	0	1
ENSMZEG00005014246	22	13
ENSMZEG00005014247	0	0
ENSMZEG00005014248	0	1
ENSMZEG00005014249	8	5
ENSMZEG00005014250	0	0
ENSMZEG00005014251	0	3
ENSMZEG00005014252	5	2
ENSMZEG00005014253	0	0
ENSMZEG00005014254	1	0
ENSMZEG00005014255	7	3
ENSMZEG00005014256	14	6
ENSMZEG00005014257	0	0
ENSMZEG00005014258	608	7487
ENSMZEG00005014259	6	2
ENSMZEG00005014260	0	0
ENSMZEG00005014261	4	1
ENSMZEG00005014262	0	0
ENSMZEG00005014263	0	1
ENSMZEG00005014264	1	1
ENSMZEG00005014265	3	3
ENSMZEG00005014266	1	1
ENSMZEG00005014267	1	8
ENSMZEG00005014268	0	1
ENSMZEG00005014269	0	0
ENSMZEG00005014270	0	0
ENSMZEG00005014271	42	19
ENSMZEG00005014272	1	1
ENSMZEG00005014273	0	0
ENSMZEG00005014274	0	0
ENSMZEG00005014275	0	0
ENSMZEG00005014276	0	2
ENSMZEG00005014277	0	2
ENSMZEG00005014278	0	0
ENSMZEG00005014279	0	0
ENSMZEG00005014280	0	0
ENSMZEG00005014281	121	116
ENSMZEG00005014282	229	117
ENSMZEG00005014283	5	2
ENSMZEG00005014284	2	5
ENSMZEG00005014285	0	3
ENSMZEG00005014286	0	0
ENSMZEG00005014287	0	2
ENSMZEG00005014288	0	0
ENSMZEG00005014289	0	0
ENSMZEG00005014290	11	6
ENSMZEG00005014291	0	0
ENSMZEG00005014292	1	1
ENSMZEG00005014293	0	0
ENSMZEG00005014294	0	0
ENSMZEG00005014295	1026	681
ENSMZEG00005014296	1	0
ENSMZEG00005014297	0	0
ENSMZEG00005014298	3	2
ENSMZEG00005014299	0	0
ENSMZEG00005014300	0	3
ENSMZEG00005014301	2	0
ENSMZEG00005014302	0	0
ENSMZEG00005014303	8	5
ENSMZEG00005014304	0	0
ENSMZEG00005014305	98	89
ENSMZEG00005014306	4	0
ENSMZEG00005014307	0	0
ENSMZEG00005014308	0	3
ENSMZEG00005014309	0	0
ENSMZEG00005014310	296	54
ENSMZEG00005014311	1	3
ENSMZEG00005014312	2	0
ENSMZEG00005014313	0	0
ENSMZEG00005014314	0	0
ENSMZEG00005014315	1	1
ENSMZEG00005014316	2	1
ENSMZEG00005014317	3	2
ENSMZEG00005014318	0	0
ENSMZEG00005014319	0	5
ENSMZEG00005014320	1	1
ENSMZEG00005014321	4	12
ENSMZEG00005014322	14	0
ENSMZEG00005014323	1	2
ENSMZEG00005014324	0	0
ENSMZEG00005014325	4	3
ENSMZEG00005014326	0	0
ENSMZEG00005014327	0	0
ENSMZEG00005014328	0	0
ENSMZEG00005014329	0	0
ENSMZEG00005014330	14	2
ENSMZEG00005014331	0	0
ENSMZEG00005014332	2	1
ENSMZEG00005014333	0	0
ENSMZEG00005014334	0	0
ENSMZEG00005014335	42	8
ENSMZEG00005014336	1	1
ENSMZEG00005014337	472	329
ENSMZEG00005014338	0	0
ENSMZEG00005014339	5	1
ENSMZEG00005014340	1	1
ENSMZEG00005014341	0	0
ENSMZEG00005014342	0	4
ENSMZEG00005014343	74	7
ENSMZEG00005014344	1	0
ENSMZEG00005014345	0	0
ENSMZEG00005014346	0	0
ENSMZEG00005014347	47	0
ENSMZEG00005014348	136	47
ENSMZEG00005014349	1	0
ENSMZEG00005014350	2	1
ENSMZEG00005014351	289	243
ENSMZEG00005014352	38	22
ENSMZEG00005014353	0	0
ENSMZEG00005014354	0	1
ENSMZEG00005014355	99	194
ENSMZEG00005014356	0	0
ENSMZEG00005014357	0	0
ENSMZEG00005014358	1214	661
ENSMZEG00005014359	1	0
ENSMZEG00005014360	0	0
ENSMZEG00005014361	0	0
ENSMZEG00005014362	2	5
ENSMZEG00005014363	1	0
ENSMZEG00005014364	1	3
ENSMZEG00005014365	0	3
ENSMZEG00005014366	0	1
ENSMZEG00005014367	1	5
ENSMZEG00005014368	0	0
ENSMZEG00005014369	1	3
ENSMZEG00005014370	2	1
ENSMZEG00005014371	0	0
ENSMZEG00005014372	4	4
ENSMZEG00005014373	5	2
ENSMZEG00005014374	0	0
ENSMZEG00005014375	21	2
ENSMZEG00005014376	134	273
ENSMZEG00005014377	58	149
ENSMZEG00005014378	0	0
ENSMZEG00005014379	0	1
ENSMZEG00005014380	0	0
ENSMZEG00005014381	6	0
ENSMZEG00005014382	27	13
ENSMZEG00005014383	29	26
ENSMZEG00005014384	5	0
ENSMZEG00005014385	2	0
ENSMZEG00005014386	0	0
ENSMZEG00005014387	4	0
ENSMZEG00005014388	0	0
ENSMZEG00005014389	6	0
ENSMZEG00005014390	5	0
ENSMZEG00005014391	1	1
ENSMZEG00005014392	0	0
ENSMZEG00005014393	0	0
ENSMZEG00005014394	0	0
ENSMZEG00005014395	0	0
ENSMZEG00005014396	341	433
ENSMZEG00005014397	0	0
ENSMZEG00005014398	0	0
ENSMZEG00005014399	2	4
ENSMZEG00005014400	0	2
ENSMZEG00005014401	0	0
ENSMZEG00005014402	0	0
ENSMZEG00005014403	1	3
ENSMZEG00005014404	3	0
ENSMZEG00005014405	62	116
ENSMZEG00005014406	3	6
ENSMZEG00005014407	0	1
ENSMZEG00005014408	1	2
ENSMZEG00005014409	6	4
ENSMZEG00005014410	13	12
ENSMZEG00005014411	1	0
ENSMZEG00005014412	2	1
ENSMZEG00005014413	0	4
ENSMZEG00005014414	12	6
ENSMZEG00005014415	4	1
ENSMZEG00005014416	0	0
ENSMZEG00005014417	4	2
ENSMZEG00005014418	32	1
ENSMZEG00005014419	0	0
ENSMZEG00005014420	9	1
ENSMZEG00005014421	4	2
ENSMZEG00005014422	0	0
ENSMZEG00005014423	0	0
ENSMZEG00005014424	0	0
ENSMZEG00005014425	0	0
ENSMZEG00005014426	2	1
ENSMZEG00005014427	0	0
ENSMZEG00005014428	2	6
ENSMZEG00005014429	8	2
ENSMZEG00005014430	0	0
ENSMZEG00005014431	0	7
ENSMZEG00005014432	0	0
ENSMZEG00005014433	0	0
ENSMZEG00005014434	5	0
ENSMZEG00005014435	11	20
ENSMZEG00005014436	0	0
ENSMZEG00005014437	1	1
ENSMZEG00005014438	0	0
ENSMZEG00005014439	296	156
ENSMZEG00005014440	0	0
ENSMZEG00005014441	0	0
ENSMZEG00005014442	0	2
ENSMZEG00005014443	276	395
ENSMZEG00005014444	0	0
ENSMZEG00005014445	0	14
ENSMZEG00005014446	9	2
ENSMZEG00005014447	1	1
ENSMZEG00005014448	0	0
ENSMZEG00005014449	0	2
ENSMZEG00005014450	6	7
ENSMZEG00005014451	4	0
ENSMZEG00005014452	6	113
ENSMZEG00005014453	1	5
ENSMZEG00005014454	0	20
ENSMZEG00005014455	347	350
ENSMZEG00005014456	2	0
ENSMZEG00005014457	0	0
ENSMZEG00005014458	5	0
ENSMZEG00005014459	1	1
ENSMZEG00005014460	1	0
ENSMZEG00005014461	0	0
ENSMZEG00005014462	0	0
ENSMZEG00005014463	1	0
ENSMZEG00005014464	4	0
ENSMZEG00005014465	0	0
ENSMZEG00005014466	16	2
ENSMZEG00005014467	0	1
ENSMZEG00005014468	0	0
ENSMZEG00005014469	7	3
ENSMZEG00005014470	141	168
ENSMZEG00005014471	3	6
ENSMZEG00005014472	9	4
ENSMZEG00005014473	1	1
ENSMZEG00005014474	2	0
ENSMZEG00005014475	6	3
ENSMZEG00005014476	1	0
ENSMZEG00005014477	2	1
ENSMZEG00005014478	7	4
ENSMZEG00005014479	0	0
ENSMZEG00005014480	1	0
ENSMZEG00005014481	0	0
ENSMZEG00005014482	0	0
ENSMZEG00005014483	173	216
ENSMZEG00005014484	334	278
ENSMZEG00005014485	0	0
ENSMZEG00005014486	5	7
ENSMZEG00005014487	2	0
ENSMZEG00005014488	0	0
ENSMZEG00005014489	0	5
ENSMZEG00005014490	13	4
ENSMZEG00005014491	0	0
ENSMZEG00005014492	769	1012
ENSMZEG00005014493	0	3
ENSMZEG00005014494	0	0
ENSMZEG00005014495	0	0
ENSMZEG00005014496	1	0
ENSMZEG00005014497	0	0
ENSMZEG00005014498	5	32
ENSMZEG00005014499	0	0
ENSMZEG00005014500	0	0
ENSMZEG00005014501	0	0
ENSMZEG00005014502	1093	778
ENSMZEG00005014503	10	2
ENSMZEG00005014504	0	0
ENSMZEG00005014505	0	10
ENSMZEG00005014506	0	0
ENSMZEG00005014507	0	0
ENSMZEG00005014508	2	14
ENSMZEG00005014509	113	152
ENSMZEG00005014510	1	1
ENSMZEG00005014511	6	17
ENSMZEG00005014512	24	4
ENSMZEG00005014513	0	0
ENSMZEG00005014514	0	0
ENSMZEG00005014515	0	0
ENSMZEG00005014516	9	3
ENSMZEG00005014517	2	1
ENSMZEG00005014518	0	0
ENSMZEG00005014519	0	0
ENSMZEG00005014520	1	0
ENSMZEG00005014521	0	0
ENSMZEG00005014522	138	370
ENSMZEG00005014523	51	109
ENSMZEG00005014524	129	137
ENSMZEG00005014525	1	2
ENSMZEG00005014526	0	0
ENSMZEG00005014527	0	0
ENSMZEG00005014528	0	1
ENSMZEG00005014529	2	1
ENSMZEG00005014530	0	0
ENSMZEG00005014531	0	0
ENSMZEG00005014532	0	0
ENSMZEG00005014533	14	63
ENSMZEG00005014534	0	0
ENSMZEG00005014535	0	7
ENSMZEG00005014536	0	0
ENSMZEG00005014537	0	2
ENSMZEG00005014538	155	48
ENSMZEG00005014539	7	1
ENSMZEG00005014540	0	0
ENSMZEG00005014541	3	1
ENSMZEG00005014542	0	0
ENSMZEG00005014543	0	2
ENSMZEG00005014544	90	939
ENSMZEG00005014545	133	5
ENSMZEG00005014546	0	0
ENSMZEG00005014547	1	1
ENSMZEG00005014548	2	1
ENSMZEG00005014549	2	5
ENSMZEG00005014550	3	0
ENSMZEG00005014551	1	0
ENSMZEG00005014552	0	0
ENSMZEG00005014553	0	0
ENSMZEG00005014554	3	6
ENSMZEG00005014555	0	3
ENSMZEG00005014556	10	4
ENSMZEG00005014557	0	0
ENSMZEG00005014558	1	0
ENSMZEG00005014559	10	9
ENSMZEG00005014560	0	0
ENSMZEG00005014561	0	0
ENSMZEG00005014562	0	0
ENSMZEG00005014563	1	0
ENSMZEG00005014564	1	0
ENSMZEG00005014565	0	1
ENSMZEG00005014566	0	0
ENSMZEG00005014567	4	3
ENSMZEG00005014568	0	0
ENSMZEG00005014569	0	0
ENSMZEG00005014570	2	0
ENSMZEG00005014571	11	25
ENSMZEG00005014572	0	0
ENSMZEG00005014573	0	2
ENSMZEG00005014574	0	0
ENSMZEG00005014575	0	0
ENSMZEG00005014576	0	0
ENSMZEG00005014577	5	0
ENSMZEG00005014578	699	1639
ENSMZEG00005014579	49	315
ENSMZEG00005014580	7	1
ENSMZEG00005014581	0	0
ENSMZEG00005014582	0	0
ENSMZEG00005014583	2	1
ENSMZEG00005014584	0	0
ENSMZEG00005014585	2	0
ENSMZEG00005014586	0	0
ENSMZEG00005014587	145	7
ENSMZEG00005014588	0	0
ENSMZEG00005014589	1	8
ENSMZEG00005014590	1735	1805
ENSMZEG00005014591	467	525
ENSMZEG00005014592	0	2
ENSMZEG00005014593	1	0
ENSMZEG00005014594	1	1
ENSMZEG00005014595	1	4
ENSMZEG00005014596	123	84
ENSMZEG00005014597	4	2
ENSMZEG00005014598	167	414
ENSMZEG00005014599	0	0
ENSMZEG00005014600	6	0
ENSMZEG00005014601	0	0
ENSMZEG00005014602	41	0
ENSMZEG00005014603	0	0
ENSMZEG00005014604	0	0
ENSMZEG00005014605	0	0
ENSMZEG00005014606	0	0
ENSMZEG00005014607	1	0
ENSMZEG00005014608	313	4172
ENSMZEG00005014609	0	0
ENSMZEG00005014610	131	23
ENSMZEG00005014611	1	4
ENSMZEG00005014612	0	0
ENSMZEG00005014613	2	20
ENSMZEG00005014614	5	7
ENSMZEG00005014615	0	0
ENSMZEG00005014616	0	0
ENSMZEG00005014617	0	0
ENSMZEG00005014618	0	4
ENSMZEG00005014619	2077	5468
ENSMZEG00005014620	0	17
ENSMZEG00005014621	0	0
ENSMZEG00005014622	2	0
ENSMZEG00005014623	2	1
ENSMZEG00005014624	0	0
ENSMZEG00005014625	45	9
ENSMZEG00005014626	0	4
ENSMZEG00005014627	0	0
ENSMZEG00005014628	0	0
ENSMZEG00005014629	3	10
ENSMZEG00005014630	0	0
ENSMZEG00005014631	680	5208
ENSMZEG00005014632	0	0
ENSMZEG00005014633	6	5
ENSMZEG00005014634	0	0
ENSMZEG00005014635	3	1
ENSMZEG00005014636	0	0
ENSMZEG00005014637	0	1
ENSMZEG00005014638	5	1
ENSMZEG00005014639	23	28
ENSMZEG00005014640	90	872
ENSMZEG00005014641	4	4
ENSMZEG00005014642	2	16
ENSMZEG00005014643	3	0
ENSMZEG00005014644	0	0
ENSMZEG00005014645	0	0
ENSMZEG00005014646	2337	298
ENSMZEG00005014647	1	1
ENSMZEG00005014648	0	0
ENSMZEG00005014649	0	0
ENSMZEG00005014650	1	0
ENSMZEG00005014651	0	1
ENSMZEG00005014652	0	0
ENSMZEG00005014653	0	0
ENSMZEG00005014654	0	0
ENSMZEG00005014655	3	2
ENSMZEG00005014656	0	0
ENSMZEG00005014657	0	0
ENSMZEG00005014658	30	1
ENSMZEG00005014659	1	1
ENSMZEG00005014660	1	0
ENSMZEG00005014661	0	0
ENSMZEG00005014662	0	4
ENSMZEG00005014663	0	0
ENSMZEG00005014664	0	0
ENSMZEG00005014665	1	0
ENSMZEG00005014666	6	7
ENSMZEG00005014667	1	0
ENSMZEG00005014668	0	0
ENSMZEG00005014669	2	2
ENSMZEG00005014670	0	0
ENSMZEG00005014671	0	0
ENSMZEG00005014672	0	0
ENSMZEG00005014673	2	10
ENSMZEG00005014674	0	0
ENSMZEG00005014675	0	0
ENSMZEG00005014676	4	5
ENSMZEG00005014677	0	0
ENSMZEG00005014678	0	0
ENSMZEG00005014679	18	3
ENSMZEG00005014680	0	1
ENSMZEG00005014681	1	4
ENSMZEG00005014682	0	0
ENSMZEG00005014683	8	7
ENSMZEG00005014684	0	0
ENSMZEG00005014685	2	0
ENSMZEG00005014686	8	2
ENSMZEG00005014687	21	5
ENSMZEG00005014688	1888	5495
ENSMZEG00005014689	3	5
ENSMZEG00005014690	0	0
ENSMZEG00005014691	0	0
ENSMZEG00005014692	0	1
ENSMZEG00005014693	0	0
ENSMZEG00005014694	11	35
ENSMZEG00005014695	0	0
ENSMZEG00005014696	0	0
ENSMZEG00005014697	0	0
ENSMZEG00005014698	0	0
ENSMZEG00005014699	0	0
ENSMZEG00005014700	0	0
ENSMZEG00005014701	0	0
ENSMZEG00005014702	0	0
ENSMZEG00005014703	1	3
ENSMZEG00005014704	741	525
ENSMZEG00005014705	0	0
ENSMZEG00005014706	20	6
ENSMZEG00005014707	0	0
ENSMZEG00005014708	2	2
ENSMZEG00005014709	0	3
ENSMZEG00005014710	1487	3562
ENSMZEG00005014711	521	196
ENSMZEG00005014712	3	3
ENSMZEG00005014713	0	0
ENSMZEG00005014714	12	12
ENSMZEG00005014715	0	2
ENSMZEG00005014716	0	0
ENSMZEG00005014717	0	0
ENSMZEG00005014718	32	7
ENSMZEG00005014719	10	6
ENSMZEG00005014720	0	0
ENSMZEG00005014721	0	0
ENSMZEG00005014722	0	0
ENSMZEG00005014723	36	37
ENSMZEG00005014724	0	0
ENSMZEG00005014725	0	0
ENSMZEG00005014726	3	0
ENSMZEG00005014727	243	118
ENSMZEG00005014728	25	182
ENSMZEG00005014729	0	0
ENSMZEG00005014730	0	0
ENSMZEG00005014731	2	27
ENSMZEG00005014732	2	0
ENSMZEG00005014733	0	0
ENSMZEG00005014734	0	0
ENSMZEG00005014735	0	1
ENSMZEG00005014736	1	0
ENSMZEG00005014737	4	14
ENSMZEG00005014738	0	0
ENSMZEG00005014739	0	0
ENSMZEG00005014740	0	1
ENSMZEG00005014741	0	0
ENSMZEG00005014742	0	0
ENSMZEG00005014743	7	3
ENSMZEG00005014744	0	0
ENSMZEG00005014745	1	4
ENSMZEG00005014746	0	0
ENSMZEG00005014747	1	0
ENSMZEG00005014748	0	0
ENSMZEG00005014749	0	0
ENSMZEG00005014750	0	0
ENSMZEG00005014751	0	0
ENSMZEG00005014752	1	0
ENSMZEG00005014753	0	0
ENSMZEG00005014754	0	3
ENSMZEG00005014755	1	0
ENSMZEG00005014756	0	0
ENSMZEG00005014757	29	153
ENSMZEG00005014758	1	5
ENSMZEG00005014759	2	0
ENSMZEG00005014760	11	5
ENSMZEG00005014761	5	0
ENSMZEG00005014762	0	0
ENSMZEG00005014763	5	5
ENSMZEG00005014764	8	1
ENSMZEG00005014765	0	0
ENSMZEG00005014766	5	2
ENSMZEG00005014767	0	0
ENSMZEG00005014768	9	0
ENSMZEG00005014769	0	0
ENSMZEG00005014770	0	1
ENSMZEG00005014771	0	0
ENSMZEG00005014772	2	22
ENSMZEG00005014773	0	0
ENSMZEG00005014774	163	77
ENSMZEG00005014775	0	0
ENSMZEG00005014776	0	0
ENSMZEG00005014777	4	5
ENSMZEG00005014778	0	1
ENSMZEG00005014779	0	0
ENSMZEG00005014780	0	0
ENSMZEG00005014781	356	227
ENSMZEG00005014782	0	0
ENSMZEG00005014783	0	3
ENSMZEG00005014784	0	0
ENSMZEG00005014785	0	0
ENSMZEG00005014786	0	0
ENSMZEG00005014787	2	4
ENSMZEG00005014788	1	7
ENSMZEG00005014789	0	0
ENSMZEG00005014790	0	0
ENSMZEG00005014791	2	0
ENSMZEG00005014792	4	6
ENSMZEG00005014793	2075	1889
ENSMZEG00005014794	0	0
ENSMZEG00005014795	1	0
ENSMZEG00005014796	20	2
ENSMZEG00005014797	0	0
ENSMZEG00005014798	0	1
ENSMZEG00005014799	0	0
ENSMZEG00005014800	0	0
ENSMZEG00005014801	5	3
ENSMZEG00005014802	0	2
ENSMZEG00005014803	0	0
ENSMZEG00005014804	0	1
ENSMZEG00005014805	0	0
ENSMZEG00005014806	3	0
ENSMZEG00005014807	6	1
ENSMZEG00005014808	1	1
ENSMZEG00005014809	0	0
ENSMZEG00005014810	0	1
ENSMZEG00005014811	0	1
ENSMZEG00005014812	0	0
ENSMZEG00005014813	0	0
ENSMZEG00005014814	1	1
ENSMZEG00005014815	0	0
ENSMZEG00005014816	0	0
ENSMZEG00005014817	0	2
ENSMZEG00005014818	0	0
ENSMZEG00005014819	0	0
ENSMZEG00005014820	4	0
ENSMZEG00005014821	0	0
ENSMZEG00005014822	1	0
ENSMZEG00005014823	0	0
ENSMZEG00005014824	0	0
ENSMZEG00005014825	0	0
ENSMZEG00005014826	432	573
ENSMZEG00005014827	113	72
ENSMZEG00005014828	0	0
ENSMZEG00005014829	0	0
ENSMZEG00005014830	0	0
ENSMZEG00005014831	0	0
ENSMZEG00005014832	0	0
ENSMZEG00005014833	1	3
ENSMZEG00005014834	0	0
ENSMZEG00005014835	0	0
ENSMZEG00005014836	0	0
ENSMZEG00005014837	0	0
ENSMZEG00005014838	0	2
ENSMZEG00005014839	0	0
ENSMZEG00005014840	2	2
ENSMZEG00005014841	0	0
ENSMZEG00005014842	0	0
ENSMZEG00005014843	0	0
ENSMZEG00005014844	0	1
ENSMZEG00005014845	0	0
ENSMZEG00005014846	0	0
ENSMZEG00005014847	0	0
ENSMZEG00005014848	0	0
ENSMZEG00005014849	1	4
ENSMZEG00005014850	1	0
ENSMZEG00005014851	0	0
ENSMZEG00005014852	1	4
ENSMZEG00005014853	0	12
ENSMZEG00005014854	0	0
ENSMZEG00005014855	7	26
ENSMZEG00005014856	0	0
ENSMZEG00005014857	0	1
ENSMZEG00005014858	0	0
ENSMZEG00005014859	1	15
ENSMZEG00005014860	0	0
ENSMZEG00005014861	0	0
ENSMZEG00005014862	0	0
ENSMZEG00005014863	1	27
ENSMZEG00005014864	7	4
ENSMZEG00005014865	0	0
ENSMZEG00005014866	0	0
ENSMZEG00005014867	0	0
ENSMZEG00005014868	0	0
ENSMZEG00005014869	0	0
ENSMZEG00005014870	6	0
ENSMZEG00005014871	0	0
ENSMZEG00005014872	2	1
ENSMZEG00005014873	0	0
ENSMZEG00005014874	0	0
ENSMZEG00005014875	11	2
ENSMZEG00005014876	0	0
ENSMZEG00005014877	0	0
ENSMZEG00005014878	13	5
ENSMZEG00005014879	0	0
ENSMZEG00005014880	10	0
ENSMZEG00005014881	0	0
ENSMZEG00005014882	0	0
ENSMZEG00005014883	0	0
ENSMZEG00005014884	4	1
ENSMZEG00005014885	0	0
ENSMZEG00005014886	0	0
ENSMZEG00005014887	0	0
ENSMZEG00005014888	0	3
ENSMZEG00005014889	2	0
ENSMZEG00005014890	0	0
ENSMZEG00005014891	0	0
ENSMZEG00005014892	10	3
ENSMZEG00005014893	0	0
ENSMZEG00005014894	145	287
ENSMZEG00005014895	0	0
ENSMZEG00005014896	0	2
ENSMZEG00005014897	0	0
ENSMZEG00005014898	0	0
ENSMZEG00005014899	5	24
ENSMZEG00005014900	6	1
ENSMZEG00005014901	0	0
ENSMZEG00005014902	10	13
ENSMZEG00005014903	3	9
ENSMZEG00005014904	4	0
ENSMZEG00005014905	3	3
ENSMZEG00005014906	4	4
ENSMZEG00005014907	0	0
ENSMZEG00005014908	0	0
ENSMZEG00005014909	1	0
ENSMZEG00005014910	4	5
ENSMZEG00005014911	0	2
ENSMZEG00005014912	0	0
ENSMZEG00005014913	0	0
ENSMZEG00005014914	0	0
ENSMZEG00005014915	0	0
ENSMZEG00005014916	12	7
ENSMZEG00005014917	1	4
ENSMZEG00005014918	5	0
ENSMZEG00005014919	0	0
ENSMZEG00005014920	30	86
ENSMZEG00005014921	1	1
ENSMZEG00005014922	0	0
ENSMZEG00005014923	13	6
ENSMZEG00005014924	18	45
ENSMZEG00005014925	61	32
ENSMZEG00005014926	3	0
ENSMZEG00005014927	0	2
ENSMZEG00005014928	7	2
ENSMZEG00005014929	14	173
ENSMZEG00005014930	0	0
ENSMZEG00005014931	304	63
ENSMZEG00005014932	1	3
ENSMZEG00005014933	1	1
ENSMZEG00005014934	0	0
ENSMZEG00005014935	0	0
ENSMZEG00005014936	0	1
ENSMZEG00005014937	1	2
ENSMZEG00005014938	1426	1241
ENSMZEG00005014939	90	120
ENSMZEG00005014940	1	3
ENSMZEG00005014941	1	0
ENSMZEG00005014942	1	0
ENSMZEG00005014943	0	1
ENSMZEG00005014944	0	5
ENSMZEG00005014945	3	0
ENSMZEG00005014946	14	37
ENSMZEG00005014947	0	0
ENSMZEG00005014948	0	1
ENSMZEG00005014949	0	0
ENSMZEG00005014950	0	0
ENSMZEG00005014951	0	1
ENSMZEG00005014952	31	132
ENSMZEG00005014953	5	0
ENSMZEG00005014954	1	0
ENSMZEG00005014955	4	4
ENSMZEG00005014956	78	754
ENSMZEG00005014957	0	0
ENSMZEG00005014958	891	182
ENSMZEG00005014959	23	61
ENSMZEG00005014960	0	0
ENSMZEG00005014961	0	0
ENSMZEG00005014962	0	0
ENSMZEG00005014963	56	56
ENSMZEG00005014964	0	0
ENSMZEG00005014965	5	3
ENSMZEG00005014966	1	0
ENSMZEG00005014967	0	0
ENSMZEG00005014968	0	0
ENSMZEG00005014969	0	1
ENSMZEG00005014970	0	0
ENSMZEG00005014971	291	536
ENSMZEG00005014972	8	7
ENSMZEG00005014973	2	2
ENSMZEG00005014974	0	0
ENSMZEG00005014975	3	16
ENSMZEG00005014976	0	0
ENSMZEG00005014977	0	0
ENSMZEG00005014978	24	5
ENSMZEG00005014979	1	1
ENSMZEG00005014980	2	1
ENSMZEG00005014981	15	13
ENSMZEG00005014982	1	0
ENSMZEG00005014983	3614	3986
ENSMZEG00005014984	0	0
ENSMZEG00005014985	1815	1443
ENSMZEG00005014986	0	0
ENSMZEG00005014987	3	7
ENSMZEG00005014988	10	14
ENSMZEG00005014989	24	16
ENSMZEG00005014990	118	181
ENSMZEG00005014991	0	1
ENSMZEG00005014992	23	24
ENSMZEG00005014993	8	4
ENSMZEG00005014994	1	1
ENSMZEG00005014995	36	52
ENSMZEG00005014996	0	1
ENSMZEG00005014997	0	8
ENSMZEG00005014998	138	259
ENSMZEG00005014999	0	1
ENSMZEG00005015000	1	3
ENSMZEG00005015001	0	0
ENSMZEG00005015002	9	1
ENSMZEG00005015003	0	0
ENSMZEG00005015004	127	33
ENSMZEG00005015005	2	1
ENSMZEG00005015006	0	0
ENSMZEG00005015007	131	246
ENSMZEG00005015008	0	1
ENSMZEG00005015009	739	1512
ENSMZEG00005015010	1	15
ENSMZEG00005015011	0	1
ENSMZEG00005015012	0	0
ENSMZEG00005015013	0	0
ENSMZEG00005015014	0	0
ENSMZEG00005015015	855	1105
ENSMZEG00005015016	2	1
ENSMZEG00005015017	5	133
ENSMZEG00005015018	0	0
ENSMZEG00005015019	0	0
ENSMZEG00005015020	5	1
ENSMZEG00005015021	0	1
ENSMZEG00005015022	0	0
ENSMZEG00005015023	73	62
ENSMZEG00005015024	4	12
ENSMZEG00005015025	239	360
ENSMZEG00005015026	0	9
ENSMZEG00005015027	3	5
ENSMZEG00005015028	0	0
ENSMZEG00005015029	0	2
ENSMZEG00005015030	1	5
ENSMZEG00005015031	0	0
ENSMZEG00005015032	0	0
ENSMZEG00005015033	31	14
ENSMZEG00005015034	0	0
ENSMZEG00005015035	2	14
ENSMZEG00005015036	12	1
ENSMZEG00005015037	2	5
ENSMZEG00005015038	10	1
ENSMZEG00005015039	1	1
ENSMZEG00005015040	0	2
ENSMZEG00005015041	0	0
ENSMZEG00005015042	14	12
ENSMZEG00005015043	0	0
ENSMZEG00005015044	0	0
ENSMZEG00005015045	0	0
ENSMZEG00005015046	184	167
ENSMZEG00005015047	0	0
ENSMZEG00005015048	0	0
ENSMZEG00005015049	0	1
ENSMZEG00005015050	0	1
ENSMZEG00005015051	32	2
ENSMZEG00005015052	11	8
ENSMZEG00005015053	141	77
ENSMZEG00005015054	10	18
ENSMZEG00005015055	15	48
ENSMZEG00005015056	2	1
ENSMZEG00005015057	0	9
ENSMZEG00005015058	1	0
ENSMZEG00005015059	1	11
ENSMZEG00005015060	0	2
ENSMZEG00005015061	0	2
ENSMZEG00005015062	4	3
ENSMZEG00005015063	6	38
ENSMZEG00005015064	1	2
ENSMZEG00005015065	2	3
ENSMZEG00005015066	3	4
ENSMZEG00005015067	4	3
ENSMZEG00005015068	2	7
ENSMZEG00005015069	2	0
ENSMZEG00005015070	9	1
ENSMZEG00005015071	0	0
ENSMZEG00005015072	10	9
ENSMZEG00005015073	19	12
ENSMZEG00005015074	0	2
ENSMZEG00005015075	10	0
ENSMZEG00005015076	3	4
ENSMZEG00005015077	0	1
ENSMZEG00005015078	9	5
ENSMZEG00005015079	27	37
ENSMZEG00005015080	0	1
ENSMZEG00005015081	9	0
ENSMZEG00005015082	0	1
ENSMZEG00005015083	0	1
ENSMZEG00005015084	0	7
ENSMZEG00005015085	6	3
ENSMZEG00005015086	1	1
ENSMZEG00005015087	0	0
ENSMZEG00005015088	5	17
ENSMZEG00005015089	2	0
ENSMZEG00005015090	0	0
ENSMZEG00005015091	2	0
ENSMZEG00005015092	3	0
ENSMZEG00005015093	2	6
ENSMZEG00005015094	7	2
ENSMZEG00005015095	13	9
ENSMZEG00005015096	1	3
ENSMZEG00005015097	0	0
ENSMZEG00005015098	4	0
ENSMZEG00005015099	3	1
ENSMZEG00005015100	8	14
ENSMZEG00005015101	0	0
ENSMZEG00005015102	0	0
ENSMZEG00005015103	2	4
ENSMZEG00005015104	0	4
ENSMZEG00005015105	2	0
ENSMZEG00005015106	0	0
ENSMZEG00005015107	0	4
ENSMZEG00005015108	6	5
ENSMZEG00005015109	8	5
ENSMZEG00005015110	0	0
ENSMZEG00005015111	0	4
ENSMZEG00005015112	5	4
ENSMZEG00005015113	0	0
ENSMZEG00005015114	1	3
ENSMZEG00005015115	1	6
ENSMZEG00005015116	1	6
ENSMZEG00005015117	105	1226
ENSMZEG00005015118	0	0
ENSMZEG00005015119	2981	337
ENSMZEG00005015120	4	2
ENSMZEG00005015121	3	4
ENSMZEG00005015122	8	9
ENSMZEG00005015123	22	13
ENSMZEG00005015124	0	0
ENSMZEG00005015125	2	4
ENSMZEG00005015126	0	11
ENSMZEG00005015127	0	0
ENSMZEG00005015128	0	0
ENSMZEG00005015129	0	0
ENSMZEG00005015130	0	0
ENSMZEG00005015131	170	729
ENSMZEG00005015132	0	3
ENSMZEG00005015133	3	1
ENSMZEG00005015134	0	3
ENSMZEG00005015135	0	1
ENSMZEG00005015136	1	0
ENSMZEG00005015137	7	16
ENSMZEG00005015138	1	0
ENSMZEG00005015139	0	0
ENSMZEG00005015140	0	0
ENSMZEG00005015141	0	0
ENSMZEG00005015142	5	4
ENSMZEG00005015143	3	1
ENSMZEG00005015144	0	0
ENSMZEG00005015145	0	0
ENSMZEG00005015146	0	0
ENSMZEG00005015147	0	0
ENSMZEG00005015148	646	122
ENSMZEG00005015149	0	0
ENSMZEG00005015150	0	0
ENSMZEG00005015151	748	309
ENSMZEG00005015152	2	4
ENSMZEG00005015153	0	0
ENSMZEG00005015154	0	0
ENSMZEG00005015155	1	0
ENSMZEG00005015156	2	3
ENSMZEG00005015157	7	0
ENSMZEG00005015158	0	0
ENSMZEG00005015159	3	0
ENSMZEG00005015160	4	0
ENSMZEG00005015161	0	0
ENSMZEG00005015162	1	5
ENSMZEG00005015163	14	24
ENSMZEG00005015164	0	3
ENSMZEG00005015165	0	0
ENSMZEG00005015166	7	0
ENSMZEG00005015167	0	0
ENSMZEG00005015168	1	0
ENSMZEG00005015169	3	0
ENSMZEG00005015170	2	1
ENSMZEG00005015171	5	0
ENSMZEG00005015172	4	12
ENSMZEG00005015173	2	7
ENSMZEG00005015174	1	0
ENSMZEG00005015175	1	2
ENSMZEG00005015176	0	2
ENSMZEG00005015177	7	29
ENSMZEG00005015178	0	0
ENSMZEG00005015179	4	3
ENSMZEG00005015180	1	1
ENSMZEG00005015181	4	95
ENSMZEG00005015182	2	19
ENSMZEG00005015183	0	0
ENSMZEG00005015184	1	21
ENSMZEG00005015185	1	1
ENSMZEG00005015186	0	0
ENSMZEG00005015187	0	0
ENSMZEG00005015188	0	2
ENSMZEG00005015189	2	7
ENSMZEG00005015190	4	10
ENSMZEG00005015191	184	186
ENSMZEG00005015192	8	1
ENSMZEG00005015193	0	0
ENSMZEG00005015194	0	0
ENSMZEG00005015195	0	0
ENSMZEG00005015196	0	0
ENSMZEG00005015197	21	142
ENSMZEG00005015198	0	0
ENSMZEG00005015199	0	0
ENSMZEG00005015200	1	5
ENSMZEG00005015201	4	2
ENSMZEG00005015202	2	0
ENSMZEG00005015203	0	0
ENSMZEG00005015204	3	6
ENSMZEG00005015205	9	6
ENSMZEG00005015206	7	0
ENSMZEG00005015207	10	31
ENSMZEG00005015208	46	231
ENSMZEG00005015209	3	3
ENSMZEG00005015210	0	2
ENSMZEG00005015211	0	0
ENSMZEG00005015212	0	0
ENSMZEG00005015213	0	0
ENSMZEG00005015214	3	2
ENSMZEG00005015215	7548	55956
ENSMZEG00005015216	1	6
ENSMZEG00005015217	5	1
ENSMZEG00005015218	0	0
ENSMZEG00005015219	3	1
ENSMZEG00005015220	0	0
ENSMZEG00005015221	0	0
ENSMZEG00005015222	0	0
ENSMZEG00005015223	7	4
ENSMZEG00005015224	6	15
ENSMZEG00005015225	2	8
ENSMZEG00005015226	0	0
ENSMZEG00005015227	0	0
ENSMZEG00005015228	0	18
ENSMZEG00005015229	0	0
ENSMZEG00005015230	1	3
ENSMZEG00005015231	1	0
ENSMZEG00005015232	0	0
ENSMZEG00005015233	0	0
ENSMZEG00005015234	0	0
ENSMZEG00005015235	7	0
ENSMZEG00005015236	3	1
ENSMZEG00005015237	0	0
ENSMZEG00005015238	3	8
ENSMZEG00005015239	1311	2011
ENSMZEG00005015240	0	3
ENSMZEG00005015241	0	0
ENSMZEG00005015242	3	4
ENSMZEG00005015243	0	0
ENSMZEG00005015244	2	0
ENSMZEG00005015245	1	0
ENSMZEG00005015246	1	0
ENSMZEG00005015247	5	22
ENSMZEG00005015248	804	970
ENSMZEG00005015249	0	0
ENSMZEG00005015250	0	0
ENSMZEG00005015251	0	0
ENSMZEG00005015252	0	0
ENSMZEG00005015253	2	0
ENSMZEG00005015254	0	0
ENSMZEG00005015255	0	1
ENSMZEG00005015256	0	0
ENSMZEG00005015257	1	0
ENSMZEG00005015258	3	1
ENSMZEG00005015259	3	10
ENSMZEG00005015260	0	0
ENSMZEG00005015261	1	0
ENSMZEG00005015262	0	3
ENSMZEG00005015263	0	0
ENSMZEG00005015264	1	3
ENSMZEG00005015265	172	208
ENSMZEG00005015266	0	0
ENSMZEG00005015267	0	0
ENSMZEG00005015268	0	0
ENSMZEG00005015269	110	171
ENSMZEG00005015270	23	18
ENSMZEG00005015271	1	2
ENSMZEG00005015272	2	0
ENSMZEG00005015273	0	0
ENSMZEG00005015274	0	1
ENSMZEG00005015275	1	3
ENSMZEG00005015276	0	0
ENSMZEG00005015277	0	0
ENSMZEG00005015278	0	2
ENSMZEG00005015279	2	2
ENSMZEG00005015280	0	0
ENSMZEG00005015281	0	3
ENSMZEG00005015282	1	8
ENSMZEG00005015283	0	0
ENSMZEG00005015284	0	0
ENSMZEG00005015285	0	0
ENSMZEG00005015286	0	0
ENSMZEG00005015287	0	0
ENSMZEG00005015288	11	25
ENSMZEG00005015289	8	9
ENSMZEG00005015290	0	0
ENSMZEG00005015291	0	0
ENSMZEG00005015292	37	84
ENSMZEG00005015293	4	0
ENSMZEG00005015294	0	0
ENSMZEG00005015295	0	0
ENSMZEG00005015296	22	2
ENSMZEG00005015297	6	3
ENSMZEG00005015298	3	4
ENSMZEG00005015299	0	1
ENSMZEG00005015300	0	0
ENSMZEG00005015301	0	0
ENSMZEG00005015302	0	0
ENSMZEG00005015303	0	1
ENSMZEG00005015304	0	0
ENSMZEG00005015305	0	0
ENSMZEG00005015306	0	0
ENSMZEG00005015307	462	978
ENSMZEG00005015308	0	0
ENSMZEG00005015309	0	0
ENSMZEG00005015310	0	0
ENSMZEG00005015311	18	166
ENSMZEG00005015312	1	0
ENSMZEG00005015313	0	0
ENSMZEG00005015314	0	1
ENSMZEG00005015315	0	0
ENSMZEG00005015316	6	3
ENSMZEG00005015317	3	3
ENSMZEG00005015318	0	0
ENSMZEG00005015319	0	0
ENSMZEG00005015320	7	11
ENSMZEG00005015321	3	0
ENSMZEG00005015322	1	2
ENSMZEG00005015323	0	0
ENSMZEG00005015324	1	2
ENSMZEG00005015325	0	0
ENSMZEG00005015326	2	1
ENSMZEG00005015327	0	1
ENSMZEG00005015328	3	11
ENSMZEG00005015329	0	0
ENSMZEG00005015330	0	0
ENSMZEG00005015331	0	3
ENSMZEG00005015332	0	0
ENSMZEG00005015333	4	0
ENSMZEG00005015334	102	162
ENSMZEG00005015335	3	12
ENSMZEG00005015336	0	3
ENSMZEG00005015337	0	1
ENSMZEG00005015338	0	3
ENSMZEG00005015339	7	10
ENSMZEG00005015340	1	1
ENSMZEG00005015341	0	0
ENSMZEG00005015342	0	0
ENSMZEG00005015343	0	0
ENSMZEG00005015344	0	0
ENSMZEG00005015345	1	0
ENSMZEG00005015346	13	4
ENSMZEG00005015347	0	1
ENSMZEG00005015348	0	2
ENSMZEG00005015349	0	0
ENSMZEG00005015350	107	2011
ENSMZEG00005015351	0	0
ENSMZEG00005015352	0	0
ENSMZEG00005015353	0	0
ENSMZEG00005015354	1	0
ENSMZEG00005015355	233	139
ENSMZEG00005015356	0	0
ENSMZEG00005015357	5	0
ENSMZEG00005015358	1	2
ENSMZEG00005015359	27	84
ENSMZEG00005015360	0	2
ENSMZEG00005015361	0	0
ENSMZEG00005015362	0	3
ENSMZEG00005015363	1	0
ENSMZEG00005015364	0	0
ENSMZEG00005015365	0	0
ENSMZEG00005015366	0	3
ENSMZEG00005015367	2	0
ENSMZEG00005015368	0	0
ENSMZEG00005015369	9	3
ENSMZEG00005015370	0	0
ENSMZEG00005015371	2	1
ENSMZEG00005015372	6	1
ENSMZEG00005015373	0	0
ENSMZEG00005015374	1	2
ENSMZEG00005015375	0	0
ENSMZEG00005015376	0	0
ENSMZEG00005015377	3	3
ENSMZEG00005015378	0	0
ENSMZEG00005015379	4	14
ENSMZEG00005015380	0	0
ENSMZEG00005015381	2	6
ENSMZEG00005015382	0	0
ENSMZEG00005015383	0	0
ENSMZEG00005015384	0	0
ENSMZEG00005015385	0	2
ENSMZEG00005015386	0	0
ENSMZEG00005015387	9	23
ENSMZEG00005015388	3	0
ENSMZEG00005015389	0	4
ENSMZEG00005015390	24	17
ENSMZEG00005015391	0	0
ENSMZEG00005015392	1	4
ENSMZEG00005015393	3	3
ENSMZEG00005015394	0	0
ENSMZEG00005015395	24	12
ENSMZEG00005015396	0	0
ENSMZEG00005015397	0	0
ENSMZEG00005015398	0	1
ENSMZEG00005015399	0	0
ENSMZEG00005015400	0	2
ENSMZEG00005015401	0	0
ENSMZEG00005015402	31	1
ENSMZEG00005015403	0	0
ENSMZEG00005015404	2626	2935
ENSMZEG00005015405	0	0
ENSMZEG00005015406	0	0
ENSMZEG00005015407	0	0
ENSMZEG00005015408	0	0
ENSMZEG00005015409	5	4
ENSMZEG00005015410	0	0
ENSMZEG00005015411	0	0
ENSMZEG00005015412	0	0
ENSMZEG00005015413	1731	13317
ENSMZEG00005015414	0	2
ENSMZEG00005015415	0	0
ENSMZEG00005015416	1	4
ENSMZEG00005015417	2	3
ENSMZEG00005015418	2	2
ENSMZEG00005015419	0	0
ENSMZEG00005015420	0	0
ENSMZEG00005015421	0	0
ENSMZEG00005015422	0	0
ENSMZEG00005015423	0	0
ENSMZEG00005015424	0	0
ENSMZEG00005015425	0	0
ENSMZEG00005015426	0	0
ENSMZEG00005015427	0	0
ENSMZEG00005015428	19	8
ENSMZEG00005015429	0	0
ENSMZEG00005015430	0	0
ENSMZEG00005015431	1	0
ENSMZEG00005015432	0	0
ENSMZEG00005015433	0	0
ENSMZEG00005015434	142	48
ENSMZEG00005015435	25	269
ENSMZEG00005015436	0	0
ENSMZEG00005015437	34	6
ENSMZEG00005015438	287	108
ENSMZEG00005015439	0	0
ENSMZEG00005015440	0	0
ENSMZEG00005015441	0	0
ENSMZEG00005015442	0	0
ENSMZEG00005015443	0	0
ENSMZEG00005015444	1	2
ENSMZEG00005015445	4	0
ENSMZEG00005015446	3	0
ENSMZEG00005015447	0	0
ENSMZEG00005015448	3	0
ENSMZEG00005015449	0	0
ENSMZEG00005015450	4	1
ENSMZEG00005015451	0	2
ENSMZEG00005015452	0	0
ENSMZEG00005015453	7	0
ENSMZEG00005015454	0	6
ENSMZEG00005015455	0	0
ENSMZEG00005015456	0	0
ENSMZEG00005015457	2	0
ENSMZEG00005015458	2	0
ENSMZEG00005015459	3	7
ENSMZEG00005015460	3	4
ENSMZEG00005015461	2	1
ENSMZEG00005015462	21	11
ENSMZEG00005015463	141	82
ENSMZEG00005015464	1	0
ENSMZEG00005015465	0	0
ENSMZEG00005015466	0	0
ENSMZEG00005015467	9	2
ENSMZEG00005015468	66	42
ENSMZEG00005015469	0	1
ENSMZEG00005015470	439	3222
ENSMZEG00005015471	20	6
ENSMZEG00005015472	5	18
ENSMZEG00005015473	0	0
ENSMZEG00005015474	1	0
ENSMZEG00005015475	0	0
ENSMZEG00005015476	6	17
ENSMZEG00005015477	0	1
ENSMZEG00005015478	11	0
ENSMZEG00005015479	0	0
ENSMZEG00005015480	0	1
ENSMZEG00005015481	0	1
ENSMZEG00005015482	1	2
ENSMZEG00005015483	0	0
ENSMZEG00005015484	0	3
ENSMZEG00005015485	3	2
ENSMZEG00005015486	1	0
ENSMZEG00005015487	5	0
ENSMZEG00005015488	0	0
ENSMZEG00005015489	0	0
ENSMZEG00005015490	7	9
ENSMZEG00005015491	0	0
ENSMZEG00005015492	0	0
ENSMZEG00005015493	0	0
ENSMZEG00005015494	0	0
ENSMZEG00005015495	0	0
ENSMZEG00005015496	13	3
ENSMZEG00005015497	0	2
ENSMZEG00005015498	0	0
ENSMZEG00005015499	0	1
ENSMZEG00005015500	37	94
ENSMZEG00005015501	18	22
ENSMZEG00005015502	6	1
ENSMZEG00005015503	4	2
ENSMZEG00005015504	139	505
ENSMZEG00005015505	3	1
ENSMZEG00005015506	10	0
ENSMZEG00005015507	0	0
ENSMZEG00005015508	9	5
ENSMZEG00005015509	0	0
ENSMZEG00005015510	0	0
ENSMZEG00005015511	0	0
ENSMZEG00005015512	0	0
ENSMZEG00005015513	0	0
ENSMZEG00005015514	0	0
ENSMZEG00005015515	0	0
ENSMZEG00005015516	678	381
ENSMZEG00005015517	0	1
ENSMZEG00005015518	0	0
ENSMZEG00005015519	0	0
ENSMZEG00005015520	1	0
ENSMZEG00005015521	15	0
ENSMZEG00005015522	0	0
ENSMZEG00005015523	1	0
ENSMZEG00005015524	0	0
ENSMZEG00005015525	0	0
ENSMZEG00005015526	0	0
ENSMZEG00005015527	0	0
ENSMZEG00005015528	0	0
ENSMZEG00005015529	0	0
ENSMZEG00005015530	1	0
ENSMZEG00005015531	2	0
ENSMZEG00005015532	7	14
ENSMZEG00005015533	0	0
ENSMZEG00005015534	0	0
ENSMZEG00005015535	0	0
ENSMZEG00005015536	0	0
ENSMZEG00005015537	22	10
ENSMZEG00005015538	0	0
ENSMZEG00005015539	5	3
ENSMZEG00005015540	0	0
ENSMZEG00005015541	0	0
ENSMZEG00005015542	0	0
ENSMZEG00005015543	0	0
ENSMZEG00005015544	0	0
ENSMZEG00005015545	0	0
ENSMZEG00005015546	0	1
ENSMZEG00005015547	60	39
ENSMZEG00005015548	0	0
ENSMZEG00005015549	1	1
ENSMZEG00005015550	0	0
ENSMZEG00005015551	1	4
ENSMZEG00005015552	0	1
ENSMZEG00005015553	1	0
ENSMZEG00005015554	0	8
ENSMZEG00005015555	3	3
ENSMZEG00005015556	0	0
ENSMZEG00005015557	0	0
ENSMZEG00005015558	0	0
ENSMZEG00005015559	0	0
ENSMZEG00005015560	0	0
ENSMZEG00005015561	0	0
ENSMZEG00005015562	0	0
ENSMZEG00005015563	0	0
ENSMZEG00005015564	0	0
ENSMZEG00005015565	0	0
ENSMZEG00005015566	4	0
ENSMZEG00005015567	0	0
ENSMZEG00005015568	0	0
ENSMZEG00005015569	0	0
ENSMZEG00005015570	318	664
ENSMZEG00005015571	0	0
ENSMZEG00005015572	2	1
ENSMZEG00005015573	0	0
ENSMZEG00005015574	0	0
ENSMZEG00005015575	0	0
ENSMZEG00005015576	0	0
ENSMZEG00005015577	0	0
ENSMZEG00005015578	1	0
ENSMZEG00005015579	0	0
ENSMZEG00005015580	0	0
ENSMZEG00005015581	0	0
ENSMZEG00005015582	0	0
ENSMZEG00005015583	20	1
ENSMZEG00005015584	0	0
ENSMZEG00005015585	4	4
ENSMZEG00005015586	1	12
ENSMZEG00005015587	0	0
ENSMZEG00005015588	0	0
ENSMZEG00005015589	0	0
ENSMZEG00005015590	0	0
ENSMZEG00005015591	0	0
ENSMZEG00005015592	2	6
ENSMZEG00005015593	4	1
ENSMZEG00005015594	0	0
ENSMZEG00005015595	6	0
ENSMZEG00005015596	5	2
ENSMZEG00005015597	0	0
ENSMZEG00005015598	0	0
ENSMZEG00005015599	0	0
ENSMZEG00005015600	7	2
ENSMZEG00005015601	6	2
ENSMZEG00005015602	0	0
ENSMZEG00005015603	0	1
ENSMZEG00005015604	0	0
ENSMZEG00005015605	52	71
ENSMZEG00005015606	0	1
ENSMZEG00005015607	0	0
ENSMZEG00005015608	0	0
ENSMZEG00005015609	6	2
ENSMZEG00005015610	23	28
ENSMZEG00005015611	0	2
ENSMZEG00005015612	0	0
ENSMZEG00005015613	6	0
ENSMZEG00005015614	0	0
ENSMZEG00005015615	0	3
ENSMZEG00005015616	0	0
ENSMZEG00005015617	6	19
ENSMZEG00005015618	0	0
ENSMZEG00005015619	2	13
ENSMZEG00005015620	10	2
ENSMZEG00005015621	0	0
ENSMZEG00005015622	30	56
ENSMZEG00005015623	0	0
ENSMZEG00005015624	0	1
ENSMZEG00005015625	7	1
ENSMZEG00005015626	3	1
ENSMZEG00005015627	0	0
ENSMZEG00005015628	0	2
ENSMZEG00005015629	1	1
ENSMZEG00005015630	0	0
ENSMZEG00005015631	0	0
ENSMZEG00005015632	0	0
ENSMZEG00005015633	0	0
ENSMZEG00005015634	4	1
ENSMZEG00005015635	0	0
ENSMZEG00005015636	4	0
ENSMZEG00005015637	1	0
ENSMZEG00005015638	4	1
ENSMZEG00005015639	1	0
ENSMZEG00005015640	0	0
ENSMZEG00005015641	0	0
ENSMZEG00005015642	3	0
ENSMZEG00005015643	0	0
ENSMZEG00005015644	1	2
ENSMZEG00005015645	0	0
ENSMZEG00005015646	0	1
ENSMZEG00005015647	0	0
ENSMZEG00005015648	3	1
ENSMZEG00005015649	3	0
ENSMZEG00005015650	2	5
ENSMZEG00005015651	0	0
ENSMZEG00005015652	231	390
ENSMZEG00005015653	9	2
ENSMZEG00005015654	1	1
ENSMZEG00005015655	8	10
ENSMZEG00005015656	0	0
ENSMZEG00005015657	0	0
ENSMZEG00005015658	0	0
ENSMZEG00005015659	0	0
ENSMZEG00005015660	7	1
ENSMZEG00005015661	350	118
ENSMZEG00005015662	1	0
ENSMZEG00005015663	11	2
ENSMZEG00005015664	0	0
ENSMZEG00005015665	13	0
ENSMZEG00005015666	0	0
ENSMZEG00005015667	3	2
ENSMZEG00005015668	0	0
ENSMZEG00005015669	0	0
ENSMZEG00005015670	66	30
ENSMZEG00005015671	0	0
ENSMZEG00005015672	12	15
ENSMZEG00005015673	0	0
ENSMZEG00005015674	0	0
ENSMZEG00005015675	1	0
ENSMZEG00005015676	0	0
ENSMZEG00005015677	0	0
ENSMZEG00005015678	0	0
ENSMZEG00005015679	12	4
ENSMZEG00005015680	0	0
ENSMZEG00005015681	4	4
ENSMZEG00005015682	837	1343
ENSMZEG00005015683	3	29
ENSMZEG00005015684	0	1
ENSMZEG00005015685	0	0
ENSMZEG00005015686	2011	468
ENSMZEG00005015687	0	0
ENSMZEG00005015688	9	35
ENSMZEG00005015689	0	3
ENSMZEG00005015690	2	7
ENSMZEG00005015691	255	3
ENSMZEG00005015692	0	0
ENSMZEG00005015693	0	0
ENSMZEG00005015694	0	0
ENSMZEG00005015695	0	2
ENSMZEG00005015696	39	41
ENSMZEG00005015697	0	0
ENSMZEG00005015698	2	3
ENSMZEG00005015699	2	0
ENSMZEG00005015700	0	0
ENSMZEG00005015701	2	0
ENSMZEG00005015702	0	0
ENSMZEG00005015703	14	9
ENSMZEG00005015704	0	12
ENSMZEG00005015705	6	4
ENSMZEG00005015706	0	0
ENSMZEG00005015707	0	0
ENSMZEG00005015708	0	0
ENSMZEG00005015709	1	1
ENSMZEG00005015710	1	17
ENSMZEG00005015711	2	1
ENSMZEG00005015712	0	0
ENSMZEG00005015713	0	0
ENSMZEG00005015714	19	1
ENSMZEG00005015715	5	0
ENSMZEG00005015716	3	3
ENSMZEG00005015717	75	14
ENSMZEG00005015718	0	0
ENSMZEG00005015719	4	1
ENSMZEG00005015720	2	5
ENSMZEG00005015721	1	9
ENSMZEG00005015722	2	0
ENSMZEG00005015723	0	0
ENSMZEG00005015724	0	0
ENSMZEG00005015725	0	1
ENSMZEG00005015726	0	3
ENSMZEG00005015727	0	1
ENSMZEG00005015728	2	0
ENSMZEG00005015729	0	0
ENSMZEG00005015730	1	0
ENSMZEG00005015731	0	0
ENSMZEG00005015732	0	0
ENSMZEG00005015733	2	0
ENSMZEG00005015734	202	33
ENSMZEG00005015735	0	0
ENSMZEG00005015736	0	5
ENSMZEG00005015737	0	0
ENSMZEG00005015738	0	0
ENSMZEG00005015739	0	0
ENSMZEG00005015740	8	50
ENSMZEG00005015741	0	1
ENSMZEG00005015742	5	6
ENSMZEG00005015743	6	1
ENSMZEG00005015744	1	0
ENSMZEG00005015745	0	0
ENSMZEG00005015746	2	4
ENSMZEG00005015747	1	0
ENSMZEG00005015748	0	0
ENSMZEG00005015749	2	0
ENSMZEG00005015750	18	1
ENSMZEG00005015751	2	4
ENSMZEG00005015752	0	1
ENSMZEG00005015753	0	0
ENSMZEG00005015754	0	3
ENSMZEG00005015755	0	1
ENSMZEG00005015756	96	182
ENSMZEG00005015757	101	17
ENSMZEG00005015758	32	22
ENSMZEG00005015759	3	6
ENSMZEG00005015760	1	0
ENSMZEG00005015761	0	0
ENSMZEG00005015762	0	3
ENSMZEG00005015763	0	2
ENSMZEG00005015764	0	0
ENSMZEG00005015765	0	0
ENSMZEG00005015766	1	0
ENSMZEG00005015767	1	0
ENSMZEG00005015768	4	5
ENSMZEG00005015769	16	3
ENSMZEG00005015770	0	0
ENSMZEG00005015771	0	4
ENSMZEG00005015772	3	2
ENSMZEG00005015773	0	0
ENSMZEG00005015774	0	1
ENSMZEG00005015775	11	62
ENSMZEG00005015776	0	2
ENSMZEG00005015777	0	1
ENSMZEG00005015778	0	0
ENSMZEG00005015779	3	7
ENSMZEG00005015780	0	0
ENSMZEG00005015781	0	0
ENSMZEG00005015782	0	2
ENSMZEG00005015783	1	0
ENSMZEG00005015784	0	0
ENSMZEG00005015785	0	0
ENSMZEG00005015786	0	0
ENSMZEG00005015787	11	1
ENSMZEG00005015788	9	14
ENSMZEG00005015789	0	0
ENSMZEG00005015790	11	3
ENSMZEG00005015791	0	1
ENSMZEG00005015792	0	0
ENSMZEG00005015793	0	0
ENSMZEG00005015794	0	0
ENSMZEG00005015795	3	2
ENSMZEG00005015796	0	0
ENSMZEG00005015797	8	13
ENSMZEG00005015798	0	0
ENSMZEG00005015799	0	0
ENSMZEG00005015800	0	0
ENSMZEG00005015801	2	0
ENSMZEG00005015802	0	9
ENSMZEG00005015803	3	4
ENSMZEG00005015804	0	0
ENSMZEG00005015805	0	0
ENSMZEG00005015806	0	0
ENSMZEG00005015807	0	0
ENSMZEG00005015808	0	0
ENSMZEG00005015809	0	0
ENSMZEG00005015810	2	0
ENSMZEG00005015811	8	8
ENSMZEG00005015812	0	0
ENSMZEG00005015813	0	0
ENSMZEG00005015814	1	0
ENSMZEG00005015815	2	2
ENSMZEG00005015816	121	176
ENSMZEG00005015817	9	2
ENSMZEG00005015818	0	0
ENSMZEG00005015819	0	0
ENSMZEG00005015820	0	0
ENSMZEG00005015821	4	2
ENSMZEG00005015822	2	13
ENSMZEG00005015823	2	0
ENSMZEG00005015824	8673	1926
ENSMZEG00005015825	1	1
ENSMZEG00005015826	0	0
ENSMZEG00005015827	0	1
ENSMZEG00005015828	0	0
ENSMZEG00005015829	0	0
ENSMZEG00005015830	0	1
ENSMZEG00005015831	1	0
ENSMZEG00005015832	0	2
ENSMZEG00005015833	0	0
ENSMZEG00005015834	742	876
ENSMZEG00005015835	0	0
ENSMZEG00005015836	0	0
ENSMZEG00005015837	0	0
ENSMZEG00005015838	23	8
ENSMZEG00005015839	0	0
ENSMZEG00005015840	0	8
ENSMZEG00005015841	0	0
ENSMZEG00005015842	5	14
ENSMZEG00005015843	5	4
ENSMZEG00005015844	0	0
ENSMZEG00005015845	1	4
ENSMZEG00005015846	5	7
ENSMZEG00005015847	0	4
ENSMZEG00005015848	2	5
ENSMZEG00005015849	0	0
ENSMZEG00005015850	1	15
ENSMZEG00005015851	0	0
ENSMZEG00005015852	0	4
ENSMZEG00005015853	0	3
ENSMZEG00005015854	1	0
ENSMZEG00005015855	0	0
ENSMZEG00005015856	0	0
ENSMZEG00005015857	17	14
ENSMZEG00005015858	2	6
ENSMZEG00005015859	0	1
ENSMZEG00005015860	3	0
ENSMZEG00005015861	0	3
ENSMZEG00005015862	0	8
ENSMZEG00005015863	0	1
ENSMZEG00005015864	3	1
ENSMZEG00005015865	1	0
ENSMZEG00005015866	0	0
ENSMZEG00005015867	0	0
ENSMZEG00005015868	0	0
ENSMZEG00005015869	0	0
ENSMZEG00005015870	0	1
ENSMZEG00005015871	3	4
ENSMZEG00005015872	14	4
ENSMZEG00005015873	0	0
ENSMZEG00005015874	0	0
ENSMZEG00005015875	0	0
ENSMZEG00005015876	2	0
ENSMZEG00005015877	3	1
ENSMZEG00005015878	758	258
ENSMZEG00005015879	0	0
ENSMZEG00005015880	0	0
ENSMZEG00005015881	7	2
ENSMZEG00005015882	0	0
ENSMZEG00005015883	0	0
ENSMZEG00005015884	836	185
ENSMZEG00005015885	3	25
ENSMZEG00005015886	8	98
ENSMZEG00005015887	1	3
ENSMZEG00005015888	9	4
ENSMZEG00005015889	7	0
ENSMZEG00005015890	6	2
ENSMZEG00005015891	1	3
ENSMZEG00005015892	37	269
ENSMZEG00005015893	0	0
ENSMZEG00005015894	3	0
ENSMZEG00005015895	1	4
ENSMZEG00005015896	3	0
ENSMZEG00005015897	0	0
ENSMZEG00005015898	0	0
ENSMZEG00005015899	4	0
ENSMZEG00005015900	0	0
ENSMZEG00005015901	17	18
ENSMZEG00005015902	394	174
ENSMZEG00005015903	1	2
ENSMZEG00005015904	0	0
ENSMZEG00005015905	96	66
ENSMZEG00005015906	0	0
ENSMZEG00005015907	1	5
ENSMZEG00005015908	1	12
ENSMZEG00005015909	16	77
ENSMZEG00005015910	7	7
ENSMZEG00005015911	0	0
ENSMZEG00005015912	8	3
ENSMZEG00005015913	1	0
ENSMZEG00005015914	15	0
ENSMZEG00005015915	55	19
ENSMZEG00005015916	0	0
ENSMZEG00005015917	203	171
ENSMZEG00005015918	0	0
ENSMZEG00005015919	0	0
ENSMZEG00005015920	0	4
ENSMZEG00005015921	0	2
ENSMZEG00005015922	0	0
ENSMZEG00005015923	0	1
ENSMZEG00005015924	0	0
ENSMZEG00005015925	38	62
ENSMZEG00005015926	0	1
ENSMZEG00005015927	0	1
ENSMZEG00005015928	5	0
ENSMZEG00005015929	1	0
ENSMZEG00005015930	0	0
ENSMZEG00005015931	58	124
ENSMZEG00005015932	0	0
ENSMZEG00005015933	18	2
ENSMZEG00005015934	719	162
ENSMZEG00005015935	101	141
ENSMZEG00005015936	2337	1287
ENSMZEG00005015937	0	3
ENSMZEG00005015938	0	0
ENSMZEG00005015939	385	467
ENSMZEG00005015940	0	0
ENSMZEG00005015941	0	0
ENSMZEG00005015942	2	2
ENSMZEG00005015943	4	3
ENSMZEG00005015944	10	0
ENSMZEG00005015945	0	0
ENSMZEG00005015946	272	604
ENSMZEG00005015947	0	0
ENSMZEG00005015948	0	0
ENSMZEG00005015949	3	1
ENSMZEG00005015950	0	0
ENSMZEG00005015951	4	3
ENSMZEG00005015952	3	2
ENSMZEG00005015953	0	2
ENSMZEG00005015954	0	0
ENSMZEG00005015955	1	2
ENSMZEG00005015956	0	1
ENSMZEG00005015957	0	2
ENSMZEG00005015958	0	1
ENSMZEG00005015959	3	8
ENSMZEG00005015960	7	5
ENSMZEG00005015961	1	5
ENSMZEG00005015962	32	6
ENSMZEG00005015963	7	38
ENSMZEG00005015964	0	0
ENSMZEG00005015965	582	630
ENSMZEG00005015966	1	0
ENSMZEG00005015967	0	0
ENSMZEG00005015968	41	4
ENSMZEG00005015969	1	2
ENSMZEG00005015970	7	2
ENSMZEG00005015971	6	7
ENSMZEG00005015972	0	2
ENSMZEG00005015973	0	0
ENSMZEG00005015974	1	14
ENSMZEG00005015975	0	0
ENSMZEG00005015976	2	10
ENSMZEG00005015977	1	5
ENSMZEG00005015978	0	1
ENSMZEG00005015979	3	5
ENSMZEG00005015980	9	25
ENSMZEG00005015981	0	0
ENSMZEG00005015982	0	0
ENSMZEG00005015983	0	3
ENSMZEG00005015984	3	0
ENSMZEG00005015985	0	0
ENSMZEG00005015986	3	0
ENSMZEG00005015987	0	1
ENSMZEG00005015988	0	0
ENSMZEG00005015989	10	2
ENSMZEG00005015990	0	0
ENSMZEG00005015991	1	4
ENSMZEG00005015992	4	5
ENSMZEG00005015993	3	1
ENSMZEG00005015994	0	0
ENSMZEG00005015995	0	0
ENSMZEG00005015996	5	0
ENSMZEG00005015997	0	0
ENSMZEG00005015998	35	6
ENSMZEG00005015999	0	4
ENSMZEG00005016000	19	18
ENSMZEG00005016001	2	1
ENSMZEG00005016002	0	0
ENSMZEG00005016003	0	0
ENSMZEG00005016004	0	2
ENSMZEG00005016005	153	221
ENSMZEG00005016006	1	0
ENSMZEG00005016007	1	0
ENSMZEG00005016008	0	0
ENSMZEG00005016009	1	0
ENSMZEG00005016010	5	2
ENSMZEG00005016011	2	12
ENSMZEG00005016012	0	0
ENSMZEG00005016013	1	4
ENSMZEG00005016014	385	259
ENSMZEG00005016015	0	1
ENSMZEG00005016016	0	2
ENSMZEG00005016017	0	0
ENSMZEG00005016018	0	1
ENSMZEG00005016019	2	39
ENSMZEG00005016020	0	0
ENSMZEG00005016021	0	2
ENSMZEG00005016022	0	0
ENSMZEG00005016023	0	0
ENSMZEG00005016024	890	447
ENSMZEG00005016025	0	0
ENSMZEG00005016026	0	0
ENSMZEG00005016027	0	3
ENSMZEG00005016028	2	0
ENSMZEG00005016029	2	12
ENSMZEG00005016030	1	4
ENSMZEG00005016031	0	28
ENSMZEG00005016032	4	0
ENSMZEG00005016033	0	1
ENSMZEG00005016034	1	1
ENSMZEG00005016035	7	1
ENSMZEG00005016036	0	0
ENSMZEG00005016037	0	0
ENSMZEG00005016038	0	0
ENSMZEG00005016039	12	7
ENSMZEG00005016040	0	0
ENSMZEG00005016041	2	1
ENSMZEG00005016042	0	0
ENSMZEG00005016043	0	0
ENSMZEG00005016044	208	223
ENSMZEG00005016045	0	0
ENSMZEG00005016046	212	295
ENSMZEG00005016047	0	4
ENSMZEG00005016048	0	0
ENSMZEG00005016049	0	3
ENSMZEG00005016050	11	2
ENSMZEG00005016051	17	40
ENSMZEG00005016052	8	72
ENSMZEG00005016053	15	1
ENSMZEG00005016054	7	1
ENSMZEG00005016055	2	0
ENSMZEG00005016056	0	0
ENSMZEG00005016057	0	3
ENSMZEG00005016058	0	0
ENSMZEG00005016059	1	4
ENSMZEG00005016060	0	0
ENSMZEG00005016061	0	2
ENSMZEG00005016062	0	0
ENSMZEG00005016063	3	14
ENSMZEG00005016064	24	13
ENSMZEG00005016065	0	1
ENSMZEG00005016066	0	0
ENSMZEG00005016067	0	0
ENSMZEG00005016068	0	0
ENSMZEG00005016069	0	0
ENSMZEG00005016070	1	1
ENSMZEG00005016071	8	0
ENSMZEG00005016072	1	0
ENSMZEG00005016073	0	1
ENSMZEG00005016074	779	574
ENSMZEG00005016075	0	0
ENSMZEG00005016076	0	0
ENSMZEG00005016077	1	0
ENSMZEG00005016078	1	11
ENSMZEG00005016079	3	2
ENSMZEG00005016080	6	6
ENSMZEG00005016081	3	3
ENSMZEG00005016082	0	0
ENSMZEG00005016083	0	2
ENSMZEG00005016084	0	0
ENSMZEG00005016085	904	705
ENSMZEG00005016086	4	3
ENSMZEG00005016087	0	0
ENSMZEG00005016088	0	0
ENSMZEG00005016089	164	38
ENSMZEG00005016090	0	0
ENSMZEG00005016091	1	1
ENSMZEG00005016092	0	0
ENSMZEG00005016093	2	23
ENSMZEG00005016094	4	1
ENSMZEG00005016095	0	0
ENSMZEG00005016096	3	5
ENSMZEG00005016097	9	1
ENSMZEG00005016098	40	0
ENSMZEG00005016099	1	5
ENSMZEG00005016100	92	247
ENSMZEG00005016101	0	0
ENSMZEG00005016102	1	2
ENSMZEG00005016103	0	0
ENSMZEG00005016104	0	0
ENSMZEG00005016105	0	0
ENSMZEG00005016106	37	28
ENSMZEG00005016107	0	0
ENSMZEG00005016108	0	0
ENSMZEG00005016109	0	1
ENSMZEG00005016110	0	0
ENSMZEG00005016111	42	68
ENSMZEG00005016112	0	0
ENSMZEG00005016113	18	0
ENSMZEG00005016114	0	2
ENSMZEG00005016115	1	0
ENSMZEG00005016116	0	0
ENSMZEG00005016117	8	11
ENSMZEG00005016118	0	0
ENSMZEG00005016119	0	1
ENSMZEG00005016120	5	1
ENSMZEG00005016121	51	19
ENSMZEG00005016122	0	0
ENSMZEG00005016123	0	0
ENSMZEG00005016124	0	0
ENSMZEG00005016125	0	0
ENSMZEG00005016126	0	0
ENSMZEG00005016127	13	10
ENSMZEG00005016128	0	3
ENSMZEG00005016129	0	0
ENSMZEG00005016130	20	21
ENSMZEG00005016131	26	2
ENSMZEG00005016132	1	3
ENSMZEG00005016133	0	0
ENSMZEG00005016134	77	352
ENSMZEG00005016135	2	12
ENSMZEG00005016136	0	2
ENSMZEG00005016137	0	6
ENSMZEG00005016138	0	0
ENSMZEG00005016139	0	0
ENSMZEG00005016140	0	1
ENSMZEG00005016141	0	0
ENSMZEG00005016142	0	0
ENSMZEG00005016143	0	2
ENSMZEG00005016144	0	1
ENSMZEG00005016145	0	0
ENSMZEG00005016146	0	5
ENSMZEG00005016147	21	27
ENSMZEG00005016148	43	4
ENSMZEG00005016149	1	5
ENSMZEG00005016150	321	436
ENSMZEG00005016151	0	2
ENSMZEG00005016152	0	3
ENSMZEG00005016153	0	0
ENSMZEG00005016154	0	4
ENSMZEG00005016155	5	2
ENSMZEG00005016156	115804	21677
ENSMZEG00005016157	3	2
ENSMZEG00005016158	3	0
ENSMZEG00005016159	3	2
ENSMZEG00005016160	129	320
ENSMZEG00005016161	0	5
ENSMZEG00005016162	20	150
ENSMZEG00005016163	0	0
ENSMZEG00005016164	8	0
ENSMZEG00005016165	0	0
ENSMZEG00005016166	0	0
ENSMZEG00005016167	4	3
ENSMZEG00005016168	3	8
ENSMZEG00005016169	0	0
ENSMZEG00005016170	0	0
ENSMZEG00005016171	3	3
ENSMZEG00005016172	1	1
ENSMZEG00005016173	1	9
ENSMZEG00005016174	0	9
ENSMZEG00005016175	371	1025
ENSMZEG00005016176	1890	538
ENSMZEG00005016177	86	48
ENSMZEG00005016178	4	9
ENSMZEG00005016179	0	11
ENSMZEG00005016180	0	0
ENSMZEG00005016181	0	0
ENSMZEG00005016182	0	0
ENSMZEG00005016183	0	0
ENSMZEG00005016184	489	297
ENSMZEG00005016185	0	0
ENSMZEG00005016186	1	2
ENSMZEG00005016187	6	2
ENSMZEG00005016188	8	0
ENSMZEG00005016189	4	7
ENSMZEG00005016190	2101	8050
ENSMZEG00005016191	0	0
ENSMZEG00005016192	0	0
ENSMZEG00005016193	5	2
ENSMZEG00005016194	0	0
ENSMZEG00005016195	5	0
ENSMZEG00005016196	4	0
ENSMZEG00005016197	1	1
ENSMZEG00005016198	8	3
ENSMZEG00005016199	4	7
ENSMZEG00005016200	1	0
ENSMZEG00005016201	0	0
ENSMZEG00005016202	0	0
ENSMZEG00005016203	4	0
ENSMZEG00005016204	0	0
ENSMZEG00005016205	108	811
ENSMZEG00005016206	0	0
ENSMZEG00005016207	9	2
ENSMZEG00005016208	0	1
ENSMZEG00005016209	21	3
ENSMZEG00005016210	11	6
ENSMZEG00005016211	0	0
ENSMZEG00005016212	0	0
ENSMZEG00005016213	0	0
ENSMZEG00005016214	0	3
ENSMZEG00005016215	6	9
ENSMZEG00005016216	4	1
ENSMZEG00005016217	0	0
ENSMZEG00005016218	0	0
ENSMZEG00005016219	0	0
ENSMZEG00005016220	3	9
ENSMZEG00005016221	7	1
ENSMZEG00005016222	0	1
ENSMZEG00005016223	2	4
ENSMZEG00005016224	5	9
ENSMZEG00005016225	9	55
ENSMZEG00005016226	0	0
ENSMZEG00005016227	0	3
ENSMZEG00005016228	0	0
ENSMZEG00005016229	2	0
ENSMZEG00005016230	1	1
ENSMZEG00005016231	1	1
ENSMZEG00005016232	2	2
ENSMZEG00005016233	449	417
ENSMZEG00005016234	2	0
ENSMZEG00005016235	5	38
ENSMZEG00005016236	2	0
ENSMZEG00005016237	11	2
ENSMZEG00005016238	9	2
ENSMZEG00005016239	0	1
ENSMZEG00005016240	3	2
ENSMZEG00005016241	0	0
ENSMZEG00005016242	0	0
ENSMZEG00005016243	0	0
ENSMZEG00005016244	0	0
ENSMZEG00005016245	5	6
ENSMZEG00005016246	0	0
ENSMZEG00005016247	0	0
ENSMZEG00005016248	0	0
ENSMZEG00005016249	0	0
ENSMZEG00005016250	5	2
ENSMZEG00005016251	0	0
ENSMZEG00005016252	0	0
ENSMZEG00005016253	74	2
ENSMZEG00005016254	0	0
ENSMZEG00005016255	0	0
ENSMZEG00005016256	4	3
ENSMZEG00005016257	5	1
ENSMZEG00005016258	119	17
ENSMZEG00005016259	0	1
ENSMZEG00005016260	3	7
ENSMZEG00005016261	0	0
ENSMZEG00005016262	0	0
ENSMZEG00005016263	9	2
ENSMZEG00005016264	0	0
ENSMZEG00005016265	4	3
ENSMZEG00005016266	0	0
ENSMZEG00005016267	1	0
ENSMZEG00005016268	13	4
ENSMZEG00005016269	0	0
ENSMZEG00005016270	1	0
ENSMZEG00005016271	4	0
ENSMZEG00005016272	0	7
ENSMZEG00005016273	0	0
ENSMZEG00005016274	0	1
ENSMZEG00005016275	0	0
ENSMZEG00005016276	13	6
ENSMZEG00005016277	0	0
ENSMZEG00005016278	2	1
ENSMZEG00005016279	39	3
ENSMZEG00005016280	5	0
ENSMZEG00005016281	7	1
ENSMZEG00005016282	0	16
ENSMZEG00005016283	5	10
ENSMZEG00005016284	5	5
ENSMZEG00005016285	6	6
ENSMZEG00005016286	16	10
ENSMZEG00005016287	144	42
ENSMZEG00005016288	4	7
ENSMZEG00005016289	3	0
ENSMZEG00005016290	12	6
ENSMZEG00005016291	166	211
ENSMZEG00005016292	0	1
ENSMZEG00005016293	1	14
ENSMZEG00005016294	0	0
ENSMZEG00005016295	1	0
ENSMZEG00005016296	4	14
ENSMZEG00005016297	1	0
ENSMZEG00005016298	0	0
ENSMZEG00005016299	0	0
ENSMZEG00005016300	0	2
ENSMZEG00005016301	1	3
ENSMZEG00005016302	11	7
ENSMZEG00005016303	1	2
ENSMZEG00005016304	510	968
ENSMZEG00005016305	0	0
ENSMZEG00005016306	5	4
ENSMZEG00005016307	424	423
ENSMZEG00005016308	0	0
ENSMZEG00005016309	2	4
ENSMZEG00005016310	2	2
ENSMZEG00005016311	1	0
ENSMZEG00005016312	9	13
ENSMZEG00005016313	1	2
ENSMZEG00005016314	967	1889
ENSMZEG00005016315	17	19
ENSMZEG00005016316	1	1
ENSMZEG00005016317	0	0
ENSMZEG00005016318	1	1
ENSMZEG00005016319	0	4
ENSMZEG00005016320	2	0
ENSMZEG00005016321	3	0
ENSMZEG00005016322	0	0
ENSMZEG00005016323	0	1
ENSMZEG00005016324	0	0
ENSMZEG00005016325	58	160
ENSMZEG00005016326	7	2
ENSMZEG00005016327	0	1
ENSMZEG00005016328	6	6
ENSMZEG00005016329	0	0
ENSMZEG00005016330	10	7
ENSMZEG00005016331	1	0
ENSMZEG00005016332	0	0
ENSMZEG00005016333	0	0
ENSMZEG00005016334	0	0
ENSMZEG00005016335	0	0
ENSMZEG00005016336	0	0
ENSMZEG00005016337	5	6
ENSMZEG00005016338	0	0
ENSMZEG00005016339	0	0
ENSMZEG00005016340	0	0
ENSMZEG00005016341	1759	609
ENSMZEG00005016342	0	0
ENSMZEG00005016343	0	1
ENSMZEG00005016344	2	0
ENSMZEG00005016345	6	16
ENSMZEG00005016346	7	3
ENSMZEG00005016347	12	2
ENSMZEG00005016348	96	6
ENSMZEG00005016349	0	0
ENSMZEG00005016350	3	2
ENSMZEG00005016351	0	0
ENSMZEG00005016352	28	5
ENSMZEG00005016353	0	1
ENSMZEG00005016354	0	0
ENSMZEG00005016355	4	8
ENSMZEG00005016356	19	3
ENSMZEG00005016357	0	0
ENSMZEG00005016358	11	12
ENSMZEG00005016359	2	1
ENSMZEG00005016360	6	0
ENSMZEG00005016361	368	170
ENSMZEG00005016362	0	0
ENSMZEG00005016363	2	5
ENSMZEG00005016364	0	1
ENSMZEG00005016365	5	3
ENSMZEG00005016366	0	5
ENSMZEG00005016367	1	1
ENSMZEG00005016368	943	2709
ENSMZEG00005016369	5	15
ENSMZEG00005016370	212	19
ENSMZEG00005016371	4	0
ENSMZEG00005016372	0	0
ENSMZEG00005016373	0	1
ENSMZEG00005016374	0	0
ENSMZEG00005016375	0	0
ENSMZEG00005016376	1	1
ENSMZEG00005016377	0	0
ENSMZEG00005016378	13	3
ENSMZEG00005016379	0	0
ENSMZEG00005016380	5	0
ENSMZEG00005016381	0	0
ENSMZEG00005016382	0	0
ENSMZEG00005016383	5	8
ENSMZEG00005016384	0	0
ENSMZEG00005016385	0	0
ENSMZEG00005016386	59	109
ENSMZEG00005016387	0	0
ENSMZEG00005016388	0	0
ENSMZEG00005016389	0	0
ENSMZEG00005016390	0	1
ENSMZEG00005016391	15	37
ENSMZEG00005016392	4	32
ENSMZEG00005016393	0	0
ENSMZEG00005016394	1446	205
ENSMZEG00005016395	1	0
ENSMZEG00005016396	0	5
ENSMZEG00005016397	0	0
ENSMZEG00005016398	8	0
ENSMZEG00005016399	0	0
ENSMZEG00005016400	0	1
ENSMZEG00005016401	1	8
ENSMZEG00005016402	1	0
ENSMZEG00005016403	28	7
ENSMZEG00005016404	395	300
ENSMZEG00005016405	93	352
ENSMZEG00005016406	0	1
ENSMZEG00005016407	0	0
ENSMZEG00005016408	0	2
ENSMZEG00005016409	5	5
ENSMZEG00005016410	23	100
ENSMZEG00005016411	1	0
ENSMZEG00005016412	0	1
ENSMZEG00005016413	20	3
ENSMZEG00005016414	1	0
ENSMZEG00005016415	0	0
ENSMZEG00005016416	0	0
ENSMZEG00005016417	3	2
ENSMZEG00005016418	0	0
ENSMZEG00005016419	0	0
ENSMZEG00005016420	14	17
ENSMZEG00005016421	7	3
ENSMZEG00005016422	0	0
ENSMZEG00005016423	1	0
ENSMZEG00005016424	0	0
ENSMZEG00005016425	1	0
ENSMZEG00005016426	0	1
ENSMZEG00005016427	0	0
ENSMZEG00005016428	33	6
ENSMZEG00005016429	0	0
ENSMZEG00005016430	5	4
ENSMZEG00005016431	17	1
ENSMZEG00005016432	2	0
ENSMZEG00005016433	0	0
ENSMZEG00005016434	0	0
ENSMZEG00005016435	2	2
ENSMZEG00005016436	2	0
ENSMZEG00005016437	0	0
ENSMZEG00005016438	5	14
ENSMZEG00005016439	0	2
ENSMZEG00005016440	0	0
ENSMZEG00005016441	0	0
ENSMZEG00005016442	0	0
ENSMZEG00005016443	1	0
ENSMZEG00005016444	0	0
ENSMZEG00005016445	30	3
ENSMZEG00005016446	5	3
ENSMZEG00005016447	0	0
ENSMZEG00005016448	0	0
ENSMZEG00005016449	1	1
ENSMZEG00005016450	0	3
ENSMZEG00005016451	0	0
ENSMZEG00005016452	4	9
ENSMZEG00005016453	8	3
ENSMZEG00005016454	2	0
ENSMZEG00005016455	1	10
ENSMZEG00005016456	13	10
ENSMZEG00005016457	3	1
ENSMZEG00005016458	1	0
ENSMZEG00005016459	0	1
ENSMZEG00005016460	4	7
ENSMZEG00005016461	0	0
ENSMZEG00005016462	1	3
ENSMZEG00005016463	6	3
ENSMZEG00005016464	0	0
ENSMZEG00005016465	2	5
ENSMZEG00005016466	0	4
ENSMZEG00005016467	0	0
ENSMZEG00005016468	0	0
ENSMZEG00005016469	2100	1883
ENSMZEG00005016470	0	0
ENSMZEG00005016471	4	6
ENSMZEG00005016472	0	0
ENSMZEG00005016473	7	5
ENSMZEG00005016474	2	6
ENSMZEG00005016475	0	0
ENSMZEG00005016476	17	2
ENSMZEG00005016477	0	0
ENSMZEG00005016478	28	38
ENSMZEG00005016479	1	0
ENSMZEG00005016480	0	15
ENSMZEG00005016481	0	2
ENSMZEG00005016482	0	0
ENSMZEG00005016483	7	4
ENSMZEG00005016484	4	5
ENSMZEG00005016485	0	0
ENSMZEG00005016486	0	0
ENSMZEG00005016487	0	0
ENSMZEG00005016488	10	0
ENSMZEG00005016489	0	0
ENSMZEG00005016490	0	0
ENSMZEG00005016491	0	0
ENSMZEG00005016492	0	1
ENSMZEG00005016493	5	1
ENSMZEG00005016494	0	3
ENSMZEG00005016495	0	3
ENSMZEG00005016496	0	0
ENSMZEG00005016497	20	35
ENSMZEG00005016498	1	1
ENSMZEG00005016499	0	0
ENSMZEG00005016500	0	0
ENSMZEG00005016501	0	0
ENSMZEG00005016502	0	0
ENSMZEG00005016503	0	0
ENSMZEG00005016504	1	2
ENSMZEG00005016505	0	0
ENSMZEG00005016506	3471	5266
ENSMZEG00005016507	0	0
ENSMZEG00005016508	0	0
ENSMZEG00005016509	0	0
ENSMZEG00005016510	0	1
ENSMZEG00005016511	0	0
ENSMZEG00005016512	46	3
ENSMZEG00005016513	7	1
ENSMZEG00005016514	0	0
ENSMZEG00005016515	2	1
ENSMZEG00005016516	2745	285
ENSMZEG00005016517	0	0
ENSMZEG00005016518	0	0
ENSMZEG00005016519	77	1
ENSMZEG00005016520	0	0
ENSMZEG00005016521	0	0
ENSMZEG00005016522	8	2
ENSMZEG00005016523	1	1
ENSMZEG00005016524	3	0
ENSMZEG00005016525	9	13
ENSMZEG00005016526	7	6
ENSMZEG00005016527	71	5
ENSMZEG00005016528	0	0
ENSMZEG00005016529	3	3
ENSMZEG00005016530	0	1
ENSMZEG00005016531	0	0
ENSMZEG00005016532	0	9
ENSMZEG00005016533	0	1
ENSMZEG00005016534	2	1
ENSMZEG00005016535	0	0
ENSMZEG00005016536	0	2
ENSMZEG00005016537	0	0
ENSMZEG00005016538	0	0
ENSMZEG00005016539	60	28
ENSMZEG00005016540	1	5
ENSMZEG00005016541	3	1
ENSMZEG00005016542	0	2
ENSMZEG00005016543	0	1
ENSMZEG00005016544	0	0
ENSMZEG00005016545	0	1
ENSMZEG00005016546	0	1
ENSMZEG00005016547	0	0
ENSMZEG00005016548	0	2
ENSMZEG00005016549	0	1
ENSMZEG00005016550	0	0
ENSMZEG00005016551	0	0
ENSMZEG00005016552	0	0
ENSMZEG00005016553	1	0
ENSMZEG00005016554	0	0
ENSMZEG00005016555	0	0
ENSMZEG00005016556	0	0
ENSMZEG00005016557	1	0
ENSMZEG00005016558	0	0
ENSMZEG00005016559	7	2
ENSMZEG00005016560	1	1
ENSMZEG00005016561	65	11
ENSMZEG00005016562	0	0
ENSMZEG00005016563	28	23
ENSMZEG00005016564	0	0
ENSMZEG00005016565	0	1
ENSMZEG00005016566	0	0
ENSMZEG00005016567	0	5
ENSMZEG00005016568	0	0
ENSMZEG00005016569	0	0
ENSMZEG00005016570	0	0
ENSMZEG00005016571	15	2
ENSMZEG00005016572	187	124
ENSMZEG00005016573	2	6
ENSMZEG00005016574	0	0
ENSMZEG00005016575	0	0
ENSMZEG00005016576	0	0
ENSMZEG00005016577	3	0
ENSMZEG00005016578	3	2
ENSMZEG00005016579	2	0
ENSMZEG00005016580	6	3
ENSMZEG00005016581	7	15
ENSMZEG00005016582	0	0
ENSMZEG00005016583	12	6
ENSMZEG00005016584	30	9
ENSMZEG00005016585	0	0
ENSMZEG00005016586	6	2
ENSMZEG00005016587	0	0
ENSMZEG00005016588	18	90
ENSMZEG00005016589	0	0
ENSMZEG00005016590	0	0
ENSMZEG00005016591	0	0
ENSMZEG00005016592	0	0
ENSMZEG00005016593	0	0
ENSMZEG00005016594	1	0
ENSMZEG00005016595	573	1312
ENSMZEG00005016596	0	0
ENSMZEG00005016597	1	0
ENSMZEG00005016598	1	12
ENSMZEG00005016599	0	0
ENSMZEG00005016600	9	1
ENSMZEG00005016601	0	0
ENSMZEG00005016602	0	0
ENSMZEG00005016603	936	561
ENSMZEG00005016604	3	3
ENSMZEG00005016605	0	0
ENSMZEG00005016606	0	0
ENSMZEG00005016607	0	1
ENSMZEG00005016608	0	0
ENSMZEG00005016609	180	49
ENSMZEG00005016610	0	0
ENSMZEG00005016611	0	0
ENSMZEG00005016612	1	0
ENSMZEG00005016613	19	0
ENSMZEG00005016614	0	0
ENSMZEG00005016615	0	0
ENSMZEG00005016616	10	1
ENSMZEG00005016617	62	600
ENSMZEG00005016618	348	9388
ENSMZEG00005016619	6	12
ENSMZEG00005016620	0	0
ENSMZEG00005016621	2	3
ENSMZEG00005016622	0	0
ENSMZEG00005016623	1	0
ENSMZEG00005016624	1	3
ENSMZEG00005016625	163	208
ENSMZEG00005016626	0	7
ENSMZEG00005016627	1	2
ENSMZEG00005016628	61	41
ENSMZEG00005016629	2	0
ENSMZEG00005016630	1852	843
ENSMZEG00005016631	2	1
ENSMZEG00005016632	7	3
ENSMZEG00005016633	40	343
ENSMZEG00005016634	75	164
ENSMZEG00005016635	0	5
ENSMZEG00005016636	0	4
ENSMZEG00005016637	0	0
ENSMZEG00005016638	1	0
ENSMZEG00005016639	383	396
ENSMZEG00005016640	100	47
ENSMZEG00005016641	0	1
ENSMZEG00005016642	17	10
ENSMZEG00005016643	0	0
ENSMZEG00005016644	0	1
ENSMZEG00005016645	2	19
ENSMZEG00005016646	0	4
ENSMZEG00005016647	25	13
ENSMZEG00005016648	13	6
ENSMZEG00005016649	4	1
ENSMZEG00005016650	5	15
ENSMZEG00005016651	105	88
ENSMZEG00005016652	0	3
ENSMZEG00005016653	1	0
ENSMZEG00005016654	2	2
ENSMZEG00005016655	0	0
ENSMZEG00005016656	4	14
ENSMZEG00005016657	478	4543
ENSMZEG00005016658	314	101
ENSMZEG00005016659	3	1
ENSMZEG00005016660	0	2
ENSMZEG00005016661	5315	717
ENSMZEG00005016662	0	0
ENSMZEG00005016663	0	9
ENSMZEG00005016664	0	0
ENSMZEG00005016665	1806	9666
ENSMZEG00005016666	841	141
ENSMZEG00005016667	10	5
ENSMZEG00005016668	0	2
ENSMZEG00005016669	0	1
ENSMZEG00005016670	0	0
ENSMZEG00005016671	1	2
ENSMZEG00005016672	0	0
ENSMZEG00005016673	5	7
ENSMZEG00005016674	2	2
ENSMZEG00005016675	2	0
ENSMZEG00005016676	0	0
ENSMZEG00005016677	2169	666
ENSMZEG00005016678	0	0
ENSMZEG00005016679	2	0
ENSMZEG00005016680	72	742
ENSMZEG00005016681	0	0
ENSMZEG00005016682	3	3
ENSMZEG00005016683	3	0
ENSMZEG00005016684	1	0
ENSMZEG00005016685	9	44
ENSMZEG00005016686	0	0
ENSMZEG00005016687	0	0
ENSMZEG00005016688	0	0
ENSMZEG00005016689	0	2
ENSMZEG00005016690	1	0
ENSMZEG00005016691	5	2
ENSMZEG00005016692	0	0
ENSMZEG00005016693	3	2
ENSMZEG00005016694	0	0
ENSMZEG00005016695	13	14
ENSMZEG00005016696	2	5
ENSMZEG00005016697	6	5
ENSMZEG00005016698	50	41
ENSMZEG00005016699	0	0
ENSMZEG00005016700	1	2
ENSMZEG00005016701	9	4
ENSMZEG00005016702	2	4
ENSMZEG00005016703	0	0
ENSMZEG00005016704	0	0
ENSMZEG00005016705	6	21
ENSMZEG00005016706	1	2
ENSMZEG00005016707	0	0
ENSMZEG00005016708	0	0
ENSMZEG00005016709	2	9
ENSMZEG00005016710	0	0
ENSMZEG00005016711	1	15
ENSMZEG00005016712	0	0
ENSMZEG00005016713	12	1
ENSMZEG00005016714	11	6
ENSMZEG00005016715	0	0
ENSMZEG00005016716	0	0
ENSMZEG00005016717	11	0
ENSMZEG00005016718	35	35
ENSMZEG00005016719	38	2
ENSMZEG00005016720	2	1
ENSMZEG00005016721	0	0
ENSMZEG00005016722	27	1
ENSMZEG00005016723	0	0
ENSMZEG00005016724	0	0
ENSMZEG00005016725	0	0
ENSMZEG00005016726	0	8
ENSMZEG00005016727	25	3
ENSMZEG00005016728	1	1
ENSMZEG00005016729	935	222
ENSMZEG00005016730	1	1
ENSMZEG00005016731	1	1
ENSMZEG00005016732	0	0
ENSMZEG00005016733	0	0
ENSMZEG00005016734	4	2
ENSMZEG00005016735	12	4
ENSMZEG00005016736	2	3
ENSMZEG00005016737	0	2
ENSMZEG00005016738	3	0
ENSMZEG00005016739	3	4
ENSMZEG00005016740	0	0
ENSMZEG00005016741	3	0
ENSMZEG00005016742	20	26
ENSMZEG00005016743	0	0
ENSMZEG00005016744	7	1
ENSMZEG00005016745	1	2
ENSMZEG00005016746	0	8
ENSMZEG00005016747	4	30
ENSMZEG00005016748	0	0
ENSMZEG00005016749	0	0
ENSMZEG00005016750	8	9
ENSMZEG00005016751	0	1
ENSMZEG00005016752	624	233
ENSMZEG00005016753	0	1
ENSMZEG00005016754	0	0
ENSMZEG00005016755	384	449
ENSMZEG00005016756	0	0
ENSMZEG00005016757	2	6
ENSMZEG00005016758	0	1
ENSMZEG00005016759	3	0
ENSMZEG00005016760	9	21
ENSMZEG00005016761	2	1
ENSMZEG00005016762	0	0
ENSMZEG00005016763	326	2720
ENSMZEG00005016764	218	258
ENSMZEG00005016765	2	9
ENSMZEG00005016766	0	0
ENSMZEG00005016767	2	0
ENSMZEG00005016768	0	0
ENSMZEG00005016769	4	4
ENSMZEG00005016770	0	0
ENSMZEG00005016771	13	0
ENSMZEG00005016772	4	0
ENSMZEG00005016773	0	0
ENSMZEG00005016774	12	64
ENSMZEG00005016775	0	2
ENSMZEG00005016776	519	446
ENSMZEG00005016777	0	0
ENSMZEG00005016778	790	810
ENSMZEG00005016779	0	0
ENSMZEG00005016780	0	1
ENSMZEG00005016781	0	0
ENSMZEG00005016782	11	0
ENSMZEG00005016783	1	1
ENSMZEG00005016784	15	6
ENSMZEG00005016785	0	0
ENSMZEG00005016786	20	13
ENSMZEG00005016787	209	344
ENSMZEG00005016788	4	3
ENSMZEG00005016789	0	0
ENSMZEG00005016790	30	187
ENSMZEG00005016791	7	7
ENSMZEG00005016792	44	75
ENSMZEG00005016793	0	0
ENSMZEG00005016794	1	0
ENSMZEG00005016795	0	0
ENSMZEG00005016796	62	107
ENSMZEG00005016797	0	3
ENSMZEG00005016798	0	0
ENSMZEG00005016799	8	22
ENSMZEG00005016800	0	0
ENSMZEG00005016801	0	0
ENSMZEG00005016802	1	0
ENSMZEG00005016803	1	3
ENSMZEG00005016804	56	27
ENSMZEG00005016805	3	4
ENSMZEG00005016806	2	0
ENSMZEG00005016807	3	0
ENSMZEG00005016808	0	1
ENSMZEG00005016809	3	4
ENSMZEG00005016810	0	0
ENSMZEG00005016811	0	0
ENSMZEG00005016812	0	0
ENSMZEG00005016813	2	4
ENSMZEG00005016814	2	2
ENSMZEG00005016815	9	1
ENSMZEG00005016816	50	2
ENSMZEG00005016817	2	2
ENSMZEG00005016818	0	7
ENSMZEG00005016819	4	4
ENSMZEG00005016820	0	1
ENSMZEG00005016821	3	0
ENSMZEG00005016822	1	27
ENSMZEG00005016823	4	0
ENSMZEG00005016824	4	1
ENSMZEG00005016825	15	5
ENSMZEG00005016826	1	0
ENSMZEG00005016827	0	0
ENSMZEG00005016828	1230	1840
ENSMZEG00005016829	1	0
ENSMZEG00005016830	0	3
ENSMZEG00005016831	0	0
ENSMZEG00005016832	0	0
ENSMZEG00005016833	1	0
ENSMZEG00005016834	4	3
ENSMZEG00005016835	0	0
ENSMZEG00005016836	0	0
ENSMZEG00005016837	1	8
ENSMZEG00005016838	2	4
ENSMZEG00005016839	0	0
ENSMZEG00005016840	18	1
ENSMZEG00005016841	1	0
ENSMZEG00005016842	0	3
ENSMZEG00005016843	1	2
ENSMZEG00005016844	0	0
ENSMZEG00005016845	0	0
ENSMZEG00005016846	4	1
ENSMZEG00005016847	4	1
ENSMZEG00005016848	10	10
ENSMZEG00005016849	2	3
ENSMZEG00005016850	0	0
ENSMZEG00005016851	2	2
ENSMZEG00005016852	377	2004
ENSMZEG00005016853	2	0
ENSMZEG00005016854	21	13
ENSMZEG00005016855	1	0
ENSMZEG00005016856	4870	2771
ENSMZEG00005016857	310	382
ENSMZEG00005016858	1	45
ENSMZEG00005016859	0	0
ENSMZEG00005016860	6	32
ENSMZEG00005016861	0	1
ENSMZEG00005016862	0	0
ENSMZEG00005016863	3	18
ENSMZEG00005016864	0	0
ENSMZEG00005016865	45	55
ENSMZEG00005016866	6	0
ENSMZEG00005016867	479	1938
ENSMZEG00005016868	0	0
ENSMZEG00005016869	2	4
ENSMZEG00005016870	0	0
ENSMZEG00005016871	0	0
ENSMZEG00005016872	0	0
ENSMZEG00005016873	1	1
ENSMZEG00005016874	0	0
ENSMZEG00005016875	2	0
ENSMZEG00005016876	0	0
ENSMZEG00005016877	0	0
ENSMZEG00005016878	1118	178
ENSMZEG00005016879	0	0
ENSMZEG00005016880	18	63
ENSMZEG00005016881	218	49
ENSMZEG00005016882	0	0
ENSMZEG00005016883	0	0
ENSMZEG00005016884	0	0
ENSMZEG00005016885	0	0
ENSMZEG00005016886	0	0
ENSMZEG00005016887	1	0
ENSMZEG00005016888	3	0
ENSMZEG00005016889	0	0
ENSMZEG00005016890	0	0
ENSMZEG00005016891	0	0
ENSMZEG00005016892	0	0
ENSMZEG00005016893	1	0
ENSMZEG00005016894	0	0
ENSMZEG00005016895	0	0
ENSMZEG00005016896	3	2
ENSMZEG00005016897	0	1
ENSMZEG00005016898	22	124
ENSMZEG00005016899	0	0
ENSMZEG00005016900	0	3
ENSMZEG00005016901	5	3
ENSMZEG00005016902	4	0
ENSMZEG00005016903	1	0
ENSMZEG00005016904	1	0
ENSMZEG00005016905	124	100
ENSMZEG00005016906	0	2
ENSMZEG00005016907	2	6
ENSMZEG00005016908	0	0
ENSMZEG00005016909	0	0
ENSMZEG00005016910	3	0
ENSMZEG00005016911	0	0
ENSMZEG00005016912	0	0
ENSMZEG00005016913	10	7
ENSMZEG00005016914	0	6
ENSMZEG00005016915	0	1
ENSMZEG00005016916	0	0
ENSMZEG00005016917	0	0
ENSMZEG00005016918	2	7
ENSMZEG00005016919	0	2
ENSMZEG00005016920	0	0
ENSMZEG00005016921	0	0
ENSMZEG00005016922	21	16
ENSMZEG00005016923	0	0
ENSMZEG00005016924	0	0
ENSMZEG00005016925	2	1
ENSMZEG00005016926	3	1
ENSMZEG00005016927	1	2
ENSMZEG00005016928	8	9
ENSMZEG00005016929	5	10
ENSMZEG00005016930	1	2
ENSMZEG00005016931	5	1
ENSMZEG00005016932	0	46
ENSMZEG00005016933	0	0
ENSMZEG00005016934	0	0
ENSMZEG00005016935	0	0
ENSMZEG00005016936	1	2
ENSMZEG00005016937	0	0
ENSMZEG00005016938	0	4
ENSMZEG00005016939	0	0
ENSMZEG00005016940	1	12
ENSMZEG00005016941	0	0
ENSMZEG00005016942	0	0
ENSMZEG00005016943	2	9
ENSMZEG00005016944	0	0
ENSMZEG00005016945	0	1
ENSMZEG00005016946	1	1
ENSMZEG00005016947	20	24
ENSMZEG00005016948	1	3
ENSMZEG00005016949	2	0
ENSMZEG00005016950	0	0
ENSMZEG00005016951	6	8
ENSMZEG00005016952	3	0
ENSMZEG00005016953	3	3
ENSMZEG00005016954	0	0
ENSMZEG00005016955	2	3
ENSMZEG00005016956	0	0
ENSMZEG00005016957	1	1
ENSMZEG00005016958	0	2
ENSMZEG00005016959	4	2
ENSMZEG00005016960	0	0
ENSMZEG00005016961	218	159
ENSMZEG00005016962	8	9
ENSMZEG00005016963	0	0
ENSMZEG00005016964	0	0
ENSMZEG00005016965	0	0
ENSMZEG00005016966	0	0
ENSMZEG00005016967	13	0
ENSMZEG00005016968	5	2
ENSMZEG00005016969	3	0
ENSMZEG00005016970	0	0
ENSMZEG00005016971	3	5
ENSMZEG00005016972	0	1
ENSMZEG00005016973	0	0
ENSMZEG00005016974	4	7
ENSMZEG00005016975	0	1
ENSMZEG00005016976	0	2
ENSMZEG00005016977	1	0
ENSMZEG00005016978	0	3
ENSMZEG00005016979	0	0
ENSMZEG00005016980	0	0
ENSMZEG00005016981	12	34
ENSMZEG00005016982	0	3
ENSMZEG00005016983	0	0
ENSMZEG00005016984	3	0
ENSMZEG00005016985	11	30
ENSMZEG00005016986	0	0
ENSMZEG00005016987	3	6
ENSMZEG00005016988	0	7
ENSMZEG00005016989	0	0
ENSMZEG00005016990	1	0
ENSMZEG00005016991	8	3
ENSMZEG00005016992	0	0
ENSMZEG00005016993	2	3
ENSMZEG00005016994	2	1
ENSMZEG00005016995	0	0
ENSMZEG00005016996	0	0
ENSMZEG00005016997	0	0
ENSMZEG00005016998	49	4
ENSMZEG00005016999	10	0
ENSMZEG00005017000	2	0
ENSMZEG00005017001	4	2
ENSMZEG00005017002	13	1
ENSMZEG00005017003	2	7
ENSMZEG00005017004	0	0
ENSMZEG00005017005	18	6
ENSMZEG00005017006	11	0
ENSMZEG00005017007	3	1
ENSMZEG00005017008	0	0
ENSMZEG00005017009	21	8
ENSMZEG00005017010	2	3
ENSMZEG00005017011	2	0
ENSMZEG00005017012	7	4
ENSMZEG00005017013	5	0
ENSMZEG00005017014	379	707
ENSMZEG00005017015	0	0
ENSMZEG00005017016	0	4
ENSMZEG00005017017	0	0
ENSMZEG00005017018	3	5
ENSMZEG00005017019	1	1
ENSMZEG00005017020	2	3
ENSMZEG00005017021	5	0
ENSMZEG00005017022	0	0
ENSMZEG00005017023	9	4
ENSMZEG00005017024	4	1
ENSMZEG00005017025	0	0
ENSMZEG00005017026	2346	2009
ENSMZEG00005017027	12	1
ENSMZEG00005017028	0	2
ENSMZEG00005017029	5	0
ENSMZEG00005017030	45	64
ENSMZEG00005017031	241	32
ENSMZEG00005017032	0	1
ENSMZEG00005017033	3	4
ENSMZEG00005017034	14	7
ENSMZEG00005017035	2	4
ENSMZEG00005017036	147464	22629
ENSMZEG00005017037	0	1
ENSMZEG00005017038	0	2
ENSMZEG00005017039	7	3
ENSMZEG00005017040	0	0
ENSMZEG00005017041	16	22
ENSMZEG00005017042	544	672
ENSMZEG00005017043	1	0
ENSMZEG00005017044	0	0
ENSMZEG00005017045	0	4
ENSMZEG00005017046	3	1
ENSMZEG00005017047	4	10
ENSMZEG00005017048	0	0
ENSMZEG00005017049	0	1
ENSMZEG00005017050	1	3
ENSMZEG00005017051	24	12
ENSMZEG00005017052	2	0
ENSMZEG00005017053	2035	3071
ENSMZEG00005017054	1	3
ENSMZEG00005017055	0	2
ENSMZEG00005017056	0	0
ENSMZEG00005017057	3	0
ENSMZEG00005017058	0	0
ENSMZEG00005017059	1	0
ENSMZEG00005017060	0	0
ENSMZEG00005017061	5	2
ENSMZEG00005017062	0	7
ENSMZEG00005017063	6	0
ENSMZEG00005017064	9	5
ENSMZEG00005017065	6	1
ENSMZEG00005017066	0	0
ENSMZEG00005017067	4	2
ENSMZEG00005017068	5	6
ENSMZEG00005017069	0	0
ENSMZEG00005017070	279	891
ENSMZEG00005017071	0	0
ENSMZEG00005017072	4	5
ENSMZEG00005017073	0	0
ENSMZEG00005017074	273	587
ENSMZEG00005017075	0	0
ENSMZEG00005017076	0	0
ENSMZEG00005017077	1045	591
ENSMZEG00005017078	0	0
ENSMZEG00005017079	21	3
ENSMZEG00005017080	7	0
ENSMZEG00005017081	2	1
ENSMZEG00005017082	0	0
ENSMZEG00005017083	120	37
ENSMZEG00005017084	0	0
ENSMZEG00005017085	209	58
ENSMZEG00005017086	3	17
ENSMZEG00005017087	6	16
ENSMZEG00005017088	1	1
ENSMZEG00005017089	1	0
ENSMZEG00005017090	7	8
ENSMZEG00005017091	0	0
ENSMZEG00005017092	5	95
ENSMZEG00005017093	4	0
ENSMZEG00005017094	1	1
ENSMZEG00005017095	0	0
ENSMZEG00005017096	0	2
ENSMZEG00005017097	5	0
ENSMZEG00005017098	3	2
ENSMZEG00005017099	71	38
ENSMZEG00005017100	0	1
ENSMZEG00005017101	0	0
ENSMZEG00005017102	12	10
ENSMZEG00005017103	3	0
ENSMZEG00005017104	0	0
ENSMZEG00005017105	5	2
ENSMZEG00005017106	5	5
ENSMZEG00005017107	3	4
ENSMZEG00005017108	0	0
ENSMZEG00005017109	3	1
ENSMZEG00005017110	0	2
ENSMZEG00005017111	6	3
ENSMZEG00005017112	4	11
ENSMZEG00005017113	240	280
ENSMZEG00005017114	0	0
ENSMZEG00005017115	0	0
ENSMZEG00005017116	0	0
ENSMZEG00005017117	0	1
ENSMZEG00005017118	10	5
ENSMZEG00005017119	0	0
ENSMZEG00005017120	4	0
ENSMZEG00005017121	0	11
ENSMZEG00005017122	0	0
ENSMZEG00005017123	2	1
ENSMZEG00005017124	0	2
ENSMZEG00005017125	0	1
ENSMZEG00005017126	0	0
ENSMZEG00005017127	2	1
ENSMZEG00005017128	0	0
ENSMZEG00005017129	1	0
ENSMZEG00005017130	3	0
ENSMZEG00005017131	104	206
ENSMZEG00005017132	4	1
ENSMZEG00005017133	2	0
ENSMZEG00005017134	0	0
ENSMZEG00005017135	0	0
ENSMZEG00005017136	6	1
ENSMZEG00005017137	55	40
ENSMZEG00005017138	3	2
ENSMZEG00005017139	4	0
ENSMZEG00005017140	0	8
ENSMZEG00005017141	0	0
ENSMZEG00005017142	304	365
ENSMZEG00005017143	1	0
ENSMZEG00005017144	0	0
ENSMZEG00005017145	0	0
ENSMZEG00005017146	1	0
ENSMZEG00005017147	3	4
ENSMZEG00005017148	1	0
ENSMZEG00005017149	0	0
ENSMZEG00005017150	0	0
ENSMZEG00005017151	12	3
ENSMZEG00005017152	0	0
ENSMZEG00005017153	0	0
ENSMZEG00005017154	2	2
ENSMZEG00005017155	4	1
ENSMZEG00005017156	0	0
ENSMZEG00005017157	5	1
ENSMZEG00005017158	10	4
ENSMZEG00005017159	0	0
ENSMZEG00005017160	22	20
ENSMZEG00005017161	0	0
ENSMZEG00005017162	8	1
ENSMZEG00005017163	0	3
ENSMZEG00005017164	0	0
ENSMZEG00005017165	0	0
ENSMZEG00005017166	298	32
ENSMZEG00005017167	3	19
ENSMZEG00005017168	0	0
ENSMZEG00005017169	1	4
ENSMZEG00005017170	2	0
ENSMZEG00005017171	4	45
ENSMZEG00005017172	0	0
ENSMZEG00005017173	1	1
ENSMZEG00005017174	0	0
ENSMZEG00005017175	3	0
ENSMZEG00005017176	81	23
ENSMZEG00005017177	3	1
ENSMZEG00005017178	2	29
ENSMZEG00005017179	10	11
ENSMZEG00005017180	0	3
ENSMZEG00005017181	0	0
ENSMZEG00005017182	1306	462
ENSMZEG00005017183	0	7
ENSMZEG00005017184	5	7
ENSMZEG00005017185	3	4
ENSMZEG00005017186	11	8
ENSMZEG00005017187	15	0
ENSMZEG00005017188	0	0
ENSMZEG00005017189	6	1
ENSMZEG00005017190	1	22
ENSMZEG00005017191	1	3
ENSMZEG00005017192	0	0
ENSMZEG00005017193	5	4
ENSMZEG00005017194	0	1
ENSMZEG00005017195	0	0
ENSMZEG00005017196	4	0
ENSMZEG00005017197	2	1
ENSMZEG00005017198	0	0
ENSMZEG00005017199	0	0
ENSMZEG00005017200	19	12
ENSMZEG00005017201	0	0
ENSMZEG00005017202	1	2
ENSMZEG00005017203	20	0
ENSMZEG00005017204	1	0
ENSMZEG00005017205	0	0
ENSMZEG00005017206	0	10
ENSMZEG00005017207	6	4
ENSMZEG00005017208	0	0
ENSMZEG00005017209	107	125
ENSMZEG00005017210	6	4
ENSMZEG00005017211	14	3
ENSMZEG00005017212	4	4
ENSMZEG00005017213	0	0
ENSMZEG00005017214	26	27
ENSMZEG00005017215	0	0
ENSMZEG00005017216	1	5
ENSMZEG00005017217	0	0
ENSMZEG00005017218	0	0
ENSMZEG00005017219	0	0
ENSMZEG00005017220	85	9
ENSMZEG00005017221	0	0
ENSMZEG00005017222	3	1
ENSMZEG00005017223	0	0
ENSMZEG00005017224	1	0
ENSMZEG00005017225	0	0
ENSMZEG00005017226	3	6
ENSMZEG00005017227	1	1
ENSMZEG00005017228	72	4
ENSMZEG00005017229	0	0
ENSMZEG00005017230	5	6
ENSMZEG00005017231	6	1
ENSMZEG00005017232	0	0
ENSMZEG00005017233	0	0
ENSMZEG00005017234	0	0
ENSMZEG00005017235	6	0
ENSMZEG00005017236	0	0
ENSMZEG00005017237	1	0
ENSMZEG00005017238	0	1
ENSMZEG00005017239	0	0
ENSMZEG00005017240	11	25
ENSMZEG00005017241	7	0
ENSMZEG00005017242	53	10
ENSMZEG00005017243	0	0
ENSMZEG00005017244	1	1
ENSMZEG00005017245	0	0
ENSMZEG00005017246	0	0
ENSMZEG00005017247	2	5
ENSMZEG00005017248	1	2
ENSMZEG00005017249	0	0
ENSMZEG00005017250	0	0
ENSMZEG00005017251	677	806
ENSMZEG00005017252	0	1
ENSMZEG00005017253	0	2
ENSMZEG00005017254	0	1
ENSMZEG00005017255	0	2
ENSMZEG00005017256	0	0
ENSMZEG00005017257	0	0
ENSMZEG00005017258	3	10
ENSMZEG00005017259	0	0
ENSMZEG00005017260	0	0
ENSMZEG00005017261	5	2
ENSMZEG00005017262	0	1
ENSMZEG00005017263	0	0
ENSMZEG00005017264	1	7
ENSMZEG00005017265	0	0
ENSMZEG00005017266	2	2
ENSMZEG00005017267	0	0
ENSMZEG00005017268	2	0
ENSMZEG00005017269	0	0
ENSMZEG00005017270	3	3
ENSMZEG00005017271	0	0
ENSMZEG00005017272	0	0
ENSMZEG00005017273	1	0
ENSMZEG00005017274	1	1
ENSMZEG00005017275	5	3
ENSMZEG00005017276	0	0
ENSMZEG00005017277	1	0
ENSMZEG00005017278	4	3
ENSMZEG00005017279	0	2
ENSMZEG00005017280	4	2
ENSMZEG00005017281	0	0
ENSMZEG00005017282	3	6
ENSMZEG00005017283	4	8
ENSMZEG00005017284	0	1
ENSMZEG00005017285	0	0
ENSMZEG00005017286	0	0
ENSMZEG00005017287	99	127
ENSMZEG00005017288	3	3
ENSMZEG00005017289	1	0
ENSMZEG00005017290	0	0
ENSMZEG00005017291	0	1
ENSMZEG00005017292	1650	228
ENSMZEG00005017293	4	1
ENSMZEG00005017294	1	0
ENSMZEG00005017295	0	0
ENSMZEG00005017296	1	2
ENSMZEG00005017297	0	0
ENSMZEG00005017298	0	0
ENSMZEG00005017299	0	0
ENSMZEG00005017300	2	3
ENSMZEG00005017301	0	1
ENSMZEG00005017302	119	136
ENSMZEG00005017303	3777	1440
ENSMZEG00005017304	9	5
ENSMZEG00005017305	1	1
ENSMZEG00005017306	0	0
ENSMZEG00005017307	25	2
ENSMZEG00005017308	16	8
ENSMZEG00005017309	1290	136
ENSMZEG00005017310	6	1
ENSMZEG00005017311	0	1
ENSMZEG00005017312	1	1
ENSMZEG00005017313	0	2
ENSMZEG00005017314	0	0
ENSMZEG00005017315	2	5
ENSMZEG00005017316	1	0
ENSMZEG00005017317	2	0
ENSMZEG00005017318	2	0
ENSMZEG00005017319	0	1
ENSMZEG00005017320	0	0
ENSMZEG00005017321	0	0
ENSMZEG00005017322	0	3
ENSMZEG00005017323	3	8
ENSMZEG00005017324	0	0
ENSMZEG00005017325	0	0
ENSMZEG00005017326	8	36
ENSMZEG00005017327	0	0
ENSMZEG00005017328	7	8
ENSMZEG00005017329	0	0
ENSMZEG00005017330	0	7
ENSMZEG00005017331	0	1
ENSMZEG00005017332	21	98
ENSMZEG00005017333	71	62
ENSMZEG00005017334	194	36
ENSMZEG00005017335	0	0
ENSMZEG00005017336	7	10
ENSMZEG00005017337	0	0
ENSMZEG00005017338	0	0
ENSMZEG00005017339	1	10
ENSMZEG00005017340	74	768
ENSMZEG00005017341	9	1
ENSMZEG00005017342	1	1
ENSMZEG00005017343	0	0
ENSMZEG00005017344	0	0
ENSMZEG00005017345	0	0
ENSMZEG00005017346	2	1
ENSMZEG00005017347	0	0
ENSMZEG00005017348	1	0
ENSMZEG00005017349	0	3
ENSMZEG00005017350	0	0
ENSMZEG00005017351	11	3
ENSMZEG00005017352	0	1
ENSMZEG00005017353	2	0
ENSMZEG00005017354	7	5
ENSMZEG00005017355	0	0
ENSMZEG00005017356	0	2
ENSMZEG00005017357	8	15
ENSMZEG00005017358	11	1
ENSMZEG00005017359	1	0
ENSMZEG00005017360	2	0
ENSMZEG00005017361	0	4
ENSMZEG00005017362	0	0
ENSMZEG00005017363	0	6
ENSMZEG00005017364	3	0
ENSMZEG00005017365	0	0
ENSMZEG00005017366	10	56
ENSMZEG00005017367	11	0
ENSMZEG00005017368	731	753
ENSMZEG00005017369	2	16
ENSMZEG00005017370	0	0
ENSMZEG00005017371	24	16
ENSMZEG00005017372	0	0
ENSMZEG00005017373	1	8
ENSMZEG00005017374	0	0
ENSMZEG00005017375	1	1
ENSMZEG00005017376	3	3
ENSMZEG00005017377	0	0
ENSMZEG00005017378	1	11
ENSMZEG00005017379	0	0
ENSMZEG00005017380	2649	2308
ENSMZEG00005017381	0	0
ENSMZEG00005017382	1	0
ENSMZEG00005017383	2	1
ENSMZEG00005017384	0	0
ENSMZEG00005017385	8	0
ENSMZEG00005017386	0	0
ENSMZEG00005017387	0	0
ENSMZEG00005017388	78	138
ENSMZEG00005017389	0	3
ENSMZEG00005017390	0	8
ENSMZEG00005017391	0	0
ENSMZEG00005017392	349	3645
ENSMZEG00005017393	0	0
ENSMZEG00005017394	0	0
ENSMZEG00005017395	15	19
ENSMZEG00005017396	0	1
ENSMZEG00005017397	0	0
ENSMZEG00005017398	0	4
ENSMZEG00005017399	0	3
ENSMZEG00005017400	1	1
ENSMZEG00005017401	3	5
ENSMZEG00005017402	0	0
ENSMZEG00005017403	0	0
ENSMZEG00005017404	46	57
ENSMZEG00005017405	2	1
ENSMZEG00005017406	1	7
ENSMZEG00005017407	8	13
ENSMZEG00005017408	8	3
ENSMZEG00005017409	2	1
ENSMZEG00005017410	0	6
ENSMZEG00005017411	470	218
ENSMZEG00005017412	0	0
ENSMZEG00005017413	5	5
ENSMZEG00005017414	0	0
ENSMZEG00005017415	14	1
ENSMZEG00005017416	0	0
ENSMZEG00005017417	15	31
ENSMZEG00005017418	0	0
ENSMZEG00005017419	7	17
ENSMZEG00005017420	0	0
ENSMZEG00005017421	1	2
ENSMZEG00005017422	1	1
ENSMZEG00005017423	90	136
ENSMZEG00005017424	26	136
ENSMZEG00005017425	0	0
ENSMZEG00005017426	30	48
ENSMZEG00005017427	10	10
ENSMZEG00005017428	5	6
ENSMZEG00005017429	0	0
ENSMZEG00005017430	7	9
ENSMZEG00005017431	1	2
ENSMZEG00005017432	1	0
ENSMZEG00005017433	0	0
ENSMZEG00005017434	0	0
ENSMZEG00005017435	6	7
ENSMZEG00005017436	110	78
ENSMZEG00005017437	0	0
ENSMZEG00005017438	71	43
ENSMZEG00005017439	0	1
ENSMZEG00005017440	1275	323
ENSMZEG00005017441	456	305
ENSMZEG00005017442	0	0
ENSMZEG00005017443	0	0
ENSMZEG00005017444	0	0
ENSMZEG00005017445	0	5
ENSMZEG00005017446	52	3
ENSMZEG00005017447	163	223
ENSMZEG00005017448	4	5
ENSMZEG00005017449	2	2
ENSMZEG00005017450	0	0
ENSMZEG00005017451	13	1
ENSMZEG00005017452	203	28
ENSMZEG00005017453	0	0
ENSMZEG00005017454	0	0
ENSMZEG00005017455	0	0
ENSMZEG00005017456	1	3
ENSMZEG00005017457	1	0
ENSMZEG00005017458	0	0
ENSMZEG00005017459	497	75
ENSMZEG00005017460	2	8
ENSMZEG00005017461	0	0
ENSMZEG00005017462	0	0
ENSMZEG00005017463	7	7
ENSMZEG00005017464	0	0
ENSMZEG00005017465	0	0
ENSMZEG00005017466	1	1
ENSMZEG00005017467	385	517
ENSMZEG00005017468	2	0
ENSMZEG00005017469	5	6
ENSMZEG00005017470	5	5
ENSMZEG00005017471	0	1
ENSMZEG00005017472	134	54
ENSMZEG00005017473	8	2
ENSMZEG00005017474	1	4
ENSMZEG00005017475	5	4
ENSMZEG00005017476	0	0
ENSMZEG00005017477	2	1
ENSMZEG00005017478	30	0
ENSMZEG00005017479	8	8
ENSMZEG00005017480	0	20
ENSMZEG00005017481	3	0
ENSMZEG00005017482	0	0
ENSMZEG00005017483	0	2
ENSMZEG00005017484	2	0
ENSMZEG00005017485	43	179
ENSMZEG00005017486	0	0
ENSMZEG00005017487	0	0
ENSMZEG00005017488	22	10
ENSMZEG00005017489	1	1
ENSMZEG00005017490	0	0
ENSMZEG00005017491	4	1
ENSMZEG00005017492	7	2
ENSMZEG00005017493	567	254
ENSMZEG00005017494	30	100
ENSMZEG00005017495	0	0
ENSMZEG00005017496	0	0
ENSMZEG00005017497	0	0
ENSMZEG00005017498	9	28
ENSMZEG00005017499	0	6
ENSMZEG00005017500	2	8
ENSMZEG00005017501	4	0
ENSMZEG00005017502	0	0
ENSMZEG00005017503	3	2
ENSMZEG00005017504	1	1
ENSMZEG00005017505	0	0
ENSMZEG00005017506	5	46
ENSMZEG00005017507	0	0
ENSMZEG00005017508	0	0
ENSMZEG00005017509	0	0
ENSMZEG00005017510	0	0
ENSMZEG00005017511	0	0
ENSMZEG00005017512	0	0
ENSMZEG00005017513	4	0
ENSMZEG00005017514	0	1
ENSMZEG00005017515	0	0
ENSMZEG00005017516	1	2
ENSMZEG00005017517	17	10
ENSMZEG00005017518	0	0
ENSMZEG00005017519	6	2
ENSMZEG00005017520	4	3
ENSMZEG00005017521	0	0
ENSMZEG00005017522	0	0
ENSMZEG00005017523	318	1776
ENSMZEG00005017524	2	5
ENSMZEG00005017525	28	10
ENSMZEG00005017526	0	0
ENSMZEG00005017527	0	0
ENSMZEG00005017528	938	1529
ENSMZEG00005017529	2	0
ENSMZEG00005017530	1	5
ENSMZEG00005017531	231	43
ENSMZEG00005017532	6	4
ENSMZEG00005017533	3	0
ENSMZEG00005017534	0	0
ENSMZEG00005017535	0	0
ENSMZEG00005017536	0	0
ENSMZEG00005017537	7	3
ENSMZEG00005017538	0	0
ENSMZEG00005017539	0	0
ENSMZEG00005017540	0	0
ENSMZEG00005017541	0	0
ENSMZEG00005017542	0	0
ENSMZEG00005017543	0	0
ENSMZEG00005017544	211	229
ENSMZEG00005017545	0	2
ENSMZEG00005017546	2	3
ENSMZEG00005017547	25	4
ENSMZEG00005017548	0	0
ENSMZEG00005017549	1	0
ENSMZEG00005017550	1	3
ENSMZEG00005017551	11	6
ENSMZEG00005017552	4	3
ENSMZEG00005017553	1	0
ENSMZEG00005017554	11	1
ENSMZEG00005017555	0	2
ENSMZEG00005017556	0	0
ENSMZEG00005017557	0	0
ENSMZEG00005017558	0	0
ENSMZEG00005017559	0	0
ENSMZEG00005017560	15	6
ENSMZEG00005017561	0	0
ENSMZEG00005017562	0	1
ENSMZEG00005017563	2	0
ENSMZEG00005017564	0	0
ENSMZEG00005017565	0	0
ENSMZEG00005017566	2	1
ENSMZEG00005017567	0	1
ENSMZEG00005017568	0	0
ENSMZEG00005017569	0	0
ENSMZEG00005017570	1	7
ENSMZEG00005017571	0	0
ENSMZEG00005017572	1	1
ENSMZEG00005017573	0	0
ENSMZEG00005017574	3	1
ENSMZEG00005017575	3	0
ENSMZEG00005017576	0	0
ENSMZEG00005017577	5	0
ENSMZEG00005017578	0	0
ENSMZEG00005017579	4	8
ENSMZEG00005017580	28	5
ENSMZEG00005017581	0	0
ENSMZEG00005017582	0	0
ENSMZEG00005017583	4	1
ENSMZEG00005017584	0	1
ENSMZEG00005017585	0	7
ENSMZEG00005017586	0	4
ENSMZEG00005017587	0	0
ENSMZEG00005017588	0	0
ENSMZEG00005017589	0	0
ENSMZEG00005017590	0	0
ENSMZEG00005017591	0	0
ENSMZEG00005017592	0	2
ENSMZEG00005017593	0	0
ENSMZEG00005017594	0	0
ENSMZEG00005017595	0	0
ENSMZEG00005017596	25	122
ENSMZEG00005017597	0	0
ENSMZEG00005017598	485	181
ENSMZEG00005017599	0	4
ENSMZEG00005017600	0	0
ENSMZEG00005017601	0	2
ENSMZEG00005017602	271	231
ENSMZEG00005017603	3	3
ENSMZEG00005017604	0	0
ENSMZEG00005017605	3	1
ENSMZEG00005017606	16	103
ENSMZEG00005017607	8	2
ENSMZEG00005017608	0	0
ENSMZEG00005017609	0	0
ENSMZEG00005017610	262	541
ENSMZEG00005017611	0	0
ENSMZEG00005017612	0	0
ENSMZEG00005017613	3	1
ENSMZEG00005017614	11	1
ENSMZEG00005017615	0	0
ENSMZEG00005017616	0	0
ENSMZEG00005017617	0	0
ENSMZEG00005017618	0	2
ENSMZEG00005017619	0	0
ENSMZEG00005017620	2	3
ENSMZEG00005017621	5	29
ENSMZEG00005017622	1	1
ENSMZEG00005017623	1555	1921
ENSMZEG00005017624	1	4
ENSMZEG00005017625	0	0
ENSMZEG00005017626	0	0
ENSMZEG00005017627	7	5
ENSMZEG00005017628	0	0
ENSMZEG00005017629	0	2
ENSMZEG00005017630	507	59
ENSMZEG00005017631	6	0
ENSMZEG00005017632	91	26
ENSMZEG00005017633	6	3
ENSMZEG00005017634	2	0
ENSMZEG00005017635	9	8
ENSMZEG00005017636	1	0
ENSMZEG00005017637	4	7
ENSMZEG00005017638	114	210
ENSMZEG00005017639	31	0
ENSMZEG00005017640	0	0
ENSMZEG00005017641	0	0
ENSMZEG00005017642	2	2
ENSMZEG00005017643	0	0
ENSMZEG00005017644	21	20
ENSMZEG00005017645	11	1
ENSMZEG00005017646	14	5
ENSMZEG00005017647	0	0
ENSMZEG00005017648	1941	143
ENSMZEG00005017649	1	0
ENSMZEG00005017650	27	42
ENSMZEG00005017651	0	0
ENSMZEG00005017652	0	0
ENSMZEG00005017653	0	4
ENSMZEG00005017654	332	422
ENSMZEG00005017655	64	30
ENSMZEG00005017656	0	0
ENSMZEG00005017657	0	0
ENSMZEG00005017658	7	0
ENSMZEG00005017659	1	12
ENSMZEG00005017660	0	0
ENSMZEG00005017661	5	2
ENSMZEG00005017662	0	0
ENSMZEG00005017663	2	1
ENSMZEG00005017664	0	0
ENSMZEG00005017665	0	0
ENSMZEG00005017666	5	4
ENSMZEG00005017667	13	76
ENSMZEG00005017668	0	0
ENSMZEG00005017669	6	5
ENSMZEG00005017670	0	0
ENSMZEG00005017671	0	0
ENSMZEG00005017672	0	0
ENSMZEG00005017673	0	0
ENSMZEG00005017674	1	2
ENSMZEG00005017675	0	0
ENSMZEG00005017676	0	0
ENSMZEG00005017677	0	0
ENSMZEG00005017678	0	0
ENSMZEG00005017679	3	5
ENSMZEG00005017680	0	0
ENSMZEG00005017681	1	1
ENSMZEG00005017682	0	0
ENSMZEG00005017683	1	2
ENSMZEG00005017684	0	0
ENSMZEG00005017685	1	1
ENSMZEG00005017686	0	1
ENSMZEG00005017687	0	0
ENSMZEG00005017688	66	113
ENSMZEG00005017689	0	0
ENSMZEG00005017690	2	0
ENSMZEG00005017691	0	0
ENSMZEG00005017692	1	0
ENSMZEG00005017693	0	0
ENSMZEG00005017694	0	0
ENSMZEG00005017695	4	3
ENSMZEG00005017696	0	0
ENSMZEG00005017697	0	0
ENSMZEG00005017698	23	11
ENSMZEG00005017699	2	0
ENSMZEG00005017700	0	0
ENSMZEG00005017701	0	0
ENSMZEG00005017702	0	0
ENSMZEG00005017703	6	8
ENSMZEG00005017704	0	0
ENSMZEG00005017705	0	3
ENSMZEG00005017706	0	0
ENSMZEG00005017707	0	0
ENSMZEG00005017708	6	2
ENSMZEG00005017709	3	2
ENSMZEG00005017710	20	4
ENSMZEG00005017711	16	10
ENSMZEG00005017712	0	0
ENSMZEG00005017713	0	0
ENSMZEG00005017714	0	5
ENSMZEG00005017715	8	2
ENSMZEG00005017716	1	0
ENSMZEG00005017717	0	0
ENSMZEG00005017718	3	1
ENSMZEG00005017719	0	0
ENSMZEG00005017720	0	0
ENSMZEG00005017721	20	1
ENSMZEG00005017722	5	13
ENSMZEG00005017723	0	0
ENSMZEG00005017724	4770	2093
ENSMZEG00005017725	4	0
ENSMZEG00005017726	0	0
ENSMZEG00005017727	0	0
ENSMZEG00005017728	2	1
ENSMZEG00005017729	7	2
ENSMZEG00005017730	803	176
ENSMZEG00005017731	0	0
ENSMZEG00005017732	0	2
ENSMZEG00005017733	0	0
ENSMZEG00005017734	0	0
ENSMZEG00005017735	5	1
ENSMZEG00005017736	0	0
ENSMZEG00005017737	105	200
ENSMZEG00005017738	0	0
ENSMZEG00005017739	0	0
ENSMZEG00005017740	0	0
ENSMZEG00005017741	5	2
ENSMZEG00005017742	0	0
ENSMZEG00005017743	19	7
ENSMZEG00005017744	22	12
ENSMZEG00005017745	0	0
ENSMZEG00005017746	0	0
ENSMZEG00005017747	0	0
ENSMZEG00005017748	0	12
ENSMZEG00005017749	1	0
ENSMZEG00005017750	0	0
ENSMZEG00005017751	10	2
ENSMZEG00005017752	72	64
ENSMZEG00005017753	0	1
ENSMZEG00005017754	25	7
ENSMZEG00005017755	18	14
ENSMZEG00005017756	0	1
ENSMZEG00005017757	16	3
ENSMZEG00005017758	3	0
ENSMZEG00005017759	0	3
ENSMZEG00005017760	3	3
ENSMZEG00005017761	8	7
ENSMZEG00005017762	352	63
ENSMZEG00005017763	1	5
ENSMZEG00005017764	0	1
ENSMZEG00005017765	0	2
ENSMZEG00005017766	1	0
ENSMZEG00005017767	3	3
ENSMZEG00005017768	0	0
ENSMZEG00005017769	1	0
ENSMZEG00005017770	0	0
ENSMZEG00005017771	12	1
ENSMZEG00005017772	2	0
ENSMZEG00005017773	0	1
ENSMZEG00005017774	8	17
ENSMZEG00005017775	3	3
ENSMZEG00005017776	4	0
ENSMZEG00005017777	13	58
ENSMZEG00005017778	0	0
ENSMZEG00005017779	2	38
ENSMZEG00005017780	0	0
ENSMZEG00005017781	0	0
ENSMZEG00005017782	0	0
ENSMZEG00005017783	0	0
ENSMZEG00005017784	0	0
ENSMZEG00005017785	0	0
ENSMZEG00005017786	0	0
ENSMZEG00005017787	0	4
ENSMZEG00005017788	2	1
ENSMZEG00005017789	0	0
ENSMZEG00005017790	0	0
ENSMZEG00005017791	0	0
ENSMZEG00005017792	598	193
ENSMZEG00005017793	7	3
ENSMZEG00005017794	0	0
ENSMZEG00005017795	0	0
ENSMZEG00005017796	287	333
ENSMZEG00005017797	0	0
ENSMZEG00005017798	7	9
ENSMZEG00005017799	0	0
ENSMZEG00005017800	3	21
ENSMZEG00005017801	646	520
ENSMZEG00005017802	0	0
ENSMZEG00005017803	0	0
ENSMZEG00005017804	2	1
ENSMZEG00005017805	34	20
ENSMZEG00005017806	0	0
ENSMZEG00005017807	4	9
ENSMZEG00005017808	5	60
ENSMZEG00005017809	7	4
ENSMZEG00005017810	5	0
ENSMZEG00005017811	0	0
ENSMZEG00005017812	2	4
ENSMZEG00005017813	4	0
ENSMZEG00005017814	6	0
ENSMZEG00005017815	2	3
ENSMZEG00005017816	0	0
ENSMZEG00005017817	5	10
ENSMZEG00005017818	0	0
ENSMZEG00005017819	0	3
ENSMZEG00005017820	98	175
ENSMZEG00005017821	0	1
ENSMZEG00005017822	0	0
ENSMZEG00005017823	0	0
ENSMZEG00005017824	1	35
ENSMZEG00005017825	5	3
ENSMZEG00005017826	0	0
ENSMZEG00005017827	5	11
ENSMZEG00005017828	0	0
ENSMZEG00005017829	2	0
ENSMZEG00005017830	0	0
ENSMZEG00005017831	51	12
ENSMZEG00005017832	53	33
ENSMZEG00005017833	0	0
ENSMZEG00005017834	0	0
ENSMZEG00005017835	0	0
ENSMZEG00005017836	1	0
ENSMZEG00005017837	0	2
ENSMZEG00005017838	7	0
ENSMZEG00005017839	9	33
ENSMZEG00005017840	0	2
ENSMZEG00005017841	2	0
ENSMZEG00005017842	0	0
ENSMZEG00005017843	15	4
ENSMZEG00005017844	0	2
ENSMZEG00005017845	0	0
ENSMZEG00005017846	0	1
ENSMZEG00005017847	0	0
ENSMZEG00005017848	0	0
ENSMZEG00005017849	0	1
ENSMZEG00005017850	1	1
ENSMZEG00005017851	498	85
ENSMZEG00005017852	0	0
ENSMZEG00005017853	2	0
ENSMZEG00005017854	0	0
ENSMZEG00005017855	0	1
ENSMZEG00005017856	0	5
ENSMZEG00005017857	0	0
ENSMZEG00005017858	0	0
ENSMZEG00005017859	0	0
ENSMZEG00005017860	12	4
ENSMZEG00005017861	0	0
ENSMZEG00005017862	7	2
ENSMZEG00005017863	1	1
ENSMZEG00005017864	329	448
ENSMZEG00005017865	1	1
ENSMZEG00005017866	3	13
ENSMZEG00005017867	0	0
ENSMZEG00005017868	1	96
ENSMZEG00005017869	1215	1627
ENSMZEG00005017870	2	7
ENSMZEG00005017871	1	1
ENSMZEG00005017872	0	1
ENSMZEG00005017873	9	14
ENSMZEG00005017874	3	0
ENSMZEG00005017875	0	0
ENSMZEG00005017876	3	6
ENSMZEG00005017877	0	0
ENSMZEG00005017878	0	0
ENSMZEG00005017879	1	0
ENSMZEG00005017880	0	1
ENSMZEG00005017881	0	0
ENSMZEG00005017882	82	6
ENSMZEG00005017883	0	1
ENSMZEG00005017884	1	2
ENSMZEG00005017885	19	8
ENSMZEG00005017886	0	0
ENSMZEG00005017887	2	3
ENSMZEG00005017888	0	0
ENSMZEG00005017889	0	0
ENSMZEG00005017890	7	11
ENSMZEG00005017891	0	0
ENSMZEG00005017892	4	0
ENSMZEG00005017893	0	0
ENSMZEG00005017894	2	0
ENSMZEG00005017895	0	0
ENSMZEG00005017896	8	8
ENSMZEG00005017897	0	0
ENSMZEG00005017898	0	1
ENSMZEG00005017899	345	101
ENSMZEG00005017900	0	0
ENSMZEG00005017901	0	0
ENSMZEG00005017902	3	7
ENSMZEG00005017903	0	0
ENSMZEG00005017904	1	2
ENSMZEG00005017905	3	4
ENSMZEG00005017906	4	3
ENSMZEG00005017907	5	0
ENSMZEG00005017908	7	3
ENSMZEG00005017909	3	1
ENSMZEG00005017910	0	2
ENSMZEG00005017911	40	44
ENSMZEG00005017912	0	0
ENSMZEG00005017913	0	0
ENSMZEG00005017914	171	191
ENSMZEG00005017915	3	0
ENSMZEG00005017916	8	7
ENSMZEG00005017917	9	4
ENSMZEG00005017918	5	8
ENSMZEG00005017919	787	751
ENSMZEG00005017920	0	0
ENSMZEG00005017921	11	22
ENSMZEG00005017922	0	2
ENSMZEG00005017923	3	1
ENSMZEG00005017924	0	4
ENSMZEG00005017925	0	1
ENSMZEG00005017926	7	0
ENSMZEG00005017927	0	0
ENSMZEG00005017928	0	6
ENSMZEG00005017929	0	0
ENSMZEG00005017930	0	4
ENSMZEG00005017931	2	1
ENSMZEG00005017932	55	227
ENSMZEG00005017933	0	0
ENSMZEG00005017934	0	0
ENSMZEG00005017935	5	8
ENSMZEG00005017936	2450	900
ENSMZEG00005017937	0	1
ENSMZEG00005017938	3	22
ENSMZEG00005017939	6	10
ENSMZEG00005017940	0	1
ENSMZEG00005017941	3	5
ENSMZEG00005017942	1	0
ENSMZEG00005017943	28	11
ENSMZEG00005017944	6	2
ENSMZEG00005017945	1	3
ENSMZEG00005017946	2	0
ENSMZEG00005017947	0	0
ENSMZEG00005017948	27	3
ENSMZEG00005017949	0	3
ENSMZEG00005017950	0	0
ENSMZEG00005017951	0	0
ENSMZEG00005017952	0	0
ENSMZEG00005017953	5	31
ENSMZEG00005017954	14	1
ENSMZEG00005017955	0	0
ENSMZEG00005017956	53	9
ENSMZEG00005017957	14	50
ENSMZEG00005017958	0	0
ENSMZEG00005017959	45	8
ENSMZEG00005017960	2	0
ENSMZEG00005017961	0	2
ENSMZEG00005017962	0	0
ENSMZEG00005017963	2	21
ENSMZEG00005017964	0	0
ENSMZEG00005017965	0	0
ENSMZEG00005017966	10	65
ENSMZEG00005017967	641	91
ENSMZEG00005017968	0	0
ENSMZEG00005017969	0	0
ENSMZEG00005017970	0	0
ENSMZEG00005017971	0	0
ENSMZEG00005017972	0	0
ENSMZEG00005017973	0	2
ENSMZEG00005017974	0	0
ENSMZEG00005017975	0	0
ENSMZEG00005017976	0	0
ENSMZEG00005017977	0	0
ENSMZEG00005017978	1	1
ENSMZEG00005017979	0	0
ENSMZEG00005017980	0	0
ENSMZEG00005017981	3	0
ENSMZEG00005017982	1	0
ENSMZEG00005017983	0	0
ENSMZEG00005017984	0	2
ENSMZEG00005017985	2	1
ENSMZEG00005017986	0	8
ENSMZEG00005017987	4	16
ENSMZEG00005017988	6	0
ENSMZEG00005017989	11	1
ENSMZEG00005017990	829	6860
ENSMZEG00005017991	0	0
ENSMZEG00005017992	0	0
ENSMZEG00005017993	9	0
ENSMZEG00005017994	26	67
ENSMZEG00005017995	0	0
ENSMZEG00005017996	0	0
ENSMZEG00005017997	3	0
ENSMZEG00005017998	0	3
ENSMZEG00005017999	1	3
ENSMZEG00005018000	0	0
ENSMZEG00005018001	5	7
ENSMZEG00005018002	5	7
ENSMZEG00005018003	1	0
ENSMZEG00005018004	2	0
ENSMZEG00005018005	0	0
ENSMZEG00005018006	3	738
ENSMZEG00005018007	0	0
ENSMZEG00005018008	90	58
ENSMZEG00005018009	1	1
ENSMZEG00005018010	0	7
ENSMZEG00005018011	1	1
ENSMZEG00005018012	2	0
ENSMZEG00005018013	1	0
ENSMZEG00005018014	9	12
ENSMZEG00005018015	8	31
ENSMZEG00005018016	0	0
ENSMZEG00005018017	0	0
ENSMZEG00005018018	3	2
ENSMZEG00005018019	220	35
ENSMZEG00005018020	59	40
ENSMZEG00005018021	1	4
ENSMZEG00005018022	0	0
ENSMZEG00005018023	2	0
ENSMZEG00005018024	0	0
ENSMZEG00005018025	0	1
ENSMZEG00005018026	0	0
ENSMZEG00005018027	0	0
ENSMZEG00005018028	0	0
ENSMZEG00005018029	9	46
ENSMZEG00005018030	0	1
ENSMZEG00005018031	24	3
ENSMZEG00005018032	0	0
ENSMZEG00005018033	0	0
ENSMZEG00005018034	0	0
ENSMZEG00005018035	32	206
ENSMZEG00005018036	0	0
ENSMZEG00005018037	0	0
ENSMZEG00005018038	1	0
ENSMZEG00005018039	1	0
ENSMZEG00005018040	0	0
ENSMZEG00005018041	0	2
ENSMZEG00005018042	0	0
ENSMZEG00005018043	0	0
ENSMZEG00005018044	0	0
ENSMZEG00005018045	0	0
ENSMZEG00005018046	16	91
ENSMZEG00005018047	3	4
ENSMZEG00005018048	3	3
ENSMZEG00005018049	5	15
ENSMZEG00005018050	0	0
ENSMZEG00005018051	1	0
ENSMZEG00005018052	4	5
ENSMZEG00005018053	0	0
ENSMZEG00005018054	5	0
ENSMZEG00005018055	0	1
ENSMZEG00005018056	0	1
ENSMZEG00005018057	4	7
ENSMZEG00005018058	171	207
ENSMZEG00005018059	0	0
ENSMZEG00005018060	11	1
ENSMZEG00005018061	0	5
ENSMZEG00005018062	0	0
ENSMZEG00005018063	0	2
ENSMZEG00005018064	9	2
ENSMZEG00005018065	0	0
ENSMZEG00005018066	4	1
ENSMZEG00005018067	4	6
ENSMZEG00005018068	3	1
ENSMZEG00005018069	0	0
ENSMZEG00005018070	3	0
ENSMZEG00005018071	5	2
ENSMZEG00005018072	1	41
ENSMZEG00005018073	0	0
ENSMZEG00005018074	0	0
ENSMZEG00005018075	1	0
ENSMZEG00005018076	1	3
ENSMZEG00005018077	4	8
ENSMZEG00005018078	0	0
ENSMZEG00005018079	1	0
ENSMZEG00005018080	2	1
ENSMZEG00005018081	0	0
ENSMZEG00005018082	0	0
ENSMZEG00005018083	0	0
ENSMZEG00005018084	72	4
ENSMZEG00005018085	0	1
ENSMZEG00005018086	0	0
ENSMZEG00005018087	0	0
ENSMZEG00005018088	10	10
ENSMZEG00005018089	1	0
ENSMZEG00005018090	2	2
ENSMZEG00005018091	349	499
ENSMZEG00005018092	2	0
ENSMZEG00005018093	0	0
ENSMZEG00005018094	0	1
ENSMZEG00005018095	4	3
ENSMZEG00005018096	4	0
ENSMZEG00005018097	2	0
ENSMZEG00005018098	2	0
ENSMZEG00005018099	147	130
ENSMZEG00005018100	0	0
ENSMZEG00005018101	0	0
ENSMZEG00005018102	0	0
ENSMZEG00005018103	0	0
ENSMZEG00005018104	0	1
ENSMZEG00005018105	0	0
ENSMZEG00005018106	8	7
ENSMZEG00005018107	0	0
ENSMZEG00005018108	0	0
ENSMZEG00005018109	2	13
ENSMZEG00005018110	4	0
ENSMZEG00005018111	10	1
ENSMZEG00005018112	0	0
ENSMZEG00005018113	7	0
ENSMZEG00005018114	11	30
ENSMZEG00005018115	3	2
ENSMZEG00005018116	3	1
ENSMZEG00005018117	0	1
ENSMZEG00005018118	365	644
ENSMZEG00005018119	2	4
ENSMZEG00005018120	829	588
ENSMZEG00005018121	2	8
ENSMZEG00005018122	2	10
ENSMZEG00005018123	14	13
ENSMZEG00005018124	5	108
ENSMZEG00005018125	597	1654
ENSMZEG00005018126	707	533
ENSMZEG00005018127	0	3
ENSMZEG00005018128	452	284
ENSMZEG00005018129	18	15
ENSMZEG00005018130	0	0
ENSMZEG00005018131	0	0
ENSMZEG00005018132	7	1
ENSMZEG00005018133	0	0
ENSMZEG00005018134	0	0
ENSMZEG00005018135	33	86
ENSMZEG00005018136	221	296
ENSMZEG00005018137	7	2
ENSMZEG00005018138	2	1
ENSMZEG00005018139	2	1
ENSMZEG00005018140	2	3
ENSMZEG00005018141	14321	1888
ENSMZEG00005018142	46	68
ENSMZEG00005018143	1	0
ENSMZEG00005018144	3	0
ENSMZEG00005018145	0	0
ENSMZEG00005018146	4	6
ENSMZEG00005018147	1	3
ENSMZEG00005018148	0	0
ENSMZEG00005018149	7	2
ENSMZEG00005018150	2	0
ENSMZEG00005018151	2	2
ENSMZEG00005018152	0	3
ENSMZEG00005018153	4	2
ENSMZEG00005018154	2	1
ENSMZEG00005018155	36	103
ENSMZEG00005018156	0	1
ENSMZEG00005018157	0	0
ENSMZEG00005018158	19	17
ENSMZEG00005018159	154	31
ENSMZEG00005018160	3	2
ENSMZEG00005018161	2	3
ENSMZEG00005018162	2	0
ENSMZEG00005018163	0	0
ENSMZEG00005018164	7	2
ENSMZEG00005018165	0	4
ENSMZEG00005018166	1	7
ENSMZEG00005018167	0	1
ENSMZEG00005018168	2	38
ENSMZEG00005018169	0	0
ENSMZEG00005018170	2	46
ENSMZEG00005018171	1	1
ENSMZEG00005018172	3	3
ENSMZEG00005018173	7	10
ENSMZEG00005018174	4	0
ENSMZEG00005018175	3	2
ENSMZEG00005018176	2	1
ENSMZEG00005018177	435	450
ENSMZEG00005018178	0	0
ENSMZEG00005018179	0	0
ENSMZEG00005018180	1	4
ENSMZEG00005018181	1	3
ENSMZEG00005018182	18	2
ENSMZEG00005018183	5	2
ENSMZEG00005018184	7	3
ENSMZEG00005018185	0	0
ENSMZEG00005018186	11	4
ENSMZEG00005018187	0	0
ENSMZEG00005018188	0	0
ENSMZEG00005018189	0	5
ENSMZEG00005018190	0	0
ENSMZEG00005018191	1	0
ENSMZEG00005018192	2	1
ENSMZEG00005018193	0	0
ENSMZEG00005018194	0	0
ENSMZEG00005018195	0	0
ENSMZEG00005018196	0	0
ENSMZEG00005018197	1	1
ENSMZEG00005018198	0	0
ENSMZEG00005018199	0	0
ENSMZEG00005018200	4	0
ENSMZEG00005018201	2	1
ENSMZEG00005018202	0	0
ENSMZEG00005018203	1	0
ENSMZEG00005018204	0	0
ENSMZEG00005018205	0	0
ENSMZEG00005018206	0	0
ENSMZEG00005018207	12	66
ENSMZEG00005018208	3	2
ENSMZEG00005018209	0	0
ENSMZEG00005018210	0	1
ENSMZEG00005018211	476	751
ENSMZEG00005018212	0	8
ENSMZEG00005018213	0	0
ENSMZEG00005018214	0	0
ENSMZEG00005018215	1	0
ENSMZEG00005018216	3	0
ENSMZEG00005018217	0	0
ENSMZEG00005018218	0	0
ENSMZEG00005018219	253	59
ENSMZEG00005018220	6	3
ENSMZEG00005018221	1	0
ENSMZEG00005018222	3204	897
ENSMZEG00005018223	6	0
ENSMZEG00005018224	0	0
ENSMZEG00005018225	1	0
ENSMZEG00005018226	2	2
ENSMZEG00005018227	0	0
ENSMZEG00005018228	0	0
ENSMZEG00005018229	0	0
ENSMZEG00005018230	6	1
ENSMZEG00005018231	414	1590
ENSMZEG00005018232	5	8
ENSMZEG00005018233	0	0
ENSMZEG00005018234	2	2
ENSMZEG00005018235	0	0
ENSMZEG00005018236	1	41
ENSMZEG00005018237	6	213
ENSMZEG00005018238	0	0
ENSMZEG00005018239	1	0
ENSMZEG00005018240	0	0
ENSMZEG00005018241	0	0
ENSMZEG00005018242	2	0
ENSMZEG00005018243	0	0
ENSMZEG00005018244	6	2
ENSMZEG00005018245	4	1
ENSMZEG00005018246	0	0
ENSMZEG00005018247	6	1
ENSMZEG00005018248	5	1
ENSMZEG00005018249	0	1
ENSMZEG00005018250	0	1
ENSMZEG00005018251	0	1
ENSMZEG00005018252	5	0
ENSMZEG00005018253	0	0
ENSMZEG00005018254	0	0
ENSMZEG00005018255	2	1
ENSMZEG00005018256	0	0
ENSMZEG00005018257	16	11
ENSMZEG00005018258	75	283
ENSMZEG00005018259	3	8
ENSMZEG00005018260	0	0
ENSMZEG00005018261	0	0
ENSMZEG00005018262	0	0
ENSMZEG00005018263	17	141
ENSMZEG00005018264	0	2
ENSMZEG00005018265	4	6
ENSMZEG00005018266	2	1
ENSMZEG00005018267	3	7
ENSMZEG00005018268	4	12
ENSMZEG00005018269	0	1
ENSMZEG00005018270	17	13
ENSMZEG00005018271	0	0
ENSMZEG00005018272	3	3
ENSMZEG00005018273	4	1
ENSMZEG00005018274	4	9
ENSMZEG00005018275	0	0
ENSMZEG00005018276	24	33
ENSMZEG00005018277	0	0
ENSMZEG00005018278	2	4
ENSMZEG00005018279	0	0
ENSMZEG00005018280	79	90
ENSMZEG00005018281	2	0
ENSMZEG00005018282	0	1
ENSMZEG00005018283	1	2
ENSMZEG00005018284	0	0
ENSMZEG00005018285	11	45
ENSMZEG00005018286	0	0
ENSMZEG00005018287	0	1
ENSMZEG00005018288	0	0
ENSMZEG00005018289	0	3
ENSMZEG00005018290	2	18
ENSMZEG00005018291	0	1
ENSMZEG00005018292	0	0
ENSMZEG00005018293	0	1
ENSMZEG00005018294	0	0
ENSMZEG00005018295	264	143
ENSMZEG00005018296	0	0
ENSMZEG00005018297	3	0
ENSMZEG00005018298	0	0
ENSMZEG00005018299	0	1
ENSMZEG00005018300	7	10
ENSMZEG00005018301	3	0
ENSMZEG00005018302	0	0
ENSMZEG00005018303	3	11
ENSMZEG00005018304	0	2
ENSMZEG00005018305	0	0
ENSMZEG00005018306	0	0
ENSMZEG00005018307	0	0
ENSMZEG00005018308	13	24
ENSMZEG00005018309	3	2
ENSMZEG00005018310	13	25
ENSMZEG00005018311	0	0
ENSMZEG00005018312	0	0
ENSMZEG00005018313	0	0
ENSMZEG00005018314	0	9
ENSMZEG00005018315	0	0
ENSMZEG00005018316	0	0
ENSMZEG00005018317	1	18
ENSMZEG00005018318	0	0
ENSMZEG00005018319	4	2
ENSMZEG00005018320	0	0
ENSMZEG00005018321	0	0
ENSMZEG00005018322	0	1
ENSMZEG00005018323	0	0
ENSMZEG00005018324	0	0
ENSMZEG00005018325	184	140
ENSMZEG00005018326	10	88
ENSMZEG00005018327	858	1391
ENSMZEG00005018328	5	6
ENSMZEG00005018329	5	1
ENSMZEG00005018330	97	78
ENSMZEG00005018331	3	0
ENSMZEG00005018332	0	0
ENSMZEG00005018333	0	0
ENSMZEG00005018334	0	4
ENSMZEG00005018335	2	1
ENSMZEG00005018336	1	0
ENSMZEG00005018337	0	0
ENSMZEG00005018338	473	55
ENSMZEG00005018339	0	0
ENSMZEG00005018340	0	3
ENSMZEG00005018341	0	0
ENSMZEG00005018342	9	0
ENSMZEG00005018343	0	0
ENSMZEG00005018344	1	2
ENSMZEG00005018345	3	7
ENSMZEG00005018346	0	0
ENSMZEG00005018347	0	0
ENSMZEG00005018348	0	0
ENSMZEG00005018349	4	1
ENSMZEG00005018350	0	0
ENSMZEG00005018351	0	0
ENSMZEG00005018352	0	0
ENSMZEG00005018353	7	14
ENSMZEG00005018354	0	0
ENSMZEG00005018355	1	1
ENSMZEG00005018356	4	1
ENSMZEG00005018357	0	9
ENSMZEG00005018358	0	0
ENSMZEG00005018359	0	0
ENSMZEG00005018360	9	19
ENSMZEG00005018361	0	1
ENSMZEG00005018362	0	0
ENSMZEG00005018363	2	0
ENSMZEG00005018364	472	850
ENSMZEG00005018365	252	229
ENSMZEG00005018366	0	0
ENSMZEG00005018367	0	0
ENSMZEG00005018368	0	0
ENSMZEG00005018369	0	0
ENSMZEG00005018370	0	0
ENSMZEG00005018371	12	15
ENSMZEG00005018372	0	0
ENSMZEG00005018373	0	0
ENSMZEG00005018374	0	0
ENSMZEG00005018375	0	0
ENSMZEG00005018376	0	0
ENSMZEG00005018377	0	0
ENSMZEG00005018378	0	0
ENSMZEG00005018379	31	23
ENSMZEG00005018380	0	0
ENSMZEG00005018381	1	1
ENSMZEG00005018382	1	47
ENSMZEG00005018383	0	0
ENSMZEG00005018384	0	0
ENSMZEG00005018385	0	2
ENSMZEG00005018386	0	0
ENSMZEG00005018387	3	1
ENSMZEG00005018388	22	132
ENSMZEG00005018389	0	0
ENSMZEG00005018390	7	9
ENSMZEG00005018391	0	0
ENSMZEG00005018392	1	1
ENSMZEG00005018393	4	1
ENSMZEG00005018394	3	0
ENSMZEG00005018395	0	0
ENSMZEG00005018396	0	0
ENSMZEG00005018397	2	0
ENSMZEG00005018398	5	25
ENSMZEG00005018399	0	0
ENSMZEG00005018400	0	0
ENSMZEG00005018401	3	3
ENSMZEG00005018402	1	0
ENSMZEG00005018403	1	3
ENSMZEG00005018404	1	0
ENSMZEG00005018405	4	1
ENSMZEG00005018406	2	36
ENSMZEG00005018407	17	12
ENSMZEG00005018408	61	93
ENSMZEG00005018409	2	38
ENSMZEG00005018410	0	1
ENSMZEG00005018411	10	1
ENSMZEG00005018412	30	4
ENSMZEG00005018413	2	1
ENSMZEG00005018414	2	0
ENSMZEG00005018415	2	4
ENSMZEG00005018416	703	808
ENSMZEG00005018417	5	1
ENSMZEG00005018418	8	6
ENSMZEG00005018419	194	74
ENSMZEG00005018420	3	24
ENSMZEG00005018421	4	0
ENSMZEG00005018422	6	0
ENSMZEG00005018423	1	4
ENSMZEG00005018424	0	0
ENSMZEG00005018425	0	0
ENSMZEG00005018426	1	1
ENSMZEG00005018427	1	5
ENSMZEG00005018428	0	0
ENSMZEG00005018429	0	2
ENSMZEG00005018430	0	0
ENSMZEG00005018431	4	2
ENSMZEG00005018432	6	0
ENSMZEG00005018433	2	7
ENSMZEG00005018434	0	1
ENSMZEG00005018435	0	0
ENSMZEG00005018436	2	5
ENSMZEG00005018437	2	22
ENSMZEG00005018438	3	48
ENSMZEG00005018439	2	3
ENSMZEG00005018440	9	74
ENSMZEG00005018441	1	0
ENSMZEG00005018442	14	12
ENSMZEG00005018443	24	9
ENSMZEG00005018444	0	4
ENSMZEG00005018445	2	1
ENSMZEG00005018446	0	0
ENSMZEG00005018447	0	0
ENSMZEG00005018448	6	1
ENSMZEG00005018449	1	6
ENSMZEG00005018450	0	1
ENSMZEG00005018451	1	2
ENSMZEG00005018452	187	7
ENSMZEG00005018453	1	0
ENSMZEG00005018454	5	0
ENSMZEG00005018455	0	0
ENSMZEG00005018456	0	0
ENSMZEG00005018457	1	0
ENSMZEG00005018458	0	2
ENSMZEG00005018459	0	0
ENSMZEG00005018460	3	1
ENSMZEG00005018461	0	0
ENSMZEG00005018462	0	0
ENSMZEG00005018463	1	3
ENSMZEG00005018464	5	4
ENSMZEG00005018465	1	2
ENSMZEG00005018466	3	0
ENSMZEG00005018467	255	198
ENSMZEG00005018468	0	0
ENSMZEG00005018469	1	0
ENSMZEG00005018470	35	12
ENSMZEG00005018471	26	2
ENSMZEG00005018472	0	0
ENSMZEG00005018473	0	0
ENSMZEG00005018474	2	0
ENSMZEG00005018475	0	3
ENSMZEG00005018476	0	0
ENSMZEG00005018477	54	97
ENSMZEG00005018478	20	26
ENSMZEG00005018479	0	0
ENSMZEG00005018480	0	1
ENSMZEG00005018481	0	0
ENSMZEG00005018482	0	0
ENSMZEG00005018483	4	1
ENSMZEG00005018484	0	0
ENSMZEG00005018485	25	1
ENSMZEG00005018486	0	0
ENSMZEG00005018487	4	1
ENSMZEG00005018488	0	0
ENSMZEG00005018489	2	2
ENSMZEG00005018490	2	1
ENSMZEG00005018491	0	2
ENSMZEG00005018492	11	7
ENSMZEG00005018493	0	0
ENSMZEG00005018494	2	2
ENSMZEG00005018495	5	13
ENSMZEG00005018496	79	4
ENSMZEG00005018497	2	15
ENSMZEG00005018498	0	0
ENSMZEG00005018499	98	16
ENSMZEG00005018500	0	0
ENSMZEG00005018501	663	302
ENSMZEG00005018502	5	1
ENSMZEG00005018503	0	0
ENSMZEG00005018504	8	0
ENSMZEG00005018505	0	0
ENSMZEG00005018506	3	1
ENSMZEG00005018507	0	0
ENSMZEG00005018508	0	1
ENSMZEG00005018509	489	405
ENSMZEG00005018510	9	8
ENSMZEG00005018511	0	0
ENSMZEG00005018512	2	3
ENSMZEG00005018513	5	1
ENSMZEG00005018514	1	1
ENSMZEG00005018515	8	83
ENSMZEG00005018516	333	127
ENSMZEG00005018517	2	0
ENSMZEG00005018518	7	11
ENSMZEG00005018519	5	0
ENSMZEG00005018520	0	9
ENSMZEG00005018521	9	6
ENSMZEG00005018522	0	0
ENSMZEG00005018523	3	5
ENSMZEG00005018524	0	0
ENSMZEG00005018525	0	0
ENSMZEG00005018526	8078	6394
ENSMZEG00005018527	1	4
ENSMZEG00005018528	0	0
ENSMZEG00005018529	0	0
ENSMZEG00005018530	0	0
ENSMZEG00005018531	0	11
ENSMZEG00005018532	83	79
ENSMZEG00005018533	0	0
ENSMZEG00005018534	4	2
ENSMZEG00005018535	4	12
ENSMZEG00005018536	2	1
ENSMZEG00005018537	0	0
ENSMZEG00005018538	2	0
ENSMZEG00005018539	0	0
ENSMZEG00005018540	3	50
ENSMZEG00005018541	0	0
ENSMZEG00005018542	5	2
ENSMZEG00005018543	453	782
ENSMZEG00005018544	4	7
ENSMZEG00005018545	3	2
ENSMZEG00005018546	0	0
ENSMZEG00005018547	28	3
ENSMZEG00005018548	0	0
ENSMZEG00005018549	0	0
ENSMZEG00005018550	1	2
ENSMZEG00005018551	0	0
ENSMZEG00005018552	0	0
ENSMZEG00005018553	2	4
ENSMZEG00005018554	0	0
ENSMZEG00005018555	3	4
ENSMZEG00005018556	9	0
ENSMZEG00005018557	0	3
ENSMZEG00005018558	10	6
ENSMZEG00005018559	6	8
ENSMZEG00005018560	0	0
ENSMZEG00005018561	1	7
ENSMZEG00005018562	2	4
ENSMZEG00005018563	0	1
ENSMZEG00005018564	0	1
ENSMZEG00005018565	9	64
ENSMZEG00005018566	2	0
ENSMZEG00005018567	4	0
ENSMZEG00005018568	0	0
ENSMZEG00005018569	0	0
ENSMZEG00005018570	0	0
ENSMZEG00005018571	0	0
ENSMZEG00005018572	1	1
ENSMZEG00005018573	0	0
ENSMZEG00005018574	0	0
ENSMZEG00005018575	0	0
ENSMZEG00005018576	0	0
ENSMZEG00005018577	0	0
ENSMZEG00005018578	3	13
ENSMZEG00005018579	0	0
ENSMZEG00005018580	0	0
ENSMZEG00005018581	4	2
ENSMZEG00005018582	0	0
ENSMZEG00005018583	5	7
ENSMZEG00005018584	5	1
ENSMZEG00005018585	2	0
ENSMZEG00005018586	2	0
ENSMZEG00005018587	3	5
ENSMZEG00005018588	1	38
ENSMZEG00005018589	1	6
ENSMZEG00005018590	121	42
ENSMZEG00005018591	1	0
ENSMZEG00005018592	3	0
ENSMZEG00005018593	0	0
ENSMZEG00005018594	2	2
ENSMZEG00005018595	1	1
ENSMZEG00005018596	0	0
ENSMZEG00005018597	0	0
ENSMZEG00005018598	1	0
ENSMZEG00005018599	0	0
ENSMZEG00005018600	3	5
ENSMZEG00005018601	0	3
ENSMZEG00005018602	3	1
ENSMZEG00005018603	0	0
ENSMZEG00005018604	0	0
ENSMZEG00005018605	2	0
ENSMZEG00005018606	0	0
ENSMZEG00005018607	4	0
ENSMZEG00005018608	0	0
ENSMZEG00005018609	0	3
ENSMZEG00005018610	6	4
ENSMZEG00005018611	0	0
ENSMZEG00005018612	4	3
ENSMZEG00005018613	3	1
ENSMZEG00005018614	0	0
ENSMZEG00005018615	31	2
ENSMZEG00005018616	4	1
ENSMZEG00005018617	0	0
ENSMZEG00005018618	0	0
ENSMZEG00005018619	3	0
ENSMZEG00005018620	0	0
ENSMZEG00005018621	0	1
ENSMZEG00005018622	6	3
ENSMZEG00005018623	0	0
ENSMZEG00005018624	0	0
ENSMZEG00005018625	28	6
ENSMZEG00005018626	4	0
ENSMZEG00005018627	0	0
ENSMZEG00005018628	0	0
ENSMZEG00005018629	422	587
ENSMZEG00005018630	0	3
ENSMZEG00005018631	0	3
ENSMZEG00005018632	0	0
ENSMZEG00005018633	0	0
ENSMZEG00005018634	1	0
ENSMZEG00005018635	0	0
ENSMZEG00005018636	0	0
ENSMZEG00005018637	3	2
ENSMZEG00005018638	0	0
ENSMZEG00005018639	0	0
ENSMZEG00005018640	0	0
ENSMZEG00005018641	948	1813
ENSMZEG00005018642	0	0
ENSMZEG00005018643	2	1
ENSMZEG00005018644	0	0
ENSMZEG00005018645	4	7
ENSMZEG00005018646	491	289
ENSMZEG00005018647	472	504
ENSMZEG00005018648	3	4
ENSMZEG00005018649	0	0
ENSMZEG00005018650	7	1
ENSMZEG00005018651	0	1
ENSMZEG00005018652	0	0
ENSMZEG00005018653	0	0
ENSMZEG00005018654	1	0
ENSMZEG00005018655	0	0
ENSMZEG00005018656	0	0
ENSMZEG00005018657	0	0
ENSMZEG00005018658	0	0
ENSMZEG00005018659	26	2
ENSMZEG00005018660	0	0
ENSMZEG00005018661	0	1
ENSMZEG00005018662	184	91
ENSMZEG00005018663	10	5
ENSMZEG00005018664	0	0
ENSMZEG00005018665	4	76
ENSMZEG00005018666	3	4
ENSMZEG00005018667	7	3
ENSMZEG00005018668	3	14
ENSMZEG00005018669	1	0
ENSMZEG00005018670	0	0
ENSMZEG00005018671	0	8
ENSMZEG00005018672	0	0
ENSMZEG00005018673	0	4
ENSMZEG00005018674	0	0
ENSMZEG00005018675	2	0
ENSMZEG00005018676	0	0
ENSMZEG00005018677	0	0
ENSMZEG00005018678	3	10
ENSMZEG00005018679	0	2
ENSMZEG00005018680	484	513
ENSMZEG00005018681	211	460
ENSMZEG00005018682	0	0
ENSMZEG00005018683	0	0
ENSMZEG00005018684	371	487
ENSMZEG00005018685	0	0
ENSMZEG00005018686	0	0
ENSMZEG00005018687	4	3
ENSMZEG00005018688	7	10
ENSMZEG00005018689	0	0
ENSMZEG00005018690	2	3
ENSMZEG00005018691	0	0
ENSMZEG00005018692	0	1
ENSMZEG00005018693	0	0
ENSMZEG00005018694	3	2
ENSMZEG00005018695	85	6
ENSMZEG00005018696	9	17
ENSMZEG00005018697	0	0
ENSMZEG00005018698	0	0
ENSMZEG00005018699	2	0
ENSMZEG00005018700	23	40
ENSMZEG00005018701	5	6
ENSMZEG00005018702	0	0
ENSMZEG00005018703	0	0
ENSMZEG00005018704	1	0
ENSMZEG00005018705	2	0
ENSMZEG00005018706	3	14
ENSMZEG00005018707	0	1
ENSMZEG00005018708	1	0
ENSMZEG00005018709	0	0
ENSMZEG00005018710	0	0
ENSMZEG00005018711	523	1014
ENSMZEG00005018712	1	0
ENSMZEG00005018713	0	4
ENSMZEG00005018714	0	0
ENSMZEG00005018715	1	0
ENSMZEG00005018716	0	0
ENSMZEG00005018717	10	1
ENSMZEG00005018718	1	5
ENSMZEG00005018719	2	0
ENSMZEG00005018720	0	0
ENSMZEG00005018721	0	0
ENSMZEG00005018722	126	14
ENSMZEG00005018723	28	25
ENSMZEG00005018724	2	4
ENSMZEG00005018725	1	0
ENSMZEG00005018726	0	0
ENSMZEG00005018727	4	0
ENSMZEG00005018728	0	1
ENSMZEG00005018729	0	0
ENSMZEG00005018730	1	2
ENSMZEG00005018731	0	0
ENSMZEG00005018732	0	0
ENSMZEG00005018733	0	0
ENSMZEG00005018734	38	21
ENSMZEG00005018735	1	1
ENSMZEG00005018736	2	1
ENSMZEG00005018737	3	2
ENSMZEG00005018738	7	9
ENSMZEG00005018739	0	0
ENSMZEG00005018740	1	3
ENSMZEG00005018741	8	8
ENSMZEG00005018742	153	252
ENSMZEG00005018743	0	0
ENSMZEG00005018744	5	3
ENSMZEG00005018745	0	1
ENSMZEG00005018746	0	0
ENSMZEG00005018747	15	9
ENSMZEG00005018748	0	0
ENSMZEG00005018749	0	0
ENSMZEG00005018750	0	0
ENSMZEG00005018751	4	2
ENSMZEG00005018752	7	9
ENSMZEG00005018753	0	1
ENSMZEG00005018754	2	3
ENSMZEG00005018755	6	4
ENSMZEG00005018756	12	39
ENSMZEG00005018757	1	1
ENSMZEG00005018758	2	0
ENSMZEG00005018759	3	2
ENSMZEG00005018760	0	0
ENSMZEG00005018761	0	3
ENSMZEG00005018762	334	36
ENSMZEG00005018763	0	0
ENSMZEG00005018764	1	2
ENSMZEG00005018765	0	0
ENSMZEG00005018766	0	0
ENSMZEG00005018767	1	9
ENSMZEG00005018768	6	5
ENSMZEG00005018769	0	0
ENSMZEG00005018770	18	4
ENSMZEG00005018771	0	0
ENSMZEG00005018772	0	2
ENSMZEG00005018773	0	1
ENSMZEG00005018774	1	0
ENSMZEG00005018775	0	2
ENSMZEG00005018776	0	0
ENSMZEG00005018777	0	0
ENSMZEG00005018778	976	180
ENSMZEG00005018779	0	0
ENSMZEG00005018780	3	1
ENSMZEG00005018781	0	0
ENSMZEG00005018782	3	2
ENSMZEG00005018783	0	0
ENSMZEG00005018784	0	0
ENSMZEG00005018785	0	2
ENSMZEG00005018786	2	0
ENSMZEG00005018787	0	0
ENSMZEG00005018788	0	0
ENSMZEG00005018789	3	4
ENSMZEG00005018790	3	7
ENSMZEG00005018791	0	0
ENSMZEG00005018792	2	5
ENSMZEG00005018793	0	1
ENSMZEG00005018794	0	0
ENSMZEG00005018795	4	2
ENSMZEG00005018796	1	5
ENSMZEG00005018797	0	0
ENSMZEG00005018798	16	3
ENSMZEG00005018799	28	147
ENSMZEG00005018800	14	1
ENSMZEG00005018801	0	0
ENSMZEG00005018802	0	0
ENSMZEG00005018803	5	1
ENSMZEG00005018804	0	0
ENSMZEG00005018805	4	32
ENSMZEG00005018806	0	0
ENSMZEG00005018807	0	0
ENSMZEG00005018808	2	2
ENSMZEG00005018809	0	1
ENSMZEG00005018810	0	0
ENSMZEG00005018811	0	1
ENSMZEG00005018812	211	403
ENSMZEG00005018813	19	17
ENSMZEG00005018814	1	25
ENSMZEG00005018815	0	0
ENSMZEG00005018816	13	10
ENSMZEG00005018817	3	10
ENSMZEG00005018818	11	9
ENSMZEG00005018819	5	1
ENSMZEG00005018820	31	105
ENSMZEG00005018821	6	3
ENSMZEG00005018822	0	0
ENSMZEG00005018823	0	0
ENSMZEG00005018824	3	8
ENSMZEG00005018825	4	10
ENSMZEG00005018826	0	2
ENSMZEG00005018827	75	63
ENSMZEG00005018828	6	1
ENSMZEG00005018829	0	0
ENSMZEG00005018830	17	6
ENSMZEG00005018831	1	0
ENSMZEG00005018832	16	10
ENSMZEG00005018833	158	94
ENSMZEG00005018834	7	2
ENSMZEG00005018835	0	2
ENSMZEG00005018836	2	0
ENSMZEG00005018837	7	0
ENSMZEG00005018838	5	3
ENSMZEG00005018839	0	1
ENSMZEG00005018840	0	2
ENSMZEG00005018841	0	0
ENSMZEG00005018842	1	2
ENSMZEG00005018843	0	0
ENSMZEG00005018844	0	0
ENSMZEG00005018845	0	1
ENSMZEG00005018846	1	1
ENSMZEG00005018847	132	228
ENSMZEG00005018848	0	0
ENSMZEG00005018849	69	148
ENSMZEG00005018850	0	0
ENSMZEG00005018851	0	0
ENSMZEG00005018852	877	176
ENSMZEG00005018853	4	2
ENSMZEG00005018854	0	0
ENSMZEG00005018855	1	3
ENSMZEG00005018856	0	0
ENSMZEG00005018857	1	2
ENSMZEG00005018858	0	0
ENSMZEG00005018859	0	0
ENSMZEG00005018860	582	2634
ENSMZEG00005018861	0	0
ENSMZEG00005018862	20	12
ENSMZEG00005018863	0	4
ENSMZEG00005018864	2	1
ENSMZEG00005018865	6	6
ENSMZEG00005018866	4	2
ENSMZEG00005018867	0	0
ENSMZEG00005018868	0	0
ENSMZEG00005018869	1	7
ENSMZEG00005018870	11	16
ENSMZEG00005018871	0	0
ENSMZEG00005018872	7	6
ENSMZEG00005018873	1	0
ENSMZEG00005018874	0	0
ENSMZEG00005018875	3	0
ENSMZEG00005018876	0	0
ENSMZEG00005018877	2	2
ENSMZEG00005018878	2	44
ENSMZEG00005018879	0	3
ENSMZEG00005018880	6	9
ENSMZEG00005018881	0	0
ENSMZEG00005018882	0	0
ENSMZEG00005018883	0	9
ENSMZEG00005018884	0	0
ENSMZEG00005018885	10	4
ENSMZEG00005018886	0	9
ENSMZEG00005018887	0	1
ENSMZEG00005018888	0	0
ENSMZEG00005018889	0	0
ENSMZEG00005018890	1	0
ENSMZEG00005018891	544	57
ENSMZEG00005018892	0	0
ENSMZEG00005018893	0	0
ENSMZEG00005018894	0	0
ENSMZEG00005018895	0	0
ENSMZEG00005018896	0	0
ENSMZEG00005018897	4505	2773
ENSMZEG00005018898	2	23
ENSMZEG00005018899	7	7
ENSMZEG00005018900	8	3
ENSMZEG00005018901	2	0
ENSMZEG00005018902	0	2
ENSMZEG00005018903	1	1
ENSMZEG00005018904	4	2
ENSMZEG00005018905	1	7
ENSMZEG00005018906	0	0
ENSMZEG00005018907	0	2
ENSMZEG00005018908	5	2
ENSMZEG00005018909	57	19
ENSMZEG00005018910	0	0
ENSMZEG00005018911	5	14
ENSMZEG00005018912	3	2
ENSMZEG00005018913	0	1
ENSMZEG00005018914	0	0
ENSMZEG00005018915	3	3
ENSMZEG00005018916	0	0
ENSMZEG00005018917	12	1
ENSMZEG00005018918	0	0
ENSMZEG00005018919	0	0
ENSMZEG00005018920	6	0
ENSMZEG00005018921	1	0
ENSMZEG00005018922	1	6
ENSMZEG00005018923	0	0
ENSMZEG00005018924	0	0
ENSMZEG00005018925	24	27
ENSMZEG00005018926	1	2
ENSMZEG00005018927	17	35
ENSMZEG00005018928	4	4
ENSMZEG00005018929	18	0
ENSMZEG00005018930	15	20
ENSMZEG00005018931	0	0
ENSMZEG00005018932	8	0
ENSMZEG00005018933	6	14
ENSMZEG00005018934	0	2
ENSMZEG00005018935	0	0
ENSMZEG00005018936	4	0
ENSMZEG00005018937	1	3
ENSMZEG00005018938	1	0
ENSMZEG00005018939	3	0
ENSMZEG00005018940	0	4
ENSMZEG00005018941	6	7
ENSMZEG00005018942	2	7
ENSMZEG00005018943	3	0
ENSMZEG00005018944	2	0
ENSMZEG00005018945	0	0
ENSMZEG00005018946	0	0
ENSMZEG00005018947	16	0
ENSMZEG00005018948	1	3
ENSMZEG00005018949	4	11
ENSMZEG00005018950	0	2
ENSMZEG00005018951	0	0
ENSMZEG00005018952	261	70
ENSMZEG00005018953	138	21
ENSMZEG00005018954	1	0
ENSMZEG00005018955	3	3
ENSMZEG00005018956	0	0
ENSMZEG00005018957	0	0
ENSMZEG00005018958	2	0
ENSMZEG00005018959	23	19
ENSMZEG00005018960	0	0
ENSMZEG00005018961	19	32
ENSMZEG00005018962	0	0
ENSMZEG00005018963	0	0
ENSMZEG00005018964	8	5
ENSMZEG00005018965	0	0
ENSMZEG00005018966	71	9
ENSMZEG00005018967	1	0
ENSMZEG00005018968	1	3
ENSMZEG00005018969	43	308
ENSMZEG00005018970	0	0
ENSMZEG00005018971	0	0
ENSMZEG00005018972	32	16
ENSMZEG00005018973	1	0
ENSMZEG00005018974	0	0
ENSMZEG00005018975	63	54
ENSMZEG00005018976	0	0
ENSMZEG00005018977	0	0
ENSMZEG00005018978	1	0
ENSMZEG00005018979	163	13
ENSMZEG00005018980	0	0
ENSMZEG00005018981	0	0
ENSMZEG00005018982	4	5
ENSMZEG00005018983	0	2
ENSMZEG00005018984	0	0
ENSMZEG00005018985	1	2
ENSMZEG00005018986	0	0
ENSMZEG00005018987	1	1
ENSMZEG00005018988	1	0
ENSMZEG00005018989	5	6
ENSMZEG00005018990	0	0
ENSMZEG00005018991	13	11
ENSMZEG00005018992	10	0
ENSMZEG00005018993	0	0
ENSMZEG00005018994	0	0
ENSMZEG00005018995	22	0
ENSMZEG00005018996	0	0
ENSMZEG00005018997	0	0
ENSMZEG00005018998	3	2
ENSMZEG00005018999	6	7
ENSMZEG00005019000	12	2
ENSMZEG00005019001	1	1
ENSMZEG00005019002	1	0
ENSMZEG00005019003	0	0
ENSMZEG00005019004	0	0
ENSMZEG00005019005	3	0
ENSMZEG00005019006	2	0
ENSMZEG00005019007	1	11
ENSMZEG00005019008	12	10
ENSMZEG00005019009	0	0
ENSMZEG00005019010	0	0
ENSMZEG00005019011	0	0
ENSMZEG00005019012	3	2
ENSMZEG00005019013	0	0
ENSMZEG00005019014	0	0
ENSMZEG00005019015	0	1
ENSMZEG00005019016	1	0
ENSMZEG00005019017	0	0
ENSMZEG00005019018	0	0
ENSMZEG00005019019	0	0
ENSMZEG00005019020	0	1
ENSMZEG00005019021	0	0
ENSMZEG00005019022	0	0
ENSMZEG00005019023	0	0
ENSMZEG00005019024	2	1
ENSMZEG00005019025	0	1
ENSMZEG00005019026	131	21
ENSMZEG00005019027	6	4
ENSMZEG00005019028	0	5
ENSMZEG00005019029	0	0
ENSMZEG00005019030	2	0
ENSMZEG00005019031	9	1
ENSMZEG00005019032	3	9
ENSMZEG00005019033	0	0
ENSMZEG00005019034	2	1
ENSMZEG00005019035	0	1
ENSMZEG00005019036	10	8
ENSMZEG00005019037	0	0
ENSMZEG00005019038	25	26
ENSMZEG00005019039	1	2
ENSMZEG00005019040	2	0
ENSMZEG00005019041	3	64
ENSMZEG00005019042	0	0
ENSMZEG00005019043	0	0
ENSMZEG00005019044	2	1
ENSMZEG00005019045	1	0
ENSMZEG00005019046	0	0
ENSMZEG00005019047	3	22
ENSMZEG00005019048	0	0
ENSMZEG00005019049	10	76
ENSMZEG00005019050	3	2
ENSMZEG00005019051	1	4
ENSMZEG00005019052	3	0
ENSMZEG00005019053	0	1
ENSMZEG00005019054	0	0
ENSMZEG00005019055	0	1
ENSMZEG00005019056	0	0
ENSMZEG00005019057	0	0
ENSMZEG00005019058	0	0
ENSMZEG00005019059	0	0
ENSMZEG00005019060	0	0
ENSMZEG00005019061	446	401
ENSMZEG00005019062	0	0
ENSMZEG00005019063	0	0
ENSMZEG00005019064	0	0
ENSMZEG00005019065	0	1
ENSMZEG00005019066	2	1
ENSMZEG00005019067	0	1
ENSMZEG00005019068	2	0
ENSMZEG00005019069	0	0
ENSMZEG00005019070	0	0
ENSMZEG00005019071	24	2
ENSMZEG00005019072	0	5
ENSMZEG00005019073	695	652
ENSMZEG00005019074	210	117
ENSMZEG00005019075	0	0
ENSMZEG00005019076	74	15
ENSMZEG00005019077	0	0
ENSMZEG00005019078	0	0
ENSMZEG00005019079	35	243
ENSMZEG00005019080	3	0
ENSMZEG00005019081	5	4
ENSMZEG00005019082	3	0
ENSMZEG00005019083	0	0
ENSMZEG00005019084	0	0
ENSMZEG00005019085	0	0
ENSMZEG00005019086	0	0
ENSMZEG00005019087	9	2
ENSMZEG00005019088	2	1
ENSMZEG00005019089	0	0
ENSMZEG00005019090	3	7
ENSMZEG00005019091	0	0
ENSMZEG00005019092	0	0
ENSMZEG00005019093	24	82
ENSMZEG00005019094	0	0
ENSMZEG00005019095	27	161
ENSMZEG00005019096	0	4
ENSMZEG00005019097	8	32
ENSMZEG00005019098	0	0
ENSMZEG00005019099	0	0
ENSMZEG00005019100	10	3
ENSMZEG00005019101	0	0
ENSMZEG00005019102	0	0
ENSMZEG00005019103	0	0
ENSMZEG00005019104	0	0
ENSMZEG00005019105	0	0
ENSMZEG00005019106	23	8
ENSMZEG00005019107	0	2
ENSMZEG00005019108	3	3
ENSMZEG00005019109	0	3
ENSMZEG00005019110	1	1
ENSMZEG00005019111	9	0
ENSMZEG00005019112	18	2
ENSMZEG00005019113	1	0
ENSMZEG00005019114	0	0
ENSMZEG00005019115	1	0
ENSMZEG00005019116	1	1
ENSMZEG00005019117	0	0
ENSMZEG00005019118	21	3
ENSMZEG00005019119	0	0
ENSMZEG00005019120	0	0
ENSMZEG00005019121	0	0
ENSMZEG00005019122	4	0
ENSMZEG00005019123	0	1
ENSMZEG00005019124	0	0
ENSMZEG00005019125	10	16
ENSMZEG00005019126	0	0
ENSMZEG00005019127	2	1
ENSMZEG00005019128	0	3
ENSMZEG00005019129	0	0
ENSMZEG00005019130	7	1
ENSMZEG00005019131	0	12
ENSMZEG00005019132	3	0
ENSMZEG00005019133	3	1
ENSMZEG00005019134	0	0
ENSMZEG00005019135	0	2
ENSMZEG00005019136	1	5
ENSMZEG00005019137	2	14
ENSMZEG00005019138	7	4
ENSMZEG00005019139	0	0
ENSMZEG00005019140	173	212
ENSMZEG00005019141	8	4
ENSMZEG00005019142	0	0
ENSMZEG00005019143	0	1
ENSMZEG00005019144	0	2
ENSMZEG00005019145	0	1
ENSMZEG00005019146	21	1
ENSMZEG00005019147	180	262
ENSMZEG00005019148	2	7
ENSMZEG00005019149	20	25
ENSMZEG00005019150	225	313
ENSMZEG00005019151	0	1
ENSMZEG00005019152	9	2
ENSMZEG00005019153	0	3
ENSMZEG00005019154	3	60
ENSMZEG00005019155	6	2
ENSMZEG00005019156	18	20
ENSMZEG00005019157	5	0
ENSMZEG00005019158	0	0
ENSMZEG00005019159	6	9
ENSMZEG00005019160	0	1
ENSMZEG00005019161	0	0
ENSMZEG00005019162	0	0
ENSMZEG00005019163	9	1
ENSMZEG00005019164	0	0
ENSMZEG00005019165	0	0
ENSMZEG00005019166	49	313
ENSMZEG00005019167	0	0
ENSMZEG00005019168	0	0
ENSMZEG00005019169	327	385
ENSMZEG00005019170	10	10
ENSMZEG00005019171	0	0
ENSMZEG00005019172	11	3
ENSMZEG00005019173	6	2
ENSMZEG00005019174	9	15
ENSMZEG00005019175	0	0
ENSMZEG00005019176	0	0
ENSMZEG00005019177	1	0
ENSMZEG00005019178	24	9
ENSMZEG00005019179	3	4
ENSMZEG00005019180	105	18
ENSMZEG00005019181	123	24
ENSMZEG00005019182	29	11
ENSMZEG00005019183	0	0
ENSMZEG00005019184	1	1
ENSMZEG00005019185	6	1
ENSMZEG00005019186	0	2
ENSMZEG00005019187	0	0
ENSMZEG00005019188	0	1
ENSMZEG00005019189	3	1
ENSMZEG00005019190	0	0
ENSMZEG00005019191	0	0
ENSMZEG00005019192	0	0
ENSMZEG00005019193	0	0
ENSMZEG00005019194	27	45
ENSMZEG00005019195	2	5
ENSMZEG00005019196	0	0
ENSMZEG00005019197	0	2
ENSMZEG00005019198	5	3
ENSMZEG00005019199	0	0
ENSMZEG00005019200	0	1
ENSMZEG00005019201	0	0
ENSMZEG00005019202	570	302
ENSMZEG00005019203	6	4
ENSMZEG00005019204	1	2
ENSMZEG00005019205	0	0
ENSMZEG00005019206	1	0
ENSMZEG00005019207	0	0
ENSMZEG00005019208	0	0
ENSMZEG00005019209	0	0
ENSMZEG00005019210	2	0
ENSMZEG00005019211	5	11
ENSMZEG00005019212	1	2
ENSMZEG00005019213	0	2
ENSMZEG00005019214	0	4
ENSMZEG00005019215	1	6
ENSMZEG00005019216	1	0
ENSMZEG00005019217	1	0
ENSMZEG00005019218	7	4
ENSMZEG00005019219	2	1
ENSMZEG00005019220	0	0
ENSMZEG00005019221	2	1
ENSMZEG00005019222	0	0
ENSMZEG00005019223	14	10
ENSMZEG00005019224	2	1
ENSMZEG00005019225	0	0
ENSMZEG00005019226	25	6
ENSMZEG00005019227	235	16
ENSMZEG00005019228	0	0
ENSMZEG00005019229	0	0
ENSMZEG00005019230	2	48
ENSMZEG00005019231	0	0
ENSMZEG00005019232	0	1
ENSMZEG00005019233	0	1
ENSMZEG00005019234	19	20
ENSMZEG00005019235	484	612
ENSMZEG00005019236	2	4
ENSMZEG00005019237	0	0
ENSMZEG00005019238	0	0
ENSMZEG00005019239	1	0
ENSMZEG00005019240	1	33
ENSMZEG00005019241	1	0
ENSMZEG00005019242	0	0
ENSMZEG00005019243	3	0
ENSMZEG00005019244	0	0
ENSMZEG00005019245	2	3
ENSMZEG00005019246	17	5
ENSMZEG00005019247	1	1
ENSMZEG00005019248	8	6
ENSMZEG00005019249	1	1
ENSMZEG00005019250	2	1
ENSMZEG00005019251	0	0
ENSMZEG00005019252	0	0
ENSMZEG00005019253	2	0
ENSMZEG00005019254	3	6
ENSMZEG00005019255	7	4
ENSMZEG00005019256	0	0
ENSMZEG00005019257	0	1
ENSMZEG00005019258	0	3
ENSMZEG00005019259	292	907
ENSMZEG00005019260	6	5
ENSMZEG00005019261	1136	3721
ENSMZEG00005019262	7	17
ENSMZEG00005019263	11	4
ENSMZEG00005019264	1	0
ENSMZEG00005019265	0	0
ENSMZEG00005019266	3	2
ENSMZEG00005019267	0	0
ENSMZEG00005019268	0	0
ENSMZEG00005019269	4022	658
ENSMZEG00005019270	0	0
ENSMZEG00005019271	3	0
ENSMZEG00005019272	3	2
ENSMZEG00005019273	5393	6099
ENSMZEG00005019274	743	175
ENSMZEG00005019275	0	0
ENSMZEG00005019276	869	1690
ENSMZEG00005019277	0	1
ENSMZEG00005019278	2	2
ENSMZEG00005019279	101	182
ENSMZEG00005019280	396	113
ENSMZEG00005019281	5	2
ENSMZEG00005019282	5	47
ENSMZEG00005019283	0	0
ENSMZEG00005019284	0	0
ENSMZEG00005019285	2	5
ENSMZEG00005019286	9	0
ENSMZEG00005019287	10	14
ENSMZEG00005019288	1	11
ENSMZEG00005019289	6	1
ENSMZEG00005019290	1	2
ENSMZEG00005019291	0	17
ENSMZEG00005019292	1	1
ENSMZEG00005019293	1	0
ENSMZEG00005019294	157	148
ENSMZEG00005019295	0	0
ENSMZEG00005019296	6	1
ENSMZEG00005019297	2	3
ENSMZEG00005019298	0	11
ENSMZEG00005019299	6	5
ENSMZEG00005019300	0	0
ENSMZEG00005019301	201	61
ENSMZEG00005019302	0	0
ENSMZEG00005019303	0	2
ENSMZEG00005019304	8	12
ENSMZEG00005019305	3	4
ENSMZEG00005019306	0	0
ENSMZEG00005019307	0	0
ENSMZEG00005019308	0	4
ENSMZEG00005019309	4	7
ENSMZEG00005019310	3	8
ENSMZEG00005019311	2	0
ENSMZEG00005019312	3	0
ENSMZEG00005019313	0	0
ENSMZEG00005019314	4	7
ENSMZEG00005019315	1	0
ENSMZEG00005019316	1	3
ENSMZEG00005019317	0	0
ENSMZEG00005019318	22	12
ENSMZEG00005019319	3	0
ENSMZEG00005019320	0	0
ENSMZEG00005019321	21	10
ENSMZEG00005019322	2	1
ENSMZEG00005019323	3	3
ENSMZEG00005019324	3	2
ENSMZEG00005019325	4	4
ENSMZEG00005019326	1	0
ENSMZEG00005019327	1	0
ENSMZEG00005019328	0	0
ENSMZEG00005019329	10	0
ENSMZEG00005019330	8	3
ENSMZEG00005019331	5	5
ENSMZEG00005019332	0	9
ENSMZEG00005019333	0	0
ENSMZEG00005019334	0	0
ENSMZEG00005019335	7	3
ENSMZEG00005019336	4	3
ENSMZEG00005019337	6	6
ENSMZEG00005019338	2	4
ENSMZEG00005019339	0	0
ENSMZEG00005019340	11	53
ENSMZEG00005019341	16	19
ENSMZEG00005019342	4	0
ENSMZEG00005019343	2	1
ENSMZEG00005019344	1024	444
ENSMZEG00005019345	86	211
ENSMZEG00005019346	1	1
ENSMZEG00005019347	0	4
ENSMZEG00005019348	1430	889
ENSMZEG00005019349	0	0
ENSMZEG00005019350	0	0
ENSMZEG00005019351	15	1
ENSMZEG00005019352	6	2
ENSMZEG00005019353	20	4
ENSMZEG00005019354	7	10
ENSMZEG00005019355	0	1
ENSMZEG00005019356	0	0
ENSMZEG00005019357	19	1
ENSMZEG00005019358	0	0
ENSMZEG00005019359	0	1
ENSMZEG00005019360	1299	87
ENSMZEG00005019361	6	38
ENSMZEG00005019362	0	0
ENSMZEG00005019363	100	119
ENSMZEG00005019364	0	0
ENSMZEG00005019365	0	7
ENSMZEG00005019366	0	0
ENSMZEG00005019367	0	0
ENSMZEG00005019368	0	2
ENSMZEG00005019369	0	0
ENSMZEG00005019370	60	148
ENSMZEG00005019371	0	0
ENSMZEG00005019372	785	2056
ENSMZEG00005019373	2	1
ENSMZEG00005019374	0	1
ENSMZEG00005019375	0	0
ENSMZEG00005019376	4	3
ENSMZEG00005019377	0	0
ENSMZEG00005019378	1	1
ENSMZEG00005019379	9	57
ENSMZEG00005019380	318	98
ENSMZEG00005019381	3	0
ENSMZEG00005019382	0	1
ENSMZEG00005019383	0	0
ENSMZEG00005019384	0	0
ENSMZEG00005019385	11	2
ENSMZEG00005019386	1	0
ENSMZEG00005019387	0	2
ENSMZEG00005019388	1	5
ENSMZEG00005019389	0	0
ENSMZEG00005019390	0	0
ENSMZEG00005019391	162	332
ENSMZEG00005019392	12	1
ENSMZEG00005019393	0	0
ENSMZEG00005019394	1	2
ENSMZEG00005019395	1	3
ENSMZEG00005019396	11	169
ENSMZEG00005019397	598	137
ENSMZEG00005019398	6	2
ENSMZEG00005019399	0	1
ENSMZEG00005019400	3	4
ENSMZEG00005019401	0	2
ENSMZEG00005019402	0	0
ENSMZEG00005019403	0	0
ENSMZEG00005019404	1	0
ENSMZEG00005019405	0	0
ENSMZEG00005019406	0	0
ENSMZEG00005019407	0	0
ENSMZEG00005019408	16	4
ENSMZEG00005019409	379	293
ENSMZEG00005019410	0	3
ENSMZEG00005019411	0	1
ENSMZEG00005019412	4	5
ENSMZEG00005019413	0	0
ENSMZEG00005019414	0	0
ENSMZEG00005019415	0	0
ENSMZEG00005019416	2	0
ENSMZEG00005019417	0	0
ENSMZEG00005019418	0	0
ENSMZEG00005019419	0	0
ENSMZEG00005019420	391	378
ENSMZEG00005019421	3	2
ENSMZEG00005019422	2	0
ENSMZEG00005019423	1	0
ENSMZEG00005019424	9	5
ENSMZEG00005019425	3	6
ENSMZEG00005019426	7	0
ENSMZEG00005019427	290	698
ENSMZEG00005019428	0	8
ENSMZEG00005019429	3	19
ENSMZEG00005019430	1	2
ENSMZEG00005019431	12	14
ENSMZEG00005019432	0	0
ENSMZEG00005019433	0	1
ENSMZEG00005019434	0	0
ENSMZEG00005019435	1679	1254
ENSMZEG00005019436	0	5
ENSMZEG00005019437	0	0
ENSMZEG00005019438	0	0
ENSMZEG00005019439	151	462
ENSMZEG00005019440	4	5
ENSMZEG00005019441	0	0
ENSMZEG00005019442	2	6
ENSMZEG00005019443	3	1
ENSMZEG00005019444	0	0
ENSMZEG00005019445	0	0
ENSMZEG00005019446	0	0
ENSMZEG00005019447	9	16
ENSMZEG00005019448	2	0
ENSMZEG00005019449	0	0
ENSMZEG00005019450	0	0
ENSMZEG00005019451	1	1
ENSMZEG00005019452	0	0
ENSMZEG00005019453	3	3
ENSMZEG00005019454	0	0
ENSMZEG00005019455	2	0
ENSMZEG00005019456	0	2
ENSMZEG00005019457	0	5
ENSMZEG00005019458	1	11
ENSMZEG00005019459	0	0
ENSMZEG00005019460	0	0
ENSMZEG00005019461	0	0
ENSMZEG00005019462	4	6
ENSMZEG00005019463	0	0
ENSMZEG00005019464	1	13
ENSMZEG00005019465	0	0
ENSMZEG00005019466	0	0
ENSMZEG00005019467	1	2
ENSMZEG00005019468	0	0
ENSMZEG00005019469	1	9
ENSMZEG00005019470	0	1
ENSMZEG00005019471	0	0
ENSMZEG00005019472	0	0
ENSMZEG00005019473	1	0
ENSMZEG00005019474	0	0
ENSMZEG00005019475	0	2
ENSMZEG00005019476	0	0
ENSMZEG00005019477	0	0
ENSMZEG00005019478	0	0
ENSMZEG00005019479	6	0
ENSMZEG00005019480	0	0
ENSMZEG00005019481	1	2
ENSMZEG00005019482	1	2
ENSMZEG00005019483	0	0
ENSMZEG00005019484	0	0
ENSMZEG00005019485	0	0
ENSMZEG00005019486	0	0
ENSMZEG00005019487	1	2
ENSMZEG00005019488	0	2
ENSMZEG00005019489	11	1
ENSMZEG00005019490	9	3
ENSMZEG00005019491	50	38
ENSMZEG00005019492	0	0
ENSMZEG00005019493	0	2
ENSMZEG00005019494	12	4
ENSMZEG00005019495	0	0
ENSMZEG00005019496	0	0
ENSMZEG00005019497	47	46
ENSMZEG00005019498	2	0
ENSMZEG00005019499	1	0
ENSMZEG00005019500	0	0
ENSMZEG00005019501	1	0
ENSMZEG00005019502	1	2
ENSMZEG00005019503	0	0
ENSMZEG00005019504	0	0
ENSMZEG00005019505	0	0
ENSMZEG00005019506	0	0
ENSMZEG00005019507	1	10
ENSMZEG00005019508	0	0
ENSMZEG00005019509	11	47
ENSMZEG00005019510	0	0
ENSMZEG00005019511	0	0
ENSMZEG00005019512	0	0
ENSMZEG00005019513	0	2
ENSMZEG00005019514	0	0
ENSMZEG00005019515	0	0
ENSMZEG00005019516	0	0
ENSMZEG00005019517	0	0
ENSMZEG00005019518	3	49
ENSMZEG00005019519	5	8
ENSMZEG00005019520	0	0
ENSMZEG00005019521	11	5
ENSMZEG00005019522	0	0
ENSMZEG00005019523	1	0
ENSMZEG00005019524	0	0
ENSMZEG00005019525	0	0
ENSMZEG00005019526	0	0
ENSMZEG00005019527	0	0
ENSMZEG00005019528	0	1
ENSMZEG00005019529	2	5
ENSMZEG00005019530	0	0
ENSMZEG00005019531	8	5
ENSMZEG00005019532	1	23
ENSMZEG00005019533	0	0
ENSMZEG00005019534	0	0
ENSMZEG00005019535	0	0
ENSMZEG00005019536	0	0
ENSMZEG00005019537	2	0
ENSMZEG00005019538	7	0
ENSMZEG00005019539	1	0
ENSMZEG00005019540	3	11
ENSMZEG00005019541	2	0
ENSMZEG00005019542	0	0
ENSMZEG00005019543	7	0
ENSMZEG00005019544	2	5
ENSMZEG00005019545	6	4
ENSMZEG00005019546	1	0
ENSMZEG00005019547	1	0
ENSMZEG00005019548	10	8
ENSMZEG00005019549	0	1
ENSMZEG00005019550	3	1
ENSMZEG00005019551	0	0
ENSMZEG00005019552	653	625
ENSMZEG00005019553	16	4
ENSMZEG00005019554	1	5
ENSMZEG00005019555	0	0
ENSMZEG00005019556	8	19
ENSMZEG00005019557	5	6
ENSMZEG00005019558	3	0
ENSMZEG00005019559	2	0
ENSMZEG00005019560	6	1
ENSMZEG00005019561	1	0
ENSMZEG00005019562	0	0
ENSMZEG00005019563	0	0
ENSMZEG00005019564	0	0
ENSMZEG00005019565	3	4
ENSMZEG00005019566	0	0
ENSMZEG00005019567	0	0
ENSMZEG00005019568	5	4
ENSMZEG00005019569	768	1359
ENSMZEG00005019570	784	80
ENSMZEG00005019571	0	0
ENSMZEG00005019572	2	1
ENSMZEG00005019573	0	0
ENSMZEG00005019574	0	0
ENSMZEG00005019575	3	0
ENSMZEG00005019576	0	0
ENSMZEG00005019577	42	16
ENSMZEG00005019578	4	27
ENSMZEG00005019579	1	4
ENSMZEG00005019580	0	0
ENSMZEG00005019581	90	221
ENSMZEG00005019582	11	4
ENSMZEG00005019583	29	47
ENSMZEG00005019584	0	0
ENSMZEG00005019585	2	2
ENSMZEG00005019586	0	0
ENSMZEG00005019587	7	1
ENSMZEG00005019588	0	0
ENSMZEG00005019589	1	6
ENSMZEG00005019590	190	2939
ENSMZEG00005019591	3	0
ENSMZEG00005019592	28	6
ENSMZEG00005019593	11	1
ENSMZEG00005019594	0	0
ENSMZEG00005019595	1	0
ENSMZEG00005019596	9	0
ENSMZEG00005019597	0	0
ENSMZEG00005019598	0	0
ENSMZEG00005019599	58	120
ENSMZEG00005019600	3	1
ENSMZEG00005019601	9	10
ENSMZEG00005019602	2	0
ENSMZEG00005019603	0	0
ENSMZEG00005019604	0	0
ENSMZEG00005019605	0	0
ENSMZEG00005019606	3	1
ENSMZEG00005019607	0	0
ENSMZEG00005019608	0	0
ENSMZEG00005019609	0	0
ENSMZEG00005019610	0	0
ENSMZEG00005019611	0	0
ENSMZEG00005019612	4	0
ENSMZEG00005019613	29	14
ENSMZEG00005019614	0	0
ENSMZEG00005019615	0	0
ENSMZEG00005019616	0	0
ENSMZEG00005019617	0	0
ENSMZEG00005019618	21	22
ENSMZEG00005019619	4	3
ENSMZEG00005019620	0	1
ENSMZEG00005019621	0	0
ENSMZEG00005019622	0	1
ENSMZEG00005019623	3	0
ENSMZEG00005019624	0	0
ENSMZEG00005019625	4	7
ENSMZEG00005019626	0	0
ENSMZEG00005019627	0	0
ENSMZEG00005019628	3	2
ENSMZEG00005019629	150	129
ENSMZEG00005019630	6	5
ENSMZEG00005019631	2	12
ENSMZEG00005019632	1	1
ENSMZEG00005019633	1	0
ENSMZEG00005019634	5	7
ENSMZEG00005019635	0	0
ENSMZEG00005019636	0	0
ENSMZEG00005019637	2	0
ENSMZEG00005019638	17	41
ENSMZEG00005019639	4	0
ENSMZEG00005019640	1	0
ENSMZEG00005019641	16	746
ENSMZEG00005019642	1	0
ENSMZEG00005019643	1	1
ENSMZEG00005019644	4	1
ENSMZEG00005019645	0	0
ENSMZEG00005019646	7	73
ENSMZEG00005019647	0	0
ENSMZEG00005019648	0	2
ENSMZEG00005019649	3	2
ENSMZEG00005019650	0	1
ENSMZEG00005019651	0	1
ENSMZEG00005019652	0	0
ENSMZEG00005019653	2	1
ENSMZEG00005019654	5	0
ENSMZEG00005019655	0	0
ENSMZEG00005019656	0	0
ENSMZEG00005019657	23	2
ENSMZEG00005019658	0	0
ENSMZEG00005019659	3	4
ENSMZEG00005019660	2	0
ENSMZEG00005019661	3	0
ENSMZEG00005019662	0	0
ENSMZEG00005019663	0	1
ENSMZEG00005019664	1	0
ENSMZEG00005019665	0	3
ENSMZEG00005019666	0	0
ENSMZEG00005019667	0	1
ENSMZEG00005019668	1	1
ENSMZEG00005019669	0	0
ENSMZEG00005019670	0	0
ENSMZEG00005019671	0	2
ENSMZEG00005019672	0	1
ENSMZEG00005019673	0	3
ENSMZEG00005019674	0	0
ENSMZEG00005019675	0	0
ENSMZEG00005019676	0	0
ENSMZEG00005019677	3	9
ENSMZEG00005019678	0	0
ENSMZEG00005019679	0	0
ENSMZEG00005019680	0	0
ENSMZEG00005019681	0	0
ENSMZEG00005019682	11	1
ENSMZEG00005019683	7	3
ENSMZEG00005019684	0	0
ENSMZEG00005019685	0	0
ENSMZEG00005019686	0	5
ENSMZEG00005019687	0	0
ENSMZEG00005019688	0	0
ENSMZEG00005019689	7	8
ENSMZEG00005019690	4	2
ENSMZEG00005019691	3	6
ENSMZEG00005019692	0	7
ENSMZEG00005019693	0	3
ENSMZEG00005019694	0	1
ENSMZEG00005019695	4	1
ENSMZEG00005019696	0	0
ENSMZEG00005019697	9	23
ENSMZEG00005019698	0	0
ENSMZEG00005019699	10	10
ENSMZEG00005019700	0	0
ENSMZEG00005019701	0	2
ENSMZEG00005019702	32	31
ENSMZEG00005019703	4	0
ENSMZEG00005019704	9	0
ENSMZEG00005019705	3	1
ENSMZEG00005019706	0	0
ENSMZEG00005019707	560	64
ENSMZEG00005019708	0	0
ENSMZEG00005019709	0	0
ENSMZEG00005019710	1	3
ENSMZEG00005019711	0	0
ENSMZEG00005019712	0	4
ENSMZEG00005019713	3	2
ENSMZEG00005019714	4	2
ENSMZEG00005019715	0	4
ENSMZEG00005019716	599	73
ENSMZEG00005019717	4	1
ENSMZEG00005019718	1	4
ENSMZEG00005019719	0	2
ENSMZEG00005019720	9	12
ENSMZEG00005019721	592	514
ENSMZEG00005019722	6	31
ENSMZEG00005019723	0	0
ENSMZEG00005019724	0	0
ENSMZEG00005019725	3	3
ENSMZEG00005019726	7	0
ENSMZEG00005019727	0	0
ENSMZEG00005019728	0	2
ENSMZEG00005019729	11	0
ENSMZEG00005019730	25	8
ENSMZEG00005019731	1	2
ENSMZEG00005019732	0	0
ENSMZEG00005019733	49	827
ENSMZEG00005019734	0	0
ENSMZEG00005019735	0	0
ENSMZEG00005019736	0	0
ENSMZEG00005019737	0	0
ENSMZEG00005019738	9	4
ENSMZEG00005019739	0	0
ENSMZEG00005019740	2	5
ENSMZEG00005019741	11	5
ENSMZEG00005019742	247	156
ENSMZEG00005019743	0	0
ENSMZEG00005019744	0	0
ENSMZEG00005019745	0	0
ENSMZEG00005019746	346	219
ENSMZEG00005019747	1	3
ENSMZEG00005019748	0	0
ENSMZEG00005019749	0	0
ENSMZEG00005019750	0	0
ENSMZEG00005019751	0	0
ENSMZEG00005019752	1	0
ENSMZEG00005019753	7	0
ENSMZEG00005019754	1	0
ENSMZEG00005019755	1	0
ENSMZEG00005019756	22	11
ENSMZEG00005019757	5	0
ENSMZEG00005019758	0	1
ENSMZEG00005019759	125	81
ENSMZEG00005019760	0	0
ENSMZEG00005019761	0	1
ENSMZEG00005019762	22	35
ENSMZEG00005019763	5	2
ENSMZEG00005019764	0	0
ENSMZEG00005019765	1	0
ENSMZEG00005019766	2	0
ENSMZEG00005019767	1	3
ENSMZEG00005019768	0	3
ENSMZEG00005019769	1	0
ENSMZEG00005019770	2	0
ENSMZEG00005019771	1	0
ENSMZEG00005019772	4	3
ENSMZEG00005019773	0	0
ENSMZEG00005019774	1	0
ENSMZEG00005019775	0	0
ENSMZEG00005019776	18	2
ENSMZEG00005019777	8	4
ENSMZEG00005019778	0	1
ENSMZEG00005019779	0	0
ENSMZEG00005019780	2	0
ENSMZEG00005019781	0	0
ENSMZEG00005019782	6	8
ENSMZEG00005019783	4	31
ENSMZEG00005019784	0	1
ENSMZEG00005019785	3	1
ENSMZEG00005019786	4	7
ENSMZEG00005019787	19	12
ENSMZEG00005019788	18	31
ENSMZEG00005019789	0	0
ENSMZEG00005019790	0	0
ENSMZEG00005019791	5	1
ENSMZEG00005019792	0	0
ENSMZEG00005019793	0	0
ENSMZEG00005019794	1	0
ENSMZEG00005019795	0	1
ENSMZEG00005019796	0	0
ENSMZEG00005019797	25	234
ENSMZEG00005019798	0	0
ENSMZEG00005019799	1	0
ENSMZEG00005019800	0	0
ENSMZEG00005019801	0	0
ENSMZEG00005019802	2	3
ENSMZEG00005019803	238	24
ENSMZEG00005019804	2	6
ENSMZEG00005019805	0	1
ENSMZEG00005019806	2	0
ENSMZEG00005019807	3	0
ENSMZEG00005019808	469	619
ENSMZEG00005019809	0	0
ENSMZEG00005019810	0	1
ENSMZEG00005019811	5	0
ENSMZEG00005019812	0	2
ENSMZEG00005019813	1573	1897
ENSMZEG00005019814	4	2
ENSMZEG00005019815	1	0
ENSMZEG00005019816	1	4
ENSMZEG00005019817	0	0
ENSMZEG00005019818	0	0
ENSMZEG00005019819	4	26
ENSMZEG00005019820	3	1
ENSMZEG00005019821	3	0
ENSMZEG00005019822	10	3
ENSMZEG00005019823	0	0
ENSMZEG00005019824	0	0
ENSMZEG00005019825	0	0
ENSMZEG00005019826	0	0
ENSMZEG00005019827	10	2
ENSMZEG00005019828	0	0
ENSMZEG00005019829	15	9
ENSMZEG00005019830	0	1
ENSMZEG00005019831	20	5
ENSMZEG00005019832	1	0
ENSMZEG00005019833	0	0
ENSMZEG00005019834	0	0
ENSMZEG00005019835	0	0
ENSMZEG00005019836	0	0
ENSMZEG00005019837	2	3
ENSMZEG00005019838	5	2
ENSMZEG00005019839	1	1
ENSMZEG00005019840	0	0
ENSMZEG00005019841	0	1
ENSMZEG00005019842	4	0
ENSMZEG00005019843	0	0
ENSMZEG00005019844	10	4
ENSMZEG00005019845	0	0
ENSMZEG00005019846	3	2
ENSMZEG00005019847	0	1
ENSMZEG00005019848	0	0
ENSMZEG00005019849	0	0
ENSMZEG00005019850	4	2
ENSMZEG00005019851	1	2
ENSMZEG00005019852	0	3
ENSMZEG00005019853	2	0
ENSMZEG00005019854	0	0
ENSMZEG00005019855	361	67
ENSMZEG00005019856	0	0
ENSMZEG00005019857	0	0
ENSMZEG00005019858	0	0
ENSMZEG00005019859	0	0
ENSMZEG00005019860	19	26
ENSMZEG00005019861	0	0
ENSMZEG00005019862	0	0
ENSMZEG00005019863	1	0
ENSMZEG00005019864	455	428
ENSMZEG00005019865	0	0
ENSMZEG00005019866	0	0
ENSMZEG00005019867	507	2003
ENSMZEG00005019868	0	0
ENSMZEG00005019869	0	0
ENSMZEG00005019870	0	0
ENSMZEG00005019871	374	451
ENSMZEG00005019872	12	3
ENSMZEG00005019873	0	0
ENSMZEG00005019874	2	29
ENSMZEG00005019875	13	17
ENSMZEG00005019876	0	0
ENSMZEG00005019877	1	1
ENSMZEG00005019878	5	19
ENSMZEG00005019879	1672	628
ENSMZEG00005019880	2	3
ENSMZEG00005019881	0	0
ENSMZEG00005019882	0	5
ENSMZEG00005019883	2	0
ENSMZEG00005019884	16	1
ENSMZEG00005019885	0	0
ENSMZEG00005019886	4	0
ENSMZEG00005019887	0	0
ENSMZEG00005019888	0	0
ENSMZEG00005019889	0	0
ENSMZEG00005019890	0	0
ENSMZEG00005019891	2	0
ENSMZEG00005019892	0	0
ENSMZEG00005019893	3	0
ENSMZEG00005019894	0	0
ENSMZEG00005019895	0	1
ENSMZEG00005019896	0	0
ENSMZEG00005019897	0	1
ENSMZEG00005019898	1	0
ENSMZEG00005019899	2	0
ENSMZEG00005019900	0	0
ENSMZEG00005019901	356	76
ENSMZEG00005019902	0	0
ENSMZEG00005019903	2	0
ENSMZEG00005019904	0	0
ENSMZEG00005019905	0	0
ENSMZEG00005019906	2	3
ENSMZEG00005019907	0	6
ENSMZEG00005019908	194	188
ENSMZEG00005019909	1	18
ENSMZEG00005019910	512	116
ENSMZEG00005019911	50	39
ENSMZEG00005019912	0	1
ENSMZEG00005019913	0	0
ENSMZEG00005019914	5	0
ENSMZEG00005019915	30	92
ENSMZEG00005019916	1	0
ENSMZEG00005019917	8	19
ENSMZEG00005019918	71	151
ENSMZEG00005019919	0	0
ENSMZEG00005019920	3	0
ENSMZEG00005019921	1264	1284
ENSMZEG00005019922	0	0
ENSMZEG00005019923	0	0
ENSMZEG00005019924	0	0
ENSMZEG00005019925	2	6
ENSMZEG00005019926	0	1
ENSMZEG00005019927	0	0
ENSMZEG00005019928	484	573
ENSMZEG00005019929	1	1
ENSMZEG00005019930	0	0
ENSMZEG00005019931	2	1
ENSMZEG00005019932	11	5
ENSMZEG00005019933	115	541
ENSMZEG00005019934	2	0
ENSMZEG00005019935	0	0
ENSMZEG00005019936	0	0
ENSMZEG00005019937	0	0
ENSMZEG00005019938	0	0
ENSMZEG00005019939	1	8
ENSMZEG00005019940	142	184
ENSMZEG00005019941	0	0
ENSMZEG00005019942	0	0
ENSMZEG00005019943	0	1
ENSMZEG00005019944	0	0
ENSMZEG00005019945	0	0
ENSMZEG00005019946	0	0
ENSMZEG00005019947	0	0
ENSMZEG00005019948	0	0
ENSMZEG00005019949	0	1
ENSMZEG00005019950	0	0
ENSMZEG00005019951	0	0
ENSMZEG00005019952	0	1
ENSMZEG00005019953	6	38
ENSMZEG00005019954	2	0
ENSMZEG00005019955	0	0
ENSMZEG00005019956	9	2
ENSMZEG00005019957	0	0
ENSMZEG00005019958	3	0
ENSMZEG00005019959	0	0
ENSMZEG00005019960	1	0
ENSMZEG00005019961	1036	1263
ENSMZEG00005019962	0	0
ENSMZEG00005019963	404	34
ENSMZEG00005019964	0	0
ENSMZEG00005019965	0	1
ENSMZEG00005019966	3	0
ENSMZEG00005019967	0	0
ENSMZEG00005019968	0	0
ENSMZEG00005019969	0	0
ENSMZEG00005019970	0	1
ENSMZEG00005019971	0	1
ENSMZEG00005019972	0	1
ENSMZEG00005019973	0	0
ENSMZEG00005019974	0	0
ENSMZEG00005019975	0	0
ENSMZEG00005019976	2	1
ENSMZEG00005019977	0	1
ENSMZEG00005019978	0	0
ENSMZEG00005019979	0	0
ENSMZEG00005019980	23	3
ENSMZEG00005019981	0	1
ENSMZEG00005019982	0	0
ENSMZEG00005019983	0	2
ENSMZEG00005019984	3	4
ENSMZEG00005019985	0	0
ENSMZEG00005019986	2	24
ENSMZEG00005019987	26	244
ENSMZEG00005019988	0	0
ENSMZEG00005019989	0	1
ENSMZEG00005019990	1	0
ENSMZEG00005019991	3	6
ENSMZEG00005019992	0	3
ENSMZEG00005019993	0	0
ENSMZEG00005019994	0	1
ENSMZEG00005019995	0	0
ENSMZEG00005019996	2	0
ENSMZEG00005019997	0	0
ENSMZEG00005019998	0	0
ENSMZEG00005019999	0	0
ENSMZEG00005020000	20	18
ENSMZEG00005020001	0	0
ENSMZEG00005020002	13	4
ENSMZEG00005020003	4	2
ENSMZEG00005020004	0	0
ENSMZEG00005020005	0	0
ENSMZEG00005020006	0	1
ENSMZEG00005020007	892	1176
ENSMZEG00005020008	0	0
ENSMZEG00005020009	0	0
ENSMZEG00005020010	6	54
ENSMZEG00005020011	6	11
ENSMZEG00005020012	1	0
ENSMZEG00005020013	0	0
ENSMZEG00005020014	1	3
ENSMZEG00005020015	2	1
ENSMZEG00005020016	0	1
ENSMZEG00005020017	1	1
ENSMZEG00005020018	10	5
ENSMZEG00005020019	15	3
ENSMZEG00005020020	0	6
ENSMZEG00005020021	0	2
ENSMZEG00005020022	0	3
ENSMZEG00005020023	0	0
ENSMZEG00005020024	5	28
ENSMZEG00005020025	0	2
ENSMZEG00005020026	4	0
ENSMZEG00005020027	0	0
ENSMZEG00005020028	0	0
ENSMZEG00005020029	1	0
ENSMZEG00005020030	0	0
ENSMZEG00005020031	0	0
ENSMZEG00005020032	0	1
ENSMZEG00005020033	0	1
ENSMZEG00005020034	2	5
ENSMZEG00005020035	14	75
ENSMZEG00005020036	0	0
ENSMZEG00005020037	0	0
ENSMZEG00005020038	0	0
ENSMZEG00005020039	0	0
ENSMZEG00005020040	0	0
ENSMZEG00005020041	0	0
ENSMZEG00005020042	0	0
ENSMZEG00005020043	3	0
ENSMZEG00005020044	0	0
ENSMZEG00005020045	0	0
ENSMZEG00005020046	2	0
ENSMZEG00005020047	14	4
ENSMZEG00005020048	0	0
ENSMZEG00005020049	12	3
ENSMZEG00005020050	8	0
ENSMZEG00005020051	1	2
ENSMZEG00005020052	0	0
ENSMZEG00005020053	1	10
ENSMZEG00005020054	6	4
ENSMZEG00005020055	0	0
ENSMZEG00005020056	0	0
ENSMZEG00005020057	0	0
ENSMZEG00005020058	0	0
ENSMZEG00005020059	0	0
ENSMZEG00005020060	3	0
ENSMZEG00005020061	3	41
ENSMZEG00005020062	0	4
ENSMZEG00005020063	0	0
ENSMZEG00005020064	0	1
ENSMZEG00005020065	16	9
ENSMZEG00005020066	1	2
ENSMZEG00005020067	2	2
ENSMZEG00005020068	0	2
ENSMZEG00005020069	0	0
ENSMZEG00005020070	0	0
ENSMZEG00005020071	0	0
ENSMZEG00005020072	15	2
ENSMZEG00005020073	0	1
ENSMZEG00005020074	4	4
ENSMZEG00005020075	0	0
ENSMZEG00005020076	0	1
ENSMZEG00005020077	2	3
ENSMZEG00005020078	482	1385
ENSMZEG00005020079	3	12
ENSMZEG00005020080	0	0
ENSMZEG00005020081	0	0
ENSMZEG00005020082	0	0
ENSMZEG00005020083	1	0
ENSMZEG00005020084	0	0
ENSMZEG00005020085	5	3
ENSMZEG00005020086	0	0
ENSMZEG00005020087	2	0
ENSMZEG00005020088	1	6
ENSMZEG00005020089	17	4
ENSMZEG00005020090	0	0
ENSMZEG00005020091	0	8
ENSMZEG00005020092	0	3
ENSMZEG00005020093	11	14
ENSMZEG00005020094	0	0
ENSMZEG00005020095	0	0
ENSMZEG00005020096	16	0
ENSMZEG00005020097	23	192
ENSMZEG00005020098	0	0
ENSMZEG00005020099	0	2
ENSMZEG00005020100	0	0
ENSMZEG00005020101	0	0
ENSMZEG00005020102	46	35
ENSMZEG00005020103	0	0
ENSMZEG00005020104	0	0
ENSMZEG00005020105	1	1
ENSMZEG00005020106	0	0
ENSMZEG00005020107	1	1
ENSMZEG00005020108	0	1
ENSMZEG00005020109	782	795
ENSMZEG00005020110	0	0
ENSMZEG00005020111	3	0
ENSMZEG00005020112	0	0
ENSMZEG00005020113	0	0
ENSMZEG00005020114	75	22
ENSMZEG00005020115	3822	19842
ENSMZEG00005020116	0	0
ENSMZEG00005020117	2	2
ENSMZEG00005020118	0	0
ENSMZEG00005020119	0	0
ENSMZEG00005020120	0	0
ENSMZEG00005020121	0	0
ENSMZEG00005020122	0	0
ENSMZEG00005020123	822	665
ENSMZEG00005020124	0	0
ENSMZEG00005020125	0	0
ENSMZEG00005020126	5	0
ENSMZEG00005020127	0	2
ENSMZEG00005020128	10	16
ENSMZEG00005020129	8	51
ENSMZEG00005020130	0	0
ENSMZEG00005020131	7	1
ENSMZEG00005020132	8	8
ENSMZEG00005020133	0	0
ENSMZEG00005020134	1	0
ENSMZEG00005020135	0	0
ENSMZEG00005020136	61	64
ENSMZEG00005020137	0	0
ENSMZEG00005020138	0	2
ENSMZEG00005020139	0	0
ENSMZEG00005020140	0	34
ENSMZEG00005020141	0	0
ENSMZEG00005020142	0	0
ENSMZEG00005020143	720	129
ENSMZEG00005020144	16	3
ENSMZEG00005020145	0	0
ENSMZEG00005020146	0	1
ENSMZEG00005020147	7	1
ENSMZEG00005020148	3	10
ENSMZEG00005020149	0	6
ENSMZEG00005020150	0	0
ENSMZEG00005020151	0	0
ENSMZEG00005020152	0	4
ENSMZEG00005020153	0	0
ENSMZEG00005020154	1	2
ENSMZEG00005020155	0	5
ENSMZEG00005020156	0	3
ENSMZEG00005020157	5	9
ENSMZEG00005020158	2	2
ENSMZEG00005020159	13	30
ENSMZEG00005020160	14	16
ENSMZEG00005020161	0	0
ENSMZEG00005020162	0	0
ENSMZEG00005020163	191	1453
ENSMZEG00005020164	0	0
ENSMZEG00005020165	0	1
ENSMZEG00005020166	3	0
ENSMZEG00005020167	24	315
ENSMZEG00005020168	2	0
ENSMZEG00005020169	2	3
ENSMZEG00005020170	0	0
ENSMZEG00005020171	10	6
ENSMZEG00005020172	0	0
ENSMZEG00005020173	0	4
ENSMZEG00005020174	0	0
ENSMZEG00005020175	0	0
ENSMZEG00005020176	0	0
ENSMZEG00005020177	3	4
ENSMZEG00005020178	0	0
ENSMZEG00005020179	0	0
ENSMZEG00005020180	0	0
ENSMZEG00005020181	0	0
ENSMZEG00005020182	3	13
ENSMZEG00005020183	6	0
ENSMZEG00005020184	2	0
ENSMZEG00005020185	11	7
ENSMZEG00005020186	0	0
ENSMZEG00005020187	0	5
ENSMZEG00005020188	0	0
ENSMZEG00005020189	4	9
ENSMZEG00005020190	0	0
ENSMZEG00005020191	43	40
ENSMZEG00005020192	0	0
ENSMZEG00005020193	32	502
ENSMZEG00005020194	4	1
ENSMZEG00005020195	1018	1290
ENSMZEG00005020196	3	0
ENSMZEG00005020197	0	0
ENSMZEG00005020198	0	0
ENSMZEG00005020199	577	236
ENSMZEG00005020200	184	136
ENSMZEG00005020201	8	7
ENSMZEG00005020202	0	2
ENSMZEG00005020203	15	15
ENSMZEG00005020204	0	0
ENSMZEG00005020205	0	0
ENSMZEG00005020206	0	0
ENSMZEG00005020207	0	0
ENSMZEG00005020208	3	14
ENSMZEG00005020209	2	6
ENSMZEG00005020210	0	0
ENSMZEG00005020211	5	2
ENSMZEG00005020212	10	6
ENSMZEG00005020213	3	17
ENSMZEG00005020214	0	0
ENSMZEG00005020215	3	0
ENSMZEG00005020216	0	0
ENSMZEG00005020217	27	7
ENSMZEG00005020218	0	0
ENSMZEG00005020219	5	5
ENSMZEG00005020220	4	3
ENSMZEG00005020221	0	1
ENSMZEG00005020222	3	0
ENSMZEG00005020223	0	1
ENSMZEG00005020224	0	1
ENSMZEG00005020225	15	7
ENSMZEG00005020226	0	0
ENSMZEG00005020227	61	207
ENSMZEG00005020228	1	8
ENSMZEG00005020229	0	0
ENSMZEG00005020230	5	4
ENSMZEG00005020231	0	0
ENSMZEG00005020232	35	1
ENSMZEG00005020233	2	3
ENSMZEG00005020234	6	11
ENSMZEG00005020235	1	2
ENSMZEG00005020236	6	23
ENSMZEG00005020237	1	0
ENSMZEG00005020238	0	1
ENSMZEG00005020239	5	6
ENSMZEG00005020240	2	2
ENSMZEG00005020241	1	1
ENSMZEG00005020242	0	0
ENSMZEG00005020243	0	0
ENSMZEG00005020244	1	4
ENSMZEG00005020245	4	1
ENSMZEG00005020246	0	1
ENSMZEG00005020247	0	0
ENSMZEG00005020248	3	0
ENSMZEG00005020249	31	6
ENSMZEG00005020250	0	0
ENSMZEG00005020251	4	3
ENSMZEG00005020252	1	1
ENSMZEG00005020253	22	2
ENSMZEG00005020254	31	188
ENSMZEG00005020255	1	1
ENSMZEG00005020256	0	1
ENSMZEG00005020257	0	0
ENSMZEG00005020258	5	6
ENSMZEG00005020259	14	15
ENSMZEG00005020260	0	0
ENSMZEG00005020261	0	0
ENSMZEG00005020262	1	0
ENSMZEG00005020263	0	1
ENSMZEG00005020264	0	0
ENSMZEG00005020265	0	0
ENSMZEG00005020266	0	0
ENSMZEG00005020267	0	0
ENSMZEG00005020268	2	3
ENSMZEG00005020269	1	0
ENSMZEG00005020270	0	8
ENSMZEG00005020271	1	3
ENSMZEG00005020272	2	0
ENSMZEG00005020273	10	1
ENSMZEG00005020274	1	0
ENSMZEG00005020275	0	1
ENSMZEG00005020276	0	0
ENSMZEG00005020277	0	4
ENSMZEG00005020278	12	5
ENSMZEG00005020279	2	0
ENSMZEG00005020280	2	0
ENSMZEG00005020281	0	0
ENSMZEG00005020282	1	5
ENSMZEG00005020283	2	11
ENSMZEG00005020284	6	4
ENSMZEG00005020285	1	1
ENSMZEG00005020286	0	0
ENSMZEG00005020287	0	0
ENSMZEG00005020288	0	0
ENSMZEG00005020289	0	0
ENSMZEG00005020290	0	0
ENSMZEG00005020291	10	0
ENSMZEG00005020292	1	0
ENSMZEG00005020293	1	1
ENSMZEG00005020294	0	0
ENSMZEG00005020295	7	0
ENSMZEG00005020296	0	0
ENSMZEG00005020297	0	0
ENSMZEG00005020298	0	0
ENSMZEG00005020299	3	0
ENSMZEG00005020300	10	56
ENSMZEG00005020301	0	1
ENSMZEG00005020302	190	127
ENSMZEG00005020303	0	0
ENSMZEG00005020304	0	0
ENSMZEG00005020305	0	0
ENSMZEG00005020306	0	0
ENSMZEG00005020307	5	1
ENSMZEG00005020308	5	2
ENSMZEG00005020309	0	0
ENSMZEG00005020310	1	0
ENSMZEG00005020311	0	0
ENSMZEG00005020312	12	0
ENSMZEG00005020313	2	1
ENSMZEG00005020314	5	4
ENSMZEG00005020315	2	6
ENSMZEG00005020316	7372	1442
ENSMZEG00005020317	1	2
ENSMZEG00005020318	0	8
ENSMZEG00005020319	27	13
ENSMZEG00005020320	1185	915
ENSMZEG00005020321	0	0
ENSMZEG00005020322	0	2
ENSMZEG00005020323	0	0
ENSMZEG00005020324	426	486
ENSMZEG00005020325	3	7
ENSMZEG00005020326	3	2
ENSMZEG00005020327	1	2
ENSMZEG00005020328	17	9
ENSMZEG00005020329	1	0
ENSMZEG00005020330	7	10
ENSMZEG00005020331	31	6
ENSMZEG00005020332	0	0
ENSMZEG00005020333	0	0
ENSMZEG00005020334	0	0
ENSMZEG00005020335	0	0
ENSMZEG00005020336	32	77
ENSMZEG00005020337	0	2
ENSMZEG00005020338	7	80
ENSMZEG00005020339	1	0
ENSMZEG00005020340	1	9
ENSMZEG00005020341	0	0
ENSMZEG00005020342	6	0
ENSMZEG00005020343	0	0
ENSMZEG00005020344	5	1
ENSMZEG00005020345	5	2
ENSMZEG00005020346	2	9
ENSMZEG00005020347	0	0
ENSMZEG00005020348	1	0
ENSMZEG00005020349	163	25
ENSMZEG00005020350	0	0
ENSMZEG00005020351	7	10
ENSMZEG00005020352	0	0
ENSMZEG00005020353	3	4
ENSMZEG00005020354	5	0
ENSMZEG00005020355	166	33
ENSMZEG00005020356	0	0
ENSMZEG00005020357	0	0
ENSMZEG00005020358	6	0
ENSMZEG00005020359	0	0
ENSMZEG00005020360	0	0
ENSMZEG00005020361	0	0
ENSMZEG00005020362	0	0
ENSMZEG00005020363	1	6
ENSMZEG00005020364	0	0
ENSMZEG00005020365	0	0
ENSMZEG00005020366	0	0
ENSMZEG00005020367	0	0
ENSMZEG00005020368	0	1
ENSMZEG00005020369	0	0
ENSMZEG00005020370	8	1
ENSMZEG00005020371	454	455
ENSMZEG00005020372	9	13
ENSMZEG00005020373	0	3
ENSMZEG00005020374	18	4
ENSMZEG00005020375	5	1
ENSMZEG00005020376	345	303
ENSMZEG00005020377	0	0
ENSMZEG00005020378	0	2
ENSMZEG00005020379	0	0
ENSMZEG00005020380	0	0
ENSMZEG00005020381	0	4
ENSMZEG00005020382	3	4
ENSMZEG00005020383	0	0
ENSMZEG00005020384	2	0
ENSMZEG00005020385	0	4
ENSMZEG00005020386	1	1
ENSMZEG00005020387	1	7
ENSMZEG00005020388	0	0
ENSMZEG00005020389	0	0
ENSMZEG00005020390	0	0
ENSMZEG00005020391	0	0
ENSMZEG00005020392	1	0
ENSMZEG00005020393	3	3
ENSMZEG00005020394	0	1
ENSMZEG00005020395	2	6
ENSMZEG00005020396	0	0
ENSMZEG00005020397	0	0
ENSMZEG00005020398	2	4
ENSMZEG00005020399	0	0
ENSMZEG00005020400	0	0
ENSMZEG00005020401	0	0
ENSMZEG00005020402	0	0
ENSMZEG00005020403	2	0
ENSMZEG00005020404	0	0
ENSMZEG00005020405	0	0
ENSMZEG00005020406	0	0
ENSMZEG00005020407	0	0
ENSMZEG00005020408	0	0
ENSMZEG00005020409	0	0
ENSMZEG00005020410	0	0
ENSMZEG00005020411	0	0
ENSMZEG00005020412	0	0
ENSMZEG00005020413	0	0
ENSMZEG00005020414	11	10
ENSMZEG00005020415	0	0
ENSMZEG00005020416	0	3
ENSMZEG00005020417	5	2
ENSMZEG00005020418	0	0
ENSMZEG00005020419	0	0
ENSMZEG00005020420	0	0
ENSMZEG00005020421	0	0
ENSMZEG00005020422	0	1
ENSMZEG00005020423	19	89
ENSMZEG00005020424	0	0
ENSMZEG00005020425	0	0
ENSMZEG00005020426	0	0
ENSMZEG00005020427	0	1
ENSMZEG00005020428	0	0
ENSMZEG00005020429	0	0
ENSMZEG00005020430	9	31
ENSMZEG00005020431	3	5
ENSMZEG00005020432	1	0
ENSMZEG00005020433	0	0
ENSMZEG00005020434	3816	1818
ENSMZEG00005020435	2	2
ENSMZEG00005020436	0	0
ENSMZEG00005020437	1	0
ENSMZEG00005020438	436	174
ENSMZEG00005020439	0	1
ENSMZEG00005020440	0	0
ENSMZEG00005020441	3	1
ENSMZEG00005020442	0	0
ENSMZEG00005020443	3	0
ENSMZEG00005020444	6	2
ENSMZEG00005020445	0	0
ENSMZEG00005020446	0	0
ENSMZEG00005020447	5	2
ENSMZEG00005020448	11	3
ENSMZEG00005020449	0	0
ENSMZEG00005020450	0	0
ENSMZEG00005020451	0	2
ENSMZEG00005020452	0	0
ENSMZEG00005020453	0	0
ENSMZEG00005020454	8	50
ENSMZEG00005020455	0	1
ENSMZEG00005020456	0	0
ENSMZEG00005020457	0	0
ENSMZEG00005020458	3	5
ENSMZEG00005020459	1	0
ENSMZEG00005020460	0	2
ENSMZEG00005020461	2	0
ENSMZEG00005020462	2	1
ENSMZEG00005020463	0	7
ENSMZEG00005020464	10	4
ENSMZEG00005020465	17	69
ENSMZEG00005020466	0	7
ENSMZEG00005020467	9	2
ENSMZEG00005020468	1	1
ENSMZEG00005020469	0	3
ENSMZEG00005020470	0	0
ENSMZEG00005020471	0	0
ENSMZEG00005020472	0	0
ENSMZEG00005020473	0	0
ENSMZEG00005020474	14	11
ENSMZEG00005020475	0	3
ENSMZEG00005020476	3	1
ENSMZEG00005020477	24	6
ENSMZEG00005020478	0	0
ENSMZEG00005020479	2	0
ENSMZEG00005020480	23	21
ENSMZEG00005020481	0	1
ENSMZEG00005020482	0	0
ENSMZEG00005020483	30	9
ENSMZEG00005020484	0	0
ENSMZEG00005020485	0	0
ENSMZEG00005020486	0	0
ENSMZEG00005020487	0	0
ENSMZEG00005020488	2	13
ENSMZEG00005020489	0	0
ENSMZEG00005020490	2	3
ENSMZEG00005020491	0	0
ENSMZEG00005020492	0	0
ENSMZEG00005020493	19	12
ENSMZEG00005020494	0	0
ENSMZEG00005020495	0	0
ENSMZEG00005020496	0	0
ENSMZEG00005020497	0	0
ENSMZEG00005020498	0	0
ENSMZEG00005020499	0	0
ENSMZEG00005020500	1	0
ENSMZEG00005020501	2	0
ENSMZEG00005020502	0	0
ENSMZEG00005020503	0	1
ENSMZEG00005020504	0	1
ENSMZEG00005020505	0	0
ENSMZEG00005020506	2	0
ENSMZEG00005020507	15	29
ENSMZEG00005020508	0	0
ENSMZEG00005020509	0	0
ENSMZEG00005020510	0	0
ENSMZEG00005020511	0	2
ENSMZEG00005020512	1	16
ENSMZEG00005020513	170	151
ENSMZEG00005020514	0	0
ENSMZEG00005020515	89	160
ENSMZEG00005020516	428	694
ENSMZEG00005020517	0	0
ENSMZEG00005020518	0	0
ENSMZEG00005020519	46	8
ENSMZEG00005020520	3	2
ENSMZEG00005020521	1	0
ENSMZEG00005020522	0	0
ENSMZEG00005020523	0	0
ENSMZEG00005020524	0	0
ENSMZEG00005020525	0	1
ENSMZEG00005020526	0	1
ENSMZEG00005020527	1	0
ENSMZEG00005020528	2	8
ENSMZEG00005020529	0	0
ENSMZEG00005020530	0	0
ENSMZEG00005020531	0	0
ENSMZEG00005020532	0	0
ENSMZEG00005020533	3	6
ENSMZEG00005020534	1	6
ENSMZEG00005020535	0	0
ENSMZEG00005020536	0	1
ENSMZEG00005020537	0	0
ENSMZEG00005020538	0	0
ENSMZEG00005020539	0	0
ENSMZEG00005020540	0	0
ENSMZEG00005020541	0	0
ENSMZEG00005020542	0	1
ENSMZEG00005020543	3	6
ENSMZEG00005020544	0	0
ENSMZEG00005020545	3	5
ENSMZEG00005020546	0	0
ENSMZEG00005020547	0	0
ENSMZEG00005020548	2	0
ENSMZEG00005020549	0	0
ENSMZEG00005020550	0	0
ENSMZEG00005020551	685	659
ENSMZEG00005020552	0	0
ENSMZEG00005020553	0	1
ENSMZEG00005020554	5	6
ENSMZEG00005020555	0	0
ENSMZEG00005020556	0	0
ENSMZEG00005020557	0	0
ENSMZEG00005020558	3	1
ENSMZEG00005020559	2	1
ENSMZEG00005020560	0	0
ENSMZEG00005020561	0	0
ENSMZEG00005020562	0	0
ENSMZEG00005020563	0	0
ENSMZEG00005020564	0	0
ENSMZEG00005020565	0	0
ENSMZEG00005020566	0	1
ENSMZEG00005020567	1144	1763
ENSMZEG00005020568	0	0
ENSMZEG00005020569	0	0
ENSMZEG00005020570	0	0
ENSMZEG00005020571	0	0
ENSMZEG00005020572	2	0
ENSMZEG00005020573	0	0
ENSMZEG00005020574	0	0
ENSMZEG00005020575	0	0
ENSMZEG00005020576	0	0
ENSMZEG00005020577	0	1
ENSMZEG00005020578	3	0
ENSMZEG00005020579	0	0
ENSMZEG00005020580	0	0
ENSMZEG00005020581	3	4
ENSMZEG00005020582	0	0
ENSMZEG00005020583	0	0
ENSMZEG00005020584	0	1
ENSMZEG00005020585	0	0
ENSMZEG00005020586	0	0
ENSMZEG00005020587	0	0
ENSMZEG00005020588	0	0
ENSMZEG00005020589	0	0
ENSMZEG00005020590	0	0
ENSMZEG00005020591	16	34
ENSMZEG00005020592	0	0
ENSMZEG00005020593	0	0
ENSMZEG00005020594	1	10
ENSMZEG00005020595	0	0
ENSMZEG00005020596	0	0
ENSMZEG00005020597	2	0
ENSMZEG00005020598	0	0
ENSMZEG00005020599	3	1
ENSMZEG00005020600	6	0
ENSMZEG00005020601	0	0
ENSMZEG00005020602	16	10
ENSMZEG00005020603	0	0
ENSMZEG00005020604	2	4
ENSMZEG00005020605	48	5
ENSMZEG00005020606	0	0
ENSMZEG00005020607	29	18
ENSMZEG00005020608	0	32
ENSMZEG00005020609	0	0
ENSMZEG00005020610	0	4
ENSMZEG00005020611	8	11
ENSMZEG00005020612	0	0
ENSMZEG00005020613	106	863
ENSMZEG00005020614	3	3
ENSMZEG00005020615	0	5
ENSMZEG00005020616	78	4
ENSMZEG00005020617	0	8
ENSMZEG00005020618	13	4
ENSMZEG00005020619	0	0
ENSMZEG00005020620	0	0
ENSMZEG00005020621	36	19
ENSMZEG00005020622	15	14
ENSMZEG00005020623	3	6
ENSMZEG00005020624	18	3
ENSMZEG00005020625	0	0
ENSMZEG00005020626	9	6
ENSMZEG00005020627	0	0
ENSMZEG00005020628	22	31
ENSMZEG00005020629	0	0
ENSMZEG00005020630	7	5
ENSMZEG00005020631	0	0
ENSMZEG00005020632	0	0
ENSMZEG00005020633	936	1927
ENSMZEG00005020634	2	2
ENSMZEG00005020635	0	0
ENSMZEG00005020636	18	21
ENSMZEG00005020637	0	0
ENSMZEG00005020638	1	0
ENSMZEG00005020639	0	0
ENSMZEG00005020640	6	1
ENSMZEG00005020641	73	120
ENSMZEG00005020642	1	5
ENSMZEG00005020643	1	5
ENSMZEG00005020644	3	0
ENSMZEG00005020645	2	0
ENSMZEG00005020646	4	10
ENSMZEG00005020647	1	1
ENSMZEG00005020648	0	0
ENSMZEG00005020649	0	0
ENSMZEG00005020650	0	0
ENSMZEG00005020651	15	19
ENSMZEG00005020652	1	8
ENSMZEG00005020653	4	0
ENSMZEG00005020654	28	23
ENSMZEG00005020655	0	0
ENSMZEG00005020656	0	0
ENSMZEG00005020657	0	0
ENSMZEG00005020658	1	0
ENSMZEG00005020659	8	67
ENSMZEG00005020660	66	79
ENSMZEG00005020661	3	1
ENSMZEG00005020662	0	0
ENSMZEG00005020663	10	13
ENSMZEG00005020664	0	0
ENSMZEG00005020665	0	0
ENSMZEG00005020666	0	4
ENSMZEG00005020667	0	0
ENSMZEG00005020668	5	0
ENSMZEG00005020669	1	1
ENSMZEG00005020670	0	0
ENSMZEG00005020671	125	17
ENSMZEG00005020672	2	1
ENSMZEG00005020673	1	0
ENSMZEG00005020674	0	0
ENSMZEG00005020675	3	1
ENSMZEG00005020676	0	0
ENSMZEG00005020677	0	0
ENSMZEG00005020678	0	0
ENSMZEG00005020679	30	64
ENSMZEG00005020680	3	16
ENSMZEG00005020681	0	0
ENSMZEG00005020682	0	0
ENSMZEG00005020683	8	4
ENSMZEG00005020684	0	0
ENSMZEG00005020685	1	3
ENSMZEG00005020686	175	270
ENSMZEG00005020687	3	1
ENSMZEG00005020688	0	0
ENSMZEG00005020689	1	1
ENSMZEG00005020690	0	0
ENSMZEG00005020691	0	0
ENSMZEG00005020692	4	34
ENSMZEG00005020693	0	0
ENSMZEG00005020694	1	1
ENSMZEG00005020695	388	221
ENSMZEG00005020696	0	0
ENSMZEG00005020697	0	0
ENSMZEG00005020698	0	0
ENSMZEG00005020699	2	8
ENSMZEG00005020700	0	0
ENSMZEG00005020701	0	0
ENSMZEG00005020702	2	11
ENSMZEG00005020703	0	0
ENSMZEG00005020704	3	0
ENSMZEG00005020705	0	0
ENSMZEG00005020706	4	3
ENSMZEG00005020707	0	0
ENSMZEG00005020708	2	9
ENSMZEG00005020709	26	8
ENSMZEG00005020710	0	0
ENSMZEG00005020711	0	0
ENSMZEG00005020712	1	5
ENSMZEG00005020713	0	0
ENSMZEG00005020714	0	0
ENSMZEG00005020715	0	0
ENSMZEG00005020716	0	0
ENSMZEG00005020717	43	8
ENSMZEG00005020718	0	0
ENSMZEG00005020719	0	0
ENSMZEG00005020720	29	27
ENSMZEG00005020721	0	0
ENSMZEG00005020722	0	0
ENSMZEG00005020723	0	0
ENSMZEG00005020724	0	0
ENSMZEG00005020725	0	0
ENSMZEG00005020726	0	0
ENSMZEG00005020727	0	1
ENSMZEG00005020728	0	0
ENSMZEG00005020729	3	2
ENSMZEG00005020730	0	0
ENSMZEG00005020731	0	0
ENSMZEG00005020732	0	0
ENSMZEG00005020733	797	418
ENSMZEG00005020734	0	0
ENSMZEG00005020735	0	5
ENSMZEG00005020736	0	0
ENSMZEG00005020737	8	0
ENSMZEG00005020738	0	0
ENSMZEG00005020739	4	1
ENSMZEG00005020740	0	3
ENSMZEG00005020741	0	0
ENSMZEG00005020742	0	0
ENSMZEG00005020743	0	0
ENSMZEG00005020744	0	0
ENSMZEG00005020745	0	0
ENSMZEG00005020746	0	0
ENSMZEG00005020747	0	0
ENSMZEG00005020748	0	0
ENSMZEG00005020749	0	0
ENSMZEG00005020750	0	0
ENSMZEG00005020751	0	3
ENSMZEG00005020752	0	0
ENSMZEG00005020753	0	0
ENSMZEG00005020754	0	2
ENSMZEG00005020755	0	0
ENSMZEG00005020756	0	0
ENSMZEG00005020757	0	0
ENSMZEG00005020758	0	0
ENSMZEG00005020759	0	0
ENSMZEG00005020760	0	0
ENSMZEG00005020761	0	0
ENSMZEG00005020762	0	0
ENSMZEG00005020763	0	3
ENSMZEG00005020764	4	0
ENSMZEG00005020765	1	0
ENSMZEG00005020766	0	0
ENSMZEG00005020767	2	0
ENSMZEG00005020768	2	1
ENSMZEG00005020769	4	1
ENSMZEG00005020770	4	0
ENSMZEG00005020771	1	0
ENSMZEG00005020772	1	2
ENSMZEG00005020773	0	0
ENSMZEG00005020774	0	0
ENSMZEG00005020775	0	1
ENSMZEG00005020776	0	0
ENSMZEG00005020777	0	5
ENSMZEG00005020778	0	2
ENSMZEG00005020779	0	0
ENSMZEG00005020780	27	3
ENSMZEG00005020781	2752	527
ENSMZEG00005020782	700	7469
ENSMZEG00005020783	0	5
ENSMZEG00005020784	0	0
ENSMZEG00005020785	6	0
ENSMZEG00005020786	1	1
ENSMZEG00005020787	0	0
ENSMZEG00005020788	19	87
ENSMZEG00005020789	21	8
ENSMZEG00005020790	3	12
ENSMZEG00005020791	12	4
ENSMZEG00005020792	0	0
ENSMZEG00005020793	1	7
ENSMZEG00005020794	2	2
ENSMZEG00005020795	15	12
ENSMZEG00005020796	0	0
ENSMZEG00005020797	278	1691
ENSMZEG00005020798	3	4
ENSMZEG00005020799	0	0
ENSMZEG00005020800	0	0
ENSMZEG00005020801	0	0
ENSMZEG00005020802	2	6
ENSMZEG00005020803	0	0
ENSMZEG00005020804	2	9
ENSMZEG00005020805	0	0
ENSMZEG00005020806	0	0
ENSMZEG00005020807	0	0
ENSMZEG00005020808	0	0
ENSMZEG00005020809	0	0
ENSMZEG00005020810	7	1
ENSMZEG00005020811	2	1
ENSMZEG00005020812	0	0
ENSMZEG00005020813	5	0
ENSMZEG00005020814	0	0
ENSMZEG00005020815	215	67
ENSMZEG00005020816	1	0
ENSMZEG00005020817	4	2
ENSMZEG00005020818	0	0
ENSMZEG00005020819	25	1
ENSMZEG00005020820	0	0
ENSMZEG00005020821	2	2
ENSMZEG00005020822	0	1
ENSMZEG00005020823	458	977
ENSMZEG00005020824	3	1
ENSMZEG00005020825	338	298
ENSMZEG00005020826	0	0
ENSMZEG00005020827	118	30
ENSMZEG00005020828	1	3
ENSMZEG00005020829	6	2
ENSMZEG00005020830	3	1
ENSMZEG00005020831	2	3
ENSMZEG00005020832	0	0
ENSMZEG00005020833	0	0
ENSMZEG00005020834	0	2
ENSMZEG00005020835	0	0
ENSMZEG00005020836	17	0
ENSMZEG00005020837	7	0
ENSMZEG00005020838	2	1
ENSMZEG00005020839	1	0
ENSMZEG00005020840	0	1
ENSMZEG00005020841	796	1914
ENSMZEG00005020842	1	0
ENSMZEG00005020843	0	1
ENSMZEG00005020844	0	0
ENSMZEG00005020845	0	0
ENSMZEG00005020846	0	0
ENSMZEG00005020847	0	0
ENSMZEG00005020848	0	0
ENSMZEG00005020849	0	0
ENSMZEG00005020850	0	1
ENSMZEG00005020851	918	572
ENSMZEG00005020852	1	0
ENSMZEG00005020853	0	0
ENSMZEG00005020854	0	0
ENSMZEG00005020855	1	0
ENSMZEG00005020856	0	0
ENSMZEG00005020857	0	0
ENSMZEG00005020858	7	1
ENSMZEG00005020859	0	0
ENSMZEG00005020860	0	0
ENSMZEG00005020861	0	0
ENSMZEG00005020862	0	0
ENSMZEG00005020863	5	9
ENSMZEG00005020864	75	514
ENSMZEG00005020865	1	2
ENSMZEG00005020866	2	7
ENSMZEG00005020867	4	0
ENSMZEG00005020868	0	0
ENSMZEG00005020869	33	920
ENSMZEG00005020870	2	0
ENSMZEG00005020871	0	0
ENSMZEG00005020872	12	10
ENSMZEG00005020873	8	3
ENSMZEG00005020874	2	0
ENSMZEG00005020875	0	0
ENSMZEG00005020876	3	9
ENSMZEG00005020877	0	0
ENSMZEG00005020878	0	0
ENSMZEG00005020879	0	0
ENSMZEG00005020880	5	37
ENSMZEG00005020881	3	1
ENSMZEG00005020882	1	2
ENSMZEG00005020883	0	1
ENSMZEG00005020884	0	0
ENSMZEG00005020885	2	1
ENSMZEG00005020886	0	0
ENSMZEG00005020887	7	14
ENSMZEG00005020888	0	0
ENSMZEG00005020889	0	0
ENSMZEG00005020890	0	0
ENSMZEG00005020891	0	0
ENSMZEG00005020892	1	7
ENSMZEG00005020893	7	6
ENSMZEG00005020894	0	0
ENSMZEG00005020895	1	0
ENSMZEG00005020896	3	0
ENSMZEG00005020897	1	7
ENSMZEG00005020898	0	0
ENSMZEG00005020899	22	18
ENSMZEG00005020900	0	0
ENSMZEG00005020901	58	85
ENSMZEG00005020902	0	0
ENSMZEG00005020903	3	2
ENSMZEG00005020904	4	4
ENSMZEG00005020905	0	1
ENSMZEG00005020906	7	1
ENSMZEG00005020907	912	1090
ENSMZEG00005020908	101	72
ENSMZEG00005020909	2	0
ENSMZEG00005020910	0	0
ENSMZEG00005020911	3	4
ENSMZEG00005020912	2	1
ENSMZEG00005020913	219	457
ENSMZEG00005020914	0	0
ENSMZEG00005020915	0	3
ENSMZEG00005020916	0	0
ENSMZEG00005020917	0	0
ENSMZEG00005020918	0	0
ENSMZEG00005020919	0	0
ENSMZEG00005020920	2	26
ENSMZEG00005020921	0	0
ENSMZEG00005020922	0	0
ENSMZEG00005020923	2	3
ENSMZEG00005020924	0	0
ENSMZEG00005020925	1	1
ENSMZEG00005020926	16	4
ENSMZEG00005020927	1	0
ENSMZEG00005020928	1	0
ENSMZEG00005020929	18	19
ENSMZEG00005020930	10	34
ENSMZEG00005020931	0	0
ENSMZEG00005020932	0	0
ENSMZEG00005020933	0	0
ENSMZEG00005020934	0	0
ENSMZEG00005020935	0	2
ENSMZEG00005020936	0	0
ENSMZEG00005020937	0	2
ENSMZEG00005020938	2	0
ENSMZEG00005020939	0	0
ENSMZEG00005020940	0	0
ENSMZEG00005020941	0	0
ENSMZEG00005020942	6	4
ENSMZEG00005020943	0	0
ENSMZEG00005020944	0	0
ENSMZEG00005020945	9	1
ENSMZEG00005020946	0	0
ENSMZEG00005020947	0	0
ENSMZEG00005020948	1	0
ENSMZEG00005020949	0	0
ENSMZEG00005020950	6	2
ENSMZEG00005020951	3	13
ENSMZEG00005020952	0	2
ENSMZEG00005020953	0	0
ENSMZEG00005020954	0	0
ENSMZEG00005020955	7	0
ENSMZEG00005020956	1	0
ENSMZEG00005020957	0	0
ENSMZEG00005020958	2	0
ENSMZEG00005020959	33	147
ENSMZEG00005020960	10	20
ENSMZEG00005020961	0	0
ENSMZEG00005020962	0	0
ENSMZEG00005020963	11	7
ENSMZEG00005020964	54	100
ENSMZEG00005020965	6	4
ENSMZEG00005020966	5	1
ENSMZEG00005020967	97	46
ENSMZEG00005020968	0	1
ENSMZEG00005020969	1	7
ENSMZEG00005020970	500	289
ENSMZEG00005020971	0	0
ENSMZEG00005020972	0	0
ENSMZEG00005020973	0	0
ENSMZEG00005020974	3	1
ENSMZEG00005020975	0	0
ENSMZEG00005020976	2	3
ENSMZEG00005020977	1	0
ENSMZEG00005020978	4	11
ENSMZEG00005020979	2	1
ENSMZEG00005020980	19	50
ENSMZEG00005020981	0	0
ENSMZEG00005020982	0	3
ENSMZEG00005020983	4	6
ENSMZEG00005020984	0	14
ENSMZEG00005020985	0	0
ENSMZEG00005020986	1	0
ENSMZEG00005020987	3	16
ENSMZEG00005020988	0	0
ENSMZEG00005020989	0	0
ENSMZEG00005020990	7	30
ENSMZEG00005020991	2	2
ENSMZEG00005020992	0	0
ENSMZEG00005020993	0	0
ENSMZEG00005020994	2	1
ENSMZEG00005020995	0	0
ENSMZEG00005020996	0	0
ENSMZEG00005020997	0	0
ENSMZEG00005020998	0	0
ENSMZEG00005020999	3	0
ENSMZEG00005021000	1	4
ENSMZEG00005021001	0	0
ENSMZEG00005021002	7	2
ENSMZEG00005021003	0	0
ENSMZEG00005021004	1169	981
ENSMZEG00005021005	0	1
ENSMZEG00005021006	0	3
ENSMZEG00005021007	0	0
ENSMZEG00005021008	0	0
ENSMZEG00005021009	1	0
ENSMZEG00005021010	1	0
ENSMZEG00005021011	0	0
ENSMZEG00005021012	4	0
ENSMZEG00005021013	0	0
ENSMZEG00005021014	4	1
ENSMZEG00005021015	0	0
ENSMZEG00005021016	2	0
ENSMZEG00005021017	0	0
ENSMZEG00005021018	0	0
ENSMZEG00005021019	0	0
ENSMZEG00005021020	0	0
ENSMZEG00005021021	0	0
ENSMZEG00005021022	0	0
ENSMZEG00005021023	1	0
ENSMZEG00005021024	0	0
ENSMZEG00005021025	986	1303
ENSMZEG00005021026	0	0
ENSMZEG00005021027	0	1
ENSMZEG00005021028	6	1
ENSMZEG00005021029	0	0
ENSMZEG00005021030	1	0
ENSMZEG00005021031	24	31
ENSMZEG00005021032	0	0
ENSMZEG00005021033	435	79
ENSMZEG00005021034	4	0
ENSMZEG00005021035	3	0
ENSMZEG00005021036	0	0
ENSMZEG00005021037	0	0
ENSMZEG00005021038	12	0
ENSMZEG00005021039	1	0
ENSMZEG00005021040	0	0
ENSMZEG00005021041	0	3
ENSMZEG00005021042	1	18
ENSMZEG00005021043	0	1
ENSMZEG00005021044	0	0
ENSMZEG00005021045	0	0
ENSMZEG00005021046	1	1
ENSMZEG00005021047	0	0
ENSMZEG00005021048	0	0
ENSMZEG00005021049	2	2
ENSMZEG00005021050	12	4
ENSMZEG00005021051	0	0
ENSMZEG00005021052	0	0
ENSMZEG00005021053	1	2
ENSMZEG00005021054	18	3
ENSMZEG00005021055	2	0
ENSMZEG00005021056	154	234
ENSMZEG00005021057	2	6
ENSMZEG00005021058	0	0
ENSMZEG00005021059	0	0
ENSMZEG00005021060	0	0
ENSMZEG00005021061	14	4
ENSMZEG00005021062	792	321
ENSMZEG00005021063	0	2
ENSMZEG00005021064	0	0
ENSMZEG00005021065	0	0
ENSMZEG00005021066	606	531
ENSMZEG00005021067	0	1
ENSMZEG00005021068	0	1
ENSMZEG00005021069	0	1
ENSMZEG00005021070	0	0
ENSMZEG00005021071	6	44
ENSMZEG00005021072	0	0
ENSMZEG00005021073	0	0
ENSMZEG00005021074	0	1
ENSMZEG00005021075	0	1
ENSMZEG00005021076	14	6
ENSMZEG00005021077	0	0
ENSMZEG00005021078	0	3
ENSMZEG00005021079	343	1258
ENSMZEG00005021080	0	0
ENSMZEG00005021081	0	0
ENSMZEG00005021082	493	218
ENSMZEG00005021083	0	4
ENSMZEG00005021084	0	2
ENSMZEG00005021085	7	0
ENSMZEG00005021086	86	42
ENSMZEG00005021087	0	0
ENSMZEG00005021088	0	0
ENSMZEG00005021089	0	0
ENSMZEG00005021090	3	1
ENSMZEG00005021091	0	5
ENSMZEG00005021092	0	0
ENSMZEG00005021093	0	3
ENSMZEG00005021094	0	5
ENSMZEG00005021095	3	6
ENSMZEG00005021096	4	2
ENSMZEG00005021097	1	3
ENSMZEG00005021098	0	0
ENSMZEG00005021099	0	0
ENSMZEG00005021100	1	0
ENSMZEG00005021101	0	0
ENSMZEG00005021102	1	1
ENSMZEG00005021103	0	0
ENSMZEG00005021104	0	0
ENSMZEG00005021105	0	0
ENSMZEG00005021106	11	1
ENSMZEG00005021107	9	0
ENSMZEG00005021108	1	2
ENSMZEG00005021109	0	0
ENSMZEG00005021110	13	10
ENSMZEG00005021111	0	0
ENSMZEG00005021112	2	4
ENSMZEG00005021113	1	1
ENSMZEG00005021114	0	0
ENSMZEG00005021115	13	18
ENSMZEG00005021116	0	0
ENSMZEG00005021117	29	10
ENSMZEG00005021118	0	2
ENSMZEG00005021119	2	0
ENSMZEG00005021120	0	1
ENSMZEG00005021121	22	18
ENSMZEG00005021122	1	5
ENSMZEG00005021123	3	1
ENSMZEG00005021124	1088	162
ENSMZEG00005021125	13	103
ENSMZEG00005021126	0	0
ENSMZEG00005021127	0	0
ENSMZEG00005021128	6	1
ENSMZEG00005021129	1	0
ENSMZEG00005021130	3864	399
ENSMZEG00005021131	4	9
ENSMZEG00005021132	1	0
ENSMZEG00005021133	3	9
ENSMZEG00005021134	129	537
ENSMZEG00005021135	16	30
ENSMZEG00005021136	4	1
ENSMZEG00005021137	0	2
ENSMZEG00005021138	1	4
ENSMZEG00005021139	6	6
ENSMZEG00005021140	0	0
ENSMZEG00005021141	1	2
ENSMZEG00005021142	2	6
ENSMZEG00005021143	0	0
ENSMZEG00005021144	2	4
ENSMZEG00005021145	0	0
ENSMZEG00005021146	0	0
ENSMZEG00005021147	34	35
ENSMZEG00005021148	0	0
ENSMZEG00005021149	9	11
ENSMZEG00005021150	7	0
ENSMZEG00005021151	0	0
ENSMZEG00005021152	0	0
ENSMZEG00005021153	150	21
ENSMZEG00005021154	1364	1663
ENSMZEG00005021155	3	4
ENSMZEG00005021156	0	6
ENSMZEG00005021157	1	0
ENSMZEG00005021158	0	0
ENSMZEG00005021159	0	0
ENSMZEG00005021160	0	0
ENSMZEG00005021161	0	2
ENSMZEG00005021162	2	0
ENSMZEG00005021163	0	0
ENSMZEG00005021164	2	0
ENSMZEG00005021165	0	0
ENSMZEG00005021166	0	0
ENSMZEG00005021167	0	0
ENSMZEG00005021168	0	0
ENSMZEG00005021169	0	2
ENSMZEG00005021170	3	1
ENSMZEG00005021171	0	0
ENSMZEG00005021172	18	1
ENSMZEG00005021173	0	0
ENSMZEG00005021174	9	7
ENSMZEG00005021175	1	0
ENSMZEG00005021176	0	0
ENSMZEG00005021177	62	12
ENSMZEG00005021178	0	0
ENSMZEG00005021179	2	0
ENSMZEG00005021180	0	0
ENSMZEG00005021181	2	0
ENSMZEG00005021182	0	0
ENSMZEG00005021183	0	0
ENSMZEG00005021184	0	0
ENSMZEG00005021185	0	0
ENSMZEG00005021186	0	0
ENSMZEG00005021187	3	1
ENSMZEG00005021188	0	0
ENSMZEG00005021189	0	0
ENSMZEG00005021190	13	10
ENSMZEG00005021191	0	0
ENSMZEG00005021192	0	0
ENSMZEG00005021193	4	0
ENSMZEG00005021194	0	0
ENSMZEG00005021195	9	0
ENSMZEG00005021196	0	0
ENSMZEG00005021197	647	113
ENSMZEG00005021198	0	0
ENSMZEG00005021199	1016	1127
ENSMZEG00005021200	0	0
ENSMZEG00005021201	13	39
ENSMZEG00005021202	0	0
ENSMZEG00005021203	120	224
ENSMZEG00005021204	0	0
ENSMZEG00005021205	0	0
ENSMZEG00005021206	4	17
ENSMZEG00005021207	0	0
ENSMZEG00005021208	0	0
ENSMZEG00005021209	12	6
ENSMZEG00005021210	0	3
ENSMZEG00005021211	0	0
ENSMZEG00005021212	0	0
ENSMZEG00005021213	0	0
ENSMZEG00005021214	1	0
ENSMZEG00005021215	0	0
ENSMZEG00005021216	0	0
ENSMZEG00005021217	5	4
ENSMZEG00005021218	9	4
ENSMZEG00005021219	0	0
ENSMZEG00005021220	0	0
ENSMZEG00005021221	0	0
ENSMZEG00005021222	0	7
ENSMZEG00005021223	13	0
ENSMZEG00005021224	0	0
ENSMZEG00005021225	69	61
ENSMZEG00005021226	4	0
ENSMZEG00005021227	0	0
ENSMZEG00005021228	0	0
ENSMZEG00005021229	1	1
ENSMZEG00005021230	0	0
ENSMZEG00005021231	0	0
ENSMZEG00005021232	2	1
ENSMZEG00005021233	0	0
ENSMZEG00005021234	1	1
ENSMZEG00005021235	0	0
ENSMZEG00005021236	14	9
ENSMZEG00005021237	0	0
ENSMZEG00005021238	1	7
ENSMZEG00005021239	24	0
ENSMZEG00005021240	0	0
ENSMZEG00005021241	0	9
ENSMZEG00005021242	13	73
ENSMZEG00005021243	5	6
ENSMZEG00005021244	25	15
ENSMZEG00005021245	0	0
ENSMZEG00005021246	2	1
ENSMZEG00005021247	0	0
ENSMZEG00005021248	1	1
ENSMZEG00005021249	0	0
ENSMZEG00005021250	6	5
ENSMZEG00005021251	0	0
ENSMZEG00005021252	11	10
ENSMZEG00005021253	2	0
ENSMZEG00005021254	4	11
ENSMZEG00005021255	0	0
ENSMZEG00005021256	14	13
ENSMZEG00005021257	1	3
ENSMZEG00005021258	2	5
ENSMZEG00005021259	473	335
ENSMZEG00005021260	0	0
ENSMZEG00005021261	0	0
ENSMZEG00005021262	3	5
ENSMZEG00005021263	0	0
ENSMZEG00005021264	0	0
ENSMZEG00005021265	746	527
ENSMZEG00005021266	0	0
ENSMZEG00005021267	0	0
ENSMZEG00005021268	0	0
ENSMZEG00005021269	6	1
ENSMZEG00005021270	0	0
ENSMZEG00005021271	0	0
ENSMZEG00005021272	50	12
ENSMZEG00005021273	26	53
ENSMZEG00005021274	6	3
ENSMZEG00005021275	0	0
ENSMZEG00005021276	0	0
ENSMZEG00005021277	12	75
ENSMZEG00005021278	9	21
ENSMZEG00005021279	2	8
ENSMZEG00005021280	1558	2723
ENSMZEG00005021281	0	0
ENSMZEG00005021282	2	4
ENSMZEG00005021283	0	0
ENSMZEG00005021284	3	7
ENSMZEG00005021285	65	52
ENSMZEG00005021286	0	3
ENSMZEG00005021287	0	0
ENSMZEG00005021288	9	14
ENSMZEG00005021289	0	2
ENSMZEG00005021290	4	2
ENSMZEG00005021291	0	0
ENSMZEG00005021292	229	178
ENSMZEG00005021293	21	2
ENSMZEG00005021294	1	1
ENSMZEG00005021295	2	3
ENSMZEG00005021296	1	0
ENSMZEG00005021297	2	1
ENSMZEG00005021298	30	60
ENSMZEG00005021299	4	3
ENSMZEG00005021300	39	76
ENSMZEG00005021301	1926	649
ENSMZEG00005021302	13	10
ENSMZEG00005021303	34	8
ENSMZEG00005021304	5	0
ENSMZEG00005021305	2	1
ENSMZEG00005021306	8	10
ENSMZEG00005021307	304	360
ENSMZEG00005021308	10	12
ENSMZEG00005021309	0	0
ENSMZEG00005021310	0	1
ENSMZEG00005021311	1	0
ENSMZEG00005021312	0	1
ENSMZEG00005021313	0	0
ENSMZEG00005021314	0	0
ENSMZEG00005021315	4	1
ENSMZEG00005021316	19	8
ENSMZEG00005021317	105	1453
ENSMZEG00005021318	4	4
ENSMZEG00005021319	1	1
ENSMZEG00005021320	0	0
ENSMZEG00005021321	0	0
ENSMZEG00005021322	5	11
ENSMZEG00005021323	2	20
ENSMZEG00005021324	1	1
ENSMZEG00005021325	0	1
ENSMZEG00005021326	10	6
ENSMZEG00005021327	1	0
ENSMZEG00005021328	0	0
ENSMZEG00005021329	5	0
ENSMZEG00005021330	0	0
ENSMZEG00005021331	0	0
ENSMZEG00005021332	3	3
ENSMZEG00005021333	8	3
ENSMZEG00005021334	0	0
ENSMZEG00005021335	0	0
ENSMZEG00005021336	5	9
ENSMZEG00005021337	60	16
ENSMZEG00005021338	58	37
ENSMZEG00005021339	0	0
ENSMZEG00005021340	2	0
ENSMZEG00005021341	0	0
ENSMZEG00005021342	1	1
ENSMZEG00005021343	0	0
ENSMZEG00005021344	2	5
ENSMZEG00005021345	0	1
ENSMZEG00005021346	0	2
ENSMZEG00005021347	2	1
ENSMZEG00005021348	0	3
ENSMZEG00005021349	1	0
ENSMZEG00005021350	1078	508
ENSMZEG00005021351	0	0
ENSMZEG00005021352	0	0
ENSMZEG00005021353	0	0
ENSMZEG00005021354	219	42
ENSMZEG00005021355	0	2
ENSMZEG00005021356	0	0
ENSMZEG00005021357	5	9
ENSMZEG00005021358	11	1
ENSMZEG00005021359	2	1
ENSMZEG00005021360	0	0
ENSMZEG00005021361	0	0
ENSMZEG00005021362	6	7
ENSMZEG00005021363	0	0
ENSMZEG00005021364	4	16
ENSMZEG00005021365	0	0
ENSMZEG00005021366	1	0
ENSMZEG00005021367	255	65
ENSMZEG00005021368	0	0
ENSMZEG00005021369	900	404
ENSMZEG00005021370	0	0
ENSMZEG00005021371	0	2
ENSMZEG00005021372	0	0
ENSMZEG00005021373	0	3
ENSMZEG00005021374	0	0
ENSMZEG00005021375	0	0
ENSMZEG00005021376	0	0
ENSMZEG00005021377	4	1
ENSMZEG00005021378	0	0
ENSMZEG00005021379	335	423
ENSMZEG00005021380	10	1
ENSMZEG00005021381	0	0
ENSMZEG00005021382	6	12
ENSMZEG00005021383	2	11
ENSMZEG00005021384	0	0
ENSMZEG00005021385	0	3
ENSMZEG00005021386	1	0
ENSMZEG00005021387	0	0
ENSMZEG00005021388	0	0
ENSMZEG00005021389	226	986
ENSMZEG00005021390	0	0
ENSMZEG00005021391	0	0
ENSMZEG00005021392	0	0
ENSMZEG00005021393	0	0
ENSMZEG00005021394	0	0
ENSMZEG00005021395	0	0
ENSMZEG00005021396	0	0
ENSMZEG00005021397	1	5
ENSMZEG00005021398	0	0
ENSMZEG00005021399	0	0
ENSMZEG00005021400	0	0
ENSMZEG00005021401	0	0
ENSMZEG00005021402	0	0
ENSMZEG00005021403	1	0
ENSMZEG00005021404	4	1
ENSMZEG00005021405	0	0
ENSMZEG00005021406	0	0
ENSMZEG00005021407	0	0
ENSMZEG00005021408	0	0
ENSMZEG00005021409	0	0
ENSMZEG00005021410	2	4
ENSMZEG00005021411	0	1
ENSMZEG00005021412	0	0
ENSMZEG00005021413	0	0
ENSMZEG00005021414	0	0
ENSMZEG00005021415	0	0
ENSMZEG00005021416	13	10
ENSMZEG00005021417	3	1
ENSMZEG00005021418	0	0
ENSMZEG00005021419	0	0
ENSMZEG00005021420	0	0
ENSMZEG00005021421	0	0
ENSMZEG00005021422	0	0
ENSMZEG00005021423	0	0
ENSMZEG00005021424	0	0
ENSMZEG00005021425	0	0
ENSMZEG00005021426	0	0
ENSMZEG00005021427	0	0
ENSMZEG00005021428	4	2
ENSMZEG00005021429	11	20
ENSMZEG00005021430	0	1
ENSMZEG00005021431	0	0
ENSMZEG00005021432	2	3
ENSMZEG00005021433	1	5
ENSMZEG00005021434	16	3
ENSMZEG00005021435	29	249
ENSMZEG00005021436	0	0
ENSMZEG00005021437	1	0
ENSMZEG00005021438	2	16
ENSMZEG00005021439	0	0
ENSMZEG00005021440	17	9
ENSMZEG00005021441	0	1
ENSMZEG00005021442	8	23
ENSMZEG00005021443	1	0
ENSMZEG00005021444	5	15
ENSMZEG00005021445	0	0
ENSMZEG00005021446	0	0
ENSMZEG00005021447	0	0
ENSMZEG00005021448	4	0
ENSMZEG00005021449	11	19
ENSMZEG00005021450	2	0
ENSMZEG00005021451	3	3
ENSMZEG00005021452	10	0
ENSMZEG00005021453	1	6
ENSMZEG00005021454	0	16
ENSMZEG00005021455	8	8
ENSMZEG00005021456	1	1
ENSMZEG00005021457	0	2
ENSMZEG00005021458	0	0
ENSMZEG00005021459	0	1
ENSMZEG00005021460	0	1
ENSMZEG00005021461	0	0
ENSMZEG00005021462	14	10
ENSMZEG00005021463	8	5
ENSMZEG00005021464	0	0
ENSMZEG00005021465	19	3
ENSMZEG00005021466	0	0
ENSMZEG00005021467	6	7
ENSMZEG00005021468	0	0
ENSMZEG00005021469	0	0
ENSMZEG00005021470	1	0
ENSMZEG00005021471	1	0
ENSMZEG00005021472	0	5
ENSMZEG00005021473	0	0
ENSMZEG00005021474	42	8
ENSMZEG00005021475	0	2
ENSMZEG00005021476	193	23
ENSMZEG00005021477	0	0
ENSMZEG00005021478	139	1032
ENSMZEG00005021479	0	1
ENSMZEG00005021480	0	0
ENSMZEG00005021481	1	0
ENSMZEG00005021482	83	264
ENSMZEG00005021483	1	9
ENSMZEG00005021484	1	0
ENSMZEG00005021485	2	30
ENSMZEG00005021486	153	19
ENSMZEG00005021487	0	0
ENSMZEG00005021488	1	1
ENSMZEG00005021489	0	0
ENSMZEG00005021490	0	3
ENSMZEG00005021491	5	3
ENSMZEG00005021492	0	0
ENSMZEG00005021493	8	4
ENSMZEG00005021494	0	0
ENSMZEG00005021495	15	3
ENSMZEG00005021496	0	1
ENSMZEG00005021497	0	0
ENSMZEG00005021498	340	75
ENSMZEG00005021499	4	1
ENSMZEG00005021500	0	0
ENSMZEG00005021501	3	2
ENSMZEG00005021502	0	14
ENSMZEG00005021503	0	0
ENSMZEG00005021504	0	3
ENSMZEG00005021505	1	0
ENSMZEG00005021506	0	0
ENSMZEG00005021507	0	0
ENSMZEG00005021508	0	0
ENSMZEG00005021509	0	0
ENSMZEG00005021510	6	13
ENSMZEG00005021511	1	3
ENSMZEG00005021512	0	0
ENSMZEG00005021513	1	0
ENSMZEG00005021514	0	0
ENSMZEG00005021515	0	0
ENSMZEG00005021516	0	0
ENSMZEG00005021517	0	0
ENSMZEG00005021518	0	0
ENSMZEG00005021519	0	0
ENSMZEG00005021520	0	0
ENSMZEG00005021521	2	3
ENSMZEG00005021522	0	0
ENSMZEG00005021523	0	0
ENSMZEG00005021524	0	4
ENSMZEG00005021525	0	0
ENSMZEG00005021526	0	0
ENSMZEG00005021527	26	2
ENSMZEG00005021528	0	9
ENSMZEG00005021529	6	1
ENSMZEG00005021530	0	0
ENSMZEG00005021531	0	8
ENSMZEG00005021532	1	3
ENSMZEG00005021533	4	0
ENSMZEG00005021534	24	10
ENSMZEG00005021535	0	2
ENSMZEG00005021536	547	513
ENSMZEG00005021537	1	2
ENSMZEG00005021538	7	25
ENSMZEG00005021539	2	12
ENSMZEG00005021540	0	1
ENSMZEG00005021541	6	3
ENSMZEG00005021542	484	767
ENSMZEG00005021543	0	0
ENSMZEG00005021544	3	0
ENSMZEG00005021545	4	0
ENSMZEG00005021546	526	199
ENSMZEG00005021547	5	16
ENSMZEG00005021548	0	0
ENSMZEG00005021549	263	968
ENSMZEG00005021550	0	0
ENSMZEG00005021551	0	0
ENSMZEG00005021552	8	1
ENSMZEG00005021553	45	131
ENSMZEG00005021554	2	3
ENSMZEG00005021555	4	0
ENSMZEG00005021556	3	2
ENSMZEG00005021557	2	1
ENSMZEG00005021558	0	0
ENSMZEG00005021559	2	0
ENSMZEG00005021560	0	1
ENSMZEG00005021561	11	4
ENSMZEG00005021562	2	1
ENSMZEG00005021563	2	0
ENSMZEG00005021564	0	0
ENSMZEG00005021565	8	1
ENSMZEG00005021566	0	0
ENSMZEG00005021567	1	0
ENSMZEG00005021568	2	0
ENSMZEG00005021569	67	3
ENSMZEG00005021570	0	0
ENSMZEG00005021571	1	10
ENSMZEG00005021572	0	0
ENSMZEG00005021573	0	0
ENSMZEG00005021574	0	0
ENSMZEG00005021575	0	0
ENSMZEG00005021576	0	30
ENSMZEG00005021577	1	0
ENSMZEG00005021578	0	0
ENSMZEG00005021579	2	23
ENSMZEG00005021580	4	9
ENSMZEG00005021581	0	0
ENSMZEG00005021582	4	3
ENSMZEG00005021583	1	0
ENSMZEG00005021584	2	3
ENSMZEG00005021585	0	1
ENSMZEG00005021586	3383	2755
ENSMZEG00005021587	3	0
ENSMZEG00005021588	3	4
ENSMZEG00005021589	3	8
ENSMZEG00005021590	15	21
ENSMZEG00005021591	11	1
ENSMZEG00005021592	160	1299
ENSMZEG00005021593	6	15
ENSMZEG00005021594	0	0
ENSMZEG00005021595	5	15
ENSMZEG00005021596	0	0
ENSMZEG00005021597	0	0
ENSMZEG00005021598	5	16
ENSMZEG00005021599	81	94
ENSMZEG00005021600	855	160
ENSMZEG00005021601	0	0
ENSMZEG00005021602	0	0
ENSMZEG00005021603	1	0
ENSMZEG00005021604	676	396
ENSMZEG00005021605	0	6
ENSMZEG00005021606	0	0
ENSMZEG00005021607	0	1
ENSMZEG00005021608	1	0
ENSMZEG00005021609	592	1299
ENSMZEG00005021610	390	557
ENSMZEG00005021611	0	0
ENSMZEG00005021612	1	0
ENSMZEG00005021613	2	5
ENSMZEG00005021614	0	0
ENSMZEG00005021615	3	2
ENSMZEG00005021616	0	2
ENSMZEG00005021617	0	2
ENSMZEG00005021618	3	1
ENSMZEG00005021619	9	0
ENSMZEG00005021620	0	0
ENSMZEG00005021621	1	0
ENSMZEG00005021622	1	0
ENSMZEG00005021623	0	3
ENSMZEG00005021624	6	0
ENSMZEG00005021625	3	8
ENSMZEG00005021626	1	0
ENSMZEG00005021627	0	0
ENSMZEG00005021628	5	2
ENSMZEG00005021629	1	0
ENSMZEG00005021630	0	0
ENSMZEG00005021631	0	0
ENSMZEG00005021632	5	8
ENSMZEG00005021633	3	6
ENSMZEG00005021634	0	1
ENSMZEG00005021635	2	0
ENSMZEG00005021636	6	1
ENSMZEG00005021637	0	0
ENSMZEG00005021638	14	7
ENSMZEG00005021639	0	0
ENSMZEG00005021640	6	0
ENSMZEG00005021641	3	22
ENSMZEG00005021642	0	0
ENSMZEG00005021643	0	3
ENSMZEG00005021644	10	7
ENSMZEG00005021645	2	0
ENSMZEG00005021646	0	0
ENSMZEG00005021647	2	0
ENSMZEG00005021648	0	0
ENSMZEG00005021649	0	0
ENSMZEG00005021650	0	0
ENSMZEG00005021651	7	1
ENSMZEG00005021652	28	33
ENSMZEG00005021653	2	1
ENSMZEG00005021654	8	0
ENSMZEG00005021655	2	3
ENSMZEG00005021656	7	1
ENSMZEG00005021657	0	0
ENSMZEG00005021658	1	4
ENSMZEG00005021659	9	30
ENSMZEG00005021660	12	3
ENSMZEG00005021661	0	0
ENSMZEG00005021662	0	0
ENSMZEG00005021663	2	2
ENSMZEG00005021664	0	4
ENSMZEG00005021665	0	2
ENSMZEG00005021666	3	18
ENSMZEG00005021667	2	1
ENSMZEG00005021668	0	0
ENSMZEG00005021669	11	2
ENSMZEG00005021670	3	0
ENSMZEG00005021671	0	0
ENSMZEG00005021672	0	0
ENSMZEG00005021673	2	1
ENSMZEG00005021674	0	0
ENSMZEG00005021675	20	14
ENSMZEG00005021676	5	1
ENSMZEG00005021677	0	0
ENSMZEG00005021678	0	0
ENSMZEG00005021679	11	0
ENSMZEG00005021680	0	0
ENSMZEG00005021681	0	0
ENSMZEG00005021682	2	0
ENSMZEG00005021683	0	0
ENSMZEG00005021684	16	1
ENSMZEG00005021685	2	1
ENSMZEG00005021686	0	0
ENSMZEG00005021687	0	0
ENSMZEG00005021688	139	8
ENSMZEG00005021689	0	1
ENSMZEG00005021690	0	1
ENSMZEG00005021691	3	1
ENSMZEG00005021692	1	0
ENSMZEG00005021693	5	6
ENSMZEG00005021694	0	0
ENSMZEG00005021695	0	0
ENSMZEG00005021696	9	6
ENSMZEG00005021697	4	8
ENSMZEG00005021698	0	0
ENSMZEG00005021699	0	0
ENSMZEG00005021700	13	11
ENSMZEG00005021701	3	0
ENSMZEG00005021702	2	2
ENSMZEG00005021703	1	2
ENSMZEG00005021704	1	1
ENSMZEG00005021705	0	0
ENSMZEG00005021706	1	0
ENSMZEG00005021707	0	1
ENSMZEG00005021708	0	0
ENSMZEG00005021709	4	64
ENSMZEG00005021710	3031	3223
ENSMZEG00005021711	113	108
ENSMZEG00005021712	1	0
ENSMZEG00005021713	7	22
ENSMZEG00005021714	1	0
ENSMZEG00005021715	4	1
ENSMZEG00005021716	0	0
ENSMZEG00005021717	19	3
ENSMZEG00005021718	253	484
ENSMZEG00005021719	0	12
ENSMZEG00005021720	36	20
ENSMZEG00005021721	1	0
ENSMZEG00005021722	0	0
ENSMZEG00005021723	0	0
ENSMZEG00005021724	96	8
ENSMZEG00005021725	2	6
ENSMZEG00005021726	0	0
ENSMZEG00005021727	0	0
ENSMZEG00005021728	1	0
ENSMZEG00005021729	0	1
ENSMZEG00005021730	1458	1218
ENSMZEG00005021731	5	1
ENSMZEG00005021732	0	0
ENSMZEG00005021733	0	0
ENSMZEG00005021734	2	1
ENSMZEG00005021735	0	0
ENSMZEG00005021736	0	0
ENSMZEG00005021737	14	6
ENSMZEG00005021738	0	1
ENSMZEG00005021739	4	1
ENSMZEG00005021740	0	0
ENSMZEG00005021741	1	0
ENSMZEG00005021742	0	0
ENSMZEG00005021743	5	18
ENSMZEG00005021744	0	2
ENSMZEG00005021745	15	22
ENSMZEG00005021746	0	0
ENSMZEG00005021747	1	0
ENSMZEG00005021748	1	1
ENSMZEG00005021749	47	149
ENSMZEG00005021750	0	3
ENSMZEG00005021751	0	0
ENSMZEG00005021752	0	0
ENSMZEG00005021753	0	0
ENSMZEG00005021754	3	14
ENSMZEG00005021755	0	0
ENSMZEG00005021756	4	0
ENSMZEG00005021757	1	0
ENSMZEG00005021758	11	4
ENSMZEG00005021759	0	0
ENSMZEG00005021760	2	2
ENSMZEG00005021761	5	1
ENSMZEG00005021762	0	0
ENSMZEG00005021763	0	2
ENSMZEG00005021764	0	0
ENSMZEG00005021765	0	0
ENSMZEG00005021766	0	0
ENSMZEG00005021767	0	1
ENSMZEG00005021768	72	224
ENSMZEG00005021769	1	0
ENSMZEG00005021770	0	0
ENSMZEG00005021771	0	0
ENSMZEG00005021772	0	5
ENSMZEG00005021773	0	0
ENSMZEG00005021774	0	0
ENSMZEG00005021775	3	0
ENSMZEG00005021776	0	1
ENSMZEG00005021777	0	0
ENSMZEG00005021778	0	2
ENSMZEG00005021779	0	0
ENSMZEG00005021780	1	0
ENSMZEG00005021781	0	0
ENSMZEG00005021782	0	2
ENSMZEG00005021783	1	1
ENSMZEG00005021784	0	1
ENSMZEG00005021785	0	0
ENSMZEG00005021786	7	2
ENSMZEG00005021787	0	4
ENSMZEG00005021788	0	0
ENSMZEG00005021789	0	0
ENSMZEG00005021790	2	2
ENSMZEG00005021791	1	3
ENSMZEG00005021792	0	26
ENSMZEG00005021793	0	0
ENSMZEG00005021794	0	9
ENSMZEG00005021795	0	0
ENSMZEG00005021796	0	3
ENSMZEG00005021797	0	0
ENSMZEG00005021798	0	1
ENSMZEG00005021799	0	0
ENSMZEG00005021800	0	0
ENSMZEG00005021801	0	0
ENSMZEG00005021802	152	215
ENSMZEG00005021803	0	0
ENSMZEG00005021804	0	0
ENSMZEG00005021805	0	0
ENSMZEG00005021806	0	0
ENSMZEG00005021807	5	10
ENSMZEG00005021808	1	0
ENSMZEG00005021809	0	0
ENSMZEG00005021810	0	1
ENSMZEG00005021811	0	0
ENSMZEG00005021812	6	7
ENSMZEG00005021813	10	5
ENSMZEG00005021814	0	0
ENSMZEG00005021815	0	0
ENSMZEG00005021816	2395	15558
ENSMZEG00005021817	0	0
ENSMZEG00005021818	3	1
ENSMZEG00005021819	1	0
ENSMZEG00005021820	1	0
ENSMZEG00005021821	16	16
ENSMZEG00005021822	593	516
ENSMZEG00005021823	5	16
ENSMZEG00005021824	195	314
ENSMZEG00005021825	1	8
ENSMZEG00005021826	5	1
ENSMZEG00005021827	1	0
ENSMZEG00005021828	0	6
ENSMZEG00005021829	2	2
ENSMZEG00005021830	0	0
ENSMZEG00005021831	0	0
ENSMZEG00005021832	0	2
ENSMZEG00005021833	0	0
ENSMZEG00005021834	0	0
ENSMZEG00005021835	0	0
ENSMZEG00005021836	4	15
ENSMZEG00005021837	0	0
ENSMZEG00005021838	0	0
ENSMZEG00005021839	0	0
ENSMZEG00005021840	0	0
ENSMZEG00005021841	0	0
ENSMZEG00005021842	111	163
ENSMZEG00005021843	0	0
ENSMZEG00005021844	0	0
ENSMZEG00005021845	4	7
ENSMZEG00005021846	0	0
ENSMZEG00005021847	3	0
ENSMZEG00005021848	0	0
ENSMZEG00005021849	0	0
ENSMZEG00005021850	0	0
ENSMZEG00005021851	1	0
ENSMZEG00005021852	0	1
ENSMZEG00005021853	1	0
ENSMZEG00005021854	0	2
ENSMZEG00005021855	0	0
ENSMZEG00005021856	0	0
ENSMZEG00005021857	0	0
ENSMZEG00005021858	1983	331
ENSMZEG00005021859	2	6
ENSMZEG00005021860	0	0
ENSMZEG00005021861	0	0
ENSMZEG00005021862	0	0
ENSMZEG00005021863	0	0
ENSMZEG00005021864	0	0
ENSMZEG00005021865	0	3
ENSMZEG00005021866	0	0
ENSMZEG00005021867	1	4
ENSMZEG00005021868	1	0
ENSMZEG00005021869	3	3
ENSMZEG00005021870	17	3
ENSMZEG00005021871	1	0
ENSMZEG00005021872	0	0
ENSMZEG00005021873	0	0
ENSMZEG00005021874	6	8
ENSMZEG00005021875	1	0
ENSMZEG00005021876	3	0
ENSMZEG00005021877	0	0
ENSMZEG00005021878	0	1
ENSMZEG00005021879	0	0
ENSMZEG00005021880	0	0
ENSMZEG00005021881	0	0
ENSMZEG00005021882	1	0
ENSMZEG00005021883	0	0
ENSMZEG00005021884	0	0
ENSMZEG00005021885	0	3
ENSMZEG00005021886	3	0
ENSMZEG00005021887	0	3
ENSMZEG00005021888	1	0
ENSMZEG00005021889	0	1
ENSMZEG00005021890	0	0
ENSMZEG00005021891	0	0
ENSMZEG00005021892	47	22
ENSMZEG00005021893	18	106
ENSMZEG00005021894	0	0
ENSMZEG00005021895	7	44
ENSMZEG00005021896	0	3
ENSMZEG00005021897	6	23
ENSMZEG00005021898	0	3
ENSMZEG00005021899	0	0
ENSMZEG00005021900	5	1
ENSMZEG00005021901	0	0
ENSMZEG00005021902	0	5
ENSMZEG00005021903	0	0
ENSMZEG00005021904	8	2
ENSMZEG00005021905	0	0
ENSMZEG00005021906	0	0
ENSMZEG00005021907	0	0
ENSMZEG00005021908	234	20
ENSMZEG00005021909	0	1
ENSMZEG00005021910	0	0
ENSMZEG00005021911	0	0
ENSMZEG00005021912	3	0
ENSMZEG00005021913	3	0
ENSMZEG00005021914	0	0
ENSMZEG00005021915	0	0
ENSMZEG00005021916	1	0
ENSMZEG00005021917	2	0
ENSMZEG00005021918	0	0
ENSMZEG00005021919	9	14
ENSMZEG00005021920	4	4
ENSMZEG00005021921	0	0
ENSMZEG00005021922	1	0
ENSMZEG00005021923	0	0
ENSMZEG00005021924	10	10
ENSMZEG00005021925	0	0
ENSMZEG00005021926	9	1
ENSMZEG00005021927	3	5
ENSMZEG00005021928	0	0
ENSMZEG00005021929	4	36
ENSMZEG00005021930	0	0
ENSMZEG00005021931	8	13
ENSMZEG00005021932	1	6
ENSMZEG00005021933	18	9
ENSMZEG00005021934	5	0
ENSMZEG00005021935	0	2
ENSMZEG00005021936	12	0
ENSMZEG00005021937	7	13
ENSMZEG00005021938	0	0
ENSMZEG00005021939	11	6
ENSMZEG00005021940	0	0
ENSMZEG00005021941	996	4460
ENSMZEG00005021942	1	0
ENSMZEG00005021943	62	68
ENSMZEG00005021944	3	3
ENSMZEG00005021945	0	4
ENSMZEG00005021946	2	1
ENSMZEG00005021947	11	9
ENSMZEG00005021948	11	32
ENSMZEG00005021949	0	2
ENSMZEG00005021950	3	2
ENSMZEG00005021951	0	0
ENSMZEG00005021952	28	18
ENSMZEG00005021953	1	3
ENSMZEG00005021954	0	1
ENSMZEG00005021955	1	0
ENSMZEG00005021956	2	0
ENSMZEG00005021957	1	0
ENSMZEG00005021958	0	0
ENSMZEG00005021959	9	4
ENSMZEG00005021960	12	0
ENSMZEG00005021961	0	0
ENSMZEG00005021962	9484	3508
ENSMZEG00005021963	0	0
ENSMZEG00005021964	157	178
ENSMZEG00005021965	0	1
ENSMZEG00005021966	0	0
ENSMZEG00005021967	1	2
ENSMZEG00005021968	5	21
ENSMZEG00005021969	0	0
ENSMZEG00005021970	22	14
ENSMZEG00005021971	0	3
ENSMZEG00005021972	0	0
ENSMZEG00005021973	0	0
ENSMZEG00005021974	3	2
ENSMZEG00005021975	0	1
ENSMZEG00005021976	0	0
ENSMZEG00005021977	3	0
ENSMZEG00005021978	0	0
ENSMZEG00005021979	28	14
ENSMZEG00005021980	0	0
ENSMZEG00005021981	0	0
ENSMZEG00005021982	117	106
ENSMZEG00005021983	5	5
ENSMZEG00005021984	1	1
ENSMZEG00005021985	1	2
ENSMZEG00005021986	15	6
ENSMZEG00005021987	0	0
ENSMZEG00005021988	0	0
ENSMZEG00005021989	0	0
ENSMZEG00005021990	0	0
ENSMZEG00005021991	9	27
ENSMZEG00005021992	0	1
ENSMZEG00005021993	0	0
ENSMZEG00005021994	0	0
ENSMZEG00005021995	0	0
ENSMZEG00005021996	0	0
ENSMZEG00005021997	47	13
ENSMZEG00005021998	0	0
ENSMZEG00005021999	0	0
ENSMZEG00005022000	0	0
ENSMZEG00005022001	301	54
ENSMZEG00005022002	0	0
ENSMZEG00005022003	0	0
ENSMZEG00005022004	0	0
ENSMZEG00005022005	177	22
ENSMZEG00005022006	5	5
ENSMZEG00005022007	0	0
ENSMZEG00005022008	273784	83494
ENSMZEG00005022009	10	9
ENSMZEG00005022010	0	0
ENSMZEG00005022011	0	0
ENSMZEG00005022012	0	0
ENSMZEG00005022013	11	3
ENSMZEG00005022014	2	0
ENSMZEG00005022015	0	0
ENSMZEG00005022016	0	0
ENSMZEG00005022017	3	0
ENSMZEG00005022018	1	0
ENSMZEG00005022019	0	0
ENSMZEG00005022020	0	4
ENSMZEG00005022021	4	2
ENSMZEG00005022022	11	1
ENSMZEG00005022023	1	8
ENSMZEG00005022024	3	10
ENSMZEG00005022025	1	0
ENSMZEG00005022026	11	6
ENSMZEG00005022027	1	0
ENSMZEG00005022028	9	2
ENSMZEG00005022029	0	0
ENSMZEG00005022030	0	2
ENSMZEG00005022031	0	0
ENSMZEG00005022032	5	13
ENSMZEG00005022033	4	4
ENSMZEG00005022034	859	746
ENSMZEG00005022035	13	2
ENSMZEG00005022036	1633	1775
ENSMZEG00005022037	10	1
ENSMZEG00005022038	0	1
ENSMZEG00005022039	17	146
ENSMZEG00005022040	4	1
ENSMZEG00005022041	0	1
ENSMZEG00005022042	9	0
ENSMZEG00005022043	2	2
ENSMZEG00005022044	0	0
ENSMZEG00005022045	2	6
ENSMZEG00005022046	3	2
ENSMZEG00005022047	0	0
ENSMZEG00005022048	13	4
ENSMZEG00005022049	1	1
ENSMZEG00005022050	0	0
ENSMZEG00005022051	0	0
ENSMZEG00005022052	0	0
ENSMZEG00005022053	11	5
ENSMZEG00005022054	9	3
ENSMZEG00005022055	3	0
ENSMZEG00005022056	0	0
ENSMZEG00005022057	5	6
ENSMZEG00005022058	6	0
ENSMZEG00005022059	0	0
ENSMZEG00005022060	0	0
ENSMZEG00005022061	700	560
ENSMZEG00005022062	0	0
ENSMZEG00005022063	1	0
ENSMZEG00005022064	0	0
ENSMZEG00005022065	9	4
ENSMZEG00005022066	3	1
ENSMZEG00005022067	0	0
ENSMZEG00005022068	310	205
ENSMZEG00005022069	0	0
ENSMZEG00005022070	2	2
ENSMZEG00005022071	0	0
ENSMZEG00005022072	0	0
ENSMZEG00005022073	32	24
ENSMZEG00005022074	8	0
ENSMZEG00005022075	3	0
ENSMZEG00005022076	0	0
ENSMZEG00005022077	0	0
ENSMZEG00005022078	4	1
ENSMZEG00005022079	12	2
ENSMZEG00005022080	0	0
ENSMZEG00005022081	11	3
ENSMZEG00005022082	6	4
ENSMZEG00005022083	1	1
ENSMZEG00005022084	0	0
ENSMZEG00005022085	0	0
ENSMZEG00005022086	949	139
ENSMZEG00005022087	0	0
ENSMZEG00005022088	0	0
ENSMZEG00005022089	1	3
ENSMZEG00005022090	17	10
ENSMZEG00005022091	2	1
ENSMZEG00005022092	0	4
ENSMZEG00005022093	3	4
ENSMZEG00005022094	5	20
ENSMZEG00005022095	0	0
ENSMZEG00005022096	6	0
ENSMZEG00005022097	245	36
ENSMZEG00005022098	4	18
ENSMZEG00005022099	1919	2220
ENSMZEG00005022100	3	3
ENSMZEG00005022101	2287	1820
ENSMZEG00005022102	109890	28388
ENSMZEG00005022103	53	46
ENSMZEG00005022104	4	1
ENSMZEG00005022105	6275	3206
ENSMZEG00005022106	0	0
ENSMZEG00005022107	6108	48350
ENSMZEG00005022108	2	0
ENSMZEG00005022109	0	0
ENSMZEG00005022110	106	122
ENSMZEG00005022111	0	0
ENSMZEG00005022112	2	1
ENSMZEG00005022113	0	0
ENSMZEG00005022114	8	0
ENSMZEG00005022115	5	1
ENSMZEG00005022116	1	0
ENSMZEG00005022117	6	4
ENSMZEG00005022118	38	5
ENSMZEG00005022119	265	53
ENSMZEG00005022120	2	3
ENSMZEG00005022121	0	0
ENSMZEG00005022122	0	0
ENSMZEG00005022123	0	0
ENSMZEG00005022124	6	2
ENSMZEG00005022125	848	99
ENSMZEG00005022126	25	302
ENSMZEG00005022127	0	0
ENSMZEG00005022128	51	5
ENSMZEG00005022129	6	3
ENSMZEG00005022130	0	0
ENSMZEG00005022131	697	520
ENSMZEG00005022132	0	0
ENSMZEG00005022133	1	0
ENSMZEG00005022134	0	0
ENSMZEG00005022135	0	0
ENSMZEG00005022136	0	0
ENSMZEG00005022137	0	0
ENSMZEG00005022138	0	0
ENSMZEG00005022139	512	597
ENSMZEG00005022140	0	0
ENSMZEG00005022141	0	0
ENSMZEG00005022142	0	0
ENSMZEG00005022143	0	0
ENSMZEG00005022144	0	0
ENSMZEG00005022145	0	0
ENSMZEG00005022146	18	0
ENSMZEG00005022147	0	0
ENSMZEG00005022148	11	15
ENSMZEG00005022149	0	2
ENSMZEG00005022150	10	15
ENSMZEG00005022151	3	0
ENSMZEG00005022152	1	3
ENSMZEG00005022153	0	0
ENSMZEG00005022154	1	2
ENSMZEG00005022155	0	0
ENSMZEG00005022156	716	181
ENSMZEG00005022157	5	3
ENSMZEG00005022158	9	0
ENSMZEG00005022159	2	2
ENSMZEG00005022160	0	0
ENSMZEG00005022161	0	0
ENSMZEG00005022162	0	0
ENSMZEG00005022163	0	0
ENSMZEG00005022164	0	0
ENSMZEG00005022165	0	0
ENSMZEG00005022166	2	2
ENSMZEG00005022167	0	0
ENSMZEG00005022168	0	0
ENSMZEG00005022169	0	0
ENSMZEG00005022170	1	0
ENSMZEG00005022171	2	1
ENSMZEG00005022172	0	0
ENSMZEG00005022173	0	0
ENSMZEG00005022174	0	0
ENSMZEG00005022175	0	0
ENSMZEG00005022176	424	527
ENSMZEG00005022177	0	0
ENSMZEG00005022178	0	0
ENSMZEG00005022179	0	0
ENSMZEG00005022180	0	4
ENSMZEG00005022181	62	14
ENSMZEG00005022182	2	0
ENSMZEG00005022183	0	0
ENSMZEG00005022184	0	0
ENSMZEG00005022185	9	5
ENSMZEG00005022186	5	2
ENSMZEG00005022187	0	0
ENSMZEG00005022188	0	0
ENSMZEG00005022189	4	4
ENSMZEG00005022190	0	0
ENSMZEG00005022191	0	0
ENSMZEG00005022192	2	0
ENSMZEG00005022193	28	20
ENSMZEG00005022194	0	0
ENSMZEG00005022195	0	0
ENSMZEG00005022196	0	0
ENSMZEG00005022197	4	4
ENSMZEG00005022198	0	0
ENSMZEG00005022199	0	2
ENSMZEG00005022200	0	0
ENSMZEG00005022201	0	1
ENSMZEG00005022202	0	0
ENSMZEG00005022203	2	2
ENSMZEG00005022204	0	0
ENSMZEG00005022205	2	3
ENSMZEG00005022206	0	0
ENSMZEG00005022207	151	92
ENSMZEG00005022208	0	0
ENSMZEG00005022209	1	0
ENSMZEG00005022210	0	0
ENSMZEG00005022211	0	0
ENSMZEG00005022212	23	19
ENSMZEG00005022213	0	1
ENSMZEG00005022214	4	0
ENSMZEG00005022215	0	0
ENSMZEG00005022216	0	0
ENSMZEG00005022217	0	0
ENSMZEG00005022218	0	0
ENSMZEG00005022219	1	5
ENSMZEG00005022220	1	0
ENSMZEG00005022221	0	0
ENSMZEG00005022222	0	0
ENSMZEG00005022223	0	0
ENSMZEG00005022224	1	3
ENSMZEG00005022225	0	5
ENSMZEG00005022226	0	0
ENSMZEG00005022227	0	0
ENSMZEG00005022228	10	0
ENSMZEG00005022229	0	0
ENSMZEG00005022230	1	1
ENSMZEG00005022231	0	0
ENSMZEG00005022232	4	1
ENSMZEG00005022233	5	0
ENSMZEG00005022234	0	0
ENSMZEG00005022235	1	1
ENSMZEG00005022236	0	0
ENSMZEG00005022237	0	0
ENSMZEG00005022238	1801	2114
ENSMZEG00005022239	0	0
ENSMZEG00005022240	0	0
ENSMZEG00005022241	0	1
ENSMZEG00005022242	0	2
ENSMZEG00005022243	957	1886
ENSMZEG00005022244	0	0
ENSMZEG00005022245	0	0
ENSMZEG00005022246	9	0
ENSMZEG00005022247	0	0
ENSMZEG00005022248	0	4
ENSMZEG00005022249	0	3
ENSMZEG00005022250	5	5
ENSMZEG00005022251	6	0
ENSMZEG00005022252	199	41
ENSMZEG00005022253	0	0
ENSMZEG00005022254	2	0
ENSMZEG00005022255	1	0
ENSMZEG00005022256	322	2899
ENSMZEG00005022257	0	0
ENSMZEG00005022258	2	1
ENSMZEG00005022259	0	0
ENSMZEG00005022260	1	0
ENSMZEG00005022261	2	2
ENSMZEG00005022262	2	0
ENSMZEG00005022263	0	0
ENSMZEG00005022264	0	2
ENSMZEG00005022265	7	1
ENSMZEG00005022266	1	0
ENSMZEG00005022267	0	0
ENSMZEG00005022268	5	0
ENSMZEG00005022269	6	2
ENSMZEG00005022270	0	0
ENSMZEG00005022271	0	2
ENSMZEG00005022272	0	2
ENSMZEG00005022273	0	0
ENSMZEG00005022274	4	5
ENSMZEG00005022275	6	0
ENSMZEG00005022276	2	6
ENSMZEG00005022277	0	0
ENSMZEG00005022278	0	0
ENSMZEG00005022279	1	15
ENSMZEG00005022280	0	0
ENSMZEG00005022281	1	13
ENSMZEG00005022282	1	6
ENSMZEG00005022283	0	0
ENSMZEG00005022284	2	25
ENSMZEG00005022285	2	15
ENSMZEG00005022286	120	347
ENSMZEG00005022287	0	1
ENSMZEG00005022288	1	0
ENSMZEG00005022289	10	4
ENSMZEG00005022290	0	0
ENSMZEG00005022291	1	0
ENSMZEG00005022292	5	0
ENSMZEG00005022293	0	0
ENSMZEG00005022294	614	226
ENSMZEG00005022295	7	89
ENSMZEG00005022296	0	0
ENSMZEG00005022297	1	0
ENSMZEG00005022298	0	0
ENSMZEG00005022299	0	0
ENSMZEG00005022300	0	0
ENSMZEG00005022301	1971	457
ENSMZEG00005022302	0	0
ENSMZEG00005022303	0	0
ENSMZEG00005022304	37	2
ENSMZEG00005022305	437	42
ENSMZEG00005022306	1	10
ENSMZEG00005022307	2	2
ENSMZEG00005022308	0	6
ENSMZEG00005022309	0	5
ENSMZEG00005022310	20	13
ENSMZEG00005022311	0	0
ENSMZEG00005022312	0	0
ENSMZEG00005022313	0	0
ENSMZEG00005022314	0	0
ENSMZEG00005022315	0	0
ENSMZEG00005022316	0	0
ENSMZEG00005022317	0	10
ENSMZEG00005022318	2	1
ENSMZEG00005022319	1	9
ENSMZEG00005022320	0	0
ENSMZEG00005022321	0	0
ENSMZEG00005022322	0	0
ENSMZEG00005022323	4	19
ENSMZEG00005022324	1	0
ENSMZEG00005022325	1	0
ENSMZEG00005022326	3	0
ENSMZEG00005022327	1	0
ENSMZEG00005022328	147	77
ENSMZEG00005022329	13361	16745
ENSMZEG00005022330	6	4
ENSMZEG00005022331	0	0
ENSMZEG00005022332	0	3
ENSMZEG00005022333	3	0
ENSMZEG00005022334	0	0
ENSMZEG00005022335	0	0
ENSMZEG00005022336	0	0
ENSMZEG00005022337	5	5
ENSMZEG00005022338	0	0
ENSMZEG00005022339	2	0
ENSMZEG00005022340	1	1
ENSMZEG00005022341	2	2
ENSMZEG00005022342	0	0
ENSMZEG00005022343	0	0
ENSMZEG00005022344	547	454
ENSMZEG00005022345	1436	1865
ENSMZEG00005022346	0	2
ENSMZEG00005022347	0	1
ENSMZEG00005022348	0	3
ENSMZEG00005022349	2	0
ENSMZEG00005022350	0	0
ENSMZEG00005022351	1	5
ENSMZEG00005022352	0	0
ENSMZEG00005022353	0	0
ENSMZEG00005022354	0	1
ENSMZEG00005022355	0	0
ENSMZEG00005022356	66	7
ENSMZEG00005022357	3	2
ENSMZEG00005022358	2	0
ENSMZEG00005022359	0	0
ENSMZEG00005022360	0	0
ENSMZEG00005022361	74	22
ENSMZEG00005022362	6	2
ENSMZEG00005022363	3	3
ENSMZEG00005022364	0	0
ENSMZEG00005022365	2	3
ENSMZEG00005022366	0	18
ENSMZEG00005022367	198	188
ENSMZEG00005022368	0	0
ENSMZEG00005022369	2	0
ENSMZEG00005022370	3	2
ENSMZEG00005022371	0	0
ENSMZEG00005022372	0	20
ENSMZEG00005022373	0	0
ENSMZEG00005022374	1	2
ENSMZEG00005022375	169	2
ENSMZEG00005022376	0	0
ENSMZEG00005022377	820	847
ENSMZEG00005022378	0	0
ENSMZEG00005022379	0	0
ENSMZEG00005022380	1	1
ENSMZEG00005022381	1	0
ENSMZEG00005022382	5	4
ENSMZEG00005022383	21	0
ENSMZEG00005022384	0	0
ENSMZEG00005022385	7	4
ENSMZEG00005022386	1	1
ENSMZEG00005022387	4	0
ENSMZEG00005022388	0	0
ENSMZEG00005022389	4	7
ENSMZEG00005022390	4	0
ENSMZEG00005022391	2	0
ENSMZEG00005022392	33	1
ENSMZEG00005022393	7	192
ENSMZEG00005022394	6000	628
ENSMZEG00005022395	0	3
ENSMZEG00005022396	22	0
ENSMZEG00005022397	0	3
ENSMZEG00005022398	1	1
ENSMZEG00005022399	5	0
ENSMZEG00005022400	34	24
ENSMZEG00005022401	3	2
ENSMZEG00005022402	0	0
ENSMZEG00005022403	240	201
ENSMZEG00005022404	17	3
ENSMZEG00005022405	52	9
ENSMZEG00005022406	4	1
ENSMZEG00005022407	2	11
ENSMZEG00005022408	6	21
ENSMZEG00005022409	0	0
ENSMZEG00005022410	0	0
ENSMZEG00005022411	0	1
ENSMZEG00005022412	0	0
ENSMZEG00005022413	0	1
ENSMZEG00005022414	0	0
ENSMZEG00005022415	0	1
ENSMZEG00005022416	0	0
ENSMZEG00005022417	0	0
ENSMZEG00005022418	0	0
ENSMZEG00005022419	0	0
ENSMZEG00005022420	9	1
ENSMZEG00005022421	3	1
ENSMZEG00005022422	0	0
ENSMZEG00005022423	0	0
ENSMZEG00005022424	6	9
ENSMZEG00005022425	2	0
ENSMZEG00005022426	0	0
ENSMZEG00005022427	3	2
ENSMZEG00005022428	0	0
ENSMZEG00005022429	1	2
ENSMZEG00005022430	70	13
ENSMZEG00005022431	0	0
ENSMZEG00005022432	0	0
ENSMZEG00005022433	0	0
ENSMZEG00005022434	0	0
ENSMZEG00005022435	3	9
ENSMZEG00005022436	0	0
ENSMZEG00005022437	0	0
ENSMZEG00005022438	0	0
ENSMZEG00005022439	0	0
ENSMZEG00005022440	0	0
ENSMZEG00005022441	1	5
ENSMZEG00005022442	0	1
ENSMZEG00005022443	0	0
ENSMZEG00005022444	22	2
ENSMZEG00005022445	1	1
ENSMZEG00005022446	7	21
ENSMZEG00005022447	0	1
ENSMZEG00005022448	0	0
ENSMZEG00005022449	1	5
ENSMZEG00005022450	71	124
ENSMZEG00005022451	0	0
ENSMZEG00005022452	78	135
ENSMZEG00005022453	5	2
ENSMZEG00005022454	0	0
ENSMZEG00005022455	0	0
ENSMZEG00005022456	0	0
ENSMZEG00005022457	0	1
ENSMZEG00005022458	2	4
ENSMZEG00005022459	0	0
ENSMZEG00005022460	0	0
ENSMZEG00005022461	0	4
ENSMZEG00005022462	0	0
ENSMZEG00005022463	2	1
ENSMZEG00005022464	0	0
ENSMZEG00005022465	0	0
ENSMZEG00005022466	4	2
ENSMZEG00005022467	0	0
ENSMZEG00005022468	2	4
ENSMZEG00005022469	2	1
ENSMZEG00005022470	16	115
ENSMZEG00005022471	18	28
ENSMZEG00005022472	3	0
ENSMZEG00005022473	232	447
ENSMZEG00005022474	0	0
ENSMZEG00005022475	0	0
ENSMZEG00005022476	137	2555
ENSMZEG00005022477	0	1
ENSMZEG00005022478	0	3
ENSMZEG00005022479	0	0
ENSMZEG00005022480	660	709
ENSMZEG00005022481	9	10
ENSMZEG00005022482	0	0
ENSMZEG00005022483	0	0
ENSMZEG00005022484	3026	633
ENSMZEG00005022485	0	0
ENSMZEG00005022486	0	0
ENSMZEG00005022487	0	0
ENSMZEG00005022488	0	0
ENSMZEG00005022489	0	2
ENSMZEG00005022490	5	2
ENSMZEG00005022491	0	0
ENSMZEG00005022492	0	0
ENSMZEG00005022493	0	1
ENSMZEG00005022494	7	11
ENSMZEG00005022495	4	9
ENSMZEG00005022496	13	4
ENSMZEG00005022497	0	0
ENSMZEG00005022498	0	0
ENSMZEG00005022499	2	0
ENSMZEG00005022500	2	0
ENSMZEG00005022501	1	0
ENSMZEG00005022502	0	0
ENSMZEG00005022503	139	171
ENSMZEG00005022504	3	0
ENSMZEG00005022505	2	9
ENSMZEG00005022506	5	12
ENSMZEG00005022507	2	0
ENSMZEG00005022508	0	0
ENSMZEG00005022509	0	0
ENSMZEG00005022510	1	1
ENSMZEG00005022511	0	2
ENSMZEG00005022512	0	0
ENSMZEG00005022513	1	0
ENSMZEG00005022514	0	0
ENSMZEG00005022515	0	0
ENSMZEG00005022516	1	0
ENSMZEG00005022517	0	0
ENSMZEG00005022518	0	0
ENSMZEG00005022519	0	0
ENSMZEG00005022520	0	1
ENSMZEG00005022521	59	273
ENSMZEG00005022522	0	0
ENSMZEG00005022523	6	5
ENSMZEG00005022524	0	0
ENSMZEG00005022525	0	2
ENSMZEG00005022526	0	0
ENSMZEG00005022527	517	237
ENSMZEG00005022528	40	13
ENSMZEG00005022529	0	1
ENSMZEG00005022530	0	0
ENSMZEG00005022531	0	0
ENSMZEG00005022532	0	0
ENSMZEG00005022533	0	0
ENSMZEG00005022534	4	2
ENSMZEG00005022535	3	19
ENSMZEG00005022536	276	141
ENSMZEG00005022537	2	0
ENSMZEG00005022538	1	0
ENSMZEG00005022539	90	160
ENSMZEG00005022540	1	2
ENSMZEG00005022541	0	0
ENSMZEG00005022542	0	0
ENSMZEG00005022543	2	2
ENSMZEG00005022544	10	11
ENSMZEG00005022545	2	1
ENSMZEG00005022546	0	1
ENSMZEG00005022547	0	0
ENSMZEG00005022548	0	1
ENSMZEG00005022549	0	7
ENSMZEG00005022550	20	0
ENSMZEG00005022551	0	1
ENSMZEG00005022552	1	5
ENSMZEG00005022553	616	117
ENSMZEG00005022554	109	109
ENSMZEG00005022555	20	4
ENSMZEG00005022556	2	2
ENSMZEG00005022557	9	7
ENSMZEG00005022558	7	25
ENSMZEG00005022559	139	1415
ENSMZEG00005022560	0	0
ENSMZEG00005022561	8	8
ENSMZEG00005022562	1	0
ENSMZEG00005022563	4	0
ENSMZEG00005022564	7	32
ENSMZEG00005022565	0	0
ENSMZEG00005022566	0	0
ENSMZEG00005022567	0	0
ENSMZEG00005022568	0	1
ENSMZEG00005022569	5	3
ENSMZEG00005022570	7	23
ENSMZEG00005022571	0	0
ENSMZEG00005022572	243	21
ENSMZEG00005022573	0	0
ENSMZEG00005022574	0	0
ENSMZEG00005022575	0	0
ENSMZEG00005022576	0	0
ENSMZEG00005022577	0	0
ENSMZEG00005022578	5	3
ENSMZEG00005022579	159	483
ENSMZEG00005022580	2	1
ENSMZEG00005022581	0	0
ENSMZEG00005022582	44	17
ENSMZEG00005022583	0	15
ENSMZEG00005022584	10	12
ENSMZEG00005022585	3	0
ENSMZEG00005022586	0	2
ENSMZEG00005022587	0	0
ENSMZEG00005022588	2	2
ENSMZEG00005022589	0	1
ENSMZEG00005022590	513	1081
ENSMZEG00005022591	0	0
ENSMZEG00005022592	1	0
ENSMZEG00005022593	1	0
ENSMZEG00005022594	9	3
ENSMZEG00005022595	0	0
ENSMZEG00005022596	147	576
ENSMZEG00005022597	1430	884
ENSMZEG00005022598	0	0
ENSMZEG00005022599	37	85
ENSMZEG00005022600	0	1
ENSMZEG00005022601	0	0
ENSMZEG00005022602	0	1
ENSMZEG00005022603	0	0
ENSMZEG00005022604	1	0
ENSMZEG00005022605	0	0
ENSMZEG00005022606	9	21
ENSMZEG00005022607	769	622
ENSMZEG00005022608	49	26
ENSMZEG00005022609	0	1
ENSMZEG00005022610	0	0
ENSMZEG00005022611	4	2
ENSMZEG00005022612	113058	21795
ENSMZEG00005022613	6	27
ENSMZEG00005022614	196	35
ENSMZEG00005022615	5	4
ENSMZEG00005022616	0	0
ENSMZEG00005022617	0	0
ENSMZEG00005022618	18	40
ENSMZEG00005022619	2	0
ENSMZEG00005022620	5	1
ENSMZEG00005022621	0	0
ENSMZEG00005022622	37	27
ENSMZEG00005022623	1229	1165
ENSMZEG00005022624	0	0
ENSMZEG00005022625	3	13
ENSMZEG00005022626	3	3
ENSMZEG00005022627	1649	11794
ENSMZEG00005022628	0	0
ENSMZEG00005022629	0	0
ENSMZEG00005022630	4	4
ENSMZEG00005022631	0	0
ENSMZEG00005022632	0	0
ENSMZEG00005022633	0	0
ENSMZEG00005022634	1	0
ENSMZEG00005022635	28	247
ENSMZEG00005022636	1	2
ENSMZEG00005022637	0	0
ENSMZEG00005022638	0	0
ENSMZEG00005022639	0	2
ENSMZEG00005022640	0	0
ENSMZEG00005022641	13	4
ENSMZEG00005022642	1	0
ENSMZEG00005022643	153696	30229
ENSMZEG00005022644	454	66
ENSMZEG00005022645	0	0
ENSMZEG00005022646	68	7
ENSMZEG00005022647	0	0
ENSMZEG00005022648	0	0
ENSMZEG00005022649	1	3
ENSMZEG00005022650	1	0
ENSMZEG00005022651	2	4
ENSMZEG00005022652	229	592
ENSMZEG00005022653	1	2
ENSMZEG00005022654	0	0
ENSMZEG00005022655	0	0
ENSMZEG00005022656	12	3
ENSMZEG00005022657	0	0
ENSMZEG00005022658	0	0
ENSMZEG00005022659	2	4
ENSMZEG00005022660	4	36
ENSMZEG00005022661	1	3
ENSMZEG00005022662	16	16
ENSMZEG00005022663	3	0
ENSMZEG00005022664	0	0
ENSMZEG00005022665	208	97
ENSMZEG00005022666	0	16
ENSMZEG00005022667	0	0
ENSMZEG00005022668	0	0
ENSMZEG00005022669	0	0
ENSMZEG00005022670	12	2
ENSMZEG00005022671	0	0
ENSMZEG00005022672	0	1
ENSMZEG00005022673	6	7
ENSMZEG00005022674	0	0
ENSMZEG00005022675	0	0
ENSMZEG00005022676	4	8
ENSMZEG00005022677	0	0
ENSMZEG00005022678	0	0
ENSMZEG00005022679	2	2
ENSMZEG00005022680	3	0
ENSMZEG00005022681	0	0
ENSMZEG00005022682	12	26
ENSMZEG00005022683	3	0
ENSMZEG00005022684	16	5
ENSMZEG00005022685	0	1
ENSMZEG00005022686	434	784
ENSMZEG00005022687	0	0
ENSMZEG00005022688	0	0
ENSMZEG00005022689	6	1
ENSMZEG00005022690	4	4
ENSMZEG00005022691	4	5
ENSMZEG00005022692	1	1
ENSMZEG00005022693	0	0
ENSMZEG00005022694	1	1
ENSMZEG00005022695	0	0
ENSMZEG00005022696	1	7
ENSMZEG00005022697	1	0
ENSMZEG00005022698	0	1
ENSMZEG00005022699	0	6
ENSMZEG00005022700	7	7
ENSMZEG00005022701	0	0
ENSMZEG00005022702	0	0
ENSMZEG00005022703	64	89
ENSMZEG00005022704	33	3
ENSMZEG00005022705	3	3
ENSMZEG00005022706	10	5
ENSMZEG00005022707	0	2
ENSMZEG00005022708	0	0
ENSMZEG00005022709	1	0
ENSMZEG00005022710	57	16
ENSMZEG00005022711	2	0
ENSMZEG00005022712	33	35
ENSMZEG00005022713	0	0
ENSMZEG00005022714	0	0
ENSMZEG00005022715	0	3
ENSMZEG00005022716	0	0
ENSMZEG00005022717	44	7
ENSMZEG00005022718	0	0
ENSMZEG00005022719	3	0
ENSMZEG00005022720	3	5
ENSMZEG00005022721	0	0
ENSMZEG00005022722	0	0
ENSMZEG00005022723	0	0
ENSMZEG00005022724	0	0
ENSMZEG00005022725	0	0
ENSMZEG00005022726	4	2
ENSMZEG00005022727	0	0
ENSMZEG00005022728	14	25
ENSMZEG00005022729	0	0
ENSMZEG00005022730	0	2
ENSMZEG00005022731	0	0
ENSMZEG00005022732	0	1
ENSMZEG00005022733	0	0
ENSMZEG00005022734	5	7
ENSMZEG00005022735	5	9
ENSMZEG00005022736	16	13
ENSMZEG00005022737	13	11
ENSMZEG00005022738	0	3
ENSMZEG00005022739	3	0
ENSMZEG00005022740	0	0
ENSMZEG00005022741	0	9
ENSMZEG00005022742	0	2
ENSMZEG00005022743	1	0
ENSMZEG00005022744	0	0
ENSMZEG00005022745	0	3
ENSMZEG00005022746	0	0
ENSMZEG00005022747	13	8
ENSMZEG00005022748	7	9
ENSMZEG00005022749	5	48
ENSMZEG00005022750	391	454
ENSMZEG00005022751	0	0
ENSMZEG00005022752	0	0
ENSMZEG00005022753	0	0
ENSMZEG00005022754	3	5
ENSMZEG00005022755	1	0
ENSMZEG00005022756	8	0
ENSMZEG00005022757	1	2
ENSMZEG00005022758	0	6
ENSMZEG00005022759	1	1
ENSMZEG00005022760	2	10
ENSMZEG00005022761	0	0
ENSMZEG00005022762	0	0
ENSMZEG00005022763	0	0
ENSMZEG00005022764	4	0
ENSMZEG00005022765	7	6
ENSMZEG00005022766	0	1
ENSMZEG00005022767	1	1
ENSMZEG00005022768	0	0
ENSMZEG00005022769	0	0
ENSMZEG00005022770	0	0
ENSMZEG00005022771	0	0
ENSMZEG00005022772	0	0
ENSMZEG00005022773	0	0
ENSMZEG00005022774	0	2
ENSMZEG00005022775	4	4
ENSMZEG00005022776	6	9
ENSMZEG00005022777	0	0
ENSMZEG00005022778	5	1
ENSMZEG00005022779	0	0
ENSMZEG00005022780	0	0
ENSMZEG00005022781	0	0
ENSMZEG00005022782	9	0
ENSMZEG00005022783	3	0
ENSMZEG00005022784	0	1
ENSMZEG00005022785	211	19
ENSMZEG00005022786	0	0
ENSMZEG00005022787	0	0
ENSMZEG00005022788	0	1
ENSMZEG00005022789	0	0
ENSMZEG00005022790	0	0
ENSMZEG00005022791	0	0
ENSMZEG00005022792	0	0
ENSMZEG00005022793	28	2
ENSMZEG00005022794	1	0
ENSMZEG00005022795	0	0
ENSMZEG00005022796	0	0
ENSMZEG00005022797	0	0
ENSMZEG00005022798	1	2
ENSMZEG00005022799	14	40
ENSMZEG00005022800	0	0
ENSMZEG00005022801	0	0
ENSMZEG00005022802	1	0
ENSMZEG00005022803	0	0
ENSMZEG00005022804	11	0
ENSMZEG00005022805	2	3
ENSMZEG00005022806	2	0
ENSMZEG00005022807	0	0
ENSMZEG00005022808	1	3
ENSMZEG00005022809	2	69
ENSMZEG00005022810	15	6
ENSMZEG00005022811	0	0
ENSMZEG00005022812	2	5
ENSMZEG00005022813	0	0
ENSMZEG00005022814	0	0
ENSMZEG00005022815	0	0
ENSMZEG00005022816	4	4
ENSMZEG00005022817	3	3
ENSMZEG00005022818	4	0
ENSMZEG00005022819	0	0
ENSMZEG00005022820	0	0
ENSMZEG00005022821	4	0
ENSMZEG00005022822	0	0
ENSMZEG00005022823	0	0
ENSMZEG00005022824	0	0
ENSMZEG00005022825	0	0
ENSMZEG00005022826	0	0
ENSMZEG00005022827	0	0
ENSMZEG00005022828	0	0
ENSMZEG00005022829	0	0
ENSMZEG00005022830	0	0
ENSMZEG00005022831	0	0
ENSMZEG00005022832	4	6
ENSMZEG00005022833	6	8
ENSMZEG00005022834	2	6
ENSMZEG00005022835	0	0
ENSMZEG00005022836	8	5
ENSMZEG00005022837	1	0
ENSMZEG00005022838	0	6
ENSMZEG00005022839	5	0
ENSMZEG00005022840	0	0
ENSMZEG00005022841	1	1
ENSMZEG00005022842	4	7
ENSMZEG00005022843	0	0
ENSMZEG00005022844	3	1
ENSMZEG00005022845	0	5
ENSMZEG00005022846	5	6
ENSMZEG00005022847	8	2
ENSMZEG00005022848	8	7
ENSMZEG00005022849	14	19
ENSMZEG00005022850	12	10
ENSMZEG00005022851	32	37
ENSMZEG00005022852	0	0
ENSMZEG00005022853	0	7
ENSMZEG00005022854	3	8
ENSMZEG00005022855	1476	287
ENSMZEG00005022856	18	5
ENSMZEG00005022857	36	2
ENSMZEG00005022858	0	0
ENSMZEG00005022859	0	0
ENSMZEG00005022860	7	7
ENSMZEG00005022861	2	0
ENSMZEG00005022862	0	0
ENSMZEG00005022863	0	0
ENSMZEG00005022864	112	16
ENSMZEG00005022865	0	0
ENSMZEG00005022866	3	2
ENSMZEG00005022867	3	0
ENSMZEG00005022868	16	9
ENSMZEG00005022869	14	7
ENSMZEG00005022870	0	0
ENSMZEG00005022871	6	4
ENSMZEG00005022872	0	0
ENSMZEG00005022873	0	0
ENSMZEG00005022874	0	0
ENSMZEG00005022875	8	0
ENSMZEG00005022876	0	3
ENSMZEG00005022877	5	9
ENSMZEG00005022878	0	21
ENSMZEG00005022879	8	1
ENSMZEG00005022880	0	0
ENSMZEG00005022881	0	0
ENSMZEG00005022882	2	1
ENSMZEG00005022883	0	0
ENSMZEG00005022884	0	0
ENSMZEG00005022885	6	5
ENSMZEG00005022886	0	0
ENSMZEG00005022887	13	9
ENSMZEG00005022888	0	0
ENSMZEG00005022889	0	0
ENSMZEG00005022890	0	0
ENSMZEG00005022891	0	0
ENSMZEG00005022892	4	1
ENSMZEG00005022893	0	0
ENSMZEG00005022894	0	0
ENSMZEG00005022895	0	0
ENSMZEG00005022896	3	3
ENSMZEG00005022897	0	0
ENSMZEG00005022898	0	0
ENSMZEG00005022899	0	0
ENSMZEG00005022900	0	0
ENSMZEG00005022901	0	0
ENSMZEG00005022902	0	0
ENSMZEG00005022903	0	0
ENSMZEG00005022904	0	0
ENSMZEG00005022905	1	1
ENSMZEG00005022906	1	0
ENSMZEG00005022907	0	0
ENSMZEG00005022908	6	29
ENSMZEG00005022909	0	2
ENSMZEG00005022910	0	0
ENSMZEG00005022911	3	0
ENSMZEG00005022912	0	0
ENSMZEG00005022913	0	0
ENSMZEG00005022914	4	0
ENSMZEG00005022915	2	0
ENSMZEG00005022916	0	0
ENSMZEG00005022917	0	0
ENSMZEG00005022918	134	23
ENSMZEG00005022919	0	8
ENSMZEG00005022920	0	0
ENSMZEG00005022921	0	0
ENSMZEG00005022922	2	0
ENSMZEG00005022923	52	30
ENSMZEG00005022924	0	0
ENSMZEG00005022925	5	2
ENSMZEG00005022926	0	0
ENSMZEG00005022927	3	2
ENSMZEG00005022928	4	0
ENSMZEG00005022929	6	3
ENSMZEG00005022930	0	0
ENSMZEG00005022931	759	653
ENSMZEG00005022932	4	0
ENSMZEG00005022933	0	0
ENSMZEG00005022934	0	0
ENSMZEG00005022935	0	2
ENSMZEG00005022936	0	2
ENSMZEG00005022937	0	0
ENSMZEG00005022938	0	0
ENSMZEG00005022939	2	3
ENSMZEG00005022940	2	0
ENSMZEG00005022941	1	0
ENSMZEG00005022942	0	0
ENSMZEG00005022943	0	3
ENSMZEG00005022944	0	0
ENSMZEG00005022945	29	8
ENSMZEG00005022946	0	0
ENSMZEG00005022947	0	9
ENSMZEG00005022948	0	0
ENSMZEG00005022949	1	3
ENSMZEG00005022950	2	2
ENSMZEG00005022951	0	0
ENSMZEG00005022952	1	3
ENSMZEG00005022953	13	11
ENSMZEG00005022954	2	2
ENSMZEG00005022955	6	1
ENSMZEG00005022956	0	0
ENSMZEG00005022957	300	293
ENSMZEG00005022958	0	0
ENSMZEG00005022959	0	0
ENSMZEG00005022960	0	0
ENSMZEG00005022961	0	0
ENSMZEG00005022962	33	82
ENSMZEG00005022963	10	4
ENSMZEG00005022964	0	0
ENSMZEG00005022965	0	0
ENSMZEG00005022966	5	3
ENSMZEG00005022967	9	3
ENSMZEG00005022968	0	0
ENSMZEG00005022969	3	4
ENSMZEG00005022970	5	5
ENSMZEG00005022971	0	2
ENSMZEG00005022972	10	16
ENSMZEG00005022973	2	0
ENSMZEG00005022974	1	0
ENSMZEG00005022975	2	5
ENSMZEG00005022976	3	0
ENSMZEG00005022977	1	6
ENSMZEG00005022978	1	1
ENSMZEG00005022979	2	2
ENSMZEG00005022980	0	0
ENSMZEG00005022981	33	6
ENSMZEG00005022982	2	6
ENSMZEG00005022983	5675	811
ENSMZEG00005022984	0	1
ENSMZEG00005022985	0	0
ENSMZEG00005022986	1	11
ENSMZEG00005022987	0	1
ENSMZEG00005022988	0	0
ENSMZEG00005022989	2	0
ENSMZEG00005022990	6	7
ENSMZEG00005022991	0	0
ENSMZEG00005022992	0	0
ENSMZEG00005022993	0	0
ENSMZEG00005022994	0	1
ENSMZEG00005022995	39	181
ENSMZEG00005022996	0	0
ENSMZEG00005022997	3	0
ENSMZEG00005022998	20	0
ENSMZEG00005022999	3	8
ENSMZEG00005023000	27	8
ENSMZEG00005023001	556	983
ENSMZEG00005023002	0	5
ENSMZEG00005023003	2	2
ENSMZEG00005023004	0	0
ENSMZEG00005023005	0	0
ENSMZEG00005023006	0	0
ENSMZEG00005023007	7	37
ENSMZEG00005023008	0	0
ENSMZEG00005023009	0	0
ENSMZEG00005023010	0	0
ENSMZEG00005023011	0	0
ENSMZEG00005023012	0	1
ENSMZEG00005023013	0	0
ENSMZEG00005023014	0	0
ENSMZEG00005023015	0	0
ENSMZEG00005023016	0	1
ENSMZEG00005023017	0	0
ENSMZEG00005023018	0	0
ENSMZEG00005023019	0	0
ENSMZEG00005023020	372	632
ENSMZEG00005023021	0	0
ENSMZEG00005023022	0	0
ENSMZEG00005023023	0	0
ENSMZEG00005023024	0	0
ENSMZEG00005023025	0	0
ENSMZEG00005023026	0	0
ENSMZEG00005023027	0	0
ENSMZEG00005023028	0	0
ENSMZEG00005023029	0	0
ENSMZEG00005023030	0	0
ENSMZEG00005023031	3	0
ENSMZEG00005023032	4	0
ENSMZEG00005023033	0	0
ENSMZEG00005023034	0	0
ENSMZEG00005023035	0	0
ENSMZEG00005023036	0	0
ENSMZEG00005023037	0	0
ENSMZEG00005023038	0	0
ENSMZEG00005023039	0	0
ENSMZEG00005023040	8	5
ENSMZEG00005023041	0	0
ENSMZEG00005023042	0	0
ENSMZEG00005023043	31	67
ENSMZEG00005023044	1	10
ENSMZEG00005023045	0	0
ENSMZEG00005023046	1	0
ENSMZEG00005023047	23	4
ENSMZEG00005023048	0	0
ENSMZEG00005023049	35	8
ENSMZEG00005023050	0	0
ENSMZEG00005023051	0	0
ENSMZEG00005023052	0	0
ENSMZEG00005023053	0	0
ENSMZEG00005023054	388	2334
ENSMZEG00005023055	0	0
ENSMZEG00005023056	0	1
ENSMZEG00005023057	0	0
ENSMZEG00005023058	0	0
ENSMZEG00005023059	0	1
ENSMZEG00005023060	0	0
ENSMZEG00005023061	0	0
ENSMZEG00005023062	1	0
ENSMZEG00005023063	0	1
ENSMZEG00005023064	0	0
ENSMZEG00005023065	0	0
ENSMZEG00005023066	0	0
ENSMZEG00005023067	7	1
ENSMZEG00005023068	0	0
ENSMZEG00005023069	0	0
ENSMZEG00005023070	3	1
ENSMZEG00005023071	0	0
ENSMZEG00005023072	0	0
ENSMZEG00005023073	0	0
ENSMZEG00005023074	0	0
ENSMZEG00005023075	0	0
ENSMZEG00005023076	0	0
ENSMZEG00005023077	0	0
ENSMZEG00005023078	1	1
ENSMZEG00005023079	7	1
ENSMZEG00005023080	0	0
ENSMZEG00005023081	0	0
ENSMZEG00005023082	3	3
ENSMZEG00005023083	0	0
ENSMZEG00005023084	0	0
ENSMZEG00005023085	0	0
ENSMZEG00005023086	413	655
ENSMZEG00005023087	0	0
ENSMZEG00005023088	0	0
ENSMZEG00005023089	0	0
ENSMZEG00005023090	0	0
ENSMZEG00005023091	0	0
ENSMZEG00005023092	0	0
ENSMZEG00005023093	4	11
ENSMZEG00005023094	242	292
ENSMZEG00005023095	0	0
ENSMZEG00005023096	1	3
ENSMZEG00005023097	0	0
ENSMZEG00005023098	0	0
ENSMZEG00005023099	0	0
ENSMZEG00005023100	11	3
ENSMZEG00005023101	0	0
ENSMZEG00005023102	0	0
ENSMZEG00005023103	7	4
ENSMZEG00005023104	0	0
ENSMZEG00005023105	0	0
ENSMZEG00005023106	3	4
ENSMZEG00005023107	0	0
ENSMZEG00005023108	2	9
ENSMZEG00005023109	0	0
ENSMZEG00005023110	0	0
ENSMZEG00005023111	0	0
ENSMZEG00005023112	3	1
ENSMZEG00005023113	0	0
ENSMZEG00005023114	0	0
ENSMZEG00005023115	0	0
ENSMZEG00005023116	0	0
ENSMZEG00005023117	3	0
ENSMZEG00005023118	0	0
ENSMZEG00005023119	0	5
ENSMZEG00005023120	0	0
ENSMZEG00005023121	0	0
ENSMZEG00005023122	0	0
ENSMZEG00005023123	0	0
ENSMZEG00005023124	0	0
ENSMZEG00005023125	0	1
ENSMZEG00005023126	0	0
ENSMZEG00005023127	3	10
ENSMZEG00005023128	0	0
ENSMZEG00005023129	0	0
ENSMZEG00005023130	1	3
ENSMZEG00005023131	2	7
ENSMZEG00005023132	7	9
ENSMZEG00005023133	0	0
ENSMZEG00005023134	54	482
ENSMZEG00005023135	0	10
ENSMZEG00005023136	0	0
ENSMZEG00005023137	1	0
ENSMZEG00005023138	6	16
ENSMZEG00005023139	0	0
ENSMZEG00005023140	4	8
ENSMZEG00005023141	10	7
ENSMZEG00005023142	76	119
ENSMZEG00005023143	1	1
ENSMZEG00005023144	0	0
ENSMZEG00005023145	0	0
ENSMZEG00005023146	0	0
ENSMZEG00005023147	0	9
ENSMZEG00005023148	0	0
ENSMZEG00005023149	0	1
ENSMZEG00005023150	0	0
ENSMZEG00005023151	0	0
ENSMZEG00005023152	3	4
ENSMZEG00005023153	0	0
ENSMZEG00005023154	1	6
ENSMZEG00005023155	3	1
ENSMZEG00005023156	1	2
ENSMZEG00005023157	0	0
ENSMZEG00005023158	8	0
ENSMZEG00005023159	0	3
ENSMZEG00005023160	0	1
ENSMZEG00005023161	21	24
ENSMZEG00005023162	8	2
ENSMZEG00005023163	0	0
ENSMZEG00005023164	0	1
ENSMZEG00005023165	2	1
ENSMZEG00005023166	3	1
ENSMZEG00005023167	5	1
ENSMZEG00005023168	0	0
ENSMZEG00005023169	997	1487
ENSMZEG00005023170	3	0
ENSMZEG00005023171	0	2
ENSMZEG00005023172	0	0
ENSMZEG00005023173	5	10
ENSMZEG00005023174	0	0
ENSMZEG00005023175	3	1
ENSMZEG00005023176	11	0
ENSMZEG00005023177	1	2
ENSMZEG00005023178	0	0
ENSMZEG00005023179	0	2
ENSMZEG00005023180	1	2
ENSMZEG00005023181	1	7
ENSMZEG00005023182	0	0
ENSMZEG00005023183	339	443
ENSMZEG00005023184	6	4
ENSMZEG00005023185	0	2
ENSMZEG00005023186	0	0
ENSMZEG00005023187	6	8
ENSMZEG00005023188	2	10
ENSMZEG00005023189	1	1
ENSMZEG00005023190	0	3
ENSMZEG00005023191	0	2
ENSMZEG00005023192	0	0
ENSMZEG00005023193	0	0
ENSMZEG00005023194	0	0
ENSMZEG00005023195	0	0
ENSMZEG00005023196	4	2
ENSMZEG00005023197	0	0
ENSMZEG00005023198	717	301
ENSMZEG00005023199	8	5
ENSMZEG00005023200	0	0
ENSMZEG00005023201	1	1
ENSMZEG00005023202	0	2
ENSMZEG00005023203	213	271
ENSMZEG00005023204	0	0
ENSMZEG00005023205	3	1
ENSMZEG00005023206	17	23
ENSMZEG00005023207	0	0
ENSMZEG00005023208	0	0
ENSMZEG00005023209	0	0
ENSMZEG00005023210	2	0
ENSMZEG00005023211	2	14
ENSMZEG00005023212	2	31
ENSMZEG00005023213	0	0
ENSMZEG00005023214	0	3
ENSMZEG00005023215	0	0
ENSMZEG00005023216	0	0
ENSMZEG00005023217	0	0
ENSMZEG00005023218	0	0
ENSMZEG00005023219	0	0
ENSMZEG00005023220	0	0
ENSMZEG00005023221	0	0
ENSMZEG00005023222	2	9
ENSMZEG00005023223	3	1
ENSMZEG00005023224	0	0
ENSMZEG00005023225	0	0
ENSMZEG00005023226	26	3
ENSMZEG00005023227	0	0
ENSMZEG00005023228	0	0
ENSMZEG00005023229	0	3
ENSMZEG00005023230	0	1
ENSMZEG00005023231	0	0
ENSMZEG00005023232	1	2
ENSMZEG00005023233	4	20
ENSMZEG00005023234	0	3
ENSMZEG00005023235	0	0
ENSMZEG00005023236	0	0
ENSMZEG00005023237	0	1
ENSMZEG00005023238	0	3
ENSMZEG00005023239	3	13
ENSMZEG00005023240	2	0
ENSMZEG00005023241	2	1
ENSMZEG00005023242	0	0
ENSMZEG00005023243	0	0
ENSMZEG00005023244	0	0
ENSMZEG00005023245	1	4
ENSMZEG00005023246	6	2
ENSMZEG00005023247	0	0
ENSMZEG00005023248	5558	3405
ENSMZEG00005023249	5	1
ENSMZEG00005023250	20	28
ENSMZEG00005023251	36	12
ENSMZEG00005023252	3	1
ENSMZEG00005023253	0	0
ENSMZEG00005023254	0	0
ENSMZEG00005023255	3	2
ENSMZEG00005023256	0	0
ENSMZEG00005023257	21	8
ENSMZEG00005023258	1807	281
ENSMZEG00005023259	3	1
ENSMZEG00005023260	0	1
ENSMZEG00005023261	5	2
ENSMZEG00005023262	1	0
ENSMZEG00005023263	0	0
ENSMZEG00005023264	11	66
ENSMZEG00005023265	7	3
ENSMZEG00005023266	1	2
ENSMZEG00005023267	3	3
ENSMZEG00005023268	1	0
ENSMZEG00005023269	60	194
ENSMZEG00005023270	1104	771
ENSMZEG00005023271	0	0
ENSMZEG00005023272	0	0
ENSMZEG00005023273	11	4
ENSMZEG00005023274	0	0
ENSMZEG00005023275	0	1
ENSMZEG00005023276	0	0
ENSMZEG00005023277	0	0
ENSMZEG00005023278	27	44
ENSMZEG00005023279	9	0
ENSMZEG00005023280	0	3
ENSMZEG00005023281	8	0
ENSMZEG00005023282	0	0
ENSMZEG00005023283	13	3
ENSMZEG00005023284	66	83
ENSMZEG00005023285	0	0
ENSMZEG00005023286	280	89
ENSMZEG00005023287	144	108
ENSMZEG00005023288	2	2
ENSMZEG00005023289	0	6
ENSMZEG00005023290	0	5
ENSMZEG00005023291	0	0
ENSMZEG00005023292	0	1
ENSMZEG00005023293	0	0
ENSMZEG00005023294	19	108
ENSMZEG00005023295	16	7
ENSMZEG00005023296	1	0
ENSMZEG00005023297	1	1
ENSMZEG00005023298	4	2
ENSMZEG00005023299	0	0
ENSMZEG00005023300	2	0
ENSMZEG00005023301	0	0
ENSMZEG00005023302	8	0
ENSMZEG00005023303	0	0
ENSMZEG00005023304	2	0
ENSMZEG00005023305	0	0
ENSMZEG00005023306	6	10
ENSMZEG00005023307	4	0
ENSMZEG00005023308	0	0
ENSMZEG00005023309	0	0
ENSMZEG00005023310	0	0
ENSMZEG00005023311	2	18
ENSMZEG00005023312	2	8
ENSMZEG00005023313	0	9
ENSMZEG00005023314	590	534
ENSMZEG00005023315	0	0
ENSMZEG00005023316	0	0
ENSMZEG00005023317	0	0
ENSMZEG00005023318	0	3
ENSMZEG00005023319	0	2
ENSMZEG00005023320	0	10
ENSMZEG00005023321	2	3
ENSMZEG00005023322	3	20
ENSMZEG00005023323	11	69
ENSMZEG00005023324	0	1
ENSMZEG00005023325	2	1
ENSMZEG00005023326	0	1
ENSMZEG00005023327	0	1
ENSMZEG00005023328	8	0
ENSMZEG00005023329	13	1
ENSMZEG00005023330	1	3
ENSMZEG00005023331	3	0
ENSMZEG00005023332	4	1
ENSMZEG00005023333	0	1
ENSMZEG00005023334	0	1
ENSMZEG00005023335	3	5
ENSMZEG00005023336	0	2
ENSMZEG00005023337	4	3
ENSMZEG00005023338	0	1
ENSMZEG00005023339	36	40
ENSMZEG00005023340	0	0
ENSMZEG00005023341	105	335
ENSMZEG00005023342	3	0
ENSMZEG00005023343	0	0
ENSMZEG00005023344	2	3
ENSMZEG00005023345	2	0
ENSMZEG00005023346	0	0
ENSMZEG00005023347	3	10
ENSMZEG00005023348	63	46
ENSMZEG00005023349	0	0
ENSMZEG00005023350	0	21
ENSMZEG00005023351	1	1
ENSMZEG00005023352	51	7
ENSMZEG00005023353	0	0
ENSMZEG00005023354	13	22
ENSMZEG00005023355	0	0
ENSMZEG00005023356	0	0
ENSMZEG00005023357	0	0
ENSMZEG00005023358	0	3
ENSMZEG00005023359	0	0
ENSMZEG00005023360	1	0
ENSMZEG00005023361	0	0
ENSMZEG00005023362	0	0
ENSMZEG00005023363	0	0
ENSMZEG00005023364	24	4
ENSMZEG00005023365	0	5
ENSMZEG00005023366	0	0
ENSMZEG00005023367	0	0
ENSMZEG00005023368	1	3
ENSMZEG00005023369	2	1
ENSMZEG00005023370	4	3
ENSMZEG00005023371	0	0
ENSMZEG00005023372	4	0
ENSMZEG00005023373	17	8
ENSMZEG00005023374	3	0
ENSMZEG00005023375	8	0
ENSMZEG00005023376	1	11
ENSMZEG00005023377	3	4
ENSMZEG00005023378	0	1
ENSMZEG00005023379	0	0
ENSMZEG00005023380	2	20
ENSMZEG00005023381	9	3
ENSMZEG00005023382	0	1
ENSMZEG00005023383	1	0
ENSMZEG00005023384	5	2
ENSMZEG00005023385	2	0
ENSMZEG00005023386	0	0
ENSMZEG00005023387	14	12
ENSMZEG00005023388	1	2
ENSMZEG00005023389	0	0
ENSMZEG00005023390	11	8
ENSMZEG00005023391	0	0
ENSMZEG00005023392	0	0
ENSMZEG00005023393	6	1
ENSMZEG00005023394	6	2
ENSMZEG00005023395	0	1
ENSMZEG00005023396	0	0
ENSMZEG00005023397	4	0
ENSMZEG00005023398	150	60
ENSMZEG00005023399	0	0
ENSMZEG00005023400	3	0
ENSMZEG00005023401	0	0
ENSMZEG00005023402	0	0
ENSMZEG00005023403	0	0
ENSMZEG00005023404	0	0
ENSMZEG00005023405	0	0
ENSMZEG00005023406	0	2
ENSMZEG00005023407	18	11
ENSMZEG00005023408	14	1
ENSMZEG00005023409	0	2
ENSMZEG00005023410	0	0
ENSMZEG00005023411	7	3
ENSMZEG00005023412	0	0
ENSMZEG00005023413	3	4
ENSMZEG00005023414	2	0
ENSMZEG00005023415	0	0
ENSMZEG00005023416	3	1
ENSMZEG00005023417	0	0
ENSMZEG00005023418	0	0
ENSMZEG00005023419	0	0
ENSMZEG00005023420	0	0
ENSMZEG00005023421	0	2
ENSMZEG00005023422	0	0
ENSMZEG00005023423	1	9
ENSMZEG00005023424	0	0
ENSMZEG00005023425	2	1
ENSMZEG00005023426	5	8
ENSMZEG00005023427	0	0
ENSMZEG00005023428	15	2
ENSMZEG00005023429	0	1
ENSMZEG00005023430	1	3
ENSMZEG00005023431	0	0
ENSMZEG00005023432	0	0
ENSMZEG00005023433	0	0
ENSMZEG00005023434	0	0
ENSMZEG00005023435	0	0
ENSMZEG00005023436	3	2
ENSMZEG00005023437	0	0
ENSMZEG00005023438	0	0
ENSMZEG00005023439	0	1
ENSMZEG00005023440	0	0
ENSMZEG00005023441	0	3
ENSMZEG00005023442	0	0
ENSMZEG00005023443	0	0
ENSMZEG00005023444	0	1
ENSMZEG00005023445	0	0
ENSMZEG00005023446	0	0
ENSMZEG00005023447	0	0
ENSMZEG00005023448	0	0
ENSMZEG00005023449	0	8
ENSMZEG00005023450	3	14
ENSMZEG00005023451	0	0
ENSMZEG00005023452	0	1
ENSMZEG00005023453	4	0
ENSMZEG00005023454	0	0
ENSMZEG00005023455	20	27
ENSMZEG00005023456	0	0
ENSMZEG00005023457	11	9
ENSMZEG00005023458	0	0
ENSMZEG00005023459	2	1
ENSMZEG00005023460	0	0
ENSMZEG00005023461	0	0
ENSMZEG00005023462	0	0
ENSMZEG00005023463	0	0
ENSMZEG00005023464	32	64
ENSMZEG00005023465	5	0
ENSMZEG00005023466	0	0
ENSMZEG00005023467	0	2
ENSMZEG00005023468	0	0
ENSMZEG00005023469	0	0
ENSMZEG00005023470	0	0
ENSMZEG00005023471	0	0
ENSMZEG00005023472	0	0
ENSMZEG00005023473	0	0
ENSMZEG00005023474	0	0
ENSMZEG00005023475	0	0
ENSMZEG00005023476	0	0
ENSMZEG00005023477	2	1
ENSMZEG00005023478	0	0
ENSMZEG00005023479	0	0
ENSMZEG00005023480	0	0
ENSMZEG00005023481	0	0
ENSMZEG00005023482	0	0
ENSMZEG00005023483	0	0
ENSMZEG00005023484	0	0
ENSMZEG00005023485	2	3
ENSMZEG00005023486	0	0
ENSMZEG00005023487	0	0
ENSMZEG00005023488	0	0
ENSMZEG00005023489	0	0
ENSMZEG00005023490	0	0
ENSMZEG00005023491	0	0
ENSMZEG00005023492	0	0
ENSMZEG00005023493	0	0
ENSMZEG00005023494	1	0
ENSMZEG00005023495	0	0
ENSMZEG00005023496	0	0
ENSMZEG00005023497	0	0
ENSMZEG00005023498	4	1
ENSMZEG00005023499	0	0
ENSMZEG00005023500	1488	682
ENSMZEG00005023501	0	0
ENSMZEG00005023502	0	0
ENSMZEG00005023503	3	0
ENSMZEG00005023504	0	8
ENSMZEG00005023505	4	0
ENSMZEG00005023506	0	1
ENSMZEG00005023507	1	0
ENSMZEG00005023508	1	2
ENSMZEG00005023509	0	0
ENSMZEG00005023510	0	0
ENSMZEG00005023511	0	0
ENSMZEG00005023512	7	2
ENSMZEG00005023513	0	0
ENSMZEG00005023514	0	2
ENSMZEG00005023515	0	0
ENSMZEG00005023516	0	1
ENSMZEG00005023517	0	0
ENSMZEG00005023518	1	0
ENSMZEG00005023519	0	2
ENSMZEG00005023520	0	1
ENSMZEG00005023521	6	3
ENSMZEG00005023522	0	0
ENSMZEG00005023523	2	0
ENSMZEG00005023524	3	0
ENSMZEG00005023525	4	0
ENSMZEG00005023526	0	0
ENSMZEG00005023527	3621	257
ENSMZEG00005023528	17	14
ENSMZEG00005023529	0	0
ENSMZEG00005023530	2541	8910
ENSMZEG00005023531	0	0
ENSMZEG00005023532	0	0
ENSMZEG00005023533	2	3
ENSMZEG00005023534	0	0
ENSMZEG00005023535	1	3
ENSMZEG00005023536	0	0
ENSMZEG00005023537	0	0
ENSMZEG00005023538	8	5
ENSMZEG00005023539	0	0
ENSMZEG00005023540	0	0
ENSMZEG00005023541	0	5
ENSMZEG00005023542	0	0
ENSMZEG00005023543	0	2
ENSMZEG00005023544	1	3
ENSMZEG00005023545	106	249
ENSMZEG00005023546	0	0
ENSMZEG00005023547	0	0
ENSMZEG00005023548	0	0
ENSMZEG00005023549	0	0
ENSMZEG00005023550	42	52
ENSMZEG00005023551	0	0
ENSMZEG00005023552	0	0
ENSMZEG00005023553	0	0
ENSMZEG00005023554	0	0
ENSMZEG00005023555	1	2
ENSMZEG00005023556	1	5
ENSMZEG00005023557	3	7
ENSMZEG00005023558	0	0
ENSMZEG00005023559	1	1
ENSMZEG00005023560	2	9
ENSMZEG00005023561	0	0
ENSMZEG00005023562	0	0
ENSMZEG00005023563	0	0
ENSMZEG00005023564	1	0
ENSMZEG00005023565	0	0
ENSMZEG00005023566	0	0
ENSMZEG00005023567	4	8
ENSMZEG00005023568	2	2
ENSMZEG00005023569	0	0
ENSMZEG00005023570	0	0
ENSMZEG00005023571	0	0
ENSMZEG00005023572	0	0
ENSMZEG00005023573	0	0
ENSMZEG00005023574	0	0
ENSMZEG00005023575	0	0
ENSMZEG00005023576	1	5
ENSMZEG00005023577	0	3
ENSMZEG00005023578	0	1
ENSMZEG00005023579	0	0
ENSMZEG00005023580	0	0
ENSMZEG00005023581	0	1
ENSMZEG00005023582	0	0
ENSMZEG00005023583	0	0
ENSMZEG00005023584	0	2
ENSMZEG00005023585	0	1
ENSMZEG00005023586	5	15
ENSMZEG00005023587	1	0
ENSMZEG00005023588	1	0
ENSMZEG00005023589	11	34
ENSMZEG00005023590	0	0
ENSMZEG00005023591	0	1
ENSMZEG00005023592	0	0
ENSMZEG00005023593	1	0
ENSMZEG00005023594	0	0
ENSMZEG00005023595	0	0
ENSMZEG00005023596	5	3
ENSMZEG00005023597	8	2
ENSMZEG00005023598	0	0
ENSMZEG00005023599	0	0
ENSMZEG00005023600	12	3
ENSMZEG00005023601	0	0
ENSMZEG00005023602	3	0
ENSMZEG00005023603	0	0
ENSMZEG00005023604	8	0
ENSMZEG00005023605	15	11
ENSMZEG00005023606	25	7
ENSMZEG00005023607	8	6
ENSMZEG00005023608	4	9
ENSMZEG00005023609	0	0
ENSMZEG00005023610	1	0
ENSMZEG00005023611	1234	8290
ENSMZEG00005023612	14	1
ENSMZEG00005023613	0	0
ENSMZEG00005023614	3	0
ENSMZEG00005023615	1	0
ENSMZEG00005023616	0	0
ENSMZEG00005023617	1	2
ENSMZEG00005023618	0	5
ENSMZEG00005023619	0	0
ENSMZEG00005023620	0	0
ENSMZEG00005023621	0	0
ENSMZEG00005023622	0	1
ENSMZEG00005023623	0	0
ENSMZEG00005023624	0	1
ENSMZEG00005023625	0	0
ENSMZEG00005023626	0	0
ENSMZEG00005023627	0	0
ENSMZEG00005023628	0	0
ENSMZEG00005023629	8	4
ENSMZEG00005023630	1	1
ENSMZEG00005023631	1	0
ENSMZEG00005023632	0	0
ENSMZEG00005023633	0	5
ENSMZEG00005023634	10	15
ENSMZEG00005023635	0	3
ENSMZEG00005023636	74	101
ENSMZEG00005023637	1	0
ENSMZEG00005023638	0	3
ENSMZEG00005023639	6	9
ENSMZEG00005023640	7	2
ENSMZEG00005023641	8	47
ENSMZEG00005023642	1	3
ENSMZEG00005023643	81	5
ENSMZEG00005023644	0	6
ENSMZEG00005023645	2	3
ENSMZEG00005023646	374	3784
ENSMZEG00005023647	2	1
ENSMZEG00005023648	601	898
ENSMZEG00005023649	0	1
ENSMZEG00005023650	11	77
ENSMZEG00005023651	0	0
ENSMZEG00005023652	0	0
ENSMZEG00005023653	0	0
ENSMZEG00005023654	3	0
ENSMZEG00005023655	1	2
ENSMZEG00005023656	10	14
ENSMZEG00005023657	722	1396
ENSMZEG00005023658	1	2
ENSMZEG00005023659	9	1
ENSMZEG00005023660	0	0
ENSMZEG00005023661	39	9
ENSMZEG00005023662	0	2
ENSMZEG00005023663	0	0
ENSMZEG00005023664	0	1
ENSMZEG00005023665	0	0
ENSMZEG00005023666	0	0
ENSMZEG00005023667	0	0
ENSMZEG00005023668	1	4
ENSMZEG00005023669	0	0
ENSMZEG00005023670	0	0
ENSMZEG00005023671	0	0
ENSMZEG00005023672	0	0
ENSMZEG00005023673	2	0
ENSMZEG00005023674	269	59
ENSMZEG00005023675	0	0
ENSMZEG00005023676	0	0
ENSMZEG00005023677	0	0
ENSMZEG00005023678	0	3
ENSMZEG00005023679	1	0
ENSMZEG00005023680	0	0
ENSMZEG00005023681	0	0
ENSMZEG00005023682	0	0
ENSMZEG00005023683	0	0
ENSMZEG00005023684	0	0
ENSMZEG00005023685	12	15
ENSMZEG00005023686	0	2
ENSMZEG00005023687	1	4
ENSMZEG00005023688	0	3
ENSMZEG00005023689	0	0
ENSMZEG00005023690	0	0
ENSMZEG00005023691	0	0
ENSMZEG00005023692	0	0
ENSMZEG00005023693	270	381
ENSMZEG00005023694	0	0
ENSMZEG00005023695	9	2
ENSMZEG00005023696	22	7
ENSMZEG00005023697	5	1
ENSMZEG00005023698	0	3
ENSMZEG00005023699	0	3
ENSMZEG00005023700	839	1565
ENSMZEG00005023701	2	9
ENSMZEG00005023702	10	5
ENSMZEG00005023703	0	2
ENSMZEG00005023704	0	3
ENSMZEG00005023705	3	1
ENSMZEG00005023706	523	333
ENSMZEG00005023707	1	1
ENSMZEG00005023708	58	88
ENSMZEG00005023709	409	583
ENSMZEG00005023710	24	57
ENSMZEG00005023711	1	0
ENSMZEG00005023712	39	36
ENSMZEG00005023713	0	0
ENSMZEG00005023714	4	7
ENSMZEG00005023715	0	0
ENSMZEG00005023716	0	0
ENSMZEG00005023717	16	14
ENSMZEG00005023718	0	0
ENSMZEG00005023719	2	1
ENSMZEG00005023720	5	0
ENSMZEG00005023721	0	0
ENSMZEG00005023722	3	0
ENSMZEG00005023723	0	6
ENSMZEG00005023724	12	9
ENSMZEG00005023725	0	0
ENSMZEG00005023726	0	0
ENSMZEG00005023727	0	1
ENSMZEG00005023728	0	0
ENSMZEG00005023729	0	0
ENSMZEG00005023730	0	0
ENSMZEG00005023731	0	4
ENSMZEG00005023732	0	0
ENSMZEG00005023733	1	5
ENSMZEG00005023734	0	0
ENSMZEG00005023735	0	4
ENSMZEG00005023736	13	11
ENSMZEG00005023737	1	0
ENSMZEG00005023738	7	3
ENSMZEG00005023739	0	3
ENSMZEG00005023740	70	14
ENSMZEG00005023741	0	0
ENSMZEG00005023742	1	0
ENSMZEG00005023743	0	0
ENSMZEG00005023744	0	0
ENSMZEG00005023745	0	0
ENSMZEG00005023746	0	0
ENSMZEG00005023747	14	5
ENSMZEG00005023748	1151	1618
ENSMZEG00005023749	0	0
ENSMZEG00005023750	8	8
ENSMZEG00005023751	0	0
ENSMZEG00005023752	21	10
ENSMZEG00005023753	21	62
ENSMZEG00005023754	0	2
ENSMZEG00005023755	0	0
ENSMZEG00005023756	1	6
ENSMZEG00005023757	0	0
ENSMZEG00005023758	0	0
ENSMZEG00005023759	2	0
ENSMZEG00005023760	0	0
ENSMZEG00005023761	38	23
ENSMZEG00005023762	0	2
ENSMZEG00005023763	4585	843
ENSMZEG00005023764	2	3
ENSMZEG00005023765	11	1
ENSMZEG00005023766	5	13
ENSMZEG00005023767	6	3
ENSMZEG00005023768	0	0
ENSMZEG00005023769	0	0
ENSMZEG00005023770	2	0
ENSMZEG00005023771	0	1
ENSMZEG00005023772	1019	1930
ENSMZEG00005023773	0	6
ENSMZEG00005023774	0	0
ENSMZEG00005023775	34	12
ENSMZEG00005023776	4	5
ENSMZEG00005023777	8	0
ENSMZEG00005023778	0	0
ENSMZEG00005023779	0	0
ENSMZEG00005023780	84	225
ENSMZEG00005023781	0	0
ENSMZEG00005023782	0	1
ENSMZEG00005023783	7	0
ENSMZEG00005023784	3	3
ENSMZEG00005023785	1	0
ENSMZEG00005023786	12	11
ENSMZEG00005023787	0	0
ENSMZEG00005023788	0	0
ENSMZEG00005023789	0	0
ENSMZEG00005023790	0	0
ENSMZEG00005023791	0	0
ENSMZEG00005023792	0	0
ENSMZEG00005023793	0	0
ENSMZEG00005023794	3	0
ENSMZEG00005023795	3	0
ENSMZEG00005023796	52	84
ENSMZEG00005023797	4	1
ENSMZEG00005023798	2	0
ENSMZEG00005023799	0	0
ENSMZEG00005023800	38	3
ENSMZEG00005023801	4	12
ENSMZEG00005023802	0	12
ENSMZEG00005023803	0	1
ENSMZEG00005023804	0	1
ENSMZEG00005023805	7	4
ENSMZEG00005023806	9	1
ENSMZEG00005023807	0	1
ENSMZEG00005023808	0	4
ENSMZEG00005023809	0	0
ENSMZEG00005023810	496	450
ENSMZEG00005023811	0	0
ENSMZEG00005023812	0	0
ENSMZEG00005023813	4	4
ENSMZEG00005023814	0	0
ENSMZEG00005023815	2	2
ENSMZEG00005023816	0	0
ENSMZEG00005023817	0	0
ENSMZEG00005023818	11	3
ENSMZEG00005023819	0	0
ENSMZEG00005023820	0	8
ENSMZEG00005023821	0	0
ENSMZEG00005023822	0	2
ENSMZEG00005023823	2	5
ENSMZEG00005023824	19	13
ENSMZEG00005023825	1	0
ENSMZEG00005023826	4	4
ENSMZEG00005023827	0	6
ENSMZEG00005023828	26	19
ENSMZEG00005023829	0	0
ENSMZEG00005023830	5	3
ENSMZEG00005023831	612	172
ENSMZEG00005023832	4	0
ENSMZEG00005023833	0	0
ENSMZEG00005023834	0	0
ENSMZEG00005023835	0	0
ENSMZEG00005023836	35	1036
ENSMZEG00005023837	16	3939
ENSMZEG00005023838	5	3
ENSMZEG00005023839	0	0
ENSMZEG00005023840	1	0
ENSMZEG00005023841	0	0
ENSMZEG00005023842	0	0
ENSMZEG00005023843	0	0
ENSMZEG00005023844	0	0
ENSMZEG00005023845	4	2
ENSMZEG00005023846	13	6
ENSMZEG00005023847	0	0
ENSMZEG00005023848	0	0
ENSMZEG00005023849	0	0
ENSMZEG00005023850	0	0
ENSMZEG00005023851	0	0
ENSMZEG00005023852	6	3
ENSMZEG00005023853	103	39
ENSMZEG00005023854	3	0
ENSMZEG00005023855	10	5
ENSMZEG00005023856	2	2
ENSMZEG00005023857	3	0
ENSMZEG00005023858	4	0
ENSMZEG00005023859	2	1
ENSMZEG00005023860	0	1
ENSMZEG00005023861	1	3
ENSMZEG00005023862	0	0
ENSMZEG00005023863	0	1
ENSMZEG00005023864	1	0
ENSMZEG00005023865	82	44
ENSMZEG00005023866	0	0
ENSMZEG00005023867	0	0
ENSMZEG00005023868	1	0
ENSMZEG00005023869	4	7
ENSMZEG00005023870	0	1
ENSMZEG00005023871	0	2
ENSMZEG00005023872	1	1
ENSMZEG00005023873	4	1
ENSMZEG00005023874	66	6
ENSMZEG00005023875	0	0
ENSMZEG00005023876	0	0
ENSMZEG00005023877	0	2
ENSMZEG00005023878	1	0
ENSMZEG00005023879	0	0
ENSMZEG00005023880	0	0
ENSMZEG00005023881	0	0
ENSMZEG00005023882	0	0
ENSMZEG00005023883	13	10
ENSMZEG00005023884	0	0
ENSMZEG00005023885	2	7
ENSMZEG00005023886	8	2
ENSMZEG00005023887	0	0
ENSMZEG00005023888	0	2
ENSMZEG00005023889	2	2
ENSMZEG00005023890	2	6
ENSMZEG00005023891	8	38
ENSMZEG00005023892	1	5
ENSMZEG00005023893	0	0
ENSMZEG00005023894	0	0
ENSMZEG00005023895	758	704
ENSMZEG00005023896	1	5
ENSMZEG00005023897	0	2
ENSMZEG00005023898	0	1
ENSMZEG00005023899	0	0
ENSMZEG00005023900	0	8
ENSMZEG00005023901	0	1
ENSMZEG00005023902	7	3
ENSMZEG00005023903	0	1
ENSMZEG00005023904	0	1
ENSMZEG00005023905	7	8
ENSMZEG00005023906	28	10
ENSMZEG00005023907	0	0
ENSMZEG00005023908	0	0
ENSMZEG00005023909	2	0
ENSMZEG00005023910	0	0
ENSMZEG00005023911	0	0
ENSMZEG00005023912	2	0
ENSMZEG00005023913	2	2
ENSMZEG00005023914	4	4
ENSMZEG00005023915	0	1
ENSMZEG00005023916	0	0
ENSMZEG00005023917	0	0
ENSMZEG00005023918	0	0
ENSMZEG00005023919	0	0
ENSMZEG00005023920	1	0
ENSMZEG00005023921	86	106
ENSMZEG00005023922	156	59
ENSMZEG00005023923	1	0
ENSMZEG00005023924	5	2
ENSMZEG00005023925	0	0
ENSMZEG00005023926	0	0
ENSMZEG00005023927	0	0
ENSMZEG00005023928	2	2
ENSMZEG00005023929	0	5
ENSMZEG00005023930	0	0
ENSMZEG00005023931	0	5
ENSMZEG00005023932	0	0
ENSMZEG00005023933	0	2
ENSMZEG00005023934	1095	1266
ENSMZEG00005023935	90	67
ENSMZEG00005023936	7	13
ENSMZEG00005023937	1	16
ENSMZEG00005023938	0	0
ENSMZEG00005023939	0	0
ENSMZEG00005023940	0	1
ENSMZEG00005023941	7	8
ENSMZEG00005023942	0	3
ENSMZEG00005023943	1	0
ENSMZEG00005023944	0	0
ENSMZEG00005023945	0	0
ENSMZEG00005023946	0	0
ENSMZEG00005023947	0	0
ENSMZEG00005023948	0	0
ENSMZEG00005023949	0	0
ENSMZEG00005023950	1	0
ENSMZEG00005023951	3	0
ENSMZEG00005023952	5	36
ENSMZEG00005023953	42	1
ENSMZEG00005023954	0	0
ENSMZEG00005023955	10	20
ENSMZEG00005023956	1	8
ENSMZEG00005023957	0	3
ENSMZEG00005023958	6	65
ENSMZEG00005023959	3	150
ENSMZEG00005023960	0	0
ENSMZEG00005023961	8	2
ENSMZEG00005023962	0	0
ENSMZEG00005023963	0	0
ENSMZEG00005023964	0	0
ENSMZEG00005023965	0	0
ENSMZEG00005023966	0	0
ENSMZEG00005023967	0	0
ENSMZEG00005023968	0	0
ENSMZEG00005023969	26	37
ENSMZEG00005023970	0	0
ENSMZEG00005023971	0	0
ENSMZEG00005023972	0	0
ENSMZEG00005023973	1	0
ENSMZEG00005023974	0	2
ENSMZEG00005023975	4	9
ENSMZEG00005023976	1	0
ENSMZEG00005023977	0	0
ENSMZEG00005023978	0	0
ENSMZEG00005023979	2216	921
ENSMZEG00005023980	2	0
ENSMZEG00005023981	3	1
ENSMZEG00005023982	1	2
ENSMZEG00005023983	0	1
ENSMZEG00005023984	0	0
ENSMZEG00005023985	1	4
ENSMZEG00005023986	0	0
ENSMZEG00005023987	12	32
ENSMZEG00005023988	16	82
ENSMZEG00005023989	8	28
ENSMZEG00005023990	0	0
ENSMZEG00005023991	1	1
ENSMZEG00005023992	1	11
ENSMZEG00005023993	29	25
ENSMZEG00005023994	0	14
ENSMZEG00005023995	0	1
ENSMZEG00005023996	5	0
ENSMZEG00005023997	0	18
ENSMZEG00005023998	4	1
ENSMZEG00005023999	0	0
ENSMZEG00005024000	0	0
ENSMZEG00005024001	0	1
ENSMZEG00005024002	0	0
ENSMZEG00005024003	0	0
ENSMZEG00005024004	4	1
ENSMZEG00005024005	0	0
ENSMZEG00005024006	1	0
ENSMZEG00005024007	0	0
ENSMZEG00005024008	0	5
ENSMZEG00005024009	0	0
ENSMZEG00005024010	0	1
ENSMZEG00005024011	8	13
ENSMZEG00005024012	0	0
ENSMZEG00005024013	0	0
ENSMZEG00005024014	0	0
ENSMZEG00005024015	0	0
ENSMZEG00005024016	0	0
ENSMZEG00005024017	0	0
ENSMZEG00005024018	0	0
ENSMZEG00005024019	0	0
ENSMZEG00005024020	16	42
ENSMZEG00005024021	0	0
ENSMZEG00005024022	9	1
ENSMZEG00005024023	0	0
ENSMZEG00005024024	0	1
ENSMZEG00005024025	0	0
ENSMZEG00005024026	0	0
ENSMZEG00005024027	0	0
ENSMZEG00005024028	1221	2377
ENSMZEG00005024029	0	0
ENSMZEG00005024030	2655	31836
ENSMZEG00005024031	0	0
ENSMZEG00005024032	14	7
ENSMZEG00005024033	2	0
ENSMZEG00005024034	0	0
ENSMZEG00005024035	0	0
ENSMZEG00005024036	0	1
ENSMZEG00005024037	17	5
ENSMZEG00005024038	0	1
ENSMZEG00005024039	0	0
ENSMZEG00005024040	0	0
ENSMZEG00005024041	0	0
ENSMZEG00005024042	0	0
ENSMZEG00005024043	0	0
ENSMZEG00005024044	0	0
ENSMZEG00005024045	0	0
ENSMZEG00005024046	0	0
ENSMZEG00005024047	7	1
ENSMZEG00005024048	0	0
ENSMZEG00005024049	7	5
ENSMZEG00005024050	0	0
ENSMZEG00005024051	1	0
ENSMZEG00005024052	0	0
ENSMZEG00005024053	2	0
ENSMZEG00005024054	43	172
ENSMZEG00005024055	5	0
ENSMZEG00005024056	6	7
ENSMZEG00005024057	1	0
ENSMZEG00005024058	0	0
ENSMZEG00005024059	0	0
ENSMZEG00005024060	1	16
ENSMZEG00005024061	0	0
ENSMZEG00005024062	0	1
ENSMZEG00005024063	0	0
ENSMZEG00005024064	0	0
ENSMZEG00005024065	47	6
ENSMZEG00005024066	13	10
ENSMZEG00005024067	535	142
ENSMZEG00005024068	0	0
ENSMZEG00005024069	0	1
ENSMZEG00005024070	0	11
ENSMZEG00005024071	0	0
ENSMZEG00005024072	1	0
ENSMZEG00005024073	26	9
ENSMZEG00005024074	0	4
ENSMZEG00005024075	0	1
ENSMZEG00005024076	0	8
ENSMZEG00005024077	0	1
ENSMZEG00005024078	12	3
ENSMZEG00005024079	618	209
ENSMZEG00005024080	1	0
ENSMZEG00005024081	3	0
ENSMZEG00005024082	0	0
ENSMZEG00005024083	0	11
ENSMZEG00005024084	3	6
ENSMZEG00005024085	525	258
ENSMZEG00005024086	0	0
ENSMZEG00005024087	3	3
ENSMZEG00005024088	0	5
ENSMZEG00005024089	4	10
ENSMZEG00005024090	10	7
ENSMZEG00005024091	0	1
ENSMZEG00005024092	2	1
ENSMZEG00005024093	2	1
ENSMZEG00005024094	42	24
ENSMZEG00005024095	15	5
ENSMZEG00005024096	24	1
ENSMZEG00005024097	25	211
ENSMZEG00005024098	0	2
ENSMZEG00005024099	0	0
ENSMZEG00005024100	0	0
ENSMZEG00005024101	0	0
ENSMZEG00005024102	770	423
ENSMZEG00005024103	5	2
ENSMZEG00005024104	0	0
ENSMZEG00005024105	396	71
ENSMZEG00005024106	1	1
ENSMZEG00005024107	0	0
ENSMZEG00005024108	14	34
ENSMZEG00005024109	17	52
ENSMZEG00005024110	0	0
ENSMZEG00005024111	0	3
ENSMZEG00005024112	0	0
ENSMZEG00005024113	2	1
ENSMZEG00005024114	0	0
ENSMZEG00005024115	0	0
ENSMZEG00005024116	0	0
ENSMZEG00005024117	72	79
ENSMZEG00005024118	1	0
ENSMZEG00005024119	0	0
ENSMZEG00005024120	0	0
ENSMZEG00005024121	0	0
ENSMZEG00005024122	0	0
ENSMZEG00005024123	5	0
ENSMZEG00005024124	0	0
ENSMZEG00005024125	0	0
ENSMZEG00005024126	0	0
ENSMZEG00005024127	0	0
ENSMZEG00005024128	0	0
ENSMZEG00005024129	1	0
ENSMZEG00005024130	3	0
ENSMZEG00005024131	316	176
ENSMZEG00005024132	0	6
ENSMZEG00005024133	5	0
ENSMZEG00005024134	0	0
ENSMZEG00005024135	1	0
ENSMZEG00005024136	0	0
ENSMZEG00005024137	10	20
ENSMZEG00005024138	5	0
ENSMZEG00005024139	0	0
ENSMZEG00005024140	2	0
ENSMZEG00005024141	3	6
ENSMZEG00005024142	0	0
ENSMZEG00005024143	1	5
ENSMZEG00005024144	0	0
ENSMZEG00005024145	0	0
ENSMZEG00005024146	0	0
ENSMZEG00005024147	0	3
ENSMZEG00005024148	0	2
ENSMZEG00005024149	1	0
ENSMZEG00005024150	0	4
ENSMZEG00005024151	3	3
ENSMZEG00005024152	0	1
ENSMZEG00005024153	14	410
ENSMZEG00005024154	3	1
ENSMZEG00005024155	2	0
ENSMZEG00005024156	0	0
ENSMZEG00005024157	8	2
ENSMZEG00005024158	6	5
ENSMZEG00005024159	8	11
ENSMZEG00005024160	964	1205
ENSMZEG00005024161	0	2
ENSMZEG00005024162	25	1
ENSMZEG00005024163	1	0
ENSMZEG00005024164	1	1
ENSMZEG00005024165	0	0
ENSMZEG00005024166	6	20
ENSMZEG00005024167	0	0
ENSMZEG00005024168	7	3
ENSMZEG00005024169	0	0
ENSMZEG00005024170	2	0
ENSMZEG00005024171	0	0
ENSMZEG00005024172	0	0
ENSMZEG00005024173	0	0
ENSMZEG00005024174	0	0
ENSMZEG00005024175	0	0
ENSMZEG00005024176	1	2
ENSMZEG00005024177	0	0
ENSMZEG00005024178	0	0
ENSMZEG00005024179	4	5
ENSMZEG00005024180	4	6
ENSMZEG00005024181	2	0
ENSMZEG00005024182	0	0
ENSMZEG00005024183	0	0
ENSMZEG00005024184	0	2
ENSMZEG00005024185	0	0
ENSMZEG00005024186	6	1
ENSMZEG00005024187	0	0
ENSMZEG00005024188	12	8
ENSMZEG00005024189	1	0
ENSMZEG00005024190	0	2
ENSMZEG00005024191	0	0
ENSMZEG00005024192	0	0
ENSMZEG00005024193	5	1
ENSMZEG00005024194	0	0
ENSMZEG00005024195	0	0
ENSMZEG00005024196	845	3629
ENSMZEG00005024197	0	0
ENSMZEG00005024198	0	1
ENSMZEG00005024199	4	1
ENSMZEG00005024200	0	0
ENSMZEG00005024201	0	0
ENSMZEG00005024202	445	137
ENSMZEG00005024203	2	0
ENSMZEG00005024204	2	4
ENSMZEG00005024205	515	443
ENSMZEG00005024206	15	52
ENSMZEG00005024207	2	1
ENSMZEG00005024208	0	0
ENSMZEG00005024209	10	2
ENSMZEG00005024210	2	6
ENSMZEG00005024211	22	12
ENSMZEG00005024212	2	1
ENSMZEG00005024213	8	2
ENSMZEG00005024214	0	0
ENSMZEG00005024215	0	0
ENSMZEG00005024216	0	1
ENSMZEG00005024217	0	0
ENSMZEG00005024218	0	0
ENSMZEG00005024219	0	1
ENSMZEG00005024220	163	133
ENSMZEG00005024221	265	153
ENSMZEG00005024222	0	0
ENSMZEG00005024223	0	0
ENSMZEG00005024224	0	0
ENSMZEG00005024225	0	4
ENSMZEG00005024226	0	0
ENSMZEG00005024227	1	0
ENSMZEG00005024228	0	0
ENSMZEG00005024229	0	0
ENSMZEG00005024230	0	0
ENSMZEG00005024231	0	2
ENSMZEG00005024232	2	0
ENSMZEG00005024233	0	0
ENSMZEG00005024234	0	0
ENSMZEG00005024235	0	0
ENSMZEG00005024236	4	3
ENSMZEG00005024237	0	0
ENSMZEG00005024238	0	1
ENSMZEG00005024239	0	0
ENSMZEG00005024240	1	0
ENSMZEG00005024241	5	4
ENSMZEG00005024242	0	0
ENSMZEG00005024243	0	0
ENSMZEG00005024244	4	0
ENSMZEG00005024245	3	0
ENSMZEG00005024246	0	0
ENSMZEG00005024247	0	0
ENSMZEG00005024248	0	0
ENSMZEG00005024249	9	17
ENSMZEG00005024250	0	0
ENSMZEG00005024251	0	0
ENSMZEG00005024252	0	0
ENSMZEG00005024253	0	0
ENSMZEG00005024254	0	0
ENSMZEG00005024255	0	0
ENSMZEG00005024256	3	4
ENSMZEG00005024257	0	0
ENSMZEG00005024258	0	0
ENSMZEG00005024259	0	0
ENSMZEG00005024260	0	0
ENSMZEG00005024261	0	0
ENSMZEG00005024262	0	0
ENSMZEG00005024263	216	40
ENSMZEG00005024264	0	0
ENSMZEG00005024265	0	0
ENSMZEG00005024266	0	0
ENSMZEG00005024267	43531	10508
ENSMZEG00005024268	0	0
ENSMZEG00005024269	0	0
ENSMZEG00005024270	0	0
ENSMZEG00005024271	0	0
ENSMZEG00005024272	5	0
ENSMZEG00005024273	0	0
ENSMZEG00005024274	0	0
ENSMZEG00005024275	11	2
ENSMZEG00005024276	0	0
ENSMZEG00005024277	5	4
ENSMZEG00005024278	5	0
ENSMZEG00005024279	3	3
ENSMZEG00005024280	7	20
ENSMZEG00005024281	0	0
ENSMZEG00005024282	0	0
ENSMZEG00005024283	0	0
ENSMZEG00005024284	5	6
ENSMZEG00005024285	4	0
ENSMZEG00005024286	0	0
ENSMZEG00005024287	0	1
ENSMZEG00005024288	0	0
ENSMZEG00005024289	0	0
ENSMZEG00005024290	0	0
ENSMZEG00005024291	0	0
ENSMZEG00005024292	0	1
ENSMZEG00005024293	0	0
ENSMZEG00005024294	4	7
ENSMZEG00005024295	3	3
ENSMZEG00005024296	6	3
ENSMZEG00005024297	2	3
ENSMZEG00005024298	5	6
ENSMZEG00005024299	0	0
ENSMZEG00005024300	1	4
ENSMZEG00005024301	2154	1542
ENSMZEG00005024302	374	1818
ENSMZEG00005024303	10	10
ENSMZEG00005024304	2	1
ENSMZEG00005024305	2	1
ENSMZEG00005024306	0	0
ENSMZEG00005024307	9	2
ENSMZEG00005024308	4	2
ENSMZEG00005024309	10	235
ENSMZEG00005024310	0	3
ENSMZEG00005024311	8	8
ENSMZEG00005024312	3	7
ENSMZEG00005024313	38	30
ENSMZEG00005024314	10	0
ENSMZEG00005024315	5	16
ENSMZEG00005024316	3	0
ENSMZEG00005024317	2	16
ENSMZEG00005024318	4	1
ENSMZEG00005024319	45	247
ENSMZEG00005024320	3	8
ENSMZEG00005024321	5	0
ENSMZEG00005024322	6	7
ENSMZEG00005024323	12	1
ENSMZEG00005024324	1	1
ENSMZEG00005024325	769	483
ENSMZEG00005024326	0	1
ENSMZEG00005024327	0	1
ENSMZEG00005024328	881	922
ENSMZEG00005024329	7	1
ENSMZEG00005024330	0	4
ENSMZEG00005024331	0	0
ENSMZEG00005024332	1	4
ENSMZEG00005024333	0	0
ENSMZEG00005024334	0	0
ENSMZEG00005024335	0	0
ENSMZEG00005024336	0	0
ENSMZEG00005024337	2	1
ENSMZEG00005024338	1	7
ENSMZEG00005024339	0	1
ENSMZEG00005024340	0	0
ENSMZEG00005024341	7	2
ENSMZEG00005024342	0	0
ENSMZEG00005024343	0	0
ENSMZEG00005024344	0	2
ENSMZEG00005024345	2	4
ENSMZEG00005024346	0	5
ENSMZEG00005024347	5	27
ENSMZEG00005024348	19	12
ENSMZEG00005024349	1	4
ENSMZEG00005024350	0	0
ENSMZEG00005024351	4	0
ENSMZEG00005024352	13	109
ENSMZEG00005024353	3	0
ENSMZEG00005024354	0	0
ENSMZEG00005024355	573	539
ENSMZEG00005024356	70	29
ENSMZEG00005024357	0	3
ENSMZEG00005024358	2	18
ENSMZEG00005024359	0	0
ENSMZEG00005024360	0	0
ENSMZEG00005024361	3	1
ENSMZEG00005024362	0	0
ENSMZEG00005024363	7	0
ENSMZEG00005024364	5	7
ENSMZEG00005024365	2	5
ENSMZEG00005024366	1	0
ENSMZEG00005024367	0	0
ENSMZEG00005024368	0	0
ENSMZEG00005024369	5	0
ENSMZEG00005024370	0	0
ENSMZEG00005024371	2	8
ENSMZEG00005024372	1	3
ENSMZEG00005024373	1368	1190
ENSMZEG00005024374	0	2
ENSMZEG00005024375	0	0
ENSMZEG00005024376	0	0
ENSMZEG00005024377	0	0
ENSMZEG00005024378	0	0
ENSMZEG00005024379	2	6
ENSMZEG00005024380	4	0
ENSMZEG00005024381	0	2
ENSMZEG00005024382	6	0
ENSMZEG00005024383	0	0
ENSMZEG00005024384	23	73
ENSMZEG00005024385	2	2
ENSMZEG00005024386	1	3
ENSMZEG00005024387	0	0
ENSMZEG00005024388	0	0
ENSMZEG00005024389	0	0
ENSMZEG00005024390	0	1
ENSMZEG00005024391	0	0
ENSMZEG00005024392	0	1
ENSMZEG00005024393	0	1
ENSMZEG00005024394	7	9
ENSMZEG00005024395	3	0
ENSMZEG00005024396	0	0
ENSMZEG00005024397	0	0
ENSMZEG00005024398	0	0
ENSMZEG00005024399	4	0
ENSMZEG00005024400	0	0
ENSMZEG00005024401	0	0
ENSMZEG00005024402	0	0
ENSMZEG00005024403	7	4
ENSMZEG00005024404	1	4
ENSMZEG00005024405	0	0
ENSMZEG00005024406	5	3
ENSMZEG00005024407	0	0
ENSMZEG00005024408	6	6
ENSMZEG00005024409	107	68
ENSMZEG00005024410	124	167
ENSMZEG00005024411	0	2
ENSMZEG00005024412	0	0
ENSMZEG00005024413	18	3
ENSMZEG00005024414	3	1
ENSMZEG00005024415	11	10
ENSMZEG00005024416	0	1
ENSMZEG00005024417	21	63
ENSMZEG00005024418	52	9
ENSMZEG00005024419	1	0
ENSMZEG00005024420	22	2
ENSMZEG00005024421	0	0
ENSMZEG00005024422	0	2
ENSMZEG00005024423	0	0
ENSMZEG00005024424	1	4
ENSMZEG00005024425	5	12
ENSMZEG00005024426	0	0
ENSMZEG00005024427	8	16
ENSMZEG00005024428	0	0
ENSMZEG00005024429	0	0
ENSMZEG00005024430	0	3
ENSMZEG00005024431	0	0
ENSMZEG00005024432	0	0
ENSMZEG00005024433	0	0
ENSMZEG00005024434	0	7
ENSMZEG00005024435	40	0
ENSMZEG00005024436	0	1
ENSMZEG00005024437	0	0
ENSMZEG00005024438	156	167
ENSMZEG00005024439	126	88
ENSMZEG00005024440	60	10
ENSMZEG00005024441	537	3275
ENSMZEG00005024442	0	0
ENSMZEG00005024443	1	1
ENSMZEG00005024444	0	0
ENSMZEG00005024445	2	2
ENSMZEG00005024446	4	16
ENSMZEG00005024447	0	0
ENSMZEG00005024448	0	0
ENSMZEG00005024449	1	0
ENSMZEG00005024450	9	0
ENSMZEG00005024451	1	0
ENSMZEG00005024452	0	0
ENSMZEG00005024453	0	3
ENSMZEG00005024454	7	22
ENSMZEG00005024455	31	29
ENSMZEG00005024456	11	0
ENSMZEG00005024457	0	0
ENSMZEG00005024458	0	0
ENSMZEG00005024459	6	1
ENSMZEG00005024460	15	6
ENSMZEG00005024461	1	7
ENSMZEG00005024462	9	13
ENSMZEG00005024463	0	2
ENSMZEG00005024464	0	0
ENSMZEG00005024465	1	0
ENSMZEG00005024466	0	0
ENSMZEG00005024467	189	266
ENSMZEG00005024468	6	8
ENSMZEG00005024469	2	1
ENSMZEG00005024470	2	1
ENSMZEG00005024471	31	3
ENSMZEG00005024472	306	349
ENSMZEG00005024473	4	14
ENSMZEG00005024474	1	1
ENSMZEG00005024475	1	2
ENSMZEG00005024476	26	33
ENSMZEG00005024477	398	524
ENSMZEG00005024478	0	0
ENSMZEG00005024479	239	40
ENSMZEG00005024480	0	7
ENSMZEG00005024481	0	1
ENSMZEG00005024482	1	0
ENSMZEG00005024483	3	0
ENSMZEG00005024484	3	20
ENSMZEG00005024485	3	1
ENSMZEG00005024486	1	1
ENSMZEG00005024487	21	31
ENSMZEG00005024488	0	0
ENSMZEG00005024489	0	1
ENSMZEG00005024490	8	0
ENSMZEG00005024491	0	0
ENSMZEG00005024492	0	0
ENSMZEG00005024493	6	1
ENSMZEG00005024494	0	0
ENSMZEG00005024495	2	0
ENSMZEG00005024496	0	0
ENSMZEG00005024497	0	0
ENSMZEG00005024498	0	0
ENSMZEG00005024499	0	0
ENSMZEG00005024500	0	0
ENSMZEG00005024501	0	0
ENSMZEG00005024502	6	0
ENSMZEG00005024503	0	0
ENSMZEG00005024504	7	14
ENSMZEG00005024505	1	0
ENSMZEG00005024506	14	34
ENSMZEG00005024507	0	0
ENSMZEG00005024508	0	0
ENSMZEG00005024509	0	0
ENSMZEG00005024510	0	1
ENSMZEG00005024511	0	0
ENSMZEG00005024512	1	0
ENSMZEG00005024513	0	0
ENSMZEG00005024514	0	0
ENSMZEG00005024515	0	0
ENSMZEG00005024516	0	0
ENSMZEG00005024517	348	320
ENSMZEG00005024518	0	0
ENSMZEG00005024519	0	0
ENSMZEG00005024520	9403	1603
ENSMZEG00005024521	0	0
ENSMZEG00005024522	0	0
ENSMZEG00005024523	0	0
ENSMZEG00005024524	0	0
ENSMZEG00005024525	0	1
ENSMZEG00005024526	0	0
ENSMZEG00005024527	0	0
ENSMZEG00005024528	0	0
ENSMZEG00005024529	3	0
ENSMZEG00005024530	0	0
ENSMZEG00005024531	0	0
ENSMZEG00005024532	0	0
ENSMZEG00005024533	6	8
ENSMZEG00005024534	4	3
ENSMZEG00005024535	0	0
ENSMZEG00005024536	0	0
ENSMZEG00005024537	0	0
ENSMZEG00005024538	0	0
ENSMZEG00005024539	0	0
ENSMZEG00005024540	0	0
ENSMZEG00005024541	6	6
ENSMZEG00005024542	455	169
ENSMZEG00005024543	397	800
ENSMZEG00005024544	0	0
ENSMZEG00005024545	0	0
ENSMZEG00005024546	0	0
ENSMZEG00005024547	1	1
ENSMZEG00005024548	0	0
ENSMZEG00005024549	0	0
ENSMZEG00005024550	0	0
ENSMZEG00005024551	7	9
ENSMZEG00005024552	0	0
ENSMZEG00005024553	6	1
ENSMZEG00005024554	0	0
ENSMZEG00005024555	7	1
ENSMZEG00005024556	0	0
ENSMZEG00005024557	0	0
ENSMZEG00005024558	0	0
ENSMZEG00005024559	0	0
ENSMZEG00005024560	0	0
ENSMZEG00005024561	0	0
ENSMZEG00005024562	0	0
ENSMZEG00005024563	0	0
ENSMZEG00005024564	10	4
ENSMZEG00005024565	0	0
ENSMZEG00005024566	0	0
ENSMZEG00005024567	0	0
ENSMZEG00005024568	0	0
ENSMZEG00005024569	0	0
ENSMZEG00005024570	0	0
ENSMZEG00005024571	0	0
ENSMZEG00005024572	0	3
ENSMZEG00005024573	1	0
ENSMZEG00005024574	0	0
ENSMZEG00005024575	0	0
ENSMZEG00005024576	0	0
ENSMZEG00005024577	0	0
ENSMZEG00005024578	0	1
ENSMZEG00005024579	0	0
ENSMZEG00005024580	1	0
ENSMZEG00005024581	0	1
ENSMZEG00005024582	4	2
ENSMZEG00005024583	0	0
ENSMZEG00005024584	0	2
ENSMZEG00005024585	8	0
ENSMZEG00005024586	0	0
ENSMZEG00005024587	0	3
ENSMZEG00005024588	3	4
ENSMZEG00005024589	0	1
ENSMZEG00005024590	0	0
ENSMZEG00005024591	0	0
ENSMZEG00005024592	0	0
ENSMZEG00005024593	163	15
ENSMZEG00005024594	123	22
ENSMZEG00005024595	5	1
ENSMZEG00005024596	5	18
ENSMZEG00005024597	106	23
ENSMZEG00005024598	6	8
ENSMZEG00005024599	0	0
ENSMZEG00005024600	0	0
ENSMZEG00005024601	0	0
ENSMZEG00005024602	0	1
ENSMZEG00005024603	0	0
ENSMZEG00005024604	167	151
ENSMZEG00005024605	0	0
ENSMZEG00005024606	5	1
ENSMZEG00005024607	0	0
ENSMZEG00005024608	0	0
ENSMZEG00005024609	813	705
ENSMZEG00005024610	6	2
ENSMZEG00005024611	0	0
ENSMZEG00005024612	0	3
ENSMZEG00005024613	0	0
ENSMZEG00005024614	0	0
ENSMZEG00005024615	0	0
ENSMZEG00005024616	0	0
ENSMZEG00005024617	0	0
ENSMZEG00005024618	0	0
ENSMZEG00005024619	0	0
ENSMZEG00005024620	0	1
ENSMZEG00005024621	0	0
ENSMZEG00005024622	1	1
ENSMZEG00005024623	0	0
ENSMZEG00005024624	0	0
ENSMZEG00005024625	0	8
ENSMZEG00005024626	0	0
ENSMZEG00005024627	5	5
ENSMZEG00005024628	0	0
ENSMZEG00005024629	0	0
ENSMZEG00005024630	0	0
ENSMZEG00005024631	2	1
ENSMZEG00005024632	0	0
ENSMZEG00005024633	0	0
ENSMZEG00005024634	0	0
ENSMZEG00005024635	0	0
ENSMZEG00005024636	0	0
ENSMZEG00005024637	4	0
ENSMZEG00005024638	0	0
ENSMZEG00005024639	1	2
ENSMZEG00005024640	0	0
ENSMZEG00005024641	0	0
ENSMZEG00005024642	0	0
ENSMZEG00005024643	0	0
ENSMZEG00005024644	0	0
ENSMZEG00005024645	0	0
ENSMZEG00005024646	0	0
ENSMZEG00005024647	0	0
ENSMZEG00005024648	18	8
ENSMZEG00005024649	0	0
ENSMZEG00005024650	0	0
ENSMZEG00005024651	0	4
ENSMZEG00005024652	0	0
ENSMZEG00005024653	0	0
ENSMZEG00005024654	9	0
ENSMZEG00005024655	0	0
ENSMZEG00005024656	0	1
ENSMZEG00005024657	0	0
ENSMZEG00005024658	1	0
ENSMZEG00005024659	0	0
ENSMZEG00005024660	0	0
ENSMZEG00005024661	0	0
ENSMZEG00005024662	57	11
ENSMZEG00005024663	0	0
ENSMZEG00005024664	0	0
ENSMZEG00005024665	0	2
ENSMZEG00005024666	0	0
ENSMZEG00005024667	216	336
ENSMZEG00005024668	2	0
ENSMZEG00005024669	0	0
ENSMZEG00005024670	0	0
ENSMZEG00005024671	3	0
ENSMZEG00005024672	0	0
ENSMZEG00005024673	2	0
ENSMZEG00005024674	0	0
ENSMZEG00005024675	0	0
ENSMZEG00005024676	0	0
ENSMZEG00005024677	0	0
ENSMZEG00005024678	196	9
ENSMZEG00005024679	0	0
ENSMZEG00005024680	0	0
ENSMZEG00005024681	0	1
ENSMZEG00005024682	0	0
ENSMZEG00005024683	0	0
ENSMZEG00005024684	6	1
ENSMZEG00005024685	0	0
ENSMZEG00005024686	0	0
ENSMZEG00005024687	0	0
ENSMZEG00005024688	9	3
ENSMZEG00005024689	2	2
ENSMZEG00005024690	0	0
ENSMZEG00005024691	0	0
ENSMZEG00005024692	6	2
ENSMZEG00005024693	0	0
ENSMZEG00005024694	19	18
ENSMZEG00005024695	14	9
ENSMZEG00005024696	27	223
ENSMZEG00005024697	0	7
ENSMZEG00005024698	3	35
ENSMZEG00005024699	0	1
ENSMZEG00005024700	0	0
ENSMZEG00005024701	7	33
ENSMZEG00005024702	0	0
ENSMZEG00005024703	2	0
ENSMZEG00005024704	0	0
ENSMZEG00005024705	24	100
ENSMZEG00005024706	0	0
ENSMZEG00005024707	741	247
ENSMZEG00005024708	1	2
ENSMZEG00005024709	0	0
ENSMZEG00005024710	0	0
ENSMZEG00005024711	0	1
ENSMZEG00005024712	0	0
ENSMZEG00005024713	0	0
ENSMZEG00005024714	0	0
ENSMZEG00005024715	4	6
ENSMZEG00005024716	531	1074
ENSMZEG00005024717	254	214
ENSMZEG00005024718	1	0
ENSMZEG00005024719	0	1
ENSMZEG00005024720	0	0
ENSMZEG00005024721	0	0
ENSMZEG00005024722	0	0
ENSMZEG00005024723	0	0
ENSMZEG00005024724	0	0
ENSMZEG00005024725	4	13
ENSMZEG00005024726	0	0
ENSMZEG00005024727	0	0
ENSMZEG00005024728	0	0
ENSMZEG00005024729	0	4
ENSMZEG00005024730	0	0
ENSMZEG00005024731	1	1
ENSMZEG00005024732	0	1
ENSMZEG00005024733	0	0
ENSMZEG00005024734	0	0
ENSMZEG00005024735	0	0
ENSMZEG00005024736	4	3
ENSMZEG00005024737	4	5
ENSMZEG00005024738	0	5
ENSMZEG00005024739	0	0
ENSMZEG00005024740	115	228
ENSMZEG00005024741	1	0
ENSMZEG00005024742	3	7
ENSMZEG00005024743	7	8
ENSMZEG00005024744	0	0
ENSMZEG00005024745	0	0
ENSMZEG00005024746	0	0
ENSMZEG00005024747	0	0
ENSMZEG00005024748	0	0
ENSMZEG00005024749	0	0
ENSMZEG00005024750	0	0
ENSMZEG00005024751	0	0
ENSMZEG00005024752	0	0
ENSMZEG00005024753	0	0
ENSMZEG00005024754	0	0
ENSMZEG00005024755	0	0
ENSMZEG00005024756	0	0
ENSMZEG00005024757	0	0
ENSMZEG00005024758	0	0
ENSMZEG00005024759	0	0
ENSMZEG00005024760	0	0
ENSMZEG00005024761	0	0
ENSMZEG00005024762	0	0
ENSMZEG00005024763	0	0
ENSMZEG00005024764	0	0
ENSMZEG00005024765	0	0
ENSMZEG00005024766	0	1
ENSMZEG00005024767	0	0
ENSMZEG00005024768	0	0
ENSMZEG00005024769	0	0
ENSMZEG00005024770	0	0
ENSMZEG00005024771	0	0
ENSMZEG00005024772	0	0
ENSMZEG00005024773	0	0
ENSMZEG00005024774	9	13
ENSMZEG00005024775	1	4
ENSMZEG00005024776	0	0
ENSMZEG00005024777	62	46
ENSMZEG00005024778	37	11
ENSMZEG00005024779	0	2
ENSMZEG00005024780	0	0
ENSMZEG00005024781	0	0
ENSMZEG00005024782	0	0
ENSMZEG00005024783	0	0
ENSMZEG00005024784	0	0
ENSMZEG00005024785	0	0
ENSMZEG00005024786	0	0
ENSMZEG00005024787	0	0
ENSMZEG00005024788	0	0
ENSMZEG00005024789	0	0
ENSMZEG00005024790	0	0
ENSMZEG00005024791	25	1
ENSMZEG00005024792	14	8
ENSMZEG00005024793	38	52
ENSMZEG00005024794	0	0
ENSMZEG00005024795	13	35
ENSMZEG00005024796	55	65
ENSMZEG00005024797	0	0
ENSMZEG00005024798	0	0
ENSMZEG00005024799	0	0
ENSMZEG00005024800	0	0
ENSMZEG00005024801	0	0
ENSMZEG00005024802	0	0
ENSMZEG00005024803	1	0
ENSMZEG00005024804	0	0
ENSMZEG00005024805	0	0
ENSMZEG00005024806	0	0
ENSMZEG00005024807	0	0
ENSMZEG00005024808	0	0
ENSMZEG00005024809	0	0
ENSMZEG00005024810	1	0
ENSMZEG00005024811	0	0
ENSMZEG00005024812	0	0
ENSMZEG00005024813	0	0
ENSMZEG00005024814	0	0
ENSMZEG00005024815	0	0
ENSMZEG00005024816	0	0
ENSMZEG00005024817	0	0
ENSMZEG00005024818	1	5
ENSMZEG00005024819	0	0
ENSMZEG00005024820	0	0
ENSMZEG00005024821	0	7
ENSMZEG00005024822	0	0
ENSMZEG00005024823	0	0
ENSMZEG00005024824	0	0
ENSMZEG00005024825	0	0
ENSMZEG00005024826	0	0
ENSMZEG00005024827	0	0
ENSMZEG00005024828	0	0
ENSMZEG00005024829	2	0
ENSMZEG00005024830	0	0
ENSMZEG00005024831	0	0
ENSMZEG00005024832	0	0
ENSMZEG00005024833	0	6
ENSMZEG00005024834	0	0
ENSMZEG00005024835	0	0
ENSMZEG00005024836	0	0
ENSMZEG00005024837	0	0
ENSMZEG00005024838	0	0
ENSMZEG00005024839	0	0
ENSMZEG00005024840	0	0
ENSMZEG00005024841	0	0
ENSMZEG00005024842	0	0
ENSMZEG00005024843	0	0
ENSMZEG00005024844	0	0
ENSMZEG00005024845	0	0
ENSMZEG00005024846	0	0
ENSMZEG00005024847	2	1
ENSMZEG00005024848	0	0
ENSMZEG00005024849	0	0
ENSMZEG00005024850	0	0
ENSMZEG00005024851	0	0
ENSMZEG00005024852	0	0
ENSMZEG00005024853	0	0
ENSMZEG00005024854	0	0
ENSMZEG00005024855	2	0
ENSMZEG00005024856	154	122
ENSMZEG00005024857	9	0
ENSMZEG00005024858	3	0
ENSMZEG00005024859	0	0
ENSMZEG00005024860	6	3
ENSMZEG00005024861	0	0
ENSMZEG00005024862	3	6
ENSMZEG00005024863	0	0
ENSMZEG00005024864	94	29
ENSMZEG00005024865	3	1
ENSMZEG00005024866	0	0
ENSMZEG00005024867	4	0
ENSMZEG00005024868	0	0
ENSMZEG00005024869	35	11
ENSMZEG00005024870	0	0
ENSMZEG00005024871	1	1
ENSMZEG00005024872	0	0
ENSMZEG00005024873	0	0
ENSMZEG00005024874	2	2
ENSMZEG00005024875	0	0
ENSMZEG00005024876	1	4
ENSMZEG00005024877	0	0
ENSMZEG00005024878	1	7
ENSMZEG00005024879	0	0
ENSMZEG00005024880	0	0
ENSMZEG00005024881	0	0
ENSMZEG00005024882	0	0
ENSMZEG00005024883	0	0
ENSMZEG00005024884	0	0
ENSMZEG00005024885	30	5
ENSMZEG00005024886	0	0
ENSMZEG00005024887	4	0
ENSMZEG00005024888	3	1
ENSMZEG00005024889	0	0
ENSMZEG00005024890	0	0
ENSMZEG00005024891	0	0
ENSMZEG00005024892	10	1
ENSMZEG00005024893	0	0
ENSMZEG00005024894	0	0
ENSMZEG00005024895	0	0
ENSMZEG00005024896	0	0
ENSMZEG00005024897	0	0
ENSMZEG00005024898	0	0
ENSMZEG00005024899	0	0
ENSMZEG00005024900	0	0
ENSMZEG00005024901	0	0
ENSMZEG00005024902	0	0
ENSMZEG00005024903	0	0
ENSMZEG00005024904	0	0
ENSMZEG00005024905	0	0
ENSMZEG00005024906	0	0
ENSMZEG00005024907	2	0
ENSMZEG00005024908	0	0
ENSMZEG00005024909	2	0
ENSMZEG00005024910	0	0
ENSMZEG00005024911	0	0
ENSMZEG00005024912	0	0
ENSMZEG00005024913	0	0
ENSMZEG00005024914	0	0
ENSMZEG00005024915	0	0
ENSMZEG00005024916	0	0
ENSMZEG00005024917	0	0
ENSMZEG00005024918	0	0
ENSMZEG00005024919	0	0
ENSMZEG00005024920	19	11
ENSMZEG00005024921	0	0
ENSMZEG00005024922	1	0
ENSMZEG00005024923	2	0
ENSMZEG00005024924	0	0
ENSMZEG00005024925	0	0
ENSMZEG00005024926	0	1
ENSMZEG00005024927	0	1
ENSMZEG00005024928	10	2
ENSMZEG00005024929	40	0
ENSMZEG00005024930	0	0
ENSMZEG00005024931	2	0
ENSMZEG00005024932	0	0
ENSMZEG00005024933	2	0
ENSMZEG00005024934	3	0
ENSMZEG00005024935	1	0
ENSMZEG00005024936	1	0
ENSMZEG00005024937	0	0
ENSMZEG00005024938	0	0
ENSMZEG00005024939	0	0
ENSMZEG00005024940	6	17
ENSMZEG00005024941	0	0
ENSMZEG00005024942	0	0
ENSMZEG00005024943	15	29
ENSMZEG00005024944	0	1
ENSMZEG00005024945	0	0
ENSMZEG00005024946	8	0
ENSMZEG00005024947	8	0
ENSMZEG00005024948	0	0
ENSMZEG00005024949	0	0
ENSMZEG00005024950	0	0
ENSMZEG00005024951	0	0
ENSMZEG00005024952	0	0
ENSMZEG00005024953	0	0
ENSMZEG00005024954	3	4
ENSMZEG00005024955	4	0
ENSMZEG00005024956	8	9
ENSMZEG00005024957	0	0
ENSMZEG00005024958	0	0
ENSMZEG00005024959	0	0
ENSMZEG00005024960	70	17
ENSMZEG00005024961	0	0
ENSMZEG00005024962	1	0
ENSMZEG00005024963	0	0
ENSMZEG00005024964	0	0
ENSMZEG00005024965	0	1
ENSMZEG00005024966	7	1
ENSMZEG00005024967	0	0
ENSMZEG00005024968	0	0
ENSMZEG00005024969	0	0
ENSMZEG00005024970	1	0
ENSMZEG00005024971	4	0
ENSMZEG00005024972	0	0
ENSMZEG00005024973	463	35
ENSMZEG00005024974	0	0
ENSMZEG00005024975	0	0
ENSMZEG00005024976	0	0
ENSMZEG00005024977	2	2
ENSMZEG00005024978	1	0
ENSMZEG00005024979	0	0
ENSMZEG00005024980	0	0
ENSMZEG00005024981	0	0
ENSMZEG00005024982	78	0
ENSMZEG00005024983	1	2
ENSMZEG00005024984	0	2
ENSMZEG00005024985	0	0
ENSMZEG00005024986	18	1
ENSMZEG00005024987	0	0
ENSMZEG00005024988	0	0
ENSMZEG00005024989	0	3
ENSMZEG00005024990	0	0
ENSMZEG00005024991	0	1
ENSMZEG00005024992	134	134
ENSMZEG00005024993	295	368
ENSMZEG00005024994	6	1
ENSMZEG00005024995	0	9
ENSMZEG00005024996	0	0
ENSMZEG00005024997	0	0
ENSMZEG00005024998	0	0
ENSMZEG00005024999	0	3
ENSMZEG00005025000	2	0
ENSMZEG00005025001	23	33
ENSMZEG00005025002	2	2
ENSMZEG00005025003	0	0
ENSMZEG00005025004	2	2
ENSMZEG00005025005	0	0
ENSMZEG00005025006	2	0
ENSMZEG00005025007	0	0
ENSMZEG00005025008	0	0
ENSMZEG00005025009	1	0
ENSMZEG00005025010	0	0
ENSMZEG00005025011	0	0
ENSMZEG00005025012	15	2
ENSMZEG00005025013	0	0
ENSMZEG00005025014	2	5
ENSMZEG00005025015	0	0
ENSMZEG00005025016	0	0
ENSMZEG00005025017	0	0
ENSMZEG00005025018	0	0
ENSMZEG00005025019	0	0
ENSMZEG00005025020	2	4
ENSMZEG00005025021	0	0
ENSMZEG00005025022	0	0
ENSMZEG00005025023	0	0
ENSMZEG00005025024	0	0
ENSMZEG00005025025	0	0
ENSMZEG00005025026	0	0
ENSMZEG00005025027	0	0
ENSMZEG00005025028	0	0
ENSMZEG00005025029	0	0
ENSMZEG00005025030	0	0
ENSMZEG00005025031	3	12
ENSMZEG00005025032	0	0
ENSMZEG00005025033	0	0
ENSMZEG00005025034	0	0
ENSMZEG00005025035	0	0
ENSMZEG00005025036	0	0
ENSMZEG00005025037	0	0
ENSMZEG00005025038	0	0
ENSMZEG00005025039	0	0
ENSMZEG00005025040	0	0
ENSMZEG00005025041	0	0
ENSMZEG00005025042	0	0
ENSMZEG00005025043	2	1
ENSMZEG00005025044	0	0
ENSMZEG00005025045	0	0
ENSMZEG00005025046	1	0
ENSMZEG00005025047	0	0
ENSMZEG00005025048	1	0
ENSMZEG00005025049	3	3
ENSMZEG00005025050	0	0
ENSMZEG00005025051	0	0
ENSMZEG00005025052	1	0
ENSMZEG00005025053	7	6
ENSMZEG00005025054	0	0
ENSMZEG00005025055	0	0
ENSMZEG00005025056	0	2
ENSMZEG00005025057	0	0
ENSMZEG00005025058	11	8
ENSMZEG00005025059	0	0
ENSMZEG00005025060	4	1
ENSMZEG00005025061	28	9
ENSMZEG00005025062	1	0
ENSMZEG00005025063	6705	3454
ENSMZEG00005025064	20	6
ENSMZEG00005025065	7	4
ENSMZEG00005025066	2	2
ENSMZEG00005025067	0	0
ENSMZEG00005025068	0	0
ENSMZEG00005025069	4	7
ENSMZEG00005025070	31	4
ENSMZEG00005025071	422	2583
ENSMZEG00005025072	1238	1541
ENSMZEG00005025073	3	4
ENSMZEG00005025074	4	6
ENSMZEG00005025075	2	1
ENSMZEG00005025076	0	0
ENSMZEG00005025077	0	0
ENSMZEG00005025078	0	0
ENSMZEG00005025079	0	0
ENSMZEG00005025080	0	0
ENSMZEG00005025081	0	0
ENSMZEG00005025082	30	105
ENSMZEG00005025083	1	2
ENSMZEG00005025084	64	51
ENSMZEG00005025085	4	8
ENSMZEG00005025086	1	3
ENSMZEG00005025087	0	3
ENSMZEG00005025088	414	500
ENSMZEG00005025089	113	209
ENSMZEG00005025090	0	1
ENSMZEG00005025091	0	0
ENSMZEG00005025092	9	22
ENSMZEG00005025093	0	0
ENSMZEG00005025094	0	0
ENSMZEG00005025095	2	3
ENSMZEG00005025096	0	0
ENSMZEG00005025097	0	0
ENSMZEG00005025098	0	0
ENSMZEG00005025099	0	0
ENSMZEG00005025100	11	2
ENSMZEG00005025101	0	0
ENSMZEG00005025102	0	0
ENSMZEG00005025103	0	0
ENSMZEG00005025104	0	0
ENSMZEG00005025105	0	0
ENSMZEG00005025106	4	0
ENSMZEG00005025107	0	0
ENSMZEG00005025108	7	0
ENSMZEG00005025109	16	2
ENSMZEG00005025110	0	0
ENSMZEG00005025111	1	0
ENSMZEG00005025112	0	0
ENSMZEG00005025113	14	2
ENSMZEG00005025114	0	0
ENSMZEG00005025115	0	0
ENSMZEG00005025116	0	0
ENSMZEG00005025117	1	2
ENSMZEG00005025118	0	0
ENSMZEG00005025119	0	0
ENSMZEG00005025120	3	0
ENSMZEG00005025121	0	0
ENSMZEG00005025122	0	0
ENSMZEG00005025123	0	0
ENSMZEG00005025124	0	0
ENSMZEG00005025125	0	0
ENSMZEG00005025126	199	48
ENSMZEG00005025127	0	0
ENSMZEG00005025128	0	0
ENSMZEG00005025129	0	0
ENSMZEG00005025130	0	0
ENSMZEG00005025131	0	6
ENSMZEG00005025132	0	0
ENSMZEG00005025133	0	0
ENSMZEG00005025134	0	0
ENSMZEG00005025135	0	0
ENSMZEG00005025136	1	0
ENSMZEG00005025137	0	0
ENSMZEG00005025138	6	5
ENSMZEG00005025139	0	0
ENSMZEG00005025140	0	0
ENSMZEG00005025141	0	0
ENSMZEG00005025142	0	3
ENSMZEG00005025143	0	0
ENSMZEG00005025144	2	1
ENSMZEG00005025145	0	0
ENSMZEG00005025146	0	0
ENSMZEG00005025147	0	0
ENSMZEG00005025148	3	0
ENSMZEG00005025149	0	3
ENSMZEG00005025150	0	0
ENSMZEG00005025151	4	1
ENSMZEG00005025152	146	251
ENSMZEG00005025153	5	45
ENSMZEG00005025154	0	0
ENSMZEG00005025155	0	0
ENSMZEG00005025156	0	0
ENSMZEG00005025157	0	0
ENSMZEG00005025158	3	11
ENSMZEG00005025159	7	0
ENSMZEG00005025160	0	0
ENSMZEG00005025161	0	0
ENSMZEG00005025162	16	0
ENSMZEG00005025163	0	0
ENSMZEG00005025164	1	0
ENSMZEG00005025165	2	3
ENSMZEG00005025166	6	10
ENSMZEG00005025167	0	4
ENSMZEG00005025168	1	0
ENSMZEG00005025169	1	0
ENSMZEG00005025170	0	5
ENSMZEG00005025171	4	4
ENSMZEG00005025172	3	3
ENSMZEG00005025173	0	1
ENSMZEG00005025174	0	0
ENSMZEG00005025175	11	7
ENSMZEG00005025176	0	0
ENSMZEG00005025177	0	2
ENSMZEG00005025178	0	0
ENSMZEG00005025179	0	0
ENSMZEG00005025180	0	0
ENSMZEG00005025181	0	4
ENSMZEG00005025182	0	0
ENSMZEG00005025183	0	0
ENSMZEG00005025184	0	6
ENSMZEG00005025185	0	3
ENSMZEG00005025186	1	0
ENSMZEG00005025187	0	0
ENSMZEG00005025188	0	1
ENSMZEG00005025189	0	0
ENSMZEG00005025190	0	0
ENSMZEG00005025191	0	0
ENSMZEG00005025192	0	0
ENSMZEG00005025193	0	0
ENSMZEG00005025194	0	0
ENSMZEG00005025195	0	0
ENSMZEG00005025196	0	0
ENSMZEG00005025197	0	0
ENSMZEG00005025198	0	0
ENSMZEG00005025199	4	4
ENSMZEG00005025200	0	0
ENSMZEG00005025201	0	0
ENSMZEG00005025202	0	0
ENSMZEG00005025203	0	0
ENSMZEG00005025204	0	0
ENSMZEG00005025205	1	1
ENSMZEG00005025206	0	0
ENSMZEG00005025207	0	0
ENSMZEG00005025208	0	0
ENSMZEG00005025209	0	0
ENSMZEG00005025210	0	0
ENSMZEG00005025211	0	0
ENSMZEG00005025212	0	0
ENSMZEG00005025213	0	0
ENSMZEG00005025214	5	2
ENSMZEG00005025215	0	1
ENSMZEG00005025216	0	0
ENSMZEG00005025217	0	0
ENSMZEG00005025218	0	0
ENSMZEG00005025219	0	1
ENSMZEG00005025220	0	0
ENSMZEG00005025221	1	4
ENSMZEG00005025222	0	3
ENSMZEG00005025223	0	0
ENSMZEG00005025224	0	0
ENSMZEG00005025225	0	0
ENSMZEG00005025226	0	0
ENSMZEG00005025227	57	27
ENSMZEG00005025228	3	22
ENSMZEG00005025229	0	0
ENSMZEG00005025230	0	0
ENSMZEG00005025231	0	0
ENSMZEG00005025232	1	11
ENSMZEG00005025233	2	0
ENSMZEG00005025234	630	422
ENSMZEG00005025235	1	1
ENSMZEG00005025236	1	1
ENSMZEG00005025237	897	769
ENSMZEG00005025238	0	0
ENSMZEG00005025239	4	1
ENSMZEG00005025240	0	0
ENSMZEG00005025241	0	0
ENSMZEG00005025242	0	0
ENSMZEG00005025243	1	0
ENSMZEG00005025244	38	110
ENSMZEG00005025245	1	1
ENSMZEG00005025246	9	6
ENSMZEG00005025247	0	0
ENSMZEG00005025248	0	0
ENSMZEG00005025249	1	3
ENSMZEG00005025250	0	0
ENSMZEG00005025251	1	0
ENSMZEG00005025252	0	0
ENSMZEG00005025253	10	6
ENSMZEG00005025254	1	6
ENSMZEG00005025255	0	0
ENSMZEG00005025256	0	0
ENSMZEG00005025257	4	2
ENSMZEG00005025258	1	0
ENSMZEG00005025259	0	1
ENSMZEG00005025260	0	0
ENSMZEG00005025261	4	0
ENSMZEG00005025262	2	8
ENSMZEG00005025263	1	0
ENSMZEG00005025264	0	2
ENSMZEG00005025265	0	0
ENSMZEG00005025266	2	0
ENSMZEG00005025267	11	2
ENSMZEG00005025268	12	3
ENSMZEG00005025269	4	1
ENSMZEG00005025270	0	0
ENSMZEG00005025271	7	1
ENSMZEG00005025272	0	0
ENSMZEG00005025273	177	12
ENSMZEG00005025274	0	0
ENSMZEG00005025275	2	0
ENSMZEG00005025276	0	0
ENSMZEG00005025277	3	1
ENSMZEG00005025278	0	0
ENSMZEG00005025279	0	0
ENSMZEG00005025280	3	1
ENSMZEG00005025281	0	0
ENSMZEG00005025282	123	45
ENSMZEG00005025283	0	0
ENSMZEG00005025284	0	0
ENSMZEG00005025285	0	0
ENSMZEG00005025286	10	31
ENSMZEG00005025287	70	38
ENSMZEG00005025288	0	0
ENSMZEG00005025289	0	0
ENSMZEG00005025290	1	0
ENSMZEG00005025291	0	0
ENSMZEG00005025292	0	0
ENSMZEG00005025293	3	0
ENSMZEG00005025294	0	0
ENSMZEG00005025295	0	0
ENSMZEG00005025296	0	0
ENSMZEG00005025297	0	0
ENSMZEG00005025298	0	0
ENSMZEG00005025299	0	3
ENSMZEG00005025300	0	1
ENSMZEG00005025301	3	1
ENSMZEG00005025302	0	0
ENSMZEG00005025303	0	0
ENSMZEG00005025304	0	0
ENSMZEG00005025305	0	0
ENSMZEG00005025306	0	0
ENSMZEG00005025307	54	206
ENSMZEG00005025308	0	0
ENSMZEG00005025309	0	0
ENSMZEG00005025310	0	0
ENSMZEG00005025311	1	2
ENSMZEG00005025312	0	4
ENSMZEG00005025313	0	0
ENSMZEG00005025314	0	0
ENSMZEG00005025315	0	0
ENSMZEG00005025316	0	0
ENSMZEG00005025317	0	0
ENSMZEG00005025318	0	0
ENSMZEG00005025319	0	0
ENSMZEG00005025320	0	0
ENSMZEG00005025321	0	0
ENSMZEG00005025322	11	4
ENSMZEG00005025323	0	0
ENSMZEG00005025324	1	0
ENSMZEG00005025325	0	0
ENSMZEG00005025326	0	0
ENSMZEG00005025327	2	1
ENSMZEG00005025328	0	1
ENSMZEG00005025329	56	587
ENSMZEG00005025330	1	1
ENSMZEG00005025331	0	0
ENSMZEG00005025332	0	0
ENSMZEG00005025333	0	0
ENSMZEG00005025334	0	0
ENSMZEG00005025335	0	0
ENSMZEG00005025336	0	0
ENSMZEG00005025337	0	1
ENSMZEG00005025338	1	1
ENSMZEG00005025339	1	0
ENSMZEG00005025340	18	2
ENSMZEG00005025341	5	3
ENSMZEG00005025342	0	0
ENSMZEG00005025343	0	0
ENSMZEG00005025344	3	2
ENSMZEG00005025345	0	0
ENSMZEG00005025346	0	0
ENSMZEG00005025347	0	0
ENSMZEG00005025348	0	0
ENSMZEG00005025349	0	0
ENSMZEG00005025350	0	3
ENSMZEG00005025351	0	0
ENSMZEG00005025352	0	10
ENSMZEG00005025353	0	3
ENSMZEG00005025354	0	1
ENSMZEG00005025355	0	0
ENSMZEG00005025356	0	0
ENSMZEG00005025357	2	2
ENSMZEG00005025358	11	0
ENSMZEG00005025359	0	0
ENSMZEG00005025360	14	0
ENSMZEG00005025361	6	2
ENSMZEG00005025362	0	1
ENSMZEG00005025363	3	4
ENSMZEG00005025364	0	0
ENSMZEG00005025365	18	3
ENSMZEG00005025366	0	0
ENSMZEG00005025367	0	0
ENSMZEG00005025368	2	1
ENSMZEG00005025369	0	0
ENSMZEG00005025370	0	0
ENSMZEG00005025371	0	0
ENSMZEG00005025372	3	3
ENSMZEG00005025373	0	0
ENSMZEG00005025374	28	13
ENSMZEG00005025375	0	0
ENSMZEG00005025376	7	2
ENSMZEG00005025377	0	0
ENSMZEG00005025378	0	0
ENSMZEG00005025379	0	0
ENSMZEG00005025380	7	2
ENSMZEG00005025381	0	0
ENSMZEG00005025382	10	7
ENSMZEG00005025383	0	0
ENSMZEG00005025384	0	0
ENSMZEG00005025385	0	0
ENSMZEG00005025386	0	0
ENSMZEG00005025387	3	1
ENSMZEG00005025388	1	7
ENSMZEG00005025389	0	0
ENSMZEG00005025390	3	2
ENSMZEG00005025391	0	0
ENSMZEG00005025392	0	0
ENSMZEG00005025393	4	11
ENSMZEG00005025394	0	0
ENSMZEG00005025395	73	11
ENSMZEG00005025396	0	0
ENSMZEG00005025397	0	4
ENSMZEG00005025398	0	2
ENSMZEG00005025399	1	27
ENSMZEG00005025400	12	3
ENSMZEG00005025401	0	1
ENSMZEG00005025402	0	0
ENSMZEG00005025403	1	1
ENSMZEG00005025404	0	0
ENSMZEG00005025405	4	4
ENSMZEG00005025406	1	7
ENSMZEG00005025407	11	9
ENSMZEG00005025408	0	0
ENSMZEG00005025409	5	9
ENSMZEG00005025410	1	1
ENSMZEG00005025411	7	4
ENSMZEG00005025412	2	8
ENSMZEG00005025413	0	0
ENSMZEG00005025414	0	1
ENSMZEG00005025415	29	25
ENSMZEG00005025416	108	40
ENSMZEG00005025417	0	0
ENSMZEG00005025418	0	0
ENSMZEG00005025419	3	0
ENSMZEG00005025420	7	8
ENSMZEG00005025421	0	7
ENSMZEG00005025422	0	2
ENSMZEG00005025423	31	51
ENSMZEG00005025424	7	26
ENSMZEG00005025425	2	0
ENSMZEG00005025426	4	6
ENSMZEG00005025427	18	38
ENSMZEG00005025428	44	15
ENSMZEG00005025429	0	1
ENSMZEG00005025430	0	0
ENSMZEG00005025431	17	8
ENSMZEG00005025432	0	0
ENSMZEG00005025433	0	0
ENSMZEG00005025434	0	1
ENSMZEG00005025435	0	1
ENSMZEG00005025436	0	22
ENSMZEG00005025437	0	0
ENSMZEG00005025438	1	0
ENSMZEG00005025439	1	5
ENSMZEG00005025440	0	2
ENSMZEG00005025441	0	4
ENSMZEG00005025442	8	11
ENSMZEG00005025443	0	0
ENSMZEG00005025444	0	1
ENSMZEG00005025445	103	111
ENSMZEG00005025446	0	0
ENSMZEG00005025447	0	0
ENSMZEG00005025448	1164	491
ENSMZEG00005025449	3	13
ENSMZEG00005025450	972	5525
ENSMZEG00005025451	0	0
ENSMZEG00005025452	4	21
ENSMZEG00005025453	1	12
ENSMZEG00005025454	1	0
ENSMZEG00005025455	0	0
ENSMZEG00005025456	6	4
ENSMZEG00005025457	7	3
ENSMZEG00005025458	502	722
ENSMZEG00005025459	0	4
ENSMZEG00005025460	8	13
ENSMZEG00005025461	0	0
ENSMZEG00005025462	5	11
ENSMZEG00005025463	46	35
ENSMZEG00005025464	0	2
ENSMZEG00005025465	2925	3959
ENSMZEG00005025466	40	1
ENSMZEG00005025467	1	4
ENSMZEG00005025468	2	3
ENSMZEG00005025469	0	12
ENSMZEG00005025470	0	0
ENSMZEG00005025471	0	0
ENSMZEG00005025472	0	0
ENSMZEG00005025473	4	2
ENSMZEG00005025474	10	6
ENSMZEG00005025475	0	0
ENSMZEG00005025476	3	11
ENSMZEG00005025477	0	1
ENSMZEG00005025478	4	2
ENSMZEG00005025479	2	2
ENSMZEG00005025480	0	3
ENSMZEG00005025481	5	3
ENSMZEG00005025482	2	8
ENSMZEG00005025483	5	4
ENSMZEG00005025484	4	2
ENSMZEG00005025485	3	2
ENSMZEG00005025486	7	9
ENSMZEG00005025487	1	0
ENSMZEG00005025488	531	306
ENSMZEG00005025489	3	2
ENSMZEG00005025490	0	3
ENSMZEG00005025491	0	3
ENSMZEG00005025492	9	3
ENSMZEG00005025493	0	0
ENSMZEG00005025494	3	0
ENSMZEG00005025495	9	1
ENSMZEG00005025496	0	0
ENSMZEG00005025497	0	0
ENSMZEG00005025498	0	0
ENSMZEG00005025499	7	3
ENSMZEG00005025500	1042	366
ENSMZEG00005025501	0	2
ENSMZEG00005025502	0	0
ENSMZEG00005025503	0	1
ENSMZEG00005025504	0	1
ENSMZEG00005025505	0	0
ENSMZEG00005025506	0	0
ENSMZEG00005025507	0	0
ENSMZEG00005025508	9	1
ENSMZEG00005025509	0	1
ENSMZEG00005025510	12	29
ENSMZEG00005025511	3	0
ENSMZEG00005025512	7	46
ENSMZEG00005025513	0	2
ENSMZEG00005025514	13	2
ENSMZEG00005025515	0	0
ENSMZEG00005025516	0	0
ENSMZEG00005025517	166	318
ENSMZEG00005025518	481	182
ENSMZEG00005025519	3	4
ENSMZEG00005025520	0	0
ENSMZEG00005025521	0	0
ENSMZEG00005025522	54	327
ENSMZEG00005025523	0	4
ENSMZEG00005025524	23	3
ENSMZEG00005025525	1	1
ENSMZEG00005025526	1	0
ENSMZEG00005025527	0	0
ENSMZEG00005025528	0	0
ENSMZEG00005025529	0	0
ENSMZEG00005025530	0	0
ENSMZEG00005025531	0	0
ENSMZEG00005025532	0	0
ENSMZEG00005025533	0	0
ENSMZEG00005025534	1	0
ENSMZEG00005025535	0	0
ENSMZEG00005025536	6	12
ENSMZEG00005025537	27	46
ENSMZEG00005025538	783	692
ENSMZEG00005025539	2	0
ENSMZEG00005025540	0	0
ENSMZEG00005025541	2	0
ENSMZEG00005025542	0	0
ENSMZEG00005025543	5	1
ENSMZEG00005025544	1	1
ENSMZEG00005025545	11	88
ENSMZEG00005025546	0	0
ENSMZEG00005025547	0	0
ENSMZEG00005025548	2	0
ENSMZEG00005025549	0	0
ENSMZEG00005025550	1	3
ENSMZEG00005025551	0	2
ENSMZEG00005025552	0	0
ENSMZEG00005025553	0	0
ENSMZEG00005025554	0	0
ENSMZEG00005025555	0	0
ENSMZEG00005025556	6	0
ENSMZEG00005025557	0	0
ENSMZEG00005025558	0	0
ENSMZEG00005025559	0	0
ENSMZEG00005025560	0	0
ENSMZEG00005025561	0	0
ENSMZEG00005025562	3	0
ENSMZEG00005025563	1	0
ENSMZEG00005025564	0	0
ENSMZEG00005025565	0	0
ENSMZEG00005025566	0	0
ENSMZEG00005025567	15	41
ENSMZEG00005025568	0	0
ENSMZEG00005025569	0	0
ENSMZEG00005025570	1	2
ENSMZEG00005025571	0	0
ENSMZEG00005025572	0	0
ENSMZEG00005025573	0	1
ENSMZEG00005025574	2	0
ENSMZEG00005025575	13	440
ENSMZEG00005025576	6	10
ENSMZEG00005025577	140	56
ENSMZEG00005025578	0	0
ENSMZEG00005025579	0	0
ENSMZEG00005025580	4	2
ENSMZEG00005025581	0	0
ENSMZEG00005025582	0	0
ENSMZEG00005025583	422	897
ENSMZEG00005025584	2	0
ENSMZEG00005025585	0	0
ENSMZEG00005025586	1	7
ENSMZEG00005025587	0	0
ENSMZEG00005025588	2	3
ENSMZEG00005025589	0	0
ENSMZEG00005025590	0	0
ENSMZEG00005025591	0	1
ENSMZEG00005025592	0	0
ENSMZEG00005025593	0	0
ENSMZEG00005025594	3	2
ENSMZEG00005025595	0	0
ENSMZEG00005025596	0	0
ENSMZEG00005025597	0	1
ENSMZEG00005025598	0	0
ENSMZEG00005025599	0	0
ENSMZEG00005025600	3	4
ENSMZEG00005025601	0	0
ENSMZEG00005025602	0	0
ENSMZEG00005025603	0	0
ENSMZEG00005025604	7	15
ENSMZEG00005025605	2	1
ENSMZEG00005025606	0	0
ENSMZEG00005025607	5	5
ENSMZEG00005025608	3	1
ENSMZEG00005025609	8	2
ENSMZEG00005025610	0	4
ENSMZEG00005025611	0	1
ENSMZEG00005025612	1	3
ENSMZEG00005025613	0	0
ENSMZEG00005025614	4	7
ENSMZEG00005025615	0	0
ENSMZEG00005025616	1	2
ENSMZEG00005025617	0	0
ENSMZEG00005025618	0	0
ENSMZEG00005025619	1	2
ENSMZEG00005025620	1	5
ENSMZEG00005025621	5	0
ENSMZEG00005025622	23	0
ENSMZEG00005025623	2	1
ENSMZEG00005025624	0	0
ENSMZEG00005025625	2	0
ENSMZEG00005025626	8	1
ENSMZEG00005025627	1	0
ENSMZEG00005025628	0	0
ENSMZEG00005025629	92	17
ENSMZEG00005025630	64	448
ENSMZEG00005025631	6	9
ENSMZEG00005025632	1	2
ENSMZEG00005025633	0	0
ENSMZEG00005025634	11	9
ENSMZEG00005025635	0	2
ENSMZEG00005025636	0	0
ENSMZEG00005025637	1	0
ENSMZEG00005025638	3	3
ENSMZEG00005025639	109	70
ENSMZEG00005025640	1117	1169
ENSMZEG00005025641	0	0
ENSMZEG00005025642	3	3
ENSMZEG00005025643	9	5
ENSMZEG00005025644	1	0
ENSMZEG00005025645	0	0
ENSMZEG00005025646	0	2
ENSMZEG00005025647	1	0
ENSMZEG00005025648	0	0
ENSMZEG00005025649	0	0
ENSMZEG00005025650	0	0
ENSMZEG00005025651	0	2
ENSMZEG00005025652	5	0
ENSMZEG00005025653	0	0
ENSMZEG00005025654	0	0
ENSMZEG00005025655	1	10
ENSMZEG00005025656	0	0
ENSMZEG00005025657	0	0
ENSMZEG00005025658	0	0
ENSMZEG00005025659	0	0
ENSMZEG00005025660	3	1
ENSMZEG00005025661	0	0
ENSMZEG00005025662	0	1
ENSMZEG00005025663	0	0
ENSMZEG00005025664	0	0
ENSMZEG00005025665	0	0
ENSMZEG00005025666	0	0
ENSMZEG00005025667	0	1
ENSMZEG00005025668	0	0
ENSMZEG00005025669	0	0
ENSMZEG00005025670	0	0
ENSMZEG00005025671	0	0
ENSMZEG00005025672	1	0
ENSMZEG00005025673	0	0
ENSMZEG00005025674	0	0
ENSMZEG00005025675	0	0
ENSMZEG00005025676	0	3
ENSMZEG00005025677	6	2
ENSMZEG00005025678	51	7
ENSMZEG00005025679	0	0
ENSMZEG00005025680	0	0
ENSMZEG00005025681	0	0
ENSMZEG00005025682	0	0
ENSMZEG00005025683	1	3
ENSMZEG00005025684	1	0
ENSMZEG00005025685	49	28
ENSMZEG00005025686	2	5
ENSMZEG00005025687	0	0
ENSMZEG00005025688	0	0
ENSMZEG00005025689	0	0
ENSMZEG00005025690	1	0
ENSMZEG00005025691	0	0
ENSMZEG00005025692	0	0
ENSMZEG00005025693	0	0
ENSMZEG00005025694	0	0
ENSMZEG00005025695	0	0
ENSMZEG00005025696	0	0
ENSMZEG00005025697	0	0
ENSMZEG00005025698	0	0
ENSMZEG00005025699	0	0
ENSMZEG00005025700	0	0
ENSMZEG00005025701	0	0
ENSMZEG00005025702	1	0
ENSMZEG00005025703	0	1
ENSMZEG00005025704	0	0
ENSMZEG00005025705	0	0
ENSMZEG00005025706	0	0
ENSMZEG00005025707	0	0
ENSMZEG00005025708	0	0
ENSMZEG00005025709	0	0
ENSMZEG00005025710	0	0
ENSMZEG00005025711	0	0
ENSMZEG00005025712	0	0
ENSMZEG00005025713	0	0
ENSMZEG00005025714	0	0
ENSMZEG00005025715	0	0
ENSMZEG00005025716	2	0
ENSMZEG00005025717	0	0
ENSMZEG00005025718	0	0
ENSMZEG00005025719	0	0
ENSMZEG00005025720	0	0
ENSMZEG00005025721	0	0
ENSMZEG00005025722	0	0
ENSMZEG00005025723	0	0
ENSMZEG00005025724	0	0
ENSMZEG00005025725	0	0
ENSMZEG00005025726	0	0
ENSMZEG00005025727	0	0
ENSMZEG00005025728	0	0
ENSMZEG00005025729	0	0
ENSMZEG00005025730	0	0
ENSMZEG00005025731	0	0
ENSMZEG00005025732	0	0
ENSMZEG00005025733	0	0
ENSMZEG00005025734	0	0
ENSMZEG00005025735	0	0
ENSMZEG00005025736	0	0
ENSMZEG00005025737	0	0
ENSMZEG00005025738	0	0
ENSMZEG00005025739	0	0
ENSMZEG00005025740	0	0
ENSMZEG00005025741	0	0
ENSMZEG00005025742	0	0
ENSMZEG00005025743	0	0
ENSMZEG00005025744	0	0
ENSMZEG00005025745	0	0
ENSMZEG00005025746	2	2
ENSMZEG00005025747	0	1
ENSMZEG00005025748	1287	218
ENSMZEG00005025749	0	0
ENSMZEG00005025750	0	0
ENSMZEG00005025751	1	0
ENSMZEG00005025752	0	0
ENSMZEG00005025753	2	0
ENSMZEG00005025754	0	0
ENSMZEG00005025755	0	0
ENSMZEG00005025756	0	0
ENSMZEG00005025757	0	0
ENSMZEG00005025758	0	0
ENSMZEG00005025759	0	0
ENSMZEG00005025760	0	0
ENSMZEG00005025761	0	1
ENSMZEG00005025762	8	1
ENSMZEG00005025763	1	0
ENSMZEG00005025764	8	15
ENSMZEG00005025765	0	0
ENSMZEG00005025766	45	61
ENSMZEG00005025767	0	1
ENSMZEG00005025768	0	0
ENSMZEG00005025769	0	1
ENSMZEG00005025770	0	1
ENSMZEG00005025771	0	0
ENSMZEG00005025772	0	0
ENSMZEG00005025773	4	0
ENSMZEG00005025774	0	0
ENSMZEG00005025775	0	0
ENSMZEG00005025776	0	0
ENSMZEG00005025777	0	0
ENSMZEG00005025778	2	7
ENSMZEG00005025779	0	0
ENSMZEG00005025780	0	0
ENSMZEG00005025781	0	0
ENSMZEG00005025782	0	0
ENSMZEG00005025783	0	0
ENSMZEG00005025784	1	0
ENSMZEG00005025785	0	0
ENSMZEG00005025786	0	0
ENSMZEG00005025787	0	0
ENSMZEG00005025788	0	0
ENSMZEG00005025789	0	0
ENSMZEG00005025790	0	0
ENSMZEG00005025791	0	0
ENSMZEG00005025792	1	0
ENSMZEG00005025793	0	0
ENSMZEG00005025794	1	0
ENSMZEG00005025795	0	0
ENSMZEG00005025796	99	107
ENSMZEG00005025797	430	111
ENSMZEG00005025798	0	0
ENSMZEG00005025799	3	3
ENSMZEG00005025800	0	2
ENSMZEG00005025801	0	0
ENSMZEG00005025802	1	0
ENSMZEG00005025803	0	0
ENSMZEG00005025804	0	0
ENSMZEG00005025805	10	20
ENSMZEG00005025806	0	0
ENSMZEG00005025807	1	7
ENSMZEG00005025808	0	0
ENSMZEG00005025809	27	35
ENSMZEG00005025810	0	0
ENSMZEG00005025811	0	0
ENSMZEG00005025812	0	0
ENSMZEG00005025813	0	0
ENSMZEG00005025814	0	0
ENSMZEG00005025815	0	0
ENSMZEG00005025816	0	1
ENSMZEG00005025817	0	1
ENSMZEG00005025818	0	0
ENSMZEG00005025819	1	0
ENSMZEG00005025820	11	14
ENSMZEG00005025821	0	4
ENSMZEG00005025822	0	0
ENSMZEG00005025823	0	0
ENSMZEG00005025824	0	0
ENSMZEG00005025825	0	0
ENSMZEG00005025826	0	0
ENSMZEG00005025827	0	0
ENSMZEG00005025828	0	0
ENSMZEG00005025829	0	0
ENSMZEG00005025830	0	0
ENSMZEG00005025831	0	0
ENSMZEG00005025832	2	3
ENSMZEG00005025833	2	0
ENSMZEG00005025834	0	0
ENSMZEG00005025835	0	0
ENSMZEG00005025836	0	0
ENSMZEG00005025837	0	0
ENSMZEG00005025838	0	0
ENSMZEG00005025839	2	0
ENSMZEG00005025840	0	0
ENSMZEG00005025841	0	0
ENSMZEG00005025842	4	17
ENSMZEG00005025843	0	0
ENSMZEG00005025844	0	0
ENSMZEG00005025845	0	0
ENSMZEG00005025846	0	0
ENSMZEG00005025847	0	0
ENSMZEG00005025848	0	0
ENSMZEG00005025849	4	0
ENSMZEG00005025850	0	0
ENSMZEG00005025851	0	0
ENSMZEG00005025852	0	0
ENSMZEG00005025853	16	2
ENSMZEG00005025854	0	0
ENSMZEG00005025855	0	0
ENSMZEG00005025856	0	0
ENSMZEG00005025857	0	0
ENSMZEG00005025858	0	0
ENSMZEG00005025859	0	0
ENSMZEG00005025860	0	0
ENSMZEG00005025861	0	0
ENSMZEG00005025862	0	0
ENSMZEG00005025863	0	0
ENSMZEG00005025864	0	0
ENSMZEG00005025865	0	0
ENSMZEG00005025866	0	0
ENSMZEG00005025867	0	1
ENSMZEG00005025868	0	0
ENSMZEG00005025869	0	0
ENSMZEG00005025870	6	2
ENSMZEG00005025871	0	0
ENSMZEG00005025872	1	5
ENSMZEG00005025873	0	0
ENSMZEG00005025874	0	0
ENSMZEG00005025875	14	8
ENSMZEG00005025876	0	0
ENSMZEG00005025877	0	0
ENSMZEG00005025878	9	0
ENSMZEG00005025879	0	0
ENSMZEG00005025880	0	0
ENSMZEG00005025881	0	0
ENSMZEG00005025882	0	0
ENSMZEG00005025883	4	11
ENSMZEG00005025884	0	0
ENSMZEG00005025885	0	0
ENSMZEG00005025886	76	1625
ENSMZEG00005025887	0	0
ENSMZEG00005025888	5	0
ENSMZEG00005025889	0	0
ENSMZEG00005025890	4	0
ENSMZEG00005025891	0	0
ENSMZEG00005025892	0	0
ENSMZEG00005025893	0	0
ENSMZEG00005025894	0	0
ENSMZEG00005025895	0	0
ENSMZEG00005025896	0	0
ENSMZEG00005025897	0	0
ENSMZEG00005025898	0	0
ENSMZEG00005025899	0	0
ENSMZEG00005025900	0	0
ENSMZEG00005025901	15	13
ENSMZEG00005025902	0	0
ENSMZEG00005025903	0	0
ENSMZEG00005025904	0	0
ENSMZEG00005025905	0	0
ENSMZEG00005025906	1	0
ENSMZEG00005025907	0	0
ENSMZEG00005025908	0	1
ENSMZEG00005025909	3	5
ENSMZEG00005025910	0	0
ENSMZEG00005025911	0	0
ENSMZEG00005025912	0	0
ENSMZEG00005025913	79	52
ENSMZEG00005025914	2	0
ENSMZEG00005025915	0	0
ENSMZEG00005025916	0	0
ENSMZEG00005025917	0	0
ENSMZEG00005025918	0	0
ENSMZEG00005025919	5	1
ENSMZEG00005025920	0	0
ENSMZEG00005025921	0	0
ENSMZEG00005025922	3	2
ENSMZEG00005025923	0	0
ENSMZEG00005025924	95	351
ENSMZEG00005025925	7	6
ENSMZEG00005025926	0	0
ENSMZEG00005025927	0	23
ENSMZEG00005025928	0	0
ENSMZEG00005025929	0	0
ENSMZEG00005025930	0	0
ENSMZEG00005025931	6	2
ENSMZEG00005025932	0	0
ENSMZEG00005025933	0	1
ENSMZEG00005025934	0	0
ENSMZEG00005025935	0	0
ENSMZEG00005025936	0	0
ENSMZEG00005025937	0	0
ENSMZEG00005025938	0	0
ENSMZEG00005025939	1	0
ENSMZEG00005025940	0	0
ENSMZEG00005025941	5	1
ENSMZEG00005025942	0	0
ENSMZEG00005025943	0	3
ENSMZEG00005025944	2	0
ENSMZEG00005025945	5	7
ENSMZEG00005025946	0	3
ENSMZEG00005025947	1	0
ENSMZEG00005025948	0	0
ENSMZEG00005025949	0	0
ENSMZEG00005025950	0	0
ENSMZEG00005025951	0	0
ENSMZEG00005025952	0	0
ENSMZEG00005025953	0	0
ENSMZEG00005025954	0	0
ENSMZEG00005025955	1	0
ENSMZEG00005025956	1	0
ENSMZEG00005025957	0	0
ENSMZEG00005025958	0	0
ENSMZEG00005025959	0	15
ENSMZEG00005025960	4	0
ENSMZEG00005025961	9	0
ENSMZEG00005025962	11	1
ENSMZEG00005025963	67	146
ENSMZEG00005025964	0	0
ENSMZEG00005025965	88	166
ENSMZEG00005025966	0	0
ENSMZEG00005025967	0	0
ENSMZEG00005025968	0	0
ENSMZEG00005025969	0	0
ENSMZEG00005025970	0	0
ENSMZEG00005025971	0	0
ENSMZEG00005025972	0	0
ENSMZEG00005025973	0	0
ENSMZEG00005025974	5	4
ENSMZEG00005025975	0	0
ENSMZEG00005025976	0	2
ENSMZEG00005025977	4	3
ENSMZEG00005025978	0	0
ENSMZEG00005025979	0	0
ENSMZEG00005025980	0	0
ENSMZEG00005025981	32	19
ENSMZEG00005025982	0	0
ENSMZEG00005025983	0	0
ENSMZEG00005025984	0	3
ENSMZEG00005025985	6	1
ENSMZEG00005025986	138	374
ENSMZEG00005025987	0	0
ENSMZEG00005025988	4	27
ENSMZEG00005025989	0	0
ENSMZEG00005025990	457	139
ENSMZEG00005025991	0	0
ENSMZEG00005025992	2	8
ENSMZEG00005025993	0	0
ENSMZEG00005025994	1	15
ENSMZEG00005025995	0	0
ENSMZEG00005025996	0	0
ENSMZEG00005025997	0	0
ENSMZEG00005025998	0	0
ENSMZEG00005025999	0	0
ENSMZEG00005026000	0	1
ENSMZEG00005026001	0	0
ENSMZEG00005026002	4	2
ENSMZEG00005026003	0	0
ENSMZEG00005026004	9	5
ENSMZEG00005026005	7	6
ENSMZEG00005026006	1	1
ENSMZEG00005026007	27	8
ENSMZEG00005026008	0	0
ENSMZEG00005026009	0	0
ENSMZEG00005026010	2	2
ENSMZEG00005026011	0	0
ENSMZEG00005026012	0	0
ENSMZEG00005026013	55	22
ENSMZEG00005026014	0	2
ENSMZEG00005026015	0	0
ENSMZEG00005026016	11	23
ENSMZEG00005026017	0	0
ENSMZEG00005026018	1116	337
ENSMZEG00005026019	0	0
ENSMZEG00005026020	1	9
ENSMZEG00005026021	0	0
ENSMZEG00005026022	0	0
ENSMZEG00005026023	0	0
ENSMZEG00005026024	2	0
ENSMZEG00005026025	0	0
ENSMZEG00005026026	0	0
ENSMZEG00005026027	2	3
ENSMZEG00005026028	0	0
ENSMZEG00005026029	6	5
ENSMZEG00005026030	3	5
ENSMZEG00005026031	1	18
ENSMZEG00005026032	3	0
ENSMZEG00005026033	0	0
ENSMZEG00005026034	0	0
ENSMZEG00005026035	0	0
ENSMZEG00005026036	2	0
ENSMZEG00005026037	0	0
ENSMZEG00005026038	0	0
ENSMZEG00005026039	0	0
ENSMZEG00005026040	0	0
ENSMZEG00005026041	0	0
ENSMZEG00005026042	0	0
ENSMZEG00005026043	1	0
ENSMZEG00005026044	1	0
ENSMZEG00005026045	0	0
ENSMZEG00005026046	0	0
ENSMZEG00005026047	0	0
ENSMZEG00005026048	0	0
ENSMZEG00005026049	6	7
ENSMZEG00005026050	0	0
ENSMZEG00005026051	0	0
ENSMZEG00005026052	0	0
ENSMZEG00005026053	0	0
ENSMZEG00005026054	0	0
ENSMZEG00005026055	0	0
ENSMZEG00005026056	0	0
ENSMZEG00005026057	19	27
ENSMZEG00005026058	26	36
ENSMZEG00005026059	0	0
ENSMZEG00005026060	294	71
ENSMZEG00005026061	1	0
ENSMZEG00005026062	0	2
ENSMZEG00005026063	0	0
ENSMZEG00005026064	0	0
ENSMZEG00005026065	0	1
ENSMZEG00005026066	0	0
ENSMZEG00005026067	7	0
ENSMZEG00005026068	0	0
ENSMZEG00005026069	0	0
ENSMZEG00005026070	0	0
ENSMZEG00005026071	2	1
ENSMZEG00005026072	3	1
ENSMZEG00005026073	0	0
ENSMZEG00005026074	0	0
ENSMZEG00005026075	1	0
ENSMZEG00005026076	0	0
ENSMZEG00005026077	0	0
ENSMZEG00005026078	0	1
ENSMZEG00005026079	0	0
ENSMZEG00005026080	0	0
ENSMZEG00005026081	2	0
ENSMZEG00005026082	0	0
ENSMZEG00005026083	14	3
ENSMZEG00005026084	0	0
ENSMZEG00005026085	0	0
ENSMZEG00005026086	6	11
ENSMZEG00005026087	0	0
ENSMZEG00005026088	0	0
ENSMZEG00005026089	0	1
ENSMZEG00005026090	0	0
ENSMZEG00005026091	3	6
ENSMZEG00005026092	0	2
ENSMZEG00005026093	0	0
ENSMZEG00005026094	0	0
ENSMZEG00005026095	1	0
ENSMZEG00005026096	1	1
ENSMZEG00005026097	0	1
ENSMZEG00005026098	6	5
ENSMZEG00005026099	0	0
ENSMZEG00005026100	0	1
ENSMZEG00005026101	6	4
ENSMZEG00005026102	0	0
ENSMZEG00005026103	0	1
ENSMZEG00005026104	0	0
ENSMZEG00005026105	6	7
ENSMZEG00005026106	0	0
ENSMZEG00005026107	0	0
ENSMZEG00005026108	16	5
ENSMZEG00005026109	956	82
ENSMZEG00005026110	0	0
ENSMZEG00005026111	9	65
ENSMZEG00005026112	337	58
ENSMZEG00005026113	1	1
ENSMZEG00005026114	15	41
ENSMZEG00005026115	0	0
ENSMZEG00005026116	0	4
ENSMZEG00005026117	22	805
ENSMZEG00005026118	0	0
ENSMZEG00005026119	0	0
ENSMZEG00005026120	2	240
ENSMZEG00005026121	0	0
ENSMZEG00005026122	5	0
ENSMZEG00005026123	0	0
ENSMZEG00005026124	0	0
ENSMZEG00005026125	0	0
ENSMZEG00005026126	10	2
ENSMZEG00005026127	0	0
ENSMZEG00005026128	0	0
ENSMZEG00005026129	0	0
ENSMZEG00005026130	0	0
ENSMZEG00005026131	0	3
ENSMZEG00005026132	0	0
ENSMZEG00005026133	1	0
ENSMZEG00005026134	0	0
ENSMZEG00005026135	6	5
ENSMZEG00005026136	4	2
ENSMZEG00005026137	0	0
ENSMZEG00005026138	0	0
ENSMZEG00005026139	0	3
ENSMZEG00005026140	0	2
ENSMZEG00005026141	0	0
ENSMZEG00005026142	0	0
ENSMZEG00005026143	0	0
ENSMZEG00005026144	1	5
ENSMZEG00005026145	0	2
ENSMZEG00005026146	0	0
ENSMZEG00005026147	0	0
ENSMZEG00005026148	0	0
ENSMZEG00005026149	0	0
ENSMZEG00005026150	69	167
ENSMZEG00005026151	0	1
ENSMZEG00005026152	0	0
ENSMZEG00005026153	38	8
ENSMZEG00005026154	0	0
ENSMZEG00005026155	0	0
ENSMZEG00005026156	0	0
ENSMZEG00005026157	0	0
ENSMZEG00005026158	32	65
ENSMZEG00005026159	0	0
ENSMZEG00005026160	0	0
ENSMZEG00005026161	11	0
ENSMZEG00005026162	5	0
ENSMZEG00005026163	1	0
ENSMZEG00005026164	0	0
ENSMZEG00005026165	0	0
ENSMZEG00005026166	3	0
ENSMZEG00005026167	0	0
ENSMZEG00005026168	4	7
ENSMZEG00005026169	0	0
ENSMZEG00005026170	0	0
ENSMZEG00005026171	0	0
ENSMZEG00005026172	0	0
ENSMZEG00005026173	0	1
ENSMZEG00005026174	1	3
ENSMZEG00005026175	116	47
ENSMZEG00005026176	0	0
ENSMZEG00005026177	0	0
ENSMZEG00005026178	0	0
ENSMZEG00005026179	0	0
ENSMZEG00005026180	0	1
ENSMZEG00005026181	6	1
ENSMZEG00005026182	0	0
ENSMZEG00005026183	0	0
ENSMZEG00005026184	0	0
ENSMZEG00005026185	95	59
ENSMZEG00005026186	12	18
ENSMZEG00005026187	0	0
ENSMZEG00005026188	0	0
ENSMZEG00005026189	0	1
ENSMZEG00005026190	9	12
ENSMZEG00005026191	1	0
ENSMZEG00005026192	2	0
ENSMZEG00005026193	0	0
ENSMZEG00005026194	1	0
ENSMZEG00005026195	0	1
ENSMZEG00005026196	2595	730
ENSMZEG00005026197	4	1
ENSMZEG00005026198	0	0
ENSMZEG00005026199	0	0
ENSMZEG00005026200	9	15
ENSMZEG00005026201	0	0
ENSMZEG00005026202	1617	325
ENSMZEG00005026203	4	4
ENSMZEG00005026204	5	2
ENSMZEG00005026205	0	0
ENSMZEG00005026206	3	3
ENSMZEG00005026207	0	0
ENSMZEG00005026208	1	0
ENSMZEG00005026209	0	0
ENSMZEG00005026210	0	2
ENSMZEG00005026211	0	0
ENSMZEG00005026212	0	0
ENSMZEG00005026213	0	6
ENSMZEG00005026214	180	556
ENSMZEG00005026215	0	0
ENSMZEG00005026216	988	849
ENSMZEG00005026217	0	0
ENSMZEG00005026218	2	0
ENSMZEG00005026219	0	0
ENSMZEG00005026220	4	10
ENSMZEG00005026221	4	82
ENSMZEG00005026222	2	0
ENSMZEG00005026223	22	17
ENSMZEG00005026224	1	0
ENSMZEG00005026225	0	1
ENSMZEG00005026226	0	0
ENSMZEG00005026227	5	2
ENSMZEG00005026228	0	0
ENSMZEG00005026229	0	0
ENSMZEG00005026230	4	0
ENSMZEG00005026231	1	1
ENSMZEG00005026232	0	0
ENSMZEG00005026233	0	0
ENSMZEG00005026234	2	1
ENSMZEG00005026235	0	0
ENSMZEG00005026236	3	19
ENSMZEG00005026237	1	0
ENSMZEG00005026238	0	0
ENSMZEG00005026239	6	3
ENSMZEG00005026240	0	0
ENSMZEG00005026241	0	0
ENSMZEG00005026242	0	0
ENSMZEG00005026243	1	3
ENSMZEG00005026244	1	1
ENSMZEG00005026245	3	1
ENSMZEG00005026246	1	5
ENSMZEG00005026247	0	2
ENSMZEG00005026248	0	0
ENSMZEG00005026249	49	151
ENSMZEG00005026250	8	9
ENSMZEG00005026251	2	7
ENSMZEG00005026252	5	3
ENSMZEG00005026253	0	0
ENSMZEG00005026254	0	0
ENSMZEG00005026255	2	0
ENSMZEG00005026256	0	1
ENSMZEG00005026257	1458	1344
ENSMZEG00005026258	12	5
ENSMZEG00005026259	0	4
ENSMZEG00005026260	0	0
ENSMZEG00005026261	0	0
ENSMZEG00005026262	143	59
ENSMZEG00005026263	0	0
ENSMZEG00005026264	0	0
ENSMZEG00005026265	0	0
ENSMZEG00005026266	0	1
ENSMZEG00005026267	0	0
ENSMZEG00005026268	9	5
ENSMZEG00005026269	0	0
ENSMZEG00005026270	5	1
ENSMZEG00005026271	0	0
ENSMZEG00005026272	0	0
ENSMZEG00005026273	0	0
ENSMZEG00005026274	1	4
ENSMZEG00005026275	21	2
ENSMZEG00005026276	0	0
ENSMZEG00005026277	3	2
ENSMZEG00005026278	1	0
ENSMZEG00005026279	0	0
ENSMZEG00005026280	27	74
ENSMZEG00005026281	3	4
ENSMZEG00005026282	0	0
ENSMZEG00005026283	3	1
ENSMZEG00005026284	0	0
ENSMZEG00005026285	1	1
ENSMZEG00005026286	0	0
ENSMZEG00005026287	0	0
ENSMZEG00005026288	1	0
ENSMZEG00005026289	0	0
ENSMZEG00005026290	0	0
ENSMZEG00005026291	0	0
ENSMZEG00005026292	1	0
ENSMZEG00005026293	1	0
ENSMZEG00005026294	0	0
ENSMZEG00005026295	1	1
ENSMZEG00005026296	0	0
ENSMZEG00005026297	7	1
ENSMZEG00005026298	0	0
ENSMZEG00005026299	0	0
ENSMZEG00005026300	1	0
ENSMZEG00005026301	3	0
ENSMZEG00005026302	2	2
ENSMZEG00005026303	0	1
ENSMZEG00005026304	3	0
ENSMZEG00005026305	0	0
ENSMZEG00005026306	0	0
ENSMZEG00005026307	0	2
ENSMZEG00005026308	5	1
ENSMZEG00005026309	3	3
ENSMZEG00005026310	5	0
ENSMZEG00005026311	293	203
ENSMZEG00005026312	10	4
ENSMZEG00005026313	1	8
ENSMZEG00005026314	1	2
ENSMZEG00005026315	13	4
ENSMZEG00005026316	68	96
ENSMZEG00005026317	1	3
ENSMZEG00005026318	0	6
ENSMZEG00005026319	30	32
ENSMZEG00005026320	1	2
ENSMZEG00005026321	10	12
ENSMZEG00005026322	2	27
ENSMZEG00005026323	6	0
ENSMZEG00005026324	23	46
ENSMZEG00005026325	3	13
ENSMZEG00005026326	5	0
ENSMZEG00005026327	5431	3009
ENSMZEG00005026328	508	115
ENSMZEG00005026329	1855	693
ENSMZEG00005026330	3	12
ENSMZEG00005026331	0	1
ENSMZEG00005026332	1	2
ENSMZEG00005026333	2	0
ENSMZEG00005026334	0	7
ENSMZEG00005026335	0	3
ENSMZEG00005026336	2	5
ENSMZEG00005026337	0	0
ENSMZEG00005026338	5	1
ENSMZEG00005026339	0	0
ENSMZEG00005026340	0	1
ENSMZEG00005026341	0	0
ENSMZEG00005026342	0	0
ENSMZEG00005026343	2	4
ENSMZEG00005026344	0	0
ENSMZEG00005026345	1	7
ENSMZEG00005026346	5	6
ENSMZEG00005026347	0	0
ENSMZEG00005026348	0	0
ENSMZEG00005026349	0	0
ENSMZEG00005026350	0	1
ENSMZEG00005026351	0	0
ENSMZEG00005026352	0	0
ENSMZEG00005026353	0	0
ENSMZEG00005026354	0	0
ENSMZEG00005026355	0	4
ENSMZEG00005026356	0	0
ENSMZEG00005026357	892	956
ENSMZEG00005026358	12	0
ENSMZEG00005026359	445	1188
ENSMZEG00005026360	99	102
ENSMZEG00005026361	0	0
ENSMZEG00005026362	4	34
ENSMZEG00005026363	1	0
ENSMZEG00005026364	0	0
ENSMZEG00005026365	1	2
ENSMZEG00005026366	10	44
ENSMZEG00005026367	0	0
ENSMZEG00005026368	1	1
ENSMZEG00005026369	1	0
ENSMZEG00005026370	2	1
ENSMZEG00005026371	4	0
ENSMZEG00005026372	2	0
ENSMZEG00005026373	0	0
ENSMZEG00005026374	2	0
ENSMZEG00005026375	2	4
ENSMZEG00005026376	0	0
ENSMZEG00005026377	0	4
ENSMZEG00005026378	19	23
ENSMZEG00005026379	8	9
ENSMZEG00005026380	1	1
ENSMZEG00005026381	5	1
ENSMZEG00005026382	3	3
ENSMZEG00005026383	0	0
ENSMZEG00005026384	0	0
ENSMZEG00005026385	0	6
ENSMZEG00005026386	0	0
ENSMZEG00005026387	0	0
ENSMZEG00005026388	6	3
ENSMZEG00005026389	0	3
ENSMZEG00005026390	1	1
ENSMZEG00005026391	3	1
ENSMZEG00005026392	1	27
ENSMZEG00005026393	0	0
ENSMZEG00005026394	12	2
ENSMZEG00005026395	0	0
ENSMZEG00005026396	333	317
ENSMZEG00005026397	0	3
ENSMZEG00005026398	51	1137
ENSMZEG00005026399	0	0
ENSMZEG00005026400	0	1
ENSMZEG00005026401	0	0
ENSMZEG00005026402	0	22
ENSMZEG00005026403	0	3
ENSMZEG00005026404	48	141
ENSMZEG00005026405	2	3
ENSMZEG00005026406	1	11
ENSMZEG00005026407	26	37
ENSMZEG00005026408	0	0
ENSMZEG00005026409	0	0
ENSMZEG00005026410	355	322
ENSMZEG00005026411	579	832
ENSMZEG00005026412	472	340
ENSMZEG00005026413	3	0
ENSMZEG00005026414	0	0
ENSMZEG00005026415	201	247
ENSMZEG00005026416	3	0
ENSMZEG00005026417	146	333
ENSMZEG00005026418	128	336
ENSMZEG00005026419	0	4
ENSMZEG00005026420	24	4
ENSMZEG00005026421	4	36
ENSMZEG00005026422	0	8
ENSMZEG00005026423	7	3
ENSMZEG00005026424	8	0
ENSMZEG00005026425	5	4
ENSMZEG00005026426	23	18
ENSMZEG00005026427	12	14
ENSMZEG00005026428	5	2
ENSMZEG00005026429	0	0
ENSMZEG00005026430	0	1
ENSMZEG00005026431	2	1
ENSMZEG00005026432	47	49
ENSMZEG00005026433	166849	30589
ENSMZEG00005026434	0	5
ENSMZEG00005026435	1552	2903
ENSMZEG00005026436	15	3
ENSMZEG00005026437	0	0
ENSMZEG00005026438	0	0
ENSMZEG00005026439	28	8
ENSMZEG00005026440	4	4
ENSMZEG00005026441	3	1
ENSMZEG00005026442	7	11
ENSMZEG00005026443	4	3
ENSMZEG00005026444	0	0
ENSMZEG00005026445	7	38
ENSMZEG00005026446	3	0
ENSMZEG00005026447	1	1
ENSMZEG00005026448	0	0
ENSMZEG00005026449	0	0
ENSMZEG00005026450	36	48
ENSMZEG00005026451	10	0
ENSMZEG00005026452	0	0
ENSMZEG00005026453	3	0
ENSMZEG00005026454	0	0
ENSMZEG00005026455	3	5
ENSMZEG00005026456	0	0
ENSMZEG00005026457	3	0
ENSMZEG00005026458	4	5
ENSMZEG00005026459	1	3
ENSMZEG00005026460	2	1
ENSMZEG00005026461	2	2
ENSMZEG00005026462	3	5
ENSMZEG00005026463	10	5
ENSMZEG00005026464	6	1
ENSMZEG00005026465	0	0
ENSMZEG00005026466	0	0
ENSMZEG00005026467	0	0
ENSMZEG00005026468	0	0
ENSMZEG00005026469	1	3
ENSMZEG00005026470	0	0
ENSMZEG00005026471	0	0
ENSMZEG00005026472	0	0
ENSMZEG00005026473	0	28
ENSMZEG00005026474	0	0
ENSMZEG00005026475	4	1
ENSMZEG00005026476	857	549
ENSMZEG00005026477	319	374
ENSMZEG00005026478	0	0
ENSMZEG00005026479	1	0
ENSMZEG00005026480	0	0
ENSMZEG00005026481	2	0
ENSMZEG00005026482	1	2
ENSMZEG00005026483	6	3
ENSMZEG00005026484	10	2
ENSMZEG00005026485	0	0
ENSMZEG00005026486	0	1
ENSMZEG00005026487	0	6
ENSMZEG00005026488	9	0
ENSMZEG00005026489	19	9
ENSMZEG00005026490	3	2
ENSMZEG00005026491	11	27
ENSMZEG00005026492	15	13
ENSMZEG00005026493	0	5
ENSMZEG00005026494	0	0
ENSMZEG00005026495	2	1
ENSMZEG00005026496	1	0
ENSMZEG00005026497	23	19
ENSMZEG00005026498	1	0
ENSMZEG00005026499	111	55
ENSMZEG00005026500	0	0
ENSMZEG00005026501	0	1
ENSMZEG00005026502	1	0
ENSMZEG00005026503	0	2
ENSMZEG00005026504	2	0
ENSMZEG00005026505	1	3
ENSMZEG00005026506	5	2
ENSMZEG00005026507	1	4
ENSMZEG00005026508	0	1
ENSMZEG00005026509	0	0
ENSMZEG00005026510	8	3
ENSMZEG00005026511	0	1
ENSMZEG00005026512	7	4
ENSMZEG00005026513	7	0
ENSMZEG00005026514	0	0
ENSMZEG00005026515	7	1
ENSMZEG00005026516	1	6
ENSMZEG00005026517	0	0
ENSMZEG00005026518	0	0
ENSMZEG00005026519	0	2
ENSMZEG00005026520	111078	20503
ENSMZEG00005026521	0	0
ENSMZEG00005026522	0	0
ENSMZEG00005026523	133	149
ENSMZEG00005026524	109	475
ENSMZEG00005026525	0	1
ENSMZEG00005026526	0	0
ENSMZEG00005026527	0	0
ENSMZEG00005026528	1	1
ENSMZEG00005026529	6	0
ENSMZEG00005026530	1	0
ENSMZEG00005026531	5	7
ENSMZEG00005026532	177	29
ENSMZEG00005026533	0	0
ENSMZEG00005026534	0	0
ENSMZEG00005026535	0	0
ENSMZEG00005026536	19	9
ENSMZEG00005026537	0	0
ENSMZEG00005026538	19	6
ENSMZEG00005026539	0	0
ENSMZEG00005026540	14	1
ENSMZEG00005026541	10	4
ENSMZEG00005026542	0	0
ENSMZEG00005026543	0	2
ENSMZEG00005026544	0	0
ENSMZEG00005026545	0	1
ENSMZEG00005026546	2	0
ENSMZEG00005026547	4	6
ENSMZEG00005026548	0	1
ENSMZEG00005026549	2	5
ENSMZEG00005026550	0	0
ENSMZEG00005026551	24	25
ENSMZEG00005026552	0	0
ENSMZEG00005026553	1	0
ENSMZEG00005026554	3	2
ENSMZEG00005026555	0	0
ENSMZEG00005026556	0	3
ENSMZEG00005026557	13	1
ENSMZEG00005026558	7	1
ENSMZEG00005026559	0	0
ENSMZEG00005026560	0	0
ENSMZEG00005026561	2	0
ENSMZEG00005026562	6	1
ENSMZEG00005026563	0	1
ENSMZEG00005026564	6	2
ENSMZEG00005026565	2	1
ENSMZEG00005026566	419	579
ENSMZEG00005026567	1	0
ENSMZEG00005026568	6	1
ENSMZEG00005026569	0	0
ENSMZEG00005026570	0	0
ENSMZEG00005026571	0	4
ENSMZEG00005026572	6	7
ENSMZEG00005026573	3	3
ENSMZEG00005026574	1	0
ENSMZEG00005026575	0	1
ENSMZEG00005026576	20	16
ENSMZEG00005026577	0	0
ENSMZEG00005026578	4	0
ENSMZEG00005026579	0	0
ENSMZEG00005026580	7	1
ENSMZEG00005026581	0	2
ENSMZEG00005026582	38	94
ENSMZEG00005026583	4	0
ENSMZEG00005026584	5	5
ENSMZEG00005026585	0	0
ENSMZEG00005026586	10	9
ENSMZEG00005026587	0	0
ENSMZEG00005026588	3	8
ENSMZEG00005026589	4	4
ENSMZEG00005026590	0	0
ENSMZEG00005026591	7	9
ENSMZEG00005026592	0	1
ENSMZEG00005026593	3	2
ENSMZEG00005026594	24	18
ENSMZEG00005026595	0	0
ENSMZEG00005026596	0	1
ENSMZEG00005026597	1	6
ENSMZEG00005026598	12	9
ENSMZEG00005026599	0	1
ENSMZEG00005026600	0	0
ENSMZEG00005026601	0	0
ENSMZEG00005026602	1	6
ENSMZEG00005026603	1	0
ENSMZEG00005026604	0	0
ENSMZEG00005026605	0	0
ENSMZEG00005026606	0	7
ENSMZEG00005026607	0	0
ENSMZEG00005026608	0	0
ENSMZEG00005026609	2	1
ENSMZEG00005026610	19	117
ENSMZEG00005026611	0	0
ENSMZEG00005026612	0	1
ENSMZEG00005026613	1	8
ENSMZEG00005026614	4	0
ENSMZEG00005026615	328	68
ENSMZEG00005026616	1	0
ENSMZEG00005026617	3	5
ENSMZEG00005026618	0	1
ENSMZEG00005026619	6	3
ENSMZEG00005026620	0	0
ENSMZEG00005026621	0	0
ENSMZEG00005026622	0	2
ENSMZEG00005026623	115	158
ENSMZEG00005026624	6	14
ENSMZEG00005026625	101	71
ENSMZEG00005026626	0	0
ENSMZEG00005026627	0	3
ENSMZEG00005026628	23	3
ENSMZEG00005026629	0	0
ENSMZEG00005026630	689	881
ENSMZEG00005026631	0	0
ENSMZEG00005026632	1541	2552
ENSMZEG00005026633	0	0
ENSMZEG00005026634	0	0
ENSMZEG00005026635	0	0
ENSMZEG00005026636	1	0
ENSMZEG00005026637	0	0
ENSMZEG00005026638	2	0
ENSMZEG00005026639	0	0
ENSMZEG00005026640	4	4
ENSMZEG00005026641	0	0
ENSMZEG00005026642	335	1143
ENSMZEG00005026643	0	0
ENSMZEG00005026644	0	0
ENSMZEG00005026645	0	0
ENSMZEG00005026646	8	7
ENSMZEG00005026647	0	1
ENSMZEG00005026648	0	0
ENSMZEG00005026649	0	0
ENSMZEG00005026650	0	0
ENSMZEG00005026651	0	0
ENSMZEG00005026652	0	0
ENSMZEG00005026653	0	0
ENSMZEG00005026654	0	0
ENSMZEG00005026655	5	1
ENSMZEG00005026656	1	0
ENSMZEG00005026657	21	7
ENSMZEG00005026658	0	0
ENSMZEG00005026659	0	0
ENSMZEG00005026660	1	2
ENSMZEG00005026661	0	1
ENSMZEG00005026662	0	1
ENSMZEG00005026663	4	5
ENSMZEG00005026664	0	0
ENSMZEG00005026665	2	2
ENSMZEG00005026666	9	2
ENSMZEG00005026667	1	0
ENSMZEG00005026668	1	1
ENSMZEG00005026669	6	9
ENSMZEG00005026670	0	0
ENSMZEG00005026671	0	0
ENSMZEG00005026672	0	0
ENSMZEG00005026673	9	0
ENSMZEG00005026674	0	1
ENSMZEG00005026675	0	1
ENSMZEG00005026676	3	4
ENSMZEG00005026677	0	0
ENSMZEG00005026678	0	0
ENSMZEG00005026679	0	0
ENSMZEG00005026680	0	0
ENSMZEG00005026681	2	7
ENSMZEG00005026682	1	0
ENSMZEG00005026683	0	0
ENSMZEG00005026684	0	0
ENSMZEG00005026685	0	0
ENSMZEG00005026686	373	178
ENSMZEG00005026687	0	0
ENSMZEG00005026688	0	0
ENSMZEG00005026689	4	0
ENSMZEG00005026690	1	2
ENSMZEG00005026691	11	4
ENSMZEG00005026692	0	0
ENSMZEG00005026693	0	0
ENSMZEG00005026694	0	0
ENSMZEG00005026695	0	0
ENSMZEG00005026696	0	0
ENSMZEG00005026697	0	0
ENSMZEG00005026698	0	0
ENSMZEG00005026699	0	0
ENSMZEG00005026700	1	1
ENSMZEG00005026701	0	0
ENSMZEG00005026702	0	0
ENSMZEG00005026703	0	0
ENSMZEG00005026704	0	0
ENSMZEG00005026705	2	0
ENSMZEG00005026706	0	2
ENSMZEG00005026707	2	6
ENSMZEG00005026708	3	0
ENSMZEG00005026709	245	573
ENSMZEG00005026710	0	0
ENSMZEG00005026711	19	52
ENSMZEG00005026712	32	9
ENSMZEG00005026713	0	0
ENSMZEG00005026714	3	2
ENSMZEG00005026715	0	1
ENSMZEG00005026716	0	0
ENSMZEG00005026717	0	1
ENSMZEG00005026718	0	5
ENSMZEG00005026719	26	12
ENSMZEG00005026720	253	23
ENSMZEG00005026721	0	0
ENSMZEG00005026722	0	0
ENSMZEG00005026723	3	3
ENSMZEG00005026724	0	0
ENSMZEG00005026725	17	21
ENSMZEG00005026726	0	0
ENSMZEG00005026727	2	13
ENSMZEG00005026728	1	0
ENSMZEG00005026729	0	3
ENSMZEG00005026730	0	3
ENSMZEG00005026731	0	0
ENSMZEG00005026732	3	1
ENSMZEG00005026733	0	0
ENSMZEG00005026734	0	0
ENSMZEG00005026735	0	0
ENSMZEG00005026736	0	0
ENSMZEG00005026737	0	0
ENSMZEG00005026738	0	0
ENSMZEG00005026739	0	0
ENSMZEG00005026740	7	0
ENSMZEG00005026741	0	0
ENSMZEG00005026742	0	1
ENSMZEG00005026743	20	7
ENSMZEG00005026744	0	15
ENSMZEG00005026745	199	136
ENSMZEG00005026746	7129	1912
ENSMZEG00005026747	0	0
ENSMZEG00005026748	2	24
ENSMZEG00005026749	8	14
ENSMZEG00005026750	0	0
ENSMZEG00005026751	0	0
ENSMZEG00005026752	109	462
ENSMZEG00005026753	2	3
ENSMZEG00005026754	2	0
ENSMZEG00005026755	0	0
ENSMZEG00005026756	6	4
ENSMZEG00005026757	2	0
ENSMZEG00005026758	4	12
ENSMZEG00005026759	1	3
ENSMZEG00005026760	2	7
ENSMZEG00005026761	3	0
ENSMZEG00005026762	0	1
ENSMZEG00005026763	3	0
ENSMZEG00005026764	2	3
ENSMZEG00005026765	1	0
ENSMZEG00005026766	0	0
ENSMZEG00005026767	6	18
ENSMZEG00005026768	0	3
ENSMZEG00005026769	0	2
ENSMZEG00005026770	3	20
ENSMZEG00005026771	0	4
ENSMZEG00005026772	0	0
ENSMZEG00005026773	1	0
ENSMZEG00005026774	2	3
ENSMZEG00005026775	0	0
ENSMZEG00005026776	0	0
ENSMZEG00005026777	0	0
ENSMZEG00005026778	0	0
ENSMZEG00005026779	0	0
ENSMZEG00005026780	0	1
ENSMZEG00005026781	1	7
ENSMZEG00005026782	2	0
ENSMZEG00005026783	4	0
ENSMZEG00005026784	0	0
ENSMZEG00005026785	15	10
ENSMZEG00005026786	0	0
ENSMZEG00005026787	0	0
ENSMZEG00005026788	1	1
ENSMZEG00005026789	0	0
ENSMZEG00005026790	61	14
ENSMZEG00005026791	6	9
ENSMZEG00005026792	13	10
ENSMZEG00005026793	4	17
ENSMZEG00005026794	289	168
ENSMZEG00005026795	1	8
ENSMZEG00005026796	1	0
ENSMZEG00005026797	22	1
ENSMZEG00005026798	4	8
ENSMZEG00005026799	1	0
ENSMZEG00005026800	0	1
ENSMZEG00005026801	0	0
ENSMZEG00005026802	0	0
ENSMZEG00005026803	0	0
ENSMZEG00005026804	0	0
ENSMZEG00005026805	0	0
ENSMZEG00005026806	5	3
ENSMZEG00005026807	0	1
ENSMZEG00005026808	5	0
ENSMZEG00005026809	0	0
ENSMZEG00005026810	12	1
ENSMZEG00005026811	1	1
ENSMZEG00005026812	1	21
ENSMZEG00005026813	5	1
ENSMZEG00005026814	0	0
ENSMZEG00005026815	22	6
ENSMZEG00005026816	5	5
ENSMZEG00005026817	6	2
ENSMZEG00005026818	2	5
ENSMZEG00005026819	0	1
ENSMZEG00005026820	0	0
ENSMZEG00005026821	5	1
ENSMZEG00005026822	0	0
ENSMZEG00005026823	0	0
ENSMZEG00005026824	0	0
ENSMZEG00005026825	3	0
ENSMZEG00005026826	0	0
ENSMZEG00005026827	0	0
ENSMZEG00005026828	0	0
ENSMZEG00005026829	0	0
ENSMZEG00005026830	0	0
ENSMZEG00005026831	1	1
ENSMZEG00005026832	0	0
ENSMZEG00005026833	0	0
ENSMZEG00005026834	0	0
ENSMZEG00005026835	0	2
ENSMZEG00005026836	0	0
ENSMZEG00005026837	0	2
ENSMZEG00005026838	0	0
ENSMZEG00005026839	1	0
ENSMZEG00005026840	0	1
ENSMZEG00005026841	0	0
ENSMZEG00005026842	7	7
ENSMZEG00005026843	24	6
ENSMZEG00005026844	10	7
ENSMZEG00005026845	3	22
ENSMZEG00005026846	0	0
ENSMZEG00005026847	1	2
ENSMZEG00005026848	0	0
ENSMZEG00005026849	578	115
ENSMZEG00005026850	723	1788
ENSMZEG00005026851	2	2
ENSMZEG00005026852	2	15
ENSMZEG00005026853	3	2
ENSMZEG00005026854	9	7
ENSMZEG00005026855	81	52
ENSMZEG00005026856	3517	680
ENSMZEG00005026857	0	0
ENSMZEG00005026858	30	17
ENSMZEG00005026859	10	2
ENSMZEG00005026860	6	4
ENSMZEG00005026861	1	2
ENSMZEG00005026862	3546	1313
ENSMZEG00005026863	20	4
ENSMZEG00005026864	0	2
ENSMZEG00005026865	0	0
ENSMZEG00005026866	0	0
ENSMZEG00005026867	0	0
ENSMZEG00005026868	0	0
ENSMZEG00005026869	0	0
ENSMZEG00005026870	2	8
ENSMZEG00005026871	0	0
ENSMZEG00005026872	0	4
ENSMZEG00005026873	0	0
ENSMZEG00005026874	0	0
ENSMZEG00005026875	161	731
ENSMZEG00005026876	14	5
ENSMZEG00005026877	0	0
ENSMZEG00005026878	0	0
ENSMZEG00005026879	0	0
ENSMZEG00005026880	0	1
ENSMZEG00005026881	0	0
ENSMZEG00005026882	2	16
ENSMZEG00005026883	0	0
ENSMZEG00005026884	2	9
ENSMZEG00005026885	0	0
ENSMZEG00005026886	0	1
ENSMZEG00005026887	0	0
ENSMZEG00005026888	0	0
ENSMZEG00005026889	0	0
ENSMZEG00005026890	0	0
ENSMZEG00005026891	10	25
ENSMZEG00005026892	1	16
ENSMZEG00005026893	1	0
ENSMZEG00005026894	9	10
ENSMZEG00005026895	0	0
ENSMZEG00005026896	0	0
ENSMZEG00005026897	1	0
ENSMZEG00005026898	1	1
ENSMZEG00005026899	5	0
ENSMZEG00005026900	866	329
ENSMZEG00005026901	0	0
ENSMZEG00005026902	9	3
ENSMZEG00005026903	6	0
ENSMZEG00005026904	1	0
ENSMZEG00005026905	160	8
ENSMZEG00005026906	0	0
ENSMZEG00005026907	0	0
ENSMZEG00005026908	0	0
ENSMZEG00005026909	0	0
ENSMZEG00005026910	0	0
ENSMZEG00005026911	21	3
ENSMZEG00005026912	0	2
ENSMZEG00005026913	0	0
ENSMZEG00005026914	155	139
ENSMZEG00005026915	0	0
ENSMZEG00005026916	1	3
ENSMZEG00005026917	13	4
ENSMZEG00005026918	3	5
ENSMZEG00005026919	1492	752
ENSMZEG00005026920	2	0
ENSMZEG00005026921	1526	10657
ENSMZEG00005026922	394	360
ENSMZEG00005026923	1	0
ENSMZEG00005026924	189	1108
ENSMZEG00005026925	1	0
ENSMZEG00005026926	0	0
ENSMZEG00005026927	41	4
ENSMZEG00005026928	3	3
ENSMZEG00005026929	0	0
ENSMZEG00005026930	0	0
ENSMZEG00005026931	0	0
ENSMZEG00005026932	0	0
ENSMZEG00005026933	2	1
ENSMZEG00005026934	1	0
ENSMZEG00005026935	1	0
ENSMZEG00005026936	0	0
ENSMZEG00005026937	0	0
ENSMZEG00005026938	0	0
ENSMZEG00005026939	14	16
ENSMZEG00005026940	0	0
ENSMZEG00005026941	0	0
ENSMZEG00005026942	0	2
ENSMZEG00005026943	0	0
ENSMZEG00005026944	0	0
ENSMZEG00005026945	0	0
ENSMZEG00005026946	1	1
ENSMZEG00005026947	0	0
ENSMZEG00005026948	0	0
ENSMZEG00005026949	1	2
ENSMZEG00005026950	5	8
ENSMZEG00005026951	3	3
ENSMZEG00005026952	1274	1130
ENSMZEG00005026953	1	3
ENSMZEG00005026954	2	4
ENSMZEG00005026955	1	0
ENSMZEG00005026956	2	0
ENSMZEG00005026957	684	1151
ENSMZEG00005026958	128	14
ENSMZEG00005026959	6391	902
ENSMZEG00005026960	0	0
ENSMZEG00005026961	0	7
ENSMZEG00005026962	0	0
ENSMZEG00005026963	7	0
ENSMZEG00005026964	0	0
ENSMZEG00005026965	0	0
ENSMZEG00005026966	1	0
ENSMZEG00005026967	0	0
ENSMZEG00005026968	0	0
ENSMZEG00005026969	0	1
ENSMZEG00005026970	3	2
ENSMZEG00005026971	0	0
ENSMZEG00005026972	0	0
ENSMZEG00005026973	51	5
ENSMZEG00005026974	78	5
ENSMZEG00005026975	46	28
ENSMZEG00005026976	0	2
ENSMZEG00005026977	0	3
ENSMZEG00005026978	1	0
ENSMZEG00005026979	23	1
ENSMZEG00005026980	0	0
ENSMZEG00005026981	0	0
ENSMZEG00005026982	4	1
ENSMZEG00005026983	0	1
ENSMZEG00005026984	0	0
ENSMZEG00005026985	0	8
ENSMZEG00005026986	3	2
ENSMZEG00005026987	0	0
ENSMZEG00005026988	4	7
ENSMZEG00005026989	0	0
ENSMZEG00005026990	2	2
ENSMZEG00005026991	36	25
ENSMZEG00005026992	478	639
ENSMZEG00005026993	0	0
ENSMZEG00005026994	0	5
ENSMZEG00005026995	0	0
ENSMZEG00005026996	330	986
ENSMZEG00005026997	4	2
ENSMZEG00005026998	1	0
ENSMZEG00005026999	4	6
ENSMZEG00005027000	0	0
ENSMZEG00005027001	3	2
ENSMZEG00005027002	0	0
ENSMZEG00005027003	2	2
ENSMZEG00005027004	2	0
ENSMZEG00005027005	3	0
ENSMZEG00005027006	0	0
ENSMZEG00005027007	0	1
ENSMZEG00005027008	1	0
ENSMZEG00005027009	10	0
ENSMZEG00005027010	9	11
ENSMZEG00005027011	0	0
ENSMZEG00005027012	0	2
ENSMZEG00005027013	0	0
ENSMZEG00005027014	0	0
ENSMZEG00005027015	3	0
ENSMZEG00005027016	1	2
ENSMZEG00005027017	1	0
ENSMZEG00005027018	2	1
ENSMZEG00005027019	1	1
ENSMZEG00005027020	11	14
ENSMZEG00005027021	0	0
ENSMZEG00005027022	0	0
ENSMZEG00005027023	0	0
ENSMZEG00005027024	0	0
ENSMZEG00005027025	0	1
ENSMZEG00005027026	49	229
ENSMZEG00005027027	0	0
ENSMZEG00005027028	0	2
ENSMZEG00005027029	0	0
ENSMZEG00005027030	0	0
ENSMZEG00005027031	0	0
ENSMZEG00005027032	2	0
ENSMZEG00005027033	3	0
ENSMZEG00005027034	1	2
ENSMZEG00005027035	0	0
ENSMZEG00005027036	0	0
ENSMZEG00005027037	2	0
ENSMZEG00005027038	2	0
ENSMZEG00005027039	0	0
ENSMZEG00005027040	0	0
ENSMZEG00005027041	0	0
ENSMZEG00005027042	50	247
ENSMZEG00005027043	2	3
ENSMZEG00005027044	10	4
ENSMZEG00005027045	1	5
ENSMZEG00005027046	7	1
ENSMZEG00005027047	0	0
ENSMZEG00005027048	10	7
ENSMZEG00005027049	7	1
ENSMZEG00005027050	0	0
ENSMZEG00005027051	14	8
ENSMZEG00005027052	929	831
ENSMZEG00005027053	4	3
ENSMZEG00005027054	0	0
ENSMZEG00005027055	0	5
ENSMZEG00005027056	2	0
ENSMZEG00005027057	1	3
ENSMZEG00005027058	1	0
ENSMZEG00005027059	0	0
ENSMZEG00005027060	0	3
ENSMZEG00005027061	5	0
ENSMZEG00005027062	0	1
ENSMZEG00005027063	0	1
ENSMZEG00005027064	0	0
ENSMZEG00005027065	2	0
ENSMZEG00005027066	2	2
ENSMZEG00005027067	0	0
ENSMZEG00005027068	0	0
ENSMZEG00005027069	0	0
ENSMZEG00005027070	0	0
ENSMZEG00005027071	0	0
ENSMZEG00005027072	0	0
ENSMZEG00005027073	1	3
ENSMZEG00005027074	17	188
ENSMZEG00005027075	2	18
ENSMZEG00005027076	0	0
ENSMZEG00005027077	1	2
ENSMZEG00005027078	0	2
ENSMZEG00005027079	10	5
ENSMZEG00005027080	29	77
ENSMZEG00005027081	0	2
ENSMZEG00005027082	0	5
ENSMZEG00005027083	0	0
ENSMZEG00005027084	0	0
ENSMZEG00005027085	1	0
ENSMZEG00005027086	0	0
ENSMZEG00005027087	1736	2347
ENSMZEG00005027088	0	0
ENSMZEG00005027089	5	3
ENSMZEG00005027090	1	0
ENSMZEG00005027091	2	0
ENSMZEG00005027092	0	0
ENSMZEG00005027093	0	0
ENSMZEG00005027094	0	0
ENSMZEG00005027095	2	1
ENSMZEG00005027096	3	4
ENSMZEG00005027097	0	0
ENSMZEG00005027098	0	0
ENSMZEG00005027099	0	0
ENSMZEG00005027100	0	0
ENSMZEG00005027101	0	0
ENSMZEG00005027102	0	3
ENSMZEG00005027103	0	0
ENSMZEG00005027104	0	0
ENSMZEG00005027105	0	14
ENSMZEG00005027106	8	5
ENSMZEG00005027107	1	0
ENSMZEG00005027108	0	0
ENSMZEG00005027109	34	1
ENSMZEG00005027110	27	18
ENSMZEG00005027111	5	0
ENSMZEG00005027112	1	0
ENSMZEG00005027113	0	0
ENSMZEG00005027114	3	0
ENSMZEG00005027115	58	9
ENSMZEG00005027116	9	4
ENSMZEG00005027117	0	0
ENSMZEG00005027118	0	0
ENSMZEG00005027119	4	0
ENSMZEG00005027120	155	63
ENSMZEG00005027121	0	0
ENSMZEG00005027122	3	2
ENSMZEG00005027123	1	0
ENSMZEG00005027124	0	0
ENSMZEG00005027125	0	0
ENSMZEG00005027126	8	6
ENSMZEG00005027127	0	3
ENSMZEG00005027128	5	9
ENSMZEG00005027129	35	27
ENSMZEG00005027130	0	0
ENSMZEG00005027131	0	0
ENSMZEG00005027132	0	0
ENSMZEG00005027133	0	0
ENSMZEG00005027134	0	1
ENSMZEG00005027135	1	1
ENSMZEG00005027136	0	0
ENSMZEG00005027137	0	0
ENSMZEG00005027138	0	0
ENSMZEG00005027139	0	0
ENSMZEG00005027140	0	0
ENSMZEG00005027141	0	0
ENSMZEG00005027142	0	0
ENSMZEG00005027143	0	0
ENSMZEG00005027144	0	0
ENSMZEG00005027145	2	1
ENSMZEG00005027146	1	7
ENSMZEG00005027147	2	20
ENSMZEG00005027148	0	0
ENSMZEG00005027149	0	0
ENSMZEG00005027150	2	0
ENSMZEG00005027151	2	0
ENSMZEG00005027152	0	0
ENSMZEG00005027153	0	0
ENSMZEG00005027154	0	0
ENSMZEG00005027155	5	1
ENSMZEG00005027156	3	0
ENSMZEG00005027157	5	0
ENSMZEG00005027158	2	0
ENSMZEG00005027159	1463	296
ENSMZEG00005027160	1	1
ENSMZEG00005027161	0	0
ENSMZEG00005027162	2	1
ENSMZEG00005027163	0	0
ENSMZEG00005027164	1978	503
ENSMZEG00005027165	438	132
ENSMZEG00005027166	0	1
ENSMZEG00005027167	0	0
ENSMZEG00005027168	0	2
ENSMZEG00005027169	0	1
ENSMZEG00005027170	2	1
ENSMZEG00005027171	28	21
ENSMZEG00005027172	1	2
ENSMZEG00005027173	14	8
ENSMZEG00005027174	42	33
ENSMZEG00005027175	0	0
ENSMZEG00005027176	0	0
ENSMZEG00005027177	0	0
ENSMZEG00005027178	0	0
ENSMZEG00005027179	0	0
ENSMZEG00005027180	0	0
ENSMZEG00005027181	0	0
ENSMZEG00005027182	0	0
ENSMZEG00005027183	1	0
ENSMZEG00005027184	1	0
ENSMZEG00005027185	0	0
ENSMZEG00005027186	0	0
ENSMZEG00005027187	0	0
ENSMZEG00005027188	9	11
ENSMZEG00005027189	7	1
ENSMZEG00005027190	2	1
ENSMZEG00005027191	0	0
ENSMZEG00005027192	1	0
ENSMZEG00005027193	0	0
ENSMZEG00005027194	3	2
ENSMZEG00005027195	0	1
ENSMZEG00005027196	24	9
ENSMZEG00005027197	94	59
ENSMZEG00005027198	0	0
ENSMZEG00005027199	0	0
ENSMZEG00005027200	0	1
ENSMZEG00005027201	16	9
ENSMZEG00005027202	0	1
ENSMZEG00005027203	1	8
ENSMZEG00005027204	0	0
ENSMZEG00005027205	0	1
ENSMZEG00005027206	1	1
ENSMZEG00005027207	0	0
ENSMZEG00005027208	1	1
ENSMZEG00005027209	0	0
ENSMZEG00005027210	0	0
ENSMZEG00005027211	21	13
ENSMZEG00005027212	24	1
ENSMZEG00005027213	5	1
ENSMZEG00005027214	0	0
ENSMZEG00005027215	0	0
ENSMZEG00005027216	7	0
ENSMZEG00005027217	247	13
ENSMZEG00005027218	13	334
ENSMZEG00005027219	143	948
ENSMZEG00005027220	8	12
ENSMZEG00005027221	0	0
ENSMZEG00005027222	0	0
ENSMZEG00005027223	169	13
ENSMZEG00005027224	8	8
ENSMZEG00005027225	3	2
ENSMZEG00005027226	0	0
ENSMZEG00005027227	17	9
ENSMZEG00005027228	0	1
ENSMZEG00005027229	0	2
ENSMZEG00005027230	15	11
ENSMZEG00005027231	0	0
ENSMZEG00005027232	0	0
ENSMZEG00005027233	18	8
ENSMZEG00005027234	1	2
ENSMZEG00005027235	2	0
ENSMZEG00005027236	181	108
ENSMZEG00005027237	6	7
ENSMZEG00005027238	6	6
ENSMZEG00005027239	1	0
ENSMZEG00005027240	30	8
ENSMZEG00005027241	0	1
ENSMZEG00005027242	6	3
ENSMZEG00005027243	0	1
ENSMZEG00005027244	0	0
ENSMZEG00005027245	0	0
ENSMZEG00005027246	6	0
ENSMZEG00005027247	0	0
ENSMZEG00005027248	0	0
ENSMZEG00005027249	7	10
ENSMZEG00005027250	0	0
ENSMZEG00005027251	0	0
ENSMZEG00005027252	0	0
ENSMZEG00005027253	0	0
ENSMZEG00005027254	0	0
ENSMZEG00005027255	0	0
ENSMZEG00005027256	0	0
ENSMZEG00005027257	0	0
ENSMZEG00005027258	0	0
ENSMZEG00005027259	4	5
ENSMZEG00005027260	0	0
ENSMZEG00005027261	1	1
ENSMZEG00005027262	12	9
ENSMZEG00005027263	1	0
ENSMZEG00005027264	0	0
ENSMZEG00005027265	32	40
ENSMZEG00005027266	0	0
ENSMZEG00005027267	9	6
ENSMZEG00005027268	4	1
ENSMZEG00005027269	0	0
ENSMZEG00005027270	0	0
ENSMZEG00005027271	0	2
ENSMZEG00005027272	0	1
ENSMZEG00005027273	9	2
ENSMZEG00005027274	3	6
ENSMZEG00005027275	18	15
ENSMZEG00005027276	0	0
ENSMZEG00005027277	0	0
ENSMZEG00005027278	117	166
ENSMZEG00005027279	0	0
ENSMZEG00005027280	6	0
ENSMZEG00005027281	1	0
ENSMZEG00005027282	13	21
ENSMZEG00005027283	0	0
ENSMZEG00005027284	19	28
ENSMZEG00005027285	0	0
ENSMZEG00005027286	0	0
ENSMZEG00005027287	0	0
ENSMZEG00005027288	0	0
ENSMZEG00005027289	2	0
ENSMZEG00005027290	0	0
ENSMZEG00005027291	823	463
ENSMZEG00005027292	0	2
ENSMZEG00005027293	1	0
ENSMZEG00005027294	22	17
ENSMZEG00005027295	1	1
ENSMZEG00005027296	5	13
ENSMZEG00005027297	5	0
ENSMZEG00005027298	0	0
ENSMZEG00005027299	5	7
ENSMZEG00005027300	1299	1877
ENSMZEG00005027301	102	64
ENSMZEG00005027302	0	1
ENSMZEG00005027303	0	20
ENSMZEG00005027304	0	0
ENSMZEG00005027305	2	3
ENSMZEG00005027306	1	6
ENSMZEG00005027307	1	0
ENSMZEG00005027308	2	0
ENSMZEG00005027309	0	0
ENSMZEG00005027310	0	0
ENSMZEG00005027311	4	1
ENSMZEG00005027312	0	0
ENSMZEG00005027313	6	13
ENSMZEG00005027314	0	1
ENSMZEG00005027315	0	0
ENSMZEG00005027316	3	2
ENSMZEG00005027317	5	1
ENSMZEG00005027318	17	0
ENSMZEG00005027319	0	0
ENSMZEG00005027320	0	5
ENSMZEG00005027321	6	0
ENSMZEG00005027322	0	0
ENSMZEG00005027323	9	0
ENSMZEG00005027324	7	1
ENSMZEG00005027325	4	7
ENSMZEG00005027326	0	0
ENSMZEG00005027327	1	0
ENSMZEG00005027328	52	19
ENSMZEG00005027329	0	0
ENSMZEG00005027330	12	1
ENSMZEG00005027331	560	4081
ENSMZEG00005027332	42	78
ENSMZEG00005027333	19	7
ENSMZEG00005027334	0	0
ENSMZEG00005027335	0	0
ENSMZEG00005027336	6	2
ENSMZEG00005027337	1	3
ENSMZEG00005027338	15	4
ENSMZEG00005027339	1	1
ENSMZEG00005027340	0	0
ENSMZEG00005027341	2	31
ENSMZEG00005027342	0	0
ENSMZEG00005027343	0	0
ENSMZEG00005027344	5	0
ENSMZEG00005027345	115	45
ENSMZEG00005027346	1	3
ENSMZEG00005027347	0	6
ENSMZEG00005027348	0	2
ENSMZEG00005027349	35	41
ENSMZEG00005027350	10	13
ENSMZEG00005027351	16	63
ENSMZEG00005027352	0	0
ENSMZEG00005027353	2	1
ENSMZEG00005027354	0	1
ENSMZEG00005027355	3	0
ENSMZEG00005027356	0	0
ENSMZEG00005027357	3	1
ENSMZEG00005027358	2	1
ENSMZEG00005027359	0	0
ENSMZEG00005027360	0	0
ENSMZEG00005027361	7	17
ENSMZEG00005027362	3	3
ENSMZEG00005027363	1	1
ENSMZEG00005027364	7	2
ENSMZEG00005027365	2	6
ENSMZEG00005027366	0	0
ENSMZEG00005027367	24	22
ENSMZEG00005027368	909	641
ENSMZEG00005027369	0	1
ENSMZEG00005027370	2	0
ENSMZEG00005027371	2	12
ENSMZEG00005027372	0	0
ENSMZEG00005027373	1	0
ENSMZEG00005027374	0	0
ENSMZEG00005027375	213	137
ENSMZEG00005027376	34	75
ENSMZEG00005027377	1	2
ENSMZEG00005027378	1	2
ENSMZEG00005027379	4	11
ENSMZEG00005027380	0	0
ENSMZEG00005027381	24	52
ENSMZEG00005027382	29	4
ENSMZEG00005027383	2780	1795
ENSMZEG00005027384	10	1
ENSMZEG00005027385	4	2
ENSMZEG00005027386	0	0
ENSMZEG00005027387	5	3
ENSMZEG00005027388	2	0
ENSMZEG00005027389	0	0
ENSMZEG00005027390	16	0
ENSMZEG00005027391	3	0
ENSMZEG00005027392	5	4
ENSMZEG00005027393	2	7
ENSMZEG00005027394	2	4
ENSMZEG00005027395	2	2
ENSMZEG00005027396	0	0
ENSMZEG00005027397	3	0
ENSMZEG00005027398	4	2
ENSMZEG00005027399	0	0
ENSMZEG00005027400	3	0
ENSMZEG00005027401	14	3
ENSMZEG00005027402	5	2
ENSMZEG00005027403	2	3
ENSMZEG00005027404	0	3
ENSMZEG00005027405	1	0
ENSMZEG00005027406	0	0
ENSMZEG00005027407	0	0
ENSMZEG00005027408	0	0
ENSMZEG00005027409	0	1
ENSMZEG00005027410	3	2
ENSMZEG00005027411	8	1
ENSMZEG00005027412	3	1
ENSMZEG00005027413	0	0
ENSMZEG00005027414	0	0
ENSMZEG00005027415	5	6
ENSMZEG00005027416	0	0
ENSMZEG00005027417	0	0
ENSMZEG00005027418	31	129
ENSMZEG00005027419	672	1016
ENSMZEG00005027420	253	78
ENSMZEG00005027421	2	2
ENSMZEG00005027422	0	0
ENSMZEG00005027423	0	0
ENSMZEG00005027424	0	0
ENSMZEG00005027425	0	0
ENSMZEG00005027426	0	1
ENSMZEG00005027427	2	7
ENSMZEG00005027428	0	2
ENSMZEG00005027429	1	2
ENSMZEG00005027430	1	0
ENSMZEG00005027431	5	0
ENSMZEG00005027432	47	35
ENSMZEG00005027433	399	2342
ENSMZEG00005027434	5	3
ENSMZEG00005027435	12	5
ENSMZEG00005027436	2	3
ENSMZEG00005027437	0	0
ENSMZEG00005027438	6	1
ENSMZEG00005027439	0	0
ENSMZEG00005027440	139	173
ENSMZEG00005027441	5	3
ENSMZEG00005027442	2	0
ENSMZEG00005027443	1	0
ENSMZEG00005027444	3	20
ENSMZEG00005027445	0	2
ENSMZEG00005027446	233	335
ENSMZEG00005027447	73	57
ENSMZEG00005027448	2	2
ENSMZEG00005027449	0	0
ENSMZEG00005027450	0	0
ENSMZEG00005027451	1	0
ENSMZEG00005027452	5	0
ENSMZEG00005027453	0	0
ENSMZEG00005027454	2	1
ENSMZEG00005027455	0	1
ENSMZEG00005027456	128	151
ENSMZEG00005027457	0	0
ENSMZEG00005027458	0	0
ENSMZEG00005027459	0	0
ENSMZEG00005027460	7	3
ENSMZEG00005027461	0	0
ENSMZEG00005027462	0	0
ENSMZEG00005027463	5	7
ENSMZEG00005027464	0	1
ENSMZEG00005027465	0	0
ENSMZEG00005027466	0	0
ENSMZEG00005027467	1	1
ENSMZEG00005027468	83	578
ENSMZEG00005027469	1	3
ENSMZEG00005027470	0	0
ENSMZEG00005027471	0	1
ENSMZEG00005027472	0	0
ENSMZEG00005027473	0	3
ENSMZEG00005027474	104	151
ENSMZEG00005027475	0	0
ENSMZEG00005027476	2	2
ENSMZEG00005027477	0	2
ENSMZEG00005027478	0	0
ENSMZEG00005027479	0	11
ENSMZEG00005027480	3	6
ENSMZEG00005027481	0	0
ENSMZEG00005027482	0	0
ENSMZEG00005027483	0	0
ENSMZEG00005027484	0	0
ENSMZEG00005027485	6	2
ENSMZEG00005027486	10	6
ENSMZEG00005027487	1	1
ENSMZEG00005027488	0	0
ENSMZEG00005027489	5	9
ENSMZEG00005027490	0	0
ENSMZEG00005027491	0	6
ENSMZEG00005027492	0	1
ENSMZEG00005027493	0	0
ENSMZEG00005027494	0	0
ENSMZEG00005027495	0	0
ENSMZEG00005027496	0	0
ENSMZEG00005027497	0	0
ENSMZEG00005027498	2	0
ENSMZEG00005027499	0	0
ENSMZEG00005027500	0	0
ENSMZEG00005027501	2	2
ENSMZEG00005027502	0	1
ENSMZEG00005027503	0	0
ENSMZEG00005027504	19	7
ENSMZEG00005027505	1	6
ENSMZEG00005027506	5	1
ENSMZEG00005027507	0	0
ENSMZEG00005027508	0	0
ENSMZEG00005027509	0	0
ENSMZEG00005027510	440	3866
ENSMZEG00005027511	1	0
ENSMZEG00005027512	8	72
ENSMZEG00005027513	0	0
ENSMZEG00005027514	0	0
ENSMZEG00005027515	5	5
ENSMZEG00005027516	0	0
ENSMZEG00005027517	0	0
ENSMZEG00005027518	0	0
ENSMZEG00005027519	0	0
ENSMZEG00005027520	2	0
ENSMZEG00005027521	0	1
ENSMZEG00005027522	1	0
ENSMZEG00005027523	0	0
ENSMZEG00005027524	0	0
ENSMZEG00005027525	10	4
ENSMZEG00005027526	0	2
ENSMZEG00005027527	0	4
ENSMZEG00005027528	4	2
ENSMZEG00005027529	0	1
ENSMZEG00005027530	6	1
ENSMZEG00005027531	3	9
ENSMZEG00005027532	0	2
ENSMZEG00005027533	1	0
ENSMZEG00005027534	4	1
ENSMZEG00005027535	2	2
ENSMZEG00005027536	0	0
ENSMZEG00005027537	1	2
ENSMZEG00005027538	2	1
ENSMZEG00005027539	0	0
ENSMZEG00005027540	0	0
ENSMZEG00005027541	3	2
ENSMZEG00005027542	0	0
ENSMZEG00005027543	1	0
ENSMZEG00005027544	6	0
ENSMZEG00005027545	3	0
ENSMZEG00005027546	0	0
ENSMZEG00005027547	0	0
ENSMZEG00005027548	0	0
ENSMZEG00005027549	0	1
ENSMZEG00005027550	11	2
ENSMZEG00005027551	0	0
ENSMZEG00005027552	0	0
ENSMZEG00005027553	0	0
ENSMZEG00005027554	0	0
ENSMZEG00005027555	4	8
ENSMZEG00005027556	1	2
ENSMZEG00005027557	0	0
ENSMZEG00005027558	148	65
ENSMZEG00005027559	0	0
ENSMZEG00005027560	0	0
ENSMZEG00005027561	0	0
ENSMZEG00005027562	4	0
ENSMZEG00005027563	10	0
ENSMZEG00005027564	985	312
ENSMZEG00005027565	3	0
ENSMZEG00005027566	6	1
ENSMZEG00005027567	5	3
ENSMZEG00005027568	13	180
ENSMZEG00005027569	10	1
ENSMZEG00005027570	0	0
ENSMZEG00005027571	2	5
ENSMZEG00005027572	0	0
ENSMZEG00005027573	12	8
ENSMZEG00005027574	0	0
ENSMZEG00005027575	0	0
ENSMZEG00005027576	0	5
ENSMZEG00005027577	1	2
ENSMZEG00005027578	0	0
ENSMZEG00005027579	0	2
ENSMZEG00005027580	1	17
ENSMZEG00005027581	3	0
ENSMZEG00005027582	0	0
ENSMZEG00005027583	0	0
ENSMZEG00005027584	0	1
ENSMZEG00005027585	0	0
ENSMZEG00005027586	17	2
ENSMZEG00005027587	0	0
ENSMZEG00005027588	0	0
ENSMZEG00005027589	0	0
ENSMZEG00005027590	0	0
ENSMZEG00005027591	0	5
ENSMZEG00005027592	28	154
ENSMZEG00005027593	7101	8365
ENSMZEG00005027594	0	0
ENSMZEG00005027595	3	4
ENSMZEG00005027596	0	0
ENSMZEG00005027597	1	0
ENSMZEG00005027598	2	5
ENSMZEG00005027599	12	1
ENSMZEG00005027600	1	1
ENSMZEG00005027601	11	1
ENSMZEG00005027602	1	2
ENSMZEG00005027603	23	5
ENSMZEG00005027604	5	1
ENSMZEG00005027605	54	11
ENSMZEG00005027606	2	0
ENSMZEG00005027607	4	0
ENSMZEG00005027608	0	5
ENSMZEG00005027609	0	7
ENSMZEG00005027610	7	8
ENSMZEG00005027611	0	0
ENSMZEG00005027612	0	1
ENSMZEG00005027613	2	6
ENSMZEG00005027614	0	0
ENSMZEG00005027615	0	0
ENSMZEG00005027616	2	0
ENSMZEG00005027617	0	0
ENSMZEG00005027618	0	0
ENSMZEG00005027619	0	2
ENSMZEG00005027620	0	0
ENSMZEG00005027621	2	0
ENSMZEG00005027622	1	11
ENSMZEG00005027623	0	7
ENSMZEG00005027624	1	30
ENSMZEG00005027625	11	8
ENSMZEG00005027626	0	0
ENSMZEG00005027627	2	0
ENSMZEG00005027628	0	0
ENSMZEG00005027629	2	49
ENSMZEG00005027630	0	5
ENSMZEG00005027631	0	0
ENSMZEG00005027632	0	0
ENSMZEG00005027633	0	5
ENSMZEG00005027634	2	1
ENSMZEG00005027635	5	29
ENSMZEG00005027636	8	0
ENSMZEG00005027637	1	7
ENSMZEG00005027638	0	0
ENSMZEG00005027639	8	2
ENSMZEG00005027640	224	974
ENSMZEG00005027641	1	4
ENSMZEG00005027642	3	1
ENSMZEG00005027643	383	399
ENSMZEG00005027644	0	0
ENSMZEG00005027645	62	11
ENSMZEG00005027646	0	4
ENSMZEG00005027647	0	0
ENSMZEG00005027648	0	0
ENSMZEG00005027649	0	0
ENSMZEG00005027650	0	0
ENSMZEG00005027651	0	0
ENSMZEG00005027652	0	1
ENSMZEG00005027653	2	8
ENSMZEG00005027654	27	10
ENSMZEG00005027655	0	5
ENSMZEG00005027656	0	3
ENSMZEG00005027657	0	0
ENSMZEG00005027658	0	2
ENSMZEG00005027659	22	16
ENSMZEG00005027660	0	0
ENSMZEG00005027661	1	4
ENSMZEG00005027662	1	23
ENSMZEG00005027663	1	0
ENSMZEG00005027664	0	1
ENSMZEG00005027665	0	1
ENSMZEG00005027666	0	0
ENSMZEG00005027667	3	0
ENSMZEG00005027668	0	0
ENSMZEG00005027669	0	0
ENSMZEG00005027670	2	4
ENSMZEG00005027671	0	0
ENSMZEG00005027672	0	0
ENSMZEG00005027673	3	3
ENSMZEG00005027674	0	24
ENSMZEG00005027675	0	0
ENSMZEG00005027676	1477	255
ENSMZEG00005027677	1270	1338
ENSMZEG00005027678	30	239
ENSMZEG00005027679	0	0
ENSMZEG00005027680	1	3
ENSMZEG00005027681	6	1
ENSMZEG00005027682	4	5
ENSMZEG00005027683	7	5
ENSMZEG00005027684	0	0
ENSMZEG00005027685	2	4
ENSMZEG00005027686	0	0
ENSMZEG00005027687	4	21
ENSMZEG00005027688	6	0
ENSMZEG00005027689	0	8
ENSMZEG00005027690	2	4
ENSMZEG00005027691	0	0
ENSMZEG00005027692	2	2
ENSMZEG00005027693	0	0
ENSMZEG00005027694	1	0
ENSMZEG00005027695	2	1
ENSMZEG00005027696	1	0
ENSMZEG00005027697	0	0
ENSMZEG00005027698	0	0
ENSMZEG00005027699	0	0
ENSMZEG00005027700	6	0
ENSMZEG00005027701	0	0
ENSMZEG00005027702	0	0
ENSMZEG00005027703	0	0
ENSMZEG00005027704	6	2
ENSMZEG00005027705	0	0
ENSMZEG00005027706	0	0
ENSMZEG00005027707	0	0
ENSMZEG00005027708	0	0
ENSMZEG00005027709	7	2
ENSMZEG00005027710	0	0
ENSMZEG00005027711	0	0
ENSMZEG00005027712	0	0
ENSMZEG00005027713	0	0
ENSMZEG00005027714	4	0
ENSMZEG00005027715	0	0
ENSMZEG00005027716	0	0
ENSMZEG00005027717	0	0
ENSMZEG00005027718	3	10
ENSMZEG00005027719	1	2
ENSMZEG00005027720	1	2
ENSMZEG00005027721	0	5
ENSMZEG00005027722	0	0
ENSMZEG00005027723	132	7
ENSMZEG00005027724	0	0
ENSMZEG00005027725	0	0
ENSMZEG00005027726	0	0
ENSMZEG00005027727	0	1
ENSMZEG00005027728	0	0
ENSMZEG00005027729	0	0
ENSMZEG00005027730	0	0
ENSMZEG00005027731	0	2
ENSMZEG00005027732	0	0
ENSMZEG00005027733	5	0
ENSMZEG00005027734	2	2
ENSMZEG00005027735	0	0
ENSMZEG00005027736	0	0
ENSMZEG00005027737	0	0
ENSMZEG00005027738	10	10
ENSMZEG00005027739	0	0
ENSMZEG00005027740	0	0
ENSMZEG00005027741	0	9
ENSMZEG00005027742	0	0
ENSMZEG00005027743	14	18
ENSMZEG00005027744	0	2
ENSMZEG00005027745	0	0
ENSMZEG00005027746	0	0
ENSMZEG00005027747	2	0
ENSMZEG00005027748	0	5
ENSMZEG00005027749	1	0
ENSMZEG00005027750	2	2
ENSMZEG00005027751	0	0
ENSMZEG00005027752	4	1
ENSMZEG00005027753	0	0
ENSMZEG00005027754	1	10
ENSMZEG00005027755	9	2
ENSMZEG00005027756	3	9
ENSMZEG00005027757	10	6
ENSMZEG00005027758	1	0
ENSMZEG00005027759	2	1
ENSMZEG00005027760	0	0
ENSMZEG00005027761	5	4
ENSMZEG00005027762	3	0
ENSMZEG00005027763	0	0
ENSMZEG00005027764	0	0
ENSMZEG00005027765	0	0
ENSMZEG00005027766	0	0
ENSMZEG00005027767	2	0
ENSMZEG00005027768	0	2
ENSMZEG00005027769	0	0
ENSMZEG00005027770	0	0
ENSMZEG00005027771	23	0
ENSMZEG00005027772	0	0
ENSMZEG00005027773	0	1
ENSMZEG00005027774	0	1
ENSMZEG00005027775	0	0
ENSMZEG00005027776	0	0
ENSMZEG00005027777	0	0
ENSMZEG00005027778	0	0
ENSMZEG00005027779	0	0
ENSMZEG00005027780	0	0
ENSMZEG00005027781	0	0
ENSMZEG00005027782	0	0
ENSMZEG00005027783	0	0
ENSMZEG00005027784	1	0
ENSMZEG00005027785	1	4
ENSMZEG00005027786	0	0
ENSMZEG00005027787	0	0
ENSMZEG00005027788	0	0
ENSMZEG00005027789	0	0
ENSMZEG00005027790	0	0
ENSMZEG00005027791	0	0
ENSMZEG00005027792	1	0
ENSMZEG00005027793	0	0
ENSMZEG00005027794	0	0
ENSMZEG00005027795	0	0
ENSMZEG00005027796	0	0
ENSMZEG00005027797	0	0
ENSMZEG00005027798	0	1
ENSMZEG00005027799	0	0
ENSMZEG00005027800	0	0
ENSMZEG00005027801	5	0
ENSMZEG00005027802	1	0
ENSMZEG00005027803	0	0
ENSMZEG00005027804	0	0
ENSMZEG00005027805	6	1
ENSMZEG00005027806	16	8
ENSMZEG00005027807	0	5
ENSMZEG00005027808	2	7
ENSMZEG00005027809	5	1
ENSMZEG00005027810	16	0
ENSMZEG00005027811	0	2
ENSMZEG00005027812	1	0
ENSMZEG00005027813	0	0
ENSMZEG00005027814	2	3
ENSMZEG00005027815	1	2
ENSMZEG00005027816	0	3
ENSMZEG00005027817	6	7
ENSMZEG00005027818	17	48
ENSMZEG00005027819	2	0
ENSMZEG00005027820	55	169
ENSMZEG00005027821	0	0
ENSMZEG00005027822	0	1
ENSMZEG00005027823	1	0
ENSMZEG00005027824	0	5
ENSMZEG00005027825	11	3
ENSMZEG00005027826	0	0
ENSMZEG00005027827	0	0
ENSMZEG00005027828	4	2
ENSMZEG00005027829	0	0
ENSMZEG00005027830	0	0
ENSMZEG00005027831	11	2
ENSMZEG00005027832	0	0
ENSMZEG00005027833	0	0
ENSMZEG00005027834	2	5
ENSMZEG00005027835	0	0
ENSMZEG00005027836	0	0
ENSMZEG00005027837	0	0
ENSMZEG00005027838	0	0
ENSMZEG00005027839	2	4
ENSMZEG00005027840	1	16
ENSMZEG00005027841	0	0
ENSMZEG00005027842	0	2
ENSMZEG00005027843	2	9
ENSMZEG00005027844	0	0
ENSMZEG00005027845	0	0
ENSMZEG00005027846	0	2
ENSMZEG00005027847	0	0
ENSMZEG00005027848	0	0
ENSMZEG00005027849	0	0
ENSMZEG00005027850	3	2
ENSMZEG00005027851	0	0
ENSMZEG00005027852	1	0
ENSMZEG00005027853	19	5
ENSMZEG00005027854	0	0
ENSMZEG00005027855	0	0
ENSMZEG00005027856	0	0
ENSMZEG00005027857	0	0
ENSMZEG00005027858	0	0
ENSMZEG00005027859	0	0
ENSMZEG00005027860	1	0
ENSMZEG00005027861	0	0
ENSMZEG00005027862	3	0
ENSMZEG00005027863	0	0
ENSMZEG00005027864	0	0
ENSMZEG00005027865	1	0
ENSMZEG00005027866	1	0
ENSMZEG00005027867	0	0
ENSMZEG00005027868	2	2
ENSMZEG00005027869	0	0
ENSMZEG00005027870	0	0
ENSMZEG00005027871	4	0
ENSMZEG00005027872	0	0
ENSMZEG00005027873	0	0
ENSMZEG00005027874	0	0
ENSMZEG00005027875	0	0
ENSMZEG00005027876	0	1
ENSMZEG00005027877	2	0
ENSMZEG00005027878	0	0
ENSMZEG00005027879	1	2
ENSMZEG00005027880	0	0
ENSMZEG00005027881	1	0
ENSMZEG00005027882	0	0
ENSMZEG00005027883	0	0
ENSMZEG00005027884	0	0
ENSMZEG00005027885	0	0
ENSMZEG00005027886	0	0
ENSMZEG00005027887	0	0
ENSMZEG00005027888	0	0
ENSMZEG00005027889	0	0
ENSMZEG00005027890	0	0
ENSMZEG00005027891	0	0
ENSMZEG00005027892	18	20
ENSMZEG00005027893	0	0
ENSMZEG00005027894	0	0
ENSMZEG00005027895	0	0
ENSMZEG00005027896	0	0
ENSMZEG00005027897	0	0
ENSMZEG00005027898	0	0
ENSMZEG00005027899	0	0
ENSMZEG00005027900	4	7
ENSMZEG00005027901	0	0
ENSMZEG00005027902	0	0
ENSMZEG00005027903	110	349
ENSMZEG00005027904	0	0
ENSMZEG00005027905	4	22
ENSMZEG00005027906	0	0
ENSMZEG00005027907	0	3
ENSMZEG00005027908	0	0
ENSMZEG00005027909	1	1
ENSMZEG00005027910	9	1
ENSMZEG00005027911	0	0
ENSMZEG00005027912	0	0
ENSMZEG00005027913	0	3
ENSMZEG00005027914	197	312
ENSMZEG00005027915	0	0
ENSMZEG00005027916	0	2
ENSMZEG00005027917	3	1
ENSMZEG00005027918	0	0
ENSMZEG00005027919	0	1
ENSMZEG00005027920	0	0
ENSMZEG00005027921	4	4
ENSMZEG00005027922	5	1
ENSMZEG00005027923	0	0
ENSMZEG00005027924	0	0
ENSMZEG00005027925	1	0
ENSMZEG00005027926	0	0
ENSMZEG00005027927	0	0
ENSMZEG00005027928	0	0
ENSMZEG00005027929	1	0
ENSMZEG00005027930	0	0
ENSMZEG00005027931	0	0
ENSMZEG00005027932	0	0
ENSMZEG00005027933	0	0
ENSMZEG00005027934	0	0
ENSMZEG00005027935	0	0
ENSMZEG00005027936	0	0
ENSMZEG00005027937	0	0
ENSMZEG00005027938	0	0
ENSMZEG00005027939	0	0
ENSMZEG00005027940	0	2
ENSMZEG00005027941	0	0
ENSMZEG00005027942	0	0
ENSMZEG00005027943	0	0
ENSMZEG00005027944	0	0
ENSMZEG00005027945	0	0
ENSMZEG00005027946	0	0
ENSMZEG00005027947	0	0
ENSMZEG00005027948	0	0
ENSMZEG00005027949	0	1
ENSMZEG00005027950	0	0
ENSMZEG00005027951	0	0
ENSMZEG00005027952	0	0
ENSMZEG00005027953	1	1
ENSMZEG00005027954	0	0
ENSMZEG00005027955	0	0
ENSMZEG00005027956	0	0
ENSMZEG00005027957	0	0
ENSMZEG00005027958	0	0
ENSMZEG00005027959	0	1
ENSMZEG00005027960	0	0
ENSMZEG00005027961	0	0
ENSMZEG00005027962	0	0
ENSMZEG00005027963	0	0
ENSMZEG00005027964	0	0
ENSMZEG00005027965	0	3
ENSMZEG00005027966	0	1
ENSMZEG00005027967	0	0
ENSMZEG00005027968	0	0
ENSMZEG00005027969	0	0
ENSMZEG00005027970	0	0
ENSMZEG00005027971	0	0
ENSMZEG00005027972	0	0
ENSMZEG00005027973	0	4
ENSMZEG00005027974	0	0
ENSMZEG00005027975	1	0
ENSMZEG00005027976	0	0
ENSMZEG00005027977	0	0
ENSMZEG00005027978	0	0
ENSMZEG00005027979	0	0
ENSMZEG00005027980	7	4
ENSMZEG00005027981	12	0
ENSMZEG00005027982	808	345
ENSMZEG00005027983	0	0
ENSMZEG00005027984	0	0
ENSMZEG00005027985	5	0
ENSMZEG00005027986	111	25
ENSMZEG00005027987	97	3
ENSMZEG00005027988	1	0
ENSMZEG00005027989	13	17
ENSMZEG00005027990	0	0
ENSMZEG00005027991	0	2
ENSMZEG00005027992	0	0
ENSMZEG00005027993	3	9
ENSMZEG00005027994	0	0
ENSMZEG00005027995	0	0
ENSMZEG00005027996	0	0
ENSMZEG00005027997	0	0
ENSMZEG00005027998	0	0
ENSMZEG00005027999	1	0
ENSMZEG00005028000	0	0
ENSMZEG00005028001	0	2
ENSMZEG00005028002	9	2
ENSMZEG00005028003	0	0
ENSMZEG00005028004	0	0
ENSMZEG00005028005	0	0
ENSMZEG00005028006	0	0
ENSMZEG00005028007	0	0
ENSMZEG00005028008	106	220
ENSMZEG00005028009	5	10
ENSMZEG00005028010	0	1
ENSMZEG00005028011	539	397
ENSMZEG00005028012	0	0
ENSMZEG00005028013	1	0
ENSMZEG00005028014	5	1
ENSMZEG00005028015	0	0
ENSMZEG00005028016	1	0
ENSMZEG00005028017	0	2
ENSMZEG00005028018	0	0
ENSMZEG00005028019	0	3
ENSMZEG00005028020	2	0
ENSMZEG00005028021	15	23
ENSMZEG00005028022	4	2
ENSMZEG00005028023	0	0
ENSMZEG00005028024	0	0
ENSMZEG00005028025	1	0
ENSMZEG00005028026	2	2
ENSMZEG00005028027	0	1
ENSMZEG00005028028	2	1
ENSMZEG00005028029	0	0
ENSMZEG00005028030	4	0
ENSMZEG00005028031	0	0
ENSMZEG00005028032	1	0
ENSMZEG00005028033	246	215
ENSMZEG00005028034	0	0
ENSMZEG00005028035	81	245
ENSMZEG00005028036	15	15
ENSMZEG00005028037	0	0
ENSMZEG00005028038	0	0
ENSMZEG00005028039	0	0
ENSMZEG00005028040	0	0
ENSMZEG00005028041	0	0
ENSMZEG00005028042	0	0
ENSMZEG00005028043	0	0
ENSMZEG00005028044	55	33
ENSMZEG00005028045	0	0
ENSMZEG00005028046	6	13
ENSMZEG00005028047	0	0
ENSMZEG00005028048	3	1
ENSMZEG00005028049	26	4
ENSMZEG00005028050	0	8
ENSMZEG00005028051	0	0
ENSMZEG00005028052	0	0
ENSMZEG00005028053	247	14
ENSMZEG00005028054	238	779
ENSMZEG00005028055	8	0
ENSMZEG00005028056	0	0
ENSMZEG00005028057	1	0
ENSMZEG00005028058	0	0
ENSMZEG00005028059	1	0
ENSMZEG00005028060	2	6
ENSMZEG00005028061	0	0
ENSMZEG00005028062	0	1
ENSMZEG00005028063	2	3
ENSMZEG00005028064	2	0
ENSMZEG00005028065	0	0
ENSMZEG00005028066	0	3
ENSMZEG00005028067	7	3
ENSMZEG00005028068	0	0
ENSMZEG00005028069	0	2
ENSMZEG00005028070	0	0
ENSMZEG00005028071	0	0
ENSMZEG00005028072	2	0
ENSMZEG00005028073	0	0
ENSMZEG00005028074	14	24
ENSMZEG00005028075	1	1
ENSMZEG00005028076	6	0
ENSMZEG00005028077	8	2
ENSMZEG00005028078	0	0
ENSMZEG00005028079	13	23
ENSMZEG00005028080	2	0
ENSMZEG00005028081	1	0
ENSMZEG00005028082	10	14
ENSMZEG00005028083	29	55
ENSMZEG00005028084	549	478
ENSMZEG00005028085	388	833
ENSMZEG00005028086	0	0
ENSMZEG00005028087	0	0
ENSMZEG00005028088	0	0
ENSMZEG00005028089	0	0
ENSMZEG00005028090	0	0
ENSMZEG00005028091	0	0
ENSMZEG00005028092	0	0
ENSMZEG00005028093	0	0
ENSMZEG00005028094	0	0
ENSMZEG00005028095	10	86
ENSMZEG00005028096	0	0
ENSMZEG00005028097	0	0
ENSMZEG00005028098	0	0
ENSMZEG00005028099	1	2
ENSMZEG00005028100	0	1
ENSMZEG00005028101	0	0
ENSMZEG00005028102	0	0
ENSMZEG00005028103	0	0
ENSMZEG00005028104	0	1
ENSMZEG00005028105	0	0
ENSMZEG00005028106	0	0
ENSMZEG00005028107	0	0
ENSMZEG00005028108	0	0
ENSMZEG00005028109	0	0
ENSMZEG00005028110	0	0
ENSMZEG00005028111	2	2
ENSMZEG00005028112	1	1
ENSMZEG00005028113	2	0
ENSMZEG00005028114	9	0
ENSMZEG00005028115	0	0
ENSMZEG00005028116	0	0
ENSMZEG00005028117	10	0
ENSMZEG00005028118	1	0
ENSMZEG00005028119	0	0
ENSMZEG00005028120	0	0
ENSMZEG00005028121	0	0
ENSMZEG00005028122	0	0
ENSMZEG00005028123	0	0
ENSMZEG00005028124	0	0
ENSMZEG00005028125	0	0
ENSMZEG00005028126	0	0
ENSMZEG00005028127	0	0
ENSMZEG00005028128	0	0
ENSMZEG00005028129	0	0
ENSMZEG00005028130	0	0
ENSMZEG00005028131	0	0
ENSMZEG00005028132	0	1
ENSMZEG00005028133	0	0
ENSMZEG00005028134	0	0
ENSMZEG00005028135	35	44
ENSMZEG00005028136	33	33
ENSMZEG00005028137	0	0
ENSMZEG00005028138	0	0
ENSMZEG00005028139	0	0
ENSMZEG00005028140	0	3
ENSMZEG00005028141	0	0
ENSMZEG00005028142	0	0
ENSMZEG00005028143	0	0
ENSMZEG00005028144	0	0
ENSMZEG00005028145	0	0
ENSMZEG00005028146	0	0
ENSMZEG00005028147	0	0
ENSMZEG00005028148	0	0
ENSMZEG00005028149	0	0
ENSMZEG00005028150	0	0
ENSMZEG00005028151	0	0
ENSMZEG00005028152	0	0
ENSMZEG00005028153	0	0
ENSMZEG00005028154	0	0
ENSMZEG00005028155	0	0
ENSMZEG00005028156	0	0
ENSMZEG00005028157	0	0
ENSMZEG00005028158	0	0
ENSMZEG00005028159	0	0
ENSMZEG00005028160	0	0
ENSMZEG00005028161	0	0
ENSMZEG00005028162	0	0
ENSMZEG00005028163	0	0
ENSMZEG00005028164	0	0
ENSMZEG00005028165	0	0
ENSMZEG00005028166	0	0
ENSMZEG00005028167	0	1
ENSMZEG00005028168	0	0
ENSMZEG00005028169	1	0
ENSMZEG00005028170	0	0
ENSMZEG00005028171	564	769
ENSMZEG00005028172	222	62
ENSMZEG00005028173	9	18
ENSMZEG00005028174	0	0
ENSMZEG00005028175	0	0
ENSMZEG00005028176	0	0
ENSMZEG00005028177	1	0
ENSMZEG00005028178	0	0
ENSMZEG00005028179	0	0
ENSMZEG00005028180	0	0
ENSMZEG00005028181	0	0
ENSMZEG00005028182	0	0
ENSMZEG00005028183	0	0
ENSMZEG00005028184	0	0
ENSMZEG00005028185	0	0
ENSMZEG00005028186	0	0
ENSMZEG00005028187	0	0
ENSMZEG00005028188	0	0
ENSMZEG00005028189	0	0
ENSMZEG00005028190	0	0
ENSMZEG00005028191	0	0
ENSMZEG00005028192	0	0
ENSMZEG00005028193	0	0
ENSMZEG00005028194	0	0
ENSMZEG00005028195	0	0
ENSMZEG00005028196	0	0
ENSMZEG00005028197	0	0
ENSMZEG00005028198	0	0
ENSMZEG00005028199	0	0
ENSMZEG00005028200	0	0
ENSMZEG00005028201	0	0
ENSMZEG00005028202	1	0
ENSMZEG00005028203	1	0
ENSMZEG00005028204	47	60
ENSMZEG00005028205	2	5
ENSMZEG00005028206	0	0
ENSMZEG00005028207	0	0
ENSMZEG00005028208	0	0
ENSMZEG00005028209	0	0
ENSMZEG00005028210	0	0
ENSMZEG00005028211	0	0
ENSMZEG00005028212	0	0
ENSMZEG00005028213	0	0
ENSMZEG00005028214	0	0
ENSMZEG00005028215	0	0
ENSMZEG00005028216	0	0
ENSMZEG00005028217	0	0
ENSMZEG00005028218	0	0
ENSMZEG00005028219	0	0
ENSMZEG00005028220	0	0
ENSMZEG00005028221	0	0
ENSMZEG00005028222	0	0
ENSMZEG00005028223	0	0
ENSMZEG00005028224	0	0
ENSMZEG00005028225	0	0
ENSMZEG00005028226	0	0
ENSMZEG00005028227	0	0
ENSMZEG00005028228	0	1
ENSMZEG00005028229	1	0
ENSMZEG00005028230	0	0
ENSMZEG00005028231	0	0
ENSMZEG00005028232	0	0
ENSMZEG00005028233	1	0
ENSMZEG00005028234	0	0
ENSMZEG00005028235	14	0
ENSMZEG00005028236	0	0
ENSMZEG00005028237	0	0
ENSMZEG00005028238	1	0
ENSMZEG00005028239	0	0
ENSMZEG00005028240	0	0
ENSMZEG00005028241	0	0
ENSMZEG00005028242	0	0
ENSMZEG00005028243	0	0
ENSMZEG00005028244	0	0
ENSMZEG00005028245	2	2
ENSMZEG00005028246	0	0
ENSMZEG00005028247	1	0
ENSMZEG00005028248	1	0
ENSMZEG00005028249	0	0
ENSMZEG00005028250	0	0
ENSMZEG00005028251	0	0
ENSMZEG00005028252	0	0
ENSMZEG00005028253	0	0
ENSMZEG00005028254	0	0
ENSMZEG00005028255	0	0
ENSMZEG00005028256	0	0
ENSMZEG00005028257	0	0
ENSMZEG00005028258	0	0
ENSMZEG00005028259	0	0
ENSMZEG00005028260	0	0
ENSMZEG00005028261	0	0
ENSMZEG00005028262	0	0
ENSMZEG00005028263	0	0
ENSMZEG00005028264	0	0
ENSMZEG00005028265	0	0
ENSMZEG00005028266	0	0
ENSMZEG00005028267	0	0
ENSMZEG00005028268	0	0
ENSMZEG00005028269	0	0
ENSMZEG00005028270	0	0
ENSMZEG00005028271	0	0
ENSMZEG00005028272	0	0
ENSMZEG00005028273	0	0
ENSMZEG00005028274	0	0
ENSMZEG00005028275	0	0
ENSMZEG00005028276	0	0
ENSMZEG00005028277	0	0
ENSMZEG00005028278	0	0
ENSMZEG00005028279	0	0
ENSMZEG00005028280	0	0
ENSMZEG00005028281	0	0
ENSMZEG00005028282	0	0
ENSMZEG00005028283	0	0
ENSMZEG00005028284	0	0
ENSMZEG00005028285	0	0
ENSMZEG00005028286	0	0
ENSMZEG00005028287	0	0
ENSMZEG00005028288	0	0
ENSMZEG00005028289	0	0
ENSMZEG00005028290	0	0
ENSMZEG00005028291	0	0
ENSMZEG00005028292	0	0
ENSMZEG00005028293	0	0
ENSMZEG00005028294	0	0
ENSMZEG00005028295	0	0
ENSMZEG00005028296	0	0
ENSMZEG00005028297	0	0
ENSMZEG00005028298	0	0
ENSMZEG00005028299	0	0
ENSMZEG00005028300	0	0
ENSMZEG00005028301	0	0
ENSMZEG00005028302	0	0
ENSMZEG00005028303	0	0
ENSMZEG00005028304	0	0
ENSMZEG00005028305	0	0
ENSMZEG00005028306	0	0
ENSMZEG00005028307	0	0
ENSMZEG00005028308	0	0
ENSMZEG00005028309	0	0
ENSMZEG00005028310	0	0
ENSMZEG00005028311	0	0
ENSMZEG00005028312	0	0
ENSMZEG00005028313	0	0
ENSMZEG00005028314	0	0
ENSMZEG00005028315	0	0
ENSMZEG00005028316	0	0
ENSMZEG00005028317	0	0
ENSMZEG00005028318	0	0
ENSMZEG00005028319	0	0
ENSMZEG00005028320	0	0
ENSMZEG00005028321	0	0
ENSMZEG00005028322	59	32
ENSMZEG00005028323	0	0
ENSMZEG00005028324	0	0
ENSMZEG00005028325	0	0
ENSMZEG00005028326	0	0
ENSMZEG00005028327	0	0
ENSMZEG00005028328	2	0
ENSMZEG00005028329	0	0
ENSMZEG00005028330	0	0
ENSMZEG00005028331	0	0
ENSMZEG00005028332	1	1
ENSMZEG00005028333	0	0
ENSMZEG00005028334	1	0
ENSMZEG00005028335	12	8
ENSMZEG00005028336	0	0
ENSMZEG00005028337	0	0
ENSMZEG00005028338	0	0
ENSMZEG00005028339	1	0
ENSMZEG00005028340	0	0
ENSMZEG00005028341	2	0
ENSMZEG00005028342	1	0
ENSMZEG00005028343	0	0
ENSMZEG00005028344	0	13
ENSMZEG00005028345	2	0
ENSMZEG00005028346	2	3
ENSMZEG00005028347	0	0
ENSMZEG00005028348	0	0
ENSMZEG00005028349	0	0
ENSMZEG00005028350	0	0
ENSMZEG00005028351	1	0
ENSMZEG00005028352	3	0
ENSMZEG00005028353	0	0
ENSMZEG00005028354	0	0
ENSMZEG00005028355	3	6
ENSMZEG00005028356	0	0
ENSMZEG00005028357	0	0
ENSMZEG00005028358	0	0
ENSMZEG00005028359	0	0
ENSMZEG00005028360	0	0
ENSMZEG00005028361	0	0
ENSMZEG00005028362	0	0
ENSMZEG00005028363	0	0
ENSMZEG00005028364	0	0
ENSMZEG00005028365	0	0
ENSMZEG00005028366	0	1
ENSMZEG00005028367	0	0
ENSMZEG00005028368	0	0
ENSMZEG00005028369	0	0
ENSMZEG00005028370	0	0
ENSMZEG00005028371	0	0
ENSMZEG00005028372	0	0
ENSMZEG00005028373	0	0
ENSMZEG00005028374	0	0
ENSMZEG00005028375	0	0
ENSMZEG00005028376	0	0
ENSMZEG00005028377	0	0
ENSMZEG00005028378	0	0
ENSMZEG00005028379	0	0
ENSMZEG00005028380	0	0
ENSMZEG00005028381	0	0
ENSMZEG00005028382	0	0
ENSMZEG00005028383	0	0
ENSMZEG00005028384	0	0
ENSMZEG00005028385	0	0
ENSMZEG00005028386	192	186
ENSMZEG00005028387	0	0
ENSMZEG00005028388	125	59
ENSMZEG00005028389	0	0
ENSMZEG00005028390	612	633
ENSMZEG00005028391	1	0
ENSMZEG00005028392	0	2
ENSMZEG00005028393	0	0
ENSMZEG00005028394	0	0
ENSMZEG00005028395	0	2
ENSMZEG00005028396	1	0
ENSMZEG00005028397	4	3
ENSMZEG00005028398	0	0
ENSMZEG00005028399	0	0
ENSMZEG00005028400	0	0
ENSMZEG00005028401	0	0
ENSMZEG00005028402	0	0
ENSMZEG00005028403	8	1
ENSMZEG00005028404	0	0
ENSMZEG00005028405	0	0
ENSMZEG00005028406	0	0
ENSMZEG00005028407	0	0
ENSMZEG00005028408	0	0
ENSMZEG00005028409	0	0
ENSMZEG00005028410	0	0
ENSMZEG00005028411	0	0
ENSMZEG00005028412	0	0
ENSMZEG00005028413	0	0
ENSMZEG00005028414	0	10
ENSMZEG00005028415	0	0
ENSMZEG00005028416	0	0
ENSMZEG00005028417	0	0
ENSMZEG00005028418	0	1
ENSMZEG00005028419	0	0
ENSMZEG00005028420	0	2
ENSMZEG00005028421	0	0
ENSMZEG00005028422	3	2
ENSMZEG00005028423	0	0
ENSMZEG00005028424	0	0
ENSMZEG00005028425	0	0
ENSMZEG00005028426	0	0
ENSMZEG00005028427	1	1
ENSMZEG00005028428	0	0
ENSMZEG00005028429	0	0
ENSMZEG00005028430	0	0
ENSMZEG00005028431	0	0
ENSMZEG00005028432	0	0
ENSMZEG00005028433	0	0
ENSMZEG00005028434	3	0
ENSMZEG00005028435	1	9
ENSMZEG00005028436	1	1
ENSMZEG00005028437	0	0
ENSMZEG00005028438	9	4
ENSMZEG00005028439	0	0
ENSMZEG00005028440	0	0
ENSMZEG00005028441	0	0
ENSMZEG00005028442	0	0
ENSMZEG00005028443	0	0
ENSMZEG00005028444	0	0
ENSMZEG00005028445	0	0
ENSMZEG00005028446	0	0
ENSMZEG00005028447	0	0
ENSMZEG00005028448	0	0
ENSMZEG00005028449	0	0
ENSMZEG00005028450	0	0
ENSMZEG00005028451	0	0
ENSMZEG00005028452	0	0
ENSMZEG00005028453	0	0
ENSMZEG00005028454	0	0
ENSMZEG00005028455	0	0
ENSMZEG00005028456	0	0
ENSMZEG00005028457	0	0
ENSMZEG00005028458	0	0
ENSMZEG00005028459	0	0
ENSMZEG00005028460	0	0
ENSMZEG00005028461	0	0
ENSMZEG00005028462	0	0
ENSMZEG00005028463	0	0
ENSMZEG00005028464	0	0
ENSMZEG00005028465	0	0
ENSMZEG00005028466	0	0
ENSMZEG00005028467	0	0
ENSMZEG00005028468	0	0
ENSMZEG00005028469	0	0
ENSMZEG00005028470	0	0
ENSMZEG00005028471	0	0
ENSMZEG00005028472	0	0
ENSMZEG00005028473	0	0
ENSMZEG00005028474	0	1
ENSMZEG00005028475	0	0
ENSMZEG00005028476	0	0
ENSMZEG00005028477	0	0
ENSMZEG00005028478	0	0
ENSMZEG00005028479	0	0
ENSMZEG00005028480	0	0
ENSMZEG00005028481	1	0
ENSMZEG00005028482	0	2
ENSMZEG00005028483	224	526
ENSMZEG00005028484	1	0
ENSMZEG00005028485	1	5
ENSMZEG00005028486	0	1
ENSMZEG00005028487	1	1
ENSMZEG00005028488	0	0
ENSMZEG00005028489	0	0
ENSMZEG00005028490	0	0
ENSMZEG00005028491	3	0
ENSMZEG00005028492	1	1
ENSMZEG00005028493	0	0
ENSMZEG00005028494	0	0
ENSMZEG00005028495	0	0
ENSMZEG00005028496	19	2
ENSMZEG00005028497	0	0
ENSMZEG00005028498	0	0
ENSMZEG00005028499	0	0
ENSMZEG00005028500	0	0
ENSMZEG00005028501	0	0
ENSMZEG00005028502	0	0
ENSMZEG00005028503	0	0
ENSMZEG00005028504	0	0
ENSMZEG00005028505	0	0
ENSMZEG00005028506	4	0
ENSMZEG00005028507	0	0
ENSMZEG00005028508	0	0
ENSMZEG00005028509	0	0
ENSMZEG00005028510	0	0
ENSMZEG00005028511	0	3
ENSMZEG00005028512	0	0
ENSMZEG00005028513	0	0
ENSMZEG00005028514	0	0
ENSMZEG00005028515	0	0
ENSMZEG00005028516	0	0
ENSMZEG00005028517	0	0
ENSMZEG00005028518	0	0
ENSMZEG00005028519	1	0
ENSMZEG00005028520	0	0
ENSMZEG00005028521	0	0
ENSMZEG00005028522	0	0
ENSMZEG00005028523	0	0
ENSMZEG00005028524	0	0
ENSMZEG00005028525	0	0
ENSMZEG00005028526	2	0
ENSMZEG00005028527	0	4
ENSMZEG00005028528	0	0
ENSMZEG00005028529	0	0
ENSMZEG00005028530	6	4
ENSMZEG00005028531	0	1
ENSMZEG00005028532	2	3
ENSMZEG00005028533	0	0
ENSMZEG00005028534	3	15
ENSMZEG00005028535	0	0
ENSMZEG00005028536	0	0
ENSMZEG00005028537	0	0
ENSMZEG00005028538	0	0
ENSMZEG00005028539	0	0
ENSMZEG00005028540	4	0
ENSMZEG00005028541	1	0
ENSMZEG00005028542	2	2
ENSMZEG00005028543	0	0
ENSMZEG00005028544	0	0
ENSMZEG00005028545	1	0
ENSMZEG00005028546	0	0
ENSMZEG00005028547	0	0
ENSMZEG00005028548	0	0
ENSMZEG00005028549	0	3
ENSMZEG00005028550	0	0
ENSMZEG00005028551	0	0
ENSMZEG00005028552	0	0
ENSMZEG00005028553	0	0
ENSMZEG00005028554	0	0
ENSMZEG00005028555	0	0
ENSMZEG00005028556	0	0
ENSMZEG00005028557	0	0
ENSMZEG00005028558	0	0
ENSMZEG00005028559	0	0
ENSMZEG00005028560	0	0
ENSMZEG00005028561	0	0
ENSMZEG00005028562	0	4
ENSMZEG00005028563	0	0
ENSMZEG00005028564	0	0
ENSMZEG00005028565	11	5
ENSMZEG00005028566	0	0
ENSMZEG00005028567	0	0
ENSMZEG00005028568	0	0
ENSMZEG00005028569	1	3
ENSMZEG00005028570	1	1
ENSMZEG00005028571	0	0
ENSMZEG00005028572	0	0
ENSMZEG00005028573	146	343
ENSMZEG00005028574	0	0
ENSMZEG00005028575	0	0
ENSMZEG00005028576	1	0
ENSMZEG00005028577	0	0
ENSMZEG00005028578	0	0
ENSMZEG00005028579	0	0
ENSMZEG00005028580	0	0
ENSMZEG00005028581	0	0
ENSMZEG00005028582	0	0
ENSMZEG00005028583	0	0
ENSMZEG00005028584	0	3
ENSMZEG00005028585	0	0
ENSMZEG00005028586	0	0
ENSMZEG00005028587	0	0
ENSMZEG00005028588	0	0
ENSMZEG00005028589	0	0
ENSMZEG00005028590	0	0
ENSMZEG00005028591	4	9
ENSMZEG00005028592	0	0
ENSMZEG00005028593	0	0
ENSMZEG00005028594	0	0
ENSMZEG00005028595	0	0
ENSMZEG00005028596	2	5
ENSMZEG00005028597	0	0
ENSMZEG00005028598	0	0
ENSMZEG00005028599	0	0
ENSMZEG00005028600	0	0
ENSMZEG00005028601	0	0
ENSMZEG00005028602	0	0
ENSMZEG00005028603	0	0
ENSMZEG00005028604	0	0
ENSMZEG00005028605	0	0
ENSMZEG00005028606	0	0
ENSMZEG00005028607	0	1
ENSMZEG00005028608	0	0
ENSMZEG00005028609	0	0
ENSMZEG00005028610	0	0
ENSMZEG00005028611	0	0
ENSMZEG00005028612	0	0
ENSMZEG00005028613	0	0
ENSMZEG00005028614	0	0
ENSMZEG00005028615	0	0
ENSMZEG00005028616	26	28
ENSMZEG00005028617	2	4
ENSMZEG00005028618	0	1
ENSMZEG00005028619	0	1
ENSMZEG00005028620	2	6
ENSMZEG00005028621	0	0
ENSMZEG00005028622	0	0
ENSMZEG00005028623	3	1
