Gene	Nb_4_Eye	Nb_5_Eye
ENSNBRG00000000002	0	0
ENSNBRG00000000003	0	0
ENSNBRG00000000004	0	0
ENSNBRG00000000005	0	0
ENSNBRG00000000006	0	0
ENSNBRG00000000007	0	0
ENSNBRG00000000008	0	0
ENSNBRG00000000009	0	0
ENSNBRG00000000010	0	0
ENSNBRG00000000011	0	0
ENSNBRG00000000012	0	0
ENSNBRG00000000013	0	0
ENSNBRG00000000014	0	0
ENSNBRG00000000015	0	0
ENSNBRG00000000016	0	0
ENSNBRG00000000017	3	43
ENSNBRG00000000018	3	29
ENSNBRG00000000019	0	0
ENSNBRG00000000020	0	0
ENSNBRG00000000021	0	0
ENSNBRG00000000022	2	16
ENSNBRG00000000023	0	0
ENSNBRG00000000024	15	40
ENSNBRG00000000025	0	0
ENSNBRG00000000026	0	0
ENSNBRG00000000027	0	0
ENSNBRG00000000028	0	0
ENSNBRG00000000029	1	33
ENSNBRG00000000030	0	0
ENSNBRG00000000031	0	0
ENSNBRG00000000032	0	0
ENSNBRG00000000033	3	37
ENSNBRG00000000034	34	53
ENSNBRG00000000035	0	0
ENSNBRG00000000036	16	31
ENSNBRG00000000037	2	36
ENSNBRG00000000038	135	140
ENSNBRG00000000039	0	0
ENSNBRG00000000040	0	0
ENSNBRG00000000041	0	0
ENSNBRG00000000042	0	0
ENSNBRG00000000043	0	0
ENSNBRG00000000044	0	0
ENSNBRG00000000045	0	0
ENSNBRG00000000046	0	0
ENSNBRG00000000047	0	0
ENSNBRG00000000048	0	0
ENSNBRG00000000049	0	0
ENSNBRG00000000050	0	0
ENSNBRG00000000051	0	0
ENSNBRG00000000052	0	0
ENSNBRG00000000053	0	0
ENSNBRG00000000054	0	0
ENSNBRG00000000055	0	0
ENSNBRG00000000056	0	0
ENSNBRG00000000057	0	0
ENSNBRG00000000058	0	0
ENSNBRG00000000059	0	0
ENSNBRG00000000060	0	0
ENSNBRG00000000061	0	0
ENSNBRG00000000062	0	0
ENSNBRG00000000063	0	0
ENSNBRG00000000064	0	0
ENSNBRG00000000065	0	0
ENSNBRG00000000066	0	0
ENSNBRG00000000067	0	0
ENSNBRG00000000068	30	64
ENSNBRG00000000069	0	0
ENSNBRG00000000070	0	0
ENSNBRG00000000071	0	0
ENSNBRG00000000072	0	0
ENSNBRG00000000073	0	0
ENSNBRG00000000074	0	0
ENSNBRG00000000075	1420	1456
ENSNBRG00000000076	27903	27936
ENSNBRG00000000077	200	222
ENSNBRG00000000078	321	340
ENSNBRG00000000079	602	643
ENSNBRG00000000080	232	268
ENSNBRG00000000081	141	172
ENSNBRG00000000082	0	0
ENSNBRG00000000083	0	0
ENSNBRG00000000084	0	0
ENSNBRG00000000085	0	0
ENSNBRG00000000086	0	0
ENSNBRG00000000087	0	0
ENSNBRG00000000088	0	0
ENSNBRG00000000089	0	0
ENSNBRG00000000090	0	0
ENSNBRG00000000091	0	0
ENSNBRG00000000092	0	0
ENSNBRG00000000093	0	0
ENSNBRG00000000094	0	0
ENSNBRG00000000095	0	0
ENSNBRG00000000096	0	0
ENSNBRG00000000097	0	0
ENSNBRG00000000098	0	0
ENSNBRG00000000099	0	0
ENSNBRG00000000100	0	0
ENSNBRG00000000101	0	0
ENSNBRG00000000102	0	0
ENSNBRG00000000103	0	0
ENSNBRG00000000104	0	0
ENSNBRG00000000105	0	0
ENSNBRG00000000106	0	0
ENSNBRG00000000107	0	0
ENSNBRG00000000108	0	0
ENSNBRG00000000109	0	0
ENSNBRG00000000110	0	0
ENSNBRG00000000111	0	0
ENSNBRG00000000112	0	0
ENSNBRG00000000113	0	0
ENSNBRG00000000114	0	0
ENSNBRG00000000115	0	0
ENSNBRG00000000116	1	8
ENSNBRG00000000117	0	0
ENSNBRG00000000118	0	0
ENSNBRG00000000119	0	0
ENSNBRG00000000120	0	0
ENSNBRG00000000121	0	0
ENSNBRG00000000122	0	0
ENSNBRG00000000123	0	0
ENSNBRG00000000124	0	0
ENSNBRG00000000125	0	0
ENSNBRG00000000126	0	0
ENSNBRG00000000127	0	0
ENSNBRG00000000128	0	0
ENSNBRG00000000129	0	0
ENSNBRG00000000130	0	0
ENSNBRG00000000131	0	0
ENSNBRG00000000132	0	0
ENSNBRG00000000133	0	0
ENSNBRG00000000134	0	0
ENSNBRG00000000135	0	0
ENSNBRG00000000136	0	0
ENSNBRG00000000137	0	0
ENSNBRG00000000138	0	0
ENSNBRG00000000139	0	0
ENSNBRG00000000140	0	0
ENSNBRG00000000141	0	0
ENSNBRG00000000142	0	0
ENSNBRG00000000143	0	0
ENSNBRG00000000144	0	0
ENSNBRG00000000145	0	0
ENSNBRG00000000146	0	0
ENSNBRG00000000147	0	0
ENSNBRG00000000148	0	0
ENSNBRG00000000149	0	0
ENSNBRG00000000150	0	0
ENSNBRG00000000151	0	0
ENSNBRG00000000152	0	0
ENSNBRG00000000153	0	0
ENSNBRG00000000154	0	0
ENSNBRG00000000155	0	0
ENSNBRG00000000156	0	0
ENSNBRG00000000157	0	0
ENSNBRG00000000158	0	0
ENSNBRG00000000159	0	0
ENSNBRG00000000160	0	0
ENSNBRG00000000161	0	0
ENSNBRG00000000162	0	0
ENSNBRG00000000163	281	287
ENSNBRG00000000164	0	0
ENSNBRG00000000165	0	0
ENSNBRG00000000166	0	0
ENSNBRG00000000167	0	0
ENSNBRG00000000168	0	0
ENSNBRG00000000169	0	0
ENSNBRG00000000170	0	0
ENSNBRG00000000171	0	0
ENSNBRG00000000172	0	0
ENSNBRG00000000173	0	0
ENSNBRG00000000174	0	0
ENSNBRG00000000175	0	0
ENSNBRG00000000176	0	0
ENSNBRG00000000177	0	0
ENSNBRG00000000178	0	0
ENSNBRG00000000179	0	0
ENSNBRG00000000180	1	41
ENSNBRG00000000181	0	0
ENSNBRG00000000182	0	0
ENSNBRG00000000183	0	0
ENSNBRG00000000184	0	0
ENSNBRG00000000185	0	0
ENSNBRG00000000186	0	0
ENSNBRG00000000187	0	0
ENSNBRG00000000188	0	0
ENSNBRG00000000189	0	0
ENSNBRG00000000190	0	0
ENSNBRG00000000191	0	0
ENSNBRG00000000192	0	0
ENSNBRG00000000193	0	0
ENSNBRG00000000194	0	0
ENSNBRG00000000195	0	0
ENSNBRG00000000196	0	0
ENSNBRG00000000197	0	0
ENSNBRG00000000198	0	0
ENSNBRG00000000199	0	0
ENSNBRG00000000200	0	0
ENSNBRG00000000201	0	0
ENSNBRG00000000202	0	0
ENSNBRG00000000203	0	0
ENSNBRG00000000204	0	0
ENSNBRG00000000205	0	0
ENSNBRG00000000206	0	0
ENSNBRG00000000207	0	0
ENSNBRG00000000208	0	0
ENSNBRG00000000209	0	0
ENSNBRG00000000210	0	0
ENSNBRG00000000211	0	0
ENSNBRG00000000212	0	0
ENSNBRG00000000213	0	0
ENSNBRG00000000214	0	0
ENSNBRG00000000215	0	0
ENSNBRG00000000216	0	0
ENSNBRG00000000217	0	0
ENSNBRG00000000218	0	0
ENSNBRG00000000219	0	0
ENSNBRG00000000220	0	0
ENSNBRG00000000221	0	0
ENSNBRG00000000222	0	0
ENSNBRG00000000223	0	0
ENSNBRG00000000224	0	0
ENSNBRG00000000225	0	0
ENSNBRG00000000226	0	0
ENSNBRG00000000227	0	0
ENSNBRG00000000228	0	0
ENSNBRG00000000229	0	0
ENSNBRG00000000230	0	0
ENSNBRG00000000231	0	0
ENSNBRG00000000232	0	0
ENSNBRG00000000233	0	0
ENSNBRG00000000234	0	0
ENSNBRG00000000235	0	0
ENSNBRG00000000236	0	0
ENSNBRG00000000237	0	0
ENSNBRG00000000238	0	0
ENSNBRG00000000239	0	0
ENSNBRG00000000240	0	0
ENSNBRG00000000241	0	0
ENSNBRG00000000242	0	0
ENSNBRG00000000243	29	67
ENSNBRG00000000244	0	0
ENSNBRG00000000245	0	0
ENSNBRG00000000246	0	0
ENSNBRG00000000247	0	0
ENSNBRG00000000248	63	83
ENSNBRG00000000249	0	0
ENSNBRG00000000250	0	0
ENSNBRG00000000251	0	0
ENSNBRG00000000252	0	0
ENSNBRG00000000253	0	0
ENSNBRG00000000254	0	0
ENSNBRG00000000255	0	0
ENSNBRG00000000256	0	0
ENSNBRG00000000257	293	324
ENSNBRG00000000258	0	0
ENSNBRG00000000259	51	69
ENSNBRG00000000260	0	0
ENSNBRG00000000261	0	0
ENSNBRG00000000262	0	0
ENSNBRG00000000263	0	0
ENSNBRG00000000264	0	0
ENSNBRG00000000265	0	0
ENSNBRG00000000266	0	0
ENSNBRG00000000267	396	424
ENSNBRG00000000268	0	0
ENSNBRG00000000269	0	0
ENSNBRG00000000270	0	0
ENSNBRG00000000271	0	0
ENSNBRG00000000272	0	0
ENSNBRG00000000273	0	0
ENSNBRG00000000274	0	0
ENSNBRG00000000275	0	0
ENSNBRG00000000276	24	54
ENSNBRG00000000277	242	255
ENSNBRG00000000278	0	0
ENSNBRG00000000279	0	0
ENSNBRG00000000280	0	0
ENSNBRG00000000281	0	0
ENSNBRG00000000282	0	0
ENSNBRG00000000283	0	0
ENSNBRG00000000284	81	107
ENSNBRG00000000285	0	0
ENSNBRG00000000286	0	0
ENSNBRG00000000287	0	0
ENSNBRG00000000288	0	0
ENSNBRG00000000289	0	0
ENSNBRG00000000290	0	0
ENSNBRG00000000291	21	63
ENSNBRG00000000292	0	0
ENSNBRG00000000293	0	0
ENSNBRG00000000294	0	0
ENSNBRG00000000295	0	0
ENSNBRG00000000296	30	37
ENSNBRG00000000297	0	0
ENSNBRG00000000298	0	0
ENSNBRG00000000299	0	0
ENSNBRG00000000300	41	76
ENSNBRG00000000301	0	0
ENSNBRG00000000302	0	0
ENSNBRG00000000303	0	0
ENSNBRG00000000304	0	0
ENSNBRG00000000305	0	0
ENSNBRG00000000306	0	0
ENSNBRG00000000307	0	0
ENSNBRG00000000308	0	0
ENSNBRG00000000309	0	0
ENSNBRG00000000310	159	165
ENSNBRG00000000311	0	0
ENSNBRG00000000312	0	0
ENSNBRG00000000313	28	52
ENSNBRG00000000314	0	0
ENSNBRG00000000315	27	70
ENSNBRG00000000316	0	0
ENSNBRG00000000317	0	0
ENSNBRG00000000318	40	76
ENSNBRG00000000319	7	26
ENSNBRG00000000320	0	0
ENSNBRG00000000321	0	0
ENSNBRG00000000322	0	0
ENSNBRG00000000323	0	0
ENSNBRG00000000324	0	0
ENSNBRG00000000325	0	0
ENSNBRG00000000326	100	142
ENSNBRG00000000327	0	0
ENSNBRG00000000328	0	0
ENSNBRG00000000329	0	0
ENSNBRG00000000330	0	0
ENSNBRG00000000331	0	0
ENSNBRG00000000332	0	0
ENSNBRG00000000333	12	47
ENSNBRG00000000334	79	87
ENSNBRG00000000335	0	0
ENSNBRG00000000336	1	26
ENSNBRG00000000337	0	0
ENSNBRG00000000338	0	0
ENSNBRG00000000339	0	0
ENSNBRG00000000340	0	0
ENSNBRG00000000341	0	0
ENSNBRG00000000342	0	0
ENSNBRG00000000343	0	0
ENSNBRG00000000344	0	0
ENSNBRG00000000345	0	0
ENSNBRG00000000346	0	0
ENSNBRG00000000347	0	0
ENSNBRG00000000348	0	0
ENSNBRG00000000349	0	0
ENSNBRG00000000350	0	0
ENSNBRG00000000351	0	0
ENSNBRG00000000352	0	0
ENSNBRG00000000353	0	0
ENSNBRG00000000354	0	0
ENSNBRG00000000355	0	0
ENSNBRG00000000356	0	0
ENSNBRG00000000357	20	61
ENSNBRG00000000358	0	0
ENSNBRG00000000359	0	0
ENSNBRG00000000360	0	0
ENSNBRG00000000361	0	0
ENSNBRG00000000362	11	20
ENSNBRG00000000363	29	30
ENSNBRG00000000364	0	0
ENSNBRG00000000365	11	48
ENSNBRG00000000366	0	0
ENSNBRG00000000367	67	99
ENSNBRG00000000368	0	0
ENSNBRG00000000369	0	0
ENSNBRG00000000370	0	0
ENSNBRG00000000371	0	0
ENSNBRG00000000372	0	0
ENSNBRG00000000373	0	0
ENSNBRG00000000374	0	0
ENSNBRG00000000375	0	0
ENSNBRG00000000376	0	0
ENSNBRG00000000377	0	0
ENSNBRG00000000378	0	0
ENSNBRG00000000379	0	0
ENSNBRG00000000380	83	116
ENSNBRG00000000381	0	0
ENSNBRG00000000382	0	0
ENSNBRG00000000383	0	0
ENSNBRG00000000384	0	0
ENSNBRG00000000385	0	0
ENSNBRG00000000386	0	0
ENSNBRG00000000387	0	0
ENSNBRG00000000388	0	0
ENSNBRG00000000389	20	29
ENSNBRG00000000390	0	0
ENSNBRG00000000391	0	0
ENSNBRG00000000392	0	0
ENSNBRG00000000393	0	0
ENSNBRG00000000394	0	0
ENSNBRG00000000395	0	0
ENSNBRG00000000396	0	0
ENSNBRG00000000397	0	0
ENSNBRG00000000398	0	0
ENSNBRG00000000399	0	0
ENSNBRG00000000400	0	0
ENSNBRG00000000401	53	86
ENSNBRG00000000402	0	0
ENSNBRG00000000403	0	0
ENSNBRG00000000404	0	0
ENSNBRG00000000405	0	0
ENSNBRG00000000406	0	0
ENSNBRG00000000407	28	47
ENSNBRG00000000408	18	39
ENSNBRG00000000409	0	0
ENSNBRG00000000410	0	0
ENSNBRG00000000411	0	0
ENSNBRG00000000412	0	0
ENSNBRG00000000413	0	0
ENSNBRG00000000414	0	0
ENSNBRG00000000415	0	0
ENSNBRG00000000416	49	83
ENSNBRG00000000417	0	0
ENSNBRG00000000418	0	0
ENSNBRG00000000419	0	0
ENSNBRG00000000420	0	0
ENSNBRG00000000421	0	0
ENSNBRG00000000422	0	0
ENSNBRG00000000423	0	0
ENSNBRG00000000424	0	0
ENSNBRG00000000425	0	0
ENSNBRG00000000426	0	0
ENSNBRG00000000427	0	0
ENSNBRG00000000428	0	0
ENSNBRG00000000429	0	0
ENSNBRG00000000430	0	0
ENSNBRG00000000431	0	0
ENSNBRG00000000432	0	0
ENSNBRG00000000433	0	0
ENSNBRG00000000434	0	0
ENSNBRG00000000435	0	0
ENSNBRG00000000436	0	0
ENSNBRG00000000437	0	0
ENSNBRG00000000438	0	0
ENSNBRG00000000439	174	188
ENSNBRG00000000440	0	0
ENSNBRG00000000441	0	0
ENSNBRG00000000442	0	0
ENSNBRG00000000443	28	33
ENSNBRG00000000444	0	0
ENSNBRG00000000445	0	0
ENSNBRG00000000446	0	0
ENSNBRG00000000447	0	0
ENSNBRG00000000448	0	0
ENSNBRG00000000449	0	0
ENSNBRG00000000450	0	0
ENSNBRG00000000451	0	0
ENSNBRG00000000452	0	0
ENSNBRG00000000453	0	0
ENSNBRG00000000454	0	0
ENSNBRG00000000455	0	0
ENSNBRG00000000456	32	71
ENSNBRG00000000457	0	0
ENSNBRG00000000458	0	0
ENSNBRG00000000459	0	0
ENSNBRG00000000460	0	0
ENSNBRG00000000461	0	0
ENSNBRG00000000462	0	0
ENSNBRG00000000463	0	0
ENSNBRG00000000464	6	49
ENSNBRG00000000465	0	0
ENSNBRG00000000466	0	0
ENSNBRG00000000467	0	0
ENSNBRG00000000468	0	0
ENSNBRG00000000469	0	0
ENSNBRG00000000470	0	0
ENSNBRG00000000471	0	0
ENSNBRG00000000472	38	65
ENSNBRG00000000473	0	0
ENSNBRG00000000474	0	0
ENSNBRG00000000475	0	0
ENSNBRG00000000476	0	0
ENSNBRG00000000477	0	0
ENSNBRG00000000478	0	0
ENSNBRG00000000479	0	0
ENSNBRG00000000480	0	0
ENSNBRG00000000481	0	0
ENSNBRG00000000482	0	0
ENSNBRG00000000483	0	0
ENSNBRG00000000484	32	39
ENSNBRG00000000485	0	0
ENSNBRG00000000486	0	0
ENSNBRG00000000487	0	0
ENSNBRG00000000488	0	0
ENSNBRG00000000489	0	0
ENSNBRG00000000490	0	0
ENSNBRG00000000491	0	0
ENSNBRG00000000492	0	0
ENSNBRG00000000493	28	47
ENSNBRG00000000494	0	0
ENSNBRG00000000495	0	0
ENSNBRG00000000496	0	0
ENSNBRG00000000497	0	0
ENSNBRG00000000498	0	0
ENSNBRG00000000499	0	0
ENSNBRG00000000500	0	0
ENSNBRG00000000501	0	0
ENSNBRG00000000502	0	0
ENSNBRG00000000503	0	0
ENSNBRG00000000504	0	0
ENSNBRG00000000505	0	0
ENSNBRG00000000506	0	0
ENSNBRG00000000507	0	0
ENSNBRG00000000508	0	0
ENSNBRG00000000509	0	0
ENSNBRG00000000510	0	0
ENSNBRG00000000511	0	0
ENSNBRG00000000512	0	0
ENSNBRG00000000513	0	0
ENSNBRG00000000514	0	0
ENSNBRG00000000515	0	0
ENSNBRG00000000516	0	0
ENSNBRG00000000517	0	0
ENSNBRG00000000518	0	0
ENSNBRG00000000519	0	0
ENSNBRG00000000520	0	0
ENSNBRG00000000521	0	0
ENSNBRG00000000522	0	0
ENSNBRG00000000523	0	0
ENSNBRG00000000524	0	0
ENSNBRG00000000525	0	0
ENSNBRG00000000526	0	0
ENSNBRG00000000527	0	0
ENSNBRG00000000528	0	0
ENSNBRG00000000529	0	0
ENSNBRG00000000530	0	0
ENSNBRG00000000531	0	0
ENSNBRG00000000532	0	0
ENSNBRG00000000533	0	0
ENSNBRG00000000534	0	0
ENSNBRG00000000535	0	0
ENSNBRG00000000536	0	0
ENSNBRG00000000537	0	0
ENSNBRG00000000538	0	0
ENSNBRG00000000539	0	0
ENSNBRG00000000540	0	0
ENSNBRG00000000541	0	0
ENSNBRG00000000542	0	0
ENSNBRG00000000543	0	0
ENSNBRG00000000544	194	237
ENSNBRG00000000545	0	0
ENSNBRG00000000546	0	0
ENSNBRG00000000547	257	300
ENSNBRG00000000548	0	0
ENSNBRG00000000549	0	0
ENSNBRG00000000550	0	0
ENSNBRG00000000551	0	0
ENSNBRG00000000552	0	0
ENSNBRG00000000553	0	0
ENSNBRG00000000554	0	0
ENSNBRG00000000555	0	0
ENSNBRG00000000556	0	0
ENSNBRG00000000557	0	0
ENSNBRG00000000558	0	0
ENSNBRG00000000559	0	0
ENSNBRG00000000560	0	0
ENSNBRG00000000561	0	0
ENSNBRG00000000562	0	0
ENSNBRG00000000563	0	0
ENSNBRG00000000564	0	0
ENSNBRG00000000565	0	0
ENSNBRG00000000566	0	0
ENSNBRG00000000567	0	0
ENSNBRG00000000568	0	0
ENSNBRG00000000569	0	0
ENSNBRG00000000570	0	0
ENSNBRG00000000571	0	0
ENSNBRG00000000572	0	0
ENSNBRG00000000573	0	0
ENSNBRG00000000574	0	0
ENSNBRG00000000575	0	0
ENSNBRG00000000576	0	0
ENSNBRG00000000577	0	0
ENSNBRG00000000578	0	0
ENSNBRG00000000579	1	22
ENSNBRG00000000580	17	36
ENSNBRG00000000581	0	0
ENSNBRG00000000582	0	0
ENSNBRG00000000583	0	0
ENSNBRG00000000584	0	0
ENSNBRG00000000585	0	0
ENSNBRG00000000586	0	0
ENSNBRG00000000587	0	0
ENSNBRG00000000588	0	0
ENSNBRG00000000589	0	0
ENSNBRG00000000590	361	391
ENSNBRG00000000591	0	0
ENSNBRG00000000592	0	0
ENSNBRG00000000593	0	0
ENSNBRG00000000594	0	0
ENSNBRG00000000595	0	0
ENSNBRG00000000596	2	8
ENSNBRG00000000597	0	0
ENSNBRG00000000598	0	0
ENSNBRG00000000599	0	0
ENSNBRG00000000600	0	0
ENSNBRG00000000601	0	0
ENSNBRG00000000602	0	0
ENSNBRG00000000603	0	0
ENSNBRG00000000604	0	0
ENSNBRG00000000605	0	0
ENSNBRG00000000606	0	0
ENSNBRG00000000607	0	0
ENSNBRG00000000608	0	0
ENSNBRG00000000609	0	0
ENSNBRG00000000610	0	0
ENSNBRG00000000611	0	0
ENSNBRG00000000612	0	0
ENSNBRG00000000613	0	0
ENSNBRG00000000614	0	0
ENSNBRG00000000615	0	0
ENSNBRG00000000616	0	0
ENSNBRG00000000617	0	0
ENSNBRG00000000618	0	0
ENSNBRG00000000619	200	213
ENSNBRG00000000620	0	0
ENSNBRG00000000621	0	0
ENSNBRG00000000622	0	0
ENSNBRG00000000623	0	0
ENSNBRG00000000624	0	0
ENSNBRG00000000625	0	0
ENSNBRG00000000626	0	0
ENSNBRG00000000627	0	0
ENSNBRG00000000628	0	0
ENSNBRG00000000629	0	0
ENSNBRG00000000630	0	0
ENSNBRG00000000631	1	12
ENSNBRG00000000632	0	0
ENSNBRG00000000633	0	0
ENSNBRG00000000634	0	0
ENSNBRG00000000635	0	0
ENSNBRG00000000636	18	43
ENSNBRG00000000637	0	0
ENSNBRG00000000638	0	0
ENSNBRG00000000639	0	0
ENSNBRG00000000640	0	0
ENSNBRG00000000641	0	0
ENSNBRG00000000642	0	0
ENSNBRG00000000643	0	0
ENSNBRG00000000644	0	0
ENSNBRG00000000645	0	0
ENSNBRG00000000646	0	0
ENSNBRG00000000647	0	0
ENSNBRG00000000648	1	24
ENSNBRG00000000649	0	0
ENSNBRG00000000650	0	0
ENSNBRG00000000651	0	0
ENSNBRG00000000652	0	0
ENSNBRG00000000653	0	0
ENSNBRG00000000654	0	0
ENSNBRG00000000655	0	0
ENSNBRG00000000656	0	0
ENSNBRG00000000657	0	0
ENSNBRG00000000658	0	0
ENSNBRG00000000659	0	0
ENSNBRG00000000660	0	0
ENSNBRG00000000661	0	0
ENSNBRG00000000662	0	0
ENSNBRG00000000663	0	0
ENSNBRG00000000664	0	0
ENSNBRG00000000665	0	0
ENSNBRG00000000666	0	0
ENSNBRG00000000667	0	0
ENSNBRG00000000668	0	0
ENSNBRG00000000669	0	0
ENSNBRG00000000670	0	0
ENSNBRG00000000671	0	0
ENSNBRG00000000672	0	0
ENSNBRG00000000673	0	0
ENSNBRG00000000674	0	0
ENSNBRG00000000675	0	0
ENSNBRG00000000676	0	0
ENSNBRG00000000677	0	0
ENSNBRG00000000678	43	55
ENSNBRG00000000679	0	0
ENSNBRG00000000680	0	0
ENSNBRG00000000681	0	0
ENSNBRG00000000682	0	0
ENSNBRG00000000683	0	0
ENSNBRG00000000684	0	0
ENSNBRG00000000685	0	0
ENSNBRG00000000686	0	0
ENSNBRG00000000687	0	0
ENSNBRG00000000688	0	0
ENSNBRG00000000689	0	0
ENSNBRG00000000690	0	0
ENSNBRG00000000691	0	0
ENSNBRG00000000692	0	0
ENSNBRG00000000693	0	0
ENSNBRG00000000694	0	0
ENSNBRG00000000695	0	0
ENSNBRG00000000696	0	0
ENSNBRG00000000697	0	0
ENSNBRG00000000698	0	0
ENSNBRG00000000699	0	0
ENSNBRG00000000700	0	0
ENSNBRG00000000701	0	0
ENSNBRG00000000702	0	0
ENSNBRG00000000703	0	0
ENSNBRG00000000704	0	0
ENSNBRG00000000705	0	0
ENSNBRG00000000706	0	0
ENSNBRG00000000707	0	0
ENSNBRG00000000708	0	0
ENSNBRG00000000709	0	0
ENSNBRG00000000710	0	0
ENSNBRG00000000711	0	0
ENSNBRG00000000712	0	0
ENSNBRG00000000713	0	0
ENSNBRG00000000714	0	0
ENSNBRG00000000715	0	0
ENSNBRG00000000716	0	0
ENSNBRG00000000717	0	0
ENSNBRG00000000718	0	0
ENSNBRG00000000719	22	45
ENSNBRG00000000720	0	0
ENSNBRG00000000721	0	0
ENSNBRG00000000722	0	0
ENSNBRG00000000723	0	0
ENSNBRG00000000724	0	0
ENSNBRG00000000725	76	99
ENSNBRG00000000726	0	0
ENSNBRG00000000727	0	0
ENSNBRG00000000728	0	0
ENSNBRG00000000729	0	0
ENSNBRG00000000730	0	0
ENSNBRG00000000731	0	0
ENSNBRG00000000732	0	0
ENSNBRG00000000733	0	0
ENSNBRG00000000734	0	0
ENSNBRG00000000735	0	0
ENSNBRG00000000736	0	0
ENSNBRG00000000737	0	0
ENSNBRG00000000738	0	0
ENSNBRG00000000739	0	0
ENSNBRG00000000740	0	0
ENSNBRG00000000741	0	0
ENSNBRG00000000742	0	0
ENSNBRG00000000743	0	0
ENSNBRG00000000744	0	0
ENSNBRG00000000745	27	55
ENSNBRG00000000746	0	0
ENSNBRG00000000747	0	0
ENSNBRG00000000748	0	0
ENSNBRG00000000749	0	0
ENSNBRG00000000750	123	159
ENSNBRG00000000751	0	0
ENSNBRG00000000752	0	0
ENSNBRG00000000753	0	0
ENSNBRG00000000754	102	103
ENSNBRG00000000755	0	0
ENSNBRG00000000756	0	0
ENSNBRG00000000757	0	0
ENSNBRG00000000758	0	0
ENSNBRG00000000759	0	0
ENSNBRG00000000760	0	0
ENSNBRG00000000761	0	0
ENSNBRG00000000762	0	0
ENSNBRG00000000763	0	0
ENSNBRG00000000764	0	0
ENSNBRG00000000765	0	0
ENSNBRG00000000766	0	0
ENSNBRG00000000767	0	0
ENSNBRG00000000768	46	48
ENSNBRG00000000769	0	0
ENSNBRG00000000770	33	37
ENSNBRG00000000771	3	23
ENSNBRG00000000772	0	0
ENSNBRG00000000773	0	0
ENSNBRG00000000774	0	0
ENSNBRG00000000775	49	65
ENSNBRG00000000776	0	0
ENSNBRG00000000777	0	0
ENSNBRG00000000778	0	0
ENSNBRG00000000779	0	0
ENSNBRG00000000780	0	0
ENSNBRG00000000781	0	0
ENSNBRG00000000782	0	0
ENSNBRG00000000783	0	0
ENSNBRG00000000784	0	0
ENSNBRG00000000785	35	42
ENSNBRG00000000786	0	0
ENSNBRG00000000787	0	0
ENSNBRG00000000788	0	0
ENSNBRG00000000789	1	21
ENSNBRG00000000790	0	0
ENSNBRG00000000791	0	0
ENSNBRG00000000792	0	0
ENSNBRG00000000793	0	0
ENSNBRG00000000794	0	0
ENSNBRG00000000795	0	0
ENSNBRG00000000796	0	0
ENSNBRG00000000797	0	0
ENSNBRG00000000798	0	0
ENSNBRG00000000799	23	40
ENSNBRG00000000800	0	0
ENSNBRG00000000801	0	0
ENSNBRG00000000802	0	0
ENSNBRG00000000803	0	0
ENSNBRG00000000804	0	0
ENSNBRG00000000805	0	0
ENSNBRG00000000806	0	0
ENSNBRG00000000807	0	0
ENSNBRG00000000808	0	0
ENSNBRG00000000809	0	0
ENSNBRG00000000810	5	28
ENSNBRG00000000811	0	0
ENSNBRG00000000812	0	0
ENSNBRG00000000813	0	0
ENSNBRG00000000814	0	0
ENSNBRG00000000815	0	0
ENSNBRG00000000816	0	0
ENSNBRG00000000817	0	0
ENSNBRG00000000818	0	0
ENSNBRG00000000819	0	0
ENSNBRG00000000820	0	0
ENSNBRG00000000821	0	0
ENSNBRG00000000822	0	0
ENSNBRG00000000823	0	0
ENSNBRG00000000824	0	0
ENSNBRG00000000825	0	0
ENSNBRG00000000826	0	0
ENSNBRG00000000827	0	0
ENSNBRG00000000828	0	0
ENSNBRG00000000829	0	0
ENSNBRG00000000830	0	0
ENSNBRG00000000831	10	12
ENSNBRG00000000832	0	0
ENSNBRG00000000833	0	0
ENSNBRG00000000834	0	0
ENSNBRG00000000835	0	0
ENSNBRG00000000836	0	0
ENSNBRG00000000837	0	0
ENSNBRG00000000838	0	0
ENSNBRG00000000839	0	0
ENSNBRG00000000840	0	0
ENSNBRG00000000841	0	0
ENSNBRG00000000842	0	0
ENSNBRG00000000843	101	128
ENSNBRG00000000844	0	0
ENSNBRG00000000845	0	0
ENSNBRG00000000846	0	0
ENSNBRG00000000847	0	0
ENSNBRG00000000848	0	0
ENSNBRG00000000849	0	0
ENSNBRG00000000850	0	0
ENSNBRG00000000851	0	0
ENSNBRG00000000852	0	0
ENSNBRG00000000853	0	0
ENSNBRG00000000854	0	0
ENSNBRG00000000855	0	0
ENSNBRG00000000856	0	0
ENSNBRG00000000857	38	52
ENSNBRG00000000858	0	0
ENSNBRG00000000859	0	0
ENSNBRG00000000860	0	0
ENSNBRG00000000861	0	0
ENSNBRG00000000862	0	0
ENSNBRG00000000863	0	0
ENSNBRG00000000864	14	48
ENSNBRG00000000865	0	0
ENSNBRG00000000866	0	0
ENSNBRG00000000867	0	0
ENSNBRG00000000868	18	37
ENSNBRG00000000869	0	0
ENSNBRG00000000870	80	88
ENSNBRG00000000871	0	0
ENSNBRG00000000872	0	0
ENSNBRG00000000873	0	0
ENSNBRG00000000874	0	0
ENSNBRG00000000875	0	0
ENSNBRG00000000876	0	0
ENSNBRG00000000877	0	0
ENSNBRG00000000878	0	0
ENSNBRG00000000879	1	43
ENSNBRG00000000880	0	0
ENSNBRG00000000881	0	0
ENSNBRG00000000882	0	0
ENSNBRG00000000883	0	0
ENSNBRG00000000884	0	0
ENSNBRG00000000885	0	0
ENSNBRG00000000886	0	0
ENSNBRG00000000887	0	0
ENSNBRG00000000888	0	0
ENSNBRG00000000889	0	0
ENSNBRG00000000890	0	0
ENSNBRG00000000891	0	0
ENSNBRG00000000892	0	0
ENSNBRG00000000893	0	0
ENSNBRG00000000894	0	0
ENSNBRG00000000895	0	0
ENSNBRG00000000896	0	0
ENSNBRG00000000897	24	34
ENSNBRG00000000898	0	0
ENSNBRG00000000899	34	42
ENSNBRG00000000900	0	0
ENSNBRG00000000901	0	0
ENSNBRG00000000902	0	0
ENSNBRG00000000903	0	0
ENSNBRG00000000904	0	0
ENSNBRG00000000905	0	0
ENSNBRG00000000906	0	0
ENSNBRG00000000907	36	69
ENSNBRG00000000908	0	0
ENSNBRG00000000909	0	0
ENSNBRG00000000910	0	0
ENSNBRG00000000911	1	33
ENSNBRG00000000912	0	0
ENSNBRG00000000913	37	41
ENSNBRG00000000914	0	0
ENSNBRG00000000915	0	0
ENSNBRG00000000916	0	0
ENSNBRG00000000917	0	0
ENSNBRG00000000918	0	0
ENSNBRG00000000919	0	0
ENSNBRG00000000920	0	0
ENSNBRG00000000921	0	0
ENSNBRG00000000922	0	0
ENSNBRG00000000923	335	378
ENSNBRG00000000924	0	0
ENSNBRG00000000925	0	0
ENSNBRG00000000926	0	0
ENSNBRG00000000927	0	0
ENSNBRG00000000928	0	0
ENSNBRG00000000929	0	0
ENSNBRG00000000930	0	0
ENSNBRG00000000931	0	0
ENSNBRG00000000932	0	0
ENSNBRG00000000933	0	0
ENSNBRG00000000934	0	0
ENSNBRG00000000935	0	0
ENSNBRG00000000936	0	0
ENSNBRG00000000937	0	0
ENSNBRG00000000938	0	0
ENSNBRG00000000939	0	0
ENSNBRG00000000940	0	0
ENSNBRG00000000941	0	0
ENSNBRG00000000942	0	0
ENSNBRG00000000943	0	0
ENSNBRG00000000944	0	0
ENSNBRG00000000945	165	203
ENSNBRG00000000946	0	0
ENSNBRG00000000947	0	0
ENSNBRG00000000948	0	0
ENSNBRG00000000949	0	0
ENSNBRG00000000950	0	0
ENSNBRG00000000951	406	425
ENSNBRG00000000952	0	0
ENSNBRG00000000953	0	0
ENSNBRG00000000954	0	0
ENSNBRG00000000955	0	0
ENSNBRG00000000956	0	0
ENSNBRG00000000957	0	0
ENSNBRG00000000958	0	0
ENSNBRG00000000959	0	0
ENSNBRG00000000960	0	0
ENSNBRG00000000961	0	0
ENSNBRG00000000962	8728	8738
ENSNBRG00000000963	0	0
ENSNBRG00000000964	64	92
ENSNBRG00000000965	26	46
ENSNBRG00000000966	0	0
ENSNBRG00000000967	0	0
ENSNBRG00000000968	0	0
ENSNBRG00000000969	0	0
ENSNBRG00000000970	276	316
ENSNBRG00000000971	0	0
ENSNBRG00000000972	71	72
ENSNBRG00000000973	58	87
ENSNBRG00000000974	0	0
ENSNBRG00000000975	0	0
ENSNBRG00000000976	0	0
ENSNBRG00000000977	0	0
ENSNBRG00000000978	0	0
ENSNBRG00000000979	102	104
ENSNBRG00000000980	0	0
ENSNBRG00000000981	0	0
ENSNBRG00000000982	0	0
ENSNBRG00000000983	0	0
ENSNBRG00000000984	0	0
ENSNBRG00000000985	0	0
ENSNBRG00000000986	5	15
ENSNBRG00000000987	0	0
ENSNBRG00000000988	0	0
ENSNBRG00000000989	0	0
ENSNBRG00000000990	376	387
ENSNBRG00000000991	0	0
ENSNBRG00000000992	0	0
ENSNBRG00000000993	0	0
ENSNBRG00000000994	0	0
ENSNBRG00000000995	0	0
ENSNBRG00000000996	0	0
ENSNBRG00000000997	1	21
ENSNBRG00000000998	20	22
ENSNBRG00000000999	0	0
ENSNBRG00000001000	0	0
ENSNBRG00000001001	0	0
ENSNBRG00000001002	0	0
ENSNBRG00000001003	0	0
ENSNBRG00000001004	0	0
ENSNBRG00000001005	0	0
ENSNBRG00000001006	0	0
ENSNBRG00000001007	0	0
ENSNBRG00000001008	0	0
ENSNBRG00000001009	0	0
ENSNBRG00000001010	32	59
ENSNBRG00000001011	0	0
ENSNBRG00000001012	0	0
ENSNBRG00000001013	0	0
ENSNBRG00000001014	26	65
ENSNBRG00000001015	0	0
ENSNBRG00000001016	0	0
ENSNBRG00000001017	0	0
ENSNBRG00000001018	0	0
ENSNBRG00000001019	0	0
ENSNBRG00000001020	0	0
ENSNBRG00000001021	0	0
ENSNBRG00000001022	0	0
ENSNBRG00000001023	0	0
ENSNBRG00000001024	0	0
ENSNBRG00000001025	0	0
ENSNBRG00000001026	0	0
ENSNBRG00000001027	0	0
ENSNBRG00000001028	0	0
ENSNBRG00000001029	615	647
ENSNBRG00000001030	0	0
ENSNBRG00000001031	0	0
ENSNBRG00000001032	0	0
ENSNBRG00000001033	0	0
ENSNBRG00000001034	0	0
ENSNBRG00000001035	0	0
ENSNBRG00000001036	0	0
ENSNBRG00000001037	0	0
ENSNBRG00000001038	0	0
ENSNBRG00000001039	0	0
ENSNBRG00000001040	0	0
ENSNBRG00000001041	0	0
ENSNBRG00000001042	0	0
ENSNBRG00000001043	289	329
ENSNBRG00000001044	29	48
ENSNBRG00000001045	0	0
ENSNBRG00000001046	0	0
ENSNBRG00000001047	0	0
ENSNBRG00000001048	0	0
ENSNBRG00000001049	0	0
ENSNBRG00000001050	0	0
ENSNBRG00000001051	0	0
ENSNBRG00000001052	0	0
ENSNBRG00000001053	0	0
ENSNBRG00000001054	0	0
ENSNBRG00000001055	0	0
ENSNBRG00000001056	0	0
ENSNBRG00000001057	0	0
ENSNBRG00000001058	0	0
ENSNBRG00000001059	0	0
ENSNBRG00000001060	7	19
ENSNBRG00000001061	0	0
ENSNBRG00000001062	0	0
ENSNBRG00000001063	0	0
ENSNBRG00000001064	0	0
ENSNBRG00000001065	0	0
ENSNBRG00000001066	0	0
ENSNBRG00000001067	0	0
ENSNBRG00000001068	0	0
ENSNBRG00000001069	0	0
ENSNBRG00000001070	0	0
ENSNBRG00000001071	0	0
ENSNBRG00000001072	0	0
ENSNBRG00000001073	0	0
ENSNBRG00000001074	0	0
ENSNBRG00000001075	0	0
ENSNBRG00000001076	0	0
ENSNBRG00000001077	17	19
ENSNBRG00000001078	0	0
ENSNBRG00000001079	0	0
ENSNBRG00000001080	1	20
ENSNBRG00000001081	257	291
ENSNBRG00000001082	46	53
ENSNBRG00000001083	0	0
ENSNBRG00000001084	0	0
ENSNBRG00000001085	0	0
ENSNBRG00000001086	0	0
ENSNBRG00000001087	0	0
ENSNBRG00000001088	0	0
ENSNBRG00000001089	24	27
ENSNBRG00000001090	153	159
ENSNBRG00000001091	0	0
ENSNBRG00000001092	0	0
ENSNBRG00000001093	0	0
ENSNBRG00000001094	0	0
ENSNBRG00000001095	0	0
ENSNBRG00000001096	0	0
ENSNBRG00000001097	23	46
ENSNBRG00000001098	9	16
ENSNBRG00000001099	2	34
ENSNBRG00000001100	0	0
ENSNBRG00000001101	0	0
ENSNBRG00000001102	0	0
ENSNBRG00000001103	0	0
ENSNBRG00000001104	0	0
ENSNBRG00000001105	0	0
ENSNBRG00000001106	26	68
ENSNBRG00000001107	0	0
ENSNBRG00000001108	0	0
ENSNBRG00000001109	0	0
ENSNBRG00000001110	78	112
ENSNBRG00000001111	0	0
ENSNBRG00000001112	0	0
ENSNBRG00000001113	0	0
ENSNBRG00000001114	0	0
ENSNBRG00000001115	0	0
ENSNBRG00000001116	0	0
ENSNBRG00000001117	0	0
ENSNBRG00000001118	0	0
ENSNBRG00000001119	0	0
ENSNBRG00000001120	0	0
ENSNBRG00000001121	0	0
ENSNBRG00000001122	27	42
ENSNBRG00000001123	0	0
ENSNBRG00000001124	0	0
ENSNBRG00000001125	0	0
ENSNBRG00000001126	30	51
ENSNBRG00000001127	0	0
ENSNBRG00000001128	0	0
ENSNBRG00000001129	0	0
ENSNBRG00000001130	0	0
ENSNBRG00000001131	0	0
ENSNBRG00000001132	0	0
ENSNBRG00000001133	0	0
ENSNBRG00000001134	0	0
ENSNBRG00000001135	0	0
ENSNBRG00000001136	10	19
ENSNBRG00000001137	0	0
ENSNBRG00000001138	0	0
ENSNBRG00000001139	0	0
ENSNBRG00000001140	0	0
ENSNBRG00000001141	0	0
ENSNBRG00000001142	0	0
ENSNBRG00000001143	0	0
ENSNBRG00000001144	0	0
ENSNBRG00000001145	0	0
ENSNBRG00000001146	0	0
ENSNBRG00000001147	0	0
ENSNBRG00000001148	6	26
ENSNBRG00000001149	0	0
ENSNBRG00000001150	0	0
ENSNBRG00000001151	0	0
ENSNBRG00000001152	0	0
ENSNBRG00000001153	0	0
ENSNBRG00000001154	0	0
ENSNBRG00000001155	0	0
ENSNBRG00000001156	0	0
ENSNBRG00000001157	0	0
ENSNBRG00000001158	0	0
ENSNBRG00000001159	0	0
ENSNBRG00000001160	0	0
ENSNBRG00000001161	0	0
ENSNBRG00000001162	0	0
ENSNBRG00000001163	0	0
ENSNBRG00000001164	0	0
ENSNBRG00000001165	0	0
ENSNBRG00000001166	0	0
ENSNBRG00000001167	0	0
ENSNBRG00000001168	0	0
ENSNBRG00000001169	0	0
ENSNBRG00000001170	0	0
ENSNBRG00000001171	0	0
ENSNBRG00000001172	0	0
ENSNBRG00000001173	38	39
ENSNBRG00000001174	0	0
ENSNBRG00000001175	0	0
ENSNBRG00000001176	0	0
ENSNBRG00000001177	0	0
ENSNBRG00000001178	0	0
ENSNBRG00000001179	0	0
ENSNBRG00000001180	0	0
ENSNBRG00000001181	0	0
ENSNBRG00000001182	0	0
ENSNBRG00000001183	0	0
ENSNBRG00000001184	0	0
ENSNBRG00000001185	0	0
ENSNBRG00000001186	0	0
ENSNBRG00000001187	0	0
ENSNBRG00000001188	0	0
ENSNBRG00000001189	0	0
ENSNBRG00000001190	30	65
ENSNBRG00000001191	0	0
ENSNBRG00000001192	0	0
ENSNBRG00000001193	0	0
ENSNBRG00000001194	0	0
ENSNBRG00000001195	0	0
ENSNBRG00000001196	0	0
ENSNBRG00000001197	0	0
ENSNBRG00000001198	27	32
ENSNBRG00000001199	0	0
ENSNBRG00000001200	223	258
ENSNBRG00000001201	0	0
ENSNBRG00000001202	0	0
ENSNBRG00000001203	0	0
ENSNBRG00000001204	0	0
ENSNBRG00000001205	0	0
ENSNBRG00000001206	0	0
ENSNBRG00000001207	0	0
ENSNBRG00000001208	0	0
ENSNBRG00000001209	0	0
ENSNBRG00000001210	0	0
ENSNBRG00000001211	0	0
ENSNBRG00000001212	0	0
ENSNBRG00000001213	0	0
ENSNBRG00000001214	26	36
ENSNBRG00000001215	23	59
ENSNBRG00000001216	0	0
ENSNBRG00000001217	0	0
ENSNBRG00000001218	0	0
ENSNBRG00000001219	0	0
ENSNBRG00000001220	0	0
ENSNBRG00000001221	0	0
ENSNBRG00000001222	0	0
ENSNBRG00000001223	38	51
ENSNBRG00000001224	0	0
ENSNBRG00000001225	36	49
ENSNBRG00000001226	0	0
ENSNBRG00000001227	0	0
ENSNBRG00000001228	0	0
ENSNBRG00000001229	0	0
ENSNBRG00000001230	0	0
ENSNBRG00000001231	0	0
ENSNBRG00000001232	0	0
ENSNBRG00000001233	0	0
ENSNBRG00000001234	0	0
ENSNBRG00000001235	0	0
ENSNBRG00000001236	0	0
ENSNBRG00000001237	0	0
ENSNBRG00000001238	0	0
ENSNBRG00000001239	0	0
ENSNBRG00000001240	0	0
ENSNBRG00000001241	40	56
ENSNBRG00000001242	0	0
ENSNBRG00000001243	21	51
ENSNBRG00000001244	0	0
ENSNBRG00000001245	0	0
ENSNBRG00000001246	0	0
ENSNBRG00000001247	0	0
ENSNBRG00000001248	0	0
ENSNBRG00000001249	0	0
ENSNBRG00000001250	0	0
ENSNBRG00000001251	0	0
ENSNBRG00000001252	0	0
ENSNBRG00000001253	0	0
ENSNBRG00000001254	0	0
ENSNBRG00000001255	0	0
ENSNBRG00000001256	0	0
ENSNBRG00000001257	0	0
ENSNBRG00000001258	0	0
ENSNBRG00000001259	0	0
ENSNBRG00000001260	63	87
ENSNBRG00000001261	0	0
ENSNBRG00000001262	0	0
ENSNBRG00000001263	0	0
ENSNBRG00000001264	0	0
ENSNBRG00000001265	0	0
ENSNBRG00000001266	0	0
ENSNBRG00000001267	0	0
ENSNBRG00000001268	0	0
ENSNBRG00000001269	25	56
ENSNBRG00000001270	0	0
ENSNBRG00000001271	0	0
ENSNBRG00000001272	0	0
ENSNBRG00000001273	0	0
ENSNBRG00000001274	0	0
ENSNBRG00000001275	0	0
ENSNBRG00000001276	0	0
ENSNBRG00000001277	0	0
ENSNBRG00000001278	0	0
ENSNBRG00000001279	0	0
ENSNBRG00000001280	6	48
ENSNBRG00000001281	0	0
ENSNBRG00000001282	0	0
ENSNBRG00000001283	0	0
ENSNBRG00000001284	0	0
ENSNBRG00000001285	0	0
ENSNBRG00000001286	0	0
ENSNBRG00000001287	0	0
ENSNBRG00000001288	0	0
ENSNBRG00000001289	0	0
ENSNBRG00000001290	0	0
ENSNBRG00000001291	0	0
ENSNBRG00000001292	0	0
ENSNBRG00000001293	0	0
ENSNBRG00000001294	0	0
ENSNBRG00000001295	0	0
ENSNBRG00000001296	0	0
ENSNBRG00000001297	0	0
ENSNBRG00000001298	0	0
ENSNBRG00000001299	0	0
ENSNBRG00000001300	17	49
ENSNBRG00000001301	0	0
ENSNBRG00000001302	0	0
ENSNBRG00000001303	0	0
ENSNBRG00000001304	0	0
ENSNBRG00000001305	0	0
ENSNBRG00000001306	0	0
ENSNBRG00000001307	0	0
ENSNBRG00000001308	0	0
ENSNBRG00000001309	0	0
ENSNBRG00000001310	0	0
ENSNBRG00000001311	0	0
ENSNBRG00000001312	0	0
ENSNBRG00000001313	0	0
ENSNBRG00000001314	0	0
ENSNBRG00000001315	0	0
ENSNBRG00000001316	0	0
ENSNBRG00000001317	0	0
ENSNBRG00000001318	0	0
ENSNBRG00000001319	0	0
ENSNBRG00000001320	0	0
ENSNBRG00000001321	0	0
ENSNBRG00000001322	0	0
ENSNBRG00000001323	1	43
ENSNBRG00000001324	0	0
ENSNBRG00000001325	0	0
ENSNBRG00000001326	0	0
ENSNBRG00000001327	0	0
ENSNBRG00000001328	0	0
ENSNBRG00000001329	0	0
ENSNBRG00000001330	0	0
ENSNBRG00000001331	0	0
ENSNBRG00000001332	0	0
ENSNBRG00000001333	0	0
ENSNBRG00000001334	0	0
ENSNBRG00000001335	0	0
ENSNBRG00000001336	0	0
ENSNBRG00000001337	0	0
ENSNBRG00000001338	0	0
ENSNBRG00000001339	0	0
ENSNBRG00000001340	0	0
ENSNBRG00000001341	0	0
ENSNBRG00000001342	0	0
ENSNBRG00000001343	0	0
ENSNBRG00000001344	0	0
ENSNBRG00000001345	0	0
ENSNBRG00000001346	0	0
ENSNBRG00000001347	0	0
ENSNBRG00000001348	0	0
ENSNBRG00000001349	0	0
ENSNBRG00000001350	18	41
ENSNBRG00000001351	0	0
ENSNBRG00000001352	0	0
ENSNBRG00000001353	0	0
ENSNBRG00000001354	0	0
ENSNBRG00000001355	0	0
ENSNBRG00000001356	0	0
ENSNBRG00000001357	0	0
ENSNBRG00000001358	0	0
ENSNBRG00000001359	0	0
ENSNBRG00000001360	0	0
ENSNBRG00000001361	0	0
ENSNBRG00000001362	0	0
ENSNBRG00000001363	0	0
ENSNBRG00000001364	0	0
ENSNBRG00000001365	0	0
ENSNBRG00000001366	0	0
ENSNBRG00000001367	0	0
ENSNBRG00000001368	0	0
ENSNBRG00000001369	0	0
ENSNBRG00000001370	0	0
ENSNBRG00000001371	0	0
ENSNBRG00000001372	0	0
ENSNBRG00000001373	0	0
ENSNBRG00000001374	0	0
ENSNBRG00000001375	0	0
ENSNBRG00000001376	0	0
ENSNBRG00000001377	9	51
ENSNBRG00000001378	0	0
ENSNBRG00000001379	0	0
ENSNBRG00000001380	0	0
ENSNBRG00000001381	0	0
ENSNBRG00000001382	0	0
ENSNBRG00000001383	0	0
ENSNBRG00000001384	0	0
ENSNBRG00000001385	0	0
ENSNBRG00000001386	0	0
ENSNBRG00000001387	0	0
ENSNBRG00000001388	0	0
ENSNBRG00000001389	0	0
ENSNBRG00000001390	0	0
ENSNBRG00000001391	0	0
ENSNBRG00000001392	0	0
ENSNBRG00000001393	0	0
ENSNBRG00000001394	0	0
ENSNBRG00000001395	0	0
ENSNBRG00000001396	0	0
ENSNBRG00000001397	3	33
ENSNBRG00000001398	0	0
ENSNBRG00000001399	367	402
ENSNBRG00000001400	0	0
ENSNBRG00000001401	0	0
ENSNBRG00000001402	0	0
ENSNBRG00000001403	0	0
ENSNBRG00000001404	0	0
ENSNBRG00000001405	0	0
ENSNBRG00000001406	0	0
ENSNBRG00000001407	0	0
ENSNBRG00000001408	25	32
ENSNBRG00000001409	0	0
ENSNBRG00000001410	0	0
ENSNBRG00000001411	0	0
ENSNBRG00000001412	0	0
ENSNBRG00000001413	0	0
ENSNBRG00000001414	0	0
ENSNBRG00000001415	0	0
ENSNBRG00000001416	0	0
ENSNBRG00000001417	0	0
ENSNBRG00000001418	0	0
ENSNBRG00000001419	0	0
ENSNBRG00000001420	0	0
ENSNBRG00000001421	0	0
ENSNBRG00000001422	0	0
ENSNBRG00000001423	0	0
ENSNBRG00000001424	0	0
ENSNBRG00000001425	0	0
ENSNBRG00000001426	0	0
ENSNBRG00000001427	0	0
ENSNBRG00000001428	0	0
ENSNBRG00000001429	0	0
ENSNBRG00000001430	0	0
ENSNBRG00000001431	0	0
ENSNBRG00000001432	0	0
ENSNBRG00000001433	0	0
ENSNBRG00000001434	34	73
ENSNBRG00000001435	0	0
ENSNBRG00000001436	0	0
ENSNBRG00000001437	0	0
ENSNBRG00000001438	0	0
ENSNBRG00000001439	0	0
ENSNBRG00000001440	0	0
ENSNBRG00000001441	0	0
ENSNBRG00000001442	0	0
ENSNBRG00000001443	0	0
ENSNBRG00000001444	0	0
ENSNBRG00000001445	0	0
ENSNBRG00000001446	0	0
ENSNBRG00000001447	0	0
ENSNBRG00000001448	458	491
ENSNBRG00000001449	0	0
ENSNBRG00000001450	0	0
ENSNBRG00000001451	0	0
ENSNBRG00000001452	0	0
ENSNBRG00000001453	0	0
ENSNBRG00000001454	0	0
ENSNBRG00000001455	0	0
ENSNBRG00000001456	0	0
ENSNBRG00000001457	0	0
ENSNBRG00000001458	0	0
ENSNBRG00000001459	0	0
ENSNBRG00000001460	0	0
ENSNBRG00000001461	0	0
ENSNBRG00000001462	362	402
ENSNBRG00000001463	0	0
ENSNBRG00000001464	0	0
ENSNBRG00000001465	0	0
ENSNBRG00000001466	0	0
ENSNBRG00000001467	0	0
ENSNBRG00000001468	0	0
ENSNBRG00000001469	0	0
ENSNBRG00000001470	24	61
ENSNBRG00000001471	0	0
ENSNBRG00000001472	0	0
ENSNBRG00000001473	0	0
ENSNBRG00000001474	0	0
ENSNBRG00000001475	0	0
ENSNBRG00000001476	0	0
ENSNBRG00000001477	0	0
ENSNBRG00000001478	0	0
ENSNBRG00000001479	0	0
ENSNBRG00000001480	31	36
ENSNBRG00000001481	0	0
ENSNBRG00000001482	0	0
ENSNBRG00000001483	0	0
ENSNBRG00000001484	0	0
ENSNBRG00000001485	0	0
ENSNBRG00000001486	0	0
ENSNBRG00000001487	0	0
ENSNBRG00000001488	39	62
ENSNBRG00000001489	0	0
ENSNBRG00000001490	0	0
ENSNBRG00000001491	0	0
ENSNBRG00000001492	0	0
ENSNBRG00000001493	0	0
ENSNBRG00000001494	0	0
ENSNBRG00000001495	0	0
ENSNBRG00000001496	0	0
ENSNBRG00000001497	0	0
ENSNBRG00000001498	0	0
ENSNBRG00000001499	0	0
ENSNBRG00000001500	0	0
ENSNBRG00000001501	0	0
ENSNBRG00000001502	0	0
ENSNBRG00000001503	0	0
ENSNBRG00000001504	0	0
ENSNBRG00000001505	0	0
ENSNBRG00000001506	0	0
ENSNBRG00000001507	0	0
ENSNBRG00000001508	0	0
ENSNBRG00000001509	0	0
ENSNBRG00000001510	0	0
ENSNBRG00000001511	0	0
ENSNBRG00000001512	0	0
ENSNBRG00000001513	0	0
ENSNBRG00000001514	0	0
ENSNBRG00000001515	0	0
ENSNBRG00000001516	0	0
ENSNBRG00000001517	0	0
ENSNBRG00000001518	0	0
ENSNBRG00000001519	0	0
ENSNBRG00000001520	0	0
ENSNBRG00000001521	0	0
ENSNBRG00000001522	0	0
ENSNBRG00000001523	0	0
ENSNBRG00000001524	0	0
ENSNBRG00000001525	0	0
ENSNBRG00000001526	0	0
ENSNBRG00000001527	0	0
ENSNBRG00000001528	0	0
ENSNBRG00000001529	0	0
ENSNBRG00000001530	0	0
ENSNBRG00000001531	0	0
ENSNBRG00000001532	0	0
ENSNBRG00000001533	0	0
ENSNBRG00000001534	32	73
ENSNBRG00000001535	0	0
ENSNBRG00000001536	0	0
ENSNBRG00000001537	0	0
ENSNBRG00000001538	0	0
ENSNBRG00000001539	0	0
ENSNBRG00000001540	0	0
ENSNBRG00000001541	0	0
ENSNBRG00000001542	0	0
ENSNBRG00000001543	0	0
ENSNBRG00000001544	0	0
ENSNBRG00000001545	0	0
ENSNBRG00000001546	0	0
ENSNBRG00000001547	2	37
ENSNBRG00000001548	0	0
ENSNBRG00000001549	0	0
ENSNBRG00000001550	0	0
ENSNBRG00000001551	0	0
ENSNBRG00000001552	0	0
ENSNBRG00000001553	1	12
ENSNBRG00000001554	0	0
ENSNBRG00000001555	0	0
ENSNBRG00000001556	0	0
ENSNBRG00000001557	0	0
ENSNBRG00000001558	0	0
ENSNBRG00000001559	0	0
ENSNBRG00000001560	0	0
ENSNBRG00000001561	0	0
ENSNBRG00000001562	0	0
ENSNBRG00000001563	0	0
ENSNBRG00000001564	0	0
ENSNBRG00000001565	0	0
ENSNBRG00000001566	0	0
ENSNBRG00000001567	0	0
ENSNBRG00000001568	0	0
ENSNBRG00000001569	0	0
ENSNBRG00000001570	0	0
ENSNBRG00000001571	0	0
ENSNBRG00000001572	0	0
ENSNBRG00000001573	0	0
ENSNBRG00000001574	0	0
ENSNBRG00000001575	0	0
ENSNBRG00000001576	0	0
ENSNBRG00000001577	0	0
ENSNBRG00000001578	0	0
ENSNBRG00000001579	13	28
ENSNBRG00000001580	0	0
ENSNBRG00000001581	0	0
ENSNBRG00000001582	0	0
ENSNBRG00000001583	55	90
ENSNBRG00000001584	0	0
ENSNBRG00000001585	0	0
ENSNBRG00000001586	0	0
ENSNBRG00000001587	371	392
ENSNBRG00000001588	2	41
ENSNBRG00000001589	0	0
ENSNBRG00000001590	0	0
ENSNBRG00000001591	0	0
ENSNBRG00000001592	0	0
ENSNBRG00000001593	0	0
ENSNBRG00000001594	0	0
ENSNBRG00000001595	0	0
ENSNBRG00000001596	0	0
ENSNBRG00000001597	0	0
ENSNBRG00000001598	0	0
ENSNBRG00000001599	0	0
ENSNBRG00000001600	0	0
ENSNBRG00000001601	0	0
ENSNBRG00000001602	0	0
ENSNBRG00000001603	0	0
ENSNBRG00000001604	8	28
ENSNBRG00000001605	0	0
ENSNBRG00000001606	0	0
ENSNBRG00000001607	0	0
ENSNBRG00000001608	0	0
ENSNBRG00000001609	0	0
ENSNBRG00000001610	0	0
ENSNBRG00000001611	70	91
ENSNBRG00000001612	0	0
ENSNBRG00000001613	0	0
ENSNBRG00000001614	0	0
ENSNBRG00000001615	0	0
ENSNBRG00000001616	0	0
ENSNBRG00000001617	0	0
ENSNBRG00000001618	0	0
ENSNBRG00000001619	0	0
ENSNBRG00000001620	0	0
ENSNBRG00000001621	0	0
ENSNBRG00000001622	0	0
ENSNBRG00000001623	2	17
ENSNBRG00000001624	0	0
ENSNBRG00000001625	0	0
ENSNBRG00000001626	0	0
ENSNBRG00000001627	0	0
ENSNBRG00000001628	26	31
ENSNBRG00000001629	0	0
ENSNBRG00000001630	0	0
ENSNBRG00000001631	0	0
ENSNBRG00000001632	0	0
ENSNBRG00000001633	0	0
ENSNBRG00000001634	0	0
ENSNBRG00000001635	65	102
ENSNBRG00000001636	0	0
ENSNBRG00000001637	0	0
ENSNBRG00000001638	0	0
ENSNBRG00000001639	0	0
ENSNBRG00000001640	29	45
ENSNBRG00000001641	54	56
ENSNBRG00000001642	0	0
ENSNBRG00000001643	0	0
ENSNBRG00000001644	0	0
ENSNBRG00000001645	0	0
ENSNBRG00000001646	0	0
ENSNBRG00000001647	0	0
ENSNBRG00000001648	0	0
ENSNBRG00000001649	0	0
ENSNBRG00000001650	0	0
ENSNBRG00000001651	0	0
ENSNBRG00000001652	0	0
ENSNBRG00000001653	0	0
ENSNBRG00000001654	0	0
ENSNBRG00000001655	0	0
ENSNBRG00000001656	0	0
ENSNBRG00000001657	0	0
ENSNBRG00000001658	0	0
ENSNBRG00000001659	0	0
ENSNBRG00000001660	0	0
ENSNBRG00000001661	61	97
ENSNBRG00000001662	0	0
ENSNBRG00000001663	0	0
ENSNBRG00000001664	0	0
ENSNBRG00000001665	0	0
ENSNBRG00000001666	0	0
ENSNBRG00000001667	0	0
ENSNBRG00000001668	0	0
ENSNBRG00000001669	0	0
ENSNBRG00000001670	0	0
ENSNBRG00000001671	0	0
ENSNBRG00000001672	0	0
ENSNBRG00000001673	0	0
ENSNBRG00000001674	0	0
ENSNBRG00000001675	420	453
ENSNBRG00000001676	22	29
ENSNBRG00000001677	55	87
ENSNBRG00000001678	14	51
ENSNBRG00000001679	25	32
ENSNBRG00000001680	0	0
ENSNBRG00000001681	0	0
ENSNBRG00000001682	0	0
ENSNBRG00000001683	0	0
ENSNBRG00000001684	0	0
ENSNBRG00000001685	0	0
ENSNBRG00000001686	0	0
ENSNBRG00000001687	0	0
ENSNBRG00000001688	0	0
ENSNBRG00000001689	20	53
ENSNBRG00000001690	9	49
ENSNBRG00000001691	0	0
ENSNBRG00000001692	0	0
ENSNBRG00000001693	0	0
ENSNBRG00000001694	0	0
ENSNBRG00000001695	0	0
ENSNBRG00000001696	0	0
ENSNBRG00000001697	0	0
ENSNBRG00000001698	0	0
ENSNBRG00000001699	0	0
ENSNBRG00000001700	0	0
ENSNBRG00000001701	0	0
ENSNBRG00000001702	38	71
ENSNBRG00000001703	0	0
ENSNBRG00000001704	0	0
ENSNBRG00000001705	0	0
ENSNBRG00000001706	74	94
ENSNBRG00000001707	0	0
ENSNBRG00000001708	0	0
ENSNBRG00000001709	0	0
ENSNBRG00000001710	0	0
ENSNBRG00000001711	0	0
ENSNBRG00000001712	0	0
ENSNBRG00000001713	0	0
ENSNBRG00000001714	0	0
ENSNBRG00000001715	0	0
ENSNBRG00000001716	0	0
ENSNBRG00000001717	0	0
ENSNBRG00000001718	169	183
ENSNBRG00000001719	0	0
ENSNBRG00000001720	0	0
ENSNBRG00000001721	0	0
ENSNBRG00000001722	0	0
ENSNBRG00000001723	0	0
ENSNBRG00000001724	0	0
ENSNBRG00000001725	0	0
ENSNBRG00000001726	0	0
ENSNBRG00000001727	0	0
ENSNBRG00000001728	0	0
ENSNBRG00000001729	0	0
ENSNBRG00000001730	0	0
ENSNBRG00000001731	0	0
ENSNBRG00000001732	0	0
ENSNBRG00000001733	0	0
ENSNBRG00000001734	0	0
ENSNBRG00000001735	0	0
ENSNBRG00000001736	0	0
ENSNBRG00000001737	0	0
ENSNBRG00000001738	0	0
ENSNBRG00000001739	0	0
ENSNBRG00000001740	0	0
ENSNBRG00000001741	0	0
ENSNBRG00000001742	0	0
ENSNBRG00000001743	0	0
ENSNBRG00000001744	0	0
ENSNBRG00000001745	2	28
ENSNBRG00000001746	20	54
ENSNBRG00000001747	1	18
ENSNBRG00000001748	15	34
ENSNBRG00000001749	0	0
ENSNBRG00000001750	0	0
ENSNBRG00000001751	0	0
ENSNBRG00000001752	0	0
ENSNBRG00000001753	0	0
ENSNBRG00000001754	0	0
ENSNBRG00000001755	0	0
ENSNBRG00000001756	0	0
ENSNBRG00000001757	0	0
ENSNBRG00000001758	0	0
ENSNBRG00000001759	0	0
ENSNBRG00000001760	0	0
ENSNBRG00000001761	0	0
ENSNBRG00000001762	0	0
ENSNBRG00000001763	0	0
ENSNBRG00000001764	0	0
ENSNBRG00000001765	0	0
ENSNBRG00000001766	0	0
ENSNBRG00000001767	0	0
ENSNBRG00000001768	0	0
ENSNBRG00000001769	0	0
ENSNBRG00000001770	0	0
ENSNBRG00000001771	0	0
ENSNBRG00000001772	0	0
ENSNBRG00000001773	0	0
ENSNBRG00000001774	0	0
ENSNBRG00000001775	659	673
ENSNBRG00000001776	0	0
ENSNBRG00000001777	0	0
ENSNBRG00000001778	0	0
ENSNBRG00000001779	0	0
ENSNBRG00000001780	0	0
ENSNBRG00000001781	0	0
ENSNBRG00000001782	0	0
ENSNBRG00000001783	0	0
ENSNBRG00000001784	0	0
ENSNBRG00000001785	0	0
ENSNBRG00000001786	103	142
ENSNBRG00000001787	0	0
ENSNBRG00000001788	0	0
ENSNBRG00000001789	0	0
ENSNBRG00000001790	0	0
ENSNBRG00000001791	251	285
ENSNBRG00000001792	0	0
ENSNBRG00000001793	0	0
ENSNBRG00000001794	0	0
ENSNBRG00000001795	28	46
ENSNBRG00000001796	0	0
ENSNBRG00000001797	0	0
ENSNBRG00000001798	0	0
ENSNBRG00000001799	0	0
ENSNBRG00000001800	0	0
ENSNBRG00000001801	0	0
ENSNBRG00000001802	0	0
ENSNBRG00000001803	0	0
ENSNBRG00000001804	0	0
ENSNBRG00000001805	0	0
ENSNBRG00000001806	0	0
ENSNBRG00000001807	0	0
ENSNBRG00000001808	0	0
ENSNBRG00000001809	0	0
ENSNBRG00000001810	0	0
ENSNBRG00000001811	0	0
ENSNBRG00000001812	0	0
ENSNBRG00000001813	0	0
ENSNBRG00000001814	0	0
ENSNBRG00000001815	0	0
ENSNBRG00000001816	0	0
ENSNBRG00000001817	0	0
ENSNBRG00000001818	0	0
ENSNBRG00000001819	0	0
ENSNBRG00000001820	0	0
ENSNBRG00000001821	0	0
ENSNBRG00000001822	0	0
ENSNBRG00000001823	0	0
ENSNBRG00000001824	0	0
ENSNBRG00000001825	4	36
ENSNBRG00000001826	0	0
ENSNBRG00000001827	0	0
ENSNBRG00000001828	0	0
ENSNBRG00000001829	0	0
ENSNBRG00000001830	0	0
ENSNBRG00000001831	0	0
ENSNBRG00000001832	0	0
ENSNBRG00000001833	0	0
ENSNBRG00000001834	0	0
ENSNBRG00000001835	0	0
ENSNBRG00000001836	0	0
ENSNBRG00000001837	0	0
ENSNBRG00000001838	0	0
ENSNBRG00000001839	0	0
ENSNBRG00000001840	0	0
ENSNBRG00000001841	0	0
ENSNBRG00000001842	38	63
ENSNBRG00000001843	0	0
ENSNBRG00000001844	0	0
ENSNBRG00000001845	0	0
ENSNBRG00000001846	0	0
ENSNBRG00000001847	0	0
ENSNBRG00000001848	0	0
ENSNBRG00000001849	0	0
ENSNBRG00000001850	0	0
ENSNBRG00000001851	0	0
ENSNBRG00000001852	0	0
ENSNBRG00000001853	0	0
ENSNBRG00000001854	0	0
ENSNBRG00000001855	0	0
ENSNBRG00000001856	0	0
ENSNBRG00000001857	0	0
ENSNBRG00000001858	0	0
ENSNBRG00000001859	0	0
ENSNBRG00000001860	0	0
ENSNBRG00000001861	0	0
ENSNBRG00000001862	0	0
ENSNBRG00000001863	23	25
ENSNBRG00000001864	0	0
ENSNBRG00000001865	0	0
ENSNBRG00000001866	0	0
ENSNBRG00000001867	0	0
ENSNBRG00000001868	0	0
ENSNBRG00000001869	0	0
ENSNBRG00000001870	0	0
ENSNBRG00000001871	0	0
ENSNBRG00000001872	0	0
ENSNBRG00000001873	0	0
ENSNBRG00000001874	0	0
ENSNBRG00000001875	0	0
ENSNBRG00000001876	0	0
ENSNBRG00000001877	0	0
ENSNBRG00000001878	0	0
ENSNBRG00000001879	0	0
ENSNBRG00000001880	0	0
ENSNBRG00000001881	0	0
ENSNBRG00000001882	0	0
ENSNBRG00000001883	0	0
ENSNBRG00000001884	0	0
ENSNBRG00000001885	0	0
ENSNBRG00000001886	0	0
ENSNBRG00000001887	0	0
ENSNBRG00000001888	0	0
ENSNBRG00000001889	0	0
ENSNBRG00000001890	0	0
ENSNBRG00000001891	0	0
ENSNBRG00000001892	0	0
ENSNBRG00000001893	20	27
ENSNBRG00000001894	0	0
ENSNBRG00000001895	0	0
ENSNBRG00000001896	18	23
ENSNBRG00000001897	0	0
ENSNBRG00000001898	0	0
ENSNBRG00000001899	0	0
ENSNBRG00000001900	0	0
ENSNBRG00000001901	0	0
ENSNBRG00000001902	0	0
ENSNBRG00000001903	0	0
ENSNBRG00000001904	0	0
ENSNBRG00000001905	143	144
ENSNBRG00000001906	0	0
ENSNBRG00000001907	0	0
ENSNBRG00000001908	0	0
ENSNBRG00000001909	0	0
ENSNBRG00000001910	0	0
ENSNBRG00000001911	0	0
ENSNBRG00000001912	0	0
ENSNBRG00000001913	0	0
ENSNBRG00000001914	0	0
ENSNBRG00000001915	0	0
ENSNBRG00000001916	48	63
ENSNBRG00000001917	0	0
ENSNBRG00000001918	0	0
ENSNBRG00000001919	0	0
ENSNBRG00000001920	0	0
ENSNBRG00000001921	0	0
ENSNBRG00000001922	0	0
ENSNBRG00000001923	0	0
ENSNBRG00000001924	0	0
ENSNBRG00000001925	0	0
ENSNBRG00000001926	0	0
ENSNBRG00000001927	41	78
ENSNBRG00000001928	0	0
ENSNBRG00000001929	0	0
ENSNBRG00000001930	0	0
ENSNBRG00000001931	0	0
ENSNBRG00000001932	0	0
ENSNBRG00000001933	0	0
ENSNBRG00000001934	0	0
ENSNBRG00000001935	0	0
ENSNBRG00000001936	0	0
ENSNBRG00000001937	0	0
ENSNBRG00000001938	0	0
ENSNBRG00000001939	0	0
ENSNBRG00000001940	0	0
ENSNBRG00000001941	0	0
ENSNBRG00000001942	0	0
ENSNBRG00000001943	0	0
ENSNBRG00000001944	0	0
ENSNBRG00000001945	20	27
ENSNBRG00000001946	0	0
ENSNBRG00000001947	0	0
ENSNBRG00000001948	39	67
ENSNBRG00000001949	0	0
ENSNBRG00000001950	211	217
ENSNBRG00000001951	0	0
ENSNBRG00000001952	0	0
ENSNBRG00000001953	0	0
ENSNBRG00000001954	0	0
ENSNBRG00000001955	0	0
ENSNBRG00000001956	0	0
ENSNBRG00000001957	0	0
ENSNBRG00000001958	0	0
ENSNBRG00000001959	0	0
ENSNBRG00000001960	0	0
ENSNBRG00000001961	0	0
ENSNBRG00000001962	0	0
ENSNBRG00000001963	0	0
ENSNBRG00000001964	0	0
ENSNBRG00000001965	0	0
ENSNBRG00000001966	0	0
ENSNBRG00000001967	0	0
ENSNBRG00000001968	0	0
ENSNBRG00000001969	0	0
ENSNBRG00000001970	0	0
ENSNBRG00000001971	0	0
ENSNBRG00000001972	0	0
ENSNBRG00000001973	0	0
ENSNBRG00000001974	0	0
ENSNBRG00000001975	0	0
ENSNBRG00000001976	0	0
ENSNBRG00000001977	0	0
ENSNBRG00000001978	0	0
ENSNBRG00000001979	0	0
ENSNBRG00000001980	0	0
ENSNBRG00000001981	453	493
ENSNBRG00000001982	0	0
ENSNBRG00000001983	0	0
ENSNBRG00000001984	15	37
ENSNBRG00000001985	42	73
ENSNBRG00000001986	0	0
ENSNBRG00000001987	0	0
ENSNBRG00000001988	0	0
ENSNBRG00000001989	0	0
ENSNBRG00000001990	0	0
ENSNBRG00000001991	168	171
ENSNBRG00000001992	0	0
ENSNBRG00000001993	0	0
ENSNBRG00000001994	0	0
ENSNBRG00000001995	0	0
ENSNBRG00000001996	0	0
ENSNBRG00000001997	6	45
ENSNBRG00000001998	0	0
ENSNBRG00000001999	0	0
ENSNBRG00000002000	0	0
ENSNBRG00000002001	0	0
ENSNBRG00000002002	0	0
ENSNBRG00000002003	25	48
ENSNBRG00000002004	0	0
ENSNBRG00000002005	0	0
ENSNBRG00000002006	0	0
ENSNBRG00000002007	0	0
ENSNBRG00000002008	0	0
ENSNBRG00000002009	0	0
ENSNBRG00000002010	0	0
ENSNBRG00000002011	0	0
ENSNBRG00000002012	0	0
ENSNBRG00000002013	0	0
ENSNBRG00000002014	0	0
ENSNBRG00000002015	0	0
ENSNBRG00000002016	0	0
ENSNBRG00000002017	0	0
ENSNBRG00000002018	0	0
ENSNBRG00000002019	0	0
ENSNBRG00000002020	46	84
ENSNBRG00000002021	0	0
ENSNBRG00000002022	0	0
ENSNBRG00000002023	0	0
ENSNBRG00000002024	0	0
ENSNBRG00000002025	0	0
ENSNBRG00000002026	0	0
ENSNBRG00000002027	0	0
ENSNBRG00000002028	0	0
ENSNBRG00000002029	0	0
ENSNBRG00000002030	0	0
ENSNBRG00000002031	0	0
ENSNBRG00000002032	0	0
ENSNBRG00000002033	0	0
ENSNBRG00000002034	0	0
ENSNBRG00000002035	0	0
ENSNBRG00000002036	27	64
ENSNBRG00000002037	0	0
ENSNBRG00000002038	0	0
ENSNBRG00000002039	0	0
ENSNBRG00000002040	0	0
ENSNBRG00000002041	0	0
ENSNBRG00000002042	18	45
ENSNBRG00000002043	0	0
ENSNBRG00000002044	29	66
ENSNBRG00000002045	0	0
ENSNBRG00000002046	0	0
ENSNBRG00000002047	0	0
ENSNBRG00000002048	0	0
ENSNBRG00000002049	0	0
ENSNBRG00000002050	32	48
ENSNBRG00000002051	0	0
ENSNBRG00000002052	0	0
ENSNBRG00000002053	24	51
ENSNBRG00000002054	0	0
ENSNBRG00000002055	0	0
ENSNBRG00000002056	84	106
ENSNBRG00000002057	0	0
ENSNBRG00000002058	0	0
ENSNBRG00000002059	0	0
ENSNBRG00000002060	0	0
ENSNBRG00000002061	0	0
ENSNBRG00000002062	0	0
ENSNBRG00000002063	0	0
ENSNBRG00000002064	0	0
ENSNBRG00000002065	0	0
ENSNBRG00000002066	0	0
ENSNBRG00000002067	0	0
ENSNBRG00000002068	0	0
ENSNBRG00000002069	0	0
ENSNBRG00000002070	0	0
ENSNBRG00000002071	0	0
ENSNBRG00000002072	0	0
ENSNBRG00000002073	0	0
ENSNBRG00000002074	0	0
ENSNBRG00000002075	0	0
ENSNBRG00000002076	0	0
ENSNBRG00000002077	13	21
ENSNBRG00000002078	0	0
ENSNBRG00000002079	0	0
ENSNBRG00000002080	47	49
ENSNBRG00000002081	8	33
ENSNBRG00000002082	0	0
ENSNBRG00000002083	9	19
ENSNBRG00000002084	0	0
ENSNBRG00000002085	0	0
ENSNBRG00000002086	0	0
ENSNBRG00000002087	0	0
ENSNBRG00000002088	0	0
ENSNBRG00000002089	0	0
ENSNBRG00000002090	0	0
ENSNBRG00000002091	0	0
ENSNBRG00000002092	43	70
ENSNBRG00000002093	0	0
ENSNBRG00000002094	0	0
ENSNBRG00000002095	0	0
ENSNBRG00000002096	942	950
ENSNBRG00000002097	0	0
ENSNBRG00000002098	0	0
ENSNBRG00000002099	0	0
ENSNBRG00000002100	0	0
ENSNBRG00000002101	0	0
ENSNBRG00000002102	0	0
ENSNBRG00000002103	0	0
ENSNBRG00000002104	0	0
ENSNBRG00000002105	0	0
ENSNBRG00000002106	34	44
ENSNBRG00000002107	0	0
ENSNBRG00000002108	0	0
ENSNBRG00000002109	0	0
ENSNBRG00000002110	153	182
ENSNBRG00000002111	12	25
ENSNBRG00000002112	0	0
ENSNBRG00000002113	0	0
ENSNBRG00000002114	0	0
ENSNBRG00000002115	0	0
ENSNBRG00000002116	0	0
ENSNBRG00000002117	0	0
ENSNBRG00000002118	37	68
ENSNBRG00000002119	0	0
ENSNBRG00000002120	0	0
ENSNBRG00000002121	0	0
ENSNBRG00000002122	0	0
ENSNBRG00000002123	0	0
ENSNBRG00000002124	0	0
ENSNBRG00000002125	0	0
ENSNBRG00000002126	0	0
ENSNBRG00000002127	0	0
ENSNBRG00000002128	0	0
ENSNBRG00000002129	0	0
ENSNBRG00000002130	66	91
ENSNBRG00000002131	0	0
ENSNBRG00000002132	0	0
ENSNBRG00000002133	0	0
ENSNBRG00000002134	0	0
ENSNBRG00000002135	0	0
ENSNBRG00000002136	0	0
ENSNBRG00000002137	0	0
ENSNBRG00000002138	9	49
ENSNBRG00000002139	0	0
ENSNBRG00000002140	0	0
ENSNBRG00000002141	0	0
ENSNBRG00000002142	32	63
ENSNBRG00000002143	0	0
ENSNBRG00000002144	29	59
ENSNBRG00000002145	0	0
ENSNBRG00000002146	0	0
ENSNBRG00000002147	1	2
ENSNBRG00000002148	0	0
ENSNBRG00000002149	1	42
ENSNBRG00000002150	0	0
ENSNBRG00000002151	0	0
ENSNBRG00000002152	0	0
ENSNBRG00000002153	0	0
ENSNBRG00000002154	0	0
ENSNBRG00000002155	0	0
ENSNBRG00000002156	0	0
ENSNBRG00000002157	0	0
ENSNBRG00000002158	0	0
ENSNBRG00000002159	16	42
ENSNBRG00000002160	0	0
ENSNBRG00000002161	0	0
ENSNBRG00000002162	0	0
ENSNBRG00000002163	0	0
ENSNBRG00000002164	0	0
ENSNBRG00000002165	0	0
ENSNBRG00000002166	0	0
ENSNBRG00000002167	0	0
ENSNBRG00000002168	0	0
ENSNBRG00000002169	32	72
ENSNBRG00000002170	0	0
ENSNBRG00000002171	66	74
ENSNBRG00000002172	0	0
ENSNBRG00000002173	0	0
ENSNBRG00000002174	0	0
ENSNBRG00000002175	0	0
ENSNBRG00000002176	0	0
ENSNBRG00000002177	0	0
ENSNBRG00000002178	18	38
ENSNBRG00000002179	0	0
ENSNBRG00000002180	0	0
ENSNBRG00000002181	0	0
ENSNBRG00000002182	32	63
ENSNBRG00000002183	20	30
ENSNBRG00000002184	0	0
ENSNBRG00000002185	0	0
ENSNBRG00000002186	0	0
ENSNBRG00000002187	0	0
ENSNBRG00000002188	0	0
ENSNBRG00000002189	89	99
ENSNBRG00000002190	0	0
ENSNBRG00000002191	0	0
ENSNBRG00000002192	0	0
ENSNBRG00000002193	0	0
ENSNBRG00000002194	0	0
ENSNBRG00000002195	0	0
ENSNBRG00000002196	0	0
ENSNBRG00000002197	0	0
ENSNBRG00000002198	0	0
ENSNBRG00000002199	0	0
ENSNBRG00000002200	0	0
ENSNBRG00000002201	0	0
ENSNBRG00000002202	35	63
ENSNBRG00000002203	0	0
ENSNBRG00000002204	0	0
ENSNBRG00000002205	0	0
ENSNBRG00000002206	0	0
ENSNBRG00000002207	10	46
ENSNBRG00000002208	0	0
ENSNBRG00000002209	0	0
ENSNBRG00000002210	0	0
ENSNBRG00000002211	0	0
ENSNBRG00000002212	0	0
ENSNBRG00000002213	0	0
ENSNBRG00000002214	0	0
ENSNBRG00000002215	0	0
ENSNBRG00000002216	0	0
ENSNBRG00000002217	0	0
ENSNBRG00000002218	0	0
ENSNBRG00000002219	0	0
ENSNBRG00000002220	0	0
ENSNBRG00000002221	0	0
ENSNBRG00000002222	0	0
ENSNBRG00000002223	0	0
ENSNBRG00000002224	0	0
ENSNBRG00000002225	0	0
ENSNBRG00000002226	0	0
ENSNBRG00000002227	0	0
ENSNBRG00000002228	0	0
ENSNBRG00000002229	0	0
ENSNBRG00000002230	0	0
ENSNBRG00000002231	0	0
ENSNBRG00000002232	0	0
ENSNBRG00000002233	0	0
ENSNBRG00000002234	9	20
ENSNBRG00000002235	0	0
ENSNBRG00000002236	0	0
ENSNBRG00000002237	0	0
ENSNBRG00000002238	0	0
ENSNBRG00000002239	0	0
ENSNBRG00000002240	0	0
ENSNBRG00000002241	0	0
ENSNBRG00000002242	0	0
ENSNBRG00000002243	0	0
ENSNBRG00000002244	0	0
ENSNBRG00000002245	0	0
ENSNBRG00000002246	0	0
ENSNBRG00000002247	0	0
ENSNBRG00000002248	0	0
ENSNBRG00000002249	0	0
ENSNBRG00000002250	0	0
ENSNBRG00000002251	0	0
ENSNBRG00000002252	74	89
ENSNBRG00000002253	41	58
ENSNBRG00000002254	0	0
ENSNBRG00000002255	0	0
ENSNBRG00000002256	0	0
ENSNBRG00000002257	0	0
ENSNBRG00000002258	50	57
ENSNBRG00000002259	0	0
ENSNBRG00000002260	0	0
ENSNBRG00000002261	0	0
ENSNBRG00000002262	0	0
ENSNBRG00000002263	0	0
ENSNBRG00000002264	0	0
ENSNBRG00000002265	0	0
ENSNBRG00000002266	35	43
ENSNBRG00000002267	0	0
ENSNBRG00000002268	0	0
ENSNBRG00000002269	0	0
ENSNBRG00000002270	0	0
ENSNBRG00000002271	0	0
ENSNBRG00000002272	0	0
ENSNBRG00000002273	0	0
ENSNBRG00000002274	0	0
ENSNBRG00000002275	0	0
ENSNBRG00000002276	0	0
ENSNBRG00000002277	0	0
ENSNBRG00000002278	0	0
ENSNBRG00000002279	0	0
ENSNBRG00000002280	0	0
ENSNBRG00000002281	0	0
ENSNBRG00000002282	0	0
ENSNBRG00000002283	0	0
ENSNBRG00000002284	24	37
ENSNBRG00000002285	0	0
ENSNBRG00000002286	0	0
ENSNBRG00000002287	0	0
ENSNBRG00000002288	0	0
ENSNBRG00000002289	0	0
ENSNBRG00000002290	0	0
ENSNBRG00000002291	0	0
ENSNBRG00000002292	0	0
ENSNBRG00000002293	0	0
ENSNBRG00000002294	0	0
ENSNBRG00000002295	0	0
ENSNBRG00000002296	0	0
ENSNBRG00000002297	0	0
ENSNBRG00000002298	0	0
ENSNBRG00000002299	0	0
ENSNBRG00000002300	0	0
ENSNBRG00000002301	0	0
ENSNBRG00000002302	0	0
ENSNBRG00000002303	0	0
ENSNBRG00000002304	0	0
ENSNBRG00000002305	0	0
ENSNBRG00000002306	0	0
ENSNBRG00000002307	35	42
ENSNBRG00000002308	29	44
ENSNBRG00000002309	0	0
ENSNBRG00000002310	0	0
ENSNBRG00000002311	0	0
ENSNBRG00000002312	0	0
ENSNBRG00000002313	0	0
ENSNBRG00000002314	0	0
ENSNBRG00000002315	0	0
ENSNBRG00000002316	0	0
ENSNBRG00000002317	0	0
ENSNBRG00000002318	0	0
ENSNBRG00000002319	0	0
ENSNBRG00000002320	163	178
ENSNBRG00000002321	2127	2139
ENSNBRG00000002322	0	0
ENSNBRG00000002323	0	0
ENSNBRG00000002324	0	0
ENSNBRG00000002325	0	0
ENSNBRG00000002326	0	0
ENSNBRG00000002327	0	0
ENSNBRG00000002328	0	0
ENSNBRG00000002329	113	144
ENSNBRG00000002330	0	0
ENSNBRG00000002331	0	0
ENSNBRG00000002332	248	289
ENSNBRG00000002333	0	0
ENSNBRG00000002334	0	0
ENSNBRG00000002335	0	0
ENSNBRG00000002336	0	0
ENSNBRG00000002337	0	0
ENSNBRG00000002338	0	0
ENSNBRG00000002339	0	0
ENSNBRG00000002340	0	0
ENSNBRG00000002341	0	0
ENSNBRG00000002342	0	0
ENSNBRG00000002343	92	106
ENSNBRG00000002344	0	0
ENSNBRG00000002345	0	0
ENSNBRG00000002346	0	0
ENSNBRG00000002347	0	0
ENSNBRG00000002348	0	0
ENSNBRG00000002349	0	0
ENSNBRG00000002350	0	0
ENSNBRG00000002351	0	0
ENSNBRG00000002352	0	0
ENSNBRG00000002353	0	0
ENSNBRG00000002354	299	320
ENSNBRG00000002355	44	81
ENSNBRG00000002356	0	0
ENSNBRG00000002357	0	0
ENSNBRG00000002358	0	0
ENSNBRG00000002359	203	211
ENSNBRG00000002360	0	0
ENSNBRG00000002361	0	0
ENSNBRG00000002362	0	0
ENSNBRG00000002363	0	0
ENSNBRG00000002364	0	0
ENSNBRG00000002365	0	0
ENSNBRG00000002366	0	0
ENSNBRG00000002367	0	0
ENSNBRG00000002368	0	0
ENSNBRG00000002369	0	0
ENSNBRG00000002370	0	0
ENSNBRG00000002371	0	0
ENSNBRG00000002372	0	0
ENSNBRG00000002373	0	0
ENSNBRG00000002374	0	0
ENSNBRG00000002375	0	0
ENSNBRG00000002376	35	72
ENSNBRG00000002377	0	0
ENSNBRG00000002378	0	0
ENSNBRG00000002379	0	0
ENSNBRG00000002380	0	0
ENSNBRG00000002381	0	0
ENSNBRG00000002382	0	0
ENSNBRG00000002383	0	0
ENSNBRG00000002384	32	55
ENSNBRG00000002385	29	69
ENSNBRG00000002386	0	0
ENSNBRG00000002387	0	0
ENSNBRG00000002388	0	0
ENSNBRG00000002389	0	0
ENSNBRG00000002390	0	0
ENSNBRG00000002391	0	0
ENSNBRG00000002392	0	0
ENSNBRG00000002393	0	0
ENSNBRG00000002394	0	0
ENSNBRG00000002395	0	0
ENSNBRG00000002396	0	0
ENSNBRG00000002397	0	0
ENSNBRG00000002398	0	0
ENSNBRG00000002399	0	0
ENSNBRG00000002400	7	29
ENSNBRG00000002401	303	306
ENSNBRG00000002402	0	0
ENSNBRG00000002403	0	0
ENSNBRG00000002404	65	101
ENSNBRG00000002405	0	0
ENSNBRG00000002406	0	0
ENSNBRG00000002407	0	0
ENSNBRG00000002408	0	0
ENSNBRG00000002409	0	0
ENSNBRG00000002410	0	0
ENSNBRG00000002411	0	0
ENSNBRG00000002412	2	8
ENSNBRG00000002413	0	0
ENSNBRG00000002414	0	0
ENSNBRG00000002415	0	0
ENSNBRG00000002416	0	0
ENSNBRG00000002417	0	0
ENSNBRG00000002418	0	0
ENSNBRG00000002419	0	0
ENSNBRG00000002420	0	0
ENSNBRG00000002421	0	0
ENSNBRG00000002422	0	0
ENSNBRG00000002423	35	62
ENSNBRG00000002424	0	0
ENSNBRG00000002425	0	0
ENSNBRG00000002426	0	0
ENSNBRG00000002427	0	0
ENSNBRG00000002428	0	0
ENSNBRG00000002429	0	0
ENSNBRG00000002430	0	0
ENSNBRG00000002431	0	0
ENSNBRG00000002432	0	0
ENSNBRG00000002433	0	0
ENSNBRG00000002434	0	0
ENSNBRG00000002435	0	0
ENSNBRG00000002436	0	0
ENSNBRG00000002437	0	0
ENSNBRG00000002438	0	0
ENSNBRG00000002439	0	0
ENSNBRG00000002440	0	0
ENSNBRG00000002441	0	0
ENSNBRG00000002442	35	68
ENSNBRG00000002443	0	0
ENSNBRG00000002444	0	0
ENSNBRG00000002445	0	0
ENSNBRG00000002446	115	144
ENSNBRG00000002447	0	0
ENSNBRG00000002448	306	344
ENSNBRG00000002449	0	0
ENSNBRG00000002450	0	0
ENSNBRG00000002451	0	0
ENSNBRG00000002452	0	0
ENSNBRG00000002453	0	0
ENSNBRG00000002454	0	0
ENSNBRG00000002455	0	0
ENSNBRG00000002456	0	0
ENSNBRG00000002457	0	0
ENSNBRG00000002458	0	0
ENSNBRG00000002459	0	0
ENSNBRG00000002460	0	0
ENSNBRG00000002461	0	0
ENSNBRG00000002462	0	0
ENSNBRG00000002463	0	0
ENSNBRG00000002464	0	0
ENSNBRG00000002465	0	0
ENSNBRG00000002466	5	36
ENSNBRG00000002467	0	0
ENSNBRG00000002468	0	0
ENSNBRG00000002469	0	0
ENSNBRG00000002470	0	0
ENSNBRG00000002471	0	0
ENSNBRG00000002472	0	0
ENSNBRG00000002473	0	0
ENSNBRG00000002474	45	73
ENSNBRG00000002475	0	0
ENSNBRG00000002476	30	56
ENSNBRG00000002477	43	74
ENSNBRG00000002478	0	0
ENSNBRG00000002479	0	0
ENSNBRG00000002480	0	0
ENSNBRG00000002481	0	0
ENSNBRG00000002482	0	0
ENSNBRG00000002483	0	0
ENSNBRG00000002484	46	67
ENSNBRG00000002485	0	0
ENSNBRG00000002486	0	0
ENSNBRG00000002487	0	0
ENSNBRG00000002488	0	0
ENSNBRG00000002489	0	0
ENSNBRG00000002490	0	0
ENSNBRG00000002491	0	0
ENSNBRG00000002492	0	0
ENSNBRG00000002493	0	0
ENSNBRG00000002494	0	0
ENSNBRG00000002495	0	0
ENSNBRG00000002496	0	0
ENSNBRG00000002497	0	0
ENSNBRG00000002498	0	0
ENSNBRG00000002499	0	0
ENSNBRG00000002500	0	0
ENSNBRG00000002501	5	19
ENSNBRG00000002502	0	0
ENSNBRG00000002503	0	0
ENSNBRG00000002504	0	0
ENSNBRG00000002505	0	0
ENSNBRG00000002506	0	0
ENSNBRG00000002507	0	0
ENSNBRG00000002508	0	0
ENSNBRG00000002509	0	0
ENSNBRG00000002510	0	0
ENSNBRG00000002511	0	0
ENSNBRG00000002512	0	0
ENSNBRG00000002513	0	0
ENSNBRG00000002514	0	0
ENSNBRG00000002515	0	0
ENSNBRG00000002516	0	0
ENSNBRG00000002517	0	0
ENSNBRG00000002518	0	0
ENSNBRG00000002519	0	0
ENSNBRG00000002520	0	0
ENSNBRG00000002521	0	0
ENSNBRG00000002522	0	0
ENSNBRG00000002523	0	0
ENSNBRG00000002524	0	0
ENSNBRG00000002525	0	0
ENSNBRG00000002526	0	0
ENSNBRG00000002527	0	0
ENSNBRG00000002528	60	61
ENSNBRG00000002529	0	0
ENSNBRG00000002530	21	51
ENSNBRG00000002531	0	0
ENSNBRG00000002532	0	0
ENSNBRG00000002533	0	0
ENSNBRG00000002534	0	0
ENSNBRG00000002535	0	0
ENSNBRG00000002536	0	0
ENSNBRG00000002537	0	0
ENSNBRG00000002538	0	0
ENSNBRG00000002539	0	0
ENSNBRG00000002540	0	0
ENSNBRG00000002541	0	0
ENSNBRG00000002542	0	0
ENSNBRG00000002543	425	439
ENSNBRG00000002544	0	0
ENSNBRG00000002545	0	0
ENSNBRG00000002546	0	0
ENSNBRG00000002547	0	0
ENSNBRG00000002548	0	0
ENSNBRG00000002549	0	0
ENSNBRG00000002550	0	0
ENSNBRG00000002551	0	0
ENSNBRG00000002552	7	21
ENSNBRG00000002553	0	0
ENSNBRG00000002554	30	45
ENSNBRG00000002555	0	0
ENSNBRG00000002556	0	0
ENSNBRG00000002557	0	0
ENSNBRG00000002558	0	0
ENSNBRG00000002559	0	0
ENSNBRG00000002560	0	0
ENSNBRG00000002561	0	0
ENSNBRG00000002562	0	0
ENSNBRG00000002563	0	0
ENSNBRG00000002564	0	0
ENSNBRG00000002565	0	0
ENSNBRG00000002566	0	0
ENSNBRG00000002567	0	0
ENSNBRG00000002568	0	0
ENSNBRG00000002569	0	0
ENSNBRG00000002570	0	0
ENSNBRG00000002571	0	0
ENSNBRG00000002572	15	54
ENSNBRG00000002573	0	0
ENSNBRG00000002574	0	0
ENSNBRG00000002575	0	0
ENSNBRG00000002576	0	0
ENSNBRG00000002577	0	0
ENSNBRG00000002578	0	0
ENSNBRG00000002579	0	0
ENSNBRG00000002580	0	0
ENSNBRG00000002581	0	0
ENSNBRG00000002582	0	0
ENSNBRG00000002583	0	0
ENSNBRG00000002584	0	0
ENSNBRG00000002585	0	0
ENSNBRG00000002586	0	0
ENSNBRG00000002587	0	0
ENSNBRG00000002588	0	0
ENSNBRG00000002589	0	0
ENSNBRG00000002590	0	0
ENSNBRG00000002591	0	0
ENSNBRG00000002592	0	0
ENSNBRG00000002593	1	11
ENSNBRG00000002594	0	0
ENSNBRG00000002595	0	0
ENSNBRG00000002596	0	0
ENSNBRG00000002597	66	100
ENSNBRG00000002598	0	0
ENSNBRG00000002599	29	47
ENSNBRG00000002600	0	0
ENSNBRG00000002601	0	0
ENSNBRG00000002602	0	0
ENSNBRG00000002603	0	0
ENSNBRG00000002604	0	0
ENSNBRG00000002605	0	0
ENSNBRG00000002606	0	0
ENSNBRG00000002607	70	90
ENSNBRG00000002608	0	0
ENSNBRG00000002609	0	0
ENSNBRG00000002610	0	0
ENSNBRG00000002611	0	0
ENSNBRG00000002612	4	20
ENSNBRG00000002613	0	0
ENSNBRG00000002614	0	0
ENSNBRG00000002615	0	0
ENSNBRG00000002616	0	0
ENSNBRG00000002617	0	0
ENSNBRG00000002618	0	0
ENSNBRG00000002619	0	0
ENSNBRG00000002620	0	0
ENSNBRG00000002621	0	0
ENSNBRG00000002622	0	0
ENSNBRG00000002623	0	0
ENSNBRG00000002624	0	0
ENSNBRG00000002625	0	0
ENSNBRG00000002626	630	654
ENSNBRG00000002627	0	0
ENSNBRG00000002628	0	0
ENSNBRG00000002629	0	0
ENSNBRG00000002630	43	56
ENSNBRG00000002631	0	0
ENSNBRG00000002632	0	0
ENSNBRG00000002633	0	0
ENSNBRG00000002634	0	0
ENSNBRG00000002635	448	480
ENSNBRG00000002636	0	0
ENSNBRG00000002637	0	0
ENSNBRG00000002638	0	0
ENSNBRG00000002639	1098	1127
ENSNBRG00000002640	0	0
ENSNBRG00000002641	25	27
ENSNBRG00000002642	12	54
ENSNBRG00000002643	0	0
ENSNBRG00000002644	0	0
ENSNBRG00000002645	0	0
ENSNBRG00000002646	0	0
ENSNBRG00000002647	0	0
ENSNBRG00000002648	0	0
ENSNBRG00000002649	233	243
ENSNBRG00000002650	10	17
ENSNBRG00000002651	0	0
ENSNBRG00000002652	0	0
ENSNBRG00000002653	0	0
ENSNBRG00000002654	21	37
ENSNBRG00000002655	0	0
ENSNBRG00000002656	0	0
ENSNBRG00000002657	37	75
ENSNBRG00000002658	0	0
ENSNBRG00000002659	0	0
ENSNBRG00000002660	0	0
ENSNBRG00000002661	370	397
ENSNBRG00000002662	0	0
ENSNBRG00000002663	0	0
ENSNBRG00000002664	0	0
ENSNBRG00000002665	30	68
ENSNBRG00000002666	0	0
ENSNBRG00000002667	0	0
ENSNBRG00000002668	99	126
ENSNBRG00000002669	0	0
ENSNBRG00000002670	0	0
ENSNBRG00000002671	0	0
ENSNBRG00000002672	0	0
ENSNBRG00000002673	0	0
ENSNBRG00000002674	0	0
ENSNBRG00000002675	0	0
ENSNBRG00000002676	0	0
ENSNBRG00000002677	0	0
ENSNBRG00000002678	0	0
ENSNBRG00000002679	0	0
ENSNBRG00000002680	0	0
ENSNBRG00000002681	0	0
ENSNBRG00000002682	0	0
ENSNBRG00000002683	0	0
ENSNBRG00000002684	0	0
ENSNBRG00000002685	0	0
ENSNBRG00000002686	0	0
ENSNBRG00000002687	1	10
ENSNBRG00000002688	0	0
ENSNBRG00000002689	0	0
ENSNBRG00000002690	0	0
ENSNBRG00000002691	0	0
ENSNBRG00000002692	1	22
ENSNBRG00000002693	0	0
ENSNBRG00000002694	0	0
ENSNBRG00000002695	0	0
ENSNBRG00000002696	0	0
ENSNBRG00000002697	30	51
ENSNBRG00000002698	3	25
ENSNBRG00000002699	86	121
ENSNBRG00000002700	0	0
ENSNBRG00000002701	0	0
ENSNBRG00000002702	0	0
ENSNBRG00000002703	0	0
ENSNBRG00000002704	0	0
ENSNBRG00000002705	0	0
ENSNBRG00000002706	0	0
ENSNBRG00000002707	0	0
ENSNBRG00000002708	729	766
ENSNBRG00000002709	0	0
ENSNBRG00000002710	0	0
ENSNBRG00000002711	0	0
ENSNBRG00000002712	0	0
ENSNBRG00000002713	0	0
ENSNBRG00000002714	0	0
ENSNBRG00000002715	17	52
ENSNBRG00000002716	0	0
ENSNBRG00000002717	0	0
ENSNBRG00000002718	36	61
ENSNBRG00000002719	0	0
ENSNBRG00000002720	0	0
ENSNBRG00000002721	0	0
ENSNBRG00000002722	0	0
ENSNBRG00000002723	0	0
ENSNBRG00000002724	0	0
ENSNBRG00000002725	0	0
ENSNBRG00000002726	2	30
ENSNBRG00000002727	0	0
ENSNBRG00000002728	0	0
ENSNBRG00000002729	0	0
ENSNBRG00000002730	0	0
ENSNBRG00000002731	0	0
ENSNBRG00000002732	0	0
ENSNBRG00000002733	0	0
ENSNBRG00000002734	0	0
ENSNBRG00000002735	1	31
ENSNBRG00000002736	0	0
ENSNBRG00000002737	0	0
ENSNBRG00000002738	0	0
ENSNBRG00000002739	0	0
ENSNBRG00000002740	0	0
ENSNBRG00000002741	0	0
ENSNBRG00000002742	0	0
ENSNBRG00000002743	0	0
ENSNBRG00000002744	0	0
ENSNBRG00000002745	0	0
ENSNBRG00000002746	0	0
ENSNBRG00000002747	0	0
ENSNBRG00000002748	13	14
ENSNBRG00000002749	0	0
ENSNBRG00000002750	0	0
ENSNBRG00000002751	0	0
ENSNBRG00000002752	0	0
ENSNBRG00000002753	58	86
ENSNBRG00000002754	0	0
ENSNBRG00000002755	0	0
ENSNBRG00000002756	126	142
ENSNBRG00000002757	0	0
ENSNBRG00000002758	0	0
ENSNBRG00000002759	0	0
ENSNBRG00000002760	0	0
ENSNBRG00000002761	487	528
ENSNBRG00000002762	0	0
ENSNBRG00000002763	0	0
ENSNBRG00000002764	0	0
ENSNBRG00000002765	0	0
ENSNBRG00000002766	0	0
ENSNBRG00000002767	0	0
ENSNBRG00000002768	0	0
ENSNBRG00000002769	0	0
ENSNBRG00000002770	0	0
ENSNBRG00000002771	0	0
ENSNBRG00000002772	0	0
ENSNBRG00000002773	0	0
ENSNBRG00000002774	0	0
ENSNBRG00000002775	259	270
ENSNBRG00000002776	0	0
ENSNBRG00000002777	0	0
ENSNBRG00000002778	0	0
ENSNBRG00000002779	0	0
ENSNBRG00000002780	0	0
ENSNBRG00000002781	0	0
ENSNBRG00000002782	0	0
ENSNBRG00000002783	0	0
ENSNBRG00000002784	0	0
ENSNBRG00000002785	4	42
ENSNBRG00000002786	0	0
ENSNBRG00000002787	0	0
ENSNBRG00000002788	0	0
ENSNBRG00000002789	0	0
ENSNBRG00000002790	0	0
ENSNBRG00000002791	70	94
ENSNBRG00000002792	0	0
ENSNBRG00000002793	0	0
ENSNBRG00000002794	0	0
ENSNBRG00000002795	0	0
ENSNBRG00000002796	0	0
ENSNBRG00000002797	0	0
ENSNBRG00000002798	0	0
ENSNBRG00000002799	0	0
ENSNBRG00000002800	36	78
ENSNBRG00000002801	0	0
ENSNBRG00000002802	0	0
ENSNBRG00000002803	0	0
ENSNBRG00000002804	0	0
ENSNBRG00000002805	0	0
ENSNBRG00000002806	0	0
ENSNBRG00000002807	0	0
ENSNBRG00000002808	2	36
ENSNBRG00000002809	0	0
ENSNBRG00000002810	0	0
ENSNBRG00000002811	0	0
ENSNBRG00000002812	0	0
ENSNBRG00000002813	0	0
ENSNBRG00000002814	0	0
ENSNBRG00000002815	0	0
ENSNBRG00000002816	0	0
ENSNBRG00000002817	17	46
ENSNBRG00000002818	0	0
ENSNBRG00000002819	0	0
ENSNBRG00000002820	0	0
ENSNBRG00000002821	0	0
ENSNBRG00000002822	0	0
ENSNBRG00000002823	0	0
ENSNBRG00000002824	0	0
ENSNBRG00000002825	0	0
ENSNBRG00000002826	0	0
ENSNBRG00000002827	0	0
ENSNBRG00000002828	0	0
ENSNBRG00000002829	0	0
ENSNBRG00000002830	0	0
ENSNBRG00000002831	0	0
ENSNBRG00000002832	0	0
ENSNBRG00000002833	0	0
ENSNBRG00000002834	0	0
ENSNBRG00000002835	0	0
ENSNBRG00000002836	0	0
ENSNBRG00000002837	0	0
ENSNBRG00000002838	0	0
ENSNBRG00000002839	0	0
ENSNBRG00000002840	0	0
ENSNBRG00000002841	22	43
ENSNBRG00000002842	22	23
ENSNBRG00000002843	0	0
ENSNBRG00000002844	163	190
ENSNBRG00000002845	0	0
ENSNBRG00000002846	0	0
ENSNBRG00000002847	0	0
ENSNBRG00000002848	0	0
ENSNBRG00000002849	0	0
ENSNBRG00000002850	0	0
ENSNBRG00000002851	0	0
ENSNBRG00000002852	0	0
ENSNBRG00000002853	0	0
ENSNBRG00000002854	0	0
ENSNBRG00000002855	0	0
ENSNBRG00000002856	0	0
ENSNBRG00000002857	0	0
ENSNBRG00000002858	0	0
ENSNBRG00000002859	0	0
ENSNBRG00000002860	0	0
ENSNBRG00000002861	0	0
ENSNBRG00000002862	0	0
ENSNBRG00000002863	0	0
ENSNBRG00000002864	0	0
ENSNBRG00000002865	0	0
ENSNBRG00000002866	0	0
ENSNBRG00000002867	0	0
ENSNBRG00000002868	0	0
ENSNBRG00000002869	0	0
ENSNBRG00000002870	0	0
ENSNBRG00000002871	0	0
ENSNBRG00000002872	0	0
ENSNBRG00000002873	0	0
ENSNBRG00000002874	0	0
ENSNBRG00000002875	0	0
ENSNBRG00000002876	0	0
ENSNBRG00000002877	0	0
ENSNBRG00000002878	0	0
ENSNBRG00000002879	0	0
ENSNBRG00000002880	0	0
ENSNBRG00000002881	0	0
ENSNBRG00000002882	0	0
ENSNBRG00000002883	0	0
ENSNBRG00000002884	0	0
ENSNBRG00000002885	0	0
ENSNBRG00000002886	0	0
ENSNBRG00000002887	0	0
ENSNBRG00000002888	0	0
ENSNBRG00000002889	0	0
ENSNBRG00000002890	0	0
ENSNBRG00000002891	0	0
ENSNBRG00000002892	0	0
ENSNBRG00000002893	0	0
ENSNBRG00000002894	0	0
ENSNBRG00000002895	0	0
ENSNBRG00000002896	0	0
ENSNBRG00000002897	0	0
ENSNBRG00000002898	0	0
ENSNBRG00000002899	0	0
ENSNBRG00000002900	0	0
ENSNBRG00000002901	0	0
ENSNBRG00000002902	0	0
ENSNBRG00000002903	0	0
ENSNBRG00000002904	31	44
ENSNBRG00000002905	0	0
ENSNBRG00000002906	0	0
ENSNBRG00000002907	0	0
ENSNBRG00000002908	0	0
ENSNBRG00000002909	0	0
ENSNBRG00000002910	0	0
ENSNBRG00000002911	0	0
ENSNBRG00000002912	0	0
ENSNBRG00000002913	0	0
ENSNBRG00000002914	0	0
ENSNBRG00000002915	0	0
ENSNBRG00000002916	0	0
ENSNBRG00000002917	0	0
ENSNBRG00000002918	0	0
ENSNBRG00000002919	0	0
ENSNBRG00000002920	0	0
ENSNBRG00000002921	0	0
ENSNBRG00000002922	0	0
ENSNBRG00000002923	0	0
ENSNBRG00000002924	0	0
ENSNBRG00000002925	0	0
ENSNBRG00000002926	0	0
ENSNBRG00000002927	0	0
ENSNBRG00000002928	0	0
ENSNBRG00000002929	0	0
ENSNBRG00000002930	0	0
ENSNBRG00000002931	0	0
ENSNBRG00000002932	0	0
ENSNBRG00000002933	0	0
ENSNBRG00000002934	0	0
ENSNBRG00000002935	680	702
ENSNBRG00000002936	0	0
ENSNBRG00000002937	0	0
ENSNBRG00000002938	0	0
ENSNBRG00000002939	0	0
ENSNBRG00000002940	0	0
ENSNBRG00000002941	0	0
ENSNBRG00000002942	0	0
ENSNBRG00000002943	0	0
ENSNBRG00000002944	0	0
ENSNBRG00000002945	0	0
ENSNBRG00000002946	0	0
ENSNBRG00000002947	0	0
ENSNBRG00000002948	0	0
ENSNBRG00000002949	0	0
ENSNBRG00000002950	0	0
ENSNBRG00000002951	0	0
ENSNBRG00000002952	0	0
ENSNBRG00000002953	0	0
ENSNBRG00000002954	0	0
ENSNBRG00000002955	0	0
ENSNBRG00000002956	19	57
ENSNBRG00000002957	0	0
ENSNBRG00000002958	0	0
ENSNBRG00000002959	0	0
ENSNBRG00000002960	0	0
ENSNBRG00000002961	0	0
ENSNBRG00000002962	0	0
ENSNBRG00000002963	0	0
ENSNBRG00000002964	0	0
ENSNBRG00000002965	0	0
ENSNBRG00000002966	0	0
ENSNBRG00000002967	0	0
ENSNBRG00000002968	0	0
ENSNBRG00000002969	0	0
ENSNBRG00000002970	0	0
ENSNBRG00000002971	0	0
ENSNBRG00000002972	0	0
ENSNBRG00000002973	0	0
ENSNBRG00000002974	0	0
ENSNBRG00000002975	0	0
ENSNBRG00000002976	0	0
ENSNBRG00000002977	0	0
ENSNBRG00000002978	6	17
ENSNBRG00000002979	21	52
ENSNBRG00000002980	0	0
ENSNBRG00000002981	0	0
ENSNBRG00000002982	0	0
ENSNBRG00000002983	0	0
ENSNBRG00000002984	0	0
ENSNBRG00000002985	0	0
ENSNBRG00000002986	0	0
ENSNBRG00000002987	0	0
ENSNBRG00000002988	0	0
ENSNBRG00000002989	0	0
ENSNBRG00000002990	0	0
ENSNBRG00000002991	0	0
ENSNBRG00000002992	0	0
ENSNBRG00000002993	0	0
ENSNBRG00000002994	0	0
ENSNBRG00000002995	0	0
ENSNBRG00000002996	0	0
ENSNBRG00000002997	0	0
ENSNBRG00000002998	0	0
ENSNBRG00000002999	0	0
ENSNBRG00000003000	0	0
ENSNBRG00000003001	0	0
ENSNBRG00000003002	0	0
ENSNBRG00000003003	0	0
ENSNBRG00000003004	0	0
ENSNBRG00000003005	0	0
ENSNBRG00000003006	0	0
ENSNBRG00000003007	156	169
ENSNBRG00000003008	0	0
ENSNBRG00000003009	0	0
ENSNBRG00000003010	0	0
ENSNBRG00000003011	52	86
ENSNBRG00000003012	0	0
ENSNBRG00000003013	0	0
ENSNBRG00000003014	0	0
ENSNBRG00000003015	0	0
ENSNBRG00000003016	0	0
ENSNBRG00000003017	0	0
ENSNBRG00000003018	0	0
ENSNBRG00000003019	0	0
ENSNBRG00000003020	0	0
ENSNBRG00000003021	0	0
ENSNBRG00000003022	64	99
ENSNBRG00000003023	0	0
ENSNBRG00000003024	0	0
ENSNBRG00000003025	0	0
ENSNBRG00000003026	0	0
ENSNBRG00000003027	0	0
ENSNBRG00000003028	0	0
ENSNBRG00000003029	0	0
ENSNBRG00000003030	0	0
ENSNBRG00000003031	0	0
ENSNBRG00000003032	0	0
ENSNBRG00000003033	0	0
ENSNBRG00000003034	0	0
ENSNBRG00000003035	0	0
ENSNBRG00000003036	0	0
ENSNBRG00000003037	423	440
ENSNBRG00000003038	0	0
ENSNBRG00000003039	0	0
ENSNBRG00000003040	0	0
ENSNBRG00000003041	0	0
ENSNBRG00000003042	0	0
ENSNBRG00000003043	185	189
ENSNBRG00000003044	0	0
ENSNBRG00000003045	0	0
ENSNBRG00000003046	0	0
ENSNBRG00000003047	0	0
ENSNBRG00000003048	0	0
ENSNBRG00000003049	0	0
ENSNBRG00000003050	0	0
ENSNBRG00000003051	0	0
ENSNBRG00000003052	0	0
ENSNBRG00000003053	0	0
ENSNBRG00000003054	0	0
ENSNBRG00000003055	0	0
ENSNBRG00000003056	0	0
ENSNBRG00000003057	1	7
ENSNBRG00000003058	9	47
ENSNBRG00000003059	0	0
ENSNBRG00000003060	0	0
ENSNBRG00000003061	0	0
ENSNBRG00000003062	0	0
ENSNBRG00000003063	0	0
ENSNBRG00000003064	0	0
ENSNBRG00000003065	0	0
ENSNBRG00000003066	0	0
ENSNBRG00000003067	0	0
ENSNBRG00000003068	5	29
ENSNBRG00000003069	4	31
ENSNBRG00000003070	0	0
ENSNBRG00000003071	0	0
ENSNBRG00000003072	0	0
ENSNBRG00000003073	0	0
ENSNBRG00000003074	0	0
ENSNBRG00000003075	0	0
ENSNBRG00000003076	0	0
ENSNBRG00000003077	0	0
ENSNBRG00000003078	0	0
ENSNBRG00000003079	0	0
ENSNBRG00000003080	0	0
ENSNBRG00000003081	0	0
ENSNBRG00000003082	0	0
ENSNBRG00000003083	0	0
ENSNBRG00000003084	0	0
ENSNBRG00000003085	0	0
ENSNBRG00000003086	0	0
ENSNBRG00000003087	0	0
ENSNBRG00000003088	0	0
ENSNBRG00000003089	0	0
ENSNBRG00000003090	0	0
ENSNBRG00000003091	0	0
ENSNBRG00000003092	0	0
ENSNBRG00000003093	0	0
ENSNBRG00000003094	0	0
ENSNBRG00000003095	0	0
ENSNBRG00000003096	0	0
ENSNBRG00000003097	0	0
ENSNBRG00000003098	0	0
ENSNBRG00000003099	0	0
ENSNBRG00000003100	0	0
ENSNBRG00000003101	0	0
ENSNBRG00000003102	0	0
ENSNBRG00000003103	0	0
ENSNBRG00000003104	0	0
ENSNBRG00000003105	0	0
ENSNBRG00000003106	0	0
ENSNBRG00000003107	0	0
ENSNBRG00000003108	0	0
ENSNBRG00000003109	0	0
ENSNBRG00000003110	0	0
ENSNBRG00000003111	0	0
ENSNBRG00000003112	49	61
ENSNBRG00000003113	0	0
ENSNBRG00000003114	0	0
ENSNBRG00000003115	0	0
ENSNBRG00000003116	0	0
ENSNBRG00000003117	0	0
ENSNBRG00000003118	0	0
ENSNBRG00000003119	0	0
ENSNBRG00000003120	0	0
ENSNBRG00000003121	0	0
ENSNBRG00000003122	0	0
ENSNBRG00000003123	0	0
ENSNBRG00000003124	0	0
ENSNBRG00000003125	0	0
ENSNBRG00000003126	0	0
ENSNBRG00000003127	0	0
ENSNBRG00000003128	0	0
ENSNBRG00000003129	0	0
ENSNBRG00000003130	0	0
ENSNBRG00000003131	0	0
ENSNBRG00000003132	0	0
ENSNBRG00000003133	0	0
ENSNBRG00000003134	0	0
ENSNBRG00000003135	0	0
ENSNBRG00000003136	46	74
ENSNBRG00000003137	0	0
ENSNBRG00000003138	0	0
ENSNBRG00000003139	0	0
ENSNBRG00000003140	0	0
ENSNBRG00000003141	0	0
ENSNBRG00000003142	0	0
ENSNBRG00000003143	0	0
ENSNBRG00000003144	0	0
ENSNBRG00000003145	0	0
ENSNBRG00000003146	0	0
ENSNBRG00000003147	0	0
ENSNBRG00000003148	0	0
ENSNBRG00000003149	0	0
ENSNBRG00000003150	0	0
ENSNBRG00000003151	0	0
ENSNBRG00000003152	0	0
ENSNBRG00000003153	0	0
ENSNBRG00000003154	0	0
ENSNBRG00000003155	0	0
ENSNBRG00000003156	0	0
ENSNBRG00000003157	0	0
ENSNBRG00000003158	0	0
ENSNBRG00000003159	0	0
ENSNBRG00000003160	0	0
ENSNBRG00000003161	13	40
ENSNBRG00000003162	0	0
ENSNBRG00000003163	185	216
ENSNBRG00000003164	0	0
ENSNBRG00000003165	0	0
ENSNBRG00000003166	180	196
ENSNBRG00000003167	0	0
ENSNBRG00000003168	44	54
ENSNBRG00000003169	0	0
ENSNBRG00000003170	0	0
ENSNBRG00000003171	0	0
ENSNBRG00000003172	0	0
ENSNBRG00000003173	0	0
ENSNBRG00000003174	0	0
ENSNBRG00000003175	0	0
ENSNBRG00000003176	0	0
ENSNBRG00000003177	0	0
ENSNBRG00000003178	0	0
ENSNBRG00000003179	0	0
ENSNBRG00000003180	217	243
ENSNBRG00000003181	0	0
ENSNBRG00000003182	0	0
ENSNBRG00000003183	0	0
ENSNBRG00000003184	0	0
ENSNBRG00000003185	0	0
ENSNBRG00000003186	32	38
ENSNBRG00000003187	0	0
ENSNBRG00000003188	39	79
ENSNBRG00000003189	0	0
ENSNBRG00000003190	0	0
ENSNBRG00000003191	0	0
ENSNBRG00000003192	0	0
ENSNBRG00000003193	1	28
ENSNBRG00000003194	1	42
ENSNBRG00000003195	0	0
ENSNBRG00000003196	0	0
ENSNBRG00000003197	0	0
ENSNBRG00000003198	0	0
ENSNBRG00000003199	0	0
ENSNBRG00000003200	0	0
ENSNBRG00000003201	102	103
ENSNBRG00000003202	0	0
ENSNBRG00000003203	0	0
ENSNBRG00000003204	0	0
ENSNBRG00000003205	0	0
ENSNBRG00000003206	0	0
ENSNBRG00000003207	0	0
ENSNBRG00000003208	0	0
ENSNBRG00000003209	0	0
ENSNBRG00000003210	0	0
ENSNBRG00000003211	35	42
ENSNBRG00000003212	0	0
ENSNBRG00000003213	0	0
ENSNBRG00000003214	0	0
ENSNBRG00000003215	0	0
ENSNBRG00000003216	0	0
ENSNBRG00000003217	37	72
ENSNBRG00000003218	0	0
ENSNBRG00000003219	0	0
ENSNBRG00000003220	0	0
ENSNBRG00000003221	0	0
ENSNBRG00000003222	0	0
ENSNBRG00000003223	0	0
ENSNBRG00000003224	0	0
ENSNBRG00000003225	0	0
ENSNBRG00000003226	0	0
ENSNBRG00000003227	16	23
ENSNBRG00000003228	5164	5177
ENSNBRG00000003229	0	0
ENSNBRG00000003230	0	0
ENSNBRG00000003231	0	0
ENSNBRG00000003232	0	0
ENSNBRG00000003233	0	0
ENSNBRG00000003234	0	0
ENSNBRG00000003235	0	0
ENSNBRG00000003236	73	76
ENSNBRG00000003237	0	0
ENSNBRG00000003238	0	0
ENSNBRG00000003239	0	0
ENSNBRG00000003240	0	0
ENSNBRG00000003241	0	0
ENSNBRG00000003242	0	0
ENSNBRG00000003243	0	0
ENSNBRG00000003244	0	0
ENSNBRG00000003245	0	0
ENSNBRG00000003246	0	0
ENSNBRG00000003247	0	0
ENSNBRG00000003248	0	0
ENSNBRG00000003249	0	0
ENSNBRG00000003250	0	0
ENSNBRG00000003251	0	0
ENSNBRG00000003252	0	0
ENSNBRG00000003253	0	0
ENSNBRG00000003254	0	0
ENSNBRG00000003255	0	0
ENSNBRG00000003256	0	0
ENSNBRG00000003257	0	0
ENSNBRG00000003258	0	0
ENSNBRG00000003259	0	0
ENSNBRG00000003260	0	0
ENSNBRG00000003261	0	0
ENSNBRG00000003262	0	0
ENSNBRG00000003263	0	0
ENSNBRG00000003264	24	26
ENSNBRG00000003265	0	0
ENSNBRG00000003266	0	0
ENSNBRG00000003267	0	0
ENSNBRG00000003268	0	0
ENSNBRG00000003269	0	0
ENSNBRG00000003270	118	124
ENSNBRG00000003271	0	0
ENSNBRG00000003272	0	0
ENSNBRG00000003273	1	33
ENSNBRG00000003274	0	0
ENSNBRG00000003275	0	0
ENSNBRG00000003276	0	0
ENSNBRG00000003277	0	0
ENSNBRG00000003278	0	0
ENSNBRG00000003279	0	0
ENSNBRG00000003280	24	38
ENSNBRG00000003281	0	0
ENSNBRG00000003282	0	0
ENSNBRG00000003283	0	0
ENSNBRG00000003284	0	0
ENSNBRG00000003285	0	0
ENSNBRG00000003286	0	0
ENSNBRG00000003287	0	0
ENSNBRG00000003288	0	0
ENSNBRG00000003289	0	0
ENSNBRG00000003290	0	0
ENSNBRG00000003291	0	0
ENSNBRG00000003292	0	0
ENSNBRG00000003293	0	0
ENSNBRG00000003294	0	0
ENSNBRG00000003295	0	0
ENSNBRG00000003296	0	0
ENSNBRG00000003297	0	0
ENSNBRG00000003298	0	0
ENSNBRG00000003299	0	0
ENSNBRG00000003300	0	0
ENSNBRG00000003301	0	0
ENSNBRG00000003302	0	0
ENSNBRG00000003303	0	0
ENSNBRG00000003304	0	0
ENSNBRG00000003305	0	0
ENSNBRG00000003306	0	0
ENSNBRG00000003307	0	0
ENSNBRG00000003308	9	17
ENSNBRG00000003309	0	0
ENSNBRG00000003310	0	0
ENSNBRG00000003311	0	0
ENSNBRG00000003312	0	0
ENSNBRG00000003313	0	0
ENSNBRG00000003314	0	0
ENSNBRG00000003315	0	0
ENSNBRG00000003316	66	105
ENSNBRG00000003317	0	0
ENSNBRG00000003318	0	0
ENSNBRG00000003319	0	0
ENSNBRG00000003320	0	0
ENSNBRG00000003321	37	72
ENSNBRG00000003322	0	0
ENSNBRG00000003323	0	0
ENSNBRG00000003324	0	0
ENSNBRG00000003325	481	519
ENSNBRG00000003326	0	0
ENSNBRG00000003327	0	0
ENSNBRG00000003328	0	0
ENSNBRG00000003329	0	0
ENSNBRG00000003330	0	0
ENSNBRG00000003331	0	0
ENSNBRG00000003332	0	0
ENSNBRG00000003333	0	0
ENSNBRG00000003334	0	0
ENSNBRG00000003335	0	0
ENSNBRG00000003336	0	0
ENSNBRG00000003337	0	0
ENSNBRG00000003338	0	0
ENSNBRG00000003339	0	0
ENSNBRG00000003340	0	0
ENSNBRG00000003341	0	0
ENSNBRG00000003342	0	0
ENSNBRG00000003343	0	0
ENSNBRG00000003344	0	0
ENSNBRG00000003345	0	0
ENSNBRG00000003346	0	0
ENSNBRG00000003347	0	0
ENSNBRG00000003348	0	0
ENSNBRG00000003349	0	0
ENSNBRG00000003350	18	30
ENSNBRG00000003351	0	0
ENSNBRG00000003352	0	0
ENSNBRG00000003353	0	0
ENSNBRG00000003354	0	0
ENSNBRG00000003355	0	0
ENSNBRG00000003356	1129	1150
ENSNBRG00000003357	0	0
ENSNBRG00000003358	0	0
ENSNBRG00000003359	0	0
ENSNBRG00000003360	0	0
ENSNBRG00000003361	0	0
ENSNBRG00000003362	0	0
ENSNBRG00000003363	0	0
ENSNBRG00000003364	0	0
ENSNBRG00000003365	0	0
ENSNBRG00000003366	0	0
ENSNBRG00000003367	0	0
ENSNBRG00000003368	0	0
ENSNBRG00000003369	0	0
ENSNBRG00000003370	29	71
ENSNBRG00000003371	0	0
ENSNBRG00000003372	0	0
ENSNBRG00000003373	0	0
ENSNBRG00000003374	0	0
ENSNBRG00000003375	0	0
ENSNBRG00000003376	0	0
ENSNBRG00000003377	0	0
ENSNBRG00000003378	0	0
ENSNBRG00000003379	0	0
ENSNBRG00000003380	0	0
ENSNBRG00000003381	0	0
ENSNBRG00000003382	0	0
ENSNBRG00000003383	0	0
ENSNBRG00000003384	0	0
ENSNBRG00000003385	0	0
ENSNBRG00000003386	0	0
ENSNBRG00000003387	0	0
ENSNBRG00000003388	0	0
ENSNBRG00000003389	263	288
ENSNBRG00000003390	0	0
ENSNBRG00000003391	0	0
ENSNBRG00000003392	0	0
ENSNBRG00000003393	0	0
ENSNBRG00000003394	0	0
ENSNBRG00000003395	0	0
ENSNBRG00000003396	0	0
ENSNBRG00000003397	0	0
ENSNBRG00000003398	0	0
ENSNBRG00000003399	0	0
ENSNBRG00000003400	0	0
ENSNBRG00000003401	0	0
ENSNBRG00000003402	0	0
ENSNBRG00000003403	0	0
ENSNBRG00000003404	0	0
ENSNBRG00000003405	0	0
ENSNBRG00000003406	0	0
ENSNBRG00000003407	0	0
ENSNBRG00000003408	0	0
ENSNBRG00000003409	0	0
ENSNBRG00000003410	0	0
ENSNBRG00000003411	0	0
ENSNBRG00000003412	0	0
ENSNBRG00000003413	0	0
ENSNBRG00000003414	0	0
ENSNBRG00000003415	96	125
ENSNBRG00000003416	0	0
ENSNBRG00000003417	418	426
ENSNBRG00000003418	0	0
ENSNBRG00000003419	0	0
ENSNBRG00000003420	0	0
ENSNBRG00000003421	0	0
ENSNBRG00000003422	0	0
ENSNBRG00000003423	0	0
ENSNBRG00000003424	0	0
ENSNBRG00000003425	0	0
ENSNBRG00000003426	0	0
ENSNBRG00000003427	0	0
ENSNBRG00000003428	0	0
ENSNBRG00000003429	0	0
ENSNBRG00000003430	0	0
ENSNBRG00000003431	0	0
ENSNBRG00000003432	0	0
ENSNBRG00000003433	0	0
ENSNBRG00000003434	0	0
ENSNBRG00000003435	0	0
ENSNBRG00000003436	0	0
ENSNBRG00000003437	0	0
ENSNBRG00000003438	0	0
ENSNBRG00000003439	0	0
ENSNBRG00000003440	0	0
ENSNBRG00000003441	0	0
ENSNBRG00000003442	0	0
ENSNBRG00000003443	0	0
ENSNBRG00000003444	0	0
ENSNBRG00000003445	0	0
ENSNBRG00000003446	40	56
ENSNBRG00000003447	0	0
ENSNBRG00000003448	39	82
ENSNBRG00000003449	0	0
ENSNBRG00000003450	0	0
ENSNBRG00000003451	0	0
ENSNBRG00000003452	0	0
ENSNBRG00000003453	0	0
ENSNBRG00000003454	0	0
ENSNBRG00000003455	0	0
ENSNBRG00000003456	0	0
ENSNBRG00000003457	0	0
ENSNBRG00000003458	0	0
ENSNBRG00000003459	0	0
ENSNBRG00000003460	0	0
ENSNBRG00000003461	0	0
ENSNBRG00000003462	0	0
ENSNBRG00000003463	1	8
ENSNBRG00000003464	0	0
ENSNBRG00000003465	0	0
ENSNBRG00000003466	0	0
ENSNBRG00000003467	0	0
ENSNBRG00000003468	1	14
ENSNBRG00000003469	0	0
ENSNBRG00000003470	0	0
ENSNBRG00000003471	0	0
ENSNBRG00000003472	0	0
ENSNBRG00000003473	0	0
ENSNBRG00000003474	0	0
ENSNBRG00000003475	0	0
ENSNBRG00000003476	0	0
ENSNBRG00000003477	32	53
ENSNBRG00000003478	0	0
ENSNBRG00000003479	0	0
ENSNBRG00000003480	0	0
ENSNBRG00000003481	0	0
ENSNBRG00000003482	0	0
ENSNBRG00000003483	0	0
ENSNBRG00000003484	0	0
ENSNBRG00000003485	0	0
ENSNBRG00000003486	0	0
ENSNBRG00000003487	0	0
ENSNBRG00000003488	0	0
ENSNBRG00000003489	0	0
ENSNBRG00000003490	0	0
ENSNBRG00000003491	0	0
ENSNBRG00000003492	0	0
ENSNBRG00000003493	0	0
ENSNBRG00000003494	0	0
ENSNBRG00000003495	0	0
ENSNBRG00000003496	0	0
ENSNBRG00000003497	0	0
ENSNBRG00000003498	0	0
ENSNBRG00000003499	0	0
ENSNBRG00000003500	0	0
ENSNBRG00000003501	0	0
ENSNBRG00000003502	0	0
ENSNBRG00000003503	0	0
ENSNBRG00000003504	0	0
ENSNBRG00000003505	0	0
ENSNBRG00000003506	0	0
ENSNBRG00000003507	1	25
ENSNBRG00000003508	1	18
ENSNBRG00000003509	0	0
ENSNBRG00000003510	0	0
ENSNBRG00000003511	0	0
ENSNBRG00000003512	0	0
ENSNBRG00000003513	0	0
ENSNBRG00000003514	0	0
ENSNBRG00000003515	0	0
ENSNBRG00000003516	63	97
ENSNBRG00000003517	0	0
ENSNBRG00000003518	0	0
ENSNBRG00000003519	0	0
ENSNBRG00000003520	0	0
ENSNBRG00000003521	0	0
ENSNBRG00000003522	0	0
ENSNBRG00000003523	0	0
ENSNBRG00000003524	0	0
ENSNBRG00000003525	0	0
ENSNBRG00000003526	0	0
ENSNBRG00000003527	0	0
ENSNBRG00000003528	0	0
ENSNBRG00000003529	1	35
ENSNBRG00000003530	0	0
ENSNBRG00000003531	0	0
ENSNBRG00000003532	0	0
ENSNBRG00000003533	0	0
ENSNBRG00000003534	0	0
ENSNBRG00000003535	0	0
ENSNBRG00000003536	0	0
ENSNBRG00000003537	0	0
ENSNBRG00000003538	0	0
ENSNBRG00000003539	0	0
ENSNBRG00000003540	0	0
ENSNBRG00000003541	0	0
ENSNBRG00000003542	0	0
ENSNBRG00000003543	0	0
ENSNBRG00000003544	0	0
ENSNBRG00000003545	0	0
ENSNBRG00000003546	0	0
ENSNBRG00000003547	0	0
ENSNBRG00000003548	0	0
ENSNBRG00000003549	0	0
ENSNBRG00000003550	0	0
ENSNBRG00000003551	0	0
ENSNBRG00000003552	0	0
ENSNBRG00000003553	0	0
ENSNBRG00000003554	52	90
ENSNBRG00000003555	0	0
ENSNBRG00000003556	0	0
ENSNBRG00000003557	0	0
ENSNBRG00000003558	0	0
ENSNBRG00000003559	0	0
ENSNBRG00000003560	0	0
ENSNBRG00000003561	0	0
ENSNBRG00000003562	0	0
ENSNBRG00000003563	0	0
ENSNBRG00000003564	0	0
ENSNBRG00000003565	0	0
ENSNBRG00000003566	0	0
ENSNBRG00000003567	0	0
ENSNBRG00000003568	0	0
ENSNBRG00000003569	0	0
ENSNBRG00000003570	0	0
ENSNBRG00000003571	0	0
ENSNBRG00000003572	0	0
ENSNBRG00000003573	0	0
ENSNBRG00000003574	0	0
ENSNBRG00000003575	0	0
ENSNBRG00000003576	0	0
ENSNBRG00000003577	0	0
ENSNBRG00000003578	0	0
ENSNBRG00000003579	0	0
ENSNBRG00000003580	0	0
ENSNBRG00000003581	0	0
ENSNBRG00000003582	0	0
ENSNBRG00000003583	0	0
ENSNBRG00000003584	0	0
ENSNBRG00000003585	0	0
ENSNBRG00000003586	0	0
ENSNBRG00000003587	33	41
ENSNBRG00000003588	0	0
ENSNBRG00000003589	0	0
ENSNBRG00000003590	0	0
ENSNBRG00000003591	0	0
ENSNBRG00000003592	0	0
ENSNBRG00000003593	0	0
ENSNBRG00000003594	0	0
ENSNBRG00000003595	0	0
ENSNBRG00000003596	0	0
ENSNBRG00000003597	0	0
ENSNBRG00000003598	0	0
ENSNBRG00000003599	0	0
ENSNBRG00000003600	0	0
ENSNBRG00000003601	0	0
ENSNBRG00000003602	0	0
ENSNBRG00000003603	0	0
ENSNBRG00000003604	0	0
ENSNBRG00000003605	0	0
ENSNBRG00000003606	0	0
ENSNBRG00000003607	0	0
ENSNBRG00000003608	0	0
ENSNBRG00000003609	0	0
ENSNBRG00000003610	0	0
ENSNBRG00000003611	0	0
ENSNBRG00000003612	26	43
ENSNBRG00000003613	0	0
ENSNBRG00000003614	0	0
ENSNBRG00000003615	0	0
ENSNBRG00000003616	0	0
ENSNBRG00000003617	0	0
ENSNBRG00000003618	8	9
ENSNBRG00000003619	0	0
ENSNBRG00000003620	0	0
ENSNBRG00000003621	0	0
ENSNBRG00000003622	0	0
ENSNBRG00000003623	0	0
ENSNBRG00000003624	0	0
ENSNBRG00000003625	0	0
ENSNBRG00000003626	0	0
ENSNBRG00000003627	0	0
ENSNBRG00000003628	0	0
ENSNBRG00000003629	0	0
ENSNBRG00000003630	0	0
ENSNBRG00000003631	0	0
ENSNBRG00000003632	0	0
ENSNBRG00000003633	0	0
ENSNBRG00000003634	0	0
ENSNBRG00000003635	0	0
ENSNBRG00000003636	0	0
ENSNBRG00000003637	0	0
ENSNBRG00000003638	0	0
ENSNBRG00000003639	0	0
ENSNBRG00000003640	0	0
ENSNBRG00000003641	0	0
ENSNBRG00000003642	0	0
ENSNBRG00000003643	0	0
ENSNBRG00000003644	0	0
ENSNBRG00000003645	876	900
ENSNBRG00000003646	0	0
ENSNBRG00000003647	0	0
ENSNBRG00000003648	0	0
ENSNBRG00000003649	0	0
ENSNBRG00000003650	0	0
ENSNBRG00000003651	0	0
ENSNBRG00000003652	0	0
ENSNBRG00000003653	0	0
ENSNBRG00000003654	0	0
ENSNBRG00000003655	0	0
ENSNBRG00000003656	0	0
ENSNBRG00000003657	0	0
ENSNBRG00000003658	0	0
ENSNBRG00000003659	0	0
ENSNBRG00000003660	0	0
ENSNBRG00000003661	0	0
ENSNBRG00000003662	0	0
ENSNBRG00000003663	0	0
ENSNBRG00000003664	0	0
ENSNBRG00000003665	0	0
ENSNBRG00000003666	0	0
ENSNBRG00000003667	0	0
ENSNBRG00000003668	0	0
ENSNBRG00000003669	0	0
ENSNBRG00000003670	0	0
ENSNBRG00000003671	0	0
ENSNBRG00000003672	0	0
ENSNBRG00000003673	0	0
ENSNBRG00000003674	0	0
ENSNBRG00000003675	0	0
ENSNBRG00000003676	0	0
ENSNBRG00000003677	0	0
ENSNBRG00000003678	0	0
ENSNBRG00000003679	0	0
ENSNBRG00000003680	0	0
ENSNBRG00000003681	0	0
ENSNBRG00000003682	0	0
ENSNBRG00000003683	0	0
ENSNBRG00000003684	0	0
ENSNBRG00000003685	0	0
ENSNBRG00000003686	0	0
ENSNBRG00000003687	0	0
ENSNBRG00000003688	0	0
ENSNBRG00000003689	0	0
ENSNBRG00000003690	0	0
ENSNBRG00000003691	0	0
ENSNBRG00000003692	32	36
ENSNBRG00000003693	0	0
ENSNBRG00000003694	0	0
ENSNBRG00000003695	0	0
ENSNBRG00000003696	0	0
ENSNBRG00000003697	0	0
ENSNBRG00000003698	31	58
ENSNBRG00000003699	14	25
ENSNBRG00000003700	702	718
ENSNBRG00000003701	0	0
ENSNBRG00000003702	0	0
ENSNBRG00000003703	0	0
ENSNBRG00000003704	22	43
ENSNBRG00000003705	0	0
ENSNBRG00000003706	0	0
ENSNBRG00000003707	0	0
ENSNBRG00000003708	0	0
ENSNBRG00000003709	0	0
ENSNBRG00000003710	40	71
ENSNBRG00000003711	0	0
ENSNBRG00000003712	5	10
ENSNBRG00000003713	0	0
ENSNBRG00000003714	0	0
ENSNBRG00000003715	0	0
ENSNBRG00000003716	0	0
ENSNBRG00000003717	0	0
ENSNBRG00000003718	0	0
ENSNBRG00000003719	0	0
ENSNBRG00000003720	0	0
ENSNBRG00000003721	0	0
ENSNBRG00000003722	0	0
ENSNBRG00000003723	0	0
ENSNBRG00000003724	0	0
ENSNBRG00000003725	0	0
ENSNBRG00000003726	0	0
ENSNBRG00000003727	0	0
ENSNBRG00000003728	0	0
ENSNBRG00000003729	0	0
ENSNBRG00000003730	0	0
ENSNBRG00000003731	0	0
ENSNBRG00000003732	0	0
ENSNBRG00000003733	0	0
ENSNBRG00000003734	0	0
ENSNBRG00000003735	0	0
ENSNBRG00000003736	0	0
ENSNBRG00000003737	0	0
ENSNBRG00000003738	0	0
ENSNBRG00000003739	0	0
ENSNBRG00000003740	0	0
ENSNBRG00000003741	0	0
ENSNBRG00000003742	0	0
ENSNBRG00000003743	302	324
ENSNBRG00000003744	0	0
ENSNBRG00000003745	0	0
ENSNBRG00000003746	0	0
ENSNBRG00000003747	41	84
ENSNBRG00000003748	0	0
ENSNBRG00000003749	0	0
ENSNBRG00000003750	0	0
ENSNBRG00000003751	0	0
ENSNBRG00000003752	0	0
ENSNBRG00000003753	0	0
ENSNBRG00000003754	0	0
ENSNBRG00000003755	0	0
ENSNBRG00000003756	0	0
ENSNBRG00000003757	0	0
ENSNBRG00000003758	0	0
ENSNBRG00000003759	0	0
ENSNBRG00000003760	0	0
ENSNBRG00000003761	0	0
ENSNBRG00000003762	0	0
ENSNBRG00000003763	0	0
ENSNBRG00000003764	0	0
ENSNBRG00000003765	0	0
ENSNBRG00000003766	0	0
ENSNBRG00000003767	0	0
ENSNBRG00000003768	0	0
ENSNBRG00000003769	0	0
ENSNBRG00000003770	0	0
ENSNBRG00000003771	0	0
ENSNBRG00000003772	0	0
ENSNBRG00000003773	0	0
ENSNBRG00000003774	0	0
ENSNBRG00000003775	0	0
ENSNBRG00000003776	0	0
ENSNBRG00000003777	0	0
ENSNBRG00000003778	0	0
ENSNBRG00000003779	0	0
ENSNBRG00000003780	0	0
ENSNBRG00000003781	0	0
ENSNBRG00000003782	0	0
ENSNBRG00000003783	0	0
ENSNBRG00000003784	0	0
ENSNBRG00000003785	0	0
ENSNBRG00000003786	0	0
ENSNBRG00000003787	0	0
ENSNBRG00000003788	0	0
ENSNBRG00000003789	0	0
ENSNBRG00000003790	0	0
ENSNBRG00000003791	0	0
ENSNBRG00000003792	0	0
ENSNBRG00000003793	0	0
ENSNBRG00000003794	0	0
ENSNBRG00000003795	31	43
ENSNBRG00000003796	0	0
ENSNBRG00000003797	0	0
ENSNBRG00000003798	0	0
ENSNBRG00000003799	45	80
ENSNBRG00000003800	0	0
ENSNBRG00000003801	0	0
ENSNBRG00000003802	0	0
ENSNBRG00000003803	0	0
ENSNBRG00000003804	0	0
ENSNBRG00000003805	18	29
ENSNBRG00000003806	0	0
ENSNBRG00000003807	0	0
ENSNBRG00000003808	1	7
ENSNBRG00000003809	0	0
ENSNBRG00000003810	0	0
ENSNBRG00000003811	35	70
ENSNBRG00000003812	0	0
ENSNBRG00000003813	0	0
ENSNBRG00000003814	0	0
ENSNBRG00000003815	0	0
ENSNBRG00000003816	0	0
ENSNBRG00000003817	0	0
ENSNBRG00000003818	0	0
ENSNBRG00000003819	0	0
ENSNBRG00000003820	0	0
ENSNBRG00000003821	0	0
ENSNBRG00000003822	0	0
ENSNBRG00000003823	0	0
ENSNBRG00000003824	34	36
ENSNBRG00000003825	0	0
ENSNBRG00000003826	0	0
ENSNBRG00000003827	0	0
ENSNBRG00000003828	0	0
ENSNBRG00000003829	0	0
ENSNBRG00000003830	0	0
ENSNBRG00000003831	0	0
ENSNBRG00000003832	0	0
ENSNBRG00000003833	0	0
ENSNBRG00000003834	0	0
ENSNBRG00000003835	0	0
ENSNBRG00000003836	0	0
ENSNBRG00000003837	0	0
ENSNBRG00000003838	0	0
ENSNBRG00000003839	0	0
ENSNBRG00000003840	0	0
ENSNBRG00000003841	0	0
ENSNBRG00000003842	0	0
ENSNBRG00000003843	0	0
ENSNBRG00000003844	0	0
ENSNBRG00000003845	0	0
ENSNBRG00000003846	0	0
ENSNBRG00000003847	0	0
ENSNBRG00000003848	0	0
ENSNBRG00000003849	0	0
ENSNBRG00000003850	0	0
ENSNBRG00000003851	0	0
ENSNBRG00000003852	0	0
ENSNBRG00000003853	0	0
ENSNBRG00000003854	0	0
ENSNBRG00000003855	0	0
ENSNBRG00000003856	0	0
ENSNBRG00000003857	0	0
ENSNBRG00000003858	0	0
ENSNBRG00000003859	0	0
ENSNBRG00000003860	0	0
ENSNBRG00000003861	0	0
ENSNBRG00000003862	0	0
ENSNBRG00000003863	0	0
ENSNBRG00000003864	0	0
ENSNBRG00000003865	0	0
ENSNBRG00000003866	0	0
ENSNBRG00000003867	19	27
ENSNBRG00000003868	0	0
ENSNBRG00000003869	0	0
ENSNBRG00000003870	0	0
ENSNBRG00000003871	0	0
ENSNBRG00000003872	341	365
ENSNBRG00000003873	0	0
ENSNBRG00000003874	0	0
ENSNBRG00000003875	0	0
ENSNBRG00000003876	0	0
ENSNBRG00000003877	0	0
ENSNBRG00000003878	0	0
ENSNBRG00000003879	0	0
ENSNBRG00000003880	0	0
ENSNBRG00000003881	0	0
ENSNBRG00000003882	0	0
ENSNBRG00000003883	1	2
ENSNBRG00000003884	0	0
ENSNBRG00000003885	0	0
ENSNBRG00000003886	0	0
ENSNBRG00000003887	0	0
ENSNBRG00000003888	0	0
ENSNBRG00000003889	0	0
ENSNBRG00000003890	0	0
ENSNBRG00000003891	0	0
ENSNBRG00000003892	0	0
ENSNBRG00000003893	0	0
ENSNBRG00000003894	0	0
ENSNBRG00000003895	0	0
ENSNBRG00000003896	0	0
ENSNBRG00000003897	0	0
ENSNBRG00000003898	0	0
ENSNBRG00000003899	0	0
ENSNBRG00000003900	0	0
ENSNBRG00000003901	0	0
ENSNBRG00000003902	0	0
ENSNBRG00000003903	0	0
ENSNBRG00000003904	0	0
ENSNBRG00000003905	0	0
ENSNBRG00000003906	0	0
ENSNBRG00000003907	0	0
ENSNBRG00000003908	0	0
ENSNBRG00000003909	0	0
ENSNBRG00000003910	0	0
ENSNBRG00000003911	0	0
ENSNBRG00000003912	0	0
ENSNBRG00000003913	89	111
ENSNBRG00000003914	0	0
ENSNBRG00000003915	0	0
ENSNBRG00000003916	0	0
ENSNBRG00000003917	0	0
ENSNBRG00000003918	0	0
ENSNBRG00000003919	26	37
ENSNBRG00000003920	0	0
ENSNBRG00000003921	0	0
ENSNBRG00000003922	0	0
ENSNBRG00000003923	0	0
ENSNBRG00000003924	0	0
ENSNBRG00000003925	0	0
ENSNBRG00000003926	0	0
ENSNBRG00000003927	0	0
ENSNBRG00000003928	16	21
ENSNBRG00000003929	0	0
ENSNBRG00000003930	0	0
ENSNBRG00000003931	38	41
ENSNBRG00000003932	0	0
ENSNBRG00000003933	0	0
ENSNBRG00000003934	0	0
ENSNBRG00000003935	75	93
ENSNBRG00000003936	0	0
ENSNBRG00000003937	0	0
ENSNBRG00000003938	0	0
ENSNBRG00000003939	0	0
ENSNBRG00000003940	0	0
ENSNBRG00000003941	0	0
ENSNBRG00000003942	0	0
ENSNBRG00000003943	0	0
ENSNBRG00000003944	0	0
ENSNBRG00000003945	0	0
ENSNBRG00000003946	0	0
ENSNBRG00000003947	0	0
ENSNBRG00000003948	0	0
ENSNBRG00000003949	0	0
ENSNBRG00000003950	0	0
ENSNBRG00000003951	34	60
ENSNBRG00000003952	0	0
ENSNBRG00000003953	15	57
ENSNBRG00000003954	0	0
ENSNBRG00000003955	0	0
ENSNBRG00000003956	0	0
ENSNBRG00000003957	0	0
ENSNBRG00000003958	0	0
ENSNBRG00000003959	0	0
ENSNBRG00000003960	0	0
ENSNBRG00000003961	0	0
ENSNBRG00000003962	0	0
ENSNBRG00000003963	67	86
ENSNBRG00000003964	0	0
ENSNBRG00000003965	0	0
ENSNBRG00000003966	0	0
ENSNBRG00000003967	0	0
ENSNBRG00000003968	0	0
ENSNBRG00000003969	0	0
ENSNBRG00000003970	0	0
ENSNBRG00000003971	156	170
ENSNBRG00000003972	0	0
ENSNBRG00000003973	0	0
ENSNBRG00000003974	0	0
ENSNBRG00000003975	0	0
ENSNBRG00000003976	1	27
ENSNBRG00000003977	0	0
ENSNBRG00000003978	0	0
ENSNBRG00000003979	0	0
ENSNBRG00000003980	0	0
ENSNBRG00000003981	0	0
ENSNBRG00000003982	0	0
ENSNBRG00000003983	0	0
ENSNBRG00000003984	0	0
ENSNBRG00000003985	0	0
ENSNBRG00000003986	0	0
ENSNBRG00000003987	0	0
ENSNBRG00000003988	0	0
ENSNBRG00000003989	0	0
ENSNBRG00000003990	0	0
ENSNBRG00000003991	0	0
ENSNBRG00000003992	0	0
ENSNBRG00000003993	33	69
ENSNBRG00000003994	0	0
ENSNBRG00000003995	0	0
ENSNBRG00000003996	0	0
ENSNBRG00000003997	0	0
ENSNBRG00000003998	54	87
ENSNBRG00000003999	0	0
ENSNBRG00000004000	0	0
ENSNBRG00000004001	0	0
ENSNBRG00000004002	0	0
ENSNBRG00000004003	0	0
ENSNBRG00000004004	0	0
ENSNBRG00000004005	0	0
ENSNBRG00000004006	0	0
ENSNBRG00000004007	0	0
ENSNBRG00000004008	0	0
ENSNBRG00000004009	0	0
ENSNBRG00000004010	0	0
ENSNBRG00000004011	0	0
ENSNBRG00000004012	0	0
ENSNBRG00000004013	0	0
ENSNBRG00000004014	0	0
ENSNBRG00000004015	0	0
ENSNBRG00000004016	0	0
ENSNBRG00000004017	0	0
ENSNBRG00000004018	0	0
ENSNBRG00000004019	0	0
ENSNBRG00000004020	0	0
ENSNBRG00000004021	3	13
ENSNBRG00000004022	0	0
ENSNBRG00000004023	0	0
ENSNBRG00000004024	23	47
ENSNBRG00000004025	0	0
ENSNBRG00000004026	0	0
ENSNBRG00000004027	0	0
ENSNBRG00000004028	36	78
ENSNBRG00000004029	0	0
ENSNBRG00000004030	313	321
ENSNBRG00000004031	0	0
ENSNBRG00000004032	0	0
ENSNBRG00000004033	0	0
ENSNBRG00000004034	10	13
ENSNBRG00000004035	0	0
ENSNBRG00000004036	0	0
ENSNBRG00000004037	0	0
ENSNBRG00000004038	0	0
ENSNBRG00000004039	75	95
ENSNBRG00000004040	0	0
ENSNBRG00000004041	7943	7969
ENSNBRG00000004042	0	0
ENSNBRG00000004043	0	0
ENSNBRG00000004044	0	0
ENSNBRG00000004045	0	0
ENSNBRG00000004046	0	0
ENSNBRG00000004047	0	0
ENSNBRG00000004048	0	0
ENSNBRG00000004049	0	0
ENSNBRG00000004050	0	0
ENSNBRG00000004051	0	0
ENSNBRG00000004052	0	0
ENSNBRG00000004053	0	0
ENSNBRG00000004054	0	0
ENSNBRG00000004055	0	0
ENSNBRG00000004056	0	0
ENSNBRG00000004057	0	0
ENSNBRG00000004058	0	0
ENSNBRG00000004059	0	0
ENSNBRG00000004060	0	0
ENSNBRG00000004061	0	0
ENSNBRG00000004062	13	54
ENSNBRG00000004063	0	0
ENSNBRG00000004064	0	0
ENSNBRG00000004065	0	0
ENSNBRG00000004066	0	0
ENSNBRG00000004067	0	0
ENSNBRG00000004068	0	0
ENSNBRG00000004069	0	0
ENSNBRG00000004070	38	41
ENSNBRG00000004071	0	0
ENSNBRG00000004072	1	12
ENSNBRG00000004073	0	0
ENSNBRG00000004074	0	0
ENSNBRG00000004075	0	0
ENSNBRG00000004076	0	0
ENSNBRG00000004077	24	60
ENSNBRG00000004078	0	0
ENSNBRG00000004079	0	0
ENSNBRG00000004080	0	0
ENSNBRG00000004081	0	0
ENSNBRG00000004082	41	44
ENSNBRG00000004083	0	0
ENSNBRG00000004084	0	0
ENSNBRG00000004085	0	0
ENSNBRG00000004086	0	0
ENSNBRG00000004087	0	0
ENSNBRG00000004088	0	0
ENSNBRG00000004089	0	0
ENSNBRG00000004090	0	0
ENSNBRG00000004091	0	0
ENSNBRG00000004092	0	0
ENSNBRG00000004093	0	0
ENSNBRG00000004094	0	0
ENSNBRG00000004095	0	0
ENSNBRG00000004096	0	0
ENSNBRG00000004097	0	0
ENSNBRG00000004098	0	0
ENSNBRG00000004099	0	0
ENSNBRG00000004100	0	0
ENSNBRG00000004101	20	54
ENSNBRG00000004102	0	0
ENSNBRG00000004103	32	39
ENSNBRG00000004104	0	0
ENSNBRG00000004105	0	0
ENSNBRG00000004106	0	0
ENSNBRG00000004107	0	0
ENSNBRG00000004108	0	0
ENSNBRG00000004109	0	0
ENSNBRG00000004110	0	0
ENSNBRG00000004111	0	0
ENSNBRG00000004112	0	0
ENSNBRG00000004113	0	0
ENSNBRG00000004114	0	0
ENSNBRG00000004115	0	0
ENSNBRG00000004116	0	0
ENSNBRG00000004117	0	0
ENSNBRG00000004118	0	0
ENSNBRG00000004119	0	0
ENSNBRG00000004120	0	0
ENSNBRG00000004121	0	0
ENSNBRG00000004122	0	0
ENSNBRG00000004123	30	59
ENSNBRG00000004124	0	0
ENSNBRG00000004125	0	0
ENSNBRG00000004126	0	0
ENSNBRG00000004127	38	68
ENSNBRG00000004128	0	0
ENSNBRG00000004129	0	0
ENSNBRG00000004130	0	0
ENSNBRG00000004131	0	0
ENSNBRG00000004132	31	58
ENSNBRG00000004133	0	0
ENSNBRG00000004134	22	35
ENSNBRG00000004135	0	0
ENSNBRG00000004136	0	0
ENSNBRG00000004137	0	0
ENSNBRG00000004138	0	0
ENSNBRG00000004139	0	0
ENSNBRG00000004140	201	230
ENSNBRG00000004141	0	0
ENSNBRG00000004142	0	0
ENSNBRG00000004143	0	0
ENSNBRG00000004144	0	0
ENSNBRG00000004145	0	0
ENSNBRG00000004146	0	0
ENSNBRG00000004147	0	0
ENSNBRG00000004148	0	0
ENSNBRG00000004149	12	45
ENSNBRG00000004150	0	0
ENSNBRG00000004151	0	0
ENSNBRG00000004152	0	0
ENSNBRG00000004153	0	0
ENSNBRG00000004154	0	0
ENSNBRG00000004155	0	0
ENSNBRG00000004156	0	0
ENSNBRG00000004157	0	0
ENSNBRG00000004158	0	0
ENSNBRG00000004159	0	0
ENSNBRG00000004160	0	0
ENSNBRG00000004161	0	0
ENSNBRG00000004162	0	0
ENSNBRG00000004163	0	0
ENSNBRG00000004164	0	0
ENSNBRG00000004165	0	0
ENSNBRG00000004166	24	66
ENSNBRG00000004167	0	0
ENSNBRG00000004168	0	0
ENSNBRG00000004169	0	0
ENSNBRG00000004170	0	0
ENSNBRG00000004171	0	0
ENSNBRG00000004172	549	556
ENSNBRG00000004173	0	0
ENSNBRG00000004174	0	0
ENSNBRG00000004175	0	0
ENSNBRG00000004176	0	0
ENSNBRG00000004177	0	0
ENSNBRG00000004178	79	112
ENSNBRG00000004179	0	0
ENSNBRG00000004180	0	0
ENSNBRG00000004181	0	0
ENSNBRG00000004182	0	0
ENSNBRG00000004183	0	0
ENSNBRG00000004184	18	51
ENSNBRG00000004185	0	0
ENSNBRG00000004186	0	0
ENSNBRG00000004187	0	0
ENSNBRG00000004188	0	0
ENSNBRG00000004189	0	0
ENSNBRG00000004190	0	0
ENSNBRG00000004191	0	0
ENSNBRG00000004192	0	0
ENSNBRG00000004193	0	0
ENSNBRG00000004194	0	0
ENSNBRG00000004195	0	0
ENSNBRG00000004196	0	0
ENSNBRG00000004197	0	0
ENSNBRG00000004198	0	0
ENSNBRG00000004199	0	0
ENSNBRG00000004200	0	0
ENSNBRG00000004201	0	0
ENSNBRG00000004202	0	0
ENSNBRG00000004203	0	0
ENSNBRG00000004204	0	0
ENSNBRG00000004205	0	0
ENSNBRG00000004206	0	0
ENSNBRG00000004207	0	0
ENSNBRG00000004208	0	0
ENSNBRG00000004209	0	0
ENSNBRG00000004210	0	0
ENSNBRG00000004211	0	0
ENSNBRG00000004212	0	0
ENSNBRG00000004213	0	0
ENSNBRG00000004214	32	74
ENSNBRG00000004215	0	0
ENSNBRG00000004216	0	0
ENSNBRG00000004217	0	0
ENSNBRG00000004218	0	0
ENSNBRG00000004219	0	0
ENSNBRG00000004220	0	0
ENSNBRG00000004221	0	0
ENSNBRG00000004222	0	0
ENSNBRG00000004223	0	0
ENSNBRG00000004224	0	0
ENSNBRG00000004225	0	0
ENSNBRG00000004226	0	0
ENSNBRG00000004227	0	0
ENSNBRG00000004228	0	0
ENSNBRG00000004229	0	0
ENSNBRG00000004230	27	50
ENSNBRG00000004231	0	0
ENSNBRG00000004232	5	15
ENSNBRG00000004233	0	0
ENSNBRG00000004234	0	0
ENSNBRG00000004235	0	0
ENSNBRG00000004236	0	0
ENSNBRG00000004237	0	0
ENSNBRG00000004238	0	0
ENSNBRG00000004239	0	0
ENSNBRG00000004240	0	0
ENSNBRG00000004241	0	0
ENSNBRG00000004242	0	0
ENSNBRG00000004243	0	0
ENSNBRG00000004244	39	73
ENSNBRG00000004245	0	0
ENSNBRG00000004246	0	0
ENSNBRG00000004247	0	0
ENSNBRG00000004248	153	184
ENSNBRG00000004249	0	0
ENSNBRG00000004250	0	0
ENSNBRG00000004251	0	0
ENSNBRG00000004252	0	0
ENSNBRG00000004253	0	0
ENSNBRG00000004254	0	0
ENSNBRG00000004255	0	0
ENSNBRG00000004256	0	0
ENSNBRG00000004257	0	0
ENSNBRG00000004258	0	0
ENSNBRG00000004259	0	0
ENSNBRG00000004260	0	0
ENSNBRG00000004261	0	0
ENSNBRG00000004262	0	0
ENSNBRG00000004263	53	83
ENSNBRG00000004264	0	0
ENSNBRG00000004265	0	0
ENSNBRG00000004266	0	0
ENSNBRG00000004267	0	0
ENSNBRG00000004268	0	0
ENSNBRG00000004269	0	0
ENSNBRG00000004270	0	0
ENSNBRG00000004271	0	0
ENSNBRG00000004272	211	217
ENSNBRG00000004273	0	0
ENSNBRG00000004274	0	0
ENSNBRG00000004275	0	0
ENSNBRG00000004276	0	0
ENSNBRG00000004277	0	0
ENSNBRG00000004278	0	0
ENSNBRG00000004279	0	0
ENSNBRG00000004280	0	0
ENSNBRG00000004281	0	0
ENSNBRG00000004282	0	0
ENSNBRG00000004283	0	0
ENSNBRG00000004284	0	0
ENSNBRG00000004285	0	0
ENSNBRG00000004286	0	0
ENSNBRG00000004287	0	0
ENSNBRG00000004288	0	0
ENSNBRG00000004289	0	0
ENSNBRG00000004290	0	0
ENSNBRG00000004291	0	0
ENSNBRG00000004292	0	0
ENSNBRG00000004293	0	0
ENSNBRG00000004294	7	32
ENSNBRG00000004295	0	0
ENSNBRG00000004296	0	0
ENSNBRG00000004297	0	0
ENSNBRG00000004298	0	0
ENSNBRG00000004299	0	0
ENSNBRG00000004300	0	0
ENSNBRG00000004301	0	0
ENSNBRG00000004302	0	0
ENSNBRG00000004303	0	0
ENSNBRG00000004304	50	67
ENSNBRG00000004305	26	53
ENSNBRG00000004306	0	0
ENSNBRG00000004307	0	0
ENSNBRG00000004308	0	0
ENSNBRG00000004309	0	0
ENSNBRG00000004310	0	0
ENSNBRG00000004311	0	0
ENSNBRG00000004312	0	0
ENSNBRG00000004313	0	0
ENSNBRG00000004314	227	268
ENSNBRG00000004315	0	0
ENSNBRG00000004316	0	0
ENSNBRG00000004317	0	0
ENSNBRG00000004318	0	0
ENSNBRG00000004319	0	0
ENSNBRG00000004320	0	0
ENSNBRG00000004321	0	0
ENSNBRG00000004322	0	0
ENSNBRG00000004323	72	101
ENSNBRG00000004324	0	0
ENSNBRG00000004325	0	0
ENSNBRG00000004326	0	0
ENSNBRG00000004327	0	0
ENSNBRG00000004328	0	0
ENSNBRG00000004329	216	246
ENSNBRG00000004330	0	0
ENSNBRG00000004331	0	0
ENSNBRG00000004332	0	0
ENSNBRG00000004333	0	0
ENSNBRG00000004334	0	0
ENSNBRG00000004335	0	0
ENSNBRG00000004336	0	0
ENSNBRG00000004337	0	0
ENSNBRG00000004338	0	0
ENSNBRG00000004339	0	0
ENSNBRG00000004340	1324	1325
ENSNBRG00000004341	0	0
ENSNBRG00000004342	0	0
ENSNBRG00000004343	42	71
ENSNBRG00000004344	0	0
ENSNBRG00000004345	20	53
ENSNBRG00000004346	0	0
ENSNBRG00000004347	31	33
ENSNBRG00000004348	15	51
ENSNBRG00000004349	0	0
ENSNBRG00000004350	0	0
ENSNBRG00000004351	0	0
ENSNBRG00000004352	0	0
ENSNBRG00000004353	203	239
ENSNBRG00000004354	0	0
ENSNBRG00000004355	0	0
ENSNBRG00000004356	0	0
ENSNBRG00000004357	0	0
ENSNBRG00000004358	0	0
ENSNBRG00000004359	0	0
ENSNBRG00000004360	0	0
ENSNBRG00000004361	0	0
ENSNBRG00000004362	0	0
ENSNBRG00000004363	0	0
ENSNBRG00000004364	0	0
ENSNBRG00000004365	0	0
ENSNBRG00000004366	0	0
ENSNBRG00000004367	0	0
ENSNBRG00000004368	0	0
ENSNBRG00000004369	0	0
ENSNBRG00000004370	0	0
ENSNBRG00000004371	0	0
ENSNBRG00000004372	0	0
ENSNBRG00000004373	0	0
ENSNBRG00000004374	0	0
ENSNBRG00000004375	0	0
ENSNBRG00000004376	40	80
ENSNBRG00000004377	0	0
ENSNBRG00000004378	0	0
ENSNBRG00000004379	103	138
ENSNBRG00000004380	0	0
ENSNBRG00000004381	153	180
ENSNBRG00000004382	0	0
ENSNBRG00000004383	0	0
ENSNBRG00000004384	0	0
ENSNBRG00000004385	0	0
ENSNBRG00000004386	0	0
ENSNBRG00000004387	0	0
ENSNBRG00000004388	0	0
ENSNBRG00000004389	0	0
ENSNBRG00000004390	0	0
ENSNBRG00000004391	77	88
ENSNBRG00000004392	0	0
ENSNBRG00000004393	0	0
ENSNBRG00000004394	0	0
ENSNBRG00000004395	0	0
ENSNBRG00000004396	0	0
ENSNBRG00000004397	35	62
ENSNBRG00000004398	45	78
ENSNBRG00000004399	0	0
ENSNBRG00000004400	0	0
ENSNBRG00000004401	0	0
ENSNBRG00000004402	0	0
ENSNBRG00000004403	7	34
ENSNBRG00000004404	0	0
ENSNBRG00000004405	0	0
ENSNBRG00000004406	0	0
ENSNBRG00000004407	1	8
ENSNBRG00000004408	0	0
ENSNBRG00000004409	0	0
ENSNBRG00000004410	0	0
ENSNBRG00000004411	0	0
ENSNBRG00000004412	0	0
ENSNBRG00000004413	28	47
ENSNBRG00000004414	0	0
ENSNBRG00000004415	0	0
ENSNBRG00000004416	0	0
ENSNBRG00000004417	0	0
ENSNBRG00000004418	0	0
ENSNBRG00000004419	0	0
ENSNBRG00000004420	0	0
ENSNBRG00000004421	0	0
ENSNBRG00000004422	0	0
ENSNBRG00000004423	0	0
ENSNBRG00000004424	0	0
ENSNBRG00000004425	0	0
ENSNBRG00000004426	0	0
ENSNBRG00000004427	0	0
ENSNBRG00000004428	0	0
ENSNBRG00000004429	0	0
ENSNBRG00000004430	0	0
ENSNBRG00000004431	0	0
ENSNBRG00000004432	490	530
ENSNBRG00000004433	0	0
ENSNBRG00000004434	0	0
ENSNBRG00000004435	0	0
ENSNBRG00000004436	27	33
ENSNBRG00000004437	0	0
ENSNBRG00000004438	0	0
ENSNBRG00000004439	0	0
ENSNBRG00000004440	0	0
ENSNBRG00000004441	0	0
ENSNBRG00000004442	0	0
ENSNBRG00000004443	0	0
ENSNBRG00000004444	0	0
ENSNBRG00000004445	0	0
ENSNBRG00000004446	0	0
ENSNBRG00000004447	0	0
ENSNBRG00000004448	0	0
ENSNBRG00000004449	0	0
ENSNBRG00000004450	0	0
ENSNBRG00000004451	0	0
ENSNBRG00000004452	0	0
ENSNBRG00000004453	0	0
ENSNBRG00000004454	0	0
ENSNBRG00000004455	0	0
ENSNBRG00000004456	0	0
ENSNBRG00000004457	0	0
ENSNBRG00000004458	0	0
ENSNBRG00000004459	0	0
ENSNBRG00000004460	0	0
ENSNBRG00000004461	36	40
ENSNBRG00000004462	0	0
ENSNBRG00000004463	0	0
ENSNBRG00000004464	44	60
ENSNBRG00000004465	0	0
ENSNBRG00000004466	0	0
ENSNBRG00000004467	0	0
ENSNBRG00000004468	0	0
ENSNBRG00000004469	0	0
ENSNBRG00000004470	0	0
ENSNBRG00000004471	0	0
ENSNBRG00000004472	1	8
ENSNBRG00000004473	221	224
ENSNBRG00000004474	39	74
ENSNBRG00000004475	0	0
ENSNBRG00000004476	0	0
ENSNBRG00000004477	0	0
ENSNBRG00000004478	0	0
ENSNBRG00000004479	0	0
ENSNBRG00000004480	0	0
ENSNBRG00000004481	0	0
ENSNBRG00000004482	0	0
ENSNBRG00000004483	0	0
ENSNBRG00000004484	0	0
ENSNBRG00000004485	0	0
ENSNBRG00000004486	0	0
ENSNBRG00000004487	0	0
ENSNBRG00000004488	0	0
ENSNBRG00000004489	0	0
ENSNBRG00000004490	0	0
ENSNBRG00000004491	0	0
ENSNBRG00000004492	13	53
ENSNBRG00000004493	26	48
ENSNBRG00000004494	0	0
ENSNBRG00000004495	0	0
ENSNBRG00000004496	0	0
ENSNBRG00000004497	0	0
ENSNBRG00000004498	0	0
ENSNBRG00000004499	0	0
ENSNBRG00000004500	0	0
ENSNBRG00000004501	0	0
ENSNBRG00000004502	17	32
ENSNBRG00000004503	0	0
ENSNBRG00000004504	0	0
ENSNBRG00000004505	0	0
ENSNBRG00000004506	0	0
ENSNBRG00000004507	0	0
ENSNBRG00000004508	0	0
ENSNBRG00000004509	0	0
ENSNBRG00000004510	0	0
ENSNBRG00000004511	0	0
ENSNBRG00000004512	0	0
ENSNBRG00000004513	0	0
ENSNBRG00000004514	0	0
ENSNBRG00000004515	0	0
ENSNBRG00000004516	0	0
ENSNBRG00000004517	0	0
ENSNBRG00000004518	0	0
ENSNBRG00000004519	0	0
ENSNBRG00000004520	0	0
ENSNBRG00000004521	0	0
ENSNBRG00000004522	0	0
ENSNBRG00000004523	0	0
ENSNBRG00000004524	0	0
ENSNBRG00000004525	0	0
ENSNBRG00000004526	0	0
ENSNBRG00000004527	0	0
ENSNBRG00000004528	0	0
ENSNBRG00000004529	0	0
ENSNBRG00000004530	0	0
ENSNBRG00000004531	0	0
ENSNBRG00000004532	0	0
ENSNBRG00000004533	0	0
ENSNBRG00000004534	0	0
ENSNBRG00000004535	0	0
ENSNBRG00000004536	0	0
ENSNBRG00000004537	0	0
ENSNBRG00000004538	0	0
ENSNBRG00000004539	0	0
ENSNBRG00000004540	0	0
ENSNBRG00000004541	0	0
ENSNBRG00000004542	0	0
ENSNBRG00000004543	0	0
ENSNBRG00000004544	0	0
ENSNBRG00000004545	16	24
ENSNBRG00000004546	0	0
ENSNBRG00000004547	0	0
ENSNBRG00000004548	0	0
ENSNBRG00000004549	0	0
ENSNBRG00000004550	0	0
ENSNBRG00000004551	0	0
ENSNBRG00000004552	0	0
ENSNBRG00000004553	0	0
ENSNBRG00000004554	0	0
ENSNBRG00000004555	0	0
ENSNBRG00000004556	0	0
ENSNBRG00000004557	0	0
ENSNBRG00000004558	0	0
ENSNBRG00000004559	26	44
ENSNBRG00000004560	0	0
ENSNBRG00000004561	0	0
ENSNBRG00000004562	0	0
ENSNBRG00000004563	93	130
ENSNBRG00000004564	0	0
ENSNBRG00000004565	0	0
ENSNBRG00000004566	0	0
ENSNBRG00000004567	0	0
ENSNBRG00000004568	0	0
ENSNBRG00000004569	0	0
ENSNBRG00000004570	30	33
ENSNBRG00000004571	0	0
ENSNBRG00000004572	0	0
ENSNBRG00000004573	38	46
ENSNBRG00000004574	0	0
ENSNBRG00000004575	0	0
ENSNBRG00000004576	0	0
ENSNBRG00000004577	0	0
ENSNBRG00000004578	0	0
ENSNBRG00000004579	0	0
ENSNBRG00000004580	0	0
ENSNBRG00000004581	0	0
ENSNBRG00000004582	30	52
ENSNBRG00000004583	0	0
ENSNBRG00000004584	0	0
ENSNBRG00000004585	0	0
ENSNBRG00000004586	0	0
ENSNBRG00000004587	0	0
ENSNBRG00000004588	0	0
ENSNBRG00000004589	0	0
ENSNBRG00000004590	0	0
ENSNBRG00000004591	305	348
ENSNBRG00000004592	0	0
ENSNBRG00000004593	0	0
ENSNBRG00000004594	0	0
ENSNBRG00000004595	0	0
ENSNBRG00000004596	0	0
ENSNBRG00000004597	0	0
ENSNBRG00000004598	0	0
ENSNBRG00000004599	0	0
ENSNBRG00000004600	0	0
ENSNBRG00000004601	49	80
ENSNBRG00000004602	190	225
ENSNBRG00000004603	0	0
ENSNBRG00000004604	0	0
ENSNBRG00000004605	0	0
ENSNBRG00000004606	0	0
ENSNBRG00000004607	25	56
ENSNBRG00000004608	0	0
ENSNBRG00000004609	0	0
ENSNBRG00000004610	0	0
ENSNBRG00000004611	32	55
ENSNBRG00000004612	0	0
ENSNBRG00000004613	0	0
ENSNBRG00000004614	0	0
ENSNBRG00000004615	0	0
ENSNBRG00000004616	0	0
ENSNBRG00000004617	0	0
ENSNBRG00000004618	11	47
ENSNBRG00000004619	0	0
ENSNBRG00000004620	0	0
ENSNBRG00000004621	0	0
ENSNBRG00000004622	0	0
ENSNBRG00000004623	0	0
ENSNBRG00000004624	0	0
ENSNBRG00000004625	0	0
ENSNBRG00000004626	0	0
ENSNBRG00000004627	0	0
ENSNBRG00000004628	0	0
ENSNBRG00000004629	75	115
ENSNBRG00000004630	31	50
ENSNBRG00000004631	0	0
ENSNBRG00000004632	0	0
ENSNBRG00000004633	0	0
ENSNBRG00000004634	0	0
ENSNBRG00000004635	0	0
ENSNBRG00000004636	0	0
ENSNBRG00000004637	0	0
ENSNBRG00000004638	0	0
ENSNBRG00000004639	145	160
ENSNBRG00000004640	0	0
ENSNBRG00000004641	0	0
ENSNBRG00000004642	0	0
ENSNBRG00000004643	0	0
ENSNBRG00000004644	0	0
ENSNBRG00000004645	0	0
ENSNBRG00000004646	0	0
ENSNBRG00000004647	0	0
ENSNBRG00000004648	0	0
ENSNBRG00000004649	0	0
ENSNBRG00000004650	0	0
ENSNBRG00000004651	0	0
ENSNBRG00000004652	0	0
ENSNBRG00000004653	0	0
ENSNBRG00000004654	0	0
ENSNBRG00000004655	1	39
ENSNBRG00000004656	0	0
ENSNBRG00000004657	0	0
ENSNBRG00000004658	0	0
ENSNBRG00000004659	0	0
ENSNBRG00000004660	0	0
ENSNBRG00000004661	0	0
ENSNBRG00000004662	0	0
ENSNBRG00000004663	0	0
ENSNBRG00000004664	0	0
ENSNBRG00000004665	0	0
ENSNBRG00000004666	0	0
ENSNBRG00000004667	0	0
ENSNBRG00000004668	223	262
ENSNBRG00000004669	0	0
ENSNBRG00000004670	0	0
ENSNBRG00000004671	0	0
ENSNBRG00000004672	0	0
ENSNBRG00000004673	0	0
ENSNBRG00000004674	0	0
ENSNBRG00000004675	0	0
ENSNBRG00000004676	0	0
ENSNBRG00000004677	0	0
ENSNBRG00000004678	0	0
ENSNBRG00000004679	0	0
ENSNBRG00000004680	0	0
ENSNBRG00000004681	0	0
ENSNBRG00000004682	0	0
ENSNBRG00000004683	0	0
ENSNBRG00000004684	8	14
ENSNBRG00000004685	0	0
ENSNBRG00000004686	0	0
ENSNBRG00000004687	105	109
ENSNBRG00000004688	0	0
ENSNBRG00000004689	0	0
ENSNBRG00000004690	0	0
ENSNBRG00000004691	0	0
ENSNBRG00000004692	49	72
ENSNBRG00000004693	0	0
ENSNBRG00000004694	0	0
ENSNBRG00000004695	0	0
ENSNBRG00000004696	27	34
ENSNBRG00000004697	0	0
ENSNBRG00000004698	0	0
ENSNBRG00000004699	0	0
ENSNBRG00000004700	0	0
ENSNBRG00000004701	0	0
ENSNBRG00000004702	0	0
ENSNBRG00000004703	0	0
ENSNBRG00000004704	0	0
ENSNBRG00000004705	0	0
ENSNBRG00000004706	0	0
ENSNBRG00000004707	37	68
ENSNBRG00000004708	2	28
ENSNBRG00000004709	0	0
ENSNBRG00000004710	0	0
ENSNBRG00000004711	0	0
ENSNBRG00000004712	0	0
ENSNBRG00000004713	0	0
ENSNBRG00000004714	0	0
ENSNBRG00000004715	0	0
ENSNBRG00000004716	0	0
ENSNBRG00000004717	0	0
ENSNBRG00000004718	23	34
ENSNBRG00000004719	0	0
ENSNBRG00000004720	0	0
ENSNBRG00000004721	0	0
ENSNBRG00000004722	0	0
ENSNBRG00000004723	0	0
ENSNBRG00000004724	0	0
ENSNBRG00000004725	0	0
ENSNBRG00000004726	0	0
ENSNBRG00000004727	37	59
ENSNBRG00000004728	0	0
ENSNBRG00000004729	0	0
ENSNBRG00000004730	0	0
ENSNBRG00000004731	0	0
ENSNBRG00000004732	0	0
ENSNBRG00000004733	0	0
ENSNBRG00000004734	0	0
ENSNBRG00000004735	0	0
ENSNBRG00000004736	0	0
ENSNBRG00000004737	38	68
ENSNBRG00000004738	160	195
ENSNBRG00000004739	0	0
ENSNBRG00000004740	31	52
ENSNBRG00000004741	0	0
ENSNBRG00000004742	0	0
ENSNBRG00000004743	0	0
ENSNBRG00000004744	0	0
ENSNBRG00000004745	0	0
ENSNBRG00000004746	0	0
ENSNBRG00000004747	0	0
ENSNBRG00000004748	0	0
ENSNBRG00000004749	0	0
ENSNBRG00000004750	0	0
ENSNBRG00000004751	0	0
ENSNBRG00000004752	0	0
ENSNBRG00000004753	0	0
ENSNBRG00000004754	0	0
ENSNBRG00000004755	0	0
ENSNBRG00000004756	0	0
ENSNBRG00000004757	0	0
ENSNBRG00000004758	0	0
ENSNBRG00000004759	0	0
ENSNBRG00000004760	1	36
ENSNBRG00000004761	0	0
ENSNBRG00000004762	0	0
ENSNBRG00000004763	0	0
ENSNBRG00000004764	24	61
ENSNBRG00000004765	0	0
ENSNBRG00000004766	33	53
ENSNBRG00000004767	0	0
ENSNBRG00000004768	0	0
ENSNBRG00000004769	0	0
ENSNBRG00000004770	539	579
ENSNBRG00000004771	0	0
ENSNBRG00000004772	0	0
ENSNBRG00000004773	1	13
ENSNBRG00000004774	0	0
ENSNBRG00000004775	0	0
ENSNBRG00000004776	0	0
ENSNBRG00000004777	0	0
ENSNBRG00000004778	0	0
ENSNBRG00000004779	0	0
ENSNBRG00000004780	0	0
ENSNBRG00000004781	0	0
ENSNBRG00000004782	0	0
ENSNBRG00000004783	0	0
ENSNBRG00000004784	0	0
ENSNBRG00000004785	34	37
ENSNBRG00000004786	0	0
ENSNBRG00000004787	0	0
ENSNBRG00000004788	0	0
ENSNBRG00000004789	0	0
ENSNBRG00000004790	0	0
ENSNBRG00000004791	0	0
ENSNBRG00000004792	0	0
ENSNBRG00000004793	0	0
ENSNBRG00000004794	0	0
ENSNBRG00000004795	0	0
ENSNBRG00000004796	0	0
ENSNBRG00000004797	29	31
ENSNBRG00000004798	170	191
ENSNBRG00000004799	31	45
ENSNBRG00000004800	0	0
ENSNBRG00000004801	0	0
ENSNBRG00000004802	0	0
ENSNBRG00000004803	0	0
ENSNBRG00000004804	0	0
ENSNBRG00000004805	0	0
ENSNBRG00000004806	0	0
ENSNBRG00000004807	201	222
ENSNBRG00000004808	0	0
ENSNBRG00000004809	0	0
ENSNBRG00000004810	0	0
ENSNBRG00000004811	0	0
ENSNBRG00000004812	0	0
ENSNBRG00000004813	0	0
ENSNBRG00000004814	0	0
ENSNBRG00000004815	0	0
ENSNBRG00000004816	0	0
ENSNBRG00000004817	0	0
ENSNBRG00000004818	0	0
ENSNBRG00000004819	0	0
ENSNBRG00000004820	0	0
ENSNBRG00000004821	0	0
ENSNBRG00000004822	0	0
ENSNBRG00000004823	0	0
ENSNBRG00000004824	0	0
ENSNBRG00000004825	0	0
ENSNBRG00000004826	0	0
ENSNBRG00000004827	0	0
ENSNBRG00000004828	0	0
ENSNBRG00000004829	0	0
ENSNBRG00000004830	0	0
ENSNBRG00000004831	0	0
ENSNBRG00000004832	0	0
ENSNBRG00000004833	0	0
ENSNBRG00000004834	1	38
ENSNBRG00000004835	31	73
ENSNBRG00000004836	0	0
ENSNBRG00000004837	0	0
ENSNBRG00000004838	0	0
ENSNBRG00000004839	0	0
ENSNBRG00000004840	0	0
ENSNBRG00000004841	0	0
ENSNBRG00000004842	0	0
ENSNBRG00000004843	0	0
ENSNBRG00000004844	0	0
ENSNBRG00000004845	0	0
ENSNBRG00000004846	0	0
ENSNBRG00000004847	0	0
ENSNBRG00000004848	0	0
ENSNBRG00000004849	0	0
ENSNBRG00000004850	0	0
ENSNBRG00000004851	22	35
ENSNBRG00000004852	0	0
ENSNBRG00000004853	0	0
ENSNBRG00000004854	0	0
ENSNBRG00000004855	0	0
ENSNBRG00000004856	0	0
ENSNBRG00000004857	0	0
ENSNBRG00000004858	0	0
ENSNBRG00000004859	0	0
ENSNBRG00000004860	0	0
ENSNBRG00000004861	0	0
ENSNBRG00000004862	0	0
ENSNBRG00000004863	0	0
ENSNBRG00000004864	0	0
ENSNBRG00000004865	0	0
ENSNBRG00000004866	0	0
ENSNBRG00000004867	1	36
ENSNBRG00000004868	0	0
ENSNBRG00000004869	0	0
ENSNBRG00000004870	13	49
ENSNBRG00000004871	0	0
ENSNBRG00000004872	0	0
ENSNBRG00000004873	0	0
ENSNBRG00000004874	0	0
ENSNBRG00000004875	0	0
ENSNBRG00000004876	0	0
ENSNBRG00000004877	0	0
ENSNBRG00000004878	0	0
ENSNBRG00000004879	0	0
ENSNBRG00000004880	0	0
ENSNBRG00000004881	0	0
ENSNBRG00000004882	0	0
ENSNBRG00000004883	0	0
ENSNBRG00000004884	0	0
ENSNBRG00000004885	0	0
ENSNBRG00000004886	0	0
ENSNBRG00000004887	0	0
ENSNBRG00000004888	0	0
ENSNBRG00000004889	0	0
ENSNBRG00000004890	0	0
ENSNBRG00000004891	0	0
ENSNBRG00000004892	0	0
ENSNBRG00000004893	18	24
ENSNBRG00000004894	45	75
ENSNBRG00000004895	0	0
ENSNBRG00000004896	0	0
ENSNBRG00000004897	0	0
ENSNBRG00000004898	0	0
ENSNBRG00000004899	0	0
ENSNBRG00000004900	0	0
ENSNBRG00000004901	0	0
ENSNBRG00000004902	0	0
ENSNBRG00000004903	0	0
ENSNBRG00000004904	0	0
ENSNBRG00000004905	0	0
ENSNBRG00000004906	0	0
ENSNBRG00000004907	35	62
ENSNBRG00000004908	0	0
ENSNBRG00000004909	0	0
ENSNBRG00000004910	0	0
ENSNBRG00000004911	0	0
ENSNBRG00000004912	0	0
ENSNBRG00000004913	0	0
ENSNBRG00000004914	0	0
ENSNBRG00000004915	0	0
ENSNBRG00000004916	0	0
ENSNBRG00000004917	203	235
ENSNBRG00000004918	0	0
ENSNBRG00000004919	0	0
ENSNBRG00000004920	0	0
ENSNBRG00000004921	0	0
ENSNBRG00000004922	0	0
ENSNBRG00000004923	432	472
ENSNBRG00000004924	0	0
ENSNBRG00000004925	0	0
ENSNBRG00000004926	0	0
ENSNBRG00000004927	0	0
ENSNBRG00000004928	0	0
ENSNBRG00000004929	0	0
ENSNBRG00000004930	1	15
ENSNBRG00000004931	0	0
ENSNBRG00000004932	0	0
ENSNBRG00000004933	0	0
ENSNBRG00000004934	0	0
ENSNBRG00000004935	0	0
ENSNBRG00000004936	0	0
ENSNBRG00000004937	0	0
ENSNBRG00000004938	0	0
ENSNBRG00000004939	115	129
ENSNBRG00000004940	1	23
ENSNBRG00000004941	0	0
ENSNBRG00000004942	0	0
ENSNBRG00000004943	20	32
ENSNBRG00000004944	0	0
ENSNBRG00000004945	0	0
ENSNBRG00000004946	0	0
ENSNBRG00000004947	0	0
ENSNBRG00000004948	0	0
ENSNBRG00000004949	0	0
ENSNBRG00000004950	70	103
ENSNBRG00000004951	0	0
ENSNBRG00000004952	0	0
ENSNBRG00000004953	0	0
ENSNBRG00000004954	0	0
ENSNBRG00000004955	0	0
ENSNBRG00000004956	0	0
ENSNBRG00000004957	0	0
ENSNBRG00000004958	0	0
ENSNBRG00000004959	0	0
ENSNBRG00000004960	0	0
ENSNBRG00000004961	0	0
ENSNBRG00000004962	0	0
ENSNBRG00000004963	0	0
ENSNBRG00000004964	0	0
ENSNBRG00000004965	0	0
ENSNBRG00000004966	0	0
ENSNBRG00000004967	0	0
ENSNBRG00000004968	0	0
ENSNBRG00000004969	0	0
ENSNBRG00000004970	0	0
ENSNBRG00000004971	0	0
ENSNBRG00000004972	0	0
ENSNBRG00000004973	13	15
ENSNBRG00000004974	0	0
ENSNBRG00000004975	0	0
ENSNBRG00000004976	0	0
ENSNBRG00000004977	0	0
ENSNBRG00000004978	47	64
ENSNBRG00000004979	0	0
ENSNBRG00000004980	0	0
ENSNBRG00000004981	0	0
ENSNBRG00000004982	0	0
ENSNBRG00000004983	0	0
ENSNBRG00000004984	0	0
ENSNBRG00000004985	0	0
ENSNBRG00000004986	0	0
ENSNBRG00000004987	0	0
ENSNBRG00000004988	0	0
ENSNBRG00000004989	33	66
ENSNBRG00000004990	0	0
ENSNBRG00000004991	0	0
ENSNBRG00000004992	0	0
ENSNBRG00000004993	0	0
ENSNBRG00000004994	0	0
ENSNBRG00000004995	0	0
ENSNBRG00000004996	0	0
ENSNBRG00000004997	0	0
ENSNBRG00000004998	0	0
ENSNBRG00000004999	24	43
ENSNBRG00000005000	0	0
ENSNBRG00000005001	0	0
ENSNBRG00000005002	0	0
ENSNBRG00000005003	0	0
ENSNBRG00000005004	0	0
ENSNBRG00000005005	0	0
ENSNBRG00000005006	116	118
ENSNBRG00000005007	0	0
ENSNBRG00000005008	34	66
ENSNBRG00000005009	0	0
ENSNBRG00000005010	38	43
ENSNBRG00000005011	7	30
ENSNBRG00000005012	0	0
ENSNBRG00000005013	0	0
ENSNBRG00000005014	0	0
ENSNBRG00000005015	0	0
ENSNBRG00000005016	0	0
ENSNBRG00000005017	0	0
ENSNBRG00000005018	0	0
ENSNBRG00000005019	3	6
ENSNBRG00000005020	0	0
ENSNBRG00000005021	577	587
ENSNBRG00000005022	0	0
ENSNBRG00000005023	0	0
ENSNBRG00000005024	0	0
ENSNBRG00000005025	0	0
ENSNBRG00000005026	0	0
ENSNBRG00000005027	0	0
ENSNBRG00000005028	0	0
ENSNBRG00000005029	0	0
ENSNBRG00000005030	0	0
ENSNBRG00000005031	15	35
ENSNBRG00000005032	30	39
ENSNBRG00000005033	0	0
ENSNBRG00000005034	0	0
ENSNBRG00000005035	0	0
ENSNBRG00000005036	0	0
ENSNBRG00000005037	0	0
ENSNBRG00000005038	31	69
ENSNBRG00000005039	0	0
ENSNBRG00000005040	0	0
ENSNBRG00000005041	0	0
ENSNBRG00000005042	0	0
ENSNBRG00000005043	0	0
ENSNBRG00000005044	0	0
ENSNBRG00000005045	0	0
ENSNBRG00000005046	0	0
ENSNBRG00000005047	0	0
ENSNBRG00000005048	0	0
ENSNBRG00000005049	0	0
ENSNBRG00000005050	0	0
ENSNBRG00000005051	0	0
ENSNBRG00000005052	0	0
ENSNBRG00000005053	29	68
ENSNBRG00000005054	0	0
ENSNBRG00000005055	0	0
ENSNBRG00000005056	0	0
ENSNBRG00000005057	0	0
ENSNBRG00000005058	0	0
ENSNBRG00000005059	120	145
ENSNBRG00000005060	0	0
ENSNBRG00000005061	0	0
ENSNBRG00000005062	0	0
ENSNBRG00000005063	0	0
ENSNBRG00000005064	0	0
ENSNBRG00000005065	119	136
ENSNBRG00000005066	0	0
ENSNBRG00000005067	0	0
ENSNBRG00000005068	0	0
ENSNBRG00000005069	0	0
ENSNBRG00000005070	0	0
ENSNBRG00000005071	0	0
ENSNBRG00000005072	0	0
ENSNBRG00000005073	0	0
ENSNBRG00000005074	0	0
ENSNBRG00000005075	0	0
ENSNBRG00000005076	0	0
ENSNBRG00000005077	0	0
ENSNBRG00000005078	0	0
ENSNBRG00000005079	0	0
ENSNBRG00000005080	0	0
ENSNBRG00000005081	0	0
ENSNBRG00000005082	0	0
ENSNBRG00000005083	0	0
ENSNBRG00000005084	32	34
ENSNBRG00000005085	0	0
ENSNBRG00000005086	0	0
ENSNBRG00000005087	43	71
ENSNBRG00000005088	49	51
ENSNBRG00000005089	0	0
ENSNBRG00000005090	0	0
ENSNBRG00000005091	0	0
ENSNBRG00000005092	0	0
ENSNBRG00000005093	0	0
ENSNBRG00000005094	0	0
ENSNBRG00000005095	0	0
ENSNBRG00000005096	0	0
ENSNBRG00000005097	0	0
ENSNBRG00000005098	0	0
ENSNBRG00000005099	37	79
ENSNBRG00000005100	13	26
ENSNBRG00000005101	0	0
ENSNBRG00000005102	0	0
ENSNBRG00000005103	0	0
ENSNBRG00000005104	0	0
ENSNBRG00000005105	0	0
ENSNBRG00000005106	0	0
ENSNBRG00000005107	0	0
ENSNBRG00000005108	0	0
ENSNBRG00000005109	0	0
ENSNBRG00000005110	0	0
ENSNBRG00000005111	0	0
ENSNBRG00000005112	0	0
ENSNBRG00000005113	0	0
ENSNBRG00000005114	1	31
ENSNBRG00000005115	0	0
ENSNBRG00000005116	0	0
ENSNBRG00000005117	0	0
ENSNBRG00000005118	0	0
ENSNBRG00000005119	0	0
ENSNBRG00000005120	0	0
ENSNBRG00000005121	0	0
ENSNBRG00000005122	0	0
ENSNBRG00000005123	0	0
ENSNBRG00000005124	0	0
ENSNBRG00000005125	0	0
ENSNBRG00000005126	0	0
ENSNBRG00000005127	0	0
ENSNBRG00000005128	0	0
ENSNBRG00000005129	0	0
ENSNBRG00000005130	0	0
ENSNBRG00000005131	0	0
ENSNBRG00000005132	0	0
ENSNBRG00000005133	0	0
ENSNBRG00000005134	0	0
ENSNBRG00000005135	0	0
ENSNBRG00000005136	0	0
ENSNBRG00000005137	0	0
ENSNBRG00000005138	0	0
ENSNBRG00000005139	0	0
ENSNBRG00000005140	0	0
ENSNBRG00000005141	0	0
ENSNBRG00000005142	0	0
ENSNBRG00000005143	0	0
ENSNBRG00000005144	0	0
ENSNBRG00000005145	0	0
ENSNBRG00000005146	137	160
ENSNBRG00000005147	0	0
ENSNBRG00000005148	0	0
ENSNBRG00000005149	67	106
ENSNBRG00000005150	0	0
ENSNBRG00000005151	0	0
ENSNBRG00000005152	0	0
ENSNBRG00000005153	119	160
ENSNBRG00000005154	1	30
ENSNBRG00000005155	0	0
ENSNBRG00000005156	0	0
ENSNBRG00000005157	0	0
ENSNBRG00000005158	0	0
ENSNBRG00000005159	0	0
ENSNBRG00000005160	0	0
ENSNBRG00000005161	0	0
ENSNBRG00000005162	0	0
ENSNBRG00000005163	0	0
ENSNBRG00000005164	0	0
ENSNBRG00000005165	0	0
ENSNBRG00000005166	0	0
ENSNBRG00000005167	0	0
ENSNBRG00000005168	0	0
ENSNBRG00000005169	0	0
ENSNBRG00000005170	0	0
ENSNBRG00000005171	0	0
ENSNBRG00000005172	0	0
ENSNBRG00000005173	0	0
ENSNBRG00000005174	1	15
ENSNBRG00000005175	0	0
ENSNBRG00000005176	0	0
ENSNBRG00000005177	0	0
ENSNBRG00000005178	0	0
ENSNBRG00000005179	0	0
ENSNBRG00000005180	0	0
ENSNBRG00000005181	0	0
ENSNBRG00000005182	0	0
ENSNBRG00000005183	103	108
ENSNBRG00000005184	0	0
ENSNBRG00000005185	0	0
ENSNBRG00000005186	0	0
ENSNBRG00000005187	0	0
ENSNBRG00000005188	0	0
ENSNBRG00000005189	0	0
ENSNBRG00000005190	296	304
ENSNBRG00000005191	0	0
ENSNBRG00000005192	0	0
ENSNBRG00000005193	0	0
ENSNBRG00000005194	27	29
ENSNBRG00000005195	0	0
ENSNBRG00000005196	0	0
ENSNBRG00000005197	0	0
ENSNBRG00000005198	0	0
ENSNBRG00000005199	0	0
ENSNBRG00000005200	0	0
ENSNBRG00000005201	145	163
ENSNBRG00000005202	0	0
ENSNBRG00000005203	0	0
ENSNBRG00000005204	0	0
ENSNBRG00000005205	0	0
ENSNBRG00000005206	0	0
ENSNBRG00000005207	5	18
ENSNBRG00000005208	0	0
ENSNBRG00000005209	0	0
ENSNBRG00000005210	0	0
ENSNBRG00000005211	0	0
ENSNBRG00000005212	0	0
ENSNBRG00000005213	0	0
ENSNBRG00000005214	0	0
ENSNBRG00000005215	0	0
ENSNBRG00000005216	0	0
ENSNBRG00000005217	0	0
ENSNBRG00000005218	0	0
ENSNBRG00000005219	0	0
ENSNBRG00000005220	0	0
ENSNBRG00000005221	0	0
ENSNBRG00000005222	0	0
ENSNBRG00000005223	0	0
ENSNBRG00000005224	0	0
ENSNBRG00000005225	0	0
ENSNBRG00000005226	0	0
ENSNBRG00000005227	0	0
ENSNBRG00000005228	0	0
ENSNBRG00000005229	0	0
ENSNBRG00000005230	0	0
ENSNBRG00000005231	0	0
ENSNBRG00000005232	0	0
ENSNBRG00000005233	32	68
ENSNBRG00000005234	31	54
ENSNBRG00000005235	0	0
ENSNBRG00000005236	0	0
ENSNBRG00000005237	0	0
ENSNBRG00000005238	0	0
ENSNBRG00000005239	0	0
ENSNBRG00000005240	0	0
ENSNBRG00000005241	0	0
ENSNBRG00000005242	0	0
ENSNBRG00000005243	0	0
ENSNBRG00000005244	0	0
ENSNBRG00000005245	63	77
ENSNBRG00000005246	0	0
ENSNBRG00000005247	0	0
ENSNBRG00000005248	0	0
ENSNBRG00000005249	0	0
ENSNBRG00000005250	0	0
ENSNBRG00000005251	0	0
ENSNBRG00000005252	0	0
ENSNBRG00000005253	0	0
ENSNBRG00000005254	0	0
ENSNBRG00000005255	0	0
ENSNBRG00000005256	0	0
ENSNBRG00000005257	0	0
ENSNBRG00000005258	0	0
ENSNBRG00000005259	0	0
ENSNBRG00000005260	0	0
ENSNBRG00000005261	0	0
ENSNBRG00000005262	0	0
ENSNBRG00000005263	0	0
ENSNBRG00000005264	64	89
ENSNBRG00000005265	0	0
ENSNBRG00000005266	0	0
ENSNBRG00000005267	0	0
ENSNBRG00000005268	0	0
ENSNBRG00000005269	0	0
ENSNBRG00000005270	34	54
ENSNBRG00000005271	0	0
ENSNBRG00000005272	0	0
ENSNBRG00000005273	0	0
ENSNBRG00000005274	0	0
ENSNBRG00000005275	0	0
ENSNBRG00000005276	0	0
ENSNBRG00000005277	47	57
ENSNBRG00000005278	0	0
ENSNBRG00000005279	0	0
ENSNBRG00000005280	30	50
ENSNBRG00000005281	0	0
ENSNBRG00000005282	0	0
ENSNBRG00000005283	0	0
ENSNBRG00000005284	88	111
ENSNBRG00000005285	0	0
ENSNBRG00000005286	17	36
ENSNBRG00000005287	0	0
ENSNBRG00000005288	0	0
ENSNBRG00000005289	0	0
ENSNBRG00000005290	0	0
ENSNBRG00000005291	0	0
ENSNBRG00000005292	0	0
ENSNBRG00000005293	0	0
ENSNBRG00000005294	0	0
ENSNBRG00000005295	0	0
ENSNBRG00000005296	0	0
ENSNBRG00000005297	0	0
ENSNBRG00000005298	0	0
ENSNBRG00000005299	0	0
ENSNBRG00000005300	0	0
ENSNBRG00000005301	0	0
ENSNBRG00000005302	0	0
ENSNBRG00000005303	0	0
ENSNBRG00000005304	0	0
ENSNBRG00000005305	0	0
ENSNBRG00000005306	0	0
ENSNBRG00000005307	0	0
ENSNBRG00000005308	0	0
ENSNBRG00000005309	0	0
ENSNBRG00000005310	0	0
ENSNBRG00000005311	0	0
ENSNBRG00000005312	0	0
ENSNBRG00000005313	0	0
ENSNBRG00000005314	0	0
ENSNBRG00000005315	0	0
ENSNBRG00000005316	0	0
ENSNBRG00000005317	0	0
ENSNBRG00000005318	0	0
ENSNBRG00000005319	0	0
ENSNBRG00000005320	0	0
ENSNBRG00000005321	0	0
ENSNBRG00000005322	0	0
ENSNBRG00000005323	0	0
ENSNBRG00000005324	0	0
ENSNBRG00000005325	0	0
ENSNBRG00000005326	0	0
ENSNBRG00000005327	0	0
ENSNBRG00000005328	0	0
ENSNBRG00000005329	7	22
ENSNBRG00000005330	0	0
ENSNBRG00000005331	0	0
ENSNBRG00000005332	0	0
ENSNBRG00000005333	0	0
ENSNBRG00000005334	63	81
ENSNBRG00000005335	0	0
ENSNBRG00000005336	0	0
ENSNBRG00000005337	286	312
ENSNBRG00000005338	0	0
ENSNBRG00000005339	0	0
ENSNBRG00000005340	115	118
ENSNBRG00000005341	1	8
ENSNBRG00000005342	0	0
ENSNBRG00000005343	222	250
ENSNBRG00000005344	0	0
ENSNBRG00000005345	0	0
ENSNBRG00000005346	0	0
ENSNBRG00000005347	0	0
ENSNBRG00000005348	0	0
ENSNBRG00000005349	0	0
ENSNBRG00000005350	0	0
ENSNBRG00000005351	0	0
ENSNBRG00000005352	0	0
ENSNBRG00000005353	0	0
ENSNBRG00000005354	0	0
ENSNBRG00000005355	0	0
ENSNBRG00000005356	0	0
ENSNBRG00000005357	167	191
ENSNBRG00000005358	179	219
ENSNBRG00000005359	0	0
ENSNBRG00000005360	0	0
ENSNBRG00000005361	0	0
ENSNBRG00000005362	0	0
ENSNBRG00000005363	0	0
ENSNBRG00000005364	0	0
ENSNBRG00000005365	0	0
ENSNBRG00000005366	0	0
ENSNBRG00000005367	0	0
ENSNBRG00000005368	0	0
ENSNBRG00000005369	0	0
ENSNBRG00000005370	0	0
ENSNBRG00000005371	0	0
ENSNBRG00000005372	34	77
ENSNBRG00000005373	0	0
ENSNBRG00000005374	0	0
ENSNBRG00000005375	0	0
ENSNBRG00000005376	0	0
ENSNBRG00000005377	0	0
ENSNBRG00000005378	0	0
ENSNBRG00000005379	7	12
ENSNBRG00000005380	0	0
ENSNBRG00000005381	0	0
ENSNBRG00000005382	0	0
ENSNBRG00000005383	0	0
ENSNBRG00000005384	0	0
ENSNBRG00000005385	0	0
ENSNBRG00000005386	0	0
ENSNBRG00000005387	0	0
ENSNBRG00000005388	0	0
ENSNBRG00000005389	0	0
ENSNBRG00000005390	0	0
ENSNBRG00000005391	0	0
ENSNBRG00000005392	0	0
ENSNBRG00000005393	0	0
ENSNBRG00000005394	0	0
ENSNBRG00000005395	0	0
ENSNBRG00000005396	0	0
ENSNBRG00000005397	0	0
ENSNBRG00000005398	0	0
ENSNBRG00000005399	0	0
ENSNBRG00000005400	0	0
ENSNBRG00000005401	0	0
ENSNBRG00000005402	0	0
ENSNBRG00000005403	0	0
ENSNBRG00000005404	0	0
ENSNBRG00000005405	0	0
ENSNBRG00000005406	0	0
ENSNBRG00000005407	0	0
ENSNBRG00000005408	0	0
ENSNBRG00000005409	0	0
ENSNBRG00000005410	0	0
ENSNBRG00000005411	0	0
ENSNBRG00000005412	0	0
ENSNBRG00000005413	0	0
ENSNBRG00000005414	0	0
ENSNBRG00000005415	0	0
ENSNBRG00000005416	0	0
ENSNBRG00000005417	0	0
ENSNBRG00000005418	0	0
ENSNBRG00000005419	286	293
ENSNBRG00000005420	0	0
ENSNBRG00000005421	0	0
ENSNBRG00000005422	0	0
ENSNBRG00000005423	0	0
ENSNBRG00000005424	0	0
ENSNBRG00000005425	0	0
ENSNBRG00000005426	0	0
ENSNBRG00000005427	0	0
ENSNBRG00000005428	0	0
ENSNBRG00000005429	0	0
ENSNBRG00000005430	0	0
ENSNBRG00000005431	0	0
ENSNBRG00000005432	0	0
ENSNBRG00000005433	0	0
ENSNBRG00000005434	0	0
ENSNBRG00000005435	0	0
ENSNBRG00000005436	0	0
ENSNBRG00000005437	0	0
ENSNBRG00000005438	0	0
ENSNBRG00000005439	0	0
ENSNBRG00000005440	33	63
ENSNBRG00000005441	0	0
ENSNBRG00000005442	0	0
ENSNBRG00000005443	0	0
ENSNBRG00000005444	1	23
ENSNBRG00000005445	0	0
ENSNBRG00000005446	0	0
ENSNBRG00000005447	0	0
ENSNBRG00000005448	0	0
ENSNBRG00000005449	0	0
ENSNBRG00000005450	0	0
ENSNBRG00000005451	0	0
ENSNBRG00000005452	0	0
ENSNBRG00000005453	0	0
ENSNBRG00000005454	0	0
ENSNBRG00000005455	0	0
ENSNBRG00000005456	0	0
ENSNBRG00000005457	0	0
ENSNBRG00000005458	0	0
ENSNBRG00000005459	0	0
ENSNBRG00000005460	0	0
ENSNBRG00000005461	0	0
ENSNBRG00000005462	0	0
ENSNBRG00000005463	0	0
ENSNBRG00000005464	0	0
ENSNBRG00000005465	0	0
ENSNBRG00000005466	0	0
ENSNBRG00000005467	0	0
ENSNBRG00000005468	0	0
ENSNBRG00000005469	0	0
ENSNBRG00000005470	0	0
ENSNBRG00000005471	0	0
ENSNBRG00000005472	0	0
ENSNBRG00000005473	0	0
ENSNBRG00000005474	91	110
ENSNBRG00000005475	0	0
ENSNBRG00000005476	0	0
ENSNBRG00000005477	0	0
ENSNBRG00000005478	0	0
ENSNBRG00000005479	0	0
ENSNBRG00000005480	271	311
ENSNBRG00000005481	0	0
ENSNBRG00000005482	0	0
ENSNBRG00000005483	0	0
ENSNBRG00000005484	0	0
ENSNBRG00000005485	0	0
ENSNBRG00000005486	0	0
ENSNBRG00000005487	0	0
ENSNBRG00000005488	0	0
ENSNBRG00000005489	0	0
ENSNBRG00000005490	0	0
ENSNBRG00000005491	0	0
ENSNBRG00000005492	41	70
ENSNBRG00000005493	0	0
ENSNBRG00000005494	627	632
ENSNBRG00000005495	0	0
ENSNBRG00000005496	0	0
ENSNBRG00000005497	0	0
ENSNBRG00000005498	0	0
ENSNBRG00000005499	0	0
ENSNBRG00000005500	0	0
ENSNBRG00000005501	0	0
ENSNBRG00000005502	0	0
ENSNBRG00000005503	0	0
ENSNBRG00000005504	47	69
ENSNBRG00000005505	6	38
ENSNBRG00000005506	0	0
ENSNBRG00000005507	0	0
ENSNBRG00000005508	0	0
ENSNBRG00000005509	0	0
ENSNBRG00000005510	0	0
ENSNBRG00000005511	0	0
ENSNBRG00000005512	0	0
ENSNBRG00000005513	0	0
ENSNBRG00000005514	0	0
ENSNBRG00000005515	0	0
ENSNBRG00000005516	321	347
ENSNBRG00000005517	0	0
ENSNBRG00000005518	0	0
ENSNBRG00000005519	0	0
ENSNBRG00000005520	0	0
ENSNBRG00000005521	13	53
ENSNBRG00000005522	35	77
ENSNBRG00000005523	10	26
ENSNBRG00000005524	0	0
ENSNBRG00000005525	0	0
ENSNBRG00000005526	0	0
ENSNBRG00000005527	0	0
ENSNBRG00000005528	0	0
ENSNBRG00000005529	0	0
ENSNBRG00000005530	0	0
ENSNBRG00000005531	0	0
ENSNBRG00000005532	0	0
ENSNBRG00000005533	0	0
ENSNBRG00000005534	0	0
ENSNBRG00000005535	0	0
ENSNBRG00000005536	0	0
ENSNBRG00000005537	0	0
ENSNBRG00000005538	0	0
ENSNBRG00000005539	0	0
ENSNBRG00000005540	0	0
ENSNBRG00000005541	0	0
ENSNBRG00000005542	0	0
ENSNBRG00000005543	0	0
ENSNBRG00000005544	0	0
ENSNBRG00000005545	0	0
ENSNBRG00000005546	159	180
ENSNBRG00000005547	0	0
ENSNBRG00000005548	0	0
ENSNBRG00000005549	0	0
ENSNBRG00000005550	0	0
ENSNBRG00000005551	0	0
ENSNBRG00000005552	0	0
ENSNBRG00000005553	0	0
ENSNBRG00000005554	0	0
ENSNBRG00000005555	0	0
ENSNBRG00000005556	0	0
ENSNBRG00000005557	0	0
ENSNBRG00000005558	0	0
ENSNBRG00000005559	0	0
ENSNBRG00000005560	0	0
ENSNBRG00000005561	0	0
ENSNBRG00000005562	0	0
ENSNBRG00000005563	0	0
ENSNBRG00000005564	0	0
ENSNBRG00000005565	0	0
ENSNBRG00000005566	0	0
ENSNBRG00000005567	0	0
ENSNBRG00000005568	0	0
ENSNBRG00000005569	0	0
ENSNBRG00000005570	0	0
ENSNBRG00000005571	0	0
ENSNBRG00000005572	0	0
ENSNBRG00000005573	0	0
ENSNBRG00000005574	86	121
ENSNBRG00000005575	0	0
ENSNBRG00000005576	0	0
ENSNBRG00000005577	0	0
ENSNBRG00000005578	0	0
ENSNBRG00000005579	0	0
ENSNBRG00000005580	0	0
ENSNBRG00000005581	0	0
ENSNBRG00000005582	17	51
ENSNBRG00000005583	0	0
ENSNBRG00000005584	0	0
ENSNBRG00000005585	0	0
ENSNBRG00000005586	0	0
ENSNBRG00000005587	0	0
ENSNBRG00000005588	0	0
ENSNBRG00000005589	0	0
ENSNBRG00000005590	0	0
ENSNBRG00000005591	0	0
ENSNBRG00000005592	94	121
ENSNBRG00000005593	0	0
ENSNBRG00000005594	98	109
ENSNBRG00000005595	0	0
ENSNBRG00000005596	0	0
ENSNBRG00000005597	0	0
ENSNBRG00000005598	0	0
ENSNBRG00000005599	17	54
ENSNBRG00000005600	0	0
ENSNBRG00000005601	0	0
ENSNBRG00000005602	21	63
ENSNBRG00000005603	0	0
ENSNBRG00000005604	0	0
ENSNBRG00000005605	0	0
ENSNBRG00000005606	0	0
ENSNBRG00000005607	0	0
ENSNBRG00000005608	48	51
ENSNBRG00000005609	61	80
ENSNBRG00000005610	0	0
ENSNBRG00000005611	0	0
ENSNBRG00000005612	0	0
ENSNBRG00000005613	0	0
ENSNBRG00000005614	0	0
ENSNBRG00000005615	429	432
ENSNBRG00000005616	0	0
ENSNBRG00000005617	0	0
ENSNBRG00000005618	0	0
ENSNBRG00000005619	0	0
ENSNBRG00000005620	34	72
ENSNBRG00000005621	0	0
ENSNBRG00000005622	0	0
ENSNBRG00000005623	0	0
ENSNBRG00000005624	0	0
ENSNBRG00000005625	0	0
ENSNBRG00000005626	0	0
ENSNBRG00000005627	0	0
ENSNBRG00000005628	37	42
ENSNBRG00000005629	0	0
ENSNBRG00000005630	0	0
ENSNBRG00000005631	0	0
ENSNBRG00000005632	0	0
ENSNBRG00000005633	33	37
ENSNBRG00000005634	0	0
ENSNBRG00000005635	34	49
ENSNBRG00000005636	0	0
ENSNBRG00000005637	0	0
ENSNBRG00000005638	0	0
ENSNBRG00000005639	1729	1743
ENSNBRG00000005640	0	0
ENSNBRG00000005641	0	0
ENSNBRG00000005642	0	0
ENSNBRG00000005643	0	0
ENSNBRG00000005644	0	0
ENSNBRG00000005645	0	0
ENSNBRG00000005646	0	0
ENSNBRG00000005647	0	0
ENSNBRG00000005648	0	0
ENSNBRG00000005649	0	0
ENSNBRG00000005650	0	0
ENSNBRG00000005651	0	0
ENSNBRG00000005652	0	0
ENSNBRG00000005653	0	0
ENSNBRG00000005654	0	0
ENSNBRG00000005655	0	0
ENSNBRG00000005656	0	0
ENSNBRG00000005657	0	0
ENSNBRG00000005658	0	0
ENSNBRG00000005659	0	0
ENSNBRG00000005660	0	0
ENSNBRG00000005661	0	0
ENSNBRG00000005662	16	51
ENSNBRG00000005663	0	0
ENSNBRG00000005664	0	0
ENSNBRG00000005665	0	0
ENSNBRG00000005666	0	0
ENSNBRG00000005667	28	47
ENSNBRG00000005668	0	0
ENSNBRG00000005669	0	0
ENSNBRG00000005670	0	0
ENSNBRG00000005671	0	0
ENSNBRG00000005672	0	0
ENSNBRG00000005673	0	0
ENSNBRG00000005674	0	0
ENSNBRG00000005675	0	0
ENSNBRG00000005676	0	0
ENSNBRG00000005677	0	0
ENSNBRG00000005678	0	0
ENSNBRG00000005679	20	41
ENSNBRG00000005680	32	47
ENSNBRG00000005681	0	0
ENSNBRG00000005682	5	13
ENSNBRG00000005683	0	0
ENSNBRG00000005684	13	34
ENSNBRG00000005685	0	0
ENSNBRG00000005686	0	0
ENSNBRG00000005687	0	0
ENSNBRG00000005688	0	0
ENSNBRG00000005689	0	0
ENSNBRG00000005690	0	0
ENSNBRG00000005691	23	25
ENSNBRG00000005692	0	0
ENSNBRG00000005693	0	0
ENSNBRG00000005694	0	0
ENSNBRG00000005695	0	0
ENSNBRG00000005696	33	42
ENSNBRG00000005697	45	52
ENSNBRG00000005698	0	0
ENSNBRG00000005699	0	0
ENSNBRG00000005700	0	0
ENSNBRG00000005701	0	0
ENSNBRG00000005702	0	0
ENSNBRG00000005703	0	0
ENSNBRG00000005704	0	0
ENSNBRG00000005705	0	0
ENSNBRG00000005706	0	0
ENSNBRG00000005707	0	0
ENSNBRG00000005708	0	0
ENSNBRG00000005709	0	0
ENSNBRG00000005710	70	97
ENSNBRG00000005711	0	0
ENSNBRG00000005712	0	0
ENSNBRG00000005713	0	0
ENSNBRG00000005714	19	59
ENSNBRG00000005715	0	0
ENSNBRG00000005716	0	0
ENSNBRG00000005717	0	0
ENSNBRG00000005718	0	0
ENSNBRG00000005719	0	0
ENSNBRG00000005720	0	0
ENSNBRG00000005721	0	0
ENSNBRG00000005722	0	0
ENSNBRG00000005723	0	0
ENSNBRG00000005724	0	0
ENSNBRG00000005725	0	0
ENSNBRG00000005726	0	0
ENSNBRG00000005727	0	0
ENSNBRG00000005728	0	0
ENSNBRG00000005729	0	0
ENSNBRG00000005730	0	0
ENSNBRG00000005731	0	0
ENSNBRG00000005732	0	0
ENSNBRG00000005733	9	29
ENSNBRG00000005734	0	0
ENSNBRG00000005735	0	0
ENSNBRG00000005736	0	0
ENSNBRG00000005737	0	0
ENSNBRG00000005738	339	342
ENSNBRG00000005739	0	0
ENSNBRG00000005740	0	0
ENSNBRG00000005741	0	0
ENSNBRG00000005742	0	0
ENSNBRG00000005743	0	0
ENSNBRG00000005744	0	0
ENSNBRG00000005745	0	0
ENSNBRG00000005746	0	0
ENSNBRG00000005747	0	0
ENSNBRG00000005748	0	0
ENSNBRG00000005749	0	0
ENSNBRG00000005750	0	0
ENSNBRG00000005751	0	0
ENSNBRG00000005752	0	0
ENSNBRG00000005753	0	0
ENSNBRG00000005754	0	0
ENSNBRG00000005755	0	0
ENSNBRG00000005756	0	0
ENSNBRG00000005757	0	0
ENSNBRG00000005758	0	0
ENSNBRG00000005759	0	0
ENSNBRG00000005760	0	0
ENSNBRG00000005761	0	0
ENSNBRG00000005762	0	0
ENSNBRG00000005763	0	0
ENSNBRG00000005764	33	69
ENSNBRG00000005765	17	45
ENSNBRG00000005766	0	0
ENSNBRG00000005767	0	0
ENSNBRG00000005768	0	0
ENSNBRG00000005769	0	0
ENSNBRG00000005770	311	352
ENSNBRG00000005771	0	0
ENSNBRG00000005772	0	0
ENSNBRG00000005773	0	0
ENSNBRG00000005774	0	0
ENSNBRG00000005775	0	0
ENSNBRG00000005776	0	0
ENSNBRG00000005777	0	0
ENSNBRG00000005778	0	0
ENSNBRG00000005779	0	0
ENSNBRG00000005780	0	0
ENSNBRG00000005781	0	0
ENSNBRG00000005782	0	0
ENSNBRG00000005783	0	0
ENSNBRG00000005784	0	0
ENSNBRG00000005785	0	0
ENSNBRG00000005786	0	0
ENSNBRG00000005787	0	0
ENSNBRG00000005788	0	0
ENSNBRG00000005789	0	0
ENSNBRG00000005790	0	0
ENSNBRG00000005791	0	0
ENSNBRG00000005792	0	0
ENSNBRG00000005793	0	0
ENSNBRG00000005794	0	0
ENSNBRG00000005795	0	0
ENSNBRG00000005796	0	0
ENSNBRG00000005797	0	0
ENSNBRG00000005798	0	0
ENSNBRG00000005799	0	0
ENSNBRG00000005800	0	0
ENSNBRG00000005801	0	0
ENSNBRG00000005802	0	0
ENSNBRG00000005803	0	0
ENSNBRG00000005804	0	0
ENSNBRG00000005805	0	0
ENSNBRG00000005806	0	0
ENSNBRG00000005807	0	0
ENSNBRG00000005808	0	0
ENSNBRG00000005809	0	0
ENSNBRG00000005810	0	0
ENSNBRG00000005811	0	0
ENSNBRG00000005812	0	0
ENSNBRG00000005813	0	0
ENSNBRG00000005814	30	72
ENSNBRG00000005815	0	0
ENSNBRG00000005816	0	0
ENSNBRG00000005817	0	0
ENSNBRG00000005818	0	0
ENSNBRG00000005819	0	0
ENSNBRG00000005820	0	0
ENSNBRG00000005821	914	922
ENSNBRG00000005822	33	35
ENSNBRG00000005823	0	0
ENSNBRG00000005824	0	0
ENSNBRG00000005825	0	0
ENSNBRG00000005826	0	0
ENSNBRG00000005827	0	0
ENSNBRG00000005828	0	0
ENSNBRG00000005829	32	54
ENSNBRG00000005830	0	0
ENSNBRG00000005831	0	0
ENSNBRG00000005832	0	0
ENSNBRG00000005833	0	0
ENSNBRG00000005834	1	43
ENSNBRG00000005835	0	0
ENSNBRG00000005836	0	0
ENSNBRG00000005837	0	0
ENSNBRG00000005838	106	128
ENSNBRG00000005839	0	0
ENSNBRG00000005840	0	0
ENSNBRG00000005841	84	92
ENSNBRG00000005842	0	0
ENSNBRG00000005843	0	0
ENSNBRG00000005844	0	0
ENSNBRG00000005845	0	0
ENSNBRG00000005846	0	0
ENSNBRG00000005847	0	0
ENSNBRG00000005848	0	0
ENSNBRG00000005849	0	0
ENSNBRG00000005850	65	91
ENSNBRG00000005851	0	0
ENSNBRG00000005852	0	0
ENSNBRG00000005853	0	0
ENSNBRG00000005854	0	0
ENSNBRG00000005855	0	0
ENSNBRG00000005856	16	58
ENSNBRG00000005857	0	0
ENSNBRG00000005858	0	0
ENSNBRG00000005859	0	0
ENSNBRG00000005860	0	0
ENSNBRG00000005861	0	0
ENSNBRG00000005862	0	0
ENSNBRG00000005863	0	0
ENSNBRG00000005864	0	0
ENSNBRG00000005865	0	0
ENSNBRG00000005866	0	0
ENSNBRG00000005867	0	0
ENSNBRG00000005868	0	0
ENSNBRG00000005869	0	0
ENSNBRG00000005870	0	0
ENSNBRG00000005871	0	0
ENSNBRG00000005872	0	0
ENSNBRG00000005873	0	0
ENSNBRG00000005874	0	0
ENSNBRG00000005875	0	0
ENSNBRG00000005876	0	0
ENSNBRG00000005877	0	0
ENSNBRG00000005878	0	0
ENSNBRG00000005879	0	0
ENSNBRG00000005880	0	0
ENSNBRG00000005881	0	0
ENSNBRG00000005882	0	0
ENSNBRG00000005883	0	0
ENSNBRG00000005884	0	0
ENSNBRG00000005885	0	0
ENSNBRG00000005886	0	0
ENSNBRG00000005887	0	0
ENSNBRG00000005888	67	78
ENSNBRG00000005889	33	69
ENSNBRG00000005890	128	139
ENSNBRG00000005891	0	0
ENSNBRG00000005892	7	43
ENSNBRG00000005893	0	0
ENSNBRG00000005894	0	0
ENSNBRG00000005895	0	0
ENSNBRG00000005896	0	0
ENSNBRG00000005897	0	0
ENSNBRG00000005898	0	0
ENSNBRG00000005899	0	0
ENSNBRG00000005900	0	0
ENSNBRG00000005901	0	0
ENSNBRG00000005902	0	0
ENSNBRG00000005903	0	0
ENSNBRG00000005904	0	0
ENSNBRG00000005905	0	0
ENSNBRG00000005906	0	0
ENSNBRG00000005907	0	0
ENSNBRG00000005908	0	0
ENSNBRG00000005909	0	0
ENSNBRG00000005910	0	0
ENSNBRG00000005911	0	0
ENSNBRG00000005912	0	0
ENSNBRG00000005913	0	0
ENSNBRG00000005914	0	0
ENSNBRG00000005915	0	0
ENSNBRG00000005916	0	0
ENSNBRG00000005917	0	0
ENSNBRG00000005918	0	0
ENSNBRG00000005919	0	0
ENSNBRG00000005920	0	0
ENSNBRG00000005921	0	0
ENSNBRG00000005922	0	0
ENSNBRG00000005923	0	0
ENSNBRG00000005924	0	0
ENSNBRG00000005925	0	0
ENSNBRG00000005926	0	0
ENSNBRG00000005927	0	0
ENSNBRG00000005928	0	0
ENSNBRG00000005929	0	0
ENSNBRG00000005930	0	0
ENSNBRG00000005931	0	0
ENSNBRG00000005932	0	0
ENSNBRG00000005933	0	0
ENSNBRG00000005934	0	0
ENSNBRG00000005935	1981	1992
ENSNBRG00000005936	0	0
ENSNBRG00000005937	0	0
ENSNBRG00000005938	0	0
ENSNBRG00000005939	0	0
ENSNBRG00000005940	0	0
ENSNBRG00000005941	0	0
ENSNBRG00000005942	0	0
ENSNBRG00000005943	0	0
ENSNBRG00000005944	0	0
ENSNBRG00000005945	0	0
ENSNBRG00000005946	0	0
ENSNBRG00000005947	0	0
ENSNBRG00000005948	0	0
ENSNBRG00000005949	0	0
ENSNBRG00000005950	0	0
ENSNBRG00000005951	0	0
ENSNBRG00000005952	0	0
ENSNBRG00000005953	0	0
ENSNBRG00000005954	0	0
ENSNBRG00000005955	0	0
ENSNBRG00000005956	0	0
ENSNBRG00000005957	0	0
ENSNBRG00000005958	0	0
ENSNBRG00000005959	0	0
ENSNBRG00000005960	0	0
ENSNBRG00000005961	0	0
ENSNBRG00000005962	0	0
ENSNBRG00000005963	0	0
ENSNBRG00000005964	0	0
ENSNBRG00000005965	13	48
ENSNBRG00000005966	0	0
ENSNBRG00000005967	0	0
ENSNBRG00000005968	0	0
ENSNBRG00000005969	0	0
ENSNBRG00000005970	0	0
ENSNBRG00000005971	0	0
ENSNBRG00000005972	0	0
ENSNBRG00000005973	0	0
ENSNBRG00000005974	0	0
ENSNBRG00000005975	0	0
ENSNBRG00000005976	33	46
ENSNBRG00000005977	0	0
ENSNBRG00000005978	0	0
ENSNBRG00000005979	0	0
ENSNBRG00000005980	0	0
ENSNBRG00000005981	0	0
ENSNBRG00000005982	0	0
ENSNBRG00000005983	0	0
ENSNBRG00000005984	0	0
ENSNBRG00000005985	1	35
ENSNBRG00000005986	0	0
ENSNBRG00000005987	0	0
ENSNBRG00000005988	0	0
ENSNBRG00000005989	0	0
ENSNBRG00000005990	18	45
ENSNBRG00000005991	0	0
ENSNBRG00000005992	0	0
ENSNBRG00000005993	0	0
ENSNBRG00000005994	0	0
ENSNBRG00000005995	1	14
ENSNBRG00000005996	0	0
ENSNBRG00000005997	0	0
ENSNBRG00000005998	0	0
ENSNBRG00000005999	0	0
ENSNBRG00000006000	0	0
ENSNBRG00000006001	0	0
ENSNBRG00000006002	0	0
ENSNBRG00000006003	0	0
ENSNBRG00000006004	0	0
ENSNBRG00000006005	0	0
ENSNBRG00000006006	0	0
ENSNBRG00000006007	0	0
ENSNBRG00000006008	0	0
ENSNBRG00000006009	0	0
ENSNBRG00000006010	0	0
ENSNBRG00000006011	0	0
ENSNBRG00000006012	0	0
ENSNBRG00000006013	0	0
ENSNBRG00000006014	0	0
ENSNBRG00000006015	0	0
ENSNBRG00000006016	69	108
ENSNBRG00000006017	0	0
ENSNBRG00000006018	0	0
ENSNBRG00000006019	0	0
ENSNBRG00000006020	0	0
ENSNBRG00000006021	0	0
ENSNBRG00000006022	0	0
ENSNBRG00000006023	0	0
ENSNBRG00000006024	0	0
ENSNBRG00000006025	0	0
ENSNBRG00000006026	0	0
ENSNBRG00000006027	0	0
ENSNBRG00000006028	0	0
ENSNBRG00000006029	0	0
ENSNBRG00000006030	0	0
ENSNBRG00000006031	0	0
ENSNBRG00000006032	0	0
ENSNBRG00000006033	0	0
ENSNBRG00000006034	0	0
ENSNBRG00000006035	17	25
ENSNBRG00000006036	0	0
ENSNBRG00000006037	0	0
ENSNBRG00000006038	0	0
ENSNBRG00000006039	0	0
ENSNBRG00000006040	0	0
ENSNBRG00000006041	0	0
ENSNBRG00000006042	0	0
ENSNBRG00000006043	0	0
ENSNBRG00000006044	0	0
ENSNBRG00000006045	0	0
ENSNBRG00000006046	0	0
ENSNBRG00000006047	0	0
ENSNBRG00000006048	0	0
ENSNBRG00000006049	0	0
ENSNBRG00000006050	0	0
ENSNBRG00000006051	0	0
ENSNBRG00000006052	0	0
ENSNBRG00000006053	0	0
ENSNBRG00000006054	0	0
ENSNBRG00000006055	0	0
ENSNBRG00000006056	0	0
ENSNBRG00000006057	0	0
ENSNBRG00000006058	0	0
ENSNBRG00000006059	0	0
ENSNBRG00000006060	66	71
ENSNBRG00000006061	0	0
ENSNBRG00000006062	11	35
ENSNBRG00000006063	0	0
ENSNBRG00000006064	0	0
ENSNBRG00000006065	0	0
ENSNBRG00000006066	0	0
ENSNBRG00000006067	0	0
ENSNBRG00000006068	0	0
ENSNBRG00000006069	0	0
ENSNBRG00000006070	0	0
ENSNBRG00000006071	0	0
ENSNBRG00000006072	0	0
ENSNBRG00000006073	0	0
ENSNBRG00000006074	0	0
ENSNBRG00000006075	0	0
ENSNBRG00000006076	0	0
ENSNBRG00000006077	0	0
ENSNBRG00000006078	0	0
ENSNBRG00000006079	0	0
ENSNBRG00000006080	31	35
ENSNBRG00000006081	0	0
ENSNBRG00000006082	0	0
ENSNBRG00000006083	0	0
ENSNBRG00000006084	0	0
ENSNBRG00000006085	0	0
ENSNBRG00000006086	0	0
ENSNBRG00000006087	0	0
ENSNBRG00000006088	0	0
ENSNBRG00000006089	0	0
ENSNBRG00000006090	0	0
ENSNBRG00000006091	29	39
ENSNBRG00000006092	0	0
ENSNBRG00000006093	0	0
ENSNBRG00000006094	0	0
ENSNBRG00000006095	0	0
ENSNBRG00000006096	52	79
ENSNBRG00000006097	0	0
ENSNBRG00000006098	0	0
ENSNBRG00000006099	0	0
ENSNBRG00000006100	0	0
ENSNBRG00000006101	0	0
ENSNBRG00000006102	39	44
ENSNBRG00000006103	0	0
ENSNBRG00000006104	0	0
ENSNBRG00000006105	0	0
ENSNBRG00000006106	0	0
ENSNBRG00000006107	0	0
ENSNBRG00000006108	0	0
ENSNBRG00000006109	0	0
ENSNBRG00000006110	0	0
ENSNBRG00000006111	0	0
ENSNBRG00000006112	0	0
ENSNBRG00000006113	0	0
ENSNBRG00000006114	0	0
ENSNBRG00000006115	0	0
ENSNBRG00000006116	0	0
ENSNBRG00000006117	0	0
ENSNBRG00000006118	0	0
ENSNBRG00000006119	0	0
ENSNBRG00000006120	0	0
ENSNBRG00000006121	7	45
ENSNBRG00000006122	0	0
ENSNBRG00000006123	0	0
ENSNBRG00000006124	0	0
ENSNBRG00000006125	0	0
ENSNBRG00000006126	0	0
ENSNBRG00000006127	0	0
ENSNBRG00000006128	0	0
ENSNBRG00000006129	0	0
ENSNBRG00000006130	0	0
ENSNBRG00000006131	0	0
ENSNBRG00000006132	0	0
ENSNBRG00000006133	0	0
ENSNBRG00000006134	0	0
ENSNBRG00000006135	0	0
ENSNBRG00000006136	0	0
ENSNBRG00000006137	14	35
ENSNBRG00000006138	0	0
ENSNBRG00000006139	0	0
ENSNBRG00000006140	0	0
ENSNBRG00000006141	0	0
ENSNBRG00000006142	0	0
ENSNBRG00000006143	0	0
ENSNBRG00000006144	0	0
ENSNBRG00000006145	0	0
ENSNBRG00000006146	1	6
ENSNBRG00000006147	246	264
ENSNBRG00000006148	0	0
ENSNBRG00000006149	0	0
ENSNBRG00000006150	0	0
ENSNBRG00000006151	0	0
ENSNBRG00000006152	0	0
ENSNBRG00000006153	0	0
ENSNBRG00000006154	0	0
ENSNBRG00000006155	0	0
ENSNBRG00000006156	0	0
ENSNBRG00000006157	0	0
ENSNBRG00000006158	59	71
ENSNBRG00000006159	0	0
ENSNBRG00000006160	0	0
ENSNBRG00000006161	0	0
ENSNBRG00000006162	0	0
ENSNBRG00000006163	0	0
ENSNBRG00000006164	0	0
ENSNBRG00000006165	0	0
ENSNBRG00000006166	16	56
ENSNBRG00000006167	0	0
ENSNBRG00000006168	38	44
ENSNBRG00000006169	0	0
ENSNBRG00000006170	0	0
ENSNBRG00000006171	0	0
ENSNBRG00000006172	0	0
ENSNBRG00000006173	0	0
ENSNBRG00000006174	0	0
ENSNBRG00000006175	0	0
ENSNBRG00000006176	0	0
ENSNBRG00000006177	0	0
ENSNBRG00000006178	0	0
ENSNBRG00000006179	74	90
ENSNBRG00000006180	0	0
ENSNBRG00000006181	0	0
ENSNBRG00000006182	140	170
ENSNBRG00000006183	0	0
ENSNBRG00000006184	0	0
ENSNBRG00000006185	0	0
ENSNBRG00000006186	0	0
ENSNBRG00000006187	0	0
ENSNBRG00000006188	0	0
ENSNBRG00000006189	0	0
ENSNBRG00000006190	25	30
ENSNBRG00000006191	0	0
ENSNBRG00000006192	0	0
ENSNBRG00000006193	0	0
ENSNBRG00000006194	0	0
ENSNBRG00000006195	0	0
ENSNBRG00000006196	0	0
ENSNBRG00000006197	0	0
ENSNBRG00000006198	29	66
ENSNBRG00000006199	0	0
ENSNBRG00000006200	0	0
ENSNBRG00000006201	0	0
ENSNBRG00000006202	0	0
ENSNBRG00000006203	0	0
ENSNBRG00000006204	12	42
ENSNBRG00000006205	0	0
ENSNBRG00000006206	0	0
ENSNBRG00000006207	0	0
ENSNBRG00000006208	0	0
ENSNBRG00000006209	0	0
ENSNBRG00000006210	0	0
ENSNBRG00000006211	0	0
ENSNBRG00000006212	0	0
ENSNBRG00000006213	16	48
ENSNBRG00000006214	0	0
ENSNBRG00000006215	0	0
ENSNBRG00000006216	0	0
ENSNBRG00000006217	0	0
ENSNBRG00000006218	0	0
ENSNBRG00000006219	0	0
ENSNBRG00000006220	0	0
ENSNBRG00000006221	0	0
ENSNBRG00000006222	0	0
ENSNBRG00000006223	0	0
ENSNBRG00000006224	0	0
ENSNBRG00000006225	0	0
ENSNBRG00000006226	0	0
ENSNBRG00000006227	0	0
ENSNBRG00000006228	43	64
ENSNBRG00000006229	0	0
ENSNBRG00000006230	0	0
ENSNBRG00000006231	0	0
ENSNBRG00000006232	0	0
ENSNBRG00000006233	0	0
ENSNBRG00000006234	0	0
ENSNBRG00000006235	0	0
ENSNBRG00000006236	0	0
ENSNBRG00000006237	0	0
ENSNBRG00000006238	0	0
ENSNBRG00000006239	0	0
ENSNBRG00000006240	0	0
ENSNBRG00000006241	0	0
ENSNBRG00000006242	0	0
ENSNBRG00000006243	0	0
ENSNBRG00000006244	0	0
ENSNBRG00000006245	0	0
ENSNBRG00000006246	0	0
ENSNBRG00000006247	56	63
ENSNBRG00000006248	0	0
ENSNBRG00000006249	0	0
ENSNBRG00000006250	0	0
ENSNBRG00000006251	0	0
ENSNBRG00000006252	0	0
ENSNBRG00000006253	0	0
ENSNBRG00000006254	0	0
ENSNBRG00000006255	0	0
ENSNBRG00000006256	0	0
ENSNBRG00000006257	0	0
ENSNBRG00000006258	64	107
ENSNBRG00000006259	0	0
ENSNBRG00000006260	0	0
ENSNBRG00000006261	0	0
ENSNBRG00000006262	0	0
ENSNBRG00000006263	0	0
ENSNBRG00000006264	0	0
ENSNBRG00000006265	0	0
ENSNBRG00000006266	0	0
ENSNBRG00000006267	0	0
ENSNBRG00000006268	0	0
ENSNBRG00000006269	0	0
ENSNBRG00000006270	2	33
ENSNBRG00000006271	0	0
ENSNBRG00000006272	0	0
ENSNBRG00000006273	37	74
ENSNBRG00000006274	0	0
ENSNBRG00000006275	0	0
ENSNBRG00000006276	0	0
ENSNBRG00000006277	0	0
ENSNBRG00000006278	0	0
ENSNBRG00000006279	0	0
ENSNBRG00000006280	0	0
ENSNBRG00000006281	0	0
ENSNBRG00000006282	0	0
ENSNBRG00000006283	0	0
ENSNBRG00000006284	0	0
ENSNBRG00000006285	0	0
ENSNBRG00000006286	0	0
ENSNBRG00000006287	0	0
ENSNBRG00000006288	0	0
ENSNBRG00000006289	0	0
ENSNBRG00000006290	31	45
ENSNBRG00000006291	0	0
ENSNBRG00000006292	0	0
ENSNBRG00000006293	0	0
ENSNBRG00000006294	0	0
ENSNBRG00000006295	0	0
ENSNBRG00000006296	0	0
ENSNBRG00000006297	0	0
ENSNBRG00000006298	864	901
ENSNBRG00000006299	0	0
ENSNBRG00000006300	0	0
ENSNBRG00000006301	0	0
ENSNBRG00000006302	39	77
ENSNBRG00000006303	0	0
ENSNBRG00000006304	7	18
ENSNBRG00000006305	0	0
ENSNBRG00000006306	0	0
ENSNBRG00000006307	0	0
ENSNBRG00000006308	0	0
ENSNBRG00000006309	0	0
ENSNBRG00000006310	0	0
ENSNBRG00000006311	0	0
ENSNBRG00000006312	0	0
ENSNBRG00000006313	0	0
ENSNBRG00000006314	0	0
ENSNBRG00000006315	0	0
ENSNBRG00000006316	272	276
ENSNBRG00000006317	0	0
ENSNBRG00000006318	0	0
ENSNBRG00000006319	0	0
ENSNBRG00000006320	0	0
ENSNBRG00000006321	0	0
ENSNBRG00000006322	0	0
ENSNBRG00000006323	0	0
ENSNBRG00000006324	0	0
ENSNBRG00000006325	0	0
ENSNBRG00000006326	0	0
ENSNBRG00000006327	29	50
ENSNBRG00000006328	0	0
ENSNBRG00000006329	0	0
ENSNBRG00000006330	35	56
ENSNBRG00000006331	0	0
ENSNBRG00000006332	0	0
ENSNBRG00000006333	0	0
ENSNBRG00000006334	0	0
ENSNBRG00000006335	0	0
ENSNBRG00000006336	0	0
ENSNBRG00000006337	0	0
ENSNBRG00000006338	0	0
ENSNBRG00000006339	0	0
ENSNBRG00000006340	0	0
ENSNBRG00000006341	0	0
ENSNBRG00000006342	0	0
ENSNBRG00000006343	0	0
ENSNBRG00000006344	70	82
ENSNBRG00000006345	0	0
ENSNBRG00000006346	0	0
ENSNBRG00000006347	0	0
ENSNBRG00000006348	0	0
ENSNBRG00000006349	0	0
ENSNBRG00000006350	0	0
ENSNBRG00000006351	0	0
ENSNBRG00000006352	0	0
ENSNBRG00000006353	0	0
ENSNBRG00000006354	0	0
ENSNBRG00000006355	0	0
ENSNBRG00000006356	0	0
ENSNBRG00000006357	0	0
ENSNBRG00000006358	0	0
ENSNBRG00000006359	0	0
ENSNBRG00000006360	0	0
ENSNBRG00000006361	0	0
ENSNBRG00000006362	0	0
ENSNBRG00000006363	0	0
ENSNBRG00000006364	0	0
ENSNBRG00000006365	0	0
ENSNBRG00000006366	0	0
ENSNBRG00000006367	0	0
ENSNBRG00000006368	222	228
ENSNBRG00000006369	0	0
ENSNBRG00000006370	0	0
ENSNBRG00000006371	0	0
ENSNBRG00000006372	281	290
ENSNBRG00000006373	0	0
ENSNBRG00000006374	0	0
ENSNBRG00000006375	16	21
ENSNBRG00000006376	0	0
ENSNBRG00000006377	0	0
ENSNBRG00000006378	0	0
ENSNBRG00000006379	0	0
ENSNBRG00000006380	0	0
ENSNBRG00000006381	166	206
ENSNBRG00000006382	0	0
ENSNBRG00000006383	0	0
ENSNBRG00000006384	0	0
ENSNBRG00000006385	0	0
ENSNBRG00000006386	0	0
ENSNBRG00000006387	0	0
ENSNBRG00000006388	0	0
ENSNBRG00000006389	0	0
ENSNBRG00000006390	0	0
ENSNBRG00000006391	0	0
ENSNBRG00000006392	0	0
ENSNBRG00000006393	0	0
ENSNBRG00000006394	0	0
ENSNBRG00000006395	0	0
ENSNBRG00000006396	0	0
ENSNBRG00000006397	23	36
ENSNBRG00000006398	259	264
ENSNBRG00000006399	0	0
ENSNBRG00000006400	0	0
ENSNBRG00000006401	0	0
ENSNBRG00000006402	0	0
ENSNBRG00000006403	0	0
ENSNBRG00000006404	0	0
ENSNBRG00000006405	0	0
ENSNBRG00000006406	6	29
ENSNBRG00000006407	0	0
ENSNBRG00000006408	0	0
ENSNBRG00000006409	0	0
ENSNBRG00000006410	0	0
ENSNBRG00000006411	0	0
ENSNBRG00000006412	0	0
ENSNBRG00000006413	0	0
ENSNBRG00000006414	0	0
ENSNBRG00000006415	10	45
ENSNBRG00000006416	0	0
ENSNBRG00000006417	0	0
ENSNBRG00000006418	0	0
ENSNBRG00000006419	0	0
ENSNBRG00000006420	0	0
ENSNBRG00000006421	13	46
ENSNBRG00000006422	0	0
ENSNBRG00000006423	0	0
ENSNBRG00000006424	0	0
ENSNBRG00000006425	0	0
ENSNBRG00000006426	0	0
ENSNBRG00000006427	0	0
ENSNBRG00000006428	0	0
ENSNBRG00000006429	0	0
ENSNBRG00000006430	0	0
ENSNBRG00000006431	32	33
ENSNBRG00000006432	0	0
ENSNBRG00000006433	100	126
ENSNBRG00000006434	0	0
ENSNBRG00000006435	0	0
ENSNBRG00000006436	0	0
ENSNBRG00000006437	0	0
ENSNBRG00000006438	0	0
ENSNBRG00000006439	0	0
ENSNBRG00000006440	0	0
ENSNBRG00000006441	0	0
ENSNBRG00000006442	0	0
ENSNBRG00000006443	0	0
ENSNBRG00000006444	0	0
ENSNBRG00000006445	0	0
ENSNBRG00000006446	0	0
ENSNBRG00000006447	0	0
ENSNBRG00000006448	0	0
ENSNBRG00000006449	0	0
ENSNBRG00000006450	0	0
ENSNBRG00000006451	0	0
ENSNBRG00000006452	0	0
ENSNBRG00000006453	29	68
ENSNBRG00000006454	0	0
ENSNBRG00000006455	1	41
ENSNBRG00000006456	0	0
ENSNBRG00000006457	0	0
ENSNBRG00000006458	0	0
ENSNBRG00000006459	0	0
ENSNBRG00000006460	0	0
ENSNBRG00000006461	0	0
ENSNBRG00000006462	0	0
ENSNBRG00000006463	0	0
ENSNBRG00000006464	0	0
ENSNBRG00000006465	0	0
ENSNBRG00000006466	24	36
ENSNBRG00000006467	0	0
ENSNBRG00000006468	0	0
ENSNBRG00000006469	0	0
ENSNBRG00000006470	34	66
ENSNBRG00000006471	0	0
ENSNBRG00000006472	33	50
ENSNBRG00000006473	0	0
ENSNBRG00000006474	0	0
ENSNBRG00000006475	0	0
ENSNBRG00000006476	0	0
ENSNBRG00000006477	0	0
ENSNBRG00000006478	0	0
ENSNBRG00000006479	0	0
ENSNBRG00000006480	0	0
ENSNBRG00000006481	0	0
ENSNBRG00000006482	0	0
ENSNBRG00000006483	0	0
ENSNBRG00000006484	0	0
ENSNBRG00000006485	0	0
ENSNBRG00000006486	0	0
ENSNBRG00000006487	0	0
ENSNBRG00000006488	0	0
ENSNBRG00000006489	0	0
ENSNBRG00000006490	0	0
ENSNBRG00000006491	0	0
ENSNBRG00000006492	0	0
ENSNBRG00000006493	0	0
ENSNBRG00000006494	39	79
ENSNBRG00000006495	0	0
ENSNBRG00000006496	0	0
ENSNBRG00000006497	309	315
ENSNBRG00000006498	0	0
ENSNBRG00000006499	0	0
ENSNBRG00000006500	0	0
ENSNBRG00000006501	0	0
ENSNBRG00000006502	0	0
ENSNBRG00000006503	0	0
ENSNBRG00000006504	0	0
ENSNBRG00000006505	0	0
ENSNBRG00000006506	0	0
ENSNBRG00000006507	43	80
ENSNBRG00000006508	0	0
ENSNBRG00000006509	0	0
ENSNBRG00000006510	0	0
ENSNBRG00000006511	0	0
ENSNBRG00000006512	0	0
ENSNBRG00000006513	0	0
ENSNBRG00000006514	0	0
ENSNBRG00000006515	0	0
ENSNBRG00000006516	0	0
ENSNBRG00000006517	0	0
ENSNBRG00000006518	0	0
ENSNBRG00000006519	0	0
ENSNBRG00000006520	0	0
ENSNBRG00000006521	28	40
ENSNBRG00000006522	39	55
ENSNBRG00000006523	0	0
ENSNBRG00000006524	0	0
ENSNBRG00000006525	0	0
ENSNBRG00000006526	0	0
ENSNBRG00000006527	0	0
ENSNBRG00000006528	0	0
ENSNBRG00000006529	0	0
ENSNBRG00000006530	0	0
ENSNBRG00000006531	0	0
ENSNBRG00000006532	0	0
ENSNBRG00000006533	0	0
ENSNBRG00000006534	0	0
ENSNBRG00000006535	0	0
ENSNBRG00000006536	0	0
ENSNBRG00000006537	0	0
ENSNBRG00000006538	0	0
ENSNBRG00000006539	0	0
ENSNBRG00000006540	0	0
ENSNBRG00000006541	0	0
ENSNBRG00000006542	0	0
ENSNBRG00000006543	0	0
ENSNBRG00000006544	0	0
ENSNBRG00000006545	0	0
ENSNBRG00000006546	0	0
ENSNBRG00000006547	0	0
ENSNBRG00000006548	34	40
ENSNBRG00000006549	7	11
ENSNBRG00000006550	0	0
ENSNBRG00000006551	0	0
ENSNBRG00000006552	272	306
ENSNBRG00000006553	0	0
ENSNBRG00000006554	0	0
ENSNBRG00000006555	0	0
ENSNBRG00000006556	0	0
ENSNBRG00000006557	0	0
ENSNBRG00000006558	0	0
ENSNBRG00000006559	0	0
ENSNBRG00000006560	0	0
ENSNBRG00000006561	38	56
ENSNBRG00000006562	0	0
ENSNBRG00000006563	0	0
ENSNBRG00000006564	0	0
ENSNBRG00000006565	0	0
ENSNBRG00000006566	0	0
ENSNBRG00000006567	0	0
ENSNBRG00000006568	0	0
ENSNBRG00000006569	0	0
ENSNBRG00000006570	0	0
ENSNBRG00000006571	0	0
ENSNBRG00000006572	0	0
ENSNBRG00000006573	134	149
ENSNBRG00000006574	32	33
ENSNBRG00000006575	0	0
ENSNBRG00000006576	0	0
ENSNBRG00000006577	0	0
ENSNBRG00000006578	0	0
ENSNBRG00000006579	0	0
ENSNBRG00000006580	0	0
ENSNBRG00000006581	0	0
ENSNBRG00000006582	0	0
ENSNBRG00000006583	0	0
ENSNBRG00000006584	0	0
ENSNBRG00000006585	0	0
ENSNBRG00000006586	0	0
ENSNBRG00000006587	0	0
ENSNBRG00000006588	0	0
ENSNBRG00000006589	0	0
ENSNBRG00000006590	72	100
ENSNBRG00000006591	0	0
ENSNBRG00000006592	0	0
ENSNBRG00000006593	0	0
ENSNBRG00000006594	0	0
ENSNBRG00000006595	0	0
ENSNBRG00000006596	0	0
ENSNBRG00000006597	0	0
ENSNBRG00000006598	0	0
ENSNBRG00000006599	0	0
ENSNBRG00000006600	0	0
ENSNBRG00000006601	0	0
ENSNBRG00000006602	0	0
ENSNBRG00000006603	0	0
ENSNBRG00000006604	0	0
ENSNBRG00000006605	1235	1269
ENSNBRG00000006606	0	0
ENSNBRG00000006607	0	0
ENSNBRG00000006608	0	0
ENSNBRG00000006609	0	0
ENSNBRG00000006610	0	0
ENSNBRG00000006611	0	0
ENSNBRG00000006612	0	0
ENSNBRG00000006613	0	0
ENSNBRG00000006614	0	0
ENSNBRG00000006615	0	0
ENSNBRG00000006616	0	0
ENSNBRG00000006617	0	0
ENSNBRG00000006618	0	0
ENSNBRG00000006619	0	0
ENSNBRG00000006620	0	0
ENSNBRG00000006621	0	0
ENSNBRG00000006622	0	0
ENSNBRG00000006623	0	0
ENSNBRG00000006624	0	0
ENSNBRG00000006625	0	0
ENSNBRG00000006626	31	59
ENSNBRG00000006627	0	0
ENSNBRG00000006628	0	0
ENSNBRG00000006629	0	0
ENSNBRG00000006630	0	0
ENSNBRG00000006631	0	0
ENSNBRG00000006632	0	0
ENSNBRG00000006633	0	0
ENSNBRG00000006634	0	0
ENSNBRG00000006635	0	0
ENSNBRG00000006636	0	0
ENSNBRG00000006637	0	0
ENSNBRG00000006638	0	0
ENSNBRG00000006639	0	0
ENSNBRG00000006640	0	0
ENSNBRG00000006641	0	0
ENSNBRG00000006642	0	0
ENSNBRG00000006643	0	0
ENSNBRG00000006644	0	0
ENSNBRG00000006645	0	0
ENSNBRG00000006646	0	0
ENSNBRG00000006647	0	0
ENSNBRG00000006648	0	0
ENSNBRG00000006649	0	0
ENSNBRG00000006650	0	0
ENSNBRG00000006651	0	0
ENSNBRG00000006652	0	0
ENSNBRG00000006653	0	0
ENSNBRG00000006654	0	0
ENSNBRG00000006655	0	0
ENSNBRG00000006656	0	0
ENSNBRG00000006657	0	0
ENSNBRG00000006658	0	0
ENSNBRG00000006659	0	0
ENSNBRG00000006660	0	0
ENSNBRG00000006661	0	0
ENSNBRG00000006662	0	0
ENSNBRG00000006663	42	51
ENSNBRG00000006664	0	0
ENSNBRG00000006665	0	0
ENSNBRG00000006666	0	0
ENSNBRG00000006667	0	0
ENSNBRG00000006668	0	0
ENSNBRG00000006669	94	119
ENSNBRG00000006670	3	33
ENSNBRG00000006671	0	0
ENSNBRG00000006672	0	0
ENSNBRG00000006673	0	0
ENSNBRG00000006674	0	0
ENSNBRG00000006675	0	0
ENSNBRG00000006676	0	0
ENSNBRG00000006677	0	0
ENSNBRG00000006678	28	59
ENSNBRG00000006679	0	0
ENSNBRG00000006680	42	57
ENSNBRG00000006681	0	0
ENSNBRG00000006682	0	0
ENSNBRG00000006683	0	0
ENSNBRG00000006684	0	0
ENSNBRG00000006685	0	0
ENSNBRG00000006686	0	0
ENSNBRG00000006687	0	0
ENSNBRG00000006688	0	0
ENSNBRG00000006689	0	0
ENSNBRG00000006690	0	0
ENSNBRG00000006691	0	0
ENSNBRG00000006692	0	0
ENSNBRG00000006693	0	0
ENSNBRG00000006694	0	0
ENSNBRG00000006695	0	0
ENSNBRG00000006696	0	0
ENSNBRG00000006697	0	0
ENSNBRG00000006698	0	0
ENSNBRG00000006699	0	0
ENSNBRG00000006700	26	32
ENSNBRG00000006701	0	0
ENSNBRG00000006702	0	0
ENSNBRG00000006703	0	0
ENSNBRG00000006704	0	0
ENSNBRG00000006705	31	45
ENSNBRG00000006706	0	0
ENSNBRG00000006707	179	198
ENSNBRG00000006708	0	0
ENSNBRG00000006709	0	0
ENSNBRG00000006710	0	0
ENSNBRG00000006711	0	0
ENSNBRG00000006712	98	100
ENSNBRG00000006713	0	0
ENSNBRG00000006714	0	0
ENSNBRG00000006715	0	0
ENSNBRG00000006716	38	46
ENSNBRG00000006717	0	0
ENSNBRG00000006718	79	104
ENSNBRG00000006719	15	37
ENSNBRG00000006720	0	0
ENSNBRG00000006721	60	80
ENSNBRG00000006722	0	0
ENSNBRG00000006723	0	0
ENSNBRG00000006724	0	0
ENSNBRG00000006725	0	0
ENSNBRG00000006726	1	4
ENSNBRG00000006727	0	0
ENSNBRG00000006728	0	0
ENSNBRG00000006729	0	0
ENSNBRG00000006730	0	0
ENSNBRG00000006731	0	0
ENSNBRG00000006732	0	0
ENSNBRG00000006733	0	0
ENSNBRG00000006734	94	115
ENSNBRG00000006735	25	30
ENSNBRG00000006736	20	30
ENSNBRG00000006737	0	0
ENSNBRG00000006738	0	0
ENSNBRG00000006739	10	18
ENSNBRG00000006740	0	0
ENSNBRG00000006741	37	55
ENSNBRG00000006742	0	0
ENSNBRG00000006743	0	0
ENSNBRG00000006744	0	0
ENSNBRG00000006745	0	0
ENSNBRG00000006746	0	0
ENSNBRG00000006747	0	0
ENSNBRG00000006748	0	0
ENSNBRG00000006749	0	0
ENSNBRG00000006750	0	0
ENSNBRG00000006751	0	0
ENSNBRG00000006752	0	0
ENSNBRG00000006753	0	0
ENSNBRG00000006754	0	0
ENSNBRG00000006755	0	0
ENSNBRG00000006756	0	0
ENSNBRG00000006757	0	0
ENSNBRG00000006758	0	0
ENSNBRG00000006759	0	0
ENSNBRG00000006760	0	0
ENSNBRG00000006761	1	8
ENSNBRG00000006762	0	0
ENSNBRG00000006763	24	42
ENSNBRG00000006764	0	0
ENSNBRG00000006765	0	0
ENSNBRG00000006766	0	0
ENSNBRG00000006767	0	0
ENSNBRG00000006768	31	57
ENSNBRG00000006769	0	0
ENSNBRG00000006770	0	0
ENSNBRG00000006771	0	0
ENSNBRG00000006772	0	0
ENSNBRG00000006773	0	0
ENSNBRG00000006774	0	0
ENSNBRG00000006775	0	0
ENSNBRG00000006776	0	0
ENSNBRG00000006777	0	0
ENSNBRG00000006778	0	0
ENSNBRG00000006779	0	0
ENSNBRG00000006780	0	0
ENSNBRG00000006781	0	0
ENSNBRG00000006782	0	0
ENSNBRG00000006783	74	115
ENSNBRG00000006784	0	0
ENSNBRG00000006785	0	0
ENSNBRG00000006786	0	0
ENSNBRG00000006787	44	45
ENSNBRG00000006788	0	0
ENSNBRG00000006789	0	0
ENSNBRG00000006790	31	67
ENSNBRG00000006791	15	50
ENSNBRG00000006792	0	0
ENSNBRG00000006793	0	0
ENSNBRG00000006794	0	0
ENSNBRG00000006795	0	0
ENSNBRG00000006796	0	0
ENSNBRG00000006797	0	0
ENSNBRG00000006798	0	0
ENSNBRG00000006799	0	0
ENSNBRG00000006800	0	0
ENSNBRG00000006801	0	0
ENSNBRG00000006802	0	0
ENSNBRG00000006803	0	0
ENSNBRG00000006804	0	0
ENSNBRG00000006805	0	0
ENSNBRG00000006806	0	0
ENSNBRG00000006807	0	0
ENSNBRG00000006808	0	0
ENSNBRG00000006809	0	0
ENSNBRG00000006810	0	0
ENSNBRG00000006811	0	0
ENSNBRG00000006812	864	901
ENSNBRG00000006813	0	0
ENSNBRG00000006814	0	0
ENSNBRG00000006815	0	0
ENSNBRG00000006816	0	0
ENSNBRG00000006817	0	0
ENSNBRG00000006818	0	0
ENSNBRG00000006819	0	0
ENSNBRG00000006820	21	56
ENSNBRG00000006821	0	0
ENSNBRG00000006822	0	0
ENSNBRG00000006823	517	549
ENSNBRG00000006824	0	0
ENSNBRG00000006825	0	0
ENSNBRG00000006826	0	0
ENSNBRG00000006827	0	0
ENSNBRG00000006828	0	0
ENSNBRG00000006829	0	0
ENSNBRG00000006830	44	57
ENSNBRG00000006831	0	0
ENSNBRG00000006832	0	0
ENSNBRG00000006833	0	0
ENSNBRG00000006834	33	52
ENSNBRG00000006835	0	0
ENSNBRG00000006836	28	33
ENSNBRG00000006837	0	0
ENSNBRG00000006838	0	0
ENSNBRG00000006839	0	0
ENSNBRG00000006840	0	0
ENSNBRG00000006841	0	0
ENSNBRG00000006842	0	0
ENSNBRG00000006843	0	0
ENSNBRG00000006844	0	0
ENSNBRG00000006845	0	0
ENSNBRG00000006846	0	0
ENSNBRG00000006847	0	0
ENSNBRG00000006848	0	0
ENSNBRG00000006849	0	0
ENSNBRG00000006850	0	0
ENSNBRG00000006851	0	0
ENSNBRG00000006852	0	0
ENSNBRG00000006853	0	0
ENSNBRG00000006854	0	0
ENSNBRG00000006855	0	0
ENSNBRG00000006856	58	63
ENSNBRG00000006857	0	0
ENSNBRG00000006858	0	0
ENSNBRG00000006859	0	0
ENSNBRG00000006860	0	0
ENSNBRG00000006861	21	61
ENSNBRG00000006862	0	0
ENSNBRG00000006863	0	0
ENSNBRG00000006864	0	0
ENSNBRG00000006865	0	0
ENSNBRG00000006866	0	0
ENSNBRG00000006867	0	0
ENSNBRG00000006868	0	0
ENSNBRG00000006869	0	0
ENSNBRG00000006870	0	0
ENSNBRG00000006871	0	0
ENSNBRG00000006872	0	0
ENSNBRG00000006873	0	0
ENSNBRG00000006874	0	0
ENSNBRG00000006875	0	0
ENSNBRG00000006876	0	0
ENSNBRG00000006877	0	0
ENSNBRG00000006878	0	0
ENSNBRG00000006879	0	0
ENSNBRG00000006880	0	0
ENSNBRG00000006881	1	30
ENSNBRG00000006882	0	0
ENSNBRG00000006883	0	0
ENSNBRG00000006884	0	0
ENSNBRG00000006885	0	0
ENSNBRG00000006886	0	0
ENSNBRG00000006887	0	0
ENSNBRG00000006888	29	72
ENSNBRG00000006889	0	0
ENSNBRG00000006890	0	0
ENSNBRG00000006891	0	0
ENSNBRG00000006892	0	0
ENSNBRG00000006893	0	0
ENSNBRG00000006894	0	0
ENSNBRG00000006895	0	0
ENSNBRG00000006896	0	0
ENSNBRG00000006897	26	52
ENSNBRG00000006898	0	0
ENSNBRG00000006899	0	0
ENSNBRG00000006900	0	0
ENSNBRG00000006901	0	0
ENSNBRG00000006902	0	0
ENSNBRG00000006903	0	0
ENSNBRG00000006904	0	0
ENSNBRG00000006905	0	0
ENSNBRG00000006906	0	0
ENSNBRG00000006907	0	0
ENSNBRG00000006908	0	0
ENSNBRG00000006909	0	0
ENSNBRG00000006910	0	0
ENSNBRG00000006911	46	57
ENSNBRG00000006912	0	0
ENSNBRG00000006913	0	0
ENSNBRG00000006914	0	0
ENSNBRG00000006915	0	0
ENSNBRG00000006916	0	0
ENSNBRG00000006917	0	0
ENSNBRG00000006918	0	0
ENSNBRG00000006919	0	0
ENSNBRG00000006920	0	0
ENSNBRG00000006921	0	0
ENSNBRG00000006922	0	0
ENSNBRG00000006923	0	0
ENSNBRG00000006924	0	0
ENSNBRG00000006925	0	0
ENSNBRG00000006926	6	22
ENSNBRG00000006927	122	159
ENSNBRG00000006928	0	0
ENSNBRG00000006929	0	0
ENSNBRG00000006930	0	0
ENSNBRG00000006931	0	0
ENSNBRG00000006932	0	0
ENSNBRG00000006933	23	61
ENSNBRG00000006934	0	0
ENSNBRG00000006935	0	0
ENSNBRG00000006936	0	0
ENSNBRG00000006937	0	0
ENSNBRG00000006938	17	29
ENSNBRG00000006939	0	0
ENSNBRG00000006940	0	0
ENSNBRG00000006941	0	0
ENSNBRG00000006942	0	0
ENSNBRG00000006943	0	0
ENSNBRG00000006944	0	0
ENSNBRG00000006945	0	0
ENSNBRG00000006946	0	0
ENSNBRG00000006947	0	0
ENSNBRG00000006948	0	0
ENSNBRG00000006949	0	0
ENSNBRG00000006950	0	0
ENSNBRG00000006951	0	0
ENSNBRG00000006952	0	0
ENSNBRG00000006953	0	0
ENSNBRG00000006954	0	0
ENSNBRG00000006955	0	0
ENSNBRG00000006956	0	0
ENSNBRG00000006957	0	0
ENSNBRG00000006958	6560	6603
ENSNBRG00000006959	0	0
ENSNBRG00000006960	0	0
ENSNBRG00000006961	0	0
ENSNBRG00000006962	0	0
ENSNBRG00000006963	0	0
ENSNBRG00000006964	0	0
ENSNBRG00000006965	0	0
ENSNBRG00000006966	1	18
ENSNBRG00000006967	0	0
ENSNBRG00000006968	0	0
ENSNBRG00000006969	19	37
ENSNBRG00000006970	0	0
ENSNBRG00000006971	0	0
ENSNBRG00000006972	0	0
ENSNBRG00000006973	0	0
ENSNBRG00000006974	0	0
ENSNBRG00000006975	0	0
ENSNBRG00000006976	0	0
ENSNBRG00000006977	0	0
ENSNBRG00000006978	0	0
ENSNBRG00000006979	17	23
ENSNBRG00000006980	0	0
ENSNBRG00000006981	0	0
ENSNBRG00000006982	0	0
ENSNBRG00000006983	0	0
ENSNBRG00000006984	0	0
ENSNBRG00000006985	0	0
ENSNBRG00000006986	0	0
ENSNBRG00000006987	0	0
ENSNBRG00000006988	0	0
ENSNBRG00000006989	0	0
ENSNBRG00000006990	0	0
ENSNBRG00000006991	0	0
ENSNBRG00000006992	0	0
ENSNBRG00000006993	0	0
ENSNBRG00000006994	0	0
ENSNBRG00000006995	0	0
ENSNBRG00000006996	0	0
ENSNBRG00000006997	0	0
ENSNBRG00000006998	0	0
ENSNBRG00000006999	0	0
ENSNBRG00000007000	81	89
ENSNBRG00000007001	0	0
ENSNBRG00000007002	0	0
ENSNBRG00000007003	0	0
ENSNBRG00000007004	0	0
ENSNBRG00000007005	0	0
ENSNBRG00000007006	0	0
ENSNBRG00000007007	0	0
ENSNBRG00000007008	0	0
ENSNBRG00000007009	0	0
ENSNBRG00000007010	0	0
ENSNBRG00000007011	0	0
ENSNBRG00000007012	0	0
ENSNBRG00000007013	2	13
ENSNBRG00000007014	0	0
ENSNBRG00000007015	0	0
ENSNBRG00000007016	222	239
ENSNBRG00000007017	0	0
ENSNBRG00000007018	0	0
ENSNBRG00000007019	0	0
ENSNBRG00000007020	0	0
ENSNBRG00000007021	41	52
ENSNBRG00000007022	0	0
ENSNBRG00000007023	0	0
ENSNBRG00000007024	0	0
ENSNBRG00000007025	0	0
ENSNBRG00000007026	0	0
ENSNBRG00000007027	0	0
ENSNBRG00000007028	0	0
ENSNBRG00000007029	0	0
ENSNBRG00000007030	0	0
ENSNBRG00000007031	41	51
ENSNBRG00000007032	0	0
ENSNBRG00000007033	0	0
ENSNBRG00000007034	0	0
ENSNBRG00000007035	0	0
ENSNBRG00000007036	0	0
ENSNBRG00000007037	0	0
ENSNBRG00000007038	0	0
ENSNBRG00000007039	0	0
ENSNBRG00000007040	0	0
ENSNBRG00000007041	0	0
ENSNBRG00000007042	0	0
ENSNBRG00000007043	0	0
ENSNBRG00000007044	0	0
ENSNBRG00000007045	0	0
ENSNBRG00000007046	0	0
ENSNBRG00000007047	0	0
ENSNBRG00000007048	326	365
ENSNBRG00000007049	0	0
ENSNBRG00000007050	0	0
ENSNBRG00000007051	0	0
ENSNBRG00000007052	0	0
ENSNBRG00000007053	0	0
ENSNBRG00000007054	0	0
ENSNBRG00000007055	0	0
ENSNBRG00000007056	0	0
ENSNBRG00000007057	0	0
ENSNBRG00000007058	0	0
ENSNBRG00000007059	0	0
ENSNBRG00000007060	0	0
ENSNBRG00000007061	0	0
ENSNBRG00000007062	0	0
ENSNBRG00000007063	0	0
ENSNBRG00000007064	0	0
ENSNBRG00000007065	0	0
ENSNBRG00000007066	0	0
ENSNBRG00000007067	26	35
ENSNBRG00000007068	114	147
ENSNBRG00000007069	0	0
ENSNBRG00000007070	0	0
ENSNBRG00000007071	0	0
ENSNBRG00000007072	0	0
ENSNBRG00000007073	0	0
ENSNBRG00000007074	0	0
ENSNBRG00000007075	0	0
ENSNBRG00000007076	0	0
ENSNBRG00000007077	0	0
ENSNBRG00000007078	0	0
ENSNBRG00000007079	0	0
ENSNBRG00000007080	0	0
ENSNBRG00000007081	0	0
ENSNBRG00000007082	0	0
ENSNBRG00000007083	0	0
ENSNBRG00000007084	0	0
ENSNBRG00000007085	0	0
ENSNBRG00000007086	0	0
ENSNBRG00000007087	29	61
ENSNBRG00000007088	0	0
ENSNBRG00000007089	0	0
ENSNBRG00000007090	0	0
ENSNBRG00000007091	0	0
ENSNBRG00000007092	0	0
ENSNBRG00000007093	0	0
ENSNBRG00000007094	0	0
ENSNBRG00000007095	0	0
ENSNBRG00000007096	0	0
ENSNBRG00000007097	0	0
ENSNBRG00000007098	0	0
ENSNBRG00000007099	0	0
ENSNBRG00000007100	0	0
ENSNBRG00000007101	25	59
ENSNBRG00000007102	0	0
ENSNBRG00000007103	0	0
ENSNBRG00000007104	0	0
ENSNBRG00000007105	0	0
ENSNBRG00000007106	27	54
ENSNBRG00000007107	0	0
ENSNBRG00000007108	0	0
ENSNBRG00000007109	0	0
ENSNBRG00000007110	0	0
ENSNBRG00000007111	31	36
ENSNBRG00000007112	0	0
ENSNBRG00000007113	14	36
ENSNBRG00000007114	0	0
ENSNBRG00000007115	0	0
ENSNBRG00000007116	0	0
ENSNBRG00000007117	0	0
ENSNBRG00000007118	0	0
ENSNBRG00000007119	0	0
ENSNBRG00000007120	0	0
ENSNBRG00000007121	0	0
ENSNBRG00000007122	0	0
ENSNBRG00000007123	0	0
ENSNBRG00000007124	0	0
ENSNBRG00000007125	0	0
ENSNBRG00000007126	0	0
ENSNBRG00000007127	0	0
ENSNBRG00000007128	0	0
ENSNBRG00000007129	0	0
ENSNBRG00000007130	0	0
ENSNBRG00000007131	0	0
ENSNBRG00000007132	0	0
ENSNBRG00000007133	0	0
ENSNBRG00000007134	0	0
ENSNBRG00000007135	0	0
ENSNBRG00000007136	0	0
ENSNBRG00000007137	0	0
ENSNBRG00000007138	0	0
ENSNBRG00000007139	0	0
ENSNBRG00000007140	0	0
ENSNBRG00000007141	0	0
ENSNBRG00000007142	0	0
ENSNBRG00000007143	0	0
ENSNBRG00000007144	0	0
ENSNBRG00000007145	0	0
ENSNBRG00000007146	0	0
ENSNBRG00000007147	18	44
ENSNBRG00000007148	0	0
ENSNBRG00000007149	0	0
ENSNBRG00000007150	0	0
ENSNBRG00000007151	0	0
ENSNBRG00000007152	41	65
ENSNBRG00000007153	0	0
ENSNBRG00000007154	0	0
ENSNBRG00000007155	0	0
ENSNBRG00000007156	0	0
ENSNBRG00000007157	0	0
ENSNBRG00000007158	0	0
ENSNBRG00000007159	0	0
ENSNBRG00000007160	0	0
ENSNBRG00000007161	35	68
ENSNBRG00000007162	0	0
ENSNBRG00000007163	0	0
ENSNBRG00000007164	1	21
ENSNBRG00000007165	0	0
ENSNBRG00000007166	0	0
ENSNBRG00000007167	40	46
ENSNBRG00000007168	0	0
ENSNBRG00000007169	0	0
ENSNBRG00000007170	162	165
ENSNBRG00000007171	0	0
ENSNBRG00000007172	0	0
ENSNBRG00000007173	0	0
ENSNBRG00000007174	0	0
ENSNBRG00000007175	0	0
ENSNBRG00000007176	11	41
ENSNBRG00000007177	0	0
ENSNBRG00000007178	0	0
ENSNBRG00000007179	119	157
ENSNBRG00000007180	0	0
ENSNBRG00000007181	0	0
ENSNBRG00000007182	0	0
ENSNBRG00000007183	0	0
ENSNBRG00000007184	0	0
ENSNBRG00000007185	11	44
ENSNBRG00000007186	0	0
ENSNBRG00000007187	0	0
ENSNBRG00000007188	0	0
ENSNBRG00000007189	0	0
ENSNBRG00000007190	0	0
ENSNBRG00000007191	0	0
ENSNBRG00000007192	0	0
ENSNBRG00000007193	0	0
ENSNBRG00000007194	0	0
ENSNBRG00000007195	0	0
ENSNBRG00000007196	102	119
ENSNBRG00000007197	0	0
ENSNBRG00000007198	0	0
ENSNBRG00000007199	32	58
ENSNBRG00000007200	0	0
ENSNBRG00000007201	0	0
ENSNBRG00000007202	0	0
ENSNBRG00000007203	22	53
ENSNBRG00000007204	0	0
ENSNBRG00000007205	0	0
ENSNBRG00000007206	0	0
ENSNBRG00000007207	0	0
ENSNBRG00000007208	0	0
ENSNBRG00000007209	0	0
ENSNBRG00000007210	0	0
ENSNBRG00000007211	0	0
ENSNBRG00000007212	0	0
ENSNBRG00000007213	0	0
ENSNBRG00000007214	0	0
ENSNBRG00000007215	27	46
ENSNBRG00000007216	0	0
ENSNBRG00000007217	0	0
ENSNBRG00000007218	0	0
ENSNBRG00000007219	14	36
ENSNBRG00000007220	0	0
ENSNBRG00000007221	8	33
ENSNBRG00000007222	0	0
ENSNBRG00000007223	0	0
ENSNBRG00000007224	0	0
ENSNBRG00000007225	0	0
ENSNBRG00000007226	0	0
ENSNBRG00000007227	0	0
ENSNBRG00000007228	0	0
ENSNBRG00000007229	0	0
ENSNBRG00000007230	0	0
ENSNBRG00000007231	0	0
ENSNBRG00000007232	0	0
ENSNBRG00000007233	0	0
ENSNBRG00000007234	0	0
ENSNBRG00000007235	27	64
ENSNBRG00000007236	0	0
ENSNBRG00000007237	0	0
ENSNBRG00000007238	0	0
ENSNBRG00000007239	0	0
ENSNBRG00000007240	0	0
ENSNBRG00000007241	0	0
ENSNBRG00000007242	0	0
ENSNBRG00000007243	0	0
ENSNBRG00000007244	0	0
ENSNBRG00000007245	0	0
ENSNBRG00000007246	0	0
ENSNBRG00000007247	6	32
ENSNBRG00000007248	0	0
ENSNBRG00000007249	0	0
ENSNBRG00000007250	0	0
ENSNBRG00000007251	0	0
ENSNBRG00000007252	0	0
ENSNBRG00000007253	0	0
ENSNBRG00000007254	0	0
ENSNBRG00000007255	0	0
ENSNBRG00000007256	0	0
ENSNBRG00000007257	36	76
ENSNBRG00000007258	0	0
ENSNBRG00000007259	57	78
ENSNBRG00000007260	0	0
ENSNBRG00000007261	0	0
ENSNBRG00000007262	0	0
ENSNBRG00000007263	30	32
ENSNBRG00000007264	0	0
ENSNBRG00000007265	0	0
ENSNBRG00000007266	0	0
ENSNBRG00000007267	0	0
ENSNBRG00000007268	0	0
ENSNBRG00000007269	0	0
ENSNBRG00000007270	16	26
ENSNBRG00000007271	0	0
ENSNBRG00000007272	0	0
ENSNBRG00000007273	0	0
ENSNBRG00000007274	0	0
ENSNBRG00000007275	34	51
ENSNBRG00000007276	0	0
ENSNBRG00000007277	0	0
ENSNBRG00000007278	0	0
ENSNBRG00000007279	19	31
ENSNBRG00000007280	0	0
ENSNBRG00000007281	0	0
ENSNBRG00000007282	0	0
ENSNBRG00000007283	0	0
ENSNBRG00000007284	0	0
ENSNBRG00000007285	0	0
ENSNBRG00000007286	0	0
ENSNBRG00000007287	0	0
ENSNBRG00000007288	0	0
ENSNBRG00000007289	0	0
ENSNBRG00000007290	0	0
ENSNBRG00000007291	0	0
ENSNBRG00000007292	0	0
ENSNBRG00000007293	0	0
ENSNBRG00000007294	0	0
ENSNBRG00000007295	0	0
ENSNBRG00000007296	22	36
ENSNBRG00000007297	12	20
ENSNBRG00000007298	0	0
ENSNBRG00000007299	0	0
ENSNBRG00000007300	0	0
ENSNBRG00000007301	0	0
ENSNBRG00000007302	0	0
ENSNBRG00000007303	0	0
ENSNBRG00000007304	0	0
ENSNBRG00000007305	0	0
ENSNBRG00000007306	0	0
ENSNBRG00000007307	0	0
ENSNBRG00000007308	1	33
ENSNBRG00000007309	0	0
ENSNBRG00000007310	0	0
ENSNBRG00000007311	0	0
ENSNBRG00000007312	0	0
ENSNBRG00000007313	0	0
ENSNBRG00000007314	0	0
ENSNBRG00000007315	0	0
ENSNBRG00000007316	0	0
ENSNBRG00000007317	0	0
ENSNBRG00000007318	0	0
ENSNBRG00000007319	0	0
ENSNBRG00000007320	0	0
ENSNBRG00000007321	0	0
ENSNBRG00000007322	0	0
ENSNBRG00000007323	0	0
ENSNBRG00000007324	0	0
ENSNBRG00000007325	0	0
ENSNBRG00000007326	0	0
ENSNBRG00000007327	0	0
ENSNBRG00000007328	0	0
ENSNBRG00000007329	0	0
ENSNBRG00000007330	0	0
ENSNBRG00000007331	0	0
ENSNBRG00000007332	0	0
ENSNBRG00000007333	25	40
ENSNBRG00000007334	0	0
ENSNBRG00000007335	17	41
ENSNBRG00000007336	0	0
ENSNBRG00000007337	0	0
ENSNBRG00000007338	0	0
ENSNBRG00000007339	0	0
ENSNBRG00000007340	0	0
ENSNBRG00000007341	0	0
ENSNBRG00000007342	0	0
ENSNBRG00000007343	0	0
ENSNBRG00000007344	0	0
ENSNBRG00000007345	0	0
ENSNBRG00000007346	0	0
ENSNBRG00000007347	0	0
ENSNBRG00000007348	0	0
ENSNBRG00000007349	0	0
ENSNBRG00000007350	32	55
ENSNBRG00000007351	31	32
ENSNBRG00000007352	0	0
ENSNBRG00000007353	0	0
ENSNBRG00000007354	0	0
ENSNBRG00000007355	0	0
ENSNBRG00000007356	0	0
ENSNBRG00000007357	0	0
ENSNBRG00000007358	0	0
ENSNBRG00000007359	0	0
ENSNBRG00000007360	0	0
ENSNBRG00000007361	0	0
ENSNBRG00000007362	0	0
ENSNBRG00000007363	0	0
ENSNBRG00000007364	0	0
ENSNBRG00000007365	14	26
ENSNBRG00000007366	0	0
ENSNBRG00000007367	0	0
ENSNBRG00000007368	0	0
ENSNBRG00000007369	19	22
ENSNBRG00000007370	0	0
ENSNBRG00000007371	0	0
ENSNBRG00000007372	0	0
ENSNBRG00000007373	27	53
ENSNBRG00000007374	41	82
ENSNBRG00000007375	4	47
ENSNBRG00000007376	0	0
ENSNBRG00000007377	0	0
ENSNBRG00000007378	0	0
ENSNBRG00000007379	0	0
ENSNBRG00000007380	0	0
ENSNBRG00000007381	0	0
ENSNBRG00000007382	0	0
ENSNBRG00000007383	0	0
ENSNBRG00000007384	0	0
ENSNBRG00000007385	24	35
ENSNBRG00000007386	0	0
ENSNBRG00000007387	34	59
ENSNBRG00000007388	0	0
ENSNBRG00000007389	0	0
ENSNBRG00000007390	0	0
ENSNBRG00000007391	0	0
ENSNBRG00000007392	0	0
ENSNBRG00000007393	0	0
ENSNBRG00000007394	0	0
ENSNBRG00000007395	0	0
ENSNBRG00000007396	0	0
ENSNBRG00000007397	0	0
ENSNBRG00000007398	0	0
ENSNBRG00000007399	0	0
ENSNBRG00000007400	0	0
ENSNBRG00000007401	0	0
ENSNBRG00000007402	0	0
ENSNBRG00000007403	0	0
ENSNBRG00000007404	0	0
ENSNBRG00000007405	0	0
ENSNBRG00000007406	0	0
ENSNBRG00000007407	0	0
ENSNBRG00000007408	0	0
ENSNBRG00000007409	0	0
ENSNBRG00000007410	0	0
ENSNBRG00000007411	0	0
ENSNBRG00000007412	0	0
ENSNBRG00000007413	0	0
ENSNBRG00000007414	0	0
ENSNBRG00000007415	0	0
ENSNBRG00000007416	0	0
ENSNBRG00000007417	0	0
ENSNBRG00000007418	0	0
ENSNBRG00000007419	0	0
ENSNBRG00000007420	0	0
ENSNBRG00000007421	0	0
ENSNBRG00000007422	0	0
ENSNBRG00000007423	0	0
ENSNBRG00000007424	83	119
ENSNBRG00000007425	0	0
ENSNBRG00000007426	0	0
ENSNBRG00000007427	0	0
ENSNBRG00000007428	0	0
ENSNBRG00000007429	0	0
ENSNBRG00000007430	0	0
ENSNBRG00000007431	0	0
ENSNBRG00000007432	0	0
ENSNBRG00000007433	0	0
ENSNBRG00000007434	0	0
ENSNBRG00000007435	0	0
ENSNBRG00000007436	0	0
ENSNBRG00000007437	0	0
ENSNBRG00000007438	0	0
ENSNBRG00000007439	0	0
ENSNBRG00000007440	0	0
ENSNBRG00000007441	29	68
ENSNBRG00000007442	0	0
ENSNBRG00000007443	0	0
ENSNBRG00000007444	0	0
ENSNBRG00000007445	0	0
ENSNBRG00000007446	0	0
ENSNBRG00000007447	0	0
ENSNBRG00000007448	0	0
ENSNBRG00000007449	0	0
ENSNBRG00000007450	0	0
ENSNBRG00000007451	0	0
ENSNBRG00000007452	0	0
ENSNBRG00000007453	42	84
ENSNBRG00000007454	0	0
ENSNBRG00000007455	0	0
ENSNBRG00000007456	0	0
ENSNBRG00000007457	0	0
ENSNBRG00000007458	0	0
ENSNBRG00000007459	0	0
ENSNBRG00000007460	0	0
ENSNBRG00000007461	0	0
ENSNBRG00000007462	0	0
ENSNBRG00000007463	0	0
ENSNBRG00000007464	40	75
ENSNBRG00000007465	93	121
ENSNBRG00000007466	0	0
ENSNBRG00000007467	84	99
ENSNBRG00000007468	0	0
ENSNBRG00000007469	0	0
ENSNBRG00000007470	0	0
ENSNBRG00000007471	0	0
ENSNBRG00000007472	0	0
ENSNBRG00000007473	0	0
ENSNBRG00000007474	0	0
ENSNBRG00000007475	0	0
ENSNBRG00000007476	0	0
ENSNBRG00000007477	0	0
ENSNBRG00000007478	0	0
ENSNBRG00000007479	0	0
ENSNBRG00000007480	0	0
ENSNBRG00000007481	0	0
ENSNBRG00000007482	0	0
ENSNBRG00000007483	27	60
ENSNBRG00000007484	0	0
ENSNBRG00000007485	0	0
ENSNBRG00000007486	554	566
ENSNBRG00000007487	0	0
ENSNBRG00000007488	0	0
ENSNBRG00000007489	0	0
ENSNBRG00000007490	0	0
ENSNBRG00000007491	0	0
ENSNBRG00000007492	0	0
ENSNBRG00000007493	0	0
ENSNBRG00000007494	40	76
ENSNBRG00000007495	0	0
ENSNBRG00000007496	0	0
ENSNBRG00000007497	0	0
ENSNBRG00000007498	0	0
ENSNBRG00000007499	0	0
ENSNBRG00000007500	0	0
ENSNBRG00000007501	0	0
ENSNBRG00000007502	0	0
ENSNBRG00000007503	0	0
ENSNBRG00000007504	0	0
ENSNBRG00000007505	0	0
ENSNBRG00000007506	0	0
ENSNBRG00000007507	0	0
ENSNBRG00000007508	0	0
ENSNBRG00000007509	0	0
ENSNBRG00000007510	0	0
ENSNBRG00000007511	0	0
ENSNBRG00000007512	0	0
ENSNBRG00000007513	0	0
ENSNBRG00000007514	0	0
ENSNBRG00000007515	0	0
ENSNBRG00000007516	0	0
ENSNBRG00000007517	0	0
ENSNBRG00000007518	0	0
ENSNBRG00000007519	0	0
ENSNBRG00000007520	33	44
ENSNBRG00000007521	0	0
ENSNBRG00000007522	0	0
ENSNBRG00000007523	0	0
ENSNBRG00000007524	0	0
ENSNBRG00000007525	0	0
ENSNBRG00000007526	0	0
ENSNBRG00000007527	0	0
ENSNBRG00000007528	0	0
ENSNBRG00000007529	0	0
ENSNBRG00000007530	0	0
ENSNBRG00000007531	0	0
ENSNBRG00000007532	0	0
ENSNBRG00000007533	0	0
ENSNBRG00000007534	0	0
ENSNBRG00000007535	26	36
ENSNBRG00000007536	0	0
ENSNBRG00000007537	0	0
ENSNBRG00000007538	0	0
ENSNBRG00000007539	246	288
ENSNBRG00000007540	0	0
ENSNBRG00000007541	0	0
ENSNBRG00000007542	0	0
ENSNBRG00000007543	0	0
ENSNBRG00000007544	0	0
ENSNBRG00000007545	0	0
ENSNBRG00000007546	0	0
ENSNBRG00000007547	0	0
ENSNBRG00000007548	0	0
ENSNBRG00000007549	0	0
ENSNBRG00000007550	269	289
ENSNBRG00000007551	0	0
ENSNBRG00000007552	0	0
ENSNBRG00000007553	0	0
ENSNBRG00000007554	0	0
ENSNBRG00000007555	0	0
ENSNBRG00000007556	0	0
ENSNBRG00000007557	0	0
ENSNBRG00000007558	0	0
ENSNBRG00000007559	0	0
ENSNBRG00000007560	0	0
ENSNBRG00000007561	0	0
ENSNBRG00000007562	0	0
ENSNBRG00000007563	0	0
ENSNBRG00000007564	0	0
ENSNBRG00000007565	0	0
ENSNBRG00000007566	0	0
ENSNBRG00000007567	0	0
ENSNBRG00000007568	0	0
ENSNBRG00000007569	0	0
ENSNBRG00000007570	0	0
ENSNBRG00000007571	0	0
ENSNBRG00000007572	0	0
ENSNBRG00000007573	0	0
ENSNBRG00000007574	0	0
ENSNBRG00000007575	52	75
ENSNBRG00000007576	0	0
ENSNBRG00000007577	0	0
ENSNBRG00000007578	0	0
ENSNBRG00000007579	0	0
ENSNBRG00000007580	0	0
ENSNBRG00000007581	0	0
ENSNBRG00000007582	0	0
ENSNBRG00000007583	0	0
ENSNBRG00000007584	0	0
ENSNBRG00000007585	0	0
ENSNBRG00000007586	0	0
ENSNBRG00000007587	0	0
ENSNBRG00000007588	0	0
ENSNBRG00000007589	0	0
ENSNBRG00000007590	59	95
ENSNBRG00000007591	0	0
ENSNBRG00000007592	0	0
ENSNBRG00000007593	0	0
ENSNBRG00000007594	0	0
ENSNBRG00000007595	0	0
ENSNBRG00000007596	0	0
ENSNBRG00000007597	0	0
ENSNBRG00000007598	0	0
ENSNBRG00000007599	0	0
ENSNBRG00000007600	0	0
ENSNBRG00000007601	0	0
ENSNBRG00000007602	0	0
ENSNBRG00000007603	0	0
ENSNBRG00000007604	0	0
ENSNBRG00000007605	0	0
ENSNBRG00000007606	0	0
ENSNBRG00000007607	0	0
ENSNBRG00000007608	0	0
ENSNBRG00000007609	0	0
ENSNBRG00000007610	42	85
ENSNBRG00000007611	0	0
ENSNBRG00000007612	0	0
ENSNBRG00000007613	0	0
ENSNBRG00000007614	0	0
ENSNBRG00000007615	0	0
ENSNBRG00000007616	0	0
ENSNBRG00000007617	0	0
ENSNBRG00000007618	0	0
ENSNBRG00000007619	37	78
ENSNBRG00000007620	0	0
ENSNBRG00000007621	0	0
ENSNBRG00000007622	0	0
ENSNBRG00000007623	0	0
ENSNBRG00000007624	0	0
ENSNBRG00000007625	0	0
ENSNBRG00000007626	0	0
ENSNBRG00000007627	0	0
ENSNBRG00000007628	28	52
ENSNBRG00000007629	0	0
ENSNBRG00000007630	0	0
ENSNBRG00000007631	0	0
ENSNBRG00000007632	0	0
ENSNBRG00000007633	0	0
ENSNBRG00000007634	0	0
ENSNBRG00000007635	0	0
ENSNBRG00000007636	32	74
ENSNBRG00000007637	0	0
ENSNBRG00000007638	0	0
ENSNBRG00000007639	0	0
ENSNBRG00000007640	0	0
ENSNBRG00000007641	0	0
ENSNBRG00000007642	0	0
ENSNBRG00000007643	0	0
ENSNBRG00000007644	0	0
ENSNBRG00000007645	0	0
ENSNBRG00000007646	0	0
ENSNBRG00000007647	0	0
ENSNBRG00000007648	0	0
ENSNBRG00000007649	0	0
ENSNBRG00000007650	0	0
ENSNBRG00000007651	0	0
ENSNBRG00000007652	0	0
ENSNBRG00000007653	0	0
ENSNBRG00000007654	0	0
ENSNBRG00000007655	0	0
ENSNBRG00000007656	0	0
ENSNBRG00000007657	29	57
ENSNBRG00000007658	0	0
ENSNBRG00000007659	0	0
ENSNBRG00000007660	0	0
ENSNBRG00000007661	0	0
ENSNBRG00000007662	0	0
ENSNBRG00000007663	0	0
ENSNBRG00000007664	1	41
ENSNBRG00000007665	0	0
ENSNBRG00000007666	85	120
ENSNBRG00000007667	0	0
ENSNBRG00000007668	0	0
ENSNBRG00000007669	0	0
ENSNBRG00000007670	0	0
ENSNBRG00000007671	0	0
ENSNBRG00000007672	114	115
ENSNBRG00000007673	0	0
ENSNBRG00000007674	0	0
ENSNBRG00000007675	0	0
ENSNBRG00000007676	0	0
ENSNBRG00000007677	0	0
ENSNBRG00000007678	0	0
ENSNBRG00000007679	0	0
ENSNBRG00000007680	0	0
ENSNBRG00000007681	0	0
ENSNBRG00000007682	37	58
ENSNBRG00000007683	0	0
ENSNBRG00000007684	0	0
ENSNBRG00000007685	0	0
ENSNBRG00000007686	0	0
ENSNBRG00000007687	0	0
ENSNBRG00000007688	14	25
ENSNBRG00000007689	59	62
ENSNBRG00000007690	0	0
ENSNBRG00000007691	26	39
ENSNBRG00000007692	31	57
ENSNBRG00000007693	0	0
ENSNBRG00000007694	0	0
ENSNBRG00000007695	0	0
ENSNBRG00000007696	0	0
ENSNBRG00000007697	0	0
ENSNBRG00000007698	0	0
ENSNBRG00000007699	0	0
ENSNBRG00000007700	0	0
ENSNBRG00000007701	0	0
ENSNBRG00000007702	0	0
ENSNBRG00000007703	0	0
ENSNBRG00000007704	0	0
ENSNBRG00000007705	0	0
ENSNBRG00000007706	0	0
ENSNBRG00000007707	0	0
ENSNBRG00000007708	0	0
ENSNBRG00000007709	0	0
ENSNBRG00000007710	0	0
ENSNBRG00000007711	0	0
ENSNBRG00000007712	0	0
ENSNBRG00000007713	0	0
ENSNBRG00000007714	0	0
ENSNBRG00000007715	0	0
ENSNBRG00000007716	0	0
ENSNBRG00000007717	0	0
ENSNBRG00000007718	0	0
ENSNBRG00000007719	38	79
ENSNBRG00000007720	0	0
ENSNBRG00000007721	0	0
ENSNBRG00000007722	0	0
ENSNBRG00000007723	0	0
ENSNBRG00000007724	0	0
ENSNBRG00000007725	0	0
ENSNBRG00000007726	0	0
ENSNBRG00000007727	0	0
ENSNBRG00000007728	0	0
ENSNBRG00000007729	0	0
ENSNBRG00000007730	0	0
ENSNBRG00000007731	0	0
ENSNBRG00000007732	0	0
ENSNBRG00000007733	0	0
ENSNBRG00000007734	0	0
ENSNBRG00000007735	0	0
ENSNBRG00000007736	0	0
ENSNBRG00000007737	0	0
ENSNBRG00000007738	0	0
ENSNBRG00000007739	0	0
ENSNBRG00000007740	0	0
ENSNBRG00000007741	0	0
ENSNBRG00000007742	0	0
ENSNBRG00000007743	0	0
ENSNBRG00000007744	0	0
ENSNBRG00000007745	0	0
ENSNBRG00000007746	0	0
ENSNBRG00000007747	0	0
ENSNBRG00000007748	0	0
ENSNBRG00000007749	0	0
ENSNBRG00000007750	0	0
ENSNBRG00000007751	63	80
ENSNBRG00000007752	0	0
ENSNBRG00000007753	0	0
ENSNBRG00000007754	0	0
ENSNBRG00000007755	0	0
ENSNBRG00000007756	0	0
ENSNBRG00000007757	0	0
ENSNBRG00000007758	0	0
ENSNBRG00000007759	0	0
ENSNBRG00000007760	0	0
ENSNBRG00000007761	0	0
ENSNBRG00000007762	0	0
ENSNBRG00000007763	0	0
ENSNBRG00000007764	0	0
ENSNBRG00000007765	0	0
ENSNBRG00000007766	0	0
ENSNBRG00000007767	0	0
ENSNBRG00000007768	0	0
ENSNBRG00000007769	0	0
ENSNBRG00000007770	0	0
ENSNBRG00000007771	0	0
ENSNBRG00000007772	0	0
ENSNBRG00000007773	0	0
ENSNBRG00000007774	0	0
ENSNBRG00000007775	0	0
ENSNBRG00000007776	0	0
ENSNBRG00000007777	0	0
ENSNBRG00000007778	0	0
ENSNBRG00000007779	0	0
ENSNBRG00000007780	0	0
ENSNBRG00000007781	0	0
ENSNBRG00000007782	0	0
ENSNBRG00000007783	0	0
ENSNBRG00000007784	53	66
ENSNBRG00000007785	0	0
ENSNBRG00000007786	0	0
ENSNBRG00000007787	0	0
ENSNBRG00000007788	0	0
ENSNBRG00000007789	0	0
ENSNBRG00000007790	0	0
ENSNBRG00000007791	0	0
ENSNBRG00000007792	0	0
ENSNBRG00000007793	0	0
ENSNBRG00000007794	0	0
ENSNBRG00000007795	0	0
ENSNBRG00000007796	0	0
ENSNBRG00000007797	0	0
ENSNBRG00000007798	0	0
ENSNBRG00000007799	0	0
ENSNBRG00000007800	5	10
ENSNBRG00000007801	0	0
ENSNBRG00000007802	0	0
ENSNBRG00000007803	0	0
ENSNBRG00000007804	0	0
ENSNBRG00000007805	0	0
ENSNBRG00000007806	0	0
ENSNBRG00000007807	24600	24615
ENSNBRG00000007808	0	0
ENSNBRG00000007809	0	0
ENSNBRG00000007810	0	0
ENSNBRG00000007811	0	0
ENSNBRG00000007812	0	0
ENSNBRG00000007813	0	0
ENSNBRG00000007814	47	88
ENSNBRG00000007815	0	0
ENSNBRG00000007816	0	0
ENSNBRG00000007817	0	0
ENSNBRG00000007818	0	0
ENSNBRG00000007819	0	0
ENSNBRG00000007820	0	0
ENSNBRG00000007821	0	0
ENSNBRG00000007822	0	0
ENSNBRG00000007823	0	0
ENSNBRG00000007824	0	0
ENSNBRG00000007825	0	0
ENSNBRG00000007826	0	0
ENSNBRG00000007827	33	51
ENSNBRG00000007828	10149	10163
ENSNBRG00000007829	0	0
ENSNBRG00000007830	0	0
ENSNBRG00000007831	242	245
ENSNBRG00000007832	0	0
ENSNBRG00000007833	44	51
ENSNBRG00000007834	71	95
ENSNBRG00000007835	0	0
ENSNBRG00000007836	0	0
ENSNBRG00000007837	0	0
ENSNBRG00000007838	0	0
ENSNBRG00000007839	0	0
ENSNBRG00000007840	0	0
ENSNBRG00000007841	0	0
ENSNBRG00000007842	0	0
ENSNBRG00000007843	0	0
ENSNBRG00000007844	0	0
ENSNBRG00000007845	0	0
ENSNBRG00000007846	0	0
ENSNBRG00000007847	0	0
ENSNBRG00000007848	0	0
ENSNBRG00000007849	0	0
ENSNBRG00000007850	0	0
ENSNBRG00000007851	0	0
ENSNBRG00000007852	0	0
ENSNBRG00000007853	0	0
ENSNBRG00000007854	25	41
ENSNBRG00000007855	0	0
ENSNBRG00000007856	0	0
ENSNBRG00000007857	0	0
ENSNBRG00000007858	0	0
ENSNBRG00000007859	0	0
ENSNBRG00000007860	0	0
ENSNBRG00000007861	0	0
ENSNBRG00000007862	0	0
ENSNBRG00000007863	0	0
ENSNBRG00000007864	0	0
ENSNBRG00000007865	0	0
ENSNBRG00000007866	0	0
ENSNBRG00000007867	99	106
ENSNBRG00000007868	0	0
ENSNBRG00000007869	6	24
ENSNBRG00000007870	0	0
ENSNBRG00000007871	0	0
ENSNBRG00000007872	0	0
ENSNBRG00000007873	0	0
ENSNBRG00000007874	0	0
ENSNBRG00000007875	0	0
ENSNBRG00000007876	0	0
ENSNBRG00000007877	0	0
ENSNBRG00000007878	34	50
ENSNBRG00000007879	0	0
ENSNBRG00000007880	0	0
ENSNBRG00000007881	0	0
ENSNBRG00000007882	0	0
ENSNBRG00000007883	0	0
ENSNBRG00000007884	0	0
ENSNBRG00000007885	0	0
ENSNBRG00000007886	0	0
ENSNBRG00000007887	0	0
ENSNBRG00000007888	0	0
ENSNBRG00000007889	0	0
ENSNBRG00000007890	0	0
ENSNBRG00000007891	0	0
ENSNBRG00000007892	0	0
ENSNBRG00000007893	0	0
ENSNBRG00000007894	45	86
ENSNBRG00000007895	0	0
ENSNBRG00000007896	0	0
ENSNBRG00000007897	0	0
ENSNBRG00000007898	13	19
ENSNBRG00000007899	0	0
ENSNBRG00000007900	0	0
ENSNBRG00000007901	0	0
ENSNBRG00000007902	0	0
ENSNBRG00000007903	0	0
ENSNBRG00000007904	0	0
ENSNBRG00000007905	0	0
ENSNBRG00000007906	113	131
ENSNBRG00000007907	0	0
ENSNBRG00000007908	0	0
ENSNBRG00000007909	0	0
ENSNBRG00000007910	0	0
ENSNBRG00000007911	0	0
ENSNBRG00000007912	0	0
ENSNBRG00000007913	0	0
ENSNBRG00000007914	0	0
ENSNBRG00000007915	5	47
ENSNBRG00000007916	0	0
ENSNBRG00000007917	0	0
ENSNBRG00000007918	0	0
ENSNBRG00000007919	0	0
ENSNBRG00000007920	0	0
ENSNBRG00000007921	0	0
ENSNBRG00000007922	0	0
ENSNBRG00000007923	0	0
ENSNBRG00000007924	0	0
ENSNBRG00000007925	0	0
ENSNBRG00000007926	0	0
ENSNBRG00000007927	0	0
ENSNBRG00000007928	0	0
ENSNBRG00000007929	0	0
ENSNBRG00000007930	0	0
ENSNBRG00000007931	0	0
ENSNBRG00000007932	26	61
ENSNBRG00000007933	0	0
ENSNBRG00000007934	0	0
ENSNBRG00000007935	0	0
ENSNBRG00000007936	0	0
ENSNBRG00000007937	0	0
ENSNBRG00000007938	0	0
ENSNBRG00000007939	0	0
ENSNBRG00000007940	0	0
ENSNBRG00000007941	25	26
ENSNBRG00000007942	0	0
ENSNBRG00000007943	34	39
ENSNBRG00000007944	0	0
ENSNBRG00000007945	0	0
ENSNBRG00000007946	0	0
ENSNBRG00000007947	0	0
ENSNBRG00000007948	0	0
ENSNBRG00000007949	0	0
ENSNBRG00000007950	0	0
ENSNBRG00000007951	0	0
ENSNBRG00000007952	0	0
ENSNBRG00000007953	0	0
ENSNBRG00000007954	701	733
ENSNBRG00000007955	0	0
ENSNBRG00000007956	0	0
ENSNBRG00000007957	0	0
ENSNBRG00000007958	0	0
ENSNBRG00000007959	0	0
ENSNBRG00000007960	0	0
ENSNBRG00000007961	0	0
ENSNBRG00000007962	0	0
ENSNBRG00000007963	30	72
ENSNBRG00000007964	0	0
ENSNBRG00000007965	65	83
ENSNBRG00000007966	0	0
ENSNBRG00000007967	0	0
ENSNBRG00000007968	0	0
ENSNBRG00000007969	81	103
ENSNBRG00000007970	0	0
ENSNBRG00000007971	0	0
ENSNBRG00000007972	1	7
ENSNBRG00000007973	0	0
ENSNBRG00000007974	0	0
ENSNBRG00000007975	0	0
ENSNBRG00000007976	0	0
ENSNBRG00000007977	0	0
ENSNBRG00000007978	0	0
ENSNBRG00000007979	0	0
ENSNBRG00000007980	0	0
ENSNBRG00000007981	0	0
ENSNBRG00000007982	0	0
ENSNBRG00000007983	0	0
ENSNBRG00000007984	0	0
ENSNBRG00000007985	30	63
ENSNBRG00000007986	0	0
ENSNBRG00000007987	0	0
ENSNBRG00000007988	0	0
ENSNBRG00000007989	0	0
ENSNBRG00000007990	0	0
ENSNBRG00000007991	28	56
ENSNBRG00000007992	659	664
ENSNBRG00000007993	0	0
ENSNBRG00000007994	0	0
ENSNBRG00000007995	33	44
ENSNBRG00000007996	0	0
ENSNBRG00000007997	0	0
ENSNBRG00000007998	0	0
ENSNBRG00000007999	0	0
ENSNBRG00000008000	0	0
ENSNBRG00000008001	0	0
ENSNBRG00000008002	1	22
ENSNBRG00000008003	28	55
ENSNBRG00000008004	0	0
ENSNBRG00000008005	0	0
ENSNBRG00000008006	0	0
ENSNBRG00000008007	72	105
ENSNBRG00000008008	0	0
ENSNBRG00000008009	0	0
ENSNBRG00000008010	0	0
ENSNBRG00000008011	0	0
ENSNBRG00000008012	0	0
ENSNBRG00000008013	0	0
ENSNBRG00000008014	0	0
ENSNBRG00000008015	0	0
ENSNBRG00000008016	1	5
ENSNBRG00000008017	0	0
ENSNBRG00000008018	0	0
ENSNBRG00000008019	0	0
ENSNBRG00000008020	0	0
ENSNBRG00000008021	0	0
ENSNBRG00000008022	0	0
ENSNBRG00000008023	0	0
ENSNBRG00000008024	0	0
ENSNBRG00000008025	0	0
ENSNBRG00000008026	0	0
ENSNBRG00000008027	1	9
ENSNBRG00000008028	0	0
ENSNBRG00000008029	0	0
ENSNBRG00000008030	0	0
ENSNBRG00000008031	0	0
ENSNBRG00000008032	0	0
ENSNBRG00000008033	0	0
ENSNBRG00000008034	0	0
ENSNBRG00000008035	0	0
ENSNBRG00000008036	1	25
ENSNBRG00000008037	0	0
ENSNBRG00000008038	0	0
ENSNBRG00000008039	0	0
ENSNBRG00000008040	0	0
ENSNBRG00000008041	0	0
ENSNBRG00000008042	0	0
ENSNBRG00000008043	0	0
ENSNBRG00000008044	0	0
ENSNBRG00000008045	0	0
ENSNBRG00000008046	0	0
ENSNBRG00000008047	140	168
ENSNBRG00000008048	0	0
ENSNBRG00000008049	0	0
ENSNBRG00000008050	0	0
ENSNBRG00000008051	0	0
ENSNBRG00000008052	0	0
ENSNBRG00000008053	0	0
ENSNBRG00000008054	0	0
ENSNBRG00000008055	0	0
ENSNBRG00000008056	30	33
ENSNBRG00000008057	0	0
ENSNBRG00000008058	0	0
ENSNBRG00000008059	0	0
ENSNBRG00000008060	0	0
ENSNBRG00000008061	0	0
ENSNBRG00000008062	0	0
ENSNBRG00000008063	0	0
ENSNBRG00000008064	0	0
ENSNBRG00000008065	0	0
ENSNBRG00000008066	0	0
ENSNBRG00000008067	0	0
ENSNBRG00000008068	72	80
ENSNBRG00000008069	0	0
ENSNBRG00000008070	0	0
ENSNBRG00000008071	0	0
ENSNBRG00000008072	0	0
ENSNBRG00000008073	1	17
ENSNBRG00000008074	0	0
ENSNBRG00000008075	0	0
ENSNBRG00000008076	0	0
ENSNBRG00000008077	0	0
ENSNBRG00000008078	10	50
ENSNBRG00000008079	0	0
ENSNBRG00000008080	0	0
ENSNBRG00000008081	0	0
ENSNBRG00000008082	0	0
ENSNBRG00000008083	0	0
ENSNBRG00000008084	0	0
ENSNBRG00000008085	0	0
ENSNBRG00000008086	0	0
ENSNBRG00000008087	0	0
ENSNBRG00000008088	0	0
ENSNBRG00000008089	0	0
ENSNBRG00000008090	0	0
ENSNBRG00000008091	31	34
ENSNBRG00000008092	0	0
ENSNBRG00000008093	0	0
ENSNBRG00000008094	0	0
ENSNBRG00000008095	31	41
ENSNBRG00000008096	12	22
ENSNBRG00000008097	0	0
ENSNBRG00000008098	0	0
ENSNBRG00000008099	0	0
ENSNBRG00000008100	0	0
ENSNBRG00000008101	0	0
ENSNBRG00000008102	0	0
ENSNBRG00000008103	5	42
ENSNBRG00000008104	0	0
ENSNBRG00000008105	0	0
ENSNBRG00000008106	0	0
ENSNBRG00000008107	0	0
ENSNBRG00000008108	0	0
ENSNBRG00000008109	0	0
ENSNBRG00000008110	0	0
ENSNBRG00000008111	0	0
ENSNBRG00000008112	15	47
ENSNBRG00000008113	0	0
ENSNBRG00000008114	0	0
ENSNBRG00000008115	0	0
ENSNBRG00000008116	0	0
ENSNBRG00000008117	0	0
ENSNBRG00000008118	0	0
ENSNBRG00000008119	37	51
ENSNBRG00000008120	0	0
ENSNBRG00000008121	0	0
ENSNBRG00000008122	0	0
ENSNBRG00000008123	0	0
ENSNBRG00000008124	0	0
ENSNBRG00000008125	0	0
ENSNBRG00000008126	0	0
ENSNBRG00000008127	0	0
ENSNBRG00000008128	0	0
ENSNBRG00000008129	0	0
ENSNBRG00000008130	0	0
ENSNBRG00000008131	0	0
ENSNBRG00000008132	0	0
ENSNBRG00000008133	0	0
ENSNBRG00000008134	0	0
ENSNBRG00000008135	0	0
ENSNBRG00000008136	0	0
ENSNBRG00000008137	0	0
ENSNBRG00000008138	0	0
ENSNBRG00000008139	0	0
ENSNBRG00000008140	100	123
ENSNBRG00000008141	0	0
ENSNBRG00000008142	0	0
ENSNBRG00000008143	0	0
ENSNBRG00000008144	9	12
ENSNBRG00000008145	37	43
ENSNBRG00000008146	0	0
ENSNBRG00000008147	0	0
ENSNBRG00000008148	0	0
ENSNBRG00000008149	0	0
ENSNBRG00000008150	0	0
ENSNBRG00000008151	0	0
ENSNBRG00000008152	0	0
ENSNBRG00000008153	0	0
ENSNBRG00000008154	0	0
ENSNBRG00000008155	17	33
ENSNBRG00000008156	0	0
ENSNBRG00000008157	0	0
ENSNBRG00000008158	0	0
ENSNBRG00000008159	0	0
ENSNBRG00000008160	0	0
ENSNBRG00000008161	0	0
ENSNBRG00000008162	0	0
ENSNBRG00000008163	0	0
ENSNBRG00000008164	0	0
ENSNBRG00000008165	0	0
ENSNBRG00000008166	0	0
ENSNBRG00000008167	0	0
ENSNBRG00000008168	0	0
ENSNBRG00000008169	0	0
ENSNBRG00000008170	0	0
ENSNBRG00000008171	0	0
ENSNBRG00000008172	0	0
ENSNBRG00000008173	0	0
ENSNBRG00000008174	0	0
ENSNBRG00000008175	0	0
ENSNBRG00000008176	0	0
ENSNBRG00000008177	0	0
ENSNBRG00000008178	0	0
ENSNBRG00000008179	0	0
ENSNBRG00000008180	0	0
ENSNBRG00000008181	0	0
ENSNBRG00000008182	0	0
ENSNBRG00000008183	0	0
ENSNBRG00000008184	0	0
ENSNBRG00000008185	0	0
ENSNBRG00000008186	0	0
ENSNBRG00000008187	0	0
ENSNBRG00000008188	0	0
ENSNBRG00000008189	0	0
ENSNBRG00000008190	0	0
ENSNBRG00000008191	0	0
ENSNBRG00000008192	0	0
ENSNBRG00000008193	0	0
ENSNBRG00000008194	0	0
ENSNBRG00000008195	0	0
ENSNBRG00000008196	0	0
ENSNBRG00000008197	0	0
ENSNBRG00000008198	0	0
ENSNBRG00000008199	0	0
ENSNBRG00000008200	0	0
ENSNBRG00000008201	0	0
ENSNBRG00000008202	0	0
ENSNBRG00000008203	0	0
ENSNBRG00000008204	0	0
ENSNBRG00000008205	0	0
ENSNBRG00000008206	0	0
ENSNBRG00000008207	39	72
ENSNBRG00000008208	0	0
ENSNBRG00000008209	0	0
ENSNBRG00000008210	0	0
ENSNBRG00000008211	0	0
ENSNBRG00000008212	0	0
ENSNBRG00000008213	0	0
ENSNBRG00000008214	0	0
ENSNBRG00000008215	0	0
ENSNBRG00000008216	35	54
ENSNBRG00000008217	0	0
ENSNBRG00000008218	0	0
ENSNBRG00000008219	0	0
ENSNBRG00000008220	0	0
ENSNBRG00000008221	0	0
ENSNBRG00000008222	0	0
ENSNBRG00000008223	0	0
ENSNBRG00000008224	0	0
ENSNBRG00000008225	0	0
ENSNBRG00000008226	0	0
ENSNBRG00000008227	0	0
ENSNBRG00000008228	0	0
ENSNBRG00000008229	0	0
ENSNBRG00000008230	45	74
ENSNBRG00000008231	0	0
ENSNBRG00000008232	0	0
ENSNBRG00000008233	0	0
ENSNBRG00000008234	0	0
ENSNBRG00000008235	0	0
ENSNBRG00000008236	0	0
ENSNBRG00000008237	0	0
ENSNBRG00000008238	0	0
ENSNBRG00000008239	0	0
ENSNBRG00000008240	0	0
ENSNBRG00000008241	0	0
ENSNBRG00000008242	0	0
ENSNBRG00000008243	0	0
ENSNBRG00000008244	0	0
ENSNBRG00000008245	0	0
ENSNBRG00000008246	0	0
ENSNBRG00000008247	6	29
ENSNBRG00000008248	0	0
ENSNBRG00000008249	0	0
ENSNBRG00000008250	0	0
ENSNBRG00000008251	0	0
ENSNBRG00000008252	0	0
ENSNBRG00000008253	23	40
ENSNBRG00000008254	0	0
ENSNBRG00000008255	16	50
ENSNBRG00000008256	0	0
ENSNBRG00000008257	0	0
ENSNBRG00000008258	0	0
ENSNBRG00000008259	0	0
ENSNBRG00000008260	0	0
ENSNBRG00000008261	0	0
ENSNBRG00000008262	17	33
ENSNBRG00000008263	0	0
ENSNBRG00000008264	0	0
ENSNBRG00000008265	13	14
ENSNBRG00000008266	0	0
ENSNBRG00000008267	0	0
ENSNBRG00000008268	0	0
ENSNBRG00000008269	0	0
ENSNBRG00000008270	0	0
ENSNBRG00000008271	0	0
ENSNBRG00000008272	0	0
ENSNBRG00000008273	0	0
ENSNBRG00000008274	0	0
ENSNBRG00000008275	0	0
ENSNBRG00000008276	0	0
ENSNBRG00000008277	0	0
ENSNBRG00000008278	0	0
ENSNBRG00000008279	0	0
ENSNBRG00000008280	192	233
ENSNBRG00000008281	0	0
ENSNBRG00000008282	0	0
ENSNBRG00000008283	93	97
ENSNBRG00000008284	0	0
ENSNBRG00000008285	0	0
ENSNBRG00000008286	0	0
ENSNBRG00000008287	0	0
ENSNBRG00000008288	0	0
ENSNBRG00000008289	0	0
ENSNBRG00000008290	0	0
ENSNBRG00000008291	0	0
ENSNBRG00000008292	0	0
ENSNBRG00000008293	0	0
ENSNBRG00000008294	0	0
ENSNBRG00000008295	0	0
ENSNBRG00000008296	21	57
ENSNBRG00000008297	0	0
ENSNBRG00000008298	0	0
ENSNBRG00000008299	0	0
ENSNBRG00000008300	0	0
ENSNBRG00000008301	0	0
ENSNBRG00000008302	0	0
ENSNBRG00000008303	0	0
ENSNBRG00000008304	0	0
ENSNBRG00000008305	0	0
ENSNBRG00000008306	0	0
ENSNBRG00000008307	1	37
ENSNBRG00000008308	0	0
ENSNBRG00000008309	0	0
ENSNBRG00000008310	0	0
ENSNBRG00000008311	0	0
ENSNBRG00000008312	0	0
ENSNBRG00000008313	0	0
ENSNBRG00000008314	0	0
ENSNBRG00000008315	0	0
ENSNBRG00000008316	0	0
ENSNBRG00000008317	0	0
ENSNBRG00000008318	0	0
ENSNBRG00000008319	0	0
ENSNBRG00000008320	0	0
ENSNBRG00000008321	0	0
ENSNBRG00000008322	0	0
ENSNBRG00000008323	0	0
ENSNBRG00000008324	0	0
ENSNBRG00000008325	0	0
ENSNBRG00000008326	0	0
ENSNBRG00000008327	0	0
ENSNBRG00000008328	0	0
ENSNBRG00000008329	0	0
ENSNBRG00000008330	0	0
ENSNBRG00000008331	0	0
ENSNBRG00000008332	0	0
ENSNBRG00000008333	0	0
ENSNBRG00000008334	0	0
ENSNBRG00000008335	0	0
ENSNBRG00000008336	0	0
ENSNBRG00000008337	0	0
ENSNBRG00000008338	0	0
ENSNBRG00000008339	0	0
ENSNBRG00000008340	0	0
ENSNBRG00000008341	0	0
ENSNBRG00000008342	0	0
ENSNBRG00000008343	0	0
ENSNBRG00000008344	0	0
ENSNBRG00000008345	0	0
ENSNBRG00000008346	0	0
ENSNBRG00000008347	104	124
ENSNBRG00000008348	0	0
ENSNBRG00000008349	0	0
ENSNBRG00000008350	0	0
ENSNBRG00000008351	0	0
ENSNBRG00000008352	0	0
ENSNBRG00000008353	29	49
ENSNBRG00000008354	0	0
ENSNBRG00000008355	0	0
ENSNBRG00000008356	18	19
ENSNBRG00000008357	0	0
ENSNBRG00000008358	0	0
ENSNBRG00000008359	0	0
ENSNBRG00000008360	0	0
ENSNBRG00000008361	0	0
ENSNBRG00000008362	234	276
ENSNBRG00000008363	0	0
ENSNBRG00000008364	0	0
ENSNBRG00000008365	0	0
ENSNBRG00000008366	0	0
ENSNBRG00000008367	345	349
ENSNBRG00000008368	0	0
ENSNBRG00000008369	0	0
ENSNBRG00000008370	0	0
ENSNBRG00000008371	0	0
ENSNBRG00000008372	32	67
ENSNBRG00000008373	0	0
ENSNBRG00000008374	0	0
ENSNBRG00000008375	0	0
ENSNBRG00000008376	0	0
ENSNBRG00000008377	0	0
ENSNBRG00000008378	13	48
ENSNBRG00000008379	0	0
ENSNBRG00000008380	0	0
ENSNBRG00000008381	0	0
ENSNBRG00000008382	0	0
ENSNBRG00000008383	0	0
ENSNBRG00000008384	0	0
ENSNBRG00000008385	0	0
ENSNBRG00000008386	0	0
ENSNBRG00000008387	0	0
ENSNBRG00000008388	0	0
ENSNBRG00000008389	0	0
ENSNBRG00000008390	0	0
ENSNBRG00000008391	23	32
ENSNBRG00000008392	0	0
ENSNBRG00000008393	0	0
ENSNBRG00000008394	0	0
ENSNBRG00000008395	0	0
ENSNBRG00000008396	0	0
ENSNBRG00000008397	0	0
ENSNBRG00000008398	0	0
ENSNBRG00000008399	0	0
ENSNBRG00000008400	0	0
ENSNBRG00000008401	0	0
ENSNBRG00000008402	0	0
ENSNBRG00000008403	0	0
ENSNBRG00000008404	0	0
ENSNBRG00000008405	0	0
ENSNBRG00000008406	0	0
ENSNBRG00000008407	6	37
ENSNBRG00000008408	0	0
ENSNBRG00000008409	0	0
ENSNBRG00000008410	0	0
ENSNBRG00000008411	14	28
ENSNBRG00000008412	0	0
ENSNBRG00000008413	0	0
ENSNBRG00000008414	0	0
ENSNBRG00000008415	0	0
ENSNBRG00000008416	44	73
ENSNBRG00000008417	0	0
ENSNBRG00000008418	0	0
ENSNBRG00000008419	0	0
ENSNBRG00000008420	0	0
ENSNBRG00000008421	0	0
ENSNBRG00000008422	0	0
ENSNBRG00000008423	0	0
ENSNBRG00000008424	335	356
ENSNBRG00000008425	0	0
ENSNBRG00000008426	0	0
ENSNBRG00000008427	0	0
ENSNBRG00000008428	0	0
ENSNBRG00000008429	0	0
ENSNBRG00000008430	0	0
ENSNBRG00000008431	0	0
ENSNBRG00000008432	0	0
ENSNBRG00000008433	539	575
ENSNBRG00000008434	0	0
ENSNBRG00000008435	26	35
ENSNBRG00000008436	0	0
ENSNBRG00000008437	0	0
ENSNBRG00000008438	0	0
ENSNBRG00000008439	0	0
ENSNBRG00000008440	0	0
ENSNBRG00000008441	0	0
ENSNBRG00000008442	0	0
ENSNBRG00000008443	0	0
ENSNBRG00000008444	0	0
ENSNBRG00000008445	0	0
ENSNBRG00000008446	0	0
ENSNBRG00000008447	0	0
ENSNBRG00000008448	0	0
ENSNBRG00000008449	0	0
ENSNBRG00000008450	0	0
ENSNBRG00000008451	0	0
ENSNBRG00000008452	0	0
ENSNBRG00000008453	0	0
ENSNBRG00000008454	0	0
ENSNBRG00000008455	4	42
ENSNBRG00000008456	0	0
ENSNBRG00000008457	0	0
ENSNBRG00000008458	0	0
ENSNBRG00000008459	0	0
ENSNBRG00000008460	0	0
ENSNBRG00000008461	186	198
ENSNBRG00000008462	0	0
ENSNBRG00000008463	0	0
ENSNBRG00000008464	0	0
ENSNBRG00000008465	0	0
ENSNBRG00000008466	0	0
ENSNBRG00000008467	0	0
ENSNBRG00000008468	4	19
ENSNBRG00000008469	0	0
ENSNBRG00000008470	0	0
ENSNBRG00000008471	0	0
ENSNBRG00000008472	0	0
ENSNBRG00000008473	0	0
ENSNBRG00000008474	0	0
ENSNBRG00000008475	68	110
ENSNBRG00000008476	0	0
ENSNBRG00000008477	0	0
ENSNBRG00000008478	0	0
ENSNBRG00000008479	0	0
ENSNBRG00000008480	0	0
ENSNBRG00000008481	0	0
ENSNBRG00000008482	0	0
ENSNBRG00000008483	0	0
ENSNBRG00000008484	0	0
ENSNBRG00000008485	0	0
ENSNBRG00000008486	0	0
ENSNBRG00000008487	0	0
ENSNBRG00000008488	0	0
ENSNBRG00000008489	0	0
ENSNBRG00000008490	0	0
ENSNBRG00000008491	21	28
ENSNBRG00000008492	0	0
ENSNBRG00000008493	0	0
ENSNBRG00000008494	0	0
ENSNBRG00000008495	0	0
ENSNBRG00000008496	0	0
ENSNBRG00000008497	33	49
ENSNBRG00000008498	0	0
ENSNBRG00000008499	0	0
ENSNBRG00000008500	0	0
ENSNBRG00000008501	0	0
ENSNBRG00000008502	0	0
ENSNBRG00000008503	0	0
ENSNBRG00000008504	0	0
ENSNBRG00000008505	0	0
ENSNBRG00000008506	0	0
ENSNBRG00000008507	0	0
ENSNBRG00000008508	0	0
ENSNBRG00000008509	0	0
ENSNBRG00000008510	0	0
ENSNBRG00000008511	66	96
ENSNBRG00000008512	0	0
ENSNBRG00000008513	0	0
ENSNBRG00000008514	0	0
ENSNBRG00000008515	0	0
ENSNBRG00000008516	0	0
ENSNBRG00000008517	0	0
ENSNBRG00000008518	0	0
ENSNBRG00000008519	0	0
ENSNBRG00000008520	0	0
ENSNBRG00000008521	0	0
ENSNBRG00000008522	0	0
ENSNBRG00000008523	100	142
ENSNBRG00000008524	0	0
ENSNBRG00000008525	0	0
ENSNBRG00000008526	0	0
ENSNBRG00000008527	0	0
ENSNBRG00000008528	0	0
ENSNBRG00000008529	0	0
ENSNBRG00000008530	0	0
ENSNBRG00000008531	0	0
ENSNBRG00000008532	0	0
ENSNBRG00000008533	0	0
ENSNBRG00000008534	0	0
ENSNBRG00000008535	0	0
ENSNBRG00000008536	0	0
ENSNBRG00000008537	0	0
ENSNBRG00000008538	0	0
ENSNBRG00000008539	0	0
ENSNBRG00000008540	32	52
ENSNBRG00000008541	0	0
ENSNBRG00000008542	0	0
ENSNBRG00000008543	0	0
ENSNBRG00000008544	0	0
ENSNBRG00000008545	0	0
ENSNBRG00000008546	0	0
ENSNBRG00000008547	0	0
ENSNBRG00000008548	0	0
ENSNBRG00000008549	0	0
ENSNBRG00000008550	0	0
ENSNBRG00000008551	38	71
ENSNBRG00000008552	0	0
ENSNBRG00000008553	0	0
ENSNBRG00000008554	26	44
ENSNBRG00000008555	0	0
ENSNBRG00000008556	0	0
ENSNBRG00000008557	0	0
ENSNBRG00000008558	0	0
ENSNBRG00000008559	0	0
ENSNBRG00000008560	0	0
ENSNBRG00000008561	0	0
ENSNBRG00000008562	0	0
ENSNBRG00000008563	0	0
ENSNBRG00000008564	0	0
ENSNBRG00000008565	0	0
ENSNBRG00000008566	0	0
ENSNBRG00000008567	1	16
ENSNBRG00000008568	0	0
ENSNBRG00000008569	0	0
ENSNBRG00000008570	29	44
ENSNBRG00000008571	0	0
ENSNBRG00000008572	0	0
ENSNBRG00000008573	21	42
ENSNBRG00000008574	0	0
ENSNBRG00000008575	0	0
ENSNBRG00000008576	36	79
ENSNBRG00000008577	0	0
ENSNBRG00000008578	0	0
ENSNBRG00000008579	0	0
ENSNBRG00000008580	0	0
ENSNBRG00000008581	0	0
ENSNBRG00000008582	0	0
ENSNBRG00000008583	0	0
ENSNBRG00000008584	0	0
ENSNBRG00000008585	0	0
ENSNBRG00000008586	0	0
ENSNBRG00000008587	0	0
ENSNBRG00000008588	0	0
ENSNBRG00000008589	0	0
ENSNBRG00000008590	0	0
ENSNBRG00000008591	0	0
ENSNBRG00000008592	0	0
ENSNBRG00000008593	0	0
ENSNBRG00000008594	0	0
ENSNBRG00000008595	0	0
ENSNBRG00000008596	0	0
ENSNBRG00000008597	0	0
ENSNBRG00000008598	0	0
ENSNBRG00000008599	0	0
ENSNBRG00000008600	0	0
ENSNBRG00000008601	0	0
ENSNBRG00000008602	0	0
ENSNBRG00000008603	0	0
ENSNBRG00000008604	0	0
ENSNBRG00000008605	0	0
ENSNBRG00000008606	0	0
ENSNBRG00000008607	0	0
ENSNBRG00000008608	0	0
ENSNBRG00000008609	0	0
ENSNBRG00000008610	0	0
ENSNBRG00000008611	30	34
ENSNBRG00000008612	1	22
ENSNBRG00000008613	0	0
ENSNBRG00000008614	0	0
ENSNBRG00000008615	30	46
ENSNBRG00000008616	0	0
ENSNBRG00000008617	0	0
ENSNBRG00000008618	0	0
ENSNBRG00000008619	0	0
ENSNBRG00000008620	0	0
ENSNBRG00000008621	0	0
ENSNBRG00000008622	0	0
ENSNBRG00000008623	0	0
ENSNBRG00000008624	0	0
ENSNBRG00000008625	0	0
ENSNBRG00000008626	0	0
ENSNBRG00000008627	0	0
ENSNBRG00000008628	36	73
ENSNBRG00000008629	0	0
ENSNBRG00000008630	0	0
ENSNBRG00000008631	0	0
ENSNBRG00000008632	0	0
ENSNBRG00000008633	0	0
ENSNBRG00000008634	0	0
ENSNBRG00000008635	0	0
ENSNBRG00000008636	0	0
ENSNBRG00000008637	0	0
ENSNBRG00000008638	0	0
ENSNBRG00000008639	0	0
ENSNBRG00000008640	0	0
ENSNBRG00000008641	0	0
ENSNBRG00000008642	0	0
ENSNBRG00000008643	0	0
ENSNBRG00000008644	135	172
ENSNBRG00000008645	0	0
ENSNBRG00000008646	0	0
ENSNBRG00000008647	0	0
ENSNBRG00000008648	0	0
ENSNBRG00000008649	0	0
ENSNBRG00000008650	0	0
ENSNBRG00000008651	0	0
ENSNBRG00000008652	0	0
ENSNBRG00000008653	0	0
ENSNBRG00000008654	0	0
ENSNBRG00000008655	0	0
ENSNBRG00000008656	0	0
ENSNBRG00000008657	0	0
ENSNBRG00000008658	0	0
ENSNBRG00000008659	0	0
ENSNBRG00000008660	0	0
ENSNBRG00000008661	19	39
ENSNBRG00000008662	0	0
ENSNBRG00000008663	0	0
ENSNBRG00000008664	0	0
ENSNBRG00000008665	0	0
ENSNBRG00000008666	0	0
ENSNBRG00000008667	0	0
ENSNBRG00000008668	0	0
ENSNBRG00000008669	0	0
ENSNBRG00000008670	0	0
ENSNBRG00000008671	0	0
ENSNBRG00000008672	0	0
ENSNBRG00000008673	0	0
ENSNBRG00000008674	0	0
ENSNBRG00000008675	0	0
ENSNBRG00000008676	0	0
ENSNBRG00000008677	22	41
ENSNBRG00000008678	0	0
ENSNBRG00000008679	0	0
ENSNBRG00000008680	0	0
ENSNBRG00000008681	0	0
ENSNBRG00000008682	0	0
ENSNBRG00000008683	0	0
ENSNBRG00000008684	0	0
ENSNBRG00000008685	0	0
ENSNBRG00000008686	0	0
ENSNBRG00000008687	0	0
ENSNBRG00000008688	0	0
ENSNBRG00000008689	7	35
ENSNBRG00000008690	0	0
ENSNBRG00000008691	0	0
ENSNBRG00000008692	253	278
ENSNBRG00000008693	3	12
ENSNBRG00000008694	0	0
ENSNBRG00000008695	0	0
ENSNBRG00000008696	0	0
ENSNBRG00000008697	0	0
ENSNBRG00000008698	0	0
ENSNBRG00000008699	0	0
ENSNBRG00000008700	0	0
ENSNBRG00000008701	0	0
ENSNBRG00000008702	38	59
ENSNBRG00000008703	0	0
ENSNBRG00000008704	0	0
ENSNBRG00000008705	0	0
ENSNBRG00000008706	0	0
ENSNBRG00000008707	1	39
ENSNBRG00000008708	0	0
ENSNBRG00000008709	34	42
ENSNBRG00000008710	0	0
ENSNBRG00000008711	0	0
ENSNBRG00000008712	0	0
ENSNBRG00000008713	0	0
ENSNBRG00000008714	0	0
ENSNBRG00000008715	0	0
ENSNBRG00000008716	0	0
ENSNBRG00000008717	0	0
ENSNBRG00000008718	18	22
ENSNBRG00000008719	0	0
ENSNBRG00000008720	0	0
ENSNBRG00000008721	0	0
ENSNBRG00000008722	0	0
ENSNBRG00000008723	0	0
ENSNBRG00000008724	0	0
ENSNBRG00000008725	0	0
ENSNBRG00000008726	0	0
ENSNBRG00000008727	1	34
ENSNBRG00000008728	47	70
ENSNBRG00000008729	0	0
ENSNBRG00000008730	0	0
ENSNBRG00000008731	0	0
ENSNBRG00000008732	0	0
ENSNBRG00000008733	0	0
ENSNBRG00000008734	0	0
ENSNBRG00000008735	36	50
ENSNBRG00000008736	0	0
ENSNBRG00000008737	0	0
ENSNBRG00000008738	0	0
ENSNBRG00000008739	0	0
ENSNBRG00000008740	0	0
ENSNBRG00000008741	0	0
ENSNBRG00000008742	37	60
ENSNBRG00000008743	0	0
ENSNBRG00000008744	0	0
ENSNBRG00000008745	0	0
ENSNBRG00000008746	0	0
ENSNBRG00000008747	0	0
ENSNBRG00000008748	0	0
ENSNBRG00000008749	0	0
ENSNBRG00000008750	0	0
ENSNBRG00000008751	0	0
ENSNBRG00000008752	0	0
ENSNBRG00000008753	0	0
ENSNBRG00000008754	0	0
ENSNBRG00000008755	99	134
ENSNBRG00000008756	0	0
ENSNBRG00000008757	0	0
ENSNBRG00000008758	0	0
ENSNBRG00000008759	0	0
ENSNBRG00000008760	0	0
ENSNBRG00000008761	0	0
ENSNBRG00000008762	0	0
ENSNBRG00000008763	38	66
ENSNBRG00000008764	0	0
ENSNBRG00000008765	0	0
ENSNBRG00000008766	0	0
ENSNBRG00000008767	0	0
ENSNBRG00000008768	0	0
ENSNBRG00000008769	0	0
ENSNBRG00000008770	0	0
ENSNBRG00000008771	0	0
ENSNBRG00000008772	0	0
ENSNBRG00000008773	0	0
ENSNBRG00000008774	0	0
ENSNBRG00000008775	0	0
ENSNBRG00000008776	0	0
ENSNBRG00000008777	0	0
ENSNBRG00000008778	0	0
ENSNBRG00000008779	0	0
ENSNBRG00000008780	0	0
ENSNBRG00000008781	0	0
ENSNBRG00000008782	0	0
ENSNBRG00000008783	0	0
ENSNBRG00000008784	0	0
ENSNBRG00000008785	57	58
ENSNBRG00000008786	0	0
ENSNBRG00000008787	0	0
ENSNBRG00000008788	10	23
ENSNBRG00000008789	0	0
ENSNBRG00000008790	28	52
ENSNBRG00000008791	0	0
ENSNBRG00000008792	31	61
ENSNBRG00000008793	0	0
ENSNBRG00000008794	99	119
ENSNBRG00000008795	0	0
ENSNBRG00000008796	0	0
ENSNBRG00000008797	0	0
ENSNBRG00000008798	0	0
ENSNBRG00000008799	0	0
ENSNBRG00000008800	0	0
ENSNBRG00000008801	0	0
ENSNBRG00000008802	0	0
ENSNBRG00000008803	0	0
ENSNBRG00000008804	0	0
ENSNBRG00000008805	0	0
ENSNBRG00000008806	0	0
ENSNBRG00000008807	0	0
ENSNBRG00000008808	0	0
ENSNBRG00000008809	0	0
ENSNBRG00000008810	0	0
ENSNBRG00000008811	0	0
ENSNBRG00000008812	0	0
ENSNBRG00000008813	0	0
ENSNBRG00000008814	0	0
ENSNBRG00000008815	0	0
ENSNBRG00000008816	0	0
ENSNBRG00000008817	0	0
ENSNBRG00000008818	0	0
ENSNBRG00000008819	0	0
ENSNBRG00000008820	0	0
ENSNBRG00000008821	74	76
ENSNBRG00000008822	0	0
ENSNBRG00000008823	0	0
ENSNBRG00000008824	0	0
ENSNBRG00000008825	0	0
ENSNBRG00000008826	0	0
ENSNBRG00000008827	12	40
ENSNBRG00000008828	0	0
ENSNBRG00000008829	0	0
ENSNBRG00000008830	31	70
ENSNBRG00000008831	0	0
ENSNBRG00000008832	0	0
ENSNBRG00000008833	0	0
ENSNBRG00000008834	0	0
ENSNBRG00000008835	0	0
ENSNBRG00000008836	0	0
ENSNBRG00000008837	0	0
ENSNBRG00000008838	0	0
ENSNBRG00000008839	0	0
ENSNBRG00000008840	0	0
ENSNBRG00000008841	14	20
ENSNBRG00000008842	0	0
ENSNBRG00000008843	0	0
ENSNBRG00000008844	0	0
ENSNBRG00000008845	0	0
ENSNBRG00000008846	0	0
ENSNBRG00000008847	0	0
ENSNBRG00000008848	0	0
ENSNBRG00000008849	0	0
ENSNBRG00000008850	125	130
ENSNBRG00000008851	0	0
ENSNBRG00000008852	0	0
ENSNBRG00000008853	0	0
ENSNBRG00000008854	0	0
ENSNBRG00000008855	0	0
ENSNBRG00000008856	0	0
ENSNBRG00000008857	0	0
ENSNBRG00000008858	0	0
ENSNBRG00000008859	0	0
ENSNBRG00000008860	0	0
ENSNBRG00000008861	0	0
ENSNBRG00000008862	0	0
ENSNBRG00000008863	0	0
ENSNBRG00000008864	0	0
ENSNBRG00000008865	0	0
ENSNBRG00000008866	0	0
ENSNBRG00000008867	0	0
ENSNBRG00000008868	34	62
ENSNBRG00000008869	0	0
ENSNBRG00000008870	0	0
ENSNBRG00000008871	0	0
ENSNBRG00000008872	0	0
ENSNBRG00000008873	0	0
ENSNBRG00000008874	0	0
ENSNBRG00000008875	0	0
ENSNBRG00000008876	0	0
ENSNBRG00000008877	0	0
ENSNBRG00000008878	0	0
ENSNBRG00000008879	0	0
ENSNBRG00000008880	0	0
ENSNBRG00000008881	0	0
ENSNBRG00000008882	0	0
ENSNBRG00000008883	0	0
ENSNBRG00000008884	0	0
ENSNBRG00000008885	0	0
ENSNBRG00000008886	0	0
ENSNBRG00000008887	0	0
ENSNBRG00000008888	0	0
ENSNBRG00000008889	0	0
ENSNBRG00000008890	0	0
ENSNBRG00000008891	0	0
ENSNBRG00000008892	0	0
ENSNBRG00000008893	4	22
ENSNBRG00000008894	0	0
ENSNBRG00000008895	0	0
ENSNBRG00000008896	26	68
ENSNBRG00000008897	0	0
ENSNBRG00000008898	0	0
ENSNBRG00000008899	0	0
ENSNBRG00000008900	0	0
ENSNBRG00000008901	0	0
ENSNBRG00000008902	0	0
ENSNBRG00000008903	0	0
ENSNBRG00000008904	0	0
ENSNBRG00000008905	0	0
ENSNBRG00000008906	0	0
ENSNBRG00000008907	0	0
ENSNBRG00000008908	0	0
ENSNBRG00000008909	0	0
ENSNBRG00000008910	438	450
ENSNBRG00000008911	0	0
ENSNBRG00000008912	0	0
ENSNBRG00000008913	1	25
ENSNBRG00000008914	0	0
ENSNBRG00000008915	60	69
ENSNBRG00000008916	0	0
ENSNBRG00000008917	0	0
ENSNBRG00000008918	0	0
ENSNBRG00000008919	0	0
ENSNBRG00000008920	0	0
ENSNBRG00000008921	0	0
ENSNBRG00000008922	0	0
ENSNBRG00000008923	0	0
ENSNBRG00000008924	0	0
ENSNBRG00000008925	0	0
ENSNBRG00000008926	0	0
ENSNBRG00000008927	0	0
ENSNBRG00000008928	0	0
ENSNBRG00000008929	0	0
ENSNBRG00000008930	0	0
ENSNBRG00000008931	0	0
ENSNBRG00000008932	0	0
ENSNBRG00000008933	0	0
ENSNBRG00000008934	0	0
ENSNBRG00000008935	0	0
ENSNBRG00000008936	10	17
ENSNBRG00000008937	0	0
ENSNBRG00000008938	0	0
ENSNBRG00000008939	0	0
ENSNBRG00000008940	0	0
ENSNBRG00000008941	340	374
ENSNBRG00000008942	0	0
ENSNBRG00000008943	0	0
ENSNBRG00000008944	0	0
ENSNBRG00000008945	0	0
ENSNBRG00000008946	215	218
ENSNBRG00000008947	0	0
ENSNBRG00000008948	0	0
ENSNBRG00000008949	0	0
ENSNBRG00000008950	0	0
ENSNBRG00000008951	0	0
ENSNBRG00000008952	0	0
ENSNBRG00000008953	0	0
ENSNBRG00000008954	0	0
ENSNBRG00000008955	0	0
ENSNBRG00000008956	0	0
ENSNBRG00000008957	0	0
ENSNBRG00000008958	0	0
ENSNBRG00000008959	0	0
ENSNBRG00000008960	0	0
ENSNBRG00000008961	159	185
ENSNBRG00000008962	0	0
ENSNBRG00000008963	110	119
ENSNBRG00000008964	0	0
ENSNBRG00000008965	0	0
ENSNBRG00000008966	0	0
ENSNBRG00000008967	0	0
ENSNBRG00000008968	0	0
ENSNBRG00000008969	0	0
ENSNBRG00000008970	26	33
ENSNBRG00000008971	0	0
ENSNBRG00000008972	0	0
ENSNBRG00000008973	32	69
ENSNBRG00000008974	0	0
ENSNBRG00000008975	0	0
ENSNBRG00000008976	0	0
ENSNBRG00000008977	0	0
ENSNBRG00000008978	0	0
ENSNBRG00000008979	0	0
ENSNBRG00000008980	24	60
ENSNBRG00000008981	0	0
ENSNBRG00000008982	0	0
ENSNBRG00000008983	0	0
ENSNBRG00000008984	0	0
ENSNBRG00000008985	0	0
ENSNBRG00000008986	0	0
ENSNBRG00000008987	0	0
ENSNBRG00000008988	0	0
ENSNBRG00000008989	0	0
ENSNBRG00000008990	0	0
ENSNBRG00000008991	0	0
ENSNBRG00000008992	0	0
ENSNBRG00000008993	0	0
ENSNBRG00000008994	0	0
ENSNBRG00000008995	0	0
ENSNBRG00000008996	0	0
ENSNBRG00000008997	0	0
ENSNBRG00000008998	0	0
ENSNBRG00000008999	0	0
ENSNBRG00000009000	0	0
ENSNBRG00000009001	0	0
ENSNBRG00000009002	1152	1190
ENSNBRG00000009003	0	0
ENSNBRG00000009004	0	0
ENSNBRG00000009005	0	0
ENSNBRG00000009006	0	0
ENSNBRG00000009007	0	0
ENSNBRG00000009008	0	0
ENSNBRG00000009009	0	0
ENSNBRG00000009010	0	0
ENSNBRG00000009011	53	90
ENSNBRG00000009012	0	0
ENSNBRG00000009013	0	0
ENSNBRG00000009014	0	0
ENSNBRG00000009015	0	0
ENSNBRG00000009016	0	0
ENSNBRG00000009017	0	0
ENSNBRG00000009018	0	0
ENSNBRG00000009019	0	0
ENSNBRG00000009020	0	0
ENSNBRG00000009021	0	0
ENSNBRG00000009022	0	0
ENSNBRG00000009023	0	0
ENSNBRG00000009024	0	0
ENSNBRG00000009025	0	0
ENSNBRG00000009026	0	0
ENSNBRG00000009027	0	0
ENSNBRG00000009028	0	0
ENSNBRG00000009029	0	0
ENSNBRG00000009030	0	0
ENSNBRG00000009031	0	0
ENSNBRG00000009032	0	0
ENSNBRG00000009033	0	0
ENSNBRG00000009034	0	0
ENSNBRG00000009035	0	0
ENSNBRG00000009036	0	0
ENSNBRG00000009037	0	0
ENSNBRG00000009038	0	0
ENSNBRG00000009039	93	124
ENSNBRG00000009040	0	0
ENSNBRG00000009041	32	45
ENSNBRG00000009042	0	0
ENSNBRG00000009043	1090	1128
ENSNBRG00000009044	0	0
ENSNBRG00000009045	0	0
ENSNBRG00000009046	0	0
ENSNBRG00000009047	0	0
ENSNBRG00000009048	1	27
ENSNBRG00000009049	0	0
ENSNBRG00000009050	0	0
ENSNBRG00000009051	0	0
ENSNBRG00000009052	111	135
ENSNBRG00000009053	17	44
ENSNBRG00000009054	0	0
ENSNBRG00000009055	0	0
ENSNBRG00000009056	0	0
ENSNBRG00000009057	0	0
ENSNBRG00000009058	0	0
ENSNBRG00000009059	0	0
ENSNBRG00000009060	0	0
ENSNBRG00000009061	0	0
ENSNBRG00000009062	0	0
ENSNBRG00000009063	0	0
ENSNBRG00000009064	15	56
ENSNBRG00000009065	0	0
ENSNBRG00000009066	0	0
ENSNBRG00000009067	0	0
ENSNBRG00000009068	0	0
ENSNBRG00000009069	0	0
ENSNBRG00000009070	21	35
ENSNBRG00000009071	0	0
ENSNBRG00000009072	0	0
ENSNBRG00000009073	0	0
ENSNBRG00000009074	0	0
ENSNBRG00000009075	0	0
ENSNBRG00000009076	0	0
ENSNBRG00000009077	0	0
ENSNBRG00000009078	0	0
ENSNBRG00000009079	0	0
ENSNBRG00000009080	0	0
ENSNBRG00000009081	0	0
ENSNBRG00000009082	0	0
ENSNBRG00000009083	0	0
ENSNBRG00000009084	0	0
ENSNBRG00000009085	0	0
ENSNBRG00000009086	0	0
ENSNBRG00000009087	0	0
ENSNBRG00000009088	0	0
ENSNBRG00000009089	0	0
ENSNBRG00000009090	0	0
ENSNBRG00000009091	0	0
ENSNBRG00000009092	0	0
ENSNBRG00000009093	0	0
ENSNBRG00000009094	5	13
ENSNBRG00000009095	0	0
ENSNBRG00000009096	0	0
ENSNBRG00000009097	33	40
ENSNBRG00000009098	0	0
ENSNBRG00000009099	0	0
ENSNBRG00000009100	0	0
ENSNBRG00000009101	0	0
ENSNBRG00000009102	0	0
ENSNBRG00000009103	0	0
ENSNBRG00000009104	0	0
ENSNBRG00000009105	0	0
ENSNBRG00000009106	0	0
ENSNBRG00000009107	0	0
ENSNBRG00000009108	0	0
ENSNBRG00000009109	34	75
ENSNBRG00000009110	0	0
ENSNBRG00000009111	0	0
ENSNBRG00000009112	10	51
ENSNBRG00000009113	0	0
ENSNBRG00000009114	0	0
ENSNBRG00000009115	1	14
ENSNBRG00000009116	0	0
ENSNBRG00000009117	0	0
ENSNBRG00000009118	0	0
ENSNBRG00000009119	0	0
ENSNBRG00000009120	27	60
ENSNBRG00000009121	35	62
ENSNBRG00000009122	0	0
ENSNBRG00000009123	0	0
ENSNBRG00000009124	0	0
ENSNBRG00000009125	0	0
ENSNBRG00000009126	0	0
ENSNBRG00000009127	0	0
ENSNBRG00000009128	0	0
ENSNBRG00000009129	0	0
ENSNBRG00000009130	0	0
ENSNBRG00000009131	0	0
ENSNBRG00000009132	0	0
ENSNBRG00000009133	0	0
ENSNBRG00000009134	0	0
ENSNBRG00000009135	0	0
ENSNBRG00000009136	0	0
ENSNBRG00000009137	0	0
ENSNBRG00000009138	0	0
ENSNBRG00000009139	0	0
ENSNBRG00000009140	0	0
ENSNBRG00000009141	0	0
ENSNBRG00000009142	0	0
ENSNBRG00000009143	0	0
ENSNBRG00000009144	0	0
ENSNBRG00000009145	0	0
ENSNBRG00000009146	0	0
ENSNBRG00000009147	0	0
ENSNBRG00000009148	0	0
ENSNBRG00000009149	0	0
ENSNBRG00000009150	20	29
ENSNBRG00000009151	0	0
ENSNBRG00000009152	0	0
ENSNBRG00000009153	0	0
ENSNBRG00000009154	0	0
ENSNBRG00000009155	0	0
ENSNBRG00000009156	0	0
ENSNBRG00000009157	0	0
ENSNBRG00000009158	0	0
ENSNBRG00000009159	0	0
ENSNBRG00000009160	0	0
ENSNBRG00000009161	0	0
ENSNBRG00000009162	0	0
ENSNBRG00000009163	0	0
ENSNBRG00000009164	0	0
ENSNBRG00000009165	0	0
ENSNBRG00000009166	0	0
ENSNBRG00000009167	0	0
ENSNBRG00000009168	0	0
ENSNBRG00000009169	0	0
ENSNBRG00000009170	0	0
ENSNBRG00000009171	0	0
ENSNBRG00000009172	0	0
ENSNBRG00000009173	0	0
ENSNBRG00000009174	1	28
ENSNBRG00000009175	145	150
ENSNBRG00000009176	0	0
ENSNBRG00000009177	0	0
ENSNBRG00000009178	0	0
ENSNBRG00000009179	40	58
ENSNBRG00000009180	0	0
ENSNBRG00000009181	0	0
ENSNBRG00000009182	0	0
ENSNBRG00000009183	29	52
ENSNBRG00000009184	0	0
ENSNBRG00000009185	0	0
ENSNBRG00000009186	0	0
ENSNBRG00000009187	0	0
ENSNBRG00000009188	0	0
ENSNBRG00000009189	0	0
ENSNBRG00000009190	0	0
ENSNBRG00000009191	0	0
ENSNBRG00000009192	0	0
ENSNBRG00000009193	0	0
ENSNBRG00000009194	0	0
ENSNBRG00000009195	0	0
ENSNBRG00000009196	0	0
ENSNBRG00000009197	0	0
ENSNBRG00000009198	0	0
ENSNBRG00000009199	81	109
ENSNBRG00000009200	0	0
ENSNBRG00000009201	0	0
ENSNBRG00000009202	0	0
ENSNBRG00000009203	0	0
ENSNBRG00000009204	0	0
ENSNBRG00000009205	0	0
ENSNBRG00000009206	74	97
ENSNBRG00000009207	0	0
ENSNBRG00000009208	37	54
ENSNBRG00000009209	0	0
ENSNBRG00000009210	0	0
ENSNBRG00000009211	0	0
ENSNBRG00000009212	0	0
ENSNBRG00000009213	0	0
ENSNBRG00000009214	0	0
ENSNBRG00000009215	0	0
ENSNBRG00000009216	0	0
ENSNBRG00000009217	0	0
ENSNBRG00000009218	0	0
ENSNBRG00000009219	3	33
ENSNBRG00000009220	0	0
ENSNBRG00000009221	655	676
ENSNBRG00000009222	0	0
ENSNBRG00000009223	0	0
ENSNBRG00000009224	0	0
ENSNBRG00000009225	164	201
ENSNBRG00000009226	0	0
ENSNBRG00000009227	0	0
ENSNBRG00000009228	0	0
ENSNBRG00000009229	0	0
ENSNBRG00000009230	0	0
ENSNBRG00000009231	0	0
ENSNBRG00000009232	6	31
ENSNBRG00000009233	0	0
ENSNBRG00000009234	0	0
ENSNBRG00000009235	1	31
ENSNBRG00000009236	157	166
ENSNBRG00000009237	0	0
ENSNBRG00000009238	0	0
ENSNBRG00000009239	0	0
ENSNBRG00000009240	0	0
ENSNBRG00000009241	0	0
ENSNBRG00000009242	0	0
ENSNBRG00000009243	0	0
ENSNBRG00000009244	0	0
ENSNBRG00000009245	17	59
ENSNBRG00000009246	0	0
ENSNBRG00000009247	0	0
ENSNBRG00000009248	0	0
ENSNBRG00000009249	0	0
ENSNBRG00000009250	0	0
ENSNBRG00000009251	0	0
ENSNBRG00000009252	0	0
ENSNBRG00000009253	33	61
ENSNBRG00000009254	0	0
ENSNBRG00000009255	0	0
ENSNBRG00000009256	0	0
ENSNBRG00000009257	0	0
ENSNBRG00000009258	0	0
ENSNBRG00000009259	0	0
ENSNBRG00000009260	0	0
ENSNBRG00000009261	0	0
ENSNBRG00000009262	0	0
ENSNBRG00000009263	0	0
ENSNBRG00000009264	0	0
ENSNBRG00000009265	0	0
ENSNBRG00000009266	0	0
ENSNBRG00000009267	0	0
ENSNBRG00000009268	0	0
ENSNBRG00000009269	0	0
ENSNBRG00000009270	38	43
ENSNBRG00000009271	0	0
ENSNBRG00000009272	0	0
ENSNBRG00000009273	0	0
ENSNBRG00000009274	0	0
ENSNBRG00000009275	0	0
ENSNBRG00000009276	0	0
ENSNBRG00000009277	0	0
ENSNBRG00000009278	0	0
ENSNBRG00000009279	0	0
ENSNBRG00000009280	0	0
ENSNBRG00000009281	0	0
ENSNBRG00000009282	18	34
ENSNBRG00000009283	0	0
ENSNBRG00000009284	0	0
ENSNBRG00000009285	31	51
ENSNBRG00000009286	0	0
ENSNBRG00000009287	0	0
ENSNBRG00000009288	0	0
ENSNBRG00000009289	0	0
ENSNBRG00000009290	0	0
ENSNBRG00000009291	0	0
ENSNBRG00000009292	273	278
ENSNBRG00000009293	0	0
ENSNBRG00000009294	17	35
ENSNBRG00000009295	0	0
ENSNBRG00000009296	0	0
ENSNBRG00000009297	0	0
ENSNBRG00000009298	0	0
ENSNBRG00000009299	0	0
ENSNBRG00000009300	0	0
ENSNBRG00000009301	0	0
ENSNBRG00000009302	0	0
ENSNBRG00000009303	0	0
ENSNBRG00000009304	0	0
ENSNBRG00000009305	0	0
ENSNBRG00000009306	0	0
ENSNBRG00000009307	64	88
ENSNBRG00000009308	0	0
ENSNBRG00000009309	0	0
ENSNBRG00000009310	0	0
ENSNBRG00000009311	0	0
ENSNBRG00000009312	0	0
ENSNBRG00000009313	0	0
ENSNBRG00000009314	0	0
ENSNBRG00000009315	0	0
ENSNBRG00000009316	14	16
ENSNBRG00000009317	0	0
ENSNBRG00000009318	0	0
ENSNBRG00000009319	0	0
ENSNBRG00000009320	0	0
ENSNBRG00000009321	0	0
ENSNBRG00000009322	0	0
ENSNBRG00000009323	0	0
ENSNBRG00000009324	0	0
ENSNBRG00000009325	0	0
ENSNBRG00000009326	3	10
ENSNBRG00000009327	0	0
ENSNBRG00000009328	0	0
ENSNBRG00000009329	0	0
ENSNBRG00000009330	17	46
ENSNBRG00000009331	0	0
ENSNBRG00000009332	0	0
ENSNBRG00000009333	0	0
ENSNBRG00000009334	0	0
ENSNBRG00000009335	0	0
ENSNBRG00000009336	0	0
ENSNBRG00000009337	0	0
ENSNBRG00000009338	0	0
ENSNBRG00000009339	0	0
ENSNBRG00000009340	0	0
ENSNBRG00000009341	0	0
ENSNBRG00000009342	0	0
ENSNBRG00000009343	0	0
ENSNBRG00000009344	0	0
ENSNBRG00000009345	0	0
ENSNBRG00000009346	0	0
ENSNBRG00000009347	0	0
ENSNBRG00000009348	0	0
ENSNBRG00000009349	198	227
ENSNBRG00000009350	0	0
ENSNBRG00000009351	0	0
ENSNBRG00000009352	0	0
ENSNBRG00000009353	0	0
ENSNBRG00000009354	0	0
ENSNBRG00000009355	0	0
ENSNBRG00000009356	0	0
ENSNBRG00000009357	52	75
ENSNBRG00000009358	0	0
ENSNBRG00000009359	0	0
ENSNBRG00000009360	0	0
ENSNBRG00000009361	0	0
ENSNBRG00000009362	0	0
ENSNBRG00000009363	0	0
ENSNBRG00000009364	0	0
ENSNBRG00000009365	0	0
ENSNBRG00000009366	0	0
ENSNBRG00000009367	0	0
ENSNBRG00000009368	0	0
ENSNBRG00000009369	40	57
ENSNBRG00000009370	0	0
ENSNBRG00000009371	0	0
ENSNBRG00000009372	0	0
ENSNBRG00000009373	0	0
ENSNBRG00000009374	0	0
ENSNBRG00000009375	0	0
ENSNBRG00000009376	0	0
ENSNBRG00000009377	0	0
ENSNBRG00000009378	0	0
ENSNBRG00000009379	0	0
ENSNBRG00000009380	0	0
ENSNBRG00000009381	0	0
ENSNBRG00000009382	57	94
ENSNBRG00000009383	0	0
ENSNBRG00000009384	0	0
ENSNBRG00000009385	31	38
ENSNBRG00000009386	0	0
ENSNBRG00000009387	0	0
ENSNBRG00000009388	0	0
ENSNBRG00000009389	0	0
ENSNBRG00000009390	0	0
ENSNBRG00000009391	0	0
ENSNBRG00000009392	0	0
ENSNBRG00000009393	0	0
ENSNBRG00000009394	0	0
ENSNBRG00000009395	0	0
ENSNBRG00000009396	0	0
ENSNBRG00000009397	0	0
ENSNBRG00000009398	0	0
ENSNBRG00000009399	0	0
ENSNBRG00000009400	0	0
ENSNBRG00000009401	0	0
ENSNBRG00000009402	0	0
ENSNBRG00000009403	0	0
ENSNBRG00000009404	0	0
ENSNBRG00000009405	31	72
ENSNBRG00000009406	0	0
ENSNBRG00000009407	0	0
ENSNBRG00000009408	0	0
ENSNBRG00000009409	26	40
ENSNBRG00000009410	0	0
ENSNBRG00000009411	0	0
ENSNBRG00000009412	0	0
ENSNBRG00000009413	0	0
ENSNBRG00000009414	0	0
ENSNBRG00000009415	0	0
ENSNBRG00000009416	0	0
ENSNBRG00000009417	0	0
ENSNBRG00000009418	0	0
ENSNBRG00000009419	0	0
ENSNBRG00000009420	0	0
ENSNBRG00000009421	0	0
ENSNBRG00000009422	0	0
ENSNBRG00000009423	32	54
ENSNBRG00000009424	0	0
ENSNBRG00000009425	4	41
ENSNBRG00000009426	0	0
ENSNBRG00000009427	0	0
ENSNBRG00000009428	71	76
ENSNBRG00000009429	0	0
ENSNBRG00000009430	0	0
ENSNBRG00000009431	0	0
ENSNBRG00000009432	13	45
ENSNBRG00000009433	0	0
ENSNBRG00000009434	0	0
ENSNBRG00000009435	0	0
ENSNBRG00000009436	0	0
ENSNBRG00000009437	74	78
ENSNBRG00000009438	0	0
ENSNBRG00000009439	0	0
ENSNBRG00000009440	0	0
ENSNBRG00000009441	0	0
ENSNBRG00000009442	0	0
ENSNBRG00000009443	0	0
ENSNBRG00000009444	13	19
ENSNBRG00000009445	0	0
ENSNBRG00000009446	0	0
ENSNBRG00000009447	0	0
ENSNBRG00000009448	0	0
ENSNBRG00000009449	0	0
ENSNBRG00000009450	0	0
ENSNBRG00000009451	0	0
ENSNBRG00000009452	0	0
ENSNBRG00000009453	0	0
ENSNBRG00000009454	24	47
ENSNBRG00000009455	547	565
ENSNBRG00000009456	0	0
ENSNBRG00000009457	3	31
ENSNBRG00000009458	0	0
ENSNBRG00000009459	881	884
ENSNBRG00000009460	0	0
ENSNBRG00000009461	27	29
ENSNBRG00000009462	0	0
ENSNBRG00000009463	0	0
ENSNBRG00000009464	0	0
ENSNBRG00000009465	0	0
ENSNBRG00000009466	0	0
ENSNBRG00000009467	132	165
ENSNBRG00000009468	0	0
ENSNBRG00000009469	0	0
ENSNBRG00000009470	0	0
ENSNBRG00000009471	0	0
ENSNBRG00000009472	0	0
ENSNBRG00000009473	0	0
ENSNBRG00000009474	0	0
ENSNBRG00000009475	41	81
ENSNBRG00000009476	0	0
ENSNBRG00000009477	0	0
ENSNBRG00000009478	0	0
ENSNBRG00000009479	0	0
ENSNBRG00000009480	0	0
ENSNBRG00000009481	0	0
ENSNBRG00000009482	0	0
ENSNBRG00000009483	0	0
ENSNBRG00000009484	0	0
ENSNBRG00000009485	0	0
ENSNBRG00000009486	0	0
ENSNBRG00000009487	0	0
ENSNBRG00000009488	0	0
ENSNBRG00000009489	0	0
ENSNBRG00000009490	0	0
ENSNBRG00000009491	0	0
ENSNBRG00000009492	44	61
ENSNBRG00000009493	0	0
ENSNBRG00000009494	0	0
ENSNBRG00000009495	0	0
ENSNBRG00000009496	0	0
ENSNBRG00000009497	0	0
ENSNBRG00000009498	0	0
ENSNBRG00000009499	33	63
ENSNBRG00000009500	0	0
ENSNBRG00000009501	57	63
ENSNBRG00000009502	0	0
ENSNBRG00000009503	0	0
ENSNBRG00000009504	0	0
ENSNBRG00000009505	0	0
ENSNBRG00000009506	0	0
ENSNBRG00000009507	0	0
ENSNBRG00000009508	0	0
ENSNBRG00000009509	0	0
ENSNBRG00000009510	0	0
ENSNBRG00000009511	0	0
ENSNBRG00000009512	0	0
ENSNBRG00000009513	0	0
ENSNBRG00000009514	31	60
ENSNBRG00000009515	0	0
ENSNBRG00000009516	0	0
ENSNBRG00000009517	0	0
ENSNBRG00000009518	0	0
ENSNBRG00000009519	28	66
ENSNBRG00000009520	46	48
ENSNBRG00000009521	0	0
ENSNBRG00000009522	0	0
ENSNBRG00000009523	0	0
ENSNBRG00000009524	0	0
ENSNBRG00000009525	0	0
ENSNBRG00000009526	0	0
ENSNBRG00000009527	0	0
ENSNBRG00000009528	0	0
ENSNBRG00000009529	0	0
ENSNBRG00000009530	0	0
ENSNBRG00000009531	0	0
ENSNBRG00000009532	0	0
ENSNBRG00000009533	0	0
ENSNBRG00000009534	0	0
ENSNBRG00000009535	0	0
ENSNBRG00000009536	60	68
ENSNBRG00000009537	0	0
ENSNBRG00000009538	0	0
ENSNBRG00000009539	0	0
ENSNBRG00000009540	0	0
ENSNBRG00000009541	43	78
ENSNBRG00000009542	0	0
ENSNBRG00000009543	0	0
ENSNBRG00000009544	0	0
ENSNBRG00000009545	0	0
ENSNBRG00000009546	0	0
ENSNBRG00000009547	0	0
ENSNBRG00000009548	0	0
ENSNBRG00000009549	0	0
ENSNBRG00000009550	0	0
ENSNBRG00000009551	0	0
ENSNBRG00000009552	0	0
ENSNBRG00000009553	0	0
ENSNBRG00000009554	0	0
ENSNBRG00000009555	0	0
ENSNBRG00000009556	0	0
ENSNBRG00000009557	0	0
ENSNBRG00000009558	28	58
ENSNBRG00000009559	0	0
ENSNBRG00000009560	0	0
ENSNBRG00000009561	0	0
ENSNBRG00000009562	0	0
ENSNBRG00000009563	38	68
ENSNBRG00000009564	0	0
ENSNBRG00000009565	0	0
ENSNBRG00000009566	0	0
ENSNBRG00000009567	37	68
ENSNBRG00000009568	0	0
ENSNBRG00000009569	0	0
ENSNBRG00000009570	0	0
ENSNBRG00000009571	16	41
ENSNBRG00000009572	6	21
ENSNBRG00000009573	0	0
ENSNBRG00000009574	0	0
ENSNBRG00000009575	0	0
ENSNBRG00000009576	0	0
ENSNBRG00000009577	0	0
ENSNBRG00000009578	0	0
ENSNBRG00000009579	0	0
ENSNBRG00000009580	0	0
ENSNBRG00000009581	0	0
ENSNBRG00000009582	83	95
ENSNBRG00000009583	0	0
ENSNBRG00000009584	0	0
ENSNBRG00000009585	14	37
ENSNBRG00000009586	0	0
ENSNBRG00000009587	0	0
ENSNBRG00000009588	0	0
ENSNBRG00000009589	0	0
ENSNBRG00000009590	0	0
ENSNBRG00000009591	0	0
ENSNBRG00000009592	40	64
ENSNBRG00000009593	53	64
ENSNBRG00000009594	0	0
ENSNBRG00000009595	182	192
ENSNBRG00000009596	0	0
ENSNBRG00000009597	0	0
ENSNBRG00000009598	0	0
ENSNBRG00000009599	54	61
ENSNBRG00000009600	0	0
ENSNBRG00000009601	0	0
ENSNBRG00000009602	0	0
ENSNBRG00000009603	0	0
ENSNBRG00000009604	0	0
ENSNBRG00000009605	0	0
ENSNBRG00000009606	0	0
ENSNBRG00000009607	0	0
ENSNBRG00000009608	32	72
ENSNBRG00000009609	0	0
ENSNBRG00000009610	0	0
ENSNBRG00000009611	0	0
ENSNBRG00000009612	0	0
ENSNBRG00000009613	0	0
ENSNBRG00000009614	0	0
ENSNBRG00000009615	0	0
ENSNBRG00000009616	0	0
ENSNBRG00000009617	36	53
ENSNBRG00000009618	0	0
ENSNBRG00000009619	0	0
ENSNBRG00000009620	0	0
ENSNBRG00000009621	0	0
ENSNBRG00000009622	0	0
ENSNBRG00000009623	44	46
ENSNBRG00000009624	0	0
ENSNBRG00000009625	0	0
ENSNBRG00000009626	0	0
ENSNBRG00000009627	0	0
ENSNBRG00000009628	0	0
ENSNBRG00000009629	0	0
ENSNBRG00000009630	30	62
ENSNBRG00000009631	0	0
ENSNBRG00000009632	0	0
ENSNBRG00000009633	0	0
ENSNBRG00000009634	0	0
ENSNBRG00000009635	0	0
ENSNBRG00000009636	0	0
ENSNBRG00000009637	0	0
ENSNBRG00000009638	0	0
ENSNBRG00000009639	0	0
ENSNBRG00000009640	33	76
ENSNBRG00000009641	0	0
ENSNBRG00000009642	0	0
ENSNBRG00000009643	0	0
ENSNBRG00000009644	0	0
ENSNBRG00000009645	19	41
ENSNBRG00000009646	0	0
ENSNBRG00000009647	0	0
ENSNBRG00000009648	0	0
ENSNBRG00000009649	0	0
ENSNBRG00000009650	0	0
ENSNBRG00000009651	27	60
ENSNBRG00000009652	0	0
ENSNBRG00000009653	0	0
ENSNBRG00000009654	0	0
ENSNBRG00000009655	0	0
ENSNBRG00000009656	0	0
ENSNBRG00000009657	0	0
ENSNBRG00000009658	351	370
ENSNBRG00000009659	0	0
ENSNBRG00000009660	0	0
ENSNBRG00000009661	0	0
ENSNBRG00000009662	0	0
ENSNBRG00000009663	0	0
ENSNBRG00000009664	0	0
ENSNBRG00000009665	0	0
ENSNBRG00000009666	102	113
ENSNBRG00000009667	0	0
ENSNBRG00000009668	31	69
ENSNBRG00000009669	0	0
ENSNBRG00000009670	0	0
ENSNBRG00000009671	0	0
ENSNBRG00000009672	0	0
ENSNBRG00000009673	0	0
ENSNBRG00000009674	0	0
ENSNBRG00000009675	5310	5334
ENSNBRG00000009676	0	0
ENSNBRG00000009677	0	0
ENSNBRG00000009678	0	0
ENSNBRG00000009679	1	11
ENSNBRG00000009680	0	0
ENSNBRG00000009681	0	0
ENSNBRG00000009682	0	0
ENSNBRG00000009683	0	0
ENSNBRG00000009684	0	0
ENSNBRG00000009685	0	0
ENSNBRG00000009686	0	0
ENSNBRG00000009687	0	0
ENSNBRG00000009688	0	0
ENSNBRG00000009689	0	0
ENSNBRG00000009690	0	0
ENSNBRG00000009691	0	0
ENSNBRG00000009692	0	0
ENSNBRG00000009693	0	0
ENSNBRG00000009694	0	0
ENSNBRG00000009695	0	0
ENSNBRG00000009696	0	0
ENSNBRG00000009697	0	0
ENSNBRG00000009698	0	0
ENSNBRG00000009699	0	0
ENSNBRG00000009700	0	0
ENSNBRG00000009701	0	0
ENSNBRG00000009702	0	0
ENSNBRG00000009703	0	0
ENSNBRG00000009704	0	0
ENSNBRG00000009705	0	0
ENSNBRG00000009706	0	0
ENSNBRG00000009707	0	0
ENSNBRG00000009708	0	0
ENSNBRG00000009709	0	0
ENSNBRG00000009710	0	0
ENSNBRG00000009711	649	659
ENSNBRG00000009712	0	0
ENSNBRG00000009713	0	0
ENSNBRG00000009714	0	0
ENSNBRG00000009715	0	0
ENSNBRG00000009716	0	0
ENSNBRG00000009717	105	132
ENSNBRG00000009718	0	0
ENSNBRG00000009719	0	0
ENSNBRG00000009720	0	0
ENSNBRG00000009721	0	0
ENSNBRG00000009722	0	0
ENSNBRG00000009723	0	0
ENSNBRG00000009724	0	0
ENSNBRG00000009725	35	46
ENSNBRG00000009726	0	0
ENSNBRG00000009727	0	0
ENSNBRG00000009728	0	0
ENSNBRG00000009729	0	0
ENSNBRG00000009730	0	0
ENSNBRG00000009731	0	0
ENSNBRG00000009732	0	0
ENSNBRG00000009733	0	0
ENSNBRG00000009734	0	0
ENSNBRG00000009735	0	0
ENSNBRG00000009736	27	42
ENSNBRG00000009737	0	0
ENSNBRG00000009738	0	0
ENSNBRG00000009739	0	0
ENSNBRG00000009740	0	0
ENSNBRG00000009741	0	0
ENSNBRG00000009742	0	0
ENSNBRG00000009743	47	66
ENSNBRG00000009744	32	41
ENSNBRG00000009745	0	0
ENSNBRG00000009746	0	0
ENSNBRG00000009747	0	0
ENSNBRG00000009748	0	0
ENSNBRG00000009749	0	0
ENSNBRG00000009750	0	0
ENSNBRG00000009751	0	0
ENSNBRG00000009752	0	0
ENSNBRG00000009753	0	0
ENSNBRG00000009754	0	0
ENSNBRG00000009755	0	0
ENSNBRG00000009756	0	0
ENSNBRG00000009757	363	372
ENSNBRG00000009758	0	0
ENSNBRG00000009759	0	0
ENSNBRG00000009760	0	0
ENSNBRG00000009761	0	0
ENSNBRG00000009762	0	0
ENSNBRG00000009763	0	0
ENSNBRG00000009764	0	0
ENSNBRG00000009765	0	0
ENSNBRG00000009766	0	0
ENSNBRG00000009767	0	0
ENSNBRG00000009768	0	0
ENSNBRG00000009769	0	0
ENSNBRG00000009770	0	0
ENSNBRG00000009771	6	38
ENSNBRG00000009772	0	0
ENSNBRG00000009773	0	0
ENSNBRG00000009774	0	0
ENSNBRG00000009775	0	0
ENSNBRG00000009776	0	0
ENSNBRG00000009777	0	0
ENSNBRG00000009778	30	61
ENSNBRG00000009779	0	0
ENSNBRG00000009780	0	0
ENSNBRG00000009781	0	0
ENSNBRG00000009782	0	0
ENSNBRG00000009783	0	0
ENSNBRG00000009784	241	246
ENSNBRG00000009785	0	0
ENSNBRG00000009786	0	0
ENSNBRG00000009787	88	115
ENSNBRG00000009788	0	0
ENSNBRG00000009789	45	53
ENSNBRG00000009790	0	0
ENSNBRG00000009791	0	0
ENSNBRG00000009792	0	0
ENSNBRG00000009793	0	0
ENSNBRG00000009794	0	0
ENSNBRG00000009795	0	0
ENSNBRG00000009796	0	0
ENSNBRG00000009797	0	0
ENSNBRG00000009798	42	80
ENSNBRG00000009799	0	0
ENSNBRG00000009800	0	0
ENSNBRG00000009801	0	0
ENSNBRG00000009802	0	0
ENSNBRG00000009803	0	0
ENSNBRG00000009804	0	0
ENSNBRG00000009805	0	0
ENSNBRG00000009806	0	0
ENSNBRG00000009807	0	0
ENSNBRG00000009808	0	0
ENSNBRG00000009809	0	0
ENSNBRG00000009810	0	0
ENSNBRG00000009811	0	0
ENSNBRG00000009812	0	0
ENSNBRG00000009813	0	0
ENSNBRG00000009814	1	8
ENSNBRG00000009815	0	0
ENSNBRG00000009816	0	0
ENSNBRG00000009817	0	0
ENSNBRG00000009818	0	0
ENSNBRG00000009819	0	0
ENSNBRG00000009820	31	56
ENSNBRG00000009821	0	0
ENSNBRG00000009822	56	85
ENSNBRG00000009823	0	0
ENSNBRG00000009824	0	0
ENSNBRG00000009825	0	0
ENSNBRG00000009826	0	0
ENSNBRG00000009827	0	0
ENSNBRG00000009828	0	0
ENSNBRG00000009829	0	0
ENSNBRG00000009830	0	0
ENSNBRG00000009831	0	0
ENSNBRG00000009832	0	0
ENSNBRG00000009833	113	148
ENSNBRG00000009834	0	0
ENSNBRG00000009835	0	0
ENSNBRG00000009836	0	0
ENSNBRG00000009837	0	0
ENSNBRG00000009838	0	0
ENSNBRG00000009839	0	0
ENSNBRG00000009840	0	0
ENSNBRG00000009841	0	0
ENSNBRG00000009842	0	0
ENSNBRG00000009843	0	0
ENSNBRG00000009844	0	0
ENSNBRG00000009845	0	0
ENSNBRG00000009846	0	0
ENSNBRG00000009847	4	37
ENSNBRG00000009848	9	15
ENSNBRG00000009849	0	0
ENSNBRG00000009850	0	0
ENSNBRG00000009851	0	0
ENSNBRG00000009852	0	0
ENSNBRG00000009853	0	0
ENSNBRG00000009854	206	225
ENSNBRG00000009855	0	0
ENSNBRG00000009856	0	0
ENSNBRG00000009857	0	0
ENSNBRG00000009858	0	0
ENSNBRG00000009859	0	0
ENSNBRG00000009860	0	0
ENSNBRG00000009861	0	0
ENSNBRG00000009862	0	0
ENSNBRG00000009863	1	36
ENSNBRG00000009864	0	0
ENSNBRG00000009865	0	0
ENSNBRG00000009866	29	54
ENSNBRG00000009867	27	50
ENSNBRG00000009868	1	17
ENSNBRG00000009869	0	0
ENSNBRG00000009870	0	0
ENSNBRG00000009871	0	0
ENSNBRG00000009872	89	98
ENSNBRG00000009873	0	0
ENSNBRG00000009874	0	0
ENSNBRG00000009875	0	0
ENSNBRG00000009876	0	0
ENSNBRG00000009877	0	0
ENSNBRG00000009878	0	0
ENSNBRG00000009879	0	0
ENSNBRG00000009880	61	83
ENSNBRG00000009881	112	151
ENSNBRG00000009882	116	132
ENSNBRG00000009883	0	0
ENSNBRG00000009884	41	64
ENSNBRG00000009885	0	0
ENSNBRG00000009886	0	0
ENSNBRG00000009887	0	0
ENSNBRG00000009888	0	0
ENSNBRG00000009889	0	0
ENSNBRG00000009890	0	0
ENSNBRG00000009891	0	0
ENSNBRG00000009892	0	0
ENSNBRG00000009893	0	0
ENSNBRG00000009894	0	0
ENSNBRG00000009895	0	0
ENSNBRG00000009896	0	0
ENSNBRG00000009897	0	0
ENSNBRG00000009898	0	0
ENSNBRG00000009899	0	0
ENSNBRG00000009900	26	39
ENSNBRG00000009901	0	0
ENSNBRG00000009902	0	0
ENSNBRG00000009903	0	0
ENSNBRG00000009904	37	69
ENSNBRG00000009905	0	0
ENSNBRG00000009906	0	0
ENSNBRG00000009907	0	0
ENSNBRG00000009908	0	0
ENSNBRG00000009909	32	55
ENSNBRG00000009910	0	0
ENSNBRG00000009911	0	0
ENSNBRG00000009912	0	0
ENSNBRG00000009913	0	0
ENSNBRG00000009914	15	30
ENSNBRG00000009915	0	0
ENSNBRG00000009916	0	0
ENSNBRG00000009917	0	0
ENSNBRG00000009918	0	0
ENSNBRG00000009919	0	0
ENSNBRG00000009920	0	0
ENSNBRG00000009921	0	0
ENSNBRG00000009922	0	0
ENSNBRG00000009923	0	0
ENSNBRG00000009924	0	0
ENSNBRG00000009925	37	45
ENSNBRG00000009926	0	0
ENSNBRG00000009927	0	0
ENSNBRG00000009928	0	0
ENSNBRG00000009929	0	0
ENSNBRG00000009930	0	0
ENSNBRG00000009931	62	69
ENSNBRG00000009932	0	0
ENSNBRG00000009933	0	0
ENSNBRG00000009934	0	0
ENSNBRG00000009935	0	0
ENSNBRG00000009936	0	0
ENSNBRG00000009937	0	0
ENSNBRG00000009938	47	70
ENSNBRG00000009939	0	0
ENSNBRG00000009940	0	0
ENSNBRG00000009941	0	0
ENSNBRG00000009942	0	0
ENSNBRG00000009943	0	0
ENSNBRG00000009944	0	0
ENSNBRG00000009945	0	0
ENSNBRG00000009946	0	0
ENSNBRG00000009947	0	0
ENSNBRG00000009948	0	0
ENSNBRG00000009949	0	0
ENSNBRG00000009950	441	470
ENSNBRG00000009951	0	0
ENSNBRG00000009952	0	0
ENSNBRG00000009953	0	0
ENSNBRG00000009954	0	0
ENSNBRG00000009955	0	0
ENSNBRG00000009956	0	0
ENSNBRG00000009957	0	0
ENSNBRG00000009958	0	0
ENSNBRG00000009959	0	0
ENSNBRG00000009960	0	0
ENSNBRG00000009961	0	0
ENSNBRG00000009962	0	0
ENSNBRG00000009963	0	0
ENSNBRG00000009964	0	0
ENSNBRG00000009965	22	52
ENSNBRG00000009966	0	0
ENSNBRG00000009967	0	0
ENSNBRG00000009968	0	0
ENSNBRG00000009969	30	32
ENSNBRG00000009970	0	0
ENSNBRG00000009971	0	0
ENSNBRG00000009972	0	0
ENSNBRG00000009973	32	64
ENSNBRG00000009974	0	0
ENSNBRG00000009975	0	0
ENSNBRG00000009976	0	0
ENSNBRG00000009977	23	45
ENSNBRG00000009978	0	0
ENSNBRG00000009979	0	0
ENSNBRG00000009980	71	94
ENSNBRG00000009981	165	178
ENSNBRG00000009982	0	0
ENSNBRG00000009983	0	0
ENSNBRG00000009984	0	0
ENSNBRG00000009985	0	0
ENSNBRG00000009986	0	0
ENSNBRG00000009987	0	0
ENSNBRG00000009988	0	0
ENSNBRG00000009989	0	0
ENSNBRG00000009990	0	0
ENSNBRG00000009991	0	0
ENSNBRG00000009992	0	0
ENSNBRG00000009993	353	389
ENSNBRG00000009994	0	0
ENSNBRG00000009995	0	0
ENSNBRG00000009996	0	0
ENSNBRG00000009997	1	12
ENSNBRG00000009998	0	0
ENSNBRG00000009999	38	77
ENSNBRG00000010000	0	0
ENSNBRG00000010001	0	0
ENSNBRG00000010002	0	0
ENSNBRG00000010003	0	0
ENSNBRG00000010004	39	79
ENSNBRG00000010005	0	0
ENSNBRG00000010006	86	94
ENSNBRG00000010007	0	0
ENSNBRG00000010008	2	6
ENSNBRG00000010009	0	0
ENSNBRG00000010010	0	0
ENSNBRG00000010011	0	0
ENSNBRG00000010012	0	0
ENSNBRG00000010013	0	0
ENSNBRG00000010014	0	0
ENSNBRG00000010015	0	0
ENSNBRG00000010016	0	0
ENSNBRG00000010017	0	0
ENSNBRG00000010018	0	0
ENSNBRG00000010019	0	0
ENSNBRG00000010020	0	0
ENSNBRG00000010021	0	0
ENSNBRG00000010022	0	0
ENSNBRG00000010023	0	0
ENSNBRG00000010024	0	0
ENSNBRG00000010025	0	0
ENSNBRG00000010026	0	0
ENSNBRG00000010027	0	0
ENSNBRG00000010028	0	0
ENSNBRG00000010029	0	0
ENSNBRG00000010030	0	0
ENSNBRG00000010031	0	0
ENSNBRG00000010032	0	0
ENSNBRG00000010033	0	0
ENSNBRG00000010034	0	0
ENSNBRG00000010035	0	0
ENSNBRG00000010036	0	0
ENSNBRG00000010037	0	0
ENSNBRG00000010038	0	0
ENSNBRG00000010039	0	0
ENSNBRG00000010040	0	0
ENSNBRG00000010041	0	0
ENSNBRG00000010042	0	0
ENSNBRG00000010043	0	0
ENSNBRG00000010044	0	0
ENSNBRG00000010045	0	0
ENSNBRG00000010046	0	0
ENSNBRG00000010047	0	0
ENSNBRG00000010048	0	0
ENSNBRG00000010049	0	0
ENSNBRG00000010050	0	0
ENSNBRG00000010051	0	0
ENSNBRG00000010052	0	0
ENSNBRG00000010053	0	0
ENSNBRG00000010054	0	0
ENSNBRG00000010055	0	0
ENSNBRG00000010056	0	0
ENSNBRG00000010057	0	0
ENSNBRG00000010058	0	0
ENSNBRG00000010059	0	0
ENSNBRG00000010060	0	0
ENSNBRG00000010061	0	0
ENSNBRG00000010062	0	0
ENSNBRG00000010063	0	0
ENSNBRG00000010064	0	0
ENSNBRG00000010065	0	0
ENSNBRG00000010066	0	0
ENSNBRG00000010067	0	0
ENSNBRG00000010068	0	0
ENSNBRG00000010069	0	0
ENSNBRG00000010070	0	0
ENSNBRG00000010071	0	0
ENSNBRG00000010072	0	0
ENSNBRG00000010073	0	0
ENSNBRG00000010074	0	0
ENSNBRG00000010075	0	0
ENSNBRG00000010076	0	0
ENSNBRG00000010077	23	36
ENSNBRG00000010078	0	0
ENSNBRG00000010079	0	0
ENSNBRG00000010080	0	0
ENSNBRG00000010081	19	26
ENSNBRG00000010082	0	0
ENSNBRG00000010083	0	0
ENSNBRG00000010084	399	401
ENSNBRG00000010085	13	31
ENSNBRG00000010086	0	0
ENSNBRG00000010087	0	0
ENSNBRG00000010088	0	0
ENSNBRG00000010089	0	0
ENSNBRG00000010090	39	77
ENSNBRG00000010091	0	0
ENSNBRG00000010092	0	0
ENSNBRG00000010093	0	0
ENSNBRG00000010094	0	0
ENSNBRG00000010095	0	0
ENSNBRG00000010096	0	0
ENSNBRG00000010097	0	0
ENSNBRG00000010098	0	0
ENSNBRG00000010099	0	0
ENSNBRG00000010100	0	0
ENSNBRG00000010101	11	33
ENSNBRG00000010102	0	0
ENSNBRG00000010103	0	0
ENSNBRG00000010104	0	0
ENSNBRG00000010105	0	0
ENSNBRG00000010106	0	0
ENSNBRG00000010107	0	0
ENSNBRG00000010108	0	0
ENSNBRG00000010109	0	0
ENSNBRG00000010110	0	0
ENSNBRG00000010111	14	51
ENSNBRG00000010112	0	0
ENSNBRG00000010113	0	0
ENSNBRG00000010114	0	0
ENSNBRG00000010115	0	0
ENSNBRG00000010116	0	0
ENSNBRG00000010117	0	0
ENSNBRG00000010118	0	0
ENSNBRG00000010119	0	0
ENSNBRG00000010120	0	0
ENSNBRG00000010121	0	0
ENSNBRG00000010122	0	0
ENSNBRG00000010123	0	0
ENSNBRG00000010124	0	0
ENSNBRG00000010125	0	0
ENSNBRG00000010126	0	0
ENSNBRG00000010127	0	0
ENSNBRG00000010128	0	0
ENSNBRG00000010129	0	0
ENSNBRG00000010130	0	0
ENSNBRG00000010131	0	0
ENSNBRG00000010132	0	0
ENSNBRG00000010133	0	0
ENSNBRG00000010134	0	0
ENSNBRG00000010135	0	0
ENSNBRG00000010136	0	0
ENSNBRG00000010137	0	0
ENSNBRG00000010138	0	0
ENSNBRG00000010139	0	0
ENSNBRG00000010140	0	0
ENSNBRG00000010141	0	0
ENSNBRG00000010142	0	0
ENSNBRG00000010143	0	0
ENSNBRG00000010144	46	47
ENSNBRG00000010145	0	0
ENSNBRG00000010146	0	0
ENSNBRG00000010147	0	0
ENSNBRG00000010148	0	0
ENSNBRG00000010149	0	0
ENSNBRG00000010150	0	0
ENSNBRG00000010151	0	0
ENSNBRG00000010152	0	0
ENSNBRG00000010153	0	0
ENSNBRG00000010154	0	0
ENSNBRG00000010155	0	0
ENSNBRG00000010156	0	0
ENSNBRG00000010157	0	0
ENSNBRG00000010158	0	0
ENSNBRG00000010159	0	0
ENSNBRG00000010160	0	0
ENSNBRG00000010161	0	0
ENSNBRG00000010162	0	0
ENSNBRG00000010163	38	43
ENSNBRG00000010164	0	0
ENSNBRG00000010165	0	0
ENSNBRG00000010166	0	0
ENSNBRG00000010167	0	0
ENSNBRG00000010168	0	0
ENSNBRG00000010169	0	0
ENSNBRG00000010170	0	0
ENSNBRG00000010171	0	0
ENSNBRG00000010172	0	0
ENSNBRG00000010173	41	58
ENSNBRG00000010174	0	0
ENSNBRG00000010175	0	0
ENSNBRG00000010176	0	0
ENSNBRG00000010177	0	0
ENSNBRG00000010178	0	0
ENSNBRG00000010179	379	420
ENSNBRG00000010180	4	43
ENSNBRG00000010181	0	0
ENSNBRG00000010182	0	0
ENSNBRG00000010183	0	0
ENSNBRG00000010184	0	0
ENSNBRG00000010185	0	0
ENSNBRG00000010186	0	0
ENSNBRG00000010187	43	82
ENSNBRG00000010188	0	0
ENSNBRG00000010189	0	0
ENSNBRG00000010190	0	0
ENSNBRG00000010191	0	0
ENSNBRG00000010192	0	0
ENSNBRG00000010193	0	0
ENSNBRG00000010194	0	0
ENSNBRG00000010195	0	0
ENSNBRG00000010196	33	42
ENSNBRG00000010197	0	0
ENSNBRG00000010198	0	0
ENSNBRG00000010199	0	0
ENSNBRG00000010200	0	0
ENSNBRG00000010201	0	0
ENSNBRG00000010202	0	0
ENSNBRG00000010203	0	0
ENSNBRG00000010204	0	0
ENSNBRG00000010205	0	0
ENSNBRG00000010206	0	0
ENSNBRG00000010207	0	0
ENSNBRG00000010208	0	0
ENSNBRG00000010209	0	0
ENSNBRG00000010210	0	0
ENSNBRG00000010211	0	0
ENSNBRG00000010212	0	0
ENSNBRG00000010213	0	0
ENSNBRG00000010214	0	0
ENSNBRG00000010215	0	0
ENSNBRG00000010216	0	0
ENSNBRG00000010217	0	0
ENSNBRG00000010218	0	0
ENSNBRG00000010219	0	0
ENSNBRG00000010220	0	0
ENSNBRG00000010221	0	0
ENSNBRG00000010222	16	23
ENSNBRG00000010223	0	0
ENSNBRG00000010224	0	0
ENSNBRG00000010225	0	0
ENSNBRG00000010226	0	0
ENSNBRG00000010227	0	0
ENSNBRG00000010228	0	0
ENSNBRG00000010229	0	0
ENSNBRG00000010230	0	0
ENSNBRG00000010231	0	0
ENSNBRG00000010232	0	0
ENSNBRG00000010233	0	0
ENSNBRG00000010234	0	0
ENSNBRG00000010235	0	0
ENSNBRG00000010236	0	0
ENSNBRG00000010237	20	38
ENSNBRG00000010238	0	0
ENSNBRG00000010239	0	0
ENSNBRG00000010240	0	0
ENSNBRG00000010241	0	0
ENSNBRG00000010242	0	0
ENSNBRG00000010243	0	0
ENSNBRG00000010244	0	0
ENSNBRG00000010245	0	0
ENSNBRG00000010246	0	0
ENSNBRG00000010247	0	0
ENSNBRG00000010248	0	0
ENSNBRG00000010249	0	0
ENSNBRG00000010250	0	0
ENSNBRG00000010251	0	0
ENSNBRG00000010252	0	0
ENSNBRG00000010253	0	0
ENSNBRG00000010254	0	0
ENSNBRG00000010255	0	0
ENSNBRG00000010256	0	0
ENSNBRG00000010257	0	0
ENSNBRG00000010258	0	0
ENSNBRG00000010259	0	0
ENSNBRG00000010260	0	0
ENSNBRG00000010261	0	0
ENSNBRG00000010262	0	0
ENSNBRG00000010263	0	0
ENSNBRG00000010264	889	902
ENSNBRG00000010265	0	0
ENSNBRG00000010266	0	0
ENSNBRG00000010267	0	0
ENSNBRG00000010268	0	0
ENSNBRG00000010269	0	0
ENSNBRG00000010270	0	0
ENSNBRG00000010271	0	0
ENSNBRG00000010272	0	0
ENSNBRG00000010273	8	41
ENSNBRG00000010274	0	0
ENSNBRG00000010275	0	0
ENSNBRG00000010276	30	34
ENSNBRG00000010277	0	0
ENSNBRG00000010278	0	0
ENSNBRG00000010279	0	0
ENSNBRG00000010280	0	0
ENSNBRG00000010281	0	0
ENSNBRG00000010282	0	0
ENSNBRG00000010283	0	0
ENSNBRG00000010284	0	0
ENSNBRG00000010285	0	0
ENSNBRG00000010286	0	0
ENSNBRG00000010287	0	0
ENSNBRG00000010288	0	0
ENSNBRG00000010289	0	0
ENSNBRG00000010290	0	0
ENSNBRG00000010291	0	0
ENSNBRG00000010292	0	0
ENSNBRG00000010293	0	0
ENSNBRG00000010294	0	0
ENSNBRG00000010295	0	0
ENSNBRG00000010296	0	0
ENSNBRG00000010297	0	0
ENSNBRG00000010298	0	0
ENSNBRG00000010299	29	38
ENSNBRG00000010300	0	0
ENSNBRG00000010301	0	0
ENSNBRG00000010302	0	0
ENSNBRG00000010303	0	0
ENSNBRG00000010304	0	0
ENSNBRG00000010305	0	0
ENSNBRG00000010306	0	0
ENSNBRG00000010307	0	0
ENSNBRG00000010308	255	267
ENSNBRG00000010309	0	0
ENSNBRG00000010310	0	0
ENSNBRG00000010311	0	0
ENSNBRG00000010312	0	0
ENSNBRG00000010313	0	0
ENSNBRG00000010314	0	0
ENSNBRG00000010315	0	0
ENSNBRG00000010316	0	0
ENSNBRG00000010317	0	0
ENSNBRG00000010318	0	0
ENSNBRG00000010319	0	0
ENSNBRG00000010320	0	0
ENSNBRG00000010321	0	0
ENSNBRG00000010322	0	0
ENSNBRG00000010323	0	0
ENSNBRG00000010324	0	0
ENSNBRG00000010325	0	0
ENSNBRG00000010326	0	0
ENSNBRG00000010327	0	0
ENSNBRG00000010328	0	0
ENSNBRG00000010329	0	0
ENSNBRG00000010330	0	0
ENSNBRG00000010331	0	0
ENSNBRG00000010332	16	29
ENSNBRG00000010333	0	0
ENSNBRG00000010334	0	0
ENSNBRG00000010335	0	0
ENSNBRG00000010336	0	0
ENSNBRG00000010337	0	0
ENSNBRG00000010338	0	0
ENSNBRG00000010339	0	0
ENSNBRG00000010340	0	0
ENSNBRG00000010341	0	0
ENSNBRG00000010342	0	0
ENSNBRG00000010343	0	0
ENSNBRG00000010344	35	51
ENSNBRG00000010345	0	0
ENSNBRG00000010346	0	0
ENSNBRG00000010347	0	0
ENSNBRG00000010348	0	0
ENSNBRG00000010349	0	0
ENSNBRG00000010350	0	0
ENSNBRG00000010351	0	0
ENSNBRG00000010352	0	0
ENSNBRG00000010353	0	0
ENSNBRG00000010354	0	0
ENSNBRG00000010355	0	0
ENSNBRG00000010356	0	0
ENSNBRG00000010357	0	0
ENSNBRG00000010358	0	0
ENSNBRG00000010359	0	0
ENSNBRG00000010360	0	0
ENSNBRG00000010361	32	57
ENSNBRG00000010362	0	0
ENSNBRG00000010363	0	0
ENSNBRG00000010364	0	0
ENSNBRG00000010365	0	0
ENSNBRG00000010366	0	0
ENSNBRG00000010367	0	0
ENSNBRG00000010368	0	0
ENSNBRG00000010369	13	46
ENSNBRG00000010370	0	0
ENSNBRG00000010371	0	0
ENSNBRG00000010372	0	0
ENSNBRG00000010373	0	0
ENSNBRG00000010374	0	0
ENSNBRG00000010375	0	0
ENSNBRG00000010376	0	0
ENSNBRG00000010377	20	30
ENSNBRG00000010378	0	0
ENSNBRG00000010379	0	0
ENSNBRG00000010380	0	0
ENSNBRG00000010381	214	245
ENSNBRG00000010382	0	0
ENSNBRG00000010383	56	66
ENSNBRG00000010384	0	0
ENSNBRG00000010385	0	0
ENSNBRG00000010386	0	0
ENSNBRG00000010387	0	0
ENSNBRG00000010388	0	0
ENSNBRG00000010389	0	0
ENSNBRG00000010390	30	46
ENSNBRG00000010391	0	0
ENSNBRG00000010392	0	0
ENSNBRG00000010393	0	0
ENSNBRG00000010394	0	0
ENSNBRG00000010395	0	0
ENSNBRG00000010396	0	0
ENSNBRG00000010397	0	0
ENSNBRG00000010398	0	0
ENSNBRG00000010399	0	0
ENSNBRG00000010400	0	0
ENSNBRG00000010401	20	38
ENSNBRG00000010402	0	0
ENSNBRG00000010403	0	0
ENSNBRG00000010404	0	0
ENSNBRG00000010405	0	0
ENSNBRG00000010406	0	0
ENSNBRG00000010407	0	0
ENSNBRG00000010408	0	0
ENSNBRG00000010409	0	0
ENSNBRG00000010410	0	0
ENSNBRG00000010411	0	0
ENSNBRG00000010412	76	106
ENSNBRG00000010413	0	0
ENSNBRG00000010414	0	0
ENSNBRG00000010415	0	0
ENSNBRG00000010416	0	0
ENSNBRG00000010417	0	0
ENSNBRG00000010418	0	0
ENSNBRG00000010419	0	0
ENSNBRG00000010420	0	0
ENSNBRG00000010421	0	0
ENSNBRG00000010422	0	0
ENSNBRG00000010423	0	0
ENSNBRG00000010424	0	0
ENSNBRG00000010425	0	0
ENSNBRG00000010426	0	0
ENSNBRG00000010427	0	0
ENSNBRG00000010428	0	0
ENSNBRG00000010429	0	0
ENSNBRG00000010430	0	0
ENSNBRG00000010431	0	0
ENSNBRG00000010432	0	0
ENSNBRG00000010433	0	0
ENSNBRG00000010434	0	0
ENSNBRG00000010435	0	0
ENSNBRG00000010436	35	77
ENSNBRG00000010437	0	0
ENSNBRG00000010438	0	0
ENSNBRG00000010439	0	0
ENSNBRG00000010440	0	0
ENSNBRG00000010441	0	0
ENSNBRG00000010442	0	0
ENSNBRG00000010443	1	28
ENSNBRG00000010444	364	398
ENSNBRG00000010445	0	0
ENSNBRG00000010446	0	0
ENSNBRG00000010447	0	0
ENSNBRG00000010448	0	0
ENSNBRG00000010449	0	0
ENSNBRG00000010450	0	0
ENSNBRG00000010451	0	0
ENSNBRG00000010452	0	0
ENSNBRG00000010453	0	0
ENSNBRG00000010454	0	0
ENSNBRG00000010455	0	0
ENSNBRG00000010456	0	0
ENSNBRG00000010457	29	65
ENSNBRG00000010458	68	83
ENSNBRG00000010459	0	0
ENSNBRG00000010460	0	0
ENSNBRG00000010461	0	0
ENSNBRG00000010462	1	25
ENSNBRG00000010463	0	0
ENSNBRG00000010464	27	33
ENSNBRG00000010465	0	0
ENSNBRG00000010466	0	0
ENSNBRG00000010467	0	0
ENSNBRG00000010468	0	0
ENSNBRG00000010469	0	0
ENSNBRG00000010470	0	0
ENSNBRG00000010471	0	0
ENSNBRG00000010472	0	0
ENSNBRG00000010473	0	0
ENSNBRG00000010474	0	0
ENSNBRG00000010475	0	0
ENSNBRG00000010476	0	0
ENSNBRG00000010477	0	0
ENSNBRG00000010478	0	0
ENSNBRG00000010479	0	0
ENSNBRG00000010480	0	0
ENSNBRG00000010481	0	0
ENSNBRG00000010482	0	0
ENSNBRG00000010483	1	20
ENSNBRG00000010484	0	0
ENSNBRG00000010485	0	0
ENSNBRG00000010486	0	0
ENSNBRG00000010487	0	0
ENSNBRG00000010488	0	0
ENSNBRG00000010489	0	0
ENSNBRG00000010490	40	64
ENSNBRG00000010491	0	0
ENSNBRG00000010492	0	0
ENSNBRG00000010493	0	0
ENSNBRG00000010494	0	0
ENSNBRG00000010495	0	0
ENSNBRG00000010496	34	53
ENSNBRG00000010497	386	427
ENSNBRG00000010498	0	0
ENSNBRG00000010499	0	0
ENSNBRG00000010500	0	0
ENSNBRG00000010501	0	0
ENSNBRG00000010502	24	54
ENSNBRG00000010503	0	0
ENSNBRG00000010504	0	0
ENSNBRG00000010505	0	0
ENSNBRG00000010506	0	0
ENSNBRG00000010507	0	0
ENSNBRG00000010508	0	0
ENSNBRG00000010509	0	0
ENSNBRG00000010510	0	0
ENSNBRG00000010511	0	0
ENSNBRG00000010512	0	0
ENSNBRG00000010513	0	0
ENSNBRG00000010514	0	0
ENSNBRG00000010515	76	94
ENSNBRG00000010516	0	0
ENSNBRG00000010517	0	0
ENSNBRG00000010518	0	0
ENSNBRG00000010519	0	0
ENSNBRG00000010520	0	0
ENSNBRG00000010521	0	0
ENSNBRG00000010522	0	0
ENSNBRG00000010523	0	0
ENSNBRG00000010524	0	0
ENSNBRG00000010525	0	0
ENSNBRG00000010526	0	0
ENSNBRG00000010527	0	0
ENSNBRG00000010528	0	0
ENSNBRG00000010529	0	0
ENSNBRG00000010530	29	39
ENSNBRG00000010531	0	0
ENSNBRG00000010532	0	0
ENSNBRG00000010533	0	0
ENSNBRG00000010534	0	0
ENSNBRG00000010535	0	0
ENSNBRG00000010536	0	0
ENSNBRG00000010537	0	0
ENSNBRG00000010538	0	0
ENSNBRG00000010539	0	0
ENSNBRG00000010540	0	0
ENSNBRG00000010541	0	0
ENSNBRG00000010542	0	0
ENSNBRG00000010543	0	0
ENSNBRG00000010544	0	0
ENSNBRG00000010545	0	0
ENSNBRG00000010546	0	0
ENSNBRG00000010547	0	0
ENSNBRG00000010548	0	0
ENSNBRG00000010549	0	0
ENSNBRG00000010550	0	0
ENSNBRG00000010551	0	0
ENSNBRG00000010552	0	0
ENSNBRG00000010553	0	0
ENSNBRG00000010554	0	0
ENSNBRG00000010555	0	0
ENSNBRG00000010556	0	0
ENSNBRG00000010557	0	0
ENSNBRG00000010558	0	0
ENSNBRG00000010559	0	0
ENSNBRG00000010560	0	0
ENSNBRG00000010561	0	0
ENSNBRG00000010562	0	0
ENSNBRG00000010563	0	0
ENSNBRG00000010564	0	0
ENSNBRG00000010565	0	0
ENSNBRG00000010566	0	0
ENSNBRG00000010567	0	0
ENSNBRG00000010568	0	0
ENSNBRG00000010569	0	0
ENSNBRG00000010570	0	0
ENSNBRG00000010571	0	0
ENSNBRG00000010572	0	0
ENSNBRG00000010573	0	0
ENSNBRG00000010574	1328	1337
ENSNBRG00000010575	0	0
ENSNBRG00000010576	0	0
ENSNBRG00000010577	0	0
ENSNBRG00000010578	0	0
ENSNBRG00000010579	0	0
ENSNBRG00000010580	0	0
ENSNBRG00000010581	1	29
ENSNBRG00000010582	0	0
ENSNBRG00000010583	0	0
ENSNBRG00000010584	0	0
ENSNBRG00000010585	17	26
ENSNBRG00000010586	0	0
ENSNBRG00000010587	0	0
ENSNBRG00000010588	0	0
ENSNBRG00000010589	0	0
ENSNBRG00000010590	0	0
ENSNBRG00000010591	0	0
ENSNBRG00000010592	57	93
ENSNBRG00000010593	0	0
ENSNBRG00000010594	0	0
ENSNBRG00000010595	0	0
ENSNBRG00000010596	0	0
ENSNBRG00000010597	0	0
ENSNBRG00000010598	0	0
ENSNBRG00000010599	0	0
ENSNBRG00000010600	0	0
ENSNBRG00000010601	7	36
ENSNBRG00000010602	0	0
ENSNBRG00000010603	0	0
ENSNBRG00000010604	0	0
ENSNBRG00000010605	0	0
ENSNBRG00000010606	6	35
ENSNBRG00000010607	0	0
ENSNBRG00000010608	0	0
ENSNBRG00000010609	0	0
ENSNBRG00000010610	0	0
ENSNBRG00000010611	0	0
ENSNBRG00000010612	0	0
ENSNBRG00000010613	0	0
ENSNBRG00000010614	0	0
ENSNBRG00000010615	0	0
ENSNBRG00000010616	0	0
ENSNBRG00000010617	0	0
ENSNBRG00000010618	0	0
ENSNBRG00000010619	0	0
ENSNBRG00000010620	0	0
ENSNBRG00000010621	0	0
ENSNBRG00000010622	0	0
ENSNBRG00000010623	66	85
ENSNBRG00000010624	0	0
ENSNBRG00000010625	0	0
ENSNBRG00000010626	0	0
ENSNBRG00000010627	18	19
ENSNBRG00000010628	0	0
ENSNBRG00000010629	0	0
ENSNBRG00000010630	0	0
ENSNBRG00000010631	39	77
ENSNBRG00000010632	0	0
ENSNBRG00000010633	0	0
ENSNBRG00000010634	0	0
ENSNBRG00000010635	113	153
ENSNBRG00000010636	0	0
ENSNBRG00000010637	0	0
ENSNBRG00000010638	0	0
ENSNBRG00000010639	0	0
ENSNBRG00000010640	46	61
ENSNBRG00000010641	0	0
ENSNBRG00000010642	0	0
ENSNBRG00000010643	0	0
ENSNBRG00000010644	0	0
ENSNBRG00000010645	0	0
ENSNBRG00000010646	36	74
ENSNBRG00000010647	0	0
ENSNBRG00000010648	372	384
ENSNBRG00000010649	0	0
ENSNBRG00000010650	0	0
ENSNBRG00000010651	0	0
ENSNBRG00000010652	0	0
ENSNBRG00000010653	0	0
ENSNBRG00000010654	175	177
ENSNBRG00000010655	0	0
ENSNBRG00000010656	23	50
ENSNBRG00000010657	0	0
ENSNBRG00000010658	0	0
ENSNBRG00000010659	0	0
ENSNBRG00000010660	0	0
ENSNBRG00000010661	0	0
ENSNBRG00000010662	0	0
ENSNBRG00000010663	0	0
ENSNBRG00000010664	0	0
ENSNBRG00000010665	0	0
ENSNBRG00000010666	0	0
ENSNBRG00000010667	0	0
ENSNBRG00000010668	0	0
ENSNBRG00000010669	0	0
ENSNBRG00000010670	0	0
ENSNBRG00000010671	0	0
ENSNBRG00000010672	0	0
ENSNBRG00000010673	348	356
ENSNBRG00000010674	0	0
ENSNBRG00000010675	0	0
ENSNBRG00000010676	0	0
ENSNBRG00000010677	0	0
ENSNBRG00000010678	0	0
ENSNBRG00000010679	0	0
ENSNBRG00000010680	0	0
ENSNBRG00000010681	0	0
ENSNBRG00000010682	0	0
ENSNBRG00000010683	0	0
ENSNBRG00000010684	0	0
ENSNBRG00000010685	35	69
ENSNBRG00000010686	0	0
ENSNBRG00000010687	82	99
ENSNBRG00000010688	30	54
ENSNBRG00000010689	0	0
ENSNBRG00000010690	0	0
ENSNBRG00000010691	57	83
ENSNBRG00000010692	0	0
ENSNBRG00000010693	0	0
ENSNBRG00000010694	0	0
ENSNBRG00000010695	3	43
ENSNBRG00000010696	0	0
ENSNBRG00000010697	0	0
ENSNBRG00000010698	0	0
ENSNBRG00000010699	0	0
ENSNBRG00000010700	0	0
ENSNBRG00000010701	0	0
ENSNBRG00000010702	0	0
ENSNBRG00000010703	0	0
ENSNBRG00000010704	0	0
ENSNBRG00000010705	0	0
ENSNBRG00000010706	0	0
ENSNBRG00000010707	0	0
ENSNBRG00000010708	40	83
ENSNBRG00000010709	0	0
ENSNBRG00000010710	23	26
ENSNBRG00000010711	0	0
ENSNBRG00000010712	0	0
ENSNBRG00000010713	0	0
ENSNBRG00000010714	0	0
ENSNBRG00000010715	0	0
ENSNBRG00000010716	1	17
ENSNBRG00000010717	0	0
ENSNBRG00000010718	0	0
ENSNBRG00000010719	0	0
ENSNBRG00000010720	0	0
ENSNBRG00000010721	0	0
ENSNBRG00000010722	1	25
ENSNBRG00000010723	0	0
ENSNBRG00000010724	5	35
ENSNBRG00000010725	0	0
ENSNBRG00000010726	0	0
ENSNBRG00000010727	0	0
ENSNBRG00000010728	0	0
ENSNBRG00000010729	0	0
ENSNBRG00000010730	0	0
ENSNBRG00000010731	24	57
ENSNBRG00000010732	0	0
ENSNBRG00000010733	11	36
ENSNBRG00000010734	0	0
ENSNBRG00000010735	0	0
ENSNBRG00000010736	0	0
ENSNBRG00000010737	0	0
ENSNBRG00000010738	0	0
ENSNBRG00000010739	0	0
ENSNBRG00000010740	0	0
ENSNBRG00000010741	0	0
ENSNBRG00000010742	0	0
ENSNBRG00000010743	0	0
ENSNBRG00000010744	0	0
ENSNBRG00000010745	0	0
ENSNBRG00000010746	0	0
ENSNBRG00000010747	0	0
ENSNBRG00000010748	0	0
ENSNBRG00000010749	0	0
ENSNBRG00000010750	0	0
ENSNBRG00000010751	0	0
ENSNBRG00000010752	0	0
ENSNBRG00000010753	0	0
ENSNBRG00000010754	0	0
ENSNBRG00000010755	0	0
ENSNBRG00000010756	422	439
ENSNBRG00000010757	0	0
ENSNBRG00000010758	0	0
ENSNBRG00000010759	0	0
ENSNBRG00000010760	0	0
ENSNBRG00000010761	0	0
ENSNBRG00000010762	0	0
ENSNBRG00000010763	0	0
ENSNBRG00000010764	0	0
ENSNBRG00000010765	0	0
ENSNBRG00000010766	0	0
ENSNBRG00000010767	0	0
ENSNBRG00000010768	0	0
ENSNBRG00000010769	0	0
ENSNBRG00000010770	0	0
ENSNBRG00000010771	0	0
ENSNBRG00000010772	0	0
ENSNBRG00000010773	0	0
ENSNBRG00000010774	0	0
ENSNBRG00000010775	0	0
ENSNBRG00000010776	0	0
ENSNBRG00000010777	0	0
ENSNBRG00000010778	0	0
ENSNBRG00000010779	0	0
ENSNBRG00000010780	0	0
ENSNBRG00000010781	0	0
ENSNBRG00000010782	0	0
ENSNBRG00000010783	0	0
ENSNBRG00000010784	0	0
ENSNBRG00000010785	0	0
ENSNBRG00000010786	0	0
ENSNBRG00000010787	0	0
ENSNBRG00000010788	0	0
ENSNBRG00000010789	0	0
ENSNBRG00000010790	0	0
ENSNBRG00000010791	0	0
ENSNBRG00000010792	0	0
ENSNBRG00000010793	0	0
ENSNBRG00000010794	25	68
ENSNBRG00000010795	0	0
ENSNBRG00000010796	0	0
ENSNBRG00000010797	0	0
ENSNBRG00000010798	0	0
ENSNBRG00000010799	0	0
ENSNBRG00000010800	0	0
ENSNBRG00000010801	0	0
ENSNBRG00000010802	0	0
ENSNBRG00000010803	0	0
ENSNBRG00000010804	0	0
ENSNBRG00000010805	0	0
ENSNBRG00000010806	0	0
ENSNBRG00000010807	0	0
ENSNBRG00000010808	0	0
ENSNBRG00000010809	0	0
ENSNBRG00000010810	0	0
ENSNBRG00000010811	0	0
ENSNBRG00000010812	0	0
ENSNBRG00000010813	0	0
ENSNBRG00000010814	0	0
ENSNBRG00000010815	0	0
ENSNBRG00000010816	0	0
ENSNBRG00000010817	0	0
ENSNBRG00000010818	0	0
ENSNBRG00000010819	0	0
ENSNBRG00000010820	0	0
ENSNBRG00000010821	0	0
ENSNBRG00000010822	0	0
ENSNBRG00000010823	0	0
ENSNBRG00000010824	0	0
ENSNBRG00000010825	0	0
ENSNBRG00000010826	0	0
ENSNBRG00000010827	55	80
ENSNBRG00000010828	0	0
ENSNBRG00000010829	0	0
ENSNBRG00000010830	40	70
ENSNBRG00000010831	32	75
ENSNBRG00000010832	1	8
ENSNBRG00000010833	0	0
ENSNBRG00000010834	0	0
ENSNBRG00000010835	0	0
ENSNBRG00000010836	0	0
ENSNBRG00000010837	0	0
ENSNBRG00000010838	0	0
ENSNBRG00000010839	0	0
ENSNBRG00000010840	0	0
ENSNBRG00000010841	0	0
ENSNBRG00000010842	0	0
ENSNBRG00000010843	0	0
ENSNBRG00000010844	0	0
ENSNBRG00000010845	0	0
ENSNBRG00000010846	0	0
ENSNBRG00000010847	14	55
ENSNBRG00000010848	0	0
ENSNBRG00000010849	0	0
ENSNBRG00000010850	0	0
ENSNBRG00000010851	0	0
ENSNBRG00000010852	0	0
ENSNBRG00000010853	0	0
ENSNBRG00000010854	0	0
ENSNBRG00000010855	0	0
ENSNBRG00000010856	0	0
ENSNBRG00000010857	0	0
ENSNBRG00000010858	0	0
ENSNBRG00000010859	0	0
ENSNBRG00000010860	0	0
ENSNBRG00000010861	0	0
ENSNBRG00000010862	0	0
ENSNBRG00000010863	0	0
ENSNBRG00000010864	0	0
ENSNBRG00000010865	0	0
ENSNBRG00000010866	0	0
ENSNBRG00000010867	0	0
ENSNBRG00000010868	0	0
ENSNBRG00000010869	0	0
ENSNBRG00000010870	0	0
ENSNBRG00000010871	0	0
ENSNBRG00000010872	0	0
ENSNBRG00000010873	0	0
ENSNBRG00000010874	0	0
ENSNBRG00000010875	0	0
ENSNBRG00000010876	0	0
ENSNBRG00000010877	0	0
ENSNBRG00000010878	0	0
ENSNBRG00000010879	0	0
ENSNBRG00000010880	0	0
ENSNBRG00000010881	0	0
ENSNBRG00000010882	0	0
ENSNBRG00000010883	0	0
ENSNBRG00000010884	0	0
ENSNBRG00000010885	0	0
ENSNBRG00000010886	0	0
ENSNBRG00000010887	0	0
ENSNBRG00000010888	0	0
ENSNBRG00000010889	0	0
ENSNBRG00000010890	0	0
ENSNBRG00000010891	0	0
ENSNBRG00000010892	0	0
ENSNBRG00000010893	0	0
ENSNBRG00000010894	0	0
ENSNBRG00000010895	12	31
ENSNBRG00000010896	0	0
ENSNBRG00000010897	0	0
ENSNBRG00000010898	95	128
ENSNBRG00000010899	0	0
ENSNBRG00000010900	32	66
ENSNBRG00000010901	0	0
ENSNBRG00000010902	0	0
ENSNBRG00000010903	0	0
ENSNBRG00000010904	0	0
ENSNBRG00000010905	27	44
ENSNBRG00000010906	0	0
ENSNBRG00000010907	0	0
ENSNBRG00000010908	0	0
ENSNBRG00000010909	0	0
ENSNBRG00000010910	0	0
ENSNBRG00000010911	0	0
ENSNBRG00000010912	0	0
ENSNBRG00000010913	0	0
ENSNBRG00000010914	0	0
ENSNBRG00000010915	0	0
ENSNBRG00000010916	0	0
ENSNBRG00000010917	0	0
ENSNBRG00000010918	0	0
ENSNBRG00000010919	0	0
ENSNBRG00000010920	0	0
ENSNBRG00000010921	0	0
ENSNBRG00000010922	0	0
ENSNBRG00000010923	0	0
ENSNBRG00000010924	0	0
ENSNBRG00000010925	0	0
ENSNBRG00000010926	0	0
ENSNBRG00000010927	41	55
ENSNBRG00000010928	0	0
ENSNBRG00000010929	0	0
ENSNBRG00000010930	0	0
ENSNBRG00000010931	0	0
ENSNBRG00000010932	0	0
ENSNBRG00000010933	0	0
ENSNBRG00000010934	0	0
ENSNBRG00000010935	0	0
ENSNBRG00000010936	0	0
ENSNBRG00000010937	0	0
ENSNBRG00000010938	0	0
ENSNBRG00000010939	0	0
ENSNBRG00000010940	0	0
ENSNBRG00000010941	0	0
ENSNBRG00000010942	0	0
ENSNBRG00000010943	0	0
ENSNBRG00000010944	0	0
ENSNBRG00000010945	0	0
ENSNBRG00000010946	0	0
ENSNBRG00000010947	0	0
ENSNBRG00000010948	0	0
ENSNBRG00000010949	0	0
ENSNBRG00000010950	0	0
ENSNBRG00000010951	0	0
ENSNBRG00000010952	17	22
ENSNBRG00000010953	0	0
ENSNBRG00000010954	0	0
ENSNBRG00000010955	0	0
ENSNBRG00000010956	0	0
ENSNBRG00000010957	0	0
ENSNBRG00000010958	0	0
ENSNBRG00000010959	0	0
ENSNBRG00000010960	0	0
ENSNBRG00000010961	0	0
ENSNBRG00000010962	0	0
ENSNBRG00000010963	0	0
ENSNBRG00000010964	0	0
ENSNBRG00000010965	0	0
ENSNBRG00000010966	0	0
ENSNBRG00000010967	0	0
ENSNBRG00000010968	0	0
ENSNBRG00000010969	0	0
ENSNBRG00000010970	0	0
ENSNBRG00000010971	0	0
ENSNBRG00000010972	0	0
ENSNBRG00000010973	0	0
ENSNBRG00000010974	0	0
ENSNBRG00000010975	0	0
ENSNBRG00000010976	0	0
ENSNBRG00000010977	93	124
ENSNBRG00000010978	0	0
ENSNBRG00000010979	0	0
ENSNBRG00000010980	0	0
ENSNBRG00000010981	0	0
ENSNBRG00000010982	0	0
ENSNBRG00000010983	0	0
ENSNBRG00000010984	0	0
ENSNBRG00000010985	0	0
ENSNBRG00000010986	0	0
ENSNBRG00000010987	90	122
ENSNBRG00000010988	0	0
ENSNBRG00000010989	0	0
ENSNBRG00000010990	0	0
ENSNBRG00000010991	0	0
ENSNBRG00000010992	62	97
ENSNBRG00000010993	0	0
ENSNBRG00000010994	0	0
ENSNBRG00000010995	0	0
ENSNBRG00000010996	0	0
ENSNBRG00000010997	0	0
ENSNBRG00000010998	0	0
ENSNBRG00000010999	0	0
ENSNBRG00000011000	0	0
ENSNBRG00000011001	0	0
ENSNBRG00000011002	0	0
ENSNBRG00000011003	0	0
ENSNBRG00000011004	0	0
ENSNBRG00000011005	0	0
ENSNBRG00000011006	0	0
ENSNBRG00000011007	0	0
ENSNBRG00000011008	0	0
ENSNBRG00000011009	0	0
ENSNBRG00000011010	0	0
ENSNBRG00000011011	0	0
ENSNBRG00000011012	0	0
ENSNBRG00000011013	0	0
ENSNBRG00000011014	0	0
ENSNBRG00000011015	0	0
ENSNBRG00000011016	0	0
ENSNBRG00000011017	0	0
ENSNBRG00000011018	1018	1039
ENSNBRG00000011019	0	0
ENSNBRG00000011020	0	0
ENSNBRG00000011021	0	0
ENSNBRG00000011022	2	26
ENSNBRG00000011023	0	0
ENSNBRG00000011024	0	0
ENSNBRG00000011025	29	30
ENSNBRG00000011026	1	9
ENSNBRG00000011027	0	0
ENSNBRG00000011028	47	50
ENSNBRG00000011029	0	0
ENSNBRG00000011030	0	0
ENSNBRG00000011031	0	0
ENSNBRG00000011032	0	0
ENSNBRG00000011033	0	0
ENSNBRG00000011034	0	0
ENSNBRG00000011035	0	0
ENSNBRG00000011036	0	0
ENSNBRG00000011037	0	0
ENSNBRG00000011038	0	0
ENSNBRG00000011039	13	14
ENSNBRG00000011040	0	0
ENSNBRG00000011041	0	0
ENSNBRG00000011042	0	0
ENSNBRG00000011043	0	0
ENSNBRG00000011044	0	0
ENSNBRG00000011045	0	0
ENSNBRG00000011046	0	0
ENSNBRG00000011047	36	45
ENSNBRG00000011048	0	0
ENSNBRG00000011049	30	44
ENSNBRG00000011050	0	0
ENSNBRG00000011051	0	0
ENSNBRG00000011052	0	0
ENSNBRG00000011053	0	0
ENSNBRG00000011054	0	0
ENSNBRG00000011055	0	0
ENSNBRG00000011056	0	0
ENSNBRG00000011057	0	0
ENSNBRG00000011058	0	0
ENSNBRG00000011059	0	0
ENSNBRG00000011060	0	0
ENSNBRG00000011061	0	0
ENSNBRG00000011062	0	0
ENSNBRG00000011063	0	0
ENSNBRG00000011064	0	0
ENSNBRG00000011065	0	0
ENSNBRG00000011066	0	0
ENSNBRG00000011067	0	0
ENSNBRG00000011068	0	0
ENSNBRG00000011069	0	0
ENSNBRG00000011070	0	0
ENSNBRG00000011071	0	0
ENSNBRG00000011072	0	0
ENSNBRG00000011073	0	0
ENSNBRG00000011074	0	0
ENSNBRG00000011075	0	0
ENSNBRG00000011076	0	0
ENSNBRG00000011077	0	0
ENSNBRG00000011078	0	0
ENSNBRG00000011079	51	70
ENSNBRG00000011080	0	0
ENSNBRG00000011081	0	0
ENSNBRG00000011082	0	0
ENSNBRG00000011083	0	0
ENSNBRG00000011084	0	0
ENSNBRG00000011085	0	0
ENSNBRG00000011086	0	0
ENSNBRG00000011087	0	0
ENSNBRG00000011088	0	0
ENSNBRG00000011089	0	0
ENSNBRG00000011090	0	0
ENSNBRG00000011091	0	0
ENSNBRG00000011092	1	14
ENSNBRG00000011093	0	0
ENSNBRG00000011094	0	0
ENSNBRG00000011095	0	0
ENSNBRG00000011096	0	0
ENSNBRG00000011097	88	90
ENSNBRG00000011098	0	0
ENSNBRG00000011099	0	0
ENSNBRG00000011100	0	0
ENSNBRG00000011101	0	0
ENSNBRG00000011102	0	0
ENSNBRG00000011103	0	0
ENSNBRG00000011104	0	0
ENSNBRG00000011105	0	0
ENSNBRG00000011106	0	0
ENSNBRG00000011107	289	310
ENSNBRG00000011108	0	0
ENSNBRG00000011109	0	0
ENSNBRG00000011110	21	37
ENSNBRG00000011111	0	0
ENSNBRG00000011112	0	0
ENSNBRG00000011113	140	171
ENSNBRG00000011114	0	0
ENSNBRG00000011115	0	0
ENSNBRG00000011116	0	0
ENSNBRG00000011117	0	0
ENSNBRG00000011118	0	0
ENSNBRG00000011119	0	0
ENSNBRG00000011120	0	0
ENSNBRG00000011121	0	0
ENSNBRG00000011122	13	18
ENSNBRG00000011123	29	71
ENSNBRG00000011124	0	0
ENSNBRG00000011125	0	0
ENSNBRG00000011126	0	0
ENSNBRG00000011127	0	0
ENSNBRG00000011128	0	0
ENSNBRG00000011129	0	0
ENSNBRG00000011130	0	0
ENSNBRG00000011131	0	0
ENSNBRG00000011132	0	0
ENSNBRG00000011133	0	0
ENSNBRG00000011134	0	0
ENSNBRG00000011135	0	0
ENSNBRG00000011136	0	0
ENSNBRG00000011137	0	0
ENSNBRG00000011138	0	0
ENSNBRG00000011139	0	0
ENSNBRG00000011140	0	0
ENSNBRG00000011141	0	0
ENSNBRG00000011142	0	0
ENSNBRG00000011143	29	40
ENSNBRG00000011144	0	0
ENSNBRG00000011145	0	0
ENSNBRG00000011146	204	214
ENSNBRG00000011147	0	0
ENSNBRG00000011148	0	0
ENSNBRG00000011149	0	0
ENSNBRG00000011150	0	0
ENSNBRG00000011151	0	0
ENSNBRG00000011152	0	0
ENSNBRG00000011153	0	0
ENSNBRG00000011154	0	0
ENSNBRG00000011155	0	0
ENSNBRG00000011156	0	0
ENSNBRG00000011157	0	0
ENSNBRG00000011158	0	0
ENSNBRG00000011159	0	0
ENSNBRG00000011160	0	0
ENSNBRG00000011161	0	0
ENSNBRG00000011162	0	0
ENSNBRG00000011163	0	0
ENSNBRG00000011164	0	0
ENSNBRG00000011165	0	0
ENSNBRG00000011166	0	0
ENSNBRG00000011167	0	0
ENSNBRG00000011168	0	0
ENSNBRG00000011169	0	0
ENSNBRG00000011170	0	0
ENSNBRG00000011171	0	0
ENSNBRG00000011172	29	42
ENSNBRG00000011173	0	0
ENSNBRG00000011174	0	0
ENSNBRG00000011175	0	0
ENSNBRG00000011176	0	0
ENSNBRG00000011177	0	0
ENSNBRG00000011178	0	0
ENSNBRG00000011179	0	0
ENSNBRG00000011180	0	0
ENSNBRG00000011181	0	0
ENSNBRG00000011182	0	0
ENSNBRG00000011183	0	0
ENSNBRG00000011184	0	0
ENSNBRG00000011185	0	0
ENSNBRG00000011186	132	161
ENSNBRG00000011187	0	0
ENSNBRG00000011188	0	0
ENSNBRG00000011189	0	0
ENSNBRG00000011190	0	0
ENSNBRG00000011191	0	0
ENSNBRG00000011192	0	0
ENSNBRG00000011193	0	0
ENSNBRG00000011194	0	0
ENSNBRG00000011195	0	0
ENSNBRG00000011196	27	63
ENSNBRG00000011197	0	0
ENSNBRG00000011198	0	0
ENSNBRG00000011199	0	0
ENSNBRG00000011200	0	0
ENSNBRG00000011201	0	0
ENSNBRG00000011202	0	0
ENSNBRG00000011203	0	0
ENSNBRG00000011204	4	45
ENSNBRG00000011205	0	0
ENSNBRG00000011206	0	0
ENSNBRG00000011207	15	42
ENSNBRG00000011208	0	0
ENSNBRG00000011209	0	0
ENSNBRG00000011210	0	0
ENSNBRG00000011211	0	0
ENSNBRG00000011212	0	0
ENSNBRG00000011213	15	55
ENSNBRG00000011214	0	0
ENSNBRG00000011215	0	0
ENSNBRG00000011216	0	0
ENSNBRG00000011217	0	0
ENSNBRG00000011218	25	46
ENSNBRG00000011219	0	0
ENSNBRG00000011220	0	0
ENSNBRG00000011221	0	0
ENSNBRG00000011222	0	0
ENSNBRG00000011223	0	0
ENSNBRG00000011224	0	0
ENSNBRG00000011225	0	0
ENSNBRG00000011226	0	0
ENSNBRG00000011227	0	0
ENSNBRG00000011228	0	0
ENSNBRG00000011229	0	0
ENSNBRG00000011230	0	0
ENSNBRG00000011231	0	0
ENSNBRG00000011232	0	0
ENSNBRG00000011233	36	56
ENSNBRG00000011234	0	0
ENSNBRG00000011235	0	0
ENSNBRG00000011236	0	0
ENSNBRG00000011237	0	0
ENSNBRG00000011238	0	0
ENSNBRG00000011239	0	0
ENSNBRG00000011240	0	0
ENSNBRG00000011241	0	0
ENSNBRG00000011242	0	0
ENSNBRG00000011243	0	0
ENSNBRG00000011244	54	55
ENSNBRG00000011245	0	0
ENSNBRG00000011246	0	0
ENSNBRG00000011247	0	0
ENSNBRG00000011248	0	0
ENSNBRG00000011249	0	0
ENSNBRG00000011250	0	0
ENSNBRG00000011251	0	0
ENSNBRG00000011252	0	0
ENSNBRG00000011253	0	0
ENSNBRG00000011254	0	0
ENSNBRG00000011255	0	0
ENSNBRG00000011256	0	0
ENSNBRG00000011257	0	0
ENSNBRG00000011258	0	0
ENSNBRG00000011259	0	0
ENSNBRG00000011260	0	0
ENSNBRG00000011261	0	0
ENSNBRG00000011262	0	0
ENSNBRG00000011263	0	0
ENSNBRG00000011264	0	0
ENSNBRG00000011265	0	0
ENSNBRG00000011266	0	0
ENSNBRG00000011267	0	0
ENSNBRG00000011268	0	0
ENSNBRG00000011269	0	0
ENSNBRG00000011270	0	0
ENSNBRG00000011271	0	0
ENSNBRG00000011272	31	33
ENSNBRG00000011273	0	0
ENSNBRG00000011274	0	0
ENSNBRG00000011275	0	0
ENSNBRG00000011276	0	0
ENSNBRG00000011277	116	127
ENSNBRG00000011278	0	0
ENSNBRG00000011279	16	59
ENSNBRG00000011280	0	0
ENSNBRG00000011281	0	0
ENSNBRG00000011282	0	0
ENSNBRG00000011283	0	0
ENSNBRG00000011284	0	0
ENSNBRG00000011285	0	0
ENSNBRG00000011286	0	0
ENSNBRG00000011287	0	0
ENSNBRG00000011288	0	0
ENSNBRG00000011289	74	93
ENSNBRG00000011290	0	0
ENSNBRG00000011291	0	0
ENSNBRG00000011292	29	30
ENSNBRG00000011293	0	0
ENSNBRG00000011294	0	0
ENSNBRG00000011295	79	104
ENSNBRG00000011296	0	0
ENSNBRG00000011297	26	62
ENSNBRG00000011298	0	0
ENSNBRG00000011299	0	0
ENSNBRG00000011300	0	0
ENSNBRG00000011301	0	0
ENSNBRG00000011302	0	0
ENSNBRG00000011303	0	0
ENSNBRG00000011304	0	0
ENSNBRG00000011305	0	0
ENSNBRG00000011306	0	0
ENSNBRG00000011307	0	0
ENSNBRG00000011308	0	0
ENSNBRG00000011309	0	0
ENSNBRG00000011310	0	0
ENSNBRG00000011311	0	0
ENSNBRG00000011312	0	0
ENSNBRG00000011313	0	0
ENSNBRG00000011314	8	19
ENSNBRG00000011315	0	0
ENSNBRG00000011316	0	0
ENSNBRG00000011317	0	0
ENSNBRG00000011318	0	0
ENSNBRG00000011319	0	0
ENSNBRG00000011320	0	0
ENSNBRG00000011321	0	0
ENSNBRG00000011322	0	0
ENSNBRG00000011323	0	0
ENSNBRG00000011324	0	0
ENSNBRG00000011325	0	0
ENSNBRG00000011326	0	0
ENSNBRG00000011327	0	0
ENSNBRG00000011328	0	0
ENSNBRG00000011329	1	9
ENSNBRG00000011330	0	0
ENSNBRG00000011331	0	0
ENSNBRG00000011332	0	0
ENSNBRG00000011333	0	0
ENSNBRG00000011334	0	0
ENSNBRG00000011335	0	0
ENSNBRG00000011336	0	0
ENSNBRG00000011337	0	0
ENSNBRG00000011338	0	0
ENSNBRG00000011339	0	0
ENSNBRG00000011340	0	0
ENSNBRG00000011341	0	0
ENSNBRG00000011342	0	0
ENSNBRG00000011343	0	0
ENSNBRG00000011344	0	0
ENSNBRG00000011345	0	0
ENSNBRG00000011346	0	0
ENSNBRG00000011347	0	0
ENSNBRG00000011348	0	0
ENSNBRG00000011349	0	0
ENSNBRG00000011350	0	0
ENSNBRG00000011351	0	0
ENSNBRG00000011352	0	0
ENSNBRG00000011353	0	0
ENSNBRG00000011354	0	0
ENSNBRG00000011355	104	107
ENSNBRG00000011356	0	0
ENSNBRG00000011357	0	0
ENSNBRG00000011358	0	0
ENSNBRG00000011359	0	0
ENSNBRG00000011360	0	0
ENSNBRG00000011361	0	0
ENSNBRG00000011362	0	0
ENSNBRG00000011363	3	33
ENSNBRG00000011364	0	0
ENSNBRG00000011365	0	0
ENSNBRG00000011366	0	0
ENSNBRG00000011367	0	0
ENSNBRG00000011368	0	0
ENSNBRG00000011369	0	0
ENSNBRG00000011370	0	0
ENSNBRG00000011371	0	0
ENSNBRG00000011372	0	0
ENSNBRG00000011373	0	0
ENSNBRG00000011374	0	0
ENSNBRG00000011375	0	0
ENSNBRG00000011376	0	0
ENSNBRG00000011377	0	0
ENSNBRG00000011378	0	0
ENSNBRG00000011379	0	0
ENSNBRG00000011380	364	370
ENSNBRG00000011381	0	0
ENSNBRG00000011382	0	0
ENSNBRG00000011383	0	0
ENSNBRG00000011384	0	0
ENSNBRG00000011385	0	0
ENSNBRG00000011386	0	0
ENSNBRG00000011387	0	0
ENSNBRG00000011388	0	0
ENSNBRG00000011389	0	0
ENSNBRG00000011390	0	0
ENSNBRG00000011391	0	0
ENSNBRG00000011392	0	0
ENSNBRG00000011393	0	0
ENSNBRG00000011394	0	0
ENSNBRG00000011395	0	0
ENSNBRG00000011396	0	0
ENSNBRG00000011397	0	0
ENSNBRG00000011398	0	0
ENSNBRG00000011399	0	0
ENSNBRG00000011400	0	0
ENSNBRG00000011401	0	0
ENSNBRG00000011402	0	0
ENSNBRG00000011403	0	0
ENSNBRG00000011404	0	0
ENSNBRG00000011405	0	0
ENSNBRG00000011406	0	0
ENSNBRG00000011407	0	0
ENSNBRG00000011408	84	120
ENSNBRG00000011409	0	0
ENSNBRG00000011410	0	0
ENSNBRG00000011411	0	0
ENSNBRG00000011412	2	43
ENSNBRG00000011413	0	0
ENSNBRG00000011414	99	129
ENSNBRG00000011415	0	0
ENSNBRG00000011416	0	0
ENSNBRG00000011417	0	0
ENSNBRG00000011418	0	0
ENSNBRG00000011419	0	0
ENSNBRG00000011420	0	0
ENSNBRG00000011421	0	0
ENSNBRG00000011422	0	0
ENSNBRG00000011423	0	0
ENSNBRG00000011424	0	0
ENSNBRG00000011425	0	0
ENSNBRG00000011426	132	136
ENSNBRG00000011427	0	0
ENSNBRG00000011428	34	40
ENSNBRG00000011429	0	0
ENSNBRG00000011430	0	0
ENSNBRG00000011431	1	43
ENSNBRG00000011432	0	0
ENSNBRG00000011433	0	0
ENSNBRG00000011434	0	0
ENSNBRG00000011435	0	0
ENSNBRG00000011436	0	0
ENSNBRG00000011437	0	0
ENSNBRG00000011438	1	33
ENSNBRG00000011439	0	0
ENSNBRG00000011440	0	0
ENSNBRG00000011441	40	77
ENSNBRG00000011442	0	0
ENSNBRG00000011443	12	40
ENSNBRG00000011444	0	0
ENSNBRG00000011445	0	0
ENSNBRG00000011446	0	0
ENSNBRG00000011447	0	0
ENSNBRG00000011448	0	0
ENSNBRG00000011449	0	0
ENSNBRG00000011450	0	0
ENSNBRG00000011451	0	0
ENSNBRG00000011452	0	0
ENSNBRG00000011453	42	70
ENSNBRG00000011454	0	0
ENSNBRG00000011455	0	0
ENSNBRG00000011456	0	0
ENSNBRG00000011457	0	0
ENSNBRG00000011458	0	0
ENSNBRG00000011459	0	0
ENSNBRG00000011460	0	0
ENSNBRG00000011461	0	0
ENSNBRG00000011462	0	0
ENSNBRG00000011463	0	0
ENSNBRG00000011464	0	0
ENSNBRG00000011465	0	0
ENSNBRG00000011466	1	39
ENSNBRG00000011467	0	0
ENSNBRG00000011468	0	0
ENSNBRG00000011469	537	547
ENSNBRG00000011470	0	0
ENSNBRG00000011471	0	0
ENSNBRG00000011472	0	0
ENSNBRG00000011473	0	0
ENSNBRG00000011474	0	0
ENSNBRG00000011475	0	0
ENSNBRG00000011476	0	0
ENSNBRG00000011477	0	0
ENSNBRG00000011478	0	0
ENSNBRG00000011479	0	0
ENSNBRG00000011480	0	0
ENSNBRG00000011481	23	50
ENSNBRG00000011482	22	64
ENSNBRG00000011483	0	0
ENSNBRG00000011484	0	0
ENSNBRG00000011485	0	0
ENSNBRG00000011486	0	0
ENSNBRG00000011487	0	0
ENSNBRG00000011488	0	0
ENSNBRG00000011489	18	33
ENSNBRG00000011490	0	0
ENSNBRG00000011491	0	0
ENSNBRG00000011492	0	0
ENSNBRG00000011493	0	0
ENSNBRG00000011494	0	0
ENSNBRG00000011495	0	0
ENSNBRG00000011496	0	0
ENSNBRG00000011497	0	0
ENSNBRG00000011498	548	558
ENSNBRG00000011499	0	0
ENSNBRG00000011500	0	0
ENSNBRG00000011501	0	0
ENSNBRG00000011502	0	0
ENSNBRG00000011503	0	0
ENSNBRG00000011504	0	0
ENSNBRG00000011505	0	0
ENSNBRG00000011506	0	0
ENSNBRG00000011507	0	0
ENSNBRG00000011508	0	0
ENSNBRG00000011509	25	40
ENSNBRG00000011510	169	201
ENSNBRG00000011511	0	0
ENSNBRG00000011512	1003	1044
ENSNBRG00000011513	0	0
ENSNBRG00000011514	0	0
ENSNBRG00000011515	174	195
ENSNBRG00000011516	0	0
ENSNBRG00000011517	0	0
ENSNBRG00000011518	0	0
ENSNBRG00000011519	0	0
ENSNBRG00000011520	0	0
ENSNBRG00000011521	0	0
ENSNBRG00000011522	0	0
ENSNBRG00000011523	0	0
ENSNBRG00000011524	0	0
ENSNBRG00000011525	0	0
ENSNBRG00000011526	0	0
ENSNBRG00000011527	0	0
ENSNBRG00000011528	16	26
ENSNBRG00000011529	0	0
ENSNBRG00000011530	0	0
ENSNBRG00000011531	0	0
ENSNBRG00000011532	0	0
ENSNBRG00000011533	0	0
ENSNBRG00000011534	0	0
ENSNBRG00000011535	26	47
ENSNBRG00000011536	0	0
ENSNBRG00000011537	0	0
ENSNBRG00000011538	0	0
ENSNBRG00000011539	0	0
ENSNBRG00000011540	0	0
ENSNBRG00000011541	0	0
ENSNBRG00000011542	0	0
ENSNBRG00000011543	0	0
ENSNBRG00000011544	0	0
ENSNBRG00000011545	0	0
ENSNBRG00000011546	88	120
ENSNBRG00000011547	0	0
ENSNBRG00000011548	0	0
ENSNBRG00000011549	0	0
ENSNBRG00000011550	0	0
ENSNBRG00000011551	0	0
ENSNBRG00000011552	0	0
ENSNBRG00000011553	0	0
ENSNBRG00000011554	0	0
ENSNBRG00000011555	0	0
ENSNBRG00000011556	0	0
ENSNBRG00000011557	0	0
ENSNBRG00000011558	0	0
ENSNBRG00000011559	5	15
ENSNBRG00000011560	0	0
ENSNBRG00000011561	0	0
ENSNBRG00000011562	0	0
ENSNBRG00000011563	0	0
ENSNBRG00000011564	0	0
ENSNBRG00000011565	0	0
ENSNBRG00000011566	0	0
ENSNBRG00000011567	0	0
ENSNBRG00000011568	1	37
ENSNBRG00000011569	0	0
ENSNBRG00000011570	0	0
ENSNBRG00000011571	0	0
ENSNBRG00000011572	0	0
ENSNBRG00000011573	0	0
ENSNBRG00000011574	0	0
ENSNBRG00000011575	36	63
ENSNBRG00000011576	0	0
ENSNBRG00000011577	0	0
ENSNBRG00000011578	0	0
ENSNBRG00000011579	0	0
ENSNBRG00000011580	0	0
ENSNBRG00000011581	0	0
ENSNBRG00000011582	6	16
ENSNBRG00000011583	0	0
ENSNBRG00000011584	0	0
ENSNBRG00000011585	0	0
ENSNBRG00000011586	51	58
ENSNBRG00000011587	0	0
ENSNBRG00000011588	0	0
ENSNBRG00000011589	0	0
ENSNBRG00000011590	0	0
ENSNBRG00000011591	0	0
ENSNBRG00000011592	0	0
ENSNBRG00000011593	0	0
ENSNBRG00000011594	0	0
ENSNBRG00000011595	0	0
ENSNBRG00000011596	0	0
ENSNBRG00000011597	25	64
ENSNBRG00000011598	0	0
ENSNBRG00000011599	0	0
ENSNBRG00000011600	0	0
ENSNBRG00000011601	0	0
ENSNBRG00000011602	0	0
ENSNBRG00000011603	0	0
ENSNBRG00000011604	0	0
ENSNBRG00000011605	0	0
ENSNBRG00000011606	0	0
ENSNBRG00000011607	0	0
ENSNBRG00000011608	0	0
ENSNBRG00000011609	0	0
ENSNBRG00000011610	0	0
ENSNBRG00000011611	0	0
ENSNBRG00000011612	0	0
ENSNBRG00000011613	0	0
ENSNBRG00000011614	0	0
ENSNBRG00000011615	0	0
ENSNBRG00000011616	46	54
ENSNBRG00000011617	0	0
ENSNBRG00000011618	0	0
ENSNBRG00000011619	0	0
ENSNBRG00000011620	0	0
ENSNBRG00000011621	0	0
ENSNBRG00000011622	0	0
ENSNBRG00000011623	0	0
ENSNBRG00000011624	0	0
ENSNBRG00000011625	0	0
ENSNBRG00000011626	20	35
ENSNBRG00000011627	0	0
ENSNBRG00000011628	0	0
ENSNBRG00000011629	23	47
ENSNBRG00000011630	0	0
ENSNBRG00000011631	0	0
ENSNBRG00000011632	0	0
ENSNBRG00000011633	0	0
ENSNBRG00000011634	142	156
ENSNBRG00000011635	0	0
ENSNBRG00000011636	0	0
ENSNBRG00000011637	1	21
ENSNBRG00000011638	0	0
ENSNBRG00000011639	0	0
ENSNBRG00000011640	0	0
ENSNBRG00000011641	0	0
ENSNBRG00000011642	0	0
ENSNBRG00000011643	0	0
ENSNBRG00000011644	0	0
ENSNBRG00000011645	0	0
ENSNBRG00000011646	0	0
ENSNBRG00000011647	0	0
ENSNBRG00000011648	0	0
ENSNBRG00000011649	0	0
ENSNBRG00000011650	0	0
ENSNBRG00000011651	0	0
ENSNBRG00000011652	35	38
ENSNBRG00000011653	0	0
ENSNBRG00000011654	0	0
ENSNBRG00000011655	0	0
ENSNBRG00000011656	0	0
ENSNBRG00000011657	0	0
ENSNBRG00000011658	0	0
ENSNBRG00000011659	0	0
ENSNBRG00000011660	0	0
ENSNBRG00000011661	0	0
ENSNBRG00000011662	0	0
ENSNBRG00000011663	0	0
ENSNBRG00000011664	0	0
ENSNBRG00000011665	0	0
ENSNBRG00000011666	0	0
ENSNBRG00000011667	0	0
ENSNBRG00000011668	0	0
ENSNBRG00000011669	0	0
ENSNBRG00000011670	0	0
ENSNBRG00000011671	0	0
ENSNBRG00000011672	0	0
ENSNBRG00000011673	0	0
ENSNBRG00000011674	0	0
ENSNBRG00000011675	0	0
ENSNBRG00000011676	0	0
ENSNBRG00000011677	0	0
ENSNBRG00000011678	0	0
ENSNBRG00000011679	0	0
ENSNBRG00000011680	0	0
ENSNBRG00000011681	0	0
ENSNBRG00000011682	0	0
ENSNBRG00000011683	73	88
ENSNBRG00000011684	0	0
ENSNBRG00000011685	0	0
ENSNBRG00000011686	0	0
ENSNBRG00000011687	0	0
ENSNBRG00000011688	0	0
ENSNBRG00000011689	0	0
ENSNBRG00000011690	0	0
ENSNBRG00000011691	19	32
ENSNBRG00000011692	0	0
ENSNBRG00000011693	0	0
ENSNBRG00000011694	0	0
ENSNBRG00000011695	0	0
ENSNBRG00000011696	0	0
ENSNBRG00000011697	0	0
ENSNBRG00000011698	0	0
ENSNBRG00000011699	0	0
ENSNBRG00000011700	0	0
ENSNBRG00000011701	0	0
ENSNBRG00000011702	0	0
ENSNBRG00000011703	0	0
ENSNBRG00000011704	0	0
ENSNBRG00000011705	0	0
ENSNBRG00000011706	284	314
ENSNBRG00000011707	0	0
ENSNBRG00000011708	0	0
ENSNBRG00000011709	0	0
ENSNBRG00000011710	0	0
ENSNBRG00000011711	0	0
ENSNBRG00000011712	21	27
ENSNBRG00000011713	0	0
ENSNBRG00000011714	0	0
ENSNBRG00000011715	0	0
ENSNBRG00000011716	0	0
ENSNBRG00000011717	27	54
ENSNBRG00000011718	0	0
ENSNBRG00000011719	14	31
ENSNBRG00000011720	0	0
ENSNBRG00000011721	0	0
ENSNBRG00000011722	19	61
ENSNBRG00000011723	0	0
ENSNBRG00000011724	0	0
ENSNBRG00000011725	0	0
ENSNBRG00000011726	0	0
ENSNBRG00000011727	0	0
ENSNBRG00000011728	0	0
ENSNBRG00000011729	0	0
ENSNBRG00000011730	0	0
ENSNBRG00000011731	0	0
ENSNBRG00000011732	0	0
ENSNBRG00000011733	0	0
ENSNBRG00000011734	27	39
ENSNBRG00000011735	0	0
ENSNBRG00000011736	0	0
ENSNBRG00000011737	0	0
ENSNBRG00000011738	0	0
ENSNBRG00000011739	0	0
ENSNBRG00000011740	0	0
ENSNBRG00000011741	0	0
ENSNBRG00000011742	0	0
ENSNBRG00000011743	1	37
ENSNBRG00000011744	0	0
ENSNBRG00000011745	0	0
ENSNBRG00000011746	0	0
ENSNBRG00000011747	0	0
ENSNBRG00000011748	0	0
ENSNBRG00000011749	0	0
ENSNBRG00000011750	0	0
ENSNBRG00000011751	0	0
ENSNBRG00000011752	0	0
ENSNBRG00000011753	0	0
ENSNBRG00000011754	0	0
ENSNBRG00000011755	12	20
ENSNBRG00000011756	0	0
ENSNBRG00000011757	0	0
ENSNBRG00000011758	0	0
ENSNBRG00000011759	0	0
ENSNBRG00000011760	0	0
ENSNBRG00000011761	0	0
ENSNBRG00000011762	0	0
ENSNBRG00000011763	21	50
ENSNBRG00000011764	0	0
ENSNBRG00000011765	0	0
ENSNBRG00000011766	0	0
ENSNBRG00000011767	0	0
ENSNBRG00000011768	0	0
ENSNBRG00000011769	48	70
ENSNBRG00000011770	0	0
ENSNBRG00000011771	40	62
ENSNBRG00000011772	0	0
ENSNBRG00000011773	0	0
ENSNBRG00000011774	0	0
ENSNBRG00000011775	0	0
ENSNBRG00000011776	0	0
ENSNBRG00000011777	0	0
ENSNBRG00000011778	0	0
ENSNBRG00000011779	0	0
ENSNBRG00000011780	0	0
ENSNBRG00000011781	0	0
ENSNBRG00000011782	0	0
ENSNBRG00000011783	0	0
ENSNBRG00000011784	0	0
ENSNBRG00000011785	0	0
ENSNBRG00000011786	0	0
ENSNBRG00000011787	0	0
ENSNBRG00000011788	0	0
ENSNBRG00000011789	0	0
ENSNBRG00000011790	35	60
ENSNBRG00000011791	0	0
ENSNBRG00000011792	0	0
ENSNBRG00000011793	102	118
ENSNBRG00000011794	0	0
ENSNBRG00000011795	0	0
ENSNBRG00000011796	0	0
ENSNBRG00000011797	0	0
ENSNBRG00000011798	19	58
ENSNBRG00000011799	4301	4344
ENSNBRG00000011800	0	0
ENSNBRG00000011801	0	0
ENSNBRG00000011802	0	0
ENSNBRG00000011803	0	0
ENSNBRG00000011804	0	0
ENSNBRG00000011805	0	0
ENSNBRG00000011806	0	0
ENSNBRG00000011807	0	0
ENSNBRG00000011808	0	0
ENSNBRG00000011809	0	0
ENSNBRG00000011810	0	0
ENSNBRG00000011811	0	0
ENSNBRG00000011812	0	0
ENSNBRG00000011813	0	0
ENSNBRG00000011814	0	0
ENSNBRG00000011815	0	0
ENSNBRG00000011816	0	0
ENSNBRG00000011817	0	0
ENSNBRG00000011818	0	0
ENSNBRG00000011819	0	0
ENSNBRG00000011820	19	37
ENSNBRG00000011821	0	0
ENSNBRG00000011822	38	78
ENSNBRG00000011823	0	0
ENSNBRG00000011824	0	0
ENSNBRG00000011825	0	0
ENSNBRG00000011826	0	0
ENSNBRG00000011827	0	0
ENSNBRG00000011828	0	0
ENSNBRG00000011829	0	0
ENSNBRG00000011830	213	252
ENSNBRG00000011831	0	0
ENSNBRG00000011832	0	0
ENSNBRG00000011833	0	0
ENSNBRG00000011834	0	0
ENSNBRG00000011835	0	0
ENSNBRG00000011836	0	0
ENSNBRG00000011837	0	0
ENSNBRG00000011838	3	34
ENSNBRG00000011839	0	0
ENSNBRG00000011840	0	0
ENSNBRG00000011841	0	0
ENSNBRG00000011842	28	43
ENSNBRG00000011843	0	0
ENSNBRG00000011844	0	0
ENSNBRG00000011845	0	0
ENSNBRG00000011846	0	0
ENSNBRG00000011847	0	0
ENSNBRG00000011848	0	0
ENSNBRG00000011849	0	0
ENSNBRG00000011850	0	0
ENSNBRG00000011851	0	0
ENSNBRG00000011852	0	0
ENSNBRG00000011853	0	0
ENSNBRG00000011854	0	0
ENSNBRG00000011855	0	0
ENSNBRG00000011856	0	0
ENSNBRG00000011857	0	0
ENSNBRG00000011858	0	0
ENSNBRG00000011859	0	0
ENSNBRG00000011860	0	0
ENSNBRG00000011861	0	0
ENSNBRG00000011862	0	0
ENSNBRG00000011863	0	0
ENSNBRG00000011864	0	0
ENSNBRG00000011865	0	0
ENSNBRG00000011866	0	0
ENSNBRG00000011867	0	0
ENSNBRG00000011868	0	0
ENSNBRG00000011869	0	0
ENSNBRG00000011870	0	0
ENSNBRG00000011871	0	0
ENSNBRG00000011872	0	0
ENSNBRG00000011873	0	0
ENSNBRG00000011874	0	0
ENSNBRG00000011875	99	141
ENSNBRG00000011876	0	0
ENSNBRG00000011877	0	0
ENSNBRG00000011878	0	0
ENSNBRG00000011879	119	158
ENSNBRG00000011880	430	435
ENSNBRG00000011881	0	0
ENSNBRG00000011882	0	0
ENSNBRG00000011883	0	0
ENSNBRG00000011884	0	0
ENSNBRG00000011885	0	0
ENSNBRG00000011886	0	0
ENSNBRG00000011887	0	0
ENSNBRG00000011888	0	0
ENSNBRG00000011889	0	0
ENSNBRG00000011890	0	0
ENSNBRG00000011891	0	0
ENSNBRG00000011892	0	0
ENSNBRG00000011893	0	0
ENSNBRG00000011894	0	0
ENSNBRG00000011895	0	0
ENSNBRG00000011896	0	0
ENSNBRG00000011897	0	0
ENSNBRG00000011898	0	0
ENSNBRG00000011899	0	0
ENSNBRG00000011900	0	0
ENSNBRG00000011901	0	0
ENSNBRG00000011902	0	0
ENSNBRG00000011903	0	0
ENSNBRG00000011904	2	43
ENSNBRG00000011905	0	0
ENSNBRG00000011906	0	0
ENSNBRG00000011907	0	0
ENSNBRG00000011908	0	0
ENSNBRG00000011909	0	0
ENSNBRG00000011910	0	0
ENSNBRG00000011911	0	0
ENSNBRG00000011912	0	0
ENSNBRG00000011913	0	0
ENSNBRG00000011914	0	0
ENSNBRG00000011915	0	0
ENSNBRG00000011916	0	0
ENSNBRG00000011917	0	0
ENSNBRG00000011918	0	0
ENSNBRG00000011919	0	0
ENSNBRG00000011920	9	49
ENSNBRG00000011921	4	21
ENSNBRG00000011922	0	0
ENSNBRG00000011923	0	0
ENSNBRG00000011924	89	95
ENSNBRG00000011925	0	0
ENSNBRG00000011926	0	0
ENSNBRG00000011927	0	0
ENSNBRG00000011928	32	54
ENSNBRG00000011929	0	0
ENSNBRG00000011930	0	0
ENSNBRG00000011931	0	0
ENSNBRG00000011932	0	0
ENSNBRG00000011933	0	0
ENSNBRG00000011934	0	0
ENSNBRG00000011935	0	0
ENSNBRG00000011936	34	67
ENSNBRG00000011937	0	0
ENSNBRG00000011938	0	0
ENSNBRG00000011939	0	0
ENSNBRG00000011940	0	0
ENSNBRG00000011941	0	0
ENSNBRG00000011942	0	0
ENSNBRG00000011943	0	0
ENSNBRG00000011944	0	0
ENSNBRG00000011945	0	0
ENSNBRG00000011946	0	0
ENSNBRG00000011947	0	0
ENSNBRG00000011948	0	0
ENSNBRG00000011949	3	17
ENSNBRG00000011950	0	0
ENSNBRG00000011951	0	0
ENSNBRG00000011952	0	0
ENSNBRG00000011953	0	0
ENSNBRG00000011954	0	0
ENSNBRG00000011955	0	0
ENSNBRG00000011956	0	0
ENSNBRG00000011957	0	0
ENSNBRG00000011958	0	0
ENSNBRG00000011959	0	0
ENSNBRG00000011960	0	0
ENSNBRG00000011961	37	54
ENSNBRG00000011962	0	0
ENSNBRG00000011963	0	0
ENSNBRG00000011964	0	0
ENSNBRG00000011965	0	0
ENSNBRG00000011966	0	0
ENSNBRG00000011967	0	0
ENSNBRG00000011968	0	0
ENSNBRG00000011969	0	0
ENSNBRG00000011970	0	0
ENSNBRG00000011971	0	0
ENSNBRG00000011972	0	0
ENSNBRG00000011973	0	0
ENSNBRG00000011974	0	0
ENSNBRG00000011975	35	51
ENSNBRG00000011976	36	40
ENSNBRG00000011977	0	0
ENSNBRG00000011978	0	0
ENSNBRG00000011979	34	76
ENSNBRG00000011980	0	0
ENSNBRG00000011981	0	0
ENSNBRG00000011982	0	0
ENSNBRG00000011983	0	0
ENSNBRG00000011984	0	0
ENSNBRG00000011985	0	0
ENSNBRG00000011986	0	0
ENSNBRG00000011987	0	0
ENSNBRG00000011988	0	0
ENSNBRG00000011989	0	0
ENSNBRG00000011990	0	0
ENSNBRG00000011991	0	0
ENSNBRG00000011992	0	0
ENSNBRG00000011993	0	0
ENSNBRG00000011994	0	0
ENSNBRG00000011995	0	0
ENSNBRG00000011996	0	0
ENSNBRG00000011997	0	0
ENSNBRG00000011998	37	64
ENSNBRG00000011999	0	0
ENSNBRG00000012000	0	0
ENSNBRG00000012001	0	0
ENSNBRG00000012002	0	0
ENSNBRG00000012003	24	25
ENSNBRG00000012004	0	0
ENSNBRG00000012005	0	0
ENSNBRG00000012006	0	0
ENSNBRG00000012007	0	0
ENSNBRG00000012008	120	154
ENSNBRG00000012009	15	47
ENSNBRG00000012010	0	0
ENSNBRG00000012011	0	0
ENSNBRG00000012012	0	0
ENSNBRG00000012013	0	0
ENSNBRG00000012014	0	0
ENSNBRG00000012015	0	0
ENSNBRG00000012016	0	0
ENSNBRG00000012017	0	0
ENSNBRG00000012018	0	0
ENSNBRG00000012019	0	0
ENSNBRG00000012020	0	0
ENSNBRG00000012021	0	0
ENSNBRG00000012022	49	68
ENSNBRG00000012023	0	0
ENSNBRG00000012024	0	0
ENSNBRG00000012025	0	0
ENSNBRG00000012026	56	86
ENSNBRG00000012027	0	0
ENSNBRG00000012028	0	0
ENSNBRG00000012029	0	0
ENSNBRG00000012030	0	0
ENSNBRG00000012031	31	50
ENSNBRG00000012032	9	32
ENSNBRG00000012033	0	0
ENSNBRG00000012034	0	0
ENSNBRG00000012035	0	0
ENSNBRG00000012036	45	81
ENSNBRG00000012037	0	0
ENSNBRG00000012038	0	0
ENSNBRG00000012039	0	0
ENSNBRG00000012040	0	0
ENSNBRG00000012041	0	0
ENSNBRG00000012042	0	0
ENSNBRG00000012043	0	0
ENSNBRG00000012044	0	0
ENSNBRG00000012045	0	0
ENSNBRG00000012046	0	0
ENSNBRG00000012047	0	0
ENSNBRG00000012048	0	0
ENSNBRG00000012049	0	0
ENSNBRG00000012050	0	0
ENSNBRG00000012051	0	0
ENSNBRG00000012052	0	0
ENSNBRG00000012053	0	0
ENSNBRG00000012054	0	0
ENSNBRG00000012055	0	0
ENSNBRG00000012056	0	0
ENSNBRG00000012057	0	0
ENSNBRG00000012058	0	0
ENSNBRG00000012059	0	0
ENSNBRG00000012060	0	0
ENSNBRG00000012061	0	0
ENSNBRG00000012062	0	0
ENSNBRG00000012063	0	0
ENSNBRG00000012064	0	0
ENSNBRG00000012065	0	0
ENSNBRG00000012066	0	0
ENSNBRG00000012067	0	0
ENSNBRG00000012068	0	0
ENSNBRG00000012069	0	0
ENSNBRG00000012070	0	0
ENSNBRG00000012071	0	0
ENSNBRG00000012072	0	0
ENSNBRG00000012073	0	0
ENSNBRG00000012074	0	0
ENSNBRG00000012075	0	0
ENSNBRG00000012076	0	0
ENSNBRG00000012077	0	0
ENSNBRG00000012078	14	42
ENSNBRG00000012079	0	0
ENSNBRG00000012080	0	0
ENSNBRG00000012081	54	82
ENSNBRG00000012082	749	789
ENSNBRG00000012083	0	0
ENSNBRG00000012084	0	0
ENSNBRG00000012085	0	0
ENSNBRG00000012086	0	0
ENSNBRG00000012087	0	0
ENSNBRG00000012088	0	0
ENSNBRG00000012089	0	0
ENSNBRG00000012090	0	0
ENSNBRG00000012091	0	0
ENSNBRG00000012092	1018	1034
ENSNBRG00000012093	0	0
ENSNBRG00000012094	0	0
ENSNBRG00000012095	0	0
ENSNBRG00000012096	0	0
ENSNBRG00000012097	0	0
ENSNBRG00000012098	223	229
ENSNBRG00000012099	0	0
ENSNBRG00000012100	0	0
ENSNBRG00000012101	0	0
ENSNBRG00000012102	141	149
ENSNBRG00000012103	0	0
ENSNBRG00000012104	0	0
ENSNBRG00000012105	0	0
ENSNBRG00000012106	0	0
ENSNBRG00000012107	0	0
ENSNBRG00000012108	0	0
ENSNBRG00000012109	0	0
ENSNBRG00000012110	0	0
ENSNBRG00000012111	0	0
ENSNBRG00000012112	0	0
ENSNBRG00000012113	88	113
ENSNBRG00000012114	0	0
ENSNBRG00000012115	0	0
ENSNBRG00000012116	0	0
ENSNBRG00000012117	0	0
ENSNBRG00000012118	0	0
ENSNBRG00000012119	0	0
ENSNBRG00000012120	0	0
ENSNBRG00000012121	0	0
ENSNBRG00000012122	0	0
ENSNBRG00000012123	42	84
ENSNBRG00000012124	0	0
ENSNBRG00000012125	0	0
ENSNBRG00000012126	0	0
ENSNBRG00000012127	0	0
ENSNBRG00000012128	0	0
ENSNBRG00000012129	11	33
ENSNBRG00000012130	0	0
ENSNBRG00000012131	0	0
ENSNBRG00000012132	0	0
ENSNBRG00000012133	0	0
ENSNBRG00000012134	0	0
ENSNBRG00000012135	0	0
ENSNBRG00000012136	0	0
ENSNBRG00000012137	0	0
ENSNBRG00000012138	28	60
ENSNBRG00000012139	0	0
ENSNBRG00000012140	33	58
ENSNBRG00000012141	0	0
ENSNBRG00000012142	25	61
ENSNBRG00000012143	0	0
ENSNBRG00000012144	0	0
ENSNBRG00000012145	0	0
ENSNBRG00000012146	0	0
ENSNBRG00000012147	0	0
ENSNBRG00000012148	0	0
ENSNBRG00000012149	36	79
ENSNBRG00000012150	0	0
ENSNBRG00000012151	0	0
ENSNBRG00000012152	0	0
ENSNBRG00000012153	0	0
ENSNBRG00000012154	0	0
ENSNBRG00000012155	0	0
ENSNBRG00000012156	0	0
ENSNBRG00000012157	0	0
ENSNBRG00000012158	0	0
ENSNBRG00000012159	0	0
ENSNBRG00000012160	0	0
ENSNBRG00000012161	0	0
ENSNBRG00000012162	0	0
ENSNBRG00000012163	0	0
ENSNBRG00000012164	0	0
ENSNBRG00000012165	0	0
ENSNBRG00000012166	0	0
ENSNBRG00000012167	33	37
ENSNBRG00000012168	0	0
ENSNBRG00000012169	0	0
ENSNBRG00000012170	34	61
ENSNBRG00000012171	0	0
ENSNBRG00000012172	0	0
ENSNBRG00000012173	0	0
ENSNBRG00000012174	0	0
ENSNBRG00000012175	12	22
ENSNBRG00000012176	0	0
ENSNBRG00000012177	0	0
ENSNBRG00000012178	0	0
ENSNBRG00000012179	0	0
ENSNBRG00000012180	1	25
ENSNBRG00000012181	0	0
ENSNBRG00000012182	0	0
ENSNBRG00000012183	0	0
ENSNBRG00000012184	0	0
ENSNBRG00000012185	0	0
ENSNBRG00000012186	0	0
ENSNBRG00000012187	15	45
ENSNBRG00000012188	0	0
ENSNBRG00000012189	0	0
ENSNBRG00000012190	0	0
ENSNBRG00000012191	0	0
ENSNBRG00000012192	27	56
ENSNBRG00000012193	0	0
ENSNBRG00000012194	434	453
ENSNBRG00000012195	0	0
ENSNBRG00000012196	0	0
ENSNBRG00000012197	0	0
ENSNBRG00000012198	14	26
ENSNBRG00000012199	0	0
ENSNBRG00000012200	0	0
ENSNBRG00000012201	0	0
ENSNBRG00000012202	0	0
ENSNBRG00000012203	0	0
ENSNBRG00000012204	0	0
ENSNBRG00000012205	0	0
ENSNBRG00000012206	0	0
ENSNBRG00000012207	0	0
ENSNBRG00000012208	0	0
ENSNBRG00000012209	0	0
ENSNBRG00000012210	0	0
ENSNBRG00000012211	0	0
ENSNBRG00000012212	0	0
ENSNBRG00000012213	0	0
ENSNBRG00000012214	3	41
ENSNBRG00000012215	0	0
ENSNBRG00000012216	0	0
ENSNBRG00000012217	0	0
ENSNBRG00000012218	0	0
ENSNBRG00000012219	0	0
ENSNBRG00000012220	0	0
ENSNBRG00000012221	0	0
ENSNBRG00000012222	0	0
ENSNBRG00000012223	0	0
ENSNBRG00000012224	0	0
ENSNBRG00000012225	0	0
ENSNBRG00000012226	0	0
ENSNBRG00000012227	0	0
ENSNBRG00000012228	0	0
ENSNBRG00000012229	0	0
ENSNBRG00000012230	0	0
ENSNBRG00000012231	0	0
ENSNBRG00000012232	0	0
ENSNBRG00000012233	0	0
ENSNBRG00000012234	0	0
ENSNBRG00000012235	81	101
ENSNBRG00000012236	0	0
ENSNBRG00000012237	0	0
ENSNBRG00000012238	0	0
ENSNBRG00000012239	0	0
ENSNBRG00000012240	0	0
ENSNBRG00000012241	0	0
ENSNBRG00000012242	0	0
ENSNBRG00000012243	0	0
ENSNBRG00000012244	0	0
ENSNBRG00000012245	0	0
ENSNBRG00000012246	0	0
ENSNBRG00000012247	0	0
ENSNBRG00000012248	0	0
ENSNBRG00000012249	0	0
ENSNBRG00000012250	0	0
ENSNBRG00000012251	0	0
ENSNBRG00000012252	0	0
ENSNBRG00000012253	0	0
ENSNBRG00000012254	0	0
ENSNBRG00000012255	0	0
ENSNBRG00000012256	0	0
ENSNBRG00000012257	0	0
ENSNBRG00000012258	0	0
ENSNBRG00000012259	0	0
ENSNBRG00000012260	0	0
ENSNBRG00000012261	0	0
ENSNBRG00000012262	0	0
ENSNBRG00000012263	0	0
ENSNBRG00000012264	0	0
ENSNBRG00000012265	0	0
ENSNBRG00000012266	0	0
ENSNBRG00000012267	0	0
ENSNBRG00000012268	0	0
ENSNBRG00000012269	0	0
ENSNBRG00000012270	0	0
ENSNBRG00000012271	0	0
ENSNBRG00000012272	0	0
ENSNBRG00000012273	0	0
ENSNBRG00000012274	0	0
ENSNBRG00000012275	0	0
ENSNBRG00000012276	0	0
ENSNBRG00000012277	0	0
ENSNBRG00000012278	0	0
ENSNBRG00000012279	0	0
ENSNBRG00000012280	0	0
ENSNBRG00000012281	0	0
ENSNBRG00000012282	0	0
ENSNBRG00000012283	0	0
ENSNBRG00000012284	0	0
ENSNBRG00000012285	0	0
ENSNBRG00000012286	0	0
ENSNBRG00000012287	0	0
ENSNBRG00000012288	0	0
ENSNBRG00000012289	0	0
ENSNBRG00000012290	0	0
ENSNBRG00000012291	0	0
ENSNBRG00000012292	0	0
ENSNBRG00000012293	0	0
ENSNBRG00000012294	0	0
ENSNBRG00000012295	0	0
ENSNBRG00000012296	0	0
ENSNBRG00000012297	0	0
ENSNBRG00000012298	0	0
ENSNBRG00000012299	1	23
ENSNBRG00000012300	0	0
ENSNBRG00000012301	0	0
ENSNBRG00000012302	0	0
ENSNBRG00000012303	112	153
ENSNBRG00000012304	0	0
ENSNBRG00000012305	0	0
ENSNBRG00000012306	0	0
ENSNBRG00000012307	23	47
ENSNBRG00000012308	0	0
ENSNBRG00000012309	0	0
ENSNBRG00000012310	0	0
ENSNBRG00000012311	10	39
ENSNBRG00000012312	0	0
ENSNBRG00000012313	0	0
ENSNBRG00000012314	0	0
ENSNBRG00000012315	0	0
ENSNBRG00000012316	0	0
ENSNBRG00000012317	0	0
ENSNBRG00000012318	0	0
ENSNBRG00000012319	0	0
ENSNBRG00000012320	0	0
ENSNBRG00000012321	0	0
ENSNBRG00000012322	31	40
ENSNBRG00000012323	0	0
ENSNBRG00000012324	0	0
ENSNBRG00000012325	0	0
ENSNBRG00000012326	0	0
ENSNBRG00000012327	433	458
ENSNBRG00000012328	0	0
ENSNBRG00000012329	0	0
ENSNBRG00000012330	0	0
ENSNBRG00000012331	1	24
ENSNBRG00000012332	30	34
ENSNBRG00000012333	0	0
ENSNBRG00000012334	0	0
ENSNBRG00000012335	0	0
ENSNBRG00000012336	0	0
ENSNBRG00000012337	0	0
ENSNBRG00000012338	0	0
ENSNBRG00000012339	0	0
ENSNBRG00000012340	0	0
ENSNBRG00000012341	0	0
ENSNBRG00000012342	0	0
ENSNBRG00000012343	0	0
ENSNBRG00000012344	0	0
ENSNBRG00000012345	0	0
ENSNBRG00000012346	0	0
ENSNBRG00000012347	0	0
ENSNBRG00000012348	0	0
ENSNBRG00000012349	0	0
ENSNBRG00000012350	0	0
ENSNBRG00000012351	0	0
ENSNBRG00000012352	0	0
ENSNBRG00000012353	0	0
ENSNBRG00000012354	0	0
ENSNBRG00000012355	0	0
ENSNBRG00000012356	0	0
ENSNBRG00000012357	0	0
ENSNBRG00000012358	0	0
ENSNBRG00000012359	0	0
ENSNBRG00000012360	0	0
ENSNBRG00000012361	0	0
ENSNBRG00000012362	0	0
ENSNBRG00000012363	0	0
ENSNBRG00000012364	0	0
ENSNBRG00000012365	0	0
ENSNBRG00000012366	35	48
ENSNBRG00000012367	0	0
ENSNBRG00000012368	0	0
ENSNBRG00000012369	0	0
ENSNBRG00000012370	0	0
ENSNBRG00000012371	0	0
ENSNBRG00000012372	0	0
ENSNBRG00000012373	0	0
ENSNBRG00000012374	0	0
ENSNBRG00000012375	0	0
ENSNBRG00000012376	0	0
ENSNBRG00000012377	0	0
ENSNBRG00000012378	0	0
ENSNBRG00000012379	0	0
ENSNBRG00000012380	0	0
ENSNBRG00000012381	0	0
ENSNBRG00000012382	9	23
ENSNBRG00000012383	0	0
ENSNBRG00000012384	0	0
ENSNBRG00000012385	0	0
ENSNBRG00000012386	0	0
ENSNBRG00000012387	0	0
ENSNBRG00000012388	0	0
ENSNBRG00000012389	0	0
ENSNBRG00000012390	0	0
ENSNBRG00000012391	0	0
ENSNBRG00000012392	0	0
ENSNBRG00000012393	0	0
ENSNBRG00000012394	0	0
ENSNBRG00000012395	0	0
ENSNBRG00000012396	0	0
ENSNBRG00000012397	0	0
ENSNBRG00000012398	0	0
ENSNBRG00000012399	37	76
ENSNBRG00000012400	0	0
ENSNBRG00000012401	0	0
ENSNBRG00000012402	0	0
ENSNBRG00000012403	0	0
ENSNBRG00000012404	34	46
ENSNBRG00000012405	0	0
ENSNBRG00000012406	0	0
ENSNBRG00000012407	83	110
ENSNBRG00000012408	0	0
ENSNBRG00000012409	0	0
ENSNBRG00000012410	0	0
ENSNBRG00000012411	0	0
ENSNBRG00000012412	0	0
ENSNBRG00000012413	0	0
ENSNBRG00000012414	0	0
ENSNBRG00000012415	0	0
ENSNBRG00000012416	0	0
ENSNBRG00000012417	0	0
ENSNBRG00000012418	0	0
ENSNBRG00000012419	0	0
ENSNBRG00000012420	0	0
ENSNBRG00000012421	0	0
ENSNBRG00000012422	0	0
ENSNBRG00000012423	0	0
ENSNBRG00000012424	0	0
ENSNBRG00000012425	0	0
ENSNBRG00000012426	0	0
ENSNBRG00000012427	0	0
ENSNBRG00000012428	0	0
ENSNBRG00000012429	0	0
ENSNBRG00000012430	0	0
ENSNBRG00000012431	0	0
ENSNBRG00000012432	0	0
ENSNBRG00000012433	0	0
ENSNBRG00000012434	0	0
ENSNBRG00000012435	0	0
ENSNBRG00000012436	0	0
ENSNBRG00000012437	0	0
ENSNBRG00000012438	0	0
ENSNBRG00000012439	0	0
ENSNBRG00000012440	0	0
ENSNBRG00000012441	23	25
ENSNBRG00000012442	37	50
ENSNBRG00000012443	0	0
ENSNBRG00000012444	81	106
ENSNBRG00000012445	0	0
ENSNBRG00000012446	0	0
ENSNBRG00000012447	0	0
ENSNBRG00000012448	0	0
ENSNBRG00000012449	0	0
ENSNBRG00000012450	0	0
ENSNBRG00000012451	0	0
ENSNBRG00000012452	0	0
ENSNBRG00000012453	0	0
ENSNBRG00000012454	0	0
ENSNBRG00000012455	0	0
ENSNBRG00000012456	0	0
ENSNBRG00000012457	0	0
ENSNBRG00000012458	0	0
ENSNBRG00000012459	76	90
ENSNBRG00000012460	0	0
ENSNBRG00000012461	0	0
ENSNBRG00000012462	0	0
ENSNBRG00000012463	41	82
ENSNBRG00000012464	0	0
ENSNBRG00000012465	0	0
ENSNBRG00000012466	0	0
ENSNBRG00000012467	0	0
ENSNBRG00000012468	104	143
ENSNBRG00000012469	0	0
ENSNBRG00000012470	0	0
ENSNBRG00000012471	0	0
ENSNBRG00000012472	0	0
ENSNBRG00000012473	27	33
ENSNBRG00000012474	0	0
ENSNBRG00000012475	0	0
ENSNBRG00000012476	0	0
ENSNBRG00000012477	21	63
ENSNBRG00000012478	0	0
ENSNBRG00000012479	0	0
ENSNBRG00000012480	0	0
ENSNBRG00000012481	0	0
ENSNBRG00000012482	0	0
ENSNBRG00000012483	0	0
ENSNBRG00000012484	0	0
ENSNBRG00000012485	118	144
ENSNBRG00000012486	72	85
ENSNBRG00000012487	63	87
ENSNBRG00000012488	0	0
ENSNBRG00000012489	0	0
ENSNBRG00000012490	17	25
ENSNBRG00000012491	0	0
ENSNBRG00000012492	0	0
ENSNBRG00000012493	0	0
ENSNBRG00000012494	0	0
ENSNBRG00000012495	0	0
ENSNBRG00000012496	49	69
ENSNBRG00000012497	0	0
ENSNBRG00000012498	0	0
ENSNBRG00000012499	0	0
ENSNBRG00000012500	0	0
ENSNBRG00000012501	0	0
ENSNBRG00000012502	0	0
ENSNBRG00000012503	6	21
ENSNBRG00000012504	0	0
ENSNBRG00000012505	0	0
ENSNBRG00000012506	0	0
ENSNBRG00000012507	8	51
ENSNBRG00000012508	0	0
ENSNBRG00000012509	0	0
ENSNBRG00000012510	0	0
ENSNBRG00000012511	0	0
ENSNBRG00000012512	0	0
ENSNBRG00000012513	0	0
ENSNBRG00000012514	0	0
ENSNBRG00000012515	0	0
ENSNBRG00000012516	0	0
ENSNBRG00000012517	0	0
ENSNBRG00000012518	0	0
ENSNBRG00000012519	0	0
ENSNBRG00000012520	0	0
ENSNBRG00000012521	0	0
ENSNBRG00000012522	0	0
ENSNBRG00000012523	0	0
ENSNBRG00000012524	0	0
ENSNBRG00000012525	0	0
ENSNBRG00000012526	0	0
ENSNBRG00000012527	0	0
ENSNBRG00000012528	0	0
ENSNBRG00000012529	0	0
ENSNBRG00000012530	0	0
ENSNBRG00000012531	0	0
ENSNBRG00000012532	0	0
ENSNBRG00000012533	0	0
ENSNBRG00000012534	0	0
ENSNBRG00000012535	0	0
ENSNBRG00000012536	0	0
ENSNBRG00000012537	0	0
ENSNBRG00000012538	0	0
ENSNBRG00000012539	0	0
ENSNBRG00000012540	0	0
ENSNBRG00000012541	0	0
ENSNBRG00000012542	0	0
ENSNBRG00000012543	0	0
ENSNBRG00000012544	0	0
ENSNBRG00000012545	0	0
ENSNBRG00000012546	0	0
ENSNBRG00000012547	0	0
ENSNBRG00000012548	0	0
ENSNBRG00000012549	0	0
ENSNBRG00000012550	0	0
ENSNBRG00000012551	0	0
ENSNBRG00000012552	0	0
ENSNBRG00000012553	0	0
ENSNBRG00000012554	0	0
ENSNBRG00000012555	0	0
ENSNBRG00000012556	21	28
ENSNBRG00000012557	0	0
ENSNBRG00000012558	0	0
ENSNBRG00000012559	0	0
ENSNBRG00000012560	0	0
ENSNBRG00000012561	0	0
ENSNBRG00000012562	0	0
ENSNBRG00000012563	0	0
ENSNBRG00000012564	0	0
ENSNBRG00000012565	0	0
ENSNBRG00000012566	36	60
ENSNBRG00000012567	0	0
ENSNBRG00000012568	0	0
ENSNBRG00000012569	0	0
ENSNBRG00000012570	0	0
ENSNBRG00000012571	0	0
ENSNBRG00000012572	0	0
ENSNBRG00000012573	208	215
ENSNBRG00000012574	0	0
ENSNBRG00000012575	0	0
ENSNBRG00000012576	0	0
ENSNBRG00000012577	0	0
ENSNBRG00000012578	0	0
ENSNBRG00000012579	0	0
ENSNBRG00000012580	0	0
ENSNBRG00000012581	0	0
ENSNBRG00000012582	0	0
ENSNBRG00000012583	0	0
ENSNBRG00000012584	0	0
ENSNBRG00000012585	0	0
ENSNBRG00000012586	0	0
ENSNBRG00000012587	0	0
ENSNBRG00000012588	0	0
ENSNBRG00000012589	0	0
ENSNBRG00000012590	0	0
ENSNBRG00000012591	29	39
ENSNBRG00000012592	0	0
ENSNBRG00000012593	0	0
ENSNBRG00000012594	0	0
ENSNBRG00000012595	0	0
ENSNBRG00000012596	0	0
ENSNBRG00000012597	0	0
ENSNBRG00000012598	0	0
ENSNBRG00000012599	0	0
ENSNBRG00000012600	5	13
ENSNBRG00000012601	0	0
ENSNBRG00000012602	0	0
ENSNBRG00000012603	0	0
ENSNBRG00000012604	0	0
ENSNBRG00000012605	0	0
ENSNBRG00000012606	0	0
ENSNBRG00000012607	0	0
ENSNBRG00000012608	0	0
ENSNBRG00000012609	0	0
ENSNBRG00000012610	0	0
ENSNBRG00000012611	13	14
ENSNBRG00000012612	0	0
ENSNBRG00000012613	0	0
ENSNBRG00000012614	10	15
ENSNBRG00000012615	0	0
ENSNBRG00000012616	0	0
ENSNBRG00000012617	183	195
ENSNBRG00000012618	0	0
ENSNBRG00000012619	73	83
ENSNBRG00000012620	0	0
ENSNBRG00000012621	0	0
ENSNBRG00000012622	0	0
ENSNBRG00000012623	0	0
ENSNBRG00000012624	0	0
ENSNBRG00000012625	1	7
ENSNBRG00000012626	0	0
ENSNBRG00000012627	0	0
ENSNBRG00000012628	0	0
ENSNBRG00000012629	0	0
ENSNBRG00000012630	0	0
ENSNBRG00000012631	0	0
ENSNBRG00000012632	0	0
ENSNBRG00000012633	0	0
ENSNBRG00000012634	0	0
ENSNBRG00000012635	0	0
ENSNBRG00000012636	0	0
ENSNBRG00000012637	0	0
ENSNBRG00000012638	6	11
ENSNBRG00000012639	0	0
ENSNBRG00000012640	5	31
ENSNBRG00000012641	0	0
ENSNBRG00000012642	0	0
ENSNBRG00000012643	0	0
ENSNBRG00000012644	9	33
ENSNBRG00000012645	0	0
ENSNBRG00000012646	0	0
ENSNBRG00000012647	0	0
ENSNBRG00000012648	0	0
ENSNBRG00000012649	0	0
ENSNBRG00000012650	0	0
ENSNBRG00000012651	0	0
ENSNBRG00000012652	0	0
ENSNBRG00000012653	0	0
ENSNBRG00000012654	0	0
ENSNBRG00000012655	0	0
ENSNBRG00000012656	0	0
ENSNBRG00000012657	0	0
ENSNBRG00000012658	0	0
ENSNBRG00000012659	0	0
ENSNBRG00000012660	0	0
ENSNBRG00000012661	37	75
ENSNBRG00000012662	0	0
ENSNBRG00000012663	0	0
ENSNBRG00000012664	0	0
ENSNBRG00000012665	0	0
ENSNBRG00000012666	21	53
ENSNBRG00000012667	0	0
ENSNBRG00000012668	0	0
ENSNBRG00000012669	0	0
ENSNBRG00000012670	0	0
ENSNBRG00000012671	0	0
ENSNBRG00000012672	0	0
ENSNBRG00000012673	449	473
ENSNBRG00000012674	0	0
ENSNBRG00000012675	0	0
ENSNBRG00000012676	0	0
ENSNBRG00000012677	490	524
ENSNBRG00000012678	0	0
ENSNBRG00000012679	0	0
ENSNBRG00000012680	0	0
ENSNBRG00000012681	0	0
ENSNBRG00000012682	0	0
ENSNBRG00000012683	0	0
ENSNBRG00000012684	0	0
ENSNBRG00000012685	0	0
ENSNBRG00000012686	38	59
ENSNBRG00000012687	0	0
ENSNBRG00000012688	0	0
ENSNBRG00000012689	5	30
ENSNBRG00000012690	14	24
ENSNBRG00000012691	0	0
ENSNBRG00000012692	0	0
ENSNBRG00000012693	0	0
ENSNBRG00000012694	0	0
ENSNBRG00000012695	0	0
ENSNBRG00000012696	0	0
ENSNBRG00000012697	0	0
ENSNBRG00000012698	0	0
ENSNBRG00000012699	0	0
ENSNBRG00000012700	0	0
ENSNBRG00000012701	0	0
ENSNBRG00000012702	0	0
ENSNBRG00000012703	0	0
ENSNBRG00000012704	0	0
ENSNBRG00000012705	0	0
ENSNBRG00000012706	0	0
ENSNBRG00000012707	0	0
ENSNBRG00000012708	0	0
ENSNBRG00000012709	0	0
ENSNBRG00000012710	0	0
ENSNBRG00000012711	0	0
ENSNBRG00000012712	0	0
ENSNBRG00000012713	0	0
ENSNBRG00000012714	0	0
ENSNBRG00000012715	0	0
ENSNBRG00000012716	0	0
ENSNBRG00000012717	0	0
ENSNBRG00000012718	0	0
ENSNBRG00000012719	0	0
ENSNBRG00000012720	0	0
ENSNBRG00000012721	0	0
ENSNBRG00000012722	0	0
ENSNBRG00000012723	0	0
ENSNBRG00000012724	0	0
ENSNBRG00000012725	0	0
ENSNBRG00000012726	0	0
ENSNBRG00000012727	0	0
ENSNBRG00000012728	0	0
ENSNBRG00000012729	0	0
ENSNBRG00000012730	0	0
ENSNBRG00000012731	0	0
ENSNBRG00000012732	0	0
ENSNBRG00000012733	0	0
ENSNBRG00000012734	0	0
ENSNBRG00000012735	0	0
ENSNBRG00000012736	0	0
ENSNBRG00000012737	0	0
ENSNBRG00000012738	0	0
ENSNBRG00000012739	0	0
ENSNBRG00000012740	0	0
ENSNBRG00000012741	0	0
ENSNBRG00000012742	1	33
ENSNBRG00000012743	0	0
ENSNBRG00000012744	0	0
ENSNBRG00000012745	0	0
ENSNBRG00000012746	0	0
ENSNBRG00000012747	0	0
ENSNBRG00000012748	0	0
ENSNBRG00000012749	0	0
ENSNBRG00000012750	0	0
ENSNBRG00000012751	0	0
ENSNBRG00000012752	0	0
ENSNBRG00000012753	0	0
ENSNBRG00000012754	0	0
ENSNBRG00000012755	0	0
ENSNBRG00000012756	0	0
ENSNBRG00000012757	0	0
ENSNBRG00000012758	5	26
ENSNBRG00000012759	0	0
ENSNBRG00000012760	0	0
ENSNBRG00000012761	0	0
ENSNBRG00000012762	0	0
ENSNBRG00000012763	0	0
ENSNBRG00000012764	0	0
ENSNBRG00000012765	0	0
ENSNBRG00000012766	0	0
ENSNBRG00000012767	0	0
ENSNBRG00000012768	0	0
ENSNBRG00000012769	0	0
ENSNBRG00000012770	0	0
ENSNBRG00000012771	0	0
ENSNBRG00000012772	0	0
ENSNBRG00000012773	0	0
ENSNBRG00000012774	0	0
ENSNBRG00000012775	1	15
ENSNBRG00000012776	0	0
ENSNBRG00000012777	0	0
ENSNBRG00000012778	0	0
ENSNBRG00000012779	0	0
ENSNBRG00000012780	0	0
ENSNBRG00000012781	0	0
ENSNBRG00000012782	0	0
ENSNBRG00000012783	0	0
ENSNBRG00000012784	0	0
ENSNBRG00000012785	0	0
ENSNBRG00000012786	0	0
ENSNBRG00000012787	0	0
ENSNBRG00000012788	0	0
ENSNBRG00000012789	0	0
ENSNBRG00000012790	0	0
ENSNBRG00000012791	0	0
ENSNBRG00000012792	0	0
ENSNBRG00000012793	0	0
ENSNBRG00000012794	0	0
ENSNBRG00000012795	0	0
ENSNBRG00000012796	0	0
ENSNBRG00000012797	0	0
ENSNBRG00000012798	0	0
ENSNBRG00000012799	0	0
ENSNBRG00000012800	0	0
ENSNBRG00000012801	0	0
ENSNBRG00000012802	0	0
ENSNBRG00000012803	0	0
ENSNBRG00000012804	0	0
ENSNBRG00000012805	0	0
ENSNBRG00000012806	0	0
ENSNBRG00000012807	0	0
ENSNBRG00000012808	0	0
ENSNBRG00000012809	0	0
ENSNBRG00000012810	19	34
ENSNBRG00000012811	0	0
ENSNBRG00000012812	0	0
ENSNBRG00000012813	0	0
ENSNBRG00000012814	0	0
ENSNBRG00000012815	0	0
ENSNBRG00000012816	0	0
ENSNBRG00000012817	0	0
ENSNBRG00000012818	0	0
ENSNBRG00000012819	0	0
ENSNBRG00000012820	0	0
ENSNBRG00000012821	0	0
ENSNBRG00000012822	0	0
ENSNBRG00000012823	0	0
ENSNBRG00000012824	0	0
ENSNBRG00000012825	0	0
ENSNBRG00000012826	0	0
ENSNBRG00000012827	0	0
ENSNBRG00000012828	0	0
ENSNBRG00000012829	0	0
ENSNBRG00000012830	106	130
ENSNBRG00000012831	0	0
ENSNBRG00000012832	0	0
ENSNBRG00000012833	0	0
ENSNBRG00000012834	1633	1636
ENSNBRG00000012835	0	0
ENSNBRG00000012836	58	79
ENSNBRG00000012837	0	0
ENSNBRG00000012838	0	0
ENSNBRG00000012839	0	0
ENSNBRG00000012840	3383	3401
ENSNBRG00000012841	0	0
ENSNBRG00000012842	0	0
ENSNBRG00000012843	0	0
ENSNBRG00000012844	0	0
ENSNBRG00000012845	0	0
ENSNBRG00000012846	20	34
ENSNBRG00000012847	0	0
ENSNBRG00000012848	0	0
ENSNBRG00000012849	0	0
ENSNBRG00000012850	0	0
ENSNBRG00000012851	494	527
ENSNBRG00000012852	0	0
ENSNBRG00000012853	0	0
ENSNBRG00000012854	0	0
ENSNBRG00000012855	0	0
ENSNBRG00000012856	0	0
ENSNBRG00000012857	0	0
ENSNBRG00000012858	0	0
ENSNBRG00000012859	16	53
ENSNBRG00000012860	0	0
ENSNBRG00000012861	128	141
ENSNBRG00000012862	33	40
ENSNBRG00000012863	357	360
ENSNBRG00000012864	0	0
ENSNBRG00000012865	0	0
ENSNBRG00000012866	0	0
ENSNBRG00000012867	0	0
ENSNBRG00000012868	0	0
ENSNBRG00000012869	0	0
ENSNBRG00000012870	5	40
ENSNBRG00000012871	0	0
ENSNBRG00000012872	0	0
ENSNBRG00000012873	0	0
ENSNBRG00000012874	0	0
ENSNBRG00000012875	0	0
ENSNBRG00000012876	0	0
ENSNBRG00000012877	0	0
ENSNBRG00000012878	0	0
ENSNBRG00000012879	0	0
ENSNBRG00000012880	0	0
ENSNBRG00000012881	0	0
ENSNBRG00000012882	0	0
ENSNBRG00000012883	317	359
ENSNBRG00000012884	0	0
ENSNBRG00000012885	0	0
ENSNBRG00000012886	0	0
ENSNBRG00000012887	0	0
ENSNBRG00000012888	0	0
ENSNBRG00000012889	0	0
ENSNBRG00000012890	38	52
ENSNBRG00000012891	0	0
ENSNBRG00000012892	0	0
ENSNBRG00000012893	0	0
ENSNBRG00000012894	0	0
ENSNBRG00000012895	0	0
ENSNBRG00000012896	34	72
ENSNBRG00000012897	0	0
ENSNBRG00000012898	0	0
ENSNBRG00000012899	31	72
ENSNBRG00000012900	0	0
ENSNBRG00000012901	0	0
ENSNBRG00000012902	0	0
ENSNBRG00000012903	0	0
ENSNBRG00000012904	0	0
ENSNBRG00000012905	0	0
ENSNBRG00000012906	2531	2549
ENSNBRG00000012907	0	0
ENSNBRG00000012908	0	0
ENSNBRG00000012909	0	0
ENSNBRG00000012910	0	0
ENSNBRG00000012911	0	0
ENSNBRG00000012912	0	0
ENSNBRG00000012913	0	0
ENSNBRG00000012914	35	52
ENSNBRG00000012915	0	0
ENSNBRG00000012916	0	0
ENSNBRG00000012917	0	0
ENSNBRG00000012918	0	0
ENSNBRG00000012919	0	0
ENSNBRG00000012920	0	0
ENSNBRG00000012921	0	0
ENSNBRG00000012922	0	0
ENSNBRG00000012923	0	0
ENSNBRG00000012924	0	0
ENSNBRG00000012925	0	0
ENSNBRG00000012926	0	0
ENSNBRG00000012927	0	0
ENSNBRG00000012928	96	138
ENSNBRG00000012929	0	0
ENSNBRG00000012930	0	0
ENSNBRG00000012931	0	0
ENSNBRG00000012932	0	0
ENSNBRG00000012933	0	0
ENSNBRG00000012934	0	0
ENSNBRG00000012935	0	0
ENSNBRG00000012936	0	0
ENSNBRG00000012937	0	0
ENSNBRG00000012938	0	0
ENSNBRG00000012939	28	49
ENSNBRG00000012940	0	0
ENSNBRG00000012941	0	0
ENSNBRG00000012942	0	0
ENSNBRG00000012943	0	0
ENSNBRG00000012944	0	0
ENSNBRG00000012945	103	111
ENSNBRG00000012946	857	900
ENSNBRG00000012947	0	0
ENSNBRG00000012948	0	0
ENSNBRG00000012949	0	0
ENSNBRG00000012950	0	0
ENSNBRG00000012951	0	0
ENSNBRG00000012952	0	0
ENSNBRG00000012953	0	0
ENSNBRG00000012954	3	25
ENSNBRG00000012955	47	56
ENSNBRG00000012956	0	0
ENSNBRG00000012957	0	0
ENSNBRG00000012958	0	0
ENSNBRG00000012959	0	0
ENSNBRG00000012960	0	0
ENSNBRG00000012961	0	0
ENSNBRG00000012962	0	0
ENSNBRG00000012963	0	0
ENSNBRG00000012964	0	0
ENSNBRG00000012965	0	0
ENSNBRG00000012966	0	0
ENSNBRG00000012967	0	0
ENSNBRG00000012968	0	0
ENSNBRG00000012969	0	0
ENSNBRG00000012970	0	0
ENSNBRG00000012971	0	0
ENSNBRG00000012972	0	0
ENSNBRG00000012973	0	0
ENSNBRG00000012974	0	0
ENSNBRG00000012975	0	0
ENSNBRG00000012976	0	0
ENSNBRG00000012977	0	0
ENSNBRG00000012978	0	0
ENSNBRG00000012979	0	0
ENSNBRG00000012980	0	0
ENSNBRG00000012981	0	0
ENSNBRG00000012982	0	0
ENSNBRG00000012983	0	0
ENSNBRG00000012984	0	0
ENSNBRG00000012985	0	0
ENSNBRG00000012986	0	0
ENSNBRG00000012987	0	0
ENSNBRG00000012988	0	0
ENSNBRG00000012989	0	0
ENSNBRG00000012990	0	0
ENSNBRG00000012991	0	0
ENSNBRG00000012992	0	0
ENSNBRG00000012993	0	0
ENSNBRG00000012994	0	0
ENSNBRG00000012995	0	0
ENSNBRG00000012996	0	0
ENSNBRG00000012997	0	0
ENSNBRG00000012998	0	0
ENSNBRG00000012999	8	15
ENSNBRG00000013000	0	0
ENSNBRG00000013001	0	0
ENSNBRG00000013002	0	0
ENSNBRG00000013003	0	0
ENSNBRG00000013004	0	0
ENSNBRG00000013005	0	0
ENSNBRG00000013006	19	45
ENSNBRG00000013007	0	0
ENSNBRG00000013008	21	48
ENSNBRG00000013009	0	0
ENSNBRG00000013010	0	0
ENSNBRG00000013011	0	0
ENSNBRG00000013012	0	0
ENSNBRG00000013013	0	0
ENSNBRG00000013014	0	0
ENSNBRG00000013015	19	54
ENSNBRG00000013016	0	0
ENSNBRG00000013017	0	0
ENSNBRG00000013018	558	578
ENSNBRG00000013019	0	0
ENSNBRG00000013020	0	0
ENSNBRG00000013021	0	0
ENSNBRG00000013022	0	0
ENSNBRG00000013023	0	0
ENSNBRG00000013024	0	0
ENSNBRG00000013025	0	0
ENSNBRG00000013026	0	0
ENSNBRG00000013027	175	194
ENSNBRG00000013028	0	0
ENSNBRG00000013029	0	0
ENSNBRG00000013030	249	273
ENSNBRG00000013031	61	62
ENSNBRG00000013032	0	0
ENSNBRG00000013033	0	0
ENSNBRG00000013034	0	0
ENSNBRG00000013035	0	0
ENSNBRG00000013036	0	0
ENSNBRG00000013037	0	0
ENSNBRG00000013038	0	0
ENSNBRG00000013039	0	0
ENSNBRG00000013040	0	0
ENSNBRG00000013041	0	0
ENSNBRG00000013042	0	0
ENSNBRG00000013043	0	0
ENSNBRG00000013044	32	68
ENSNBRG00000013045	0	0
ENSNBRG00000013046	0	0
ENSNBRG00000013047	0	0
ENSNBRG00000013048	1	12
ENSNBRG00000013049	0	0
ENSNBRG00000013050	0	0
ENSNBRG00000013051	0	0
ENSNBRG00000013052	0	0
ENSNBRG00000013053	0	0
ENSNBRG00000013054	0	0
ENSNBRG00000013055	0	0
ENSNBRG00000013056	0	0
ENSNBRG00000013057	0	0
ENSNBRG00000013058	0	0
ENSNBRG00000013059	0	0
ENSNBRG00000013060	0	0
ENSNBRG00000013061	0	0
ENSNBRG00000013062	0	0
ENSNBRG00000013063	0	0
ENSNBRG00000013064	0	0
ENSNBRG00000013065	0	0
ENSNBRG00000013066	0	0
ENSNBRG00000013067	0	0
ENSNBRG00000013068	0	0
ENSNBRG00000013069	0	0
ENSNBRG00000013070	0	0
ENSNBRG00000013071	0	0
ENSNBRG00000013072	0	0
ENSNBRG00000013073	0	0
ENSNBRG00000013074	0	0
ENSNBRG00000013075	0	0
ENSNBRG00000013076	0	0
ENSNBRG00000013077	0	0
ENSNBRG00000013078	0	0
ENSNBRG00000013079	0	0
ENSNBRG00000013080	0	0
ENSNBRG00000013081	0	0
ENSNBRG00000013082	0	0
ENSNBRG00000013083	0	0
ENSNBRG00000013084	0	0
ENSNBRG00000013085	0	0
ENSNBRG00000013086	0	0
ENSNBRG00000013087	51	77
ENSNBRG00000013088	0	0
ENSNBRG00000013089	0	0
ENSNBRG00000013090	0	0
ENSNBRG00000013091	0	0
ENSNBRG00000013092	0	0
ENSNBRG00000013093	16	20
ENSNBRG00000013094	0	0
ENSNBRG00000013095	61	90
ENSNBRG00000013096	0	0
ENSNBRG00000013097	0	0
ENSNBRG00000013098	0	0
ENSNBRG00000013099	0	0
ENSNBRG00000013100	0	0
ENSNBRG00000013101	0	0
ENSNBRG00000013102	0	0
ENSNBRG00000013103	0	0
ENSNBRG00000013104	0	0
ENSNBRG00000013105	100	137
ENSNBRG00000013106	0	0
ENSNBRG00000013107	0	0
ENSNBRG00000013108	0	0
ENSNBRG00000013109	0	0
ENSNBRG00000013110	0	0
ENSNBRG00000013111	0	0
ENSNBRG00000013112	0	0
ENSNBRG00000013113	0	0
ENSNBRG00000013114	19	21
ENSNBRG00000013115	0	0
ENSNBRG00000013116	0	0
ENSNBRG00000013117	0	0
ENSNBRG00000013118	0	0
ENSNBRG00000013119	0	0
ENSNBRG00000013120	0	0
ENSNBRG00000013121	0	0
ENSNBRG00000013122	0	0
ENSNBRG00000013123	0	0
ENSNBRG00000013124	0	0
ENSNBRG00000013125	0	0
ENSNBRG00000013126	0	0
ENSNBRG00000013127	0	0
ENSNBRG00000013128	0	0
ENSNBRG00000013129	0	0
ENSNBRG00000013130	0	0
ENSNBRG00000013131	0	0
ENSNBRG00000013132	0	0
ENSNBRG00000013133	0	0
ENSNBRG00000013134	0	0
ENSNBRG00000013135	0	0
ENSNBRG00000013136	0	0
ENSNBRG00000013137	16	28
ENSNBRG00000013138	0	0
ENSNBRG00000013139	0	0
ENSNBRG00000013140	0	0
ENSNBRG00000013141	0	0
ENSNBRG00000013142	0	0
ENSNBRG00000013143	0	0
ENSNBRG00000013144	0	0
ENSNBRG00000013145	0	0
ENSNBRG00000013146	36	47
ENSNBRG00000013147	0	0
ENSNBRG00000013148	0	0
ENSNBRG00000013149	0	0
ENSNBRG00000013150	0	0
ENSNBRG00000013151	0	0
ENSNBRG00000013152	0	0
ENSNBRG00000013153	0	0
ENSNBRG00000013154	0	0
ENSNBRG00000013155	0	0
ENSNBRG00000013156	0	0
ENSNBRG00000013157	0	0
ENSNBRG00000013158	0	0
ENSNBRG00000013159	0	0
ENSNBRG00000013160	0	0
ENSNBRG00000013161	0	0
ENSNBRG00000013162	14	55
ENSNBRG00000013163	28	56
ENSNBRG00000013164	0	0
ENSNBRG00000013165	0	0
ENSNBRG00000013166	0	0
ENSNBRG00000013167	0	0
ENSNBRG00000013168	0	0
ENSNBRG00000013169	0	0
ENSNBRG00000013170	0	0
ENSNBRG00000013171	0	0
ENSNBRG00000013172	0	0
ENSNBRG00000013173	0	0
ENSNBRG00000013174	0	0
ENSNBRG00000013175	0	0
ENSNBRG00000013176	0	0
ENSNBRG00000013177	0	0
ENSNBRG00000013178	0	0
ENSNBRG00000013179	0	0
ENSNBRG00000013180	0	0
ENSNBRG00000013181	0	0
ENSNBRG00000013182	0	0
ENSNBRG00000013183	0	0
ENSNBRG00000013184	0	0
ENSNBRG00000013185	0	0
ENSNBRG00000013186	0	0
ENSNBRG00000013187	17	46
ENSNBRG00000013188	33	35
ENSNBRG00000013189	0	0
ENSNBRG00000013190	0	0
ENSNBRG00000013191	0	0
ENSNBRG00000013192	0	0
ENSNBRG00000013193	0	0
ENSNBRG00000013194	0	0
ENSNBRG00000013195	0	0
ENSNBRG00000013196	2	38
ENSNBRG00000013197	0	0
ENSNBRG00000013198	0	0
ENSNBRG00000013199	0	0
ENSNBRG00000013200	0	0
ENSNBRG00000013201	0	0
ENSNBRG00000013202	0	0
ENSNBRG00000013203	0	0
ENSNBRG00000013204	0	0
ENSNBRG00000013205	0	0
ENSNBRG00000013206	0	0
ENSNBRG00000013207	0	0
ENSNBRG00000013208	0	0
ENSNBRG00000013209	0	0
ENSNBRG00000013210	0	0
ENSNBRG00000013211	0	0
ENSNBRG00000013212	0	0
ENSNBRG00000013213	0	0
ENSNBRG00000013214	0	0
ENSNBRG00000013215	15	25
ENSNBRG00000013216	10	19
ENSNBRG00000013217	0	0
ENSNBRG00000013218	0	0
ENSNBRG00000013219	11	23
ENSNBRG00000013220	0	0
ENSNBRG00000013221	0	0
ENSNBRG00000013222	0	0
ENSNBRG00000013223	0	0
ENSNBRG00000013224	0	0
ENSNBRG00000013225	0	0
ENSNBRG00000013226	0	0
ENSNBRG00000013227	0	0
ENSNBRG00000013228	0	0
ENSNBRG00000013229	24	32
ENSNBRG00000013230	0	0
ENSNBRG00000013231	0	0
ENSNBRG00000013232	0	0
ENSNBRG00000013233	0	0
ENSNBRG00000013234	0	0
ENSNBRG00000013235	0	0
ENSNBRG00000013236	0	0
ENSNBRG00000013237	52	60
ENSNBRG00000013238	0	0
ENSNBRG00000013239	0	0
ENSNBRG00000013240	0	0
ENSNBRG00000013241	289	315
ENSNBRG00000013242	0	0
ENSNBRG00000013243	14	15
ENSNBRG00000013244	0	0
ENSNBRG00000013245	0	0
ENSNBRG00000013246	41	82
ENSNBRG00000013247	0	0
ENSNBRG00000013248	189	205
ENSNBRG00000013249	42	70
ENSNBRG00000013250	0	0
ENSNBRG00000013251	0	0
ENSNBRG00000013252	0	0
ENSNBRG00000013253	0	0
ENSNBRG00000013254	0	0
ENSNBRG00000013255	0	0
ENSNBRG00000013256	0	0
ENSNBRG00000013257	0	0
ENSNBRG00000013258	0	0
ENSNBRG00000013259	0	0
ENSNBRG00000013260	0	0
ENSNBRG00000013261	0	0
ENSNBRG00000013262	0	0
ENSNBRG00000013263	0	0
ENSNBRG00000013264	0	0
ENSNBRG00000013265	0	0
ENSNBRG00000013266	0	0
ENSNBRG00000013267	0	0
ENSNBRG00000013268	0	0
ENSNBRG00000013269	0	0
ENSNBRG00000013270	0	0
ENSNBRG00000013271	0	0
ENSNBRG00000013272	0	0
ENSNBRG00000013273	0	0
ENSNBRG00000013274	0	0
ENSNBRG00000013275	0	0
ENSNBRG00000013276	0	0
ENSNBRG00000013277	0	0
ENSNBRG00000013278	0	0
ENSNBRG00000013279	0	0
ENSNBRG00000013280	0	0
ENSNBRG00000013281	0	0
ENSNBRG00000013282	0	0
ENSNBRG00000013283	0	0
ENSNBRG00000013284	0	0
ENSNBRG00000013285	0	0
ENSNBRG00000013286	0	0
ENSNBRG00000013287	96	113
ENSNBRG00000013288	0	0
ENSNBRG00000013289	0	0
ENSNBRG00000013290	0	0
ENSNBRG00000013291	0	0
ENSNBRG00000013292	0	0
ENSNBRG00000013293	0	0
ENSNBRG00000013294	0	0
ENSNBRG00000013295	0	0
ENSNBRG00000013296	0	0
ENSNBRG00000013297	0	0
ENSNBRG00000013298	0	0
ENSNBRG00000013299	0	0
ENSNBRG00000013300	0	0
ENSNBRG00000013301	0	0
ENSNBRG00000013302	0	0
ENSNBRG00000013303	0	0
ENSNBRG00000013304	0	0
ENSNBRG00000013305	35	41
ENSNBRG00000013306	365	378
ENSNBRG00000013307	0	0
ENSNBRG00000013308	0	0
ENSNBRG00000013309	0	0
ENSNBRG00000013310	36	58
ENSNBRG00000013311	0	0
ENSNBRG00000013312	0	0
ENSNBRG00000013313	6	39
ENSNBRG00000013314	30	49
ENSNBRG00000013315	0	0
ENSNBRG00000013316	18	45
ENSNBRG00000013317	0	0
ENSNBRG00000013318	0	0
ENSNBRG00000013319	0	0
ENSNBRG00000013320	0	0
ENSNBRG00000013321	0	0
ENSNBRG00000013322	0	0
ENSNBRG00000013323	4	45
ENSNBRG00000013324	0	0
ENSNBRG00000013325	0	0
ENSNBRG00000013326	0	0
ENSNBRG00000013327	0	0
ENSNBRG00000013328	60	65
ENSNBRG00000013329	0	0
ENSNBRG00000013330	0	0
ENSNBRG00000013331	0	0
ENSNBRG00000013332	0	0
ENSNBRG00000013333	0	0
ENSNBRG00000013334	0	0
ENSNBRG00000013335	0	0
ENSNBRG00000013336	0	0
ENSNBRG00000013337	0	0
ENSNBRG00000013338	0	0
ENSNBRG00000013339	0	0
ENSNBRG00000013340	0	0
ENSNBRG00000013341	0	0
ENSNBRG00000013342	0	0
ENSNBRG00000013343	0	0
ENSNBRG00000013344	0	0
ENSNBRG00000013345	0	0
ENSNBRG00000013346	0	0
ENSNBRG00000013347	0	0
ENSNBRG00000013348	0	0
ENSNBRG00000013349	0	0
ENSNBRG00000013350	0	0
ENSNBRG00000013351	0	0
ENSNBRG00000013352	0	0
ENSNBRG00000013353	0	0
ENSNBRG00000013354	0	0
ENSNBRG00000013355	15	37
ENSNBRG00000013356	0	0
ENSNBRG00000013357	0	0
ENSNBRG00000013358	0	0
ENSNBRG00000013359	0	0
ENSNBRG00000013360	0	0
ENSNBRG00000013361	0	0
ENSNBRG00000013362	0	0
ENSNBRG00000013363	0	0
ENSNBRG00000013364	0	0
ENSNBRG00000013365	17	22
ENSNBRG00000013366	0	0
ENSNBRG00000013367	0	0
ENSNBRG00000013368	0	0
ENSNBRG00000013369	0	0
ENSNBRG00000013370	0	0
ENSNBRG00000013371	0	0
ENSNBRG00000013372	0	0
ENSNBRG00000013373	0	0
ENSNBRG00000013374	0	0
ENSNBRG00000013375	35	62
ENSNBRG00000013376	0	0
ENSNBRG00000013377	342	364
ENSNBRG00000013378	0	0
ENSNBRG00000013379	0	0
ENSNBRG00000013380	33	37
ENSNBRG00000013381	0	0
ENSNBRG00000013382	0	0
ENSNBRG00000013383	0	0
ENSNBRG00000013384	0	0
ENSNBRG00000013385	0	0
ENSNBRG00000013386	332	363
ENSNBRG00000013387	0	0
ENSNBRG00000013388	0	0
ENSNBRG00000013389	0	0
ENSNBRG00000013390	0	0
ENSNBRG00000013391	0	0
ENSNBRG00000013392	0	0
ENSNBRG00000013393	0	0
ENSNBRG00000013394	0	0
ENSNBRG00000013395	0	0
ENSNBRG00000013396	0	0
ENSNBRG00000013397	0	0
ENSNBRG00000013398	0	0
ENSNBRG00000013399	0	0
ENSNBRG00000013400	0	0
ENSNBRG00000013401	27	64
ENSNBRG00000013402	0	0
ENSNBRG00000013403	0	0
ENSNBRG00000013404	0	0
ENSNBRG00000013405	0	0
ENSNBRG00000013406	0	0
ENSNBRG00000013407	0	0
ENSNBRG00000013408	0	0
ENSNBRG00000013409	0	0
ENSNBRG00000013410	0	0
ENSNBRG00000013411	0	0
ENSNBRG00000013412	213	246
ENSNBRG00000013413	0	0
ENSNBRG00000013414	29	46
ENSNBRG00000013415	0	0
ENSNBRG00000013416	0	0
ENSNBRG00000013417	0	0
ENSNBRG00000013418	0	0
ENSNBRG00000013419	0	0
ENSNBRG00000013420	410	444
ENSNBRG00000013421	0	0
ENSNBRG00000013422	0	0
ENSNBRG00000013423	0	0
ENSNBRG00000013424	103	115
ENSNBRG00000013425	0	0
ENSNBRG00000013426	0	0
ENSNBRG00000013427	0	0
ENSNBRG00000013428	0	0
ENSNBRG00000013429	0	0
ENSNBRG00000013430	0	0
ENSNBRG00000013431	0	0
ENSNBRG00000013432	0	0
ENSNBRG00000013433	0	0
ENSNBRG00000013434	0	0
ENSNBRG00000013435	0	0
ENSNBRG00000013436	0	0
ENSNBRG00000013437	0	0
ENSNBRG00000013438	0	0
ENSNBRG00000013439	1	15
ENSNBRG00000013440	0	0
ENSNBRG00000013441	0	0
ENSNBRG00000013442	0	0
ENSNBRG00000013443	0	0
ENSNBRG00000013444	0	0
ENSNBRG00000013445	0	0
ENSNBRG00000013446	0	0
ENSNBRG00000013447	0	0
ENSNBRG00000013448	0	0
ENSNBRG00000013449	0	0
ENSNBRG00000013450	26	42
ENSNBRG00000013451	0	0
ENSNBRG00000013452	0	0
ENSNBRG00000013453	0	0
ENSNBRG00000013454	0	0
ENSNBRG00000013455	0	0
ENSNBRG00000013456	0	0
ENSNBRG00000013457	250	251
ENSNBRG00000013458	0	0
ENSNBRG00000013459	43	79
ENSNBRG00000013460	0	0
ENSNBRG00000013461	0	0
ENSNBRG00000013462	191	204
ENSNBRG00000013463	0	0
ENSNBRG00000013464	0	0
ENSNBRG00000013465	0	0
ENSNBRG00000013466	0	0
ENSNBRG00000013467	0	0
ENSNBRG00000013468	0	0
ENSNBRG00000013469	0	0
ENSNBRG00000013470	0	0
ENSNBRG00000013471	0	0
ENSNBRG00000013472	0	0
ENSNBRG00000013473	0	0
ENSNBRG00000013474	46	78
ENSNBRG00000013475	0	0
ENSNBRG00000013476	0	0
ENSNBRG00000013477	0	0
ENSNBRG00000013478	1	8
ENSNBRG00000013479	0	0
ENSNBRG00000013480	0	0
ENSNBRG00000013481	0	0
ENSNBRG00000013482	0	0
ENSNBRG00000013483	5	11
ENSNBRG00000013484	0	0
ENSNBRG00000013485	0	0
ENSNBRG00000013486	0	0
ENSNBRG00000013487	31	62
ENSNBRG00000013488	0	0
ENSNBRG00000013489	0	0
ENSNBRG00000013490	0	0
ENSNBRG00000013491	0	0
ENSNBRG00000013492	31	33
ENSNBRG00000013493	1	40
ENSNBRG00000013494	0	0
ENSNBRG00000013495	0	0
ENSNBRG00000013496	0	0
ENSNBRG00000013497	0	0
ENSNBRG00000013498	0	0
ENSNBRG00000013499	0	0
ENSNBRG00000013500	0	0
ENSNBRG00000013501	0	0
ENSNBRG00000013502	0	0
ENSNBRG00000013503	0	0
ENSNBRG00000013504	32	37
ENSNBRG00000013505	0	0
ENSNBRG00000013506	0	0
ENSNBRG00000013507	0	0
ENSNBRG00000013508	0	0
ENSNBRG00000013509	0	0
ENSNBRG00000013510	0	0
ENSNBRG00000013511	0	0
ENSNBRG00000013512	0	0
ENSNBRG00000013513	0	0
ENSNBRG00000013514	26	50
ENSNBRG00000013515	37	41
ENSNBRG00000013516	0	0
ENSNBRG00000013517	0	0
ENSNBRG00000013518	0	0
ENSNBRG00000013519	0	0
ENSNBRG00000013520	0	0
ENSNBRG00000013521	0	0
ENSNBRG00000013522	0	0
ENSNBRG00000013523	0	0
ENSNBRG00000013524	0	0
ENSNBRG00000013525	0	0
ENSNBRG00000013526	0	0
ENSNBRG00000013527	0	0
ENSNBRG00000013528	29	42
ENSNBRG00000013529	0	0
ENSNBRG00000013530	39	66
ENSNBRG00000013531	0	0
ENSNBRG00000013532	0	0
ENSNBRG00000013533	0	0
ENSNBRG00000013534	0	0
ENSNBRG00000013535	35	48
ENSNBRG00000013536	0	0
ENSNBRG00000013537	0	0
ENSNBRG00000013538	0	0
ENSNBRG00000013539	0	0
ENSNBRG00000013540	0	0
ENSNBRG00000013541	0	0
ENSNBRG00000013542	0	0
ENSNBRG00000013543	0	0
ENSNBRG00000013544	0	0
ENSNBRG00000013545	0	0
ENSNBRG00000013546	0	0
ENSNBRG00000013547	0	0
ENSNBRG00000013548	20	60
ENSNBRG00000013549	0	0
ENSNBRG00000013550	46	67
ENSNBRG00000013551	0	0
ENSNBRG00000013552	0	0
ENSNBRG00000013553	0	0
ENSNBRG00000013554	29	56
ENSNBRG00000013555	0	0
ENSNBRG00000013556	0	0
ENSNBRG00000013557	0	0
ENSNBRG00000013558	0	0
ENSNBRG00000013559	31	34
ENSNBRG00000013560	0	0
ENSNBRG00000013561	0	0
ENSNBRG00000013562	0	0
ENSNBRG00000013563	0	0
ENSNBRG00000013564	574	576
ENSNBRG00000013565	0	0
ENSNBRG00000013566	0	0
ENSNBRG00000013567	16	25
ENSNBRG00000013568	0	0
ENSNBRG00000013569	0	0
ENSNBRG00000013570	0	0
ENSNBRG00000013571	0	0
ENSNBRG00000013572	0	0
ENSNBRG00000013573	0	0
ENSNBRG00000013574	0	0
ENSNBRG00000013575	0	0
ENSNBRG00000013576	86	128
ENSNBRG00000013577	0	0
ENSNBRG00000013578	0	0
ENSNBRG00000013579	0	0
ENSNBRG00000013580	0	0
ENSNBRG00000013581	29	47
ENSNBRG00000013582	0	0
ENSNBRG00000013583	0	0
ENSNBRG00000013584	0	0
ENSNBRG00000013585	0	0
ENSNBRG00000013586	0	0
ENSNBRG00000013587	0	0
ENSNBRG00000013588	0	0
ENSNBRG00000013589	0	0
ENSNBRG00000013590	2	29
ENSNBRG00000013591	0	0
ENSNBRG00000013592	0	0
ENSNBRG00000013593	0	0
ENSNBRG00000013594	0	0
ENSNBRG00000013595	0	0
ENSNBRG00000013596	7	38
ENSNBRG00000013597	30	61
ENSNBRG00000013598	0	0
ENSNBRG00000013599	0	0
ENSNBRG00000013600	0	0
ENSNBRG00000013601	0	0
ENSNBRG00000013602	0	0
ENSNBRG00000013603	0	0
ENSNBRG00000013604	0	0
ENSNBRG00000013605	0	0
ENSNBRG00000013606	0	0
ENSNBRG00000013607	0	0
ENSNBRG00000013608	0	0
ENSNBRG00000013609	0	0
ENSNBRG00000013610	0	0
ENSNBRG00000013611	0	0
ENSNBRG00000013612	0	0
ENSNBRG00000013613	0	0
ENSNBRG00000013614	0	0
ENSNBRG00000013615	0	0
ENSNBRG00000013616	0	0
ENSNBRG00000013617	0	0
ENSNBRG00000013618	0	0
ENSNBRG00000013619	0	0
ENSNBRG00000013620	0	0
ENSNBRG00000013621	0	0
ENSNBRG00000013622	0	0
ENSNBRG00000013623	0	0
ENSNBRG00000013624	0	0
ENSNBRG00000013625	0	0
ENSNBRG00000013626	0	0
ENSNBRG00000013627	0	0
ENSNBRG00000013628	91	130
ENSNBRG00000013629	0	0
ENSNBRG00000013630	0	0
ENSNBRG00000013631	0	0
ENSNBRG00000013632	0	0
ENSNBRG00000013633	0	0
ENSNBRG00000013634	0	0
ENSNBRG00000013635	0	0
ENSNBRG00000013636	0	0
ENSNBRG00000013637	0	0
ENSNBRG00000013638	0	0
ENSNBRG00000013639	0	0
ENSNBRG00000013640	0	0
ENSNBRG00000013641	0	0
ENSNBRG00000013642	0	0
ENSNBRG00000013643	0	0
ENSNBRG00000013644	0	0
ENSNBRG00000013645	0	0
ENSNBRG00000013646	0	0
ENSNBRG00000013647	0	0
ENSNBRG00000013648	0	0
ENSNBRG00000013649	0	0
ENSNBRG00000013650	0	0
ENSNBRG00000013651	34	36
ENSNBRG00000013652	0	0
ENSNBRG00000013653	0	0
ENSNBRG00000013654	0	0
ENSNBRG00000013655	46	69
ENSNBRG00000013656	0	0
ENSNBRG00000013657	15	21
ENSNBRG00000013658	0	0
ENSNBRG00000013659	0	0
ENSNBRG00000013660	0	0
ENSNBRG00000013661	0	0
ENSNBRG00000013662	0	0
ENSNBRG00000013663	0	0
ENSNBRG00000013664	0	0
ENSNBRG00000013665	0	0
ENSNBRG00000013666	0	0
ENSNBRG00000013667	0	0
ENSNBRG00000013668	0	0
ENSNBRG00000013669	0	0
ENSNBRG00000013670	0	0
ENSNBRG00000013671	0	0
ENSNBRG00000013672	0	0
ENSNBRG00000013673	0	0
ENSNBRG00000013674	0	0
ENSNBRG00000013675	0	0
ENSNBRG00000013676	0	0
ENSNBRG00000013677	169	184
ENSNBRG00000013678	528	531
ENSNBRG00000013679	1	41
ENSNBRG00000013680	0	0
ENSNBRG00000013681	0	0
ENSNBRG00000013682	0	0
ENSNBRG00000013683	0	0
ENSNBRG00000013684	0	0
ENSNBRG00000013685	18	56
ENSNBRG00000013686	0	0
ENSNBRG00000013687	0	0
ENSNBRG00000013688	0	0
ENSNBRG00000013689	0	0
ENSNBRG00000013690	0	0
ENSNBRG00000013691	0	0
ENSNBRG00000013692	0	0
ENSNBRG00000013693	0	0
ENSNBRG00000013694	0	0
ENSNBRG00000013695	0	0
ENSNBRG00000013696	0	0
ENSNBRG00000013697	0	0
ENSNBRG00000013698	0	0
ENSNBRG00000013699	0	0
ENSNBRG00000013700	0	0
ENSNBRG00000013701	0	0
ENSNBRG00000013702	0	0
ENSNBRG00000013703	0	0
ENSNBRG00000013704	0	0
ENSNBRG00000013705	0	0
ENSNBRG00000013706	0	0
ENSNBRG00000013707	0	0
ENSNBRG00000013708	0	0
ENSNBRG00000013709	0	0
ENSNBRG00000013710	0	0
ENSNBRG00000013711	0	0
ENSNBRG00000013712	0	0
ENSNBRG00000013713	0	0
ENSNBRG00000013714	0	0
ENSNBRG00000013715	10	24
ENSNBRG00000013716	0	0
ENSNBRG00000013717	35	38
ENSNBRG00000013718	0	0
ENSNBRG00000013719	0	0
ENSNBRG00000013720	0	0
ENSNBRG00000013721	0	0
ENSNBRG00000013722	0	0
ENSNBRG00000013723	0	0
ENSNBRG00000013724	0	0
ENSNBRG00000013725	0	0
ENSNBRG00000013726	87	105
ENSNBRG00000013727	0	0
ENSNBRG00000013728	0	0
ENSNBRG00000013729	0	0
ENSNBRG00000013730	0	0
ENSNBRG00000013731	0	0
ENSNBRG00000013732	0	0
ENSNBRG00000013733	0	0
ENSNBRG00000013734	0	0
ENSNBRG00000013735	0	0
ENSNBRG00000013736	4	47
ENSNBRG00000013737	0	0
ENSNBRG00000013738	0	0
ENSNBRG00000013739	0	0
ENSNBRG00000013740	0	0
ENSNBRG00000013741	0	0
ENSNBRG00000013742	0	0
ENSNBRG00000013743	0	0
ENSNBRG00000013744	0	0
ENSNBRG00000013745	0	0
ENSNBRG00000013746	0	0
ENSNBRG00000013747	0	0
ENSNBRG00000013748	0	0
ENSNBRG00000013749	0	0
ENSNBRG00000013750	60	86
ENSNBRG00000013751	0	0
ENSNBRG00000013752	0	0
ENSNBRG00000013753	0	0
ENSNBRG00000013754	0	0
ENSNBRG00000013755	1	43
ENSNBRG00000013756	13	30
ENSNBRG00000013757	0	0
ENSNBRG00000013758	0	0
ENSNBRG00000013759	0	0
ENSNBRG00000013760	0	0
ENSNBRG00000013761	0	0
ENSNBRG00000013762	0	0
ENSNBRG00000013763	0	0
ENSNBRG00000013764	98	140
ENSNBRG00000013765	0	0
ENSNBRG00000013766	0	0
ENSNBRG00000013767	0	0
ENSNBRG00000013768	0	0
ENSNBRG00000013769	0	0
ENSNBRG00000013770	0	0
ENSNBRG00000013771	0	0
ENSNBRG00000013772	0	0
ENSNBRG00000013773	0	0
ENSNBRG00000013774	0	0
ENSNBRG00000013775	12	20
ENSNBRG00000013776	0	0
ENSNBRG00000013777	0	0
ENSNBRG00000013778	0	0
ENSNBRG00000013779	0	0
ENSNBRG00000013780	0	0
ENSNBRG00000013781	0	0
ENSNBRG00000013782	0	0
ENSNBRG00000013783	0	0
ENSNBRG00000013784	0	0
ENSNBRG00000013785	0	0
ENSNBRG00000013786	0	0
ENSNBRG00000013787	0	0
ENSNBRG00000013788	0	0
ENSNBRG00000013789	0	0
ENSNBRG00000013790	0	0
ENSNBRG00000013791	0	0
ENSNBRG00000013792	0	0
ENSNBRG00000013793	0	0
ENSNBRG00000013794	0	0
ENSNBRG00000013795	0	0
ENSNBRG00000013796	0	0
ENSNBRG00000013797	0	0
ENSNBRG00000013798	31	71
ENSNBRG00000013799	0	0
ENSNBRG00000013800	0	0
ENSNBRG00000013801	0	0
ENSNBRG00000013802	0	0
ENSNBRG00000013803	0	0
ENSNBRG00000013804	0	0
ENSNBRG00000013805	0	0
ENSNBRG00000013806	370	404
ENSNBRG00000013807	0	0
ENSNBRG00000013808	0	0
ENSNBRG00000013809	0	0
ENSNBRG00000013810	0	0
ENSNBRG00000013811	0	0
ENSNBRG00000013812	0	0
ENSNBRG00000013813	0	0
ENSNBRG00000013814	0	0
ENSNBRG00000013815	0	0
ENSNBRG00000013816	0	0
ENSNBRG00000013817	0	0
ENSNBRG00000013818	0	0
ENSNBRG00000013819	0	0
ENSNBRG00000013820	0	0
ENSNBRG00000013821	0	0
ENSNBRG00000013822	0	0
ENSNBRG00000013823	0	0
ENSNBRG00000013824	0	0
ENSNBRG00000013825	0	0
ENSNBRG00000013826	188	219
ENSNBRG00000013827	0	0
ENSNBRG00000013828	0	0
ENSNBRG00000013829	0	0
ENSNBRG00000013830	0	0
ENSNBRG00000013831	0	0
ENSNBRG00000013832	0	0
ENSNBRG00000013833	0	0
ENSNBRG00000013834	0	0
ENSNBRG00000013835	0	0
ENSNBRG00000013836	0	0
ENSNBRG00000013837	0	0
ENSNBRG00000013838	0	0
ENSNBRG00000013839	0	0
ENSNBRG00000013840	0	0
ENSNBRG00000013841	0	0
ENSNBRG00000013842	0	0
ENSNBRG00000013843	42	85
ENSNBRG00000013844	0	0
ENSNBRG00000013845	0	0
ENSNBRG00000013846	0	0
ENSNBRG00000013847	0	0
ENSNBRG00000013848	0	0
ENSNBRG00000013849	0	0
ENSNBRG00000013850	0	0
ENSNBRG00000013851	0	0
ENSNBRG00000013852	0	0
ENSNBRG00000013853	34	75
ENSNBRG00000013854	30	59
ENSNBRG00000013855	0	0
ENSNBRG00000013856	0	0
ENSNBRG00000013857	0	0
ENSNBRG00000013858	0	0
ENSNBRG00000013859	0	0
ENSNBRG00000013860	0	0
ENSNBRG00000013861	0	0
ENSNBRG00000013862	0	0
ENSNBRG00000013863	0	0
ENSNBRG00000013864	0	0
ENSNBRG00000013865	0	0
ENSNBRG00000013866	0	0
ENSNBRG00000013867	0	0
ENSNBRG00000013868	0	0
ENSNBRG00000013869	0	0
ENSNBRG00000013870	0	0
ENSNBRG00000013871	0	0
ENSNBRG00000013872	0	0
ENSNBRG00000013873	0	0
ENSNBRG00000013874	0	0
ENSNBRG00000013875	0	0
ENSNBRG00000013876	0	0
ENSNBRG00000013877	0	0
ENSNBRG00000013878	0	0
ENSNBRG00000013879	454	480
ENSNBRG00000013880	0	0
ENSNBRG00000013881	0	0
ENSNBRG00000013882	0	0
ENSNBRG00000013883	0	0
ENSNBRG00000013884	0	0
ENSNBRG00000013885	0	0
ENSNBRG00000013886	0	0
ENSNBRG00000013887	0	0
ENSNBRG00000013888	0	0
ENSNBRG00000013889	0	0
ENSNBRG00000013890	0	0
ENSNBRG00000013891	0	0
ENSNBRG00000013892	0	0
ENSNBRG00000013893	0	0
ENSNBRG00000013894	0	0
ENSNBRG00000013895	0	0
ENSNBRG00000013896	0	0
ENSNBRG00000013897	0	0
ENSNBRG00000013898	0	0
ENSNBRG00000013899	26	40
ENSNBRG00000013900	0	0
ENSNBRG00000013901	0	0
ENSNBRG00000013902	0	0
ENSNBRG00000013903	0	0
ENSNBRG00000013904	0	0
ENSNBRG00000013905	0	0
ENSNBRG00000013906	0	0
ENSNBRG00000013907	0	0
ENSNBRG00000013908	0	0
ENSNBRG00000013909	0	0
ENSNBRG00000013910	0	0
ENSNBRG00000013911	0	0
ENSNBRG00000013912	0	0
ENSNBRG00000013913	0	0
ENSNBRG00000013914	0	0
ENSNBRG00000013915	0	0
ENSNBRG00000013916	0	0
ENSNBRG00000013917	0	0
ENSNBRG00000013918	0	0
ENSNBRG00000013919	0	0
ENSNBRG00000013920	5	28
ENSNBRG00000013921	0	0
ENSNBRG00000013922	0	0
ENSNBRG00000013923	0	0
ENSNBRG00000013924	28	33
ENSNBRG00000013925	0	0
ENSNBRG00000013926	51	55
ENSNBRG00000013927	34	68
ENSNBRG00000013928	0	0
ENSNBRG00000013929	0	0
ENSNBRG00000013930	0	0
ENSNBRG00000013931	0	0
ENSNBRG00000013932	0	0
ENSNBRG00000013933	0	0
ENSNBRG00000013934	0	0
ENSNBRG00000013935	0	0
ENSNBRG00000013936	0	0
ENSNBRG00000013937	0	0
ENSNBRG00000013938	0	0
ENSNBRG00000013939	0	0
ENSNBRG00000013940	0	0
ENSNBRG00000013941	0	0
ENSNBRG00000013942	0	0
ENSNBRG00000013943	0	0
ENSNBRG00000013944	0	0
ENSNBRG00000013945	0	0
ENSNBRG00000013946	0	0
ENSNBRG00000013947	0	0
ENSNBRG00000013948	0	0
ENSNBRG00000013949	0	0
ENSNBRG00000013950	0	0
ENSNBRG00000013951	0	0
ENSNBRG00000013952	0	0
ENSNBRG00000013953	0	0
ENSNBRG00000013954	0	0
ENSNBRG00000013955	0	0
ENSNBRG00000013956	0	0
ENSNBRG00000013957	49	59
ENSNBRG00000013958	0	0
ENSNBRG00000013959	0	0
ENSNBRG00000013960	0	0
ENSNBRG00000013961	0	0
ENSNBRG00000013962	0	0
ENSNBRG00000013963	0	0
ENSNBRG00000013964	0	0
ENSNBRG00000013965	0	0
ENSNBRG00000013966	0	0
ENSNBRG00000013967	0	0
ENSNBRG00000013968	0	0
ENSNBRG00000013969	0	0
ENSNBRG00000013970	0	0
ENSNBRG00000013971	0	0
ENSNBRG00000013972	0	0
ENSNBRG00000013973	0	0
ENSNBRG00000013974	0	0
ENSNBRG00000013975	0	0
ENSNBRG00000013976	0	0
ENSNBRG00000013977	0	0
ENSNBRG00000013978	0	0
ENSNBRG00000013979	0	0
ENSNBRG00000013980	0	0
ENSNBRG00000013981	0	0
ENSNBRG00000013982	0	0
ENSNBRG00000013983	0	0
ENSNBRG00000013984	0	0
ENSNBRG00000013985	0	0
ENSNBRG00000013986	0	0
ENSNBRG00000013987	2	14
ENSNBRG00000013988	0	0
ENSNBRG00000013989	0	0
ENSNBRG00000013990	0	0
ENSNBRG00000013991	0	0
ENSNBRG00000013992	0	0
ENSNBRG00000013993	34	75
ENSNBRG00000013994	0	0
ENSNBRG00000013995	0	0
ENSNBRG00000013996	0	0
ENSNBRG00000013997	0	0
ENSNBRG00000013998	0	0
ENSNBRG00000013999	0	0
ENSNBRG00000014000	0	0
ENSNBRG00000014001	0	0
ENSNBRG00000014002	0	0
ENSNBRG00000014003	0	0
ENSNBRG00000014004	0	0
ENSNBRG00000014005	0	0
ENSNBRG00000014006	0	0
ENSNBRG00000014007	0	0
ENSNBRG00000014008	0	0
ENSNBRG00000014009	0	0
ENSNBRG00000014010	0	0
ENSNBRG00000014011	0	0
ENSNBRG00000014012	0	0
ENSNBRG00000014013	0	0
ENSNBRG00000014014	0	0
ENSNBRG00000014015	0	0
ENSNBRG00000014016	0	0
ENSNBRG00000014017	1045	1058
ENSNBRG00000014018	14	45
ENSNBRG00000014019	0	0
ENSNBRG00000014020	0	0
ENSNBRG00000014021	0	0
ENSNBRG00000014022	0	0
ENSNBRG00000014023	29	48
ENSNBRG00000014024	0	0
ENSNBRG00000014025	0	0
ENSNBRG00000014026	0	0
ENSNBRG00000014027	31	46
ENSNBRG00000014028	0	0
ENSNBRG00000014029	0	0
ENSNBRG00000014030	0	0
ENSNBRG00000014031	0	0
ENSNBRG00000014032	0	0
ENSNBRG00000014033	0	0
ENSNBRG00000014034	0	0
ENSNBRG00000014035	0	0
ENSNBRG00000014036	0	0
ENSNBRG00000014037	0	0
ENSNBRG00000014038	4030	4047
ENSNBRG00000014039	0	0
ENSNBRG00000014040	3	32
ENSNBRG00000014041	0	0
ENSNBRG00000014042	3	43
ENSNBRG00000014043	0	0
ENSNBRG00000014044	0	0
ENSNBRG00000014045	0	0
ENSNBRG00000014046	0	0
ENSNBRG00000014047	0	0
ENSNBRG00000014048	0	0
ENSNBRG00000014049	0	0
ENSNBRG00000014050	0	0
ENSNBRG00000014051	0	0
ENSNBRG00000014052	0	0
ENSNBRG00000014053	0	0
ENSNBRG00000014054	0	0
ENSNBRG00000014055	0	0
ENSNBRG00000014056	0	0
ENSNBRG00000014057	0	0
ENSNBRG00000014058	89	115
ENSNBRG00000014059	0	0
ENSNBRG00000014060	0	0
ENSNBRG00000014061	0	0
ENSNBRG00000014062	0	0
ENSNBRG00000014063	0	0
ENSNBRG00000014064	0	0
ENSNBRG00000014065	0	0
ENSNBRG00000014066	174	206
ENSNBRG00000014067	0	0
ENSNBRG00000014068	0	0
ENSNBRG00000014069	0	0
ENSNBRG00000014070	0	0
ENSNBRG00000014071	0	0
ENSNBRG00000014072	0	0
ENSNBRG00000014073	1	2
ENSNBRG00000014074	0	0
ENSNBRG00000014075	0	0
ENSNBRG00000014076	0	0
ENSNBRG00000014077	0	0
ENSNBRG00000014078	0	0
ENSNBRG00000014079	0	0
ENSNBRG00000014080	34	53
ENSNBRG00000014081	0	0
ENSNBRG00000014082	0	0
ENSNBRG00000014083	0	0
ENSNBRG00000014084	0	0
ENSNBRG00000014085	0	0
ENSNBRG00000014086	0	0
ENSNBRG00000014087	30	45
ENSNBRG00000014088	0	0
ENSNBRG00000014089	0	0
ENSNBRG00000014090	0	0
ENSNBRG00000014091	0	0
ENSNBRG00000014092	0	0
ENSNBRG00000014093	35	36
ENSNBRG00000014094	0	0
ENSNBRG00000014095	0	0
ENSNBRG00000014096	0	0
ENSNBRG00000014097	0	0
ENSNBRG00000014098	0	0
ENSNBRG00000014099	0	0
ENSNBRG00000014100	0	0
ENSNBRG00000014101	0	0
ENSNBRG00000014102	0	0
ENSNBRG00000014103	0	0
ENSNBRG00000014104	0	0
ENSNBRG00000014105	0	0
ENSNBRG00000014106	0	0
ENSNBRG00000014107	0	0
ENSNBRG00000014108	0	0
ENSNBRG00000014109	0	0
ENSNBRG00000014110	0	0
ENSNBRG00000014111	0	0
ENSNBRG00000014112	0	0
ENSNBRG00000014113	255	284
ENSNBRG00000014114	0	0
ENSNBRG00000014115	0	0
ENSNBRG00000014116	0	0
ENSNBRG00000014117	0	0
ENSNBRG00000014118	0	0
ENSNBRG00000014119	0	0
ENSNBRG00000014120	0	0
ENSNBRG00000014121	0	0
ENSNBRG00000014122	0	0
ENSNBRG00000014123	0	0
ENSNBRG00000014124	0	0
ENSNBRG00000014125	0	0
ENSNBRG00000014126	0	0
ENSNBRG00000014127	0	0
ENSNBRG00000014128	32	64
ENSNBRG00000014129	0	0
ENSNBRG00000014130	19	58
ENSNBRG00000014131	0	0
ENSNBRG00000014132	0	0
ENSNBRG00000014133	0	0
ENSNBRG00000014134	36	61
ENSNBRG00000014135	0	0
ENSNBRG00000014136	0	0
ENSNBRG00000014137	0	0
ENSNBRG00000014138	0	0
ENSNBRG00000014139	0	0
ENSNBRG00000014140	0	0
ENSNBRG00000014141	0	0
ENSNBRG00000014142	0	0
ENSNBRG00000014143	0	0
ENSNBRG00000014144	0	0
ENSNBRG00000014145	0	0
ENSNBRG00000014146	0	0
ENSNBRG00000014147	0	0
ENSNBRG00000014148	0	0
ENSNBRG00000014149	0	0
ENSNBRG00000014150	0	0
ENSNBRG00000014151	0	0
ENSNBRG00000014152	0	0
ENSNBRG00000014153	44	87
ENSNBRG00000014154	27	46
ENSNBRG00000014155	0	0
ENSNBRG00000014156	0	0
ENSNBRG00000014157	0	0
ENSNBRG00000014158	0	0
ENSNBRG00000014159	0	0
ENSNBRG00000014160	0	0
ENSNBRG00000014161	0	0
ENSNBRG00000014162	0	0
ENSNBRG00000014163	0	0
ENSNBRG00000014164	0	0
ENSNBRG00000014165	0	0
ENSNBRG00000014166	0	0
ENSNBRG00000014167	0	0
ENSNBRG00000014168	0	0
ENSNBRG00000014169	159	175
ENSNBRG00000014170	0	0
ENSNBRG00000014171	0	0
ENSNBRG00000014172	0	0
ENSNBRG00000014173	0	0
ENSNBRG00000014174	0	0
ENSNBRG00000014175	0	0
ENSNBRG00000014176	0	0
ENSNBRG00000014177	0	0
ENSNBRG00000014178	0	0
ENSNBRG00000014179	7	42
ENSNBRG00000014180	0	0
ENSNBRG00000014181	0	0
ENSNBRG00000014182	0	0
ENSNBRG00000014183	0	0
ENSNBRG00000014184	0	0
ENSNBRG00000014185	0	0
ENSNBRG00000014186	0	0
ENSNBRG00000014187	0	0
ENSNBRG00000014188	0	0
ENSNBRG00000014189	0	0
ENSNBRG00000014190	0	0
ENSNBRG00000014191	1	4
ENSNBRG00000014192	0	0
ENSNBRG00000014193	0	0
ENSNBRG00000014194	0	0
ENSNBRG00000014195	69	71
ENSNBRG00000014196	0	0
ENSNBRG00000014197	0	0
ENSNBRG00000014198	114	135
ENSNBRG00000014199	0	0
ENSNBRG00000014200	0	0
ENSNBRG00000014201	0	0
ENSNBRG00000014202	26	47
ENSNBRG00000014203	0	0
ENSNBRG00000014204	305	327
ENSNBRG00000014205	0	0
ENSNBRG00000014206	0	0
ENSNBRG00000014207	0	0
ENSNBRG00000014208	0	0
ENSNBRG00000014209	0	0
ENSNBRG00000014210	0	0
ENSNBRG00000014211	0	0
ENSNBRG00000014212	0	0
ENSNBRG00000014213	0	0
ENSNBRG00000014214	0	0
ENSNBRG00000014215	0	0
ENSNBRG00000014216	0	0
ENSNBRG00000014217	0	0
ENSNBRG00000014218	0	0
ENSNBRG00000014219	0	0
ENSNBRG00000014220	0	0
ENSNBRG00000014221	0	0
ENSNBRG00000014222	0	0
ENSNBRG00000014223	0	0
ENSNBRG00000014224	0	0
ENSNBRG00000014225	0	0
ENSNBRG00000014226	0	0
ENSNBRG00000014227	0	0
ENSNBRG00000014228	0	0
ENSNBRG00000014229	0	0
ENSNBRG00000014230	0	0
ENSNBRG00000014231	0	0
ENSNBRG00000014232	0	0
ENSNBRG00000014233	0	0
ENSNBRG00000014234	0	0
ENSNBRG00000014235	0	0
ENSNBRG00000014236	0	0
ENSNBRG00000014237	0	0
ENSNBRG00000014238	0	0
ENSNBRG00000014239	0	0
ENSNBRG00000014240	0	0
ENSNBRG00000014241	0	0
ENSNBRG00000014242	0	0
ENSNBRG00000014243	0	0
ENSNBRG00000014244	0	0
ENSNBRG00000014245	0	0
ENSNBRG00000014246	0	0
ENSNBRG00000014247	0	0
ENSNBRG00000014248	0	0
ENSNBRG00000014249	534	576
ENSNBRG00000014250	0	0
ENSNBRG00000014251	0	0
ENSNBRG00000014252	0	0
ENSNBRG00000014253	0	0
ENSNBRG00000014254	0	0
ENSNBRG00000014255	0	0
ENSNBRG00000014256	0	0
ENSNBRG00000014257	0	0
ENSNBRG00000014258	0	0
ENSNBRG00000014259	0	0
ENSNBRG00000014260	0	0
ENSNBRG00000014261	0	0
ENSNBRG00000014262	0	0
ENSNBRG00000014263	0	0
ENSNBRG00000014264	322	344
ENSNBRG00000014265	30	70
ENSNBRG00000014266	0	0
ENSNBRG00000014267	0	0
ENSNBRG00000014268	0	0
ENSNBRG00000014269	0	0
ENSNBRG00000014270	21	24
ENSNBRG00000014271	0	0
ENSNBRG00000014272	0	0
ENSNBRG00000014273	0	0
ENSNBRG00000014274	0	0
ENSNBRG00000014275	0	0
ENSNBRG00000014276	0	0
ENSNBRG00000014277	0	0
ENSNBRG00000014278	0	0
ENSNBRG00000014279	0	0
ENSNBRG00000014280	0	0
ENSNBRG00000014281	0	0
ENSNBRG00000014282	0	0
ENSNBRG00000014283	0	0
ENSNBRG00000014284	215	244
ENSNBRG00000014285	0	0
ENSNBRG00000014286	0	0
ENSNBRG00000014287	0	0
ENSNBRG00000014288	0	0
ENSNBRG00000014289	0	0
ENSNBRG00000014290	0	0
ENSNBRG00000014291	0	0
ENSNBRG00000014292	0	0
ENSNBRG00000014293	0	0
ENSNBRG00000014294	0	0
ENSNBRG00000014295	0	0
ENSNBRG00000014296	0	0
ENSNBRG00000014297	0	0
ENSNBRG00000014298	0	0
ENSNBRG00000014299	0	0
ENSNBRG00000014300	0	0
ENSNBRG00000014301	0	0
ENSNBRG00000014302	0	0
ENSNBRG00000014303	0	0
ENSNBRG00000014304	0	0
ENSNBRG00000014305	0	0
ENSNBRG00000014306	0	0
ENSNBRG00000014307	0	0
ENSNBRG00000014308	31	41
ENSNBRG00000014309	583	586
ENSNBRG00000014310	0	0
ENSNBRG00000014311	0	0
ENSNBRG00000014312	0	0
ENSNBRG00000014313	0	0
ENSNBRG00000014314	0	0
ENSNBRG00000014315	0	0
ENSNBRG00000014316	0	0
ENSNBRG00000014317	0	0
ENSNBRG00000014318	0	0
ENSNBRG00000014319	0	0
ENSNBRG00000014320	0	0
ENSNBRG00000014321	0	0
ENSNBRG00000014322	0	0
ENSNBRG00000014323	0	0
ENSNBRG00000014324	0	0
ENSNBRG00000014325	0	0
ENSNBRG00000014326	0	0
ENSNBRG00000014327	0	0
ENSNBRG00000014328	0	0
ENSNBRG00000014329	0	0
ENSNBRG00000014330	0	0
ENSNBRG00000014331	0	0
ENSNBRG00000014332	0	0
ENSNBRG00000014333	0	0
ENSNBRG00000014334	0	0
ENSNBRG00000014335	0	0
ENSNBRG00000014336	0	0
ENSNBRG00000014337	50	90
ENSNBRG00000014338	3417	3429
ENSNBRG00000014339	0	0
ENSNBRG00000014340	3	39
ENSNBRG00000014341	44	57
ENSNBRG00000014342	0	0
ENSNBRG00000014343	60	75
ENSNBRG00000014344	0	0
ENSNBRG00000014345	0	0
ENSNBRG00000014346	0	0
ENSNBRG00000014347	0	0
ENSNBRG00000014348	0	0
ENSNBRG00000014349	3	8
ENSNBRG00000014350	0	0
ENSNBRG00000014351	0	0
ENSNBRG00000014352	0	0
ENSNBRG00000014353	0	0
ENSNBRG00000014354	0	0
ENSNBRG00000014355	0	0
ENSNBRG00000014356	0	0
ENSNBRG00000014357	0	0
ENSNBRG00000014358	0	0
ENSNBRG00000014359	0	0
ENSNBRG00000014360	0	0
ENSNBRG00000014361	33	53
ENSNBRG00000014362	0	0
ENSNBRG00000014363	0	0
ENSNBRG00000014364	0	0
ENSNBRG00000014365	0	0
ENSNBRG00000014366	0	0
ENSNBRG00000014367	0	0
ENSNBRG00000014368	0	0
ENSNBRG00000014369	0	0
ENSNBRG00000014370	0	0
ENSNBRG00000014371	0	0
ENSNBRG00000014372	0	0
ENSNBRG00000014373	0	0
ENSNBRG00000014374	1	28
ENSNBRG00000014375	0	0
ENSNBRG00000014376	0	0
ENSNBRG00000014377	0	0
ENSNBRG00000014378	0	0
ENSNBRG00000014379	0	0
ENSNBRG00000014380	0	0
ENSNBRG00000014381	0	0
ENSNBRG00000014382	0	0
ENSNBRG00000014383	0	0
ENSNBRG00000014384	0	0
ENSNBRG00000014385	0	0
ENSNBRG00000014386	0	0
ENSNBRG00000014387	0	0
ENSNBRG00000014388	0	0
ENSNBRG00000014389	478	484
ENSNBRG00000014390	0	0
ENSNBRG00000014391	0	0
ENSNBRG00000014392	0	0
ENSNBRG00000014393	0	0
ENSNBRG00000014394	0	0
ENSNBRG00000014395	0	0
ENSNBRG00000014396	0	0
ENSNBRG00000014397	0	0
ENSNBRG00000014398	0	0
ENSNBRG00000014399	0	0
ENSNBRG00000014400	0	0
ENSNBRG00000014401	0	0
ENSNBRG00000014402	0	0
ENSNBRG00000014403	0	0
ENSNBRG00000014404	0	0
ENSNBRG00000014405	0	0
ENSNBRG00000014406	0	0
ENSNBRG00000014407	0	0
ENSNBRG00000014408	0	0
ENSNBRG00000014409	0	0
ENSNBRG00000014410	0	0
ENSNBRG00000014411	0	0
ENSNBRG00000014412	0	0
ENSNBRG00000014413	0	0
ENSNBRG00000014414	23	39
ENSNBRG00000014415	0	0
ENSNBRG00000014416	0	0
ENSNBRG00000014417	0	0
ENSNBRG00000014418	14	44
ENSNBRG00000014419	0	0
ENSNBRG00000014420	0	0
ENSNBRG00000014421	0	0
ENSNBRG00000014422	0	0
ENSNBRG00000014423	0	0
ENSNBRG00000014424	0	0
ENSNBRG00000014425	0	0
ENSNBRG00000014426	0	0
ENSNBRG00000014427	0	0
ENSNBRG00000014428	0	0
ENSNBRG00000014429	0	0
ENSNBRG00000014430	38	72
ENSNBRG00000014431	0	0
ENSNBRG00000014432	0	0
ENSNBRG00000014433	0	0
ENSNBRG00000014434	0	0
ENSNBRG00000014435	243	252
ENSNBRG00000014436	0	0
ENSNBRG00000014437	0	0
ENSNBRG00000014438	0	0
ENSNBRG00000014439	0	0
ENSNBRG00000014440	0	0
ENSNBRG00000014441	0	0
ENSNBRG00000014442	0	0
ENSNBRG00000014443	0	0
ENSNBRG00000014444	0	0
ENSNBRG00000014445	0	0
ENSNBRG00000014446	0	0
ENSNBRG00000014447	0	0
ENSNBRG00000014448	0	0
ENSNBRG00000014449	187	213
ENSNBRG00000014450	0	0
ENSNBRG00000014451	0	0
ENSNBRG00000014452	0	0
ENSNBRG00000014453	0	0
ENSNBRG00000014454	0	0
ENSNBRG00000014455	0	0
ENSNBRG00000014456	0	0
ENSNBRG00000014457	0	0
ENSNBRG00000014458	0	0
ENSNBRG00000014459	0	0
ENSNBRG00000014460	0	0
ENSNBRG00000014461	0	0
ENSNBRG00000014462	0	0
ENSNBRG00000014463	0	0
ENSNBRG00000014464	0	0
ENSNBRG00000014465	0	0
ENSNBRG00000014466	30	60
ENSNBRG00000014467	0	0
ENSNBRG00000014468	0	0
ENSNBRG00000014469	0	0
ENSNBRG00000014470	14	49
ENSNBRG00000014471	0	0
ENSNBRG00000014472	27	60
ENSNBRG00000014473	0	0
ENSNBRG00000014474	0	0
ENSNBRG00000014475	0	0
ENSNBRG00000014476	0	0
ENSNBRG00000014477	0	0
ENSNBRG00000014478	0	0
ENSNBRG00000014479	5	19
ENSNBRG00000014480	106	124
ENSNBRG00000014481	0	0
ENSNBRG00000014482	26	52
ENSNBRG00000014483	0	0
ENSNBRG00000014484	0	0
ENSNBRG00000014485	0	0
ENSNBRG00000014486	0	0
ENSNBRG00000014487	0	0
ENSNBRG00000014488	0	0
ENSNBRG00000014489	0	0
ENSNBRG00000014490	0	0
ENSNBRG00000014491	0	0
ENSNBRG00000014492	0	0
ENSNBRG00000014493	0	0
ENSNBRG00000014494	0	0
ENSNBRG00000014495	0	0
ENSNBRG00000014496	0	0
ENSNBRG00000014497	0	0
ENSNBRG00000014498	0	0
ENSNBRG00000014499	0	0
ENSNBRG00000014500	0	0
ENSNBRG00000014501	0	0
ENSNBRG00000014502	0	0
ENSNBRG00000014503	0	0
ENSNBRG00000014504	15	49
ENSNBRG00000014505	0	0
ENSNBRG00000014506	0	0
ENSNBRG00000014507	9	37
ENSNBRG00000014508	0	0
ENSNBRG00000014509	0	0
ENSNBRG00000014510	0	0
ENSNBRG00000014511	0	0
ENSNBRG00000014512	0	0
ENSNBRG00000014513	383	414
ENSNBRG00000014514	0	0
ENSNBRG00000014515	0	0
ENSNBRG00000014516	0	0
ENSNBRG00000014517	0	0
ENSNBRG00000014518	0	0
ENSNBRG00000014519	0	0
ENSNBRG00000014520	0	0
ENSNBRG00000014521	0	0
ENSNBRG00000014522	0	0
ENSNBRG00000014523	0	0
ENSNBRG00000014524	0	0
ENSNBRG00000014525	0	0
ENSNBRG00000014526	0	0
ENSNBRG00000014527	0	0
ENSNBRG00000014528	9	28
ENSNBRG00000014529	0	0
ENSNBRG00000014530	0	0
ENSNBRG00000014531	0	0
ENSNBRG00000014532	0	0
ENSNBRG00000014533	0	0
ENSNBRG00000014534	0	0
ENSNBRG00000014535	0	0
ENSNBRG00000014536	0	0
ENSNBRG00000014537	0	0
ENSNBRG00000014538	0	0
ENSNBRG00000014539	0	0
ENSNBRG00000014540	32	35
ENSNBRG00000014541	0	0
ENSNBRG00000014542	0	0
ENSNBRG00000014543	0	0
ENSNBRG00000014544	0	0
ENSNBRG00000014545	0	0
ENSNBRG00000014546	0	0
ENSNBRG00000014547	0	0
ENSNBRG00000014548	0	0
ENSNBRG00000014549	0	0
ENSNBRG00000014550	0	0
ENSNBRG00000014551	0	0
ENSNBRG00000014552	0	0
ENSNBRG00000014553	0	0
ENSNBRG00000014554	0	0
ENSNBRG00000014555	0	0
ENSNBRG00000014556	0	0
ENSNBRG00000014557	0	0
ENSNBRG00000014558	0	0
ENSNBRG00000014559	0	0
ENSNBRG00000014560	0	0
ENSNBRG00000014561	0	0
ENSNBRG00000014562	1	42
ENSNBRG00000014563	0	0
ENSNBRG00000014564	0	0
ENSNBRG00000014565	0	0
ENSNBRG00000014566	0	0
ENSNBRG00000014567	28	29
ENSNBRG00000014568	0	0
ENSNBRG00000014569	0	0
ENSNBRG00000014570	0	0
ENSNBRG00000014571	0	0
ENSNBRG00000014572	0	0
ENSNBRG00000014573	0	0
ENSNBRG00000014574	0	0
ENSNBRG00000014575	0	0
ENSNBRG00000014576	0	0
ENSNBRG00000014577	0	0
ENSNBRG00000014578	0	0
ENSNBRG00000014579	0	0
ENSNBRG00000014580	118	133
ENSNBRG00000014581	0	0
ENSNBRG00000014582	0	0
ENSNBRG00000014583	0	0
ENSNBRG00000014584	0	0
ENSNBRG00000014585	0	0
ENSNBRG00000014586	0	0
ENSNBRG00000014587	0	0
ENSNBRG00000014588	0	0
ENSNBRG00000014589	0	0
ENSNBRG00000014590	0	0
ENSNBRG00000014591	64	92
ENSNBRG00000014592	0	0
ENSNBRG00000014593	0	0
ENSNBRG00000014594	0	0
ENSNBRG00000014595	0	0
ENSNBRG00000014596	0	0
ENSNBRG00000014597	0	0
ENSNBRG00000014598	0	0
ENSNBRG00000014599	57	95
ENSNBRG00000014600	0	0
ENSNBRG00000014601	0	0
ENSNBRG00000014602	0	0
ENSNBRG00000014603	30	50
ENSNBRG00000014604	0	0
ENSNBRG00000014605	29	57
ENSNBRG00000014606	0	0
ENSNBRG00000014607	0	0
ENSNBRG00000014608	0	0
ENSNBRG00000014609	0	0
ENSNBRG00000014610	25	28
ENSNBRG00000014611	0	0
ENSNBRG00000014612	0	0
ENSNBRG00000014613	0	0
ENSNBRG00000014614	0	0
ENSNBRG00000014615	0	0
ENSNBRG00000014616	0	0
ENSNBRG00000014617	0	0
ENSNBRG00000014618	0	0
ENSNBRG00000014619	0	0
ENSNBRG00000014620	0	0
ENSNBRG00000014621	0	0
ENSNBRG00000014622	0	0
ENSNBRG00000014623	0	0
ENSNBRG00000014624	0	0
ENSNBRG00000014625	0	0
ENSNBRG00000014626	0	0
ENSNBRG00000014627	0	0
ENSNBRG00000014628	0	0
ENSNBRG00000014629	0	0
ENSNBRG00000014630	0	0
ENSNBRG00000014631	0	0
ENSNBRG00000014632	0	0
ENSNBRG00000014633	0	0
ENSNBRG00000014634	0	0
ENSNBRG00000014635	0	0
ENSNBRG00000014636	0	0
ENSNBRG00000014637	0	0
ENSNBRG00000014638	0	0
ENSNBRG00000014639	0	0
ENSNBRG00000014640	58	60
ENSNBRG00000014641	0	0
ENSNBRG00000014642	0	0
ENSNBRG00000014643	0	0
ENSNBRG00000014644	8	35
ENSNBRG00000014645	0	0
ENSNBRG00000014646	0	0
ENSNBRG00000014647	0	0
ENSNBRG00000014648	0	0
ENSNBRG00000014649	24	64
ENSNBRG00000014650	0	0
ENSNBRG00000014651	0	0
ENSNBRG00000014652	0	0
ENSNBRG00000014653	0	0
ENSNBRG00000014654	0	0
ENSNBRG00000014655	0	0
ENSNBRG00000014656	67	101
ENSNBRG00000014657	0	0
ENSNBRG00000014658	0	0
ENSNBRG00000014659	0	0
ENSNBRG00000014660	0	0
ENSNBRG00000014661	0	0
ENSNBRG00000014662	402	418
ENSNBRG00000014663	0	0
ENSNBRG00000014664	0	0
ENSNBRG00000014665	0	0
ENSNBRG00000014666	0	0
ENSNBRG00000014667	0	0
ENSNBRG00000014668	0	0
ENSNBRG00000014669	0	0
ENSNBRG00000014670	0	0
ENSNBRG00000014671	189	194
ENSNBRG00000014672	0	0
ENSNBRG00000014673	0	0
ENSNBRG00000014674	25	42
ENSNBRG00000014675	0	0
ENSNBRG00000014676	0	0
ENSNBRG00000014677	0	0
ENSNBRG00000014678	11	41
ENSNBRG00000014679	0	0
ENSNBRG00000014680	0	0
ENSNBRG00000014681	0	0
ENSNBRG00000014682	0	0
ENSNBRG00000014683	241	260
ENSNBRG00000014684	0	0
ENSNBRG00000014685	0	0
ENSNBRG00000014686	0	0
ENSNBRG00000014687	0	0
ENSNBRG00000014688	26	65
ENSNBRG00000014689	0	0
ENSNBRG00000014690	0	0
ENSNBRG00000014691	0	0
ENSNBRG00000014692	0	0
ENSNBRG00000014693	26	63
ENSNBRG00000014694	92	119
ENSNBRG00000014695	0	0
ENSNBRG00000014696	0	0
ENSNBRG00000014697	0	0
ENSNBRG00000014698	1	5
ENSNBRG00000014699	44	81
ENSNBRG00000014700	36	47
ENSNBRG00000014701	0	0
ENSNBRG00000014702	0	0
ENSNBRG00000014703	0	0
ENSNBRG00000014704	0	0
ENSNBRG00000014705	0	0
ENSNBRG00000014706	0	0
ENSNBRG00000014707	0	0
ENSNBRG00000014708	162	172
ENSNBRG00000014709	0	0
ENSNBRG00000014710	0	0
ENSNBRG00000014711	0	0
ENSNBRG00000014712	0	0
ENSNBRG00000014713	0	0
ENSNBRG00000014714	0	0
ENSNBRG00000014715	0	0
ENSNBRG00000014716	0	0
ENSNBRG00000014717	0	0
ENSNBRG00000014718	0	0
ENSNBRG00000014719	0	0
ENSNBRG00000014720	0	0
ENSNBRG00000014721	0	0
ENSNBRG00000014722	0	0
ENSNBRG00000014723	0	0
ENSNBRG00000014724	0	0
ENSNBRG00000014725	0	0
ENSNBRG00000014726	0	0
ENSNBRG00000014727	0	0
ENSNBRG00000014728	0	0
ENSNBRG00000014729	0	0
ENSNBRG00000014730	0	0
ENSNBRG00000014731	0	0
ENSNBRG00000014732	0	0
ENSNBRG00000014733	0	0
ENSNBRG00000014734	0	0
ENSNBRG00000014735	0	0
ENSNBRG00000014736	80	97
ENSNBRG00000014737	0	0
ENSNBRG00000014738	0	0
ENSNBRG00000014739	0	0
ENSNBRG00000014740	0	0
ENSNBRG00000014741	0	0
ENSNBRG00000014742	0	0
ENSNBRG00000014743	0	0
ENSNBRG00000014744	0	0
ENSNBRG00000014745	0	0
ENSNBRG00000014746	0	0
ENSNBRG00000014747	0	0
ENSNBRG00000014748	0	0
ENSNBRG00000014749	53	89
ENSNBRG00000014750	0	0
ENSNBRG00000014751	0	0
ENSNBRG00000014752	0	0
ENSNBRG00000014753	0	0
ENSNBRG00000014754	0	0
ENSNBRG00000014755	0	0
ENSNBRG00000014756	0	0
ENSNBRG00000014757	97	134
ENSNBRG00000014758	0	0
ENSNBRG00000014759	0	0
ENSNBRG00000014760	0	0
ENSNBRG00000014761	0	0
ENSNBRG00000014762	0	0
ENSNBRG00000014763	0	0
ENSNBRG00000014764	0	0
ENSNBRG00000014765	0	0
ENSNBRG00000014766	0	0
ENSNBRG00000014767	0	0
ENSNBRG00000014768	0	0
ENSNBRG00000014769	0	0
ENSNBRG00000014770	0	0
ENSNBRG00000014771	0	0
ENSNBRG00000014772	0	0
ENSNBRG00000014773	0	0
ENSNBRG00000014774	0	0
ENSNBRG00000014775	0	0
ENSNBRG00000014776	0	0
ENSNBRG00000014777	32	44
ENSNBRG00000014778	0	0
ENSNBRG00000014779	0	0
ENSNBRG00000014780	0	0
ENSNBRG00000014781	191	229
ENSNBRG00000014782	0	0
ENSNBRG00000014783	0	0
ENSNBRG00000014784	0	0
ENSNBRG00000014785	0	0
ENSNBRG00000014786	0	0
ENSNBRG00000014787	0	0
ENSNBRG00000014788	0	0
ENSNBRG00000014789	0	0
ENSNBRG00000014790	0	0
ENSNBRG00000014791	0	0
ENSNBRG00000014792	0	0
ENSNBRG00000014793	0	0
ENSNBRG00000014794	0	0
ENSNBRG00000014795	0	0
ENSNBRG00000014796	0	0
ENSNBRG00000014797	0	0
ENSNBRG00000014798	0	0
ENSNBRG00000014799	0	0
ENSNBRG00000014800	0	0
ENSNBRG00000014801	0	0
ENSNBRG00000014802	0	0
ENSNBRG00000014803	0	0
ENSNBRG00000014804	0	0
ENSNBRG00000014805	0	0
ENSNBRG00000014806	0	0
ENSNBRG00000014807	0	0
ENSNBRG00000014808	30	40
ENSNBRG00000014809	0	0
ENSNBRG00000014810	0	0
ENSNBRG00000014811	0	0
ENSNBRG00000014812	0	0
ENSNBRG00000014813	0	0
ENSNBRG00000014814	0	0
ENSNBRG00000014815	0	0
ENSNBRG00000014816	0	0
ENSNBRG00000014817	0	0
ENSNBRG00000014818	0	0
ENSNBRG00000014819	0	0
ENSNBRG00000014820	0	0
ENSNBRG00000014821	0	0
ENSNBRG00000014822	0	0
ENSNBRG00000014823	0	0
ENSNBRG00000014824	0	0
ENSNBRG00000014825	0	0
ENSNBRG00000014826	0	0
ENSNBRG00000014827	0	0
ENSNBRG00000014828	0	0
ENSNBRG00000014829	0	0
ENSNBRG00000014830	0	0
ENSNBRG00000014831	0	0
ENSNBRG00000014832	0	0
ENSNBRG00000014833	0	0
ENSNBRG00000014834	25	56
ENSNBRG00000014835	1	13
ENSNBRG00000014836	198	199
ENSNBRG00000014837	0	0
ENSNBRG00000014838	0	0
ENSNBRG00000014839	0	0
ENSNBRG00000014840	0	0
ENSNBRG00000014841	40	62
ENSNBRG00000014842	0	0
ENSNBRG00000014843	0	0
ENSNBRG00000014844	0	0
ENSNBRG00000014845	0	0
ENSNBRG00000014846	0	0
ENSNBRG00000014847	0	0
ENSNBRG00000014848	0	0
ENSNBRG00000014849	0	0
ENSNBRG00000014850	0	0
ENSNBRG00000014851	33	47
ENSNBRG00000014852	34	69
ENSNBRG00000014853	87	121
ENSNBRG00000014854	0	0
ENSNBRG00000014855	0	0
ENSNBRG00000014856	0	0
ENSNBRG00000014857	0	0
ENSNBRG00000014858	0	0
ENSNBRG00000014859	0	0
ENSNBRG00000014860	0	0
ENSNBRG00000014861	0	0
ENSNBRG00000014862	36	78
ENSNBRG00000014863	0	0
ENSNBRG00000014864	16	23
ENSNBRG00000014865	0	0
ENSNBRG00000014866	0	0
ENSNBRG00000014867	0	0
ENSNBRG00000014868	0	0
ENSNBRG00000014869	0	0
ENSNBRG00000014870	0	0
ENSNBRG00000014871	0	0
ENSNBRG00000014872	0	0
ENSNBRG00000014873	0	0
ENSNBRG00000014874	0	0
ENSNBRG00000014875	0	0
ENSNBRG00000014876	0	0
ENSNBRG00000014877	0	0
ENSNBRG00000014878	0	0
ENSNBRG00000014879	0	0
ENSNBRG00000014880	0	0
ENSNBRG00000014881	0	0
ENSNBRG00000014882	0	0
ENSNBRG00000014883	0	0
ENSNBRG00000014884	1	35
ENSNBRG00000014885	0	0
ENSNBRG00000014886	0	0
ENSNBRG00000014887	0	0
ENSNBRG00000014888	0	0
ENSNBRG00000014889	32	65
ENSNBRG00000014890	0	0
ENSNBRG00000014891	0	0
ENSNBRG00000014892	0	0
ENSNBRG00000014893	0	0
ENSNBRG00000014894	0	0
ENSNBRG00000014895	0	0
ENSNBRG00000014896	0	0
ENSNBRG00000014897	0	0
ENSNBRG00000014898	0	0
ENSNBRG00000014899	0	0
ENSNBRG00000014900	0	0
ENSNBRG00000014901	0	0
ENSNBRG00000014902	0	0
ENSNBRG00000014903	70	86
ENSNBRG00000014904	1007	1033
ENSNBRG00000014905	0	0
ENSNBRG00000014906	0	0
ENSNBRG00000014907	0	0
ENSNBRG00000014908	0	0
ENSNBRG00000014909	0	0
ENSNBRG00000014910	0	0
ENSNBRG00000014911	0	0
ENSNBRG00000014912	0	0
ENSNBRG00000014913	0	0
ENSNBRG00000014914	0	0
ENSNBRG00000014915	0	0
ENSNBRG00000014916	0	0
ENSNBRG00000014917	0	0
ENSNBRG00000014918	0	0
ENSNBRG00000014919	0	0
ENSNBRG00000014920	0	0
ENSNBRG00000014921	0	0
ENSNBRG00000014922	0	0
ENSNBRG00000014923	0	0
ENSNBRG00000014924	0	0
ENSNBRG00000014925	0	0
ENSNBRG00000014926	0	0
ENSNBRG00000014927	0	0
ENSNBRG00000014928	0	0
ENSNBRG00000014929	0	0
ENSNBRG00000014930	0	0
ENSNBRG00000014931	33	34
ENSNBRG00000014932	0	0
ENSNBRG00000014933	0	0
ENSNBRG00000014934	0	0
ENSNBRG00000014935	0	0
ENSNBRG00000014936	677	680
ENSNBRG00000014937	0	0
ENSNBRG00000014938	0	0
ENSNBRG00000014939	0	0
ENSNBRG00000014940	37	50
ENSNBRG00000014941	0	0
ENSNBRG00000014942	0	0
ENSNBRG00000014943	0	0
ENSNBRG00000014944	0	0
ENSNBRG00000014945	0	0
ENSNBRG00000014946	0	0
ENSNBRG00000014947	0	0
ENSNBRG00000014948	0	0
ENSNBRG00000014949	0	0
ENSNBRG00000014950	0	0
ENSNBRG00000014951	0	0
ENSNBRG00000014952	0	0
ENSNBRG00000014953	0	0
ENSNBRG00000014954	0	0
ENSNBRG00000014955	0	0
ENSNBRG00000014956	0	0
ENSNBRG00000014957	0	0
ENSNBRG00000014958	0	0
ENSNBRG00000014959	37	59
ENSNBRG00000014960	0	0
ENSNBRG00000014961	0	0
ENSNBRG00000014962	62	87
ENSNBRG00000014963	0	0
ENSNBRG00000014964	0	0
ENSNBRG00000014965	0	0
ENSNBRG00000014966	0	0
ENSNBRG00000014967	0	0
ENSNBRG00000014968	0	0
ENSNBRG00000014969	0	0
ENSNBRG00000014970	0	0
ENSNBRG00000014971	0	0
ENSNBRG00000014972	24	67
ENSNBRG00000014973	0	0
ENSNBRG00000014974	0	0
ENSNBRG00000014975	0	0
ENSNBRG00000014976	0	0
ENSNBRG00000014977	0	0
ENSNBRG00000014978	0	0
ENSNBRG00000014979	0	0
ENSNBRG00000014980	0	0
ENSNBRG00000014981	0	0
ENSNBRG00000014982	3	44
ENSNBRG00000014983	0	0
ENSNBRG00000014984	0	0
ENSNBRG00000014985	0	0
ENSNBRG00000014986	0	0
ENSNBRG00000014987	238	250
ENSNBRG00000014988	0	0
ENSNBRG00000014989	0	0
ENSNBRG00000014990	0	0
ENSNBRG00000014991	0	0
ENSNBRG00000014992	0	0
ENSNBRG00000014993	0	0
ENSNBRG00000014994	0	0
ENSNBRG00000014995	0	0
ENSNBRG00000014996	0	0
ENSNBRG00000014997	0	0
ENSNBRG00000014998	0	0
ENSNBRG00000014999	0	0
ENSNBRG00000015000	0	0
ENSNBRG00000015001	0	0
ENSNBRG00000015002	0	0
ENSNBRG00000015003	0	0
ENSNBRG00000015004	0	0
ENSNBRG00000015005	0	0
ENSNBRG00000015006	1	17
ENSNBRG00000015007	0	0
ENSNBRG00000015008	0	0
ENSNBRG00000015009	0	0
ENSNBRG00000015010	0	0
ENSNBRG00000015011	0	0
ENSNBRG00000015012	0	0
ENSNBRG00000015013	0	0
ENSNBRG00000015014	0	0
ENSNBRG00000015015	23	49
ENSNBRG00000015016	0	0
ENSNBRG00000015017	0	0
ENSNBRG00000015018	0	0
ENSNBRG00000015019	0	0
ENSNBRG00000015020	0	0
ENSNBRG00000015021	0	0
ENSNBRG00000015022	26	52
ENSNBRG00000015023	0	0
ENSNBRG00000015024	0	0
ENSNBRG00000015025	0	0
ENSNBRG00000015026	0	0
ENSNBRG00000015027	0	0
ENSNBRG00000015028	0	0
ENSNBRG00000015029	0	0
ENSNBRG00000015030	0	0
ENSNBRG00000015031	0	0
ENSNBRG00000015032	0	0
ENSNBRG00000015033	0	0
ENSNBRG00000015034	0	0
ENSNBRG00000015035	0	0
ENSNBRG00000015036	0	0
ENSNBRG00000015037	0	0
ENSNBRG00000015038	0	0
ENSNBRG00000015039	0	0
ENSNBRG00000015040	0	0
ENSNBRG00000015041	0	0
ENSNBRG00000015042	0	0
ENSNBRG00000015043	0	0
ENSNBRG00000015044	0	0
ENSNBRG00000015045	0	0
ENSNBRG00000015046	0	0
ENSNBRG00000015047	0	0
ENSNBRG00000015048	0	0
ENSNBRG00000015049	37	64
ENSNBRG00000015050	0	0
ENSNBRG00000015051	0	0
ENSNBRG00000015052	106	122
ENSNBRG00000015053	0	0
ENSNBRG00000015054	0	0
ENSNBRG00000015055	0	0
ENSNBRG00000015056	0	0
ENSNBRG00000015057	0	0
ENSNBRG00000015058	0	0
ENSNBRG00000015059	0	0
ENSNBRG00000015060	528	546
ENSNBRG00000015061	0	0
ENSNBRG00000015062	0	0
ENSNBRG00000015063	0	0
ENSNBRG00000015064	0	0
ENSNBRG00000015065	15	50
ENSNBRG00000015066	0	0
ENSNBRG00000015067	0	0
ENSNBRG00000015068	0	0
ENSNBRG00000015069	0	0
ENSNBRG00000015070	0	0
ENSNBRG00000015071	0	0
ENSNBRG00000015072	0	0
ENSNBRG00000015073	0	0
ENSNBRG00000015074	0	0
ENSNBRG00000015075	0	0
ENSNBRG00000015076	17	44
ENSNBRG00000015077	0	0
ENSNBRG00000015078	0	0
ENSNBRG00000015079	0	0
ENSNBRG00000015080	0	0
ENSNBRG00000015081	0	0
ENSNBRG00000015082	0	0
ENSNBRG00000015083	0	0
ENSNBRG00000015084	0	0
ENSNBRG00000015085	0	0
ENSNBRG00000015086	0	0
ENSNBRG00000015087	0	0
ENSNBRG00000015088	0	0
ENSNBRG00000015089	0	0
ENSNBRG00000015090	0	0
ENSNBRG00000015091	54	74
ENSNBRG00000015092	0	0
ENSNBRG00000015093	0	0
ENSNBRG00000015094	0	0
ENSNBRG00000015095	0	0
ENSNBRG00000015096	0	0
ENSNBRG00000015097	0	0
ENSNBRG00000015098	0	0
ENSNBRG00000015099	0	0
ENSNBRG00000015100	0	0
ENSNBRG00000015101	0	0
ENSNBRG00000015102	0	0
ENSNBRG00000015103	0	0
ENSNBRG00000015104	0	0
ENSNBRG00000015105	0	0
ENSNBRG00000015106	90	95
ENSNBRG00000015107	0	0
ENSNBRG00000015108	0	0
ENSNBRG00000015109	0	0
ENSNBRG00000015110	0	0
ENSNBRG00000015111	0	0
ENSNBRG00000015112	1	15
ENSNBRG00000015113	0	0
ENSNBRG00000015114	0	0
ENSNBRG00000015115	0	0
ENSNBRG00000015116	0	0
ENSNBRG00000015117	0	0
ENSNBRG00000015118	0	0
ENSNBRG00000015119	0	0
ENSNBRG00000015120	0	0
ENSNBRG00000015121	0	0
ENSNBRG00000015122	0	0
ENSNBRG00000015123	0	0
ENSNBRG00000015124	0	0
ENSNBRG00000015125	0	0
ENSNBRG00000015126	0	0
ENSNBRG00000015127	0	0
ENSNBRG00000015128	0	0
ENSNBRG00000015129	0	0
ENSNBRG00000015130	0	0
ENSNBRG00000015131	0	0
ENSNBRG00000015132	0	0
ENSNBRG00000015133	0	0
ENSNBRG00000015134	0	0
ENSNBRG00000015135	0	0
ENSNBRG00000015136	54	63
ENSNBRG00000015137	0	0
ENSNBRG00000015138	0	0
ENSNBRG00000015139	0	0
ENSNBRG00000015140	0	0
ENSNBRG00000015141	0	0
ENSNBRG00000015142	0	0
ENSNBRG00000015143	0	0
ENSNBRG00000015144	0	0
ENSNBRG00000015145	0	0
ENSNBRG00000015146	0	0
ENSNBRG00000015147	0	0
ENSNBRG00000015148	13	19
ENSNBRG00000015149	0	0
ENSNBRG00000015150	0	0
ENSNBRG00000015151	0	0
ENSNBRG00000015152	0	0
ENSNBRG00000015153	0	0
ENSNBRG00000015154	0	0
ENSNBRG00000015155	0	0
ENSNBRG00000015156	0	0
ENSNBRG00000015157	0	0
ENSNBRG00000015158	0	0
ENSNBRG00000015159	0	0
ENSNBRG00000015160	0	0
ENSNBRG00000015161	0	0
ENSNBRG00000015162	0	0
ENSNBRG00000015163	0	0
ENSNBRG00000015164	0	0
ENSNBRG00000015165	0	0
ENSNBRG00000015166	0	0
ENSNBRG00000015167	0	0
ENSNBRG00000015168	0	0
ENSNBRG00000015169	0	0
ENSNBRG00000015170	0	0
ENSNBRG00000015171	0	0
ENSNBRG00000015172	0	0
ENSNBRG00000015173	0	0
ENSNBRG00000015174	0	0
ENSNBRG00000015175	0	0
ENSNBRG00000015176	0	0
ENSNBRG00000015177	0	0
ENSNBRG00000015178	0	0
ENSNBRG00000015179	0	0
ENSNBRG00000015180	0	0
ENSNBRG00000015181	0	0
ENSNBRG00000015182	0	0
ENSNBRG00000015183	0	0
ENSNBRG00000015184	40	56
ENSNBRG00000015185	0	0
ENSNBRG00000015186	121	160
ENSNBRG00000015187	0	0
ENSNBRG00000015188	0	0
ENSNBRG00000015189	0	0
ENSNBRG00000015190	0	0
ENSNBRG00000015191	0	0
ENSNBRG00000015192	0	0
ENSNBRG00000015193	0	0
ENSNBRG00000015194	0	0
ENSNBRG00000015195	0	0
ENSNBRG00000015196	0	0
ENSNBRG00000015197	0	0
ENSNBRG00000015198	0	0
ENSNBRG00000015199	0	0
ENSNBRG00000015200	0	0
ENSNBRG00000015201	0	0
ENSNBRG00000015202	0	0
ENSNBRG00000015203	0	0
ENSNBRG00000015204	0	0
ENSNBRG00000015205	0	0
ENSNBRG00000015206	0	0
ENSNBRG00000015207	0	0
ENSNBRG00000015208	0	0
ENSNBRG00000015209	0	0
ENSNBRG00000015210	0	0
ENSNBRG00000015211	0	0
ENSNBRG00000015212	0	0
ENSNBRG00000015213	0	0
ENSNBRG00000015214	0	0
ENSNBRG00000015215	0	0
ENSNBRG00000015216	0	0
ENSNBRG00000015217	0	0
ENSNBRG00000015218	0	0
ENSNBRG00000015219	0	0
ENSNBRG00000015220	0	0
ENSNBRG00000015221	0	0
ENSNBRG00000015222	0	0
ENSNBRG00000015223	0	0
ENSNBRG00000015224	0	0
ENSNBRG00000015225	0	0
ENSNBRG00000015226	0	0
ENSNBRG00000015227	0	0
ENSNBRG00000015228	0	0
ENSNBRG00000015229	0	0
ENSNBRG00000015230	0	0
ENSNBRG00000015231	0	0
ENSNBRG00000015232	0	0
ENSNBRG00000015233	0	0
ENSNBRG00000015234	0	0
ENSNBRG00000015235	0	0
ENSNBRG00000015236	0	0
ENSNBRG00000015237	0	0
ENSNBRG00000015238	0	0
ENSNBRG00000015239	0	0
ENSNBRG00000015240	0	0
ENSNBRG00000015241	0	0
ENSNBRG00000015242	0	0
ENSNBRG00000015243	83	111
ENSNBRG00000015244	0	0
ENSNBRG00000015245	23	59
ENSNBRG00000015246	0	0
ENSNBRG00000015247	0	0
ENSNBRG00000015248	26	42
ENSNBRG00000015249	0	0
ENSNBRG00000015250	0	0
ENSNBRG00000015251	39	66
ENSNBRG00000015252	20	30
ENSNBRG00000015253	0	0
ENSNBRG00000015254	0	0
ENSNBRG00000015255	0	0
ENSNBRG00000015256	0	0
ENSNBRG00000015257	0	0
ENSNBRG00000015258	0	0
ENSNBRG00000015259	0	0
ENSNBRG00000015260	0	0
ENSNBRG00000015261	0	0
ENSNBRG00000015262	0	0
ENSNBRG00000015263	0	0
ENSNBRG00000015264	0	0
ENSNBRG00000015265	23	26
ENSNBRG00000015266	0	0
ENSNBRG00000015267	0	0
ENSNBRG00000015268	0	0
ENSNBRG00000015269	0	0
ENSNBRG00000015270	0	0
ENSNBRG00000015271	18	61
ENSNBRG00000015272	0	0
ENSNBRG00000015273	0	0
ENSNBRG00000015274	0	0
ENSNBRG00000015275	0	0
ENSNBRG00000015276	0	0
ENSNBRG00000015277	32	69
ENSNBRG00000015278	0	0
ENSNBRG00000015279	0	0
ENSNBRG00000015280	74	92
ENSNBRG00000015281	0	0
ENSNBRG00000015282	0	0
ENSNBRG00000015283	21	28
ENSNBRG00000015284	0	0
ENSNBRG00000015285	0	0
ENSNBRG00000015286	0	0
ENSNBRG00000015287	0	0
ENSNBRG00000015288	0	0
ENSNBRG00000015289	0	0
ENSNBRG00000015290	0	0
ENSNBRG00000015291	0	0
ENSNBRG00000015292	0	0
ENSNBRG00000015293	42	49
ENSNBRG00000015294	0	0
ENSNBRG00000015295	0	0
ENSNBRG00000015296	0	0
ENSNBRG00000015297	0	0
ENSNBRG00000015298	0	0
ENSNBRG00000015299	0	0
ENSNBRG00000015300	0	0
ENSNBRG00000015301	0	0
ENSNBRG00000015302	0	0
ENSNBRG00000015303	0	0
ENSNBRG00000015304	0	0
ENSNBRG00000015305	0	0
ENSNBRG00000015306	0	0
ENSNBRG00000015307	0	0
ENSNBRG00000015308	0	0
ENSNBRG00000015309	0	0
ENSNBRG00000015310	0	0
ENSNBRG00000015311	0	0
ENSNBRG00000015312	0	0
ENSNBRG00000015313	0	0
ENSNBRG00000015314	0	0
ENSNBRG00000015315	2	15
ENSNBRG00000015316	0	0
ENSNBRG00000015317	0	0
ENSNBRG00000015318	0	0
ENSNBRG00000015319	0	0
ENSNBRG00000015320	0	0
ENSNBRG00000015321	0	0
ENSNBRG00000015322	0	0
ENSNBRG00000015323	0	0
ENSNBRG00000015324	0	0
ENSNBRG00000015325	16	21
ENSNBRG00000015326	0	0
ENSNBRG00000015327	245	274
ENSNBRG00000015328	0	0
ENSNBRG00000015329	0	0
ENSNBRG00000015330	0	0
ENSNBRG00000015331	0	0
ENSNBRG00000015332	0	0
ENSNBRG00000015333	0	0
ENSNBRG00000015334	0	0
ENSNBRG00000015335	0	0
ENSNBRG00000015336	0	0
ENSNBRG00000015337	0	0
ENSNBRG00000015338	0	0
ENSNBRG00000015339	0	0
ENSNBRG00000015340	0	0
ENSNBRG00000015341	0	0
ENSNBRG00000015342	0	0
ENSNBRG00000015343	0	0
ENSNBRG00000015344	0	0
ENSNBRG00000015345	0	0
ENSNBRG00000015346	0	0
ENSNBRG00000015347	0	0
ENSNBRG00000015348	0	0
ENSNBRG00000015349	0	0
ENSNBRG00000015350	0	0
ENSNBRG00000015351	0	0
ENSNBRG00000015352	0	0
ENSNBRG00000015353	0	0
ENSNBRG00000015354	31	47
ENSNBRG00000015355	0	0
ENSNBRG00000015356	0	0
ENSNBRG00000015357	960	987
ENSNBRG00000015358	0	0
ENSNBRG00000015359	0	0
ENSNBRG00000015360	0	0
ENSNBRG00000015361	0	0
ENSNBRG00000015362	0	0
ENSNBRG00000015363	0	0
ENSNBRG00000015364	0	0
ENSNBRG00000015365	0	0
ENSNBRG00000015366	0	0
ENSNBRG00000015367	0	0
ENSNBRG00000015368	0	0
ENSNBRG00000015369	0	0
ENSNBRG00000015370	0	0
ENSNBRG00000015371	0	0
ENSNBRG00000015372	0	0
ENSNBRG00000015373	0	0
ENSNBRG00000015374	0	0
ENSNBRG00000015375	0	0
ENSNBRG00000015376	20	28
ENSNBRG00000015377	0	0
ENSNBRG00000015378	0	0
ENSNBRG00000015379	0	0
ENSNBRG00000015380	0	0
ENSNBRG00000015381	0	0
ENSNBRG00000015382	0	0
ENSNBRG00000015383	0	0
ENSNBRG00000015384	0	0
ENSNBRG00000015385	0	0
ENSNBRG00000015386	0	0
ENSNBRG00000015387	0	0
ENSNBRG00000015388	0	0
ENSNBRG00000015389	0	0
ENSNBRG00000015390	0	0
ENSNBRG00000015391	0	0
ENSNBRG00000015392	2221	2231
ENSNBRG00000015393	0	0
ENSNBRG00000015394	0	0
ENSNBRG00000015395	0	0
ENSNBRG00000015396	0	0
ENSNBRG00000015397	0	0
ENSNBRG00000015398	0	0
ENSNBRG00000015399	0	0
ENSNBRG00000015400	0	0
ENSNBRG00000015401	0	0
ENSNBRG00000015402	0	0
ENSNBRG00000015403	0	0
ENSNBRG00000015404	0	0
ENSNBRG00000015405	0	0
ENSNBRG00000015406	9	45
ENSNBRG00000015407	0	0
ENSNBRG00000015408	0	0
ENSNBRG00000015409	0	0
ENSNBRG00000015410	0	0
ENSNBRG00000015411	270	310
ENSNBRG00000015412	0	0
ENSNBRG00000015413	0	0
ENSNBRG00000015414	17	35
ENSNBRG00000015415	0	0
ENSNBRG00000015416	0	0
ENSNBRG00000015417	0	0
ENSNBRG00000015418	733	737
ENSNBRG00000015419	0	0
ENSNBRG00000015420	0	0
ENSNBRG00000015421	0	0
ENSNBRG00000015422	0	0
ENSNBRG00000015423	0	0
ENSNBRG00000015424	0	0
ENSNBRG00000015425	0	0
ENSNBRG00000015426	0	0
ENSNBRG00000015427	0	0
ENSNBRG00000015428	0	0
ENSNBRG00000015429	0	0
ENSNBRG00000015430	0	0
ENSNBRG00000015431	0	0
ENSNBRG00000015432	0	0
ENSNBRG00000015433	0	0
ENSNBRG00000015434	0	0
ENSNBRG00000015435	0	0
ENSNBRG00000015436	0	0
ENSNBRG00000015437	0	0
ENSNBRG00000015438	0	0
ENSNBRG00000015439	0	0
ENSNBRG00000015440	27	70
ENSNBRG00000015441	0	0
ENSNBRG00000015442	0	0
ENSNBRG00000015443	0	0
ENSNBRG00000015444	0	0
ENSNBRG00000015445	0	0
ENSNBRG00000015446	0	0
ENSNBRG00000015447	0	0
ENSNBRG00000015448	0	0
ENSNBRG00000015449	0	0
ENSNBRG00000015450	0	0
ENSNBRG00000015451	0	0
ENSNBRG00000015452	0	0
ENSNBRG00000015453	0	0
ENSNBRG00000015454	0	0
ENSNBRG00000015455	0	0
ENSNBRG00000015456	0	0
ENSNBRG00000015457	0	0
ENSNBRG00000015458	499	511
ENSNBRG00000015459	0	0
ENSNBRG00000015460	0	0
ENSNBRG00000015461	0	0
ENSNBRG00000015462	0	0
ENSNBRG00000015463	0	0
ENSNBRG00000015464	0	0
ENSNBRG00000015465	0	0
ENSNBRG00000015466	0	0
ENSNBRG00000015467	0	0
ENSNBRG00000015468	0	0
ENSNBRG00000015469	0	0
ENSNBRG00000015470	0	0
ENSNBRG00000015471	0	0
ENSNBRG00000015472	0	0
ENSNBRG00000015473	0	0
ENSNBRG00000015474	0	0
ENSNBRG00000015475	0	0
ENSNBRG00000015476	34	76
ENSNBRG00000015477	0	0
ENSNBRG00000015478	0	0
ENSNBRG00000015479	0	0
ENSNBRG00000015480	0	0
ENSNBRG00000015481	0	0
ENSNBRG00000015482	0	0
ENSNBRG00000015483	0	0
ENSNBRG00000015484	0	0
ENSNBRG00000015485	0	0
ENSNBRG00000015486	0	0
ENSNBRG00000015487	0	0
ENSNBRG00000015488	0	0
ENSNBRG00000015489	39	46
ENSNBRG00000015490	0	0
ENSNBRG00000015491	0	0
ENSNBRG00000015492	0	0
ENSNBRG00000015493	29	50
ENSNBRG00000015494	0	0
ENSNBRG00000015495	0	0
ENSNBRG00000015496	0	0
ENSNBRG00000015497	0	0
ENSNBRG00000015498	0	0
ENSNBRG00000015499	0	0
ENSNBRG00000015500	0	0
ENSNBRG00000015501	21	37
ENSNBRG00000015502	0	0
ENSNBRG00000015503	0	0
ENSNBRG00000015504	0	0
ENSNBRG00000015505	0	0
ENSNBRG00000015506	0	0
ENSNBRG00000015507	0	0
ENSNBRG00000015508	0	0
ENSNBRG00000015509	0	0
ENSNBRG00000015510	0	0
ENSNBRG00000015511	0	0
ENSNBRG00000015512	0	0
ENSNBRG00000015513	0	0
ENSNBRG00000015514	0	0
ENSNBRG00000015515	0	0
ENSNBRG00000015516	34	37
ENSNBRG00000015517	0	0
ENSNBRG00000015518	0	0
ENSNBRG00000015519	0	0
ENSNBRG00000015520	0	0
ENSNBRG00000015521	39	62
ENSNBRG00000015522	0	0
ENSNBRG00000015523	0	0
ENSNBRG00000015524	0	0
ENSNBRG00000015525	0	0
ENSNBRG00000015526	0	0
ENSNBRG00000015527	0	0
ENSNBRG00000015528	1	32
ENSNBRG00000015529	0	0
ENSNBRG00000015530	0	0
ENSNBRG00000015531	0	0
ENSNBRG00000015532	0	0
ENSNBRG00000015533	0	0
ENSNBRG00000015534	0	0
ENSNBRG00000015535	0	0
ENSNBRG00000015536	0	0
ENSNBRG00000015537	0	0
ENSNBRG00000015538	0	0
ENSNBRG00000015539	30	38
ENSNBRG00000015540	0	0
ENSNBRG00000015541	0	0
ENSNBRG00000015542	0	0
ENSNBRG00000015543	0	0
ENSNBRG00000015544	0	0
ENSNBRG00000015545	24	53
ENSNBRG00000015546	0	0
ENSNBRG00000015547	0	0
ENSNBRG00000015548	0	0
ENSNBRG00000015549	0	0
ENSNBRG00000015550	0	0
ENSNBRG00000015551	0	0
ENSNBRG00000015552	0	0
ENSNBRG00000015553	0	0
ENSNBRG00000015554	0	0
ENSNBRG00000015555	0	0
ENSNBRG00000015556	0	0
ENSNBRG00000015557	0	0
ENSNBRG00000015558	0	0
ENSNBRG00000015559	0	0
ENSNBRG00000015560	0	0
ENSNBRG00000015561	0	0
ENSNBRG00000015562	0	0
ENSNBRG00000015563	0	0
ENSNBRG00000015564	0	0
ENSNBRG00000015565	255	281
ENSNBRG00000015566	2157	2194
ENSNBRG00000015567	0	0
ENSNBRG00000015568	0	0
ENSNBRG00000015569	0	0
ENSNBRG00000015570	0	0
ENSNBRG00000015571	0	0
ENSNBRG00000015572	0	0
ENSNBRG00000015573	0	0
ENSNBRG00000015574	0	0
ENSNBRG00000015575	0	0
ENSNBRG00000015576	0	0
ENSNBRG00000015577	0	0
ENSNBRG00000015578	0	0
ENSNBRG00000015579	0	0
ENSNBRG00000015580	0	0
ENSNBRG00000015581	0	0
ENSNBRG00000015582	0	0
ENSNBRG00000015583	0	0
ENSNBRG00000015584	0	0
ENSNBRG00000015585	0	0
ENSNBRG00000015586	0	0
ENSNBRG00000015587	8	51
ENSNBRG00000015588	0	0
ENSNBRG00000015589	0	0
ENSNBRG00000015590	0	0
ENSNBRG00000015591	0	0
ENSNBRG00000015592	0	0
ENSNBRG00000015593	0	0
ENSNBRG00000015594	0	0
ENSNBRG00000015595	0	0
ENSNBRG00000015596	0	0
ENSNBRG00000015597	0	0
ENSNBRG00000015598	0	0
ENSNBRG00000015599	0	0
ENSNBRG00000015600	0	0
ENSNBRG00000015601	0	0
ENSNBRG00000015602	0	0
ENSNBRG00000015603	15	52
ENSNBRG00000015604	0	0
ENSNBRG00000015605	0	0
ENSNBRG00000015606	0	0
ENSNBRG00000015607	0	0
ENSNBRG00000015608	42	71
ENSNBRG00000015609	0	0
ENSNBRG00000015610	0	0
ENSNBRG00000015611	0	0
ENSNBRG00000015612	0	0
ENSNBRG00000015613	0	0
ENSNBRG00000015614	0	0
ENSNBRG00000015615	0	0
ENSNBRG00000015616	0	0
ENSNBRG00000015617	0	0
ENSNBRG00000015618	0	0
ENSNBRG00000015619	0	0
ENSNBRG00000015620	0	0
ENSNBRG00000015621	25	55
ENSNBRG00000015622	0	0
ENSNBRG00000015623	0	0
ENSNBRG00000015624	0	0
ENSNBRG00000015625	0	0
ENSNBRG00000015626	0	0
ENSNBRG00000015627	0	0
ENSNBRG00000015628	0	0
ENSNBRG00000015629	27	38
ENSNBRG00000015630	0	0
ENSNBRG00000015631	0	0
ENSNBRG00000015632	21	43
ENSNBRG00000015633	0	0
ENSNBRG00000015634	36	63
ENSNBRG00000015635	0	0
ENSNBRG00000015636	0	0
ENSNBRG00000015637	0	0
ENSNBRG00000015638	0	0
ENSNBRG00000015639	0	0
ENSNBRG00000015640	0	0
ENSNBRG00000015641	0	0
ENSNBRG00000015642	0	0
ENSNBRG00000015643	0	0
ENSNBRG00000015644	0	0
ENSNBRG00000015645	0	0
ENSNBRG00000015646	0	0
ENSNBRG00000015647	0	0
ENSNBRG00000015648	0	0
ENSNBRG00000015649	0	0
ENSNBRG00000015650	0	0
ENSNBRG00000015651	0	0
ENSNBRG00000015652	0	0
ENSNBRG00000015653	0	0
ENSNBRG00000015654	0	0
ENSNBRG00000015655	0	0
ENSNBRG00000015656	0	0
ENSNBRG00000015657	0	0
ENSNBRG00000015658	0	0
ENSNBRG00000015659	3	17
ENSNBRG00000015660	0	0
ENSNBRG00000015661	0	0
ENSNBRG00000015662	0	0
ENSNBRG00000015663	0	0
ENSNBRG00000015664	0	0
ENSNBRG00000015665	0	0
ENSNBRG00000015666	0	0
ENSNBRG00000015667	0	0
ENSNBRG00000015668	0	0
ENSNBRG00000015669	0	0
ENSNBRG00000015670	0	0
ENSNBRG00000015671	0	0
ENSNBRG00000015672	0	0
ENSNBRG00000015673	0	0
ENSNBRG00000015674	0	0
ENSNBRG00000015675	0	0
ENSNBRG00000015676	0	0
ENSNBRG00000015677	0	0
ENSNBRG00000015678	0	0
ENSNBRG00000015679	0	0
ENSNBRG00000015680	0	0
ENSNBRG00000015681	0	0
ENSNBRG00000015682	0	0
ENSNBRG00000015683	0	0
ENSNBRG00000015684	0	0
ENSNBRG00000015685	31	43
ENSNBRG00000015686	0	0
ENSNBRG00000015687	0	0
ENSNBRG00000015688	0	0
ENSNBRG00000015689	18	40
ENSNBRG00000015690	0	0
ENSNBRG00000015691	0	0
ENSNBRG00000015692	20	39
ENSNBRG00000015693	0	0
ENSNBRG00000015694	0	0
ENSNBRG00000015695	0	0
ENSNBRG00000015696	0	0
ENSNBRG00000015697	0	0
ENSNBRG00000015698	0	0
ENSNBRG00000015699	0	0
ENSNBRG00000015700	0	0
ENSNBRG00000015701	20	53
ENSNBRG00000015702	0	0
ENSNBRG00000015703	34	43
ENSNBRG00000015704	0	0
ENSNBRG00000015705	0	0
ENSNBRG00000015706	0	0
ENSNBRG00000015707	0	0
ENSNBRG00000015708	131	172
ENSNBRG00000015709	0	0
ENSNBRG00000015710	0	0
ENSNBRG00000015711	0	0
ENSNBRG00000015712	0	0
ENSNBRG00000015713	0	0
ENSNBRG00000015714	9	41
ENSNBRG00000015715	0	0
ENSNBRG00000015716	0	0
ENSNBRG00000015717	0	0
ENSNBRG00000015718	0	0
ENSNBRG00000015719	0	0
ENSNBRG00000015720	0	0
ENSNBRG00000015721	0	0
ENSNBRG00000015722	0	0
ENSNBRG00000015723	21	41
ENSNBRG00000015724	0	0
ENSNBRG00000015725	0	0
ENSNBRG00000015726	0	0
ENSNBRG00000015727	0	0
ENSNBRG00000015728	0	0
ENSNBRG00000015729	0	0
ENSNBRG00000015730	0	0
ENSNBRG00000015731	18	51
ENSNBRG00000015732	0	0
ENSNBRG00000015733	0	0
ENSNBRG00000015734	0	0
ENSNBRG00000015735	0	0
ENSNBRG00000015736	0	0
ENSNBRG00000015737	0	0
ENSNBRG00000015738	0	0
ENSNBRG00000015739	214	229
ENSNBRG00000015740	0	0
ENSNBRG00000015741	5604	5633
ENSNBRG00000015742	0	0
ENSNBRG00000015743	0	0
ENSNBRG00000015744	0	0
ENSNBRG00000015745	231	264
ENSNBRG00000015746	0	0
ENSNBRG00000015747	0	0
ENSNBRG00000015748	0	0
ENSNBRG00000015749	0	0
ENSNBRG00000015750	0	0
ENSNBRG00000015751	9	18
ENSNBRG00000015752	0	0
ENSNBRG00000015753	0	0
ENSNBRG00000015754	0	0
ENSNBRG00000015755	0	0
ENSNBRG00000015756	0	0
ENSNBRG00000015757	0	0
ENSNBRG00000015758	0	0
ENSNBRG00000015759	21	35
ENSNBRG00000015760	0	0
ENSNBRG00000015761	0	0
ENSNBRG00000015762	0	0
ENSNBRG00000015763	0	0
ENSNBRG00000015764	0	0
ENSNBRG00000015765	0	0
ENSNBRG00000015766	0	0
ENSNBRG00000015767	0	0
ENSNBRG00000015768	0	0
ENSNBRG00000015769	0	0
ENSNBRG00000015770	0	0
ENSNBRG00000015771	0	0
ENSNBRG00000015772	0	0
ENSNBRG00000015773	0	0
ENSNBRG00000015774	34	36
ENSNBRG00000015775	0	0
ENSNBRG00000015776	0	0
ENSNBRG00000015777	0	0
ENSNBRG00000015778	14	46
ENSNBRG00000015779	0	0
ENSNBRG00000015780	0	0
ENSNBRG00000015781	56	89
ENSNBRG00000015782	0	0
ENSNBRG00000015783	0	0
ENSNBRG00000015784	0	0
ENSNBRG00000015785	0	0
ENSNBRG00000015786	0	0
ENSNBRG00000015787	0	0
ENSNBRG00000015788	0	0
ENSNBRG00000015789	0	0
ENSNBRG00000015790	0	0
ENSNBRG00000015791	0	0
ENSNBRG00000015792	33	41
ENSNBRG00000015793	0	0
ENSNBRG00000015794	0	0
ENSNBRG00000015795	0	0
ENSNBRG00000015796	0	0
ENSNBRG00000015797	0	0
ENSNBRG00000015798	0	0
ENSNBRG00000015799	0	0
ENSNBRG00000015800	0	0
ENSNBRG00000015801	0	0
ENSNBRG00000015802	1	10
ENSNBRG00000015803	11	14
ENSNBRG00000015804	0	0
ENSNBRG00000015805	0	0
ENSNBRG00000015806	0	0
ENSNBRG00000015807	0	0
ENSNBRG00000015808	0	0
ENSNBRG00000015809	0	0
ENSNBRG00000015810	0	0
ENSNBRG00000015811	2	27
ENSNBRG00000015812	0	0
ENSNBRG00000015813	0	0
ENSNBRG00000015814	0	0
ENSNBRG00000015815	0	0
ENSNBRG00000015816	88	94
ENSNBRG00000015817	0	0
ENSNBRG00000015818	0	0
ENSNBRG00000015819	0	0
ENSNBRG00000015820	0	0
ENSNBRG00000015821	62	85
ENSNBRG00000015822	0	0
ENSNBRG00000015823	0	0
ENSNBRG00000015824	0	0
ENSNBRG00000015825	0	0
ENSNBRG00000015826	0	0
ENSNBRG00000015827	0	0
ENSNBRG00000015828	0	0
ENSNBRG00000015829	0	0
ENSNBRG00000015830	0	0
ENSNBRG00000015831	0	0
ENSNBRG00000015832	0	0
ENSNBRG00000015833	0	0
ENSNBRG00000015834	27	47
ENSNBRG00000015835	0	0
ENSNBRG00000015836	0	0
ENSNBRG00000015837	0	0
ENSNBRG00000015838	0	0
ENSNBRG00000015839	0	0
ENSNBRG00000015840	0	0
ENSNBRG00000015841	0	0
ENSNBRG00000015842	0	0
ENSNBRG00000015843	0	0
ENSNBRG00000015844	0	0
ENSNBRG00000015845	51	78
ENSNBRG00000015846	0	0
ENSNBRG00000015847	1	21
ENSNBRG00000015848	0	0
ENSNBRG00000015849	0	0
ENSNBRG00000015850	0	0
ENSNBRG00000015851	0	0
ENSNBRG00000015852	0	0
ENSNBRG00000015853	0	0
ENSNBRG00000015854	0	0
ENSNBRG00000015855	1	12
ENSNBRG00000015856	602	613
ENSNBRG00000015857	0	0
ENSNBRG00000015858	0	0
ENSNBRG00000015859	0	0
ENSNBRG00000015860	0	0
ENSNBRG00000015861	0	0
ENSNBRG00000015862	0	0
ENSNBRG00000015863	0	0
ENSNBRG00000015864	0	0
ENSNBRG00000015865	0	0
ENSNBRG00000015866	0	0
ENSNBRG00000015867	93	119
ENSNBRG00000015868	0	0
ENSNBRG00000015869	0	0
ENSNBRG00000015870	33	70
ENSNBRG00000015871	0	0
ENSNBRG00000015872	0	0
ENSNBRG00000015873	0	0
ENSNBRG00000015874	183	189
ENSNBRG00000015875	0	0
ENSNBRG00000015876	0	0
ENSNBRG00000015877	0	0
ENSNBRG00000015878	0	0
ENSNBRG00000015879	0	0
ENSNBRG00000015880	0	0
ENSNBRG00000015881	0	0
ENSNBRG00000015882	0	0
ENSNBRG00000015883	0	0
ENSNBRG00000015884	0	0
ENSNBRG00000015885	0	0
ENSNBRG00000015886	0	0
ENSNBRG00000015887	0	0
ENSNBRG00000015888	0	0
ENSNBRG00000015889	0	0
ENSNBRG00000015890	19	31
ENSNBRG00000015891	0	0
ENSNBRG00000015892	0	0
ENSNBRG00000015893	0	0
ENSNBRG00000015894	0	0
ENSNBRG00000015895	0	0
ENSNBRG00000015896	0	0
ENSNBRG00000015897	0	0
ENSNBRG00000015898	0	0
ENSNBRG00000015899	0	0
ENSNBRG00000015900	0	0
ENSNBRG00000015901	0	0
ENSNBRG00000015902	0	0
ENSNBRG00000015903	0	0
ENSNBRG00000015904	0	0
ENSNBRG00000015905	0	0
ENSNBRG00000015906	0	0
ENSNBRG00000015907	0	0
ENSNBRG00000015908	0	0
ENSNBRG00000015909	0	0
ENSNBRG00000015910	0	0
ENSNBRG00000015911	0	0
ENSNBRG00000015912	0	0
ENSNBRG00000015913	0	0
ENSNBRG00000015914	0	0
ENSNBRG00000015915	0	0
ENSNBRG00000015916	0	0
ENSNBRG00000015917	0	0
ENSNBRG00000015918	0	0
ENSNBRG00000015919	0	0
ENSNBRG00000015920	0	0
ENSNBRG00000015921	0	0
ENSNBRG00000015922	0	0
ENSNBRG00000015923	0	0
ENSNBRG00000015924	0	0
ENSNBRG00000015925	0	0
ENSNBRG00000015926	0	0
ENSNBRG00000015927	0	0
ENSNBRG00000015928	0	0
ENSNBRG00000015929	0	0
ENSNBRG00000015930	0	0
ENSNBRG00000015931	0	0
ENSNBRG00000015932	0	0
ENSNBRG00000015933	0	0
ENSNBRG00000015934	0	0
ENSNBRG00000015935	0	0
ENSNBRG00000015936	0	0
ENSNBRG00000015937	0	0
ENSNBRG00000015938	0	0
ENSNBRG00000015939	38	43
ENSNBRG00000015940	114	155
ENSNBRG00000015941	0	0
ENSNBRG00000015942	0	0
ENSNBRG00000015943	0	0
ENSNBRG00000015944	0	0
ENSNBRG00000015945	31	74
ENSNBRG00000015946	0	0
ENSNBRG00000015947	0	0
ENSNBRG00000015948	0	0
ENSNBRG00000015949	0	0
ENSNBRG00000015950	0	0
ENSNBRG00000015951	0	0
ENSNBRG00000015952	0	0
ENSNBRG00000015953	0	0
ENSNBRG00000015954	0	0
ENSNBRG00000015955	0	0
ENSNBRG00000015956	0	0
ENSNBRG00000015957	0	0
ENSNBRG00000015958	98	115
ENSNBRG00000015959	0	0
ENSNBRG00000015960	0	0
ENSNBRG00000015961	0	0
ENSNBRG00000015962	0	0
ENSNBRG00000015963	0	0
ENSNBRG00000015964	0	0
ENSNBRG00000015965	0	0
ENSNBRG00000015966	18	34
ENSNBRG00000015967	0	0
ENSNBRG00000015968	0	0
ENSNBRG00000015969	0	0
ENSNBRG00000015970	0	0
ENSNBRG00000015971	0	0
ENSNBRG00000015972	0	0
ENSNBRG00000015973	101	124
ENSNBRG00000015974	0	0
ENSNBRG00000015975	0	0
ENSNBRG00000015976	3	10
ENSNBRG00000015977	0	0
ENSNBRG00000015978	0	0
ENSNBRG00000015979	0	0
ENSNBRG00000015980	0	0
ENSNBRG00000015981	0	0
ENSNBRG00000015982	0	0
ENSNBRG00000015983	0	0
ENSNBRG00000015984	0	0
ENSNBRG00000015985	0	0
ENSNBRG00000015986	0	0
ENSNBRG00000015987	0	0
ENSNBRG00000015988	0	0
ENSNBRG00000015989	322	333
ENSNBRG00000015990	0	0
ENSNBRG00000015991	0	0
ENSNBRG00000015992	32	34
ENSNBRG00000015993	0	0
ENSNBRG00000015994	72	75
ENSNBRG00000015995	10	53
ENSNBRG00000015996	0	0
ENSNBRG00000015997	0	0
ENSNBRG00000015998	0	0
ENSNBRG00000015999	78	107
ENSNBRG00000016000	0	0
ENSNBRG00000016001	0	0
ENSNBRG00000016002	0	0
ENSNBRG00000016003	0	0
ENSNBRG00000016004	0	0
ENSNBRG00000016005	0	0
ENSNBRG00000016006	0	0
ENSNBRG00000016007	0	0
ENSNBRG00000016008	0	0
ENSNBRG00000016009	0	0
ENSNBRG00000016010	0	0
ENSNBRG00000016011	0	0
ENSNBRG00000016012	0	0
ENSNBRG00000016013	0	0
ENSNBRG00000016014	0	0
ENSNBRG00000016015	0	0
ENSNBRG00000016016	0	0
ENSNBRG00000016017	149	179
ENSNBRG00000016018	0	0
ENSNBRG00000016019	0	0
ENSNBRG00000016020	0	0
ENSNBRG00000016021	0	0
ENSNBRG00000016022	407	443
ENSNBRG00000016023	0	0
ENSNBRG00000016024	0	0
ENSNBRG00000016025	0	0
ENSNBRG00000016026	0	0
ENSNBRG00000016027	0	0
ENSNBRG00000016028	0	0
ENSNBRG00000016029	0	0
ENSNBRG00000016030	1	8
ENSNBRG00000016031	34	74
ENSNBRG00000016032	55	67
ENSNBRG00000016033	0	0
ENSNBRG00000016034	0	0
ENSNBRG00000016035	0	0
ENSNBRG00000016036	0	0
ENSNBRG00000016037	0	0
ENSNBRG00000016038	0	0
ENSNBRG00000016039	0	0
ENSNBRG00000016040	0	0
ENSNBRG00000016041	0	0
ENSNBRG00000016042	0	0
ENSNBRG00000016043	0	0
ENSNBRG00000016044	0	0
ENSNBRG00000016045	0	0
ENSNBRG00000016046	0	0
ENSNBRG00000016047	0	0
ENSNBRG00000016048	0	0
ENSNBRG00000016049	0	0
ENSNBRG00000016050	0	0
ENSNBRG00000016051	0	0
ENSNBRG00000016052	0	0
ENSNBRG00000016053	0	0
ENSNBRG00000016054	2	39
ENSNBRG00000016055	0	0
ENSNBRG00000016056	0	0
ENSNBRG00000016057	0	0
ENSNBRG00000016058	0	0
ENSNBRG00000016059	37	59
ENSNBRG00000016060	0	0
ENSNBRG00000016061	0	0
ENSNBRG00000016062	0	0
ENSNBRG00000016063	0	0
ENSNBRG00000016064	409	426
ENSNBRG00000016065	0	0
ENSNBRG00000016066	0	0
ENSNBRG00000016067	38	79
ENSNBRG00000016068	0	0
ENSNBRG00000016069	0	0
ENSNBRG00000016070	0	0
ENSNBRG00000016071	0	0
ENSNBRG00000016072	0	0
ENSNBRG00000016073	0	0
ENSNBRG00000016074	0	0
ENSNBRG00000016075	0	0
ENSNBRG00000016076	0	0
ENSNBRG00000016077	0	0
ENSNBRG00000016078	0	0
ENSNBRG00000016079	0	0
ENSNBRG00000016080	0	0
ENSNBRG00000016081	0	0
ENSNBRG00000016082	0	0
ENSNBRG00000016083	0	0
ENSNBRG00000016084	0	0
ENSNBRG00000016085	0	0
ENSNBRG00000016086	0	0
ENSNBRG00000016087	22	37
ENSNBRG00000016088	0	0
ENSNBRG00000016089	0	0
ENSNBRG00000016090	0	0
ENSNBRG00000016091	0	0
ENSNBRG00000016092	0	0
ENSNBRG00000016093	0	0
ENSNBRG00000016094	0	0
ENSNBRG00000016095	0	0
ENSNBRG00000016096	0	0
ENSNBRG00000016097	0	0
ENSNBRG00000016098	0	0
ENSNBRG00000016099	0	0
ENSNBRG00000016100	0	0
ENSNBRG00000016101	0	0
ENSNBRG00000016102	0	0
ENSNBRG00000016103	0	0
ENSNBRG00000016104	0	0
ENSNBRG00000016105	0	0
ENSNBRG00000016106	0	0
ENSNBRG00000016107	0	0
ENSNBRG00000016108	0	0
ENSNBRG00000016109	0	0
ENSNBRG00000016110	0	0
ENSNBRG00000016111	0	0
ENSNBRG00000016112	0	0
ENSNBRG00000016113	0	0
ENSNBRG00000016114	0	0
ENSNBRG00000016115	0	0
ENSNBRG00000016116	0	0
ENSNBRG00000016117	2	5
ENSNBRG00000016118	0	0
ENSNBRG00000016119	0	0
ENSNBRG00000016120	0	0
ENSNBRG00000016121	0	0
ENSNBRG00000016122	0	0
ENSNBRG00000016123	0	0
ENSNBRG00000016124	0	0
ENSNBRG00000016125	0	0
ENSNBRG00000016126	10	12
ENSNBRG00000016127	0	0
ENSNBRG00000016128	0	0
ENSNBRG00000016129	0	0
ENSNBRG00000016130	0	0
ENSNBRG00000016131	0	0
ENSNBRG00000016132	0	0
ENSNBRG00000016133	43	79
ENSNBRG00000016134	35	69
ENSNBRG00000016135	0	0
ENSNBRG00000016136	0	0
ENSNBRG00000016137	0	0
ENSNBRG00000016138	861	866
ENSNBRG00000016139	0	0
ENSNBRG00000016140	0	0
ENSNBRG00000016141	0	0
ENSNBRG00000016142	0	0
ENSNBRG00000016143	0	0
ENSNBRG00000016144	0	0
ENSNBRG00000016145	0	0
ENSNBRG00000016146	0	0
ENSNBRG00000016147	0	0
ENSNBRG00000016148	0	0
ENSNBRG00000016149	0	0
ENSNBRG00000016150	0	0
ENSNBRG00000016151	0	0
ENSNBRG00000016152	0	0
ENSNBRG00000016153	0	0
ENSNBRG00000016154	0	0
ENSNBRG00000016155	0	0
ENSNBRG00000016156	0	0
ENSNBRG00000016157	0	0
ENSNBRG00000016158	0	0
ENSNBRG00000016159	0	0
ENSNBRG00000016160	0	0
ENSNBRG00000016161	0	0
ENSNBRG00000016162	0	0
ENSNBRG00000016163	40	69
ENSNBRG00000016164	38	46
ENSNBRG00000016165	0	0
ENSNBRG00000016166	0	0
ENSNBRG00000016167	0	0
ENSNBRG00000016168	0	0
ENSNBRG00000016169	0	0
ENSNBRG00000016170	0	0
ENSNBRG00000016171	0	0
ENSNBRG00000016172	0	0
ENSNBRG00000016173	0	0
ENSNBRG00000016174	0	0
ENSNBRG00000016175	0	0
ENSNBRG00000016176	0	0
ENSNBRG00000016177	0	0
ENSNBRG00000016178	0	0
ENSNBRG00000016179	0	0
ENSNBRG00000016180	0	0
ENSNBRG00000016181	0	0
ENSNBRG00000016182	0	0
ENSNBRG00000016183	2877	2900
ENSNBRG00000016184	0	0
ENSNBRG00000016185	0	0
ENSNBRG00000016186	0	0
ENSNBRG00000016187	0	0
ENSNBRG00000016188	0	0
ENSNBRG00000016189	0	0
ENSNBRG00000016190	0	0
ENSNBRG00000016191	0	0
ENSNBRG00000016192	0	0
ENSNBRG00000016193	0	0
ENSNBRG00000016194	0	0
ENSNBRG00000016195	0	0
ENSNBRG00000016196	0	0
ENSNBRG00000016197	0	0
ENSNBRG00000016198	0	0
ENSNBRG00000016199	0	0
ENSNBRG00000016200	0	0
ENSNBRG00000016201	0	0
ENSNBRG00000016202	0	0
ENSNBRG00000016203	0	0
ENSNBRG00000016204	0	0
ENSNBRG00000016205	22	58
ENSNBRG00000016206	0	0
ENSNBRG00000016207	0	0
ENSNBRG00000016208	0	0
ENSNBRG00000016209	0	0
ENSNBRG00000016210	0	0
ENSNBRG00000016211	0	0
ENSNBRG00000016212	0	0
ENSNBRG00000016213	0	0
ENSNBRG00000016214	0	0
ENSNBRG00000016215	1	12
ENSNBRG00000016216	0	0
ENSNBRG00000016217	0	0
ENSNBRG00000016218	0	0
ENSNBRG00000016219	0	0
ENSNBRG00000016220	0	0
ENSNBRG00000016221	0	0
ENSNBRG00000016222	0	0
ENSNBRG00000016223	0	0
ENSNBRG00000016224	0	0
ENSNBRG00000016225	0	0
ENSNBRG00000016226	0	0
ENSNBRG00000016227	0	0
ENSNBRG00000016228	0	0
ENSNBRG00000016229	0	0
ENSNBRG00000016230	0	0
ENSNBRG00000016231	0	0
ENSNBRG00000016232	0	0
ENSNBRG00000016233	0	0
ENSNBRG00000016234	0	0
ENSNBRG00000016235	0	0
ENSNBRG00000016236	0	0
ENSNBRG00000016237	0	0
ENSNBRG00000016238	0	0
ENSNBRG00000016239	0	0
ENSNBRG00000016240	0	0
ENSNBRG00000016241	38	62
ENSNBRG00000016242	0	0
ENSNBRG00000016243	0	0
ENSNBRG00000016244	0	0
ENSNBRG00000016245	14	22
ENSNBRG00000016246	0	0
ENSNBRG00000016247	0	0
ENSNBRG00000016248	0	0
ENSNBRG00000016249	0	0
ENSNBRG00000016250	0	0
ENSNBRG00000016251	36	60
ENSNBRG00000016252	0	0
ENSNBRG00000016253	0	0
ENSNBRG00000016254	0	0
ENSNBRG00000016255	0	0
ENSNBRG00000016256	0	0
ENSNBRG00000016257	0	0
ENSNBRG00000016258	0	0
ENSNBRG00000016259	0	0
ENSNBRG00000016260	0	0
ENSNBRG00000016261	0	0
ENSNBRG00000016262	0	0
ENSNBRG00000016263	0	0
ENSNBRG00000016264	0	0
ENSNBRG00000016265	0	0
ENSNBRG00000016266	0	0
ENSNBRG00000016267	0	0
ENSNBRG00000016268	0	0
ENSNBRG00000016269	0	0
ENSNBRG00000016270	0	0
ENSNBRG00000016271	0	0
ENSNBRG00000016272	0	0
ENSNBRG00000016273	0	0
ENSNBRG00000016274	42	76
ENSNBRG00000016275	0	0
ENSNBRG00000016276	0	0
ENSNBRG00000016277	0	0
ENSNBRG00000016278	0	0
ENSNBRG00000016279	0	0
ENSNBRG00000016280	0	0
ENSNBRG00000016281	0	0
ENSNBRG00000016282	0	0
ENSNBRG00000016283	0	0
ENSNBRG00000016284	0	0
ENSNBRG00000016285	197	202
ENSNBRG00000016286	0	0
ENSNBRG00000016287	0	0
ENSNBRG00000016288	0	0
ENSNBRG00000016289	0	0
ENSNBRG00000016290	0	0
ENSNBRG00000016291	0	0
ENSNBRG00000016292	0	0
ENSNBRG00000016293	0	0
ENSNBRG00000016294	0	0
ENSNBRG00000016295	0	0
ENSNBRG00000016296	0	0
ENSNBRG00000016297	0	0
ENSNBRG00000016298	0	0
ENSNBRG00000016299	0	0
ENSNBRG00000016300	0	0
ENSNBRG00000016301	0	0
ENSNBRG00000016302	0	0
ENSNBRG00000016303	0	0
ENSNBRG00000016304	0	0
ENSNBRG00000016305	0	0
ENSNBRG00000016306	0	0
ENSNBRG00000016307	0	0
ENSNBRG00000016308	0	0
ENSNBRG00000016309	0	0
ENSNBRG00000016310	0	0
ENSNBRG00000016311	0	0
ENSNBRG00000016312	0	0
ENSNBRG00000016313	0	0
ENSNBRG00000016314	0	0
ENSNBRG00000016315	0	0
ENSNBRG00000016316	2	44
ENSNBRG00000016317	0	0
ENSNBRG00000016318	714	720
ENSNBRG00000016319	0	0
ENSNBRG00000016320	20	50
ENSNBRG00000016321	0	0
ENSNBRG00000016322	0	0
ENSNBRG00000016323	0	0
ENSNBRG00000016324	0	0
ENSNBRG00000016325	0	0
ENSNBRG00000016326	47	48
ENSNBRG00000016327	0	0
ENSNBRG00000016328	0	0
ENSNBRG00000016329	0	0
ENSNBRG00000016330	0	0
ENSNBRG00000016331	0	0
ENSNBRG00000016332	0	0
ENSNBRG00000016333	10	13
ENSNBRG00000016334	0	0
ENSNBRG00000016335	0	0
ENSNBRG00000016336	0	0
ENSNBRG00000016337	0	0
ENSNBRG00000016338	0	0
ENSNBRG00000016339	0	0
ENSNBRG00000016340	176	192
ENSNBRG00000016341	0	0
ENSNBRG00000016342	0	0
ENSNBRG00000016343	0	0
ENSNBRG00000016344	0	0
ENSNBRG00000016345	0	0
ENSNBRG00000016346	133	142
ENSNBRG00000016347	0	0
ENSNBRG00000016348	31	68
ENSNBRG00000016349	0	0
ENSNBRG00000016350	0	0
ENSNBRG00000016351	0	0
ENSNBRG00000016352	0	0
ENSNBRG00000016353	0	0
ENSNBRG00000016354	0	0
ENSNBRG00000016355	0	0
ENSNBRG00000016356	0	0
ENSNBRG00000016357	0	0
ENSNBRG00000016358	0	0
ENSNBRG00000016359	0	0
ENSNBRG00000016360	0	0
ENSNBRG00000016361	35	49
ENSNBRG00000016362	22	25
ENSNBRG00000016363	38	55
ENSNBRG00000016364	0	0
ENSNBRG00000016365	0	0
ENSNBRG00000016366	0	0
ENSNBRG00000016367	0	0
ENSNBRG00000016368	0	0
ENSNBRG00000016369	0	0
ENSNBRG00000016370	0	0
ENSNBRG00000016371	0	0
ENSNBRG00000016372	0	0
ENSNBRG00000016373	0	0
ENSNBRG00000016374	20	47
ENSNBRG00000016375	0	0
ENSNBRG00000016376	0	0
ENSNBRG00000016377	0	0
ENSNBRG00000016378	0	0
ENSNBRG00000016379	0	0
ENSNBRG00000016380	0	0
ENSNBRG00000016381	0	0
ENSNBRG00000016382	0	0
ENSNBRG00000016383	0	0
ENSNBRG00000016384	241	264
ENSNBRG00000016385	0	0
ENSNBRG00000016386	0	0
ENSNBRG00000016387	0	0
ENSNBRG00000016388	0	0
ENSNBRG00000016389	1	5
ENSNBRG00000016390	0	0
ENSNBRG00000016391	0	0
ENSNBRG00000016392	0	0
ENSNBRG00000016393	0	0
ENSNBRG00000016394	0	0
ENSNBRG00000016395	0	0
ENSNBRG00000016396	0	0
ENSNBRG00000016397	0	0
ENSNBRG00000016398	0	0
ENSNBRG00000016399	0	0
ENSNBRG00000016400	0	0
ENSNBRG00000016401	0	0
ENSNBRG00000016402	345	377
ENSNBRG00000016403	0	0
ENSNBRG00000016404	0	0
ENSNBRG00000016405	0	0
ENSNBRG00000016406	0	0
ENSNBRG00000016407	0	0
ENSNBRG00000016408	0	0
ENSNBRG00000016409	46	73
ENSNBRG00000016410	0	0
ENSNBRG00000016411	0	0
ENSNBRG00000016412	0	0
ENSNBRG00000016413	0	0
ENSNBRG00000016414	0	0
ENSNBRG00000016415	0	0
ENSNBRG00000016416	0	0
ENSNBRG00000016417	0	0
ENSNBRG00000016418	0	0
ENSNBRG00000016419	0	0
ENSNBRG00000016420	0	0
ENSNBRG00000016421	0	0
ENSNBRG00000016422	0	0
ENSNBRG00000016423	0	0
ENSNBRG00000016424	0	0
ENSNBRG00000016425	0	0
ENSNBRG00000016426	0	0
ENSNBRG00000016427	0	0
ENSNBRG00000016428	0	0
ENSNBRG00000016429	0	0
ENSNBRG00000016430	0	0
ENSNBRG00000016431	0	0
ENSNBRG00000016432	0	0
ENSNBRG00000016433	0	0
ENSNBRG00000016434	0	0
ENSNBRG00000016435	0	0
ENSNBRG00000016436	0	0
ENSNBRG00000016437	0	0
ENSNBRG00000016438	0	0
ENSNBRG00000016439	0	0
ENSNBRG00000016440	0	0
ENSNBRG00000016441	0	0
ENSNBRG00000016442	0	0
ENSNBRG00000016443	0	0
ENSNBRG00000016444	0	0
ENSNBRG00000016445	0	0
ENSNBRG00000016446	0	0
ENSNBRG00000016447	0	0
ENSNBRG00000016448	0	0
ENSNBRG00000016449	0	0
ENSNBRG00000016450	0	0
ENSNBRG00000016451	237	280
ENSNBRG00000016452	0	0
ENSNBRG00000016453	0	0
ENSNBRG00000016454	0	0
ENSNBRG00000016455	0	0
ENSNBRG00000016456	426	465
ENSNBRG00000016457	0	0
ENSNBRG00000016458	74	100
ENSNBRG00000016459	0	0
ENSNBRG00000016460	0	0
ENSNBRG00000016461	250	283
ENSNBRG00000016462	0	0
ENSNBRG00000016463	0	0
ENSNBRG00000016464	0	0
ENSNBRG00000016465	0	0
ENSNBRG00000016466	0	0
ENSNBRG00000016467	0	0
ENSNBRG00000016468	0	0
ENSNBRG00000016469	0	0
ENSNBRG00000016470	218	220
ENSNBRG00000016471	0	0
ENSNBRG00000016472	2	35
ENSNBRG00000016473	0	0
ENSNBRG00000016474	0	0
ENSNBRG00000016475	0	0
ENSNBRG00000016476	0	0
ENSNBRG00000016477	1	27
ENSNBRG00000016478	0	0
ENSNBRG00000016479	0	0
ENSNBRG00000016480	0	0
ENSNBRG00000016481	0	0
ENSNBRG00000016482	0	0
ENSNBRG00000016483	0	0
ENSNBRG00000016484	0	0
ENSNBRG00000016485	0	0
ENSNBRG00000016486	0	0
ENSNBRG00000016487	0	0
ENSNBRG00000016488	0	0
ENSNBRG00000016489	0	0
ENSNBRG00000016490	0	0
ENSNBRG00000016491	0	0
ENSNBRG00000016492	0	0
ENSNBRG00000016493	0	0
ENSNBRG00000016494	30796	30836
ENSNBRG00000016495	0	0
ENSNBRG00000016496	0	0
ENSNBRG00000016497	29	62
ENSNBRG00000016498	0	0
ENSNBRG00000016499	0	0
ENSNBRG00000016500	0	0
ENSNBRG00000016501	0	0
ENSNBRG00000016502	0	0
ENSNBRG00000016503	0	0
ENSNBRG00000016504	0	0
ENSNBRG00000016505	0	0
ENSNBRG00000016506	0	0
ENSNBRG00000016507	0	0
ENSNBRG00000016508	0	0
ENSNBRG00000016509	0	0
ENSNBRG00000016510	0	0
ENSNBRG00000016511	0	0
ENSNBRG00000016512	0	0
ENSNBRG00000016513	0	0
ENSNBRG00000016514	0	0
ENSNBRG00000016515	0	0
ENSNBRG00000016516	0	0
ENSNBRG00000016517	0	0
ENSNBRG00000016518	0	0
ENSNBRG00000016519	0	0
ENSNBRG00000016520	0	0
ENSNBRG00000016521	0	0
ENSNBRG00000016522	0	0
ENSNBRG00000016523	0	0
ENSNBRG00000016524	24	45
ENSNBRG00000016525	0	0
ENSNBRG00000016526	0	0
ENSNBRG00000016527	0	0
ENSNBRG00000016528	0	0
ENSNBRG00000016529	0	0
ENSNBRG00000016530	0	0
ENSNBRG00000016531	0	0
ENSNBRG00000016532	0	0
ENSNBRG00000016533	0	0
ENSNBRG00000016534	0	0
ENSNBRG00000016535	0	0
ENSNBRG00000016536	0	0
ENSNBRG00000016537	0	0
ENSNBRG00000016538	92	103
ENSNBRG00000016539	0	0
ENSNBRG00000016540	0	0
ENSNBRG00000016541	0	0
ENSNBRG00000016542	0	0
ENSNBRG00000016543	31	66
ENSNBRG00000016544	0	0
ENSNBRG00000016545	0	0
ENSNBRG00000016546	0	0
ENSNBRG00000016547	11	13
ENSNBRG00000016548	0	0
ENSNBRG00000016549	0	0
ENSNBRG00000016550	0	0
ENSNBRG00000016551	0	0
ENSNBRG00000016552	0	0
ENSNBRG00000016553	0	0
ENSNBRG00000016554	0	0
ENSNBRG00000016555	0	0
ENSNBRG00000016556	0	0
ENSNBRG00000016557	0	0
ENSNBRG00000016558	0	0
ENSNBRG00000016559	0	0
ENSNBRG00000016560	0	0
ENSNBRG00000016561	0	0
ENSNBRG00000016562	0	0
ENSNBRG00000016563	0	0
ENSNBRG00000016564	0	0
ENSNBRG00000016565	33	63
ENSNBRG00000016566	0	0
ENSNBRG00000016567	0	0
ENSNBRG00000016568	0	0
ENSNBRG00000016569	0	0
ENSNBRG00000016570	242	255
ENSNBRG00000016571	0	0
ENSNBRG00000016572	0	0
ENSNBRG00000016573	0	0
ENSNBRG00000016574	0	0
ENSNBRG00000016575	0	0
ENSNBRG00000016576	0	0
ENSNBRG00000016577	0	0
ENSNBRG00000016578	0	0
ENSNBRG00000016579	0	0
ENSNBRG00000016580	0	0
ENSNBRG00000016581	0	0
ENSNBRG00000016582	0	0
ENSNBRG00000016583	0	0
ENSNBRG00000016584	0	0
ENSNBRG00000016585	0	0
ENSNBRG00000016586	0	0
ENSNBRG00000016587	0	0
ENSNBRG00000016588	0	0
ENSNBRG00000016589	0	0
ENSNBRG00000016590	0	0
ENSNBRG00000016591	0	0
ENSNBRG00000016592	0	0
ENSNBRG00000016593	0	0
ENSNBRG00000016594	0	0
ENSNBRG00000016595	807	836
ENSNBRG00000016596	0	0
ENSNBRG00000016597	542	582
ENSNBRG00000016598	0	0
ENSNBRG00000016599	0	0
ENSNBRG00000016600	0	0
ENSNBRG00000016601	0	0
ENSNBRG00000016602	0	0
ENSNBRG00000016603	0	0
ENSNBRG00000016604	0	0
ENSNBRG00000016605	19	23
ENSNBRG00000016606	0	0
ENSNBRG00000016607	0	0
ENSNBRG00000016608	0	0
ENSNBRG00000016609	0	0
ENSNBRG00000016610	1	12
ENSNBRG00000016611	145	149
ENSNBRG00000016612	0	0
ENSNBRG00000016613	0	0
ENSNBRG00000016614	0	0
ENSNBRG00000016615	0	0
ENSNBRG00000016616	0	0
ENSNBRG00000016617	0	0
ENSNBRG00000016618	15	41
ENSNBRG00000016619	0	0
ENSNBRG00000016620	0	0
ENSNBRG00000016621	0	0
ENSNBRG00000016622	0	0
ENSNBRG00000016623	0	0
ENSNBRG00000016624	0	0
ENSNBRG00000016625	11	12
ENSNBRG00000016626	4	23
ENSNBRG00000016627	0	0
ENSNBRG00000016628	0	0
ENSNBRG00000016629	0	0
ENSNBRG00000016630	0	0
ENSNBRG00000016631	0	0
ENSNBRG00000016632	20	61
ENSNBRG00000016633	0	0
ENSNBRG00000016634	0	0
ENSNBRG00000016635	0	0
ENSNBRG00000016636	0	0
ENSNBRG00000016637	0	0
ENSNBRG00000016638	0	0
ENSNBRG00000016639	69	80
ENSNBRG00000016640	0	0
ENSNBRG00000016641	0	0
ENSNBRG00000016642	0	0
ENSNBRG00000016643	0	0
ENSNBRG00000016644	0	0
ENSNBRG00000016645	0	0
ENSNBRG00000016646	1	39
ENSNBRG00000016647	42	53
ENSNBRG00000016648	0	0
ENSNBRG00000016649	0	0
ENSNBRG00000016650	0	0
ENSNBRG00000016651	0	0
ENSNBRG00000016652	0	0
ENSNBRG00000016653	39	78
ENSNBRG00000016654	0	0
ENSNBRG00000016655	0	0
ENSNBRG00000016656	0	0
ENSNBRG00000016657	0	0
ENSNBRG00000016658	0	0
ENSNBRG00000016659	0	0
ENSNBRG00000016660	0	0
ENSNBRG00000016661	26	30
ENSNBRG00000016662	0	0
ENSNBRG00000016663	0	0
ENSNBRG00000016664	0	0
ENSNBRG00000016665	0	0
ENSNBRG00000016666	0	0
ENSNBRG00000016667	0	0
ENSNBRG00000016668	180	195
ENSNBRG00000016669	0	0
ENSNBRG00000016670	0	0
ENSNBRG00000016671	0	0
ENSNBRG00000016672	0	0
ENSNBRG00000016673	0	0
ENSNBRG00000016674	0	0
ENSNBRG00000016675	0	0
ENSNBRG00000016676	0	0
ENSNBRG00000016677	0	0
ENSNBRG00000016678	0	0
ENSNBRG00000016679	6	25
ENSNBRG00000016680	0	0
ENSNBRG00000016681	0	0
ENSNBRG00000016682	0	0
ENSNBRG00000016683	0	0
ENSNBRG00000016684	0	0
ENSNBRG00000016685	0	0
ENSNBRG00000016686	63	71
ENSNBRG00000016687	0	0
ENSNBRG00000016688	0	0
ENSNBRG00000016689	0	0
ENSNBRG00000016690	0	0
ENSNBRG00000016691	0	0
ENSNBRG00000016692	0	0
ENSNBRG00000016693	0	0
ENSNBRG00000016694	0	0
ENSNBRG00000016695	0	0
ENSNBRG00000016696	0	0
ENSNBRG00000016697	0	0
ENSNBRG00000016698	0	0
ENSNBRG00000016699	0	0
ENSNBRG00000016700	0	0
ENSNBRG00000016701	0	0
ENSNBRG00000016702	0	0
ENSNBRG00000016703	76	78
ENSNBRG00000016704	0	0
ENSNBRG00000016705	0	0
ENSNBRG00000016706	0	0
ENSNBRG00000016707	0	0
ENSNBRG00000016708	0	0
ENSNBRG00000016709	0	0
ENSNBRG00000016710	0	0
ENSNBRG00000016711	0	0
ENSNBRG00000016712	0	0
ENSNBRG00000016713	0	0
ENSNBRG00000016714	0	0
ENSNBRG00000016715	0	0
ENSNBRG00000016716	0	0
ENSNBRG00000016717	0	0
ENSNBRG00000016718	0	0
ENSNBRG00000016719	22	43
ENSNBRG00000016720	0	0
ENSNBRG00000016721	0	0
ENSNBRG00000016722	0	0
ENSNBRG00000016723	0	0
ENSNBRG00000016724	27	34
ENSNBRG00000016725	246	271
ENSNBRG00000016726	0	0
ENSNBRG00000016727	0	0
ENSNBRG00000016728	0	0
ENSNBRG00000016729	0	0
ENSNBRG00000016730	67	107
ENSNBRG00000016731	0	0
ENSNBRG00000016732	0	0
ENSNBRG00000016733	0	0
ENSNBRG00000016734	0	0
ENSNBRG00000016735	0	0
ENSNBRG00000016736	0	0
ENSNBRG00000016737	0	0
ENSNBRG00000016738	3	15
ENSNBRG00000016739	0	0
ENSNBRG00000016740	0	0
ENSNBRG00000016741	0	0
ENSNBRG00000016742	0	0
ENSNBRG00000016743	86	92
ENSNBRG00000016744	0	0
ENSNBRG00000016745	0	0
ENSNBRG00000016746	0	0
ENSNBRG00000016747	0	0
ENSNBRG00000016748	0	0
ENSNBRG00000016749	0	0
ENSNBRG00000016750	0	0
ENSNBRG00000016751	0	0
ENSNBRG00000016752	0	0
ENSNBRG00000016753	0	0
ENSNBRG00000016754	0	0
ENSNBRG00000016755	0	0
ENSNBRG00000016756	22	50
ENSNBRG00000016757	0	0
ENSNBRG00000016758	0	0
ENSNBRG00000016759	135	173
ENSNBRG00000016760	0	0
ENSNBRG00000016761	0	0
ENSNBRG00000016762	0	0
ENSNBRG00000016763	564	579
ENSNBRG00000016764	0	0
ENSNBRG00000016765	0	0
ENSNBRG00000016766	0	0
ENSNBRG00000016767	0	0
ENSNBRG00000016768	0	0
ENSNBRG00000016769	0	0
ENSNBRG00000016770	0	0
ENSNBRG00000016771	0	0
ENSNBRG00000016772	0	0
ENSNBRG00000016773	0	0
ENSNBRG00000016774	88	114
ENSNBRG00000016775	0	0
ENSNBRG00000016776	0	0
ENSNBRG00000016777	0	0
ENSNBRG00000016778	0	0
ENSNBRG00000016779	0	0
ENSNBRG00000016780	0	0
ENSNBRG00000016781	0	0
ENSNBRG00000016782	0	0
ENSNBRG00000016783	0	0
ENSNBRG00000016784	0	0
ENSNBRG00000016785	36	53
ENSNBRG00000016786	0	0
ENSNBRG00000016787	0	0
ENSNBRG00000016788	0	0
ENSNBRG00000016789	0	0
ENSNBRG00000016790	0	0
ENSNBRG00000016791	0	0
ENSNBRG00000016792	0	0
ENSNBRG00000016793	73	106
ENSNBRG00000016794	0	0
ENSNBRG00000016795	131	172
ENSNBRG00000016796	0	0
ENSNBRG00000016797	0	0
ENSNBRG00000016798	0	0
ENSNBRG00000016799	0	0
ENSNBRG00000016800	0	0
ENSNBRG00000016801	0	0
ENSNBRG00000016802	0	0
ENSNBRG00000016803	11	43
ENSNBRG00000016804	0	0
ENSNBRG00000016805	0	0
ENSNBRG00000016806	0	0
ENSNBRG00000016807	0	0
ENSNBRG00000016808	0	0
ENSNBRG00000016809	0	0
ENSNBRG00000016810	28	63
ENSNBRG00000016811	37	66
ENSNBRG00000016812	0	0
ENSNBRG00000016813	0	0
ENSNBRG00000016814	0	0
ENSNBRG00000016815	0	0
ENSNBRG00000016816	0	0
ENSNBRG00000016817	0	0
ENSNBRG00000016818	0	0
ENSNBRG00000016819	0	0
ENSNBRG00000016820	0	0
ENSNBRG00000016821	0	0
ENSNBRG00000016822	452	488
ENSNBRG00000016823	0	0
ENSNBRG00000016824	4	37
ENSNBRG00000016825	0	0
ENSNBRG00000016826	0	0
ENSNBRG00000016827	0	0
ENSNBRG00000016828	0	0
ENSNBRG00000016829	0	0
ENSNBRG00000016830	0	0
ENSNBRG00000016831	0	0
ENSNBRG00000016832	0	0
ENSNBRG00000016833	0	0
ENSNBRG00000016834	0	0
ENSNBRG00000016835	0	0
ENSNBRG00000016836	0	0
ENSNBRG00000016837	0	0
ENSNBRG00000016838	54	74
ENSNBRG00000016839	0	0
ENSNBRG00000016840	0	0
ENSNBRG00000016841	31	68
ENSNBRG00000016842	0	0
ENSNBRG00000016843	0	0
ENSNBRG00000016844	0	0
ENSNBRG00000016845	0	0
ENSNBRG00000016846	0	0
ENSNBRG00000016847	0	0
ENSNBRG00000016848	0	0
ENSNBRG00000016849	0	0
ENSNBRG00000016850	0	0
ENSNBRG00000016851	37	39
ENSNBRG00000016852	0	0
ENSNBRG00000016853	0	0
ENSNBRG00000016854	0	0
ENSNBRG00000016855	38	44
ENSNBRG00000016856	0	0
ENSNBRG00000016857	0	0
ENSNBRG00000016858	0	0
ENSNBRG00000016859	0	0
ENSNBRG00000016860	0	0
ENSNBRG00000016861	0	0
ENSNBRG00000016862	5	43
ENSNBRG00000016863	0	0
ENSNBRG00000016864	0	0
ENSNBRG00000016865	0	0
ENSNBRG00000016866	0	0
ENSNBRG00000016867	0	0
ENSNBRG00000016868	0	0
ENSNBRG00000016869	0	0
ENSNBRG00000016870	0	0
ENSNBRG00000016871	0	0
ENSNBRG00000016872	0	0
ENSNBRG00000016873	0	0
ENSNBRG00000016874	0	0
ENSNBRG00000016875	0	0
ENSNBRG00000016876	0	0
ENSNBRG00000016877	31	53
ENSNBRG00000016878	0	0
ENSNBRG00000016879	42	68
ENSNBRG00000016880	32	50
ENSNBRG00000016881	0	0
ENSNBRG00000016882	0	0
ENSNBRG00000016883	0	0
ENSNBRG00000016884	0	0
ENSNBRG00000016885	0	0
ENSNBRG00000016886	0	0
ENSNBRG00000016887	0	0
ENSNBRG00000016888	1	40
ENSNBRG00000016889	0	0
ENSNBRG00000016890	0	0
ENSNBRG00000016891	0	0
ENSNBRG00000016892	0	0
ENSNBRG00000016893	175	191
ENSNBRG00000016894	0	0
ENSNBRG00000016895	0	0
ENSNBRG00000016896	0	0
ENSNBRG00000016897	0	0
ENSNBRG00000016898	0	0
ENSNBRG00000016899	0	0
ENSNBRG00000016900	0	0
ENSNBRG00000016901	0	0
ENSNBRG00000016902	0	0
ENSNBRG00000016903	0	0
ENSNBRG00000016904	0	0
ENSNBRG00000016905	14	56
ENSNBRG00000016906	0	0
ENSNBRG00000016907	82	94
ENSNBRG00000016908	0	0
ENSNBRG00000016909	0	0
ENSNBRG00000016910	0	0
ENSNBRG00000016911	0	0
ENSNBRG00000016912	0	0
ENSNBRG00000016913	0	0
ENSNBRG00000016914	0	0
ENSNBRG00000016915	0	0
ENSNBRG00000016916	0	0
ENSNBRG00000016917	0	0
ENSNBRG00000016918	0	0
ENSNBRG00000016919	21	45
ENSNBRG00000016920	0	0
ENSNBRG00000016921	0	0
ENSNBRG00000016922	0	0
ENSNBRG00000016923	0	0
ENSNBRG00000016924	0	0
ENSNBRG00000016925	0	0
ENSNBRG00000016926	0	0
ENSNBRG00000016927	0	0
ENSNBRG00000016928	0	0
ENSNBRG00000016929	0	0
ENSNBRG00000016930	0	0
ENSNBRG00000016931	3252	3291
ENSNBRG00000016932	0	0
ENSNBRG00000016933	0	0
ENSNBRG00000016934	0	0
ENSNBRG00000016935	0	0
ENSNBRG00000016936	0	0
ENSNBRG00000016937	0	0
ENSNBRG00000016938	0	0
ENSNBRG00000016939	0	0
ENSNBRG00000016940	0	0
ENSNBRG00000016941	0	0
ENSNBRG00000016942	0	0
ENSNBRG00000016943	1	28
ENSNBRG00000016944	16	17
ENSNBRG00000016945	0	0
ENSNBRG00000016946	0	0
ENSNBRG00000016947	13	46
ENSNBRG00000016948	18	28
ENSNBRG00000016949	0	0
ENSNBRG00000016950	0	0
ENSNBRG00000016951	0	0
ENSNBRG00000016952	0	0
ENSNBRG00000016953	0	0
ENSNBRG00000016954	0	0
ENSNBRG00000016955	0	0
ENSNBRG00000016956	0	0
ENSNBRG00000016957	50	75
ENSNBRG00000016958	0	0
ENSNBRG00000016959	0	0
ENSNBRG00000016960	0	0
ENSNBRG00000016961	0	0
ENSNBRG00000016962	0	0
ENSNBRG00000016963	0	0
ENSNBRG00000016964	0	0
ENSNBRG00000016965	0	0
ENSNBRG00000016966	0	0
ENSNBRG00000016967	0	0
ENSNBRG00000016968	0	0
ENSNBRG00000016969	0	0
ENSNBRG00000016970	0	0
ENSNBRG00000016971	0	0
ENSNBRG00000016972	0	0
ENSNBRG00000016973	0	0
ENSNBRG00000016974	0	0
ENSNBRG00000016975	0	0
ENSNBRG00000016976	0	0
ENSNBRG00000016977	0	0
ENSNBRG00000016978	0	0
ENSNBRG00000016979	0	0
ENSNBRG00000016980	0	0
ENSNBRG00000016981	26	61
ENSNBRG00000016982	0	0
ENSNBRG00000016983	6	35
ENSNBRG00000016984	0	0
ENSNBRG00000016985	0	0
ENSNBRG00000016986	0	0
ENSNBRG00000016987	0	0
ENSNBRG00000016988	0	0
ENSNBRG00000016989	1	9
ENSNBRG00000016990	0	0
ENSNBRG00000016991	0	0
ENSNBRG00000016992	0	0
ENSNBRG00000016993	0	0
ENSNBRG00000016994	0	0
ENSNBRG00000016995	60	85
ENSNBRG00000016996	0	0
ENSNBRG00000016997	0	0
ENSNBRG00000016998	0	0
ENSNBRG00000016999	1	42
ENSNBRG00000017000	0	0
ENSNBRG00000017001	0	0
ENSNBRG00000017002	0	0
ENSNBRG00000017003	0	0
ENSNBRG00000017004	0	0
ENSNBRG00000017005	0	0
ENSNBRG00000017006	0	0
ENSNBRG00000017007	0	0
ENSNBRG00000017008	0	0
ENSNBRG00000017009	0	0
ENSNBRG00000017010	0	0
ENSNBRG00000017011	0	0
ENSNBRG00000017012	0	0
ENSNBRG00000017013	0	0
ENSNBRG00000017014	0	0
ENSNBRG00000017015	0	0
ENSNBRG00000017016	0	0
ENSNBRG00000017017	0	0
ENSNBRG00000017018	2	36
ENSNBRG00000017019	10	13
ENSNBRG00000017020	0	0
ENSNBRG00000017021	45	62
ENSNBRG00000017022	0	0
ENSNBRG00000017023	0	0
ENSNBRG00000017024	0	0
ENSNBRG00000017025	0	0
ENSNBRG00000017026	0	0
ENSNBRG00000017027	0	0
ENSNBRG00000017028	0	0
ENSNBRG00000017029	0	0
ENSNBRG00000017030	0	0
ENSNBRG00000017031	0	0
ENSNBRG00000017032	0	0
ENSNBRG00000017033	37	47
ENSNBRG00000017034	927	956
ENSNBRG00000017035	0	0
ENSNBRG00000017036	136	174
ENSNBRG00000017037	0	0
ENSNBRG00000017038	0	0
ENSNBRG00000017039	0	0
ENSNBRG00000017040	0	0
ENSNBRG00000017041	0	0
ENSNBRG00000017042	0	0
ENSNBRG00000017043	0	0
ENSNBRG00000017044	0	0
ENSNBRG00000017045	0	0
ENSNBRG00000017046	0	0
ENSNBRG00000017047	0	0
ENSNBRG00000017048	0	0
ENSNBRG00000017049	0	0
ENSNBRG00000017050	0	0
ENSNBRG00000017051	0	0
ENSNBRG00000017052	0	0
ENSNBRG00000017053	0	0
ENSNBRG00000017054	0	0
ENSNBRG00000017055	26	64
ENSNBRG00000017056	0	0
ENSNBRG00000017057	0	0
ENSNBRG00000017058	0	0
ENSNBRG00000017059	0	0
ENSNBRG00000017060	0	0
ENSNBRG00000017061	0	0
ENSNBRG00000017062	0	0
ENSNBRG00000017063	0	0
ENSNBRG00000017064	0	0
ENSNBRG00000017065	0	0
ENSNBRG00000017066	0	0
ENSNBRG00000017067	0	0
ENSNBRG00000017068	0	0
ENSNBRG00000017069	19	47
ENSNBRG00000017070	0	0
ENSNBRG00000017071	0	0
ENSNBRG00000017072	148	150
ENSNBRG00000017073	0	0
ENSNBRG00000017074	1	12
ENSNBRG00000017075	0	0
ENSNBRG00000017076	0	0
ENSNBRG00000017077	0	0
ENSNBRG00000017078	12	27
ENSNBRG00000017079	0	0
ENSNBRG00000017080	0	0
ENSNBRG00000017081	0	0
ENSNBRG00000017082	0	0
ENSNBRG00000017083	0	0
ENSNBRG00000017084	0	0
ENSNBRG00000017085	0	0
ENSNBRG00000017086	0	0
ENSNBRG00000017087	0	0
ENSNBRG00000017088	0	0
ENSNBRG00000017089	1427	1462
ENSNBRG00000017090	0	0
ENSNBRG00000017091	0	0
ENSNBRG00000017092	27	49
ENSNBRG00000017093	0	0
ENSNBRG00000017094	0	0
ENSNBRG00000017095	0	0
ENSNBRG00000017096	21	47
ENSNBRG00000017097	0	0
ENSNBRG00000017098	0	0
ENSNBRG00000017099	0	0
ENSNBRG00000017100	237	264
ENSNBRG00000017101	0	0
ENSNBRG00000017102	0	0
ENSNBRG00000017103	0	0
ENSNBRG00000017104	0	0
ENSNBRG00000017105	0	0
ENSNBRG00000017106	0	0
ENSNBRG00000017107	0	0
ENSNBRG00000017108	0	0
ENSNBRG00000017109	0	0
ENSNBRG00000017110	0	0
ENSNBRG00000017111	0	0
ENSNBRG00000017112	0	0
ENSNBRG00000017113	0	0
ENSNBRG00000017114	35	44
ENSNBRG00000017115	0	0
ENSNBRG00000017116	0	0
ENSNBRG00000017117	28	39
ENSNBRG00000017118	0	0
ENSNBRG00000017119	0	0
ENSNBRG00000017120	0	0
ENSNBRG00000017121	0	0
ENSNBRG00000017122	0	0
ENSNBRG00000017123	0	0
ENSNBRG00000017124	0	0
ENSNBRG00000017125	0	0
ENSNBRG00000017126	0	0
ENSNBRG00000017127	0	0
ENSNBRG00000017128	0	0
ENSNBRG00000017129	0	0
ENSNBRG00000017130	0	0
ENSNBRG00000017131	0	0
ENSNBRG00000017132	0	0
ENSNBRG00000017133	0	0
ENSNBRG00000017134	0	0
ENSNBRG00000017135	0	0
ENSNBRG00000017136	0	0
ENSNBRG00000017137	0	0
ENSNBRG00000017138	0	0
ENSNBRG00000017139	0	0
ENSNBRG00000017140	0	0
ENSNBRG00000017141	0	0
ENSNBRG00000017142	0	0
ENSNBRG00000017143	0	0
ENSNBRG00000017144	0	0
ENSNBRG00000017145	0	0
ENSNBRG00000017146	0	0
ENSNBRG00000017147	18	42
ENSNBRG00000017148	0	0
ENSNBRG00000017149	0	0
ENSNBRG00000017150	0	0
ENSNBRG00000017151	0	0
ENSNBRG00000017152	26	32
ENSNBRG00000017153	0	0
ENSNBRG00000017154	0	0
ENSNBRG00000017155	0	0
ENSNBRG00000017156	0	0
ENSNBRG00000017157	0	0
ENSNBRG00000017158	0	0
ENSNBRG00000017159	0	0
ENSNBRG00000017160	0	0
ENSNBRG00000017161	0	0
ENSNBRG00000017162	0	0
ENSNBRG00000017163	0	0
ENSNBRG00000017164	0	0
ENSNBRG00000017165	0	0
ENSNBRG00000017166	0	0
ENSNBRG00000017167	0	0
ENSNBRG00000017168	0	0
ENSNBRG00000017169	0	0
ENSNBRG00000017170	0	0
ENSNBRG00000017171	0	0
ENSNBRG00000017172	0	0
ENSNBRG00000017173	18	53
ENSNBRG00000017174	0	0
ENSNBRG00000017175	0	0
ENSNBRG00000017176	0	0
ENSNBRG00000017177	33	43
ENSNBRG00000017178	0	0
ENSNBRG00000017179	0	0
ENSNBRG00000017180	0	0
ENSNBRG00000017181	0	0
ENSNBRG00000017182	0	0
ENSNBRG00000017183	0	0
ENSNBRG00000017184	0	0
ENSNBRG00000017185	0	0
ENSNBRG00000017186	440	459
ENSNBRG00000017187	16	36
ENSNBRG00000017188	0	0
ENSNBRG00000017189	0	0
ENSNBRG00000017190	0	0
ENSNBRG00000017191	0	0
ENSNBRG00000017192	0	0
ENSNBRG00000017193	0	0
ENSNBRG00000017194	0	0
ENSNBRG00000017195	0	0
ENSNBRG00000017196	0	0
ENSNBRG00000017197	18	22
ENSNBRG00000017198	0	0
ENSNBRG00000017199	0	0
ENSNBRG00000017200	0	0
ENSNBRG00000017201	0	0
ENSNBRG00000017202	0	0
ENSNBRG00000017203	0	0
ENSNBRG00000017204	0	0
ENSNBRG00000017205	0	0
ENSNBRG00000017206	0	0
ENSNBRG00000017207	0	0
ENSNBRG00000017208	0	0
ENSNBRG00000017209	0	0
ENSNBRG00000017210	0	0
ENSNBRG00000017211	0	0
ENSNBRG00000017212	0	0
ENSNBRG00000017213	0	0
ENSNBRG00000017214	0	0
ENSNBRG00000017215	0	0
ENSNBRG00000017216	0	0
ENSNBRG00000017217	0	0
ENSNBRG00000017218	0	0
ENSNBRG00000017219	0	0
ENSNBRG00000017220	0	0
ENSNBRG00000017221	0	0
ENSNBRG00000017222	0	0
ENSNBRG00000017223	0	0
ENSNBRG00000017224	0	0
ENSNBRG00000017225	0	0
ENSNBRG00000017226	61	80
ENSNBRG00000017227	13	16
ENSNBRG00000017228	0	0
ENSNBRG00000017229	0	0
ENSNBRG00000017230	0	0
ENSNBRG00000017231	0	0
ENSNBRG00000017232	0	0
ENSNBRG00000017233	0	0
ENSNBRG00000017234	0	0
ENSNBRG00000017235	0	0
ENSNBRG00000017236	0	0
ENSNBRG00000017237	0	0
ENSNBRG00000017238	0	0
ENSNBRG00000017239	0	0
ENSNBRG00000017240	96	127
ENSNBRG00000017241	0	0
ENSNBRG00000017242	326	361
ENSNBRG00000017243	0	0
ENSNBRG00000017244	11	49
ENSNBRG00000017245	0	0
ENSNBRG00000017246	0	0
ENSNBRG00000017247	0	0
ENSNBRG00000017248	41	49
ENSNBRG00000017249	0	0
ENSNBRG00000017250	0	0
ENSNBRG00000017251	0	0
ENSNBRG00000017252	0	0
ENSNBRG00000017253	0	0
ENSNBRG00000017254	0	0
ENSNBRG00000017255	0	0
ENSNBRG00000017256	1	43
ENSNBRG00000017257	0	0
ENSNBRG00000017258	0	0
ENSNBRG00000017259	0	0
ENSNBRG00000017260	0	0
ENSNBRG00000017261	0	0
ENSNBRG00000017262	0	0
ENSNBRG00000017263	0	0
ENSNBRG00000017264	0	0
ENSNBRG00000017265	227	252
ENSNBRG00000017266	0	0
ENSNBRG00000017267	0	0
ENSNBRG00000017268	0	0
ENSNBRG00000017269	29	69
ENSNBRG00000017270	0	0
ENSNBRG00000017271	0	0
ENSNBRG00000017272	0	0
ENSNBRG00000017273	0	0
ENSNBRG00000017274	0	0
ENSNBRG00000017275	43	68
ENSNBRG00000017276	1	19
ENSNBRG00000017277	0	0
ENSNBRG00000017278	0	0
ENSNBRG00000017279	0	0
ENSNBRG00000017280	0	0
ENSNBRG00000017281	0	0
ENSNBRG00000017282	0	0
ENSNBRG00000017283	0	0
ENSNBRG00000017284	0	0
ENSNBRG00000017285	0	0
ENSNBRG00000017286	5	16
ENSNBRG00000017287	23	50
ENSNBRG00000017288	35	46
ENSNBRG00000017289	0	0
ENSNBRG00000017290	1	25
ENSNBRG00000017291	0	0
ENSNBRG00000017292	393	415
ENSNBRG00000017293	0	0
ENSNBRG00000017294	0	0
ENSNBRG00000017295	0	0
ENSNBRG00000017296	36	73
ENSNBRG00000017297	0	0
ENSNBRG00000017298	245	272
ENSNBRG00000017299	0	0
ENSNBRG00000017300	0	0
ENSNBRG00000017301	26	62
ENSNBRG00000017302	0	0
ENSNBRG00000017303	0	0
ENSNBRG00000017304	0	0
ENSNBRG00000017305	150	190
ENSNBRG00000017306	0	0
ENSNBRG00000017307	0	0
ENSNBRG00000017308	0	0
ENSNBRG00000017309	0	0
ENSNBRG00000017310	0	0
ENSNBRG00000017311	1463	1469
ENSNBRG00000017312	0	0
ENSNBRG00000017313	0	0
ENSNBRG00000017314	1	25
ENSNBRG00000017315	0	0
ENSNBRG00000017316	0	0
ENSNBRG00000017317	0	0
ENSNBRG00000017318	0	0
ENSNBRG00000017319	51	65
ENSNBRG00000017320	0	0
ENSNBRG00000017321	0	0
ENSNBRG00000017322	0	0
ENSNBRG00000017323	0	0
ENSNBRG00000017324	0	0
ENSNBRG00000017325	0	0
ENSNBRG00000017326	0	0
ENSNBRG00000017327	0	0
ENSNBRG00000017328	0	0
ENSNBRG00000017329	0	0
ENSNBRG00000017330	0	0
ENSNBRG00000017331	0	0
ENSNBRG00000017332	0	0
ENSNBRG00000017333	0	0
ENSNBRG00000017334	0	0
ENSNBRG00000017335	0	0
ENSNBRG00000017336	0	0
ENSNBRG00000017337	0	0
ENSNBRG00000017338	0	0
ENSNBRG00000017339	0	0
ENSNBRG00000017340	0	0
ENSNBRG00000017341	0	0
ENSNBRG00000017342	0	0
ENSNBRG00000017343	0	0
ENSNBRG00000017344	0	0
ENSNBRG00000017345	0	0
ENSNBRG00000017346	100	106
ENSNBRG00000017347	0	0
ENSNBRG00000017348	4	46
ENSNBRG00000017349	0	0
ENSNBRG00000017350	0	0
ENSNBRG00000017351	164	202
ENSNBRG00000017352	0	0
ENSNBRG00000017353	0	0
ENSNBRG00000017354	0	0
ENSNBRG00000017355	0	0
ENSNBRG00000017356	0	0
ENSNBRG00000017357	0	0
ENSNBRG00000017358	0	0
ENSNBRG00000017359	0	0
ENSNBRG00000017360	0	0
ENSNBRG00000017361	0	0
ENSNBRG00000017362	0	0
ENSNBRG00000017363	0	0
ENSNBRG00000017364	0	0
ENSNBRG00000017365	0	0
ENSNBRG00000017366	0	0
ENSNBRG00000017367	0	0
ENSNBRG00000017368	0	0
ENSNBRG00000017369	0	0
ENSNBRG00000017370	0	0
ENSNBRG00000017371	0	0
ENSNBRG00000017372	0	0
ENSNBRG00000017373	22	40
ENSNBRG00000017374	0	0
ENSNBRG00000017375	0	0
ENSNBRG00000017376	0	0
ENSNBRG00000017377	0	0
ENSNBRG00000017378	0	0
ENSNBRG00000017379	0	0
ENSNBRG00000017380	0	0
ENSNBRG00000017381	0	0
ENSNBRG00000017382	0	0
ENSNBRG00000017383	0	0
ENSNBRG00000017384	0	0
ENSNBRG00000017385	0	0
ENSNBRG00000017386	0	0
ENSNBRG00000017387	0	0
ENSNBRG00000017388	0	0
ENSNBRG00000017389	0	0
ENSNBRG00000017390	0	0
ENSNBRG00000017391	11	43
ENSNBRG00000017392	54	68
ENSNBRG00000017393	0	0
ENSNBRG00000017394	0	0
ENSNBRG00000017395	0	0
ENSNBRG00000017396	0	0
ENSNBRG00000017397	0	0
ENSNBRG00000017398	0	0
ENSNBRG00000017399	0	0
ENSNBRG00000017400	0	0
ENSNBRG00000017401	0	0
ENSNBRG00000017402	0	0
ENSNBRG00000017403	0	0
ENSNBRG00000017404	0	0
ENSNBRG00000017405	0	0
ENSNBRG00000017406	0	0
ENSNBRG00000017407	0	0
ENSNBRG00000017408	0	0
ENSNBRG00000017409	0	0
ENSNBRG00000017410	0	0
ENSNBRG00000017411	67	77
ENSNBRG00000017412	0	0
ENSNBRG00000017413	0	0
ENSNBRG00000017414	0	0
ENSNBRG00000017415	0	0
ENSNBRG00000017416	375	408
ENSNBRG00000017417	22	45
ENSNBRG00000017418	0	0
ENSNBRG00000017419	0	0
ENSNBRG00000017420	2	28
ENSNBRG00000017421	0	0
ENSNBRG00000017422	28	52
ENSNBRG00000017423	0	0
ENSNBRG00000017424	28	50
ENSNBRG00000017425	0	0
ENSNBRG00000017426	0	0
ENSNBRG00000017427	0	0
ENSNBRG00000017428	75	104
ENSNBRG00000017429	0	0
ENSNBRG00000017430	0	0
ENSNBRG00000017431	0	0
ENSNBRG00000017432	16	49
ENSNBRG00000017433	0	0
ENSNBRG00000017434	0	0
ENSNBRG00000017435	878	909
ENSNBRG00000017436	0	0
ENSNBRG00000017437	0	0
ENSNBRG00000017438	0	0
ENSNBRG00000017439	28	52
ENSNBRG00000017440	0	0
ENSNBRG00000017441	0	0
ENSNBRG00000017442	0	0
ENSNBRG00000017443	0	0
ENSNBRG00000017444	0	0
ENSNBRG00000017445	0	0
ENSNBRG00000017446	0	0
ENSNBRG00000017447	51	64
ENSNBRG00000017448	0	0
ENSNBRG00000017449	0	0
ENSNBRG00000017450	0	0
ENSNBRG00000017451	0	0
ENSNBRG00000017452	0	0
ENSNBRG00000017453	0	0
ENSNBRG00000017454	0	0
ENSNBRG00000017455	0	0
ENSNBRG00000017456	39	79
ENSNBRG00000017457	0	0
ENSNBRG00000017458	0	0
ENSNBRG00000017459	0	0
ENSNBRG00000017460	0	0
ENSNBRG00000017461	0	0
ENSNBRG00000017462	0	0
ENSNBRG00000017463	167	180
ENSNBRG00000017464	0	0
ENSNBRG00000017465	0	0
ENSNBRG00000017466	0	0
ENSNBRG00000017467	0	0
ENSNBRG00000017468	34	43
ENSNBRG00000017469	0	0
ENSNBRG00000017470	0	0
ENSNBRG00000017471	0	0
ENSNBRG00000017472	0	0
ENSNBRG00000017473	0	0
ENSNBRG00000017474	0	0
ENSNBRG00000017475	0	0
ENSNBRG00000017476	0	0
ENSNBRG00000017477	37	42
ENSNBRG00000017478	1	22
ENSNBRG00000017479	0	0
ENSNBRG00000017480	0	0
ENSNBRG00000017481	0	0
ENSNBRG00000017482	0	0
ENSNBRG00000017483	0	0
ENSNBRG00000017484	0	0
ENSNBRG00000017485	0	0
ENSNBRG00000017486	0	0
ENSNBRG00000017487	0	0
ENSNBRG00000017488	0	0
ENSNBRG00000017489	0	0
ENSNBRG00000017490	0	0
ENSNBRG00000017491	0	0
ENSNBRG00000017492	0	0
ENSNBRG00000017493	0	0
ENSNBRG00000017494	0	0
ENSNBRG00000017495	0	0
ENSNBRG00000017496	0	0
ENSNBRG00000017497	0	0
ENSNBRG00000017498	0	0
ENSNBRG00000017499	0	0
ENSNBRG00000017500	206	220
ENSNBRG00000017501	0	0
ENSNBRG00000017502	0	0
ENSNBRG00000017503	32	38
ENSNBRG00000017504	0	0
ENSNBRG00000017505	0	0
ENSNBRG00000017506	0	0
ENSNBRG00000017507	0	0
ENSNBRG00000017508	0	0
ENSNBRG00000017509	95	133
ENSNBRG00000017510	0	0
ENSNBRG00000017511	0	0
ENSNBRG00000017512	0	0
ENSNBRG00000017513	0	0
ENSNBRG00000017514	0	0
ENSNBRG00000017515	2	44
ENSNBRG00000017516	0	0
ENSNBRG00000017517	0	0
ENSNBRG00000017518	0	0
ENSNBRG00000017519	0	0
ENSNBRG00000017520	0	0
ENSNBRG00000017521	0	0
ENSNBRG00000017522	0	0
ENSNBRG00000017523	0	0
ENSNBRG00000017524	0	0
ENSNBRG00000017525	27	31
ENSNBRG00000017526	0	0
ENSNBRG00000017527	0	0
ENSNBRG00000017528	0	0
ENSNBRG00000017529	0	0
ENSNBRG00000017530	101	128
ENSNBRG00000017531	0	0
ENSNBRG00000017532	0	0
ENSNBRG00000017533	0	0
ENSNBRG00000017534	0	0
ENSNBRG00000017535	0	0
ENSNBRG00000017536	0	0
ENSNBRG00000017537	0	0
ENSNBRG00000017538	0	0
ENSNBRG00000017539	0	0
ENSNBRG00000017540	0	0
ENSNBRG00000017541	0	0
ENSNBRG00000017542	0	0
ENSNBRG00000017543	0	0
ENSNBRG00000017544	0	0
ENSNBRG00000017545	0	0
ENSNBRG00000017546	55	84
ENSNBRG00000017547	0	0
ENSNBRG00000017548	0	0
ENSNBRG00000017549	28	31
ENSNBRG00000017550	0	0
ENSNBRG00000017551	0	0
ENSNBRG00000017552	0	0
ENSNBRG00000017553	24	35
ENSNBRG00000017554	0	0
ENSNBRG00000017555	0	0
ENSNBRG00000017556	0	0
ENSNBRG00000017557	0	0
ENSNBRG00000017558	168	184
ENSNBRG00000017559	0	0
ENSNBRG00000017560	0	0
ENSNBRG00000017561	0	0
ENSNBRG00000017562	0	0
ENSNBRG00000017563	0	0
ENSNBRG00000017564	0	0
ENSNBRG00000017565	0	0
ENSNBRG00000017566	0	0
ENSNBRG00000017567	0	0
ENSNBRG00000017568	0	0
ENSNBRG00000017569	97	131
ENSNBRG00000017570	41	47
ENSNBRG00000017571	77	93
ENSNBRG00000017572	342	349
ENSNBRG00000017573	0	0
ENSNBRG00000017574	0	0
ENSNBRG00000017575	0	0
ENSNBRG00000017576	0	0
ENSNBRG00000017577	0	0
ENSNBRG00000017578	0	0
ENSNBRG00000017579	0	0
ENSNBRG00000017580	0	0
ENSNBRG00000017581	0	0
ENSNBRG00000017582	0	0
ENSNBRG00000017583	0	0
ENSNBRG00000017584	0	0
ENSNBRG00000017585	0	0
ENSNBRG00000017586	0	0
ENSNBRG00000017587	0	0
ENSNBRG00000017588	0	0
ENSNBRG00000017589	0	0
ENSNBRG00000017590	0	0
ENSNBRG00000017591	0	0
ENSNBRG00000017592	0	0
ENSNBRG00000017593	0	0
ENSNBRG00000017594	0	0
ENSNBRG00000017595	59	92
ENSNBRG00000017596	33	58
ENSNBRG00000017597	0	0
ENSNBRG00000017598	0	0
ENSNBRG00000017599	0	0
ENSNBRG00000017600	1	41
ENSNBRG00000017601	0	0
ENSNBRG00000017602	0	0
ENSNBRG00000017603	0	0
ENSNBRG00000017604	0	0
ENSNBRG00000017605	0	0
ENSNBRG00000017606	21	22
ENSNBRG00000017607	0	0
ENSNBRG00000017608	0	0
ENSNBRG00000017609	104	140
ENSNBRG00000017610	0	0
ENSNBRG00000017611	4	42
ENSNBRG00000017612	0	0
ENSNBRG00000017613	13	18
ENSNBRG00000017614	0	0
ENSNBRG00000017615	0	0
ENSNBRG00000017616	79	92
ENSNBRG00000017617	1	43
ENSNBRG00000017618	0	0
ENSNBRG00000017619	0	0
ENSNBRG00000017620	0	0
ENSNBRG00000017621	0	0
ENSNBRG00000017622	0	0
ENSNBRG00000017623	0	0
ENSNBRG00000017624	0	0
ENSNBRG00000017625	0	0
ENSNBRG00000017626	0	0
ENSNBRG00000017627	0	0
ENSNBRG00000017628	0	0
ENSNBRG00000017629	0	0
ENSNBRG00000017630	0	0
ENSNBRG00000017631	0	0
ENSNBRG00000017632	0	0
ENSNBRG00000017633	0	0
ENSNBRG00000017634	0	0
ENSNBRG00000017635	0	0
ENSNBRG00000017636	0	0
ENSNBRG00000017637	0	0
ENSNBRG00000017638	0	0
ENSNBRG00000017639	0	0
ENSNBRG00000017640	0	0
ENSNBRG00000017641	0	0
ENSNBRG00000017642	0	0
ENSNBRG00000017643	0	0
ENSNBRG00000017644	0	0
ENSNBRG00000017645	31	69
ENSNBRG00000017646	0	0
ENSNBRG00000017647	0	0
ENSNBRG00000017648	0	0
ENSNBRG00000017649	0	0
ENSNBRG00000017650	0	0
ENSNBRG00000017651	0	0
ENSNBRG00000017652	94	110
ENSNBRG00000017653	0	0
ENSNBRG00000017654	0	0
ENSNBRG00000017655	0	0
ENSNBRG00000017656	0	0
ENSNBRG00000017657	0	0
ENSNBRG00000017658	0	0
ENSNBRG00000017659	0	0
ENSNBRG00000017660	0	0
ENSNBRG00000017661	0	0
ENSNBRG00000017662	0	0
ENSNBRG00000017663	0	0
ENSNBRG00000017664	0	0
ENSNBRG00000017665	0	0
ENSNBRG00000017666	0	0
ENSNBRG00000017667	0	0
ENSNBRG00000017668	0	0
ENSNBRG00000017669	0	0
ENSNBRG00000017670	0	0
ENSNBRG00000017671	0	0
ENSNBRG00000017672	0	0
ENSNBRG00000017673	0	0
ENSNBRG00000017674	0	0
ENSNBRG00000017675	0	0
ENSNBRG00000017676	0	0
ENSNBRG00000017677	0	0
ENSNBRG00000017678	0	0
ENSNBRG00000017679	0	0
ENSNBRG00000017680	0	0
ENSNBRG00000017681	16	44
ENSNBRG00000017682	0	0
ENSNBRG00000017683	0	0
ENSNBRG00000017684	0	0
ENSNBRG00000017685	0	0
ENSNBRG00000017686	0	0
ENSNBRG00000017687	0	0
ENSNBRG00000017688	0	0
ENSNBRG00000017689	0	0
ENSNBRG00000017690	0	0
ENSNBRG00000017691	0	0
ENSNBRG00000017692	0	0
ENSNBRG00000017693	0	0
ENSNBRG00000017694	0	0
ENSNBRG00000017695	0	0
ENSNBRG00000017696	0	0
ENSNBRG00000017697	0	0
ENSNBRG00000017698	0	0
ENSNBRG00000017699	0	0
ENSNBRG00000017700	0	0
ENSNBRG00000017701	0	0
ENSNBRG00000017702	0	0
ENSNBRG00000017703	0	0
ENSNBRG00000017704	0	0
ENSNBRG00000017705	0	0
ENSNBRG00000017706	0	0
ENSNBRG00000017707	0	0
ENSNBRG00000017708	0	0
ENSNBRG00000017709	0	0
ENSNBRG00000017710	0	0
ENSNBRG00000017711	0	0
ENSNBRG00000017712	0	0
ENSNBRG00000017713	0	0
ENSNBRG00000017714	0	0
ENSNBRG00000017715	0	0
ENSNBRG00000017716	0	0
ENSNBRG00000017717	0	0
ENSNBRG00000017718	0	0
ENSNBRG00000017719	0	0
ENSNBRG00000017720	0	0
ENSNBRG00000017721	0	0
ENSNBRG00000017722	0	0
ENSNBRG00000017723	0	0
ENSNBRG00000017724	0	0
ENSNBRG00000017725	0	0
ENSNBRG00000017726	0	0
ENSNBRG00000017727	0	0
ENSNBRG00000017728	0	0
ENSNBRG00000017729	16	32
ENSNBRG00000017730	0	0
ENSNBRG00000017731	0	0
ENSNBRG00000017732	0	0
ENSNBRG00000017733	0	0
ENSNBRG00000017734	0	0
ENSNBRG00000017735	0	0
ENSNBRG00000017736	0	0
ENSNBRG00000017737	0	0
ENSNBRG00000017738	0	0
ENSNBRG00000017739	0	0
ENSNBRG00000017740	0	0
ENSNBRG00000017741	0	0
ENSNBRG00000017742	0	0
ENSNBRG00000017743	0	0
ENSNBRG00000017744	0	0
ENSNBRG00000017745	0	0
ENSNBRG00000017746	0	0
ENSNBRG00000017747	19	52
ENSNBRG00000017748	1	2
ENSNBRG00000017749	0	0
ENSNBRG00000017750	9	30
ENSNBRG00000017751	0	0
ENSNBRG00000017752	0	0
ENSNBRG00000017753	0	0
ENSNBRG00000017754	0	0
ENSNBRG00000017755	0	0
ENSNBRG00000017756	0	0
ENSNBRG00000017757	0	0
ENSNBRG00000017758	0	0
ENSNBRG00000017759	0	0
ENSNBRG00000017760	0	0
ENSNBRG00000017761	0	0
ENSNBRG00000017762	0	0
ENSNBRG00000017763	0	0
ENSNBRG00000017764	0	0
ENSNBRG00000017765	0	0
ENSNBRG00000017766	0	0
ENSNBRG00000017767	0	0
ENSNBRG00000017768	0	0
ENSNBRG00000017769	0	0
ENSNBRG00000017770	0	0
ENSNBRG00000017771	0	0
ENSNBRG00000017772	0	0
ENSNBRG00000017773	0	0
ENSNBRG00000017774	0	0
ENSNBRG00000017775	0	0
ENSNBRG00000017776	0	0
ENSNBRG00000017777	0	0
ENSNBRG00000017778	0	0
ENSNBRG00000017779	0	0
ENSNBRG00000017780	0	0
ENSNBRG00000017781	0	0
ENSNBRG00000017782	0	0
ENSNBRG00000017783	36	72
ENSNBRG00000017784	0	0
ENSNBRG00000017785	0	0
ENSNBRG00000017786	0	0
ENSNBRG00000017787	0	0
ENSNBRG00000017788	0	0
ENSNBRG00000017789	0	0
ENSNBRG00000017790	0	0
ENSNBRG00000017791	0	0
ENSNBRG00000017792	242	243
ENSNBRG00000017793	0	0
ENSNBRG00000017794	0	0
ENSNBRG00000017795	0	0
ENSNBRG00000017796	0	0
ENSNBRG00000017797	0	0
ENSNBRG00000017798	0	0
ENSNBRG00000017799	0	0
ENSNBRG00000017800	0	0
ENSNBRG00000017801	0	0
ENSNBRG00000017802	0	0
ENSNBRG00000017803	0	0
ENSNBRG00000017804	0	0
ENSNBRG00000017805	0	0
ENSNBRG00000017806	0	0
ENSNBRG00000017807	0	0
ENSNBRG00000017808	37	67
ENSNBRG00000017809	0	0
ENSNBRG00000017810	0	0
ENSNBRG00000017811	0	0
ENSNBRG00000017812	40	77
ENSNBRG00000017813	0	0
ENSNBRG00000017814	0	0
ENSNBRG00000017815	0	0
ENSNBRG00000017816	0	0
ENSNBRG00000017817	0	0
ENSNBRG00000017818	0	0
ENSNBRG00000017819	0	0
ENSNBRG00000017820	0	0
ENSNBRG00000017821	0	0
ENSNBRG00000017822	0	0
ENSNBRG00000017823	0	0
ENSNBRG00000017824	0	0
ENSNBRG00000017825	0	0
ENSNBRG00000017826	0	0
ENSNBRG00000017827	0	0
ENSNBRG00000017828	0	0
ENSNBRG00000017829	0	0
ENSNBRG00000017830	0	0
ENSNBRG00000017831	0	0
ENSNBRG00000017832	0	0
ENSNBRG00000017833	0	0
ENSNBRG00000017834	59	94
ENSNBRG00000017835	0	0
ENSNBRG00000017836	0	0
ENSNBRG00000017837	0	0
ENSNBRG00000017838	8	11
ENSNBRG00000017839	0	0
ENSNBRG00000017840	0	0
ENSNBRG00000017841	0	0
ENSNBRG00000017842	0	0
ENSNBRG00000017843	0	0
ENSNBRG00000017844	0	0
ENSNBRG00000017845	0	0
ENSNBRG00000017846	0	0
ENSNBRG00000017847	0	0
ENSNBRG00000017848	0	0
ENSNBRG00000017849	0	0
ENSNBRG00000017850	145	183
ENSNBRG00000017851	0	0
ENSNBRG00000017852	0	0
ENSNBRG00000017853	0	0
ENSNBRG00000017854	0	0
ENSNBRG00000017855	0	0
ENSNBRG00000017856	0	0
ENSNBRG00000017857	0	0
ENSNBRG00000017858	0	0
ENSNBRG00000017859	0	0
ENSNBRG00000017860	0	0
ENSNBRG00000017861	0	0
ENSNBRG00000017862	0	0
ENSNBRG00000017863	0	0
ENSNBRG00000017864	0	0
ENSNBRG00000017865	0	0
ENSNBRG00000017866	0	0
ENSNBRG00000017867	0	0
ENSNBRG00000017868	0	0
ENSNBRG00000017869	0	0
ENSNBRG00000017870	0	0
ENSNBRG00000017871	0	0
ENSNBRG00000017872	0	0
ENSNBRG00000017873	0	0
ENSNBRG00000017874	0	0
ENSNBRG00000017875	0	0
ENSNBRG00000017876	21	50
ENSNBRG00000017877	101	139
ENSNBRG00000017878	0	0
ENSNBRG00000017879	0	0
ENSNBRG00000017880	0	0
ENSNBRG00000017881	0	0
ENSNBRG00000017882	0	0
ENSNBRG00000017883	0	0
ENSNBRG00000017884	0	0
ENSNBRG00000017885	0	0
ENSNBRG00000017886	0	0
ENSNBRG00000017887	0	0
ENSNBRG00000017888	1	33
ENSNBRG00000017889	0	0
ENSNBRG00000017890	1	21
ENSNBRG00000017891	0	0
ENSNBRG00000017892	0	0
ENSNBRG00000017893	0	0
ENSNBRG00000017894	76	79
ENSNBRG00000017895	0	0
ENSNBRG00000017896	0	0
ENSNBRG00000017897	0	0
ENSNBRG00000017898	0	0
ENSNBRG00000017899	0	0
ENSNBRG00000017900	1	16
ENSNBRG00000017901	0	0
ENSNBRG00000017902	35	38
ENSNBRG00000017903	0	0
ENSNBRG00000017904	0	0
ENSNBRG00000017905	0	0
ENSNBRG00000017906	0	0
ENSNBRG00000017907	0	0
ENSNBRG00000017908	0	0
ENSNBRG00000017909	0	0
ENSNBRG00000017910	0	0
ENSNBRG00000017911	0	0
ENSNBRG00000017912	0	0
ENSNBRG00000017913	0	0
ENSNBRG00000017914	50	70
ENSNBRG00000017915	0	0
ENSNBRG00000017916	0	0
ENSNBRG00000017917	0	0
ENSNBRG00000017918	0	0
ENSNBRG00000017919	0	0
ENSNBRG00000017920	0	0
ENSNBRG00000017921	0	0
ENSNBRG00000017922	68	79
ENSNBRG00000017923	0	0
ENSNBRG00000017924	154	186
ENSNBRG00000017925	0	0
ENSNBRG00000017926	0	0
ENSNBRG00000017927	0	0
ENSNBRG00000017928	0	0
ENSNBRG00000017929	24	36
ENSNBRG00000017930	0	0
ENSNBRG00000017931	0	0
ENSNBRG00000017932	25	59
ENSNBRG00000017933	0	0
ENSNBRG00000017934	0	0
ENSNBRG00000017935	0	0
ENSNBRG00000017936	47	67
ENSNBRG00000017937	0	0
ENSNBRG00000017938	0	0
ENSNBRG00000017939	0	0
ENSNBRG00000017940	0	0
ENSNBRG00000017941	0	0
ENSNBRG00000017942	36	72
ENSNBRG00000017943	0	0
ENSNBRG00000017944	0	0
ENSNBRG00000017945	0	0
ENSNBRG00000017946	0	0
ENSNBRG00000017947	194	237
ENSNBRG00000017948	0	0
ENSNBRG00000017949	0	0
ENSNBRG00000017950	0	0
ENSNBRG00000017951	0	0
ENSNBRG00000017952	0	0
ENSNBRG00000017953	0	0
ENSNBRG00000017954	0	0
ENSNBRG00000017955	159	189
ENSNBRG00000017956	0	0
ENSNBRG00000017957	0	0
ENSNBRG00000017958	0	0
ENSNBRG00000017959	0	0
ENSNBRG00000017960	30	62
ENSNBRG00000017961	0	0
ENSNBRG00000017962	0	0
ENSNBRG00000017963	0	0
ENSNBRG00000017964	0	0
ENSNBRG00000017965	0	0
ENSNBRG00000017966	0	0
ENSNBRG00000017967	0	0
ENSNBRG00000017968	0	0
ENSNBRG00000017969	0	0
ENSNBRG00000017970	0	0
ENSNBRG00000017971	68	103
ENSNBRG00000017972	0	0
ENSNBRG00000017973	202	233
ENSNBRG00000017974	0	0
ENSNBRG00000017975	0	0
ENSNBRG00000017976	0	0
ENSNBRG00000017977	12	50
ENSNBRG00000017978	0	0
ENSNBRG00000017979	0	0
ENSNBRG00000017980	0	0
ENSNBRG00000017981	0	0
ENSNBRG00000017982	0	0
ENSNBRG00000017983	0	0
ENSNBRG00000017984	20	31
ENSNBRG00000017985	0	0
ENSNBRG00000017986	0	0
ENSNBRG00000017987	0	0
ENSNBRG00000017988	0	0
ENSNBRG00000017989	0	0
ENSNBRG00000017990	0	0
ENSNBRG00000017991	0	0
ENSNBRG00000017992	107	133
ENSNBRG00000017993	0	0
ENSNBRG00000017994	0	0
ENSNBRG00000017995	0	0
ENSNBRG00000017996	0	0
ENSNBRG00000017997	0	0
ENSNBRG00000017998	0	0
ENSNBRG00000017999	0	0
ENSNBRG00000018000	5	26
ENSNBRG00000018001	0	0
ENSNBRG00000018002	0	0
ENSNBRG00000018003	0	0
ENSNBRG00000018004	37	80
ENSNBRG00000018005	48	66
ENSNBRG00000018006	0	0
ENSNBRG00000018007	0	0
ENSNBRG00000018008	0	0
ENSNBRG00000018009	0	0
ENSNBRG00000018010	0	0
ENSNBRG00000018011	0	0
ENSNBRG00000018012	0	0
ENSNBRG00000018013	36820	36854
ENSNBRG00000018014	0	0
ENSNBRG00000018015	0	0
ENSNBRG00000018016	0	0
ENSNBRG00000018017	28	68
ENSNBRG00000018018	0	0
ENSNBRG00000018019	0	0
ENSNBRG00000018020	0	0
ENSNBRG00000018021	0	0
ENSNBRG00000018022	0	0
ENSNBRG00000018023	0	0
ENSNBRG00000018024	0	0
ENSNBRG00000018025	0	0
ENSNBRG00000018026	0	0
ENSNBRG00000018027	0	0
ENSNBRG00000018028	0	0
ENSNBRG00000018029	0	0
ENSNBRG00000018030	0	0
ENSNBRG00000018031	0	0
ENSNBRG00000018032	27	70
ENSNBRG00000018033	29	69
ENSNBRG00000018034	0	0
ENSNBRG00000018035	0	0
ENSNBRG00000018036	0	0
ENSNBRG00000018037	37	72
ENSNBRG00000018038	0	0
ENSNBRG00000018039	0	0
ENSNBRG00000018040	0	0
ENSNBRG00000018041	0	0
ENSNBRG00000018042	0	0
ENSNBRG00000018043	0	0
ENSNBRG00000018044	0	0
ENSNBRG00000018045	0	0
ENSNBRG00000018046	0	0
ENSNBRG00000018047	0	0
ENSNBRG00000018048	0	0
ENSNBRG00000018049	97	117
ENSNBRG00000018050	0	0
ENSNBRG00000018051	0	0
ENSNBRG00000018052	0	0
ENSNBRG00000018053	0	0
ENSNBRG00000018054	0	0
ENSNBRG00000018055	0	0
ENSNBRG00000018056	0	0
ENSNBRG00000018057	0	0
ENSNBRG00000018058	0	0
ENSNBRG00000018059	0	0
ENSNBRG00000018060	72	111
ENSNBRG00000018061	0	0
ENSNBRG00000018062	0	0
ENSNBRG00000018063	0	0
ENSNBRG00000018064	0	0
ENSNBRG00000018065	0	0
ENSNBRG00000018066	0	0
ENSNBRG00000018067	0	0
ENSNBRG00000018068	0	0
ENSNBRG00000018069	0	0
ENSNBRG00000018070	0	0
ENSNBRG00000018071	0	0
ENSNBRG00000018072	0	0
ENSNBRG00000018073	0	0
ENSNBRG00000018074	0	0
ENSNBRG00000018075	30	72
ENSNBRG00000018076	59	92
ENSNBRG00000018077	0	0
ENSNBRG00000018078	34	62
ENSNBRG00000018079	0	0
ENSNBRG00000018080	0	0
ENSNBRG00000018081	34	49
ENSNBRG00000018082	0	0
ENSNBRG00000018083	0	0
ENSNBRG00000018084	0	0
ENSNBRG00000018085	0	0
ENSNBRG00000018086	0	0
ENSNBRG00000018087	0	0
ENSNBRG00000018088	0	0
ENSNBRG00000018089	0	0
ENSNBRG00000018090	0	0
ENSNBRG00000018091	0	0
ENSNBRG00000018092	0	0
ENSNBRG00000018093	0	0
ENSNBRG00000018094	0	0
ENSNBRG00000018095	0	0
ENSNBRG00000018096	0	0
ENSNBRG00000018097	0	0
ENSNBRG00000018098	0	0
ENSNBRG00000018099	0	0
ENSNBRG00000018100	0	0
ENSNBRG00000018101	0	0
ENSNBRG00000018102	0	0
ENSNBRG00000018103	0	0
ENSNBRG00000018104	0	0
ENSNBRG00000018105	3	4
ENSNBRG00000018106	0	0
ENSNBRG00000018107	0	0
ENSNBRG00000018108	0	0
ENSNBRG00000018109	0	0
ENSNBRG00000018110	0	0
ENSNBRG00000018111	0	0
ENSNBRG00000018112	0	0
ENSNBRG00000018113	0	0
ENSNBRG00000018114	0	0
ENSNBRG00000018115	0	0
ENSNBRG00000018116	0	0
ENSNBRG00000018117	3	45
ENSNBRG00000018118	0	0
ENSNBRG00000018119	0	0
ENSNBRG00000018120	0	0
ENSNBRG00000018121	0	0
ENSNBRG00000018122	0	0
ENSNBRG00000018123	0	0
ENSNBRG00000018124	0	0
ENSNBRG00000018125	0	0
ENSNBRG00000018126	0	0
ENSNBRG00000018127	0	0
ENSNBRG00000018128	0	0
ENSNBRG00000018129	0	0
ENSNBRG00000018130	0	0
ENSNBRG00000018131	0	0
ENSNBRG00000018132	0	0
ENSNBRG00000018133	0	0
ENSNBRG00000018134	0	0
ENSNBRG00000018135	0	0
ENSNBRG00000018136	0	0
ENSNBRG00000018137	0	0
ENSNBRG00000018138	0	0
ENSNBRG00000018139	0	0
ENSNBRG00000018140	0	0
ENSNBRG00000018141	0	0
ENSNBRG00000018142	0	0
ENSNBRG00000018143	0	0
ENSNBRG00000018144	0	0
ENSNBRG00000018145	0	0
ENSNBRG00000018146	0	0
ENSNBRG00000018147	0	0
ENSNBRG00000018148	0	0
ENSNBRG00000018149	0	0
ENSNBRG00000018150	0	0
ENSNBRG00000018151	0	0
ENSNBRG00000018152	0	0
ENSNBRG00000018153	0	0
ENSNBRG00000018154	0	0
ENSNBRG00000018155	0	0
ENSNBRG00000018156	0	0
ENSNBRG00000018157	0	0
ENSNBRG00000018158	0	0
ENSNBRG00000018159	0	0
ENSNBRG00000018160	0	0
ENSNBRG00000018161	0	0
ENSNBRG00000018162	0	0
ENSNBRG00000018163	0	0
ENSNBRG00000018164	0	0
ENSNBRG00000018165	0	0
ENSNBRG00000018166	0	0
ENSNBRG00000018167	0	0
ENSNBRG00000018168	0	0
ENSNBRG00000018169	0	0
ENSNBRG00000018170	0	0
ENSNBRG00000018171	0	0
ENSNBRG00000018172	0	0
ENSNBRG00000018173	0	0
ENSNBRG00000018174	0	0
ENSNBRG00000018175	0	0
ENSNBRG00000018176	0	0
ENSNBRG00000018177	0	0
ENSNBRG00000018178	0	0
ENSNBRG00000018179	0	0
ENSNBRG00000018180	0	0
ENSNBRG00000018181	0	0
ENSNBRG00000018182	0	0
ENSNBRG00000018183	0	0
ENSNBRG00000018184	0	0
ENSNBRG00000018185	0	0
ENSNBRG00000018186	0	0
ENSNBRG00000018187	0	0
ENSNBRG00000018188	0	0
ENSNBRG00000018189	0	0
ENSNBRG00000018190	0	0
ENSNBRG00000018191	0	0
ENSNBRG00000018192	0	0
ENSNBRG00000018193	39	63
ENSNBRG00000018194	0	0
ENSNBRG00000018195	0	0
ENSNBRG00000018196	0	0
ENSNBRG00000018197	0	0
ENSNBRG00000018198	0	0
ENSNBRG00000018199	0	0
ENSNBRG00000018200	0	0
ENSNBRG00000018201	0	0
ENSNBRG00000018202	0	0
ENSNBRG00000018203	39	64
ENSNBRG00000018204	0	0
ENSNBRG00000018205	0	0
ENSNBRG00000018206	0	0
ENSNBRG00000018207	741	749
ENSNBRG00000018208	0	0
ENSNBRG00000018209	0	0
ENSNBRG00000018210	0	0
ENSNBRG00000018211	0	0
ENSNBRG00000018212	28	51
ENSNBRG00000018213	0	0
ENSNBRG00000018214	0	0
ENSNBRG00000018215	0	0
ENSNBRG00000018216	33	57
ENSNBRG00000018217	0	0
ENSNBRG00000018218	0	0
ENSNBRG00000018219	0	0
ENSNBRG00000018220	0	0
ENSNBRG00000018221	0	0
ENSNBRG00000018222	0	0
ENSNBRG00000018223	0	0
ENSNBRG00000018224	0	0
ENSNBRG00000018225	0	0
ENSNBRG00000018226	0	0
ENSNBRG00000018227	0	0
ENSNBRG00000018228	23	34
ENSNBRG00000018229	0	0
ENSNBRG00000018230	626	654
ENSNBRG00000018231	0	0
ENSNBRG00000018232	0	0
ENSNBRG00000018233	0	0
ENSNBRG00000018234	0	0
ENSNBRG00000018235	0	0
ENSNBRG00000018236	0	0
ENSNBRG00000018237	0	0
ENSNBRG00000018238	0	0
ENSNBRG00000018239	0	0
ENSNBRG00000018240	0	0
ENSNBRG00000018241	0	0
ENSNBRG00000018242	0	0
ENSNBRG00000018243	0	0
ENSNBRG00000018244	0	0
ENSNBRG00000018245	0	0
ENSNBRG00000018246	0	0
ENSNBRG00000018247	0	0
ENSNBRG00000018248	62	87
ENSNBRG00000018249	0	0
ENSNBRG00000018250	0	0
ENSNBRG00000018251	0	0
ENSNBRG00000018252	0	0
ENSNBRG00000018253	0	0
ENSNBRG00000018254	0	0
ENSNBRG00000018255	0	0
ENSNBRG00000018256	0	0
ENSNBRG00000018257	0	0
ENSNBRG00000018258	0	0
ENSNBRG00000018259	0	0
ENSNBRG00000018260	0	0
ENSNBRG00000018261	0	0
ENSNBRG00000018262	0	0
ENSNBRG00000018263	0	0
ENSNBRG00000018264	0	0
ENSNBRG00000018265	0	0
ENSNBRG00000018266	0	0
ENSNBRG00000018267	0	0
ENSNBRG00000018268	0	0
ENSNBRG00000018269	0	0
ENSNBRG00000018270	0	0
ENSNBRG00000018271	0	0
ENSNBRG00000018272	0	0
ENSNBRG00000018273	0	0
ENSNBRG00000018274	0	0
ENSNBRG00000018275	0	0
ENSNBRG00000018276	0	0
ENSNBRG00000018277	0	0
ENSNBRG00000018278	0	0
ENSNBRG00000018279	0	0
ENSNBRG00000018280	0	0
ENSNBRG00000018281	0	0
ENSNBRG00000018282	0	0
ENSNBRG00000018283	0	0
ENSNBRG00000018284	0	0
ENSNBRG00000018285	0	0
ENSNBRG00000018286	0	0
ENSNBRG00000018287	0	0
ENSNBRG00000018288	0	0
ENSNBRG00000018289	0	0
ENSNBRG00000018290	0	0
ENSNBRG00000018291	0	0
ENSNBRG00000018292	0	0
ENSNBRG00000018293	0	0
ENSNBRG00000018294	0	0
ENSNBRG00000018295	32	39
ENSNBRG00000018296	0	0
ENSNBRG00000018297	0	0
ENSNBRG00000018298	0	0
ENSNBRG00000018299	0	0
ENSNBRG00000018300	0	0
ENSNBRG00000018301	0	0
ENSNBRG00000018302	0	0
ENSNBRG00000018303	0	0
ENSNBRG00000018304	37	74
ENSNBRG00000018305	0	0
ENSNBRG00000018306	0	0
ENSNBRG00000018307	0	0
ENSNBRG00000018308	0	0
ENSNBRG00000018309	0	0
ENSNBRG00000018310	0	0
ENSNBRG00000018311	0	0
ENSNBRG00000018312	0	0
ENSNBRG00000018313	0	0
ENSNBRG00000018314	61	70
ENSNBRG00000018315	0	0
ENSNBRG00000018316	0	0
ENSNBRG00000018317	0	0
ENSNBRG00000018318	0	0
ENSNBRG00000018319	0	0
ENSNBRG00000018320	0	0
ENSNBRG00000018321	0	0
ENSNBRG00000018322	0	0
ENSNBRG00000018323	0	0
ENSNBRG00000018324	0	0
ENSNBRG00000018325	0	0
ENSNBRG00000018326	0	0
ENSNBRG00000018327	0	0
ENSNBRG00000018328	66	90
ENSNBRG00000018329	0	0
ENSNBRG00000018330	291	331
ENSNBRG00000018331	0	0
ENSNBRG00000018332	0	0
ENSNBRG00000018333	0	0
ENSNBRG00000018334	0	0
ENSNBRG00000018335	0	0
ENSNBRG00000018336	0	0
ENSNBRG00000018337	33	49
ENSNBRG00000018338	2	15
ENSNBRG00000018339	0	0
ENSNBRG00000018340	0	0
ENSNBRG00000018341	0	0
ENSNBRG00000018342	0	0
ENSNBRG00000018343	0	0
ENSNBRG00000018344	0	0
ENSNBRG00000018345	0	0
ENSNBRG00000018346	28	31
ENSNBRG00000018347	0	0
ENSNBRG00000018348	0	0
ENSNBRG00000018349	0	0
ENSNBRG00000018350	0	0
ENSNBRG00000018351	1	10
ENSNBRG00000018352	0	0
ENSNBRG00000018353	0	0
ENSNBRG00000018354	0	0
ENSNBRG00000018355	0	0
ENSNBRG00000018356	0	0
ENSNBRG00000018357	33	62
ENSNBRG00000018358	0	0
ENSNBRG00000018359	0	0
ENSNBRG00000018360	0	0
ENSNBRG00000018361	0	0
ENSNBRG00000018362	0	0
ENSNBRG00000018363	0	0
ENSNBRG00000018364	0	0
ENSNBRG00000018365	0	0
ENSNBRG00000018366	0	0
ENSNBRG00000018367	0	0
ENSNBRG00000018368	12	17
ENSNBRG00000018369	0	0
ENSNBRG00000018370	0	0
ENSNBRG00000018371	0	0
ENSNBRG00000018372	0	0
ENSNBRG00000018373	0	0
ENSNBRG00000018374	0	0
ENSNBRG00000018375	0	0
ENSNBRG00000018376	0	0
ENSNBRG00000018377	0	0
ENSNBRG00000018378	0	0
ENSNBRG00000018379	0	0
ENSNBRG00000018380	0	0
ENSNBRG00000018381	0	0
ENSNBRG00000018382	0	0
ENSNBRG00000018383	10	18
ENSNBRG00000018384	0	0
ENSNBRG00000018385	0	0
ENSNBRG00000018386	67	79
ENSNBRG00000018387	0	0
ENSNBRG00000018388	504	506
ENSNBRG00000018389	0	0
ENSNBRG00000018390	0	0
ENSNBRG00000018391	0	0
ENSNBRG00000018392	0	0
ENSNBRG00000018393	0	0
ENSNBRG00000018394	17	21
ENSNBRG00000018395	0	0
ENSNBRG00000018396	0	0
ENSNBRG00000018397	0	0
ENSNBRG00000018398	0	0
ENSNBRG00000018399	0	0
ENSNBRG00000018400	0	0
ENSNBRG00000018401	0	0
ENSNBRG00000018402	795	807
ENSNBRG00000018403	0	0
ENSNBRG00000018404	0	0
ENSNBRG00000018405	0	0
ENSNBRG00000018406	0	0
ENSNBRG00000018407	0	0
ENSNBRG00000018408	0	0
ENSNBRG00000018409	0	0
ENSNBRG00000018410	0	0
ENSNBRG00000018411	0	0
ENSNBRG00000018412	0	0
ENSNBRG00000018413	0	0
ENSNBRG00000018414	0	0
ENSNBRG00000018415	0	0
ENSNBRG00000018416	0	0
ENSNBRG00000018417	0	0
ENSNBRG00000018418	0	0
ENSNBRG00000018419	0	0
ENSNBRG00000018420	0	0
ENSNBRG00000018421	142	168
ENSNBRG00000018422	0	0
ENSNBRG00000018423	0	0
ENSNBRG00000018424	0	0
ENSNBRG00000018425	0	0
ENSNBRG00000018426	99	133
ENSNBRG00000018427	0	0
ENSNBRG00000018428	0	0
ENSNBRG00000018429	0	0
ENSNBRG00000018430	0	0
ENSNBRG00000018431	0	0
ENSNBRG00000018432	0	0
ENSNBRG00000018433	0	0
ENSNBRG00000018434	0	0
ENSNBRG00000018435	0	0
ENSNBRG00000018436	0	0
ENSNBRG00000018437	0	0
ENSNBRG00000018438	0	0
ENSNBRG00000018439	0	0
ENSNBRG00000018440	0	0
ENSNBRG00000018441	50	72
ENSNBRG00000018442	0	0
ENSNBRG00000018443	0	0
ENSNBRG00000018444	0	0
ENSNBRG00000018445	0	0
ENSNBRG00000018446	0	0
ENSNBRG00000018447	0	0
ENSNBRG00000018448	0	0
ENSNBRG00000018449	0	0
ENSNBRG00000018450	0	0
ENSNBRG00000018451	0	0
ENSNBRG00000018452	0	0
ENSNBRG00000018453	0	0
ENSNBRG00000018454	0	0
ENSNBRG00000018455	56	92
ENSNBRG00000018456	0	0
ENSNBRG00000018457	0	0
ENSNBRG00000018458	0	0
ENSNBRG00000018459	0	0
ENSNBRG00000018460	0	0
ENSNBRG00000018461	0	0
ENSNBRG00000018462	738	766
ENSNBRG00000018463	0	0
ENSNBRG00000018464	0	0
ENSNBRG00000018465	0	0
ENSNBRG00000018466	29	67
ENSNBRG00000018467	0	0
ENSNBRG00000018468	0	0
ENSNBRG00000018469	0	0
ENSNBRG00000018470	1001	1016
ENSNBRG00000018471	0	0
ENSNBRG00000018472	0	0
ENSNBRG00000018473	0	0
ENSNBRG00000018474	0	0
ENSNBRG00000018475	0	0
ENSNBRG00000018476	0	0
ENSNBRG00000018477	0	0
ENSNBRG00000018478	259	287
ENSNBRG00000018479	123	135
ENSNBRG00000018480	0	0
ENSNBRG00000018481	0	0
ENSNBRG00000018482	0	0
ENSNBRG00000018483	0	0
ENSNBRG00000018484	0	0
ENSNBRG00000018485	241	255
ENSNBRG00000018486	0	0
ENSNBRG00000018487	0	0
ENSNBRG00000018488	0	0
ENSNBRG00000018489	0	0
ENSNBRG00000018490	43	54
ENSNBRG00000018491	0	0
ENSNBRG00000018492	0	0
ENSNBRG00000018493	0	0
ENSNBRG00000018494	0	0
ENSNBRG00000018495	0	0
ENSNBRG00000018496	0	0
ENSNBRG00000018497	0	0
ENSNBRG00000018498	0	0
ENSNBRG00000018499	0	0
ENSNBRG00000018500	0	0
ENSNBRG00000018501	0	0
ENSNBRG00000018502	0	0
ENSNBRG00000018503	0	0
ENSNBRG00000018504	0	0
ENSNBRG00000018505	0	0
ENSNBRG00000018506	0	0
ENSNBRG00000018507	0	0
ENSNBRG00000018508	39	59
ENSNBRG00000018509	24	43
ENSNBRG00000018510	0	0
ENSNBRG00000018511	0	0
ENSNBRG00000018512	0	0
ENSNBRG00000018513	0	0
ENSNBRG00000018514	0	0
ENSNBRG00000018515	0	0
ENSNBRG00000018516	0	0
ENSNBRG00000018517	32	39
ENSNBRG00000018518	0	0
ENSNBRG00000018519	0	0
ENSNBRG00000018520	0	0
ENSNBRG00000018521	0	0
ENSNBRG00000018522	0	0
ENSNBRG00000018523	0	0
ENSNBRG00000018524	0	0
ENSNBRG00000018525	0	0
ENSNBRG00000018526	0	0
ENSNBRG00000018527	0	0
ENSNBRG00000018528	0	0
ENSNBRG00000018529	0	0
ENSNBRG00000018530	0	0
ENSNBRG00000018531	0	0
ENSNBRG00000018532	0	0
ENSNBRG00000018533	0	0
ENSNBRG00000018534	0	0
ENSNBRG00000018535	0	0
ENSNBRG00000018536	0	0
ENSNBRG00000018537	0	0
ENSNBRG00000018538	0	0
ENSNBRG00000018539	0	0
ENSNBRG00000018540	0	0
ENSNBRG00000018541	0	0
ENSNBRG00000018542	0	0
ENSNBRG00000018543	0	0
ENSNBRG00000018544	0	0
ENSNBRG00000018545	0	0
ENSNBRG00000018546	0	0
ENSNBRG00000018547	0	0
ENSNBRG00000018548	0	0
ENSNBRG00000018549	0	0
ENSNBRG00000018550	0	0
ENSNBRG00000018551	0	0
ENSNBRG00000018552	0	0
ENSNBRG00000018553	0	0
ENSNBRG00000018554	0	0
ENSNBRG00000018555	0	0
ENSNBRG00000018556	0	0
ENSNBRG00000018557	0	0
ENSNBRG00000018558	0	0
ENSNBRG00000018559	0	0
ENSNBRG00000018560	0	0
ENSNBRG00000018561	0	0
ENSNBRG00000018562	0	0
ENSNBRG00000018563	0	0
ENSNBRG00000018564	120	131
ENSNBRG00000018565	0	0
ENSNBRG00000018566	0	0
ENSNBRG00000018567	0	0
ENSNBRG00000018568	0	0
ENSNBRG00000018569	507	547
ENSNBRG00000018570	0	0
ENSNBRG00000018571	0	0
ENSNBRG00000018572	0	0
ENSNBRG00000018573	41	78
ENSNBRG00000018574	0	0
ENSNBRG00000018575	0	0
ENSNBRG00000018576	0	0
ENSNBRG00000018577	0	0
ENSNBRG00000018578	0	0
ENSNBRG00000018579	0	0
ENSNBRG00000018580	0	0
ENSNBRG00000018581	0	0
ENSNBRG00000018582	0	0
ENSNBRG00000018583	0	0
ENSNBRG00000018584	0	0
ENSNBRG00000018585	0	0
ENSNBRG00000018586	0	0
ENSNBRG00000018587	0	0
ENSNBRG00000018588	0	0
ENSNBRG00000018589	0	0
ENSNBRG00000018590	0	0
ENSNBRG00000018591	0	0
ENSNBRG00000018592	0	0
ENSNBRG00000018593	0	0
ENSNBRG00000018594	0	0
ENSNBRG00000018595	0	0
ENSNBRG00000018596	0	0
ENSNBRG00000018597	1	9
ENSNBRG00000018598	10	14
ENSNBRG00000018599	0	0
ENSNBRG00000018600	0	0
ENSNBRG00000018601	42	60
ENSNBRG00000018602	0	0
ENSNBRG00000018603	0	0
ENSNBRG00000018604	0	0
ENSNBRG00000018605	0	0
ENSNBRG00000018606	0	0
ENSNBRG00000018607	0	0
ENSNBRG00000018608	0	0
ENSNBRG00000018609	0	0
ENSNBRG00000018610	0	0
ENSNBRG00000018611	0	0
ENSNBRG00000018612	0	0
ENSNBRG00000018613	0	0
ENSNBRG00000018614	0	0
ENSNBRG00000018615	0	0
ENSNBRG00000018616	0	0
ENSNBRG00000018617	0	0
ENSNBRG00000018618	49	71
ENSNBRG00000018619	0	0
ENSNBRG00000018620	0	0
ENSNBRG00000018621	0	0
ENSNBRG00000018622	0	0
ENSNBRG00000018623	0	0
ENSNBRG00000018624	0	0
ENSNBRG00000018625	0	0
ENSNBRG00000018626	0	0
ENSNBRG00000018627	0	0
ENSNBRG00000018628	0	0
ENSNBRG00000018629	0	0
ENSNBRG00000018630	0	0
ENSNBRG00000018631	0	0
ENSNBRG00000018632	0	0
ENSNBRG00000018633	0	0
ENSNBRG00000018634	0	0
ENSNBRG00000018635	0	0
ENSNBRG00000018636	0	0
ENSNBRG00000018637	0	0
ENSNBRG00000018638	0	0
ENSNBRG00000018639	0	0
ENSNBRG00000018640	0	0
ENSNBRG00000018641	0	0
ENSNBRG00000018642	0	0
ENSNBRG00000018643	0	0
ENSNBRG00000018644	0	0
ENSNBRG00000018645	0	0
ENSNBRG00000018646	187	225
ENSNBRG00000018647	0	0
ENSNBRG00000018648	0	0
ENSNBRG00000018649	0	0
ENSNBRG00000018650	0	0
ENSNBRG00000018651	0	0
ENSNBRG00000018652	0	0
ENSNBRG00000018653	0	0
ENSNBRG00000018654	0	0
ENSNBRG00000018655	0	0
ENSNBRG00000018656	0	0
ENSNBRG00000018657	340	352
ENSNBRG00000018658	0	0
ENSNBRG00000018659	0	0
ENSNBRG00000018660	0	0
ENSNBRG00000018661	18	41
ENSNBRG00000018662	0	0
ENSNBRG00000018663	0	0
ENSNBRG00000018664	0	0
ENSNBRG00000018665	91	124
ENSNBRG00000018666	0	0
ENSNBRG00000018667	0	0
ENSNBRG00000018668	0	0
ENSNBRG00000018669	288	329
ENSNBRG00000018670	0	0
ENSNBRG00000018671	0	0
ENSNBRG00000018672	0	0
ENSNBRG00000018673	0	0
ENSNBRG00000018674	6	41
ENSNBRG00000018675	0	0
ENSNBRG00000018676	0	0
ENSNBRG00000018677	0	0
ENSNBRG00000018678	0	0
ENSNBRG00000018679	0	0
ENSNBRG00000018680	0	0
ENSNBRG00000018681	0	0
ENSNBRG00000018682	0	0
ENSNBRG00000018683	0	0
ENSNBRG00000018684	0	0
ENSNBRG00000018685	0	0
ENSNBRG00000018686	0	0
ENSNBRG00000018687	0	0
ENSNBRG00000018688	0	0
ENSNBRG00000018689	0	0
ENSNBRG00000018690	10	27
ENSNBRG00000018691	35	73
ENSNBRG00000018692	0	0
ENSNBRG00000018693	0	0
ENSNBRG00000018694	0	0
ENSNBRG00000018695	22	53
ENSNBRG00000018696	9	43
ENSNBRG00000018697	0	0
ENSNBRG00000018698	16	57
ENSNBRG00000018699	0	0
ENSNBRG00000018700	0	0
ENSNBRG00000018701	0	0
ENSNBRG00000018702	0	0
ENSNBRG00000018703	0	0
ENSNBRG00000018704	0	0
ENSNBRG00000018705	0	0
ENSNBRG00000018706	172	193
ENSNBRG00000018707	29	52
ENSNBRG00000018708	0	0
ENSNBRG00000018709	0	0
ENSNBRG00000018710	0	0
ENSNBRG00000018711	0	0
ENSNBRG00000018712	0	0
ENSNBRG00000018713	0	0
ENSNBRG00000018714	0	0
ENSNBRG00000018715	0	0
ENSNBRG00000018716	0	0
ENSNBRG00000018717	0	0
ENSNBRG00000018718	0	0
ENSNBRG00000018719	0	0
ENSNBRG00000018720	0	0
ENSNBRG00000018721	0	0
ENSNBRG00000018722	0	0
ENSNBRG00000018723	0	0
ENSNBRG00000018724	0	0
ENSNBRG00000018725	0	0
ENSNBRG00000018726	0	0
ENSNBRG00000018727	0	0
ENSNBRG00000018728	0	0
ENSNBRG00000018729	0	0
ENSNBRG00000018730	61	67
ENSNBRG00000018731	4256	4258
ENSNBRG00000018732	0	0
ENSNBRG00000018733	0	0
ENSNBRG00000018734	0	0
ENSNBRG00000018735	0	0
ENSNBRG00000018736	0	0
ENSNBRG00000018737	0	0
ENSNBRG00000018738	0	0
ENSNBRG00000018739	0	0
ENSNBRG00000018740	0	0
ENSNBRG00000018741	0	0
ENSNBRG00000018742	0	0
ENSNBRG00000018743	0	0
ENSNBRG00000018744	0	0
ENSNBRG00000018745	1	27
ENSNBRG00000018746	0	0
ENSNBRG00000018747	0	0
ENSNBRG00000018748	0	0
ENSNBRG00000018749	0	0
ENSNBRG00000018750	0	0
ENSNBRG00000018751	0	0
ENSNBRG00000018752	0	0
ENSNBRG00000018753	0	0
ENSNBRG00000018754	0	0
ENSNBRG00000018755	0	0
ENSNBRG00000018756	0	0
ENSNBRG00000018757	0	0
ENSNBRG00000018758	0	0
ENSNBRG00000018759	0	0
ENSNBRG00000018760	0	0
ENSNBRG00000018761	0	0
ENSNBRG00000018762	0	0
ENSNBRG00000018763	0	0
ENSNBRG00000018764	0	0
ENSNBRG00000018765	0	0
ENSNBRG00000018766	145	174
ENSNBRG00000018767	0	0
ENSNBRG00000018768	0	0
ENSNBRG00000018769	0	0
ENSNBRG00000018770	0	0
ENSNBRG00000018771	0	0
ENSNBRG00000018772	0	0
ENSNBRG00000018773	0	0
ENSNBRG00000018774	0	0
ENSNBRG00000018775	0	0
ENSNBRG00000018776	0	0
ENSNBRG00000018777	0	0
ENSNBRG00000018778	0	0
ENSNBRG00000018779	0	0
ENSNBRG00000018780	0	0
ENSNBRG00000018781	0	0
ENSNBRG00000018782	0	0
ENSNBRG00000018783	0	0
ENSNBRG00000018784	0	0
ENSNBRG00000018785	0	0
ENSNBRG00000018786	0	0
ENSNBRG00000018787	0	0
ENSNBRG00000018788	0	0
ENSNBRG00000018789	0	0
ENSNBRG00000018790	0	0
ENSNBRG00000018791	0	0
ENSNBRG00000018792	0	0
ENSNBRG00000018793	0	0
ENSNBRG00000018794	0	0
ENSNBRG00000018795	2	22
ENSNBRG00000018796	0	0
ENSNBRG00000018797	0	0
ENSNBRG00000018798	0	0
ENSNBRG00000018799	0	0
ENSNBRG00000018800	0	0
ENSNBRG00000018801	0	0
ENSNBRG00000018802	0	0
ENSNBRG00000018803	0	0
ENSNBRG00000018804	0	0
ENSNBRG00000018805	0	0
ENSNBRG00000018806	85	110
ENSNBRG00000018807	0	0
ENSNBRG00000018808	0	0
ENSNBRG00000018809	6	8
ENSNBRG00000018810	0	0
ENSNBRG00000018811	0	0
ENSNBRG00000018812	0	0
ENSNBRG00000018813	0	0
ENSNBRG00000018814	0	0
ENSNBRG00000018815	0	0
ENSNBRG00000018816	0	0
ENSNBRG00000018817	0	0
ENSNBRG00000018818	21	29
ENSNBRG00000018819	0	0
ENSNBRG00000018820	0	0
ENSNBRG00000018821	0	0
ENSNBRG00000018822	0	0
ENSNBRG00000018823	0	0
ENSNBRG00000018824	0	0
ENSNBRG00000018825	0	0
ENSNBRG00000018826	0	0
ENSNBRG00000018827	0	0
ENSNBRG00000018828	0	0
ENSNBRG00000018829	0	0
ENSNBRG00000018830	0	0
ENSNBRG00000018831	0	0
ENSNBRG00000018832	0	0
ENSNBRG00000018833	0	0
ENSNBRG00000018834	0	0
ENSNBRG00000018835	0	0
ENSNBRG00000018836	35	38
ENSNBRG00000018837	0	0
ENSNBRG00000018838	0	0
ENSNBRG00000018839	0	0
ENSNBRG00000018840	0	0
ENSNBRG00000018841	0	0
ENSNBRG00000018842	0	0
ENSNBRG00000018843	0	0
ENSNBRG00000018844	0	0
ENSNBRG00000018845	0	0
ENSNBRG00000018846	0	0
ENSNBRG00000018847	0	0
ENSNBRG00000018848	0	0
ENSNBRG00000018849	0	0
ENSNBRG00000018850	0	0
ENSNBRG00000018851	0	0
ENSNBRG00000018852	0	0
ENSNBRG00000018853	0	0
ENSNBRG00000018854	0	0
ENSNBRG00000018855	0	0
ENSNBRG00000018856	0	0
ENSNBRG00000018857	0	0
ENSNBRG00000018858	0	0
ENSNBRG00000018859	0	0
ENSNBRG00000018860	31	71
ENSNBRG00000018861	0	0
ENSNBRG00000018862	0	0
ENSNBRG00000018863	19	54
ENSNBRG00000018864	0	0
ENSNBRG00000018865	30	53
ENSNBRG00000018866	0	0
ENSNBRG00000018867	0	0
ENSNBRG00000018868	0	0
ENSNBRG00000018869	0	0
ENSNBRG00000018870	0	0
ENSNBRG00000018871	0	0
ENSNBRG00000018872	0	0
ENSNBRG00000018873	0	0
ENSNBRG00000018874	0	0
ENSNBRG00000018875	0	0
ENSNBRG00000018876	0	0
ENSNBRG00000018877	0	0
ENSNBRG00000018878	0	0
ENSNBRG00000018879	0	0
ENSNBRG00000018880	0	0
ENSNBRG00000018881	0	0
ENSNBRG00000018882	0	0
ENSNBRG00000018883	0	0
ENSNBRG00000018884	0	0
ENSNBRG00000018885	0	0
ENSNBRG00000018886	0	0
ENSNBRG00000018887	0	0
ENSNBRG00000018888	0	0
ENSNBRG00000018889	0	0
ENSNBRG00000018890	0	0
ENSNBRG00000018891	0	0
ENSNBRG00000018892	0	0
ENSNBRG00000018893	0	0
ENSNBRG00000018894	0	0
ENSNBRG00000018895	0	0
ENSNBRG00000018896	0	0
ENSNBRG00000018897	0	0
ENSNBRG00000018898	27	42
ENSNBRG00000018899	1	37
ENSNBRG00000018900	0	0
ENSNBRG00000018901	0	0
ENSNBRG00000018902	0	0
ENSNBRG00000018903	0	0
ENSNBRG00000018904	0	0
ENSNBRG00000018905	0	0
ENSNBRG00000018906	0	0
ENSNBRG00000018907	0	0
ENSNBRG00000018908	0	0
ENSNBRG00000018909	0	0
ENSNBRG00000018910	0	0
ENSNBRG00000018911	0	0
ENSNBRG00000018912	0	0
ENSNBRG00000018913	0	0
ENSNBRG00000018914	0	0
ENSNBRG00000018915	0	0
ENSNBRG00000018916	0	0
ENSNBRG00000018917	0	0
ENSNBRG00000018918	0	0
ENSNBRG00000018919	0	0
ENSNBRG00000018920	0	0
ENSNBRG00000018921	121	126
ENSNBRG00000018922	0	0
ENSNBRG00000018923	0	0
ENSNBRG00000018924	0	0
ENSNBRG00000018925	29	47
ENSNBRG00000018926	0	0
ENSNBRG00000018927	0	0
ENSNBRG00000018928	0	0
ENSNBRG00000018929	0	0
ENSNBRG00000018930	0	0
ENSNBRG00000018931	0	0
ENSNBRG00000018932	0	0
ENSNBRG00000018933	0	0
ENSNBRG00000018934	0	0
ENSNBRG00000018935	0	0
ENSNBRG00000018936	0	0
ENSNBRG00000018937	0	0
ENSNBRG00000018938	0	0
ENSNBRG00000018939	0	0
ENSNBRG00000018940	0	0
ENSNBRG00000018941	0	0
ENSNBRG00000018942	0	0
ENSNBRG00000018943	0	0
ENSNBRG00000018944	0	0
ENSNBRG00000018945	0	0
ENSNBRG00000018946	0	0
ENSNBRG00000018947	0	0
ENSNBRG00000018948	0	0
ENSNBRG00000018949	0	0
ENSNBRG00000018950	0	0
ENSNBRG00000018951	0	0
ENSNBRG00000018952	31	46
ENSNBRG00000018953	0	0
ENSNBRG00000018954	0	0
ENSNBRG00000018955	0	0
ENSNBRG00000018956	0	0
ENSNBRG00000018957	0	0
ENSNBRG00000018958	0	0
ENSNBRG00000018959	0	0
ENSNBRG00000018960	63	103
ENSNBRG00000018961	0	0
ENSNBRG00000018962	0	0
ENSNBRG00000018963	0	0
ENSNBRG00000018964	0	0
ENSNBRG00000018965	0	0
ENSNBRG00000018966	0	0
ENSNBRG00000018967	0	0
ENSNBRG00000018968	0	0
ENSNBRG00000018969	0	0
ENSNBRG00000018970	0	0
ENSNBRG00000018971	0	0
ENSNBRG00000018972	0	0
ENSNBRG00000018973	0	0
ENSNBRG00000018974	0	0
ENSNBRG00000018975	0	0
ENSNBRG00000018976	7	35
ENSNBRG00000018977	0	0
ENSNBRG00000018978	0	0
ENSNBRG00000018979	0	0
ENSNBRG00000018980	0	0
ENSNBRG00000018981	0	0
ENSNBRG00000018982	0	0
ENSNBRG00000018983	0	0
ENSNBRG00000018984	0	0
ENSNBRG00000018985	1	36
ENSNBRG00000018986	0	0
ENSNBRG00000018987	0	0
ENSNBRG00000018988	0	0
ENSNBRG00000018989	0	0
ENSNBRG00000018990	0	0
ENSNBRG00000018991	0	0
ENSNBRG00000018992	0	0
ENSNBRG00000018993	0	0
ENSNBRG00000018994	0	0
ENSNBRG00000018995	0	0
ENSNBRG00000018996	0	0
ENSNBRG00000018997	0	0
ENSNBRG00000018998	0	0
ENSNBRG00000018999	0	0
ENSNBRG00000019000	0	0
ENSNBRG00000019001	0	0
ENSNBRG00000019002	0	0
ENSNBRG00000019003	0	0
ENSNBRG00000019004	0	0
ENSNBRG00000019005	0	0
ENSNBRG00000019006	0	0
ENSNBRG00000019007	0	0
ENSNBRG00000019008	0	0
ENSNBRG00000019009	41	83
ENSNBRG00000019010	0	0
ENSNBRG00000019011	345	376
ENSNBRG00000019012	0	0
ENSNBRG00000019013	0	0
ENSNBRG00000019014	0	0
ENSNBRG00000019015	0	0
ENSNBRG00000019016	0	0
ENSNBRG00000019017	0	0
ENSNBRG00000019018	0	0
ENSNBRG00000019019	0	0
ENSNBRG00000019020	0	0
ENSNBRG00000019021	0	0
ENSNBRG00000019022	0	0
ENSNBRG00000019023	6	22
ENSNBRG00000019024	0	0
ENSNBRG00000019025	0	0
ENSNBRG00000019026	0	0
ENSNBRG00000019027	0	0
ENSNBRG00000019028	0	0
ENSNBRG00000019029	746	776
ENSNBRG00000019030	251	254
ENSNBRG00000019031	0	0
ENSNBRG00000019032	0	0
ENSNBRG00000019033	0	0
ENSNBRG00000019034	0	0
ENSNBRG00000019035	0	0
ENSNBRG00000019036	0	0
ENSNBRG00000019037	0	0
ENSNBRG00000019038	0	0
ENSNBRG00000019039	0	0
ENSNBRG00000019040	321	340
ENSNBRG00000019041	0	0
ENSNBRG00000019042	0	0
ENSNBRG00000019043	32	49
ENSNBRG00000019044	88	115
ENSNBRG00000019045	0	0
ENSNBRG00000019046	0	0
ENSNBRG00000019047	0	0
ENSNBRG00000019048	0	0
ENSNBRG00000019049	0	0
ENSNBRG00000019050	0	0
ENSNBRG00000019051	337	378
ENSNBRG00000019052	0	0
ENSNBRG00000019053	0	0
ENSNBRG00000019054	0	0
ENSNBRG00000019055	0	0
ENSNBRG00000019056	879	919
ENSNBRG00000019057	12	42
ENSNBRG00000019058	0	0
ENSNBRG00000019059	0	0
ENSNBRG00000019060	0	0
ENSNBRG00000019061	0	0
ENSNBRG00000019062	1	36
ENSNBRG00000019063	0	0
ENSNBRG00000019064	0	0
ENSNBRG00000019065	0	0
ENSNBRG00000019066	0	0
ENSNBRG00000019067	0	0
ENSNBRG00000019068	0	0
ENSNBRG00000019069	0	0
ENSNBRG00000019070	0	0
ENSNBRG00000019071	0	0
ENSNBRG00000019072	0	0
ENSNBRG00000019073	0	0
ENSNBRG00000019074	0	0
ENSNBRG00000019075	0	0
ENSNBRG00000019076	8	24
ENSNBRG00000019077	0	0
ENSNBRG00000019078	14	17
ENSNBRG00000019079	0	0
ENSNBRG00000019080	0	0
ENSNBRG00000019081	0	0
ENSNBRG00000019082	0	0
ENSNBRG00000019083	0	0
ENSNBRG00000019084	0	0
ENSNBRG00000019085	0	0
ENSNBRG00000019086	0	0
ENSNBRG00000019087	0	0
ENSNBRG00000019088	0	0
ENSNBRG00000019089	0	0
ENSNBRG00000019090	0	0
ENSNBRG00000019091	0	0
ENSNBRG00000019092	28	32
ENSNBRG00000019093	86	101
ENSNBRG00000019094	52	88
ENSNBRG00000019095	0	0
ENSNBRG00000019096	0	0
ENSNBRG00000019097	0	0
ENSNBRG00000019098	0	0
ENSNBRG00000019099	0	0
ENSNBRG00000019100	0	0
ENSNBRG00000019101	0	0
ENSNBRG00000019102	0	0
ENSNBRG00000019103	0	0
ENSNBRG00000019104	0	0
ENSNBRG00000019105	0	0
ENSNBRG00000019106	0	0
ENSNBRG00000019107	0	0
ENSNBRG00000019108	0	0
ENSNBRG00000019109	27	32
ENSNBRG00000019110	0	0
ENSNBRG00000019111	0	0
ENSNBRG00000019112	0	0
ENSNBRG00000019113	0	0
ENSNBRG00000019114	0	0
ENSNBRG00000019115	0	0
ENSNBRG00000019116	0	0
ENSNBRG00000019117	0	0
ENSNBRG00000019118	0	0
ENSNBRG00000019119	0	0
ENSNBRG00000019120	0	0
ENSNBRG00000019121	37	43
ENSNBRG00000019122	0	0
ENSNBRG00000019123	0	0
ENSNBRG00000019124	0	0
ENSNBRG00000019125	0	0
ENSNBRG00000019126	24	52
ENSNBRG00000019127	0	0
ENSNBRG00000019128	0	0
ENSNBRG00000019129	0	0
ENSNBRG00000019130	0	0
ENSNBRG00000019131	0	0
ENSNBRG00000019132	0	0
ENSNBRG00000019133	0	0
ENSNBRG00000019134	615	636
ENSNBRG00000019135	0	0
ENSNBRG00000019136	0	0
ENSNBRG00000019137	0	0
ENSNBRG00000019138	0	0
ENSNBRG00000019139	0	0
ENSNBRG00000019140	0	0
ENSNBRG00000019141	0	0
ENSNBRG00000019142	0	0
ENSNBRG00000019143	0	0
ENSNBRG00000019144	0	0
ENSNBRG00000019145	29	51
ENSNBRG00000019146	33	72
ENSNBRG00000019147	0	0
ENSNBRG00000019148	0	0
ENSNBRG00000019149	0	0
ENSNBRG00000019150	39	57
ENSNBRG00000019151	0	0
ENSNBRG00000019152	0	0
ENSNBRG00000019153	0	0
ENSNBRG00000019154	0	0
ENSNBRG00000019155	0	0
ENSNBRG00000019156	0	0
ENSNBRG00000019157	0	0
ENSNBRG00000019158	14	16
ENSNBRG00000019159	0	0
ENSNBRG00000019160	0	0
ENSNBRG00000019161	0	0
ENSNBRG00000019162	0	0
ENSNBRG00000019163	0	0
ENSNBRG00000019164	0	0
ENSNBRG00000019165	0	0
ENSNBRG00000019166	0	0
ENSNBRG00000019167	0	0
ENSNBRG00000019168	2	36
ENSNBRG00000019169	0	0
ENSNBRG00000019170	0	0
ENSNBRG00000019171	0	0
ENSNBRG00000019172	33	73
ENSNBRG00000019173	0	0
ENSNBRG00000019174	0	0
ENSNBRG00000019175	55	66
ENSNBRG00000019176	430	454
ENSNBRG00000019177	0	0
ENSNBRG00000019178	0	0
ENSNBRG00000019179	0	0
ENSNBRG00000019180	0	0
ENSNBRG00000019181	0	0
ENSNBRG00000019182	0	0
ENSNBRG00000019183	0	0
ENSNBRG00000019184	0	0
ENSNBRG00000019185	0	0
ENSNBRG00000019186	0	0
ENSNBRG00000019187	0	0
ENSNBRG00000019188	0	0
ENSNBRG00000019189	0	0
ENSNBRG00000019190	0	0
ENSNBRG00000019191	0	0
ENSNBRG00000019192	0	0
ENSNBRG00000019193	13	17
ENSNBRG00000019194	0	0
ENSNBRG00000019195	0	0
ENSNBRG00000019196	0	0
ENSNBRG00000019197	0	0
ENSNBRG00000019198	4	22
ENSNBRG00000019199	0	0
ENSNBRG00000019200	0	0
ENSNBRG00000019201	0	0
ENSNBRG00000019202	1177	1215
ENSNBRG00000019203	0	0
ENSNBRG00000019204	0	0
ENSNBRG00000019205	0	0
ENSNBRG00000019206	0	0
ENSNBRG00000019207	0	0
ENSNBRG00000019208	0	0
ENSNBRG00000019209	0	0
ENSNBRG00000019210	0	0
ENSNBRG00000019211	30	55
ENSNBRG00000019212	0	0
ENSNBRG00000019213	0	0
ENSNBRG00000019214	0	0
ENSNBRG00000019215	0	0
ENSNBRG00000019216	0	0
ENSNBRG00000019217	0	0
ENSNBRG00000019218	1	21
ENSNBRG00000019219	0	0
ENSNBRG00000019220	0	0
ENSNBRG00000019221	0	0
ENSNBRG00000019222	0	0
ENSNBRG00000019223	0	0
ENSNBRG00000019224	0	0
ENSNBRG00000019225	0	0
ENSNBRG00000019226	0	0
ENSNBRG00000019227	0	0
ENSNBRG00000019228	0	0
ENSNBRG00000019229	0	0
ENSNBRG00000019230	0	0
ENSNBRG00000019231	0	0
ENSNBRG00000019232	0	0
ENSNBRG00000019233	0	0
ENSNBRG00000019234	0	0
ENSNBRG00000019235	0	0
ENSNBRG00000019236	0	0
ENSNBRG00000019237	672	704
ENSNBRG00000019238	0	0
ENSNBRG00000019239	10	16
ENSNBRG00000019240	0	0
ENSNBRG00000019241	0	0
ENSNBRG00000019242	0	0
ENSNBRG00000019243	0	0
ENSNBRG00000019244	0	0
ENSNBRG00000019245	0	0
ENSNBRG00000019246	0	0
ENSNBRG00000019247	0	0
ENSNBRG00000019248	0	0
ENSNBRG00000019249	0	0
ENSNBRG00000019250	0	0
ENSNBRG00000019251	0	0
ENSNBRG00000019252	0	0
ENSNBRG00000019253	0	0
ENSNBRG00000019254	0	0
ENSNBRG00000019255	0	0
ENSNBRG00000019256	0	0
ENSNBRG00000019257	0	0
ENSNBRG00000019258	0	0
ENSNBRG00000019259	0	0
ENSNBRG00000019260	0	0
ENSNBRG00000019261	0	0
ENSNBRG00000019262	0	0
ENSNBRG00000019263	0	0
ENSNBRG00000019264	0	0
ENSNBRG00000019265	0	0
ENSNBRG00000019266	150	183
ENSNBRG00000019267	0	0
ENSNBRG00000019268	0	0
ENSNBRG00000019269	0	0
ENSNBRG00000019270	75	106
ENSNBRG00000019271	103	138
ENSNBRG00000019272	0	0
ENSNBRG00000019273	0	0
ENSNBRG00000019274	0	0
ENSNBRG00000019275	0	0
ENSNBRG00000019276	0	0
ENSNBRG00000019277	0	0
ENSNBRG00000019278	0	0
ENSNBRG00000019279	0	0
ENSNBRG00000019280	0	0
ENSNBRG00000019281	0	0
ENSNBRG00000019282	0	0
ENSNBRG00000019283	0	0
ENSNBRG00000019284	0	0
ENSNBRG00000019285	0	0
ENSNBRG00000019286	0	0
ENSNBRG00000019287	34	39
ENSNBRG00000019288	0	0
ENSNBRG00000019289	0	0
ENSNBRG00000019290	0	0
ENSNBRG00000019291	0	0
ENSNBRG00000019292	0	0
ENSNBRG00000019293	0	0
ENSNBRG00000019294	0	0
ENSNBRG00000019295	0	0
ENSNBRG00000019296	0	0
ENSNBRG00000019297	0	0
ENSNBRG00000019298	0	0
ENSNBRG00000019299	0	0
ENSNBRG00000019300	0	0
ENSNBRG00000019301	0	0
ENSNBRG00000019302	0	0
ENSNBRG00000019303	0	0
ENSNBRG00000019304	0	0
ENSNBRG00000019305	0	0
ENSNBRG00000019306	0	0
ENSNBRG00000019307	0	0
ENSNBRG00000019308	0	0
ENSNBRG00000019309	0	0
ENSNBRG00000019310	0	0
ENSNBRG00000019311	0	0
ENSNBRG00000019312	0	0
ENSNBRG00000019313	0	0
ENSNBRG00000019314	0	0
ENSNBRG00000019315	0	0
ENSNBRG00000019316	0	0
ENSNBRG00000019317	0	0
ENSNBRG00000019318	0	0
ENSNBRG00000019319	0	0
ENSNBRG00000019320	0	0
ENSNBRG00000019321	0	0
ENSNBRG00000019322	0	0
ENSNBRG00000019323	49	58
ENSNBRG00000019324	0	0
ENSNBRG00000019325	192	204
ENSNBRG00000019326	66	98
ENSNBRG00000019327	0	0
ENSNBRG00000019328	0	0
ENSNBRG00000019329	83	116
ENSNBRG00000019330	0	0
ENSNBRG00000019331	30	65
ENSNBRG00000019332	0	0
ENSNBRG00000019333	0	0
ENSNBRG00000019334	0	0
ENSNBRG00000019335	0	0
ENSNBRG00000019336	0	0
ENSNBRG00000019337	0	0
ENSNBRG00000019338	0	0
ENSNBRG00000019339	0	0
ENSNBRG00000019340	0	0
ENSNBRG00000019341	0	0
ENSNBRG00000019342	0	0
ENSNBRG00000019343	0	0
ENSNBRG00000019344	0	0
ENSNBRG00000019345	0	0
ENSNBRG00000019346	0	0
ENSNBRG00000019347	39	69
ENSNBRG00000019348	0	0
ENSNBRG00000019349	31	56
ENSNBRG00000019350	0	0
ENSNBRG00000019351	0	0
ENSNBRG00000019352	0	0
ENSNBRG00000019353	0	0
ENSNBRG00000019354	0	0
ENSNBRG00000019355	0	0
ENSNBRG00000019356	0	0
ENSNBRG00000019357	0	0
ENSNBRG00000019358	0	0
ENSNBRG00000019359	0	0
ENSNBRG00000019360	0	0
ENSNBRG00000019361	0	0
ENSNBRG00000019362	0	0
ENSNBRG00000019363	0	0
ENSNBRG00000019364	0	0
ENSNBRG00000019365	27	33
ENSNBRG00000019366	0	0
ENSNBRG00000019367	0	0
ENSNBRG00000019368	53	77
ENSNBRG00000019369	0	0
ENSNBRG00000019370	0	0
ENSNBRG00000019371	0	0
ENSNBRG00000019372	0	0
ENSNBRG00000019373	0	0
ENSNBRG00000019374	0	0
ENSNBRG00000019375	0	0
ENSNBRG00000019376	0	0
ENSNBRG00000019377	0	0
ENSNBRG00000019378	0	0
ENSNBRG00000019379	0	0
ENSNBRG00000019380	0	0
ENSNBRG00000019381	0	0
ENSNBRG00000019382	0	0
ENSNBRG00000019383	0	0
ENSNBRG00000019384	0	0
ENSNBRG00000019385	0	0
ENSNBRG00000019386	0	0
ENSNBRG00000019387	0	0
ENSNBRG00000019388	0	0
ENSNBRG00000019389	1	23
ENSNBRG00000019390	0	0
ENSNBRG00000019391	0	0
ENSNBRG00000019392	0	0
ENSNBRG00000019393	0	0
ENSNBRG00000019394	0	0
ENSNBRG00000019395	0	0
ENSNBRG00000019396	0	0
ENSNBRG00000019397	0	0
ENSNBRG00000019398	16	51
ENSNBRG00000019399	0	0
ENSNBRG00000019400	0	0
ENSNBRG00000019401	174	189
ENSNBRG00000019402	0	0
ENSNBRG00000019403	0	0
ENSNBRG00000019404	35	73
ENSNBRG00000019405	0	0
ENSNBRG00000019406	0	0
ENSNBRG00000019407	0	0
ENSNBRG00000019408	0	0
ENSNBRG00000019409	0	0
ENSNBRG00000019410	0	0
ENSNBRG00000019411	0	0
ENSNBRG00000019412	0	0
ENSNBRG00000019413	0	0
ENSNBRG00000019414	0	0
ENSNBRG00000019415	0	0
ENSNBRG00000019416	0	0
ENSNBRG00000019417	0	0
ENSNBRG00000019418	0	0
ENSNBRG00000019419	0	0
ENSNBRG00000019420	0	0
ENSNBRG00000019421	0	0
ENSNBRG00000019422	0	0
ENSNBRG00000019423	0	0
ENSNBRG00000019424	0	0
ENSNBRG00000019425	0	0
ENSNBRG00000019426	17	44
ENSNBRG00000019427	0	0
ENSNBRG00000019428	0	0
ENSNBRG00000019429	0	0
ENSNBRG00000019430	265	280
ENSNBRG00000019431	0	0
ENSNBRG00000019432	0	0
ENSNBRG00000019433	0	0
ENSNBRG00000019434	0	0
ENSNBRG00000019435	0	0
ENSNBRG00000019436	0	0
ENSNBRG00000019437	0	0
ENSNBRG00000019438	0	0
ENSNBRG00000019439	0	0
ENSNBRG00000019440	0	0
ENSNBRG00000019441	0	0
ENSNBRG00000019442	0	0
ENSNBRG00000019443	37	67
ENSNBRG00000019444	0	0
ENSNBRG00000019445	0	0
ENSNBRG00000019446	0	0
ENSNBRG00000019447	0	0
ENSNBRG00000019448	0	0
ENSNBRG00000019449	0	0
ENSNBRG00000019450	59	92
ENSNBRG00000019451	0	0
ENSNBRG00000019452	0	0
ENSNBRG00000019453	0	0
ENSNBRG00000019454	0	0
ENSNBRG00000019455	0	0
ENSNBRG00000019456	0	0
ENSNBRG00000019457	0	0
ENSNBRG00000019458	0	0
ENSNBRG00000019459	0	0
ENSNBRG00000019460	0	0
ENSNBRG00000019461	0	0
ENSNBRG00000019462	0	0
ENSNBRG00000019463	0	0
ENSNBRG00000019464	0	0
ENSNBRG00000019465	0	0
ENSNBRG00000019466	0	0
ENSNBRG00000019467	0	0
ENSNBRG00000019468	0	0
ENSNBRG00000019469	0	0
ENSNBRG00000019470	0	0
ENSNBRG00000019471	0	0
ENSNBRG00000019472	0	0
ENSNBRG00000019473	0	0
ENSNBRG00000019474	0	0
ENSNBRG00000019475	0	0
ENSNBRG00000019476	0	0
ENSNBRG00000019477	0	0
ENSNBRG00000019478	0	0
ENSNBRG00000019479	0	0
ENSNBRG00000019480	0	0
ENSNBRG00000019481	0	0
ENSNBRG00000019482	1	16
ENSNBRG00000019483	0	0
ENSNBRG00000019484	0	0
ENSNBRG00000019485	0	0
ENSNBRG00000019486	0	0
ENSNBRG00000019487	0	0
ENSNBRG00000019488	0	0
ENSNBRG00000019489	5	34
ENSNBRG00000019490	0	0
ENSNBRG00000019491	0	0
ENSNBRG00000019492	0	0
ENSNBRG00000019493	0	0
ENSNBRG00000019494	0	0
ENSNBRG00000019495	0	0
ENSNBRG00000019496	0	0
ENSNBRG00000019497	0	0
ENSNBRG00000019498	0	0
ENSNBRG00000019499	0	0
ENSNBRG00000019500	0	0
ENSNBRG00000019501	0	0
ENSNBRG00000019502	0	0
ENSNBRG00000019503	0	0
ENSNBRG00000019504	0	0
ENSNBRG00000019505	0	0
ENSNBRG00000019506	0	0
ENSNBRG00000019507	0	0
ENSNBRG00000019508	0	0
ENSNBRG00000019509	0	0
ENSNBRG00000019510	0	0
ENSNBRG00000019511	136	156
ENSNBRG00000019512	0	0
ENSNBRG00000019513	0	0
ENSNBRG00000019514	107	111
ENSNBRG00000019515	0	0
ENSNBRG00000019516	0	0
ENSNBRG00000019517	0	0
ENSNBRG00000019518	0	0
ENSNBRG00000019519	17	44
ENSNBRG00000019520	0	0
ENSNBRG00000019521	0	0
ENSNBRG00000019522	0	0
ENSNBRG00000019523	0	0
ENSNBRG00000019524	0	0
ENSNBRG00000019525	0	0
ENSNBRG00000019526	0	0
ENSNBRG00000019527	0	0
ENSNBRG00000019528	0	0
ENSNBRG00000019529	0	0
ENSNBRG00000019530	0	0
ENSNBRG00000019531	40	64
ENSNBRG00000019532	0	0
ENSNBRG00000019533	312	341
ENSNBRG00000019534	0	0
ENSNBRG00000019535	0	0
ENSNBRG00000019536	0	0
ENSNBRG00000019537	1370	1381
ENSNBRG00000019538	0	0
ENSNBRG00000019539	0	0
ENSNBRG00000019540	0	0
ENSNBRG00000019541	0	0
ENSNBRG00000019542	0	0
ENSNBRG00000019543	0	0
ENSNBRG00000019544	0	0
ENSNBRG00000019545	0	0
ENSNBRG00000019546	0	0
ENSNBRG00000019547	0	0
ENSNBRG00000019548	197	221
ENSNBRG00000019549	0	0
ENSNBRG00000019550	0	0
ENSNBRG00000019551	0	0
ENSNBRG00000019552	0	0
ENSNBRG00000019553	0	0
ENSNBRG00000019554	0	0
ENSNBRG00000019555	0	0
ENSNBRG00000019556	0	0
ENSNBRG00000019557	0	0
ENSNBRG00000019558	19	55
ENSNBRG00000019559	0	0
ENSNBRG00000019560	28	70
ENSNBRG00000019561	0	0
ENSNBRG00000019562	0	0
ENSNBRG00000019563	0	0
ENSNBRG00000019564	0	0
ENSNBRG00000019565	0	0
ENSNBRG00000019566	0	0
ENSNBRG00000019567	0	0
ENSNBRG00000019568	0	0
ENSNBRG00000019569	32	75
ENSNBRG00000019570	0	0
ENSNBRG00000019571	0	0
ENSNBRG00000019572	0	0
ENSNBRG00000019573	768	781
ENSNBRG00000019574	0	0
ENSNBRG00000019575	0	0
ENSNBRG00000019576	15	48
ENSNBRG00000019577	15	53
ENSNBRG00000019578	0	0
ENSNBRG00000019579	0	0
ENSNBRG00000019580	0	0
ENSNBRG00000019581	0	0
ENSNBRG00000019582	148	187
ENSNBRG00000019583	0	0
ENSNBRG00000019584	0	0
ENSNBRG00000019585	0	0
ENSNBRG00000019586	0	0
ENSNBRG00000019587	0	0
ENSNBRG00000019588	0	0
ENSNBRG00000019589	331	356
ENSNBRG00000019590	0	0
ENSNBRG00000019591	0	0
ENSNBRG00000019592	0	0
ENSNBRG00000019593	0	0
ENSNBRG00000019594	0	0
ENSNBRG00000019595	0	0
ENSNBRG00000019596	0	0
ENSNBRG00000019597	0	0
ENSNBRG00000019598	0	0
ENSNBRG00000019599	0	0
ENSNBRG00000019600	0	0
ENSNBRG00000019601	61	75
ENSNBRG00000019602	60	101
ENSNBRG00000019603	0	0
ENSNBRG00000019604	0	0
ENSNBRG00000019605	0	0
ENSNBRG00000019606	0	0
ENSNBRG00000019607	0	0
ENSNBRG00000019608	0	0
ENSNBRG00000019609	0	0
ENSNBRG00000019610	0	0
ENSNBRG00000019611	0	0
ENSNBRG00000019612	29	35
ENSNBRG00000019613	0	0
ENSNBRG00000019614	0	0
ENSNBRG00000019615	0	0
ENSNBRG00000019616	0	0
ENSNBRG00000019617	0	0
ENSNBRG00000019618	0	0
ENSNBRG00000019619	0	0
ENSNBRG00000019620	0	0
ENSNBRG00000019621	0	0
ENSNBRG00000019622	0	0
ENSNBRG00000019623	0	0
ENSNBRG00000019624	0	0
ENSNBRG00000019625	0	0
ENSNBRG00000019626	0	0
ENSNBRG00000019627	0	0
ENSNBRG00000019628	0	0
ENSNBRG00000019629	30	43
ENSNBRG00000019630	0	0
ENSNBRG00000019631	0	0
ENSNBRG00000019632	0	0
ENSNBRG00000019633	1	21
ENSNBRG00000019634	0	0
ENSNBRG00000019635	0	0
ENSNBRG00000019636	0	0
ENSNBRG00000019637	0	0
ENSNBRG00000019638	0	0
ENSNBRG00000019639	0	0
ENSNBRG00000019640	0	0
ENSNBRG00000019641	0	0
ENSNBRG00000019642	0	0
ENSNBRG00000019643	0	0
ENSNBRG00000019644	0	0
ENSNBRG00000019645	0	0
ENSNBRG00000019646	0	0
ENSNBRG00000019647	0	0
ENSNBRG00000019648	19	45
ENSNBRG00000019649	0	0
ENSNBRG00000019650	0	0
ENSNBRG00000019651	0	0
ENSNBRG00000019652	0	0
ENSNBRG00000019653	0	0
ENSNBRG00000019654	0	0
ENSNBRG00000019655	0	0
ENSNBRG00000019656	0	0
ENSNBRG00000019657	0	0
ENSNBRG00000019658	0	0
ENSNBRG00000019659	0	0
ENSNBRG00000019660	0	0
ENSNBRG00000019661	0	0
ENSNBRG00000019662	0	0
ENSNBRG00000019663	0	0
ENSNBRG00000019664	0	0
ENSNBRG00000019665	0	0
ENSNBRG00000019666	0	0
ENSNBRG00000019667	0	0
ENSNBRG00000019668	0	0
ENSNBRG00000019669	0	0
ENSNBRG00000019670	0	0
ENSNBRG00000019671	0	0
ENSNBRG00000019672	0	0
ENSNBRG00000019673	0	0
ENSNBRG00000019674	0	0
ENSNBRG00000019675	0	0
ENSNBRG00000019676	358	360
ENSNBRG00000019677	0	0
ENSNBRG00000019678	0	0
ENSNBRG00000019679	0	0
ENSNBRG00000019680	0	0
ENSNBRG00000019681	0	0
ENSNBRG00000019682	0	0
ENSNBRG00000019683	6	44
ENSNBRG00000019684	0	0
ENSNBRG00000019685	43	65
ENSNBRG00000019686	0	0
ENSNBRG00000019687	0	0
ENSNBRG00000019688	0	0
ENSNBRG00000019689	63	84
ENSNBRG00000019690	0	0
ENSNBRG00000019691	0	0
ENSNBRG00000019692	102	123
ENSNBRG00000019693	0	0
ENSNBRG00000019694	0	0
ENSNBRG00000019695	0	0
ENSNBRG00000019696	0	0
ENSNBRG00000019697	0	0
ENSNBRG00000019698	0	0
ENSNBRG00000019699	28	52
ENSNBRG00000019700	1	8
ENSNBRG00000019701	0	0
ENSNBRG00000019702	57	89
ENSNBRG00000019703	0	0
ENSNBRG00000019704	0	0
ENSNBRG00000019705	0	0
ENSNBRG00000019706	0	0
ENSNBRG00000019707	0	0
ENSNBRG00000019708	0	0
ENSNBRG00000019709	0	0
ENSNBRG00000019710	0	0
ENSNBRG00000019711	0	0
ENSNBRG00000019712	0	0
ENSNBRG00000019713	0	0
ENSNBRG00000019714	26	41
ENSNBRG00000019715	0	0
ENSNBRG00000019716	0	0
ENSNBRG00000019717	0	0
ENSNBRG00000019718	0	0
ENSNBRG00000019719	115	142
ENSNBRG00000019720	0	0
ENSNBRG00000019721	0	0
ENSNBRG00000019722	0	0
ENSNBRG00000019723	0	0
ENSNBRG00000019724	0	0
ENSNBRG00000019725	0	0
ENSNBRG00000019726	0	0
ENSNBRG00000019727	0	0
ENSNBRG00000019728	35	78
ENSNBRG00000019729	0	0
ENSNBRG00000019730	24	33
ENSNBRG00000019731	0	0
ENSNBRG00000019732	0	0
ENSNBRG00000019733	146	185
ENSNBRG00000019734	0	0
ENSNBRG00000019735	82	87
ENSNBRG00000019736	0	0
ENSNBRG00000019737	986	1024
ENSNBRG00000019738	0	0
ENSNBRG00000019739	0	0
ENSNBRG00000019740	0	0
ENSNBRG00000019741	0	0
ENSNBRG00000019742	0	0
ENSNBRG00000019743	0	0
ENSNBRG00000019744	0	0
ENSNBRG00000019745	0	0
ENSNBRG00000019746	58	69
ENSNBRG00000019747	0	0
ENSNBRG00000019748	0	0
ENSNBRG00000019749	0	0
ENSNBRG00000019750	0	0
ENSNBRG00000019751	2	24
ENSNBRG00000019752	0	0
ENSNBRG00000019753	0	0
ENSNBRG00000019754	0	0
ENSNBRG00000019755	0	0
ENSNBRG00000019756	0	0
ENSNBRG00000019757	0	0
ENSNBRG00000019758	0	0
ENSNBRG00000019759	0	0
ENSNBRG00000019760	0	0
ENSNBRG00000019761	0	0
ENSNBRG00000019762	0	0
ENSNBRG00000019763	688	704
ENSNBRG00000019764	0	0
ENSNBRG00000019765	0	0
ENSNBRG00000019766	1	12
ENSNBRG00000019767	0	0
ENSNBRG00000019768	0	0
ENSNBRG00000019769	17	29
ENSNBRG00000019770	0	0
ENSNBRG00000019771	0	0
ENSNBRG00000019772	0	0
ENSNBRG00000019773	0	0
ENSNBRG00000019774	0	0
ENSNBRG00000019775	0	0
ENSNBRG00000019776	0	0
ENSNBRG00000019777	0	0
ENSNBRG00000019778	0	0
ENSNBRG00000019779	0	0
ENSNBRG00000019780	0	0
ENSNBRG00000019781	96	118
ENSNBRG00000019782	0	0
ENSNBRG00000019783	38	60
ENSNBRG00000019784	0	0
ENSNBRG00000019785	0	0
ENSNBRG00000019786	0	0
ENSNBRG00000019787	152	156
ENSNBRG00000019788	0	0
ENSNBRG00000019789	0	0
ENSNBRG00000019790	0	0
ENSNBRG00000019791	0	0
ENSNBRG00000019792	0	0
ENSNBRG00000019793	0	0
ENSNBRG00000019794	0	0
ENSNBRG00000019795	0	0
ENSNBRG00000019796	0	0
ENSNBRG00000019797	0	0
ENSNBRG00000019798	0	0
ENSNBRG00000019799	0	0
ENSNBRG00000019800	0	0
ENSNBRG00000019801	0	0
ENSNBRG00000019802	0	0
ENSNBRG00000019803	0	0
ENSNBRG00000019804	0	0
ENSNBRG00000019805	0	0
ENSNBRG00000019806	0	0
ENSNBRG00000019807	0	0
ENSNBRG00000019808	0	0
ENSNBRG00000019809	0	0
ENSNBRG00000019810	0	0
ENSNBRG00000019811	0	0
ENSNBRG00000019812	0	0
ENSNBRG00000019813	807	842
ENSNBRG00000019814	0	0
ENSNBRG00000019815	0	0
ENSNBRG00000019816	0	0
ENSNBRG00000019817	0	0
ENSNBRG00000019818	0	0
ENSNBRG00000019819	0	0
ENSNBRG00000019820	0	0
ENSNBRG00000019821	0	0
ENSNBRG00000019822	38	61
ENSNBRG00000019823	0	0
ENSNBRG00000019824	0	0
ENSNBRG00000019825	0	0
ENSNBRG00000019826	0	0
ENSNBRG00000019827	0	0
ENSNBRG00000019828	0	0
ENSNBRG00000019829	0	0
ENSNBRG00000019830	0	0
ENSNBRG00000019831	0	0
ENSNBRG00000019832	0	0
ENSNBRG00000019833	0	0
ENSNBRG00000019834	0	0
ENSNBRG00000019835	0	0
ENSNBRG00000019836	0	0
ENSNBRG00000019837	0	0
ENSNBRG00000019838	0	0
ENSNBRG00000019839	20	32
ENSNBRG00000019840	84	114
ENSNBRG00000019841	0	0
ENSNBRG00000019842	0	0
ENSNBRG00000019843	0	0
ENSNBRG00000019844	43	76
ENSNBRG00000019845	0	0
ENSNBRG00000019846	0	0
ENSNBRG00000019847	0	0
ENSNBRG00000019848	0	0
ENSNBRG00000019849	0	0
ENSNBRG00000019850	120	128
ENSNBRG00000019851	81	102
ENSNBRG00000019852	0	0
ENSNBRG00000019853	0	0
ENSNBRG00000019854	0	0
ENSNBRG00000019855	21	62
ENSNBRG00000019856	0	0
ENSNBRG00000019857	0	0
ENSNBRG00000019858	0	0
ENSNBRG00000019859	0	0
ENSNBRG00000019860	0	0
ENSNBRG00000019861	0	0
ENSNBRG00000019862	0	0
ENSNBRG00000019863	0	0
ENSNBRG00000019864	0	0
ENSNBRG00000019865	0	0
ENSNBRG00000019866	0	0
ENSNBRG00000019867	69	110
ENSNBRG00000019868	0	0
ENSNBRG00000019869	0	0
ENSNBRG00000019870	0	0
ENSNBRG00000019871	0	0
ENSNBRG00000019872	0	0
ENSNBRG00000019873	0	0
ENSNBRG00000019874	0	0
ENSNBRG00000019875	0	0
ENSNBRG00000019876	0	0
ENSNBRG00000019877	0	0
ENSNBRG00000019878	0	0
ENSNBRG00000019879	0	0
ENSNBRG00000019880	16	25
ENSNBRG00000019881	31	49
ENSNBRG00000019882	0	0
ENSNBRG00000019883	0	0
ENSNBRG00000019884	38	77
ENSNBRG00000019885	44	51
ENSNBRG00000019886	0	0
ENSNBRG00000019887	0	0
ENSNBRG00000019888	0	0
ENSNBRG00000019889	0	0
ENSNBRG00000019890	0	0
ENSNBRG00000019891	0	0
ENSNBRG00000019892	0	0
ENSNBRG00000019893	0	0
ENSNBRG00000019894	29	56
ENSNBRG00000019895	0	0
ENSNBRG00000019896	0	0
ENSNBRG00000019897	0	0
ENSNBRG00000019898	0	0
ENSNBRG00000019899	0	0
ENSNBRG00000019900	0	0
ENSNBRG00000019901	0	0
ENSNBRG00000019902	0	0
ENSNBRG00000019903	0	0
ENSNBRG00000019904	0	0
ENSNBRG00000019905	0	0
ENSNBRG00000019906	0	0
ENSNBRG00000019907	0	0
ENSNBRG00000019908	0	0
ENSNBRG00000019909	0	0
ENSNBRG00000019910	316	323
ENSNBRG00000019911	0	0
ENSNBRG00000019912	0	0
ENSNBRG00000019913	0	0
ENSNBRG00000019914	0	0
ENSNBRG00000019915	0	0
ENSNBRG00000019916	0	0
ENSNBRG00000019917	0	0
ENSNBRG00000019918	0	0
ENSNBRG00000019919	0	0
ENSNBRG00000019920	0	0
ENSNBRG00000019921	0	0
ENSNBRG00000019922	0	0
ENSNBRG00000019923	0	0
ENSNBRG00000019924	0	0
ENSNBRG00000019925	0	0
ENSNBRG00000019926	0	0
ENSNBRG00000019927	0	0
ENSNBRG00000019928	31	74
ENSNBRG00000019929	0	0
ENSNBRG00000019930	57	80
ENSNBRG00000019931	0	0
ENSNBRG00000019932	0	0
ENSNBRG00000019933	23	41
ENSNBRG00000019934	0	0
ENSNBRG00000019935	0	0
ENSNBRG00000019936	0	0
ENSNBRG00000019937	0	0
ENSNBRG00000019938	0	0
ENSNBRG00000019939	0	0
ENSNBRG00000019940	0	0
ENSNBRG00000019941	0	0
ENSNBRG00000019942	0	0
ENSNBRG00000019943	13	14
ENSNBRG00000019944	0	0
ENSNBRG00000019945	0	0
ENSNBRG00000019946	0	0
ENSNBRG00000019947	0	0
ENSNBRG00000019948	0	0
ENSNBRG00000019949	0	0
ENSNBRG00000019950	0	0
ENSNBRG00000019951	18	54
ENSNBRG00000019952	0	0
ENSNBRG00000019953	0	0
ENSNBRG00000019954	0	0
ENSNBRG00000019955	45	62
ENSNBRG00000019956	446	452
ENSNBRG00000019957	0	0
ENSNBRG00000019958	0	0
ENSNBRG00000019959	0	0
ENSNBRG00000019960	0	0
ENSNBRG00000019961	85	90
ENSNBRG00000019962	15	37
ENSNBRG00000019963	0	0
ENSNBRG00000019964	0	0
ENSNBRG00000019965	0	0
ENSNBRG00000019966	0	0
ENSNBRG00000019967	0	0
ENSNBRG00000019968	0	0
ENSNBRG00000019969	0	0
ENSNBRG00000019970	0	0
ENSNBRG00000019971	0	0
ENSNBRG00000019972	0	0
ENSNBRG00000019973	33	59
ENSNBRG00000019974	0	0
ENSNBRG00000019975	0	0
ENSNBRG00000019976	25	30
ENSNBRG00000019977	0	0
ENSNBRG00000019978	0	0
ENSNBRG00000019979	0	0
ENSNBRG00000019980	0	0
ENSNBRG00000019981	25	62
ENSNBRG00000019982	0	0
ENSNBRG00000019983	0	0
ENSNBRG00000019984	3	17
ENSNBRG00000019985	0	0
ENSNBRG00000019986	0	0
ENSNBRG00000019987	0	0
ENSNBRG00000019988	0	0
ENSNBRG00000019989	0	0
ENSNBRG00000019990	0	0
ENSNBRG00000019991	0	0
ENSNBRG00000019992	0	0
ENSNBRG00000019993	0	0
ENSNBRG00000019994	0	0
ENSNBRG00000019995	0	0
ENSNBRG00000019996	0	0
ENSNBRG00000019997	0	0
ENSNBRG00000019998	0	0
ENSNBRG00000019999	0	0
ENSNBRG00000020000	89	118
ENSNBRG00000020001	0	0
ENSNBRG00000020002	0	0
ENSNBRG00000020003	0	0
ENSNBRG00000020004	0	0
ENSNBRG00000020005	0	0
ENSNBRG00000020006	0	0
ENSNBRG00000020007	0	0
ENSNBRG00000020008	21	41
ENSNBRG00000020009	272	288
ENSNBRG00000020010	0	0
ENSNBRG00000020011	0	0
ENSNBRG00000020012	0	0
ENSNBRG00000020013	0	0
ENSNBRG00000020014	0	0
ENSNBRG00000020015	0	0
ENSNBRG00000020016	0	0
ENSNBRG00000020017	0	0
ENSNBRG00000020018	0	0
ENSNBRG00000020019	0	0
ENSNBRG00000020020	0	0
ENSNBRG00000020021	0	0
ENSNBRG00000020022	0	0
ENSNBRG00000020023	0	0
ENSNBRG00000020024	0	0
ENSNBRG00000020025	0	0
ENSNBRG00000020026	0	0
ENSNBRG00000020027	0	0
ENSNBRG00000020028	0	0
ENSNBRG00000020029	76	97
ENSNBRG00000020030	0	0
ENSNBRG00000020031	0	0
ENSNBRG00000020032	0	0
ENSNBRG00000020033	0	0
ENSNBRG00000020034	0	0
ENSNBRG00000020035	0	0
ENSNBRG00000020036	0	0
ENSNBRG00000020037	0	0
ENSNBRG00000020038	0	0
ENSNBRG00000020039	0	0
ENSNBRG00000020040	0	0
ENSNBRG00000020041	0	0
ENSNBRG00000020042	0	0
ENSNBRG00000020043	0	0
ENSNBRG00000020044	0	0
ENSNBRG00000020045	0	0
ENSNBRG00000020046	0	0
ENSNBRG00000020047	0	0
ENSNBRG00000020048	0	0
ENSNBRG00000020049	7	49
ENSNBRG00000020050	0	0
ENSNBRG00000020051	0	0
ENSNBRG00000020052	0	0
ENSNBRG00000020053	0	0
ENSNBRG00000020054	0	0
ENSNBRG00000020055	0	0
ENSNBRG00000020056	0	0
ENSNBRG00000020057	0	0
ENSNBRG00000020058	45	63
ENSNBRG00000020059	0	0
ENSNBRG00000020060	31	59
ENSNBRG00000020061	0	0
ENSNBRG00000020062	0	0
ENSNBRG00000020063	0	0
ENSNBRG00000020064	0	0
ENSNBRG00000020065	0	0
ENSNBRG00000020066	0	0
ENSNBRG00000020067	42	76
ENSNBRG00000020068	63	96
ENSNBRG00000020069	0	0
ENSNBRG00000020070	0	0
ENSNBRG00000020071	0	0
ENSNBRG00000020072	0	0
ENSNBRG00000020073	0	0
ENSNBRG00000020074	0	0
ENSNBRG00000020075	0	0
ENSNBRG00000020076	0	0
ENSNBRG00000020077	0	0
ENSNBRG00000020078	0	0
ENSNBRG00000020079	0	0
ENSNBRG00000020080	0	0
ENSNBRG00000020081	0	0
ENSNBRG00000020082	0	0
ENSNBRG00000020083	0	0
ENSNBRG00000020084	0	0
ENSNBRG00000020085	0	0
ENSNBRG00000020086	0	0
ENSNBRG00000020087	0	0
ENSNBRG00000020088	0	0
ENSNBRG00000020089	0	0
ENSNBRG00000020090	0	0
ENSNBRG00000020091	0	0
ENSNBRG00000020092	0	0
ENSNBRG00000020093	0	0
ENSNBRG00000020094	7	47
ENSNBRG00000020095	0	0
ENSNBRG00000020096	0	0
ENSNBRG00000020097	0	0
ENSNBRG00000020098	0	0
ENSNBRG00000020099	0	0
ENSNBRG00000020100	0	0
ENSNBRG00000020101	231	254
ENSNBRG00000020102	0	0
ENSNBRG00000020103	0	0
ENSNBRG00000020104	0	0
ENSNBRG00000020105	0	0
ENSNBRG00000020106	0	0
ENSNBRG00000020107	0	0
ENSNBRG00000020108	0	0
ENSNBRG00000020109	0	0
ENSNBRG00000020110	433	454
ENSNBRG00000020111	0	0
ENSNBRG00000020112	109	150
ENSNBRG00000020113	0	0
ENSNBRG00000020114	0	0
ENSNBRG00000020115	0	0
ENSNBRG00000020116	0	0
ENSNBRG00000020117	0	0
ENSNBRG00000020118	0	0
ENSNBRG00000020119	0	0
ENSNBRG00000020120	0	0
ENSNBRG00000020121	0	0
ENSNBRG00000020122	0	0
ENSNBRG00000020123	0	0
ENSNBRG00000020124	0	0
ENSNBRG00000020125	0	0
ENSNBRG00000020126	0	0
ENSNBRG00000020127	0	0
ENSNBRG00000020128	0	0
ENSNBRG00000020129	0	0
ENSNBRG00000020130	0	0
ENSNBRG00000020131	0	0
ENSNBRG00000020132	0	0
ENSNBRG00000020133	0	0
ENSNBRG00000020134	0	0
ENSNBRG00000020135	0	0
ENSNBRG00000020136	0	0
ENSNBRG00000020137	0	0
ENSNBRG00000020138	0	0
ENSNBRG00000020139	0	0
ENSNBRG00000020140	0	0
ENSNBRG00000020141	0	0
ENSNBRG00000020142	40	61
ENSNBRG00000020143	34	74
ENSNBRG00000020144	0	0
ENSNBRG00000020145	0	0
ENSNBRG00000020146	0	0
ENSNBRG00000020147	0	0
ENSNBRG00000020148	0	0
ENSNBRG00000020149	0	0
ENSNBRG00000020150	0	0
ENSNBRG00000020151	0	0
ENSNBRG00000020152	0	0
ENSNBRG00000020153	0	0
ENSNBRG00000020154	0	0
ENSNBRG00000020155	0	0
ENSNBRG00000020156	0	0
ENSNBRG00000020157	0	0
ENSNBRG00000020158	0	0
ENSNBRG00000020159	0	0
ENSNBRG00000020160	0	0
ENSNBRG00000020161	0	0
ENSNBRG00000020162	0	0
ENSNBRG00000020163	0	0
ENSNBRG00000020164	0	0
ENSNBRG00000020165	0	0
ENSNBRG00000020166	0	0
ENSNBRG00000020167	0	0
ENSNBRG00000020168	0	0
ENSNBRG00000020169	0	0
ENSNBRG00000020170	107	113
ENSNBRG00000020171	19	38
ENSNBRG00000020172	0	0
ENSNBRG00000020173	0	0
ENSNBRG00000020174	0	0
ENSNBRG00000020175	0	0
ENSNBRG00000020176	0	0
ENSNBRG00000020177	0	0
ENSNBRG00000020178	0	0
ENSNBRG00000020179	0	0
ENSNBRG00000020180	0	0
ENSNBRG00000020181	18	57
ENSNBRG00000020182	0	0
ENSNBRG00000020183	0	0
ENSNBRG00000020184	0	0
ENSNBRG00000020185	513	517
ENSNBRG00000020186	0	0
ENSNBRG00000020187	0	0
ENSNBRG00000020188	0	0
ENSNBRG00000020189	5230	5235
ENSNBRG00000020190	0	0
ENSNBRG00000020191	0	0
ENSNBRG00000020192	0	0
ENSNBRG00000020193	0	0
ENSNBRG00000020194	23	64
ENSNBRG00000020195	0	0
ENSNBRG00000020196	0	0
ENSNBRG00000020197	0	0
ENSNBRG00000020198	0	0
ENSNBRG00000020199	0	0
ENSNBRG00000020200	0	0
ENSNBRG00000020201	0	0
ENSNBRG00000020202	0	0
ENSNBRG00000020203	0	0
ENSNBRG00000020204	0	0
ENSNBRG00000020205	359	368
ENSNBRG00000020206	0	0
ENSNBRG00000020207	0	0
ENSNBRG00000020208	0	0
ENSNBRG00000020209	0	0
ENSNBRG00000020210	0	0
ENSNBRG00000020211	0	0
ENSNBRG00000020212	0	0
ENSNBRG00000020213	0	0
ENSNBRG00000020214	0	0
ENSNBRG00000020215	0	0
ENSNBRG00000020216	730	745
ENSNBRG00000020217	0	0
ENSNBRG00000020218	0	0
ENSNBRG00000020219	0	0
ENSNBRG00000020220	0	0
ENSNBRG00000020221	0	0
ENSNBRG00000020222	0	0
ENSNBRG00000020223	0	0
ENSNBRG00000020224	0	0
ENSNBRG00000020225	0	0
ENSNBRG00000020226	0	0
ENSNBRG00000020227	0	0
ENSNBRG00000020228	0	0
ENSNBRG00000020229	0	0
ENSNBRG00000020230	0	0
ENSNBRG00000020231	0	0
ENSNBRG00000020232	0	0
ENSNBRG00000020233	0	0
ENSNBRG00000020234	0	0
ENSNBRG00000020235	0	0
ENSNBRG00000020236	0	0
ENSNBRG00000020237	18	54
ENSNBRG00000020238	0	0
ENSNBRG00000020239	0	0
ENSNBRG00000020240	0	0
ENSNBRG00000020241	0	0
ENSNBRG00000020242	0	0
ENSNBRG00000020243	0	0
ENSNBRG00000020244	0	0
ENSNBRG00000020245	0	0
ENSNBRG00000020246	0	0
ENSNBRG00000020247	0	0
ENSNBRG00000020248	0	0
ENSNBRG00000020249	0	0
ENSNBRG00000020250	0	0
ENSNBRG00000020251	0	0
ENSNBRG00000020252	0	0
ENSNBRG00000020253	0	0
ENSNBRG00000020254	0	0
ENSNBRG00000020255	0	0
ENSNBRG00000020256	0	0
ENSNBRG00000020257	0	0
ENSNBRG00000020258	0	0
ENSNBRG00000020259	0	0
ENSNBRG00000020260	0	0
ENSNBRG00000020261	0	0
ENSNBRG00000020262	0	0
ENSNBRG00000020263	17	22
ENSNBRG00000020264	0	0
ENSNBRG00000020265	53	61
ENSNBRG00000020266	0	0
ENSNBRG00000020267	12	48
ENSNBRG00000020268	0	0
ENSNBRG00000020269	0	0
ENSNBRG00000020270	0	0
ENSNBRG00000020271	27	54
ENSNBRG00000020272	0	0
ENSNBRG00000020273	0	0
ENSNBRG00000020274	0	0
ENSNBRG00000020275	0	0
ENSNBRG00000020276	0	0
ENSNBRG00000020277	34	43
ENSNBRG00000020278	0	0
ENSNBRG00000020279	12	25
ENSNBRG00000020280	0	0
ENSNBRG00000020281	0	0
ENSNBRG00000020282	0	0
ENSNBRG00000020283	0	0
ENSNBRG00000020284	0	0
ENSNBRG00000020285	0	0
ENSNBRG00000020286	0	0
ENSNBRG00000020287	0	0
ENSNBRG00000020288	0	0
ENSNBRG00000020289	0	0
ENSNBRG00000020290	0	0
ENSNBRG00000020291	0	0
ENSNBRG00000020292	0	0
ENSNBRG00000020293	0	0
ENSNBRG00000020294	0	0
ENSNBRG00000020295	0	0
ENSNBRG00000020296	0	0
ENSNBRG00000020297	0	0
ENSNBRG00000020298	0	0
ENSNBRG00000020299	0	0
ENSNBRG00000020300	0	0
ENSNBRG00000020301	24	25
ENSNBRG00000020302	0	0
ENSNBRG00000020303	0	0
ENSNBRG00000020304	0	0
ENSNBRG00000020305	0	0
ENSNBRG00000020306	76	103
ENSNBRG00000020307	0	0
ENSNBRG00000020308	0	0
ENSNBRG00000020309	0	0
ENSNBRG00000020310	0	0
ENSNBRG00000020311	0	0
ENSNBRG00000020312	0	0
ENSNBRG00000020313	0	0
ENSNBRG00000020314	0	0
ENSNBRG00000020315	0	0
ENSNBRG00000020316	0	0
ENSNBRG00000020317	0	0
ENSNBRG00000020318	0	0
ENSNBRG00000020319	0	0
ENSNBRG00000020320	0	0
ENSNBRG00000020321	0	0
ENSNBRG00000020322	0	0
ENSNBRG00000020323	0	0
ENSNBRG00000020324	0	0
ENSNBRG00000020325	0	0
ENSNBRG00000020326	37	51
ENSNBRG00000020327	0	0
ENSNBRG00000020328	0	0
ENSNBRG00000020329	0	0
ENSNBRG00000020330	0	0
ENSNBRG00000020331	0	0
ENSNBRG00000020332	0	0
ENSNBRG00000020333	0	0
ENSNBRG00000020334	0	0
ENSNBRG00000020335	85	89
ENSNBRG00000020336	0	0
ENSNBRG00000020337	56	60
ENSNBRG00000020338	0	0
ENSNBRG00000020339	0	0
ENSNBRG00000020340	265	304
ENSNBRG00000020341	0	0
ENSNBRG00000020342	0	0
ENSNBRG00000020343	0	0
ENSNBRG00000020344	0	0
ENSNBRG00000020345	0	0
ENSNBRG00000020346	0	0
ENSNBRG00000020347	0	0
ENSNBRG00000020348	0	0
ENSNBRG00000020349	0	0
ENSNBRG00000020350	0	0
ENSNBRG00000020351	0	0
ENSNBRG00000020352	0	0
ENSNBRG00000020353	0	0
ENSNBRG00000020354	0	0
ENSNBRG00000020355	0	0
ENSNBRG00000020356	0	0
ENSNBRG00000020357	5	31
ENSNBRG00000020358	0	0
ENSNBRG00000020359	0	0
ENSNBRG00000020360	0	0
ENSNBRG00000020361	0	0
ENSNBRG00000020362	0	0
ENSNBRG00000020363	0	0
ENSNBRG00000020364	24	67
ENSNBRG00000020365	0	0
ENSNBRG00000020366	46	84
ENSNBRG00000020367	0	0
ENSNBRG00000020368	0	0
ENSNBRG00000020369	0	0
ENSNBRG00000020370	0	0
ENSNBRG00000020371	0	0
ENSNBRG00000020372	0	0
ENSNBRG00000020373	0	0
ENSNBRG00000020374	90	109
ENSNBRG00000020375	0	0
ENSNBRG00000020376	0	0
ENSNBRG00000020377	0	0
ENSNBRG00000020378	0	0
ENSNBRG00000020379	0	0
ENSNBRG00000020380	0	0
ENSNBRG00000020381	0	0
ENSNBRG00000020382	0	0
ENSNBRG00000020383	0	0
ENSNBRG00000020384	0	0
ENSNBRG00000020385	134	171
ENSNBRG00000020386	0	0
ENSNBRG00000020387	0	0
ENSNBRG00000020388	0	0
ENSNBRG00000020389	0	0
ENSNBRG00000020390	0	0
ENSNBRG00000020391	0	0
ENSNBRG00000020392	0	0
ENSNBRG00000020393	0	0
ENSNBRG00000020394	0	0
ENSNBRG00000020395	0	0
ENSNBRG00000020396	0	0
ENSNBRG00000020397	0	0
ENSNBRG00000020398	0	0
ENSNBRG00000020399	0	0
ENSNBRG00000020400	0	0
ENSNBRG00000020401	21	60
ENSNBRG00000020402	0	0
ENSNBRG00000020403	72	104
ENSNBRG00000020404	0	0
ENSNBRG00000020405	0	0
ENSNBRG00000020406	0	0
ENSNBRG00000020407	0	0
ENSNBRG00000020408	0	0
ENSNBRG00000020409	0	0
ENSNBRG00000020410	0	0
ENSNBRG00000020411	0	0
ENSNBRG00000020412	0	0
ENSNBRG00000020413	0	0
ENSNBRG00000020414	0	0
ENSNBRG00000020415	0	0
ENSNBRG00000020416	0	0
ENSNBRG00000020417	0	0
ENSNBRG00000020418	0	0
ENSNBRG00000020419	4186	4201
ENSNBRG00000020420	0	0
ENSNBRG00000020421	0	0
ENSNBRG00000020422	0	0
ENSNBRG00000020423	15	58
ENSNBRG00000020424	0	0
ENSNBRG00000020425	0	0
ENSNBRG00000020426	2	31
ENSNBRG00000020427	0	0
ENSNBRG00000020428	0	0
ENSNBRG00000020429	24	37
ENSNBRG00000020430	0	0
ENSNBRG00000020431	0	0
ENSNBRG00000020432	0	0
ENSNBRG00000020433	0	0
ENSNBRG00000020434	0	0
ENSNBRG00000020435	23	29
ENSNBRG00000020436	0	0
ENSNBRG00000020437	0	0
ENSNBRG00000020438	0	0
ENSNBRG00000020439	0	0
ENSNBRG00000020440	0	0
ENSNBRG00000020441	0	0
ENSNBRG00000020442	0	0
ENSNBRG00000020443	37	39
ENSNBRG00000020444	0	0
ENSNBRG00000020445	287	304
ENSNBRG00000020446	0	0
ENSNBRG00000020447	24	45
ENSNBRG00000020448	53	54
ENSNBRG00000020449	0	0
ENSNBRG00000020450	32	59
ENSNBRG00000020451	0	0
ENSNBRG00000020452	0	0
ENSNBRG00000020453	0	0
ENSNBRG00000020454	0	0
ENSNBRG00000020455	0	0
ENSNBRG00000020456	0	0
ENSNBRG00000020457	0	0
ENSNBRG00000020458	0	0
ENSNBRG00000020459	0	0
ENSNBRG00000020460	0	0
ENSNBRG00000020461	0	0
ENSNBRG00000020462	0	0
ENSNBRG00000020463	0	0
ENSNBRG00000020464	546	556
ENSNBRG00000020465	0	0
ENSNBRG00000020466	0	0
ENSNBRG00000020467	0	0
ENSNBRG00000020468	26	61
ENSNBRG00000020469	0	0
ENSNBRG00000020470	0	0
ENSNBRG00000020471	0	0
ENSNBRG00000020472	22	42
ENSNBRG00000020473	0	0
ENSNBRG00000020474	0	0
ENSNBRG00000020475	0	0
ENSNBRG00000020476	0	0
ENSNBRG00000020477	0	0
ENSNBRG00000020478	0	0
ENSNBRG00000020479	0	0
ENSNBRG00000020480	0	0
ENSNBRG00000020481	0	0
ENSNBRG00000020482	0	0
ENSNBRG00000020483	0	0
ENSNBRG00000020484	0	0
ENSNBRG00000020485	0	0
ENSNBRG00000020486	40	70
ENSNBRG00000020487	0	0
ENSNBRG00000020488	1285	1314
ENSNBRG00000020489	0	0
ENSNBRG00000020490	0	0
ENSNBRG00000020491	0	0
ENSNBRG00000020492	0	0
ENSNBRG00000020493	0	0
ENSNBRG00000020494	0	0
ENSNBRG00000020495	1	34
ENSNBRG00000020496	0	0
ENSNBRG00000020497	0	0
ENSNBRG00000020498	0	0
ENSNBRG00000020499	0	0
ENSNBRG00000020500	0	0
ENSNBRG00000020501	0	0
ENSNBRG00000020502	0	0
ENSNBRG00000020503	0	0
ENSNBRG00000020504	0	0
ENSNBRG00000020505	0	0
ENSNBRG00000020506	0	0
ENSNBRG00000020507	0	0
ENSNBRG00000020508	38	80
ENSNBRG00000020509	0	0
ENSNBRG00000020510	0	0
ENSNBRG00000020511	0	0
ENSNBRG00000020512	0	0
ENSNBRG00000020513	0	0
ENSNBRG00000020514	87	95
ENSNBRG00000020515	324	332
ENSNBRG00000020516	0	0
ENSNBRG00000020517	0	0
ENSNBRG00000020518	37	72
ENSNBRG00000020519	0	0
ENSNBRG00000020520	400	417
ENSNBRG00000020521	0	0
ENSNBRG00000020522	0	0
ENSNBRG00000020523	0	0
ENSNBRG00000020524	240	255
ENSNBRG00000020525	0	0
ENSNBRG00000020526	0	0
ENSNBRG00000020527	0	0
ENSNBRG00000020528	0	0
ENSNBRG00000020529	0	0
ENSNBRG00000020530	0	0
ENSNBRG00000020531	27	62
ENSNBRG00000020532	0	0
ENSNBRG00000020533	0	0
ENSNBRG00000020534	0	0
ENSNBRG00000020535	29	31
ENSNBRG00000020536	0	0
ENSNBRG00000020537	0	0
ENSNBRG00000020538	0	0
ENSNBRG00000020539	15	51
ENSNBRG00000020540	0	0
ENSNBRG00000020541	0	0
ENSNBRG00000020542	0	0
ENSNBRG00000020543	0	0
ENSNBRG00000020544	0	0
ENSNBRG00000020545	0	0
ENSNBRG00000020546	0	0
ENSNBRG00000020547	0	0
ENSNBRG00000020548	0	0
ENSNBRG00000020549	0	0
ENSNBRG00000020550	0	0
ENSNBRG00000020551	0	0
ENSNBRG00000020552	0	0
ENSNBRG00000020553	0	0
ENSNBRG00000020554	0	0
ENSNBRG00000020555	31	37
ENSNBRG00000020556	0	0
ENSNBRG00000020557	0	0
ENSNBRG00000020558	0	0
ENSNBRG00000020559	0	0
ENSNBRG00000020560	0	0
ENSNBRG00000020561	0	0
ENSNBRG00000020562	0	0
ENSNBRG00000020563	215	216
ENSNBRG00000020564	0	0
ENSNBRG00000020565	0	0
ENSNBRG00000020566	0	0
ENSNBRG00000020567	0	0
ENSNBRG00000020568	0	0
ENSNBRG00000020569	7	24
ENSNBRG00000020570	0	0
ENSNBRG00000020571	0	0
ENSNBRG00000020572	0	0
ENSNBRG00000020573	0	0
ENSNBRG00000020574	32	67
ENSNBRG00000020575	0	0
ENSNBRG00000020576	0	0
ENSNBRG00000020577	0	0
ENSNBRG00000020578	0	0
ENSNBRG00000020579	0	0
ENSNBRG00000020580	0	0
ENSNBRG00000020581	0	0
ENSNBRG00000020582	0	0
ENSNBRG00000020583	0	0
ENSNBRG00000020584	105	112
ENSNBRG00000020585	0	0
ENSNBRG00000020586	0	0
ENSNBRG00000020587	30	41
ENSNBRG00000020588	0	0
ENSNBRG00000020589	0	0
ENSNBRG00000020590	99	130
ENSNBRG00000020591	0	0
ENSNBRG00000020592	0	0
ENSNBRG00000020593	0	0
ENSNBRG00000020594	0	0
ENSNBRG00000020595	0	0
ENSNBRG00000020596	0	0
ENSNBRG00000020597	0	0
ENSNBRG00000020598	0	0
ENSNBRG00000020599	0	0
ENSNBRG00000020600	0	0
ENSNBRG00000020601	0	0
ENSNBRG00000020602	0	0
ENSNBRG00000020603	0	0
ENSNBRG00000020604	0	0
ENSNBRG00000020605	0	0
ENSNBRG00000020606	0	0
ENSNBRG00000020607	0	0
ENSNBRG00000020608	0	0
ENSNBRG00000020609	0	0
ENSNBRG00000020610	1	18
ENSNBRG00000020611	0	0
ENSNBRG00000020612	0	0
ENSNBRG00000020613	0	0
ENSNBRG00000020614	0	0
ENSNBRG00000020615	0	0
ENSNBRG00000020616	0	0
ENSNBRG00000020617	0	0
ENSNBRG00000020618	0	0
ENSNBRG00000020619	0	0
ENSNBRG00000020620	0	0
ENSNBRG00000020621	0	0
ENSNBRG00000020622	0	0
ENSNBRG00000020623	0	0
ENSNBRG00000020624	0	0
ENSNBRG00000020625	0	0
ENSNBRG00000020626	0	0
ENSNBRG00000020627	0	0
ENSNBRG00000020628	0	0
ENSNBRG00000020629	0	0
ENSNBRG00000020630	0	0
ENSNBRG00000020631	0	0
ENSNBRG00000020632	0	0
ENSNBRG00000020633	0	0
ENSNBRG00000020634	0	0
ENSNBRG00000020635	0	0
ENSNBRG00000020636	0	0
ENSNBRG00000020637	0	0
ENSNBRG00000020638	0	0
ENSNBRG00000020639	0	0
ENSNBRG00000020640	0	0
ENSNBRG00000020641	0	0
ENSNBRG00000020642	0	0
ENSNBRG00000020643	0	0
ENSNBRG00000020644	0	0
ENSNBRG00000020645	0	0
ENSNBRG00000020646	0	0
ENSNBRG00000020647	0	0
ENSNBRG00000020648	0	0
ENSNBRG00000020649	0	0
ENSNBRG00000020650	0	0
ENSNBRG00000020651	0	0
ENSNBRG00000020652	0	0
ENSNBRG00000020653	0	0
ENSNBRG00000020654	0	0
ENSNBRG00000020655	0	0
ENSNBRG00000020656	0	0
ENSNBRG00000020657	0	0
ENSNBRG00000020658	0	0
ENSNBRG00000020659	31	44
ENSNBRG00000020660	0	0
ENSNBRG00000020661	0	0
ENSNBRG00000020662	0	0
ENSNBRG00000020663	0	0
ENSNBRG00000020664	0	0
ENSNBRG00000020665	0	0
ENSNBRG00000020666	0	0
ENSNBRG00000020667	0	0
ENSNBRG00000020668	34	64
ENSNBRG00000020669	29	48
ENSNBRG00000020670	0	0
ENSNBRG00000020671	0	0
ENSNBRG00000020672	0	0
ENSNBRG00000020673	0	0
ENSNBRG00000020674	48	71
ENSNBRG00000020675	0	0
ENSNBRG00000020676	0	0
ENSNBRG00000020677	0	0
ENSNBRG00000020678	0	0
ENSNBRG00000020679	0	0
ENSNBRG00000020680	0	0
ENSNBRG00000020681	0	0
ENSNBRG00000020682	0	0
ENSNBRG00000020683	0	0
ENSNBRG00000020684	0	0
ENSNBRG00000020685	0	0
ENSNBRG00000020686	0	0
ENSNBRG00000020687	0	0
ENSNBRG00000020688	65	73
ENSNBRG00000020689	0	0
ENSNBRG00000020690	0	0
ENSNBRG00000020691	0	0
ENSNBRG00000020692	0	0
ENSNBRG00000020693	0	0
ENSNBRG00000020694	0	0
ENSNBRG00000020695	0	0
ENSNBRG00000020696	0	0
ENSNBRG00000020697	11	48
ENSNBRG00000020698	0	0
ENSNBRG00000020699	0	0
ENSNBRG00000020700	0	0
ENSNBRG00000020701	0	0
ENSNBRG00000020702	0	0
ENSNBRG00000020703	0	0
ENSNBRG00000020704	0	0
ENSNBRG00000020705	0	0
ENSNBRG00000020706	0	0
ENSNBRG00000020707	0	0
ENSNBRG00000020708	0	0
ENSNBRG00000020709	0	0
ENSNBRG00000020710	0	0
ENSNBRG00000020711	0	0
ENSNBRG00000020712	0	0
ENSNBRG00000020713	0	0
ENSNBRG00000020714	0	0
ENSNBRG00000020715	0	0
ENSNBRG00000020716	0	0
ENSNBRG00000020717	26	33
ENSNBRG00000020718	0	0
ENSNBRG00000020719	125	167
ENSNBRG00000020720	0	0
ENSNBRG00000020721	0	0
ENSNBRG00000020722	0	0
ENSNBRG00000020723	0	0
ENSNBRG00000020724	0	0
ENSNBRG00000020725	0	0
ENSNBRG00000020726	31	32
ENSNBRG00000020727	0	0
ENSNBRG00000020728	29	66
ENSNBRG00000020729	0	0
ENSNBRG00000020730	0	0
ENSNBRG00000020731	0	0
ENSNBRG00000020732	0	0
ENSNBRG00000020733	0	0
ENSNBRG00000020734	0	0
ENSNBRG00000020735	0	0
ENSNBRG00000020736	0	0
ENSNBRG00000020737	0	0
ENSNBRG00000020738	15	24
ENSNBRG00000020739	0	0
ENSNBRG00000020740	35	46
ENSNBRG00000020741	0	0
ENSNBRG00000020742	0	0
ENSNBRG00000020743	0	0
ENSNBRG00000020744	0	0
ENSNBRG00000020745	0	0
ENSNBRG00000020746	123	129
ENSNBRG00000020747	0	0
ENSNBRG00000020748	0	0
ENSNBRG00000020749	0	0
ENSNBRG00000020750	0	0
ENSNBRG00000020751	0	0
ENSNBRG00000020752	0	0
ENSNBRG00000020753	0	0
ENSNBRG00000020754	0	0
ENSNBRG00000020755	0	0
ENSNBRG00000020756	0	0
ENSNBRG00000020757	0	0
ENSNBRG00000020758	0	0
ENSNBRG00000020759	0	0
ENSNBRG00000020760	0	0
ENSNBRG00000020761	0	0
ENSNBRG00000020762	1	41
ENSNBRG00000020763	0	0
ENSNBRG00000020764	32	46
ENSNBRG00000020765	0	0
ENSNBRG00000020766	0	0
ENSNBRG00000020767	0	0
ENSNBRG00000020768	0	0
ENSNBRG00000020769	0	0
ENSNBRG00000020770	0	0
ENSNBRG00000020771	0	0
ENSNBRG00000020772	0	0
ENSNBRG00000020773	0	0
ENSNBRG00000020774	0	0
ENSNBRG00000020775	0	0
ENSNBRG00000020776	0	0
ENSNBRG00000020777	1	33
ENSNBRG00000020778	0	0
ENSNBRG00000020779	0	0
ENSNBRG00000020780	0	0
ENSNBRG00000020781	0	0
ENSNBRG00000020782	0	0
ENSNBRG00000020783	0	0
ENSNBRG00000020784	0	0
ENSNBRG00000020785	0	0
ENSNBRG00000020786	0	0
ENSNBRG00000020787	0	0
ENSNBRG00000020788	0	0
ENSNBRG00000020789	0	0
ENSNBRG00000020790	0	0
ENSNBRG00000020791	0	0
ENSNBRG00000020792	0	0
ENSNBRG00000020793	0	0
ENSNBRG00000020794	0	0
ENSNBRG00000020795	0	0
ENSNBRG00000020796	0	0
ENSNBRG00000020797	0	0
ENSNBRG00000020798	0	0
ENSNBRG00000020799	4	47
ENSNBRG00000020800	0	0
ENSNBRG00000020801	0	0
ENSNBRG00000020802	0	0
ENSNBRG00000020803	0	0
ENSNBRG00000020804	0	0
ENSNBRG00000020805	0	0
ENSNBRG00000020806	0	0
ENSNBRG00000020807	0	0
ENSNBRG00000020808	0	0
ENSNBRG00000020809	108	119
ENSNBRG00000020810	0	0
ENSNBRG00000020811	0	0
ENSNBRG00000020812	0	0
ENSNBRG00000020813	0	0
ENSNBRG00000020814	0	0
ENSNBRG00000020815	0	0
ENSNBRG00000020816	0	0
ENSNBRG00000020817	0	0
ENSNBRG00000020818	0	0
ENSNBRG00000020819	0	0
ENSNBRG00000020820	0	0
ENSNBRG00000020821	0	0
ENSNBRG00000020822	0	0
ENSNBRG00000020823	253	292
ENSNBRG00000020824	0	0
ENSNBRG00000020825	0	0
ENSNBRG00000020826	0	0
ENSNBRG00000020827	0	0
ENSNBRG00000020828	0	0
ENSNBRG00000020829	0	0
ENSNBRG00000020830	0	0
ENSNBRG00000020831	0	0
ENSNBRG00000020832	0	0
ENSNBRG00000020833	0	0
ENSNBRG00000020834	0	0
ENSNBRG00000020835	108	147
ENSNBRG00000020836	0	0
ENSNBRG00000020837	0	0
ENSNBRG00000020838	0	0
ENSNBRG00000020839	0	0
ENSNBRG00000020840	0	0
ENSNBRG00000020841	0	0
ENSNBRG00000020842	0	0
ENSNBRG00000020843	0	0
ENSNBRG00000020844	0	0
ENSNBRG00000020845	0	0
ENSNBRG00000020846	41	45
ENSNBRG00000020847	0	0
ENSNBRG00000020848	0	0
ENSNBRG00000020849	0	0
ENSNBRG00000020850	0	0
ENSNBRG00000020851	0	0
ENSNBRG00000020852	0	0
ENSNBRG00000020853	0	0
ENSNBRG00000020854	0	0
ENSNBRG00000020855	0	0
ENSNBRG00000020856	0	0
ENSNBRG00000020857	0	0
ENSNBRG00000020858	0	0
ENSNBRG00000020859	0	0
ENSNBRG00000020860	0	0
ENSNBRG00000020861	0	0
ENSNBRG00000020862	0	0
ENSNBRG00000020863	0	0
ENSNBRG00000020864	0	0
ENSNBRG00000020865	0	0
ENSNBRG00000020866	0	0
ENSNBRG00000020867	0	0
ENSNBRG00000020868	0	0
ENSNBRG00000020869	0	0
ENSNBRG00000020870	0	0
ENSNBRG00000020871	0	0
ENSNBRG00000020872	0	0
ENSNBRG00000020873	0	0
ENSNBRG00000020874	0	0
ENSNBRG00000020875	0	0
ENSNBRG00000020876	0	0
ENSNBRG00000020877	0	0
ENSNBRG00000020878	0	0
ENSNBRG00000020879	0	0
ENSNBRG00000020880	0	0
ENSNBRG00000020881	0	0
ENSNBRG00000020882	0	0
ENSNBRG00000020883	0	0
ENSNBRG00000020884	0	0
ENSNBRG00000020885	0	0
ENSNBRG00000020886	0	0
ENSNBRG00000020887	0	0
ENSNBRG00000020888	0	0
ENSNBRG00000020889	0	0
ENSNBRG00000020890	0	0
ENSNBRG00000020891	0	0
ENSNBRG00000020892	0	0
ENSNBRG00000020893	0	0
ENSNBRG00000020894	0	0
ENSNBRG00000020895	0	0
ENSNBRG00000020896	0	0
ENSNBRG00000020897	37	43
ENSNBRG00000020898	0	0
ENSNBRG00000020899	0	0
ENSNBRG00000020900	35	56
ENSNBRG00000020901	0	0
ENSNBRG00000020902	0	0
ENSNBRG00000020903	0	0
ENSNBRG00000020904	0	0
ENSNBRG00000020905	0	0
ENSNBRG00000020906	0	0
ENSNBRG00000020907	0	0
ENSNBRG00000020908	0	0
ENSNBRG00000020909	0	0
ENSNBRG00000020910	0	0
ENSNBRG00000020911	0	0
ENSNBRG00000020912	0	0
ENSNBRG00000020913	0	0
ENSNBRG00000020914	0	0
ENSNBRG00000020915	0	0
ENSNBRG00000020916	0	0
ENSNBRG00000020917	0	0
ENSNBRG00000020918	0	0
ENSNBRG00000020919	0	0
ENSNBRG00000020920	0	0
ENSNBRG00000020921	0	0
ENSNBRG00000020922	0	0
ENSNBRG00000020923	0	0
ENSNBRG00000020924	0	0
ENSNBRG00000020925	0	0
ENSNBRG00000020926	0	0
ENSNBRG00000020927	0	0
ENSNBRG00000020928	25	38
ENSNBRG00000020929	0	0
ENSNBRG00000020930	0	0
ENSNBRG00000020931	0	0
ENSNBRG00000020932	0	0
ENSNBRG00000020933	0	0
ENSNBRG00000020934	0	0
ENSNBRG00000020935	0	0
ENSNBRG00000020936	1	14
ENSNBRG00000020937	0	0
ENSNBRG00000020938	0	0
ENSNBRG00000020939	0	0
ENSNBRG00000020940	0	0
ENSNBRG00000020941	34	77
ENSNBRG00000020942	0	0
ENSNBRG00000020943	0	0
ENSNBRG00000020944	0	0
ENSNBRG00000020945	0	0
ENSNBRG00000020946	0	0
ENSNBRG00000020947	0	0
ENSNBRG00000020948	0	0
ENSNBRG00000020949	20	47
ENSNBRG00000020950	0	0
ENSNBRG00000020951	0	0
ENSNBRG00000020952	0	0
ENSNBRG00000020953	18	27
ENSNBRG00000020954	0	0
ENSNBRG00000020955	0	0
ENSNBRG00000020956	0	0
ENSNBRG00000020957	0	0
ENSNBRG00000020958	0	0
ENSNBRG00000020959	0	0
ENSNBRG00000020960	0	0
ENSNBRG00000020961	0	0
ENSNBRG00000020962	0	0
ENSNBRG00000020963	0	0
ENSNBRG00000020964	0	0
ENSNBRG00000020965	0	0
ENSNBRG00000020966	0	0
ENSNBRG00000020967	0	0
ENSNBRG00000020968	0	0
ENSNBRG00000020969	23	64
ENSNBRG00000020970	0	0
ENSNBRG00000020971	32	59
ENSNBRG00000020972	0	0
ENSNBRG00000020973	0	0
ENSNBRG00000020974	0	0
ENSNBRG00000020975	1	33
ENSNBRG00000020976	29	64
ENSNBRG00000020977	0	0
ENSNBRG00000020978	0	0
ENSNBRG00000020979	0	0
ENSNBRG00000020980	0	0
ENSNBRG00000020981	0	0
ENSNBRG00000020982	0	0
ENSNBRG00000020983	2	7
ENSNBRG00000020984	0	0
ENSNBRG00000020985	0	0
ENSNBRG00000020986	0	0
ENSNBRG00000020987	0	0
ENSNBRG00000020988	0	0
ENSNBRG00000020989	0	0
ENSNBRG00000020990	0	0
ENSNBRG00000020991	0	0
ENSNBRG00000020992	0	0
ENSNBRG00000020993	0	0
ENSNBRG00000020994	0	0
ENSNBRG00000020995	0	0
ENSNBRG00000020996	0	0
ENSNBRG00000020997	0	0
ENSNBRG00000020998	27	51
ENSNBRG00000020999	23	40
ENSNBRG00000021000	0	0
ENSNBRG00000021001	0	0
ENSNBRG00000021002	0	0
ENSNBRG00000021003	0	0
ENSNBRG00000021004	0	0
ENSNBRG00000021005	0	0
ENSNBRG00000021006	0	0
ENSNBRG00000021007	0	0
ENSNBRG00000021008	0	0
ENSNBRG00000021009	0	0
ENSNBRG00000021010	0	0
ENSNBRG00000021011	0	0
ENSNBRG00000021012	0	0
ENSNBRG00000021013	0	0
ENSNBRG00000021014	180	223
ENSNBRG00000021015	0	0
ENSNBRG00000021016	0	0
ENSNBRG00000021017	0	0
ENSNBRG00000021018	0	0
ENSNBRG00000021019	2	15
ENSNBRG00000021020	0	0
ENSNBRG00000021021	0	0
ENSNBRG00000021022	0	0
ENSNBRG00000021023	0	0
ENSNBRG00000021024	0	0
ENSNBRG00000021025	0	0
ENSNBRG00000021026	0	0
ENSNBRG00000021027	40	78
ENSNBRG00000021028	0	0
ENSNBRG00000021029	0	0
ENSNBRG00000021030	0	0
ENSNBRG00000021031	0	0
ENSNBRG00000021032	314	344
ENSNBRG00000021033	0	0
ENSNBRG00000021034	0	0
ENSNBRG00000021035	0	0
ENSNBRG00000021036	0	0
ENSNBRG00000021037	0	0
ENSNBRG00000021038	0	0
ENSNBRG00000021039	0	0
ENSNBRG00000021040	0	0
ENSNBRG00000021041	0	0
ENSNBRG00000021042	18	44
ENSNBRG00000021043	0	0
ENSNBRG00000021044	0	0
ENSNBRG00000021045	0	0
ENSNBRG00000021046	0	0
ENSNBRG00000021047	2	21
ENSNBRG00000021048	0	0
ENSNBRG00000021049	0	0
ENSNBRG00000021050	0	0
ENSNBRG00000021051	0	0
ENSNBRG00000021052	0	0
ENSNBRG00000021053	0	0
ENSNBRG00000021054	0	0
ENSNBRG00000021055	0	0
ENSNBRG00000021056	0	0
ENSNBRG00000021057	0	0
ENSNBRG00000021058	0	0
ENSNBRG00000021059	0	0
ENSNBRG00000021060	0	0
ENSNBRG00000021061	0	0
ENSNBRG00000021062	0	0
ENSNBRG00000021063	0	0
ENSNBRG00000021064	0	0
ENSNBRG00000021065	0	0
ENSNBRG00000021066	0	0
ENSNBRG00000021067	0	0
ENSNBRG00000021068	0	0
ENSNBRG00000021069	0	0
ENSNBRG00000021070	0	0
ENSNBRG00000021071	0	0
ENSNBRG00000021072	0	0
ENSNBRG00000021073	0	0
ENSNBRG00000021074	0	0
ENSNBRG00000021075	0	0
ENSNBRG00000021076	150	158
ENSNBRG00000021077	0	0
ENSNBRG00000021078	0	0
ENSNBRG00000021079	0	0
ENSNBRG00000021080	31	44
ENSNBRG00000021081	0	0
ENSNBRG00000021082	0	0
ENSNBRG00000021083	0	0
ENSNBRG00000021084	0	0
ENSNBRG00000021085	0	0
ENSNBRG00000021086	0	0
ENSNBRG00000021087	0	0
ENSNBRG00000021088	0	0
ENSNBRG00000021089	0	0
ENSNBRG00000021090	0	0
ENSNBRG00000021091	0	0
ENSNBRG00000021092	0	0
ENSNBRG00000021093	25	35
ENSNBRG00000021094	0	0
ENSNBRG00000021095	0	0
ENSNBRG00000021096	0	0
ENSNBRG00000021097	0	0
ENSNBRG00000021098	0	0
ENSNBRG00000021099	0	0
ENSNBRG00000021100	0	0
ENSNBRG00000021101	0	0
ENSNBRG00000021102	0	0
ENSNBRG00000021103	37	64
ENSNBRG00000021104	0	0
ENSNBRG00000021105	0	0
ENSNBRG00000021106	0	0
ENSNBRG00000021107	0	0
ENSNBRG00000021108	0	0
ENSNBRG00000021109	0	0
ENSNBRG00000021110	0	0
ENSNBRG00000021111	0	0
ENSNBRG00000021112	0	0
ENSNBRG00000021113	0	0
ENSNBRG00000021114	0	0
ENSNBRG00000021115	0	0
ENSNBRG00000021116	27	30
ENSNBRG00000021117	0	0
ENSNBRG00000021118	0	0
ENSNBRG00000021119	0	0
ENSNBRG00000021120	0	0
ENSNBRG00000021121	0	0
ENSNBRG00000021122	0	0
ENSNBRG00000021123	34	74
ENSNBRG00000021124	23	66
ENSNBRG00000021125	0	0
ENSNBRG00000021126	0	0
ENSNBRG00000021127	0	0
ENSNBRG00000021128	0	0
ENSNBRG00000021129	0	0
ENSNBRG00000021130	0	0
ENSNBRG00000021131	0	0
ENSNBRG00000021132	0	0
ENSNBRG00000021133	0	0
ENSNBRG00000021134	28	30
ENSNBRG00000021135	0	0
ENSNBRG00000021136	0	0
ENSNBRG00000021137	0	0
ENSNBRG00000021138	0	0
ENSNBRG00000021139	0	0
ENSNBRG00000021140	0	0
ENSNBRG00000021141	0	0
ENSNBRG00000021142	0	0
ENSNBRG00000021143	0	0
ENSNBRG00000021144	0	0
ENSNBRG00000021145	0	0
ENSNBRG00000021146	0	0
ENSNBRG00000021147	0	0
ENSNBRG00000021148	0	0
ENSNBRG00000021149	0	0
ENSNBRG00000021150	0	0
ENSNBRG00000021151	0	0
ENSNBRG00000021152	0	0
ENSNBRG00000021153	0	0
ENSNBRG00000021154	0	0
ENSNBRG00000021155	0	0
ENSNBRG00000021156	0	0
ENSNBRG00000021157	0	0
ENSNBRG00000021158	0	0
ENSNBRG00000021159	215	239
ENSNBRG00000021160	0	0
ENSNBRG00000021161	0	0
ENSNBRG00000021162	0	0
ENSNBRG00000021163	0	0
ENSNBRG00000021164	0	0
ENSNBRG00000021165	0	0
ENSNBRG00000021166	0	0
ENSNBRG00000021167	0	0
ENSNBRG00000021168	0	0
ENSNBRG00000021169	0	0
ENSNBRG00000021170	0	0
ENSNBRG00000021171	0	0
ENSNBRG00000021172	0	0
ENSNBRG00000021173	0	0
ENSNBRG00000021174	0	0
ENSNBRG00000021175	0	0
ENSNBRG00000021176	0	0
ENSNBRG00000021177	0	0
ENSNBRG00000021178	0	0
ENSNBRG00000021179	0	0
ENSNBRG00000021180	0	0
ENSNBRG00000021181	0	0
ENSNBRG00000021182	0	0
ENSNBRG00000021183	0	0
ENSNBRG00000021184	0	0
ENSNBRG00000021185	0	0
ENSNBRG00000021186	0	0
ENSNBRG00000021187	0	0
ENSNBRG00000021188	0	0
ENSNBRG00000021189	175	200
ENSNBRG00000021190	22	35
ENSNBRG00000021191	0	0
ENSNBRG00000021192	0	0
ENSNBRG00000021193	0	0
ENSNBRG00000021194	0	0
ENSNBRG00000021195	0	0
ENSNBRG00000021196	0	0
ENSNBRG00000021197	25	36
ENSNBRG00000021198	0	0
ENSNBRG00000021199	0	0
ENSNBRG00000021200	0	0
ENSNBRG00000021201	0	0
ENSNBRG00000021202	0	0
ENSNBRG00000021203	0	0
ENSNBRG00000021204	0	0
ENSNBRG00000021205	0	0
ENSNBRG00000021206	20	60
ENSNBRG00000021207	0	0
ENSNBRG00000021208	0	0
ENSNBRG00000021209	87	105
ENSNBRG00000021210	0	0
ENSNBRG00000021211	0	0
ENSNBRG00000021212	0	0
ENSNBRG00000021213	0	0
ENSNBRG00000021214	0	0
ENSNBRG00000021215	0	0
ENSNBRG00000021216	0	0
ENSNBRG00000021217	0	0
ENSNBRG00000021218	0	0
ENSNBRG00000021219	0	0
ENSNBRG00000021220	0	0
ENSNBRG00000021221	0	0
ENSNBRG00000021222	0	0
ENSNBRG00000021223	0	0
ENSNBRG00000021224	1	9
ENSNBRG00000021225	0	0
ENSNBRG00000021226	0	0
ENSNBRG00000021227	0	0
ENSNBRG00000021228	0	0
ENSNBRG00000021229	150	182
ENSNBRG00000021230	0	0
ENSNBRG00000021231	0	0
ENSNBRG00000021232	0	0
ENSNBRG00000021233	0	0
ENSNBRG00000021234	0	0
ENSNBRG00000021235	0	0
ENSNBRG00000021236	0	0
ENSNBRG00000021237	0	0
ENSNBRG00000021238	0	0
ENSNBRG00000021239	0	0
ENSNBRG00000021240	0	0
ENSNBRG00000021241	0	0
ENSNBRG00000021242	0	0
ENSNBRG00000021243	7	39
ENSNBRG00000021244	0	0
ENSNBRG00000021245	0	0
ENSNBRG00000021246	0	0
ENSNBRG00000021247	85	101
ENSNBRG00000021248	30	68
ENSNBRG00000021249	0	0
ENSNBRG00000021250	0	0
ENSNBRG00000021251	0	0
ENSNBRG00000021252	0	0
ENSNBRG00000021253	0	0
ENSNBRG00000021254	0	0
ENSNBRG00000021255	0	0
ENSNBRG00000021256	0	0
ENSNBRG00000021257	0	0
ENSNBRG00000021258	0	0
ENSNBRG00000021259	0	0
ENSNBRG00000021260	0	0
ENSNBRG00000021261	0	0
ENSNBRG00000021262	0	0
ENSNBRG00000021263	0	0
ENSNBRG00000021264	0	0
ENSNBRG00000021265	0	0
ENSNBRG00000021266	0	0
ENSNBRG00000021267	0	0
ENSNBRG00000021268	0	0
ENSNBRG00000021269	0	0
ENSNBRG00000021270	0	0
ENSNBRG00000021271	0	0
ENSNBRG00000021272	0	0
ENSNBRG00000021273	988	997
ENSNBRG00000021274	0	0
ENSNBRG00000021275	0	0
ENSNBRG00000021276	0	0
ENSNBRG00000021277	0	0
ENSNBRG00000021278	0	0
ENSNBRG00000021279	0	0
ENSNBRG00000021280	0	0
ENSNBRG00000021281	0	0
ENSNBRG00000021282	0	0
ENSNBRG00000021283	0	0
ENSNBRG00000021284	0	0
ENSNBRG00000021285	0	0
ENSNBRG00000021286	0	0
ENSNBRG00000021287	0	0
ENSNBRG00000021288	0	0
ENSNBRG00000021289	0	0
ENSNBRG00000021290	0	0
ENSNBRG00000021291	0	0
ENSNBRG00000021292	0	0
ENSNBRG00000021293	0	0
ENSNBRG00000021294	0	0
ENSNBRG00000021295	0	0
ENSNBRG00000021296	0	0
ENSNBRG00000021297	0	0
ENSNBRG00000021298	0	0
ENSNBRG00000021299	26	67
ENSNBRG00000021300	0	0
ENSNBRG00000021301	0	0
ENSNBRG00000021302	0	0
ENSNBRG00000021303	0	0
ENSNBRG00000021304	0	0
ENSNBRG00000021305	0	0
ENSNBRG00000021306	0	0
ENSNBRG00000021307	16	41
ENSNBRG00000021308	0	0
ENSNBRG00000021309	0	0
ENSNBRG00000021310	0	0
ENSNBRG00000021311	0	0
ENSNBRG00000021312	0	0
ENSNBRG00000021313	0	0
ENSNBRG00000021314	0	0
ENSNBRG00000021315	46	60
ENSNBRG00000021316	0	0
ENSNBRG00000021317	0	0
ENSNBRG00000021318	0	0
ENSNBRG00000021319	0	0
ENSNBRG00000021320	0	0
ENSNBRG00000021321	0	0
ENSNBRG00000021322	0	0
ENSNBRG00000021323	0	0
ENSNBRG00000021324	0	0
ENSNBRG00000021325	0	0
ENSNBRG00000021326	487	524
ENSNBRG00000021327	511	533
ENSNBRG00000021328	0	0
ENSNBRG00000021329	0	0
ENSNBRG00000021330	0	0
ENSNBRG00000021331	0	0
ENSNBRG00000021332	34	56
ENSNBRG00000021333	0	0
ENSNBRG00000021334	0	0
ENSNBRG00000021335	0	0
ENSNBRG00000021336	0	0
ENSNBRG00000021337	0	0
ENSNBRG00000021338	0	0
ENSNBRG00000021339	43	50
ENSNBRG00000021340	0	0
ENSNBRG00000021341	0	0
ENSNBRG00000021342	0	0
ENSNBRG00000021343	0	0
ENSNBRG00000021344	0	0
ENSNBRG00000021345	0	0
ENSNBRG00000021346	0	0
ENSNBRG00000021347	0	0
ENSNBRG00000021348	0	0
ENSNBRG00000021349	0	0
ENSNBRG00000021350	0	0
ENSNBRG00000021351	0	0
ENSNBRG00000021352	0	0
ENSNBRG00000021353	0	0
ENSNBRG00000021354	0	0
ENSNBRG00000021355	0	0
ENSNBRG00000021356	0	0
ENSNBRG00000021357	0	0
ENSNBRG00000021358	0	0
ENSNBRG00000021359	0	0
ENSNBRG00000021360	0	0
ENSNBRG00000021361	0	0
ENSNBRG00000021362	388	423
ENSNBRG00000021363	0	0
ENSNBRG00000021364	17	20
ENSNBRG00000021365	0	0
ENSNBRG00000021366	79	85
ENSNBRG00000021367	0	0
ENSNBRG00000021368	0	0
ENSNBRG00000021369	0	0
ENSNBRG00000021370	0	0
ENSNBRG00000021371	40	62
ENSNBRG00000021372	0	0
ENSNBRG00000021373	0	0
ENSNBRG00000021374	0	0
ENSNBRG00000021375	0	0
ENSNBRG00000021376	0	0
ENSNBRG00000021377	0	0
ENSNBRG00000021378	0	0
ENSNBRG00000021379	0	0
ENSNBRG00000021380	0	0
ENSNBRG00000021381	255	275
ENSNBRG00000021382	0	0
ENSNBRG00000021383	0	0
ENSNBRG00000021384	0	0
ENSNBRG00000021385	0	0
ENSNBRG00000021386	0	0
ENSNBRG00000021387	0	0
ENSNBRG00000021388	393	420
ENSNBRG00000021389	0	0
ENSNBRG00000021390	0	0
ENSNBRG00000021391	0	0
ENSNBRG00000021392	58	77
ENSNBRG00000021393	0	0
ENSNBRG00000021394	0	0
ENSNBRG00000021395	1924	1959
ENSNBRG00000021396	0	0
ENSNBRG00000021397	0	0
ENSNBRG00000021398	0	0
ENSNBRG00000021399	0	0
ENSNBRG00000021400	0	0
ENSNBRG00000021401	19	23
ENSNBRG00000021402	0	0
ENSNBRG00000021403	0	0
ENSNBRG00000021404	0	0
ENSNBRG00000021405	0	0
ENSNBRG00000021406	0	0
ENSNBRG00000021407	0	0
ENSNBRG00000021408	0	0
ENSNBRG00000021409	965	987
ENSNBRG00000021410	0	0
ENSNBRG00000021411	0	0
ENSNBRG00000021412	0	0
ENSNBRG00000021413	27	52
ENSNBRG00000021414	5	33
ENSNBRG00000021415	0	0
ENSNBRG00000021416	0	0
ENSNBRG00000021417	0	0
ENSNBRG00000021418	0	0
ENSNBRG00000021419	29	55
ENSNBRG00000021420	0	0
ENSNBRG00000021421	0	0
ENSNBRG00000021422	0	0
ENSNBRG00000021423	0	0
ENSNBRG00000021424	0	0
ENSNBRG00000021425	0	0
ENSNBRG00000021426	0	0
ENSNBRG00000021427	88	105
ENSNBRG00000021428	0	0
ENSNBRG00000021429	0	0
ENSNBRG00000021430	0	0
ENSNBRG00000021431	0	0
ENSNBRG00000021432	0	0
ENSNBRG00000021433	0	0
ENSNBRG00000021434	18	58
ENSNBRG00000021435	0	0
ENSNBRG00000021436	10	34
ENSNBRG00000021437	0	0
ENSNBRG00000021438	0	0
ENSNBRG00000021439	0	0
ENSNBRG00000021440	0	0
ENSNBRG00000021441	0	0
ENSNBRG00000021442	0	0
ENSNBRG00000021443	0	0
ENSNBRG00000021444	0	0
ENSNBRG00000021445	23	66
ENSNBRG00000021446	0	0
ENSNBRG00000021447	41	43
ENSNBRG00000021448	0	0
ENSNBRG00000021449	0	0
ENSNBRG00000021450	0	0
ENSNBRG00000021451	0	0
ENSNBRG00000021452	0	0
ENSNBRG00000021453	0	0
ENSNBRG00000021454	0	0
ENSNBRG00000021455	0	0
ENSNBRG00000021456	0	0
ENSNBRG00000021457	0	0
ENSNBRG00000021458	0	0
ENSNBRG00000021459	0	0
ENSNBRG00000021460	0	0
ENSNBRG00000021461	30	67
ENSNBRG00000021462	0	0
ENSNBRG00000021463	0	0
ENSNBRG00000021464	0	0
ENSNBRG00000021465	3	43
ENSNBRG00000021466	0	0
ENSNBRG00000021467	0	0
ENSNBRG00000021468	0	0
ENSNBRG00000021469	0	0
ENSNBRG00000021470	0	0
ENSNBRG00000021471	0	0
ENSNBRG00000021472	0	0
ENSNBRG00000021473	0	0
ENSNBRG00000021474	0	0
ENSNBRG00000021475	0	0
ENSNBRG00000021476	0	0
ENSNBRG00000021477	0	0
ENSNBRG00000021478	0	0
ENSNBRG00000021479	0	0
ENSNBRG00000021480	0	0
ENSNBRG00000021481	0	0
ENSNBRG00000021482	0	0
ENSNBRG00000021483	0	0
ENSNBRG00000021484	0	0
ENSNBRG00000021485	0	0
ENSNBRG00000021486	0	0
ENSNBRG00000021487	0	0
ENSNBRG00000021488	0	0
ENSNBRG00000021489	0	0
ENSNBRG00000021490	0	0
ENSNBRG00000021491	0	0
ENSNBRG00000021492	0	0
ENSNBRG00000021493	0	0
ENSNBRG00000021494	0	0
ENSNBRG00000021495	0	0
ENSNBRG00000021496	269	303
ENSNBRG00000021497	0	0
ENSNBRG00000021498	3	8
ENSNBRG00000021499	0	0
ENSNBRG00000021500	0	0
ENSNBRG00000021501	0	0
ENSNBRG00000021502	0	0
ENSNBRG00000021503	38	45
ENSNBRG00000021504	0	0
ENSNBRG00000021505	0	0
ENSNBRG00000021506	0	0
ENSNBRG00000021507	0	0
ENSNBRG00000021508	0	0
ENSNBRG00000021509	0	0
ENSNBRG00000021510	0	0
ENSNBRG00000021511	0	0
ENSNBRG00000021512	0	0
ENSNBRG00000021513	0	0
ENSNBRG00000021514	0	0
ENSNBRG00000021515	0	0
ENSNBRG00000021516	0	0
ENSNBRG00000021517	0	0
ENSNBRG00000021518	0	0
ENSNBRG00000021519	0	0
ENSNBRG00000021520	0	0
ENSNBRG00000021521	0	0
ENSNBRG00000021522	0	0
ENSNBRG00000021523	0	0
ENSNBRG00000021524	0	0
ENSNBRG00000021525	0	0
ENSNBRG00000021526	0	0
ENSNBRG00000021527	0	0
ENSNBRG00000021528	0	0
ENSNBRG00000021529	0	0
ENSNBRG00000021530	0	0
ENSNBRG00000021531	0	0
ENSNBRG00000021532	0	0
ENSNBRG00000021533	0	0
ENSNBRG00000021534	0	0
ENSNBRG00000021535	0	0
ENSNBRG00000021536	0	0
ENSNBRG00000021537	0	0
ENSNBRG00000021538	0	0
ENSNBRG00000021539	0	0
ENSNBRG00000021540	0	0
ENSNBRG00000021541	0	0
ENSNBRG00000021542	0	0
ENSNBRG00000021543	0	0
ENSNBRG00000021544	0	0
ENSNBRG00000021545	66	96
ENSNBRG00000021546	0	0
ENSNBRG00000021547	0	0
ENSNBRG00000021548	0	0
ENSNBRG00000021549	0	0
ENSNBRG00000021550	0	0
ENSNBRG00000021551	0	0
ENSNBRG00000021552	0	0
ENSNBRG00000021553	0	0
ENSNBRG00000021554	0	0
ENSNBRG00000021555	0	0
ENSNBRG00000021556	0	0
ENSNBRG00000021557	0	0
ENSNBRG00000021558	0	0
ENSNBRG00000021559	0	0
ENSNBRG00000021560	0	0
ENSNBRG00000021561	0	0
ENSNBRG00000021562	0	0
ENSNBRG00000021563	0	0
ENSNBRG00000021564	0	0
ENSNBRG00000021565	0	0
ENSNBRG00000021566	0	0
ENSNBRG00000021567	0	0
ENSNBRG00000021568	0	0
ENSNBRG00000021569	0	0
ENSNBRG00000021570	0	0
ENSNBRG00000021571	71	113
ENSNBRG00000021572	0	0
ENSNBRG00000021573	0	0
ENSNBRG00000021574	0	0
ENSNBRG00000021575	0	0
ENSNBRG00000021576	2	25
ENSNBRG00000021577	0	0
ENSNBRG00000021578	0	0
ENSNBRG00000021579	0	0
ENSNBRG00000021580	0	0
ENSNBRG00000021581	0	0
ENSNBRG00000021582	0	0
ENSNBRG00000021583	0	0
ENSNBRG00000021584	0	0
ENSNBRG00000021585	0	0
ENSNBRG00000021586	0	0
ENSNBRG00000021587	0	0
ENSNBRG00000021588	26	39
ENSNBRG00000021589	0	0
ENSNBRG00000021590	0	0
ENSNBRG00000021591	0	0
ENSNBRG00000021592	0	0
ENSNBRG00000021593	0	0
ENSNBRG00000021594	0	0
ENSNBRG00000021595	0	0
ENSNBRG00000021596	295	332
ENSNBRG00000021597	0	0
ENSNBRG00000021598	0	0
ENSNBRG00000021599	0	0
ENSNBRG00000021600	23	60
ENSNBRG00000021601	0	0
ENSNBRG00000021602	0	0
ENSNBRG00000021603	1	26
ENSNBRG00000021604	0	0
ENSNBRG00000021605	0	0
ENSNBRG00000021606	0	0
ENSNBRG00000021607	0	0
ENSNBRG00000021608	0	0
ENSNBRG00000021609	0	0
ENSNBRG00000021610	0	0
ENSNBRG00000021611	0	0
ENSNBRG00000021612	0	0
ENSNBRG00000021613	0	0
ENSNBRG00000021614	45	63
ENSNBRG00000021615	0	0
ENSNBRG00000021616	0	0
ENSNBRG00000021617	0	0
ENSNBRG00000021618	0	0
ENSNBRG00000021619	0	0
ENSNBRG00000021620	41	80
ENSNBRG00000021621	0	0
ENSNBRG00000021622	0	0
ENSNBRG00000021623	0	0
ENSNBRG00000021624	0	0
ENSNBRG00000021625	0	0
ENSNBRG00000021626	0	0
ENSNBRG00000021627	0	0
ENSNBRG00000021628	0	0
ENSNBRG00000021629	0	0
ENSNBRG00000021630	0	0
ENSNBRG00000021631	0	0
ENSNBRG00000021632	0	0
ENSNBRG00000021633	32	69
ENSNBRG00000021634	0	0
ENSNBRG00000021635	0	0
ENSNBRG00000021636	0	0
ENSNBRG00000021637	0	0
ENSNBRG00000021638	0	0
ENSNBRG00000021639	0	0
ENSNBRG00000021640	0	0
ENSNBRG00000021641	0	0
ENSNBRG00000021642	0	0
ENSNBRG00000021643	0	0
ENSNBRG00000021644	0	0
ENSNBRG00000021645	0	0
ENSNBRG00000021646	0	0
ENSNBRG00000021647	0	0
ENSNBRG00000021648	0	0
ENSNBRG00000021649	0	0
ENSNBRG00000021650	0	0
ENSNBRG00000021651	0	0
ENSNBRG00000021652	0	0
ENSNBRG00000021653	0	0
ENSNBRG00000021654	0	0
ENSNBRG00000021655	0	0
ENSNBRG00000021656	0	0
ENSNBRG00000021657	0	0
ENSNBRG00000021658	0	0
ENSNBRG00000021659	0	0
ENSNBRG00000021660	0	0
ENSNBRG00000021661	0	0
ENSNBRG00000021662	6	12
ENSNBRG00000021663	0	0
ENSNBRG00000021664	0	0
ENSNBRG00000021665	0	0
ENSNBRG00000021666	0	0
ENSNBRG00000021667	0	0
ENSNBRG00000021668	0	0
ENSNBRG00000021669	0	0
ENSNBRG00000021670	0	0
ENSNBRG00000021671	0	0
ENSNBRG00000021672	0	0
ENSNBRG00000021673	0	0
ENSNBRG00000021674	28	53
ENSNBRG00000021675	0	0
ENSNBRG00000021676	0	0
ENSNBRG00000021677	0	0
ENSNBRG00000021678	0	0
ENSNBRG00000021679	0	0
ENSNBRG00000021680	0	0
ENSNBRG00000021681	0	0
ENSNBRG00000021682	0	0
ENSNBRG00000021683	0	0
ENSNBRG00000021684	0	0
ENSNBRG00000021685	0	0
ENSNBRG00000021686	0	0
ENSNBRG00000021687	0	0
ENSNBRG00000021688	0	0
ENSNBRG00000021689	0	0
ENSNBRG00000021690	0	0
ENSNBRG00000021691	0	0
ENSNBRG00000021692	0	0
ENSNBRG00000021693	0	0
ENSNBRG00000021694	0	0
ENSNBRG00000021695	0	0
ENSNBRG00000021696	0	0
ENSNBRG00000021697	0	0
ENSNBRG00000021698	0	0
ENSNBRG00000021699	0	0
ENSNBRG00000021700	0	0
ENSNBRG00000021701	0	0
ENSNBRG00000021702	0	0
ENSNBRG00000021703	0	0
ENSNBRG00000021704	0	0
ENSNBRG00000021705	0	0
ENSNBRG00000021706	0	0
ENSNBRG00000021707	0	0
ENSNBRG00000021708	0	0
ENSNBRG00000021709	163	184
ENSNBRG00000021710	0	0
ENSNBRG00000021711	31	42
ENSNBRG00000021712	0	0
ENSNBRG00000021713	0	0
ENSNBRG00000021714	0	0
ENSNBRG00000021715	0	0
ENSNBRG00000021716	0	0
ENSNBRG00000021717	0	0
ENSNBRG00000021718	0	0
ENSNBRG00000021719	763	805
ENSNBRG00000021720	0	0
ENSNBRG00000021721	0	0
ENSNBRG00000021722	0	0
ENSNBRG00000021723	0	0
ENSNBRG00000021724	3	41
ENSNBRG00000021725	32	61
ENSNBRG00000021726	0	0
ENSNBRG00000021727	0	0
ENSNBRG00000021728	0	0
ENSNBRG00000021729	22	36
ENSNBRG00000021730	0	0
ENSNBRG00000021731	0	0
ENSNBRG00000021732	0	0
ENSNBRG00000021733	0	0
ENSNBRG00000021734	0	0
ENSNBRG00000021735	0	0
ENSNBRG00000021736	0	0
ENSNBRG00000021737	0	0
ENSNBRG00000021738	0	0
ENSNBRG00000021739	0	0
ENSNBRG00000021740	0	0
ENSNBRG00000021741	0	0
ENSNBRG00000021742	0	0
ENSNBRG00000021743	0	0
ENSNBRG00000021744	0	0
ENSNBRG00000021745	11	17
ENSNBRG00000021746	90	122
ENSNBRG00000021747	0	0
ENSNBRG00000021748	0	0
ENSNBRG00000021749	0	0
ENSNBRG00000021750	0	0
ENSNBRG00000021751	0	0
ENSNBRG00000021752	0	0
ENSNBRG00000021753	0	0
ENSNBRG00000021754	0	0
ENSNBRG00000021755	0	0
ENSNBRG00000021756	0	0
ENSNBRG00000021757	42	61
ENSNBRG00000021758	0	0
ENSNBRG00000021759	0	0
ENSNBRG00000021760	0	0
ENSNBRG00000021761	0	0
ENSNBRG00000021762	0	0
ENSNBRG00000021763	0	0
ENSNBRG00000021764	0	0
ENSNBRG00000021765	0	0
ENSNBRG00000021766	0	0
ENSNBRG00000021767	0	0
ENSNBRG00000021768	10	39
ENSNBRG00000021769	0	0
ENSNBRG00000021770	0	0
ENSNBRG00000021771	25	47
ENSNBRG00000021772	0	0
ENSNBRG00000021773	0	0
ENSNBRG00000021774	0	0
ENSNBRG00000021775	0	0
ENSNBRG00000021776	0	0
ENSNBRG00000021777	0	0
ENSNBRG00000021778	0	0
ENSNBRG00000021779	0	0
ENSNBRG00000021780	0	0
ENSNBRG00000021781	0	0
ENSNBRG00000021782	0	0
ENSNBRG00000021783	0	0
ENSNBRG00000021784	0	0
ENSNBRG00000021785	0	0
ENSNBRG00000021786	22	25
ENSNBRG00000021787	0	0
ENSNBRG00000021788	12	48
ENSNBRG00000021789	0	0
ENSNBRG00000021790	0	0
ENSNBRG00000021791	0	0
ENSNBRG00000021792	0	0
ENSNBRG00000021793	0	0
ENSNBRG00000021794	9	27
ENSNBRG00000021795	0	0
ENSNBRG00000021796	0	0
ENSNBRG00000021797	0	0
ENSNBRG00000021798	0	0
ENSNBRG00000021799	0	0
ENSNBRG00000021800	0	0
ENSNBRG00000021801	0	0
ENSNBRG00000021802	0	0
ENSNBRG00000021803	50	87
ENSNBRG00000021804	17	18
ENSNBRG00000021805	0	0
ENSNBRG00000021806	0	0
ENSNBRG00000021807	9	47
ENSNBRG00000021808	0	0
ENSNBRG00000021809	0	0
ENSNBRG00000021810	0	0
ENSNBRG00000021811	0	0
ENSNBRG00000021812	0	0
ENSNBRG00000021813	26	28
ENSNBRG00000021814	0	0
ENSNBRG00000021815	0	0
ENSNBRG00000021816	0	0
ENSNBRG00000021817	0	0
ENSNBRG00000021818	0	0
ENSNBRG00000021819	0	0
ENSNBRG00000021820	0	0
ENSNBRG00000021821	35	68
ENSNBRG00000021822	0	0
ENSNBRG00000021823	0	0
ENSNBRG00000021824	0	0
ENSNBRG00000021825	0	0
ENSNBRG00000021826	0	0
ENSNBRG00000021827	29	39
ENSNBRG00000021828	0	0
ENSNBRG00000021829	49	51
ENSNBRG00000021830	0	0
ENSNBRG00000021831	0	0
ENSNBRG00000021832	0	0
ENSNBRG00000021833	0	0
ENSNBRG00000021834	0	0
ENSNBRG00000021835	0	0
ENSNBRG00000021836	0	0
ENSNBRG00000021837	0	0
ENSNBRG00000021838	0	0
ENSNBRG00000021839	0	0
ENSNBRG00000021840	0	0
ENSNBRG00000021841	0	0
ENSNBRG00000021842	0	0
ENSNBRG00000021843	0	0
ENSNBRG00000021844	0	0
ENSNBRG00000021845	0	0
ENSNBRG00000021846	0	0
ENSNBRG00000021847	0	0
ENSNBRG00000021848	0	0
ENSNBRG00000021849	0	0
ENSNBRG00000021850	0	0
ENSNBRG00000021851	0	0
ENSNBRG00000021852	0	0
ENSNBRG00000021853	0	0
ENSNBRG00000021854	0	0
ENSNBRG00000021855	0	0
ENSNBRG00000021856	460	479
ENSNBRG00000021857	0	0
ENSNBRG00000021858	0	0
ENSNBRG00000021859	0	0
ENSNBRG00000021860	0	0
ENSNBRG00000021861	0	0
ENSNBRG00000021862	0	0
ENSNBRG00000021863	0	0
ENSNBRG00000021864	0	0
ENSNBRG00000021865	0	0
ENSNBRG00000021866	0	0
ENSNBRG00000021867	0	0
ENSNBRG00000021868	0	0
ENSNBRG00000021869	0	0
ENSNBRG00000021870	0	0
ENSNBRG00000021871	0	0
ENSNBRG00000021872	0	0
ENSNBRG00000021873	0	0
ENSNBRG00000021874	0	0
ENSNBRG00000021875	0	0
ENSNBRG00000021876	0	0
ENSNBRG00000021877	0	0
ENSNBRG00000021878	0	0
ENSNBRG00000021879	0	0
ENSNBRG00000021880	0	0
ENSNBRG00000021881	0	0
ENSNBRG00000021882	0	0
ENSNBRG00000021883	0	0
ENSNBRG00000021884	89	108
ENSNBRG00000021885	0	0
ENSNBRG00000021886	0	0
ENSNBRG00000021887	0	0
ENSNBRG00000021888	0	0
ENSNBRG00000021889	0	0
ENSNBRG00000021890	0	0
ENSNBRG00000021891	0	0
ENSNBRG00000021892	0	0
ENSNBRG00000021893	1	43
ENSNBRG00000021894	0	0
ENSNBRG00000021895	0	0
ENSNBRG00000021896	0	0
ENSNBRG00000021897	0	0
ENSNBRG00000021898	0	0
ENSNBRG00000021899	0	0
ENSNBRG00000021900	0	0
ENSNBRG00000021901	0	0
ENSNBRG00000021902	0	0
ENSNBRG00000021903	0	0
ENSNBRG00000021904	4	5
ENSNBRG00000021905	0	0
ENSNBRG00000021906	0	0
ENSNBRG00000021907	0	0
ENSNBRG00000021908	0	0
ENSNBRG00000021909	0	0
ENSNBRG00000021910	0	0
ENSNBRG00000021911	0	0
ENSNBRG00000021912	0	0
ENSNBRG00000021913	0	0
ENSNBRG00000021914	0	0
ENSNBRG00000021915	0	0
ENSNBRG00000021916	0	0
ENSNBRG00000021917	0	0
ENSNBRG00000021918	0	0
ENSNBRG00000021919	0	0
ENSNBRG00000021920	0	0
ENSNBRG00000021921	0	0
ENSNBRG00000021922	0	0
ENSNBRG00000021923	0	0
ENSNBRG00000021924	0	0
ENSNBRG00000021925	1652	1661
ENSNBRG00000021926	0	0
ENSNBRG00000021927	0	0
ENSNBRG00000021928	45	72
ENSNBRG00000021929	0	0
ENSNBRG00000021930	0	0
ENSNBRG00000021931	0	0
ENSNBRG00000021932	38	57
ENSNBRG00000021933	0	0
ENSNBRG00000021934	0	0
ENSNBRG00000021935	0	0
ENSNBRG00000021936	0	0
ENSNBRG00000021937	0	0
ENSNBRG00000021938	0	0
ENSNBRG00000021939	0	0
ENSNBRG00000021940	0	0
ENSNBRG00000021941	162	187
ENSNBRG00000021942	0	0
ENSNBRG00000021943	0	0
ENSNBRG00000021944	0	0
ENSNBRG00000021945	0	0
ENSNBRG00000021946	0	0
ENSNBRG00000021947	0	0
ENSNBRG00000021948	0	0
ENSNBRG00000021949	0	0
ENSNBRG00000021950	0	0
ENSNBRG00000021951	0	0
ENSNBRG00000021952	0	0
ENSNBRG00000021953	0	0
ENSNBRG00000021954	0	0
ENSNBRG00000021955	0	0
ENSNBRG00000021956	0	0
ENSNBRG00000021957	1	10
ENSNBRG00000021958	46	72
ENSNBRG00000021959	263	286
ENSNBRG00000021960	0	0
ENSNBRG00000021961	0	0
ENSNBRG00000021962	0	0
ENSNBRG00000021963	0	0
ENSNBRG00000021964	27	32
ENSNBRG00000021965	0	0
ENSNBRG00000021966	0	0
ENSNBRG00000021967	0	0
ENSNBRG00000021968	0	0
ENSNBRG00000021969	0	0
ENSNBRG00000021970	31	46
ENSNBRG00000021971	0	0
ENSNBRG00000021972	0	0
ENSNBRG00000021973	0	0
ENSNBRG00000021974	0	0
ENSNBRG00000021975	0	0
ENSNBRG00000021976	1	42
ENSNBRG00000021977	0	0
ENSNBRG00000021978	0	0
ENSNBRG00000021979	0	0
ENSNBRG00000021980	0	0
ENSNBRG00000021981	0	0
ENSNBRG00000021982	29	62
ENSNBRG00000021983	0	0
ENSNBRG00000021984	0	0
ENSNBRG00000021985	0	0
ENSNBRG00000021986	0	0
ENSNBRG00000021987	0	0
ENSNBRG00000021988	0	0
ENSNBRG00000021989	0	0
ENSNBRG00000021990	0	0
ENSNBRG00000021991	0	0
ENSNBRG00000021992	0	0
ENSNBRG00000021993	0	0
ENSNBRG00000021994	0	0
ENSNBRG00000021995	0	0
ENSNBRG00000021996	0	0
ENSNBRG00000021997	0	0
ENSNBRG00000021998	0	0
ENSNBRG00000021999	0	0
ENSNBRG00000022000	0	0
ENSNBRG00000022001	0	0
ENSNBRG00000022002	0	0
ENSNBRG00000022003	0	0
ENSNBRG00000022004	0	0
ENSNBRG00000022005	0	0
ENSNBRG00000022006	0	0
ENSNBRG00000022007	29	30
ENSNBRG00000022008	0	0
ENSNBRG00000022009	0	0
ENSNBRG00000022010	0	0
ENSNBRG00000022011	0	0
ENSNBRG00000022012	0	0
ENSNBRG00000022013	0	0
ENSNBRG00000022014	0	0
ENSNBRG00000022015	0	0
ENSNBRG00000022016	0	0
ENSNBRG00000022017	21	53
ENSNBRG00000022018	0	0
ENSNBRG00000022019	0	0
ENSNBRG00000022020	0	0
ENSNBRG00000022021	0	0
ENSNBRG00000022022	0	0
ENSNBRG00000022023	0	0
ENSNBRG00000022024	0	0
ENSNBRG00000022025	1166	1171
ENSNBRG00000022026	0	0
ENSNBRG00000022027	0	0
ENSNBRG00000022028	0	0
ENSNBRG00000022029	0	0
ENSNBRG00000022030	0	0
ENSNBRG00000022031	0	0
ENSNBRG00000022032	0	0
ENSNBRG00000022033	0	0
ENSNBRG00000022034	0	0
ENSNBRG00000022035	0	0
ENSNBRG00000022036	0	0
ENSNBRG00000022037	0	0
ENSNBRG00000022038	0	0
ENSNBRG00000022039	0	0
ENSNBRG00000022040	0	0
ENSNBRG00000022041	0	0
ENSNBRG00000022042	44	52
ENSNBRG00000022043	0	0
ENSNBRG00000022044	0	0
ENSNBRG00000022045	0	0
ENSNBRG00000022046	0	0
ENSNBRG00000022047	31	62
ENSNBRG00000022048	0	0
ENSNBRG00000022049	0	0
ENSNBRG00000022050	0	0
ENSNBRG00000022051	0	0
ENSNBRG00000022052	0	0
ENSNBRG00000022053	0	0
ENSNBRG00000022054	0	0
ENSNBRG00000022055	0	0
ENSNBRG00000022056	0	0
ENSNBRG00000022057	23	30
ENSNBRG00000022058	0	0
ENSNBRG00000022059	0	0
ENSNBRG00000022060	0	0
ENSNBRG00000022061	0	0
ENSNBRG00000022062	0	0
ENSNBRG00000022063	88	89
ENSNBRG00000022064	39	40
ENSNBRG00000022065	0	0
ENSNBRG00000022066	0	0
ENSNBRG00000022067	0	0
ENSNBRG00000022068	0	0
ENSNBRG00000022069	80	96
ENSNBRG00000022070	0	0
ENSNBRG00000022071	0	0
ENSNBRG00000022072	0	0
ENSNBRG00000022073	0	0
ENSNBRG00000022074	0	0
ENSNBRG00000022075	0	0
ENSNBRG00000022076	0	0
ENSNBRG00000022077	0	0
ENSNBRG00000022078	0	0
ENSNBRG00000022079	0	0
ENSNBRG00000022080	0	0
ENSNBRG00000022081	0	0
ENSNBRG00000022082	0	0
ENSNBRG00000022083	32	41
ENSNBRG00000022084	28	57
ENSNBRG00000022085	0	0
ENSNBRG00000022086	0	0
ENSNBRG00000022087	0	0
ENSNBRG00000022088	0	0
ENSNBRG00000022089	0	0
ENSNBRG00000022090	17	59
ENSNBRG00000022091	0	0
ENSNBRG00000022092	0	0
ENSNBRG00000022093	0	0
ENSNBRG00000022094	0	0
ENSNBRG00000022095	0	0
ENSNBRG00000022096	0	0
ENSNBRG00000022097	184	216
ENSNBRG00000022098	0	0
ENSNBRG00000022099	0	0
ENSNBRG00000022100	0	0
ENSNBRG00000022101	0	0
ENSNBRG00000022102	0	0
ENSNBRG00000022103	0	0
ENSNBRG00000022104	46	59
ENSNBRG00000022105	0	0
ENSNBRG00000022106	0	0
ENSNBRG00000022107	0	0
ENSNBRG00000022108	0	0
ENSNBRG00000022109	0	0
ENSNBRG00000022110	0	0
ENSNBRG00000022111	0	0
ENSNBRG00000022112	0	0
ENSNBRG00000022113	0	0
ENSNBRG00000022114	0	0
ENSNBRG00000022115	0	0
ENSNBRG00000022116	0	0
ENSNBRG00000022117	0	0
ENSNBRG00000022118	2	18
ENSNBRG00000022119	0	0
ENSNBRG00000022120	26	36
ENSNBRG00000022121	0	0
ENSNBRG00000022122	0	0
ENSNBRG00000022123	0	0
ENSNBRG00000022124	0	0
ENSNBRG00000022125	0	0
ENSNBRG00000022126	408	411
ENSNBRG00000022127	0	0
ENSNBRG00000022128	0	0
ENSNBRG00000022129	0	0
ENSNBRG00000022130	0	0
ENSNBRG00000022131	0	0
ENSNBRG00000022132	0	0
ENSNBRG00000022133	0	0
ENSNBRG00000022134	0	0
ENSNBRG00000022135	0	0
ENSNBRG00000022136	0	0
ENSNBRG00000022137	0	0
ENSNBRG00000022138	0	0
ENSNBRG00000022139	432	466
ENSNBRG00000022140	0	0
ENSNBRG00000022141	0	0
ENSNBRG00000022142	0	0
ENSNBRG00000022143	0	0
ENSNBRG00000022144	0	0
ENSNBRG00000022145	0	0
ENSNBRG00000022146	0	0
ENSNBRG00000022147	0	0
ENSNBRG00000022148	0	0
ENSNBRG00000022149	0	0
ENSNBRG00000022150	0	0
ENSNBRG00000022151	0	0
ENSNBRG00000022152	0	0
ENSNBRG00000022153	0	0
ENSNBRG00000022154	0	0
ENSNBRG00000022155	0	0
ENSNBRG00000022156	11	18
ENSNBRG00000022157	0	0
ENSNBRG00000022158	0	0
ENSNBRG00000022159	0	0
ENSNBRG00000022160	0	0
ENSNBRG00000022161	0	0
ENSNBRG00000022162	0	0
ENSNBRG00000022163	0	0
ENSNBRG00000022164	0	0
ENSNBRG00000022165	0	0
ENSNBRG00000022166	0	0
ENSNBRG00000022167	0	0
ENSNBRG00000022168	0	0
ENSNBRG00000022169	0	0
ENSNBRG00000022170	0	0
ENSNBRG00000022171	0	0
ENSNBRG00000022172	0	0
ENSNBRG00000022173	0	0
ENSNBRG00000022174	0	0
ENSNBRG00000022175	0	0
ENSNBRG00000022176	0	0
ENSNBRG00000022177	0	0
ENSNBRG00000022178	0	0
ENSNBRG00000022179	38	69
ENSNBRG00000022180	0	0
ENSNBRG00000022181	0	0
ENSNBRG00000022182	0	0
ENSNBRG00000022183	0	0
ENSNBRG00000022184	0	0
ENSNBRG00000022185	0	0
ENSNBRG00000022186	0	0
ENSNBRG00000022187	0	0
ENSNBRG00000022188	0	0
ENSNBRG00000022189	0	0
ENSNBRG00000022190	0	0
ENSNBRG00000022191	0	0
ENSNBRG00000022192	10	18
ENSNBRG00000022193	0	0
ENSNBRG00000022194	0	0
ENSNBRG00000022195	0	0
ENSNBRG00000022196	0	0
ENSNBRG00000022197	0	0
ENSNBRG00000022198	0	0
ENSNBRG00000022199	0	0
ENSNBRG00000022200	32	53
ENSNBRG00000022201	0	0
ENSNBRG00000022202	89	98
ENSNBRG00000022203	0	0
ENSNBRG00000022204	0	0
ENSNBRG00000022205	0	0
ENSNBRG00000022206	0	0
ENSNBRG00000022207	0	0
ENSNBRG00000022208	0	0
ENSNBRG00000022209	0	0
ENSNBRG00000022210	0	0
ENSNBRG00000022211	0	0
ENSNBRG00000022212	0	0
ENSNBRG00000022213	0	0
ENSNBRG00000022214	115	122
ENSNBRG00000022215	0	0
ENSNBRG00000022216	0	0
ENSNBRG00000022217	0	0
ENSNBRG00000022218	0	0
ENSNBRG00000022219	1	10
ENSNBRG00000022220	0	0
ENSNBRG00000022221	0	0
ENSNBRG00000022222	0	0
ENSNBRG00000022223	0	0
ENSNBRG00000022224	0	0
ENSNBRG00000022225	0	0
ENSNBRG00000022226	0	0
ENSNBRG00000022227	0	0
ENSNBRG00000022228	0	0
ENSNBRG00000022229	0	0
ENSNBRG00000022230	0	0
ENSNBRG00000022231	0	0
ENSNBRG00000022232	0	0
ENSNBRG00000022233	0	0
ENSNBRG00000022234	0	0
ENSNBRG00000022235	5	29
ENSNBRG00000022236	180	210
ENSNBRG00000022237	0	0
ENSNBRG00000022238	0	0
ENSNBRG00000022239	256	287
ENSNBRG00000022240	0	0
ENSNBRG00000022241	0	0
ENSNBRG00000022242	1	41
ENSNBRG00000022243	0	0
ENSNBRG00000022244	0	0
ENSNBRG00000022245	0	0
ENSNBRG00000022246	145	181
ENSNBRG00000022247	0	0
ENSNBRG00000022248	0	0
ENSNBRG00000022249	63	103
ENSNBRG00000022250	0	0
ENSNBRG00000022251	0	0
ENSNBRG00000022252	0	0
ENSNBRG00000022253	218	261
ENSNBRG00000022254	0	0
ENSNBRG00000022255	0	0
ENSNBRG00000022256	0	0
ENSNBRG00000022257	0	0
ENSNBRG00000022258	0	0
ENSNBRG00000022259	0	0
ENSNBRG00000022260	0	0
ENSNBRG00000022261	0	0
ENSNBRG00000022262	0	0
ENSNBRG00000022263	0	0
ENSNBRG00000022264	0	0
ENSNBRG00000022265	0	0
ENSNBRG00000022266	0	0
ENSNBRG00000022267	1	7
ENSNBRG00000022268	0	0
ENSNBRG00000022269	0	0
ENSNBRG00000022270	0	0
ENSNBRG00000022271	0	0
ENSNBRG00000022272	0	0
ENSNBRG00000022273	0	0
ENSNBRG00000022274	0	0
ENSNBRG00000022275	0	0
ENSNBRG00000022276	0	0
ENSNBRG00000022277	0	0
ENSNBRG00000022278	0	0
ENSNBRG00000022279	0	0
ENSNBRG00000022280	0	0
ENSNBRG00000022281	0	0
ENSNBRG00000022282	0	0
ENSNBRG00000022283	0	0
ENSNBRG00000022284	0	0
ENSNBRG00000022285	0	0
ENSNBRG00000022286	0	0
ENSNBRG00000022287	0	0
ENSNBRG00000022288	0	0
ENSNBRG00000022289	0	0
ENSNBRG00000022290	0	0
ENSNBRG00000022291	0	0
ENSNBRG00000022292	0	0
ENSNBRG00000022293	0	0
ENSNBRG00000022294	0	0
ENSNBRG00000022295	0	0
ENSNBRG00000022296	24	66
ENSNBRG00000022297	0	0
ENSNBRG00000022298	0	0
ENSNBRG00000022299	0	0
ENSNBRG00000022300	0	0
ENSNBRG00000022301	125	150
ENSNBRG00000022302	0	0
ENSNBRG00000022303	0	0
ENSNBRG00000022304	0	0
ENSNBRG00000022305	0	0
ENSNBRG00000022306	0	0
ENSNBRG00000022307	0	0
ENSNBRG00000022308	0	0
ENSNBRG00000022309	0	0
ENSNBRG00000022310	27	30
ENSNBRG00000022311	0	0
ENSNBRG00000022312	0	0
ENSNBRG00000022313	0	0
ENSNBRG00000022314	0	0
ENSNBRG00000022315	0	0
ENSNBRG00000022316	0	0
ENSNBRG00000022317	0	0
ENSNBRG00000022318	0	0
ENSNBRG00000022319	56	87
ENSNBRG00000022320	0	0
ENSNBRG00000022321	0	0
ENSNBRG00000022322	0	0
ENSNBRG00000022323	0	0
ENSNBRG00000022324	0	0
ENSNBRG00000022325	0	0
ENSNBRG00000022326	0	0
ENSNBRG00000022327	224	252
ENSNBRG00000022328	0	0
ENSNBRG00000022329	0	0
ENSNBRG00000022330	0	0
ENSNBRG00000022331	0	0
ENSNBRG00000022332	0	0
ENSNBRG00000022333	0	0
ENSNBRG00000022334	0	0
ENSNBRG00000022335	0	0
ENSNBRG00000022336	0	0
ENSNBRG00000022337	0	0
ENSNBRG00000022338	0	0
ENSNBRG00000022339	0	0
ENSNBRG00000022340	30	40
ENSNBRG00000022341	0	0
ENSNBRG00000022342	0	0
ENSNBRG00000022343	0	0
ENSNBRG00000022344	0	0
ENSNBRG00000022345	87	110
ENSNBRG00000022346	0	0
ENSNBRG00000022347	0	0
ENSNBRG00000022348	71	84
ENSNBRG00000022349	18	37
ENSNBRG00000022350	61	98
ENSNBRG00000022351	0	0
ENSNBRG00000022352	0	0
ENSNBRG00000022353	0	0
ENSNBRG00000022354	0	0
ENSNBRG00000022355	0	0
ENSNBRG00000022356	0	0
ENSNBRG00000022357	0	0
ENSNBRG00000022358	0	0
ENSNBRG00000022359	0	0
ENSNBRG00000022360	0	0
ENSNBRG00000022361	0	0
ENSNBRG00000022362	0	0
ENSNBRG00000022363	0	0
ENSNBRG00000022364	0	0
ENSNBRG00000022365	0	0
ENSNBRG00000022366	0	0
ENSNBRG00000022367	0	0
ENSNBRG00000022368	0	0
ENSNBRG00000022369	0	0
ENSNBRG00000022370	0	0
ENSNBRG00000022371	0	0
ENSNBRG00000022372	0	0
ENSNBRG00000022373	0	0
ENSNBRG00000022374	0	0
ENSNBRG00000022375	0	0
ENSNBRG00000022376	0	0
ENSNBRG00000022377	0	0
ENSNBRG00000022378	0	0
ENSNBRG00000022379	0	0
ENSNBRG00000022380	0	0
ENSNBRG00000022381	0	0
ENSNBRG00000022382	0	0
ENSNBRG00000022383	22	41
ENSNBRG00000022384	0	0
ENSNBRG00000022385	0	0
ENSNBRG00000022386	0	0
ENSNBRG00000022387	275	293
ENSNBRG00000022388	0	0
ENSNBRG00000022389	0	0
ENSNBRG00000022390	24	55
ENSNBRG00000022391	0	0
ENSNBRG00000022392	35	41
ENSNBRG00000022393	230	251
ENSNBRG00000022394	0	0
ENSNBRG00000022395	0	0
ENSNBRG00000022396	0	0
ENSNBRG00000022397	0	0
ENSNBRG00000022398	148	151
ENSNBRG00000022399	0	0
ENSNBRG00000022400	42	78
ENSNBRG00000022401	0	0
ENSNBRG00000022402	0	0
ENSNBRG00000022403	0	0
ENSNBRG00000022404	0	0
ENSNBRG00000022405	0	0
ENSNBRG00000022406	0	0
ENSNBRG00000022407	0	0
ENSNBRG00000022408	0	0
ENSNBRG00000022409	0	0
ENSNBRG00000022410	13	28
ENSNBRG00000022411	0	0
ENSNBRG00000022412	6	37
ENSNBRG00000022413	0	0
ENSNBRG00000022414	0	0
ENSNBRG00000022415	0	0
ENSNBRG00000022416	0	0
ENSNBRG00000022417	54	73
ENSNBRG00000022418	0	0
ENSNBRG00000022419	0	0
ENSNBRG00000022420	0	0
ENSNBRG00000022421	0	0
ENSNBRG00000022422	0	0
ENSNBRG00000022423	0	0
ENSNBRG00000022424	40	79
ENSNBRG00000022425	0	0
ENSNBRG00000022426	0	0
ENSNBRG00000022427	0	0
ENSNBRG00000022428	2	4
ENSNBRG00000022429	0	0
ENSNBRG00000022430	0	0
ENSNBRG00000022431	60	67
ENSNBRG00000022432	0	0
ENSNBRG00000022433	0	0
ENSNBRG00000022434	0	0
ENSNBRG00000022435	289	314
ENSNBRG00000022436	0	0
ENSNBRG00000022437	0	0
ENSNBRG00000022438	0	0
ENSNBRG00000022439	0	0
ENSNBRG00000022440	0	0
ENSNBRG00000022441	0	0
ENSNBRG00000022442	0	0
ENSNBRG00000022443	0	0
ENSNBRG00000022444	0	0
ENSNBRG00000022445	0	0
ENSNBRG00000022446	2	37
ENSNBRG00000022447	0	0
ENSNBRG00000022448	0	0
ENSNBRG00000022449	0	0
ENSNBRG00000022450	0	0
ENSNBRG00000022451	0	0
ENSNBRG00000022452	0	0
ENSNBRG00000022453	0	0
ENSNBRG00000022454	0	0
ENSNBRG00000022455	0	0
ENSNBRG00000022456	0	0
ENSNBRG00000022457	0	0
ENSNBRG00000022458	0	0
ENSNBRG00000022459	0	0
ENSNBRG00000022460	0	0
ENSNBRG00000022461	0	0
ENSNBRG00000022462	0	0
ENSNBRG00000022463	0	0
ENSNBRG00000022464	0	0
ENSNBRG00000022465	0	0
ENSNBRG00000022466	0	0
ENSNBRG00000022467	0	0
ENSNBRG00000022468	0	0
ENSNBRG00000022469	0	0
ENSNBRG00000022470	0	0
ENSNBRG00000022471	0	0
ENSNBRG00000022472	0	0
ENSNBRG00000022473	0	0
ENSNBRG00000022474	0	0
ENSNBRG00000022475	0	0
ENSNBRG00000022476	0	0
ENSNBRG00000022477	0	0
ENSNBRG00000022478	0	0
ENSNBRG00000022479	0	0
ENSNBRG00000022480	0	0
ENSNBRG00000022481	0	0
ENSNBRG00000022482	0	0
ENSNBRG00000022483	0	0
ENSNBRG00000022484	0	0
ENSNBRG00000022485	0	0
ENSNBRG00000022486	0	0
ENSNBRG00000022487	0	0
ENSNBRG00000022488	0	0
ENSNBRG00000022489	0	0
ENSNBRG00000022490	0	0
ENSNBRG00000022491	0	0
ENSNBRG00000022492	0	0
ENSNBRG00000022493	0	0
ENSNBRG00000022494	0	0
ENSNBRG00000022495	0	0
ENSNBRG00000022496	0	0
ENSNBRG00000022497	0	0
ENSNBRG00000022498	0	0
ENSNBRG00000022499	0	0
ENSNBRG00000022500	0	0
ENSNBRG00000022501	21	29
ENSNBRG00000022502	0	0
ENSNBRG00000022503	0	0
ENSNBRG00000022504	0	0
ENSNBRG00000022505	0	0
ENSNBRG00000022506	32	69
ENSNBRG00000022507	0	0
ENSNBRG00000022508	0	0
ENSNBRG00000022509	0	0
ENSNBRG00000022510	0	0
ENSNBRG00000022511	0	0
ENSNBRG00000022512	0	0
ENSNBRG00000022513	0	0
ENSNBRG00000022514	0	0
ENSNBRG00000022515	0	0
ENSNBRG00000022516	0	0
ENSNBRG00000022517	0	0
ENSNBRG00000022518	0	0
ENSNBRG00000022519	0	0
ENSNBRG00000022520	0	0
ENSNBRG00000022521	35	39
ENSNBRG00000022522	0	0
ENSNBRG00000022523	0	0
ENSNBRG00000022524	0	0
ENSNBRG00000022525	0	0
ENSNBRG00000022526	0	0
ENSNBRG00000022527	0	0
ENSNBRG00000022528	0	0
ENSNBRG00000022529	0	0
ENSNBRG00000022530	0	0
ENSNBRG00000022531	0	0
ENSNBRG00000022532	0	0
ENSNBRG00000022533	0	0
ENSNBRG00000022534	0	0
ENSNBRG00000022535	0	0
ENSNBRG00000022536	0	0
ENSNBRG00000022537	0	0
ENSNBRG00000022538	0	0
ENSNBRG00000022539	0	0
ENSNBRG00000022540	0	0
ENSNBRG00000022541	0	0
ENSNBRG00000022542	29	63
ENSNBRG00000022543	0	0
ENSNBRG00000022544	0	0
ENSNBRG00000022545	0	0
ENSNBRG00000022546	0	0
ENSNBRG00000022547	0	0
ENSNBRG00000022548	0	0
ENSNBRG00000022549	0	0
ENSNBRG00000022550	0	0
ENSNBRG00000022551	0	0
ENSNBRG00000022552	0	0
ENSNBRG00000022553	28	45
ENSNBRG00000022554	0	0
ENSNBRG00000022555	0	0
ENSNBRG00000022556	0	0
ENSNBRG00000022557	37	76
ENSNBRG00000022558	0	0
ENSNBRG00000022559	0	0
ENSNBRG00000022560	0	0
ENSNBRG00000022561	0	0
ENSNBRG00000022562	36	62
ENSNBRG00000022563	0	0
ENSNBRG00000022564	0	0
ENSNBRG00000022565	0	0
ENSNBRG00000022566	0	0
ENSNBRG00000022567	0	0
ENSNBRG00000022568	0	0
ENSNBRG00000022569	0	0
ENSNBRG00000022570	0	0
ENSNBRG00000022571	0	0
ENSNBRG00000022572	25	41
ENSNBRG00000022573	0	0
ENSNBRG00000022574	0	0
ENSNBRG00000022575	0	0
ENSNBRG00000022576	0	0
ENSNBRG00000022577	1	19
ENSNBRG00000022578	0	0
ENSNBRG00000022579	0	0
ENSNBRG00000022580	0	0
ENSNBRG00000022581	0	0
ENSNBRG00000022582	69	74
ENSNBRG00000022583	0	0
ENSNBRG00000022584	0	0
ENSNBRG00000022585	0	0
ENSNBRG00000022586	0	0
ENSNBRG00000022587	0	0
ENSNBRG00000022588	0	0
ENSNBRG00000022589	0	0
ENSNBRG00000022590	0	0
ENSNBRG00000022591	1	36
ENSNBRG00000022592	0	0
ENSNBRG00000022593	403	411
ENSNBRG00000022594	2	29
ENSNBRG00000022595	0	0
ENSNBRG00000022596	0	0
ENSNBRG00000022597	0	0
ENSNBRG00000022598	0	0
ENSNBRG00000022599	0	0
ENSNBRG00000022600	13	24
ENSNBRG00000022601	0	0
ENSNBRG00000022602	0	0
ENSNBRG00000022603	0	0
ENSNBRG00000022604	0	0
ENSNBRG00000022605	0	0
ENSNBRG00000022606	0	0
ENSNBRG00000022607	0	0
ENSNBRG00000022608	55	77
ENSNBRG00000022609	0	0
ENSNBRG00000022610	0	0
ENSNBRG00000022611	41	68
ENSNBRG00000022612	0	0
ENSNBRG00000022613	0	0
ENSNBRG00000022614	430	441
ENSNBRG00000022615	0	0
ENSNBRG00000022616	0	0
ENSNBRG00000022617	0	0
ENSNBRG00000022618	0	0
ENSNBRG00000022619	0	0
ENSNBRG00000022620	0	0
ENSNBRG00000022621	26	36
ENSNBRG00000022622	0	0
ENSNBRG00000022623	0	0
ENSNBRG00000022624	0	0
ENSNBRG00000022625	0	0
ENSNBRG00000022626	0	0
ENSNBRG00000022627	0	0
ENSNBRG00000022628	0	0
ENSNBRG00000022629	0	0
ENSNBRG00000022630	0	0
ENSNBRG00000022631	0	0
ENSNBRG00000022632	0	0
ENSNBRG00000022633	0	0
ENSNBRG00000022634	0	0
ENSNBRG00000022635	0	0
ENSNBRG00000022636	0	0
ENSNBRG00000022637	0	0
ENSNBRG00000022638	0	0
ENSNBRG00000022639	0	0
ENSNBRG00000022640	0	0
ENSNBRG00000022641	77	81
ENSNBRG00000022642	0	0
ENSNBRG00000022643	0	0
ENSNBRG00000022644	0	0
ENSNBRG00000022645	926	949
ENSNBRG00000022646	29	58
ENSNBRG00000022647	0	0
ENSNBRG00000022648	0	0
ENSNBRG00000022649	0	0
ENSNBRG00000022650	0	0
ENSNBRG00000022651	1	24
ENSNBRG00000022652	0	0
ENSNBRG00000022653	0	0
ENSNBRG00000022654	0	0
ENSNBRG00000022655	0	0
ENSNBRG00000022656	0	0
ENSNBRG00000022657	0	0
ENSNBRG00000022658	0	0
ENSNBRG00000022659	0	0
ENSNBRG00000022660	0	0
ENSNBRG00000022661	0	0
ENSNBRG00000022662	0	0
ENSNBRG00000022663	0	0
ENSNBRG00000022664	0	0
ENSNBRG00000022665	0	0
ENSNBRG00000022666	37	62
ENSNBRG00000022667	0	0
ENSNBRG00000022668	0	0
ENSNBRG00000022669	1	35
ENSNBRG00000022670	0	0
ENSNBRG00000022671	0	0
ENSNBRG00000022672	0	0
ENSNBRG00000022673	0	0
ENSNBRG00000022674	0	0
ENSNBRG00000022675	144	184
ENSNBRG00000022676	25	38
ENSNBRG00000022677	0	0
ENSNBRG00000022678	0	0
ENSNBRG00000022679	0	0
ENSNBRG00000022680	0	0
ENSNBRG00000022681	0	0
ENSNBRG00000022682	0	0
ENSNBRG00000022683	33	61
ENSNBRG00000022684	0	0
ENSNBRG00000022685	0	0
ENSNBRG00000022686	0	0
ENSNBRG00000022687	0	0
ENSNBRG00000022688	0	0
ENSNBRG00000022689	345	364
ENSNBRG00000022690	0	0
ENSNBRG00000022691	0	0
ENSNBRG00000022692	0	0
ENSNBRG00000022693	0	0
ENSNBRG00000022694	0	0
ENSNBRG00000022695	12	53
ENSNBRG00000022696	0	0
ENSNBRG00000022697	0	0
ENSNBRG00000022698	0	0
ENSNBRG00000022699	0	0
ENSNBRG00000022700	0	0
ENSNBRG00000022701	0	0
ENSNBRG00000022702	0	0
ENSNBRG00000022703	0	0
ENSNBRG00000022704	0	0
ENSNBRG00000022705	0	0
ENSNBRG00000022706	0	0
ENSNBRG00000022707	0	0
ENSNBRG00000022708	0	0
ENSNBRG00000022709	0	0
ENSNBRG00000022710	0	0
ENSNBRG00000022711	0	0
ENSNBRG00000022712	0	0
ENSNBRG00000022713	0	0
ENSNBRG00000022714	0	0
ENSNBRG00000022715	0	0
ENSNBRG00000022716	0	0
ENSNBRG00000022717	0	0
ENSNBRG00000022718	0	0
ENSNBRG00000022719	10	23
ENSNBRG00000022720	0	0
ENSNBRG00000022721	0	0
ENSNBRG00000022722	0	0
ENSNBRG00000022723	0	0
ENSNBRG00000022724	0	0
ENSNBRG00000022725	0	0
ENSNBRG00000022726	0	0
ENSNBRG00000022727	0	0
ENSNBRG00000022728	0	0
ENSNBRG00000022729	0	0
ENSNBRG00000022730	0	0
ENSNBRG00000022731	0	0
ENSNBRG00000022732	0	0
ENSNBRG00000022733	0	0
ENSNBRG00000022734	0	0
ENSNBRG00000022735	0	0
ENSNBRG00000022736	0	0
ENSNBRG00000022737	0	0
ENSNBRG00000022738	0	0
ENSNBRG00000022739	0	0
ENSNBRG00000022740	0	0
ENSNBRG00000022741	0	0
ENSNBRG00000022742	0	0
ENSNBRG00000022743	0	0
ENSNBRG00000022744	0	0
ENSNBRG00000022745	0	0
ENSNBRG00000022746	0	0
ENSNBRG00000022747	0	0
ENSNBRG00000022748	0	0
ENSNBRG00000022749	0	0
ENSNBRG00000022750	86	93
ENSNBRG00000022751	0	0
ENSNBRG00000022752	526	564
ENSNBRG00000022753	0	0
ENSNBRG00000022754	0	0
ENSNBRG00000022755	0	0
ENSNBRG00000022756	0	0
ENSNBRG00000022757	0	0
ENSNBRG00000022758	0	0
ENSNBRG00000022759	0	0
ENSNBRG00000022760	0	0
ENSNBRG00000022761	0	0
ENSNBRG00000022762	0	0
ENSNBRG00000022763	30	32
ENSNBRG00000022764	0	0
ENSNBRG00000022765	0	0
ENSNBRG00000022766	0	0
ENSNBRG00000022767	0	0
ENSNBRG00000022768	0	0
ENSNBRG00000022769	0	0
ENSNBRG00000022770	0	0
ENSNBRG00000022771	0	0
ENSNBRG00000022772	0	0
ENSNBRG00000022773	0	0
ENSNBRG00000022774	0	0
ENSNBRG00000022775	40	61
ENSNBRG00000022776	8	49
ENSNBRG00000022777	0	0
ENSNBRG00000022778	0	0
ENSNBRG00000022779	0	0
ENSNBRG00000022780	0	0
ENSNBRG00000022781	0	0
ENSNBRG00000022782	0	0
ENSNBRG00000022783	0	0
ENSNBRG00000022784	0	0
ENSNBRG00000022785	0	0
ENSNBRG00000022786	0	0
ENSNBRG00000022787	0	0
ENSNBRG00000022788	0	0
ENSNBRG00000022789	0	0
ENSNBRG00000022790	0	0
ENSNBRG00000022791	1389	1400
ENSNBRG00000022792	0	0
ENSNBRG00000022793	0	0
ENSNBRG00000022794	0	0
ENSNBRG00000022795	144	168
ENSNBRG00000022796	154	167
ENSNBRG00000022797	0	0
ENSNBRG00000022798	0	0
ENSNBRG00000022799	28	52
ENSNBRG00000022800	0	0
ENSNBRG00000022801	0	0
ENSNBRG00000022802	0	0
ENSNBRG00000022803	0	0
ENSNBRG00000022804	0	0
ENSNBRG00000022805	0	0
ENSNBRG00000022806	0	0
ENSNBRG00000022807	0	0
ENSNBRG00000022808	0	0
ENSNBRG00000022809	0	0
ENSNBRG00000022810	0	0
ENSNBRG00000022811	0	0
ENSNBRG00000022812	0	0
ENSNBRG00000022813	7	36
ENSNBRG00000022814	25	62
ENSNBRG00000022815	0	0
ENSNBRG00000022816	25	35
ENSNBRG00000022817	0	0
ENSNBRG00000022818	0	0
ENSNBRG00000022819	0	0
ENSNBRG00000022820	0	0
ENSNBRG00000022821	0	0
ENSNBRG00000022822	0	0
ENSNBRG00000022823	0	0
ENSNBRG00000022824	0	0
ENSNBRG00000022825	0	0
ENSNBRG00000022826	0	0
ENSNBRG00000022827	0	0
ENSNBRG00000022828	0	0
ENSNBRG00000022829	0	0
ENSNBRG00000022830	37	78
ENSNBRG00000022831	1	8
ENSNBRG00000022832	0	0
ENSNBRG00000022833	0	0
ENSNBRG00000022834	0	0
ENSNBRG00000022835	0	0
ENSNBRG00000022836	0	0
ENSNBRG00000022837	0	0
ENSNBRG00000022838	0	0
ENSNBRG00000022839	0	0
ENSNBRG00000022840	0	0
ENSNBRG00000022841	0	0
ENSNBRG00000022842	0	0
ENSNBRG00000022843	0	0
ENSNBRG00000022844	0	0
ENSNBRG00000022845	0	0
ENSNBRG00000022846	0	0
ENSNBRG00000022847	0	0
ENSNBRG00000022848	0	0
ENSNBRG00000022849	0	0
ENSNBRG00000022850	0	0
ENSNBRG00000022851	0	0
ENSNBRG00000022852	0	0
ENSNBRG00000022853	0	0
ENSNBRG00000022854	0	0
ENSNBRG00000022855	0	0
ENSNBRG00000022856	0	0
ENSNBRG00000022857	0	0
ENSNBRG00000022858	0	0
ENSNBRG00000022859	0	0
ENSNBRG00000022860	0	0
ENSNBRG00000022861	0	0
ENSNBRG00000022862	0	0
ENSNBRG00000022863	0	0
ENSNBRG00000022864	82	88
ENSNBRG00000022865	0	0
ENSNBRG00000022866	0	0
ENSNBRG00000022867	0	0
ENSNBRG00000022868	29	53
ENSNBRG00000022869	0	0
ENSNBRG00000022870	0	0
ENSNBRG00000022871	31	57
ENSNBRG00000022872	0	0
ENSNBRG00000022873	0	0
ENSNBRG00000022874	0	0
ENSNBRG00000022875	0	0
ENSNBRG00000022876	0	0
ENSNBRG00000022877	0	0
ENSNBRG00000022878	0	0
ENSNBRG00000022879	0	0
ENSNBRG00000022880	0	0
ENSNBRG00000022881	0	0
ENSNBRG00000022882	0	0
ENSNBRG00000022883	40	64
ENSNBRG00000022884	0	0
ENSNBRG00000022885	0	0
ENSNBRG00000022886	0	0
ENSNBRG00000022887	0	0
ENSNBRG00000022888	1	26
ENSNBRG00000022889	20	34
ENSNBRG00000022890	0	0
ENSNBRG00000022891	0	0
ENSNBRG00000022892	0	0
ENSNBRG00000022893	0	0
ENSNBRG00000022894	0	0
ENSNBRG00000022895	0	0
ENSNBRG00000022896	236	247
ENSNBRG00000022897	0	0
ENSNBRG00000022898	0	0
ENSNBRG00000022899	0	0
ENSNBRG00000022900	0	0
ENSNBRG00000022901	0	0
ENSNBRG00000022902	0	0
ENSNBRG00000022903	29	59
ENSNBRG00000022904	0	0
ENSNBRG00000022905	0	0
ENSNBRG00000022906	0	0
ENSNBRG00000022907	0	0
ENSNBRG00000022908	67	95
ENSNBRG00000022909	0	0
ENSNBRG00000022910	0	0
ENSNBRG00000022911	0	0
ENSNBRG00000022912	0	0
ENSNBRG00000022913	0	0
ENSNBRG00000022914	0	0
ENSNBRG00000022915	0	0
ENSNBRG00000022916	0	0
ENSNBRG00000022917	0	0
ENSNBRG00000022918	31	45
ENSNBRG00000022919	0	0
ENSNBRG00000022920	0	0
ENSNBRG00000022921	0	0
ENSNBRG00000022922	0	0
ENSNBRG00000022923	0	0
ENSNBRG00000022924	0	0
ENSNBRG00000022925	0	0
ENSNBRG00000022926	0	0
ENSNBRG00000022927	0	0
ENSNBRG00000022928	0	0
ENSNBRG00000022929	0	0
ENSNBRG00000022930	0	0
ENSNBRG00000022931	0	0
ENSNBRG00000022932	0	0
ENSNBRG00000022933	0	0
ENSNBRG00000022934	0	0
ENSNBRG00000022935	0	0
ENSNBRG00000022936	0	0
ENSNBRG00000022937	0	0
ENSNBRG00000022938	65	74
ENSNBRG00000022939	0	0
ENSNBRG00000022940	0	0
ENSNBRG00000022941	0	0
ENSNBRG00000022942	0	0
ENSNBRG00000022943	25	57
ENSNBRG00000022944	0	0
ENSNBRG00000022945	51	54
ENSNBRG00000022946	0	0
ENSNBRG00000022947	0	0
ENSNBRG00000022948	0	0
ENSNBRG00000022949	142	153
ENSNBRG00000022950	0	0
ENSNBRG00000022951	0	0
ENSNBRG00000022952	0	0
ENSNBRG00000022953	0	0
ENSNBRG00000022954	0	0
ENSNBRG00000022955	0	0
ENSNBRG00000022956	0	0
ENSNBRG00000022957	37	43
ENSNBRG00000022958	0	0
ENSNBRG00000022959	0	0
ENSNBRG00000022960	0	0
ENSNBRG00000022961	0	0
ENSNBRG00000022962	0	0
ENSNBRG00000022963	0	0
ENSNBRG00000022964	0	0
ENSNBRG00000022965	0	0
ENSNBRG00000022966	280	318
ENSNBRG00000022967	0	0
ENSNBRG00000022968	0	0
ENSNBRG00000022969	0	0
ENSNBRG00000022970	0	0
ENSNBRG00000022971	0	0
ENSNBRG00000022972	0	0
ENSNBRG00000022973	0	0
ENSNBRG00000022974	0	0
ENSNBRG00000022975	0	0
ENSNBRG00000022976	0	0
ENSNBRG00000022977	0	0
ENSNBRG00000022978	0	0
ENSNBRG00000022979	0	0
ENSNBRG00000022980	0	0
ENSNBRG00000022981	0	0
ENSNBRG00000022982	0	0
ENSNBRG00000022983	33	53
ENSNBRG00000022984	0	0
ENSNBRG00000022985	0	0
ENSNBRG00000022986	0	0
ENSNBRG00000022987	0	0
ENSNBRG00000022988	0	0
ENSNBRG00000022989	0	0
ENSNBRG00000022990	0	0
ENSNBRG00000022991	0	0
ENSNBRG00000022992	0	0
ENSNBRG00000022993	0	0
ENSNBRG00000022994	43	63
ENSNBRG00000022995	0	0
ENSNBRG00000022996	0	0
ENSNBRG00000022997	0	0
ENSNBRG00000022998	0	0
ENSNBRG00000022999	0	0
ENSNBRG00000023000	0	0
ENSNBRG00000023001	0	0
ENSNBRG00000023002	0	0
ENSNBRG00000023003	1	8
ENSNBRG00000023004	0	0
ENSNBRG00000023005	0	0
ENSNBRG00000023006	0	0
ENSNBRG00000023007	0	0
ENSNBRG00000023008	0	0
ENSNBRG00000023009	0	0
ENSNBRG00000023010	0	0
ENSNBRG00000023011	0	0
ENSNBRG00000023012	0	0
ENSNBRG00000023013	0	0
ENSNBRG00000023014	0	0
ENSNBRG00000023015	0	0
ENSNBRG00000023016	0	0
ENSNBRG00000023017	0	0
ENSNBRG00000023018	0	0
ENSNBRG00000023019	0	0
ENSNBRG00000023020	0	0
ENSNBRG00000023021	0	0
ENSNBRG00000023022	0	0
ENSNBRG00000023023	0	0
ENSNBRG00000023024	0	0
ENSNBRG00000023025	0	0
ENSNBRG00000023026	0	0
ENSNBRG00000023027	0	0
ENSNBRG00000023028	0	0
ENSNBRG00000023029	131	143
ENSNBRG00000023030	0	0
ENSNBRG00000023031	0	0
ENSNBRG00000023032	0	0
ENSNBRG00000023033	0	0
ENSNBRG00000023034	0	0
ENSNBRG00000023035	25	54
ENSNBRG00000023036	41	67
ENSNBRG00000023037	0	0
ENSNBRG00000023038	0	0
ENSNBRG00000023039	0	0
ENSNBRG00000023040	0	0
ENSNBRG00000023041	0	0
ENSNBRG00000023042	1	37
ENSNBRG00000023043	0	0
ENSNBRG00000023044	95	118
ENSNBRG00000023045	0	0
ENSNBRG00000023046	0	0
ENSNBRG00000023047	0	0
ENSNBRG00000023048	0	0
ENSNBRG00000023049	0	0
ENSNBRG00000023050	0	0
ENSNBRG00000023051	0	0
ENSNBRG00000023052	0	0
ENSNBRG00000023053	0	0
ENSNBRG00000023054	0	0
ENSNBRG00000023055	0	0
ENSNBRG00000023056	0	0
ENSNBRG00000023057	0	0
ENSNBRG00000023058	0	0
ENSNBRG00000023059	0	0
ENSNBRG00000023060	0	0
ENSNBRG00000023061	0	0
ENSNBRG00000023062	0	0
ENSNBRG00000023063	0	0
ENSNBRG00000023064	0	0
ENSNBRG00000023065	0	0
ENSNBRG00000023066	0	0
ENSNBRG00000023067	0	0
ENSNBRG00000023068	0	0
ENSNBRG00000023069	6	15
ENSNBRG00000023070	0	0
ENSNBRG00000023071	0	0
ENSNBRG00000023072	0	0
ENSNBRG00000023073	0	0
ENSNBRG00000023074	0	0
ENSNBRG00000023075	0	0
ENSNBRG00000023076	0	0
ENSNBRG00000023077	0	0
ENSNBRG00000023078	0	0
ENSNBRG00000023079	0	0
ENSNBRG00000023080	0	0
ENSNBRG00000023081	0	0
ENSNBRG00000023082	0	0
ENSNBRG00000023083	0	0
ENSNBRG00000023084	0	0
ENSNBRG00000023085	0	0
ENSNBRG00000023086	0	0
ENSNBRG00000023087	0	0
ENSNBRG00000023088	0	0
ENSNBRG00000023089	0	0
ENSNBRG00000023090	0	0
ENSNBRG00000023091	0	0
ENSNBRG00000023092	0	0
ENSNBRG00000023093	0	0
ENSNBRG00000023094	0	0
ENSNBRG00000023095	0	0
ENSNBRG00000023096	0	0
ENSNBRG00000023097	0	0
ENSNBRG00000023098	0	0
ENSNBRG00000023099	4	7
ENSNBRG00000023100	0	0
ENSNBRG00000023101	0	0
ENSNBRG00000023102	0	0
ENSNBRG00000023103	0	0
ENSNBRG00000023104	0	0
ENSNBRG00000023105	0	0
ENSNBRG00000023106	0	0
ENSNBRG00000023107	0	0
ENSNBRG00000023108	0	0
ENSNBRG00000023109	0	0
ENSNBRG00000023110	0	0
ENSNBRG00000023111	0	0
ENSNBRG00000023112	0	0
ENSNBRG00000023113	0	0
ENSNBRG00000023114	0	0
ENSNBRG00000023115	0	0
ENSNBRG00000023116	0	0
ENSNBRG00000023117	0	0
ENSNBRG00000023118	27	51
ENSNBRG00000023119	0	0
ENSNBRG00000023120	0	0
ENSNBRG00000023121	0	0
ENSNBRG00000023122	0	0
ENSNBRG00000023123	0	0
ENSNBRG00000023124	0	0
ENSNBRG00000023125	0	0
ENSNBRG00000023126	0	0
ENSNBRG00000023127	0	0
ENSNBRG00000023128	0	0
ENSNBRG00000023129	0	0
ENSNBRG00000023130	0	0
ENSNBRG00000023131	0	0
ENSNBRG00000023132	0	0
ENSNBRG00000023133	0	0
ENSNBRG00000023134	0	0
ENSNBRG00000023135	0	0
ENSNBRG00000023136	0	0
ENSNBRG00000023137	0	0
ENSNBRG00000023138	0	0
ENSNBRG00000023139	0	0
ENSNBRG00000023140	0	0
ENSNBRG00000023141	0	0
ENSNBRG00000023142	0	0
ENSNBRG00000023143	0	0
ENSNBRG00000023144	0	0
ENSNBRG00000023145	0	0
ENSNBRG00000023146	0	0
ENSNBRG00000023147	0	0
ENSNBRG00000023148	8022	8064
ENSNBRG00000023149	0	0
ENSNBRG00000023150	0	0
ENSNBRG00000023151	0	0
ENSNBRG00000023152	0	0
ENSNBRG00000023153	0	0
ENSNBRG00000023154	0	0
ENSNBRG00000023155	0	0
ENSNBRG00000023156	0	0
ENSNBRG00000023157	0	0
ENSNBRG00000023158	79	104
ENSNBRG00000023159	0	0
ENSNBRG00000023160	0	0
ENSNBRG00000023161	0	0
ENSNBRG00000023162	0	0
ENSNBRG00000023163	0	0
ENSNBRG00000023164	0	0
ENSNBRG00000023165	0	0
ENSNBRG00000023166	0	0
ENSNBRG00000023167	0	0
ENSNBRG00000023168	0	0
ENSNBRG00000023169	12	33
ENSNBRG00000023170	0	0
ENSNBRG00000023171	0	0
ENSNBRG00000023172	0	0
ENSNBRG00000023173	0	0
ENSNBRG00000023174	0	0
ENSNBRG00000023175	0	0
ENSNBRG00000023176	0	0
ENSNBRG00000023177	0	0
ENSNBRG00000023178	0	0
ENSNBRG00000023179	0	0
ENSNBRG00000023180	0	0
ENSNBRG00000023181	0	0
ENSNBRG00000023182	0	0
ENSNBRG00000023183	0	0
ENSNBRG00000023184	0	0
ENSNBRG00000023185	0	0
ENSNBRG00000023186	0	0
ENSNBRG00000023187	0	0
ENSNBRG00000023188	0	0
ENSNBRG00000023189	0	0
ENSNBRG00000023190	0	0
ENSNBRG00000023191	0	0
ENSNBRG00000023192	0	0
ENSNBRG00000023193	0	0
ENSNBRG00000023194	0	0
ENSNBRG00000023195	0	0
ENSNBRG00000023196	0	0
ENSNBRG00000023197	0	0
ENSNBRG00000023198	0	0
ENSNBRG00000023199	7	29
ENSNBRG00000023200	0	0
ENSNBRG00000023201	0	0
ENSNBRG00000023202	0	0
ENSNBRG00000023203	33	39
ENSNBRG00000023204	0	0
ENSNBRG00000023205	0	0
ENSNBRG00000023206	0	0
ENSNBRG00000023207	0	0
ENSNBRG00000023208	0	0
ENSNBRG00000023209	53	75
ENSNBRG00000023210	0	0
ENSNBRG00000023211	0	0
ENSNBRG00000023212	0	0
ENSNBRG00000023213	0	0
ENSNBRG00000023214	17	33
ENSNBRG00000023215	3	12
ENSNBRG00000023216	0	0
ENSNBRG00000023217	0	0
ENSNBRG00000023218	0	0
ENSNBRG00000023219	0	0
ENSNBRG00000023220	0	0
ENSNBRG00000023221	0	0
ENSNBRG00000023222	0	0
ENSNBRG00000023223	0	0
ENSNBRG00000023224	0	0
ENSNBRG00000023225	0	0
ENSNBRG00000023226	0	0
ENSNBRG00000023227	0	0
ENSNBRG00000023228	0	0
ENSNBRG00000023229	0	0
ENSNBRG00000023230	0	0
ENSNBRG00000023231	0	0
ENSNBRG00000023232	0	0
ENSNBRG00000023233	0	0
ENSNBRG00000023234	0	0
ENSNBRG00000023235	0	0
ENSNBRG00000023236	0	0
ENSNBRG00000023237	0	0
ENSNBRG00000023238	0	0
ENSNBRG00000023239	0	0
ENSNBRG00000023240	0	0
ENSNBRG00000023241	0	0
ENSNBRG00000023242	0	0
ENSNBRG00000023243	0	0
ENSNBRG00000023244	0	0
ENSNBRG00000023245	3	29
ENSNBRG00000023246	24	67
ENSNBRG00000023247	0	0
ENSNBRG00000023248	0	0
ENSNBRG00000023249	0	0
ENSNBRG00000023250	1	23
ENSNBRG00000023251	750	764
ENSNBRG00000023252	0	0
ENSNBRG00000023253	0	0
ENSNBRG00000023254	0	0
ENSNBRG00000023255	0	0
ENSNBRG00000023256	0	0
ENSNBRG00000023257	0	0
ENSNBRG00000023258	0	0
ENSNBRG00000023259	0	0
ENSNBRG00000023260	0	0
ENSNBRG00000023261	0	0
ENSNBRG00000023262	0	0
ENSNBRG00000023263	0	0
ENSNBRG00000023264	0	0
ENSNBRG00000023265	0	0
ENSNBRG00000023266	0	0
ENSNBRG00000023267	0	0
ENSNBRG00000023268	12	45
ENSNBRG00000023269	0	0
ENSNBRG00000023270	1	40
ENSNBRG00000023271	0	0
ENSNBRG00000023272	0	0
ENSNBRG00000023273	0	0
ENSNBRG00000023274	0	0
ENSNBRG00000023275	0	0
ENSNBRG00000023276	0	0
ENSNBRG00000023277	0	0
ENSNBRG00000023278	0	0
ENSNBRG00000023279	0	0
ENSNBRG00000023280	0	0
ENSNBRG00000023281	0	0
ENSNBRG00000023282	0	0
ENSNBRG00000023283	0	0
ENSNBRG00000023284	0	0
ENSNBRG00000023285	0	0
ENSNBRG00000023286	0	0
ENSNBRG00000023287	0	0
ENSNBRG00000023288	0	0
ENSNBRG00000023289	0	0
ENSNBRG00000023290	0	0
ENSNBRG00000023291	0	0
ENSNBRG00000023292	0	0
ENSNBRG00000023293	0	0
ENSNBRG00000023294	0	0
ENSNBRG00000023295	0	0
ENSNBRG00000023296	0	0
ENSNBRG00000023297	1	34
ENSNBRG00000023298	0	0
ENSNBRG00000023299	0	0
ENSNBRG00000023300	0	0
ENSNBRG00000023301	0	0
ENSNBRG00000023302	0	0
ENSNBRG00000023303	0	0
ENSNBRG00000023304	0	0
ENSNBRG00000023305	0	0
ENSNBRG00000023306	0	0
ENSNBRG00000023307	25	38
ENSNBRG00000023308	0	0
ENSNBRG00000023309	0	0
ENSNBRG00000023310	0	0
ENSNBRG00000023311	31	66
ENSNBRG00000023312	0	0
ENSNBRG00000023313	0	0
ENSNBRG00000023314	17	27
ENSNBRG00000023315	0	0
ENSNBRG00000023316	0	0
ENSNBRG00000023317	0	0
ENSNBRG00000023318	0	0
ENSNBRG00000023319	0	0
ENSNBRG00000023320	0	0
ENSNBRG00000023321	0	0
ENSNBRG00000023322	0	0
ENSNBRG00000023323	0	0
ENSNBRG00000023324	0	0
ENSNBRG00000023325	0	0
ENSNBRG00000023326	0	0
ENSNBRG00000023327	0	0
ENSNBRG00000023328	0	0
ENSNBRG00000023329	0	0
ENSNBRG00000023330	0	0
ENSNBRG00000023331	0	0
ENSNBRG00000023332	0	0
ENSNBRG00000023333	0	0
ENSNBRG00000023334	0	0
ENSNBRG00000023335	0	0
ENSNBRG00000023336	0	0
ENSNBRG00000023337	0	0
ENSNBRG00000023338	0	0
ENSNBRG00000023339	0	0
ENSNBRG00000023340	0	0
ENSNBRG00000023341	0	0
ENSNBRG00000023342	0	0
ENSNBRG00000023343	170	183
ENSNBRG00000023344	0	0
ENSNBRG00000023345	0	0
ENSNBRG00000023346	0	0
ENSNBRG00000023347	0	0
ENSNBRG00000023348	0	0
ENSNBRG00000023349	0	0
ENSNBRG00000023350	0	0
ENSNBRG00000023351	0	0
ENSNBRG00000023352	0	0
ENSNBRG00000023353	0	0
ENSNBRG00000023354	0	0
ENSNBRG00000023355	0	0
ENSNBRG00000023356	13	56
ENSNBRG00000023357	0	0
ENSNBRG00000023358	0	0
ENSNBRG00000023359	0	0
ENSNBRG00000023360	0	0
ENSNBRG00000023361	0	0
ENSNBRG00000023362	0	0
ENSNBRG00000023363	0	0
ENSNBRG00000023364	0	0
ENSNBRG00000023365	0	0
ENSNBRG00000023366	0	0
ENSNBRG00000023367	0	0
ENSNBRG00000023368	0	0
ENSNBRG00000023369	0	0
ENSNBRG00000023370	0	0
ENSNBRG00000023371	0	0
ENSNBRG00000023372	0	0
ENSNBRG00000023373	0	0
ENSNBRG00000023374	0	0
ENSNBRG00000023375	0	0
ENSNBRG00000023376	0	0
ENSNBRG00000023377	0	0
ENSNBRG00000023378	0	0
ENSNBRG00000023379	0	0
ENSNBRG00000023380	0	0
ENSNBRG00000023381	33	63
ENSNBRG00000023382	0	0
ENSNBRG00000023383	0	0
ENSNBRG00000023384	0	0
ENSNBRG00000023385	0	0
ENSNBRG00000023386	0	0
ENSNBRG00000023387	0	0
ENSNBRG00000023388	0	0
ENSNBRG00000023389	0	0
ENSNBRG00000023390	0	0
ENSNBRG00000023391	0	0
ENSNBRG00000023392	0	0
ENSNBRG00000023393	0	0
ENSNBRG00000023394	0	0
ENSNBRG00000023395	0	0
ENSNBRG00000023396	0	0
ENSNBRG00000023397	0	0
ENSNBRG00000023398	0	0
ENSNBRG00000023399	0	0
ENSNBRG00000023400	0	0
ENSNBRG00000023401	0	0
ENSNBRG00000023402	0	0
ENSNBRG00000023403	0	0
ENSNBRG00000023404	0	0
ENSNBRG00000023405	0	0
ENSNBRG00000023406	0	0
ENSNBRG00000023407	0	0
ENSNBRG00000023408	0	0
ENSNBRG00000023409	0	0
ENSNBRG00000023410	0	0
ENSNBRG00000023411	0	0
ENSNBRG00000023412	0	0
ENSNBRG00000023413	0	0
ENSNBRG00000023414	0	0
ENSNBRG00000023415	0	0
ENSNBRG00000023416	0	0
ENSNBRG00000023417	0	0
ENSNBRG00000023418	0	0
ENSNBRG00000023419	0	0
ENSNBRG00000023420	0	0
ENSNBRG00000023421	0	0
ENSNBRG00000023422	0	0
ENSNBRG00000023423	0	0
ENSNBRG00000023424	0	0
ENSNBRG00000023425	0	0
ENSNBRG00000023426	0	0
ENSNBRG00000023427	0	0
ENSNBRG00000023428	0	0
ENSNBRG00000023429	322	355
ENSNBRG00000023430	0	0
ENSNBRG00000023431	0	0
ENSNBRG00000023432	0	0
ENSNBRG00000023433	0	0
ENSNBRG00000023434	0	0
ENSNBRG00000023435	0	0
ENSNBRG00000023436	0	0
ENSNBRG00000023437	0	0
ENSNBRG00000023438	0	0
ENSNBRG00000023439	0	0
ENSNBRG00000023440	0	0
ENSNBRG00000023441	0	0
ENSNBRG00000023442	0	0
ENSNBRG00000023443	0	0
ENSNBRG00000023444	0	0
ENSNBRG00000023445	0	0
ENSNBRG00000023446	0	0
ENSNBRG00000023447	0	0
ENSNBRG00000023448	1	31
ENSNBRG00000023449	0	0
ENSNBRG00000023450	0	0
ENSNBRG00000023451	0	0
ENSNBRG00000023452	0	0
ENSNBRG00000023453	0	0
ENSNBRG00000023454	0	0
ENSNBRG00000023455	19	48
ENSNBRG00000023456	0	0
ENSNBRG00000023457	1	30
ENSNBRG00000023458	282	322
ENSNBRG00000023459	0	0
ENSNBRG00000023460	0	0
ENSNBRG00000023461	0	0
ENSNBRG00000023462	0	0
ENSNBRG00000023463	0	0
ENSNBRG00000023464	0	0
ENSNBRG00000023465	0	0
ENSNBRG00000023466	1	36
ENSNBRG00000023467	0	0
ENSNBRG00000023468	0	0
ENSNBRG00000023469	0	0
ENSNBRG00000023470	0	0
ENSNBRG00000023471	0	0
ENSNBRG00000023472	0	0
ENSNBRG00000023473	0	0
ENSNBRG00000023474	0	0
ENSNBRG00000023475	0	0
ENSNBRG00000023476	0	0
ENSNBRG00000023477	35	66
ENSNBRG00000023478	0	0
ENSNBRG00000023479	0	0
ENSNBRG00000023480	0	0
ENSNBRG00000023481	35	64
ENSNBRG00000023482	0	0
ENSNBRG00000023483	0	0
ENSNBRG00000023484	0	0
ENSNBRG00000023485	0	0
ENSNBRG00000023486	0	0
ENSNBRG00000023487	0	0
ENSNBRG00000023488	0	0
ENSNBRG00000023489	0	0
ENSNBRG00000023490	0	0
ENSNBRG00000023491	0	0
ENSNBRG00000023492	0	0
ENSNBRG00000023493	0	0
ENSNBRG00000023494	0	0
ENSNBRG00000023495	0	0
ENSNBRG00000023496	0	0
ENSNBRG00000023497	0	0
ENSNBRG00000023498	0	0
ENSNBRG00000023499	1	31
ENSNBRG00000023500	0	0
ENSNBRG00000023501	0	0
ENSNBRG00000023502	0	0
ENSNBRG00000023503	0	0
ENSNBRG00000023504	0	0
ENSNBRG00000023505	0	0
ENSNBRG00000023506	0	0
ENSNBRG00000023507	0	0
ENSNBRG00000023508	0	0
ENSNBRG00000023509	0	0
ENSNBRG00000023510	37	43
ENSNBRG00000023511	3	17
ENSNBRG00000023512	0	0
ENSNBRG00000023513	0	0
ENSNBRG00000023514	0	0
ENSNBRG00000023515	688	710
ENSNBRG00000023516	0	0
ENSNBRG00000023517	0	0
ENSNBRG00000023518	0	0
ENSNBRG00000023519	0	0
ENSNBRG00000023520	0	0
ENSNBRG00000023521	0	0
ENSNBRG00000023522	19	23
ENSNBRG00000023523	0	0
ENSNBRG00000023524	0	0
ENSNBRG00000023525	89	112
ENSNBRG00000023526	0	0
ENSNBRG00000023527	0	0
ENSNBRG00000023528	0	0
ENSNBRG00000023529	0	0
ENSNBRG00000023530	0	0
ENSNBRG00000023531	48	82
ENSNBRG00000023532	0	0
ENSNBRG00000023533	0	0
ENSNBRG00000023534	0	0
ENSNBRG00000023535	0	0
ENSNBRG00000023536	0	0
ENSNBRG00000023537	0	0
ENSNBRG00000023538	0	0
ENSNBRG00000023539	0	0
ENSNBRG00000023540	76	103
ENSNBRG00000023541	0	0
ENSNBRG00000023542	0	0
ENSNBRG00000023543	0	0
ENSNBRG00000023544	0	0
ENSNBRG00000023545	0	0
ENSNBRG00000023546	0	0
ENSNBRG00000023547	0	0
ENSNBRG00000023548	0	0
ENSNBRG00000023549	0	0
ENSNBRG00000023550	0	0
ENSNBRG00000023551	0	0
ENSNBRG00000023552	0	0
ENSNBRG00000023553	30	34
ENSNBRG00000023554	0	0
ENSNBRG00000023555	0	0
ENSNBRG00000023556	0	0
ENSNBRG00000023557	0	0
ENSNBRG00000023558	0	0
ENSNBRG00000023559	0	0
ENSNBRG00000023560	0	0
ENSNBRG00000023561	0	0
ENSNBRG00000023562	0	0
ENSNBRG00000023563	0	0
ENSNBRG00000023564	0	0
ENSNBRG00000023565	0	0
ENSNBRG00000023566	0	0
ENSNBRG00000023567	6	44
ENSNBRG00000023568	19	60
ENSNBRG00000023569	0	0
ENSNBRG00000023570	0	0
ENSNBRG00000023571	0	0
ENSNBRG00000023572	0	0
ENSNBRG00000023573	0	0
ENSNBRG00000023574	0	0
ENSNBRG00000023575	0	0
ENSNBRG00000023576	0	0
ENSNBRG00000023577	0	0
ENSNBRG00000023578	0	0
ENSNBRG00000023579	0	0
ENSNBRG00000023580	0	0
ENSNBRG00000023581	0	0
ENSNBRG00000023582	0	0
ENSNBRG00000023583	0	0
ENSNBRG00000023584	0	0
ENSNBRG00000023585	0	0
ENSNBRG00000023586	0	0
ENSNBRG00000023587	0	0
ENSNBRG00000023588	0	0
ENSNBRG00000023589	0	0
ENSNBRG00000023590	0	0
ENSNBRG00000023591	0	0
ENSNBRG00000023592	0	0
ENSNBRG00000023593	0	0
ENSNBRG00000023594	0	0
ENSNBRG00000023595	18	53
ENSNBRG00000023596	0	0
ENSNBRG00000023597	0	0
ENSNBRG00000023598	0	0
ENSNBRG00000023599	0	0
ENSNBRG00000023600	0	0
ENSNBRG00000023601	0	0
ENSNBRG00000023602	0	0
ENSNBRG00000023603	0	0
ENSNBRG00000023604	0	0
ENSNBRG00000023605	0	0
ENSNBRG00000023606	0	0
ENSNBRG00000023607	0	0
ENSNBRG00000023608	0	0
ENSNBRG00000023609	0	0
ENSNBRG00000023610	23	48
ENSNBRG00000023611	0	0
ENSNBRG00000023612	0	0
ENSNBRG00000023613	0	0
ENSNBRG00000023614	0	0
ENSNBRG00000023615	0	0
ENSNBRG00000023616	0	0
ENSNBRG00000023617	0	0
ENSNBRG00000023618	0	0
ENSNBRG00000023619	0	0
ENSNBRG00000023620	0	0
ENSNBRG00000023621	0	0
ENSNBRG00000023622	0	0
ENSNBRG00000023623	0	0
ENSNBRG00000023624	0	0
ENSNBRG00000023625	0	0
ENSNBRG00000023626	0	0
ENSNBRG00000023627	0	0
ENSNBRG00000023628	0	0
ENSNBRG00000023629	0	0
ENSNBRG00000023630	0	0
ENSNBRG00000023631	0	0
ENSNBRG00000023632	0	0
ENSNBRG00000023633	0	0
ENSNBRG00000023634	0	0
ENSNBRG00000023635	0	0
ENSNBRG00000023636	0	0
ENSNBRG00000023637	0	0
ENSNBRG00000023638	0	0
ENSNBRG00000023639	0	0
ENSNBRG00000023640	0	0
ENSNBRG00000023641	0	0
ENSNBRG00000023642	0	0
ENSNBRG00000023643	0	0
ENSNBRG00000023644	0	0
ENSNBRG00000023645	0	0
ENSNBRG00000023646	0	0
ENSNBRG00000023647	0	0
ENSNBRG00000023648	0	0
ENSNBRG00000023649	0	0
ENSNBRG00000023650	0	0
ENSNBRG00000023651	0	0
ENSNBRG00000023652	0	0
ENSNBRG00000023653	0	0
ENSNBRG00000023654	0	0
ENSNBRG00000023655	0	0
ENSNBRG00000023656	0	0
ENSNBRG00000023657	0	0
ENSNBRG00000023658	0	0
ENSNBRG00000023659	0	0
ENSNBRG00000023660	0	0
ENSNBRG00000023661	0	0
ENSNBRG00000023662	0	0
ENSNBRG00000023663	0	0
ENSNBRG00000023664	0	0
ENSNBRG00000023665	0	0
ENSNBRG00000023666	0	0
ENSNBRG00000023667	34	59
ENSNBRG00000023668	0	0
ENSNBRG00000023669	0	0
ENSNBRG00000023670	0	0
ENSNBRG00000023671	0	0
ENSNBRG00000023672	0	0
ENSNBRG00000023673	0	0
ENSNBRG00000023674	0	0
ENSNBRG00000023675	0	0
ENSNBRG00000023676	0	0
ENSNBRG00000023677	0	0
ENSNBRG00000023678	0	0
ENSNBRG00000023679	0	0
ENSNBRG00000023680	0	0
ENSNBRG00000023681	0	0
ENSNBRG00000023682	0	0
ENSNBRG00000023683	0	0
ENSNBRG00000023684	0	0
ENSNBRG00000023685	0	0
ENSNBRG00000023686	0	0
ENSNBRG00000023687	0	0
ENSNBRG00000023688	0	0
ENSNBRG00000023689	0	0
ENSNBRG00000023690	23	46
ENSNBRG00000023691	0	0
ENSNBRG00000023692	8	39
ENSNBRG00000023693	0	0
ENSNBRG00000023694	0	0
ENSNBRG00000023695	0	0
ENSNBRG00000023696	0	0
ENSNBRG00000023697	0	0
ENSNBRG00000023698	0	0
ENSNBRG00000023699	0	0
ENSNBRG00000023700	0	0
ENSNBRG00000023701	0	0
ENSNBRG00000023702	0	0
ENSNBRG00000023703	3133	3142
ENSNBRG00000023704	0	0
ENSNBRG00000023705	0	0
ENSNBRG00000023706	0	0
ENSNBRG00000023707	0	0
ENSNBRG00000023708	0	0
ENSNBRG00000023709	0	0
ENSNBRG00000023710	0	0
ENSNBRG00000023711	0	0
ENSNBRG00000023712	0	0
ENSNBRG00000023713	0	0
ENSNBRG00000023714	0	0
ENSNBRG00000023715	0	0
ENSNBRG00000023716	0	0
ENSNBRG00000023717	0	0
ENSNBRG00000023718	0	0
ENSNBRG00000023719	0	0
ENSNBRG00000023720	0	0
ENSNBRG00000023721	0	0
ENSNBRG00000023722	0	0
ENSNBRG00000023723	0	0
ENSNBRG00000023724	0	0
ENSNBRG00000023725	0	0
ENSNBRG00000023726	0	0
ENSNBRG00000023727	0	0
ENSNBRG00000023728	0	0
ENSNBRG00000023729	0	0
ENSNBRG00000023730	0	0
ENSNBRG00000023731	21	44
ENSNBRG00000023732	0	0
ENSNBRG00000023733	0	0
ENSNBRG00000023734	0	0
ENSNBRG00000023735	0	0
ENSNBRG00000023736	0	0
ENSNBRG00000023737	0	0
ENSNBRG00000023738	0	0
ENSNBRG00000023739	0	0
ENSNBRG00000023740	0	0
ENSNBRG00000023741	0	0
ENSNBRG00000023742	77	104
ENSNBRG00000023743	0	0
ENSNBRG00000023744	0	0
ENSNBRG00000023745	9	18
ENSNBRG00000023746	0	0
ENSNBRG00000023747	89	112
ENSNBRG00000023748	0	0
ENSNBRG00000023749	0	0
ENSNBRG00000023750	0	0
ENSNBRG00000023751	0	0
ENSNBRG00000023752	7	49
ENSNBRG00000023753	0	0
ENSNBRG00000023754	0	0
ENSNBRG00000023755	0	0
ENSNBRG00000023756	0	0
ENSNBRG00000023757	26	45
ENSNBRG00000023758	0	0
ENSNBRG00000023759	0	0
ENSNBRG00000023760	0	0
ENSNBRG00000023761	0	0
ENSNBRG00000023762	0	0
ENSNBRG00000023763	0	0
ENSNBRG00000023764	0	0
ENSNBRG00000023765	0	0
ENSNBRG00000023766	0	0
ENSNBRG00000023767	0	0
ENSNBRG00000023768	0	0
ENSNBRG00000023769	0	0
ENSNBRG00000023770	0	0
ENSNBRG00000023771	74	81
ENSNBRG00000023772	0	0
ENSNBRG00000023773	0	0
ENSNBRG00000023774	0	0
ENSNBRG00000023775	0	0
ENSNBRG00000023776	0	0
ENSNBRG00000023777	0	0
ENSNBRG00000023778	0	0
ENSNBRG00000023779	0	0
ENSNBRG00000023780	37	56
ENSNBRG00000023781	17	24
ENSNBRG00000023782	10	29
ENSNBRG00000023783	0	0
ENSNBRG00000023784	0	0
ENSNBRG00000023785	1	16
ENSNBRG00000023786	0	0
ENSNBRG00000023787	0	0
ENSNBRG00000023788	0	0
ENSNBRG00000023789	33	74
ENSNBRG00000023790	0	0
ENSNBRG00000023791	0	0
ENSNBRG00000023792	0	0
ENSNBRG00000023793	0	0
ENSNBRG00000023794	0	0
ENSNBRG00000023795	0	0
ENSNBRG00000023796	0	0
ENSNBRG00000023797	0	0
ENSNBRG00000023798	0	0
ENSNBRG00000023799	0	0
ENSNBRG00000023800	0	0
ENSNBRG00000023801	0	0
ENSNBRG00000023802	34	65
ENSNBRG00000023803	0	0
ENSNBRG00000023804	0	0
ENSNBRG00000023805	0	0
ENSNBRG00000023806	0	0
ENSNBRG00000023807	0	0
ENSNBRG00000023808	0	0
ENSNBRG00000023809	0	0
ENSNBRG00000023810	0	0
ENSNBRG00000023811	0	0
ENSNBRG00000023812	0	0
ENSNBRG00000023813	0	0
ENSNBRG00000023814	0	0
ENSNBRG00000023815	0	0
ENSNBRG00000023816	0	0
ENSNBRG00000023817	0	0
ENSNBRG00000023818	0	0
ENSNBRG00000023819	0	0
ENSNBRG00000023820	35	51
ENSNBRG00000023821	0	0
ENSNBRG00000023822	0	0
ENSNBRG00000023823	0	0
ENSNBRG00000023824	0	0
ENSNBRG00000023825	0	0
ENSNBRG00000023826	0	0
ENSNBRG00000023827	0	0
ENSNBRG00000023828	0	0
ENSNBRG00000023829	0	0
ENSNBRG00000023830	0	0
ENSNBRG00000023831	0	0
ENSNBRG00000023832	30	34
ENSNBRG00000023833	0	0
ENSNBRG00000023834	0	0
ENSNBRG00000023835	0	0
ENSNBRG00000023836	0	0
ENSNBRG00000023837	0	0
ENSNBRG00000023838	0	0
ENSNBRG00000023839	0	0
ENSNBRG00000023840	0	0
ENSNBRG00000023841	0	0
ENSNBRG00000023842	1	31
ENSNBRG00000023843	0	0
ENSNBRG00000023844	0	0
ENSNBRG00000023845	654	691
ENSNBRG00000023846	0	0
ENSNBRG00000023847	0	0
ENSNBRG00000023848	0	0
ENSNBRG00000023849	0	0
ENSNBRG00000023850	0	0
ENSNBRG00000023851	0	0
ENSNBRG00000023852	0	0
ENSNBRG00000023853	0	0
ENSNBRG00000023854	0	0
ENSNBRG00000023855	0	0
ENSNBRG00000023856	36	40
ENSNBRG00000023857	0	0
ENSNBRG00000023858	0	0
ENSNBRG00000023859	0	0
ENSNBRG00000023860	0	0
ENSNBRG00000023861	0	0
ENSNBRG00000023862	0	0
ENSNBRG00000023863	0	0
ENSNBRG00000023864	0	0
ENSNBRG00000023865	0	0
ENSNBRG00000023866	0	0
ENSNBRG00000023867	0	0
ENSNBRG00000023868	0	0
ENSNBRG00000023869	0	0
ENSNBRG00000023870	30	34
ENSNBRG00000023871	0	0
ENSNBRG00000023872	0	0
ENSNBRG00000023873	0	0
ENSNBRG00000023874	0	0
ENSNBRG00000023875	0	0
ENSNBRG00000023876	0	0
ENSNBRG00000023877	0	0
ENSNBRG00000023878	0	0
ENSNBRG00000023879	0	0
ENSNBRG00000023880	1	3
ENSNBRG00000023881	0	0
ENSNBRG00000023882	0	0
ENSNBRG00000023883	0	0
ENSNBRG00000023884	0	0
ENSNBRG00000023885	0	0
ENSNBRG00000023886	0	0
ENSNBRG00000023887	0	0
ENSNBRG00000023888	0	0
ENSNBRG00000023889	0	0
ENSNBRG00000023890	0	0
ENSNBRG00000023891	0	0
ENSNBRG00000023892	0	0
ENSNBRG00000023893	24	60
ENSNBRG00000023894	0	0
ENSNBRG00000023895	0	0
ENSNBRG00000023896	0	0
ENSNBRG00000023897	0	0
ENSNBRG00000023898	1	44
ENSNBRG00000023899	0	0
ENSNBRG00000023900	0	0
ENSNBRG00000023901	0	0
ENSNBRG00000023902	0	0
ENSNBRG00000023903	0	0
ENSNBRG00000023904	0	0
ENSNBRG00000023905	0	0
ENSNBRG00000023906	0	0
ENSNBRG00000023907	0	0
ENSNBRG00000023908	0	0
ENSNBRG00000023909	0	0
ENSNBRG00000023910	0	0
ENSNBRG00000023911	0	0
ENSNBRG00000023912	0	0
ENSNBRG00000023913	0	0
ENSNBRG00000023914	0	0
ENSNBRG00000023915	0	0
ENSNBRG00000023916	0	0
ENSNBRG00000023917	0	0
ENSNBRG00000023918	0	0
ENSNBRG00000023919	0	0
ENSNBRG00000023920	0	0
ENSNBRG00000023921	0	0
ENSNBRG00000023922	0	0
ENSNBRG00000023923	0	0
ENSNBRG00000023924	0	0
ENSNBRG00000023925	0	0
ENSNBRG00000023926	0	0
ENSNBRG00000023927	0	0
ENSNBRG00000023928	0	0
ENSNBRG00000023929	0	0
ENSNBRG00000023930	0	0
ENSNBRG00000023931	271	314
ENSNBRG00000023932	0	0
ENSNBRG00000023933	0	0
ENSNBRG00000023934	0	0
ENSNBRG00000023935	43	58
ENSNBRG00000023936	0	0
ENSNBRG00000023937	0	0
ENSNBRG00000023938	0	0
ENSNBRG00000023939	0	0
ENSNBRG00000023940	0	0
ENSNBRG00000023941	0	0
ENSNBRG00000023942	0	0
ENSNBRG00000023943	0	0
ENSNBRG00000023944	0	0
ENSNBRG00000023945	0	0
ENSNBRG00000023946	0	0
ENSNBRG00000023947	0	0
ENSNBRG00000023948	0	0
ENSNBRG00000023949	0	0
ENSNBRG00000023950	0	0
ENSNBRG00000023951	892	906
ENSNBRG00000023952	0	0
ENSNBRG00000023953	0	0
ENSNBRG00000023954	0	0
ENSNBRG00000023955	0	0
ENSNBRG00000023956	0	0
ENSNBRG00000023957	0	0
ENSNBRG00000023958	0	0
ENSNBRG00000023959	0	0
ENSNBRG00000023960	1	30
ENSNBRG00000023961	0	0
ENSNBRG00000023962	0	0
ENSNBRG00000023963	0	0
ENSNBRG00000023964	0	0
ENSNBRG00000023965	0	0
ENSNBRG00000023966	0	0
ENSNBRG00000023967	0	0
ENSNBRG00000023968	0	0
ENSNBRG00000023969	0	0
ENSNBRG00000023970	0	0
ENSNBRG00000023971	0	0
ENSNBRG00000023972	0	0
ENSNBRG00000023973	0	0
ENSNBRG00000023974	0	0
ENSNBRG00000023975	0	0
ENSNBRG00000023976	0	0
ENSNBRG00000023977	0	0
ENSNBRG00000023978	0	0
ENSNBRG00000023979	0	0
ENSNBRG00000023980	0	0
ENSNBRG00000023981	0	0
ENSNBRG00000023982	0	0
ENSNBRG00000023983	0	0
ENSNBRG00000023984	0	0
ENSNBRG00000023985	0	0
ENSNBRG00000023986	0	0
ENSNBRG00000023987	0	0
ENSNBRG00000023988	0	0
ENSNBRG00000023989	0	0
ENSNBRG00000023990	0	0
ENSNBRG00000023991	0	0
ENSNBRG00000023992	0	0
ENSNBRG00000023993	0	0
ENSNBRG00000023994	0	0
ENSNBRG00000023995	0	0
ENSNBRG00000023996	0	0
ENSNBRG00000023997	0	0
ENSNBRG00000023998	0	0
ENSNBRG00000023999	0	0
ENSNBRG00000024000	0	0
ENSNBRG00000024001	0	0
ENSNBRG00000024002	0	0
ENSNBRG00000024003	0	0
ENSNBRG00000024004	0	0
ENSNBRG00000024005	0	0
ENSNBRG00000024006	1	17
ENSNBRG00000024007	0	0
ENSNBRG00000024008	0	0
ENSNBRG00000024009	9	36
ENSNBRG00000024010	0	0
ENSNBRG00000024011	0	0
ENSNBRG00000024012	0	0
ENSNBRG00000024013	0	0
ENSNBRG00000024014	0	0
ENSNBRG00000024015	0	0
ENSNBRG00000024016	0	0
ENSNBRG00000024017	0	0
ENSNBRG00000024018	0	0
ENSNBRG00000024019	0	0
ENSNBRG00000024020	0	0
ENSNBRG00000024021	0	0
ENSNBRG00000024022	0	0
ENSNBRG00000024023	0	0
ENSNBRG00000024024	0	0
ENSNBRG00000024025	0	0
ENSNBRG00000024026	0	0
ENSNBRG00000024027	0	0
ENSNBRG00000024028	0	0
ENSNBRG00000024029	0	0
ENSNBRG00000024030	0	0
ENSNBRG00000024031	0	0
ENSNBRG00000024032	0	0
ENSNBRG00000024033	0	0
ENSNBRG00000024034	0	0
ENSNBRG00000024035	0	0
ENSNBRG00000024036	27	49
ENSNBRG00000024037	0	0
ENSNBRG00000024038	214	223
ENSNBRG00000024039	0	0
ENSNBRG00000024040	0	0
ENSNBRG00000024041	0	0
ENSNBRG00000024042	0	0
ENSNBRG00000024043	0	0
ENSNBRG00000024044	0	0
ENSNBRG00000024045	0	0
ENSNBRG00000024046	8	20
ENSNBRG00000024047	0	0
ENSNBRG00000024048	75	107
ENSNBRG00000024049	0	0
ENSNBRG00000024050	6	35
ENSNBRG00000024051	0	0
ENSNBRG00000024052	0	0
ENSNBRG00000024053	0	0
ENSNBRG00000024054	0	0
ENSNBRG00000024055	0	0
ENSNBRG00000024056	0	0
ENSNBRG00000024057	0	0
ENSNBRG00000024058	1	38
ENSNBRG00000024059	0	0
ENSNBRG00000024060	0	0
ENSNBRG00000024061	0	0
ENSNBRG00000024062	0	0
ENSNBRG00000024063	0	0
ENSNBRG00000024064	41	82
ENSNBRG00000024065	0	0
ENSNBRG00000024066	0	0
ENSNBRG00000024067	0	0
ENSNBRG00000024068	0	0
ENSNBRG00000024069	0	0
ENSNBRG00000024070	0	0
ENSNBRG00000024071	0	0
ENSNBRG00000024072	0	0
ENSNBRG00000024073	0	0
ENSNBRG00000024074	0	0
ENSNBRG00000024075	0	0
ENSNBRG00000024076	0	0
ENSNBRG00000024077	0	0
ENSNBRG00000024078	0	0
ENSNBRG00000024079	0	0
ENSNBRG00000024080	0	0
ENSNBRG00000024081	0	0
ENSNBRG00000024082	0	0
ENSNBRG00000024083	0	0
ENSNBRG00000024084	0	0
ENSNBRG00000024085	0	0
ENSNBRG00000024086	0	0
ENSNBRG00000024087	0	0
ENSNBRG00000024088	0	0
ENSNBRG00000024089	0	0
ENSNBRG00000024090	0	0
ENSNBRG00000024091	0	0
ENSNBRG00000024092	0	0
ENSNBRG00000024093	0	0
ENSNBRG00000024094	0	0
ENSNBRG00000024095	0	0
ENSNBRG00000024096	0	0
ENSNBRG00000024097	0	0
ENSNBRG00000024098	0	0
ENSNBRG00000024099	0	0
ENSNBRG00000024100	0	0
ENSNBRG00000024101	0	0
ENSNBRG00000024102	179	199
ENSNBRG00000024103	0	0
ENSNBRG00000024104	0	0
ENSNBRG00000024105	0	0
ENSNBRG00000024106	0	0
ENSNBRG00000024107	0	0
ENSNBRG00000024108	0	0
ENSNBRG00000024109	0	0
ENSNBRG00000024110	0	0
ENSNBRG00000024111	0	0
ENSNBRG00000024112	26	65
ENSNBRG00000024113	0	0
ENSNBRG00000024114	0	0
ENSNBRG00000024115	0	0
ENSNBRG00000024116	2	39
ENSNBRG00000024117	0	0
ENSNBRG00000024118	0	0
ENSNBRG00000024119	0	0
ENSNBRG00000024120	4	33
ENSNBRG00000024121	0	0
ENSNBRG00000024122	0	0
ENSNBRG00000024123	56	71
ENSNBRG00000024124	0	0
ENSNBRG00000024125	0	0
ENSNBRG00000024126	0	0
ENSNBRG00000024127	0	0
ENSNBRG00000024128	0	0
ENSNBRG00000024129	0	0
ENSNBRG00000024130	0	0
ENSNBRG00000024131	0	0
ENSNBRG00000024132	0	0
ENSNBRG00000024133	0	0
ENSNBRG00000024134	0	0
ENSNBRG00000024135	0	0
ENSNBRG00000024136	0	0
ENSNBRG00000024137	0	0
ENSNBRG00000024138	0	0
ENSNBRG00000024139	0	0
ENSNBRG00000024140	0	0
ENSNBRG00000024141	0	0
ENSNBRG00000024142	0	0
ENSNBRG00000024143	0	0
ENSNBRG00000024144	0	0
ENSNBRG00000024145	0	0
ENSNBRG00000024146	0	0
ENSNBRG00000024147	0	0
ENSNBRG00000024148	0	0
ENSNBRG00000024149	0	0
ENSNBRG00000024150	0	0
ENSNBRG00000024151	0	0
ENSNBRG00000024152	0	0
ENSNBRG00000024153	0	0
ENSNBRG00000024154	0	0
ENSNBRG00000024155	0	0
ENSNBRG00000024156	0	0
ENSNBRG00000024157	25	26
ENSNBRG00000024158	0	0
ENSNBRG00000024159	0	0
ENSNBRG00000024160	0	0
ENSNBRG00000024161	0	0
ENSNBRG00000024162	42	46
ENSNBRG00000024163	0	0
ENSNBRG00000024164	0	0
ENSNBRG00000024165	0	0
ENSNBRG00000024166	0	0
ENSNBRG00000024167	0	0
ENSNBRG00000024168	0	0
ENSNBRG00000024169	0	0
ENSNBRG00000024170	0	0
ENSNBRG00000024171	0	0
ENSNBRG00000024172	0	0
ENSNBRG00000024173	0	0
ENSNBRG00000024174	0	0
ENSNBRG00000024175	0	0
ENSNBRG00000024176	0	0
ENSNBRG00000024177	72	85
ENSNBRG00000024178	0	0
ENSNBRG00000024179	18	49
ENSNBRG00000024180	0	0
ENSNBRG00000024181	161	190
ENSNBRG00000024182	0	0
ENSNBRG00000024183	0	0
ENSNBRG00000024184	0	0
ENSNBRG00000024185	0	0
ENSNBRG00000024186	0	0
ENSNBRG00000024187	0	0
ENSNBRG00000024188	0	0
ENSNBRG00000024189	0	0
ENSNBRG00000024190	0	0
ENSNBRG00000024191	41	76
ENSNBRG00000024192	0	0
ENSNBRG00000024193	0	0
ENSNBRG00000024194	0	0
ENSNBRG00000024195	0	0
ENSNBRG00000024196	0	0
ENSNBRG00000024197	0	0
ENSNBRG00000024198	0	0
ENSNBRG00000024199	0	0
ENSNBRG00000024200	0	0
ENSNBRG00000024201	0	0
ENSNBRG00000024202	0	0
ENSNBRG00000024203	0	0
ENSNBRG00000024204	334	373
ENSNBRG00000024205	0	0
ENSNBRG00000024206	0	0
ENSNBRG00000024207	0	0
ENSNBRG00000024208	0	0
ENSNBRG00000024209	0	0
ENSNBRG00000024210	0	0
ENSNBRG00000024211	35	67
ENSNBRG00000024212	0	0
ENSNBRG00000024213	0	0
ENSNBRG00000024214	0	0
ENSNBRG00000024215	0	0
ENSNBRG00000024216	0	0
ENSNBRG00000024217	0	0
ENSNBRG00000024218	169	187
ENSNBRG00000024219	0	0
ENSNBRG00000024220	0	0
ENSNBRG00000024221	0	0
ENSNBRG00000024222	0	0
ENSNBRG00000024223	0	0
ENSNBRG00000024224	0	0
ENSNBRG00000024225	0	0
ENSNBRG00000024226	0	0
ENSNBRG00000024227	0	0
ENSNBRG00000024228	0	0
ENSNBRG00000024229	0	0
ENSNBRG00000024230	0	0
ENSNBRG00000024231	0	0
ENSNBRG00000024232	0	0
ENSNBRG00000024233	0	0
ENSNBRG00000024234	0	0
ENSNBRG00000024235	0	0
ENSNBRG00000024236	27	66
ENSNBRG00000024237	0	0
ENSNBRG00000024238	0	0
ENSNBRG00000024239	0	0
ENSNBRG00000024240	0	0
ENSNBRG00000024241	0	0
ENSNBRG00000024242	0	0
ENSNBRG00000024243	0	0
ENSNBRG00000024244	0	0
ENSNBRG00000024245	0	0
ENSNBRG00000024246	0	0
ENSNBRG00000024247	0	0
ENSNBRG00000024248	0	0
ENSNBRG00000024249	0	0
ENSNBRG00000024250	0	0
ENSNBRG00000024251	0	0
ENSNBRG00000024252	0	0
ENSNBRG00000024253	0	0
ENSNBRG00000024254	0	0
ENSNBRG00000024255	0	0
ENSNBRG00000024256	0	0
ENSNBRG00000024257	0	0
ENSNBRG00000024258	0	0
ENSNBRG00000024259	0	0
ENSNBRG00000024260	0	0
ENSNBRG00000024261	0	0
ENSNBRG00000024262	0	0
ENSNBRG00000024263	7	8
ENSNBRG00000024264	0	0
ENSNBRG00000024265	0	0
ENSNBRG00000024266	0	0
ENSNBRG00000024267	0	0
ENSNBRG00000024268	0	0
ENSNBRG00000024269	0	0
ENSNBRG00000024270	0	0
ENSNBRG00000024271	0	0
ENSNBRG00000024272	0	0
ENSNBRG00000024273	0	0
ENSNBRG00000024274	0	0
ENSNBRG00000024275	0	0
ENSNBRG00000024276	0	0
ENSNBRG00000024277	0	0
ENSNBRG00000024278	0	0
ENSNBRG00000024279	0	0
ENSNBRG00000024280	0	0
ENSNBRG00000024281	0	0
ENSNBRG00000024282	0	0
ENSNBRG00000024283	0	0
ENSNBRG00000024284	0	0
ENSNBRG00000024285	0	0
ENSNBRG00000024286	0	0
ENSNBRG00000024287	0	0
ENSNBRG00000024288	0	0
ENSNBRG00000024289	0	0
ENSNBRG00000024290	0	0
ENSNBRG00000024291	0	0
ENSNBRG00000024292	0	0
ENSNBRG00000024293	0	0
ENSNBRG00000024294	0	0
ENSNBRG00000024295	0	0
ENSNBRG00000024296	0	0
ENSNBRG00000024297	185	206
ENSNBRG00000024298	0	0
ENSNBRG00000024299	0	0
ENSNBRG00000024300	0	0
ENSNBRG00000024301	0	0
ENSNBRG00000024302	0	0
ENSNBRG00000024303	4	31
ENSNBRG00000024304	0	0
ENSNBRG00000024305	0	0
ENSNBRG00000024306	0	0
ENSNBRG00000024307	0	0
ENSNBRG00000024308	0	0
ENSNBRG00000024309	103	133
ENSNBRG00000024310	0	0
ENSNBRG00000024311	0	0
ENSNBRG00000024312	0	0
ENSNBRG00000024313	0	0
ENSNBRG00000024314	0	0
ENSNBRG00000024315	0	0
ENSNBRG00000024316	0	0
ENSNBRG00000024317	0	0
ENSNBRG00000024318	34	69
ENSNBRG00000024319	17	55
ENSNBRG00000024320	0	0
ENSNBRG00000024321	0	0
ENSNBRG00000024322	0	0
ENSNBRG00000024323	0	0
ENSNBRG00000024324	0	0
ENSNBRG00000024325	0	0
ENSNBRG00000024326	0	0
ENSNBRG00000024327	46	68
ENSNBRG00000024328	0	0
ENSNBRG00000024329	0	0
ENSNBRG00000024330	0	0
ENSNBRG00000024331	0	0
ENSNBRG00000024332	0	0
ENSNBRG00000024333	0	0
ENSNBRG00000024334	237	245
ENSNBRG00000024335	67	76
ENSNBRG00000024336	0	0
ENSNBRG00000024337	0	0
ENSNBRG00000024338	0	0
ENSNBRG00000024339	0	0
ENSNBRG00000024340	47	84
ENSNBRG00000024341	0	0
ENSNBRG00000024342	0	0
ENSNBRG00000024343	0	0
ENSNBRG00000024344	0	0
ENSNBRG00000024345	0	0
ENSNBRG00000024346	0	0
ENSNBRG00000024347	26	37
ENSNBRG00000024348	0	0
ENSNBRG00000024349	0	0
ENSNBRG00000024350	0	0
ENSNBRG00000024351	0	0
ENSNBRG00000024352	0	0
ENSNBRG00000024353	145	159
ENSNBRG00000024354	0	0
ENSNBRG00000024355	0	0
ENSNBRG00000024356	0	0
ENSNBRG00000024357	0	0
ENSNBRG00000024358	0	0
ENSNBRG00000024359	0	0
ENSNBRG00000024360	0	0
ENSNBRG00000024361	0	0
ENSNBRG00000024362	0	0
ENSNBRG00000024363	0	0
ENSNBRG00000024364	0	0
ENSNBRG00000024365	0	0
ENSNBRG00000024366	0	0
ENSNBRG00000024367	0	0
ENSNBRG00000024368	0	0
ENSNBRG00000024369	0	0
ENSNBRG00000024370	0	0
ENSNBRG00000024371	0	0
ENSNBRG00000024372	0	0
ENSNBRG00000024373	0	0
ENSNBRG00000024374	0	0
ENSNBRG00000024375	0	0
ENSNBRG00000024376	0	0
ENSNBRG00000024377	0	0
ENSNBRG00000024378	0	0
ENSNBRG00000024379	0	0
ENSNBRG00000024380	0	0
ENSNBRG00000024381	0	0
ENSNBRG00000024382	0	0
ENSNBRG00000024383	0	0
ENSNBRG00000024384	0	0
ENSNBRG00000024385	0	0
ENSNBRG00000024386	0	0
ENSNBRG00000024387	0	0
ENSNBRG00000024388	0	0
ENSNBRG00000024389	0	0
ENSNBRG00000024390	0	0
ENSNBRG00000024391	0	0
ENSNBRG00000024392	0	0
ENSNBRG00000024393	0	0
ENSNBRG00000024394	0	0
ENSNBRG00000024395	0	0
ENSNBRG00000024396	0	0
ENSNBRG00000024397	84	102
ENSNBRG00000024398	32	43
ENSNBRG00000024399	0	0
ENSNBRG00000024400	0	0
ENSNBRG00000024401	0	0
ENSNBRG00000024402	0	0
ENSNBRG00000024403	92	109
ENSNBRG00000024404	0	0
ENSNBRG00000024405	0	0
ENSNBRG00000024406	0	0
ENSNBRG00000024407	0	0
ENSNBRG00000024408	0	0
ENSNBRG00000024409	0	0
ENSNBRG00000024410	0	0
ENSNBRG00000024411	0	0
ENSNBRG00000024412	0	0
