Gene	On_1_Eye	On_2_Eye	On_3_Eye
ENSONIG00000000001	3	6	24
ENSONIG00000000002	6	18	207
ENSONIG00000000003	33	0	1
ENSONIG00000000005	5	4	50
ENSONIG00000000006	21	35	2726
ENSONIG00000000007	0	0	0
ENSONIG00000000008	15	1	32
ENSONIG00000000010	5	10	203
ENSONIG00000000011	2	0	30
ENSONIG00000000012	0	1	0
ENSONIG00000000013	0	0	9
ENSONIG00000000015	0	0	1
ENSONIG00000000016	0	0	0
ENSONIG00000000018	247	2845	2795
ENSONIG00000000019	0	1	30
ENSONIG00000000020	0	6	328
ENSONIG00000000021	13	0	41
ENSONIG00000000022	0	0	1
ENSONIG00000000025	0	0	1
ENSONIG00000000026	0	0	0
ENSONIG00000000028	0	0	0
ENSONIG00000000029	14	12	519
ENSONIG00000000031	0	0	1
ENSONIG00000000032	0	0	0
ENSONIG00000000034	0	0	1
ENSONIG00000000035	245	254	350
ENSONIG00000000036	1	0	20
ENSONIG00000000037	0	0	0
ENSONIG00000000039	4	2	12
ENSONIG00000000041	0	0	0
ENSONIG00000000042	2	4	52
ENSONIG00000000043	0	0	1
ENSONIG00000000044	0	0	0
ENSONIG00000000046	0	2	2
ENSONIG00000000047	6	5	341
ENSONIG00000000048	4	0	9
ENSONIG00000000050	2	5	21
ENSONIG00000000051	2	0	11
ENSONIG00000000053	0	0	2
ENSONIG00000000054	0	0	4
ENSONIG00000000055	25	5	3
ENSONIG00000000056	0	0	10
ENSONIG00000000057	0	0	1
ENSONIG00000000058	2	11	14
ENSONIG00000000059	1	1	2
ENSONIG00000000060	0	0	0
ENSONIG00000000062	2	2	33
ENSONIG00000000063	2	1	5
ENSONIG00000000064	30	2	21
ENSONIG00000000065	9	15	113
ENSONIG00000000066	11	0	2
ENSONIG00000000067	1	3	69
ENSONIG00000000068	0	0	1
ENSONIG00000000069	0	1	3
ENSONIG00000000070	13	10	157
ENSONIG00000000071	0	0	12
ENSONIG00000000072	0	0	21
ENSONIG00000000073	1	2	17
ENSONIG00000000074	9	14	264
ENSONIG00000000075	16	3	87
ENSONIG00000000078	1	5	11
ENSONIG00000000079	0	3	15
ENSONIG00000000080	15	28	29
ENSONIG00000000081	0	0	0
ENSONIG00000000082	0	1	2
ENSONIG00000000083	3	1	2
ENSONIG00000000084	0	1	1
ENSONIG00000000085	0	0	23
ENSONIG00000000086	56	5	41
ENSONIG00000000088	0	1	17
ENSONIG00000000089	8	4	30
ENSONIG00000000090	0	0	0
ENSONIG00000000091	6	4	65
ENSONIG00000000092	0	0	6
ENSONIG00000000094	10	1	14
ENSONIG00000000095	4	0	4
ENSONIG00000000096	5	4	10
ENSONIG00000000097	8	5	130
ENSONIG00000000099	7	0	0
ENSONIG00000000100	9	2	28
ENSONIG00000000101	7	19	45
ENSONIG00000000102	14	6	43
ENSONIG00000000103	212	89	443
ENSONIG00000000104	7	0	1
ENSONIG00000000105	3	1	41
ENSONIG00000000106	1	0	4
ENSONIG00000000107	5	1	28
ENSONIG00000000108	6	1	8
ENSONIG00000000109	36	2	2
ENSONIG00000000110	0	0	3
ENSONIG00000000111	7	0	71
ENSONIG00000000112	4	0	0
ENSONIG00000000113	1	0	0
ENSONIG00000000115	0	0	6
ENSONIG00000000116	76	29	21
ENSONIG00000000117	5	2	12
ENSONIG00000000118	2	0	3
ENSONIG00000000119	2	1	7
ENSONIG00000000120	3	11	79
ENSONIG00000000123	0	0	0
ENSONIG00000000124	3	2	13
ENSONIG00000000125	1	0	2
ENSONIG00000000126	0	0	0
ENSONIG00000000127	0	0	1
ENSONIG00000000128	3	0	9
ENSONIG00000000129	6	0	19
ENSONIG00000000130	0	0	1
ENSONIG00000000131	0	0	10
ENSONIG00000000133	0	0	0
ENSONIG00000000134	2	1	18
ENSONIG00000000135	14	8	25
ENSONIG00000000137	4	0	5
ENSONIG00000000138	16	37	35
ENSONIG00000000139	3	2	2
ENSONIG00000000142	1	2	17
ENSONIG00000000143	1	0	1
ENSONIG00000000144	2	1	18
ENSONIG00000000145	10	2	3
ENSONIG00000000146	4	0	10
ENSONIG00000000147	0	0	1
ENSONIG00000000148	0	0	1
ENSONIG00000000149	0	0	0
ENSONIG00000000150	0	0	1
ENSONIG00000000151	3	0	11
ENSONIG00000000152	0	0	2
ENSONIG00000000153	9	0	0
ENSONIG00000000154	32	1	35
ENSONIG00000000155	0	0	0
ENSONIG00000000156	0	1	36
ENSONIG00000000157	0	0	0
ENSONIG00000000158	0	0	0
ENSONIG00000000159	0	0	1
ENSONIG00000000160	1	0	0
ENSONIG00000000161	9	0	0
ENSONIG00000000162	4	1	14
ENSONIG00000000163	0	0	12
ENSONIG00000000164	0	0	0
ENSONIG00000000167	121	9	44
ENSONIG00000000169	1	1	38
ENSONIG00000000170	0	0	0
ENSONIG00000000171	4	0	12
ENSONIG00000000172	34	4	13
ENSONIG00000000174	3	1	19
ENSONIG00000000175	0	5	5
ENSONIG00000000176	6	7	105
ENSONIG00000000177	11	4	108
ENSONIG00000000178	2	0	0
ENSONIG00000000179	0	0	8
ENSONIG00000000180	23	15	114
ENSONIG00000000181	0	0	0
ENSONIG00000000183	3	3	1
ENSONIG00000000184	0	0	0
ENSONIG00000000185	31	4	82
ENSONIG00000000186	20	18	103
ENSONIG00000000188	0	0	0
ENSONIG00000000189	0	1	12
ENSONIG00000000190	0	8	1
ENSONIG00000000192	0	3	16
ENSONIG00000000194	0	0	4
ENSONIG00000000196	2	4	4
ENSONIG00000000197	0	0	2
ENSONIG00000000198	0	1	0
ENSONIG00000000200	3	0	17
ENSONIG00000000202	1	0	4
ENSONIG00000000203	2	0	4
ENSONIG00000000204	0	0	1
ENSONIG00000000205	0	0	0
ENSONIG00000000206	0	0	11
ENSONIG00000000208	0	0	63
ENSONIG00000000209	5	0	20
ENSONIG00000000210	0	0	1
ENSONIG00000000211	1	0	0
ENSONIG00000000212	2	5	18
ENSONIG00000000213	0	1	30
ENSONIG00000000214	12	2	0
ENSONIG00000000215	0	0	2
ENSONIG00000000218	0	0	0
ENSONIG00000000220	1	2	10
ENSONIG00000000221	2	1	30
ENSONIG00000000222	1	0	0
ENSONIG00000000223	0	0	0
ENSONIG00000000224	0	0	3
ENSONIG00000000225	0	0	2
ENSONIG00000000226	1	1	56
ENSONIG00000000227	493	372	827
ENSONIG00000000228	6	3	11
ENSONIG00000000231	1	0	3
ENSONIG00000000232	5	0	0
ENSONIG00000000234	1	0	6
ENSONIG00000000235	0	0	2
ENSONIG00000000236	0	0	0
ENSONIG00000000237	458	267	340
ENSONIG00000000241	4	1	13
ENSONIG00000000242	5	3	57
ENSONIG00000000245	0	0	6
ENSONIG00000000246	13	9	37
ENSONIG00000000247	0	0	11
ENSONIG00000000248	12	14	110
ENSONIG00000000249	0	0	0
ENSONIG00000000250	0	0	1
ENSONIG00000000251	3	2	30
ENSONIG00000000252	0	0	0
ENSONIG00000000255	0	0	2
ENSONIG00000000256	16	17	53
ENSONIG00000000257	0	0	0
ENSONIG00000000258	0	0	1
ENSONIG00000000259	2	2	26
ENSONIG00000000260	0	0	3
ENSONIG00000000261	2	2	40
ENSONIG00000000262	18	9	21
ENSONIG00000000263	0	2	200
ENSONIG00000000264	81	3	2
ENSONIG00000000265	0	0	0
ENSONIG00000000266	2	0	33
ENSONIG00000000267	14	2	31
ENSONIG00000000268	11	3	33
ENSONIG00000000272	7	2	6
ENSONIG00000000273	1	0	2
ENSONIG00000000274	6	5	18
ENSONIG00000000277	5	1	34
ENSONIG00000000278	3	5	13
ENSONIG00000000280	0	0	0
ENSONIG00000000281	0	5	50
ENSONIG00000000283	0	0	9
ENSONIG00000000284	2	0	12
ENSONIG00000000285	8	4	24
ENSONIG00000000286	0	0	1
ENSONIG00000000287	2	1	10
ENSONIG00000000289	3	0	2
ENSONIG00000000290	2	4	20
ENSONIG00000000292	0	1	0
ENSONIG00000000293	4	7	72
ENSONIG00000000294	12	7	31
ENSONIG00000000297	0	0	1
ENSONIG00000000298	11	4	54
ENSONIG00000000299	0	2	3
ENSONIG00000000300	2	0	19
ENSONIG00000000301	0	0	0
ENSONIG00000000302	0	0	2
ENSONIG00000000303	0	0	1
ENSONIG00000000304	4	2	13
ENSONIG00000000305	2	11	122
ENSONIG00000000306	0	0	6
ENSONIG00000000307	1	0	3
ENSONIG00000000308	3	0	5
ENSONIG00000000310	6	0	51
ENSONIG00000000311	0	1	2
ENSONIG00000000315	5	5	21
ENSONIG00000000317	2	0	0
ENSONIG00000000323	0	0	0
ENSONIG00000000326	0	3	35
ENSONIG00000000328	0	0	0
ENSONIG00000000334	0	0	8
ENSONIG00000000337	11	3	21
ENSONIG00000000339	0	0	0
ENSONIG00000000342	0	0	0
ENSONIG00000000343	0	0	0
ENSONIG00000000344	1	1	13
ENSONIG00000000345	0	0	0
ENSONIG00000000346	0	0	5
ENSONIG00000000347	6	0	2
ENSONIG00000000348	1	2	3
ENSONIG00000000349	1	0	10
ENSONIG00000000351	1	0	0
ENSONIG00000000352	16	0	0
ENSONIG00000000353	0	1	2
ENSONIG00000000354	1	0	33
ENSONIG00000000355	2	1	16
ENSONIG00000000357	0	1	36
ENSONIG00000000358	0	1	2
ENSONIG00000000360	1	1	8
ENSONIG00000000365	0	4	2
ENSONIG00000000367	0	0	1
ENSONIG00000000368	1	0	4
ENSONIG00000000369	2	4	12
ENSONIG00000000370	0	1	20
ENSONIG00000000371	1	3	25
ENSONIG00000000372	4	4	10
ENSONIG00000000373	1	2	0
ENSONIG00000000375	0	0	5
ENSONIG00000000376	1	2	29
ENSONIG00000000377	5	5	49
ENSONIG00000000378	1	0	6
ENSONIG00000000379	6	1	34
ENSONIG00000000380	0	0	0
ENSONIG00000000381	3	0	10
ENSONIG00000000383	0	0	2
ENSONIG00000000384	2	0	0
ENSONIG00000000385	0	3	3
ENSONIG00000000386	12	3	60
ENSONIG00000000387	4	2	13
ENSONIG00000000388	0	4	18
ENSONIG00000000389	9	16	91
ENSONIG00000000390	4	1	134
ENSONIG00000000392	0	0	0
ENSONIG00000000393	2	1	11
ENSONIG00000000395	3	2	9
ENSONIG00000000396	15	8	2
ENSONIG00000000397	8	12	29
ENSONIG00000000398	3	20	25
ENSONIG00000000399	2	1	8
ENSONIG00000000400	2	1	5
ENSONIG00000000401	3	4	45
ENSONIG00000000402	5	3	40
ENSONIG00000000403	0	0	2
ENSONIG00000000404	0	0	7
ENSONIG00000000405	2	2	37
ENSONIG00000000407	1	4	68
ENSONIG00000000408	0	8	4
ENSONIG00000000409	0	0	0
ENSONIG00000000410	0	0	0
ENSONIG00000000411	1	0	10
ENSONIG00000000412	0	0	0
ENSONIG00000000415	0	0	1
ENSONIG00000000416	11	0	68
ENSONIG00000000417	0	0	0
ENSONIG00000000418	1	0	11
ENSONIG00000000419	3	0	0
ENSONIG00000000420	0	1	11
ENSONIG00000000421	2	7	232
ENSONIG00000000422	1	1	2
ENSONIG00000000423	3	14	21
ENSONIG00000000424	3	0	10
ENSONIG00000000426	4	1	47
ENSONIG00000000427	0	0	0
ENSONIG00000000428	1	1	25
ENSONIG00000000429	0	0	0
ENSONIG00000000430	2	0	20
ENSONIG00000000431	3	4	4
ENSONIG00000000433	33	11	3
ENSONIG00000000434	13	6	77
ENSONIG00000000435	1	17	1213
ENSONIG00000000436	0	1	10
ENSONIG00000000437	0	0	9
ENSONIG00000000438	0	4	52
ENSONIG00000000440	0	0	0
ENSONIG00000000441	0	0	0
ENSONIG00000000442	5	3	46
ENSONIG00000000444	0	0	0
ENSONIG00000000445	0	0	0
ENSONIG00000000447	7	8	16
ENSONIG00000000448	0	1	2
ENSONIG00000000449	8	4	11
ENSONIG00000000450	133	52	68
ENSONIG00000000451	1	0	3
ENSONIG00000000452	2	1	26
ENSONIG00000000456	1	8	15
ENSONIG00000000457	10	9	19
ENSONIG00000000458	0	0	0
ENSONIG00000000459	0	0	0
ENSONIG00000000460	1	0	12
ENSONIG00000000461	0	1	7
ENSONIG00000000462	0	7	29
ENSONIG00000000464	4	2	80
ENSONIG00000000465	4	0	21
ENSONIG00000000466	0	1	108
ENSONIG00000000467	5	2	22
ENSONIG00000000468	3	2	56
ENSONIG00000000469	0	0	1
ENSONIG00000000470	0	0	8
ENSONIG00000000471	0	0	2
ENSONIG00000000472	1	1	1
ENSONIG00000000473	0	1	5
ENSONIG00000000474	1	0	6
ENSONIG00000000475	3	53	138
ENSONIG00000000476	0	0	2
ENSONIG00000000477	0	2	9
ENSONIG00000000478	0	0	0
ENSONIG00000000479	1	16	36
ENSONIG00000000480	0	1	6
ENSONIG00000000481	0	0	0
ENSONIG00000000482	0	0	1
ENSONIG00000000483	50	31	44
ENSONIG00000000485	0	0	2
ENSONIG00000000486	1	3	21
ENSONIG00000000487	13	4	0
ENSONIG00000000488	0	0	18
ENSONIG00000000489	25	1	18
ENSONIG00000000490	4	1	17
ENSONIG00000000491	1	4	41
ENSONIG00000000492	0	0	5
ENSONIG00000000493	5	0	15
ENSONIG00000000495	5	0	6
ENSONIG00000000496	11	0	59
ENSONIG00000000497	1	4	0
ENSONIG00000000498	0	0	9
ENSONIG00000000499	2	1	0
ENSONIG00000000500	8	4	44
ENSONIG00000000502	25	17	43
ENSONIG00000000503	0	0	0
ENSONIG00000000504	0	0	0
ENSONIG00000000505	3	8	11
ENSONIG00000000506	1	0	1
ENSONIG00000000507	0	1	7
ENSONIG00000000508	0	0	3
ENSONIG00000000509	7	22	36
ENSONIG00000000510	2	5	57
ENSONIG00000000511	0	0	9
ENSONIG00000000512	0	0	3
ENSONIG00000000513	2	1	42
ENSONIG00000000514	0	0	23
ENSONIG00000000515	6	0	51
ENSONIG00000000516	60	5	81
ENSONIG00000000517	1	3	9
ENSONIG00000000518	1	0	7
ENSONIG00000000520	0	0	46
ENSONIG00000000521	0	4	33
ENSONIG00000000522	0	0	8
ENSONIG00000000523	3	2	41
ENSONIG00000000526	0	0	0
ENSONIG00000000527	0	0	33
ENSONIG00000000528	0	1	23
ENSONIG00000000529	1	0	13
ENSONIG00000000530	0	0	0
ENSONIG00000000531	357	151	216
ENSONIG00000000533	0	0	4
ENSONIG00000000534	13	8	121
ENSONIG00000000536	9	2	9
ENSONIG00000000537	1	0	0
ENSONIG00000000538	2	1	21
ENSONIG00000000539	4	0	3
ENSONIG00000000541	52	11	17
ENSONIG00000000542	15	13	75
ENSONIG00000000543	7	0	2
ENSONIG00000000544	39	12	26
ENSONIG00000000545	6	0	0
ENSONIG00000000546	0	1	10
ENSONIG00000000547	1	0	6
ENSONIG00000000548	0	0	1
ENSONIG00000000549	2	0	0
ENSONIG00000000550	1	0	5
ENSONIG00000000551	123	2	5
ENSONIG00000000552	0	1	3
ENSONIG00000000553	3	0	36
ENSONIG00000000554	1	5	6
ENSONIG00000000555	7	7	22
ENSONIG00000000556	0	0	10
ENSONIG00000000558	1	1	23
ENSONIG00000000561	265	16	16
ENSONIG00000000562	5	0	0
ENSONIG00000000563	32	25	20
ENSONIG00000000564	5	0	0
ENSONIG00000000565	1	4	19
ENSONIG00000000568	2	4	15
ENSONIG00000000569	4	1	39
ENSONIG00000000570	3	1	10
ENSONIG00000000571	1	2	28
ENSONIG00000000572	9	3	10
ENSONIG00000000573	3	0	1
ENSONIG00000000574	5	0	11
ENSONIG00000000575	2	2	33
ENSONIG00000000576	0	0	0
ENSONIG00000000577	1	15	225
ENSONIG00000000578	0	0	0
ENSONIG00000000579	0	0	5
ENSONIG00000000581	8	0	9
ENSONIG00000000582	45	6	5
ENSONIG00000000583	13	0	22
ENSONIG00000000584	585	18	25
ENSONIG00000000585	1	2	13
ENSONIG00000000586	39	80	124
ENSONIG00000000587	1	1	4
ENSONIG00000000588	0	0	17
ENSONIG00000000590	4	6	55
ENSONIG00000000592	0	1	0
ENSONIG00000000594	2	1	10
ENSONIG00000000595	3	0	1
ENSONIG00000000596	0	0	35
ENSONIG00000000597	1	0	2
ENSONIG00000000598	3	1	24
ENSONIG00000000599	1	0	0
ENSONIG00000000600	0	1	0
ENSONIG00000000601	0	0	4
ENSONIG00000000602	0	0	2
ENSONIG00000000603	19	10	20
ENSONIG00000000604	1	1	4
ENSONIG00000000605	0	0	1
ENSONIG00000000606	18	12	311
ENSONIG00000000609	5	4	26
ENSONIG00000000610	1	1	9
ENSONIG00000000612	9193	22779	56402
ENSONIG00000000613	442	79	103
ENSONIG00000000614	0	0	9
ENSONIG00000000616	4	5	32
ENSONIG00000000617	5	1	65
ENSONIG00000000619	5	0	7
ENSONIG00000000620	0	4	11
ENSONIG00000000621	0	0	0
ENSONIG00000000623	0	0	0
ENSONIG00000000624	0	0	1
ENSONIG00000000625	63	0	7
ENSONIG00000000626	0	0	10
ENSONIG00000000627	2	1	4
ENSONIG00000000629	16	28	1899
ENSONIG00000000630	4	1	1
ENSONIG00000000631	3	2	12
ENSONIG00000000632	1	0	0
ENSONIG00000000633	14	0	6
ENSONIG00000000634	0	0	0
ENSONIG00000000635	0	0	0
ENSONIG00000000636	9	7	2
ENSONIG00000000637	2	0	2
ENSONIG00000000640	103	165	141
ENSONIG00000000641	0	0	16
ENSONIG00000000642	5	1	22
ENSONIG00000000643	29	4	12
ENSONIG00000000644	0	3	1
ENSONIG00000000645	1	0	1
ENSONIG00000000646	5	0	0
ENSONIG00000000648	14	5	11
ENSONIG00000000652	1	0	16
ENSONIG00000000653	0	0	0
ENSONIG00000000654	0	3	11
ENSONIG00000000655	16	0	5
ENSONIG00000000658	0	0	0
ENSONIG00000000660	0	0	0
ENSONIG00000000663	12	1	59
ENSONIG00000000666	2	1	17
ENSONIG00000000667	5	0	2
ENSONIG00000000669	1	0	0
ENSONIG00000000671	1	1	1
ENSONIG00000000672	3	2	13
ENSONIG00000000674	0	0	0
ENSONIG00000000675	8	0	0
ENSONIG00000000676	48	5	1
ENSONIG00000000677	0	4	36
ENSONIG00000000682	37	10	288
ENSONIG00000000683	0	0	9
ENSONIG00000000684	2	0	9
ENSONIG00000000686	23	1	3
ENSONIG00000000687	1	1	0
ENSONIG00000000689	6	0	0
ENSONIG00000000690	10	485	531
ENSONIG00000000692	12	2	64
ENSONIG00000000693	6	1	20
ENSONIG00000000694	0	0	42
ENSONIG00000000695	416	259	182
ENSONIG00000000696	14	1	98
ENSONIG00000000697	6	1	48
ENSONIG00000000699	25	4	104
ENSONIG00000000700	0	1	45
ENSONIG00000000701	2	1	16
ENSONIG00000000702	0	0	6
ENSONIG00000000703	25	5	5
ENSONIG00000000704	9	11	17
ENSONIG00000000705	6	4	6
ENSONIG00000000707	42	1	4
ENSONIG00000000708	0	0	2
ENSONIG00000000709	3	0	0
ENSONIG00000000710	16	29	38
ENSONIG00000000711	2	0	9
ENSONIG00000000712	5	0	9
ENSONIG00000000713	10	0	8
ENSONIG00000000714	0	0	0
ENSONIG00000000715	0	0	1
ENSONIG00000000716	10	0	1
ENSONIG00000000717	1	0	31
ENSONIG00000000720	2	0	0
ENSONIG00000000721	1	7	0
ENSONIG00000000722	2	6	9
ENSONIG00000000723	4	1	21
ENSONIG00000000724	18	0	8
ENSONIG00000000725	5	0	1
ENSONIG00000000726	1	0	64
ENSONIG00000000727	4	1	7
ENSONIG00000000728	0	4	14
ENSONIG00000000729	6	10	439
ENSONIG00000000730	11	6	19
ENSONIG00000000732	3	1	15
ENSONIG00000000734	161	60	100
ENSONIG00000000736	6	0	8
ENSONIG00000000737	1	2	37
ENSONIG00000000738	0	0	4
ENSONIG00000000739	0	0	4
ENSONIG00000000740	0	3	3
ENSONIG00000000742	2	0	3
ENSONIG00000000743	0	11	10
ENSONIG00000000744	0	0	0
ENSONIG00000000745	2	3	13
ENSONIG00000000746	0	2	7
ENSONIG00000000747	5	3	20
ENSONIG00000000748	1	19	19
ENSONIG00000000749	11	3	30
ENSONIG00000000750	129	107	38
ENSONIG00000000751	0	0	1
ENSONIG00000000752	0	1	0
ENSONIG00000000754	3	0	6
ENSONIG00000000755	1	0	0
ENSONIG00000000756	1	4	57
ENSONIG00000000757	1	0	1
ENSONIG00000000758	0	0	8
ENSONIG00000000761	4	1	22
ENSONIG00000000763	1	7	13
ENSONIG00000000764	12	8	7
ENSONIG00000000765	5	5	0
ENSONIG00000000767	2	0	2
ENSONIG00000000768	0	0	0
ENSONIG00000000769	2	9	7
ENSONIG00000000770	26	0	9
ENSONIG00000000771	1	0	0
ENSONIG00000000772	3	0	16
ENSONIG00000000774	0	0	1
ENSONIG00000000776	1	8	13
ENSONIG00000000777	5	0	12
ENSONIG00000000778	2	21	371
ENSONIG00000000779	3	0	0
ENSONIG00000000780	0	4	13
ENSONIG00000000782	0	1	17
ENSONIG00000000783	2	2	28
ENSONIG00000000784	1	1	7
ENSONIG00000000785	0	1	30
ENSONIG00000000787	1	1	0
ENSONIG00000000788	0	0	0
ENSONIG00000000789	0	0	0
ENSONIG00000000790	0	2	13
ENSONIG00000000791	2	0	6
ENSONIG00000000792	11	1	19
ENSONIG00000000793	3	1	20
ENSONIG00000000794	0	6	62
ENSONIG00000000795	23	4	70
ENSONIG00000000796	32	7	121
ENSONIG00000000798	3	4	11
ENSONIG00000000799	0	0	0
ENSONIG00000000800	0	2	2
ENSONIG00000000801	3	0	63
ENSONIG00000000802	2	6	27
ENSONIG00000000804	0	0	1
ENSONIG00000000806	0	0	10
ENSONIG00000000807	0	2	8
ENSONIG00000000808	6	6	2
ENSONIG00000000810	0	1	16
ENSONIG00000000811	6	0	9
ENSONIG00000000812	1	0	1
ENSONIG00000000814	1	1	46
ENSONIG00000000815	1	1	5
ENSONIG00000000816	11	0	3
ENSONIG00000000817	0	2	5
ENSONIG00000000818	2	0	3
ENSONIG00000000819	215	14	211
ENSONIG00000000820	0	5	9
ENSONIG00000000821	0	0	3
ENSONIG00000000822	0	0	2
ENSONIG00000000823	3	4	16
ENSONIG00000000824	1	1	2
ENSONIG00000000825	0	1	10
ENSONIG00000000827	0	0	1
ENSONIG00000000828	4	3	24
ENSONIG00000000830	1	0	0
ENSONIG00000000831	0	0	5
ENSONIG00000000832	6	4	14
ENSONIG00000000834	337	3	6
ENSONIG00000000835	1	2	13
ENSONIG00000000836	0	0	11
ENSONIG00000000839	0	2	5
ENSONIG00000000840	0	0	0
ENSONIG00000000841	3	0	54
ENSONIG00000000843	0	0	28
ENSONIG00000000844	0	0	1
ENSONIG00000000845	0	1	8
ENSONIG00000000847	3	13	8
ENSONIG00000000848	0	0	0
ENSONIG00000000850	0	0	22
ENSONIG00000000852	1	0	10
ENSONIG00000000853	2	0	0
ENSONIG00000000854	11	32	1263
ENSONIG00000000855	3	1	116
ENSONIG00000000856	19	1	7
ENSONIG00000000857	3	0	11
ENSONIG00000000859	0	2	59
ENSONIG00000000860	0	1	6
ENSONIG00000000861	8	0	0
ENSONIG00000000863	2	1	15
ENSONIG00000000866	0	2	0
ENSONIG00000000867	18	9	12
ENSONIG00000000868	10	5	27
ENSONIG00000000870	2	6	23
ENSONIG00000000871	2	3	6
ENSONIG00000000872	0	0	1
ENSONIG00000000873	3	0	18
ENSONIG00000000876	25	25	41
ENSONIG00000000877	1	1	99
ENSONIG00000000878	2	3	6
ENSONIG00000000880	0	0	3
ENSONIG00000000882	0	0	0
ENSONIG00000000883	0	0	11
ENSONIG00000000884	11	9	87
ENSONIG00000000888	0	0	0
ENSONIG00000000889	2	3	8
ENSONIG00000000890	1	0	1
ENSONIG00000000891	0	0	0
ENSONIG00000000892	0	0	1
ENSONIG00000000893	0	0	0
ENSONIG00000000894	0	0	0
ENSONIG00000000895	8	3	9
ENSONIG00000000896	46	15	143
ENSONIG00000000897	0	5	35
ENSONIG00000000898	5	0	2
ENSONIG00000000899	0	0	6
ENSONIG00000000900	18	39	1247
ENSONIG00000000901	2	4	204
ENSONIG00000000902	2	0	9
ENSONIG00000000903	1	0	7
ENSONIG00000000904	8	0	4
ENSONIG00000000905	1	0	0
ENSONIG00000000907	1	0	31
ENSONIG00000000908	3	0	3
ENSONIG00000000909	0	0	0
ENSONIG00000000911	0	0	0
ENSONIG00000000912	9	4	28
ENSONIG00000000913	4	30	833
ENSONIG00000000914	8	17	164
ENSONIG00000000915	0	0	0
ENSONIG00000000916	0	0	6
ENSONIG00000000917	4	20	59
ENSONIG00000000918	3	0	3
ENSONIG00000000919	11	3	4
ENSONIG00000000923	3	3	32
ENSONIG00000000924	2	0	21
ENSONIG00000000925	43	138	1173
ENSONIG00000000927	1	9	25
ENSONIG00000000928	71	18	21
ENSONIG00000000929	0	7	15
ENSONIG00000000931	2	1	9
ENSONIG00000000932	5	5	369
ENSONIG00000000933	2	0	1
ENSONIG00000000934	38	149	62
ENSONIG00000000935	0	3	11
ENSONIG00000000936	14	4	261
ENSONIG00000000939	1	0	12
ENSONIG00000000940	16	1	5
ENSONIG00000000941	0	0	0
ENSONIG00000000942	0	0	0
ENSONIG00000000943	0	0	0
ENSONIG00000000944	0	0	0
ENSONIG00000000945	0	0	0
ENSONIG00000000946	0	0	0
ENSONIG00000000947	0	0	0
ENSONIG00000000948	0	0	5
ENSONIG00000000949	1	0	10
ENSONIG00000000950	0	0	0
ENSONIG00000000951	22	31	1632
ENSONIG00000000952	0	3	17
ENSONIG00000000953	0	0	0
ENSONIG00000000954	0	0	0
ENSONIG00000000955	21	8	424
ENSONIG00000000958	0	0	4
ENSONIG00000000959	7	1	22
ENSONIG00000000960	5	1	29
ENSONIG00000000961	0	0	0
ENSONIG00000000963	0	0	0
ENSONIG00000000964	0	0	0
ENSONIG00000000965	0	0	0
ENSONIG00000000966	6	94	156
ENSONIG00000000967	19	1	19
ENSONIG00000000968	1208	1	42
ENSONIG00000000969	6	1	16
ENSONIG00000000971	0	0	0
ENSONIG00000000972	0	0	0
ENSONIG00000000974	5	3	55
ENSONIG00000000975	0	1	2
ENSONIG00000000977	1	2	9
ENSONIG00000000978	8	1	21
ENSONIG00000000979	0	0	0
ENSONIG00000000980	0	1	27
ENSONIG00000000981	0	0	0
ENSONIG00000000982	0	0	0
ENSONIG00000000983	1	1	2
ENSONIG00000000984	15	3	14
ENSONIG00000000985	0	0	3
ENSONIG00000000986	0	0	0
ENSONIG00000000987	0	0	0
ENSONIG00000000988	3	6	26
ENSONIG00000000990	0	0	0
ENSONIG00000000991	92	155	6019
ENSONIG00000000992	1	0	8
ENSONIG00000000993	4	2	6
ENSONIG00000000994	0	0	0
ENSONIG00000000996	1	0	2
ENSONIG00000000997	3	0	4
ENSONIG00000001000	1	0	4
ENSONIG00000001001	1	0	6
ENSONIG00000001002	1	1	11
ENSONIG00000001003	1	0	13
ENSONIG00000001005	6	5	10
ENSONIG00000001006	0	0	2
ENSONIG00000001008	0	0	0
ENSONIG00000001009	0	0	0
ENSONIG00000001012	37	34	41
ENSONIG00000001013	0	0	0
ENSONIG00000001015	23	7	32
ENSONIG00000001016	4	7	43
ENSONIG00000001017	23	1	15
ENSONIG00000001018	8	1	24
ENSONIG00000001019	0	0	2
ENSONIG00000001021	1	5	49
ENSONIG00000001022	0	0	0
ENSONIG00000001027	0	0	0
ENSONIG00000001028	0	0	0
ENSONIG00000001029	0	0	1
ENSONIG00000001030	0	0	0
ENSONIG00000001031	0	0	0
ENSONIG00000001032	0	0	3
ENSONIG00000001033	0	0	0
ENSONIG00000001034	5	0	2
ENSONIG00000001035	5	5	37
ENSONIG00000001036	2	2	27
ENSONIG00000001037	6	3	27
ENSONIG00000001038	0	0	24
ENSONIG00000001039	1	2	53
ENSONIG00000001041	3	0	2
ENSONIG00000001042	7	11	217
ENSONIG00000001044	0	0	5
ENSONIG00000001045	0	0	0
ENSONIG00000001046	5	1	10
ENSONIG00000001048	9	5	69
ENSONIG00000001049	43	127	170
ENSONIG00000001050	8	1	11
ENSONIG00000001051	0	0	16
ENSONIG00000001052	0	0	7
ENSONIG00000001053	0	0	0
ENSONIG00000001054	0	0	34
ENSONIG00000001055	0	0	1
ENSONIG00000001056	25	53	54
ENSONIG00000001058	1	0	0
ENSONIG00000001059	1	0	4
ENSONIG00000001060	4	10	19
ENSONIG00000001062	0	0	0
ENSONIG00000001063	2	0	2
ENSONIG00000001064	7	1	27
ENSONIG00000001065	1	2	4
ENSONIG00000001066	6	4	6
ENSONIG00000001067	0	0	12
ENSONIG00000001068	36	4	68
ENSONIG00000001069	11	25	90
ENSONIG00000001071	10	59	33
ENSONIG00000001073	0	6	67
ENSONIG00000001074	7	21	64
ENSONIG00000001076	0	0	0
ENSONIG00000001078	9	9	229
ENSONIG00000001079	0	0	0
ENSONIG00000001080	81	33	69
ENSONIG00000001082	0	0	10
ENSONIG00000001083	2	0	0
ENSONIG00000001084	2	2	33
ENSONIG00000001085	1	0	26
ENSONIG00000001086	1	1	34
ENSONIG00000001087	1	0	11
ENSONIG00000001090	0	1	11
ENSONIG00000001093	0	0	3
ENSONIG00000001094	0	0	5
ENSONIG00000001096	5	0	14
ENSONIG00000001097	0	1	10
ENSONIG00000001098	8	11	157
ENSONIG00000001099	240	86	113
ENSONIG00000001100	7	12	106
ENSONIG00000001102	0	1	2
ENSONIG00000001104	0	0	4
ENSONIG00000001106	4	0	3
ENSONIG00000001108	0	0	5
ENSONIG00000001109	7	2	25
ENSONIG00000001110	0	0	0
ENSONIG00000001111	0	1	0
ENSONIG00000001112	19	5	46
ENSONIG00000001114	1	0	0
ENSONIG00000001115	0	0	4
ENSONIG00000001116	8	0	2
ENSONIG00000001117	0	0	4
ENSONIG00000001119	1	0	2
ENSONIG00000001120	0	0	0
ENSONIG00000001121	0	0	0
ENSONIG00000001123	2	0	11
ENSONIG00000001124	6	0	3
ENSONIG00000001127	3	0	6
ENSONIG00000001128	0	0	0
ENSONIG00000001129	0	0	7
ENSONIG00000001130	0	0	0
ENSONIG00000001131	0	0	15
ENSONIG00000001132	3	3	53
ENSONIG00000001133	0	0	1
ENSONIG00000001134	5	2	11
ENSONIG00000001135	0	0	11
ENSONIG00000001136	0	0	0
ENSONIG00000001137	0	0	6
ENSONIG00000001138	0	1	57
ENSONIG00000001139	2	7	56
ENSONIG00000001140	0	0	1
ENSONIG00000001142	0	0	6
ENSONIG00000001143	21	1	3
ENSONIG00000001144	0	0	0
ENSONIG00000001146	5	0	2
ENSONIG00000001147	0	0	0
ENSONIG00000001148	11	4	106
ENSONIG00000001149	3	0	2
ENSONIG00000001150	3	0	33
ENSONIG00000001151	7	0	4
ENSONIG00000001152	2	0	1
ENSONIG00000001153	4	0	1
ENSONIG00000001154	5	1	5
ENSONIG00000001155	8	0	21
ENSONIG00000001156	1	2	32
ENSONIG00000001157	12	1	77
ENSONIG00000001158	2	1	12
ENSONIG00000001159	0	0	17
ENSONIG00000001160	0	0	0
ENSONIG00000001161	0	0	0
ENSONIG00000001162	66	15	17
ENSONIG00000001163	12	10	160
ENSONIG00000001164	1	0	9
ENSONIG00000001165	0	3	15
ENSONIG00000001166	0	0	9
ENSONIG00000001167	1	2	8
ENSONIG00000001168	61	10	391
ENSONIG00000001169	15	1	16
ENSONIG00000001170	2	3	15
ENSONIG00000001173	2	0	22
ENSONIG00000001175	9	8	14
ENSONIG00000001176	68	29	41
ENSONIG00000001178	0	5	102
ENSONIG00000001179	17	6	43
ENSONIG00000001180	0	0	16
ENSONIG00000001181	8	4	12
ENSONIG00000001182	0	1	6
ENSONIG00000001183	7	0	12
ENSONIG00000001184	9	0	0
ENSONIG00000001185	0	0	0
ENSONIG00000001186	0	0	0
ENSONIG00000001188	0	0	0
ENSONIG00000001189	1	0	8
ENSONIG00000001190	0	0	6
ENSONIG00000001192	0	0	0
ENSONIG00000001193	1	0	0
ENSONIG00000001194	0	0	0
ENSONIG00000001195	0	3	2
ENSONIG00000001196	0	0	0
ENSONIG00000001197	4	1	7
ENSONIG00000001198	0	1	0
ENSONIG00000001199	25	0	45
ENSONIG00000001201	4	1	15
ENSONIG00000001202	0	1	9
ENSONIG00000001203	0	1	7
ENSONIG00000001204	0	4	85
ENSONIG00000001205	0	1	28
ENSONIG00000001206	0	0	0
ENSONIG00000001207	1	1	61
ENSONIG00000001208	1	0	11
ENSONIG00000001209	0	0	0
ENSONIG00000001210	1	0	5
ENSONIG00000001211	6	2	176
ENSONIG00000001212	0	4	34
ENSONIG00000001213	1	0	1
ENSONIG00000001214	1689	3100	3869
ENSONIG00000001215	0	0	5
ENSONIG00000001216	0	1	23
ENSONIG00000001218	0	0	1
ENSONIG00000001220	0	0	1
ENSONIG00000001221	11	1	17
ENSONIG00000001223	14	15	398
ENSONIG00000001224	0	0	0
ENSONIG00000001225	15	0	2
ENSONIG00000001226	0	0	4
ENSONIG00000001227	7	0	0
ENSONIG00000001228	0	1	8
ENSONIG00000001230	0	2	2
ENSONIG00000001231	2	3	132
ENSONIG00000001232	2	1	5
ENSONIG00000001233	0	0	1
ENSONIG00000001234	4	0	8
ENSONIG00000001235	2	0	32
ENSONIG00000001236	17	1	28
ENSONIG00000001237	0	2	1
ENSONIG00000001238	9	4	110
ENSONIG00000001239	2	0	182
ENSONIG00000001240	0	0	0
ENSONIG00000001241	2	0	55
ENSONIG00000001242	3	0	28
ENSONIG00000001244	0	2	21
ENSONIG00000001245	6	6	131
ENSONIG00000001246	3	4	7
ENSONIG00000001247	15	2	31
ENSONIG00000001248	1	1	19
ENSONIG00000001249	0	0	0
ENSONIG00000001253	0	0	3
ENSONIG00000001254	1	1	21
ENSONIG00000001255	32	15	31
ENSONIG00000001256	0	0	1
ENSONIG00000001259	1	1	6
ENSONIG00000001260	20	6	117
ENSONIG00000001261	0	0	3
ENSONIG00000001262	1	3	6
ENSONIG00000001263	17	43	3859
ENSONIG00000001264	15	1	27
ENSONIG00000001265	9	4	16
ENSONIG00000001266	14	6	72
ENSONIG00000001267	3	1	7
ENSONIG00000001268	0	0	2
ENSONIG00000001269	1	0	0
ENSONIG00000001271	0	0	0
ENSONIG00000001272	1192	1826	2233
ENSONIG00000001273	32	2	90
ENSONIG00000001274	1	4	12
ENSONIG00000001276	91	2	20
ENSONIG00000001277	11	11	48
ENSONIG00000001279	0	0	0
ENSONIG00000001280	24	12	48
ENSONIG00000001281	21	8	79
ENSONIG00000001282	0	0	0
ENSONIG00000001283	6	6	178
ENSONIG00000001284	0	0	7
ENSONIG00000001285	1	1	6
ENSONIG00000001287	148	3	25
ENSONIG00000001289	0	0	1
ENSONIG00000001290	0	15	77
ENSONIG00000001291	1	0	15
ENSONIG00000001292	26	17	268
ENSONIG00000001293	3	0	1
ENSONIG00000001294	0	0	0
ENSONIG00000001295	0	2	10
ENSONIG00000001296	1	4	67
ENSONIG00000001297	66	56	3502
ENSONIG00000001298	1	0	0
ENSONIG00000001301	2	0	22
ENSONIG00000001302	1	1	4
ENSONIG00000001304	3	0	12
ENSONIG00000001306	38	23	26
ENSONIG00000001307	15	4	23
ENSONIG00000001308	10	0	5
ENSONIG00000001309	1	0	13
ENSONIG00000001310	2	0	20
ENSONIG00000001311	5	1	14
ENSONIG00000001312	11	1	16
ENSONIG00000001313	0	0	54
ENSONIG00000001314	58	46	76
ENSONIG00000001315	0	0	0
ENSONIG00000001316	2	4	103
ENSONIG00000001317	0	2	4
ENSONIG00000001318	1	0	10
ENSONIG00000001320	0	0	1
ENSONIG00000001323	3	1	0
ENSONIG00000001324	0	2	89
ENSONIG00000001325	0	0	0
ENSONIG00000001326	32	8	30
ENSONIG00000001327	0	0	0
ENSONIG00000001328	0	0	4
ENSONIG00000001329	1	1	1
ENSONIG00000001330	1	2	5
ENSONIG00000001331	7	0	13
ENSONIG00000001332	1	1	28
ENSONIG00000001333	1	0	11
ENSONIG00000001334	0	0	0
ENSONIG00000001335	5	1	13
ENSONIG00000001336	5	2	21
ENSONIG00000001337	0	2	13
ENSONIG00000001338	0	0	2
ENSONIG00000001340	0	2	17
ENSONIG00000001342	0	0	1
ENSONIG00000001344	0	0	0
ENSONIG00000001345	3	0	0
ENSONIG00000001346	1	1	18
ENSONIG00000001347	0	0	0
ENSONIG00000001349	0	2	48
ENSONIG00000001350	0	0	0
ENSONIG00000001351	4	7	15
ENSONIG00000001353	0	0	0
ENSONIG00000001354	6	2	1
ENSONIG00000001355	2	1	14
ENSONIG00000001356	7	7	58
ENSONIG00000001358	1	0	5
ENSONIG00000001359	0	0	0
ENSONIG00000001360	5	0	118
ENSONIG00000001361	1	0	11
ENSONIG00000001362	0	2	21
ENSONIG00000001363	0	0	12
ENSONIG00000001364	2	2	70
ENSONIG00000001366	0	2	38
ENSONIG00000001367	1	1	3
ENSONIG00000001369	0	4	3
ENSONIG00000001370	0	0	0
ENSONIG00000001371	2	7	96
ENSONIG00000001372	1	0	13
ENSONIG00000001373	1	0	22
ENSONIG00000001374	3	2	33
ENSONIG00000001375	1	0	0
ENSONIG00000001376	4	4	62
ENSONIG00000001378	2	0	5
ENSONIG00000001379	7	2	2
ENSONIG00000001380	0	0	0
ENSONIG00000001381	2	0	9
ENSONIG00000001384	7	1	26
ENSONIG00000001385	3	0	0
ENSONIG00000001386	0	0	11
ENSONIG00000001388	0	0	0
ENSONIG00000001389	0	1	1
ENSONIG00000001390	0	0	0
ENSONIG00000001391	1	0	0
ENSONIG00000001392	0	0	3
ENSONIG00000001395	0	0	18
ENSONIG00000001396	1	0	7
ENSONIG00000001397	2	0	3
ENSONIG00000001398	11	33	553
ENSONIG00000001399	0	0	1
ENSONIG00000001400	0	0	2
ENSONIG00000001401	4	19	5
ENSONIG00000001403	3	1	3
ENSONIG00000001404	0	0	23
ENSONIG00000001405	0	0	0
ENSONIG00000001406	0	1	10
ENSONIG00000001407	2	6	127
ENSONIG00000001408	0	0	0
ENSONIG00000001409	2	0	3
ENSONIG00000001410	4	0	6
ENSONIG00000001411	3	0	9
ENSONIG00000001412	2	1	15
ENSONIG00000001413	38	0	3
ENSONIG00000001414	37	25	40
ENSONIG00000001415	2	0	12
ENSONIG00000001418	0	2	53
ENSONIG00000001419	0	0	9
ENSONIG00000001420	4	6	79
ENSONIG00000001421	2	5	18
ENSONIG00000001422	2	4	8
ENSONIG00000001423	82	83	128
ENSONIG00000001425	6	6	11
ENSONIG00000001426	0	0	0
ENSONIG00000001427	1	0	27
ENSONIG00000001428	10	3	47
ENSONIG00000001429	0	0	0
ENSONIG00000001430	3	1	12
ENSONIG00000001431	6	5	34
ENSONIG00000001433	0	0	0
ENSONIG00000001434	0	0	0
ENSONIG00000001435	0	1	4
ENSONIG00000001436	0	0	0
ENSONIG00000001437	1	0	2
ENSONIG00000001438	0	0	0
ENSONIG00000001439	5	10	26
ENSONIG00000001440	0	1	21
ENSONIG00000001441	1	1	37
ENSONIG00000001442	1	0	5
ENSONIG00000001445	0	0	0
ENSONIG00000001446	5	4	54
ENSONIG00000001447	0	0	0
ENSONIG00000001449	0	0	0
ENSONIG00000001450	1	0	15
ENSONIG00000001451	0	1	3
ENSONIG00000001452	0	0	0
ENSONIG00000001453	2	0	3
ENSONIG00000001454	5	2	13
ENSONIG00000001455	4	0	0
ENSONIG00000001456	9	6	119
ENSONIG00000001460	4	1	17
ENSONIG00000001464	0	1	0
ENSONIG00000001465	2	1	37
ENSONIG00000001466	0	1	1
ENSONIG00000001467	9	25	24
ENSONIG00000001468	22	14	102
ENSONIG00000001469	477	392	467
ENSONIG00000001471	3	7	43
ENSONIG00000001472	0	0	0
ENSONIG00000001473	0	0	0
ENSONIG00000001474	0	0	4
ENSONIG00000001475	0	0	0
ENSONIG00000001476	21	1	4
ENSONIG00000001477	6	0	1
ENSONIG00000001479	0	0	0
ENSONIG00000001481	0	0	0
ENSONIG00000001483	2	2	16
ENSONIG00000001484	0	0	19
ENSONIG00000001485	0	1	2
ENSONIG00000001486	5	0	0
ENSONIG00000001490	0	0	0
ENSONIG00000001491	0	0	0
ENSONIG00000001494	2	1	1
ENSONIG00000001497	0	0	1
ENSONIG00000001499	0	0	0
ENSONIG00000001500	1	0	4
ENSONIG00000001501	0	1	15
ENSONIG00000001502	114	57	46
ENSONIG00000001503	0	0	10
ENSONIG00000001505	22	13	106
ENSONIG00000001506	36	33	39
ENSONIG00000001508	38	4	42
ENSONIG00000001509	16	3	16
ENSONIG00000001510	2	3	46
ENSONIG00000001511	0	0	0
ENSONIG00000001512	0	1	3
ENSONIG00000001513	3	7	87
ENSONIG00000001514	0	0	0
ENSONIG00000001515	0	0	0
ENSONIG00000001518	2	3	24
ENSONIG00000001520	0	1	22
ENSONIG00000001521	3	2	13
ENSONIG00000001523	2	0	7
ENSONIG00000001524	1	3	124
ENSONIG00000001525	0	0	1
ENSONIG00000001526	3	1	26
ENSONIG00000001527	10	6	10
ENSONIG00000001528	5	0	3
ENSONIG00000001529	0	1	11
ENSONIG00000001530	3	6	37
ENSONIG00000001532	0	1	18
ENSONIG00000001535	0	0	3
ENSONIG00000001536	0	0	0
ENSONIG00000001538	4	0	0
ENSONIG00000001540	0	0	1
ENSONIG00000001541	2	2	39
ENSONIG00000001542	21	5	84
ENSONIG00000001543	4	1	2
ENSONIG00000001545	2	1	50
ENSONIG00000001546	0	1	12
ENSONIG00000001547	1	0	0
ENSONIG00000001548	4	0	3
ENSONIG00000001549	0	0	13
ENSONIG00000001550	1	0	0
ENSONIG00000001551	0	2	6
ENSONIG00000001552	14	3	74
ENSONIG00000001553	3	4	46
ENSONIG00000001554	3	0	2
ENSONIG00000001555	36	141	135
ENSONIG00000001556	6	0	1
ENSONIG00000001557	0	0	11
ENSONIG00000001558	3	1	0
ENSONIG00000001559	0	0	1
ENSONIG00000001560	0	0	0
ENSONIG00000001561	11	3	116
ENSONIG00000001562	0	0	0
ENSONIG00000001564	0	0	6
ENSONIG00000001565	9	3	30
ENSONIG00000001567	4	2	21
ENSONIG00000001568	24	11	63
ENSONIG00000001569	2	7	105
ENSONIG00000001570	7	0	0
ENSONIG00000001571	2	0	1
ENSONIG00000001572	32	20	50
ENSONIG00000001573	0	0	0
ENSONIG00000001574	0	0	14
ENSONIG00000001575	1	2	17
ENSONIG00000001578	0	0	0
ENSONIG00000001579	0	3	33
ENSONIG00000001580	81	95	97
ENSONIG00000001581	7	4	36
ENSONIG00000001582	4	2	25
ENSONIG00000001584	3	1	56
ENSONIG00000001585	1	3	55
ENSONIG00000001586	7	0	15
ENSONIG00000001587	1	1	11
ENSONIG00000001588	1	0	0
ENSONIG00000001589	1	3	9
ENSONIG00000001590	0	2	8
ENSONIG00000001591	0	0	0
ENSONIG00000001592	2	4	126
ENSONIG00000001593	0	0	0
ENSONIG00000001595	18	10	61
ENSONIG00000001596	0	0	0
ENSONIG00000001597	2	1	7
ENSONIG00000001598	0	1	19
ENSONIG00000001599	0	10	90
ENSONIG00000001600	0	2	21
ENSONIG00000001601	0	0	0
ENSONIG00000001602	3	2	28
ENSONIG00000001603	0	0	1
ENSONIG00000001604	8	2	43
ENSONIG00000001605	0	0	0
ENSONIG00000001606	5	0	2
ENSONIG00000001607	2	2	19
ENSONIG00000001608	5	1	0
ENSONIG00000001609	1	0	13
ENSONIG00000001610	2	3	32
ENSONIG00000001611	0	0	0
ENSONIG00000001613	1	2	5
ENSONIG00000001614	4	5	50
ENSONIG00000001615	0	0	8
ENSONIG00000001617	0	0	5
ENSONIG00000001619	6	3	46
ENSONIG00000001620	3	1	32
ENSONIG00000001623	1	0	31
ENSONIG00000001624	12	4	3
ENSONIG00000001625	0	0	1
ENSONIG00000001626	1	3	58
ENSONIG00000001627	59	10	34
ENSONIG00000001628	2	1	33
ENSONIG00000001629	197	23	32
ENSONIG00000001630	0	0	5
ENSONIG00000001631	10	0	4
ENSONIG00000001632	13	3	15
ENSONIG00000001634	0	0	8
ENSONIG00000001635	1	0	0
ENSONIG00000001637	2	0	39
ENSONIG00000001639	0	0	0
ENSONIG00000001641	7	2	87
ENSONIG00000001642	41	54	124
ENSONIG00000001644	0	0	3
ENSONIG00000001645	6	5	95
ENSONIG00000001646	0	0	2
ENSONIG00000001647	0	0	0
ENSONIG00000001648	13	0	18
ENSONIG00000001649	0	0	0
ENSONIG00000001652	2	1	0
ENSONIG00000001653	0	0	8
ENSONIG00000001654	5	5	36
ENSONIG00000001656	4	0	37
ENSONIG00000001657	3	2	63
ENSONIG00000001658	0	0	0
ENSONIG00000001659	0	1	21
ENSONIG00000001660	0	0	0
ENSONIG00000001661	2	0	21
ENSONIG00000001663	1	0	17
ENSONIG00000001664	1	1	0
ENSONIG00000001665	6	6	2
ENSONIG00000001666	34	5	259
ENSONIG00000001667	6	10	26
ENSONIG00000001669	0	6	2
ENSONIG00000001671	0	0	10
ENSONIG00000001672	6	3	32
ENSONIG00000001673	13	62	1820
ENSONIG00000001675	0	1	6
ENSONIG00000001676	1	0	39
ENSONIG00000001677	13	8	42
ENSONIG00000001678	658	177	300
ENSONIG00000001679	2	0	0
ENSONIG00000001681	2	0	1
ENSONIG00000001684	0	0	0
ENSONIG00000001685	2	1	19
ENSONIG00000001686	1	0	1
ENSONIG00000001687	8	7	90
ENSONIG00000001688	3	3	82
ENSONIG00000001689	2	0	4
ENSONIG00000001690	2	3	5
ENSONIG00000001691	3	0	0
ENSONIG00000001692	0	0	11
ENSONIG00000001693	8	3	44
ENSONIG00000001694	0	0	5
ENSONIG00000001695	5	0	24
ENSONIG00000001696	1	1	8
ENSONIG00000001697	0	2	5
ENSONIG00000001698	0	0	0
ENSONIG00000001699	2	2	5
ENSONIG00000001700	0	0	0
ENSONIG00000001701	2	1	16
ENSONIG00000001703	8	2	53
ENSONIG00000001704	0	0	0
ENSONIG00000001708	0	0	7
ENSONIG00000001710	0	0	0
ENSONIG00000001712	34	9	381
ENSONIG00000001713	14	1	23
ENSONIG00000001714	2	3	17
ENSONIG00000001715	0	1	10
ENSONIG00000001717	3	1	20
ENSONIG00000001718	0	0	0
ENSONIG00000001719	0	0	2
ENSONIG00000001720	12	0	5
ENSONIG00000001721	3	1	44
ENSONIG00000001724	4	2	12
ENSONIG00000001725	1	1	15
ENSONIG00000001726	0	1	11
ENSONIG00000001727	1	0	7
ENSONIG00000001728	10	2	38
ENSONIG00000001729	4	0	1
ENSONIG00000001730	24	0	4
ENSONIG00000001731	5	0	47
ENSONIG00000001733	0	0	3
ENSONIG00000001734	0	1	5
ENSONIG00000001738	8	1	25
ENSONIG00000001739	0	0	0
ENSONIG00000001740	30	1	6
ENSONIG00000001741	4	0	6
ENSONIG00000001742	422	21	234
ENSONIG00000001743	0	0	2
ENSONIG00000001744	0	0	10
ENSONIG00000001746	3	0	0
ENSONIG00000001748	0	0	0
ENSONIG00000001749	2	4	109
ENSONIG00000001750	49	3	39
ENSONIG00000001751	9	3	45
ENSONIG00000001752	3	1	61
ENSONIG00000001753	1	0	0
ENSONIG00000001754	0	1	12
ENSONIG00000001755	0	0	1
ENSONIG00000001756	1	1	21
ENSONIG00000001757	3	0	1
ENSONIG00000001758	18	1	199
ENSONIG00000001760	7	10	83
ENSONIG00000001761	4	5	508
ENSONIG00000001764	10	0	4
ENSONIG00000001765	0	1	4
ENSONIG00000001766	0	1	0
ENSONIG00000001767	0	0	1
ENSONIG00000001768	13	10	247
ENSONIG00000001769	5	0	3
ENSONIG00000001771	3	8	4
ENSONIG00000001772	5	0	7
ENSONIG00000001775	0	0	4
ENSONIG00000001777	2	3	27
ENSONIG00000001778	0	1	17
ENSONIG00000001779	1	0	12
ENSONIG00000001780	16	2	1
ENSONIG00000001781	0	0	24
ENSONIG00000001782	0	0	1
ENSONIG00000001783	0	0	0
ENSONIG00000001784	3	1	41
ENSONIG00000001785	5	2	15
ENSONIG00000001786	1	0	4
ENSONIG00000001787	7	1	45
ENSONIG00000001788	1	0	10
ENSONIG00000001789	3	0	1
ENSONIG00000001790	9	12	85
ENSONIG00000001791	0	3	18
ENSONIG00000001792	3	6	14
ENSONIG00000001793	4	2	6
ENSONIG00000001794	0	0	2
ENSONIG00000001795	0	0	7
ENSONIG00000001796	5	15	52
ENSONIG00000001797	3	12	64
ENSONIG00000001798	0	0	3
ENSONIG00000001801	1	0	10
ENSONIG00000001803	2	0	0
ENSONIG00000001804	1	0	0
ENSONIG00000001805	0	0	0
ENSONIG00000001808	0	3	33
ENSONIG00000001809	2	2	31
ENSONIG00000001810	18	8	10
ENSONIG00000001811	3	1	5
ENSONIG00000001812	0	0	0
ENSONIG00000001813	0	0	0
ENSONIG00000001814	1	1	6
ENSONIG00000001816	0	2	1
ENSONIG00000001817	3	1	13
ENSONIG00000001818	0	1	158
ENSONIG00000001819	1	4	23
ENSONIG00000001820	0	0	4
ENSONIG00000001822	0	1	14
ENSONIG00000001823	0	0	5
ENSONIG00000001824	0	0	0
ENSONIG00000001826	0	0	5
ENSONIG00000001827	26	41	1801
ENSONIG00000001828	0	0	0
ENSONIG00000001829	3	0	15
ENSONIG00000001830	4	6	44
ENSONIG00000001832	1	1	28
ENSONIG00000001833	5	0	15
ENSONIG00000001835	0	0	8
ENSONIG00000001836	0	0	0
ENSONIG00000001837	4	1	60
ENSONIG00000001838	0	0	0
ENSONIG00000001840	0	0	0
ENSONIG00000001841	0	1	0
ENSONIG00000001842	6	1	6
ENSONIG00000001843	5	0	4
ENSONIG00000001844	24	8	2
ENSONIG00000001845	6	0	6
ENSONIG00000001847	8	7	188
ENSONIG00000001848	4	0	5
ENSONIG00000001850	13	0	7
ENSONIG00000001851	2	0	2
ENSONIG00000001853	0	5	21
ENSONIG00000001855	0	0	0
ENSONIG00000001856	1	0	2
ENSONIG00000001857	21	89	100
ENSONIG00000001858	2	1	33
ENSONIG00000001860	3	3	77
ENSONIG00000001861	1	3	75
ENSONIG00000001862	9	2	133
ENSONIG00000001863	0	0	1
ENSONIG00000001864	5	6	31
ENSONIG00000001865	0	2	19
ENSONIG00000001866	0	0	5
ENSONIG00000001867	3	7	41
ENSONIG00000001868	3	0	3
ENSONIG00000001869	0	0	0
ENSONIG00000001870	3	0	0
ENSONIG00000001871	7	1	20
ENSONIG00000001872	0	1	0
ENSONIG00000001873	0	0	0
ENSONIG00000001874	206	248	348
ENSONIG00000001875	4	1	25
ENSONIG00000001876	92	64	118
ENSONIG00000001877	10	3	14
ENSONIG00000001878	0	0	30
ENSONIG00000001879	4	15	48
ENSONIG00000001882	0	0	7
ENSONIG00000001884	6	6	47
ENSONIG00000001886	0	0	15
ENSONIG00000001890	0	2	11
ENSONIG00000001891	1	1	28
ENSONIG00000001892	1	0	2
ENSONIG00000001893	3	0	14
ENSONIG00000001894	0	0	7
ENSONIG00000001895	0	34	142
ENSONIG00000001896	1728	824	1092
ENSONIG00000001897	0	0	3
ENSONIG00000001898	1	2	19
ENSONIG00000001899	141	65	260
ENSONIG00000001900	7	0	24
ENSONIG00000001901	0	1	5
ENSONIG00000001903	1	0	28
ENSONIG00000001904	1	2	4
ENSONIG00000001905	3	0	7
ENSONIG00000001906	0	3	3
ENSONIG00000001907	29	3	34
ENSONIG00000001911	0	0	0
ENSONIG00000001912	0	2	19
ENSONIG00000001913	1	1	10
ENSONIG00000001914	2	0	18
ENSONIG00000001915	0	0	2
ENSONIG00000001916	0	0	6
ENSONIG00000001917	1	0	0
ENSONIG00000001918	2	0	17
ENSONIG00000001919	3	0	0
ENSONIG00000001920	3	0	4
ENSONIG00000001921	0	0	25
ENSONIG00000001922	12	2	29
ENSONIG00000001923	1	0	1
ENSONIG00000001924	3	0	21
ENSONIG00000001925	1	1	18
ENSONIG00000001926	0	3	28
ENSONIG00000001927	35	8	283
ENSONIG00000001928	0	0	0
ENSONIG00000001929	0	0	0
ENSONIG00000001930	0	0	3
ENSONIG00000001931	1	0	0
ENSONIG00000001932	37	19	104
ENSONIG00000001933	2	7	36
ENSONIG00000001934	0	2	15
ENSONIG00000001935	0	0	0
ENSONIG00000001939	0	0	7
ENSONIG00000001941	0	0	2
ENSONIG00000001943	0	0	4
ENSONIG00000001944	0	3	2
ENSONIG00000001945	68	76	67
ENSONIG00000001946	0	0	0
ENSONIG00000001947	6	1	7
ENSONIG00000001948	0	0	0
ENSONIG00000001949	1	0	7
ENSONIG00000001950	24	0	9
ENSONIG00000001951	1	7	91
ENSONIG00000001952	0	0	0
ENSONIG00000001954	6	3	28
ENSONIG00000001955	10	0	11
ENSONIG00000001957	3	1	6
ENSONIG00000001958	1	3	45
ENSONIG00000001959	1	0	12
ENSONIG00000001961	0	0	2
ENSONIG00000001962	0	0	0
ENSONIG00000001963	0	1	7
ENSONIG00000001964	0	3	28
ENSONIG00000001966	0	0	14
ENSONIG00000001968	0	0	0
ENSONIG00000001970	0	0	8
ENSONIG00000001971	0	0	0
ENSONIG00000001973	2	0	5
ENSONIG00000001974	1	0	3
ENSONIG00000001975	0	0	1
ENSONIG00000001977	11	0	1
ENSONIG00000001978	9	5	33
ENSONIG00000001979	8	2	46
ENSONIG00000001980	0	0	6
ENSONIG00000001984	1	1	10
ENSONIG00000001985	0	0	3
ENSONIG00000001987	8	2	8
ENSONIG00000001989	0	0	5
ENSONIG00000001990	13	6	89
ENSONIG00000001991	0	0	0
ENSONIG00000001993	29	14	28
ENSONIG00000001994	2	0	9
ENSONIG00000001995	4	0	8
ENSONIG00000001996	44	3	65
ENSONIG00000001997	0	5	43
ENSONIG00000001998	0	0	0
ENSONIG00000001999	0	0	0
ENSONIG00000002005	2	0	4
ENSONIG00000002006	1	0	0
ENSONIG00000002007	3	1	7
ENSONIG00000002008	92	45	32
ENSONIG00000002009	3	0	4
ENSONIG00000002010	279	10	22
ENSONIG00000002011	0	0	0
ENSONIG00000002012	0	0	0
ENSONIG00000002013	2	0	4
ENSONIG00000002014	0	0	0
ENSONIG00000002015	0	2	24
ENSONIG00000002016	0	0	0
ENSONIG00000002018	1	2	30
ENSONIG00000002019	0	1	0
ENSONIG00000002020	0	0	5
ENSONIG00000002022	12	3	27
ENSONIG00000002023	0	2	6
ENSONIG00000002025	1	13	1986
ENSONIG00000002028	0	0	0
ENSONIG00000002029	0	0	1
ENSONIG00000002030	0	0	1
ENSONIG00000002032	2	1	22
ENSONIG00000002033	8	5	82
ENSONIG00000002034	6	8	49
ENSONIG00000002035	13	3	201
ENSONIG00000002037	1	1	17
ENSONIG00000002038	7	4	23
ENSONIG00000002039	171	154	215
ENSONIG00000002040	0	1	18
ENSONIG00000002041	0	0	4
ENSONIG00000002042	7	1	18
ENSONIG00000002043	0	2	5
ENSONIG00000002045	0	0	1
ENSONIG00000002046	3	1	215
ENSONIG00000002047	12	3	6
ENSONIG00000002049	1	0	3
ENSONIG00000002050	5	0	5
ENSONIG00000002051	2	0	13
ENSONIG00000002052	2	5	15
ENSONIG00000002053	2	0	5
ENSONIG00000002054	3	2	8
ENSONIG00000002055	0	0	27
ENSONIG00000002056	0	0	0
ENSONIG00000002057	0	0	7
ENSONIG00000002058	2	0	16
ENSONIG00000002059	0	0	5
ENSONIG00000002060	13	6	72
ENSONIG00000002061	0	0	0
ENSONIG00000002062	320	685	6368
ENSONIG00000002063	0	0	0
ENSONIG00000002064	0	0	0
ENSONIG00000002065	2	1	34
ENSONIG00000002066	16	7	57
ENSONIG00000002067	14	20	33
ENSONIG00000002068	0	0	0
ENSONIG00000002069	2	0	0
ENSONIG00000002070	15	9	25
ENSONIG00000002071	0	0	0
ENSONIG00000002072	0	0	0
ENSONIG00000002074	16	7	306
ENSONIG00000002075	1	0	16
ENSONIG00000002076	1	0	41
ENSONIG00000002077	0	0	0
ENSONIG00000002078	0	1	7
ENSONIG00000002079	8	3	84
ENSONIG00000002081	3	1	13
ENSONIG00000002082	5	2	2
ENSONIG00000002083	0	0	0
ENSONIG00000002085	0	3	25
ENSONIG00000002087	0	0	0
ENSONIG00000002088	7	0	16
ENSONIG00000002089	4	0	1
ENSONIG00000002090	1	5	20
ENSONIG00000002092	4	1	5
ENSONIG00000002093	94	10	93
ENSONIG00000002094	0	1	8
ENSONIG00000002096	0	0	8
ENSONIG00000002097	0	0	1
ENSONIG00000002098	0	4	203
ENSONIG00000002100	1	3	5
ENSONIG00000002102	0	0	0
ENSONIG00000002104	6	0	0
ENSONIG00000002105	0	0	0
ENSONIG00000002106	0	0	0
ENSONIG00000002107	3423	303	513
ENSONIG00000002108	0	0	46
ENSONIG00000002109	53	13	77
ENSONIG00000002110	1	1	7
ENSONIG00000002111	0	1	5
ENSONIG00000002112	2	0	9
ENSONIG00000002114	0	0	0
ENSONIG00000002115	6	2	5
ENSONIG00000002116	3	4	13
ENSONIG00000002117	2	4	23
ENSONIG00000002118	2	0	0
ENSONIG00000002119	6	2	14
ENSONIG00000002121	0	0	11
ENSONIG00000002122	4	3	28
ENSONIG00000002123	0	0	9
ENSONIG00000002124	2	0	253
ENSONIG00000002126	0	0	1
ENSONIG00000002127	0	0	0
ENSONIG00000002128	0	0	0
ENSONIG00000002130	0	0	3
ENSONIG00000002131	0	4	38
ENSONIG00000002132	2	1	32
ENSONIG00000002133	0	3	1
ENSONIG00000002134	2	0	0
ENSONIG00000002137	0	0	19
ENSONIG00000002138	0	0	2
ENSONIG00000002140	0	0	19
ENSONIG00000002141	5	0	10
ENSONIG00000002142	0	0	10
ENSONIG00000002143	1	0	37
ENSONIG00000002144	1	0	0
ENSONIG00000002145	8	2	2
ENSONIG00000002146	1	1	6
ENSONIG00000002147	0	0	3
ENSONIG00000002149	0	0	0
ENSONIG00000002150	3	10	75
ENSONIG00000002151	0	0	0
ENSONIG00000002152	0	0	1
ENSONIG00000002153	0	0	6
ENSONIG00000002154	0	1	1
ENSONIG00000002155	0	0	5
ENSONIG00000002156	0	0	2
ENSONIG00000002157	0	0	32
ENSONIG00000002158	1	0	17
ENSONIG00000002159	14	2	45
ENSONIG00000002160	1	0	0
ENSONIG00000002161	0	0	10
ENSONIG00000002162	0	0	0
ENSONIG00000002163	5	4	18
ENSONIG00000002164	0	1	1
ENSONIG00000002165	0	0	9
ENSONIG00000002166	2	0	85
ENSONIG00000002167	2	1	2
ENSONIG00000002168	3	0	5
ENSONIG00000002170	19	5	33
ENSONIG00000002171	586	213	183
ENSONIG00000002174	1	1	7
ENSONIG00000002176	1	1	0
ENSONIG00000002177	40	35	48
ENSONIG00000002178	0	1	4
ENSONIG00000002179	14	3	101
ENSONIG00000002180	0	0	39
ENSONIG00000002181	0	0	12
ENSONIG00000002182	2507	15432	16376
ENSONIG00000002183	0	0	7
ENSONIG00000002184	12	68	1423
ENSONIG00000002185	0	1	36
ENSONIG00000002186	0	0	0
ENSONIG00000002188	3	0	7
ENSONIG00000002190	2	0	33
ENSONIG00000002191	2	0	0
ENSONIG00000002192	0	0	2
ENSONIG00000002193	0	0	1
ENSONIG00000002194	0	0	5
ENSONIG00000002195	1	0	1
ENSONIG00000002196	31	0	12
ENSONIG00000002197	2	0	0
ENSONIG00000002198	2	3	4
ENSONIG00000002199	3	0	2
ENSONIG00000002200	2	0	7
ENSONIG00000002201	1	0	5
ENSONIG00000002202	1	1	13
ENSONIG00000002203	4	1	1
ENSONIG00000002204	0	0	0
ENSONIG00000002205	0	0	0
ENSONIG00000002206	1	1	3
ENSONIG00000002207	0	0	0
ENSONIG00000002209	0	0	0
ENSONIG00000002210	2	2	25
ENSONIG00000002211	0	5	21
ENSONIG00000002212	0	0	7
ENSONIG00000002213	0	0	0
ENSONIG00000002214	0	0	0
ENSONIG00000002216	0	0	6
ENSONIG00000002217	0	3	3
ENSONIG00000002218	0	1	1
ENSONIG00000002220	0	0	0
ENSONIG00000002222	4	0	8
ENSONIG00000002223	57	54	51
ENSONIG00000002224	24	17	324
ENSONIG00000002226	0	1	10
ENSONIG00000002227	1	0	0
ENSONIG00000002228	0	0	1
ENSONIG00000002229	1	59	64
ENSONIG00000002230	0	3	7
ENSONIG00000002232	155	112	136
ENSONIG00000002233	0	0	0
ENSONIG00000002234	6	3	83
ENSONIG00000002235	7	3	132
ENSONIG00000002236	1	3	87
ENSONIG00000002238	0	0	8
ENSONIG00000002239	0	0	9
ENSONIG00000002240	0	2	13
ENSONIG00000002241	8	2	28
ENSONIG00000002243	7	0	2
ENSONIG00000002244	0	0	1
ENSONIG00000002245	1	0	1
ENSONIG00000002247	3	9	2
ENSONIG00000002248	0	4	85
ENSONIG00000002249	1	1	23
ENSONIG00000002250	0	0	2
ENSONIG00000002251	0	0	2
ENSONIG00000002253	1688	995	836
ENSONIG00000002254	42	20	6
ENSONIG00000002255	7	0	16
ENSONIG00000002256	2	1	8
ENSONIG00000002257	0	0	0
ENSONIG00000002258	0	0	3
ENSONIG00000002259	0	0	0
ENSONIG00000002260	1	4	5
ENSONIG00000002262	8	0	4
ENSONIG00000002263	0	0	0
ENSONIG00000002264	1	0	11
ENSONIG00000002265	0	4	0
ENSONIG00000002267	3	1	7
ENSONIG00000002268	2	9	86
ENSONIG00000002269	0	0	0
ENSONIG00000002271	0	2	34
ENSONIG00000002272	0	0	0
ENSONIG00000002273	0	0	12
ENSONIG00000002274	7	7	12
ENSONIG00000002275	1	1	13
ENSONIG00000002276	9	0	1
ENSONIG00000002277	4	4	26
ENSONIG00000002278	1	0	0
ENSONIG00000002279	0	0	4
ENSONIG00000002280	6	0	1
ENSONIG00000002281	5	1	28
ENSONIG00000002282	0	0	3
ENSONIG00000002284	1	1	0
ENSONIG00000002285	0	0	50
ENSONIG00000002286	0	0	0
ENSONIG00000002289	0	0	30
ENSONIG00000002290	8	7	79
ENSONIG00000002291	0	1	266
ENSONIG00000002292	0	4	64
ENSONIG00000002293	1	0	0
ENSONIG00000002295	1	0	10
ENSONIG00000002296	1	0	6
ENSONIG00000002298	0	2	0
ENSONIG00000002299	14	12	181
ENSONIG00000002300	0	0	0
ENSONIG00000002302	0	0	0
ENSONIG00000002303	0	1	11
ENSONIG00000002304	20	8	51
ENSONIG00000002305	0	1	6
ENSONIG00000002306	4	3	15
ENSONIG00000002307	6	4	49
ENSONIG00000002310	0	0	0
ENSONIG00000002311	10	8	107
ENSONIG00000002313	2	0	20
ENSONIG00000002314	0	0	6
ENSONIG00000002315	10	4	7
ENSONIG00000002316	0	0	1
ENSONIG00000002317	5	5	52
ENSONIG00000002318	27	9	110
ENSONIG00000002319	3	3	23
ENSONIG00000002320	0	4	24
ENSONIG00000002321	0	6	680
ENSONIG00000002322	1	0	17
ENSONIG00000002323	17	3	62
ENSONIG00000002324	0	0	0
ENSONIG00000002325	21	31	7
ENSONIG00000002326	16	87	2874
ENSONIG00000002328	0	0	22
ENSONIG00000002329	2	3	15
ENSONIG00000002330	22	0	15
ENSONIG00000002331	0	0	5
ENSONIG00000002332	1	0	14
ENSONIG00000002334	0	0	1
ENSONIG00000002335	0	0	0
ENSONIG00000002338	0	1	4
ENSONIG00000002339	0	7	3
ENSONIG00000002341	0	0	0
ENSONIG00000002342	0	0	0
ENSONIG00000002343	0	0	0
ENSONIG00000002344	119	7	9
ENSONIG00000002345	17	6	32
ENSONIG00000002346	2	4	6
ENSONIG00000002347	0	1	0
ENSONIG00000002348	0	0	0
ENSONIG00000002349	0	0	3
ENSONIG00000002352	0	0	3
ENSONIG00000002353	81	126	208
ENSONIG00000002354	1	0	31
ENSONIG00000002355	6	2	19
ENSONIG00000002357	1	0	10
ENSONIG00000002358	3	0	4
ENSONIG00000002361	0	0	0
ENSONIG00000002362	1	1	49
ENSONIG00000002363	0	1	72
ENSONIG00000002364	17	26	77
ENSONIG00000002365	0	1	0
ENSONIG00000002366	6	3	21
ENSONIG00000002367	9	0	78
ENSONIG00000002368	1	0	13
ENSONIG00000002369	0	0	7
ENSONIG00000002370	354	190	190
ENSONIG00000002371	0	0	0
ENSONIG00000002373	2	0	10
ENSONIG00000002375	0	0	0
ENSONIG00000002377	69	11	56
ENSONIG00000002378	0	0	0
ENSONIG00000002380	1	0	1
ENSONIG00000002381	0	0	0
ENSONIG00000002383	0	0	4
ENSONIG00000002384	0	3	59
ENSONIG00000002385	3	12	8
ENSONIG00000002386	1	0	1
ENSONIG00000002387	0	0	4
ENSONIG00000002388	0	2	22
ENSONIG00000002389	9	1	5
ENSONIG00000002390	0	0	5
ENSONIG00000002391	2	0	4
ENSONIG00000002392	2	0	19
ENSONIG00000002393	0	0	0
ENSONIG00000002394	10	5	122
ENSONIG00000002395	0	5	4
ENSONIG00000002396	0	0	0
ENSONIG00000002397	0	0	5
ENSONIG00000002398	1	3	39
ENSONIG00000002399	0	0	1
ENSONIG00000002400	7	3	4
ENSONIG00000002401	0	0	0
ENSONIG00000002402	2	0	50
ENSONIG00000002403	4	0	9
ENSONIG00000002404	0	0	12
ENSONIG00000002405	0	0	18
ENSONIG00000002407	2	0	1
ENSONIG00000002409	1	0	0
ENSONIG00000002411	3	0	0
ENSONIG00000002412	8	3	10
ENSONIG00000002413	20	9	92
ENSONIG00000002414	0	2	8
ENSONIG00000002415	18	4	149
ENSONIG00000002416	0	1	20
ENSONIG00000002417	0	0	5
ENSONIG00000002418	90	30	327
ENSONIG00000002419	4	3	4
ENSONIG00000002420	7	7	37
ENSONIG00000002422	2	0	2
ENSONIG00000002423	2	0	2
ENSONIG00000002424	0	1	15
ENSONIG00000002425	8	3	53
ENSONIG00000002426	1	3	0
ENSONIG00000002427	0	0	0
ENSONIG00000002428	2	4	81
ENSONIG00000002430	6	1	21
ENSONIG00000002431	0	1	1
ENSONIG00000002432	0	0	17
ENSONIG00000002433	0	0	0
ENSONIG00000002434	3	1	14
ENSONIG00000002435	2	0	7
ENSONIG00000002436	10	0	5
ENSONIG00000002437	0	0	0
ENSONIG00000002440	47	1	3
ENSONIG00000002441	2	4	87
ENSONIG00000002442	1	2	60
ENSONIG00000002445	6	4	8
ENSONIG00000002446	0	1	2
ENSONIG00000002447	2	3	5
ENSONIG00000002448	0	2	3
ENSONIG00000002449	4	2	25
ENSONIG00000002450	1	0	10
ENSONIG00000002453	7	4	19
ENSONIG00000002454	2	2	2
ENSONIG00000002455	8	5	41
ENSONIG00000002456	0	0	7
ENSONIG00000002457	0	0	74
ENSONIG00000002458	3	4	16
ENSONIG00000002459	4	5	11
ENSONIG00000002460	3	3	52
ENSONIG00000002461	5	2	10
ENSONIG00000002462	7	2	84
ENSONIG00000002463	3	2	0
ENSONIG00000002464	0	0	1
ENSONIG00000002465	0	2	8
ENSONIG00000002466	7	2	101
ENSONIG00000002468	120	85	121
ENSONIG00000002469	2	5	2
ENSONIG00000002470	37	23	39
ENSONIG00000002471	6	1	21
ENSONIG00000002474	1	0	0
ENSONIG00000002475	0	1	2
ENSONIG00000002479	0	0	54
ENSONIG00000002480	8	6	62
ENSONIG00000002481	3	0	2
ENSONIG00000002482	1	0	1
ENSONIG00000002484	0	12	208
ENSONIG00000002485	4	0	9
ENSONIG00000002487	2	1	38
ENSONIG00000002488	93	102	967
ENSONIG00000002489	1	0	15
ENSONIG00000002490	2	0	24
ENSONIG00000002491	14	2	2
ENSONIG00000002493	0	0	5
ENSONIG00000002494	0	0	5
ENSONIG00000002495	0	5	81
ENSONIG00000002496	3	3	14
ENSONIG00000002497	0	0	0
ENSONIG00000002498	79	2	28
ENSONIG00000002499	24	1	31
ENSONIG00000002500	0	2	7
ENSONIG00000002501	2	0	8
ENSONIG00000002502	4	2	21
ENSONIG00000002503	0	0	0
ENSONIG00000002505	2	0	5
ENSONIG00000002508	0	0	2
ENSONIG00000002509	0	0	1
ENSONIG00000002511	7	5	58
ENSONIG00000002512	205	45	442
ENSONIG00000002513	0	0	0
ENSONIG00000002515	7	2	14
ENSONIG00000002516	0	0	0
ENSONIG00000002517	1	0	6
ENSONIG00000002518	5	1	6
ENSONIG00000002519	1	3	23
ENSONIG00000002521	0	0	8
ENSONIG00000002522	0	0	2
ENSONIG00000002523	8	0	3
ENSONIG00000002524	3	3	45
ENSONIG00000002525	0	0	16
ENSONIG00000002526	6	0	20
ENSONIG00000002527	100	32	485
ENSONIG00000002528	8	4	41
ENSONIG00000002529	3	0	4
ENSONIG00000002531	0	0	21
ENSONIG00000002532	0	2	35
ENSONIG00000002533	2	2	2
ENSONIG00000002534	4	0	3
ENSONIG00000002536	8	7	59
ENSONIG00000002537	0	0	0
ENSONIG00000002538	1	3	81
ENSONIG00000002539	0	0	8
ENSONIG00000002541	0	0	0
ENSONIG00000002542	2	0	28
ENSONIG00000002543	1	1	13
ENSONIG00000002544	0	5	21
ENSONIG00000002546	21	4	133
ENSONIG00000002547	1	0	4
ENSONIG00000002548	3	4	0
ENSONIG00000002549	0	0	8
ENSONIG00000002550	0	0	8
ENSONIG00000002552	19	0	3
ENSONIG00000002554	0	0	0
ENSONIG00000002555	9	2	35
ENSONIG00000002556	3	0	2
ENSONIG00000002557	12	1	2
ENSONIG00000002558	11	2	68
ENSONIG00000002559	0	0	0
ENSONIG00000002560	0	0	0
ENSONIG00000002561	1	0	0
ENSONIG00000002562	5	1	4
ENSONIG00000002563	5	3	7
ENSONIG00000002564	2	0	3
ENSONIG00000002565	1	2	9
ENSONIG00000002566	5	1	37
ENSONIG00000002567	3	0	4
ENSONIG00000002568	2	4	20
ENSONIG00000002570	1	0	11
ENSONIG00000002571	0	0	0
ENSONIG00000002573	1	4	17
ENSONIG00000002575	7	8	148
ENSONIG00000002576	6	6	83
ENSONIG00000002577	1	1	11
ENSONIG00000002578	3	5	110
ENSONIG00000002580	1	0	2
ENSONIG00000002581	2	0	13
ENSONIG00000002582	0	0	27
ENSONIG00000002583	0	0	26
ENSONIG00000002585	0	0	0
ENSONIG00000002586	4	1	22
ENSONIG00000002587	1	4	32
ENSONIG00000002589	0	1	4
ENSONIG00000002590	10	3	41
ENSONIG00000002591	0	1	47
ENSONIG00000002592	0	2	14
ENSONIG00000002593	1	0	1
ENSONIG00000002594	0	0	0
ENSONIG00000002595	1	1	12
ENSONIG00000002596	0	1	2
ENSONIG00000002597	27	8	7
ENSONIG00000002598	2	0	4
ENSONIG00000002599	4	6	182
ENSONIG00000002600	33	38	620
ENSONIG00000002601	0	0	6
ENSONIG00000002602	0	0	0
ENSONIG00000002603	1	0	0
ENSONIG00000002604	0	7	127
ENSONIG00000002606	8	4	152
ENSONIG00000002607	0	0	4
ENSONIG00000002609	0	2	33
ENSONIG00000002611	1	0	18
ENSONIG00000002614	2	0	6
ENSONIG00000002616	6	57	91
ENSONIG00000002619	2	1	94
ENSONIG00000002620	7	0	19
ENSONIG00000002621	10	0	1
ENSONIG00000002624	1	7	93
ENSONIG00000002625	1	1	2
ENSONIG00000002626	0	3	30
ENSONIG00000002627	12	9	74
ENSONIG00000002629	4	2	15
ENSONIG00000002630	2	0	5
ENSONIG00000002631	0	1	25
ENSONIG00000002632	7	0	22
ENSONIG00000002633	1	2	10
ENSONIG00000002634	0	12	343
ENSONIG00000002635	0	6	29
ENSONIG00000002636	22	24	43
ENSONIG00000002638	31	2	41
ENSONIG00000002640	1	1	1
ENSONIG00000002641	2	1	5
ENSONIG00000002642	3	10	68
ENSONIG00000002643	0	0	6
ENSONIG00000002644	18	6	58
ENSONIG00000002645	78	4	29
ENSONIG00000002646	2	1	13
ENSONIG00000002647	2	2	2
ENSONIG00000002648	0	0	5
ENSONIG00000002649	0	0	9
ENSONIG00000002650	4	0	1
ENSONIG00000002651	3	0	3
ENSONIG00000002652	3	5	33
ENSONIG00000002653	2	0	12
ENSONIG00000002654	6	8	46
ENSONIG00000002655	515	21	63
ENSONIG00000002656	2	5	21
ENSONIG00000002657	0	2	14
ENSONIG00000002658	1	2	17
ENSONIG00000002659	3	1	9
ENSONIG00000002661	0	0	0
ENSONIG00000002662	4	9	69
ENSONIG00000002663	20	0	1
ENSONIG00000002665	7	0	50
ENSONIG00000002666	20	5	3
ENSONIG00000002669	3	3	54
ENSONIG00000002670	0	0	0
ENSONIG00000002671	1	0	0
ENSONIG00000002672	1	9	626
ENSONIG00000002673	2	6	7
ENSONIG00000002675	0	2	4
ENSONIG00000002676	9	0	4
ENSONIG00000002677	1	0	17
ENSONIG00000002678	1	1	25
ENSONIG00000002679	124	10	164
ENSONIG00000002680	1	1	66
ENSONIG00000002682	1	0	67
ENSONIG00000002683	11	21	51
ENSONIG00000002684	3	1	25
ENSONIG00000002685	134	15	13
ENSONIG00000002686	5	16	13
ENSONIG00000002687	0	0	0
ENSONIG00000002688	0	1	4
ENSONIG00000002689	0	0	6
ENSONIG00000002691	6	5	75
ENSONIG00000002692	1	8	74
ENSONIG00000002693	0	0	0
ENSONIG00000002694	5	0	8
ENSONIG00000002695	0	0	17
ENSONIG00000002696	2	3	90
ENSONIG00000002697	3	0	6
ENSONIG00000002698	0	0	1
ENSONIG00000002699	0	0	1
ENSONIG00000002700	1	2	39
ENSONIG00000002701	0	1	8
ENSONIG00000002702	0	0	0
ENSONIG00000002703	2	0	0
ENSONIG00000002704	0	0	0
ENSONIG00000002705	22	7	162
ENSONIG00000002708	48	13	26
ENSONIG00000002709	0	0	0
ENSONIG00000002710	0	0	0
ENSONIG00000002711	5	0	29
ENSONIG00000002712	289	30	49
ENSONIG00000002715	7	2	17
ENSONIG00000002716	2	0	6
ENSONIG00000002717	35	104	1777
ENSONIG00000002718	1	0	4
ENSONIG00000002719	0	0	0
ENSONIG00000002720	4	0	1
ENSONIG00000002721	1400	248	169
ENSONIG00000002722	7	16	46
ENSONIG00000002723	7	0	0
ENSONIG00000002724	24	7	7
ENSONIG00000002725	104	3	68
ENSONIG00000002727	2	0	6
ENSONIG00000002728	35	23	41
ENSONIG00000002729	1	0	38
ENSONIG00000002730	5	0	27
ENSONIG00000002731	0	0	0
ENSONIG00000002732	0	0	11
ENSONIG00000002734	0	0	1
ENSONIG00000002735	3	4	40
ENSONIG00000002736	0	1	0
ENSONIG00000002737	3	0	0
ENSONIG00000002740	3	0	0
ENSONIG00000002741	0	0	2
ENSONIG00000002742	1	5	22
ENSONIG00000002743	0	0	4
ENSONIG00000002745	0	0	14
ENSONIG00000002746	1	1	26
ENSONIG00000002747	25	11	15
ENSONIG00000002748	0	1	0
ENSONIG00000002749	0	0	4
ENSONIG00000002750	10	15	21
ENSONIG00000002751	0	1	0
ENSONIG00000002752	2	23	82
ENSONIG00000002753	0	0	0
ENSONIG00000002754	0	0	1
ENSONIG00000002755	1	0	0
ENSONIG00000002756	0	0	0
ENSONIG00000002757	0	0	16
ENSONIG00000002758	6	13	60
ENSONIG00000002760	128	56	49
ENSONIG00000002761	1	1	6
ENSONIG00000002762	7	6	20
ENSONIG00000002763	0	1	1
ENSONIG00000002764	0	0	36
ENSONIG00000002765	0	0	9
ENSONIG00000002766	7	1	33
ENSONIG00000002768	0	1	6
ENSONIG00000002769	41	19	93
ENSONIG00000002770	15	3	22
ENSONIG00000002771	0	0	25
ENSONIG00000002772	0	2	6
ENSONIG00000002773	1	0	1
ENSONIG00000002775	22	28	28
ENSONIG00000002776	0	0	0
ENSONIG00000002777	0	3	7
ENSONIG00000002778	0	0	1
ENSONIG00000002779	0	0	1
ENSONIG00000002780	0	0	14
ENSONIG00000002782	0	0	2
ENSONIG00000002783	11	3	14
ENSONIG00000002784	1	0	5
ENSONIG00000002785	0	0	2
ENSONIG00000002786	5	3	5
ENSONIG00000002787	0	2	12
ENSONIG00000002788	0	0	2
ENSONIG00000002790	0	0	10
ENSONIG00000002791	0	0	0
ENSONIG00000002792	0	0	1
ENSONIG00000002793	5	25	293
ENSONIG00000002794	9	3	1
ENSONIG00000002795	1	0	3
ENSONIG00000002797	6	3	14
ENSONIG00000002799	11	6	65
ENSONIG00000002800	1	0	1
ENSONIG00000002801	0	8	114
ENSONIG00000002802	2	1	66
ENSONIG00000002804	0	2	144
ENSONIG00000002805	16	51	86
ENSONIG00000002806	0	2	5
ENSONIG00000002808	1	0	7
ENSONIG00000002810	444	269	1473
ENSONIG00000002812	1	0	29
ENSONIG00000002813	3	0	22
ENSONIG00000002814	11	24	2657
ENSONIG00000002815	3	0	71
ENSONIG00000002816	5	2	26
ENSONIG00000002818	0	0	9
ENSONIG00000002819	0	1	10
ENSONIG00000002820	0	4	8
ENSONIG00000002822	149	79	2250
ENSONIG00000002823	2	0	84
ENSONIG00000002824	0	0	1
ENSONIG00000002825	0	2	1
ENSONIG00000002827	0	0	6
ENSONIG00000002828	0	3	12
ENSONIG00000002829	0	0	1
ENSONIG00000002830	2	1	7
ENSONIG00000002831	17	0	16
ENSONIG00000002832	27	1	26
ENSONIG00000002833	2	0	12
ENSONIG00000002834	0	0	1
ENSONIG00000002835	2	5	4
ENSONIG00000002836	40	2	21
ENSONIG00000002837	0	1	2
ENSONIG00000002838	25	10	59
ENSONIG00000002840	0	0	0
ENSONIG00000002841	6	6	23
ENSONIG00000002844	22	37	146
ENSONIG00000002845	0	1	5
ENSONIG00000002846	4	2	5
ENSONIG00000002847	1	0	1
ENSONIG00000002848	11	6	53
ENSONIG00000002849	1	0	0
ENSONIG00000002850	1	1	1
ENSONIG00000002852	0	0	19
ENSONIG00000002853	1	1	28
ENSONIG00000002854	0	0	13
ENSONIG00000002855	0	3	8
ENSONIG00000002857	1	0	8
ENSONIG00000002858	0	4	12
ENSONIG00000002859	0	0	0
ENSONIG00000002860	0	0	8
ENSONIG00000002861	2	0	19
ENSONIG00000002862	1	0	14
ENSONIG00000002863	1	2	13
ENSONIG00000002865	0	0	0
ENSONIG00000002867	0	0	0
ENSONIG00000002868	0	2	2
ENSONIG00000002869	0	0	9
ENSONIG00000002870	2	0	1
ENSONIG00000002871	0	0	0
ENSONIG00000002872	1	0	8
ENSONIG00000002873	1	0	30
ENSONIG00000002874	1	0	1
ENSONIG00000002875	0	3	9
ENSONIG00000002876	4	1	41
ENSONIG00000002877	0	1	11
ENSONIG00000002878	45	15	5
ENSONIG00000002879	0	1	1
ENSONIG00000002880	1	3	22
ENSONIG00000002881	6	1	35
ENSONIG00000002882	0	0	1
ENSONIG00000002883	0	0	11
ENSONIG00000002884	3069	1496	1877
ENSONIG00000002886	0	0	0
ENSONIG00000002887	0	1	8
ENSONIG00000002888	0	0	0
ENSONIG00000002889	2	1	7
ENSONIG00000002890	1	1	8
ENSONIG00000002891	2	6	128
ENSONIG00000002892	11	9	25
ENSONIG00000002893	0	0	14
ENSONIG00000002894	1	1	10
ENSONIG00000002895	1	0	1
ENSONIG00000002896	0	0	0
ENSONIG00000002897	0	0	0
ENSONIG00000002898	1	0	4
ENSONIG00000002899	84	72	105
ENSONIG00000002900	1	0	0
ENSONIG00000002902	21	8	6
ENSONIG00000002904	1	0	12
ENSONIG00000002905	5	0	7
ENSONIG00000002907	11	0	4
ENSONIG00000002908	0	0	5
ENSONIG00000002909	0	2	0
ENSONIG00000002910	0	0	0
ENSONIG00000002911	0	1	10
ENSONIG00000002912	0	1	4
ENSONIG00000002913	10	16	63
ENSONIG00000002914	0	0	0
ENSONIG00000002915	2	0	23
ENSONIG00000002916	7	2	11
ENSONIG00000002917	0	1	9
ENSONIG00000002918	1	0	9
ENSONIG00000002920	1	4	95
ENSONIG00000002921	1	2	28
ENSONIG00000002923	3	1	6
ENSONIG00000002924	0	2	5
ENSONIG00000002925	3	0	1
ENSONIG00000002926	8	0	1
ENSONIG00000002928	22	0	5
ENSONIG00000002929	30	2	19
ENSONIG00000002930	13	10	7
ENSONIG00000002931	0	4	6
ENSONIG00000002932	1	0	2
ENSONIG00000002934	1	1	1
ENSONIG00000002936	2	2	47
ENSONIG00000002938	0	0	27
ENSONIG00000002939	2	1	36
ENSONIG00000002940	0	1	36
ENSONIG00000002941	1	0	0
ENSONIG00000002942	1	0	1
ENSONIG00000002943	0	0	4
ENSONIG00000002945	0	0	2
ENSONIG00000002948	0	0	0
ENSONIG00000002949	4	1	13
ENSONIG00000002952	22	27	222
ENSONIG00000002953	11	7	103
ENSONIG00000002954	88	1	28
ENSONIG00000002955	8	0	17
ENSONIG00000002956	1	0	5
ENSONIG00000002957	1	1	18
ENSONIG00000002959	32	4	18
ENSONIG00000002960	17	5	219
ENSONIG00000002961	7	1	4
ENSONIG00000002962	0	0	0
ENSONIG00000002963	0	0	0
ENSONIG00000002964	0	0	0
ENSONIG00000002965	0	0	0
ENSONIG00000002966	0	0	0
ENSONIG00000002967	1	2	39
ENSONIG00000002969	2	4	42
ENSONIG00000002970	0	0	1
ENSONIG00000002971	2	0	5
ENSONIG00000002972	0	0	1
ENSONIG00000002973	1	0	0
ENSONIG00000002974	6	0	5
ENSONIG00000002976	1	4	6
ENSONIG00000002977	0	0	0
ENSONIG00000002978	7	15	152
ENSONIG00000002979	1	0	0
ENSONIG00000002981	13	3	120
ENSONIG00000002982	2	1	23
ENSONIG00000002983	0	4	41
ENSONIG00000002985	2	0	23
ENSONIG00000002987	1	1	8
ENSONIG00000002988	0	0	7
ENSONIG00000002989	4	0	1
ENSONIG00000002990	0	0	11
ENSONIG00000002992	49	4	17
ENSONIG00000002993	0	3	31
ENSONIG00000002995	0	0	0
ENSONIG00000002996	0	8	38
ENSONIG00000002998	1	3	10
ENSONIG00000002999	275	314	459
ENSONIG00000003000	21	6	25
ENSONIG00000003001	5	11	211
ENSONIG00000003005	1	0	0
ENSONIG00000003006	1	0	10
ENSONIG00000003007	0	0	1
ENSONIG00000003008	0	1	23
ENSONIG00000003010	0	0	0
ENSONIG00000003011	0	0	1
ENSONIG00000003012	7	17	29
ENSONIG00000003013	3	2	27
ENSONIG00000003014	1	2	9
ENSONIG00000003017	0	1	6
ENSONIG00000003018	29	11	196
ENSONIG00000003019	7	5	11
ENSONIG00000003020	0	2	18
ENSONIG00000003021	0	4	3
ENSONIG00000003022	3	0	3
ENSONIG00000003023	4	0	13
ENSONIG00000003024	15	1	16
ENSONIG00000003026	1	2	10
ENSONIG00000003028	7	3	4
ENSONIG00000003029	3	0	16
ENSONIG00000003030	7	20	51
ENSONIG00000003031	0	1	20
ENSONIG00000003033	23	2	5
ENSONIG00000003034	0	0	0
ENSONIG00000003037	11	30	12
ENSONIG00000003038	0	0	0
ENSONIG00000003039	2	1	3
ENSONIG00000003040	0	0	2
ENSONIG00000003041	1	1	20
ENSONIG00000003042	7	2	21
ENSONIG00000003043	0	0	0
ENSONIG00000003044	1	1	24
ENSONIG00000003045	0	2	5
ENSONIG00000003046	1	0	9
ENSONIG00000003047	12	0	75
ENSONIG00000003048	1	0	11
ENSONIG00000003049	0	2	0
ENSONIG00000003051	2	23	31
ENSONIG00000003052	0	0	0
ENSONIG00000003053	29	13	224
ENSONIG00000003054	9	1	61
ENSONIG00000003055	13	0	12
ENSONIG00000003056	2	2	4
ENSONIG00000003057	0	13	23
ENSONIG00000003060	4	1	13
ENSONIG00000003061	0	0	32
ENSONIG00000003063	0	0	0
ENSONIG00000003064	4	0	0
ENSONIG00000003065	5	3	15
ENSONIG00000003066	2	3	87
ENSONIG00000003067	0	0	0
ENSONIG00000003068	0	1	0
ENSONIG00000003070	6	1	2
ENSONIG00000003071	0	0	8
ENSONIG00000003072	183	65	35
ENSONIG00000003073	0	1	12
ENSONIG00000003074	0	0	0
ENSONIG00000003075	1	1	37
ENSONIG00000003076	5	1	8
ENSONIG00000003077	4	2	14
ENSONIG00000003078	0	0	1
ENSONIG00000003079	24	7	16
ENSONIG00000003081	0	1	7
ENSONIG00000003082	1	0	7
ENSONIG00000003083	8	1	81
ENSONIG00000003084	1	0	6
ENSONIG00000003085	0	0	17
ENSONIG00000003087	0	0	4
ENSONIG00000003088	1	1	14
ENSONIG00000003089	2	0	0
ENSONIG00000003090	17	282	805
ENSONIG00000003091	1	0	27
ENSONIG00000003092	1	0	0
ENSONIG00000003093	0	0	7
ENSONIG00000003094	1	3	5
ENSONIG00000003095	0	4	31
ENSONIG00000003096	0	0	0
ENSONIG00000003097	6	0	21
ENSONIG00000003098	10	0	4
ENSONIG00000003099	2	6	16
ENSONIG00000003100	0	0	0
ENSONIG00000003101	2	0	3
ENSONIG00000003102	1	0	9
ENSONIG00000003104	0	0	1
ENSONIG00000003106	0	0	0
ENSONIG00000003107	1	0	4
ENSONIG00000003108	0	0	1
ENSONIG00000003110	2	0	5
ENSONIG00000003111	0	0	4
ENSONIG00000003112	0	0	2
ENSONIG00000003113	0	0	5
ENSONIG00000003114	0	1	4
ENSONIG00000003115	0	0	1
ENSONIG00000003116	2	0	1
ENSONIG00000003117	0	0	0
ENSONIG00000003118	0	0	4
ENSONIG00000003119	0	0	1
ENSONIG00000003120	3	0	1
ENSONIG00000003121	1	0	7
ENSONIG00000003122	2	2	33
ENSONIG00000003123	0	0	4
ENSONIG00000003124	1	0	10
ENSONIG00000003125	25	12	41
ENSONIG00000003126	120	26	36
ENSONIG00000003127	0	0	0
ENSONIG00000003128	0	0	13
ENSONIG00000003129	9	0	17
ENSONIG00000003130	1	0	0
ENSONIG00000003131	0	0	3
ENSONIG00000003132	6	2	64
ENSONIG00000003133	0	0	0
ENSONIG00000003134	0	0	0
ENSONIG00000003135	1	0	1
ENSONIG00000003136	1	3	7
ENSONIG00000003137	0	0	0
ENSONIG00000003138	15	5	83
ENSONIG00000003139	1	0	17
ENSONIG00000003140	0	0	0
ENSONIG00000003141	1	1	1
ENSONIG00000003142	0	3	8
ENSONIG00000003143	9	13	46
ENSONIG00000003144	1	1	20
ENSONIG00000003145	316	470	15608
ENSONIG00000003146	18	0	4
ENSONIG00000003147	0	0	4
ENSONIG00000003148	11	36	876
ENSONIG00000003149	0	0	0
ENSONIG00000003150	2	3	4
ENSONIG00000003152	1	0	0
ENSONIG00000003153	0	0	0
ENSONIG00000003154	1	3	29
ENSONIG00000003155	1	0	4
ENSONIG00000003156	3	7	50
ENSONIG00000003157	0	0	0
ENSONIG00000003158	0	1	0
ENSONIG00000003159	1	0	13
ENSONIG00000003161	1	0	0
ENSONIG00000003162	20	1	67
ENSONIG00000003163	422	254	295
ENSONIG00000003164	26	0	13
ENSONIG00000003165	0	0	2
ENSONIG00000003166	7	3	49
ENSONIG00000003167	4469	233	225
ENSONIG00000003168	0	0	3
ENSONIG00000003169	0	5	3
ENSONIG00000003170	0	0	1
ENSONIG00000003171	3	0	8
ENSONIG00000003172	2	3	6
ENSONIG00000003173	2	4	9
ENSONIG00000003174	156	13	153
ENSONIG00000003175	0	0	0
ENSONIG00000003176	2	2	9
ENSONIG00000003177	0	0	0
ENSONIG00000003178	2	2	34
ENSONIG00000003179	0	1	15
ENSONIG00000003180	0	0	0
ENSONIG00000003181	10	0	37
ENSONIG00000003182	1	1	0
ENSONIG00000003183	4	2	5
ENSONIG00000003184	11	1	51
ENSONIG00000003186	18	21	17
ENSONIG00000003187	10	8	48
ENSONIG00000003190	1	0	0
ENSONIG00000003191	0	5	5
ENSONIG00000003192	1	3	3
ENSONIG00000003193	0	0	0
ENSONIG00000003194	0	0	0
ENSONIG00000003195	0	1	4
ENSONIG00000003196	7	1	1
ENSONIG00000003197	0	0	10
ENSONIG00000003198	0	1	2
ENSONIG00000003199	2	3	16
ENSONIG00000003200	4	0	10
ENSONIG00000003202	6	4	52
ENSONIG00000003203	10	2	25
ENSONIG00000003204	19	3	6
ENSONIG00000003205	2	0	3
ENSONIG00000003206	1	0	4
ENSONIG00000003207	4	5	44
ENSONIG00000003208	0	0	0
ENSONIG00000003210	6	3	12
ENSONIG00000003211	1	0	2
ENSONIG00000003212	0	3	24
ENSONIG00000003213	2	4	54
ENSONIG00000003214	0	4	71
ENSONIG00000003216	2	2	27
ENSONIG00000003217	6	9	602
ENSONIG00000003219	0	0	0
ENSONIG00000003220	1	12	162
ENSONIG00000003221	0	0	0
ENSONIG00000003222	4	0	0
ENSONIG00000003223	0	0	0
ENSONIG00000003225	3	1	55
ENSONIG00000003227	0	0	6
ENSONIG00000003228	0	0	17
ENSONIG00000003229	8	5	29
ENSONIG00000003231	1	1	4
ENSONIG00000003232	5	3	49
ENSONIG00000003233	2	5	23
ENSONIG00000003234	0	0	0
ENSONIG00000003236	0	0	0
ENSONIG00000003238	0	1	0
ENSONIG00000003239	0	0	5
ENSONIG00000003240	0	0	3
ENSONIG00000003242	3	0	33
ENSONIG00000003243	12	5	90
ENSONIG00000003245	0	0	15
ENSONIG00000003246	24	231	692
ENSONIG00000003247	0	7	0
ENSONIG00000003248	5	2	103
ENSONIG00000003249	1	4	11
ENSONIG00000003250	2	1	50
ENSONIG00000003251	1	2	45
ENSONIG00000003254	2	0	31
ENSONIG00000003255	5	2	13
ENSONIG00000003256	18	2	11
ENSONIG00000003257	0	0	0
ENSONIG00000003258	0	1	27
ENSONIG00000003259	25	5	6
ENSONIG00000003260	98	63	38
ENSONIG00000003261	4	0	22
ENSONIG00000003262	0	0	9
ENSONIG00000003263	0	0	5
ENSONIG00000003264	1	1	5
ENSONIG00000003265	2	4	16
ENSONIG00000003266	6	2	38
ENSONIG00000003267	1	2	4
ENSONIG00000003268	4	1	1
ENSONIG00000003269	1	4	101
ENSONIG00000003270	14	11	17
ENSONIG00000003271	0	1	8
ENSONIG00000003272	8	8	73
ENSONIG00000003273	5	3	72
ENSONIG00000003274	6	2	12
ENSONIG00000003275	408	516	420
ENSONIG00000003276	2	1	6
ENSONIG00000003277	2	2	11
ENSONIG00000003278	2	3	0
ENSONIG00000003279	1	0	0
ENSONIG00000003280	0	0	11
ENSONIG00000003281	25	3	79
ENSONIG00000003282	3	0	12
ENSONIG00000003283	10	18	439
ENSONIG00000003284	3	0	1
ENSONIG00000003285	1	0	3
ENSONIG00000003286	1	2	32
ENSONIG00000003287	3	5	24
ENSONIG00000003288	6	15	14
ENSONIG00000003289	0	3	19
ENSONIG00000003292	1	3	3
ENSONIG00000003294	0	0	0
ENSONIG00000003295	2	3	6
ENSONIG00000003296	4	1	29
ENSONIG00000003297	0	0	2
ENSONIG00000003298	0	0	0
ENSONIG00000003299	1	4	2
ENSONIG00000003300	1	14	22
ENSONIG00000003301	543	164	209
ENSONIG00000003302	6	1	16
ENSONIG00000003303	0	3	56
ENSONIG00000003304	0	0	7
ENSONIG00000003305	0	0	0
ENSONIG00000003306	0	0	1
ENSONIG00000003308	9	3	75
ENSONIG00000003310	0	2	4
ENSONIG00000003312	9	10	244
ENSONIG00000003314	1	1	13
ENSONIG00000003315	0	1	34
ENSONIG00000003316	2	0	17
ENSONIG00000003317	0	0	0
ENSONIG00000003318	0	2	37
ENSONIG00000003319	1	3	45
ENSONIG00000003320	1	2	16
ENSONIG00000003321	3	1	29
ENSONIG00000003323	10	1	11
ENSONIG00000003324	15	7	77
ENSONIG00000003325	0	19	10
ENSONIG00000003326	1	0	0
ENSONIG00000003327	30	13	14
ENSONIG00000003328	0	0	3
ENSONIG00000003329	0	1	4
ENSONIG00000003331	9	0	13
ENSONIG00000003332	10	1	101
ENSONIG00000003333	5	1	125
ENSONIG00000003334	0	0	7
ENSONIG00000003335	202	15	171
ENSONIG00000003336	7	1	236
ENSONIG00000003338	4	0	5
ENSONIG00000003339	6	13	1231
ENSONIG00000003341	0	0	0
ENSONIG00000003343	0	0	5
ENSONIG00000003344	0	0	3
ENSONIG00000003346	18	0	11
ENSONIG00000003349	1	0	14
ENSONIG00000003351	0	0	1
ENSONIG00000003352	4	6	58
ENSONIG00000003353	0	0	7
ENSONIG00000003354	0	2	79
ENSONIG00000003355	0	0	0
ENSONIG00000003356	5	0	0
ENSONIG00000003357	13	0	2
ENSONIG00000003359	2	4	9
ENSONIG00000003360	10	9	76
ENSONIG00000003361	2	1	47
ENSONIG00000003362	0	0	0
ENSONIG00000003364	104	147	151
ENSONIG00000003365	2	2	14
ENSONIG00000003367	2	5	12
ENSONIG00000003368	8	1	28
ENSONIG00000003371	0	0	0
ENSONIG00000003372	6	3	80
ENSONIG00000003374	0	3	6
ENSONIG00000003375	2	3	4
ENSONIG00000003376	1	0	23
ENSONIG00000003377	0	0	0
ENSONIG00000003378	0	0	0
ENSONIG00000003381	0	2	2
ENSONIG00000003382	4	2	60
ENSONIG00000003383	2	0	9
ENSONIG00000003385	3	0	0
ENSONIG00000003386	0	0	0
ENSONIG00000003387	11	42	3422
ENSONIG00000003388	0	0	0
ENSONIG00000003389	0	0	14
ENSONIG00000003390	0	0	0
ENSONIG00000003391	8	8	18
ENSONIG00000003392	0	0	4
ENSONIG00000003394	1	0	8
ENSONIG00000003396	0	0	0
ENSONIG00000003397	6	0	25
ENSONIG00000003398	2	1	20
ENSONIG00000003399	0	3	36
ENSONIG00000003402	0	0	0
ENSONIG00000003403	0	0	6
ENSONIG00000003404	0	2	26
ENSONIG00000003406	1	1	9
ENSONIG00000003407	4	10	30
ENSONIG00000003408	0	1	1
ENSONIG00000003411	243	11	42
ENSONIG00000003412	10	3	19
ENSONIG00000003414	0	1	8
ENSONIG00000003415	0	0	1
ENSONIG00000003416	22	4	12
ENSONIG00000003418	1	0	15
ENSONIG00000003419	0	0	0
ENSONIG00000003420	1	0	6
ENSONIG00000003424	1	1	4
ENSONIG00000003425	0	0	1
ENSONIG00000003426	4	1	6
ENSONIG00000003427	4	0	0
ENSONIG00000003428	0	0	0
ENSONIG00000003429	6	10	141
ENSONIG00000003430	0	0	16
ENSONIG00000003431	0	5	32
ENSONIG00000003432	1	0	92
ENSONIG00000003433	3	2	135
ENSONIG00000003435	9	0	33
ENSONIG00000003436	0	0	27
ENSONIG00000003437	1	3	32
ENSONIG00000003438	20	0	6
ENSONIG00000003440	1	1	61
ENSONIG00000003441	0	0	0
ENSONIG00000003442	0	0	0
ENSONIG00000003443	0	0	0
ENSONIG00000003444	0	0	0
ENSONIG00000003445	3	2	48
ENSONIG00000003446	2	2	11
ENSONIG00000003447	0	0	34
ENSONIG00000003448	0	3	0
ENSONIG00000003450	2	1	57
ENSONIG00000003451	2	0	0
ENSONIG00000003452	0	0	0
ENSONIG00000003453	0	0	1
ENSONIG00000003456	4	1	91
ENSONIG00000003457	2	0	0
ENSONIG00000003458	3	1	18
ENSONIG00000003459	0	0	0
ENSONIG00000003460	0	0	0
ENSONIG00000003461	0	0	10
ENSONIG00000003463	0	5	34
ENSONIG00000003464	7	0	0
ENSONIG00000003465	2	8	227
ENSONIG00000003466	0	0	2
ENSONIG00000003467	0	1	11
ENSONIG00000003468	6	0	271
ENSONIG00000003470	0	0	1
ENSONIG00000003472	1	4	19
ENSONIG00000003475	0	0	0
ENSONIG00000003476	0	0	0
ENSONIG00000003477	0	2	50
ENSONIG00000003480	0	0	5
ENSONIG00000003481	0	0	0
ENSONIG00000003482	0	0	0
ENSONIG00000003483	0	0	1
ENSONIG00000003484	0	0	1
ENSONIG00000003486	0	1	3
ENSONIG00000003487	5	2	12
ENSONIG00000003488	8	0	8
ENSONIG00000003489	1	12	53
ENSONIG00000003490	5	18	204
ENSONIG00000003492	1	0	0
ENSONIG00000003493	2	0	9
ENSONIG00000003494	0	0	18
ENSONIG00000003495	5	0	2
ENSONIG00000003496	0	0	2
ENSONIG00000003497	8	72	95
ENSONIG00000003498	0	0	0
ENSONIG00000003499	0	0	2
ENSONIG00000003501	1	0	0
ENSONIG00000003502	24	48	77
ENSONIG00000003503	1	0	1
ENSONIG00000003504	0	1	3
ENSONIG00000003505	0	0	0
ENSONIG00000003506	45	6	10
ENSONIG00000003507	2	0	24
ENSONIG00000003508	0	0	1
ENSONIG00000003509	2	0	15
ENSONIG00000003510	0	1	36
ENSONIG00000003511	21	1	26
ENSONIG00000003512	0	2	25
ENSONIG00000003513	0	0	0
ENSONIG00000003515	3	5	61
ENSONIG00000003516	3	5	12
ENSONIG00000003517	0	0	0
ENSONIG00000003518	1	0	3
ENSONIG00000003519	7	16	526
ENSONIG00000003521	6	0	3
ENSONIG00000003522	3	0	0
ENSONIG00000003523	8	0	9
ENSONIG00000003524	2	1	26
ENSONIG00000003525	0	0	3
ENSONIG00000003526	0	0	4
ENSONIG00000003528	19	4	11
ENSONIG00000003529	0	0	1
ENSONIG00000003530	1	0	4
ENSONIG00000003531	35	9	5
ENSONIG00000003533	0	0	2
ENSONIG00000003534	1	0	10
ENSONIG00000003535	1	0	6
ENSONIG00000003536	70	13	128
ENSONIG00000003539	5	0	18
ENSONIG00000003540	0	0	0
ENSONIG00000003543	4	1	3
ENSONIG00000003544	0	0	0
ENSONIG00000003545	11	0	14
ENSONIG00000003546	10	43	50
ENSONIG00000003547	1	0	10
ENSONIG00000003548	0	0	0
ENSONIG00000003551	118	46	28
ENSONIG00000003552	15	1	1
ENSONIG00000003553	1	0	3
ENSONIG00000003555	0	5	57
ENSONIG00000003556	46	23	48
ENSONIG00000003558	0	1	94
ENSONIG00000003559	3	4	29
ENSONIG00000003561	0	0	11
ENSONIG00000003562	0	0	0
ENSONIG00000003563	0	3	29
ENSONIG00000003565	4	1	58
ENSONIG00000003566	2	0	11
ENSONIG00000003569	96	323	320
ENSONIG00000003570	0	0	0
ENSONIG00000003571	0	0	19
ENSONIG00000003572	0	0	0
ENSONIG00000003573	0	0	0
ENSONIG00000003575	0	0	22
ENSONIG00000003577	3	2	18
ENSONIG00000003578	3	7	22
ENSONIG00000003579	3	0	10
ENSONIG00000003580	0	1	12
ENSONIG00000003581	0	0	3
ENSONIG00000003582	65	30	94
ENSONIG00000003583	1	3	15
ENSONIG00000003585	3	0	4
ENSONIG00000003589	2	1	2
ENSONIG00000003591	4	3	18
ENSONIG00000003592	0	2	25
ENSONIG00000003593	0	0	1
ENSONIG00000003594	0	0	0
ENSONIG00000003595	0	0	2
ENSONIG00000003597	4	1	14
ENSONIG00000003598	5	4	34
ENSONIG00000003599	31	12	35
ENSONIG00000003600	6	0	1
ENSONIG00000003601	25	1	58
ENSONIG00000003603	2	1	16
ENSONIG00000003604	2	2	60
ENSONIG00000003605	3	0	5
ENSONIG00000003606	2	0	27
ENSONIG00000003608	0	0	0
ENSONIG00000003609	6	4	40
ENSONIG00000003610	0	0	3
ENSONIG00000003611	0	6	17
ENSONIG00000003612	0	0	0
ENSONIG00000003613	2	0	23
ENSONIG00000003614	0	0	0
ENSONIG00000003615	0	0	0
ENSONIG00000003616	1	2	38
ENSONIG00000003617	14	23	36
ENSONIG00000003618	0	0	3
ENSONIG00000003619	1	0	36
ENSONIG00000003620	0	0	0
ENSONIG00000003621	2	0	1
ENSONIG00000003622	0	0	1
ENSONIG00000003624	4	6	21
ENSONIG00000003625	0	9	74
ENSONIG00000003626	3	1	22
ENSONIG00000003627	2	2	27
ENSONIG00000003628	9	10	149
ENSONIG00000003629	2	1	18
ENSONIG00000003631	8	0	20
ENSONIG00000003632	0	0	0
ENSONIG00000003633	2	1	13
ENSONIG00000003634	2	0	1
ENSONIG00000003635	0	0	0
ENSONIG00000003636	0	1	2
ENSONIG00000003637	38	216	374
ENSONIG00000003638	8	1	12
ENSONIG00000003639	13	0	2
ENSONIG00000003640	32	0	27
ENSONIG00000003642	3	6	18
ENSONIG00000003643	0	8	27
ENSONIG00000003644	12	44	71
ENSONIG00000003648	0	0	0
ENSONIG00000003649	8	3	24
ENSONIG00000003650	0	0	0
ENSONIG00000003652	0	0	7
ENSONIG00000003653	0	1	10
ENSONIG00000003654	0	0	0
ENSONIG00000003655	0	2	32
ENSONIG00000003657	0	3	109
ENSONIG00000003658	4	10	42
ENSONIG00000003659	2	0	29
ENSONIG00000003660	1	0	0
ENSONIG00000003661	1	1	33
ENSONIG00000003662	4	2	16
ENSONIG00000003663	5	0	4
ENSONIG00000003664	1	0	31
ENSONIG00000003665	10	0	18
ENSONIG00000003666	10	11	107
ENSONIG00000003667	1	1	36
ENSONIG00000003668	1	0	2
ENSONIG00000003669	0	0	1
ENSONIG00000003670	3	1	20
ENSONIG00000003672	0	2	0
ENSONIG00000003673	0	0	0
ENSONIG00000003674	3	0	11
ENSONIG00000003675	0	0	9
ENSONIG00000003676	64	6	26
ENSONIG00000003677	6	2	4
ENSONIG00000003679	5	0	13
ENSONIG00000003681	0	0	66
ENSONIG00000003682	1	2	20
ENSONIG00000003683	0	0	1
ENSONIG00000003685	0	0	21
ENSONIG00000003686	2387	118	160
ENSONIG00000003687	454	0	27
ENSONIG00000003688	1	1	30
ENSONIG00000003689	10	1	12
ENSONIG00000003692	0	5	10
ENSONIG00000003693	7	0	1
ENSONIG00000003694	1	0	4
ENSONIG00000003695	0	1	6
ENSONIG00000003696	0	0	6
ENSONIG00000003697	57	0	5
ENSONIG00000003698	6	2	2
ENSONIG00000003699	1	0	2
ENSONIG00000003700	0	1	9
ENSONIG00000003702	2	4	225
ENSONIG00000003703	0	0	0
ENSONIG00000003704	1	4	72
ENSONIG00000003705	46	16	182
ENSONIG00000003707	0	0	1
ENSONIG00000003709	6	18	0
ENSONIG00000003710	0	0	0
ENSONIG00000003711	1	45	10
ENSONIG00000003712	24	15	207
ENSONIG00000003714	0	1	38
ENSONIG00000003715	0	0	0
ENSONIG00000003716	3	1	9
ENSONIG00000003717	8	0	47
ENSONIG00000003718	1	2	53
ENSONIG00000003721	0	0	5
ENSONIG00000003722	0	1	2
ENSONIG00000003723	32	32	47
ENSONIG00000003724	1	1	49
ENSONIG00000003725	2	0	5
ENSONIG00000003726	1	0	8
ENSONIG00000003727	0	3	7
ENSONIG00000003728	2	3	14
ENSONIG00000003729	0	0	0
ENSONIG00000003730	1431	1429	2702
ENSONIG00000003731	0	0	6
ENSONIG00000003732	0	1	5
ENSONIG00000003733	4	0	8
ENSONIG00000003734	0	1	44
ENSONIG00000003735	8	0	3
ENSONIG00000003736	1	1	6
ENSONIG00000003737	94	20	182
ENSONIG00000003740	3	2	21
ENSONIG00000003741	281	23	24
ENSONIG00000003742	5	1	0
ENSONIG00000003743	0	1	103
ENSONIG00000003744	0	1	4
ENSONIG00000003745	0	0	9
ENSONIG00000003746	5	0	26
ENSONIG00000003747	5	2	15
ENSONIG00000003748	12	12	88
ENSONIG00000003750	0	0	0
ENSONIG00000003752	1	0	38
ENSONIG00000003753	2	1	2
ENSONIG00000003755	0	0	0
ENSONIG00000003756	3	1	16
ENSONIG00000003757	3	2	41
ENSONIG00000003758	4	0	10
ENSONIG00000003759	1	0	8
ENSONIG00000003760	0	1	1
ENSONIG00000003761	0	0	0
ENSONIG00000003762	0	0	1
ENSONIG00000003763	4	1	10
ENSONIG00000003764	2	0	3
ENSONIG00000003765	3	0	11
ENSONIG00000003766	2	3	14
ENSONIG00000003767	0	0	2
ENSONIG00000003768	5	79	34
ENSONIG00000003769	10	4	35
ENSONIG00000003770	0	1	3
ENSONIG00000003771	0	0	0
ENSONIG00000003772	2	0	24
ENSONIG00000003773	4	2	40
ENSONIG00000003775	8	3	30
ENSONIG00000003777	0	1	30
ENSONIG00000003778	0	0	4
ENSONIG00000003779	0	2	10
ENSONIG00000003780	15	5	30
ENSONIG00000003781	3	1	20
ENSONIG00000003782	7	7	7
ENSONIG00000003783	4	4	5
ENSONIG00000003784	1	0	4
ENSONIG00000003785	3	9	135
ENSONIG00000003786	68	1	79
ENSONIG00000003787	7	0	4
ENSONIG00000003789	2	0	2
ENSONIG00000003791	0	0	4
ENSONIG00000003792	1	0	8
ENSONIG00000003793	1	2	4
ENSONIG00000003795	3	0	0
ENSONIG00000003796	1	0	0
ENSONIG00000003797	13	1	38
ENSONIG00000003798	3	0	2
ENSONIG00000003799	0	0	0
ENSONIG00000003800	3	1	7
ENSONIG00000003801	0	0	0
ENSONIG00000003802	1	0	0
ENSONIG00000003803	2	1	6
ENSONIG00000003804	0	0	8
ENSONIG00000003805	2	2	0
ENSONIG00000003806	12	7	30
ENSONIG00000003807	0	0	0
ENSONIG00000003808	2	0	1
ENSONIG00000003809	0	0	4
ENSONIG00000003810	2	0	10
ENSONIG00000003811	0	0	0
ENSONIG00000003812	0	0	0
ENSONIG00000003813	0	0	0
ENSONIG00000003815	5	1	37
ENSONIG00000003816	5	0	1
ENSONIG00000003817	2	9	11
ENSONIG00000003818	0	0	9
ENSONIG00000003819	2	0	2
ENSONIG00000003820	26	5	53
ENSONIG00000003821	0	0	6
ENSONIG00000003822	1	0	41
ENSONIG00000003823	0	0	12
ENSONIG00000003825	0	2	32
ENSONIG00000003826	0	5	14
ENSONIG00000003827	0	0	0
ENSONIG00000003828	0	0	0
ENSONIG00000003829	0	0	0
ENSONIG00000003830	4	12	8
ENSONIG00000003831	10	5	33
ENSONIG00000003832	6	0	13
ENSONIG00000003833	0	0	3
ENSONIG00000003835	6	1	11
ENSONIG00000003836	0	0	4
ENSONIG00000003837	0	2	22
ENSONIG00000003838	1	2	11
ENSONIG00000003839	2	4	179
ENSONIG00000003840	0	0	3
ENSONIG00000003842	3	0	0
ENSONIG00000003844	6	12	49
ENSONIG00000003846	0	0	0
ENSONIG00000003847	0	0	0
ENSONIG00000003849	3	3	51
ENSONIG00000003851	7	8	44
ENSONIG00000003852	0	0	0
ENSONIG00000003853	0	0	15
ENSONIG00000003854	0	0	1
ENSONIG00000003855	1	0	4
ENSONIG00000003857	20	0	24
ENSONIG00000003858	2	0	4
ENSONIG00000003860	0	0	6
ENSONIG00000003861	0	1	14
ENSONIG00000003862	6	0	2
ENSONIG00000003863	0	0	2
ENSONIG00000003864	0	0	3
ENSONIG00000003865	281	83	118
ENSONIG00000003866	4	7	174
ENSONIG00000003867	7	2	5
ENSONIG00000003868	1	1	28
ENSONIG00000003869	5	1	4
ENSONIG00000003870	1	0	3
ENSONIG00000003872	2	3	30
ENSONIG00000003873	0	0	32
ENSONIG00000003874	1	0	19
ENSONIG00000003875	0	0	0
ENSONIG00000003877	7	2	7
ENSONIG00000003878	0	0	4
ENSONIG00000003880	1	0	9
ENSONIG00000003881	9	5	60
ENSONIG00000003882	0	0	9
ENSONIG00000003883	1	7	6
ENSONIG00000003884	2	0	4
ENSONIG00000003885	0	0	1
ENSONIG00000003886	0	0	8
ENSONIG00000003887	3	2	39
ENSONIG00000003888	4	0	2
ENSONIG00000003889	0	0	3
ENSONIG00000003890	0	0	2
ENSONIG00000003891	0	0	1
ENSONIG00000003892	0	0	9
ENSONIG00000003895	0	0	0
ENSONIG00000003897	38	2	0
ENSONIG00000003898	0	0	27
ENSONIG00000003899	2	0	10
ENSONIG00000003900	1	1	3
ENSONIG00000003901	14	4	146
ENSONIG00000003902	2	0	1
ENSONIG00000003903	0	2	5
ENSONIG00000003904	0	0	12
ENSONIG00000003905	0	1	13
ENSONIG00000003906	0	0	0
ENSONIG00000003907	0	0	0
ENSONIG00000003909	0	0	0
ENSONIG00000003910	6	0	9
ENSONIG00000003911	0	0	3
ENSONIG00000003912	0	0	6
ENSONIG00000003913	0	0	8
ENSONIG00000003914	0	0	1
ENSONIG00000003915	3	2	14
ENSONIG00000003916	0	0	6
ENSONIG00000003917	7	5	10
ENSONIG00000003919	0	0	4
ENSONIG00000003920	4	0	9
ENSONIG00000003922	38	30	41
ENSONIG00000003923	0	0	1
ENSONIG00000003924	0	0	1
ENSONIG00000003925	2	3	23
ENSONIG00000003926	0	0	8
ENSONIG00000003927	1	0	1
ENSONIG00000003928	1	5	4
ENSONIG00000003929	11	3	63
ENSONIG00000003930	0	0	0
ENSONIG00000003931	11	0	7
ENSONIG00000003933	21	6	39
ENSONIG00000003934	11	0	1
ENSONIG00000003935	36	1	8
ENSONIG00000003936	0	1	5
ENSONIG00000003937	5	0	22
ENSONIG00000003938	0	0	0
ENSONIG00000003939	0	0	0
ENSONIG00000003941	34	1	14
ENSONIG00000003942	0	0	4
ENSONIG00000003943	0	0	8
ENSONIG00000003945	0	0	8
ENSONIG00000003946	2	0	11
ENSONIG00000003947	1	0	4
ENSONIG00000003948	4	0	0
ENSONIG00000003950	4	1	19
ENSONIG00000003951	14	3	9
ENSONIG00000003952	4	0	26
ENSONIG00000003953	1	0	1
ENSONIG00000003956	3	5	384
ENSONIG00000003957	1	2	202
ENSONIG00000003960	0	0	30
ENSONIG00000003961	6	0	17
ENSONIG00000003962	1	0	2
ENSONIG00000003963	0	1	2
ENSONIG00000003964	0	0	2
ENSONIG00000003965	3	1	11
ENSONIG00000003967	18	4	36
ENSONIG00000003968	0	0	0
ENSONIG00000003969	413	128	261
ENSONIG00000003972	0	4	86
ENSONIG00000003973	214	5	48
ENSONIG00000003976	0	0	3
ENSONIG00000003977	0	0	0
ENSONIG00000003978	1	1	82
ENSONIG00000003979	0	0	0
ENSONIG00000003980	4	0	0
ENSONIG00000003981	10	0	1
ENSONIG00000003982	1	0	0
ENSONIG00000003985	0	0	0
ENSONIG00000003986	47	0	18
ENSONIG00000003987	0	0	0
ENSONIG00000003988	0	0	0
ENSONIG00000003989	0	0	0
ENSONIG00000003990	4	0	0
ENSONIG00000003991	1	0	3
ENSONIG00000003992	1	0	0
ENSONIG00000003993	0	0	6
ENSONIG00000003995	1	0	8
ENSONIG00000003996	2	0	5
ENSONIG00000003997	0	0	29
ENSONIG00000003998	0	0	0
ENSONIG00000004003	0	1	4
ENSONIG00000004004	55	38	147
ENSONIG00000004006	2	0	0
ENSONIG00000004008	4	3	24
ENSONIG00000004009	4	2	16
ENSONIG00000004010	21	17	18
ENSONIG00000004011	3	0	10
ENSONIG00000004012	0	0	0
ENSONIG00000004013	1	0	0
ENSONIG00000004014	0	0	0
ENSONIG00000004015	0	0	0
ENSONIG00000004016	0	2	1
ENSONIG00000004017	0	0	0
ENSONIG00000004019	2	2	3
ENSONIG00000004021	0	1	5
ENSONIG00000004022	3	6	24
ENSONIG00000004026	0	0	0
ENSONIG00000004027	15	6	51
ENSONIG00000004029	0	0	0
ENSONIG00000004030	4	2	20
ENSONIG00000004031	2	0	218
ENSONIG00000004033	0	0	0
ENSONIG00000004034	0	0	2
ENSONIG00000004035	0	2	54
ENSONIG00000004036	1	0	0
ENSONIG00000004037	3	5	48
ENSONIG00000004038	0	0	7
ENSONIG00000004041	0	0	0
ENSONIG00000004042	1	1	5
ENSONIG00000004044	0	0	1
ENSONIG00000004045	1	1	0
ENSONIG00000004046	1	2	10
ENSONIG00000004047	0	1	13
ENSONIG00000004048	1	5	24
ENSONIG00000004049	1	0	3
ENSONIG00000004051	0	4	139
ENSONIG00000004052	0	0	1
ENSONIG00000004053	0	0	13
ENSONIG00000004055	1	0	13
ENSONIG00000004058	6	0	13
ENSONIG00000004059	3	1	33
ENSONIG00000004060	0	0	1
ENSONIG00000004061	0	0	33
ENSONIG00000004062	965	50	716
ENSONIG00000004063	0	0	0
ENSONIG00000004064	6	0	14
ENSONIG00000004065	74	66	114
ENSONIG00000004066	4	2	39
ENSONIG00000004067	0	0	3
ENSONIG00000004068	3	1	21
ENSONIG00000004069	11	1	16
ENSONIG00000004070	0	1	2
ENSONIG00000004071	2	1	1
ENSONIG00000004073	1	0	8
ENSONIG00000004074	1	0	0
ENSONIG00000004075	21	2	2
ENSONIG00000004076	5	0	3
ENSONIG00000004078	91	19	278
ENSONIG00000004080	3	0	8
ENSONIG00000004081	9	9	113
ENSONIG00000004082	0	3	1
ENSONIG00000004084	0	0	28
ENSONIG00000004085	0	0	2
ENSONIG00000004086	0	0	1
ENSONIG00000004087	0	0	1
ENSONIG00000004088	1	2	59
ENSONIG00000004089	0	2	6
ENSONIG00000004091	0	0	15
ENSONIG00000004092	0	0	0
ENSONIG00000004093	3	0	1
ENSONIG00000004095	0	0	0
ENSONIG00000004096	1	0	0
ENSONIG00000004097	5	5	20
ENSONIG00000004099	3	0	10
ENSONIG00000004100	0	0	0
ENSONIG00000004101	1	0	4
ENSONIG00000004102	0	0	6
ENSONIG00000004103	15	1	3
ENSONIG00000004104	0	0	0
ENSONIG00000004106	8	1	16
ENSONIG00000004107	8	7	111
ENSONIG00000004109	7	1	9
ENSONIG00000004110	1	0	0
ENSONIG00000004112	0	0	0
ENSONIG00000004113	16	3	5
ENSONIG00000004117	2	0	4
ENSONIG00000004120	0	0	0
ENSONIG00000004121	1	3	14
ENSONIG00000004122	0	0	0
ENSONIG00000004123	0	0	19
ENSONIG00000004124	2	0	7
ENSONIG00000004125	0	0	0
ENSONIG00000004126	1	1	10
ENSONIG00000004127	4	0	5
ENSONIG00000004128	0	0	6
ENSONIG00000004129	0	0	0
ENSONIG00000004130	0	0	1
ENSONIG00000004131	0	0	1
ENSONIG00000004132	0	0	4
ENSONIG00000004133	0	3	20
ENSONIG00000004135	0	1	5
ENSONIG00000004136	0	0	8
ENSONIG00000004137	1	1	2
ENSONIG00000004138	12	20	1662
ENSONIG00000004140	1	0	7
ENSONIG00000004141	0	0	1
ENSONIG00000004142	1	5	100
ENSONIG00000004143	0	0	2
ENSONIG00000004144	0	0	0
ENSONIG00000004145	2	0	5
ENSONIG00000004146	0	0	2
ENSONIG00000004147	0	1	0
ENSONIG00000004148	0	0	0
ENSONIG00000004149	0	0	0
ENSONIG00000004150	1	0	0
ENSONIG00000004151	1	1	17
ENSONIG00000004152	24	19	142
ENSONIG00000004153	0	0	1
ENSONIG00000004154	5	0	0
ENSONIG00000004156	1	5	1
ENSONIG00000004157	3	0	4
ENSONIG00000004158	3	1	47
ENSONIG00000004159	5	0	1
ENSONIG00000004161	2	0	1
ENSONIG00000004164	0	0	0
ENSONIG00000004165	2024	760	1105
ENSONIG00000004166	1	0	0
ENSONIG00000004167	0	0	0
ENSONIG00000004169	0	0	0
ENSONIG00000004170	5	14	148
ENSONIG00000004172	34	5	11
ENSONIG00000004173	14	0	4
ENSONIG00000004174	0	0	1
ENSONIG00000004175	0	0	1
ENSONIG00000004176	0	0	0
ENSONIG00000004178	11	0	29
ENSONIG00000004179	0	0	1
ENSONIG00000004180	0	0	1
ENSONIG00000004181	7	5	53
ENSONIG00000004183	13	6	65
ENSONIG00000004184	0	0	43
ENSONIG00000004185	0	0	2
ENSONIG00000004186	0	0	0
ENSONIG00000004188	12	0	1
ENSONIG00000004189	0	0	0
ENSONIG00000004190	0	0	0
ENSONIG00000004191	1	0	3
ENSONIG00000004193	0	0	7
ENSONIG00000004194	4	1	0
ENSONIG00000004195	10	15	10
ENSONIG00000004197	55	42	68
ENSONIG00000004198	0	0	0
ENSONIG00000004199	2	0	7
ENSONIG00000004200	2	0	23
ENSONIG00000004201	0	0	1
ENSONIG00000004202	0	0	0
ENSONIG00000004203	2	0	1
ENSONIG00000004204	124	37	20
ENSONIG00000004205	0	0	8
ENSONIG00000004206	42	1	20
ENSONIG00000004207	0	0	0
ENSONIG00000004208	0	0	0
ENSONIG00000004209	0	1	12
ENSONIG00000004210	0	0	1
ENSONIG00000004211	0	0	1
ENSONIG00000004212	1	0	0
ENSONIG00000004214	161	9	163
ENSONIG00000004215	0	0	7
ENSONIG00000004216	1	3	2
ENSONIG00000004217	0	0	6
ENSONIG00000004218	0	0	0
ENSONIG00000004220	0	0	0
ENSONIG00000004221	14	17	205
ENSONIG00000004222	0	0	6
ENSONIG00000004223	0	0	0
ENSONIG00000004224	1	0	16
ENSONIG00000004225	0	0	1
ENSONIG00000004226	4	2	4
ENSONIG00000004227	0	0	37
ENSONIG00000004229	11	0	8
ENSONIG00000004230	1	0	0
ENSONIG00000004231	16	0	3
ENSONIG00000004232	0	0	123
ENSONIG00000004233	33	21	17
ENSONIG00000004236	4	3	9
ENSONIG00000004238	25	89	1919
ENSONIG00000004240	0	1	1
ENSONIG00000004241	0	0	0
ENSONIG00000004242	10	3	36
ENSONIG00000004243	0	3	6
ENSONIG00000004244	4	3	0
ENSONIG00000004245	0	0	9
ENSONIG00000004246	0	0	6
ENSONIG00000004247	0	0	9
ENSONIG00000004248	50	24	34
ENSONIG00000004249	3	0	2
ENSONIG00000004250	4	2	66
ENSONIG00000004251	3	3	24
ENSONIG00000004252	6	5	3
ENSONIG00000004254	1	0	0
ENSONIG00000004255	1	0	9
ENSONIG00000004256	0	0	3
ENSONIG00000004257	0	0	0
ENSONIG00000004258	5	1	34
ENSONIG00000004259	10	4	94
ENSONIG00000004260	1	0	0
ENSONIG00000004261	0	0	0
ENSONIG00000004262	0	0	14
ENSONIG00000004263	13	1	76
ENSONIG00000004264	5	4	45
ENSONIG00000004266	1	0	0
ENSONIG00000004267	14	8	31
ENSONIG00000004268	0	0	12
ENSONIG00000004269	0	0	0
ENSONIG00000004270	4	12	93
ENSONIG00000004272	4	6	4
ENSONIG00000004273	0	0	2
ENSONIG00000004274	1	0	1
ENSONIG00000004275	0	0	0
ENSONIG00000004276	0	1	4
ENSONIG00000004277	221	183	275
ENSONIG00000004278	0	0	0
ENSONIG00000004279	6	0	13
ENSONIG00000004280	5	4	1
ENSONIG00000004281	1	0	8
ENSONIG00000004282	2	0	2
ENSONIG00000004284	0	0	2
ENSONIG00000004285	0	0	3
ENSONIG00000004286	4	2	30
ENSONIG00000004287	2	0	0
ENSONIG00000004288	1	0	19
ENSONIG00000004290	19	0	1
ENSONIG00000004291	2	0	20
ENSONIG00000004292	1	0	1
ENSONIG00000004293	2	1	10
ENSONIG00000004294	10	4	19
ENSONIG00000004295	3	0	11
ENSONIG00000004297	1	0	5
ENSONIG00000004298	0	0	34
ENSONIG00000004299	0	0	1
ENSONIG00000004300	2	0	0
ENSONIG00000004301	0	0	0
ENSONIG00000004302	2	1	11
ENSONIG00000004303	0	0	0
ENSONIG00000004304	14	4	75
ENSONIG00000004305	6	5	62
ENSONIG00000004306	2	0	23
ENSONIG00000004307	14	4	13
ENSONIG00000004308	0	0	11
ENSONIG00000004309	0	0	0
ENSONIG00000004311	3	1	10
ENSONIG00000004312	0	1	2
ENSONIG00000004313	1	3	45
ENSONIG00000004314	60	5	10
ENSONIG00000004315	3	0	1
ENSONIG00000004316	1	12	1
ENSONIG00000004317	0	1	11
ENSONIG00000004318	2	2	7
ENSONIG00000004319	12	2	76
ENSONIG00000004320	4	2	18
ENSONIG00000004321	3	2	17
ENSONIG00000004322	1	1	16
ENSONIG00000004323	0	0	0
ENSONIG00000004324	0	0	0
ENSONIG00000004325	18	0	2
ENSONIG00000004326	10	7	93
ENSONIG00000004327	0	0	0
ENSONIG00000004329	9	1	13
ENSONIG00000004330	0	0	38
ENSONIG00000004332	3	0	2
ENSONIG00000004334	0	0	8
ENSONIG00000004335	8	2	19
ENSONIG00000004336	5	0	25
ENSONIG00000004337	0	0	0
ENSONIG00000004338	2	6	1
ENSONIG00000004339	2	0	2
ENSONIG00000004340	0	0	1
ENSONIG00000004341	6	0	6
ENSONIG00000004343	0	0	45
ENSONIG00000004344	1	0	2
ENSONIG00000004345	0	8	76
ENSONIG00000004346	6	4	104
ENSONIG00000004347	4	3	9
ENSONIG00000004348	3	12	83
ENSONIG00000004349	0	1	28
ENSONIG00000004352	2	4	44
ENSONIG00000004353	0	0	1
ENSONIG00000004355	0	0	4
ENSONIG00000004356	5	1	23
ENSONIG00000004357	1	1	13
ENSONIG00000004358	2	2	4
ENSONIG00000004359	0	2	1
ENSONIG00000004360	0	0	1
ENSONIG00000004362	0	1	213
ENSONIG00000004364	0	0	1
ENSONIG00000004365	11	17	88
ENSONIG00000004366	0	0	15
ENSONIG00000004371	56	3	25
ENSONIG00000004372	7	14	454
ENSONIG00000004373	2	2	73
ENSONIG00000004374	2	2	30
ENSONIG00000004375	1	0	0
ENSONIG00000004376	1	0	1
ENSONIG00000004377	17	5	3
ENSONIG00000004379	3	0	0
ENSONIG00000004381	2	0	11
ENSONIG00000004382	0	1	6
ENSONIG00000004384	0	0	0
ENSONIG00000004385	0	0	0
ENSONIG00000004389	1	0	6
ENSONIG00000004390	5	8	570
ENSONIG00000004391	0	5	44
ENSONIG00000004392	0	0	0
ENSONIG00000004393	109	24	11
ENSONIG00000004394	4	0	10
ENSONIG00000004396	9	2	11
ENSONIG00000004397	0	8	418
ENSONIG00000004399	0	1	3
ENSONIG00000004400	6	0	19
ENSONIG00000004401	11	1	0
ENSONIG00000004402	3	4	104
ENSONIG00000004404	679	942	1426
ENSONIG00000004406	8	1	37
ENSONIG00000004407	0	0	0
ENSONIG00000004410	0	0	23
ENSONIG00000004411	0	0	0
ENSONIG00000004413	0	0	0
ENSONIG00000004414	1	3	24
ENSONIG00000004415	0	0	0
ENSONIG00000004416	6	1	14
ENSONIG00000004417	21	14	12
ENSONIG00000004418	0	0	25
ENSONIG00000004419	1	2	21
ENSONIG00000004421	2	1	58
ENSONIG00000004422	0	2	11
ENSONIG00000004424	0	0	5
ENSONIG00000004425	0	3	2
ENSONIG00000004426	3	4	68
ENSONIG00000004427	4	1	25
ENSONIG00000004429	4	2	1
ENSONIG00000004430	0	1	14
ENSONIG00000004432	0	0	0
ENSONIG00000004433	1	2	73
ENSONIG00000004435	0	0	0
ENSONIG00000004436	2	0	1
ENSONIG00000004437	0	0	45
ENSONIG00000004438	0	0	3
ENSONIG00000004440	0	0	1
ENSONIG00000004441	0	0	14
ENSONIG00000004442	3	1	52
ENSONIG00000004443	0	0	0
ENSONIG00000004444	2	2	83
ENSONIG00000004445	0	0	0
ENSONIG00000004446	2	0	14
ENSONIG00000004447	1	4	19
ENSONIG00000004448	2	0	29
ENSONIG00000004449	0	0	1
ENSONIG00000004450	9	0	45
ENSONIG00000004451	0	0	0
ENSONIG00000004453	4	2	65
ENSONIG00000004454	0	0	2
ENSONIG00000004455	0	0	0
ENSONIG00000004456	5	14	26
ENSONIG00000004457	3	0	22
ENSONIG00000004459	0	3	11
ENSONIG00000004460	0	1	15
ENSONIG00000004462	0	0	15
ENSONIG00000004463	0	3	3
ENSONIG00000004464	3	0	13
ENSONIG00000004465	1	0	13
ENSONIG00000004466	4	0	5
ENSONIG00000004467	0	0	0
ENSONIG00000004468	2	6	5
ENSONIG00000004469	3	1	2
ENSONIG00000004472	1	1	4
ENSONIG00000004473	0	0	0
ENSONIG00000004474	2	3	8
ENSONIG00000004475	1	1	5
ENSONIG00000004476	2	2	10
ENSONIG00000004479	0	0	8
ENSONIG00000004481	2	0	0
ENSONIG00000004483	0	0	0
ENSONIG00000004486	0	0	0
ENSONIG00000004487	0	0	0
ENSONIG00000004488	0	1	0
ENSONIG00000004490	0	2	3
ENSONIG00000004491	0	0	1
ENSONIG00000004493	0	0	0
ENSONIG00000004494	0	0	0
ENSONIG00000004495	0	0	1
ENSONIG00000004500	2	0	0
ENSONIG00000004501	0	0	0
ENSONIG00000004504	0	0	0
ENSONIG00000004505	35	4	26
ENSONIG00000004506	0	4	5
ENSONIG00000004507	1	1	6
ENSONIG00000004508	0	0	3
ENSONIG00000004512	0	0	0
ENSONIG00000004513	0	0	20
ENSONIG00000004514	6	23	708
ENSONIG00000004515	2	5	7
ENSONIG00000004516	0	1	5
ENSONIG00000004518	0	0	0
ENSONIG00000004519	0	0	0
ENSONIG00000004526	0	0	0
ENSONIG00000004527	0	0	0
ENSONIG00000004529	0	0	0
ENSONIG00000004534	0	0	0
ENSONIG00000004535	0	0	4
ENSONIG00000004538	0	0	0
ENSONIG00000004539	0	2	0
ENSONIG00000004540	0	0	0
ENSONIG00000004541	0	0	3
ENSONIG00000004543	2	0	1
ENSONIG00000004551	12	0	0
ENSONIG00000004552	0	0	2
ENSONIG00000004553	4	1	42
ENSONIG00000004554	0	1	21
ENSONIG00000004557	1	1	19
ENSONIG00000004558	0	0	3
ENSONIG00000004559	0	1	27
ENSONIG00000004560	1	2	25
ENSONIG00000004561	0	0	4
ENSONIG00000004562	2	0	0
ENSONIG00000004563	0	0	0
ENSONIG00000004564	1	0	17
ENSONIG00000004567	347	221	375
ENSONIG00000004568	3	1	29
ENSONIG00000004569	0	0	7
ENSONIG00000004571	5	4	55
ENSONIG00000004572	0	0	2
ENSONIG00000004573	0	0	0
ENSONIG00000004574	32	8	5
ENSONIG00000004575	7	4	36
ENSONIG00000004576	0	1	18
ENSONIG00000004577	2	1	4
ENSONIG00000004578	0	1	1
ENSONIG00000004579	2	2	8
ENSONIG00000004580	0	0	1
ENSONIG00000004581	1	0	1
ENSONIG00000004582	0	0	1
ENSONIG00000004583	7	4	17
ENSONIG00000004584	1	6	74
ENSONIG00000004585	0	0	0
ENSONIG00000004586	0	5	15
ENSONIG00000004587	3	6	169
ENSONIG00000004588	10	8	80
ENSONIG00000004589	39	1	8
ENSONIG00000004590	0	0	0
ENSONIG00000004591	0	0	0
ENSONIG00000004592	0	0	0
ENSONIG00000004593	0	0	0
ENSONIG00000004594	0	0	0
ENSONIG00000004595	0	0	0
ENSONIG00000004596	0	0	0
ENSONIG00000004597	0	0	0
ENSONIG00000004598	0	0	0
ENSONIG00000004599	0	0	25
ENSONIG00000004600	0	0	0
ENSONIG00000004603	12	1	5
ENSONIG00000004604	2	0	8
ENSONIG00000004605	62	12	70
ENSONIG00000004606	0	0	0
ENSONIG00000004607	0	0	1
ENSONIG00000004608	2	0	78
ENSONIG00000004610	1	0	12
ENSONIG00000004611	0	0	0
ENSONIG00000004614	0	0	9
ENSONIG00000004615	1	0	1
ENSONIG00000004617	0	3	5
ENSONIG00000004618	0	0	4
ENSONIG00000004620	2	0	0
ENSONIG00000004623	3	0	3
ENSONIG00000004624	0	0	1
ENSONIG00000004625	1	3	35
ENSONIG00000004627	338	592	861
ENSONIG00000004628	3	3	315
ENSONIG00000004629	1	6	179
ENSONIG00000004630	175	19	479
ENSONIG00000004632	1	1	16
ENSONIG00000004633	16	0	4
ENSONIG00000004634	4	0	0
ENSONIG00000004635	0	0	1
ENSONIG00000004636	10	0	0
ENSONIG00000004637	0	0	0
ENSONIG00000004638	0	2	0
ENSONIG00000004640	0	1	9
ENSONIG00000004641	2	0	4
ENSONIG00000004642	2	0	37
ENSONIG00000004643	3	1	2
ENSONIG00000004646	1	0	0
ENSONIG00000004648	0	0	0
ENSONIG00000004650	0	0	4
ENSONIG00000004653	6	1	2
ENSONIG00000004654	0	0	42
ENSONIG00000004656	4	0	7
ENSONIG00000004657	1	0	2
ENSONIG00000004658	0	5	51
ENSONIG00000004659	0	2	13
ENSONIG00000004660	0	0	31
ENSONIG00000004661	0	0	0
ENSONIG00000004662	2	0	8
ENSONIG00000004666	0	0	0
ENSONIG00000004667	7	2	15
ENSONIG00000004668	0	2	22
ENSONIG00000004669	2	2	9
ENSONIG00000004671	1	4	9
ENSONIG00000004672	10	42	28
ENSONIG00000004673	3	117	39
ENSONIG00000004674	0	0	49
ENSONIG00000004675	0	0	0
ENSONIG00000004676	0	3	71
ENSONIG00000004677	0	0	3
ENSONIG00000004678	1	3	0
ENSONIG00000004681	0	3	7
ENSONIG00000004682	1818	63	50
ENSONIG00000004683	5	0	5
ENSONIG00000004684	1	1	43
ENSONIG00000004685	56	1	20
ENSONIG00000004686	6	2	5
ENSONIG00000004687	3	2	11
ENSONIG00000004688	1	0	9
ENSONIG00000004689	0	0	1
ENSONIG00000004691	0	0	0
ENSONIG00000004692	5	6	29
ENSONIG00000004693	1	0	9
ENSONIG00000004694	5	5	56
ENSONIG00000004695	1	0	10
ENSONIG00000004696	0	0	3
ENSONIG00000004697	7	6	86
ENSONIG00000004698	7	0	3
ENSONIG00000004699	5	0	1
ENSONIG00000004700	36	1	11
ENSONIG00000004701	79	6	14
ENSONIG00000004702	0	0	0
ENSONIG00000004704	4	0	4
ENSONIG00000004707	0	1	31
ENSONIG00000004709	18	3	5
ENSONIG00000004710	0	2	3
ENSONIG00000004711	0	0	0
ENSONIG00000004712	21	1	37
ENSONIG00000004713	1	1	5
ENSONIG00000004714	9	0	34
ENSONIG00000004715	1	0	48
ENSONIG00000004716	0	0	0
ENSONIG00000004717	0	0	0
ENSONIG00000004718	3	2	15
ENSONIG00000004720	0	0	1
ENSONIG00000004721	0	0	1
ENSONIG00000004722	0	1	7
ENSONIG00000004723	0	3	17
ENSONIG00000004724	94	398	643
ENSONIG00000004725	0	0	4
ENSONIG00000004726	1	0	3
ENSONIG00000004728	0	0	0
ENSONIG00000004729	0	0	6
ENSONIG00000004730	2	1	3
ENSONIG00000004731	1	12	436
ENSONIG00000004732	1	0	1
ENSONIG00000004734	25	4	29
ENSONIG00000004735	10	7	221
ENSONIG00000004736	2	10	1
ENSONIG00000004737	1	0	0
ENSONIG00000004738	13	2	8
ENSONIG00000004740	4	0	10
ENSONIG00000004741	0	1	0
ENSONIG00000004742	11	3	5
ENSONIG00000004743	0	0	18
ENSONIG00000004744	0	0	0
ENSONIG00000004745	1	1	29
ENSONIG00000004746	10	13	6
ENSONIG00000004748	4	0	72
ENSONIG00000004749	2	0	9
ENSONIG00000004750	2	0	0
ENSONIG00000004754	0	0	0
ENSONIG00000004755	0	0	10
ENSONIG00000004759	77	58	2496
ENSONIG00000004760	0	3	27
ENSONIG00000004761	4	2	4
ENSONIG00000004762	0	0	4
ENSONIG00000004763	0	0	36
ENSONIG00000004764	2	9	17
ENSONIG00000004765	2	1	8
ENSONIG00000004766	2	3	24
ENSONIG00000004767	0	1	27
ENSONIG00000004769	2	2	25
ENSONIG00000004770	1	0	15
ENSONIG00000004771	5	4	3
ENSONIG00000004772	1	0	27
ENSONIG00000004773	7	9	281
ENSONIG00000004774	3	1	5
ENSONIG00000004776	5	4	12
ENSONIG00000004777	0	0	16
ENSONIG00000004778	3	0	0
ENSONIG00000004779	1	0	0
ENSONIG00000004781	13	0	2
ENSONIG00000004782	0	0	0
ENSONIG00000004783	20	10	266
ENSONIG00000004784	0	0	0
ENSONIG00000004785	0	0	0
ENSONIG00000004786	0	1	11
ENSONIG00000004787	2	0	35
ENSONIG00000004788	0	0	1
ENSONIG00000004789	7	0	0
ENSONIG00000004790	0	0	17
ENSONIG00000004792	1	0	0
ENSONIG00000004794	0	0	0
ENSONIG00000004797	0	0	0
ENSONIG00000004798	0	0	0
ENSONIG00000004799	0	0	2
ENSONIG00000004800	0	0	0
ENSONIG00000004802	7	3	6
ENSONIG00000004803	9	4	71
ENSONIG00000004804	0	0	0
ENSONIG00000004805	0	0	0
ENSONIG00000004806	0	0	0
ENSONIG00000004808	0	0	0
ENSONIG00000004811	0	0	0
ENSONIG00000004812	1	0	16
ENSONIG00000004814	0	0	11
ENSONIG00000004815	41	3	6
ENSONIG00000004816	2	2	27
ENSONIG00000004817	2	0	4
ENSONIG00000004819	0	4	35
ENSONIG00000004820	0	4	33
ENSONIG00000004821	3	61	310
ENSONIG00000004822	0	7	45
ENSONIG00000004823	0	0	1
ENSONIG00000004825	2	0	0
ENSONIG00000004826	0	0	0
ENSONIG00000004827	7	13	34
ENSONIG00000004828	0	0	0
ENSONIG00000004831	1	7	72
ENSONIG00000004832	18	4	5
ENSONIG00000004833	0	1	1
ENSONIG00000004834	0	0	0
ENSONIG00000004835	0	0	0
ENSONIG00000004836	11	11	139
ENSONIG00000004837	6	9	91
ENSONIG00000004838	1	2	21
ENSONIG00000004839	110	24	275
ENSONIG00000004840	52	87	4090
ENSONIG00000004841	1	0	6
ENSONIG00000004843	0	0	2
ENSONIG00000004844	2	5	11
ENSONIG00000004845	11	5	0
ENSONIG00000004846	0	0	2
ENSONIG00000004847	0	0	5
ENSONIG00000004849	41	42	12
ENSONIG00000004851	0	1	24
ENSONIG00000004852	0	0	0
ENSONIG00000004853	0	0	22
ENSONIG00000004856	0	0	0
ENSONIG00000004857	0	1	17
ENSONIG00000004858	0	0	0
ENSONIG00000004859	2	2	24
ENSONIG00000004860	0	0	0
ENSONIG00000004861	0	0	10
ENSONIG00000004862	37	31	179
ENSONIG00000004863	0	0	3
ENSONIG00000004864	0	0	6
ENSONIG00000004865	9	28	71
ENSONIG00000004867	3	2	20
ENSONIG00000004868	2	0	1
ENSONIG00000004869	0	1	5
ENSONIG00000004870	0	0	6
ENSONIG00000004871	0	0	2
ENSONIG00000004872	14	9	40
ENSONIG00000004875	1	0	33
ENSONIG00000004876	9	39	569
ENSONIG00000004877	107	47	85
ENSONIG00000004878	26	4	86
ENSONIG00000004879	0	1	62
ENSONIG00000004880	6	0	43
ENSONIG00000004881	4	1	54
ENSONIG00000004882	150	37	97
ENSONIG00000004883	3	1	18
ENSONIG00000004884	2	4	10
ENSONIG00000004885	0	2	35
ENSONIG00000004886	0	0	0
ENSONIG00000004887	3	2	1
ENSONIG00000004888	12	48	285
ENSONIG00000004889	1	5	11
ENSONIG00000004890	3	2	13
ENSONIG00000004891	34	17	315
ENSONIG00000004892	0	0	1
ENSONIG00000004893	1	3	25
ENSONIG00000004894	7	10	19
ENSONIG00000004895	1	0	15
ENSONIG00000004896	0	0	30
ENSONIG00000004897	1	4	27
ENSONIG00000004898	0	0	0
ENSONIG00000004899	6	0	18
ENSONIG00000004900	1	1	5
ENSONIG00000004901	8	20	47
ENSONIG00000004902	10	0	8
ENSONIG00000004903	0	0	0
ENSONIG00000004904	0	1	14
ENSONIG00000004905	1	2	1
ENSONIG00000004906	0	0	0
ENSONIG00000004907	39	110	144
ENSONIG00000004909	0	0	2
ENSONIG00000004910	12	0	1
ENSONIG00000004912	4	0	1
ENSONIG00000004913	0	0	9
ENSONIG00000004914	0	0	2
ENSONIG00000004915	0	1	0
ENSONIG00000004916	4	0	3
ENSONIG00000004917	4	0	6
ENSONIG00000004918	0	0	0
ENSONIG00000004919	0	0	4
ENSONIG00000004920	0	0	3
ENSONIG00000004923	0	0	2
ENSONIG00000004931	2	0	16
ENSONIG00000004932	0	0	7
ENSONIG00000004933	1	0	14
ENSONIG00000004934	1	2	35
ENSONIG00000004935	1	1	23
ENSONIG00000004936	1	0	0
ENSONIG00000004937	0	0	0
ENSONIG00000004938	1	0	4
ENSONIG00000004939	0	0	14
ENSONIG00000004940	0	0	1
ENSONIG00000004941	19	0	26
ENSONIG00000004943	23	5	14
ENSONIG00000004944	0	1	4
ENSONIG00000004947	3	2	44
ENSONIG00000004949	0	4	12
ENSONIG00000004950	1	0	11
ENSONIG00000004951	3	0	64
ENSONIG00000004953	9	4	68
ENSONIG00000004954	7	3	41
ENSONIG00000004956	0	0	0
ENSONIG00000004957	0	0	0
ENSONIG00000004958	0	0	11
ENSONIG00000004960	1	0	9
ENSONIG00000004962	3	0	11
ENSONIG00000004963	3	0	0
ENSONIG00000004966	5	0	4
ENSONIG00000004967	0	1	0
ENSONIG00000004968	0	0	0
ENSONIG00000004971	1	0	0
ENSONIG00000004972	0	0	1
ENSONIG00000004973	2	0	10
ENSONIG00000004976	38	2	42
ENSONIG00000004977	1	0	5
ENSONIG00000004979	18	8	68
ENSONIG00000004980	4	2	61
ENSONIG00000004981	6	6	4
ENSONIG00000004983	0	0	0
ENSONIG00000004984	0	0	1
ENSONIG00000004985	0	2	9
ENSONIG00000004987	5	8	47
ENSONIG00000004988	0	3	6
ENSONIG00000004989	19	38	291
ENSONIG00000004990	0	1	10
ENSONIG00000004991	0	1	20
ENSONIG00000004992	1	0	0
ENSONIG00000004993	0	0	12
ENSONIG00000004994	3	7	2
ENSONIG00000004995	0	2	43
ENSONIG00000004996	1	0	40
ENSONIG00000004997	0	1	7
ENSONIG00000004998	39	5	58
ENSONIG00000004999	0	2	32
ENSONIG00000005001	89	36	71
ENSONIG00000005002	0	0	0
ENSONIG00000005005	3	0	3
ENSONIG00000005007	0	0	16
ENSONIG00000005008	2	0	16
ENSONIG00000005009	0	1	24
ENSONIG00000005011	25	1	2
ENSONIG00000005012	3	2	11
ENSONIG00000005015	0	0	5
ENSONIG00000005016	1	4	11
ENSONIG00000005017	0	0	0
ENSONIG00000005019	0	0	0
ENSONIG00000005021	1	7	250
ENSONIG00000005025	0	0	0
ENSONIG00000005029	0	0	0
ENSONIG00000005030	0	0	2
ENSONIG00000005031	0	0	2
ENSONIG00000005033	0	0	0
ENSONIG00000005034	0	0	4
ENSONIG00000005035	0	0	0
ENSONIG00000005036	0	0	0
ENSONIG00000005037	0	0	1
ENSONIG00000005038	0	0	0
ENSONIG00000005039	0	0	13
ENSONIG00000005040	4	1	39
ENSONIG00000005041	0	2	18
ENSONIG00000005042	0	0	0
ENSONIG00000005043	0	0	6
ENSONIG00000005044	0	0	11
ENSONIG00000005045	0	0	0
ENSONIG00000005046	6	9	30
ENSONIG00000005047	2	1	22
ENSONIG00000005048	5	0	0
ENSONIG00000005049	5	14	41
ENSONIG00000005052	3	2	27
ENSONIG00000005054	0	0	2
ENSONIG00000005055	0	0	1
ENSONIG00000005058	0	2	1
ENSONIG00000005059	0	0	5
ENSONIG00000005060	1	167	145
ENSONIG00000005061	0	0	2
ENSONIG00000005062	0	3	13
ENSONIG00000005063	0	0	1
ENSONIG00000005066	0	0	0
ENSONIG00000005067	0	0	2
ENSONIG00000005068	8	2	75
ENSONIG00000005069	3	0	7
ENSONIG00000005070	0	1	30
ENSONIG00000005071	0	0	0
ENSONIG00000005072	0	0	0
ENSONIG00000005074	0	0	0
ENSONIG00000005075	1	0	23
ENSONIG00000005077	1	1	1
ENSONIG00000005078	0	1	0
ENSONIG00000005079	0	0	9
ENSONIG00000005080	4	0	10
ENSONIG00000005081	0	0	0
ENSONIG00000005083	0	0	4
ENSONIG00000005084	0	0	12
ENSONIG00000005085	0	0	1
ENSONIG00000005086	1	3	9
ENSONIG00000005088	7	4	64
ENSONIG00000005089	1	0	23
ENSONIG00000005090	271	140	54
ENSONIG00000005091	6	2	2
ENSONIG00000005093	95	112	233
ENSONIG00000005094	13	1	89
ENSONIG00000005096	0	0	2
ENSONIG00000005097	0	0	1
ENSONIG00000005098	0	0	8
ENSONIG00000005101	0	0	4
ENSONIG00000005102	2	1	3
ENSONIG00000005104	0	0	0
ENSONIG00000005105	0	0	0
ENSONIG00000005106	0	0	0
ENSONIG00000005107	0	0	0
ENSONIG00000005108	4	0	2
ENSONIG00000005109	0	0	0
ENSONIG00000005110	5	9	39
ENSONIG00000005111	8	4	31
ENSONIG00000005113	0	0	4
ENSONIG00000005115	0	4	4
ENSONIG00000005117	1	0	9
ENSONIG00000005118	15	3	136
ENSONIG00000005119	0	1	5
ENSONIG00000005121	2	1	14
ENSONIG00000005122	0	6	45
ENSONIG00000005123	1	0	15
ENSONIG00000005124	0	0	8
ENSONIG00000005125	2	5	70
ENSONIG00000005126	2	1	1
ENSONIG00000005128	0	0	0
ENSONIG00000005129	0	0	10
ENSONIG00000005131	1	2	0
ENSONIG00000005132	0	0	0
ENSONIG00000005133	2	2	1
ENSONIG00000005134	0	0	0
ENSONIG00000005135	15	8	86
ENSONIG00000005136	0	1	13
ENSONIG00000005137	1	7	23
ENSONIG00000005138	95	55	49
ENSONIG00000005139	40	15	842
ENSONIG00000005140	4	0	51
ENSONIG00000005141	1	0	1
ENSONIG00000005142	3	1	17
ENSONIG00000005143	4	0	1
ENSONIG00000005144	3	4	113
ENSONIG00000005145	4	0	26
ENSONIG00000005146	9	32	645
ENSONIG00000005147	2	0	0
ENSONIG00000005149	3	4	23
ENSONIG00000005151	0	0	0
ENSONIG00000005152	0	0	2
ENSONIG00000005153	6	1	24
ENSONIG00000005154	4	0	6
ENSONIG00000005155	15	1	16
ENSONIG00000005156	0	0	0
ENSONIG00000005157	0	0	9
ENSONIG00000005158	3	0	6
ENSONIG00000005159	4	4	22
ENSONIG00000005160	0	0	0
ENSONIG00000005162	4	0	35
ENSONIG00000005163	0	0	0
ENSONIG00000005164	0	0	18
ENSONIG00000005165	1	0	0
ENSONIG00000005166	0	0	0
ENSONIG00000005167	2	0	3
ENSONIG00000005168	0	0	0
ENSONIG00000005169	1	0	0
ENSONIG00000005170	7	0	0
ENSONIG00000005171	0	0	1
ENSONIG00000005172	0	0	0
ENSONIG00000005173	0	1	26
ENSONIG00000005174	1	0	0
ENSONIG00000005175	0	0	4
ENSONIG00000005176	6	0	2
ENSONIG00000005177	57	28	35
ENSONIG00000005178	0	0	0
ENSONIG00000005179	173	111	135
ENSONIG00000005180	3	1	38
ENSONIG00000005181	0	0	0
ENSONIG00000005182	0	0	0
ENSONIG00000005183	0	0	10
ENSONIG00000005184	0	0	9
ENSONIG00000005186	0	0	0
ENSONIG00000005187	1	1	27
ENSONIG00000005188	0	0	21
ENSONIG00000005189	1	0	2
ENSONIG00000005190	43	102	3037
ENSONIG00000005191	7	0	28
ENSONIG00000005192	0	0	0
ENSONIG00000005193	1	0	14
ENSONIG00000005194	0	0	0
ENSONIG00000005195	0	2	12
ENSONIG00000005197	1	0	11
ENSONIG00000005198	1	0	8
ENSONIG00000005200	0	3	27
ENSONIG00000005202	0	0	29
ENSONIG00000005203	0	0	0
ENSONIG00000005204	1	0	22
ENSONIG00000005206	4	2	18
ENSONIG00000005207	3	1	49
ENSONIG00000005208	0	2	31
ENSONIG00000005209	1	0	0
ENSONIG00000005210	58	18	23
ENSONIG00000005211	0	0	0
ENSONIG00000005214	1	1	8
ENSONIG00000005215	0	1	2
ENSONIG00000005216	1	2	4
ENSONIG00000005217	0	0	4
ENSONIG00000005218	0	1	11
ENSONIG00000005219	0	2	2
ENSONIG00000005220	49	3	112
ENSONIG00000005221	4	1	28
ENSONIG00000005222	0	0	6
ENSONIG00000005223	4	2	1
ENSONIG00000005224	4	5	88
ENSONIG00000005225	1	1	11
ENSONIG00000005226	46	0	14
ENSONIG00000005227	3	7	49
ENSONIG00000005228	2	8	148
ENSONIG00000005229	0	0	0
ENSONIG00000005230	1	0	16
ENSONIG00000005232	1	0	3
ENSONIG00000005233	2	1	6
ENSONIG00000005234	0	0	7
ENSONIG00000005236	8	7	53
ENSONIG00000005237	0	1	4
ENSONIG00000005239	0	1	1
ENSONIG00000005240	0	0	0
ENSONIG00000005242	0	0	0
ENSONIG00000005243	0	0	33
ENSONIG00000005244	0	1	4
ENSONIG00000005246	0	1	3
ENSONIG00000005247	0	0	7
ENSONIG00000005248	0	0	0
ENSONIG00000005249	2	1	55
ENSONIG00000005250	110	3	14
ENSONIG00000005252	14	3	3
ENSONIG00000005254	0	1	26
ENSONIG00000005255	2	2	3
ENSONIG00000005258	1	0	0
ENSONIG00000005259	2	0	7
ENSONIG00000005260	1	0	0
ENSONIG00000005262	8	4	75
ENSONIG00000005263	2	2	24
ENSONIG00000005264	4	9	16
ENSONIG00000005265	2	2	2
ENSONIG00000005266	1	0	1
ENSONIG00000005267	3	7	11
ENSONIG00000005268	0	0	1
ENSONIG00000005269	1	3	20
ENSONIG00000005270	0	1	1
ENSONIG00000005271	0	0	0
ENSONIG00000005272	2	0	17
ENSONIG00000005273	6	5	103
ENSONIG00000005275	3	0	11
ENSONIG00000005277	1	0	25
ENSONIG00000005278	0	0	8
ENSONIG00000005279	4	12	266
ENSONIG00000005281	0	0	0
ENSONIG00000005282	0	0	0
ENSONIG00000005283	0	0	0
ENSONIG00000005284	2	0	12
ENSONIG00000005285	0	0	0
ENSONIG00000005286	0	0	0
ENSONIG00000005287	1	1	10
ENSONIG00000005288	19	3	8
ENSONIG00000005290	0	5	5
ENSONIG00000005291	11	26	86
ENSONIG00000005293	0	0	0
ENSONIG00000005294	0	0	0
ENSONIG00000005295	3	0	7
ENSONIG00000005296	1	0	1
ENSONIG00000005297	11	2	80
ENSONIG00000005298	6	1	27
ENSONIG00000005299	1	1	0
ENSONIG00000005300	1	0	0
ENSONIG00000005302	0	0	0
ENSONIG00000005303	0	0	0
ENSONIG00000005304	0	0	54
ENSONIG00000005305	3	1	16
ENSONIG00000005306	1	2	16
ENSONIG00000005307	0	0	19
ENSONIG00000005308	0	0	5
ENSONIG00000005309	9	0	63
ENSONIG00000005310	9	12	136
ENSONIG00000005311	7	1	17
ENSONIG00000005312	0	0	0
ENSONIG00000005313	0	0	0
ENSONIG00000005314	0	0	54
ENSONIG00000005315	607	49	712
ENSONIG00000005316	4	1	36
ENSONIG00000005317	7	0	7
ENSONIG00000005318	1	0	26
ENSONIG00000005319	0	0	2
ENSONIG00000005320	5	3	62
ENSONIG00000005322	0	0	1
ENSONIG00000005323	8	1	11
ENSONIG00000005324	7	2	44
ENSONIG00000005326	23	36	119
ENSONIG00000005327	2	5	54
ENSONIG00000005329	0	0	12
ENSONIG00000005330	0	0	3
ENSONIG00000005332	0	0	1
ENSONIG00000005333	2	0	11
ENSONIG00000005334	1	0	0
ENSONIG00000005335	3	0	64
ENSONIG00000005338	0	0	13
ENSONIG00000005339	3	0	3
ENSONIG00000005340	1	0	0
ENSONIG00000005341	0	0	1
ENSONIG00000005342	0	2	0
ENSONIG00000005343	3	6	8
ENSONIG00000005344	2	2	56
ENSONIG00000005345	0	0	0
ENSONIG00000005346	1	0	0
ENSONIG00000005347	7	0	10
ENSONIG00000005348	0	1	19
ENSONIG00000005349	0	0	0
ENSONIG00000005351	0	0	0
ENSONIG00000005353	0	0	1
ENSONIG00000005355	0	0	20
ENSONIG00000005356	0	0	2
ENSONIG00000005357	0	0	0
ENSONIG00000005358	0	0	0
ENSONIG00000005359	12	2	34
ENSONIG00000005360	1	0	0
ENSONIG00000005361	4	0	2
ENSONIG00000005362	2	1	31
ENSONIG00000005363	2	1	62
ENSONIG00000005364	36	84	66
ENSONIG00000005365	1	0	0
ENSONIG00000005366	5	0	0
ENSONIG00000005367	0	0	29
ENSONIG00000005368	1	1	6
ENSONIG00000005370	1	0	19
ENSONIG00000005371	0	0	4
ENSONIG00000005373	0	0	0
ENSONIG00000005376	2	0	0
ENSONIG00000005377	0	0	7
ENSONIG00000005379	0	1	13
ENSONIG00000005380	0	0	0
ENSONIG00000005381	0	0	0
ENSONIG00000005382	0	2	3
ENSONIG00000005383	0	0	0
ENSONIG00000005384	0	0	15
ENSONIG00000005385	35	3	25
ENSONIG00000005387	0	3	9
ENSONIG00000005388	0	0	3
ENSONIG00000005389	0	0	1
ENSONIG00000005390	0	0	0
ENSONIG00000005391	9	0	0
ENSONIG00000005393	14	1	18
ENSONIG00000005396	0	0	1
ENSONIG00000005397	0	0	6
ENSONIG00000005398	35	0	23
ENSONIG00000005399	11	81	118
ENSONIG00000005400	9	0	31
ENSONIG00000005401	1	5	43
ENSONIG00000005402	1	1	5
ENSONIG00000005403	4	0	20
ENSONIG00000005405	0	0	0
ENSONIG00000005407	1	0	34
ENSONIG00000005408	0	0	0
ENSONIG00000005409	0	0	0
ENSONIG00000005410	16	2	1
ENSONIG00000005411	1	1	8
ENSONIG00000005412	0	0	6
ENSONIG00000005413	1	1	20
ENSONIG00000005416	4	0	3
ENSONIG00000005417	20	10	157
ENSONIG00000005419	11	1	4
ENSONIG00000005420	0	4	4
ENSONIG00000005421	7	7	123
ENSONIG00000005423	6	0	0
ENSONIG00000005424	8	0	20
ENSONIG00000005426	13	0	5
ENSONIG00000005427	1	1	39
ENSONIG00000005428	0	0	6
ENSONIG00000005429	0	0	2
ENSONIG00000005430	1	0	0
ENSONIG00000005431	0	6	8
ENSONIG00000005432	20	10	18
ENSONIG00000005434	0	1	3
ENSONIG00000005436	3	8	45
ENSONIG00000005438	1	0	14
ENSONIG00000005439	0	0	5
ENSONIG00000005440	17	42	1459
ENSONIG00000005441	0	0	4
ENSONIG00000005442	5	11	84
ENSONIG00000005444	6	0	5
ENSONIG00000005445	5	1	0
ENSONIG00000005446	0	0	4
ENSONIG00000005447	32	2	23
ENSONIG00000005448	0	9	31
ENSONIG00000005449	7	3	6
ENSONIG00000005450	2	0	27
ENSONIG00000005451	2	0	11
ENSONIG00000005452	8	4	176
ENSONIG00000005453	0	0	39
ENSONIG00000005455	2	1	8
ENSONIG00000005456	3	0	12
ENSONIG00000005457	0	0	0
ENSONIG00000005458	1	0	22
ENSONIG00000005459	1	0	4
ENSONIG00000005460	3	0	20
ENSONIG00000005461	9	2	1
ENSONIG00000005462	0	0	5
ENSONIG00000005463	0	0	1
ENSONIG00000005464	2	0	15
ENSONIG00000005465	1	0	3
ENSONIG00000005466	355	11	120
ENSONIG00000005467	5	0	28
ENSONIG00000005468	0	0	2
ENSONIG00000005469	1	2	96
ENSONIG00000005471	1	1	4
ENSONIG00000005472	3	1	6
ENSONIG00000005473	0	1	16
ENSONIG00000005474	0	0	0
ENSONIG00000005476	1	1	2
ENSONIG00000005478	0	0	0
ENSONIG00000005479	1	2	12
ENSONIG00000005480	0	0	24
ENSONIG00000005481	3	0	1
ENSONIG00000005483	0	0	0
ENSONIG00000005484	0	0	0
ENSONIG00000005485	0	3	20
ENSONIG00000005487	1	0	0
ENSONIG00000005489	4	1	7
ENSONIG00000005490	10	2	31
ENSONIG00000005493	0	2	10
ENSONIG00000005495	3	0	1
ENSONIG00000005496	6	0	11
ENSONIG00000005497	0	0	5
ENSONIG00000005499	37	64	1298
ENSONIG00000005500	0	0	0
ENSONIG00000005501	0	0	8
ENSONIG00000005502	0	1	8
ENSONIG00000005503	1	0	8
ENSONIG00000005505	11	13	19
ENSONIG00000005506	0	0	7
ENSONIG00000005507	0	0	0
ENSONIG00000005509	0	0	1
ENSONIG00000005511	0	1	25
ENSONIG00000005512	19	18	96
ENSONIG00000005513	0	0	3
ENSONIG00000005514	55	0	35
ENSONIG00000005515	3	0	16
ENSONIG00000005516	17	1	1
ENSONIG00000005517	1	0	4
ENSONIG00000005518	3	2	50
ENSONIG00000005519	6	0	30
ENSONIG00000005520	0	0	0
ENSONIG00000005521	0	0	0
ENSONIG00000005522	5	3	6
ENSONIG00000005523	3	0	0
ENSONIG00000005524	0	0	0
ENSONIG00000005525	0	2	3
ENSONIG00000005526	6	0	7
ENSONIG00000005527	14	0	5
ENSONIG00000005528	5	0	5
ENSONIG00000005529	1	1	8
ENSONIG00000005530	0	0	0
ENSONIG00000005531	2	0	102
ENSONIG00000005533	32	0	11
ENSONIG00000005534	17	2	45
ENSONIG00000005535	15	0	4
ENSONIG00000005536	4	2	70
ENSONIG00000005537	92	38	25
ENSONIG00000005538	0	2	6
ENSONIG00000005540	8	2	70
ENSONIG00000005541	0	0	2
ENSONIG00000005542	0	0	17
ENSONIG00000005543	4	0	23
ENSONIG00000005544	0	0	1
ENSONIG00000005545	0	0	1
ENSONIG00000005546	0	0	0
ENSONIG00000005547	5	3	140
ENSONIG00000005548	2	7	77
ENSONIG00000005549	2	0	0
ENSONIG00000005550	2	0	10
ENSONIG00000005552	46	16	25
ENSONIG00000005553	2	0	3
ENSONIG00000005554	0	2	13
ENSONIG00000005555	0	4	15
ENSONIG00000005556	0	0	0
ENSONIG00000005557	2	3	35
ENSONIG00000005558	0	0	0
ENSONIG00000005559	0	0	1
ENSONIG00000005560	2	0	9
ENSONIG00000005561	0	0	2
ENSONIG00000005562	1	2	26
ENSONIG00000005563	4	6	54
ENSONIG00000005565	8	2	34
ENSONIG00000005566	4	4	6
ENSONIG00000005567	0	2	11
ENSONIG00000005568	0	0	0
ENSONIG00000005569	2	0	18
ENSONIG00000005570	3	0	14
ENSONIG00000005571	2	0	1
ENSONIG00000005572	4	1	37
ENSONIG00000005573	0	0	1
ENSONIG00000005574	2	2	0
ENSONIG00000005575	2	1	1
ENSONIG00000005576	0	0	1
ENSONIG00000005578	4	2	43
ENSONIG00000005579	4	4	127
ENSONIG00000005580	1	1	4
ENSONIG00000005582	5	0	13
ENSONIG00000005583	3	0	4
ENSONIG00000005584	0	2	0
ENSONIG00000005585	0	0	0
ENSONIG00000005586	2	0	5
ENSONIG00000005587	0	1	45
ENSONIG00000005588	5	0	9
ENSONIG00000005589	0	1	9
ENSONIG00000005590	1	3	1
ENSONIG00000005591	7	1	13
ENSONIG00000005592	0	0	0
ENSONIG00000005593	0	4	32
ENSONIG00000005594	8	4	48
ENSONIG00000005595	0	0	10
ENSONIG00000005596	0	0	11
ENSONIG00000005597	1	0	2
ENSONIG00000005598	1	1	11
ENSONIG00000005599	1	0	2
ENSONIG00000005600	0	3	2
ENSONIG00000005602	3	0	21
ENSONIG00000005603	0	1	0
ENSONIG00000005604	0	4	24
ENSONIG00000005605	15	0	6
ENSONIG00000005606	0	0	2
ENSONIG00000005607	14	1	29
ENSONIG00000005608	0	0	12
ENSONIG00000005611	10	3	32
ENSONIG00000005612	67	22	41
ENSONIG00000005613	0	0	11
ENSONIG00000005614	0	1	5
ENSONIG00000005615	0	0	6
ENSONIG00000005616	0	0	3
ENSONIG00000005617	0	0	0
ENSONIG00000005618	0	0	0
ENSONIG00000005619	0	0	0
ENSONIG00000005620	44	7	427
ENSONIG00000005621	0	0	0
ENSONIG00000005622	0	0	0
ENSONIG00000005623	0	0	0
ENSONIG00000005624	5	0	1
ENSONIG00000005630	4	0	4
ENSONIG00000005631	0	0	11
ENSONIG00000005632	3	16	79
ENSONIG00000005633	0	0	2
ENSONIG00000005634	9	5	21
ENSONIG00000005635	1	0	27
ENSONIG00000005636	0	0	40
ENSONIG00000005637	5	10	148
ENSONIG00000005638	0	0	7
ENSONIG00000005639	2	0	12
ENSONIG00000005640	1	0	6
ENSONIG00000005641	8	0	2
ENSONIG00000005642	5	0	5
ENSONIG00000005643	1	1	1
ENSONIG00000005644	2	0	0
ENSONIG00000005645	2	0	13
ENSONIG00000005646	0	0	4
ENSONIG00000005647	0	0	3
ENSONIG00000005648	77	72	49
ENSONIG00000005649	1	1	42
ENSONIG00000005650	0	4	2
ENSONIG00000005651	4	0	25
ENSONIG00000005652	809	166	207
ENSONIG00000005653	1	4	11
ENSONIG00000005654	0	3	53
ENSONIG00000005656	0	0	1
ENSONIG00000005658	9	1	13
ENSONIG00000005660	2	0	13
ENSONIG00000005661	14	0	55
ENSONIG00000005662	11	4	107
ENSONIG00000005663	82	135	3085
ENSONIG00000005664	1	0	7
ENSONIG00000005665	0	0	0
ENSONIG00000005667	1	3	32
ENSONIG00000005669	0	0	1
ENSONIG00000005670	1	0	0
ENSONIG00000005671	0	1	2
ENSONIG00000005672	0	0	0
ENSONIG00000005673	0	1	18
ENSONIG00000005674	4	3	41
ENSONIG00000005675	0	1	2
ENSONIG00000005676	2	0	0
ENSONIG00000005677	5	1	62
ENSONIG00000005678	0	0	4
ENSONIG00000005679	4	0	0
ENSONIG00000005680	3	2	6
ENSONIG00000005681	0	2	0
ENSONIG00000005682	13	6	68
ENSONIG00000005683	10	67	2588
ENSONIG00000005684	0	0	0
ENSONIG00000005685	15	3	4
ENSONIG00000005686	1	0	45
ENSONIG00000005687	0	0	2
ENSONIG00000005688	1	0	6
ENSONIG00000005689	0	1	46
ENSONIG00000005690	0	1	5
ENSONIG00000005691	3	4	32
ENSONIG00000005692	36	23	8
ENSONIG00000005694	0	0	0
ENSONIG00000005695	11	1	56
ENSONIG00000005696	0	1	34
ENSONIG00000005697	5	11	6
ENSONIG00000005698	0	0	0
ENSONIG00000005699	0	0	0
ENSONIG00000005702	49	1	2
ENSONIG00000005703	4	0	8
ENSONIG00000005704	32	2	23
ENSONIG00000005706	6	0	14
ENSONIG00000005708	4	6	19
ENSONIG00000005709	0	4	119
ENSONIG00000005710	0	0	0
ENSONIG00000005711	20	5	26
ENSONIG00000005712	4	6	54
ENSONIG00000005713	3	7	50
ENSONIG00000005714	4	0	4
ENSONIG00000005715	0	0	0
ENSONIG00000005716	28	12	69
ENSONIG00000005717	13	0	11
ENSONIG00000005718	0	1	8
ENSONIG00000005719	3	0	4
ENSONIG00000005720	0	0	0
ENSONIG00000005721	2	0	6
ENSONIG00000005723	1	0	2
ENSONIG00000005724	1	1	6
ENSONIG00000005726	5	2	20
ENSONIG00000005727	3	5	15
ENSONIG00000005728	8	0	12
ENSONIG00000005729	0	1	7
ENSONIG00000005730	0	6	12
ENSONIG00000005731	0	2	3
ENSONIG00000005732	0	0	18
ENSONIG00000005734	2	0	40
ENSONIG00000005735	1	2	9
ENSONIG00000005736	1	3	40
ENSONIG00000005737	1	0	12
ENSONIG00000005738	3	1	73
ENSONIG00000005739	0	2	9
ENSONIG00000005741	1	0	17
ENSONIG00000005742	75	139	163
ENSONIG00000005743	5	1	35
ENSONIG00000005744	4	4	15
ENSONIG00000005745	0	0	3
ENSONIG00000005746	23	17	94
ENSONIG00000005747	5	78	315
ENSONIG00000005748	0	0	0
ENSONIG00000005749	0	0	24
ENSONIG00000005750	0	0	0
ENSONIG00000005751	7	0	7
ENSONIG00000005752	0	0	14
ENSONIG00000005753	3	0	14
ENSONIG00000005754	0	1	14
ENSONIG00000005755	2	1	13
ENSONIG00000005756	8	9	79
ENSONIG00000005757	1	0	3
ENSONIG00000005758	8	2	26
ENSONIG00000005759	3	0	17
ENSONIG00000005760	0	2	55
ENSONIG00000005762	2	0	25
ENSONIG00000005763	0	35	1
ENSONIG00000005766	0	0	0
ENSONIG00000005767	0	0	0
ENSONIG00000005769	23	9	11
ENSONIG00000005770	25	7	61
ENSONIG00000005773	2	0	15
ENSONIG00000005774	3	9	113
ENSONIG00000005775	0	0	14
ENSONIG00000005776	2	2	18
ENSONIG00000005777	0	0	0
ENSONIG00000005778	0	0	0
ENSONIG00000005779	3	9	51
ENSONIG00000005780	4	0	2
ENSONIG00000005782	0	1	0
ENSONIG00000005783	37	2	7
ENSONIG00000005784	0	0	15
ENSONIG00000005786	0	0	0
ENSONIG00000005789	1	4	36
ENSONIG00000005791	4	15	19
ENSONIG00000005792	0	0	3
ENSONIG00000005793	5	1	31
ENSONIG00000005794	5	6	55
ENSONIG00000005796	1	2	1
ENSONIG00000005797	0	0	5
ENSONIG00000005798	0	0	2
ENSONIG00000005799	2	0	0
ENSONIG00000005800	60	35	248
ENSONIG00000005801	2	1	52
ENSONIG00000005802	3	12	275
ENSONIG00000005804	12	4	86
ENSONIG00000005805	83	83	180
ENSONIG00000005808	0	0	21
ENSONIG00000005809	0	0	7
ENSONIG00000005810	6	16	62
ENSONIG00000005811	5	0	31
ENSONIG00000005812	0	0	10
ENSONIG00000005813	0	4	79
ENSONIG00000005814	0	1	2
ENSONIG00000005816	49	2	34
ENSONIG00000005817	208	45	13
ENSONIG00000005818	0	1	1
ENSONIG00000005819	0	0	0
ENSONIG00000005820	2	0	11
ENSONIG00000005821	1	0	0
ENSONIG00000005822	2	0	82
ENSONIG00000005823	1	29	37
ENSONIG00000005824	3	5	2
ENSONIG00000005825	4	0	6
ENSONIG00000005826	0	0	0
ENSONIG00000005828	0	2	9
ENSONIG00000005829	0	0	2
ENSONIG00000005830	12	0	39
ENSONIG00000005831	0	2	81
ENSONIG00000005832	0	1	4
ENSONIG00000005833	2	4	22
ENSONIG00000005834	3	3	73
ENSONIG00000005835	2	1	74
ENSONIG00000005837	0	0	0
ENSONIG00000005838	23	8	80
ENSONIG00000005839	0	0	0
ENSONIG00000005840	12	4	19
ENSONIG00000005841	15	4	32
ENSONIG00000005842	0	0	0
ENSONIG00000005843	0	0	3
ENSONIG00000005844	9	3	30
ENSONIG00000005845	1	1	18
ENSONIG00000005848	0	5	36
ENSONIG00000005849	1	0	14
ENSONIG00000005850	1	0	0
ENSONIG00000005853	71	48	96
ENSONIG00000005854	0	0	2
ENSONIG00000005857	0	0	0
ENSONIG00000005858	4	2	45
ENSONIG00000005859	0	0	3
ENSONIG00000005860	375	466	317
ENSONIG00000005862	0	0	7
ENSONIG00000005863	13	9	123
ENSONIG00000005864	4	0	2
ENSONIG00000005865	0	0	4
ENSONIG00000005866	1	0	17
ENSONIG00000005867	18	7	16
ENSONIG00000005868	0	1	5
ENSONIG00000005869	1	0	16
ENSONIG00000005870	4	1	24
ENSONIG00000005871	0	0	0
ENSONIG00000005872	7	0	22
ENSONIG00000005873	0	4	10
ENSONIG00000005874	10	0	62
ENSONIG00000005876	2	0	26
ENSONIG00000005879	0	0	0
ENSONIG00000005880	15	0	15
ENSONIG00000005881	5	0	8
ENSONIG00000005883	2	7	57
ENSONIG00000005885	4	0	0
ENSONIG00000005886	1	6	22
ENSONIG00000005887	0	0	16
ENSONIG00000005888	0	0	3
ENSONIG00000005889	5	0	0
ENSONIG00000005890	0	1	65
ENSONIG00000005891	3	0	4
ENSONIG00000005892	0	12	1
ENSONIG00000005894	0	0	0
ENSONIG00000005895	0	0	1
ENSONIG00000005896	6	1	29
ENSONIG00000005897	2	0	6
ENSONIG00000005898	2	2	20
ENSONIG00000005899	0	2	5
ENSONIG00000005900	12	20	9
ENSONIG00000005901	18	16	51
ENSONIG00000005902	0	0	0
ENSONIG00000005903	0	0	3
ENSONIG00000005905	5	0	7
ENSONIG00000005906	5	0	14
ENSONIG00000005907	0	0	4
ENSONIG00000005908	2	0	18
ENSONIG00000005909	13	14	170
ENSONIG00000005910	5	0	2
ENSONIG00000005911	0	0	0
ENSONIG00000005912	4	0	2
ENSONIG00000005913	250	116	86
ENSONIG00000005914	2	2	14
ENSONIG00000005915	1	0	4
ENSONIG00000005916	12	0	26
ENSONIG00000005917	3	0	28
ENSONIG00000005919	11	0	12
ENSONIG00000005920	2	0	0
ENSONIG00000005921	23	19	39
ENSONIG00000005924	2	0	67
ENSONIG00000005925	0	0	1
ENSONIG00000005926	0	0	0
ENSONIG00000005929	0	0	0
ENSONIG00000005930	5	17	96
ENSONIG00000005931	8	1	192
ENSONIG00000005932	33	15	127
ENSONIG00000005934	14	24	1352
ENSONIG00000005935	1	0	5
ENSONIG00000005936	185	185	3383
ENSONIG00000005937	6	9	186
ENSONIG00000005939	2	8	12
ENSONIG00000005941	4	0	23
ENSONIG00000005943	2	2	10
ENSONIG00000005944	1	0	12
ENSONIG00000005945	1	1	12
ENSONIG00000005947	0	0	0
ENSONIG00000005948	0	0	1
ENSONIG00000005949	3	1	50
ENSONIG00000005950	5	0	0
ENSONIG00000005952	0	0	5
ENSONIG00000005953	0	0	0
ENSONIG00000005954	4	13	25
ENSONIG00000005955	1	0	23
ENSONIG00000005957	0	2	13
ENSONIG00000005958	0	1	33
ENSONIG00000005959	0	0	0
ENSONIG00000005960	9	1	25
ENSONIG00000005961	0	0	0
ENSONIG00000005962	0	0	0
ENSONIG00000005963	1	2	16
ENSONIG00000005965	0	0	10
ENSONIG00000005967	0	0	0
ENSONIG00000005968	17	1	11
ENSONIG00000005969	1	0	9
ENSONIG00000005970	23	4	57
ENSONIG00000005973	0	0	2
ENSONIG00000005974	0	0	0
ENSONIG00000005975	1	0	0
ENSONIG00000005976	1	0	0
ENSONIG00000005977	102	2	58
ENSONIG00000005980	0	0	56
ENSONIG00000005981	0	1	4
ENSONIG00000005984	5	3	168
ENSONIG00000005986	2	0	0
ENSONIG00000005987	2	0	5
ENSONIG00000005988	0	0	12
ENSONIG00000005989	469	321	253
ENSONIG00000005990	0	0	0
ENSONIG00000005991	0	2	8
ENSONIG00000005993	0	0	0
ENSONIG00000005994	2	0	12
ENSONIG00000005995	6	10	49
ENSONIG00000005996	0	0	0
ENSONIG00000005997	3	6	58
ENSONIG00000005998	5	0	6
ENSONIG00000005999	0	1	11
ENSONIG00000006001	2	2	18
ENSONIG00000006002	0	0	0
ENSONIG00000006003	0	0	0
ENSONIG00000006004	3	0	2
ENSONIG00000006005	8	2	22
ENSONIG00000006006	1	1	20
ENSONIG00000006007	0	0	0
ENSONIG00000006008	1	3	37
ENSONIG00000006010	1	0	12
ENSONIG00000006011	1	0	0
ENSONIG00000006012	1	1	2
ENSONIG00000006013	6	5	47
ENSONIG00000006014	9	0	18
ENSONIG00000006015	4	5	27
ENSONIG00000006016	1	0	11
ENSONIG00000006017	0	0	2
ENSONIG00000006018	7	3	14
ENSONIG00000006019	11	2	95
ENSONIG00000006020	32	6	38
ENSONIG00000006021	1	13	86
ENSONIG00000006022	7	0	0
ENSONIG00000006023	0	4	3
ENSONIG00000006024	0	0	24
ENSONIG00000006025	0	0	12
ENSONIG00000006027	0	0	1
ENSONIG00000006028	0	0	1
ENSONIG00000006030	2	0	81
ENSONIG00000006031	3	0	0
ENSONIG00000006032	0	1	1
ENSONIG00000006033	5	0	0
ENSONIG00000006035	2	6	12
ENSONIG00000006036	9	1	5
ENSONIG00000006037	0	0	11
ENSONIG00000006038	1	0	1
ENSONIG00000006039	1	9	13
ENSONIG00000006040	6	4	3
ENSONIG00000006041	3	0	2
ENSONIG00000006042	0	0	2
ENSONIG00000006043	0	0	1
ENSONIG00000006044	3	1	8
ENSONIG00000006045	0	0	39
ENSONIG00000006046	5	1	33
ENSONIG00000006047	0	0	1
ENSONIG00000006049	4	0	1
ENSONIG00000006051	0	0	0
ENSONIG00000006052	5	24	161
ENSONIG00000006054	2	0	8
ENSONIG00000006055	1	0	6
ENSONIG00000006057	3	1	11
ENSONIG00000006058	0	0	0
ENSONIG00000006059	4	0	17
ENSONIG00000006060	0	0	34
ENSONIG00000006061	0	0	1
ENSONIG00000006062	26	9	21
ENSONIG00000006063	0	3	1
ENSONIG00000006064	0	1	0
ENSONIG00000006065	0	0	3
ENSONIG00000006066	13	0	5
ENSONIG00000006067	7	0	6
ENSONIG00000006068	4	12	45
ENSONIG00000006069	11	5	124
ENSONIG00000006070	72	1	48
ENSONIG00000006071	0	0	0
ENSONIG00000006072	1	1	4
ENSONIG00000006073	9	3	7
ENSONIG00000006074	0	0	4
ENSONIG00000006075	0	0	0
ENSONIG00000006076	0	0	1
ENSONIG00000006077	5	12	81
ENSONIG00000006078	5	2	29
ENSONIG00000006080	3	0	19
ENSONIG00000006081	42	3	21
ENSONIG00000006082	2	1	0
ENSONIG00000006083	40	0	16
ENSONIG00000006084	1	1	11
ENSONIG00000006085	7	3	21
ENSONIG00000006086	0	0	8
ENSONIG00000006087	0	1	2
ENSONIG00000006088	4	2	48
ENSONIG00000006089	17	8	30
ENSONIG00000006090	7	6	62
ENSONIG00000006091	0	0	0
ENSONIG00000006092	1	0	0
ENSONIG00000006094	0	0	0
ENSONIG00000006095	0	0	10
ENSONIG00000006096	4	0	19
ENSONIG00000006097	2	1	50
ENSONIG00000006099	0	1	5
ENSONIG00000006100	0	0	0
ENSONIG00000006101	2	0	0
ENSONIG00000006102	8	6	26
ENSONIG00000006103	569	40	11
ENSONIG00000006104	6	0	37
ENSONIG00000006105	0	0	0
ENSONIG00000006106	0	2	28
ENSONIG00000006107	1	0	0
ENSONIG00000006108	2	0	3
ENSONIG00000006109	0	0	1
ENSONIG00000006110	0	0	0
ENSONIG00000006112	12	9	114
ENSONIG00000006115	15	19	838
ENSONIG00000006116	0	0	1
ENSONIG00000006117	0	0	0
ENSONIG00000006118	1	1	8
ENSONIG00000006120	1135	1668	2160
ENSONIG00000006121	1	0	0
ENSONIG00000006122	14	9	82
ENSONIG00000006123	4	0	30
ENSONIG00000006124	10	7	94
ENSONIG00000006126	4	5	96
ENSONIG00000006127	2	0	1
ENSONIG00000006128	0	0	0
ENSONIG00000006129	318	215	394
ENSONIG00000006131	1	0	4
ENSONIG00000006132	4	0	25
ENSONIG00000006134	1	0	19
ENSONIG00000006135	5	1	20
ENSONIG00000006138	1	1	18
ENSONIG00000006139	0	0	0
ENSONIG00000006141	0	1	75
ENSONIG00000006142	57	2	1
ENSONIG00000006143	7	5	44
ENSONIG00000006144	4	1	13
ENSONIG00000006145	8	5	34
ENSONIG00000006147	0	0	0
ENSONIG00000006148	0	0	0
ENSONIG00000006149	1	1	54
ENSONIG00000006150	1	0	0
ENSONIG00000006151	0	0	0
ENSONIG00000006152	0	0	0
ENSONIG00000006153	0	1	2
ENSONIG00000006155	0	0	1
ENSONIG00000006156	4	0	8
ENSONIG00000006157	20	0	15
ENSONIG00000006158	0	0	0
ENSONIG00000006159	3	0	0
ENSONIG00000006160	0	0	0
ENSONIG00000006161	4	0	8
ENSONIG00000006162	0	0	0
ENSONIG00000006163	0	0	29
ENSONIG00000006164	0	0	0
ENSONIG00000006166	3	1	0
ENSONIG00000006167	3	1	36
ENSONIG00000006168	1	0	14
ENSONIG00000006169	33	3	54
ENSONIG00000006170	5	2	7
ENSONIG00000006171	0	1	5
ENSONIG00000006172	13	14	83
ENSONIG00000006173	195	3	1
ENSONIG00000006174	0	0	0
ENSONIG00000006175	0	0	0
ENSONIG00000006176	0	0	4
ENSONIG00000006178	0	0	0
ENSONIG00000006179	0	0	0
ENSONIG00000006180	5	2	101
ENSONIG00000006183	5	1	41
ENSONIG00000006188	0	0	0
ENSONIG00000006192	7	2	59
ENSONIG00000006193	1	0	7
ENSONIG00000006194	3	0	3
ENSONIG00000006195	2	1	16
ENSONIG00000006196	1	0	9
ENSONIG00000006198	0	0	14
ENSONIG00000006199	11	4	27
ENSONIG00000006200	0	0	0
ENSONIG00000006201	0	0	1
ENSONIG00000006202	3	2	16
ENSONIG00000006203	2	0	66
ENSONIG00000006204	1	0	4
ENSONIG00000006205	0	0	0
ENSONIG00000006206	9	2	30
ENSONIG00000006207	0	0	0
ENSONIG00000006208	18	0	2
ENSONIG00000006209	2	4	34
ENSONIG00000006210	3	0	0
ENSONIG00000006211	51	57	55
ENSONIG00000006212	3	4	20
ENSONIG00000006214	0	0	4
ENSONIG00000006215	0	0	0
ENSONIG00000006218	1	0	8
ENSONIG00000006219	1	0	3
ENSONIG00000006220	3	3	125
ENSONIG00000006221	12	3	52
ENSONIG00000006222	16	8	17
ENSONIG00000006223	5	11	318
ENSONIG00000006224	1	2	9
ENSONIG00000006225	6	35	1804
ENSONIG00000006226	0	0	6
ENSONIG00000006227	9	1	15
ENSONIG00000006229	2	0	30
ENSONIG00000006230	1	0	0
ENSONIG00000006232	2	2	21
ENSONIG00000006234	1	0	1
ENSONIG00000006235	4	14	138
ENSONIG00000006237	0	0	1
ENSONIG00000006238	0	0	0
ENSONIG00000006240	12	9	56
ENSONIG00000006241	0	9	363
ENSONIG00000006242	2	0	4
ENSONIG00000006245	4	5	72
ENSONIG00000006246	36	6	122
ENSONIG00000006247	6	3	86
ENSONIG00000006248	6	2	1
ENSONIG00000006249	12	3	22
ENSONIG00000006250	0	0	3
ENSONIG00000006251	0	1	2
ENSONIG00000006252	6	8	143
ENSONIG00000006253	3	0	0
ENSONIG00000006254	3	0	3
ENSONIG00000006255	3	1	31
ENSONIG00000006256	2	0	0
ENSONIG00000006258	0	0	0
ENSONIG00000006259	0	0	2
ENSONIG00000006262	0	2	12
ENSONIG00000006265	1	1	17
ENSONIG00000006266	0	0	0
ENSONIG00000006267	1	0	21
ENSONIG00000006268	0	5	9
ENSONIG00000006269	2	0	8
ENSONIG00000006270	0	1	0
ENSONIG00000006271	3	4	7
ENSONIG00000006272	4	3	6
ENSONIG00000006274	0	0	3
ENSONIG00000006275	9	4	12
ENSONIG00000006276	2	0	0
ENSONIG00000006277	6	6	113
ENSONIG00000006278	1	2	29
ENSONIG00000006279	1	0	0
ENSONIG00000006280	0	0	2
ENSONIG00000006281	0	0	9
ENSONIG00000006282	0	0	0
ENSONIG00000006283	12	34	1211
ENSONIG00000006284	1	0	1
ENSONIG00000006286	2	0	0
ENSONIG00000006287	0	0	0
ENSONIG00000006288	2	3	36
ENSONIG00000006290	18	0	2
ENSONIG00000006292	0	0	0
ENSONIG00000006293	2	2	30
ENSONIG00000006294	0	0	1
ENSONIG00000006295	1	0	42
ENSONIG00000006296	7	7	61
ENSONIG00000006297	0	0	9
ENSONIG00000006298	0	0	8
ENSONIG00000006299	0	0	0
ENSONIG00000006300	1	0	0
ENSONIG00000006301	0	0	4
ENSONIG00000006302	1	0	0
ENSONIG00000006304	40	0	7
ENSONIG00000006308	0	0	0
ENSONIG00000006309	0	0	7
ENSONIG00000006310	0	0	1
ENSONIG00000006312	6	4	37
ENSONIG00000006313	0	0	0
ENSONIG00000006314	9	1	33
ENSONIG00000006316	0	0	0
ENSONIG00000006317	1	5	21
ENSONIG00000006320	0	0	0
ENSONIG00000006321	0	2	32
ENSONIG00000006322	4	0	5
ENSONIG00000006323	7	12	41
ENSONIG00000006324	0	2	2
ENSONIG00000006325	0	0	0
ENSONIG00000006327	0	0	0
ENSONIG00000006328	0	0	0
ENSONIG00000006330	0	0	0
ENSONIG00000006331	0	0	1
ENSONIG00000006333	0	0	0
ENSONIG00000006334	0	0	1
ENSONIG00000006335	3	0	16
ENSONIG00000006336	2	0	3
ENSONIG00000006337	0	0	4
ENSONIG00000006338	0	0	0
ENSONIG00000006339	28	11	16
ENSONIG00000006341	0	0	32
ENSONIG00000006342	3	0	1
ENSONIG00000006343	0	0	0
ENSONIG00000006344	5	0	9
ENSONIG00000006345	12	9	14
ENSONIG00000006346	10	3	0
ENSONIG00000006347	0	0	0
ENSONIG00000006348	1	0	1
ENSONIG00000006349	26	3	29
ENSONIG00000006350	0	0	0
ENSONIG00000006351	12	8	56
ENSONIG00000006353	17	0	12
ENSONIG00000006354	0	1	13
ENSONIG00000006355	0	1	14
ENSONIG00000006356	2	3	90
ENSONIG00000006357	1	1	8
ENSONIG00000006359	0	1	30
ENSONIG00000006360	1	0	3
ENSONIG00000006361	0	0	8
ENSONIG00000006363	2	1	0
ENSONIG00000006364	2	4	5
ENSONIG00000006365	33	2	12
ENSONIG00000006366	57	144	6629
ENSONIG00000006367	1	5	4
ENSONIG00000006369	1	1	14
ENSONIG00000006370	0	0	12
ENSONIG00000006371	3	1	21
ENSONIG00000006372	2	0	0
ENSONIG00000006373	0	0	0
ENSONIG00000006374	3	2	8
ENSONIG00000006375	0	0	0
ENSONIG00000006377	20	40	158
ENSONIG00000006378	4	25	297
ENSONIG00000006379	1	1	13
ENSONIG00000006380	2	1	18
ENSONIG00000006381	4	5	26
ENSONIG00000006382	14	8	13
ENSONIG00000006383	0	0	8
ENSONIG00000006385	0	0	0
ENSONIG00000006386	0	4	36
ENSONIG00000006388	3	0	54
ENSONIG00000006390	2	0	0
ENSONIG00000006391	15	2	19
ENSONIG00000006392	1	0	1
ENSONIG00000006393	0	0	51
ENSONIG00000006394	5	6	53
ENSONIG00000006396	0	0	0
ENSONIG00000006397	0	4	33
ENSONIG00000006398	0	0	1
ENSONIG00000006399	1	0	42
ENSONIG00000006400	7	2	25
ENSONIG00000006402	6	2	68
ENSONIG00000006404	1	0	5
ENSONIG00000006405	4	0	3
ENSONIG00000006406	2	6	155
ENSONIG00000006407	5	16	50
ENSONIG00000006408	3	1	45
ENSONIG00000006409	2	0	16
ENSONIG00000006410	0	9	48
ENSONIG00000006411	0	0	1
ENSONIG00000006413	1	2	33
ENSONIG00000006414	0	0	3
ENSONIG00000006415	2	0	0
ENSONIG00000006416	0	0	0
ENSONIG00000006417	0	1	12
ENSONIG00000006419	0	0	1
ENSONIG00000006420	0	0	0
ENSONIG00000006421	6	0	0
ENSONIG00000006422	0	0	0
ENSONIG00000006424	0	0	0
ENSONIG00000006425	0	1	3
ENSONIG00000006426	20	3	9
ENSONIG00000006428	2	0	5
ENSONIG00000006429	0	0	0
ENSONIG00000006430	0	0	0
ENSONIG00000006431	2	0	29
ENSONIG00000006432	3	0	1
ENSONIG00000006433	0	0	0
ENSONIG00000006435	0	0	0
ENSONIG00000006439	3	2	62
ENSONIG00000006440	1	0	9
ENSONIG00000006441	0	0	7
ENSONIG00000006442	1	1	5
ENSONIG00000006444	3	0	0
ENSONIG00000006445	4	0	0
ENSONIG00000006446	18	0	5
ENSONIG00000006447	0	0	0
ENSONIG00000006448	0	0	3
ENSONIG00000006449	0	0	0
ENSONIG00000006450	1	0	4
ENSONIG00000006451	0	1	37
ENSONIG00000006453	0	8	276
ENSONIG00000006454	4	0	14
ENSONIG00000006455	5	0	37
ENSONIG00000006456	35	0	2
ENSONIG00000006457	15	1	8
ENSONIG00000006458	0	0	1
ENSONIG00000006459	3	3	60
ENSONIG00000006461	0	2	43
ENSONIG00000006462	5	0	0
ENSONIG00000006463	3	0	4
ENSONIG00000006464	0	0	0
ENSONIG00000006466	0	0	0
ENSONIG00000006467	1	0	0
ENSONIG00000006468	0	0	1
ENSONIG00000006472	0	0	1
ENSONIG00000006473	0	0	0
ENSONIG00000006474	2	0	0
ENSONIG00000006475	0	0	0
ENSONIG00000006476	1	0	0
ENSONIG00000006477	2	1	2
ENSONIG00000006479	1	9	40
ENSONIG00000006480	6	1	10
ENSONIG00000006481	11	1	3
ENSONIG00000006483	0	0	0
ENSONIG00000006484	610	198	387
ENSONIG00000006486	0	1	20
ENSONIG00000006487	166	41	20
ENSONIG00000006488	22	4	16
ENSONIG00000006489	9	8	55
ENSONIG00000006490	1	0	4
ENSONIG00000006491	67	1	2
ENSONIG00000006492	17	0	6
ENSONIG00000006493	9	2	2
ENSONIG00000006494	0	0	1
ENSONIG00000006495	3	1	15
ENSONIG00000006496	0	2	0
ENSONIG00000006498	0	0	0
ENSONIG00000006499	13	7	218
ENSONIG00000006500	2	0	9
ENSONIG00000006501	0	0	1
ENSONIG00000006503	0	0	67
ENSONIG00000006505	2	0	19
ENSONIG00000006506	0	1	1
ENSONIG00000006507	0	0	4
ENSONIG00000006508	0	0	0
ENSONIG00000006509	0	0	2
ENSONIG00000006511	2	4	13
ENSONIG00000006512	7	7	52
ENSONIG00000006513	87	4	28
ENSONIG00000006515	0	3	3
ENSONIG00000006517	0	4	19
ENSONIG00000006518	3	1	0
ENSONIG00000006519	0	1	17
ENSONIG00000006520	69	15	21
ENSONIG00000006522	1	3	31
ENSONIG00000006523	0	0	0
ENSONIG00000006524	2	1	20
ENSONIG00000006525	7	1	26
ENSONIG00000006526	1	0	0
ENSONIG00000006527	3	2	5
ENSONIG00000006528	0	0	0
ENSONIG00000006529	2	1	3
ENSONIG00000006530	0	0	0
ENSONIG00000006531	2	0	0
ENSONIG00000006532	20	7	74
ENSONIG00000006533	0	0	0
ENSONIG00000006535	53	0	3
ENSONIG00000006536	0	0	0
ENSONIG00000006537	0	0	23
ENSONIG00000006538	0	0	0
ENSONIG00000006539	10	26	3392
ENSONIG00000006540	0	0	7
ENSONIG00000006542	0	0	0
ENSONIG00000006543	0	0	7
ENSONIG00000006544	4	0	24
ENSONIG00000006545	0	5	19
ENSONIG00000006546	1	1	53
ENSONIG00000006547	7	6	108
ENSONIG00000006548	2	2	21
ENSONIG00000006549	0	0	0
ENSONIG00000006551	0	0	0
ENSONIG00000006552	0	0	0
ENSONIG00000006553	7	0	15
ENSONIG00000006554	0	0	0
ENSONIG00000006555	0	0	3
ENSONIG00000006556	0	0	0
ENSONIG00000006557	0	0	1
ENSONIG00000006558	4	1	36
ENSONIG00000006559	1	0	0
ENSONIG00000006560	2	1	12
ENSONIG00000006561	0	0	0
ENSONIG00000006563	3	0	3
ENSONIG00000006564	0	0	0
ENSONIG00000006565	0	1	39
ENSONIG00000006566	2	0	24
ENSONIG00000006568	11	7	56
ENSONIG00000006569	0	0	0
ENSONIG00000006571	2	1	17
ENSONIG00000006572	0	0	0
ENSONIG00000006574	4	1	15
ENSONIG00000006575	15	41	105
ENSONIG00000006577	1	0	6
ENSONIG00000006578	2	0	24
ENSONIG00000006579	3	9	139
ENSONIG00000006580	0	1	17
ENSONIG00000006581	5	7	17
ENSONIG00000006582	2	4	0
ENSONIG00000006583	0	0	4
ENSONIG00000006584	0	0	1
ENSONIG00000006587	0	0	0
ENSONIG00000006588	6	2	71
ENSONIG00000006589	3	1	15
ENSONIG00000006590	0	0	6
ENSONIG00000006591	0	0	2
ENSONIG00000006592	82	130	199
ENSONIG00000006593	4	3	4
ENSONIG00000006594	68	7	156
ENSONIG00000006595	0	0	3
ENSONIG00000006596	4	3	5
ENSONIG00000006597	0	5	294
ENSONIG00000006600	0	0	18
ENSONIG00000006601	12	2	0
ENSONIG00000006603	0	0	4
ENSONIG00000006604	0	0	1
ENSONIG00000006605	8	5	15
ENSONIG00000006606	2	0	9
ENSONIG00000006608	8	2	6
ENSONIG00000006609	1	0	0
ENSONIG00000006610	0	0	2
ENSONIG00000006611	5	7	96
ENSONIG00000006612	6	2	6
ENSONIG00000006613	2	0	0
ENSONIG00000006614	30	11	49
ENSONIG00000006615	177	379	406
ENSONIG00000006616	0	2	14
ENSONIG00000006617	1	0	26
ENSONIG00000006618	0	0	2
ENSONIG00000006619	1	1	21
ENSONIG00000006621	0	1	22
ENSONIG00000006622	2	0	0
ENSONIG00000006624	20	4	34
ENSONIG00000006625	11	2	41
ENSONIG00000006626	3	0	1
ENSONIG00000006628	0	0	0
ENSONIG00000006629	2	3	20
ENSONIG00000006630	0	0	0
ENSONIG00000006631	0	0	0
ENSONIG00000006632	0	0	0
ENSONIG00000006633	2	4	19
ENSONIG00000006636	2	2	5
ENSONIG00000006637	0	11	7
ENSONIG00000006638	1	1	36
ENSONIG00000006639	2	0	7
ENSONIG00000006640	1	1	9
ENSONIG00000006643	0	0	20
ENSONIG00000006644	1	2	9
ENSONIG00000006645	3	2	4
ENSONIG00000006648	0	7	19
ENSONIG00000006651	0	4	1
ENSONIG00000006652	5	0	37
ENSONIG00000006654	28	2	9
ENSONIG00000006655	3	0	11
ENSONIG00000006656	47	17	43
ENSONIG00000006657	9	3	42
ENSONIG00000006658	13	31	495
ENSONIG00000006659	5	0	0
ENSONIG00000006660	6	3	42
ENSONIG00000006661	0	0	5
ENSONIG00000006662	0	0	5
ENSONIG00000006663	771	420	227
ENSONIG00000006664	0	0	0
ENSONIG00000006666	0	0	0
ENSONIG00000006667	0	0	0
ENSONIG00000006669	3	0	0
ENSONIG00000006674	0	0	0
ENSONIG00000006675	7	1	30
ENSONIG00000006676	0	0	0
ENSONIG00000006677	4	0	9
ENSONIG00000006678	0	1	23
ENSONIG00000006679	7	12	14
ENSONIG00000006680	0	0	3
ENSONIG00000006683	0	0	1
ENSONIG00000006684	1	0	5
ENSONIG00000006687	0	2	2
ENSONIG00000006688	1	0	0
ENSONIG00000006689	0	0	0
ENSONIG00000006690	0	0	0
ENSONIG00000006692	1	0	6
ENSONIG00000006694	0	1	8
ENSONIG00000006698	0	0	1
ENSONIG00000006699	6	1	6
ENSONIG00000006701	4	0	0
ENSONIG00000006702	0	0	8
ENSONIG00000006703	7	0	48
ENSONIG00000006704	0	0	0
ENSONIG00000006705	44	1	11
ENSONIG00000006708	2	0	0
ENSONIG00000006710	2	0	6
ENSONIG00000006711	1	1	15
ENSONIG00000006713	0	0	3
ENSONIG00000006714	0	0	2
ENSONIG00000006716	0	4	2
ENSONIG00000006717	48	37	64
ENSONIG00000006718	0	1	1
ENSONIG00000006719	0	0	0
ENSONIG00000006722	3	1	50
ENSONIG00000006724	0	0	7
ENSONIG00000006725	0	0	1
ENSONIG00000006726	4	1	7
ENSONIG00000006727	0	0	1
ENSONIG00000006728	22	6	134
ENSONIG00000006729	12	4	32
ENSONIG00000006730	8	1	5
ENSONIG00000006732	1	1	0
ENSONIG00000006733	6	1	55
ENSONIG00000006734	0	0	0
ENSONIG00000006735	1	2	15
ENSONIG00000006736	0	0	0
ENSONIG00000006737	49	21	336
ENSONIG00000006738	0	0	0
ENSONIG00000006739	7	0	3
ENSONIG00000006740	1	0	13
ENSONIG00000006741	0	1	21
ENSONIG00000006742	2	0	10
ENSONIG00000006743	1	4	50
ENSONIG00000006745	6	0	0
ENSONIG00000006746	0	0	0
ENSONIG00000006749	1	3	30
ENSONIG00000006750	0	0	0
ENSONIG00000006754	0	1	0
ENSONIG00000006755	5	0	25
ENSONIG00000006756	0	1	2
ENSONIG00000006757	1	0	5
ENSONIG00000006758	1	1	9
ENSONIG00000006761	4	0	6
ENSONIG00000006762	2	2	28
ENSONIG00000006763	0	0	2
ENSONIG00000006764	10	8	49
ENSONIG00000006765	2	1	14
ENSONIG00000006766	0	1	1
ENSONIG00000006767	3	1	14
ENSONIG00000006768	1	0	4
ENSONIG00000006769	2	1	25
ENSONIG00000006771	0	3	15
ENSONIG00000006773	0	0	0
ENSONIG00000006775	2	0	0
ENSONIG00000006776	1	0	0
ENSONIG00000006777	0	0	0
ENSONIG00000006780	4	0	23
ENSONIG00000006781	0	1	22
ENSONIG00000006782	1	0	16
ENSONIG00000006784	1	0	3
ENSONIG00000006785	0	0	0
ENSONIG00000006786	1	2	20
ENSONIG00000006788	10	2	6
ENSONIG00000006789	4	1	5
ENSONIG00000006790	1	0	3
ENSONIG00000006791	1	1	10
ENSONIG00000006792	3	1	9
ENSONIG00000006793	0	0	0
ENSONIG00000006794	0	5	35
ENSONIG00000006795	9	1	8
ENSONIG00000006796	23	3	9
ENSONIG00000006797	11	0	5
ENSONIG00000006799	0	0	0
ENSONIG00000006800	0	0	0
ENSONIG00000006801	31	6	50
ENSONIG00000006802	2	2	8
ENSONIG00000006803	9	34	39
ENSONIG00000006804	17	7	80
ENSONIG00000006805	1	6	8
ENSONIG00000006807	0	0	12
ENSONIG00000006808	0	1	9
ENSONIG00000006810	3	1	0
ENSONIG00000006811	2	0	0
ENSONIG00000006812	0	8	18
ENSONIG00000006814	2	0	9
ENSONIG00000006815	2	0	18
ENSONIG00000006816	1	0	12
ENSONIG00000006817	30	0	5
ENSONIG00000006818	7	12	7
ENSONIG00000006819	6	4	69
ENSONIG00000006820	10	7	43
ENSONIG00000006822	0	0	12
ENSONIG00000006823	1	0	6
ENSONIG00000006824	0	0	0
ENSONIG00000006825	0	0	2
ENSONIG00000006826	4	2	6
ENSONIG00000006827	0	0	2
ENSONIG00000006828	0	2	12
ENSONIG00000006829	0	0	5
ENSONIG00000006831	146	20	36
ENSONIG00000006832	0	4	5
ENSONIG00000006833	1	0	34
ENSONIG00000006834	0	0	0
ENSONIG00000006835	51	35	29
ENSONIG00000006836	0	2	9
ENSONIG00000006838	3	1	10
ENSONIG00000006839	1	0	0
ENSONIG00000006840	4	2	31
ENSONIG00000006842	0	15	429
ENSONIG00000006843	0	0	7
ENSONIG00000006844	0	1	0
ENSONIG00000006846	19	0	71
ENSONIG00000006847	8	2	36
ENSONIG00000006848	1	1	20
ENSONIG00000006850	2	0	3
ENSONIG00000006851	14	2	85
ENSONIG00000006853	1	2	73
ENSONIG00000006855	4	0	4
ENSONIG00000006856	58	3	33
ENSONIG00000006858	2	0	26
ENSONIG00000006859	0	0	6
ENSONIG00000006860	6	1	25
ENSONIG00000006861	1	5	6
ENSONIG00000006862	7	13	447
ENSONIG00000006863	6	0	28
ENSONIG00000006864	4	4	20
ENSONIG00000006865	0	1	3
ENSONIG00000006866	0	0	0
ENSONIG00000006867	21	3	19
ENSONIG00000006868	1	1	16
ENSONIG00000006869	4	1	27
ENSONIG00000006870	1	0	3
ENSONIG00000006871	67	70	1681
ENSONIG00000006872	2	0	7
ENSONIG00000006873	14	2	169
ENSONIG00000006874	0	0	0
ENSONIG00000006875	4	0	5
ENSONIG00000006876	0	0	2
ENSONIG00000006877	16	5	33
ENSONIG00000006878	313	150	4459
ENSONIG00000006880	3	1	61
ENSONIG00000006881	1	6	38
ENSONIG00000006882	2	1	6
ENSONIG00000006883	3	0	21
ENSONIG00000006884	0	0	4
ENSONIG00000006885	7	7	95
ENSONIG00000006889	0	0	16
ENSONIG00000006890	1	0	1
ENSONIG00000006891	0	0	5
ENSONIG00000006893	1	0	3
ENSONIG00000006894	0	0	2
ENSONIG00000006895	1	1	10
ENSONIG00000006896	3	1	12
ENSONIG00000006898	6	1	4
ENSONIG00000006900	0	0	0
ENSONIG00000006901	0	0	0
ENSONIG00000006905	0	0	0
ENSONIG00000006907	0	0	0
ENSONIG00000006909	0	0	1
ENSONIG00000006910	5	0	0
ENSONIG00000006912	1	0	9
ENSONIG00000006914	0	0	0
ENSONIG00000006915	0	0	0
ENSONIG00000006917	0	0	0
ENSONIG00000006919	2	5	44
ENSONIG00000006921	0	0	11
ENSONIG00000006926	0	0	0
ENSONIG00000006928	0	0	0
ENSONIG00000006931	0	0	0
ENSONIG00000006933	0	0	5
ENSONIG00000006934	0	0	0
ENSONIG00000006935	2	2	42
ENSONIG00000006937	0	0	0
ENSONIG00000006938	0	0	0
ENSONIG00000006939	0	0	0
ENSONIG00000006940	0	0	0
ENSONIG00000006941	0	0	0
ENSONIG00000006943	0	0	3
ENSONIG00000006945	0	0	0
ENSONIG00000006946	0	0	0
ENSONIG00000006947	0	0	0
ENSONIG00000006949	0	0	0
ENSONIG00000006954	0	0	0
ENSONIG00000006955	0	0	0
ENSONIG00000006956	0	1	1
ENSONIG00000006958	1	0	0
ENSONIG00000006959	15	3	142
ENSONIG00000006961	0	0	50
ENSONIG00000006962	0	0	0
ENSONIG00000006963	15	26	47
ENSONIG00000006965	0	2	3
ENSONIG00000006966	0	2	2
ENSONIG00000006967	0	0	0
ENSONIG00000006968	3	0	5
ENSONIG00000006972	0	1	8
ENSONIG00000006973	0	0	0
ENSONIG00000006978	48	5	22
ENSONIG00000006980	0	0	0
ENSONIG00000006982	6	3	6
ENSONIG00000006983	7	2	50
ENSONIG00000006984	22	0	15
ENSONIG00000006985	0	0	21
ENSONIG00000006986	19	8	241
ENSONIG00000006987	26	4	6
ENSONIG00000006990	0	0	0
ENSONIG00000006991	0	0	0
ENSONIG00000006992	17	12	111
ENSONIG00000006993	55	2	8
ENSONIG00000006994	1	1	6
ENSONIG00000006995	0	0	0
ENSONIG00000006996	0	0	9
ENSONIG00000006997	0	0	0
ENSONIG00000006998	13	6	117
ENSONIG00000006999	2	3	80
ENSONIG00000007000	16	1	8
ENSONIG00000007002	1	0	0
ENSONIG00000007005	6	5	11
ENSONIG00000007006	0	0	1
ENSONIG00000007007	2	0	0
ENSONIG00000007008	1	2	28
ENSONIG00000007009	6	2	6
ENSONIG00000007010	8	8	925
ENSONIG00000007011	2	0	6
ENSONIG00000007012	150	111	140
ENSONIG00000007013	4	2	1
ENSONIG00000007014	36	66	58
ENSONIG00000007015	2	4	15
ENSONIG00000007016	1	0	6
ENSONIG00000007017	4	4	1
ENSONIG00000007019	0	0	3
ENSONIG00000007020	0	0	2
ENSONIG00000007021	1	0	0
ENSONIG00000007022	11	3	41
ENSONIG00000007023	35	48	133
ENSONIG00000007024	1	1	10
ENSONIG00000007026	0	0	0
ENSONIG00000007027	5	2	0
ENSONIG00000007028	0	0	3
ENSONIG00000007030	4	0	1
ENSONIG00000007031	0	0	4
ENSONIG00000007032	0	0	0
ENSONIG00000007035	20	1	21
ENSONIG00000007036	0	0	0
ENSONIG00000007037	1	0	0
ENSONIG00000007039	0	0	0
ENSONIG00000007041	2	3	18
ENSONIG00000007042	1	0	5
ENSONIG00000007043	14	4	5
ENSONIG00000007044	0	0	0
ENSONIG00000007046	0	1	2
ENSONIG00000007047	6	0	21
ENSONIG00000007048	0	0	0
ENSONIG00000007049	0	0	0
ENSONIG00000007051	0	0	0
ENSONIG00000007052	201	5	48
ENSONIG00000007053	0	1	10
ENSONIG00000007055	2	4	35
ENSONIG00000007056	11	0	0
ENSONIG00000007057	0	0	5
ENSONIG00000007058	1	0	0
ENSONIG00000007059	1	0	6
ENSONIG00000007060	1	7	30
ENSONIG00000007061	1	1	2
ENSONIG00000007063	0	1	8
ENSONIG00000007064	0	0	0
ENSONIG00000007065	0	0	5
ENSONIG00000007069	0	0	0
ENSONIG00000007072	3	6	20
ENSONIG00000007074	0	0	3
ENSONIG00000007075	0	0	14
ENSONIG00000007076	0	1	2
ENSONIG00000007077	0	0	1
ENSONIG00000007078	17	1	0
ENSONIG00000007079	21	6	7
ENSONIG00000007081	27	2	1
ENSONIG00000007082	2	0	3
ENSONIG00000007083	27	15	15
ENSONIG00000007084	1	0	7
ENSONIG00000007085	6	26	72
ENSONIG00000007086	0	0	0
ENSONIG00000007087	15	0	8
ENSONIG00000007088	0	0	3
ENSONIG00000007089	1	7	20
ENSONIG00000007095	0	0	30
ENSONIG00000007096	1	3	1
ENSONIG00000007097	9	1	111
ENSONIG00000007098	0	0	0
ENSONIG00000007099	22	0	5
ENSONIG00000007102	11	0	27
ENSONIG00000007103	0	1	19
ENSONIG00000007105	8	0	1
ENSONIG00000007106	4	0	0
ENSONIG00000007107	0	0	1
ENSONIG00000007109	63	3	32
ENSONIG00000007112	0	1	0
ENSONIG00000007113	0	0	18
ENSONIG00000007114	0	46	267
ENSONIG00000007115	2	0	0
ENSONIG00000007116	3	0	3
ENSONIG00000007117	0	0	0
ENSONIG00000007118	0	2	5
ENSONIG00000007119	1	0	23
ENSONIG00000007123	6	1	40
ENSONIG00000007124	4	3	3
ENSONIG00000007125	5	0	9
ENSONIG00000007126	3	0	14
ENSONIG00000007127	2	0	15
ENSONIG00000007128	0	0	3
ENSONIG00000007129	10	19	387
ENSONIG00000007130	0	2	0
ENSONIG00000007131	0	0	0
ENSONIG00000007132	0	0	0
ENSONIG00000007133	0	0	2
ENSONIG00000007134	2	0	14
ENSONIG00000007135	0	1	8
ENSONIG00000007136	0	3	24
ENSONIG00000007137	0	1	19
ENSONIG00000007138	2	5	3
ENSONIG00000007140	0	0	0
ENSONIG00000007141	9	3	58
ENSONIG00000007142	0	0	10
ENSONIG00000007143	0	1	1
ENSONIG00000007144	0	0	0
ENSONIG00000007145	0	0	2
ENSONIG00000007146	0	1	14
ENSONIG00000007147	10	3	24
ENSONIG00000007148	0	0	0
ENSONIG00000007149	0	0	0
ENSONIG00000007150	0	0	0
ENSONIG00000007152	0	0	0
ENSONIG00000007156	0	0	4
ENSONIG00000007157	2	1	16
ENSONIG00000007158	11	11	57
ENSONIG00000007159	1	1	5
ENSONIG00000007161	5	1	14
ENSONIG00000007162	2	2	2
ENSONIG00000007163	0	0	5
ENSONIG00000007164	0	0	6
ENSONIG00000007165	0	0	9
ENSONIG00000007167	0	0	0
ENSONIG00000007170	3	3	43
ENSONIG00000007171	0	0	0
ENSONIG00000007172	0	0	4
ENSONIG00000007173	0	0	0
ENSONIG00000007174	0	0	3
ENSONIG00000007176	7	0	2
ENSONIG00000007177	0	2	22
ENSONIG00000007178	0	0	9
ENSONIG00000007179	0	0	10
ENSONIG00000007180	0	3	7
ENSONIG00000007181	0	1	16
ENSONIG00000007182	2	1	157
ENSONIG00000007183	5	1	18
ENSONIG00000007184	0	0	0
ENSONIG00000007185	1	0	0
ENSONIG00000007186	0	0	0
ENSONIG00000007187	0	0	0
ENSONIG00000007188	0	0	0
ENSONIG00000007189	5	0	15
ENSONIG00000007192	14	8	158
ENSONIG00000007193	0	0	0
ENSONIG00000007195	6	0	31
ENSONIG00000007196	31	2	11
ENSONIG00000007198	13	2	48
ENSONIG00000007199	0	0	3
ENSONIG00000007200	5	0	2
ENSONIG00000007201	1	3	23
ENSONIG00000007202	0	0	2
ENSONIG00000007203	0	0	5
ENSONIG00000007204	0	0	3
ENSONIG00000007205	0	0	2
ENSONIG00000007206	0	0	0
ENSONIG00000007208	15	1	37
ENSONIG00000007209	1	3	2
ENSONIG00000007210	0	0	0
ENSONIG00000007211	0	0	7
ENSONIG00000007212	1	0	1
ENSONIG00000007213	3	1	3
ENSONIG00000007214	2	0	5
ENSONIG00000007215	0	2	10
ENSONIG00000007216	0	0	7
ENSONIG00000007217	5	4	4
ENSONIG00000007218	382	14	12
ENSONIG00000007219	0	0	0
ENSONIG00000007220	0	0	0
ENSONIG00000007223	0	0	4
ENSONIG00000007225	8	5	19
ENSONIG00000007226	9	14	235
ENSONIG00000007227	0	1	56
ENSONIG00000007228	0	1	20
ENSONIG00000007229	184	9	50
ENSONIG00000007230	0	0	3
ENSONIG00000007231	6	1	20
ENSONIG00000007232	0	1	1
ENSONIG00000007233	1	1	11
ENSONIG00000007234	0	1	2
ENSONIG00000007235	5	0	8
ENSONIG00000007236	24	0	7
ENSONIG00000007237	118	0	42
ENSONIG00000007239	206	135	274
ENSONIG00000007240	2	2	7
ENSONIG00000007241	0	0	0
ENSONIG00000007242	204	79	204
ENSONIG00000007243	103	44	1092
ENSONIG00000007244	3	1	7
ENSONIG00000007245	21	26	74
ENSONIG00000007247	0	0	28
ENSONIG00000007248	4	1	14
ENSONIG00000007250	0	1	7
ENSONIG00000007251	0	0	1
ENSONIG00000007252	6	1	0
ENSONIG00000007253	0	4	229
ENSONIG00000007254	0	1	16
ENSONIG00000007255	15	1	0
ENSONIG00000007257	1	0	11
ENSONIG00000007258	0	0	0
ENSONIG00000007261	2	0	4
ENSONIG00000007263	0	0	22
ENSONIG00000007264	0	0	9
ENSONIG00000007265	0	0	2
ENSONIG00000007267	0	0	1
ENSONIG00000007268	0	2	10
ENSONIG00000007269	1	1	32
ENSONIG00000007270	1	0	1
ENSONIG00000007271	0	0	5
ENSONIG00000007272	13	1	110
ENSONIG00000007274	1	2	7
ENSONIG00000007275	0	0	0
ENSONIG00000007277	2	0	3
ENSONIG00000007278	6	5	43
ENSONIG00000007279	4	0	20
ENSONIG00000007280	2	0	4
ENSONIG00000007281	9	4	38
ENSONIG00000007282	0	0	1
ENSONIG00000007284	0	0	3
ENSONIG00000007285	0	0	5
ENSONIG00000007286	0	0	0
ENSONIG00000007287	1	0	21
ENSONIG00000007288	7	2	31
ENSONIG00000007289	9	2	20
ENSONIG00000007290	1	12	1
ENSONIG00000007292	10	1	41
ENSONIG00000007293	0	0	8
ENSONIG00000007294	1	1	7
ENSONIG00000007296	2	0	13
ENSONIG00000007297	2	6	26
ENSONIG00000007298	0	0	8
ENSONIG00000007300	0	0	4
ENSONIG00000007301	2	3	0
ENSONIG00000007304	0	0	0
ENSONIG00000007306	4	2	12
ENSONIG00000007307	0	0	3
ENSONIG00000007308	3	0	0
ENSONIG00000007310	1	5	17
ENSONIG00000007311	6	1	20
ENSONIG00000007313	0	0	8
ENSONIG00000007314	35	9	6
ENSONIG00000007316	5	0	26
ENSONIG00000007317	3	0	9
ENSONIG00000007318	7	1	2
ENSONIG00000007320	0	0	8
ENSONIG00000007321	0	1	23
ENSONIG00000007323	0	0	0
ENSONIG00000007325	0	0	1
ENSONIG00000007326	0	0	0
ENSONIG00000007328	0	0	0
ENSONIG00000007330	6	2	17
ENSONIG00000007331	2	0	0
ENSONIG00000007332	3	0	21
ENSONIG00000007335	0	0	0
ENSONIG00000007336	0	2	23
ENSONIG00000007337	33	5	17
ENSONIG00000007340	3	0	8
ENSONIG00000007341	0	0	1
ENSONIG00000007342	0	0	0
ENSONIG00000007343	0	2	109
ENSONIG00000007344	0	1	8
ENSONIG00000007346	1	23	111
ENSONIG00000007348	1	10	5
ENSONIG00000007350	0	0	0
ENSONIG00000007351	18	3	9
ENSONIG00000007354	0	0	0
ENSONIG00000007355	0	0	0
ENSONIG00000007357	0	0	0
ENSONIG00000007358	7	5	72
ENSONIG00000007359	0	0	1
ENSONIG00000007360	0	1	42
ENSONIG00000007362	9	0	3
ENSONIG00000007364	4	3	15
ENSONIG00000007365	1	0	15
ENSONIG00000007367	3	0	25
ENSONIG00000007368	0	1	1
ENSONIG00000007369	0	0	3
ENSONIG00000007370	3	0	11
ENSONIG00000007371	0	0	1
ENSONIG00000007372	28	18	30
ENSONIG00000007373	9	0	6
ENSONIG00000007374	3	0	19
ENSONIG00000007378	0	0	0
ENSONIG00000007379	5	23	2263
ENSONIG00000007380	0	0	0
ENSONIG00000007381	0	0	9
ENSONIG00000007383	2	0	1
ENSONIG00000007384	2	0	8
ENSONIG00000007386	0	0	0
ENSONIG00000007387	1	0	1
ENSONIG00000007388	2	2	20
ENSONIG00000007390	13	67	113
ENSONIG00000007393	3	4	56
ENSONIG00000007394	0	0	3
ENSONIG00000007395	1	0	10
ENSONIG00000007396	1	0	8
ENSONIG00000007397	1	1	4
ENSONIG00000007398	2	2	5
ENSONIG00000007401	9	16	1859
ENSONIG00000007403	14	5	49
ENSONIG00000007405	0	5	5
ENSONIG00000007406	0	0	0
ENSONIG00000007408	0	0	0
ENSONIG00000007409	1	1	9
ENSONIG00000007410	9	4	9
ENSONIG00000007411	0	0	6
ENSONIG00000007412	0	0	11
ENSONIG00000007415	1	0	16
ENSONIG00000007416	0	0	4
ENSONIG00000007417	28	7	30
ENSONIG00000007421	0	0	2
ENSONIG00000007425	0	0	0
ENSONIG00000007426	5	4	115
ENSONIG00000007429	0	2	44
ENSONIG00000007434	5	5	53
ENSONIG00000007435	0	0	0
ENSONIG00000007437	0	2	11
ENSONIG00000007439	0	0	0
ENSONIG00000007441	0	0	0
ENSONIG00000007442	1	1	0
ENSONIG00000007444	0	0	0
ENSONIG00000007445	0	0	7
ENSONIG00000007446	0	0	0
ENSONIG00000007448	0	0	0
ENSONIG00000007449	1	1	34
ENSONIG00000007450	10	0	2
ENSONIG00000007451	0	0	16
ENSONIG00000007452	2	0	1
ENSONIG00000007453	0	0	0
ENSONIG00000007454	1	0	13
ENSONIG00000007455	0	0	0
ENSONIG00000007456	0	0	0
ENSONIG00000007458	3	6	90
ENSONIG00000007461	0	0	4
ENSONIG00000007465	0	1	0
ENSONIG00000007466	0	0	0
ENSONIG00000007467	0	0	0
ENSONIG00000007468	1	1	11
ENSONIG00000007469	0	0	9
ENSONIG00000007471	0	1	10
ENSONIG00000007472	0	0	0
ENSONIG00000007473	0	0	0
ENSONIG00000007474	2	0	34
ENSONIG00000007476	1	3	35
ENSONIG00000007478	0	0	0
ENSONIG00000007479	1	1	23
ENSONIG00000007480	0	0	3
ENSONIG00000007481	7	1	9
ENSONIG00000007482	3	0	1
ENSONIG00000007483	23	0	4
ENSONIG00000007484	2	1	9
ENSONIG00000007486	3	14	697
ENSONIG00000007487	0	0	2
ENSONIG00000007488	0	0	5
ENSONIG00000007489	5	1	40
ENSONIG00000007491	0	0	0
ENSONIG00000007492	1	1	15
ENSONIG00000007497	0	4	68
ENSONIG00000007498	0	2	288
ENSONIG00000007499	1	0	0
ENSONIG00000007502	1	0	2
ENSONIG00000007504	3430	4635	5062
ENSONIG00000007505	153	103	119
ENSONIG00000007508	5	17	745
ENSONIG00000007510	15	3	39
ENSONIG00000007511	3	0	8
ENSONIG00000007516	1	0	7
ENSONIG00000007517	1	0	0
ENSONIG00000007519	4	6	62
ENSONIG00000007521	2	1	8
ENSONIG00000007522	0	0	0
ENSONIG00000007523	3	0	9
ENSONIG00000007525	10	9	20
ENSONIG00000007528	1	0	5
ENSONIG00000007531	23	11	249
ENSONIG00000007532	3	1	0
ENSONIG00000007533	3	2	25
ENSONIG00000007534	12	5	8
ENSONIG00000007536	0	0	0
ENSONIG00000007537	3	2	17
ENSONIG00000007538	6	1	38
ENSONIG00000007539	230	13	152
ENSONIG00000007540	7	5	6
ENSONIG00000007541	0	0	6
ENSONIG00000007542	0	0	0
ENSONIG00000007543	2	0	29
ENSONIG00000007544	1	2	9
ENSONIG00000007545	11	4	152
ENSONIG00000007546	3	5	32
ENSONIG00000007547	1	0	20
ENSONIG00000007548	22	21	184
ENSONIG00000007549	3	10	57
ENSONIG00000007552	0	0	1
ENSONIG00000007553	6	0	15
ENSONIG00000007554	0	0	0
ENSONIG00000007555	6	1	43
ENSONIG00000007557	0	0	1
ENSONIG00000007560	0	2	88
ENSONIG00000007561	1	0	19
ENSONIG00000007562	0	0	0
ENSONIG00000007563	0	0	1
ENSONIG00000007564	1	1	2
ENSONIG00000007565	1	0	20
ENSONIG00000007566	0	0	0
ENSONIG00000007567	4	2	41
ENSONIG00000007568	2	0	7
ENSONIG00000007569	3	1	24
ENSONIG00000007570	3	2	20
ENSONIG00000007571	0	0	1
ENSONIG00000007572	0	2	33
ENSONIG00000007573	0	0	3
ENSONIG00000007574	16	3	60
ENSONIG00000007575	1	0	9
ENSONIG00000007576	3	1	7
ENSONIG00000007577	3	3	28
ENSONIG00000007578	0	0	0
ENSONIG00000007580	0	0	7
ENSONIG00000007581	1	8	0
ENSONIG00000007582	1	0	1
ENSONIG00000007583	0	6	9
ENSONIG00000007584	3	34	259
ENSONIG00000007586	96	9	68
ENSONIG00000007587	2	1	35
ENSONIG00000007588	1	0	26
ENSONIG00000007590	0	1	43
ENSONIG00000007591	1	6	59
ENSONIG00000007594	1	1	114
ENSONIG00000007597	3	1	0
ENSONIG00000007598	6	8	68
ENSONIG00000007599	1	5	194
ENSONIG00000007600	1	3	69
ENSONIG00000007602	0	2	7
ENSONIG00000007603	12	1	39
ENSONIG00000007604	5	1	38
ENSONIG00000007605	0	0	0
ENSONIG00000007606	8	1	58
ENSONIG00000007607	18	2	36
ENSONIG00000007608	0	0	10
ENSONIG00000007609	0	0	0
ENSONIG00000007610	1	6	53
ENSONIG00000007611	0	0	0
ENSONIG00000007612	2	1	31
ENSONIG00000007613	0	0	4
ENSONIG00000007614	0	0	2
ENSONIG00000007615	0	1	263
ENSONIG00000007616	2	1	47
ENSONIG00000007618	13	2	66
ENSONIG00000007619	36	18	52
ENSONIG00000007620	0	0	0
ENSONIG00000007621	0	0	0
ENSONIG00000007623	3	0	18
ENSONIG00000007624	0	0	0
ENSONIG00000007625	1	0	7
ENSONIG00000007627	0	0	19
ENSONIG00000007628	1	0	17
ENSONIG00000007629	6	1	2
ENSONIG00000007632	0	0	0
ENSONIG00000007633	0	0	0
ENSONIG00000007634	0	0	5
ENSONIG00000007635	0	1	1
ENSONIG00000007636	0	0	5
ENSONIG00000007639	74	22	40
ENSONIG00000007640	2	0	4
ENSONIG00000007641	1	0	6
ENSONIG00000007642	1	4	13
ENSONIG00000007643	7	1	9
ENSONIG00000007644	1	6	28
ENSONIG00000007647	0	0	0
ENSONIG00000007648	0	0	2
ENSONIG00000007650	2	0	4
ENSONIG00000007651	7	7	54
ENSONIG00000007652	3	1	6
ENSONIG00000007653	0	0	2
ENSONIG00000007654	0	0	0
ENSONIG00000007656	0	0	0
ENSONIG00000007657	0	0	0
ENSONIG00000007658	5	0	22
ENSONIG00000007659	0	0	1
ENSONIG00000007660	17	0	1
ENSONIG00000007661	0	0	0
ENSONIG00000007662	0	0	0
ENSONIG00000007664	4	2	8
ENSONIG00000007665	2	0	0
ENSONIG00000007666	70	10	17
ENSONIG00000007668	0	0	11
ENSONIG00000007670	1	0	19
ENSONIG00000007673	0	0	2
ENSONIG00000007674	3	0	1
ENSONIG00000007675	5	0	9
ENSONIG00000007676	16	11	45
ENSONIG00000007677	0	1	4
ENSONIG00000007678	5	0	0
ENSONIG00000007679	3	16	630
ENSONIG00000007680	0	0	22
ENSONIG00000007681	1	0	2
ENSONIG00000007682	4	1	22
ENSONIG00000007683	3	1	5
ENSONIG00000007684	23	12	27
ENSONIG00000007685	1	1	10
ENSONIG00000007686	6	1	31
ENSONIG00000007687	139	7	169
ENSONIG00000007688	5	0	1
ENSONIG00000007690	5	0	0
ENSONIG00000007691	1	0	0
ENSONIG00000007692	1	0	3
ENSONIG00000007693	0	0	0
ENSONIG00000007694	78	9	9
ENSONIG00000007695	2	0	9
ENSONIG00000007696	0	0	3
ENSONIG00000007697	3	0	20
ENSONIG00000007698	3	2	0
ENSONIG00000007700	2	5	19
ENSONIG00000007701	1	1	0
ENSONIG00000007702	0	0	0
ENSONIG00000007703	0	0	0
ENSONIG00000007704	2	1	28
ENSONIG00000007705	6	1	27
ENSONIG00000007706	0	0	0
ENSONIG00000007707	0	0	0
ENSONIG00000007708	0	0	0
ENSONIG00000007710	1	0	6
ENSONIG00000007711	1	2	2
ENSONIG00000007712	7	3	30
ENSONIG00000007713	20	0	9
ENSONIG00000007714	1	0	13
ENSONIG00000007715	37	0	9
ENSONIG00000007716	9	13	342
ENSONIG00000007717	2	13	6
ENSONIG00000007718	415	115	224
ENSONIG00000007719	0	0	0
ENSONIG00000007720	29	9	100
ENSONIG00000007721	5	0	6
ENSONIG00000007722	6	0	3
ENSONIG00000007724	7	1	18
ENSONIG00000007725	127	58	70
ENSONIG00000007727	0	0	0
ENSONIG00000007728	0	3	21
ENSONIG00000007729	1	0	19
ENSONIG00000007730	0	0	9
ENSONIG00000007731	1	0	7
ENSONIG00000007732	5	0	5
ENSONIG00000007733	7	1	11
ENSONIG00000007734	2	0	24
ENSONIG00000007735	2	1	39
ENSONIG00000007737	2	1	39
ENSONIG00000007738	0	0	2
ENSONIG00000007739	5	0	21
ENSONIG00000007741	2	2	17
ENSONIG00000007742	0	0	0
ENSONIG00000007743	0	0	10
ENSONIG00000007745	0	1	47
ENSONIG00000007747	7	6	74
ENSONIG00000007748	11	8	84
ENSONIG00000007749	1	0	0
ENSONIG00000007750	5	1	11
ENSONIG00000007751	1	1	7
ENSONIG00000007752	0	0	0
ENSONIG00000007753	1	0	14
ENSONIG00000007754	0	1	0
ENSONIG00000007755	0	0	4
ENSONIG00000007756	1	0	5
ENSONIG00000007757	4	0	5
ENSONIG00000007759	417	177	227
ENSONIG00000007761	2	3	62
ENSONIG00000007762	0	0	2
ENSONIG00000007763	4	1	2
ENSONIG00000007764	4	1	12
ENSONIG00000007765	9	4	144
ENSONIG00000007769	0	0	37
ENSONIG00000007771	4	1	20
ENSONIG00000007772	1	3	23
ENSONIG00000007773	0	0	0
ENSONIG00000007775	0	0	0
ENSONIG00000007777	6	4	24
ENSONIG00000007778	1	0	9
ENSONIG00000007779	0	0	4
ENSONIG00000007780	130	55	51
ENSONIG00000007781	2	3	4
ENSONIG00000007782	0	0	5
ENSONIG00000007784	0	2	7
ENSONIG00000007785	0	0	9
ENSONIG00000007787	0	0	0
ENSONIG00000007788	20	0	27
ENSONIG00000007789	59	0	22
ENSONIG00000007790	0	0	7
ENSONIG00000007791	0	0	0
ENSONIG00000007792	3	0	3
ENSONIG00000007793	0	0	0
ENSONIG00000007794	0	0	0
ENSONIG00000007795	0	0	14
ENSONIG00000007797	0	0	21
ENSONIG00000007798	0	0	0
ENSONIG00000007799	11	2	26
ENSONIG00000007801	3	2	4
ENSONIG00000007802	0	0	0
ENSONIG00000007803	1	0	0
ENSONIG00000007805	1	3	17
ENSONIG00000007806	0	0	0
ENSONIG00000007807	0	0	3
ENSONIG00000007808	15	5	124
ENSONIG00000007812	0	0	1
ENSONIG00000007813	1	0	8
ENSONIG00000007815	0	1	1
ENSONIG00000007816	10	4	61
ENSONIG00000007817	0	0	0
ENSONIG00000007818	0	0	2
ENSONIG00000007819	0	0	3
ENSONIG00000007820	8	1	57
ENSONIG00000007821	0	0	0
ENSONIG00000007823	1	0	4
ENSONIG00000007824	13	11	197
ENSONIG00000007826	3	3	90
ENSONIG00000007827	0	0	0
ENSONIG00000007828	7	14	372
ENSONIG00000007830	0	0	0
ENSONIG00000007831	0	0	1
ENSONIG00000007833	3	0	32
ENSONIG00000007836	0	0	0
ENSONIG00000007837	0	0	0
ENSONIG00000007838	7	0	1
ENSONIG00000007839	0	0	0
ENSONIG00000007840	0	0	0
ENSONIG00000007841	0	0	2
ENSONIG00000007842	0	0	1
ENSONIG00000007843	0	1	37
ENSONIG00000007844	0	0	19
ENSONIG00000007845	0	0	0
ENSONIG00000007847	3	0	15
ENSONIG00000007849	4	1	18
ENSONIG00000007851	0	0	0
ENSONIG00000007852	0	0	0
ENSONIG00000007853	1	0	6
ENSONIG00000007854	0	0	0
ENSONIG00000007855	12	1	19
ENSONIG00000007856	0	0	0
ENSONIG00000007857	0	0	1
ENSONIG00000007858	0	0	0
ENSONIG00000007859	5	1	7
ENSONIG00000007860	1	1	1
ENSONIG00000007861	4	0	3
ENSONIG00000007862	3	0	43
ENSONIG00000007863	22	2	8
ENSONIG00000007864	57	3	14
ENSONIG00000007868	0	0	0
ENSONIG00000007869	1	4	0
ENSONIG00000007871	3	1	27
ENSONIG00000007874	0	0	0
ENSONIG00000007875	0	0	5
ENSONIG00000007876	4	3	11
ENSONIG00000007879	0	1	7
ENSONIG00000007880	0	0	0
ENSONIG00000007881	3	3	0
ENSONIG00000007884	11	17	481
ENSONIG00000007887	68	13	74
ENSONIG00000007888	0	1	5
ENSONIG00000007889	0	0	1
ENSONIG00000007890	0	0	0
ENSONIG00000007893	0	21	269
ENSONIG00000007895	5	0	3
ENSONIG00000007896	0	0	0
ENSONIG00000007897	0	0	0
ENSONIG00000007898	0	0	0
ENSONIG00000007899	3	0	14
ENSONIG00000007900	0	0	2
ENSONIG00000007901	1	0	3
ENSONIG00000007902	11	3	1
ENSONIG00000007906	0	0	18
ENSONIG00000007910	18	6	104
ENSONIG00000007916	0	0	0
ENSONIG00000007917	0	1	5
ENSONIG00000007918	0	0	0
ENSONIG00000007920	1	10	17
ENSONIG00000007921	17	7	18
ENSONIG00000007923	0	0	0
ENSONIG00000007924	0	2	12
ENSONIG00000007925	0	0	0
ENSONIG00000007927	3	4	6
ENSONIG00000007933	4	1	25
ENSONIG00000007935	0	0	5
ENSONIG00000007936	0	0	0
ENSONIG00000007937	3	0	6
ENSONIG00000007939	17	7	15
ENSONIG00000007941	15	1	6
ENSONIG00000007942	0	0	14
ENSONIG00000007943	0	0	0
ENSONIG00000007944	63	106	7412
ENSONIG00000007945	1	0	7
ENSONIG00000007948	0	0	3
ENSONIG00000007949	2	0	19
ENSONIG00000007950	2	0	14
ENSONIG00000007951	19	4	9
ENSONIG00000007952	0	0	0
ENSONIG00000007955	0	0	4
ENSONIG00000007956	1	1	17
ENSONIG00000007957	0	0	1
ENSONIG00000007958	0	0	0
ENSONIG00000007959	5	0	22
ENSONIG00000007961	0	1	3
ENSONIG00000007962	0	3	11
ENSONIG00000007963	4	1	2
ENSONIG00000007964	3	6	13
ENSONIG00000007965	0	0	4
ENSONIG00000007966	9	0	28
ENSONIG00000007967	9	3	8
ENSONIG00000007968	1	2	2
ENSONIG00000007969	2	0	5
ENSONIG00000007971	0	0	0
ENSONIG00000007974	1	2	28
ENSONIG00000007976	1	0	65
ENSONIG00000007977	0	0	8
ENSONIG00000007980	0	0	0
ENSONIG00000007981	0	0	0
ENSONIG00000007983	0	2	17
ENSONIG00000007984	1	0	3
ENSONIG00000007985	2	6	126
ENSONIG00000007986	2	2	54
ENSONIG00000007987	1	1	10
ENSONIG00000007988	6	5	71
ENSONIG00000007990	0	1	53
ENSONIG00000007991	4	0	0
ENSONIG00000007992	1	0	4
ENSONIG00000007993	0	0	6
ENSONIG00000007994	0	0	0
ENSONIG00000007996	1	0	32
ENSONIG00000007997	1	0	0
ENSONIG00000007998	0	0	21
ENSONIG00000008000	0	0	1
ENSONIG00000008002	0	0	0
ENSONIG00000008003	0	0	0
ENSONIG00000008004	7	7	69
ENSONIG00000008007	0	0	0
ENSONIG00000008008	1	3	10
ENSONIG00000008011	24	4	52
ENSONIG00000008014	2	0	20
ENSONIG00000008016	7	3	72
ENSONIG00000008017	0	0	0
ENSONIG00000008018	0	0	0
ENSONIG00000008019	0	0	1
ENSONIG00000008020	0	2	7
ENSONIG00000008021	4	8	224
ENSONIG00000008022	0	0	0
ENSONIG00000008025	1	9	1
ENSONIG00000008026	0	0	0
ENSONIG00000008029	11	10	37
ENSONIG00000008031	5	11	51
ENSONIG00000008036	6	1	26
ENSONIG00000008037	0	0	1
ENSONIG00000008038	32	37	39
ENSONIG00000008040	1	0	0
ENSONIG00000008041	0	3	49
ENSONIG00000008042	16	15	133
ENSONIG00000008043	0	0	4
ENSONIG00000008044	0	1	12
ENSONIG00000008046	4	18	69
ENSONIG00000008049	0	0	0
ENSONIG00000008050	2	0	16
ENSONIG00000008051	0	1	3
ENSONIG00000008052	3	0	1
ENSONIG00000008053	6	2	15
ENSONIG00000008054	3	0	4
ENSONIG00000008058	0	2	3
ENSONIG00000008059	0	0	3
ENSONIG00000008060	42	23	198
ENSONIG00000008061	0	0	27
ENSONIG00000008062	14	4	29
ENSONIG00000008063	0	0	12
ENSONIG00000008064	3	0	18
ENSONIG00000008066	18	20	75
ENSONIG00000008067	0	4	11
ENSONIG00000008068	3	0	7
ENSONIG00000008069	4	0	0
ENSONIG00000008070	10	9	26
ENSONIG00000008071	3	0	20
ENSONIG00000008072	6	2	6
ENSONIG00000008073	45	5	31
ENSONIG00000008074	0	0	0
ENSONIG00000008075	5	0	60
ENSONIG00000008077	0	0	4
ENSONIG00000008079	0	0	0
ENSONIG00000008080	41	5	18
ENSONIG00000008081	2	0	26
ENSONIG00000008083	0	0	0
ENSONIG00000008084	0	0	0
ENSONIG00000008086	5	0	1
ENSONIG00000008087	0	4	144
ENSONIG00000008088	0	1	9
ENSONIG00000008089	0	0	0
ENSONIG00000008092	0	0	1
ENSONIG00000008095	0	0	0
ENSONIG00000008096	0	0	0
ENSONIG00000008097	0	0	2
ENSONIG00000008098	0	0	0
ENSONIG00000008099	0	0	0
ENSONIG00000008102	1	1	9
ENSONIG00000008103	36	5	76
ENSONIG00000008106	125	12	32
ENSONIG00000008107	2	3	93
ENSONIG00000008108	2	5	13
ENSONIG00000008109	0	0	2
ENSONIG00000008110	1	0	54
ENSONIG00000008111	70	20	40
ENSONIG00000008112	3	0	37
ENSONIG00000008113	14	2	28
ENSONIG00000008114	10	5	89
ENSONIG00000008115	0	0	1
ENSONIG00000008118	1	2	10
ENSONIG00000008121	5	6	385
ENSONIG00000008124	0	1	15
ENSONIG00000008125	1	0	7
ENSONIG00000008126	1	0	51
ENSONIG00000008127	0	0	3
ENSONIG00000008128	17	56	1099
ENSONIG00000008129	1	0	8
ENSONIG00000008130	14	0	12
ENSONIG00000008131	2	0	1
ENSONIG00000008132	1	2	12
ENSONIG00000008133	3	1	11
ENSONIG00000008135	3	0	9
ENSONIG00000008136	0	0	0
ENSONIG00000008137	0	0	0
ENSONIG00000008138	12	4	148
ENSONIG00000008139	8	0	0
ENSONIG00000008140	0	0	0
ENSONIG00000008141	0	0	5
ENSONIG00000008144	0	1	36
ENSONIG00000008146	6	4	28
ENSONIG00000008147	0	0	0
ENSONIG00000008148	0	0	0
ENSONIG00000008149	0	0	0
ENSONIG00000008151	2	0	6
ENSONIG00000008152	0	1	6
ENSONIG00000008153	15	4	159
ENSONIG00000008155	0	0	0
ENSONIG00000008156	0	0	0
ENSONIG00000008157	0	1	11
ENSONIG00000008158	1	0	1
ENSONIG00000008160	1	1	3
ENSONIG00000008163	25	67	5071
ENSONIG00000008165	0	0	10
ENSONIG00000008167	0	0	0
ENSONIG00000008169	0	0	0
ENSONIG00000008170	0	0	9
ENSONIG00000008172	23	14	44
ENSONIG00000008175	1	0	4
ENSONIG00000008176	3	2	22
ENSONIG00000008177	0	0	11
ENSONIG00000008178	4	1	3
ENSONIG00000008179	3	0	0
ENSONIG00000008183	22	2	13
ENSONIG00000008184	723	14	103
ENSONIG00000008186	184	7	6
ENSONIG00000008187	6	5	79
ENSONIG00000008189	8	1	1
ENSONIG00000008191	2	0	4
ENSONIG00000008193	0	0	0
ENSONIG00000008194	1	2	20
ENSONIG00000008195	0	0	0
ENSONIG00000008196	8	6	68
ENSONIG00000008197	4	2	43
ENSONIG00000008200	0	0	0
ENSONIG00000008201	0	1	11
ENSONIG00000008202	3	0	6
ENSONIG00000008203	13	0	0
ENSONIG00000008205	8	0	0
ENSONIG00000008206	8	4	72
ENSONIG00000008208	5	5	173
ENSONIG00000008209	13	8	151
ENSONIG00000008210	0	0	12
ENSONIG00000008211	0	0	4
ENSONIG00000008212	7	1	10
ENSONIG00000008213	7	7	208
ENSONIG00000008214	0	0	1
ENSONIG00000008215	4	0	38
ENSONIG00000008216	0	3	177
ENSONIG00000008217	14	20	88
ENSONIG00000008218	2	2	40
ENSONIG00000008219	127	28	131
ENSONIG00000008220	6	0	12
ENSONIG00000008221	0	0	6
ENSONIG00000008222	2	3	24
ENSONIG00000008223	10	30	65
ENSONIG00000008224	0	0	35
ENSONIG00000008225	11	14	73
ENSONIG00000008226	2	1	15
ENSONIG00000008227	0	0	7
ENSONIG00000008228	0	2	27
ENSONIG00000008229	0	0	0
ENSONIG00000008230	0	0	0
ENSONIG00000008231	4	1	83
ENSONIG00000008233	0	0	18
ENSONIG00000008234	4	0	2
ENSONIG00000008235	2	1	9
ENSONIG00000008236	1	0	14
ENSONIG00000008238	12	15	861
ENSONIG00000008239	0	0	0
ENSONIG00000008240	3	0	41
ENSONIG00000008241	4	0	8
ENSONIG00000008242	0	0	0
ENSONIG00000008244	0	0	2
ENSONIG00000008245	3	0	0
ENSONIG00000008247	0	0	1
ENSONIG00000008249	0	1	5
ENSONIG00000008251	16	1	26
ENSONIG00000008252	13	2	39
ENSONIG00000008253	1	0	1
ENSONIG00000008254	0	0	2
ENSONIG00000008255	2	0	10
ENSONIG00000008256	0	0	0
ENSONIG00000008258	0	0	1
ENSONIG00000008259	0	0	10
ENSONIG00000008260	8	1	23
ENSONIG00000008261	9	0	0
ENSONIG00000008262	1	0	0
ENSONIG00000008263	1	0	28
ENSONIG00000008264	2	1	0
ENSONIG00000008265	0	0	42
ENSONIG00000008266	0	0	22
ENSONIG00000008268	0	0	0
ENSONIG00000008270	0	0	1
ENSONIG00000008272	0	0	0
ENSONIG00000008274	0	0	0
ENSONIG00000008275	0	0	0
ENSONIG00000008276	0	0	1
ENSONIG00000008278	5	4	28
ENSONIG00000008279	0	0	0
ENSONIG00000008281	1	5	32
ENSONIG00000008282	2	0	11
ENSONIG00000008283	8	3	66
ENSONIG00000008284	0	0	0
ENSONIG00000008285	6	8	101
ENSONIG00000008286	0	0	1
ENSONIG00000008288	0	0	0
ENSONIG00000008289	0	0	1
ENSONIG00000008290	2	0	2
ENSONIG00000008291	0	0	0
ENSONIG00000008292	0	0	3
ENSONIG00000008297	0	0	1
ENSONIG00000008298	12	0	1
ENSONIG00000008299	102	19	236
ENSONIG00000008300	1	0	3
ENSONIG00000008301	0	0	9
ENSONIG00000008302	0	1	13
ENSONIG00000008303	3948	67	145
ENSONIG00000008304	0	0	1
ENSONIG00000008305	3	2	25
ENSONIG00000008307	0	0	0
ENSONIG00000008310	4	0	46
ENSONIG00000008311	427	49	52
ENSONIG00000008312	0	1	10
ENSONIG00000008313	6	0	0
ENSONIG00000008314	0	0	26
ENSONIG00000008315	0	1	4
ENSONIG00000008316	5	0	30
ENSONIG00000008317	1	2	0
ENSONIG00000008319	1	0	0
ENSONIG00000008320	0	1	4
ENSONIG00000008321	0	0	1
ENSONIG00000008322	0	0	8
ENSONIG00000008325	1	0	40
ENSONIG00000008326	0	0	0
ENSONIG00000008328	9	6	49
ENSONIG00000008329	0	0	0
ENSONIG00000008330	1	4	50
ENSONIG00000008332	0	5	32
ENSONIG00000008334	2	2	36
ENSONIG00000008335	0	0	272
ENSONIG00000008337	1	0	4
ENSONIG00000008338	0	0	0
ENSONIG00000008340	1	0	2
ENSONIG00000008341	3	0	9
ENSONIG00000008342	5	1	39
ENSONIG00000008343	0	0	0
ENSONIG00000008345	0	0	0
ENSONIG00000008346	5	0	2
ENSONIG00000008347	2	4	55
ENSONIG00000008348	6	0	8
ENSONIG00000008349	0	5	61
ENSONIG00000008352	0	0	3
ENSONIG00000008354	0	0	2
ENSONIG00000008355	9	6	118
ENSONIG00000008356	2	0	0
ENSONIG00000008357	2	0	0
ENSONIG00000008359	0	0	0
ENSONIG00000008361	4	7	50
ENSONIG00000008362	48	112	94
ENSONIG00000008363	4	5	7
ENSONIG00000008364	3	0	4
ENSONIG00000008365	0	0	1
ENSONIG00000008367	3	1	8
ENSONIG00000008368	3	5	139
ENSONIG00000008369	4	0	8
ENSONIG00000008370	12	1	19
ENSONIG00000008372	25	11	47
ENSONIG00000008373	1	1	34
ENSONIG00000008374	1	0	3
ENSONIG00000008375	16	2	26
ENSONIG00000008376	0	0	9
ENSONIG00000008377	46	270	718
ENSONIG00000008378	3	1	8
ENSONIG00000008379	0	0	6
ENSONIG00000008380	0	0	2
ENSONIG00000008381	2	0	3
ENSONIG00000008382	0	0	1
ENSONIG00000008383	0	3	10
ENSONIG00000008384	0	1	0
ENSONIG00000008385	0	0	8
ENSONIG00000008386	3	0	9
ENSONIG00000008387	11	3	7
ENSONIG00000008388	0	1	4
ENSONIG00000008389	2	0	32
ENSONIG00000008390	0	2	0
ENSONIG00000008393	14	0	3
ENSONIG00000008395	1	1	13
ENSONIG00000008397	20	2	62
ENSONIG00000008398	7	1	71
ENSONIG00000008399	1	1	18
ENSONIG00000008400	3	3	53
ENSONIG00000008401	7	3	11
ENSONIG00000008402	2	2	7
ENSONIG00000008403	0	3	45
ENSONIG00000008404	0	0	6
ENSONIG00000008405	1	0	0
ENSONIG00000008406	0	0	0
ENSONIG00000008408	2	0	3
ENSONIG00000008409	71	27	131
ENSONIG00000008410	5	1	9
ENSONIG00000008411	0	0	0
ENSONIG00000008412	3	9	61
ENSONIG00000008413	0	0	101
ENSONIG00000008414	1	0	11
ENSONIG00000008415	1	1	1
ENSONIG00000008417	1	3	72
ENSONIG00000008418	0	0	1
ENSONIG00000008419	0	0	1
ENSONIG00000008420	0	0	2
ENSONIG00000008422	0	0	0
ENSONIG00000008424	0	0	14
ENSONIG00000008425	0	0	4
ENSONIG00000008426	3	0	7
ENSONIG00000008427	0	0	1
ENSONIG00000008429	0	0	50
ENSONIG00000008430	7	18	31
ENSONIG00000008431	0	3	2
ENSONIG00000008432	5	4	1
ENSONIG00000008434	3	0	5
ENSONIG00000008435	0	3	63
ENSONIG00000008436	3	1	0
ENSONIG00000008437	348	5	18
ENSONIG00000008438	39	18	87
ENSONIG00000008439	6	0	0
ENSONIG00000008440	72	62	126
ENSONIG00000008441	2	0	6
ENSONIG00000008444	2	1	18
ENSONIG00000008445	4	2	7
ENSONIG00000008446	2	0	19
ENSONIG00000008447	1	1	5
ENSONIG00000008448	5	4	24
ENSONIG00000008449	9	1	268
ENSONIG00000008451	4	3	24
ENSONIG00000008454	7	0	17
ENSONIG00000008455	3	0	1
ENSONIG00000008457	0	8	42
ENSONIG00000008458	2	2	36
ENSONIG00000008459	0	0	6
ENSONIG00000008460	7	1	19
ENSONIG00000008461	17	23	348
ENSONIG00000008462	3	1	23
ENSONIG00000008463	2	0	0
ENSONIG00000008464	2	4	88
ENSONIG00000008465	4	1	43
ENSONIG00000008466	0	0	2
ENSONIG00000008467	4	0	0
ENSONIG00000008468	16	5	18
ENSONIG00000008469	0	1	19
ENSONIG00000008472	0	0	0
ENSONIG00000008473	6	0	13
ENSONIG00000008474	3	3	45
ENSONIG00000008476	2	4	43
ENSONIG00000008477	0	0	0
ENSONIG00000008478	0	0	0
ENSONIG00000008479	4	2	35
ENSONIG00000008482	0	0	4
ENSONIG00000008483	2	1	22
ENSONIG00000008484	0	0	5
ENSONIG00000008486	1	5	46
ENSONIG00000008487	1	1	34
ENSONIG00000008488	0	0	0
ENSONIG00000008490	0	0	0
ENSONIG00000008491	1	1	26
ENSONIG00000008493	6	2	44
ENSONIG00000008494	0	0	2
ENSONIG00000008496	0	0	0
ENSONIG00000008498	5	4	93
ENSONIG00000008499	0	0	9
ENSONIG00000008500	1	4	13
ENSONIG00000008501	3	2	24
ENSONIG00000008502	7	3	74
ENSONIG00000008504	3	1	24
ENSONIG00000008506	177	68	28
ENSONIG00000008507	3	0	14
ENSONIG00000008508	3	2	1
ENSONIG00000008509	24	16	76
ENSONIG00000008512	0	1	6
ENSONIG00000008513	0	37	48
ENSONIG00000008514	0	0	11
ENSONIG00000008515	2	0	22
ENSONIG00000008518	4	2	20
ENSONIG00000008519	0	0	0
ENSONIG00000008520	2	0	13
ENSONIG00000008521	0	0	0
ENSONIG00000008522	0	1	68
ENSONIG00000008523	5	6	100
ENSONIG00000008524	2	0	0
ENSONIG00000008525	2	1	7
ENSONIG00000008526	4	3	132
ENSONIG00000008527	1	0	20
ENSONIG00000008528	1	3	55
ENSONIG00000008529	0	1	18
ENSONIG00000008530	0	0	0
ENSONIG00000008531	0	4	49
ENSONIG00000008534	2	5	12
ENSONIG00000008535	3	2	29
ENSONIG00000008536	0	0	13
ENSONIG00000008537	1	1	7
ENSONIG00000008539	0	0	0
ENSONIG00000008540	1	3	13
ENSONIG00000008541	0	0	7
ENSONIG00000008542	8	2	167
ENSONIG00000008543	50	0	3
ENSONIG00000008544	3	1	21
ENSONIG00000008545	7	0	1
ENSONIG00000008546	6	353	35
ENSONIG00000008547	1	0	0
ENSONIG00000008548	1	0	12
ENSONIG00000008549	6	2	8
ENSONIG00000008550	1	0	0
ENSONIG00000008551	2	1	10
ENSONIG00000008553	2	3	42
ENSONIG00000008555	49	7	105
ENSONIG00000008556	0	2	1
ENSONIG00000008557	1	0	2
ENSONIG00000008558	5	9	42
ENSONIG00000008559	2	0	5
ENSONIG00000008560	1	0	8
ENSONIG00000008561	4	21	146
ENSONIG00000008566	1	0	9
ENSONIG00000008567	0	0	0
ENSONIG00000008569	3	3	129
ENSONIG00000008570	612	13	554
ENSONIG00000008571	0	0	12
ENSONIG00000008572	0	0	7
ENSONIG00000008574	0	0	0
ENSONIG00000008575	0	0	3
ENSONIG00000008577	0	0	0
ENSONIG00000008578	2	0	3
ENSONIG00000008579	1	1	15
ENSONIG00000008580	0	0	6
ENSONIG00000008581	0	8	32
ENSONIG00000008582	0	2	2
ENSONIG00000008583	15	0	0
ENSONIG00000008585	0	0	0
ENSONIG00000008586	0	0	1
ENSONIG00000008588	0	0	0
ENSONIG00000008589	0	0	0
ENSONIG00000008590	28	0	0
ENSONIG00000008591	0	0	2
ENSONIG00000008592	10	0	0
ENSONIG00000008593	0	0	5
ENSONIG00000008595	13	7	44
ENSONIG00000008598	1	0	0
ENSONIG00000008599	24	88	174
ENSONIG00000008600	2	0	40
ENSONIG00000008601	0	3	43
ENSONIG00000008602	1	1	19
ENSONIG00000008603	0	0	9
ENSONIG00000008604	96	29	174
ENSONIG00000008605	0	0	0
ENSONIG00000008606	0	0	7
ENSONIG00000008607	8	1	54
ENSONIG00000008608	8	5	142
ENSONIG00000008609	1	0	1
ENSONIG00000008610	0	0	0
ENSONIG00000008612	0	0	0
ENSONIG00000008614	0	0	0
ENSONIG00000008615	0	0	18
ENSONIG00000008618	0	0	0
ENSONIG00000008619	0	0	0
ENSONIG00000008620	2	0	8
ENSONIG00000008621	0	0	7
ENSONIG00000008622	0	0	0
ENSONIG00000008623	8	1	3
ENSONIG00000008624	0	1	10
ENSONIG00000008625	13	3	126
ENSONIG00000008626	3	1	20
ENSONIG00000008627	0	1	46
ENSONIG00000008628	16	16	164
ENSONIG00000008629	0	0	8
ENSONIG00000008630	0	0	6
ENSONIG00000008631	0	0	17
ENSONIG00000008632	4	2	49
ENSONIG00000008633	4	1	13
ENSONIG00000008634	1	1	6
ENSONIG00000008635	0	0	3
ENSONIG00000008636	0	0	1
ENSONIG00000008638	5	0	44
ENSONIG00000008642	0	0	1
ENSONIG00000008643	75	1	117
ENSONIG00000008644	15	18	53
ENSONIG00000008645	92	85	93
ENSONIG00000008646	0	0	2
ENSONIG00000008647	0	2	11
ENSONIG00000008648	0	2	18
ENSONIG00000008649	1	2	17
ENSONIG00000008650	5	0	7
ENSONIG00000008651	7	4	71
ENSONIG00000008652	8	2	63
ENSONIG00000008655	8	3	75
ENSONIG00000008656	0	0	8
ENSONIG00000008657	0	0	0
ENSONIG00000008659	0	0	2
ENSONIG00000008662	0	0	0
ENSONIG00000008663	0	0	61
ENSONIG00000008664	0	0	0
ENSONIG00000008665	0	0	0
ENSONIG00000008666	2	1	20
ENSONIG00000008668	14	2	10
ENSONIG00000008670	0	0	0
ENSONIG00000008671	0	0	5
ENSONIG00000008672	9	1	36
ENSONIG00000008673	2	3	1
ENSONIG00000008674	0	3	6
ENSONIG00000008675	3	0	38
ENSONIG00000008676	3	2	25
ENSONIG00000008678	0	1	5
ENSONIG00000008680	0	0	2
ENSONIG00000008681	0	0	3
ENSONIG00000008683	1	0	5
ENSONIG00000008684	0	0	7
ENSONIG00000008685	0	0	0
ENSONIG00000008686	13	13	3
ENSONIG00000008687	4	1	19
ENSONIG00000008688	8	1	12
ENSONIG00000008690	4	0	3
ENSONIG00000008691	6	9	53
ENSONIG00000008692	3	3	2
ENSONIG00000008693	12	9	85
ENSONIG00000008694	2	0	31
ENSONIG00000008695	2	0	5
ENSONIG00000008697	3	3	63
ENSONIG00000008698	3	0	0
ENSONIG00000008699	15	12	141
ENSONIG00000008700	1	1	54
ENSONIG00000008703	2	0	6
ENSONIG00000008704	0	0	1
ENSONIG00000008705	0	0	2
ENSONIG00000008706	4	0	13
ENSONIG00000008707	2	1	11
ENSONIG00000008708	2	0	12
ENSONIG00000008709	3	0	0
ENSONIG00000008710	2	2	42
ENSONIG00000008711	0	0	8
ENSONIG00000008712	1	1	17
ENSONIG00000008713	0	0	0
ENSONIG00000008714	0	0	0
ENSONIG00000008715	0	0	1
ENSONIG00000008716	0	0	21
ENSONIG00000008717	1	0	3
ENSONIG00000008718	1	1	2
ENSONIG00000008720	0	0	8
ENSONIG00000008721	1	0	0
ENSONIG00000008724	0	0	2
ENSONIG00000008725	0	0	0
ENSONIG00000008726	0	0	28
ENSONIG00000008727	0	0	0
ENSONIG00000008728	9	0	0
ENSONIG00000008729	1	1	16
ENSONIG00000008730	9	8	9
ENSONIG00000008731	0	0	4
ENSONIG00000008732	2	0	0
ENSONIG00000008733	37	16	35
ENSONIG00000008735	0	0	0
ENSONIG00000008736	5	3	15
ENSONIG00000008737	0	0	0
ENSONIG00000008739	8	7	43
ENSONIG00000008740	3	3	62
ENSONIG00000008742	0	4	66
ENSONIG00000008743	0	0	1
ENSONIG00000008744	0	1	13
ENSONIG00000008745	2	0	10
ENSONIG00000008746	0	0	5
ENSONIG00000008747	1	0	11
ENSONIG00000008749	3	0	0
ENSONIG00000008750	16	9	358
ENSONIG00000008751	28	24	24
ENSONIG00000008752	7	0	3
ENSONIG00000008753	5	2	19
ENSONIG00000008754	7	1	3
ENSONIG00000008755	3	1	6
ENSONIG00000008756	0	0	0
ENSONIG00000008757	0	0	1
ENSONIG00000008759	0	0	4
ENSONIG00000008760	2	0	24
ENSONIG00000008761	0	0	0
ENSONIG00000008762	89	0	3
ENSONIG00000008763	7	1	45
ENSONIG00000008765	0	0	0
ENSONIG00000008766	0	0	6
ENSONIG00000008767	0	0	0
ENSONIG00000008769	0	0	0
ENSONIG00000008770	0	5	150
ENSONIG00000008771	3	11	39
ENSONIG00000008773	0	1	19
ENSONIG00000008774	1	0	19
ENSONIG00000008776	6	1	30
ENSONIG00000008778	0	0	1
ENSONIG00000008779	7	0	17
ENSONIG00000008780	0	2	5
ENSONIG00000008781	1	1	31
ENSONIG00000008782	1	0	0
ENSONIG00000008785	19	17	76
ENSONIG00000008787	0	0	1
ENSONIG00000008788	0	0	3
ENSONIG00000008789	11	0	1
ENSONIG00000008791	0	0	14
ENSONIG00000008792	1	0	29
ENSONIG00000008794	13	0	13
ENSONIG00000008795	0	0	0
ENSONIG00000008796	1	5	6
ENSONIG00000008797	6	3	14
ENSONIG00000008798	3	0	5
ENSONIG00000008800	7	5	130
ENSONIG00000008801	0	0	4
ENSONIG00000008802	1	0	1
ENSONIG00000008803	84	30	594
ENSONIG00000008804	2	0	23
ENSONIG00000008805	3567	884	1080
ENSONIG00000008806	0	0	0
ENSONIG00000008807	21	11	112
ENSONIG00000008808	1	2	7
ENSONIG00000008809	0	1	3
ENSONIG00000008810	0	0	1
ENSONIG00000008811	4	5	11
ENSONIG00000008812	12	8	85
ENSONIG00000008813	0	0	0
ENSONIG00000008814	0	0	6
ENSONIG00000008815	3	6	13
ENSONIG00000008816	3	0	6
ENSONIG00000008817	0	4	33
ENSONIG00000008818	4	0	41
ENSONIG00000008819	14	4	123
ENSONIG00000008820	1	0	6
ENSONIG00000008821	0	0	0
ENSONIG00000008822	1	0	28
ENSONIG00000008823	0	0	1
ENSONIG00000008824	5	0	42
ENSONIG00000008825	0	0	4
ENSONIG00000008826	2	2	16
ENSONIG00000008827	4	10	15
ENSONIG00000008828	6	9	0
ENSONIG00000008829	0	1	3
ENSONIG00000008830	0	0	5
ENSONIG00000008831	2	2	9
ENSONIG00000008832	3	0	23
ENSONIG00000008833	2	4	23
ENSONIG00000008834	2	2	23
ENSONIG00000008835	0	0	1
ENSONIG00000008836	0	0	4
ENSONIG00000008838	0	0	0
ENSONIG00000008839	0	7	2
ENSONIG00000008840	4	1	13
ENSONIG00000008841	2	0	2
ENSONIG00000008842	1	11	548
ENSONIG00000008843	1	0	15
ENSONIG00000008844	3	2	3
ENSONIG00000008845	13	13	22
ENSONIG00000008846	0	21	212
ENSONIG00000008847	1	0	0
ENSONIG00000008850	0	0	0
ENSONIG00000008851	1	0	0
ENSONIG00000008852	0	0	0
ENSONIG00000008854	1	1	5
ENSONIG00000008855	2	3	20
ENSONIG00000008857	0	0	9
ENSONIG00000008858	0	0	5
ENSONIG00000008859	1	2	92
ENSONIG00000008860	21	212	23
ENSONIG00000008861	3	1	45
ENSONIG00000008862	1	0	0
ENSONIG00000008863	0	0	34
ENSONIG00000008864	6	4	21
ENSONIG00000008865	22	5	37
ENSONIG00000008866	14	6	239
ENSONIG00000008867	0	0	1
ENSONIG00000008868	203	129	240
ENSONIG00000008869	15	0	24
ENSONIG00000008870	0	0	1
ENSONIG00000008871	8	0	6
ENSONIG00000008872	0	0	4
ENSONIG00000008874	0	0	0
ENSONIG00000008875	0	0	1
ENSONIG00000008876	0	0	2
ENSONIG00000008878	2	0	23
ENSONIG00000008880	1	0	4
ENSONIG00000008881	0	2	27
ENSONIG00000008882	26	2	9
ENSONIG00000008884	0	0	10
ENSONIG00000008885	9	0	1
ENSONIG00000008886	7	1	7
ENSONIG00000008887	17	0	1
ENSONIG00000008888	1	1	0
ENSONIG00000008889	0	1	26
ENSONIG00000008890	0	0	1
ENSONIG00000008892	3	0	0
ENSONIG00000008894	0	0	0
ENSONIG00000008895	1	2	1
ENSONIG00000008897	0	0	0
ENSONIG00000008898	0	0	0
ENSONIG00000008899	0	0	0
ENSONIG00000008901	3	7	52
ENSONIG00000008902	3	0	0
ENSONIG00000008903	0	0	6
ENSONIG00000008904	7	47	72
ENSONIG00000008905	26	0	2
ENSONIG00000008906	29	212	30
ENSONIG00000008907	0	1	13
ENSONIG00000008908	0	0	0
ENSONIG00000008909	5	0	0
ENSONIG00000008910	0	0	0
ENSONIG00000008911	0	0	2
ENSONIG00000008912	0	0	0
ENSONIG00000008913	0	0	0
ENSONIG00000008914	3	0	0
ENSONIG00000008917	3	0	3
ENSONIG00000008918	6	9	38
ENSONIG00000008919	0	0	0
ENSONIG00000008920	8	0	0
ENSONIG00000008921	25	51	156
ENSONIG00000008922	0	0	5
ENSONIG00000008924	57	33	79
ENSONIG00000008925	9	3	5
ENSONIG00000008926	2	1	15
ENSONIG00000008927	259	107	138
ENSONIG00000008928	8	0	20
ENSONIG00000008929	7	0	2
ENSONIG00000008930	0	0	4
ENSONIG00000008931	2	0	0
ENSONIG00000008932	0	0	28
ENSONIG00000008933	2	0	0
ENSONIG00000008934	1	3	22
ENSONIG00000008935	2	0	0
ENSONIG00000008936	1	0	0
ENSONIG00000008937	9	0	10
ENSONIG00000008938	0	3	31
ENSONIG00000008939	0	0	10
ENSONIG00000008940	1	1	32
ENSONIG00000008941	0	0	2
ENSONIG00000008942	6	0	1
ENSONIG00000008943	3	0	1
ENSONIG00000008944	4	2	31
ENSONIG00000008945	4	5	48
ENSONIG00000008946	0	0	1
ENSONIG00000008947	0	0	2
ENSONIG00000008949	4	0	30
ENSONIG00000008951	0	0	0
ENSONIG00000008952	0	1	0
ENSONIG00000008954	0	0	12
ENSONIG00000008955	7	1	30
ENSONIG00000008956	1	0	11
ENSONIG00000008957	0	4	34
ENSONIG00000008958	1	0	1
ENSONIG00000008960	1	0	2
ENSONIG00000008961	4	4	49
ENSONIG00000008963	2	3	12
ENSONIG00000008964	0	0	0
ENSONIG00000008965	0	0	11
ENSONIG00000008966	2	1	22
ENSONIG00000008968	0	0	0
ENSONIG00000008969	17	6	32
ENSONIG00000008970	0	0	28
ENSONIG00000008972	1	4	14
ENSONIG00000008973	0	0	8
ENSONIG00000008974	0	0	1
ENSONIG00000008975	21	40	11
ENSONIG00000008976	0	0	0
ENSONIG00000008979	0	0	0
ENSONIG00000008980	5	0	0
ENSONIG00000008981	7	1	1
ENSONIG00000008982	1	2	5
ENSONIG00000008984	0	0	3
ENSONIG00000008985	0	0	0
ENSONIG00000008986	13	0	32
ENSONIG00000008987	0	2	27
ENSONIG00000008988	0	0	11
ENSONIG00000008989	0	0	0
ENSONIG00000008990	0	0	0
ENSONIG00000008991	0	2	21
ENSONIG00000008992	45	71	3702
ENSONIG00000008993	6	4	71
ENSONIG00000008994	4	3	9
ENSONIG00000008995	0	0	0
ENSONIG00000008997	0	0	11
ENSONIG00000008999	3	1	5
ENSONIG00000009000	6	2	59
ENSONIG00000009002	3	1	92
ENSONIG00000009004	6	2	19
ENSONIG00000009006	0	0	15
ENSONIG00000009007	1	0	51
ENSONIG00000009008	0	0	3
ENSONIG00000009009	3	0	4
ENSONIG00000009010	267	598	684
ENSONIG00000009011	0	0	0
ENSONIG00000009012	1	15	13
ENSONIG00000009013	1	1	3
ENSONIG00000009014	1	2	18
ENSONIG00000009015	8	10	29
ENSONIG00000009016	1	0	16
ENSONIG00000009017	0	0	0
ENSONIG00000009018	0	0	7
ENSONIG00000009020	3	5	13
ENSONIG00000009021	0	0	1
ENSONIG00000009022	0	0	0
ENSONIG00000009023	0	0	0
ENSONIG00000009024	6	0	0
ENSONIG00000009025	8	2	43
ENSONIG00000009026	1	0	6
ENSONIG00000009027	4	0	9
ENSONIG00000009028	2	3	13
ENSONIG00000009029	5	0	5
ENSONIG00000009031	1	1	1
ENSONIG00000009034	0	0	2
ENSONIG00000009035	1	0	11
ENSONIG00000009036	2	0	12
ENSONIG00000009037	0	1	42
ENSONIG00000009038	0	0	0
ENSONIG00000009039	0	0	1
ENSONIG00000009040	0	0	0
ENSONIG00000009041	0	0	0
ENSONIG00000009042	0	1	10
ENSONIG00000009043	6	0	15
ENSONIG00000009044	0	0	0
ENSONIG00000009046	1	0	14
ENSONIG00000009047	0	0	0
ENSONIG00000009048	4	0	0
ENSONIG00000009049	0	0	1
ENSONIG00000009050	3	0	1
ENSONIG00000009051	1	2	23
ENSONIG00000009052	2	0	0
ENSONIG00000009053	3	0	9
ENSONIG00000009054	1	0	15
ENSONIG00000009055	3	1	16
ENSONIG00000009056	3	1	24
ENSONIG00000009057	1	1	29
ENSONIG00000009058	2	0	0
ENSONIG00000009061	0	6	21
ENSONIG00000009062	12	1	2
ENSONIG00000009063	22	9	29
ENSONIG00000009065	0	0	11
ENSONIG00000009068	0	0	0
ENSONIG00000009069	0	0	0
ENSONIG00000009075	0	0	23
ENSONIG00000009076	0	1	10
ENSONIG00000009077	4	2	1
ENSONIG00000009078	0	0	2
ENSONIG00000009080	4	0	0
ENSONIG00000009081	5	1	60
ENSONIG00000009082	2	0	13
ENSONIG00000009083	5	2	53
ENSONIG00000009084	3	0	4
ENSONIG00000009085	0	4	18
ENSONIG00000009086	0	0	0
ENSONIG00000009088	0	0	0
ENSONIG00000009093	0	0	2
ENSONIG00000009094	1	0	11
ENSONIG00000009095	2	1	21
ENSONIG00000009096	17	215	99
ENSONIG00000009097	0	0	0
ENSONIG00000009098	1	0	38
ENSONIG00000009099	1	0	12
ENSONIG00000009102	4	1	60
ENSONIG00000009105	0	0	0
ENSONIG00000009106	1	0	5
ENSONIG00000009109	0	0	0
ENSONIG00000009111	7	13	251
ENSONIG00000009112	5	0	5
ENSONIG00000009114	0	1	1
ENSONIG00000009115	0	1	4
ENSONIG00000009117	0	0	0
ENSONIG00000009118	0	0	0
ENSONIG00000009120	0	1	1
ENSONIG00000009121	0	0	0
ENSONIG00000009122	11	18	334
ENSONIG00000009125	0	0	0
ENSONIG00000009126	0	0	0
ENSONIG00000009127	0	0	0
ENSONIG00000009128	0	0	27
ENSONIG00000009129	0	1	41
ENSONIG00000009131	0	2	7
ENSONIG00000009132	0	0	71
ENSONIG00000009133	28	87	2763
ENSONIG00000009134	4	0	28
ENSONIG00000009135	0	5	8
ENSONIG00000009136	5	0	14
ENSONIG00000009137	0	0	42
ENSONIG00000009139	0	0	7
ENSONIG00000009140	8	0	9
ENSONIG00000009141	0	0	0
ENSONIG00000009142	0	0	1
ENSONIG00000009143	0	1	0
ENSONIG00000009144	14	3	84
ENSONIG00000009147	6	2	14
ENSONIG00000009150	0	0	0
ENSONIG00000009152	0	0	1
ENSONIG00000009154	0	0	3
ENSONIG00000009155	12	0	14
ENSONIG00000009157	0	0	0
ENSONIG00000009159	0	1	2
ENSONIG00000009160	1	2	3
ENSONIG00000009161	3	0	0
ENSONIG00000009163	0	0	15
ENSONIG00000009165	0	6	8
ENSONIG00000009166	1	0	3
ENSONIG00000009167	0	0	5
ENSONIG00000009168	143	94	152
ENSONIG00000009169	1	0	4
ENSONIG00000009170	0	0	0
ENSONIG00000009171	7	1	3
ENSONIG00000009172	0	0	0
ENSONIG00000009175	1	0	16
ENSONIG00000009176	2	7	116
ENSONIG00000009177	0	0	0
ENSONIG00000009179	0	0	2
ENSONIG00000009182	12	0	7
ENSONIG00000009183	0	0	0
ENSONIG00000009184	0	4	21
ENSONIG00000009185	13	0	1
ENSONIG00000009186	8	0	3
ENSONIG00000009187	3	0	36
ENSONIG00000009188	0	0	0
ENSONIG00000009189	0	0	1
ENSONIG00000009190	0	0	0
ENSONIG00000009191	0	0	0
ENSONIG00000009192	21	6	166
ENSONIG00000009193	6	2	118
ENSONIG00000009194	0	3	31
ENSONIG00000009196	80	2	40
ENSONIG00000009197	0	0	0
ENSONIG00000009198	0	0	0
ENSONIG00000009200	3	0	3
ENSONIG00000009201	6	1	0
ENSONIG00000009202	0	0	0
ENSONIG00000009203	0	0	10
ENSONIG00000009204	4	1	40
ENSONIG00000009205	1	0	1
ENSONIG00000009206	1	4	76
ENSONIG00000009207	1	6	79
ENSONIG00000009209	5	1	27
ENSONIG00000009210	2	1	7
ENSONIG00000009211	12	7	26
ENSONIG00000009212	0	0	2
ENSONIG00000009213	0	0	0
ENSONIG00000009214	0	0	31
ENSONIG00000009215	1	2	9
ENSONIG00000009217	2	2	8
ENSONIG00000009218	5	2	27
ENSONIG00000009219	5	34	90
ENSONIG00000009220	6	4	26
ENSONIG00000009222	9	4	18
ENSONIG00000009223	0	0	4
ENSONIG00000009224	0	0	3
ENSONIG00000009225	6	5	40
ENSONIG00000009226	0	1	2
ENSONIG00000009227	2	0	4
ENSONIG00000009230	5	2	36
ENSONIG00000009231	21	10	122
ENSONIG00000009232	0	0	0
ENSONIG00000009233	0	0	17
ENSONIG00000009234	2	1	29
ENSONIG00000009235	2	1	1
ENSONIG00000009236	5	1	32
ENSONIG00000009237	3	3	35
ENSONIG00000009239	0	0	0
ENSONIG00000009240	0	0	0
ENSONIG00000009244	0	1	1
ENSONIG00000009245	0	0	0
ENSONIG00000009246	41	32	625
ENSONIG00000009247	4	25	63
ENSONIG00000009248	23	11	155
ENSONIG00000009249	0	0	1
ENSONIG00000009250	2	0	0
ENSONIG00000009251	0	0	10
ENSONIG00000009252	1	0	2
ENSONIG00000009253	7	0	0
ENSONIG00000009254	12	12	172
ENSONIG00000009256	3	1	11
ENSONIG00000009258	0	0	1
ENSONIG00000009259	0	0	0
ENSONIG00000009261	224	55	110
ENSONIG00000009262	0	1	6
ENSONIG00000009264	0	1	0
ENSONIG00000009265	0	0	25
ENSONIG00000009266	4	0	4
ENSONIG00000009269	8	4	153
ENSONIG00000009270	0	1	5
ENSONIG00000009271	0	0	0
ENSONIG00000009272	0	0	1
ENSONIG00000009273	2	0	4
ENSONIG00000009275	11	6	76
ENSONIG00000009276	1	0	0
ENSONIG00000009277	3	0	17
ENSONIG00000009278	0	0	2
ENSONIG00000009279	0	0	3
ENSONIG00000009280	1	2	19
ENSONIG00000009281	2	2	13
ENSONIG00000009282	1	2	31
ENSONIG00000009283	0	0	8
ENSONIG00000009284	0	0	0
ENSONIG00000009285	1	0	0
ENSONIG00000009286	3	0	17
ENSONIG00000009288	0	0	4
ENSONIG00000009289	5	6	52
ENSONIG00000009290	3	0	1
ENSONIG00000009291	4	0	27
ENSONIG00000009292	87	30	450
ENSONIG00000009293	12	0	18
ENSONIG00000009294	5	18	490
ENSONIG00000009295	25	1	0
ENSONIG00000009296	3	0	45
ENSONIG00000009297	1	1	16
ENSONIG00000009298	763	1435	2562
ENSONIG00000009299	0	0	0
ENSONIG00000009302	0	1	0
ENSONIG00000009303	0	0	5
ENSONIG00000009304	0	0	10
ENSONIG00000009305	0	0	1
ENSONIG00000009307	0	0	0
ENSONIG00000009308	1	0	19
ENSONIG00000009309	11	21	352
ENSONIG00000009312	2	2	21
ENSONIG00000009313	0	0	3
ENSONIG00000009314	0	0	0
ENSONIG00000009315	1	0	0
ENSONIG00000009316	0	0	13
ENSONIG00000009317	4	0	5
ENSONIG00000009318	6	7	74
ENSONIG00000009319	1	1	24
ENSONIG00000009320	0	0	0
ENSONIG00000009321	0	1	2
ENSONIG00000009323	0	28	22
ENSONIG00000009325	0	1	11
ENSONIG00000009326	13	0	34
ENSONIG00000009327	1	0	73
ENSONIG00000009328	2	0	7
ENSONIG00000009329	5	1	43
ENSONIG00000009330	0	4	9
ENSONIG00000009331	0	0	0
ENSONIG00000009332	4	1	11
ENSONIG00000009333	4	4	37
ENSONIG00000009334	1	0	5
ENSONIG00000009335	0	2	54
ENSONIG00000009336	6	1	41
ENSONIG00000009337	3	4	16
ENSONIG00000009338	11	19	110
ENSONIG00000009339	1	0	23
ENSONIG00000009341	0	0	1
ENSONIG00000009344	0	7	11
ENSONIG00000009346	11	0	5
ENSONIG00000009349	1	0	12
ENSONIG00000009350	0	0	0
ENSONIG00000009351	5	0	1
ENSONIG00000009352	5	0	0
ENSONIG00000009354	4	3	7
ENSONIG00000009355	0	0	6
ENSONIG00000009356	0	0	0
ENSONIG00000009357	0	2	9
ENSONIG00000009358	1	6	38
ENSONIG00000009361	0	0	0
ENSONIG00000009362	7	9	99
ENSONIG00000009363	0	0	0
ENSONIG00000009364	0	0	1
ENSONIG00000009365	1	1	5
ENSONIG00000009366	0	0	0
ENSONIG00000009367	2	0	8
ENSONIG00000009368	8	3	0
ENSONIG00000009374	10	2	7
ENSONIG00000009377	0	0	6
ENSONIG00000009380	0	2	2
ENSONIG00000009384	0	4	42
ENSONIG00000009386	4	2	56
ENSONIG00000009387	0	0	3
ENSONIG00000009388	9	7	35
ENSONIG00000009389	9	0	34
ENSONIG00000009392	0	0	0
ENSONIG00000009393	1	0	9
ENSONIG00000009394	0	3	6
ENSONIG00000009396	6	3	9
ENSONIG00000009401	7	1	36
ENSONIG00000009402	1	0	30
ENSONIG00000009404	0	0	7
ENSONIG00000009405	0	0	5
ENSONIG00000009406	0	0	0
ENSONIG00000009407	1	1	16
ENSONIG00000009408	0	4	32
ENSONIG00000009411	0	0	0
ENSONIG00000009413	2	1	6
ENSONIG00000009414	3	2	9
ENSONIG00000009415	0	0	0
ENSONIG00000009417	11	4	69
ENSONIG00000009419	0	0	0
ENSONIG00000009422	0	0	0
ENSONIG00000009423	2	1	0
ENSONIG00000009424	0	0	18
ENSONIG00000009426	0	0	0
ENSONIG00000009428	8	7	48
ENSONIG00000009430	0	0	0
ENSONIG00000009431	0	0	0
ENSONIG00000009432	1	3	13
ENSONIG00000009434	0	0	0
ENSONIG00000009435	0	0	0
ENSONIG00000009436	8	3	33
ENSONIG00000009437	0	0	0
ENSONIG00000009438	0	0	0
ENSONIG00000009440	100	72	174
ENSONIG00000009443	4	2	18
ENSONIG00000009444	0	0	2
ENSONIG00000009445	2	1	34
ENSONIG00000009446	10	7	581
ENSONIG00000009447	1	0	0
ENSONIG00000009449	0	0	0
ENSONIG00000009451	3	4	79
ENSONIG00000009452	2	3	20
ENSONIG00000009454	0	0	0
ENSONIG00000009456	3	4	1
ENSONIG00000009457	0	0	2
ENSONIG00000009458	0	0	7
ENSONIG00000009460	0	0	5
ENSONIG00000009462	2	0	3
ENSONIG00000009463	0	0	0
ENSONIG00000009465	6	0	12
ENSONIG00000009466	0	0	2
ENSONIG00000009467	0	0	3
ENSONIG00000009468	8	0	8
ENSONIG00000009469	0	1	0
ENSONIG00000009470	13	2	10
ENSONIG00000009471	0	0	1
ENSONIG00000009473	2	11	30
ENSONIG00000009474	7	4	52
ENSONIG00000009475	49	14	10
ENSONIG00000009476	1	2	1
ENSONIG00000009477	0	0	0
ENSONIG00000009478	103	52	68
ENSONIG00000009479	10	0	8
ENSONIG00000009481	40	27	37
ENSONIG00000009484	2	1	9
ENSONIG00000009485	18	91	73
ENSONIG00000009486	0	0	4
ENSONIG00000009487	0	2	16
ENSONIG00000009488	4	3	6
ENSONIG00000009489	5	2	4
ENSONIG00000009490	87	22	34
ENSONIG00000009491	0	0	5
ENSONIG00000009492	2	0	8
ENSONIG00000009494	8	2	2
ENSONIG00000009495	0	1	8
ENSONIG00000009496	8	3	17
ENSONIG00000009497	0	0	15
ENSONIG00000009499	0	0	6
ENSONIG00000009500	1	0	3
ENSONIG00000009501	0	1	11
ENSONIG00000009502	3	2	37
ENSONIG00000009503	2	0	0
ENSONIG00000009504	0	0	0
ENSONIG00000009505	17	0	21
ENSONIG00000009506	2	0	19
ENSONIG00000009508	0	1	1
ENSONIG00000009509	2	1	5
ENSONIG00000009510	4	11	27
ENSONIG00000009511	2	3	42
ENSONIG00000009512	1	1	23
ENSONIG00000009513	1	0	19
ENSONIG00000009514	0	0	0
ENSONIG00000009515	0	0	0
ENSONIG00000009516	0	0	0
ENSONIG00000009517	1	0	8
ENSONIG00000009518	2	0	2
ENSONIG00000009519	0	1	12
ENSONIG00000009520	0	0	0
ENSONIG00000009522	12	3	19
ENSONIG00000009523	6	0	2
ENSONIG00000009525	0	0	8
ENSONIG00000009526	19	0	37
ENSONIG00000009527	10	0	23
ENSONIG00000009528	3	1	29
ENSONIG00000009529	1	0	1
ENSONIG00000009530	0	1	5
ENSONIG00000009532	90	53	70
ENSONIG00000009534	3	1	41
ENSONIG00000009535	0	31	1
ENSONIG00000009536	3	0	0
ENSONIG00000009537	15	10	62
ENSONIG00000009538	0	0	0
ENSONIG00000009539	9	0	2
ENSONIG00000009541	0	0	0
ENSONIG00000009542	0	5	21
ENSONIG00000009543	3	0	4
ENSONIG00000009545	0	0	11
ENSONIG00000009546	0	0	4
ENSONIG00000009547	0	0	14
ENSONIG00000009548	2	0	0
ENSONIG00000009549	0	1	0
ENSONIG00000009550	0	2	1
ENSONIG00000009551	2	0	20
ENSONIG00000009552	0	1	4
ENSONIG00000009553	0	1	2
ENSONIG00000009555	0	0	0
ENSONIG00000009556	1	1	4
ENSONIG00000009557	10	1	32
ENSONIG00000009559	1	2	37
ENSONIG00000009560	0	0	3
ENSONIG00000009562	2	0	7
ENSONIG00000009564	5	2	34
ENSONIG00000009565	0	0	0
ENSONIG00000009567	250	22	126
ENSONIG00000009568	0	0	0
ENSONIG00000009569	0	0	11
ENSONIG00000009570	0	3	84
ENSONIG00000009571	0	0	1
ENSONIG00000009572	0	2	19
ENSONIG00000009573	1	0	2
ENSONIG00000009574	122	66	87
ENSONIG00000009575	6	2	24
ENSONIG00000009577	0	1	0
ENSONIG00000009578	0	0	3
ENSONIG00000009581	0	0	0
ENSONIG00000009582	5	132	1747
ENSONIG00000009583	0	0	14
ENSONIG00000009585	7	2	53
ENSONIG00000009587	0	1	17
ENSONIG00000009588	0	2	11
ENSONIG00000009589	0	0	0
ENSONIG00000009590	1	2	20
ENSONIG00000009591	8	5	93
ENSONIG00000009592	0	0	7
ENSONIG00000009594	58	1	17
ENSONIG00000009596	6	9	108
ENSONIG00000009597	4	0	21
ENSONIG00000009599	2	0	21
ENSONIG00000009600	0	0	0
ENSONIG00000009601	1	0	0
ENSONIG00000009602	0	0	9
ENSONIG00000009604	0	0	0
ENSONIG00000009606	2	1	17
ENSONIG00000009607	0	1	2
ENSONIG00000009609	0	0	0
ENSONIG00000009610	0	0	0
ENSONIG00000009613	4	0	21
ENSONIG00000009614	0	1	50
ENSONIG00000009616	0	0	0
ENSONIG00000009617	2	0	10
ENSONIG00000009618	0	0	0
ENSONIG00000009620	3	0	11
ENSONIG00000009621	0	0	0
ENSONIG00000009622	0	0	0
ENSONIG00000009623	10	8	60
ENSONIG00000009626	2	11	19
ENSONIG00000009627	0	2	13
ENSONIG00000009628	0	0	0
ENSONIG00000009630	199	156	250
ENSONIG00000009631	0	3	3
ENSONIG00000009634	0	0	6
ENSONIG00000009635	2	0	5
ENSONIG00000009636	0	0	80
ENSONIG00000009637	1	0	6
ENSONIG00000009638	1	0	10
ENSONIG00000009639	0	0	8
ENSONIG00000009640	0	0	1
ENSONIG00000009641	0	4	15
ENSONIG00000009642	0	0	0
ENSONIG00000009643	144	63	95
ENSONIG00000009644	3	1	52
ENSONIG00000009645	0	0	6
ENSONIG00000009646	0	0	31
ENSONIG00000009647	4	0	12
ENSONIG00000009648	0	1	15
ENSONIG00000009649	1	0	15
ENSONIG00000009651	8	0	4
ENSONIG00000009653	0	0	3
ENSONIG00000009654	1	0	0
ENSONIG00000009655	160	142	227
ENSONIG00000009656	0	0	1
ENSONIG00000009657	16	0	1
ENSONIG00000009658	0	0	0
ENSONIG00000009661	0	0	0
ENSONIG00000009662	38	17	79
ENSONIG00000009666	0	0	4
ENSONIG00000009667	1	0	0
ENSONIG00000009668	5	2	1
ENSONIG00000009669	0	0	0
ENSONIG00000009670	0	0	4
ENSONIG00000009671	0	0	6
ENSONIG00000009672	0	0	18
ENSONIG00000009673	3	1	9
ENSONIG00000009674	1	4	14
ENSONIG00000009675	4	10	35
ENSONIG00000009676	0	3	380
ENSONIG00000009677	82	2	28
ENSONIG00000009678	0	0	0
ENSONIG00000009680	5	0	1
ENSONIG00000009681	3	11	107
ENSONIG00000009682	12	0	0
ENSONIG00000009683	15	1	6
ENSONIG00000009684	3	1	16
ENSONIG00000009686	2	0	6
ENSONIG00000009687	6	0	2
ENSONIG00000009688	7	6	91
ENSONIG00000009689	7	0	28
ENSONIG00000009690	1	0	10
ENSONIG00000009692	7	2	140
ENSONIG00000009693	0	0	0
ENSONIG00000009694	7	0	17
ENSONIG00000009695	4	0	2
ENSONIG00000009696	7	4	8
ENSONIG00000009697	1	0	39
ENSONIG00000009698	0	2	33
ENSONIG00000009699	2	0	17
ENSONIG00000009700	18	7	72
ENSONIG00000009701	6	1	27
ENSONIG00000009702	0	0	0
ENSONIG00000009703	0	0	9
ENSONIG00000009704	0	0	0
ENSONIG00000009705	0	0	0
ENSONIG00000009706	0	2	24
ENSONIG00000009707	0	0	0
ENSONIG00000009708	2	1	3
ENSONIG00000009709	5	4	85
ENSONIG00000009710	23	14	45
ENSONIG00000009713	20	19	524
ENSONIG00000009714	0	0	0
ENSONIG00000009715	0	3	27
ENSONIG00000009716	0	0	1
ENSONIG00000009717	0	0	1
ENSONIG00000009721	0	0	0
ENSONIG00000009722	88	197	283
ENSONIG00000009723	0	0	0
ENSONIG00000009724	1	0	0
ENSONIG00000009725	0	0	0
ENSONIG00000009726	0	1	25
ENSONIG00000009727	8	33	52
ENSONIG00000009728	2	3	14
ENSONIG00000009730	170	89	8804
ENSONIG00000009731	0	0	2
ENSONIG00000009732	0	0	2
ENSONIG00000009734	19	8	111
ENSONIG00000009735	0	4	48
ENSONIG00000009736	8	5	53
ENSONIG00000009737	3	2	26
ENSONIG00000009738	2	0	13
ENSONIG00000009739	9	30	4735
ENSONIG00000009740	4	1	30
ENSONIG00000009741	2	1	51
ENSONIG00000009743	30	2	16
ENSONIG00000009744	2	5	18
ENSONIG00000009745	2	4	8
ENSONIG00000009746	0	0	7
ENSONIG00000009747	1	2	15
ENSONIG00000009748	0	0	13
ENSONIG00000009749	0	0	9
ENSONIG00000009750	0	1	0
ENSONIG00000009751	0	0	22
ENSONIG00000009752	8	5	7
ENSONIG00000009753	2	0	2
ENSONIG00000009754	7	0	1
ENSONIG00000009755	0	0	0
ENSONIG00000009757	0	0	0
ENSONIG00000009758	2	8	28
ENSONIG00000009759	0	0	2
ENSONIG00000009760	16	4	37
ENSONIG00000009761	8	2	84
ENSONIG00000009762	4	0	4
ENSONIG00000009764	1	0	7
ENSONIG00000009765	2	1	0
ENSONIG00000009767	0	1	19
ENSONIG00000009768	4	3	137
ENSONIG00000009769	4	2	29
ENSONIG00000009770	59	7	57
ENSONIG00000009771	0	0	0
ENSONIG00000009772	1	0	8
ENSONIG00000009773	0	0	0
ENSONIG00000009774	0	0	0
ENSONIG00000009775	1	2	65
ENSONIG00000009776	1	0	15
ENSONIG00000009777	24	14	150
ENSONIG00000009778	0	15	39
ENSONIG00000009779	1129	740	913
ENSONIG00000009780	7	5	43
ENSONIG00000009781	4	0	0
ENSONIG00000009782	13	2	11
ENSONIG00000009783	0	2	27
ENSONIG00000009784	1	1	23
ENSONIG00000009785	0	2	17
ENSONIG00000009786	2	1	16
ENSONIG00000009787	3	3	50
ENSONIG00000009788	1	0	13
ENSONIG00000009789	0	0	2
ENSONIG00000009790	0	0	0
ENSONIG00000009791	5	2	23
ENSONIG00000009792	0	0	0
ENSONIG00000009795	7	5	27
ENSONIG00000009796	11	5	48
ENSONIG00000009797	8	0	39
ENSONIG00000009798	1	0	11
ENSONIG00000009799	1	0	1
ENSONIG00000009800	1	0	2
ENSONIG00000009801	0	1	12
ENSONIG00000009802	0	0	1
ENSONIG00000009803	49	17	141
ENSONIG00000009804	0	0	0
ENSONIG00000009805	2	2	82
ENSONIG00000009806	2	14	117
ENSONIG00000009807	12	13	40
ENSONIG00000009808	0	1	4
ENSONIG00000009811	1	0	0
ENSONIG00000009812	0	0	1
ENSONIG00000009813	0	0	28
ENSONIG00000009815	10	0	7
ENSONIG00000009817	4	0	2
ENSONIG00000009819	6	3	40
ENSONIG00000009820	0	5	369
ENSONIG00000009821	3	1	3
ENSONIG00000009822	0	0	0
ENSONIG00000009823	0	0	2
ENSONIG00000009824	100	33	36
ENSONIG00000009825	0	0	0
ENSONIG00000009826	0	0	0
ENSONIG00000009828	0	0	2
ENSONIG00000009829	0	0	0
ENSONIG00000009830	10	4	84
ENSONIG00000009831	1	0	15
ENSONIG00000009832	3	4	3
ENSONIG00000009833	0	0	14
ENSONIG00000009834	0	0	3
ENSONIG00000009835	6	0	8
ENSONIG00000009836	0	0	5
ENSONIG00000009838	1	0	19
ENSONIG00000009839	9	13	88
ENSONIG00000009840	3	4	99
ENSONIG00000009841	11	1	12
ENSONIG00000009842	0	0	1
ENSONIG00000009843	0	0	0
ENSONIG00000009845	1	12	683
ENSONIG00000009846	19	19	12
ENSONIG00000009847	7	3	30
ENSONIG00000009848	0	0	0
ENSONIG00000009849	2	4	91
ENSONIG00000009850	0	5	55
ENSONIG00000009851	0	0	0
ENSONIG00000009852	5	2	34
ENSONIG00000009853	2	6	6
ENSONIG00000009854	1	5	27
ENSONIG00000009855	9	1	7
ENSONIG00000009856	0	2	19
ENSONIG00000009857	15	6	70
ENSONIG00000009858	0	2	10
ENSONIG00000009859	4	1	12
ENSONIG00000009860	0	1	2
ENSONIG00000009861	199	157	280
ENSONIG00000009863	0	4	102
ENSONIG00000009864	0	0	0
ENSONIG00000009865	6	1	50
ENSONIG00000009866	0	0	7
ENSONIG00000009867	0	0	5
ENSONIG00000009868	0	0	0
ENSONIG00000009870	0	0	17
ENSONIG00000009873	0	0	11
ENSONIG00000009874	13	0	5
ENSONIG00000009875	1	0	38
ENSONIG00000009876	1	0	6
ENSONIG00000009877	9	1	136
ENSONIG00000009878	0	0	7
ENSONIG00000009880	5	2	38
ENSONIG00000009881	1	0	55
ENSONIG00000009882	4	0	10
ENSONIG00000009883	0	4	22
ENSONIG00000009885	0	0	0
ENSONIG00000009887	0	4	28
ENSONIG00000009888	0	0	7
ENSONIG00000009889	0	1	0
ENSONIG00000009890	1	13	172
ENSONIG00000009892	0	0	0
ENSONIG00000009896	19	0	1
ENSONIG00000009899	27	7	8
ENSONIG00000009901	0	0	0
ENSONIG00000009902	0	0	0
ENSONIG00000009903	0	0	0
ENSONIG00000009904	46	22	91
ENSONIG00000009905	0	0	4
ENSONIG00000009906	0	1	0
ENSONIG00000009907	1	1	28
ENSONIG00000009908	1	0	7
ENSONIG00000009909	0	2	8
ENSONIG00000009910	66	29	94
ENSONIG00000009911	0	0	0
ENSONIG00000009912	0	0	0
ENSONIG00000009913	15	7	225
ENSONIG00000009917	4	1	79
ENSONIG00000009918	11	2	48
ENSONIG00000009920	0	3	26
ENSONIG00000009921	6	5	42
ENSONIG00000009922	24	18	390
ENSONIG00000009923	0	1	25
ENSONIG00000009924	0	0	0
ENSONIG00000009925	7	10	11
ENSONIG00000009926	75	67	147
ENSONIG00000009927	1	1	7
ENSONIG00000009929	3	0	0
ENSONIG00000009933	1	2	2
ENSONIG00000009934	2	0	0
ENSONIG00000009935	0	1	9
ENSONIG00000009936	0	0	74
ENSONIG00000009937	0	0	8
ENSONIG00000009938	25	0	0
ENSONIG00000009939	15	3	202
ENSONIG00000009940	0	0	4
ENSONIG00000009941	22	0	30
ENSONIG00000009942	4	1	21
ENSONIG00000009943	0	0	16
ENSONIG00000009944	7	2	5
ENSONIG00000009946	70	9	55
ENSONIG00000009947	1	0	7
ENSONIG00000009948	0	0	47
ENSONIG00000009949	0	1	12
ENSONIG00000009950	5	4	25
ENSONIG00000009951	1	0	1
ENSONIG00000009952	0	0	0
ENSONIG00000009953	1	3	6
ENSONIG00000009955	39	5	7
ENSONIG00000009957	2	6	29
ENSONIG00000009958	0	1	1
ENSONIG00000009959	0	0	0
ENSONIG00000009961	0	5	15
ENSONIG00000009962	0	1	19
ENSONIG00000009963	14	7	8
ENSONIG00000009965	0	0	3
ENSONIG00000009966	4	0	0
ENSONIG00000009967	0	0	6
ENSONIG00000009968	1	0	0
ENSONIG00000009969	1	0	0
ENSONIG00000009971	2	4	2
ENSONIG00000009974	1	2	42
ENSONIG00000009975	0	0	0
ENSONIG00000009976	0	0	53
ENSONIG00000009978	1	0	8
ENSONIG00000009979	0	3	0
ENSONIG00000009980	0	0	0
ENSONIG00000009981	0	0	0
ENSONIG00000009983	1	0	10
ENSONIG00000009984	2	0	6
ENSONIG00000009985	14	0	2
ENSONIG00000009986	7	1	48
ENSONIG00000009987	1	5	68
ENSONIG00000009988	11	0	1
ENSONIG00000009989	2	2	16
ENSONIG00000009992	1	1	2
ENSONIG00000009993	5	7	64
ENSONIG00000009994	1	3	4
ENSONIG00000009995	16	18	200
ENSONIG00000009996	183	72	105
ENSONIG00000009997	2	0	32
ENSONIG00000009998	2	0	99
ENSONIG00000009999	0	2	39
ENSONIG00000010000	1	3	26
ENSONIG00000010001	2	2	95
ENSONIG00000010002	2	2	5
ENSONIG00000010003	2	2	13
ENSONIG00000010005	0	2	6
ENSONIG00000010006	0	0	6
ENSONIG00000010008	0	0	64
ENSONIG00000010009	12	14	488
ENSONIG00000010010	0	0	3
ENSONIG00000010011	4	1	29
ENSONIG00000010012	0	3	12
ENSONIG00000010013	0	4	45
ENSONIG00000010014	0	0	7
ENSONIG00000010015	0	1	2
ENSONIG00000010016	1	1	16
ENSONIG00000010017	23	21	38
ENSONIG00000010018	0	0	5
ENSONIG00000010019	18	37	1134
ENSONIG00000010020	24	53	260
ENSONIG00000010022	15489	23161	28309
ENSONIG00000010023	38	1	26
ENSONIG00000010024	0	1	1
ENSONIG00000010025	7	9	120
ENSONIG00000010026	4	1	7
ENSONIG00000010027	3	0	30
ENSONIG00000010028	0	0	3
ENSONIG00000010029	0	0	6
ENSONIG00000010030	0	0	2
ENSONIG00000010031	2	0	7
ENSONIG00000010032	0	0	2
ENSONIG00000010033	6	16	22
ENSONIG00000010034	15	3	7
ENSONIG00000010035	1	3	28
ENSONIG00000010036	2	0	3
ENSONIG00000010037	2	0	1
ENSONIG00000010038	219	125	157
ENSONIG00000010039	1	2	38
ENSONIG00000010040	26	8	45
ENSONIG00000010041	10	0	18
ENSONIG00000010042	0	0	1
ENSONIG00000010043	3	19	144
ENSONIG00000010044	9	1	18
ENSONIG00000010045	28	55	3992
ENSONIG00000010046	1	0	0
ENSONIG00000010049	0	0	1
ENSONIG00000010050	0	0	6
ENSONIG00000010051	1	0	1
ENSONIG00000010052	2	0	13
ENSONIG00000010053	16	16	7
ENSONIG00000010054	1	1	11
ENSONIG00000010055	0	0	0
ENSONIG00000010056	0	1	24
ENSONIG00000010057	0	0	2
ENSONIG00000010058	0	3	44
ENSONIG00000010059	0	0	3
ENSONIG00000010060	8	0	2
ENSONIG00000010061	0	0	5
ENSONIG00000010062	19	4	36
ENSONIG00000010065	31	12	18
ENSONIG00000010066	2	1	12
ENSONIG00000010067	2	2	33
ENSONIG00000010070	3	0	12
ENSONIG00000010071	0	0	1
ENSONIG00000010072	14	2	4
ENSONIG00000010073	2	0	1
ENSONIG00000010074	1	2	2
ENSONIG00000010075	5	0	10
ENSONIG00000010076	18	12	18
ENSONIG00000010077	0	4	20
ENSONIG00000010078	0	0	0
ENSONIG00000010079	1	1	16
ENSONIG00000010080	15	63	2153
ENSONIG00000010081	1	0	0
ENSONIG00000010082	0	2	5
ENSONIG00000010083	41	40	40
ENSONIG00000010084	20	10	27
ENSONIG00000010085	24	3	42
ENSONIG00000010086	8	0	16
ENSONIG00000010087	26	1	9
ENSONIG00000010088	0	0	13
ENSONIG00000010089	4	2	20
ENSONIG00000010090	0	1	39
ENSONIG00000010092	6	2	46
ENSONIG00000010093	9	0	25
ENSONIG00000010095	0	2	8
ENSONIG00000010096	12	6	99
ENSONIG00000010097	1	1	39
ENSONIG00000010098	24	6	46
ENSONIG00000010099	17	2	9
ENSONIG00000010100	0	3	9
ENSONIG00000010101	362	34	86
ENSONIG00000010102	3	1	7
ENSONIG00000010103	0	1	6
ENSONIG00000010104	4	0	14
ENSONIG00000010105	4	2	5
ENSONIG00000010107	2	2	11
ENSONIG00000010108	3	3	6
ENSONIG00000010109	0	3	30
ENSONIG00000010111	1	7	122
ENSONIG00000010113	0	0	6
ENSONIG00000010114	2	5	2
ENSONIG00000010115	2	10	12
ENSONIG00000010116	0	2	3
ENSONIG00000010118	2	11	544
ENSONIG00000010119	18	11	161
ENSONIG00000010120	1	0	2
ENSONIG00000010121	93	0	120
ENSONIG00000010123	57	5	23
ENSONIG00000010124	0	0	0
ENSONIG00000010125	2	2	23
ENSONIG00000010126	0	0	0
ENSONIG00000010127	7	0	8
ENSONIG00000010128	0	0	22
ENSONIG00000010131	0	1	2
ENSONIG00000010132	3	1	20
ENSONIG00000010133	4	0	115
ENSONIG00000010134	0	1	5
ENSONIG00000010135	0	0	3
ENSONIG00000010136	0	0	6
ENSONIG00000010137	1	1	4
ENSONIG00000010138	0	5	9
ENSONIG00000010139	1	2	23
ENSONIG00000010140	0	1	24
ENSONIG00000010142	0	0	0
ENSONIG00000010143	15	8	64
ENSONIG00000010145	23	1	3
ENSONIG00000010146	0	0	15
ENSONIG00000010147	1	1	44
ENSONIG00000010148	5	2	51
ENSONIG00000010149	14	4	34
ENSONIG00000010150	94	0	0
ENSONIG00000010151	0	0	0
ENSONIG00000010152	0	0	4
ENSONIG00000010153	1	0	1
ENSONIG00000010155	0	0	0
ENSONIG00000010156	2	3	54
ENSONIG00000010157	5	3	86
ENSONIG00000010158	0	0	0
ENSONIG00000010159	0	0	0
ENSONIG00000010160	3	0	0
ENSONIG00000010161	6	1	13
ENSONIG00000010162	1	0	18
ENSONIG00000010163	4	0	12
ENSONIG00000010164	3	18	24
ENSONIG00000010165	7	9	64
ENSONIG00000010166	3	4	134
ENSONIG00000010167	5	3	48
ENSONIG00000010168	0	1	2
ENSONIG00000010169	49	20	987
ENSONIG00000010170	0	0	1
ENSONIG00000010171	1	0	5
ENSONIG00000010172	0	0	10
ENSONIG00000010173	12	1	1
ENSONIG00000010176	147	5	25
ENSONIG00000010177	0	0	0
ENSONIG00000010178	2	0	35
ENSONIG00000010179	1	2	33
ENSONIG00000010180	5	7	274
ENSONIG00000010181	0	0	2
ENSONIG00000010182	2	0	19
ENSONIG00000010184	0	2	2
ENSONIG00000010185	4	3	11
ENSONIG00000010186	0	0	17
ENSONIG00000010187	18	10	37
ENSONIG00000010188	4	0	0
ENSONIG00000010189	2	1	22
ENSONIG00000010190	10	3	63
ENSONIG00000010191	5	11	34
ENSONIG00000010192	13	11	130
ENSONIG00000010193	0	0	6
ENSONIG00000010194	0	2	12
ENSONIG00000010195	0	2	16
ENSONIG00000010196	28	0	1
ENSONIG00000010197	7	0	2
ENSONIG00000010199	0	0	1
ENSONIG00000010200	0	0	0
ENSONIG00000010201	0	0	26
ENSONIG00000010202	0	0	24
ENSONIG00000010204	0	0	0
ENSONIG00000010205	0	1	14
ENSONIG00000010206	2	1	22
ENSONIG00000010208	5	4	60
ENSONIG00000010210	128	42	49
ENSONIG00000010211	2	6	18
ENSONIG00000010212	4	4	14
ENSONIG00000010214	0	0	0
ENSONIG00000010215	11	0	13
ENSONIG00000010216	0	1	31
ENSONIG00000010217	0	1	11
ENSONIG00000010218	2	0	2
ENSONIG00000010221	4	98	15
ENSONIG00000010222	0	7	17
ENSONIG00000010223	0	1	3
ENSONIG00000010224	5	2	24
ENSONIG00000010226	15	8	218
ENSONIG00000010227	2	0	0
ENSONIG00000010228	0	0	1
ENSONIG00000010229	0	0	0
ENSONIG00000010230	0	0	18
ENSONIG00000010231	0	0	0
ENSONIG00000010232	0	0	12
ENSONIG00000010235	1	2	122
ENSONIG00000010236	11	0	101
ENSONIG00000010237	14	6	81
ENSONIG00000010238	3	0	0
ENSONIG00000010239	4	8	12
ENSONIG00000010240	0	0	5
ENSONIG00000010241	5	1	2
ENSONIG00000010242	1	1	13
ENSONIG00000010243	4	1	31
ENSONIG00000010244	0	1	3
ENSONIG00000010245	8	3	4
ENSONIG00000010246	3	0	3
ENSONIG00000010247	189	10	48
ENSONIG00000010248	3	10	49
ENSONIG00000010250	6	3	12
ENSONIG00000010251	230	310	291
ENSONIG00000010253	7	0	2
ENSONIG00000010255	0	0	0
ENSONIG00000010256	5	1	25
ENSONIG00000010258	0	0	0
ENSONIG00000010259	1	5	86
ENSONIG00000010261	1	3	43
ENSONIG00000010262	2	0	1
ENSONIG00000010263	1	2	0
ENSONIG00000010264	0	0	5
ENSONIG00000010265	0	0	9
ENSONIG00000010266	84	30	79
ENSONIG00000010267	0	0	0
ENSONIG00000010268	0	0	0
ENSONIG00000010269	14	2	96
ENSONIG00000010270	0	0	6
ENSONIG00000010271	0	0	9
ENSONIG00000010272	1	0	5
ENSONIG00000010273	2	0	12
ENSONIG00000010274	0	0	1
ENSONIG00000010275	0	0	0
ENSONIG00000010276	18	144	566
ENSONIG00000010277	0	0	1
ENSONIG00000010278	18	1	12
ENSONIG00000010279	0	4	4
ENSONIG00000010283	1	0	16
ENSONIG00000010284	0	0	0
ENSONIG00000010285	3	0	0
ENSONIG00000010286	0	0	0
ENSONIG00000010287	16	10	41
ENSONIG00000010288	51	23	17
ENSONIG00000010289	1	0	0
ENSONIG00000010290	2	0	21
ENSONIG00000010293	7	3	3
ENSONIG00000010296	3	9	96
ENSONIG00000010298	3	0	2
ENSONIG00000010299	0	0	0
ENSONIG00000010300	7	1	31
ENSONIG00000010301	0	0	41
ENSONIG00000010302	8	1	2
ENSONIG00000010305	9	2	88
ENSONIG00000010306	4	1	12
ENSONIG00000010307	11	33	1107
ENSONIG00000010308	16	6	82
ENSONIG00000010309	10	2	9
ENSONIG00000010310	0	0	0
ENSONIG00000010311	51	59	74
ENSONIG00000010312	1	0	8
ENSONIG00000010313	0	0	0
ENSONIG00000010314	38	42	68
ENSONIG00000010315	0	0	4
ENSONIG00000010318	34	43	56
ENSONIG00000010319	5	3	28
ENSONIG00000010320	0	0	1
ENSONIG00000010322	9	2	5
ENSONIG00000010323	9	0	14
ENSONIG00000010324	11	3	22
ENSONIG00000010325	21	9	110
ENSONIG00000010326	3	0	0
ENSONIG00000010327	4	6	3
ENSONIG00000010328	0	0	2
ENSONIG00000010329	0	6	21
ENSONIG00000010330	0	0	2
ENSONIG00000010331	1	4	110
ENSONIG00000010332	2	1	5
ENSONIG00000010333	1	0	14
ENSONIG00000010334	17	5	8
ENSONIG00000010335	2	0	10
ENSONIG00000010336	1	2	41
ENSONIG00000010337	1	0	5
ENSONIG00000010339	0	0	0
ENSONIG00000010340	0	4	14
ENSONIG00000010342	0	2	3
ENSONIG00000010343	0	0	8
ENSONIG00000010344	18	15	343
ENSONIG00000010345	5	0	24
ENSONIG00000010347	3	2	11
ENSONIG00000010348	3	0	24
ENSONIG00000010349	63	13	42
ENSONIG00000010351	0	0	2
ENSONIG00000010352	3	184	136
ENSONIG00000010353	1	2	3
ENSONIG00000010354	0	0	14
ENSONIG00000010356	1	0	3
ENSONIG00000010357	9	3	21
ENSONIG00000010358	13	0	0
ENSONIG00000010359	0	0	9
ENSONIG00000010360	115	79	63
ENSONIG00000010361	0	0	0
ENSONIG00000010362	0	0	3
ENSONIG00000010363	13	2	25
ENSONIG00000010364	5	7	63
ENSONIG00000010367	0	1	0
ENSONIG00000010368	0	2	1
ENSONIG00000010369	0	3	6
ENSONIG00000010370	5	1	14
ENSONIG00000010371	2	1	26
ENSONIG00000010372	70	12	34
ENSONIG00000010373	0	1	5
ENSONIG00000010374	11	3	22
ENSONIG00000010375	7	4	9
ENSONIG00000010376	4	2	17
ENSONIG00000010377	0	0	0
ENSONIG00000010378	0	1	0
ENSONIG00000010379	2	3	46
ENSONIG00000010380	0	0	1
ENSONIG00000010381	1	4	17
ENSONIG00000010382	0	0	11
ENSONIG00000010383	16	8	37
ENSONIG00000010384	3	13	0
ENSONIG00000010386	23	11	49
ENSONIG00000010387	8	5	3
ENSONIG00000010389	0	0	5
ENSONIG00000010392	0	0	0
ENSONIG00000010393	7	2	77
ENSONIG00000010399	0	0	0
ENSONIG00000010400	0	0	0
ENSONIG00000010401	4	11	23
ENSONIG00000010402	0	0	0
ENSONIG00000010403	0	0	0
ENSONIG00000010404	17	3	195
ENSONIG00000010405	0	0	1
ENSONIG00000010406	4	6	84
ENSONIG00000010407	2	0	4
ENSONIG00000010408	1	0	12
ENSONIG00000010409	0	0	11
ENSONIG00000010410	1	0	2
ENSONIG00000010411	0	0	0
ENSONIG00000010412	3	1	8
ENSONIG00000010413	4	0	15
ENSONIG00000010414	5	0	16
ENSONIG00000010415	2303	568	726
ENSONIG00000010416	4	3	34
ENSONIG00000010417	0	2	3
ENSONIG00000010418	27	0	0
ENSONIG00000010420	0	3	15
ENSONIG00000010421	0	0	0
ENSONIG00000010424	0	0	4
ENSONIG00000010425	0	1	0
ENSONIG00000010426	0	2	20
ENSONIG00000010427	6	4	25
ENSONIG00000010428	23	2	9
ENSONIG00000010430	1	0	2
ENSONIG00000010431	0	0	3
ENSONIG00000010432	6	1	5
ENSONIG00000010434	1	2	9
ENSONIG00000010436	17	5	34
ENSONIG00000010437	2	0	2
ENSONIG00000010438	24	0	18
ENSONIG00000010439	2	2	0
ENSONIG00000010440	3	0	3
ENSONIG00000010441	7	0	11
ENSONIG00000010442	4	0	7
ENSONIG00000010443	39	17	24
ENSONIG00000010444	0	0	0
ENSONIG00000010445	2	2	11
ENSONIG00000010446	0	1	5
ENSONIG00000010448	0	0	0
ENSONIG00000010450	0	0	22
ENSONIG00000010451	29	7	76
ENSONIG00000010452	21	1	23
ENSONIG00000010453	0	0	0
ENSONIG00000010454	58	32	109
ENSONIG00000010457	0	0	0
ENSONIG00000010458	3	2	3
ENSONIG00000010459	0	1	1
ENSONIG00000010460	0	0	1
ENSONIG00000010461	0	0	1
ENSONIG00000010462	1	3	98
ENSONIG00000010463	3	1	9
ENSONIG00000010464	3	0	8
ENSONIG00000010465	29	268	258
ENSONIG00000010466	0	0	8
ENSONIG00000010467	0	0	20
ENSONIG00000010468	7	0	14
ENSONIG00000010469	3	0	5
ENSONIG00000010470	1	1	13
ENSONIG00000010471	4	2	4
ENSONIG00000010472	6	3	60
ENSONIG00000010473	1	0	9
ENSONIG00000010474	1	0	59
ENSONIG00000010475	1	0	15
ENSONIG00000010476	0	0	0
ENSONIG00000010477	5	2	64
ENSONIG00000010478	0	0	2
ENSONIG00000010479	0	0	0
ENSONIG00000010481	7	0	34
ENSONIG00000010482	14	0	24
ENSONIG00000010484	0	0	0
ENSONIG00000010486	33	0	7
ENSONIG00000010487	1	0	5
ENSONIG00000010488	4	1	2
ENSONIG00000010489	0	0	4
ENSONIG00000010490	8	0	8
ENSONIG00000010491	0	1	13
ENSONIG00000010492	4	4	60
ENSONIG00000010493	8	0	1
ENSONIG00000010494	5	7	52
ENSONIG00000010495	29	68	1877
ENSONIG00000010496	0	2	1
ENSONIG00000010497	0	3	8
ENSONIG00000010498	0	0	0
ENSONIG00000010499	6	3	25
ENSONIG00000010500	36	9	1
ENSONIG00000010501	0	0	6
ENSONIG00000010502	5	1	6
ENSONIG00000010505	11	57	44
ENSONIG00000010506	4	0	0
ENSONIG00000010507	0	0	1
ENSONIG00000010508	0	1	0
ENSONIG00000010509	0	2	18
ENSONIG00000010510	0	0	0
ENSONIG00000010511	1	0	4
ENSONIG00000010513	66	0	1
ENSONIG00000010515	4	27	690
ENSONIG00000010518	0	1	0
ENSONIG00000010519	4	0	0
ENSONIG00000010520	6	2	7
ENSONIG00000010521	0	0	1
ENSONIG00000010522	1	0	3
ENSONIG00000010524	0	0	1
ENSONIG00000010525	2	1	28
ENSONIG00000010527	4	0	29
ENSONIG00000010528	1	2	11
ENSONIG00000010529	0	0	1
ENSONIG00000010530	0	0	0
ENSONIG00000010531	0	0	0
ENSONIG00000010532	0	0	0
ENSONIG00000010534	4	0	1
ENSONIG00000010535	113	42	53
ENSONIG00000010536	13	7	73
ENSONIG00000010537	0	0	5
ENSONIG00000010538	3	0	1
ENSONIG00000010540	0	0	0
ENSONIG00000010541	0	0	7
ENSONIG00000010543	2	0	39
ENSONIG00000010545	0	0	17
ENSONIG00000010546	1	3	3
ENSONIG00000010547	3	7	346
ENSONIG00000010548	3	5	140
ENSONIG00000010549	0	0	10
ENSONIG00000010550	0	3	2
ENSONIG00000010552	2	0	0
ENSONIG00000010553	3	10	202
ENSONIG00000010554	0	0	0
ENSONIG00000010555	2	4	12
ENSONIG00000010556	19	5	6
ENSONIG00000010557	0	0	2
ENSONIG00000010558	2	24	112
ENSONIG00000010559	2	0	6
ENSONIG00000010560	0	2	7
ENSONIG00000010561	1	2	7
ENSONIG00000010562	0	0	0
ENSONIG00000010563	8	8	41
ENSONIG00000010564	1	0	3
ENSONIG00000010565	7	2	67
ENSONIG00000010566	146	100	231
ENSONIG00000010567	3	0	4
ENSONIG00000010568	4	1	0
ENSONIG00000010569	2	0	2
ENSONIG00000010573	0	1	6
ENSONIG00000010574	0	0	10
ENSONIG00000010575	1	1	24
ENSONIG00000010576	0	0	0
ENSONIG00000010577	1	1	11
ENSONIG00000010578	11	6	79
ENSONIG00000010580	4	6	8
ENSONIG00000010581	0	0	2
ENSONIG00000010582	2	0	14
ENSONIG00000010583	0	0	0
ENSONIG00000010586	3	0	0
ENSONIG00000010587	0	0	4
ENSONIG00000010590	0	0	0
ENSONIG00000010591	1	0	0
ENSONIG00000010593	2	3	14
ENSONIG00000010594	0	0	0
ENSONIG00000010596	5	0	16
ENSONIG00000010597	4	0	0
ENSONIG00000010599	14	2	29
ENSONIG00000010600	7	21	58
ENSONIG00000010601	0	0	3
ENSONIG00000010602	2	0	0
ENSONIG00000010603	0	0	2
ENSONIG00000010604	0	0	0
ENSONIG00000010605	4	1	81
ENSONIG00000010606	0	0	0
ENSONIG00000010608	0	1	7
ENSONIG00000010609	2	2	5
ENSONIG00000010610	0	0	1
ENSONIG00000010611	8	1	50
ENSONIG00000010612	4	7	9
ENSONIG00000010613	0	0	26
ENSONIG00000010614	0	1	1
ENSONIG00000010615	2	8	12
ENSONIG00000010616	1	0	12
ENSONIG00000010617	0	3	4
ENSONIG00000010618	4	2	7
ENSONIG00000010619	0	0	1
ENSONIG00000010620	0	0	6
ENSONIG00000010621	1	0	0
ENSONIG00000010622	1	1	0
ENSONIG00000010623	100	2	23
ENSONIG00000010627	0	0	30
ENSONIG00000010628	0	1	3
ENSONIG00000010629	0	0	0
ENSONIG00000010630	0	0	0
ENSONIG00000010631	0	0	2
ENSONIG00000010632	2	2	2
ENSONIG00000010633	0	0	2
ENSONIG00000010634	0	0	6
ENSONIG00000010635	3	6	22
ENSONIG00000010637	0	2	4
ENSONIG00000010638	395	6	5
ENSONIG00000010639	0	0	1
ENSONIG00000010640	3	0	1
ENSONIG00000010641	0	0	0
ENSONIG00000010642	0	0	0
ENSONIG00000010643	15	1	3
ENSONIG00000010644	0	0	6
ENSONIG00000010645	0	1	1
ENSONIG00000010646	0	4	32
ENSONIG00000010647	0	0	23
ENSONIG00000010649	0	0	0
ENSONIG00000010650	1	0	0
ENSONIG00000010651	0	3	30
ENSONIG00000010653	11	33	78
ENSONIG00000010654	14	0	10
ENSONIG00000010655	67	5	5
ENSONIG00000010658	1	0	0
ENSONIG00000010659	3	0	0
ENSONIG00000010662	4	3	58
ENSONIG00000010663	0	0	0
ENSONIG00000010664	0	0	0
ENSONIG00000010665	0	0	18
ENSONIG00000010666	1	18	44
ENSONIG00000010671	2	2	45
ENSONIG00000010672	0	0	0
ENSONIG00000010673	0	0	0
ENSONIG00000010674	0	0	0
ENSONIG00000010675	0	0	2
ENSONIG00000010676	3	3	13
ENSONIG00000010677	0	0	0
ENSONIG00000010678	1	2	20
ENSONIG00000010679	0	0	6
ENSONIG00000010680	0	0	0
ENSONIG00000010681	1	0	1
ENSONIG00000010682	1	0	7
ENSONIG00000010683	2	0	11
ENSONIG00000010684	2	8	200
ENSONIG00000010685	8	8	214
ENSONIG00000010686	1	0	7
ENSONIG00000010687	6	3	11
ENSONIG00000010688	7	2	60
ENSONIG00000010689	0	1	2
ENSONIG00000010690	25	3	1
ENSONIG00000010692	0	0	0
ENSONIG00000010693	1	0	12
ENSONIG00000010695	0	1	0
ENSONIG00000010698	2	0	9
ENSONIG00000010699	0	0	0
ENSONIG00000010700	0	0	4
ENSONIG00000010702	0	1	5
ENSONIG00000010704	12	4	9
ENSONIG00000010705	2	0	28
ENSONIG00000010706	0	1	4
ENSONIG00000010707	237	8	1009
ENSONIG00000010708	4	0	36
ENSONIG00000010709	130	113	153
ENSONIG00000010712	0	0	5
ENSONIG00000010713	0	0	0
ENSONIG00000010714	356	228	701
ENSONIG00000010715	79	35	72
ENSONIG00000010716	3	5	43
ENSONIG00000010717	23	33	40
ENSONIG00000010719	0	0	0
ENSONIG00000010722	5	7	89
ENSONIG00000010723	1	2	4
ENSONIG00000010725	0	0	0
ENSONIG00000010726	1	4	116
ENSONIG00000010727	15	0	0
ENSONIG00000010728	0	0	0
ENSONIG00000010729	0	0	6
ENSONIG00000010730	66	0	1
ENSONIG00000010731	0	0	0
ENSONIG00000010732	0	0	3
ENSONIG00000010733	0	0	1
ENSONIG00000010734	4	0	0
ENSONIG00000010735	0	0	0
ENSONIG00000010736	0	0	0
ENSONIG00000010737	0	0	0
ENSONIG00000010738	0	0	0
ENSONIG00000010739	2	2	19
ENSONIG00000010740	0	0	0
ENSONIG00000010743	0	0	0
ENSONIG00000010744	0	0	2
ENSONIG00000010745	0	3	7
ENSONIG00000010746	10	63	2289
ENSONIG00000010747	0	0	7
ENSONIG00000010748	2	0	6
ENSONIG00000010750	1	0	14
ENSONIG00000010751	0	0	0
ENSONIG00000010753	0	0	0
ENSONIG00000010754	1	0	0
ENSONIG00000010757	0	0	0
ENSONIG00000010758	330	15	42
ENSONIG00000010760	1	15	158
ENSONIG00000010761	0	0	10
ENSONIG00000010762	41	1	15
ENSONIG00000010763	0	0	11
ENSONIG00000010764	8	0	2
ENSONIG00000010765	17	27	628
ENSONIG00000010767	0	0	0
ENSONIG00000010768	2	2	36
ENSONIG00000010769	11	6	163
ENSONIG00000010770	54	5	222
ENSONIG00000010771	0	0	7
ENSONIG00000010773	296	7	62
ENSONIG00000010774	0	1	18
ENSONIG00000010775	6	1	41
ENSONIG00000010776	0	0	2
ENSONIG00000010778	0	0	1
ENSONIG00000010779	0	0	7
ENSONIG00000010780	0	0	2
ENSONIG00000010782	77	37	28
ENSONIG00000010783	12	2	11
ENSONIG00000010784	0	0	12
ENSONIG00000010787	0	0	0
ENSONIG00000010788	4	10	98
ENSONIG00000010789	0	0	0
ENSONIG00000010790	2	2	50
ENSONIG00000010791	362	356	573
ENSONIG00000010792	63	247	10714
ENSONIG00000010794	0	0	2
ENSONIG00000010795	3	0	8
ENSONIG00000010796	0	0	0
ENSONIG00000010797	0	0	3
ENSONIG00000010799	39	4	9
ENSONIG00000010801	5	0	4
ENSONIG00000010802	116	66	997
ENSONIG00000010803	10	0	0
ENSONIG00000010804	33	10	70
ENSONIG00000010805	848	2168	2605
ENSONIG00000010806	76	56	66
ENSONIG00000010807	0	5	52
ENSONIG00000010808	7	0	3
ENSONIG00000010811	386	28	941
ENSONIG00000010813	4	2	61
ENSONIG00000010814	0	0	4
ENSONIG00000010816	0	0	13
ENSONIG00000010817	1	0	18
ENSONIG00000010818	2	5	24
ENSONIG00000010820	0	0	0
ENSONIG00000010821	1	4	10
ENSONIG00000010822	1	0	5
ENSONIG00000010823	0	4	22
ENSONIG00000010824	1	1	9
ENSONIG00000010825	0	0	0
ENSONIG00000010826	0	3	11
ENSONIG00000010828	0	3	2
ENSONIG00000010829	3	3	20
ENSONIG00000010830	0	6	37
ENSONIG00000010833	0	0	1
ENSONIG00000010834	0	3	24
ENSONIG00000010836	0	0	1
ENSONIG00000010837	0	0	3
ENSONIG00000010838	0	0	7
ENSONIG00000010839	15	23	20
ENSONIG00000010840	1	1	1
ENSONIG00000010841	0	0	5
ENSONIG00000010842	0	0	3
ENSONIG00000010844	59	4	8
ENSONIG00000010845	0	0	34
ENSONIG00000010846	1	14	30
ENSONIG00000010847	3	1	5
ENSONIG00000010848	7	4	102
ENSONIG00000010849	2	2	48
ENSONIG00000010850	0	0	0
ENSONIG00000010851	10	0	31
ENSONIG00000010852	6	0	20
ENSONIG00000010853	8	0	2
ENSONIG00000010854	5	0	2
ENSONIG00000010855	0	0	4
ENSONIG00000010856	5	1	19
ENSONIG00000010858	0	0	1
ENSONIG00000010859	0	0	0
ENSONIG00000010860	7	8	21
ENSONIG00000010861	0	0	13
ENSONIG00000010862	0	0	0
ENSONIG00000010863	14	3	32
ENSONIG00000010864	0	0	4
ENSONIG00000010865	0	0	14
ENSONIG00000010866	0	0	4
ENSONIG00000010867	27	4	93
ENSONIG00000010868	4	3	0
ENSONIG00000010869	13	4	29
ENSONIG00000010870	2	10	136
ENSONIG00000010871	0	0	0
ENSONIG00000010872	0	0	3
ENSONIG00000010874	0	0	4
ENSONIG00000010877	0	0	0
ENSONIG00000010878	0	1	4
ENSONIG00000010879	0	0	0
ENSONIG00000010880	0	0	0
ENSONIG00000010881	12	0	0
ENSONIG00000010883	0	0	10
ENSONIG00000010884	0	3	7
ENSONIG00000010888	0	2	15
ENSONIG00000010891	0	1	38
ENSONIG00000010893	92	94	121
ENSONIG00000010894	0	0	1
ENSONIG00000010896	1	1	4
ENSONIG00000010898	0	0	0
ENSONIG00000010900	2	4	0
ENSONIG00000010901	0	0	0
ENSONIG00000010902	2	0	0
ENSONIG00000010905	0	0	0
ENSONIG00000010906	1	0	1
ENSONIG00000010907	0	0	0
ENSONIG00000010908	0	2	4
ENSONIG00000010909	0	0	0
ENSONIG00000010910	4	1	20
ENSONIG00000010911	0	0	1
ENSONIG00000010912	0	0	0
ENSONIG00000010914	3	1	32
ENSONIG00000010916	5	0	3
ENSONIG00000010917	0	0	0
ENSONIG00000010919	3	3	74
ENSONIG00000010920	5	4	17
ENSONIG00000010921	0	0	2
ENSONIG00000010923	0	0	0
ENSONIG00000010924	0	0	0
ENSONIG00000010925	50	5	9
ENSONIG00000010928	12	3	7
ENSONIG00000010929	0	5	16
ENSONIG00000010930	1	0	20
ENSONIG00000010931	0	1	2
ENSONIG00000010934	0	1	4
ENSONIG00000010936	9	0	19
ENSONIG00000010937	0	0	6
ENSONIG00000010938	1	1	18
ENSONIG00000010939	0	0	0
ENSONIG00000010940	0	0	3
ENSONIG00000010941	2	1	6
ENSONIG00000010942	11	2	3
ENSONIG00000010943	5	0	5
ENSONIG00000010944	0	0	0
ENSONIG00000010945	4	0	0
ENSONIG00000010946	0	0	14
ENSONIG00000010947	7	1	11
ENSONIG00000010948	5	1	40
ENSONIG00000010949	30	38	78
ENSONIG00000010950	7	4	13
ENSONIG00000010951	95	4	1
ENSONIG00000010953	0	1	97
ENSONIG00000010955	2	16	262
ENSONIG00000010956	0	0	9
ENSONIG00000010957	0	0	13
ENSONIG00000010958	0	0	0
ENSONIG00000010959	0	0	7
ENSONIG00000010960	0	0	0
ENSONIG00000010961	2	0	0
ENSONIG00000010962	0	0	1
ENSONIG00000010963	0	0	5
ENSONIG00000010965	2	1	21
ENSONIG00000010966	0	0	5
ENSONIG00000010968	0	0	1
ENSONIG00000010969	1	0	0
ENSONIG00000010970	1	0	4
ENSONIG00000010971	10	0	3
ENSONIG00000010972	0	0	2
ENSONIG00000010973	5	17	710
ENSONIG00000010974	47	3	34
ENSONIG00000010975	0	1	90
ENSONIG00000010976	1	0	6
ENSONIG00000010977	7	0	33
ENSONIG00000010978	2	4	25
ENSONIG00000010979	6	26	16
ENSONIG00000010980	0	0	1
ENSONIG00000010981	8	13	28
ENSONIG00000010983	1	0	0
ENSONIG00000010985	2	2	21
ENSONIG00000010986	2	0	16
ENSONIG00000010987	4	7	69
ENSONIG00000010989	0	0	0
ENSONIG00000010990	0	1	3
ENSONIG00000010991	0	0	15
ENSONIG00000010992	9	4	33
ENSONIG00000010993	0	1	12
ENSONIG00000010994	5	0	81
ENSONIG00000010995	19	8	29
ENSONIG00000010997	4	0	0
ENSONIG00000010999	0	1	4
ENSONIG00000011000	3	0	9
ENSONIG00000011001	13	0	3
ENSONIG00000011002	0	0	6
ENSONIG00000011003	2	3	6
ENSONIG00000011004	0	0	1
ENSONIG00000011006	3	1	40
ENSONIG00000011007	0	0	81
ENSONIG00000011008	0	0	0
ENSONIG00000011009	3	2	23
ENSONIG00000011011	1	0	0
ENSONIG00000011012	0	4	54
ENSONIG00000011013	0	1	1
ENSONIG00000011016	6	3	37
ENSONIG00000011017	0	0	0
ENSONIG00000011018	2	0	10
ENSONIG00000011020	0	1	52
ENSONIG00000011021	2	1	6
ENSONIG00000011023	0	0	1
ENSONIG00000011024	0	0	2
ENSONIG00000011025	0	0	15
ENSONIG00000011026	0	0	0
ENSONIG00000011028	0	0	0
ENSONIG00000011029	8	5	14
ENSONIG00000011030	0	0	0
ENSONIG00000011031	1	4	116
ENSONIG00000011032	5	38	529
ENSONIG00000011034	1	3	21
ENSONIG00000011036	3	7	150
ENSONIG00000011037	1	0	29
ENSONIG00000011038	2	0	2
ENSONIG00000011039	1	0	9
ENSONIG00000011040	3	0	4
ENSONIG00000011041	0	0	1
ENSONIG00000011042	0	0	0
ENSONIG00000011043	0	0	1
ENSONIG00000011044	5	1	1
ENSONIG00000011046	0	0	2
ENSONIG00000011047	0	1	6
ENSONIG00000011048	6	0	7
ENSONIG00000011049	0	0	0
ENSONIG00000011050	1	1	7
ENSONIG00000011051	0	0	14
ENSONIG00000011052	1	0	7
ENSONIG00000011053	0	0	0
ENSONIG00000011054	0	0	0
ENSONIG00000011055	0	0	4
ENSONIG00000011056	3	0	5
ENSONIG00000011057	3	0	36
ENSONIG00000011058	12	4	29
ENSONIG00000011059	0	1	0
ENSONIG00000011060	0	0	4
ENSONIG00000011061	17	6	0
ENSONIG00000011063	1	0	29
ENSONIG00000011064	1	1	19
ENSONIG00000011065	35	13	132
ENSONIG00000011068	0	0	0
ENSONIG00000011071	0	0	4
ENSONIG00000011072	9	3	13
ENSONIG00000011073	0	0	12
ENSONIG00000011075	0	0	0
ENSONIG00000011080	0	2	17
ENSONIG00000011082	1	0	4
ENSONIG00000011083	1	5	49
ENSONIG00000011084	3	5	38
ENSONIG00000011085	193	34	28
ENSONIG00000011086	7	1	0
ENSONIG00000011087	103	7	5
ENSONIG00000011088	0	0	21
ENSONIG00000011089	1	1	9
ENSONIG00000011090	2	0	13
ENSONIG00000011091	4	0	0
ENSONIG00000011092	0	0	3
ENSONIG00000011093	0	0	7
ENSONIG00000011094	0	0	3
ENSONIG00000011095	5	1	28
ENSONIG00000011096	5	0	1
ENSONIG00000011097	3	0	14
ENSONIG00000011098	1	0	7
ENSONIG00000011099	0	0	7
ENSONIG00000011100	0	0	1
ENSONIG00000011101	0	1	30
ENSONIG00000011102	22	24	9
ENSONIG00000011103	3	0	3
ENSONIG00000011104	2	0	5
ENSONIG00000011105	0	0	12
ENSONIG00000011106	33	0	18
ENSONIG00000011107	7	5	4
ENSONIG00000011108	0	0	1
ENSONIG00000011109	3	4	15
ENSONIG00000011110	4	0	0
ENSONIG00000011111	1	2	60
ENSONIG00000011112	96	0	4
ENSONIG00000011113	2	1	23
ENSONIG00000011114	0	0	5
ENSONIG00000011115	2	4	12
ENSONIG00000011116	6	0	2
ENSONIG00000011117	0	1	14
ENSONIG00000011118	5	2	128
ENSONIG00000011119	6	0	99
ENSONIG00000011120	0	0	1
ENSONIG00000011121	1	1	1
ENSONIG00000011122	1	0	0
ENSONIG00000011123	0	0	7
ENSONIG00000011124	1	1	21
ENSONIG00000011125	1	2	1
ENSONIG00000011126	0	0	0
ENSONIG00000011127	8	12	57
ENSONIG00000011128	0	0	0
ENSONIG00000011129	5	0	25
ENSONIG00000011130	0	0	0
ENSONIG00000011131	6	4	29
ENSONIG00000011133	2	1	2
ENSONIG00000011134	3	0	2
ENSONIG00000011135	1	1	8
ENSONIG00000011136	0	0	0
ENSONIG00000011137	5	2	1
ENSONIG00000011138	10	2	20
ENSONIG00000011139	5	0	3
ENSONIG00000011140	3	2	1
ENSONIG00000011141	24	0	8
ENSONIG00000011142	5	0	6
ENSONIG00000011143	25	26	37
ENSONIG00000011144	5	3	180
ENSONIG00000011145	1	0	0
ENSONIG00000011146	0	0	5
ENSONIG00000011147	0	0	0
ENSONIG00000011148	252	231	994
ENSONIG00000011149	1	0	3
ENSONIG00000011150	67	8	64
ENSONIG00000011151	11	7	11
ENSONIG00000011152	15	3	53
ENSONIG00000011153	99	5	42
ENSONIG00000011154	1	0	11
ENSONIG00000011155	0	1	13
ENSONIG00000011156	0	0	0
ENSONIG00000011157	3	0	21
ENSONIG00000011158	3	1	25
ENSONIG00000011159	0	0	15
ENSONIG00000011160	4	1	18
ENSONIG00000011161	0	0	6
ENSONIG00000011162	0	2	0
ENSONIG00000011163	0	0	6
ENSONIG00000011164	1	0	0
ENSONIG00000011165	14	7	95
ENSONIG00000011166	56	76	1319
ENSONIG00000011167	14	7	142
ENSONIG00000011168	0	0	7
ENSONIG00000011169	45	2	25
ENSONIG00000011172	0	3	14
ENSONIG00000011173	8	1	49
ENSONIG00000011175	1	0	6
ENSONIG00000011176	1	1	9
ENSONIG00000011177	2	0	72
ENSONIG00000011178	11	14	17
ENSONIG00000011179	0	0	0
ENSONIG00000011180	4	3	32
ENSONIG00000011181	4	0	1
ENSONIG00000011182	13	1	8
ENSONIG00000011183	1	3	18
ENSONIG00000011185	17	1	47
ENSONIG00000011186	0	0	0
ENSONIG00000011187	0	0	0
ENSONIG00000011188	15	28	539
ENSONIG00000011191	0	1	3
ENSONIG00000011193	1	0	5
ENSONIG00000011194	0	0	0
ENSONIG00000011197	0	6	71
ENSONIG00000011198	6	3	30
ENSONIG00000011201	0	0	3
ENSONIG00000011202	2	1	2
ENSONIG00000011203	13	6	38
ENSONIG00000011204	13818	4796	5955
ENSONIG00000011206	0	3	21
ENSONIG00000011207	9	10	52
ENSONIG00000011208	3	0	22
ENSONIG00000011209	2	6	100
ENSONIG00000011210	1	0	15
ENSONIG00000011214	2	0	1
ENSONIG00000011219	11	4	64
ENSONIG00000011220	2	0	10
ENSONIG00000011223	1	4	113
ENSONIG00000011225	0	0	37
ENSONIG00000011226	0	0	0
ENSONIG00000011227	1	1	3
ENSONIG00000011228	3	0	7
ENSONIG00000011229	3	3	17
ENSONIG00000011230	0	0	2
ENSONIG00000011231	1	1	8
ENSONIG00000011232	0	0	0
ENSONIG00000011233	14	0	1
ENSONIG00000011234	32	1	8
ENSONIG00000011235	1	2	17
ENSONIG00000011236	0	0	0
ENSONIG00000011237	5	0	21
ENSONIG00000011238	1	0	4
ENSONIG00000011239	4	5	55
ENSONIG00000011240	1	0	9
ENSONIG00000011241	1	1	1
ENSONIG00000011242	2	0	3
ENSONIG00000011243	2	0	1
ENSONIG00000011244	5	0	6
ENSONIG00000011245	4	0	17
ENSONIG00000011246	0	0	0
ENSONIG00000011247	6	0	0
ENSONIG00000011248	0	2	0
ENSONIG00000011249	127	32	32
ENSONIG00000011250	0	0	4
ENSONIG00000011251	1	0	16
ENSONIG00000011252	0	0	0
ENSONIG00000011253	8	7	298
ENSONIG00000011254	2	0	23
ENSONIG00000011256	4	0	11
ENSONIG00000011257	0	1	0
ENSONIG00000011260	0	0	1
ENSONIG00000011261	1	2	6
ENSONIG00000011262	0	0	1
ENSONIG00000011263	0	0	12
ENSONIG00000011264	0	0	0
ENSONIG00000011265	0	1	6
ENSONIG00000011266	0	0	1
ENSONIG00000011267	3	1	6
ENSONIG00000011268	108	1	14
ENSONIG00000011269	0	0	6
ENSONIG00000011270	110	26	403
ENSONIG00000011272	7	1	1
ENSONIG00000011273	1	0	6
ENSONIG00000011274	0	1	4
ENSONIG00000011278	0	1	7
ENSONIG00000011279	67	60	112
ENSONIG00000011280	0	0	0
ENSONIG00000011281	0	0	0
ENSONIG00000011282	15	11	60
ENSONIG00000011283	0	0	1
ENSONIG00000011285	1	3	16
ENSONIG00000011286	518	97	3664
ENSONIG00000011289	0	0	0
ENSONIG00000011290	1	1	50
ENSONIG00000011291	4	0	13
ENSONIG00000011292	2	2	13
ENSONIG00000011294	10	8	52
ENSONIG00000011295	0	0	8
ENSONIG00000011296	2	1	5
ENSONIG00000011298	2	1	32
ENSONIG00000011299	1	3	7
ENSONIG00000011300	1	0	5
ENSONIG00000011301	0	0	0
ENSONIG00000011302	1	1	0
ENSONIG00000011303	0	0	7
ENSONIG00000011305	0	0	0
ENSONIG00000011307	0	0	3
ENSONIG00000011309	2	3	21
ENSONIG00000011310	2	0	1
ENSONIG00000011311	0	0	23
ENSONIG00000011313	0	0	0
ENSONIG00000011314	5	0	21
ENSONIG00000011317	1	0	10
ENSONIG00000011318	12	10	165
ENSONIG00000011320	0	2	0
ENSONIG00000011322	1	2	14
ENSONIG00000011323	4	1	11
ENSONIG00000011324	1	1	3
ENSONIG00000011326	0	0	0
ENSONIG00000011327	3	3	33
ENSONIG00000011329	0	0	0
ENSONIG00000011330	0	0	0
ENSONIG00000011331	2	0	19
ENSONIG00000011332	0	2	43
ENSONIG00000011333	0	0	239
ENSONIG00000011334	1	4	2
ENSONIG00000011335	0	0	0
ENSONIG00000011336	0	0	0
ENSONIG00000011338	2	3	16
ENSONIG00000011339	0	2	9
ENSONIG00000011340	45	6	6
ENSONIG00000011341	0	0	1
ENSONIG00000011342	0	0	0
ENSONIG00000011343	0	0	4
ENSONIG00000011344	1	3	7
ENSONIG00000011345	0	0	0
ENSONIG00000011347	3	1	20
ENSONIG00000011348	0	1	5
ENSONIG00000011349	0	0	0
ENSONIG00000011350	3250	1322	3030
ENSONIG00000011351	6	0	12
ENSONIG00000011352	0	0	3
ENSONIG00000011353	0	1	20
ENSONIG00000011354	3	4	4
ENSONIG00000011356	5	3	141
ENSONIG00000011358	3	0	4
ENSONIG00000011359	0	0	0
ENSONIG00000011361	2	0	23
ENSONIG00000011362	1	0	15
ENSONIG00000011363	1	6	9
ENSONIG00000011364	310	120	97
ENSONIG00000011366	0	0	26
ENSONIG00000011368	0	4	4
ENSONIG00000011369	0	4	44
ENSONIG00000011370	1	3	20
ENSONIG00000011371	0	0	1
ENSONIG00000011372	12	7	40
ENSONIG00000011373	1	3	17
ENSONIG00000011374	0	0	0
ENSONIG00000011375	2	1	9
ENSONIG00000011378	39	75	168
ENSONIG00000011379	0	2	9
ENSONIG00000011380	14	13	51
ENSONIG00000011381	0	2	9
ENSONIG00000011382	3	1	22
ENSONIG00000011384	4	2	8
ENSONIG00000011385	0	0	10
ENSONIG00000011386	16	7	61
ENSONIG00000011387	14	3	20
ENSONIG00000011388	0	0	0
ENSONIG00000011389	0	0	8
ENSONIG00000011391	9	1	1
ENSONIG00000011392	0	0	0
ENSONIG00000011394	1	2	10
ENSONIG00000011395	0	0	1
ENSONIG00000011397	1	2	18
ENSONIG00000011398	2	2	16
ENSONIG00000011399	4	1	43
ENSONIG00000011400	1	1	7
ENSONIG00000011401	2	1	13
ENSONIG00000011402	0	0	5
ENSONIG00000011403	4	4	30
ENSONIG00000011404	2	1	15
ENSONIG00000011405	6	10	61
ENSONIG00000011407	7	1	1
ENSONIG00000011410	3	0	4
ENSONIG00000011412	0	0	7
ENSONIG00000011413	6	1	11
ENSONIG00000011414	3	1	23
ENSONIG00000011415	4	7	45
ENSONIG00000011416	8	1	11
ENSONIG00000011417	1	2	37
ENSONIG00000011418	1	0	12
ENSONIG00000011419	1	0	14
ENSONIG00000011420	4	6	33
ENSONIG00000011422	4	2	20
ENSONIG00000011424	0	0	8
ENSONIG00000011425	5	0	0
ENSONIG00000011426	0	0	7
ENSONIG00000011427	0	0	12
ENSONIG00000011428	4	2	0
ENSONIG00000011429	0	3	23
ENSONIG00000011430	1	6	49
ENSONIG00000011431	1	0	8
ENSONIG00000011433	4	0	69
ENSONIG00000011434	12	7	63
ENSONIG00000011435	0	0	9
ENSONIG00000011437	4	0	3
ENSONIG00000011438	0	1	0
ENSONIG00000011439	0	0	0
ENSONIG00000011440	0	0	9
ENSONIG00000011441	0	1	8
ENSONIG00000011442	216	4	5
ENSONIG00000011444	0	0	4
ENSONIG00000011445	128	3	34
ENSONIG00000011447	1	3	36
ENSONIG00000011448	0	0	2
ENSONIG00000011449	0	0	0
ENSONIG00000011450	10	0	2
ENSONIG00000011453	3	5	81
ENSONIG00000011454	0	0	1
ENSONIG00000011456	0	0	0
ENSONIG00000011457	0	0	0
ENSONIG00000011458	0	3	11
ENSONIG00000011461	2	1	32
ENSONIG00000011462	4	4	50
ENSONIG00000011463	0	0	10
ENSONIG00000011464	0	0	0
ENSONIG00000011465	8	0	6
ENSONIG00000011468	0	0	1
ENSONIG00000011469	2	7	55
ENSONIG00000011470	0	0	9
ENSONIG00000011471	6	8	95
ENSONIG00000011473	0	1	7
ENSONIG00000011474	2	2	48
ENSONIG00000011475	5	0	0
ENSONIG00000011476	2	2	7
ENSONIG00000011477	4	0	27
ENSONIG00000011478	31	24	28
ENSONIG00000011479	6	5	8
ENSONIG00000011480	0	0	0
ENSONIG00000011481	8	4	157
ENSONIG00000011482	1	9	8
ENSONIG00000011483	0	0	14
ENSONIG00000011484	108	49	90
ENSONIG00000011485	10	0	24
ENSONIG00000011487	1	0	0
ENSONIG00000011488	7	0	3
ENSONIG00000011489	17	7	25
ENSONIG00000011490	3	2	65
ENSONIG00000011491	3	1	10
ENSONIG00000011492	3	39	509
ENSONIG00000011493	2	1	18
ENSONIG00000011494	2	21	40
ENSONIG00000011495	2	5	30
ENSONIG00000011496	0	1	5
ENSONIG00000011497	5	2	4
ENSONIG00000011498	1	1	15
ENSONIG00000011501	8	11	243
ENSONIG00000011503	253	179	184
ENSONIG00000011504	3	0	18
ENSONIG00000011505	0	0	7
ENSONIG00000011507	4	0	0
ENSONIG00000011509	0	1	29
ENSONIG00000011512	5	1	11
ENSONIG00000011513	0	2	187
ENSONIG00000011515	2	0	6
ENSONIG00000011518	2	1	19
ENSONIG00000011519	0	0	0
ENSONIG00000011520	0	0	8
ENSONIG00000011521	2	0	54
ENSONIG00000011522	5	5	57
ENSONIG00000011523	9	4	26
ENSONIG00000011524	9	2	87
ENSONIG00000011525	0	0	3
ENSONIG00000011526	15	0	6
ENSONIG00000011527	1	0	1
ENSONIG00000011528	66	18	196
ENSONIG00000011530	0	1	3
ENSONIG00000011531	2	0	20
ENSONIG00000011532	1	0	0
ENSONIG00000011533	2	0	4
ENSONIG00000011534	0	0	26
ENSONIG00000011535	0	1	7
ENSONIG00000011537	0	3	31
ENSONIG00000011538	793	325	646
ENSONIG00000011539	0	0	2
ENSONIG00000011540	0	0	2
ENSONIG00000011541	2	19	10
ENSONIG00000011543	0	1	13
ENSONIG00000011544	24	1	2
ENSONIG00000011545	3	1	42
ENSONIG00000011546	0	0	4
ENSONIG00000011547	0	0	0
ENSONIG00000011548	10	0	45
ENSONIG00000011549	0	0	16
ENSONIG00000011550	0	0	5
ENSONIG00000011551	6	0	3
ENSONIG00000011552	0	0	0
ENSONIG00000011555	7	0	6
ENSONIG00000011558	3	0	8
ENSONIG00000011559	0	0	1
ENSONIG00000011560	1	0	0
ENSONIG00000011561	1	2	33
ENSONIG00000011562	0	1	9
ENSONIG00000011563	0	1	1
ENSONIG00000011565	0	0	3
ENSONIG00000011567	10	0	0
ENSONIG00000011568	0	0	0
ENSONIG00000011569	15	0	0
ENSONIG00000011570	0	1	7
ENSONIG00000011571	11	0	2
ENSONIG00000011572	0	0	0
ENSONIG00000011573	2	0	0
ENSONIG00000011574	0	0	18
ENSONIG00000011576	2	0	26
ENSONIG00000011577	0	0	0
ENSONIG00000011578	0	10	9
ENSONIG00000011579	2	0	13
ENSONIG00000011580	0	0	2
ENSONIG00000011581	1	0	0
ENSONIG00000011582	4	3	96
ENSONIG00000011583	6	4	44
ENSONIG00000011584	0	3	14
ENSONIG00000011585	0	0	1
ENSONIG00000011586	0	0	1
ENSONIG00000011587	2	1	11
ENSONIG00000011588	0	2	2
ENSONIG00000011589	5	0	183
ENSONIG00000011590	4	0	4
ENSONIG00000011591	0	0	4
ENSONIG00000011592	0	0	0
ENSONIG00000011593	0	2	14
ENSONIG00000011594	180	142	295
ENSONIG00000011595	0	0	0
ENSONIG00000011596	0	0	0
ENSONIG00000011597	1	14	6
ENSONIG00000011599	12	1	31
ENSONIG00000011600	0	1	13
ENSONIG00000011601	0	0	7
ENSONIG00000011602	2	0	0
ENSONIG00000011603	0	0	2
ENSONIG00000011604	0	1	92
ENSONIG00000011605	14	18	89
ENSONIG00000011607	0	0	0
ENSONIG00000011608	0	0	0
ENSONIG00000011609	0	0	2
ENSONIG00000011610	1	0	10
ENSONIG00000011611	0	0	4
ENSONIG00000011612	3	1	8
ENSONIG00000011613	10	12	220
ENSONIG00000011617	0	0	0
ENSONIG00000011618	3	0	8
ENSONIG00000011620	20	3	19
ENSONIG00000011621	0	0	0
ENSONIG00000011622	1	0	3
ENSONIG00000011623	6	2	4
ENSONIG00000011625	0	0	0
ENSONIG00000011626	0	0	0
ENSONIG00000011627	0	0	0
ENSONIG00000011628	0	0	0
ENSONIG00000011629	3	0	0
ENSONIG00000011633	0	0	5
ENSONIG00000011639	3	0	0
ENSONIG00000011640	1	0	6
ENSONIG00000011641	16	2	25
ENSONIG00000011642	0	0	3
ENSONIG00000011643	3	1	10
ENSONIG00000011644	0	3	12
ENSONIG00000011645	0	0	3
ENSONIG00000011646	64	2	34
ENSONIG00000011647	0	0	0
ENSONIG00000011648	2	1	13
ENSONIG00000011649	0	0	0
ENSONIG00000011651	2	0	2
ENSONIG00000011652	0	0	0
ENSONIG00000011653	0	0	0
ENSONIG00000011654	2	4	13
ENSONIG00000011655	0	2	33
ENSONIG00000011656	1	2	47
ENSONIG00000011658	1	0	42
ENSONIG00000011659	0	0	0
ENSONIG00000011660	1	0	3
ENSONIG00000011661	0	1	62
ENSONIG00000011662	47	11	16
ENSONIG00000011663	7	5	27
ENSONIG00000011665	6	1	2
ENSONIG00000011667	0	0	0
ENSONIG00000011668	0	0	0
ENSONIG00000011669	10	0	4
ENSONIG00000011671	0	0	18
ENSONIG00000011672	1	2	24
ENSONIG00000011675	0	0	1
ENSONIG00000011676	0	0	25
ENSONIG00000011677	266	141	237
ENSONIG00000011678	1	3	22
ENSONIG00000011679	13	6	18
ENSONIG00000011680	114	30	55
ENSONIG00000011681	5	8	69
ENSONIG00000011682	4	0	8
ENSONIG00000011683	2	4	18
ENSONIG00000011684	3	1	6
ENSONIG00000011685	1	15	25
ENSONIG00000011686	2	0	3
ENSONIG00000011688	4	6	119
ENSONIG00000011691	0	0	0
ENSONIG00000011695	1	0	17
ENSONIG00000011696	7	0	5
ENSONIG00000011697	2	32	49
ENSONIG00000011698	0	0	5
ENSONIG00000011699	2	0	2
ENSONIG00000011700	5	0	19
ENSONIG00000011702	9	3	74
ENSONIG00000011703	5	0	131
ENSONIG00000011704	0	0	13
ENSONIG00000011705	1	1	42
ENSONIG00000011706	0	0	4
ENSONIG00000011707	2	5	35
ENSONIG00000011708	0	0	1
ENSONIG00000011709	0	0	2
ENSONIG00000011710	1	0	5
ENSONIG00000011711	0	2	7
ENSONIG00000011713	3	2	3
ENSONIG00000011714	7	1	15
ENSONIG00000011715	0	0	14
ENSONIG00000011716	0	0	4
ENSONIG00000011717	2	2	6
ENSONIG00000011718	0	1	10
ENSONIG00000011719	12	0	42
ENSONIG00000011720	0	0	0
ENSONIG00000011721	0	0	0
ENSONIG00000011722	0	1	1
ENSONIG00000011723	0	2	21
ENSONIG00000011724	10	1	6
ENSONIG00000011726	2	1	21
ENSONIG00000011727	0	0	4
ENSONIG00000011728	1	3	15
ENSONIG00000011729	50	32	68
ENSONIG00000011730	9	1	6
ENSONIG00000011731	3	2	25
ENSONIG00000011732	46	29	43
ENSONIG00000011733	0	0	0
ENSONIG00000011734	0	2	7
ENSONIG00000011737	2	0	38
ENSONIG00000011740	0	1	14
ENSONIG00000011741	0	2	13
ENSONIG00000011742	3	1	5
ENSONIG00000011743	3	7	67
ENSONIG00000011745	13	3	14
ENSONIG00000011746	3	3	22
ENSONIG00000011748	0	2	18
ENSONIG00000011749	3	1	19
ENSONIG00000011751	9	3	14
ENSONIG00000011752	0	0	0
ENSONIG00000011754	23	1	3
ENSONIG00000011755	1	2	6
ENSONIG00000011756	0	1	44
ENSONIG00000011757	0	0	0
ENSONIG00000011758	5	13	128
ENSONIG00000011759	0	0	3
ENSONIG00000011760	1	0	3
ENSONIG00000011761	0	0	0
ENSONIG00000011762	0	0	0
ENSONIG00000011763	0	0	5
ENSONIG00000011764	3	1	8
ENSONIG00000011765	4	0	25
ENSONIG00000011767	0	0	0
ENSONIG00000011768	212	144	319
ENSONIG00000011770	0	1	1
ENSONIG00000011771	0	0	0
ENSONIG00000011773	0	0	0
ENSONIG00000011774	0	0	0
ENSONIG00000011775	1	0	0
ENSONIG00000011776	2	0	3
ENSONIG00000011777	0	1	12
ENSONIG00000011778	0	0	0
ENSONIG00000011780	0	0	0
ENSONIG00000011781	0	2	53
ENSONIG00000011783	33	2	20
ENSONIG00000011785	0	1	39
ENSONIG00000011786	1	5	0
ENSONIG00000011787	0	0	0
ENSONIG00000011788	16	0	0
ENSONIG00000011789	1	3	104
ENSONIG00000011790	0	0	1
ENSONIG00000011791	1	0	0
ENSONIG00000011792	0	0	10
ENSONIG00000011793	0	0	0
ENSONIG00000011795	1	1	22
ENSONIG00000011796	8	30	44
ENSONIG00000011797	7	1	4
ENSONIG00000011798	0	0	3
ENSONIG00000011799	0	0	20
ENSONIG00000011800	0	8	19
ENSONIG00000011801	4	0	10
ENSONIG00000011803	193	76	89
ENSONIG00000011804	1	0	9
ENSONIG00000011805	2	1	7
ENSONIG00000011807	6	1	13
ENSONIG00000011808	8	2	81
ENSONIG00000011809	0	0	9
ENSONIG00000011810	0	0	0
ENSONIG00000011811	1	1	5
ENSONIG00000011812	0	17	71
ENSONIG00000011814	8	8	55
ENSONIG00000011816	0	0	4
ENSONIG00000011817	4	0	0
ENSONIG00000011818	1	7	21
ENSONIG00000011820	1	1	0
ENSONIG00000011823	0	0	2
ENSONIG00000011824	86	89	161
ENSONIG00000011827	7	10	14
ENSONIG00000011828	1	0	11
ENSONIG00000011829	0	0	2
ENSONIG00000011830	0	2	22
ENSONIG00000011831	0	1	1
ENSONIG00000011833	18	1	28
ENSONIG00000011834	2	0	25
ENSONIG00000011835	1	0	4
ENSONIG00000011837	0	1	3
ENSONIG00000011838	7	4	83
ENSONIG00000011839	0	0	2
ENSONIG00000011840	4	9	33
ENSONIG00000011841	0	0	0
ENSONIG00000011842	0	0	0
ENSONIG00000011845	4	1	25
ENSONIG00000011847	0	0	3
ENSONIG00000011849	4	0	1
ENSONIG00000011850	1	2	64
ENSONIG00000011852	57	124	6421
ENSONIG00000011853	2	0	17
ENSONIG00000011854	0	0	5
ENSONIG00000011855	4	7	41
ENSONIG00000011856	0	2	7
ENSONIG00000011859	1	4	15
ENSONIG00000011860	39	2	29
ENSONIG00000011861	0	0	18
ENSONIG00000011862	1	1	3
ENSONIG00000011863	6	1	3
ENSONIG00000011864	9	51	2772
ENSONIG00000011865	1	0	0
ENSONIG00000011866	0	0	23
ENSONIG00000011867	90	0	28
ENSONIG00000011868	25	35	43
ENSONIG00000011869	0	0	2
ENSONIG00000011870	0	0	0
ENSONIG00000011871	0	0	6
ENSONIG00000011872	0	0	1
ENSONIG00000011873	2	0	4
ENSONIG00000011874	9	0	0
ENSONIG00000011875	1	0	17
ENSONIG00000011876	2	7	61
ENSONIG00000011877	0	0	21
ENSONIG00000011879	0	0	0
ENSONIG00000011881	0	0	0
ENSONIG00000011882	0	0	0
ENSONIG00000011883	0	0	9
ENSONIG00000011884	0	7	51
ENSONIG00000011885	162	191	119
ENSONIG00000011886	21	916	169
ENSONIG00000011887	0	0	2
ENSONIG00000011890	4	1	15
ENSONIG00000011893	0	0	0
ENSONIG00000011894	5	3	27
ENSONIG00000011895	0	1	7
ENSONIG00000011896	0	1	18
ENSONIG00000011897	0	0	0
ENSONIG00000011898	0	0	0
ENSONIG00000011899	0	3	5
ENSONIG00000011901	2	4	20
ENSONIG00000011902	0	9	5
ENSONIG00000011903	0	0	3
ENSONIG00000011905	0	0	5
ENSONIG00000011906	0	0	0
ENSONIG00000011907	6	3	53
ENSONIG00000011909	0	0	18
ENSONIG00000011911	9	4	39
ENSONIG00000011913	0	0	0
ENSONIG00000011914	0	0	0
ENSONIG00000011915	10	0	5
ENSONIG00000011916	1	0	9
ENSONIG00000011917	0	0	3
ENSONIG00000011918	3	1	1
ENSONIG00000011920	0	0	0
ENSONIG00000011921	0	0	0
ENSONIG00000011923	2	0	0
ENSONIG00000011925	3	3	90
ENSONIG00000011926	0	0	22
ENSONIG00000011927	0	0	15
ENSONIG00000011928	0	0	1
ENSONIG00000011930	0	1	24
ENSONIG00000011931	4	2	113
ENSONIG00000011932	7	9	47
ENSONIG00000011933	0	1	1
ENSONIG00000011934	2	4	1
ENSONIG00000011935	1	1	62
ENSONIG00000011936	0	0	3
ENSONIG00000011937	0	0	9
ENSONIG00000011938	0	0	1
ENSONIG00000011939	10	4	80
ENSONIG00000011940	6	2	34
ENSONIG00000011941	2	1	22
ENSONIG00000011944	3	0	12
ENSONIG00000011945	0	0	0
ENSONIG00000011947	0	0	2
ENSONIG00000011948	1	0	17
ENSONIG00000011950	0	0	4
ENSONIG00000011951	0	0	0
ENSONIG00000011953	0	0	5
ENSONIG00000011954	0	0	0
ENSONIG00000011955	18	7	150
ENSONIG00000011956	5	0	7
ENSONIG00000011957	3	0	13
ENSONIG00000011958	1	0	3
ENSONIG00000011959	0	0	0
ENSONIG00000011960	0	0	0
ENSONIG00000011961	2	0	6
ENSONIG00000011962	0	0	3
ENSONIG00000011964	0	3	15
ENSONIG00000011965	0	0	0
ENSONIG00000011967	0	0	24
ENSONIG00000011968	16	3	27
ENSONIG00000011969	0	0	4
ENSONIG00000011970	0	0	0
ENSONIG00000011971	0	0	1
ENSONIG00000011973	0	0	6
ENSONIG00000011977	0	0	0
ENSONIG00000011980	7	4	128
ENSONIG00000011981	0	0	0
ENSONIG00000011982	144	58	54
ENSONIG00000011983	0	0	0
ENSONIG00000011984	0	0	1
ENSONIG00000011985	0	0	0
ENSONIG00000011986	2	2	85
ENSONIG00000011987	2	0	0
ENSONIG00000011988	0	0	5
ENSONIG00000011989	0	0	2
ENSONIG00000011990	0	0	9
ENSONIG00000011991	9	5	191
ENSONIG00000011992	1	0	19
ENSONIG00000011993	3	1	8
ENSONIG00000011994	3	2	29
ENSONIG00000011995	10	4	16
ENSONIG00000011997	0	0	32
ENSONIG00000011998	0	0	5
ENSONIG00000011999	2	13	115
ENSONIG00000012000	1	3	26
ENSONIG00000012002	5	3	39
ENSONIG00000012004	24	0	0
ENSONIG00000012005	0	0	21
ENSONIG00000012006	10	3	33
ENSONIG00000012007	8	1	1
ENSONIG00000012009	0	0	28
ENSONIG00000012010	2	2	1
ENSONIG00000012011	9	3	32
ENSONIG00000012012	5	0	6
ENSONIG00000012013	4	0	8
ENSONIG00000012014	0	3	23
ENSONIG00000012016	1	1	10
ENSONIG00000012017	2	1	1
ENSONIG00000012018	1	1	8
ENSONIG00000012019	0	1	8
ENSONIG00000012020	4	0	14
ENSONIG00000012021	21	10	187
ENSONIG00000012023	4	0	5
ENSONIG00000012024	5	24	60
ENSONIG00000012025	58	44	24
ENSONIG00000012026	0	4	26
ENSONIG00000012027	0	1	0
ENSONIG00000012028	2	0	14
ENSONIG00000012029	0	0	0
ENSONIG00000012030	2	3	14
ENSONIG00000012031	2	0	1
ENSONIG00000012032	1	1	1
ENSONIG00000012033	1	0	2
ENSONIG00000012035	5	2	4
ENSONIG00000012037	0	0	10
ENSONIG00000012038	4	0	4
ENSONIG00000012039	0	0	0
ENSONIG00000012041	0	0	1
ENSONIG00000012042	1	8	59
ENSONIG00000012043	0	0	0
ENSONIG00000012044	1	0	0
ENSONIG00000012045	0	0	47
ENSONIG00000012046	0	2	67
ENSONIG00000012047	0	0	1
ENSONIG00000012048	6	5	227
ENSONIG00000012049	0	0	2
ENSONIG00000012050	2	0	0
ENSONIG00000012051	0	0	6
ENSONIG00000012052	5	4	104
ENSONIG00000012054	0	0	1
ENSONIG00000012055	0	1	2
ENSONIG00000012056	0	0	0
ENSONIG00000012057	1	2	29
ENSONIG00000012059	0	0	0
ENSONIG00000012060	3	1	1
ENSONIG00000012061	4	3	11
ENSONIG00000012062	0	0	0
ENSONIG00000012064	16	3	30
ENSONIG00000012065	55	31	37
ENSONIG00000012066	225	45	78
ENSONIG00000012067	0	0	0
ENSONIG00000012068	0	0	0
ENSONIG00000012069	0	0	0
ENSONIG00000012070	0	0	3
ENSONIG00000012072	7	0	0
ENSONIG00000012073	0	0	12
ENSONIG00000012075	19	3	3
ENSONIG00000012076	0	0	0
ENSONIG00000012077	212	61	35
ENSONIG00000012078	1	0	2
ENSONIG00000012080	6	20	453
ENSONIG00000012081	0	0	0
ENSONIG00000012082	2	3	25
ENSONIG00000012084	0	4	29
ENSONIG00000012085	0	0	5
ENSONIG00000012087	5	0	2
ENSONIG00000012088	5	8	29
ENSONIG00000012089	11	1	106
ENSONIG00000012090	22	2	6
ENSONIG00000012091	37	21	12
ENSONIG00000012094	0	0	0
ENSONIG00000012095	9	0	19
ENSONIG00000012096	0	0	4
ENSONIG00000012097	0	0	0
ENSONIG00000012098	2	0	4
ENSONIG00000012099	0	0	6
ENSONIG00000012101	8	1	19
ENSONIG00000012102	1	0	5
ENSONIG00000012103	19	65	399
ENSONIG00000012104	2	2	34
ENSONIG00000012105	2	0	0
ENSONIG00000012106	0	0	0
ENSONIG00000012108	4	0	3
ENSONIG00000012109	0	0	13
ENSONIG00000012110	0	0	1
ENSONIG00000012111	0	0	0
ENSONIG00000012112	3	1	22
ENSONIG00000012113	0	0	2
ENSONIG00000012114	301	72	91
ENSONIG00000012115	15	1	90
ENSONIG00000012116	4	3	26
ENSONIG00000012117	0	0	0
ENSONIG00000012118	1	2	28
ENSONIG00000012119	11	0	7
ENSONIG00000012120	1	3	162
ENSONIG00000012121	2	3	3
ENSONIG00000012122	58	0	23
ENSONIG00000012123	3	7	34
ENSONIG00000012124	8	2	8
ENSONIG00000012126	2	49	9
ENSONIG00000012127	4	0	11
ENSONIG00000012128	31	21	62
ENSONIG00000012129	1	0	0
ENSONIG00000012130	2	0	31
ENSONIG00000012131	1	0	0
ENSONIG00000012132	0	0	0
ENSONIG00000012133	1	6	36
ENSONIG00000012134	0	0	2
ENSONIG00000012135	0	0	1
ENSONIG00000012136	0	0	0
ENSONIG00000012139	38	2	10
ENSONIG00000012140	1	1	0
ENSONIG00000012141	0	0	3
ENSONIG00000012142	0	1	24
ENSONIG00000012143	1	2	26
ENSONIG00000012145	0	0	0
ENSONIG00000012146	6	11	34
ENSONIG00000012148	1	0	10
ENSONIG00000012150	0	0	23
ENSONIG00000012151	0	1	50
ENSONIG00000012152	0	3	73
ENSONIG00000012153	0	0	0
ENSONIG00000012154	22	14	240
ENSONIG00000012156	0	0	86
ENSONIG00000012157	0	0	24
ENSONIG00000012159	6	0	1
ENSONIG00000012160	0	2	23
ENSONIG00000012161	8	9	111
ENSONIG00000012162	1	0	7
ENSONIG00000012163	0	0	10
ENSONIG00000012169	0	0	3
ENSONIG00000012172	3	0	6
ENSONIG00000012173	5	1	11
ENSONIG00000012174	0	0	26
ENSONIG00000012175	0	0	10
ENSONIG00000012176	0	4	5
ENSONIG00000012177	0	0	0
ENSONIG00000012178	0	1	5
ENSONIG00000012179	1	0	4
ENSONIG00000012180	0	0	0
ENSONIG00000012181	6	4	94
ENSONIG00000012182	0	8	0
ENSONIG00000012183	2	0	0
ENSONIG00000012184	2	0	5
ENSONIG00000012185	1	1	7
ENSONIG00000012186	3	2	63
ENSONIG00000012187	1	1	7
ENSONIG00000012191	1	0	11
ENSONIG00000012192	0	0	0
ENSONIG00000012193	0	0	0
ENSONIG00000012194	12	3	62
ENSONIG00000012196	4	12	47
ENSONIG00000012197	0	0	10
ENSONIG00000012198	0	1	6
ENSONIG00000012200	0	1	2
ENSONIG00000012202	56	16	22
ENSONIG00000012203	0	0	6
ENSONIG00000012204	264	38	54
ENSONIG00000012205	1	0	0
ENSONIG00000012207	15	2	18
ENSONIG00000012209	3	0	1
ENSONIG00000012210	1	0	0
ENSONIG00000012212	7	0	15
ENSONIG00000012213	0	1	11
ENSONIG00000012214	1	3	10
ENSONIG00000012215	2	0	11
ENSONIG00000012216	2	0	28
ENSONIG00000012217	7	3	51
ENSONIG00000012218	8	6	140
ENSONIG00000012220	1	0	20
ENSONIG00000012221	3	1	7
ENSONIG00000012222	3	0	27
ENSONIG00000012223	5	2	108
ENSONIG00000012224	1	0	3
ENSONIG00000012226	4	0	4
ENSONIG00000012227	6	8	11
ENSONIG00000012228	21	6	49
ENSONIG00000012229	3	4	44
ENSONIG00000012232	0	0	0
ENSONIG00000012233	0	0	0
ENSONIG00000012234	2	13	11
ENSONIG00000012236	31	24	120
ENSONIG00000012237	0	3	5
ENSONIG00000012238	0	0	0
ENSONIG00000012239	0	0	0
ENSONIG00000012240	0	0	0
ENSONIG00000012241	0	0	0
ENSONIG00000012242	0	0	0
ENSONIG00000012243	0	0	0
ENSONIG00000012244	16	8	86
ENSONIG00000012246	0	0	0
ENSONIG00000012248	13	13	149
ENSONIG00000012249	0	0	0
ENSONIG00000012250	1	0	7
ENSONIG00000012251	0	0	0
ENSONIG00000012252	4	6	23
ENSONIG00000012254	2	0	1
ENSONIG00000012255	2	0	89
ENSONIG00000012256	1	1	18
ENSONIG00000012257	1	6	52
ENSONIG00000012259	2	0	2
ENSONIG00000012260	31	12	25
ENSONIG00000012261	14	2	3
ENSONIG00000012262	0	0	0
ENSONIG00000012264	21	4	29
ENSONIG00000012265	0	0	1
ENSONIG00000012266	0	0	22
ENSONIG00000012267	8	10	233
ENSONIG00000012268	5	0	4
ENSONIG00000012269	0	0	4
ENSONIG00000012271	9	13	187
ENSONIG00000012272	1	13	138
ENSONIG00000012273	14	4	81
ENSONIG00000012274	0	11	31
ENSONIG00000012275	0	0	1
ENSONIG00000012276	1	4	31
ENSONIG00000012277	1	0	8
ENSONIG00000012278	0	3	8
ENSONIG00000012279	0	0	0
ENSONIG00000012281	47	4	22
ENSONIG00000012282	4	4	4
ENSONIG00000012283	2	0	0
ENSONIG00000012284	1	0	15
ENSONIG00000012285	0	0	0
ENSONIG00000012287	0	0	2
ENSONIG00000012288	1	1	8
ENSONIG00000012289	0	0	0
ENSONIG00000012291	2	4	37
ENSONIG00000012292	0	0	0
ENSONIG00000012293	12	0	1
ENSONIG00000012294	2	0	0
ENSONIG00000012295	0	2	11
ENSONIG00000012296	0	0	4
ENSONIG00000012297	2	3	28
ENSONIG00000012298	6	4	13
ENSONIG00000012299	5	1	4
ENSONIG00000012300	0	1	5
ENSONIG00000012302	3	1	26
ENSONIG00000012303	1	0	0
ENSONIG00000012304	0	4	112
ENSONIG00000012305	2	1	13
ENSONIG00000012306	0	0	0
ENSONIG00000012309	8	3	9
ENSONIG00000012310	0	0	0
ENSONIG00000012311	8	16	62
ENSONIG00000012312	0	1	2
ENSONIG00000012313	3	6	17
ENSONIG00000012314	5	0	8
ENSONIG00000012315	0	0	0
ENSONIG00000012316	0	0	0
ENSONIG00000012320	3	2	20
ENSONIG00000012321	1	0	4
ENSONIG00000012322	3	2	18
ENSONIG00000012323	0	0	7
ENSONIG00000012325	0	0	0
ENSONIG00000012326	2	0	0
ENSONIG00000012327	0	0	3
ENSONIG00000012328	12	20	26
ENSONIG00000012329	0	0	5
ENSONIG00000012331	6	1	34
ENSONIG00000012332	0	0	0
ENSONIG00000012334	0	0	5
ENSONIG00000012335	2	0	6
ENSONIG00000012336	0	1	15
ENSONIG00000012339	0	0	0
ENSONIG00000012342	0	5	6
ENSONIG00000012343	0	1	5
ENSONIG00000012345	0	1	1
ENSONIG00000012346	4	0	13
ENSONIG00000012349	0	0	0
ENSONIG00000012350	0	0	0
ENSONIG00000012351	4	0	0
ENSONIG00000012353	295	17	383
ENSONIG00000012354	1	0	0
ENSONIG00000012355	3	0	11
ENSONIG00000012356	0	0	9
ENSONIG00000012357	0	0	1
ENSONIG00000012358	0	0	0
ENSONIG00000012359	0	0	0
ENSONIG00000012360	48	14	204
ENSONIG00000012361	0	0	0
ENSONIG00000012362	1	0	0
ENSONIG00000012364	34	8	19
ENSONIG00000012365	1	0	1
ENSONIG00000012366	7	2	82
ENSONIG00000012368	0	0	0
ENSONIG00000012369	2	2	16
ENSONIG00000012370	5	1	29
ENSONIG00000012371	5	0	5
ENSONIG00000012372	2	3	14
ENSONIG00000012373	16	18	447
ENSONIG00000012376	3	1	2
ENSONIG00000012377	3	0	0
ENSONIG00000012378	10	0	0
ENSONIG00000012379	6	0	69
ENSONIG00000012381	0	1	2
ENSONIG00000012383	0	0	0
ENSONIG00000012384	1	9	55
ENSONIG00000012386	2	7	30
ENSONIG00000012387	0	0	2
ENSONIG00000012390	0	0	0
ENSONIG00000012391	1	0	2
ENSONIG00000012392	9	4	32
ENSONIG00000012393	0	0	2
ENSONIG00000012398	0	0	2
ENSONIG00000012399	2	2	39
ENSONIG00000012400	0	3	45
ENSONIG00000012401	3	3	7
ENSONIG00000012403	2	1	10
ENSONIG00000012404	1	0	0
ENSONIG00000012406	4	2	66
ENSONIG00000012407	16	11	361
ENSONIG00000012409	24	5	82
ENSONIG00000012410	9	6	61
ENSONIG00000012411	0	0	0
ENSONIG00000012414	0	0	0
ENSONIG00000012415	1	0	0
ENSONIG00000012416	14	8	24
ENSONIG00000012417	343	119	1822
ENSONIG00000012418	0	0	0
ENSONIG00000012419	0	0	0
ENSONIG00000012420	0	5	10
ENSONIG00000012422	0	0	0
ENSONIG00000012423	2	2	45
ENSONIG00000012424	6	1	86
ENSONIG00000012425	0	0	0
ENSONIG00000012426	2	50	119
ENSONIG00000012427	0	0	3
ENSONIG00000012428	0	0	0
ENSONIG00000012429	33	1	25
ENSONIG00000012432	0	3	11
ENSONIG00000012433	1	2	1
ENSONIG00000012436	2	1	20
ENSONIG00000012438	0	0	0
ENSONIG00000012439	0	0	13
ENSONIG00000012440	0	0	4
ENSONIG00000012441	0	0	0
ENSONIG00000012442	0	0	0
ENSONIG00000012443	2	0	9
ENSONIG00000012445	6	0	50
ENSONIG00000012447	2	2	3
ENSONIG00000012448	2	0	2
ENSONIG00000012449	2	0	10
ENSONIG00000012450	0	0	0
ENSONIG00000012451	0	0	0
ENSONIG00000012453	0	0	0
ENSONIG00000012455	0	0	43
ENSONIG00000012456	44	32	607
ENSONIG00000012457	0	0	0
ENSONIG00000012458	1	0	0
ENSONIG00000012459	0	0	1
ENSONIG00000012460	0	1	1
ENSONIG00000012463	0	0	0
ENSONIG00000012464	6	5	2
ENSONIG00000012465	2	5	30
ENSONIG00000012466	0	0	3
ENSONIG00000012467	7	0	3
ENSONIG00000012468	0	2	14
ENSONIG00000012469	0	0	0
ENSONIG00000012470	1	0	11
ENSONIG00000012471	0	0	0
ENSONIG00000012472	2	9	100
ENSONIG00000012473	3	2	9
ENSONIG00000012474	4	14	257
ENSONIG00000012476	0	0	3
ENSONIG00000012478	1	1	0
ENSONIG00000012479	2	4	12
ENSONIG00000012481	0	0	0
ENSONIG00000012482	0	0	0
ENSONIG00000012484	0	0	0
ENSONIG00000012485	0	0	0
ENSONIG00000012487	0	0	4
ENSONIG00000012488	1	0	3
ENSONIG00000012489	2	0	0
ENSONIG00000012490	1	1	4
ENSONIG00000012491	0	0	1
ENSONIG00000012492	1	0	20
ENSONIG00000012495	0	0	7
ENSONIG00000012496	0	0	1
ENSONIG00000012497	0	0	0
ENSONIG00000012500	0	0	2
ENSONIG00000012501	0	0	1
ENSONIG00000012502	0	0	17
ENSONIG00000012503	2	1	6
ENSONIG00000012505	0	0	0
ENSONIG00000012506	0	0	10
ENSONIG00000012507	6	0	13
ENSONIG00000012508	29	21	285
ENSONIG00000012509	23	63	1308
ENSONIG00000012513	0	0	2
ENSONIG00000012514	1	3	43
ENSONIG00000012515	0	0	0
ENSONIG00000012516	8	2	88
ENSONIG00000012519	0	0	0
ENSONIG00000012520	0	0	0
ENSONIG00000012522	0	0	1
ENSONIG00000012524	0	0	0
ENSONIG00000012525	6	1	10
ENSONIG00000012527	0	0	49
ENSONIG00000012528	0	0	8
ENSONIG00000012529	7	6	55
ENSONIG00000012530	2	3	31
ENSONIG00000012531	1	0	1
ENSONIG00000012532	2	2	36
ENSONIG00000012533	0	0	16
ENSONIG00000012534	0	0	0
ENSONIG00000012535	2	8	5
ENSONIG00000012536	0	0	1
ENSONIG00000012537	0	0	0
ENSONIG00000012538	0	0	18
ENSONIG00000012539	0	0	42
ENSONIG00000012541	28	11	143
ENSONIG00000012542	0	0	0
ENSONIG00000012543	8	1	0
ENSONIG00000012545	0	1	36
ENSONIG00000012546	1	0	6
ENSONIG00000012547	0	0	3
ENSONIG00000012549	0	1	45
ENSONIG00000012550	0	0	0
ENSONIG00000012551	8	4	24
ENSONIG00000012552	1	2	14
ENSONIG00000012553	0	0	0
ENSONIG00000012554	3	19	72
ENSONIG00000012556	2	4	13
ENSONIG00000012557	3	9	62
ENSONIG00000012558	0	3	17
ENSONIG00000012559	0	1	3
ENSONIG00000012560	0	0	0
ENSONIG00000012561	0	0	0
ENSONIG00000012562	1	9	96
ENSONIG00000012563	0	0	1
ENSONIG00000012565	0	0	0
ENSONIG00000012566	2	3	39
ENSONIG00000012567	31	10	37
ENSONIG00000012568	10	25	280
ENSONIG00000012570	15	8	7
ENSONIG00000012572	3	0	21
ENSONIG00000012573	4	0	0
ENSONIG00000012574	0	0	4
ENSONIG00000012575	1	0	9
ENSONIG00000012576	10	1	7
ENSONIG00000012577	2	0	4
ENSONIG00000012578	3	1	21
ENSONIG00000012579	0	1	3
ENSONIG00000012580	2	1	32
ENSONIG00000012581	1	2	14
ENSONIG00000012584	0	0	0
ENSONIG00000012585	0	1	2
ENSONIG00000012586	2	0	5
ENSONIG00000012587	0	0	0
ENSONIG00000012588	2	0	4
ENSONIG00000012589	0	1	1
ENSONIG00000012590	4	0	2
ENSONIG00000012591	0	0	0
ENSONIG00000012592	1	1	11
ENSONIG00000012594	12	0	65
ENSONIG00000012595	6	1	36
ENSONIG00000012596	8	3	57
ENSONIG00000012597	6	4	25
ENSONIG00000012598	1	0	0
ENSONIG00000012599	0	0	10
ENSONIG00000012600	4	5	116
ENSONIG00000012601	0	1	58
ENSONIG00000012602	0	0	1
ENSONIG00000012604	1	0	4
ENSONIG00000012605	1	4	34
ENSONIG00000012606	1	2	7
ENSONIG00000012607	35	23	62
ENSONIG00000012608	3	1	17
ENSONIG00000012609	0	2	36
ENSONIG00000012610	2	0	20
ENSONIG00000012612	0	3	17
ENSONIG00000012613	0	0	23
ENSONIG00000012614	0	0	12
ENSONIG00000012615	0	1	19
ENSONIG00000012616	0	0	3
ENSONIG00000012617	7	1	5
ENSONIG00000012618	0	0	10
ENSONIG00000012619	0	3	20
ENSONIG00000012620	5	1	24
ENSONIG00000012622	0	0	2
ENSONIG00000012624	2	0	1
ENSONIG00000012625	0	0	7
ENSONIG00000012626	0	1	0
ENSONIG00000012627	2	4	11
ENSONIG00000012628	0	0	0
ENSONIG00000012630	0	1	0
ENSONIG00000012632	0	0	2
ENSONIG00000012633	3	0	1
ENSONIG00000012634	14	9	21
ENSONIG00000012635	1	0	21
ENSONIG00000012636	0	0	3
ENSONIG00000012637	4	0	21
ENSONIG00000012639	3	1	5
ENSONIG00000012640	1	1	16
ENSONIG00000012642	1	6	15
ENSONIG00000012643	0	0	0
ENSONIG00000012644	7	0	3
ENSONIG00000012645	0	0	0
ENSONIG00000012646	53	13	85
ENSONIG00000012647	1	7	20
ENSONIG00000012648	2	0	1
ENSONIG00000012649	50	17	38
ENSONIG00000012650	0	1	0
ENSONIG00000012651	3	1	40
ENSONIG00000012652	5	2	24
ENSONIG00000012653	1	0	23
ENSONIG00000012654	0	0	1
ENSONIG00000012655	1	0	4
ENSONIG00000012656	2	0	5
ENSONIG00000012657	0	0	0
ENSONIG00000012659	0	0	0
ENSONIG00000012660	4	1	52
ENSONIG00000012661	0	0	0
ENSONIG00000012662	0	1	2
ENSONIG00000012663	0	0	21
ENSONIG00000012664	0	0	0
ENSONIG00000012665	0	0	0
ENSONIG00000012666	0	0	2
ENSONIG00000012667	0	1	11
ENSONIG00000012668	6	2	50
ENSONIG00000012670	0	0	9
ENSONIG00000012671	35	27	56
ENSONIG00000012673	16	2	14
ENSONIG00000012675	0	0	3
ENSONIG00000012676	3	0	6
ENSONIG00000012677	0	0	2
ENSONIG00000012680	0	2	2
ENSONIG00000012681	6	1	43
ENSONIG00000012682	85	3	101
ENSONIG00000012683	9	20	625
ENSONIG00000012684	2	1	19
ENSONIG00000012686	14	0	24
ENSONIG00000012687	0	0	0
ENSONIG00000012688	0	0	0
ENSONIG00000012689	1	0	6
ENSONIG00000012690	1	3	33
ENSONIG00000012691	0	0	1
ENSONIG00000012692	1	0	0
ENSONIG00000012693	2	3	27
ENSONIG00000012694	0	0	0
ENSONIG00000012696	16	2	6
ENSONIG00000012697	0	0	19
ENSONIG00000012699	6	3	52
ENSONIG00000012700	3	0	0
ENSONIG00000012701	1	0	0
ENSONIG00000012702	0	0	8
ENSONIG00000012703	2	2	17
ENSONIG00000012705	206	52	112
ENSONIG00000012706	45	78	1006
ENSONIG00000012709	0	1	0
ENSONIG00000012710	1	1	2
ENSONIG00000012711	21	2	82
ENSONIG00000012712	4	1	7
ENSONIG00000012713	5	3	40
ENSONIG00000012716	0	0	0
ENSONIG00000012717	7	0	4
ENSONIG00000012718	0	0	1
ENSONIG00000012720	3	1	7
ENSONIG00000012722	0	0	5
ENSONIG00000012723	2	1	18
ENSONIG00000012724	4	7	42
ENSONIG00000012725	0	0	23
ENSONIG00000012728	0	0	0
ENSONIG00000012729	2	2	26
ENSONIG00000012730	41	144	296
ENSONIG00000012731	4	3	23
ENSONIG00000012732	10	0	4
ENSONIG00000012734	0	4	132
ENSONIG00000012735	5	0	13
ENSONIG00000012736	1	0	2
ENSONIG00000012737	0	0	0
ENSONIG00000012739	1	0	1
ENSONIG00000012740	0	0	0
ENSONIG00000012741	24	34	2379
ENSONIG00000012743	0	0	0
ENSONIG00000012744	0	3	10
ENSONIG00000012745	2	3	62
ENSONIG00000012746	0	0	0
ENSONIG00000012747	0	0	32
ENSONIG00000012748	0	0	0
ENSONIG00000012750	0	0	1
ENSONIG00000012751	5	5	1
ENSONIG00000012752	16	52	2310
ENSONIG00000012753	2	2	23
ENSONIG00000012754	0	0	4
ENSONIG00000012755	9	10	12
ENSONIG00000012756	5	1	19
ENSONIG00000012757	4	7	221
ENSONIG00000012758	0	2	52
ENSONIG00000012759	0	4	23
ENSONIG00000012761	2	1	13
ENSONIG00000012762	0	0	0
ENSONIG00000012763	5	0	25
ENSONIG00000012764	2	6	24
ENSONIG00000012766	0	0	4
ENSONIG00000012767	4	2	13
ENSONIG00000012768	14	0	10
ENSONIG00000012770	0	0	13
ENSONIG00000012771	0	0	4
ENSONIG00000012772	0	0	0
ENSONIG00000012773	2	1	2
ENSONIG00000012774	2	0	18
ENSONIG00000012775	7	19	19
ENSONIG00000012776	6	1	52
ENSONIG00000012778	7	4	99
ENSONIG00000012779	5	0	106
ENSONIG00000012780	0	2	29
ENSONIG00000012781	3	0	1
ENSONIG00000012782	4	2	43
ENSONIG00000012783	0	0	0
ENSONIG00000012784	0	0	0
ENSONIG00000012785	0	0	0
ENSONIG00000012786	1	0	1
ENSONIG00000012787	0	3	12
ENSONIG00000012788	0	0	0
ENSONIG00000012789	0	0	1
ENSONIG00000012790	2	6	42
ENSONIG00000012791	0	0	0
ENSONIG00000012792	3	2	43
ENSONIG00000012793	7	4	57
ENSONIG00000012794	0	2	1
ENSONIG00000012795	6	3	39
ENSONIG00000012796	0	0	0
ENSONIG00000012797	0	2	1
ENSONIG00000012798	0	0	0
ENSONIG00000012800	1	0	16
ENSONIG00000012801	16	6	20
ENSONIG00000012802	3	1	25
ENSONIG00000012803	0	0	0
ENSONIG00000012804	0	0	29
ENSONIG00000012805	0	42	116
ENSONIG00000012806	1	0	1
ENSONIG00000012807	7	0	2
ENSONIG00000012808	7	3	26
ENSONIG00000012809	258	139	471
ENSONIG00000012810	0	1	7
ENSONIG00000012811	0	3	38
ENSONIG00000012812	253	104	192
ENSONIG00000012814	5	14	433
ENSONIG00000012815	1	3	17
ENSONIG00000012816	0	2	25
ENSONIG00000012819	3	4	32
ENSONIG00000012820	0	0	1
ENSONIG00000012821	10	0	4
ENSONIG00000012822	2	2	17
ENSONIG00000012824	5	0	5
ENSONIG00000012826	89	40	36
ENSONIG00000012827	0	0	0
ENSONIG00000012828	8	9	65
ENSONIG00000012829	11	6	171
ENSONIG00000012830	341	85	81
ENSONIG00000012832	6	5	53
ENSONIG00000012833	77	85	71
ENSONIG00000012834	0	0	0
ENSONIG00000012835	0	0	1
ENSONIG00000012836	0	1	1
ENSONIG00000012837	0	1	34
ENSONIG00000012838	5	10	53
ENSONIG00000012839	6	0	3
ENSONIG00000012840	2	0	20
ENSONIG00000012841	6	3	3
ENSONIG00000012842	4	0	8
ENSONIG00000012843	0	0	6
ENSONIG00000012844	0	0	3
ENSONIG00000012845	2	3	35
ENSONIG00000012846	1	0	1
ENSONIG00000012847	2	2	31
ENSONIG00000012848	0	3	27
ENSONIG00000012849	2036	5097	5718
ENSONIG00000012850	0	3	21
ENSONIG00000012851	1	0	9
ENSONIG00000012852	2	3	23
ENSONIG00000012854	1	1	2
ENSONIG00000012855	0	2	7
ENSONIG00000012856	1	1	18
ENSONIG00000012857	6	1	16
ENSONIG00000012858	0	0	6
ENSONIG00000012859	1	3	8
ENSONIG00000012860	0	0	1
ENSONIG00000012861	10	21	333
ENSONIG00000012862	3	3	47
ENSONIG00000012864	6	0	2
ENSONIG00000012865	1	7	112
ENSONIG00000012866	0	0	14
ENSONIG00000012867	0	2	4
ENSONIG00000012870	2	11	14
ENSONIG00000012871	7	5	38
ENSONIG00000012872	2	0	2
ENSONIG00000012873	1	0	6
ENSONIG00000012874	0	3	6
ENSONIG00000012875	4	0	8
ENSONIG00000012876	0	2	16
ENSONIG00000012879	1	0	1
ENSONIG00000012880	1	0	0
ENSONIG00000012881	1	23	22
ENSONIG00000012882	2	0	4
ENSONIG00000012883	0	0	2
ENSONIG00000012884	3	2	6
ENSONIG00000012887	5	8	171
ENSONIG00000012888	0	0	8
ENSONIG00000012889	28	62	249
ENSONIG00000012891	6	7	79
ENSONIG00000012892	0	1	0
ENSONIG00000012893	0	4	7
ENSONIG00000012894	0	0	4
ENSONIG00000012895	12	9	94
ENSONIG00000012896	0	1	8
ENSONIG00000012899	2	0	28
ENSONIG00000012900	6	10	558
ENSONIG00000012903	0	4	13
ENSONIG00000012904	0	0	1
ENSONIG00000012906	5	0	2
ENSONIG00000012908	1	0	2
ENSONIG00000012909	1	0	0
ENSONIG00000012910	2	0	2
ENSONIG00000012911	2	6	44
ENSONIG00000012913	0	3	14
ENSONIG00000012916	0	0	58
ENSONIG00000012917	18	1	0
ENSONIG00000012918	2	1	39
ENSONIG00000012919	1	5	33
ENSONIG00000012920	13	0	2
ENSONIG00000012921	6	0	0
ENSONIG00000012922	17	0	36
ENSONIG00000012923	43	0	1
ENSONIG00000012924	2	2	41
ENSONIG00000012925	0	0	14
ENSONIG00000012926	2	0	1
ENSONIG00000012927	0	0	1
ENSONIG00000012929	1	2	48
ENSONIG00000012933	0	0	5
ENSONIG00000012934	0	0	28
ENSONIG00000012935	0	0	4
ENSONIG00000012936	0	0	2
ENSONIG00000012937	2	0	7
ENSONIG00000012938	13	0	3
ENSONIG00000012939	0	0	1
ENSONIG00000012940	2	0	8
ENSONIG00000012942	0	1	61
ENSONIG00000012943	0	2	16
ENSONIG00000012944	1	0	4
ENSONIG00000012945	15	0	10
ENSONIG00000012946	6	1	164
ENSONIG00000012947	0	20	26
ENSONIG00000012948	11	156	558
ENSONIG00000012950	2	4	56
ENSONIG00000012953	23	4	81
ENSONIG00000012954	2	0	15
ENSONIG00000012955	1	0	28
ENSONIG00000012956	2	2	30
ENSONIG00000012957	4	2	93
ENSONIG00000012961	0	0	20
ENSONIG00000012962	0	0	0
ENSONIG00000012964	0	0	0
ENSONIG00000012966	7	2	60
ENSONIG00000012967	0	0	0
ENSONIG00000012968	10	0	2
ENSONIG00000012969	5	2	8
ENSONIG00000012970	0	0	0
ENSONIG00000012971	1	6	9
ENSONIG00000012972	0	0	2
ENSONIG00000012974	0	0	6
ENSONIG00000012975	25	6	288
ENSONIG00000012976	1	2	7
ENSONIG00000012977	910	471	613
ENSONIG00000012978	0	0	0
ENSONIG00000012979	3	1	74
ENSONIG00000012980	1	0	1
ENSONIG00000012981	1	0	10
ENSONIG00000012982	19	6	187
ENSONIG00000012983	17	0	10
ENSONIG00000012984	29	91	5188
ENSONIG00000012985	16	0	0
ENSONIG00000012989	0	0	0
ENSONIG00000012990	0	0	0
ENSONIG00000012991	3	2	19
ENSONIG00000012992	36	1	50
ENSONIG00000012993	0	0	0
ENSONIG00000012994	0	0	0
ENSONIG00000012996	1	0	3
ENSONIG00000012997	21	19	27
ENSONIG00000012998	0	0	0
ENSONIG00000012999	0	0	10
ENSONIG00000013000	1	0	0
ENSONIG00000013001	77	8	26
ENSONIG00000013003	3	0	20
ENSONIG00000013004	0	2	32
ENSONIG00000013005	2	4	2
ENSONIG00000013006	1	0	6
ENSONIG00000013007	3	0	22
ENSONIG00000013008	5	6	12
ENSONIG00000013009	1	0	8
ENSONIG00000013010	13	21	117
ENSONIG00000013011	0	0	16
ENSONIG00000013012	4	18	60
ENSONIG00000013014	0	0	8
ENSONIG00000013015	3	1	5
ENSONIG00000013016	1	1	7
ENSONIG00000013017	0	0	0
ENSONIG00000013019	0	1	30
ENSONIG00000013020	0	0	3
ENSONIG00000013021	0	0	0
ENSONIG00000013022	0	0	2
ENSONIG00000013024	0	0	11
ENSONIG00000013025	0	0	4
ENSONIG00000013026	5	10	506
ENSONIG00000013027	0	0	3
ENSONIG00000013028	0	0	0
ENSONIG00000013030	1	0	0
ENSONIG00000013031	1	3	10
ENSONIG00000013032	3	1	29
ENSONIG00000013033	1	0	0
ENSONIG00000013036	2	1	35
ENSONIG00000013037	22	65	239
ENSONIG00000013038	2	0	7
ENSONIG00000013040	10065	425	373
ENSONIG00000013041	0	2	20
ENSONIG00000013042	3	0	134
ENSONIG00000013043	1	0	0
ENSONIG00000013044	2	7	37
ENSONIG00000013045	119	3	36
ENSONIG00000013046	0	0	3
ENSONIG00000013047	1	2	8
ENSONIG00000013048	7	0	1
ENSONIG00000013049	7	1	34
ENSONIG00000013050	0	1	5
ENSONIG00000013051	2	1	0
ENSONIG00000013053	0	1	21
ENSONIG00000013054	0	0	0
ENSONIG00000013055	9	7	67
ENSONIG00000013056	7	32	825
ENSONIG00000013057	0	0	0
ENSONIG00000013058	4	0	5
ENSONIG00000013060	4	6	23
ENSONIG00000013061	2	0	7
ENSONIG00000013062	4	1	14
ENSONIG00000013064	6	2	35
ENSONIG00000013065	0	5	27
ENSONIG00000013066	0	0	0
ENSONIG00000013067	3	1	6
ENSONIG00000013068	23	10	151
ENSONIG00000013069	0	0	20
ENSONIG00000013070	8	3	76
ENSONIG00000013071	0	2	25
ENSONIG00000013072	0	0	14
ENSONIG00000013073	3	1	9
ENSONIG00000013074	1	6	38
ENSONIG00000013076	0	0	9
ENSONIG00000013077	2	1	5
ENSONIG00000013078	0	0	0
ENSONIG00000013079	0	0	0
ENSONIG00000013081	109	1	87
ENSONIG00000013083	3	0	4
ENSONIG00000013084	0	2	2
ENSONIG00000013085	3	4	25
ENSONIG00000013086	5	2	3
ENSONIG00000013088	0	14	36
ENSONIG00000013089	7	1	15
ENSONIG00000013090	0	0	0
ENSONIG00000013091	37	15	470
ENSONIG00000013093	7	1	20
ENSONIG00000013094	10	0	1
ENSONIG00000013097	102	62	127
ENSONIG00000013098	0	0	0
ENSONIG00000013100	0	0	0
ENSONIG00000013101	0	0	33
ENSONIG00000013103	14	5	25
ENSONIG00000013104	4	0	0
ENSONIG00000013105	0	0	0
ENSONIG00000013106	0	0	4
ENSONIG00000013107	0	1	7
ENSONIG00000013108	9	5	64
ENSONIG00000013110	0	0	0
ENSONIG00000013111	2	2	16
ENSONIG00000013113	0	0	10
ENSONIG00000013114	1	0	0
ENSONIG00000013115	0	0	3
ENSONIG00000013117	4	3	16
ENSONIG00000013119	1	1	9
ENSONIG00000013120	0	0	0
ENSONIG00000013121	1	0	5
ENSONIG00000013122	0	0	0
ENSONIG00000013123	0	0	0
ENSONIG00000013124	7	7	41
ENSONIG00000013125	3	4	38
ENSONIG00000013126	0	0	1
ENSONIG00000013127	0	0	0
ENSONIG00000013128	0	0	0
ENSONIG00000013130	5	2	20
ENSONIG00000013131	2	0	30
ENSONIG00000013132	0	0	4
ENSONIG00000013133	0	0	23
ENSONIG00000013135	0	2	23
ENSONIG00000013136	6	0	5
ENSONIG00000013137	7	5	57
ENSONIG00000013138	0	0	10
ENSONIG00000013139	0	0	1
ENSONIG00000013141	2	1	19
ENSONIG00000013142	4	0	0
ENSONIG00000013144	0	0	1
ENSONIG00000013145	2	10	26
ENSONIG00000013147	1	0	51
ENSONIG00000013148	0	1	4
ENSONIG00000013149	0	0	3
ENSONIG00000013150	1	1	33
ENSONIG00000013151	4	2	38
ENSONIG00000013152	0	0	0
ENSONIG00000013153	19	30	34
ENSONIG00000013154	1	2	17
ENSONIG00000013156	2	2	54
ENSONIG00000013158	13	0	9
ENSONIG00000013159	1	0	0
ENSONIG00000013160	2	3	71
ENSONIG00000013161	0	0	0
ENSONIG00000013162	3	2	35
ENSONIG00000013163	1	3	35
ENSONIG00000013164	2	2	2
ENSONIG00000013165	1	0	36
ENSONIG00000013166	5	0	17
ENSONIG00000013167	2	0	6
ENSONIG00000013168	0	0	3
ENSONIG00000013169	0	0	8
ENSONIG00000013171	0	0	0
ENSONIG00000013172	0	0	2
ENSONIG00000013173	0	0	0
ENSONIG00000013174	0	0	3
ENSONIG00000013176	75	125	178
ENSONIG00000013177	0	27	32
ENSONIG00000013178	0	0	0
ENSONIG00000013179	0	0	0
ENSONIG00000013180	5	7	68
ENSONIG00000013181	0	0	0
ENSONIG00000013182	0	0	2
ENSONIG00000013186	0	0	0
ENSONIG00000013188	0	0	0
ENSONIG00000013193	4	1	13
ENSONIG00000013195	16	0	13
ENSONIG00000013196	4	5	74
ENSONIG00000013198	23	13	57
ENSONIG00000013200	1	7	28
ENSONIG00000013202	0	1	1
ENSONIG00000013203	0	0	0
ENSONIG00000013204	0	0	0
ENSONIG00000013205	0	2	6
ENSONIG00000013206	0	0	0
ENSONIG00000013208	3	1	6
ENSONIG00000013213	6	3	81
ENSONIG00000013214	0	0	0
ENSONIG00000013217	0	0	0
ENSONIG00000013218	0	0	0
ENSONIG00000013219	1	0	4
ENSONIG00000013220	0	0	5
ENSONIG00000013221	4	3	7
ENSONIG00000013222	0	0	0
ENSONIG00000013224	5	0	4
ENSONIG00000013225	0	1	10
ENSONIG00000013226	2	0	5
ENSONIG00000013227	0	1	36
ENSONIG00000013228	0	0	1
ENSONIG00000013230	2	1	13
ENSONIG00000013231	8	2	77
ENSONIG00000013232	1	5	98
ENSONIG00000013233	0	3	4
ENSONIG00000013237	19	11	170
ENSONIG00000013238	0	1	15
ENSONIG00000013239	0	0	17
ENSONIG00000013240	344	433	486
ENSONIG00000013241	0	3	54
ENSONIG00000013242	0	0	0
ENSONIG00000013243	0	0	1
ENSONIG00000013244	8	2	170
ENSONIG00000013245	5	5	16
ENSONIG00000013246	0	0	0
ENSONIG00000013248	1	0	6
ENSONIG00000013249	1	0	21
ENSONIG00000013250	0	0	0
ENSONIG00000013251	1	0	2
ENSONIG00000013252	0	3	1
ENSONIG00000013253	2	1	4
ENSONIG00000013255	5	0	1
ENSONIG00000013256	0	0	0
ENSONIG00000013257	5	0	8
ENSONIG00000013258	0	0	14
ENSONIG00000013259	4	3	27
ENSONIG00000013260	19	13	20
ENSONIG00000013261	0	0	0
ENSONIG00000013262	2	0	0
ENSONIG00000013263	2	1	22
ENSONIG00000013264	10	0	12
ENSONIG00000013266	0	8	12
ENSONIG00000013267	0	1	9
ENSONIG00000013268	3	0	26
ENSONIG00000013269	16	56	26
ENSONIG00000013270	2	0	10
ENSONIG00000013271	7	0	16
ENSONIG00000013272	1	2	14
ENSONIG00000013273	3	2	19
ENSONIG00000013274	0	1	3
ENSONIG00000013275	0	1	2
ENSONIG00000013276	1	5	3
ENSONIG00000013277	173	92	103
ENSONIG00000013278	0	1	19
ENSONIG00000013280	0	0	40
ENSONIG00000013281	2	1	5
ENSONIG00000013282	50	114	86
ENSONIG00000013283	3	3	51
ENSONIG00000013285	3	0	24
ENSONIG00000013286	1	0	4
ENSONIG00000013287	5	13	80
ENSONIG00000013288	14	3	9
ENSONIG00000013289	2	6	6
ENSONIG00000013290	6	5	29
ENSONIG00000013291	2	0	4
ENSONIG00000013292	6	2	14
ENSONIG00000013293	1	0	10
ENSONIG00000013294	0	10	56
ENSONIG00000013295	0	2	15
ENSONIG00000013296	23	6	170
ENSONIG00000013297	1	1	28
ENSONIG00000013298	11	9	20
ENSONIG00000013299	7	26	105
ENSONIG00000013300	0	0	15
ENSONIG00000013301	9	15	124
ENSONIG00000013302	4	2	4
ENSONIG00000013303	0	1	4
ENSONIG00000013304	3	0	3
ENSONIG00000013305	24	98	3617
ENSONIG00000013306	1	1	23
ENSONIG00000013308	0	0	0
ENSONIG00000013309	2	1	60
ENSONIG00000013310	0	0	0
ENSONIG00000013311	0	0	0
ENSONIG00000013313	0	1	7
ENSONIG00000013314	19	17	21
ENSONIG00000013316	0	0	13
ENSONIG00000013317	119	188	181
ENSONIG00000013318	0	1	14
ENSONIG00000013319	0	3	8
ENSONIG00000013321	0	3	7
ENSONIG00000013323	20	0	50
ENSONIG00000013324	0	0	5
ENSONIG00000013325	0	0	6
ENSONIG00000013328	3	0	10
ENSONIG00000013329	0	0	2
ENSONIG00000013330	2	0	6
ENSONIG00000013332	16	15	90
ENSONIG00000013333	2	0	10
ENSONIG00000013334	3	1	34
ENSONIG00000013335	1	0	9
ENSONIG00000013337	3	1	39
ENSONIG00000013338	0	4	13
ENSONIG00000013339	0	0	0
ENSONIG00000013341	6	4	33
ENSONIG00000013342	0	0	7
ENSONIG00000013343	3	3	16
ENSONIG00000013344	0	2	1
ENSONIG00000013345	0	0	1
ENSONIG00000013346	1	0	8
ENSONIG00000013348	8	29	464
ENSONIG00000013349	0	0	21
ENSONIG00000013350	4	10	100
ENSONIG00000013352	0	0	5
ENSONIG00000013353	0	0	0
ENSONIG00000013354	0	0	1
ENSONIG00000013355	0	0	1
ENSONIG00000013356	1	4	40
ENSONIG00000013357	0	0	0
ENSONIG00000013358	1	8	32
ENSONIG00000013359	1	1	39
ENSONIG00000013361	5	0	9
ENSONIG00000013362	13	59	62
ENSONIG00000013363	2	6	19
ENSONIG00000013364	1	0	4
ENSONIG00000013365	6	1	2
ENSONIG00000013366	4	0	0
ENSONIG00000013367	6	0	33
ENSONIG00000013368	0	0	2
ENSONIG00000013369	0	0	0
ENSONIG00000013370	1	6	92
ENSONIG00000013372	21	16	252
ENSONIG00000013373	0	3	8
ENSONIG00000013374	5	7	57
ENSONIG00000013377	2	0	28
ENSONIG00000013378	4	2	62
ENSONIG00000013379	4	6	15
ENSONIG00000013380	7	2	33
ENSONIG00000013381	0	0	2
ENSONIG00000013382	2	2	54
ENSONIG00000013383	0	0	0
ENSONIG00000013384	0	0	0
ENSONIG00000013385	1	0	2
ENSONIG00000013386	1	2	1
ENSONIG00000013387	1	0	20
ENSONIG00000013388	3	2	0
ENSONIG00000013389	0	5	10
ENSONIG00000013390	0	0	8
ENSONIG00000013392	0	3	42
ENSONIG00000013393	0	1	23
ENSONIG00000013395	1	0	14
ENSONIG00000013398	0	0	0
ENSONIG00000013399	3	0	11
ENSONIG00000013402	0	0	0
ENSONIG00000013403	2	2	9
ENSONIG00000013404	1	4	1
ENSONIG00000013405	0	0	0
ENSONIG00000013406	6	1	6
ENSONIG00000013407	0	0	0
ENSONIG00000013408	0	0	18
ENSONIG00000013409	1	4	36
ENSONIG00000013411	0	0	11
ENSONIG00000013412	10	0	0
ENSONIG00000013413	16	8	47
ENSONIG00000013414	0	0	6
ENSONIG00000013415	0	0	15
ENSONIG00000013416	1	2	31
ENSONIG00000013418	0	3	29
ENSONIG00000013419	4	0	0
ENSONIG00000013420	193	327	441
ENSONIG00000013421	5	4	111
ENSONIG00000013422	12	8	55
ENSONIG00000013423	6	7	11
ENSONIG00000013424	0	0	13
ENSONIG00000013425	1	0	0
ENSONIG00000013426	1	0	4
ENSONIG00000013427	2	3	31
ENSONIG00000013428	5	0	1
ENSONIG00000013429	2	1	46
ENSONIG00000013431	157	607	844
ENSONIG00000013432	0	0	0
ENSONIG00000013433	156	5	7
ENSONIG00000013436	0	0	5
ENSONIG00000013437	4	2	37
ENSONIG00000013438	0	0	7
ENSONIG00000013439	30	21	32
ENSONIG00000013440	7	4	11
ENSONIG00000013441	0	0	3
ENSONIG00000013442	4	1	38
ENSONIG00000013443	15	9	16
ENSONIG00000013445	4	1	2
ENSONIG00000013446	0	0	3
ENSONIG00000013447	2	3	3
ENSONIG00000013448	2	2	24
ENSONIG00000013450	4	2	11
ENSONIG00000013451	2	0	16
ENSONIG00000013452	0	0	0
ENSONIG00000013454	0	0	0
ENSONIG00000013455	0	0	4
ENSONIG00000013457	2	3	18
ENSONIG00000013458	4	0	8
ENSONIG00000013459	0	1	11
ENSONIG00000013460	0	0	0
ENSONIG00000013461	0	0	0
ENSONIG00000013463	1	0	9
ENSONIG00000013465	8	5	33
ENSONIG00000013466	1	0	14
ENSONIG00000013467	12	6	28
ENSONIG00000013468	0	1	9
ENSONIG00000013469	4	0	29
ENSONIG00000013470	2	3	10
ENSONIG00000013471	0	0	6
ENSONIG00000013473	9	1	1
ENSONIG00000013475	0	0	4
ENSONIG00000013476	0	0	2
ENSONIG00000013477	1	4	53
ENSONIG00000013478	3	0	1
ENSONIG00000013479	0	0	1
ENSONIG00000013480	0	0	10
ENSONIG00000013481	20	15	62
ENSONIG00000013483	0	0	9
ENSONIG00000013485	0	0	7
ENSONIG00000013486	4	2	12
ENSONIG00000013487	2	2	7
ENSONIG00000013488	0	0	0
ENSONIG00000013490	0	0	1
ENSONIG00000013493	0	0	17
ENSONIG00000013495	9	0	9
ENSONIG00000013496	0	2	2
ENSONIG00000013497	1	0	0
ENSONIG00000013498	0	2	7
ENSONIG00000013499	14	13	127
ENSONIG00000013500	3	1	18
ENSONIG00000013501	4	0	22
ENSONIG00000013503	4	5	13
ENSONIG00000013504	1	0	3
ENSONIG00000013506	0	4	57
ENSONIG00000013507	0	0	93
ENSONIG00000013508	5	6	25
ENSONIG00000013509	3	2	41
ENSONIG00000013510	7	2	28
ENSONIG00000013511	0	2	7
ENSONIG00000013512	3	3	61
ENSONIG00000013513	6	4	60
ENSONIG00000013514	2	6	15
ENSONIG00000013515	12	3	1
ENSONIG00000013516	19	4	10
ENSONIG00000013517	1	0	15
ENSONIG00000013518	44	4	1
ENSONIG00000013519	0	1	0
ENSONIG00000013521	0	0	0
ENSONIG00000013522	0	0	1
ENSONIG00000013523	2	2	8
ENSONIG00000013524	55	2	61
ENSONIG00000013526	5	0	0
ENSONIG00000013527	0	0	17
ENSONIG00000013529	0	0	0
ENSONIG00000013530	0	0	0
ENSONIG00000013531	1	0	2
ENSONIG00000013533	1	0	3
ENSONIG00000013534	2	0	32
ENSONIG00000013535	0	0	0
ENSONIG00000013536	0	2	4
ENSONIG00000013537	7	7	68
ENSONIG00000013538	0	0	4
ENSONIG00000013539	0	2	33
ENSONIG00000013540	8	0	3
ENSONIG00000013541	0	0	1
ENSONIG00000013543	3	6	35
ENSONIG00000013544	1	0	4
ENSONIG00000013545	0	0	0
ENSONIG00000013546	10	6	16
ENSONIG00000013547	0	0	0
ENSONIG00000013548	0	2	55
ENSONIG00000013549	3	7	20
ENSONIG00000013550	1	0	8
ENSONIG00000013551	2	5	18
ENSONIG00000013552	5	0	7
ENSONIG00000013553	1	0	14
ENSONIG00000013554	2	1	0
ENSONIG00000013555	9	5	153
ENSONIG00000013556	5	4	27
ENSONIG00000013557	2	0	10
ENSONIG00000013558	1	0	5
ENSONIG00000013559	0	0	4
ENSONIG00000013561	0	0	0
ENSONIG00000013562	1	6	13
ENSONIG00000013563	5	5	8
ENSONIG00000013564	0	0	0
ENSONIG00000013565	5	6	192
ENSONIG00000013566	0	0	0
ENSONIG00000013567	2	1	11
ENSONIG00000013568	0	0	0
ENSONIG00000013569	0	2	2
ENSONIG00000013570	0	2	17
ENSONIG00000013571	6	1	45
ENSONIG00000013572	1	5	27
ENSONIG00000013573	10	6	67
ENSONIG00000013576	1	0	20
ENSONIG00000013577	5	4	19
ENSONIG00000013579	71	58	130
ENSONIG00000013580	0	0	0
ENSONIG00000013581	0	3	5
ENSONIG00000013582	0	0	1
ENSONIG00000013583	0	0	3
ENSONIG00000013584	34	1	12
ENSONIG00000013585	0	0	23
ENSONIG00000013586	0	2	37
ENSONIG00000013588	2	0	10
ENSONIG00000013589	1	0	13
ENSONIG00000013590	16	8	44
ENSONIG00000013591	1	3	11
ENSONIG00000013592	43	54	102
ENSONIG00000013593	3	0	0
ENSONIG00000013594	4	0	36
ENSONIG00000013596	2	12	43
ENSONIG00000013597	2	0	0
ENSONIG00000013599	5	1	61
ENSONIG00000013603	1	0	24
ENSONIG00000013605	0	0	0
ENSONIG00000013610	2	6	27
ENSONIG00000013613	0	0	1
ENSONIG00000013614	1	0	0
ENSONIG00000013618	0	0	6
ENSONIG00000013620	0	1	6
ENSONIG00000013621	1	0	0
ENSONIG00000013622	1	0	8
ENSONIG00000013626	20	2	43
ENSONIG00000013627	1	1	0
ENSONIG00000013628	13	5	101
ENSONIG00000013629	6	1	8
ENSONIG00000013631	0	0	0
ENSONIG00000013632	0	0	2
ENSONIG00000013633	7	8	89
ENSONIG00000013635	0	0	1
ENSONIG00000013637	0	6	29
ENSONIG00000013638	55	13	45
ENSONIG00000013639	0	0	1
ENSONIG00000013640	0	0	0
ENSONIG00000013641	0	0	0
ENSONIG00000013642	0	0	0
ENSONIG00000013646	1	2	10
ENSONIG00000013648	1	0	6
ENSONIG00000013649	17	2	15
ENSONIG00000013650	15	7	138
ENSONIG00000013652	0	2	25
ENSONIG00000013654	3	1	59
ENSONIG00000013655	3	2	10
ENSONIG00000013656	5	3	26
ENSONIG00000013657	4	0	28
ENSONIG00000013658	8	7	26
ENSONIG00000013659	30	0	7
ENSONIG00000013660	0	0	3
ENSONIG00000013661	0	1	10
ENSONIG00000013662	1	0	0
ENSONIG00000013663	23	23	288
ENSONIG00000013664	0	0	2
ENSONIG00000013665	9	9	32
ENSONIG00000013666	10	8	12
ENSONIG00000013667	2	2	29
ENSONIG00000013668	0	0	0
ENSONIG00000013669	0	0	0
ENSONIG00000013670	20	6	111
ENSONIG00000013671	0	0	0
ENSONIG00000013672	7	16	13
ENSONIG00000013673	6	0	33
ENSONIG00000013674	1	0	41
ENSONIG00000013675	0	0	2
ENSONIG00000013676	1	0	0
ENSONIG00000013677	6	3	39
ENSONIG00000013680	0	0	0
ENSONIG00000013681	0	8	93
ENSONIG00000013682	4	0	3
ENSONIG00000013683	1	0	0
ENSONIG00000013684	0	0	0
ENSONIG00000013685	0	0	1
ENSONIG00000013688	2	1	26
ENSONIG00000013689	4	0	12
ENSONIG00000013691	0	0	2
ENSONIG00000013692	2	1	27
ENSONIG00000013693	4	0	6
ENSONIG00000013694	0	1	15
ENSONIG00000013697	0	0	0
ENSONIG00000013698	0	0	9
ENSONIG00000013699	20	3	60
ENSONIG00000013700	6	0	7
ENSONIG00000013701	0	0	0
ENSONIG00000013702	4	3	40
ENSONIG00000013703	36	4	29
ENSONIG00000013704	2	0	0
ENSONIG00000013705	3	2	12
ENSONIG00000013706	0	0	0
ENSONIG00000013707	0	0	0
ENSONIG00000013708	0	0	5
ENSONIG00000013709	0	0	12
ENSONIG00000013711	0	0	0
ENSONIG00000013712	1	0	0
ENSONIG00000013715	0	0	0
ENSONIG00000013719	1	0	2
ENSONIG00000013720	6	6	15
ENSONIG00000013721	0	0	3
ENSONIG00000013723	0	0	0
ENSONIG00000013724	0	0	2
ENSONIG00000013725	0	0	1
ENSONIG00000013727	0	0	0
ENSONIG00000013730	21	6	163
ENSONIG00000013732	0	0	1
ENSONIG00000013733	141	200	277
ENSONIG00000013734	1	1	26
ENSONIG00000013736	0	0	1
ENSONIG00000013737	0	0	0
ENSONIG00000013738	0	0	1
ENSONIG00000013739	0	0	0
ENSONIG00000013740	0	0	4
ENSONIG00000013742	0	0	1
ENSONIG00000013743	0	0	10
ENSONIG00000013744	5	1	29
ENSONIG00000013745	0	0	0
ENSONIG00000013746	0	0	15
ENSONIG00000013747	5	0	4
ENSONIG00000013748	2	0	33
ENSONIG00000013749	21	0	14
ENSONIG00000013750	0	0	8
ENSONIG00000013751	1	0	3
ENSONIG00000013752	0	1	3
ENSONIG00000013753	2	2	15
ENSONIG00000013754	9	1	15
ENSONIG00000013755	12	0	3
ENSONIG00000013756	0	0	0
ENSONIG00000013757	0	0	4
ENSONIG00000013758	8	3	281
ENSONIG00000013759	0	0	0
ENSONIG00000013760	1	0	8
ENSONIG00000013761	2	0	9
ENSONIG00000013762	411	191	405
ENSONIG00000013765	0	0	0
ENSONIG00000013768	857	691	959
ENSONIG00000013770	2	1	10
ENSONIG00000013771	1	1	15
ENSONIG00000013773	8	0	33
ENSONIG00000013774	3	8	11
ENSONIG00000013775	2	5	14
ENSONIG00000013776	1	0	9
ENSONIG00000013777	0	0	3
ENSONIG00000013778	5	0	13
ENSONIG00000013779	1	0	7
ENSONIG00000013780	0	1	14
ENSONIG00000013781	24	2	4
ENSONIG00000013782	0	1	29
ENSONIG00000013783	2	3	21
ENSONIG00000013784	0	0	23
ENSONIG00000013786	1	1	0
ENSONIG00000013788	133	2	79
ENSONIG00000013789	0	4	0
ENSONIG00000013790	0	0	0
ENSONIG00000013791	3	0	1
ENSONIG00000013792	0	0	2
ENSONIG00000013793	0	0	5
ENSONIG00000013794	0	0	0
ENSONIG00000013795	0	2	3
ENSONIG00000013796	11	1	29
ENSONIG00000013797	4	9	9
ENSONIG00000013798	0	4	6
ENSONIG00000013799	1	2	3
ENSONIG00000013800	0	2	10
ENSONIG00000013801	70	36	24
ENSONIG00000013802	14	6	11
ENSONIG00000013803	19	11	68
ENSONIG00000013804	1	0	8
ENSONIG00000013805	5	8	15
ENSONIG00000013806	2	1	9
ENSONIG00000013807	0	0	3
ENSONIG00000013808	160	105	96
ENSONIG00000013809	0	0	0
ENSONIG00000013810	0	0	0
ENSONIG00000013811	4	0	3
ENSONIG00000013813	0	1	19
ENSONIG00000013814	10	18	88
ENSONIG00000013815	3	3	33
ENSONIG00000013816	9	1	3
ENSONIG00000013817	1	2	1
ENSONIG00000013818	0	0	0
ENSONIG00000013820	0	0	2
ENSONIG00000013821	4	1	133
ENSONIG00000013822	10	2	37
ENSONIG00000013823	8	0	1
ENSONIG00000013824	0	0	0
ENSONIG00000013825	0	0	5
ENSONIG00000013827	4	3	4
ENSONIG00000013830	1	1	49
ENSONIG00000013831	0	0	2
ENSONIG00000013835	0	0	0
ENSONIG00000013836	6	0	0
ENSONIG00000013837	3	0	24
ENSONIG00000013838	3	0	9
ENSONIG00000013839	4	53	92
ENSONIG00000013841	0	0	7
ENSONIG00000013842	0	0	0
ENSONIG00000013843	0	0	2
ENSONIG00000013846	23	5	5
ENSONIG00000013848	0	0	8
ENSONIG00000013849	6	2	18
ENSONIG00000013850	0	0	0
ENSONIG00000013851	0	0	0
ENSONIG00000013852	0	0	0
ENSONIG00000013855	0	0	0
ENSONIG00000013857	0	0	0
ENSONIG00000013859	12	0	0
ENSONIG00000013860	74	1	13
ENSONIG00000013862	5	3	46
ENSONIG00000013864	0	1	21
ENSONIG00000013865	0	0	0
ENSONIG00000013866	0	2	65
ENSONIG00000013868	0	1	13
ENSONIG00000013869	0	0	2
ENSONIG00000013870	0	7	3
ENSONIG00000013871	0	0	0
ENSONIG00000013873	0	0	0
ENSONIG00000013874	1	0	10
ENSONIG00000013875	7	6	21
ENSONIG00000013876	0	0	1
ENSONIG00000013877	0	0	0
ENSONIG00000013878	12	4	95
ENSONIG00000013879	1	0	7
ENSONIG00000013880	2	1	18
ENSONIG00000013882	0	1	0
ENSONIG00000013883	9	1	6
ENSONIG00000013884	0	1	2
ENSONIG00000013885	5	0	30
ENSONIG00000013886	5	0	27
ENSONIG00000013887	0	0	6
ENSONIG00000013889	2	8	115
ENSONIG00000013890	6	2	20
ENSONIG00000013894	0	0	1
ENSONIG00000013896	0	0	1
ENSONIG00000013898	0	2	11
ENSONIG00000013899	0	0	2
ENSONIG00000013901	1	7	45
ENSONIG00000013902	0	0	0
ENSONIG00000013903	0	0	1
ENSONIG00000013905	0	0	0
ENSONIG00000013906	0	0	0
ENSONIG00000013909	7	2	35
ENSONIG00000013910	0	0	0
ENSONIG00000013911	1	0	7
ENSONIG00000013912	0	0	7
ENSONIG00000013913	3	0	3
ENSONIG00000013914	3	4	73
ENSONIG00000013915	1	0	14
ENSONIG00000013916	0	0	7
ENSONIG00000013917	0	0	0
ENSONIG00000013918	1	0	3
ENSONIG00000013919	1	0	0
ENSONIG00000013921	92	49	1747
ENSONIG00000013922	0	0	0
ENSONIG00000013924	0	0	7
ENSONIG00000013925	0	0	0
ENSONIG00000013926	6	3	17
ENSONIG00000013927	0	2	4
ENSONIG00000013928	0	0	0
ENSONIG00000013930	1	0	2
ENSONIG00000013931	4	0	42
ENSONIG00000013932	4	5	7
ENSONIG00000013933	0	0	1
ENSONIG00000013934	0	0	1
ENSONIG00000013935	1	0	10
ENSONIG00000013936	0	0	25
ENSONIG00000013939	8	0	32
ENSONIG00000013941	0	0	0
ENSONIG00000013942	7	0	37
ENSONIG00000013943	0	0	1
ENSONIG00000013944	0	0	0
ENSONIG00000013945	2	0	0
ENSONIG00000013946	31	6	30
ENSONIG00000013948	50	67	83
ENSONIG00000013949	2	4	15
ENSONIG00000013950	22	5	19
ENSONIG00000013952	7	5	37
ENSONIG00000013953	0	0	0
ENSONIG00000013954	2	0	6
ENSONIG00000013956	0	0	0
ENSONIG00000013957	0	0	0
ENSONIG00000013958	5	6	115
ENSONIG00000013959	0	1	12
ENSONIG00000013960	6	2	59
ENSONIG00000013961	1	0	0
ENSONIG00000013962	5	0	8
ENSONIG00000013964	1	0	2
ENSONIG00000013965	3	1	6
ENSONIG00000013967	2	0	7
ENSONIG00000013968	0	0	0
ENSONIG00000013969	2	9	78
ENSONIG00000013972	1	3	0
ENSONIG00000013974	0	3	34
ENSONIG00000013975	126	37	692
ENSONIG00000013976	4	1	1
ENSONIG00000013978	25	27	171
ENSONIG00000013979	40	7	60
ENSONIG00000013980	1	1	0
ENSONIG00000013981	6	5	33
ENSONIG00000013982	2	0	9
ENSONIG00000013983	5	0	0
ENSONIG00000013984	96	127	58
ENSONIG00000013985	0	0	0
ENSONIG00000013986	1	5	20
ENSONIG00000013989	0	0	0
ENSONIG00000013990	0	0	0
ENSONIG00000013992	1	2	13
ENSONIG00000013995	0	0	0
ENSONIG00000014001	0	0	6
ENSONIG00000014002	3	1	31
ENSONIG00000014003	0	0	1
ENSONIG00000014004	0	0	0
ENSONIG00000014006	0	0	0
ENSONIG00000014009	0	0	0
ENSONIG00000014010	0	0	15
ENSONIG00000014011	1	3	57
ENSONIG00000014012	0	0	0
ENSONIG00000014013	1	1	3
ENSONIG00000014016	7	1	14
ENSONIG00000014017	0	0	0
ENSONIG00000014020	6	0	27
ENSONIG00000014021	1	3	65
ENSONIG00000014022	0	0	2
ENSONIG00000014023	23	1	69
ENSONIG00000014024	0	0	31
ENSONIG00000014025	2	0	35
ENSONIG00000014026	0	0	1
ENSONIG00000014027	51	5	18
ENSONIG00000014028	5	0	14
ENSONIG00000014029	0	4	11
ENSONIG00000014030	67	7	28
ENSONIG00000014031	2	4	28
ENSONIG00000014032	2	1	56
ENSONIG00000014033	0	0	0
ENSONIG00000014034	0	0	1
ENSONIG00000014036	1	0	6
ENSONIG00000014037	287	156	177
ENSONIG00000014038	1	0	0
ENSONIG00000014041	0	0	0
ENSONIG00000014042	0	0	0
ENSONIG00000014044	0	0	0
ENSONIG00000014045	13	6	24
ENSONIG00000014046	2	0	8
ENSONIG00000014048	0	0	27
ENSONIG00000014049	0	0	25
ENSONIG00000014050	6	1	2
ENSONIG00000014051	3	0	1
ENSONIG00000014052	2	0	3
ENSONIG00000014053	22	14	62
ENSONIG00000014054	6	2	25
ENSONIG00000014055	0	0	0
ENSONIG00000014056	14	5	136
ENSONIG00000014057	0	0	14
ENSONIG00000014059	0	0	3
ENSONIG00000014060	18	185	348
ENSONIG00000014061	1	1	7
ENSONIG00000014062	2	0	7
ENSONIG00000014063	3	10	182
ENSONIG00000014064	14	4	25
ENSONIG00000014065	0	0	0
ENSONIG00000014067	0	0	2
ENSONIG00000014068	2	0	1
ENSONIG00000014071	0	0	0
ENSONIG00000014072	5	0	3
ENSONIG00000014073	6	0	7
ENSONIG00000014074	0	0	0
ENSONIG00000014075	7	0	5
ENSONIG00000014076	19	12	108
ENSONIG00000014077	124	30	28
ENSONIG00000014079	0	0	7
ENSONIG00000014080	1	0	23
ENSONIG00000014082	29	2	53
ENSONIG00000014084	147	89	82
ENSONIG00000014086	1	0	6
ENSONIG00000014087	4	0	27
ENSONIG00000014089	4	1	35
ENSONIG00000014090	7	0	4
ENSONIG00000014091	0	0	0
ENSONIG00000014093	3	0	39
ENSONIG00000014094	3	27	74
ENSONIG00000014095	7	0	21
ENSONIG00000014097	0	0	2
ENSONIG00000014101	0	0	4
ENSONIG00000014102	1	1	32
ENSONIG00000014103	1	4	22
ENSONIG00000014104	8	6	31
ENSONIG00000014105	0	0	20
ENSONIG00000014106	11	5	52
ENSONIG00000014107	3	0	17
ENSONIG00000014109	0	0	0
ENSONIG00000014111	0	0	1
ENSONIG00000014112	0	0	0
ENSONIG00000014113	6	1	15
ENSONIG00000014114	0	1	3
ENSONIG00000014118	3	0	6
ENSONIG00000014119	0	2	11
ENSONIG00000014121	7	17	48
ENSONIG00000014122	3	0	0
ENSONIG00000014123	3	0	9
ENSONIG00000014124	0	0	0
ENSONIG00000014125	10	1	52
ENSONIG00000014126	0	0	0
ENSONIG00000014127	2	2	15
ENSONIG00000014128	2	4	7
ENSONIG00000014129	9	2	4
ENSONIG00000014130	17	82	4414
ENSONIG00000014131	3	2	20
ENSONIG00000014132	3	1	1
ENSONIG00000014133	1	1	3
ENSONIG00000014134	2	0	2
ENSONIG00000014135	3	1	14
ENSONIG00000014136	8	6	54
ENSONIG00000014137	2	0	4
ENSONIG00000014138	1	3	2
ENSONIG00000014139	1	0	5
ENSONIG00000014140	1	0	1
ENSONIG00000014141	2	0	20
ENSONIG00000014142	0	0	0
ENSONIG00000014143	0	0	0
ENSONIG00000014144	6	7	39
ENSONIG00000014145	0	0	5
ENSONIG00000014147	2	2	8
ENSONIG00000014148	17	0	2
ENSONIG00000014149	1	0	0
ENSONIG00000014150	10	5	95
ENSONIG00000014151	0	0	15
ENSONIG00000014152	2	2	7
ENSONIG00000014153	7	0	2
ENSONIG00000014154	0	0	5
ENSONIG00000014155	0	0	0
ENSONIG00000014156	0	0	0
ENSONIG00000014157	0	2	3
ENSONIG00000014158	0	0	0
ENSONIG00000014160	0	0	0
ENSONIG00000014161	1	0	51
ENSONIG00000014162	3	2	31
ENSONIG00000014163	8	7	53
ENSONIG00000014165	0	0	0
ENSONIG00000014166	10	14	41
ENSONIG00000014168	0	5	4
ENSONIG00000014169	0	0	0
ENSONIG00000014171	0	1	7
ENSONIG00000014172	0	0	0
ENSONIG00000014173	0	2	8
ENSONIG00000014174	0	0	0
ENSONIG00000014175	2	1	11
ENSONIG00000014177	1	1	25
ENSONIG00000014178	1	0	10
ENSONIG00000014179	4	0	9
ENSONIG00000014180	0	2	8
ENSONIG00000014181	0	6	25
ENSONIG00000014182	0	0	0
ENSONIG00000014183	0	0	0
ENSONIG00000014184	0	0	6
ENSONIG00000014185	0	0	0
ENSONIG00000014186	0	0	15
ENSONIG00000014188	0	0	1
ENSONIG00000014191	0	0	0
ENSONIG00000014192	0	0	5
ENSONIG00000014193	1	1	14
ENSONIG00000014194	0	2	33
ENSONIG00000014195	4	0	26
ENSONIG00000014196	9	7	145
ENSONIG00000014197	0	0	2
ENSONIG00000014198	16	7	29
ENSONIG00000014200	70	7	61
ENSONIG00000014201	0	0	0
ENSONIG00000014202	0	0	0
ENSONIG00000014203	0	5	2
ENSONIG00000014204	845	33	72
ENSONIG00000014206	3	3	3
ENSONIG00000014207	1	0	0
ENSONIG00000014208	0	1	39
ENSONIG00000014209	0	0	1
ENSONIG00000014211	2	7	115
ENSONIG00000014212	0	1	7
ENSONIG00000014214	23	26	85
ENSONIG00000014215	12	3	42
ENSONIG00000014216	3	0	18
ENSONIG00000014217	541	1128	1653
ENSONIG00000014218	5	0	23
ENSONIG00000014219	0	0	9
ENSONIG00000014220	0	5	150
ENSONIG00000014221	0	0	0
ENSONIG00000014223	0	0	4
ENSONIG00000014224	3	1	21
ENSONIG00000014225	0	0	5
ENSONIG00000014226	8	12	338
ENSONIG00000014227	0	0	22
ENSONIG00000014228	0	0	0
ENSONIG00000014229	4	2	5
ENSONIG00000014230	0	0	1
ENSONIG00000014231	0	0	1
ENSONIG00000014234	3	5	30
ENSONIG00000014236	0	0	10
ENSONIG00000014241	1	0	13
ENSONIG00000014242	3	2	8
ENSONIG00000014244	0	0	0
ENSONIG00000014247	0	0	4
ENSONIG00000014249	7	13	78
ENSONIG00000014250	0	0	0
ENSONIG00000014252	5	2	20
ENSONIG00000014253	4	0	24
ENSONIG00000014257	1	1	6
ENSONIG00000014259	0	0	3
ENSONIG00000014262	0	0	29
ENSONIG00000014263	1	1	16
ENSONIG00000014264	10865	24213	43078
ENSONIG00000014266	32	53	1851
ENSONIG00000014267	0	0	4
ENSONIG00000014268	7	1	32
ENSONIG00000014269	6	6	32
ENSONIG00000014270	0	0	0
ENSONIG00000014272	0	1	12
ENSONIG00000014273	12	5	15
ENSONIG00000014274	11	1	33
ENSONIG00000014275	0	0	2
ENSONIG00000014276	2	0	8
ENSONIG00000014279	1	0	0
ENSONIG00000014280	72	80	140
ENSONIG00000014281	4	14	24
ENSONIG00000014282	1	0	6
ENSONIG00000014283	0	1	2
ENSONIG00000014284	4	7	15
ENSONIG00000014285	7	2	23
ENSONIG00000014288	13	25	23
ENSONIG00000014289	0	0	0
ENSONIG00000014291	0	2	4
ENSONIG00000014292	0	0	0
ENSONIG00000014293	0	0	3
ENSONIG00000014294	0	0	16
ENSONIG00000014295	32	27	344
ENSONIG00000014296	25	47	879
ENSONIG00000014297	0	0	22
ENSONIG00000014298	12	14	121
ENSONIG00000014299	3	0	0
ENSONIG00000014300	10	3	75
ENSONIG00000014301	0	0	0
ENSONIG00000014302	12	38	43
ENSONIG00000014303	1	1	0
ENSONIG00000014304	32	14	56
ENSONIG00000014306	6	0	4
ENSONIG00000014307	2	3	21
ENSONIG00000014308	0	0	14
ENSONIG00000014309	3	5	93
ENSONIG00000014310	1	0	3
ENSONIG00000014311	1	0	0
ENSONIG00000014313	2	0	12
ENSONIG00000014314	0	1	26
ENSONIG00000014315	0	5	16
ENSONIG00000014316	13	2	21
ENSONIG00000014317	2	1	15
ENSONIG00000014318	3	0	23
ENSONIG00000014319	13	4	50
ENSONIG00000014320	1	0	2
ENSONIG00000014321	2	8	26
ENSONIG00000014322	1	1	21
ENSONIG00000014323	4	1	14
ENSONIG00000014324	2	0	1
ENSONIG00000014326	2	0	7
ENSONIG00000014328	2	3	9
ENSONIG00000014329	114	182	618
ENSONIG00000014330	5	11	434
ENSONIG00000014331	0	0	4
ENSONIG00000014332	0	0	0
ENSONIG00000014333	16	0	5
ENSONIG00000014334	1	2	10
ENSONIG00000014336	10	71	65
ENSONIG00000014337	1	1	64
ENSONIG00000014338	0	1	0
ENSONIG00000014340	0	1	9
ENSONIG00000014341	2	0	0
ENSONIG00000014342	1	0	1
ENSONIG00000014343	1	1	13
ENSONIG00000014344	3	0	10
ENSONIG00000014345	4	0	4
ENSONIG00000014346	8	23	592
ENSONIG00000014347	10	0	0
ENSONIG00000014348	1	3	4
ENSONIG00000014349	0	1	2
ENSONIG00000014351	1	0	0
ENSONIG00000014352	70	263	441
ENSONIG00000014353	0	3	2
ENSONIG00000014354	3	1	52
ENSONIG00000014355	0	3	40
ENSONIG00000014356	9	4	24
ENSONIG00000014357	1	6	12
ENSONIG00000014359	3	1	29
ENSONIG00000014360	0	0	6
ENSONIG00000014361	1	0	1
ENSONIG00000014362	6	1	14
ENSONIG00000014363	1	0	1
ENSONIG00000014364	0	0	1
ENSONIG00000014365	7	1	20
ENSONIG00000014366	4	3	27
ENSONIG00000014367	0	0	92
ENSONIG00000014368	3	1	20
ENSONIG00000014369	0	0	0
ENSONIG00000014370	5	1	1
ENSONIG00000014371	1	2	0
ENSONIG00000014372	6	0	0
ENSONIG00000014373	1	1	6
ENSONIG00000014374	6	3	19
ENSONIG00000014375	0	0	9
ENSONIG00000014378	0	0	0
ENSONIG00000014379	7	4	153
ENSONIG00000014380	0	6	36
ENSONIG00000014382	6049	3908	3855
ENSONIG00000014383	1	0	0
ENSONIG00000014384	49	152	4170
ENSONIG00000014385	0	0	0
ENSONIG00000014386	0	2	4
ENSONIG00000014388	0	2	47
ENSONIG00000014389	0	0	1
ENSONIG00000014391	904	163	232
ENSONIG00000014392	0	8	34
ENSONIG00000014393	5	3	26
ENSONIG00000014395	4	0	23
ENSONIG00000014396	3	4	9
ENSONIG00000014397	1	0	10
ENSONIG00000014399	2	5	2
ENSONIG00000014400	0	1	9
ENSONIG00000014401	2	0	7
ENSONIG00000014402	9	51	1476
ENSONIG00000014403	1	1	3
ENSONIG00000014404	4	0	8
ENSONIG00000014405	0	0	0
ENSONIG00000014406	0	0	2
ENSONIG00000014407	2	0	2
ENSONIG00000014408	2	5	123
ENSONIG00000014409	0	1	1
ENSONIG00000014410	19	9	3
ENSONIG00000014412	0	0	0
ENSONIG00000014413	0	0	26
ENSONIG00000014414	18	2	94
ENSONIG00000014415	0	5	5
ENSONIG00000014417	79	9	202
ENSONIG00000014418	0	0	2
ENSONIG00000014419	0	0	119
ENSONIG00000014420	0	0	1
ENSONIG00000014421	3	8	16
ENSONIG00000014422	10	3	51
ENSONIG00000014423	1	0	0
ENSONIG00000014424	10	1	14
ENSONIG00000014426	4	1	9
ENSONIG00000014427	0	0	8
ENSONIG00000014428	0	0	0
ENSONIG00000014429	452	5	10
ENSONIG00000014431	15	27	22
ENSONIG00000014432	10	0	12
ENSONIG00000014434	3	3	66
ENSONIG00000014435	5	2	124
ENSONIG00000014436	2	2	34
ENSONIG00000014438	8	0	0
ENSONIG00000014439	0	0	2
ENSONIG00000014440	0	0	1
ENSONIG00000014444	0	0	0
ENSONIG00000014448	2	0	4
ENSONIG00000014449	0	1	9
ENSONIG00000014450	0	0	0
ENSONIG00000014451	5	0	0
ENSONIG00000014452	0	0	3
ENSONIG00000014453	0	0	5
ENSONIG00000014454	3	46	1501
ENSONIG00000014455	74	6	216
ENSONIG00000014456	4	2	33
ENSONIG00000014457	4	0	0
ENSONIG00000014458	17	6	30
ENSONIG00000014460	6	1	5
ENSONIG00000014462	0	0	7
ENSONIG00000014464	0	0	12
ENSONIG00000014465	4	10	28
ENSONIG00000014466	9	2	7
ENSONIG00000014468	12	3	18
ENSONIG00000014470	16	4	11
ENSONIG00000014471	0	0	0
ENSONIG00000014472	4	5	43
ENSONIG00000014473	18	2	62
ENSONIG00000014475	0	0	0
ENSONIG00000014476	0	2	6
ENSONIG00000014478	1	0	10
ENSONIG00000014479	19	1	6
ENSONIG00000014480	9	0	2
ENSONIG00000014481	4	0	26
ENSONIG00000014482	0	3	0
ENSONIG00000014483	5	0	11
ENSONIG00000014484	28	5	25
ENSONIG00000014485	2	0	12
ENSONIG00000014486	9	2	39
ENSONIG00000014488	6	3	42
ENSONIG00000014489	2	0	2
ENSONIG00000014490	0	0	0
ENSONIG00000014492	1	0	5
ENSONIG00000014493	2	1	31
ENSONIG00000014495	6	5	16
ENSONIG00000014496	3	1	0
ENSONIG00000014498	3	1	32
ENSONIG00000014501	0	0	8
ENSONIG00000014502	6	2	22
ENSONIG00000014503	0	0	11
ENSONIG00000014504	8	0	14
ENSONIG00000014505	5	5	56
ENSONIG00000014506	5	0	1
ENSONIG00000014507	0	0	35
ENSONIG00000014508	3	0	0
ENSONIG00000014509	15	0	6
ENSONIG00000014510	6	2	5
ENSONIG00000014513	0	0	0
ENSONIG00000014514	9	3	21
ENSONIG00000014515	0	0	1
ENSONIG00000014516	0	0	0
ENSONIG00000014517	3	4	10
ENSONIG00000014518	1	0	9
ENSONIG00000014519	1	0	10
ENSONIG00000014520	61	6	6
ENSONIG00000014521	7	5	18
ENSONIG00000014522	0	0	4
ENSONIG00000014524	0	1	18
ENSONIG00000014525	2	0	23
ENSONIG00000014526	31346	75611	166628
ENSONIG00000014527	2	3	4
ENSONIG00000014528	5	0	2
ENSONIG00000014531	1	0	2
ENSONIG00000014532	66	53	98
ENSONIG00000014533	0	1	0
ENSONIG00000014534	3	3	58
ENSONIG00000014535	0	0	1
ENSONIG00000014536	108	6	42
ENSONIG00000014537	20	26	24
ENSONIG00000014538	4	0	13
ENSONIG00000014540	30	77	68
ENSONIG00000014541	53	43	36
ENSONIG00000014542	1	2	16
ENSONIG00000014544	0	0	7
ENSONIG00000014545	5	0	8
ENSONIG00000014546	3	0	8
ENSONIG00000014548	0	0	0
ENSONIG00000014549	0	0	9
ENSONIG00000014550	0	0	0
ENSONIG00000014551	16	6	20
ENSONIG00000014554	4	11	127
ENSONIG00000014557	0	0	0
ENSONIG00000014558	0	0	0
ENSONIG00000014559	876	24	130
ENSONIG00000014562	1	2	37
ENSONIG00000014563	0	0	0
ENSONIG00000014564	1	1	58
ENSONIG00000014566	14	4	44
ENSONIG00000014567	2	3	10
ENSONIG00000014568	1	0	1
ENSONIG00000014569	4	2	14
ENSONIG00000014570	2	3	42
ENSONIG00000014571	0	0	1
ENSONIG00000014572	2	5	4
ENSONIG00000014573	1	0	3
ENSONIG00000014574	1	0	13
ENSONIG00000014576	4	4	17
ENSONIG00000014577	0	1	6
ENSONIG00000014578	2	1	25
ENSONIG00000014579	53	0	3
ENSONIG00000014581	1	0	0
ENSONIG00000014582	0	0	0
ENSONIG00000014583	1	0	2
ENSONIG00000014584	0	0	0
ENSONIG00000014585	0	0	2
ENSONIG00000014586	2	1	24
ENSONIG00000014588	0	0	17
ENSONIG00000014590	0	2	6
ENSONIG00000014591	6	0	5
ENSONIG00000014592	0	0	0
ENSONIG00000014593	0	0	0
ENSONIG00000014594	2	0	5
ENSONIG00000014595	1	0	15
ENSONIG00000014596	0	0	25
ENSONIG00000014597	3	1	2
ENSONIG00000014598	7	4	15
ENSONIG00000014599	1	0	0
ENSONIG00000014600	3	0	14
ENSONIG00000014601	70	19	283
ENSONIG00000014602	3	3	32
ENSONIG00000014603	1	2	12
ENSONIG00000014604	0	2	38
ENSONIG00000014606	3	0	5
ENSONIG00000014607	9	9	52
ENSONIG00000014608	1	0	0
ENSONIG00000014609	0	0	6
ENSONIG00000014610	4	0	3
ENSONIG00000014611	2	4	14
ENSONIG00000014612	19	8	75
ENSONIG00000014613	6	5	161
ENSONIG00000014614	49	5	48
ENSONIG00000014615	14	0	2
ENSONIG00000014616	5	0	11
ENSONIG00000014617	1	1	14
ENSONIG00000014618	73	0	4
ENSONIG00000014619	1	1	6
ENSONIG00000014621	77	14	49
ENSONIG00000014622	4	1	17
ENSONIG00000014623	0	0	37
ENSONIG00000014624	2	0	15
ENSONIG00000014625	11	9	109
ENSONIG00000014626	2	0	6
ENSONIG00000014627	3	0	0
ENSONIG00000014631	0	1	9
ENSONIG00000014632	0	0	14
ENSONIG00000014633	0	1	2
ENSONIG00000014634	7	19	38
ENSONIG00000014635	0	0	18
ENSONIG00000014636	2	2	23
ENSONIG00000014637	131	151	167
ENSONIG00000014638	2	1	2
ENSONIG00000014639	1	5	107
ENSONIG00000014640	0	0	1
ENSONIG00000014642	10	0	0
ENSONIG00000014643	0	0	0
ENSONIG00000014644	0	14	87
ENSONIG00000014645	0	0	0
ENSONIG00000014646	0	1	104
ENSONIG00000014647	69	2	2
ENSONIG00000014648	1	0	3
ENSONIG00000014649	9	0	6
ENSONIG00000014650	0	0	0
ENSONIG00000014652	20	1	41
ENSONIG00000014653	3	5	106
ENSONIG00000014655	0	0	52
ENSONIG00000014656	0	0	3
ENSONIG00000014661	0	2	76
ENSONIG00000014662	0	0	0
ENSONIG00000014663	1	3	37
ENSONIG00000014664	0	0	0
ENSONIG00000014665	0	0	2
ENSONIG00000014666	0	0	0
ENSONIG00000014667	395	2	18
ENSONIG00000014670	2	2	45
ENSONIG00000014672	3	0	8
ENSONIG00000014673	1	0	14
ENSONIG00000014674	1	0	3
ENSONIG00000014675	2	0	0
ENSONIG00000014676	0	0	0
ENSONIG00000014677	0	0	7
ENSONIG00000014678	0	0	0
ENSONIG00000014679	0	0	0
ENSONIG00000014680	0	0	0
ENSONIG00000014683	3	4	12
ENSONIG00000014684	0	0	2
ENSONIG00000014685	0	5	14
ENSONIG00000014686	3	0	23
ENSONIG00000014687	9	14	38
ENSONIG00000014688	2	0	25
ENSONIG00000014689	4	0	12
ENSONIG00000014690	42	14	41
ENSONIG00000014692	31	17	474
ENSONIG00000014695	1	0	1
ENSONIG00000014696	0	0	0
ENSONIG00000014697	82	3	59
ENSONIG00000014698	1	7	42
ENSONIG00000014699	0	0	0
ENSONIG00000014700	0	0	0
ENSONIG00000014701	6	0	4
ENSONIG00000014702	1	0	7
ENSONIG00000014703	0	0	1
ENSONIG00000014704	9	5	93
ENSONIG00000014705	4	0	1
ENSONIG00000014706	0	0	0
ENSONIG00000014707	0	1	6
ENSONIG00000014708	3	0	21
ENSONIG00000014709	0	0	3
ENSONIG00000014710	2	4	43
ENSONIG00000014711	15	7	18
ENSONIG00000014712	0	0	18
ENSONIG00000014713	2	2	17
ENSONIG00000014714	2	1	25
ENSONIG00000014716	0	1	1
ENSONIG00000014717	5	0	9
ENSONIG00000014718	2	1	10
ENSONIG00000014719	0	0	1
ENSONIG00000014720	1	0	4
ENSONIG00000014721	0	0	11
ENSONIG00000014722	0	0	0
ENSONIG00000014723	5	6	65
ENSONIG00000014724	2	2	12
ENSONIG00000014725	23	134	123
ENSONIG00000014728	1	2	1
ENSONIG00000014729	0	0	0
ENSONIG00000014730	0	1	3
ENSONIG00000014731	0	0	16
ENSONIG00000014732	0	0	0
ENSONIG00000014733	3	0	0
ENSONIG00000014735	6	5	10
ENSONIG00000014736	0	0	0
ENSONIG00000014737	2	5	65
ENSONIG00000014738	0	0	2
ENSONIG00000014739	10	3	12
ENSONIG00000014740	2	9	21
ENSONIG00000014741	0	0	0
ENSONIG00000014742	2	0	1
ENSONIG00000014743	4	0	26
ENSONIG00000014744	9	30	898
ENSONIG00000014747	0	0	0
ENSONIG00000014748	0	1	2
ENSONIG00000014749	0	0	1
ENSONIG00000014750	1	0	0
ENSONIG00000014751	5	1	52
ENSONIG00000014752	0	0	0
ENSONIG00000014753	10	2	28
ENSONIG00000014754	2	0	5
ENSONIG00000014755	2	0	21
ENSONIG00000014756	0	0	0
ENSONIG00000014758	0	0	6
ENSONIG00000014759	32	12	14
ENSONIG00000014760	0	1	1
ENSONIG00000014761	6	3	9
ENSONIG00000014762	1	10	15
ENSONIG00000014763	0	0	3
ENSONIG00000014764	0	0	9
ENSONIG00000014765	4	2	25
ENSONIG00000014766	0	0	1
ENSONIG00000014767	46	41	314
ENSONIG00000014768	0	0	1
ENSONIG00000014769	0	0	0
ENSONIG00000014770	0	0	8
ENSONIG00000014771	1	4	78
ENSONIG00000014772	0	0	33
ENSONIG00000014773	189	142	959
ENSONIG00000014775	0	0	0
ENSONIG00000014776	13	0	1
ENSONIG00000014777	9	14	32
ENSONIG00000014778	7	0	0
ENSONIG00000014779	8	4	102
ENSONIG00000014780	0	0	0
ENSONIG00000014781	3	2	0
ENSONIG00000014782	6	9	119
ENSONIG00000014783	3	0	6
ENSONIG00000014784	1	0	3
ENSONIG00000014786	1	0	5
ENSONIG00000014787	1	0	4
ENSONIG00000014788	2	0	12
ENSONIG00000014789	2	0	10
ENSONIG00000014790	7	28	26
ENSONIG00000014791	3	0	1
ENSONIG00000014792	5	1	16
ENSONIG00000014793	0	0	2
ENSONIG00000014795	0	0	1
ENSONIG00000014796	0	0	3
ENSONIG00000014797	2	0	6
ENSONIG00000014798	6	3	24
ENSONIG00000014799	3	0	24
ENSONIG00000014801	1	0	0
ENSONIG00000014802	0	0	0
ENSONIG00000014803	156	327	326
ENSONIG00000014804	7	4	4
ENSONIG00000014805	1	1	85
ENSONIG00000014806	0	0	0
ENSONIG00000014807	2	6	46
ENSONIG00000014808	1	1	14
ENSONIG00000014809	16	0	41
ENSONIG00000014810	1	1	1
ENSONIG00000014812	14	5	80
ENSONIG00000014813	2	2	51
ENSONIG00000014814	0	0	3
ENSONIG00000014815	15	4	4
ENSONIG00000014816	8	0	2
ENSONIG00000014818	1	3	46
ENSONIG00000014819	9	0	33
ENSONIG00000014821	0	0	0
ENSONIG00000014822	0	0	0
ENSONIG00000014823	1	0	2
ENSONIG00000014824	0	0	0
ENSONIG00000014825	0	0	2
ENSONIG00000014826	0	0	0
ENSONIG00000014828	11	4	29
ENSONIG00000014829	4	1	6
ENSONIG00000014830	3	0	25
ENSONIG00000014831	3	8	12
ENSONIG00000014832	7	0	3
ENSONIG00000014833	2	0	7
ENSONIG00000014834	5	5	21
ENSONIG00000014835	6	5	28
ENSONIG00000014836	0	1	0
ENSONIG00000014838	12	5	103
ENSONIG00000014839	0	0	0
ENSONIG00000014840	0	0	6
ENSONIG00000014841	0	1	6
ENSONIG00000014842	0	0	0
ENSONIG00000014844	0	0	1
ENSONIG00000014845	1	0	6
ENSONIG00000014846	3	2	6
ENSONIG00000014848	0	0	4
ENSONIG00000014851	0	0	0
ENSONIG00000014853	0	1	17
ENSONIG00000014854	6	0	47
ENSONIG00000014855	2	1	0
ENSONIG00000014857	1	1	3
ENSONIG00000014860	3	0	3
ENSONIG00000014861	0	0	8
ENSONIG00000014862	1	0	0
ENSONIG00000014863	0	0	0
ENSONIG00000014864	0	3	9
ENSONIG00000014866	1	0	8
ENSONIG00000014868	2	0	1
ENSONIG00000014869	6	0	18
ENSONIG00000014870	6	0	7
ENSONIG00000014872	0	0	0
ENSONIG00000014873	5	0	11
ENSONIG00000014874	1	0	6
ENSONIG00000014875	2	8	10
ENSONIG00000014876	0	0	2
ENSONIG00000014877	0	0	7
ENSONIG00000014878	14	0	0
ENSONIG00000014879	43	1	2
ENSONIG00000014881	3	1	1
ENSONIG00000014882	2	8	329
ENSONIG00000014884	4	1	20
ENSONIG00000014885	1	0	6
ENSONIG00000014886	0	0	1
ENSONIG00000014887	0	0	0
ENSONIG00000014888	4	1	9
ENSONIG00000014889	0	0	0
ENSONIG00000014890	11	3	97
ENSONIG00000014891	0	0	0
ENSONIG00000014893	0	0	0
ENSONIG00000014894	0	0	0
ENSONIG00000014895	0	0	0
ENSONIG00000014896	4	6	32
ENSONIG00000014897	3	0	0
ENSONIG00000014901	0	1	5
ENSONIG00000014902	7	0	28
ENSONIG00000014903	2	1	32
ENSONIG00000014904	0	0	1
ENSONIG00000014907	0	0	0
ENSONIG00000014909	8	3	12
ENSONIG00000014911	1	0	54
ENSONIG00000014912	0	4	22
ENSONIG00000014913	4	2	21
ENSONIG00000014914	5	0	31
ENSONIG00000014915	1	0	17
ENSONIG00000014916	2	0	0
ENSONIG00000014917	63	2	6
ENSONIG00000014918	5	0	13
ENSONIG00000014919	11	0	3
ENSONIG00000014920	0	0	0
ENSONIG00000014921	1	0	1
ENSONIG00000014922	0	0	0
ENSONIG00000014923	0	0	0
ENSONIG00000014924	1	1	24
ENSONIG00000014925	0	1	12
ENSONIG00000014926	5	1	8
ENSONIG00000014927	13	0	6
ENSONIG00000014928	0	0	0
ENSONIG00000014929	0	1	21
ENSONIG00000014930	28	0	21
ENSONIG00000014931	0	0	0
ENSONIG00000014932	4	5	62
ENSONIG00000014933	10	0	0
ENSONIG00000014934	0	0	0
ENSONIG00000014938	0	0	0
ENSONIG00000014946	0	0	0
ENSONIG00000014947	3	1	0
ENSONIG00000014948	323	57	105
ENSONIG00000014949	8	0	6
ENSONIG00000014951	0	0	6
ENSONIG00000014952	0	0	0
ENSONIG00000014953	0	0	13
ENSONIG00000014954	3	1	22
ENSONIG00000014955	3	1	16
ENSONIG00000014956	10	7	82
ENSONIG00000014957	1	0	2
ENSONIG00000014958	0	0	13
ENSONIG00000014959	1	2	51
ENSONIG00000014961	1	0	2
ENSONIG00000014962	6	1	10
ENSONIG00000014963	0	0	23
ENSONIG00000014965	0	3	5
ENSONIG00000014966	5	4	20
ENSONIG00000014967	10	17	162
ENSONIG00000014968	4	2	33
ENSONIG00000014969	16	12	66
ENSONIG00000014970	3	2	91
ENSONIG00000014971	1	0	2
ENSONIG00000014972	0	3	0
ENSONIG00000014973	1	1	21
ENSONIG00000014974	1	2	7
ENSONIG00000014975	0	0	5
ENSONIG00000014976	4	0	15
ENSONIG00000014977	0	3	20
ENSONIG00000014979	2	0	6
ENSONIG00000014980	0	0	0
ENSONIG00000014981	0	0	0
ENSONIG00000014982	1	12	147
ENSONIG00000014983	4	2	14
ENSONIG00000014984	1	0	18
ENSONIG00000014985	15	5	36
ENSONIG00000014986	1	0	10
ENSONIG00000014987	6	0	18
ENSONIG00000014988	7	6	74
ENSONIG00000014989	0	0	5
ENSONIG00000014990	2	1	12
ENSONIG00000014991	46	11	14
ENSONIG00000014993	2	52	44
ENSONIG00000014994	0	0	39
ENSONIG00000014995	3	0	17
ENSONIG00000014996	4	4	156
ENSONIG00000014997	0	0	1
ENSONIG00000014999	0	0	0
ENSONIG00000015000	0	1	15
ENSONIG00000015001	0	1	3
ENSONIG00000015002	9	1	32
ENSONIG00000015003	3	1	20
ENSONIG00000015004	0	0	0
ENSONIG00000015005	8	5	47
ENSONIG00000015006	8	5	94
ENSONIG00000015007	0	0	14
ENSONIG00000015008	1	0	0
ENSONIG00000015009	4	0	6
ENSONIG00000015010	1	3	14
ENSONIG00000015011	0	0	0
ENSONIG00000015014	0	0	0
ENSONIG00000015015	0	0	0
ENSONIG00000015018	12	0	0
ENSONIG00000015020	0	0	15
ENSONIG00000015021	1	2	2
ENSONIG00000015022	0	0	12
ENSONIG00000015023	0	0	0
ENSONIG00000015024	0	0	0
ENSONIG00000015026	19	2	17
ENSONIG00000015027	4	0	1
ENSONIG00000015028	7	10	107
ENSONIG00000015029	1	0	11
ENSONIG00000015031	0	0	0
ENSONIG00000015032	13	1	32
ENSONIG00000015033	1	0	10
ENSONIG00000015036	0	0	1
ENSONIG00000015038	2	2	20
ENSONIG00000015039	15	3	39
ENSONIG00000015040	0	0	0
ENSONIG00000015041	0	0	15
ENSONIG00000015042	0	0	2
ENSONIG00000015043	2	1	6
ENSONIG00000015044	132	13	80
ENSONIG00000015046	0	1	2
ENSONIG00000015047	2	4	8
ENSONIG00000015048	0	0	0
ENSONIG00000015049	2	0	3
ENSONIG00000015050	5	3	0
ENSONIG00000015051	14	5	44
ENSONIG00000015052	1	4	1
ENSONIG00000015054	0	0	0
ENSONIG00000015055	117	143	123
ENSONIG00000015056	4	1	5
ENSONIG00000015057	2	0	4
ENSONIG00000015058	0	0	0
ENSONIG00000015059	12	20	52
ENSONIG00000015060	6	9	98
ENSONIG00000015061	1	2	34
ENSONIG00000015064	1	0	0
ENSONIG00000015066	1	1	34
ENSONIG00000015067	1	0	0
ENSONIG00000015069	0	0	0
ENSONIG00000015070	0	5	2
ENSONIG00000015072	0	0	8
ENSONIG00000015073	0	0	0
ENSONIG00000015074	0	0	2
ENSONIG00000015075	0	0	0
ENSONIG00000015076	1	1	7
ENSONIG00000015078	11	2	33
ENSONIG00000015079	0	0	0
ENSONIG00000015083	0	0	2
ENSONIG00000015084	0	2	19
ENSONIG00000015085	0	0	1
ENSONIG00000015086	3	0	95
ENSONIG00000015087	7	0	8
ENSONIG00000015088	5	0	0
ENSONIG00000015090	420	47	333
ENSONIG00000015091	0	1	19
ENSONIG00000015092	54	23	41
ENSONIG00000015095	4	0	33
ENSONIG00000015097	1	4	355
ENSONIG00000015098	1	0	22
ENSONIG00000015101	1	4	35
ENSONIG00000015103	1	0	1
ENSONIG00000015104	0	0	0
ENSONIG00000015105	0	0	11
ENSONIG00000015107	1	0	0
ENSONIG00000015108	9	1	11
ENSONIG00000015109	1	0	11
ENSONIG00000015110	16	3	7
ENSONIG00000015111	2	0	11
ENSONIG00000015112	0	0	0
ENSONIG00000015114	0	2	100
ENSONIG00000015115	9	0	11
ENSONIG00000015116	13	0	7
ENSONIG00000015117	12	0	2
ENSONIG00000015118	10	1	28
ENSONIG00000015119	0	0	0
ENSONIG00000015120	0	0	10
ENSONIG00000015121	25	13	2
ENSONIG00000015122	32	59	91
ENSONIG00000015123	3	1	12
ENSONIG00000015124	16	10	45
ENSONIG00000015125	1	0	3
ENSONIG00000015126	5	3	25
ENSONIG00000015127	0	0	1
ENSONIG00000015128	0	0	3
ENSONIG00000015129	0	0	1
ENSONIG00000015130	0	0	0
ENSONIG00000015131	2	4	39
ENSONIG00000015132	2	0	1
ENSONIG00000015133	0	5	50
ENSONIG00000015134	0	0	12
ENSONIG00000015136	19	14	111
ENSONIG00000015137	78	8	62
ENSONIG00000015138	1	1	11
ENSONIG00000015139	0	1	27
ENSONIG00000015140	0	0	4
ENSONIG00000015143	1	0	2
ENSONIG00000015144	4	1	6
ENSONIG00000015145	1	0	0
ENSONIG00000015146	0	2	7
ENSONIG00000015147	0	2	16
ENSONIG00000015148	17	5	53
ENSONIG00000015149	0	0	0
ENSONIG00000015150	0	0	0
ENSONIG00000015151	0	0	1
ENSONIG00000015152	1	1	4
ENSONIG00000015154	1	1	22
ENSONIG00000015155	0	0	1
ENSONIG00000015158	1	0	1
ENSONIG00000015159	2	1	5
ENSONIG00000015160	4	5	24
ENSONIG00000015161	0	0	142
ENSONIG00000015162	0	0	1
ENSONIG00000015163	8	1	8
ENSONIG00000015165	1523	91	118
ENSONIG00000015166	0	0	0
ENSONIG00000015168	1	0	2
ENSONIG00000015169	4	0	7
ENSONIG00000015170	9	3	42
ENSONIG00000015171	3	1	5
ENSONIG00000015173	0	0	15
ENSONIG00000015174	6	5	110
ENSONIG00000015175	0	2	9
ENSONIG00000015176	50	4	152
ENSONIG00000015177	0	0	2
ENSONIG00000015178	1	0	11
ENSONIG00000015179	15	2	5
ENSONIG00000015180	4	0	2
ENSONIG00000015181	1	0	3
ENSONIG00000015182	4	1	11
ENSONIG00000015183	2	1	23
ENSONIG00000015184	0	0	1
ENSONIG00000015185	0	0	9
ENSONIG00000015186	34	64	1452
ENSONIG00000015187	6	3	40
ENSONIG00000015188	0	1	37
ENSONIG00000015189	3	0	0
ENSONIG00000015190	0	0	10
ENSONIG00000015192	0	6	28
ENSONIG00000015193	2	1	4
ENSONIG00000015194	1	3	4
ENSONIG00000015195	0	0	7
ENSONIG00000015196	8	7	89
ENSONIG00000015199	3	0	5
ENSONIG00000015202	1	0	0
ENSONIG00000015203	0	2	11
ENSONIG00000015204	5	2	47
ENSONIG00000015205	14	3	13
ENSONIG00000015206	0	0	7
ENSONIG00000015207	0	0	2
ENSONIG00000015208	0	0	7
ENSONIG00000015209	0	0	2
ENSONIG00000015211	4	2	25
ENSONIG00000015214	0	0	0
ENSONIG00000015216	0	0	3
ENSONIG00000015218	0	0	0
ENSONIG00000015219	5	5	8
ENSONIG00000015220	0	0	7
ENSONIG00000015221	0	0	4
ENSONIG00000015222	0	0	0
ENSONIG00000015224	0	0	7
ENSONIG00000015225	11	8	200
ENSONIG00000015226	0	0	0
ENSONIG00000015228	2	2	61
ENSONIG00000015230	19	1	167
ENSONIG00000015231	0	0	0
ENSONIG00000015232	0	0	0
ENSONIG00000015233	0	0	1
ENSONIG00000015234	0	0	16
ENSONIG00000015235	0	0	0
ENSONIG00000015236	0	0	0
ENSONIG00000015237	0	0	37
ENSONIG00000015238	0	0	0
ENSONIG00000015239	0	0	0
ENSONIG00000015240	1	1	4
ENSONIG00000015241	0	0	0
ENSONIG00000015243	0	0	0
ENSONIG00000015245	0	0	0
ENSONIG00000015246	0	0	1
ENSONIG00000015248	4	1	3
ENSONIG00000015249	2	1	5
ENSONIG00000015250	0	0	8
ENSONIG00000015251	17	8	285
ENSONIG00000015252	1	2	32
ENSONIG00000015253	0	0	2
ENSONIG00000015254	0	3	8
ENSONIG00000015257	12	7	295
ENSONIG00000015258	2	1	0
ENSONIG00000015259	10	6	127
ENSONIG00000015261	0	0	0
ENSONIG00000015262	1	0	1
ENSONIG00000015263	0	0	1
ENSONIG00000015265	0	1	1
ENSONIG00000015266	3038	188	101
ENSONIG00000015267	0	0	0
ENSONIG00000015268	1	1	31
ENSONIG00000015269	0	0	1
ENSONIG00000015270	5	4	9
ENSONIG00000015271	1	0	1
ENSONIG00000015272	18	8	13
ENSONIG00000015273	0	1	47
ENSONIG00000015274	0	0	0
ENSONIG00000015275	0	1	13
ENSONIG00000015276	0	0	1
ENSONIG00000015277	0	0	0
ENSONIG00000015280	10	1	38
ENSONIG00000015281	0	0	1
ENSONIG00000015282	0	0	0
ENSONIG00000015283	1	3	16
ENSONIG00000015284	10	2	43
ENSONIG00000015285	0	0	30
ENSONIG00000015287	0	4	24
ENSONIG00000015288	0	1	2
ENSONIG00000015289	1	4	13
ENSONIG00000015292	3	4	11
ENSONIG00000015293	0	0	11
ENSONIG00000015294	2	3	10
ENSONIG00000015295	2	7	140
ENSONIG00000015297	0	0	0
ENSONIG00000015298	0	0	0
ENSONIG00000015299	2	0	0
ENSONIG00000015300	0	0	5
ENSONIG00000015301	0	0	27
ENSONIG00000015302	0	1	45
ENSONIG00000015303	6	0	1
ENSONIG00000015306	0	0	0
ENSONIG00000015307	1	23	10
ENSONIG00000015309	0	0	0
ENSONIG00000015310	2	0	4
ENSONIG00000015311	2	1	25
ENSONIG00000015312	8	4	30
ENSONIG00000015313	7	2	54
ENSONIG00000015314	23	22	622
ENSONIG00000015316	0	0	5
ENSONIG00000015317	1	0	11
ENSONIG00000015318	4	0	1
ENSONIG00000015319	7	3	60
ENSONIG00000015320	1	1	71
ENSONIG00000015321	5	0	16
ENSONIG00000015322	0	0	2
ENSONIG00000015323	0	0	5
ENSONIG00000015324	0	2	25
ENSONIG00000015325	3	22	34
ENSONIG00000015326	1	1	6
ENSONIG00000015327	12	2	14
ENSONIG00000015330	10	2	81
ENSONIG00000015331	0	0	0
ENSONIG00000015332	0	0	2
ENSONIG00000015333	0	0	12
ENSONIG00000015334	1	1	8
ENSONIG00000015336	3	6	63
ENSONIG00000015338	3	2	43
ENSONIG00000015339	0	0	0
ENSONIG00000015340	2	0	1
ENSONIG00000015341	3	0	17
ENSONIG00000015342	0	0	16
ENSONIG00000015343	3	1	9
ENSONIG00000015344	18	1	13
ENSONIG00000015345	9	0	28
ENSONIG00000015346	3	2	38
ENSONIG00000015348	3	0	27
ENSONIG00000015349	0	0	0
ENSONIG00000015350	0	0	0
ENSONIG00000015351	2	2	4
ENSONIG00000015352	0	0	0
ENSONIG00000015353	2	1	12
ENSONIG00000015355	1	0	3
ENSONIG00000015357	3	0	1
ENSONIG00000015360	3	4	0
ENSONIG00000015361	0	0	0
ENSONIG00000015363	0	1	48
ENSONIG00000015367	0	3	22
ENSONIG00000015368	1	2	14
ENSONIG00000015369	4	0	1
ENSONIG00000015370	28	95	67
ENSONIG00000015371	0	0	0
ENSONIG00000015373	0	0	5
ENSONIG00000015376	0	0	1
ENSONIG00000015377	3	2	6
ENSONIG00000015378	0	0	0
ENSONIG00000015379	0	0	3
ENSONIG00000015380	5	3	1
ENSONIG00000015381	9	4	7
ENSONIG00000015382	17	0	11
ENSONIG00000015383	0	33	169
ENSONIG00000015385	0	0	9
ENSONIG00000015386	0	0	1
ENSONIG00000015388	0	0	2
ENSONIG00000015389	299	93	106
ENSONIG00000015390	32	84	155
ENSONIG00000015391	0	0	9
ENSONIG00000015392	2	4	35
ENSONIG00000015393	2	6	3
ENSONIG00000015395	6	3	21
ENSONIG00000015396	0	0	0
ENSONIG00000015398	14	7	105
ENSONIG00000015399	332	203	140
ENSONIG00000015400	3	0	14
ENSONIG00000015401	0	0	0
ENSONIG00000015402	0	0	11
ENSONIG00000015403	0	0	6
ENSONIG00000015404	3	1	20
ENSONIG00000015405	2	2	24
ENSONIG00000015407	0	0	12
ENSONIG00000015408	0	0	3
ENSONIG00000015409	20	3	27
ENSONIG00000015410	0	0	0
ENSONIG00000015411	2	0	25
ENSONIG00000015412	0	0	0
ENSONIG00000015413	35	29	311
ENSONIG00000015414	49	110	73
ENSONIG00000015415	2	2	45
ENSONIG00000015416	86	3	30
ENSONIG00000015420	0	1	111
ENSONIG00000015421	27	1	4
ENSONIG00000015422	60	51	87
ENSONIG00000015424	2	1	8
ENSONIG00000015425	0	0	2
ENSONIG00000015426	0	1	0
ENSONIG00000015427	0	0	3
ENSONIG00000015428	1	0	0
ENSONIG00000015429	1	0	7
ENSONIG00000015430	2	1	2
ENSONIG00000015431	2	0	15
ENSONIG00000015433	15	0	18
ENSONIG00000015435	0	0	0
ENSONIG00000015436	0	0	9
ENSONIG00000015437	1	1	1
ENSONIG00000015438	515	213	8118
ENSONIG00000015439	3	1	12
ENSONIG00000015441	0	0	0
ENSONIG00000015442	0	0	0
ENSONIG00000015444	0	0	0
ENSONIG00000015446	0	0	0
ENSONIG00000015447	0	0	0
ENSONIG00000015451	1	0	0
ENSONIG00000015452	58	4	17
ENSONIG00000015453	8221	15541	24347
ENSONIG00000015454	16	1	9
ENSONIG00000015456	0	2	6
ENSONIG00000015457	0	0	0
ENSONIG00000015459	0	0	0
ENSONIG00000015460	7	2	19
ENSONIG00000015461	0	0	0
ENSONIG00000015463	0	4	24
ENSONIG00000015464	86	26	30
ENSONIG00000015465	0	0	22
ENSONIG00000015466	0	0	0
ENSONIG00000015468	2	13	87
ENSONIG00000015469	0	0	0
ENSONIG00000015470	0	2	6
ENSONIG00000015471	0	0	1
ENSONIG00000015473	3	23	7
ENSONIG00000015474	1	0	0
ENSONIG00000015475	1	3	8
ENSONIG00000015476	13	0	2
ENSONIG00000015477	8	1	7
ENSONIG00000015478	15	0	28
ENSONIG00000015479	3	0	2
ENSONIG00000015480	0	2	22
ENSONIG00000015481	0	1	1
ENSONIG00000015482	1	1	2
ENSONIG00000015483	2	5	24
ENSONIG00000015484	1	0	0
ENSONIG00000015486	2	0	7
ENSONIG00000015488	11	0	4
ENSONIG00000015489	0	0	5
ENSONIG00000015492	2	0	4
ENSONIG00000015493	1	4	46
ENSONIG00000015494	0	0	0
ENSONIG00000015496	0	0	8
ENSONIG00000015497	2	0	1
ENSONIG00000015498	0	0	10
ENSONIG00000015499	0	0	0
ENSONIG00000015500	0	0	0
ENSONIG00000015501	1	0	31
ENSONIG00000015503	0	0	0
ENSONIG00000015505	0	0	1
ENSONIG00000015506	0	1	13
ENSONIG00000015508	0	0	1
ENSONIG00000015509	2	0	3
ENSONIG00000015510	11	3	16
ENSONIG00000015512	3	1	15
ENSONIG00000015514	1	3	6
ENSONIG00000015515	0	0	0
ENSONIG00000015517	0	0	4
ENSONIG00000015518	31	32	58
ENSONIG00000015519	0	1	8
ENSONIG00000015520	0	0	3
ENSONIG00000015521	80	23	17
ENSONIG00000015522	0	0	0
ENSONIG00000015523	2	7	11
ENSONIG00000015524	1	1	13
ENSONIG00000015525	1	1	4
ENSONIG00000015526	3	1	0
ENSONIG00000015528	14	30	910
ENSONIG00000015529	0	1	8
ENSONIG00000015534	0	0	0
ENSONIG00000015535	0	0	13
ENSONIG00000015536	4	2	78
ENSONIG00000015537	0	0	0
ENSONIG00000015538	0	0	24
ENSONIG00000015539	0	2	22
ENSONIG00000015540	8	4	15
ENSONIG00000015542	0	1	0
ENSONIG00000015543	0	0	0
ENSONIG00000015544	0	0	0
ENSONIG00000015545	2	1	2
ENSONIG00000015546	1	1	18
ENSONIG00000015547	1	2	3
ENSONIG00000015549	0	3	67
ENSONIG00000015550	0	0	1
ENSONIG00000015551	1	0	0
ENSONIG00000015557	0	0	0
ENSONIG00000015558	0	0	1
ENSONIG00000015560	4	2	50
ENSONIG00000015561	4	18	477
ENSONIG00000015562	0	0	0
ENSONIG00000015563	0	3	21
ENSONIG00000015565	2	0	0
ENSONIG00000015566	10	13	43
ENSONIG00000015567	0	0	3
ENSONIG00000015568	14	4	24
ENSONIG00000015569	6	4	50
ENSONIG00000015570	0	0	5
ENSONIG00000015571	1	0	22
ENSONIG00000015572	77	39	54
ENSONIG00000015573	0	0	3
ENSONIG00000015575	8	12	224
ENSONIG00000015576	4	1	13
ENSONIG00000015577	3	0	4
ENSONIG00000015580	1	0	1
ENSONIG00000015581	0	0	0
ENSONIG00000015582	1	0	4
ENSONIG00000015583	0	1	7
ENSONIG00000015584	10	4	6
ENSONIG00000015585	0	1	0
ENSONIG00000015586	0	0	3
ENSONIG00000015587	4	2	76
ENSONIG00000015588	0	0	0
ENSONIG00000015589	2	0	1
ENSONIG00000015590	0	1	18
ENSONIG00000015591	2	6	26
ENSONIG00000015592	1	0	46
ENSONIG00000015593	0	0	0
ENSONIG00000015596	0	0	37
ENSONIG00000015598	9	2	31
ENSONIG00000015599	0	0	0
ENSONIG00000015600	0	0	0
ENSONIG00000015601	0	0	3
ENSONIG00000015602	5	4	11
ENSONIG00000015603	0	0	1
ENSONIG00000015604	0	0	0
ENSONIG00000015605	0	0	3
ENSONIG00000015606	0	0	4
ENSONIG00000015607	0	0	2
ENSONIG00000015608	0	0	3
ENSONIG00000015609	1	4	6
ENSONIG00000015610	2	1	7
ENSONIG00000015611	1	11	33
ENSONIG00000015612	1	0	75
ENSONIG00000015613	0	1	5
ENSONIG00000015614	15	36	673
ENSONIG00000015615	0	0	0
ENSONIG00000015616	2	0	2
ENSONIG00000015618	12	3	3
ENSONIG00000015619	0	0	0
ENSONIG00000015621	0	0	0
ENSONIG00000015622	0	0	11
ENSONIG00000015623	4	7	18
ENSONIG00000015624	3	73	702
ENSONIG00000015625	40	0	19
ENSONIG00000015626	4	0	0
ENSONIG00000015627	0	0	4
ENSONIG00000015628	78	8	28
ENSONIG00000015629	0	2	36
ENSONIG00000015630	4	0	0
ENSONIG00000015632	0	0	3
ENSONIG00000015633	0	0	2
ENSONIG00000015636	11	7	41
ENSONIG00000015637	0	0	0
ENSONIG00000015639	4	8	40
ENSONIG00000015640	0	0	6
ENSONIG00000015643	27	10	74
ENSONIG00000015644	14	52	890
ENSONIG00000015646	1	0	6
ENSONIG00000015647	9	5	33
ENSONIG00000015649	1	3	45
ENSONIG00000015650	16	51	1424
ENSONIG00000015651	314	7	10
ENSONIG00000015652	21	11	9
ENSONIG00000015653	4	0	27
ENSONIG00000015654	93	30	64
ENSONIG00000015655	3	1	5
ENSONIG00000015657	26	0	2
ENSONIG00000015658	6	3	26
ENSONIG00000015659	0	0	4
ENSONIG00000015660	17	2	27
ENSONIG00000015661	0	0	13
ENSONIG00000015663	1	0	2
ENSONIG00000015664	0	0	3
ENSONIG00000015665	0	0	6
ENSONIG00000015666	0	0	0
ENSONIG00000015667	0	0	0
ENSONIG00000015668	0	1	0
ENSONIG00000015669	0	2	24
ENSONIG00000015670	107	57	103
ENSONIG00000015671	2	1	36
ENSONIG00000015672	0	0	4
ENSONIG00000015673	8	2	17
ENSONIG00000015674	0	0	6
ENSONIG00000015675	3	3	16
ENSONIG00000015676	1	0	14
ENSONIG00000015677	0	0	1
ENSONIG00000015678	2	0	18
ENSONIG00000015679	0	0	16
ENSONIG00000015680	0	0	0
ENSONIG00000015681	0	0	1
ENSONIG00000015682	0	0	2
ENSONIG00000015683	18	1	10
ENSONIG00000015684	0	0	3
ENSONIG00000015685	0	0	0
ENSONIG00000015686	0	3	14
ENSONIG00000015688	0	0	0
ENSONIG00000015689	17	3	115
ENSONIG00000015691	0	0	6
ENSONIG00000015693	8	7	121
ENSONIG00000015694	0	0	0
ENSONIG00000015695	2	0	10
ENSONIG00000015696	0	0	8
ENSONIG00000015697	0	4	51
ENSONIG00000015698	11	0	81
ENSONIG00000015699	7	0	36
ENSONIG00000015700	0	3	3
ENSONIG00000015703	2	0	22
ENSONIG00000015705	0	0	0
ENSONIG00000015706	0	0	24
ENSONIG00000015707	0	0	5
ENSONIG00000015708	0	2	16
ENSONIG00000015709	4	4	20
ENSONIG00000015710	0	1	4
ENSONIG00000015712	3	3	44
ENSONIG00000015713	0	0	26
ENSONIG00000015714	4	1	13
ENSONIG00000015715	2	2	18
ENSONIG00000015717	0	0	0
ENSONIG00000015718	4	0	1
ENSONIG00000015719	29	1	46
ENSONIG00000015720	0	0	4
ENSONIG00000015721	1	0	7
ENSONIG00000015722	2	0	17
ENSONIG00000015723	53	29	21
ENSONIG00000015724	1	0	0
ENSONIG00000015725	8	2	14
ENSONIG00000015726	1	0	11
ENSONIG00000015727	1	0	19
ENSONIG00000015728	5	1	68
ENSONIG00000015729	2	0	1
ENSONIG00000015730	5	1	27
ENSONIG00000015731	2	1	12
ENSONIG00000015733	12	18	179
ENSONIG00000015736	0	0	2
ENSONIG00000015737	0	0	1
ENSONIG00000015738	5	3	62
ENSONIG00000015740	0	0	0
ENSONIG00000015741	2	1	5
ENSONIG00000015742	1	0	5
ENSONIG00000015743	0	0	0
ENSONIG00000015745	0	0	1
ENSONIG00000015746	0	0	0
ENSONIG00000015748	0	3	75
ENSONIG00000015749	18	2	27
ENSONIG00000015751	0	0	4
ENSONIG00000015753	6	0	0
ENSONIG00000015756	1	0	8
ENSONIG00000015757	8	4	53
ENSONIG00000015758	2	0	6
ENSONIG00000015759	1	0	6
ENSONIG00000015760	1	0	16
ENSONIG00000015761	1	3	18
ENSONIG00000015763	2	0	27
ENSONIG00000015764	1	0	0
ENSONIG00000015766	30	5	95
ENSONIG00000015767	11	0	0
ENSONIG00000015768	0	0	0
ENSONIG00000015769	0	0	0
ENSONIG00000015770	0	0	0
ENSONIG00000015771	0	0	0
ENSONIG00000015772	8	5	41
ENSONIG00000015773	2	1	7
ENSONIG00000015775	0	0	1
ENSONIG00000015776	6	0	10
ENSONIG00000015777	0	0	0
ENSONIG00000015778	7	0	24
ENSONIG00000015779	0	0	6
ENSONIG00000015780	0	2	0
ENSONIG00000015781	0	0	8
ENSONIG00000015782	0	0	5
ENSONIG00000015783	2	0	0
ENSONIG00000015784	5	2	11
ENSONIG00000015785	0	0	0
ENSONIG00000015786	0	0	0
ENSONIG00000015787	0	0	0
ENSONIG00000015789	0	3	10
ENSONIG00000015790	28	3	27
ENSONIG00000015791	1	0	37
ENSONIG00000015792	0	0	0
ENSONIG00000015793	7	5	49
ENSONIG00000015794	4	7	7
ENSONIG00000015795	1	0	0
ENSONIG00000015796	0	0	13
ENSONIG00000015797	259	63	115
ENSONIG00000015801	1	1	3
ENSONIG00000015802	9	3	15
ENSONIG00000015803	5	1	13
ENSONIG00000015804	12	10	175
ENSONIG00000015806	26	1	9
ENSONIG00000015807	4	0	10
ENSONIG00000015808	2	0	17
ENSONIG00000015809	2	0	13
ENSONIG00000015810	3	0	0
ENSONIG00000015811	3	2	17
ENSONIG00000015812	3	4	85
ENSONIG00000015814	3593	562	726
ENSONIG00000015815	2	1	27
ENSONIG00000015816	2	0	3
ENSONIG00000015817	0	0	0
ENSONIG00000015818	0	0	0
ENSONIG00000015819	0	0	3
ENSONIG00000015820	2	0	5
ENSONIG00000015821	2	2	23
ENSONIG00000015823	1	2	13
ENSONIG00000015824	2	0	48
ENSONIG00000015825	12	3	41
ENSONIG00000015826	6	0	2
ENSONIG00000015829	0	0	0
ENSONIG00000015831	9	0	1
ENSONIG00000015832	3	1	11
ENSONIG00000015833	6	9	53
ENSONIG00000015834	6	5	53
ENSONIG00000015835	0	0	4
ENSONIG00000015836	39	3	6
ENSONIG00000015837	11	9	52
ENSONIG00000015839	14	8	10
ENSONIG00000015840	2	1	13
ENSONIG00000015841	1	0	0
ENSONIG00000015842	5	5	8
ENSONIG00000015843	1	1	12
ENSONIG00000015844	1	2	7
ENSONIG00000015845	0	0	0
ENSONIG00000015846	6	5	35
ENSONIG00000015847	6	1	4
ENSONIG00000015848	1	1	13
ENSONIG00000015849	1082	150	173
ENSONIG00000015850	24	2	33
ENSONIG00000015851	27	18	51
ENSONIG00000015852	1	0	4
ENSONIG00000015853	4	3	30
ENSONIG00000015855	0	0	1
ENSONIG00000015856	0	0	0
ENSONIG00000015857	4	3	57
ENSONIG00000015858	1	3	34
ENSONIG00000015860	0	0	2
ENSONIG00000015862	0	0	0
ENSONIG00000015865	11	3	24
ENSONIG00000015867	8	4	2
ENSONIG00000015868	1	2	4
ENSONIG00000015869	2	3	28
ENSONIG00000015870	0	0	0
ENSONIG00000015871	2	0	10
ENSONIG00000015872	0	0	33
ENSONIG00000015873	24	0	2
ENSONIG00000015874	2	2	4
ENSONIG00000015875	0	0	0
ENSONIG00000015876	107	2	3
ENSONIG00000015878	0	0	29
ENSONIG00000015879	0	2	20
ENSONIG00000015881	0	0	0
ENSONIG00000015882	4	8	134
ENSONIG00000015884	33	0	44
ENSONIG00000015885	0	0	43
ENSONIG00000015886	2	4	17
ENSONIG00000015888	0	0	11
ENSONIG00000015889	7	0	17
ENSONIG00000015890	3	5	0
ENSONIG00000015891	6	1	44
ENSONIG00000015893	5	3	71
ENSONIG00000015894	3	0	93
ENSONIG00000015895	8	6	30
ENSONIG00000015897	0	0	3
ENSONIG00000015898	0	0	3
ENSONIG00000015899	2	0	2
ENSONIG00000015900	7	0	14
ENSONIG00000015901	0	0	0
ENSONIG00000015903	1	0	5
ENSONIG00000015904	0	0	0
ENSONIG00000015905	3	1	0
ENSONIG00000015906	6	5	17
ENSONIG00000015907	5	1	27
ENSONIG00000015908	0	0	6
ENSONIG00000015909	7	7	119
ENSONIG00000015911	1	0	57
ENSONIG00000015912	0	0	0
ENSONIG00000015915	0	0	0
ENSONIG00000015916	0	3	16
ENSONIG00000015918	210	161	244
ENSONIG00000015919	0	3	7
ENSONIG00000015920	0	0	2
ENSONIG00000015922	2	3	8
ENSONIG00000015923	0	0	0
ENSONIG00000015924	5	2	7
ENSONIG00000015926	9	7	32
ENSONIG00000015928	0	0	10
ENSONIG00000015930	7	0	0
ENSONIG00000015931	2	4	29
ENSONIG00000015932	23	18	224
ENSONIG00000015934	1	0	2
ENSONIG00000015935	30	16	54
ENSONIG00000015936	0	0	0
ENSONIG00000015937	4	5	18
ENSONIG00000015938	1	2	5
ENSONIG00000015939	4	0	6
ENSONIG00000015940	5	2	18
ENSONIG00000015941	9	3	49
ENSONIG00000015943	6	0	7
ENSONIG00000015944	4	14	145
ENSONIG00000015946	3	3	11
ENSONIG00000015947	12	8	59
ENSONIG00000015948	153	130	283
ENSONIG00000015949	1	0	2
ENSONIG00000015950	1	0	6
ENSONIG00000015951	13	6	9
ENSONIG00000015952	7	1	25
ENSONIG00000015953	20	7	9
ENSONIG00000015954	7	1	76
ENSONIG00000015956	5	4	4
ENSONIG00000015957	1	0	6
ENSONIG00000015958	3	0	1
ENSONIG00000015959	3	0	2
ENSONIG00000015960	4	1	25
ENSONIG00000015961	0	0	0
ENSONIG00000015962	2	0	101
ENSONIG00000015963	0	0	1
ENSONIG00000015965	0	0	0
ENSONIG00000015966	2	0	49
ENSONIG00000015967	0	1	11
ENSONIG00000015969	13	29	278
ENSONIG00000015970	0	0	0
ENSONIG00000015971	0	0	0
ENSONIG00000015972	0	5	1
ENSONIG00000015974	0	0	2
ENSONIG00000015976	0	0	0
ENSONIG00000015977	0	1	0
ENSONIG00000015978	2	3	21
ENSONIG00000015979	5	0	73
ENSONIG00000015980	98	10	38
ENSONIG00000015981	0	0	1
ENSONIG00000015983	15	9	115
ENSONIG00000015984	3	3	0
ENSONIG00000015985	55	184	188
ENSONIG00000015986	15	1	9
ENSONIG00000015987	3	2	22
ENSONIG00000015988	0	0	2
ENSONIG00000015992	5	8	114
ENSONIG00000015993	0	0	1
ENSONIG00000015995	11	4	24
ENSONIG00000015997	0	0	3
ENSONIG00000015999	7	2	12
ENSONIG00000016000	1	0	25
ENSONIG00000016001	12	9	197
ENSONIG00000016002	0	0	35
ENSONIG00000016003	0	0	1
ENSONIG00000016004	16	3	1
ENSONIG00000016005	591	261	286
ENSONIG00000016006	2385	100	202
ENSONIG00000016008	56	15	47
ENSONIG00000016009	0	0	0
ENSONIG00000016010	2	10	6
ENSONIG00000016011	0	0	0
ENSONIG00000016012	53	7	65
ENSONIG00000016013	0	0	12
ENSONIG00000016014	1	0	18
ENSONIG00000016015	3	0	4
ENSONIG00000016016	1596	153	202
ENSONIG00000016017	11	0	1
ENSONIG00000016018	1	1	3
ENSONIG00000016020	0	2	9
ENSONIG00000016021	15	6	52
ENSONIG00000016022	12	2	48
ENSONIG00000016023	4	22	37
ENSONIG00000016025	1	0	26
ENSONIG00000016026	0	2	16
ENSONIG00000016027	1	0	0
ENSONIG00000016028	0	0	0
ENSONIG00000016029	2	1	20
ENSONIG00000016030	1	0	1
ENSONIG00000016031	0	0	13
ENSONIG00000016033	1	0	0
ENSONIG00000016034	3	0	5
ENSONIG00000016035	2	0	17
ENSONIG00000016036	5	0	2
ENSONIG00000016037	13	4	59
ENSONIG00000016038	2	0	1
ENSONIG00000016039	6	4	4
ENSONIG00000016040	1	0	14
ENSONIG00000016041	0	0	0
ENSONIG00000016042	1	3	17
ENSONIG00000016043	14	0	18
ENSONIG00000016044	2	9	33
ENSONIG00000016045	0	0	24
ENSONIG00000016046	0	0	6
ENSONIG00000016047	2	0	0
ENSONIG00000016048	2	0	19
ENSONIG00000016049	0	0	1
ENSONIG00000016050	5	2	21
ENSONIG00000016051	0	1	6
ENSONIG00000016053	1	0	13
ENSONIG00000016054	31	0	10
ENSONIG00000016055	8	0	5
ENSONIG00000016056	102	4	20
ENSONIG00000016057	0	0	6
ENSONIG00000016060	8	1	126
ENSONIG00000016061	6	7	47
ENSONIG00000016062	0	0	0
ENSONIG00000016064	2	0	1
ENSONIG00000016065	0	0	0
ENSONIG00000016066	2	0	6
ENSONIG00000016067	4	0	0
ENSONIG00000016068	15	0	1
ENSONIG00000016069	0	0	0
ENSONIG00000016070	0	4	9
ENSONIG00000016071	0	0	0
ENSONIG00000016072	2	1	31
ENSONIG00000016073	0	0	0
ENSONIG00000016074	3	4	71
ENSONIG00000016075	65	96	9772
ENSONIG00000016076	5	1	25
ENSONIG00000016077	0	0	0
ENSONIG00000016078	10	0	32
ENSONIG00000016080	5	5	105
ENSONIG00000016081	11	1	3
ENSONIG00000016086	0	0	0
ENSONIG00000016088	2	5	94
ENSONIG00000016090	0	1	1
ENSONIG00000016091	1	0	5
ENSONIG00000016092	2	4	101
ENSONIG00000016093	3	1	18
ENSONIG00000016095	9	5	28
ENSONIG00000016096	2	1	30
ENSONIG00000016097	3	2	4
ENSONIG00000016098	5	4	0
ENSONIG00000016099	0	0	0
ENSONIG00000016100	5	0	0
ENSONIG00000016101	0	0	1
ENSONIG00000016102	1	0	12
ENSONIG00000016103	34	1	16
ENSONIG00000016106	0	1	25
ENSONIG00000016107	0	0	3
ENSONIG00000016108	0	3	64
ENSONIG00000016109	0	0	0
ENSONIG00000016110	0	0	0
ENSONIG00000016111	9	0	0
ENSONIG00000016113	58	1	37
ENSONIG00000016114	0	0	0
ENSONIG00000016115	0	2	21
ENSONIG00000016116	0	0	4
ENSONIG00000016117	3	2	11
ENSONIG00000016118	0	1	5
ENSONIG00000016119	0	1	0
ENSONIG00000016120	0	0	5
ENSONIG00000016121	5	1	2
ENSONIG00000016122	0	0	1
ENSONIG00000016123	0	0	0
ENSONIG00000016124	0	0	0
ENSONIG00000016125	0	0	0
ENSONIG00000016127	98	31	30
ENSONIG00000016128	5	0	6
ENSONIG00000016129	4	3	11
ENSONIG00000016130	0	0	3
ENSONIG00000016131	0	0	0
ENSONIG00000016132	1	0	48
ENSONIG00000016133	12	1	29
ENSONIG00000016135	0	0	4
ENSONIG00000016136	0	0	23
ENSONIG00000016138	2	0	5
ENSONIG00000016139	0	0	23
ENSONIG00000016140	10	7	21
ENSONIG00000016141	7	2	14
ENSONIG00000016142	3	9	191
ENSONIG00000016143	0	1	2
ENSONIG00000016145	0	0	0
ENSONIG00000016146	7	2	29
ENSONIG00000016147	4	2	6
ENSONIG00000016148	0	0	0
ENSONIG00000016149	0	0	0
ENSONIG00000016150	0	1	0
ENSONIG00000016151	0	0	0
ENSONIG00000016152	11	46	120
ENSONIG00000016153	0	0	11
ENSONIG00000016154	2	13	2
ENSONIG00000016155	0	0	2
ENSONIG00000016156	0	0	0
ENSONIG00000016158	0	0	0
ENSONIG00000016159	2	0	7
ENSONIG00000016160	0	0	0
ENSONIG00000016161	0	1	36
ENSONIG00000016162	176	548	1254
ENSONIG00000016164	0	3	185
ENSONIG00000016165	1	0	6
ENSONIG00000016166	199	107	1231
ENSONIG00000016167	12	3	23
ENSONIG00000016168	0	0	1
ENSONIG00000016169	230	108	156
ENSONIG00000016170	3	3	101
ENSONIG00000016171	11	1	5
ENSONIG00000016172	24	24	1468
ENSONIG00000016174	2	1	8
ENSONIG00000016176	6	1	3
ENSONIG00000016177	1	1	15
ENSONIG00000016178	3	11	47
ENSONIG00000016179	13	1	74
ENSONIG00000016180	4	0	15
ENSONIG00000016181	21	7	23
ENSONIG00000016182	0	0	24
ENSONIG00000016183	1	0	1
ENSONIG00000016184	1	0	0
ENSONIG00000016185	1	2	57
ENSONIG00000016187	1	0	0
ENSONIG00000016188	0	2	8
ENSONIG00000016189	10	4	8
ENSONIG00000016190	0	0	0
ENSONIG00000016191	0	0	0
ENSONIG00000016192	1	3	6
ENSONIG00000016193	0	0	6
ENSONIG00000016194	0	0	1
ENSONIG00000016195	1	0	13
ENSONIG00000016196	10	12	30
ENSONIG00000016197	0	0	3
ENSONIG00000016198	0	0	6
ENSONIG00000016199	0	0	3
ENSONIG00000016200	3	1	3
ENSONIG00000016201	0	5	117
ENSONIG00000016204	0	0	0
ENSONIG00000016208	0	0	0
ENSONIG00000016209	8	11	6
ENSONIG00000016211	0	0	0
ENSONIG00000016213	16	0	7
ENSONIG00000016216	3	0	4
ENSONIG00000016218	2	0	3
ENSONIG00000016223	1	0	18
ENSONIG00000016224	1	0	17
ENSONIG00000016226	0	0	0
ENSONIG00000016227	0	0	0
ENSONIG00000016228	0	2	22
ENSONIG00000016229	0	4	30
ENSONIG00000016230	1	2	37
ENSONIG00000016231	6	1	96
ENSONIG00000016232	2	6	38
ENSONIG00000016234	0	0	13
ENSONIG00000016235	0	0	1
ENSONIG00000016236	1	0	2
ENSONIG00000016238	0	0	0
ENSONIG00000016241	28	1	2
ENSONIG00000016242	0	3	64
ENSONIG00000016244	7	1	26
ENSONIG00000016245	0	0	4
ENSONIG00000016246	0	0	0
ENSONIG00000016247	0	0	1
ENSONIG00000016248	0	0	0
ENSONIG00000016249	2	0	2
ENSONIG00000016250	0	0	0
ENSONIG00000016251	1	0	15
ENSONIG00000016252	4	5	128
ENSONIG00000016253	3	0	4
ENSONIG00000016254	0	0	13
ENSONIG00000016255	0	1	0
ENSONIG00000016257	3	2	44
ENSONIG00000016258	0	0	3
ENSONIG00000016259	0	2	1
ENSONIG00000016260	0	0	0
ENSONIG00000016261	0	1	12
ENSONIG00000016262	8	2	1
ENSONIG00000016263	0	0	0
ENSONIG00000016264	6	5	133
ENSONIG00000016265	0	0	4
ENSONIG00000016266	10	10	165
ENSONIG00000016267	1	0	0
ENSONIG00000016268	2	6	11
ENSONIG00000016269	3	0	26
ENSONIG00000016270	2	2	20
ENSONIG00000016273	0	2	35
ENSONIG00000016274	0	1	16
ENSONIG00000016275	0	1	1
ENSONIG00000016277	0	0	4
ENSONIG00000016278	0	0	10
ENSONIG00000016279	7	1	29
ENSONIG00000016280	1	5	84
ENSONIG00000016281	0	0	1
ENSONIG00000016283	9	7	47
ENSONIG00000016284	5	1	10
ENSONIG00000016285	1	3	8
ENSONIG00000016286	0	0	0
ENSONIG00000016287	15	8	64
ENSONIG00000016288	1	2	16
ENSONIG00000016289	17	4	55
ENSONIG00000016290	4	10	54
ENSONIG00000016291	3	0	103
ENSONIG00000016295	2	4	4
ENSONIG00000016296	0	0	3
ENSONIG00000016297	3	0	8
ENSONIG00000016298	10	5	70
ENSONIG00000016299	3	2	25
ENSONIG00000016300	130	351	391
ENSONIG00000016301	3	2	30
ENSONIG00000016302	2	1	23
ENSONIG00000016303	79	20	302
ENSONIG00000016304	0	1	18
ENSONIG00000016306	10	1	3
ENSONIG00000016307	6	2	16
ENSONIG00000016310	1	0	12
ENSONIG00000016311	0	0	4
ENSONIG00000016313	582	4	59
ENSONIG00000016314	0	0	3
ENSONIG00000016316	0	0	2
ENSONIG00000016317	0	0	1
ENSONIG00000016319	2	7	66
ENSONIG00000016321	1	0	19
ENSONIG00000016322	1	0	0
ENSONIG00000016323	2	0	6
ENSONIG00000016324	3	0	3
ENSONIG00000016325	7	5	157
ENSONIG00000016326	0	0	3
ENSONIG00000016327	8	4	16
ENSONIG00000016328	0	0	1
ENSONIG00000016329	2	0	13
ENSONIG00000016330	2	0	20
ENSONIG00000016331	3	2	11
ENSONIG00000016332	1	2	54
ENSONIG00000016333	3	2	18
ENSONIG00000016334	0	0	17
ENSONIG00000016335	0	1	38
ENSONIG00000016336	0	0	14
ENSONIG00000016337	0	0	0
ENSONIG00000016338	0	0	1
ENSONIG00000016339	2	1	17
ENSONIG00000016341	0	0	8
ENSONIG00000016342	0	0	0
ENSONIG00000016343	31	123	144
ENSONIG00000016344	0	7	29
ENSONIG00000016345	2	0	4
ENSONIG00000016346	10	2	59
ENSONIG00000016347	1	2	28
ENSONIG00000016348	4	4	335
ENSONIG00000016349	0	0	14
ENSONIG00000016350	0	0	0
ENSONIG00000016351	5	2	28
ENSONIG00000016352	1	2	0
ENSONIG00000016354	0	0	4
ENSONIG00000016357	0	0	0
ENSONIG00000016358	129	27	62
ENSONIG00000016360	9	13	46
ENSONIG00000016363	0	3	18
ENSONIG00000016364	8	0	7
ENSONIG00000016365	6	0	19
ENSONIG00000016366	7	1	56
ENSONIG00000016367	0	0	2
ENSONIG00000016368	0	0	1
ENSONIG00000016369	5	4	25
ENSONIG00000016370	23	14	9
ENSONIG00000016371	0	0	0
ENSONIG00000016372	1	0	1
ENSONIG00000016373	0	0	1
ENSONIG00000016374	0	0	2
ENSONIG00000016376	0	3	19
ENSONIG00000016378	0	0	0
ENSONIG00000016381	1	1	19
ENSONIG00000016382	0	0	1
ENSONIG00000016386	0	0	0
ENSONIG00000016387	3	1	23
ENSONIG00000016388	11	58	111
ENSONIG00000016391	0	0	0
ENSONIG00000016392	1	0	22
ENSONIG00000016395	3	0	4
ENSONIG00000016396	2	4	78
ENSONIG00000016398	12	0	10
ENSONIG00000016399	13	36	87
ENSONIG00000016400	0	1	26
ENSONIG00000016404	0	0	16
ENSONIG00000016405	8	0	40
ENSONIG00000016406	0	0	0
ENSONIG00000016407	0	0	7
ENSONIG00000016410	0	0	0
ENSONIG00000016411	2	0	2
ENSONIG00000016412	0	0	4
ENSONIG00000016413	0	0	1
ENSONIG00000016414	0	0	5
ENSONIG00000016418	7997	213	355
ENSONIG00000016419	0	0	9
ENSONIG00000016420	4	3	3
ENSONIG00000016421	0	1	5
ENSONIG00000016425	7	0	7
ENSONIG00000016426	160	7	55
ENSONIG00000016427	4	3	38
ENSONIG00000016428	2	1	8
ENSONIG00000016429	16	2	140
ENSONIG00000016430	4	3	59
ENSONIG00000016431	12	12	86
ENSONIG00000016433	2	0	0
ENSONIG00000016434	5	6	40
ENSONIG00000016435	0	3	5
ENSONIG00000016436	7	2	167
ENSONIG00000016437	1	0	0
ENSONIG00000016438	0	0	6
ENSONIG00000016439	2	0	16
ENSONIG00000016440	31	2	9
ENSONIG00000016441	106	31	80
ENSONIG00000016442	3	0	0
ENSONIG00000016443	1	0	26
ENSONIG00000016445	0	1	8
ENSONIG00000016446	1	4	9
ENSONIG00000016447	0	0	0
ENSONIG00000016449	0	0	18
ENSONIG00000016451	0	0	0
ENSONIG00000016454	9	2	9
ENSONIG00000016455	0	0	0
ENSONIG00000016456	1	0	22
ENSONIG00000016459	0	0	0
ENSONIG00000016460	2	0	8
ENSONIG00000016462	0	1	5
ENSONIG00000016464	0	1	3
ENSONIG00000016465	0	1	25
ENSONIG00000016466	0	0	0
ENSONIG00000016467	0	0	0
ENSONIG00000016468	0	0	0
ENSONIG00000016469	0	0	1
ENSONIG00000016470	0	0	0
ENSONIG00000016471	1	1	3
ENSONIG00000016472	0	0	52
ENSONIG00000016474	0	0	5
ENSONIG00000016476	0	0	0
ENSONIG00000016477	1	2	7
ENSONIG00000016479	0	0	0
ENSONIG00000016481	0	0	0
ENSONIG00000016484	0	0	3
ENSONIG00000016485	0	0	0
ENSONIG00000016486	2	2	58
ENSONIG00000016488	0	0	0
ENSONIG00000016489	0	0	0
ENSONIG00000016492	0	0	0
ENSONIG00000016493	0	0	0
ENSONIG00000016494	0	0	0
ENSONIG00000016495	0	0	0
ENSONIG00000016497	0	0	0
ENSONIG00000016498	0	0	0
ENSONIG00000016499	0	0	0
ENSONIG00000016501	0	0	2
ENSONIG00000016502	0	0	11
ENSONIG00000016505	3	0	14
ENSONIG00000016506	0	0	0
ENSONIG00000016508	0	0	8
ENSONIG00000016509	1	0	6
ENSONIG00000016510	0	0	2
ENSONIG00000016511	3	4	37
ENSONIG00000016512	1	0	4
ENSONIG00000016515	0	1	2
ENSONIG00000016516	3	1	26
ENSONIG00000016518	2	0	0
ENSONIG00000016519	1	0	0
ENSONIG00000016520	0	2	3
ENSONIG00000016521	0	0	1
ENSONIG00000016522	1	7	23
ENSONIG00000016523	1	0	13
ENSONIG00000016524	3	0	13
ENSONIG00000016527	0	0	1
ENSONIG00000016528	1	0	8
ENSONIG00000016529	0	1	25
ENSONIG00000016531	0	1	42
ENSONIG00000016532	10	3	96
ENSONIG00000016533	6	0	13
ENSONIG00000016534	0	0	1
ENSONIG00000016537	0	0	7
ENSONIG00000016538	0	1	3
ENSONIG00000016539	0	0	0
ENSONIG00000016540	3	0	19
ENSONIG00000016541	1	6	14
ENSONIG00000016542	28	1	10
ENSONIG00000016543	0	1	15
ENSONIG00000016544	0	0	0
ENSONIG00000016545	1	1	8
ENSONIG00000016546	1	0	13
ENSONIG00000016547	0	1	17
ENSONIG00000016548	0	2	3
ENSONIG00000016549	11	5	31
ENSONIG00000016550	0	0	2
ENSONIG00000016551	0	0	1
ENSONIG00000016552	0	0	4
ENSONIG00000016553	4	0	18
ENSONIG00000016554	7	1	6
ENSONIG00000016557	0	0	0
ENSONIG00000016558	6	0	10
ENSONIG00000016559	0	0	9
ENSONIG00000016560	3	0	19
ENSONIG00000016561	1	4	39
ENSONIG00000016562	3	0	15
ENSONIG00000016565	13	6	35
ENSONIG00000016566	2	3	44
ENSONIG00000016567	10	0	5
ENSONIG00000016568	0	0	5
ENSONIG00000016569	13	0	10
ENSONIG00000016570	2	0	26
ENSONIG00000016571	0	2	67
ENSONIG00000016572	0	0	0
ENSONIG00000016573	0	1	6
ENSONIG00000016574	0	3	13
ENSONIG00000016575	4	2	18
ENSONIG00000016576	0	2	26
ENSONIG00000016577	0	0	6
ENSONIG00000016579	3	9	13
ENSONIG00000016580	3	1	7
ENSONIG00000016581	0	0	0
ENSONIG00000016583	0	0	0
ENSONIG00000016584	4	4	5
ENSONIG00000016589	0	0	3
ENSONIG00000016590	106	116	204
ENSONIG00000016591	9	11	233
ENSONIG00000016592	0	0	6
ENSONIG00000016595	1	1	11
ENSONIG00000016597	2	0	9
ENSONIG00000016598	2	0	11
ENSONIG00000016599	0	4	24
ENSONIG00000016600	0	0	7
ENSONIG00000016602	0	0	0
ENSONIG00000016603	7	1	9
ENSONIG00000016604	4	0	3
ENSONIG00000016605	0	6	0
ENSONIG00000016606	0	1	0
ENSONIG00000016608	0	71	74
ENSONIG00000016609	0	1	6
ENSONIG00000016610	0	0	2
ENSONIG00000016611	0	0	0
ENSONIG00000016613	0	0	0
ENSONIG00000016614	9	4	32
ENSONIG00000016615	3	0	1
ENSONIG00000016616	0	0	1
ENSONIG00000016617	3	4	23
ENSONIG00000016619	4	5	30
ENSONIG00000016620	1	0	0
ENSONIG00000016621	5	1	24
ENSONIG00000016623	0	0	1
ENSONIG00000016624	3	6	27
ENSONIG00000016625	1	0	6
ENSONIG00000016626	0	0	1
ENSONIG00000016629	1	0	53
ENSONIG00000016630	26	8	25
ENSONIG00000016631	4	0	3
ENSONIG00000016632	1	3	38
ENSONIG00000016633	0	0	10
ENSONIG00000016635	49	18	8
ENSONIG00000016636	1	0	14
ENSONIG00000016637	1	0	14
ENSONIG00000016638	1	1	11
ENSONIG00000016639	0	0	7
ENSONIG00000016640	2	0	1
ENSONIG00000016641	9	2	2
ENSONIG00000016642	3	2	54
ENSONIG00000016644	1	0	0
ENSONIG00000016645	2	0	3
ENSONIG00000016647	0	4	1
ENSONIG00000016648	1	0	10
ENSONIG00000016650	0	0	13
ENSONIG00000016651	0	0	0
ENSONIG00000016652	0	0	0
ENSONIG00000016653	0	0	0
ENSONIG00000016654	1	0	11
ENSONIG00000016655	0	0	0
ENSONIG00000016658	0	7	50
ENSONIG00000016659	2	0	0
ENSONIG00000016661	4	5	42
ENSONIG00000016663	29	24	221
ENSONIG00000016664	0	4	29
ENSONIG00000016665	64	99	212
ENSONIG00000016666	0	5	10
ENSONIG00000016667	7	3	12
ENSONIG00000016668	0	0	4
ENSONIG00000016669	1	3	9
ENSONIG00000016672	1	3	578
ENSONIG00000016673	1020	53	16
ENSONIG00000016674	0	0	19
ENSONIG00000016675	2	2	1
ENSONIG00000016677	4	8	371
ENSONIG00000016678	4	2	19
ENSONIG00000016679	0	0	3
ENSONIG00000016680	4	1	18
ENSONIG00000016681	2	0	20
ENSONIG00000016682	0	0	12
ENSONIG00000016683	0	0	0
ENSONIG00000016684	7	3	21
ENSONIG00000016685	0	0	1
ENSONIG00000016687	7	2	30
ENSONIG00000016688	0	0	3
ENSONIG00000016689	0	0	0
ENSONIG00000016691	1	1	0
ENSONIG00000016693	0	6	19
ENSONIG00000016694	2	1	10
ENSONIG00000016695	4	1	3
ENSONIG00000016698	3	0	3
ENSONIG00000016699	1	1	12
ENSONIG00000016700	2	0	0
ENSONIG00000016701	0	0	2
ENSONIG00000016702	2	0	18
ENSONIG00000016703	7	1	55
ENSONIG00000016704	6	6	150
ENSONIG00000016705	1	0	1
ENSONIG00000016707	0	0	3
ENSONIG00000016708	9	3	40
ENSONIG00000016709	1	0	12
ENSONIG00000016711	0	0	20
ENSONIG00000016712	2	0	1
ENSONIG00000016713	3	3	1
ENSONIG00000016714	0	0	0
ENSONIG00000016715	20	4	22
ENSONIG00000016716	2	3	15
ENSONIG00000016717	1	0	0
ENSONIG00000016718	2	1	4
ENSONIG00000016719	0	2	28
ENSONIG00000016720	0	0	1
ENSONIG00000016721	87	451	330
ENSONIG00000016722	0	2	21
ENSONIG00000016723	4	5	54
ENSONIG00000016725	2	0	21
ENSONIG00000016726	4	0	14
ENSONIG00000016727	0	0	0
ENSONIG00000016728	1	0	15
ENSONIG00000016729	1	1	2
ENSONIG00000016730	0	0	19
ENSONIG00000016731	0	0	9
ENSONIG00000016732	0	0	20
ENSONIG00000016733	16	3	21
ENSONIG00000016735	0	0	0
ENSONIG00000016736	6	3	3
ENSONIG00000016738	0	0	23
ENSONIG00000016739	1	1	4
ENSONIG00000016741	0	0	0
ENSONIG00000016743	0	0	0
ENSONIG00000016744	0	0	0
ENSONIG00000016746	3	0	0
ENSONIG00000016747	2	2	22
ENSONIG00000016748	0	6	25
ENSONIG00000016749	2	2	31
ENSONIG00000016750	0	0	0
ENSONIG00000016751	1	0	0
ENSONIG00000016752	1	0	4
ENSONIG00000016754	1	0	35
ENSONIG00000016755	0	0	0
ENSONIG00000016759	0	0	0
ENSONIG00000016760	1	2	66
ENSONIG00000016762	468	1077	1284
ENSONIG00000016763	131	127	206
ENSONIG00000016765	18	74	789
ENSONIG00000016766	37	58	35
ENSONIG00000016767	65	45	72
ENSONIG00000016768	1	1	18
ENSONIG00000016770	28	3	58
ENSONIG00000016771	0	2	20
ENSONIG00000016772	2	3	71
ENSONIG00000016773	2	0	0
ENSONIG00000016774	0	0	0
ENSONIG00000016776	0	0	0
ENSONIG00000016777	10	4	82
ENSONIG00000016778	18	3	20
ENSONIG00000016779	10	15	28
ENSONIG00000016781	0	0	3
ENSONIG00000016782	0	0	0
ENSONIG00000016783	15	0	90
ENSONIG00000016784	2	4	3
ENSONIG00000016785	5	0	0
ENSONIG00000016787	0	0	5
ENSONIG00000016788	4	1	8
ENSONIG00000016789	0	0	7
ENSONIG00000016790	2	0	0
ENSONIG00000016791	0	2	18
ENSONIG00000016794	0	0	0
ENSONIG00000016796	1	0	0
ENSONIG00000016797	0	1	0
ENSONIG00000016798	2	0	10
ENSONIG00000016799	5	0	9
ENSONIG00000016800	0	0	0
ENSONIG00000016802	3	3	40
ENSONIG00000016803	1	0	36
ENSONIG00000016804	1	0	5
ENSONIG00000016805	4	2	48
ENSONIG00000016806	0	0	7
ENSONIG00000016807	0	0	0
ENSONIG00000016808	0	1	1
ENSONIG00000016810	1	0	20
ENSONIG00000016811	0	0	0
ENSONIG00000016812	13	4	1
ENSONIG00000016813	3	0	1
ENSONIG00000016814	3	5	107
ENSONIG00000016815	0	1	1
ENSONIG00000016816	0	0	8
ENSONIG00000016817	1	0	16
ENSONIG00000016819	0	0	9
ENSONIG00000016820	2	0	11
ENSONIG00000016822	34	2	0
ENSONIG00000016825	5	0	15
ENSONIG00000016826	2	0	2
ENSONIG00000016827	0	3	18
ENSONIG00000016829	6	16	25
ENSONIG00000016830	2	0	16
ENSONIG00000016831	14	8	21
ENSONIG00000016833	9	2	2
ENSONIG00000016834	10	3	70
ENSONIG00000016835	9	0	4
ENSONIG00000016836	7	0	32
ENSONIG00000016837	5	2	9
ENSONIG00000016838	2	2	40
ENSONIG00000016839	0	0	2
ENSONIG00000016840	0	0	1
ENSONIG00000016841	2	0	0
ENSONIG00000016842	0	1	0
ENSONIG00000016843	0	0	0
ENSONIG00000016844	64	23	30
ENSONIG00000016845	0	0	0
ENSONIG00000016846	0	0	5
ENSONIG00000016847	5	2	66
ENSONIG00000016848	0	0	5
ENSONIG00000016855	0	1	25
ENSONIG00000016857	0	3	31
ENSONIG00000016858	0	0	1
ENSONIG00000016859	0	0	0
ENSONIG00000016860	0	5	10
ENSONIG00000016861	1	7	41
ENSONIG00000016862	0	8	21
ENSONIG00000016864	0	0	20
ENSONIG00000016865	3	4	14
ENSONIG00000016866	15	2	34
ENSONIG00000016867	6	2	11
ENSONIG00000016868	1	0	19
ENSONIG00000016870	1	1	18
ENSONIG00000016871	7	10	35
ENSONIG00000016872	0	4	22
ENSONIG00000016873	0	1	5
ENSONIG00000016874	0	0	0
ENSONIG00000016875	2	3	44
ENSONIG00000016876	4	0	17
ENSONIG00000016877	1	0	0
ENSONIG00000016878	0	0	0
ENSONIG00000016880	0	0	0
ENSONIG00000016881	1	3	8
ENSONIG00000016882	5	0	28
ENSONIG00000016883	15	8	37
ENSONIG00000016884	34	30	273
ENSONIG00000016886	0	0	0
ENSONIG00000016887	13	1	7
ENSONIG00000016888	0	0	0
ENSONIG00000016889	2	2	21
ENSONIG00000016890	2	3	70
ENSONIG00000016891	6	1	24
ENSONIG00000016892	0	1	12
ENSONIG00000016894	3	0	0
ENSONIG00000016897	0	4	2
ENSONIG00000016898	0	1	1
ENSONIG00000016899	1	1	45
ENSONIG00000016900	0	0	0
ENSONIG00000016901	0	4	5
ENSONIG00000016902	0	0	1
ENSONIG00000016903	2	0	5
ENSONIG00000016904	0	2	27
ENSONIG00000016905	1	7	0
ENSONIG00000016906	1	0	25
ENSONIG00000016907	0	3	30
ENSONIG00000016908	0	0	14
ENSONIG00000016909	0	0	2
ENSONIG00000016910	2	0	0
ENSONIG00000016911	0	1	13
ENSONIG00000016912	0	0	0
ENSONIG00000016913	1	1	10
ENSONIG00000016914	3	4	31
ENSONIG00000016916	0	0	7
ENSONIG00000016917	0	0	0
ENSONIG00000016918	12	49	11
ENSONIG00000016919	0	0	0
ENSONIG00000016920	0	0	0
ENSONIG00000016922	0	0	0
ENSONIG00000016924	21	0	239
ENSONIG00000016925	0	0	0
ENSONIG00000016927	0	0	19
ENSONIG00000016928	0	0	7
ENSONIG00000016929	3	0	0
ENSONIG00000016931	3	2	17
ENSONIG00000016932	0	0	3
ENSONIG00000016933	0	0	0
ENSONIG00000016934	0	0	0
ENSONIG00000016935	0	7	64
ENSONIG00000016936	0	0	1
ENSONIG00000016937	0	1	16
ENSONIG00000016939	1	0	0
ENSONIG00000016941	2	1	17
ENSONIG00000016942	2	0	11
ENSONIG00000016943	0	2	265
ENSONIG00000016944	0	0	1
ENSONIG00000016945	10	14	116
ENSONIG00000016946	0	0	0
ENSONIG00000016948	0	3	46
ENSONIG00000016949	2	0	5
ENSONIG00000016950	0	0	0
ENSONIG00000016952	0	3	3
ENSONIG00000016953	2	0	0
ENSONIG00000016954	1	0	0
ENSONIG00000016955	3	1	27
ENSONIG00000016956	0	0	2
ENSONIG00000016957	9	2	6
ENSONIG00000016958	0	0	22
ENSONIG00000016959	0	0	3
ENSONIG00000016960	30	6	25
ENSONIG00000016961	217	11	224
ENSONIG00000016962	14	0	0
ENSONIG00000016963	2	3	6
ENSONIG00000016964	9	0	2
ENSONIG00000016965	0	0	0
ENSONIG00000016966	2	1	1
ENSONIG00000016967	2	1	18
ENSONIG00000016968	0	0	1
ENSONIG00000016969	0	0	5
ENSONIG00000016972	0	0	0
ENSONIG00000016973	2	1	35
ENSONIG00000016974	0	0	1
ENSONIG00000016975	41	17	19
ENSONIG00000016976	6	6	11
ENSONIG00000016978	0	0	0
ENSONIG00000016979	0	2	0
ENSONIG00000016980	2	2	39
ENSONIG00000016981	37	0	18
ENSONIG00000016982	3	2	40
ENSONIG00000016983	3	0	10
ENSONIG00000016984	1	1	5
ENSONIG00000016985	1	0	1
ENSONIG00000016989	158	68	120
ENSONIG00000016990	3	5	28
ENSONIG00000016991	8	0	19
ENSONIG00000016992	0	0	0
ENSONIG00000016993	1	1	68
ENSONIG00000016994	0	0	0
ENSONIG00000016995	0	0	9
ENSONIG00000016996	0	0	12
ENSONIG00000016997	0	0	1
ENSONIG00000016998	18	7	26
ENSONIG00000016999	0	0	72
ENSONIG00000017000	0	2	5
ENSONIG00000017001	2	1	8
ENSONIG00000017002	0	0	0
ENSONIG00000017003	7	3	39
ENSONIG00000017004	3	0	16
ENSONIG00000017006	0	3	0
ENSONIG00000017007	0	3	110
ENSONIG00000017008	0	0	0
ENSONIG00000017010	0	0	3
ENSONIG00000017012	0	0	0
ENSONIG00000017014	4	1	22
ENSONIG00000017015	0	0	3
ENSONIG00000017018	1	0	19
ENSONIG00000017019	1	4	32
ENSONIG00000017020	0	0	1
ENSONIG00000017022	0	0	0
ENSONIG00000017023	8	0	14
ENSONIG00000017025	2	3	18
ENSONIG00000017027	16	14	19
ENSONIG00000017028	0	0	0
ENSONIG00000017029	0	0	0
ENSONIG00000017030	0	1	8
ENSONIG00000017032	0	0	0
ENSONIG00000017033	0	0	1
ENSONIG00000017034	10	1	27
ENSONIG00000017035	0	2	9
ENSONIG00000017036	2	34	47
ENSONIG00000017037	6	4	57
ENSONIG00000017038	0	5	32
ENSONIG00000017040	0	0	4
ENSONIG00000017041	1	0	31
ENSONIG00000017042	0	2	23
ENSONIG00000017043	1	0	0
ENSONIG00000017044	12	0	9
ENSONIG00000017045	0	0	0
ENSONIG00000017046	0	0	1
ENSONIG00000017047	9	28	11
ENSONIG00000017048	15	1	168
ENSONIG00000017049	5	3	23
ENSONIG00000017050	0	0	0
ENSONIG00000017052	0	0	4
ENSONIG00000017054	8	1	45
ENSONIG00000017055	0	0	0
ENSONIG00000017056	39	101	1548
ENSONIG00000017057	0	0	15
ENSONIG00000017058	0	1	22
ENSONIG00000017059	0	0	12
ENSONIG00000017061	2407	1558	2152
ENSONIG00000017062	86	28	151
ENSONIG00000017063	8	1	59
ENSONIG00000017064	1	0	0
ENSONIG00000017065	2	2	110
ENSONIG00000017066	2	4	3
ENSONIG00000017067	1	0	4
ENSONIG00000017068	0	3	7
ENSONIG00000017071	1	0	0
ENSONIG00000017072	0	0	1
ENSONIG00000017073	0	0	15
ENSONIG00000017074	3	1	2
ENSONIG00000017075	10	0	12
ENSONIG00000017076	4	4	10
ENSONIG00000017077	0	0	21
ENSONIG00000017079	12	0	0
ENSONIG00000017080	0	0	28
ENSONIG00000017081	0	1	9
ENSONIG00000017082	23	1	15
ENSONIG00000017083	1	0	6
ENSONIG00000017084	2	4	17
ENSONIG00000017085	3	0	4
ENSONIG00000017086	0	0	0
ENSONIG00000017087	4	3	44
ENSONIG00000017088	1	0	32
ENSONIG00000017089	1	0	3
ENSONIG00000017090	0	0	0
ENSONIG00000017091	0	0	4
ENSONIG00000017095	0	2	21
ENSONIG00000017097	3	2	2
ENSONIG00000017098	2	3	3
ENSONIG00000017099	1	0	0
ENSONIG00000017101	2	7	169
ENSONIG00000017102	0	0	0
ENSONIG00000017106	1	0	0
ENSONIG00000017107	14	2	3
ENSONIG00000017108	0	0	1
ENSONIG00000017109	4	3	46
ENSONIG00000017111	3	3	14
ENSONIG00000017112	0	0	1
ENSONIG00000017113	0	0	1
ENSONIG00000017115	73	5	58
ENSONIG00000017116	3	0	26
ENSONIG00000017117	7	1	46
ENSONIG00000017118	12	1	15
ENSONIG00000017120	2	0	7
ENSONIG00000017121	0	0	6
ENSONIG00000017122	1	1	7
ENSONIG00000017123	0	0	0
ENSONIG00000017124	0	0	0
ENSONIG00000017126	1	0	1
ENSONIG00000017127	4	25	28
ENSONIG00000017129	27	4	32
ENSONIG00000017130	3	1	3
ENSONIG00000017131	0	0	0
ENSONIG00000017132	0	0	0
ENSONIG00000017133	0	0	7
ENSONIG00000017134	0	1	4
ENSONIG00000017135	3	3	60
ENSONIG00000017136	1	0	19
ENSONIG00000017137	0	2	23
ENSONIG00000017138	0	0	0
ENSONIG00000017139	0	0	0
ENSONIG00000017140	6	0	11
ENSONIG00000017141	5	0	0
ENSONIG00000017142	0	0	0
ENSONIG00000017143	133	59	25
ENSONIG00000017144	0	0	10
ENSONIG00000017145	4	0	0
ENSONIG00000017146	0	0	0
ENSONIG00000017147	4	1	16
ENSONIG00000017148	0	1	13
ENSONIG00000017149	9	7	82
ENSONIG00000017150	0	2	27
ENSONIG00000017152	1	0	35
ENSONIG00000017153	0	0	12
ENSONIG00000017154	0	0	0
ENSONIG00000017155	0	0	0
ENSONIG00000017156	3	0	0
ENSONIG00000017157	5	0	8
ENSONIG00000017158	5	0	10
ENSONIG00000017159	2	1	20
ENSONIG00000017160	37	0	1
ENSONIG00000017161	0	1	2
ENSONIG00000017162	3	0	0
ENSONIG00000017163	0	2	12
ENSONIG00000017164	0	0	0
ENSONIG00000017165	27	6	14
ENSONIG00000017166	0	0	3
ENSONIG00000017167	0	0	1
ENSONIG00000017168	0	0	0
ENSONIG00000017169	2	1	38
ENSONIG00000017170	0	4	25
ENSONIG00000017171	2	0	11
ENSONIG00000017173	0	0	8
ENSONIG00000017174	1	0	5
ENSONIG00000017175	7	68	74
ENSONIG00000017176	0	3	17
ENSONIG00000017177	11	10	15
ENSONIG00000017178	0	0	32
ENSONIG00000017181	92	86	133
ENSONIG00000017182	2	1	40
ENSONIG00000017183	9	4	42
ENSONIG00000017185	0	1	28
ENSONIG00000017186	0	0	2
ENSONIG00000017187	4	2	66
ENSONIG00000017188	1	6	0
ENSONIG00000017189	0	0	0
ENSONIG00000017190	0	0	0
ENSONIG00000017191	847	10	14
ENSONIG00000017192	54	59	94
ENSONIG00000017193	4	0	21
ENSONIG00000017194	0	0	0
ENSONIG00000017195	7	2	29
ENSONIG00000017196	4	1	13
ENSONIG00000017197	3	1	19
ENSONIG00000017198	9	1	7
ENSONIG00000017199	2	0	13
ENSONIG00000017200	0	0	0
ENSONIG00000017201	0	2	8
ENSONIG00000017202	7	1	5
ENSONIG00000017203	1	0	7
ENSONIG00000017204	0	0	41
ENSONIG00000017206	0	0	0
ENSONIG00000017207	0	0	3
ENSONIG00000017208	0	0	0
ENSONIG00000017209	0	0	5
ENSONIG00000017210	1	1	4
ENSONIG00000017211	3	0	4
ENSONIG00000017212	0	0	1
ENSONIG00000017213	3	0	5
ENSONIG00000017214	1	3	78
ENSONIG00000017215	0	0	0
ENSONIG00000017217	0	4	59
ENSONIG00000017218	108	319	647
ENSONIG00000017219	2	0	3
ENSONIG00000017220	4	11	155
ENSONIG00000017222	0	0	1
ENSONIG00000017223	1	2	26
ENSONIG00000017224	3	1	2
ENSONIG00000017226	8	2	156
ENSONIG00000017227	11	1	10
ENSONIG00000017228	12	1	22
ENSONIG00000017229	0	0	1
ENSONIG00000017232	6	1	18
ENSONIG00000017234	1	0	14
ENSONIG00000017235	5	8	32
ENSONIG00000017236	0	0	0
ENSONIG00000017237	3	1	8
ENSONIG00000017238	16	3	33
ENSONIG00000017239	3	1	26
ENSONIG00000017240	0	0	13
ENSONIG00000017241	0	0	24
ENSONIG00000017242	144	10	146
ENSONIG00000017243	3	1	10
ENSONIG00000017245	12	1	90
ENSONIG00000017251	2	2	32
ENSONIG00000017252	10	2	72
ENSONIG00000017253	19	12	22
ENSONIG00000017254	84	10	1
ENSONIG00000017256	5	0	2
ENSONIG00000017257	3	0	0
ENSONIG00000017258	0	0	0
ENSONIG00000017259	3	1	7
ENSONIG00000017261	0	8	3
ENSONIG00000017263	1	0	0
ENSONIG00000017264	2	1	25
ENSONIG00000017265	0	2	13
ENSONIG00000017266	62	19	401
ENSONIG00000017267	7	4	32
ENSONIG00000017268	7	0	10
ENSONIG00000017271	0	2	48
ENSONIG00000017272	3	0	0
ENSONIG00000017273	27	3	24
ENSONIG00000017274	0	1	26
ENSONIG00000017275	1	0	7
ENSONIG00000017277	1	2	7
ENSONIG00000017278	1	6	24
ENSONIG00000017279	3	1	30
ENSONIG00000017280	3	2	0
ENSONIG00000017281	0	0	6
ENSONIG00000017282	23	6	88
ENSONIG00000017283	1	0	4
ENSONIG00000017284	1307	2849	5541
ENSONIG00000017285	0	0	0
ENSONIG00000017290	0	5	32
ENSONIG00000017291	0	0	0
ENSONIG00000017292	0	0	0
ENSONIG00000017293	1	2	21
ENSONIG00000017294	0	0	0
ENSONIG00000017298	0	0	0
ENSONIG00000017299	0	0	0
ENSONIG00000017301	5	0	1
ENSONIG00000017303	1	0	14
ENSONIG00000017305	8	0	16
ENSONIG00000017306	1	0	1
ENSONIG00000017307	101	3	37
ENSONIG00000017308	5	2	77
ENSONIG00000017309	1	0	0
ENSONIG00000017310	9	5	32
ENSONIG00000017311	0	0	9
ENSONIG00000017312	6	0	33
ENSONIG00000017313	76	124	253
ENSONIG00000017314	0	0	0
ENSONIG00000017315	1	0	0
ENSONIG00000017317	68	42	605
ENSONIG00000017318	7	5	1
ENSONIG00000017319	1	0	9
ENSONIG00000017322	0	3	9
ENSONIG00000017324	1	0	0
ENSONIG00000017325	0	0	1
ENSONIG00000017326	0	0	9
ENSONIG00000017327	1	2	106
ENSONIG00000017328	26	0	17
ENSONIG00000017329	1	1	17
ENSONIG00000017330	13	0	6
ENSONIG00000017331	0	0	0
ENSONIG00000017332	0	0	0
ENSONIG00000017333	64	35	41
ENSONIG00000017334	1	1	8
ENSONIG00000017335	4	1	31
ENSONIG00000017336	35	7	47
ENSONIG00000017337	17	3	139
ENSONIG00000017338	0	1	5
ENSONIG00000017339	0	0	0
ENSONIG00000017340	0	1	1
ENSONIG00000017342	0	0	0
ENSONIG00000017343	1	5	122
ENSONIG00000017344	1	0	4
ENSONIG00000017345	2	5	52
ENSONIG00000017346	0	0	7
ENSONIG00000017347	2	2	88
ENSONIG00000017348	7	0	0
ENSONIG00000017349	1	3	128
ENSONIG00000017351	4	5	8
ENSONIG00000017353	19	0	1
ENSONIG00000017355	2	1	2
ENSONIG00000017356	8	16	11
ENSONIG00000017357	0	0	4
ENSONIG00000017359	0	1	18
ENSONIG00000017360	0	0	38
ENSONIG00000017361	0	0	2
ENSONIG00000017362	2	3	54
ENSONIG00000017364	127	0	4
ENSONIG00000017365	0	1	6
ENSONIG00000017366	2	0	3
ENSONIG00000017367	12	2	8
ENSONIG00000017368	0	0	8
ENSONIG00000017369	0	0	10
ENSONIG00000017370	3	1	34
ENSONIG00000017371	2	0	4
ENSONIG00000017372	0	0	4
ENSONIG00000017373	25	30	22
ENSONIG00000017374	1	1	9
ENSONIG00000017375	2	2	18
ENSONIG00000017376	4	1	10
ENSONIG00000017377	0	0	0
ENSONIG00000017378	1	0	9
ENSONIG00000017379	0	0	0
ENSONIG00000017380	0	0	10
ENSONIG00000017381	1	3	1
ENSONIG00000017382	4	6	19
ENSONIG00000017383	8	9	659
ENSONIG00000017384	1	0	0
ENSONIG00000017385	7	0	12
ENSONIG00000017386	0	0	1
ENSONIG00000017389	0	0	1
ENSONIG00000017390	1	2	119
ENSONIG00000017391	0	0	0
ENSONIG00000017392	0	0	0
ENSONIG00000017394	9	5	54
ENSONIG00000017396	6	1	10
ENSONIG00000017397	23	63	61
ENSONIG00000017399	1	1	2
ENSONIG00000017400	2	0	4
ENSONIG00000017401	3	2	30
ENSONIG00000017402	8	0	44
ENSONIG00000017403	13	0	41
ENSONIG00000017404	2	3	74
ENSONIG00000017406	5	0	59
ENSONIG00000017407	3	0	6
ENSONIG00000017408	0	0	3
ENSONIG00000017409	1	1	1
ENSONIG00000017410	0	0	6
ENSONIG00000017411	0	0	11
ENSONIG00000017412	0	2	6
ENSONIG00000017414	0	2	13
ENSONIG00000017415	0	1	11
ENSONIG00000017416	0	1	32
ENSONIG00000017417	3	1	26
ENSONIG00000017418	2	0	5
ENSONIG00000017420	3	1	18
ENSONIG00000017423	0	0	2
ENSONIG00000017424	8	1	13
ENSONIG00000017425	2	3	25
ENSONIG00000017426	1	3	8
ENSONIG00000017427	136	2	4
ENSONIG00000017428	2	0	7
ENSONIG00000017429	0	0	0
ENSONIG00000017432	0	0	0
ENSONIG00000017433	0	0	0
ENSONIG00000017435	23	6	59
ENSONIG00000017436	0	0	1
ENSONIG00000017437	3	1	20
ENSONIG00000017438	0	0	0
ENSONIG00000017440	7	1	45
ENSONIG00000017441	3	1	16
ENSONIG00000017442	2	1	11
ENSONIG00000017443	7	1	0
ENSONIG00000017445	10	2	9
ENSONIG00000017446	0	0	2
ENSONIG00000017447	3	0	0
ENSONIG00000017448	0	0	0
ENSONIG00000017449	3	4	159
ENSONIG00000017450	3	6	24
ENSONIG00000017451	0	2	20
ENSONIG00000017452	0	2	13
ENSONIG00000017453	0	0	18
ENSONIG00000017454	8	0	72
ENSONIG00000017455	7	3	31
ENSONIG00000017456	0	0	0
ENSONIG00000017457	0	0	0
ENSONIG00000017463	0	0	0
ENSONIG00000017464	6	3	22
ENSONIG00000017466	0	0	0
ENSONIG00000017467	6	2	59
ENSONIG00000017468	60	23	231
ENSONIG00000017469	0	0	18
ENSONIG00000017470	0	0	4
ENSONIG00000017471	0	0	5
ENSONIG00000017472	1	0	5
ENSONIG00000017473	20	3	20
ENSONIG00000017474	31	0	3
ENSONIG00000017475	0	0	7
ENSONIG00000017476	0	0	0
ENSONIG00000017477	7	0	27
ENSONIG00000017478	0	0	7
ENSONIG00000017479	2	1	53
ENSONIG00000017480	1	8	5
ENSONIG00000017481	6	0	2
ENSONIG00000017482	1	1	28
ENSONIG00000017484	6	4	23
ENSONIG00000017485	0	0	3
ENSONIG00000017486	0	2	6
ENSONIG00000017487	2	1	4
ENSONIG00000017488	15	1	22
ENSONIG00000017489	4	3	26
ENSONIG00000017490	1	0	5
ENSONIG00000017491	28	20	20
ENSONIG00000017492	0	0	0
ENSONIG00000017493	0	0	0
ENSONIG00000017494	3	4	1
ENSONIG00000017496	0	1	8
ENSONIG00000017497	0	3	10
ENSONIG00000017498	1	11	108
ENSONIG00000017499	0	0	0
ENSONIG00000017500	0	0	1
ENSONIG00000017503	10	23	43
ENSONIG00000017504	2	1	57
ENSONIG00000017505	0	0	3
ENSONIG00000017506	94	89	238
ENSONIG00000017507	0	1	1
ENSONIG00000017508	4	3	67
ENSONIG00000017509	2	0	10
ENSONIG00000017510	1	1	32
ENSONIG00000017511	0	0	4
ENSONIG00000017512	0	1	71
ENSONIG00000017513	3	1	6
ENSONIG00000017514	2	0	8
ENSONIG00000017515	3	8	28
ENSONIG00000017516	2	3	14
ENSONIG00000017517	0	0	0
ENSONIG00000017518	0	0	0
ENSONIG00000017521	0	0	0
ENSONIG00000017522	3	0	13
ENSONIG00000017523	13	6	199
ENSONIG00000017524	1	8	55
ENSONIG00000017526	2	0	22
ENSONIG00000017527	3	3	17
ENSONIG00000017528	55	25	39
ENSONIG00000017529	18	3	17
ENSONIG00000017530	2	0	4
ENSONIG00000017531	1	0	1
ENSONIG00000017532	1215	146	224
ENSONIG00000017533	15	5	25
ENSONIG00000017534	2	1	7
ENSONIG00000017535	10	3	15
ENSONIG00000017536	0	6	10
ENSONIG00000017537	0	47	95
ENSONIG00000017538	0	1	17
ENSONIG00000017539	1	0	0
ENSONIG00000017540	4	0	48
ENSONIG00000017542	2	6	30
ENSONIG00000017544	4	8	50
ENSONIG00000017545	7	0	28
ENSONIG00000017546	19	9	48
ENSONIG00000017547	2	2	8
ENSONIG00000017548	0	2	2
ENSONIG00000017550	0	1	8
ENSONIG00000017552	8	5	50
ENSONIG00000017553	1	0	17
ENSONIG00000017557	3	0	0
ENSONIG00000017558	0	0	0
ENSONIG00000017559	0	0	0
ENSONIG00000017561	0	0	0
ENSONIG00000017562	0	0	16
ENSONIG00000017564	0	1	32
ENSONIG00000017565	3	0	25
ENSONIG00000017567	0	0	5
ENSONIG00000017569	1	0	27
ENSONIG00000017570	0	1	5
ENSONIG00000017572	1	0	3
ENSONIG00000017576	8	2	17
ENSONIG00000017578	0	2	0
ENSONIG00000017581	3	1	18
ENSONIG00000017583	1	0	3
ENSONIG00000017584	3	6	21
ENSONIG00000017585	0	1	1
ENSONIG00000017586	5	16	74
ENSONIG00000017587	1	0	5
ENSONIG00000017589	15	1	17
ENSONIG00000017590	4	5	20
ENSONIG00000017591	0	0	23
ENSONIG00000017592	9	0	9
ENSONIG00000017593	0	0	0
ENSONIG00000017595	0	0	0
ENSONIG00000017597	1	0	17
ENSONIG00000017598	0	0	14
ENSONIG00000017599	0	0	0
ENSONIG00000017600	2	0	9
ENSONIG00000017601	0	0	0
ENSONIG00000017602	0	0	0
ENSONIG00000017603	0	0	0
ENSONIG00000017604	3	0	1
ENSONIG00000017605	3	0	1
ENSONIG00000017606	0	0	0
ENSONIG00000017607	2	0	31
ENSONIG00000017608	0	0	0
ENSONIG00000017609	19	56	63
ENSONIG00000017613	4	0	1
ENSONIG00000017614	0	0	0
ENSONIG00000017615	0	0	0
ENSONIG00000017616	2	3	0
ENSONIG00000017617	0	0	3
ENSONIG00000017618	0	0	0
ENSONIG00000017619	1	7	54
ENSONIG00000017621	4	12	237
ENSONIG00000017622	0	0	0
ENSONIG00000017624	0	0	14
ENSONIG00000017625	0	0	0
ENSONIG00000017626	7	9	28
ENSONIG00000017627	0	0	0
ENSONIG00000017628	0	0	14
ENSONIG00000017629	9	10	7
ENSONIG00000017630	64	21	743
ENSONIG00000017631	1	1	51
ENSONIG00000017632	8	2	10
ENSONIG00000017633	0	0	3
ENSONIG00000017634	16	3	19
ENSONIG00000017636	11	5	15
ENSONIG00000017637	59	12	372
ENSONIG00000017639	0	0	0
ENSONIG00000017640	0	0	1
ENSONIG00000017641	4	3	44
ENSONIG00000017642	3	0	0
ENSONIG00000017643	9	1	54
ENSONIG00000017644	0	0	1
ENSONIG00000017645	2	3	50
ENSONIG00000017649	0	0	0
ENSONIG00000017651	2	2	6
ENSONIG00000017652	0	0	0
ENSONIG00000017654	5	2	8
ENSONIG00000017655	1	0	42
ENSONIG00000017656	13	1	114
ENSONIG00000017657	3	3	11
ENSONIG00000017658	3	10	20
ENSONIG00000017660	0	0	0
ENSONIG00000017661	2	6	361
ENSONIG00000017662	81	17	14
ENSONIG00000017663	1	2	8
ENSONIG00000017665	3	0	3
ENSONIG00000017666	8	0	4
ENSONIG00000017668	0	1	2
ENSONIG00000017669	0	0	4
ENSONIG00000017670	6	3	53
ENSONIG00000017671	43	11	38
ENSONIG00000017672	0	0	0
ENSONIG00000017673	0	0	1
ENSONIG00000017676	11	31	1144
ENSONIG00000017677	5	2	9
ENSONIG00000017678	0	0	0
ENSONIG00000017679	0	0	0
ENSONIG00000017682	0	0	5
ENSONIG00000017683	0	1	10
ENSONIG00000017685	1	0	1
ENSONIG00000017687	2	2	14
ENSONIG00000017688	5	0	2
ENSONIG00000017689	105	50	63
ENSONIG00000017691	0	0	0
ENSONIG00000017693	0	0	0
ENSONIG00000017694	2	3	32
ENSONIG00000017695	8	9	36
ENSONIG00000017696	2	4	17
ENSONIG00000017698	8	0	1
ENSONIG00000017699	6	2	55
ENSONIG00000017701	0	0	6
ENSONIG00000017702	2	5	80
ENSONIG00000017705	0	0	6
ENSONIG00000017706	1	0	9
ENSONIG00000017707	40	71	1492
ENSONIG00000017708	3	9	6
ENSONIG00000017709	1	0	22
ENSONIG00000017710	3	2	28
ENSONIG00000017711	0	0	0
ENSONIG00000017712	0	2	25
ENSONIG00000017713	1	0	15
ENSONIG00000017714	7	4	7
ENSONIG00000017715	4	8	19
ENSONIG00000017716	0	0	2
ENSONIG00000017717	15	3	120
ENSONIG00000017718	0	0	1
ENSONIG00000017719	7	10	8
ENSONIG00000017720	15	9	150
ENSONIG00000017721	3	6	34
ENSONIG00000017722	0	0	2
ENSONIG00000017723	24	1	6
ENSONIG00000017726	1	0	18
ENSONIG00000017728	0	0	0
ENSONIG00000017729	0	0	1
ENSONIG00000017730	0	0	0
ENSONIG00000017731	0	0	0
ENSONIG00000017732	1	1	2
ENSONIG00000017733	2	0	5
ENSONIG00000017735	0	0	11
ENSONIG00000017736	1	1	4
ENSONIG00000017737	12	8	90
ENSONIG00000017738	0	6	8
ENSONIG00000017739	0	0	0
ENSONIG00000017740	2	0	18
ENSONIG00000017741	4	1	42
ENSONIG00000017744	4	0	3
ENSONIG00000017745	0	0	10
ENSONIG00000017746	10	5	32
ENSONIG00000017747	0	0	31
ENSONIG00000017748	3	1	18
ENSONIG00000017749	2	0	5
ENSONIG00000017750	0	2	15
ENSONIG00000017751	1	3	37
ENSONIG00000017752	369	54	175
ENSONIG00000017753	92	293	5994
ENSONIG00000017754	10	7	49
ENSONIG00000017756	7	3	28
ENSONIG00000017757	16	2	107
ENSONIG00000017759	0	0	2
ENSONIG00000017762	53	46	63
ENSONIG00000017763	0	0	0
ENSONIG00000017764	2	1	8
ENSONIG00000017767	17	0	7
ENSONIG00000017769	0	4	85
ENSONIG00000017770	0	2	60
ENSONIG00000017771	2	7	6
ENSONIG00000017772	4	0	12
ENSONIG00000017773	0	0	0
ENSONIG00000017774	1	0	0
ENSONIG00000017775	0	0	5
ENSONIG00000017780	0	0	19
ENSONIG00000017783	2	0	17
ENSONIG00000017785	2	0	33
ENSONIG00000017786	5	0	9
ENSONIG00000017788	0	2	55
ENSONIG00000017790	0	0	2
ENSONIG00000017793	29	54	153
ENSONIG00000017794	0	0	16
ENSONIG00000017795	0	0	46
ENSONIG00000017796	4	0	2
ENSONIG00000017797	10	5	41
ENSONIG00000017798	1	0	1
ENSONIG00000017799	0	0	5
ENSONIG00000017800	3	4	11
ENSONIG00000017801	0	0	14
ENSONIG00000017803	0	1	0
ENSONIG00000017806	0	0	0
ENSONIG00000017808	7	11	63
ENSONIG00000017809	5	7	8
ENSONIG00000017810	0	0	37
ENSONIG00000017811	9	0	0
ENSONIG00000017814	0	0	8
ENSONIG00000017815	0	2	12
ENSONIG00000017816	0	0	51
ENSONIG00000017818	3	0	0
ENSONIG00000017819	0	0	26
ENSONIG00000017820	2	0	18
ENSONIG00000017822	0	1	6
ENSONIG00000017824	1	0	4
ENSONIG00000017825	2	8	136
ENSONIG00000017826	1	0	6
ENSONIG00000017827	1	0	0
ENSONIG00000017828	0	0	0
ENSONIG00000017829	5	12	365
ENSONIG00000017832	1	5	32
ENSONIG00000017833	0	0	0
ENSONIG00000017834	0	0	1
ENSONIG00000017835	0	2	26
ENSONIG00000017837	0	0	24
ENSONIG00000017838	22	75	6715
ENSONIG00000017839	2	1	4
ENSONIG00000017841	42	36	1138
ENSONIG00000017842	1	0	1
ENSONIG00000017843	2	1	3
ENSONIG00000017844	7	8	3
ENSONIG00000017845	0	2	4
ENSONIG00000017846	0	3	65
ENSONIG00000017847	1	3	26
ENSONIG00000017848	9	2	120
ENSONIG00000017849	1	4	14
ENSONIG00000017850	2	2	9
ENSONIG00000017851	25	6	6
ENSONIG00000017852	0	0	12
ENSONIG00000017853	2	1	20
ENSONIG00000017854	0	0	0
ENSONIG00000017855	4	6	115
ENSONIG00000017856	9	0	21
ENSONIG00000017861	0	0	0
ENSONIG00000017862	0	0	0
ENSONIG00000017863	2	7	16
ENSONIG00000017866	0	0	0
ENSONIG00000017867	6	9	62
ENSONIG00000017868	0	14	100
ENSONIG00000017870	0	0	3
ENSONIG00000017873	2	7	144
ENSONIG00000017874	0	4	13
ENSONIG00000017875	0	0	6
ENSONIG00000017876	0	0	0
ENSONIG00000017877	1	0	2
ENSONIG00000017878	4	0	1
ENSONIG00000017879	0	1	4
ENSONIG00000017880	0	0	3
ENSONIG00000017881	6	1	17
ENSONIG00000017882	2	0	3
ENSONIG00000017883	7	1	24
ENSONIG00000017884	2	7	3
ENSONIG00000017885	0	1	28
ENSONIG00000017886	4	0	2
ENSONIG00000017887	9	4	11
ENSONIG00000017888	0	1	37
ENSONIG00000017890	0	0	1
ENSONIG00000017891	0	0	2
ENSONIG00000017893	175	65	129
ENSONIG00000017894	0	0	5
ENSONIG00000017895	3	8	11
ENSONIG00000017896	0	1	1
ENSONIG00000017897	0	0	1
ENSONIG00000017898	20	4	116
ENSONIG00000017899	4	1	4
ENSONIG00000017900	9	1	96
ENSONIG00000017902	9	5	42
ENSONIG00000017903	5	0	29
ENSONIG00000017904	0	0	7
ENSONIG00000017905	0	0	28
ENSONIG00000017907	1	3	30
ENSONIG00000017909	3	0	27
ENSONIG00000017911	0	0	0
ENSONIG00000017912	2	2	1
ENSONIG00000017913	1	0	43
ENSONIG00000017914	13	33	900
ENSONIG00000017916	0	1	32
ENSONIG00000017917	21	18	20
ENSONIG00000017918	0	0	19
ENSONIG00000017919	0	0	2
ENSONIG00000017920	13	3	43
ENSONIG00000017921	41	32	6
ENSONIG00000017924	7	3	70
ENSONIG00000017925	0	0	32
ENSONIG00000017926	0	0	4
ENSONIG00000017927	0	0	0
ENSONIG00000017929	4	0	5
ENSONIG00000017930	0	0	5
ENSONIG00000017931	0	2	19
ENSONIG00000017932	0	0	0
ENSONIG00000017933	0	0	0
ENSONIG00000017934	0	0	2
ENSONIG00000017935	6	2	43
ENSONIG00000017936	3	2	21
ENSONIG00000017938	4	2	14
ENSONIG00000017939	47	83	1934
ENSONIG00000017941	5	8	21
ENSONIG00000017942	0	0	23
ENSONIG00000017944	3	4	37
ENSONIG00000017945	1	0	20
ENSONIG00000017946	0	0	7
ENSONIG00000017948	0	0	0
ENSONIG00000017949	3	0	6
ENSONIG00000017950	1	0	9
ENSONIG00000017951	5	2	25
ENSONIG00000017952	31	9	100
ENSONIG00000017953	0	0	0
ENSONIG00000017956	0	0	0
ENSONIG00000017957	0	1	25
ENSONIG00000017958	3	0	4
ENSONIG00000017960	0	0	0
ENSONIG00000017961	15	0	13
ENSONIG00000017963	55	5	23
ENSONIG00000017964	5	3	238
ENSONIG00000017965	2	0	0
ENSONIG00000017966	30	2	2
ENSONIG00000017967	1	13	40
ENSONIG00000017969	0	0	0
ENSONIG00000017970	6	0	4
ENSONIG00000017971	2	0	0
ENSONIG00000017972	0	0	7
ENSONIG00000017973	2	0	1
ENSONIG00000017975	0	0	9
ENSONIG00000017976	1	2	25
ENSONIG00000017977	0	0	6
ENSONIG00000017978	2	3	59
ENSONIG00000017979	0	0	0
ENSONIG00000017980	0	0	0
ENSONIG00000017981	0	0	0
ENSONIG00000017982	1	2	10
ENSONIG00000017983	0	0	2
ENSONIG00000017984	0	0	13
ENSONIG00000017985	2	1	26
ENSONIG00000017986	5	1	14
ENSONIG00000017988	0	3	11
ENSONIG00000017989	14	10	16
ENSONIG00000017990	2	6	9
ENSONIG00000017991	9	11	39
ENSONIG00000017993	3	1	7
ENSONIG00000017994	0	0	1
ENSONIG00000017996	0	0	2
ENSONIG00000017997	0	0	0
ENSONIG00000017998	0	0	11
ENSONIG00000017999	2	3	44
ENSONIG00000018001	0	0	2
ENSONIG00000018002	0	0	25
ENSONIG00000018006	0	0	0
ENSONIG00000018007	0	0	0
ENSONIG00000018008	0	0	0
ENSONIG00000018010	3	3	32
ENSONIG00000018012	9	9	94
ENSONIG00000018013	0	1	1
ENSONIG00000018014	2	2	4
ENSONIG00000018016	0	0	1
ENSONIG00000018018	0	0	41
ENSONIG00000018019	0	0	0
ENSONIG00000018020	8	0	2
ENSONIG00000018021	0	0	2
ENSONIG00000018024	0	0	0
ENSONIG00000018025	11	7	62
ENSONIG00000018026	3	0	3
ENSONIG00000018028	1302	1024	1601
ENSONIG00000018029	1	4	52
ENSONIG00000018030	9	6	40
ENSONIG00000018031	6	0	0
ENSONIG00000018032	1	6	22
ENSONIG00000018033	1	0	6
ENSONIG00000018034	0	0	2
ENSONIG00000018035	3	0	6
ENSONIG00000018037	1	1	0
ENSONIG00000018038	4	0	13
ENSONIG00000018039	7	9	29
ENSONIG00000018040	11	0	15
ENSONIG00000018041	0	0	0
ENSONIG00000018042	1	0	6
ENSONIG00000018045	1	1	1
ENSONIG00000018046	2	0	0
ENSONIG00000018047	1	0	10
ENSONIG00000018048	0	0	0
ENSONIG00000018049	0	0	0
ENSONIG00000018050	12	32	50
ENSONIG00000018052	8	14	226
ENSONIG00000018054	0	3	46
ENSONIG00000018055	0	0	1
ENSONIG00000018056	6	1	10
ENSONIG00000018057	0	11	69
ENSONIG00000018058	9	3	4
ENSONIG00000018060	0	0	0
ENSONIG00000018061	1	0	1
ENSONIG00000018063	0	0	0
ENSONIG00000018065	2	1	15
ENSONIG00000018066	9	0	29
ENSONIG00000018067	0	0	9
ENSONIG00000018068	0	2	14
ENSONIG00000018069	1	0	5
ENSONIG00000018070	30	8	6
ENSONIG00000018071	1	9	91
ENSONIG00000018072	0	0	0
ENSONIG00000018073	2	9	6
ENSONIG00000018074	1	1	33
ENSONIG00000018075	5	9	83
ENSONIG00000018076	0	2	18
ENSONIG00000018077	7	3	34
ENSONIG00000018078	6	0	0
ENSONIG00000018079	0	0	0
ENSONIG00000018080	3	1	45
ENSONIG00000018081	0	0	0
ENSONIG00000018083	0	0	0
ENSONIG00000018084	1	0	2
ENSONIG00000018085	7	4	10
ENSONIG00000018089	0	0	1
ENSONIG00000018090	0	0	13
ENSONIG00000018091	0	0	0
ENSONIG00000018092	0	0	0
ENSONIG00000018093	0	0	0
ENSONIG00000018094	0	0	0
ENSONIG00000018095	0	1	9
ENSONIG00000018096	2	1	9
ENSONIG00000018097	3	0	0
ENSONIG00000018098	0	0	0
ENSONIG00000018099	0	9	0
ENSONIG00000018100	0	2	6
ENSONIG00000018101	0	0	1
ENSONIG00000018102	43	12	24
ENSONIG00000018104	0	2	44
ENSONIG00000018106	0	0	3
ENSONIG00000018107	0	0	2
ENSONIG00000018108	68	80	92
ENSONIG00000018109	1	0	0
ENSONIG00000018110	14	1	19
ENSONIG00000018111	17	1	8
ENSONIG00000018112	0	0	1
ENSONIG00000018113	1	2	1
ENSONIG00000018114	0	0	0
ENSONIG00000018116	0	0	0
ENSONIG00000018117	13	1	53
ENSONIG00000018118	5	0	2
ENSONIG00000018119	0	3	78
ENSONIG00000018120	5	6	61
ENSONIG00000018123	5	3	63
ENSONIG00000018125	20	5	88
ENSONIG00000018126	3	1	13
ENSONIG00000018128	0	4	28
ENSONIG00000018133	0	1	10
ENSONIG00000018134	2	0	47
ENSONIG00000018135	9	3	76
ENSONIG00000018136	17	0	1
ENSONIG00000018137	2	0	0
ENSONIG00000018138	0	0	1
ENSONIG00000018139	16	1	32
ENSONIG00000018140	0	0	0
ENSONIG00000018141	0	1	1
ENSONIG00000018143	5	0	16
ENSONIG00000018145	48	9	602
ENSONIG00000018146	1	0	11
ENSONIG00000018147	74	42	35
ENSONIG00000018149	87	15	39
ENSONIG00000018150	6	0	23
ENSONIG00000018153	0	1	12
ENSONIG00000018154	0	0	0
ENSONIG00000018155	11	0	11
ENSONIG00000018156	0	0	20
ENSONIG00000018157	1	5	42
ENSONIG00000018158	0	2	29
ENSONIG00000018159	2	0	13
ENSONIG00000018161	0	0	7
ENSONIG00000018162	9	1	51
ENSONIG00000018163	0	7	5
ENSONIG00000018164	1	0	0
ENSONIG00000018166	4	3	15
ENSONIG00000018167	2	0	21
ENSONIG00000018168	1	0	16
ENSONIG00000018169	0	0	1
ENSONIG00000018171	0	0	0
ENSONIG00000018172	8	0	1
ENSONIG00000018174	0	0	6
ENSONIG00000018176	0	1	1
ENSONIG00000018179	0	2	3
ENSONIG00000018181	6	0	7
ENSONIG00000018182	0	0	0
ENSONIG00000018183	1	2	6
ENSONIG00000018184	0	0	0
ENSONIG00000018185	0	0	0
ENSONIG00000018186	0	0	0
ENSONIG00000018187	0	0	0
ENSONIG00000018188	0	0	0
ENSONIG00000018189	0	0	2
ENSONIG00000018192	0	1	1
ENSONIG00000018193	1	0	47
ENSONIG00000018194	1	0	9
ENSONIG00000018195	0	2	5
ENSONIG00000018197	15	5	49
ENSONIG00000018198	1	5	55
ENSONIG00000018199	0	0	8
ENSONIG00000018200	36	0	55
ENSONIG00000018202	5	5	29
ENSONIG00000018203	2	2	21
ENSONIG00000018204	11	13	81
ENSONIG00000018205	0	0	0
ENSONIG00000018207	0	0	2
ENSONIG00000018209	0	0	0
ENSONIG00000018210	0	0	17
ENSONIG00000018211	1	1	3
ENSONIG00000018213	0	2	30
ENSONIG00000018214	7	3	102
ENSONIG00000018215	1	0	0
ENSONIG00000018216	13	89	194
ENSONIG00000018217	5	2	111
ENSONIG00000018218	1	0	1
ENSONIG00000018219	2	1	4
ENSONIG00000018220	12	1	13
ENSONIG00000018222	14	4	8
ENSONIG00000018223	0	0	4
ENSONIG00000018225	2	0	17
ENSONIG00000018226	11	1	75
ENSONIG00000018227	0	1	2
ENSONIG00000018229	3	0	14
ENSONIG00000018230	0	4	8
ENSONIG00000018231	0	0	0
ENSONIG00000018232	1	0	14
ENSONIG00000018233	3	0	17
ENSONIG00000018234	2	0	2
ENSONIG00000018235	8	1	42
ENSONIG00000018236	0	0	3
ENSONIG00000018237	0	0	1
ENSONIG00000018238	1	0	20
ENSONIG00000018239	5	0	47
ENSONIG00000018240	0	0	25
ENSONIG00000018241	143	96	168
ENSONIG00000018245	0	0	1
ENSONIG00000018246	9	6	578
ENSONIG00000018247	0	0	1
ENSONIG00000018248	3	2	83
ENSONIG00000018249	0	1	30
ENSONIG00000018250	0	0	0
ENSONIG00000018251	1	0	0
ENSONIG00000018252	8	4	22
ENSONIG00000018253	2	3	3
ENSONIG00000018255	2	10	9
ENSONIG00000018256	0	0	11
ENSONIG00000018258	0	0	0
ENSONIG00000018260	0	0	0
ENSONIG00000018261	2	0	3
ENSONIG00000018262	2	6	11
ENSONIG00000018263	2	3	39
ENSONIG00000018265	0	3	4
ENSONIG00000018266	5	3	63
ENSONIG00000018267	0	0	14
ENSONIG00000018268	2	1	9
ENSONIG00000018269	12	3	47
ENSONIG00000018270	0	0	0
ENSONIG00000018271	11	8	52
ENSONIG00000018272	1	3	139
ENSONIG00000018273	0	0	2
ENSONIG00000018274	11	6	31
ENSONIG00000018276	0	0	0
ENSONIG00000018277	0	0	0
ENSONIG00000018278	1	0	47
ENSONIG00000018279	40	28	66
ENSONIG00000018281	3	0	0
ENSONIG00000018282	0	0	0
ENSONIG00000018283	0	0	0
ENSONIG00000018284	2	0	115
ENSONIG00000018285	2	0	1
ENSONIG00000018289	0	0	0
ENSONIG00000018291	0	0	7
ENSONIG00000018292	0	0	19
ENSONIG00000018294	0	0	7
ENSONIG00000018295	60	34	84
ENSONIG00000018297	9	81	106
ENSONIG00000018298	0	3	8
ENSONIG00000018299	1	2	64
ENSONIG00000018301	0	0	0
ENSONIG00000018302	0	0	0
ENSONIG00000018303	0	0	7
ENSONIG00000018304	27	8	28
ENSONIG00000018305	116	17	10
ENSONIG00000018306	11	15	8
ENSONIG00000018308	6	6	39
ENSONIG00000018309	2	0	14
ENSONIG00000018310	9	0	0
ENSONIG00000018311	0	1	2
ENSONIG00000018312	0	0	2
ENSONIG00000018313	0	0	9
ENSONIG00000018315	3	3	53
ENSONIG00000018318	3	2	15
ENSONIG00000018319	0	0	2
ENSONIG00000018320	5	0	9
ENSONIG00000018321	13	5	73
ENSONIG00000018323	1	2	1
ENSONIG00000018324	0	0	4
ENSONIG00000018325	6	12	119
ENSONIG00000018326	15	3	1
ENSONIG00000018327	0	0	0
ENSONIG00000018328	1	0	1
ENSONIG00000018329	0	1	37
ENSONIG00000018330	2	1	66
ENSONIG00000018331	1	0	2
ENSONIG00000018332	29	2	2
ENSONIG00000018333	0	0	0
ENSONIG00000018334	0	0	1
ENSONIG00000018335	8	2	124
ENSONIG00000018336	0	0	0
ENSONIG00000018337	0	0	5
ENSONIG00000018338	33	9	225
ENSONIG00000018339	341	2	2
ENSONIG00000018340	15	6	8
ENSONIG00000018341	1	2	38
ENSONIG00000018342	3	0	10
ENSONIG00000018344	1	2	23
ENSONIG00000018347	0	0	0
ENSONIG00000018349	0	0	27
ENSONIG00000018350	4	3	61
ENSONIG00000018352	0	0	0
ENSONIG00000018353	0	0	14
ENSONIG00000018354	0	0	48
ENSONIG00000018355	2	2	0
ENSONIG00000018356	47	140	3662
ENSONIG00000018357	1	1	95
ENSONIG00000018358	2	0	0
ENSONIG00000018359	1	0	16
ENSONIG00000018360	1	0	2
ENSONIG00000018361	2	0	2
ENSONIG00000018362	1	0	0
ENSONIG00000018363	0	1	32
ENSONIG00000018364	11	30	1028
ENSONIG00000018365	0	0	0
ENSONIG00000018366	8	0	6
ENSONIG00000018367	5	1	85
ENSONIG00000018368	8	2	22
ENSONIG00000018369	2	0	15
ENSONIG00000018370	6	9	52
ENSONIG00000018371	7	3	22
ENSONIG00000018372	0	1	1
ENSONIG00000018373	0	4	13
ENSONIG00000018374	1	5	32
ENSONIG00000018376	4	0	6
ENSONIG00000018377	1	0	4
ENSONIG00000018379	0	0	6
ENSONIG00000018380	0	0	11
ENSONIG00000018381	6	5	103
ENSONIG00000018382	0	0	0
ENSONIG00000018385	0	0	0
ENSONIG00000018386	0	0	0
ENSONIG00000018387	0	0	0
ENSONIG00000018388	0	0	0
ENSONIG00000018389	0	0	0
ENSONIG00000018390	0	0	0
ENSONIG00000018391	0	0	0
ENSONIG00000018392	0	0	0
ENSONIG00000018393	0	0	0
ENSONIG00000018394	0	0	0
ENSONIG00000018395	0	0	0
ENSONIG00000018396	6	0	7
ENSONIG00000018397	0	2	6
ENSONIG00000018398	0	0	0
ENSONIG00000018399	0	0	2
ENSONIG00000018400	6	0	17
ENSONIG00000018401	0	0	0
ENSONIG00000018403	0	0	0
ENSONIG00000018411	0	0	0
ENSONIG00000018412	0	0	0
ENSONIG00000018414	0	0	0
ENSONIG00000018415	0	0	1
ENSONIG00000018416	11	0	3
ENSONIG00000018419	21	2	65
ENSONIG00000018421	0	0	0
ENSONIG00000018422	0	0	1
ENSONIG00000018423	0	0	0
ENSONIG00000018425	1	1	1
ENSONIG00000018427	0	0	0
ENSONIG00000018428	0	0	0
ENSONIG00000018430	0	0	0
ENSONIG00000018431	0	2	16
ENSONIG00000018432	0	0	0
ENSONIG00000018433	1	0	20
ENSONIG00000018434	0	0	0
ENSONIG00000018435	1	1	9
ENSONIG00000018436	0	0	7
ENSONIG00000018437	3	0	0
ENSONIG00000018439	0	0	6
ENSONIG00000018440	1	1	66
ENSONIG00000018441	0	0	1
ENSONIG00000018442	0	0	2
ENSONIG00000018443	0	0	0
ENSONIG00000018445	0	0	11
ENSONIG00000018447	0	0	0
ENSONIG00000018448	3	2	0
ENSONIG00000018450	5	1	2
ENSONIG00000018452	0	0	5
ENSONIG00000018453	0	0	1
ENSONIG00000018455	0	0	27
ENSONIG00000018457	13	11	99
ENSONIG00000018458	0	0	0
ENSONIG00000018459	0	0	0
ENSONIG00000018462	0	0	3
ENSONIG00000018463	0	0	1
ENSONIG00000018464	0	2	32
ENSONIG00000018466	0	0	19
ENSONIG00000018467	22	4	25
ENSONIG00000018468	1	0	14
ENSONIG00000018471	10	0	19
ENSONIG00000018472	2	1	3
ENSONIG00000018473	0	0	0
ENSONIG00000018474	0	0	0
ENSONIG00000018475	4	4	70
ENSONIG00000018476	39	2	30
ENSONIG00000018477	5	4	57
ENSONIG00000018478	3	4	58
ENSONIG00000018479	10	12	101
ENSONIG00000018481	5	0	194
ENSONIG00000018482	32	3	5
ENSONIG00000018483	0	3	11
ENSONIG00000018484	10	1	20
ENSONIG00000018486	3	1	30
ENSONIG00000018487	0	0	0
ENSONIG00000018488	0	0	0
ENSONIG00000018490	1	0	1
ENSONIG00000018491	3	0	0
ENSONIG00000018492	12	1	8
ENSONIG00000018493	5	0	1
ENSONIG00000018494	43	1	8
ENSONIG00000018495	0	0	1
ENSONIG00000018496	1	0	0
ENSONIG00000018497	0	0	6
ENSONIG00000018498	0	0	4
ENSONIG00000018499	0	0	0
ENSONIG00000018501	2	1	3
ENSONIG00000018502	4	6	42
ENSONIG00000018504	54	26	19
ENSONIG00000018505	8	0	2
ENSONIG00000018507	5	0	25
ENSONIG00000018508	0	0	6
ENSONIG00000018510	0	1	15
ENSONIG00000018511	3	2	15
ENSONIG00000018512	2	5	49
ENSONIG00000018513	65	4	31
ENSONIG00000018514	2	0	13
ENSONIG00000018516	5	0	7
ENSONIG00000018518	2	1	21
ENSONIG00000018519	39	1	51
ENSONIG00000018520	2	2	114
ENSONIG00000018522	6	3	41
ENSONIG00000018523	8	5	155
ENSONIG00000018524	1	0	2
ENSONIG00000018525	0	0	2
ENSONIG00000018526	0	0	0
ENSONIG00000018527	149	12	68
ENSONIG00000018528	1	0	3
ENSONIG00000018529	0	0	0
ENSONIG00000018530	0	0	5
ENSONIG00000018532	4	0	0
ENSONIG00000018534	0	0	0
ENSONIG00000018535	1	0	16
ENSONIG00000018538	0	0	1
ENSONIG00000018541	1	0	7
ENSONIG00000018542	1	2	5
ENSONIG00000018543	3	0	3
ENSONIG00000018544	0	0	0
ENSONIG00000018545	5	0	0
ENSONIG00000018547	35	15	123
ENSONIG00000018548	0	0	9
ENSONIG00000018549	0	0	5
ENSONIG00000018551	13	0	11
ENSONIG00000018552	4	0	1
ENSONIG00000018553	0	0	6
ENSONIG00000018554	0	0	1
ENSONIG00000018555	36	14	72
ENSONIG00000018556	0	1	13
ENSONIG00000018557	0	2	25
ENSONIG00000018558	1	0	38
ENSONIG00000018561	8	3	97
ENSONIG00000018563	2	1	9
ENSONIG00000018564	1	6	2
ENSONIG00000018565	0	2	1
ENSONIG00000018566	4	3	88
ENSONIG00000018568	1	1	6
ENSONIG00000018570	10	1	43
ENSONIG00000018573	0	0	0
ENSONIG00000018574	0	0	0
ENSONIG00000018575	0	0	0
ENSONIG00000018576	2	0	0
ENSONIG00000018577	1	0	10
ENSONIG00000018578	3	55	543
ENSONIG00000018579	49	151	346
ENSONIG00000018580	159	66	82
ENSONIG00000018581	2	13	135
ENSONIG00000018582	2	1	9
ENSONIG00000018583	2	0	9
ENSONIG00000018584	0	0	0
ENSONIG00000018586	2	0	0
ENSONIG00000018588	7	13	158
ENSONIG00000018589	1	0	0
ENSONIG00000018590	0	0	0
ENSONIG00000018591	0	2	0
ENSONIG00000018592	10	0	16
ENSONIG00000018594	1	0	1
ENSONIG00000018595	7	0	3
ENSONIG00000018596	0	0	0
ENSONIG00000018597	25	19	128
ENSONIG00000018598	0	0	26
ENSONIG00000018599	0	0	3
ENSONIG00000018600	0	3	10
ENSONIG00000018601	0	0	41
ENSONIG00000018604	11	14	75
ENSONIG00000018606	2	0	8
ENSONIG00000018607	0	0	4
ENSONIG00000018608	11	4	80
ENSONIG00000018609	11	8	62
ENSONIG00000018610	7	10	12
ENSONIG00000018611	3	3	185
ENSONIG00000018612	0	1	52
ENSONIG00000018613	0	4	2
ENSONIG00000018614	1	0	10
ENSONIG00000018615	1	2	21
ENSONIG00000018616	2	1	18
ENSONIG00000018617	3	0	50
ENSONIG00000018618	4	0	2
ENSONIG00000018619	0	0	0
ENSONIG00000018620	0	0	2
ENSONIG00000018621	1	0	21
ENSONIG00000018622	0	0	0
ENSONIG00000018624	0	0	0
ENSONIG00000018626	6	1	9
ENSONIG00000018628	0	0	11
ENSONIG00000018629	2	1	47
ENSONIG00000018630	19	3	38
ENSONIG00000018631	137	120	242
ENSONIG00000018632	19	0	8
ENSONIG00000018633	0	0	0
ENSONIG00000018635	3	18	586
ENSONIG00000018636	0	0	0
ENSONIG00000018637	3	0	31
ENSONIG00000018638	0	0	0
ENSONIG00000018639	1	0	7
ENSONIG00000018640	0	0	1
ENSONIG00000018641	23	0	0
ENSONIG00000018643	0	8	58
ENSONIG00000018644	4	3	13
ENSONIG00000018645	1	0	6
ENSONIG00000018646	5	1	1
ENSONIG00000018649	30	9	24
ENSONIG00000018650	10	4	19
ENSONIG00000018651	1	0	0
ENSONIG00000018652	0	0	5
ENSONIG00000018653	0	0	2
ENSONIG00000018654	0	0	4
ENSONIG00000018655	0	2	5
ENSONIG00000018656	0	6	38
ENSONIG00000018658	2	1	14
ENSONIG00000018659	0	0	15
ENSONIG00000018660	0	0	0
ENSONIG00000018661	0	5	17
ENSONIG00000018662	0	0	8
ENSONIG00000018663	0	1	18
ENSONIG00000018664	2	0	2
ENSONIG00000018666	0	0	0
ENSONIG00000018667	0	2	17
ENSONIG00000018668	0	0	0
ENSONIG00000018670	1	1	24
ENSONIG00000018671	0	0	0
ENSONIG00000018672	0	0	1
ENSONIG00000018674	0	2	0
ENSONIG00000018675	23	5	41
ENSONIG00000018677	2	0	11
ENSONIG00000018678	85	78	149
ENSONIG00000018680	6	0	0
ENSONIG00000018681	9	1	10
ENSONIG00000018682	0	0	0
ENSONIG00000018683	32	0	2
ENSONIG00000018684	0	0	0
ENSONIG00000018685	2	0	9
ENSONIG00000018691	6	1	31
ENSONIG00000018692	1	4	46
ENSONIG00000018693	0	0	7
ENSONIG00000018694	1	0	0
ENSONIG00000018695	2	0	21
ENSONIG00000018696	59	0	7
ENSONIG00000018697	0	1	27
ENSONIG00000018698	21	64	1424
ENSONIG00000018699	2	0	3
ENSONIG00000018700	2	1	50
ENSONIG00000018701	0	7	124
ENSONIG00000018702	28	5	25
ENSONIG00000018704	5	2	123
ENSONIG00000018705	0	5	36
ENSONIG00000018706	2	0	1
ENSONIG00000018707	1	1	10
ENSONIG00000018708	0	1	12
ENSONIG00000018710	0	0	0
ENSONIG00000018711	0	0	0
ENSONIG00000018712	0	0	0
ENSONIG00000018713	4	4	33
ENSONIG00000018714	0	0	0
ENSONIG00000018717	0	0	0
ENSONIG00000018718	0	0	0
ENSONIG00000018719	0	0	0
ENSONIG00000018720	8	2	69
ENSONIG00000018721	0	0	0
ENSONIG00000018722	0	0	0
ENSONIG00000018723	1	4	16
ENSONIG00000018724	0	0	0
ENSONIG00000018725	112	93	86
ENSONIG00000018727	0	0	0
ENSONIG00000018728	927	443	627
ENSONIG00000018729	1	0	0
ENSONIG00000018731	18	26	79
ENSONIG00000018733	12	10	128
ENSONIG00000018734	0	5	5
ENSONIG00000018735	0	0	0
ENSONIG00000018737	5	0	3
ENSONIG00000018738	1	2	24
ENSONIG00000018739	0	0	1
ENSONIG00000018741	4	3	73
ENSONIG00000018742	0	1	6
ENSONIG00000018743	0	1	10
ENSONIG00000018744	0	1	8
ENSONIG00000018745	0	0	10
ENSONIG00000018746	4	0	34
ENSONIG00000018747	0	0	2
ENSONIG00000018748	7	2	1
ENSONIG00000018749	27	12	216
ENSONIG00000018750	0	0	7
ENSONIG00000018751	1	5	15
ENSONIG00000018752	0	3	11
ENSONIG00000018753	3	0	1
ENSONIG00000018754	1	2	10
ENSONIG00000018755	24	11	44
ENSONIG00000018756	0	0	0
ENSONIG00000018757	11	10	84
ENSONIG00000018758	0	0	1
ENSONIG00000018763	284	234	370
ENSONIG00000018764	0	0	0
ENSONIG00000018770	188	77	84
ENSONIG00000018771	0	0	1
ENSONIG00000018772	0	0	14
ENSONIG00000018773	0	0	11
ENSONIG00000018774	0	0	15
ENSONIG00000018776	0	0	0
ENSONIG00000018778	0	0	0
ENSONIG00000018780	1	3	31
ENSONIG00000018781	0	0	0
ENSONIG00000018782	9	3	15
ENSONIG00000018783	9	0	4
ENSONIG00000018784	2	5	21
ENSONIG00000018785	0	4	69
ENSONIG00000018786	5	3	6
ENSONIG00000018787	0	0	15
ENSONIG00000018788	0	2	24
ENSONIG00000018789	0	0	5
ENSONIG00000018790	0	0	0
ENSONIG00000018791	3	3	37
ENSONIG00000018792	8	7	10
ENSONIG00000018793	3	1	15
ENSONIG00000018794	1	2	28
ENSONIG00000018796	17	0	4
ENSONIG00000018797	12	15	129
ENSONIG00000018798	0	1	2
ENSONIG00000018799	5	2	16
ENSONIG00000018800	3	0	1
ENSONIG00000018802	1	4	91
ENSONIG00000018803	5	2	44
ENSONIG00000018804	19	25	36
ENSONIG00000018805	2	0	2
ENSONIG00000018806	0	0	6
ENSONIG00000018807	8	22	643
ENSONIG00000018808	6	2	50
ENSONIG00000018809	1	0	8
ENSONIG00000018810	7893	15564	20649
ENSONIG00000018811	3	5	33
ENSONIG00000018812	60	85	169
ENSONIG00000018813	2	1	68
ENSONIG00000018814	0	0	5
ENSONIG00000018816	0	0	5
ENSONIG00000018817	0	0	42
ENSONIG00000018819	1	0	11
ENSONIG00000018820	0	0	6
ENSONIG00000018821	0	0	1
ENSONIG00000018822	1	0	28
ENSONIG00000018823	0	0	0
ENSONIG00000018825	8	2	36
ENSONIG00000018826	1	0	11
ENSONIG00000018827	11	11	9
ENSONIG00000018828	1	0	1
ENSONIG00000018829	4	2	6
ENSONIG00000018830	2	0	18
ENSONIG00000018832	8	3	1
ENSONIG00000018833	274	108	238
ENSONIG00000018834	23	17	46
ENSONIG00000018835	2143	880	1574
ENSONIG00000018836	0	0	0
ENSONIG00000018837	6	0	0
ENSONIG00000018840	1	0	8
ENSONIG00000018844	0	0	5
ENSONIG00000018845	0	0	23
ENSONIG00000018846	0	0	2
ENSONIG00000018847	0	0	0
ENSONIG00000018849	0	0	8
ENSONIG00000018850	0	0	11
ENSONIG00000018851	0	0	0
ENSONIG00000018852	0	0	0
ENSONIG00000018853	0	0	0
ENSONIG00000018854	1	0	1
ENSONIG00000018857	0	5	26
ENSONIG00000018859	0	0	0
ENSONIG00000018860	0	0	10
ENSONIG00000018861	4	1	11
ENSONIG00000018862	0	1	13
ENSONIG00000018864	0	0	0
ENSONIG00000018866	1	0	1
ENSONIG00000018867	26	22	386
ENSONIG00000018868	3	0	6
ENSONIG00000018869	4	0	0
ENSONIG00000018870	1	0	30
ENSONIG00000018873	1	0	4
ENSONIG00000018875	2	0	0
ENSONIG00000018876	41	1	22
ENSONIG00000018878	1	1	4
ENSONIG00000018879	1	1	11
ENSONIG00000018880	4	3	30
ENSONIG00000018881	0	0	23
ENSONIG00000018882	0	1	9
ENSONIG00000018884	18	10	118
ENSONIG00000018886	35	0	16
ENSONIG00000018887	6	14	48
ENSONIG00000018888	0	0	0
ENSONIG00000018889	0	2	10
ENSONIG00000018890	4	0	6
ENSONIG00000018893	3	0	2
ENSONIG00000018894	22	1	5
ENSONIG00000018895	6	0	48
ENSONIG00000018896	0	0	1
ENSONIG00000018897	2	1	60
ENSONIG00000018898	13	0	12
ENSONIG00000018899	0	2	11
ENSONIG00000018900	0	0	0
ENSONIG00000018901	0	0	8
ENSONIG00000018902	7	2	54
ENSONIG00000018903	0	0	10
ENSONIG00000018904	5	0	12
ENSONIG00000018905	3	1	20
ENSONIG00000018906	395	1	28
ENSONIG00000018907	0	0	22
ENSONIG00000018908	52	2	26
ENSONIG00000018909	0	0	133
ENSONIG00000018910	7	2	41
ENSONIG00000018911	0	0	10
ENSONIG00000018912	0	0	11
ENSONIG00000018914	1	0	10
ENSONIG00000018915	0	0	6
ENSONIG00000018916	0	0	1
ENSONIG00000018917	7	1	11
ENSONIG00000018918	2	2	34
ENSONIG00000018919	0	0	18
ENSONIG00000018920	0	0	0
ENSONIG00000018921	0	0	0
ENSONIG00000018922	0	0	0
ENSONIG00000018924	1	0	2
ENSONIG00000018925	7	12	217
ENSONIG00000018926	2	1	30
ENSONIG00000018927	0	0	4
ENSONIG00000018928	0	3	29
ENSONIG00000018930	7	2	32
ENSONIG00000018931	0	0	0
ENSONIG00000018932	1	0	31
ENSONIG00000018933	1	0	6
ENSONIG00000018934	2	0	3
ENSONIG00000018935	1	0	1
ENSONIG00000018936	1	0	11
ENSONIG00000018937	0	3	6
ENSONIG00000018938	3	0	20
ENSONIG00000018939	26	4	24
ENSONIG00000018941	0	2	38
ENSONIG00000018942	2	0	18
ENSONIG00000018946	1	7	84
ENSONIG00000018948	11	4	46
ENSONIG00000018949	14	0	0
ENSONIG00000018950	0	1	7
ENSONIG00000018951	0	0	2
ENSONIG00000018952	8	6	20
ENSONIG00000018953	5	11	1866
ENSONIG00000018954	0	0	1
ENSONIG00000018955	0	0	4
ENSONIG00000018956	0	0	0
ENSONIG00000018958	0	0	0
ENSONIG00000018959	0	0	21
ENSONIG00000018960	0	0	0
ENSONIG00000018961	1	0	0
ENSONIG00000018962	5	0	10
ENSONIG00000018964	1	1	6
ENSONIG00000018967	1	1	9
ENSONIG00000018968	0	6	203
ENSONIG00000018969	0	0	0
ENSONIG00000018970	221	11	52
ENSONIG00000018971	60	29	58
ENSONIG00000018972	0	0	9
ENSONIG00000018974	19	1	2
ENSONIG00000018975	0	0	0
ENSONIG00000018976	0	0	16
ENSONIG00000018977	0	0	17
ENSONIG00000018978	1	6	26
ENSONIG00000018979	1	0	8
ENSONIG00000018980	5	1	61
ENSONIG00000018981	0	0	0
ENSONIG00000018983	0	0	0
ENSONIG00000018984	0	0	0
ENSONIG00000018985	0	0	0
ENSONIG00000018986	0	0	0
ENSONIG00000018988	0	0	0
ENSONIG00000018989	0	0	0
ENSONIG00000018990	0	0	0
ENSONIG00000018992	0	0	0
ENSONIG00000018994	11	3	50
ENSONIG00000018995	0	0	4
ENSONIG00000018996	0	0	1
ENSONIG00000018997	0	0	1
ENSONIG00000018998	0	2	1
ENSONIG00000018999	0	1	0
ENSONIG00000019001	0	0	4
ENSONIG00000019003	14	18	178
ENSONIG00000019005	0	0	1
ENSONIG00000019007	7	0	18
ENSONIG00000019008	5	0	11
ENSONIG00000019011	0	0	4
ENSONIG00000019013	22	29	141
ENSONIG00000019014	10	0	42
ENSONIG00000019015	6	11	79
ENSONIG00000019016	0	1	19
ENSONIG00000019017	0	0	2
ENSONIG00000019018	0	0	3
ENSONIG00000019019	44328	2631	5655
ENSONIG00000019020	306	19	721
ENSONIG00000019022	0	0	0
ENSONIG00000019024	7	12	62
ENSONIG00000019025	4	0	43
ENSONIG00000019026	5	2	89
ENSONIG00000019028	0	3	2
ENSONIG00000019029	7	1	23
ENSONIG00000019030	7	0	16
ENSONIG00000019031	3	12	47
ENSONIG00000019032	0	0	0
ENSONIG00000019034	0	0	0
ENSONIG00000019037	0	0	4
ENSONIG00000019038	1	0	12
ENSONIG00000019039	10	0	31
ENSONIG00000019040	0	0	1
ENSONIG00000019041	10	1	16
ENSONIG00000019042	0	1	5
ENSONIG00000019043	2	1	7
ENSONIG00000019045	0	1	12
ENSONIG00000019046	0	0	0
ENSONIG00000019047	0	0	0
ENSONIG00000019049	1	0	0
ENSONIG00000019050	5	1	17
ENSONIG00000019051	5	0	29
ENSONIG00000019052	0	0	0
ENSONIG00000019053	0	1	3
ENSONIG00000019054	2	2	21
ENSONIG00000019056	2	0	5
ENSONIG00000019057	0	0	0
ENSONIG00000019058	2	2	51
ENSONIG00000019059	10	0	4
ENSONIG00000019060	0	0	0
ENSONIG00000019061	1	0	0
ENSONIG00000019064	24	72	1994
ENSONIG00000019067	3	1	11
ENSONIG00000019068	0	0	0
ENSONIG00000019069	0	0	0
ENSONIG00000019070	0	0	0
ENSONIG00000019071	0	5	10
ENSONIG00000019072	0	0	0
ENSONIG00000019075	0	0	0
ENSONIG00000019076	0	0	0
ENSONIG00000019077	11	59	15
ENSONIG00000019078	9	0	3
ENSONIG00000019080	3	0	1
ENSONIG00000019081	0	0	0
ENSONIG00000019082	0	0	0
ENSONIG00000019084	3	0	5
ENSONIG00000019085	5	0	25
ENSONIG00000019086	0	0	0
ENSONIG00000019088	10	8	31
ENSONIG00000019090	0	0	37
ENSONIG00000019091	0	1	5
ENSONIG00000019093	3	0	4
ENSONIG00000019094	8	9	123
ENSONIG00000019095	0	3	13
ENSONIG00000019097	2	2	3
ENSONIG00000019098	0	0	4
ENSONIG00000019100	0	0	24
ENSONIG00000019101	102	18	47
ENSONIG00000019102	8	0	3
ENSONIG00000019103	4	0	42
ENSONIG00000019104	1	1	3
ENSONIG00000019105	0	0	1
ENSONIG00000019106	3	3	15
ENSONIG00000019107	0	0	0
ENSONIG00000019109	0	0	3
ENSONIG00000019110	0	0	2
ENSONIG00000019111	0	0	0
ENSONIG00000019114	0	0	0
ENSONIG00000019115	0	0	1
ENSONIG00000019116	0	0	1
ENSONIG00000019117	0	0	2
ENSONIG00000019118	1	2	5
ENSONIG00000019119	7	2	18
ENSONIG00000019120	0	0	37
ENSONIG00000019123	2	1	18
ENSONIG00000019124	0	0	2
ENSONIG00000019125	10	3	67
ENSONIG00000019126	5	0	0
ENSONIG00000019127	59	63	202
ENSONIG00000019128	1	0	13
ENSONIG00000019129	3	4	13
ENSONIG00000019130	1	0	0
ENSONIG00000019131	0	0	0
ENSONIG00000019132	0	0	0
ENSONIG00000019134	0	0	0
ENSONIG00000019135	6	4	56
ENSONIG00000019136	5	0	0
ENSONIG00000019137	7	9	26
ENSONIG00000019138	2	4	36
ENSONIG00000019139	279	305	490
ENSONIG00000019140	2	0	10
ENSONIG00000019141	0	0	0
ENSONIG00000019142	1	0	4
ENSONIG00000019143	3	4	53
ENSONIG00000019145	1	0	1
ENSONIG00000019146	4	0	0
ENSONIG00000019147	14	0	3
ENSONIG00000019148	31	4	58
ENSONIG00000019149	2	1	27
ENSONIG00000019150	0	0	0
ENSONIG00000019151	2	0	12
ENSONIG00000019153	1	2	9
ENSONIG00000019155	3	3	159
ENSONIG00000019156	1	0	1
ENSONIG00000019157	0	0	0
ENSONIG00000019158	0	2	60
ENSONIG00000019159	0	0	1
ENSONIG00000019160	9	15	158
ENSONIG00000019161	283	157	62
ENSONIG00000019163	16	0	9
ENSONIG00000019164	3	3	96
ENSONIG00000019165	1	2	19
ENSONIG00000019166	0	0	0
ENSONIG00000019167	0	0	4
ENSONIG00000019168	1	1	15
ENSONIG00000019169	4	1	6
ENSONIG00000019170	2	1	15
ENSONIG00000019171	0	0	5
ENSONIG00000019172	0	0	0
ENSONIG00000019173	2	51	412
ENSONIG00000019174	0	0	22
ENSONIG00000019175	0	0	4
ENSONIG00000019176	1	0	1
ENSONIG00000019177	0	0	1
ENSONIG00000019178	1	0	0
ENSONIG00000019179	3	0	0
ENSONIG00000019180	0	0	3
ENSONIG00000019181	0	0	0
ENSONIG00000019182	0	0	7
ENSONIG00000019184	0	0	1
ENSONIG00000019187	0	0	0
ENSONIG00000019189	0	0	0
ENSONIG00000019190	0	2	0
ENSONIG00000019191	0	0	0
ENSONIG00000019192	0	0	2
ENSONIG00000019193	0	2	7
ENSONIG00000019194	0	0	2
ENSONIG00000019195	4	2	11
ENSONIG00000019196	0	0	1
ENSONIG00000019197	0	0	13
ENSONIG00000019198	1	0	3
ENSONIG00000019199	0	3	1
ENSONIG00000019200	7	2	12
ENSONIG00000019201	0	0	5
ENSONIG00000019203	294	3	6
ENSONIG00000019204	3	0	0
ENSONIG00000019205	8	6	55
ENSONIG00000019206	3	63	511
ENSONIG00000019207	0	0	0
ENSONIG00000019209	0	0	0
ENSONIG00000019210	50	33	49
ENSONIG00000019212	7	2	1
ENSONIG00000019213	2	9	19
ENSONIG00000019215	2	0	4
ENSONIG00000019216	0	0	3
ENSONIG00000019217	0	0	0
ENSONIG00000019218	0	0	4
ENSONIG00000019220	17	4	40
ENSONIG00000019221	4	3	10
ENSONIG00000019223	10	4	87
ENSONIG00000019224	2	1	30
ENSONIG00000019225	0	0	0
ENSONIG00000019226	19	10	254
ENSONIG00000019227	0	0	22
ENSONIG00000019228	37	623	30
ENSONIG00000019229	4	1	39
ENSONIG00000019230	10	6	96
ENSONIG00000019232	0	0	1
ENSONIG00000019234	85	64	241
ENSONIG00000019235	0	0	6
ENSONIG00000019236	0	0	0
ENSONIG00000019237	3	3	32
ENSONIG00000019239	58	1	48
ENSONIG00000019240	2	5	34
ENSONIG00000019241	0	0	3
ENSONIG00000019242	3	0	3
ENSONIG00000019244	5	20	34
ENSONIG00000019245	13	1	41
ENSONIG00000019246	1	0	7
ENSONIG00000019247	2	0	6
ENSONIG00000019248	225	42	32
ENSONIG00000019249	0	0	0
ENSONIG00000019250	0	2	1
ENSONIG00000019251	1616	165	240
ENSONIG00000019252	0	3	17
ENSONIG00000019253	0	0	8
ENSONIG00000019254	5	0	0
ENSONIG00000019255	0	0	1
ENSONIG00000019256	3	0	0
ENSONIG00000019257	0	0	72
ENSONIG00000019258	0	0	0
ENSONIG00000019259	3	0	0
ENSONIG00000019260	1	0	1
ENSONIG00000019262	4	0	18
ENSONIG00000019264	1	0	2
ENSONIG00000019265	2	0	5
ENSONIG00000019266	10	3	19
ENSONIG00000019267	6	3	15
ENSONIG00000019268	0	2	2
ENSONIG00000019270	0	1	56
ENSONIG00000019271	0	0	0
ENSONIG00000019272	11	6	273
ENSONIG00000019274	0	1	0
ENSONIG00000019275	26	4	28
ENSONIG00000019278	0	0	0
ENSONIG00000019279	0	0	9
ENSONIG00000019280	17	44	93
ENSONIG00000019281	287	240	232
ENSONIG00000019282	1	3	11
ENSONIG00000019283	0	0	0
ENSONIG00000019284	2	0	0
ENSONIG00000019285	0	0	1
ENSONIG00000019286	3	0	0
ENSONIG00000019287	6	6	302
ENSONIG00000019288	1	1	0
ENSONIG00000019289	7	0	4
ENSONIG00000019290	0	0	3
ENSONIG00000019291	2	0	11
ENSONIG00000019294	0	0	8
ENSONIG00000019295	3	0	16
ENSONIG00000019296	0	1	15
ENSONIG00000019297	0	0	0
ENSONIG00000019298	2	0	7
ENSONIG00000019299	0	2	12
ENSONIG00000019300	0	0	0
ENSONIG00000019301	0	0	0
ENSONIG00000019302	0	2	25
ENSONIG00000019303	0	0	5
ENSONIG00000019304	2	4	98
ENSONIG00000019305	0	3	12
ENSONIG00000019306	2	0	5
ENSONIG00000019307	3	7	20
ENSONIG00000019308	0	2	0
ENSONIG00000019309	1	2	1
ENSONIG00000019310	0	4	0
ENSONIG00000019311	3	7	40
ENSONIG00000019312	0	1	18
ENSONIG00000019314	0	1	1
ENSONIG00000019315	2	0	11
ENSONIG00000019316	7	0	21
ENSONIG00000019317	7	3	80
ENSONIG00000019318	26	8	40
ENSONIG00000019319	0	4	127
ENSONIG00000019320	13	8	58
ENSONIG00000019321	0	0	27
ENSONIG00000019322	6	0	2
ENSONIG00000019323	0	2	29
ENSONIG00000019324	1	2	23
ENSONIG00000019325	2	0	5
ENSONIG00000019326	0	2	8
ENSONIG00000019327	0	0	11
ENSONIG00000019328	8	0	41
ENSONIG00000019329	6	2	14
ENSONIG00000019331	150	82	408
ENSONIG00000019332	204	62	91
ENSONIG00000019333	278	662	413
ENSONIG00000019334	0	0	17
ENSONIG00000019335	0	0	27
ENSONIG00000019336	0	1	7
ENSONIG00000019337	1	0	0
ENSONIG00000019338	0	0	2
ENSONIG00000019339	1	0	2
ENSONIG00000019341	8	3	57
ENSONIG00000019343	1	3	0
ENSONIG00000019344	41	4	10
ENSONIG00000019345	2	0	8
ENSONIG00000019346	0	1	4
ENSONIG00000019347	1	2	11
ENSONIG00000019349	3	2	14
ENSONIG00000019350	5	0	2
ENSONIG00000019351	0	0	45
ENSONIG00000019352	8	0	1
ENSONIG00000019355	1	5	22
ENSONIG00000019357	2	0	0
ENSONIG00000019358	0	0	0
ENSONIG00000019359	0	0	0
ENSONIG00000019360	1	1	9
ENSONIG00000019361	1	0	3
ENSONIG00000019362	6	1	13
ENSONIG00000019363	0	0	2
ENSONIG00000019365	0	0	5
ENSONIG00000019366	2	11	22
ENSONIG00000019367	0	2	10
ENSONIG00000019368	5	0	2
ENSONIG00000019370	0	10	25
ENSONIG00000019371	2	0	3
ENSONIG00000019372	0	0	0
ENSONIG00000019373	24	5	4
ENSONIG00000019374	3	0	8
ENSONIG00000019375	0	0	0
ENSONIG00000019377	3	0	5
ENSONIG00000019378	1	0	10
ENSONIG00000019379	1	3	10
ENSONIG00000019380	44	33	397
ENSONIG00000019382	1	0	7
ENSONIG00000019383	7	52	1014
ENSONIG00000019385	0	0	0
ENSONIG00000019386	1	0	3
ENSONIG00000019387	0	81	287
ENSONIG00000019389	8	2	56
ENSONIG00000019392	6	1	18
ENSONIG00000019393	1	3	14
ENSONIG00000019394	2	2	3
ENSONIG00000019395	1	2	32
ENSONIG00000019396	9	18	131
ENSONIG00000019397	10	1	30
ENSONIG00000019398	2	2	10
ENSONIG00000019400	5	0	36
ENSONIG00000019401	0	0	4
ENSONIG00000019402	25	0	4
ENSONIG00000019404	49	5	33
ENSONIG00000019405	1	1	14
ENSONIG00000019407	0	0	0
ENSONIG00000019408	0	0	8
ENSONIG00000019409	0	0	9
ENSONIG00000019410	3	0	5
ENSONIG00000019411	4	2	16
ENSONIG00000019412	0	0	6
ENSONIG00000019413	1	0	6
ENSONIG00000019414	0	0	19
ENSONIG00000019415	0	0	2
ENSONIG00000019416	0	0	1
ENSONIG00000019417	4	4	133
ENSONIG00000019418	0	0	71
ENSONIG00000019419	0	0	0
ENSONIG00000019420	0	0	12
ENSONIG00000019421	1	1	15
ENSONIG00000019422	9	21	28
ENSONIG00000019423	0	4	35
ENSONIG00000019425	12	0	41
ENSONIG00000019426	5	0	19
ENSONIG00000019427	4	2	7
ENSONIG00000019428	1	0	0
ENSONIG00000019429	3	4	17
ENSONIG00000019430	38	25	91
ENSONIG00000019431	7	4	9
ENSONIG00000019433	4	5	19
ENSONIG00000019434	20	8	197
ENSONIG00000019436	0	0	0
ENSONIG00000019437	2	11	102
ENSONIG00000019438	14	64	2670
ENSONIG00000019439	3	0	3
ENSONIG00000019440	0	1	5
ENSONIG00000019441	0	0	11
ENSONIG00000019442	0	0	2
ENSONIG00000019443	2	0	0
ENSONIG00000019444	0	0	1
ENSONIG00000019447	103	55	66
ENSONIG00000019448	0	0	3
ENSONIG00000019451	1	0	0
ENSONIG00000019452	10	1	45
ENSONIG00000019455	0	0	15
ENSONIG00000019457	428	42	25
ENSONIG00000019458	4	0	2
ENSONIG00000019459	0	0	2
ENSONIG00000019460	15	0	5
ENSONIG00000019462	0	0	3
ENSONIG00000019463	2	0	0
ENSONIG00000019464	0	0	0
ENSONIG00000019465	0	0	5
ENSONIG00000019466	35	138	162
ENSONIG00000019467	0	3	14
ENSONIG00000019468	0	0	0
ENSONIG00000019470	0	0	0
ENSONIG00000019471	2	0	9
ENSONIG00000019472	0	8	156
ENSONIG00000019473	1	0	48
ENSONIG00000019474	0	0	0
ENSONIG00000019475	0	0	0
ENSONIG00000019476	0	0	11
ENSONIG00000019477	3	0	16
ENSONIG00000019478	1	3	153
ENSONIG00000019479	3	10	3
ENSONIG00000019480	0	7	6
ENSONIG00000019482	1	0	0
ENSONIG00000019483	14	6	71
ENSONIG00000019484	0	0	7
ENSONIG00000019486	43	33	132
ENSONIG00000019487	0	1	71
ENSONIG00000019490	0	0	2
ENSONIG00000019491	0	0	0
ENSONIG00000019492	2	0	4
ENSONIG00000019493	7	1	9
ENSONIG00000019495	1	1	17
ENSONIG00000019496	5	1	7
ENSONIG00000019497	1	0	8
ENSONIG00000019498	4	4	38
ENSONIG00000019499	4	0	41
ENSONIG00000019500	4	2	20
ENSONIG00000019501	0	2	21
ENSONIG00000019502	1	0	15
ENSONIG00000019503	1	0	19
ENSONIG00000019504	0	2	33
ENSONIG00000019505	0	0	0
ENSONIG00000019506	0	1	5
ENSONIG00000019509	0	0	0
ENSONIG00000019510	19	6	83
ENSONIG00000019511	0	0	0
ENSONIG00000019512	1	0	16
ENSONIG00000019513	5	0	0
ENSONIG00000019515	0	0	4
ENSONIG00000019517	0	1	15
ENSONIG00000019518	0	0	2
ENSONIG00000019519	5	0	5
ENSONIG00000019520	1	1	6
ENSONIG00000019521	1	0	18
ENSONIG00000019522	0	0	1
ENSONIG00000019523	0	0	0
ENSONIG00000019524	0	1	0
ENSONIG00000019525	2	0	5
ENSONIG00000019526	0	0	0
ENSONIG00000019527	9	5	26
ENSONIG00000019528	1	0	23
ENSONIG00000019529	0	0	4
ENSONIG00000019530	0	0	1
ENSONIG00000019531	2	3	109
ENSONIG00000019532	0	1	9
ENSONIG00000019533	0	0	7
ENSONIG00000019534	0	0	0
ENSONIG00000019535	3	0	3
ENSONIG00000019536	8	3	18
ENSONIG00000019537	0	1	3
ENSONIG00000019540	8	3	37
ENSONIG00000019541	0	0	0
ENSONIG00000019542	0	0	1
ENSONIG00000019545	115	7	76
ENSONIG00000019546	4	3	38
ENSONIG00000019547	338	205	342
ENSONIG00000019548	4	0	36
ENSONIG00000019549	2	3	35
ENSONIG00000019550	0	6	28
ENSONIG00000019551	5	0	4
ENSONIG00000019553	0	0	0
ENSONIG00000019554	1	0	0
ENSONIG00000019555	0	1	3
ENSONIG00000019556	2	1	13
ENSONIG00000019557	19	5	3
ENSONIG00000019558	0	0	2
ENSONIG00000019559	0	0	0
ENSONIG00000019560	5	9	69
ENSONIG00000019561	1	0	20
ENSONIG00000019562	2	1	6
ENSONIG00000019563	0	0	3
ENSONIG00000019565	0	0	1
ENSONIG00000019566	0	0	0
ENSONIG00000019567	0	0	0
ENSONIG00000019568	0	3	21
ENSONIG00000019569	13	1	7
ENSONIG00000019571	11	0	7
ENSONIG00000019572	0	1	0
ENSONIG00000019573	17	12	109
ENSONIG00000019574	0	0	0
ENSONIG00000019575	0	0	3
ENSONIG00000019578	4	2	23
ENSONIG00000019580	0	0	43
ENSONIG00000019581	0	0	8
ENSONIG00000019582	1	0	2
ENSONIG00000019584	1	0	3
ENSONIG00000019585	4	12	46
ENSONIG00000019586	2	1	56
ENSONIG00000019587	3	1	13
ENSONIG00000019588	6	8	214
ENSONIG00000019589	1	0	0
ENSONIG00000019590	4	1	35
ENSONIG00000019591	0	0	0
ENSONIG00000019592	2	0	0
ENSONIG00000019594	0	1	8
ENSONIG00000019595	6	3	33
ENSONIG00000019596	3	2	20
ENSONIG00000019597	0	0	0
ENSONIG00000019598	3	2	10
ENSONIG00000019599	2	0	10
ENSONIG00000019600	5	7	56
ENSONIG00000019601	2	2	135
ENSONIG00000019603	60	22	31
ENSONIG00000019604	0	0	9
ENSONIG00000019605	4	10	65
ENSONIG00000019606	2	1	26
ENSONIG00000019608	684	499	507
ENSONIG00000019609	5	2	42
ENSONIG00000019610	8	5	40
ENSONIG00000019611	4	0	7
ENSONIG00000019612	0	0	7
ENSONIG00000019613	4	1	5
ENSONIG00000019614	0	0	1
ENSONIG00000019615	2	0	0
ENSONIG00000019616	1	0	2
ENSONIG00000019617	0	0	0
ENSONIG00000019618	0	1	11
ENSONIG00000019620	0	2	14
ENSONIG00000019621	0	1	9
ENSONIG00000019622	0	0	1
ENSONIG00000019624	12	6	11
ENSONIG00000019625	0	0	0
ENSONIG00000019627	3	4	44
ENSONIG00000019628	0	0	18
ENSONIG00000019630	3	0	4
ENSONIG00000019632	1	0	13
ENSONIG00000019633	0	0	5
ENSONIG00000019634	6	3	73
ENSONIG00000019637	1	0	6
ENSONIG00000019638	1	3	66
ENSONIG00000019639	3	0	3
ENSONIG00000019640	10	1	2
ENSONIG00000019641	2	5	44
ENSONIG00000019642	6	0	3
ENSONIG00000019643	2	0	47
ENSONIG00000019644	0	0	4
ENSONIG00000019645	0	0	0
ENSONIG00000019646	0	0	2
ENSONIG00000019648	1	1	2
ENSONIG00000019651	0	0	0
ENSONIG00000019653	0	0	0
ENSONIG00000019654	1	0	11
ENSONIG00000019655	0	0	5
ENSONIG00000019656	0	0	25
ENSONIG00000019657	53	97	311
ENSONIG00000019659	233	163	1954
ENSONIG00000019660	3	1	73
ENSONIG00000019661	1	1	3
ENSONIG00000019663	0	0	3
ENSONIG00000019664	0	0	20
ENSONIG00000019665	0	0	1
ENSONIG00000019666	3	2	89
ENSONIG00000019667	0	0	2
ENSONIG00000019668	6	9	31
ENSONIG00000019669	0	2	11
ENSONIG00000019670	75	23	107
ENSONIG00000019671	2	0	8
ENSONIG00000019672	3	2	31
ENSONIG00000019673	1	2	85
ENSONIG00000019674	1	1	7
ENSONIG00000019676	0	1	17
ENSONIG00000019677	1	0	7
ENSONIG00000019678	0	0	22
ENSONIG00000019680	10	0	10
ENSONIG00000019681	19	22	169
ENSONIG00000019684	3	2	17
ENSONIG00000019685	1	0	2
ENSONIG00000019686	1	1	3
ENSONIG00000019687	0	0	0
ENSONIG00000019688	9	2	65
ENSONIG00000019689	0	0	3
ENSONIG00000019690	47	12	73
ENSONIG00000019691	0	0	2
ENSONIG00000019692	18	4	146
ENSONIG00000019694	5	11	142
ENSONIG00000019695	0	3	16
ENSONIG00000019696	8	1	89
ENSONIG00000019697	0	0	3
ENSONIG00000019698	5	2	40
ENSONIG00000019699	1	9	28
ENSONIG00000019700	4	52	27
ENSONIG00000019701	2	6	38
ENSONIG00000019702	4	0	18
ENSONIG00000019703	3	0	0
ENSONIG00000019704	0	1	7
ENSONIG00000019706	1	0	11
ENSONIG00000019707	2	2	16
ENSONIG00000019709	0	0	4
ENSONIG00000019710	2	1	48
ENSONIG00000019711	9	6	97
ENSONIG00000019713	0	1	2
ENSONIG00000019714	0	0	5
ENSONIG00000019715	2	0	19
ENSONIG00000019716	13	4	58
ENSONIG00000019717	14282	26869	41536
ENSONIG00000019718	2	1	39
ENSONIG00000019719	0	0	0
ENSONIG00000019720	4	2	25
ENSONIG00000019721	17	0	40
ENSONIG00000019724	167	1711	2119
ENSONIG00000019726	68	45	43
ENSONIG00000019730	57	37	146
ENSONIG00000019731	3	11	24
ENSONIG00000019733	0	2	17
ENSONIG00000019734	0	1	1
ENSONIG00000019735	3	5	23
ENSONIG00000019737	1	0	0
ENSONIG00000019738	10	3	3
ENSONIG00000019739	3	0	12
ENSONIG00000019741	0	0	0
ENSONIG00000019742	4	0	1
ENSONIG00000019743	2	0	18
ENSONIG00000019745	2	0	3
ENSONIG00000019746	1	0	0
ENSONIG00000019747	0	0	52
ENSONIG00000019750	0	0	0
ENSONIG00000019751	2	0	8
ENSONIG00000019752	17	4	48
ENSONIG00000019753	0	0	1
ENSONIG00000019754	7	1	110
ENSONIG00000019755	126	8	8
ENSONIG00000019756	5	9	165
ENSONIG00000019757	0	1	10
ENSONIG00000019758	0	0	0
ENSONIG00000019759	0	4	16
ENSONIG00000019760	3	1	40
ENSONIG00000019761	0	0	7
ENSONIG00000019762	0	0	3
ENSONIG00000019764	1	0	9
ENSONIG00000019765	1	0	8
ENSONIG00000019766	0	0	0
ENSONIG00000019767	3	3	31
ENSONIG00000019768	2	2	7
ENSONIG00000019770	0	0	10
ENSONIG00000019771	2	0	0
ENSONIG00000019772	2	2	35
ENSONIG00000019774	0	0	0
ENSONIG00000019777	0	0	5
ENSONIG00000019779	0	0	0
ENSONIG00000019780	1	0	23
ENSONIG00000019781	0	0	2
ENSONIG00000019782	0	0	6
ENSONIG00000019783	3	4	40
ENSONIG00000019784	0	1	37
ENSONIG00000019785	5	0	5
ENSONIG00000019786	4	0	0
ENSONIG00000019787	26	5	73
ENSONIG00000019788	0	0	10
ENSONIG00000019789	11	1	6
ENSONIG00000019791	1	0	23
ENSONIG00000019792	0	0	1
ENSONIG00000019793	3	0	19
ENSONIG00000019794	0	0	0
ENSONIG00000019795	0	0	0
ENSONIG00000019796	5	9	64
ENSONIG00000019798	2	0	0
ENSONIG00000019800	4	0	1
ENSONIG00000019801	0	0	0
ENSONIG00000019802	0	0	3
ENSONIG00000019803	1	0	1
ENSONIG00000019804	0	0	12
ENSONIG00000019805	0	0	1
ENSONIG00000019806	0	0	0
ENSONIG00000019809	0	0	0
ENSONIG00000019810	3	0	27
ENSONIG00000019813	3	0	1
ENSONIG00000019814	0	0	0
ENSONIG00000019818	3	0	1
ENSONIG00000019819	0	0	9
ENSONIG00000019820	4	8	176
ENSONIG00000019822	0	0	0
ENSONIG00000019823	0	0	0
ENSONIG00000019824	5	0	4
ENSONIG00000019825	0	0	3
ENSONIG00000019826	0	0	0
ENSONIG00000019827	0	0	0
ENSONIG00000019828	26	21	530
ENSONIG00000019829	0	0	4
ENSONIG00000019831	1	1	59
ENSONIG00000019832	2	0	1
ENSONIG00000019833	3	4	100
ENSONIG00000019834	2	0	19
ENSONIG00000019835	0	4	18
ENSONIG00000019836	101	82	96
ENSONIG00000019838	12	3	10
ENSONIG00000019839	16	38	168
ENSONIG00000019840	0	2	43
ENSONIG00000019841	4	4	4
ENSONIG00000019843	36	58	123
ENSONIG00000019845	4	4	22
ENSONIG00000019846	11	62	136
ENSONIG00000019847	1	3	36
ENSONIG00000019848	8	20	17
ENSONIG00000019849	2005	804	1074
ENSONIG00000019851	8	11	91
ENSONIG00000019853	1	0	2
ENSONIG00000019854	30	3	10
ENSONIG00000019855	2	1	7
ENSONIG00000019857	0	0	1
ENSONIG00000019858	8	0	0
ENSONIG00000019859	3	0	18
ENSONIG00000019860	4	3	14
ENSONIG00000019861	4	3	17
ENSONIG00000019862	0	0	16
ENSONIG00000019863	8	7	151
ENSONIG00000019864	0	0	3
ENSONIG00000019865	0	0	3
ENSONIG00000019866	1	5	0
ENSONIG00000019867	0	0	1
ENSONIG00000019869	5	1	14
ENSONIG00000019870	7	16	4
ENSONIG00000019871	0	2	14
ENSONIG00000019872	32	5	208
ENSONIG00000019873	0	0	0
ENSONIG00000019874	0	0	5
ENSONIG00000019876	2	0	0
ENSONIG00000019877	0	0	3
ENSONIG00000019878	0	0	0
ENSONIG00000019879	0	0	0
ENSONIG00000019880	0	0	0
ENSONIG00000019881	23	7	101
ENSONIG00000019882	0	0	0
ENSONIG00000019883	0	0	0
ENSONIG00000019884	0	0	0
ENSONIG00000019885	0	0	0
ENSONIG00000019886	0	0	0
ENSONIG00000019887	0	0	0
ENSONIG00000019888	0	0	0
ENSONIG00000019889	0	0	0
ENSONIG00000019890	0	0	3
ENSONIG00000019891	0	0	0
ENSONIG00000019892	0	0	1
ENSONIG00000019893	3	5	14
ENSONIG00000019894	0	0	0
ENSONIG00000019895	0	6	9
ENSONIG00000019896	0	0	0
ENSONIG00000019898	1	2	6
ENSONIG00000019899	0	0	0
ENSONIG00000019900	0	0	0
ENSONIG00000019901	5	1	3
ENSONIG00000019902	0	0	1
ENSONIG00000019904	1	4	9
ENSONIG00000019905	14	1	10
ENSONIG00000019907	0	0	3
ENSONIG00000019908	0	0	0
ENSONIG00000019909	0	0	1
ENSONIG00000019910	1	0	1
ENSONIG00000019912	0	0	0
ENSONIG00000019913	0	0	19
ENSONIG00000019914	2	0	24
ENSONIG00000019915	1	3	21
ENSONIG00000019916	10	15	140
ENSONIG00000019919	8	2	10
ENSONIG00000019920	4	4	98
ENSONIG00000019923	0	0	15
ENSONIG00000019924	12	2	6
ENSONIG00000019925	0	0	0
ENSONIG00000019926	1	1	47
ENSONIG00000019930	4	2	15
ENSONIG00000019931	1	5	11
ENSONIG00000019932	2	1	157
ENSONIG00000019933	0	0	7
ENSONIG00000019934	0	0	3
ENSONIG00000019936	3	2	22
ENSONIG00000019938	53	75	77
ENSONIG00000019939	0	1	0
ENSONIG00000019940	0	0	2
ENSONIG00000019941	0	0	8
ENSONIG00000019942	14	0	0
ENSONIG00000019943	0	0	4
ENSONIG00000019944	0	1	69
ENSONIG00000019946	0	5	91
ENSONIG00000019948	0	0	0
ENSONIG00000019949	6	4	74
ENSONIG00000019951	70	28	41
ENSONIG00000019953	0	0	0
ENSONIG00000019954	0	0	0
ENSONIG00000019955	20	1	20
ENSONIG00000019956	1	1	26
ENSONIG00000019960	0	0	0
ENSONIG00000019961	22	6	109
ENSONIG00000019964	4	1	0
ENSONIG00000019966	2	0	13
ENSONIG00000019967	2	0	1
ENSONIG00000019968	136	59	102
ENSONIG00000019970	0	0	0
ENSONIG00000019972	0	0	0
ENSONIG00000019975	14	2	20
ENSONIG00000019976	3	2	13
ENSONIG00000019977	6	0	12
ENSONIG00000019978	0	1	3
ENSONIG00000019979	0	4	5
ENSONIG00000019982	0	0	0
ENSONIG00000019984	0	3	11
ENSONIG00000019986	0	1	8
ENSONIG00000019987	0	0	0
ENSONIG00000019988	2	1	15
ENSONIG00000019993	0	1	0
ENSONIG00000019995	0	1	2
ENSONIG00000019996	0	0	2
ENSONIG00000019997	0	0	0
ENSONIG00000019998	0	0	0
ENSONIG00000020000	0	0	0
ENSONIG00000020001	0	2	4
ENSONIG00000020002	0	0	11
ENSONIG00000020003	5	1	11
ENSONIG00000020005	25	0	7
ENSONIG00000020006	0	0	0
ENSONIG00000020007	4	1	4
ENSONIG00000020008	2	0	4
ENSONIG00000020009	2	1	6
ENSONIG00000020010	0	0	3
ENSONIG00000020011	4	1	4
ENSONIG00000020012	0	0	4
ENSONIG00000020013	0	3	31
ENSONIG00000020014	0	0	1
ENSONIG00000020015	2	0	9
ENSONIG00000020019	8	3	47
ENSONIG00000020020	2	0	4
ENSONIG00000020021	1	4	16
ENSONIG00000020022	4	3	4
ENSONIG00000020023	1	0	5
ENSONIG00000020024	22	9	56
ENSONIG00000020025	37	17	153
ENSONIG00000020026	0	0	17
ENSONIG00000020027	3	0	1
ENSONIG00000020028	0	1	11
ENSONIG00000020029	0	0	1
ENSONIG00000020030	0	0	17
ENSONIG00000020031	1	0	2
ENSONIG00000020032	0	1	2
ENSONIG00000020033	6	0	13
ENSONIG00000020034	1	0	0
ENSONIG00000020036	1	2	10
ENSONIG00000020038	4	0	1
ENSONIG00000020039	1	0	0
ENSONIG00000020040	18	7	135
ENSONIG00000020041	1	0	0
ENSONIG00000020042	1	0	8
ENSONIG00000020043	4	0	60
ENSONIG00000020044	0	0	0
ENSONIG00000020045	1	4	60
ENSONIG00000020046	6	2	11
ENSONIG00000020047	3	27	64
ENSONIG00000020048	2	1	51
ENSONIG00000020049	0	0	0
ENSONIG00000020050	0	0	1
ENSONIG00000020051	0	2	20
ENSONIG00000020052	2	1	16
ENSONIG00000020053	13	62	135
ENSONIG00000020054	30	22	36
ENSONIG00000020056	0	0	0
ENSONIG00000020057	9	0	0
ENSONIG00000020059	0	0	0
ENSONIG00000020060	0	0	0
ENSONIG00000020061	1	4	0
ENSONIG00000020062	0	0	0
ENSONIG00000020063	2	2	29
ENSONIG00000020065	0	1	13
ENSONIG00000020066	4	6	0
ENSONIG00000020068	0	0	0
ENSONIG00000020069	2	0	6
ENSONIG00000020071	47	3	4
ENSONIG00000020072	80	11	53
ENSONIG00000020073	0	0	0
ENSONIG00000020074	1	0	5
ENSONIG00000020075	0	0	0
ENSONIG00000020076	0	0	0
ENSONIG00000020077	0	0	0
ENSONIG00000020078	0	0	0
ENSONIG00000020079	0	0	0
ENSONIG00000020080	0	0	0
ENSONIG00000020081	0	2	1
ENSONIG00000020085	0	0	6
ENSONIG00000020086	0	0	0
ENSONIG00000020088	1	0	0
ENSONIG00000020092	0	0	0
ENSONIG00000020093	7	7	13
ENSONIG00000020094	5	3	3
ENSONIG00000020095	0	0	9
ENSONIG00000020096	1	2	59
ENSONIG00000020098	0	3	11
ENSONIG00000020099	0	2	3
ENSONIG00000020100	6	0	31
ENSONIG00000020101	273	93	107
ENSONIG00000020102	3	0	5
ENSONIG00000020103	3	2	1
ENSONIG00000020104	6	3	16
ENSONIG00000020105	6	2	39
ENSONIG00000020107	0	3	6
ENSONIG00000020108	7	5	54
ENSONIG00000020109	1	2	33
ENSONIG00000020110	1	0	2
ENSONIG00000020111	4	1	17
ENSONIG00000020112	68	14	97
ENSONIG00000020113	0	2	25
ENSONIG00000020114	0	1	3
ENSONIG00000020115	1	0	8
ENSONIG00000020116	1	2	8
ENSONIG00000020117	0	2	2
ENSONIG00000020118	0	2	43
ENSONIG00000020119	13	1	3
ENSONIG00000020120	1	0	11
ENSONIG00000020121	0	0	5
ENSONIG00000020122	0	0	1
ENSONIG00000020123	0	0	11
ENSONIG00000020124	1	0	0
ENSONIG00000020125	41	6	76
ENSONIG00000020126	1	0	1
ENSONIG00000020128	4	1	6
ENSONIG00000020129	0	0	22
ENSONIG00000020131	1	1	7
ENSONIG00000020132	3	4	35
ENSONIG00000020133	2	0	3
ENSONIG00000020134	6	7	75
ENSONIG00000020135	27	2	23
ENSONIG00000020136	0	0	7
ENSONIG00000020138	1	0	2
ENSONIG00000020139	2	2	3
ENSONIG00000020140	4	0	1
ENSONIG00000020141	0	0	1
ENSONIG00000020142	3	1	2
ENSONIG00000020143	32	52	61
ENSONIG00000020144	0	0	3
ENSONIG00000020145	0	0	4
ENSONIG00000020146	21	2	37
ENSONIG00000020147	2	0	1
ENSONIG00000020148	2	0	3
ENSONIG00000020150	28	2	8
ENSONIG00000020151	0	0	4
ENSONIG00000020152	0	0	0
ENSONIG00000020153	0	0	12
ENSONIG00000020154	3	0	6
ENSONIG00000020155	0	0	1
ENSONIG00000020157	3	2	12
ENSONIG00000020158	51	25	14
ENSONIG00000020159	1	0	2
ENSONIG00000020160	0	1	5
ENSONIG00000020161	0	0	5
ENSONIG00000020162	1	0	0
ENSONIG00000020163	1	0	0
ENSONIG00000020164	27	0	13
ENSONIG00000020165	13	4	1
ENSONIG00000020166	1	0	1
ENSONIG00000020167	1	1	26
ENSONIG00000020168	7	2	31
ENSONIG00000020169	0	5	4
ENSONIG00000020170	0	2	24
ENSONIG00000020171	3	0	41
ENSONIG00000020173	1	3	61
ENSONIG00000020175	3	0	4
ENSONIG00000020176	3	0	5
ENSONIG00000020177	3	0	0
ENSONIG00000020179	0	0	6
ENSONIG00000020180	2	0	12
ENSONIG00000020181	0	0	9
ENSONIG00000020182	1	1	29
ENSONIG00000020183	0	0	2
ENSONIG00000020184	0	0	4
ENSONIG00000020185	1	0	0
ENSONIG00000020186	0	1	20
ENSONIG00000020187	0	2	1
ENSONIG00000020188	3	0	1
ENSONIG00000020189	0	1	2
ENSONIG00000020190	0	0	12
ENSONIG00000020191	1	3	10
ENSONIG00000020192	4	0	4
ENSONIG00000020193	0	0	0
ENSONIG00000020194	15	5	209
ENSONIG00000020195	1	0	1
ENSONIG00000020196	0	0	0
ENSONIG00000020197	0	0	0
ENSONIG00000020199	0	0	0
ENSONIG00000020200	0	0	7
ENSONIG00000020205	0	0	1
ENSONIG00000020206	0	0	0
ENSONIG00000020208	0	0	0
ENSONIG00000020211	0	0	1
ENSONIG00000020212	0	2	38
ENSONIG00000020214	1	0	3
ENSONIG00000020216	1	0	28
ENSONIG00000020217	0	0	0
ENSONIG00000020218	0	0	0
ENSONIG00000020219	0	0	0
ENSONIG00000020222	1	0	3
ENSONIG00000020223	9	0	10
ENSONIG00000020224	0	0	10
ENSONIG00000020226	3	7	56
ENSONIG00000020227	0	0	0
ENSONIG00000020229	0	5	40
ENSONIG00000020230	0	0	6
ENSONIG00000020231	0	0	0
ENSONIG00000020232	5	2	6
ENSONIG00000020233	1	1	6
ENSONIG00000020234	2	0	1
ENSONIG00000020235	6	4	60
ENSONIG00000020236	0	4	4
ENSONIG00000020238	0	4	21
ENSONIG00000020239	1	1	33
ENSONIG00000020241	2	9	85
ENSONIG00000020242	2	2	6
ENSONIG00000020243	0	9	5
ENSONIG00000020245	6	20	51
ENSONIG00000020247	3	1	17
ENSONIG00000020248	4	2	14
ENSONIG00000020250	0	0	7
ENSONIG00000020251	4	2	41
ENSONIG00000020252	0	2	0
ENSONIG00000020253	2	48	35
ENSONIG00000020254	0	0	14
ENSONIG00000020256	3	2	13
ENSONIG00000020257	3	0	0
ENSONIG00000020258	0	0	0
ENSONIG00000020259	7	3	7
ENSONIG00000020260	0	0	0
ENSONIG00000020261	1	14	148
ENSONIG00000020263	0	2	12
ENSONIG00000020264	5	3	18
ENSONIG00000020265	6	0	5
ENSONIG00000020266	0	1	7
ENSONIG00000020267	3	3	51
ENSONIG00000020268	0	0	0
ENSONIG00000020270	1	3	9
ENSONIG00000020271	4	2	5
ENSONIG00000020273	1	0	11
ENSONIG00000020274	4	0	3
ENSONIG00000020275	0	0	4
ENSONIG00000020276	12	2	26
ENSONIG00000020277	27	8	92
ENSONIG00000020278	0	1	174
ENSONIG00000020279	1	2	12
ENSONIG00000020280	5	0	5
ENSONIG00000020281	1	0	0
ENSONIG00000020282	0	1	0
ENSONIG00000020283	0	1	6
ENSONIG00000020284	3	0	0
ENSONIG00000020285	3	0	0
ENSONIG00000020286	0	2	40
ENSONIG00000020287	0	1	3
ENSONIG00000020288	0	0	9
ENSONIG00000020290	6	2	26
ENSONIG00000020291	0	0	12
ENSONIG00000020292	100	1	60
ENSONIG00000020293	17	1	1
ENSONIG00000020294	24	0	17
ENSONIG00000020295	6	7	40
ENSONIG00000020296	465	298	592
ENSONIG00000020297	1	5	61
ENSONIG00000020298	1	0	2
ENSONIG00000020300	2	2	0
ENSONIG00000020301	1	2	6
ENSONIG00000020303	15	5	142
ENSONIG00000020304	0	0	0
ENSONIG00000020306	96	45	88
ENSONIG00000020307	8	1	17
ENSONIG00000020308	9	1	16
ENSONIG00000020309	14	2	49
ENSONIG00000020310	0	0	16
ENSONIG00000020311	3	0	1
ENSONIG00000020313	6	1	24
ENSONIG00000020314	21	12	23
ENSONIG00000020315	2	1	20
ENSONIG00000020316	2	2	2
ENSONIG00000020317	0	1	7
ENSONIG00000020318	2	13	17
ENSONIG00000020319	0	3	2
ENSONIG00000020321	4	16	183
ENSONIG00000020323	1	0	46
ENSONIG00000020324	1	2	26
ENSONIG00000020325	9	3	14
ENSONIG00000020327	2	4	30
ENSONIG00000020328	2	1	0
ENSONIG00000020329	8	2	0
ENSONIG00000020330	1	1	59
ENSONIG00000020333	0	0	47
ENSONIG00000020334	9	3	69
ENSONIG00000020335	0	0	11
ENSONIG00000020336	12	15	54
ENSONIG00000020337	5	2	111
ENSONIG00000020338	0	3	68
ENSONIG00000020339	0	0	2
ENSONIG00000020341	4	1	1
ENSONIG00000020342	0	0	12
ENSONIG00000020343	0	0	11
ENSONIG00000020344	1	2	65
ENSONIG00000020345	1	0	11
ENSONIG00000020346	6	3	47
ENSONIG00000020347	0	0	2
ENSONIG00000020349	0	0	0
ENSONIG00000020350	1	0	38
ENSONIG00000020352	0	0	2
ENSONIG00000020353	2	1	16
ENSONIG00000020354	0	0	3
ENSONIG00000020355	4	0	7
ENSONIG00000020356	13	81	79
ENSONIG00000020357	4	1	22
ENSONIG00000020358	0	0	0
ENSONIG00000020359	8	5	122
ENSONIG00000020360	3	7	34
ENSONIG00000020361	3	2	26
ENSONIG00000020362	1	0	4
ENSONIG00000020365	0	0	0
ENSONIG00000020366	0	1	35
ENSONIG00000020367	0	0	1
ENSONIG00000020368	0	0	0
ENSONIG00000020369	0	0	4
ENSONIG00000020370	0	1	40
ENSONIG00000020371	6	0	18
ENSONIG00000020372	2	1	17
ENSONIG00000020373	0	0	0
ENSONIG00000020375	0	0	4
ENSONIG00000020376	0	0	1
ENSONIG00000020377	1	19	126
ENSONIG00000020378	18	3	2
ENSONIG00000020379	6	2	50
ENSONIG00000020381	415	1622	3197
ENSONIG00000020382	0	0	3
ENSONIG00000020383	17	30	33
ENSONIG00000020384	258	170	113
ENSONIG00000020385	5	1	38
ENSONIG00000020386	3	3	33
ENSONIG00000020387	103	75	94
ENSONIG00000020388	10	10	182
ENSONIG00000020389	0	0	18
ENSONIG00000020390	0	0	0
ENSONIG00000020391	0	0	0
ENSONIG00000020392	0	0	0
ENSONIG00000020394	0	0	0
ENSONIG00000020395	2	0	2
ENSONIG00000020396	0	0	0
ENSONIG00000020398	0	0	0
ENSONIG00000020399	1	5	22
ENSONIG00000020400	0	2	0
ENSONIG00000020401	0	0	0
ENSONIG00000020402	1	0	1
ENSONIG00000020404	0	0	5
ENSONIG00000020405	0	0	0
ENSONIG00000020409	4	3	16
ENSONIG00000020410	11	1	0
ENSONIG00000020413	0	0	0
ENSONIG00000020414	0	0	0
ENSONIG00000020418	2	0	1
ENSONIG00000020419	1	0	0
ENSONIG00000020420	4	0	0
ENSONIG00000020421	0	0	2
ENSONIG00000020422	2	1	5
ENSONIG00000020423	0	0	2
ENSONIG00000020425	0	0	0
ENSONIG00000020426	0	0	0
ENSONIG00000020428	0	0	0
ENSONIG00000020429	0	0	0
ENSONIG00000020430	0	4	10
ENSONIG00000020432	3	5	49
ENSONIG00000020433	0	2	57
ENSONIG00000020434	0	0	0
ENSONIG00000020437	0	0	10
ENSONIG00000020438	3	1	46
ENSONIG00000020439	1	0	45
ENSONIG00000020440	0	0	0
ENSONIG00000020441	0	0	0
ENSONIG00000020442	0	0	0
ENSONIG00000020443	14	0	2
ENSONIG00000020444	3	0	6
ENSONIG00000020446	0	0	0
ENSONIG00000020447	0	0	0
ENSONIG00000020448	1	0	16
ENSONIG00000020449	0	0	1
ENSONIG00000020450	0	0	0
ENSONIG00000020451	1	0	0
ENSONIG00000020452	0	0	3
ENSONIG00000020453	4	0	0
ENSONIG00000020455	4	0	19
ENSONIG00000020456	2	2	51
ENSONIG00000020457	1	0	3
ENSONIG00000020458	0	0	0
ENSONIG00000020459	0	1	2
ENSONIG00000020461	0	0	0
ENSONIG00000020464	0	0	0
ENSONIG00000020466	0	0	0
ENSONIG00000020467	0	3	2
ENSONIG00000020469	1	0	7
ENSONIG00000020470	0	0	4
ENSONIG00000020471	0	0	4
ENSONIG00000020473	0	0	0
ENSONIG00000020475	0	1	8
ENSONIG00000020477	0	0	13
ENSONIG00000020478	2	0	0
ENSONIG00000020481	0	0	2
ENSONIG00000020483	1	0	3
ENSONIG00000020484	4	1	4
ENSONIG00000020485	0	2	13
ENSONIG00000020489	2	0	0
ENSONIG00000020495	0	0	0
ENSONIG00000020496	0	0	0
ENSONIG00000020497	12	4	70
ENSONIG00000020500	6	8	46
ENSONIG00000020501	0	0	4
ENSONIG00000020502	3	8	33
ENSONIG00000020505	3	0	21
ENSONIG00000020506	1	0	0
ENSONIG00000020507	2	0	0
ENSONIG00000020508	0	0	6
ENSONIG00000020510	0	2	0
ENSONIG00000020511	2	0	2
ENSONIG00000020517	206	140	261
ENSONIG00000020518	0	0	1
ENSONIG00000020519	1	0	0
ENSONIG00000020520	0	0	4
ENSONIG00000020521	0	0	0
ENSONIG00000020527	0	0	0
ENSONIG00000020530	0	0	0
ENSONIG00000020531	0	0	0
ENSONIG00000020532	0	0	14
ENSONIG00000020536	0	5	183
ENSONIG00000020540	0	0	2
ENSONIG00000020541	0	0	6
ENSONIG00000020542	0	0	0
ENSONIG00000020543	0	0	0
ENSONIG00000020544	0	0	9
ENSONIG00000020549	0	0	0
ENSONIG00000020554	3	0	0
ENSONIG00000020557	0	1	10
ENSONIG00000020558	0	0	1
ENSONIG00000020559	0	0	0
ENSONIG00000020560	0	0	0
ENSONIG00000020563	2	3	10
ENSONIG00000020567	0	0	0
ENSONIG00000020570	0	0	0
ENSONIG00000020574	1	0	2
ENSONIG00000020575	22	0	17
ENSONIG00000020576	1	1	1
ENSONIG00000020577	0	0	0
ENSONIG00000020579	0	0	2
ENSONIG00000020580	0	0	0
ENSONIG00000020581	0	0	0
ENSONIG00000020582	0	0	6
ENSONIG00000020583	17	2	89
ENSONIG00000020584	0	0	0
ENSONIG00000020586	0	0	0
ENSONIG00000020587	0	0	0
ENSONIG00000020588	0	0	0
ENSONIG00000020591	0	0	0
ENSONIG00000020592	0	0	0
ENSONIG00000020595	0	0	13
ENSONIG00000020596	0	0	6
ENSONIG00000020597	0	0	2
ENSONIG00000020598	0	0	0
ENSONIG00000020601	0	1	9
ENSONIG00000020603	0	1	7
ENSONIG00000020604	1	0	1
ENSONIG00000020605	6	1	1
ENSONIG00000020606	0	2	2
ENSONIG00000020608	12	8	57
ENSONIG00000020610	0	2	19
ENSONIG00000020611	0	0	0
ENSONIG00000020612	0	0	19
ENSONIG00000020613	0	0	1
ENSONIG00000020614	1	0	8
ENSONIG00000020615	4	3	103
ENSONIG00000020617	5	2	107
ENSONIG00000020618	2	1	1
ENSONIG00000020619	0	0	0
ENSONIG00000020620	0	0	0
ENSONIG00000020622	0	0	5
ENSONIG00000020624	1	2	0
ENSONIG00000020625	0	0	0
ENSONIG00000020626	1	0	0
ENSONIG00000020628	0	0	0
ENSONIG00000020629	4	0	1
ENSONIG00000020630	0	0	0
ENSONIG00000020631	2	0	12
ENSONIG00000020632	0	1	0
ENSONIG00000020633	0	0	33
ENSONIG00000020634	0	1	36
ENSONIG00000020635	0	0	0
ENSONIG00000020636	1	0	30
ENSONIG00000020637	0	0	2
ENSONIG00000020638	0	1	0
ENSONIG00000020639	0	0	0
ENSONIG00000020640	0	0	0
ENSONIG00000020641	0	3	30
ENSONIG00000020644	0	0	0
ENSONIG00000020647	0	0	11
ENSONIG00000020648	2	1	6
ENSONIG00000020650	0	0	0
ENSONIG00000020651	0	0	0
ENSONIG00000020653	0	0	1
ENSONIG00000020655	4	5	15
ENSONIG00000020656	2	3	38
ENSONIG00000020657	0	0	5
ENSONIG00000020658	2	0	59
ENSONIG00000020661	0	1	12
ENSONIG00000020662	2	0	0
ENSONIG00000020663	3	0	0
ENSONIG00000020664	6	0	7
ENSONIG00000020665	1	9	6
ENSONIG00000020669	0	0	0
ENSONIG00000020670	1	3	75
ENSONIG00000020671	1	0	3
ENSONIG00000020673	0	0	0
ENSONIG00000020675	2	2	20
ENSONIG00000020676	0	0	3
ENSONIG00000020677	0	0	0
ENSONIG00000020678	0	0	3
ENSONIG00000020680	1	0	0
ENSONIG00000020685	0	0	0
ENSONIG00000020691	0	0	0
ENSONIG00000020694	4	2	12
ENSONIG00000020695	0	1	31
ENSONIG00000020696	0	0	1
ENSONIG00000020697	5	0	0
ENSONIG00000020699	1	0	12
ENSONIG00000020700	0	0	3
ENSONIG00000020701	0	1	0
ENSONIG00000020702	1	3	26
ENSONIG00000020704	0	0	0
ENSONIG00000020705	2	1	20
ENSONIG00000020706	1	0	5
ENSONIG00000020709	0	0	0
ENSONIG00000020710	1	0	0
ENSONIG00000020712	0	0	0
ENSONIG00000020715	67	5	3
ENSONIG00000020717	0	0	0
ENSONIG00000020721	0	0	3
ENSONIG00000020722	0	2	12
ENSONIG00000020723	0	0	3
ENSONIG00000020724	0	0	1
ENSONIG00000020725	1	0	17
ENSONIG00000020727	0	0	0
ENSONIG00000020728	0	1	5
ENSONIG00000020730	0	0	2
ENSONIG00000020731	0	1	12
ENSONIG00000020735	0	1	5
ENSONIG00000020736	0	0	1
ENSONIG00000020737	0	2	0
ENSONIG00000020739	0	1172	71
ENSONIG00000020741	0	0	0
ENSONIG00000020742	0	0	0
ENSONIG00000020743	0	0	7
ENSONIG00000020744	1	1	2
ENSONIG00000020745	0	0	0
ENSONIG00000020746	0	0	2
ENSONIG00000020748	0	2	10
ENSONIG00000020749	2	8	84
ENSONIG00000020750	2	4	14
ENSONIG00000020751	53	23	189
ENSONIG00000020752	0	1	1
ENSONIG00000020753	0	0	0
ENSONIG00000020754	0	0	2
ENSONIG00000020758	4	9	71
ENSONIG00000020759	0	0	0
ENSONIG00000020761	0	0	0
ENSONIG00000020763	0	0	0
ENSONIG00000020766	0	0	0
ENSONIG00000020768	0	0	2
ENSONIG00000020770	7	0	0
ENSONIG00000020771	0	0	0
ENSONIG00000020772	42	0	0
ENSONIG00000020773	0	0	0
ENSONIG00000020774	0	0	0
ENSONIG00000020775	2	0	0
ENSONIG00000020776	0	0	0
ENSONIG00000020780	6	2	17
ENSONIG00000020781	2079	731	1078
ENSONIG00000020784	6	4	47
ENSONIG00000020785	3	1	38
ENSONIG00000020787	0	0	4
ENSONIG00000020788	0	0	3
ENSONIG00000020791	0	0	0
ENSONIG00000020792	0	0	1
ENSONIG00000020793	0	0	10
ENSONIG00000020796	3	1	28
ENSONIG00000020799	0	0	8
ENSONIG00000020801	0	0	1
ENSONIG00000020803	0	0	0
ENSONIG00000020807	0	1	26
ENSONIG00000020810	3	0	1
ENSONIG00000020811	4	0	7
ENSONIG00000020812	7	0	0
ENSONIG00000020813	0	0	0
ENSONIG00000020814	15	4	123
ENSONIG00000020815	4	8	198
ENSONIG00000020816	1	0	1
ENSONIG00000020818	0	0	4
ENSONIG00000020819	0	0	0
ENSONIG00000020820	0	0	7
ENSONIG00000020821	0	0	0
ENSONIG00000020822	8	2	35
ENSONIG00000020823	0	1	29
ENSONIG00000020824	0	0	5
ENSONIG00000020825	0	0	0
ENSONIG00000020826	0	0	0
ENSONIG00000020827	12	0	11
ENSONIG00000020830	3	1	6
ENSONIG00000020832	0	1	1
ENSONIG00000020833	0	1	0
ENSONIG00000020834	1	0	0
ENSONIG00000020836	0	0	0
ENSONIG00000020841	0	0	0
ENSONIG00000020844	0	0	3
ENSONIG00000020845	7	18	34
ENSONIG00000020846	0	0	0
ENSONIG00000020847	0	3	24
ENSONIG00000020850	0	0	3
ENSONIG00000020851	0	0	4
ENSONIG00000020852	10	0	21
ENSONIG00000020854	17	9	85
ENSONIG00000020856	0	0	0
ENSONIG00000020857	2	1	1
ENSONIG00000020858	0	8	3
ENSONIG00000020859	11806	27387	43340
ENSONIG00000020860	0	0	16
ENSONIG00000020862	1	1	2
ENSONIG00000020864	0	0	0
ENSONIG00000020867	0	0	0
ENSONIG00000020869	0	0	6
ENSONIG00000020870	7	1	32
ENSONIG00000020871	0	0	0
ENSONIG00000020873	1	0	1
ENSONIG00000020874	0	0	0
ENSONIG00000020875	0	0	0
ENSONIG00000020876	1	0	2
ENSONIG00000020878	7	7	9
ENSONIG00000020883	0	0	2
ENSONIG00000020884	1	4	13
ENSONIG00000020885	0	0	0
ENSONIG00000020887	90	63	104
ENSONIG00000020888	0	0	0
ENSONIG00000020889	7	2	3
ENSONIG00000020890	0	0	0
ENSONIG00000020894	0	0	0
ENSONIG00000020896	0	0	0
ENSONIG00000020898	1	0	1
ENSONIG00000020899	0	0	0
ENSONIG00000020900	4	0	0
ENSONIG00000020901	1	0	5
ENSONIG00000020902	1	0	0
ENSONIG00000020903	0	0	0
ENSONIG00000020904	0	0	4
ENSONIG00000020906	1	0	0
ENSONIG00000020907	6	2	0
ENSONIG00000020908	1	1	0
ENSONIG00000020909	0	0	0
ENSONIG00000020910	0	0	0
ENSONIG00000020911	28	9	53
ENSONIG00000020912	10	0	1
ENSONIG00000020915	0	1	12
ENSONIG00000020916	0	0	25
ENSONIG00000020920	2	0	11
ENSONIG00000020922	4	11	2
ENSONIG00000020923	18	18	171
ENSONIG00000020924	1	1	20
ENSONIG00000020925	0	0	4
ENSONIG00000020926	0	0	0
ENSONIG00000020929	3	4	64
ENSONIG00000020930	9	7	118
ENSONIG00000020931	0	0	2
ENSONIG00000020932	0	0	3
ENSONIG00000020933	5	0	0
ENSONIG00000020934	0	0	0
ENSONIG00000020935	0	0	0
ENSONIG00000020936	1	0	0
ENSONIG00000020937	0	0	14
ENSONIG00000020938	0	0	14
ENSONIG00000020939	5	5	5
ENSONIG00000020941	0	0	0
ENSONIG00000020942	0	0	0
ENSONIG00000020943	0	0	3
ENSONIG00000020944	0	0	0
ENSONIG00000020945	9	0	20
ENSONIG00000020947	0	0	0
ENSONIG00000020948	0	0	2
ENSONIG00000020949	3	0	2
ENSONIG00000020950	0	2	4
ENSONIG00000020952	1	0	4
ENSONIG00000020953	10	0	5
ENSONIG00000020954	3	0	0
ENSONIG00000020955	0	0	3
ENSONIG00000020957	0	0	9
ENSONIG00000020958	1	6	6
ENSONIG00000020959	4	1	57
ENSONIG00000020961	52	3	5
ENSONIG00000020962	1	8	14
ENSONIG00000020964	0	0	0
ENSONIG00000020965	2	0	6
ENSONIG00000020966	0	0	0
ENSONIG00000020967	0	0	0
ENSONIG00000020968	0	0	0
ENSONIG00000020970	0	0	2
ENSONIG00000020971	1	0	0
ENSONIG00000020972	0	0	1
ENSONIG00000020973	0	0	1
ENSONIG00000020974	0	0	7
ENSONIG00000020976	2	0	0
ENSONIG00000020978	0	0	3
ENSONIG00000020979	0	0	1
ENSONIG00000020980	0	0	0
ENSONIG00000020981	0	0	0
ENSONIG00000020982	0	0	0
ENSONIG00000020983	0	0	0
ENSONIG00000020984	0	0	0
ENSONIG00000020987	0	0	1
ENSONIG00000020988	1	2	11
ENSONIG00000020989	0	0	0
ENSONIG00000020990	0	0	0
ENSONIG00000020991	0	2	3
ENSONIG00000020992	4	1	50
ENSONIG00000020993	0	0	0
ENSONIG00000020994	0	0	0
ENSONIG00000020996	0	0	0
ENSONIG00000020997	0	0	0
ENSONIG00000020998	1	0	2
ENSONIG00000021001	0	0	1
ENSONIG00000021002	0	0	0
ENSONIG00000021004	0	0	1
ENSONIG00000021005	2	0	3
ENSONIG00000021007	12	7	25
ENSONIG00000021009	0	3	2
ENSONIG00000021010	0	0	0
ENSONIG00000021014	0	0	0
ENSONIG00000021015	1	0	0
ENSONIG00000021016	0	0	0
ENSONIG00000021017	0	0	0
ENSONIG00000021018	2	1	26
ENSONIG00000021020	0	0	0
ENSONIG00000021021	1	0	0
ENSONIG00000021025	0	0	0
ENSONIG00000021026	7	2	25
ENSONIG00000021028	0	0	0
ENSONIG00000021029	0	0	1
ENSONIG00000021030	0	0	1
ENSONIG00000021031	3	4	94
ENSONIG00000021032	2	3	106
ENSONIG00000021033	1	1	3
ENSONIG00000021034	0	0	7
ENSONIG00000021035	3	10	13
ENSONIG00000021036	0	0	0
ENSONIG00000021037	2	1	1
ENSONIG00000021038	0	0	0
ENSONIG00000021039	5	0	4
ENSONIG00000021041	0	0	0
ENSONIG00000021044	0	1	4
ENSONIG00000021047	6	3	4
ENSONIG00000021048	3	1	3
ENSONIG00000021050	7	1	2
ENSONIG00000021051	0	0	1
ENSONIG00000021052	5	2	13
ENSONIG00000021053	0	0	0
ENSONIG00000021054	0	1	1
ENSONIG00000021056	3	1	6
ENSONIG00000021057	0	0	0
ENSONIG00000021058	0	0	2
ENSONIG00000021060	0	0	11
ENSONIG00000021061	0	2	1
ENSONIG00000021062	0	0	2
ENSONIG00000021063	2	0	3
ENSONIG00000021065	0	0	0
ENSONIG00000021067	0	0	0
ENSONIG00000021070	12	2	38
ENSONIG00000021072	5	4	72
ENSONIG00000021073	1	0	19
ENSONIG00000021075	0	1	4
ENSONIG00000021078	166	331	567
ENSONIG00000021079	0	0	0
ENSONIG00000021082	10	5	24
ENSONIG00000021083	4	0	30
ENSONIG00000021084	0	0	6
ENSONIG00000021086	0	3	58
ENSONIG00000021087	0	4	2
ENSONIG00000021088	0	0	2
ENSONIG00000021089	0	0	0
ENSONIG00000021090	0	0	0
ENSONIG00000021092	0	0	0
ENSONIG00000021097	0	0	0
ENSONIG00000021099	0	0	4
ENSONIG00000021100	0	1	0
ENSONIG00000021101	0	0	0
ENSONIG00000021104	0	1	42
ENSONIG00000021106	0	0	1
ENSONIG00000021113	1	0	0
ENSONIG00000021114	2	4	44
ENSONIG00000021116	0	0	0
ENSONIG00000021117	0	0	2
ENSONIG00000021118	0	0	5
ENSONIG00000021119	0	0	1
ENSONIG00000021121	0	0	0
ENSONIG00000021122	1	0	3
ENSONIG00000021123	0	0	0
ENSONIG00000021125	0	0	2
ENSONIG00000021129	0	0	1
ENSONIG00000021130	0	2	23
ENSONIG00000021131	0	0	0
ENSONIG00000021132	0	0	9
ENSONIG00000021135	0	0	4
ENSONIG00000021136	74	71	63
ENSONIG00000021137	10	5	72
ENSONIG00000021138	0	0	6
ENSONIG00000021139	1	0	6
ENSONIG00000021140	1	3	18
ENSONIG00000021141	2	0	1
ENSONIG00000021142	2570	239	6703
ENSONIG00000021144	4	0	0
ENSONIG00000021146	2	0	0
ENSONIG00000021147	6	1	29
ENSONIG00000021150	0	0	4
ENSONIG00000021151	4	2	3
ENSONIG00000021153	2	0	2
ENSONIG00000021154	0	0	1
ENSONIG00000021155	0	0	2
ENSONIG00000021162	0	0	8
ENSONIG00000021163	0	1	39
ENSONIG00000021170	0	0	0
ENSONIG00000021171	0	0	15
ENSONIG00000021172	0	0	1
ENSONIG00000021173	5	0	5
ENSONIG00000021174	9	1	2
ENSONIG00000021175	0	0	0
ENSONIG00000021176	2	0	1
ENSONIG00000021177	0	0	0
ENSONIG00000021178	1	0	19
ENSONIG00000021179	1	0	3
ENSONIG00000021182	5	0	3
ENSONIG00000021183	9	0	0
ENSONIG00000021184	0	0	2
ENSONIG00000021186	0	0	5
ENSONIG00000021188	3	4	5
ENSONIG00000021189	2	0	6
ENSONIG00000021190	0	0	0
ENSONIG00000021192	0	0	1
ENSONIG00000021193	0	0	0
ENSONIG00000021197	0	0	0
ENSONIG00000021199	21	0	5
ENSONIG00000021200	11	7	69
ENSONIG00000021201	0	0	1
ENSONIG00000021202	0	25	17
ENSONIG00000021203	0	0	0
ENSONIG00000021204	0	0	0
ENSONIG00000021205	0	0	0
ENSONIG00000021206	0	0	1
ENSONIG00000021207	1	0	3
ENSONIG00000021208	20	4	8
ENSONIG00000021210	0	0	0
ENSONIG00000021213	0	0	0
ENSONIG00000021215	0	0	1
ENSONIG00000021216	1	0	2
ENSONIG00000021217	42	13	6
ENSONIG00000021218	123	35	107
ENSONIG00000021219	0	0	2
ENSONIG00000021220	0	0	5
ENSONIG00000021225	0	0	0
ENSONIG00000021227	0	0	3
ENSONIG00000021228	0	1	3
ENSONIG00000021229	1	0	0
ENSONIG00000021231	0	0	0
ENSONIG00000021233	0	0	4
ENSONIG00000021236	0	0	3
ENSONIG00000021237	0	0	0
ENSONIG00000021240	0	0	0
ENSONIG00000021241	1	0	16
ENSONIG00000021242	1	0	0
ENSONIG00000021243	0	0	13
ENSONIG00000021246	0	0	0
ENSONIG00000021247	0	2	6
ENSONIG00000021248	0	0	0
ENSONIG00000021251	0	0	0
ENSONIG00000021252	3	0	0
ENSONIG00000021255	34	28	29
ENSONIG00000021256	16	2	43
ENSONIG00000021258	0	0	2
ENSONIG00000021259	0	0	0
ENSONIG00000021260	3	0	0
ENSONIG00000021261	0	0	1
ENSONIG00000021262	5	8	9
ENSONIG00000021263	0	0	0
ENSONIG00000021264	0	0	0
ENSONIG00000021265	4	1	1
ENSONIG00000021267	5	0	5
ENSONIG00000021268	1	0	12
ENSONIG00000021269	0	0	1
ENSONIG00000021272	9	2	6
ENSONIG00000021273	0	0	0
ENSONIG00000021279	0	0	0
ENSONIG00000021280	0	0	0
ENSONIG00000021282	1	1	1
ENSONIG00000021283	13	8	172
ENSONIG00000021284	0	0	0
ENSONIG00000021285	41	20	168
ENSONIG00000021286	0	0	0
ENSONIG00000021287	0	0	0
ENSONIG00000021289	0	0	0
ENSONIG00000021290	0	0	0
ENSONIG00000021293	0	0	0
ENSONIG00000021295	0	0	41
ENSONIG00000021296	0	0	0
ENSONIG00000021297	0	0	0
ENSONIG00000021298	33	58	60
ENSONIG00000021299	12	1	0
ENSONIG00000021300	0	0	0
ENSONIG00000021303	2	8	23
ENSONIG00000021304	0	4	26
ENSONIG00000021305	0	0	0
ENSONIG00000021306	0	0	0
ENSONIG00000021307	1	0	3
ENSONIG00000021308	6	0	3
ENSONIG00000021309	0	1	10
ENSONIG00000021315	0	0	0
ENSONIG00000021316	0	0	0
ENSONIG00000021319	0	1	1
ENSONIG00000021320	0	1	10
ENSONIG00000021321	13	6	13
ENSONIG00000021322	0	0	14
ENSONIG00000021323	1	0	0
ENSONIG00000021324	0	0	1
ENSONIG00000021325	0	0	4
ENSONIG00000021326	0	1	0
ENSONIG00000021328	0	0	0
ENSONIG00000021332	0	0	0
ENSONIG00000021334	0	0	0
ENSONIG00000021335	7	23	72
ENSONIG00000021340	0	1	0
ENSONIG00000021341	19	0	0
ENSONIG00000021342	0	1	20
ENSONIG00000021343	0	4	84
ENSONIG00000021344	0	0	0
ENSONIG00000021345	0	0	0
ENSONIG00000021347	4	1	57
ENSONIG00000021348	15	9	1
ENSONIG00000021350	0	0	1
ENSONIG00000021351	0	0	0
ENSONIG00000021352	0	0	0
ENSONIG00000021353	0	0	0
ENSONIG00000021354	0	0	0
ENSONIG00000021355	0	0	0
ENSONIG00000021356	28	1	19
ENSONIG00000021358	0	0	0
ENSONIG00000021359	3	0	1
ENSONIG00000021360	1	0	0
ENSONIG00000021361	3	4	5
ENSONIG00000021362	3	3	44
ENSONIG00000021365	1	1	3
ENSONIG00000021368	0	0	8
ENSONIG00000021369	2	0	25
ENSONIG00000021370	0	1	28
ENSONIG00000021371	2	0	9
ENSONIG00000021372	0	0	0
ENSONIG00000021373	0	0	0
ENSONIG00000021375	0	0	0
ENSONIG00000021378	88	41	18
ENSONIG00000021379	0	0	0
ENSONIG00000021381	0	0	0
ENSONIG00000021382	0	0	0
ENSONIG00000021383	0	0	0
ENSONIG00000021384	0	0	1
ENSONIG00000021385	0	0	0
ENSONIG00000021386	2	1	8
ENSONIG00000021387	1	0	0
ENSONIG00000021388	0	0	8
ENSONIG00000021389	0	0	0
ENSONIG00000021392	2	0	2
ENSONIG00000021393	0	3	1
ENSONIG00000021394	65	14	28
ENSONIG00000021395	0	0	0
ENSONIG00000021399	0	0	9
ENSONIG00000021400	0	0	0
ENSONIG00000021405	0	0	0
ENSONIG00000021406	0	0	0
ENSONIG00000021407	0	2	29
ENSONIG00000021409	10	23	22
ENSONIG00000021411	0	1	2
ENSONIG00000021412	0	0	0
ENSONIG00000021413	0	0	5
ENSONIG00000021414	4	9	12
ENSONIG00000021415	0	0	27
ENSONIG00000021417	0	0	1
ENSONIG00000021419	1	4	16
ENSONIG00000021420	0	0	0
ENSONIG00000021425	0	0	6
ENSONIG00000021426	0	0	2
ENSONIG00000021427	0	0	0
ENSONIG00000021429	3	10	39
ENSONIG00000021430	909	136	100
ENSONIG00000021431	1	4	61
ENSONIG00000021432	0	1	28
ENSONIG00000021434	13	0	1
ENSONIG00000021435	1	1	14
ENSONIG00000021437	5	6	55
ENSONIG00000021438	0	0	0
ENSONIG00000021443	0	0	0
ENSONIG00000021444	0	1	2
ENSONIG00000021445	0	0	0
ENSONIG00000021450	1	1	10
ENSONIG00000021451	0	0	0
ENSONIG00000021452	0	0	0
ENSONIG00000021453	1	1	1
ENSONIG00000021458	0	3	11
ENSONIG00000021460	2	0	0
ENSONIG00000021462	0	0	0
ENSONIG00000021467	0	0	0
ENSONIG00000021469	0	0	0
ENSONIG00000021473	0	0	0
ENSONIG00000021474	2	0	2
ENSONIG00000021476	0	0	0
ENSONIG00000021477	0	0	0
ENSONIG00000021478	0	0	0
ENSONIG00000021481	0	0	0
ENSONIG00000021482	0	0	0
ENSONIG00000021483	0	0	0
ENSONIG00000021485	0	0	0
ENSONIG00000021487	0	0	0
ENSONIG00000021488	0	0	0
ENSONIG00000021489	0	0	0
ENSONIG00000021493	0	0	0
ENSONIG00000021494	0	0	0
ENSONIG00000021498	0	0	0
ENSONIG00000021502	0	0	0
ENSONIG00000021504	0	0	0
ENSONIG00000021506	0	0	0
ENSONIG00000021507	0	0	0
ENSONIG00000021508	0	0	0
ENSONIG00000021509	0	0	0
ENSONIG00000021513	0	0	0
ENSONIG00000021514	0	0	0
ENSONIG00000021515	0	0	0
ENSONIG00000021517	0	1	0
ENSONIG00000021520	2	0	0
ENSONIG00000021523	0	0	0
ENSONIG00000021526	0	0	0
ENSONIG00000021529	0	0	0
ENSONIG00000021532	0	0	0
ENSONIG00000021533	0	0	0
ENSONIG00000021534	0	0	0
ENSONIG00000021535	0	0	0
ENSONIG00000021536	0	0	0
ENSONIG00000021538	0	0	0
ENSONIG00000021539	0	0	0
ENSONIG00000021541	0	0	0
ENSONIG00000021542	0	0	0
ENSONIG00000021545	0	0	0
ENSONIG00000021547	0	0	1
ENSONIG00000021549	0	0	0
ENSONIG00000021551	0	0	0
ENSONIG00000021553	0	0	0
ENSONIG00000021554	0	0	0
ENSONIG00000021555	0	0	0
ENSONIG00000021557	0	0	0
ENSONIG00000021558	0	0	0
ENSONIG00000021560	0	0	0
ENSONIG00000021563	0	0	0
ENSONIG00000021564	0	0	0
ENSONIG00000021565	0	0	0
ENSONIG00000021569	0	0	0
ENSONIG00000021571	9	3	4
ENSONIG00000021574	0	0	0
ENSONIG00000021576	0	0	0
ENSONIG00000021578	0	0	2
ENSONIG00000021581	0	0	0
ENSONIG00000021583	0	0	1
ENSONIG00000021584	0	0	0
ENSONIG00000021585	0	0	0
ENSONIG00000021588	0	0	0
ENSONIG00000021589	0	0	0
ENSONIG00000021592	0	0	0
ENSONIG00000021593	0	0	0
ENSONIG00000021595	0	0	5
ENSONIG00000021596	6	0	0
ENSONIG00000021598	0	0	0
ENSONIG00000021599	0	0	0
ENSONIG00000021602	0	0	0
ENSONIG00000021606	0	0	0
ENSONIG00000021608	0	0	0
ENSONIG00000021610	0	0	0
ENSONIG00000021612	0	0	0
ENSONIG00000021613	0	0	0
ENSONIG00000021618	0	0	0
ENSONIG00000021619	0	0	0
ENSONIG00000021621	0	0	0
ENSONIG00000021622	0	0	1
ENSONIG00000021624	0	0	0
ENSONIG00000021625	0	0	0
ENSONIG00000021626	0	0	0
ENSONIG00000021627	0	0	0
ENSONIG00000021629	0	0	0
ENSONIG00000021630	0	0	0
ENSONIG00000021632	0	0	0
ENSONIG00000021634	0	0	0
ENSONIG00000021635	0	0	0
ENSONIG00000021636	0	0	0
ENSONIG00000021648	0	0	0
ENSONIG00000021649	0	1	0
ENSONIG00000021651	0	0	0
ENSONIG00000021653	0	0	0
ENSONIG00000021666	0	0	0
ENSONIG00000021667	0	0	0
ENSONIG00000021669	0	0	2
ENSONIG00000021671	0	0	1
ENSONIG00000021674	0	0	1
ENSONIG00000021683	0	0	0
ENSONIG00000021686	0	0	0
ENSONIG00000021689	0	0	0
ENSONIG00000021693	0	0	0
ENSONIG00000021697	0	0	0
ENSONIG00000021698	0	0	0
ENSONIG00000021699	0	11	17
ENSONIG00000021702	0	0	0
ENSONIG00000021703	0	0	0
ENSONIG00000021706	0	0	0
ENSONIG00000021710	0	0	0
ENSONIG00000021711	0	0	0
ENSONIG00000021715	0	0	0
ENSONIG00000021716	0	0	0
ENSONIG00000021719	0	0	0
ENSONIG00000021722	0	0	0
ENSONIG00000021729	0	0	0
ENSONIG00000021732	0	0	0
ENSONIG00000021733	0	0	1
ENSONIG00000021737	0	0	0
ENSONIG00000021740	0	0	0
ENSONIG00000021743	0	0	0
ENSONIG00000021744	0	1	0
ENSONIG00000021746	0	0	0
ENSONIG00000021747	0	0	0
ENSONIG00000021752	0	0	0
ENSONIG00000021755	0	0	7
ENSONIG00000021760	0	0	0
ENSONIG00000021761	0	0	0
ENSONIG00000021770	0	0	0
ENSONIG00000021771	0	0	0
ENSONIG00000021776	0	0	0
ENSONIG00000021777	0	0	0
ENSONIG00000021779	0	0	0
ENSONIG00000021786	0	0	0
ENSONIG00000021787	1	0	6
ENSONIG00000021789	0	0	0
ENSONIG00000021790	0	0	0
ENSONIG00000021792	0	0	0
ENSONIG00000021795	0	0	0
ENSONIG00000021797	0	0	0
ENSONIG00000021798	0	0	0
ENSONIG00000021799	0	0	0
ENSONIG00000021814	0	0	0
ENSONIG00000021818	0	0	0
ENSONIG00000021820	0	0	0
ENSONIG00000021821	0	0	0
ENSONIG00000021825	0	0	0
ENSONIG00000021828	0	0	0
ENSONIG00000021830	0	0	0
ENSONIG00000021832	0	0	0
ENSONIG00000021834	0	0	0
ENSONIG00000021836	2	0	0
ENSONIG00000021837	0	0	0
ENSONIG00000021839	0	0	0
ENSONIG00000021843	0	0	0
ENSONIG00000021844	0	0	0
ENSONIG00000021848	0	0	0
ENSONIG00000021849	0	0	0
ENSONIG00000021852	0	0	0
ENSONIG00000021854	0	0	0
ENSONIG00000021855	0	2	1
ENSONIG00000021857	0	0	0
ENSONIG00000021859	0	0	0
ENSONIG00000021860	0	0	0
ENSONIG00000021870	0	0	0
ENSONIG00000021872	0	0	0
ENSONIG00000021873	0	0	0
ENSONIG00000021875	0	0	0
ENSONIG00000021877	0	0	0
ENSONIG00000021878	0	0	0
ENSONIG00000021882	0	0	0
ENSONIG00000021884	0	0	0
ENSONIG00000021886	0	0	0
ENSONIG00000021888	0	0	0
ENSONIG00000021889	0	0	0
ENSONIG00000021892	1	0	0
ENSONIG00000021896	0	0	0
ENSONIG00000021897	0	0	0
ENSONIG00000021899	0	0	0
ENSONIG00000021900	0	0	0
ENSONIG00000021902	0	0	0
ENSONIG00000021903	0	0	0
ENSONIG00000021905	0	0	1
ENSONIG00000021911	0	0	0
ENSONIG00000021914	0	0	0
ENSONIG00000021915	0	0	0
ENSONIG00000021917	0	0	0
ENSONIG00000021919	0	0	0
ENSONIG00000021921	0	0	0
ENSONIG00000021922	2	0	0
ENSONIG00000021923	0	0	0
ENSONIG00000021925	1	0	1
ENSONIG00000021927	0	0	0
ENSONIG00000021929	0	0	0
ENSONIG00000021930	0	0	0
ENSONIG00000021931	0	0	0
ENSONIG00000021932	0	0	0
ENSONIG00000021934	0	0	0
ENSONIG00000021935	0	0	0
ENSONIG00000021937	0	0	0
ENSONIG00000021938	0	0	0
ENSONIG00000021939	2	0	1
ENSONIG00000021942	0	0	0
ENSONIG00000021943	0	0	0
ENSONIG00000021946	0	0	0
ENSONIG00000021947	0	0	0
ENSONIG00000021948	0	0	0
ENSONIG00000021950	0	0	0
ENSONIG00000021952	0	0	0
ENSONIG00000021954	0	0	0
ENSONIG00000021956	0	0	0
ENSONIG00000021961	0	0	0
ENSONIG00000021963	0	0	0
ENSONIG00000021966	0	0	1
ENSONIG00000021969	2	64	19
ENSONIG00000021972	0	0	0
ENSONIG00000021975	0	0	0
ENSONIG00000021976	0	0	0
ENSONIG00000021977	0	0	0
ENSONIG00000021978	0	0	0
ENSONIG00000021979	0	0	0
ENSONIG00000021982	1	0	0
ENSONIG00000021985	0	0	0
ENSONIG00000021989	0	0	0
ENSONIG00000021997	0	0	0
ENSONIG00000021998	0	0	0
ENSONIG00000021999	0	0	0
ENSONIG00000022001	0	0	0
ENSONIG00000022003	0	0	0
ENSONIG00000022004	0	0	0
ENSONIG00000022008	0	0	0
ENSONIG00000022010	0	0	0
ENSONIG00000022012	0	0	0
ENSONIG00000022013	0	0	0
ENSONIG00000022014	0	0	0
ENSONIG00000022018	0	0	0
ENSONIG00000022030	0	0	0
ENSONIG00000022031	0	0	0
ENSONIG00000022034	0	0	0
ENSONIG00000022035	0	0	0
ENSONIG00000022039	0	0	0
ENSONIG00000022047	0	0	0
ENSONIG00000022048	0	0	0
ENSONIG00000022049	0	0	0
ENSONIG00000022055	0	0	0
ENSONIG00000022056	0	0	0
ENSONIG00000022057	0	0	0
ENSONIG00000022059	0	0	0
ENSONIG00000022061	0	0	0
ENSONIG00000022062	0	0	0
ENSONIG00000022063	0	0	0
ENSONIG00000022064	0	0	0
ENSONIG00000022066	0	0	0
ENSONIG00000022067	0	0	0
ENSONIG00000022070	0	0	0
ENSONIG00000022071	0	0	0
ENSONIG00000022072	0	0	0
ENSONIG00000022073	0	0	0
ENSONIG00000022074	0	0	0
ENSONIG00000022076	15	0	0
ENSONIG00000022077	0	0	0
ENSONIG00000022078	0	0	0
ENSONIG00000022080	0	0	0
ENSONIG00000022092	0	0	1
ENSONIG00000022094	0	0	0
ENSONIG00000022097	6	7	3
ENSONIG00000022098	0	3	3
ENSONIG00000022099	0	0	0
ENSONIG00000022100	0	0	0
ENSONIG00000022103	0	0	0
ENSONIG00000022105	0	0	1
ENSONIG00000022106	0	0	0
ENSONIG00000022109	0	0	3
ENSONIG00000022111	0	0	0
ENSONIG00000022113	0	0	0
ENSONIG00000022117	0	0	0
ENSONIG00000022119	0	0	0
ENSONIG00000022123	0	0	0
ENSONIG00000022126	0	0	2
ENSONIG00000022129	0	0	0
ENSONIG00000022131	0	0	0
ENSONIG00000022134	0	0	0
ENSONIG00000022135	0	0	0
ENSONIG00000022137	4	0	0
ENSONIG00000022142	0	0	0
ENSONIG00000022143	0	0	0
ENSONIG00000022144	0	0	0
ENSONIG00000022145	0	0	0
ENSONIG00000022147	0	0	1
ENSONIG00000022148	0	0	0
ENSONIG00000022149	0	0	0
ENSONIG00000022152	1	0	0
ENSONIG00000022154	0	0	0
ENSONIG00000022157	0	0	0
ENSONIG00000022158	0	0	0
ENSONIG00000022160	0	0	0
ENSONIG00000022161	0	0	0
ENSONIG00000022162	0	0	0
ENSONIG00000022165	1	0	0
ENSONIG00000022167	0	0	0
ENSONIG00000022168	0	0	0
ENSONIG00000022169	0	0	0
ENSONIG00000022176	0	0	0
ENSONIG00000022177	0	0	0
ENSONIG00000022178	0	0	2
ENSONIG00000022180	0	0	0
ENSONIG00000022183	0	0	0
ENSONIG00000022185	0	0	0
ENSONIG00000022191	1	24	21
ENSONIG00000022192	0	0	0
ENSONIG00000022193	0	0	0
ENSONIG00000022196	0	0	0
ENSONIG00000022197	0	0	0
ENSONIG00000022199	0	0	0
ENSONIG00000022204	0	0	0
ENSONIG00000022206	0	0	0
ENSONIG00000022209	0	0	0
ENSONIG00000022210	0	0	0
ENSONIG00000022211	0	0	0
ENSONIG00000022214	0	0	0
ENSONIG00000022215	0	0	0
ENSONIG00000022217	0	0	1
ENSONIG00000022219	0	0	0
ENSONIG00000022223	0	0	0
ENSONIG00000022225	0	0	0
ENSONIG00000022226	0	0	0
ENSONIG00000022227	0	0	0
ENSONIG00000022228	0	0	0
ENSONIG00000022229	0	0	0
ENSONIG00000022230	0	0	0
ENSONIG00000022238	0	0	0
ENSONIG00000022239	0	0	1
ENSONIG00000022240	0	0	0
ENSONIG00000022241	0	0	0
ENSONIG00000022242	0	0	0
ENSONIG00000022245	0	0	0
ENSONIG00000022246	0	0	0
ENSONIG00000022247	0	0	1
ENSONIG00000022249	0	0	0
ENSONIG00000022257	0	0	0
ENSONIG00000022260	0	0	0
ENSONIG00000022264	0	0	0
ENSONIG00000022267	0	0	0
ENSONIG00000022270	0	0	0
ENSONIG00000022275	0	0	0
ENSONIG00000022276	0	0	0
ENSONIG00000022277	0	0	8
ENSONIG00000022278	0	0	0
ENSONIG00000022282	0	0	0
ENSONIG00000022283	0	0	0
ENSONIG00000022293	0	2	8
ENSONIG00000022305	0	0	0
ENSONIG00000022333	0	5	11
ENSONIG00000022337	0	0	0
ENSONIG00000022352	0	0	0
ENSONIG00000022371	1	0	4
ENSONIG00000022379	0	0	0
ENSONIG00000022381	2	0	8
ENSONIG00000022382	0	0	2
ENSONIG00000022402	0	1	2
ENSONIG00000022412	0	0	2
ENSONIG00000022424	0	0	0
ENSONIG00000022450	0	0	0
ENSONIG00000022474	0	0	0
ENSONIG00000022506	0	0	0
ENSONIG00000022539	15	16	317
ENSONIG00000022584	14	5	4
ENSONIG00000022594	0	0	0
ENSONIG00000022597	0	0	0
ENSONIG00000022617	0	0	0
ENSONIG00000022642	0	0	0
ENSONIG00000022643	0	1	19
ENSONIG00000022659	0	0	0
ENSONIG00000022661	0	0	0
ENSONIG00000022663	0	0	0
ENSONIG00000022671	5	4	32
ENSONIG00000022678	2	3	1
ENSONIG00000022687	0	0	0
ENSONIG00000022697	13	0	4
ENSONIG00000022701	0	0	0
ENSONIG00000022710	0	0	0
ENSONIG00000022711	0	0	1
ENSONIG00000022718	0	0	1
ENSONIG00000022720	0	1	3
ENSONIG00000022721	0	0	0
ENSONIG00000022750	0	0	0
ENSONIG00000022756	784	12	10
ENSONIG00000022757	32	14	60
ENSONIG00000022803	6	4	149
ENSONIG00000022808	0	0	0
ENSONIG00000022814	104	52	38
ENSONIG00000022826	0	0	0
ENSONIG00000022880	0	0	6
ENSONIG00000022929	5	0	1
ENSONIG00000022965	0	0	0
ENSONIG00000022976	10	9	273
ENSONIG00000022989	1365	890	2139
ENSONIG00000023025	0	0	10
ENSONIG00000023072	0	0	1
ENSONIG00000023087	0	0	0
ENSONIG00000023101	18	4	6
ENSONIG00000023143	14	3	39
ENSONIG00000023151	7	7	316
ENSONIG00000023272	0	0	0
ENSONIG00000023274	0	0	0
ENSONIG00000023291	7	0	0
ENSONIG00000023302	0	1	4
ENSONIG00000023317	0	0	0
ENSONIG00000023333	0	0	0
ENSONIG00000023369	0	0	1
ENSONIG00000023374	0	3	28
ENSONIG00000023403	0	0	0
ENSONIG00000023432	0	0	0
ENSONIG00000023436	0	0	0
ENSONIG00000023438	0	0	6
ENSONIG00000023440	0	0	0
ENSONIG00000023441	0	0	0
ENSONIG00000023467	0	0	0
ENSONIG00000023479	2	0	0
ENSONIG00000023481	0	0	0
ENSONIG00000023497	0	0	0
ENSONIG00000023506	0	0	0
ENSONIG00000023558	0	0	0
ENSONIG00000023572	0	0	0
ENSONIG00000023636	1	4	6
ENSONIG00000023637	1	0	4
ENSONIG00000023662	0	0	3
ENSONIG00000023676	166	340	2839
ENSONIG00000023677	0	0	4
ENSONIG00000023685	0	0	20
ENSONIG00000023702	0	0	0
ENSONIG00000023743	0	0	0
ENSONIG00000023744	0	0	0
ENSONIG00000023746	0	0	0
ENSONIG00000023765	0	0	0
ENSONIG00000023770	0	0	0
ENSONIG00000023782	0	0	0
ENSONIG00000023795	2	3	4
ENSONIG00000023812	0	0	0
ENSONIG00000023814	0	0	0
ENSONIG00000023840	0	0	0
ENSONIG00000023844	21	3	25
ENSONIG00000023887	0	0	0
ENSONIG00000023919	0	0	7
ENSONIG00000023925	0	0	1
ENSONIG00000023928	0	0	0
ENSONIG00000023933	0	0	0
ENSONIG00000023947	0	0	3
ENSONIG00000023957	0	0	0
ENSONIG00000023985	4	0	0
ENSONIG00000023994	1	0	0
ENSONIG00000024001	3	0	1
ENSONIG00000024050	0	4	248
ENSONIG00000024057	1	0	2
ENSONIG00000024136	0	0	3
ENSONIG00000024160	0	0	0
ENSONIG00000024167	0	0	0
ENSONIG00000024196	0	0	2
ENSONIG00000024229	0	0	0
ENSONIG00000024231	5	0	18
ENSONIG00000024244	0	0	0
ENSONIG00000024268	0	0	1
ENSONIG00000024284	1	0	0
ENSONIG00000024289	0	0	0
ENSONIG00000024294	0	0	16
ENSONIG00000024316	0	1	9
ENSONIG00000024317	0	0	0
ENSONIG00000024338	0	0	0
ENSONIG00000024344	0	0	5
ENSONIG00000024377	0	0	0
ENSONIG00000024381	0	0	3
ENSONIG00000024392	0	0	0
ENSONIG00000024399	0	0	0
ENSONIG00000024400	10	0	32
ENSONIG00000024421	0	0	0
ENSONIG00000024443	0	0	4
ENSONIG00000024453	0	0	0
ENSONIG00000024461	0	0	0
ENSONIG00000024473	0	0	0
ENSONIG00000024479	0	0	0
ENSONIG00000024485	0	0	0
ENSONIG00000024554	0	0	3
ENSONIG00000024591	0	0	0
ENSONIG00000024604	0	0	0
ENSONIG00000024609	0	0	0
ENSONIG00000024618	0	1	22
ENSONIG00000024626	3	2	21
ENSONIG00000024634	0	0	0
ENSONIG00000024641	0	0	0
ENSONIG00000024643	0	0	0
ENSONIG00000024682	0	0	2
ENSONIG00000024687	0	0	0
ENSONIG00000024700	0	0	0
ENSONIG00000024702	1	0	0
ENSONIG00000024703	1	0	0
ENSONIG00000024723	0	0	0
ENSONIG00000024786	0	0	0
ENSONIG00000024789	0	0	0
ENSONIG00000024799	1	0	0
ENSONIG00000024815	0	0	3
ENSONIG00000024817	6	2	8
ENSONIG00000024836	0	0	0
ENSONIG00000024837	0	0	0
ENSONIG00000024892	0	0	0
ENSONIG00000024902	2	1	11
ENSONIG00000024911	0	0	0
ENSONIG00000024993	0	0	0
ENSONIG00000025007	0	0	0
ENSONIG00000025020	0	0	0
ENSONIG00000025025	0	0	0
ENSONIG00000025045	3	1	3
ENSONIG00000025047	1	2	4
ENSONIG00000025062	4	0	4
ENSONIG00000025087	0	0	0
ENSONIG00000025089	0	0	3
ENSONIG00000025090	0	0	0
ENSONIG00000025127	0	0	0
ENSONIG00000025134	8	0	1
ENSONIG00000025136	0	0	0
ENSONIG00000025148	1	2	2
ENSONIG00000025166	0	0	39
ENSONIG00000025173	0	1	1
ENSONIG00000025186	0	0	0
ENSONIG00000025214	1	0	0
ENSONIG00000025237	0	0	0
ENSONIG00000025250	0	0	0
ENSONIG00000025261	0	0	0
ENSONIG00000025274	802	24	19
ENSONIG00000025305	0	0	0
ENSONIG00000025307	3	0	0
ENSONIG00000025312	0	4	0
ENSONIG00000025360	0	0	0
ENSONIG00000025379	3	1	1
ENSONIG00000025390	0	0	0
ENSONIG00000025397	1	0	37
ENSONIG00000025406	0	0	0
ENSONIG00000025410	0	0	0
ENSONIG00000025436	0	0	0
ENSONIG00000025490	0	0	0
ENSONIG00000025517	7	7	38
ENSONIG00000025549	0	0	0
ENSONIG00000025578	3	0	8
ENSONIG00000025602	0	0	0
ENSONIG00000025622	0	0	0
ENSONIG00000025637	0	1	0
ENSONIG00000025640	0	0	1
ENSONIG00000025641	0	0	0
ENSONIG00000025663	0	0	0
ENSONIG00000025675	0	0	25
ENSONIG00000025687	0	0	0
ENSONIG00000025691	0	0	0
ENSONIG00000025712	0	1	3
ENSONIG00000025780	1	0	0
ENSONIG00000025789	0	0	0
ENSONIG00000025819	0	0	10
ENSONIG00000025831	0	0	0
ENSONIG00000025838	0	0	0
ENSONIG00000025843	0	0	0
ENSONIG00000025852	0	0	0
ENSONIG00000025855	0	0	0
ENSONIG00000025856	0	0	0
ENSONIG00000025877	0	0	0
ENSONIG00000025896	0	0	3
ENSONIG00000025900	2	0	10
ENSONIG00000025920	0	0	0
ENSONIG00000025936	0	0	0
ENSONIG00000025954	4	1	0
ENSONIG00000025970	0	0	0
ENSONIG00000025979	0	0	0
ENSONIG00000025989	0	0	0
ENSONIG00000026013	0	0	0
ENSONIG00000026060	109	0	24
ENSONIG00000026089	0	0	0
ENSONIG00000026115	0	0	1
ENSONIG00000026117	5	5	39
ENSONIG00000026178	1	0	0
ENSONIG00000026196	0	0	0
ENSONIG00000026198	0	0	0
ENSONIG00000026233	0	0	0
ENSONIG00000026237	0	0	0
ENSONIG00000026304	2	3	32
ENSONIG00000026339	0	0	3
ENSONIG00000026342	27	0	7
ENSONIG00000026363	0	0	0
ENSONIG00000026380	0	0	0
ENSONIG00000026399	0	0	0
ENSONIG00000026416	0	1	19
ENSONIG00000026458	0	4	48
ENSONIG00000026492	0	0	0
ENSONIG00000026503	0	0	0
ENSONIG00000026508	0	0	0
ENSONIG00000026515	11	0	0
ENSONIG00000026518	0	0	1
ENSONIG00000026543	0	0	0
ENSONIG00000026545	0	0	0
ENSONIG00000026582	0	0	0
ENSONIG00000026613	0	0	0
ENSONIG00000026626	0	0	0
ENSONIG00000026635	0	0	12
ENSONIG00000026682	0	0	0
ENSONIG00000026683	37	108	453
ENSONIG00000026688	0	0	0
ENSONIG00000026707	0	0	1
ENSONIG00000026744	0	0	0
ENSONIG00000026751	222	1	8
ENSONIG00000026759	0	0	0
ENSONIG00000026775	0	0	2
ENSONIG00000026788	0	0	0
ENSONIG00000026809	0	0	1
ENSONIG00000026816	0	0	0
ENSONIG00000026828	0	0	0
ENSONIG00000026833	0	0	0
ENSONIG00000026852	0	0	0
ENSONIG00000026856	0	3	0
ENSONIG00000026864	0	0	0
ENSONIG00000026883	0	0	0
ENSONIG00000026902	0	0	0
ENSONIG00000026981	0	0	0
ENSONIG00000026999	0	0	0
ENSONIG00000027003	4	3	4
ENSONIG00000027015	0	0	0
ENSONIG00000027021	0	0	0
ENSONIG00000027023	0	0	0
ENSONIG00000027030	0	0	0
ENSONIG00000027060	24	1	2
ENSONIG00000027069	0	0	0
ENSONIG00000027096	0	0	0
ENSONIG00000027097	0	0	0
ENSONIG00000027098	0	0	6
ENSONIG00000027099	0	0	0
ENSONIG00000027100	116	26	329
ENSONIG00000027101	0	0	0
ENSONIG00000027102	0	0	0
ENSONIG00000027103	2	1	3
ENSONIG00000027104	0	0	6
ENSONIG00000027105	0	0	0
ENSONIG00000027106	0	0	0
ENSONIG00000027107	0	0	0
ENSONIG00000027108	1	0	0
ENSONIG00000027109	0	0	0
ENSONIG00000027110	0	0	0
ENSONIG00000027111	0	0	0
ENSONIG00000027112	0	0	0
ENSONIG00000027113	0	0	0
ENSONIG00000027114	0	0	2
ENSONIG00000027115	0	0	2
ENSONIG00000027116	3	2	10
ENSONIG00000027117	0	1	0
ENSONIG00000027118	0	0	0
ENSONIG00000027119	8	0	6
ENSONIG00000027120	0	0	0
ENSONIG00000027121	0	0	0
ENSONIG00000027122	1	3	0
ENSONIG00000027123	0	0	0
ENSONIG00000027124	0	0	0
ENSONIG00000027125	0	0	0
ENSONIG00000027126	0	0	0
ENSONIG00000027127	0	0	0
ENSONIG00000027128	0	0	3
ENSONIG00000027129	0	0	0
ENSONIG00000027130	0	0	0
ENSONIG00000027131	0	0	0
ENSONIG00000027132	5	3	39
ENSONIG00000027133	0	0	2
ENSONIG00000027134	0	0	0
ENSONIG00000027135	0	0	0
ENSONIG00000027136	0	0	0
ENSONIG00000027137	0	0	0
ENSONIG00000027138	0	0	0
ENSONIG00000027139	4390	2047	980
ENSONIG00000027140	2	0	31
ENSONIG00000027141	0	0	1
ENSONIG00000027142	0	0	0
ENSONIG00000027143	0	0	0
ENSONIG00000027144	2	0	0
ENSONIG00000027145	0	0	2
ENSONIG00000027146	0	0	0
ENSONIG00000027147	0	0	1
ENSONIG00000027148	0	0	0
ENSONIG00000027149	0	0	0
ENSONIG00000027150	10	4	25
ENSONIG00000027151	4	0	12
ENSONIG00000027152	0	0	0
ENSONIG00000027153	0	0	0
ENSONIG00000027154	0	0	0
ENSONIG00000027155	2	0	6
ENSONIG00000027156	1	0	1
ENSONIG00000027157	0	1	0
ENSONIG00000027158	0	0	0
ENSONIG00000027159	0	0	0
ENSONIG00000027160	0	0	3
ENSONIG00000027161	0	0	0
ENSONIG00000027162	0	0	1
ENSONIG00000027163	0	0	0
ENSONIG00000027164	0	0	2
ENSONIG00000027165	1	0	0
ENSONIG00000027166	5	0	20
ENSONIG00000027167	0	0	10
ENSONIG00000027168	6	6	53
ENSONIG00000027169	0	0	0
ENSONIG00000027170	0	0	0
ENSONIG00000027171	0	2	0
ENSONIG00000027172	0	0	0
ENSONIG00000027173	0	0	4
ENSONIG00000027174	0	0	0
ENSONIG00000027175	0	4	0
ENSONIG00000027176	11	4	0
ENSONIG00000027177	0	0	1
ENSONIG00000027178	0	0	1
ENSONIG00000027179	0	0	0
ENSONIG00000027180	0	0	23
ENSONIG00000027181	0	22	118
ENSONIG00000027182	0	0	0
ENSONIG00000027183	1	0	3
ENSONIG00000027184	0	0	0
ENSONIG00000027185	0	0	0
ENSONIG00000027186	0	0	0
ENSONIG00000027187	0	0	0
ENSONIG00000027188	52	1	10
ENSONIG00000027189	0	0	0
ENSONIG00000027190	1	4	57
ENSONIG00000027191	0	0	0
ENSONIG00000027192	0	0	11
ENSONIG00000027193	65	25	16
ENSONIG00000027194	0	0	0
ENSONIG00000027195	0	0	0
ENSONIG00000027196	1	1	0
ENSONIG00000027197	0	5	2
ENSONIG00000027198	0	0	1
ENSONIG00000027199	0	0	0
ENSONIG00000027200	0	0	0
ENSONIG00000027201	0	0	26
ENSONIG00000027202	0	3	0
ENSONIG00000027203	8	0	0
ENSONIG00000027204	0	3	29
ENSONIG00000027205	0	0	1
ENSONIG00000027206	1	0	0
ENSONIG00000027207	0	4	1
ENSONIG00000027208	0	0	0
ENSONIG00000027209	0	0	0
ENSONIG00000027210	0	0	0
ENSONIG00000027211	0	0	0
ENSONIG00000027212	2	2	91
ENSONIG00000027213	0	0	0
ENSONIG00000027214	0	0	0
ENSONIG00000027215	0	0	0
ENSONIG00000027216	1	1	0
ENSONIG00000027217	0	0	3
ENSONIG00000027218	1	1	0
ENSONIG00000027219	0	0	0
ENSONIG00000027220	0	0	0
ENSONIG00000027221	0	0	0
ENSONIG00000027222	0	0	0
ENSONIG00000027223	0	0	0
ENSONIG00000027224	0	0	0
ENSONIG00000027225	1	0	0
ENSONIG00000027226	0	0	0
ENSONIG00000027227	4	1	0
ENSONIG00000027228	2	0	22
ENSONIG00000027229	0	1	24
ENSONIG00000027230	1	8	118
ENSONIG00000027231	0	0	0
ENSONIG00000027232	0	0	0
ENSONIG00000027233	0	0	0
ENSONIG00000027234	3	0	20
ENSONIG00000027235	1	0	0
ENSONIG00000027236	0	0	0
ENSONIG00000027237	0	0	0
ENSONIG00000027238	0	0	0
ENSONIG00000027239	0	0	0
ENSONIG00000027240	0	0	0
ENSONIG00000027241	0	0	0
ENSONIG00000027242	0	0	0
ENSONIG00000027243	0	0	0
ENSONIG00000027244	32	0	1
ENSONIG00000027245	0	0	0
ENSONIG00000027246	0	0	0
ENSONIG00000027247	1	0	4
ENSONIG00000027248	0	0	0
ENSONIG00000027249	0	0	0
ENSONIG00000027250	2	0	8
ENSONIG00000027251	0	0	4
ENSONIG00000027252	0	1	2
ENSONIG00000027253	0	0	0
ENSONIG00000027254	0	0	2
ENSONIG00000027255	0	0	0
ENSONIG00000027256	0	0	0
ENSONIG00000027257	0	0	0
ENSONIG00000027258	788	227	833
ENSONIG00000027259	0	0	0
ENSONIG00000027260	0	0	0
ENSONIG00000027261	0	0	0
ENSONIG00000027262	0	0	1
ENSONIG00000027263	0	0	0
ENSONIG00000027264	12	1	10
ENSONIG00000027265	0	0	21
ENSONIG00000027266	0	0	1
ENSONIG00000027267	0	0	0
ENSONIG00000027268	6	0	10
ENSONIG00000027269	0	0	0
ENSONIG00000027270	0	0	0
ENSONIG00000027271	0	0	0
ENSONIG00000027272	0	0	0
ENSONIG00000027273	7	2	41
ENSONIG00000027274	0	0	14
ENSONIG00000027275	0	0	0
ENSONIG00000027276	1	4	51
ENSONIG00000027277	0	0	11
ENSONIG00000027278	1	1	0
ENSONIG00000027279	2	0	2
ENSONIG00000027280	0	0	0
ENSONIG00000027281	0	0	0
ENSONIG00000027282	0	0	40
ENSONIG00000027283	0	0	0
ENSONIG00000027284	3	0	5
ENSONIG00000027285	1	0	5
ENSONIG00000027286	0	0	3
ENSONIG00000027287	3	1	24
ENSONIG00000027288	0	0	0
ENSONIG00000027289	0	0	0
ENSONIG00000027290	4	2	5
ENSONIG00000027291	0	0	1
ENSONIG00000027292	0	0	5
ENSONIG00000027293	0	0	0
ENSONIG00000027294	2	0	67
ENSONIG00000027295	1	0	0
ENSONIG00000027296	10	2	35
ENSONIG00000027297	0	0	0
ENSONIG00000027298	0	0	0
ENSONIG00000027299	0	0	0
ENSONIG00000027300	0	0	0
ENSONIG00000027301	64	4	0
ENSONIG00000027302	193	4	37
ENSONIG00000027303	0	0	0
ENSONIG00000027304	50	7	28
ENSONIG00000027305	0	1	5
ENSONIG00000027306	0	9	5
ENSONIG00000027307	0	0	0
ENSONIG00000027308	0	0	0
ENSONIG00000027309	207	92	120
ENSONIG00000027310	1	0	12
ENSONIG00000027311	0	0	0
ENSONIG00000027312	1	0	0
ENSONIG00000027313	0	0	0
ENSONIG00000027314	0	0	0
ENSONIG00000027315	0	0	0
ENSONIG00000027316	2	1	14
ENSONIG00000027317	0	0	1
ENSONIG00000027318	0	0	0
ENSONIG00000027319	0	0	0
ENSONIG00000027320	0	0	0
ENSONIG00000027321	0	0	1
ENSONIG00000027322	4	0	1
ENSONIG00000027323	0	0	0
ENSONIG00000027324	0	0	175
ENSONIG00000027325	0	0	0
ENSONIG00000027326	1	7	155
ENSONIG00000027327	0	0	0
ENSONIG00000027328	0	0	1
ENSONIG00000027329	0	0	0
ENSONIG00000027330	0	0	0
ENSONIG00000027331	0	0	0
ENSONIG00000027332	2	0	1
ENSONIG00000027333	0	1	24
ENSONIG00000027334	0	1	1
ENSONIG00000027335	42	82	129
ENSONIG00000027336	0	3	47
ENSONIG00000027337	0	1	8
ENSONIG00000027338	0	0	0
ENSONIG00000027339	7	0	0
ENSONIG00000027340	1	2	54
ENSONIG00000027341	0	0	0
ENSONIG00000027342	0	0	0
ENSONIG00000027343	0	0	0
ENSONIG00000027344	0	0	0
ENSONIG00000027345	0	0	0
ENSONIG00000027346	2	0	8
ENSONIG00000027347	35	2	9
ENSONIG00000027348	0	0	0
ENSONIG00000027349	0	0	0
ENSONIG00000027350	2	0	0
ENSONIG00000027351	0	1	0
ENSONIG00000027352	96	27	28
ENSONIG00000027353	0	0	0
ENSONIG00000027354	0	0	1
ENSONIG00000027355	0	0	0
ENSONIG00000027356	0	0	0
ENSONIG00000027357	0	0	0
ENSONIG00000027358	4	1	5
ENSONIG00000027359	0	0	0
ENSONIG00000027360	0	0	0
ENSONIG00000027361	0	0	0
ENSONIG00000027362	0	0	1
ENSONIG00000027363	0	0	0
ENSONIG00000027364	0	0	0
ENSONIG00000027365	0	0	1
ENSONIG00000027366	0	0	0
ENSONIG00000027367	4	0	0
ENSONIG00000027368	0	0	0
ENSONIG00000027369	1	1	0
ENSONIG00000027370	2	0	0
ENSONIG00000027371	1	0	3
ENSONIG00000027372	0	0	3
ENSONIG00000027373	0	0	0
ENSONIG00000027374	0	0	0
ENSONIG00000027375	0	0	0
ENSONIG00000027376	0	0	0
ENSONIG00000027377	1	0	0
ENSONIG00000027378	0	0	0
ENSONIG00000027379	1	0	22
ENSONIG00000027380	0	0	0
ENSONIG00000027381	91	79	116
ENSONIG00000027382	0	0	0
ENSONIG00000027383	2	0	1
ENSONIG00000027384	0	0	0
ENSONIG00000027385	0	0	1
ENSONIG00000027386	0	0	0
ENSONIG00000027387	8	15	935
ENSONIG00000027388	0	0	0
ENSONIG00000027389	0	0	0
ENSONIG00000027390	0	3	1
ENSONIG00000027391	5	0	33
ENSONIG00000027392	0	2	1
ENSONIG00000027393	14	0	3
ENSONIG00000027394	5	0	0
ENSONIG00000027395	0	1	11
ENSONIG00000027396	0	4	10
ENSONIG00000027397	1	0	0
ENSONIG00000027398	0	0	0
ENSONIG00000027399	0	0	0
ENSONIG00000027400	0	0	0
ENSONIG00000027401	0	2	1
ENSONIG00000027402	0	0	0
ENSONIG00000027403	0	0	0
ENSONIG00000027404	0	0	1
ENSONIG00000027405	0	0	0
ENSONIG00000027406	0	0	0
ENSONIG00000027407	0	0	0
ENSONIG00000027408	0	0	10
ENSONIG00000027409	0	1	26
ENSONIG00000027410	0	0	0
ENSONIG00000027411	0	0	2
ENSONIG00000027412	5	2	56
ENSONIG00000027413	41	20	25
ENSONIG00000027414	0	0	0
ENSONIG00000027415	0	2	0
ENSONIG00000027416	61	2	9
ENSONIG00000027417	0	1	0
ENSONIG00000027418	19	1	41
ENSONIG00000027419	0	0	1
ENSONIG00000027420	17	36	41
ENSONIG00000027421	0	0	8
ENSONIG00000027422	1	0	0
ENSONIG00000027423	0	0	0
ENSONIG00000027424	0	0	0
ENSONIG00000027425	0	0	0
ENSONIG00000027426	0	0	0
ENSONIG00000027427	0	0	0
ENSONIG00000027428	0	0	0
ENSONIG00000027429	0	0	0
ENSONIG00000027430	3	0	31
ENSONIG00000027431	0	0	0
ENSONIG00000027432	0	0	2
ENSONIG00000027433	6184	4493	5223
ENSONIG00000027434	0	0	0
ENSONIG00000027435	4	2	9
ENSONIG00000027436	0	0	0
ENSONIG00000027437	0	0	0
ENSONIG00000027438	0	0	1
ENSONIG00000027439	0	0	0
ENSONIG00000027440	0	0	0
ENSONIG00000027441	0	0	2
ENSONIG00000027442	0	0	0
ENSONIG00000027443	0	0	0
ENSONIG00000027444	0	0	0
ENSONIG00000027445	0	0	0
ENSONIG00000027446	1	2	23
ENSONIG00000027447	0	0	1
ENSONIG00000027448	0	0	0
ENSONIG00000027449	0	0	0
ENSONIG00000027450	0	0	1
ENSONIG00000027451	0	0	0
ENSONIG00000027452	0	0	0
ENSONIG00000027453	0	0	0
ENSONIG00000027454	0	0	0
ENSONIG00000027455	0	0	0
ENSONIG00000027456	1	1	0
ENSONIG00000027457	0	0	0
ENSONIG00000027458	0	0	1
ENSONIG00000027459	0	0	1
ENSONIG00000027460	1	1	10
ENSONIG00000027461	0	0	0
ENSONIG00000027462	0	0	0
ENSONIG00000027463	0	0	3
ENSONIG00000027464	0	0	7
ENSONIG00000027465	0	0	0
ENSONIG00000027466	3	0	11
ENSONIG00000027467	0	0	0
ENSONIG00000027468	0	0	4
ENSONIG00000027469	1323	381	547
ENSONIG00000027470	0	0	0
ENSONIG00000027471	0	0	0
ENSONIG00000027472	0	0	0
ENSONIG00000027473	0	0	0
ENSONIG00000027474	0	0	0
ENSONIG00000027475	0	0	0
ENSONIG00000027476	0	0	0
ENSONIG00000027477	0	1	0
ENSONIG00000027478	0	0	0
ENSONIG00000027479	0	0	0
ENSONIG00000027480	0	0	1
ENSONIG00000027481	0	0	0
ENSONIG00000027482	0	0	0
ENSONIG00000027483	0	0	0
ENSONIG00000027484	0	0	0
ENSONIG00000027485	0	0	0
ENSONIG00000027486	0	0	0
ENSONIG00000027487	0	0	0
ENSONIG00000027488	0	0	0
ENSONIG00000027489	0	0	0
ENSONIG00000027490	0	0	0
ENSONIG00000027491	0	1	5
ENSONIG00000027492	0	0	0
ENSONIG00000027493	0	0	0
ENSONIG00000027494	0	0	0
ENSONIG00000027495	0	0	0
ENSONIG00000027496	0	0	0
ENSONIG00000027497	0	0	0
ENSONIG00000027498	0	0	0
ENSONIG00000027499	0	0	0
ENSONIG00000027500	0	0	0
ENSONIG00000027501	0	0	0
ENSONIG00000027502	0	0	5
ENSONIG00000027503	0	0	0
ENSONIG00000027504	0	0	0
ENSONIG00000027505	2	0	1
ENSONIG00000027506	529	301	390
ENSONIG00000027507	0	1	2
ENSONIG00000027508	0	1	0
ENSONIG00000027509	0	0	1
ENSONIG00000027510	3	5	5
ENSONIG00000027511	0	0	0
ENSONIG00000027512	0	0	0
ENSONIG00000027513	0	0	0
ENSONIG00000027514	1	0	3
ENSONIG00000027515	0	0	0
ENSONIG00000027516	9	1	6
ENSONIG00000027517	2	0	17
ENSONIG00000027518	0	0	9
ENSONIG00000027519	0	0	0
ENSONIG00000027520	0	0	0
ENSONIG00000027521	0	0	0
ENSONIG00000027522	0	0	0
ENSONIG00000027523	0	0	0
ENSONIG00000027524	2	0	0
ENSONIG00000027525	3	0	2
ENSONIG00000027526	2	0	17
ENSONIG00000027527	0	1	1
ENSONIG00000027528	2	0	0
ENSONIG00000027529	0	0	0
ENSONIG00000027530	0	0	16
ENSONIG00000027531	0	0	0
ENSONIG00000027532	0	1	2
ENSONIG00000027533	0	0	0
ENSONIG00000027534	0	0	0
ENSONIG00000027535	0	0	0
ENSONIG00000027536	0	0	3
ENSONIG00000027537	8	1	0
ENSONIG00000027538	0	0	0
ENSONIG00000027539	0	0	0
ENSONIG00000027540	0	0	0
ENSONIG00000027541	0	0	0
ENSONIG00000027542	0	0	0
ENSONIG00000027543	0	0	1
ENSONIG00000027544	0	0	1
ENSONIG00000027545	0	0	0
ENSONIG00000027546	9	19	2020
ENSONIG00000027547	0	0	0
ENSONIG00000027548	0	0	0
ENSONIG00000027549	0	0	0
ENSONIG00000027550	0	0	0
ENSONIG00000027551	0	0	0
ENSONIG00000027552	0	0	0
ENSONIG00000027553	0	0	0
ENSONIG00000027554	3	0	0
ENSONIG00000027555	0	0	0
ENSONIG00000027556	5	0	2
ENSONIG00000027557	0	0	0
ENSONIG00000027558	0	1	28
ENSONIG00000027559	0	0	0
ENSONIG00000027560	0	0	0
ENSONIG00000027561	4	0	1
ENSONIG00000027562	0	0	0
ENSONIG00000027563	0	0	0
ENSONIG00000027564	0	0	0
ENSONIG00000027565	0	0	0
ENSONIG00000027566	0	0	0
ENSONIG00000027567	0	0	0
ENSONIG00000027568	0	0	0
ENSONIG00000027569	0	0	0
ENSONIG00000027570	0	0	0
ENSONIG00000027571	2	1	9
ENSONIG00000027572	0	0	0
ENSONIG00000027573	0	0	0
ENSONIG00000027574	0	0	0
ENSONIG00000027575	0	0	0
ENSONIG00000027576	0	0	2
ENSONIG00000027577	1	0	20
ENSONIG00000027578	0	0	2
ENSONIG00000027579	0	0	0
ENSONIG00000027580	7	0	3
ENSONIG00000027581	0	0	0
ENSONIG00000027582	0	0	1
ENSONIG00000027583	6	2	3
ENSONIG00000027584	3	0	2
ENSONIG00000027585	0	0	0
ENSONIG00000027586	0	0	0
ENSONIG00000027587	0	0	0
ENSONIG00000027588	2	0	5
ENSONIG00000027589	0	0	0
ENSONIG00000027590	0	3	0
ENSONIG00000027591	0	0	0
ENSONIG00000027592	0	0	0
ENSONIG00000027593	0	0	1
ENSONIG00000027594	0	0	0
ENSONIG00000027595	1	0	0
ENSONIG00000027596	0	0	3
ENSONIG00000027597	31	26	35
ENSONIG00000027598	0	0	0
ENSONIG00000027599	2	2	14
ENSONIG00000027600	0	0	0
ENSONIG00000027601	3	1	9
ENSONIG00000027602	0	0	0
ENSONIG00000027603	0	0	1
ENSONIG00000027604	5	0	0
ENSONIG00000027605	0	0	0
ENSONIG00000027606	0	0	0
ENSONIG00000027607	0	0	0
ENSONIG00000027608	0	0	2
ENSONIG00000027609	0	0	2
ENSONIG00000027610	6	0	20
ENSONIG00000027611	0	0	0
ENSONIG00000027612	0	0	2
ENSONIG00000027613	0	0	0
ENSONIG00000027614	11	0	12
ENSONIG00000027615	2	2	27
ENSONIG00000027616	0	0	1
ENSONIG00000027617	0	0	7
ENSONIG00000027618	0	0	0
ENSONIG00000027619	0	0	0
ENSONIG00000027620	0	0	0
ENSONIG00000027621	0	0	0
ENSONIG00000027622	0	1	1
ENSONIG00000027623	0	0	0
ENSONIG00000027624	0	0	0
ENSONIG00000027625	0	0	1
ENSONIG00000027626	5	1	1
ENSONIG00000027627	0	0	33
ENSONIG00000027628	0	0	0
ENSONIG00000027629	0	0	0
ENSONIG00000027630	0	0	0
ENSONIG00000027631	0	0	0
ENSONIG00000027632	4	3	53
ENSONIG00000027633	0	0	0
ENSONIG00000027634	0	0	0
ENSONIG00000027635	0	0	0
ENSONIG00000027636	11	0	21
ENSONIG00000027637	0	0	0
ENSONIG00000027638	0	0	3
ENSONIG00000027639	0	0	0
ENSONIG00000027640	0	0	0
ENSONIG00000027641	0	0	27
ENSONIG00000027642	2	0	10
ENSONIG00000027643	1	1	1
ENSONIG00000027644	0	0	0
ENSONIG00000027645	0	0	0
ENSONIG00000027646	2	1	0
ENSONIG00000027647	0	0	0
ENSONIG00000027648	0	0	0
ENSONIG00000027649	2	0	0
ENSONIG00000027650	0	0	0
ENSONIG00000027651	1	3	7
ENSONIG00000027652	0	0	0
ENSONIG00000027653	0	0	0
ENSONIG00000027654	0	0	0
ENSONIG00000027655	0	0	3
ENSONIG00000027656	0	0	0
ENSONIG00000027657	1	2	4
ENSONIG00000027658	0	0	0
ENSONIG00000027659	1	0	3
ENSONIG00000027660	0	0	2
ENSONIG00000027661	0	0	0
ENSONIG00000027662	0	0	0
ENSONIG00000027663	0	0	0
ENSONIG00000027664	0	0	0
ENSONIG00000027665	0	0	0
ENSONIG00000027666	0	3	10
ENSONIG00000027667	0	0	0
ENSONIG00000027668	1	0	0
ENSONIG00000027669	0	0	0
ENSONIG00000027670	13	6	50
ENSONIG00000027671	0	0	50
ENSONIG00000027672	0	0	2
ENSONIG00000027673	0	0	9
ENSONIG00000027674	0	0	0
ENSONIG00000027675	0	0	0
ENSONIG00000027676	0	0	0
ENSONIG00000027677	0	0	0
ENSONIG00000027678	0	0	0
ENSONIG00000027679	0	0	0
ENSONIG00000027680	0	0	12
ENSONIG00000027681	0	0	0
ENSONIG00000027682	0	0	0
ENSONIG00000027683	0	0	0
ENSONIG00000027684	3	0	0
ENSONIG00000027685	0	2	29
ENSONIG00000027686	0	0	0
ENSONIG00000027687	1	0	7
ENSONIG00000027688	0	3	7
ENSONIG00000027689	0	0	0
ENSONIG00000027690	0	0	0
ENSONIG00000027691	0	0	0
ENSONIG00000027692	168	13	17
ENSONIG00000027693	0	0	0
ENSONIG00000027694	0	0	0
ENSONIG00000027695	0	0	0
ENSONIG00000027696	0	0	0
ENSONIG00000027697	0	0	0
ENSONIG00000027698	1	0	0
ENSONIG00000027699	0	0	1
ENSONIG00000027700	0	0	0
ENSONIG00000027701	0	3	10
ENSONIG00000027702	0	0	7
ENSONIG00000027703	0	0	2
ENSONIG00000027704	1	0	0
ENSONIG00000027705	0	0	0
ENSONIG00000027706	0	0	0
ENSONIG00000027707	37	22	45
ENSONIG00000027708	0	0	0
ENSONIG00000027709	7	0	5
ENSONIG00000027710	0	0	0
ENSONIG00000027711	0	0	0
ENSONIG00000027712	1	0	5
ENSONIG00000027713	0	2	18
ENSONIG00000027714	0	0	0
ENSONIG00000027715	2	2	55
ENSONIG00000027716	0	5	14
ENSONIG00000027717	0	0	0
ENSONIG00000027718	0	0	0
ENSONIG00000027719	0	0	1
ENSONIG00000027720	0	0	0
ENSONIG00000027721	6	3	153
ENSONIG00000027722	138	49	63
ENSONIG00000027723	0	0	0
ENSONIG00000027724	0	0	0
ENSONIG00000027725	0	1	0
ENSONIG00000027726	0	0	0
ENSONIG00000027727	0	0	0
ENSONIG00000027728	0	5	0
ENSONIG00000027729	0	0	0
ENSONIG00000027730	4	1	2
ENSONIG00000027731	0	0	0
ENSONIG00000027732	0	0	0
ENSONIG00000027733	0	0	36
ENSONIG00000027734	0	0	0
ENSONIG00000027735	0	0	0
ENSONIG00000027736	0	0	0
ENSONIG00000027737	0	0	0
ENSONIG00000027738	0	0	0
ENSONIG00000027739	0	0	2
ENSONIG00000027740	0	0	4
ENSONIG00000027741	0	0	0
ENSONIG00000027742	0	0	0
ENSONIG00000027743	0	0	0
ENSONIG00000027744	0	0	0
ENSONIG00000027745	0	0	0
ENSONIG00000027746	0	0	0
ENSONIG00000027747	0	0	1
ENSONIG00000027748	0	0	0
ENSONIG00000027749	0	0	0
ENSONIG00000027750	0	0	1
ENSONIG00000027751	2	0	10
ENSONIG00000027752	1	0	4
ENSONIG00000027753	0	0	0
ENSONIG00000027754	1	0	0
ENSONIG00000027755	20	11	62
ENSONIG00000027756	0	0	0
ENSONIG00000027757	39	7	254
ENSONIG00000027758	1	0	1
ENSONIG00000027759	3	1	5
ENSONIG00000027760	0	0	0
ENSONIG00000027761	0	0	41
ENSONIG00000027762	0	0	5
ENSONIG00000027763	0	0	0
ENSONIG00000027764	0	0	0
ENSONIG00000027765	0	0	0
ENSONIG00000027766	0	0	0
ENSONIG00000027767	0	0	0
ENSONIG00000027768	0	0	0
ENSONIG00000027769	2	0	21
ENSONIG00000027770	5	9	8
ENSONIG00000027771	0	0	0
ENSONIG00000027772	0	1	1
ENSONIG00000027773	0	0	1
ENSONIG00000027774	0	0	0
ENSONIG00000027775	1	0	4
ENSONIG00000027776	0	0	0
ENSONIG00000027777	6	0	3
ENSONIG00000027778	7	10	19
ENSONIG00000027779	2	8	40
ENSONIG00000027780	0	0	0
ENSONIG00000027781	0	0	0
ENSONIG00000027782	0	4	0
ENSONIG00000027783	2	0	7
ENSONIG00000027784	0	0	2
ENSONIG00000027785	0	0	0
ENSONIG00000027786	0	0	0
ENSONIG00000027787	0	0	0
ENSONIG00000027788	0	0	0
ENSONIG00000027789	0	0	0
ENSONIG00000027790	0	0	3
ENSONIG00000027791	0	0	0
ENSONIG00000027792	0	0	1
ENSONIG00000027793	1	0	0
ENSONIG00000027794	0	0	0
ENSONIG00000027795	0	0	0
ENSONIG00000027796	0	0	0
ENSONIG00000027797	130	7	37
ENSONIG00000027798	0	0	0
ENSONIG00000027799	0	0	3
ENSONIG00000027800	0	0	0
ENSONIG00000027801	0	0	0
ENSONIG00000027802	0	0	2
ENSONIG00000027803	3	101	803
ENSONIG00000027804	2	1	2
ENSONIG00000027805	0	0	0
ENSONIG00000027806	0	0	0
ENSONIG00000027807	0	0	8
ENSONIG00000027808	5	1	10
ENSONIG00000027809	0	0	0
ENSONIG00000027810	0	0	0
ENSONIG00000027811	0	0	4
ENSONIG00000027812	0	0	0
ENSONIG00000027813	0	0	0
ENSONIG00000027814	0	0	0
ENSONIG00000027815	0	1	2
ENSONIG00000027816	39	160	18
ENSONIG00000027817	0	0	1
ENSONIG00000027818	0	0	0
ENSONIG00000027819	0	0	0
ENSONIG00000027820	1	0	0
ENSONIG00000027821	0	0	0
ENSONIG00000027822	0	0	0
ENSONIG00000027823	0	0	0
ENSONIG00000027824	0	0	2
ENSONIG00000027825	0	3	4
ENSONIG00000027826	0	0	0
ENSONIG00000027827	5	1	3
ENSONIG00000027828	0	0	0
ENSONIG00000027829	0	0	0
ENSONIG00000027830	0	0	0
ENSONIG00000027831	0	0	0
ENSONIG00000027832	0	0	0
ENSONIG00000027833	0	0	0
ENSONIG00000027834	258	419	576
ENSONIG00000027835	1	0	3
ENSONIG00000027836	0	0	0
ENSONIG00000027837	0	0	0
ENSONIG00000027838	1	1	26
ENSONIG00000027839	0	0	0
ENSONIG00000027840	0	1	22
ENSONIG00000027841	0	0	0
ENSONIG00000027842	0	0	0
ENSONIG00000027843	0	0	0
ENSONIG00000027844	0	0	0
ENSONIG00000027845	1	2	1
ENSONIG00000027846	0	3	4
ENSONIG00000027847	1	0	0
ENSONIG00000027848	0	0	1
ENSONIG00000027849	0	1	0
ENSONIG00000027850	0	0	1
ENSONIG00000027851	0	0	0
ENSONIG00000027852	0	0	0
ENSONIG00000027853	0	0	0
ENSONIG00000027854	0	0	0
ENSONIG00000027855	0	0	0
ENSONIG00000027856	0	0	0
ENSONIG00000027857	0	0	0
ENSONIG00000027858	0	0	0
ENSONIG00000027859	1	0	0
ENSONIG00000027860	0	0	0
ENSONIG00000027861	0	2	16
ENSONIG00000027862	0	0	0
ENSONIG00000027863	31	3	82
ENSONIG00000027864	0	0	0
ENSONIG00000027865	0	0	0
ENSONIG00000027866	0	0	0
ENSONIG00000027867	0	0	0
ENSONIG00000027868	11	0	2
ENSONIG00000027869	0	0	0
ENSONIG00000027870	2	1	7
ENSONIG00000027871	0	0	0
ENSONIG00000027872	0	0	0
ENSONIG00000027873	0	0	0
ENSONIG00000027874	3	0	0
ENSONIG00000027875	0	0	0
ENSONIG00000027876	0	0	0
ENSONIG00000027877	1	0	6
ENSONIG00000027878	0	0	0
ENSONIG00000027879	0	2	2
ENSONIG00000027880	18	3	9
ENSONIG00000027881	8	1	21
ENSONIG00000027882	0	0	0
ENSONIG00000027883	0	0	0
ENSONIG00000027884	2	0	6
ENSONIG00000027885	0	0	0
ENSONIG00000027886	0	0	0
ENSONIG00000027887	3	4	89
ENSONIG00000027888	0	0	1
ENSONIG00000027889	10	1	0
ENSONIG00000027890	0	0	0
ENSONIG00000027891	0	0	0
ENSONIG00000027892	0	0	6
ENSONIG00000027893	0	0	0
ENSONIG00000027894	0	0	0
ENSONIG00000027895	0	0	0
ENSONIG00000027896	0	0	0
ENSONIG00000027897	0	0	0
ENSONIG00000027898	2	1	0
ENSONIG00000027899	3	2	2
ENSONIG00000027900	0	0	0
ENSONIG00000027901	0	0	1
ENSONIG00000027902	0	0	0
ENSONIG00000027903	0	0	6
ENSONIG00000027904	0	0	0
ENSONIG00000027905	15	1	10
ENSONIG00000027906	0	0	0
ENSONIG00000027907	0	1	2
ENSONIG00000027908	0	0	25
ENSONIG00000027909	26	5	5
ENSONIG00000027910	0	0	0
ENSONIG00000027911	0	0	0
ENSONIG00000027912	0	0	0
ENSONIG00000027913	1	0	0
ENSONIG00000027914	0	0	0
ENSONIG00000027915	0	0	0
ENSONIG00000027916	0	0	0
ENSONIG00000027917	0	0	0
ENSONIG00000027918	0	0	0
ENSONIG00000027919	0	0	0
ENSONIG00000027920	0	0	0
ENSONIG00000027921	0	0	1
ENSONIG00000027922	6	6	69
ENSONIG00000027923	0	1	0
ENSONIG00000027924	0	0	0
ENSONIG00000027925	0	3	110
ENSONIG00000027926	0	0	0
ENSONIG00000027927	1	0	0
ENSONIG00000027928	0	0	0
ENSONIG00000027929	2	0	0
ENSONIG00000027930	0	0	0
ENSONIG00000027931	0	0	2
ENSONIG00000027932	214	114	152
ENSONIG00000027933	10	5	43
ENSONIG00000027934	0	0	2
ENSONIG00000027935	0	0	0
ENSONIG00000027936	3	9	16
ENSONIG00000027937	2	0	0
ENSONIG00000027938	0	0	0
ENSONIG00000027939	0	0	0
ENSONIG00000027940	0	0	0
ENSONIG00000027941	0	0	0
ENSONIG00000027942	0	0	0
ENSONIG00000027943	0	0	0
ENSONIG00000027944	0	0	8
ENSONIG00000027945	1	0	8
ENSONIG00000027946	0	0	0
ENSONIG00000027947	0	0	0
ENSONIG00000027948	23	75	783
ENSONIG00000027949	231	132	187
ENSONIG00000027950	0	0	0
ENSONIG00000027951	0	0	0
ENSONIG00000027952	0	1	0
ENSONIG00000027953	52	131	269
ENSONIG00000027954	1	2	49
ENSONIG00000027955	0	0	0
ENSONIG00000027956	9	3	6
ENSONIG00000027957	0	0	0
ENSONIG00000027958	3	0	0
ENSONIG00000027959	0	0	2
ENSONIG00000027960	0	0	4
ENSONIG00000027961	0	0	0
ENSONIG00000027962	0	0	0
ENSONIG00000027963	0	0	0
ENSONIG00000027964	0	0	0
ENSONIG00000027965	0	0	0
ENSONIG00000027966	0	0	0
ENSONIG00000027967	0	0	0
ENSONIG00000027968	12	2	7
ENSONIG00000027969	0	0	0
ENSONIG00000027970	0	0	0
ENSONIG00000027971	0	0	0
ENSONIG00000027972	0	0	0
ENSONIG00000027973	1	3	60
ENSONIG00000027974	0	1	0
ENSONIG00000027975	0	0	0
ENSONIG00000027976	0	0	0
ENSONIG00000027977	0	0	20
ENSONIG00000027978	1	0	0
ENSONIG00000027979	1	2	72
ENSONIG00000027980	0	0	0
ENSONIG00000027981	0	0	3
ENSONIG00000027982	0	0	0
ENSONIG00000027983	9	1	92
ENSONIG00000027984	0	0	0
ENSONIG00000027985	4	2	3
ENSONIG00000027986	0	0	0
ENSONIG00000027987	0	0	11
ENSONIG00000027988	0	0	0
ENSONIG00000027989	3	1	10
ENSONIG00000027990	0	0	0
ENSONIG00000027991	0	0	0
ENSONIG00000027992	0	0	4
ENSONIG00000027993	1	0	0
ENSONIG00000027994	0	0	4
ENSONIG00000027995	0	0	0
ENSONIG00000027996	1	3	3
ENSONIG00000027997	0	0	0
ENSONIG00000027998	0	0	0
ENSONIG00000027999	0	0	2
ENSONIG00000028000	0	2	0
ENSONIG00000028001	2	0	6
ENSONIG00000028002	0	0	5
ENSONIG00000028003	0	0	11
ENSONIG00000028004	15	0	0
ENSONIG00000028005	6	9	4
ENSONIG00000028006	1	0	0
ENSONIG00000028007	0	0	0
ENSONIG00000028008	0	0	0
ENSONIG00000028009	0	0	0
ENSONIG00000028010	0	0	0
ENSONIG00000028011	217	27	34
ENSONIG00000028012	0	7	0
ENSONIG00000028013	1	0	0
ENSONIG00000028014	0	0	0
ENSONIG00000028015	0	0	0
ENSONIG00000028016	0	0	0
ENSONIG00000028017	0	0	7
ENSONIG00000028018	2	1	8
ENSONIG00000028019	0	0	0
ENSONIG00000028020	0	0	0
ENSONIG00000028021	0	0	0
ENSONIG00000028022	0	0	0
ENSONIG00000028023	0	0	0
ENSONIG00000028024	1	1	43
ENSONIG00000028025	0	0	0
ENSONIG00000028026	0	0	0
ENSONIG00000028027	4	10	16
ENSONIG00000028028	2	0	0
ENSONIG00000028029	0	0	0
ENSONIG00000028030	12	1	98
ENSONIG00000028031	0	0	3
ENSONIG00000028032	0	0	0
ENSONIG00000028033	0	0	0
ENSONIG00000028034	0	0	0
ENSONIG00000028035	0	0	1
ENSONIG00000028036	0	1	0
ENSONIG00000028037	1	0	0
ENSONIG00000028038	0	0	0
ENSONIG00000028039	0	0	2
ENSONIG00000028040	0	0	0
ENSONIG00000028041	0	0	1
ENSONIG00000028042	0	0	0
ENSONIG00000028043	0	0	0
ENSONIG00000028044	0	0	0
ENSONIG00000028045	18	51	130
ENSONIG00000028046	1	2	13
ENSONIG00000028047	0	0	0
ENSONIG00000028048	0	0	0
ENSONIG00000028049	7	0	0
ENSONIG00000028050	1	0	1
ENSONIG00000028051	0	0	3
ENSONIG00000028052	0	0	0
ENSONIG00000028053	0	0	2
ENSONIG00000028054	0	0	0
ENSONIG00000028055	0	0	7
ENSONIG00000028056	0	0	0
ENSONIG00000028057	0	0	0
ENSONIG00000028058	0	0	0
ENSONIG00000028059	0	0	0
ENSONIG00000028060	0	0	0
ENSONIG00000028061	0	0	2
ENSONIG00000028062	6	0	0
ENSONIG00000028063	0	0	0
ENSONIG00000028064	0	0	0
ENSONIG00000028065	0	1	1
ENSONIG00000028066	0	0	0
ENSONIG00000028067	0	0	0
ENSONIG00000028068	0	0	0
ENSONIG00000028069	0	0	0
ENSONIG00000028070	2	2	3
ENSONIG00000028071	2	0	0
ENSONIG00000028072	1	0	0
ENSONIG00000028073	0	0	6
ENSONIG00000028074	0	0	1
ENSONIG00000028075	0	0	0
ENSONIG00000028076	0	0	0
ENSONIG00000028077	0	0	0
ENSONIG00000028078	9	0	8
ENSONIG00000028079	1	1	10
ENSONIG00000028080	0	0	0
ENSONIG00000028081	0	0	0
ENSONIG00000028082	8	0	43
ENSONIG00000028083	4	1	25
ENSONIG00000028084	30	0	18
ENSONIG00000028085	0	0	0
ENSONIG00000028086	5	1	0
ENSONIG00000028087	0	0	0
ENSONIG00000028088	0	0	0
ENSONIG00000028089	0	0	0
ENSONIG00000028090	0	0	0
ENSONIG00000028091	0	0	2
ENSONIG00000028092	0	0	0
ENSONIG00000028093	1	0	0
ENSONIG00000028094	0	0	0
ENSONIG00000028095	0	0	1
ENSONIG00000028096	0	3	0
ENSONIG00000028097	18	69	79
ENSONIG00000028098	4	1	17
ENSONIG00000028099	0	0	0
ENSONIG00000028100	0	0	0
ENSONIG00000028101	0	0	0
ENSONIG00000028102	2	0	7
ENSONIG00000028103	0	0	0
ENSONIG00000028104	0	0	0
ENSONIG00000028105	0	0	0
ENSONIG00000028106	0	0	0
ENSONIG00000028107	0	0	0
ENSONIG00000028108	0	0	1
ENSONIG00000028109	0	0	0
ENSONIG00000028110	0	0	5
ENSONIG00000028111	0	0	0
ENSONIG00000028112	0	0	0
ENSONIG00000028113	0	0	3
ENSONIG00000028114	1	9	4
ENSONIG00000028115	2	4	0
ENSONIG00000028116	0	0	0
ENSONIG00000028117	0	0	12
ENSONIG00000028118	0	0	0
ENSONIG00000028119	0	0	0
ENSONIG00000028120	0	0	0
ENSONIG00000028121	2	0	0
ENSONIG00000028122	0	0	0
ENSONIG00000028123	0	0	0
ENSONIG00000028124	5	3	12
ENSONIG00000028125	0	0	0
ENSONIG00000028126	165	0	7
ENSONIG00000028127	0	0	1
ENSONIG00000028128	0	0	6
ENSONIG00000028129	1	0	0
ENSONIG00000028130	0	0	0
ENSONIG00000028131	0	0	0
ENSONIG00000028132	0	0	40
ENSONIG00000028133	0	0	0
ENSONIG00000028134	0	0	0
ENSONIG00000028135	0	0	0
ENSONIG00000028136	1	2	0
ENSONIG00000028137	0	0	0
ENSONIG00000028138	0	0	0
ENSONIG00000028139	0	0	0
ENSONIG00000028140	0	0	0
ENSONIG00000028141	0	0	12
ENSONIG00000028142	1	0	3
ENSONIG00000028143	1	1	18
ENSONIG00000028144	7	2	64
ENSONIG00000028145	0	0	0
ENSONIG00000028146	0	0	0
ENSONIG00000028147	0	0	1
ENSONIG00000028148	0	0	0
ENSONIG00000028149	9	1	23
ENSONIG00000028150	0	0	0
ENSONIG00000028151	11	5	146
ENSONIG00000028152	0	0	0
ENSONIG00000028153	0	0	4
ENSONIG00000028154	0	0	0
ENSONIG00000028155	0	0	0
ENSONIG00000028156	1	0	0
ENSONIG00000028157	2	0	4
ENSONIG00000028158	0	0	0
ENSONIG00000028159	0	0	4
ENSONIG00000028160	0	0	0
ENSONIG00000028161	0	0	0
ENSONIG00000028162	0	0	0
ENSONIG00000028163	0	0	0
ENSONIG00000028164	1	0	0
ENSONIG00000028165	0	0	0
ENSONIG00000028166	0	0	0
ENSONIG00000028167	3	4	19
ENSONIG00000028168	0	0	0
ENSONIG00000028169	0	0	0
ENSONIG00000028170	1	0	0
ENSONIG00000028171	0	0	0
ENSONIG00000028172	1	0	0
ENSONIG00000028173	0	0	0
ENSONIG00000028174	0	0	0
ENSONIG00000028175	0	0	0
ENSONIG00000028176	0	0	1
ENSONIG00000028177	3	0	0
ENSONIG00000028178	0	0	0
ENSONIG00000028179	4	0	8
ENSONIG00000028180	0	0	0
ENSONIG00000028181	0	0	5
ENSONIG00000028182	7	1	3
ENSONIG00000028183	0	0	0
ENSONIG00000028184	12	4	2
ENSONIG00000028185	0	0	0
ENSONIG00000028186	0	0	0
ENSONIG00000028187	0	0	0
ENSONIG00000028188	0	0	0
ENSONIG00000028189	0	0	0
ENSONIG00000028190	0	0	6
ENSONIG00000028191	0	0	0
ENSONIG00000028192	0	0	0
ENSONIG00000028193	2	2	1
ENSONIG00000028194	0	0	0
ENSONIG00000028195	0	0	0
ENSONIG00000028196	0	0	0
ENSONIG00000028197	0	0	0
ENSONIG00000028198	0	0	0
ENSONIG00000028199	0	0	0
ENSONIG00000028200	0	0	0
ENSONIG00000028201	0	4	8
ENSONIG00000028202	0	0	0
ENSONIG00000028203	1	0	16
ENSONIG00000028204	3	3	20
ENSONIG00000028205	0	0	0
ENSONIG00000028206	2	1	1
ENSONIG00000028207	0	0	0
ENSONIG00000028208	0	0	0
ENSONIG00000028209	0	0	0
ENSONIG00000028210	1	11	19
ENSONIG00000028211	2	5	15
ENSONIG00000028212	0	0	0
ENSONIG00000028213	1	0	0
ENSONIG00000028214	0	0	1
ENSONIG00000028215	0	0	0
ENSONIG00000028216	0	0	4
ENSONIG00000028217	5	0	50
ENSONIG00000028218	2	0	16
ENSONIG00000028219	0	0	1
ENSONIG00000028220	0	0	0
ENSONIG00000028221	0	0	0
ENSONIG00000028222	0	0	0
ENSONIG00000028223	0	0	5
ENSONIG00000028224	0	0	4
ENSONIG00000028225	0	0	0
ENSONIG00000028226	0	0	0
ENSONIG00000028227	0	0	0
ENSONIG00000028228	0	0	0
ENSONIG00000028229	0	0	0
ENSONIG00000028230	0	0	0
ENSONIG00000028231	1	1	1
ENSONIG00000028232	12	22	43
ENSONIG00000028233	0	0	0
ENSONIG00000028234	0	0	5
ENSONIG00000028235	0	0	0
ENSONIG00000028236	1	0	0
ENSONIG00000028237	0	0	0
ENSONIG00000028238	0	0	6
ENSONIG00000028239	0	0	0
ENSONIG00000028240	14	5	293
ENSONIG00000028241	0	0	0
ENSONIG00000028242	0	0	0
ENSONIG00000028243	0	0	0
ENSONIG00000028244	0	0	0
ENSONIG00000028245	0	0	3
ENSONIG00000028246	0	0	0
ENSONIG00000028247	0	0	1
ENSONIG00000028248	2	0	4
ENSONIG00000028249	0	0	0
ENSONIG00000028250	0	0	0
ENSONIG00000028251	0	0	0
ENSONIG00000028252	0	0	0
ENSONIG00000028253	0	0	0
ENSONIG00000028254	0	0	0
ENSONIG00000028255	0	0	43
ENSONIG00000028256	803	59	109
ENSONIG00000028257	0	0	0
ENSONIG00000028258	0	0	2
ENSONIG00000028259	0	0	0
ENSONIG00000028260	0	0	0
ENSONIG00000028261	0	0	2
ENSONIG00000028262	0	0	0
ENSONIG00000028263	0	0	1
ENSONIG00000028264	0	0	0
ENSONIG00000028265	0	0	0
ENSONIG00000028266	0	0	0
ENSONIG00000028267	0	0	0
ENSONIG00000028268	0	0	0
ENSONIG00000028269	0	0	0
ENSONIG00000028270	0	0	0
ENSONIG00000028271	0	0	0
ENSONIG00000028272	0	0	0
ENSONIG00000028273	0	0	0
ENSONIG00000028274	0	0	0
ENSONIG00000028275	0	0	0
ENSONIG00000028276	0	1	22
ENSONIG00000028277	0	0	0
ENSONIG00000028278	0	0	0
ENSONIG00000028279	0	0	0
ENSONIG00000028280	0	0	0
ENSONIG00000028281	1	1	6
ENSONIG00000028282	1	0	0
ENSONIG00000028283	0	0	0
ENSONIG00000028284	0	1	0
ENSONIG00000028285	0	0	0
ENSONIG00000028286	1	0	15
ENSONIG00000028287	0	0	0
ENSONIG00000028288	0	0	0
ENSONIG00000028289	0	0	0
ENSONIG00000028290	0	0	0
ENSONIG00000028291	0	3	0
ENSONIG00000028292	0	1	9
ENSONIG00000028293	0	0	0
ENSONIG00000028294	0	0	0
ENSONIG00000028295	1	0	1
ENSONIG00000028296	0	0	2
ENSONIG00000028297	15	0	0
ENSONIG00000028298	0	1	0
ENSONIG00000028299	0	0	0
ENSONIG00000028300	0	0	4
ENSONIG00000028301	172	2	2
ENSONIG00000028302	10	0	0
ENSONIG00000028303	0	1	0
ENSONIG00000028304	0	0	0
ENSONIG00000028305	2	0	0
ENSONIG00000028306	0	0	0
ENSONIG00000028307	0	0	52
ENSONIG00000028308	2	2	39
ENSONIG00000028309	0	0	0
ENSONIG00000028310	4	27	242
ENSONIG00000028311	0	0	0
ENSONIG00000028312	0	0	0
ENSONIG00000028313	0	0	0
ENSONIG00000028314	0	0	1
ENSONIG00000028315	0	0	0
ENSONIG00000028316	0	0	0
ENSONIG00000028317	0	6	19
ENSONIG00000028318	0	0	0
ENSONIG00000028319	0	0	0
ENSONIG00000028320	0	0	0
ENSONIG00000028321	0	1	1
ENSONIG00000028322	0	0	0
ENSONIG00000028323	0	0	0
ENSONIG00000028324	0	0	7
ENSONIG00000028325	0	0	0
ENSONIG00000028326	0	0	11
ENSONIG00000028327	2	5	16
ENSONIG00000028328	0	0	0
ENSONIG00000028329	0	0	2
ENSONIG00000028330	0	3	4
ENSONIG00000028331	0	0	0
ENSONIG00000028332	61	9	12
ENSONIG00000028333	4	0	3
ENSONIG00000028334	0	0	0
ENSONIG00000028335	0	0	0
ENSONIG00000028336	0	0	7
ENSONIG00000028337	0	0	0
ENSONIG00000028338	0	0	0
ENSONIG00000028339	0	0	0
ENSONIG00000028340	0	1	0
ENSONIG00000028341	0	0	0
ENSONIG00000028342	0	0	0
ENSONIG00000028343	2	0	2
ENSONIG00000028344	5	2	3
ENSONIG00000028345	0	0	0
ENSONIG00000028346	0	0	0
ENSONIG00000028347	20	36	75
ENSONIG00000028348	0	0	0
ENSONIG00000028349	0	0	0
ENSONIG00000028350	0	0	0
ENSONIG00000028351	0	0	0
ENSONIG00000028352	0	0	0
ENSONIG00000028353	0	4	45
ENSONIG00000028354	0	0	0
ENSONIG00000028355	1	2	1
ENSONIG00000028356	8	16	1515
ENSONIG00000028357	0	3	2
ENSONIG00000028358	0	0	0
ENSONIG00000028359	0	0	0
ENSONIG00000028360	0	0	0
ENSONIG00000028361	2	0	0
ENSONIG00000028362	0	0	5
ENSONIG00000028363	0	2	4
ENSONIG00000028364	1	0	0
ENSONIG00000028365	0	0	1
ENSONIG00000028366	0	0	0
ENSONIG00000028367	0	0	0
ENSONIG00000028368	0	0	0
ENSONIG00000028369	0	0	0
ENSONIG00000028370	0	0	17
ENSONIG00000028371	0	0	0
ENSONIG00000028372	0	0	0
ENSONIG00000028373	0	0	0
ENSONIG00000028374	0	10	7
ENSONIG00000028375	0	0	0
ENSONIG00000028376	0	0	0
ENSONIG00000028377	337	204	198
ENSONIG00000028378	0	0	0
ENSONIG00000028379	0	0	0
ENSONIG00000028380	49	3	26
ENSONIG00000028381	0	0	0
ENSONIG00000028382	1	0	0
ENSONIG00000028383	0	0	0
ENSONIG00000028384	0	0	0
ENSONIG00000028385	1	0	5
ENSONIG00000028386	0	0	0
ENSONIG00000028387	0	0	1
ENSONIG00000028388	0	0	4
ENSONIG00000028389	0	0	0
ENSONIG00000028390	0	0	0
ENSONIG00000028391	0	20	19
ENSONIG00000028392	0	0	0
ENSONIG00000028393	0	0	0
ENSONIG00000028394	0	1	26
ENSONIG00000028395	17295	41595	62576
ENSONIG00000028396	0	0	0
ENSONIG00000028397	2	4	5
ENSONIG00000028398	0	0	0
ENSONIG00000028399	0	1	5
ENSONIG00000028400	0	0	0
ENSONIG00000028401	1	0	0
ENSONIG00000028402	0	0	0
ENSONIG00000028403	0	0	0
ENSONIG00000028404	0	0	0
ENSONIG00000028405	0	0	0
ENSONIG00000028406	0	0	0
ENSONIG00000028407	0	0	0
ENSONIG00000028408	1	0	0
ENSONIG00000028409	7	0	0
ENSONIG00000028410	0	0	0
ENSONIG00000028411	0	0	0
ENSONIG00000028412	0	0	0
ENSONIG00000028413	2	0	1
ENSONIG00000028414	0	0	0
ENSONIG00000028415	0	1	6
ENSONIG00000028416	0	0	0
ENSONIG00000028417	0	0	0
ENSONIG00000028418	1	0	3
ENSONIG00000028419	16	0	3
ENSONIG00000028420	0	0	0
ENSONIG00000028421	0	0	0
ENSONIG00000028422	0	0	0
ENSONIG00000028423	0	0	0
ENSONIG00000028424	1	1	7
ENSONIG00000028425	0	0	0
ENSONIG00000028426	0	0	0
ENSONIG00000028427	0	1	9
ENSONIG00000028428	1	0	0
ENSONIG00000028429	0	1	0
ENSONIG00000028430	0	0	0
ENSONIG00000028431	0	0	0
ENSONIG00000028432	0	0	0
ENSONIG00000028433	0	0	1
ENSONIG00000028434	0	0	0
ENSONIG00000028435	0	0	0
ENSONIG00000028436	0	1	0
ENSONIG00000028437	0	0	0
ENSONIG00000028438	0	0	1
ENSONIG00000028439	3	1	1
ENSONIG00000028440	0	0	0
ENSONIG00000028441	0	0	0
ENSONIG00000028442	0	0	0
ENSONIG00000028443	0	0	0
ENSONIG00000028444	0	0	1
ENSONIG00000028445	1	2	5
ENSONIG00000028446	0	0	0
ENSONIG00000028447	0	0	0
ENSONIG00000028448	0	1	8
ENSONIG00000028449	3	0	2
ENSONIG00000028450	0	0	33
ENSONIG00000028451	0	0	0
ENSONIG00000028452	0	0	0
ENSONIG00000028453	2	0	16
ENSONIG00000028454	0	0	0
ENSONIG00000028455	0	0	0
ENSONIG00000028456	0	0	0
ENSONIG00000028457	0	0	1
ENSONIG00000028458	1	0	1
ENSONIG00000028459	4	6	134
ENSONIG00000028460	0	0	0
ENSONIG00000028461	0	0	0
ENSONIG00000028462	0	0	0
ENSONIG00000028463	0	0	1
ENSONIG00000028464	1	0	18
ENSONIG00000028465	0	0	11
ENSONIG00000028466	0	2	12
ENSONIG00000028467	0	0	0
ENSONIG00000028468	0	0	0
ENSONIG00000028469	0	0	0
ENSONIG00000028470	0	0	0
ENSONIG00000028471	0	2	1
ENSONIG00000028472	0	0	0
ENSONIG00000028473	0	1	1
ENSONIG00000028474	0	0	0
ENSONIG00000028475	0	0	0
ENSONIG00000028476	0	0	0
ENSONIG00000028477	0	0	0
ENSONIG00000028478	0	0	0
ENSONIG00000028479	0	0	0
ENSONIG00000028480	0	0	0
ENSONIG00000028481	4	2	27
ENSONIG00000028482	0	0	0
ENSONIG00000028483	1	0	33
ENSONIG00000028484	1	0	0
ENSONIG00000028485	0	0	0
ENSONIG00000028486	0	0	0
ENSONIG00000028487	0	0	0
ENSONIG00000028488	235	81	61
ENSONIG00000028489	0	5	24
ENSONIG00000028490	7	5	53
ENSONIG00000028491	0	0	45
ENSONIG00000028492	0	0	1
ENSONIG00000028493	0	0	0
ENSONIG00000028494	10	1	87
ENSONIG00000028495	0	0	33
ENSONIG00000028496	2	2	52
ENSONIG00000028497	0	0	0
ENSONIG00000028498	0	0	0
ENSONIG00000028499	0	0	0
ENSONIG00000028500	0	1	1
ENSONIG00000028501	0	0	0
ENSONIG00000028502	0	0	0
ENSONIG00000028503	0	0	0
ENSONIG00000028504	0	0	1
ENSONIG00000028505	8	3	5
ENSONIG00000028506	0	0	0
ENSONIG00000028507	0	0	1
ENSONIG00000028508	0	0	0
ENSONIG00000028509	0	0	0
ENSONIG00000028510	0	0	0
ENSONIG00000028511	0	0	0
ENSONIG00000028512	28	3	8
ENSONIG00000028513	0	0	1
ENSONIG00000028514	0	0	2
ENSONIG00000028515	0	0	0
ENSONIG00000028516	0	2	0
ENSONIG00000028517	0	2	2
ENSONIG00000028518	534	524	689
ENSONIG00000028519	33	39	38
ENSONIG00000028520	0	0	8
ENSONIG00000028521	0	0	1
ENSONIG00000028522	0	0	0
ENSONIG00000028523	0	0	5
ENSONIG00000028524	0	0	0
ENSONIG00000028525	0	1	6
ENSONIG00000028526	0	0	0
ENSONIG00000028527	0	0	0
ENSONIG00000028528	2	0	1
ENSONIG00000028529	0	0	0
ENSONIG00000028530	0	0	0
ENSONIG00000028531	0	0	0
ENSONIG00000028532	1	1	1
ENSONIG00000028533	0	0	0
ENSONIG00000028534	0	0	0
ENSONIG00000028535	2	0	0
ENSONIG00000028536	17	3	6
ENSONIG00000028537	0	0	0
ENSONIG00000028538	0	0	1
ENSONIG00000028539	0	0	0
ENSONIG00000028540	0	1	1
ENSONIG00000028541	0	0	0
ENSONIG00000028542	0	0	0
ENSONIG00000028543	0	4	1
ENSONIG00000028544	0	0	0
ENSONIG00000028545	9	27	100
ENSONIG00000028546	0	0	4
ENSONIG00000028547	0	0	0
ENSONIG00000028548	8	6	280
ENSONIG00000028549	1	0	0
ENSONIG00000028550	0	0	7
ENSONIG00000028551	0	0	0
ENSONIG00000028552	0	0	0
ENSONIG00000028553	0	0	0
ENSONIG00000028554	0	3	26
ENSONIG00000028555	0	0	0
ENSONIG00000028556	0	0	0
ENSONIG00000028557	0	0	0
ENSONIG00000028558	0	0	0
ENSONIG00000028559	0	0	0
ENSONIG00000028560	0	0	0
ENSONIG00000028561	0	0	0
ENSONIG00000028562	5	4	120
ENSONIG00000028563	0	0	0
ENSONIG00000028564	0	0	0
ENSONIG00000028565	0	0	0
ENSONIG00000028566	0	0	0
ENSONIG00000028567	0	0	0
ENSONIG00000028568	0	0	5
ENSONIG00000028569	0	0	0
ENSONIG00000028570	341	120	60
ENSONIG00000028571	0	0	0
ENSONIG00000028572	0	0	1
ENSONIG00000028573	49	62	186
ENSONIG00000028574	0	1	0
ENSONIG00000028575	0	0	1
ENSONIG00000028576	0	0	0
ENSONIG00000028577	0	0	0
ENSONIG00000028578	0	1	3
ENSONIG00000028579	0	0	46
ENSONIG00000028580	113	5	97
ENSONIG00000028581	0	0	0
ENSONIG00000028582	3	1	9
ENSONIG00000028583	0	0	0
ENSONIG00000028584	0	0	0
ENSONIG00000028585	20	2	3
ENSONIG00000028586	0	0	0
ENSONIG00000028587	0	0	0
ENSONIG00000028588	3	2	15
ENSONIG00000028589	0	0	0
ENSONIG00000028590	0	0	0
ENSONIG00000028591	0	0	0
ENSONIG00000028592	0	0	0
ENSONIG00000028593	0	0	1
ENSONIG00000028594	0	0	0
ENSONIG00000028595	0	0	0
ENSONIG00000028596	0	0	0
ENSONIG00000028597	0	0	0
ENSONIG00000028598	0	0	0
ENSONIG00000028599	0	0	1
ENSONIG00000028600	0	0	0
ENSONIG00000028601	0	0	0
ENSONIG00000028602	0	0	5
ENSONIG00000028603	2	0	0
ENSONIG00000028604	0	0	3
ENSONIG00000028605	0	0	0
ENSONIG00000028606	0	0	0
ENSONIG00000028607	0	0	0
ENSONIG00000028608	0	1	2
ENSONIG00000028609	1	0	3
ENSONIG00000028610	0	0	1
ENSONIG00000028611	2	0	7
ENSONIG00000028612	0	0	0
ENSONIG00000028613	1	0	0
ENSONIG00000028614	0	5	3
ENSONIG00000028615	0	0	0
ENSONIG00000028616	0	0	0
ENSONIG00000028617	0	0	4
ENSONIG00000028618	0	0	0
ENSONIG00000028619	0	0	0
ENSONIG00000028620	0	0	16
ENSONIG00000028621	3	0	0
ENSONIG00000028622	77	12	41
ENSONIG00000028623	0	0	0
ENSONIG00000028624	0	0	0
ENSONIG00000028625	0	0	0
ENSONIG00000028626	299	156	199
ENSONIG00000028627	28	38	582
ENSONIG00000028628	0	0	0
ENSONIG00000028629	0	0	0
ENSONIG00000028630	0	0	0
ENSONIG00000028631	0	0	1
ENSONIG00000028632	0	0	0
ENSONIG00000028633	0	0	0
ENSONIG00000028634	0	0	0
ENSONIG00000028635	0	0	31
ENSONIG00000028636	0	0	0
ENSONIG00000028637	0	0	1
ENSONIG00000028638	0	0	6
ENSONIG00000028639	0	0	0
ENSONIG00000028640	0	0	0
ENSONIG00000028641	0	0	0
ENSONIG00000028642	0	0	1
ENSONIG00000028643	4	2	3
ENSONIG00000028644	0	0	0
ENSONIG00000028645	0	0	0
ENSONIG00000028646	0	1	4
ENSONIG00000028647	0	0	42
ENSONIG00000028648	0	0	0
ENSONIG00000028649	3	0	0
ENSONIG00000028650	0	0	0
ENSONIG00000028651	0	0	0
ENSONIG00000028652	0	0	0
ENSONIG00000028653	4	0	34
ENSONIG00000028654	0	0	0
ENSONIG00000028655	0	0	0
ENSONIG00000028656	0	0	0
ENSONIG00000028657	0	0	4
ENSONIG00000028658	0	0	1
ENSONIG00000028659	0	1	12
ENSONIG00000028660	0	0	0
ENSONIG00000028661	0	0	0
ENSONIG00000028662	2	0	3
ENSONIG00000028663	0	0	0
ENSONIG00000028664	0	0	0
ENSONIG00000028665	0	0	0
ENSONIG00000028666	0	0	0
ENSONIG00000028667	1	1	28
ENSONIG00000028668	0	0	0
ENSONIG00000028669	0	5	1
ENSONIG00000028670	3	2	8
ENSONIG00000028671	0	0	0
ENSONIG00000028672	1	0	2
ENSONIG00000028673	0	0	0
ENSONIG00000028674	0	0	0
ENSONIG00000028675	0	0	0
ENSONIG00000028676	20	3	31
ENSONIG00000028677	8	1	9
ENSONIG00000028678	3	1	1
ENSONIG00000028679	0	0	0
ENSONIG00000028680	0	0	0
ENSONIG00000028681	23	10	3
ENSONIG00000028682	0	0	0
ENSONIG00000028683	0	0	0
ENSONIG00000028684	2	0	1
ENSONIG00000028685	0	0	0
ENSONIG00000028686	0	0	1
ENSONIG00000028687	0	0	0
ENSONIG00000028688	0	0	0
ENSONIG00000028689	2	0	0
ENSONIG00000028690	0	0	0
ENSONIG00000028691	0	0	0
ENSONIG00000028692	0	0	0
ENSONIG00000028693	2	4	54
ENSONIG00000028694	0	0	0
ENSONIG00000028695	0	0	0
ENSONIG00000028696	0	0	0
ENSONIG00000028697	0	0	0
ENSONIG00000028698	0	0	0
ENSONIG00000028699	0	0	0
ENSONIG00000028700	0	0	1
ENSONIG00000028701	0	1	0
ENSONIG00000028702	0	0	0
ENSONIG00000028703	0	0	0
ENSONIG00000028704	5	1	8
ENSONIG00000028705	1	0	1
ENSONIG00000028706	14	11	28
ENSONIG00000028707	0	0	0
ENSONIG00000028708	5	2	14
ENSONIG00000028709	0	0	0
ENSONIG00000028710	1	0	0
ENSONIG00000028711	0	0	0
ENSONIG00000028712	2	0	82
ENSONIG00000028713	0	0	0
ENSONIG00000028714	0	0	0
ENSONIG00000028715	0	0	0
ENSONIG00000028716	0	0	0
ENSONIG00000028717	1	0	4
ENSONIG00000028718	0	0	0
ENSONIG00000028719	0	0	0
ENSONIG00000028720	3	0	0
ENSONIG00000028721	0	0	0
ENSONIG00000028722	3	0	2
ENSONIG00000028723	2	3	23
ENSONIG00000028724	0	0	0
ENSONIG00000028725	0	0	0
ENSONIG00000028726	0	0	3
ENSONIG00000028727	1	0	0
ENSONIG00000028728	0	0	2
ENSONIG00000028729	0	0	0
ENSONIG00000028730	0	0	0
ENSONIG00000028731	0	0	0
ENSONIG00000028732	0	0	0
ENSONIG00000028733	0	0	0
ENSONIG00000028734	0	0	0
ENSONIG00000028735	0	0	3
ENSONIG00000028736	0	0	0
ENSONIG00000028737	0	2	22
ENSONIG00000028738	0	0	0
ENSONIG00000028739	0	0	0
ENSONIG00000028740	0	0	0
ENSONIG00000028741	0	0	1
ENSONIG00000028742	0	0	0
ENSONIG00000028743	0	0	0
ENSONIG00000028744	0	0	0
ENSONIG00000028745	0	0	0
ENSONIG00000028746	0	0	0
ENSONIG00000028747	0	0	0
ENSONIG00000028748	1	11	8
ENSONIG00000028749	0	0	0
ENSONIG00000028750	0	2	8
ENSONIG00000028751	0	0	2
ENSONIG00000028752	0	0	2
ENSONIG00000028753	11	13	730
ENSONIG00000028754	0	0	0
ENSONIG00000028755	5	24	243
ENSONIG00000028756	14	55	549
ENSONIG00000028757	0	0	0
ENSONIG00000028758	0	0	0
ENSONIG00000028759	0	0	4
ENSONIG00000028760	2	0	4
ENSONIG00000028761	30	4	29
ENSONIG00000028762	0	0	0
ENSONIG00000028763	1	0	0
ENSONIG00000028764	0	0	0
ENSONIG00000028765	0	0	0
ENSONIG00000028766	2	0	1
ENSONIG00000028767	0	0	1
ENSONIG00000028768	0	0	2
ENSONIG00000028769	1	4	3
ENSONIG00000028770	0	0	0
ENSONIG00000028771	0	0	4
ENSONIG00000028772	0	0	0
ENSONIG00000028773	0	0	0
ENSONIG00000028774	0	0	0
ENSONIG00000028775	0	0	0
ENSONIG00000028776	0	0	0
ENSONIG00000028777	4	1	5
ENSONIG00000028778	13	4	3
ENSONIG00000028779	0	0	0
ENSONIG00000028780	0	0	0
ENSONIG00000028781	0	0	0
ENSONIG00000028782	0	0	2
ENSONIG00000028783	0	0	0
ENSONIG00000028784	0	2	0
ENSONIG00000028785	1	1	0
ENSONIG00000028786	0	0	1
ENSONIG00000028787	0	0	0
ENSONIG00000028788	144	387	374
ENSONIG00000028789	0	0	0
ENSONIG00000028790	0	0	0
ENSONIG00000028791	0	0	0
ENSONIG00000028792	0	0	0
ENSONIG00000028793	0	0	0
ENSONIG00000028794	0	0	1
ENSONIG00000028795	0	0	0
ENSONIG00000028796	0	0	0
ENSONIG00000028797	0	0	0
ENSONIG00000028798	24376	158280	148980
ENSONIG00000028799	3	0	4
ENSONIG00000028800	0	0	0
ENSONIG00000028801	0	0	0
ENSONIG00000028802	0	0	0
ENSONIG00000028803	0	0	0
ENSONIG00000028804	0	0	2
ENSONIG00000028805	0	0	0
ENSONIG00000028806	0	0	3
ENSONIG00000028807	6	6	11
ENSONIG00000028808	0	0	0
ENSONIG00000028809	0	0	0
ENSONIG00000028810	0	1	133
ENSONIG00000028811	4	2	15
ENSONIG00000028812	0	0	0
ENSONIG00000028813	0	0	1
ENSONIG00000028814	0	0	0
ENSONIG00000028815	0	0	0
ENSONIG00000028816	0	0	0
ENSONIG00000028817	4	0	0
ENSONIG00000028818	0	0	0
ENSONIG00000028819	0	0	7
ENSONIG00000028820	4	0	0
ENSONIG00000028821	0	0	14
ENSONIG00000028822	1	2	9
ENSONIG00000028823	0	0	1
ENSONIG00000028824	0	0	0
ENSONIG00000028825	152	3	5
ENSONIG00000028826	0	0	1
ENSONIG00000028827	0	0	0
ENSONIG00000028828	0	0	0
ENSONIG00000028829	0	0	0
ENSONIG00000028830	0	0	1
ENSONIG00000028831	0	0	0
ENSONIG00000028832	0	0	0
ENSONIG00000028833	1	3	0
ENSONIG00000028834	0	0	0
ENSONIG00000028835	0	0	0
ENSONIG00000028836	0	0	0
ENSONIG00000028837	0	0	0
ENSONIG00000028838	0	2	1
ENSONIG00000028839	1	0	0
ENSONIG00000028840	1	0	11
ENSONIG00000028841	4	0	12
ENSONIG00000028842	12	3	20
ENSONIG00000028843	0	0	0
ENSONIG00000028844	0	7	14
ENSONIG00000028845	0	0	0
ENSONIG00000028846	2	2	16
ENSONIG00000028847	0	0	0
ENSONIG00000028848	0	0	0
ENSONIG00000028849	0	0	3
ENSONIG00000028850	0	4	35
ENSONIG00000028851	0	0	0
ENSONIG00000028852	0	0	0
ENSONIG00000028853	8	98	35
ENSONIG00000028854	4	1	60
ENSONIG00000028855	5	3	20
ENSONIG00000028856	8	1	3
ENSONIG00000028857	5	2	10
ENSONIG00000028858	0	0	0
ENSONIG00000028859	0	0	1
ENSONIG00000028860	0	0	1
ENSONIG00000028861	0	0	7
ENSONIG00000028862	0	0	0
ENSONIG00000028863	0	0	7
ENSONIG00000028864	0	0	0
ENSONIG00000028865	0	0	0
ENSONIG00000028866	2	1	3
ENSONIG00000028867	1	4	9
ENSONIG00000028868	0	0	0
ENSONIG00000028869	0	0	0
ENSONIG00000028870	0	0	3
ENSONIG00000028871	0	0	0
ENSONIG00000028872	0	0	0
ENSONIG00000028873	0	0	0
ENSONIG00000028874	0	0	0
ENSONIG00000028875	2	0	36
ENSONIG00000028876	0	0	0
ENSONIG00000028877	0	0	0
ENSONIG00000028878	0	0	0
ENSONIG00000028879	1	3	31
ENSONIG00000028880	0	0	0
ENSONIG00000028881	0	0	0
ENSONIG00000028882	0	0	0
ENSONIG00000028883	0	0	0
ENSONIG00000028884	1	0	1
ENSONIG00000028885	14	19	30
ENSONIG00000028886	0	1	0
ENSONIG00000028887	0	0	0
ENSONIG00000028888	0	0	0
ENSONIG00000028889	0	0	0
ENSONIG00000028890	0	0	0
ENSONIG00000028891	0	1	2
ENSONIG00000028892	121	0	78
ENSONIG00000028893	0	0	1
ENSONIG00000028894	0	0	1
ENSONIG00000028895	0	0	0
ENSONIG00000028896	9	2	7
ENSONIG00000028897	0	0	0
ENSONIG00000028898	1	0	6
ENSONIG00000028899	0	1	5
ENSONIG00000028900	0	0	0
ENSONIG00000028901	1	0	1
ENSONIG00000028902	0	0	4
ENSONIG00000028903	0	0	10
ENSONIG00000028904	0	0	0
ENSONIG00000028905	0	0	0
ENSONIG00000028906	0	0	0
ENSONIG00000028907	0	0	0
ENSONIG00000028908	0	0	6
ENSONIG00000028909	0	0	0
ENSONIG00000028910	0	0	0
ENSONIG00000028911	0	0	0
ENSONIG00000028912	1	0	1
ENSONIG00000028913	0	0	0
ENSONIG00000028914	0	0	3
ENSONIG00000028915	0	0	3
ENSONIG00000028916	0	0	0
ENSONIG00000028917	0	0	0
ENSONIG00000028918	0	0	0
ENSONIG00000028919	0	0	0
ENSONIG00000028920	0	0	0
ENSONIG00000028921	0	0	4
ENSONIG00000028922	0	0	0
ENSONIG00000028923	0	0	0
ENSONIG00000028924	0	0	0
ENSONIG00000028925	0	0	4
ENSONIG00000028926	0	0	0
ENSONIG00000028927	0	1	0
ENSONIG00000028928	0	0	2
ENSONIG00000028929	4	1	10
ENSONIG00000028930	0	0	0
ENSONIG00000028931	6	0	11
ENSONIG00000028932	0	1	1
ENSONIG00000028933	0	6	1
ENSONIG00000028934	0	0	0
ENSONIG00000028935	0	0	0
ENSONIG00000028936	0	0	0
ENSONIG00000028937	0	0	2
ENSONIG00000028938	0	0	0
ENSONIG00000028939	1	0	0
ENSONIG00000028940	0	0	0
ENSONIG00000028941	0	3	4
ENSONIG00000028942	0	0	0
ENSONIG00000028943	0	0	0
ENSONIG00000028944	1	0	0
ENSONIG00000028945	0	0	0
ENSONIG00000028946	0	0	6
ENSONIG00000028947	2	10	431
ENSONIG00000028948	1	16	980
ENSONIG00000028949	0	0	0
ENSONIG00000028950	0	0	1
ENSONIG00000028951	0	0	5
ENSONIG00000028952	0	0	0
ENSONIG00000028953	0	0	0
ENSONIG00000028954	5	1	24
ENSONIG00000028955	0	0	0
ENSONIG00000028956	1	2	7
ENSONIG00000028957	0	2	1
ENSONIG00000028958	0	0	0
ENSONIG00000028959	0	0	0
ENSONIG00000028960	0	0	0
ENSONIG00000028961	0	0	0
ENSONIG00000028962	0	1	3
ENSONIG00000028963	0	0	0
ENSONIG00000028964	0	0	0
ENSONIG00000028965	0	0	0
ENSONIG00000028966	1	0	0
ENSONIG00000028967	0	1	6
ENSONIG00000028968	0	0	0
ENSONIG00000028969	3	0	11
ENSONIG00000028970	2	0	0
ENSONIG00000028971	2	1	3
ENSONIG00000028972	0	0	0
ENSONIG00000028973	0	0	9
ENSONIG00000028974	2	0	0
ENSONIG00000028975	1	0	0
ENSONIG00000028976	0	0	0
ENSONIG00000028977	1	2	15
ENSONIG00000028978	0	1	4
ENSONIG00000028979	0	0	0
ENSONIG00000028980	0	0	0
ENSONIG00000028981	0	0	1
ENSONIG00000028982	0	0	0
ENSONIG00000028983	482	174	221
ENSONIG00000028984	0	0	0
ENSONIG00000028985	3	4	121
ENSONIG00000028986	0	0	0
ENSONIG00000028987	0	0	1
ENSONIG00000028988	0	0	0
ENSONIG00000028989	1	0	0
ENSONIG00000028990	0	0	0
ENSONIG00000028991	0	1	0
ENSONIG00000028992	0	0	0
ENSONIG00000028993	10	0	18
ENSONIG00000028994	0	0	0
ENSONIG00000028995	0	0	0
ENSONIG00000028996	0	0	0
ENSONIG00000028997	0	0	1
ENSONIG00000028998	0	0	10
ENSONIG00000028999	0	0	0
ENSONIG00000029000	1	0	5
ENSONIG00000029001	2	0	0
ENSONIG00000029002	0	0	0
ENSONIG00000029003	0	0	0
ENSONIG00000029004	0	0	21
ENSONIG00000029005	0	0	0
ENSONIG00000029006	0	0	3
ENSONIG00000029007	0	0	0
ENSONIG00000029008	7	2	10
ENSONIG00000029009	0	0	0
ENSONIG00000029010	0	0	1
ENSONIG00000029011	0	2	1
ENSONIG00000029012	0	0	3
ENSONIG00000029013	0	0	0
ENSONIG00000029014	0	0	0
ENSONIG00000029015	0	0	0
ENSONIG00000029016	0	0	4
ENSONIG00000029017	0	0	0
ENSONIG00000029018	0	3	1
ENSONIG00000029019	0	0	0
ENSONIG00000029020	10	18	51
ENSONIG00000029021	165	76	32
ENSONIG00000029022	3	5	34
ENSONIG00000029023	0	0	0
ENSONIG00000029024	0	0	0
ENSONIG00000029025	0	0	0
ENSONIG00000029026	0	0	0
ENSONIG00000029027	0	0	8
ENSONIG00000029028	0	0	0
ENSONIG00000029029	0	0	0
ENSONIG00000029030	0	0	0
ENSONIG00000029031	0	1	0
ENSONIG00000029032	4	3	0
ENSONIG00000029033	0	0	0
ENSONIG00000029034	0	0	0
ENSONIG00000029035	0	0	0
ENSONIG00000029036	7	4	23
ENSONIG00000029037	0	0	0
ENSONIG00000029038	1	0	31
ENSONIG00000029039	132	163	705
ENSONIG00000029040	23	20	25
ENSONIG00000029041	0	0	0
ENSONIG00000029042	0	0	0
ENSONIG00000029043	0	0	0
ENSONIG00000029044	0	0	0
ENSONIG00000029045	0	1	3
ENSONIG00000029046	0	0	1
ENSONIG00000029047	1	6	38
ENSONIG00000029048	0	0	0
ENSONIG00000029049	0	0	0
ENSONIG00000029050	0	0	0
ENSONIG00000029051	0	1	0
ENSONIG00000029052	50	6	30
ENSONIG00000029053	0	0	0
ENSONIG00000029054	0	0	0
ENSONIG00000029055	0	0	0
ENSONIG00000029056	9	2	97
ENSONIG00000029057	0	0	0
ENSONIG00000029058	2	12	0
ENSONIG00000029059	0	0	0
ENSONIG00000029060	0	0	0
ENSONIG00000029061	0	0	0
ENSONIG00000029062	0	0	0
ENSONIG00000029063	0	0	0
ENSONIG00000029064	5	1	0
ENSONIG00000029065	0	0	0
ENSONIG00000029066	1	4	6
ENSONIG00000029067	0	0	0
ENSONIG00000029068	0	2	0
ENSONIG00000029069	0	0	0
ENSONIG00000029070	0	0	2
ENSONIG00000029071	0	0	0
ENSONIG00000029072	0	0	1
ENSONIG00000029073	0	0	0
ENSONIG00000029074	47	47	45
ENSONIG00000029075	0	0	0
ENSONIG00000029076	0	0	0
ENSONIG00000029077	0	0	0
ENSONIG00000029078	0	0	0
ENSONIG00000029079	4	0	2
ENSONIG00000029080	1	0	0
ENSONIG00000029081	0	0	0
ENSONIG00000029082	0	0	0
ENSONIG00000029083	2	3	9
ENSONIG00000029084	1	2	0
ENSONIG00000029085	3	1	0
ENSONIG00000029086	0	0	0
ENSONIG00000029087	3	0	1
ENSONIG00000029088	0	0	0
ENSONIG00000029089	1	1	3
ENSONIG00000029090	4	11	506
ENSONIG00000029091	0	0	0
ENSONIG00000029092	0	0	0
ENSONIG00000029093	0	0	0
ENSONIG00000029094	0	1	2
ENSONIG00000029095	0	0	0
ENSONIG00000029096	4	1	8
ENSONIG00000029097	0	0	0
ENSONIG00000029098	0	0	0
ENSONIG00000029099	0	0	0
ENSONIG00000029100	0	0	0
ENSONIG00000029101	1	0	0
ENSONIG00000029102	0	0	0
ENSONIG00000029103	0	0	13
ENSONIG00000029104	0	0	0
ENSONIG00000029105	3	0	4
ENSONIG00000029106	0	0	0
ENSONIG00000029107	0	0	5
ENSONIG00000029108	0	0	0
ENSONIG00000029109	0	0	0
ENSONIG00000029110	1	4	31
ENSONIG00000029111	0	0	0
ENSONIG00000029112	0	0	0
ENSONIG00000029113	0	0	0
ENSONIG00000029114	60	17	214
ENSONIG00000029115	31	63	80
ENSONIG00000029116	0	0	0
ENSONIG00000029117	3	0	11
ENSONIG00000029118	1	0	8
ENSONIG00000029119	10	10	0
ENSONIG00000029120	0	0	0
ENSONIG00000029121	0	0	0
ENSONIG00000029122	0	0	0
ENSONIG00000029123	0	0	0
ENSONIG00000029124	0	0	0
ENSONIG00000029125	0	1	0
ENSONIG00000029126	0	0	2
ENSONIG00000029127	0	0	1
ENSONIG00000029128	0	1	2
ENSONIG00000029129	0	0	0
ENSONIG00000029130	0	0	5
ENSONIG00000029131	0	0	0
ENSONIG00000029132	2	0	1
ENSONIG00000029133	0	0	0
ENSONIG00000029134	0	1	0
ENSONIG00000029135	0	0	0
ENSONIG00000029136	0	0	0
ENSONIG00000029137	1	1	5
ENSONIG00000029138	5	3	103
ENSONIG00000029139	3	10	5
ENSONIG00000029140	7	0	2
ENSONIG00000029141	0	0	0
ENSONIG00000029142	0	0	0
ENSONIG00000029143	0	0	0
ENSONIG00000029144	15	33	1507
ENSONIG00000029145	0	0	1
ENSONIG00000029146	0	0	2
ENSONIG00000029147	0	0	0
ENSONIG00000029148	0	0	0
ENSONIG00000029149	0	0	0
ENSONIG00000029150	3	2	4
ENSONIG00000029151	0	0	0
ENSONIG00000029152	0	0	0
ENSONIG00000029153	20	31	76
ENSONIG00000029154	0	0	0
ENSONIG00000029155	5	1	3
ENSONIG00000029156	5	61	30
ENSONIG00000029157	0	0	0
ENSONIG00000029158	1	11	10
ENSONIG00000029159	0	0	0
ENSONIG00000029160	0	0	0
ENSONIG00000029161	1	0	0
ENSONIG00000029162	0	0	0
ENSONIG00000029163	1	0	0
ENSONIG00000029164	1	0	2
ENSONIG00000029165	0	0	0
ENSONIG00000029166	0	1	27
ENSONIG00000029167	0	0	0
ENSONIG00000029168	0	5	27
ENSONIG00000029169	5	1	9
ENSONIG00000029170	0	0	0
ENSONIG00000029171	0	0	0
ENSONIG00000029172	0	0	1
ENSONIG00000029173	0	0	0
ENSONIG00000029174	0	0	0
ENSONIG00000029175	0	0	0
ENSONIG00000029176	0	1	0
ENSONIG00000029177	0	0	0
ENSONIG00000029178	0	0	0
ENSONIG00000029179	0	0	0
ENSONIG00000029180	0	0	0
ENSONIG00000029181	0	0	0
ENSONIG00000029182	0	0	1
ENSONIG00000029183	0	0	1
ENSONIG00000029184	0	1	0
ENSONIG00000029185	0	0	0
ENSONIG00000029186	24	2	5
ENSONIG00000029187	0	1	3
ENSONIG00000029188	0	1	12
ENSONIG00000029189	14	16	810
ENSONIG00000029190	0	0	0
ENSONIG00000029191	0	0	0
ENSONIG00000029192	13	1	1
ENSONIG00000029193	0	0	0
ENSONIG00000029194	0	0	0
ENSONIG00000029195	2	3	16
ENSONIG00000029196	0	0	0
ENSONIG00000029197	0	0	1
ENSONIG00000029198	0	0	0
ENSONIG00000029199	2	0	0
ENSONIG00000029200	0	0	0
ENSONIG00000029201	0	0	0
ENSONIG00000029202	0	0	0
ENSONIG00000029203	120	0	0
ENSONIG00000029204	0	0	0
ENSONIG00000029205	0	0	0
ENSONIG00000029206	0	0	0
ENSONIG00000029207	0	0	0
ENSONIG00000029208	0	0	10
ENSONIG00000029209	0	0	0
ENSONIG00000029210	0	0	7
ENSONIG00000029211	0	0	0
ENSONIG00000029212	0	0	0
ENSONIG00000029213	0	0	0
ENSONIG00000029214	0	0	1
ENSONIG00000029215	1	0	0
ENSONIG00000029216	0	0	0
ENSONIG00000029217	0	0	0
ENSONIG00000029218	0	0	0
ENSONIG00000029219	0	0	0
ENSONIG00000029220	0	0	0
ENSONIG00000029221	2	0	16
ENSONIG00000029222	0	0	0
ENSONIG00000029223	0	0	0
ENSONIG00000029224	5	6	30
ENSONIG00000029225	0	0	0
ENSONIG00000029226	0	0	0
ENSONIG00000029227	0	0	0
ENSONIG00000029228	0	1	23
ENSONIG00000029229	0	0	0
ENSONIG00000029230	2	0	0
ENSONIG00000029231	0	0	4
ENSONIG00000029232	0	0	0
ENSONIG00000029233	5	2	10
ENSONIG00000029234	0	0	0
ENSONIG00000029235	1	0	2
ENSONIG00000029236	0	0	0
ENSONIG00000029237	37	41	20
ENSONIG00000029238	14	1	2
ENSONIG00000029239	0	0	0
ENSONIG00000029240	7	0	1
ENSONIG00000029241	0	0	0
ENSONIG00000029242	0	0	0
ENSONIG00000029243	46	7	15
ENSONIG00000029244	1	0	0
ENSONIG00000029245	0	0	0
ENSONIG00000029246	2	1	0
ENSONIG00000029247	0	0	2
ENSONIG00000029248	0	0	0
ENSONIG00000029249	0	0	0
ENSONIG00000029250	0	0	0
ENSONIG00000029251	0	0	0
ENSONIG00000029252	0	0	1
ENSONIG00000029253	0	0	13
ENSONIG00000029254	1	0	0
ENSONIG00000029255	0	0	0
ENSONIG00000029256	0	0	0
ENSONIG00000029257	1	1	0
ENSONIG00000029258	0	7	1
ENSONIG00000029259	0	0	0
ENSONIG00000029260	2	3	50
ENSONIG00000029261	0	0	0
ENSONIG00000029262	2	0	2
ENSONIG00000029263	0	0	0
ENSONIG00000029264	0	1	30
ENSONIG00000029265	0	0	0
ENSONIG00000029266	23	6	0
ENSONIG00000029267	0	0	0
ENSONIG00000029268	0	0	0
ENSONIG00000029269	2	1	1
ENSONIG00000029270	1	0	0
ENSONIG00000029271	0	0	0
ENSONIG00000029272	0	0	0
ENSONIG00000029273	1	0	2
ENSONIG00000029274	0	0	0
ENSONIG00000029275	0	0	0
ENSONIG00000029276	0	0	0
ENSONIG00000029277	0	0	0
ENSONIG00000029278	0	0	0
ENSONIG00000029279	0	0	0
ENSONIG00000029280	6	1	4
ENSONIG00000029281	0	0	6
ENSONIG00000029282	1	2	0
ENSONIG00000029283	0	0	0
ENSONIG00000029284	21	1	4
ENSONIG00000029285	0	2	0
ENSONIG00000029286	44	230	209
ENSONIG00000029287	1	0	1
ENSONIG00000029288	0	0	5
ENSONIG00000029289	1	0	0
ENSONIG00000029290	0	0	0
ENSONIG00000029291	0	0	1
ENSONIG00000029292	5	14	6
ENSONIG00000029293	0	0	0
ENSONIG00000029294	0	1	14
ENSONIG00000029295	0	0	0
ENSONIG00000029296	0	0	0
ENSONIG00000029297	1	0	6
ENSONIG00000029298	0	0	0
ENSONIG00000029299	0	0	0
ENSONIG00000029300	0	2	0
ENSONIG00000029301	0	0	0
ENSONIG00000029302	0	0	0
ENSONIG00000029303	0	0	0
ENSONIG00000029304	0	0	0
ENSONIG00000029305	0	0	0
ENSONIG00000029306	0	0	0
ENSONIG00000029307	0	0	0
ENSONIG00000029308	0	0	0
ENSONIG00000029309	0	0	9
ENSONIG00000029310	0	0	0
ENSONIG00000029311	0	0	0
ENSONIG00000029312	3	3	41
ENSONIG00000029313	1	2	0
ENSONIG00000029314	0	0	0
ENSONIG00000029315	0	0	0
ENSONIG00000029316	1	8	2
ENSONIG00000029317	0	0	0
ENSONIG00000029318	0	0	0
ENSONIG00000029319	0	0	0
ENSONIG00000029320	3	0	7
ENSONIG00000029321	0	1	0
ENSONIG00000029322	0	4	24
ENSONIG00000029323	0	1	0
ENSONIG00000029324	6	0	2
ENSONIG00000029325	1	0	0
ENSONIG00000029326	0	0	0
ENSONIG00000029327	0	0	0
ENSONIG00000029328	0	0	0
ENSONIG00000029329	0	1	41
ENSONIG00000029330	0	0	33
ENSONIG00000029331	0	0	0
ENSONIG00000029332	0	0	0
ENSONIG00000029333	0	5	99
ENSONIG00000029334	0	0	0
ENSONIG00000029335	9	6	9
ENSONIG00000029336	0	0	0
ENSONIG00000029337	0	0	0
ENSONIG00000029338	0	0	0
ENSONIG00000029339	0	0	0
ENSONIG00000029340	1	0	3
ENSONIG00000029341	0	0	0
ENSONIG00000029342	7	1	3
ENSONIG00000029343	1	0	0
ENSONIG00000029344	0	0	0
ENSONIG00000029345	0	0	2
ENSONIG00000029346	1	0	0
ENSONIG00000029347	0	0	0
ENSONIG00000029348	0	0	4
ENSONIG00000029349	0	0	0
ENSONIG00000029350	0	2	17
ENSONIG00000029351	1	1	16
ENSONIG00000029352	4	2	74
ENSONIG00000029353	0	0	0
ENSONIG00000029354	0	0	0
ENSONIG00000029355	0	0	0
ENSONIG00000029356	0	0	0
ENSONIG00000029357	0	0	0
ENSONIG00000029358	0	0	0
ENSONIG00000029359	1	0	3
ENSONIG00000029360	11	1	6
ENSONIG00000029361	0	0	0
ENSONIG00000029362	0	0	0
ENSONIG00000029363	0	0	0
ENSONIG00000029364	557	599	1829
ENSONIG00000029365	0	0	0
ENSONIG00000029366	0	0	3
ENSONIG00000029367	0	0	22
ENSONIG00000029368	0	2	0
ENSONIG00000029369	0	0	0
ENSONIG00000029370	0	0	0
ENSONIG00000029371	0	0	3
ENSONIG00000029372	0	0	0
ENSONIG00000029373	2	0	5
ENSONIG00000029374	0	0	0
ENSONIG00000029375	0	0	0
ENSONIG00000029376	1	2	38
ENSONIG00000029377	0	0	0
ENSONIG00000029378	0	1	0
ENSONIG00000029379	31195	15008	27582
ENSONIG00000029380	0	0	10
ENSONIG00000029381	0	0	0
ENSONIG00000029382	1	3	13
ENSONIG00000029383	0	0	0
ENSONIG00000029384	1	1	42
ENSONIG00000029385	0	0	0
ENSONIG00000029386	0	0	0
ENSONIG00000029387	4	3	71
ENSONIG00000029388	4	5	98
ENSONIG00000029389	0	0	0
ENSONIG00000029390	0	0	0
ENSONIG00000029391	0	0	0
ENSONIG00000029392	1	0	1
ENSONIG00000029393	0	0	0
ENSONIG00000029394	0	0	8
ENSONIG00000029395	0	0	0
ENSONIG00000029396	0	0	0
ENSONIG00000029397	0	0	0
ENSONIG00000029398	0	1	23
ENSONIG00000029399	0	4	0
ENSONIG00000029400	0	0	0
ENSONIG00000029401	0	0	0
ENSONIG00000029402	283	905	1982
ENSONIG00000029403	2	0	1
ENSONIG00000029404	0	0	0
ENSONIG00000029405	0	0	0
ENSONIG00000029406	0	0	0
ENSONIG00000029407	0	0	0
ENSONIG00000029408	0	1	0
ENSONIG00000029409	0	0	0
ENSONIG00000029410	0	0	23
ENSONIG00000029411	0	2	1
ENSONIG00000029412	2	3	13
ENSONIG00000029413	1	0	0
ENSONIG00000029414	0	0	0
ENSONIG00000029415	0	0	0
ENSONIG00000029416	0	0	0
ENSONIG00000029417	2	0	0
ENSONIG00000029418	0	0	2
ENSONIG00000029419	0	0	0
ENSONIG00000029420	0	0	0
ENSONIG00000029421	0	0	0
ENSONIG00000029422	0	0	0
ENSONIG00000029423	0	0	0
ENSONIG00000029424	0	0	0
ENSONIG00000029425	0	0	1
ENSONIG00000029426	0	0	0
ENSONIG00000029427	0	0	0
ENSONIG00000029428	0	0	1
ENSONIG00000029429	0	0	0
ENSONIG00000029430	0	0	0
ENSONIG00000029431	0	0	0
ENSONIG00000029432	1	0	0
ENSONIG00000029433	2	0	1
ENSONIG00000029434	21	2	13
ENSONIG00000029435	0	0	0
ENSONIG00000029436	0	0	0
ENSONIG00000029437	0	0	0
ENSONIG00000029438	0	0	0
ENSONIG00000029439	4	1	1
ENSONIG00000029440	0	1	5
ENSONIG00000029441	0	0	0
ENSONIG00000029442	6	22	67
ENSONIG00000029443	2	15	40
ENSONIG00000029444	0	0	0
ENSONIG00000029445	0	0	1
ENSONIG00000029446	0	0	0
ENSONIG00000029447	5	0	6
ENSONIG00000029448	0	0	1
ENSONIG00000029449	0	0	0
ENSONIG00000029450	0	0	0
ENSONIG00000029451	0	0	1
ENSONIG00000029452	0	0	0
ENSONIG00000029453	0	0	0
ENSONIG00000029454	0	0	0
ENSONIG00000029455	35	1	20
ENSONIG00000029456	0	0	0
ENSONIG00000029457	2	1	9
ENSONIG00000029458	2	0	0
ENSONIG00000029459	1	0	8
ENSONIG00000029460	0	0	0
ENSONIG00000029461	0	0	0
ENSONIG00000029462	0	2	0
ENSONIG00000029463	0	0	0
ENSONIG00000029464	0	0	2
ENSONIG00000029465	0	0	0
ENSONIG00000029466	0	0	1
ENSONIG00000029467	0	0	0
ENSONIG00000029468	41	23	49
ENSONIG00000029469	0	0	4
ENSONIG00000029470	0	0	0
ENSONIG00000029471	0	0	0
ENSONIG00000029472	2	0	1
ENSONIG00000029473	104	55	72
ENSONIG00000029474	0	0	0
ENSONIG00000029475	0	0	0
ENSONIG00000029476	0	0	0
ENSONIG00000029477	24	10	235
ENSONIG00000029478	921	882	1371
ENSONIG00000029479	0	0	0
ENSONIG00000029480	0	0	0
ENSONIG00000029481	1	3	8
ENSONIG00000029482	5	0	0
ENSONIG00000029483	75	2	29
ENSONIG00000029484	0	1	7
ENSONIG00000029485	1	0	0
ENSONIG00000029486	0	0	0
ENSONIG00000029487	3	9	8
ENSONIG00000029488	0	1	0
ENSONIG00000029489	1940	65	88
ENSONIG00000029490	3	0	0
ENSONIG00000029491	0	0	4
ENSONIG00000029492	0	0	3
ENSONIG00000029493	0	0	1
ENSONIG00000029494	0	0	0
ENSONIG00000029495	0	4	2
ENSONIG00000029496	3	0	1
ENSONIG00000029497	0	0	1
ENSONIG00000029498	0	0	0
ENSONIG00000029499	2	0	1
ENSONIG00000029500	0	0	0
ENSONIG00000029501	246	29	165
ENSONIG00000029502	0	0	0
ENSONIG00000029503	0	0	0
ENSONIG00000029504	0	0	0
ENSONIG00000029505	1	0	1
ENSONIG00000029506	2	0	0
ENSONIG00000029507	2	0	0
ENSONIG00000029508	29	11	16
ENSONIG00000029509	0	0	0
ENSONIG00000029510	0	0	0
ENSONIG00000029511	0	0	0
ENSONIG00000029512	0	0	13
ENSONIG00000029513	0	2	2
ENSONIG00000029514	0	0	0
ENSONIG00000029515	179	230	308
ENSONIG00000029516	0	0	0
ENSONIG00000029517	0	0	0
ENSONIG00000029518	1	0	0
ENSONIG00000029519	0	0	0
ENSONIG00000029520	239	214	306
ENSONIG00000029521	0	0	2
ENSONIG00000029522	0	0	0
ENSONIG00000029523	0	0	0
ENSONIG00000029524	0	0	0
ENSONIG00000029525	4	0	8
ENSONIG00000029526	0	0	0
ENSONIG00000029527	0	0	0
ENSONIG00000029528	0	0	0
ENSONIG00000029529	1	2	24
ENSONIG00000029530	2	0	1
ENSONIG00000029531	0	0	0
ENSONIG00000029532	1	0	2
ENSONIG00000029533	0	1	2
ENSONIG00000029534	0	0	0
ENSONIG00000029535	0	0	0
ENSONIG00000029536	0	0	0
ENSONIG00000029537	0	1	0
ENSONIG00000029538	0	0	0
ENSONIG00000029539	0	0	0
ENSONIG00000029540	8	6	11
ENSONIG00000029541	0	0	2
ENSONIG00000029542	0	0	0
ENSONIG00000029543	0	0	0
ENSONIG00000029544	0	0	0
ENSONIG00000029545	0	0	0
ENSONIG00000029546	0	0	0
ENSONIG00000029547	0	0	0
ENSONIG00000029548	0	0	0
ENSONIG00000029549	0	0	0
ENSONIG00000029550	2	0	8
ENSONIG00000029551	1	4	21
ENSONIG00000029552	0	0	0
ENSONIG00000029553	0	3	4
ENSONIG00000029554	0	0	3
ENSONIG00000029555	0	0	0
ENSONIG00000029556	0	0	0
ENSONIG00000029557	0	2	33
ENSONIG00000029558	3	2	3
ENSONIG00000029559	0	3	0
ENSONIG00000029560	19	3	16
ENSONIG00000029561	0	0	0
ENSONIG00000029562	1	0	1
ENSONIG00000029563	0	0	0
ENSONIG00000029564	0	0	7
ENSONIG00000029565	0	0	32
ENSONIG00000029566	3	0	13
ENSONIG00000029567	0	0	0
ENSONIG00000029568	0	3	5
ENSONIG00000029569	1	1	0
ENSONIG00000029570	2	0	1
ENSONIG00000029571	0	0	4
ENSONIG00000029572	0	0	0
ENSONIG00000029573	2	0	0
ENSONIG00000029574	0	0	0
ENSONIG00000029575	0	0	0
ENSONIG00000029576	0	0	0
ENSONIG00000029577	2	0	1
ENSONIG00000029578	0	0	0
ENSONIG00000029579	0	0	0
ENSONIG00000029580	0	0	0
ENSONIG00000029581	0	0	3
ENSONIG00000029582	0	1	6
ENSONIG00000029583	0	0	2
ENSONIG00000029584	7	2	1
ENSONIG00000029585	0	0	0
ENSONIG00000029586	0	0	0
ENSONIG00000029587	0	0	0
ENSONIG00000029588	0	0	1
ENSONIG00000029589	0	0	8
ENSONIG00000029590	0	0	0
ENSONIG00000029591	0	1	0
ENSONIG00000029592	0	0	0
ENSONIG00000029593	0	1	2
ENSONIG00000029594	0	0	0
ENSONIG00000029595	0	0	0
ENSONIG00000029596	4	4	10
ENSONIG00000029597	0	1	1
ENSONIG00000029598	0	0	0
ENSONIG00000029599	0	0	1
ENSONIG00000029600	0	0	2
ENSONIG00000029601	0	0	0
ENSONIG00000029602	0	0	0
ENSONIG00000029603	0	0	0
ENSONIG00000029604	0	0	0
ENSONIG00000029605	0	0	0
ENSONIG00000029606	5	1	2
ENSONIG00000029607	5	8	15
ENSONIG00000029608	0	0	0
ENSONIG00000029609	3	0	0
ENSONIG00000029610	0	0	0
ENSONIG00000029611	0	1	0
ENSONIG00000029612	23	11	56
ENSONIG00000029613	0	0	0
ENSONIG00000029614	0	0	0
ENSONIG00000029615	0	0	1
ENSONIG00000029616	0	2	0
ENSONIG00000029617	2	0	2
ENSONIG00000029618	2	0	5
ENSONIG00000029619	0	0	0
ENSONIG00000029620	0	0	0
ENSONIG00000029621	0	0	0
ENSONIG00000029622	0	0	0
ENSONIG00000029623	0	0	0
ENSONIG00000029624	0	0	0
ENSONIG00000029625	0	0	0
ENSONIG00000029626	0	0	5
ENSONIG00000029627	0	0	4
ENSONIG00000029628	0	0	1
ENSONIG00000029629	2	0	0
ENSONIG00000029630	0	0	0
ENSONIG00000029631	1	0	56
ENSONIG00000029632	0	0	0
ENSONIG00000029633	20	6	54
ENSONIG00000029634	0	0	0
ENSONIG00000029635	0	0	10
ENSONIG00000029636	0	0	0
ENSONIG00000029637	0	0	0
ENSONIG00000029638	22	19	156
ENSONIG00000029639	0	0	12
ENSONIG00000029640	0	0	0
ENSONIG00000029641	0	0	0
ENSONIG00000029642	1	0	0
ENSONIG00000029643	3	3	26
ENSONIG00000029644	0	0	15
ENSONIG00000029645	0	0	0
ENSONIG00000029646	0	0	0
ENSONIG00000029647	1	0	0
ENSONIG00000029648	0	1	0
ENSONIG00000029649	0	2	15
ENSONIG00000029650	0	0	0
ENSONIG00000029651	0	0	0
ENSONIG00000029652	2	0	0
ENSONIG00000029653	41	27	192
ENSONIG00000029654	0	0	0
ENSONIG00000029655	0	0	0
ENSONIG00000029656	0	0	0
ENSONIG00000029657	0	0	0
ENSONIG00000029658	3	0	0
ENSONIG00000029659	0	0	2
ENSONIG00000029660	0	0	0
ENSONIG00000029661	0	0	0
ENSONIG00000029662	0	0	0
ENSONIG00000029663	0	3	0
ENSONIG00000029664	0	0	46
ENSONIG00000029665	0	0	3
ENSONIG00000029666	0	0	4
ENSONIG00000029667	0	0	0
ENSONIG00000029668	0	0	0
ENSONIG00000029669	0	0	0
ENSONIG00000029670	0	0	0
ENSONIG00000029671	1	5	4
ENSONIG00000029672	13	0	3
ENSONIG00000029673	0	0	0
ENSONIG00000029674	0	0	0
ENSONIG00000029675	0	0	0
ENSONIG00000029676	1	0	0
ENSONIG00000029677	2	2	28
ENSONIG00000029678	1	0	0
ENSONIG00000029679	0	0	0
ENSONIG00000029680	0	0	0
ENSONIG00000029681	0	0	0
ENSONIG00000029682	1	2	15
ENSONIG00000029683	2	0	0
ENSONIG00000029684	0	0	0
ENSONIG00000029685	0	0	2
ENSONIG00000029686	0	0	0
ENSONIG00000029687	0	2	1
ENSONIG00000029688	0	0	0
ENSONIG00000029689	0	0	0
ENSONIG00000029690	0	0	0
ENSONIG00000029691	2	0	1
ENSONIG00000029692	0	0	0
ENSONIG00000029693	2	0	4
ENSONIG00000029694	1	0	0
ENSONIG00000029695	0	0	0
ENSONIG00000029696	0	0	3
ENSONIG00000029697	0	1	0
ENSONIG00000029698	0	0	0
ENSONIG00000029699	0	0	0
ENSONIG00000029700	0	0	0
ENSONIG00000029701	4	2	25
ENSONIG00000029702	0	0	1
ENSONIG00000029703	0	0	0
ENSONIG00000029704	0	0	0
ENSONIG00000029705	0	1	0
ENSONIG00000029706	0	0	0
ENSONIG00000029707	0	0	0
ENSONIG00000029708	0	0	0
ENSONIG00000029709	9	17	184
ENSONIG00000029710	22	4	4
ENSONIG00000029711	0	6	88
ENSONIG00000029712	0	0	0
ENSONIG00000029713	0	0	2
ENSONIG00000029714	0	1	0
ENSONIG00000029715	0	0	0
ENSONIG00000029716	0	0	0
ENSONIG00000029717	0	0	0
ENSONIG00000029718	34	5	0
ENSONIG00000029719	0	0	2
ENSONIG00000029720	3	1	0
ENSONIG00000029721	2	0	6
ENSONIG00000029722	0	0	0
ENSONIG00000029723	5	6	31
ENSONIG00000029724	0	0	0
ENSONIG00000029725	0	0	0
ENSONIG00000029726	2	0	3
ENSONIG00000029727	0	0	0
ENSONIG00000029728	0	0	0
ENSONIG00000029729	0	0	0
ENSONIG00000029730	12	0	5
ENSONIG00000029731	0	0	1
ENSONIG00000029732	0	0	0
ENSONIG00000029733	0	0	0
ENSONIG00000029734	0	0	0
ENSONIG00000029735	0	0	0
ENSONIG00000029736	0	0	8
ENSONIG00000029737	1	0	14
ENSONIG00000029738	1	1	11
ENSONIG00000029739	0	0	0
ENSONIG00000029740	0	0	0
ENSONIG00000029741	0	0	0
ENSONIG00000029742	8	0	0
ENSONIG00000029743	3	2	38
ENSONIG00000029744	1	4	15
ENSONIG00000029745	0	0	0
ENSONIG00000029746	0	0	0
ENSONIG00000029747	0	0	0
ENSONIG00000029748	0	0	3
ENSONIG00000029749	1	2	5
ENSONIG00000029750	362	301	458
ENSONIG00000029751	1	2	8
ENSONIG00000029752	0	0	0
ENSONIG00000029753	0	0	0
ENSONIG00000029754	1	2	128
ENSONIG00000029755	1	0	0
ENSONIG00000029756	0	0	0
ENSONIG00000029757	0	0	0
ENSONIG00000029758	39	103	131
ENSONIG00000029759	0	0	24
ENSONIG00000029760	0	0	0
ENSONIG00000029761	0	0	11
ENSONIG00000029762	0	0	0
ENSONIG00000029763	0	0	5
ENSONIG00000029764	0	0	0
ENSONIG00000029765	0	0	0
ENSONIG00000029766	0	0	0
ENSONIG00000029767	0	0	0
ENSONIG00000029768	0	0	0
ENSONIG00000029769	2	0	7
ENSONIG00000029770	0	0	0
ENSONIG00000029771	36	17	18
ENSONIG00000029772	2	0	0
ENSONIG00000029773	3	1	0
ENSONIG00000029774	0	0	0
ENSONIG00000029775	0	0	0
ENSONIG00000029776	9	12	28
ENSONIG00000029777	3	3	20
ENSONIG00000029778	0	0	0
ENSONIG00000029779	0	0	0
ENSONIG00000029780	0	0	0
ENSONIG00000029781	0	0	0
ENSONIG00000029782	0	8	5
ENSONIG00000029783	0	0	0
ENSONIG00000029784	0	0	0
ENSONIG00000029785	1	0	4
ENSONIG00000029786	13	1	3
ENSONIG00000029787	1	1	5
ENSONIG00000029788	0	0	1
ENSONIG00000029789	0	0	0
ENSONIG00000029790	1	0	0
ENSONIG00000029791	0	0	0
ENSONIG00000029792	0	0	2
ENSONIG00000029793	27	0	0
ENSONIG00000029794	0	0	0
ENSONIG00000029795	52	5	92
ENSONIG00000029796	0	0	1
ENSONIG00000029797	4	0	5
ENSONIG00000029798	0	0	0
ENSONIG00000029799	0	0	0
ENSONIG00000029800	0	0	0
ENSONIG00000029801	0	0	0
ENSONIG00000029802	0	0	2
ENSONIG00000029803	0	0	0
ENSONIG00000029804	0	3	0
ENSONIG00000029805	0	0	0
ENSONIG00000029806	4	1	25
ENSONIG00000029807	0	0	0
ENSONIG00000029808	1	0	0
ENSONIG00000029809	0	0	0
ENSONIG00000029810	0	0	0
ENSONIG00000029811	0	0	0
ENSONIG00000029812	0	1	0
ENSONIG00000029813	0	0	0
ENSONIG00000029814	0	1	0
ENSONIG00000029815	0	0	3
ENSONIG00000029816	0	0	0
ENSONIG00000029817	0	0	9
ENSONIG00000029818	0	0	32
ENSONIG00000029819	0	0	0
ENSONIG00000029820	0	0	0
ENSONIG00000029821	2	1	4
ENSONIG00000029822	24	8	2
ENSONIG00000029823	0	0	0
ENSONIG00000029824	0	0	3
ENSONIG00000029825	0	0	0
ENSONIG00000029826	0	0	0
ENSONIG00000029827	0	0	0
ENSONIG00000029828	0	0	0
ENSONIG00000029829	0	0	0
ENSONIG00000029830	0	0	0
ENSONIG00000029831	32	9	42
ENSONIG00000029832	0	0	0
ENSONIG00000029833	0	0	0
ENSONIG00000029834	0	0	0
ENSONIG00000029835	0	0	0
ENSONIG00000029836	0	0	0
ENSONIG00000029837	15	1	218
ENSONIG00000029838	0	0	0
ENSONIG00000029839	0	0	0
ENSONIG00000029840	0	0	0
ENSONIG00000029841	43	3	14
ENSONIG00000029842	1	0	0
ENSONIG00000029843	0	0	0
ENSONIG00000029844	0	1	4
ENSONIG00000029845	1	0	0
ENSONIG00000029846	13	0	2
ENSONIG00000029847	0	0	0
ENSONIG00000029848	0	1	0
ENSONIG00000029849	0	0	0
ENSONIG00000029850	0	0	1
ENSONIG00000029851	0	0	0
ENSONIG00000029852	0	0	0
ENSONIG00000029853	0	0	0
ENSONIG00000029854	5	0	1
ENSONIG00000029855	0	0	0
ENSONIG00000029856	0	0	0
ENSONIG00000029857	0	0	0
ENSONIG00000029858	0	0	0
ENSONIG00000029859	0	13	53
ENSONIG00000029860	0	5	0
ENSONIG00000029861	0	0	0
ENSONIG00000029862	0	0	1
ENSONIG00000029863	0	0	0
ENSONIG00000029864	0	0	0
ENSONIG00000029865	0	0	0
ENSONIG00000029866	0	0	0
ENSONIG00000029867	1	0	2
ENSONIG00000029868	59	0	0
ENSONIG00000029869	0	0	0
ENSONIG00000029870	0	0	1
ENSONIG00000029871	78	191	391
ENSONIG00000029872	0	0	0
ENSONIG00000029873	0	0	0
ENSONIG00000029874	0	0	2
ENSONIG00000029875	0	0	0
ENSONIG00000029876	0	0	0
ENSONIG00000029877	0	0	0
ENSONIG00000029878	0	0	0
ENSONIG00000029879	0	0	0
ENSONIG00000029880	0	0	0
ENSONIG00000029881	0	0	0
ENSONIG00000029882	0	0	1
ENSONIG00000029883	3	0	36
ENSONIG00000029884	0	2	1
ENSONIG00000029885	2	0	0
ENSONIG00000029886	0	0	0
ENSONIG00000029887	3	0	0
ENSONIG00000029888	24	89	207
ENSONIG00000029889	34	60	107
ENSONIG00000029890	0	0	0
ENSONIG00000029891	0	0	0
ENSONIG00000029892	2	0	4
ENSONIG00000029893	0	0	0
ENSONIG00000029894	0	0	0
ENSONIG00000029895	1	0	0
ENSONIG00000029896	0	0	0
ENSONIG00000029897	0	0	1
ENSONIG00000029898	0	0	0
ENSONIG00000029899	2	0	2
ENSONIG00000029900	0	0	0
ENSONIG00000029901	0	1	0
ENSONIG00000029902	2	1	10
ENSONIG00000029903	0	0	1
ENSONIG00000029904	0	1	4
ENSONIG00000029905	0	1	4
ENSONIG00000029906	0	0	0
ENSONIG00000029907	0	0	0
ENSONIG00000029908	3	0	6
ENSONIG00000029909	0	0	2
ENSONIG00000029910	0	0	0
ENSONIG00000029911	0	0	0
ENSONIG00000029912	0	1	0
ENSONIG00000029913	0	0	0
ENSONIG00000029914	12	0	2
ENSONIG00000029915	0	0	0
ENSONIG00000029916	1	26	38
ENSONIG00000029917	3	11	7
ENSONIG00000029918	4	1	34
ENSONIG00000029919	0	0	0
ENSONIG00000029920	0	0	0
ENSONIG00000029921	0	0	0
ENSONIG00000029922	0	0	0
ENSONIG00000029923	9	9	77
ENSONIG00000029924	2	1	0
ENSONIG00000029925	0	0	0
ENSONIG00000029926	0	0	0
ENSONIG00000029927	0	0	1
ENSONIG00000029928	0	0	0
ENSONIG00000029929	0	2	3
ENSONIG00000029930	0	0	0
ENSONIG00000029931	0	0	0
ENSONIG00000029932	0	0	5
ENSONIG00000029933	0	0	0
ENSONIG00000029934	1	1	0
ENSONIG00000029935	0	0	0
ENSONIG00000029936	0	0	0
ENSONIG00000029937	0	0	35
ENSONIG00000029938	1	0	0
ENSONIG00000029939	0	1	1
ENSONIG00000029940	0	0	0
ENSONIG00000029941	1	0	0
ENSONIG00000029942	0	1	0
ENSONIG00000029943	0	0	2
ENSONIG00000029944	0	0	0
ENSONIG00000029945	0	0	0
ENSONIG00000029946	0	7	0
ENSONIG00000029947	3	6	50
ENSONIG00000029948	9	1	4
ENSONIG00000029949	0	1	0
ENSONIG00000029950	0	1	1
ENSONIG00000029951	0	0	0
ENSONIG00000029952	0	0	8
ENSONIG00000029953	4	0	14
ENSONIG00000029954	0	0	6
ENSONIG00000029955	2	16	7
ENSONIG00000029956	0	0	0
ENSONIG00000029957	0	0	0
ENSONIG00000029958	0	0	0
ENSONIG00000029959	17	4	43
ENSONIG00000029960	0	0	0
ENSONIG00000029961	1	2	7
ENSONIG00000029962	0	0	0
ENSONIG00000029963	8	13	28
ENSONIG00000029964	8	10	4
ENSONIG00000029965	0	0	0
ENSONIG00000029966	1	5	21
ENSONIG00000029967	0	0	1
ENSONIG00000029968	0	0	0
ENSONIG00000029969	0	0	0
ENSONIG00000029970	0	0	0
ENSONIG00000029971	0	0	0
ENSONIG00000029972	0	0	0
ENSONIG00000029973	0	0	0
ENSONIG00000029974	0	0	0
ENSONIG00000029975	0	0	1
ENSONIG00000029976	0	0	0
ENSONIG00000029977	4	1	13
ENSONIG00000029978	3	2	12
ENSONIG00000029979	1	0	0
ENSONIG00000029980	0	0	0
ENSONIG00000029981	0	0	0
ENSONIG00000029982	11	16	41
ENSONIG00000029983	0	0	0
ENSONIG00000029984	0	0	23
ENSONIG00000029985	0	0	0
ENSONIG00000029986	1	2	0
ENSONIG00000029987	1	0	1
ENSONIG00000029988	0	0	1
ENSONIG00000029989	0	0	0
ENSONIG00000029990	0	0	0
ENSONIG00000029991	0	0	5
ENSONIG00000029992	0	0	0
ENSONIG00000029993	0	0	0
ENSONIG00000029994	0	0	0
ENSONIG00000029995	6	7	9
ENSONIG00000029996	1	7	143
ENSONIG00000029997	0	0	0
ENSONIG00000029998	0	0	0
ENSONIG00000029999	2	0	0
ENSONIG00000030000	0	0	0
ENSONIG00000030001	0	0	0
ENSONIG00000030002	1	1	5
ENSONIG00000030003	1	0	0
ENSONIG00000030004	0	0	0
ENSONIG00000030005	0	0	0
ENSONIG00000030006	0	0	0
ENSONIG00000030007	6	0	0
ENSONIG00000030008	0	0	0
ENSONIG00000030009	0	0	0
ENSONIG00000030010	1	0	8
ENSONIG00000030011	0	0	0
ENSONIG00000030012	0	0	0
ENSONIG00000030013	0	0	0
ENSONIG00000030014	0	0	41
ENSONIG00000030015	0	0	0
ENSONIG00000030016	0	0	0
ENSONIG00000030017	0	0	0
ENSONIG00000030018	0	0	5
ENSONIG00000030019	0	0	0
ENSONIG00000030020	0	1	0
ENSONIG00000030021	3	1	22
ENSONIG00000030022	3	4	3
ENSONIG00000030023	0	4	23
ENSONIG00000030024	0	0	0
ENSONIG00000030025	0	1	0
ENSONIG00000030026	0	0	0
ENSONIG00000030027	0	0	0
ENSONIG00000030028	0	0	0
ENSONIG00000030029	0	0	0
ENSONIG00000030030	0	0	0
ENSONIG00000030031	0	0	0
ENSONIG00000030032	0	0	0
ENSONIG00000030033	0	0	0
ENSONIG00000030034	1	0	69
ENSONIG00000030035	0	9	77
ENSONIG00000030036	4	1	3
ENSONIG00000030037	1	0	12
ENSONIG00000030038	0	0	31
ENSONIG00000030039	121	3	53
ENSONIG00000030040	0	0	12
ENSONIG00000030041	0	0	1
ENSONIG00000030042	0	0	0
ENSONIG00000030043	0	0	0
ENSONIG00000030044	0	0	1
ENSONIG00000030045	0	0	0
ENSONIG00000030046	0	0	1
ENSONIG00000030047	0	0	0
ENSONIG00000030048	0	1	1
ENSONIG00000030049	0	0	0
ENSONIG00000030050	0	0	2
ENSONIG00000030051	0	0	0
ENSONIG00000030052	0	0	0
ENSONIG00000030053	1	0	0
ENSONIG00000030054	50	0	2
ENSONIG00000030055	0	0	0
ENSONIG00000030056	0	0	0
ENSONIG00000030057	0	0	134
ENSONIG00000030058	0	2	0
ENSONIG00000030059	0	0	1
ENSONIG00000030060	4	0	0
ENSONIG00000030061	0	0	0
ENSONIG00000030062	0	0	0
ENSONIG00000030063	0	0	0
ENSONIG00000030064	0	0	0
ENSONIG00000030065	0	0	0
ENSONIG00000030066	0	0	0
ENSONIG00000030067	3	0	0
ENSONIG00000030068	0	3	0
ENSONIG00000030069	0	0	0
ENSONIG00000030070	0	0	0
ENSONIG00000030071	0	0	1
ENSONIG00000030072	0	0	0
ENSONIG00000030073	0	0	0
ENSONIG00000030074	3	18	3
ENSONIG00000030075	0	0	0
ENSONIG00000030076	2	0	0
ENSONIG00000030077	2	0	16
ENSONIG00000030078	0	0	0
ENSONIG00000030079	0	0	0
ENSONIG00000030080	4	4	9
ENSONIG00000030081	0	0	0
ENSONIG00000030082	0	0	0
ENSONIG00000030083	0	0	0
ENSONIG00000030084	0	0	0
ENSONIG00000030085	0	0	0
ENSONIG00000030086	8	2	6
ENSONIG00000030087	0	0	0
ENSONIG00000030088	0	0	0
ENSONIG00000030089	2	0	4
ENSONIG00000030090	0	0	0
ENSONIG00000030091	0	0	0
ENSONIG00000030092	5	1	10
ENSONIG00000030093	0	2	0
ENSONIG00000030094	0	0	0
ENSONIG00000030095	0	0	1
ENSONIG00000030096	0	0	0
ENSONIG00000030097	0	0	0
ENSONIG00000030098	0	0	0
ENSONIG00000030099	0	0	0
ENSONIG00000030100	0	0	0
ENSONIG00000030101	0	0	0
ENSONIG00000030102	11	5	3
ENSONIG00000030103	2	0	4
ENSONIG00000030104	0	0	0
ENSONIG00000030105	0	0	0
ENSONIG00000030106	0	0	0
ENSONIG00000030107	0	3	0
ENSONIG00000030108	7	2	22
ENSONIG00000030109	0	0	10
ENSONIG00000030110	4	0	5
ENSONIG00000030111	0	1	0
ENSONIG00000030112	2	0	2
ENSONIG00000030113	0	0	2
ENSONIG00000030114	1	0	0
ENSONIG00000030115	0	0	0
ENSONIG00000030116	0	0	0
ENSONIG00000030117	0	0	0
ENSONIG00000030118	1	0	0
ENSONIG00000030119	0	0	0
ENSONIG00000030120	0	0	18
ENSONIG00000030121	0	0	1
ENSONIG00000030122	7	0	0
ENSONIG00000030123	0	0	0
ENSONIG00000030124	0	0	0
ENSONIG00000030125	0	0	0
ENSONIG00000030126	1	0	0
ENSONIG00000030127	7	1	1
ENSONIG00000030128	0	0	1
ENSONIG00000030129	2	1	11
ENSONIG00000030130	0	0	0
ENSONIG00000030131	0	0	0
ENSONIG00000030132	1	0	1
ENSONIG00000030133	0	0	1
ENSONIG00000030134	0	0	0
ENSONIG00000030135	0	0	1
ENSONIG00000030136	1	0	0
ENSONIG00000030137	1	0	0
ENSONIG00000030138	0	0	0
ENSONIG00000030139	0	0	0
ENSONIG00000030140	0	1	7
ENSONIG00000030141	0	0	0
ENSONIG00000030142	1	1	14
ENSONIG00000030143	108	1	34
ENSONIG00000030144	0	0	0
ENSONIG00000030145	0	0	0
ENSONIG00000030146	9	3	6
ENSONIG00000030147	0	2	5
ENSONIG00000030148	6	0	0
ENSONIG00000030149	0	0	0
ENSONIG00000030150	1	0	0
ENSONIG00000030151	3	2	5
ENSONIG00000030152	0	0	0
ENSONIG00000030153	38	1	7
ENSONIG00000030154	0	8	6
ENSONIG00000030155	0	0	0
ENSONIG00000030156	0	0	0
ENSONIG00000030157	1	0	1
ENSONIG00000030158	10	1	21
ENSONIG00000030159	1	20	23
ENSONIG00000030160	0	2	1
ENSONIG00000030161	0	0	0
ENSONIG00000030162	0	0	0
ENSONIG00000030163	0	0	0
ENSONIG00000030164	0	0	0
ENSONIG00000030165	0	0	0
ENSONIG00000030166	2	3	25
ENSONIG00000030167	0	0	0
ENSONIG00000030168	0	0	0
ENSONIG00000030169	1	0	1
ENSONIG00000030170	0	0	0
ENSONIG00000030171	0	0	0
ENSONIG00000030172	0	0	0
ENSONIG00000030173	0	0	0
ENSONIG00000030174	0	0	0
ENSONIG00000030175	0	0	0
ENSONIG00000030176	0	0	0
ENSONIG00000030177	0	1	0
ENSONIG00000030178	0	0	0
ENSONIG00000030179	84	1	11
ENSONIG00000030180	0	0	0
ENSONIG00000030181	0	0	0
ENSONIG00000030182	0	0	0
ENSONIG00000030183	187	140	207
ENSONIG00000030184	0	0	0
ENSONIG00000030185	7	45	394
ENSONIG00000030186	0	0	0
ENSONIG00000030187	1	0	44
ENSONIG00000030188	8	1	8
ENSONIG00000030189	0	0	0
ENSONIG00000030190	2	0	0
ENSONIG00000030191	0	0	0
ENSONIG00000030192	0	0	15
ENSONIG00000030193	3	0	1
ENSONIG00000030194	0	0	0
ENSONIG00000030195	0	0	0
ENSONIG00000030196	3	1	18
ENSONIG00000030197	0	0	0
ENSONIG00000030198	0	0	0
ENSONIG00000030199	0	0	0
ENSONIG00000030200	0	0	0
ENSONIG00000030201	0	0	106
ENSONIG00000030202	0	0	61
ENSONIG00000030203	0	1	0
ENSONIG00000030204	0	0	0
ENSONIG00000030205	0	0	0
ENSONIG00000030206	2	21	29
ENSONIG00000030207	0	0	0
ENSONIG00000030208	0	0	0
ENSONIG00000030209	2	0	9
ENSONIG00000030210	0	0	0
ENSONIG00000030211	0	0	0
ENSONIG00000030212	11	11	13
ENSONIG00000030213	0	0	0
ENSONIG00000030214	0	0	0
ENSONIG00000030215	3	3	62
ENSONIG00000030216	0	0	0
ENSONIG00000030217	0	0	0
ENSONIG00000030218	0	0	0
ENSONIG00000030219	2	0	0
ENSONIG00000030220	0	0	0
ENSONIG00000030221	0	0	3
ENSONIG00000030222	0	0	0
ENSONIG00000030223	0	0	0
ENSONIG00000030224	0	0	0
ENSONIG00000030225	0	0	1
ENSONIG00000030226	0	0	0
ENSONIG00000030227	0	0	0
ENSONIG00000030228	0	0	1
ENSONIG00000030229	0	0	0
ENSONIG00000030230	0	0	0
ENSONIG00000030231	0	1	4
ENSONIG00000030232	0	1	0
ENSONIG00000030233	0	0	0
ENSONIG00000030234	1	0	20
ENSONIG00000030235	0	0	0
ENSONIG00000030236	24	0	8
ENSONIG00000030237	0	0	1
ENSONIG00000030238	0	0	1
ENSONIG00000030239	5	11	12
ENSONIG00000030240	0	0	0
ENSONIG00000030241	0	0	0
ENSONIG00000030242	0	0	0
ENSONIG00000030243	0	0	0
ENSONIG00000030244	0	0	0
ENSONIG00000030245	0	0	0
ENSONIG00000030246	0	0	0
ENSONIG00000030247	0	0	0
ENSONIG00000030248	7386	597	323
ENSONIG00000030249	0	0	8
ENSONIG00000030250	1	3	0
ENSONIG00000030251	0	0	0
ENSONIG00000030252	2	2	42
ENSONIG00000030253	386	168	111
ENSONIG00000030254	0	0	2
ENSONIG00000030255	0	0	0
ENSONIG00000030256	3	1	0
ENSONIG00000030257	0	0	0
ENSONIG00000030258	0	0	0
ENSONIG00000030259	0	0	0
ENSONIG00000030260	0	0	0
ENSONIG00000030261	0	0	0
ENSONIG00000030262	0	0	0
ENSONIG00000030263	0	0	0
ENSONIG00000030264	0	0	0
ENSONIG00000030265	9	9	44
ENSONIG00000030266	0	0	0
ENSONIG00000030267	18	2	7
ENSONIG00000030268	0	0	0
ENSONIG00000030269	0	0	0
ENSONIG00000030270	0	1	1
ENSONIG00000030271	0	0	1
ENSONIG00000030272	0	0	0
ENSONIG00000030273	0	0	0
ENSONIG00000030274	30	11	89
ENSONIG00000030275	0	0	0
ENSONIG00000030276	0	2	8
ENSONIG00000030277	0	0	0
ENSONIG00000030278	0	0	0
ENSONIG00000030279	0	2	0
ENSONIG00000030280	42	9	32
ENSONIG00000030281	0	0	2
ENSONIG00000030282	2	0	1
ENSONIG00000030283	0	1	0
ENSONIG00000030284	0	2	0
ENSONIG00000030285	0	0	1
ENSONIG00000030286	0	0	0
ENSONIG00000030287	0	0	0
ENSONIG00000030288	2	3	6
ENSONIG00000030289	0	0	0
ENSONIG00000030290	6	1	13
ENSONIG00000030291	1	7	8
ENSONIG00000030292	0	0	0
ENSONIG00000030293	0	0	0
ENSONIG00000030294	0	0	0
ENSONIG00000030295	0	0	0
ENSONIG00000030296	0	0	0
ENSONIG00000030297	20	24	37
ENSONIG00000030298	0	0	0
ENSONIG00000030299	0	1	0
ENSONIG00000030300	0	0	0
ENSONIG00000030301	0	0	1
ENSONIG00000030302	0	0	0
ENSONIG00000030303	0	0	0
ENSONIG00000030304	14	0	7
ENSONIG00000030305	0	0	0
ENSONIG00000030306	1	2	125
ENSONIG00000030307	8	0	109
ENSONIG00000030308	0	0	0
ENSONIG00000030309	0	0	0
ENSONIG00000030310	0	0	0
ENSONIG00000030311	2	4	13
ENSONIG00000030312	0	0	0
ENSONIG00000030313	0	2	62
ENSONIG00000030314	0	0	0
ENSONIG00000030315	3	2	3
ENSONIG00000030316	0	0	0
ENSONIG00000030317	0	0	20
ENSONIG00000030318	0	0	0
ENSONIG00000030319	1	0	2
ENSONIG00000030320	0	0	11
ENSONIG00000030321	0	0	0
ENSONIG00000030322	0	0	1
ENSONIG00000030323	0	0	0
ENSONIG00000030324	2	0	0
ENSONIG00000030325	0	0	0
ENSONIG00000030326	0	1	3
ENSONIG00000030327	0	0	0
ENSONIG00000030328	0	0	0
ENSONIG00000030329	0	0	0
ENSONIG00000030330	2	6	1
ENSONIG00000030331	1	2	2
ENSONIG00000030332	0	2	1
ENSONIG00000030333	27	5	114
ENSONIG00000030334	0	0	2
ENSONIG00000030335	0	0	0
ENSONIG00000030336	0	0	1
ENSONIG00000030337	0	0	0
ENSONIG00000030338	0	0	0
ENSONIG00000030339	0	3	13
ENSONIG00000030340	4	0	0
ENSONIG00000030341	3	0	3
ENSONIG00000030342	93	56	52
ENSONIG00000030343	3	1	3
ENSONIG00000030344	0	0	0
ENSONIG00000030345	0	0	0
ENSONIG00000030346	0	0	0
ENSONIG00000030347	0	0	0
ENSONIG00000030348	20	18	776
ENSONIG00000030349	0	0	0
ENSONIG00000030350	0	0	0
ENSONIG00000030351	0	3	36
ENSONIG00000030352	0	0	0
ENSONIG00000030353	0	0	0
ENSONIG00000030354	0	0	1
ENSONIG00000030355	0	0	0
ENSONIG00000030356	2	3	16
ENSONIG00000030357	0	0	0
ENSONIG00000030358	0	0	0
ENSONIG00000030359	0	0	0
ENSONIG00000030360	0	0	0
ENSONIG00000030361	0	0	0
ENSONIG00000030362	10	24	12
ENSONIG00000030363	0	0	1
ENSONIG00000030364	0	0	0
ENSONIG00000030365	2	0	1
ENSONIG00000030366	0	0	0
ENSONIG00000030367	0	0	0
ENSONIG00000030368	340	165	178
ENSONIG00000030369	4	2	17
ENSONIG00000030370	1	0	17
ENSONIG00000030371	0	0	0
ENSONIG00000030372	0	0	0
ENSONIG00000030373	0	3	0
ENSONIG00000030374	0	1	4
ENSONIG00000030375	0	1	0
ENSONIG00000030376	0	0	0
ENSONIG00000030377	1	0	0
ENSONIG00000030378	0	1	4
ENSONIG00000030379	2	4	1
ENSONIG00000030380	0	0	0
ENSONIG00000030381	1	0	3
ENSONIG00000030382	0	2	17
ENSONIG00000030383	0	0	0
ENSONIG00000030384	8	1	4
ENSONIG00000030385	0	0	0
ENSONIG00000030386	0	0	0
ENSONIG00000030387	0	0	0
ENSONIG00000030388	6	0	14
ENSONIG00000030389	0	0	1
ENSONIG00000030390	0	0	0
ENSONIG00000030391	0	0	0
ENSONIG00000030392	1	0	4
ENSONIG00000030393	1	0	0
ENSONIG00000030394	0	0	0
ENSONIG00000030395	0	0	0
ENSONIG00000030396	0	0	0
ENSONIG00000030397	0	0	0
ENSONIG00000030398	0	0	0
ENSONIG00000030399	0	0	1
ENSONIG00000030400	0	0	0
ENSONIG00000030401	0	0	1
ENSONIG00000030402	1	0	1
ENSONIG00000030403	0	0	0
ENSONIG00000030404	0	0	0
ENSONIG00000030405	0	0	0
ENSONIG00000030406	0	0	0
ENSONIG00000030407	6	2	41
ENSONIG00000030408	0	0	0
ENSONIG00000030409	0	0	6
ENSONIG00000030410	0	0	0
ENSONIG00000030411	0	0	0
ENSONIG00000030412	0	1	0
ENSONIG00000030413	0	0	0
ENSONIG00000030414	0	0	0
ENSONIG00000030415	0	0	9
ENSONIG00000030416	11	1	19
ENSONIG00000030417	0	0	0
ENSONIG00000030418	19	3	5
ENSONIG00000030419	0	0	0
ENSONIG00000030420	0	3	19
ENSONIG00000030421	0	0	0
ENSONIG00000030422	0	0	0
ENSONIG00000030423	1	0	0
ENSONIG00000030424	0	0	0
ENSONIG00000030425	0	0	0
ENSONIG00000030426	507	497	617
ENSONIG00000030427	0	0	0
ENSONIG00000030428	0	0	0
ENSONIG00000030429	0	0	1
ENSONIG00000030430	0	0	0
ENSONIG00000030431	162	11	13
ENSONIG00000030432	0	1	80
ENSONIG00000030433	2	0	25
ENSONIG00000030434	0	0	0
ENSONIG00000030435	0	0	0
ENSONIG00000030436	9	5	963
ENSONIG00000030437	0	0	2
ENSONIG00000030438	0	0	0
ENSONIG00000030439	0	0	0
ENSONIG00000030440	0	0	0
ENSONIG00000030441	0	0	0
ENSONIG00000030442	3	17	33
ENSONIG00000030443	0	0	0
ENSONIG00000030444	0	0	0
ENSONIG00000030445	0	0	0
ENSONIG00000030446	0	0	0
ENSONIG00000030447	0	0	0
ENSONIG00000030448	0	0	2
ENSONIG00000030449	0	0	0
ENSONIG00000030450	63	6	7
ENSONIG00000030451	0	0	0
ENSONIG00000030452	0	0	0
ENSONIG00000030453	0	0	0
ENSONIG00000030454	0	0	0
ENSONIG00000030455	0	0	1
ENSONIG00000030456	1	0	9
ENSONIG00000030457	6	1	8
ENSONIG00000030458	0	0	0
ENSONIG00000030459	0	0	0
ENSONIG00000030460	0	0	0
ENSONIG00000030461	0	0	0
ENSONIG00000030462	34	7	2
ENSONIG00000030463	0	0	0
ENSONIG00000030464	3	0	0
ENSONIG00000030465	0	0	0
ENSONIG00000030466	0	0	0
ENSONIG00000030467	0	1	0
ENSONIG00000030468	0	0	5
ENSONIG00000030469	2	0	0
ENSONIG00000030470	0	0	0
ENSONIG00000030471	0	0	0
ENSONIG00000030472	0	0	0
ENSONIG00000030473	295	137	307
ENSONIG00000030474	0	0	0
ENSONIG00000030475	0	0	0
ENSONIG00000030476	0	0	0
ENSONIG00000030477	1	0	2
ENSONIG00000030478	1	0	0
ENSONIG00000030479	1	0	42
ENSONIG00000030480	0	0	4
ENSONIG00000030481	0	0	0
ENSONIG00000030482	1	0	0
ENSONIG00000030483	0	0	0
ENSONIG00000030484	111	3	1
ENSONIG00000030485	0	0	0
ENSONIG00000030486	0	0	0
ENSONIG00000030487	0	0	1
ENSONIG00000030489	0	0	0
ENSONIG00000030490	2	2	7
ENSONIG00000030491	0	0	0
ENSONIG00000030492	2	1	1
ENSONIG00000030493	0	2	43
ENSONIG00000030494	0	0	0
ENSONIG00000030495	0	0	0
ENSONIG00000030496	0	0	0
ENSONIG00000030497	2	1	0
ENSONIG00000030498	0	0	0
ENSONIG00000030499	17	5	190
ENSONIG00000030500	6	1	11
ENSONIG00000030501	0	0	0
ENSONIG00000030502	0	0	0
ENSONIG00000030503	0	0	0
ENSONIG00000030504	8	7	61
ENSONIG00000030505	0	0	0
ENSONIG00000030506	0	0	0
ENSONIG00000030507	4	0	0
ENSONIG00000030508	0	1	7
ENSONIG00000030509	0	0	9
ENSONIG00000030510	9	1	12
ENSONIG00000030511	6	4	34
ENSONIG00000030512	0	0	0
ENSONIG00000030513	1	0	0
ENSONIG00000030514	7	1	2
ENSONIG00000030515	0	0	2
ENSONIG00000030516	0	0	0
ENSONIG00000030517	0	0	0
ENSONIG00000030518	1	3	0
ENSONIG00000030519	0	0	1
ENSONIG00000030520	0	0	1
ENSONIG00000030521	0	0	0
ENSONIG00000030522	0	0	0
ENSONIG00000030523	0	0	0
ENSONIG00000030524	0	0	0
ENSONIG00000030525	0	0	0
ENSONIG00000030526	0	0	0
ENSONIG00000030527	0	0	0
ENSONIG00000030528	0	0	0
ENSONIG00000030529	0	0	0
ENSONIG00000030530	0	0	0
ENSONIG00000030531	2	0	3
ENSONIG00000030532	0	0	0
ENSONIG00000030533	0	0	0
ENSONIG00000030534	0	0	0
ENSONIG00000030535	0	0	0
ENSONIG00000030536	0	0	0
ENSONIG00000030537	0	0	0
ENSONIG00000030538	1	0	0
ENSONIG00000030539	0	0	0
ENSONIG00000030540	0	0	5
ENSONIG00000030541	0	0	10
ENSONIG00000030542	0	0	2
ENSONIG00000030543	0	0	0
ENSONIG00000030544	6	5	25
ENSONIG00000030545	0	0	0
ENSONIG00000030546	0	0	0
ENSONIG00000030547	3	1	10
ENSONIG00000030548	0	0	0
ENSONIG00000030549	0	1	5
ENSONIG00000030550	0	0	0
ENSONIG00000030551	1	0	0
ENSONIG00000030552	1211	932	1141
ENSONIG00000030553	0	0	0
ENSONIG00000030554	0	0	0
ENSONIG00000030555	0	0	0
ENSONIG00000030556	0	0	0
ENSONIG00000030557	0	10	1
ENSONIG00000030558	126	1	1
ENSONIG00000030559	0	0	41
ENSONIG00000030560	0	0	0
ENSONIG00000030561	0	0	0
ENSONIG00000030562	0	0	2
ENSONIG00000030563	5	1	0
ENSONIG00000030564	0	1	2
ENSONIG00000030565	0	0	0
ENSONIG00000030566	0	0	0
ENSONIG00000030567	0	5	56
ENSONIG00000030568	0	0	0
ENSONIG00000030569	1	0	24
ENSONIG00000030570	0	0	0
ENSONIG00000030571	0	0	22
ENSONIG00000030572	1	0	1
ENSONIG00000030573	0	2	8
ENSONIG00000030574	0	0	0
ENSONIG00000030575	0	0	0
ENSONIG00000030576	0	0	0
ENSONIG00000030577	0	0	0
ENSONIG00000030578	0	0	0
ENSONIG00000030579	0	0	0
ENSONIG00000030580	8	11	237
ENSONIG00000030581	2	0	6
ENSONIG00000030582	0	0	0
ENSONIG00000030583	0	0	0
ENSONIG00000030584	2	4	8
ENSONIG00000030585	1	0	0
ENSONIG00000030586	101	150	1476
ENSONIG00000030587	0	0	0
ENSONIG00000030588	1	5	100
ENSONIG00000030589	0	0	0
ENSONIG00000030590	1	0	0
ENSONIG00000030591	0	0	0
ENSONIG00000030592	0	0	0
ENSONIG00000030593	0	0	0
ENSONIG00000030594	0	0	0
ENSONIG00000030595	0	0	0
ENSONIG00000030596	0	0	0
ENSONIG00000030597	2	5	1
ENSONIG00000030598	0	0	0
ENSONIG00000030599	13	64	806
ENSONIG00000030600	0	0	0
ENSONIG00000030601	0	0	0
ENSONIG00000030602	0	0	0
ENSONIG00000030603	0	0	8
ENSONIG00000030604	0	0	0
ENSONIG00000030605	0	0	0
ENSONIG00000030606	0	0	0
ENSONIG00000030607	0	0	0
ENSONIG00000030608	11	0	4
ENSONIG00000030609	0	0	0
ENSONIG00000030610	0	0	0
ENSONIG00000030611	0	0	0
ENSONIG00000030612	0	0	0
ENSONIG00000030613	0	0	0
ENSONIG00000030614	0	0	0
ENSONIG00000030615	2	0	1
ENSONIG00000030616	0	0	1
ENSONIG00000030617	0	0	0
ENSONIG00000030618	1	0	1
ENSONIG00000030619	0	1	0
ENSONIG00000030620	25	0	1
ENSONIG00000030621	0	0	2
ENSONIG00000030622	0	0	0
ENSONIG00000030623	0	0	0
ENSONIG00000030624	0	0	0
ENSONIG00000030625	1	1	0
ENSONIG00000030626	6	0	0
ENSONIG00000030627	0	0	9
ENSONIG00000030628	0	0	0
ENSONIG00000030629	0	0	0
ENSONIG00000030630	0	0	0
ENSONIG00000030631	0	0	2
ENSONIG00000030632	0	0	0
ENSONIG00000030633	0	1	0
ENSONIG00000030634	0	0	0
ENSONIG00000030635	0	1	5
ENSONIG00000030636	0	0	0
ENSONIG00000030637	1	0	0
ENSONIG00000030638	0	0	0
ENSONIG00000030639	0	0	0
ENSONIG00000030640	0	0	0
ENSONIG00000030641	1	29	10
ENSONIG00000030642	0	0	0
ENSONIG00000030643	0	0	0
ENSONIG00000030644	0	0	1
ENSONIG00000030645	1	0	0
ENSONIG00000030646	0	0	0
ENSONIG00000030647	0	0	0
ENSONIG00000030648	0	0	2
ENSONIG00000030649	0	0	0
ENSONIG00000030650	9	1	19
ENSONIG00000030651	0	1	18
ENSONIG00000030652	0	0	0
ENSONIG00000030653	0	0	0
ENSONIG00000030654	0	0	2
ENSONIG00000030655	0	0	0
ENSONIG00000030656	0	0	0
ENSONIG00000030657	0	0	0
ENSONIG00000030658	0	0	0
ENSONIG00000030659	1	0	0
ENSONIG00000030660	1	2	51
ENSONIG00000030661	0	0	0
ENSONIG00000030662	0	1	0
ENSONIG00000030663	0	0	1
ENSONIG00000030664	0	0	1
ENSONIG00000030665	0	1	0
ENSONIG00000030666	0	0	0
ENSONIG00000030667	0	0	1
ENSONIG00000030668	0	0	0
ENSONIG00000030669	0	0	0
ENSONIG00000030670	0	0	0
ENSONIG00000030671	0	0	0
ENSONIG00000030672	0	1	1
ENSONIG00000030673	0	0	1
ENSONIG00000030674	0	0	5
ENSONIG00000030675	0	0	5
ENSONIG00000030676	0	0	0
ENSONIG00000030677	1	0	2
ENSONIG00000030678	0	0	0
ENSONIG00000030679	0	0	1
ENSONIG00000030680	0	0	0
ENSONIG00000030681	0	0	0
ENSONIG00000030682	0	0	4
ENSONIG00000030683	0	0	0
ENSONIG00000030684	0	0	0
ENSONIG00000030685	1	1	2
ENSONIG00000030686	0	0	1
ENSONIG00000030687	0	0	0
ENSONIG00000030688	0	0	0
ENSONIG00000030689	3	0	2
ENSONIG00000030690	0	0	0
ENSONIG00000030691	0	0	3
ENSONIG00000030692	0	0	0
ENSONIG00000030693	0	0	0
ENSONIG00000030694	0	0	0
ENSONIG00000030695	1	1	5
ENSONIG00000030696	1	0	11
ENSONIG00000030697	0	1	8
ENSONIG00000030698	12	6	981
ENSONIG00000030699	4	2	8
ENSONIG00000030700	0	0	0
ENSONIG00000030701	0	1	0
ENSONIG00000030702	35	6	4
ENSONIG00000030703	6	12	405
ENSONIG00000030704	0	0	0
ENSONIG00000030705	6	0	0
ENSONIG00000030706	0	0	0
ENSONIG00000030707	0	0	1
ENSONIG00000030708	0	0	0
ENSONIG00000030709	0	0	0
ENSONIG00000030710	0	0	0
ENSONIG00000030711	0	0	0
ENSONIG00000030712	0	0	0
ENSONIG00000030713	6	6	49
ENSONIG00000030714	0	0	0
ENSONIG00000030715	0	0	0
ENSONIG00000030716	1	2	11
ENSONIG00000030717	0	0	0
ENSONIG00000030718	0	0	5
ENSONIG00000030719	0	0	0
ENSONIG00000030720	0	0	0
ENSONIG00000030721	0	0	2
ENSONIG00000030722	0	0	0
ENSONIG00000030723	0	0	0
ENSONIG00000030724	0	0	0
ENSONIG00000030725	0	0	0
ENSONIG00000030726	0	0	0
ENSONIG00000030727	0	5	5
ENSONIG00000030728	0	1	6
ENSONIG00000030729	0	0	0
ENSONIG00000030730	0	0	3
ENSONIG00000030731	11	3	15
ENSONIG00000030732	0	0	0
ENSONIG00000030733	0	0	0
ENSONIG00000030734	0	0	0
ENSONIG00000030735	0	0	0
ENSONIG00000030736	0	0	1
ENSONIG00000030737	1	0	1
ENSONIG00000030738	4	1	16
ENSONIG00000030739	0	0	0
ENSONIG00000030740	0	0	0
ENSONIG00000030741	0	0	0
ENSONIG00000030742	0	0	0
ENSONIG00000030743	0	0	0
ENSONIG00000030744	0	0	0
ENSONIG00000030745	0	0	0
ENSONIG00000030746	0	0	6
ENSONIG00000030747	0	0	0
ENSONIG00000030748	0	0	0
ENSONIG00000030749	0	0	0
ENSONIG00000030750	0	0	0
ENSONIG00000030751	1	4	1
ENSONIG00000030752	0	0	0
ENSONIG00000030753	0	0	0
ENSONIG00000030754	0	0	0
ENSONIG00000030755	1	0	0
ENSONIG00000030756	0	0	5
ENSONIG00000030757	0	0	1
ENSONIG00000030758	5	0	1
ENSONIG00000030759	0	0	0
ENSONIG00000030760	0	0	0
ENSONIG00000030761	4	0	2
ENSONIG00000030762	0	0	0
ENSONIG00000030763	2	0	6
ENSONIG00000030764	0	0	10
ENSONIG00000030765	0	0	0
ENSONIG00000030766	0	0	0
ENSONIG00000030767	0	0	0
ENSONIG00000030768	0	0	0
ENSONIG00000030769	0	0	0
ENSONIG00000030770	0	0	0
ENSONIG00000030771	0	2	314
ENSONIG00000030772	0	1	3
ENSONIG00000030773	0	0	0
ENSONIG00000030774	0	0	7
ENSONIG00000030775	0	0	2
ENSONIG00000030776	0	0	18
ENSONIG00000030777	0	0	0
ENSONIG00000030778	0	0	1
ENSONIG00000030779	0	0	0
ENSONIG00000030780	0	0	0
ENSONIG00000030781	0	0	0
ENSONIG00000030782	0	0	0
ENSONIG00000030783	3	0	0
ENSONIG00000030784	1	2	32
ENSONIG00000030785	0	0	0
ENSONIG00000030786	0	0	0
ENSONIG00000030787	0	2	0
ENSONIG00000030788	0	0	0
ENSONIG00000030789	1	0	1
ENSONIG00000030790	0	0	0
ENSONIG00000030791	9	5	7
ENSONIG00000030792	0	0	0
ENSONIG00000030793	0	0	0
ENSONIG00000030794	0	0	1
ENSONIG00000030795	0	0	0
ENSONIG00000030796	5	10	46
ENSONIG00000030797	0	0	0
ENSONIG00000030798	0	0	0
ENSONIG00000030799	0	0	0
ENSONIG00000030800	0	0	0
ENSONIG00000030801	0	0	2
ENSONIG00000030802	4	0	5
ENSONIG00000030803	0	0	0
ENSONIG00000030804	0	0	0
ENSONIG00000030805	0	0	1
ENSONIG00000030806	0	0	0
ENSONIG00000030807	0	0	0
ENSONIG00000030808	0	0	0
ENSONIG00000030809	0	0	0
ENSONIG00000030810	0	0	0
ENSONIG00000030811	0	0	0
ENSONIG00000030812	0	0	4
ENSONIG00000030813	7	1	0
ENSONIG00000030814	1	0	0
ENSONIG00000030815	6	0	16
ENSONIG00000030816	0	0	0
ENSONIG00000030817	0	0	0
ENSONIG00000030818	0	2	0
ENSONIG00000030819	2	0	0
ENSONIG00000030820	0	0	0
ENSONIG00000030821	0	0	0
ENSONIG00000030822	0	0	0
ENSONIG00000030823	0	0	0
ENSONIG00000030824	0	1	0
ENSONIG00000030825	0	0	0
ENSONIG00000030826	0	0	0
ENSONIG00000030827	0	0	0
ENSONIG00000030828	1	3	13
ENSONIG00000030829	0	0	0
ENSONIG00000030830	0	0	0
ENSONIG00000030831	0	0	0
ENSONIG00000030832	0	0	0
ENSONIG00000030833	4	0	0
ENSONIG00000030834	0	0	0
ENSONIG00000030835	3	3	4
ENSONIG00000030836	0	0	0
ENSONIG00000030837	0	0	0
ENSONIG00000030838	0	0	0
ENSONIG00000030839	0	0	19
ENSONIG00000030840	0	0	0
ENSONIG00000030841	1	0	9
ENSONIG00000030842	0	0	0
ENSONIG00000030843	0	1	0
ENSONIG00000030844	0	0	0
ENSONIG00000030845	0	0	5
ENSONIG00000030846	0	0	0
ENSONIG00000030847	14	49	1103
ENSONIG00000030848	1	6	3
ENSONIG00000030849	2	0	0
ENSONIG00000030850	0	0	0
ENSONIG00000030851	3	4	30
ENSONIG00000030852	0	0	0
ENSONIG00000030853	0	0	0
ENSONIG00000030854	26	11	24
ENSONIG00000030855	0	0	0
ENSONIG00000030856	0	0	0
ENSONIG00000030857	0	0	0
ENSONIG00000030858	0	0	0
ENSONIG00000030859	0	0	0
ENSONIG00000030860	0	0	1
ENSONIG00000030861	10	5	10
ENSONIG00000030862	0	0	16
ENSONIG00000030863	0	0	0
ENSONIG00000030864	0	0	0
ENSONIG00000030865	1	0	5
ENSONIG00000030866	1	0	0
ENSONIG00000030867	0	0	0
ENSONIG00000030868	23	21	16
ENSONIG00000030869	0	0	0
ENSONIG00000030870	0	0	0
ENSONIG00000030871	0	0	0
ENSONIG00000030872	0	0	0
ENSONIG00000030873	0	2	1
ENSONIG00000030874	0	0	0
ENSONIG00000030875	0	0	0
ENSONIG00000030876	0	0	0
ENSONIG00000030877	0	0	0
ENSONIG00000030878	0	0	0
ENSONIG00000030879	0	0	0
ENSONIG00000030880	0	1	41
ENSONIG00000030881	0	0	12
ENSONIG00000030882	0	0	0
ENSONIG00000030883	3	2	13
ENSONIG00000030884	0	0	0
ENSONIG00000030885	0	0	0
ENSONIG00000030886	0	0	0
ENSONIG00000030887	62	2	1
ENSONIG00000030888	0	0	0
ENSONIG00000030889	0	0	0
ENSONIG00000030890	0	0	0
ENSONIG00000030891	0	0	0
ENSONIG00000030892	0	0	0
ENSONIG00000030893	0	0	0
ENSONIG00000030894	0	0	0
ENSONIG00000030895	0	0	0
ENSONIG00000030896	0	0	28
ENSONIG00000030897	3	9	324
ENSONIG00000030898	0	0	0
ENSONIG00000030899	0	0	1
ENSONIG00000030900	0	0	0
ENSONIG00000030901	0	0	0
ENSONIG00000030902	9	2	17
ENSONIG00000030903	12	6	16
ENSONIG00000030904	0	0	0
ENSONIG00000030905	0	0	0
ENSONIG00000030906	0	0	0
ENSONIG00000030907	2095	785	254
ENSONIG00000030908	3	0	13
ENSONIG00000030909	7	8	173
ENSONIG00000030910	1	0	0
ENSONIG00000030911	0	0	0
ENSONIG00000030912	29	10	176
ENSONIG00000030913	0	0	1
ENSONIG00000030914	0	0	0
ENSONIG00000030915	0	0	0
ENSONIG00000030916	2	2	18
ENSONIG00000030917	0	1	2
ENSONIG00000030918	0	0	0
ENSONIG00000030919	0	0	2
ENSONIG00000030920	0	0	0
ENSONIG00000030921	0	0	0
ENSONIG00000030922	0	0	0
ENSONIG00000030923	0	0	0
ENSONIG00000030924	93	15	371
ENSONIG00000030925	0	0	0
ENSONIG00000030926	0	0	4
ENSONIG00000030927	1	0	0
ENSONIG00000030928	0	0	0
ENSONIG00000030929	0	0	0
ENSONIG00000030930	0	0	5
ENSONIG00000030931	0	0	0
ENSONIG00000030932	0	0	0
ENSONIG00000030933	0	0	0
ENSONIG00000030934	0	0	0
ENSONIG00000030935	0	0	0
ENSONIG00000030936	0	0	0
ENSONIG00000030937	0	0	0
ENSONIG00000030938	0	0	0
ENSONIG00000030939	0	0	0
ENSONIG00000030940	0	0	0
ENSONIG00000030941	0	0	0
ENSONIG00000030942	0	0	1
ENSONIG00000030943	1	0	0
ENSONIG00000030944	0	0	0
ENSONIG00000030945	0	0	0
ENSONIG00000030946	0	0	0
ENSONIG00000030947	29	0	0
ENSONIG00000030948	0	0	2
ENSONIG00000030949	1	0	0
ENSONIG00000030950	14	0	57
ENSONIG00000030951	0	0	0
ENSONIG00000030952	0	0	0
ENSONIG00000030953	0	0	0
ENSONIG00000030954	1	0	2
ENSONIG00000030955	0	0	0
ENSONIG00000030956	0	0	0
ENSONIG00000030957	48	0	54
ENSONIG00000030958	0	0	0
ENSONIG00000030959	0	0	0
ENSONIG00000030960	0	0	0
ENSONIG00000030961	15	1	7
ENSONIG00000030962	0	0	0
ENSONIG00000030963	1	1	5
ENSONIG00000030964	2	3	20
ENSONIG00000030965	0	0	0
ENSONIG00000030966	0	0	0
ENSONIG00000030967	0	0	0
ENSONIG00000030968	34	13	19
ENSONIG00000030969	0	0	0
ENSONIG00000030970	53	51	72
ENSONIG00000030971	0	0	0
ENSONIG00000030972	0	0	0
ENSONIG00000030973	2	120	9
ENSONIG00000030974	0	0	1
ENSONIG00000030975	0	0	0
ENSONIG00000030976	32	3	17
ENSONIG00000030977	0	0	0
ENSONIG00000030978	0	0	1
ENSONIG00000030979	0	0	4
ENSONIG00000030980	0	0	0
ENSONIG00000030981	0	0	0
ENSONIG00000030982	0	0	0
ENSONIG00000030983	0	0	5
ENSONIG00000030984	7	13	231
ENSONIG00000030985	0	0	0
ENSONIG00000030986	0	0	0
ENSONIG00000030987	0	0	0
ENSONIG00000030988	0	0	0
ENSONIG00000030989	0	1	0
ENSONIG00000030990	0	0	0
ENSONIG00000030991	0	0	0
ENSONIG00000030992	0	0	0
ENSONIG00000030993	1	0	5
ENSONIG00000030994	0	0	0
ENSONIG00000030995	4	1	26
ENSONIG00000030996	0	0	0
ENSONIG00000030997	0	0	1
ENSONIG00000030998	0	0	0
ENSONIG00000030999	1	0	20
ENSONIG00000031000	3	0	7
ENSONIG00000031001	0	0	0
ENSONIG00000031002	2	0	4
ENSONIG00000031003	115	0	2
ENSONIG00000031004	0	0	0
ENSONIG00000031005	0	0	0
ENSONIG00000031006	4	0	0
ENSONIG00000031007	0	0	0
ENSONIG00000031008	0	0	0
ENSONIG00000031009	0	1	3
ENSONIG00000031010	0	1	0
ENSONIG00000031011	0	0	0
ENSONIG00000031012	0	0	0
ENSONIG00000031013	1	0	2
ENSONIG00000031014	0	0	0
ENSONIG00000031015	0	0	0
ENSONIG00000031016	0	0	0
ENSONIG00000031017	0	0	0
ENSONIG00000031018	3	0	16
ENSONIG00000031019	0	0	1
ENSONIG00000031020	0	0	3
ENSONIG00000031021	0	0	0
ENSONIG00000031022	0	0	0
ENSONIG00000031023	0	0	0
ENSONIG00000031024	0	0	0
ENSONIG00000031025	0	0	1
ENSONIG00000031026	0	0	0
ENSONIG00000031027	0	0	0
ENSONIG00000031028	0	0	6
ENSONIG00000031029	0	0	0
ENSONIG00000031030	0	0	0
ENSONIG00000031031	0	0	0
ENSONIG00000031032	12	8	13
ENSONIG00000031033	4	1	2
ENSONIG00000031034	0	0	0
ENSONIG00000031035	0	0	0
ENSONIG00000031036	9	3	27
ENSONIG00000031037	0	0	2
ENSONIG00000031038	0	0	0
ENSONIG00000031039	1	0	0
ENSONIG00000031040	46	9	0
ENSONIG00000031041	0	2	1
ENSONIG00000031042	0	0	0
ENSONIG00000031043	0	0	0
ENSONIG00000031044	0	0	0
ENSONIG00000031045	0	0	0
ENSONIG00000031046	15	0	26
ENSONIG00000031047	0	0	0
ENSONIG00000031048	5	1	28
ENSONIG00000031049	24	5	1
ENSONIG00000031050	0	0	0
ENSONIG00000031051	0	0	1
ENSONIG00000031052	0	0	1
ENSONIG00000031053	0	0	0
ENSONIG00000031054	0	0	0
ENSONIG00000031055	6	0	0
ENSONIG00000031056	0	0	0
ENSONIG00000031057	0	0	14
ENSONIG00000031058	2	0	1
ENSONIG00000031059	0	0	0
ENSONIG00000031060	0	0	2
ENSONIG00000031061	2	1	31
ENSONIG00000031062	0	0	0
ENSONIG00000031063	0	0	8
ENSONIG00000031064	0	0	0
ENSONIG00000031065	0	0	0
ENSONIG00000031066	1	0	8
ENSONIG00000031067	0	0	6
ENSONIG00000031068	24	55	145
ENSONIG00000031069	0	0	0
ENSONIG00000031070	16	18	161
ENSONIG00000031071	0	0	0
ENSONIG00000031072	207	173	351
ENSONIG00000031073	0	0	0
ENSONIG00000031074	0	0	0
ENSONIG00000031075	0	0	2
ENSONIG00000031076	0	0	1
ENSONIG00000031077	2	4	112
ENSONIG00000031078	0	0	1
ENSONIG00000031079	4	6	344
ENSONIG00000031080	0	0	0
ENSONIG00000031081	0	2	0
ENSONIG00000031082	0	0	0
ENSONIG00000031083	3	11	9
ENSONIG00000031084	0	0	0
ENSONIG00000031085	2	0	0
ENSONIG00000031086	0	0	0
ENSONIG00000031087	0	0	0
ENSONIG00000031088	0	1	2
ENSONIG00000031089	0	0	0
ENSONIG00000031090	1013	357	118
ENSONIG00000031091	0	0	1
ENSONIG00000031092	0	2	5
ENSONIG00000031093	2	0	6
ENSONIG00000031094	0	0	0
ENSONIG00000031095	0	0	0
ENSONIG00000031096	0	0	0
ENSONIG00000031097	8	7	60
ENSONIG00000031098	0	0	0
ENSONIG00000031099	0	0	0
ENSONIG00000031100	0	0	0
ENSONIG00000031101	1	1	1
ENSONIG00000031102	0	0	0
ENSONIG00000031103	0	0	0
ENSONIG00000031104	0	0	0
ENSONIG00000031105	0	0	6
ENSONIG00000031106	2	4	46
ENSONIG00000031107	3	1	72
ENSONIG00000031108	0	0	0
ENSONIG00000031109	0	0	2
ENSONIG00000031110	0	0	1
ENSONIG00000031111	0	0	4
ENSONIG00000031112	0	0	0
ENSONIG00000031113	0	0	9
ENSONIG00000031114	0	0	0
ENSONIG00000031115	1	0	0
ENSONIG00000031116	0	0	0
ENSONIG00000031117	0	5	1
ENSONIG00000031118	0	0	0
ENSONIG00000031119	0	0	0
ENSONIG00000031120	0	0	0
ENSONIG00000031121	0	0	0
ENSONIG00000031122	0	0	2
ENSONIG00000031123	0	0	14
ENSONIG00000031124	0	0	0
ENSONIG00000031125	0	0	0
ENSONIG00000031126	0	2	2
ENSONIG00000031127	0	0	0
ENSONIG00000031128	10	5	38
ENSONIG00000031129	38	43	33
ENSONIG00000031130	0	0	0
ENSONIG00000031131	0	0	0
ENSONIG00000031132	0	0	0
ENSONIG00000031133	156	11	17
ENSONIG00000031134	0	0	0
ENSONIG00000031135	0	0	0
ENSONIG00000031136	5	1	10
ENSONIG00000031137	1	1	0
ENSONIG00000031138	0	0	0
ENSONIG00000031139	0	0	2
ENSONIG00000031140	0	0	0
ENSONIG00000031141	0	0	0
ENSONIG00000031142	0	0	4
ENSONIG00000031143	3	3	15
ENSONIG00000031144	22	0	19
ENSONIG00000031145	0	0	0
ENSONIG00000031146	0	0	0
ENSONIG00000031147	4	1	1
ENSONIG00000031148	1	0	0
ENSONIG00000031149	0	0	0
ENSONIG00000031150	0	0	0
ENSONIG00000031151	0	0	0
ENSONIG00000031152	2	6	31
ENSONIG00000031153	0	0	0
ENSONIG00000031154	0	0	0
ENSONIG00000031155	0	0	0
ENSONIG00000031156	0	0	0
ENSONIG00000031157	0	0	0
ENSONIG00000031158	0	0	0
ENSONIG00000031159	152	960	137
ENSONIG00000031160	0	0	0
ENSONIG00000031161	0	0	2
ENSONIG00000031162	0	0	0
ENSONIG00000031163	0	0	0
ENSONIG00000031164	178	69	64
ENSONIG00000031165	0	0	0
ENSONIG00000031166	0	0	0
ENSONIG00000031167	0	0	2
ENSONIG00000031168	2	3	0
ENSONIG00000031169	0	0	0
ENSONIG00000031170	0	1	0
ENSONIG00000031171	0	0	0
ENSONIG00000031172	1	1	14
ENSONIG00000031173	0	2	0
ENSONIG00000031174	0	0	0
ENSONIG00000031175	0	0	0
ENSONIG00000031176	20	3	206
ENSONIG00000031177	0	0	0
ENSONIG00000031178	0	0	0
ENSONIG00000031179	0	0	0
ENSONIG00000031180	0	0	0
ENSONIG00000031181	0	0	0
ENSONIG00000031182	1	0	0
ENSONIG00000031183	1	0	0
ENSONIG00000031184	0	0	0
ENSONIG00000031185	0	0	0
ENSONIG00000031186	0	0	0
ENSONIG00000031187	2	0	0
ENSONIG00000031188	0	0	0
ENSONIG00000031189	0	0	0
ENSONIG00000031190	6	5	38
ENSONIG00000031191	0	0	2
ENSONIG00000031192	0	0	0
ENSONIG00000031193	0	0	2
ENSONIG00000031194	0	0	0
ENSONIG00000031195	0	0	6
ENSONIG00000031196	0	0	0
ENSONIG00000031197	0	0	0
ENSONIG00000031198	0	0	0
ENSONIG00000031199	0	0	0
ENSONIG00000031200	0	0	0
ENSONIG00000031201	0	0	0
ENSONIG00000031202	27	4	128
ENSONIG00000031203	0	1	17
ENSONIG00000031204	1	1	6
ENSONIG00000031205	0	0	0
ENSONIG00000031206	0	0	0
ENSONIG00000031207	0	2	13
ENSONIG00000031208	0	0	0
ENSONIG00000031209	0	0	0
ENSONIG00000031210	0	0	0
ENSONIG00000031211	0	0	0
ENSONIG00000031212	0	0	0
ENSONIG00000031213	0	0	1
ENSONIG00000031214	0	0	0
ENSONIG00000031215	0	0	0
ENSONIG00000031216	4	1	3
ENSONIG00000031217	0	0	4
ENSONIG00000031218	0	0	7
ENSONIG00000031219	2	0	0
ENSONIG00000031220	0	0	0
ENSONIG00000031221	2	1	1
ENSONIG00000031222	0	3	107
ENSONIG00000031223	0	0	0
ENSONIG00000031224	312	146	196
ENSONIG00000031225	1	0	0
ENSONIG00000031226	0	0	0
ENSONIG00000031227	0	1	0
ENSONIG00000031228	0	0	0
ENSONIG00000031229	9	131	74
ENSONIG00000031230	1	3	32
ENSONIG00000031231	0	1	15
ENSONIG00000031232	0	0	0
ENSONIG00000031233	0	0	0
ENSONIG00000031234	0	2	0
ENSONIG00000031235	4	3	39
ENSONIG00000031236	0	0	1
ENSONIG00000031237	0	0	0
ENSONIG00000031238	2366	579	652
ENSONIG00000031239	0	0	0
ENSONIG00000031240	0	0	0
ENSONIG00000031241	0	0	0
ENSONIG00000031242	0	0	0
ENSONIG00000031243	1	0	0
ENSONIG00000031244	0	0	0
ENSONIG00000031245	0	0	0
ENSONIG00000031246	0	0	0
ENSONIG00000031247	0	4	0
ENSONIG00000031248	0	0	0
ENSONIG00000031249	0	0	0
ENSONIG00000031250	0	0	0
ENSONIG00000031251	0	0	0
ENSONIG00000031252	0	0	0
ENSONIG00000031253	0	0	0
ENSONIG00000031254	2	0	3
ENSONIG00000031255	0	0	2
ENSONIG00000031256	10	57	498
ENSONIG00000031257	0	0	0
ENSONIG00000031258	0	0	0
ENSONIG00000031259	83	149	133
ENSONIG00000031260	12	6	78
ENSONIG00000031261	0	8	10
ENSONIG00000031262	1	1	10
ENSONIG00000031263	0	0	0
ENSONIG00000031264	0	0	0
ENSONIG00000031265	0	0	5
ENSONIG00000031266	0	0	2
ENSONIG00000031267	0	0	0
ENSONIG00000031268	7	0	1
ENSONIG00000031269	0	0	0
ENSONIG00000031270	0	0	0
ENSONIG00000031271	0	0	2
ENSONIG00000031272	0	0	0
ENSONIG00000031273	0	0	0
ENSONIG00000031274	0	0	0
ENSONIG00000031275	1	0	12
ENSONIG00000031276	21	5	8
ENSONIG00000031277	0	0	0
ENSONIG00000031278	20	13	19
ENSONIG00000031279	0	0	0
ENSONIG00000031280	0	0	3
ENSONIG00000031281	0	0	3
ENSONIG00000031282	0	0	0
ENSONIG00000031283	2	0	5
ENSONIG00000031284	0	0	0
ENSONIG00000031285	0	1	0
ENSONIG00000031286	0	0	0
ENSONIG00000031287	0	0	0
ENSONIG00000031288	0	0	0
ENSONIG00000031289	0	0	2
ENSONIG00000031290	0	0	0
ENSONIG00000031291	0	0	0
ENSONIG00000031292	0	0	1
ENSONIG00000031293	1	0	1
ENSONIG00000031294	2	6	55
ENSONIG00000031295	0	0	1
ENSONIG00000031296	0	1	0
ENSONIG00000031297	1	1	10
ENSONIG00000031298	0	0	0
ENSONIG00000031299	0	0	0
ENSONIG00000031300	0	0	1
ENSONIG00000031301	3	0	1
ENSONIG00000031302	303	107	161
ENSONIG00000031303	0	0	10
ENSONIG00000031304	0	0	0
ENSONIG00000031305	2	4	41
ENSONIG00000031306	0	0	1
ENSONIG00000031307	12	0	3
ENSONIG00000031308	1	0	0
ENSONIG00000031309	0	0	1
ENSONIG00000031310	0	0	0
ENSONIG00000031311	0	0	1
ENSONIG00000031312	0	0	0
ENSONIG00000031313	0	0	5
ENSONIG00000031314	3	14	285
ENSONIG00000031315	0	0	0
ENSONIG00000031316	0	0	0
ENSONIG00000031317	4	3	21
ENSONIG00000031318	0	0	0
ENSONIG00000031319	0	0	25
ENSONIG00000031320	0	1	8
ENSONIG00000031321	0	0	0
ENSONIG00000031322	32	109	71
ENSONIG00000031323	1	0	1
ENSONIG00000031324	0	0	0
ENSONIG00000031325	106	29	6
ENSONIG00000031326	0	0	0
ENSONIG00000031327	0	0	25
ENSONIG00000031328	0	0	0
ENSONIG00000031329	7	5	5
ENSONIG00000031330	0	0	0
ENSONIG00000031331	0	0	0
ENSONIG00000031332	0	0	0
ENSONIG00000031333	0	0	0
ENSONIG00000031334	0	0	0
ENSONIG00000031335	0	0	0
ENSONIG00000031336	0	0	0
ENSONIG00000031337	0	0	0
ENSONIG00000031338	0	0	0
ENSONIG00000031339	0	1	3
ENSONIG00000031340	0	0	0
ENSONIG00000031341	0	0	0
ENSONIG00000031342	0	0	0
ENSONIG00000031343	0	0	0
ENSONIG00000031344	0	0	0
ENSONIG00000031345	0	0	0
ENSONIG00000031346	13	11	19
ENSONIG00000031347	0	0	0
ENSONIG00000031348	3	1	0
ENSONIG00000031349	0	0	0
ENSONIG00000031350	0	0	1
ENSONIG00000031351	157	195	170
ENSONIG00000031352	0	1	0
ENSONIG00000031353	0	0	0
ENSONIG00000031354	0	2	9
ENSONIG00000031355	0	0	0
ENSONIG00000031356	12730	2022	2280
ENSONIG00000031357	0	0	0
ENSONIG00000031358	0	0	0
ENSONIG00000031359	0	0	7
ENSONIG00000031360	0	0	0
ENSONIG00000031361	7	6	84
ENSONIG00000031362	0	0	0
ENSONIG00000031363	0	2	0
ENSONIG00000031364	4	0	0
ENSONIG00000031365	3	0	16
ENSONIG00000031366	56	16	1077
ENSONIG00000031367	0	0	0
ENSONIG00000031368	0	0	1
ENSONIG00000031369	0	0	1
ENSONIG00000031370	0	0	0
ENSONIG00000031371	0	0	0
ENSONIG00000031372	0	0	0
ENSONIG00000031373	0	0	0
ENSONIG00000031374	0	0	0
ENSONIG00000031375	0	0	0
ENSONIG00000031376	0	0	0
ENSONIG00000031377	0	0	1
ENSONIG00000031378	0	0	0
ENSONIG00000031379	0	2	9
ENSONIG00000031380	1	0	0
ENSONIG00000031381	1	0	0
ENSONIG00000031382	1	3	121
ENSONIG00000031383	0	0	0
ENSONIG00000031384	0	0	0
ENSONIG00000031385	0	0	1
ENSONIG00000031386	0	0	0
ENSONIG00000031387	0	0	2
ENSONIG00000031388	0	0	0
ENSONIG00000031389	0	0	0
ENSONIG00000031390	0	0	0
ENSONIG00000031391	0	0	0
ENSONIG00000031392	0	0	0
ENSONIG00000031393	0	2	18
ENSONIG00000031394	2	0	0
ENSONIG00000031395	0	0	0
ENSONIG00000031396	3325	145	107
ENSONIG00000031397	0	1	0
ENSONIG00000031398	0	0	0
ENSONIG00000031399	0	0	0
ENSONIG00000031400	0	0	0
ENSONIG00000031401	0	0	0
ENSONIG00000031402	0	0	0
ENSONIG00000031403	1	0	0
ENSONIG00000031404	0	0	1
ENSONIG00000031405	5	0	11
ENSONIG00000031406	0	0	7
ENSONIG00000031407	0	0	0
ENSONIG00000031408	0	0	0
ENSONIG00000031409	2	0	2
ENSONIG00000031410	0	0	0
ENSONIG00000031411	0	0	0
ENSONIG00000031412	2	0	1
ENSONIG00000031413	19	23	22
ENSONIG00000031414	0	0	7
ENSONIG00000031415	0	0	0
ENSONIG00000031416	0	0	0
ENSONIG00000031417	1	0	0
ENSONIG00000031418	0	0	0
ENSONIG00000031419	25	0	18
ENSONIG00000031420	3	0	0
ENSONIG00000031421	2	0	0
ENSONIG00000031422	0	0	0
ENSONIG00000031423	0	0	0
ENSONIG00000031424	0	0	0
ENSONIG00000031425	0	0	0
ENSONIG00000031426	1	1	0
ENSONIG00000031427	0	0	0
ENSONIG00000031428	3	0	2
ENSONIG00000031429	0	0	0
ENSONIG00000031430	0	0	0
ENSONIG00000031431	0	0	0
ENSONIG00000031432	0	0	0
ENSONIG00000031433	0	0	1
ENSONIG00000031434	3	4	74
ENSONIG00000031435	0	0	0
ENSONIG00000031436	0	0	0
ENSONIG00000031437	0	0	5
ENSONIG00000031438	3	0	2
ENSONIG00000031439	0	0	5
ENSONIG00000031440	0	0	0
ENSONIG00000031441	24	3	1
ENSONIG00000031442	0	0	0
ENSONIG00000031443	0	0	0
ENSONIG00000031444	4	4	28
ENSONIG00000031445	0	0	2
ENSONIG00000031446	21	3	27
ENSONIG00000031447	0	0	0
ENSONIG00000031448	0	0	0
ENSONIG00000031449	1	1	16
ENSONIG00000031450	5	0	3
ENSONIG00000031451	0	0	1
ENSONIG00000031452	0	0	0
ENSONIG00000031453	0	0	3
ENSONIG00000031454	0	0	0
ENSONIG00000031455	0	6	7
ENSONIG00000031456	0	0	0
ENSONIG00000031457	0	0	0
ENSONIG00000031458	0	0	0
ENSONIG00000031459	1	3	21
ENSONIG00000031460	0	2	0
ENSONIG00000031461	0	0	0
ENSONIG00000031462	0	0	0
ENSONIG00000031463	0	0	0
ENSONIG00000031464	0	0	0
ENSONIG00000031465	0	0	0
ENSONIG00000031466	0	0	4
ENSONIG00000031467	0	0	0
ENSONIG00000031468	0	0	0
ENSONIG00000031469	0	0	3
ENSONIG00000031470	0	0	1
ENSONIG00000031471	0	0	0
ENSONIG00000031472	0	0	0
ENSONIG00000031473	0	0	0
ENSONIG00000031474	1	0	3
ENSONIG00000031475	0	0	0
ENSONIG00000031476	0	0	0
ENSONIG00000031477	6	1	7
ENSONIG00000031478	0	0	0
ENSONIG00000031479	0	0	0
ENSONIG00000031480	0	0	1
ENSONIG00000031481	0	0	0
ENSONIG00000031482	0	0	0
ENSONIG00000031483	0	0	0
ENSONIG00000031484	0	0	3
ENSONIG00000031485	0	0	0
ENSONIG00000031486	0	0	1
ENSONIG00000031487	11	0	1
ENSONIG00000031488	21	14	19
ENSONIG00000031489	0	0	0
ENSONIG00000031490	0	0	2
ENSONIG00000031491	0	13	327
ENSONIG00000031492	0	0	0
ENSONIG00000031493	0	0	0
ENSONIG00000031494	0	0	0
ENSONIG00000031495	0	0	0
ENSONIG00000031496	0	0	0
ENSONIG00000031497	0	0	2
ENSONIG00000031498	0	0	0
ENSONIG00000031499	9	2	11
ENSONIG00000031500	0	0	0
ENSONIG00000031501	0	0	0
ENSONIG00000031502	0	0	0
ENSONIG00000031503	0	0	0
ENSONIG00000031504	19	7	3
ENSONIG00000031505	16	6	135
ENSONIG00000031506	0	0	0
ENSONIG00000031507	0	0	0
ENSONIG00000031508	11	7	14
ENSONIG00000031509	1	3	25
ENSONIG00000031510	0	0	0
ENSONIG00000031511	0	0	0
ENSONIG00000031512	0	0	0
ENSONIG00000031513	0	0	0
ENSONIG00000031514	0	0	0
ENSONIG00000031515	1	0	0
ENSONIG00000031516	4	3	6
ENSONIG00000031517	0	0	0
ENSONIG00000031518	191	145	119
ENSONIG00000031519	110	134	163
ENSONIG00000031520	0	0	0
ENSONIG00000031521	0	0	0
ENSONIG00000031522	0	0	1
ENSONIG00000031523	66	25	31
ENSONIG00000031524	3	1	44
ENSONIG00000031525	0	0	0
ENSONIG00000031526	0	0	0
ENSONIG00000031527	0	0	1
ENSONIG00000031528	1	1	0
ENSONIG00000031529	0	1	12
ENSONIG00000031530	0	0	0
ENSONIG00000031531	0	0	0
ENSONIG00000031532	0	0	0
ENSONIG00000031533	0	0	0
ENSONIG00000031534	0	1	12
ENSONIG00000031535	32	15	56
ENSONIG00000031536	1	0	0
ENSONIG00000031537	0	0	0
ENSONIG00000031538	1	0	0
ENSONIG00000031539	0	2	0
ENSONIG00000031540	0	0	10
ENSONIG00000031541	0	0	0
ENSONIG00000031542	0	0	0
ENSONIG00000031543	0	0	0
ENSONIG00000031544	112	50	214
ENSONIG00000031545	0	0	0
ENSONIG00000031546	6	17	11
ENSONIG00000031547	0	0	0
ENSONIG00000031548	0	0	0
ENSONIG00000031549	0	0	0
ENSONIG00000031550	0	0	1
ENSONIG00000031551	0	0	13
ENSONIG00000031552	0	0	0
ENSONIG00000031553	0	0	2
ENSONIG00000031554	0	0	0
ENSONIG00000031555	0	0	1
ENSONIG00000031556	0	0	0
ENSONIG00000031557	0	0	0
ENSONIG00000031558	1	0	0
ENSONIG00000031559	0	0	0
ENSONIG00000031560	1	1	1
ENSONIG00000031561	0	0	0
ENSONIG00000031562	0	0	0
ENSONIG00000031563	0	0	0
ENSONIG00000031564	0	0	0
ENSONIG00000031565	0	0	0
ENSONIG00000031566	0	0	0
ENSONIG00000031567	7	0	0
ENSONIG00000031568	0	0	0
ENSONIG00000031569	2	2	23
ENSONIG00000031570	0	0	0
ENSONIG00000031571	11	0	0
ENSONIG00000031572	0	0	0
ENSONIG00000031573	2	0	14
ENSONIG00000031574	264	961	733
ENSONIG00000031575	0	0	4
ENSONIG00000031576	0	0	0
ENSONIG00000031577	0	0	0
ENSONIG00000031578	6	17	14
ENSONIG00000031579	26	4	1
ENSONIG00000031580	0	0	0
ENSONIG00000031581	0	0	0
ENSONIG00000031582	0	0	0
ENSONIG00000031583	0	0	1
ENSONIG00000031584	0	0	1
ENSONIG00000031585	0	0	0
ENSONIG00000031586	4	8	2
ENSONIG00000031587	4	1	35
ENSONIG00000031588	0	0	0
ENSONIG00000031589	0	0	0
ENSONIG00000031590	0	0	0
ENSONIG00000031591	0	0	14
ENSONIG00000031592	0	63	17
ENSONIG00000031593	0	0	0
ENSONIG00000031594	0	0	1
ENSONIG00000031595	0	0	1
ENSONIG00000031596	0	0	0
ENSONIG00000031597	0	0	0
ENSONIG00000031598	0	0	0
ENSONIG00000031599	0	0	0
ENSONIG00000031600	0	0	1
ENSONIG00000031601	0	0	0
ENSONIG00000031602	2	0	0
ENSONIG00000031603	0	0	0
ENSONIG00000031604	0	0	0
ENSONIG00000031605	0	0	0
ENSONIG00000031606	0	0	0
ENSONIG00000031607	1	0	0
ENSONIG00000031608	0	2	11
ENSONIG00000031609	2	0	0
ENSONIG00000031610	0	0	0
ENSONIG00000031611	0	0	0
ENSONIG00000031612	1	0	0
ENSONIG00000031613	0	0	0
ENSONIG00000031614	7	1	9
ENSONIG00000031615	2	2	26
ENSONIG00000031616	2	0	2
ENSONIG00000031617	6	1	0
ENSONIG00000031618	0	0	0
ENSONIG00000031619	0	0	0
ENSONIG00000031620	0	0	0
ENSONIG00000031621	0	0	0
ENSONIG00000031622	0	0	1
ENSONIG00000031623	0	0	0
ENSONIG00000031624	0	0	0
ENSONIG00000031625	0	0	0
ENSONIG00000031626	0	0	0
ENSONIG00000031627	0	0	0
ENSONIG00000031628	0	0	0
ENSONIG00000031629	0	0	1
ENSONIG00000031630	0	0	0
ENSONIG00000031631	0	0	0
ENSONIG00000031632	0	0	0
ENSONIG00000031633	0	0	0
ENSONIG00000031634	9	0	3
ENSONIG00000031635	0	0	0
ENSONIG00000031636	0	0	0
ENSONIG00000031637	0	3	4
ENSONIG00000031638	0	0	0
ENSONIG00000031639	0	5	7
ENSONIG00000031640	3	3	2
ENSONIG00000031641	0	0	0
ENSONIG00000031642	0	0	1
ENSONIG00000031643	5	18	42
ENSONIG00000031644	1	0	2
ENSONIG00000031645	1	0	1
ENSONIG00000031646	1	0	4
ENSONIG00000031647	0	12	22
ENSONIG00000031648	0	0	0
ENSONIG00000031649	0	0	0
ENSONIG00000031650	212	0	1
ENSONIG00000031651	0	0	0
ENSONIG00000031652	0	0	0
ENSONIG00000031653	0	0	0
ENSONIG00000031654	0	0	0
ENSONIG00000031655	1	0	0
ENSONIG00000031656	0	0	0
ENSONIG00000031657	4	1	16
ENSONIG00000031658	0	0	17
ENSONIG00000031659	0	0	0
ENSONIG00000031660	0	0	0
ENSONIG00000031661	0	0	0
ENSONIG00000031662	0	0	0
ENSONIG00000031663	1	0	0
ENSONIG00000031664	0	0	0
ENSONIG00000031665	0	0	0
ENSONIG00000031666	0	0	0
ENSONIG00000031667	2	0	1
ENSONIG00000031668	0	0	12
ENSONIG00000031669	0	0	0
ENSONIG00000031670	0	0	0
ENSONIG00000031671	2	5	46
ENSONIG00000031672	0	0	0
ENSONIG00000031673	0	0	0
ENSONIG00000031674	0	0	0
ENSONIG00000031675	0	0	0
ENSONIG00000031676	92	33	171
ENSONIG00000031677	0	0	0
ENSONIG00000031678	0	0	0
ENSONIG00000031679	0	0	0
ENSONIG00000031680	21	0	0
ENSONIG00000031681	3	5	3
ENSONIG00000031682	1	1	0
ENSONIG00000031683	0	0	0
ENSONIG00000031684	0	0	0
ENSONIG00000031685	0	0	1
ENSONIG00000031686	0	0	0
ENSONIG00000031687	0	1	30
ENSONIG00000031688	4	0	12
ENSONIG00000031689	7	3	6
ENSONIG00000031690	0	0	0
ENSONIG00000031691	0	2	15
ENSONIG00000031692	0	0	0
ENSONIG00000031693	0	0	2
ENSONIG00000031694	4	1	113
ENSONIG00000031695	0	0	0
ENSONIG00000031696	0	0	0
ENSONIG00000031697	0	0	0
ENSONIG00000031698	1	0	2
ENSONIG00000031699	0	0	0
ENSONIG00000031700	5	1	11
ENSONIG00000031701	3	6	317
ENSONIG00000031702	0	0	0
ENSONIG00000031703	1	0	6
ENSONIG00000031704	0	0	0
ENSONIG00000031705	0	0	0
ENSONIG00000031706	0	0	1
ENSONIG00000031707	0	0	0
ENSONIG00000031708	4	1	0
ENSONIG00000031709	1	0	2
ENSONIG00000031710	0	0	0
ENSONIG00000031711	0	0	0
ENSONIG00000031712	31	29	23
ENSONIG00000031713	6	1	8
ENSONIG00000031714	1	0	0
ENSONIG00000031715	0	0	0
ENSONIG00000031716	0	0	0
ENSONIG00000031717	0	2	0
ENSONIG00000031718	0	0	0
ENSONIG00000031719	0	0	3
ENSONIG00000031720	0	0	0
ENSONIG00000031721	0	0	0
ENSONIG00000031722	0	0	0
ENSONIG00000031723	0	2	25
ENSONIG00000031724	6	0	8
ENSONIG00000031725	0	0	0
ENSONIG00000031726	0	0	0
ENSONIG00000031727	0	0	0
ENSONIG00000031728	0	0	5
ENSONIG00000031729	0	0	0
ENSONIG00000031730	838	251	170
ENSONIG00000031731	0	0	8
ENSONIG00000031732	2	1	3
ENSONIG00000031733	8	0	7
ENSONIG00000031734	0	0	0
ENSONIG00000031735	0	1	0
ENSONIG00000031736	0	0	2
ENSONIG00000031737	6	16	2
ENSONIG00000031738	0	1	11
ENSONIG00000031739	0	0	0
ENSONIG00000031740	0	0	0
ENSONIG00000031741	0	0	0
ENSONIG00000031742	0	0	0
ENSONIG00000031743	0	2	0
ENSONIG00000031744	0	0	0
ENSONIG00000031745	0	2	3
ENSONIG00000031746	9	0	1
ENSONIG00000031747	1	0	0
ENSONIG00000031748	0	0	0
ENSONIG00000031749	0	3	0
ENSONIG00000031750	1	1	1
ENSONIG00000031751	0	0	0
ENSONIG00000031752	0	0	0
ENSONIG00000031753	0	1	0
ENSONIG00000031754	0	0	0
ENSONIG00000031755	23	13	182
ENSONIG00000031756	0	0	0
ENSONIG00000031757	0	0	0
ENSONIG00000031758	0	0	1
ENSONIG00000031759	0	0	0
ENSONIG00000031760	0	0	0
ENSONIG00000031761	0	0	0
ENSONIG00000031762	0	0	0
ENSONIG00000031763	3	0	15
ENSONIG00000031764	40	10	2
ENSONIG00000031765	0	0	0
ENSONIG00000031766	0	0	0
ENSONIG00000031767	0	2	0
ENSONIG00000031768	0	1	31
ENSONIG00000031769	200	10	243
ENSONIG00000031770	0	0	0
ENSONIG00000031771	0	0	0
ENSONIG00000031772	0	0	0
ENSONIG00000031773	1	0	6
ENSONIG00000031774	0	0	1
ENSONIG00000031775	2	0	0
ENSONIG00000031776	1	0	5
ENSONIG00000031777	1	0	10
ENSONIG00000031778	1	0	0
ENSONIG00000031779	1	0	0
ENSONIG00000031780	0	0	0
ENSONIG00000031781	2	0	2
ENSONIG00000031782	0	0	0
ENSONIG00000031783	4	0	6
ENSONIG00000031784	0	0	0
ENSONIG00000031785	0	0	0
ENSONIG00000031786	3	2	6
ENSONIG00000031787	0	0	0
ENSONIG00000031788	0	0	5
ENSONIG00000031789	0	0	0
ENSONIG00000031790	0	2	1
ENSONIG00000031791	0	0	121
ENSONIG00000031792	0	1	0
ENSONIG00000031793	0	0	0
ENSONIG00000031794	0	0	0
ENSONIG00000031795	1	0	3
ENSONIG00000031796	0	0	7
ENSONIG00000031797	0	0	0
ENSONIG00000031798	0	0	0
ENSONIG00000031799	0	0	0
ENSONIG00000031800	1	0	0
ENSONIG00000031801	0	0	1
ENSONIG00000031802	0	0	0
ENSONIG00000031803	1	0	0
ENSONIG00000031804	0	0	0
ENSONIG00000031805	0	0	0
ENSONIG00000031806	0	0	2
ENSONIG00000031807	0	0	0
ENSONIG00000031808	0	0	0
ENSONIG00000031809	0	0	0
ENSONIG00000031810	0	0	0
ENSONIG00000031811	1	1	0
ENSONIG00000031812	9	10	113
ENSONIG00000031813	3	1	2
ENSONIG00000031814	0	0	0
ENSONIG00000031815	0	0	0
ENSONIG00000031816	0	0	13
ENSONIG00000031817	0	0	0
ENSONIG00000031818	0	0	0
ENSONIG00000031819	0	0	0
ENSONIG00000031820	0	0	0
ENSONIG00000031821	0	0	0
ENSONIG00000031822	0	0	0
ENSONIG00000031823	0	0	0
ENSONIG00000031824	0	0	0
ENSONIG00000031825	0	0	0
ENSONIG00000031826	0	0	2
ENSONIG00000031827	76	61	42
ENSONIG00000031828	15	25	240
ENSONIG00000031829	0	0	0
ENSONIG00000031830	1	0	1
ENSONIG00000031831	0	0	0
ENSONIG00000031832	5	0	3
ENSONIG00000031833	0	0	0
ENSONIG00000031834	1	0	0
ENSONIG00000031835	0	1	0
ENSONIG00000031836	1	0	3
ENSONIG00000031837	17	3	1
ENSONIG00000031838	0	0	0
ENSONIG00000031839	0	0	0
ENSONIG00000031840	0	0	0
ENSONIG00000031841	0	0	0
ENSONIG00000031842	0	0	0
ENSONIG00000031843	0	0	0
ENSONIG00000031844	2	0	8
ENSONIG00000031845	0	0	0
ENSONIG00000031846	0	0	0
ENSONIG00000031847	0	0	0
ENSONIG00000031848	0	0	0
ENSONIG00000031849	0	0	1
ENSONIG00000031850	0	0	4
ENSONIG00000031851	49	57	4583
ENSONIG00000031852	0	0	0
ENSONIG00000031853	0	0	0
ENSONIG00000031854	1	1	13
ENSONIG00000031855	0	0	0
ENSONIG00000031856	6	1	4
ENSONIG00000031857	0	0	0
ENSONIG00000031858	0	0	0
ENSONIG00000031859	2	0	0
ENSONIG00000031860	0	0	8
ENSONIG00000031861	0	0	0
ENSONIG00000031862	0	0	0
ENSONIG00000031863	1	0	0
ENSONIG00000031864	0	1	0
ENSONIG00000031865	1	0	8
ENSONIG00000031866	0	0	1
ENSONIG00000031867	0	0	0
ENSONIG00000031868	0	0	0
ENSONIG00000031869	0	0	0
ENSONIG00000031870	5	0	14
ENSONIG00000031871	0	0	0
ENSONIG00000031872	15	7	9
ENSONIG00000031873	0	0	0
ENSONIG00000031874	0	0	0
ENSONIG00000031875	1	0	4
ENSONIG00000031876	0	0	0
ENSONIG00000031877	0	0	0
ENSONIG00000031878	0	0	676
ENSONIG00000031879	1131	141	54
ENSONIG00000031880	0	0	0
ENSONIG00000031881	0	0	3
ENSONIG00000031882	0	0	2
ENSONIG00000031883	0	1	0
ENSONIG00000031884	0	0	0
ENSONIG00000031885	6	7	7
ENSONIG00000031886	16	4	9
ENSONIG00000031887	0	0	2
ENSONIG00000031888	0	0	3
ENSONIG00000031889	0	0	1
ENSONIG00000031890	0	0	1
ENSONIG00000031891	0	0	0
ENSONIG00000031892	0	0	4
ENSONIG00000031893	0	5	65
ENSONIG00000031894	2	0	0
ENSONIG00000031895	0	0	0
ENSONIG00000031896	0	0	3
ENSONIG00000031897	0	0	0
ENSONIG00000031898	0	0	0
ENSONIG00000031899	13	23	378
ENSONIG00000031900	0	0	0
ENSONIG00000031901	0	0	0
ENSONIG00000031902	0	0	0
ENSONIG00000031903	0	1	0
ENSONIG00000031904	0	0	0
ENSONIG00000031905	0	0	1
ENSONIG00000031906	0	0	0
ENSONIG00000031907	4	0	48
ENSONIG00000031908	0	0	0
ENSONIG00000031909	0	0	0
ENSONIG00000031910	0	0	0
ENSONIG00000031911	0	0	1
ENSONIG00000031912	0	0	0
ENSONIG00000031913	0	0	0
ENSONIG00000031914	0	0	0
ENSONIG00000031915	0	0	0
ENSONIG00000031916	0	0	0
ENSONIG00000031917	0	0	0
ENSONIG00000031918	3	1	3
ENSONIG00000031919	0	0	0
ENSONIG00000031920	0	0	0
ENSONIG00000031921	0	0	0
ENSONIG00000031922	8	0	1
ENSONIG00000031923	0	0	0
ENSONIG00000031924	3	0	7
ENSONIG00000031925	2	5	40
ENSONIG00000031926	0	0	0
ENSONIG00000031927	0	0	0
ENSONIG00000031928	0	0	0
ENSONIG00000031929	0	0	0
ENSONIG00000031930	0	0	3
ENSONIG00000031931	2	0	0
ENSONIG00000031932	7	0	0
ENSONIG00000031933	4	1	36
ENSONIG00000031934	0	0	0
ENSONIG00000031935	30	6	26
ENSONIG00000031936	0	0	0
ENSONIG00000031937	0	0	2
ENSONIG00000031938	0	0	3
ENSONIG00000031939	0	0	0
ENSONIG00000031940	0	0	0
ENSONIG00000031941	0	0	0
ENSONIG00000031942	0	0	1
ENSONIG00000031943	0	0	0
ENSONIG00000031944	0	1	5
ENSONIG00000031945	0	0	0
ENSONIG00000031946	14	3	0
ENSONIG00000031947	0	0	0
ENSONIG00000031948	0	0	0
ENSONIG00000031949	0	0	0
ENSONIG00000031950	1	0	2
ENSONIG00000031951	67	3	4
ENSONIG00000031952	18	2	1500
ENSONIG00000031953	0	0	0
ENSONIG00000031954	0	0	0
ENSONIG00000031955	0	0	0
ENSONIG00000031956	0	0	0
ENSONIG00000031957	0	0	0
ENSONIG00000031958	0	0	2
ENSONIG00000031959	0	0	0
ENSONIG00000031960	2	0	0
ENSONIG00000031961	0	0	0
ENSONIG00000031962	0	0	0
ENSONIG00000031963	0	0	0
ENSONIG00000031964	0	1	0
ENSONIG00000031965	0	0	0
ENSONIG00000031966	0	0	0
ENSONIG00000031967	0	0	0
ENSONIG00000031968	0	0	0
ENSONIG00000031969	0	0	1
ENSONIG00000031970	0	0	1
ENSONIG00000031971	0	0	0
ENSONIG00000031973	0	0	0
ENSONIG00000031974	0	0	0
ENSONIG00000031975	0	0	0
ENSONIG00000031976	0	0	0
ENSONIG00000031977	0	1	9
ENSONIG00000031978	0	0	0
ENSONIG00000031979	1	0	0
ENSONIG00000031980	0	5	62
ENSONIG00000031981	0	0	0
ENSONIG00000031982	3	4	97
ENSONIG00000031983	0	0	0
ENSONIG00000031984	0	0	0
ENSONIG00000031985	3	0	12
ENSONIG00000031986	352	389	497
ENSONIG00000031987	0	0	4
ENSONIG00000031988	0	0	11
ENSONIG00000031989	19	6	159
ENSONIG00000031990	0	1	0
ENSONIG00000031991	0	0	4
ENSONIG00000031992	109	60	69
ENSONIG00000031993	17	0	3
ENSONIG00000031994	1	0	0
ENSONIG00000031995	0	2	0
ENSONIG00000031996	0	0	0
ENSONIG00000031997	0	0	0
ENSONIG00000031998	31	2	8
ENSONIG00000031999	0	0	0
ENSONIG00000032000	0	1	0
ENSONIG00000032001	0	0	4
ENSONIG00000032002	0	0	3
ENSONIG00000032003	0	0	0
ENSONIG00000032004	0	0	0
ENSONIG00000032005	0	0	0
ENSONIG00000032006	0	0	0
ENSONIG00000032007	0	0	1
ENSONIG00000032008	1723	782	1006
ENSONIG00000032009	0	0	0
ENSONIG00000032010	0	0	0
ENSONIG00000032011	0	0	0
ENSONIG00000032012	3	0	0
ENSONIG00000032013	0	0	0
ENSONIG00000032014	0	0	0
ENSONIG00000032015	0	1	7
ENSONIG00000032016	0	1	0
ENSONIG00000032017	3	7	36
ENSONIG00000032018	69	68	235
ENSONIG00000032019	0	0	0
ENSONIG00000032020	0	0	0
ENSONIG00000032021	0	0	0
ENSONIG00000032022	0	0	0
ENSONIG00000032023	445	373	490
ENSONIG00000032024	0	0	0
ENSONIG00000032025	0	0	0
ENSONIG00000032026	0	0	0
ENSONIG00000032027	3	1	4
ENSONIG00000032028	0	0	0
ENSONIG00000032029	0	0	0
ENSONIG00000032030	0	0	0
ENSONIG00000032031	5	0	17
ENSONIG00000032032	0	0	0
ENSONIG00000032033	1	0	0
ENSONIG00000032034	0	0	0
ENSONIG00000032035	0	0	17
ENSONIG00000032036	0	0	4
ENSONIG00000032037	0	0	0
ENSONIG00000032038	0	0	2
ENSONIG00000032039	0	0	0
ENSONIG00000032040	0	0	0
ENSONIG00000032041	0	0	2
ENSONIG00000032042	0	0	0
ENSONIG00000032043	0	1	0
ENSONIG00000032044	0	0	0
ENSONIG00000032045	0	0	0
ENSONIG00000032046	0	0	0
ENSONIG00000032047	0	0	1
ENSONIG00000032048	0	0	1
ENSONIG00000032049	0	0	0
ENSONIG00000032050	0	0	0
ENSONIG00000032051	0	0	4
ENSONIG00000032052	0	0	0
ENSONIG00000032053	0	0	6
ENSONIG00000032054	0	0	0
ENSONIG00000032055	3057	517	249
ENSONIG00000032056	0	0	1
ENSONIG00000032057	0	0	0
ENSONIG00000032058	89	90	76
ENSONIG00000032059	5617	9	63
ENSONIG00000032060	4	3	37
ENSONIG00000032061	0	0	0
ENSONIG00000032062	0	0	1
ENSONIG00000032063	0	0	0
ENSONIG00000032064	0	0	0
ENSONIG00000032065	0	1	27
ENSONIG00000032066	0	0	0
ENSONIG00000032067	0	0	0
ENSONIG00000032068	0	0	8
ENSONIG00000032069	3	0	2
ENSONIG00000032070	0	0	4
ENSONIG00000032071	7	15	32
ENSONIG00000032072	0	0	0
ENSONIG00000032073	0	0	0
ENSONIG00000032074	0	0	0
ENSONIG00000032075	0	0	71
ENSONIG00000032076	0	1	2
ENSONIG00000032077	0	1	1
ENSONIG00000032078	0	2	16
ENSONIG00000032079	0	0	0
ENSONIG00000032080	0	0	0
ENSONIG00000032081	0	0	0
ENSONIG00000032082	0	0	0
ENSONIG00000032083	0	0	0
ENSONIG00000032084	0	0	0
ENSONIG00000032085	42	0	15
ENSONIG00000032086	0	0	0
ENSONIG00000032087	2	0	2
ENSONIG00000032088	0	0	0
ENSONIG00000032089	0	0	0
ENSONIG00000032090	0	0	0
ENSONIG00000032091	4	1	4
ENSONIG00000032092	3	0	6
ENSONIG00000032093	0	0	0
ENSONIG00000032094	0	0	0
ENSONIG00000032095	3	0	4
ENSONIG00000032096	0	0	0
ENSONIG00000032097	1	3	44
ENSONIG00000032098	0	0	0
ENSONIG00000032099	0	0	0
ENSONIG00000032100	0	1	26
ENSONIG00000032101	0	0	0
ENSONIG00000032102	0	1	0
ENSONIG00000032103	0	0	1
ENSONIG00000032104	0	0	0
ENSONIG00000032105	0	0	0
ENSONIG00000032106	1	0	0
ENSONIG00000032107	0	0	0
ENSONIG00000032108	433	241	289
ENSONIG00000032109	0	0	0
ENSONIG00000032110	0	0	0
ENSONIG00000032111	0	0	3
ENSONIG00000032112	0	0	0
ENSONIG00000032113	0	0	0
ENSONIG00000032114	0	0	0
ENSONIG00000032115	0	0	3
ENSONIG00000032116	0	0	0
ENSONIG00000032117	0	0	0
ENSONIG00000032118	0	0	0
ENSONIG00000032119	0	0	0
ENSONIG00000032120	1	7	2
ENSONIG00000032121	0	0	0
ENSONIG00000032122	64	65	53
ENSONIG00000032123	0	0	0
ENSONIG00000032124	0	0	0
ENSONIG00000032125	0	0	0
ENSONIG00000032126	0	0	0
ENSONIG00000032127	0	0	0
ENSONIG00000032128	35	372	622
ENSONIG00000032129	7	4	0
ENSONIG00000032130	0	0	0
ENSONIG00000032131	1	6	11
ENSONIG00000032132	0	0	0
ENSONIG00000032133	0	0	2
ENSONIG00000032134	0	0	0
ENSONIG00000032135	10	0	14
ENSONIG00000032136	0	0	0
ENSONIG00000032137	0	0	0
ENSONIG00000032138	0	0	4
ENSONIG00000032139	2	0	1
ENSONIG00000032140	0	4	0
ENSONIG00000032141	0	0	0
ENSONIG00000032142	0	0	0
ENSONIG00000032143	0	0	1
ENSONIG00000032144	0	0	0
ENSONIG00000032145	0	0	0
ENSONIG00000032146	0	0	0
ENSONIG00000032147	3	6	58
ENSONIG00000032148	0	0	1
ENSONIG00000032149	0	0	0
ENSONIG00000032150	0	3	8
ENSONIG00000032151	0	0	0
ENSONIG00000032152	0	0	0
ENSONIG00000032153	0	0	0
ENSONIG00000032154	0	0	1
ENSONIG00000032155	1	0	37
ENSONIG00000032156	1	3	5
ENSONIG00000032157	0	0	2
ENSONIG00000032158	2	1	43
ENSONIG00000032159	0	0	0
ENSONIG00000032160	0	0	0
ENSONIG00000032161	0	0	0
ENSONIG00000032162	0	0	14
ENSONIG00000032163	0	0	0
ENSONIG00000032164	0	0	0
ENSONIG00000032165	0	0	1
ENSONIG00000032166	0	0	0
ENSONIG00000032167	5	0	4
ENSONIG00000032168	10	0	0
ENSONIG00000032169	1	0	0
ENSONIG00000032170	2	0	0
ENSONIG00000032171	52	31	85
ENSONIG00000032172	0	0	0
ENSONIG00000032173	0	0	0
ENSONIG00000032174	7	0	1
ENSONIG00000032175	0	0	0
ENSONIG00000032176	0	0	0
ENSONIG00000032177	0	0	2
ENSONIG00000032178	0	0	0
ENSONIG00000032179	0	0	0
ENSONIG00000032180	1	0	0
ENSONIG00000032181	1	0	0
ENSONIG00000032182	0	0	0
ENSONIG00000032183	0	0	5
ENSONIG00000032184	0	0	0
ENSONIG00000032185	0	0	0
ENSONIG00000032186	0	0	0
ENSONIG00000032187	0	0	0
ENSONIG00000032188	0	0	0
ENSONIG00000032189	0	0	0
ENSONIG00000032190	0	1	18
ENSONIG00000032191	0	0	1
ENSONIG00000032192	0	0	0
ENSONIG00000032193	0	0	0
ENSONIG00000032194	0	0	0
ENSONIG00000032195	0	0	8
ENSONIG00000032196	0	0	1
ENSONIG00000032197	0	0	0
ENSONIG00000032198	0	0	2
ENSONIG00000032199	0	0	0
ENSONIG00000032200	0	0	0
ENSONIG00000032201	2	0	0
ENSONIG00000032202	0	0	0
ENSONIG00000032203	0	0	1
ENSONIG00000032204	0	0	0
ENSONIG00000032205	0	0	0
ENSONIG00000032206	0	0	0
ENSONIG00000032207	0	0	0
ENSONIG00000032208	0	0	0
ENSONIG00000032209	0	0	0
ENSONIG00000032210	0	0	0
ENSONIG00000032211	0	0	0
ENSONIG00000032212	0	0	0
ENSONIG00000032213	0	0	5
ENSONIG00000032214	0	2	6
ENSONIG00000032215	2	1	0
ENSONIG00000032216	1	0	15
ENSONIG00000032217	0	0	0
ENSONIG00000032218	0	0	0
ENSONIG00000032219	0	0	11
ENSONIG00000032220	246	5	43
ENSONIG00000032221	0	0	0
ENSONIG00000032222	0	3	7
ENSONIG00000032223	0	0	0
ENSONIG00000032224	0	0	0
ENSONIG00000032225	0	0	0
ENSONIG00000032226	0	0	0
ENSONIG00000032227	2	1	0
ENSONIG00000032228	0	0	0
ENSONIG00000032229	0	2	21
ENSONIG00000032230	0	0	0
ENSONIG00000032231	5	1	1
ENSONIG00000032232	0	0	0
ENSONIG00000032233	0	0	0
ENSONIG00000032234	0	0	0
ENSONIG00000032235	0	0	0
ENSONIG00000032236	1	0	1
ENSONIG00000032237	0	0	0
ENSONIG00000032238	1	0	5
ENSONIG00000032239	0	0	0
ENSONIG00000032240	0	0	0
ENSONIG00000032241	0	0	0
ENSONIG00000032242	0	0	0
ENSONIG00000032243	166	20	7
ENSONIG00000032244	2	0	21
ENSONIG00000032245	0	0	0
ENSONIG00000032246	0	1	0
ENSONIG00000032247	1	4	130
ENSONIG00000032248	12	0	0
ENSONIG00000032249	0	0	0
ENSONIG00000032250	2	0	0
ENSONIG00000032251	0	0	0
ENSONIG00000032252	0	3	79
ENSONIG00000032253	1	0	6
ENSONIG00000032254	0	0	0
ENSONIG00000032255	0	0	0
ENSONIG00000032256	0	0	0
ENSONIG00000032257	0	0	0
ENSONIG00000032258	32	1	4
ENSONIG00000032259	7	0	0
ENSONIG00000032260	0	0	0
ENSONIG00000032261	0	0	0
ENSONIG00000032262	0	0	0
ENSONIG00000032263	0	0	0
ENSONIG00000032264	0	0	0
ENSONIG00000032265	0	0	0
ENSONIG00000032266	0	0	0
ENSONIG00000032267	0	0	0
ENSONIG00000032268	0	0	0
ENSONIG00000032269	5	1	4
ENSONIG00000032270	0	0	0
ENSONIG00000032271	0	0	0
ENSONIG00000032272	1	0	1
ENSONIG00000032273	0	0	0
ENSONIG00000032274	0	3	0
ENSONIG00000032275	1	3	228
ENSONIG00000032276	82	9	41
ENSONIG00000032277	0	0	0
ENSONIG00000032278	0	0	0
ENSONIG00000032279	0	2	1
ENSONIG00000032280	0	0	3
ENSONIG00000032281	0	0	0
ENSONIG00000032282	0	0	0
ENSONIG00000032283	1	9	126
ENSONIG00000032284	0	0	0
ENSONIG00000032285	1	0	16
ENSONIG00000032286	1	0	0
ENSONIG00000032287	0	0	0
ENSONIG00000032288	2	0	0
ENSONIG00000032289	9	4	7
ENSONIG00000032290	0	0	0
ENSONIG00000032291	0	0	0
ENSONIG00000032292	0	0	0
ENSONIG00000032293	1	5	31
ENSONIG00000032294	0	0	1
ENSONIG00000032295	0	0	4
ENSONIG00000032296	0	0	0
ENSONIG00000032297	0	0	0
ENSONIG00000032298	0	0	0
ENSONIG00000032299	0	0	3
ENSONIG00000032300	0	0	0
ENSONIG00000032301	0	0	0
ENSONIG00000032302	0	0	0
ENSONIG00000032303	2	0	9
ENSONIG00000032304	0	0	0
ENSONIG00000032305	0	0	0
ENSONIG00000032306	0	0	0
ENSONIG00000032307	0	1	2
ENSONIG00000032308	0	0	1
ENSONIG00000032309	0	0	0
ENSONIG00000032310	0	0	0
ENSONIG00000032311	0	0	0
ENSONIG00000032312	1	0	1
ENSONIG00000032313	0	0	0
ENSONIG00000032314	1194	1856	49069
ENSONIG00000032315	0	0	0
ENSONIG00000032316	0	0	0
ENSONIG00000032317	0	1	16
ENSONIG00000032318	0	0	1
ENSONIG00000032319	0	0	0
ENSONIG00000032320	0	0	0
ENSONIG00000032321	0	0	1
ENSONIG00000032322	0	0	0
ENSONIG00000032323	0	0	0
ENSONIG00000032324	0	0	1
ENSONIG00000032325	0	2	1
ENSONIG00000032326	0	0	0
ENSONIG00000032327	0	0	0
ENSONIG00000032328	1	0	1
ENSONIG00000032329	0	0	0
ENSONIG00000032330	0	0	0
ENSONIG00000032331	0	0	1
ENSONIG00000032332	0	0	0
ENSONIG00000032333	208	114	122
ENSONIG00000032334	1	0	0
ENSONIG00000032335	0	0	2
ENSONIG00000032336	0	0	0
ENSONIG00000032337	0	0	0
ENSONIG00000032338	0	0	0
ENSONIG00000032339	0	0	0
ENSONIG00000032340	0	0	2
ENSONIG00000032341	7	1	0
ENSONIG00000032342	0	1	3
ENSONIG00000032343	0	0	0
ENSONIG00000032344	0	0	0
ENSONIG00000032345	0	0	0
ENSONIG00000032346	0	0	0
ENSONIG00000032347	0	0	0
ENSONIG00000032348	1	1	2
ENSONIG00000032349	0	0	50
ENSONIG00000032350	0	1	3
ENSONIG00000032351	0	1	1
ENSONIG00000032352	0	0	0
ENSONIG00000032353	0	0	0
ENSONIG00000032354	0	0	0
ENSONIG00000032355	0	0	0
ENSONIG00000032356	0	0	0
ENSONIG00000032357	0	0	0
ENSONIG00000032358	0	0	0
ENSONIG00000032359	0	0	0
ENSONIG00000032360	64	0	34
ENSONIG00000032361	8	2	1
ENSONIG00000032362	0	0	0
ENSONIG00000032363	0	0	1
ENSONIG00000032364	0	2	1
ENSONIG00000032365	1	1	0
ENSONIG00000032366	0	1	0
ENSONIG00000032367	0	0	0
ENSONIG00000032368	0	0	0
ENSONIG00000032369	0	0	2
ENSONIG00000032370	0	0	0
ENSONIG00000032371	0	0	0
ENSONIG00000032372	5	1	12
ENSONIG00000032373	3	0	221
ENSONIG00000032374	0	0	0
ENSONIG00000032375	0	0	15
ENSONIG00000032376	0	0	0
ENSONIG00000032377	0	0	0
ENSONIG00000032378	0	0	0
ENSONIG00000032379	0	0	1
ENSONIG00000032380	0	0	0
ENSONIG00000032381	0	0	0
ENSONIG00000032382	0	0	0
ENSONIG00000032383	0	0	1
ENSONIG00000032384	0	1	13
ENSONIG00000032385	4	0	3
ENSONIG00000032386	0	0	0
ENSONIG00000032387	0	0	0
ENSONIG00000032388	0	0	0
ENSONIG00000032389	0	0	0
ENSONIG00000032390	0	1	2
ENSONIG00000032391	0	0	3
ENSONIG00000032392	0	0	1
ENSONIG00000032393	0	0	0
ENSONIG00000032394	0	0	0
ENSONIG00000032395	0	0	0
ENSONIG00000032396	0	0	0
ENSONIG00000032397	0	0	0
ENSONIG00000032398	0	0	0
ENSONIG00000032399	11	13	40
ENSONIG00000032400	0	0	0
ENSONIG00000032401	0	0	0
ENSONIG00000032402	1	1	0
ENSONIG00000032403	0	0	0
ENSONIG00000032404	0	0	0
ENSONIG00000032405	0	0	0
ENSONIG00000032406	0	0	1
ENSONIG00000032407	0	0	0
ENSONIG00000032408	47	4	13
ENSONIG00000032409	0	0	4
ENSONIG00000032410	0	0	0
ENSONIG00000032411	20	18	503
ENSONIG00000032412	0	0	0
ENSONIG00000032413	3	0	11
ENSONIG00000032414	0	0	0
ENSONIG00000032415	0	2	0
ENSONIG00000032416	0	0	1
ENSONIG00000032417	0	0	0
ENSONIG00000032418	22	4	63
ENSONIG00000032419	0	1	2
ENSONIG00000032420	0	2	0
ENSONIG00000032421	5	31	35
ENSONIG00000032422	0	0	0
ENSONIG00000032423	1	0	0
ENSONIG00000032424	0	0	0
ENSONIG00000032425	0	1	4
ENSONIG00000032426	0	0	1
ENSONIG00000032427	0	0	3
ENSONIG00000032428	0	0	2
ENSONIG00000032429	0	5	0
ENSONIG00000032430	13	4	217
ENSONIG00000032431	2	0	2
ENSONIG00000032432	0	0	2
ENSONIG00000032433	2	0	2
ENSONIG00000032434	0	0	0
ENSONIG00000032435	1	0	0
ENSONIG00000032436	1	3	26
ENSONIG00000032437	0	0	1
ENSONIG00000032438	2	1	11
ENSONIG00000032439	0	0	2
ENSONIG00000032440	0	0	0
ENSONIG00000032441	0	0	0
ENSONIG00000032442	0	0	0
ENSONIG00000032443	6	2	53
ENSONIG00000032444	0	0	2
ENSONIG00000032445	0	0	0
ENSONIG00000032446	0	0	0
ENSONIG00000032447	0	0	0
ENSONIG00000032448	0	0	0
ENSONIG00000032449	0	0	0
ENSONIG00000032450	0	0	0
ENSONIG00000032451	0	0	3
ENSONIG00000032452	9	1	0
ENSONIG00000032453	0	0	0
ENSONIG00000032454	0	0	0
ENSONIG00000032455	0	0	0
ENSONIG00000032456	0	0	0
ENSONIG00000032457	9	22	127
ENSONIG00000032458	2	4	1
ENSONIG00000032459	0	0	0
ENSONIG00000032460	0	0	0
ENSONIG00000032461	0	0	0
ENSONIG00000032462	7	2	8
ENSONIG00000032463	0	0	0
ENSONIG00000032464	0	0	0
ENSONIG00000032465	0	0	0
ENSONIG00000032466	0	0	0
ENSONIG00000032467	0	0	3
ENSONIG00000032468	1	0	28
ENSONIG00000032469	0	0	0
ENSONIG00000032470	9	7	19
ENSONIG00000032471	0	0	0
ENSONIG00000032472	0	1	0
ENSONIG00000032473	0	0	0
ENSONIG00000032474	0	1	0
ENSONIG00000032475	0	0	0
ENSONIG00000032476	0	0	0
ENSONIG00000032477	2	3	50
ENSONIG00000032478	0	0	0
ENSONIG00000032479	0	0	0
ENSONIG00000032480	0	0	0
ENSONIG00000032481	0	0	13
ENSONIG00000032482	0	0	1
ENSONIG00000032483	0	0	0
ENSONIG00000032484	0	0	1
ENSONIG00000032485	0	0	0
ENSONIG00000032486	1	0	0
ENSONIG00000032487	1	1	41
ENSONIG00000032488	0	0	0
ENSONIG00000032489	0	0	0
ENSONIG00000032490	0	0	0
ENSONIG00000032491	0	0	0
ENSONIG00000032492	0	0	0
ENSONIG00000032493	0	0	0
ENSONIG00000032494	1	1	9
ENSONIG00000032495	0	0	0
ENSONIG00000032496	1	0	4
ENSONIG00000032497	15	10	139
ENSONIG00000032498	0	0	0
ENSONIG00000032499	0	0	2
ENSONIG00000032500	0	0	1
ENSONIG00000032501	0	0	0
ENSONIG00000032502	0	0	0
ENSONIG00000032503	8	2	63
ENSONIG00000032504	0	0	0
ENSONIG00000032505	0	0	0
ENSONIG00000032506	2	0	2
ENSONIG00000032507	2	67	17
ENSONIG00000032508	0	0	23
ENSONIG00000032509	0	0	0
ENSONIG00000032510	0	0	0
ENSONIG00000032511	2	0	0
ENSONIG00000032512	0	0	5
ENSONIG00000032513	0	0	0
ENSONIG00000032514	0	0	0
ENSONIG00000032515	0	0	0
ENSONIG00000032516	3	0	0
ENSONIG00000032517	0	0	0
ENSONIG00000032518	0	0	2
ENSONIG00000032519	0	0	2
ENSONIG00000032520	0	0	0
ENSONIG00000032521	1	1	0
ENSONIG00000032522	0	0	0
ENSONIG00000032523	2	14	129
ENSONIG00000032524	0	0	0
ENSONIG00000032525	0	0	0
ENSONIG00000032526	0	2	11
ENSONIG00000032527	0	0	0
ENSONIG00000032528	0	0	0
ENSONIG00000032529	0	0	1
ENSONIG00000032530	0	0	0
ENSONIG00000032531	0	0	0
ENSONIG00000032532	0	0	0
ENSONIG00000032533	0	0	0
ENSONIG00000032534	2	4	47
ENSONIG00000032535	0	0	0
ENSONIG00000032536	1	0	1
ENSONIG00000032537	0	1	11
ENSONIG00000032538	3	1	14
ENSONIG00000032539	0	0	0
ENSONIG00000032540	1	1	11
ENSONIG00000032541	0	0	5
ENSONIG00000032542	0	0	0
ENSONIG00000032543	0	0	0
ENSONIG00000032544	3	1	3
ENSONIG00000032545	1	0	14
ENSONIG00000032546	1	0	11
ENSONIG00000032547	0	0	1
ENSONIG00000032548	0	0	0
ENSONIG00000032549	0	0	0
ENSONIG00000032550	0	2	1
ENSONIG00000032551	0	0	0
ENSONIG00000032552	0	0	0
ENSONIG00000032553	0	0	0
ENSONIG00000032554	0	0	0
ENSONIG00000032555	0	0	0
ENSONIG00000032556	0	0	29
ENSONIG00000032557	0	0	0
ENSONIG00000032558	16	6	1
ENSONIG00000032559	0	0	0
ENSONIG00000032560	0	0	0
ENSONIG00000032561	0	0	0
ENSONIG00000032562	0	0	0
ENSONIG00000032563	0	0	0
ENSONIG00000032564	0	0	0
ENSONIG00000032565	0	0	0
ENSONIG00000032566	0	0	0
ENSONIG00000032567	1	0	0
ENSONIG00000032568	0	0	8
ENSONIG00000032569	0	1	10
ENSONIG00000032570	1	0	1
ENSONIG00000032571	1	1	0
ENSONIG00000032572	476	234	262
ENSONIG00000032573	15	8	5
ENSONIG00000032574	0	0	0
ENSONIG00000032575	0	0	0
ENSONIG00000032576	3	0	0
ENSONIG00000032577	0	1	0
ENSONIG00000032578	0	0	0
ENSONIG00000032579	0	1	0
ENSONIG00000032580	0	0	0
ENSONIG00000032581	0	0	0
ENSONIG00000032582	0	0	0
ENSONIG00000032583	0	0	0
ENSONIG00000032584	1	5	94
ENSONIG00000032585	0	0	0
ENSONIG00000032586	0	0	0
ENSONIG00000032587	4	6	11
ENSONIG00000032588	4	4	17
ENSONIG00000032589	0	0	0
ENSONIG00000032590	0	0	0
ENSONIG00000032591	2	0	0
ENSONIG00000032592	0	0	1
ENSONIG00000032593	0	0	2
ENSONIG00000032594	0	0	26
ENSONIG00000032595	0	0	0
ENSONIG00000032596	0	0	0
ENSONIG00000032597	3	8	31
ENSONIG00000032598	0	2	0
ENSONIG00000032599	0	0	3
ENSONIG00000032600	16	5	4
ENSONIG00000032601	126	114	68
ENSONIG00000032602	0	0	0
ENSONIG00000032603	4	0	21
ENSONIG00000032604	0	0	0
ENSONIG00000032605	0	0	0
ENSONIG00000032606	0	0	1
ENSONIG00000032607	0	0	0
ENSONIG00000032608	0	0	0
ENSONIG00000032609	4	12	221
ENSONIG00000032610	0	0	0
ENSONIG00000032611	0	0	0
ENSONIG00000032612	0	0	0
ENSONIG00000032613	0	0	0
ENSONIG00000032614	0	0	0
ENSONIG00000032615	0	0	1
ENSONIG00000032616	0	0	3
ENSONIG00000032617	1	0	2
ENSONIG00000032618	0	0	1
ENSONIG00000032619	0	0	0
ENSONIG00000032620	0	0	0
ENSONIG00000032621	1	14	25
ENSONIG00000032622	0	0	5
ENSONIG00000032623	32	15	80
ENSONIG00000032624	0	0	0
ENSONIG00000032625	81	123	19061
ENSONIG00000032626	0	0	7
ENSONIG00000032627	0	0	0
ENSONIG00000032628	0	0	0
ENSONIG00000032629	0	0	3
ENSONIG00000032630	0	1	3
ENSONIG00000032631	0	0	0
ENSONIG00000032632	0	0	2
ENSONIG00000032633	0	0	0
ENSONIG00000032634	1	6	34
ENSONIG00000032635	0	0	0
ENSONIG00000032636	2	0	1
ENSONIG00000032637	0	0	1
ENSONIG00000032638	2	3	3
ENSONIG00000032639	0	0	0
ENSONIG00000032640	0	0	0
ENSONIG00000032641	0	0	0
ENSONIG00000032642	0	0	0
ENSONIG00000032643	41	2	0
ENSONIG00000032644	0	0	0
ENSONIG00000032645	0	0	0
ENSONIG00000032646	1	1	1
ENSONIG00000032647	1	0	1
ENSONIG00000032648	0	0	0
ENSONIG00000032649	1	1	4
ENSONIG00000032650	0	0	0
ENSONIG00000032651	0	0	0
ENSONIG00000032652	1	1	2
ENSONIG00000032653	0	0	9
ENSONIG00000032654	0	0	0
ENSONIG00000032655	0	0	0
ENSONIG00000032656	0	1	5
ENSONIG00000032657	1	1	4
ENSONIG00000032658	0	0	0
ENSONIG00000032659	1	6	25
ENSONIG00000032660	0	0	3
ENSONIG00000032661	0	0	0
ENSONIG00000032662	0	0	1
ENSONIG00000032663	0	0	0
ENSONIG00000032664	0	4	2
ENSONIG00000032665	0	0	0
ENSONIG00000032666	0	0	0
ENSONIG00000032667	0	0	23
ENSONIG00000032668	4	19	434
ENSONIG00000032669	0	0	0
ENSONIG00000032670	1	0	0
ENSONIG00000032671	4	0	0
ENSONIG00000032672	0	0	0
ENSONIG00000032673	0	0	0
ENSONIG00000032674	0	0	0
ENSONIG00000032675	1	1	0
ENSONIG00000032676	0	0	0
ENSONIG00000032677	0	0	0
ENSONIG00000032678	0	0	0
ENSONIG00000032679	0	0	72
ENSONIG00000032680	0	0	0
ENSONIG00000032681	1	1	2
ENSONIG00000032682	0	0	0
ENSONIG00000032683	0	0	0
ENSONIG00000032684	3	0	3
ENSONIG00000032685	6	2	27
ENSONIG00000032686	0	3	0
ENSONIG00000032687	0	0	0
ENSONIG00000032688	0	0	0
ENSONIG00000032689	0	0	0
ENSONIG00000032690	0	0	0
ENSONIG00000032691	4	5	0
ENSONIG00000032692	0	0	0
ENSONIG00000032693	0	0	0
ENSONIG00000032694	0	0	3
ENSONIG00000032695	0	0	1
ENSONIG00000032696	0	0	0
ENSONIG00000032697	0	0	0
ENSONIG00000032698	0	0	0
ENSONIG00000032699	0	0	0
ENSONIG00000032700	0	0	0
ENSONIG00000032701	0	2	3
ENSONIG00000032702	4	3	129
ENSONIG00000032703	0	0	0
ENSONIG00000032704	0	0	6
ENSONIG00000032705	0	0	0
ENSONIG00000032706	0	0	0
ENSONIG00000032707	0	0	0
ENSONIG00000032708	1	0	0
ENSONIG00000032709	0	0	0
ENSONIG00000032710	1	35	5
ENSONIG00000032711	0	0	0
ENSONIG00000032712	0	0	0
ENSONIG00000032713	0	0	0
ENSONIG00000032714	4	5	124
ENSONIG00000032715	0	0	0
ENSONIG00000032716	0	0	0
ENSONIG00000032717	0	0	0
ENSONIG00000032718	1	0	2
ENSONIG00000032719	0	0	0
ENSONIG00000032720	0	0	28
ENSONIG00000032721	0	0	0
ENSONIG00000032722	0	0	0
ENSONIG00000032723	0	0	0
ENSONIG00000032724	0	0	0
ENSONIG00000032725	40	47	478
ENSONIG00000032726	0	0	4
ENSONIG00000032727	0	0	0
ENSONIG00000032728	0	0	0
ENSONIG00000032729	0	0	0
ENSONIG00000032730	2	0	0
ENSONIG00000032731	0	0	0
ENSONIG00000032732	0	0	0
ENSONIG00000032733	0	0	0
ENSONIG00000032734	0	0	0
ENSONIG00000032735	3	1	10
ENSONIG00000032736	0	0	1
ENSONIG00000032737	0	0	6
ENSONIG00000032738	0	0	0
ENSONIG00000032739	0	0	0
ENSONIG00000032740	0	0	1
ENSONIG00000032741	0	1	0
ENSONIG00000032742	7	3	52
ENSONIG00000032743	0	0	0
ENSONIG00000032744	0	0	0
ENSONIG00000032745	0	1	2
ENSONIG00000032746	0	0	2
ENSONIG00000032747	1	5	18
ENSONIG00000032748	0	0	0
ENSONIG00000032749	0	0	0
ENSONIG00000032750	0	0	0
ENSONIG00000032751	0	0	0
ENSONIG00000032752	1	1	1
ENSONIG00000032753	1	2	9
ENSONIG00000032754	0	0	0
ENSONIG00000032755	0	0	0
ENSONIG00000032756	0	0	0
ENSONIG00000032757	1	0	0
ENSONIG00000032758	4	1	14
ENSONIG00000032759	0	0	0
ENSONIG00000032760	0	0	0
ENSONIG00000032761	0	0	0
ENSONIG00000032762	0	0	2
ENSONIG00000032763	0	0	0
ENSONIG00000032764	0	0	0
ENSONIG00000032765	0	0	0
ENSONIG00000032766	0	0	0
ENSONIG00000032767	0	0	0
ENSONIG00000032768	0	0	2
ENSONIG00000032769	0	0	0
ENSONIG00000032770	0	0	1
ENSONIG00000032771	0	0	0
ENSONIG00000032772	0	2	0
ENSONIG00000032773	1	0	1
ENSONIG00000032774	0	0	0
ENSONIG00000032775	0	0	7
ENSONIG00000032776	0	0	0
ENSONIG00000032777	0	2	0
ENSONIG00000032778	0	0	0
ENSONIG00000032779	0	0	8
ENSONIG00000032780	0	0	0
ENSONIG00000032781	0	0	0
ENSONIG00000032782	0	0	0
ENSONIG00000032783	0	0	0
ENSONIG00000032784	0	0	0
ENSONIG00000032785	0	0	0
ENSONIG00000032786	0	0	4
ENSONIG00000032787	0	0	0
ENSONIG00000032788	0	1	0
ENSONIG00000032789	0	0	4
ENSONIG00000032790	0	0	0
ENSONIG00000032791	0	0	0
ENSONIG00000032792	26	2	1
ENSONIG00000032793	2	2	73
ENSONIG00000032794	0	0	0
ENSONIG00000032795	0	0	0
ENSONIG00000032796	0	2	76
ENSONIG00000032797	0	0	0
ENSONIG00000032798	0	0	0
ENSONIG00000032799	0	0	0
ENSONIG00000032800	0	7	1
ENSONIG00000032801	0	0	3
ENSONIG00000032802	0	0	0
ENSONIG00000032803	1	0	0
ENSONIG00000032804	5	6	152
ENSONIG00000032805	0	0	0
ENSONIG00000032806	0	0	1
ENSONIG00000032807	0	0	0
ENSONIG00000032808	0	0	0
ENSONIG00000032809	0	0	0
ENSONIG00000032810	0	0	0
ENSONIG00000032811	0	0	0
ENSONIG00000032812	1	0	4
ENSONIG00000032813	0	0	3
ENSONIG00000032814	2073	858	586
ENSONIG00000032815	0	0	0
ENSONIG00000032816	0	0	0
ENSONIG00000032817	0	0	0
ENSONIG00000032818	0	0	0
ENSONIG00000032819	0	0	0
ENSONIG00000032820	0	0	0
ENSONIG00000032821	0	0	0
ENSONIG00000032822	0	0	3
ENSONIG00000032823	0	17	41
ENSONIG00000032824	3	0	0
ENSONIG00000032825	0	0	0
ENSONIG00000032826	0	0	0
ENSONIG00000032827	0	0	0
ENSONIG00000032828	0	0	0
ENSONIG00000032829	6	0	2
ENSONIG00000032830	2	0	9
ENSONIG00000032831	25	14	87
ENSONIG00000032832	0	0	0
ENSONIG00000032833	0	0	0
ENSONIG00000032834	0	0	0
ENSONIG00000032835	0	0	0
ENSONIG00000032836	0	0	1
ENSONIG00000032837	0	0	0
ENSONIG00000032838	0	0	0
ENSONIG00000032839	0	0	0
ENSONIG00000032840	83	20	77
ENSONIG00000032841	0	0	0
ENSONIG00000032842	0	0	0
ENSONIG00000032843	0	0	1
ENSONIG00000032844	2	0	9
ENSONIG00000032845	0	0	0
ENSONIG00000032846	2	4	47
ENSONIG00000032847	2	8	3
ENSONIG00000032848	0	0	0
ENSONIG00000032849	2	0	19
ENSONIG00000032850	0	0	0
ENSONIG00000032851	0	0	4
ENSONIG00000032852	0	0	0
ENSONIG00000032853	0	0	2
ENSONIG00000032854	0	0	0
ENSONIG00000032855	3	0	2
ENSONIG00000032856	0	2	28
ENSONIG00000032857	0	0	0
ENSONIG00000032858	0	0	1
ENSONIG00000032859	0	0	1
ENSONIG00000032860	0	0	0
ENSONIG00000032861	0	0	1
ENSONIG00000032862	1	1	0
ENSONIG00000032863	0	0	0
ENSONIG00000032864	0	1	5
ENSONIG00000032865	13	5	67
ENSONIG00000032866	0	0	0
ENSONIG00000032867	1	0	0
ENSONIG00000032868	0	0	0
ENSONIG00000032869	0	0	1
ENSONIG00000032870	0	0	0
ENSONIG00000032871	1	0	14
ENSONIG00000032872	0	25	12
ENSONIG00000032873	0	0	0
ENSONIG00000032874	0	0	0
ENSONIG00000032875	0	0	0
ENSONIG00000032876	0	0	0
ENSONIG00000032877	12	1	29
ENSONIG00000032878	0	0	0
ENSONIG00000032879	1	0	0
ENSONIG00000032880	0	0	1
ENSONIG00000032881	4	0	0
ENSONIG00000032882	0	0	0
ENSONIG00000032883	0	0	0
ENSONIG00000032884	0	0	0
ENSONIG00000032885	0	0	0
ENSONIG00000032886	0	0	0
ENSONIG00000032887	0	0	3
ENSONIG00000032888	0	0	3
ENSONIG00000032889	0	0	2
ENSONIG00000032890	0	0	1
ENSONIG00000032891	0	0	0
ENSONIG00000032892	0	0	0
ENSONIG00000032893	0	0	0
ENSONIG00000032894	0	0	0
ENSONIG00000032895	5	0	7
ENSONIG00000032896	0	0	0
ENSONIG00000032897	3	1	3
ENSONIG00000032898	0	0	0
ENSONIG00000032899	0	0	0
ENSONIG00000032900	0	0	0
ENSONIG00000032901	16	0	5
ENSONIG00000032902	0	0	0
ENSONIG00000032903	0	1	10
ENSONIG00000032904	0	0	0
ENSONIG00000032905	0	2	14
ENSONIG00000032906	0	0	0
ENSONIG00000032907	0	0	0
ENSONIG00000032908	0	0	0
ENSONIG00000032909	0	0	4
ENSONIG00000032910	0	0	0
ENSONIG00000032911	0	0	0
ENSONIG00000032912	0	0	0
ENSONIG00000032913	1	5	0
ENSONIG00000032914	1	0	1
ENSONIG00000032915	0	1	22
ENSONIG00000032916	0	0	9
ENSONIG00000032917	0	2	4
ENSONIG00000032918	0	1	0
ENSONIG00000032919	0	0	2
ENSONIG00000032920	0	0	0
ENSONIG00000032921	0	1	0
ENSONIG00000032922	1	0	9
ENSONIG00000032923	0	0	0
ENSONIG00000032924	0	0	0
ENSONIG00000032925	0	0	0
ENSONIG00000032926	0	0	0
ENSONIG00000032927	0	0	0
ENSONIG00000032928	0	0	0
ENSONIG00000032929	0	0	0
ENSONIG00000032930	2	2	150
ENSONIG00000032931	0	0	0
ENSONIG00000032932	0	0	0
ENSONIG00000032933	0	0	0
ENSONIG00000032934	2	0	2
ENSONIG00000032935	0	0	0
ENSONIG00000032936	0	0	0
ENSONIG00000032937	1	2	12
ENSONIG00000032938	0	0	0
ENSONIG00000032939	0	0	0
ENSONIG00000032940	0	0	0
ENSONIG00000032941	0	0	0
ENSONIG00000032942	1	0	6
ENSONIG00000032943	0	0	0
ENSONIG00000032944	2	0	1
ENSONIG00000032945	22	4	128
ENSONIG00000032946	0	0	2
ENSONIG00000032947	0	0	1
ENSONIG00000032948	40	66	1154
ENSONIG00000032949	0	0	0
ENSONIG00000032950	0	0	0
ENSONIG00000032951	0	0	0
ENSONIG00000032952	1	1	0
ENSONIG00000032953	0	1	1
ENSONIG00000032954	0	0	0
ENSONIG00000032955	0	0	0
ENSONIG00000032956	1	0	0
ENSONIG00000032957	1	1	3
ENSONIG00000032958	0	0	0
ENSONIG00000032959	2	0	0
ENSONIG00000032960	0	0	0
ENSONIG00000032961	0	0	0
ENSONIG00000032962	0	0	0
ENSONIG00000032963	0	0	1
ENSONIG00000032964	6	0	0
ENSONIG00000032965	0	0	0
ENSONIG00000032966	11	0	6
ENSONIG00000032967	15	0	16
ENSONIG00000032968	0	0	0
ENSONIG00000032969	0	0	3
ENSONIG00000032970	0	0	0
ENSONIG00000032971	0	0	0
ENSONIG00000032972	0	0	0
ENSONIG00000032973	2	1	15
ENSONIG00000032974	0	0	0
ENSONIG00000032975	6	5	46
ENSONIG00000032976	0	0	0
ENSONIG00000032977	0	3	2
ENSONIG00000032978	0	18	7
ENSONIG00000032979	0	0	0
ENSONIG00000032980	0	0	0
ENSONIG00000032981	0	0	0
ENSONIG00000032982	0	0	0
ENSONIG00000032983	0	0	0
ENSONIG00000032984	0	0	1
ENSONIG00000032985	0	0	0
ENSONIG00000032986	1	1	0
ENSONIG00000032987	6	0	8
ENSONIG00000032988	0	0	0
ENSONIG00000032989	0	0	0
ENSONIG00000032990	0	0	0
ENSONIG00000032991	2	9	4
ENSONIG00000032992	1	0	1
ENSONIG00000032993	0	0	1
ENSONIG00000032994	0	0	0
ENSONIG00000032995	2	0	0
ENSONIG00000032996	1	0	0
ENSONIG00000032997	10	0	0
ENSONIG00000032998	11	13	21
ENSONIG00000032999	0	0	0
ENSONIG00000033000	0	0	0
ENSONIG00000033001	0	0	0
ENSONIG00000033002	4	7	38
ENSONIG00000033003	0	0	0
ENSONIG00000033004	58	85	53
ENSONIG00000033005	0	0	0
ENSONIG00000033006	0	0	0
ENSONIG00000033007	1	0	0
ENSONIG00000033008	0	0	0
ENSONIG00000033009	0	0	0
ENSONIG00000033010	0	0	0
ENSONIG00000033011	0	0	0
ENSONIG00000033012	0	4	4
ENSONIG00000033013	1	1	20
ENSONIG00000033014	0	0	0
ENSONIG00000033015	10	1	62
ENSONIG00000033016	2	0	0
ENSONIG00000033017	0	0	0
ENSONIG00000033018	0	0	0
ENSONIG00000033019	0	0	0
ENSONIG00000033020	0	0	1
ENSONIG00000033021	9	0	6
ENSONIG00000033022	0	0	1
ENSONIG00000033023	0	0	6
ENSONIG00000033024	27	3	30
ENSONIG00000033025	0	0	3
ENSONIG00000033026	0	0	0
ENSONIG00000033027	0	0	0
ENSONIG00000033028	0	0	0
ENSONIG00000033029	0	0	0
ENSONIG00000033030	0	0	0
ENSONIG00000033031	0	0	1
ENSONIG00000033032	1	0	3
ENSONIG00000033033	2	3	21
ENSONIG00000033034	0	0	0
ENSONIG00000033035	0	0	0
ENSONIG00000033036	1	0	1
ENSONIG00000033037	0	0	0
ENSONIG00000033038	3	1	8
ENSONIG00000033039	0	0	0
ENSONIG00000033040	0	0	0
ENSONIG00000033041	1	0	0
ENSONIG00000033042	0	0	0
ENSONIG00000033043	0	0	0
ENSONIG00000033044	0	0	0
ENSONIG00000033045	0	0	0
ENSONIG00000033046	1	0	0
ENSONIG00000033047	2	1	27
ENSONIG00000033048	0	2	11
ENSONIG00000033049	0	0	0
ENSONIG00000033050	0	0	0
ENSONIG00000033051	0	0	0
ENSONIG00000033052	2	6	13
ENSONIG00000033053	0	0	0
ENSONIG00000033054	3	0	0
ENSONIG00000033055	1	0	4
ENSONIG00000033056	0	0	0
ENSONIG00000033057	0	0	0
ENSONIG00000033058	1	1	0
ENSONIG00000033059	0	0	3
ENSONIG00000033060	0	0	0
ENSONIG00000033061	4	5	0
ENSONIG00000033062	0	0	9
ENSONIG00000033063	0	0	0
ENSONIG00000033064	0	0	0
ENSONIG00000033065	0	0	0
ENSONIG00000033066	0	0	0
ENSONIG00000033067	0	0	0
ENSONIG00000033068	0	2	0
ENSONIG00000033069	3	0	16
ENSONIG00000033070	0	0	0
ENSONIG00000033071	0	0	0
ENSONIG00000033072	3	0	22
ENSONIG00000033073	0	0	0
ENSONIG00000033074	0	0	0
ENSONIG00000033075	0	0	0
ENSONIG00000033076	0	0	0
ENSONIG00000033077	0	3	1
ENSONIG00000033078	10	3	33
ENSONIG00000033079	0	0	0
ENSONIG00000033080	2	2	14
ENSONIG00000033081	0	0	0
ENSONIG00000033082	0	0	0
ENSONIG00000033083	0	0	0
ENSONIG00000033084	0	0	1
ENSONIG00000033085	0	0	0
ENSONIG00000033086	0	0	0
ENSONIG00000033087	0	0	2
ENSONIG00000033088	2	0	5
ENSONIG00000033089	5	2	1
ENSONIG00000033090	0	0	6
ENSONIG00000033091	0	0	0
ENSONIG00000033092	9	2	6
ENSONIG00000033093	0	0	0
ENSONIG00000033094	0	0	0
ENSONIG00000033095	1	0	2
ENSONIG00000033096	0	2	25
ENSONIG00000033097	0	0	0
ENSONIG00000033098	0	0	3
ENSONIG00000033099	0	0	0
ENSONIG00000033100	0	1	0
ENSONIG00000033101	0	0	0
ENSONIG00000033102	75	443	346
ENSONIG00000033103	0	0	0
ENSONIG00000033104	0	0	1
ENSONIG00000033105	0	1	4
ENSONIG00000033106	0	0	2
ENSONIG00000033107	0	0	0
ENSONIG00000033108	1	0	0
ENSONIG00000033109	0	2	6
ENSONIG00000033110	0	0	0
ENSONIG00000033111	0	0	21
ENSONIG00000033112	0	0	0
ENSONIG00000033113	2	0	0
ENSONIG00000033114	3	5	42
ENSONIG00000033115	0	0	0
ENSONIG00000033116	0	1	16
ENSONIG00000033117	0	0	0
ENSONIG00000033118	4	0	7
ENSONIG00000033119	3	0	0
ENSONIG00000033120	0	0	4
ENSONIG00000033121	41	31	43
ENSONIG00000033122	0	0	0
ENSONIG00000033123	0	0	2
ENSONIG00000033124	0	1	0
ENSONIG00000033125	0	0	0
ENSONIG00000033126	0	0	0
ENSONIG00000033127	0	0	0
ENSONIG00000033128	1	0	0
ENSONIG00000033129	1	0	0
ENSONIG00000033130	0	0	0
ENSONIG00000033131	5	3	77
ENSONIG00000033132	0	4	0
ENSONIG00000033133	0	0	0
ENSONIG00000033134	0	0	0
ENSONIG00000033135	0	0	0
ENSONIG00000033136	0	0	0
ENSONIG00000033137	3	1	0
ENSONIG00000033138	0	0	0
ENSONIG00000033139	0	1	2
ENSONIG00000033140	0	0	0
ENSONIG00000033141	0	0	3
ENSONIG00000033142	0	3	3
ENSONIG00000033143	36	1	5
ENSONIG00000033144	0	0	0
ENSONIG00000033145	0	0	0
ENSONIG00000033146	1	0	12
ENSONIG00000033147	0	0	0
ENSONIG00000033148	0	0	0
ENSONIG00000033149	0	0	0
ENSONIG00000033150	9	6	10
ENSONIG00000033151	0	0	0
ENSONIG00000033152	0	0	0
ENSONIG00000033153	0	0	0
ENSONIG00000033154	0	0	0
ENSONIG00000033155	0	0	0
ENSONIG00000033156	0	0	0
ENSONIG00000033157	0	0	0
ENSONIG00000033158	0	0	0
ENSONIG00000033159	0	0	2
ENSONIG00000033160	0	0	5
ENSONIG00000033161	1	0	24
ENSONIG00000033162	10	1	2
ENSONIG00000033163	0	0	0
ENSONIG00000033164	0	0	0
ENSONIG00000033165	0	0	0
ENSONIG00000033166	0	0	0
ENSONIG00000033167	0	0	0
ENSONIG00000033168	0	1	1
ENSONIG00000033169	0	0	0
ENSONIG00000033170	0	0	0
ENSONIG00000033171	0	0	0
ENSONIG00000033172	1	0	0
ENSONIG00000033173	1	0	0
ENSONIG00000033174	0	0	0
ENSONIG00000033175	0	0	0
ENSONIG00000033176	1	0	5
ENSONIG00000033177	0	0	0
ENSONIG00000033178	0	0	0
ENSONIG00000033179	0	1	5
ENSONIG00000033180	0	0	11
ENSONIG00000033181	0	0	0
ENSONIG00000033182	0	1	0
ENSONIG00000033183	0	0	0
ENSONIG00000033184	0	0	0
ENSONIG00000033185	1	1	0
ENSONIG00000033186	0	0	2
ENSONIG00000033187	0	0	0
ENSONIG00000033188	5	0	27
ENSONIG00000033189	4	6	11
ENSONIG00000033190	0	0	0
ENSONIG00000033191	0	0	1
ENSONIG00000033192	0	0	0
ENSONIG00000033193	0	0	0
ENSONIG00000033194	0	0	0
ENSONIG00000033195	0	0	0
ENSONIG00000033196	0	0	0
ENSONIG00000033197	0	0	0
ENSONIG00000033198	0	0	1
ENSONIG00000033199	0	0	0
ENSONIG00000033200	13	5	388
ENSONIG00000033201	0	0	0
ENSONIG00000033202	2	7	0
ENSONIG00000033203	0	2	3
ENSONIG00000033204	1	2	12
ENSONIG00000033205	0	0	0
ENSONIG00000033206	0	0	6
ENSONIG00000033207	0	0	0
ENSONIG00000033208	0	0	0
ENSONIG00000033209	0	0	0
ENSONIG00000033210	0	0	0
ENSONIG00000033211	1	1	1
ENSONIG00000033212	0	0	1
ENSONIG00000033213	0	0	0
ENSONIG00000033214	9	12	4
ENSONIG00000033215	0	0	0
ENSONIG00000033216	0	0	0
ENSONIG00000033217	0	0	0
ENSONIG00000033218	0	0	0
ENSONIG00000033219	0	0	0
ENSONIG00000033220	43	1	8
ENSONIG00000033221	0	0	0
ENSONIG00000033222	0	0	0
ENSONIG00000033223	3	9	25
ENSONIG00000033224	0	0	0
ENSONIG00000033225	0	0	0
ENSONIG00000033226	0	0	0
ENSONIG00000033227	2	0	49
ENSONIG00000033228	0	0	0
ENSONIG00000033229	3	0	3
ENSONIG00000033230	2	4	26
ENSONIG00000033231	1	1	6
ENSONIG00000033232	0	0	0
ENSONIG00000033233	0	0	0
ENSONIG00000033234	0	0	0
ENSONIG00000033235	0	0	0
ENSONIG00000033236	5	3	68
ENSONIG00000033237	0	0	0
ENSONIG00000033238	0	0	0
ENSONIG00000033239	2	2	20
ENSONIG00000033240	0	0	35
ENSONIG00000033241	0	0	0
ENSONIG00000033242	0	0	1
ENSONIG00000033243	0	0	16
ENSONIG00000033244	2	2	4
ENSONIG00000033245	0	0	0
ENSONIG00000033246	0	0	0
ENSONIG00000033247	0	0	0
ENSONIG00000033248	0	0	1
ENSONIG00000033249	0	0	0
ENSONIG00000033250	21	12	1
ENSONIG00000033251	0	0	0
ENSONIG00000033252	0	0	2
ENSONIG00000033253	0	0	0
ENSONIG00000033254	0	0	0
ENSONIG00000033255	0	0	0
ENSONIG00000033256	0	0	0
ENSONIG00000033257	15	0	1
ENSONIG00000033258	0	0	0
ENSONIG00000033259	0	1	3
ENSONIG00000033260	0	0	0
ENSONIG00000033261	0	0	0
ENSONIG00000033262	0	0	0
ENSONIG00000033263	0	2	107
ENSONIG00000033264	1	0	1
ENSONIG00000033265	0	0	0
ENSONIG00000033266	1	0	4
ENSONIG00000033267	0	0	0
ENSONIG00000033268	0	0	0
ENSONIG00000033269	1	1	19
ENSONIG00000033270	0	0	0
ENSONIG00000033271	0	0	0
ENSONIG00000033272	0	0	28
ENSONIG00000033273	0	0	1
ENSONIG00000033274	0	0	0
ENSONIG00000033275	0	0	0
ENSONIG00000033276	0	1	0
ENSONIG00000033277	1	0	245
ENSONIG00000033278	0	0	0
ENSONIG00000033279	0	0	0
ENSONIG00000033280	1	0	0
ENSONIG00000033281	0	0	0
ENSONIG00000033282	1	0	0
ENSONIG00000033283	0	0	0
ENSONIG00000033284	1	3	12
ENSONIG00000033285	0	0	0
ENSONIG00000033286	0	12	254
ENSONIG00000033287	0	0	2
ENSONIG00000033288	0	0	0
ENSONIG00000033289	0	0	0
ENSONIG00000033290	0	0	0
ENSONIG00000033291	1	0	0
ENSONIG00000033292	0	0	0
ENSONIG00000033293	0	0	4
ENSONIG00000033294	0	0	0
ENSONIG00000033295	0	0	2
ENSONIG00000033296	0	0	0
ENSONIG00000033297	3	3	76
ENSONIG00000033298	0	0	0
ENSONIG00000033299	0	0	0
ENSONIG00000033300	0	0	0
ENSONIG00000033301	0	0	0
ENSONIG00000033302	8	5	2
ENSONIG00000033303	2	0	10
ENSONIG00000033304	1	0	35
ENSONIG00000033305	2	0	0
ENSONIG00000033306	0	0	40
ENSONIG00000033307	0	1	0
ENSONIG00000033308	0	0	0
ENSONIG00000033309	0	0	0
ENSONIG00000033310	0	0	0
ENSONIG00000033311	2	0	3
ENSONIG00000033312	0	0	0
ENSONIG00000033313	0	0	0
ENSONIG00000033314	0	1	1
ENSONIG00000033315	0	0	0
ENSONIG00000033316	0	2	2
ENSONIG00000033317	0	0	0
ENSONIG00000033318	0	0	0
ENSONIG00000033319	0	0	1
ENSONIG00000033320	1	0	0
ENSONIG00000033321	0	0	0
ENSONIG00000033322	0	0	0
ENSONIG00000033323	0	1	1
ENSONIG00000033324	0	0	17
ENSONIG00000033325	0	1	3
ENSONIG00000033326	0	0	0
ENSONIG00000033327	0	1	1
ENSONIG00000033328	0	0	0
ENSONIG00000033329	0	0	0
ENSONIG00000033330	0	0	0
ENSONIG00000033331	0	0	0
ENSONIG00000033332	0	0	0
ENSONIG00000033333	0	2	18
ENSONIG00000033334	0	0	0
ENSONIG00000033335	0	9	16
ENSONIG00000033336	1	0	0
ENSONIG00000033337	0	0	0
ENSONIG00000033338	0	0	0
ENSONIG00000033339	6	0	0
ENSONIG00000033340	0	0	2
ENSONIG00000033341	0	0	0
ENSONIG00000033342	0	0	0
ENSONIG00000033343	0	0	0
ENSONIG00000033344	1	0	25
ENSONIG00000033345	0	0	0
ENSONIG00000033346	0	0	0
ENSONIG00000033347	0	0	0
ENSONIG00000033348	0	0	4
ENSONIG00000033349	0	0	0
ENSONIG00000033350	0	0	0
ENSONIG00000033351	0	0	0
ENSONIG00000033352	0	0	0
ENSONIG00000033353	0	0	0
ENSONIG00000033354	0	0	0
ENSONIG00000033355	0	1	24
ENSONIG00000033356	0	0	0
ENSONIG00000033357	0	0	2
ENSONIG00000033358	1	0	0
ENSONIG00000033359	0	0	0
ENSONIG00000033360	0	1	17
ENSONIG00000033361	1	0	0
ENSONIG00000033362	0	0	0
ENSONIG00000033363	1	0	18
ENSONIG00000033364	1	0	3
ENSONIG00000033365	0	0	0
ENSONIG00000033366	0	0	1
ENSONIG00000033367	0	0	0
ENSONIG00000033368	0	1	0
ENSONIG00000033369	1	0	0
ENSONIG00000033370	0	1	2
ENSONIG00000033371	0	0	1
ENSONIG00000033372	0	0	6
ENSONIG00000033373	3	0	14
ENSONIG00000033374	0	5	70
ENSONIG00000033375	0	0	0
ENSONIG00000033376	0	0	0
ENSONIG00000033377	0	0	1
ENSONIG00000033378	0	0	0
ENSONIG00000033379	0	0	1
ENSONIG00000033380	0	0	0
ENSONIG00000033381	5	1	22
ENSONIG00000033382	0	0	0
ENSONIG00000033383	1	0	13
ENSONIG00000033384	2	0	0
ENSONIG00000033385	0	1	0
ENSONIG00000033386	0	0	0
ENSONIG00000033387	0	0	16
ENSONIG00000033388	0	0	0
ENSONIG00000033389	0	0	0
ENSONIG00000033390	0	0	0
ENSONIG00000033391	0	0	0
ENSONIG00000033392	0	0	0
ENSONIG00000033393	0	1	15
ENSONIG00000033394	0	0	0
ENSONIG00000033395	4	2	7
ENSONIG00000033396	1	1	5
ENSONIG00000033397	2	0	0
ENSONIG00000033398	0	0	0
ENSONIG00000033399	0	0	0
ENSONIG00000033400	1	0	0
ENSONIG00000033401	0	0	2
ENSONIG00000033402	0	0	0
ENSONIG00000033403	0	0	0
ENSONIG00000033404	0	0	0
ENSONIG00000033405	0	0	2
ENSONIG00000033406	0	0	0
ENSONIG00000033407	0	2	8
ENSONIG00000033408	0	0	14
ENSONIG00000033409	1	0	1
ENSONIG00000033410	0	0	0
ENSONIG00000033411	0	0	1
ENSONIG00000033412	0	0	0
ENSONIG00000033413	0	0	0
ENSONIG00000033414	0	0	0
ENSONIG00000033415	0	0	0
ENSONIG00000033416	0	0	0
ENSONIG00000033417	1	0	0
ENSONIG00000033418	0	0	3
ENSONIG00000033419	0	0	0
ENSONIG00000033420	0	0	0
ENSONIG00000033421	2	1	7
ENSONIG00000033422	4	1	11
ENSONIG00000033423	0	0	0
ENSONIG00000033424	1	0	62
ENSONIG00000033425	0	0	0
ENSONIG00000033426	0	0	0
ENSONIG00000033427	0	0	1
ENSONIG00000033428	0	0	0
ENSONIG00000033429	0	0	0
ENSONIG00000033430	0	0	0
ENSONIG00000033431	17	20	18
ENSONIG00000033432	0	0	1
ENSONIG00000033433	0	0	0
ENSONIG00000033434	0	0	0
ENSONIG00000033435	0	0	0
ENSONIG00000033436	0	0	0
ENSONIG00000033437	0	0	0
ENSONIG00000033438	0	1	0
ENSONIG00000033439	3	1	11
ENSONIG00000033440	0	0	1
ENSONIG00000033441	0	0	10
ENSONIG00000033442	0	1	0
ENSONIG00000033443	0	0	1
ENSONIG00000033444	0	0	0
ENSONIG00000033445	0	0	0
ENSONIG00000033446	0	0	0
ENSONIG00000033447	0	0	0
ENSONIG00000033448	1	1	10
ENSONIG00000033449	0	0	0
ENSONIG00000033450	0	1	0
ENSONIG00000033451	0	0	0
ENSONIG00000033452	0	0	0
ENSONIG00000033453	0	0	0
ENSONIG00000033454	0	0	1
ENSONIG00000033455	1	0	3
ENSONIG00000033456	19	22	60
ENSONIG00000033457	0	0	0
ENSONIG00000033458	0	0	0
ENSONIG00000033459	0	0	1
ENSONIG00000033460	1	0	14
ENSONIG00000033461	1	0	0
ENSONIG00000033462	0	0	0
ENSONIG00000033463	0	0	0
ENSONIG00000033464	32	0	18
ENSONIG00000033465	0	0	0
ENSONIG00000033466	0	0	0
ENSONIG00000033467	0	0	0
ENSONIG00000033468	0	0	0
ENSONIG00000033469	0	0	0
ENSONIG00000033470	0	0	0
ENSONIG00000033471	1	0	0
ENSONIG00000033472	0	0	0
ENSONIG00000033473	0	0	0
ENSONIG00000033474	324	394	313
ENSONIG00000033475	0	0	0
ENSONIG00000033476	0	0	0
ENSONIG00000033477	0	0	27
ENSONIG00000033478	0	1	1
ENSONIG00000033479	1	1	8
ENSONIG00000033480	1	0	0
ENSONIG00000033481	0	0	2
ENSONIG00000033482	0	0	0
ENSONIG00000033483	0	0	0
ENSONIG00000033484	0	1	16
ENSONIG00000033485	2	3	26
ENSONIG00000033486	0	0	0
ENSONIG00000033487	0	0	0
ENSONIG00000033488	0	0	0
ENSONIG00000033489	2	1	2
ENSONIG00000033490	0	0	0
ENSONIG00000033491	0	0	0
ENSONIG00000033492	0	0	20
ENSONIG00000033493	0	0	0
ENSONIG00000033494	0	0	0
ENSONIG00000033495	0	0	0
ENSONIG00000033496	0	0	0
ENSONIG00000033497	0	0	0
ENSONIG00000033498	0	0	0
ENSONIG00000033499	0	0	0
ENSONIG00000033500	0	0	0
ENSONIG00000033501	0	0	0
ENSONIG00000033502	0	0	0
ENSONIG00000033503	0	0	7
ENSONIG00000033504	0	0	0
ENSONIG00000033505	0	0	0
ENSONIG00000033506	0	0	0
ENSONIG00000033507	0	0	0
ENSONIG00000033508	2	5	7
ENSONIG00000033509	0	0	0
ENSONIG00000033510	28	66	147
ENSONIG00000033511	0	0	0
ENSONIG00000033512	0	0	0
ENSONIG00000033513	0	0	4
ENSONIG00000033514	0	0	0
ENSONIG00000033515	0	0	0
ENSONIG00000033516	0	0	0
ENSONIG00000033517	0	0	6
ENSONIG00000033518	0	0	0
ENSONIG00000033519	0	0	1
ENSONIG00000033520	0	0	0
ENSONIG00000033521	0	0	0
ENSONIG00000033522	0	0	3
ENSONIG00000033523	0	0	0
ENSONIG00000033524	0	0	0
ENSONIG00000033525	1	0	1
ENSONIG00000033526	0	0	0
ENSONIG00000033527	0	1	0
ENSONIG00000033528	0	1	4
ENSONIG00000033529	0	0	0
ENSONIG00000033530	0	0	0
ENSONIG00000033531	8	10	535
ENSONIG00000033532	0	0	1
ENSONIG00000033533	0	0	0
ENSONIG00000033534	61	1	21
ENSONIG00000033535	0	0	0
ENSONIG00000033536	0	0	0
ENSONIG00000033537	0	2	0
ENSONIG00000033538	0	0	0
ENSONIG00000033539	0	0	1
ENSONIG00000033540	0	0	0
ENSONIG00000033541	0	0	0
ENSONIG00000033542	2	0	21
ENSONIG00000033543	0	0	0
ENSONIG00000033544	0	0	0
ENSONIG00000033545	1	1	0
ENSONIG00000033546	0	5	28
ENSONIG00000033547	0	0	0
ENSONIG00000033548	0	0	0
ENSONIG00000033549	0	0	0
ENSONIG00000033550	0	0	0
ENSONIG00000033551	0	0	0
ENSONIG00000033552	1	0	0
ENSONIG00000033553	0	1	0
ENSONIG00000033554	0	0	1
ENSONIG00000033555	0	0	3
ENSONIG00000033556	0	0	0
ENSONIG00000033557	0	0	0
ENSONIG00000033558	0	0	0
ENSONIG00000033559	0	0	0
ENSONIG00000033560	18	193	99
ENSONIG00000033561	7	1	37
ENSONIG00000033562	0	0	0
ENSONIG00000033563	0	0	0
ENSONIG00000033564	40	2	50
ENSONIG00000033565	1	1	1
ENSONIG00000033566	22	6	18
ENSONIG00000033567	0	0	0
ENSONIG00000033568	19	5	1
ENSONIG00000033569	0	1	1
ENSONIG00000033570	0	0	0
ENSONIG00000033571	2	1	0
ENSONIG00000033572	0	0	0
ENSONIG00000033573	16	6	27
ENSONIG00000033574	0	0	0
ENSONIG00000033575	2	0	0
ENSONIG00000033576	0	0	0
ENSONIG00000033577	0	0	0
ENSONIG00000033578	0	0	30
ENSONIG00000033579	0	0	0
ENSONIG00000033580	0	0	0
ENSONIG00000033581	0	0	5
ENSONIG00000033582	0	0	0
ENSONIG00000033583	0	0	0
ENSONIG00000033584	11	0	0
ENSONIG00000033585	0	0	1
ENSONIG00000033586	5	8	67
ENSONIG00000033587	0	0	0
ENSONIG00000033588	10	6	4
ENSONIG00000033589	0	0	0
ENSONIG00000033590	0	0	0
ENSONIG00000033591	0	0	49
ENSONIG00000033592	0	0	3
ENSONIG00000033593	0	0	0
ENSONIG00000033594	0	0	0
ENSONIG00000033595	1	1	0
ENSONIG00000033596	0	1	2
ENSONIG00000033597	0	16	0
ENSONIG00000033598	0	0	2
ENSONIG00000033599	7	0	1
ENSONIG00000033600	8	2	1
ENSONIG00000033601	0	1	1
ENSONIG00000033602	0	0	0
ENSONIG00000033603	0	3	14
ENSONIG00000033604	0	0	0
ENSONIG00000033605	22	13	33
ENSONIG00000033606	1	0	9
ENSONIG00000033607	0	0	0
ENSONIG00000033608	0	0	0
ENSONIG00000033609	0	0	2
ENSONIG00000033610	0	0	0
ENSONIG00000033611	0	0	0
ENSONIG00000033612	0	0	0
ENSONIG00000033613	0	0	1
ENSONIG00000033614	0	0	0
ENSONIG00000033615	0	0	0
ENSONIG00000033616	0	0	0
ENSONIG00000033617	0	7	2
ENSONIG00000033618	0	5	0
ENSONIG00000033619	0	0	0
ENSONIG00000033620	0	0	0
ENSONIG00000033621	1	2	3
ENSONIG00000033622	4	9	13
ENSONIG00000033623	0	0	0
ENSONIG00000033624	0	4	1
ENSONIG00000033625	0	6	15
ENSONIG00000033626	0	5	1
ENSONIG00000033627	1	4	2
ENSONIG00000033628	0	0	0
ENSONIG00000033629	0	0	0
ENSONIG00000033630	0	0	0
ENSONIG00000033631	0	0	1
ENSONIG00000033632	0	0	0
ENSONIG00000033633	0	0	1
ENSONIG00000033634	0	0	9
ENSONIG00000033635	0	0	0
ENSONIG00000033636	0	1	2
ENSONIG00000033637	0	0	0
ENSONIG00000033638	0	0	0
ENSONIG00000033639	0	0	0
ENSONIG00000033640	0	0	0
ENSONIG00000033641	48	5	8
ENSONIG00000033642	0	0	0
ENSONIG00000033643	36	7	19
ENSONIG00000033644	0	0	0
ENSONIG00000033645	0	0	6
ENSONIG00000033646	0	1	3
ENSONIG00000033647	0	1	1
ENSONIG00000033648	8	0	2
ENSONIG00000033649	0	0	0
ENSONIG00000033650	633	802	582
ENSONIG00000033651	12	20	1486
ENSONIG00000033652	0	0	0
ENSONIG00000033653	0	2	1
ENSONIG00000033654	3	0	0
ENSONIG00000033655	0	0	0
ENSONIG00000033656	0	0	2
ENSONIG00000033657	0	0	1
ENSONIG00000033658	0	0	0
ENSONIG00000033659	0	0	0
ENSONIG00000033660	0	2	18
ENSONIG00000033661	1	0	0
ENSONIG00000033662	0	0	0
ENSONIG00000033663	70	10	803
ENSONIG00000033664	0	0	0
ENSONIG00000033665	27	4	9
ENSONIG00000033666	0	0	0
ENSONIG00000033667	0	0	0
ENSONIG00000033668	0	1	0
ENSONIG00000033669	0	3	28
ENSONIG00000033670	0	0	0
ENSONIG00000033671	0	0	1
ENSONIG00000033672	0	0	0
ENSONIG00000033673	0	0	1
ENSONIG00000033674	2	1	11
ENSONIG00000033675	0	0	1
ENSONIG00000033676	33	75	2684
ENSONIG00000033677	0	0	0
ENSONIG00000033678	0	0	0
ENSONIG00000033679	2	1	3
ENSONIG00000033680	0	0	0
ENSONIG00000033681	0	0	0
ENSONIG00000033682	0	0	3
ENSONIG00000033683	0	0	0
ENSONIG00000033684	0	0	0
ENSONIG00000033685	2	1	0
ENSONIG00000033686	2	0	10
ENSONIG00000033687	1	5	31
ENSONIG00000033688	0	0	0
ENSONIG00000033689	4	9	27
ENSONIG00000033690	0	7	9
ENSONIG00000033691	0	0	3
ENSONIG00000033692	0	0	1
ENSONIG00000033693	0	0	0
ENSONIG00000033694	0	0	0
ENSONIG00000033695	0	0	0
ENSONIG00000033696	0	0	0
ENSONIG00000033697	0	0	0
ENSONIG00000033698	0	0	0
ENSONIG00000033699	0	1	0
ENSONIG00000033700	0	0	0
ENSONIG00000033701	0	0	0
ENSONIG00000033702	0	0	0
ENSONIG00000033703	0	0	0
ENSONIG00000033704	0	0	0
ENSONIG00000033705	0	0	11
ENSONIG00000033706	0	0	0
ENSONIG00000033707	0	0	0
ENSONIG00000033708	0	1	0
ENSONIG00000033709	1	0	14
ENSONIG00000033710	0	0	0
ENSONIG00000033711	0	0	15
ENSONIG00000033712	0	6	15
ENSONIG00000033713	31	0	0
ENSONIG00000033714	2	0	4
ENSONIG00000033715	0	0	0
ENSONIG00000033716	0	0	0
ENSONIG00000033717	0	0	0
ENSONIG00000033718	1	0	3
ENSONIG00000033719	0	0	0
ENSONIG00000033720	0	0	1
ENSONIG00000033721	0	0	0
ENSONIG00000033722	0	0	0
ENSONIG00000033723	1	0	0
ENSONIG00000033724	0	0	0
ENSONIG00000033725	0	0	0
ENSONIG00000033726	0	0	0
ENSONIG00000033727	0	0	0
ENSONIG00000033728	8	2	44
ENSONIG00000033729	0	1	0
ENSONIG00000033730	0	1	5
ENSONIG00000033731	3	0	0
ENSONIG00000033732	6	107	34
ENSONIG00000033733	1	1	1
ENSONIG00000033734	0	0	0
ENSONIG00000033735	0	0	0
ENSONIG00000033736	1	4	1
ENSONIG00000033737	0	0	0
ENSONIG00000033738	16	7	21
ENSONIG00000033739	0	0	3
ENSONIG00000033740	0	0	0
ENSONIG00000033741	0	0	0
ENSONIG00000033742	51	34	724
ENSONIG00000033743	0	0	0
ENSONIG00000033744	0	0	0
ENSONIG00000033745	0	0	0
ENSONIG00000033746	0	1	29
ENSONIG00000033747	14	24	1434
ENSONIG00000033748	0	0	0
ENSONIG00000033749	0	1	0
ENSONIG00000033750	0	0	0
ENSONIG00000033751	0	0	0
ENSONIG00000033752	17	6	8
ENSONIG00000033753	0	0	0
ENSONIG00000033754	0	0	13
ENSONIG00000033755	0	0	4
ENSONIG00000033756	0	0	0
ENSONIG00000033757	0	0	2
ENSONIG00000033758	2	0	1
ENSONIG00000033759	0	0	0
ENSONIG00000033760	0	0	0
ENSONIG00000033761	0	0	0
ENSONIG00000033762	0	0	6
ENSONIG00000033763	0	2	0
ENSONIG00000033764	4	4	36
ENSONIG00000033765	0	0	0
ENSONIG00000033766	4	2	76
ENSONIG00000033767	11	173	394
ENSONIG00000033768	0	0	2
ENSONIG00000033769	0	0	15
ENSONIG00000033770	0	0	0
ENSONIG00000033771	0	0	0
ENSONIG00000033772	2	4	104
ENSONIG00000033773	0	1	22
ENSONIG00000033774	0	0	0
ENSONIG00000033775	0	0	0
ENSONIG00000033776	0	0	2
ENSONIG00000033777	0	0	0
ENSONIG00000033778	0	0	0
ENSONIG00000033779	0	0	0
ENSONIG00000033780	0	0	0
ENSONIG00000033781	0	0	0
ENSONIG00000033782	1	1	0
ENSONIG00000033783	1	0	5
ENSONIG00000033784	2	2	6
ENSONIG00000033785	0	0	0
ENSONIG00000033786	147	301	6628
ENSONIG00000033787	0	0	3
ENSONIG00000033788	0	0	0
ENSONIG00000033789	0	1	60
ENSONIG00000033790	0	4	0
ENSONIG00000033791	0	0	0
ENSONIG00000033792	0	0	0
ENSONIG00000033793	36	17	40
ENSONIG00000033794	0	0	0
ENSONIG00000033795	0	0	0
ENSONIG00000033796	0	0	0
ENSONIG00000033797	1	1	0
ENSONIG00000033798	0	0	2
ENSONIG00000033799	0	0	1
ENSONIG00000033800	0	0	0
ENSONIG00000033801	1	0	10
ENSONIG00000033802	0	6	49
ENSONIG00000033803	0	0	0
ENSONIG00000033804	2	0	2
ENSONIG00000033805	0	0	1
ENSONIG00000033806	0	0	0
ENSONIG00000033807	0	0	0
ENSONIG00000033808	1	0	1
ENSONIG00000033809	3	1	2
ENSONIG00000033810	0	0	0
ENSONIG00000033811	0	0	0
ENSONIG00000033812	0	0	0
ENSONIG00000033813	0	0	0
ENSONIG00000033814	0	0	0
ENSONIG00000033815	0	0	0
ENSONIG00000033816	0	0	0
ENSONIG00000033817	0	0	0
ENSONIG00000033818	0	0	28
ENSONIG00000033819	1	1	30
ENSONIG00000033820	0	0	0
ENSONIG00000033821	3	1	7
ENSONIG00000033822	0	0	0
ENSONIG00000033823	0	0	3
ENSONIG00000033824	0	0	0
ENSONIG00000033825	0	0	0
ENSONIG00000033826	0	0	0
ENSONIG00000033827	0	0	6
ENSONIG00000033828	0	0	4
ENSONIG00000033829	0	0	45
ENSONIG00000033830	0	0	1
ENSONIG00000033831	0	0	0
ENSONIG00000033832	0	0	0
ENSONIG00000033833	9	2	18
ENSONIG00000033834	0	1	3
ENSONIG00000033835	0	0	0
ENSONIG00000033836	3	1	0
ENSONIG00000033837	0	2	14
ENSONIG00000033838	0	0	0
ENSONIG00000033839	0	0	0
ENSONIG00000033840	0	0	2
ENSONIG00000033841	0	0	0
ENSONIG00000033842	0	0	0
ENSONIG00000033843	0	0	1
ENSONIG00000033844	1	1	0
ENSONIG00000033845	0	0	0
ENSONIG00000033846	0	0	33
ENSONIG00000033847	2	0	2
ENSONIG00000033848	0	0	0
ENSONIG00000033849	0	0	0
ENSONIG00000033850	0	0	0
ENSONIG00000033851	3	0	0
ENSONIG00000033852	0	0	0
ENSONIG00000033853	7	8	229
ENSONIG00000033854	0	0	0
ENSONIG00000033855	1	1	0
ENSONIG00000033856	1	0	0
ENSONIG00000033857	1	0	0
ENSONIG00000033858	0	0	0
ENSONIG00000033859	8	0	0
ENSONIG00000033860	2	1	10
ENSONIG00000033861	0	0	0
ENSONIG00000033862	0	0	0
ENSONIG00000033863	1	1	8
ENSONIG00000033864	0	0	0
ENSONIG00000033865	1	9	96
ENSONIG00000033866	0	0	0
ENSONIG00000033867	0	0	5
ENSONIG00000033868	6	1	23
ENSONIG00000033869	0	0	1
ENSONIG00000033870	1	0	0
ENSONIG00000033871	0	0	0
ENSONIG00000033872	0	0	7
ENSONIG00000033873	40	423	757
ENSONIG00000033874	0	0	0
ENSONIG00000033875	0	0	1
ENSONIG00000033876	5	4	40
ENSONIG00000033877	3	0	0
ENSONIG00000033878	0	0	0
ENSONIG00000033879	0	0	0
ENSONIG00000033880	0	0	0
ENSONIG00000033881	1	0	0
ENSONIG00000033882	0	0	0
ENSONIG00000033883	0	0	0
ENSONIG00000033884	0	0	3
ENSONIG00000033885	1	0	0
ENSONIG00000033886	0	0	4
ENSONIG00000033887	0	0	27
ENSONIG00000033888	1	1	41
ENSONIG00000033889	0	0	1
ENSONIG00000033890	0	0	0
ENSONIG00000033891	0	0	0
ENSONIG00000033892	0	0	3
ENSONIG00000033893	0	0	0
ENSONIG00000033894	24	9	53
ENSONIG00000033895	0	0	0
ENSONIG00000033896	0	0	0
ENSONIG00000033897	0	0	0
ENSONIG00000033898	0	0	0
ENSONIG00000033899	0	0	0
ENSONIG00000033900	0	0	2
ENSONIG00000033901	0	0	0
ENSONIG00000033902	0	0	0
ENSONIG00000033903	0	2	78
ENSONIG00000033904	0	0	0
ENSONIG00000033905	0	0	0
ENSONIG00000033906	0	0	0
ENSONIG00000033907	0	2	13
ENSONIG00000033908	0	0	0
ENSONIG00000033909	0	1	2
ENSONIG00000033910	0	0	1
ENSONIG00000033911	0	0	0
ENSONIG00000033912	0	0	0
ENSONIG00000033913	0	0	0
ENSONIG00000033914	0	0	0
ENSONIG00000033915	0	0	0
ENSONIG00000033916	0	0	0
ENSONIG00000033917	1	1	13
ENSONIG00000033918	0	1	3
ENSONIG00000033919	0	0	0
ENSONIG00000033920	1	3	14
ENSONIG00000033921	0	0	0
ENSONIG00000033922	0	0	0
ENSONIG00000033923	0	0	0
ENSONIG00000033924	0	1	0
ENSONIG00000033925	1	0	3
ENSONIG00000033926	0	0	2
ENSONIG00000033927	315	151	186
ENSONIG00000033928	0	0	0
ENSONIG00000033929	0	0	2
ENSONIG00000033930	47	15	14
ENSONIG00000033931	0	0	0
ENSONIG00000033932	3	1	29
ENSONIG00000033933	0	0	0
ENSONIG00000033934	0	0	0
ENSONIG00000033935	0	0	0
ENSONIG00000033936	0	0	2
ENSONIG00000033937	0	0	0
ENSONIG00000033938	0	0	0
ENSONIG00000033939	30	5	64
ENSONIG00000033940	3	4	54
ENSONIG00000033941	0	0	4
ENSONIG00000033942	0	0	0
ENSONIG00000033943	0	0	2
ENSONIG00000033944	0	0	0
ENSONIG00000033945	1	1	4
ENSONIG00000033946	0	0	1
ENSONIG00000033947	2	2	19
ENSONIG00000033948	0	1	1
ENSONIG00000033949	0	0	0
ENSONIG00000033950	0	0	14
ENSONIG00000033951	0	0	0
ENSONIG00000033952	0	0	0
ENSONIG00000033953	0	0	0
ENSONIG00000033954	0	0	0
ENSONIG00000033955	0	0	0
ENSONIG00000033956	0	0	0
ENSONIG00000033957	0	0	0
ENSONIG00000033958	0	2	9
ENSONIG00000033959	0	0	0
ENSONIG00000033960	0	0	0
ENSONIG00000033961	0	0	0
ENSONIG00000033962	0	0	0
ENSONIG00000033963	0	0	0
ENSONIG00000033964	0	0	0
ENSONIG00000033965	0	0	0
ENSONIG00000033966	0	0	0
ENSONIG00000033967	0	0	0
ENSONIG00000033968	6	2	48
ENSONIG00000033969	1	2	17
ENSONIG00000033970	0	0	6
ENSONIG00000033971	1	0	0
ENSONIG00000033972	71	43	473
ENSONIG00000033973	0	0	0
ENSONIG00000033974	0	0	0
ENSONIG00000033975	0	0	1
ENSONIG00000033976	0	0	0
ENSONIG00000033977	0	0	62
ENSONIG00000033978	0	0	4
ENSONIG00000033979	0	0	0
ENSONIG00000033980	0	0	0
ENSONIG00000033981	0	0	0
ENSONIG00000033982	0	2	0
ENSONIG00000033983	0	0	0
ENSONIG00000033984	0	7	0
ENSONIG00000033985	0	0	0
ENSONIG00000033986	11	1	9
ENSONIG00000033987	50	31	15
ENSONIG00000033988	0	0	3
ENSONIG00000033989	0	0	1
ENSONIG00000033990	1	2	5
ENSONIG00000033991	0	0	0
ENSONIG00000033992	0	0	0
ENSONIG00000033993	5	0	1
ENSONIG00000033994	0	0	0
ENSONIG00000033995	0	0	0
ENSONIG00000033996	0	0	1
ENSONIG00000033997	0	0	1
ENSONIG00000033998	0	0	6
ENSONIG00000033999	0	0	0
ENSONIG00000034000	0	0	1
ENSONIG00000034001	0	0	0
ENSONIG00000034002	0	0	0
ENSONIG00000034003	0	0	0
ENSONIG00000034004	2	0	7
ENSONIG00000034005	2	0	3
ENSONIG00000034006	0	0	0
ENSONIG00000034007	0	0	0
ENSONIG00000034008	0	0	0
ENSONIG00000034009	0	0	0
ENSONIG00000034010	7	3	133
ENSONIG00000034011	0	0	0
ENSONIG00000034012	0	0	0
ENSONIG00000034013	0	0	0
ENSONIG00000034014	1	0	1
ENSONIG00000034015	0	62	1
ENSONIG00000034016	0	0	0
ENSONIG00000034017	13	4	6
ENSONIG00000034018	0	0	0
ENSONIG00000034019	0	0	1
ENSONIG00000034020	1	0	0
ENSONIG00000034021	0	0	0
ENSONIG00000034022	0	0	0
ENSONIG00000034023	0	0	1
ENSONIG00000034024	0	0	0
ENSONIG00000034025	0	0	0
ENSONIG00000034026	0	0	0
ENSONIG00000034027	398	605	792
ENSONIG00000034028	0	0	5
ENSONIG00000034029	0	0	0
ENSONIG00000034030	0	0	0
ENSONIG00000034031	0	0	0
ENSONIG00000034032	3	2	4
ENSONIG00000034033	1	0	0
ENSONIG00000034034	0	0	0
ENSONIG00000034035	0	0	0
ENSONIG00000034036	0	0	26
ENSONIG00000034037	0	0	0
ENSONIG00000034038	0	1	0
ENSONIG00000034039	0	1	1
ENSONIG00000034040	0	0	0
ENSONIG00000034041	1	0	8
ENSONIG00000034042	0	0	0
ENSONIG00000034043	0	9	72
ENSONIG00000034044	1	0	7
ENSONIG00000034045	0	0	1
ENSONIG00000034046	0	0	0
ENSONIG00000034047	0	0	3
ENSONIG00000034048	12	0	0
ENSONIG00000034049	0	0	2
ENSONIG00000034050	2	2	19
ENSONIG00000034051	0	0	67
ENSONIG00000034052	0	0	0
ENSONIG00000034053	231	4	24
ENSONIG00000034054	0	0	1
ENSONIG00000034055	0	0	0
ENSONIG00000034056	0	0	0
ENSONIG00000034057	0	1	2
ENSONIG00000034058	0	2	0
ENSONIG00000034059	7	2	1
ENSONIG00000034060	0	0	0
ENSONIG00000034061	1	0	1
ENSONIG00000034062	0	0	0
ENSONIG00000034063	0	1	0
ENSONIG00000034064	3	8	8
ENSONIG00000034065	0	0	3
ENSONIG00000034066	0	0	0
ENSONIG00000034067	0	0	0
ENSONIG00000034068	0	0	0
ENSONIG00000034069	0	0	0
ENSONIG00000034070	0	0	0
ENSONIG00000034071	1	0	0
ENSONIG00000034072	0	0	0
ENSONIG00000034073	0	0	0
ENSONIG00000034074	0	0	0
ENSONIG00000034075	1	0	0
ENSONIG00000034076	14	25	197
ENSONIG00000034077	1	0	3
ENSONIG00000034078	0	0	10
ENSONIG00000034079	7	2	61
ENSONIG00000034080	0	0	0
ENSONIG00000034081	0	1	0
ENSONIG00000034082	14	5	168
ENSONIG00000034083	3	13	1
ENSONIG00000034084	0	0	0
ENSONIG00000034085	0	0	0
ENSONIG00000034086	0	4	1
ENSONIG00000034087	0	0	0
ENSONIG00000034088	0	0	0
ENSONIG00000034089	6	1	2
ENSONIG00000034090	0	0	0
ENSONIG00000034091	0	0	0
ENSONIG00000034092	0	0	1
ENSONIG00000034093	0	0	2
ENSONIG00000034094	0	0	3
ENSONIG00000034095	0	0	0
ENSONIG00000034096	0	0	2
ENSONIG00000034097	0	0	8
ENSONIG00000034098	6	0	0
ENSONIG00000034099	0	0	0
ENSONIG00000034100	0	0	0
ENSONIG00000034101	42	21	545
ENSONIG00000034102	0	0	0
ENSONIG00000034103	0	0	0
ENSONIG00000034104	0	1	0
ENSONIG00000034105	0	0	0
ENSONIG00000034106	2	1	23
ENSONIG00000034107	1	0	19
ENSONIG00000034108	8	10	2
ENSONIG00000034109	0	0	0
ENSONIG00000034110	2	1	1
ENSONIG00000034111	0	2	7
ENSONIG00000034112	0	0	0
ENSONIG00000034113	51	43	75
ENSONIG00000034114	4	9	403
ENSONIG00000034115	0	0	0
ENSONIG00000034116	0	0	0
ENSONIG00000034117	0	0	0
ENSONIG00000034118	0	0	1
ENSONIG00000034119	0	0	0
ENSONIG00000034120	0	0	0
ENSONIG00000034121	0	0	0
ENSONIG00000034122	0	0	0
ENSONIG00000034123	6	0	10
ENSONIG00000034124	0	0	0
ENSONIG00000034125	4	2	92
ENSONIG00000034126	0	0	0
ENSONIG00000034127	2	2	63
ENSONIG00000034128	0	0	0
ENSONIG00000034129	0	0	0
ENSONIG00000034130	0	0	0
ENSONIG00000034131	52	62	78
ENSONIG00000034132	0	0	0
ENSONIG00000034133	0	0	0
ENSONIG00000034134	2	0	1
ENSONIG00000034135	0	0	0
ENSONIG00000034136	0	0	0
ENSONIG00000034137	0	0	4
ENSONIG00000034138	4231	1012	1771
ENSONIG00000034139	3	0	6
ENSONIG00000034140	0	0	3
ENSONIG00000034141	1	1	0
ENSONIG00000034142	0	0	0
ENSONIG00000034143	0	0	0
ENSONIG00000034144	0	0	2
ENSONIG00000034145	0	0	0
ENSONIG00000034146	0	0	0
ENSONIG00000034147	0	0	0
ENSONIG00000034148	0	0	0
ENSONIG00000034149	0	0	0
ENSONIG00000034150	0	0	0
ENSONIG00000034151	2	0	4
ENSONIG00000034152	0	0	0
ENSONIG00000034153	0	0	0
ENSONIG00000034154	0	0	0
ENSONIG00000034155	0	0	1
ENSONIG00000034156	0	0	0
ENSONIG00000034157	0	0	0
ENSONIG00000034158	0	0	1
ENSONIG00000034159	1	0	27
ENSONIG00000034160	0	0	0
ENSONIG00000034161	0	0	0
ENSONIG00000034162	0	1	0
ENSONIG00000034163	0	0	0
ENSONIG00000034164	0	0	2
ENSONIG00000034165	2	0	0
ENSONIG00000034166	0	2	0
ENSONIG00000034167	0	20	5
ENSONIG00000034168	0	0	0
ENSONIG00000034169	0	0	0
ENSONIG00000034170	0	0	1
ENSONIG00000034171	1	2	10
ENSONIG00000034172	0	0	0
ENSONIG00000034173	0	0	0
ENSONIG00000034174	0	0	0
ENSONIG00000034175	0	0	0
ENSONIG00000034176	3	0	0
ENSONIG00000034177	5	1	4
ENSONIG00000034178	2	2	16
ENSONIG00000034179	0	0	0
ENSONIG00000034180	0	0	0
ENSONIG00000034181	0	1	4
ENSONIG00000034182	0	0	1
ENSONIG00000034183	0	0	0
ENSONIG00000034184	1	0	0
ENSONIG00000034185	0	0	0
ENSONIG00000034186	0	0	0
ENSONIG00000034187	0	0	6
ENSONIG00000034188	0	1	6
ENSONIG00000034189	0	0	0
ENSONIG00000034190	8	7	47
ENSONIG00000034191	0	0	0
ENSONIG00000034192	0	0	0
ENSONIG00000034193	1	1	2
ENSONIG00000034194	0	0	1
ENSONIG00000034195	2	1	0
ENSONIG00000034196	9	1	0
ENSONIG00000034197	0	0	0
ENSONIG00000034198	0	0	0
ENSONIG00000034199	0	1	0
ENSONIG00000034200	0	0	0
ENSONIG00000034201	1	0	29
ENSONIG00000034202	0	0	8
ENSONIG00000034203	253	162	232
ENSONIG00000034204	1	0	0
ENSONIG00000034205	2	0	2
ENSONIG00000034206	0	0	0
ENSONIG00000034207	0	0	0
ENSONIG00000034208	3	1	27
ENSONIG00000034209	1	0	0
ENSONIG00000034210	23	0	89
ENSONIG00000034211	0	0	0
ENSONIG00000034212	0	0	0
ENSONIG00000034213	0	0	0
ENSONIG00000034214	1	0	0
ENSONIG00000034215	0	0	0
ENSONIG00000034216	0	0	0
ENSONIG00000034217	0	0	0
ENSONIG00000034218	0	0	0
ENSONIG00000034219	0	0	0
ENSONIG00000034220	0	0	0
ENSONIG00000034221	0	3	1
ENSONIG00000034222	0	0	0
ENSONIG00000034223	0	0	0
ENSONIG00000034224	0	0	2
ENSONIG00000034225	4	2	1
ENSONIG00000034226	1	0	2
ENSONIG00000034227	1	8	199
ENSONIG00000034228	524	4	7
ENSONIG00000034229	0	0	0
ENSONIG00000034230	0	0	0
ENSONIG00000034231	0	0	0
ENSONIG00000034232	0	0	0
ENSONIG00000034233	0	0	0
ENSONIG00000034234	0	0	0
ENSONIG00000034235	0	0	0
ENSONIG00000034236	0	0	0
ENSONIG00000034237	1	0	3
ENSONIG00000034238	0	0	0
ENSONIG00000034239	0	0	2
ENSONIG00000034240	0	0	0
ENSONIG00000034241	0	0	0
ENSONIG00000034242	0	0	0
ENSONIG00000034243	92	14	165
ENSONIG00000034244	0	0	0
ENSONIG00000034245	0	0	0
ENSONIG00000034246	0	0	0
ENSONIG00000034247	0	1	0
ENSONIG00000034248	0	2	3
ENSONIG00000034249	0	0	1
ENSONIG00000034250	0	0	0
ENSONIG00000034251	0	0	0
ENSONIG00000034252	0	0	0
ENSONIG00000034253	0	0	0
ENSONIG00000034254	0	0	0
ENSONIG00000034255	0	3	16
ENSONIG00000034256	0	0	0
ENSONIG00000034257	0	0	2
ENSONIG00000034258	0	0	0
ENSONIG00000034259	27	7	8
ENSONIG00000034260	0	4	0
ENSONIG00000034261	1	26	5
ENSONIG00000034262	0	0	1
ENSONIG00000034263	6	49	103
ENSONIG00000034264	0	2	61
ENSONIG00000034265	0	0	0
ENSONIG00000034266	2	0	2
ENSONIG00000034267	0	0	0
ENSONIG00000034268	0	0	0
ENSONIG00000034269	0	0	0
ENSONIG00000034270	0	0	0
ENSONIG00000034271	0	0	0
ENSONIG00000034272	28	0	4
ENSONIG00000034273	0	0	0
ENSONIG00000034274	2	0	0
ENSONIG00000034275	0	0	0
ENSONIG00000034276	0	0	0
ENSONIG00000034277	8	0	2
ENSONIG00000034278	15	13	155
ENSONIG00000034279	161	46	572
ENSONIG00000034280	4	9	46
ENSONIG00000034281	3	32	111
ENSONIG00000034282	2	0	0
ENSONIG00000034283	5	0	1
ENSONIG00000034284	0	0	4
ENSONIG00000034285	0	1	0
ENSONIG00000034286	0	0	0
ENSONIG00000034287	1	0	1
ENSONIG00000034288	0	0	0
ENSONIG00000034289	0	0	1
ENSONIG00000034290	0	0	0
ENSONIG00000034291	0	0	0
ENSONIG00000034292	0	0	0
ENSONIG00000034293	0	2	0
ENSONIG00000034294	0	0	0
ENSONIG00000034295	0	0	0
ENSONIG00000034296	0	0	1
ENSONIG00000034297	0	0	0
ENSONIG00000034298	0	0	0
ENSONIG00000034299	32	65	1601
ENSONIG00000034300	0	0	0
ENSONIG00000034301	0	0	0
ENSONIG00000034302	29	4	0
ENSONIG00000034303	1	0	0
ENSONIG00000034304	0	0	0
ENSONIG00000034305	4	0	1
ENSONIG00000034306	0	0	0
ENSONIG00000034307	1	0	0
ENSONIG00000034308	322	248	388
ENSONIG00000034309	0	0	0
ENSONIG00000034310	1	0	0
ENSONIG00000034311	0	0	1
ENSONIG00000034312	0	0	0
ENSONIG00000034313	2	0	11
ENSONIG00000034314	0	0	0
ENSONIG00000034315	0	1	0
ENSONIG00000034316	0	0	0
ENSONIG00000034317	0	0	0
ENSONIG00000034318	0	1	0
ENSONIG00000034319	2	3	10
ENSONIG00000034320	0	0	0
ENSONIG00000034321	9	7	9
ENSONIG00000034322	0	0	0
ENSONIG00000034323	0	0	0
ENSONIG00000034324	0	0	0
ENSONIG00000034325	7	3	58
ENSONIG00000034326	1	0	34
ENSONIG00000034327	0	0	0
ENSONIG00000034328	0	0	0
ENSONIG00000034329	0	0	0
ENSONIG00000034330	0	0	0
ENSONIG00000034331	0	0	2
ENSONIG00000034332	0	0	0
ENSONIG00000034333	0	0	0
ENSONIG00000034334	0	0	0
ENSONIG00000034335	8	2	7
ENSONIG00000034336	0	0	0
ENSONIG00000034337	0	0	0
ENSONIG00000034338	0	0	1
ENSONIG00000034339	0	0	0
ENSONIG00000034340	0	0	0
ENSONIG00000034341	0	0	0
ENSONIG00000034342	0	0	0
ENSONIG00000034343	0	0	0
ENSONIG00000034344	0	0	0
ENSONIG00000034345	0	0	0
ENSONIG00000034346	0	1	18
ENSONIG00000034347	0	1	0
ENSONIG00000034348	31	5	23
ENSONIG00000034349	0	0	2
ENSONIG00000034350	0	1	3
ENSONIG00000034351	0	0	0
ENSONIG00000034352	0	0	0
ENSONIG00000034353	1	4	11
ENSONIG00000034354	0	0	0
ENSONIG00000034355	0	0	0
ENSONIG00000034356	0	0	3
ENSONIG00000034357	2	2	29
ENSONIG00000034358	10	9	14
ENSONIG00000034359	0	0	0
ENSONIG00000034360	0	6	6
ENSONIG00000034361	2	1	9
ENSONIG00000034362	2	8	1
ENSONIG00000034363	0	0	0
ENSONIG00000034364	0	0	0
ENSONIG00000034365	0	0	0
ENSONIG00000034367	0	0	0
ENSONIG00000034369	139	18	26
ENSONIG00000034370	0	0	1
ENSONIG00000034371	4	0	54
ENSONIG00000034372	3	1	14
ENSONIG00000034373	0	0	0
ENSONIG00000034374	14	3	10
ENSONIG00000034375	0	0	0
ENSONIG00000034376	0	0	0
ENSONIG00000034377	1	0	4
ENSONIG00000034378	1	0	0
ENSONIG00000034379	0	0	2
ENSONIG00000034380	1	0	0
ENSONIG00000034381	0	0	1
ENSONIG00000034382	0	0	9
ENSONIG00000034383	0	2	0
ENSONIG00000034384	0	0	2
ENSONIG00000034385	0	0	0
ENSONIG00000034386	0	0	0
ENSONIG00000034387	0	1	22
ENSONIG00000034388	10	1	6
ENSONIG00000034389	0	0	3
ENSONIG00000034390	0	0	0
ENSONIG00000034391	3	0	1
ENSONIG00000034392	0	1	3
ENSONIG00000034393	22	1	0
ENSONIG00000034394	0	0	1
ENSONIG00000034395	0	0	3
ENSONIG00000034396	6	12	78
ENSONIG00000034397	0	0	0
ENSONIG00000034398	3	0	0
ENSONIG00000034399	0	0	0
ENSONIG00000034400	2	0	0
ENSONIG00000034401	0	0	0
ENSONIG00000034402	0	0	0
ENSONIG00000034403	0	0	0
ENSONIG00000034404	0	0	0
ENSONIG00000034405	0	0	0
ENSONIG00000034406	0	0	0
ENSONIG00000034407	2	4	3
ENSONIG00000034408	0	0	0
ENSONIG00000034409	0	0	16
ENSONIG00000034410	0	2	2
ENSONIG00000034411	0	0	0
ENSONIG00000034412	3	0	0
ENSONIG00000034413	0	0	16
ENSONIG00000034414	0	0	0
ENSONIG00000034415	1	0	0
ENSONIG00000034416	0	0	0
ENSONIG00000034417	0	0	0
ENSONIG00000034418	0	0	0
ENSONIG00000034419	1	0	0
ENSONIG00000034420	0	0	0
ENSONIG00000034421	0	0	0
ENSONIG00000034422	0	0	1
ENSONIG00000034423	4	8	112
ENSONIG00000034424	0	1	0
ENSONIG00000034425	0	0	1
ENSONIG00000034426	0	0	0
ENSONIG00000034427	0	0	9
ENSONIG00000034428	9	3	52
ENSONIG00000034429	0	0	0
ENSONIG00000034430	0	0	0
ENSONIG00000034431	0	1	0
ENSONIG00000034432	0	0	2
ENSONIG00000034433	0	0	6
ENSONIG00000034434	0	0	0
ENSONIG00000034435	2	0	9
ENSONIG00000034436	0	0	0
ENSONIG00000034437	5768	62	155
ENSONIG00000034438	0	0	0
ENSONIG00000034439	0	0	0
ENSONIG00000034440	0	0	0
ENSONIG00000034441	0	0	0
ENSONIG00000034442	0	0	1
ENSONIG00000034443	0	0	0
ENSONIG00000034444	0	0	0
ENSONIG00000034445	1	0	1
ENSONIG00000034446	2	0	12
ENSONIG00000034447	0	0	0
ENSONIG00000034448	0	0	0
ENSONIG00000034449	0	0	0
ENSONIG00000034450	6	0	4
ENSONIG00000034451	0	0	0
ENSONIG00000034452	1	0	12
ENSONIG00000034453	0	0	0
ENSONIG00000034454	0	0	4
ENSONIG00000034455	0	0	0
ENSONIG00000034456	0	0	0
ENSONIG00000034457	0	0	0
ENSONIG00000034458	0	0	0
ENSONIG00000034459	0	0	0
ENSONIG00000034460	2	1	0
ENSONIG00000034461	1	0	0
ENSONIG00000034462	0	0	0
ENSONIG00000034463	12	7	2
ENSONIG00000034464	0	0	0
ENSONIG00000034465	0	0	0
ENSONIG00000034466	5	0	1
ENSONIG00000034467	5	7	11
ENSONIG00000034468	0	0	0
ENSONIG00000034469	0	0	0
ENSONIG00000034470	0	0	0
ENSONIG00000034471	0	0	2
ENSONIG00000034472	0	0	0
ENSONIG00000034473	0	0	1
ENSONIG00000034474	0	0	0
ENSONIG00000034475	5	3	3
ENSONIG00000034476	0	0	0
ENSONIG00000034477	0	0	0
ENSONIG00000034478	0	0	1
ENSONIG00000034479	0	0	0
ENSONIG00000034480	0	0	0
ENSONIG00000034481	0	0	0
ENSONIG00000034482	0	0	1
ENSONIG00000034483	0	0	0
ENSONIG00000034484	1	0	0
ENSONIG00000034485	3	13	127
ENSONIG00000034486	0	0	0
ENSONIG00000034487	0	0	0
ENSONIG00000034488	0	0	0
ENSONIG00000034489	0	2	1
ENSONIG00000034490	7	0	8
ENSONIG00000034491	0	0	0
ENSONIG00000034492	4	0	0
ENSONIG00000034493	0	0	0
ENSONIG00000034494	5	1	44
ENSONIG00000034495	0	0	0
ENSONIG00000034496	0	0	0
ENSONIG00000034497	11	9	7
ENSONIG00000034498	0	0	0
ENSONIG00000034499	0	1	17
ENSONIG00000034500	0	0	0
ENSONIG00000034501	0	0	0
ENSONIG00000034502	0	2	0
ENSONIG00000034503	1	0	0
ENSONIG00000034504	0	0	0
ENSONIG00000034505	0	1	0
ENSONIG00000034506	0	0	0
ENSONIG00000034507	1	0	0
ENSONIG00000034508	0	0	0
ENSONIG00000034509	0	0	0
ENSONIG00000034510	0	0	0
ENSONIG00000034511	0	0	1
ENSONIG00000034512	0	0	0
ENSONIG00000034513	0	0	14
ENSONIG00000034514	1	0	0
ENSONIG00000034515	0	1	0
ENSONIG00000034516	0	0	0
ENSONIG00000034517	0	0	0
ENSONIG00000034518	0	0	0
ENSONIG00000034519	0	1	0
ENSONIG00000034520	2	4	23
ENSONIG00000034521	0	0	0
ENSONIG00000034522	0	0	0
ENSONIG00000034523	0	0	0
ENSONIG00000034524	0	0	0
ENSONIG00000034525	0	0	0
ENSONIG00000034526	0	0	0
ENSONIG00000034527	1	0	9
ENSONIG00000034528	0	0	10
ENSONIG00000034529	0	0	0
ENSONIG00000034530	0	0	0
ENSONIG00000034531	0	0	0
ENSONIG00000034532	0	0	0
ENSONIG00000034533	0	0	0
ENSONIG00000034534	0	0	0
ENSONIG00000034535	1	5	32
ENSONIG00000034536	0	1	68
ENSONIG00000034537	0	0	0
ENSONIG00000034538	0	1	14
ENSONIG00000034539	0	0	0
ENSONIG00000034540	0	0	0
ENSONIG00000034541	5	0	1
ENSONIG00000034542	0	0	0
ENSONIG00000034543	0	0	1
ENSONIG00000034544	0	0	0
ENSONIG00000034545	0	0	0
ENSONIG00000034546	37	16	21
ENSONIG00000034547	0	0	0
ENSONIG00000034548	0	0	6
ENSONIG00000034549	0	0	2
ENSONIG00000034550	0	0	0
ENSONIG00000034551	0	0	0
ENSONIG00000034552	0	0	0
ENSONIG00000034553	2	0	1
ENSONIG00000034554	0	0	0
ENSONIG00000034555	0	0	0
ENSONIG00000034556	0	0	0
ENSONIG00000034557	0	0	0
ENSONIG00000034558	0	1	0
ENSONIG00000034559	0	4	9
ENSONIG00000034560	0	0	0
ENSONIG00000034561	0	0	0
ENSONIG00000034562	0	0	2
ENSONIG00000034563	0	0	0
ENSONIG00000034564	0	1	1
ENSONIG00000034565	0	4	5
ENSONIG00000034566	0	0	0
ENSONIG00000034567	0	0	0
ENSONIG00000034568	0	0	0
ENSONIG00000034569	0	0	0
ENSONIG00000034570	0	0	0
ENSONIG00000034571	0	3	0
ENSONIG00000034572	0	1	10
ENSONIG00000034573	0	0	0
ENSONIG00000034574	0	0	1
ENSONIG00000034575	1	0	0
ENSONIG00000034576	2920	4032	6087
ENSONIG00000034577	0	0	2
ENSONIG00000034578	0	0	0
ENSONIG00000034579	2	0	2
ENSONIG00000034580	1	1	5
ENSONIG00000034581	9	15	892
ENSONIG00000034582	1	1	1
ENSONIG00000034583	48344	89376	136211
ENSONIG00000034584	0	0	2
ENSONIG00000034585	0	0	0
ENSONIG00000034586	0	0	0
ENSONIG00000034587	12	3	73
ENSONIG00000034588	0	0	0
ENSONIG00000034589	0	0	0
ENSONIG00000034590	0	0	0
ENSONIG00000034591	41	23	94
ENSONIG00000034592	0	0	0
ENSONIG00000034593	0	0	0
ENSONIG00000034594	0	0	0
ENSONIG00000034595	0	0	0
ENSONIG00000034596	2	0	3
ENSONIG00000034597	0	0	0
ENSONIG00000034598	0	0	0
ENSONIG00000034599	0	4	9
ENSONIG00000034600	1	0	2
ENSONIG00000034601	0	0	0
ENSONIG00000034602	10	9	105
ENSONIG00000034603	2	2	2
ENSONIG00000034604	0	1	10
ENSONIG00000034605	0	0	0
ENSONIG00000034606	1	2	29
ENSONIG00000034607	0	0	0
ENSONIG00000034608	0	0	0
ENSONIG00000034609	0	0	5
ENSONIG00000034610	17	0	0
ENSONIG00000034611	0	0	0
ENSONIG00000034612	0	0	0
ENSONIG00000034613	8	1	43
ENSONIG00000034614	0	0	0
ENSONIG00000034615	0	0	0
ENSONIG00000034616	0	0	0
ENSONIG00000034617	0	0	0
ENSONIG00000034618	0	0	0
ENSONIG00000034619	0	0	0
ENSONIG00000034620	0	1	3
ENSONIG00000034621	131	38	35
ENSONIG00000034622	0	0	0
ENSONIG00000034623	0	0	0
ENSONIG00000034624	2	0	2
ENSONIG00000034625	0	0	21
ENSONIG00000034626	0	0	0
ENSONIG00000034627	3	0	7
ENSONIG00000034628	2	0	3
ENSONIG00000034629	250	149	362
ENSONIG00000034630	0	0	0
ENSONIG00000034631	0	0	0
ENSONIG00000034632	0	2	20
ENSONIG00000034633	1	0	1
ENSONIG00000034634	1	0	0
ENSONIG00000034635	1	1	0
ENSONIG00000034636	0	0	0
ENSONIG00000034637	0	0	0
ENSONIG00000034638	0	0	1
ENSONIG00000034639	0	1	2
ENSONIG00000034640	0	0	0
ENSONIG00000034641	0	0	0
ENSONIG00000034642	645	23	659
ENSONIG00000034643	285	252	190
ENSONIG00000034644	29	56	2862
ENSONIG00000034645	0	2	5
ENSONIG00000034646	1	0	0
ENSONIG00000034647	2	0	0
ENSONIG00000034648	0	0	2
ENSONIG00000034649	0	2	57
ENSONIG00000034650	5	4	27
ENSONIG00000034651	0	0	0
ENSONIG00000034652	1	0	0
ENSONIG00000034653	0	0	0
ENSONIG00000034654	1	0	2
ENSONIG00000034655	0	0	0
ENSONIG00000034656	0	0	0
ENSONIG00000034657	0	0	0
ENSONIG00000034658	0	0	0
ENSONIG00000034659	0	0	0
ENSONIG00000034660	1	1	1
ENSONIG00000034661	0	2	0
ENSONIG00000034662	0	0	0
ENSONIG00000034663	0	0	0
ENSONIG00000034664	2	1	0
ENSONIG00000034665	0	0	0
ENSONIG00000034666	0	0	0
ENSONIG00000034667	1	0	0
ENSONIG00000034668	0	0	0
ENSONIG00000034670	0	0	1
ENSONIG00000034671	4	2	129
ENSONIG00000034672	0	0	0
ENSONIG00000034673	0	0	0
ENSONIG00000034674	0	0	0
ENSONIG00000034675	95	6	8
ENSONIG00000034676	0	0	0
ENSONIG00000034677	0	0	0
ENSONIG00000034678	23	4	2
ENSONIG00000034679	0	0	0
ENSONIG00000034680	0	0	0
ENSONIG00000034681	5	1	5
ENSONIG00000034682	0	0	0
ENSONIG00000034683	1	0	9
ENSONIG00000034684	0	0	0
ENSONIG00000034685	0	0	0
ENSONIG00000034686	0	0	36
ENSONIG00000034687	0	0	1
ENSONIG00000034688	0	0	0
ENSONIG00000034689	0	0	0
ENSONIG00000034690	0	0	0
ENSONIG00000034691	0	0	0
ENSONIG00000034692	0	0	0
ENSONIG00000034693	0	0	0
ENSONIG00000034694	0	0	0
ENSONIG00000034695	7	1	10
ENSONIG00000034696	0	0	0
ENSONIG00000034697	0	0	0
ENSONIG00000034698	0	0	0
ENSONIG00000034699	0	0	0
ENSONIG00000034700	0	0	0
ENSONIG00000034701	0	0	0
ENSONIG00000034702	0	0	0
ENSONIG00000034703	0	0	5
ENSONIG00000034704	1	0	0
ENSONIG00000034705	2	11	0
ENSONIG00000034706	0	0	1
ENSONIG00000034707	0	0	3
ENSONIG00000034708	0	1	4
ENSONIG00000034709	13	7	80
ENSONIG00000034710	2	5	32
ENSONIG00000034711	0	0	0
ENSONIG00000034712	0	0	0
ENSONIG00000034713	0	0	0
ENSONIG00000034714	0	0	5
ENSONIG00000034715	0	0	0
ENSONIG00000034716	0	0	0
ENSONIG00000034717	0	0	0
ENSONIG00000034718	0	0	1
ENSONIG00000034719	0	0	0
ENSONIG00000034720	0	0	0
ENSONIG00000034721	1	0	1
ENSONIG00000034722	0	0	0
ENSONIG00000034723	0	0	0
ENSONIG00000034724	0	0	0
ENSONIG00000034725	0	0	0
ENSONIG00000034726	0	0	0
ENSONIG00000034727	0	0	0
ENSONIG00000034728	0	3	0
ENSONIG00000034729	0	0	0
ENSONIG00000034730	0	0	4
ENSONIG00000034731	0	0	0
ENSONIG00000034732	0	0	0
ENSONIG00000034733	0	0	5
ENSONIG00000034734	0	0	18
ENSONIG00000034735	4	4	8
ENSONIG00000034736	0	1	33
ENSONIG00000034737	1	0	0
ENSONIG00000034738	0	1	7
ENSONIG00000034739	0	0	0
ENSONIG00000034740	0	0	1
ENSONIG00000034741	0	0	0
ENSONIG00000034742	0	0	0
ENSONIG00000034743	0	1	0
ENSONIG00000034744	0	0	2
ENSONIG00000034745	0	0	31
ENSONIG00000034746	0	0	0
ENSONIG00000034747	0	1	0
ENSONIG00000034748	3	2	0
ENSONIG00000034749	0	0	0
ENSONIG00000034750	55	201	363
ENSONIG00000034751	0	0	0
ENSONIG00000034752	0	2	7
ENSONIG00000034753	0	0	4
ENSONIG00000034754	0	1	5
ENSONIG00000034755	0	0	0
ENSONIG00000034756	0	0	2
ENSONIG00000034757	0	0	0
ENSONIG00000034758	0	0	0
ENSONIG00000034759	2	0	0
ENSONIG00000034760	18	5	215
ENSONIG00000034761	472	145	221
ENSONIG00000034762	0	0	0
ENSONIG00000034763	11	52	26
ENSONIG00000034764	0	0	0
ENSONIG00000034765	8	1	52
ENSONIG00000034766	6	21	32
ENSONIG00000034767	1	0	1
ENSONIG00000034768	0	1	1
ENSONIG00000034769	0	0	0
ENSONIG00000034770	5	4	15
ENSONIG00000034771	0	0	0
ENSONIG00000034772	0	0	0
ENSONIG00000034773	0	0	0
ENSONIG00000034774	20	11	123
ENSONIG00000034775	2	1	0
ENSONIG00000034776	17	0	0
ENSONIG00000034777	0	0	0
ENSONIG00000034778	0	0	0
ENSONIG00000034779	0	0	0
ENSONIG00000034780	0	0	7
ENSONIG00000034781	1	0	4
ENSONIG00000034782	0	0	0
ENSONIG00000034783	0	0	1
ENSONIG00000034784	0	0	0
ENSONIG00000034785	0	0	0
ENSONIG00000034786	0	0	1
ENSONIG00000034787	0	0	0
ENSONIG00000034788	0	0	0
ENSONIG00000034789	0	0	4
ENSONIG00000034790	0	0	13
ENSONIG00000034791	0	0	0
ENSONIG00000034792	0	0	13
ENSONIG00000034793	0	0	0
ENSONIG00000034794	19	22	7
ENSONIG00000034795	0	0	0
ENSONIG00000034796	0	0	0
ENSONIG00000034797	2	7	77
ENSONIG00000034798	2	0	0
ENSONIG00000034799	0	0	0
ENSONIG00000034800	0	2	1
ENSONIG00000034801	0	0	0
ENSONIG00000034802	4	0	36
ENSONIG00000034803	0	0	0
ENSONIG00000034804	2	2	1
ENSONIG00000034805	0	0	0
ENSONIG00000034806	0	0	0
ENSONIG00000034807	0	0	0
ENSONIG00000034808	2	0	0
ENSONIG00000034809	0	0	0
ENSONIG00000034810	0	0	0
ENSONIG00000034811	1	1	5
ENSONIG00000034812	0	0	0
ENSONIG00000034813	0	0	0
ENSONIG00000034814	0	0	0
ENSONIG00000034815	0	0	4
ENSONIG00000034816	0	0	0
ENSONIG00000034817	6	4	8
ENSONIG00000034818	0	0	0
ENSONIG00000034819	0	0	0
ENSONIG00000034820	3	0	0
ENSONIG00000034821	0	0	0
ENSONIG00000034822	32	0	0
ENSONIG00000034823	0	0	0
ENSONIG00000034824	0	0	0
ENSONIG00000034825	0	0	8
ENSONIG00000034826	0	0	0
ENSONIG00000034827	0	0	8
ENSONIG00000034828	0	0	1
ENSONIG00000034829	0	0	0
ENSONIG00000034830	1	2	9
ENSONIG00000034831	0	0	0
ENSONIG00000034832	371	78	73
ENSONIG00000034833	0	0	0
ENSONIG00000034834	363	76	45
ENSONIG00000034835	0	0	0
ENSONIG00000034836	1	0	1
ENSONIG00000034837	0	0	0
ENSONIG00000034838	0	0	2
ENSONIG00000034839	37	24	71
ENSONIG00000034840	1	0	1
ENSONIG00000034841	0	0	0
ENSONIG00000034842	0	0	7
ENSONIG00000034843	0	0	4
ENSONIG00000034844	0	0	0
ENSONIG00000034845	0	0	0
ENSONIG00000034846	0	0	0
ENSONIG00000034847	0	0	0
ENSONIG00000034848	5	13	211
ENSONIG00000034849	2	31	161
ENSONIG00000034850	0	0	1
ENSONIG00000034851	0	1	1
ENSONIG00000034852	0	0	0
ENSONIG00000034853	0	0	0
ENSONIG00000034854	0	0	0
ENSONIG00000034855	0	0	1
ENSONIG00000034856	0	0	0
ENSONIG00000034857	0	0	0
ENSONIG00000034858	1	1	3
ENSONIG00000034859	1	0	1
ENSONIG00000034860	0	0	1
ENSONIG00000034861	1	4	0
ENSONIG00000034862	0	0	0
ENSONIG00000034863	0	0	0
ENSONIG00000034864	3	0	7
ENSONIG00000034865	0	0	0
ENSONIG00000034866	0	0	0
ENSONIG00000034867	0	2	3
ENSONIG00000034868	0	0	0
ENSONIG00000034869	0	0	2
ENSONIG00000034870	0	0	0
ENSONIG00000034871	0	0	0
ENSONIG00000034872	0	0	0
ENSONIG00000034873	0	0	0
ENSONIG00000034874	41	97	5416
ENSONIG00000034875	181	3	108
ENSONIG00000034876	16	15	26
ENSONIG00000034877	0	0	9
ENSONIG00000034878	0	0	0
ENSONIG00000034879	2	0	4
ENSONIG00000034880	0	0	0
ENSONIG00000034881	0	0	0
ENSONIG00000034882	0	0	0
ENSONIG00000034883	0	1	0
ENSONIG00000034884	0	0	0
ENSONIG00000034885	0	1	0
ENSONIG00000034886	0	0	0
ENSONIG00000034887	0	0	0
ENSONIG00000034888	0	0	0
ENSONIG00000034889	0	0	0
ENSONIG00000034890	0	0	0
ENSONIG00000034891	2	7	309
ENSONIG00000034892	0	0	0
ENSONIG00000034893	0	1	57
ENSONIG00000034894	0	0	0
ENSONIG00000034895	0	0	0
ENSONIG00000034896	65	30	35
ENSONIG00000034897	0	0	0
ENSONIG00000034898	0	0	0
ENSONIG00000034899	0	0	0
ENSONIG00000034900	0	0	0
ENSONIG00000034901	0	1	5
ENSONIG00000034902	0	0	0
ENSONIG00000034903	0	0	0
ENSONIG00000034904	1	6	0
ENSONIG00000034905	77	45	40
ENSONIG00000034906	0	0	0
ENSONIG00000034907	1	0	2
ENSONIG00000034908	8	3	7
ENSONIG00000034909	0	0	0
ENSONIG00000034910	0	1	0
ENSONIG00000034911	0	0	0
ENSONIG00000034912	0	0	0
ENSONIG00000034913	0	0	0
ENSONIG00000034914	0	0	0
ENSONIG00000034915	1	0	5
ENSONIG00000034916	0	0	0
ENSONIG00000034917	0	0	103
ENSONIG00000034918	0	0	0
ENSONIG00000034919	0	0	0
ENSONIG00000034920	5	7	54
ENSONIG00000034921	0	0	0
ENSONIG00000034922	0	0	0
ENSONIG00000034923	0	0	0
ENSONIG00000034924	0	3	61
ENSONIG00000034925	0	0	0
ENSONIG00000034926	0	0	0
ENSONIG00000034927	0	0	3
ENSONIG00000034928	0	5	13
ENSONIG00000034929	1	0	0
ENSONIG00000034930	0	0	0
ENSONIG00000034931	0	0	1
ENSONIG00000034932	1031	973	15592
ENSONIG00000034933	0	0	0
ENSONIG00000034934	0	0	1
ENSONIG00000034935	0	0	0
ENSONIG00000034936	0	1	2
ENSONIG00000034937	0	0	0
ENSONIG00000034938	0	0	0
ENSONIG00000034939	2	0	0
ENSONIG00000034940	0	0	0
ENSONIG00000034941	0	0	1
ENSONIG00000034942	0	0	0
ENSONIG00000034943	29	0	7
ENSONIG00000034944	0	0	0
ENSONIG00000034945	1	0	0
ENSONIG00000034946	0	0	9
ENSONIG00000034947	0	0	0
ENSONIG00000034948	0	0	0
ENSONIG00000034949	0	0	0
ENSONIG00000034950	0	0	0
ENSONIG00000034951	0	0	0
ENSONIG00000034952	0	0	0
ENSONIG00000034953	0	0	0
ENSONIG00000034954	0	0	0
ENSONIG00000034955	0	0	0
ENSONIG00000034956	0	0	0
ENSONIG00000034957	0	0	1
ENSONIG00000034958	0	0	1
ENSONIG00000034959	0	0	0
ENSONIG00000034960	0	0	0
ENSONIG00000034961	1	2	0
ENSONIG00000034962	0	0	0
ENSONIG00000034963	0	0	0
ENSONIG00000034964	0	0	0
ENSONIG00000034965	0	0	0
ENSONIG00000034966	2	0	1
ENSONIG00000034967	1	0	1
ENSONIG00000034968	0	0	0
ENSONIG00000034969	8	4	3
ENSONIG00000034970	0	0	0
ENSONIG00000034971	0	0	0
ENSONIG00000034972	0	2	0
ENSONIG00000034973	0	0	0
ENSONIG00000034974	0	2	1
ENSONIG00000034975	0	0	4
ENSONIG00000034976	0	0	0
ENSONIG00000034977	0	0	7
ENSONIG00000034978	0	0	0
ENSONIG00000034979	8	277	129
ENSONIG00000034980	2	0	1
ENSONIG00000034981	0	0	0
ENSONIG00000034982	0	0	0
ENSONIG00000034983	0	0	0
ENSONIG00000034984	0	0	0
ENSONIG00000034985	3	3	93
ENSONIG00000034986	0	0	0
ENSONIG00000034987	0	0	1
ENSONIG00000034988	208	56	3862
ENSONIG00000034989	0	0	0
ENSONIG00000034990	0	0	0
ENSONIG00000034991	2	0	2
ENSONIG00000034992	0	1	8
ENSONIG00000034993	0	0	7
ENSONIG00000034994	0	0	6
ENSONIG00000034995	4	2	12
ENSONIG00000034996	0	0	0
ENSONIG00000034997	0	0	0
ENSONIG00000034998	0	0	0
ENSONIG00000034999	0	0	0
ENSONIG00000035000	0	0	0
ENSONIG00000035001	0	0	0
ENSONIG00000035002	1	0	12
ENSONIG00000035003	0	0	0
ENSONIG00000035004	0	0	4
ENSONIG00000035005	0	1	0
ENSONIG00000035006	0	0	0
ENSONIG00000035007	1	0	0
ENSONIG00000035008	0	0	0
ENSONIG00000035009	0	0	0
ENSONIG00000035010	0	0	7
ENSONIG00000035011	0	0	0
ENSONIG00000035012	1	0	0
ENSONIG00000035013	0	0	0
ENSONIG00000035014	0	0	0
ENSONIG00000035015	0	0	1
ENSONIG00000035016	0	2	0
ENSONIG00000035017	321	20	55
ENSONIG00000035018	0	0	2
ENSONIG00000035019	0	0	0
ENSONIG00000035020	0	0	0
ENSONIG00000035021	0	0	0
ENSONIG00000035022	0	0	0
ENSONIG00000035023	0	0	0
ENSONIG00000035024	2	1	10
ENSONIG00000035025	0	0	4
ENSONIG00000035026	0	0	0
ENSONIG00000035027	0	1	3
ENSONIG00000035028	10	10	133
ENSONIG00000035029	0	0	9
ENSONIG00000035030	0	0	0
ENSONIG00000035031	0	0	1
ENSONIG00000035032	0	0	0
ENSONIG00000035033	0	2	5
ENSONIG00000035034	0	0	0
ENSONIG00000035035	0	0	0
ENSONIG00000035036	4	3	21
ENSONIG00000035037	0	0	0
ENSONIG00000035038	0	0	1
ENSONIG00000035039	0	0	0
ENSONIG00000035040	0	0	1
ENSONIG00000035041	0	0	0
ENSONIG00000035042	1	0	1
ENSONIG00000035043	0	0	1
ENSONIG00000035044	1	0	26
ENSONIG00000035045	0	0	0
ENSONIG00000035046	0	0	0
ENSONIG00000035047	0	0	0
ENSONIG00000035048	0	0	7
ENSONIG00000035049	0	0	0
ENSONIG00000035050	0	0	0
ENSONIG00000035051	0	0	1
ENSONIG00000035052	1	0	0
ENSONIG00000035053	0	0	0
ENSONIG00000035054	0	0	0
ENSONIG00000035055	96	145	7651
ENSONIG00000035056	0	0	0
ENSONIG00000035057	0	0	0
ENSONIG00000035058	0	0	0
ENSONIG00000035059	0	0	66
ENSONIG00000035060	3	0	3
ENSONIG00000035061	0	0	0
ENSONIG00000035062	0	0	0
ENSONIG00000035063	0	0	12
ENSONIG00000035064	0	0	0
ENSONIG00000035065	0	0	0
ENSONIG00000035066	0	0	0
ENSONIG00000035067	0	5	6
ENSONIG00000035068	0	0	0
ENSONIG00000035069	0	0	0
ENSONIG00000035070	0	0	1
ENSONIG00000035071	0	0	0
ENSONIG00000035072	0	2	45
ENSONIG00000035073	0	0	0
ENSONIG00000035074	0	0	0
ENSONIG00000035075	0	0	0
ENSONIG00000035076	0	2	3
ENSONIG00000035077	125	17	148
ENSONIG00000035078	0	0	0
ENSONIG00000035079	0	1	1
ENSONIG00000035080	2	3	0
ENSONIG00000035081	0	4	0
ENSONIG00000035082	0	0	0
ENSONIG00000035083	0	0	0
ENSONIG00000035084	0	0	0
ENSONIG00000035085	0	0	0
ENSONIG00000035086	0	0	0
ENSONIG00000035087	0	0	0
ENSONIG00000035088	0	0	0
ENSONIG00000035089	0	0	0
ENSONIG00000035090	0	0	0
ENSONIG00000035091	0	0	0
ENSONIG00000035092	0	0	0
ENSONIG00000035093	0	0	0
ENSONIG00000035094	0	0	0
ENSONIG00000035095	5	0	2
ENSONIG00000035096	0	0	0
ENSONIG00000035097	0	0	0
ENSONIG00000035098	0	0	0
ENSONIG00000035099	1	0	0
ENSONIG00000035100	2	5	1
ENSONIG00000035101	16	31	43
ENSONIG00000035102	1	0	2
ENSONIG00000035103	1	0	0
ENSONIG00000035104	0	0	0
ENSONIG00000035105	11	0	0
ENSONIG00000035106	0	0	0
ENSONIG00000035107	0	0	3
ENSONIG00000035108	0	0	0
ENSONIG00000035109	0	0	16
ENSONIG00000035110	0	2	14
ENSONIG00000035111	0	0	1
ENSONIG00000035112	0	0	0
ENSONIG00000035113	1	0	0
ENSONIG00000035114	0	0	0
ENSONIG00000035115	0	0	0
ENSONIG00000035116	265	202	189
ENSONIG00000035117	0	0	0
ENSONIG00000035118	0	0	1
ENSONIG00000035119	0	3	4
ENSONIG00000035120	0	0	36
ENSONIG00000035121	0	0	0
ENSONIG00000035122	0	0	3
ENSONIG00000035123	0	0	0
ENSONIG00000035124	0	0	0
ENSONIG00000035125	0	0	0
ENSONIG00000035126	0	0	0
ENSONIG00000035127	0	0	1
ENSONIG00000035128	1	2	1
ENSONIG00000035129	0	0	0
ENSONIG00000035130	0	0	26
ENSONIG00000035131	0	0	0
ENSONIG00000035132	2	0	15
ENSONIG00000035133	0	0	0
ENSONIG00000035134	0	0	0
ENSONIG00000035135	0	0	0
ENSONIG00000035136	0	1	1
ENSONIG00000035137	0	0	0
ENSONIG00000035138	0	0	0
ENSONIG00000035139	0	0	0
ENSONIG00000035140	0	1	1
ENSONIG00000035141	0	0	0
ENSONIG00000035142	0	1	0
ENSONIG00000035143	0	0	0
ENSONIG00000035144	0	1	0
ENSONIG00000035145	0	0	0
ENSONIG00000035146	0	0	0
ENSONIG00000035147	0	0	0
ENSONIG00000035148	0	0	0
ENSONIG00000035149	0	0	0
ENSONIG00000035150	0	0	5
ENSONIG00000035151	0	0	0
ENSONIG00000035152	0	0	0
ENSONIG00000035153	0	0	1
ENSONIG00000035154	0	0	0
ENSONIG00000035155	2	0	0
ENSONIG00000035156	0	0	2
ENSONIG00000035157	0	0	0
ENSONIG00000035158	0	0	5
ENSONIG00000035159	0	0	0
ENSONIG00000035160	0	0	0
ENSONIG00000035161	0	0	0
ENSONIG00000035162	0	0	0
ENSONIG00000035163	0	1	0
ENSONIG00000035164	0	0	0
ENSONIG00000035165	0	0	0
ENSONIG00000035166	3	1	39
ENSONIG00000035167	3	0	0
ENSONIG00000035168	2	0	0
ENSONIG00000035169	0	0	0
ENSONIG00000035170	1	0	0
ENSONIG00000035171	238	129	278
ENSONIG00000035172	2	0	0
ENSONIG00000035173	0	0	5
ENSONIG00000035174	0	0	7
ENSONIG00000035175	0	0	0
ENSONIG00000035176	39	36	22
ENSONIG00000035177	0	1	4
ENSONIG00000035178	0	0	0
ENSONIG00000035179	0	0	0
ENSONIG00000035180	0	0	1
ENSONIG00000035181	1	0	0
ENSONIG00000035182	0	0	0
ENSONIG00000035183	0	0	0
ENSONIG00000035184	2	0	0
ENSONIG00000035185	0	0	0
ENSONIG00000035186	0	0	0
ENSONIG00000035187	0	0	0
ENSONIG00000035188	0	0	0
ENSONIG00000035189	2	2	29
ENSONIG00000035190	0	0	0
ENSONIG00000035191	0	0	0
ENSONIG00000035192	0	0	0
ENSONIG00000035193	0	1	0
ENSONIG00000035194	5	43	33
ENSONIG00000035195	3	2	1
ENSONIG00000035196	0	0	0
ENSONIG00000035197	2	11	139
ENSONIG00000035198	33	13	244
ENSONIG00000035199	6	2	6
ENSONIG00000035200	0	0	3
ENSONIG00000035201	0	0	0
ENSONIG00000035202	0	0	0
ENSONIG00000035203	0	0	0
ENSONIG00000035204	0	0	0
ENSONIG00000035205	0	0	0
ENSONIG00000035206	0	0	0
ENSONIG00000035207	1	1	0
ENSONIG00000035208	0	0	0
ENSONIG00000035209	0	5	40
ENSONIG00000035210	0	1	3
ENSONIG00000035211	0	0	0
ENSONIG00000035212	0	0	0
ENSONIG00000035213	0	0	2
ENSONIG00000035214	0	0	0
ENSONIG00000035215	2	1	1
ENSONIG00000035216	0	0	6
ENSONIG00000035217	0	0	0
ENSONIG00000035218	0	0	0
ENSONIG00000035219	0	0	6
ENSONIG00000035220	1	0	0
ENSONIG00000035221	0	0	0
ENSONIG00000035222	0	0	0
ENSONIG00000035223	2	2	24
ENSONIG00000035224	0	0	7
ENSONIG00000035225	1	0	1
ENSONIG00000035226	2	2	3
ENSONIG00000035227	0	0	0
ENSONIG00000035228	10	0	1
ENSONIG00000035229	1	0	0
ENSONIG00000035230	0	0	0
ENSONIG00000035231	0	0	0
ENSONIG00000035232	0	0	0
ENSONIG00000035233	0	0	2
ENSONIG00000035234	0	0	0
ENSONIG00000035235	0	0	20
ENSONIG00000035236	2	0	1
ENSONIG00000035237	0	0	0
ENSONIG00000035238	0	0	0
ENSONIG00000035239	0	0	0
ENSONIG00000035240	29	28	61
ENSONIG00000035241	0	0	0
ENSONIG00000035242	1	0	5
ENSONIG00000035243	0	0	0
ENSONIG00000035244	2	1	48
ENSONIG00000035245	0	0	2
ENSONIG00000035246	0	0	0
ENSONIG00000035247	0	1	0
ENSONIG00000035248	0	0	0
ENSONIG00000035249	0	0	0
ENSONIG00000035250	0	0	10
ENSONIG00000035251	31	0	18
ENSONIG00000035252	2	0	10
ENSONIG00000035253	2	0	0
ENSONIG00000035254	0	0	0
ENSONIG00000035255	1	0	3
ENSONIG00000035256	0	0	0
ENSONIG00000035257	0	0	0
ENSONIG00000035258	3	0	1
ENSONIG00000035259	0	0	0
ENSONIG00000035260	0	0	0
ENSONIG00000035261	0	0	0
ENSONIG00000035262	0	0	0
ENSONIG00000035263	5	5	170
ENSONIG00000035264	0	0	0
ENSONIG00000035265	0	0	0
ENSONIG00000035266	0	0	1
ENSONIG00000035267	3	0	1
ENSONIG00000035268	8	6	78
ENSONIG00000035269	0	0	0
ENSONIG00000035270	10	11	13
ENSONIG00000035271	1	0	1
ENSONIG00000035272	1	0	11
ENSONIG00000035273	0	1	0
ENSONIG00000035274	0	0	0
ENSONIG00000035275	0	0	0
ENSONIG00000035276	0	0	0
ENSONIG00000035277	4	2	1
ENSONIG00000035278	0	0	1
ENSONIG00000035279	0	0	0
ENSONIG00000035280	0	0	0
ENSONIG00000035281	0	0	0
ENSONIG00000035282	2	1	0
ENSONIG00000035283	0	0	0
ENSONIG00000035284	0	0	0
ENSONIG00000035285	0	0	0
ENSONIG00000035286	0	1	30
ENSONIG00000035287	0	0	0
ENSONIG00000035288	2	1	2
ENSONIG00000035289	0	0	0
ENSONIG00000035290	0	0	0
ENSONIG00000035291	0	0	0
ENSONIG00000035292	0	0	5
ENSONIG00000035293	0	0	0
ENSONIG00000035294	0	0	0
ENSONIG00000035295	0	0	0
ENSONIG00000035296	3	0	3
ENSONIG00000035297	0	0	0
ENSONIG00000035298	1	1	2
ENSONIG00000035299	0	0	0
ENSONIG00000035300	2	0	0
ENSONIG00000035301	2	0	0
ENSONIG00000035302	495	21	30
ENSONIG00000035303	0	0	2
ENSONIG00000035304	0	0	0
ENSONIG00000035305	0	0	3
ENSONIG00000035306	0	0	0
ENSONIG00000035307	0	0	10
ENSONIG00000035308	0	0	0
ENSONIG00000035309	2	0	0
ENSONIG00000035310	0	1	1
ENSONIG00000035311	0	0	0
ENSONIG00000035312	5	1	4
ENSONIG00000035313	0	0	0
ENSONIG00000035314	0	0	0
ENSONIG00000035315	0	0	0
ENSONIG00000035316	0	0	1
ENSONIG00000035317	0	0	0
ENSONIG00000035318	0	0	34
ENSONIG00000035319	0	0	0
ENSONIG00000035320	0	0	0
ENSONIG00000035321	0	0	0
ENSONIG00000035322	0	0	0
ENSONIG00000035323	0	0	0
ENSONIG00000035324	0	0	0
ENSONIG00000035325	0	0	0
ENSONIG00000035326	0	0	0
ENSONIG00000035327	0	0	0
ENSONIG00000035328	0	0	0
ENSONIG00000035329	0	0	1
ENSONIG00000035330	0	0	3
ENSONIG00000035331	0	0	0
ENSONIG00000035332	1	0	0
ENSONIG00000035333	0	0	0
ENSONIG00000035334	3	6	96
ENSONIG00000035335	0	0	0
ENSONIG00000035336	0	0	3
ENSONIG00000035337	0	0	0
ENSONIG00000035338	0	0	1
ENSONIG00000035339	1	0	3
ENSONIG00000035340	0	1	160
ENSONIG00000035341	0	0	1
ENSONIG00000035342	25	4	7
ENSONIG00000035343	2	17	530
ENSONIG00000035344	0	0	0
ENSONIG00000035345	6	1	1
ENSONIG00000035346	35	2	2
ENSONIG00000035347	0	1	0
ENSONIG00000035348	3	10	18
ENSONIG00000035349	2	2	2
ENSONIG00000035350	0	1	1
ENSONIG00000035351	0	0	0
ENSONIG00000035352	0	0	0
ENSONIG00000035353	0	0	0
ENSONIG00000035354	1	0	2
ENSONIG00000035355	0	0	0
ENSONIG00000035356	0	0	0
ENSONIG00000035357	0	0	0
ENSONIG00000035358	0	0	0
ENSONIG00000035359	0	0	0
ENSONIG00000035360	1	1	74
ENSONIG00000035361	0	0	0
ENSONIG00000035362	1	0	0
ENSONIG00000035363	0	0	0
ENSONIG00000035364	1	0	0
ENSONIG00000035365	0	0	0
ENSONIG00000035366	0	0	2
ENSONIG00000035367	0	0	0
ENSONIG00000035368	0	0	0
ENSONIG00000035369	1	0	2
ENSONIG00000035370	0	0	0
ENSONIG00000035371	2	0	0
ENSONIG00000035372	0	1	20
ENSONIG00000035373	0	0	12
ENSONIG00000035374	0	0	0
ENSONIG00000035375	0	2	0
ENSONIG00000035376	0	0	0
ENSONIG00000035377	0	17	165
ENSONIG00000035378	5	1	65
ENSONIG00000035379	0	0	4
ENSONIG00000035380	0	0	3
ENSONIG00000035381	21	16	33
ENSONIG00000035382	0	0	0
ENSONIG00000035383	221	126	192
ENSONIG00000035384	0	0	0
ENSONIG00000035385	1	1	59
ENSONIG00000035386	0	0	0
ENSONIG00000035387	0	0	0
ENSONIG00000035388	0	0	0
ENSONIG00000035389	0	0	0
ENSONIG00000035390	0	1	10
ENSONIG00000035391	0	0	0
ENSONIG00000035392	0	1	0
ENSONIG00000035393	0	0	0
ENSONIG00000035394	0	0	0
ENSONIG00000035395	3	0	9
ENSONIG00000035396	0	0	0
ENSONIG00000035397	1	0	9
ENSONIG00000035398	0	0	0
ENSONIG00000035399	4	1	28
ENSONIG00000035400	0	4	11
ENSONIG00000035401	72	38	125
ENSONIG00000035402	1	0	1
ENSONIG00000035403	0	0	0
ENSONIG00000035404	0	0	1
ENSONIG00000035405	0	0	1
ENSONIG00000035406	0	0	0
ENSONIG00000035407	0	0	0
ENSONIG00000035408	0	0	1
ENSONIG00000035409	0	0	3
ENSONIG00000035410	0	0	0
ENSONIG00000035411	2	0	1
ENSONIG00000035412	0	0	0
ENSONIG00000035413	0	0	0
ENSONIG00000035414	0	5	4
ENSONIG00000035415	38	120	134
ENSONIG00000035416	0	0	0
ENSONIG00000035417	0	0	1
ENSONIG00000035418	0	0	3
ENSONIG00000035419	6	28	9
ENSONIG00000035420	0	0	1
ENSONIG00000035421	0	1	0
ENSONIG00000035422	0	0	0
ENSONIG00000035423	0	0	0
ENSONIG00000035424	0	4	10
ENSONIG00000035425	0	0	0
ENSONIG00000035426	1	0	0
ENSONIG00000035427	4	3	6
ENSONIG00000035428	0	0	0
ENSONIG00000035429	0	0	2
ENSONIG00000035430	0	0	0
ENSONIG00000035431	0	0	0
ENSONIG00000035432	0	0	0
ENSONIG00000035433	0	0	0
ENSONIG00000035434	0	0	3
ENSONIG00000035435	73	24	57
ENSONIG00000035436	0	2	0
ENSONIG00000035437	0	0	2
ENSONIG00000035438	0	1	1
ENSONIG00000035439	37	22	466
ENSONIG00000035440	0	0	0
ENSONIG00000035441	3	0	1
ENSONIG00000035442	2	0	6
ENSONIG00000035443	0	0	2
ENSONIG00000035444	5	0	0
ENSONIG00000035445	1	0	5
ENSONIG00000035446	6	0	16
ENSONIG00000035447	1	0	6
ENSONIG00000035448	0	0	0
ENSONIG00000035449	0	0	0
ENSONIG00000035450	0	0	0
ENSONIG00000035451	0	0	0
ENSONIG00000035452	11	8	80
ENSONIG00000035453	0	0	0
ENSONIG00000035454	1	1	3
ENSONIG00000035455	32	2	33
ENSONIG00000035456	0	0	0
ENSONIG00000035457	0	0	1
ENSONIG00000035458	0	0	0
ENSONIG00000035459	1	0	0
ENSONIG00000035460	2	0	5
ENSONIG00000035461	0	0	0
ENSONIG00000035462	0	0	0
ENSONIG00000035463	0	1	0
ENSONIG00000035464	0	0	0
ENSONIG00000035465	0	0	0
ENSONIG00000035466	0	0	0
ENSONIG00000035467	0	0	17
ENSONIG00000035468	0	0	15
ENSONIG00000035469	5	1	20
ENSONIG00000035470	0	0	0
ENSONIG00000035471	0	0	0
ENSONIG00000035472	0	0	0
ENSONIG00000035473	0	1	0
ENSONIG00000035474	0	0	0
ENSONIG00000035475	0	0	0
ENSONIG00000035476	0	0	0
ENSONIG00000035477	0	0	1
ENSONIG00000035478	7	1	13
ENSONIG00000035479	0	0	0
ENSONIG00000035480	0	0	0
ENSONIG00000035481	0	0	0
ENSONIG00000035482	2	0	3
ENSONIG00000035483	0	0	0
ENSONIG00000035484	0	1	1
ENSONIG00000035485	0	0	0
ENSONIG00000035486	0	0	1
ENSONIG00000035487	0	0	0
ENSONIG00000035488	0	0	0
ENSONIG00000035489	0	0	0
ENSONIG00000035490	0	0	0
ENSONIG00000035491	1	0	0
ENSONIG00000035492	0	0	0
ENSONIG00000035493	0	0	0
ENSONIG00000035494	0	0	0
ENSONIG00000035495	0	0	0
ENSONIG00000035496	0	0	0
ENSONIG00000035497	0	0	0
ENSONIG00000035498	21	11	142
ENSONIG00000035499	0	0	0
ENSONIG00000035500	0	0	0
ENSONIG00000035501	0	0	0
ENSONIG00000035502	0	0	0
ENSONIG00000035503	0	0	4
ENSONIG00000035504	0	0	2
ENSONIG00000035505	0	0	0
ENSONIG00000035506	0	1	10
ENSONIG00000035507	0	0	0
ENSONIG00000035508	4	1	5
ENSONIG00000035509	0	0	0
ENSONIG00000035510	0	3	0
ENSONIG00000035511	0	0	0
ENSONIG00000035512	0	0	0
ENSONIG00000035513	0	0	0
ENSONIG00000035514	9	0	0
ENSONIG00000035515	0	0	0
ENSONIG00000035516	0	0	0
ENSONIG00000035517	0	0	0
ENSONIG00000035518	0	1	0
ENSONIG00000035519	7	2	30
ENSONIG00000035520	0	0	0
ENSONIG00000035521	0	0	0
ENSONIG00000035522	9	1	8
ENSONIG00000035523	0	0	0
ENSONIG00000035524	0	0	0
ENSONIG00000035525	0	0	0
ENSONIG00000035526	0	0	0
ENSONIG00000035527	0	0	0
ENSONIG00000035528	0	0	0
ENSONIG00000035529	1	0	0
ENSONIG00000035530	0	0	0
ENSONIG00000035531	0	0	0
ENSONIG00000035532	0	0	0
ENSONIG00000035533	0	3	5
ENSONIG00000035534	0	0	0
ENSONIG00000035535	0	0	0
ENSONIG00000035536	0	0	0
ENSONIG00000035537	0	0	0
ENSONIG00000035538	0	0	0
ENSONIG00000035539	0	0	0
ENSONIG00000035540	8	5	87
ENSONIG00000035541	0	0	0
ENSONIG00000035542	2	0	0
ENSONIG00000035543	0	0	2
ENSONIG00000035544	0	0	0
ENSONIG00000035545	0	0	0
ENSONIG00000035546	13	3	58
ENSONIG00000035547	0	0	0
ENSONIG00000035548	1	0	27
ENSONIG00000035549	0	0	0
ENSONIG00000035550	0	0	24
ENSONIG00000035551	0	1	2
ENSONIG00000035552	0	0	0
ENSONIG00000035553	0	0	0
ENSONIG00000035554	1	0	3
ENSONIG00000035555	0	0	0
ENSONIG00000035556	0	0	0
ENSONIG00000035557	0	0	1
ENSONIG00000035558	0	0	0
ENSONIG00000035559	0	0	0
ENSONIG00000035560	0	0	0
ENSONIG00000035561	0	0	0
ENSONIG00000035562	0	3	20
ENSONIG00000035563	0	0	0
ENSONIG00000035564	1	0	33
ENSONIG00000035565	4	0	0
ENSONIG00000035566	9	0	1
ENSONIG00000035567	0	0	0
ENSONIG00000035568	0	0	0
ENSONIG00000035569	0	2	34
ENSONIG00000035570	8	3	25
ENSONIG00000035571	0	0	0
ENSONIG00000035572	0	0	0
ENSONIG00000035573	0	0	0
ENSONIG00000035574	33	0	0
ENSONIG00000035575	0	0	0
ENSONIG00000035576	0	0	3
ENSONIG00000035577	1	0	5
ENSONIG00000035578	0	0	2
ENSONIG00000035579	0	0	0
ENSONIG00000035580	1	5	16
ENSONIG00000035581	0	0	0
ENSONIG00000035582	0	1	2
ENSONIG00000035583	0	0	0
ENSONIG00000035584	0	0	0
ENSONIG00000035585	8	2	14
ENSONIG00000035586	0	0	0
ENSONIG00000035587	0	0	0
ENSONIG00000035588	1967	772	796
ENSONIG00000035589	0	0	0
ENSONIG00000035590	0	0	0
ENSONIG00000035591	0	0	0
ENSONIG00000035592	0	0	0
ENSONIG00000035593	0	0	0
ENSONIG00000035594	0	0	0
ENSONIG00000035595	9	0	0
ENSONIG00000035596	0	0	0
ENSONIG00000035597	0	0	4
ENSONIG00000035598	0	0	4
ENSONIG00000035599	1	0	1
ENSONIG00000035600	0	0	1
ENSONIG00000035601	1	0	0
ENSONIG00000035602	0	1	11
ENSONIG00000035603	0	0	1
ENSONIG00000035604	64	129	196
ENSONIG00000035605	0	0	0
ENSONIG00000035606	0	2	5
ENSONIG00000035607	0	0	0
ENSONIG00000035608	276	44	40
ENSONIG00000035609	0	0	0
ENSONIG00000035610	1381	475	488
ENSONIG00000035611	0	0	2
ENSONIG00000035612	2	0	2
ENSONIG00000035613	0	0	0
ENSONIG00000035614	0	2	23
ENSONIG00000035615	0	0	0
ENSONIG00000035616	0	1	0
ENSONIG00000035617	7	0	12
ENSONIG00000035618	0	0	0
ENSONIG00000035619	0	1	0
ENSONIG00000035620	0	0	2
ENSONIG00000035621	0	0	5
ENSONIG00000035622	0	0	0
ENSONIG00000035623	6	2	7
ENSONIG00000035624	0	0	0
ENSONIG00000035625	0	0	3
ENSONIG00000035626	4	0	39
ENSONIG00000035627	1	0	0
ENSONIG00000035628	1	0	2
ENSONIG00000035629	1	0	0
ENSONIG00000035630	0	0	0
ENSONIG00000035631	0	0	0
ENSONIG00000035632	11	55	63
ENSONIG00000035633	0	0	3
ENSONIG00000035634	3	3	84
ENSONIG00000035635	8	0	1
ENSONIG00000035636	0	0	3
ENSONIG00000035637	0	0	0
ENSONIG00000035638	0	0	0
ENSONIG00000035639	0	0	0
ENSONIG00000035640	2	2	11
ENSONIG00000035641	2	0	0
ENSONIG00000035642	0	1	3
ENSONIG00000035643	8	12	2
ENSONIG00000035644	18	13	57
ENSONIG00000035645	0	0	22
ENSONIG00000035646	2	2	7
ENSONIG00000035647	1	2	8
ENSONIG00000035648	0	0	0
ENSONIG00000035649	3	8	14
ENSONIG00000035650	0	0	0
ENSONIG00000035651	0	0	1
ENSONIG00000035652	1	0	0
ENSONIG00000035653	302	116	125
ENSONIG00000035654	1	1	1
ENSONIG00000035655	0	0	0
ENSONIG00000035656	0	0	0
ENSONIG00000035657	0	0	0
ENSONIG00000035658	0	0	0
ENSONIG00000035659	0	0	0
ENSONIG00000035660	0	0	0
ENSONIG00000035661	0	48	6
ENSONIG00000035662	17	1	8
ENSONIG00000035663	4	4	7
ENSONIG00000035664	7	3	1
ENSONIG00000035665	0	0	0
ENSONIG00000035666	0	1	1
ENSONIG00000035667	0	0	0
ENSONIG00000035668	0	0	0
ENSONIG00000035669	0	0	0
ENSONIG00000035670	0	0	1
ENSONIG00000035671	0	0	7
ENSONIG00000035672	0	0	0
ENSONIG00000035673	0	0	0
ENSONIG00000035674	0	0	0
ENSONIG00000035675	0	6	1
ENSONIG00000035676	3	3	0
ENSONIG00000035677	0	0	0
ENSONIG00000035678	0	0	1
ENSONIG00000035679	0	0	0
ENSONIG00000035680	0	0	1
ENSONIG00000035681	7	2	100
ENSONIG00000035682	0	0	1
ENSONIG00000035683	0	2	0
ENSONIG00000035684	2	4	12
ENSONIG00000035685	0	1	4
ENSONIG00000035686	0	0	0
ENSONIG00000035687	2	0	0
ENSONIG00000035688	0	0	0
ENSONIG00000035689	0	0	0
ENSONIG00000035690	0	0	0
ENSONIG00000035691	0	0	0
ENSONIG00000035692	0	0	0
ENSONIG00000035693	0	0	1
ENSONIG00000035694	0	0	0
ENSONIG00000035695	2	0	1
ENSONIG00000035696	0	0	0
ENSONIG00000035697	0	0	0
ENSONIG00000035698	0	0	0
ENSONIG00000035699	1	0	0
ENSONIG00000035700	0	0	4
ENSONIG00000035701	0	0	0
ENSONIG00000035702	0	0	0
ENSONIG00000035703	0	0	0
ENSONIG00000035704	0	0	0
ENSONIG00000035705	0	0	0
ENSONIG00000035706	0	1	30
ENSONIG00000035707	1	0	0
ENSONIG00000035708	0	0	0
ENSONIG00000035709	0	0	0
ENSONIG00000035710	0	0	0
ENSONIG00000035711	0	0	0
ENSONIG00000035712	0	0	0
ENSONIG00000035713	0	0	0
ENSONIG00000035714	0	0	0
ENSONIG00000035715	1	1	71
ENSONIG00000035716	0	0	0
ENSONIG00000035717	0	0	8
ENSONIG00000035718	0	0	0
ENSONIG00000035719	0	2	0
ENSONIG00000035720	6	2	22
ENSONIG00000035721	1	0	15
ENSONIG00000035722	0	0	0
ENSONIG00000035723	0	0	4
ENSONIG00000035724	0	0	0
ENSONIG00000035725	0	0	0
ENSONIG00000035726	0	0	0
ENSONIG00000035727	0	0	0
ENSONIG00000035728	1	0	2
ENSONIG00000035729	0	0	1
ENSONIG00000035730	7	2	21
ENSONIG00000035731	0	0	3
ENSONIG00000035732	2	7	3
ENSONIG00000035733	26	5	113
ENSONIG00000035734	0	0	0
ENSONIG00000035735	0	0	0
ENSONIG00000035736	0	0	0
ENSONIG00000035737	0	0	0
ENSONIG00000035738	0	0	0
ENSONIG00000035739	2	0	0
ENSONIG00000035740	1	0	0
ENSONIG00000035741	1	2	21
ENSONIG00000035742	342	127	141
ENSONIG00000035743	0	0	0
ENSONIG00000035744	0	0	0
ENSONIG00000035745	0	0	0
ENSONIG00000035746	0	0	0
ENSONIG00000035747	2	0	0
ENSONIG00000035748	0	0	4
ENSONIG00000035749	0	0	6
ENSONIG00000035750	12	11	29
ENSONIG00000035751	0	0	0
ENSONIG00000035752	1	0	1
ENSONIG00000035753	0	1	0
ENSONIG00000035754	1	8	55
ENSONIG00000035755	0	0	0
ENSONIG00000035756	0	0	0
ENSONIG00000035757	0	0	2
ENSONIG00000035758	0	0	0
ENSONIG00000035759	0	0	0
ENSONIG00000035760	0	0	30
ENSONIG00000035761	0	0	0
ENSONIG00000035762	0	4	23
ENSONIG00000035763	1	0	73
ENSONIG00000035764	0	0	0
ENSONIG00000035765	0	0	0
ENSONIG00000035766	0	0	0
ENSONIG00000035767	0	0	0
ENSONIG00000035768	0	0	0
ENSONIG00000035769	0	0	6
ENSONIG00000035770	0	0	0
ENSONIG00000035771	6	3	14
ENSONIG00000035772	0	0	0
ENSONIG00000035773	0	0	0
ENSONIG00000035774	0	0	0
ENSONIG00000035775	0	0	0
ENSONIG00000035776	0	0	0
ENSONIG00000035777	12	5	35
ENSONIG00000035778	0	0	0
ENSONIG00000035779	62	51	123
ENSONIG00000035780	0	0	0
ENSONIG00000035781	0	0	0
ENSONIG00000035782	0	0	0
ENSONIG00000035783	0	0	1
ENSONIG00000035784	0	0	0
ENSONIG00000035785	1	1	2
ENSONIG00000035786	0	0	0
ENSONIG00000035787	0	0	0
ENSONIG00000035788	0	0	0
ENSONIG00000035789	0	0	0
ENSONIG00000035790	0	0	0
ENSONIG00000035791	1	0	1
ENSONIG00000035792	0	0	0
ENSONIG00000035793	0	0	0
ENSONIG00000035794	13	5	6
ENSONIG00000035795	0	0	0
ENSONIG00000035796	4	0	21
ENSONIG00000035797	0	0	0
ENSONIG00000035798	1	0	1
ENSONIG00000035799	12	2	97
ENSONIG00000035800	0	0	0
ENSONIG00000035801	1	0	0
ENSONIG00000035802	0	0	7
ENSONIG00000035803	0	0	0
ENSONIG00000035804	13	6	6
ENSONIG00000035805	183	8	14
ENSONIG00000035806	0	0	7
ENSONIG00000035807	0	0	0
ENSONIG00000035808	0	1	10
ENSONIG00000035809	0	0	0
ENSONIG00000035810	0	0	0
ENSONIG00000035811	0	1	0
ENSONIG00000035812	0	0	0
ENSONIG00000035813	0	0	0
ENSONIG00000035814	0	0	0
ENSONIG00000035815	0	0	0
ENSONIG00000035816	0	0	0
ENSONIG00000035817	0	0	1
ENSONIG00000035818	0	0	3
ENSONIG00000035819	0	0	0
ENSONIG00000035820	0	0	0
ENSONIG00000035821	1	0	0
ENSONIG00000035822	0	0	10
ENSONIG00000035823	0	0	0
ENSONIG00000035824	18	1	7
ENSONIG00000035825	2	0	3
ENSONIG00000035826	0	0	0
ENSONIG00000035827	0	0	0
ENSONIG00000035828	0	0	0
ENSONIG00000035829	0	0	7
ENSONIG00000035830	0	0	5
ENSONIG00000035831	0	0	0
ENSONIG00000035832	0	0	1
ENSONIG00000035833	13	3	11
ENSONIG00000035834	4	0	13
ENSONIG00000035835	0	0	0
ENSONIG00000035836	0	0	1
ENSONIG00000035837	1	3	40
ENSONIG00000035838	0	0	0
ENSONIG00000035839	1	6	15
ENSONIG00000035840	1	10	1453
ENSONIG00000035841	2	0	50
ENSONIG00000035842	0	0	0
ENSONIG00000035843	0	3	0
ENSONIG00000035844	0	0	0
ENSONIG00000035845	0	0	1
ENSONIG00000035846	0	0	0
ENSONIG00000035847	0	0	0
ENSONIG00000035848	0	0	10
ENSONIG00000035849	0	0	0
ENSONIG00000035850	15	0	0
ENSONIG00000035851	0	0	0
ENSONIG00000035852	2	0	2
ENSONIG00000035853	0	0	0
ENSONIG00000035854	0	0	0
ENSONIG00000035855	0	0	0
ENSONIG00000035856	1	0	1
ENSONIG00000035857	0	0	0
ENSONIG00000035858	0	1	0
ENSONIG00000035859	1	1	1
ENSONIG00000035860	0	2	17
ENSONIG00000035861	0	0	0
ENSONIG00000035862	0	0	1
ENSONIG00000035863	0	0	0
ENSONIG00000035864	0	0	0
ENSONIG00000035865	0	0	0
ENSONIG00000035866	0	0	0
ENSONIG00000035867	0	0	0
ENSONIG00000035868	1	0	0
ENSONIG00000035869	0	0	0
ENSONIG00000035870	0	0	0
ENSONIG00000035871	0	0	0
ENSONIG00000035872	0	0	3
ENSONIG00000035873	1	1	30
ENSONIG00000035874	0	0	0
ENSONIG00000035875	1	0	0
ENSONIG00000035876	3	25	10
ENSONIG00000035877	1	0	10
ENSONIG00000035878	0	1	12
ENSONIG00000035879	0	0	0
ENSONIG00000035880	3158	289	189
ENSONIG00000035881	0	0	0
ENSONIG00000035882	0	0	0
ENSONIG00000035883	0	0	0
ENSONIG00000035884	0	0	3
ENSONIG00000035885	0	0	7
ENSONIG00000035886	0	0	0
ENSONIG00000035887	0	0	0
ENSONIG00000035888	0	0	0
ENSONIG00000035889	7	0	31
ENSONIG00000035890	0	6	101
ENSONIG00000035891	1	0	15
ENSONIG00000035892	0	0	0
ENSONIG00000035893	0	0	1
ENSONIG00000035894	0	0	0
ENSONIG00000035895	0	0	2
ENSONIG00000035896	0	0	0
ENSONIG00000035897	0	0	0
ENSONIG00000035898	0	0	0
ENSONIG00000035899	36	0	7
ENSONIG00000035900	0	0	0
ENSONIG00000035901	0	0	0
ENSONIG00000035902	4	39	35
ENSONIG00000035903	0	0	0
ENSONIG00000035904	0	0	0
ENSONIG00000035905	5	4	53
ENSONIG00000035906	0	0	0
ENSONIG00000035907	0	0	2
ENSONIG00000035908	1	0	0
ENSONIG00000035909	0	0	0
ENSONIG00000035910	5	5	2
ENSONIG00000035911	0	0	0
ENSONIG00000035912	1	3	19
ENSONIG00000035913	0	0	0
ENSONIG00000035914	2	0	0
ENSONIG00000035915	0	0	0
ENSONIG00000035916	159	178	187
ENSONIG00000035917	0	0	0
ENSONIG00000035918	0	0	0
ENSONIG00000035919	0	0	0
ENSONIG00000035920	0	0	0
ENSONIG00000035921	0	0	0
ENSONIG00000035922	0	0	11
ENSONIG00000035923	0	0	1
ENSONIG00000035924	0	0	0
ENSONIG00000035925	0	0	0
ENSONIG00000035926	34	1	2
ENSONIG00000035927	1	0	0
ENSONIG00000035928	1	0	2
ENSONIG00000035929	0	0	0
ENSONIG00000035930	2	2	132
ENSONIG00000035931	0	27	0
ENSONIG00000035932	0	1	0
ENSONIG00000035933	0	0	0
ENSONIG00000035934	0	0	0
ENSONIG00000035935	0	0	0
ENSONIG00000035936	0	0	0
ENSONIG00000035937	0	0	3
ENSONIG00000035938	0	0	0
ENSONIG00000035939	1	0	4
ENSONIG00000035940	43	3	5
ENSONIG00000035941	0	0	0
ENSONIG00000035942	0	0	0
ENSONIG00000035943	0	0	0
ENSONIG00000035944	0	0	0
ENSONIG00000035945	0	0	0
ENSONIG00000035946	0	0	0
ENSONIG00000035947	0	0	0
ENSONIG00000035948	1	0	35
ENSONIG00000035949	0	3	2
ENSONIG00000035950	0	0	0
ENSONIG00000035951	0	0	1
ENSONIG00000035952	0	0	0
ENSONIG00000035953	0	0	0
ENSONIG00000035954	0	0	0
ENSONIG00000035955	0	0	1
ENSONIG00000035956	0	0	0
ENSONIG00000035957	0	0	0
ENSONIG00000035958	0	0	0
ENSONIG00000035959	0	0	41
ENSONIG00000035960	0	0	0
ENSONIG00000035961	1	0	0
ENSONIG00000035962	1	2	1
ENSONIG00000035963	0	0	0
ENSONIG00000035964	0	0	0
ENSONIG00000035965	6	0	0
ENSONIG00000035966	0	0	3
ENSONIG00000035967	0	0	0
ENSONIG00000035968	2	2	8
ENSONIG00000035969	0	0	1
ENSONIG00000035970	0	0	2
ENSONIG00000035971	0	0	0
ENSONIG00000035972	2	0	10
ENSONIG00000035973	1	0	0
ENSONIG00000035974	0	0	3
ENSONIG00000035975	0	0	0
ENSONIG00000035976	1	0	0
ENSONIG00000035977	0	1	6
ENSONIG00000035978	351	16	259
ENSONIG00000035979	0	0	0
ENSONIG00000035980	4	0	0
ENSONIG00000035981	3	1	3
ENSONIG00000035982	2	1	2
ENSONIG00000035983	0	0	0
ENSONIG00000035984	0	0	3
ENSONIG00000035985	0	0	9
ENSONIG00000035986	0	0	0
ENSONIG00000035987	0	0	8
ENSONIG00000035988	1	0	9
ENSONIG00000035989	0	0	0
ENSONIG00000035990	0	4	13
ENSONIG00000035991	0	0	0
ENSONIG00000035992	239	195	290
ENSONIG00000035993	0	0	0
ENSONIG00000035994	0	0	0
ENSONIG00000035995	0	0	0
ENSONIG00000035996	0	0	0
ENSONIG00000035997	0	0	0
ENSONIG00000035998	0	0	0
ENSONIG00000035999	0	0	0
ENSONIG00000036000	0	0	0
ENSONIG00000036001	0	0	0
ENSONIG00000036002	0	0	4
ENSONIG00000036003	3	2	6
ENSONIG00000036004	41	19	94
ENSONIG00000036005	1	0	2
ENSONIG00000036006	1	0	3
ENSONIG00000036007	1	0	0
ENSONIG00000036008	12	0	41
ENSONIG00000036009	0	0	0
ENSONIG00000036010	0	0	0
ENSONIG00000036011	0	1	0
ENSONIG00000036012	0	0	0
ENSONIG00000036013	2	0	0
ENSONIG00000036014	0	0	0
ENSONIG00000036015	0	0	0
ENSONIG00000036016	0	0	0
ENSONIG00000036017	0	0	0
ENSONIG00000036018	0	0	0
ENSONIG00000036019	1	0	0
ENSONIG00000036020	0	0	0
ENSONIG00000036021	0	0	0
ENSONIG00000036022	5	3	5
ENSONIG00000036023	0	0	0
ENSONIG00000036024	0	0	0
ENSONIG00000036025	340	149	149
ENSONIG00000036026	5	9	52
ENSONIG00000036027	0	0	0
ENSONIG00000036028	4	0	4
ENSONIG00000036029	0	0	0
ENSONIG00000036030	0	0	1
ENSONIG00000036031	0	0	0
ENSONIG00000036032	0	0	7
ENSONIG00000036033	0	1	0
ENSONIG00000036034	0	0	0
ENSONIG00000036035	0	0	0
ENSONIG00000036036	1	0	0
ENSONIG00000036037	0	0	4
ENSONIG00000036038	0	0	1
ENSONIG00000036039	0	0	0
ENSONIG00000036040	0	0	0
ENSONIG00000036041	12	0	3
ENSONIG00000036042	0	0	0
ENSONIG00000036043	18	91	31
ENSONIG00000036044	1	1	1
ENSONIG00000036045	0	0	0
ENSONIG00000036046	0	0	3
ENSONIG00000036047	0	0	0
ENSONIG00000036048	0	0	0
ENSONIG00000036049	1	0	0
ENSONIG00000036050	1	0	12
ENSONIG00000036051	20	1	42
ENSONIG00000036052	0	0	0
ENSONIG00000036053	0	0	0
ENSONIG00000036054	0	0	0
ENSONIG00000036055	0	0	0
ENSONIG00000036056	96	48	13
ENSONIG00000036057	0	1	9
ENSONIG00000036058	81	31	71
ENSONIG00000036059	0	0	0
ENSONIG00000036060	1	0	0
ENSONIG00000036061	0	0	0
ENSONIG00000036062	0	0	1
ENSONIG00000036063	0	0	0
ENSONIG00000036064	0	0	0
ENSONIG00000036065	0	0	0
ENSONIG00000036066	0	0	0
ENSONIG00000036067	0	0	0
ENSONIG00000036068	2	0	3
ENSONIG00000036069	0	3	2
ENSONIG00000036070	4	1	17
ENSONIG00000036071	16	3	16
ENSONIG00000036072	17	0	1
ENSONIG00000036073	2509	153	258
ENSONIG00000036074	0	1	10
ENSONIG00000036075	0	0	0
ENSONIG00000036076	66	0	1
ENSONIG00000036077	1	2	66
ENSONIG00000036078	0	0	0
ENSONIG00000036079	0	0	0
ENSONIG00000036080	52	10	20
ENSONIG00000036081	0	0	0
ENSONIG00000036082	0	0	0
ENSONIG00000036083	0	0	0
ENSONIG00000036084	0	0	0
ENSONIG00000036085	0	5	13
ENSONIG00000036086	1	0	1
ENSONIG00000036087	0	0	0
ENSONIG00000036088	0	1	0
ENSONIG00000036089	1	1	0
ENSONIG00000036090	0	0	0
ENSONIG00000036091	0	0	0
ENSONIG00000036092	2	0	1
ENSONIG00000036093	2	0	1
ENSONIG00000036094	0	0	0
ENSONIG00000036095	5	6	5
ENSONIG00000036096	0	0	0
ENSONIG00000036097	4	3	7
ENSONIG00000036098	0	0	0
ENSONIG00000036099	12	4	20
ENSONIG00000036100	0	4	4
ENSONIG00000036101	1	0	0
ENSONIG00000036102	3	1	62
ENSONIG00000036103	0	0	0
ENSONIG00000036104	0	0	0
ENSONIG00000036105	0	0	0
ENSONIG00000036106	0	0	0
ENSONIG00000036107	0	0	0
ENSONIG00000036108	0	0	0
ENSONIG00000036109	1	0	0
ENSONIG00000036110	0	1	65
ENSONIG00000036111	4	0	0
ENSONIG00000036112	0	0	0
ENSONIG00000036113	0	2	5
ENSONIG00000036114	0	0	0
ENSONIG00000036115	0	0	22
ENSONIG00000036116	1	0	1
ENSONIG00000036117	1	0	18
ENSONIG00000036118	0	0	2
ENSONIG00000036119	8	2	375
ENSONIG00000036120	0	0	0
ENSONIG00000036121	184	187	874
ENSONIG00000036122	0	0	0
ENSONIG00000036123	2	9	3
ENSONIG00000036124	1	0	0
ENSONIG00000036125	0	0	0
ENSONIG00000036126	0	0	0
ENSONIG00000036127	0	0	0
ENSONIG00000036128	0	0	0
ENSONIG00000036129	0	0	0
ENSONIG00000036130	0	0	3
ENSONIG00000036131	0	0	0
ENSONIG00000036132	0	0	0
ENSONIG00000036133	0	0	0
ENSONIG00000036134	246	225	186
ENSONIG00000036135	0	0	0
ENSONIG00000036136	0	2	0
ENSONIG00000036137	0	0	0
ENSONIG00000036138	3	0	0
ENSONIG00000036139	0	0	0
ENSONIG00000036140	3	1	2
ENSONIG00000036141	0	0	0
ENSONIG00000036142	0	0	0
ENSONIG00000036143	0	0	6
ENSONIG00000036144	0	0	0
ENSONIG00000036145	0	0	0
ENSONIG00000036146	0	0	0
ENSONIG00000036147	0	0	0
ENSONIG00000036148	0	1	4
ENSONIG00000036149	0	0	0
ENSONIG00000036150	0	0	0
ENSONIG00000036151	0	0	0
ENSONIG00000036152	0	0	0
ENSONIG00000036153	2	0	3
ENSONIG00000036154	0	0	0
ENSONIG00000036155	0	0	0
ENSONIG00000036156	0	0	9
ENSONIG00000036157	0	0	0
ENSONIG00000036158	0	0	1
ENSONIG00000036159	0	0	0
ENSONIG00000036160	0	0	0
ENSONIG00000036161	22	15	10
ENSONIG00000036162	0	0	0
ENSONIG00000036163	0	1	0
ENSONIG00000036164	0	0	0
ENSONIG00000036165	0	0	0
ENSONIG00000036166	0	0	0
ENSONIG00000036167	0	0	5
ENSONIG00000036168	0	0	0
ENSONIG00000036169	0	0	0
ENSONIG00000036170	0	0	0
ENSONIG00000036171	0	0	0
ENSONIG00000036172	0	0	0
ENSONIG00000036173	2	1	8
ENSONIG00000036174	0	0	0
ENSONIG00000036175	7	8	67
ENSONIG00000036176	4	3	117
ENSONIG00000036177	0	0	0
ENSONIG00000036178	0	0	0
ENSONIG00000036179	0	0	4
ENSONIG00000036180	0	0	0
ENSONIG00000036181	0	0	0
ENSONIG00000036182	0	0	0
ENSONIG00000036183	0	0	6
ENSONIG00000036184	133	34	45
ENSONIG00000036185	0	4	82
ENSONIG00000036186	0	0	0
ENSONIG00000036187	0	0	0
ENSONIG00000036188	0	0	0
ENSONIG00000036189	0	0	26
ENSONIG00000036190	1	5	0
ENSONIG00000036191	0	0	0
ENSONIG00000036192	0	0	1
ENSONIG00000036193	0	0	0
ENSONIG00000036194	0	0	0
ENSONIG00000036195	56	17	34
ENSONIG00000036196	413	258	391
ENSONIG00000036197	0	0	2
ENSONIG00000036198	0	0	0
ENSONIG00000036199	0	0	0
ENSONIG00000036200	0	0	0
ENSONIG00000036201	0	0	0
ENSONIG00000036202	1	2	8
ENSONIG00000036203	0	1	10
ENSONIG00000036204	0	0	0
ENSONIG00000036205	0	0	0
ENSONIG00000036206	0	0	0
ENSONIG00000036207	0	0	9
ENSONIG00000036208	2	1	3
ENSONIG00000036209	0	0	0
ENSONIG00000036210	0	0	1
ENSONIG00000036211	8	4	6
ENSONIG00000036212	0	0	7
ENSONIG00000036213	24	0	1
ENSONIG00000036214	0	0	0
ENSONIG00000036215	42	40	1317
ENSONIG00000036216	0	0	0
ENSONIG00000036217	0	0	1
ENSONIG00000036218	0	0	0
ENSONIG00000036219	0	0	0
ENSONIG00000036220	1	0	11
ENSONIG00000036221	0	0	0
ENSONIG00000036222	0	0	0
ENSONIG00000036223	0	0	0
ENSONIG00000036224	0	0	0
ENSONIG00000036225	0	0	0
ENSONIG00000036226	0	0	0
ENSONIG00000036227	14	1	13
ENSONIG00000036228	0	0	0
ENSONIG00000036229	0	0	1
ENSONIG00000036230	1	1	70
ENSONIG00000036231	0	1	20
ENSONIG00000036232	0	0	1
ENSONIG00000036233	1	0	32
ENSONIG00000036234	12	0	21
ENSONIG00000036235	0	0	0
ENSONIG00000036236	0	0	0
ENSONIG00000036237	0	0	16
ENSONIG00000036238	0	0	0
ENSONIG00000036239	0	0	0
ENSONIG00000036240	0	0	0
ENSONIG00000036241	1	0	0
ENSONIG00000036242	0	0	0
ENSONIG00000036243	0	0	5
ENSONIG00000036244	0	0	0
ENSONIG00000036245	1	0	0
ENSONIG00000036246	6	0	19
ENSONIG00000036247	0	0	1
ENSONIG00000036248	0	0	1
ENSONIG00000036249	0	0	2
ENSONIG00000036250	0	0	0
ENSONIG00000036251	0	0	0
ENSONIG00000036252	2	0	24
ENSONIG00000036253	0	0	0
ENSONIG00000036254	3	2	19
ENSONIG00000036255	0	0	0
ENSONIG00000036256	0	0	0
ENSONIG00000036257	0	0	0
ENSONIG00000036258	0	0	0
ENSONIG00000036259	0	0	0
ENSONIG00000036260	0	0	0
ENSONIG00000036261	0	0	0
ENSONIG00000036262	0	0	0
ENSONIG00000036263	0	0	0
ENSONIG00000036264	0	0	0
ENSONIG00000036265	0	0	0
ENSONIG00000036266	0	0	0
ENSONIG00000036267	0	0	0
ENSONIG00000036268	0	0	0
ENSONIG00000036269	0	0	0
ENSONIG00000036270	0	0	0
ENSONIG00000036271	0	0	0
ENSONIG00000036272	0	0	0
ENSONIG00000036273	0	0	0
ENSONIG00000036274	1	5	9
ENSONIG00000036275	0	0	0
ENSONIG00000036276	7	1	0
ENSONIG00000036277	0	0	0
ENSONIG00000036278	0	0	0
ENSONIG00000036279	0	0	0
ENSONIG00000036280	0	0	7
ENSONIG00000036281	1	0	4
ENSONIG00000036282	2	0	1
ENSONIG00000036283	4	1	0
ENSONIG00000036284	0	0	0
ENSONIG00000036285	0	0	2
ENSONIG00000036286	9	1	46
ENSONIG00000036287	52	32	1953
ENSONIG00000036288	565	224	174
ENSONIG00000036289	0	0	0
ENSONIG00000036290	0	0	0
ENSONIG00000036291	0	4	6
ENSONIG00000036292	0	0	0
ENSONIG00000036293	6	14	33
ENSONIG00000036294	11	423	188
ENSONIG00000036295	0	0	0
ENSONIG00000036296	0	0	0
ENSONIG00000036297	0	0	0
ENSONIG00000036298	0	0	4
ENSONIG00000036299	0	0	0
ENSONIG00000036300	0	0	0
ENSONIG00000036301	0	0	0
ENSONIG00000036302	0	0	0
ENSONIG00000036303	1	0	0
ENSONIG00000036304	0	0	1
ENSONIG00000036305	0	0	0
ENSONIG00000036306	2	2	47
ENSONIG00000036307	0	0	10
ENSONIG00000036308	0	0	4
ENSONIG00000036309	0	0	0
ENSONIG00000036310	0	0	0
ENSONIG00000036311	0	0	0
ENSONIG00000036312	39	8	14
ENSONIG00000036313	0	0	0
ENSONIG00000036314	0	0	0
ENSONIG00000036315	0	0	0
ENSONIG00000036316	0	0	0
ENSONIG00000036317	0	0	1
ENSONIG00000036318	0	1	0
ENSONIG00000036319	1	0	0
ENSONIG00000036320	0	0	0
ENSONIG00000036321	0	0	0
ENSONIG00000036322	0	0	0
ENSONIG00000036323	0	0	0
ENSONIG00000036324	0	0	0
ENSONIG00000036325	4	0	0
ENSONIG00000036326	8	1	60
ENSONIG00000036327	111	72	123
ENSONIG00000036328	0	0	1
ENSONIG00000036329	2	0	0
ENSONIG00000036330	0	2	1
ENSONIG00000036331	0	0	0
ENSONIG00000036332	0	0	0
ENSONIG00000036333	0	1	3
ENSONIG00000036334	0	0	2
ENSONIG00000036335	0	0	7
ENSONIG00000036336	0	0	0
ENSONIG00000036337	0	0	36
ENSONIG00000036338	0	0	0
ENSONIG00000036339	0	0	0
ENSONIG00000036340	234	42	22
ENSONIG00000036341	0	0	0
ENSONIG00000036342	0	0	0
ENSONIG00000036343	0	0	0
ENSONIG00000036344	0	2	8
ENSONIG00000036345	0	0	0
ENSONIG00000036346	0	0	0
ENSONIG00000036347	0	0	0
ENSONIG00000036348	0	0	0
ENSONIG00000036349	0	0	9
ENSONIG00000036350	15	4	9
ENSONIG00000036351	0	0	0
ENSONIG00000036352	0	0	0
ENSONIG00000036353	1	2	19
ENSONIG00000036354	0	0	2
ENSONIG00000036355	0	0	0
ENSONIG00000036356	10	1	46
ENSONIG00000036357	0	0	0
ENSONIG00000036358	0	0	0
ENSONIG00000036359	0	1	0
ENSONIG00000036360	2	0	22
ENSONIG00000036361	0	0	32
ENSONIG00000036362	0	0	0
ENSONIG00000036363	0	0	0
ENSONIG00000036364	0	0	0
ENSONIG00000036365	0	0	0
ENSONIG00000036366	0	0	2
ENSONIG00000036367	0	1	0
ENSONIG00000036368	0	0	0
ENSONIG00000036369	0	0	0
ENSONIG00000036370	0	0	2
ENSONIG00000036371	0	0	7
ENSONIG00000036372	0	0	0
ENSONIG00000036373	0	0	0
ENSONIG00000036374	0	0	0
ENSONIG00000036375	2	1	1
ENSONIG00000036376	5	3	20
ENSONIG00000036377	0	0	0
ENSONIG00000036378	0	0	2
ENSONIG00000036379	0	0	0
ENSONIG00000036380	0	0	0
ENSONIG00000036381	5	0	3
ENSONIG00000036382	8	28	1
ENSONIG00000036383	0	0	0
ENSONIG00000036384	0	4	17
ENSONIG00000036385	3	11	124
ENSONIG00000036386	0	0	1
ENSONIG00000036387	0	1	12
ENSONIG00000036388	1	1	2
ENSONIG00000036389	4	0	14
ENSONIG00000036390	46	208	432
ENSONIG00000036391	0	0	0
ENSONIG00000036392	0	0	0
ENSONIG00000036393	0	0	0
ENSONIG00000036394	0	0	0
ENSONIG00000036395	1	1	15
ENSONIG00000036396	0	0	0
ENSONIG00000036397	0	0	0
ENSONIG00000036398	0	0	0
ENSONIG00000036399	0	0	0
ENSONIG00000036400	0	1	4
ENSONIG00000036401	1	1	389
ENSONIG00000036402	0	0	0
ENSONIG00000036403	0	0	3
ENSONIG00000036404	0	0	2
ENSONIG00000036405	0	1	0
ENSONIG00000036406	1	0	0
ENSONIG00000036407	0	0	2
ENSONIG00000036408	0	0	0
ENSONIG00000036409	0	1	1
ENSONIG00000036410	0	0	9
ENSONIG00000036411	0	0	0
ENSONIG00000036412	0	0	2
ENSONIG00000036413	8	0	2
ENSONIG00000036414	0	0	0
ENSONIG00000036415	0	0	0
ENSONIG00000036416	0	0	0
ENSONIG00000036417	1	0	6
ENSONIG00000036418	1	0	0
ENSONIG00000036419	3	2	14
ENSONIG00000036420	0	0	0
ENSONIG00000036421	46	86	126
ENSONIG00000036422	0	0	2
ENSONIG00000036423	0	0	0
ENSONIG00000036424	0	0	0
ENSONIG00000036425	0	0	0
ENSONIG00000036426	18	14	66
ENSONIG00000036427	0	0	0
ENSONIG00000036428	0	0	5
ENSONIG00000036429	0	0	0
ENSONIG00000036430	0	4	7
ENSONIG00000036431	0	0	0
ENSONIG00000036432	0	1	23
ENSONIG00000036433	0	0	0
ENSONIG00000036434	0	0	0
ENSONIG00000036435	0	1	7
ENSONIG00000036436	0	0	1
ENSONIG00000036437	1	0	1
ENSONIG00000036438	3	31	25
ENSONIG00000036439	1	0	2
ENSONIG00000036440	0	0	0
ENSONIG00000036441	5	0	2
ENSONIG00000036442	0	0	1
ENSONIG00000036443	0	0	19
ENSONIG00000036444	0	0	0
ENSONIG00000036445	0	0	1
ENSONIG00000036446	194	80	219
ENSONIG00000036447	0	0	0
ENSONIG00000036448	0	0	0
ENSONIG00000036449	1	0	0
ENSONIG00000036450	0	0	0
ENSONIG00000036451	5	0	2
ENSONIG00000036452	0	0	0
ENSONIG00000036453	0	1	0
ENSONIG00000036454	2	0	0
ENSONIG00000036455	0	0	0
ENSONIG00000036456	1	1	6
ENSONIG00000036457	0	0	0
ENSONIG00000036458	0	0	0
ENSONIG00000036459	0	0	0
ENSONIG00000036460	17	1	5
ENSONIG00000036461	0	0	0
ENSONIG00000036462	0	0	0
ENSONIG00000036463	9	1	64
ENSONIG00000036464	0	0	0
ENSONIG00000036465	0	0	0
ENSONIG00000036466	0	0	0
ENSONIG00000036467	0	0	0
ENSONIG00000036468	0	0	0
ENSONIG00000036469	0	0	20
ENSONIG00000036470	0	0	0
ENSONIG00000036471	0	0	1
ENSONIG00000036472	0	0	0
ENSONIG00000036473	0	1	0
ENSONIG00000036474	31	31	32
ENSONIG00000036475	0	0	0
ENSONIG00000036476	0	0	0
ENSONIG00000036477	0	0	0
ENSONIG00000036478	0	0	0
ENSONIG00000036479	0	0	0
ENSONIG00000036480	0	0	0
ENSONIG00000036481	0	0	5
ENSONIG00000036482	0	0	0
ENSONIG00000036483	0	0	0
ENSONIG00000036484	0	0	0
ENSONIG00000036485	0	2	45
ENSONIG00000036486	0	0	0
ENSONIG00000036487	0	0	0
ENSONIG00000036488	0	0	0
ENSONIG00000036489	0	0	0
ENSONIG00000036490	0	0	0
ENSONIG00000036491	0	0	0
ENSONIG00000036492	0	0	0
ENSONIG00000036493	1	0	0
ENSONIG00000036494	0	1	38
ENSONIG00000036495	0	0	0
ENSONIG00000036496	2	4	65
ENSONIG00000036497	0	0	0
ENSONIG00000036498	0	0	0
ENSONIG00000036499	0	4	57
ENSONIG00000036500	7	1	22
ENSONIG00000036501	1	0	0
ENSONIG00000036502	0	0	0
ENSONIG00000036503	0	0	0
ENSONIG00000036504	0	0	0
ENSONIG00000036505	0	0	0
ENSONIG00000036506	0	0	0
ENSONIG00000036507	0	0	0
ENSONIG00000036508	0	0	0
ENSONIG00000036509	0	0	0
ENSONIG00000036510	0	0	0
ENSONIG00000036511	0	1	0
ENSONIG00000036512	0	0	0
ENSONIG00000036513	0	0	0
ENSONIG00000036514	0	0	0
ENSONIG00000036515	0	0	1
ENSONIG00000036516	1	1	9
ENSONIG00000036517	0	0	1
ENSONIG00000036518	0	0	0
ENSONIG00000036519	0	0	0
ENSONIG00000036520	0	0	0
ENSONIG00000036521	0	0	0
ENSONIG00000036522	0	0	0
ENSONIG00000036523	2	2	5
ENSONIG00000036524	0	0	0
ENSONIG00000036525	0	0	0
ENSONIG00000036526	0	0	0
ENSONIG00000036527	2	0	0
ENSONIG00000036528	1	0	0
ENSONIG00000036529	0	0	0
ENSONIG00000036530	0	0	0
ENSONIG00000036531	579	327	599
ENSONIG00000036532	0	0	0
ENSONIG00000036533	0	0	0
ENSONIG00000036534	3	1	1
ENSONIG00000036535	0	0	0
ENSONIG00000036536	0	0	0
ENSONIG00000036537	0	1	2
ENSONIG00000036538	0	0	0
ENSONIG00000036539	184	86	288
ENSONIG00000036540	0	0	0
ENSONIG00000036541	0	0	0
ENSONIG00000036542	0	0	0
ENSONIG00000036543	0	0	2
ENSONIG00000036544	142	233	259
ENSONIG00000036545	1	0	23
ENSONIG00000036546	0	1	0
ENSONIG00000036547	0	0	0
ENSONIG00000036548	0	0	0
ENSONIG00000036549	0	0	0
ENSONIG00000036550	0	0	0
ENSONIG00000036551	0	0	0
ENSONIG00000036552	0	0	0
ENSONIG00000036553	0	0	0
ENSONIG00000036554	0	0	0
ENSONIG00000036555	0	0	0
ENSONIG00000036556	0	0	4
ENSONIG00000036557	0	0	0
ENSONIG00000036558	0	0	0
ENSONIG00000036559	12	52	1320
ENSONIG00000036560	0	0	3
ENSONIG00000036561	0	0	0
ENSONIG00000036562	0	0	2
ENSONIG00000036563	0	0	0
ENSONIG00000036564	0	0	0
ENSONIG00000036565	0	0	0
ENSONIG00000036566	0	0	0
ENSONIG00000036567	4	2	29
ENSONIG00000036568	0	1	0
ENSONIG00000036569	0	15	22
ENSONIG00000036570	0	0	0
ENSONIG00000036571	3	2	5
ENSONIG00000036572	1	0	0
ENSONIG00000036573	0	0	0
ENSONIG00000036574	0	0	0
ENSONIG00000036575	0	0	1
ENSONIG00000036576	0	0	0
ENSONIG00000036577	0	0	2
ENSONIG00000036578	92	187	259
ENSONIG00000036579	0	0	0
ENSONIG00000036580	0	1	0
ENSONIG00000036581	0	0	0
ENSONIG00000036582	0	0	0
ENSONIG00000036583	0	0	6
ENSONIG00000036584	0	0	0
ENSONIG00000036585	0	0	0
ENSONIG00000036586	0	0	1
ENSONIG00000036587	0	0	0
ENSONIG00000036588	0	0	72
ENSONIG00000036589	0	0	0
ENSONIG00000036590	0	0	0
ENSONIG00000036591	0	0	0
ENSONIG00000036592	0	0	0
ENSONIG00000036593	0	0	0
ENSONIG00000036594	0	0	0
ENSONIG00000036595	0	0	0
ENSONIG00000036596	0	0	0
ENSONIG00000036597	3	0	0
ENSONIG00000036598	0	2	12
ENSONIG00000036599	0	0	0
ENSONIG00000036600	1	0	6
ENSONIG00000036601	0	0	0
ENSONIG00000036602	0	0	1
ENSONIG00000036603	0	0	0
ENSONIG00000036604	0	0	0
ENSONIG00000036605	0	0	1
ENSONIG00000036606	1	3	8
ENSONIG00000036607	3	7	168
ENSONIG00000036608	0	0	0
ENSONIG00000036609	0	0	0
ENSONIG00000036610	0	0	0
ENSONIG00000036611	0	0	0
ENSONIG00000036612	0	0	0
ENSONIG00000036613	0	0	23
ENSONIG00000036614	0	0	0
ENSONIG00000036615	0	0	0
ENSONIG00000036616	6	3	1
ENSONIG00000036617	0	0	1
ENSONIG00000036618	0	0	0
ENSONIG00000036619	0	0	0
ENSONIG00000036620	0	0	2
ENSONIG00000036621	0	1	0
ENSONIG00000036622	0	0	0
ENSONIG00000036623	0	0	0
ENSONIG00000036624	0	0	2
ENSONIG00000036625	0	0	0
ENSONIG00000036626	0	0	0
ENSONIG00000036627	0	0	0
ENSONIG00000036628	0	0	0
ENSONIG00000036629	3	2	0
ENSONIG00000036630	0	0	0
ENSONIG00000036631	2	3	44
ENSONIG00000036632	0	0	0
ENSONIG00000036633	0	0	0
ENSONIG00000036634	2	0	0
ENSONIG00000036635	81	15	17
ENSONIG00000036636	0	0	0
ENSONIG00000036637	0	0	0
ENSONIG00000036638	14	19	86
ENSONIG00000036639	203	129	113
ENSONIG00000036640	0	0	0
ENSONIG00000036641	1	0	2
ENSONIG00000036642	0	0	0
ENSONIG00000036643	0	0	4
ENSONIG00000036644	0	0	0
ENSONIG00000036645	3	0	2
ENSONIG00000036646	2	0	0
ENSONIG00000036647	0	0	0
ENSONIG00000036648	0	0	0
ENSONIG00000036649	1	0	1
ENSONIG00000036650	0	0	0
ENSONIG00000036651	0	0	26
ENSONIG00000036652	0	0	0
ENSONIG00000036653	0	0	0
ENSONIG00000036654	0	0	0
ENSONIG00000036655	0	0	0
ENSONIG00000036656	4	1	1
ENSONIG00000036657	58	5	61
ENSONIG00000036658	21	100	198
ENSONIG00000036659	0	2	5
ENSONIG00000036660	0	0	0
ENSONIG00000036661	0	0	0
ENSONIG00000036662	1	1	0
ENSONIG00000036663	0	0	0
ENSONIG00000036664	0	0	1
ENSONIG00000036665	0	0	0
ENSONIG00000036666	0	0	1
ENSONIG00000036667	0	0	8
ENSONIG00000036668	0	0	0
ENSONIG00000036669	0	0	0
ENSONIG00000036670	0	0	0
ENSONIG00000036671	0	0	0
ENSONIG00000036672	0	3	14
ENSONIG00000036673	0	0	0
ENSONIG00000036674	0	0	0
ENSONIG00000036675	0	0	0
ENSONIG00000036676	0	0	0
ENSONIG00000036677	0	1	3
ENSONIG00000036678	0	0	0
ENSONIG00000036679	3	3	37
ENSONIG00000036680	0	0	0
ENSONIG00000036681	0	1	8
ENSONIG00000036682	4	6	56
ENSONIG00000036683	4	0	0
ENSONIG00000036684	0	0	0
ENSONIG00000036685	0	0	0
ENSONIG00000036686	0	0	24
ENSONIG00000036687	0	0	0
ENSONIG00000036688	0	0	0
ENSONIG00000036689	0	0	0
ENSONIG00000036690	1	0	8
ENSONIG00000036691	1	0	2
ENSONIG00000036692	0	0	0
ENSONIG00000036693	0	0	0
ENSONIG00000036694	0	0	0
ENSONIG00000036695	0	3	3
ENSONIG00000036696	0	0	24
ENSONIG00000036697	1	0	1
ENSONIG00000036698	0	0	0
ENSONIG00000036699	2	0	42
ENSONIG00000036700	0	0	0
ENSONIG00000036701	1	0	0
ENSONIG00000036702	1	0	7
ENSONIG00000036703	0	1	1
ENSONIG00000036704	1	0	0
ENSONIG00000036705	0	0	2
ENSONIG00000036706	0	0	0
ENSONIG00000036707	0	0	0
ENSONIG00000036708	0	0	0
ENSONIG00000036709	7	0	2
ENSONIG00000036710	0	0	0
ENSONIG00000036711	9	5	2
ENSONIG00000036712	0	1	5
ENSONIG00000036713	0	0	1
ENSONIG00000036714	0	0	0
ENSONIG00000036715	5	3	21
ENSONIG00000036716	0	0	0
ENSONIG00000036717	0	5	16
ENSONIG00000036718	0	0	0
ENSONIG00000036719	2	1	0
ENSONIG00000036720	0	0	1
ENSONIG00000036721	0	0	0
ENSONIG00000036722	1	0	0
ENSONIG00000036723	0	0	0
ENSONIG00000036724	0	0	0
ENSONIG00000036725	0	0	0
ENSONIG00000036726	0	0	0
ENSONIG00000036727	0	5	7
ENSONIG00000036728	807	346	16253
ENSONIG00000036729	0	0	0
ENSONIG00000036730	0	0	0
ENSONIG00000036731	0	0	0
ENSONIG00000036732	0	0	0
ENSONIG00000036733	0	0	2
ENSONIG00000036734	0	0	0
ENSONIG00000036735	0	0	0
ENSONIG00000036736	8	11	404
ENSONIG00000036737	0	0	0
ENSONIG00000036738	0	1	0
ENSONIG00000036739	0	0	0
ENSONIG00000036740	0	0	0
ENSONIG00000036741	0	0	0
ENSONIG00000036742	0	0	0
ENSONIG00000036743	0	0	0
ENSONIG00000036744	0	0	1
ENSONIG00000036745	0	0	0
ENSONIG00000036746	8	3	14
ENSONIG00000036747	1	0	0
ENSONIG00000036748	0	0	0
ENSONIG00000036749	11	1	10
ENSONIG00000036750	0	0	0
ENSONIG00000036751	0	0	0
ENSONIG00000036752	0	0	0
ENSONIG00000036753	0	0	0
ENSONIG00000036754	2	2	3
ENSONIG00000036755	0	0	2
ENSONIG00000036756	0	0	0
ENSONIG00000036757	591	759	1095
ENSONIG00000036758	0	0	0
ENSONIG00000036759	0	0	0
ENSONIG00000036760	0	7	21
ENSONIG00000036761	0	0	0
ENSONIG00000036762	1	35	14
ENSONIG00000036763	0	0	0
ENSONIG00000036764	0	0	0
ENSONIG00000036765	2	0	2
ENSONIG00000036766	0	0	0
ENSONIG00000036767	0	0	0
ENSONIG00000036768	0	0	0
ENSONIG00000036769	0	4	3
ENSONIG00000036770	0	0	0
ENSONIG00000036771	1	0	1
ENSONIG00000036772	0	0	0
ENSONIG00000036773	1	1	0
ENSONIG00000036774	0	0	4
ENSONIG00000036775	101	2106	1082
ENSONIG00000036776	0	0	0
ENSONIG00000036777	2	1	2
ENSONIG00000036778	1	4	4
ENSONIG00000036779	4	0	0
ENSONIG00000036780	0	0	0
ENSONIG00000036781	0	0	0
ENSONIG00000036782	0	0	1
ENSONIG00000036783	0	0	0
ENSONIG00000036784	0	0	0
ENSONIG00000036785	0	0	5
ENSONIG00000036786	8	0	0
ENSONIG00000036787	0	0	0
ENSONIG00000036788	0	0	14
ENSONIG00000036789	0	0	0
ENSONIG00000036790	0	0	0
ENSONIG00000036791	0	0	0
ENSONIG00000036792	0	0	37
ENSONIG00000036793	0	0	0
ENSONIG00000036794	0	0	0
ENSONIG00000036795	0	0	0
ENSONIG00000036796	0	0	0
ENSONIG00000036797	0	0	0
ENSONIG00000036798	0	0	0
ENSONIG00000036799	0	0	0
ENSONIG00000036800	0	0	0
ENSONIG00000036801	0	0	0
ENSONIG00000036802	0	1	17
ENSONIG00000036803	0	0	0
ENSONIG00000036804	0	0	3
ENSONIG00000036805	0	0	0
ENSONIG00000036806	0	0	0
ENSONIG00000036807	0	0	0
ENSONIG00000036808	0	0	0
ENSONIG00000036809	0	0	0
ENSONIG00000036810	0	0	1
ENSONIG00000036811	2	0	1
ENSONIG00000036812	0	0	0
ENSONIG00000036813	0	0	0
ENSONIG00000036814	0	1	0
ENSONIG00000036815	0	0	0
ENSONIG00000036816	0	1	0
ENSONIG00000036817	503	137	225
ENSONIG00000036818	2	0	2
ENSONIG00000036819	0	0	0
ENSONIG00000036820	0	3	2
ENSONIG00000036821	0	0	0
ENSONIG00000036822	0	0	0
ENSONIG00000036823	0	0	0
ENSONIG00000036824	0	0	0
ENSONIG00000036825	0	0	0
ENSONIG00000036826	0	0	39
ENSONIG00000036827	0	0	0
ENSONIG00000036828	0	1	0
ENSONIG00000036829	0	0	1
ENSONIG00000036830	0	0	0
ENSONIG00000036831	0	0	0
ENSONIG00000036832	0	0	1
ENSONIG00000036833	0	0	0
ENSONIG00000036834	4	2	27
ENSONIG00000036835	0	1	17
ENSONIG00000036836	0	0	0
ENSONIG00000036837	1	0	0
ENSONIG00000036838	0	1	0
ENSONIG00000036839	0	0	0
ENSONIG00000036840	1	1	1
ENSONIG00000036841	150	412	482
ENSONIG00000036842	0	0	0
ENSONIG00000036843	2	0	45
ENSONIG00000036844	1	1	0
ENSONIG00000036845	0	0	0
ENSONIG00000036846	1	2	20
ENSONIG00000036847	0	0	0
ENSONIG00000036848	0	0	0
ENSONIG00000036849	2	0	111
ENSONIG00000036850	0	0	63
ENSONIG00000036851	0	0	0
ENSONIG00000036852	0	0	0
ENSONIG00000036853	10	0	15
ENSONIG00000036854	1	0	0
ENSONIG00000036855	24	54	557
ENSONIG00000036856	0	0	0
ENSONIG00000036857	3	1	3
ENSONIG00000036858	3	1	39
ENSONIG00000036859	0	0	0
ENSONIG00000036860	0	0	0
ENSONIG00000036861	1	0	0
ENSONIG00000036862	0	0	0
ENSONIG00000036863	0	0	0
ENSONIG00000036864	0	0	2
ENSONIG00000036865	0	0	0
ENSONIG00000036866	0	0	6
ENSONIG00000036867	0	0	0
ENSONIG00000036868	0	0	0
ENSONIG00000036869	0	0	0
ENSONIG00000036870	0	0	0
ENSONIG00000036871	0	0	0
ENSONIG00000036872	0	0	0
ENSONIG00000036873	0	0	6
ENSONIG00000036874	0	28	6
ENSONIG00000036875	0	0	0
ENSONIG00000036876	1	0	1
ENSONIG00000036877	0	0	0
ENSONIG00000036878	0	0	0
ENSONIG00000036879	0	0	0
ENSONIG00000036880	0	2	7
ENSONIG00000036881	0	0	0
ENSONIG00000036882	0	0	0
ENSONIG00000036883	0	0	4
ENSONIG00000036884	0	2	0
ENSONIG00000036885	0	0	0
ENSONIG00000036886	1	1	0
ENSONIG00000036887	1	1	4
ENSONIG00000036888	0	0	0
ENSONIG00000036889	0	0	0
ENSONIG00000036890	0	0	10
ENSONIG00000036891	0	0	26
ENSONIG00000036892	2	0	2
ENSONIG00000036893	12	4	23
ENSONIG00000036894	6	14	138
ENSONIG00000036895	0	0	0
ENSONIG00000036896	0	0	0
ENSONIG00000036897	1	0	0
ENSONIG00000036898	0	0	15
ENSONIG00000036899	0	0	0
ENSONIG00000036900	4	0	0
ENSONIG00000036901	0	0	0
ENSONIG00000036902	3	5	16
ENSONIG00000036903	1	0	6
ENSONIG00000036904	13	1	63
ENSONIG00000036905	0	0	0
ENSONIG00000036906	0	0	0
ENSONIG00000036907	206	33	69
ENSONIG00000036908	0	0	0
ENSONIG00000036909	0	0	0
ENSONIG00000036910	0	0	0
ENSONIG00000036911	0	0	0
ENSONIG00000036912	2	3	2
ENSONIG00000036913	1	0	0
ENSONIG00000036914	0	0	0
ENSONIG00000036915	0	0	0
ENSONIG00000036916	0	0	0
ENSONIG00000036917	0	0	0
ENSONIG00000036918	6	1	15
ENSONIG00000036919	0	0	0
ENSONIG00000036920	0	0	0
ENSONIG00000036921	0	0	0
ENSONIG00000036922	0	0	0
ENSONIG00000036923	1	1	8
ENSONIG00000036924	0	0	21
ENSONIG00000036925	0	0	2
ENSONIG00000036926	0	0	0
ENSONIG00000036927	1	0	43
ENSONIG00000036928	0	0	0
ENSONIG00000036929	0	0	0
ENSONIG00000036930	0	0	0
ENSONIG00000036931	0	0	0
ENSONIG00000036932	0	0	2
ENSONIG00000036933	0	0	10
ENSONIG00000036934	0	0	0
ENSONIG00000036935	0	0	0
ENSONIG00000036936	0	0	0
ENSONIG00000036937	0	0	0
ENSONIG00000036938	0	0	0
ENSONIG00000036939	0	0	0
ENSONIG00000036940	26	0	24
ENSONIG00000036941	0	0	1
ENSONIG00000036942	0	0	4
ENSONIG00000036943	0	0	0
ENSONIG00000036944	1	0	0
ENSONIG00000036945	0	0	0
ENSONIG00000036946	0	0	0
ENSONIG00000036947	0	1	1
ENSONIG00000036948	0	0	0
ENSONIG00000036949	13	0	0
ENSONIG00000036950	0	0	0
ENSONIG00000036951	0	0	0
ENSONIG00000036952	0	0	3
ENSONIG00000036953	0	0	0
ENSONIG00000036954	0	0	0
ENSONIG00000036955	4	0	3
ENSONIG00000036956	0	0	0
ENSONIG00000036957	0	0	0
ENSONIG00000036958	0	1	9
ENSONIG00000036959	0	0	0
ENSONIG00000036960	0	0	1
ENSONIG00000036961	0	0	0
ENSONIG00000036962	0	0	11
ENSONIG00000036963	0	0	0
ENSONIG00000036964	0	0	0
ENSONIG00000036965	1	1	0
ENSONIG00000036966	0	1	0
ENSONIG00000036967	0	0	0
ENSONIG00000036968	1	0	1
ENSONIG00000036969	0	0	0
ENSONIG00000036970	0	0	0
ENSONIG00000036971	0	0	0
ENSONIG00000036972	0	0	0
ENSONIG00000036973	0	0	1
ENSONIG00000036974	0	2	22
ENSONIG00000036975	0	0	0
ENSONIG00000036976	0	0	0
ENSONIG00000036977	1	0	0
ENSONIG00000036978	0	0	18
ENSONIG00000036979	0	0	0
ENSONIG00000036980	0	0	1
ENSONIG00000036981	0	0	1
ENSONIG00000036982	0	0	0
ENSONIG00000036983	0	0	0
ENSONIG00000036984	0	0	0
ENSONIG00000036985	76	61	70
ENSONIG00000036986	1	0	7
ENSONIG00000036987	0	0	0
ENSONIG00000036988	0	0	0
ENSONIG00000036989	1	0	3
ENSONIG00000036990	0	0	1
ENSONIG00000036991	0	0	2
ENSONIG00000036992	0	0	1
ENSONIG00000036993	0	0	0
ENSONIG00000036994	0	0	0
ENSONIG00000036995	0	0	0
ENSONIG00000036996	0	0	0
ENSONIG00000036997	0	0	0
ENSONIG00000036998	0	0	0
ENSONIG00000036999	2	0	0
ENSONIG00000037000	0	0	26
ENSONIG00000037001	16	25	20
ENSONIG00000037002	0	0	0
ENSONIG00000037003	3	0	7
ENSONIG00000037004	0	0	0
ENSONIG00000037005	0	0	0
ENSONIG00000037006	0	1	0
ENSONIG00000037007	4	0	0
ENSONIG00000037008	0	0	1
ENSONIG00000037009	0	0	0
ENSONIG00000037010	0	0	1
ENSONIG00000037011	0	0	2
ENSONIG00000037012	0	0	0
ENSONIG00000037013	0	0	0
ENSONIG00000037014	0	0	0
ENSONIG00000037015	0	0	0
ENSONIG00000037016	0	1	1
ENSONIG00000037017	0	1	3
ENSONIG00000037018	0	0	0
ENSONIG00000037019	0	0	5
ENSONIG00000037020	16	2	79
ENSONIG00000037021	0	0	0
ENSONIG00000037022	0	0	0
ENSONIG00000037023	0	0	0
ENSONIG00000037024	0	0	0
ENSONIG00000037025	0	0	1
ENSONIG00000037026	0	0	0
ENSONIG00000037027	11	4	120
ENSONIG00000037028	0	0	0
ENSONIG00000037029	0	0	0
ENSONIG00000037030	0	0	0
ENSONIG00000037031	0	0	0
ENSONIG00000037032	0	0	0
ENSONIG00000037033	0	0	0
ENSONIG00000037034	0	0	0
ENSONIG00000037035	0	0	0
ENSONIG00000037036	0	0	0
ENSONIG00000037037	0	0	0
ENSONIG00000037038	0	0	0
ENSONIG00000037039	0	0	0
ENSONIG00000037040	0	0	0
ENSONIG00000037041	0	0	0
ENSONIG00000037042	0	0	9
ENSONIG00000037043	0	0	0
ENSONIG00000037044	0	0	0
ENSONIG00000037045	0	0	0
ENSONIG00000037046	1	2	15
ENSONIG00000037047	0	0	2
ENSONIG00000037048	25	46	228
ENSONIG00000037049	0	2	0
ENSONIG00000037050	0	2	0
ENSONIG00000037051	0	0	1
ENSONIG00000037052	0	1	1
ENSONIG00000037053	4	0	0
ENSONIG00000037054	20	2	45
ENSONIG00000037055	0	0	0
ENSONIG00000037056	0	0	0
ENSONIG00000037057	0	0	4
ENSONIG00000037058	5	0	5
ENSONIG00000037059	0	0	0
ENSONIG00000037060	0	0	0
ENSONIG00000037061	9	5	14
ENSONIG00000037062	1	12	2
ENSONIG00000037063	11	0	0
ENSONIG00000037064	24	6	41
ENSONIG00000037065	0	0	0
ENSONIG00000037066	0	0	0
ENSONIG00000037067	0	2	6
ENSONIG00000037068	0	0	0
ENSONIG00000037069	0	0	0
ENSONIG00000037070	0	1	1
ENSONIG00000037071	15	8	17
ENSONIG00000037072	0	0	0
ENSONIG00000037073	1	3	10
ENSONIG00000037074	8	0	1
ENSONIG00000037075	0	0	0
ENSONIG00000037076	0	0	0
ENSONIG00000037077	2	0	1
ENSONIG00000037078	0	0	0
ENSONIG00000037079	0	0	0
ENSONIG00000037080	0	0	0
ENSONIG00000037081	1	0	0
ENSONIG00000037082	0	0	0
ENSONIG00000037083	0	0	1
ENSONIG00000037084	2	1	0
ENSONIG00000037085	1	1	6
ENSONIG00000037086	0	0	0
ENSONIG00000037087	0	0	0
ENSONIG00000037088	0	0	0
ENSONIG00000037089	0	0	0
ENSONIG00000037090	0	0	1
ENSONIG00000037091	2	2	2
ENSONIG00000037092	0	2	2
ENSONIG00000037093	0	0	0
ENSONIG00000037094	0	0	2
ENSONIG00000037095	0	0	0
ENSONIG00000037096	0	0	0
ENSONIG00000037097	0	0	4
ENSONIG00000037098	0	0	2
ENSONIG00000037099	1	0	0
ENSONIG00000037100	7	0	3
ENSONIG00000037101	0	0	0
ENSONIG00000037102	1	9	29
ENSONIG00000037103	0	0	0
ENSONIG00000037104	0	0	11
ENSONIG00000037105	0	1	1
ENSONIG00000037106	0	0	0
ENSONIG00000037107	0	0	0
ENSONIG00000037108	0	1	0
ENSONIG00000037109	0	0	1
ENSONIG00000037110	0	0	0
ENSONIG00000037111	0	0	0
ENSONIG00000037112	0	0	0
ENSONIG00000037113	0	0	0
ENSONIG00000037114	1	0	0
ENSONIG00000037115	0	0	0
ENSONIG00000037116	0	0	0
ENSONIG00000037117	0	0	0
ENSONIG00000037118	0	0	1
ENSONIG00000037119	0	0	0
ENSONIG00000037120	0	0	0
ENSONIG00000037121	2	1	4
ENSONIG00000037122	0	0	0
ENSONIG00000037123	0	0	10
ENSONIG00000037124	1	0	14
ENSONIG00000037125	1	0	0
ENSONIG00000037126	1	0	0
ENSONIG00000037127	0	0	6
ENSONIG00000037128	0	0	0
ENSONIG00000037129	8	2	15
ENSONIG00000037130	0	0	0
ENSONIG00000037131	0	0	0
ENSONIG00000037132	0	0	0
ENSONIG00000037133	0	0	0
ENSONIG00000037134	0	0	0
ENSONIG00000037135	0	0	0
ENSONIG00000037136	90	12	534
ENSONIG00000037137	0	0	0
ENSONIG00000037138	0	1	22
ENSONIG00000037139	0	2	17
ENSONIG00000037140	0	0	0
ENSONIG00000037141	0	0	0
ENSONIG00000037142	0	0	0
ENSONIG00000037143	0	0	10
ENSONIG00000037144	0	0	0
ENSONIG00000037145	0	0	0
ENSONIG00000037146	0	0	0
ENSONIG00000037147	0	0	0
ENSONIG00000037148	0	0	0
ENSONIG00000037149	0	0	0
ENSONIG00000037150	2	1	4
ENSONIG00000037151	0	0	3
ENSONIG00000037152	0	0	0
ENSONIG00000037153	0	0	0
ENSONIG00000037154	0	0	0
ENSONIG00000037155	0	0	0
ENSONIG00000037156	0	0	1
ENSONIG00000037157	0	0	0
ENSONIG00000037158	0	0	0
ENSONIG00000037159	0	0	0
ENSONIG00000037160	6	1	2
ENSONIG00000037161	0	0	0
ENSONIG00000037162	0	0	0
ENSONIG00000037163	0	8	99
ENSONIG00000037164	0	0	0
ENSONIG00000037165	0	0	0
ENSONIG00000037166	1	0	9
ENSONIG00000037167	11	20	33
ENSONIG00000037168	14	12	491
ENSONIG00000037169	3	1	45
ENSONIG00000037170	0	0	0
ENSONIG00000037171	0	0	0
ENSONIG00000037172	0	2	0
ENSONIG00000037173	1	0	0
ENSONIG00000037174	1	0	0
ENSONIG00000037175	0	1	35
ENSONIG00000037176	0	0	7
ENSONIG00000037177	0	0	10
ENSONIG00000037178	0	0	0
ENSONIG00000037179	0	0	1
ENSONIG00000037180	0	4	13
ENSONIG00000037181	0	0	6
ENSONIG00000037182	0	0	2
ENSONIG00000037183	1	2	0
ENSONIG00000037184	0	0	3
ENSONIG00000037185	2	0	1
ENSONIG00000037186	1	1	0
ENSONIG00000037187	0	0	0
ENSONIG00000037188	0	0	0
ENSONIG00000037189	47	0	5
ENSONIG00000037190	0	0	0
ENSONIG00000037191	0	0	12
ENSONIG00000037192	0	0	0
ENSONIG00000037193	4	1	3
ENSONIG00000037194	0	0	0
ENSONIG00000037195	0	1	16
ENSONIG00000037196	0	0	1
ENSONIG00000037197	0	0	0
ENSONIG00000037198	0	0	0
ENSONIG00000037199	0	0	0
ENSONIG00000037200	0	0	0
ENSONIG00000037201	1	0	2
ENSONIG00000037202	1	4	7
ENSONIG00000037203	3	0	0
ENSONIG00000037204	15	0	34
ENSONIG00000037205	0	0	8
ENSONIG00000037206	0	0	0
ENSONIG00000037207	0	0	0
ENSONIG00000037208	0	1	2
ENSONIG00000037209	0	0	0
ENSONIG00000037210	0	0	26
ENSONIG00000037211	3	0	1
ENSONIG00000037212	2	0	1
ENSONIG00000037213	0	0	0
ENSONIG00000037214	0	0	0
ENSONIG00000037215	2	31	7
ENSONIG00000037216	0	0	0
ENSONIG00000037217	2	0	2
ENSONIG00000037218	0	0	0
ENSONIG00000037219	0	0	0
ENSONIG00000037220	0	0	2
ENSONIG00000037221	0	0	1
ENSONIG00000037222	0	0	0
ENSONIG00000037223	0	0	0
ENSONIG00000037224	0	0	0
ENSONIG00000037225	0	0	0
ENSONIG00000037226	0	0	0
ENSONIG00000037227	0	0	0
ENSONIG00000037228	0	0	4
ENSONIG00000037229	0	0	3
ENSONIG00000037230	0	0	0
ENSONIG00000037231	0	1	0
ENSONIG00000037232	0	0	0
ENSONIG00000037233	0	0	10
ENSONIG00000037234	0	0	0
ENSONIG00000037235	210	5	21
ENSONIG00000037236	3	1	2
ENSONIG00000037237	0	0	0
ENSONIG00000037238	0	0	0
ENSONIG00000037239	1	0	0
ENSONIG00000037240	0	0	0
ENSONIG00000037241	0	0	0
ENSONIG00000037242	0	0	0
ENSONIG00000037243	0	0	0
ENSONIG00000037244	0	0	0
ENSONIG00000037245	0	0	0
ENSONIG00000037246	0	0	0
ENSONIG00000037247	0	0	0
ENSONIG00000037248	0	0	0
ENSONIG00000037249	0	0	1
ENSONIG00000037250	1	0	1
ENSONIG00000037251	0	0	12
ENSONIG00000037252	43	24	61
ENSONIG00000037253	2	1	3
ENSONIG00000037254	5	3	0
ENSONIG00000037255	4	6	9
ENSONIG00000037256	0	0	3
ENSONIG00000037257	0	0	0
ENSONIG00000037258	0	0	1
ENSONIG00000037259	0	0	0
ENSONIG00000037260	0	0	0
ENSONIG00000037261	0	0	0
ENSONIG00000037262	0	0	0
ENSONIG00000037263	1	0	4
ENSONIG00000037264	0	3	0
ENSONIG00000037265	10	1	5
ENSONIG00000037266	0	0	0
ENSONIG00000037267	0	0	1
ENSONIG00000037268	0	0	0
ENSONIG00000037269	0	0	0
ENSONIG00000037270	0	0	0
ENSONIG00000037271	0	0	0
ENSONIG00000037272	0	0	6
ENSONIG00000037273	1	0	0
ENSONIG00000037274	8	4	183
ENSONIG00000037275	1	0	0
ENSONIG00000037276	1	0	0
ENSONIG00000037277	0	0	1
ENSONIG00000037278	2	0	0
ENSONIG00000037279	0	0	0
ENSONIG00000037280	0	0	0
ENSONIG00000037281	2	1	0
ENSONIG00000037282	0	0	0
ENSONIG00000037283	0	0	3
ENSONIG00000037284	0	0	0
ENSONIG00000037285	0	0	12
ENSONIG00000037286	0	0	0
ENSONIG00000037287	0	0	4
ENSONIG00000037288	0	0	1
ENSONIG00000037289	4	3	2
ENSONIG00000037290	0	1	0
ENSONIG00000037291	0	0	0
ENSONIG00000037292	0	0	0
ENSONIG00000037293	0	0	0
ENSONIG00000037294	0	0	0
ENSONIG00000037295	1	0	11
ENSONIG00000037296	2	5	24
ENSONIG00000037297	0	0	0
ENSONIG00000037298	0	0	0
ENSONIG00000037299	29	5	3
ENSONIG00000037300	0	1	3
ENSONIG00000037301	0	0	0
ENSONIG00000037302	0	0	0
ENSONIG00000037303	0	0	24
ENSONIG00000037304	0	0	0
ENSONIG00000037305	0	0	2
ENSONIG00000037306	0	0	0
ENSONIG00000037307	0	0	0
ENSONIG00000037308	0	0	5
ENSONIG00000037309	0	0	0
ENSONIG00000037310	0	0	0
ENSONIG00000037311	0	0	0
ENSONIG00000037312	0	0	1
ENSONIG00000037313	0	0	43
ENSONIG00000037314	0	0	0
ENSONIG00000037315	0	0	0
ENSONIG00000037316	0	0	0
ENSONIG00000037317	1	0	0
ENSONIG00000037318	0	11	0
ENSONIG00000037319	1	30	5
ENSONIG00000037320	7	0	0
ENSONIG00000037321	1	0	1
ENSONIG00000037322	2	3	17
ENSONIG00000037323	0	0	0
ENSONIG00000037324	3	1	0
ENSONIG00000037325	3	0	0
ENSONIG00000037326	0	0	0
ENSONIG00000037327	0	0	0
ENSONIG00000037328	2	1	0
ENSONIG00000037329	0	0	0
ENSONIG00000037330	0	0	0
ENSONIG00000037331	0	0	0
ENSONIG00000037332	0	0	0
ENSONIG00000037333	1	2	21
ENSONIG00000037334	0	0	0
ENSONIG00000037335	0	0	0
ENSONIG00000037336	0	0	2
ENSONIG00000037337	0	2	127
ENSONIG00000037338	2	3	40
ENSONIG00000037339	1	0	0
ENSONIG00000037340	0	0	0
ENSONIG00000037341	0	0	0
ENSONIG00000037342	0	0	0
ENSONIG00000037343	0	0	0
ENSONIG00000037344	1	3	3
ENSONIG00000037345	0	0	0
ENSONIG00000037346	0	0	0
ENSONIG00000037347	1	0	24
ENSONIG00000037348	0	0	1
ENSONIG00000037349	0	0	1
ENSONIG00000037350	0	0	0
ENSONIG00000037351	1	0	2
ENSONIG00000037352	4	1	0
ENSONIG00000037353	0	2	2
ENSONIG00000037354	0	0	0
ENSONIG00000037355	0	0	0
ENSONIG00000037356	0	0	0
ENSONIG00000037357	0	0	2
ENSONIG00000037358	0	0	0
ENSONIG00000037359	3	1	2
ENSONIG00000037360	7	11	30
ENSONIG00000037361	0	0	0
ENSONIG00000037362	0	0	0
ENSONIG00000037363	1	0	19
ENSONIG00000037364	1	0	0
ENSONIG00000037365	4	1	1
ENSONIG00000037366	0	0	0
ENSONIG00000037367	1	0	6
ENSONIG00000037368	0	0	0
ENSONIG00000037369	0	0	2
ENSONIG00000037370	0	1	0
ENSONIG00000037371	3	1	64
ENSONIG00000037372	0	0	0
ENSONIG00000037373	1	3	17
ENSONIG00000037374	0	0	0
ENSONIG00000037375	0	0	0
ENSONIG00000037376	0	0	0
ENSONIG00000037377	0	0	1
ENSONIG00000037378	0	0	0
ENSONIG00000037379	0	0	0
ENSONIG00000037380	0	0	0
ENSONIG00000037381	0	0	0
ENSONIG00000037382	0	0	1
ENSONIG00000037383	0	0	0
ENSONIG00000037384	0	0	0
ENSONIG00000037385	0	0	0
ENSONIG00000037386	0	0	0
ENSONIG00000037387	0	0	0
ENSONIG00000037388	0	0	0
ENSONIG00000037389	0	0	0
ENSONIG00000037390	0	0	0
ENSONIG00000037391	0	1	1
ENSONIG00000037392	0	0	0
ENSONIG00000037393	0	0	0
ENSONIG00000037394	0	0	0
ENSONIG00000037395	0	0	0
ENSONIG00000037396	0	9	3
ENSONIG00000037397	0	0	0
ENSONIG00000037398	1	2	14
ENSONIG00000037399	0	0	0
ENSONIG00000037400	0	0	0
ENSONIG00000037401	0	0	0
ENSONIG00000037402	0	3	7
ENSONIG00000037403	0	0	1
ENSONIG00000037404	0	0	0
ENSONIG00000037405	0	0	0
ENSONIG00000037406	2	2	17
ENSONIG00000037407	0	0	0
ENSONIG00000037408	0	0	0
ENSONIG00000037409	0	0	0
ENSONIG00000037410	0	1	9
ENSONIG00000037411	2	0	1
ENSONIG00000037412	0	0	0
ENSONIG00000037413	0	0	11
ENSONIG00000037414	0	0	0
ENSONIG00000037415	0	0	0
ENSONIG00000037416	0	0	0
ENSONIG00000037417	0	0	0
ENSONIG00000037418	0	1	0
ENSONIG00000037419	0	0	0
ENSONIG00000037420	0	0	0
ENSONIG00000037421	0	0	0
ENSONIG00000037422	0	0	0
ENSONIG00000037423	94	54	69
ENSONIG00000037424	0	0	0
ENSONIG00000037425	6	3	5
ENSONIG00000037426	0	3	0
ENSONIG00000037427	0	0	0
ENSONIG00000037428	0	0	0
ENSONIG00000037429	0	0	0
ENSONIG00000037430	0	0	0
ENSONIG00000037431	0	0	1
ENSONIG00000037432	0	0	0
ENSONIG00000037433	0	0	0
ENSONIG00000037434	0	0	0
ENSONIG00000037435	0	0	0
ENSONIG00000037436	0	0	0
ENSONIG00000037437	0	1	16
ENSONIG00000037438	0	0	3
ENSONIG00000037439	1	0	0
ENSONIG00000037440	0	0	0
ENSONIG00000037441	0	0	0
ENSONIG00000037442	0	0	0
ENSONIG00000037443	0	0	0
ENSONIG00000037444	0	0	0
ENSONIG00000037445	0	0	0
ENSONIG00000037446	0	2	0
ENSONIG00000037447	0	0	0
ENSONIG00000037448	0	0	2
ENSONIG00000037449	0	0	0
ENSONIG00000037450	0	0	1
ENSONIG00000037452	0	0	0
ENSONIG00000037453	0	3	7
ENSONIG00000037454	3	0	0
ENSONIG00000037455	0	0	1
ENSONIG00000037456	0	0	0
ENSONIG00000037457	1	0	0
ENSONIG00000037458	0	0	0
ENSONIG00000037459	0	0	0
ENSONIG00000037460	0	0	0
ENSONIG00000037461	0	0	0
ENSONIG00000037462	0	0	0
ENSONIG00000037463	0	0	1
ENSONIG00000037464	0	0	0
ENSONIG00000037465	2	0	0
ENSONIG00000037466	1	2	35
ENSONIG00000037467	0	0	0
ENSONIG00000037468	0	0	0
ENSONIG00000037469	0	0	0
ENSONIG00000037470	0	0	0
ENSONIG00000037471	1	0	1
ENSONIG00000037472	0	0	1
ENSONIG00000037473	0	0	0
ENSONIG00000037474	2	0	6
ENSONIG00000037475	0	0	24
ENSONIG00000037476	0	0	0
ENSONIG00000037477	0	0	0
ENSONIG00000037478	0	0	0
ENSONIG00000037479	0	0	0
ENSONIG00000037480	0	0	0
ENSONIG00000037481	0	0	0
ENSONIG00000037482	1	0	0
ENSONIG00000037483	0	0	0
ENSONIG00000037484	0	0	0
ENSONIG00000037485	1	0	12
ENSONIG00000037486	0	0	0
ENSONIG00000037487	0	1	0
ENSONIG00000037488	0	0	0
ENSONIG00000037489	0	0	0
ENSONIG00000037490	0	0	0
ENSONIG00000037491	7	0	0
ENSONIG00000037492	176	153	109
ENSONIG00000037493	0	1	185
ENSONIG00000037494	581	50	22
ENSONIG00000037495	1	0	0
ENSONIG00000037496	0	0	0
ENSONIG00000037497	0	0	2
ENSONIG00000037498	0	0	0
ENSONIG00000037499	0	0	1
ENSONIG00000037500	1	0	2
ENSONIG00000037501	0	0	0
ENSONIG00000037502	0	0	1
ENSONIG00000037503	0	0	0
ENSONIG00000037504	0	0	0
ENSONIG00000037505	0	0	0
ENSONIG00000037506	4	0	1
ENSONIG00000037507	0	3	1
ENSONIG00000037508	1	0	3
ENSONIG00000037509	0	0	0
ENSONIG00000037510	0	0	0
ENSONIG00000037511	0	0	0
ENSONIG00000037512	0	0	0
ENSONIG00000037513	0	1	1
ENSONIG00000037514	0	1	0
ENSONIG00000037515	403	317	393
ENSONIG00000037516	0	0	2
ENSONIG00000037517	0	0	0
ENSONIG00000037518	0	0	0
ENSONIG00000037519	1	1	20
ENSONIG00000037520	13	7	46
ENSONIG00000037521	0	0	0
ENSONIG00000037522	0	0	0
ENSONIG00000037523	0	0	0
ENSONIG00000037524	0	0	0
ENSONIG00000037525	0	0	0
ENSONIG00000037526	0	0	0
ENSONIG00000037527	0	0	2
ENSONIG00000037528	0	0	1
ENSONIG00000037529	0	0	0
ENSONIG00000037530	0	0	4
ENSONIG00000037531	0	1	65
ENSONIG00000037532	17	1	5
ENSONIG00000037533	0	0	0
ENSONIG00000037534	0	0	0
ENSONIG00000037535	0	1	1
ENSONIG00000037536	0	0	0
ENSONIG00000037537	0	0	0
ENSONIG00000037538	1	0	1
ENSONIG00000037539	0	0	0
ENSONIG00000037540	0	0	0
ENSONIG00000037541	5	1	42
ENSONIG00000037542	0	0	1
ENSONIG00000037543	66	36	6
ENSONIG00000037544	2	0	9
ENSONIG00000037545	0	0	0
ENSONIG00000037546	2	0	0
ENSONIG00000037547	0	0	3
ENSONIG00000037548	0	0	0
ENSONIG00000037549	0	0	0
ENSONIG00000037550	96	2	0
ENSONIG00000037551	0	0	0
ENSONIG00000037552	0	0	0
ENSONIG00000037553	0	0	0
ENSONIG00000037554	0	0	2
ENSONIG00000037555	0	0	0
ENSONIG00000037556	0	0	3
ENSONIG00000037557	5	7	13
ENSONIG00000037558	2	1	11
ENSONIG00000037559	0	0	3
ENSONIG00000037560	0	0	1
ENSONIG00000037561	0	0	0
ENSONIG00000037562	1	0	5
ENSONIG00000037563	0	0	0
ENSONIG00000037564	0	0	4
ENSONIG00000037565	0	0	23
ENSONIG00000037566	25	0	8
ENSONIG00000037567	0	0	0
ENSONIG00000037568	0	0	0
ENSONIG00000037569	0	0	0
ENSONIG00000037570	1	0	0
ENSONIG00000037571	26	5	56
ENSONIG00000037572	0	0	0
ENSONIG00000037573	0	0	0
ENSONIG00000037574	0	0	0
ENSONIG00000037575	0	2	13
ENSONIG00000037576	0	0	0
ENSONIG00000037577	0	0	0
ENSONIG00000037578	0	0	0
ENSONIG00000037579	5	1	0
ENSONIG00000037580	0	0	0
ENSONIG00000037581	0	0	0
ENSONIG00000037582	0	0	0
ENSONIG00000037583	35	1	18
ENSONIG00000037584	1	0	0
ENSONIG00000037585	1	0	0
ENSONIG00000037586	0	0	2
ENSONIG00000037587	0	0	0
ENSONIG00000037588	4	0	0
ENSONIG00000037589	0	0	0
ENSONIG00000037590	0	0	0
ENSONIG00000037591	0	0	0
ENSONIG00000037592	0	0	0
ENSONIG00000037593	0	0	2
ENSONIG00000037594	0	0	0
ENSONIG00000037595	1	0	16
ENSONIG00000037596	0	0	0
ENSONIG00000037597	0	0	0
ENSONIG00000037598	0	0	3
ENSONIG00000037599	0	0	0
ENSONIG00000037600	0	2	0
ENSONIG00000037601	0	0	0
ENSONIG00000037602	2	0	1
ENSONIG00000037603	1	0	0
ENSONIG00000037604	0	0	0
ENSONIG00000037605	0	0	0
ENSONIG00000037606	0	0	1
ENSONIG00000037607	0	0	2
ENSONIG00000037608	0	0	2
ENSONIG00000037609	1	2	3
ENSONIG00000037610	0	0	2
ENSONIG00000037611	2	0	1
ENSONIG00000037612	2	0	3
ENSONIG00000037613	0	0	0
ENSONIG00000037614	0	0	0
ENSONIG00000037615	0	0	1
ENSONIG00000037616	11	0	1
ENSONIG00000037617	0	0	0
ENSONIG00000037618	4	9	33
ENSONIG00000037619	1	0	3
ENSONIG00000037620	1	0	0
ENSONIG00000037621	0	0	0
ENSONIG00000037622	0	0	0
ENSONIG00000037623	0	0	0
ENSONIG00000037624	1	0	0
ENSONIG00000037625	0	0	0
ENSONIG00000037626	0	0	0
ENSONIG00000037627	0	0	0
ENSONIG00000037628	0	1	8
ENSONIG00000037629	1	2	0
ENSONIG00000037630	0	0	0
ENSONIG00000037631	0	0	0
ENSONIG00000037632	0	0	0
ENSONIG00000037633	0	0	0
ENSONIG00000037634	0	2	0
ENSONIG00000037635	0	0	0
ENSONIG00000037636	0	0	0
ENSONIG00000037637	1	3	7
ENSONIG00000037638	1	0	2
ENSONIG00000037639	1	0	0
ENSONIG00000037640	0	0	0
ENSONIG00000037641	0	0	0
ENSONIG00000037642	0	0	0
ENSONIG00000037643	0	1	4
ENSONIG00000037644	0	0	1
ENSONIG00000037645	0	0	17
ENSONIG00000037646	0	1	0
ENSONIG00000037647	0	0	3
ENSONIG00000037648	0	0	0
ENSONIG00000037649	0	0	0
ENSONIG00000037650	0	0	0
ENSONIG00000037651	0	0	0
ENSONIG00000037652	1	0	10
ENSONIG00000037653	0	0	0
ENSONIG00000037654	0	0	0
ENSONIG00000037655	1	0	0
ENSONIG00000037656	0	0	0
ENSONIG00000037657	4	4	31
ENSONIG00000037658	0	0	0
ENSONIG00000037659	0	0	0
ENSONIG00000037660	24	82	87
ENSONIG00000037661	0	0	0
ENSONIG00000037662	0	0	0
ENSONIG00000037663	0	0	1
ENSONIG00000037664	3	1	8
ENSONIG00000037665	0	0	0
ENSONIG00000037666	0	0	4
ENSONIG00000037667	6	32	94
ENSONIG00000037668	0	0	0
ENSONIG00000037669	0	0	0
ENSONIG00000037670	0	0	0
ENSONIG00000037671	1	1	38
ENSONIG00000037672	1	3	39
ENSONIG00000037673	10	3	72
ENSONIG00000037674	0	0	0
ENSONIG00000037675	0	0	0
ENSONIG00000037676	0	0	0
ENSONIG00000037677	0	0	0
ENSONIG00000037678	57	4	8
ENSONIG00000037679	0	0	4
ENSONIG00000037680	0	0	2
ENSONIG00000037681	0	0	0
ENSONIG00000037682	1	0	0
ENSONIG00000037683	0	0	1
ENSONIG00000037684	0	0	0
ENSONIG00000037685	0	0	2
ENSONIG00000037686	0	0	1
ENSONIG00000037687	0	0	3
ENSONIG00000037688	0	0	0
ENSONIG00000037689	0	0	0
ENSONIG00000037690	0	0	1
ENSONIG00000037691	0	0	0
ENSONIG00000037692	1	5	44
ENSONIG00000037693	0	0	0
ENSONIG00000037694	0	0	0
ENSONIG00000037695	0	0	1
ENSONIG00000037696	0	0	0
ENSONIG00000037697	0	0	0
ENSONIG00000037698	0	0	17
ENSONIG00000037699	0	0	0
ENSONIG00000037700	3	3	316
ENSONIG00000037701	0	0	0
ENSONIG00000037702	0	0	0
ENSONIG00000037703	0	0	1
ENSONIG00000037704	0	0	0
ENSONIG00000037705	0	0	0
ENSONIG00000037706	0	0	0
ENSONIG00000037707	1	0	0
ENSONIG00000037708	0	0	0
ENSONIG00000037709	0	0	0
ENSONIG00000037710	0	1	2
ENSONIG00000037711	52	594	31459
ENSONIG00000037712	0	0	0
ENSONIG00000037713	0	0	2
ENSONIG00000037714	0	0	0
ENSONIG00000037715	0	0	0
ENSONIG00000037716	0	16	1
ENSONIG00000037717	6	1	40
ENSONIG00000037718	1	0	0
ENSONIG00000037719	82	86	27
ENSONIG00000037720	7	0	0
ENSONIG00000037721	0	0	0
ENSONIG00000037722	0	0	0
ENSONIG00000037723	4	0	3
ENSONIG00000037724	3	3	8
ENSONIG00000037725	2	2	22
ENSONIG00000037726	0	0	1
ENSONIG00000037727	0	0	0
ENSONIG00000037728	0	0	0
ENSONIG00000037729	0	0	0
ENSONIG00000037730	0	0	0
ENSONIG00000037731	0	0	0
ENSONIG00000037732	0	0	1
ENSONIG00000037733	12	0	3
ENSONIG00000037734	0	0	0
ENSONIG00000037735	0	1	4
ENSONIG00000037736	3	0	0
ENSONIG00000037737	7	2	2
ENSONIG00000037738	0	0	0
ENSONIG00000037739	0	0	0
ENSONIG00000037740	2	0	0
ENSONIG00000037741	0	0	0
ENSONIG00000037742	13	7	23
ENSONIG00000037743	27	76	46
ENSONIG00000037744	2	0	0
ENSONIG00000037745	1	1	5
ENSONIG00000037746	0	0	0
ENSONIG00000037747	83	3	1
ENSONIG00000037748	0	0	0
ENSONIG00000037749	0	0	0
ENSONIG00000037750	0	0	2
ENSONIG00000037751	0	0	0
ENSONIG00000037752	0	0	0
ENSONIG00000037753	1	0	0
ENSONIG00000037754	3	1	5
ENSONIG00000037755	0	0	0
ENSONIG00000037756	0	0	0
ENSONIG00000037757	0	0	0
ENSONIG00000037758	0	0	0
ENSONIG00000037759	0	0	6
ENSONIG00000037760	1	1	31
ENSONIG00000037761	0	0	0
ENSONIG00000037762	0	0	0
ENSONIG00000037763	0	0	0
ENSONIG00000037764	3	25	21
ENSONIG00000037765	0	0	0
ENSONIG00000037766	12	1	14
ENSONIG00000037767	0	0	3
ENSONIG00000037768	0	0	0
ENSONIG00000037769	0	0	0
ENSONIG00000037770	0	0	0
ENSONIG00000037771	0	4	11
ENSONIG00000037772	0	0	0
ENSONIG00000037773	0	0	0
ENSONIG00000037774	19	1	0
ENSONIG00000037775	1	2	0
ENSONIG00000037776	0	0	0
ENSONIG00000037777	0	0	0
ENSONIG00000037778	0	0	0
ENSONIG00000037779	0	0	0
ENSONIG00000037780	0	0	0
ENSONIG00000037781	0	0	2
ENSONIG00000037782	0	0	0
ENSONIG00000037783	0	0	0
ENSONIG00000037784	0	0	2
ENSONIG00000037785	0	0	0
ENSONIG00000037786	0	0	0
ENSONIG00000037787	0	0	0
ENSONIG00000037788	0	0	0
ENSONIG00000037789	0	0	0
ENSONIG00000037790	0	0	10
ENSONIG00000037791	0	0	0
ENSONIG00000037792	0	0	5
ENSONIG00000037793	0	0	0
ENSONIG00000037794	0	0	3
ENSONIG00000037795	0	0	5
ENSONIG00000037796	0	0	0
ENSONIG00000037797	0	0	2
ENSONIG00000037798	0	0	0
ENSONIG00000037799	0	0	4
ENSONIG00000037800	0	0	0
ENSONIG00000037801	11	0	3
ENSONIG00000037802	0	0	0
ENSONIG00000037803	0	0	20
ENSONIG00000037804	0	0	0
ENSONIG00000037805	0	0	0
ENSONIG00000037806	0	1	57
ENSONIG00000037807	0	0	0
ENSONIG00000037808	0	0	0
ENSONIG00000037809	0	0	0
ENSONIG00000037810	0	0	0
ENSONIG00000037811	0	0	0
ENSONIG00000037812	42	5	10
ENSONIG00000037813	0	0	5
ENSONIG00000037814	0	0	0
ENSONIG00000037815	0	0	0
ENSONIG00000037816	0	0	0
ENSONIG00000037817	0	0	0
ENSONIG00000037818	0	0	0
ENSONIG00000037819	0	3	0
ENSONIG00000037820	0	3	5
ENSONIG00000037821	0	0	0
ENSONIG00000037822	0	0	0
ENSONIG00000037823	0	1	15
ENSONIG00000037824	0	0	0
ENSONIG00000037825	0	1	2
ENSONIG00000037826	0	0	1
ENSONIG00000037827	0	0	0
ENSONIG00000037828	3	0	0
ENSONIG00000037829	4	2	2
ENSONIG00000037830	0	0	0
ENSONIG00000037831	0	0	1
ENSONIG00000037832	0	0	0
ENSONIG00000037833	2	2	27
ENSONIG00000037834	0	0	0
ENSONIG00000037835	0	0	0
ENSONIG00000037836	0	0	0
ENSONIG00000037837	0	0	0
ENSONIG00000037838	0	0	0
ENSONIG00000037839	39	30	12
ENSONIG00000037840	0	0	0
ENSONIG00000037841	0	0	0
ENSONIG00000037842	0	0	0
ENSONIG00000037843	0	0	0
ENSONIG00000037844	1	0	0
ENSONIG00000037845	0	0	1
ENSONIG00000037846	0	0	0
ENSONIG00000037847	20	8	12
ENSONIG00000037848	12	0	4
ENSONIG00000037849	0	1	3
ENSONIG00000037850	0	0	0
ENSONIG00000037851	0	0	0
ENSONIG00000037852	0	3	15
ENSONIG00000037853	0	1	66
ENSONIG00000037854	0	1	0
ENSONIG00000037855	0	0	0
ENSONIG00000037856	0	0	1
ENSONIG00000037857	0	0	0
ENSONIG00000037858	0	0	0
ENSONIG00000037859	0	0	0
ENSONIG00000037860	0	0	0
ENSONIG00000037861	0	0	0
ENSONIG00000037862	0	0	0
ENSONIG00000037863	0	0	0
ENSONIG00000037864	0	0	0
ENSONIG00000037865	0	0	1
ENSONIG00000037866	0	0	11
ENSONIG00000037867	1	0	2
ENSONIG00000037868	0	0	1
ENSONIG00000037869	0	3	9
ENSONIG00000037870	2	6	171
ENSONIG00000037871	0	0	0
ENSONIG00000037872	0	0	2
ENSONIG00000037873	0	0	0
ENSONIG00000037874	1379	1506	1634
ENSONIG00000037875	0	0	0
ENSONIG00000037876	54	1	1
ENSONIG00000037877	2	1	12
ENSONIG00000037878	0	0	0
ENSONIG00000037879	0	0	0
ENSONIG00000037880	0	0	0
ENSONIG00000037881	0	0	0
ENSONIG00000037882	0	0	0
ENSONIG00000037883	12	0	1
ENSONIG00000037884	2	0	0
ENSONIG00000037885	0	0	3
ENSONIG00000037886	3	7	263
ENSONIG00000037887	0	1	8
ENSONIG00000037888	2	0	1
ENSONIG00000037889	1	1	0
ENSONIG00000037890	0	0	0
ENSONIG00000037891	0	0	0
ENSONIG00000037892	3	11	79
ENSONIG00000037893	0	0	3
ENSONIG00000037894	0	0	0
ENSONIG00000037895	0	0	0
ENSONIG00000037896	2	0	0
ENSONIG00000037897	3	2	101
ENSONIG00000037898	6	2	60
ENSONIG00000037899	0	0	0
ENSONIG00000037900	0	0	0
ENSONIG00000037901	1	1	14
ENSONIG00000037902	0	0	0
ENSONIG00000037903	0	0	0
ENSONIG00000037904	0	0	0
ENSONIG00000037905	0	1	0
ENSONIG00000037906	0	2	15
ENSONIG00000037907	0	0	0
ENSONIG00000037908	0	0	0
ENSONIG00000037909	0	0	0
ENSONIG00000037910	0	1	14
ENSONIG00000037911	0	0	0
ENSONIG00000037912	0	0	0
ENSONIG00000037913	0	0	0
ENSONIG00000037914	0	0	0
ENSONIG00000037915	0	0	0
ENSONIG00000037916	0	0	0
ENSONIG00000037917	39	2	25
ENSONIG00000037918	0	0	0
ENSONIG00000037919	0	0	0
ENSONIG00000037920	0	0	3
ENSONIG00000037921	1	0	0
ENSONIG00000037922	3	1	0
ENSONIG00000037923	0	0	0
ENSONIG00000037924	62	75	81
ENSONIG00000037925	1	1	5
ENSONIG00000037926	0	0	0
ENSONIG00000037927	1	0	0
ENSONIG00000037928	14	34	4689
ENSONIG00000037929	0	0	0
ENSONIG00000037930	0	0	0
ENSONIG00000037931	0	0	0
ENSONIG00000037932	7	0	1
ENSONIG00000037933	0	0	0
ENSONIG00000037934	0	0	0
ENSONIG00000037935	5	6	6
ENSONIG00000037936	0	0	0
ENSONIG00000037937	0	3	285
ENSONIG00000037938	0	0	0
ENSONIG00000037939	0	0	0
ENSONIG00000037940	0	0	0
ENSONIG00000037941	0	0	0
ENSONIG00000037942	497	217	370
ENSONIG00000037943	0	0	13
ENSONIG00000037944	12	0	48
ENSONIG00000037945	0	0	0
ENSONIG00000037946	0	16	1
ENSONIG00000037947	1	0	0
ENSONIG00000037948	0	0	0
ENSONIG00000037949	0	1	0
ENSONIG00000037950	0	0	0
ENSONIG00000037951	0	0	0
ENSONIG00000037952	0	2	33
ENSONIG00000037953	22	4	75
ENSONIG00000037954	0	0	0
ENSONIG00000037955	0	0	2
ENSONIG00000037956	0	0	0
ENSONIG00000037957	2	26	17
ENSONIG00000037958	0	0	17
ENSONIG00000037959	0	0	0
ENSONIG00000037960	0	0	0
ENSONIG00000037961	0	0	46
ENSONIG00000037962	0	2	1
ENSONIG00000037963	0	0	5
ENSONIG00000037964	3	1	5
ENSONIG00000037965	1	0	0
ENSONIG00000037966	15	2	40
ENSONIG00000037967	27	4	5
ENSONIG00000037968	0	0	0
ENSONIG00000037969	0	0	0
ENSONIG00000037970	0	0	0
ENSONIG00000037971	0	0	0
ENSONIG00000037972	0	0	0
ENSONIG00000037973	0	0	0
ENSONIG00000037974	0	0	0
ENSONIG00000037975	1	0	3
ENSONIG00000037976	0	0	0
ENSONIG00000037977	3	4	90
ENSONIG00000037978	0	0	0
ENSONIG00000037979	0	0	0
ENSONIG00000037980	0	0	0
ENSONIG00000037981	0	0	0
ENSONIG00000037982	0	0	0
ENSONIG00000037983	0	1	0
ENSONIG00000037984	0	0	0
ENSONIG00000037985	0	0	1
ENSONIG00000037986	0	10	37
ENSONIG00000037987	0	0	0
ENSONIG00000037988	0	0	0
ENSONIG00000037989	0	0	0
ENSONIG00000037990	8	16	35
ENSONIG00000037991	0	0	1
ENSONIG00000037992	0	0	0
ENSONIG00000037993	0	0	1
ENSONIG00000037994	0	0	0
ENSONIG00000037995	0	0	0
ENSONIG00000037996	2	1	0
ENSONIG00000037997	0	0	15
ENSONIG00000037998	1	0	0
ENSONIG00000037999	0	0	1
ENSONIG00000038000	0	0	0
ENSONIG00000038001	1	9	173
ENSONIG00000038002	0	0	0
ENSONIG00000038003	1	1	1
ENSONIG00000038004	0	0	0
ENSONIG00000038005	1	0	0
ENSONIG00000038006	0	0	0
ENSONIG00000038007	0	0	0
ENSONIG00000038008	2	0	0
ENSONIG00000038009	10	0	5
ENSONIG00000038010	0	0	0
ENSONIG00000038011	0	0	0
ENSONIG00000038012	0	0	2
ENSONIG00000038013	0	1	4
ENSONIG00000038014	0	0	0
ENSONIG00000038015	0	0	0
ENSONIG00000038016	5	2	19
ENSONIG00000038017	0	1	2
ENSONIG00000038018	0	0	0
ENSONIG00000038019	1	10	30
ENSONIG00000038020	0	0	0
ENSONIG00000038021	0	0	0
ENSONIG00000038022	0	0	0
ENSONIG00000038023	51	14	14
ENSONIG00000038024	391	57	90
ENSONIG00000038025	0	0	0
ENSONIG00000038026	0	0	0
ENSONIG00000038027	2	1	4
ENSONIG00000038028	10	3	113
ENSONIG00000038029	1	0	1
ENSONIG00000038030	0	0	0
ENSONIG00000038031	0	0	1
ENSONIG00000038032	0	0	0
ENSONIG00000038033	0	0	0
ENSONIG00000038034	0	0	0
ENSONIG00000038035	0	0	0
ENSONIG00000038036	0	0	0
ENSONIG00000038037	0	0	0
ENSONIG00000038038	0	0	0
ENSONIG00000038039	2	1	95
ENSONIG00000038040	0	0	0
ENSONIG00000038041	0	0	1
ENSONIG00000038042	0	0	0
ENSONIG00000038043	1	0	1
ENSONIG00000038044	0	0	2
ENSONIG00000038045	4	2	1
ENSONIG00000038046	0	0	0
ENSONIG00000038047	0	0	0
ENSONIG00000038048	0	0	0
ENSONIG00000038049	0	0	0
ENSONIG00000038050	0	0	2
ENSONIG00000038051	11	5	96
ENSONIG00000038052	0	4	6
ENSONIG00000038053	0	0	3
ENSONIG00000038054	0	2	3
ENSONIG00000038055	0	0	0
ENSONIG00000038056	1	0	8
ENSONIG00000038057	1	0	18
ENSONIG00000038058	0	0	0
ENSONIG00000038059	4	0	0
ENSONIG00000038060	0	1	3
ENSONIG00000038061	0	0	0
ENSONIG00000038062	0	0	0
ENSONIG00000038063	0	0	2
ENSONIG00000038064	1	0	1
ENSONIG00000038065	0	0	0
ENSONIG00000038066	0	0	0
ENSONIG00000038067	0	0	0
ENSONIG00000038068	1	0	0
ENSONIG00000038069	0	0	0
ENSONIG00000038070	0	0	0
ENSONIG00000038071	0	0	4
ENSONIG00000038072	0	0	0
ENSONIG00000038073	0	0	0
ENSONIG00000038074	1	0	3
ENSONIG00000038075	0	0	0
ENSONIG00000038076	2	0	28
ENSONIG00000038077	0	0	0
ENSONIG00000038078	0	1	10
ENSONIG00000038079	0	0	0
ENSONIG00000038080	0	0	0
ENSONIG00000038081	0	0	1
ENSONIG00000038082	0	0	0
ENSONIG00000038083	0	1	5
ENSONIG00000038084	1	0	0
ENSONIG00000038085	0	0	0
ENSONIG00000038086	0	0	0
ENSONIG00000038087	1	1	0
ENSONIG00000038088	0	0	0
ENSONIG00000038089	0	2	19
ENSONIG00000038090	0	2	3
ENSONIG00000038091	0	0	0
ENSONIG00000038092	12	9	516
ENSONIG00000038093	1	8	155
ENSONIG00000038094	0	0	0
ENSONIG00000038095	0	0	0
ENSONIG00000038096	0	0	0
ENSONIG00000038097	2	1	16
ENSONIG00000038098	0	0	0
ENSONIG00000038099	4	4	42
ENSONIG00000038100	0	2	5
ENSONIG00000038101	0	0	0
ENSONIG00000038102	0	0	4
ENSONIG00000038103	0	0	0
ENSONIG00000038104	0	0	0
ENSONIG00000038105	0	0	0
ENSONIG00000038106	0	0	0
ENSONIG00000038107	1	0	0
ENSONIG00000038108	0	0	0
ENSONIG00000038109	2	7	113
ENSONIG00000038110	0	0	0
ENSONIG00000038111	3	5	97
ENSONIG00000038112	0	0	0
ENSONIG00000038113	2	4	15
ENSONIG00000038114	0	0	0
ENSONIG00000038115	0	0	0
ENSONIG00000038116	0	0	0
ENSONIG00000038117	0	0	0
ENSONIG00000038118	0	0	0
ENSONIG00000038119	0	0	1
ENSONIG00000038120	10	1	2
ENSONIG00000038121	0	0	0
ENSONIG00000038122	0	0	0
ENSONIG00000038123	0	0	27
ENSONIG00000038124	0	0	0
ENSONIG00000038125	0	0	0
ENSONIG00000038126	0	0	0
ENSONIG00000038127	0	0	0
ENSONIG00000038128	23	34	36
ENSONIG00000038129	77	145	288
ENSONIG00000038130	0	0	0
ENSONIG00000038131	9	0	1
ENSONIG00000038132	0	0	0
ENSONIG00000038133	0	0	0
ENSONIG00000038134	0	0	0
ENSONIG00000038135	0	0	0
ENSONIG00000038136	0	1	5
ENSONIG00000038137	0	0	0
ENSONIG00000038138	0	0	0
ENSONIG00000038139	0	0	2
ENSONIG00000038140	0	1	1
ENSONIG00000038141	2	0	6
ENSONIG00000038142	0	1	0
ENSONIG00000038143	0	0	0
ENSONIG00000038144	0	0	0
ENSONIG00000038145	0	0	0
ENSONIG00000038146	1	0	1
ENSONIG00000038147	4	0	3
ENSONIG00000038148	3	0	0
ENSONIG00000038149	0	0	0
ENSONIG00000038150	1	0	0
ENSONIG00000038151	503	379	521
ENSONIG00000038152	0	0	0
ENSONIG00000038153	1	0	0
ENSONIG00000038154	0	1	12
ENSONIG00000038155	0	0	0
ENSONIG00000038156	0	0	0
ENSONIG00000038157	1	0	8
ENSONIG00000038158	0	0	0
ENSONIG00000038159	0	0	2
ENSONIG00000038160	1	0	0
ENSONIG00000038161	0	0	0
ENSONIG00000038162	0	0	7
ENSONIG00000038163	0	0	1
ENSONIG00000038164	0	0	0
ENSONIG00000038165	0	0	0
ENSONIG00000038166	0	1	0
ENSONIG00000038167	0	0	0
ENSONIG00000038168	0	0	1
ENSONIG00000038169	0	0	0
ENSONIG00000038170	5	5	247
ENSONIG00000038171	0	0	0
ENSONIG00000038172	13	13	191
ENSONIG00000038173	0	0	3
ENSONIG00000038174	0	0	4
ENSONIG00000038175	0	0	0
ENSONIG00000038176	4	3	18
ENSONIG00000038177	0	0	0
ENSONIG00000038178	3	13	390
ENSONIG00000038179	4	0	11
ENSONIG00000038180	0	0	0
ENSONIG00000038181	0	0	0
ENSONIG00000038182	2	1	0
ENSONIG00000038183	0	0	0
ENSONIG00000038184	0	0	0
ENSONIG00000038185	2	0	31
ENSONIG00000038186	0	0	0
ENSONIG00000038187	0	0	2
ENSONIG00000038188	0	0	0
ENSONIG00000038189	0	0	1
ENSONIG00000038190	0	0	0
ENSONIG00000038191	0	0	0
ENSONIG00000038192	0	0	1
ENSONIG00000038193	0	0	0
ENSONIG00000038194	0	3	3
ENSONIG00000038195	0	0	0
ENSONIG00000038196	0	0	0
ENSONIG00000038197	5	0	11
ENSONIG00000038198	0	2	10
ENSONIG00000038199	0	0	0
ENSONIG00000038200	0	0	1
ENSONIG00000038201	1	4	6
ENSONIG00000038202	0	0	0
ENSONIG00000038203	0	0	0
ENSONIG00000038204	0	0	0
ENSONIG00000038205	381	124	112
ENSONIG00000038206	1	2	2
ENSONIG00000038207	0	0	0
ENSONIG00000038208	0	0	0
ENSONIG00000038209	0	0	0
ENSONIG00000038210	0	0	2
ENSONIG00000038211	0	0	0
ENSONIG00000038212	1	0	0
ENSONIG00000038213	0	0	0
ENSONIG00000038214	3	0	2
ENSONIG00000038215	23	4	30
ENSONIG00000038216	0	0	0
ENSONIG00000038217	0	0	10
ENSONIG00000038218	0	0	1
ENSONIG00000038219	0	0	0
ENSONIG00000038220	0	0	0
ENSONIG00000038221	0	0	0
ENSONIG00000038222	0	0	0
ENSONIG00000038223	0	0	0
ENSONIG00000038224	16	0	0
ENSONIG00000038225	0	0	0
ENSONIG00000038226	2	0	0
ENSONIG00000038227	0	0	0
ENSONIG00000038228	0	0	0
ENSONIG00000038229	1	0	0
ENSONIG00000038230	1	0	8
ENSONIG00000038231	10	0	27
ENSONIG00000038232	0	1	0
ENSONIG00000038233	0	0	0
ENSONIG00000038234	152	12	31
ENSONIG00000038235	0	0	0
ENSONIG00000038236	6	2	1
ENSONIG00000038237	0	0	0
ENSONIG00000038238	0	0	2
ENSONIG00000038239	0	0	0
ENSONIG00000038240	0	0	0
ENSONIG00000038241	8	3	37
ENSONIG00000038242	0	0	0
ENSONIG00000038243	0	0	0
ENSONIG00000038244	5	0	25
ENSONIG00000038245	0	0	0
ENSONIG00000038246	1	0	0
ENSONIG00000038247	0	0	1
ENSONIG00000038248	5	2	10
ENSONIG00000038249	0	0	0
ENSONIG00000038250	0	0	0
ENSONIG00000038251	0	0	0
ENSONIG00000038252	82	43	56
ENSONIG00000038253	0	0	0
ENSONIG00000038254	1	1	3
ENSONIG00000038255	0	0	0
ENSONIG00000038256	0	0	0
ENSONIG00000038257	4	1	1
ENSONIG00000038258	0	0	0
ENSONIG00000038259	1	2	2
ENSONIG00000038260	0	0	1
ENSONIG00000038261	10	0	8
ENSONIG00000038262	0	0	0
ENSONIG00000038263	3	0	19
ENSONIG00000038264	7	0	28
ENSONIG00000038265	0	0	0
ENSONIG00000038266	0	0	0
ENSONIG00000038267	0	0	6
ENSONIG00000038268	0	0	1
ENSONIG00000038269	1	1	2
ENSONIG00000038270	0	0	3
ENSONIG00000038271	1	0	0
ENSONIG00000038272	0	0	2
ENSONIG00000038273	0	0	0
ENSONIG00000038274	0	0	1
ENSONIG00000038275	0	2	0
ENSONIG00000038276	0	0	0
ENSONIG00000038277	0	0	0
ENSONIG00000038278	0	0	0
ENSONIG00000038279	0	0	3
ENSONIG00000038280	4	0	3
ENSONIG00000038281	0	1	3
ENSONIG00000038282	0	0	2
ENSONIG00000038283	2	0	3
ENSONIG00000038284	0	0	0
ENSONIG00000038285	0	0	0
ENSONIG00000038286	0	0	2
ENSONIG00000038287	3	2	16
ENSONIG00000038288	0	0	0
ENSONIG00000038289	0	0	5
ENSONIG00000038290	0	0	2
ENSONIG00000038291	1	0	18
ENSONIG00000038292	0	1	20
ENSONIG00000038293	0	0	0
ENSONIG00000038294	0	0	0
ENSONIG00000038295	7	7	8
ENSONIG00000038296	0	0	0
ENSONIG00000038297	1	0	1
ENSONIG00000038298	0	1	0
ENSONIG00000038299	0	0	12
ENSONIG00000038300	0	1	29
ENSONIG00000038301	0	0	13
ENSONIG00000038302	0	0	0
ENSONIG00000038303	0	0	0
ENSONIG00000038304	3	0	3
ENSONIG00000038305	0	0	0
ENSONIG00000038306	0	1	1
ENSONIG00000038307	2	2	9
ENSONIG00000038308	0	0	0
ENSONIG00000038309	0	0	0
ENSONIG00000038310	0	0	0
ENSONIG00000038311	0	0	0
ENSONIG00000038312	0	0	0
ENSONIG00000038313	0	0	0
ENSONIG00000038314	0	0	0
ENSONIG00000038315	0	0	2
ENSONIG00000038316	14	19	220
ENSONIG00000038317	0	0	0
ENSONIG00000038318	0	0	0
ENSONIG00000038319	0	0	0
ENSONIG00000038320	0	0	0
ENSONIG00000038321	5	0	3
ENSONIG00000038322	1	0	0
ENSONIG00000038323	0	0	0
ENSONIG00000038324	2	0	0
ENSONIG00000038325	0	0	2
ENSONIG00000038326	0	0	0
ENSONIG00000038327	5	0	0
ENSONIG00000038328	0	0	0
ENSONIG00000038329	0	0	1
ENSONIG00000038330	0	0	0
ENSONIG00000038331	0	0	0
ENSONIG00000038332	3	5	44
ENSONIG00000038333	0	2	0
ENSONIG00000038334	0	0	0
ENSONIG00000038335	0	0	3
ENSONIG00000038336	0	0	0
ENSONIG00000038337	0	0	4
ENSONIG00000038338	0	0	0
ENSONIG00000038339	0	0	0
ENSONIG00000038340	0	0	0
ENSONIG00000038341	0	0	0
ENSONIG00000038342	0	0	0
ENSONIG00000038343	0	0	2
ENSONIG00000038344	11	8	3
ENSONIG00000038345	0	0	0
ENSONIG00000038346	0	0	0
ENSONIG00000038347	0	0	0
ENSONIG00000038348	0	0	0
ENSONIG00000038349	4	4	0
ENSONIG00000038350	0	0	24
ENSONIG00000038351	0	0	2
ENSONIG00000038352	0	0	0
ENSONIG00000038353	0	0	2
ENSONIG00000038354	0	0	2
ENSONIG00000038355	0	0	0
ENSONIG00000038356	55	1048	712
ENSONIG00000038357	0	0	0
ENSONIG00000038358	3	0	14
ENSONIG00000038359	0	0	0
ENSONIG00000038360	0	0	0
ENSONIG00000038361	0	0	0
ENSONIG00000038362	1	0	0
ENSONIG00000038363	0	4	5
ENSONIG00000038364	0	2	3
ENSONIG00000038365	0	0	0
ENSONIG00000038366	0	0	4
ENSONIG00000038367	0	0	0
ENSONIG00000038368	2	0	1
ENSONIG00000038369	0	2	23
ENSONIG00000038370	0	0	0
ENSONIG00000038371	1	0	0
ENSONIG00000038372	0	0	0
ENSONIG00000038373	0	0	0
ENSONIG00000038374	0	0	0
ENSONIG00000038375	34	7	0
ENSONIG00000038376	0	0	1
ENSONIG00000038377	0	0	0
ENSONIG00000038378	0	0	0
ENSONIG00000038379	0	0	0
ENSONIG00000038380	1	1	0
ENSONIG00000038381	0	0	0
ENSONIG00000038382	0	0	3
ENSONIG00000038383	0	0	0
ENSONIG00000038384	0	0	0
ENSONIG00000038385	3	0	0
ENSONIG00000038386	2	0	2
ENSONIG00000038387	0	0	0
ENSONIG00000038388	0	0	0
ENSONIG00000038389	0	0	0
ENSONIG00000038390	0	0	36
ENSONIG00000038391	0	0	0
ENSONIG00000038392	0	0	0
ENSONIG00000038393	0	0	0
ENSONIG00000038394	0	0	0
ENSONIG00000038395	0	0	0
ENSONIG00000038396	0	1	20
ENSONIG00000038397	0	0	0
ENSONIG00000038398	0	0	0
ENSONIG00000038399	0	0	0
ENSONIG00000038400	0	0	0
ENSONIG00000038401	0	0	0
ENSONIG00000038402	0	0	0
ENSONIG00000038403	0	0	0
ENSONIG00000038404	0	0	0
ENSONIG00000038405	0	0	1
ENSONIG00000038406	2	1	10
ENSONIG00000038407	0	0	0
ENSONIG00000038408	0	0	0
ENSONIG00000038409	0	0	0
ENSONIG00000038410	0	0	0
ENSONIG00000038411	0	0	0
ENSONIG00000038412	0	0	0
ENSONIG00000038413	1	1	32
ENSONIG00000038414	0	0	0
ENSONIG00000038415	0	0	7
ENSONIG00000038416	0	0	0
ENSONIG00000038417	0	0	0
ENSONIG00000038418	0	0	4
ENSONIG00000038419	0	1	1
ENSONIG00000038420	1	1	5
ENSONIG00000038421	3	1	7
ENSONIG00000038422	0	0	0
ENSONIG00000038423	0	0	0
ENSONIG00000038424	0	1	4
ENSONIG00000038425	0	0	0
ENSONIG00000038426	0	0	0
ENSONIG00000038427	0	0	0
ENSONIG00000038428	0	0	0
ENSONIG00000038429	0	0	1
ENSONIG00000038430	0	0	0
ENSONIG00000038431	0	0	0
ENSONIG00000038432	1	1	0
ENSONIG00000038433	0	0	0
ENSONIG00000038434	0	0	0
ENSONIG00000038435	0	0	0
ENSONIG00000038436	0	0	0
ENSONIG00000038437	0	0	0
ENSONIG00000038438	0	0	0
ENSONIG00000038439	0	0	3
ENSONIG00000038440	0	0	0
ENSONIG00000038441	0	0	0
ENSONIG00000038442	4	1	16
ENSONIG00000038443	0	0	0
ENSONIG00000038444	0	0	0
ENSONIG00000038445	0	0	4
ENSONIG00000038446	0	0	0
ENSONIG00000038447	0	0	0
ENSONIG00000038448	0	0	0
ENSONIG00000038449	2	0	0
ENSONIG00000038450	37	9	28
ENSONIG00000038451	0	0	61
ENSONIG00000038452	1	0	36
ENSONIG00000038453	0	0	0
ENSONIG00000038454	0	0	0
ENSONIG00000038455	0	0	0
ENSONIG00000038456	0	0	0
ENSONIG00000038457	32	1	10
ENSONIG00000038458	0	0	1
ENSONIG00000038459	0	0	0
ENSONIG00000038460	0	0	0
ENSONIG00000038461	14	1	18
ENSONIG00000038462	0	0	0
ENSONIG00000038463	0	0	0
ENSONIG00000038464	7	0	0
ENSONIG00000038465	0	0	0
ENSONIG00000038466	0	0	0
ENSONIG00000038467	0	2	0
ENSONIG00000038468	0	0	0
ENSONIG00000038469	1	2	16
ENSONIG00000038470	1	2	6
ENSONIG00000038471	2	0	1
ENSONIG00000038472	1	1	0
ENSONIG00000038473	0	0	0
ENSONIG00000038474	0	0	0
ENSONIG00000038475	5	1	0
ENSONIG00000038476	0	0	1
ENSONIG00000038477	2	3	34
ENSONIG00000038478	0	1	0
ENSONIG00000038479	0	1	1
ENSONIG00000038480	0	0	0
ENSONIG00000038481	15	7	6
ENSONIG00000038482	0	0	0
ENSONIG00000038483	0	0	0
ENSONIG00000038484	0	0	0
ENSONIG00000038485	0	0	0
ENSONIG00000038486	0	0	0
ENSONIG00000038487	0	0	3
ENSONIG00000038488	0	0	0
ENSONIG00000038489	0	0	0
ENSONIG00000038490	0	1	0
ENSONIG00000038491	0	0	0
ENSONIG00000038492	0	0	0
ENSONIG00000038493	0	0	0
ENSONIG00000038494	0	0	0
ENSONIG00000038495	5	8	360
ENSONIG00000038496	0	0	0
ENSONIG00000038497	0	0	0
ENSONIG00000038498	0	0	0
ENSONIG00000038499	149	23	34
ENSONIG00000038500	3	0	17
ENSONIG00000038501	0	0	0
ENSONIG00000038502	0	0	0
ENSONIG00000038503	3	0	0
ENSONIG00000038504	0	0	3
ENSONIG00000038505	0	0	0
ENSONIG00000038506	0	0	0
ENSONIG00000038507	1	1	4
ENSONIG00000038508	0	0	0
ENSONIG00000038509	20	7	263
ENSONIG00000038510	0	0	0
ENSONIG00000038511	2	0	3
ENSONIG00000038512	8	1	0
ENSONIG00000038513	0	0	0
ENSONIG00000038514	0	0	0
ENSONIG00000038515	0	0	2
ENSONIG00000038516	1	1	4
ENSONIG00000038517	0	0	0
ENSONIG00000038518	0	0	2
ENSONIG00000038519	5	18	18
ENSONIG00000038520	10	0	101
ENSONIG00000038521	0	0	0
ENSONIG00000038522	0	0	0
ENSONIG00000038523	1	1	0
ENSONIG00000038524	0	0	0
ENSONIG00000038525	0	0	0
ENSONIG00000038526	0	0	0
ENSONIG00000038527	0	0	20
ENSONIG00000038528	0	0	0
ENSONIG00000038529	0	0	0
ENSONIG00000038530	0	0	0
ENSONIG00000038531	110	92	72
ENSONIG00000038532	0	0	1
ENSONIG00000038533	0	0	0
ENSONIG00000038534	1	0	0
ENSONIG00000038535	3	1	6
ENSONIG00000038536	40	44	60
ENSONIG00000038537	0	0	0
ENSONIG00000038538	0	0	0
ENSONIG00000038539	2	4	56
ENSONIG00000038540	1	0	28
ENSONIG00000038541	1	2	15
ENSONIG00000038542	1	0	3
ENSONIG00000038543	69	276	512
ENSONIG00000038544	0	0	3
ENSONIG00000038545	2	3	0
ENSONIG00000038546	0	0	0
ENSONIG00000038547	1	0	0
ENSONIG00000038548	0	3	11
ENSONIG00000038549	2	0	3
ENSONIG00000038550	0	0	0
ENSONIG00000038551	0	0	6
ENSONIG00000038552	0	0	8
ENSONIG00000038553	1	0	0
ENSONIG00000038554	0	0	0
ENSONIG00000038555	0	0	0
ENSONIG00000038556	4	1	5
ENSONIG00000038557	0	0	0
ENSONIG00000038558	0	0	0
ENSONIG00000038559	1	13	35
ENSONIG00000038560	1	2	16
ENSONIG00000038561	7	4	36
ENSONIG00000038562	0	0	0
ENSONIG00000038563	0	0	0
ENSONIG00000038564	144	586	776
ENSONIG00000038565	4	5	29
ENSONIG00000038566	0	0	0
ENSONIG00000038567	2	0	4
ENSONIG00000038568	0	0	0
ENSONIG00000038569	196	0	83
ENSONIG00000038570	786	52	48
ENSONIG00000038571	0	0	12
ENSONIG00000038572	0	0	7
ENSONIG00000038573	2	0	22
ENSONIG00000038574	0	1	3
ENSONIG00000038575	4	1	5
ENSONIG00000038576	1	1	0
ENSONIG00000038577	1	0	13
ENSONIG00000038578	0	0	3
ENSONIG00000038579	0	0	1
ENSONIG00000038580	0	0	0
ENSONIG00000038581	1	0	7
ENSONIG00000038582	0	0	1
ENSONIG00000038583	0	0	6
ENSONIG00000038584	1	2	0
ENSONIG00000038585	0	0	0
ENSONIG00000038586	0	1	6
ENSONIG00000038587	0	0	4
ENSONIG00000038588	0	0	0
ENSONIG00000038589	1	2	2
ENSONIG00000038590	11	24	64
ENSONIG00000038591	0	0	0
ENSONIG00000038592	0	3	40
ENSONIG00000038593	0	0	0
ENSONIG00000038594	3	0	31
ENSONIG00000038595	0	3	0
ENSONIG00000038596	0	0	0
ENSONIG00000038597	0	0	0
ENSONIG00000038598	0	6	42
ENSONIG00000038599	1	0	0
ENSONIG00000038600	2	1	27
ENSONIG00000038601	0	0	0
ENSONIG00000038602	0	0	0
ENSONIG00000038603	0	0	0
ENSONIG00000038604	0	0	3
ENSONIG00000038605	0	1	1
ENSONIG00000038606	0	0	0
ENSONIG00000038607	5	6	20
ENSONIG00000038608	0	1	2
ENSONIG00000038609	0	0	1
ENSONIG00000038610	0	0	0
ENSONIG00000038611	0	1	0
ENSONIG00000038612	0	0	0
ENSONIG00000038613	0	0	1
ENSONIG00000038614	7	0	3
ENSONIG00000038615	0	0	0
ENSONIG00000038616	0	0	0
ENSONIG00000038617	0	0	0
ENSONIG00000038618	0	0	0
ENSONIG00000038619	0	0	0
ENSONIG00000038620	1	0	3
ENSONIG00000038621	0	0	1
ENSONIG00000038622	0	0	0
ENSONIG00000038623	0	0	0
ENSONIG00000038624	0	0	0
ENSONIG00000038625	0	0	0
ENSONIG00000038626	0	1	1
ENSONIG00000038627	0	0	0
ENSONIG00000038628	0	0	2
ENSONIG00000038629	0	0	0
ENSONIG00000038630	0	0	0
ENSONIG00000038631	0	0	11
ENSONIG00000038632	0	0	0
ENSONIG00000038633	0	0	0
ENSONIG00000038634	5	0	12
ENSONIG00000038635	0	0	0
ENSONIG00000038636	38	2	3
ENSONIG00000038637	0	0	0
ENSONIG00000038638	0	0	0
ENSONIG00000038639	0	0	0
ENSONIG00000038640	0	0	0
ENSONIG00000038641	0	0	0
ENSONIG00000038642	0	0	0
ENSONIG00000038643	2	4	6
ENSONIG00000038644	0	1	0
ENSONIG00000038645	13	1	1
ENSONIG00000038646	0	0	0
ENSONIG00000038647	0	0	0
ENSONIG00000038648	22	0	2
ENSONIG00000038649	0	0	0
ENSONIG00000038650	0	0	0
ENSONIG00000038651	0	0	0
ENSONIG00000038652	0	0	0
ENSONIG00000038653	0	0	0
ENSONIG00000038654	2	0	33
ENSONIG00000038655	0	0	5
ENSONIG00000038656	0	0	2
ENSONIG00000038657	14	1	27
ENSONIG00000038658	0	0	0
ENSONIG00000038659	0	0	0
ENSONIG00000038660	0	0	0
ENSONIG00000038661	2	0	40
ENSONIG00000038662	0	0	13
ENSONIG00000038663	0	0	0
ENSONIG00000038664	0	0	0
ENSONIG00000038665	0	1	0
ENSONIG00000038666	0	0	0
ENSONIG00000038667	0	0	0
ENSONIG00000038668	31	0	19
ENSONIG00000038669	0	0	0
ENSONIG00000038670	0	0	0
ENSONIG00000038671	0	0	1
ENSONIG00000038672	0	0	0
ENSONIG00000038673	0	0	0
ENSONIG00000038674	0	0	0
ENSONIG00000038675	0	0	1
ENSONIG00000038676	0	1	0
ENSONIG00000038677	0	0	0
ENSONIG00000038678	0	0	0
ENSONIG00000038679	0	0	0
ENSONIG00000038680	0	1	15
ENSONIG00000038681	0	0	5
ENSONIG00000038682	0	0	0
ENSONIG00000038683	0	0	0
ENSONIG00000038684	0	0	0
ENSONIG00000038685	1	0	3
ENSONIG00000038686	0	0	0
ENSONIG00000038687	0	3	1
ENSONIG00000038688	0	0	0
ENSONIG00000038689	0	0	0
ENSONIG00000038690	3	0	4
ENSONIG00000038691	0	0	0
ENSONIG00000038692	0	0	0
ENSONIG00000038693	0	0	20
ENSONIG00000038694	0	0	0
ENSONIG00000038695	1	1	0
ENSONIG00000038696	0	0	0
ENSONIG00000038697	1	1	0
ENSONIG00000038698	0	0	4
ENSONIG00000038699	1	0	0
ENSONIG00000038700	2	0	0
ENSONIG00000038701	0	0	0
ENSONIG00000038702	19	1	0
ENSONIG00000038703	5	5	6
ENSONIG00000038704	0	1	0
ENSONIG00000038705	0	0	0
ENSONIG00000038706	0	0	0
ENSONIG00000038707	3	2	3
ENSONIG00000038708	0	0	0
ENSONIG00000038709	5	2	24
ENSONIG00000038710	0	0	0
ENSONIG00000038711	0	0	3
ENSONIG00000038712	0	1	17
ENSONIG00000038713	0	0	0
ENSONIG00000038714	0	3	11
ENSONIG00000038715	1	0	0
ENSONIG00000038716	1	0	0
ENSONIG00000038717	1	0	0
ENSONIG00000038718	0	0	0
ENSONIG00000038719	0	0	0
ENSONIG00000038720	0	0	1
ENSONIG00000038721	0	0	0
ENSONIG00000038722	0	0	0
ENSONIG00000038723	10	1	28
ENSONIG00000038724	0	0	0
ENSONIG00000038725	0	0	0
ENSONIG00000038726	0	0	0
ENSONIG00000038727	9	0	0
ENSONIG00000038728	0	0	2
ENSONIG00000038729	1	0	0
ENSONIG00000038730	0	0	5
ENSONIG00000038731	0	4	22
ENSONIG00000038732	0	0	3
ENSONIG00000038733	3	2	13
ENSONIG00000038734	6	0	0
ENSONIG00000038735	0	0	0
ENSONIG00000038736	30	17	20
ENSONIG00000038737	0	0	0
ENSONIG00000038738	0	0	0
ENSONIG00000038739	0	0	3
ENSONIG00000038740	0	0	0
ENSONIG00000038741	0	0	0
ENSONIG00000038742	0	0	0
ENSONIG00000038743	0	0	1
ENSONIG00000038744	2	1	13
ENSONIG00000038745	0	0	1
ENSONIG00000038746	19	15	35
ENSONIG00000038747	0	0	0
ENSONIG00000038748	0	0	0
ENSONIG00000038749	0	0	1
ENSONIG00000038750	0	0	0
ENSONIG00000038751	0	0	62
ENSONIG00000038752	0	0	0
ENSONIG00000038753	0	0	0
ENSONIG00000038754	0	0	0
ENSONIG00000038755	0	0	0
ENSONIG00000038756	1	0	0
ENSONIG00000038757	3	0	27
ENSONIG00000038758	1	0	4
ENSONIG00000038759	0	0	0
ENSONIG00000038760	0	0	0
ENSONIG00000038761	0	0	0
ENSONIG00000038762	0	0	0
ENSONIG00000038763	15	2	16
ENSONIG00000038764	0	0	0
ENSONIG00000038765	0	0	0
ENSONIG00000038766	0	0	0
ENSONIG00000038767	0	0	0
ENSONIG00000038768	0	0	0
ENSONIG00000038769	1	0	5
ENSONIG00000038770	0	0	0
ENSONIG00000038771	0	0	4
ENSONIG00000038772	0	8	146
ENSONIG00000038773	1	4	7
ENSONIG00000038774	0	0	6
ENSONIG00000038775	91	22	63
ENSONIG00000038776	0	0	0
ENSONIG00000038777	0	0	1
ENSONIG00000038778	488	368	344
ENSONIG00000038779	0	0	0
ENSONIG00000038780	0	0	0
ENSONIG00000038781	0	0	0
ENSONIG00000038782	12	4	16
ENSONIG00000038783	0	0	0
ENSONIG00000038784	0	0	2
ENSONIG00000038785	0	0	0
ENSONIG00000038786	0	2	7
ENSONIG00000038787	0	0	3
ENSONIG00000038788	0	0	0
ENSONIG00000038789	0	0	0
ENSONIG00000038790	0	0	1
ENSONIG00000038791	3	4	27
ENSONIG00000038792	0	0	0
ENSONIG00000038793	0	0	0
ENSONIG00000038794	8	5	44
ENSONIG00000038795	0	0	0
ENSONIG00000038796	0	0	0
ENSONIG00000038797	0	3	0
ENSONIG00000038798	0	1	0
ENSONIG00000038799	1	1	7
ENSONIG00000038800	0	0	1
ENSONIG00000038801	7	0	0
ENSONIG00000038802	0	0	5
ENSONIG00000038803	2	2	68
ENSONIG00000038804	0	0	0
ENSONIG00000038805	0	0	0
ENSONIG00000038806	0	0	0
ENSONIG00000038807	9	1	1
ENSONIG00000038808	0	0	0
ENSONIG00000038809	0	5	8
ENSONIG00000038810	0	0	0
ENSONIG00000038811	0	0	44
ENSONIG00000038812	0	0	0
ENSONIG00000038813	0	0	0
ENSONIG00000038814	0	0	0
ENSONIG00000038815	0	0	0
ENSONIG00000038816	0	0	0
ENSONIG00000038817	0	1	0
ENSONIG00000038818	0	0	0
ENSONIG00000038819	0	0	0
ENSONIG00000038820	4	0	0
ENSONIG00000038821	0	0	0
ENSONIG00000038822	0	0	0
ENSONIG00000038823	0	1	1
ENSONIG00000038824	0	0	0
ENSONIG00000038825	433	356	453
ENSONIG00000038826	0	0	0
ENSONIG00000038827	0	0	0
ENSONIG00000038828	1	2	278
ENSONIG00000038829	2	0	7
ENSONIG00000038830	0	0	0
ENSONIG00000038831	0	0	0
ENSONIG00000038832	1	2	0
ENSONIG00000038833	2	2	19
ENSONIG00000038834	0	0	0
ENSONIG00000038835	0	0	0
ENSONIG00000038836	0	0	1
ENSONIG00000038837	0	0	0
ENSONIG00000038838	1	0	1
ENSONIG00000038839	0	0	0
ENSONIG00000038840	0	0	6
ENSONIG00000038841	0	0	0
ENSONIG00000038842	0	0	0
ENSONIG00000038843	0	0	1
ENSONIG00000038844	1	2	6
ENSONIG00000038845	0	0	0
ENSONIG00000038846	0	0	0
ENSONIG00000038847	0	0	0
ENSONIG00000038848	0	0	0
ENSONIG00000038849	3	1	4
ENSONIG00000038850	0	0	4
ENSONIG00000038851	0	0	0
ENSONIG00000038852	0	0	0
ENSONIG00000038853	1	3	15
ENSONIG00000038854	1	0	16
ENSONIG00000038855	0	0	0
ENSONIG00000038856	0	0	0
ENSONIG00000038857	0	1	0
ENSONIG00000038858	2	0	11
ENSONIG00000038859	0	0	0
ENSONIG00000038860	0	0	0
ENSONIG00000038861	0	6	16
ENSONIG00000038862	0	1	0
ENSONIG00000038863	0	0	0
ENSONIG00000038864	3	3	28
ENSONIG00000038865	0	0	0
ENSONIG00000038866	0	0	0
ENSONIG00000038867	24	4	2
ENSONIG00000038868	20	5	10
ENSONIG00000038869	1	0	0
ENSONIG00000038870	402	23	80
ENSONIG00000038871	3	4	12
ENSONIG00000038872	0	0	0
ENSONIG00000038873	0	0	0
ENSONIG00000038874	0	0	0
ENSONIG00000038875	0	0	0
ENSONIG00000038876	0	0	0
ENSONIG00000038877	1	1	1
ENSONIG00000038878	0	0	0
ENSONIG00000038879	0	0	0
ENSONIG00000038880	0	1	1
ENSONIG00000038881	0	0	5
ENSONIG00000038882	0	0	0
ENSONIG00000038883	0	0	0
ENSONIG00000038884	0	0	0
ENSONIG00000038885	3601	3076	6754
ENSONIG00000038886	0	0	0
ENSONIG00000038887	1	0	1
ENSONIG00000038888	0	0	0
ENSONIG00000038889	0	0	0
ENSONIG00000038890	0	0	55
ENSONIG00000038891	1	2	10
ENSONIG00000038892	0	0	0
ENSONIG00000038893	0	0	0
ENSONIG00000038894	0	0	0
ENSONIG00000038895	0	0	0
ENSONIG00000038896	0	0	0
ENSONIG00000038897	0	0	0
ENSONIG00000038898	0	0	0
ENSONIG00000038899	5	1	47
ENSONIG00000038900	0	0	35
ENSONIG00000038901	0	0	2
ENSONIG00000038902	1	1	1
ENSONIG00000038903	0	1	0
ENSONIG00000038904	4	1	3
ENSONIG00000038905	0	0	0
ENSONIG00000038906	0	0	6
ENSONIG00000038907	0	0	0
ENSONIG00000038908	9	5	75
ENSONIG00000038909	0	0	0
ENSONIG00000038910	0	0	0
ENSONIG00000038911	0	1	48
ENSONIG00000038912	0	0	0
ENSONIG00000038913	0	0	2
ENSONIG00000038914	0	0	1
ENSONIG00000038915	7	5	34
ENSONIG00000038916	0	0	0
ENSONIG00000038917	0	0	0
ENSONIG00000038918	0	0	0
ENSONIG00000038919	51	8	18
ENSONIG00000038920	0	0	0
ENSONIG00000038921	0	0	0
ENSONIG00000038922	1	0	2
ENSONIG00000038923	0	0	0
ENSONIG00000038924	0	0	0
ENSONIG00000038925	934	124	76
ENSONIG00000038926	1	0	0
ENSONIG00000038927	0	0	0
ENSONIG00000038928	3	6	3
ENSONIG00000038929	0	0	0
ENSONIG00000038930	0	0	9
ENSONIG00000038931	1	0	3
ENSONIG00000038932	0	0	2
ENSONIG00000038933	0	0	0
ENSONIG00000038934	0	0	3
ENSONIG00000038935	0	0	0
ENSONIG00000038936	0	0	10
ENSONIG00000038937	0	0	2
ENSONIG00000038938	0	14	2
ENSONIG00000038939	4	22	56
ENSONIG00000038940	0	0	0
ENSONIG00000038941	0	0	0
ENSONIG00000038942	0	0	0
ENSONIG00000038943	0	1	0
ENSONIG00000038944	0	0	0
ENSONIG00000038945	0	0	0
ENSONIG00000038946	0	0	0
ENSONIG00000038947	1	0	75
ENSONIG00000038948	22	68	115
ENSONIG00000038949	12	0	33
ENSONIG00000038950	0	0	0
ENSONIG00000038951	1	1	13
ENSONIG00000038952	0	0	0
ENSONIG00000038953	0	0	0
ENSONIG00000038954	0	0	0
ENSONIG00000038955	0	0	0
ENSONIG00000038956	2	1	9
ENSONIG00000038957	0	1	1
ENSONIG00000038958	5	0	0
ENSONIG00000038959	0	0	0
ENSONIG00000038960	1	0	46
ENSONIG00000038961	0	0	0
ENSONIG00000038962	0	0	0
ENSONIG00000038963	0	0	0
ENSONIG00000038964	0	0	0
ENSONIG00000038965	0	0	4
ENSONIG00000038966	0	0	2
ENSONIG00000038967	0	0	0
ENSONIG00000038968	0	0	0
ENSONIG00000038969	0	0	0
ENSONIG00000038970	0	0	0
ENSONIG00000038971	1	0	0
ENSONIG00000038972	0	4	14
ENSONIG00000038973	18	1	15
ENSONIG00000038974	0	0	0
ENSONIG00000038975	0	0	0
ENSONIG00000038976	0	0	0
ENSONIG00000038977	0	0	0
ENSONIG00000038978	0	0	23
ENSONIG00000038979	13	0	5
ENSONIG00000038980	0	0	0
ENSONIG00000038981	0	0	0
ENSONIG00000038982	0	0	0
ENSONIG00000038983	0	0	0
ENSONIG00000038984	4	2	1
ENSONIG00000038985	251	12	5
ENSONIG00000038986	0	0	0
ENSONIG00000038987	0	0	0
ENSONIG00000038988	0	0	0
ENSONIG00000038989	0	0	1
ENSONIG00000038990	0	0	1
ENSONIG00000038991	6	0	0
ENSONIG00000038992	2	1	0
ENSONIG00000038993	12	0	5
ENSONIG00000038994	1	0	3
ENSONIG00000038995	3	3	4
ENSONIG00000038996	0	0	0
ENSONIG00000038997	22	2	3
ENSONIG00000038998	1	2	98
ENSONIG00000038999	0	0	0
ENSONIG00000039000	0	0	3
ENSONIG00000039001	21	1	10
ENSONIG00000039002	11	9	3
ENSONIG00000039003	0	0	0
ENSONIG00000039004	1	9	3
ENSONIG00000039005	0	0	0
ENSONIG00000039006	0	0	1
ENSONIG00000039007	0	0	0
ENSONIG00000039008	0	0	3
ENSONIG00000039009	0	0	0
ENSONIG00000039010	1	3	0
ENSONIG00000039011	0	0	0
ENSONIG00000039012	0	1	8
ENSONIG00000039013	2	6	22
ENSONIG00000039014	0	0	0
ENSONIG00000039015	0	2	3
ENSONIG00000039016	5	2	128
ENSONIG00000039017	3	5	7
ENSONIG00000039018	137	11	4
ENSONIG00000039019	0	0	0
ENSONIG00000039020	0	0	0
ENSONIG00000039021	0	0	0
ENSONIG00000039022	0	0	7
ENSONIG00000039023	16	8	59
ENSONIG00000039024	0	1	1
ENSONIG00000039025	1	0	3
ENSONIG00000039026	1	0	0
ENSONIG00000039027	0	0	0
ENSONIG00000039028	2	3	19
ENSONIG00000039029	0	0	0
ENSONIG00000039030	0	1	3
ENSONIG00000039031	0	0	0
ENSONIG00000039032	0	0	0
ENSONIG00000039033	0	0	0
ENSONIG00000039034	47	90	3780
ENSONIG00000039035	0	0	0
ENSONIG00000039036	0	0	0
ENSONIG00000039037	0	0	0
ENSONIG00000039038	0	0	0
ENSONIG00000039039	0	0	0
ENSONIG00000039040	3	4	26
ENSONIG00000039041	0	0	0
ENSONIG00000039042	0	0	0
ENSONIG00000039043	1	1	2
ENSONIG00000039044	3	0	4
ENSONIG00000039045	0	3	35
ENSONIG00000039046	0	0	0
ENSONIG00000039047	0	0	47
ENSONIG00000039048	0	1	5
ENSONIG00000039049	0	0	0
ENSONIG00000039050	0	2	0
ENSONIG00000039051	0	0	0
ENSONIG00000039052	0	0	0
ENSONIG00000039053	0	0	0
ENSONIG00000039054	0	0	1
ENSONIG00000039055	0	0	1
ENSONIG00000039056	0	0	0
ENSONIG00000039057	0	0	0
ENSONIG00000039058	0	0	0
ENSONIG00000039059	0	0	0
ENSONIG00000039060	0	0	0
ENSONIG00000039061	0	0	0
ENSONIG00000039062	0	0	0
ENSONIG00000039063	0	0	0
ENSONIG00000039064	0	0	0
ENSONIG00000039065	0	0	0
ENSONIG00000039066	0	0	0
ENSONIG00000039067	2	6	20
ENSONIG00000039068	1	4	24
ENSONIG00000039069	4	0	7
ENSONIG00000039070	0	0	0
ENSONIG00000039071	0	0	1
ENSONIG00000039072	6	1	0
ENSONIG00000039073	0	0	0
ENSONIG00000039074	39	37	41
ENSONIG00000039075	0	1	3
ENSONIG00000039076	0	0	0
ENSONIG00000039077	0	0	0
ENSONIG00000039078	0	0	0
ENSONIG00000039079	0	0	2
ENSONIG00000039080	9	0	0
ENSONIG00000039081	0	0	3
ENSONIG00000039082	7	0	13
ENSONIG00000039083	0	0	0
ENSONIG00000039084	1	0	0
ENSONIG00000039085	0	0	0
ENSONIG00000039086	1	8	2
ENSONIG00000039087	0	0	0
ENSONIG00000039088	0	0	0
ENSONIG00000039089	0	0	6
ENSONIG00000039090	0	0	2
ENSONIG00000039091	0	0	0
ENSONIG00000039092	0	0	0
ENSONIG00000039093	0	0	0
ENSONIG00000039094	0	0	0
ENSONIG00000039095	0	0	0
ENSONIG00000039096	0	1	30
ENSONIG00000039097	0	0	0
ENSONIG00000039098	0	0	0
ENSONIG00000039099	0	0	0
ENSONIG00000039100	0	0	0
ENSONIG00000039101	0	0	0
ENSONIG00000039102	0	0	5
ENSONIG00000039103	1	0	1
ENSONIG00000039104	5	16	7
ENSONIG00000039105	2	1	15
ENSONIG00000039106	0	3	20
ENSONIG00000039107	0	0	0
ENSONIG00000039108	1	2	3
ENSONIG00000039109	0	2	0
ENSONIG00000039110	0	0	0
ENSONIG00000039111	0	0	0
ENSONIG00000039112	10	10	116
ENSONIG00000039113	0	0	0
ENSONIG00000039114	0	0	0
ENSONIG00000039115	0	0	0
ENSONIG00000039116	0	0	0
ENSONIG00000039117	0	0	0
ENSONIG00000039118	0	0	1
ENSONIG00000039119	0	0	0
ENSONIG00000039120	0	0	0
ENSONIG00000039121	0	0	0
ENSONIG00000039122	0	0	0
ENSONIG00000039123	0	0	0
ENSONIG00000039124	0	64	8
ENSONIG00000039125	4	1	36
ENSONIG00000039126	4	0	1
ENSONIG00000039127	0	0	1
ENSONIG00000039128	4	1	2
ENSONIG00000039129	0	0	0
ENSONIG00000039130	0	0	0
ENSONIG00000039131	0	0	2
ENSONIG00000039132	1	0	0
ENSONIG00000039133	0	0	0
ENSONIG00000039134	0	0	0
ENSONIG00000039135	0	3	0
ENSONIG00000039136	1	0	0
ENSONIG00000039137	0	0	0
ENSONIG00000039138	0	0	0
ENSONIG00000039139	4	5	11
ENSONIG00000039140	0	0	0
ENSONIG00000039141	0	0	0
ENSONIG00000039142	2	3	34
ENSONIG00000039143	0	0	1
ENSONIG00000039144	3	1	36
ENSONIG00000039145	0	0	0
ENSONIG00000039146	0	0	0
ENSONIG00000039147	0	0	0
ENSONIG00000039148	0	0	0
ENSONIG00000039149	6	6	159
ENSONIG00000039150	0	0	0
ENSONIG00000039151	0	0	0
ENSONIG00000039152	1	0	0
ENSONIG00000039153	0	0	0
ENSONIG00000039154	8	2	113
ENSONIG00000039155	0	0	0
ENSONIG00000039156	0	0	0
ENSONIG00000039157	0	0	0
ENSONIG00000039158	0	0	0
ENSONIG00000039159	0	0	0
ENSONIG00000039160	4	1	5
ENSONIG00000039161	0	0	0
ENSONIG00000039162	1	0	7
ENSONIG00000039163	0	0	0
ENSONIG00000039164	0	0	0
ENSONIG00000039165	0	0	0
ENSONIG00000039166	74	295	507
ENSONIG00000039167	1	0	1
ENSONIG00000039168	0	0	0
ENSONIG00000039169	0	0	0
ENSONIG00000039170	2	0	0
ENSONIG00000039171	3	3	3
ENSONIG00000039172	0	0	1
ENSONIG00000039173	1	0	2
ENSONIG00000039174	2	0	1
ENSONIG00000039175	0	0	0
ENSONIG00000039176	0	1	4
ENSONIG00000039177	0	2	0
ENSONIG00000039178	1	0	3
ENSONIG00000039179	0	0	0
ENSONIG00000039180	0	0	3
ENSONIG00000039181	14	2	26
ENSONIG00000039182	1	0	0
ENSONIG00000039183	0	0	1
ENSONIG00000039184	0	0	0
ENSONIG00000039185	2	1	10
ENSONIG00000039186	0	0	0
ENSONIG00000039187	2	0	0
ENSONIG00000039188	0	0	0
ENSONIG00000039189	0	0	0
ENSONIG00000039190	3	0	28
ENSONIG00000039191	5	5	2
ENSONIG00000039192	0	0	0
ENSONIG00000039193	0	3	7
ENSONIG00000039194	0	0	0
ENSONIG00000039195	0	0	0
ENSONIG00000039196	2	0	0
ENSONIG00000039197	0	0	0
ENSONIG00000039198	0	0	0
ENSONIG00000039199	0	0	1
ENSONIG00000039200	2	2	131
ENSONIG00000039201	0	0	0
ENSONIG00000039202	0	0	0
ENSONIG00000039203	0	0	0
ENSONIG00000039204	0	0	0
ENSONIG00000039205	0	2	3
ENSONIG00000039206	0	0	0
ENSONIG00000039207	2	4	26
ENSONIG00000039208	4	0	1
ENSONIG00000039209	0	0	0
ENSONIG00000039210	0	0	0
ENSONIG00000039211	0	0	0
ENSONIG00000039212	0	0	0
ENSONIG00000039213	0	0	0
ENSONIG00000039214	0	0	0
ENSONIG00000039215	0	0	0
ENSONIG00000039216	0	0	0
ENSONIG00000039217	0	1	15
ENSONIG00000039218	0	0	0
ENSONIG00000039219	0	0	1
ENSONIG00000039220	0	6	44
ENSONIG00000039221	0	0	0
ENSONIG00000039222	8	4	13
ENSONIG00000039223	0	0	1
ENSONIG00000039224	0	0	1
ENSONIG00000039225	0	0	19
ENSONIG00000039226	0	0	0
ENSONIG00000039227	28	5	59
ENSONIG00000039228	2	0	0
ENSONIG00000039229	0	0	2
ENSONIG00000039230	1	1	11
ENSONIG00000039231	0	0	0
ENSONIG00000039232	0	0	0
ENSONIG00000039233	0	0	0
ENSONIG00000039234	2	0	24
ENSONIG00000039235	0	0	0
ENSONIG00000039236	0	0	0
ENSONIG00000039237	0	0	0
ENSONIG00000039238	11	2	33
ENSONIG00000039239	0	0	0
ENSONIG00000039240	0	2	8
ENSONIG00000039241	0	0	0
ENSONIG00000039242	2	0	0
ENSONIG00000039243	56	28	37
ENSONIG00000039244	0	0	0
ENSONIG00000039245	1	0	0
ENSONIG00000039246	0	0	0
ENSONIG00000039247	0	0	0
ENSONIG00000039248	0	0	0
ENSONIG00000039249	1	0	0
ENSONIG00000039250	0	0	0
ENSONIG00000039251	0	0	0
ENSONIG00000039252	0	0	10
ENSONIG00000039253	0	0	0
ENSONIG00000039254	0	1	1
ENSONIG00000039255	0	0	2
ENSONIG00000039256	0	0	1
ENSONIG00000039257	0	0	0
ENSONIG00000039258	15	7	46
ENSONIG00000039259	18	2	2
ENSONIG00000039260	0	0	0
ENSONIG00000039261	0	0	0
ENSONIG00000039262	0	2	96
ENSONIG00000039263	0	0	0
ENSONIG00000039264	0	0	0
ENSONIG00000039265	0	0	1
ENSONIG00000039266	0	1	0
ENSONIG00000039267	0	0	1
ENSONIG00000039268	0	0	0
ENSONIG00000039269	0	0	0
ENSONIG00000039270	0	0	0
ENSONIG00000039271	0	0	0
ENSONIG00000039272	0	0	0
ENSONIG00000039273	1	1	0
ENSONIG00000039274	1	1	14
ENSONIG00000039275	0	0	1
ENSONIG00000039276	0	0	0
ENSONIG00000039277	0	0	0
ENSONIG00000039278	0	0	0
ENSONIG00000039279	0	0	0
ENSONIG00000039280	0	0	0
ENSONIG00000039281	15	5	6
ENSONIG00000039282	0	0	0
ENSONIG00000039283	0	0	54
ENSONIG00000039284	1	0	0
ENSONIG00000039285	0	0	0
ENSONIG00000039286	6	4	72
ENSONIG00000039287	0	0	0
ENSONIG00000039288	0	0	0
ENSONIG00000039289	0	0	0
ENSONIG00000039290	0	0	0
ENSONIG00000039291	5	2	3
ENSONIG00000039292	0	0	0
ENSONIG00000039293	0	0	0
ENSONIG00000039294	0	0	3
ENSONIG00000039295	0	1	0
ENSONIG00000039296	0	0	0
ENSONIG00000039297	15	30	39
ENSONIG00000039298	0	2	4
ENSONIG00000039299	13	0	1
ENSONIG00000039300	9	2	93
ENSONIG00000039301	0	0	0
ENSONIG00000039302	0	2	5
ENSONIG00000039303	0	0	1
ENSONIG00000039304	0	0	0
ENSONIG00000039305	1	0	4
ENSONIG00000039306	0	0	1
ENSONIG00000039307	0	0	0
ENSONIG00000039308	0	0	0
ENSONIG00000039309	0	0	0
ENSONIG00000039310	0	0	0
ENSONIG00000039311	0	0	0
ENSONIG00000039312	0	0	0
ENSONIG00000039313	0	0	0
ENSONIG00000039314	0	0	0
ENSONIG00000039315	0	0	0
ENSONIG00000039316	1	5	13
ENSONIG00000039317	0	0	0
ENSONIG00000039318	0	0	0
ENSONIG00000039319	5	0	0
ENSONIG00000039320	0	0	0
ENSONIG00000039321	0	0	0
ENSONIG00000039322	1	0	1
ENSONIG00000039323	0	0	0
ENSONIG00000039324	0	0	0
ENSONIG00000039325	0	0	0
ENSONIG00000039326	0	2	12
ENSONIG00000039327	0	0	0
ENSONIG00000039328	0	10	49
ENSONIG00000039329	5	0	0
ENSONIG00000039330	0	0	0
ENSONIG00000039331	0	0	0
ENSONIG00000039332	0	0	0
ENSONIG00000039333	0	0	0
ENSONIG00000039334	1	0	4
ENSONIG00000039335	0	0	0
ENSONIG00000039336	0	0	3
ENSONIG00000039337	0	4	3
ENSONIG00000039338	0	0	0
ENSONIG00000039339	0	0	0
ENSONIG00000039340	0	1	0
ENSONIG00000039341	0	0	0
ENSONIG00000039342	0	0	0
ENSONIG00000039343	0	1	7
ENSONIG00000039344	0	0	0
ENSONIG00000039345	0	0	0
ENSONIG00000039346	0	0	0
ENSONIG00000039347	0	0	0
ENSONIG00000039348	0	0	0
ENSONIG00000039349	0	0	0
ENSONIG00000039350	0	0	0
ENSONIG00000039351	5	14	27
ENSONIG00000039352	0	0	0
ENSONIG00000039353	0	0	0
ENSONIG00000039354	0	0	0
ENSONIG00000039355	0	0	0
ENSONIG00000039356	0	0	0
ENSONIG00000039357	1	0	8
ENSONIG00000039358	0	0	0
ENSONIG00000039359	0	0	0
ENSONIG00000039360	0	0	0
ENSONIG00000039361	0	0	0
ENSONIG00000039362	0	0	18
ENSONIG00000039363	3	0	1
ENSONIG00000039364	2	1	0
ENSONIG00000039365	1	0	9
ENSONIG00000039366	0	0	1
ENSONIG00000039367	0	0	0
ENSONIG00000039368	0	0	9
ENSONIG00000039369	0	0	0
ENSONIG00000039370	0	0	0
ENSONIG00000039371	0	0	7
ENSONIG00000039372	0	0	0
ENSONIG00000039373	0	0	0
ENSONIG00000039374	3	4	48
ENSONIG00000039375	5	0	10
ENSONIG00000039376	1	0	8
ENSONIG00000039377	0	0	0
ENSONIG00000039378	0	0	0
ENSONIG00000039379	0	0	0
ENSONIG00000039380	10	6	55
ENSONIG00000039381	1	0	0
ENSONIG00000039382	0	12	9
ENSONIG00000039383	2	0	2
ENSONIG00000039384	6	89	77
ENSONIG00000039385	0	0	0
ENSONIG00000039386	0	0	0
ENSONIG00000039387	0	0	0
ENSONIG00000039388	0	0	0
ENSONIG00000039389	0	0	0
ENSONIG00000039390	0	0	0
ENSONIG00000039391	0	0	0
ENSONIG00000039392	5	0	67
ENSONIG00000039393	0	0	0
ENSONIG00000039394	0	0	0
ENSONIG00000039395	0	0	0
ENSONIG00000039396	0	0	0
ENSONIG00000039397	0	0	0
ENSONIG00000039398	0	0	0
ENSONIG00000039399	0	2	0
ENSONIG00000039400	0	0	0
ENSONIG00000039401	0	0	0
ENSONIG00000039402	0	0	31
ENSONIG00000039403	0	0	0
ENSONIG00000039404	158	3211	124086
ENSONIG00000039405	3	0	0
ENSONIG00000039406	31	5	10
ENSONIG00000039407	0	0	0
ENSONIG00000039408	7	0	0
ENSONIG00000039409	0	0	0
ENSONIG00000039410	0	0	0
ENSONIG00000039411	13	2	14
ENSONIG00000039412	1	0	2
ENSONIG00000039413	0	0	1
ENSONIG00000039414	0	0	0
ENSONIG00000039415	12	0	5
ENSONIG00000039416	0	0	0
ENSONIG00000039417	0	0	2
ENSONIG00000039418	0	0	2
ENSONIG00000039419	0	0	0
ENSONIG00000039420	0	0	0
ENSONIG00000039421	0	0	3
ENSONIG00000039422	0	0	0
ENSONIG00000039423	0	0	0
ENSONIG00000039424	0	0	0
ENSONIG00000039425	0	0	0
ENSONIG00000039426	0	3	24
ENSONIG00000039427	3	0	1
ENSONIG00000039428	0	0	3
ENSONIG00000039429	0	0	0
ENSONIG00000039430	0	0	0
ENSONIG00000039431	0	0	0
ENSONIG00000039432	0	0	1
ENSONIG00000039433	0	0	0
ENSONIG00000039434	0	0	0
ENSONIG00000039435	1	1	0
ENSONIG00000039436	29	9	8
ENSONIG00000039437	0	0	0
ENSONIG00000039438	0	0	0
ENSONIG00000039439	0	0	0
ENSONIG00000039440	1	1	1
ENSONIG00000039441	2	2	0
ENSONIG00000039442	0	0	0
ENSONIG00000039443	4	0	0
ENSONIG00000039444	0	0	0
ENSONIG00000039445	0	0	0
ENSONIG00000039446	0	0	0
ENSONIG00000039447	0	1	0
ENSONIG00000039448	0	0	21
ENSONIG00000039449	0	0	0
ENSONIG00000039450	34	18	1
ENSONIG00000039451	0	0	0
ENSONIG00000039452	0	0	0
ENSONIG00000039453	0	0	0
ENSONIG00000039454	5	1	3
ENSONIG00000039455	6	10	4
ENSONIG00000039456	0	0	0
ENSONIG00000039457	42	0	2
ENSONIG00000039458	0	0	2
ENSONIG00000039459	8	33	107
ENSONIG00000039460	0	0	0
ENSONIG00000039461	0	0	0
ENSONIG00000039462	0	0	0
ENSONIG00000039463	2	5	58
ENSONIG00000039464	0	0	0
ENSONIG00000039465	0	0	1
ENSONIG00000039466	0	0	0
ENSONIG00000039467	0	0	0
ENSONIG00000039468	1	0	11
ENSONIG00000039469	0	0	0
ENSONIG00000039470	0	0	0
ENSONIG00000039471	2	0	0
ENSONIG00000039472	1	2	36
ENSONIG00000039473	4	11	17
ENSONIG00000039474	0	1	0
ENSONIG00000039475	4	0	1
ENSONIG00000039476	1	0	0
ENSONIG00000039477	0	0	0
ENSONIG00000039478	1	0	0
ENSONIG00000039479	0	0	0
ENSONIG00000039480	0	0	1
ENSONIG00000039481	3	0	0
ENSONIG00000039482	0	0	1
ENSONIG00000039483	0	0	0
ENSONIG00000039484	0	0	0
ENSONIG00000039485	0	0	1
ENSONIG00000039486	0	0	0
ENSONIG00000039487	7	4	2
ENSONIG00000039488	0	0	0
ENSONIG00000039489	0	0	0
ENSONIG00000039490	0	0	29
ENSONIG00000039491	0	0	0
ENSONIG00000039492	0	0	4
ENSONIG00000039493	0	0	0
ENSONIG00000039494	1	5	40
ENSONIG00000039495	0	0	5
ENSONIG00000039496	0	1	12
ENSONIG00000039497	0	0	0
ENSONIG00000039498	0	0	0
ENSONIG00000039499	0	0	0
ENSONIG00000039500	1	3	15
ENSONIG00000039501	4	14	26
ENSONIG00000039502	0	0	0
ENSONIG00000039503	0	0	4
ENSONIG00000039504	0	1	7
ENSONIG00000039505	2	1	28
ENSONIG00000039506	4	62	462
ENSONIG00000039507	0	0	0
ENSONIG00000039508	0	0	1
ENSONIG00000039509	24	53	567
ENSONIG00000039510	0	0	0
ENSONIG00000039511	0	0	0
ENSONIG00000039512	0	0	5
ENSONIG00000039513	0	1	0
ENSONIG00000039514	0	0	0
ENSONIG00000039515	0	0	0
ENSONIG00000039516	0	0	0
ENSONIG00000039517	10	3	68
ENSONIG00000039518	0	0	0
ENSONIG00000039519	0	5	50
ENSONIG00000039520	0	0	0
ENSONIG00000039521	0	0	1
ENSONIG00000039522	0	0	0
ENSONIG00000039523	0	0	0
ENSONIG00000039524	0	0	0
ENSONIG00000039525	0	0	0
ENSONIG00000039526	0	2	5
ENSONIG00000039527	1	0	0
ENSONIG00000039528	1	0	0
ENSONIG00000039529	2	0	0
ENSONIG00000039530	0	0	0
ENSONIG00000039531	0	0	0
ENSONIG00000039532	0	0	0
ENSONIG00000039533	0	2	10
ENSONIG00000039534	0	0	0
ENSONIG00000039535	0	1	0
ENSONIG00000039536	0	0	0
ENSONIG00000039537	0	11	69
ENSONIG00000039538	0	0	0
ENSONIG00000039539	13	1	74
ENSONIG00000039540	0	0	1
ENSONIG00000039541	0	0	0
ENSONIG00000039542	0	0	0
ENSONIG00000039543	4	0	12
ENSONIG00000039544	2	0	2
ENSONIG00000039545	0	0	0
ENSONIG00000039546	0	2	0
ENSONIG00000039547	0	1	24
ENSONIG00000039548	0	0	0
ENSONIG00000039549	96	28	131
ENSONIG00000039550	0	0	0
ENSONIG00000039551	2	1	1
ENSONIG00000039552	1	1	59
ENSONIG00000039553	0	0	0
ENSONIG00000039554	19	4	6
ENSONIG00000039555	0	0	0
ENSONIG00000039556	0	0	0
ENSONIG00000039557	0	0	1
ENSONIG00000039558	0	0	0
ENSONIG00000039559	1	7	31
ENSONIG00000039560	0	0	0
ENSONIG00000039561	0	0	0
ENSONIG00000039562	0	0	1
ENSONIG00000039563	0	0	0
ENSONIG00000039564	0	0	0
ENSONIG00000039565	3	0	2
ENSONIG00000039566	0	1	0
ENSONIG00000039567	0	0	0
ENSONIG00000039568	4	1	164
ENSONIG00000039569	89	4	25
ENSONIG00000039570	0	0	1
ENSONIG00000039571	0	0	0
ENSONIG00000039572	0	0	0
ENSONIG00000039573	0	0	0
ENSONIG00000039574	0	0	0
ENSONIG00000039575	0	0	0
ENSONIG00000039576	0	0	0
ENSONIG00000039577	0	0	0
ENSONIG00000039578	0	0	0
ENSONIG00000039579	0	0	0
ENSONIG00000039580	0	0	0
ENSONIG00000039581	0	0	0
ENSONIG00000039582	0	0	0
ENSONIG00000039583	0	0	0
ENSONIG00000039584	0	0	0
ENSONIG00000039585	0	0	55
ENSONIG00000039586	0	0	0
ENSONIG00000039587	0	0	0
ENSONIG00000039588	0	0	0
ENSONIG00000039589	0	0	0
ENSONIG00000039590	0	0	0
ENSONIG00000039591	0	0	1
ENSONIG00000039592	0	0	0
ENSONIG00000039593	1	1	0
ENSONIG00000039594	0	0	0
ENSONIG00000039595	0	0	0
ENSONIG00000039596	1	0	0
ENSONIG00000039597	0	0	1
ENSONIG00000039598	7	21	0
ENSONIG00000039599	0	0	0
ENSONIG00000039600	0	0	0
ENSONIG00000039601	5	5	19
ENSONIG00000039602	0	0	0
ENSONIG00000039603	7	0	33
ENSONIG00000039604	1	0	22
ENSONIG00000039605	4	0	0
ENSONIG00000039606	0	0	0
ENSONIG00000039607	0	0	0
ENSONIG00000039608	0	0	0
ENSONIG00000039609	0	0	0
ENSONIG00000039610	0	0	3
ENSONIG00000039611	0	0	0
ENSONIG00000039612	0	0	0
ENSONIG00000039613	0	1	0
ENSONIG00000039614	0	2	29
ENSONIG00000039615	3	0	5
ENSONIG00000039616	0	0	75
ENSONIG00000039617	0	0	0
ENSONIG00000039618	0	0	0
ENSONIG00000039619	0	0	0
ENSONIG00000039620	0	0	0
ENSONIG00000039621	0	0	0
ENSONIG00000039622	0	0	1
ENSONIG00000039623	0	0	0
ENSONIG00000039624	0	0	0
ENSONIG00000039625	0	0	0
ENSONIG00000039626	0	0	0
ENSONIG00000039627	0	0	0
ENSONIG00000039628	0	0	2
ENSONIG00000039629	1	0	0
ENSONIG00000039630	0	0	0
ENSONIG00000039631	0	0	0
ENSONIG00000039632	0	0	0
ENSONIG00000039633	0	0	0
ENSONIG00000039634	0	0	1
ENSONIG00000039635	4	6	232
ENSONIG00000039636	0	0	5
ENSONIG00000039637	0	0	0
ENSONIG00000039638	0	0	0
ENSONIG00000039639	0	0	1
ENSONIG00000039640	0	0	0
ENSONIG00000039641	0	0	0
ENSONIG00000039642	0	0	0
ENSONIG00000039643	0	0	0
ENSONIG00000039644	0	0	0
ENSONIG00000039645	1	0	48
ENSONIG00000039646	0	0	0
ENSONIG00000039647	0	0	0
ENSONIG00000039648	0	0	0
ENSONIG00000039649	0	0	0
ENSONIG00000039650	12	5	2
ENSONIG00000039651	0	0	0
ENSONIG00000039652	1	0	4
ENSONIG00000039653	0	6	1
ENSONIG00000039654	1	0	0
ENSONIG00000039655	0	0	4
ENSONIG00000039656	0	0	0
ENSONIG00000039657	0	0	0
ENSONIG00000039658	0	0	0
ENSONIG00000039659	0	2	4
ENSONIG00000039660	0	1	11
ENSONIG00000039661	0	0	5
ENSONIG00000039662	37	23	0
ENSONIG00000039663	0	0	5
ENSONIG00000039664	0	1	0
ENSONIG00000039665	0	0	2
ENSONIG00000039666	0	0	1
ENSONIG00000039667	0	0	0
ENSONIG00000039668	0	0	0
ENSONIG00000039669	0	0	0
ENSONIG00000039670	0	0	0
ENSONIG00000039671	0	0	0
ENSONIG00000039672	0	0	9
ENSONIG00000039673	0	0	1
ENSONIG00000039674	0	0	0
ENSONIG00000039675	0	1	0
ENSONIG00000039676	0	0	0
ENSONIG00000039677	8	1	74
ENSONIG00000039678	1	9	5
ENSONIG00000039679	0	0	1
ENSONIG00000039680	0	0	0
ENSONIG00000039681	1	0	0
ENSONIG00000039682	0	0	0
ENSONIG00000039683	0	0	0
ENSONIG00000039684	1	0	0
ENSONIG00000039685	8	0	21
ENSONIG00000039686	0	0	0
ENSONIG00000039687	6	0	16
ENSONIG00000039688	0	0	0
ENSONIG00000039689	0	0	0
ENSONIG00000039690	0	0	0
ENSONIG00000039691	0	0	2
ENSONIG00000039692	2	1	1
ENSONIG00000039693	0	0	0
ENSONIG00000039694	0	0	0
ENSONIG00000039695	1	0	0
ENSONIG00000039696	0	0	0
ENSONIG00000039697	24	0	4
ENSONIG00000039698	0	0	0
ENSONIG00000039699	2	0	1
ENSONIG00000039700	1	0	11
ENSONIG00000039701	0	1	0
ENSONIG00000039702	1	2	24
ENSONIG00000039703	2	0	0
ENSONIG00000039704	0	0	0
ENSONIG00000039705	0	0	3
ENSONIG00000039706	0	0	0
ENSONIG00000039707	0	0	0
ENSONIG00000039708	0	0	0
ENSONIG00000039709	0	0	0
ENSONIG00000039710	0	1	0
ENSONIG00000039711	0	0	0
ENSONIG00000039712	1	0	0
ENSONIG00000039713	0	0	0
ENSONIG00000039714	0	0	0
ENSONIG00000039715	0	0	0
ENSONIG00000039716	0	0	0
ENSONIG00000039717	0	0	0
ENSONIG00000039718	0	0	0
ENSONIG00000039719	0	0	0
ENSONIG00000039720	0	0	0
ENSONIG00000039721	0	0	0
ENSONIG00000039722	0	0	0
ENSONIG00000039723	0	0	0
ENSONIG00000039724	0	0	0
ENSONIG00000039725	1	0	1
ENSONIG00000039726	0	0	0
ENSONIG00000039727	0	2	4
ENSONIG00000039728	0	0	0
ENSONIG00000039729	2	4	16
ENSONIG00000039730	33	0	45
ENSONIG00000039731	0	0	0
ENSONIG00000039732	0	0	7
ENSONIG00000039733	0	0	0
ENSONIG00000039734	0	1	2
ENSONIG00000039735	0	0	0
ENSONIG00000039736	0	0	1
ENSONIG00000039737	0	0	2
ENSONIG00000039738	0	0	0
ENSONIG00000039739	0	0	0
ENSONIG00000039740	0	0	0
ENSONIG00000039741	0	0	0
ENSONIG00000039742	0	0	0
ENSONIG00000039743	0	0	0
ENSONIG00000039744	0	0	0
ENSONIG00000039745	0	0	0
ENSONIG00000039746	0	0	0
ENSONIG00000039747	0	0	11
ENSONIG00000039748	3	1	15
ENSONIG00000039749	0	0	0
ENSONIG00000039750	0	0	9
ENSONIG00000039751	0	0	0
ENSONIG00000039752	109	65	107
ENSONIG00000039753	16	12	83
ENSONIG00000039754	218	93	78
ENSONIG00000039755	1	0	6
ENSONIG00000039756	1	0	0
ENSONIG00000039757	0	0	0
ENSONIG00000039758	0	0	0
ENSONIG00000039759	0	0	0
ENSONIG00000039760	0	0	0
ENSONIG00000039761	0	0	0
ENSONIG00000039762	5	0	1
ENSONIG00000039763	0	0	0
ENSONIG00000039764	0	0	1
ENSONIG00000039765	0	0	0
ENSONIG00000039766	191	225	131
ENSONIG00000039767	0	0	0
ENSONIG00000039768	2	0	13
ENSONIG00000039769	0	0	0
ENSONIG00000039770	0	0	7
ENSONIG00000039771	0	0	2
ENSONIG00000039772	0	0	0
ENSONIG00000039773	0	0	0
ENSONIG00000039774	1	6	19
ENSONIG00000039775	0	0	0
ENSONIG00000039776	0	0	0
ENSONIG00000039777	0	0	0
ENSONIG00000039778	0	0	0
ENSONIG00000039779	1	2	7
ENSONIG00000039780	0	0	0
ENSONIG00000039781	0	0	0
ENSONIG00000039782	0	0	3
ENSONIG00000039783	0	1	1
ENSONIG00000039784	0	0	0
ENSONIG00000039785	1	0	0
ENSONIG00000039786	0	0	0
ENSONIG00000039787	0	0	0
ENSONIG00000039788	27	1	0
ENSONIG00000039789	5	4	4
ENSONIG00000039790	2	0	1
ENSONIG00000039791	0	0	0
ENSONIG00000039792	0	0	0
ENSONIG00000039793	73894	1457682	2008285
ENSONIG00000039794	0	1	1
ENSONIG00000039795	0	0	1
ENSONIG00000039796	0	0	2
ENSONIG00000039797	4	0	4
ENSONIG00000039798	0	0	0
ENSONIG00000039799	0	0	1
ENSONIG00000039800	0	0	0
ENSONIG00000039801	47	7	26
ENSONIG00000039802	0	0	0
ENSONIG00000039803	0	0	0
ENSONIG00000039804	73	14	6
ENSONIG00000039805	0	0	0
ENSONIG00000039806	19	8	160
ENSONIG00000039807	0	2	1
ENSONIG00000039808	0	0	0
ENSONIG00000039809	0	0	0
ENSONIG00000039810	0	0	0
ENSONIG00000039811	6	0	0
ENSONIG00000039812	0	0	0
ENSONIG00000039813	0	0	0
ENSONIG00000039814	13	9	34
ENSONIG00000039815	0	0	0
ENSONIG00000039816	0	0	0
ENSONIG00000039817	0	0	0
ENSONIG00000039818	0	0	0
ENSONIG00000039819	0	0	2
ENSONIG00000039820	0	0	0
ENSONIG00000039821	0	2	1
ENSONIG00000039822	0	2	0
ENSONIG00000039823	0	0	0
ENSONIG00000039824	0	1	0
ENSONIG00000039825	0	0	0
ENSONIG00000039826	1	1	0
ENSONIG00000039827	13153	341	213
ENSONIG00000039828	0	0	0
ENSONIG00000039829	1	3	9
ENSONIG00000039830	0	0	0
ENSONIG00000039831	0	0	0
ENSONIG00000039832	0	3	0
ENSONIG00000039833	0	0	10
ENSONIG00000039834	0	0	0
ENSONIG00000039835	0	0	0
ENSONIG00000039836	0	0	0
ENSONIG00000039837	0	0	0
ENSONIG00000039838	0	26	105
ENSONIG00000039839	0	1	0
ENSONIG00000039840	0	0	0
ENSONIG00000039841	0	0	0
ENSONIG00000039842	0	2	0
ENSONIG00000039843	0	0	0
ENSONIG00000039844	4	1	1
ENSONIG00000039845	0	0	0
ENSONIG00000039846	0	0	0
ENSONIG00000039847	4	0	29
ENSONIG00000039848	2	6	41
ENSONIG00000039849	2	2	17
ENSONIG00000039850	17	22	182
ENSONIG00000039851	0	0	0
ENSONIG00000039852	0	0	4
ENSONIG00000039853	0	0	4
ENSONIG00000039854	0	0	0
ENSONIG00000039855	0	0	0
ENSONIG00000039856	1	2	2
ENSONIG00000039857	1	3	10
ENSONIG00000039858	5	1	0
ENSONIG00000039859	9	4	2
ENSONIG00000039860	0	0	0
ENSONIG00000039861	0	0	0
ENSONIG00000039862	0	0	0
ENSONIG00000039863	0	0	2
ENSONIG00000039864	7	20	15
ENSONIG00000039865	0	0	1
ENSONIG00000039866	0	0	0
ENSONIG00000039867	0	16	13
ENSONIG00000039868	8	5	16
ENSONIG00000039869	0	0	0
ENSONIG00000039870	0	1	2
ENSONIG00000039871	0	0	0
ENSONIG00000039872	0	0	0
ENSONIG00000039873	0	0	0
ENSONIG00000039874	0	0	0
ENSONIG00000039875	18	0	7
ENSONIG00000039876	0	0	0
ENSONIG00000039877	0	1	6
ENSONIG00000039878	0	0	0
ENSONIG00000039879	0	1	2
ENSONIG00000039880	0	0	0
ENSONIG00000039881	0	0	0
ENSONIG00000039882	0	0	0
ENSONIG00000039883	1	2	4
ENSONIG00000039884	0	0	0
ENSONIG00000039885	0	1	2
ENSONIG00000039886	0	0	0
ENSONIG00000039887	0	0	0
ENSONIG00000039888	2	0	0
ENSONIG00000039889	0	0	0
ENSONIG00000039890	5	1	3
ENSONIG00000039891	0	0	3
ENSONIG00000039892	0	0	0
ENSONIG00000039893	0	0	0
ENSONIG00000039894	0	0	0
ENSONIG00000039895	0	1	6
ENSONIG00000039896	8	1	39
ENSONIG00000039897	0	0	0
ENSONIG00000039898	1	0	2
ENSONIG00000039899	0	0	0
ENSONIG00000039900	0	0	0
ENSONIG00000039901	0	1	0
ENSONIG00000039902	0	1	17
ENSONIG00000039903	0	0	0
ENSONIG00000039904	0	0	0
ENSONIG00000039905	0	0	0
ENSONIG00000039906	3	0	0
ENSONIG00000039907	0	0	1
ENSONIG00000039908	0	0	0
ENSONIG00000039909	0	0	0
ENSONIG00000039910	0	0	0
ENSONIG00000039911	0	0	0
ENSONIG00000039912	0	0	2
ENSONIG00000039913	2	1	2
ENSONIG00000039914	6	5	3
ENSONIG00000039915	0	0	0
ENSONIG00000039916	0	0	0
ENSONIG00000039917	0	0	0
ENSONIG00000039918	91	90	60
ENSONIG00000039919	0	0	0
ENSONIG00000039920	0	0	0
ENSONIG00000039921	0	0	0
ENSONIG00000039922	0	0	0
ENSONIG00000039923	0	2	0
ENSONIG00000039924	0	1	56
ENSONIG00000039925	0	0	1
ENSONIG00000039926	0	1	0
ENSONIG00000039927	0	0	0
ENSONIG00000039928	0	0	4
ENSONIG00000039929	0	0	0
ENSONIG00000039930	0	0	0
ENSONIG00000039931	0	0	0
ENSONIG00000039932	3	3	11
ENSONIG00000039933	0	0	0
ENSONIG00000039934	0	0	6
ENSONIG00000039935	10	3	42
ENSONIG00000039936	0	0	0
ENSONIG00000039937	0	0	0
ENSONIG00000039938	0	0	0
ENSONIG00000039939	0	0	8
ENSONIG00000039940	0	0	27
ENSONIG00000039941	0	1	0
ENSONIG00000039942	12	2	27
ENSONIG00000039943	2	2	8
ENSONIG00000039944	0	0	0
ENSONIG00000039945	1	0	0
ENSONIG00000039946	0	0	0
ENSONIG00000039947	0	0	0
ENSONIG00000039948	0	0	0
ENSONIG00000039949	4	1	10
ENSONIG00000039950	0	0	0
ENSONIG00000039951	0	0	0
ENSONIG00000039952	0	0	0
ENSONIG00000039953	3	0	11
ENSONIG00000039954	0	1	0
ENSONIG00000039955	0	0	0
ENSONIG00000039956	0	0	1
ENSONIG00000039957	0	0	1
ENSONIG00000039958	3	1	14
ENSONIG00000039959	0	0	0
ENSONIG00000039960	0	0	0
ENSONIG00000039961	0	0	0
ENSONIG00000039962	0	0	0
ENSONIG00000039963	0	0	0
ENSONIG00000039964	2	0	46
ENSONIG00000039965	0	0	0
ENSONIG00000039966	2	0	0
ENSONIG00000039967	0	0	0
ENSONIG00000039968	22	15	70
ENSONIG00000039969	1	0	0
ENSONIG00000039970	0	0	1
ENSONIG00000039971	0	0	0
ENSONIG00000039972	0	0	0
ENSONIG00000039973	2	0	8
ENSONIG00000039974	0	0	0
ENSONIG00000039975	0	0	0
ENSONIG00000039976	0	0	0
ENSONIG00000039977	7	0	2
ENSONIG00000039978	6	8	163
ENSONIG00000039979	0	0	0
ENSONIG00000039980	0	0	1
ENSONIG00000039981	266	449	1222
ENSONIG00000039982	0	0	0
ENSONIG00000039983	0	0	0
ENSONIG00000039984	0	0	15
ENSONIG00000039985	0	0	0
ENSONIG00000039986	0	0	0
ENSONIG00000039987	0	0	0
ENSONIG00000039988	1	1	1
ENSONIG00000039989	0	0	0
ENSONIG00000039990	0	0	0
ENSONIG00000039991	7	0	0
ENSONIG00000039992	1	0	0
ENSONIG00000039993	0	0	0
ENSONIG00000039994	0	0	0
ENSONIG00000039995	0	0	0
ENSONIG00000039996	0	0	0
ENSONIG00000039997	1	2	0
ENSONIG00000039998	0	0	7
ENSONIG00000039999	0	0	0
ENSONIG00000040000	1	0	0
ENSONIG00000040001	0	0	0
ENSONIG00000040002	0	0	0
ENSONIG00000040003	0	0	0
ENSONIG00000040004	0	0	0
ENSONIG00000040005	13	0	5
ENSONIG00000040006	0	0	0
ENSONIG00000040007	0	0	3
ENSONIG00000040008	0	0	0
ENSONIG00000040009	1	0	0
ENSONIG00000040010	0	0	0
ENSONIG00000040011	0	0	3
ENSONIG00000040012	0	0	0
ENSONIG00000040013	0	0	0
ENSONIG00000040014	12	20	12
ENSONIG00000040015	0	0	0
ENSONIG00000040016	0	0	5
ENSONIG00000040017	0	0	2
ENSONIG00000040018	0	0	0
ENSONIG00000040019	0	0	2
ENSONIG00000040020	0	0	1
ENSONIG00000040021	1	2	0
ENSONIG00000040022	0	0	0
ENSONIG00000040023	0	0	0
ENSONIG00000040024	2	0	0
ENSONIG00000040025	0	1	0
ENSONIG00000040026	1	0	14
ENSONIG00000040027	0	0	0
ENSONIG00000040028	0	0	0
ENSONIG00000040029	0	0	0
ENSONIG00000040030	0	0	0
ENSONIG00000040031	0	0	0
ENSONIG00000040032	0	0	0
ENSONIG00000040033	8	0	2
ENSONIG00000040034	0	0	0
ENSONIG00000040035	0	0	0
ENSONIG00000040036	0	0	0
ENSONIG00000040037	0	0	1
ENSONIG00000040038	0	0	0
ENSONIG00000040039	1	0	0
ENSONIG00000040040	0	0	1
ENSONIG00000040041	0	0	1
ENSONIG00000040042	0	0	0
ENSONIG00000040043	0	4	12
ENSONIG00000040044	0	0	0
ENSONIG00000040045	1	0	1
ENSONIG00000040046	0	5	1
ENSONIG00000040047	0	0	0
ENSONIG00000040048	0	0	0
ENSONIG00000040049	0	0	0
ENSONIG00000040050	0	0	0
ENSONIG00000040051	164	291	664
ENSONIG00000040052	0	0	0
ENSONIG00000040053	7	3	15
ENSONIG00000040054	0	3	2
ENSONIG00000040055	0	0	0
ENSONIG00000040056	0	0	0
ENSONIG00000040057	0	0	0
ENSONIG00000040058	1	20	17
ENSONIG00000040059	1421	664	610
ENSONIG00000040060	0	0	0
ENSONIG00000040061	0	0	0
ENSONIG00000040062	15	5	67
ENSONIG00000040063	0	8	118
ENSONIG00000040064	0	0	0
ENSONIG00000040065	1	3	1
ENSONIG00000040066	0	0	1
ENSONIG00000040067	3	2	23
ENSONIG00000040068	0	0	0
ENSONIG00000040069	1	0	2
ENSONIG00000040070	0	0	0
ENSONIG00000040071	0	0	0
ENSONIG00000040072	0	0	0
ENSONIG00000040073	2	0	23
ENSONIG00000040074	3	1	6
ENSONIG00000040075	0	0	0
ENSONIG00000040076	1	0	0
ENSONIG00000040077	0	1	0
ENSONIG00000040078	1	1	21
ENSONIG00000040079	5	0	11
ENSONIG00000040080	0	0	0
ENSONIG00000040081	0	0	0
ENSONIG00000040082	49	112	83
ENSONIG00000040083	0	1	0
ENSONIG00000040084	34	16	675
ENSONIG00000040085	0	0	1
ENSONIG00000040086	5	1	4
ENSONIG00000040087	2	0	6
ENSONIG00000040088	0	1	0
ENSONIG00000040089	1	0	0
ENSONIG00000040090	0	0	0
ENSONIG00000040091	0	0	1
ENSONIG00000040092	2	0	0
ENSONIG00000040093	0	0	0
ENSONIG00000040094	0	0	0
ENSONIG00000040095	0	0	4
ENSONIG00000040096	0	0	0
ENSONIG00000040097	0	0	0
ENSONIG00000040098	0	0	0
ENSONIG00000040099	0	0	0
ENSONIG00000040100	7	3	43
ENSONIG00000040101	1	0	1
ENSONIG00000040102	0	0	0
ENSONIG00000040103	0	0	0
ENSONIG00000040104	0	0	12
ENSONIG00000040105	0	0	32
ENSONIG00000040106	0	0	3
ENSONIG00000040107	0	0	0
ENSONIG00000040108	0	0	0
ENSONIG00000040109	0	0	1
ENSONIG00000040110	0	0	10
ENSONIG00000040111	0	0	4
ENSONIG00000040112	2	8	16
ENSONIG00000040113	0	0	1
ENSONIG00000040114	5	0	1
ENSONIG00000040115	0	0	0
ENSONIG00000040116	0	0	42
ENSONIG00000040117	0	0	0
ENSONIG00000040118	0	0	0
ENSONIG00000040119	0	0	2
ENSONIG00000040120	0	0	0
ENSONIG00000040121	1	5	10
ENSONIG00000040122	0	0	7
ENSONIG00000040123	16	7	5
ENSONIG00000040124	0	0	0
ENSONIG00000040125	0	0	0
ENSONIG00000040126	0	0	0
ENSONIG00000040127	0	0	0
ENSONIG00000040128	0	0	1
ENSONIG00000040129	0	0	0
ENSONIG00000040130	0	0	0
ENSONIG00000040131	0	0	0
ENSONIG00000040132	0	0	0
ENSONIG00000040133	0	0	0
ENSONIG00000040134	0	0	0
ENSONIG00000040135	0	0	0
ENSONIG00000040136	9	0	2
ENSONIG00000040137	1	3	0
ENSONIG00000040138	1	0	1
ENSONIG00000040139	2	3	42
ENSONIG00000040140	0	0	0
ENSONIG00000040141	2	0	19
ENSONIG00000040142	0	0	11
ENSONIG00000040143	0	0	0
ENSONIG00000040144	0	0	0
ENSONIG00000040145	0	0	1
ENSONIG00000040146	0	0	1
ENSONIG00000040147	0	0	0
ENSONIG00000040148	0	0	0
ENSONIG00000040149	0	0	0
ENSONIG00000040150	5	0	1
ENSONIG00000040151	0	0	11
ENSONIG00000040152	0	0	2
ENSONIG00000040153	0	1	0
ENSONIG00000040154	0	0	2
ENSONIG00000040155	0	0	0
ENSONIG00000040156	42	11	39
ENSONIG00000040157	0	0	0
ENSONIG00000040158	0	0	0
ENSONIG00000040159	0	0	0
ENSONIG00000040160	0	0	0
ENSONIG00000040161	0	0	0
ENSONIG00000040162	0	0	0
ENSONIG00000040163	2	0	0
ENSONIG00000040164	28	50	1808
ENSONIG00000040165	1	6	54
ENSONIG00000040166	2	4	3
ENSONIG00000040167	0	0	0
ENSONIG00000040168	1	0	0
ENSONIG00000040169	0	0	1
ENSONIG00000040170	1	0	47
ENSONIG00000040171	1	0	0
ENSONIG00000040172	0	0	0
ENSONIG00000040173	2	0	6
ENSONIG00000040174	0	0	7
ENSONIG00000040175	0	0	0
ENSONIG00000040176	2	0	23
ENSONIG00000040177	0	0	0
ENSONIG00000040178	0	0	0
ENSONIG00000040179	2	3	0
ENSONIG00000040180	0	0	0
ENSONIG00000040181	0	0	0
ENSONIG00000040182	0	0	0
ENSONIG00000040183	0	0	0
ENSONIG00000040184	0	0	0
ENSONIG00000040185	0	0	0
ENSONIG00000040186	0	0	8
ENSONIG00000040187	0	0	0
ENSONIG00000040188	0	0	0
ENSONIG00000040189	0	0	14
ENSONIG00000040190	0	0	2
ENSONIG00000040191	0	0	0
ENSONIG00000040192	0	0	0
ENSONIG00000040193	0	0	0
ENSONIG00000040194	0	0	0
ENSONIG00000040195	0	0	1
ENSONIG00000040196	0	4	3
ENSONIG00000040197	5	4	6
ENSONIG00000040198	0	0	0
ENSONIG00000040199	7	1	3
ENSONIG00000040200	0	0	0
ENSONIG00000040201	0	1	0
ENSONIG00000040202	0	0	0
ENSONIG00000040203	1	0	2
ENSONIG00000040204	0	0	0
ENSONIG00000040205	0	0	0
ENSONIG00000040206	0	0	0
ENSONIG00000040207	0	0	1
ENSONIG00000040208	0	1	4
ENSONIG00000040209	0	0	0
ENSONIG00000040210	0	0	0
ENSONIG00000040211	0	0	0
ENSONIG00000040212	0	31	199
ENSONIG00000040213	0	0	0
ENSONIG00000040214	0	0	0
ENSONIG00000040215	0	0	0
ENSONIG00000040216	0	0	0
ENSONIG00000040217	0	0	0
ENSONIG00000040218	0	0	0
ENSONIG00000040219	0	0	0
ENSONIG00000040220	0	2	11
ENSONIG00000040221	0	0	1
ENSONIG00000040222	0	0	0
ENSONIG00000040223	0	0	0
ENSONIG00000040224	0	0	0
ENSONIG00000040225	0	0	1
ENSONIG00000040226	0	0	0
ENSONIG00000040227	0	0	0
ENSONIG00000040228	0	0	0
ENSONIG00000040229	0	0	0
ENSONIG00000040230	1	4	4
ENSONIG00000040231	0	0	0
ENSONIG00000040232	0	0	3
ENSONIG00000040233	0	0	0
ENSONIG00000040234	0	0	0
ENSONIG00000040235	0	0	0
ENSONIG00000040236	0	0	1
ENSONIG00000040237	0	0	0
ENSONIG00000040238	2	1	28
ENSONIG00000040239	16	12	20
ENSONIG00000040240	1	0	0
ENSONIG00000040241	0	0	0
ENSONIG00000040242	3	0	18
ENSONIG00000040243	0	0	0
ENSONIG00000040244	0	0	2
ENSONIG00000040245	0	0	1
ENSONIG00000040246	0	0	0
ENSONIG00000040247	1	2	40
ENSONIG00000040248	0	0	0
ENSONIG00000040249	1	0	14
ENSONIG00000040250	1	0	6
ENSONIG00000040251	7	1	218
ENSONIG00000040252	0	4	6
ENSONIG00000040253	0	0	0
ENSONIG00000040254	0	0	41
ENSONIG00000040255	0	0	7
ENSONIG00000040256	0	0	0
ENSONIG00000040257	0	0	0
ENSONIG00000040258	5	12	36
ENSONIG00000040259	0	0	0
ENSONIG00000040260	7	8	11
ENSONIG00000040261	5	3	48
ENSONIG00000040262	0	0	0
ENSONIG00000040263	35	6	35
ENSONIG00000040264	0	1	0
ENSONIG00000040265	2	7	148
ENSONIG00000040266	0	0	0
ENSONIG00000040267	0	0	0
ENSONIG00000040268	0	0	0
ENSONIG00000040269	0	0	0
ENSONIG00000040270	26	54	48
ENSONIG00000040271	1	13	4
ENSONIG00000040272	3	66	21
ENSONIG00000040273	0	0	0
ENSONIG00000040274	0	0	18
ENSONIG00000040275	0	0	0
ENSONIG00000040276	0	0	0
ENSONIG00000040277	5	1	20
ENSONIG00000040278	0	0	0
ENSONIG00000040279	0	0	0
ENSONIG00000040280	1	0	0
ENSONIG00000040281	0	0	0
ENSONIG00000040282	0	0	0
ENSONIG00000040283	0	0	0
ENSONIG00000040284	0	0	0
ENSONIG00000040285	0	0	0
ENSONIG00000040286	0	0	0
ENSONIG00000040287	8	34	45
ENSONIG00000040288	0	0	5
ENSONIG00000040289	3	0	0
ENSONIG00000040290	0	0	0
ENSONIG00000040291	1	2	18
ENSONIG00000040292	0	0	0
ENSONIG00000040293	0	0	14
ENSONIG00000040294	0	0	0
ENSONIG00000040295	0	3	1
ENSONIG00000040296	0	0	1
ENSONIG00000040297	0	0	0
ENSONIG00000040298	0	0	0
ENSONIG00000040299	0	0	0
ENSONIG00000040300	0	0	0
ENSONIG00000040301	1	0	0
ENSONIG00000040302	0	0	0
ENSONIG00000040303	0	0	0
ENSONIG00000040304	677	392	424
ENSONIG00000040305	0	0	0
ENSONIG00000040306	3	2	22
ENSONIG00000040307	0	0	0
ENSONIG00000040308	0	0	0
ENSONIG00000040309	0	0	1
ENSONIG00000040310	0	0	0
ENSONIG00000040311	0	0	0
ENSONIG00000040312	0	0	0
ENSONIG00000040313	3	1	23
ENSONIG00000040314	0	0	1
ENSONIG00000040315	1	7	2
ENSONIG00000040316	0	1	2
ENSONIG00000040317	1	0	0
ENSONIG00000040318	0	0	1
ENSONIG00000040319	0	0	0
ENSONIG00000040320	0	0	0
ENSONIG00000040321	0	0	0
ENSONIG00000040322	0	0	0
ENSONIG00000040323	0	0	0
ENSONIG00000040324	0	0	0
ENSONIG00000040325	2	1	9
ENSONIG00000040326	0	0	0
ENSONIG00000040327	0	0	0
ENSONIG00000040328	3	0	16
ENSONIG00000040329	0	0	0
ENSONIG00000040330	0	0	0
ENSONIG00000040331	0	0	1
ENSONIG00000040332	0	0	0
ENSONIG00000040333	0	0	0
ENSONIG00000040334	0	0	0
ENSONIG00000040335	0	0	0
ENSONIG00000040336	0	0	0
ENSONIG00000040337	0	0	0
ENSONIG00000040338	0	0	0
ENSONIG00000040339	0	0	0
ENSONIG00000040340	0	0	0
ENSONIG00000040341	0	0	0
ENSONIG00000040342	3	18	86
ENSONIG00000040343	0	0	0
ENSONIG00000040344	0	1	2
ENSONIG00000040345	0	0	2
ENSONIG00000040346	0	1	6
ENSONIG00000040347	0	0	0
ENSONIG00000040348	0	0	1
ENSONIG00000040349	10	1	22
ENSONIG00000040350	0	0	0
ENSONIG00000040351	9	2	2
ENSONIG00000040352	0	0	1
ENSONIG00000040353	0	0	0
ENSONIG00000040354	0	0	0
ENSONIG00000040355	3	0	0
ENSONIG00000040356	8	2	61
ENSONIG00000040357	0	0	0
ENSONIG00000040358	0	0	0
ENSONIG00000040359	3	0	5
ENSONIG00000040360	1	2	8
ENSONIG00000040361	0	0	0
ENSONIG00000040362	0	0	0
ENSONIG00000040363	0	0	0
ENSONIG00000040364	0	0	0
ENSONIG00000040365	0	0	0
ENSONIG00000040366	0	0	0
ENSONIG00000040367	0	0	0
ENSONIG00000040368	0	0	13
ENSONIG00000040369	0	2	19
ENSONIG00000040370	0	0	0
ENSONIG00000040371	0	0	0
ENSONIG00000040372	1	1	0
ENSONIG00000040373	0	0	5
ENSONIG00000040374	2	1	1
ENSONIG00000040375	0	0	0
ENSONIG00000040376	0	1	0
ENSONIG00000040377	0	0	0
ENSONIG00000040378	0	0	0
ENSONIG00000040379	0	0	0
ENSONIG00000040380	0	0	0
ENSONIG00000040381	0	0	0
ENSONIG00000040382	0	0	0
ENSONIG00000040383	0	0	0
ENSONIG00000040384	2	63	19
ENSONIG00000040385	0	0	0
ENSONIG00000040386	0	0	0
ENSONIG00000040387	1	0	1
ENSONIG00000040388	0	0	0
ENSONIG00000040389	0	0	0
ENSONIG00000040390	0	0	1
ENSONIG00000040391	0	0	16
ENSONIG00000040392	0	0	0
ENSONIG00000040393	0	0	2
ENSONIG00000040394	0	0	0
ENSONIG00000040395	0	0	0
ENSONIG00000040396	3	0	2
ENSONIG00000040397	0	0	8
ENSONIG00000040398	15	40	2757
ENSONIG00000040399	0	0	2
ENSONIG00000040400	0	0	0
ENSONIG00000040401	0	0	0
ENSONIG00000040402	12	22	120
ENSONIG00000040403	0	0	0
ENSONIG00000040404	0	0	1
ENSONIG00000040405	0	0	0
ENSONIG00000040406	0	0	0
ENSONIG00000040407	0	0	1
ENSONIG00000040408	0	0	0
ENSONIG00000040409	0	0	0
ENSONIG00000040410	0	0	0
ENSONIG00000040411	0	0	0
ENSONIG00000040412	0	0	9
ENSONIG00000040413	0	0	0
ENSONIG00000040414	0	0	2
ENSONIG00000040415	2	1	3
ENSONIG00000040416	0	0	0
ENSONIG00000040417	0	0	0
ENSONIG00000040418	0	0	0
ENSONIG00000040419	0	0	0
ENSONIG00000040420	6	1	104
ENSONIG00000040421	0	0	0
ENSONIG00000040422	4	0	2
ENSONIG00000040423	0	0	0
ENSONIG00000040424	1	0	0
ENSONIG00000040425	8	0	16
ENSONIG00000040426	0	0	0
ENSONIG00000040427	2	0	0
ENSONIG00000040428	0	0	0
ENSONIG00000040429	0	0	0
ENSONIG00000040430	2	0	15
ENSONIG00000040431	0	0	5
ENSONIG00000040432	0	0	2
ENSONIG00000040433	0	0	0
ENSONIG00000040434	4	0	0
ENSONIG00000040435	2	0	0
ENSONIG00000040436	1	0	1
ENSONIG00000040437	6	7	11
ENSONIG00000040438	0	0	0
ENSONIG00000040439	0	1	2
ENSONIG00000040440	0	0	14
ENSONIG00000040441	0	0	1
ENSONIG00000040442	0	1	3
ENSONIG00000040443	2	0	0
ENSONIG00000040444	4	0	4
ENSONIG00000040445	0	0	0
ENSONIG00000040446	0	0	1
ENSONIG00000040447	0	0	0
ENSONIG00000040448	0	0	0
ENSONIG00000040449	0	0	0
ENSONIG00000040450	0	0	0
ENSONIG00000040451	3	0	2
ENSONIG00000040452	0	0	0
ENSONIG00000040453	0	0	0
ENSONIG00000040454	0	0	2
ENSONIG00000040455	0	0	7
ENSONIG00000040456	2	2	4
ENSONIG00000040457	0	0	0
ENSONIG00000040458	0	0	2
ENSONIG00000040459	8	3	7
ENSONIG00000040460	0	17	15
ENSONIG00000040461	0	0	0
ENSONIG00000040462	0	0	0
ENSONIG00000040463	0	0	0
ENSONIG00000040464	0	0	0
ENSONIG00000040465	0	0	0
ENSONIG00000040466	24	131	213
ENSONIG00000040467	0	0	0
ENSONIG00000040468	9	114	292
ENSONIG00000040469	0	0	0
ENSONIG00000040470	0	0	0
ENSONIG00000040471	0	0	4
ENSONIG00000040472	0	0	3
ENSONIG00000040473	0	0	0
ENSONIG00000040474	23	31	49
ENSONIG00000040475	0	1	1
ENSONIG00000040476	0	0	0
ENSONIG00000040477	0	0	0
ENSONIG00000040478	2	6	35
ENSONIG00000040479	0	0	0
ENSONIG00000040480	0	4	26
ENSONIG00000040481	0	0	0
ENSONIG00000040482	3	2	15
ENSONIG00000040483	0	1	14
ENSONIG00000040484	0	0	0
ENSONIG00000040485	0	0	0
ENSONIG00000040486	0	0	0
ENSONIG00000040487	0	0	0
ENSONIG00000040488	0	0	1
ENSONIG00000040489	0	0	6
ENSONIG00000040490	0	0	0
ENSONIG00000040491	0	0	0
ENSONIG00000040492	2	0	0
ENSONIG00000040493	0	0	3
ENSONIG00000040494	0	0	0
ENSONIG00000040495	0	0	0
ENSONIG00000040496	0	0	0
ENSONIG00000040497	0	0	0
ENSONIG00000040498	0	0	0
ENSONIG00000040499	0	0	0
ENSONIG00000040500	0	0	0
ENSONIG00000040501	0	0	0
ENSONIG00000040502	0	0	0
ENSONIG00000040503	0	0	0
ENSONIG00000040504	0	0	0
ENSONIG00000040505	0	0	0
ENSONIG00000040506	0	0	0
ENSONIG00000040507	0	0	0
ENSONIG00000040508	0	0	17
ENSONIG00000040509	0	0	0
ENSONIG00000040510	0	0	0
ENSONIG00000040511	0	0	0
ENSONIG00000040512	1	0	0
ENSONIG00000040513	0	0	0
ENSONIG00000040514	100	58	75
ENSONIG00000040515	0	0	0
ENSONIG00000040516	2	8	3
ENSONIG00000040517	0	0	0
ENSONIG00000040518	0	0	0
ENSONIG00000040519	0	1	1
ENSONIG00000040520	0	0	2
ENSONIG00000040521	0	0	0
ENSONIG00000040522	0	0	2
ENSONIG00000040523	0	2	0
ENSONIG00000040524	0	0	0
ENSONIG00000040525	0	0	0
ENSONIG00000040526	0	0	0
ENSONIG00000040527	4	0	12
ENSONIG00000040528	0	0	0
ENSONIG00000040529	1	0	3
ENSONIG00000040530	0	0	0
ENSONIG00000040531	0	0	1
ENSONIG00000040532	1	0	25
ENSONIG00000040533	5	0	31
ENSONIG00000040534	0	0	0
ENSONIG00000040535	0	0	0
ENSONIG00000040536	0	0	0
ENSONIG00000040537	0	1	1
ENSONIG00000040538	0	0	0
ENSONIG00000040539	0	0	0
ENSONIG00000040540	0	0	2
ENSONIG00000040541	0	0	4
ENSONIG00000040542	0	0	0
ENSONIG00000040543	0	0	0
ENSONIG00000040544	0	2	61
ENSONIG00000040545	31	1	4
ENSONIG00000040546	0	0	0
ENSONIG00000040547	9	6	16
ENSONIG00000040548	0	0	47
ENSONIG00000040549	0	0	0
ENSONIG00000040550	0	0	0
ENSONIG00000040551	0	0	0
ENSONIG00000040552	0	0	0
ENSONIG00000040553	1	0	0
ENSONIG00000040554	0	0	1
ENSONIG00000040555	0	0	0
ENSONIG00000040556	0	0	0
ENSONIG00000040557	0	0	0
ENSONIG00000040558	5	0	0
ENSONIG00000040559	0	0	1
ENSONIG00000040560	0	0	0
ENSONIG00000040561	0	0	3
ENSONIG00000040562	0	0	0
ENSONIG00000040563	0	0	0
ENSONIG00000040564	0	0	0
ENSONIG00000040565	0	0	0
ENSONIG00000040566	1	0	0
ENSONIG00000040567	12	2	4
ENSONIG00000040568	0	0	0
ENSONIG00000040569	0	0	1
ENSONIG00000040570	0	0	0
ENSONIG00000040571	3	0	0
ENSONIG00000040572	0	0	2
ENSONIG00000040573	0	0	0
ENSONIG00000040574	0	0	0
ENSONIG00000040575	0	0	0
ENSONIG00000040576	3	0	3
ENSONIG00000040577	0	0	3
ENSONIG00000040578	0	0	0
ENSONIG00000040579	0	0	1
ENSONIG00000040580	0	0	0
ENSONIG00000040581	0	0	0
ENSONIG00000040582	0	0	1
ENSONIG00000040583	0	0	0
ENSONIG00000040584	0	0	0
ENSONIG00000040585	0	0	0
ENSONIG00000040586	1	0	0
ENSONIG00000040587	0	0	0
ENSONIG00000040588	0	1	5
ENSONIG00000040589	0	0	0
ENSONIG00000040590	0	0	0
ENSONIG00000040591	0	0	0
ENSONIG00000040592	0	0	1
ENSONIG00000040593	0	0	0
ENSONIG00000040594	0	0	13
ENSONIG00000040595	0	0	1
ENSONIG00000040596	0	0	0
ENSONIG00000040597	0	0	0
ENSONIG00000040598	0	1	2
ENSONIG00000040599	0	0	1
ENSONIG00000040600	0	0	0
ENSONIG00000040601	0	2	1
ENSONIG00000040602	3	3	10
ENSONIG00000040603	0	0	7
ENSONIG00000040604	0	0	1
ENSONIG00000040605	0	1	0
ENSONIG00000040606	0	0	0
ENSONIG00000040607	0	0	0
ENSONIG00000040608	0	0	0
ENSONIG00000040609	0	0	0
ENSONIG00000040610	0	0	0
ENSONIG00000040611	0	0	0
ENSONIG00000040612	0	0	0
ENSONIG00000040613	0	0	0
ENSONIG00000040614	0	0	0
ENSONIG00000040615	0	0	0
ENSONIG00000040616	0	0	0
ENSONIG00000040617	0	0	0
ENSONIG00000040618	0	0	0
ENSONIG00000040619	0	0	0
ENSONIG00000040620	0	0	0
ENSONIG00000040621	2	0	0
ENSONIG00000040622	5	5	28
ENSONIG00000040623	0	0	0
ENSONIG00000040624	0	0	2
ENSONIG00000040625	0	0	0
ENSONIG00000040626	0	1	0
ENSONIG00000040627	0	0	4
ENSONIG00000040628	0	0	1
ENSONIG00000040629	1	2	19
ENSONIG00000040630	0	0	0
ENSONIG00000040631	0	0	0
ENSONIG00000040632	0	0	0
ENSONIG00000040633	0	0	0
ENSONIG00000040634	0	0	0
ENSONIG00000040635	0	0	0
ENSONIG00000040636	2	0	7
ENSONIG00000040637	0	2	0
ENSONIG00000040638	0	0	3
ENSONIG00000040639	2	3	1
ENSONIG00000040640	5	0	4
ENSONIG00000040641	0	0	0
ENSONIG00000040642	0	0	0
ENSONIG00000040643	0	0	0
ENSONIG00000040644	4	0	0
ENSONIG00000040645	0	0	0
ENSONIG00000040646	0	0	0
ENSONIG00000040647	0	0	0
ENSONIG00000040648	0	0	0
ENSONIG00000040649	0	0	0
ENSONIG00000040650	0	0	0
ENSONIG00000040651	0	0	0
ENSONIG00000040652	0	0	0
ENSONIG00000040653	1	0	6
ENSONIG00000040654	1	1	6
ENSONIG00000040655	1	0	12
ENSONIG00000040656	0	0	0
ENSONIG00000040657	0	0	3
ENSONIG00000040658	1	4	6
ENSONIG00000040659	0	0	0
ENSONIG00000040660	0	0	1
ENSONIG00000040661	0	0	0
ENSONIG00000040662	0	0	0
ENSONIG00000040663	0	0	0
ENSONIG00000040664	0	1	4
ENSONIG00000040665	0	0	0
ENSONIG00000040666	0	0	0
ENSONIG00000040667	1	0	0
ENSONIG00000040668	1	1	20
ENSONIG00000040669	0	0	1
ENSONIG00000040670	0	1	14
ENSONIG00000040671	0	0	0
ENSONIG00000040672	0	0	0
ENSONIG00000040673	0	0	1
ENSONIG00000040674	0	1	5
ENSONIG00000040675	0	0	0
ENSONIG00000040676	0	1	0
ENSONIG00000040677	0	0	2
ENSONIG00000040678	0	1	0
ENSONIG00000040679	0	0	0
ENSONIG00000040680	0	0	1
ENSONIG00000040681	1	0	9
ENSONIG00000040682	0	0	0
ENSONIG00000040683	0	0	0
ENSONIG00000040684	0	0	0
ENSONIG00000040685	0	0	5
ENSONIG00000040686	0	0	0
ENSONIG00000040687	1	0	0
ENSONIG00000040688	7	1	37
ENSONIG00000040689	0	0	0
ENSONIG00000040690	0	0	0
ENSONIG00000040691	0	0	0
ENSONIG00000040692	0	0	0
ENSONIG00000040693	0	0	1
ENSONIG00000040694	0	0	0
ENSONIG00000040695	0	0	0
ENSONIG00000040696	1	1	3
ENSONIG00000040697	0	0	0
ENSONIG00000040698	0	0	0
ENSONIG00000040699	0	0	0
ENSONIG00000040700	0	0	0
ENSONIG00000040701	0	0	0
ENSONIG00000040702	0	0	0
ENSONIG00000040703	0	0	0
ENSONIG00000040704	0	0	0
ENSONIG00000040705	0	0	0
ENSONIG00000040706	0	0	0
ENSONIG00000040707	52	7	51
ENSONIG00000040708	0	0	1
ENSONIG00000040709	0	0	0
ENSONIG00000040710	0	0	0
ENSONIG00000040711	24	1	5
ENSONIG00000040712	0	0	0
ENSONIG00000040713	55	0	3
ENSONIG00000040714	30	40	39
ENSONIG00000040715	0	0	0
ENSONIG00000040716	0	0	0
ENSONIG00000040717	0	0	3
ENSONIG00000040718	0	0	0
ENSONIG00000040719	0	0	0
ENSONIG00000040720	0	0	0
ENSONIG00000040721	7	7	10
ENSONIG00000040722	3	0	20
ENSONIG00000040723	0	2	15
ENSONIG00000040724	0	0	0
ENSONIG00000040725	2	0	31
ENSONIG00000040726	0	0	0
ENSONIG00000040727	0	0	0
ENSONIG00000040728	0	0	0
ENSONIG00000040729	0	0	6
ENSONIG00000040730	0	0	0
ENSONIG00000040731	0	7	15
ENSONIG00000040732	0	0	0
ENSONIG00000040733	47	147	429
ENSONIG00000040734	0	0	0
ENSONIG00000040735	2	1	2
ENSONIG00000040736	1	0	1
ENSONIG00000040737	0	0	2
ENSONIG00000040738	2	0	23
ENSONIG00000040739	0	0	0
ENSONIG00000040740	0	0	0
ENSONIG00000040741	0	0	0
ENSONIG00000040742	0	0	0
ENSONIG00000040743	1	0	0
ENSONIG00000040744	0	0	0
ENSONIG00000040745	68	11	40
ENSONIG00000040746	0	0	0
ENSONIG00000040747	0	0	0
ENSONIG00000040748	0	0	0
ENSONIG00000040749	0	8	2
ENSONIG00000040750	0	0	1
ENSONIG00000040751	0	0	0
ENSONIG00000040752	0	0	0
ENSONIG00000040753	0	3	51
ENSONIG00000040754	0	0	0
ENSONIG00000040755	0	0	0
ENSONIG00000040756	0	0	0
ENSONIG00000040757	0	0	0
ENSONIG00000040758	0	0	0
ENSONIG00000040759	0	2	43
ENSONIG00000040760	0	0	0
ENSONIG00000040761	0	0	0
ENSONIG00000040762	0	0	0
ENSONIG00000040763	4	1	0
ENSONIG00000040764	5	0	0
ENSONIG00000040765	0	0	0
ENSONIG00000040766	0	0	0
ENSONIG00000040767	0	0	0
ENSONIG00000040768	0	0	0
ENSONIG00000040769	8	5	81
ENSONIG00000040770	0	0	0
ENSONIG00000040771	1	0	5
ENSONIG00000040772	0	3	62
ENSONIG00000040773	0	0	0
ENSONIG00000040774	0	0	1
ENSONIG00000040775	0	0	0
ENSONIG00000040776	0	0	1
ENSONIG00000040777	9	8	52
ENSONIG00000040778	2	1	7
ENSONIG00000040779	0	0	1
ENSONIG00000040780	0	0	2
ENSONIG00000040781	0	0	0
ENSONIG00000040782	0	0	1
ENSONIG00000040783	1	0	9
ENSONIG00000040784	0	0	0
ENSONIG00000040785	0	0	0
ENSONIG00000040786	1	3	0
ENSONIG00000040787	0	7	184
ENSONIG00000040788	2	8	48
ENSONIG00000040789	0	0	0
ENSONIG00000040790	6	3	0
ENSONIG00000040791	0	3	7
ENSONIG00000040792	0	0	0
ENSONIG00000040793	0	0	0
ENSONIG00000040794	0	0	0
ENSONIG00000040795	0	3	8
ENSONIG00000040796	0	0	0
ENSONIG00000040797	0	0	0
ENSONIG00000040798	0	0	0
ENSONIG00000040799	0	0	0
ENSONIG00000040800	3	2	15
ENSONIG00000040801	0	0	0
ENSONIG00000040802	0	0	0
ENSONIG00000040803	0	0	9
ENSONIG00000040804	0	0	0
ENSONIG00000040805	2	2	30
ENSONIG00000040806	1	0	0
ENSONIG00000040807	3	1	1
ENSONIG00000040808	0	0	0
ENSONIG00000040809	0	0	2
ENSONIG00000040810	0	0	0
ENSONIG00000040811	0	0	6
ENSONIG00000040812	0	0	0
ENSONIG00000040813	0	0	0
ENSONIG00000040814	10	1	0
ENSONIG00000040815	0	0	0
ENSONIG00000040816	2	1	50
ENSONIG00000040817	1	1	10
ENSONIG00000040818	0	1	8
ENSONIG00000040819	0	0	2
ENSONIG00000040820	0	0	2
ENSONIG00000040821	0	0	0
ENSONIG00000040822	0	0	0
ENSONIG00000040823	0	0	0
ENSONIG00000040824	5	2	6
ENSONIG00000040825	0	0	0
ENSONIG00000040826	1	0	0
ENSONIG00000040827	0	0	0
ENSONIG00000040828	0	0	0
ENSONIG00000040829	0	0	0
ENSONIG00000040830	1	0	2
ENSONIG00000040831	0	0	0
ENSONIG00000040832	2	0	3
ENSONIG00000040833	0	0	0
ENSONIG00000040834	2	0	19
ENSONIG00000040835	3	0	83
ENSONIG00000040836	1	0	7
ENSONIG00000040837	0	1	0
ENSONIG00000040838	0	0	2
ENSONIG00000040839	2	0	0
ENSONIG00000040840	1	0	0
ENSONIG00000040841	0	0	0
ENSONIG00000040842	0	0	0
ENSONIG00000040843	0	0	11
ENSONIG00000040844	0	0	0
ENSONIG00000040845	0	0	2
ENSONIG00000040846	0	0	0
ENSONIG00000040847	0	0	1
ENSONIG00000040848	0	0	0
ENSONIG00000040849	0	2	8
ENSONIG00000040850	3	4	57
ENSONIG00000040851	1	0	28
ENSONIG00000040852	0	0	0
ENSONIG00000040853	2	1	2
ENSONIG00000040854	0	0	0
ENSONIG00000040855	0	0	0
ENSONIG00000040856	0	0	1
ENSONIG00000040857	1	0	0
ENSONIG00000040858	0	0	0
ENSONIG00000040859	39	3	70
ENSONIG00000040860	17	1	2
ENSONIG00000040861	0	0	1
ENSONIG00000040862	0	0	2
ENSONIG00000040863	0	0	0
ENSONIG00000040864	0	0	0
ENSONIG00000040865	0	0	0
ENSONIG00000040866	0	0	0
ENSONIG00000040867	0	0	0
ENSONIG00000040868	3	3	1
ENSONIG00000040869	0	3	1
ENSONIG00000040870	0	0	0
ENSONIG00000040871	3	0	3
ENSONIG00000040872	4	3	91
ENSONIG00000040873	0	0	0
ENSONIG00000040874	1	1	4
ENSONIG00000040875	23	22	70
ENSONIG00000040876	0	0	0
ENSONIG00000040877	0	0	0
ENSONIG00000040878	0	0	0
ENSONIG00000040879	1	0	1
ENSONIG00000040880	0	0	0
ENSONIG00000040881	0	0	1
ENSONIG00000040882	0	0	1
ENSONIG00000040883	1	0	0
ENSONIG00000040884	0	0	0
ENSONIG00000040885	0	0	0
ENSONIG00000040886	0	0	0
ENSONIG00000040887	3	0	1
ENSONIG00000040888	0	1	0
ENSONIG00000040889	0	0	4
ENSONIG00000040890	0	0	0
ENSONIG00000040891	0	0	0
ENSONIG00000040892	0	1	0
ENSONIG00000040893	8	10	11
ENSONIG00000040894	8	0	6
ENSONIG00000040895	0	0	1
ENSONIG00000040896	0	0	0
ENSONIG00000040897	0	0	1
ENSONIG00000040898	0	10	74
ENSONIG00000040899	0	0	0
ENSONIG00000040900	0	0	0
ENSONIG00000040901	0	0	0
ENSONIG00000040902	37	173	208
ENSONIG00000040903	0	0	0
ENSONIG00000040904	18	1	42
ENSONIG00000040905	0	0	0
ENSONIG00000040906	52	43	74
ENSONIG00000040907	0	1	0
ENSONIG00000040908	0	0	0
ENSONIG00000040909	0	0	0
ENSONIG00000040910	0	0	0
ENSONIG00000040911	0	0	0
ENSONIG00000040912	0	1	6
ENSONIG00000040913	0	0	1
ENSONIG00000040914	0	0	0
ENSONIG00000040915	1	3	10
ENSONIG00000040916	0	0	0
ENSONIG00000040917	0	0	5
ENSONIG00000040918	0	0	0
ENSONIG00000040919	0	0	0
ENSONIG00000040920	0	0	0
ENSONIG00000040921	0	0	0
ENSONIG00000040922	0	0	0
ENSONIG00000040923	0	0	0
ENSONIG00000040924	0	3	10
ENSONIG00000040925	0	0	0
ENSONIG00000040926	0	0	0
ENSONIG00000040927	0	1	0
ENSONIG00000040928	0	0	0
ENSONIG00000040929	1	0	0
ENSONIG00000040930	0	0	0
ENSONIG00000040931	0	0	0
ENSONIG00000040932	0	0	0
ENSONIG00000040933	0	0	0
ENSONIG00000040934	0	0	7
ENSONIG00000040935	0	0	0
ENSONIG00000040936	0	0	0
ENSONIG00000040937	4	0	0
ENSONIG00000040938	5	4	90
ENSONIG00000040939	0	0	0
ENSONIG00000040940	0	0	2
ENSONIG00000040941	0	0	0
ENSONIG00000040942	0	1	4
ENSONIG00000040943	0	0	0
ENSONIG00000040944	3	0	0
ENSONIG00000040945	7	1	29
ENSONIG00000040946	0	0	0
ENSONIG00000040947	32	43	770
ENSONIG00000040948	0	0	2
ENSONIG00000040949	0	0	0
ENSONIG00000040950	0	0	0
ENSONIG00000040951	0	0	0
ENSONIG00000040952	0	0	0
ENSONIG00000040953	1	0	1
ENSONIG00000040954	2	0	2
ENSONIG00000040955	0	0	0
ENSONIG00000040956	0	0	0
ENSONIG00000040957	0	0	0
ENSONIG00000040958	0	0	0
ENSONIG00000040959	0	0	0
ENSONIG00000040960	0	0	0
ENSONIG00000040961	0	0	0
ENSONIG00000040962	0	0	1
ENSONIG00000040963	1	1	38
ENSONIG00000040964	43	6	15
ENSONIG00000040965	0	0	0
ENSONIG00000040966	0	0	1
ENSONIG00000040967	1	0	0
ENSONIG00000040968	0	0	0
ENSONIG00000040969	0	0	0
ENSONIG00000040970	0	0	0
ENSONIG00000040971	0	0	0
ENSONIG00000040972	0	0	1
ENSONIG00000040973	0	0	3
ENSONIG00000040974	0	0	0
ENSONIG00000040975	0	0	2
ENSONIG00000040976	0	0	0
ENSONIG00000040977	0	0	0
ENSONIG00000040978	0	3	0
ENSONIG00000040979	1	0	1
ENSONIG00000040980	1	0	0
ENSONIG00000040981	0	0	8
ENSONIG00000040982	0	0	0
ENSONIG00000040983	0	0	0
ENSONIG00000040984	0	0	0
ENSONIG00000040985	0	0	0
ENSONIG00000040986	0	0	0
ENSONIG00000040987	0	0	2
ENSONIG00000040988	0	0	1
ENSONIG00000040989	2	9	123
ENSONIG00000040990	2	1	4
ENSONIG00000040991	0	0	0
ENSONIG00000040992	0	0	0
ENSONIG00000040993	0	0	0
ENSONIG00000040994	0	0	0
ENSONIG00000040995	4	2	2
ENSONIG00000040996	16	2	1
ENSONIG00000040997	15	163	132
ENSONIG00000040998	0	0	3
ENSONIG00000040999	0	0	0
ENSONIG00000041000	0	0	0
ENSONIG00000041001	0	0	2
ENSONIG00000041002	0	0	2
ENSONIG00000041003	0	0	0
ENSONIG00000041004	0	0	0
ENSONIG00000041005	0	0	0
ENSONIG00000041006	3	0	0
ENSONIG00000041007	4	0	15
ENSONIG00000041008	0	0	0
ENSONIG00000041009	0	0	0
ENSONIG00000041010	0	0	0
ENSONIG00000041011	0	0	1
ENSONIG00000041012	0	0	6
ENSONIG00000041013	0	0	0
ENSONIG00000041014	0	0	0
ENSONIG00000041015	4	0	28
ENSONIG00000041016	0	0	0
ENSONIG00000041017	0	0	0
ENSONIG00000041018	9	0	6
ENSONIG00000041019	0	1	3
ENSONIG00000041020	0	0	0
ENSONIG00000041021	3	1	2
ENSONIG00000041022	8	10	151
ENSONIG00000041023	0	0	0
ENSONIG00000041024	2	1	6
ENSONIG00000041025	0	0	0
ENSONIG00000041026	0	0	0
ENSONIG00000041027	0	0	0
ENSONIG00000041028	0	0	0
ENSONIG00000041029	0	0	0
ENSONIG00000041030	0	0	0
ENSONIG00000041031	0	0	0
ENSONIG00000041032	0	0	0
ENSONIG00000041033	12	9	71
ENSONIG00000041034	1	3	4
ENSONIG00000041035	0	0	1
ENSONIG00000041036	0	0	0
ENSONIG00000041037	0	0	0
ENSONIG00000041038	0	0	0
ENSONIG00000041039	0	0	0
ENSONIG00000041040	0	0	0
ENSONIG00000041041	1	0	2
ENSONIG00000041042	1	0	3
ENSONIG00000041043	0	0	0
ENSONIG00000041044	0	0	0
ENSONIG00000041045	0	0	9
ENSONIG00000041046	0	0	0
ENSONIG00000041047	0	1	22
ENSONIG00000041048	0	0	0
ENSONIG00000041049	0	0	0
ENSONIG00000041050	0	0	0
ENSONIG00000041051	0	0	0
ENSONIG00000041052	0	0	0
ENSONIG00000041053	0	0	0
ENSONIG00000041054	0	0	11
ENSONIG00000041055	0	0	0
ENSONIG00000041056	0	0	0
ENSONIG00000041057	1	2	11
ENSONIG00000041058	0	0	0
ENSONIG00000041059	12	0	0
ENSONIG00000041060	0	0	0
ENSONIG00000041061	0	0	0
ENSONIG00000041062	0	0	16
ENSONIG00000041063	1	0	3
ENSONIG00000041064	0	0	0
ENSONIG00000041065	0	0	0
ENSONIG00000041066	0	0	2
ENSONIG00000041067	4	4	0
ENSONIG00000041068	0	0	0
ENSONIG00000041069	0	0	0
ENSONIG00000041070	0	0	0
ENSONIG00000041071	0	0	4
ENSONIG00000041072	0	0	1
ENSONIG00000041073	2	0	1
ENSONIG00000041074	0	0	0
ENSONIG00000041075	0	0	0
ENSONIG00000041076	0	0	0
ENSONIG00000041077	0	0	0
ENSONIG00000041078	0	0	0
ENSONIG00000041079	24	2	18
ENSONIG00000041080	2	0	15
ENSONIG00000041081	0	0	0
ENSONIG00000041082	0	0	0
ENSONIG00000041083	0	0	0
ENSONIG00000041084	27	10	18
ENSONIG00000041085	4	1	22
ENSONIG00000041086	0	0	0
ENSONIG00000041087	0	0	15
ENSONIG00000041088	0	0	0
ENSONIG00000041089	0	0	1
ENSONIG00000041090	0	0	0
ENSONIG00000041091	0	0	0
ENSONIG00000041092	0	1	0
ENSONIG00000041093	0	0	0
ENSONIG00000041094	0	0	14
ENSONIG00000041095	0	0	0
ENSONIG00000041096	0	0	0
ENSONIG00000041097	1	1	39
ENSONIG00000041098	0	0	0
ENSONIG00000041099	0	0	0
ENSONIG00000041100	0	0	1
ENSONIG00000041101	0	0	0
ENSONIG00000041102	0	0	0
ENSONIG00000041103	0	0	0
ENSONIG00000041104	0	0	0
ENSONIG00000041105	0	0	0
ENSONIG00000041106	0	0	0
ENSONIG00000041107	0	0	0
ENSONIG00000041108	0	0	2
ENSONIG00000041109	0	0	0
ENSONIG00000041110	0	0	0
ENSONIG00000041111	7	19	598
ENSONIG00000041112	0	0	0
ENSONIG00000041113	0	0	0
ENSONIG00000041114	4	5	15
ENSONIG00000041115	0	0	1
ENSONIG00000041116	0	0	5
ENSONIG00000041117	8	6	36
ENSONIG00000041118	0	0	0
ENSONIG00000041119	0	0	3
ENSONIG00000041120	0	0	0
ENSONIG00000041121	0	0	11
ENSONIG00000041122	0	0	1
ENSONIG00000041123	0	0	0
ENSONIG00000041124	0	0	0
ENSONIG00000041125	0	2	0
ENSONIG00000041126	0	4	1
ENSONIG00000041127	0	0	0
ENSONIG00000041128	0	0	0
ENSONIG00000041129	0	1	1
ENSONIG00000041130	180	104	89
ENSONIG00000041131	0	0	0
ENSONIG00000041132	0	0	0
ENSONIG00000041133	1	2	2
ENSONIG00000041134	13	0	2
ENSONIG00000041135	1	0	7
ENSONIG00000041136	0	0	0
ENSONIG00000041137	0	2	0
ENSONIG00000041138	0	0	0
ENSONIG00000041139	0	0	0
ENSONIG00000041140	2	0	0
ENSONIG00000041141	0	0	0
ENSONIG00000041142	0	0	0
ENSONIG00000041143	0	0	0
ENSONIG00000041144	1	1	0
ENSONIG00000041145	1	0	1
ENSONIG00000041146	0	0	0
ENSONIG00000041147	0	0	0
ENSONIG00000041148	0	0	0
ENSONIG00000041149	0	0	0
ENSONIG00000041150	260	89	94
ENSONIG00000041151	0	0	0
ENSONIG00000041152	0	0	0
ENSONIG00000041153	0	0	0
ENSONIG00000041154	0	2	40
ENSONIG00000041155	0	0	0
ENSONIG00000041156	0	0	0
ENSONIG00000041157	0	0	0
ENSONIG00000041158	1	1	7
ENSONIG00000041159	0	0	0
ENSONIG00000041160	0	0	0
ENSONIG00000041161	1	0	0
ENSONIG00000041162	0	0	0
ENSONIG00000041163	0	0	0
ENSONIG00000041164	0	0	3
ENSONIG00000041165	0	0	1
ENSONIG00000041166	19	1	1
ENSONIG00000041167	418	404	349
ENSONIG00000041168	0	0	0
ENSONIG00000041169	2	3	63
ENSONIG00000041170	0	0	0
ENSONIG00000041171	0	1	0
ENSONIG00000041172	0	0	0
ENSONIG00000041173	0	0	0
ENSONIG00000041174	0	1	0
ENSONIG00000041175	0	0	0
ENSONIG00000041176	0	0	4
ENSONIG00000041177	0	0	0
ENSONIG00000041178	0	0	44
ENSONIG00000041179	0	0	0
ENSONIG00000041180	3	6	43
ENSONIG00000041181	0	0	0
ENSONIG00000041182	4	2	27
ENSONIG00000041183	0	0	0
ENSONIG00000041184	6	2	8
ENSONIG00000041185	0	0	0
ENSONIG00000041186	0	0	1
ENSONIG00000041187	1	0	1
ENSONIG00000041188	0	0	4
ENSONIG00000041189	35	2	13
ENSONIG00000041190	1	0	0
ENSONIG00000041191	0	0	0
ENSONIG00000041192	0	0	42
ENSONIG00000041193	0	0	0
ENSONIG00000041194	0	0	5
ENSONIG00000041195	0	0	0
ENSONIG00000041196	0	0	0
ENSONIG00000041197	5	1	24
ENSONIG00000041198	0	0	25
ENSONIG00000041199	0	0	0
ENSONIG00000041200	3	0	0
ENSONIG00000041201	0	0	0
ENSONIG00000041202	0	0	0
ENSONIG00000041203	0	0	0
ENSONIG00000041204	0	1	0
ENSONIG00000041205	0	0	0
ENSONIG00000041206	0	0	6
ENSONIG00000041207	0	1	0
ENSONIG00000041208	0	0	0
ENSONIG00000041209	0	0	0
ENSONIG00000041210	0	0	5
ENSONIG00000041211	0	1	8
ENSONIG00000041212	6	6	4
ENSONIG00000041213	2	0	46
ENSONIG00000041214	0	0	0
ENSONIG00000041215	0	0	0
ENSONIG00000041216	0	0	6
ENSONIG00000041217	0	0	0
ENSONIG00000041218	0	0	1
ENSONIG00000041219	0	0	0
ENSONIG00000041220	0	0	0
ENSONIG00000041221	0	0	1
ENSONIG00000041222	0	0	0
ENSONIG00000041223	0	0	0
ENSONIG00000041224	0	0	0
ENSONIG00000041225	0	2	2
ENSONIG00000041226	0	0	1
ENSONIG00000041227	0	0	0
ENSONIG00000041228	0	0	0
ENSONIG00000041229	0	0	0
ENSONIG00000041230	0	9	2
ENSONIG00000041231	0	0	0
ENSONIG00000041232	0	0	0
ENSONIG00000041233	0	0	0
ENSONIG00000041234	0	0	0
ENSONIG00000041235	0	0	0
ENSONIG00000041236	0	0	0
ENSONIG00000041237	3	2	13
ENSONIG00000041238	0	0	1
ENSONIG00000041239	0	1	53
ENSONIG00000041240	0	0	0
ENSONIG00000041241	3	1	6
ENSONIG00000041242	0	0	0
ENSONIG00000041243	0	0	0
ENSONIG00000041244	0	0	0
ENSONIG00000041245	0	0	0
ENSONIG00000041246	0	0	0
ENSONIG00000041247	0	0	0
ENSONIG00000041248	0	0	0
ENSONIG00000041249	1	1	65
ENSONIG00000041250	0	0	1
ENSONIG00000041251	2	0	11
ENSONIG00000041252	0	0	0
ENSONIG00000041253	0	0	0
ENSONIG00000041254	0	0	0
ENSONIG00000041255	1	0	3
ENSONIG00000041256	1	1	58
ENSONIG00000041257	0	0	0
ENSONIG00000041258	0	0	2
ENSONIG00000041259	3	4	4
ENSONIG00000041260	0	0	0
ENSONIG00000041261	8	0	8
ENSONIG00000041262	0	0	0
ENSONIG00000041263	1	0	9
ENSONIG00000041264	0	0	0
ENSONIG00000041265	0	0	0
ENSONIG00000041266	0	0	0
ENSONIG00000041267	0	0	0
ENSONIG00000041268	0	0	0
ENSONIG00000041269	3	0	4
ENSONIG00000041270	0	1	10
ENSONIG00000041271	0	0	0
ENSONIG00000041272	2	1	16
ENSONIG00000041273	0	0	0
ENSONIG00000041274	0	2	1
ENSONIG00000041275	0	0	0
ENSONIG00000041276	0	0	2
ENSONIG00000041277	4	0	0
ENSONIG00000041278	0	0	0
ENSONIG00000041279	0	0	0
ENSONIG00000041280	0	0	0
ENSONIG00000041281	2	0	2
ENSONIG00000041282	0	0	0
ENSONIG00000041283	0	0	0
ENSONIG00000041284	0	1	5
ENSONIG00000041285	0	0	0
ENSONIG00000041286	0	0	0
ENSONIG00000041287	0	0	0
ENSONIG00000041288	0	0	0
ENSONIG00000041289	13	1	47
ENSONIG00000041290	0	0	0
ENSONIG00000041291	0	0	0
ENSONIG00000041292	0	0	0
ENSONIG00000041293	0	0	3
ENSONIG00000041294	2	2	6
ENSONIG00000041295	0	0	0
ENSONIG00000041296	0	1	15
ENSONIG00000041297	0	0	1
ENSONIG00000041298	4	3	53
ENSONIG00000041299	0	0	0
ENSONIG00000041300	98	4	38
ENSONIG00000041301	0	0	0
ENSONIG00000041302	0	0	0
ENSONIG00000041303	0	0	0
ENSONIG00000041304	1	0	49
ENSONIG00000041305	0	1	5
ENSONIG00000041306	0	0	0
ENSONIG00000041307	0	0	0
ENSONIG00000041308	0	0	4
ENSONIG00000041309	0	0	0
ENSONIG00000041310	0	0	0
ENSONIG00000041311	10	4	9
ENSONIG00000041312	0	1	0
ENSONIG00000041313	1	14	6
ENSONIG00000041314	0	0	0
ENSONIG00000041315	1	0	5
ENSONIG00000041316	0	0	0
ENSONIG00000041317	0	0	0
ENSONIG00000041318	3	5	15
ENSONIG00000041319	0	0	0
ENSONIG00000041320	0	0	0
ENSONIG00000041321	0	0	5
ENSONIG00000041322	0	0	3
ENSONIG00000041323	0	2	0
ENSONIG00000041324	0	0	0
ENSONIG00000041325	1	0	1
ENSONIG00000041326	0	0	0
ENSONIG00000041327	1	10	32
ENSONIG00000041328	0	0	1
ENSONIG00000041329	0	0	1
ENSONIG00000041330	0	4	27
ENSONIG00000041331	0	0	0
ENSONIG00000041332	0	0	0
ENSONIG00000041333	0	0	0
ENSONIG00000041334	0	0	1
ENSONIG00000041335	0	0	0
ENSONIG00000041336	0	0	0
ENSONIG00000041337	97	24	94
ENSONIG00000041338	1	4	106
ENSONIG00000041339	147	385	446
ENSONIG00000041340	2	3	21
ENSONIG00000041341	0	0	0
ENSONIG00000041342	0	0	0
ENSONIG00000041343	0	0	0
ENSONIG00000041344	0	0	4
ENSONIG00000041345	0	0	3
ENSONIG00000041346	0	0	0
ENSONIG00000041347	22	16	346
ENSONIG00000041348	12507	166	43
ENSONIG00000041349	0	0	0
ENSONIG00000041350	0	2	1
ENSONIG00000041351	0	0	0
ENSONIG00000041352	0	0	0
ENSONIG00000041353	0	0	0
ENSONIG00000041354	0	0	0
ENSONIG00000041355	0	1	7
ENSONIG00000041356	0	0	1
ENSONIG00000041357	86	19	27
ENSONIG00000041358	0	0	1
ENSONIG00000041359	0	0	0
ENSONIG00000041360	0	0	0
ENSONIG00000041361	0	0	0
ENSONIG00000041362	0	0	0
ENSONIG00000041363	0	0	4
ENSONIG00000041364	0	0	0
ENSONIG00000041365	0	0	1
ENSONIG00000041366	0	0	0
ENSONIG00000041367	5	1	87
ENSONIG00000041368	0	0	0
ENSONIG00000041369	1	0	0
ENSONIG00000041370	9	25	448
ENSONIG00000041371	1	13	43
ENSONIG00000041372	0	0	0
ENSONIG00000041373	0	0	0
ENSONIG00000041374	0	0	0
ENSONIG00000041375	0	0	0
ENSONIG00000041376	0	0	0
ENSONIG00000041377	0	0	0
ENSONIG00000041378	0	0	1
ENSONIG00000041379	0	0	1
ENSONIG00000041380	0	0	0
ENSONIG00000041381	0	0	2
ENSONIG00000041382	0	0	0
ENSONIG00000041383	0	0	0
ENSONIG00000041384	0	0	0
ENSONIG00000041385	0	0	1
ENSONIG00000041386	0	0	11
ENSONIG00000041387	0	0	0
ENSONIG00000041388	0	0	0
ENSONIG00000041389	1	0	0
ENSONIG00000041390	2	1	34
ENSONIG00000041391	2	0	0
ENSONIG00000041392	0	0	7
ENSONIG00000041393	0	0	0
ENSONIG00000041394	3	2	6
ENSONIG00000041395	3	0	0
ENSONIG00000041396	0	0	0
ENSONIG00000041397	0	0	0
ENSONIG00000041398	0	0	0
ENSONIG00000041399	0	0	0
ENSONIG00000041400	3	0	5
ENSONIG00000041401	1	0	0
ENSONIG00000041402	0	0	0
ENSONIG00000041403	0	0	0
ENSONIG00000041404	0	0	0
ENSONIG00000041405	0	0	0
ENSONIG00000041406	2	0	1
ENSONIG00000041407	0	0	0
ENSONIG00000041408	0	0	0
ENSONIG00000041409	0	0	0
ENSONIG00000041410	0	0	0
ENSONIG00000041411	0	0	0
ENSONIG00000041412	0	0	0
ENSONIG00000041413	0	0	0
ENSONIG00000041414	1	0	5
ENSONIG00000041415	0	0	0
ENSONIG00000041416	16	1	2
ENSONIG00000041417	0	0	0
ENSONIG00000041418	0	0	0
ENSONIG00000041419	0	0	1
ENSONIG00000041420	0	1	0
ENSONIG00000041421	1	1	0
ENSONIG00000041422	0	0	0
ENSONIG00000041423	4	4	23
ENSONIG00000041424	0	0	0
ENSONIG00000041425	0	0	5
ENSONIG00000041426	0	0	0
ENSONIG00000041427	1	0	1
ENSONIG00000041428	0	0	0
ENSONIG00000041429	0	0	2
ENSONIG00000041430	0	1	39
ENSONIG00000041431	0	0	3
ENSONIG00000041432	0	0	0
ENSONIG00000041433	0	0	0
ENSONIG00000041434	0	0	0
ENSONIG00000041435	0	0	0
ENSONIG00000041436	0	0	0
ENSONIG00000041437	0	0	3
ENSONIG00000041438	0	0	0
ENSONIG00000041439	0	0	1
ENSONIG00000041440	2	1	9
ENSONIG00000041441	0	0	0
ENSONIG00000041442	1	0	2
ENSONIG00000041443	0	0	0
ENSONIG00000041444	2	0	8
ENSONIG00000041445	0	0	0
ENSONIG00000041446	0	0	0
ENSONIG00000041447	0	0	1
ENSONIG00000041448	0	0	0
ENSONIG00000041449	0	2	0
ENSONIG00000041450	0	0	0
ENSONIG00000041451	0	0	0
ENSONIG00000041452	140	42	15
ENSONIG00000041453	0	0	0
ENSONIG00000041454	0	0	7
ENSONIG00000041455	1	0	0
ENSONIG00000041456	0	0	1
ENSONIG00000041457	0	0	0
ENSONIG00000041458	0	0	0
ENSONIG00000041459	3	1	0
ENSONIG00000041460	0	0	0
ENSONIG00000041461	0	0	1
ENSONIG00000041462	0	0	1
ENSONIG00000041463	0	0	0
ENSONIG00000041464	0	0	0
ENSONIG00000041465	0	0	0
ENSONIG00000041466	0	0	0
ENSONIG00000041467	0	0	4
ENSONIG00000041468	0	1	11
ENSONIG00000041469	8	0	0
ENSONIG00000041470	0	0	0
ENSONIG00000041471	1	0	0
ENSONIG00000041472	0	0	0
ENSONIG00000041473	0	0	1
ENSONIG00000041474	1	0	5
ENSONIG00000041475	0	1	0
ENSONIG00000041476	0	1	0
ENSONIG00000041477	3	0	0
ENSONIG00000041478	2	0	0
ENSONIG00000041479	0	0	3
ENSONIG00000041480	0	0	0
ENSONIG00000041481	0	0	0
ENSONIG00000041482	0	0	0
ENSONIG00000041483	39	2	2
ENSONIG00000041484	0	0	0
ENSONIG00000041485	0	0	0
ENSONIG00000041486	0	0	0
ENSONIG00000041487	0	0	1
ENSONIG00000041488	0	0	0
ENSONIG00000041489	0	0	6
ENSONIG00000041490	0	0	0
ENSONIG00000041491	0	0	0
ENSONIG00000041492	0	0	0
ENSONIG00000041493	0	0	0
ENSONIG00000041494	0	0	0
ENSONIG00000041495	0	0	0
ENSONIG00000041496	0	0	0
ENSONIG00000041497	0	0	0
ENSONIG00000041498	2	5	1
ENSONIG00000041499	0	1	0
ENSONIG00000041500	0	0	0
ENSONIG00000041501	2	0	0
ENSONIG00000041502	57	21	20
ENSONIG00000041503	0	1	0
ENSONIG00000041504	2	0	3
ENSONIG00000041505	1	2	0
ENSONIG00000041506	0	0	0
ENSONIG00000041507	0	0	0
ENSONIG00000041508	9	10	149
ENSONIG00000041509	0	0	0
ENSONIG00000041510	3	1	1
ENSONIG00000041511	0	0	0
ENSONIG00000041512	0	0	16
ENSONIG00000041513	1	2	8
ENSONIG00000041514	0	0	0
ENSONIG00000041515	0	0	0
ENSONIG00000041516	2	2	6
ENSONIG00000041517	0	0	3
ENSONIG00000041518	1	0	7
ENSONIG00000041519	0	0	0
ENSONIG00000041520	0	0	0
ENSONIG00000041521	0	1	53
ENSONIG00000041522	0	0	0
ENSONIG00000041523	0	0	0
ENSONIG00000041524	0	0	0
ENSONIG00000041525	0	1	0
ENSONIG00000041526	1	0	0
ENSONIG00000041527	0	1	2
ENSONIG00000041528	0	0	0
ENSONIG00000041529	0	0	3
ENSONIG00000041530	0	0	0
ENSONIG00000041531	0	0	0
ENSONIG00000041532	0	0	0
ENSONIG00000041533	0	0	0
ENSONIG00000041534	0	0	0
ENSONIG00000041535	0	0	0
ENSONIG00000041536	0	0	0
ENSONIG00000041537	0	0	0
ENSONIG00000041538	0	0	0
ENSONIG00000041539	0	0	2
ENSONIG00000041540	0	0	1
ENSONIG00000041541	0	0	0
ENSONIG00000041542	0	0	0
ENSONIG00000041543	0	0	1
ENSONIG00000041544	21	9	70
ENSONIG00000041545	0	0	0
ENSONIG00000041546	0	0	0
ENSONIG00000041547	0	0	7
ENSONIG00000041548	0	0	0
ENSONIG00000041549	0	0	2
ENSONIG00000041550	0	0	0
ENSONIG00000041551	1	1	8
ENSONIG00000041552	6	0	17
ENSONIG00000041553	0	0	0
ENSONIG00000041554	1	0	0
ENSONIG00000041555	1	0	0
ENSONIG00000041556	0	0	1
ENSONIG00000041557	0	0	0
ENSONIG00000041558	0	0	0
ENSONIG00000041559	14	4	526
ENSONIG00000041560	0	0	2
ENSONIG00000041561	3	2	49
ENSONIG00000041562	0	0	0
ENSONIG00000041563	0	0	23
ENSONIG00000041564	3	1	7
ENSONIG00000041565	0	0	0
ENSONIG00000041566	2	0	1
ENSONIG00000041567	0	0	2
ENSONIG00000041568	24	0	2
ENSONIG00000041569	1	0	1
ENSONIG00000041570	0	0	1
ENSONIG00000041571	110	6	9
ENSONIG00000041572	0	0	0
ENSONIG00000041573	0	0	0
ENSONIG00000041574	4	18	865
ENSONIG00000041575	0	0	0
ENSONIG00000041576	1	0	1
ENSONIG00000041577	4	1	2
ENSONIG00000041578	0	0	0
ENSONIG00000041579	0	0	0
ENSONIG00000041580	0	0	0
ENSONIG00000041581	0	0	0
ENSONIG00000041582	2	1	4
ENSONIG00000041583	0	0	0
ENSONIG00000041584	0	0	0
ENSONIG00000041585	0	0	2
ENSONIG00000041586	0	0	0
ENSONIG00000041587	0	0	2
ENSONIG00000041588	5	1	65
ENSONIG00000041589	2	7	31
ENSONIG00000041590	2	0	2
ENSONIG00000041591	34	10	140
ENSONIG00000041592	0	0	0
ENSONIG00000041593	0	0	0
ENSONIG00000041594	1	0	0
ENSONIG00000041595	1	0	12
ENSONIG00000041596	3	0	0
ENSONIG00000041597	0	0	0
ENSONIG00000041598	0	0	0
ENSONIG00000041599	0	0	0
ENSONIG00000041600	0	0	2
ENSONIG00000041601	1	0	8
ENSONIG00000041602	0	0	22
ENSONIG00000041603	0	0	0
ENSONIG00000041604	0	0	9
ENSONIG00000041605	0	0	0
ENSONIG00000041606	0	0	0
ENSONIG00000041607	0	0	0
ENSONIG00000041608	0	0	0
ENSONIG00000041609	0	0	0
ENSONIG00000041610	0	0	0
ENSONIG00000041611	1	0	0
ENSONIG00000041612	40	7	8
ENSONIG00000041613	1	0	2
ENSONIG00000041614	2	0	2
ENSONIG00000041615	0	0	0
ENSONIG00000041616	2	0	5
ENSONIG00000041617	0	0	1
ENSONIG00000041618	0	0	0
ENSONIG00000041619	7	23	7
ENSONIG00000041620	13	3	40
ENSONIG00000041621	0	0	0
ENSONIG00000041622	0	0	0
ENSONIG00000041623	0	0	0
ENSONIG00000041624	2	0	0
ENSONIG00000041625	0	0	0
ENSONIG00000041626	0	0	1
ENSONIG00000041627	0	0	0
ENSONIG00000041628	0	0	0
ENSONIG00000041629	0	0	0
ENSONIG00000041630	0	0	0
ENSONIG00000041631	0	0	2
ENSONIG00000041632	0	0	0
ENSONIG00000041633	0	0	0
ENSONIG00000041634	0	0	0
ENSONIG00000041635	7	6	14
ENSONIG00000041636	0	0	0
ENSONIG00000041637	88	5	118
ENSONIG00000041638	1	0	0
ENSONIG00000041639	0	0	0
ENSONIG00000041640	0	0	0
ENSONIG00000041641	0	0	0
ENSONIG00000041642	0	0	0
ENSONIG00000041643	0	0	0
ENSONIG00000041644	0	1	48
ENSONIG00000041645	4	0	23
ENSONIG00000041646	12	6	6
ENSONIG00000041647	0	0	0
ENSONIG00000041648	18	0	0
ENSONIG00000041649	0	0	0
ENSONIG00000041650	0	0	0
ENSONIG00000041651	0	0	0
ENSONIG00000041652	0	0	1
ENSONIG00000041653	0	0	0
ENSONIG00000041654	0	0	0
ENSONIG00000041655	1	0	0
ENSONIG00000041656	0	0	0
ENSONIG00000041657	0	0	1
ENSONIG00000041658	0	0	0
ENSONIG00000041659	4	2	22
ENSONIG00000041660	3	1	2
ENSONIG00000041661	0	0	0
ENSONIG00000041662	0	0	1
ENSONIG00000041663	0	0	0
ENSONIG00000041664	0	0	0
ENSONIG00000041665	0	0	0
ENSONIG00000041666	0	0	0
ENSONIG00000041667	0	0	3
ENSONIG00000041668	0	1	7
ENSONIG00000041669	0	0	0
ENSONIG00000041670	0	0	0
ENSONIG00000041671	2	0	14
ENSONIG00000041672	0	1	34
ENSONIG00000041673	0	0	0
ENSONIG00000041674	0	0	0
ENSONIG00000041675	0	0	0
ENSONIG00000041676	4	1	35
ENSONIG00000041677	2	0	1
ENSONIG00000041678	0	1	0
ENSONIG00000041679	1	0	5
ENSONIG00000041680	0	0	0
ENSONIG00000041681	0	0	2
ENSONIG00000041682	2	0	0
ENSONIG00000041683	0	0	0
ENSONIG00000041684	0	0	4
ENSONIG00000041685	0	0	0
ENSONIG00000041686	0	0	4
ENSONIG00000041687	0	0	0
ENSONIG00000041688	0	0	0
ENSONIG00000041689	0	3	9
ENSONIG00000041690	0	0	0
ENSONIG00000041691	1	0	54
ENSONIG00000041692	1	0	0
ENSONIG00000041693	1	1	0
ENSONIG00000041694	0	0	0
ENSONIG00000041695	0	0	3
ENSONIG00000041696	4	0	1
ENSONIG00000041697	0	0	0
ENSONIG00000041698	0	0	0
ENSONIG00000041699	0	0	0
ENSONIG00000041700	0	1	0
ENSONIG00000041701	0	0	0
ENSONIG00000041702	1	0	18
ENSONIG00000041703	0	0	0
ENSONIG00000041704	0	0	1
ENSONIG00000041705	2	0	0
ENSONIG00000041706	0	0	32
ENSONIG00000041707	3	2	22
ENSONIG00000041708	0	0	0
ENSONIG00000041709	0	4	1
ENSONIG00000041710	0	0	0
ENSONIG00000041711	0	0	0
ENSONIG00000041712	0	0	0
ENSONIG00000041713	0	5	0
ENSONIG00000041714	1	0	0
ENSONIG00000041715	0	0	0
ENSONIG00000041716	1	0	0
ENSONIG00000041717	0	0	0
ENSONIG00000041718	0	0	0
ENSONIG00000041719	0	0	0
ENSONIG00000041720	0	0	0
ENSONIG00000041721	0	0	0
ENSONIG00000041722	1	2	12
ENSONIG00000041723	0	0	0
ENSONIG00000041724	0	0	0
ENSONIG00000041725	14	0	8
ENSONIG00000041726	0	0	0
ENSONIG00000041727	2	0	8
ENSONIG00000041728	0	0	3
ENSONIG00000041729	0	0	2
ENSONIG00000041730	0	0	0
ENSONIG00000041731	66	37	635
ENSONIG00000041732	7	2	35
ENSONIG00000041733	0	0	0
ENSONIG00000041734	1	5	2
ENSONIG00000041735	1	0	1
ENSONIG00000041736	0	0	1
ENSONIG00000041737	1	0	10
ENSONIG00000041738	10	3	40
ENSONIG00000041739	0	0	2
ENSONIG00000041740	0	0	0
ENSONIG00000041741	0	0	0
ENSONIG00000041742	0	0	0
ENSONIG00000041743	6	3	15
ENSONIG00000041744	0	0	0
ENSONIG00000041745	1	1	61
ENSONIG00000041746	1	0	12
ENSONIG00000041747	0	0	0
ENSONIG00000041748	0	0	21
ENSONIG00000041749	0	0	0
ENSONIG00000041750	0	0	2
ENSONIG00000041751	0	1	0
ENSONIG00000041752	3	0	3
ENSONIG00000041753	0	0	1
ENSONIG00000041754	0	0	0
ENSONIG00000041755	25	37	514
ENSONIG00000041756	0	0	0
ENSONIG00000041757	0	0	1
ENSONIG00000041758	0	0	0
ENSONIG00000041759	0	0	0
ENSONIG00000041760	0	0	1
ENSONIG00000041761	0	0	0
ENSONIG00000041762	0	0	0
ENSONIG00000041763	0	0	0
ENSONIG00000041764	1	3	137
ENSONIG00000041765	0	0	0
ENSONIG00000041766	8	7	3
ENSONIG00000041767	0	0	0
ENSONIG00000041768	14	0	0
ENSONIG00000041769	1	0	0
ENSONIG00000041770	0	0	0
ENSONIG00000041771	0	0	0
ENSONIG00000041772	1	0	2
ENSONIG00000041773	0	0	0
ENSONIG00000041774	0	0	0
ENSONIG00000041775	0	0	0
ENSONIG00000041776	12	10	58
ENSONIG00000041777	4	2	172
ENSONIG00000041778	0	0	0
ENSONIG00000041779	0	0	0
ENSONIG00000041780	1	1	21
ENSONIG00000041781	0	0	0
ENSONIG00000041782	1	0	14
ENSONIG00000041783	0	1	17
ENSONIG00000041784	0	0	0
ENSONIG00000041785	0	0	0
ENSONIG00000041786	0	0	1
ENSONIG00000041787	0	0	1
ENSONIG00000041788	0	0	1
ENSONIG00000041789	0	0	0
ENSONIG00000041790	1	1	0
ENSONIG00000041791	0	0	1
ENSONIG00000041792	5	3	0
ENSONIG00000041793	4	0	1
ENSONIG00000041794	0	0	0
ENSONIG00000041795	0	0	0
ENSONIG00000041796	0	0	0
ENSONIG00000041797	0	0	8
ENSONIG00000041798	0	0	1
ENSONIG00000041799	0	4	0
ENSONIG00000041800	2	13	5
ENSONIG00000041801	541	19	37
ENSONIG00000041802	0	0	0
ENSONIG00000041803	0	0	0
ENSONIG00000041804	0	0	0
ENSONIG00000041805	0	0	0
ENSONIG00000041806	0	0	0
ENSONIG00000041807	0	0	0
ENSONIG00000041808	0	0	0
ENSONIG00000041809	0	0	0
ENSONIG00000041810	0	0	1
ENSONIG00000041811	0	0	9
ENSONIG00000041812	0	0	0
ENSONIG00000041813	0	1	0
ENSONIG00000041814	4	3	3
ENSONIG00000041815	1	0	7
ENSONIG00000041816	27	0	4
ENSONIG00000041817	0	0	0
ENSONIG00000041818	1	0	0
ENSONIG00000041819	0	0	0
ENSONIG00000041820	0	3	0
ENSONIG00000041821	0	0	0
ENSONIG00000041822	0	0	1
ENSONIG00000041823	0	0	0
ENSONIG00000041824	0	0	8
ENSONIG00000041825	0	0	0
ENSONIG00000041826	0	0	1
ENSONIG00000041827	1	0	0
ENSONIG00000041828	0	0	0
ENSONIG00000041829	0	0	0
ENSONIG00000041830	0	0	0
ENSONIG00000041831	0	0	0
ENSONIG00000041832	0	0	0
ENSONIG00000041833	0	0	0
ENSONIG00000041834	0	0	7
ENSONIG00000041835	0	0	0
ENSONIG00000041836	0	0	4
ENSONIG00000041837	5	1	8
ENSONIG00000041838	0	0	0
ENSONIG00000041839	0	0	2
ENSONIG00000041840	3	0	8
ENSONIG00000041841	0	0	1
ENSONIG00000041842	0	0	0
ENSONIG00000041843	0	5	12
ENSONIG00000041844	0	0	0
ENSONIG00000041845	0	0	0
ENSONIG00000041846	9	4	39
ENSONIG00000041847	0	0	0
ENSONIG00000041848	2	0	0
ENSONIG00000041849	0	0	0
ENSONIG00000041850	0	0	0
ENSONIG00000041851	0	0	0
ENSONIG00000041852	0	0	0
ENSONIG00000041853	0	0	0
ENSONIG00000041854	0	0	0
ENSONIG00000041855	0	0	0
ENSONIG00000041856	0	0	0
ENSONIG00000041857	0	0	0
ENSONIG00000041858	47	26	70
ENSONIG00000041859	1	0	0
ENSONIG00000041860	0	0	0
ENSONIG00000041861	0	0	0
ENSONIG00000041862	1	0	0
ENSONIG00000041863	2	0	0
ENSONIG00000041864	0	0	0
ENSONIG00000041865	0	0	0
ENSONIG00000041866	0	0	0
ENSONIG00000041867	0	0	3
ENSONIG00000041868	0	0	0
ENSONIG00000041869	0	0	0
ENSONIG00000041870	0	0	0
ENSONIG00000041871	0	0	0
ENSONIG00000041872	0	0	2
ENSONIG00000041873	0	0	4
ENSONIG00000041875	0	0	0
ENSONIG00000041876	0	0	5
ENSONIG00000041877	0	0	0
ENSONIG00000041878	0	0	0
ENSONIG00000041879	0	0	0
ENSONIG00000041880	2	0	3
ENSONIG00000041881	4	0	2
ENSONIG00000041882	1	0	0
ENSONIG00000041883	0	0	0
ENSONIG00000041884	0	0	0
ENSONIG00000041885	0	0	0
ENSONIG00000041886	0	0	0
ENSONIG00000041887	0	0	2
ENSONIG00000041888	0	0	3
ENSONIG00000041889	0	0	0
ENSONIG00000041890	0	0	0
ENSONIG00000041891	0	0	2
ENSONIG00000041892	0	1	0
ENSONIG00000041893	0	0	0
ENSONIG00000041894	0	0	0
ENSONIG00000041895	0	1	1
ENSONIG00000041896	0	0	0
ENSONIG00000041897	0	2	36
ENSONIG00000041898	0	0	0
ENSONIG00000041899	0	0	0
ENSONIG00000041900	0	0	2
ENSONIG00000041901	0	0	0
ENSONIG00000041902	0	13	10
ENSONIG00000041903	0	0	2
ENSONIG00000041904	0	0	0
ENSONIG00000041905	0	0	0
ENSONIG00000041906	0	0	0
ENSONIG00000041907	1	2	1
ENSONIG00000041908	0	0	1
ENSONIG00000041909	0	0	0
ENSONIG00000041910	1	0	0
ENSONIG00000041911	1	0	0
ENSONIG00000041912	0	0	0
ENSONIG00000041913	0	0	0
ENSONIG00000041914	0	0	0
ENSONIG00000041915	0	0	0
ENSONIG00000041916	0	0	0
ENSONIG00000041917	0	0	0
ENSONIG00000041918	0	0	4
ENSONIG00000041919	0	0	0
ENSONIG00000041920	0	0	0
ENSONIG00000041921	0	0	0
ENSONIG00000041922	0	0	0
ENSONIG00000041923	0	0	36
ENSONIG00000041924	0	0	0
ENSONIG00000041925	0	0	0
ENSONIG00000041926	7	2	24
ENSONIG00000041927	0	0	0
ENSONIG00000041928	0	0	40
ENSONIG00000041929	3	0	5
ENSONIG00000041930	0	0	0
ENSONIG00000041931	12	8	8
ENSONIG00000041932	0	0	0
ENSONIG00000041933	0	0	4
ENSONIG00000041934	0	0	1
ENSONIG00000041935	0	0	0
ENSONIG00000041936	0	0	2
ENSONIG00000041937	0	0	0
ENSONIG00000041938	1	2	17
ENSONIG00000041939	0	0	0
ENSONIG00000041940	0	0	0
ENSONIG00000041941	0	0	0
ENSONIG00000041942	1	0	0
ENSONIG00000041943	1	0	0
ENSONIG00000041944	0	0	8
ENSONIG00000041945	0	0	1
ENSONIG00000041946	0	0	0
ENSONIG00000041947	0	0	0
ENSONIG00000041948	0	2	27
ENSONIG00000041949	0	1	4
ENSONIG00000041950	0	0	0
ENSONIG00000041951	0	0	0
ENSONIG00000041952	1	1	0
ENSONIG00000041953	0	0	0
ENSONIG00000041954	0	0	0
ENSONIG00000041955	0	0	0
ENSONIG00000041956	6	0	1
ENSONIG00000041957	12	0	0
ENSONIG00000041958	0	0	1
ENSONIG00000041959	0	0	0
ENSONIG00000041960	0	0	0
ENSONIG00000041961	0	0	0
ENSONIG00000041962	0	2	1
ENSONIG00000041963	3	0	17
ENSONIG00000041964	0	0	0
ENSONIG00000041965	0	0	0
ENSONIG00000041966	0	0	0
ENSONIG00000041967	26	9	24
ENSONIG00000041968	0	0	4
ENSONIG00000041969	0	0	0
ENSONIG00000041970	0	0	4
ENSONIG00000041971	1	1	0
ENSONIG00000041972	5	1	14
ENSONIG00000041973	1	0	0
ENSONIG00000041974	0	0	0
ENSONIG00000041975	0	0	0
ENSONIG00000041976	0	0	0
ENSONIG00000041977	1	0	4
ENSONIG00000041978	0	0	0
ENSONIG00000041979	22	47	153
ENSONIG00000041980	0	0	0
ENSONIG00000041981	0	0	0
ENSONIG00000041982	0	0	0
ENSONIG00000041983	0	0	2
ENSONIG00000041984	1	2	32
ENSONIG00000041985	2	0	3
ENSONIG00000041986	0	0	0
ENSONIG00000041987	0	0	0
ENSONIG00000041988	0	0	0
ENSONIG00000041989	0	0	0
ENSONIG00000041990	0	0	0
ENSONIG00000041991	1	0	0
ENSONIG00000041992	2	0	29
ENSONIG00000041993	0	0	7
ENSONIG00000041994	0	0	0
ENSONIG00000041995	0	3	1
ENSONIG00000041996	0	0	0
ENSONIG00000041997	0	0	2
ENSONIG00000041998	0	0	0
ENSONIG00000041999	0	0	3
ENSONIG00000042000	0	0	2
ENSONIG00000042001	8	5	74
ENSONIG00000042002	0	0	1
ENSONIG00000042003	0	0	0
ENSONIG00000042004	0	0	0
ENSONIG00000042005	3	1	4
ENSONIG00000042006	0	0	0
ENSONIG00000042007	0	2	15
ENSONIG00000042008	0	2	25
ENSONIG00000042009	0	0	0
ENSONIG00000042010	0	0	0
ENSONIG00000042011	0	0	0
ENSONIG00000042012	0	0	0
ENSONIG00000042013	0	0	0
ENSONIG00000042014	0	0	0
ENSONIG00000042015	2	0	0
ENSONIG00000042016	0	0	0
ENSONIG00000042017	0	0	0
ENSONIG00000042018	0	0	241
ENSONIG00000042019	0	0	0
ENSONIG00000042020	26	1	7
ENSONIG00000042021	0	0	0
ENSONIG00000042022	0	0	0
ENSONIG00000042023	0	0	0
ENSONIG00000042024	0	0	0
ENSONIG00000042025	0	0	3
ENSONIG00000042026	2	0	20
ENSONIG00000042027	0	0	0
ENSONIG00000042028	0	0	0
ENSONIG00000042029	0	0	0
ENSONIG00000042030	1	0	0
ENSONIG00000042031	1	0	11
ENSONIG00000042032	6	0	0
ENSONIG00000042033	0	0	0
ENSONIG00000042034	0	0	1
ENSONIG00000042035	0	0	0
ENSONIG00000042036	5	2	7
ENSONIG00000042037	0	0	0
ENSONIG00000042038	0	0	3
ENSONIG00000042039	0	0	0
ENSONIG00000042040	0	0	0
ENSONIG00000042041	0	0	0
ENSONIG00000042042	0	0	0
ENSONIG00000042043	0	0	0
ENSONIG00000042044	0	0	0
ENSONIG00000042045	4	5	4
ENSONIG00000042046	2	0	1
ENSONIG00000042047	3	0	2
ENSONIG00000042048	0	0	0
ENSONIG00000042049	0	0	0
ENSONIG00000042050	17	13	359
ENSONIG00000042051	1	0	1
ENSONIG00000042052	0	0	0
ENSONIG00000042053	0	0	0
ENSONIG00000042054	61	228	214
ENSONIG00000042055	0	0	0
ENSONIG00000042056	0	0	3
ENSONIG00000042057	0	0	0
ENSONIG00000042058	0	1	0
ENSONIG00000042059	0	0	0
ENSONIG00000042060	0	0	13
ENSONIG00000042061	0	0	0
ENSONIG00000042062	0	0	0
ENSONIG00000042063	0	0	0
ENSONIG00000042064	0	0	0
ENSONIG00000042065	3	1	105
ENSONIG00000042066	0	3	0
ENSONIG00000042067	0	0	5
ENSONIG00000042068	0	0	1
ENSONIG00000042069	0	0	0
ENSONIG00000042070	0	0	1
ENSONIG00000042071	0	0	1
ENSONIG00000042072	0	0	0
ENSONIG00000042073	0	0	0
ENSONIG00000042074	0	0	0
ENSONIG00000042075	0	0	0
ENSONIG00000042076	1	0	3
ENSONIG00000042077	0	2	43
ENSONIG00000042078	0	0	0
ENSONIG00000042079	0	0	0
ENSONIG00000042080	0	0	0
ENSONIG00000042081	0	0	1
ENSONIG00000042082	1	0	1
ENSONIG00000042083	1	3	0
ENSONIG00000042084	129	836	940
ENSONIG00000042085	0	0	0
ENSONIG00000042086	0	0	0
ENSONIG00000042087	0	0	1
ENSONIG00000042088	0	0	0
ENSONIG00000042089	0	0	0
ENSONIG00000042090	0	0	0
ENSONIG00000042091	1	0	1
ENSONIG00000042092	0	0	9
ENSONIG00000042093	3	24	307
ENSONIG00000042094	0	0	0
ENSONIG00000042095	0	0	0
ENSONIG00000042096	3	0	3
ENSONIG00000042097	0	0	0
ENSONIG00000042098	0	0	4
ENSONIG00000042099	0	0	0
ENSONIG00000042100	5	2	25
ENSONIG00000042101	22	2	0
ENSONIG00000042102	0	0	0
ENSONIG00000042103	29	16	311
ENSONIG00000042104	0	3	0
ENSONIG00000042105	0	0	0
ENSONIG00000042106	0	0	0
ENSONIG00000042107	0	0	19
ENSONIG00000042108	1	0	1
ENSONIG00000042109	0	0	0
ENSONIG00000042110	0	0	1
ENSONIG00000042111	0	0	0
ENSONIG00000042112	0	0	1
ENSONIG00000042113	0	0	0
ENSONIG00000042114	0	0	0
ENSONIG00000042115	0	0	0
ENSONIG00000042116	0	0	0
ENSONIG00000042117	10	0	2
ENSONIG00000042118	0	0	1
ENSONIG00000042119	0	0	0
ENSONIG00000042120	0	0	0
ENSONIG00000042121	0	0	3
ENSONIG00000042122	0	0	0
ENSONIG00000042123	2	0	0
ENSONIG00000042124	1	0	4
ENSONIG00000042125	0	0	0
ENSONIG00000042126	3	1	0
ENSONIG00000042127	0	0	0
ENSONIG00000042128	0	0	0
ENSONIG00000042129	9	7	148
ENSONIG00000042130	1	0	0
ENSONIG00000042131	0	0	0
ENSONIG00000042132	0	0	0
ENSONIG00000042133	0	0	0
ENSONIG00000042134	0	0	0
ENSONIG00000042135	1	2	10
ENSONIG00000042136	0	0	4
ENSONIG00000042137	53	55	70
ENSONIG00000042138	0	0	0
ENSONIG00000042139	0	0	0
ENSONIG00000042140	0	0	0
ENSONIG00000042141	12	3	5
ENSONIG00000042142	1	0	0
ENSONIG00000042143	0	3	8
ENSONIG00000042144	3	1	4
ENSONIG00000042145	0	0	0
ENSONIG00000042146	0	0	0
ENSONIG00000042147	2	4	19
ENSONIG00000042148	0	0	0
ENSONIG00000042149	0	0	0
ENSONIG00000042150	1	0	3
ENSONIG00000042151	0	0	0
ENSONIG00000042152	0	0	1
ENSONIG00000042153	5	101	80
ENSONIG00000042154	368	52	48
ENSONIG00000042155	0	0	0
ENSONIG00000042156	0	0	0
ENSONIG00000042157	0	0	0
ENSONIG00000042158	0	0	0
ENSONIG00000042159	0	0	0
ENSONIG00000042160	0	0	0
ENSONIG00000042161	1	0	0
ENSONIG00000042162	0	0	5
ENSONIG00000042163	0	0	0
ENSONIG00000042164	0	0	0
ENSONIG00000042165	0	0	6
ENSONIG00000042166	3	3	29
ENSONIG00000042167	0	0	0
ENSONIG00000042168	0	0	4
ENSONIG00000042169	1	0	10
ENSONIG00000042170	0	0	0
ENSONIG00000042171	0	0	55
ENSONIG00000042172	0	1	19
ENSONIG00000042173	1	0	2
ENSONIG00000042174	357	103	71
ENSONIG00000042175	0	0	0
ENSONIG00000042176	0	0	1
ENSONIG00000042177	0	0	0
ENSONIG00000042178	1	0	0
ENSONIG00000042179	0	0	0
ENSONIG00000042180	0	12	0
ENSONIG00000042181	0	0	3
ENSONIG00000042182	2	3	39
ENSONIG00000042183	0	0	0
ENSONIG00000042184	0	0	0
ENSONIG00000042185	9	0	15
ENSONIG00000042186	1	1	8
ENSONIG00000042187	0	0	0
ENSONIG00000042188	1	0	0
ENSONIG00000042189	1	0	11
ENSONIG00000042190	0	0	0
ENSONIG00000042191	0	0	0
ENSONIG00000042192	0	0	1
ENSONIG00000042193	0	0	3
ENSONIG00000042194	0	0	0
ENSONIG00000042195	0	0	0
ENSONIG00000042196	0	0	0
ENSONIG00000042197	0	0	2
ENSONIG00000042198	0	0	0
ENSONIG00000042199	0	0	0
ENSONIG00000042200	0	0	0
ENSONIG00000042201	0	31	43
ENSONIG00000042202	0	0	0
ENSONIG00000042203	0	0	0
ENSONIG00000042204	0	0	0
ENSONIG00000042205	0	0	0
ENSONIG00000042206	0	1	0
ENSONIG00000042207	0	1	8
ENSONIG00000042208	0	0	0
ENSONIG00000042209	0	0	0
ENSONIG00000042210	2	1	6
ENSONIG00000042211	0	0	0
ENSONIG00000042212	0	0	0
ENSONIG00000042213	0	0	0
ENSONIG00000042214	0	0	0
ENSONIG00000042215	1	0	0
ENSONIG00000042216	0	0	3
ENSONIG00000042217	0	0	0
ENSONIG00000042218	0	0	0
ENSONIG00000042219	1	0	17
ENSONIG00000042220	0	0	0
ENSONIG00000042221	0	0	0
ENSONIG00000042222	0	0	0
ENSONIG00000042223	0	0	0
ENSONIG00000042224	0	0	0
ENSONIG00000042225	0	0	0
ENSONIG00000042226	0	0	1
ENSONIG00000042227	0	0	0
ENSONIG00000042228	0	0	0
ENSONIG00000042229	9	2	19
ENSONIG00000042230	1	0	0
ENSONIG00000042231	0	0	7
ENSONIG00000042232	0	0	0
ENSONIG00000042233	0	0	0
ENSONIG00000042234	0	0	10
ENSONIG00000042235	1	0	0
ENSONIG00000042236	0	0	0
ENSONIG00000042237	1	0	0
ENSONIG00000042238	0	0	1
ENSONIG00000042239	0	2	0
ENSONIG00000042240	0	0	0
ENSONIG00000042241	0	0	0
ENSONIG00000042242	0	0	3
ENSONIG00000042243	0	0	1
ENSONIG00000042244	0	0	0
ENSONIG00000042245	0	0	0
ENSONIG00000042246	0	0	0
ENSONIG00000042247	0	1	0
ENSONIG00000042248	48	9	22
ENSONIG00000042249	0	0	3
ENSONIG00000042250	0	0	0
ENSONIG00000042251	0	0	0
ENSONIG00000042252	0	0	0
ENSONIG00000042253	0	0	0
ENSONIG00000042254	19756	46773	81261
ENSONIG00000042255	0	0	0
ENSONIG00000042256	0	0	0
ENSONIG00000042257	0	0	0
ENSONIG00000042258	0	0	0
ENSONIG00000042259	0	0	0
ENSONIG00000042260	20	8	738
ENSONIG00000042261	0	0	0
ENSONIG00000042262	0	0	4
ENSONIG00000042263	0	0	0
ENSONIG00000042264	16	0	5
ENSONIG00000042265	2	10	197
ENSONIG00000042266	0	0	0
ENSONIG00000042267	0	0	0
ENSONIG00000042268	0	0	0
ENSONIG00000042269	0	0	0
ENSONIG00000042270	0	0	0
ENSONIG00000042271	0	0	0
ENSONIG00000042272	0	0	0
ENSONIG00000042273	0	0	0
ENSONIG00000042274	0	0	0
ENSONIG00000042275	0	0	0
ENSONIG00000042276	0	0	0
ENSONIG00000042277	3	0	6
ENSONIG00000042278	0	0	0
ENSONIG00000042279	0	0	0
ENSONIG00000042280	0	0	0
ENSONIG00000042281	0	0	2
ENSONIG00000042282	0	0	0
ENSONIG00000042283	0	0	0
ENSONIG00000042284	0	0	0
ENSONIG00000042285	1	1	0
ENSONIG00000042286	0	0	0
ENSONIG00000042287	0	0	0
ENSONIG00000042288	0	0	0
ENSONIG00000042289	0	0	0
ENSONIG00000042290	0	0	0
ENSONIG00000042291	0	3	42
ENSONIG00000042292	5	5	37
ENSONIG00000042293	0	0	0
ENSONIG00000042294	0	0	0
ENSONIG00000042295	0	0	0
ENSONIG00000042296	0	0	3
ENSONIG00000042297	0	0	1
ENSONIG00000042298	0	0	0
ENSONIG00000042299	0	0	0
ENSONIG00000042300	0	1	16
ENSONIG00000042301	3	7	72
ENSONIG00000042302	0	0	0
ENSONIG00000042303	0	0	0
ENSONIG00000042304	0	0	0
ENSONIG00000042305	0	0	1
ENSONIG00000042306	4	1	4
ENSONIG00000042307	20	0	1
ENSONIG00000042308	0	0	0
ENSONIG00000042309	1	0	0
ENSONIG00000042310	0	0	0
ENSONIG00000042311	0	0	0
ENSONIG00000042312	145	29	207
ENSONIG00000042313	0	0	0
ENSONIG00000042314	0	0	0
ENSONIG00000042315	0	0	0
ENSONIG00000042316	0	0	2
ENSONIG00000042317	0	0	0
ENSONIG00000042318	0	0	0
ENSONIG00000042319	0	0	0
ENSONIG00000042320	0	0	0
ENSONIG00000042321	0	0	0
ENSONIG00000042322	0	0	0
ENSONIG00000042323	0	0	0
ENSONIG00000042324	0	0	0
ENSONIG00000042325	0	0	0
ENSONIG00000042326	11	4	3
ENSONIG00000042327	0	0	0
ENSONIG00000042328	0	0	0
ENSONIG00000042329	0	0	0
ENSONIG00000042330	2	0	0
ENSONIG00000042331	0	0	0
ENSONIG00000042332	1	5	23
ENSONIG00000042333	0	0	0
ENSONIG00000042334	0	0	0
ENSONIG00000042335	2	0	14
ENSONIG00000042336	0	0	0
ENSONIG00000042337	0	8	134
ENSONIG00000042338	1	0	12
ENSONIG00000042339	0	2	0
ENSONIG00000042340	0	0	0
ENSONIG00000042341	0	0	0
ENSONIG00000042342	0	0	0
ENSONIG00000042343	0	0	0
ENSONIG00000042344	2	2	4
ENSONIG00000042345	0	0	0
ENSONIG00000042346	0	0	0
ENSONIG00000042347	1	1	0
ENSONIG00000042348	0	0	0
ENSONIG00000042349	1	0	0
ENSONIG00000042350	38	16	65
ENSONIG00000042351	0	0	0
ENSONIG00000042352	1	0	0
ENSONIG00000042353	0	0	0
ENSONIG00000042354	0	0	0
ENSONIG00000042355	0	0	0
ENSONIG00000042356	3	0	2
ENSONIG00000042357	0	0	0
ENSONIG00000042358	0	0	5
ENSONIG00000042359	0	0	0
ENSONIG00000042360	0	0	0
ENSONIG00000042361	0	0	0
ENSONIG00000042362	1	0	0
ENSONIG00000042363	0	0	0
ENSONIG00000042364	0	0	0
ENSONIG00000042365	0	0	1
ENSONIG00000042366	0	0	0
ENSONIG00000042367	5	2	6
ENSONIG00000042368	4	1	5
ENSONIG00000042369	0	0	0
ENSONIG00000042370	0	0	0
ENSONIG00000042371	3	2	15
ENSONIG00000042372	1	0	2
ENSONIG00000042373	0	0	0
ENSONIG00000042374	6	3	4
ENSONIG00000042375	2	0	0
ENSONIG00000042376	0	0	0
ENSONIG00000042377	4	1	1
ENSONIG00000042378	1	0	18
ENSONIG00000042379	0	0	0
ENSONIG00000042380	5	8	12
ENSONIG00000042381	0	0	0
ENSONIG00000042382	0	0	3
ENSONIG00000042383	0	0	0
ENSONIG00000042384	0	0	0
ENSONIG00000042385	0	0	0
ENSONIG00000042386	0	0	43
ENSONIG00000042387	0	0	0
ENSONIG00000042388	0	0	0
ENSONIG00000042389	2	0	2
ENSONIG00000042390	0	0	4
ENSONIG00000042391	0	0	0
ENSONIG00000042392	0	0	0
ENSONIG00000042393	0	0	0
ENSONIG00000042394	0	0	0
ENSONIG00000042395	5	12	346
ENSONIG00000042396	0	0	0
ENSONIG00000042397	0	0	20
ENSONIG00000042398	0	2	1
ENSONIG00000042399	0	0	0
ENSONIG00000042400	0	0	0
ENSONIG00000042401	0	0	0
ENSONIG00000042402	0	1	5
ENSONIG00000042403	0	0	2
ENSONIG00000042404	2	16	1020
ENSONIG00000042405	0	1	0
ENSONIG00000042406	2	0	1
ENSONIG00000042407	0	0	0
ENSONIG00000042408	0	0	2
ENSONIG00000042409	0	0	6
ENSONIG00000042410	0	0	2
ENSONIG00000042411	0	1	0
ENSONIG00000042412	0	0	0
ENSONIG00000042413	0	0	0
ENSONIG00000042414	0	0	2
ENSONIG00000042415	0	2	12
ENSONIG00000042416	1	0	4
ENSONIG00000042417	1	0	0
ENSONIG00000042418	0	0	0
ENSONIG00000042419	0	0	8
ENSONIG00000042420	0	0	0
ENSONIG00000042421	0	0	0
ENSONIG00000042422	3	0	21
ENSONIG00000042423	0	0	0
ENSONIG00000042424	0	0	0
ENSONIG00000042425	1	3	10
ENSONIG00000042426	0	0	0
ENSONIG00000042427	0	0	0
ENSONIG00000042428	0	0	0
ENSONIG00000042429	0	0	5
ENSONIG00000042430	0	0	0
ENSONIG00000042431	21	2	40
ENSONIG00000042432	0	0	0
ENSONIG00000042433	0	0	0
ENSONIG00000042434	0	0	0
ENSONIG00000042435	5	0	3
ENSONIG00000042436	1	0	28
ENSONIG00000042437	0	4	26
ENSONIG00000042438	0	0	1
ENSONIG00000042439	0	0	0
ENSONIG00000042440	0	0	0
ENSONIG00000042441	1	2	0
ENSONIG00000042442	0	0	0
ENSONIG00000042443	0	7	2
ENSONIG00000042444	0	0	3
ENSONIG00000042445	1	0	2
ENSONIG00000042446	594	26	68
ENSONIG00000042447	0	0	0
ENSONIG00000042448	0	0	0
ENSONIG00000042449	0	0	0
ENSONIG00000042450	0	0	0
ENSONIG00000042451	0	0	14
ENSONIG00000042452	0	40	7
ENSONIG00000042453	0	0	0
ENSONIG00000042454	19	0	16
ENSONIG00000042455	0	0	0
ENSONIG00000042456	0	0	0
ENSONIG00000042457	0	0	0
ENSONIG00000042458	1	0	0
ENSONIG00000042459	0	0	0
ENSONIG00000042460	0	0	1
ENSONIG00000042461	10	0	134
ENSONIG00000042462	0	0	0
ENSONIG00000042463	0	0	2
ENSONIG00000042464	0	1	5
ENSONIG00000042465	0	0	1
ENSONIG00000042466	0	0	0
ENSONIG00000042467	0	0	0
ENSONIG00000042468	140	6	5
ENSONIG00000042469	0	0	0
ENSONIG00000042470	1	0	0
ENSONIG00000042471	3	0	10
ENSONIG00000042472	0	0	0
ENSONIG00000042473	0	5	75
ENSONIG00000042474	0	0	0
ENSONIG00000042475	0	0	2
ENSONIG00000042476	0	1	0
ENSONIG00000042477	0	0	1
ENSONIG00000042478	0	0	0
ENSONIG00000042479	0	0	1
ENSONIG00000042480	12	8	113
ENSONIG00000042481	0	0	0
ENSONIG00000042482	4	20	267
ENSONIG00000042483	0	0	0
ENSONIG00000042484	0	0	1
ENSONIG00000042485	0	0	0
ENSONIG00000042486	0	0	0
ENSONIG00000042487	1	0	12
ENSONIG00000042488	0	0	0
ENSONIG00000042489	0	0	0
ENSONIG00000042490	0	0	0
ENSONIG00000042491	0	0	4
ENSONIG00000042492	8	0	9
ENSONIG00000042493	0	0	0
ENSONIG00000042494	0	0	0
ENSONIG00000042495	0	0	0
ENSONIG00000042496	0	0	0
ENSONIG00000042497	0	0	0
ENSONIG00000042498	0	0	0
ENSONIG00000042499	0	2	1
ENSONIG00000042500	0	0	0
ENSONIG00000042501	0	0	0
ENSONIG00000042502	0	0	0
ENSONIG00000042503	0	0	0
ENSONIG00000042504	0	0	0
ENSONIG00000042505	56	37	53
ENSONIG00000042506	18	15	20
ENSONIG00000042507	0	1	12
ENSONIG00000042508	0	13	323
ENSONIG00000042509	5	10	5
ENSONIG00000042510	5	7	19
ENSONIG00000042511	0	0	2
ENSONIG00000042512	0	0	0
ENSONIG00000042513	0	1	58
ENSONIG00000042514	0	0	0
ENSONIG00000042515	1	0	7
ENSONIG00000042516	0	0	0
ENSONIG00000042517	163	54	118
ENSONIG00000042518	0	1	2
ENSONIG00000042519	0	0	0
ENSONIG00000042520	0	0	0
ENSONIG00000042521	2	2	14
ENSONIG00000042522	0	1	1
ENSONIG00000042523	1	0	0
ENSONIG00000042524	6	0	15
ENSONIG00000042525	15	3	20
ENSONIG00000042526	1	0	2
ENSONIG00000042527	0	0	0
ENSONIG00000042528	0	0	1
ENSONIG00000042529	0	0	0
ENSONIG00000042530	0	1	0
ENSONIG00000042531	0	0	0
ENSONIG00000042532	0	0	0
ENSONIG00000042533	0	0	1
ENSONIG00000042534	1	2	0
ENSONIG00000042535	0	0	0
ENSONIG00000042536	0	1	12
ENSONIG00000042537	0	0	0
ENSONIG00000042538	0	0	0
ENSONIG00000042539	0	0	0
ENSONIG00000042540	0	0	0
ENSONIG00000042541	0	0	0
ENSONIG00000042542	0	0	0
ENSONIG00000042543	30	3	51
ENSONIG00000042544	0	0	0
ENSONIG00000042545	0	0	2
ENSONIG00000042546	0	0	0
ENSONIG00000042547	3	0	1
ENSONIG00000042548	2	0	0
ENSONIG00000042549	0	0	0
ENSONIG00000042550	22	13	12
ENSONIG00000042551	2	0	0
ENSONIG00000042552	0	0	0
ENSONIG00000042553	0	0	0
ENSONIG00000042554	0	0	0
ENSONIG00000042555	1	0	0
ENSONIG00000042556	0	0	7
ENSONIG00000042557	0	0	1
ENSONIG00000042558	0	0	0
ENSONIG00000042559	0	0	2
ENSONIG00000042560	0	1	0
ENSONIG00000042561	0	0	0
ENSONIG00000042562	0	0	12
ENSONIG00000042563	0	0	0
ENSONIG00000042564	0	0	0
ENSONIG00000042565	0	0	0
ENSONIG00000042566	0	0	0
ENSONIG00000042567	0	0	0
ENSONIG00000042568	1	1	3
ENSONIG00000042569	331	181	21245
ENSONIG00000042570	0	0	0
ENSONIG00000042571	1	0	0
ENSONIG00000042572	0	0	0
ENSONIG00000042573	0	0	0
ENSONIG00000042574	0	0	0
ENSONIG00000042575	0	0	0
ENSONIG00000042576	0	0	6
ENSONIG00000042577	0	0	0
ENSONIG00000042578	0	0	0
ENSONIG00000042579	4	2	83
ENSONIG00000042580	0	0	0
ENSONIG00000042581	0	2	1
ENSONIG00000042582	408	322	302
ENSONIG00000042583	0	0	0
ENSONIG00000042584	0	0	0
ENSONIG00000042585	0	0	6
ENSONIG00000042586	0	0	0
ENSONIG00000042587	2	2	1
ENSONIG00000042588	0	0	2
ENSONIG00000042589	0	0	7
ENSONIG00000042590	3	5	119
ENSONIG00000042591	5	2	0
ENSONIG00000042592	2	0	2
ENSONIG00000042593	1	0	0
ENSONIG00000042594	0	0	0
ENSONIG00000042595	0	0	1
ENSONIG00000042596	0	0	0
ENSONIG00000042597	0	0	0
ENSONIG00000042598	0	0	0
ENSONIG00000042599	0	0	0
ENSONIG00000042600	25	13	615
ENSONIG00000042601	2	5	2
ENSONIG00000042602	0	0	0
ENSONIG00000042603	0	0	0
ENSONIG00000042604	0	0	0
ENSONIG00000042605	0	0	0
ENSONIG00000042606	91	2	1
ENSONIG00000042607	0	0	0
ENSONIG00000042608	0	0	0
ENSONIG00000042609	0	0	0
ENSONIG00000042610	0	0	2
ENSONIG00000042611	0	0	0
ENSONIG00000042612	7	2	26
ENSONIG00000042613	0	1	1
ENSONIG00000042614	0	0	0
ENSONIG00000042615	0	0	5
ENSONIG00000042616	2	0	0
ENSONIG00000042617	0	0	0
ENSONIG00000042618	0	0	0
ENSONIG00000042619	0	0	0
ENSONIG00000042620	0	2	0
ENSONIG00000042621	0	0	0
ENSONIG00000042622	62	22	442
ENSONIG00000042623	0	0	0
ENSONIG00000042624	3	1	6
ENSONIG00000042625	0	0	20
ENSONIG00000042626	0	0	0
ENSONIG00000042627	0	0	0
ENSONIG00000042628	1	0	0
ENSONIG00000042629	0	0	0
ENSONIG00000042630	0	0	0
ENSONIG00000042631	0	0	20
ENSONIG00000042632	0	0	0
ENSONIG00000042633	0	0	1
ENSONIG00000042634	12	4	7
ENSONIG00000042635	0	0	0
ENSONIG00000042636	557	17	88
ENSONIG00000042637	2	0	0
ENSONIG00000042638	0	0	0
ENSONIG00000042639	0	0	0
ENSONIG00000042640	1	6	7
ENSONIG00000042641	2	1	0
ENSONIG00000042642	0	0	0
ENSONIG00000042643	0	0	1
ENSONIG00000042644	0	0	0
ENSONIG00000042645	0	1	0
ENSONIG00000042646	0	0	0
ENSONIG00000042647	0	0	0
ENSONIG00000042648	1	0	0
ENSONIG00000042649	0	2	0
ENSONIG00000042650	0	0	1
ENSONIG00000042651	0	0	0
ENSONIG00000042652	0	0	8
ENSONIG00000042653	3	1	43
ENSONIG00000042654	2	0	0
ENSONIG00000042655	140	30	367
ENSONIG00000042656	0	0	0
ENSONIG00000042657	0	0	3
ENSONIG00000042658	0	0	0
ENSONIG00000042659	3	13	3
ENSONIG00000042660	0	0	0
ENSONIG00000042661	0	0	0
ENSONIG00000042662	12	5	0
ENSONIG00000042663	1	0	1
ENSONIG00000042664	0	0	0
ENSONIG00000042665	1	0	0
ENSONIG00000042666	2	0	30
ENSONIG00000042667	1	0	0
ENSONIG00000042668	0	0	0
ENSONIG00000042669	0	0	0
ENSONIG00000042670	0	0	0
ENSONIG00000042671	0	0	0
ENSONIG00000042672	2	0	27
ENSONIG00000042673	0	0	0
ENSONIG00000042674	0	0	0
ENSONIG00000042675	0	0	0
ENSONIG00000042676	0	0	6
ENSONIG00000042677	0	0	8
ENSONIG00000042678	1	0	1
ENSONIG00000042679	0	0	0
ENSONIG00000042680	1	8	67
ENSONIG00000042681	0	0	0
ENSONIG00000042682	0	0	5
ENSONIG00000042683	0	0	0
ENSONIG00000042684	1	0	4
ENSONIG00000042685	1	1	4
ENSONIG00000042686	44	25	58
ENSONIG00000042687	4	2	33
ENSONIG00000042688	0	0	0
ENSONIG00000042689	0	0	0
ENSONIG00000042690	0	0	0
ENSONIG00000042691	192	3	1
ENSONIG00000042692	0	0	0
ENSONIG00000042693	0	0	0
ENSONIG00000042694	0	0	0
ENSONIG00000042695	0	0	0
ENSONIG00000042696	0	0	0
ENSONIG00000042697	0	0	0
ENSONIG00000042698	0	0	0
ENSONIG00000042699	1541	746	1143
ENSONIG00000042700	0	0	8
ENSONIG00000042701	0	0	0
ENSONIG00000042702	0	0	1
ENSONIG00000042703	45	15	18
ENSONIG00000042704	0	0	0
ENSONIG00000042705	2	1	0
ENSONIG00000042706	0	0	0
ENSONIG00000042707	0	0	0
ENSONIG00000042708	0	0	0
ENSONIG00000042709	0	0	0
ENSONIG00000042710	1	0	0
ENSONIG00000042711	1	0	3
ENSONIG00000042712	0	0	6
ENSONIG00000042713	0	0	0
ENSONIG00000042714	1	0	5
ENSONIG00000042715	69	29	31
ENSONIG00000042716	12	7	261
ENSONIG00000042717	0	0	6
ENSONIG00000042718	0	0	0
ENSONIG00000042719	3	2	0
ENSONIG00000042720	0	0	0
ENSONIG00000042721	0	0	0
ENSONIG00000042722	0	0	0
ENSONIG00000042723	6	1	2
ENSONIG00000042724	0	0	0
ENSONIG00000042725	0	0	0
ENSONIG00000042726	0	0	4
ENSONIG00000042727	0	0	0
ENSONIG00000042728	0	0	0
ENSONIG00000042729	0	0	0
ENSONIG00000042730	0	0	1
ENSONIG00000042731	0	0	2
ENSONIG00000042732	0	0	0
ENSONIG00000042733	4	0	3
ENSONIG00000042734	0	0	0
ENSONIG00000042735	0	0	0
ENSONIG00000042736	0	0	0
ENSONIG00000042737	0	0	0
ENSONIG00000042738	0	0	0
ENSONIG00000042739	0	0	0
ENSONIG00000042740	0	0	0
ENSONIG00000042741	0	0	0
ENSONIG00000042742	0	0	0
ENSONIG00000042743	0	2	40
ENSONIG00000042744	1	0	21
ENSONIG00000042745	0	0	1
ENSONIG00000042746	0	0	0
ENSONIG00000042747	0	0	2
ENSONIG00000042748	0	0	0
ENSONIG00000042749	0	0	0
ENSONIG00000042750	0	0	0
ENSONIG00000042751	0	0	0
ENSONIG00000042752	0	0	0
ENSONIG00000042753	0	0	0
ENSONIG00000042754	6	11	164
ENSONIG00000042755	0	0	0
ENSONIG00000042756	1	1	6
ENSONIG00000042757	0	0	1
ENSONIG00000042758	0	0	0
ENSONIG00000042759	0	0	0
ENSONIG00000042760	0	0	0
ENSONIG00000042761	0	0	0
ENSONIG00000042762	0	3	17
ENSONIG00000042763	12	0	0
ENSONIG00000042764	0	0	0
ENSONIG00000042765	0	0	0
ENSONIG00000042766	0	0	2
ENSONIG00000042767	0	0	0
ENSONIG00000042768	1	0	8
ENSONIG00000042769	0	0	0
ENSONIG00000042770	0	0	0
ENSONIG00000042771	7	0	3
ENSONIG00000042772	5	3	42
ENSONIG00000042773	3	0	4
ENSONIG00000042774	1	0	0
ENSONIG00000042775	0	0	0
ENSONIG00000042776	0	0	0
ENSONIG00000042777	0	0	0
ENSONIG00000042778	0	0	1
ENSONIG00000042779	0	1	1
ENSONIG00000042780	0	0	0
ENSONIG00000042781	1	0	0
ENSONIG00000042782	0	0	0
ENSONIG00000042783	0	0	0
ENSONIG00000042784	0	0	1
ENSONIG00000042785	0	0	3
ENSONIG00000042786	2	0	7
ENSONIG00000042787	0	2	10
ENSONIG00000042788	1	0	0
ENSONIG00000042789	1	0	0
ENSONIG00000042790	3	0	0
ENSONIG00000042791	0	0	0
ENSONIG00000042792	0	0	0
ENSONIG00000042793	0	0	0
ENSONIG00000042794	1	0	34
ENSONIG00000042795	0	0	1
ENSONIG00000042796	0	0	0
ENSONIG00000042797	0	0	0
ENSONIG00000042798	0	0	0
ENSONIG00000042799	0	0	1
ENSONIG00000042800	0	0	0
ENSONIG00000042801	0	0	0
ENSONIG00000042802	0	0	2
ENSONIG00000042803	0	0	0
ENSONIG00000042804	2	7	64
ENSONIG00000042805	0	0	0
ENSONIG00000042806	0	1	0
ENSONIG00000042807	0	0	0
ENSONIG00000042808	0	0	0
ENSONIG00000042809	0	0	4
ENSONIG00000042810	0	0	0
ENSONIG00000042811	7	14	12
ENSONIG00000042812	0	0	0
ENSONIG00000042813	0	3	4
ENSONIG00000042814	0	0	0
ENSONIG00000042815	0	0	0
ENSONIG00000042816	1	1	0
ENSONIG00000042817	0	0	0
ENSONIG00000042818	0	0	0
ENSONIG00000042819	0	0	0
ENSONIG00000042820	1	0	10
ENSONIG00000042821	0	0	5
ENSONIG00000042822	10	3	12
ENSONIG00000042823	0	0	0
ENSONIG00000042824	0	0	0
ENSONIG00000042825	0	0	1
ENSONIG00000042826	0	0	0
ENSONIG00000042827	546	291	479
ENSONIG00000042828	0	0	7
ENSONIG00000042829	0	0	0
ENSONIG00000042830	0	0	0
ENSONIG00000042831	0	0	0
ENSONIG00000042832	0	0	0
ENSONIG00000042833	0	0	1
ENSONIG00000042834	0	0	1
ENSONIG00000042835	0	1	1
ENSONIG00000042836	0	0	5
ENSONIG00000042837	1	0	2
ENSONIG00000042838	0	1	13
ENSONIG00000042839	2	4	20
ENSONIG00000042840	0	0	0
ENSONIG00000042841	3	1	4
ENSONIG00000042842	1	1	1
ENSONIG00000042843	0	0	0
ENSONIG00000042844	0	0	0
ENSONIG00000042845	0	0	0
ENSONIG00000042846	0	0	1
ENSONIG00000042847	0	1	6
ENSONIG00000042848	0	0	0
ENSONIG00000042849	0	0	0
ENSONIG00000042850	0	0	1
ENSONIG00000042851	0	0	0
ENSONIG00000042852	0	3	45
ENSONIG00000042853	6	0	2
ENSONIG00000042854	0	0	0
ENSONIG00000042855	0	0	0
ENSONIG00000042856	17	45	25
ENSONIG00000042857	0	0	0
ENSONIG00000042858	1	0	0
ENSONIG00000042859	0	0	0
ENSONIG00000042860	0	0	0
ENSONIG00000042861	1	0	0
ENSONIG00000042862	0	0	0
ENSONIG00000042863	1	0	0
ENSONIG00000042864	4	2	16
ENSONIG00000042865	0	0	0
ENSONIG00000042866	14	5	6
ENSONIG00000042867	0	0	0
ENSONIG00000042868	1	0	0
ENSONIG00000042869	0	0	1
ENSONIG00000042870	0	0	0
ENSONIG00000042871	0	0	1
ENSONIG00000042872	0	0	0
ENSONIG00000042873	0	1	0
ENSONIG00000042874	0	0	0
ENSONIG00000042875	0	0	0
ENSONIG00000042876	0	0	0
ENSONIG00000042877	3	0	10
ENSONIG00000042878	0	0	0
ENSONIG00000042879	0	0	0
ENSONIG00000042880	0	0	0
ENSONIG00000042881	0	0	1
ENSONIG00000042882	0	0	0
ENSONIG00000042883	0	0	0
ENSONIG00000042884	7	3	15
ENSONIG00000042885	0	0	3
ENSONIG00000042886	0	0	0
ENSONIG00000042887	0	0	0
ENSONIG00000042888	0	0	0
ENSONIG00000042889	0	0	0
ENSONIG00000042890	0	0	0
ENSONIG00000042891	0	0	0
ENSONIG00000042892	0	0	0
ENSONIG00000042893	1	0	9
ENSONIG00000042894	5	2	10
ENSONIG00000042895	0	0	4
ENSONIG00000042896	0	0	27
ENSONIG00000042897	0	0	0
ENSONIG00000042898	1	0	0
ENSONIG00000042899	0	0	0
ENSONIG00000042900	11	26	50
ENSONIG00000042901	0	0	0
ENSONIG00000042902	0	0	0
ENSONIG00000042903	0	0	0
ENSONIG00000042904	0	0	33
ENSONIG00000042905	4	0	0
ENSONIG00000042906	0	0	0
ENSONIG00000042907	0	2	34
ENSONIG00000042908	0	0	0
ENSONIG00000042909	0	0	0
ENSONIG00000042910	1	0	0
ENSONIG00000042911	0	0	0
ENSONIG00000042912	1	0	0
ENSONIG00000042913	0	0	0
ENSONIG00000042914	1	0	0
ENSONIG00000042915	0	0	0
ENSONIG00000042916	0	0	0
ENSONIG00000042917	0	0	0
ENSONIG00000042918	5	10	94
ENSONIG00000042919	1	1	3
ENSONIG00000042920	1	0	0
ENSONIG00000042921	0	0	7
ENSONIG00000042922	0	0	0
ENSONIG00000042923	0	0	0
ENSONIG00000042924	0	0	0
ENSONIG00000042925	0	0	0
ENSONIG00000042926	0	1	16
ENSONIG00000042927	0	0	0
ENSONIG00000042928	0	0	0
ENSONIG00000042929	1	0	12
ENSONIG00000042930	3	2	173
ENSONIG00000042931	0	0	0
ENSONIG00000042932	0	0	0
ENSONIG00000042933	0	0	0
ENSONIG00000042934	45	44	873
ENSONIG00000042935	1	3	4
ENSONIG00000042936	0	0	0
ENSONIG00000042937	4	0	4
ENSONIG00000042938	0	0	0
ENSONIG00000042939	1	0	0
ENSONIG00000042940	0	0	0
ENSONIG00000042941	39	22	53
ENSONIG00000042942	0	0	0
ENSONIG00000042943	0	0	0
ENSONIG00000042944	2	0	0
ENSONIG00000042945	0	0	2
ENSONIG00000042946	0	0	0
ENSONIG00000042947	0	0	0
ENSONIG00000042948	0	0	2
ENSONIG00000042949	8	1	3
ENSONIG00000042950	2	1	38
ENSONIG00000042951	12	5	216
ENSONIG00000042952	0	0	0
ENSONIG00000042953	0	0	0
ENSONIG00000042954	0	0	4
ENSONIG00000042955	3	3	25
ENSONIG00000042956	1	2	84
ENSONIG00000042957	0	0	0
ENSONIG00000042958	4	2	14
ENSONIG00000042959	0	0	0
ENSONIG00000042960	1	0	0
ENSONIG00000042961	0	1	9
ENSONIG00000042962	0	0	0
ENSONIG00000042963	0	0	0
ENSONIG00000042964	0	0	0
ENSONIG00000042965	13	6	16
ENSONIG00000042966	0	0	0
ENSONIG00000042967	0	0	0
ENSONIG00000042968	39	72	1246
ENSONIG00000042969	6	2	1
ENSONIG00000042970	0	0	0
ENSONIG00000042971	0	0	1
ENSONIG00000042972	1	0	0
ENSONIG00000042973	3	5	94
ENSONIG00000042974	10	3	24
ENSONIG00000042975	0	0	0
ENSONIG00000042976	0	0	8
ENSONIG00000042977	0	0	0
ENSONIG00000042978	0	0	0
ENSONIG00000042979	0	0	0
ENSONIG00000042980	0	1	0
ENSONIG00000042981	0	0	13
ENSONIG00000042982	0	0	17
ENSONIG00000042983	1	4	3
ENSONIG00000042984	0	0	0
ENSONIG00000042985	0	0	0
ENSONIG00000042986	0	4	53
ENSONIG00000042987	0	0	0
ENSONIG00000042988	0	0	0
ENSONIG00000042989	0	0	0
ENSONIG00000042990	0	0	0
ENSONIG00000042991	0	0	1
ENSONIG00000042992	1	4	31
ENSONIG00000042993	0	0	0
ENSONIG00000042994	0	0	0
ENSONIG00000042995	0	0	0
ENSONIG00000042996	0	1	0
ENSONIG00000042997	93	4	20
ENSONIG00000042998	0	0	0
ENSONIG00000042999	0	0	0
ENSONIG00000043000	0	0	0
ENSONIG00000043001	0	0	0
ENSONIG00000043002	0	0	0
ENSONIG00000043003	0	0	0
ENSONIG00000043004	0	0	1
ENSONIG00000043005	0	0	0
ENSONIG00000043006	0	0	0
ENSONIG00000043007	0	0	0
ENSONIG00000043008	0	0	0
ENSONIG00000043009	0	0	0
ENSONIG00000043010	0	0	0
ENSONIG00000043011	0	0	0
ENSONIG00000043012	0	0	0
ENSONIG00000043013	0	0	1
ENSONIG00000043014	0	0	0
ENSONIG00000043015	0	0	1
ENSONIG00000043016	1	1	7
ENSONIG00000043017	0	0	0
ENSONIG00000043018	0	0	0
ENSONIG00000043019	0	0	7
ENSONIG00000043020	0	0	0
ENSONIG00000043021	0	0	0
ENSONIG00000043022	0	0	0
ENSONIG00000043023	0	0	0
ENSONIG00000043024	0	0	0
ENSONIG00000043025	0	0	0
ENSONIG00000043026	0	0	0
ENSONIG00000043027	0	1	5
ENSONIG00000043028	0	0	9
ENSONIG00000043029	0	0	0
ENSONIG00000043030	1	0	0
ENSONIG00000043031	0	0	6
ENSONIG00000043032	1	0	0
ENSONIG00000043033	24	0	12
ENSONIG00000043034	0	0	0
ENSONIG00000043035	0	0	0
ENSONIG00000043036	0	0	0
ENSONIG00000043037	0	0	7
ENSONIG00000043038	0	0	11
ENSONIG00000043039	0	0	0
ENSONIG00000043040	0	0	0
ENSONIG00000043041	0	0	3
ENSONIG00000043042	0	0	0
ENSONIG00000043043	0	0	2
ENSONIG00000043044	0	0	0
ENSONIG00000043045	0	2	0
ENSONIG00000043046	0	0	0
ENSONIG00000043047	0	2	9
ENSONIG00000043048	0	0	0
ENSONIG00000043049	1	1	0
ENSONIG00000043050	0	0	0
ENSONIG00000043051	0	0	0
ENSONIG00000043052	1	0	3
ENSONIG00000043053	0	0	4
ENSONIG00000043054	0	0	0
ENSONIG00000043055	0	0	0
ENSONIG00000043056	0	0	0
ENSONIG00000043057	0	0	0
ENSONIG00000043058	0	0	0
ENSONIG00000043059	0	0	8
ENSONIG00000043060	0	0	0
ENSONIG00000043061	0	0	0
ENSONIG00000043062	0	0	0
ENSONIG00000043063	0	0	0
ENSONIG00000043064	0	2	0
ENSONIG00000043065	0	0	0
ENSONIG00000043066	0	0	0
ENSONIG00000043067	32	5	17
ENSONIG00000043068	2	0	8
ENSONIG00000043069	0	0	1
ENSONIG00000043070	0	0	0
ENSONIG00000043071	1	2	0
ENSONIG00000043072	1	0	7
ENSONIG00000043073	1	4	18
ENSONIG00000043074	0	0	0
ENSONIG00000043075	0	0	4
ENSONIG00000043076	0	0	0
ENSONIG00000043077	7	0	2
ENSONIG00000043078	0	0	0
ENSONIG00000043079	0	0	0
ENSONIG00000043080	0	0	0
ENSONIG00000043081	0	0	11
ENSONIG00000043082	0	0	0
ENSONIG00000043083	0	0	4
ENSONIG00000043084	0	0	1
ENSONIG00000043085	8	3	70
ENSONIG00000043086	0	0	2
ENSONIG00000043087	4	1	7
ENSONIG00000043088	3	0	0
ENSONIG00000043089	12	7	11
ENSONIG00000043090	1	0	20
ENSONIG00000043091	0	0	0
ENSONIG00000043092	0	0	0
ENSONIG00000043093	0	0	1
ENSONIG00000043094	0	0	0
ENSONIG00000043095	0	0	0
ENSONIG00000043096	0	0	2
ENSONIG00000043097	0	0	0
ENSONIG00000043098	1	2	0
ENSONIG00000043099	12	1	3
ENSONIG00000043100	0	0	0
ENSONIG00000043101	0	0	0
ENSONIG00000043102	0	0	0
ENSONIG00000043103	0	0	0
ENSONIG00000043104	52	6	5
ENSONIG00000043105	0	0	0
ENSONIG00000043106	0	0	0
ENSONIG00000043107	1	0	0
ENSONIG00000043108	1	5	51
ENSONIG00000043109	0	0	34
ENSONIG00000043110	0	1	3
ENSONIG00000043111	0	0	0
ENSONIG00000043112	0	0	0
ENSONIG00000043113	0	0	0
ENSONIG00000043114	0	0	0
ENSONIG00000043115	0	0	0
ENSONIG00000043116	3	1	6
ENSONIG00000043117	0	0	0
ENSONIG00000043118	0	0	0
ENSONIG00000043119	2	0	0
ENSONIG00000043120	0	1	8
ENSONIG00000043121	0	0	0
ENSONIG00000043122	6	6	0
ENSONIG00000043123	0	0	0
ENSONIG00000043124	0	0	4
ENSONIG00000043125	0	1	0
ENSONIG00000043126	0	0	0
ENSONIG00000043127	0	0	0
ENSONIG00000043128	0	0	0
ENSONIG00000043129	1	1	0
ENSONIG00000043130	0	0	0
ENSONIG00000043131	0	0	0
ENSONIG00000043132	0	0	0
ENSONIG00000043133	0	0	0
ENSONIG00000043134	0	0	0
ENSONIG00000043135	0	0	0
ENSONIG00000043136	0	0	0
ENSONIG00000043137	1	0	0
ENSONIG00000043138	1	1	0
ENSONIG00000043139	0	0	3
ENSONIG00000043140	1	1	1
ENSONIG00000043141	0	1	2
ENSONIG00000043142	8	0	2
ENSONIG00000043143	0	3	20
ENSONIG00000043144	0	0	0
ENSONIG00000043145	0	0	0
ENSONIG00000043146	0	0	0
ENSONIG00000043147	0	0	0
ENSONIG00000043148	5	30	30
ENSONIG00000043149	0	0	0
ENSONIG00000043150	0	0	0
ENSONIG00000043151	0	0	5
ENSONIG00000043152	6	1	4
ENSONIG00000043153	1	1	0
ENSONIG00000043154	0	0	0
ENSONIG00000043155	0	0	0
ENSONIG00000043156	39	13	18
ENSONIG00000043157	0	0	0
ENSONIG00000043158	6	2	47
ENSONIG00000043159	0	0	0
ENSONIG00000043160	0	0	2
ENSONIG00000043161	0	1	8
ENSONIG00000043162	6	1	3
ENSONIG00000043163	1	0	0
ENSONIG00000043164	0	0	5
ENSONIG00000043165	0	0	14
ENSONIG00000043166	0	1	0
ENSONIG00000043167	8	4	31
ENSONIG00000043168	0	0	0
ENSONIG00000043169	8	2	0
ENSONIG00000043170	0	0	2
ENSONIG00000043171	1	0	3
ENSONIG00000043172	1	0	0
ENSONIG00000043173	0	0	0
ENSONIG00000043174	41	0	2
ENSONIG00000043175	0	0	0
ENSONIG00000043176	2628	928	1259
ENSONIG00000043177	0	0	1
ENSONIG00000043178	1	0	1
ENSONIG00000043179	2	1	1
ENSONIG00000043180	0	0	0
ENSONIG00000043181	0	0	0
ENSONIG00000043182	0	0	0
ENSONIG00000043183	0	0	0
ENSONIG00000043184	0	0	2
ENSONIG00000043185	13	29	293
ENSONIG00000043186	0	0	0
ENSONIG00000043187	0	0	0
ENSONIG00000043188	0	0	0
ENSONIG00000043189	11	0	0
ENSONIG00000043190	3	3	89
ENSONIG00000043191	0	0	0
ENSONIG00000043192	0	0	0
ENSONIG00000043193	0	0	0
ENSONIG00000043194	2	2	46
ENSONIG00000043195	0	14	32
ENSONIG00000043196	0	0	0
ENSONIG00000043197	0	0	0
ENSONIG00000043198	0	0	0
ENSONIG00000043199	0	3	24
ENSONIG00000043200	0	2	1
ENSONIG00000043201	0	0	0
ENSONIG00000043202	0	0	15
ENSONIG00000043203	2	3	102
ENSONIG00000043204	0	0	1
ENSONIG00000043205	0	0	0
ENSONIG00000043206	7	2	2
ENSONIG00000043207	2	6	21
ENSONIG00000043208	6	0	0
ENSONIG00000043209	0	0	0
ENSONIG00000043210	0	1	3
ENSONIG00000043211	6	3	9
ENSONIG00000043212	2	0	63
ENSONIG00000043213	1	0	0
ENSONIG00000043214	0	0	2
ENSONIG00000043215	0	0	4
ENSONIG00000043216	0	0	1
ENSONIG00000043217	0	0	2
ENSONIG00000043218	0	0	24
ENSONIG00000043219	0	0	0
ENSONIG00000043220	0	0	0
ENSONIG00000043221	0	0	0
ENSONIG00000043222	0	0	0
ENSONIG00000043223	0	0	1
ENSONIG00000043224	0	0	0
ENSONIG00000043225	0	0	0
ENSONIG00000043226	1	1	1
ENSONIG00000043227	0	0	0
ENSONIG00000043228	0	0	0
ENSONIG00000043229	0	0	7
ENSONIG00000043230	0	0	9
ENSONIG00000043231	0	0	0
ENSONIG00000043232	2	5	0
ENSONIG00000043233	0	0	0
ENSONIG00000043234	3	2	1
ENSONIG00000043235	0	0	0
ENSONIG00000043236	0	1	0
ENSONIG00000043237	0	0	0
ENSONIG00000043238	1	9	43
