Gene	Pn_2_Eye	Pn_3_Eye	Pn_4_Eye
ENSPNYG00000000002	14	9	15
ENSPNYG00000000003	17	21	19
ENSPNYG00000000004	1	0	2
ENSPNYG00000000005	3	2	5
ENSPNYG00000000006	1	11	5
ENSPNYG00000000007	17	14	30
ENSPNYG00000000008	1745	1317	1989
ENSPNYG00000000009	5	1	3
ENSPNYG00000000010	0	3	0
ENSPNYG00000000011	6	0	1
ENSPNYG00000000012	7	7	3
ENSPNYG00000000013	1	0	4
ENSPNYG00000000014	0	0	0
ENSPNYG00000000015	0	0	0
ENSPNYG00000000016	0	0	0
ENSPNYG00000000017	0	1	0
ENSPNYG00000000018	0	0	0
ENSPNYG00000000019	1	0	1
ENSPNYG00000000020	111	60	84
ENSPNYG00000000021	1	0	3
ENSPNYG00000000022	0	0	0
ENSPNYG00000000023	0	0	0
ENSPNYG00000000024	0	0	0
ENSPNYG00000000025	2	0	3
ENSPNYG00000000026	13	7	11
ENSPNYG00000000027	0	0	0
ENSPNYG00000000028	0	5	3
ENSPNYG00000000029	0	0	2
ENSPNYG00000000030	1	1	4
ENSPNYG00000000031	1	1	2
ENSPNYG00000000032	8	0	4
ENSPNYG00000000033	0	0	0
ENSPNYG00000000034	1	0	1
ENSPNYG00000000035	0	1	0
ENSPNYG00000000036	0	0	0
ENSPNYG00000000037	0	0	0
ENSPNYG00000000038	0	0	0
ENSPNYG00000000039	0	1	1
ENSPNYG00000000040	0	0	0
ENSPNYG00000000041	0	0	0
ENSPNYG00000000042	0	0	0
ENSPNYG00000000043	0	0	1
ENSPNYG00000000044	0	0	0
ENSPNYG00000000045	3	0	1
ENSPNYG00000000046	0	0	0
ENSPNYG00000000047	4	2	0
ENSPNYG00000000048	1	1	0
ENSPNYG00000000049	43	8	11
ENSPNYG00000000050	7	11	13
ENSPNYG00000000051	0	2	0
ENSPNYG00000000052	7	16	5
ENSPNYG00000000053	0	0	5
ENSPNYG00000000054	29	12	19
ENSPNYG00000000055	1	0	1
ENSPNYG00000000056	7	3	1
ENSPNYG00000000057	1	4	5
ENSPNYG00000000058	5	8	8
ENSPNYG00000000059	0	0	0
ENSPNYG00000000060	0	0	0
ENSPNYG00000000061	0	0	0
ENSPNYG00000000062	0	0	0
ENSPNYG00000000063	1	0	0
ENSPNYG00000000064	2	2	8
ENSPNYG00000000065	2	1	1
ENSPNYG00000000066	31	38	33
ENSPNYG00000000067	0	0	3
ENSPNYG00000000068	0	0	0
ENSPNYG00000000069	3	2	0
ENSPNYG00000000070	1	1	5
ENSPNYG00000000071	0	0	0
ENSPNYG00000000072	1	0	1
ENSPNYG00000000073	6	2	7
ENSPNYG00000000074	3	4	4
ENSPNYG00000000075	13	8	13
ENSPNYG00000000076	0	0	0
ENSPNYG00000000077	2	0	1
ENSPNYG00000000078	0	0	0
ENSPNYG00000000079	776	655	847
ENSPNYG00000000080	0	1	0
ENSPNYG00000000081	14	9	14
ENSPNYG00000000082	4	1	3
ENSPNYG00000000083	0	0	0
ENSPNYG00000000084	0	0	0
ENSPNYG00000000085	0	0	0
ENSPNYG00000000086	2	4	14
ENSPNYG00000000087	2	3	6
ENSPNYG00000000088	0	8	1
ENSPNYG00000000089	3	2	1
ENSPNYG00000000090	0	0	0
ENSPNYG00000000091	1	2	7
ENSPNYG00000000092	9	4	4
ENSPNYG00000000093	2	3	2
ENSPNYG00000000094	1	0	4
ENSPNYG00000000095	0	0	0
ENSPNYG00000000096	1	0	0
ENSPNYG00000000097	0	0	0
ENSPNYG00000000098	2	0	0
ENSPNYG00000000099	15	11	13
ENSPNYG00000000100	4484	2569	2815
ENSPNYG00000000101	0	0	0
ENSPNYG00000000102	0	0	4
ENSPNYG00000000103	12	12	17
ENSPNYG00000000104	1	0	1
ENSPNYG00000000105	0	0	0
ENSPNYG00000000106	6	5	2
ENSPNYG00000000107	5	4	1
ENSPNYG00000000108	3	7	5
ENSPNYG00000000109	0	0	0
ENSPNYG00000000110	0	1	1
ENSPNYG00000000111	1	1	0
ENSPNYG00000000112	41031	38815	27646
ENSPNYG00000000113	126	155	293
ENSPNYG00000000114	0	0	0
ENSPNYG00000000115	0	0	0
ENSPNYG00000000116	1	0	2
ENSPNYG00000000117	45	31	37
ENSPNYG00000000118	8	7	13
ENSPNYG00000000119	0	0	1
ENSPNYG00000000120	0	0	0
ENSPNYG00000000121	0	0	0
ENSPNYG00000000122	10	7	8
ENSPNYG00000000123	21	25	18
ENSPNYG00000000124	2	0	0
ENSPNYG00000000125	4	1	0
ENSPNYG00000000126	1	0	0
ENSPNYG00000000127	0	0	2
ENSPNYG00000000128	1	1	4
ENSPNYG00000000129	9	1	0
ENSPNYG00000000130	33	13	15
ENSPNYG00000000131	109	96	113
ENSPNYG00000000132	343	327	391
ENSPNYG00000000133	0	0	0
ENSPNYG00000000134	0	0	0
ENSPNYG00000000135	5	1	1
ENSPNYG00000000136	11	4	6
ENSPNYG00000000137	0	3	2
ENSPNYG00000000138	0	0	0
ENSPNYG00000000139	4	5	2
ENSPNYG00000000140	2	0	4
ENSPNYG00000000141	4	0	1
ENSPNYG00000000142	5	2	0
ENSPNYG00000000143	0	0	0
ENSPNYG00000000144	0	0	0
ENSPNYG00000000145	1	0	0
ENSPNYG00000000146	3	0	0
ENSPNYG00000000147	1	2	7
ENSPNYG00000000148	0	0	4
ENSPNYG00000000149	2	2	1
ENSPNYG00000000150	0	4	0
ENSPNYG00000000151	0	0	0
ENSPNYG00000000152	0	0	0
ENSPNYG00000000153	0	3	0
ENSPNYG00000000154	0	2	1
ENSPNYG00000000155	0	0	0
ENSPNYG00000000156	0	0	0
ENSPNYG00000000157	0	0	0
ENSPNYG00000000158	0	0	0
ENSPNYG00000000159	0	0	0
ENSPNYG00000000160	42	112	177
ENSPNYG00000000161	0	0	3
ENSPNYG00000000162	8	2	6
ENSPNYG00000000163	4	0	6
ENSPNYG00000000164	0	0	0
ENSPNYG00000000165	0	0	0
ENSPNYG00000000166	0	0	1
ENSPNYG00000000167	6	3	5
ENSPNYG00000000168	6	12	6
ENSPNYG00000000169	0	0	1
ENSPNYG00000000170	0	0	0
ENSPNYG00000000171	0	0	1
ENSPNYG00000000172	16	5	10
ENSPNYG00000000173	7	20	52
ENSPNYG00000000174	0	2	0
ENSPNYG00000000175	1	0	2
ENSPNYG00000000176	0	0	0
ENSPNYG00000000177	3	7	3
ENSPNYG00000000178	5	0	5
ENSPNYG00000000179	5	4	3
ENSPNYG00000000180	1	0	0
ENSPNYG00000000181	240	304	315
ENSPNYG00000000182	2	2	2
ENSPNYG00000000183	16	21	21
ENSPNYG00000000184	9	2	13
ENSPNYG00000000185	0	0	0
ENSPNYG00000000186	8	4	4
ENSPNYG00000000187	4	7	6
ENSPNYG00000000188	1	0	0
ENSPNYG00000000189	0	0	0
ENSPNYG00000000190	4	3	0
ENSPNYG00000000191	11	8	27
ENSPNYG00000000192	0	0	0
ENSPNYG00000000193	30	16	27
ENSPNYG00000000194	9	54	39
ENSPNYG00000000195	0	0	0
ENSPNYG00000000196	13	15	24
ENSPNYG00000000197	0	0	0
ENSPNYG00000000198	0	1	0
ENSPNYG00000000199	0	1	0
ENSPNYG00000000200	10	9	14
ENSPNYG00000000201	0	0	1
ENSPNYG00000000202	7	0	11
ENSPNYG00000000203	871	559	958
ENSPNYG00000000204	516	351	511
ENSPNYG00000000205	5	7	5
ENSPNYG00000000206	1839	2174	2599
ENSPNYG00000000207	762	1143	999
ENSPNYG00000000208	9	1	7
ENSPNYG00000000209	6	1	2
ENSPNYG00000000210	27	13	18
ENSPNYG00000000211	0	2	0
ENSPNYG00000000212	1	3	3
ENSPNYG00000000213	1	0	1
ENSPNYG00000000214	1050	1318	1577
ENSPNYG00000000215	0	1	1
ENSPNYG00000000216	0	0	3
ENSPNYG00000000217	1	2	1
ENSPNYG00000000218	1	0	2
ENSPNYG00000000219	3	6	8
ENSPNYG00000000220	0	1	5
ENSPNYG00000000221	5	1	6
ENSPNYG00000000222	3	4	3
ENSPNYG00000000223	0	1	0
ENSPNYG00000000224	4	0	0
ENSPNYG00000000225	0	0	0
ENSPNYG00000000226	1	0	0
ENSPNYG00000000227	0	0	1
ENSPNYG00000000228	1	0	0
ENSPNYG00000000229	0	0	0
ENSPNYG00000000230	0	0	0
ENSPNYG00000000231	0	0	0
ENSPNYG00000000232	0	0	0
ENSPNYG00000000233	106	92	76
ENSPNYG00000000234	0	0	0
ENSPNYG00000000235	0	0	1
ENSPNYG00000000236	1	1	0
ENSPNYG00000000237	1	0	0
ENSPNYG00000000238	5	2	6
ENSPNYG00000000239	0	0	1
ENSPNYG00000000240	7	7	2
ENSPNYG00000000241	4	12	5
ENSPNYG00000000242	3	2	6
ENSPNYG00000000243	1	1	1
ENSPNYG00000000244	0	0	0
ENSPNYG00000000245	1	4	7
ENSPNYG00000000246	0	0	0
ENSPNYG00000000247	1	0	0
ENSPNYG00000000248	0	0	0
ENSPNYG00000000249	0	0	0
ENSPNYG00000000250	0	0	0
ENSPNYG00000000251	0	0	0
ENSPNYG00000000252	1	0	0
ENSPNYG00000000253	0	0	0
ENSPNYG00000000254	3	1	1
ENSPNYG00000000255	1	0	0
ENSPNYG00000000256	0	0	0
ENSPNYG00000000257	4	5	3
ENSPNYG00000000258	623	536	506
ENSPNYG00000000259	0	0	0
ENSPNYG00000000260	0	0	0
ENSPNYG00000000261	6	1	1
ENSPNYG00000000262	4	5	5
ENSPNYG00000000263	0	0	2
ENSPNYG00000000264	0	0	0
ENSPNYG00000000265	12	9	5
ENSPNYG00000000266	2	0	0
ENSPNYG00000000267	307	275	285
ENSPNYG00000000268	1	1	3
ENSPNYG00000000269	0	0	0
ENSPNYG00000000270	0	0	0
ENSPNYG00000000271	5	6	8
ENSPNYG00000000272	2	5	4
ENSPNYG00000000273	0	0	0
ENSPNYG00000000274	1	0	0
ENSPNYG00000000275	2	6	1
ENSPNYG00000000276	38850	78049	58961
ENSPNYG00000000277	16	28	17
ENSPNYG00000000278	9	3	8
ENSPNYG00000000279	10	7	11
ENSPNYG00000000280	0	0	0
ENSPNYG00000000281	0	0	0
ENSPNYG00000000282	406	413	402
ENSPNYG00000000283	0	0	0
ENSPNYG00000000284	0	0	0
ENSPNYG00000000285	12	1	9
ENSPNYG00000000286	8	14	7
ENSPNYG00000000287	1	1	1
ENSPNYG00000000288	0	0	0
ENSPNYG00000000289	5	1	7
ENSPNYG00000000290	0	1	0
ENSPNYG00000000291	0	0	0
ENSPNYG00000000292	1	3	9
ENSPNYG00000000293	4	5	7
ENSPNYG00000000294	1	0	0
ENSPNYG00000000295	0	0	0
ENSPNYG00000000296	5	3	10
ENSPNYG00000000297	1	0	1
ENSPNYG00000000298	3	5	4
ENSPNYG00000000299	0	0	0
ENSPNYG00000000300	0	0	0
ENSPNYG00000000301	23	47	15
ENSPNYG00000000302	10333	8372	9553
ENSPNYG00000000303	87	122	171
ENSPNYG00000000304	0	0	0
ENSPNYG00000000305	45	78	162
ENSPNYG00000000306	0	0	0
ENSPNYG00000000307	4	0	2
ENSPNYG00000000308	1	2	0
ENSPNYG00000000309	0	2	0
ENSPNYG00000000310	0	0	0
ENSPNYG00000000311	604	617	770
ENSPNYG00000000312	0	1	0
ENSPNYG00000000313	3	3	0
ENSPNYG00000000314	1	0	6
ENSPNYG00000000315	257	186	161
ENSPNYG00000000316	0	0	2
ENSPNYG00000000317	1	0	5
ENSPNYG00000000318	0	0	0
ENSPNYG00000000319	0	0	0
ENSPNYG00000000320	0	0	0
ENSPNYG00000000321	0	0	0
ENSPNYG00000000322	7	8	11
ENSPNYG00000000323	0	2	0
ENSPNYG00000000324	7	2	7
ENSPNYG00000000325	0	0	1
ENSPNYG00000000326	2168	2533	2487
ENSPNYG00000000327	2	3	0
ENSPNYG00000000328	0	0	0
ENSPNYG00000000329	1	1	3
ENSPNYG00000000330	122	106	120
ENSPNYG00000000331	0	0	1
ENSPNYG00000000332	1	2	1
ENSPNYG00000000333	0	0	1
ENSPNYG00000000334	0	0	0
ENSPNYG00000000335	1	0	0
ENSPNYG00000000336	0	1	0
ENSPNYG00000000337	0	0	0
ENSPNYG00000000338	0	0	0
ENSPNYG00000000339	3	0	0
ENSPNYG00000000340	0	0	0
ENSPNYG00000000341	0	0	0
ENSPNYG00000000342	1	5	10
ENSPNYG00000000343	61	13	39
ENSPNYG00000000344	0	0	3
ENSPNYG00000000345	2	2	0
ENSPNYG00000000346	0	0	0
ENSPNYG00000000347	0	4	6
ENSPNYG00000000348	0	0	1
ENSPNYG00000000349	0	0	0
ENSPNYG00000000350	0	0	0
ENSPNYG00000000351	18	14	28
ENSPNYG00000000352	0	0	0
ENSPNYG00000000353	0	0	0
ENSPNYG00000000354	0	0	0
ENSPNYG00000000355	4	4	19
ENSPNYG00000000356	0	1	0
ENSPNYG00000000357	0	0	0
ENSPNYG00000000358	13	6	10
ENSPNYG00000000359	0	3	2
ENSPNYG00000000360	11	6	6
ENSPNYG00000000361	1649	2149	1605
ENSPNYG00000000362	1	0	0
ENSPNYG00000000363	1	0	0
ENSPNYG00000000364	117	117	97
ENSPNYG00000000365	14	2	9
ENSPNYG00000000366	0	0	2
ENSPNYG00000000367	0	1	0
ENSPNYG00000000368	0	0	0
ENSPNYG00000000369	7	10	10
ENSPNYG00000000370	1	0	1
ENSPNYG00000000371	0	3	1
ENSPNYG00000000372	1	0	0
ENSPNYG00000000373	5	5	25
ENSPNYG00000000374	0	0	0
ENSPNYG00000000375	25	5	9
ENSPNYG00000000376	4	0	2
ENSPNYG00000000377	2246	1753	2041
ENSPNYG00000000378	1922	1823	1701
ENSPNYG00000000379	6	6	2
ENSPNYG00000000380	0	5	1
ENSPNYG00000000381	12	4	2
ENSPNYG00000000382	4	0	2
ENSPNYG00000000383	0	0	0
ENSPNYG00000000384	5	7	11
ENSPNYG00000000385	0	0	0
ENSPNYG00000000386	0	0	0
ENSPNYG00000000387	2452	1686	1928
ENSPNYG00000000388	0	0	0
ENSPNYG00000000389	0	1	6
ENSPNYG00000000390	0	0	0
ENSPNYG00000000391	0	0	0
ENSPNYG00000000392	9	4	5
ENSPNYG00000000393	63	35	32
ENSPNYG00000000394	243	245	317
ENSPNYG00000000395	1	4	10
ENSPNYG00000000396	0	0	0
ENSPNYG00000000397	0	1	2
ENSPNYG00000000398	4	6	5
ENSPNYG00000000399	2	5	2
ENSPNYG00000000400	5	3	1
ENSPNYG00000000401	7	2	4
ENSPNYG00000000402	0	2	0
ENSPNYG00000000403	7	1	0
ENSPNYG00000000404	2	2	3
ENSPNYG00000000405	0	0	1
ENSPNYG00000000406	1	3	4
ENSPNYG00000000407	8	4	1
ENSPNYG00000000408	0	0	0
ENSPNYG00000000409	0	0	0
ENSPNYG00000000410	2	5	14
ENSPNYG00000000411	0	0	0
ENSPNYG00000000412	7	2	2
ENSPNYG00000000413	0	0	0
ENSPNYG00000000414	26	43	126
ENSPNYG00000000415	2	1	0
ENSPNYG00000000416	3	7	7
ENSPNYG00000000417	1	1	0
ENSPNYG00000000418	0	0	0
ENSPNYG00000000419	0	0	1
ENSPNYG00000000420	0	1	0
ENSPNYG00000000421	8	2	3
ENSPNYG00000000422	7	3	1
ENSPNYG00000000423	0	0	0
ENSPNYG00000000424	3	2	1
ENSPNYG00000000425	226	196	175
ENSPNYG00000000426	8	9	17
ENSPNYG00000000427	0	0	0
ENSPNYG00000000428	2	2	1
ENSPNYG00000000429	0	0	0
ENSPNYG00000000430	0	0	0
ENSPNYG00000000431	1	0	1
ENSPNYG00000000432	1	0	1
ENSPNYG00000000433	14	3	22
ENSPNYG00000000434	0	0	1
ENSPNYG00000000435	2	3	3
ENSPNYG00000000436	0	1	0
ENSPNYG00000000437	0	0	0
ENSPNYG00000000438	0	0	0
ENSPNYG00000000439	0	0	0
ENSPNYG00000000440	0	0	0
ENSPNYG00000000441	17	12	7
ENSPNYG00000000442	0	0	2
ENSPNYG00000000443	42	33	47
ENSPNYG00000000444	0	0	0
ENSPNYG00000000445	9	7	12
ENSPNYG00000000446	3	0	3
ENSPNYG00000000447	0	0	0
ENSPNYG00000000448	2	1	1
ENSPNYG00000000449	2	0	0
ENSPNYG00000000450	38	30	13
ENSPNYG00000000451	0	0	0
ENSPNYG00000000452	2	2	2
ENSPNYG00000000453	5	5	2
ENSPNYG00000000454	0	0	0
ENSPNYG00000000455	0	0	0
ENSPNYG00000000456	904	698	1407
ENSPNYG00000000457	0	0	0
ENSPNYG00000000458	0	0	0
ENSPNYG00000000459	1	4	3
ENSPNYG00000000460	0	0	0
ENSPNYG00000000461	3	8	18
ENSPNYG00000000462	0	0	0
ENSPNYG00000000463	3	5	20
ENSPNYG00000000464	3	12	2
ENSPNYG00000000465	0	0	0
ENSPNYG00000000466	0	0	1
ENSPNYG00000000467	1	2	3
ENSPNYG00000000468	0	0	0
ENSPNYG00000000469	3	0	0
ENSPNYG00000000470	1	6	3
ENSPNYG00000000471	0	0	0
ENSPNYG00000000472	16487	31171	64061
ENSPNYG00000000473	5	0	7
ENSPNYG00000000474	1	4	1
ENSPNYG00000000475	2	0	4
ENSPNYG00000000476	0	0	0
ENSPNYG00000000477	0	0	0
ENSPNYG00000000478	1	4	1
ENSPNYG00000000479	1	0	0
ENSPNYG00000000480	1	0	1
ENSPNYG00000000481	0	0	0
ENSPNYG00000000482	5	10	22
ENSPNYG00000000483	12	8	19
ENSPNYG00000000484	9	48	109
ENSPNYG00000000485	2	0	2
ENSPNYG00000000486	0	0	1
ENSPNYG00000000487	0	1	0
ENSPNYG00000000488	2	3	5
ENSPNYG00000000489	14	2	8
ENSPNYG00000000490	0	0	0
ENSPNYG00000000491	4	0	4
ENSPNYG00000000492	2	5	1
ENSPNYG00000000493	1	0	0
ENSPNYG00000000494	1	0	1
ENSPNYG00000000495	0	0	1
ENSPNYG00000000496	216	32	102
ENSPNYG00000000497	0	0	0
ENSPNYG00000000498	4	0	7
ENSPNYG00000000499	4	4	1
ENSPNYG00000000500	7	4	1
ENSPNYG00000000501	4	0	0
ENSPNYG00000000502	0	0	0
ENSPNYG00000000503	2	3	3
ENSPNYG00000000504	4	8	9
ENSPNYG00000000505	0	0	0
ENSPNYG00000000506	0	0	4
ENSPNYG00000000507	2	1	0
ENSPNYG00000000508	0	1	0
ENSPNYG00000000509	59	106	59
ENSPNYG00000000510	3	7	34
ENSPNYG00000000511	0	1	1
ENSPNYG00000000512	0	0	1
ENSPNYG00000000513	0	0	0
ENSPNYG00000000514	2	0	0
ENSPNYG00000000515	0	0	0
ENSPNYG00000000516	7	4	9
ENSPNYG00000000517	0	1	0
ENSPNYG00000000518	5	1	0
ENSPNYG00000000519	0	1	0
ENSPNYG00000000520	1	0	0
ENSPNYG00000000521	0	1	0
ENSPNYG00000000522	1	6	0
ENSPNYG00000000523	0	0	0
ENSPNYG00000000524	0	7	0
ENSPNYG00000000525	0	0	0
ENSPNYG00000000526	2	5	1
ENSPNYG00000000527	0	0	0
ENSPNYG00000000528	0	0	0
ENSPNYG00000000529	0	0	0
ENSPNYG00000000530	8	3	12
ENSPNYG00000000531	2	0	0
ENSPNYG00000000532	0	0	0
ENSPNYG00000000533	35	30	28
ENSPNYG00000000534	8	6	8
ENSPNYG00000000535	0	3	2
ENSPNYG00000000536	0	0	0
ENSPNYG00000000537	9	7	6
ENSPNYG00000000538	0	0	0
ENSPNYG00000000539	1	1	0
ENSPNYG00000000540	0	0	0
ENSPNYG00000000541	0	0	0
ENSPNYG00000000542	2	3	6
ENSPNYG00000000543	0	0	0
ENSPNYG00000000544	0	1	0
ENSPNYG00000000545	0	0	0
ENSPNYG00000000546	0	0	0
ENSPNYG00000000547	2	2	2
ENSPNYG00000000548	2	2	1
ENSPNYG00000000549	1	2	4
ENSPNYG00000000550	1	0	1
ENSPNYG00000000551	4	2	2
ENSPNYG00000000552	0	0	0
ENSPNYG00000000553	5	2	2
ENSPNYG00000000554	0	0	0
ENSPNYG00000000555	2	4	0
ENSPNYG00000000556	0	0	0
ENSPNYG00000000557	34	24	58
ENSPNYG00000000558	7	6	5
ENSPNYG00000000559	2	1	1
ENSPNYG00000000560	19	5	7
ENSPNYG00000000561	0	0	0
ENSPNYG00000000562	0	0	0
ENSPNYG00000000563	0	0	0
ENSPNYG00000000564	1	5	3
ENSPNYG00000000565	0	0	0
ENSPNYG00000000566	0	0	0
ENSPNYG00000000567	0	0	0
ENSPNYG00000000568	285	883	939
ENSPNYG00000000569	1	0	0
ENSPNYG00000000570	0	0	0
ENSPNYG00000000571	0	0	0
ENSPNYG00000000572	0	0	0
ENSPNYG00000000573	0	0	0
ENSPNYG00000000574	0	0	0
ENSPNYG00000000575	1	0	0
ENSPNYG00000000576	2	0	3
ENSPNYG00000000577	0	0	0
ENSPNYG00000000578	1	2	1
ENSPNYG00000000579	7	2	5
ENSPNYG00000000580	0	1	0
ENSPNYG00000000581	0	0	0
ENSPNYG00000000582	15	7	17
ENSPNYG00000000583	0	0	0
ENSPNYG00000000584	3	1	0
ENSPNYG00000000585	1	0	0
ENSPNYG00000000586	1	1	2
ENSPNYG00000000587	0	1	0
ENSPNYG00000000588	0	0	0
ENSPNYG00000000589	0	0	1
ENSPNYG00000000590	0	0	0
ENSPNYG00000000591	1	0	0
ENSPNYG00000000592	0	0	0
ENSPNYG00000000593	9	12	9
ENSPNYG00000000594	892	1098	1240
ENSPNYG00000000595	0	1	1
ENSPNYG00000000596	2	1	1
ENSPNYG00000000597	0	0	0
ENSPNYG00000000598	0	1	1
ENSPNYG00000000599	0	0	0
ENSPNYG00000000600	20	20	10
ENSPNYG00000000601	0	0	0
ENSPNYG00000000602	0	0	0
ENSPNYG00000000603	1	4	3
ENSPNYG00000000604	1	0	1
ENSPNYG00000000605	0	0	0
ENSPNYG00000000606	0	0	1
ENSPNYG00000000607	1	0	3
ENSPNYG00000000608	0	0	0
ENSPNYG00000000609	3	4	3
ENSPNYG00000000610	0	2	0
ENSPNYG00000000611	0	0	0
ENSPNYG00000000612	0	0	0
ENSPNYG00000000613	0	0	0
ENSPNYG00000000614	0	0	0
ENSPNYG00000000615	6	7	20
ENSPNYG00000000616	5	6	7
ENSPNYG00000000617	0	0	0
ENSPNYG00000000618	1	1	0
ENSPNYG00000000619	139	2	5
ENSPNYG00000000620	0	0	0
ENSPNYG00000000621	2	0	0
ENSPNYG00000000622	4	3	4
ENSPNYG00000000623	0	0	0
ENSPNYG00000000624	1	2	4
ENSPNYG00000000625	0	0	0
ENSPNYG00000000626	0	0	0
ENSPNYG00000000627	0	0	0
ENSPNYG00000000628	0	0	0
ENSPNYG00000000629	0	0	0
ENSPNYG00000000630	0	0	0
ENSPNYG00000000631	1	0	0
ENSPNYG00000000632	0	1	0
ENSPNYG00000000633	0	0	1
ENSPNYG00000000634	1	2	9
ENSPNYG00000000635	0	0	0
ENSPNYG00000000636	2	0	3
ENSPNYG00000000637	0	0	0
ENSPNYG00000000638	0	0	0
ENSPNYG00000000639	0	0	0
ENSPNYG00000000640	1	0	1
ENSPNYG00000000641	0	0	0
ENSPNYG00000000642	0	0	0
ENSPNYG00000000643	0	0	2
ENSPNYG00000000644	0	0	0
ENSPNYG00000000645	0	0	0
ENSPNYG00000000646	0	0	0
ENSPNYG00000000647	0	0	0
ENSPNYG00000000648	0	0	0
ENSPNYG00000000649	3	0	1
ENSPNYG00000000650	0	0	0
ENSPNYG00000000651	0	0	0
ENSPNYG00000000652	0	0	0
ENSPNYG00000000653	1	0	1
ENSPNYG00000000654	5	2	9
ENSPNYG00000000655	7	3	5
ENSPNYG00000000656	0	0	0
ENSPNYG00000000657	1	2	5
ENSPNYG00000000658	0	0	3
ENSPNYG00000000659	0	0	0
ENSPNYG00000000660	0	0	0
ENSPNYG00000000661	2	0	0
ENSPNYG00000000662	0	0	0
ENSPNYG00000000663	4	17	8
ENSPNYG00000000664	0	0	0
ENSPNYG00000000665	0	1	0
ENSPNYG00000000666	1	0	0
ENSPNYG00000000667	1	1	0
ENSPNYG00000000668	9	1	2
ENSPNYG00000000669	0	0	0
ENSPNYG00000000670	0	0	0
ENSPNYG00000000671	1	0	0
ENSPNYG00000000672	12	1	0
ENSPNYG00000000673	36	2	7
ENSPNYG00000000674	0	0	2
ENSPNYG00000000675	0	4	2
ENSPNYG00000000676	4	5	5
ENSPNYG00000000677	19	16	9
ENSPNYG00000000678	145	118	75
ENSPNYG00000000679	0	0	0
ENSPNYG00000000680	1	0	0
ENSPNYG00000000681	0	0	0
ENSPNYG00000000682	3	0	0
ENSPNYG00000000683	0	0	4
ENSPNYG00000000684	2	0	3
ENSPNYG00000000685	0	0	1
ENSPNYG00000000686	0	1	2
ENSPNYG00000000687	0	0	0
ENSPNYG00000000688	0	0	0
ENSPNYG00000000689	2	2	0
ENSPNYG00000000690	1	0	0
ENSPNYG00000000691	0	1	0
ENSPNYG00000000692	0	0	0
ENSPNYG00000000693	0	0	0
ENSPNYG00000000694	8	5	7
ENSPNYG00000000695	0	0	0
ENSPNYG00000000696	0	0	0
ENSPNYG00000000697	0	0	0
ENSPNYG00000000698	2	0	0
ENSPNYG00000000699	0	0	0
ENSPNYG00000000700	0	0	0
ENSPNYG00000000701	5	1	8
ENSPNYG00000000702	6	10	15
ENSPNYG00000000703	0	0	0
ENSPNYG00000000704	0	0	0
ENSPNYG00000000705	0	0	0
ENSPNYG00000000706	3	2	0
ENSPNYG00000000707	0	0	1
ENSPNYG00000000708	0	0	0
ENSPNYG00000000709	15	9	4
ENSPNYG00000000710	1	0	6
ENSPNYG00000000711	1	0	0
ENSPNYG00000000712	1	2	13
ENSPNYG00000000713	0	0	0
ENSPNYG00000000714	1	1	1
ENSPNYG00000000715	4	3	7
ENSPNYG00000000716	0	0	0
ENSPNYG00000000717	4	4	3
ENSPNYG00000000718	0	0	0
ENSPNYG00000000719	3	5	6
ENSPNYG00000000720	2	3	4
ENSPNYG00000000721	1	1	0
ENSPNYG00000000722	16	7	1
ENSPNYG00000000723	0	0	0
ENSPNYG00000000724	12	14	13
ENSPNYG00000000725	43	26	51
ENSPNYG00000000726	0	0	0
ENSPNYG00000000727	0	5	1
ENSPNYG00000000728	10	2	16
ENSPNYG00000000729	3	7	2
ENSPNYG00000000730	0	4	0
ENSPNYG00000000731	10	13	28
ENSPNYG00000000732	1	5	3
ENSPNYG00000000733	3	0	4
ENSPNYG00000000734	0	0	1
ENSPNYG00000000735	0	0	0
ENSPNYG00000000736	0	0	1
ENSPNYG00000000737	4	0	9
ENSPNYG00000000738	0	0	0
ENSPNYG00000000739	3	1	4
ENSPNYG00000000740	3	4	6
ENSPNYG00000000741	0	0	0
ENSPNYG00000000742	0	0	0
ENSPNYG00000000743	0	0	0
ENSPNYG00000000744	12	6	2
ENSPNYG00000000745	6	3	5
ENSPNYG00000000746	14	1	3
ENSPNYG00000000747	4	0	5
ENSPNYG00000000748	0	0	0
ENSPNYG00000000749	1	1	0
ENSPNYG00000000750	4	3	1
ENSPNYG00000000751	0	0	0
ENSPNYG00000000752	18	10	45
ENSPNYG00000000753	0	0	1
ENSPNYG00000000754	0	0	0
ENSPNYG00000000755	6	2	0
ENSPNYG00000000756	28	17	29
ENSPNYG00000000757	15	6	6
ENSPNYG00000000758	1	0	0
ENSPNYG00000000759	1	0	0
ENSPNYG00000000760	1	0	0
ENSPNYG00000000761	1	5	0
ENSPNYG00000000762	1	4	0
ENSPNYG00000000763	0	0	0
ENSPNYG00000000764	1	2	5
ENSPNYG00000000765	3	1	6
ENSPNYG00000000766	0	0	0
ENSPNYG00000000767	910	663	997
ENSPNYG00000000768	1	5	0
ENSPNYG00000000769	0	0	0
ENSPNYG00000000770	12	0	1
ENSPNYG00000000771	0	1	0
ENSPNYG00000000772	0	1	1
ENSPNYG00000000773	0	0	0
ENSPNYG00000000774	5545	7703	5144
ENSPNYG00000000775	0	0	1
ENSPNYG00000000776	0	0	0
ENSPNYG00000000777	2	0	0
ENSPNYG00000000778	0	0	2
ENSPNYG00000000779	0	0	0
ENSPNYG00000000780	0	0	0
ENSPNYG00000000781	1	0	4
ENSPNYG00000000782	4	5	11
ENSPNYG00000000783	5	0	8
ENSPNYG00000000784	0	0	0
ENSPNYG00000000785	1	0	0
ENSPNYG00000000786	7	4	1
ENSPNYG00000000787	0	0	0
ENSPNYG00000000788	2913	2951	1824
ENSPNYG00000000789	229	144	197
ENSPNYG00000000790	9	7	4
ENSPNYG00000000791	0	0	0
ENSPNYG00000000792	1	0	0
ENSPNYG00000000793	5	1	5
ENSPNYG00000000794	5	2	0
ENSPNYG00000000795	0	0	0
ENSPNYG00000000796	0	1	0
ENSPNYG00000000797	5	1	2
ENSPNYG00000000798	10	12	2
ENSPNYG00000000799	1	5	0
ENSPNYG00000000800	78	32	10
ENSPNYG00000000801	2	2	3
ENSPNYG00000000802	1	0	3
ENSPNYG00000000803	0	1	0
ENSPNYG00000000804	0	0	0
ENSPNYG00000000805	2	0	5
ENSPNYG00000000806	0	0	0
ENSPNYG00000000807	0	0	0
ENSPNYG00000000808	0	0	4
ENSPNYG00000000809	9	5	3
ENSPNYG00000000810	52	40	49
ENSPNYG00000000811	2	0	2
ENSPNYG00000000812	0	0	0
ENSPNYG00000000813	3	1	5
ENSPNYG00000000814	2	0	1
ENSPNYG00000000815	1	0	0
ENSPNYG00000000816	0	0	0
ENSPNYG00000000817	4	3	16
ENSPNYG00000000818	0	0	0
ENSPNYG00000000819	0	0	0
ENSPNYG00000000820	13	8	13
ENSPNYG00000000821	18	21	22
ENSPNYG00000000822	0	2	1
ENSPNYG00000000823	7	1	2
ENSPNYG00000000824	3749	1648	1429
ENSPNYG00000000825	0	1	2
ENSPNYG00000000826	175	168	128
ENSPNYG00000000827	0	0	2
ENSPNYG00000000828	6	3	10
ENSPNYG00000000829	0	0	0
ENSPNYG00000000830	0	0	0
ENSPNYG00000000831	0	0	0
ENSPNYG00000000832	640	608	603
ENSPNYG00000000833	0	0	6
ENSPNYG00000000834	1	0	0
ENSPNYG00000000835	0	3	1
ENSPNYG00000000836	6	2	9
ENSPNYG00000000837	0	0	2
ENSPNYG00000000838	2	1	0
ENSPNYG00000000839	1	0	0
ENSPNYG00000000840	18	19	8
ENSPNYG00000000841	1	6	3
ENSPNYG00000000842	4	6	3
ENSPNYG00000000843	0	0	0
ENSPNYG00000000844	3094	1611	3271
ENSPNYG00000000845	0	0	0
ENSPNYG00000000846	2	2	1
ENSPNYG00000000847	2	0	3
ENSPNYG00000000848	4	2	1
ENSPNYG00000000849	9	7	11
ENSPNYG00000000850	5	4	9
ENSPNYG00000000851	4	0	2
ENSPNYG00000000852	5	2	6
ENSPNYG00000000853	2	1	0
ENSPNYG00000000854	17	7	13
ENSPNYG00000000855	1	0	0
ENSPNYG00000000856	2	2	6
ENSPNYG00000000857	0	0	0
ENSPNYG00000000858	0	0	1
ENSPNYG00000000859	7	4	8
ENSPNYG00000000860	1	1	8
ENSPNYG00000000861	0	1	2
ENSPNYG00000000862	0	1	0
ENSPNYG00000000863	216	187	227
ENSPNYG00000000864	15	14	20
ENSPNYG00000000865	0	0	0
ENSPNYG00000000866	0	0	0
ENSPNYG00000000867	0	0	1
ENSPNYG00000000868	0	6	13
ENSPNYG00000000869	0	0	0
ENSPNYG00000000870	0	1	0
ENSPNYG00000000871	0	2	1
ENSPNYG00000000872	1	2	6
ENSPNYG00000000873	0	0	0
ENSPNYG00000000874	2	4	1
ENSPNYG00000000875	194	60	55
ENSPNYG00000000876	0	1	0
ENSPNYG00000000877	0	0	1
ENSPNYG00000000878	0	0	0
ENSPNYG00000000879	0	0	0
ENSPNYG00000000880	5	13	8
ENSPNYG00000000881	0	0	0
ENSPNYG00000000882	9	12	17
ENSPNYG00000000883	2	16	4
ENSPNYG00000000884	0	0	0
ENSPNYG00000000885	2	0	4
ENSPNYG00000000886	1	2	4
ENSPNYG00000000887	1024	625	913
ENSPNYG00000000888	0	0	0
ENSPNYG00000000889	6	0	2
ENSPNYG00000000890	0	5	5
ENSPNYG00000000891	1	8	16
ENSPNYG00000000892	0	0	0
ENSPNYG00000000893	12	16	11
ENSPNYG00000000894	1	0	0
ENSPNYG00000000895	99	52	73
ENSPNYG00000000896	2	1	0
ENSPNYG00000000897	845	1137	973
ENSPNYG00000000898	3	0	0
ENSPNYG00000000899	9	4	6
ENSPNYG00000000900	36	98	89
ENSPNYG00000000901	5	18	35
ENSPNYG00000000902	0	4	1
ENSPNYG00000000903	0	2	0
ENSPNYG00000000904	2	3	7
ENSPNYG00000000905	0	1	0
ENSPNYG00000000906	7	2	0
ENSPNYG00000000907	2	0	0
ENSPNYG00000000908	0	0	0
ENSPNYG00000000909	1	2	2
ENSPNYG00000000910	11	5	8
ENSPNYG00000000911	26	2	17
ENSPNYG00000000912	0	0	0
ENSPNYG00000000913	6	2	1
ENSPNYG00000000914	4	0	2
ENSPNYG00000000915	0	0	0
ENSPNYG00000000916	504	276	474
ENSPNYG00000000917	36456	88438	81425
ENSPNYG00000000918	1	0	0
ENSPNYG00000000919	0	0	1
ENSPNYG00000000920	0	0	0
ENSPNYG00000000921	0	0	0
ENSPNYG00000000922	3	1	0
ENSPNYG00000000923	0	0	0
ENSPNYG00000000924	2	0	0
ENSPNYG00000000925	0	0	0
ENSPNYG00000000926	1	1	1
ENSPNYG00000000927	0	0	0
ENSPNYG00000000928	10	4	17
ENSPNYG00000000929	1	0	1
ENSPNYG00000000930	1	0	0
ENSPNYG00000000931	13	8	19
ENSPNYG00000000932	1	6	17
ENSPNYG00000000933	0	1	0
ENSPNYG00000000934	0	2	0
ENSPNYG00000000935	0	3	0
ENSPNYG00000000936	2	4	6
ENSPNYG00000000937	9	5	7
ENSPNYG00000000938	0	1	0
ENSPNYG00000000939	1	0	0
ENSPNYG00000000940	0	2	0
ENSPNYG00000000941	0	0	0
ENSPNYG00000000942	0	5	3
ENSPNYG00000000943	0	0	0
ENSPNYG00000000944	0	0	0
ENSPNYG00000000945	0	4	0
ENSPNYG00000000946	57	42	47
ENSPNYG00000000947	0	0	1
ENSPNYG00000000948	0	2	0
ENSPNYG00000000949	1	1	3
ENSPNYG00000000950	1	4	0
ENSPNYG00000000951	0	0	0
ENSPNYG00000000952	0	0	0
ENSPNYG00000000953	0	0	0
ENSPNYG00000000954	0	0	0
ENSPNYG00000000955	1728	1111	1263
ENSPNYG00000000956	4	1	3
ENSPNYG00000000957	0	0	0
ENSPNYG00000000958	51	18	45
ENSPNYG00000000959	3	16	10
ENSPNYG00000000960	4	16	15
ENSPNYG00000000961	0	0	2
ENSPNYG00000000962	0	2	2
ENSPNYG00000000963	2	4	1
ENSPNYG00000000964	0	0	0
ENSPNYG00000000965	0	0	0
ENSPNYG00000000966	0	0	0
ENSPNYG00000000967	0	0	0
ENSPNYG00000000968	0	0	0
ENSPNYG00000000969	4	8	7
ENSPNYG00000000970	1	1	3
ENSPNYG00000000971	0	6	6
ENSPNYG00000000972	0	0	0
ENSPNYG00000000973	0	0	2
ENSPNYG00000000974	0	3	1
ENSPNYG00000000975	0	0	3
ENSPNYG00000000976	0	0	0
ENSPNYG00000000977	0	0	0
ENSPNYG00000000978	0	0	0
ENSPNYG00000000979	2	4	0
ENSPNYG00000000980	0	0	0
ENSPNYG00000000981	6	0	0
ENSPNYG00000000982	17	16	24
ENSPNYG00000000983	0	0	0
ENSPNYG00000000984	0	0	1
ENSPNYG00000000985	74	55	87
ENSPNYG00000000986	326	300	192
ENSPNYG00000000987	1	0	1
ENSPNYG00000000988	0	0	0
ENSPNYG00000000989	1	1	0
ENSPNYG00000000990	0	3	1
ENSPNYG00000000991	2	3	2
ENSPNYG00000000992	13	5	9
ENSPNYG00000000993	874	1530	942
ENSPNYG00000000994	0	0	0
ENSPNYG00000000995	0	0	0
ENSPNYG00000000996	1	1	1
ENSPNYG00000000997	2	1	1
ENSPNYG00000000998	0	0	0
ENSPNYG00000000999	0	0	0
ENSPNYG00000001000	3	1	3
ENSPNYG00000001001	25	25	33
ENSPNYG00000001002	505	305	549
ENSPNYG00000001003	0	0	0
ENSPNYG00000001004	4	2	1
ENSPNYG00000001005	1	4	2
ENSPNYG00000001006	0	0	2
ENSPNYG00000001007	0	0	0
ENSPNYG00000001008	0	0	0
ENSPNYG00000001009	0	2	0
ENSPNYG00000001010	106	97	78
ENSPNYG00000001011	2	11	3
ENSPNYG00000001012	3	0	2
ENSPNYG00000001013	38	29	18
ENSPNYG00000001014	0	0	0
ENSPNYG00000001015	3	4	9
ENSPNYG00000001016	3	1	6
ENSPNYG00000001017	5	0	1
ENSPNYG00000001018	0	1	2
ENSPNYG00000001019	0	0	0
ENSPNYG00000001020	0	0	0
ENSPNYG00000001021	0	0	1
ENSPNYG00000001022	0	3	1
ENSPNYG00000001023	0	0	0
ENSPNYG00000001024	5	2	1
ENSPNYG00000001025	1	3	0
ENSPNYG00000001026	0	0	0
ENSPNYG00000001027	0	1	0
ENSPNYG00000001028	0	0	0
ENSPNYG00000001029	2	1	7
ENSPNYG00000001030	2	3	5
ENSPNYG00000001031	0	0	0
ENSPNYG00000001032	459	364	528
ENSPNYG00000001033	6	2	4
ENSPNYG00000001034	0	0	0
ENSPNYG00000001035	0	0	0
ENSPNYG00000001036	3	0	0
ENSPNYG00000001037	0	0	0
ENSPNYG00000001038	0	0	0
ENSPNYG00000001039	0	4	0
ENSPNYG00000001040	0	1	0
ENSPNYG00000001041	1	1	3
ENSPNYG00000001042	1	0	1
ENSPNYG00000001043	2	3	11
ENSPNYG00000001044	0	0	0
ENSPNYG00000001045	0	0	0
ENSPNYG00000001046	7	5	5
ENSPNYG00000001047	7	4	8
ENSPNYG00000001048	0	0	3
ENSPNYG00000001049	0	0	0
ENSPNYG00000001050	1	0	0
ENSPNYG00000001051	1	2	1
ENSPNYG00000001052	3	1	3
ENSPNYG00000001053	2370	2892	2725
ENSPNYG00000001054	0	0	0
ENSPNYG00000001055	0	0	0
ENSPNYG00000001056	0	0	0
ENSPNYG00000001057	8	5	4
ENSPNYG00000001058	3	0	0
ENSPNYG00000001059	225	215	253
ENSPNYG00000001060	0	0	0
ENSPNYG00000001061	6	1	3
ENSPNYG00000001062	0	0	0
ENSPNYG00000001063	0	0	5
ENSPNYG00000001064	0	0	0
ENSPNYG00000001065	0	0	0
ENSPNYG00000001066	24	14	16
ENSPNYG00000001067	2	0	3
ENSPNYG00000001068	1	0	0
ENSPNYG00000001069	0	0	0
ENSPNYG00000001070	7	2	2
ENSPNYG00000001071	0	2	2
ENSPNYG00000001072	13	6	6
ENSPNYG00000001073	7	37	13
ENSPNYG00000001074	1	0	0
ENSPNYG00000001075	0	0	0
ENSPNYG00000001076	127	112	100
ENSPNYG00000001077	47	82	73
ENSPNYG00000001078	0	0	0
ENSPNYG00000001079	2	7	11
ENSPNYG00000001080	1	0	0
ENSPNYG00000001081	4	0	2
ENSPNYG00000001082	0	0	0
ENSPNYG00000001083	0	0	0
ENSPNYG00000001084	2	0	5
ENSPNYG00000001085	2	1	0
ENSPNYG00000001086	0	0	0
ENSPNYG00000001087	289	463	1237
ENSPNYG00000001088	167	157	165
ENSPNYG00000001089	0	2	0
ENSPNYG00000001090	0	0	0
ENSPNYG00000001091	146	113	197
ENSPNYG00000001092	1	0	2
ENSPNYG00000001093	2	4	1
ENSPNYG00000001094	28	33	37
ENSPNYG00000001095	1	0	0
ENSPNYG00000001096	1	1	3
ENSPNYG00000001097	0	3	8
ENSPNYG00000001098	2	1	1
ENSPNYG00000001099	0	0	0
ENSPNYG00000001100	1	1	0
ENSPNYG00000001101	0	0	3
ENSPNYG00000001102	1	1	2
ENSPNYG00000001103	0	0	0
ENSPNYG00000001104	8	10	24
ENSPNYG00000001105	0	0	0
ENSPNYG00000001106	0	0	0
ENSPNYG00000001107	11	0	6
ENSPNYG00000001108	0	0	0
ENSPNYG00000001109	0	0	1
ENSPNYG00000001110	0	0	0
ENSPNYG00000001111	0	0	0
ENSPNYG00000001112	0	0	0
ENSPNYG00000001113	0	3	1
ENSPNYG00000001114	0	1	0
ENSPNYG00000001115	2	1	2
ENSPNYG00000001116	0	0	0
ENSPNYG00000001117	0	0	1
ENSPNYG00000001118	0	0	1
ENSPNYG00000001119	16	7	12
ENSPNYG00000001120	3	6	5
ENSPNYG00000001121	1	4	0
ENSPNYG00000001122	169	107	127
ENSPNYG00000001123	3	1	0
ENSPNYG00000001124	3	1	1
ENSPNYG00000001125	0	0	0
ENSPNYG00000001126	3	4	0
ENSPNYG00000001127	0	1	0
ENSPNYG00000001128	4	0	1
ENSPNYG00000001129	0	4	0
ENSPNYG00000001130	0	0	0
ENSPNYG00000001131	0	0	0
ENSPNYG00000001132	3	5	3
ENSPNYG00000001133	1	0	0
ENSPNYG00000001134	1	3	7
ENSPNYG00000001135	8	8	6
ENSPNYG00000001136	31	14	17
ENSPNYG00000001137	3	6	9
ENSPNYG00000001138	0	0	0
ENSPNYG00000001139	1	0	0
ENSPNYG00000001140	0	0	0
ENSPNYG00000001141	0	0	0
ENSPNYG00000001142	0	0	0
ENSPNYG00000001143	0	0	0
ENSPNYG00000001144	0	0	0
ENSPNYG00000001145	0	1	0
ENSPNYG00000001146	0	2	0
ENSPNYG00000001147	0	0	2
ENSPNYG00000001148	4	2	1
ENSPNYG00000001149	1	3	4
ENSPNYG00000001150	0	0	0
ENSPNYG00000001151	0	2	0
ENSPNYG00000001152	1	1	0
ENSPNYG00000001153	6	6	17
ENSPNYG00000001154	0	1	1
ENSPNYG00000001155	0	0	0
ENSPNYG00000001156	6	4	10
ENSPNYG00000001157	1	0	1
ENSPNYG00000001158	0	0	0
ENSPNYG00000001159	0	0	0
ENSPNYG00000001160	2	3	3
ENSPNYG00000001161	3	0	0
ENSPNYG00000001162	1	1	1
ENSPNYG00000001163	0	0	0
ENSPNYG00000001164	7	1	3
ENSPNYG00000001165	2	5	4
ENSPNYG00000001166	0	3	0
ENSPNYG00000001167	1	2	1
ENSPNYG00000001168	2	1	1
ENSPNYG00000001169	1	8	5
ENSPNYG00000001170	3	1	5
ENSPNYG00000001171	0	0	0
ENSPNYG00000001172	17	9	10
ENSPNYG00000001173	5	0	1
ENSPNYG00000001174	41	14	25
ENSPNYG00000001175	1	1	0
ENSPNYG00000001176	0	0	0
ENSPNYG00000001177	0	0	0
ENSPNYG00000001178	0	0	2
ENSPNYG00000001179	4	17	7
ENSPNYG00000001180	4	0	0
ENSPNYG00000001181	10	7	2
ENSPNYG00000001182	0	0	0
ENSPNYG00000001183	0	1	0
ENSPNYG00000001184	0	1	0
ENSPNYG00000001185	0	0	0
ENSPNYG00000001186	4	1	1
ENSPNYG00000001187	1	2	0
ENSPNYG00000001188	15	24	24
ENSPNYG00000001189	0	0	1
ENSPNYG00000001190	5	5	2
ENSPNYG00000001191	0	0	0
ENSPNYG00000001192	3	0	1
ENSPNYG00000001193	25	3	19
ENSPNYG00000001194	4	0	2
ENSPNYG00000001195	0	1	0
ENSPNYG00000001196	0	0	0
ENSPNYG00000001197	17	11	5
ENSPNYG00000001198	0	0	0
ENSPNYG00000001199	0	0	0
ENSPNYG00000001200	2	0	0
ENSPNYG00000001201	0	0	0
ENSPNYG00000001202	0	0	0
ENSPNYG00000001203	0	0	7
ENSPNYG00000001204	2	1	0
ENSPNYG00000001205	2678	2095	1752
ENSPNYG00000001206	1	1	1
ENSPNYG00000001207	0	0	1
ENSPNYG00000001208	1	3	2
ENSPNYG00000001209	0	0	0
ENSPNYG00000001210	4	2	3
ENSPNYG00000001211	3	4	0
ENSPNYG00000001212	0	0	0
ENSPNYG00000001213	0	1	1
ENSPNYG00000001214	32	56	91
ENSPNYG00000001215	0	0	0
ENSPNYG00000001216	0	0	0
ENSPNYG00000001217	5	2	2
ENSPNYG00000001218	8	7	6
ENSPNYG00000001219	1	2	0
ENSPNYG00000001220	0	2	0
ENSPNYG00000001221	2	0	4
ENSPNYG00000001222	17	4	13
ENSPNYG00000001223	1	0	0
ENSPNYG00000001224	6	3	2
ENSPNYG00000001225	5	3	8
ENSPNYG00000001226	0	0	1
ENSPNYG00000001227	20	8	23
ENSPNYG00000001228	2	2	9
ENSPNYG00000001229	0	0	1
ENSPNYG00000001230	0	1	1
ENSPNYG00000001231	0	0	0
ENSPNYG00000001232	19	5	5
ENSPNYG00000001233	0	0	0
ENSPNYG00000001234	1	0	1
ENSPNYG00000001235	0	0	4
ENSPNYG00000001236	12	13	16
ENSPNYG00000001237	0	1	1
ENSPNYG00000001238	2	4	6
ENSPNYG00000001239	1	0	0
ENSPNYG00000001240	2	0	0
ENSPNYG00000001241	0	3	0
ENSPNYG00000001242	1	1	1
ENSPNYG00000001243	3	0	0
ENSPNYG00000001244	0	0	0
ENSPNYG00000001245	1	0	0
ENSPNYG00000001246	16	16	8
ENSPNYG00000001247	0	0	0
ENSPNYG00000001248	0	1	0
ENSPNYG00000001249	0	0	0
ENSPNYG00000001250	30	29	40
ENSPNYG00000001251	0	0	1
ENSPNYG00000001252	0	0	0
ENSPNYG00000001253	1	0	0
ENSPNYG00000001254	0	0	0
ENSPNYG00000001255	23	16	14
ENSPNYG00000001256	25	9	26
ENSPNYG00000001257	5	2	6
ENSPNYG00000001258	0	0	2
ENSPNYG00000001259	0	0	0
ENSPNYG00000001260	1	5	6
ENSPNYG00000001261	10	11	12
ENSPNYG00000001262	0	1	1
ENSPNYG00000001263	0	0	2
ENSPNYG00000001264	2	6	7
ENSPNYG00000001265	0	2	0
ENSPNYG00000001266	3	1	1
ENSPNYG00000001267	149	190	314
ENSPNYG00000001268	0	0	0
ENSPNYG00000001269	8	1	2
ENSPNYG00000001270	0	0	3
ENSPNYG00000001271	19	37	68
ENSPNYG00000001272	2	0	0
ENSPNYG00000001273	1044	751	1217
ENSPNYG00000001274	5	0	1
ENSPNYG00000001275	0	0	0
ENSPNYG00000001276	0	2	1
ENSPNYG00000001277	0	0	0
ENSPNYG00000001278	0	0	0
ENSPNYG00000001279	0	0	0
ENSPNYG00000001280	1	7	2
ENSPNYG00000001281	0	0	0
ENSPNYG00000001282	0	0	0
ENSPNYG00000001283	1	0	2
ENSPNYG00000001284	1	4	1
ENSPNYG00000001285	4	1	1
ENSPNYG00000001286	1	0	1
ENSPNYG00000001287	1	1	0
ENSPNYG00000001288	3	1	5
ENSPNYG00000001289	10	5	2
ENSPNYG00000001290	0	0	0
ENSPNYG00000001291	0	0	0
ENSPNYG00000001292	1	1	1
ENSPNYG00000001293	5	2	7
ENSPNYG00000001294	1	2	5
ENSPNYG00000001295	155	79	126
ENSPNYG00000001296	0	2	0
ENSPNYG00000001297	0	0	0
ENSPNYG00000001298	16	7	0
ENSPNYG00000001299	0	0	0
ENSPNYG00000001300	0	0	1
ENSPNYG00000001301	6	0	1
ENSPNYG00000001302	2	7	3
ENSPNYG00000001303	44	163	143
ENSPNYG00000001304	0	0	3
ENSPNYG00000001305	70	112	167
ENSPNYG00000001306	0	0	0
ENSPNYG00000001307	0	0	0
ENSPNYG00000001308	5	2	9
ENSPNYG00000001309	0	0	1
ENSPNYG00000001310	323	500	904
ENSPNYG00000001311	0	3	14
ENSPNYG00000001312	0	0	0
ENSPNYG00000001313	0	0	0
ENSPNYG00000001314	1	0	2
ENSPNYG00000001315	0	0	0
ENSPNYG00000001316	9	4	11
ENSPNYG00000001317	7	0	6
ENSPNYG00000001318	0	0	0
ENSPNYG00000001319	0	0	0
ENSPNYG00000001320	0	0	0
ENSPNYG00000001321	2	1	4
ENSPNYG00000001322	1	0	0
ENSPNYG00000001323	2	5	3
ENSPNYG00000001324	0	0	0
ENSPNYG00000001325	1	5	4
ENSPNYG00000001326	0	0	0
ENSPNYG00000001327	44	36	48
ENSPNYG00000001328	1	2	1
ENSPNYG00000001329	0	0	2
ENSPNYG00000001330	5	0	1
ENSPNYG00000001331	0	1	0
ENSPNYG00000001332	12	2	3
ENSPNYG00000001333	0	0	5
ENSPNYG00000001334	1	4	2
ENSPNYG00000001335	2	0	0
ENSPNYG00000001336	0	3	0
ENSPNYG00000001337	1	0	1
ENSPNYG00000001338	0	0	0
ENSPNYG00000001339	1	0	0
ENSPNYG00000001340	0	0	0
ENSPNYG00000001341	4	1	2
ENSPNYG00000001342	0	0	0
ENSPNYG00000001343	1	6	5
ENSPNYG00000001344	7	0	4
ENSPNYG00000001345	1	0	0
ENSPNYG00000001346	0	0	1
ENSPNYG00000001347	0	0	0
ENSPNYG00000001348	10	8	4
ENSPNYG00000001349	97	127	150
ENSPNYG00000001350	0	0	3
ENSPNYG00000001351	2	4	5
ENSPNYG00000001352	1	2	0
ENSPNYG00000001353	7	2	6
ENSPNYG00000001354	0	0	0
ENSPNYG00000001355	7	11	6
ENSPNYG00000001356	6	11	15
ENSPNYG00000001357	0	0	0
ENSPNYG00000001358	3	1	1
ENSPNYG00000001359	2	0	4
ENSPNYG00000001360	0	0	0
ENSPNYG00000001361	60	18	25
ENSPNYG00000001362	0	0	1
ENSPNYG00000001363	0	0	0
ENSPNYG00000001364	0	0	0
ENSPNYG00000001365	9	3	2
ENSPNYG00000001366	38	29	39
ENSPNYG00000001367	4	1	1
ENSPNYG00000001368	0	2	3
ENSPNYG00000001369	5	2	2
ENSPNYG00000001370	8	1	4
ENSPNYG00000001371	3	3	3
ENSPNYG00000001372	0	0	0
ENSPNYG00000001373	3	1	0
ENSPNYG00000001374	6	2	2
ENSPNYG00000001375	1	9	1
ENSPNYG00000001376	0	0	0
ENSPNYG00000001377	0	0	0
ENSPNYG00000001378	0	0	0
ENSPNYG00000001379	2	1	3
ENSPNYG00000001380	4	2	4
ENSPNYG00000001381	13	16	8
ENSPNYG00000001382	0	0	3
ENSPNYG00000001383	18	20	13
ENSPNYG00000001384	1	2	3
ENSPNYG00000001385	0	0	0
ENSPNYG00000001386	1	0	0
ENSPNYG00000001387	9	7	4
ENSPNYG00000001388	0	0	0
ENSPNYG00000001389	0	0	0
ENSPNYG00000001390	0	0	0
ENSPNYG00000001391	0	0	0
ENSPNYG00000001392	20	21	20
ENSPNYG00000001393	0	0	3
ENSPNYG00000001394	3	3	2
ENSPNYG00000001395	0	0	0
ENSPNYG00000001396	1	1	5
ENSPNYG00000001397	14	9	8
ENSPNYG00000001398	1	0	4
ENSPNYG00000001399	47	22	14
ENSPNYG00000001400	0	1	0
ENSPNYG00000001401	1	0	0
ENSPNYG00000001402	0	0	0
ENSPNYG00000001403	1	0	0
ENSPNYG00000001404	0	0	0
ENSPNYG00000001405	0	0	0
ENSPNYG00000001406	2	1	3
ENSPNYG00000001407	4	2	1
ENSPNYG00000001408	0	0	3
ENSPNYG00000001409	14	5	18
ENSPNYG00000001410	0	2	7
ENSPNYG00000001411	1	0	2
ENSPNYG00000001412	1	0	1
ENSPNYG00000001413	2	1	0
ENSPNYG00000001414	0	0	0
ENSPNYG00000001415	32	53	52
ENSPNYG00000001416	6	3	5
ENSPNYG00000001417	4	0	9
ENSPNYG00000001418	1	1	3
ENSPNYG00000001419	0	0	1
ENSPNYG00000001420	0	0	1
ENSPNYG00000001421	0	0	0
ENSPNYG00000001422	0	0	0
ENSPNYG00000001423	4	0	6
ENSPNYG00000001424	0	1	0
ENSPNYG00000001425	0	0	1
ENSPNYG00000001426	0	0	0
ENSPNYG00000001427	0	2	1
ENSPNYG00000001428	0	0	0
ENSPNYG00000001429	0	0	2
ENSPNYG00000001430	1	3	2
ENSPNYG00000001431	0	1	2
ENSPNYG00000001432	31	22	11
ENSPNYG00000001433	0	1	4
ENSPNYG00000001434	0	0	0
ENSPNYG00000001435	0	0	0
ENSPNYG00000001436	0	0	0
ENSPNYG00000001437	4	12	4
ENSPNYG00000001438	23	10	10
ENSPNYG00000001439	0	0	0
ENSPNYG00000001440	2	1	0
ENSPNYG00000001441	9	0	6
ENSPNYG00000001442	0	0	0
ENSPNYG00000001443	0	0	0
ENSPNYG00000001444	23	17	13
ENSPNYG00000001445	1	0	0
ENSPNYG00000001446	1	0	5
ENSPNYG00000001447	8	1	4
ENSPNYG00000001448	1	0	1
ENSPNYG00000001449	2	2	1
ENSPNYG00000001450	23	6	15
ENSPNYG00000001451	1	0	0
ENSPNYG00000001452	0	1	1
ENSPNYG00000001453	0	0	0
ENSPNYG00000001454	0	1	2
ENSPNYG00000001455	0	0	2
ENSPNYG00000001456	6	2	4
ENSPNYG00000001457	3	2	1
ENSPNYG00000001458	0	0	0
ENSPNYG00000001459	4	2	0
ENSPNYG00000001460	0	0	1
ENSPNYG00000001461	3	10	9
ENSPNYG00000001462	0	0	0
ENSPNYG00000001463	0	0	7
ENSPNYG00000001464	3	2	1
ENSPNYG00000001465	2	0	3
ENSPNYG00000001466	0	0	0
ENSPNYG00000001467	0	0	0
ENSPNYG00000001468	0	0	0
ENSPNYG00000001469	3	5	5
ENSPNYG00000001470	1	0	0
ENSPNYG00000001471	2	0	1
ENSPNYG00000001472	1	0	0
ENSPNYG00000001473	0	0	0
ENSPNYG00000001474	1381	803	779
ENSPNYG00000001475	9	6	5
ENSPNYG00000001476	0	0	0
ENSPNYG00000001477	0	0	0
ENSPNYG00000001478	0	0	0
ENSPNYG00000001479	0	0	0
ENSPNYG00000001480	7	5	6
ENSPNYG00000001481	31	37	22
ENSPNYG00000001482	0	0	1
ENSPNYG00000001483	4	2	7
ENSPNYG00000001484	0	0	0
ENSPNYG00000001485	1	0	0
ENSPNYG00000001486	3	3	2
ENSPNYG00000001487	25	11	32
ENSPNYG00000001488	4	7	7
ENSPNYG00000001489	1	1	2
ENSPNYG00000001490	3	1	3
ENSPNYG00000001491	0	0	0
ENSPNYG00000001492	0	0	0
ENSPNYG00000001493	1	2	4
ENSPNYG00000001494	1	0	0
ENSPNYG00000001495	10	18	7
ENSPNYG00000001496	48	63	51
ENSPNYG00000001497	0	0	0
ENSPNYG00000001498	6	6	10
ENSPNYG00000001499	2	0	0
ENSPNYG00000001500	0	6	6
ENSPNYG00000001501	0	0	0
ENSPNYG00000001502	1	0	3
ENSPNYG00000001503	0	0	0
ENSPNYG00000001504	0	1	0
ENSPNYG00000001505	0	0	0
ENSPNYG00000001506	0	0	0
ENSPNYG00000001507	0	0	0
ENSPNYG00000001508	4	4	8
ENSPNYG00000001509	47	40	29
ENSPNYG00000001510	23	13	9
ENSPNYG00000001511	12	3	6
ENSPNYG00000001512	0	0	0
ENSPNYG00000001513	2	1	3
ENSPNYG00000001514	0	0	1
ENSPNYG00000001515	10	2	9
ENSPNYG00000001516	0	0	1
ENSPNYG00000001517	3	3	2
ENSPNYG00000001518	0	0	0
ENSPNYG00000001519	0	0	1
ENSPNYG00000001520	0	0	0
ENSPNYG00000001521	17	0	10
ENSPNYG00000001522	3	1	0
ENSPNYG00000001523	0	1	0
ENSPNYG00000001524	0	3	4
ENSPNYG00000001525	1	0	0
ENSPNYG00000001526	0	0	0
ENSPNYG00000001527	0	0	2
ENSPNYG00000001528	0	4	3
ENSPNYG00000001529	0	1	0
ENSPNYG00000001530	10	1	3
ENSPNYG00000001531	2	0	0
ENSPNYG00000001532	0	0	0
ENSPNYG00000001533	1	0	0
ENSPNYG00000001534	0	2	0
ENSPNYG00000001535	2	0	1
ENSPNYG00000001536	0	0	1
ENSPNYG00000001537	1	1	0
ENSPNYG00000001538	0	0	0
ENSPNYG00000001539	2	1	0
ENSPNYG00000001540	10	6	11
ENSPNYG00000001541	0	0	0
ENSPNYG00000001542	1	2	2
ENSPNYG00000001543	0	0	0
ENSPNYG00000001544	0	0	0
ENSPNYG00000001545	3	3	3
ENSPNYG00000001546	1	0	0
ENSPNYG00000001547	15	58	34
ENSPNYG00000001548	0	0	0
ENSPNYG00000001549	0	0	3
ENSPNYG00000001550	0	2	0
ENSPNYG00000001551	0	0	0
ENSPNYG00000001552	1408	1775	2215
ENSPNYG00000001553	0	1	4
ENSPNYG00000001554	2	3	1
ENSPNYG00000001555	0	0	0
ENSPNYG00000001556	1	2	5
ENSPNYG00000001557	0	0	2
ENSPNYG00000001558	5	14	11
ENSPNYG00000001559	0	2	1
ENSPNYG00000001560	12	1	7
ENSPNYG00000001561	224	165	265
ENSPNYG00000001562	3	4	3
ENSPNYG00000001563	0	0	0
ENSPNYG00000001564	0	1	1
ENSPNYG00000001565	1	0	0
ENSPNYG00000001566	2	9	2
ENSPNYG00000001567	5	1	3
ENSPNYG00000001568	0	0	0
ENSPNYG00000001569	3	2	3
ENSPNYG00000001570	25	18	27
ENSPNYG00000001571	0	0	2
ENSPNYG00000001572	1	0	6
ENSPNYG00000001573	0	0	0
ENSPNYG00000001574	0	0	0
ENSPNYG00000001575	0	0	0
ENSPNYG00000001576	15	21	20
ENSPNYG00000001577	0	0	0
ENSPNYG00000001578	3	0	7
ENSPNYG00000001579	0	3	3
ENSPNYG00000001580	0	0	0
ENSPNYG00000001581	0	0	0
ENSPNYG00000001582	53	47	31
ENSPNYG00000001583	210	113	225
ENSPNYG00000001584	0	0	0
ENSPNYG00000001585	41	37	33
ENSPNYG00000001586	102	81	169
ENSPNYG00000001587	0	0	0
ENSPNYG00000001588	0	0	0
ENSPNYG00000001589	0	0	0
ENSPNYG00000001590	0	0	1
ENSPNYG00000001591	13	3	10
ENSPNYG00000001592	2487	1907	1932
ENSPNYG00000001593	2	2	3
ENSPNYG00000001594	0	0	0
ENSPNYG00000001595	2	0	0
ENSPNYG00000001596	1	1	0
ENSPNYG00000001597	3	2	1
ENSPNYG00000001598	0	0	0
ENSPNYG00000001599	0	0	0
ENSPNYG00000001600	4	2	2
ENSPNYG00000001601	1	0	0
ENSPNYG00000001602	1	0	1
ENSPNYG00000001603	120	84	57
ENSPNYG00000001604	0	0	0
ENSPNYG00000001605	7	1	1
ENSPNYG00000001606	0	1	3
ENSPNYG00000001607	0	0	0
ENSPNYG00000001608	0	0	0
ENSPNYG00000001609	0	3	2
ENSPNYG00000001610	3	4	0
ENSPNYG00000001611	0	0	0
ENSPNYG00000001612	0	0	0
ENSPNYG00000001613	1	0	0
ENSPNYG00000001614	1	0	1
ENSPNYG00000001615	35	88	87
ENSPNYG00000001616	0	0	1
ENSPNYG00000001617	0	1	0
ENSPNYG00000001618	0	0	0
ENSPNYG00000001619	0	0	0
ENSPNYG00000001620	13	3	10
ENSPNYG00000001621	0	0	0
ENSPNYG00000001622	0	0	0
ENSPNYG00000001623	2	2	0
ENSPNYG00000001624	7	0	4
ENSPNYG00000001625	2	0	5
ENSPNYG00000001626	1	0	0
ENSPNYG00000001627	0	0	0
ENSPNYG00000001628	0	1	1
ENSPNYG00000001629	0	0	0
ENSPNYG00000001630	0	0	0
ENSPNYG00000001631	0	0	0
ENSPNYG00000001632	1	1	2
ENSPNYG00000001633	6	0	4
ENSPNYG00000001634	16	2	8
ENSPNYG00000001635	10	4	6
ENSPNYG00000001636	3	4	8
ENSPNYG00000001637	0	0	0
ENSPNYG00000001638	0	0	0
ENSPNYG00000001639	1	0	1
ENSPNYG00000001640	315	267	223
ENSPNYG00000001641	0	0	0
ENSPNYG00000001642	2	0	0
ENSPNYG00000001643	0	0	0
ENSPNYG00000001644	0	0	0
ENSPNYG00000001645	1	0	1
ENSPNYG00000001646	0	0	0
ENSPNYG00000001647	18	8	6
ENSPNYG00000001648	2	3	1
ENSPNYG00000001649	1	3	1
ENSPNYG00000001650	5	8	0
ENSPNYG00000001651	0	0	1
ENSPNYG00000001652	3	7	2
ENSPNYG00000001653	0	0	0
ENSPNYG00000001654	4913	2932	1674
ENSPNYG00000001655	2	0	0
ENSPNYG00000001656	1	0	0
ENSPNYG00000001657	425	608	764
ENSPNYG00000001658	0	0	0
ENSPNYG00000001659	0	3	3
ENSPNYG00000001660	13	12	14
ENSPNYG00000001661	0	0	0
ENSPNYG00000001662	5	6	7
ENSPNYG00000001663	19	14	10
ENSPNYG00000001664	0	0	1
ENSPNYG00000001665	0	0	0
ENSPNYG00000001666	0	0	1
ENSPNYG00000001667	0	0	0
ENSPNYG00000001668	1	2	0
ENSPNYG00000001669	0	0	0
ENSPNYG00000001670	5	0	1
ENSPNYG00000001671	7	5	4
ENSPNYG00000001672	10	1	5
ENSPNYG00000001673	1	0	1
ENSPNYG00000001674	3	0	1
ENSPNYG00000001675	0	0	0
ENSPNYG00000001676	1	1	0
ENSPNYG00000001677	4	0	0
ENSPNYG00000001678	0	0	0
ENSPNYG00000001679	2	3	2
ENSPNYG00000001680	48	48	61
ENSPNYG00000001681	0	0	0
ENSPNYG00000001682	6	6	4
ENSPNYG00000001683	0	0	0
ENSPNYG00000001684	0	0	0
ENSPNYG00000001685	0	0	0
ENSPNYG00000001686	1	4	6
ENSPNYG00000001687	0	0	0
ENSPNYG00000001688	0	1	3
ENSPNYG00000001689	4	4	3
ENSPNYG00000001690	5	4	7
ENSPNYG00000001691	0	0	0
ENSPNYG00000001692	0	0	0
ENSPNYG00000001693	0	0	4
ENSPNYG00000001694	0	8	2
ENSPNYG00000001695	0	0	0
ENSPNYG00000001696	0	0	0
ENSPNYG00000001697	0	0	1
ENSPNYG00000001698	0	0	0
ENSPNYG00000001699	0	0	0
ENSPNYG00000001700	0	0	0
ENSPNYG00000001701	0	0	0
ENSPNYG00000001702	2	10	3
ENSPNYG00000001703	171	161	227
ENSPNYG00000001704	0	0	0
ENSPNYG00000001705	3	3	6
ENSPNYG00000001706	0	0	0
ENSPNYG00000001707	1	1	0
ENSPNYG00000001708	0	0	0
ENSPNYG00000001709	7	29	38
ENSPNYG00000001710	0	5	5
ENSPNYG00000001711	0	0	0
ENSPNYG00000001712	2	0	3
ENSPNYG00000001713	2	0	2
ENSPNYG00000001714	0	9	5
ENSPNYG00000001715	2	2	1
ENSPNYG00000001716	0	0	0
ENSPNYG00000001717	0	0	0
ENSPNYG00000001718	0	0	0
ENSPNYG00000001719	4	1	0
ENSPNYG00000001720	0	0	0
ENSPNYG00000001721	0	0	0
ENSPNYG00000001722	15	3	4
ENSPNYG00000001723	0	0	0
ENSPNYG00000001724	2	1	2
ENSPNYG00000001725	14	5	18
ENSPNYG00000001726	3	4	11
ENSPNYG00000001727	0	1	1
ENSPNYG00000001728	1	0	1
ENSPNYG00000001729	5	5	4
ENSPNYG00000001730	1304	542	476
ENSPNYG00000001731	0	0	0
ENSPNYG00000001732	1	4	0
ENSPNYG00000001733	13	7	5
ENSPNYG00000001734	7	11	10
ENSPNYG00000001735	0	0	0
ENSPNYG00000001736	2	0	0
ENSPNYG00000001737	6	0	5
ENSPNYG00000001738	0	0	0
ENSPNYG00000001739	12	7	4
ENSPNYG00000001740	1	1	0
ENSPNYG00000001741	0	3	4
ENSPNYG00000001742	0	0	0
ENSPNYG00000001743	0	0	0
ENSPNYG00000001744	1	1	7
ENSPNYG00000001745	0	0	0
ENSPNYG00000001746	0	0	0
ENSPNYG00000001747	13	7	8
ENSPNYG00000001748	37	33	20
ENSPNYG00000001749	3	0	1
ENSPNYG00000001750	1	0	0
ENSPNYG00000001751	9	11	8
ENSPNYG00000001752	4	4	12
ENSPNYG00000001753	6	3	4
ENSPNYG00000001754	0	0	0
ENSPNYG00000001755	8	4	5
ENSPNYG00000001756	2	1	1
ENSPNYG00000001757	0	3	1
ENSPNYG00000001758	48	35	38
ENSPNYG00000001759	2	3	4
ENSPNYG00000001760	1	0	1
ENSPNYG00000001761	0	5	2
ENSPNYG00000001762	380	380	516
ENSPNYG00000001763	1	0	0
ENSPNYG00000001764	195	130	103
ENSPNYG00000001765	6	4	3
ENSPNYG00000001766	7	0	6
ENSPNYG00000001767	0	0	1
ENSPNYG00000001768	0	0	3
ENSPNYG00000001769	0	0	0
ENSPNYG00000001770	0	1	0
ENSPNYG00000001771	0	0	0
ENSPNYG00000001772	0	0	1
ENSPNYG00000001773	0	0	0
ENSPNYG00000001774	116	101	134
ENSPNYG00000001775	0	0	0
ENSPNYG00000001776	2	3	2
ENSPNYG00000001777	0	0	0
ENSPNYG00000001778	6	5	11
ENSPNYG00000001779	0	1	1
ENSPNYG00000001780	2	23	8
ENSPNYG00000001781	0	0	1
ENSPNYG00000001782	11	17	16
ENSPNYG00000001783	0	0	0
ENSPNYG00000001784	6	17	18
ENSPNYG00000001785	86	58	65
ENSPNYG00000001786	0	0	0
ENSPNYG00000001787	3	7	3
ENSPNYG00000001788	0	0	0
ENSPNYG00000001789	0	1	0
ENSPNYG00000001790	0	0	0
ENSPNYG00000001791	1	2	1
ENSPNYG00000001792	5	1	5
ENSPNYG00000001793	0	1	0
ENSPNYG00000001794	0	0	2
ENSPNYG00000001795	0	0	2
ENSPNYG00000001796	8	4	3
ENSPNYG00000001797	8	1	5
ENSPNYG00000001798	0	0	5
ENSPNYG00000001799	327	296	282
ENSPNYG00000001800	1	3	5
ENSPNYG00000001801	0	0	0
ENSPNYG00000001802	4	0	4
ENSPNYG00000001803	0	1	2
ENSPNYG00000001804	0	0	2
ENSPNYG00000001805	0	0	0
ENSPNYG00000001806	0	0	0
ENSPNYG00000001807	0	0	0
ENSPNYG00000001808	4	6	7
ENSPNYG00000001809	5	0	1
ENSPNYG00000001810	0	0	1
ENSPNYG00000001811	0	0	0
ENSPNYG00000001812	0	0	1
ENSPNYG00000001813	1	0	0
ENSPNYG00000001814	0	1	0
ENSPNYG00000001815	5	5	1
ENSPNYG00000001816	150	60	127
ENSPNYG00000001817	3	4	3
ENSPNYG00000001818	3	5	1
ENSPNYG00000001819	0	2	2
ENSPNYG00000001820	18	16	14
ENSPNYG00000001821	0	1	0
ENSPNYG00000001822	0	0	0
ENSPNYG00000001823	1	1	2
ENSPNYG00000001824	13	3	0
ENSPNYG00000001825	0	0	0
ENSPNYG00000001826	0	0	0
ENSPNYG00000001827	3	0	5
ENSPNYG00000001828	136	185	240
ENSPNYG00000001829	4	0	2
ENSPNYG00000001830	0	0	0
ENSPNYG00000001831	237	125	163
ENSPNYG00000001832	1811	1126	1312
ENSPNYG00000001833	0	1	1
ENSPNYG00000001834	75	82	107
ENSPNYG00000001835	1	2	2
ENSPNYG00000001836	3	6	3
ENSPNYG00000001837	0	0	0
ENSPNYG00000001838	0	0	0
ENSPNYG00000001839	4	2	3
ENSPNYG00000001840	0	0	0
ENSPNYG00000001841	0	0	1
ENSPNYG00000001842	0	0	0
ENSPNYG00000001843	5	3	1
ENSPNYG00000001844	0	0	0
ENSPNYG00000001845	4	1	0
ENSPNYG00000001846	0	0	2
ENSPNYG00000001847	1	2	14
ENSPNYG00000001848	0	0	2
ENSPNYG00000001849	9	4	7
ENSPNYG00000001850	0	0	0
ENSPNYG00000001851	3	2	5
ENSPNYG00000001852	0	1	0
ENSPNYG00000001853	0	0	0
ENSPNYG00000001854	1	0	0
ENSPNYG00000001855	0	0	0
ENSPNYG00000001856	0	0	0
ENSPNYG00000001857	6	5	4
ENSPNYG00000001858	1	0	0
ENSPNYG00000001859	0	0	0
ENSPNYG00000001860	2	4	1
ENSPNYG00000001861	1	0	2
ENSPNYG00000001862	0	0	0
ENSPNYG00000001863	0	3	0
ENSPNYG00000001864	0	0	0
ENSPNYG00000001865	1	4	1
ENSPNYG00000001866	0	0	0
ENSPNYG00000001867	0	0	2
ENSPNYG00000001868	4	1	7
ENSPNYG00000001869	1	2	0
ENSPNYG00000001870	6	3	3
ENSPNYG00000001871	6	1	6
ENSPNYG00000001872	0	0	0
ENSPNYG00000001873	1	0	0
ENSPNYG00000001874	1	13	18
ENSPNYG00000001875	128	168	124
ENSPNYG00000001876	0	0	1
ENSPNYG00000001877	0	0	0
ENSPNYG00000001878	0	2	2
ENSPNYG00000001879	0	0	0
ENSPNYG00000001880	0	0	0
ENSPNYG00000001881	2	6	2
ENSPNYG00000001882	0	0	0
ENSPNYG00000001883	0	0	2
ENSPNYG00000001884	1	0	1
ENSPNYG00000001885	1	0	1
ENSPNYG00000001886	4	1	13
ENSPNYG00000001887	0	0	0
ENSPNYG00000001888	3	6	2
ENSPNYG00000001889	0	0	0
ENSPNYG00000001890	912	625	760
ENSPNYG00000001891	0	2	2
ENSPNYG00000001892	2	0	2
ENSPNYG00000001893	6	5	3
ENSPNYG00000001894	25	14	6
ENSPNYG00000001895	0	0	0
ENSPNYG00000001896	0	0	0
ENSPNYG00000001897	2	2	2
ENSPNYG00000001898	0	2	3
ENSPNYG00000001899	0	0	0
ENSPNYG00000001900	5	0	1
ENSPNYG00000001901	1	3	1
ENSPNYG00000001902	0	2	0
ENSPNYG00000001903	0	0	0
ENSPNYG00000001904	0	0	0
ENSPNYG00000001905	0	1	1
ENSPNYG00000001906	1	1	1
ENSPNYG00000001907	7	2	3
ENSPNYG00000001908	1	2	5
ENSPNYG00000001909	0	0	0
ENSPNYG00000001910	0	2	3
ENSPNYG00000001911	0	0	0
ENSPNYG00000001912	0	3	1
ENSPNYG00000001913	1	0	0
ENSPNYG00000001914	0	0	0
ENSPNYG00000001915	0	0	0
ENSPNYG00000001916	8	2	8
ENSPNYG00000001917	0	0	1
ENSPNYG00000001918	1	1	1
ENSPNYG00000001919	7	1	0
ENSPNYG00000001920	0	0	1
ENSPNYG00000001921	4	1	2
ENSPNYG00000001922	4	2	13
ENSPNYG00000001923	2	8	9
ENSPNYG00000001924	0	0	0
ENSPNYG00000001925	2	1	1
ENSPNYG00000001926	1	0	0
ENSPNYG00000001927	3	0	1
ENSPNYG00000001928	0	0	0
ENSPNYG00000001929	2	0	0
ENSPNYG00000001930	0	0	1
ENSPNYG00000001931	0	1	0
ENSPNYG00000001932	0	0	0
ENSPNYG00000001933	0	0	0
ENSPNYG00000001934	0	2	0
ENSPNYG00000001935	181	148	192
ENSPNYG00000001936	3	3	3
ENSPNYG00000001937	0	0	0
ENSPNYG00000001938	0	0	0
ENSPNYG00000001939	5	2	4
ENSPNYG00000001940	0	0	0
ENSPNYG00000001941	61	11	27
ENSPNYG00000001942	7	2	7
ENSPNYG00000001943	1	0	0
ENSPNYG00000001944	9	2	7
ENSPNYG00000001945	1	6	4
ENSPNYG00000001946	0	0	0
ENSPNYG00000001947	8	2	6
ENSPNYG00000001948	1	0	0
ENSPNYG00000001949	0	0	0
ENSPNYG00000001950	22	3	48
ENSPNYG00000001951	1	0	0
ENSPNYG00000001952	0	0	0
ENSPNYG00000001953	0	0	1
ENSPNYG00000001954	0	0	0
ENSPNYG00000001955	10	0	5
ENSPNYG00000001956	0	0	0
ENSPNYG00000001957	1	0	2
ENSPNYG00000001958	5	8	4
ENSPNYG00000001959	13	6	9
ENSPNYG00000001960	8	5	1
ENSPNYG00000001961	9	4	2
ENSPNYG00000001962	8	12	0
ENSPNYG00000001963	0	0	0
ENSPNYG00000001964	0	0	0
ENSPNYG00000001965	4	0	0
ENSPNYG00000001966	9	5	8
ENSPNYG00000001967	0	1	0
ENSPNYG00000001968	0	0	0
ENSPNYG00000001969	2	2	1
ENSPNYG00000001970	0	0	0
ENSPNYG00000001971	0	1	0
ENSPNYG00000001972	0	0	0
ENSPNYG00000001973	0	0	0
ENSPNYG00000001974	0	0	0
ENSPNYG00000001975	0	0	0
ENSPNYG00000001976	13	5	8
ENSPNYG00000001977	774	1218	927
ENSPNYG00000001978	0	0	0
ENSPNYG00000001979	15	6	18
ENSPNYG00000001980	0	3	11
ENSPNYG00000001981	0	1	0
ENSPNYG00000001982	0	2	0
ENSPNYG00000001983	1	2	3
ENSPNYG00000001984	2	5	3
ENSPNYG00000001985	9	4	6
ENSPNYG00000001986	1	0	1
ENSPNYG00000001987	1	1	3
ENSPNYG00000001988	11	5	5
ENSPNYG00000001989	0	0	0
ENSPNYG00000001990	0	0	0
ENSPNYG00000001991	3	2	3
ENSPNYG00000001992	0	7	9
ENSPNYG00000001993	0	0	0
ENSPNYG00000001994	5	3	5
ENSPNYG00000001995	177	31	91
ENSPNYG00000001996	0	0	0
ENSPNYG00000001997	4	3	10
ENSPNYG00000001998	1	0	1
ENSPNYG00000001999	0	0	0
ENSPNYG00000002000	0	0	0
ENSPNYG00000002001	0	0	1
ENSPNYG00000002002	2	0	0
ENSPNYG00000002003	0	0	0
ENSPNYG00000002004	0	1	4
ENSPNYG00000002005	0	0	0
ENSPNYG00000002006	3	0	1
ENSPNYG00000002007	771	537	882
ENSPNYG00000002008	2	0	2
ENSPNYG00000002009	0	0	0
ENSPNYG00000002010	0	0	0
ENSPNYG00000002011	2	1	2
ENSPNYG00000002012	0	0	0
ENSPNYG00000002013	31	14	20
ENSPNYG00000002014	2	8	3
ENSPNYG00000002015	13	7	5
ENSPNYG00000002016	0	2	0
ENSPNYG00000002017	0	0	1
ENSPNYG00000002018	0	0	0
ENSPNYG00000002019	5	17	4
ENSPNYG00000002020	0	0	0
ENSPNYG00000002021	0	0	0
ENSPNYG00000002022	1	2	1
ENSPNYG00000002023	0	0	0
ENSPNYG00000002024	0	0	0
ENSPNYG00000002025	0	0	2
ENSPNYG00000002026	0	0	0
ENSPNYG00000002027	0	0	0
ENSPNYG00000002028	38	48	50
ENSPNYG00000002029	0	0	0
ENSPNYG00000002030	0	3	4
ENSPNYG00000002031	436	261	289
ENSPNYG00000002032	9	2	2
ENSPNYG00000002033	17	37	42
ENSPNYG00000002034	1105	637	1151
ENSPNYG00000002035	38355	84851	83849
ENSPNYG00000002036	0	1	0
ENSPNYG00000002037	0	0	0
ENSPNYG00000002038	0	0	0
ENSPNYG00000002039	302	259	223
ENSPNYG00000002040	0	2	0
ENSPNYG00000002041	6	3	2
ENSPNYG00000002042	0	0	0
ENSPNYG00000002043	2	1	1
ENSPNYG00000002044	0	0	0
ENSPNYG00000002045	1	0	0
ENSPNYG00000002046	1	0	0
ENSPNYG00000002047	0	0	0
ENSPNYG00000002048	1	0	1
ENSPNYG00000002049	1	6	0
ENSPNYG00000002050	0	0	0
ENSPNYG00000002051	15	6	4
ENSPNYG00000002052	0	0	1
ENSPNYG00000002053	2	4	1
ENSPNYG00000002054	0	0	0
ENSPNYG00000002055	0	0	0
ENSPNYG00000002056	0	0	0
ENSPNYG00000002057	4	0	0
ENSPNYG00000002058	2	0	0
ENSPNYG00000002059	0	1	0
ENSPNYG00000002060	1658	2524	1975
ENSPNYG00000002061	0	0	0
ENSPNYG00000002062	0	0	0
ENSPNYG00000002063	3	3	5
ENSPNYG00000002064	0	0	0
ENSPNYG00000002065	11	27	13
ENSPNYG00000002066	101	72	139
ENSPNYG00000002067	0	1	0
ENSPNYG00000002068	1290	1576	2030
ENSPNYG00000002069	43	67	67
ENSPNYG00000002070	2	0	0
ENSPNYG00000002071	0	0	0
ENSPNYG00000002072	4	0	1
ENSPNYG00000002073	0	0	0
ENSPNYG00000002074	11	2	11
ENSPNYG00000002075	0	2	1
ENSPNYG00000002076	0	0	0
ENSPNYG00000002077	6	8	4
ENSPNYG00000002078	0	2	1
ENSPNYG00000002079	0	0	0
ENSPNYG00000002080	0	0	0
ENSPNYG00000002081	0	0	1
ENSPNYG00000002082	0	0	0
ENSPNYG00000002083	30	9	33
ENSPNYG00000002084	4	3	2
ENSPNYG00000002085	0	1	2
ENSPNYG00000002086	0	2	0
ENSPNYG00000002087	0	5	0
ENSPNYG00000002088	1	0	0
ENSPNYG00000002089	5	1	4
ENSPNYG00000002090	12	3	7
ENSPNYG00000002091	0	1	0
ENSPNYG00000002092	0	0	0
ENSPNYG00000002093	2	0	0
ENSPNYG00000002094	0	0	0
ENSPNYG00000002095	1	0	0
ENSPNYG00000002096	0	0	0
ENSPNYG00000002097	1	0	3
ENSPNYG00000002098	1	0	0
ENSPNYG00000002099	140	130	142
ENSPNYG00000002100	3	1	2
ENSPNYG00000002101	0	1	6
ENSPNYG00000002102	1	0	0
ENSPNYG00000002103	54	2	48
ENSPNYG00000002104	4	0	4
ENSPNYG00000002105	9	3	2
ENSPNYG00000002106	2	0	2
ENSPNYG00000002107	2	0	0
ENSPNYG00000002108	0	0	0
ENSPNYG00000002109	2	0	3
ENSPNYG00000002110	0	0	0
ENSPNYG00000002111	3	1	1
ENSPNYG00000002112	0	0	0
ENSPNYG00000002113	187	12	73
ENSPNYG00000002114	0	0	2
ENSPNYG00000002115	29	114	81
ENSPNYG00000002116	355	322	138
ENSPNYG00000002117	0	2	1
ENSPNYG00000002118	0	0	0
ENSPNYG00000002119	128	39	60
ENSPNYG00000002120	0	0	0
ENSPNYG00000002121	8	9	7
ENSPNYG00000002122	65	33	48
ENSPNYG00000002123	0	0	0
ENSPNYG00000002124	1	0	0
ENSPNYG00000002125	0	0	2
ENSPNYG00000002126	0	0	6
ENSPNYG00000002127	3	0	1
ENSPNYG00000002128	1	3	9
ENSPNYG00000002129	2	0	2
ENSPNYG00000002130	0	0	0
ENSPNYG00000002131	0	0	0
ENSPNYG00000002132	1	1	6
ENSPNYG00000002133	10	7	5
ENSPNYG00000002134	2	0	0
ENSPNYG00000002135	4	0	0
ENSPNYG00000002136	523	301	411
ENSPNYG00000002137	0	0	0
ENSPNYG00000002138	11	0	14
ENSPNYG00000002139	4	2	3
ENSPNYG00000002140	2	3	0
ENSPNYG00000002141	0	0	0
ENSPNYG00000002142	0	0	0
ENSPNYG00000002143	0	0	0
ENSPNYG00000002144	8	10	13
ENSPNYG00000002145	0	0	0
ENSPNYG00000002146	1	0	0
ENSPNYG00000002147	8	3	1
ENSPNYG00000002148	0	2	2
ENSPNYG00000002149	5	3	1
ENSPNYG00000002150	1	0	0
ENSPNYG00000002151	0	0	0
ENSPNYG00000002152	7	8	16
ENSPNYG00000002153	8	2	3
ENSPNYG00000002154	0	0	0
ENSPNYG00000002155	6	4	3
ENSPNYG00000002156	0	0	0
ENSPNYG00000002157	5	2	5
ENSPNYG00000002158	0	0	0
ENSPNYG00000002159	0	1	0
ENSPNYG00000002160	0	0	0
ENSPNYG00000002161	2	0	0
ENSPNYG00000002162	0	0	0
ENSPNYG00000002163	0	0	0
ENSPNYG00000002164	0	0	0
ENSPNYG00000002165	1	2	0
ENSPNYG00000002166	1	3	0
ENSPNYG00000002167	0	0	0
ENSPNYG00000002168	0	0	0
ENSPNYG00000002169	0	0	0
ENSPNYG00000002170	0	0	0
ENSPNYG00000002171	1	1	0
ENSPNYG00000002172	3	2	4
ENSPNYG00000002173	0	0	0
ENSPNYG00000002174	0	0	0
ENSPNYG00000002175	8	0	0
ENSPNYG00000002176	0	0	0
ENSPNYG00000002177	0	3	0
ENSPNYG00000002178	21	12	14
ENSPNYG00000002179	2	3	5
ENSPNYG00000002180	0	1	3
ENSPNYG00000002181	2	4	22
ENSPNYG00000002182	146	82	111
ENSPNYG00000002183	15	42	32
ENSPNYG00000002184	18	12	12
ENSPNYG00000002185	0	0	0
ENSPNYG00000002186	0	0	0
ENSPNYG00000002187	3	5	7
ENSPNYG00000002188	0	0	0
ENSPNYG00000002189	0	1	0
ENSPNYG00000002190	4	1	0
ENSPNYG00000002191	0	1	0
ENSPNYG00000002192	1	3	0
ENSPNYG00000002193	5	7	3
ENSPNYG00000002194	0	1	2
ENSPNYG00000002195	0	0	0
ENSPNYG00000002196	76	64	46
ENSPNYG00000002197	0	0	0
ENSPNYG00000002198	18	7	15
ENSPNYG00000002199	0	3	4
ENSPNYG00000002200	0	0	0
ENSPNYG00000002201	0	0	0
ENSPNYG00000002202	0	0	0
ENSPNYG00000002203	0	0	1
ENSPNYG00000002204	1	1	2
ENSPNYG00000002205	16	7	5
ENSPNYG00000002206	3	3	1
ENSPNYG00000002207	0	0	0
ENSPNYG00000002208	5	2	6
ENSPNYG00000002209	0	2	0
ENSPNYG00000002210	0	0	0
ENSPNYG00000002211	12	5	12
ENSPNYG00000002212	6	11	15
ENSPNYG00000002213	6	1	3
ENSPNYG00000002214	0	0	0
ENSPNYG00000002215	4	2	4
ENSPNYG00000002216	0	0	0
ENSPNYG00000002217	0	0	0
ENSPNYG00000002218	0	3	7
ENSPNYG00000002219	7	5	9
ENSPNYG00000002220	3	0	1
ENSPNYG00000002221	0	0	0
ENSPNYG00000002222	1	13	15
ENSPNYG00000002223	0	0	2
ENSPNYG00000002224	0	0	0
ENSPNYG00000002225	6	8	4
ENSPNYG00000002226	2	8	6
ENSPNYG00000002227	0	4	2
ENSPNYG00000002228	6	5	9
ENSPNYG00000002229	3	0	0
ENSPNYG00000002230	0	0	0
ENSPNYG00000002231	0	0	0
ENSPNYG00000002232	1671	1134	1350
ENSPNYG00000002233	1	0	3
ENSPNYG00000002234	3	5	1
ENSPNYG00000002235	18	4	5
ENSPNYG00000002236	21	11	13
ENSPNYG00000002237	0	0	0
ENSPNYG00000002238	2	0	2
ENSPNYG00000002239	4	2	13
ENSPNYG00000002240	0	0	0
ENSPNYG00000002241	220	436	469
ENSPNYG00000002242	0	0	0
ENSPNYG00000002243	3	1	1
ENSPNYG00000002244	0	0	0
ENSPNYG00000002245	0	0	0
ENSPNYG00000002246	17	4	16
ENSPNYG00000002247	1	0	0
ENSPNYG00000002248	0	0	0
ENSPNYG00000002249	1	0	5
ENSPNYG00000002250	8	15	16
ENSPNYG00000002251	17	25	31
ENSPNYG00000002252	8	3	2
ENSPNYG00000002253	0	0	2
ENSPNYG00000002254	0	0	1
ENSPNYG00000002255	0	0	0
ENSPNYG00000002256	0	0	0
ENSPNYG00000002257	8	8	7
ENSPNYG00000002258	10	7	17
ENSPNYG00000002259	0	0	0
ENSPNYG00000002260	1	0	0
ENSPNYG00000002261	0	0	0
ENSPNYG00000002262	0	1	1
ENSPNYG00000002263	8	0	7
ENSPNYG00000002264	1	5	2
ENSPNYG00000002265	0	0	0
ENSPNYG00000002266	14	3	9
ENSPNYG00000002267	1	0	1
ENSPNYG00000002268	0	0	0
ENSPNYG00000002269	0	0	0
ENSPNYG00000002270	4	3	3
ENSPNYG00000002271	0	0	0
ENSPNYG00000002272	0	0	0
ENSPNYG00000002273	9	14	9
ENSPNYG00000002274	0	0	0
ENSPNYG00000002275	0	0	0
ENSPNYG00000002276	0	0	1
ENSPNYG00000002277	0	0	0
ENSPNYG00000002278	7	3	9
ENSPNYG00000002279	1	0	0
ENSPNYG00000002280	6	1	2
ENSPNYG00000002281	10	5	3
ENSPNYG00000002282	9	3	1
ENSPNYG00000002283	4	1	1
ENSPNYG00000002284	1	9	8
ENSPNYG00000002285	0	0	0
ENSPNYG00000002286	0	0	0
ENSPNYG00000002287	0	0	0
ENSPNYG00000002288	0	1	0
ENSPNYG00000002289	12	11	4
ENSPNYG00000002290	732	872	854
ENSPNYG00000002291	5	3	1
ENSPNYG00000002292	0	0	0
ENSPNYG00000002293	0	1	0
ENSPNYG00000002294	5	3	2
ENSPNYG00000002295	0	0	0
ENSPNYG00000002296	6	8	11
ENSPNYG00000002297	4	2	0
ENSPNYG00000002298	0	0	0
ENSPNYG00000002299	0	0	0
ENSPNYG00000002300	0	0	0
ENSPNYG00000002301	0	0	0
ENSPNYG00000002302	0	2	2
ENSPNYG00000002303	2	6	8
ENSPNYG00000002304	0	0	0
ENSPNYG00000002305	0	0	0
ENSPNYG00000002306	3	1	4
ENSPNYG00000002307	330	393	552
ENSPNYG00000002308	0	0	0
ENSPNYG00000002309	1	0	0
ENSPNYG00000002310	7	5	1
ENSPNYG00000002311	0	0	2
ENSPNYG00000002312	14	12	12
ENSPNYG00000002313	0	0	0
ENSPNYG00000002314	0	0	0
ENSPNYG00000002315	0	0	0
ENSPNYG00000002316	2	2	1
ENSPNYG00000002317	3	8	12
ENSPNYG00000002318	0	0	0
ENSPNYG00000002319	0	0	0
ENSPNYG00000002320	4	3	7
ENSPNYG00000002321	20	24	52
ENSPNYG00000002322	11	0	6
ENSPNYG00000002323	2	0	0
ENSPNYG00000002324	0	0	0
ENSPNYG00000002325	10	6	19
ENSPNYG00000002326	0	1	1
ENSPNYG00000002327	0	1	1
ENSPNYG00000002328	0	1	0
ENSPNYG00000002329	0	2	0
ENSPNYG00000002330	3	2	2
ENSPNYG00000002331	0	0	0
ENSPNYG00000002332	144	91	75
ENSPNYG00000002333	0	0	1
ENSPNYG00000002334	1	1	0
ENSPNYG00000002335	0	0	0
ENSPNYG00000002336	9	4	5
ENSPNYG00000002337	0	0	0
ENSPNYG00000002338	8	18	17
ENSPNYG00000002339	5	1	4
ENSPNYG00000002340	0	0	0
ENSPNYG00000002341	1	2	0
ENSPNYG00000002342	1	1	2
ENSPNYG00000002343	0	9	22
ENSPNYG00000002344	5	1	0
ENSPNYG00000002345	1	5	3
ENSPNYG00000002346	2	1	1
ENSPNYG00000002347	3	1	2
ENSPNYG00000002348	0	7	0
ENSPNYG00000002349	12	5	5
ENSPNYG00000002350	0	0	0
ENSPNYG00000002351	95	47	45
ENSPNYG00000002352	4	3	2
ENSPNYG00000002353	0	0	1
ENSPNYG00000002354	0	0	2
ENSPNYG00000002355	1275	618	879
ENSPNYG00000002356	0	0	0
ENSPNYG00000002357	86	65	98
ENSPNYG00000002358	0	0	0
ENSPNYG00000002359	0	0	0
ENSPNYG00000002360	0	0	0
ENSPNYG00000002361	0	0	0
ENSPNYG00000002362	0	1	3
ENSPNYG00000002363	7	4	3
ENSPNYG00000002364	0	0	0
ENSPNYG00000002365	620	298	423
ENSPNYG00000002366	34	9	5
ENSPNYG00000002367	6	0	0
ENSPNYG00000002368	0	0	0
ENSPNYG00000002369	0	0	0
ENSPNYG00000002370	0	1	1
ENSPNYG00000002371	0	0	0
ENSPNYG00000002372	0	0	0
ENSPNYG00000002373	3	1	1
ENSPNYG00000002374	3	0	3
ENSPNYG00000002375	0	0	0
ENSPNYG00000002376	0	0	0
ENSPNYG00000002377	0	0	0
ENSPNYG00000002378	7	7	6
ENSPNYG00000002379	1	0	7
ENSPNYG00000002380	0	0	0
ENSPNYG00000002381	8	3	1
ENSPNYG00000002382	1	6	7
ENSPNYG00000002383	1	3	2
ENSPNYG00000002384	0	0	0
ENSPNYG00000002385	62	112	196
ENSPNYG00000002386	0	0	0
ENSPNYG00000002387	3	3	2
ENSPNYG00000002388	4	0	3
ENSPNYG00000002389	3	0	0
ENSPNYG00000002390	0	0	0
ENSPNYG00000002391	3	7	12
ENSPNYG00000002392	2	5	11
ENSPNYG00000002393	20	30	26
ENSPNYG00000002394	6	1	8
ENSPNYG00000002395	0	0	0
ENSPNYG00000002396	0	0	0
ENSPNYG00000002397	116	74	126
ENSPNYG00000002398	0	0	0
ENSPNYG00000002399	11	6	6
ENSPNYG00000002400	0	0	0
ENSPNYG00000002401	0	0	3
ENSPNYG00000002402	263	141	388
ENSPNYG00000002403	0	0	0
ENSPNYG00000002404	0	0	0
ENSPNYG00000002405	6	4	5
ENSPNYG00000002406	0	0	0
ENSPNYG00000002407	0	0	0
ENSPNYG00000002408	2	0	0
ENSPNYG00000002409	1	1	1
ENSPNYG00000002410	25	14	11
ENSPNYG00000002411	0	0	0
ENSPNYG00000002412	471	234	119
ENSPNYG00000002413	0	1	0
ENSPNYG00000002414	0	0	2
ENSPNYG00000002415	0	78	1
ENSPNYG00000002416	6	6	9
ENSPNYG00000002417	5	4	6
ENSPNYG00000002418	3	0	5
ENSPNYG00000002419	3	5	6
ENSPNYG00000002420	1	12	11
ENSPNYG00000002421	3	0	3
ENSPNYG00000002422	6	8	7
ENSPNYG00000002423	0	0	0
ENSPNYG00000002424	0	11	4
ENSPNYG00000002425	0	0	0
ENSPNYG00000002426	0	0	0
ENSPNYG00000002427	714	489	558
ENSPNYG00000002428	1	3	2
ENSPNYG00000002429	8	33	32
ENSPNYG00000002430	0	0	0
ENSPNYG00000002431	2	15	20
ENSPNYG00000002432	9	4	6
ENSPNYG00000002433	17	6	8
ENSPNYG00000002434	4	9	15
ENSPNYG00000002435	0	0	0
ENSPNYG00000002436	5	2	2
ENSPNYG00000002437	4	4	8
ENSPNYG00000002438	0	0	0
ENSPNYG00000002439	2	2	7
ENSPNYG00000002440	1	0	0
ENSPNYG00000002441	2	3	5
ENSPNYG00000002442	0	0	0
ENSPNYG00000002443	3	0	4
ENSPNYG00000002444	5	3	10
ENSPNYG00000002445	4	4	7
ENSPNYG00000002446	4	4	1
ENSPNYG00000002447	0	0	0
ENSPNYG00000002448	9	4	1
ENSPNYG00000002449	0	0	0
ENSPNYG00000002450	1	0	0
ENSPNYG00000002451	0	3	5
ENSPNYG00000002452	1	0	0
ENSPNYG00000002453	2	13	5
ENSPNYG00000002454	4	12	25
ENSPNYG00000002455	3	13	7
ENSPNYG00000002456	6	0	4
ENSPNYG00000002457	2	7	1
ENSPNYG00000002458	13	6	10
ENSPNYG00000002459	0	0	0
ENSPNYG00000002460	1	2	0
ENSPNYG00000002461	0	0	0
ENSPNYG00000002462	8	0	4
ENSPNYG00000002463	2	0	0
ENSPNYG00000002464	0	0	0
ENSPNYG00000002465	0	0	0
ENSPNYG00000002466	0	0	0
ENSPNYG00000002467	2	1	2
ENSPNYG00000002468	6	2	1
ENSPNYG00000002469	1	1	1
ENSPNYG00000002470	2	5	7
ENSPNYG00000002471	3	3	2
ENSPNYG00000002472	5	0	2
ENSPNYG00000002473	1	0	2
ENSPNYG00000002474	0	0	0
ENSPNYG00000002475	0	0	0
ENSPNYG00000002476	0	0	0
ENSPNYG00000002477	0	2	0
ENSPNYG00000002478	0	0	0
ENSPNYG00000002479	0	0	0
ENSPNYG00000002480	77	263	321
ENSPNYG00000002481	6	7	5
ENSPNYG00000002482	0	0	0
ENSPNYG00000002483	0	0	0
ENSPNYG00000002484	4	1	6
ENSPNYG00000002485	0	2	0
ENSPNYG00000002486	2	273	1
ENSPNYG00000002487	0	0	0
ENSPNYG00000002488	138	273	159
ENSPNYG00000002489	0	0	2
ENSPNYG00000002490	0	0	0
ENSPNYG00000002491	5	5	1
ENSPNYG00000002492	0	0	2
ENSPNYG00000002493	33	64	83
ENSPNYG00000002494	2	0	0
ENSPNYG00000002495	1	3	5
ENSPNYG00000002496	0	0	0
ENSPNYG00000002497	1	3	4
ENSPNYG00000002498	0	0	0
ENSPNYG00000002499	0	0	0
ENSPNYG00000002500	0	0	0
ENSPNYG00000002501	0	0	0
ENSPNYG00000002502	0	1	1
ENSPNYG00000002503	1	1	0
ENSPNYG00000002504	5	2	1
ENSPNYG00000002505	4	3	1
ENSPNYG00000002506	0	0	0
ENSPNYG00000002507	9	8	2
ENSPNYG00000002508	3	5	4
ENSPNYG00000002509	0	0	0
ENSPNYG00000002510	3	1	1
ENSPNYG00000002511	7	17	9
ENSPNYG00000002512	0	0	0
ENSPNYG00000002513	0	0	0
ENSPNYG00000002514	1	1	0
ENSPNYG00000002515	0	0	1
ENSPNYG00000002516	0	0	0
ENSPNYG00000002517	0	0	0
ENSPNYG00000002518	3	6	1
ENSPNYG00000002519	36	9	11
ENSPNYG00000002520	0	0	0
ENSPNYG00000002521	0	0	0
ENSPNYG00000002522	6	9	12
ENSPNYG00000002523	23	10	16
ENSPNYG00000002524	0	0	0
ENSPNYG00000002525	0	0	0
ENSPNYG00000002526	0	0	0
ENSPNYG00000002527	0	0	0
ENSPNYG00000002528	1	14	8
ENSPNYG00000002529	36	17	27
ENSPNYG00000002530	0	1	2
ENSPNYG00000002531	0	0	0
ENSPNYG00000002532	0	0	0
ENSPNYG00000002533	2	1	2
ENSPNYG00000002534	2	1	5
ENSPNYG00000002535	664	477	698
ENSPNYG00000002536	0	0	0
ENSPNYG00000002537	0	0	0
ENSPNYG00000002538	5	6	16
ENSPNYG00000002539	1	0	3
ENSPNYG00000002540	3	2	2
ENSPNYG00000002541	0	0	0
ENSPNYG00000002542	1	0	0
ENSPNYG00000002543	3353	2545	2598
ENSPNYG00000002544	0	0	0
ENSPNYG00000002545	1	6	3
ENSPNYG00000002546	0	0	0
ENSPNYG00000002547	0	0	0
ENSPNYG00000002548	0	0	0
ENSPNYG00000002549	90	120	132
ENSPNYG00000002550	4	2	0
ENSPNYG00000002551	0	0	0
ENSPNYG00000002552	3	1	18
ENSPNYG00000002553	3	4	1
ENSPNYG00000002554	1	2	14
ENSPNYG00000002555	1	0	0
ENSPNYG00000002556	8	1	3
ENSPNYG00000002557	19	37	50
ENSPNYG00000002558	0	0	0
ENSPNYG00000002559	1	1	0
ENSPNYG00000002560	0	0	0
ENSPNYG00000002561	0	0	0
ENSPNYG00000002562	2	8	5
ENSPNYG00000002563	0	0	0
ENSPNYG00000002564	6	1	0
ENSPNYG00000002565	1	0	0
ENSPNYG00000002566	0	2	1
ENSPNYG00000002567	5	34	21
ENSPNYG00000002568	7	3	1
ENSPNYG00000002569	0	0	0
ENSPNYG00000002570	32	32	36
ENSPNYG00000002571	0	1	0
ENSPNYG00000002572	5	7	4
ENSPNYG00000002573	0	0	0
ENSPNYG00000002574	0	0	0
ENSPNYG00000002575	360	336	339
ENSPNYG00000002576	27	43	40
ENSPNYG00000002577	0	1	0
ENSPNYG00000002578	0	0	0
ENSPNYG00000002579	0	0	0
ENSPNYG00000002580	0	0	1
ENSPNYG00000002581	0	1	0
ENSPNYG00000002582	4	0	6
ENSPNYG00000002583	0	0	0
ENSPNYG00000002584	5	3	1
ENSPNYG00000002585	5	1	2
ENSPNYG00000002586	5	9	6
ENSPNYG00000002587	431	343	506
ENSPNYG00000002588	4	7	11
ENSPNYG00000002589	2	3	1
ENSPNYG00000002590	0	0	0
ENSPNYG00000002591	1	0	6
ENSPNYG00000002592	0	0	0
ENSPNYG00000002593	0	0	0
ENSPNYG00000002594	15	4	28
ENSPNYG00000002595	0	0	0
ENSPNYG00000002596	30	9	9
ENSPNYG00000002597	0	0	0
ENSPNYG00000002598	9	2	16
ENSPNYG00000002599	0	0	0
ENSPNYG00000002600	11	3	1
ENSPNYG00000002601	0	0	0
ENSPNYG00000002602	0	0	0
ENSPNYG00000002603	0	0	0
ENSPNYG00000002604	1	0	0
ENSPNYG00000002605	2	3	3
ENSPNYG00000002606	2	4	2
ENSPNYG00000002607	14	8	20
ENSPNYG00000002608	1	1	0
ENSPNYG00000002609	56	32	36
ENSPNYG00000002610	0	1	0
ENSPNYG00000002611	4	1	4
ENSPNYG00000002612	3	0	1
ENSPNYG00000002613	0	0	0
ENSPNYG00000002614	0	2	0
ENSPNYG00000002615	1	0	0
ENSPNYG00000002616	0	0	0
ENSPNYG00000002617	0	0	1
ENSPNYG00000002618	0	0	0
ENSPNYG00000002619	24	14	34
ENSPNYG00000002620	6	6	3
ENSPNYG00000002621	5	0	0
ENSPNYG00000002622	0	0	0
ENSPNYG00000002623	5	1	12
ENSPNYG00000002624	1	2	0
ENSPNYG00000002625	0	5	3
ENSPNYG00000002626	0	0	1
ENSPNYG00000002627	0	2	0
ENSPNYG00000002628	0	0	0
ENSPNYG00000002629	2	0	4
ENSPNYG00000002630	0	0	0
ENSPNYG00000002631	6	34	31
ENSPNYG00000002632	0	1	0
ENSPNYG00000002633	5	4	5
ENSPNYG00000002634	6	10	9
ENSPNYG00000002635	92	152	149
ENSPNYG00000002636	10	2	2
ENSPNYG00000002637	11	8	7
ENSPNYG00000002638	5	4	2
ENSPNYG00000002639	4	17	16
ENSPNYG00000002640	3	1	7
ENSPNYG00000002641	0	0	0
ENSPNYG00000002642	0	0	0
ENSPNYG00000002643	1	1	0
ENSPNYG00000002644	1	0	0
ENSPNYG00000002645	0	0	2
ENSPNYG00000002646	1	2	4
ENSPNYG00000002647	0	0	0
ENSPNYG00000002648	0	0	0
ENSPNYG00000002649	26	7	6
ENSPNYG00000002650	2	1	0
ENSPNYG00000002651	66	28	51
ENSPNYG00000002652	0	0	0
ENSPNYG00000002653	1	16	1
ENSPNYG00000002654	1	2	1
ENSPNYG00000002655	0	0	0
ENSPNYG00000002656	0	0	0
ENSPNYG00000002657	0	0	0
ENSPNYG00000002658	0	1	0
ENSPNYG00000002659	5	8	10
ENSPNYG00000002660	16	7	8
ENSPNYG00000002661	242	112	159
ENSPNYG00000002662	1	2	0
ENSPNYG00000002663	14	6	13
ENSPNYG00000002664	3	9	17
ENSPNYG00000002665	0	2	0
ENSPNYG00000002666	0	1	0
ENSPNYG00000002667	0	0	0
ENSPNYG00000002668	3	3	2
ENSPNYG00000002669	4	0	3
ENSPNYG00000002670	0	1	0
ENSPNYG00000002671	0	0	0
ENSPNYG00000002672	0	0	1
ENSPNYG00000002673	0	0	0
ENSPNYG00000002674	6	2	14
ENSPNYG00000002675	17	10	30
ENSPNYG00000002676	2	0	0
ENSPNYG00000002677	0	0	0
ENSPNYG00000002678	2	2	1
ENSPNYG00000002679	9	4	0
ENSPNYG00000002680	23	8	12
ENSPNYG00000002681	0	0	0
ENSPNYG00000002682	1	0	2
ENSPNYG00000002683	0	0	1
ENSPNYG00000002684	0	0	0
ENSPNYG00000002685	2	2	0
ENSPNYG00000002686	10	1	29
ENSPNYG00000002687	824	1028	1464
ENSPNYG00000002688	7	5	10
ENSPNYG00000002689	2	1	0
ENSPNYG00000002690	1	3	3
ENSPNYG00000002691	0	5	1
ENSPNYG00000002692	61	44	63
ENSPNYG00000002693	0	0	0
ENSPNYG00000002694	0	0	0
ENSPNYG00000002695	4	2	5
ENSPNYG00000002696	0	0	0
ENSPNYG00000002697	8	14	9
ENSPNYG00000002698	1	5	13
ENSPNYG00000002699	7	6	7
ENSPNYG00000002700	0	0	0
ENSPNYG00000002701	0	0	1
ENSPNYG00000002702	14	4	3
ENSPNYG00000002703	0	0	0
ENSPNYG00000002704	13	6	11
ENSPNYG00000002705	13	5	11
ENSPNYG00000002706	0	6	2
ENSPNYG00000002707	0	0	3
ENSPNYG00000002708	8	0	3
ENSPNYG00000002709	0	0	0
ENSPNYG00000002710	1	11	14
ENSPNYG00000002711	34	63	29
ENSPNYG00000002712	0	0	0
ENSPNYG00000002713	1	0	0
ENSPNYG00000002714	0	0	0
ENSPNYG00000002715	0	0	0
ENSPNYG00000002716	1	1	4
ENSPNYG00000002717	0	3	0
ENSPNYG00000002718	54	12	23
ENSPNYG00000002719	0	0	0
ENSPNYG00000002720	94	56	57
ENSPNYG00000002721	4	5	9
ENSPNYG00000002722	0	0	1
ENSPNYG00000002723	4	11	3
ENSPNYG00000002724	0	0	0
ENSPNYG00000002725	0	0	0
ENSPNYG00000002726	4	2	1
ENSPNYG00000002727	5	1	0
ENSPNYG00000002728	1	2	7
ENSPNYG00000002729	0	0	0
ENSPNYG00000002730	33	19	16
ENSPNYG00000002731	1	1	0
ENSPNYG00000002732	7523	7517	10342
ENSPNYG00000002733	0	0	0
ENSPNYG00000002734	0	1	0
ENSPNYG00000002735	235	162	202
ENSPNYG00000002736	0	0	0
ENSPNYG00000002737	0	0	0
ENSPNYG00000002738	7	8	6
ENSPNYG00000002739	5	6	4
ENSPNYG00000002740	5	3	10
ENSPNYG00000002741	3	0	4
ENSPNYG00000002742	0	3	3
ENSPNYG00000002743	1	0	0
ENSPNYG00000002744	0	0	0
ENSPNYG00000002745	2	0	3
ENSPNYG00000002746	0	0	0
ENSPNYG00000002747	113	58	82
ENSPNYG00000002748	0	0	0
ENSPNYG00000002749	45	19	24
ENSPNYG00000002750	0	0	0
ENSPNYG00000002751	712	1298	1059
ENSPNYG00000002752	0	0	0
ENSPNYG00000002753	0	1	0
ENSPNYG00000002754	0	0	0
ENSPNYG00000002755	9	8	5
ENSPNYG00000002756	230	262	270
ENSPNYG00000002757	6	1	2
ENSPNYG00000002758	1	0	3
ENSPNYG00000002759	3	17	10
ENSPNYG00000002760	0	0	0
ENSPNYG00000002761	1	0	4
ENSPNYG00000002762	0	0	2
ENSPNYG00000002763	0	0	2
ENSPNYG00000002764	2	0	0
ENSPNYG00000002765	13	16	20
ENSPNYG00000002766	0	0	0
ENSPNYG00000002767	0	0	2
ENSPNYG00000002768	0	0	0
ENSPNYG00000002769	0	0	0
ENSPNYG00000002770	0	1	1
ENSPNYG00000002771	32	20	19
ENSPNYG00000002772	190	79	104
ENSPNYG00000002773	1	0	3
ENSPNYG00000002774	15	8	3
ENSPNYG00000002775	3	8	3
ENSPNYG00000002776	53	26	17
ENSPNYG00000002777	137	78	51
ENSPNYG00000002778	3	3	0
ENSPNYG00000002779	1	0	2
ENSPNYG00000002780	0	3	0
ENSPNYG00000002781	2	0	1
ENSPNYG00000002782	2	0	1
ENSPNYG00000002783	2	5	5
ENSPNYG00000002784	5	1	3
ENSPNYG00000002785	0	0	0
ENSPNYG00000002786	0	0	0
ENSPNYG00000002787	3	4	2
ENSPNYG00000002788	1	0	1
ENSPNYG00000002789	0	0	5
ENSPNYG00000002790	0	1	1
ENSPNYG00000002791	0	0	0
ENSPNYG00000002792	3	1	2
ENSPNYG00000002793	0	0	0
ENSPNYG00000002794	0	3	0
ENSPNYG00000002795	0	0	0
ENSPNYG00000002796	5	11	8
ENSPNYG00000002797	2	3	1
ENSPNYG00000002798	2	4	4
ENSPNYG00000002799	232	362	211
ENSPNYG00000002800	0	0	1
ENSPNYG00000002801	4	2	1
ENSPNYG00000002802	6	1	1
ENSPNYG00000002803	5	13	16
ENSPNYG00000002804	6	2	0
ENSPNYG00000002805	0	0	0
ENSPNYG00000002806	0	2	1
ENSPNYG00000002807	2	4	1
ENSPNYG00000002808	3074	4192	4777
ENSPNYG00000002809	6	2	8
ENSPNYG00000002810	1	0	0
ENSPNYG00000002811	0	0	0
ENSPNYG00000002812	0	0	0
ENSPNYG00000002813	0	0	0
ENSPNYG00000002814	0	0	0
ENSPNYG00000002815	0	0	0
ENSPNYG00000002816	1	0	1
ENSPNYG00000002817	0	1	1
ENSPNYG00000002818	0	1	5
ENSPNYG00000002819	10	5	6
ENSPNYG00000002820	2	1	3
ENSPNYG00000002821	0	0	0
ENSPNYG00000002822	0	0	0
ENSPNYG00000002823	0	0	0
ENSPNYG00000002824	0	0	0
ENSPNYG00000002825	2	1	1
ENSPNYG00000002826	0	0	0
ENSPNYG00000002827	0	0	4
ENSPNYG00000002828	0	1	0
ENSPNYG00000002829	0	0	0
ENSPNYG00000002830	0	0	0
ENSPNYG00000002831	11	7	6
ENSPNYG00000002832	0	0	3
ENSPNYG00000002833	22	25	45
ENSPNYG00000002834	0	0	0
ENSPNYG00000002835	3	2	1
ENSPNYG00000002836	0	0	0
ENSPNYG00000002837	433	399	354
ENSPNYG00000002838	15	5	5
ENSPNYG00000002839	2	6	4
ENSPNYG00000002840	1	0	0
ENSPNYG00000002841	3	4	2
ENSPNYG00000002842	5	0	0
ENSPNYG00000002843	3	0	0
ENSPNYG00000002844	0	0	4
ENSPNYG00000002845	0	0	0
ENSPNYG00000002846	0	0	0
ENSPNYG00000002847	24	9	20
ENSPNYG00000002848	0	0	0
ENSPNYG00000002849	13	9	8
ENSPNYG00000002850	0	5	1
ENSPNYG00000002851	0	0	0
ENSPNYG00000002852	0	0	0
ENSPNYG00000002853	1	3	5
ENSPNYG00000002854	1	0	1
ENSPNYG00000002855	0	1	4
ENSPNYG00000002856	1	10	4
ENSPNYG00000002857	1	0	0
ENSPNYG00000002858	2	0	5
ENSPNYG00000002859	0	2	2
ENSPNYG00000002860	0	0	0
ENSPNYG00000002861	0	0	0
ENSPNYG00000002862	0	2	0
ENSPNYG00000002863	1	7	2
ENSPNYG00000002864	1	1	2
ENSPNYG00000002865	1	1	4
ENSPNYG00000002866	0	0	0
ENSPNYG00000002867	0	0	0
ENSPNYG00000002868	0	1	6
ENSPNYG00000002869	1	0	1
ENSPNYG00000002870	0	0	0
ENSPNYG00000002871	0	0	0
ENSPNYG00000002872	0	0	0
ENSPNYG00000002873	6	0	4
ENSPNYG00000002874	0	0	0
ENSPNYG00000002875	3	2	1
ENSPNYG00000002876	311	143	166
ENSPNYG00000002877	2	1	0
ENSPNYG00000002878	3	1	2
ENSPNYG00000002879	5	1	0
ENSPNYG00000002880	10	5	8
ENSPNYG00000002881	5	15	11
ENSPNYG00000002882	0	1	0
ENSPNYG00000002883	4	3	4
ENSPNYG00000002884	0	0	0
ENSPNYG00000002885	0	2	3
ENSPNYG00000002886	0	1	1
ENSPNYG00000002887	0	0	0
ENSPNYG00000002888	6	3	2
ENSPNYG00000002889	6	0	1
ENSPNYG00000002890	0	0	0
ENSPNYG00000002891	0	0	1
ENSPNYG00000002892	0	6	12
ENSPNYG00000002893	7	5	3
ENSPNYG00000002894	5	3	1
ENSPNYG00000002895	5	1	3
ENSPNYG00000002896	2	4	7
ENSPNYG00000002897	0	0	1
ENSPNYG00000002898	14	24	37
ENSPNYG00000002899	0	0	0
ENSPNYG00000002900	5	2	6
ENSPNYG00000002901	0	0	0
ENSPNYG00000002902	3	0	1
ENSPNYG00000002903	6	8	15
ENSPNYG00000002904	1	1	2
ENSPNYG00000002905	0	1	4
ENSPNYG00000002906	51	14	39
ENSPNYG00000002907	0	0	0
ENSPNYG00000002908	33	36	54
ENSPNYG00000002909	48	40	58
ENSPNYG00000002910	0	0	0
ENSPNYG00000002911	0	0	0
ENSPNYG00000002912	4	4	3
ENSPNYG00000002913	1935	1059	1065
ENSPNYG00000002914	1	0	1
ENSPNYG00000002915	2	4	3
ENSPNYG00000002916	0	0	0
ENSPNYG00000002917	10	7	7
ENSPNYG00000002918	0	0	1
ENSPNYG00000002919	0	0	0
ENSPNYG00000002920	0	0	1
ENSPNYG00000002921	10	17	24
ENSPNYG00000002922	4	1	0
ENSPNYG00000002923	0	0	0
ENSPNYG00000002924	0	0	0
ENSPNYG00000002925	253	212	190
ENSPNYG00000002926	1	0	0
ENSPNYG00000002927	0	0	0
ENSPNYG00000002928	2	2	2
ENSPNYG00000002929	2	0	0
ENSPNYG00000002930	0	0	0
ENSPNYG00000002931	1	4	1
ENSPNYG00000002932	0	0	0
ENSPNYG00000002933	1	0	3
ENSPNYG00000002934	0	0	0
ENSPNYG00000002935	94	87	48
ENSPNYG00000002936	2	1	0
ENSPNYG00000002937	0	1	0
ENSPNYG00000002938	0	0	0
ENSPNYG00000002939	0	0	0
ENSPNYG00000002940	0	0	0
ENSPNYG00000002941	20	17	17
ENSPNYG00000002942	0	0	2
ENSPNYG00000002943	9	6	5
ENSPNYG00000002944	5	0	8
ENSPNYG00000002945	0	0	0
ENSPNYG00000002946	3	8	10
ENSPNYG00000002947	1	1	1
ENSPNYG00000002948	10	5	8
ENSPNYG00000002949	13	12	9
ENSPNYG00000002950	5	0	3
ENSPNYG00000002951	0	0	1
ENSPNYG00000002952	0	0	3
ENSPNYG00000002953	41	30	38
ENSPNYG00000002954	0	0	0
ENSPNYG00000002955	0	0	0
ENSPNYG00000002956	0	0	0
ENSPNYG00000002957	2	0	7
ENSPNYG00000002958	0	0	0
ENSPNYG00000002959	99	58	89
ENSPNYG00000002960	1	0	0
ENSPNYG00000002961	3	1	2
ENSPNYG00000002962	3	1	2
ENSPNYG00000002963	248	270	199
ENSPNYG00000002964	0	0	0
ENSPNYG00000002965	9	9	13
ENSPNYG00000002966	2	6	6
ENSPNYG00000002967	0	0	0
ENSPNYG00000002968	0	0	0
ENSPNYG00000002969	5	2	12
ENSPNYG00000002970	0	0	0
ENSPNYG00000002971	1	4	1
ENSPNYG00000002972	5	4	4
ENSPNYG00000002973	69	86	135
ENSPNYG00000002974	4	5	2
ENSPNYG00000002975	0	0	0
ENSPNYG00000002976	1	0	3
ENSPNYG00000002977	0	0	0
ENSPNYG00000002978	6	4	1
ENSPNYG00000002979	0	0	0
ENSPNYG00000002980	1	0	0
ENSPNYG00000002981	6	5	15
ENSPNYG00000002982	7	3	11
ENSPNYG00000002983	1	1	0
ENSPNYG00000002984	5	10	5
ENSPNYG00000002985	2	7	5
ENSPNYG00000002986	1	0	2
ENSPNYG00000002987	0	0	0
ENSPNYG00000002988	84	72	64
ENSPNYG00000002989	578	387	387
ENSPNYG00000002990	2	0	1
ENSPNYG00000002991	0	4	0
ENSPNYG00000002992	0	0	0
ENSPNYG00000002993	0	0	0
ENSPNYG00000002994	3	5	9
ENSPNYG00000002995	5	0	3
ENSPNYG00000002996	1	0	1
ENSPNYG00000002997	0	1	1
ENSPNYG00000002998	0	1	0
ENSPNYG00000002999	0	0	1
ENSPNYG00000003000	49	46	33
ENSPNYG00000003001	3	1	0
ENSPNYG00000003002	0	0	0
ENSPNYG00000003003	12	4	4
ENSPNYG00000003004	0	0	0
ENSPNYG00000003005	0	0	0
ENSPNYG00000003006	0	3	1
ENSPNYG00000003007	0	0	0
ENSPNYG00000003008	1	2	0
ENSPNYG00000003009	5	2	1
ENSPNYG00000003010	0	0	0
ENSPNYG00000003011	0	1	0
ENSPNYG00000003012	1	4	0
ENSPNYG00000003013	2	7	6
ENSPNYG00000003014	0	3	0
ENSPNYG00000003015	0	5	3
ENSPNYG00000003016	3	7	14
ENSPNYG00000003017	2	1	0
ENSPNYG00000003018	0	1	0
ENSPNYG00000003019	1	0	3
ENSPNYG00000003020	0	3	2
ENSPNYG00000003021	2	1	1
ENSPNYG00000003022	1	1	3
ENSPNYG00000003023	0	0	0
ENSPNYG00000003024	0	0	0
ENSPNYG00000003025	13	16	23
ENSPNYG00000003026	0	1	0
ENSPNYG00000003027	0	1	3
ENSPNYG00000003028	320	4	10
ENSPNYG00000003029	0	0	0
ENSPNYG00000003030	2	3	0
ENSPNYG00000003031	5	0	3
ENSPNYG00000003032	0	0	0
ENSPNYG00000003033	0	0	0
ENSPNYG00000003034	55	74	55
ENSPNYG00000003035	0	0	0
ENSPNYG00000003036	0	0	0
ENSPNYG00000003037	0	0	0
ENSPNYG00000003038	1	0	0
ENSPNYG00000003039	0	0	0
ENSPNYG00000003040	0	1	0
ENSPNYG00000003041	1	4	4
ENSPNYG00000003042	0	1	0
ENSPNYG00000003043	0	0	0
ENSPNYG00000003044	1	0	0
ENSPNYG00000003045	1	0	0
ENSPNYG00000003046	5	0	1
ENSPNYG00000003047	0	0	3
ENSPNYG00000003048	0	0	0
ENSPNYG00000003049	0	0	0
ENSPNYG00000003050	0	0	0
ENSPNYG00000003051	1	2	1
ENSPNYG00000003052	0	0	1
ENSPNYG00000003053	0	0	0
ENSPNYG00000003054	9	20	12
ENSPNYG00000003055	1	2	2
ENSPNYG00000003056	0	0	1
ENSPNYG00000003057	0	0	0
ENSPNYG00000003058	4	1	0
ENSPNYG00000003059	0	0	0
ENSPNYG00000003060	0	2	3
ENSPNYG00000003061	2	0	0
ENSPNYG00000003062	3	0	3
ENSPNYG00000003063	3	0	2
ENSPNYG00000003064	130	112	382
ENSPNYG00000003065	1	5	1
ENSPNYG00000003066	0	0	0
ENSPNYG00000003067	0	0	0
ENSPNYG00000003068	2	5	5
ENSPNYG00000003069	1	0	0
ENSPNYG00000003070	0	0	0
ENSPNYG00000003071	1	0	5
ENSPNYG00000003072	1	1	1
ENSPNYG00000003073	0	1	3
ENSPNYG00000003074	0	0	0
ENSPNYG00000003075	0	0	0
ENSPNYG00000003076	10	5	13
ENSPNYG00000003077	0	0	0
ENSPNYG00000003078	1	1	0
ENSPNYG00000003079	0	0	0
ENSPNYG00000003080	3	2	4
ENSPNYG00000003081	1	0	0
ENSPNYG00000003082	0	0	0
ENSPNYG00000003083	0	0	0
ENSPNYG00000003084	1	1	0
ENSPNYG00000003085	1	1	1
ENSPNYG00000003086	0	0	0
ENSPNYG00000003087	0	0	0
ENSPNYG00000003088	0	0	0
ENSPNYG00000003089	0	0	2
ENSPNYG00000003090	0	0	0
ENSPNYG00000003091	0	4	8
ENSPNYG00000003092	0	0	0
ENSPNYG00000003093	0	0	0
ENSPNYG00000003094	0	0	0
ENSPNYG00000003095	0	0	0
ENSPNYG00000003096	0	0	2
ENSPNYG00000003097	16	11	14
ENSPNYG00000003098	0	0	2
ENSPNYG00000003099	0	0	0
ENSPNYG00000003100	0	0	0
ENSPNYG00000003101	0	0	0
ENSPNYG00000003102	3	1	4
ENSPNYG00000003103	0	0	3
ENSPNYG00000003104	0	0	0
ENSPNYG00000003105	3	1	2
ENSPNYG00000003106	6	2	0
ENSPNYG00000003107	0	0	0
ENSPNYG00000003108	54	20	29
ENSPNYG00000003109	8	6	7
ENSPNYG00000003110	17	14	17
ENSPNYG00000003111	1	1	2
ENSPNYG00000003112	0	0	1
ENSPNYG00000003113	24280	49121	55498
ENSPNYG00000003114	0	0	0
ENSPNYG00000003115	0	0	0
ENSPNYG00000003116	0	0	0
ENSPNYG00000003117	5	4	8
ENSPNYG00000003118	0	0	0
ENSPNYG00000003119	0	0	0
ENSPNYG00000003120	0	0	1
ENSPNYG00000003121	0	0	0
ENSPNYG00000003122	3	4	0
ENSPNYG00000003123	0	0	0
ENSPNYG00000003124	2	0	0
ENSPNYG00000003125	0	0	0
ENSPNYG00000003126	0	0	0
ENSPNYG00000003127	7	2	5
ENSPNYG00000003128	0	0	0
ENSPNYG00000003129	0	0	0
ENSPNYG00000003130	0	2	0
ENSPNYG00000003131	15	3	9
ENSPNYG00000003132	0	0	0
ENSPNYG00000003133	80	68	54
ENSPNYG00000003134	0	2	3
ENSPNYG00000003135	3	1	5
ENSPNYG00000003136	8	3	3
ENSPNYG00000003137	41	81	95
ENSPNYG00000003138	0	7	3
ENSPNYG00000003139	0	0	0
ENSPNYG00000003140	0	0	0
ENSPNYG00000003141	1	0	1
ENSPNYG00000003142	13	19	17
ENSPNYG00000003143	11	1	2
ENSPNYG00000003144	0	0	0
ENSPNYG00000003145	2	13	12
ENSPNYG00000003146	0	0	0
ENSPNYG00000003147	4	0	0
ENSPNYG00000003148	0	0	0
ENSPNYG00000003149	1925	1229	2078
ENSPNYG00000003150	0	0	0
ENSPNYG00000003151	0	3	4
ENSPNYG00000003152	4	0	0
ENSPNYG00000003153	4	1	0
ENSPNYG00000003154	3	3	7
ENSPNYG00000003155	12	7	6
ENSPNYG00000003156	0	0	0
ENSPNYG00000003157	7	8	6
ENSPNYG00000003158	0	0	0
ENSPNYG00000003159	0	2	0
ENSPNYG00000003160	0	0	0
ENSPNYG00000003161	0	1	0
ENSPNYG00000003162	0	0	0
ENSPNYG00000003163	29	14	12
ENSPNYG00000003164	0	0	0
ENSPNYG00000003165	1	1	0
ENSPNYG00000003166	0	0	2
ENSPNYG00000003167	0	0	2
ENSPNYG00000003168	5	4	1
ENSPNYG00000003169	0	1	2
ENSPNYG00000003170	0	1	2
ENSPNYG00000003171	98	59	63
ENSPNYG00000003172	0	1	3
ENSPNYG00000003173	3	0	1
ENSPNYG00000003174	0	0	0
ENSPNYG00000003175	0	0	0
ENSPNYG00000003176	53	81	94
ENSPNYG00000003177	1	0	0
ENSPNYG00000003178	0	0	0
ENSPNYG00000003179	0	0	5
ENSPNYG00000003180	942	1842	1241
ENSPNYG00000003181	0	2	0
ENSPNYG00000003182	3	4	0
ENSPNYG00000003183	1	0	0
ENSPNYG00000003184	0	0	1
ENSPNYG00000003185	3	0	0
ENSPNYG00000003186	11	12	17
ENSPNYG00000003187	9	4	2
ENSPNYG00000003188	0	0	1
ENSPNYG00000003189	1	2	7
ENSPNYG00000003190	0	0	0
ENSPNYG00000003191	2	5	3
ENSPNYG00000003192	0	2	3
ENSPNYG00000003193	2	2	5
ENSPNYG00000003194	0	0	1
ENSPNYG00000003195	11	3	4
ENSPNYG00000003196	0	0	0
ENSPNYG00000003197	0	0	3
ENSPNYG00000003198	15	9	15
ENSPNYG00000003199	1	0	1
ENSPNYG00000003200	2	2	0
ENSPNYG00000003201	0	2	1
ENSPNYG00000003202	0	0	1
ENSPNYG00000003203	0	3	0
ENSPNYG00000003204	9	16	10
ENSPNYG00000003205	8	8	14
ENSPNYG00000003206	0	0	0
ENSPNYG00000003207	45	19	47
ENSPNYG00000003208	57	58	41
ENSPNYG00000003209	0	1	5
ENSPNYG00000003210	6	1	1
ENSPNYG00000003211	0	0	0
ENSPNYG00000003212	1	1	0
ENSPNYG00000003213	0	1	0
ENSPNYG00000003214	6	0	3
ENSPNYG00000003215	0	0	0
ENSPNYG00000003216	0	0	0
ENSPNYG00000003217	0	0	0
ENSPNYG00000003218	1	0	0
ENSPNYG00000003219	595	384	468
ENSPNYG00000003220	0	0	0
ENSPNYG00000003221	0	0	0
ENSPNYG00000003222	3	0	0
ENSPNYG00000003223	0	0	0
ENSPNYG00000003224	0	0	0
ENSPNYG00000003225	0	0	0
ENSPNYG00000003226	6	1	7
ENSPNYG00000003227	1	0	4
ENSPNYG00000003228	0	0	0
ENSPNYG00000003229	3	0	1
ENSPNYG00000003230	1	0	9
ENSPNYG00000003231	332	319	431
ENSPNYG00000003232	6	4	12
ENSPNYG00000003233	0	1	1
ENSPNYG00000003234	0	0	0
ENSPNYG00000003235	0	0	3
ENSPNYG00000003236	0	0	2
ENSPNYG00000003237	0	0	0
ENSPNYG00000003238	0	0	0
ENSPNYG00000003239	7	1	13
ENSPNYG00000003240	6	7	5
ENSPNYG00000003241	0	1	0
ENSPNYG00000003242	6	35	35
ENSPNYG00000003243	2	1	0
ENSPNYG00000003244	2	0	0
ENSPNYG00000003245	2	1	2
ENSPNYG00000003246	15	11	11
ENSPNYG00000003247	3	5	3
ENSPNYG00000003248	0	0	0
ENSPNYG00000003249	0	0	0
ENSPNYG00000003250	0	0	0
ENSPNYG00000003251	0	0	0
ENSPNYG00000003252	0	0	0
ENSPNYG00000003253	2	0	5
ENSPNYG00000003254	2	0	0
ENSPNYG00000003255	17	19	32
ENSPNYG00000003256	0	0	0
ENSPNYG00000003257	0	0	0
ENSPNYG00000003258	27	19	15
ENSPNYG00000003259	4	7	10
ENSPNYG00000003260	0	0	0
ENSPNYG00000003261	1	0	1
ENSPNYG00000003262	0	0	0
ENSPNYG00000003263	0	1	3
ENSPNYG00000003264	0	0	0
ENSPNYG00000003265	0	0	0
ENSPNYG00000003266	0	0	0
ENSPNYG00000003267	0	0	1
ENSPNYG00000003268	3	0	0
ENSPNYG00000003269	0	0	0
ENSPNYG00000003270	3	8	5
ENSPNYG00000003271	32	42	39
ENSPNYG00000003272	0	0	2
ENSPNYG00000003273	2	1	1
ENSPNYG00000003274	0	0	0
ENSPNYG00000003275	0	0	0
ENSPNYG00000003276	0	0	0
ENSPNYG00000003277	0	0	0
ENSPNYG00000003278	0	0	0
ENSPNYG00000003279	0	0	0
ENSPNYG00000003280	3	3	1
ENSPNYG00000003281	4	1	2
ENSPNYG00000003282	2	1	2
ENSPNYG00000003283	0	0	0
ENSPNYG00000003284	8	6	21
ENSPNYG00000003285	0	0	3
ENSPNYG00000003286	0	0	0
ENSPNYG00000003287	9	0	3
ENSPNYG00000003288	7	0	0
ENSPNYG00000003289	0	0	0
ENSPNYG00000003290	0	0	0
ENSPNYG00000003291	2	0	1
ENSPNYG00000003292	0	0	0
ENSPNYG00000003293	0	0	0
ENSPNYG00000003294	1	1	4
ENSPNYG00000003295	0	0	2
ENSPNYG00000003296	2	3	1
ENSPNYG00000003297	0	0	0
ENSPNYG00000003298	2	3	6
ENSPNYG00000003299	23	30	35
ENSPNYG00000003300	2	2	2
ENSPNYG00000003301	2	0	2
ENSPNYG00000003302	1378	791	1215
ENSPNYG00000003303	39	48	61
ENSPNYG00000003304	6	4	3
ENSPNYG00000003305	0	0	0
ENSPNYG00000003306	5	4	12
ENSPNYG00000003307	0	0	0
ENSPNYG00000003308	0	0	0
ENSPNYG00000003309	0	0	0
ENSPNYG00000003310	0	0	0
ENSPNYG00000003311	0	0	3
ENSPNYG00000003312	4	10	7
ENSPNYG00000003313	12	3	1
ENSPNYG00000003314	1	0	1
ENSPNYG00000003315	0	0	0
ENSPNYG00000003316	2	2	6
ENSPNYG00000003317	0	0	0
ENSPNYG00000003318	0	0	0
ENSPNYG00000003319	4	0	8
ENSPNYG00000003320	0	2	8
ENSPNYG00000003321	3	3	2
ENSPNYG00000003322	2	0	0
ENSPNYG00000003323	0	0	0
ENSPNYG00000003324	0	1	0
ENSPNYG00000003325	0	0	0
ENSPNYG00000003326	28	15	10
ENSPNYG00000003327	0	2	0
ENSPNYG00000003328	2	1	0
ENSPNYG00000003329	5	0	1
ENSPNYG00000003330	0	0	0
ENSPNYG00000003331	3	0	0
ENSPNYG00000003332	0	0	0
ENSPNYG00000003333	0	1	2
ENSPNYG00000003334	80	53	64
ENSPNYG00000003335	0	0	3
ENSPNYG00000003336	3	2	6
ENSPNYG00000003337	1	4	8
ENSPNYG00000003338	5	0	0
ENSPNYG00000003339	0	0	0
ENSPNYG00000003340	0	26	6
ENSPNYG00000003341	0	0	0
ENSPNYG00000003342	3	1	7
ENSPNYG00000003343	0	0	0
ENSPNYG00000003344	5	8	8
ENSPNYG00000003345	15	23	27
ENSPNYG00000003346	7	15	15
ENSPNYG00000003347	10	9	8
ENSPNYG00000003348	0	0	0
ENSPNYG00000003349	16	3	16
ENSPNYG00000003350	26	22	15
ENSPNYG00000003351	0	0	3
ENSPNYG00000003352	19	5	10
ENSPNYG00000003353	2	0	0
ENSPNYG00000003354	3	2	1
ENSPNYG00000003355	0	0	0
ENSPNYG00000003356	0	0	0
ENSPNYG00000003357	2	3	3
ENSPNYG00000003358	1	0	1
ENSPNYG00000003359	0	0	0
ENSPNYG00000003360	0	0	0
ENSPNYG00000003361	0	0	0
ENSPNYG00000003362	173	130	285
ENSPNYG00000003363	0	1	1
ENSPNYG00000003364	0	1	1
ENSPNYG00000003365	0	0	0
ENSPNYG00000003366	0	0	0
ENSPNYG00000003367	7	0	5
ENSPNYG00000003368	1	0	0
ENSPNYG00000003369	0	0	0
ENSPNYG00000003370	0	0	0
ENSPNYG00000003371	8	3	10
ENSPNYG00000003372	0	0	0
ENSPNYG00000003373	0	0	0
ENSPNYG00000003374	1	2	0
ENSPNYG00000003375	0	1	0
ENSPNYG00000003376	0	0	1
ENSPNYG00000003377	1	0	0
ENSPNYG00000003378	7	5	7
ENSPNYG00000003379	0	0	0
ENSPNYG00000003380	3	1	1
ENSPNYG00000003381	16	4	12
ENSPNYG00000003382	0	1	0
ENSPNYG00000003383	0	0	6
ENSPNYG00000003384	0	0	3
ENSPNYG00000003385	0	0	0
ENSPNYG00000003386	7	7	3
ENSPNYG00000003387	0	0	0
ENSPNYG00000003388	4	2	0
ENSPNYG00000003389	1	0	0
ENSPNYG00000003390	5	1	6
ENSPNYG00000003391	0	0	0
ENSPNYG00000003392	0	0	0
ENSPNYG00000003393	12	7	12
ENSPNYG00000003394	2	17	9
ENSPNYG00000003395	73101	117747	153782
ENSPNYG00000003396	0	1	2
ENSPNYG00000003397	57	20	55
ENSPNYG00000003398	4	1	5
ENSPNYG00000003399	12	2	9
ENSPNYG00000003400	5	4	7
ENSPNYG00000003401	2	1	1
ENSPNYG00000003402	0	0	0
ENSPNYG00000003403	0	0	0
ENSPNYG00000003404	0	0	0
ENSPNYG00000003405	84	66	84
ENSPNYG00000003406	2	0	2
ENSPNYG00000003407	1	1	2
ENSPNYG00000003408	6	26	3
ENSPNYG00000003409	0	6	1
ENSPNYG00000003410	5	6	17
ENSPNYG00000003411	471	495	550
ENSPNYG00000003412	2	0	4
ENSPNYG00000003413	1	4	1
ENSPNYG00000003414	0	0	0
ENSPNYG00000003415	2	5	0
ENSPNYG00000003416	4	0	0
ENSPNYG00000003417	0	0	0
ENSPNYG00000003418	3	0	2
ENSPNYG00000003419	0	0	0
ENSPNYG00000003420	0	0	0
ENSPNYG00000003421	2	7	5
ENSPNYG00000003422	1	1	0
ENSPNYG00000003423	7	0	0
ENSPNYG00000003424	0	0	0
ENSPNYG00000003425	4	5	0
ENSPNYG00000003426	0	0	0
ENSPNYG00000003427	12	4	5
ENSPNYG00000003428	3	3	3
ENSPNYG00000003429	2	4	0
ENSPNYG00000003430	1	3	4
ENSPNYG00000003431	0	0	0
ENSPNYG00000003432	0	0	0
ENSPNYG00000003433	0	0	0
ENSPNYG00000003434	4	0	0
ENSPNYG00000003435	4104	3439	2993
ENSPNYG00000003436	0	0	0
ENSPNYG00000003437	0	0	0
ENSPNYG00000003438	0	0	0
ENSPNYG00000003439	2	5	8
ENSPNYG00000003440	0	0	0
ENSPNYG00000003441	0	0	1
ENSPNYG00000003442	25	103	160
ENSPNYG00000003443	0	0	0
ENSPNYG00000003444	0	0	0
ENSPNYG00000003445	1	2	18
ENSPNYG00000003446	1	2	0
ENSPNYG00000003447	0	1	0
ENSPNYG00000003448	2	3	2
ENSPNYG00000003449	0	0	0
ENSPNYG00000003450	0	5	0
ENSPNYG00000003451	1	0	4
ENSPNYG00000003452	6	2	5
ENSPNYG00000003453	68	41	37
ENSPNYG00000003454	0	0	0
ENSPNYG00000003455	6	3	10
ENSPNYG00000003456	0	0	0
ENSPNYG00000003457	1	0	1
ENSPNYG00000003458	28	31	34
ENSPNYG00000003459	0	0	0
ENSPNYG00000003460	0	0	1
ENSPNYG00000003461	0	0	0
ENSPNYG00000003462	0	0	0
ENSPNYG00000003463	0	0	1
ENSPNYG00000003464	6	1	5
ENSPNYG00000003465	0	0	0
ENSPNYG00000003466	8	7	8
ENSPNYG00000003467	0	0	0
ENSPNYG00000003468	1	0	1
ENSPNYG00000003469	0	0	0
ENSPNYG00000003470	0	0	1
ENSPNYG00000003471	0	0	0
ENSPNYG00000003472	1	0	2
ENSPNYG00000003473	1	1	0
ENSPNYG00000003474	0	0	0
ENSPNYG00000003475	0	1	1
ENSPNYG00000003476	0	0	0
ENSPNYG00000003477	7	3	3
ENSPNYG00000003478	0	0	0
ENSPNYG00000003479	0	0	0
ENSPNYG00000003480	3	0	2
ENSPNYG00000003481	0	0	0
ENSPNYG00000003482	0	1	0
ENSPNYG00000003483	3	0	1
ENSPNYG00000003484	5	36	37
ENSPNYG00000003485	0	0	0
ENSPNYG00000003486	0	0	0
ENSPNYG00000003487	0	1	0
ENSPNYG00000003488	0	1	0
ENSPNYG00000003489	1	4	10
ENSPNYG00000003490	0	1	0
ENSPNYG00000003491	0	0	0
ENSPNYG00000003492	0	0	0
ENSPNYG00000003493	0	0	2
ENSPNYG00000003494	0	0	0
ENSPNYG00000003495	2	2	0
ENSPNYG00000003496	6	2	4
ENSPNYG00000003497	0	1	1
ENSPNYG00000003498	1	0	1
ENSPNYG00000003499	1	0	0
ENSPNYG00000003500	0	0	0
ENSPNYG00000003501	1	2	5
ENSPNYG00000003502	2	0	3
ENSPNYG00000003503	0	0	0
ENSPNYG00000003504	1	0	0
ENSPNYG00000003505	0	0	0
ENSPNYG00000003506	0	0	0
ENSPNYG00000003507	1	2	1
ENSPNYG00000003508	0	0	0
ENSPNYG00000003509	3	4	3
ENSPNYG00000003510	0	3	0
ENSPNYG00000003511	0	0	0
ENSPNYG00000003512	0	0	0
ENSPNYG00000003513	0	0	0
ENSPNYG00000003514	2	5	4
ENSPNYG00000003515	0	0	0
ENSPNYG00000003516	0	0	0
ENSPNYG00000003517	54	66	55
ENSPNYG00000003518	0	0	0
ENSPNYG00000003519	0	0	2
ENSPNYG00000003520	5	4	6
ENSPNYG00000003521	0	1	3
ENSPNYG00000003522	0	2	0
ENSPNYG00000003523	3	0	2
ENSPNYG00000003524	0	0	1
ENSPNYG00000003525	0	0	0
ENSPNYG00000003526	0	5	1
ENSPNYG00000003527	5	0	0
ENSPNYG00000003528	3	1	2
ENSPNYG00000003529	3	0	0
ENSPNYG00000003530	1	0	2
ENSPNYG00000003531	0	0	1
ENSPNYG00000003532	4	5	4
ENSPNYG00000003533	14	9	6
ENSPNYG00000003534	0	0	0
ENSPNYG00000003535	0	0	0
ENSPNYG00000003536	0	0	0
ENSPNYG00000003537	44	89	115
ENSPNYG00000003538	0	0	1
ENSPNYG00000003539	6	5	4
ENSPNYG00000003540	18	0	0
ENSPNYG00000003541	2	6	5
ENSPNYG00000003542	0	0	0
ENSPNYG00000003543	0	0	0
ENSPNYG00000003544	1	0	1
ENSPNYG00000003545	0	0	0
ENSPNYG00000003546	0	0	0
ENSPNYG00000003547	0	1	0
ENSPNYG00000003548	1	0	0
ENSPNYG00000003549	0	0	0
ENSPNYG00000003550	1	0	0
ENSPNYG00000003551	1	2	1
ENSPNYG00000003552	2	0	0
ENSPNYG00000003553	0	0	0
ENSPNYG00000003554	0	8	3
ENSPNYG00000003555	2	3	0
ENSPNYG00000003556	0	0	0
ENSPNYG00000003557	9	1	2
ENSPNYG00000003558	3	0	2
ENSPNYG00000003559	3	1	3
ENSPNYG00000003560	5	1	0
ENSPNYG00000003561	1	0	0
ENSPNYG00000003562	0	0	1
ENSPNYG00000003563	0	0	0
ENSPNYG00000003564	0	0	0
ENSPNYG00000003565	1	0	0
ENSPNYG00000003566	9	5	1
ENSPNYG00000003567	4	2	0
ENSPNYG00000003568	0	0	0
ENSPNYG00000003569	14	11	8
ENSPNYG00000003570	0	0	0
ENSPNYG00000003571	126	57	98
ENSPNYG00000003572	0	0	1
ENSPNYG00000003573	0	0	0
ENSPNYG00000003574	0	1	0
ENSPNYG00000003575	0	0	2
ENSPNYG00000003576	0	0	0
ENSPNYG00000003577	0	5	0
ENSPNYG00000003578	1	1	1
ENSPNYG00000003579	4	6	2
ENSPNYG00000003580	7	1	6
ENSPNYG00000003581	3	4	6
ENSPNYG00000003582	0	0	0
ENSPNYG00000003583	0	0	0
ENSPNYG00000003584	4	4	5
ENSPNYG00000003585	1	0	5
ENSPNYG00000003586	581	436	489
ENSPNYG00000003587	22	12	7
ENSPNYG00000003588	4	4	7
ENSPNYG00000003589	0	0	0
ENSPNYG00000003590	0	0	0
ENSPNYG00000003591	0	0	0
ENSPNYG00000003592	4	8	16
ENSPNYG00000003593	43	15	17
ENSPNYG00000003594	4	3	2
ENSPNYG00000003595	0	0	0
ENSPNYG00000003596	1	3	1
ENSPNYG00000003597	0	0	0
ENSPNYG00000003598	263	220	169
ENSPNYG00000003599	0	0	0
ENSPNYG00000003600	3	4	1
ENSPNYG00000003601	2	1	6
ENSPNYG00000003602	0	0	1
ENSPNYG00000003603	5	3	1
ENSPNYG00000003604	0	0	0
ENSPNYG00000003605	1	0	0
ENSPNYG00000003606	116	50	30
ENSPNYG00000003607	169	86	90
ENSPNYG00000003608	5	2	5
ENSPNYG00000003609	0	0	0
ENSPNYG00000003610	0	0	2
ENSPNYG00000003611	0	0	3
ENSPNYG00000003612	14	5	6
ENSPNYG00000003613	0	0	2
ENSPNYG00000003614	8	6	4
ENSPNYG00000003615	2	5	1
ENSPNYG00000003616	5	1	3
ENSPNYG00000003617	0	0	2
ENSPNYG00000003618	0	0	0
ENSPNYG00000003619	0	0	0
ENSPNYG00000003620	1	1	2
ENSPNYG00000003621	4	0	5
ENSPNYG00000003622	0	0	0
ENSPNYG00000003623	3	4	14
ENSPNYG00000003624	8	1	5
ENSPNYG00000003625	0	0	0
ENSPNYG00000003626	1	3	0
ENSPNYG00000003627	2	0	0
ENSPNYG00000003628	19	22	13
ENSPNYG00000003629	0	0	0
ENSPNYG00000003630	3	0	3
ENSPNYG00000003631	0	2	3
ENSPNYG00000003632	11	8	6
ENSPNYG00000003633	298	459	323
ENSPNYG00000003634	10	8	8
ENSPNYG00000003635	2	0	0
ENSPNYG00000003636	2	0	0
ENSPNYG00000003637	2	0	1
ENSPNYG00000003638	0	0	0
ENSPNYG00000003639	38	33	59
ENSPNYG00000003640	16	7	13
ENSPNYG00000003641	1	1	0
ENSPNYG00000003642	5	14	15
ENSPNYG00000003643	2679	1881	2503
ENSPNYG00000003644	10	7	16
ENSPNYG00000003645	0	0	0
ENSPNYG00000003646	7	4	10
ENSPNYG00000003647	1	4	6
ENSPNYG00000003648	0	0	0
ENSPNYG00000003649	29	23	27
ENSPNYG00000003650	5	1	5
ENSPNYG00000003651	0	2	3
ENSPNYG00000003652	0	0	0
ENSPNYG00000003653	5	0	2
ENSPNYG00000003654	1	0	0
ENSPNYG00000003655	0	0	0
ENSPNYG00000003656	4	1	1
ENSPNYG00000003657	0	0	0
ENSPNYG00000003658	5	2	5
ENSPNYG00000003659	9	5	5
ENSPNYG00000003660	2	3	10
ENSPNYG00000003661	0	0	1
ENSPNYG00000003662	0	0	0
ENSPNYG00000003663	0	0	1
ENSPNYG00000003664	0	1	0
ENSPNYG00000003665	1068	1353	1068
ENSPNYG00000003666	4	8	17
ENSPNYG00000003667	0	1	1
ENSPNYG00000003668	5	1	3
ENSPNYG00000003669	234	238	275
ENSPNYG00000003670	2	5	0
ENSPNYG00000003671	1	1	11
ENSPNYG00000003672	1	1	2
ENSPNYG00000003673	4	4	6
ENSPNYG00000003674	0	0	0
ENSPNYG00000003675	0	0	0
ENSPNYG00000003676	13	18	16
ENSPNYG00000003677	81	85	85
ENSPNYG00000003678	0	0	1
ENSPNYG00000003679	0	0	0
ENSPNYG00000003680	0	0	3
ENSPNYG00000003681	63	97	44
ENSPNYG00000003682	0	0	0
ENSPNYG00000003683	0	0	0
ENSPNYG00000003684	5	1	2
ENSPNYG00000003685	2	0	3
ENSPNYG00000003686	1	0	1
ENSPNYG00000003687	0	0	0
ENSPNYG00000003688	61	49	47
ENSPNYG00000003689	41	40	48
ENSPNYG00000003690	1	6	7
ENSPNYG00000003691	0	2	1
ENSPNYG00000003692	72	78	105
ENSPNYG00000003693	205	148	208
ENSPNYG00000003694	11	11	3
ENSPNYG00000003695	0	0	1
ENSPNYG00000003696	4	7	9
ENSPNYG00000003697	11	7	12
ENSPNYG00000003698	30	13	4
ENSPNYG00000003699	3	0	4
ENSPNYG00000003700	3	4	1
ENSPNYG00000003701	1	0	1
ENSPNYG00000003702	0	0	0
ENSPNYG00000003703	23	42	33
ENSPNYG00000003704	7	2	2
ENSPNYG00000003705	972	2179	2392
ENSPNYG00000003706	0	0	0
ENSPNYG00000003707	0	0	0
ENSPNYG00000003708	58	61	79
ENSPNYG00000003709	0	1	0
ENSPNYG00000003710	27	25	39
ENSPNYG00000003711	0	0	4
ENSPNYG00000003712	3	4	5
ENSPNYG00000003713	0	1	0
ENSPNYG00000003714	1	0	0
ENSPNYG00000003715	6	5	0
ENSPNYG00000003716	4	0	2
ENSPNYG00000003717	15	9	1
ENSPNYG00000003718	3	9	16
ENSPNYG00000003719	1	9	0
ENSPNYG00000003720	141	139	214
ENSPNYG00000003721	0	1	0
ENSPNYG00000003722	3	3	5
ENSPNYG00000003723	4	7	3
ENSPNYG00000003724	2	2	2
ENSPNYG00000003725	11	10	7
ENSPNYG00000003726	0	0	0
ENSPNYG00000003727	12	5	6
ENSPNYG00000003728	2	2	0
ENSPNYG00000003729	6	6	3
ENSPNYG00000003730	0	0	0
ENSPNYG00000003731	5	2	1
ENSPNYG00000003732	1	4	6
ENSPNYG00000003733	1	3	3
ENSPNYG00000003734	0	0	1
ENSPNYG00000003735	0	0	0
ENSPNYG00000003736	0	0	1
ENSPNYG00000003737	0	0	0
ENSPNYG00000003738	0	0	0
ENSPNYG00000003739	3	0	7
ENSPNYG00000003740	74	49	49
ENSPNYG00000003741	1	0	0
ENSPNYG00000003742	16	7	7
ENSPNYG00000003743	5	2	4
ENSPNYG00000003744	0	0	0
ENSPNYG00000003745	2	1	3
ENSPNYG00000003746	1	0	1
ENSPNYG00000003747	11	3	3
ENSPNYG00000003748	11	4	3
ENSPNYG00000003749	0	0	0
ENSPNYG00000003750	0	2	1
ENSPNYG00000003751	0	0	0
ENSPNYG00000003752	494	330	241
ENSPNYG00000003753	1	4	3
ENSPNYG00000003754	0	1	1
ENSPNYG00000003755	0	0	2
ENSPNYG00000003756	2	0	2
ENSPNYG00000003757	1	0	2
ENSPNYG00000003758	3	1	2
ENSPNYG00000003759	61	60	41
ENSPNYG00000003760	0	0	0
ENSPNYG00000003761	0	0	0
ENSPNYG00000003762	0	0	0
ENSPNYG00000003763	3	1	2
ENSPNYG00000003764	1	0	0
ENSPNYG00000003765	1	3	1
ENSPNYG00000003766	2	9	0
ENSPNYG00000003767	0	0	0
ENSPNYG00000003768	107	78	116
ENSPNYG00000003769	7	9	8
ENSPNYG00000003770	0	0	0
ENSPNYG00000003771	0	0	0
ENSPNYG00000003772	1	0	2
ENSPNYG00000003773	0	0	2
ENSPNYG00000003774	3	1	1
ENSPNYG00000003775	0	0	0
ENSPNYG00000003776	1	3	0
ENSPNYG00000003777	0	0	0
ENSPNYG00000003778	0	0	3
ENSPNYG00000003779	2	6	3
ENSPNYG00000003780	2	6	8
ENSPNYG00000003781	0	5	11
ENSPNYG00000003782	1	2	9
ENSPNYG00000003783	6	5	7
ENSPNYG00000003784	0	0	0
ENSPNYG00000003785	0	0	0
ENSPNYG00000003786	0	0	3
ENSPNYG00000003787	8	3	6
ENSPNYG00000003788	31	14	26
ENSPNYG00000003789	0	0	0
ENSPNYG00000003790	1	1	1
ENSPNYG00000003791	0	0	0
ENSPNYG00000003792	0	0	0
ENSPNYG00000003793	46	45	77
ENSPNYG00000003794	0	0	0
ENSPNYG00000003795	1	0	0
ENSPNYG00000003796	19	10	22
ENSPNYG00000003797	0	0	0
ENSPNYG00000003798	4	6	14
ENSPNYG00000003799	0	4	0
ENSPNYG00000003800	0	0	0
ENSPNYG00000003801	2	0	9
ENSPNYG00000003802	0	0	0
ENSPNYG00000003803	0	0	0
ENSPNYG00000003804	0	0	0
ENSPNYG00000003805	0	0	0
ENSPNYG00000003806	0	0	1
ENSPNYG00000003807	13	18	6
ENSPNYG00000003808	0	0	0
ENSPNYG00000003809	2	0	3
ENSPNYG00000003810	0	1	0
ENSPNYG00000003811	0	0	0
ENSPNYG00000003812	0	1	1
ENSPNYG00000003813	0	1	1
ENSPNYG00000003814	0	0	0
ENSPNYG00000003815	36	30	26
ENSPNYG00000003816	1	0	1
ENSPNYG00000003817	0	0	1
ENSPNYG00000003818	0	1	0
ENSPNYG00000003819	0	0	0
ENSPNYG00000003820	0	0	0
ENSPNYG00000003821	0	0	0
ENSPNYG00000003822	40	17	26
ENSPNYG00000003823	0	0	0
ENSPNYG00000003824	0	0	1
ENSPNYG00000003825	0	0	1
ENSPNYG00000003826	47	49	49
ENSPNYG00000003827	124	22	18
ENSPNYG00000003828	1	0	0
ENSPNYG00000003829	0	0	0
ENSPNYG00000003830	5	11	4
ENSPNYG00000003831	2	0	1
ENSPNYG00000003832	3041	1549	1948
ENSPNYG00000003833	0	2	0
ENSPNYG00000003834	0	0	0
ENSPNYG00000003835	0	0	0
ENSPNYG00000003836	0	0	0
ENSPNYG00000003837	0	0	0
ENSPNYG00000003838	0	0	0
ENSPNYG00000003839	926	512	880
ENSPNYG00000003840	0	0	0
ENSPNYG00000003841	699	427	544
ENSPNYG00000003842	0	0	0
ENSPNYG00000003843	0	0	0
ENSPNYG00000003844	2	0	2
ENSPNYG00000003845	0	0	0
ENSPNYG00000003846	0	0	0
ENSPNYG00000003847	0	0	0
ENSPNYG00000003848	0	0	0
ENSPNYG00000003849	0	0	0
ENSPNYG00000003850	1	2	2
ENSPNYG00000003851	0	2	1
ENSPNYG00000003852	2	5	7
ENSPNYG00000003853	0	0	0
ENSPNYG00000003854	0	0	0
ENSPNYG00000003855	0	0	0
ENSPNYG00000003856	22	22	13
ENSPNYG00000003857	0	0	0
ENSPNYG00000003858	0	0	0
ENSPNYG00000003859	4	11	20
ENSPNYG00000003860	19	9	22
ENSPNYG00000003861	0	1	0
ENSPNYG00000003862	1	0	3
ENSPNYG00000003863	0	0	2
ENSPNYG00000003864	2	0	11
ENSPNYG00000003865	0	2	3
ENSPNYG00000003866	0	0	0
ENSPNYG00000003867	4	1	1
ENSPNYG00000003868	0	0	0
ENSPNYG00000003869	0	0	0
ENSPNYG00000003870	0	0	2
ENSPNYG00000003871	1	0	0
ENSPNYG00000003872	0	0	0
ENSPNYG00000003873	0	0	0
ENSPNYG00000003874	4	2	1
ENSPNYG00000003875	0	0	0
ENSPNYG00000003876	1	0	0
ENSPNYG00000003877	0	0	0
ENSPNYG00000003878	1	0	3
ENSPNYG00000003879	0	0	0
ENSPNYG00000003880	1	0	2
ENSPNYG00000003881	0	0	0
ENSPNYG00000003882	5	5	3
ENSPNYG00000003883	0	0	0
ENSPNYG00000003884	0	0	0
ENSPNYG00000003885	7	2	5
ENSPNYG00000003886	3	7	2
ENSPNYG00000003887	0	0	2
ENSPNYG00000003888	0	1	0
ENSPNYG00000003889	2	2	4
ENSPNYG00000003890	0	0	0
ENSPNYG00000003891	9	23	22
ENSPNYG00000003892	0	0	0
ENSPNYG00000003893	3	6	2
ENSPNYG00000003894	1	0	0
ENSPNYG00000003895	7	2	9
ENSPNYG00000003896	0	0	3
ENSPNYG00000003897	0	1	2
ENSPNYG00000003898	1	1	0
ENSPNYG00000003899	0	0	0
ENSPNYG00000003900	4009	4764	4672
ENSPNYG00000003901	1	0	3
ENSPNYG00000003902	4	0	0
ENSPNYG00000003903	27	16	19
ENSPNYG00000003904	0	0	0
ENSPNYG00000003905	0	0	6
ENSPNYG00000003906	0	1	0
ENSPNYG00000003907	3	4	0
ENSPNYG00000003908	882	309	668
ENSPNYG00000003909	0	0	0
ENSPNYG00000003910	3	5	9
ENSPNYG00000003911	0	0	0
ENSPNYG00000003912	0	0	3
ENSPNYG00000003913	0	0	1
ENSPNYG00000003914	0	0	0
ENSPNYG00000003915	0	0	0
ENSPNYG00000003916	0	4	4
ENSPNYG00000003917	0	0	0
ENSPNYG00000003918	1	1	3
ENSPNYG00000003919	0	0	0
ENSPNYG00000003920	1	0	4
ENSPNYG00000003921	0	0	1
ENSPNYG00000003922	1	1	1
ENSPNYG00000003923	4	2	0
ENSPNYG00000003924	4	1	1
ENSPNYG00000003925	18	17	16
ENSPNYG00000003926	0	3	5
ENSPNYG00000003927	0	0	1
ENSPNYG00000003928	0	0	0
ENSPNYG00000003929	0	0	2
ENSPNYG00000003930	3	2	3
ENSPNYG00000003931	1	1	1
ENSPNYG00000003932	0	0	0
ENSPNYG00000003933	2	0	0
ENSPNYG00000003934	8	1	8
ENSPNYG00000003935	3	4	4
ENSPNYG00000003936	1	0	0
ENSPNYG00000003937	5	2	4
ENSPNYG00000003938	0	0	1
ENSPNYG00000003939	0	0	1
ENSPNYG00000003940	6	0	2
ENSPNYG00000003941	2	2	2
ENSPNYG00000003942	5	7	8
ENSPNYG00000003943	0	0	0
ENSPNYG00000003944	2	0	0
ENSPNYG00000003945	0	0	0
ENSPNYG00000003946	2	2	3
ENSPNYG00000003947	1	0	1
ENSPNYG00000003948	1	0	0
ENSPNYG00000003949	3	1	7
ENSPNYG00000003950	1	0	0
ENSPNYG00000003951	5	1	4
ENSPNYG00000003952	0	0	0
ENSPNYG00000003953	0	0	0
ENSPNYG00000003954	0	1	0
ENSPNYG00000003955	0	0	0
ENSPNYG00000003956	0	0	0
ENSPNYG00000003957	0	0	0
ENSPNYG00000003958	1	2	6
ENSPNYG00000003959	0	0	0
ENSPNYG00000003960	0	0	1
ENSPNYG00000003961	11	21	19
ENSPNYG00000003962	4	0	3
ENSPNYG00000003963	12	7	1
ENSPNYG00000003964	6	3	0
ENSPNYG00000003965	4	1	3
ENSPNYG00000003966	0	7	6
ENSPNYG00000003967	0	0	0
ENSPNYG00000003968	0	0	0
ENSPNYG00000003969	0	1	3
ENSPNYG00000003970	488	396	587
ENSPNYG00000003971	0	0	1
ENSPNYG00000003972	0	0	0
ENSPNYG00000003973	0	0	0
ENSPNYG00000003974	0	3	3
ENSPNYG00000003975	1	0	0
ENSPNYG00000003976	0	0	0
ENSPNYG00000003977	0	0	0
ENSPNYG00000003978	29	114	167
ENSPNYG00000003979	725	779	1258
ENSPNYG00000003980	0	0	0
ENSPNYG00000003981	2	1	6
ENSPNYG00000003982	8	7	5
ENSPNYG00000003983	0	0	0
ENSPNYG00000003984	1	1	1
ENSPNYG00000003985	0	0	2
ENSPNYG00000003986	0	0	1
ENSPNYG00000003987	1	3	16
ENSPNYG00000003988	0	0	0
ENSPNYG00000003989	0	2	0
ENSPNYG00000003990	0	0	2
ENSPNYG00000003991	59	52	74
ENSPNYG00000003992	0	1	0
ENSPNYG00000003993	0	0	1
ENSPNYG00000003994	5	0	3
ENSPNYG00000003995	0	0	1
ENSPNYG00000003996	0	0	0
ENSPNYG00000003997	1	1	2
ENSPNYG00000003998	0	0	0
ENSPNYG00000003999	12	12	10
ENSPNYG00000004000	2	2	0
ENSPNYG00000004001	0	0	1
ENSPNYG00000004002	16754	25786	37233
ENSPNYG00000004003	0	2	0
ENSPNYG00000004004	1940	2135	3207
ENSPNYG00000004005	32	12	29
ENSPNYG00000004006	25	66	46
ENSPNYG00000004007	0	0	2
ENSPNYG00000004008	0	0	0
ENSPNYG00000004009	39	20	14
ENSPNYG00000004010	1	2	2
ENSPNYG00000004011	0	0	0
ENSPNYG00000004012	0	3	0
ENSPNYG00000004013	166	106	152
ENSPNYG00000004014	0	0	0
ENSPNYG00000004015	0	1	2
ENSPNYG00000004016	0	0	0
ENSPNYG00000004017	570	1067	662
ENSPNYG00000004018	13	17	2
ENSPNYG00000004019	0	0	0
ENSPNYG00000004020	0	0	0
ENSPNYG00000004021	21	11	48
ENSPNYG00000004022	7	7	5
ENSPNYG00000004023	1	0	0
ENSPNYG00000004024	0	0	0
ENSPNYG00000004025	0	0	0
ENSPNYG00000004026	0	0	0
ENSPNYG00000004027	0	0	0
ENSPNYG00000004028	0	0	0
ENSPNYG00000004029	62	23	50
ENSPNYG00000004030	0	0	0
ENSPNYG00000004031	3	3	4
ENSPNYG00000004032	0	0	0
ENSPNYG00000004033	0	2	8
ENSPNYG00000004034	0	0	0
ENSPNYG00000004035	255	164	157
ENSPNYG00000004036	6	0	0
ENSPNYG00000004037	0	0	0
ENSPNYG00000004038	1	3	0
ENSPNYG00000004039	1	0	0
ENSPNYG00000004040	0	0	0
ENSPNYG00000004041	1	0	3
ENSPNYG00000004042	3	7	5
ENSPNYG00000004043	59	67	44
ENSPNYG00000004044	0	1	1
ENSPNYG00000004045	1	0	1
ENSPNYG00000004046	478	387	369
ENSPNYG00000004047	0	0	2
ENSPNYG00000004048	15	18	18
ENSPNYG00000004049	14	12	10
ENSPNYG00000004050	0	9	2
ENSPNYG00000004051	0	0	0
ENSPNYG00000004052	14	9	18
ENSPNYG00000004053	0	0	0
ENSPNYG00000004054	0	2	0
ENSPNYG00000004055	0	0	1
ENSPNYG00000004056	0	0	0
ENSPNYG00000004057	0	0	0
ENSPNYG00000004058	6	5	6
ENSPNYG00000004059	0	0	0
ENSPNYG00000004060	12	5	5
ENSPNYG00000004061	5	1	2
ENSPNYG00000004062	0	0	0
ENSPNYG00000004063	74	72	251
ENSPNYG00000004064	2	3	0
ENSPNYG00000004065	12	10	8
ENSPNYG00000004066	1	8	17
ENSPNYG00000004067	0	0	0
ENSPNYG00000004068	0	0	0
ENSPNYG00000004069	0	0	0
ENSPNYG00000004070	1	1	0
ENSPNYG00000004071	50	77	212
ENSPNYG00000004072	0	0	0
ENSPNYG00000004073	10	7	11
ENSPNYG00000004074	0	0	0
ENSPNYG00000004075	1	2	1
ENSPNYG00000004076	0	0	0
ENSPNYG00000004077	0	0	0
ENSPNYG00000004078	0	1	1
ENSPNYG00000004079	32	25	34
ENSPNYG00000004080	0	0	0
ENSPNYG00000004081	2	0	0
ENSPNYG00000004082	2	0	2
ENSPNYG00000004083	3	0	2
ENSPNYG00000004084	0	0	0
ENSPNYG00000004085	4	8	11
ENSPNYG00000004086	0	0	0
ENSPNYG00000004087	0	1	2
ENSPNYG00000004088	0	0	0
ENSPNYG00000004089	0	0	0
ENSPNYG00000004090	2	1	0
ENSPNYG00000004091	0	1	0
ENSPNYG00000004092	6	9	4
ENSPNYG00000004093	0	0	0
ENSPNYG00000004094	0	0	0
ENSPNYG00000004095	0	1	0
ENSPNYG00000004096	0	0	1
ENSPNYG00000004097	0	0	0
ENSPNYG00000004098	12	12	3
ENSPNYG00000004099	5	0	1
ENSPNYG00000004100	8	9	10
ENSPNYG00000004101	0	0	0
ENSPNYG00000004102	0	0	0
ENSPNYG00000004103	0	0	0
ENSPNYG00000004104	0	0	0
ENSPNYG00000004105	5	2	1
ENSPNYG00000004106	359	243	317
ENSPNYG00000004107	13	1	2
ENSPNYG00000004108	7	3	2
ENSPNYG00000004109	4	1	6
ENSPNYG00000004110	1	0	0
ENSPNYG00000004111	0	1	2
ENSPNYG00000004112	0	0	0
ENSPNYG00000004113	1176	867	914
ENSPNYG00000004114	0	0	0
ENSPNYG00000004115	3	1	1
ENSPNYG00000004116	0	0	0
ENSPNYG00000004117	95	377	260
ENSPNYG00000004118	12	23	14
ENSPNYG00000004119	13	10	15
ENSPNYG00000004120	1	0	0
ENSPNYG00000004121	3	15	7
ENSPNYG00000004122	34	61	46
ENSPNYG00000004123	0	0	0
ENSPNYG00000004124	3	12	5
ENSPNYG00000004125	0	0	2
ENSPNYG00000004126	0	0	0
ENSPNYG00000004127	0	0	0
ENSPNYG00000004128	226	153	168
ENSPNYG00000004129	0	0	1
ENSPNYG00000004130	9	4	7
ENSPNYG00000004131	0	0	0
ENSPNYG00000004132	5	5	8
ENSPNYG00000004133	5	3	6
ENSPNYG00000004134	9	6	8
ENSPNYG00000004135	0	1	2
ENSPNYG00000004136	22	7	22
ENSPNYG00000004137	7	10	6
ENSPNYG00000004138	0	2	3
ENSPNYG00000004139	84	88	86
ENSPNYG00000004140	5	1	4
ENSPNYG00000004141	0	0	0
ENSPNYG00000004142	0	0	0
ENSPNYG00000004143	0	1	0
ENSPNYG00000004144	4	5	2
ENSPNYG00000004145	0	2	1
ENSPNYG00000004146	0	0	0
ENSPNYG00000004147	0	0	2
ENSPNYG00000004148	468	272	344
ENSPNYG00000004149	1	0	2
ENSPNYG00000004150	0	0	1
ENSPNYG00000004151	1	0	0
ENSPNYG00000004152	0	0	0
ENSPNYG00000004153	2	5	9
ENSPNYG00000004154	13	39	37
ENSPNYG00000004155	0	0	0
ENSPNYG00000004156	0	0	1
ENSPNYG00000004157	2	0	1
ENSPNYG00000004158	1	5	4
ENSPNYG00000004159	0	0	0
ENSPNYG00000004160	0	0	0
ENSPNYG00000004161	0	0	0
ENSPNYG00000004162	0	0	0
ENSPNYG00000004163	0	0	0
ENSPNYG00000004164	5	1	1
ENSPNYG00000004165	0	2	1
ENSPNYG00000004166	0	0	0
ENSPNYG00000004167	5	1	2
ENSPNYG00000004168	1	4	0
ENSPNYG00000004169	0	0	0
ENSPNYG00000004170	2	7	11
ENSPNYG00000004171	2	3	2
ENSPNYG00000004172	0	0	0
ENSPNYG00000004173	1	0	1
ENSPNYG00000004174	1	2	0
ENSPNYG00000004175	0	0	0
ENSPNYG00000004176	1	0	0
ENSPNYG00000004177	2	0	0
ENSPNYG00000004178	6	4	8
ENSPNYG00000004179	0	0	0
ENSPNYG00000004180	5	4	1
ENSPNYG00000004181	5	2	4
ENSPNYG00000004182	0	0	0
ENSPNYG00000004183	3	0	6
ENSPNYG00000004184	2	0	0
ENSPNYG00000004185	0	0	0
ENSPNYG00000004186	3	2	3
ENSPNYG00000004187	1	1	0
ENSPNYG00000004188	0	0	0
ENSPNYG00000004189	0	4	0
ENSPNYG00000004190	0	0	1
ENSPNYG00000004191	2	0	0
ENSPNYG00000004192	1	7	2
ENSPNYG00000004193	0	1	0
ENSPNYG00000004194	3	2	10
ENSPNYG00000004195	0	0	2
ENSPNYG00000004196	0	0	0
ENSPNYG00000004197	0	0	0
ENSPNYG00000004198	1	2	0
ENSPNYG00000004199	0	2	0
ENSPNYG00000004200	0	0	1
ENSPNYG00000004201	0	0	0
ENSPNYG00000004202	0	0	0
ENSPNYG00000004203	12	13	17
ENSPNYG00000004204	1	0	0
ENSPNYG00000004205	0	0	0
ENSPNYG00000004206	22	7	29
ENSPNYG00000004207	4	0	11
ENSPNYG00000004208	3	1	9
ENSPNYG00000004209	0	0	0
ENSPNYG00000004210	0	0	1
ENSPNYG00000004211	45	6	11
ENSPNYG00000004212	2	0	0
ENSPNYG00000004213	0	3	0
ENSPNYG00000004214	1	1	0
ENSPNYG00000004215	3	2	3
ENSPNYG00000004216	0	0	0
ENSPNYG00000004217	2	0	1
ENSPNYG00000004218	7	2	3
ENSPNYG00000004219	0	3	0
ENSPNYG00000004220	1	9	7
ENSPNYG00000004221	2	0	0
ENSPNYG00000004222	0	0	0
ENSPNYG00000004223	0	0	0
ENSPNYG00000004224	0	1	0
ENSPNYG00000004225	1	0	0
ENSPNYG00000004226	0	0	1
ENSPNYG00000004227	0	3	7
ENSPNYG00000004228	0	1	0
ENSPNYG00000004229	20	8	7
ENSPNYG00000004230	0	0	0
ENSPNYG00000004231	6	4	13
ENSPNYG00000004232	5	6	9
ENSPNYG00000004233	0	0	0
ENSPNYG00000004234	7	14	6
ENSPNYG00000004235	40	45	35
ENSPNYG00000004236	0	0	4
ENSPNYG00000004237	2	1	3
ENSPNYG00000004238	6	1	2
ENSPNYG00000004239	0	0	0
ENSPNYG00000004240	0	1	4
ENSPNYG00000004241	0	0	0
ENSPNYG00000004242	0	0	0
ENSPNYG00000004243	11	3	9
ENSPNYG00000004244	0	0	0
ENSPNYG00000004245	0	2	0
ENSPNYG00000004246	0	0	0
ENSPNYG00000004247	6	9	14
ENSPNYG00000004248	13	2	5
ENSPNYG00000004249	40	28	18
ENSPNYG00000004250	16	0	5
ENSPNYG00000004251	0	0	0
ENSPNYG00000004252	1	6	4
ENSPNYG00000004253	0	3	2
ENSPNYG00000004254	0	0	0
ENSPNYG00000004255	1	0	0
ENSPNYG00000004256	5	3	4
ENSPNYG00000004257	3	0	4
ENSPNYG00000004258	4	1	2
ENSPNYG00000004259	0	0	0
ENSPNYG00000004260	0	0	0
ENSPNYG00000004261	12	13	9
ENSPNYG00000004262	1	2	1
ENSPNYG00000004263	0	0	0
ENSPNYG00000004264	0	0	0
ENSPNYG00000004265	2	3	3
ENSPNYG00000004266	0	0	0
ENSPNYG00000004267	3	0	0
ENSPNYG00000004268	0	0	0
ENSPNYG00000004269	0	4	0
ENSPNYG00000004270	0	0	0
ENSPNYG00000004271	0	1	1
ENSPNYG00000004272	16	5	26
ENSPNYG00000004273	7	4	7
ENSPNYG00000004274	2	1	2
ENSPNYG00000004275	0	0	0
ENSPNYG00000004276	2	0	0
ENSPNYG00000004277	0	0	0
ENSPNYG00000004278	5	3	0
ENSPNYG00000004279	2	2	1
ENSPNYG00000004280	0	1	0
ENSPNYG00000004281	1	3	0
ENSPNYG00000004282	2	2	1
ENSPNYG00000004283	0	27	5
ENSPNYG00000004284	1	8	2
ENSPNYG00000004285	0	0	0
ENSPNYG00000004286	15	11	12
ENSPNYG00000004287	0	0	0
ENSPNYG00000004288	0	2	4
ENSPNYG00000004289	0	0	0
ENSPNYG00000004290	3	0	0
ENSPNYG00000004291	2	6	5
ENSPNYG00000004292	0	0	0
ENSPNYG00000004293	0	0	0
ENSPNYG00000004294	0	0	0
ENSPNYG00000004295	0	0	0
ENSPNYG00000004296	2	3	2
ENSPNYG00000004297	4	1	4
ENSPNYG00000004298	0	3	10
ENSPNYG00000004299	15	4	10
ENSPNYG00000004300	26	20	36
ENSPNYG00000004301	0	0	0
ENSPNYG00000004302	0	0	2
ENSPNYG00000004303	737	673	1072
ENSPNYG00000004304	1	1	2
ENSPNYG00000004305	0	0	0
ENSPNYG00000004306	10	10	18
ENSPNYG00000004307	1	10	11
ENSPNYG00000004308	0	0	0
ENSPNYG00000004309	0	0	0
ENSPNYG00000004310	3	2	1
ENSPNYG00000004311	0	0	1
ENSPNYG00000004312	0	4	0
ENSPNYG00000004313	1	0	0
ENSPNYG00000004314	0	1	0
ENSPNYG00000004315	14	4	10
ENSPNYG00000004316	2	0	1
ENSPNYG00000004317	6	3	9
ENSPNYG00000004318	0	0	0
ENSPNYG00000004319	4	5	3
ENSPNYG00000004320	0	0	0
ENSPNYG00000004321	0	0	0
ENSPNYG00000004322	0	1	4
ENSPNYG00000004323	1	0	2
ENSPNYG00000004324	10	6	13
ENSPNYG00000004325	0	0	0
ENSPNYG00000004326	0	0	0
ENSPNYG00000004327	0	0	0
ENSPNYG00000004328	0	0	1
ENSPNYG00000004329	1	1	1
ENSPNYG00000004330	0	1	0
ENSPNYG00000004331	0	0	2
ENSPNYG00000004332	0	0	0
ENSPNYG00000004333	0	0	0
ENSPNYG00000004334	0	0	0
ENSPNYG00000004335	0	0	0
ENSPNYG00000004336	0	0	0
ENSPNYG00000004337	0	0	0
ENSPNYG00000004338	0	0	0
ENSPNYG00000004339	0	0	0
ENSPNYG00000004340	0	0	0
ENSPNYG00000004341	4	5	3
ENSPNYG00000004342	0	0	0
ENSPNYG00000004343	0	0	0
ENSPNYG00000004344	0	0	0
ENSPNYG00000004345	0	0	1
ENSPNYG00000004346	41	57	127
ENSPNYG00000004347	4	2	1
ENSPNYG00000004348	27	35	37
ENSPNYG00000004349	0	0	0
ENSPNYG00000004350	3	10	3
ENSPNYG00000004351	3	1	1
ENSPNYG00000004352	0	1	11
ENSPNYG00000004353	0	0	0
ENSPNYG00000004354	0	0	0
ENSPNYG00000004355	3	0	4
ENSPNYG00000004356	0	0	0
ENSPNYG00000004357	0	0	1
ENSPNYG00000004358	1	0	2
ENSPNYG00000004359	0	0	0
ENSPNYG00000004360	1	4	0
ENSPNYG00000004361	2	1	3
ENSPNYG00000004362	7	3	12
ENSPNYG00000004363	1	0	2
ENSPNYG00000004364	6	6	11
ENSPNYG00000004365	5	10	16
ENSPNYG00000004366	1	0	0
ENSPNYG00000004367	0	0	0
ENSPNYG00000004368	12	11	9
ENSPNYG00000004369	425	247	368
ENSPNYG00000004370	0	2	0
ENSPNYG00000004371	0	0	0
ENSPNYG00000004372	0	1	3
ENSPNYG00000004373	0	0	0
ENSPNYG00000004374	1	3	2
ENSPNYG00000004375	1	0	0
ENSPNYG00000004376	0	0	0
ENSPNYG00000004377	0	0	0
ENSPNYG00000004378	0	0	1
ENSPNYG00000004379	9	2	13
ENSPNYG00000004380	0	2	3
ENSPNYG00000004381	0	0	0
ENSPNYG00000004382	0	0	0
ENSPNYG00000004383	1	1	0
ENSPNYG00000004384	10	12	18
ENSPNYG00000004385	5	1	1
ENSPNYG00000004386	18	29	57
ENSPNYG00000004387	0	0	0
ENSPNYG00000004388	0	0	0
ENSPNYG00000004389	1	4	3
ENSPNYG00000004390	1	3	2
ENSPNYG00000004391	0	0	0
ENSPNYG00000004392	3	0	2
ENSPNYG00000004393	1	0	0
ENSPNYG00000004394	0	1	2
ENSPNYG00000004395	1	1	0
ENSPNYG00000004396	1	0	0
ENSPNYG00000004397	0	0	0
ENSPNYG00000004398	6	0	0
ENSPNYG00000004399	23	17	29
ENSPNYG00000004400	0	0	2
ENSPNYG00000004401	0	3	0
ENSPNYG00000004402	25	27	24
ENSPNYG00000004403	9	6	3
ENSPNYG00000004404	1	0	0
ENSPNYG00000004405	1230	690	1087
ENSPNYG00000004406	0	0	0
ENSPNYG00000004407	0	0	0
ENSPNYG00000004408	18	7	13
ENSPNYG00000004409	0	0	0
ENSPNYG00000004410	68	19	19
ENSPNYG00000004411	1	11	11
ENSPNYG00000004412	4	0	0
ENSPNYG00000004413	2	2	2
ENSPNYG00000004414	0	0	5
ENSPNYG00000004415	5	0	1
ENSPNYG00000004416	25	11	21
ENSPNYG00000004417	0	0	0
ENSPNYG00000004418	2	2	0
ENSPNYG00000004419	1	0	0
ENSPNYG00000004420	0	0	0
ENSPNYG00000004421	4	0	5
ENSPNYG00000004422	0	0	0
ENSPNYG00000004423	0	0	0
ENSPNYG00000004424	0	0	0
ENSPNYG00000004425	147	133	236
ENSPNYG00000004426	2	1	1
ENSPNYG00000004427	0	0	0
ENSPNYG00000004428	82	1	15
ENSPNYG00000004429	0	0	0
ENSPNYG00000004430	0	0	0
ENSPNYG00000004431	0	0	2
ENSPNYG00000004432	0	0	1
ENSPNYG00000004433	4	3	5
ENSPNYG00000004434	0	0	0
ENSPNYG00000004435	1280	817	879
ENSPNYG00000004436	0	1	1
ENSPNYG00000004437	1	0	1
ENSPNYG00000004438	0	0	0
ENSPNYG00000004439	0	1	2
ENSPNYG00000004440	11	5	6
ENSPNYG00000004441	0	1	0
ENSPNYG00000004442	3772	2057	7474
ENSPNYG00000004443	0	2	4
ENSPNYG00000004444	5	3	5
ENSPNYG00000004445	22	3	5
ENSPNYG00000004446	0	0	0
ENSPNYG00000004447	1	0	2
ENSPNYG00000004448	0	0	0
ENSPNYG00000004449	0	0	0
ENSPNYG00000004450	11	10	3
ENSPNYG00000004451	0	0	0
ENSPNYG00000004452	2	1	0
ENSPNYG00000004453	37	32	37
ENSPNYG00000004454	0	0	0
ENSPNYG00000004455	0	0	0
ENSPNYG00000004456	0	0	0
ENSPNYG00000004457	0	0	0
ENSPNYG00000004458	13	3	1
ENSPNYG00000004459	4	1	0
ENSPNYG00000004460	0	0	0
ENSPNYG00000004461	0	0	0
ENSPNYG00000004462	0	0	0
ENSPNYG00000004463	23	9	16
ENSPNYG00000004464	2	0	0
ENSPNYG00000004465	2	1	2
ENSPNYG00000004466	0	2	0
ENSPNYG00000004467	0	0	0
ENSPNYG00000004468	14	7	12
ENSPNYG00000004469	9	17	14
ENSPNYG00000004470	0	0	0
ENSPNYG00000004471	0	0	0
ENSPNYG00000004472	0	0	1
ENSPNYG00000004473	2	1	2
ENSPNYG00000004474	1	1	0
ENSPNYG00000004475	0	0	0
ENSPNYG00000004476	1	0	0
ENSPNYG00000004477	0	0	0
ENSPNYG00000004478	0	0	0
ENSPNYG00000004479	0	0	3
ENSPNYG00000004480	159	116	142
ENSPNYG00000004481	5	1	4
ENSPNYG00000004482	0	0	0
ENSPNYG00000004483	1	13	0
ENSPNYG00000004484	0	0	0
ENSPNYG00000004485	9	6	7
ENSPNYG00000004486	352	328	515
ENSPNYG00000004487	9	5	9
ENSPNYG00000004488	0	0	0
ENSPNYG00000004489	221	311	359
ENSPNYG00000004490	0	0	0
ENSPNYG00000004491	7	5	5
ENSPNYG00000004492	0	0	0
ENSPNYG00000004493	0	0	0
ENSPNYG00000004494	0	0	1
ENSPNYG00000004495	0	0	0
ENSPNYG00000004496	0	0	1
ENSPNYG00000004497	0	0	0
ENSPNYG00000004498	14843	13158	13621
ENSPNYG00000004499	1	0	0
ENSPNYG00000004500	0	1	1
ENSPNYG00000004501	0	3	0
ENSPNYG00000004502	3	2	7
ENSPNYG00000004503	0	0	0
ENSPNYG00000004504	0	0	0
ENSPNYG00000004505	4	0	2
ENSPNYG00000004506	0	0	0
ENSPNYG00000004507	5	16	5
ENSPNYG00000004508	4	0	8
ENSPNYG00000004509	0	3	0
ENSPNYG00000004510	32	26	34
ENSPNYG00000004511	5	3	1
ENSPNYG00000004512	0	0	0
ENSPNYG00000004513	2	0	0
ENSPNYG00000004514	0	0	0
ENSPNYG00000004515	0	0	0
ENSPNYG00000004516	1	0	1
ENSPNYG00000004517	537	430	677
ENSPNYG00000004518	4	0	3
ENSPNYG00000004519	3	0	0
ENSPNYG00000004520	2048	1746	1807
ENSPNYG00000004521	0	0	0
ENSPNYG00000004522	0	0	0
ENSPNYG00000004523	3	1	3
ENSPNYG00000004524	0	2	1
ENSPNYG00000004525	0	0	0
ENSPNYG00000004526	6	5	2
ENSPNYG00000004527	3	3	4
ENSPNYG00000004528	2	0	0
ENSPNYG00000004529	2	1	2
ENSPNYG00000004530	4	12	7
ENSPNYG00000004531	0	0	0
ENSPNYG00000004532	0	0	0
ENSPNYG00000004533	11	5	3
ENSPNYG00000004534	2	1	2
ENSPNYG00000004535	5	1	9
ENSPNYG00000004536	0	0	0
ENSPNYG00000004537	0	2	0
ENSPNYG00000004538	9	2	4
ENSPNYG00000004539	0	2	0
ENSPNYG00000004540	3	0	1
ENSPNYG00000004541	0	0	0
ENSPNYG00000004542	8	2	3
ENSPNYG00000004543	2	3	4
ENSPNYG00000004544	1	2	0
ENSPNYG00000004545	0	0	0
ENSPNYG00000004546	0	0	0
ENSPNYG00000004547	0	0	0
ENSPNYG00000004548	9	2	1
ENSPNYG00000004549	0	0	0
ENSPNYG00000004550	175	109	179
ENSPNYG00000004551	1	1	3
ENSPNYG00000004552	7	3	2
ENSPNYG00000004553	0	0	0
ENSPNYG00000004554	3257	3717	3151
ENSPNYG00000004555	0	0	1
ENSPNYG00000004556	2	2	3
ENSPNYG00000004557	3	0	0
ENSPNYG00000004558	0	0	0
ENSPNYG00000004559	12	5	7
ENSPNYG00000004560	1602	1908	1752
ENSPNYG00000004561	0	0	1
ENSPNYG00000004562	0	0	0
ENSPNYG00000004563	2	2	3
ENSPNYG00000004564	0	0	0
ENSPNYG00000004565	1	0	0
ENSPNYG00000004566	2923	1916	2156
ENSPNYG00000004567	0	0	0
ENSPNYG00000004568	1	1	2
ENSPNYG00000004569	0	0	0
ENSPNYG00000004570	0	0	0
ENSPNYG00000004571	0	0	0
ENSPNYG00000004572	2	0	0
ENSPNYG00000004573	0	0	0
ENSPNYG00000004574	0	0	0
ENSPNYG00000004575	0	0	0
ENSPNYG00000004576	0	2	0
ENSPNYG00000004577	1	2	0
ENSPNYG00000004578	2	0	1
ENSPNYG00000004579	0	0	0
ENSPNYG00000004580	0	0	0
ENSPNYG00000004581	1	3	0
ENSPNYG00000004582	0	0	0
ENSPNYG00000004583	0	0	2
ENSPNYG00000004584	1	0	0
ENSPNYG00000004585	0	2	0
ENSPNYG00000004586	20	29	9
ENSPNYG00000004587	0	0	0
ENSPNYG00000004588	1	3	6
ENSPNYG00000004589	0	3	2
ENSPNYG00000004590	3	1	0
ENSPNYG00000004591	4	7	4
ENSPNYG00000004592	0	0	0
ENSPNYG00000004593	0	0	0
ENSPNYG00000004594	0	0	0
ENSPNYG00000004595	4	1	4
ENSPNYG00000004596	175	158	470
ENSPNYG00000004597	7	6	5
ENSPNYG00000004598	0	0	0
ENSPNYG00000004599	0	1	0
ENSPNYG00000004600	1	1	3
ENSPNYG00000004601	0	0	0
ENSPNYG00000004602	1	3	1
ENSPNYG00000004603	3	7	2
ENSPNYG00000004604	1	0	1
ENSPNYG00000004605	0	0	0
ENSPNYG00000004606	10	11	6
ENSPNYG00000004607	1	4	5
ENSPNYG00000004608	0	0	0
ENSPNYG00000004609	0	0	0
ENSPNYG00000004610	4	1	7
ENSPNYG00000004611	0	1	2
ENSPNYG00000004612	0	0	0
ENSPNYG00000004613	2	1	0
ENSPNYG00000004614	1	1	1
ENSPNYG00000004615	3	2	4
ENSPNYG00000004616	31	9	24
ENSPNYG00000004617	0	3	4
ENSPNYG00000004618	2	1	0
ENSPNYG00000004619	0	4	0
ENSPNYG00000004620	7	3	4
ENSPNYG00000004621	0	0	1
ENSPNYG00000004622	0	0	0
ENSPNYG00000004623	0	0	0
ENSPNYG00000004624	15	31	6
ENSPNYG00000004625	0	0	0
ENSPNYG00000004626	0	4	5
ENSPNYG00000004627	0	0	0
ENSPNYG00000004628	0	0	0
ENSPNYG00000004629	2	1	1
ENSPNYG00000004630	1	0	0
ENSPNYG00000004631	0	2	2
ENSPNYG00000004632	0	1	0
ENSPNYG00000004633	0	0	0
ENSPNYG00000004634	7	0	1
ENSPNYG00000004635	22	16	8
ENSPNYG00000004636	2	3	6
ENSPNYG00000004637	5	1	1
ENSPNYG00000004638	0	0	2
ENSPNYG00000004639	4	1	2
ENSPNYG00000004640	0	0	0
ENSPNYG00000004641	0	0	0
ENSPNYG00000004642	0	2	0
ENSPNYG00000004643	0	0	0
ENSPNYG00000004644	3	6	1
ENSPNYG00000004645	0	1	0
ENSPNYG00000004646	4	0	0
ENSPNYG00000004647	0	2	0
ENSPNYG00000004648	77	56	50
ENSPNYG00000004649	1	3	0
ENSPNYG00000004650	14	12	8
ENSPNYG00000004651	1	0	0
ENSPNYG00000004652	2	2	5
ENSPNYG00000004653	0	0	0
ENSPNYG00000004654	0	1	0
ENSPNYG00000004655	0	0	0
ENSPNYG00000004656	0	1	0
ENSPNYG00000004657	3	2	2
ENSPNYG00000004658	0	0	0
ENSPNYG00000004659	0	1	3
ENSPNYG00000004660	1	1	2
ENSPNYG00000004661	48	78	60
ENSPNYG00000004662	1	8	3
ENSPNYG00000004663	24	20	21
ENSPNYG00000004664	1	4	0
ENSPNYG00000004665	0	0	0
ENSPNYG00000004666	0	0	0
ENSPNYG00000004667	0	0	0
ENSPNYG00000004668	1	0	0
ENSPNYG00000004669	5	4	1
ENSPNYG00000004670	5	10	8
ENSPNYG00000004671	0	0	0
ENSPNYG00000004672	13	106	88
ENSPNYG00000004673	12	4	7
ENSPNYG00000004674	0	0	2
ENSPNYG00000004675	0	0	0
ENSPNYG00000004676	2	1	3
ENSPNYG00000004677	0	0	0
ENSPNYG00000004678	1	4	5
ENSPNYG00000004679	0	0	0
ENSPNYG00000004680	0	0	0
ENSPNYG00000004681	9	3	8
ENSPNYG00000004682	0	1	0
ENSPNYG00000004683	106	53	52
ENSPNYG00000004684	5	0	1
ENSPNYG00000004685	0	1	0
ENSPNYG00000004686	2	0	0
ENSPNYG00000004687	0	0	0
ENSPNYG00000004688	2	0	0
ENSPNYG00000004689	7	13	57
ENSPNYG00000004690	0	0	0
ENSPNYG00000004691	976	728	538
ENSPNYG00000004692	0	0	0
ENSPNYG00000004693	3	1	2
ENSPNYG00000004694	0	1	0
ENSPNYG00000004695	1	0	0
ENSPNYG00000004696	1	3	3
ENSPNYG00000004697	0	0	0
ENSPNYG00000004698	4	10	9
ENSPNYG00000004699	0	0	0
ENSPNYG00000004700	0	0	0
ENSPNYG00000004701	0	0	0
ENSPNYG00000004702	36	12	32
ENSPNYG00000004703	0	0	0
ENSPNYG00000004704	3	10	8
ENSPNYG00000004705	9	29	28
ENSPNYG00000004706	1	1	3
ENSPNYG00000004707	1	0	0
ENSPNYG00000004708	0	2	0
ENSPNYG00000004709	4	0	0
ENSPNYG00000004710	1	2	7
ENSPNYG00000004711	0	0	0
ENSPNYG00000004712	0	0	0
ENSPNYG00000004713	5	1	2
ENSPNYG00000004714	1	1	0
ENSPNYG00000004715	11	8	4
ENSPNYG00000004716	0	0	0
ENSPNYG00000004717	0	0	0
ENSPNYG00000004718	2	0	1
ENSPNYG00000004719	0	0	3
ENSPNYG00000004720	0	0	0
ENSPNYG00000004721	0	0	0
ENSPNYG00000004722	3	2	2
ENSPNYG00000004723	0	1	1
ENSPNYG00000004724	2	5	1
ENSPNYG00000004725	11	18	14
ENSPNYG00000004726	81	70	69
ENSPNYG00000004727	0	1	0
ENSPNYG00000004728	1	1	0
ENSPNYG00000004729	1	3	1
ENSPNYG00000004730	0	0	1
ENSPNYG00000004731	0	0	0
ENSPNYG00000004732	1	2	0
ENSPNYG00000004733	0	0	0
ENSPNYG00000004734	0	0	0
ENSPNYG00000004735	33	32	18
ENSPNYG00000004736	9	0	0
ENSPNYG00000004737	0	0	1
ENSPNYG00000004738	3	0	2
ENSPNYG00000004739	0	2	2
ENSPNYG00000004740	0	0	0
ENSPNYG00000004741	3	2	0
ENSPNYG00000004742	1	0	0
ENSPNYG00000004743	0	3	0
ENSPNYG00000004744	0	0	0
ENSPNYG00000004745	0	0	1
ENSPNYG00000004746	0	0	0
ENSPNYG00000004747	0	0	0
ENSPNYG00000004748	102	39	65
ENSPNYG00000004749	0	1	0
ENSPNYG00000004750	5	1	10
ENSPNYG00000004751	4	4	1
ENSPNYG00000004752	0	0	0
ENSPNYG00000004753	0	0	0
ENSPNYG00000004754	0	0	0
ENSPNYG00000004755	0	0	0
ENSPNYG00000004756	174	143	156
ENSPNYG00000004757	8	12	14
ENSPNYG00000004758	4	2	5
ENSPNYG00000004759	1	1	2
ENSPNYG00000004760	1	1	2
ENSPNYG00000004761	0	0	0
ENSPNYG00000004762	0	0	0
ENSPNYG00000004763	3	1	3
ENSPNYG00000004764	1334	1246	1328
ENSPNYG00000004765	0	0	0
ENSPNYG00000004766	0	3	1
ENSPNYG00000004767	405	344	329
ENSPNYG00000004768	61	32	20
ENSPNYG00000004769	2	3	1
ENSPNYG00000004770	35	17	27
ENSPNYG00000004771	1	0	0
ENSPNYG00000004772	20	13	39
ENSPNYG00000004773	1125	971	964
ENSPNYG00000004774	46	34	40
ENSPNYG00000004775	729	439	903
ENSPNYG00000004776	3	6	6
ENSPNYG00000004777	0	6	5
ENSPNYG00000004778	0	0	0
ENSPNYG00000004779	0	0	1
ENSPNYG00000004780	0	1	1
ENSPNYG00000004781	35	21	27
ENSPNYG00000004782	0	0	0
ENSPNYG00000004783	2	4	0
ENSPNYG00000004784	2924	2400	1701
ENSPNYG00000004785	0	0	0
ENSPNYG00000004786	1	0	0
ENSPNYG00000004787	0	0	0
ENSPNYG00000004788	0	0	0
ENSPNYG00000004789	0	0	0
ENSPNYG00000004790	1	0	1
ENSPNYG00000004791	2	0	0
ENSPNYG00000004792	3	0	1
ENSPNYG00000004793	6	3	7
ENSPNYG00000004794	4	1	1
ENSPNYG00000004795	3	1	3
ENSPNYG00000004796	2	4	2
ENSPNYG00000004797	1	0	1
ENSPNYG00000004798	10	6	6
ENSPNYG00000004799	0	0	0
ENSPNYG00000004800	0	1	0
ENSPNYG00000004801	0	0	0
ENSPNYG00000004802	393	283	568
ENSPNYG00000004803	507	1129	713
ENSPNYG00000004804	0	0	0
ENSPNYG00000004805	0	0	0
ENSPNYG00000004806	17	4	5
ENSPNYG00000004807	3	1	1
ENSPNYG00000004808	0	0	0
ENSPNYG00000004809	0	0	0
ENSPNYG00000004810	13	5	10
ENSPNYG00000004811	24	7	11
ENSPNYG00000004812	0	0	0
ENSPNYG00000004813	0	0	0
ENSPNYG00000004814	0	0	1
ENSPNYG00000004815	6	0	3
ENSPNYG00000004816	12	7	2
ENSPNYG00000004817	2	0	1
ENSPNYG00000004818	0	0	0
ENSPNYG00000004819	0	0	0
ENSPNYG00000004820	1	0	0
ENSPNYG00000004821	12	6	5
ENSPNYG00000004822	362	205	420
ENSPNYG00000004823	1	0	1
ENSPNYG00000004824	4	1	0
ENSPNYG00000004825	6	9	8
ENSPNYG00000004826	1	1	1
ENSPNYG00000004827	579	741	639
ENSPNYG00000004828	2	0	2
ENSPNYG00000004829	6	1	2
ENSPNYG00000004830	4	3	1
ENSPNYG00000004831	0	1	2
ENSPNYG00000004832	0	0	0
ENSPNYG00000004833	0	0	0
ENSPNYG00000004834	0	0	0
ENSPNYG00000004835	0	0	0
ENSPNYG00000004836	15	31	49
ENSPNYG00000004837	4	14	21
ENSPNYG00000004838	0	0	0
ENSPNYG00000004839	2	5	8
ENSPNYG00000004840	0	1	0
ENSPNYG00000004841	0	0	0
ENSPNYG00000004842	146	150	423
ENSPNYG00000004843	1	5	5
ENSPNYG00000004844	0	1	0
ENSPNYG00000004845	2	12	0
ENSPNYG00000004846	2	0	0
ENSPNYG00000004847	2	1	0
ENSPNYG00000004848	0	1	0
ENSPNYG00000004849	0	0	0
ENSPNYG00000004850	22	8	9
ENSPNYG00000004851	3	5	0
ENSPNYG00000004852	2	0	0
ENSPNYG00000004853	0	1	0
ENSPNYG00000004854	13	16	19
ENSPNYG00000004855	0	0	0
ENSPNYG00000004856	0	0	0
ENSPNYG00000004857	22	47	73
ENSPNYG00000004858	0	0	0
ENSPNYG00000004859	0	0	0
ENSPNYG00000004860	2	6	5
ENSPNYG00000004861	0	0	2
ENSPNYG00000004862	0	0	0
ENSPNYG00000004863	22	10	7
ENSPNYG00000004864	1	2	0
ENSPNYG00000004865	0	0	1
ENSPNYG00000004866	1	0	0
ENSPNYG00000004867	10	0	7
ENSPNYG00000004868	0	0	0
ENSPNYG00000004869	4	3	5
ENSPNYG00000004870	3752	7616	8622
ENSPNYG00000004871	63	47	32
ENSPNYG00000004872	1	4	3
ENSPNYG00000004873	771	712	668
ENSPNYG00000004874	3	4	4
ENSPNYG00000004875	0	0	0
ENSPNYG00000004876	2	0	1
ENSPNYG00000004877	0	0	0
ENSPNYG00000004878	321	323	561
ENSPNYG00000004879	8	1	0
ENSPNYG00000004880	2	3	1
ENSPNYG00000004881	5	2	2
ENSPNYG00000004882	6	5	3
ENSPNYG00000004883	0	0	0
ENSPNYG00000004884	447	737	1230
ENSPNYG00000004885	0	0	0
ENSPNYG00000004886	0	0	0
ENSPNYG00000004887	3	0	4
ENSPNYG00000004888	0	0	0
ENSPNYG00000004889	0	1	2
ENSPNYG00000004890	0	0	0
ENSPNYG00000004891	0	0	0
ENSPNYG00000004892	3	4	1
ENSPNYG00000004893	5	15	32
ENSPNYG00000004894	0	0	0
ENSPNYG00000004895	5	3	8
ENSPNYG00000004896	5	8	1
ENSPNYG00000004897	0	1	0
ENSPNYG00000004898	1	1	0
ENSPNYG00000004899	3	1	5
ENSPNYG00000004900	7	9	5
ENSPNYG00000004901	17	13	16
ENSPNYG00000004902	0	0	0
ENSPNYG00000004903	2	4	2
ENSPNYG00000004904	0	0	0
ENSPNYG00000004905	0	0	0
ENSPNYG00000004906	7	0	1
ENSPNYG00000004907	6	1	0
ENSPNYG00000004908	0	0	0
ENSPNYG00000004909	1	1	3
ENSPNYG00000004910	0	0	5
ENSPNYG00000004911	0	0	0
ENSPNYG00000004912	0	1	1
ENSPNYG00000004913	0	0	0
ENSPNYG00000004914	2	0	4
ENSPNYG00000004915	0	0	0
ENSPNYG00000004916	0	0	2
ENSPNYG00000004917	86	3	11
ENSPNYG00000004918	0	0	4
ENSPNYG00000004919	1	3	0
ENSPNYG00000004920	0	0	0
ENSPNYG00000004921	3	12	9
ENSPNYG00000004922	1	0	0
ENSPNYG00000004923	0	0	0
ENSPNYG00000004924	0	0	0
ENSPNYG00000004925	2	0	0
ENSPNYG00000004926	9	4	2
ENSPNYG00000004927	5	0	1
ENSPNYG00000004928	3	0	2
ENSPNYG00000004929	0	0	2
ENSPNYG00000004930	0	0	0
ENSPNYG00000004931	6	7	12
ENSPNYG00000004932	0	1	0
ENSPNYG00000004933	1	0	0
ENSPNYG00000004934	0	0	1
ENSPNYG00000004935	26	17	12
ENSPNYG00000004936	0	0	0
ENSPNYG00000004937	0	2	1
ENSPNYG00000004938	2	0	0
ENSPNYG00000004939	0	0	0
ENSPNYG00000004940	0	0	0
ENSPNYG00000004941	0	0	0
ENSPNYG00000004942	35	30	61
ENSPNYG00000004943	2	0	0
ENSPNYG00000004944	0	1	0
ENSPNYG00000004945	0	0	0
ENSPNYG00000004946	0	0	0
ENSPNYG00000004947	3	4	6
ENSPNYG00000004948	0	0	1
ENSPNYG00000004949	0	0	0
ENSPNYG00000004950	3	3	7
ENSPNYG00000004951	0	0	0
ENSPNYG00000004952	0	0	0
ENSPNYG00000004953	7	4	21
ENSPNYG00000004954	20	1	5
ENSPNYG00000004955	0	5	6
ENSPNYG00000004956	0	0	0
ENSPNYG00000004957	6	3	2
ENSPNYG00000004958	0	1	1
ENSPNYG00000004959	3	3	4
ENSPNYG00000004960	0	0	0
ENSPNYG00000004961	7	13	3
ENSPNYG00000004962	0	1	1
ENSPNYG00000004963	1	1	2
ENSPNYG00000004964	25	15	27
ENSPNYG00000004965	0	0	0
ENSPNYG00000004966	0	0	0
ENSPNYG00000004967	2	1	5
ENSPNYG00000004968	1	0	0
ENSPNYG00000004969	404	290	271
ENSPNYG00000004970	6501	8022	6899
ENSPNYG00000004971	1	1	0
ENSPNYG00000004972	1	1	2
ENSPNYG00000004973	0	0	0
ENSPNYG00000004974	4	0	0
ENSPNYG00000004975	1	0	4
ENSPNYG00000004976	0	0	0
ENSPNYG00000004977	2	0	0
ENSPNYG00000004978	3	9	11
ENSPNYG00000004979	4	13	10
ENSPNYG00000004980	0	0	0
ENSPNYG00000004981	0	0	0
ENSPNYG00000004982	3	0	3
ENSPNYG00000004983	0	0	0
ENSPNYG00000004984	8	6	5
ENSPNYG00000004985	0	0	0
ENSPNYG00000004986	0	0	0
ENSPNYG00000004987	0	1	0
ENSPNYG00000004988	3	2	1
ENSPNYG00000004989	257	180	391
ENSPNYG00000004990	0	0	0
ENSPNYG00000004991	0	0	0
ENSPNYG00000004992	1	0	2
ENSPNYG00000004993	3	0	5
ENSPNYG00000004994	0	2	1
ENSPNYG00000004995	3	0	0
ENSPNYG00000004996	4	3	2
ENSPNYG00000004997	2	0	0
ENSPNYG00000004998	1	8	4
ENSPNYG00000004999	2	2	2
ENSPNYG00000005000	0	0	0
ENSPNYG00000005001	0	0	0
ENSPNYG00000005002	71	58	28
ENSPNYG00000005003	2	2	3
ENSPNYG00000005004	88	61	27
ENSPNYG00000005005	0	0	0
ENSPNYG00000005006	0	0	0
ENSPNYG00000005007	1	2	1
ENSPNYG00000005008	21	45	38
ENSPNYG00000005009	2	0	0
ENSPNYG00000005010	0	0	0
ENSPNYG00000005011	21	9	32
ENSPNYG00000005012	0	1	0
ENSPNYG00000005013	8	3	5
ENSPNYG00000005014	1	0	0
ENSPNYG00000005015	0	1	5
ENSPNYG00000005016	0	0	4
ENSPNYG00000005017	3	1	4
ENSPNYG00000005018	0	0	0
ENSPNYG00000005019	0	0	1
ENSPNYG00000005020	18	52	34
ENSPNYG00000005021	1	1	0
ENSPNYG00000005022	0	0	0
ENSPNYG00000005023	1	2	10
ENSPNYG00000005024	51	23	18
ENSPNYG00000005025	2	0	0
ENSPNYG00000005026	5	2	1
ENSPNYG00000005027	0	0	0
ENSPNYG00000005028	0	0	0
ENSPNYG00000005029	1	0	3
ENSPNYG00000005030	2	0	2
ENSPNYG00000005031	1	0	2
ENSPNYG00000005032	1	1	0
ENSPNYG00000005033	0	0	0
ENSPNYG00000005034	23	23	23
ENSPNYG00000005035	0	2	2
ENSPNYG00000005036	0	0	0
ENSPNYG00000005037	0	0	0
ENSPNYG00000005038	0	1	0
ENSPNYG00000005039	0	0	0
ENSPNYG00000005040	0	1	0
ENSPNYG00000005041	0	0	0
ENSPNYG00000005042	1	1	4
ENSPNYG00000005043	0	0	0
ENSPNYG00000005044	0	0	1
ENSPNYG00000005045	0	2	4
ENSPNYG00000005046	3	5	5
ENSPNYG00000005047	0	0	3
ENSPNYG00000005048	3	1	0
ENSPNYG00000005049	5	1	1
ENSPNYG00000005050	0	0	0
ENSPNYG00000005051	0	0	0
ENSPNYG00000005052	0	2	1
ENSPNYG00000005053	0	0	0
ENSPNYG00000005054	0	0	0
ENSPNYG00000005055	3	3	14
ENSPNYG00000005056	37	31	43
ENSPNYG00000005057	0	0	0
ENSPNYG00000005058	0	3	0
ENSPNYG00000005059	56	36	49
ENSPNYG00000005060	0	0	0
ENSPNYG00000005061	0	0	0
ENSPNYG00000005062	9	2	9
ENSPNYG00000005063	14	5	7
ENSPNYG00000005064	2	2	10
ENSPNYG00000005065	5	4	19
ENSPNYG00000005066	0	0	0
ENSPNYG00000005067	0	1	0
ENSPNYG00000005068	0	0	0
ENSPNYG00000005069	0	0	0
ENSPNYG00000005070	0	3	0
ENSPNYG00000005071	291	147	169
ENSPNYG00000005072	0	0	1
ENSPNYG00000005073	0	0	0
ENSPNYG00000005074	9	2	6
ENSPNYG00000005075	0	0	0
ENSPNYG00000005076	139	105	124
ENSPNYG00000005077	0	2	2
ENSPNYG00000005078	1	6	2
ENSPNYG00000005079	0	0	0
ENSPNYG00000005080	0	0	0
ENSPNYG00000005081	0	0	0
ENSPNYG00000005082	1	0	0
ENSPNYG00000005083	0	0	0
ENSPNYG00000005084	2	0	0
ENSPNYG00000005085	0	0	0
ENSPNYG00000005086	2	0	2
ENSPNYG00000005087	2	1	3
ENSPNYG00000005088	0	0	0
ENSPNYG00000005089	0	0	0
ENSPNYG00000005090	0	2	0
ENSPNYG00000005091	0	0	0
ENSPNYG00000005092	0	0	0
ENSPNYG00000005093	2	5	6
ENSPNYG00000005094	0	0	0
ENSPNYG00000005095	0	0	0
ENSPNYG00000005096	2	0	0
ENSPNYG00000005097	1	0	3
ENSPNYG00000005098	0	0	0
ENSPNYG00000005099	0	0	0
ENSPNYG00000005100	8	24	13
ENSPNYG00000005101	1	2	2
ENSPNYG00000005102	0	0	0
ENSPNYG00000005103	2	1	0
ENSPNYG00000005104	33	6	35
ENSPNYG00000005105	1	0	1
ENSPNYG00000005106	1	0	1
ENSPNYG00000005107	0	0	0
ENSPNYG00000005108	3	1	3
ENSPNYG00000005109	2	0	0
ENSPNYG00000005110	6	4	3
ENSPNYG00000005111	1	0	0
ENSPNYG00000005112	0	0	0
ENSPNYG00000005113	5	2	5
ENSPNYG00000005114	8	0	0
ENSPNYG00000005115	0	0	0
ENSPNYG00000005116	1	1	2
ENSPNYG00000005117	4	0	10
ENSPNYG00000005118	0	0	1
ENSPNYG00000005119	194	78	133
ENSPNYG00000005120	0	1	5
ENSPNYG00000005121	0	0	1
ENSPNYG00000005122	2	0	3
ENSPNYG00000005123	0	0	0
ENSPNYG00000005124	0	0	0
ENSPNYG00000005125	1	0	1
ENSPNYG00000005126	0	0	0
ENSPNYG00000005127	0	0	0
ENSPNYG00000005128	0	3	9
ENSPNYG00000005129	0	0	0
ENSPNYG00000005130	0	3	3
ENSPNYG00000005131	0	0	0
ENSPNYG00000005132	0	0	0
ENSPNYG00000005133	0	0	0
ENSPNYG00000005134	1	0	0
ENSPNYG00000005135	0	2	0
ENSPNYG00000005136	3	3	1
ENSPNYG00000005137	0	1	1
ENSPNYG00000005138	4	9	9
ENSPNYG00000005139	0	0	0
ENSPNYG00000005140	0	2	1
ENSPNYG00000005141	4	14	7
ENSPNYG00000005142	0	0	0
ENSPNYG00000005143	3	6	4
ENSPNYG00000005144	0	0	0
ENSPNYG00000005145	7	6	5
ENSPNYG00000005146	0	1	0
ENSPNYG00000005147	0	0	0
ENSPNYG00000005148	0	0	0
ENSPNYG00000005149	0	0	0
ENSPNYG00000005150	1	0	4
ENSPNYG00000005151	0	0	0
ENSPNYG00000005152	0	0	0
ENSPNYG00000005153	0	0	1
ENSPNYG00000005154	0	0	0
ENSPNYG00000005155	0	0	0
ENSPNYG00000005156	16	8	7
ENSPNYG00000005157	0	0	0
ENSPNYG00000005158	5	6	10
ENSPNYG00000005159	0	0	0
ENSPNYG00000005160	0	0	0
ENSPNYG00000005161	0	0	0
ENSPNYG00000005162	0	14	9
ENSPNYG00000005163	0	0	0
ENSPNYG00000005164	0	0	0
ENSPNYG00000005165	0	0	0
ENSPNYG00000005166	0	3	3
ENSPNYG00000005167	0	0	0
ENSPNYG00000005168	2	0	0
ENSPNYG00000005169	3	2	7
ENSPNYG00000005170	0	0	0
ENSPNYG00000005171	0	3	0
ENSPNYG00000005172	1	2	3
ENSPNYG00000005173	0	1	4
ENSPNYG00000005174	0	0	0
ENSPNYG00000005175	0	0	0
ENSPNYG00000005176	0	1	1
ENSPNYG00000005177	0	0	1
ENSPNYG00000005178	0	2	0
ENSPNYG00000005179	0	4	0
ENSPNYG00000005180	0	0	1
ENSPNYG00000005181	0	0	0
ENSPNYG00000005182	0	1	3
ENSPNYG00000005183	0	0	0
ENSPNYG00000005184	4	2	0
ENSPNYG00000005185	2	0	0
ENSPNYG00000005186	7	9	7
ENSPNYG00000005187	0	0	0
ENSPNYG00000005188	0	0	0
ENSPNYG00000005189	4	0	3
ENSPNYG00000005190	0	0	0
ENSPNYG00000005191	52	30	21
ENSPNYG00000005192	63	68	91
ENSPNYG00000005193	0	1	2
ENSPNYG00000005194	0	0	1
ENSPNYG00000005195	1	0	6
ENSPNYG00000005196	0	0	0
ENSPNYG00000005197	0	0	0
ENSPNYG00000005198	0	0	2
ENSPNYG00000005199	8	7	7
ENSPNYG00000005200	0	0	0
ENSPNYG00000005201	16	18	51
ENSPNYG00000005202	27	22	13
ENSPNYG00000005203	0	2	1
ENSPNYG00000005204	0	0	0
ENSPNYG00000005205	0	0	1
ENSPNYG00000005206	8	6	4
ENSPNYG00000005207	0	0	0
ENSPNYG00000005208	0	0	0
ENSPNYG00000005209	3	0	6
ENSPNYG00000005210	0	0	0
ENSPNYG00000005211	2	1	0
ENSPNYG00000005212	184	361	345
ENSPNYG00000005213	0	2	1
ENSPNYG00000005214	12	1	3
ENSPNYG00000005215	125	65	108
ENSPNYG00000005216	1	0	1
ENSPNYG00000005217	0	0	0
ENSPNYG00000005218	0	0	0
ENSPNYG00000005219	0	0	0
ENSPNYG00000005220	29	28	35
ENSPNYG00000005221	19	14	28
ENSPNYG00000005222	56	48	44
ENSPNYG00000005223	1	0	2
ENSPNYG00000005224	0	5	2
ENSPNYG00000005225	10	1	6
ENSPNYG00000005226	0	0	0
ENSPNYG00000005227	0	0	0
ENSPNYG00000005228	7	12	8
ENSPNYG00000005229	0	0	0
ENSPNYG00000005230	0	0	0
ENSPNYG00000005231	3	1	2
ENSPNYG00000005232	18	26	51
ENSPNYG00000005233	1	0	0
ENSPNYG00000005234	0	0	0
ENSPNYG00000005235	3	0	2
ENSPNYG00000005236	0	0	0
ENSPNYG00000005237	0	1	0
ENSPNYG00000005238	0	1	5
ENSPNYG00000005239	2	2	5
ENSPNYG00000005240	1	5	1
ENSPNYG00000005241	0	0	0
ENSPNYG00000005242	0	0	0
ENSPNYG00000005243	2	0	1
ENSPNYG00000005244	4	4	10
ENSPNYG00000005245	1	0	2
ENSPNYG00000005246	0	0	0
ENSPNYG00000005247	0	0	1
ENSPNYG00000005248	0	0	0
ENSPNYG00000005249	0	0	0
ENSPNYG00000005250	0	0	0
ENSPNYG00000005251	0	0	2
ENSPNYG00000005252	0	0	1
ENSPNYG00000005253	0	0	1
ENSPNYG00000005254	0	0	0
ENSPNYG00000005255	1	3	2
ENSPNYG00000005256	17	17	27
ENSPNYG00000005257	0	0	0
ENSPNYG00000005258	3	1	9
ENSPNYG00000005259	0	0	0
ENSPNYG00000005260	5	1	3
ENSPNYG00000005261	64	17	85
ENSPNYG00000005262	1	1	4
ENSPNYG00000005263	0	1	2
ENSPNYG00000005264	0	0	0
ENSPNYG00000005265	0	2	0
ENSPNYG00000005266	0	0	0
ENSPNYG00000005267	0	0	0
ENSPNYG00000005268	0	1	0
ENSPNYG00000005269	1025	673	576
ENSPNYG00000005270	3	1	0
ENSPNYG00000005271	0	0	0
ENSPNYG00000005272	0	0	0
ENSPNYG00000005273	1	4	5
ENSPNYG00000005274	1	1	3
ENSPNYG00000005275	0	1	0
ENSPNYG00000005276	0	3	2
ENSPNYG00000005277	2	0	2
ENSPNYG00000005278	12	5	5
ENSPNYG00000005279	0	0	0
ENSPNYG00000005280	16	26	88
ENSPNYG00000005281	10	7	6
ENSPNYG00000005282	2	0	1
ENSPNYG00000005283	0	0	0
ENSPNYG00000005284	1	2	6
ENSPNYG00000005285	73	78	63
ENSPNYG00000005286	0	0	0
ENSPNYG00000005287	8	3	9
ENSPNYG00000005288	2	0	0
ENSPNYG00000005289	0	7	9
ENSPNYG00000005290	10	3	10
ENSPNYG00000005291	0	0	1
ENSPNYG00000005292	1	0	0
ENSPNYG00000005293	1	0	0
ENSPNYG00000005294	121	137	145
ENSPNYG00000005295	0	0	0
ENSPNYG00000005296	1	1	0
ENSPNYG00000005297	349	664	431
ENSPNYG00000005298	5	1	0
ENSPNYG00000005299	0	0	0
ENSPNYG00000005300	13	6	5
ENSPNYG00000005301	0	2	0
ENSPNYG00000005302	32	28	26
ENSPNYG00000005303	0	1	6
ENSPNYG00000005304	3	3	3
ENSPNYG00000005305	0	0	0
ENSPNYG00000005306	0	0	2
ENSPNYG00000005307	2	2	8
ENSPNYG00000005308	0	0	0
ENSPNYG00000005309	32	22	28
ENSPNYG00000005310	0	3	0
ENSPNYG00000005311	0	0	0
ENSPNYG00000005312	0	1	0
ENSPNYG00000005313	0	0	0
ENSPNYG00000005314	66	41	59
ENSPNYG00000005315	34	91	119
ENSPNYG00000005316	3	1	4
ENSPNYG00000005317	2	0	0
ENSPNYG00000005318	0	0	4
ENSPNYG00000005319	0	0	0
ENSPNYG00000005320	6	0	9
ENSPNYG00000005321	0	0	0
ENSPNYG00000005322	0	2	0
ENSPNYG00000005323	2	10	3
ENSPNYG00000005324	10	9	9
ENSPNYG00000005325	0	0	0
ENSPNYG00000005326	0	0	1
ENSPNYG00000005327	67	130	153
ENSPNYG00000005328	0	0	0
ENSPNYG00000005329	2	0	1
ENSPNYG00000005330	0	2	1
ENSPNYG00000005331	1	0	2
ENSPNYG00000005332	0	0	0
ENSPNYG00000005333	7	6	5
ENSPNYG00000005334	0	0	0
ENSPNYG00000005335	28	24	26
ENSPNYG00000005336	0	0	0
ENSPNYG00000005337	25	55	54
ENSPNYG00000005338	0	6	1
ENSPNYG00000005339	0	0	10
ENSPNYG00000005340	11	1	14
ENSPNYG00000005341	1	0	0
ENSPNYG00000005342	3	1	3
ENSPNYG00000005343	0	0	0
ENSPNYG00000005344	5	4	7
ENSPNYG00000005345	17	1	6
ENSPNYG00000005346	2	3	4
ENSPNYG00000005347	2	2	3
ENSPNYG00000005348	0	0	3
ENSPNYG00000005349	1	1	3
ENSPNYG00000005350	0	0	6
ENSPNYG00000005351	0	0	0
ENSPNYG00000005352	5	3	2
ENSPNYG00000005353	2	0	0
ENSPNYG00000005354	0	0	0
ENSPNYG00000005355	12	38	38
ENSPNYG00000005356	0	0	0
ENSPNYG00000005357	2	0	4
ENSPNYG00000005358	3	1	4
ENSPNYG00000005359	0	0	2
ENSPNYG00000005360	6	11	7
ENSPNYG00000005361	0	0	0
ENSPNYG00000005362	6	16	8
ENSPNYG00000005363	4	0	0
ENSPNYG00000005364	4	3	8
ENSPNYG00000005365	0	0	1
ENSPNYG00000005366	6	4	2
ENSPNYG00000005367	5	0	5
ENSPNYG00000005368	3	1	1
ENSPNYG00000005369	2	3	7
ENSPNYG00000005370	4	2	1
ENSPNYG00000005371	2	12	13
ENSPNYG00000005372	1	1	5
ENSPNYG00000005373	0	0	0
ENSPNYG00000005374	1	1	0
ENSPNYG00000005375	5	6	1
ENSPNYG00000005376	0	0	1
ENSPNYG00000005377	5	6	4
ENSPNYG00000005378	0	0	0
ENSPNYG00000005379	560	421	576
ENSPNYG00000005380	1	1	3
ENSPNYG00000005381	1	0	6
ENSPNYG00000005382	10	18	16
ENSPNYG00000005383	0	1	0
ENSPNYG00000005384	1	1	1
ENSPNYG00000005385	2	1	2
ENSPNYG00000005386	0	0	2
ENSPNYG00000005387	4	1	13
ENSPNYG00000005388	8	8	6
ENSPNYG00000005389	0	0	0
ENSPNYG00000005390	0	0	0
ENSPNYG00000005391	0	0	1
ENSPNYG00000005392	1	4	6
ENSPNYG00000005393	2	0	0
ENSPNYG00000005394	0	0	0
ENSPNYG00000005395	0	0	0
ENSPNYG00000005396	1	2	0
ENSPNYG00000005397	0	0	1
ENSPNYG00000005398	0	0	0
ENSPNYG00000005399	0	1	1
ENSPNYG00000005400	0	0	0
ENSPNYG00000005401	88	143	181
ENSPNYG00000005402	21	20	16
ENSPNYG00000005403	0	2	0
ENSPNYG00000005404	2	1	5
ENSPNYG00000005405	0	0	0
ENSPNYG00000005406	9	3	9
ENSPNYG00000005407	0	0	0
ENSPNYG00000005408	1	1	7
ENSPNYG00000005409	4	7	2
ENSPNYG00000005410	89	73	74
ENSPNYG00000005411	0	0	0
ENSPNYG00000005412	1	1	0
ENSPNYG00000005413	5	6	3
ENSPNYG00000005414	0	0	0
ENSPNYG00000005415	0	1	0
ENSPNYG00000005416	4	0	2
ENSPNYG00000005417	4	2	2
ENSPNYG00000005418	0	0	0
ENSPNYG00000005419	0	0	0
ENSPNYG00000005420	0	0	0
ENSPNYG00000005421	1	0	9
ENSPNYG00000005422	0	0	0
ENSPNYG00000005423	468	579	638
ENSPNYG00000005424	0	0	0
ENSPNYG00000005425	36	25	18
ENSPNYG00000005426	2	0	0
ENSPNYG00000005427	0	0	0
ENSPNYG00000005428	10	4	4
ENSPNYG00000005429	696	669	852
ENSPNYG00000005430	1	1	0
ENSPNYG00000005431	0	2	1
ENSPNYG00000005432	4	0	0
ENSPNYG00000005433	13	14	9
ENSPNYG00000005434	25	15	14
ENSPNYG00000005435	7	1	2
ENSPNYG00000005436	0	2	1
ENSPNYG00000005437	1	2	4
ENSPNYG00000005438	0	0	0
ENSPNYG00000005439	2	0	3
ENSPNYG00000005440	0	0	0
ENSPNYG00000005441	0	1	2
ENSPNYG00000005442	5	0	2
ENSPNYG00000005443	0	0	0
ENSPNYG00000005444	8	4	0
ENSPNYG00000005445	3947	1299	1240
ENSPNYG00000005446	0	0	0
ENSPNYG00000005447	0	0	0
ENSPNYG00000005448	0	0	0
ENSPNYG00000005449	24	22	36
ENSPNYG00000005450	3	0	0
ENSPNYG00000005451	1	1	2
ENSPNYG00000005452	0	0	0
ENSPNYG00000005453	1	0	0
ENSPNYG00000005454	9	4	9
ENSPNYG00000005455	0	0	0
ENSPNYG00000005456	0	1	2
ENSPNYG00000005457	0	0	4
ENSPNYG00000005458	0	4	17
ENSPNYG00000005459	0	0	0
ENSPNYG00000005460	0	0	1
ENSPNYG00000005461	5	0	11
ENSPNYG00000005462	0	0	1
ENSPNYG00000005463	0	0	0
ENSPNYG00000005464	4	3	9
ENSPNYG00000005465	0	0	0
ENSPNYG00000005466	2	1	8
ENSPNYG00000005467	1	0	5
ENSPNYG00000005468	0	0	0
ENSPNYG00000005469	0	0	0
ENSPNYG00000005470	2	3	2
ENSPNYG00000005471	268	218	329
ENSPNYG00000005472	0	0	0
ENSPNYG00000005473	4	0	5
ENSPNYG00000005474	0	0	0
ENSPNYG00000005475	2	0	3
ENSPNYG00000005476	0	0	0
ENSPNYG00000005477	0	0	0
ENSPNYG00000005478	0	0	0
ENSPNYG00000005479	1216	1136	1288
ENSPNYG00000005480	2	1	3
ENSPNYG00000005481	3	6	1
ENSPNYG00000005482	2	8	4
ENSPNYG00000005483	1	0	0
ENSPNYG00000005484	0	1	0
ENSPNYG00000005485	0	0	0
ENSPNYG00000005486	0	0	1
ENSPNYG00000005487	6	0	2
ENSPNYG00000005488	0	1	4
ENSPNYG00000005489	9	1	5
ENSPNYG00000005490	2	0	0
ENSPNYG00000005491	0	0	0
ENSPNYG00000005492	0	0	0
ENSPNYG00000005493	0	2	3
ENSPNYG00000005494	2	1	0
ENSPNYG00000005495	0	2	1
ENSPNYG00000005496	4	0	1
ENSPNYG00000005497	0	3	0
ENSPNYG00000005498	6	0	2
ENSPNYG00000005499	0	4	10
ENSPNYG00000005500	1	0	3
ENSPNYG00000005501	5	3	11
ENSPNYG00000005502	3	3	10
ENSPNYG00000005503	0	0	0
ENSPNYG00000005504	1	3	10
ENSPNYG00000005505	3	1	0
ENSPNYG00000005506	4	3	14
ENSPNYG00000005507	4	4	2
ENSPNYG00000005508	0	0	0
ENSPNYG00000005509	0	0	0
ENSPNYG00000005510	0	0	0
ENSPNYG00000005511	0	0	1
ENSPNYG00000005512	0	0	0
ENSPNYG00000005513	3	1	3
ENSPNYG00000005514	0	0	0
ENSPNYG00000005515	0	0	0
ENSPNYG00000005516	1	2	5
ENSPNYG00000005517	3	10	5
ENSPNYG00000005518	1	3	1
ENSPNYG00000005519	1	0	0
ENSPNYG00000005520	129	106	168
ENSPNYG00000005521	0	2	2
ENSPNYG00000005522	6	1	2
ENSPNYG00000005523	0	0	2
ENSPNYG00000005524	14	10	3
ENSPNYG00000005525	5	0	4
ENSPNYG00000005526	2	1	2
ENSPNYG00000005527	1	1	1
ENSPNYG00000005528	317	129	166
ENSPNYG00000005529	0	3	2
ENSPNYG00000005530	1	4	6
ENSPNYG00000005531	488	213	259
ENSPNYG00000005532	1	0	3
ENSPNYG00000005533	0	0	0
ENSPNYG00000005534	6	5	5
ENSPNYG00000005535	0	0	0
ENSPNYG00000005536	6	12	4
ENSPNYG00000005537	0	0	0
ENSPNYG00000005538	0	2	2
ENSPNYG00000005539	0	3	2
ENSPNYG00000005540	6	5	5
ENSPNYG00000005541	1537	1166	994
ENSPNYG00000005542	0	0	0
ENSPNYG00000005543	3	0	2
ENSPNYG00000005544	0	0	0
ENSPNYG00000005545	1	0	1
ENSPNYG00000005546	0	4	0
ENSPNYG00000005547	0	0	0
ENSPNYG00000005548	0	0	0
ENSPNYG00000005549	0	0	0
ENSPNYG00000005550	0	0	1
ENSPNYG00000005551	0	1	0
ENSPNYG00000005552	2	3	6
ENSPNYG00000005553	0	0	0
ENSPNYG00000005554	2	0	1
ENSPNYG00000005555	0	10	10
ENSPNYG00000005556	0	0	0
ENSPNYG00000005557	0	0	0
ENSPNYG00000005558	10	14	15
ENSPNYG00000005559	0	0	0
ENSPNYG00000005560	0	0	2
ENSPNYG00000005561	0	1	0
ENSPNYG00000005562	7	4	6
ENSPNYG00000005563	0	0	2
ENSPNYG00000005564	59	2	9
ENSPNYG00000005565	11	4	4
ENSPNYG00000005566	0	0	0
ENSPNYG00000005567	0	3	0
ENSPNYG00000005568	0	0	0
ENSPNYG00000005569	0	0	0
ENSPNYG00000005570	0	0	0
ENSPNYG00000005571	2	2	7
ENSPNYG00000005572	9	2	0
ENSPNYG00000005573	1	0	0
ENSPNYG00000005574	2	1	3
ENSPNYG00000005575	0	0	0
ENSPNYG00000005576	0	0	0
ENSPNYG00000005577	3	3	3
ENSPNYG00000005578	0	1	0
ENSPNYG00000005579	3	4	1
ENSPNYG00000005580	1	0	1
ENSPNYG00000005581	0	0	0
ENSPNYG00000005582	0	0	0
ENSPNYG00000005583	7	7	3
ENSPNYG00000005584	0	0	0
ENSPNYG00000005585	0	0	0
ENSPNYG00000005586	0	0	0
ENSPNYG00000005587	0	0	0
ENSPNYG00000005588	0	0	0
ENSPNYG00000005589	2	0	0
ENSPNYG00000005590	4	1	2
ENSPNYG00000005591	1	2	1
ENSPNYG00000005592	3	3	1
ENSPNYG00000005593	2	0	2
ENSPNYG00000005594	1	0	3
ENSPNYG00000005595	0	0	0
ENSPNYG00000005596	0	0	0
ENSPNYG00000005597	1	0	0
ENSPNYG00000005598	0	0	0
ENSPNYG00000005599	1	0	0
ENSPNYG00000005600	0	6	0
ENSPNYG00000005601	1	0	0
ENSPNYG00000005602	2	0	2
ENSPNYG00000005603	7	14	9
ENSPNYG00000005604	1	2	2
ENSPNYG00000005605	71	49	80
ENSPNYG00000005606	0	0	0
ENSPNYG00000005607	0	1	0
ENSPNYG00000005608	0	0	5
ENSPNYG00000005609	0	0	0
ENSPNYG00000005610	2	0	2
ENSPNYG00000005611	1	0	0
ENSPNYG00000005612	1	5	7
ENSPNYG00000005613	2	3	6
ENSPNYG00000005614	0	0	0
ENSPNYG00000005615	0	3	3
ENSPNYG00000005616	0	0	0
ENSPNYG00000005617	0	0	0
ENSPNYG00000005618	0	0	0
ENSPNYG00000005619	6	2	11
ENSPNYG00000005620	0	0	1
ENSPNYG00000005621	1	2	0
ENSPNYG00000005622	2	0	4
ENSPNYG00000005623	0	0	0
ENSPNYG00000005624	0	0	0
ENSPNYG00000005625	0	0	0
ENSPNYG00000005626	2	0	2
ENSPNYG00000005627	0	0	0
ENSPNYG00000005628	2	3	0
ENSPNYG00000005629	0	1	0
ENSPNYG00000005630	1	1	1
ENSPNYG00000005631	0	0	1
ENSPNYG00000005632	0	1	0
ENSPNYG00000005633	0	0	0
ENSPNYG00000005634	1	0	0
ENSPNYG00000005635	2	5	8
ENSPNYG00000005636	0	0	0
ENSPNYG00000005637	0	0	0
ENSPNYG00000005638	2	0	0
ENSPNYG00000005639	0	0	1
ENSPNYG00000005640	0	1	0
ENSPNYG00000005641	2	0	0
ENSPNYG00000005642	1	8	3
ENSPNYG00000005643	0	0	0
ENSPNYG00000005644	5	1	1
ENSPNYG00000005645	3	5	4
ENSPNYG00000005646	0	0	0
ENSPNYG00000005647	0	0	0
ENSPNYG00000005648	0	0	0
ENSPNYG00000005649	9	7	12
ENSPNYG00000005650	1	0	0
ENSPNYG00000005651	0	0	2
ENSPNYG00000005652	0	1	1
ENSPNYG00000005653	1	0	0
ENSPNYG00000005654	4	2	0
ENSPNYG00000005655	0	0	0
ENSPNYG00000005656	0	2	0
ENSPNYG00000005657	0	0	0
ENSPNYG00000005658	7	8	10
ENSPNYG00000005659	3	0	2
ENSPNYG00000005660	0	0	2
ENSPNYG00000005661	0	1	0
ENSPNYG00000005662	0	0	0
ENSPNYG00000005663	0	2	3
ENSPNYG00000005664	0	1	0
ENSPNYG00000005665	3	0	1
ENSPNYG00000005666	0	0	0
ENSPNYG00000005667	1	2	0
ENSPNYG00000005668	13	4	11
ENSPNYG00000005669	0	0	0
ENSPNYG00000005670	21	4	14
ENSPNYG00000005671	0	0	0
ENSPNYG00000005672	0	0	0
ENSPNYG00000005673	16	15	7
ENSPNYG00000005674	2	1	0
ENSPNYG00000005675	7	2	1
ENSPNYG00000005676	0	0	0
ENSPNYG00000005677	1	7	0
ENSPNYG00000005678	1	0	6
ENSPNYG00000005679	0	0	0
ENSPNYG00000005680	0	0	1
ENSPNYG00000005681	0	0	0
ENSPNYG00000005682	120	165	237
ENSPNYG00000005683	0	0	0
ENSPNYG00000005684	1	0	0
ENSPNYG00000005685	4	4	6
ENSPNYG00000005686	2	0	0
ENSPNYG00000005687	1	2	13
ENSPNYG00000005688	0	0	0
ENSPNYG00000005689	35	31	55
ENSPNYG00000005690	0	4	0
ENSPNYG00000005691	2	3	1
ENSPNYG00000005692	3	2	3
ENSPNYG00000005693	0	0	0
ENSPNYG00000005694	40	42	31
ENSPNYG00000005695	2	4	8
ENSPNYG00000005696	18	28	70
ENSPNYG00000005697	4	0	0
ENSPNYG00000005698	0	0	0
ENSPNYG00000005699	2	1	6
ENSPNYG00000005700	2	0	0
ENSPNYG00000005701	0	0	0
ENSPNYG00000005702	3	3	5
ENSPNYG00000005703	9	2	9
ENSPNYG00000005704	0	0	0
ENSPNYG00000005705	2	1	1
ENSPNYG00000005706	0	0	0
ENSPNYG00000005707	2	0	0
ENSPNYG00000005708	39	18	17
ENSPNYG00000005709	3	3	8
ENSPNYG00000005710	5	4	8
ENSPNYG00000005711	0	0	0
ENSPNYG00000005712	0	1	2
ENSPNYG00000005713	0	0	0
ENSPNYG00000005714	1	2	0
ENSPNYG00000005715	1	0	0
ENSPNYG00000005716	0	0	0
ENSPNYG00000005717	0	0	0
ENSPNYG00000005718	1	1	2
ENSPNYG00000005719	0	0	0
ENSPNYG00000005720	0	0	2
ENSPNYG00000005721	6	6	9
ENSPNYG00000005722	0	0	0
ENSPNYG00000005723	2	3	0
ENSPNYG00000005724	0	0	0
ENSPNYG00000005725	0	0	0
ENSPNYG00000005726	6	1	1
ENSPNYG00000005727	7	2	2
ENSPNYG00000005728	9	1	3
ENSPNYG00000005729	0	2	1
ENSPNYG00000005730	0	0	0
ENSPNYG00000005731	3	2	3
ENSPNYG00000005732	0	0	0
ENSPNYG00000005733	10	2	13
ENSPNYG00000005734	1	1	0
ENSPNYG00000005735	0	0	0
ENSPNYG00000005736	1	2	0
ENSPNYG00000005737	4	1	6
ENSPNYG00000005738	2	0	0
ENSPNYG00000005739	0	0	0
ENSPNYG00000005740	0	0	0
ENSPNYG00000005741	0	0	0
ENSPNYG00000005742	0	0	0
ENSPNYG00000005743	0	0	2
ENSPNYG00000005744	0	0	0
ENSPNYG00000005745	53	31	34
ENSPNYG00000005746	0	0	0
ENSPNYG00000005747	10	38	28
ENSPNYG00000005748	0	0	0
ENSPNYG00000005749	3	4	3
ENSPNYG00000005750	1	1	1
ENSPNYG00000005751	0	0	0
ENSPNYG00000005752	5	4	4
ENSPNYG00000005753	1	0	0
ENSPNYG00000005754	4	2	4
ENSPNYG00000005755	5	0	0
ENSPNYG00000005756	1	0	1
ENSPNYG00000005757	0	1	1
ENSPNYG00000005758	0	0	0
ENSPNYG00000005759	0	0	0
ENSPNYG00000005760	36	25	24
ENSPNYG00000005761	0	2	4
ENSPNYG00000005762	0	0	1
ENSPNYG00000005763	0	0	0
ENSPNYG00000005764	1	0	0
ENSPNYG00000005765	0	0	0
ENSPNYG00000005766	0	1	0
ENSPNYG00000005767	0	0	0
ENSPNYG00000005768	1	4	6
ENSPNYG00000005769	0	0	0
ENSPNYG00000005770	0	3	0
ENSPNYG00000005771	29	123	11
ENSPNYG00000005772	1	0	6
ENSPNYG00000005773	0	3	0
ENSPNYG00000005774	0	0	1
ENSPNYG00000005775	174	121	122
ENSPNYG00000005776	0	0	0
ENSPNYG00000005777	0	0	0
ENSPNYG00000005778	1	4	0
ENSPNYG00000005779	1	0	1
ENSPNYG00000005780	0	0	6
ENSPNYG00000005781	2	1	3
ENSPNYG00000005782	0	0	0
ENSPNYG00000005783	4	3	3
ENSPNYG00000005784	1	22	24
ENSPNYG00000005785	0	0	1
ENSPNYG00000005786	0	0	0
ENSPNYG00000005787	0	0	0
ENSPNYG00000005788	0	0	0
ENSPNYG00000005789	39	19	41
ENSPNYG00000005790	0	2	1
ENSPNYG00000005791	15	3	8
ENSPNYG00000005792	0	0	0
ENSPNYG00000005793	21	11	23
ENSPNYG00000005794	3	1	0
ENSPNYG00000005795	1	0	0
ENSPNYG00000005796	0	0	0
ENSPNYG00000005797	138	115	103
ENSPNYG00000005798	0	0	2
ENSPNYG00000005799	2	4	5
ENSPNYG00000005800	0	0	0
ENSPNYG00000005801	1	0	0
ENSPNYG00000005802	0	0	0
ENSPNYG00000005803	1	0	0
ENSPNYG00000005804	0	0	0
ENSPNYG00000005805	14	2	6
ENSPNYG00000005806	7	9	0
ENSPNYG00000005807	0	0	0
ENSPNYG00000005808	19	11	14
ENSPNYG00000005809	5	3	15
ENSPNYG00000005810	6	1	8
ENSPNYG00000005811	0	4	5
ENSPNYG00000005812	6	2	9
ENSPNYG00000005813	0	2	0
ENSPNYG00000005814	0	0	0
ENSPNYG00000005815	0	0	0
ENSPNYG00000005816	0	0	0
ENSPNYG00000005817	0	0	0
ENSPNYG00000005818	0	0	0
ENSPNYG00000005819	0	0	0
ENSPNYG00000005820	17	5	17
ENSPNYG00000005821	5	3	5
ENSPNYG00000005822	0	2	3
ENSPNYG00000005823	1	0	1
ENSPNYG00000005824	3	2	3
ENSPNYG00000005825	0	0	0
ENSPNYG00000005826	0	0	0
ENSPNYG00000005827	0	3	0
ENSPNYG00000005828	11	4	9
ENSPNYG00000005829	0	0	1
ENSPNYG00000005830	0	0	0
ENSPNYG00000005831	2	0	0
ENSPNYG00000005832	0	2	4
ENSPNYG00000005833	0	0	0
ENSPNYG00000005834	8	11	16
ENSPNYG00000005835	1	0	1
ENSPNYG00000005836	1184	1280	1524
ENSPNYG00000005837	5	3	4
ENSPNYG00000005838	1	0	1
ENSPNYG00000005839	273	537	313
ENSPNYG00000005840	0	0	3
ENSPNYG00000005841	0	0	0
ENSPNYG00000005842	0	0	0
ENSPNYG00000005843	9	5	24
ENSPNYG00000005844	3	7	3
ENSPNYG00000005845	6	0	1
ENSPNYG00000005846	0	0	0
ENSPNYG00000005847	0	0	0
ENSPNYG00000005848	7	4	1
ENSPNYG00000005849	0	0	0
ENSPNYG00000005850	50	19	48
ENSPNYG00000005851	3	6	10
ENSPNYG00000005852	0	0	0
ENSPNYG00000005853	17	7	4
ENSPNYG00000005854	0	0	0
ENSPNYG00000005855	4	0	2
ENSPNYG00000005856	2	3	1
ENSPNYG00000005857	1	2	8
ENSPNYG00000005858	19	3	8
ENSPNYG00000005859	0	0	0
ENSPNYG00000005860	4	6	0
ENSPNYG00000005861	0	2	3
ENSPNYG00000005862	0	0	0
ENSPNYG00000005863	0	0	0
ENSPNYG00000005864	0	0	0
ENSPNYG00000005865	0	0	0
ENSPNYG00000005866	5	0	6
ENSPNYG00000005867	0	0	0
ENSPNYG00000005868	2	1	5
ENSPNYG00000005869	0	0	0
ENSPNYG00000005870	8	3	1
ENSPNYG00000005871	0	0	0
ENSPNYG00000005872	0	0	0
ENSPNYG00000005873	6	1	4
ENSPNYG00000005874	16	27	21
ENSPNYG00000005875	2	0	0
ENSPNYG00000005876	0	6	10
ENSPNYG00000005877	0	0	0
ENSPNYG00000005878	5	5	7
ENSPNYG00000005879	0	0	0
ENSPNYG00000005880	1	0	0
ENSPNYG00000005881	2	0	1
ENSPNYG00000005882	5	0	11
ENSPNYG00000005883	1	2	6
ENSPNYG00000005884	0	0	0
ENSPNYG00000005885	0	0	0
ENSPNYG00000005886	0	0	0
ENSPNYG00000005887	8	3	8
ENSPNYG00000005888	1	1	0
ENSPNYG00000005889	13	19	12
ENSPNYG00000005890	72	65	52
ENSPNYG00000005891	0	0	0
ENSPNYG00000005892	0	0	0
ENSPNYG00000005893	1	1	1
ENSPNYG00000005894	1	0	0
ENSPNYG00000005895	4	4	0
ENSPNYG00000005896	0	0	0
ENSPNYG00000005897	0	0	0
ENSPNYG00000005898	45	79	61
ENSPNYG00000005899	0	0	0
ENSPNYG00000005900	5	3	1
ENSPNYG00000005901	0	0	0
ENSPNYG00000005902	1235	2115	2645
ENSPNYG00000005903	0	0	1
ENSPNYG00000005904	0	0	0
ENSPNYG00000005905	1	0	0
ENSPNYG00000005906	9	1	11
ENSPNYG00000005907	2	4	10
ENSPNYG00000005908	2	0	0
ENSPNYG00000005909	0	0	0
ENSPNYG00000005910	2	0	2
ENSPNYG00000005911	296	328	320
ENSPNYG00000005912	2	0	0
ENSPNYG00000005913	1	0	1
ENSPNYG00000005914	4	14	17
ENSPNYG00000005915	0	0	0
ENSPNYG00000005916	1	2	2
ENSPNYG00000005917	0	0	0
ENSPNYG00000005918	0	0	0
ENSPNYG00000005919	0	0	2
ENSPNYG00000005920	0	0	0
ENSPNYG00000005921	5	5	5
ENSPNYG00000005922	18	12	8
ENSPNYG00000005923	0	0	0
ENSPNYG00000005924	0	0	0
ENSPNYG00000005925	3	1	4
ENSPNYG00000005926	0	0	0
ENSPNYG00000005927	2	6	2
ENSPNYG00000005928	3	1	3
ENSPNYG00000005929	0	0	0
ENSPNYG00000005930	0	0	1
ENSPNYG00000005931	0	0	0
ENSPNYG00000005932	1	0	0
ENSPNYG00000005933	124	72	42
ENSPNYG00000005934	33	9	25
ENSPNYG00000005935	0	0	0
ENSPNYG00000005936	109	214	309
ENSPNYG00000005937	0	2	5
ENSPNYG00000005938	18	12	11
ENSPNYG00000005939	0	0	1
ENSPNYG00000005940	1	1	9
ENSPNYG00000005941	59	30	27
ENSPNYG00000005942	3	1	2
ENSPNYG00000005943	875	835	1015
ENSPNYG00000005944	1	0	0
ENSPNYG00000005945	0	0	0
ENSPNYG00000005946	686	487	840
ENSPNYG00000005947	2	1	0
ENSPNYG00000005948	0	0	0
ENSPNYG00000005949	0	0	0
ENSPNYG00000005950	0	0	0
ENSPNYG00000005951	0	0	0
ENSPNYG00000005952	5	1	5
ENSPNYG00000005953	0	0	0
ENSPNYG00000005954	42	18	40
ENSPNYG00000005955	1	0	0
ENSPNYG00000005956	27	11	8
ENSPNYG00000005957	0	1	0
ENSPNYG00000005958	0	0	0
ENSPNYG00000005959	1	1	3
ENSPNYG00000005960	4	0	0
ENSPNYG00000005961	8	4	3
ENSPNYG00000005962	0	1	2
ENSPNYG00000005963	2	1	0
ENSPNYG00000005964	0	0	0
ENSPNYG00000005965	0	0	0
ENSPNYG00000005966	0	1	0
ENSPNYG00000005967	0	0	0
ENSPNYG00000005968	10	3	1
ENSPNYG00000005969	1	0	0
ENSPNYG00000005970	0	0	0
ENSPNYG00000005971	2	4	8
ENSPNYG00000005972	0	1	0
ENSPNYG00000005973	2	2	0
ENSPNYG00000005974	2	1	0
ENSPNYG00000005975	0	2	0
ENSPNYG00000005976	0	0	0
ENSPNYG00000005977	70	40	52
ENSPNYG00000005978	0	0	0
ENSPNYG00000005979	0	0	0
ENSPNYG00000005980	0	0	0
ENSPNYG00000005981	1	0	2
ENSPNYG00000005982	0	0	0
ENSPNYG00000005983	1	0	0
ENSPNYG00000005984	0	0	1
ENSPNYG00000005985	57	14	40
ENSPNYG00000005986	1	0	0
ENSPNYG00000005987	1	0	6
ENSPNYG00000005988	83	41	76
ENSPNYG00000005989	0	0	0
ENSPNYG00000005990	2	2	1
ENSPNYG00000005991	0	0	1
ENSPNYG00000005992	0	0	0
ENSPNYG00000005993	0	0	0
ENSPNYG00000005994	4	1	5
ENSPNYG00000005995	5	5	6
ENSPNYG00000005996	1	0	0
ENSPNYG00000005997	6	4	4
ENSPNYG00000005998	4	4	5
ENSPNYG00000005999	0	1	0
ENSPNYG00000006000	1	2	2
ENSPNYG00000006001	1	1	0
ENSPNYG00000006002	0	1	2
ENSPNYG00000006003	2	1	7
ENSPNYG00000006004	10	4	3
ENSPNYG00000006005	3	1	3
ENSPNYG00000006006	0	0	0
ENSPNYG00000006007	0	2	0
ENSPNYG00000006008	0	0	0
ENSPNYG00000006009	0	0	0
ENSPNYG00000006010	8	24	31
ENSPNYG00000006011	1	0	5
ENSPNYG00000006012	0	0	0
ENSPNYG00000006013	9	8	5
ENSPNYG00000006014	0	0	0
ENSPNYG00000006015	0	0	0
ENSPNYG00000006016	9	3	2
ENSPNYG00000006017	0	0	0
ENSPNYG00000006018	0	0	0
ENSPNYG00000006019	0	0	0
ENSPNYG00000006020	0	2	2
ENSPNYG00000006021	614	565	702
ENSPNYG00000006022	0	7	15
ENSPNYG00000006023	0	2	0
ENSPNYG00000006024	0	0	1
ENSPNYG00000006025	0	0	0
ENSPNYG00000006026	3	1	8
ENSPNYG00000006027	0	0	0
ENSPNYG00000006028	3	0	0
ENSPNYG00000006029	5	6	11
ENSPNYG00000006030	1	7	5
ENSPNYG00000006031	0	0	0
ENSPNYG00000006032	1	1	0
ENSPNYG00000006033	0	0	0
ENSPNYG00000006034	0	2	1
ENSPNYG00000006035	0	0	0
ENSPNYG00000006036	0	0	0
ENSPNYG00000006037	490	304	312
ENSPNYG00000006038	0	2	1
ENSPNYG00000006039	0	0	0
ENSPNYG00000006040	0	0	0
ENSPNYG00000006041	2	0	2
ENSPNYG00000006042	0	0	0
ENSPNYG00000006043	1	5	13
ENSPNYG00000006044	0	0	0
ENSPNYG00000006045	0	0	0
ENSPNYG00000006046	0	0	0
ENSPNYG00000006047	5	2	0
ENSPNYG00000006048	0	0	1
ENSPNYG00000006049	10	6	5
ENSPNYG00000006050	6	4	15
ENSPNYG00000006051	4	1	4
ENSPNYG00000006052	0	0	0
ENSPNYG00000006053	0	0	1
ENSPNYG00000006054	11	11	7
ENSPNYG00000006055	28	3	0
ENSPNYG00000006056	1	0	0
ENSPNYG00000006057	0	0	0
ENSPNYG00000006058	0	0	0
ENSPNYG00000006059	1925	2607	3046
ENSPNYG00000006060	3	5	3
ENSPNYG00000006061	26	34	10
ENSPNYG00000006062	1	1	0
ENSPNYG00000006063	0	3	0
ENSPNYG00000006064	11	2	3
ENSPNYG00000006065	2	4	2
ENSPNYG00000006066	11	1	11
ENSPNYG00000006067	1	0	0
ENSPNYG00000006068	0	0	0
ENSPNYG00000006069	3	4	1
ENSPNYG00000006070	2	1	3
ENSPNYG00000006071	0	4	1
ENSPNYG00000006072	2	1	4
ENSPNYG00000006073	0	0	0
ENSPNYG00000006074	0	0	3
ENSPNYG00000006075	2	0	0
ENSPNYG00000006076	0	0	0
ENSPNYG00000006077	0	0	0
ENSPNYG00000006078	15	9	16
ENSPNYG00000006079	0	0	0
ENSPNYG00000006080	0	0	0
ENSPNYG00000006081	1	0	0
ENSPNYG00000006082	108	32	64
ENSPNYG00000006083	0	3	0
ENSPNYG00000006084	0	0	0
ENSPNYG00000006085	0	0	0
ENSPNYG00000006086	480	343	635
ENSPNYG00000006087	473	479	347
ENSPNYG00000006088	3	7	1
ENSPNYG00000006089	0	0	0
ENSPNYG00000006090	8	0	3
ENSPNYG00000006091	22	14	27
ENSPNYG00000006092	3	2	12
ENSPNYG00000006093	2265	3114	3101
ENSPNYG00000006094	0	0	0
ENSPNYG00000006095	0	1	2
ENSPNYG00000006096	7	0	1
ENSPNYG00000006097	4	1	5
ENSPNYG00000006098	1263	1359	1791
ENSPNYG00000006099	0	0	0
ENSPNYG00000006100	1	15	37
ENSPNYG00000006101	0	1	4
ENSPNYG00000006102	0	0	0
ENSPNYG00000006103	0	0	0
ENSPNYG00000006104	1	4	1
ENSPNYG00000006105	0	3	0
ENSPNYG00000006106	0	0	0
ENSPNYG00000006107	6	2	1
ENSPNYG00000006108	0	1	0
ENSPNYG00000006109	7	0	4
ENSPNYG00000006110	2	0	0
ENSPNYG00000006111	3	1	0
ENSPNYG00000006112	0	0	0
ENSPNYG00000006113	0	0	0
ENSPNYG00000006114	50	25	44
ENSPNYG00000006115	0	1	1
ENSPNYG00000006116	0	0	0
ENSPNYG00000006117	0	1	1
ENSPNYG00000006118	1	3	6
ENSPNYG00000006119	10	6	6
ENSPNYG00000006120	479	561	502
ENSPNYG00000006121	7	9	8
ENSPNYG00000006122	0	0	0
ENSPNYG00000006123	578	187	135
ENSPNYG00000006124	0	1	0
ENSPNYG00000006125	0	8	3
ENSPNYG00000006126	4	7	0
ENSPNYG00000006127	24	25	24
ENSPNYG00000006128	2	0	0
ENSPNYG00000006129	1379	821	1330
ENSPNYG00000006130	82	48	57
ENSPNYG00000006131	3	0	2
ENSPNYG00000006132	0	0	0
ENSPNYG00000006133	0	0	0
ENSPNYG00000006134	0	0	0
ENSPNYG00000006135	0	0	0
ENSPNYG00000006136	0	0	0
ENSPNYG00000006137	0	0	0
ENSPNYG00000006138	14	12	7
ENSPNYG00000006139	24	11	10
ENSPNYG00000006140	4	4	7
ENSPNYG00000006141	3	5	1
ENSPNYG00000006142	46	54	44
ENSPNYG00000006143	0	8	9
ENSPNYG00000006144	0	0	0
ENSPNYG00000006145	6	1	15
ENSPNYG00000006146	0	0	1
ENSPNYG00000006147	18	12	4
ENSPNYG00000006148	0	5	1
ENSPNYG00000006149	2	0	1
ENSPNYG00000006150	0	0	5
ENSPNYG00000006151	1	2	0
ENSPNYG00000006152	0	0	0
ENSPNYG00000006153	0	0	0
ENSPNYG00000006154	0	0	0
ENSPNYG00000006155	8	9	15
ENSPNYG00000006156	4	0	3
ENSPNYG00000006157	0	0	0
ENSPNYG00000006158	0	0	0
ENSPNYG00000006159	2	0	2
ENSPNYG00000006160	0	2	3
ENSPNYG00000006161	0	0	0
ENSPNYG00000006162	0	0	0
ENSPNYG00000006163	0	0	0
ENSPNYG00000006164	0	2	2
ENSPNYG00000006165	0	2	1
ENSPNYG00000006166	0	8	6
ENSPNYG00000006167	4	1	1
ENSPNYG00000006168	0	0	0
ENSPNYG00000006169	1	7	5
ENSPNYG00000006170	15	8	14
ENSPNYG00000006171	0	0	0
ENSPNYG00000006172	8	6	14
ENSPNYG00000006173	2	0	0
ENSPNYG00000006174	0	0	0
ENSPNYG00000006175	2	3	11
ENSPNYG00000006176	3	0	4
ENSPNYG00000006177	3	0	4
ENSPNYG00000006178	1	0	0
ENSPNYG00000006179	0	2	0
ENSPNYG00000006180	0	0	0
ENSPNYG00000006181	0	0	2
ENSPNYG00000006182	2	0	2
ENSPNYG00000006183	4	1	2
ENSPNYG00000006184	0	5	1
ENSPNYG00000006185	4	7	3
ENSPNYG00000006186	8	8	9
ENSPNYG00000006187	13	13	4
ENSPNYG00000006188	0	0	0
ENSPNYG00000006189	0	4	1
ENSPNYG00000006190	2	3	2
ENSPNYG00000006191	0	0	0
ENSPNYG00000006192	23	3	6
ENSPNYG00000006193	3	7	1
ENSPNYG00000006194	0	0	0
ENSPNYG00000006195	3	1	2
ENSPNYG00000006196	0	1	1
ENSPNYG00000006197	0	0	0
ENSPNYG00000006198	0	0	0
ENSPNYG00000006199	1923	1560	1114
ENSPNYG00000006200	0	0	0
ENSPNYG00000006201	2	1	2
ENSPNYG00000006202	0	1	2
ENSPNYG00000006203	0	0	0
ENSPNYG00000006204	0	0	0
ENSPNYG00000006205	0	0	0
ENSPNYG00000006206	0	0	0
ENSPNYG00000006207	0	0	0
ENSPNYG00000006208	0	0	0
ENSPNYG00000006209	0	0	0
ENSPNYG00000006210	0	0	0
ENSPNYG00000006211	1	0	0
ENSPNYG00000006212	1	0	2
ENSPNYG00000006213	0	0	0
ENSPNYG00000006214	0	0	0
ENSPNYG00000006215	0	3	1
ENSPNYG00000006216	0	0	0
ENSPNYG00000006217	1	0	3
ENSPNYG00000006218	0	1	1
ENSPNYG00000006219	0	0	0
ENSPNYG00000006220	0	0	0
ENSPNYG00000006221	1	0	3
ENSPNYG00000006222	0	0	0
ENSPNYG00000006223	1	0	1
ENSPNYG00000006224	3	1	0
ENSPNYG00000006225	0	0	0
ENSPNYG00000006226	0	0	0
ENSPNYG00000006227	753	1354	638
ENSPNYG00000006228	0	1	2
ENSPNYG00000006229	0	0	0
ENSPNYG00000006230	1	0	0
ENSPNYG00000006231	0	0	0
ENSPNYG00000006232	4	1	2
ENSPNYG00000006233	4	5	4
ENSPNYG00000006234	0	2	5
ENSPNYG00000006235	238	131	104
ENSPNYG00000006236	0	0	1
ENSPNYG00000006237	6	3	4
ENSPNYG00000006238	0	0	0
ENSPNYG00000006239	11	8	6
ENSPNYG00000006240	3	2	7
ENSPNYG00000006241	22	7	6
ENSPNYG00000006242	0	0	0
ENSPNYG00000006243	6	9	22
ENSPNYG00000006244	1	0	0
ENSPNYG00000006245	10	12	10
ENSPNYG00000006246	19	18	13
ENSPNYG00000006247	165	160	181
ENSPNYG00000006248	1	4	2
ENSPNYG00000006249	3	1	5
ENSPNYG00000006250	0	0	0
ENSPNYG00000006251	0	0	0
ENSPNYG00000006252	1541	2322	2752
ENSPNYG00000006253	0	1	0
ENSPNYG00000006254	1	0	0
ENSPNYG00000006255	8	8	7
ENSPNYG00000006256	0	2	0
ENSPNYG00000006257	3	0	0
ENSPNYG00000006258	0	0	0
ENSPNYG00000006259	0	4	0
ENSPNYG00000006260	0	1	0
ENSPNYG00000006261	8	7	3
ENSPNYG00000006262	0	0	0
ENSPNYG00000006263	0	0	0
ENSPNYG00000006264	0	0	0
ENSPNYG00000006265	0	2	0
ENSPNYG00000006266	0	0	0
ENSPNYG00000006267	0	0	0
ENSPNYG00000006268	2	5	2
ENSPNYG00000006269	0	0	0
ENSPNYG00000006270	2	3	6
ENSPNYG00000006271	10	11	14
ENSPNYG00000006272	118	248	208
ENSPNYG00000006273	4	2	8
ENSPNYG00000006274	0	0	2
ENSPNYG00000006275	1	1	0
ENSPNYG00000006276	27	52	36
ENSPNYG00000006277	2	1	4
ENSPNYG00000006278	0	0	0
ENSPNYG00000006279	0	1	0
ENSPNYG00000006280	0	0	0
ENSPNYG00000006281	1	0	0
ENSPNYG00000006282	0	0	0
ENSPNYG00000006283	0	0	0
ENSPNYG00000006284	5	0	2
ENSPNYG00000006285	2	0	0
ENSPNYG00000006286	0	0	0
ENSPNYG00000006287	5	5	7
ENSPNYG00000006288	0	1	1
ENSPNYG00000006289	0	0	0
ENSPNYG00000006290	0	0	0
ENSPNYG00000006291	7	1	1
ENSPNYG00000006292	0	1	4
ENSPNYG00000006293	0	0	0
ENSPNYG00000006294	6	7	15
ENSPNYG00000006295	0	0	0
ENSPNYG00000006296	0	0	1
ENSPNYG00000006297	0	0	0
ENSPNYG00000006298	0	0	0
ENSPNYG00000006299	1	1	1
ENSPNYG00000006300	33	25	24
ENSPNYG00000006301	0	0	2
ENSPNYG00000006302	0	0	0
ENSPNYG00000006303	0	0	0
ENSPNYG00000006304	1	5	4
ENSPNYG00000006305	0	0	0
ENSPNYG00000006306	0	0	0
ENSPNYG00000006307	82	60	75
ENSPNYG00000006308	3	0	1
ENSPNYG00000006309	3	2	5
ENSPNYG00000006310	12	9	10
ENSPNYG00000006311	7	8	4
ENSPNYG00000006312	0	0	1
ENSPNYG00000006313	0	0	0
ENSPNYG00000006314	1	0	0
ENSPNYG00000006315	0	0	0
ENSPNYG00000006316	0	0	2
ENSPNYG00000006317	0	0	0
ENSPNYG00000006318	2	2	4
ENSPNYG00000006319	0	0	0
ENSPNYG00000006320	0	0	0
ENSPNYG00000006321	0	0	0
ENSPNYG00000006322	0	0	0
ENSPNYG00000006323	2	2	0
ENSPNYG00000006324	2	1	0
ENSPNYG00000006325	0	0	0
ENSPNYG00000006326	1	3	0
ENSPNYG00000006327	0	1	2
ENSPNYG00000006328	0	0	0
ENSPNYG00000006329	3	0	0
ENSPNYG00000006330	0	0	3
ENSPNYG00000006331	0	0	0
ENSPNYG00000006332	4	1	1
ENSPNYG00000006333	1	1	5
ENSPNYG00000006334	0	2	3
ENSPNYG00000006335	0	0	0
ENSPNYG00000006336	0	1	3
ENSPNYG00000006337	0	0	0
ENSPNYG00000006338	4	3	0
ENSPNYG00000006339	572	797	702
ENSPNYG00000006340	0	0	0
ENSPNYG00000006341	0	0	0
ENSPNYG00000006342	0	0	0
ENSPNYG00000006343	10	2	7
ENSPNYG00000006344	1	0	4
ENSPNYG00000006345	2	0	0
ENSPNYG00000006346	0	0	0
ENSPNYG00000006347	0	0	0
ENSPNYG00000006348	2	0	1
ENSPNYG00000006349	0	0	0
ENSPNYG00000006350	0	0	0
ENSPNYG00000006351	372	407	518
ENSPNYG00000006352	3	0	1
ENSPNYG00000006353	4	5	1
ENSPNYG00000006354	2	0	0
ENSPNYG00000006355	0	0	0
ENSPNYG00000006356	1	2	1
ENSPNYG00000006357	0	1	1
ENSPNYG00000006358	0	1	4
ENSPNYG00000006359	0	0	0
ENSPNYG00000006360	0	0	0
ENSPNYG00000006361	1	0	2
ENSPNYG00000006362	5	9	4
ENSPNYG00000006363	0	0	0
ENSPNYG00000006364	0	1	3
ENSPNYG00000006365	1	0	1
ENSPNYG00000006366	0	1	0
ENSPNYG00000006367	0	0	0
ENSPNYG00000006368	0	0	0
ENSPNYG00000006369	25	29	22
ENSPNYG00000006370	0	0	0
ENSPNYG00000006371	6	21	16
ENSPNYG00000006372	0	1	2
ENSPNYG00000006373	636	358	939
ENSPNYG00000006374	6	4	5
ENSPNYG00000006375	8	3	1
ENSPNYG00000006376	0	0	0
ENSPNYG00000006377	2	2	7
ENSPNYG00000006378	0	0	0
ENSPNYG00000006379	1	1	3
ENSPNYG00000006380	0	2	4
ENSPNYG00000006381	10	8	33
ENSPNYG00000006382	3	1	1
ENSPNYG00000006383	0	0	0
ENSPNYG00000006384	12	8	13
ENSPNYG00000006385	0	0	0
ENSPNYG00000006386	1	0	2
ENSPNYG00000006387	1	2	0
ENSPNYG00000006388	0	0	0
ENSPNYG00000006389	13	11	35
ENSPNYG00000006390	20	12	17
ENSPNYG00000006391	5	2	3
ENSPNYG00000006392	7	1	3
ENSPNYG00000006393	2	6	4
ENSPNYG00000006394	13	9	6
ENSPNYG00000006395	4	5	5
ENSPNYG00000006396	0	0	1
ENSPNYG00000006397	1	0	0
ENSPNYG00000006398	0	0	0
ENSPNYG00000006399	0	0	0
ENSPNYG00000006400	3	4	1
ENSPNYG00000006401	0	0	0
ENSPNYG00000006402	0	1	0
ENSPNYG00000006403	3	8	5
ENSPNYG00000006404	22	13	12
ENSPNYG00000006405	0	0	0
ENSPNYG00000006406	6	0	12
ENSPNYG00000006407	4	3	1
ENSPNYG00000006408	0	3	0
ENSPNYG00000006409	74	31	73
ENSPNYG00000006410	0	3	0
ENSPNYG00000006411	0	0	0
ENSPNYG00000006412	0	0	0
ENSPNYG00000006413	216	128	175
ENSPNYG00000006414	6914	7875	11004
ENSPNYG00000006415	0	0	2
ENSPNYG00000006416	0	0	3
ENSPNYG00000006417	0	2	1
ENSPNYG00000006418	0	2	0
ENSPNYG00000006419	2	1	0
ENSPNYG00000006420	7	2	1
ENSPNYG00000006421	1	0	1
ENSPNYG00000006422	2	2	0
ENSPNYG00000006423	0	1	2
ENSPNYG00000006424	1	1	3
ENSPNYG00000006425	3	15	9
ENSPNYG00000006426	0	0	0
ENSPNYG00000006427	8	12	14
ENSPNYG00000006428	26	14	15
ENSPNYG00000006429	0	0	0
ENSPNYG00000006430	0	0	2
ENSPNYG00000006431	6	4	1
ENSPNYG00000006432	1	5	1
ENSPNYG00000006433	5	5	10
ENSPNYG00000006434	0	0	0
ENSPNYG00000006435	1	0	1
ENSPNYG00000006436	4	13	10
ENSPNYG00000006437	0	0	0
ENSPNYG00000006438	0	0	0
ENSPNYG00000006439	0	0	6
ENSPNYG00000006440	0	2	0
ENSPNYG00000006441	3	3	4
ENSPNYG00000006442	1	8	0
ENSPNYG00000006443	0	0	0
ENSPNYG00000006444	274	465	480
ENSPNYG00000006445	0	0	0
ENSPNYG00000006446	77	56	72
ENSPNYG00000006447	0	5	0
ENSPNYG00000006448	6	5	1
ENSPNYG00000006449	4	4	1
ENSPNYG00000006450	1	0	0
ENSPNYG00000006451	0	0	1
ENSPNYG00000006452	0	0	0
ENSPNYG00000006453	2	2	11
ENSPNYG00000006454	7	0	5
ENSPNYG00000006455	5	2	3
ENSPNYG00000006456	0	0	3
ENSPNYG00000006457	296	174	218
ENSPNYG00000006458	0	0	0
ENSPNYG00000006459	0	0	2
ENSPNYG00000006460	1	0	4
ENSPNYG00000006461	7	10	11
ENSPNYG00000006462	4	1	4
ENSPNYG00000006463	1	5	1
ENSPNYG00000006464	1	1	4
ENSPNYG00000006465	0	0	0
ENSPNYG00000006466	1	0	0
ENSPNYG00000006467	0	0	0
ENSPNYG00000006468	0	1	0
ENSPNYG00000006469	0	0	0
ENSPNYG00000006470	0	0	0
ENSPNYG00000006471	10	1	2
ENSPNYG00000006472	0	0	2
ENSPNYG00000006473	0	0	0
ENSPNYG00000006474	5	2	2
ENSPNYG00000006475	2	1	0
ENSPNYG00000006476	21	11	19
ENSPNYG00000006477	0	0	0
ENSPNYG00000006478	2	0	2
ENSPNYG00000006479	2	2	1
ENSPNYG00000006480	460	329	364
ENSPNYG00000006481	3	0	5
ENSPNYG00000006482	0	0	0
ENSPNYG00000006483	0	0	0
ENSPNYG00000006484	0	1	0
ENSPNYG00000006485	6	2	11
ENSPNYG00000006486	4	3	0
ENSPNYG00000006487	1	0	0
ENSPNYG00000006488	1	1	4
ENSPNYG00000006489	0	0	0
ENSPNYG00000006490	4	0	1
ENSPNYG00000006491	530	483	791
ENSPNYG00000006492	0	0	0
ENSPNYG00000006493	0	0	0
ENSPNYG00000006494	88	53	45
ENSPNYG00000006495	0	0	4
ENSPNYG00000006496	1	1	3
ENSPNYG00000006497	0	0	0
ENSPNYG00000006498	0	0	0
ENSPNYG00000006499	0	0	0
ENSPNYG00000006500	0	1	0
ENSPNYG00000006501	0	0	0
ENSPNYG00000006502	5	4	8
ENSPNYG00000006503	0	0	0
ENSPNYG00000006504	0	0	0
ENSPNYG00000006505	12	17	5
ENSPNYG00000006506	13	8	8
ENSPNYG00000006507	3	2	6
ENSPNYG00000006508	0	0	0
ENSPNYG00000006509	0	0	0
ENSPNYG00000006510	0	0	0
ENSPNYG00000006511	0	0	0
ENSPNYG00000006512	5	2	6
ENSPNYG00000006513	12	1	1
ENSPNYG00000006514	5	8	7
ENSPNYG00000006515	8	1	0
ENSPNYG00000006516	2	0	0
ENSPNYG00000006517	1	0	1
ENSPNYG00000006518	1	6	5
ENSPNYG00000006519	0	1	0
ENSPNYG00000006520	0	0	0
ENSPNYG00000006521	0	0	0
ENSPNYG00000006522	1	1	2
ENSPNYG00000006523	8	4	7
ENSPNYG00000006524	3	0	2
ENSPNYG00000006525	114	52	122
ENSPNYG00000006526	1	1	1
ENSPNYG00000006527	0	1	0
ENSPNYG00000006528	17	8	9
ENSPNYG00000006529	19	10	13
ENSPNYG00000006530	0	0	1
ENSPNYG00000006531	0	1	0
ENSPNYG00000006532	0	0	0
ENSPNYG00000006533	7	15	7
ENSPNYG00000006534	2	0	4
ENSPNYG00000006535	3	1	2
ENSPNYG00000006536	72	72	85
ENSPNYG00000006537	1	0	0
ENSPNYG00000006538	0	6	4
ENSPNYG00000006539	0	0	0
ENSPNYG00000006540	0	0	0
ENSPNYG00000006541	0	0	0
ENSPNYG00000006542	11	6	15
ENSPNYG00000006543	3	0	0
ENSPNYG00000006544	1	0	1
ENSPNYG00000006545	0	0	0
ENSPNYG00000006546	0	0	0
ENSPNYG00000006547	0	1	1
ENSPNYG00000006548	1	4	5
ENSPNYG00000006549	0	2	1
ENSPNYG00000006550	9	2	4
ENSPNYG00000006551	0	2	0
ENSPNYG00000006552	28	19	38
ENSPNYG00000006553	0	0	0
ENSPNYG00000006554	15	52	88
ENSPNYG00000006555	0	0	0
ENSPNYG00000006556	2	2	3
ENSPNYG00000006557	0	0	1
ENSPNYG00000006558	0	0	0
ENSPNYG00000006559	0	0	0
ENSPNYG00000006560	0	1	3
ENSPNYG00000006561	0	1	0
ENSPNYG00000006562	0	0	0
ENSPNYG00000006563	3	2	0
ENSPNYG00000006564	0	0	0
ENSPNYG00000006565	2	1	1
ENSPNYG00000006566	50	29	116
ENSPNYG00000006567	0	0	0
ENSPNYG00000006568	0	0	1
ENSPNYG00000006569	0	0	0
ENSPNYG00000006570	0	0	0
ENSPNYG00000006571	10	21	23
ENSPNYG00000006572	16	5	22
ENSPNYG00000006573	9	12	8
ENSPNYG00000006574	0	0	0
ENSPNYG00000006575	0	0	0
ENSPNYG00000006576	6	6	6
ENSPNYG00000006577	0	4	14
ENSPNYG00000006578	0	0	3
ENSPNYG00000006579	3	1	5
ENSPNYG00000006580	0	0	3
ENSPNYG00000006581	316	204	295
ENSPNYG00000006582	232	245	206
ENSPNYG00000006583	47	33	23
ENSPNYG00000006584	0	0	0
ENSPNYG00000006585	0	0	0
ENSPNYG00000006586	0	0	0
ENSPNYG00000006587	0	0	0
ENSPNYG00000006588	0	1	1
ENSPNYG00000006589	4	2	9
ENSPNYG00000006590	16	3	9
ENSPNYG00000006591	2	3	0
ENSPNYG00000006592	0	0	0
ENSPNYG00000006593	0	0	0
ENSPNYG00000006594	0	0	0
ENSPNYG00000006595	2	2	2
ENSPNYG00000006596	4	2	1
ENSPNYG00000006597	24	13	18
ENSPNYG00000006598	907	903	985
ENSPNYG00000006599	0	1	1
ENSPNYG00000006600	0	0	0
ENSPNYG00000006601	0	0	0
ENSPNYG00000006602	0	1	0
ENSPNYG00000006603	0	0	0
ENSPNYG00000006604	0	0	0
ENSPNYG00000006605	4	9	12
ENSPNYG00000006606	4	3	3
ENSPNYG00000006607	2	0	0
ENSPNYG00000006608	13	3	8
ENSPNYG00000006609	1	1	4
ENSPNYG00000006610	7	9	12
ENSPNYG00000006611	5	2	2
ENSPNYG00000006612	12	9	13
ENSPNYG00000006613	14	1	4
ENSPNYG00000006614	57	70	74
ENSPNYG00000006615	0	1	0
ENSPNYG00000006616	1	1	3
ENSPNYG00000006617	5	2	8
ENSPNYG00000006618	5	5	3
ENSPNYG00000006619	0	0	0
ENSPNYG00000006620	0	0	1
ENSPNYG00000006621	0	0	0
ENSPNYG00000006622	0	4	2
ENSPNYG00000006623	0	0	0
ENSPNYG00000006624	5	0	0
ENSPNYG00000006625	1	3	3
ENSPNYG00000006626	0	3	0
ENSPNYG00000006627	376	254	408
ENSPNYG00000006628	0	0	0
ENSPNYG00000006629	12	12	8
ENSPNYG00000006630	2	0	0
ENSPNYG00000006631	3	1	4
ENSPNYG00000006632	9	1	18
ENSPNYG00000006633	1	2	1
ENSPNYG00000006634	2	3	9
ENSPNYG00000006635	13	7	14
ENSPNYG00000006636	3	3	4
ENSPNYG00000006637	988	502	694
ENSPNYG00000006638	1	0	0
ENSPNYG00000006639	0	0	0
ENSPNYG00000006640	1	1	3
ENSPNYG00000006641	0	3	0
ENSPNYG00000006642	4	1	1
ENSPNYG00000006643	0	0	0
ENSPNYG00000006644	1	0	0
ENSPNYG00000006645	0	0	1
ENSPNYG00000006646	7	8	1
ENSPNYG00000006647	0	0	2
ENSPNYG00000006648	0	2	1
ENSPNYG00000006649	8	0	1
ENSPNYG00000006650	0	0	0
ENSPNYG00000006651	3	1	1
ENSPNYG00000006652	0	1	0
ENSPNYG00000006653	878	509	464
ENSPNYG00000006654	0	0	0
ENSPNYG00000006655	348	245	324
ENSPNYG00000006656	0	0	0
ENSPNYG00000006657	1	3	2
ENSPNYG00000006658	0	0	0
ENSPNYG00000006659	14	25	69
ENSPNYG00000006660	1	0	0
ENSPNYG00000006661	6	6	2
ENSPNYG00000006662	0	0	0
ENSPNYG00000006663	5	0	0
ENSPNYG00000006664	0	0	0
ENSPNYG00000006665	1	0	6
ENSPNYG00000006666	3	3	3
ENSPNYG00000006667	5	4	3
ENSPNYG00000006668	0	0	0
ENSPNYG00000006669	18	3	5
ENSPNYG00000006670	0	0	0
ENSPNYG00000006671	0	0	0
ENSPNYG00000006672	1	0	0
ENSPNYG00000006673	0	0	0
ENSPNYG00000006674	45	17	26
ENSPNYG00000006675	0	0	0
ENSPNYG00000006676	17	4	7
ENSPNYG00000006677	0	0	1
ENSPNYG00000006678	2	0	0
ENSPNYG00000006679	0	8	6
ENSPNYG00000006680	0	0	2
ENSPNYG00000006681	0	0	0
ENSPNYG00000006682	9	9	9
ENSPNYG00000006683	0	0	0
ENSPNYG00000006684	0	0	0
ENSPNYG00000006685	4	6	5
ENSPNYG00000006686	9	1	1
ENSPNYG00000006687	5	2	6
ENSPNYG00000006688	1	1	2
ENSPNYG00000006689	0	0	0
ENSPNYG00000006690	0	0	0
ENSPNYG00000006691	33	17	11
ENSPNYG00000006692	2	0	2
ENSPNYG00000006693	0	0	3
ENSPNYG00000006694	0	0	0
ENSPNYG00000006695	0	0	0
ENSPNYG00000006696	4	8	37
ENSPNYG00000006697	0	0	0
ENSPNYG00000006698	0	1	0
ENSPNYG00000006699	0	1	0
ENSPNYG00000006700	6	3	3
ENSPNYG00000006701	2	1	4
ENSPNYG00000006702	0	0	0
ENSPNYG00000006703	0	0	0
ENSPNYG00000006704	1	2	0
ENSPNYG00000006705	0	1	1
ENSPNYG00000006706	5	10	21
ENSPNYG00000006707	0	0	2
ENSPNYG00000006708	0	27	39
ENSPNYG00000006709	1932	2646	2413
ENSPNYG00000006710	4	2	14
ENSPNYG00000006711	0	6	4
ENSPNYG00000006712	4	1	3
ENSPNYG00000006713	0	0	0
ENSPNYG00000006714	0	0	0
ENSPNYG00000006715	0	0	0
ENSPNYG00000006716	52	43	38
ENSPNYG00000006717	0	2	1
ENSPNYG00000006718	0	0	1
ENSPNYG00000006719	1	0	0
ENSPNYG00000006720	0	0	0
ENSPNYG00000006721	0	0	0
ENSPNYG00000006722	0	0	0
ENSPNYG00000006723	5	3	4
ENSPNYG00000006724	1101547	1011567	1495995
ENSPNYG00000006725	12	1	9
ENSPNYG00000006726	2	0	0
ENSPNYG00000006727	0	0	0
ENSPNYG00000006728	0	0	0
ENSPNYG00000006729	5	5	10
ENSPNYG00000006730	4	3	4
ENSPNYG00000006731	3	0	4
ENSPNYG00000006732	1	2	2
ENSPNYG00000006733	0	0	0
ENSPNYG00000006734	0	0	0
ENSPNYG00000006735	21	12	12
ENSPNYG00000006736	2	0	0
ENSPNYG00000006737	3	1	8
ENSPNYG00000006738	16	14	23
ENSPNYG00000006739	0	2	0
ENSPNYG00000006740	0	1	0
ENSPNYG00000006741	74	57	63
ENSPNYG00000006742	1	2	3
ENSPNYG00000006743	20	117	99
ENSPNYG00000006744	1	0	0
ENSPNYG00000006745	281	557	483
ENSPNYG00000006746	1	1	0
ENSPNYG00000006747	0	0	0
ENSPNYG00000006748	0	0	0
ENSPNYG00000006749	0	0	0
ENSPNYG00000006750	1	7	7
ENSPNYG00000006751	0	0	1
ENSPNYG00000006752	1	4	3
ENSPNYG00000006753	0	2	4
ENSPNYG00000006754	0	0	0
ENSPNYG00000006755	6	7	4
ENSPNYG00000006756	0	0	0
ENSPNYG00000006757	50	12	40
ENSPNYG00000006758	1	6	2
ENSPNYG00000006759	0	1	0
ENSPNYG00000006760	0	2	1
ENSPNYG00000006761	0	0	3
ENSPNYG00000006762	1	0	2
ENSPNYG00000006763	0	0	0
ENSPNYG00000006764	0	0	0
ENSPNYG00000006765	0	0	0
ENSPNYG00000006766	0	5	6
ENSPNYG00000006767	0	0	0
ENSPNYG00000006768	5	1	3
ENSPNYG00000006769	0	0	0
ENSPNYG00000006770	0	0	0
ENSPNYG00000006771	0	0	0
ENSPNYG00000006772	2	1	0
ENSPNYG00000006773	0	0	0
ENSPNYG00000006774	0	0	0
ENSPNYG00000006775	6	0	1
ENSPNYG00000006776	0	0	0
ENSPNYG00000006777	17	6	15
ENSPNYG00000006778	2	3	3
ENSPNYG00000006779	1772	1754	2428
ENSPNYG00000006780	0	1	0
ENSPNYG00000006781	0	0	1
ENSPNYG00000006782	1	1	5
ENSPNYG00000006783	11	11	26
ENSPNYG00000006784	2	0	3
ENSPNYG00000006785	0	0	2
ENSPNYG00000006786	0	0	0
ENSPNYG00000006787	0	0	0
ENSPNYG00000006788	0	0	1
ENSPNYG00000006789	4	0	1
ENSPNYG00000006790	1	0	0
ENSPNYG00000006791	387	459	744
ENSPNYG00000006792	1	1	1
ENSPNYG00000006793	0	0	0
ENSPNYG00000006794	4	1	1
ENSPNYG00000006795	11	6	5
ENSPNYG00000006796	1	2	2
ENSPNYG00000006797	8	7	0
ENSPNYG00000006798	16	10	9
ENSPNYG00000006799	0	1	3
ENSPNYG00000006800	1	0	0
ENSPNYG00000006801	1	0	0
ENSPNYG00000006802	1	0	1
ENSPNYG00000006803	1	5	1
ENSPNYG00000006804	0	0	2
ENSPNYG00000006805	0	0	1
ENSPNYG00000006806	7	0	3
ENSPNYG00000006807	1	0	0
ENSPNYG00000006808	1	0	1
ENSPNYG00000006809	0	0	1
ENSPNYG00000006810	0	2	1
ENSPNYG00000006811	2	4	1
ENSPNYG00000006812	0	0	1
ENSPNYG00000006813	5	6	14
ENSPNYG00000006814	1	0	1
ENSPNYG00000006815	0	0	0
ENSPNYG00000006816	3	2	5
ENSPNYG00000006817	17	6	9
ENSPNYG00000006818	3	0	1
ENSPNYG00000006819	0	0	0
ENSPNYG00000006820	5	1	4
ENSPNYG00000006821	113	66	60
ENSPNYG00000006822	11	6	13
ENSPNYG00000006823	0	0	0
ENSPNYG00000006824	0	0	1
ENSPNYG00000006825	0	1	0
ENSPNYG00000006826	0	1	0
ENSPNYG00000006827	0	5	2
ENSPNYG00000006828	0	0	0
ENSPNYG00000006829	0	0	0
ENSPNYG00000006830	2	0	2
ENSPNYG00000006831	1	0	2
ENSPNYG00000006832	0	0	0
ENSPNYG00000006833	1	1	0
ENSPNYG00000006834	0	0	0
ENSPNYG00000006835	5	2	3
ENSPNYG00000006836	0	0	0
ENSPNYG00000006837	0	2	1
ENSPNYG00000006838	0	0	0
ENSPNYG00000006839	94	123	115
ENSPNYG00000006840	0	0	0
ENSPNYG00000006841	0	0	0
ENSPNYG00000006842	0	0	0
ENSPNYG00000006843	1	0	1
ENSPNYG00000006844	0	0	0
ENSPNYG00000006845	0	0	0
ENSPNYG00000006846	2	1	0
ENSPNYG00000006847	0	1	2
ENSPNYG00000006848	463	285	361
ENSPNYG00000006849	0	0	0
ENSPNYG00000006850	1	0	2
ENSPNYG00000006851	0	0	0
ENSPNYG00000006852	0	2	0
ENSPNYG00000006853	0	3	5
ENSPNYG00000006854	1	1	3
ENSPNYG00000006855	5	1	1
ENSPNYG00000006856	31	16	24
ENSPNYG00000006857	0	0	0
ENSPNYG00000006858	5	2	2
ENSPNYG00000006859	0	2	0
ENSPNYG00000006860	3	3	3
ENSPNYG00000006861	1	0	0
ENSPNYG00000006862	1	1	0
ENSPNYG00000006863	1	1	0
ENSPNYG00000006864	2	1	0
ENSPNYG00000006865	1	2	2
ENSPNYG00000006866	0	0	0
ENSPNYG00000006867	0	6	0
ENSPNYG00000006868	1	3	1
ENSPNYG00000006869	0	0	0
ENSPNYG00000006870	0	0	0
ENSPNYG00000006871	0	0	0
ENSPNYG00000006872	0	0	0
ENSPNYG00000006873	6	5	6
ENSPNYG00000006874	1	4	2
ENSPNYG00000006875	0	0	0
ENSPNYG00000006876	0	0	0
ENSPNYG00000006877	0	0	0
ENSPNYG00000006878	0	0	0
ENSPNYG00000006879	0	0	0
ENSPNYG00000006880	0	0	5
ENSPNYG00000006881	11	3	1
ENSPNYG00000006882	0	0	1
ENSPNYG00000006883	5	3	3
ENSPNYG00000006884	256	200	336
ENSPNYG00000006885	355	165	269
ENSPNYG00000006886	8	4	6
ENSPNYG00000006887	4	0	0
ENSPNYG00000006888	0	1	0
ENSPNYG00000006889	1	1	0
ENSPNYG00000006890	0	0	0
ENSPNYG00000006891	1	0	0
ENSPNYG00000006892	2	1	3
ENSPNYG00000006893	0	0	0
ENSPNYG00000006894	3	2	6
ENSPNYG00000006895	0	0	0
ENSPNYG00000006896	15	14	19
ENSPNYG00000006897	1	0	1
ENSPNYG00000006898	2	0	2
ENSPNYG00000006899	0	2	1
ENSPNYG00000006900	1	0	4
ENSPNYG00000006901	2	1	1
ENSPNYG00000006902	14	2	2
ENSPNYG00000006903	0	0	1
ENSPNYG00000006904	0	3	0
ENSPNYG00000006905	12	4	7
ENSPNYG00000006906	1	4	0
ENSPNYG00000006907	1	1	2
ENSPNYG00000006908	1	2	0
ENSPNYG00000006909	0	0	0
ENSPNYG00000006910	0	0	1
ENSPNYG00000006911	1	0	0
ENSPNYG00000006912	0	3	1
ENSPNYG00000006913	2	0	0
ENSPNYG00000006914	0	0	0
ENSPNYG00000006915	1	0	1
ENSPNYG00000006916	3	2	0
ENSPNYG00000006917	0	1	0
ENSPNYG00000006918	1	3	1
ENSPNYG00000006919	0	0	0
ENSPNYG00000006920	0	0	5
ENSPNYG00000006921	0	0	1
ENSPNYG00000006922	0	0	0
ENSPNYG00000006923	0	0	0
ENSPNYG00000006924	10	19	20
ENSPNYG00000006925	0	0	1
ENSPNYG00000006926	3	3	0
ENSPNYG00000006927	0	1	5
ENSPNYG00000006928	8	6	7
ENSPNYG00000006929	3	1	1
ENSPNYG00000006930	0	0	0
ENSPNYG00000006931	3	4	3
ENSPNYG00000006932	17	13	23
ENSPNYG00000006933	0	1	1
ENSPNYG00000006934	6	6	6
ENSPNYG00000006935	0	0	2
ENSPNYG00000006936	0	0	0
ENSPNYG00000006937	8	2	3
ENSPNYG00000006938	4	0	9
ENSPNYG00000006939	34	17	27
ENSPNYG00000006940	1	12	7
ENSPNYG00000006941	217	16	24
ENSPNYG00000006942	0	0	0
ENSPNYG00000006943	2	3	0
ENSPNYG00000006944	1	0	8
ENSPNYG00000006945	0	0	0
ENSPNYG00000006946	0	0	0
ENSPNYG00000006947	5	0	4
ENSPNYG00000006948	0	0	0
ENSPNYG00000006949	0	0	4
ENSPNYG00000006950	11	10	10
ENSPNYG00000006951	0	1	0
ENSPNYG00000006952	0	0	0
ENSPNYG00000006953	0	0	1
ENSPNYG00000006954	0	0	1
ENSPNYG00000006955	4	0	17
ENSPNYG00000006956	5	1	3
ENSPNYG00000006957	2	2	0
ENSPNYG00000006958	2	0	2
ENSPNYG00000006959	0	0	0
ENSPNYG00000006960	0	0	0
ENSPNYG00000006961	0	0	0
ENSPNYG00000006962	26	5	11
ENSPNYG00000006963	0	0	0
ENSPNYG00000006964	6	3	0
ENSPNYG00000006965	0	0	0
ENSPNYG00000006966	1	1	4
ENSPNYG00000006967	4	8	6
ENSPNYG00000006968	1	4	4
ENSPNYG00000006969	0	0	0
ENSPNYG00000006970	1	0	1
ENSPNYG00000006971	0	1	0
ENSPNYG00000006972	1	3	2
ENSPNYG00000006973	0	2	0
ENSPNYG00000006974	4	0	3
ENSPNYG00000006975	3	2	2
ENSPNYG00000006976	0	0	0
ENSPNYG00000006977	0	2	0
ENSPNYG00000006978	0	0	0
ENSPNYG00000006979	10	1	2
ENSPNYG00000006980	0	0	0
ENSPNYG00000006981	0	0	0
ENSPNYG00000006982	4	1	5
ENSPNYG00000006983	0	1	2
ENSPNYG00000006984	0	0	1
ENSPNYG00000006985	0	0	0
ENSPNYG00000006986	2093	1597	1365
ENSPNYG00000006987	0	0	0
ENSPNYG00000006988	158	194	251
ENSPNYG00000006989	1	0	2
ENSPNYG00000006990	0	0	0
ENSPNYG00000006991	9	2	6
ENSPNYG00000006992	0	0	0
ENSPNYG00000006993	41	23	38
ENSPNYG00000006994	0	0	0
ENSPNYG00000006995	113	98	136
ENSPNYG00000006996	1	2	2
ENSPNYG00000006997	2	1	4
ENSPNYG00000006998	0	0	0
ENSPNYG00000006999	0	1	0
ENSPNYG00000007000	0	0	0
ENSPNYG00000007001	2	2	2
ENSPNYG00000007002	5	1	5
ENSPNYG00000007003	19	8	9
ENSPNYG00000007004	0	0	0
ENSPNYG00000007005	0	0	0
ENSPNYG00000007006	1	3	2
ENSPNYG00000007007	2	4	2
ENSPNYG00000007008	0	0	0
ENSPNYG00000007009	2	1	0
ENSPNYG00000007010	0	1	0
ENSPNYG00000007011	3	11	7
ENSPNYG00000007012	3	2	1
ENSPNYG00000007013	7	8	3
ENSPNYG00000007014	2	2	1
ENSPNYG00000007015	1	1	5
ENSPNYG00000007016	0	0	0
ENSPNYG00000007017	0	0	0
ENSPNYG00000007018	0	0	3
ENSPNYG00000007019	0	0	0
ENSPNYG00000007020	0	0	0
ENSPNYG00000007021	2	0	0
ENSPNYG00000007022	1	2	1
ENSPNYG00000007023	0	0	0
ENSPNYG00000007024	0	0	0
ENSPNYG00000007025	6	20	0
ENSPNYG00000007026	2862	2043	2486
ENSPNYG00000007027	4	1	1
ENSPNYG00000007028	23	13	14
ENSPNYG00000007029	0	0	2
ENSPNYG00000007030	7	2	3
ENSPNYG00000007031	2	0	1
ENSPNYG00000007032	0	0	0
ENSPNYG00000007033	2	0	4
ENSPNYG00000007034	0	1	2
ENSPNYG00000007035	0	0	0
ENSPNYG00000007036	1	1	1
ENSPNYG00000007037	0	0	0
ENSPNYG00000007038	9	17	11
ENSPNYG00000007039	1	1	0
ENSPNYG00000007040	5	1	3
ENSPNYG00000007041	0	0	0
ENSPNYG00000007042	0	1	1
ENSPNYG00000007043	0	0	0
ENSPNYG00000007044	0	0	0
ENSPNYG00000007045	3	2	2
ENSPNYG00000007046	1	5	1
ENSPNYG00000007047	0	0	0
ENSPNYG00000007048	16	3	3
ENSPNYG00000007049	0	0	0
ENSPNYG00000007050	5	4	5
ENSPNYG00000007051	0	0	0
ENSPNYG00000007052	0	0	1
ENSPNYG00000007053	2	0	0
ENSPNYG00000007054	18	7	16
ENSPNYG00000007055	19	3	8
ENSPNYG00000007056	2	1	2
ENSPNYG00000007057	0	1	0
ENSPNYG00000007058	84	71	66
ENSPNYG00000007059	2	1	0
ENSPNYG00000007060	0	2	0
ENSPNYG00000007061	3	4	4
ENSPNYG00000007062	0	0	0
ENSPNYG00000007063	1	0	0
ENSPNYG00000007064	7	1	2
ENSPNYG00000007065	0	2	0
ENSPNYG00000007066	1	3	0
ENSPNYG00000007067	3	3	1
ENSPNYG00000007068	2	2	1
ENSPNYG00000007069	0	0	0
ENSPNYG00000007070	318	145	268
ENSPNYG00000007071	2	1	1
ENSPNYG00000007072	7	5	4
ENSPNYG00000007073	0	1	3
ENSPNYG00000007074	0	0	0
ENSPNYG00000007075	9	21	5
ENSPNYG00000007076	5	0	3
ENSPNYG00000007077	0	0	0
ENSPNYG00000007078	4	4	4
ENSPNYG00000007079	0	0	0
ENSPNYG00000007080	0	0	0
ENSPNYG00000007081	3	2	1
ENSPNYG00000007082	3	0	0
ENSPNYG00000007083	5	9	2
ENSPNYG00000007084	1	4	1
ENSPNYG00000007085	4	0	3
ENSPNYG00000007086	0	0	0
ENSPNYG00000007087	5	4	2
ENSPNYG00000007088	23	20	19
ENSPNYG00000007089	1	0	0
ENSPNYG00000007090	0	0	0
ENSPNYG00000007091	0	2	0
ENSPNYG00000007092	91	56	39
ENSPNYG00000007093	0	1	0
ENSPNYG00000007094	14	6	8
ENSPNYG00000007095	8	2	3
ENSPNYG00000007096	11	13	12
ENSPNYG00000007097	77	93	45
ENSPNYG00000007098	0	1	0
ENSPNYG00000007099	0	0	0
ENSPNYG00000007100	0	0	0
ENSPNYG00000007101	0	0	0
ENSPNYG00000007102	41	39	79
ENSPNYG00000007103	0	0	0
ENSPNYG00000007104	2	0	4
ENSPNYG00000007105	8	9	12
ENSPNYG00000007106	0	0	0
ENSPNYG00000007107	25	9	14
ENSPNYG00000007108	0	0	2
ENSPNYG00000007109	0	5	1
ENSPNYG00000007110	0	0	0
ENSPNYG00000007111	0	0	0
ENSPNYG00000007112	0	0	0
ENSPNYG00000007113	2	4	7
ENSPNYG00000007114	5	16	5
ENSPNYG00000007115	0	0	0
ENSPNYG00000007116	0	0	0
ENSPNYG00000007117	4	9	8
ENSPNYG00000007118	2	0	2
ENSPNYG00000007119	0	0	0
ENSPNYG00000007120	0	3	2
ENSPNYG00000007121	0	0	0
ENSPNYG00000007122	0	0	0
ENSPNYG00000007123	0	0	0
ENSPNYG00000007124	1	5	2
ENSPNYG00000007125	3	1	4
ENSPNYG00000007126	0	0	1
ENSPNYG00000007127	3	1	3
ENSPNYG00000007128	0	3	0
ENSPNYG00000007129	0	0	0
ENSPNYG00000007130	2	2	0
ENSPNYG00000007131	24	4	4
ENSPNYG00000007132	0	0	0
ENSPNYG00000007133	7	7	5
ENSPNYG00000007134	0	0	0
ENSPNYG00000007135	0	0	0
ENSPNYG00000007136	0	0	0
ENSPNYG00000007137	0	0	2
ENSPNYG00000007138	1	1	0
ENSPNYG00000007139	2	9	16
ENSPNYG00000007140	1027	1227	1654
ENSPNYG00000007141	4	0	1
ENSPNYG00000007142	5	4	1
ENSPNYG00000007143	0	0	1
ENSPNYG00000007144	2	1	5
ENSPNYG00000007145	0	0	0
ENSPNYG00000007146	19	3	8
ENSPNYG00000007147	0	6	4
ENSPNYG00000007148	2	2	3
ENSPNYG00000007149	682	605	931
ENSPNYG00000007150	0	0	0
ENSPNYG00000007151	1	2	1
ENSPNYG00000007152	5	3	6
ENSPNYG00000007153	8	4	2
ENSPNYG00000007154	2	1	1
ENSPNYG00000007155	0	1	0
ENSPNYG00000007156	11	9	9
ENSPNYG00000007157	0	0	0
ENSPNYG00000007158	3	0	1
ENSPNYG00000007159	16	8	12
ENSPNYG00000007160	23	40	86
ENSPNYG00000007161	3	3	2
ENSPNYG00000007162	0	0	0
ENSPNYG00000007163	0	0	2
ENSPNYG00000007164	0	2	1
ENSPNYG00000007165	3	1	4
ENSPNYG00000007166	759	751	713
ENSPNYG00000007167	160	155	232
ENSPNYG00000007168	0	0	1
ENSPNYG00000007169	3	3	0
ENSPNYG00000007170	0	0	0
ENSPNYG00000007171	1	0	2
ENSPNYG00000007172	2	2	0
ENSPNYG00000007173	0	0	0
ENSPNYG00000007174	0	0	0
ENSPNYG00000007175	0	0	0
ENSPNYG00000007176	2153	1606	1596
ENSPNYG00000007177	0	0	2
ENSPNYG00000007178	0	0	1
ENSPNYG00000007179	0	0	0
ENSPNYG00000007180	0	0	0
ENSPNYG00000007181	233	150	86
ENSPNYG00000007182	0	0	0
ENSPNYG00000007183	15	15	9
ENSPNYG00000007184	1	0	4
ENSPNYG00000007185	4	4	5
ENSPNYG00000007186	7	3	1
ENSPNYG00000007187	0	0	1
ENSPNYG00000007188	0	0	0
ENSPNYG00000007189	0	0	0
ENSPNYG00000007190	0	5	1
ENSPNYG00000007191	0	0	0
ENSPNYG00000007192	2	0	0
ENSPNYG00000007193	4	2	3
ENSPNYG00000007194	0	2	0
ENSPNYG00000007195	1	4	1
ENSPNYG00000007196	4	2	3
ENSPNYG00000007197	0	0	0
ENSPNYG00000007198	69	96	102
ENSPNYG00000007199	2	0	1
ENSPNYG00000007200	2	1	3
ENSPNYG00000007201	3	2	2
ENSPNYG00000007202	0	0	0
ENSPNYG00000007203	2	2	2
ENSPNYG00000007204	0	0	0
ENSPNYG00000007205	1	0	1
ENSPNYG00000007206	2	5	1
ENSPNYG00000007207	0	0	1
ENSPNYG00000007208	0	0	0
ENSPNYG00000007209	0	3	1
ENSPNYG00000007210	1	0	0
ENSPNYG00000007211	0	0	0
ENSPNYG00000007212	0	0	0
ENSPNYG00000007213	2	13	6
ENSPNYG00000007214	1	3	0
ENSPNYG00000007215	59	27	37
ENSPNYG00000007216	0	0	0
ENSPNYG00000007217	8	12	26
ENSPNYG00000007218	2	0	0
ENSPNYG00000007219	567	285	297
ENSPNYG00000007220	1	1	3
ENSPNYG00000007221	0	0	0
ENSPNYG00000007222	9	13	24
ENSPNYG00000007223	18	1	0
ENSPNYG00000007224	0	0	0
ENSPNYG00000007225	0	0	0
ENSPNYG00000007226	0	1	5
ENSPNYG00000007227	8	3	6
ENSPNYG00000007228	11	8	3
ENSPNYG00000007229	0	1	1
ENSPNYG00000007230	0	0	0
ENSPNYG00000007231	6	0	3
ENSPNYG00000007232	0	0	0
ENSPNYG00000007233	0	0	0
ENSPNYG00000007234	2777	1456	1275
ENSPNYG00000007235	1	5	2
ENSPNYG00000007236	3	4	12
ENSPNYG00000007237	1	4	9
ENSPNYG00000007238	1	4	7
ENSPNYG00000007239	1	4	0
ENSPNYG00000007240	1	0	1
ENSPNYG00000007241	2	0	0
ENSPNYG00000007242	0	0	0
ENSPNYG00000007243	0	0	0
ENSPNYG00000007244	244	149	157
ENSPNYG00000007245	71	54	38
ENSPNYG00000007246	0	0	0
ENSPNYG00000007247	8	2	1
ENSPNYG00000007248	0	0	0
ENSPNYG00000007249	0	0	0
ENSPNYG00000007250	0	0	0
ENSPNYG00000007251	0	0	0
ENSPNYG00000007252	0	1	0
ENSPNYG00000007253	8	2	8
ENSPNYG00000007254	0	0	0
ENSPNYG00000007255	0	0	0
ENSPNYG00000007256	250	194	283
ENSPNYG00000007257	0	1	0
ENSPNYG00000007258	0	1	3
ENSPNYG00000007259	20	33	55
ENSPNYG00000007260	0	0	0
ENSPNYG00000007261	14	2	5
ENSPNYG00000007262	0	0	0
ENSPNYG00000007263	80	126	155
ENSPNYG00000007264	0	0	0
ENSPNYG00000007265	0	0	0
ENSPNYG00000007266	2	1	1
ENSPNYG00000007267	124	147	197
ENSPNYG00000007268	0	0	0
ENSPNYG00000007269	0	0	0
ENSPNYG00000007270	0	0	0
ENSPNYG00000007271	0	0	0
ENSPNYG00000007272	1	0	2
ENSPNYG00000007273	3	2	0
ENSPNYG00000007274	1	1	0
ENSPNYG00000007275	0	0	0
ENSPNYG00000007276	1	7	2
ENSPNYG00000007277	2	2	3
ENSPNYG00000007278	1	0	0
ENSPNYG00000007279	7	3	5
ENSPNYG00000007280	0	3	1
ENSPNYG00000007281	0	0	0
ENSPNYG00000007282	1	1	3
ENSPNYG00000007283	28	23	18
ENSPNYG00000007284	0	0	0
ENSPNYG00000007285	0	3	0
ENSPNYG00000007286	0	1	0
ENSPNYG00000007287	1	2	3
ENSPNYG00000007288	1	1	1
ENSPNYG00000007289	0	0	0
ENSPNYG00000007290	0	0	0
ENSPNYG00000007291	0	0	0
ENSPNYG00000007292	0	0	1
ENSPNYG00000007293	4	1	3
ENSPNYG00000007294	0	2	0
ENSPNYG00000007295	0	0	1
ENSPNYG00000007296	0	0	0
ENSPNYG00000007297	3	1	2
ENSPNYG00000007298	0	0	0
ENSPNYG00000007299	0	0	0
ENSPNYG00000007300	7	0	5
ENSPNYG00000007301	10	2	3
ENSPNYG00000007302	0	0	0
ENSPNYG00000007303	0	0	0
ENSPNYG00000007304	0	2	0
ENSPNYG00000007305	248	75	165
ENSPNYG00000007306	14	7	11
ENSPNYG00000007307	2	1	2
ENSPNYG00000007308	1969	3741	2865
ENSPNYG00000007309	0	0	0
ENSPNYG00000007310	0	0	0
ENSPNYG00000007311	129	110	114
ENSPNYG00000007312	7	4	3
ENSPNYG00000007313	1	2	0
ENSPNYG00000007314	22	12	16
ENSPNYG00000007315	2	0	1
ENSPNYG00000007316	3	2	6
ENSPNYG00000007317	4	3	5
ENSPNYG00000007318	1	0	0
ENSPNYG00000007319	8	9	10
ENSPNYG00000007320	1	6	12
ENSPNYG00000007321	0	0	1
ENSPNYG00000007322	7	0	7
ENSPNYG00000007323	1	0	0
ENSPNYG00000007324	19	7	19
ENSPNYG00000007325	4	7	8
ENSPNYG00000007326	0	0	0
ENSPNYG00000007327	0	0	4
ENSPNYG00000007328	0	0	0
ENSPNYG00000007329	0	0	2
ENSPNYG00000007330	0	0	0
ENSPNYG00000007331	238	441	476
ENSPNYG00000007332	0	0	3
ENSPNYG00000007333	8	3	6
ENSPNYG00000007334	0	0	3
ENSPNYG00000007335	1396	0	0
ENSPNYG00000007336	7	4	1
ENSPNYG00000007337	3	1	1
ENSPNYG00000007338	0	0	2
ENSPNYG00000007339	0	0	0
ENSPNYG00000007340	5	17	9
ENSPNYG00000007341	0	0	0
ENSPNYG00000007342	2	1	0
ENSPNYG00000007343	0	0	0
ENSPNYG00000007344	1	0	0
ENSPNYG00000007345	0	0	0
ENSPNYG00000007346	0	1	7
ENSPNYG00000007347	0	0	0
ENSPNYG00000007348	7	6	4
ENSPNYG00000007349	0	0	0
ENSPNYG00000007350	3	4	1
ENSPNYG00000007351	32	11	13
ENSPNYG00000007352	14	14	20
ENSPNYG00000007353	0	0	0
ENSPNYG00000007354	0	0	0
ENSPNYG00000007355	0	5	1
ENSPNYG00000007356	1	0	1
ENSPNYG00000007357	439	0	8
ENSPNYG00000007358	4	0	1
ENSPNYG00000007359	0	0	0
ENSPNYG00000007360	1	0	0
ENSPNYG00000007361	0	1	0
ENSPNYG00000007362	0	2	0
ENSPNYG00000007363	4	0	2
ENSPNYG00000007364	49	37	48
ENSPNYG00000007365	0	0	0
ENSPNYG00000007366	2	6	16
ENSPNYG00000007367	0	1	0
ENSPNYG00000007368	3	4	1
ENSPNYG00000007369	2	0	0
ENSPNYG00000007370	0	3	2
ENSPNYG00000007371	0	0	2
ENSPNYG00000007372	1	1	0
ENSPNYG00000007373	1	0	3
ENSPNYG00000007374	2	1	1
ENSPNYG00000007375	3	1	1
ENSPNYG00000007376	5	1	2
ENSPNYG00000007377	0	0	0
ENSPNYG00000007378	4	1	0
ENSPNYG00000007379	6	24	6
ENSPNYG00000007380	3	1	2
ENSPNYG00000007381	8	1	2
ENSPNYG00000007382	1	0	1
ENSPNYG00000007383	1	0	1
ENSPNYG00000007384	0	0	0
ENSPNYG00000007385	0	3	1
ENSPNYG00000007386	0	0	0
ENSPNYG00000007387	5	0	10
ENSPNYG00000007388	0	0	0
ENSPNYG00000007389	5	9	7
ENSPNYG00000007390	17	11	17
ENSPNYG00000007391	2	1	0
ENSPNYG00000007392	0	0	0
ENSPNYG00000007393	206	294	190
ENSPNYG00000007394	9	0	0
ENSPNYG00000007395	6	1	7
ENSPNYG00000007396	0	3	0
ENSPNYG00000007397	0	0	0
ENSPNYG00000007398	0	0	0
ENSPNYG00000007399	8	5	1
ENSPNYG00000007400	0	0	0
ENSPNYG00000007401	0	0	0
ENSPNYG00000007402	0	0	0
ENSPNYG00000007403	0	0	0
ENSPNYG00000007404	391	351	444
ENSPNYG00000007405	0	0	0
ENSPNYG00000007406	0	0	0
ENSPNYG00000007407	0	0	0
ENSPNYG00000007408	76	36	38
ENSPNYG00000007409	4	4	0
ENSPNYG00000007410	11	5	6
ENSPNYG00000007411	3	0	6
ENSPNYG00000007412	1	0	1
ENSPNYG00000007413	7	6	13
ENSPNYG00000007414	4	4	5
ENSPNYG00000007415	6	1	2
ENSPNYG00000007416	0	0	0
ENSPNYG00000007417	12	0	1
ENSPNYG00000007418	0	0	3
ENSPNYG00000007419	31	67	73
ENSPNYG00000007420	2	0	3
ENSPNYG00000007421	0	0	0
ENSPNYG00000007422	27	8	7
ENSPNYG00000007423	1	0	0
ENSPNYG00000007424	5	3	1
ENSPNYG00000007425	3	3	8
ENSPNYG00000007426	1	0	2
ENSPNYG00000007427	2	5	1
ENSPNYG00000007428	0	0	0
ENSPNYG00000007429	3	0	0
ENSPNYG00000007430	0	0	1
ENSPNYG00000007431	1	0	0
ENSPNYG00000007432	0	0	0
ENSPNYG00000007433	0	3	1
ENSPNYG00000007434	2	1	4
ENSPNYG00000007435	0	0	3
ENSPNYG00000007436	0	0	0
ENSPNYG00000007437	0	1	0
ENSPNYG00000007438	1	1	2
ENSPNYG00000007439	1	1	0
ENSPNYG00000007440	2	4	0
ENSPNYG00000007441	5	2	0
ENSPNYG00000007442	3	1	1
ENSPNYG00000007443	0	0	0
ENSPNYG00000007444	13	13	15
ENSPNYG00000007445	2	4	1
ENSPNYG00000007446	1	0	2
ENSPNYG00000007447	2	21	20
ENSPNYG00000007448	6	6	15
ENSPNYG00000007449	0	0	0
ENSPNYG00000007450	0	0	0
ENSPNYG00000007451	2	2	1
ENSPNYG00000007452	0	0	0
ENSPNYG00000007453	0	0	0
ENSPNYG00000007454	2	1	0
ENSPNYG00000007455	0	0	0
ENSPNYG00000007456	0	0	0
ENSPNYG00000007457	2	0	2
ENSPNYG00000007458	11	8	5
ENSPNYG00000007459	1	4	2
ENSPNYG00000007460	0	0	1
ENSPNYG00000007461	4	4	0
ENSPNYG00000007462	0	0	0
ENSPNYG00000007463	2	2	2
ENSPNYG00000007464	10	13	14
ENSPNYG00000007465	9	3	11
ENSPNYG00000007466	11	13	10
ENSPNYG00000007467	37	10	68
ENSPNYG00000007468	0	2	0
ENSPNYG00000007469	0	0	0
ENSPNYG00000007470	4	4	2
ENSPNYG00000007471	0	0	0
ENSPNYG00000007472	0	0	0
ENSPNYG00000007473	0	0	0
ENSPNYG00000007474	2	0	0
ENSPNYG00000007475	0	1	0
ENSPNYG00000007476	11	23	40
ENSPNYG00000007477	0	0	0
ENSPNYG00000007478	8	0	8
ENSPNYG00000007479	2	4	5
ENSPNYG00000007480	0	0	0
ENSPNYG00000007481	1	0	0
ENSPNYG00000007482	0	0	0
ENSPNYG00000007483	0	0	0
ENSPNYG00000007484	0	0	0
ENSPNYG00000007485	0	0	0
ENSPNYG00000007486	0	0	0
ENSPNYG00000007487	12	2	9
ENSPNYG00000007488	4	0	1
ENSPNYG00000007489	0	0	0
ENSPNYG00000007490	4	0	7
ENSPNYG00000007491	1	1	2
ENSPNYG00000007492	0	0	1
ENSPNYG00000007493	5	19	36
ENSPNYG00000007494	6	3	15
ENSPNYG00000007495	0	0	0
ENSPNYG00000007496	0	0	0
ENSPNYG00000007497	4	2	3
ENSPNYG00000007498	0	1	0
ENSPNYG00000007499	0	0	0
ENSPNYG00000007500	1	0	0
ENSPNYG00000007501	12	11	7
ENSPNYG00000007502	7	6	0
ENSPNYG00000007503	4	1	2
ENSPNYG00000007504	3	0	7
ENSPNYG00000007505	0	2	0
ENSPNYG00000007506	1438	1579	1702
ENSPNYG00000007507	0	0	2
ENSPNYG00000007508	4	8	8
ENSPNYG00000007509	0	0	1
ENSPNYG00000007510	0	1	1
ENSPNYG00000007511	0	0	0
ENSPNYG00000007512	0	1	0
ENSPNYG00000007513	0	0	0
ENSPNYG00000007514	0	0	0
ENSPNYG00000007515	0	0	0
ENSPNYG00000007516	2	1	3
ENSPNYG00000007517	1	1	0
ENSPNYG00000007518	5	2	1
ENSPNYG00000007519	40	48	9
ENSPNYG00000007520	0	0	0
ENSPNYG00000007521	1	3	1
ENSPNYG00000007522	2	3	2
ENSPNYG00000007523	1	0	0
ENSPNYG00000007524	0	4	1
ENSPNYG00000007525	0	0	4
ENSPNYG00000007526	7	1	4
ENSPNYG00000007527	0	2	0
ENSPNYG00000007528	7	10	8
ENSPNYG00000007529	0	0	0
ENSPNYG00000007530	1	0	0
ENSPNYG00000007531	0	0	0
ENSPNYG00000007532	44	29	41
ENSPNYG00000007533	0	0	0
ENSPNYG00000007534	13	15	15
ENSPNYG00000007535	1	1	0
ENSPNYG00000007536	0	0	0
ENSPNYG00000007537	1	1	0
ENSPNYG00000007538	2	0	0
ENSPNYG00000007539	0	0	0
ENSPNYG00000007540	0	0	1
ENSPNYG00000007541	2	5	8
ENSPNYG00000007542	8	0	1
ENSPNYG00000007543	1	0	2
ENSPNYG00000007544	5	0	0
ENSPNYG00000007545	0	0	0
ENSPNYG00000007546	19	19	13
ENSPNYG00000007547	4	0	8
ENSPNYG00000007548	5	1	0
ENSPNYG00000007549	163	111	139
ENSPNYG00000007550	0	0	3
ENSPNYG00000007551	1	0	0
ENSPNYG00000007552	4	20	56
ENSPNYG00000007553	0	0	0
ENSPNYG00000007554	0	1	0
ENSPNYG00000007555	1	0	0
ENSPNYG00000007556	2	0	2
ENSPNYG00000007557	4	0	0
ENSPNYG00000007558	0	0	1
ENSPNYG00000007559	0	0	0
ENSPNYG00000007560	0	0	0
ENSPNYG00000007561	6	4	4
ENSPNYG00000007562	0	0	0
ENSPNYG00000007563	1	0	0
ENSPNYG00000007564	6	4	12
ENSPNYG00000007565	2	0	0
ENSPNYG00000007566	4	7	4
ENSPNYG00000007567	0	0	0
ENSPNYG00000007568	3	1	2
ENSPNYG00000007569	389	222	281
ENSPNYG00000007570	2	0	0
ENSPNYG00000007571	0	0	0
ENSPNYG00000007572	5	12	11
ENSPNYG00000007573	0	0	0
ENSPNYG00000007574	9	14	19
ENSPNYG00000007575	13	9	4
ENSPNYG00000007576	5	0	0
ENSPNYG00000007577	0	0	0
ENSPNYG00000007578	0	0	0
ENSPNYG00000007579	0	0	0
ENSPNYG00000007580	0	0	0
ENSPNYG00000007581	0	0	1
ENSPNYG00000007582	6	9	9
ENSPNYG00000007583	77	58	117
ENSPNYG00000007584	5	3	5
ENSPNYG00000007585	44	36	46
ENSPNYG00000007586	0	0	1
ENSPNYG00000007587	28	11	17
ENSPNYG00000007588	0	0	2
ENSPNYG00000007589	6	9	1
ENSPNYG00000007590	2	3	12
ENSPNYG00000007591	2	2	9
ENSPNYG00000007592	11	5	2
ENSPNYG00000007593	9	4	4
ENSPNYG00000007594	3	0	0
ENSPNYG00000007595	2	0	0
ENSPNYG00000007596	0	0	1
ENSPNYG00000007597	0	0	0
ENSPNYG00000007598	0	0	0
ENSPNYG00000007599	14	16	20
ENSPNYG00000007600	2	0	1
ENSPNYG00000007601	0	2	1
ENSPNYG00000007602	0	0	6
ENSPNYG00000007603	222	83	87
ENSPNYG00000007604	2	2	2
ENSPNYG00000007605	0	0	0
ENSPNYG00000007606	2	0	2
ENSPNYG00000007607	3	3	5
ENSPNYG00000007608	3	4	3
ENSPNYG00000007609	0	0	0
ENSPNYG00000007610	0	0	0
ENSPNYG00000007611	0	0	0
ENSPNYG00000007612	0	0	0
ENSPNYG00000007613	0	0	0
ENSPNYG00000007614	0	0	0
ENSPNYG00000007615	13	9	9
ENSPNYG00000007616	4	1	0
ENSPNYG00000007617	0	0	0
ENSPNYG00000007618	2	0	0
ENSPNYG00000007619	1	1	8
ENSPNYG00000007620	0	0	0
ENSPNYG00000007621	0	0	0
ENSPNYG00000007622	0	0	0
ENSPNYG00000007623	0	0	0
ENSPNYG00000007624	922	567	939
ENSPNYG00000007625	14	4	7
ENSPNYG00000007626	0	0	0
ENSPNYG00000007627	0	1	0
ENSPNYG00000007628	1	0	1
ENSPNYG00000007629	0	0	1
ENSPNYG00000007630	0	0	0
ENSPNYG00000007631	0	0	1
ENSPNYG00000007632	0	1	0
ENSPNYG00000007633	0	0	0
ENSPNYG00000007634	0	1	0
ENSPNYG00000007635	1	3	1
ENSPNYG00000007636	0	0	0
ENSPNYG00000007637	0	0	1
ENSPNYG00000007638	0	0	0
ENSPNYG00000007639	0	0	0
ENSPNYG00000007640	1	4	4
ENSPNYG00000007641	3	1	4
ENSPNYG00000007642	2	0	3
ENSPNYG00000007643	14	6	5
ENSPNYG00000007644	0	0	0
ENSPNYG00000007645	0	0	0
ENSPNYG00000007646	12	7	4
ENSPNYG00000007647	59	20	75
ENSPNYG00000007648	0	0	0
ENSPNYG00000007649	0	0	2
ENSPNYG00000007650	4	1	2
ENSPNYG00000007651	0	0	0
ENSPNYG00000007652	4	3	10
ENSPNYG00000007653	2	1	6
ENSPNYG00000007654	0	0	0
ENSPNYG00000007655	0	0	2
ENSPNYG00000007656	0	0	3
ENSPNYG00000007657	1	0	1
ENSPNYG00000007658	0	0	0
ENSPNYG00000007659	4	4	3
ENSPNYG00000007660	3	1	1
ENSPNYG00000007661	2	9	4
ENSPNYG00000007662	0	0	0
ENSPNYG00000007663	0	1	1
ENSPNYG00000007664	0	0	0
ENSPNYG00000007665	2	0	0
ENSPNYG00000007666	3	6	6
ENSPNYG00000007667	0	0	2
ENSPNYG00000007668	0	0	1
ENSPNYG00000007669	1	1	4
ENSPNYG00000007670	20	43	72
ENSPNYG00000007671	2	4	7
ENSPNYG00000007672	222	34	129
ENSPNYG00000007673	0	1	0
ENSPNYG00000007674	1	0	2
ENSPNYG00000007675	1	0	0
ENSPNYG00000007676	1	1	3
ENSPNYG00000007677	0	0	0
ENSPNYG00000007678	12	3	7
ENSPNYG00000007679	1	3	2
ENSPNYG00000007680	2	1	2
ENSPNYG00000007681	4	1	7
ENSPNYG00000007682	0	0	0
ENSPNYG00000007683	0	0	0
ENSPNYG00000007684	0	0	1
ENSPNYG00000007685	0	0	0
ENSPNYG00000007686	17	16	8
ENSPNYG00000007687	0	0	0
ENSPNYG00000007688	16	4	5
ENSPNYG00000007689	1	0	0
ENSPNYG00000007690	1	2	4
ENSPNYG00000007691	2	2	1
ENSPNYG00000007692	11	5	4
ENSPNYG00000007693	0	0	0
ENSPNYG00000007694	0	0	0
ENSPNYG00000007695	11	10	28
ENSPNYG00000007696	0	0	4
ENSPNYG00000007697	0	2	7
ENSPNYG00000007698	1	0	1
ENSPNYG00000007699	0	1	1
ENSPNYG00000007700	2	0	0
ENSPNYG00000007701	2	0	1
ENSPNYG00000007702	0	0	0
ENSPNYG00000007703	0	1	0
ENSPNYG00000007704	6	1	6
ENSPNYG00000007705	2	4	5
ENSPNYG00000007706	1	0	0
ENSPNYG00000007707	840	583	624
ENSPNYG00000007708	0	0	0
ENSPNYG00000007709	8	14	13
ENSPNYG00000007710	2	0	0
ENSPNYG00000007711	0	0	0
ENSPNYG00000007712	3012	1983	2589
ENSPNYG00000007713	0	0	0
ENSPNYG00000007714	0	2	0
ENSPNYG00000007715	1	0	1
ENSPNYG00000007716	0	3	0
ENSPNYG00000007717	1	0	2
ENSPNYG00000007718	221	95	120
ENSPNYG00000007719	0	0	0
ENSPNYG00000007720	0	0	0
ENSPNYG00000007721	2	0	0
ENSPNYG00000007722	44	42	20
ENSPNYG00000007723	5	5	5
ENSPNYG00000007724	8	14	25
ENSPNYG00000007725	2	6	2
ENSPNYG00000007726	5	2	1
ENSPNYG00000007727	6	3	14
ENSPNYG00000007728	14	5	9
ENSPNYG00000007729	2	3	3
ENSPNYG00000007730	0	0	0
ENSPNYG00000007731	0	0	0
ENSPNYG00000007732	11	6	1
ENSPNYG00000007733	0	1	0
ENSPNYG00000007734	13	4	6
ENSPNYG00000007735	1	0	0
ENSPNYG00000007736	3	0	3
ENSPNYG00000007737	2	1	0
ENSPNYG00000007738	7	2	2
ENSPNYG00000007739	0	0	1
ENSPNYG00000007740	3	1	0
ENSPNYG00000007741	13	10	15
ENSPNYG00000007742	25	27	21
ENSPNYG00000007743	0	1	2
ENSPNYG00000007744	11	86	115
ENSPNYG00000007745	5	13	11
ENSPNYG00000007746	0	0	0
ENSPNYG00000007747	8	8	5
ENSPNYG00000007748	0	0	0
ENSPNYG00000007749	9	7	21
ENSPNYG00000007750	32	18	31
ENSPNYG00000007751	0	0	2
ENSPNYG00000007752	0	0	0
ENSPNYG00000007753	1	0	4
ENSPNYG00000007754	23	11	20
ENSPNYG00000007755	3	2	4
ENSPNYG00000007756	0	1	0
ENSPNYG00000007757	736	1176	650
ENSPNYG00000007758	3	1	5
ENSPNYG00000007759	6	0	0
ENSPNYG00000007760	0	0	0
ENSPNYG00000007761	15	5	1
ENSPNYG00000007762	0	1	0
ENSPNYG00000007763	3	0	1
ENSPNYG00000007764	0	1	2
ENSPNYG00000007765	0	0	0
ENSPNYG00000007766	3	3	2
ENSPNYG00000007767	2	2	1
ENSPNYG00000007768	2	0	0
ENSPNYG00000007769	0	0	0
ENSPNYG00000007770	1	0	0
ENSPNYG00000007771	0	0	0
ENSPNYG00000007772	0	1	1
ENSPNYG00000007773	0	0	0
ENSPNYG00000007774	2	0	2
ENSPNYG00000007775	4	4	2
ENSPNYG00000007776	2	0	2
ENSPNYG00000007777	69	57	54
ENSPNYG00000007778	1	0	0
ENSPNYG00000007779	0	13	7
ENSPNYG00000007780	0	0	0
ENSPNYG00000007781	0	0	0
ENSPNYG00000007782	1	6	1
ENSPNYG00000007783	15	34	36
ENSPNYG00000007784	0	0	0
ENSPNYG00000007785	0	0	0
ENSPNYG00000007786	0	0	0
ENSPNYG00000007787	2	2	5
ENSPNYG00000007788	0	0	0
ENSPNYG00000007789	0	0	0
ENSPNYG00000007790	55	89	159
ENSPNYG00000007791	4	2	5
ENSPNYG00000007792	0	0	0
ENSPNYG00000007793	2	1	3
ENSPNYG00000007794	0	0	0
ENSPNYG00000007795	0	0	0
ENSPNYG00000007796	0	0	0
ENSPNYG00000007797	0	1	1
ENSPNYG00000007798	13	7	5
ENSPNYG00000007799	0	0	0
ENSPNYG00000007800	0	0	0
ENSPNYG00000007801	0	5	5
ENSPNYG00000007802	0	0	2
ENSPNYG00000007803	0	0	0
ENSPNYG00000007804	10	9	11
ENSPNYG00000007805	4	2	4
ENSPNYG00000007806	2	9	8
ENSPNYG00000007807	0	0	0
ENSPNYG00000007808	0	0	0
ENSPNYG00000007809	0	0	1
ENSPNYG00000007810	1	0	0
ENSPNYG00000007811	0	0	0
ENSPNYG00000007812	1	0	0
ENSPNYG00000007813	3	1	2
ENSPNYG00000007814	1	2	1
ENSPNYG00000007815	36137	56069	76709
ENSPNYG00000007816	5	74	104
ENSPNYG00000007817	0	0	0
ENSPNYG00000007818	1	0	1
ENSPNYG00000007819	3	2	2
ENSPNYG00000007820	3	1	0
ENSPNYG00000007821	0	0	0
ENSPNYG00000007822	0	2	1
ENSPNYG00000007823	0	1	1
ENSPNYG00000007824	0	0	0
ENSPNYG00000007825	5	4	1
ENSPNYG00000007826	16	4	14
ENSPNYG00000007827	2	0	0
ENSPNYG00000007828	1	1	0
ENSPNYG00000007829	0	0	0
ENSPNYG00000007830	39	6	14
ENSPNYG00000007831	0	5	1
ENSPNYG00000007832	0	1	0
ENSPNYG00000007833	0	0	0
ENSPNYG00000007834	0	0	0
ENSPNYG00000007835	6	3	4
ENSPNYG00000007836	8	4	7
ENSPNYG00000007837	867	531	730
ENSPNYG00000007838	6	9	8
ENSPNYG00000007839	1	1	1
ENSPNYG00000007840	0	0	1
ENSPNYG00000007841	0	0	0
ENSPNYG00000007842	6	5	11
ENSPNYG00000007843	0	0	0
ENSPNYG00000007844	0	0	1
ENSPNYG00000007845	6	0	1
ENSPNYG00000007846	106	256	539
ENSPNYG00000007847	0	1	2
ENSPNYG00000007848	3	1	2
ENSPNYG00000007849	5	14	3
ENSPNYG00000007850	0	3	0
ENSPNYG00000007851	0	2	3
ENSPNYG00000007852	5	11	4
ENSPNYG00000007853	2	2	1
ENSPNYG00000007854	1	0	4
ENSPNYG00000007855	0	3	1
ENSPNYG00000007856	0	0	0
ENSPNYG00000007857	0	0	0
ENSPNYG00000007858	2	0	5
ENSPNYG00000007859	0	2	0
ENSPNYG00000007860	0	1	0
ENSPNYG00000007861	10	6	29
ENSPNYG00000007862	24	23	21
ENSPNYG00000007863	0	2	1
ENSPNYG00000007864	18	11	10
ENSPNYG00000007865	0	0	0
ENSPNYG00000007866	1	0	0
ENSPNYG00000007867	0	0	1
ENSPNYG00000007868	2	0	0
ENSPNYG00000007869	2	1	0
ENSPNYG00000007870	1	4	1
ENSPNYG00000007871	6	8	8
ENSPNYG00000007872	0	0	1
ENSPNYG00000007873	0	0	0
ENSPNYG00000007874	14	15	23
ENSPNYG00000007875	0	4	0
ENSPNYG00000007876	2	3	1
ENSPNYG00000007877	1	6	0
ENSPNYG00000007878	0	0	0
ENSPNYG00000007879	16	6	7
ENSPNYG00000007880	4	3	6
ENSPNYG00000007881	2	3	0
ENSPNYG00000007882	0	0	0
ENSPNYG00000007883	0	0	0
ENSPNYG00000007884	4	1	6
ENSPNYG00000007885	0	0	0
ENSPNYG00000007886	1	1	0
ENSPNYG00000007887	1	0	0
ENSPNYG00000007888	10	6	15
ENSPNYG00000007889	1	1	1
ENSPNYG00000007890	5	3	7
ENSPNYG00000007891	0	0	0
ENSPNYG00000007892	0	0	0
ENSPNYG00000007893	1	1	0
ENSPNYG00000007894	0	0	0
ENSPNYG00000007895	8	3	2
ENSPNYG00000007896	0	0	3
ENSPNYG00000007897	7	1	7
ENSPNYG00000007898	0	0	0
ENSPNYG00000007899	2	2	2
ENSPNYG00000007900	4	1	0
ENSPNYG00000007901	99	84	73
ENSPNYG00000007902	7	9	5
ENSPNYG00000007903	100	37	35
ENSPNYG00000007904	6	7	5
ENSPNYG00000007905	5	4	5
ENSPNYG00000007906	4	5	6
ENSPNYG00000007907	222	143	146
ENSPNYG00000007908	2	0	1
ENSPNYG00000007909	1	1	2
ENSPNYG00000007910	7	8	10
ENSPNYG00000007911	0	0	0
ENSPNYG00000007912	0	0	0
ENSPNYG00000007913	7	1	4
ENSPNYG00000007914	4	4	2
ENSPNYG00000007915	4	1	2
ENSPNYG00000007916	0	0	1
ENSPNYG00000007917	83	26	113
ENSPNYG00000007918	10	6	11
ENSPNYG00000007919	0	0	0
ENSPNYG00000007920	0	0	0
ENSPNYG00000007921	3	3	1
ENSPNYG00000007922	0	0	0
ENSPNYG00000007923	1	0	0
ENSPNYG00000007924	0	0	0
ENSPNYG00000007925	0	0	0
ENSPNYG00000007926	0	0	0
ENSPNYG00000007927	0	0	0
ENSPNYG00000007928	0	0	0
ENSPNYG00000007929	0	1	1
ENSPNYG00000007930	0	0	1
ENSPNYG00000007931	5	3	4
ENSPNYG00000007932	0	0	7
ENSPNYG00000007933	1	2	10
ENSPNYG00000007934	5	0	0
ENSPNYG00000007935	0	1	4
ENSPNYG00000007936	16	5	16
ENSPNYG00000007937	0	0	0
ENSPNYG00000007938	14	4	6
ENSPNYG00000007939	0	0	1
ENSPNYG00000007940	1	1	1
ENSPNYG00000007941	6	5	7
ENSPNYG00000007942	5	4	6
ENSPNYG00000007943	10	48	19
ENSPNYG00000007944	0	0	0
ENSPNYG00000007945	33	2	3
ENSPNYG00000007946	0	0	0
ENSPNYG00000007947	0	0	0
ENSPNYG00000007948	0	9	9
ENSPNYG00000007949	1	0	0
ENSPNYG00000007950	0	0	0
ENSPNYG00000007951	1	0	3
ENSPNYG00000007952	1	2	4
ENSPNYG00000007953	2	3	3
ENSPNYG00000007954	1	0	3
ENSPNYG00000007955	6	13	2
ENSPNYG00000007956	0	0	0
ENSPNYG00000007957	1	4	16
ENSPNYG00000007958	314	575	466
ENSPNYG00000007959	0	0	2
ENSPNYG00000007960	17	12	14
ENSPNYG00000007961	2	0	2
ENSPNYG00000007962	31	32	49
ENSPNYG00000007963	0	0	1
ENSPNYG00000007964	16	10	3
ENSPNYG00000007965	24	8	22
ENSPNYG00000007966	0	0	1
ENSPNYG00000007967	1	1	2
ENSPNYG00000007968	9	8	3
ENSPNYG00000007969	2	2	7
ENSPNYG00000007970	0	1	3
ENSPNYG00000007971	0	0	2
ENSPNYG00000007972	0	1	0
ENSPNYG00000007973	2	2	0
ENSPNYG00000007974	106	27	106
ENSPNYG00000007975	1	2	5
ENSPNYG00000007976	0	0	0
ENSPNYG00000007977	229	224	294
ENSPNYG00000007978	0	0	0
ENSPNYG00000007979	235	235	407
ENSPNYG00000007980	12	10	18
ENSPNYG00000007981	0	0	1
ENSPNYG00000007982	0	0	1
ENSPNYG00000007983	0	3	1
ENSPNYG00000007984	2	2	9
ENSPNYG00000007985	0	0	3
ENSPNYG00000007986	0	0	0
ENSPNYG00000007987	8	2	5
ENSPNYG00000007988	15	0	8
ENSPNYG00000007989	1	1	0
ENSPNYG00000007990	0	0	0
ENSPNYG00000007991	0	0	0
ENSPNYG00000007992	1	4	10
ENSPNYG00000007993	0	0	0
ENSPNYG00000007994	0	0	0
ENSPNYG00000007995	5	6	13
ENSPNYG00000007996	4	3	2
ENSPNYG00000007997	1	5	0
ENSPNYG00000007998	1	0	0
ENSPNYG00000007999	3	1	5
ENSPNYG00000008000	0	0	0
ENSPNYG00000008001	0	0	0
ENSPNYG00000008002	6	3	5
ENSPNYG00000008003	0	0	0
ENSPNYG00000008004	0	1	1
ENSPNYG00000008005	0	0	0
ENSPNYG00000008006	96	116	136
ENSPNYG00000008007	0	0	0
ENSPNYG00000008008	0	1	0
ENSPNYG00000008009	1	1	1
ENSPNYG00000008010	0	1	0
ENSPNYG00000008011	0	0	0
ENSPNYG00000008012	0	0	0
ENSPNYG00000008013	0	5	4
ENSPNYG00000008014	0	0	0
ENSPNYG00000008015	0	0	0
ENSPNYG00000008016	1	0	0
ENSPNYG00000008017	1	0	0
ENSPNYG00000008018	7	8	2
ENSPNYG00000008019	0	0	0
ENSPNYG00000008020	0	0	0
ENSPNYG00000008021	0	0	0
ENSPNYG00000008022	3	1	0
ENSPNYG00000008023	0	0	0
ENSPNYG00000008024	468	667	439
ENSPNYG00000008025	0	2	0
ENSPNYG00000008026	0	0	2
ENSPNYG00000008027	39	20	46
ENSPNYG00000008028	2	0	0
ENSPNYG00000008029	2	1	1
ENSPNYG00000008030	7	7	3
ENSPNYG00000008031	0	1	4
ENSPNYG00000008032	0	0	0
ENSPNYG00000008033	2	1	1
ENSPNYG00000008034	0	0	0
ENSPNYG00000008035	35	21	43
ENSPNYG00000008036	0	0	0
ENSPNYG00000008037	0	1	0
ENSPNYG00000008038	0	2	0
ENSPNYG00000008039	511	290	288
ENSPNYG00000008040	7	2	4
ENSPNYG00000008041	5	8	8
ENSPNYG00000008042	0	0	0
ENSPNYG00000008043	0	1	5
ENSPNYG00000008044	0	0	0
ENSPNYG00000008045	4	1	1
ENSPNYG00000008046	24	18	23
ENSPNYG00000008047	0	0	0
ENSPNYG00000008048	0	1	4
ENSPNYG00000008049	2	3	6
ENSPNYG00000008050	16	12	5
ENSPNYG00000008051	0	0	0
ENSPNYG00000008052	0	0	0
ENSPNYG00000008053	0	0	0
ENSPNYG00000008054	0	0	2
ENSPNYG00000008055	0	0	0
ENSPNYG00000008056	66	6	39
ENSPNYG00000008057	0	0	0
ENSPNYG00000008058	9	3	8
ENSPNYG00000008059	15	13	12
ENSPNYG00000008060	11	6	22
ENSPNYG00000008061	1	2	8
ENSPNYG00000008062	22	10	14
ENSPNYG00000008063	66	56	58
ENSPNYG00000008064	0	0	2
ENSPNYG00000008065	0	0	0
ENSPNYG00000008066	0	0	0
ENSPNYG00000008067	0	1	0
ENSPNYG00000008068	0	0	0
ENSPNYG00000008069	59	58	82
ENSPNYG00000008070	0	0	0
ENSPNYG00000008071	0	0	0
ENSPNYG00000008072	0	0	0
ENSPNYG00000008073	2	0	1
ENSPNYG00000008074	235	109	149
ENSPNYG00000008075	63	59	118
ENSPNYG00000008076	0	0	0
ENSPNYG00000008077	7	7	8
ENSPNYG00000008078	0	0	0
ENSPNYG00000008079	1	0	0
ENSPNYG00000008080	1	0	1
ENSPNYG00000008081	0	0	0
ENSPNYG00000008082	0	0	0
ENSPNYG00000008083	0	0	0
ENSPNYG00000008084	5	0	0
ENSPNYG00000008085	1	0	0
ENSPNYG00000008086	0	0	0
ENSPNYG00000008087	16	7	3
ENSPNYG00000008088	0	0	0
ENSPNYG00000008089	8	0	4
ENSPNYG00000008090	0	1	0
ENSPNYG00000008091	0	0	0
ENSPNYG00000008092	0	0	0
ENSPNYG00000008093	0	0	0
ENSPNYG00000008094	8	9	12
ENSPNYG00000008095	1	0	1
ENSPNYG00000008096	10	17	20
ENSPNYG00000008097	1	0	2
ENSPNYG00000008098	65	34	36
ENSPNYG00000008099	0	0	0
ENSPNYG00000008100	0	0	0
ENSPNYG00000008101	741	459	487
ENSPNYG00000008102	0	0	0
ENSPNYG00000008103	0	0	0
ENSPNYG00000008104	0	0	0
ENSPNYG00000008105	0	0	2
ENSPNYG00000008106	0	3	1
ENSPNYG00000008107	0	0	0
ENSPNYG00000008108	6836	9384	7861
ENSPNYG00000008109	0	0	0
ENSPNYG00000008110	0	0	0
ENSPNYG00000008111	2	0	4
ENSPNYG00000008112	1	0	0
ENSPNYG00000008113	0	0	0
ENSPNYG00000008114	0	0	0
ENSPNYG00000008115	0	0	0
ENSPNYG00000008116	6	1	0
ENSPNYG00000008117	1	2	2
ENSPNYG00000008118	12	0	22
ENSPNYG00000008119	0	0	0
ENSPNYG00000008120	0	0	0
ENSPNYG00000008121	33	35	32
ENSPNYG00000008122	12	4	10
ENSPNYG00000008123	0	0	1
ENSPNYG00000008124	3	4	1
ENSPNYG00000008125	2	0	0
ENSPNYG00000008126	1	0	0
ENSPNYG00000008127	888	604	874
ENSPNYG00000008128	9	2	4
ENSPNYG00000008129	3	2	29
ENSPNYG00000008130	3	8	8
ENSPNYG00000008131	1	0	1
ENSPNYG00000008132	0	0	0
ENSPNYG00000008133	0	0	0
ENSPNYG00000008134	2	0	1
ENSPNYG00000008135	0	0	0
ENSPNYG00000008136	2	1	0
ENSPNYG00000008137	2	0	1
ENSPNYG00000008138	5	9	18
ENSPNYG00000008139	0	0	0
ENSPNYG00000008140	0	0	0
ENSPNYG00000008141	0	0	0
ENSPNYG00000008142	3	2	1
ENSPNYG00000008143	1	0	2
ENSPNYG00000008144	0	0	0
ENSPNYG00000008145	2	2	2
ENSPNYG00000008146	1	2	3
ENSPNYG00000008147	0	0	2
ENSPNYG00000008148	0	0	0
ENSPNYG00000008149	0	0	0
ENSPNYG00000008150	0	0	0
ENSPNYG00000008151	0	0	0
ENSPNYG00000008152	12	18	24
ENSPNYG00000008153	0	0	0
ENSPNYG00000008154	1	0	0
ENSPNYG00000008155	6	3	6
ENSPNYG00000008156	0	0	0
ENSPNYG00000008157	0	0	0
ENSPNYG00000008158	0	0	0
ENSPNYG00000008159	0	0	0
ENSPNYG00000008160	0	0	0
ENSPNYG00000008161	6	20	17
ENSPNYG00000008162	2	0	3
ENSPNYG00000008163	0	0	1
ENSPNYG00000008164	0	0	0
ENSPNYG00000008165	0	0	1
ENSPNYG00000008166	1353	666	1274
ENSPNYG00000008167	2	0	1
ENSPNYG00000008168	2	0	0
ENSPNYG00000008169	1	0	3
ENSPNYG00000008170	2	2	2
ENSPNYG00000008171	0	0	0
ENSPNYG00000008172	0	0	0
ENSPNYG00000008173	41	31	20
ENSPNYG00000008174	2	1	0
ENSPNYG00000008175	0	0	0
ENSPNYG00000008176	0	0	0
ENSPNYG00000008177	4	1	1
ENSPNYG00000008178	3	2	4
ENSPNYG00000008179	0	4	1
ENSPNYG00000008180	5	0	1
ENSPNYG00000008181	0	0	0
ENSPNYG00000008182	1	1	0
ENSPNYG00000008183	1	1	0
ENSPNYG00000008184	0	0	0
ENSPNYG00000008185	6	5	17
ENSPNYG00000008186	3	1	1
ENSPNYG00000008187	0	0	0
ENSPNYG00000008188	12	80	91
ENSPNYG00000008189	1	0	0
ENSPNYG00000008190	15	19	18
ENSPNYG00000008191	0	2	0
ENSPNYG00000008192	0	0	0
ENSPNYG00000008193	0	0	1
ENSPNYG00000008194	10	2	10
ENSPNYG00000008195	0	0	0
ENSPNYG00000008196	1	0	0
ENSPNYG00000008197	3	3	0
ENSPNYG00000008198	2	1	0
ENSPNYG00000008199	0	0	0
ENSPNYG00000008200	2	1	2
ENSPNYG00000008201	3	5	2
ENSPNYG00000008202	0	5	1
ENSPNYG00000008203	0	0	0
ENSPNYG00000008204	1	4	6
ENSPNYG00000008205	14	48	36
ENSPNYG00000008206	1	0	0
ENSPNYG00000008207	0	0	1
ENSPNYG00000008208	0	0	1
ENSPNYG00000008209	1	0	2
ENSPNYG00000008210	0	0	0
ENSPNYG00000008211	1	0	2
ENSPNYG00000008212	278	162	282
ENSPNYG00000008213	5	9	18
ENSPNYG00000008214	0	0	1
ENSPNYG00000008215	0	0	1
ENSPNYG00000008216	1962	2390	1952
ENSPNYG00000008217	6	2	4
ENSPNYG00000008218	69	18	28
ENSPNYG00000008219	0	0	0
ENSPNYG00000008220	4	0	0
ENSPNYG00000008221	0	0	0
ENSPNYG00000008222	0	0	0
ENSPNYG00000008223	1	2	0
ENSPNYG00000008224	0	0	1
ENSPNYG00000008225	0	0	0
ENSPNYG00000008226	2	1	3
ENSPNYG00000008227	0	0	0
ENSPNYG00000008228	0	0	0
ENSPNYG00000008229	2	2	1
ENSPNYG00000008230	1	0	0
ENSPNYG00000008231	0	1	7
ENSPNYG00000008232	0	0	0
ENSPNYG00000008233	1078	1353	1077
ENSPNYG00000008234	6	4	3
ENSPNYG00000008235	0	0	0
ENSPNYG00000008236	3	2	3
ENSPNYG00000008237	0	0	0
ENSPNYG00000008238	0	0	0
ENSPNYG00000008239	7	6	7
ENSPNYG00000008240	0	0	0
ENSPNYG00000008241	0	0	0
ENSPNYG00000008242	0	0	0
ENSPNYG00000008243	0	0	0
ENSPNYG00000008244	0	0	0
ENSPNYG00000008245	0	0	0
ENSPNYG00000008246	0	2	9
ENSPNYG00000008247	0	0	1
ENSPNYG00000008248	3	6	16
ENSPNYG00000008249	9	10	9
ENSPNYG00000008250	2	0	8
ENSPNYG00000008251	0	3	0
ENSPNYG00000008252	0	0	0
ENSPNYG00000008253	0	0	0
ENSPNYG00000008254	0	0	0
ENSPNYG00000008255	0	0	13
ENSPNYG00000008256	0	0	3
ENSPNYG00000008257	5	2	10
ENSPNYG00000008258	1	0	0
ENSPNYG00000008259	1	0	2
ENSPNYG00000008260	0	1	0
ENSPNYG00000008261	0	0	0
ENSPNYG00000008262	6	0	6
ENSPNYG00000008263	0	0	1
ENSPNYG00000008264	90	97	160
ENSPNYG00000008265	2	0	3
ENSPNYG00000008266	1	5	0
ENSPNYG00000008267	0	0	0
ENSPNYG00000008268	0	0	0
ENSPNYG00000008269	0	0	0
ENSPNYG00000008270	0	0	1
ENSPNYG00000008271	0	0	0
ENSPNYG00000008272	0	3	1
ENSPNYG00000008273	7	2	3
ENSPNYG00000008274	1	0	2
ENSPNYG00000008275	0	0	0
ENSPNYG00000008276	69	30	36
ENSPNYG00000008277	0	0	1
ENSPNYG00000008278	3	1	9
ENSPNYG00000008279	0	0	0
ENSPNYG00000008280	0	2	1
ENSPNYG00000008281	0	3	0
ENSPNYG00000008282	371	152	209
ENSPNYG00000008283	10	7	18
ENSPNYG00000008284	1	1	1
ENSPNYG00000008285	0	0	0
ENSPNYG00000008286	11	7	6
ENSPNYG00000008287	11	16	22
ENSPNYG00000008288	1	3	3
ENSPNYG00000008289	0	0	0
ENSPNYG00000008290	4	1	1
ENSPNYG00000008291	0	0	0
ENSPNYG00000008292	1	0	0
ENSPNYG00000008293	0	0	0
ENSPNYG00000008294	0	0	1
ENSPNYG00000008295	0	0	0
ENSPNYG00000008296	0	0	0
ENSPNYG00000008297	0	0	0
ENSPNYG00000008298	4	0	1
ENSPNYG00000008299	1	0	0
ENSPNYG00000008300	0	2	2
ENSPNYG00000008301	0	0	0
ENSPNYG00000008302	0	0	0
ENSPNYG00000008303	0	0	0
ENSPNYG00000008304	0	0	0
ENSPNYG00000008305	0	1	0
ENSPNYG00000008306	0	0	1
ENSPNYG00000008307	0	0	0
ENSPNYG00000008308	14	3	8
ENSPNYG00000008309	0	0	0
ENSPNYG00000008310	0	0	0
ENSPNYG00000008311	20	7	6
ENSPNYG00000008312	0	0	0
ENSPNYG00000008313	7	11	5
ENSPNYG00000008314	0	0	0
ENSPNYG00000008315	7	4	3
ENSPNYG00000008316	0	0	0
ENSPNYG00000008317	34	5	4
ENSPNYG00000008318	0	5	2
ENSPNYG00000008319	0	0	0
ENSPNYG00000008320	3	3	2
ENSPNYG00000008321	0	0	2
ENSPNYG00000008322	1	0	0
ENSPNYG00000008323	0	0	0
ENSPNYG00000008324	1	0	0
ENSPNYG00000008325	1	1	0
ENSPNYG00000008326	3	2	0
ENSPNYG00000008327	1	0	0
ENSPNYG00000008328	4	3	0
ENSPNYG00000008329	2	1	0
ENSPNYG00000008330	10	9	18
ENSPNYG00000008331	0	0	0
ENSPNYG00000008332	1	3	0
ENSPNYG00000008333	0	0	0
ENSPNYG00000008334	32	14	18
ENSPNYG00000008335	0	0	0
ENSPNYG00000008336	0	0	0
ENSPNYG00000008337	1	0	0
ENSPNYG00000008338	16	7	11
ENSPNYG00000008339	0	0	0
ENSPNYG00000008340	2	4	1
ENSPNYG00000008341	27	22	22
ENSPNYG00000008342	0	0	0
ENSPNYG00000008343	0	0	0
ENSPNYG00000008344	0	2	0
ENSPNYG00000008345	2	4	4
ENSPNYG00000008346	2	1	6
ENSPNYG00000008347	0	1	1
ENSPNYG00000008348	0	0	0
ENSPNYG00000008349	1	0	0
ENSPNYG00000008350	4	5	5
ENSPNYG00000008351	4	9	2
ENSPNYG00000008352	0	0	1
ENSPNYG00000008353	1	0	0
ENSPNYG00000008354	0	0	0
ENSPNYG00000008355	123	94	167
ENSPNYG00000008356	25	29	29
ENSPNYG00000008357	1	4	7
ENSPNYG00000008358	0	0	3
ENSPNYG00000008359	2	2	0
ENSPNYG00000008360	0	0	0
ENSPNYG00000008361	0	0	0
ENSPNYG00000008362	53	31	38
ENSPNYG00000008363	0	0	0
ENSPNYG00000008364	0	0	0
ENSPNYG00000008365	3	0	0
ENSPNYG00000008366	1	1	0
ENSPNYG00000008367	5	3	2
ENSPNYG00000008368	1	1	6
ENSPNYG00000008369	1	0	0
ENSPNYG00000008370	1	0	0
ENSPNYG00000008371	10	9	15
ENSPNYG00000008372	0	2	0
ENSPNYG00000008373	6	10	9
ENSPNYG00000008374	0	1	1
ENSPNYG00000008375	0	0	3
ENSPNYG00000008376	14	24	12
ENSPNYG00000008377	0	0	0
ENSPNYG00000008378	11	1	4
ENSPNYG00000008379	2	1	2
ENSPNYG00000008380	1	0	1
ENSPNYG00000008381	0	0	0
ENSPNYG00000008382	5	1	4
ENSPNYG00000008383	3	1	0
ENSPNYG00000008384	1	2	9
ENSPNYG00000008385	0	0	2
ENSPNYG00000008386	1	2	0
ENSPNYG00000008387	0	0	0
ENSPNYG00000008388	16	9	13
ENSPNYG00000008389	0	0	0
ENSPNYG00000008390	17	13	39
ENSPNYG00000008391	9	6	11
ENSPNYG00000008392	5	2	0
ENSPNYG00000008393	0	0	0
ENSPNYG00000008394	0	0	0
ENSPNYG00000008395	10	3	2
ENSPNYG00000008396	6	2	11
ENSPNYG00000008397	1	7	3
ENSPNYG00000008398	0	0	0
ENSPNYG00000008399	0	0	0
ENSPNYG00000008400	25	21	26
ENSPNYG00000008401	0	1	2
ENSPNYG00000008402	0	0	0
ENSPNYG00000008403	2	0	1
ENSPNYG00000008404	5	5	5
ENSPNYG00000008405	0	0	1
ENSPNYG00000008406	0	0	0
ENSPNYG00000008407	0	1	0
ENSPNYG00000008408	831	508	712
ENSPNYG00000008409	7	6	6
ENSPNYG00000008410	0	0	0
ENSPNYG00000008411	0	0	0
ENSPNYG00000008412	19	4	11
ENSPNYG00000008413	0	0	0
ENSPNYG00000008414	0	0	2
ENSPNYG00000008415	1	1	2
ENSPNYG00000008416	0	0	0
ENSPNYG00000008417	0	0	1
ENSPNYG00000008418	0	1	1
ENSPNYG00000008419	1	1	0
ENSPNYG00000008420	0	0	0
ENSPNYG00000008421	0	0	0
ENSPNYG00000008422	10	16	4
ENSPNYG00000008423	1	0	0
ENSPNYG00000008424	2	0	4
ENSPNYG00000008425	16	12	5
ENSPNYG00000008426	325	210	318
ENSPNYG00000008427	0	0	0
ENSPNYG00000008428	0	6	6
ENSPNYG00000008429	1	1	2
ENSPNYG00000008430	0	0	0
ENSPNYG00000008431	4	2	3
ENSPNYG00000008432	1	0	1
ENSPNYG00000008433	1	8	7
ENSPNYG00000008434	33	5	14
ENSPNYG00000008435	0	0	0
ENSPNYG00000008436	498	422	566
ENSPNYG00000008437	0	0	0
ENSPNYG00000008438	0	0	1
ENSPNYG00000008439	0	0	0
ENSPNYG00000008440	47	12	17
ENSPNYG00000008441	7	2	3
ENSPNYG00000008442	0	0	0
ENSPNYG00000008443	0	0	0
ENSPNYG00000008444	1	0	2
ENSPNYG00000008445	0	0	0
ENSPNYG00000008446	119	144	163
ENSPNYG00000008447	0	0	0
ENSPNYG00000008448	12	0	1
ENSPNYG00000008449	0	0	0
ENSPNYG00000008450	1	0	0
ENSPNYG00000008451	0	1	2
ENSPNYG00000008452	9	3	2
ENSPNYG00000008453	4	6	0
ENSPNYG00000008454	3	2	0
ENSPNYG00000008455	0	0	0
ENSPNYG00000008456	1	0	3
ENSPNYG00000008457	0	0	0
ENSPNYG00000008458	0	1	3
ENSPNYG00000008459	0	1	0
ENSPNYG00000008460	2	6	13
ENSPNYG00000008461	6	12	18
ENSPNYG00000008462	0	0	0
ENSPNYG00000008463	0	0	6
ENSPNYG00000008464	1	0	2
ENSPNYG00000008465	0	0	0
ENSPNYG00000008466	0	0	0
ENSPNYG00000008467	0	0	0
ENSPNYG00000008468	12	18	18
ENSPNYG00000008469	144	122	176
ENSPNYG00000008470	2	0	7
ENSPNYG00000008471	89	34	52
ENSPNYG00000008472	0	0	2
ENSPNYG00000008473	0	0	0
ENSPNYG00000008474	0	0	0
ENSPNYG00000008475	13	1	0
ENSPNYG00000008476	0	0	1
ENSPNYG00000008477	0	0	0
ENSPNYG00000008478	0	0	0
ENSPNYG00000008479	1	1	0
ENSPNYG00000008480	3	5	2
ENSPNYG00000008481	0	0	0
ENSPNYG00000008482	75	101	124
ENSPNYG00000008483	0	1	1
ENSPNYG00000008484	10	7	7
ENSPNYG00000008485	1	0	1
ENSPNYG00000008486	8	4	9
ENSPNYG00000008487	0	0	0
ENSPNYG00000008488	1	0	0
ENSPNYG00000008489	0	4	4
ENSPNYG00000008490	1	0	1
ENSPNYG00000008491	0	0	0
ENSPNYG00000008492	0	0	0
ENSPNYG00000008493	0	0	0
ENSPNYG00000008494	69	83	207
ENSPNYG00000008495	0	3	2
ENSPNYG00000008496	1	3	4
ENSPNYG00000008497	1	3	0
ENSPNYG00000008498	0	0	0
ENSPNYG00000008499	0	0	0
ENSPNYG00000008500	0	0	1
ENSPNYG00000008501	0	0	1
ENSPNYG00000008502	0	0	0
ENSPNYG00000008503	0	0	0
ENSPNYG00000008504	0	1	0
ENSPNYG00000008505	1	0	0
ENSPNYG00000008506	0	0	0
ENSPNYG00000008507	0	0	1
ENSPNYG00000008508	5	13	3
ENSPNYG00000008509	11	3	9
ENSPNYG00000008510	0	2	1
ENSPNYG00000008511	0	0	0
ENSPNYG00000008512	0	0	4
ENSPNYG00000008513	2	1	0
ENSPNYG00000008514	10	5	12
ENSPNYG00000008515	0	2	0
ENSPNYG00000008516	2	4	7
ENSPNYG00000008517	0	0	0
ENSPNYG00000008518	0	0	0
ENSPNYG00000008519	2	0	4
ENSPNYG00000008520	0	0	2
ENSPNYG00000008521	5	2	1
ENSPNYG00000008522	0	0	2
ENSPNYG00000008523	0	0	0
ENSPNYG00000008524	1	0	4
ENSPNYG00000008525	3	1	3
ENSPNYG00000008526	4	10	13
ENSPNYG00000008527	2	3	1
ENSPNYG00000008528	0	0	0
ENSPNYG00000008529	1	1	3
ENSPNYG00000008530	7	1	0
ENSPNYG00000008531	2	2	3
ENSPNYG00000008532	9	18	28
ENSPNYG00000008533	0	1	1
ENSPNYG00000008534	11	7	13
ENSPNYG00000008535	13	9	16
ENSPNYG00000008536	0	0	0
ENSPNYG00000008537	0	0	0
ENSPNYG00000008538	14	5	18
ENSPNYG00000008539	1747	1465	1548
ENSPNYG00000008540	0	0	0
ENSPNYG00000008541	0	0	0
ENSPNYG00000008542	3	7	12
ENSPNYG00000008543	8	3	3
ENSPNYG00000008544	1	1	0
ENSPNYG00000008545	2	2	5
ENSPNYG00000008546	0	0	0
ENSPNYG00000008547	4	3	6
ENSPNYG00000008548	1	0	0
ENSPNYG00000008549	14	18	29
ENSPNYG00000008550	0	0	0
ENSPNYG00000008551	0	0	0
ENSPNYG00000008552	1	2	0
ENSPNYG00000008553	3	2	2
ENSPNYG00000008554	1	3	0
ENSPNYG00000008555	2	3	4
ENSPNYG00000008556	470	875	1483
ENSPNYG00000008557	1	0	1
ENSPNYG00000008558	2	1	3
ENSPNYG00000008559	1	0	1
ENSPNYG00000008560	0	0	1
ENSPNYG00000008561	0	4	4
ENSPNYG00000008562	5	5	7
ENSPNYG00000008563	2	4	11
ENSPNYG00000008564	2	1	2
ENSPNYG00000008565	0	2	4
ENSPNYG00000008566	1	1	0
ENSPNYG00000008567	1	4	4
ENSPNYG00000008568	0	0	0
ENSPNYG00000008569	1	1	2
ENSPNYG00000008570	0	0	0
ENSPNYG00000008571	0	0	0
ENSPNYG00000008572	6	5	2
ENSPNYG00000008573	15	19	25
ENSPNYG00000008574	0	1	3
ENSPNYG00000008575	1	0	0
ENSPNYG00000008576	0	0	0
ENSPNYG00000008577	111	21	33
ENSPNYG00000008578	3	0	2
ENSPNYG00000008579	0	0	0
ENSPNYG00000008580	31	10	26
ENSPNYG00000008581	0	0	0
ENSPNYG00000008582	0	7	0
ENSPNYG00000008583	0	1	0
ENSPNYG00000008584	17	3	21
ENSPNYG00000008585	4	1	0
ENSPNYG00000008586	0	0	0
ENSPNYG00000008587	0	0	0
ENSPNYG00000008588	2	20	0
ENSPNYG00000008589	1	1	0
ENSPNYG00000008590	5	1	2
ENSPNYG00000008591	4	2	14
ENSPNYG00000008592	6	2	1
ENSPNYG00000008593	23	11	15
ENSPNYG00000008594	2	0	0
ENSPNYG00000008595	15	8	25
ENSPNYG00000008596	16	11	7
ENSPNYG00000008597	6	0	3
ENSPNYG00000008598	0	2	0
ENSPNYG00000008599	499	362	593
ENSPNYG00000008600	0	0	0
ENSPNYG00000008601	0	0	0
ENSPNYG00000008602	3	0	2
ENSPNYG00000008603	2	0	3
ENSPNYG00000008604	5	3	1
ENSPNYG00000008605	0	0	0
ENSPNYG00000008606	0	2	3
ENSPNYG00000008607	0	0	3
ENSPNYG00000008608	0	0	0
ENSPNYG00000008609	0	0	0
ENSPNYG00000008610	5	5	4
ENSPNYG00000008611	0	0	1
ENSPNYG00000008612	0	0	0
ENSPNYG00000008613	7	5	5
ENSPNYG00000008614	0	0	0
ENSPNYG00000008615	2	2	1
ENSPNYG00000008616	5	11	3
ENSPNYG00000008617	3	1	6
ENSPNYG00000008618	1	1	5
ENSPNYG00000008619	1156	519	630
ENSPNYG00000008620	1	1	0
ENSPNYG00000008621	3	11	18
ENSPNYG00000008622	1	0	0
ENSPNYG00000008623	0	0	0
ENSPNYG00000008624	8	7	15
ENSPNYG00000008625	1	3	6
ENSPNYG00000008626	5	3	2
ENSPNYG00000008627	0	2	0
ENSPNYG00000008628	0	0	0
ENSPNYG00000008629	0	0	2
ENSPNYG00000008630	0	0	0
ENSPNYG00000008631	13	6	3
ENSPNYG00000008632	127	27	41
ENSPNYG00000008633	2	0	3
ENSPNYG00000008634	10	2	12
ENSPNYG00000008635	8	3	5
ENSPNYG00000008636	0	1	2
ENSPNYG00000008637	0	1	4
ENSPNYG00000008638	202	180	285
ENSPNYG00000008639	7	10	4
ENSPNYG00000008640	0	1	0
ENSPNYG00000008641	0	0	0
ENSPNYG00000008642	7	4	17
ENSPNYG00000008643	7	0	0
ENSPNYG00000008644	3	4	0
ENSPNYG00000008645	4	5	6
ENSPNYG00000008646	48	2	33
ENSPNYG00000008647	1	1	3
ENSPNYG00000008648	1	0	1
ENSPNYG00000008649	21	4	9
ENSPNYG00000008650	0	0	0
ENSPNYG00000008651	0	0	5
ENSPNYG00000008652	0	0	0
ENSPNYG00000008653	0	0	3
ENSPNYG00000008654	0	0	0
ENSPNYG00000008655	1	0	0
ENSPNYG00000008656	0	5	0
ENSPNYG00000008657	1	0	1
ENSPNYG00000008658	0	0	0
ENSPNYG00000008659	0	0	0
ENSPNYG00000008660	4	16	5
ENSPNYG00000008661	3	0	1
ENSPNYG00000008662	1	2	1
ENSPNYG00000008663	0	0	0
ENSPNYG00000008664	0	0	0
ENSPNYG00000008665	1	0	0
ENSPNYG00000008666	0	0	0
ENSPNYG00000008667	0	0	0
ENSPNYG00000008668	5	2	3
ENSPNYG00000008669	2	0	0
ENSPNYG00000008670	32	15	10
ENSPNYG00000008671	0	3	0
ENSPNYG00000008672	0	0	0
ENSPNYG00000008673	0	0	0
ENSPNYG00000008674	21	18	25
ENSPNYG00000008675	15	5	4
ENSPNYG00000008676	107	40	33
ENSPNYG00000008677	6	1	2
ENSPNYG00000008678	3	3	3
ENSPNYG00000008679	91	97	56
ENSPNYG00000008680	0	0	0
ENSPNYG00000008681	8	5	5
ENSPNYG00000008682	0	2	3
ENSPNYG00000008683	0	0	2
ENSPNYG00000008684	1	4	10
ENSPNYG00000008685	36	30	24
ENSPNYG00000008686	0	0	0
ENSPNYG00000008687	1	1	0
ENSPNYG00000008688	5	7	9
ENSPNYG00000008689	0	4	3
ENSPNYG00000008690	0	0	0
ENSPNYG00000008691	4	4	8
ENSPNYG00000008692	3	4	2
ENSPNYG00000008693	3	6	7
ENSPNYG00000008694	25	29	48
ENSPNYG00000008695	5	1	13
ENSPNYG00000008696	12	3	6
ENSPNYG00000008697	1	1	4
ENSPNYG00000008698	1	0	0
ENSPNYG00000008699	0	1	4
ENSPNYG00000008700	0	2	0
ENSPNYG00000008701	1	0	1
ENSPNYG00000008702	0	0	0
ENSPNYG00000008703	0	0	0
ENSPNYG00000008704	0	0	0
ENSPNYG00000008705	1	0	1
ENSPNYG00000008706	7	6	18
ENSPNYG00000008707	3	0	0
ENSPNYG00000008708	22	10	12
ENSPNYG00000008709	2	5	2
ENSPNYG00000008710	2	3	1
ENSPNYG00000008711	2664	1634	1521
ENSPNYG00000008712	2	0	0
ENSPNYG00000008713	1	0	6
ENSPNYG00000008714	8	4	3
ENSPNYG00000008715	0	0	0
ENSPNYG00000008716	7	7	1
ENSPNYG00000008717	5	7	10
ENSPNYG00000008718	0	0	1
ENSPNYG00000008719	2	0	0
ENSPNYG00000008720	0	0	1
ENSPNYG00000008721	3	2	4
ENSPNYG00000008722	25	28	12
ENSPNYG00000008723	0	0	0
ENSPNYG00000008724	3	5	4
ENSPNYG00000008725	6	3	4
ENSPNYG00000008726	1	0	0
ENSPNYG00000008727	77	48	43
ENSPNYG00000008728	0	0	0
ENSPNYG00000008729	1	3	1
ENSPNYG00000008730	0	1	0
ENSPNYG00000008731	0	0	0
ENSPNYG00000008732	3	0	0
ENSPNYG00000008733	1	0	0
ENSPNYG00000008734	0	3	4
ENSPNYG00000008735	0	1	0
ENSPNYG00000008736	0	0	0
ENSPNYG00000008737	1	0	0
ENSPNYG00000008738	0	0	0
ENSPNYG00000008739	1	0	1
ENSPNYG00000008740	0	2	0
ENSPNYG00000008741	0	0	0
ENSPNYG00000008742	0	5	5
ENSPNYG00000008743	2	1	2
ENSPNYG00000008744	3	0	2
ENSPNYG00000008745	5	4	1
ENSPNYG00000008746	1	1	3
ENSPNYG00000008747	0	2	0
ENSPNYG00000008748	0	1	0
ENSPNYG00000008749	16	3	12
ENSPNYG00000008750	0	0	0
ENSPNYG00000008751	32	13	14
ENSPNYG00000008752	1	3	1
ENSPNYG00000008753	0	3	0
ENSPNYG00000008754	0	0	0
ENSPNYG00000008755	1	0	0
ENSPNYG00000008756	1	0	3
ENSPNYG00000008757	3	2	3
ENSPNYG00000008758	6	1	0
ENSPNYG00000008759	0	0	0
ENSPNYG00000008760	13	2	9
ENSPNYG00000008761	2	2	1
ENSPNYG00000008762	7	18	24
ENSPNYG00000008763	5	0	12
ENSPNYG00000008764	0	1	0
ENSPNYG00000008765	0	0	0
ENSPNYG00000008766	0	0	0
ENSPNYG00000008767	0	0	0
ENSPNYG00000008768	2009	4	15
ENSPNYG00000008769	0	2	1
ENSPNYG00000008770	0	0	0
ENSPNYG00000008771	2	3	0
ENSPNYG00000008772	0	1	0
ENSPNYG00000008773	0	1	1
ENSPNYG00000008774	0	0	0
ENSPNYG00000008775	1	1	3
ENSPNYG00000008776	1416	267	257
ENSPNYG00000008777	4	5	7
ENSPNYG00000008778	6	7	6
ENSPNYG00000008779	0	0	0
ENSPNYG00000008780	0	1	0
ENSPNYG00000008781	2	0	0
ENSPNYG00000008782	2	0	1
ENSPNYG00000008783	3	2	3
ENSPNYG00000008784	0	0	0
ENSPNYG00000008785	1	1	6
ENSPNYG00000008786	3	4	2
ENSPNYG00000008787	51	25	23
ENSPNYG00000008788	0	0	0
ENSPNYG00000008789	0	0	1
ENSPNYG00000008790	6	7	6
ENSPNYG00000008791	10	2	5
ENSPNYG00000008792	1	0	0
ENSPNYG00000008793	2	0	0
ENSPNYG00000008794	0	6	4
ENSPNYG00000008795	3	0	0
ENSPNYG00000008796	7	6	4
ENSPNYG00000008797	223	120	131
ENSPNYG00000008798	2	1	2
ENSPNYG00000008799	3	1	4
ENSPNYG00000008800	0	0	1
ENSPNYG00000008801	0	0	0
ENSPNYG00000008802	0	0	0
ENSPNYG00000008803	0	0	0
ENSPNYG00000008804	26	136	178
ENSPNYG00000008805	0	1	0
ENSPNYG00000008806	3	1	0
ENSPNYG00000008807	0	0	0
ENSPNYG00000008808	2	0	1
ENSPNYG00000008809	0	0	0
ENSPNYG00000008810	0	0	0
ENSPNYG00000008811	0	0	0
ENSPNYG00000008812	1	0	1
ENSPNYG00000008813	0	1	2
ENSPNYG00000008814	0	0	0
ENSPNYG00000008815	0	0	1
ENSPNYG00000008816	0	5	0
ENSPNYG00000008817	0	0	0
ENSPNYG00000008818	938	511	561
ENSPNYG00000008819	0	0	3
ENSPNYG00000008820	0	0	0
ENSPNYG00000008821	0	1	4
ENSPNYG00000008822	0	2	0
ENSPNYG00000008823	0	0	0
ENSPNYG00000008824	0	1	0
ENSPNYG00000008825	0	0	0
ENSPNYG00000008826	0	0	0
ENSPNYG00000008827	0	1	0
ENSPNYG00000008828	0	4	0
ENSPNYG00000008829	4	0	1
ENSPNYG00000008830	0	8	11
ENSPNYG00000008831	14	7	5
ENSPNYG00000008832	0	0	0
ENSPNYG00000008833	0	0	0
ENSPNYG00000008834	0	0	0
ENSPNYG00000008835	8	2	2
ENSPNYG00000008836	1	0	3
ENSPNYG00000008837	0	0	0
ENSPNYG00000008838	0	0	1
ENSPNYG00000008839	0	0	0
ENSPNYG00000008840	20	5	31
ENSPNYG00000008841	2	9	5
ENSPNYG00000008842	2	9	9
ENSPNYG00000008843	0	7	0
ENSPNYG00000008844	0	0	0
ENSPNYG00000008845	1	0	0
ENSPNYG00000008846	0	0	1
ENSPNYG00000008847	0	0	0
ENSPNYG00000008848	1	0	0
ENSPNYG00000008849	1	2	2
ENSPNYG00000008850	8	11	6
ENSPNYG00000008851	3	2	3
ENSPNYG00000008852	1	1	0
ENSPNYG00000008853	0	0	0
ENSPNYG00000008854	0	0	2
ENSPNYG00000008855	2	0	0
ENSPNYG00000008856	85	96	24
ENSPNYG00000008857	0	0	0
ENSPNYG00000008858	0	0	0
ENSPNYG00000008859	5	3	7
ENSPNYG00000008860	0	0	0
ENSPNYG00000008861	3	0	1
ENSPNYG00000008862	2	1	5
ENSPNYG00000008863	2	1	1
ENSPNYG00000008864	4	4	6
ENSPNYG00000008865	1	0	0
ENSPNYG00000008866	0	1	4
ENSPNYG00000008867	0	2	1
ENSPNYG00000008868	1	4	0
ENSPNYG00000008869	0	0	0
ENSPNYG00000008870	0	0	0
ENSPNYG00000008871	0	0	0
ENSPNYG00000008872	0	0	0
ENSPNYG00000008873	0	0	0
ENSPNYG00000008874	0	0	0
ENSPNYG00000008875	1	1	0
ENSPNYG00000008876	306	286	258
ENSPNYG00000008877	48	28	58
ENSPNYG00000008878	0	1	2
ENSPNYG00000008879	2	2	2
ENSPNYG00000008880	1	1	2
ENSPNYG00000008881	1	0	0
ENSPNYG00000008882	7	10	15
ENSPNYG00000008883	0	2	0
ENSPNYG00000008884	0	0	0
ENSPNYG00000008885	6	15	8
ENSPNYG00000008886	0	0	0
ENSPNYG00000008887	0	0	0
ENSPNYG00000008888	1	2	0
ENSPNYG00000008889	25	29	24
ENSPNYG00000008890	0	1	2
ENSPNYG00000008891	226	175	262
ENSPNYG00000008892	57	41	37
ENSPNYG00000008893	2	1	1
ENSPNYG00000008894	0	0	0
ENSPNYG00000008895	0	3	2
ENSPNYG00000008896	0	0	0
ENSPNYG00000008897	2	8	11
ENSPNYG00000008898	0	0	0
ENSPNYG00000008899	0	3	5
ENSPNYG00000008900	0	0	0
ENSPNYG00000008901	0	0	0
ENSPNYG00000008902	3	4	4
ENSPNYG00000008903	0	0	0
ENSPNYG00000008904	4	1	4
ENSPNYG00000008905	4	3	4
ENSPNYG00000008906	0	0	0
ENSPNYG00000008907	16	4	7
ENSPNYG00000008908	0	0	0
ENSPNYG00000008909	0	0	3
ENSPNYG00000008910	0	0	1
ENSPNYG00000008911	0	0	0
ENSPNYG00000008912	1	0	2
ENSPNYG00000008913	1	2	0
ENSPNYG00000008914	8	4	7
ENSPNYG00000008915	0	1	1
ENSPNYG00000008916	0	0	0
ENSPNYG00000008917	2	0	2
ENSPNYG00000008918	1	0	0
ENSPNYG00000008919	2	5	7
ENSPNYG00000008920	0	0	0
ENSPNYG00000008921	0	2	6
ENSPNYG00000008922	0	0	0
ENSPNYG00000008923	0	0	0
ENSPNYG00000008924	0	0	0
ENSPNYG00000008925	2	0	5
ENSPNYG00000008926	0	0	0
ENSPNYG00000008927	1	0	0
ENSPNYG00000008928	0	0	0
ENSPNYG00000008929	9	14	9
ENSPNYG00000008930	0	0	0
ENSPNYG00000008931	15	10	14
ENSPNYG00000008932	0	0	0
ENSPNYG00000008933	0	0	1
ENSPNYG00000008934	1	4	2
ENSPNYG00000008935	0	0	1
ENSPNYG00000008936	52	38	31
ENSPNYG00000008937	0	0	0
ENSPNYG00000008938	2	0	0
ENSPNYG00000008939	0	0	0
ENSPNYG00000008940	1	0	0
ENSPNYG00000008941	0	0	0
ENSPNYG00000008942	14	30	21
ENSPNYG00000008943	0	0	0
ENSPNYG00000008944	2	1	3
ENSPNYG00000008945	0	0	0
ENSPNYG00000008946	93	62	16
ENSPNYG00000008947	1	0	0
ENSPNYG00000008948	372	431	436
ENSPNYG00000008949	0	0	0
ENSPNYG00000008950	3	3	5
ENSPNYG00000008951	0	0	0
ENSPNYG00000008952	0	0	0
ENSPNYG00000008953	0	3	2
ENSPNYG00000008954	0	0	0
ENSPNYG00000008955	0	0	0
ENSPNYG00000008956	0	0	0
ENSPNYG00000008957	2	1	1
ENSPNYG00000008958	529	207	310
ENSPNYG00000008959	0	2	2
ENSPNYG00000008960	0	0	3
ENSPNYG00000008961	6	3	5
ENSPNYG00000008962	17	8	9
ENSPNYG00000008963	0	0	0
ENSPNYG00000008964	8	2	9
ENSPNYG00000008965	39	27	26
ENSPNYG00000008966	1	0	0
ENSPNYG00000008967	1	0	0
ENSPNYG00000008968	1	0	0
ENSPNYG00000008969	0	0	0
ENSPNYG00000008970	0	0	0
ENSPNYG00000008971	0	3	0
ENSPNYG00000008972	47	22	123
ENSPNYG00000008973	0	0	0
ENSPNYG00000008974	0	0	0
ENSPNYG00000008975	1	3	3
ENSPNYG00000008976	5	8	10
ENSPNYG00000008977	1	6	2
ENSPNYG00000008978	1	0	1
ENSPNYG00000008979	6	3	0
ENSPNYG00000008980	1432	1935	1435
ENSPNYG00000008981	0	0	0
ENSPNYG00000008982	0	0	0
ENSPNYG00000008983	0	1	2
ENSPNYG00000008984	0	0	0
ENSPNYG00000008985	6	1	10
ENSPNYG00000008986	3965	8297	6815
ENSPNYG00000008987	5	7	4
ENSPNYG00000008988	2	5	4
ENSPNYG00000008989	0	2	0
ENSPNYG00000008990	0	2	4
ENSPNYG00000008991	0	0	1
ENSPNYG00000008992	0	0	0
ENSPNYG00000008993	1	2	1
ENSPNYG00000008994	2	7	2
ENSPNYG00000008995	779	1263	1027
ENSPNYG00000008996	4	22	5
ENSPNYG00000008997	0	0	0
ENSPNYG00000008998	1	2	1
ENSPNYG00000008999	0	0	0
ENSPNYG00000009000	1	1	0
ENSPNYG00000009001	2	0	3
ENSPNYG00000009002	16	2	3
ENSPNYG00000009003	0	0	0
ENSPNYG00000009004	4	1	4
ENSPNYG00000009005	0	0	1
ENSPNYG00000009006	1	0	2
ENSPNYG00000009007	0	0	0
ENSPNYG00000009008	1	6	0
ENSPNYG00000009009	0	0	0
ENSPNYG00000009010	0	0	0
ENSPNYG00000009011	306	272	183
ENSPNYG00000009012	689	420	528
ENSPNYG00000009013	0	0	1
ENSPNYG00000009014	3	3	5
ENSPNYG00000009015	0	0	2
ENSPNYG00000009016	0	0	0
ENSPNYG00000009017	1	0	0
ENSPNYG00000009018	38	14	21
ENSPNYG00000009019	1	0	0
ENSPNYG00000009020	0	0	0
ENSPNYG00000009021	1	4	0
ENSPNYG00000009022	2	22	63
ENSPNYG00000009023	12	0	1
ENSPNYG00000009024	0	0	0
ENSPNYG00000009025	0	1	0
ENSPNYG00000009026	0	0	0
ENSPNYG00000009027	13	15	11
ENSPNYG00000009028	7	3	6
ENSPNYG00000009029	171	173	194
ENSPNYG00000009030	0	0	0
ENSPNYG00000009031	0	0	0
ENSPNYG00000009032	3	1	2
ENSPNYG00000009033	1	0	3
ENSPNYG00000009034	0	0	0
ENSPNYG00000009035	0	0	0
ENSPNYG00000009036	0	0	0
ENSPNYG00000009037	5	5	6
ENSPNYG00000009038	22	21	33
ENSPNYG00000009039	2	2	1
ENSPNYG00000009040	4	6	7
ENSPNYG00000009041	1	2	2
ENSPNYG00000009042	43	19	19
ENSPNYG00000009043	3	0	0
ENSPNYG00000009044	54	132	168
ENSPNYG00000009045	2	0	0
ENSPNYG00000009046	1	0	1
ENSPNYG00000009047	0	0	0
ENSPNYG00000009048	2	0	0
ENSPNYG00000009049	0	0	0
ENSPNYG00000009050	0	0	0
ENSPNYG00000009051	0	1	1
ENSPNYG00000009052	0	0	1
ENSPNYG00000009053	0	0	0
ENSPNYG00000009054	0	0	2
ENSPNYG00000009055	1	3	5
ENSPNYG00000009056	2	3	4
ENSPNYG00000009057	0	0	0
ENSPNYG00000009058	0	0	0
ENSPNYG00000009059	0	0	0
ENSPNYG00000009060	0	0	2
ENSPNYG00000009061	0	0	0
ENSPNYG00000009062	0	0	0
ENSPNYG00000009063	0	0	0
ENSPNYG00000009064	2	0	1
ENSPNYG00000009065	3	0	0
ENSPNYG00000009066	12	1	19
ENSPNYG00000009067	39	20	28
ENSPNYG00000009068	0	0	0
ENSPNYG00000009069	11	5	11
ENSPNYG00000009070	0	0	0
ENSPNYG00000009071	3	0	0
ENSPNYG00000009072	0	0	0
ENSPNYG00000009073	0	0	0
ENSPNYG00000009074	2	0	0
ENSPNYG00000009075	0	1	0
ENSPNYG00000009076	0	7	0
ENSPNYG00000009077	1	0	0
ENSPNYG00000009078	1	2	1
ENSPNYG00000009079	0	0	0
ENSPNYG00000009080	18	18	17
ENSPNYG00000009081	1	0	1
ENSPNYG00000009082	0	0	0
ENSPNYG00000009083	0	0	0
ENSPNYG00000009084	33	11	11
ENSPNYG00000009085	499	335	499
ENSPNYG00000009086	0	0	0
ENSPNYG00000009087	0	0	0
ENSPNYG00000009088	50	37	35
ENSPNYG00000009089	10	6	3
ENSPNYG00000009090	0	0	0
ENSPNYG00000009091	3	0	0
ENSPNYG00000009092	0	0	2
ENSPNYG00000009093	4	3	2
ENSPNYG00000009094	0	0	0
ENSPNYG00000009095	428	150	82
ENSPNYG00000009096	0	0	0
ENSPNYG00000009097	0	0	1
ENSPNYG00000009098	3	4	2
ENSPNYG00000009099	0	2	0
ENSPNYG00000009100	0	0	1
ENSPNYG00000009101	3	3	4
ENSPNYG00000009102	622	562	754
ENSPNYG00000009103	0	0	0
ENSPNYG00000009104	3	2	7
ENSPNYG00000009105	3	2	1
ENSPNYG00000009106	17	6	9
ENSPNYG00000009107	0	0	0
ENSPNYG00000009108	0	1	1
ENSPNYG00000009109	0	0	1
ENSPNYG00000009110	2	1	0
ENSPNYG00000009111	0	2	0
ENSPNYG00000009112	74	32	11
ENSPNYG00000009113	2	0	0
ENSPNYG00000009114	0	1	1
ENSPNYG00000009115	62	30	44
ENSPNYG00000009116	8	13	4
ENSPNYG00000009117	4	0	4
ENSPNYG00000009118	1	0	2
ENSPNYG00000009119	19	17	20
ENSPNYG00000009120	0	0	0
ENSPNYG00000009121	0	0	0
ENSPNYG00000009122	0	0	1
ENSPNYG00000009123	1	0	1
ENSPNYG00000009124	0	2	2
ENSPNYG00000009125	0	0	0
ENSPNYG00000009126	10	2	6
ENSPNYG00000009127	4	1	3
ENSPNYG00000009128	4	2	2
ENSPNYG00000009129	3	2	0
ENSPNYG00000009130	0	0	0
ENSPNYG00000009131	0	0	0
ENSPNYG00000009132	1	13	27
ENSPNYG00000009133	3	1	0
ENSPNYG00000009134	3	3	1
ENSPNYG00000009135	15	10	22
ENSPNYG00000009136	1	0	0
ENSPNYG00000009137	2	4	0
ENSPNYG00000009138	1	1	0
ENSPNYG00000009139	0	0	4
ENSPNYG00000009140	524	961	1171
ENSPNYG00000009141	141	106	112
ENSPNYG00000009142	2	4	8
ENSPNYG00000009143	1	0	1
ENSPNYG00000009144	0	1	1
ENSPNYG00000009145	0	0	0
ENSPNYG00000009146	71	48	53
ENSPNYG00000009147	6	0	0
ENSPNYG00000009148	1	3	1
ENSPNYG00000009149	0	0	0
ENSPNYG00000009150	1	0	0
ENSPNYG00000009151	5	3	10
ENSPNYG00000009152	0	0	1
ENSPNYG00000009153	0	2	6
ENSPNYG00000009154	1	1	0
ENSPNYG00000009155	0	0	0
ENSPNYG00000009156	7	1	0
ENSPNYG00000009157	1	5	2
ENSPNYG00000009158	3	8	4
ENSPNYG00000009159	1	2	5
ENSPNYG00000009160	0	0	1
ENSPNYG00000009161	6	1	2
ENSPNYG00000009162	9	3	9
ENSPNYG00000009163	0	3	1
ENSPNYG00000009164	0	0	0
ENSPNYG00000009165	0	0	0
ENSPNYG00000009166	7	1	3
ENSPNYG00000009167	7	7	3
ENSPNYG00000009168	224	141	221
ENSPNYG00000009169	6	0	0
ENSPNYG00000009170	0	0	0
ENSPNYG00000009171	0	0	1
ENSPNYG00000009172	10	13	13
ENSPNYG00000009173	10	0	4
ENSPNYG00000009174	2	0	0
ENSPNYG00000009175	2	1	3
ENSPNYG00000009176	0	0	1
ENSPNYG00000009177	2	4	4
ENSPNYG00000009178	737	772	685
ENSPNYG00000009179	0	0	1
ENSPNYG00000009180	1	1	0
ENSPNYG00000009181	9	47	51
ENSPNYG00000009182	1	0	1
ENSPNYG00000009183	31	12	25
ENSPNYG00000009184	0	0	0
ENSPNYG00000009185	4	1	1
ENSPNYG00000009186	1	0	0
ENSPNYG00000009187	0	0	3
ENSPNYG00000009188	0	0	0
ENSPNYG00000009189	0	0	0
ENSPNYG00000009190	0	0	0
ENSPNYG00000009191	5	1	0
ENSPNYG00000009192	15	7	5
ENSPNYG00000009193	0	0	0
ENSPNYG00000009194	0	0	0
ENSPNYG00000009195	0	2	0
ENSPNYG00000009196	6	2	8
ENSPNYG00000009197	4	12	6
ENSPNYG00000009198	0	0	0
ENSPNYG00000009199	0	0	0
ENSPNYG00000009200	3	3	2
ENSPNYG00000009201	9	22	26
ENSPNYG00000009202	0	1	1
ENSPNYG00000009203	22	7	7
ENSPNYG00000009204	0	0	0
ENSPNYG00000009205	31	14	15
ENSPNYG00000009206	0	1	0
ENSPNYG00000009207	2	0	3
ENSPNYG00000009208	0	0	1
ENSPNYG00000009209	1	5	1
ENSPNYG00000009210	1	1	0
ENSPNYG00000009211	1	2	1
ENSPNYG00000009212	0	0	0
ENSPNYG00000009213	1	0	0
ENSPNYG00000009214	0	0	0
ENSPNYG00000009215	0	0	0
ENSPNYG00000009216	10	6	5
ENSPNYG00000009217	7	0	13
ENSPNYG00000009218	0	0	0
ENSPNYG00000009219	0	2	0
ENSPNYG00000009220	3	1	1
ENSPNYG00000009221	3	0	3
ENSPNYG00000009222	0	0	0
ENSPNYG00000009223	0	2	0
ENSPNYG00000009224	2	3	1
ENSPNYG00000009225	6	2	6
ENSPNYG00000009226	34	21	18
ENSPNYG00000009227	0	3	1
ENSPNYG00000009228	0	2	0
ENSPNYG00000009229	3	1	1
ENSPNYG00000009230	3	1	3
ENSPNYG00000009231	2	2	4
ENSPNYG00000009232	6	5	5
ENSPNYG00000009233	7	2	15
ENSPNYG00000009234	0	0	0
ENSPNYG00000009235	0	0	0
ENSPNYG00000009236	0	0	0
ENSPNYG00000009237	23	19	11
ENSPNYG00000009238	1	2	4
ENSPNYG00000009239	0	0	0
ENSPNYG00000009240	1	0	1
ENSPNYG00000009241	0	0	3
ENSPNYG00000009242	7	14	10
ENSPNYG00000009243	122	221	211
ENSPNYG00000009244	4	0	7
ENSPNYG00000009245	2	2	2
ENSPNYG00000009246	0	0	0
ENSPNYG00000009247	0	1	0
ENSPNYG00000009248	0	1	0
ENSPNYG00000009249	298	183	147
ENSPNYG00000009250	9	4	2
ENSPNYG00000009251	4	5	5
ENSPNYG00000009252	0	1	0
ENSPNYG00000009253	0	0	0
ENSPNYG00000009254	0	0	0
ENSPNYG00000009255	0	0	0
ENSPNYG00000009256	0	0	0
ENSPNYG00000009257	0	0	0
ENSPNYG00000009258	3	7	2
ENSPNYG00000009259	1235	1185	1295
ENSPNYG00000009260	0	0	0
ENSPNYG00000009261	15	3	7
ENSPNYG00000009262	6	0	4
ENSPNYG00000009263	0	0	0
ENSPNYG00000009264	421	189	352
ENSPNYG00000009265	0	0	0
ENSPNYG00000009266	0	0	1
ENSPNYG00000009267	29	35	19
ENSPNYG00000009268	1	0	0
ENSPNYG00000009269	1	0	0
ENSPNYG00000009270	28	61	31
ENSPNYG00000009271	7635	17886	19108
ENSPNYG00000009272	8	3	14
ENSPNYG00000009273	0	0	0
ENSPNYG00000009274	0	0	0
ENSPNYG00000009275	6	3	8
ENSPNYG00000009276	3	0	1
ENSPNYG00000009277	0	1	0
ENSPNYG00000009278	2	2	4
ENSPNYG00000009279	5	4	7
ENSPNYG00000009280	10	2	6
ENSPNYG00000009281	3	1	1
ENSPNYG00000009282	0	4	0
ENSPNYG00000009283	5	1	1
ENSPNYG00000009284	0	0	0
ENSPNYG00000009285	2	2	1
ENSPNYG00000009286	474	435	823
ENSPNYG00000009287	1	17	5
ENSPNYG00000009288	1	3	3
ENSPNYG00000009289	0	0	0
ENSPNYG00000009290	0	0	0
ENSPNYG00000009291	2	8	7
ENSPNYG00000009292	0	0	0
ENSPNYG00000009293	4	10	5
ENSPNYG00000009294	24	18	29
ENSPNYG00000009295	2	4	3
ENSPNYG00000009296	11	0	11
ENSPNYG00000009297	2	0	0
ENSPNYG00000009298	4352	4482	4390
ENSPNYG00000009299	0	0	0
ENSPNYG00000009300	5	6	3
ENSPNYG00000009301	16	12	12
ENSPNYG00000009302	94	88	87
ENSPNYG00000009303	94	120	151
ENSPNYG00000009304	0	0	0
ENSPNYG00000009305	0	1	0
ENSPNYG00000009306	8	12	8
ENSPNYG00000009307	0	0	0
ENSPNYG00000009308	0	0	0
ENSPNYG00000009309	36	156	131
ENSPNYG00000009310	3	0	1
ENSPNYG00000009311	9	3	1
ENSPNYG00000009312	0	0	1
ENSPNYG00000009313	0	0	0
ENSPNYG00000009314	1	6	8
ENSPNYG00000009315	161	122	174
ENSPNYG00000009316	2	0	1
ENSPNYG00000009317	389	493	522
ENSPNYG00000009318	0	1	0
ENSPNYG00000009319	0	2	0
ENSPNYG00000009320	11	17	29
ENSPNYG00000009321	0	0	0
ENSPNYG00000009322	0	0	0
ENSPNYG00000009323	0	0	0
ENSPNYG00000009324	0	0	0
ENSPNYG00000009325	0	0	0
ENSPNYG00000009326	2	0	0
ENSPNYG00000009327	5	7	9
ENSPNYG00000009328	12	12	4
ENSPNYG00000009329	2	0	1
ENSPNYG00000009330	9	10	10
ENSPNYG00000009331	0	0	0
ENSPNYG00000009332	0	0	0
ENSPNYG00000009333	337	198	232
ENSPNYG00000009334	0	0	0
ENSPNYG00000009335	27	78	236
ENSPNYG00000009336	2	2	0
ENSPNYG00000009337	1	1	4
ENSPNYG00000009338	0	0	0
ENSPNYG00000009339	2	0	0
ENSPNYG00000009340	0	0	0
ENSPNYG00000009341	0	0	0
ENSPNYG00000009342	0	0	0
ENSPNYG00000009343	0	0	0
ENSPNYG00000009344	4	0	13
ENSPNYG00000009345	12	1	1
ENSPNYG00000009346	805	549	860
ENSPNYG00000009347	0	0	0
ENSPNYG00000009348	0	0	0
ENSPNYG00000009349	1	7	4
ENSPNYG00000009350	10	36	32
ENSPNYG00000009351	136	55	90
ENSPNYG00000009352	4	11	8
ENSPNYG00000009353	0	0	0
ENSPNYG00000009354	3	4	3
ENSPNYG00000009355	0	0	0
ENSPNYG00000009356	1	3	2
ENSPNYG00000009357	0	0	0
ENSPNYG00000009358	10	14	8
ENSPNYG00000009359	0	0	1
ENSPNYG00000009360	0	1	0
ENSPNYG00000009361	1	1	1
ENSPNYG00000009362	6	7	4
ENSPNYG00000009363	0	0	0
ENSPNYG00000009364	1	0	0
ENSPNYG00000009365	0	0	0
ENSPNYG00000009366	1	1	0
ENSPNYG00000009367	0	0	0
ENSPNYG00000009368	0	0	0
ENSPNYG00000009369	91	0	0
ENSPNYG00000009370	1	1	4
ENSPNYG00000009371	3	3	7
ENSPNYG00000009372	0	0	0
ENSPNYG00000009373	0	0	0
ENSPNYG00000009374	1	0	0
ENSPNYG00000009375	0	0	0
ENSPNYG00000009376	0	0	0
ENSPNYG00000009377	3	18	15
ENSPNYG00000009378	13	9	16
ENSPNYG00000009379	3	2	4
ENSPNYG00000009380	0	0	0
ENSPNYG00000009381	4	3	4
ENSPNYG00000009382	0	0	1
ENSPNYG00000009383	1	5	5
ENSPNYG00000009384	0	2	7
ENSPNYG00000009385	0	0	0
ENSPNYG00000009386	0	1	2
ENSPNYG00000009387	7	3	6
ENSPNYG00000009388	0	0	0
ENSPNYG00000009389	0	0	0
ENSPNYG00000009390	2095	1473	1595
ENSPNYG00000009391	6	0	0
ENSPNYG00000009392	16	7	14
ENSPNYG00000009393	1	0	0
ENSPNYG00000009394	0	1	0
ENSPNYG00000009395	0	0	0
ENSPNYG00000009396	0	1	0
ENSPNYG00000009397	10	2	8
ENSPNYG00000009398	3	2	5
ENSPNYG00000009399	3	0	0
ENSPNYG00000009400	0	2	2
ENSPNYG00000009401	2392	1843	1542
ENSPNYG00000009402	2	2	0
ENSPNYG00000009403	4	6	3
ENSPNYG00000009404	44	20	31
ENSPNYG00000009405	3	0	1
ENSPNYG00000009406	468	433	475
ENSPNYG00000009407	6	9	20
ENSPNYG00000009408	261	269	248
ENSPNYG00000009409	9	9	4
ENSPNYG00000009410	2	2	2
ENSPNYG00000009411	0	0	2
ENSPNYG00000009412	0	0	1
ENSPNYG00000009413	0	0	0
ENSPNYG00000009414	0	0	0
ENSPNYG00000009415	0	0	0
ENSPNYG00000009416	0	0	0
ENSPNYG00000009417	0	0	0
ENSPNYG00000009418	1	1	2
ENSPNYG00000009419	16	14	16
ENSPNYG00000009420	160	60	97
ENSPNYG00000009421	1	3	2
ENSPNYG00000009422	0	0	0
ENSPNYG00000009423	2	3	1
ENSPNYG00000009424	4	1	4
ENSPNYG00000009425	3	0	8
ENSPNYG00000009426	522	600	668
ENSPNYG00000009427	2	3	6
ENSPNYG00000009428	3	2	2
ENSPNYG00000009429	38	19	6
ENSPNYG00000009430	6	0	6
ENSPNYG00000009431	2	2	2
ENSPNYG00000009432	0	0	0
ENSPNYG00000009433	0	1	0
ENSPNYG00000009434	5	0	1
ENSPNYG00000009435	5	4	10
ENSPNYG00000009436	95	56	49
ENSPNYG00000009437	6	7	8
ENSPNYG00000009438	1	0	2
ENSPNYG00000009439	2009	1320	1794
ENSPNYG00000009440	12	3	9
ENSPNYG00000009441	2	2	2
ENSPNYG00000009442	38	44	44
ENSPNYG00000009443	6	10	15
ENSPNYG00000009444	5	10	3
ENSPNYG00000009445	1	3	1
ENSPNYG00000009446	4	1	0
ENSPNYG00000009447	0	0	0
ENSPNYG00000009448	0	0	0
ENSPNYG00000009449	1	6	2
ENSPNYG00000009450	1	0	1
ENSPNYG00000009451	3	4	2
ENSPNYG00000009452	0	1	0
ENSPNYG00000009453	1	1	2
ENSPNYG00000009454	30	27	24
ENSPNYG00000009455	1	0	2
ENSPNYG00000009456	5	3	6
ENSPNYG00000009457	14	8	5
ENSPNYG00000009458	0	0	0
ENSPNYG00000009459	0	0	2
ENSPNYG00000009460	0	0	0
ENSPNYG00000009461	0	0	2
ENSPNYG00000009462	1	0	0
ENSPNYG00000009463	3	1	1
ENSPNYG00000009464	6	3	8
ENSPNYG00000009465	2	14	5
ENSPNYG00000009466	4	2	0
ENSPNYG00000009467	0	0	0
ENSPNYG00000009468	4	0	0
ENSPNYG00000009469	0	0	0
ENSPNYG00000009470	26	18	27
ENSPNYG00000009471	1	2	1
ENSPNYG00000009472	11	5	16
ENSPNYG00000009473	0	0	0
ENSPNYG00000009474	6	4	2
ENSPNYG00000009475	0	4	0
ENSPNYG00000009476	341	240	396
ENSPNYG00000009477	0	0	0
ENSPNYG00000009478	1	3	1
ENSPNYG00000009479	22	23	34
ENSPNYG00000009480	5	3	0
ENSPNYG00000009481	0	0	0
ENSPNYG00000009482	474	411	460
ENSPNYG00000009483	60	25	42
ENSPNYG00000009484	1	1	0
ENSPNYG00000009485	9	1	11
ENSPNYG00000009486	0	1	0
ENSPNYG00000009487	2	0	0
ENSPNYG00000009488	0	0	0
ENSPNYG00000009489	7	6	3
ENSPNYG00000009490	3	3	7
ENSPNYG00000009491	2	2	0
ENSPNYG00000009492	96	69	119
ENSPNYG00000009493	0	0	0
ENSPNYG00000009494	0	0	0
ENSPNYG00000009495	0	0	0
ENSPNYG00000009496	13	0	10
ENSPNYG00000009497	0	5	2
ENSPNYG00000009498	549	312	367
ENSPNYG00000009499	6	3	17
ENSPNYG00000009500	3	3	1
ENSPNYG00000009501	0	0	0
ENSPNYG00000009502	0	0	0
ENSPNYG00000009503	30	27	23
ENSPNYG00000009504	27	37	19
ENSPNYG00000009505	2	0	1
ENSPNYG00000009506	248	168	233
ENSPNYG00000009507	497	244	258
ENSPNYG00000009508	9	2	5
ENSPNYG00000009509	34	14	23
ENSPNYG00000009510	2	1	2
ENSPNYG00000009511	0	0	0
ENSPNYG00000009512	11	17	11
ENSPNYG00000009513	0	0	0
ENSPNYG00000009514	11	43	35
ENSPNYG00000009515	0	0	0
ENSPNYG00000009516	0	4	7
ENSPNYG00000009517	0	0	0
ENSPNYG00000009518	10	6	16
ENSPNYG00000009519	5	4	4
ENSPNYG00000009520	1	1	0
ENSPNYG00000009521	0	0	1
ENSPNYG00000009522	0	0	0
ENSPNYG00000009523	5	10	6
ENSPNYG00000009524	0	0	0
ENSPNYG00000009525	1	0	3
ENSPNYG00000009526	1	3	0
ENSPNYG00000009527	2296	2335	3375
ENSPNYG00000009528	148	131	137
ENSPNYG00000009529	10	0	3
ENSPNYG00000009530	3	1	7
ENSPNYG00000009531	0	2	1
ENSPNYG00000009532	0	0	0
ENSPNYG00000009533	1	0	0
ENSPNYG00000009534	0	0	0
ENSPNYG00000009535	2	2	0
ENSPNYG00000009536	0	0	1
ENSPNYG00000009537	0	1	0
ENSPNYG00000009538	1	0	0
ENSPNYG00000009539	2	0	3
ENSPNYG00000009540	0	0	0
ENSPNYG00000009541	2	0	2
ENSPNYG00000009542	0	0	1
ENSPNYG00000009543	3	5	5
ENSPNYG00000009544	1	0	0
ENSPNYG00000009545	0	3	3
ENSPNYG00000009546	41	22	19
ENSPNYG00000009547	1	8	6
ENSPNYG00000009548	0	0	0
ENSPNYG00000009549	0	0	0
ENSPNYG00000009550	2	2	2
ENSPNYG00000009551	4	1	1
ENSPNYG00000009552	2	3	2
ENSPNYG00000009553	2	0	0
ENSPNYG00000009554	0	1	0
ENSPNYG00000009555	0	0	0
ENSPNYG00000009556	4	1	2
ENSPNYG00000009557	0	0	0
ENSPNYG00000009558	13	7	4
ENSPNYG00000009559	0	0	0
ENSPNYG00000009560	0	0	1
ENSPNYG00000009561	4	5	2
ENSPNYG00000009562	0	0	0
ENSPNYG00000009563	0	0	0
ENSPNYG00000009564	1	1	2
ENSPNYG00000009565	0	0	0
ENSPNYG00000009566	1	3	0
ENSPNYG00000009567	11	4	5
ENSPNYG00000009568	32	26	19
ENSPNYG00000009569	0	0	0
ENSPNYG00000009570	0	0	0
ENSPNYG00000009571	0	0	0
ENSPNYG00000009572	0	0	0
ENSPNYG00000009573	0	2	1
ENSPNYG00000009574	2	0	0
ENSPNYG00000009575	0	0	0
ENSPNYG00000009576	2	2	3
ENSPNYG00000009577	0	0	0
ENSPNYG00000009578	2	0	2
ENSPNYG00000009579	0	0	0
ENSPNYG00000009580	1	2	0
ENSPNYG00000009581	2	2	3
ENSPNYG00000009582	4	1	1
ENSPNYG00000009583	0	0	0
ENSPNYG00000009584	5	6	3
ENSPNYG00000009585	15	22	44
ENSPNYG00000009586	0	0	0
ENSPNYG00000009587	6	8	3
ENSPNYG00000009588	6	8	6
ENSPNYG00000009589	243	250	202
ENSPNYG00000009590	0	0	1
ENSPNYG00000009591	11	17	15
ENSPNYG00000009592	2	5	5
ENSPNYG00000009593	7	0	1
ENSPNYG00000009594	5	1	0
ENSPNYG00000009595	10	4	9
ENSPNYG00000009596	8	0	0
ENSPNYG00000009597	7	7	4
ENSPNYG00000009598	1	2	8
ENSPNYG00000009599	1	0	3
ENSPNYG00000009600	0	0	0
ENSPNYG00000009601	0	0	1
ENSPNYG00000009602	0	0	0
ENSPNYG00000009603	0	0	0
ENSPNYG00000009604	65	51	53
ENSPNYG00000009605	1	0	0
ENSPNYG00000009606	0	0	0
ENSPNYG00000009607	0	0	0
ENSPNYG00000009608	0	0	0
ENSPNYG00000009609	0	0	0
ENSPNYG00000009610	1	0	0
ENSPNYG00000009611	2	0	3
ENSPNYG00000009612	3	0	0
ENSPNYG00000009613	1	0	0
ENSPNYG00000009614	8	6	8
ENSPNYG00000009615	0	0	0
ENSPNYG00000009616	0	0	1
ENSPNYG00000009617	0	0	0
ENSPNYG00000009618	0	0	0
ENSPNYG00000009619	6	4	2
ENSPNYG00000009620	2	0	0
ENSPNYG00000009621	13	4	4
ENSPNYG00000009622	0	0	1
ENSPNYG00000009623	3	0	2
ENSPNYG00000009624	2	1	0
ENSPNYG00000009625	2	0	17
ENSPNYG00000009626	0	0	0
ENSPNYG00000009627	0	0	0
ENSPNYG00000009628	10	3	3
ENSPNYG00000009629	0	0	1
ENSPNYG00000009630	6	2	13
ENSPNYG00000009631	1	1	1
ENSPNYG00000009632	1263	456	683
ENSPNYG00000009633	0	0	0
ENSPNYG00000009634	0	0	0
ENSPNYG00000009635	0	0	0
ENSPNYG00000009636	0	0	0
ENSPNYG00000009637	2	0	0
ENSPNYG00000009638	2	1	0
ENSPNYG00000009639	0	0	0
ENSPNYG00000009640	0	0	0
ENSPNYG00000009641	0	0	0
ENSPNYG00000009642	6	4	1
ENSPNYG00000009643	1	2	4
ENSPNYG00000009644	0	0	0
ENSPNYG00000009645	3	1	1
ENSPNYG00000009646	2	1	0
ENSPNYG00000009647	2	1	3
ENSPNYG00000009648	0	6	5
ENSPNYG00000009649	5	8	14
ENSPNYG00000009650	0	0	0
ENSPNYG00000009651	0	0	0
ENSPNYG00000009652	676	545	775
ENSPNYG00000009653	0	1	0
ENSPNYG00000009654	1	2	6
ENSPNYG00000009655	2755	3880	2989
ENSPNYG00000009656	1	0	0
ENSPNYG00000009657	5	3	1
ENSPNYG00000009658	0	0	0
ENSPNYG00000009659	6	1	3
ENSPNYG00000009660	0	0	0
ENSPNYG00000009661	117	61	76
ENSPNYG00000009662	6	2	4
ENSPNYG00000009663	9	7	16
ENSPNYG00000009664	5	8	1
ENSPNYG00000009665	0	0	0
ENSPNYG00000009666	0	0	0
ENSPNYG00000009667	7	6	4
ENSPNYG00000009668	1	1	0
ENSPNYG00000009669	0	4	1
ENSPNYG00000009670	359	395	388
ENSPNYG00000009671	0	0	0
ENSPNYG00000009672	2	0	3
ENSPNYG00000009673	0	0	0
ENSPNYG00000009674	534	377	644
ENSPNYG00000009675	27	17	18
ENSPNYG00000009676	0	0	1
ENSPNYG00000009677	0	0	0
ENSPNYG00000009678	8	3	4
ENSPNYG00000009679	0	9	1
ENSPNYG00000009680	2	13	31
ENSPNYG00000009681	0	0	0
ENSPNYG00000009682	5	6	16
ENSPNYG00000009683	12	9	5
ENSPNYG00000009684	1	0	1
ENSPNYG00000009685	63	21	17
ENSPNYG00000009686	3	3	1
ENSPNYG00000009687	0	1	1
ENSPNYG00000009688	122	106	52
ENSPNYG00000009689	0	0	0
ENSPNYG00000009690	15	4	7
ENSPNYG00000009691	6	3	4
ENSPNYG00000009692	3	1	0
ENSPNYG00000009693	5	4	5
ENSPNYG00000009694	1	1	4
ENSPNYG00000009695	0	0	0
ENSPNYG00000009696	23	17	16
ENSPNYG00000009697	0	0	0
ENSPNYG00000009698	0	0	0
ENSPNYG00000009699	0	0	0
ENSPNYG00000009700	0	0	0
ENSPNYG00000009701	0	0	0
ENSPNYG00000009702	5	2	9
ENSPNYG00000009703	9	2	3
ENSPNYG00000009704	2	0	1
ENSPNYG00000009705	4	2	6
ENSPNYG00000009706	22	6	8
ENSPNYG00000009707	1	0	0
ENSPNYG00000009708	0	0	1
ENSPNYG00000009709	6	2	7
ENSPNYG00000009710	1	0	0
ENSPNYG00000009711	0	0	0
ENSPNYG00000009712	0	0	0
ENSPNYG00000009713	0	0	0
ENSPNYG00000009714	1	3	1
ENSPNYG00000009715	0	0	0
ENSPNYG00000009716	1	0	0
ENSPNYG00000009717	5	6	3
ENSPNYG00000009718	67	44	47
ENSPNYG00000009719	0	0	5
ENSPNYG00000009720	13	8	1
ENSPNYG00000009721	0	0	0
ENSPNYG00000009722	0	0	0
ENSPNYG00000009723	4	1	6
ENSPNYG00000009724	40	30	34
ENSPNYG00000009725	0	0	0
ENSPNYG00000009726	12	4	9
ENSPNYG00000009727	1	1	0
ENSPNYG00000009728	7	3	9
ENSPNYG00000009729	0	1	9
ENSPNYG00000009730	0	0	2
ENSPNYG00000009731	0	0	0
ENSPNYG00000009732	140	112	55
ENSPNYG00000009733	4	0	0
ENSPNYG00000009734	32	13	28
ENSPNYG00000009735	230	190	255
ENSPNYG00000009736	0	0	0
ENSPNYG00000009737	1	5	3
ENSPNYG00000009738	8	6	1
ENSPNYG00000009739	4	0	2
ENSPNYG00000009740	2	0	0
ENSPNYG00000009741	0	0	0
ENSPNYG00000009742	0	0	0
ENSPNYG00000009743	0	0	0
ENSPNYG00000009744	0	0	0
ENSPNYG00000009745	0	3	2
ENSPNYG00000009746	0	0	0
ENSPNYG00000009747	0	0	0
ENSPNYG00000009748	1	0	2
ENSPNYG00000009749	0	0	2
ENSPNYG00000009750	10	7	1
ENSPNYG00000009751	470	224	276
ENSPNYG00000009752	0	0	0
ENSPNYG00000009753	5	8	2
ENSPNYG00000009754	0	0	0
ENSPNYG00000009755	2	0	6
ENSPNYG00000009756	1	0	0
ENSPNYG00000009757	0	0	0
ENSPNYG00000009758	14	24	29
ENSPNYG00000009759	0	0	1
ENSPNYG00000009760	17	10	7
ENSPNYG00000009761	0	0	1
ENSPNYG00000009762	6	4	8
ENSPNYG00000009763	1	0	1
ENSPNYG00000009764	0	0	0
ENSPNYG00000009765	5	12	1
ENSPNYG00000009766	14	3	6
ENSPNYG00000009767	0	0	0
ENSPNYG00000009768	2	4	0
ENSPNYG00000009769	41	36	33
ENSPNYG00000009770	2	0	0
ENSPNYG00000009771	0	3	0
ENSPNYG00000009772	2	0	0
ENSPNYG00000009773	0	0	0
ENSPNYG00000009774	6	5	14
ENSPNYG00000009775	1	0	0
ENSPNYG00000009776	31	27	25
ENSPNYG00000009777	1	0	5
ENSPNYG00000009778	1	4	0
ENSPNYG00000009779	25	23	1
ENSPNYG00000009780	0	0	0
ENSPNYG00000009781	3	1	1
ENSPNYG00000009782	57	60	19
ENSPNYG00000009783	1	1	1
ENSPNYG00000009784	0	0	0
ENSPNYG00000009785	0	0	1
ENSPNYG00000009786	1	0	0
ENSPNYG00000009787	0	0	0
ENSPNYG00000009788	0	0	0
ENSPNYG00000009789	9	10	10
ENSPNYG00000009790	0	0	0
ENSPNYG00000009791	1	0	0
ENSPNYG00000009792	3	2	4
ENSPNYG00000009793	0	0	0
ENSPNYG00000009794	0	0	0
ENSPNYG00000009795	0	4	3
ENSPNYG00000009796	2	1	2
ENSPNYG00000009797	0	0	0
ENSPNYG00000009798	0	0	0
ENSPNYG00000009799	10	1	1
ENSPNYG00000009800	3	5	6
ENSPNYG00000009801	0	0	0
ENSPNYG00000009802	0	2	0
ENSPNYG00000009803	1	0	3
ENSPNYG00000009804	0	1	0
ENSPNYG00000009805	0	0	0
ENSPNYG00000009806	0	0	0
ENSPNYG00000009807	0	0	0
ENSPNYG00000009808	0	0	0
ENSPNYG00000009809	0	3	1
ENSPNYG00000009810	3	5	1
ENSPNYG00000009811	2	0	1
ENSPNYG00000009812	8	10	6
ENSPNYG00000009813	6	1	5
ENSPNYG00000009814	7	2	0
ENSPNYG00000009815	0	0	0
ENSPNYG00000009816	0	1	0
ENSPNYG00000009817	0	0	0
ENSPNYG00000009818	0	0	1
ENSPNYG00000009819	4	6	3
ENSPNYG00000009820	1	1	0
ENSPNYG00000009821	6	2	4
ENSPNYG00000009822	3	3	6
ENSPNYG00000009823	0	0	0
ENSPNYG00000009824	0	0	0
ENSPNYG00000009825	0	0	0
ENSPNYG00000009826	0	0	0
ENSPNYG00000009827	2	0	0
ENSPNYG00000009828	0	5	0
ENSPNYG00000009829	0	0	0
ENSPNYG00000009830	2	1	0
ENSPNYG00000009831	11	34	40
ENSPNYG00000009832	0	0	0
ENSPNYG00000009833	0	0	0
ENSPNYG00000009834	2	2	1
ENSPNYG00000009835	47	21	20
ENSPNYG00000009836	4	1	0
ENSPNYG00000009837	14	13	25
ENSPNYG00000009838	318	1058	1553
ENSPNYG00000009839	0	1	1
ENSPNYG00000009840	0	0	0
ENSPNYG00000009841	11	5	11
ENSPNYG00000009842	1	1	2
ENSPNYG00000009843	0	0	0
ENSPNYG00000009844	46	29	43
ENSPNYG00000009845	0	0	0
ENSPNYG00000009846	4	1	12
ENSPNYG00000009847	0	0	0
ENSPNYG00000009848	22	6	6
ENSPNYG00000009849	2	0	4
ENSPNYG00000009850	0	0	0
ENSPNYG00000009851	5	1	2
ENSPNYG00000009852	0	0	0
ENSPNYG00000009853	0	0	0
ENSPNYG00000009854	0	0	0
ENSPNYG00000009855	0	2	1
ENSPNYG00000009856	0	0	0
ENSPNYG00000009857	0	2	1
ENSPNYG00000009858	1	1	5
ENSPNYG00000009859	20	1	10
ENSPNYG00000009860	0	0	0
ENSPNYG00000009861	4	1	3
ENSPNYG00000009862	0	0	4
ENSPNYG00000009863	4	4	3
ENSPNYG00000009864	1	5	0
ENSPNYG00000009865	5	3	1
ENSPNYG00000009866	0	0	0
ENSPNYG00000009867	0	0	1
ENSPNYG00000009868	0	0	0
ENSPNYG00000009869	0	0	0
ENSPNYG00000009870	2	0	1
ENSPNYG00000009871	0	0	2
ENSPNYG00000009872	42	51	37
ENSPNYG00000009873	7	5	0
ENSPNYG00000009874	0	0	0
ENSPNYG00000009875	0	0	0
ENSPNYG00000009876	6	4	5
ENSPNYG00000009877	0	0	0
ENSPNYG00000009878	680	440	358
ENSPNYG00000009879	0	0	0
ENSPNYG00000009880	2	2	1
ENSPNYG00000009881	6	6	1
ENSPNYG00000009882	2	1	1
ENSPNYG00000009883	1	2	0
ENSPNYG00000009884	0	0	0
ENSPNYG00000009885	7	13	21
ENSPNYG00000009886	5	0	1
ENSPNYG00000009887	0	0	1
ENSPNYG00000009888	2	3	5
ENSPNYG00000009889	0	0	0
ENSPNYG00000009890	5	8	10
ENSPNYG00000009891	1	0	3
ENSPNYG00000009892	3	0	4
ENSPNYG00000009893	0	0	0
ENSPNYG00000009894	0	0	0
ENSPNYG00000009895	7	6	6
ENSPNYG00000009896	4	5	4
ENSPNYG00000009897	0	0	4
ENSPNYG00000009898	2	3	10
ENSPNYG00000009899	0	0	0
ENSPNYG00000009900	0	6	2
ENSPNYG00000009901	6	0	8
ENSPNYG00000009902	0	2	3
ENSPNYG00000009903	1	2	3
ENSPNYG00000009904	2	1	1
ENSPNYG00000009905	1	0	0
ENSPNYG00000009906	3	6	6
ENSPNYG00000009907	3	2	0
ENSPNYG00000009908	1	0	0
ENSPNYG00000009909	0	0	0
ENSPNYG00000009910	14	13	10
ENSPNYG00000009911	1	0	3
ENSPNYG00000009912	0	0	0
ENSPNYG00000009913	0	0	0
ENSPNYG00000009914	0	0	0
ENSPNYG00000009915	0	1	0
ENSPNYG00000009916	0	0	0
ENSPNYG00000009917	1	0	1
ENSPNYG00000009918	0	0	0
ENSPNYG00000009919	1	0	0
ENSPNYG00000009920	4	0	1
ENSPNYG00000009921	1	0	0
ENSPNYG00000009922	2	1	3
ENSPNYG00000009923	0	0	0
ENSPNYG00000009924	0	0	0
ENSPNYG00000009925	8	4	8
ENSPNYG00000009926	0	1	0
ENSPNYG00000009927	0	0	0
ENSPNYG00000009928	0	0	0
ENSPNYG00000009929	1	0	0
ENSPNYG00000009930	2	5	0
ENSPNYG00000009931	0	0	0
ENSPNYG00000009932	0	0	0
ENSPNYG00000009933	3	1	0
ENSPNYG00000009934	1	2	11
ENSPNYG00000009935	0	0	0
ENSPNYG00000009936	37	10	18
ENSPNYG00000009937	0	0	0
ENSPNYG00000009938	0	3	2
ENSPNYG00000009939	0	1	0
ENSPNYG00000009940	0	1	0
ENSPNYG00000009941	4	9	5
ENSPNYG00000009942	5	1	2
ENSPNYG00000009943	311	294	468
ENSPNYG00000009944	0	4	0
ENSPNYG00000009945	3	3	0
ENSPNYG00000009946	0	0	0
ENSPNYG00000009947	2	1	5
ENSPNYG00000009948	0	0	0
ENSPNYG00000009949	0	1	0
ENSPNYG00000009950	5	0	2
ENSPNYG00000009951	17	8	21
ENSPNYG00000009952	307	151	269
ENSPNYG00000009953	0	0	0
ENSPNYG00000009954	21	15	29
ENSPNYG00000009955	3	0	2
ENSPNYG00000009956	14	25	22
ENSPNYG00000009957	6	3	11
ENSPNYG00000009958	1	4	1
ENSPNYG00000009959	0	0	0
ENSPNYG00000009960	0	1	2
ENSPNYG00000009961	14	2	8
ENSPNYG00000009962	0	0	0
ENSPNYG00000009963	1	1	3
ENSPNYG00000009964	3	0	2
ENSPNYG00000009965	1	0	0
ENSPNYG00000009966	0	0	1
ENSPNYG00000009967	4	4	2
ENSPNYG00000009968	0	0	0
ENSPNYG00000009969	0	0	0
ENSPNYG00000009970	5	0	0
ENSPNYG00000009971	0	0	0
ENSPNYG00000009972	0	0	0
ENSPNYG00000009973	0	0	0
ENSPNYG00000009974	0	0	0
ENSPNYG00000009975	0	0	0
ENSPNYG00000009976	0	2	0
ENSPNYG00000009977	0	1	1
ENSPNYG00000009978	13	12	15
ENSPNYG00000009979	0	2	1
ENSPNYG00000009980	0	0	0
ENSPNYG00000009981	0	0	0
ENSPNYG00000009982	1163	1086	1415
ENSPNYG00000009983	2	0	0
ENSPNYG00000009984	0	0	0
ENSPNYG00000009985	12	9	16
ENSPNYG00000009986	0	0	0
ENSPNYG00000009987	1	0	0
ENSPNYG00000009988	1	2	0
ENSPNYG00000009989	9	9	9
ENSPNYG00000009990	0	1	1
ENSPNYG00000009991	0	1	0
ENSPNYG00000009992	0	0	0
ENSPNYG00000009993	2	1	2
ENSPNYG00000009994	11	2	5
ENSPNYG00000009995	0	0	0
ENSPNYG00000009996	0	0	0
ENSPNYG00000009997	1	0	1
ENSPNYG00000009998	0	0	0
ENSPNYG00000009999	8	0	1
ENSPNYG00000010000	0	0	2
ENSPNYG00000010001	0	0	0
ENSPNYG00000010002	18	4	2
ENSPNYG00000010003	0	0	0
ENSPNYG00000010004	0	0	0
ENSPNYG00000010005	0	0	0
ENSPNYG00000010006	0	2	0
ENSPNYG00000010007	0	0	0
ENSPNYG00000010008	0	0	0
ENSPNYG00000010009	0	0	0
ENSPNYG00000010010	6	3	4
ENSPNYG00000010011	3	4	5
ENSPNYG00000010012	2	2	3
ENSPNYG00000010013	0	6	2
ENSPNYG00000010014	1	3	1
ENSPNYG00000010015	0	0	0
ENSPNYG00000010016	6	1	6
ENSPNYG00000010017	0	0	0
ENSPNYG00000010018	1	0	0
ENSPNYG00000010019	0	0	0
ENSPNYG00000010020	0	0	0
ENSPNYG00000010021	0	0	0
ENSPNYG00000010022	0	0	0
ENSPNYG00000010023	9	3	2
ENSPNYG00000010024	0	0	0
ENSPNYG00000010025	17	8	13
ENSPNYG00000010026	0	1	1
ENSPNYG00000010027	1	1	0
ENSPNYG00000010028	0	0	2
ENSPNYG00000010029	1	0	0
ENSPNYG00000010030	0	0	0
ENSPNYG00000010031	11	1	6
ENSPNYG00000010032	0	0	0
ENSPNYG00000010033	44	4	5
ENSPNYG00000010034	0	0	0
ENSPNYG00000010035	0	0	0
ENSPNYG00000010036	0	0	0
ENSPNYG00000010037	0	0	0
ENSPNYG00000010038	0	0	0
ENSPNYG00000010039	0	0	0
ENSPNYG00000010040	0	1	5
ENSPNYG00000010041	2	2	3
ENSPNYG00000010042	1	0	0
ENSPNYG00000010043	3	18	10
ENSPNYG00000010044	3	1	0
ENSPNYG00000010045	12	6	8
ENSPNYG00000010046	3	1	8
ENSPNYG00000010047	0	0	0
ENSPNYG00000010048	0	0	2
ENSPNYG00000010049	5	2	2
ENSPNYG00000010050	16	11	22
ENSPNYG00000010051	0	1	0
ENSPNYG00000010052	0	0	0
ENSPNYG00000010053	0	0	0
ENSPNYG00000010054	2	0	2
ENSPNYG00000010055	4	2	2
ENSPNYG00000010056	0	0	0
ENSPNYG00000010057	0	0	0
ENSPNYG00000010058	0	0	0
ENSPNYG00000010059	1	0	0
ENSPNYG00000010060	0	0	0
ENSPNYG00000010061	1	2	2
ENSPNYG00000010062	1	0	0
ENSPNYG00000010063	0	1	3
ENSPNYG00000010064	0	0	0
ENSPNYG00000010065	4	14	23
ENSPNYG00000010066	1	1	1
ENSPNYG00000010067	1	0	0
ENSPNYG00000010068	2	1	2
ENSPNYG00000010069	1	0	0
ENSPNYG00000010070	1	0	2
ENSPNYG00000010071	0	0	1
ENSPNYG00000010072	18	8	22
ENSPNYG00000010073	0	0	0
ENSPNYG00000010074	0	0	0
ENSPNYG00000010075	0	0	0
ENSPNYG00000010076	323	374	575
ENSPNYG00000010077	0	0	0
ENSPNYG00000010078	4	0	1
ENSPNYG00000010079	0	1	1
ENSPNYG00000010080	0	0	0
ENSPNYG00000010081	82	57	73
ENSPNYG00000010082	134	63	101
ENSPNYG00000010083	163	75	69
ENSPNYG00000010084	11	8	7
ENSPNYG00000010085	141	89	117
ENSPNYG00000010086	4	2	0
ENSPNYG00000010087	1	0	0
ENSPNYG00000010088	0	0	0
ENSPNYG00000010089	0	0	0
ENSPNYG00000010090	1	1	8
ENSPNYG00000010091	1	0	2
ENSPNYG00000010092	3	13	26
ENSPNYG00000010093	0	0	0
ENSPNYG00000010094	4	0	2
ENSPNYG00000010095	0	0	0
ENSPNYG00000010096	26	26	20
ENSPNYG00000010097	0	1	0
ENSPNYG00000010098	0	0	0
ENSPNYG00000010099	0	0	0
ENSPNYG00000010100	0	0	0
ENSPNYG00000010101	1	4	4
ENSPNYG00000010102	0	0	0
ENSPNYG00000010103	9	15	16
ENSPNYG00000010104	2	3	0
ENSPNYG00000010105	1	0	0
ENSPNYG00000010106	0	0	0
ENSPNYG00000010107	3	10	2
ENSPNYG00000010108	13	6	15
ENSPNYG00000010109	0	0	0
ENSPNYG00000010110	0	0	0
ENSPNYG00000010111	2	4	1
ENSPNYG00000010112	3	0	1
ENSPNYG00000010113	0	3	0
ENSPNYG00000010114	0	0	0
ENSPNYG00000010115	1	2	0
ENSPNYG00000010116	0	0	2
ENSPNYG00000010117	16	3	1
ENSPNYG00000010118	0	0	0
ENSPNYG00000010119	0	0	1
ENSPNYG00000010120	2	0	2
ENSPNYG00000010121	0	0	0
ENSPNYG00000010122	0	0	0
ENSPNYG00000010123	117	110	113
ENSPNYG00000010124	4	5	2
ENSPNYG00000010125	1	1	1
ENSPNYG00000010126	2	0	2
ENSPNYG00000010127	0	0	2
ENSPNYG00000010128	0	0	0
ENSPNYG00000010129	0	2	0
ENSPNYG00000010130	10	5	7
ENSPNYG00000010131	0	0	0
ENSPNYG00000010132	1	3	4
ENSPNYG00000010133	0	0	0
ENSPNYG00000010134	0	0	0
ENSPNYG00000010135	2	3	14
ENSPNYG00000010136	0	0	0
ENSPNYG00000010137	0	0	0
ENSPNYG00000010138	0	0	0
ENSPNYG00000010139	8	7	14
ENSPNYG00000010140	0	0	0
ENSPNYG00000010141	1	1	0
ENSPNYG00000010142	0	0	1
ENSPNYG00000010143	1	0	0
ENSPNYG00000010144	8	0	1
ENSPNYG00000010145	0	0	0
ENSPNYG00000010146	2	4	4
ENSPNYG00000010147	13	5	20
ENSPNYG00000010148	0	0	0
ENSPNYG00000010149	0	1	0
ENSPNYG00000010150	2	0	2
ENSPNYG00000010151	1	1	0
ENSPNYG00000010152	0	0	0
ENSPNYG00000010153	1	0	0
ENSPNYG00000010154	0	0	0
ENSPNYG00000010155	24	7	19
ENSPNYG00000010156	1	0	0
ENSPNYG00000010157	0	0	0
ENSPNYG00000010158	0	0	0
ENSPNYG00000010159	0	0	0
ENSPNYG00000010160	1	6	7
ENSPNYG00000010161	0	0	0
ENSPNYG00000010162	2	3	6
ENSPNYG00000010163	0	0	0
ENSPNYG00000010164	0	0	2
ENSPNYG00000010165	3	2	6
ENSPNYG00000010166	0	0	0
ENSPNYG00000010167	0	0	1
ENSPNYG00000010168	6	5	6
ENSPNYG00000010169	0	0	0
ENSPNYG00000010170	0	0	0
ENSPNYG00000010171	0	0	0
ENSPNYG00000010172	5	2	0
ENSPNYG00000010173	3	1	4
ENSPNYG00000010174	0	0	0
ENSPNYG00000010175	5	9	3
ENSPNYG00000010176	7	6	5
ENSPNYG00000010177	0	0	0
ENSPNYG00000010178	601	858	1156
ENSPNYG00000010179	0	0	0
ENSPNYG00000010180	15	7	7
ENSPNYG00000010181	0	0	0
ENSPNYG00000010182	0	0	0
ENSPNYG00000010183	0	0	0
ENSPNYG00000010184	0	0	0
ENSPNYG00000010185	1	1	0
ENSPNYG00000010186	1	1	0
ENSPNYG00000010187	0	1	0
ENSPNYG00000010188	159	157	113
ENSPNYG00000010189	0	0	0
ENSPNYG00000010190	0	1	0
ENSPNYG00000010191	0	1	0
ENSPNYG00000010192	0	0	0
ENSPNYG00000010193	2	4	5
ENSPNYG00000010194	0	0	1
ENSPNYG00000010195	44	3	6
ENSPNYG00000010196	0	0	0
ENSPNYG00000010197	0	0	0
ENSPNYG00000010198	0	0	0
ENSPNYG00000010199	0	0	0
ENSPNYG00000010200	0	0	0
ENSPNYG00000010201	7	5	7
ENSPNYG00000010202	0	0	0
ENSPNYG00000010203	0	0	0
ENSPNYG00000010204	0	0	5
ENSPNYG00000010205	4	2	12
ENSPNYG00000010206	0	0	0
ENSPNYG00000010207	0	0	0
ENSPNYG00000010208	0	0	0
ENSPNYG00000010209	0	0	0
ENSPNYG00000010210	2	2	2
ENSPNYG00000010211	2	2	5
ENSPNYG00000010212	0	1	1
ENSPNYG00000010213	0	0	0
ENSPNYG00000010214	0	0	0
ENSPNYG00000010215	13	14	8
ENSPNYG00000010216	3	4	11
ENSPNYG00000010217	1	1	0
ENSPNYG00000010218	5	6	11
ENSPNYG00000010219	0	0	4
ENSPNYG00000010220	0	0	0
ENSPNYG00000010221	0	0	0
ENSPNYG00000010222	3	2	4
ENSPNYG00000010223	1	0	1
ENSPNYG00000010224	0	0	0
ENSPNYG00000010225	1	2	1
ENSPNYG00000010226	0	0	0
ENSPNYG00000010227	0	0	0
ENSPNYG00000010228	0	1	3
ENSPNYG00000010229	3	1	1
ENSPNYG00000010230	8	9	8
ENSPNYG00000010231	0	0	0
ENSPNYG00000010232	0	0	0
ENSPNYG00000010233	0	0	0
ENSPNYG00000010234	4	4	2
ENSPNYG00000010235	38	22	49
ENSPNYG00000010236	3	1	5
ENSPNYG00000010237	0	0	0
ENSPNYG00000010238	0	0	0
ENSPNYG00000010239	4	9	16
ENSPNYG00000010240	0	0	0
ENSPNYG00000010241	2	4	3
ENSPNYG00000010242	0	1	0
ENSPNYG00000010243	4	6	7
ENSPNYG00000010244	5	0	4
ENSPNYG00000010245	0	0	0
ENSPNYG00000010246	2	8	17
ENSPNYG00000010247	0	1	2
ENSPNYG00000010248	5	0	4
ENSPNYG00000010249	38	38	48
ENSPNYG00000010250	0	0	0
ENSPNYG00000010251	0	0	0
ENSPNYG00000010252	0	0	0
ENSPNYG00000010253	149	103	227
ENSPNYG00000010254	3	9	12
ENSPNYG00000010255	0	0	1
ENSPNYG00000010256	0	5	2
ENSPNYG00000010257	11	8	6
ENSPNYG00000010258	0	11	1
ENSPNYG00000010259	1	1	0
ENSPNYG00000010260	0	0	0
ENSPNYG00000010261	0	0	0
ENSPNYG00000010262	0	1	1
ENSPNYG00000010263	0	0	0
ENSPNYG00000010264	1	1	1
ENSPNYG00000010265	2	0	2
ENSPNYG00000010266	9	4	3
ENSPNYG00000010267	1	0	0
ENSPNYG00000010268	0	0	0
ENSPNYG00000010269	0	0	0
ENSPNYG00000010270	0	1	1
ENSPNYG00000010271	0	0	0
ENSPNYG00000010272	5	1	2
ENSPNYG00000010273	9	3	13
ENSPNYG00000010274	16	34	53
ENSPNYG00000010275	2	0	0
ENSPNYG00000010276	6	6	9
ENSPNYG00000010277	6	4	3
ENSPNYG00000010278	0	0	0
ENSPNYG00000010279	0	0	0
ENSPNYG00000010280	0	0	0
ENSPNYG00000010281	0	0	0
ENSPNYG00000010282	2	2	2
ENSPNYG00000010283	0	0	0
ENSPNYG00000010284	0	0	0
ENSPNYG00000010285	0	1	1
ENSPNYG00000010286	1	0	3
ENSPNYG00000010287	0	1	0
ENSPNYG00000010288	0	1	0
ENSPNYG00000010289	0	0	0
ENSPNYG00000010290	13	29	23
ENSPNYG00000010291	0	0	0
ENSPNYG00000010292	0	0	0
ENSPNYG00000010293	1	2	0
ENSPNYG00000010294	0	0	0
ENSPNYG00000010295	10	6	5
ENSPNYG00000010296	2	5	5
ENSPNYG00000010297	1	4	3
ENSPNYG00000010298	0	0	2
ENSPNYG00000010299	0	0	0
ENSPNYG00000010300	1	0	3
ENSPNYG00000010301	4	2	0
ENSPNYG00000010302	0	0	0
ENSPNYG00000010303	1	2	0
ENSPNYG00000010304	9	5	2
ENSPNYG00000010305	0	0	0
ENSPNYG00000010306	0	0	0
ENSPNYG00000010307	7	0	2
ENSPNYG00000010308	0	2	0
ENSPNYG00000010309	4	1	3
ENSPNYG00000010310	1	4	5
ENSPNYG00000010311	10	2	5
ENSPNYG00000010312	2	1	2
ENSPNYG00000010313	2	0	2
ENSPNYG00000010314	6	0	5
ENSPNYG00000010315	10	0	0
ENSPNYG00000010316	0	0	0
ENSPNYG00000010317	3	0	0
ENSPNYG00000010318	0	0	0
ENSPNYG00000010319	1	0	2
ENSPNYG00000010320	4	3	2
ENSPNYG00000010321	0	1	0
ENSPNYG00000010322	1	1	1
ENSPNYG00000010323	5	4	4
ENSPNYG00000010324	2	0	0
ENSPNYG00000010325	12	4	5
ENSPNYG00000010326	0	2	2
ENSPNYG00000010327	1	0	2
ENSPNYG00000010328	1	1	3
ENSPNYG00000010329	0	0	3
ENSPNYG00000010330	2	0	1
ENSPNYG00000010331	7	3	2
ENSPNYG00000010332	1	0	1
ENSPNYG00000010333	1	7	8
ENSPNYG00000010334	13	29	10
ENSPNYG00000010335	47	42	58
ENSPNYG00000010336	1	3	0
ENSPNYG00000010337	0	0	0
ENSPNYG00000010338	597	944	954
ENSPNYG00000010339	0	0	0
ENSPNYG00000010340	0	2	0
ENSPNYG00000010341	0	0	0
ENSPNYG00000010342	0	0	0
ENSPNYG00000010343	0	4	1
ENSPNYG00000010344	45	81	58
ENSPNYG00000010345	0	0	1
ENSPNYG00000010346	0	1	0
ENSPNYG00000010347	0	0	2
ENSPNYG00000010348	8	2	4
ENSPNYG00000010349	1	0	3
ENSPNYG00000010350	0	0	0
ENSPNYG00000010351	1	2	4
ENSPNYG00000010352	0	0	0
ENSPNYG00000010353	1	2	1
ENSPNYG00000010354	1	1	0
ENSPNYG00000010355	2	4	3
ENSPNYG00000010356	11	4	1
ENSPNYG00000010357	18	0	1
ENSPNYG00000010358	2	3	5
ENSPNYG00000010359	28	102	116
ENSPNYG00000010360	0	0	0
ENSPNYG00000010361	3	0	0
ENSPNYG00000010362	4	0	2
ENSPNYG00000010363	87	84	73
ENSPNYG00000010364	0	0	0
ENSPNYG00000010365	1	0	0
ENSPNYG00000010366	11	8	18
ENSPNYG00000010367	0	2	2
ENSPNYG00000010368	65	32	64
ENSPNYG00000010369	0	0	0
ENSPNYG00000010370	3	5	1
ENSPNYG00000010371	2	1	0
ENSPNYG00000010372	0	0	5
ENSPNYG00000010373	1	0	0
ENSPNYG00000010374	0	0	0
ENSPNYG00000010375	28	63	81
ENSPNYG00000010376	55	50	42
ENSPNYG00000010377	2	5	1
ENSPNYG00000010378	0	0	0
ENSPNYG00000010379	0	0	1
ENSPNYG00000010380	0	2	0
ENSPNYG00000010381	0	2	1
ENSPNYG00000010382	0	0	0
ENSPNYG00000010383	5	0	0
ENSPNYG00000010384	3	0	1
ENSPNYG00000010385	0	0	0
ENSPNYG00000010386	0	0	0
ENSPNYG00000010387	2	5	1
ENSPNYG00000010388	0	0	1
ENSPNYG00000010389	0	0	0
ENSPNYG00000010390	1	0	0
ENSPNYG00000010391	0	0	0
ENSPNYG00000010392	4	5	4
ENSPNYG00000010393	0	0	0
ENSPNYG00000010394	1	0	1
ENSPNYG00000010395	8	14	7
ENSPNYG00000010396	0	0	0
ENSPNYG00000010397	0	0	0
ENSPNYG00000010398	0	3	0
ENSPNYG00000010399	333	528	421
ENSPNYG00000010400	0	0	2
ENSPNYG00000010401	0	0	0
ENSPNYG00000010402	3	12	7
ENSPNYG00000010403	0	0	0
ENSPNYG00000010404	2	1	1
ENSPNYG00000010405	4	9	8
ENSPNYG00000010406	2	0	3
ENSPNYG00000010407	7	4	2
ENSPNYG00000010408	0	0	1
ENSPNYG00000010409	0	0	0
ENSPNYG00000010410	0	0	0
ENSPNYG00000010411	8	11	10
ENSPNYG00000010412	11	12	10
ENSPNYG00000010413	10	13	9
ENSPNYG00000010414	2	0	1
ENSPNYG00000010415	3	2	5
ENSPNYG00000010416	0	0	0
ENSPNYG00000010417	0	0	0
ENSPNYG00000010418	10	12	10
ENSPNYG00000010419	0	0	0
ENSPNYG00000010420	4	0	1
ENSPNYG00000010421	0	0	0
ENSPNYG00000010422	0	0	0
ENSPNYG00000010423	0	0	0
ENSPNYG00000010424	0	10	7
ENSPNYG00000010425	2	0	0
ENSPNYG00000010426	3	4	4
ENSPNYG00000010427	0	1	0
ENSPNYG00000010428	0	0	0
ENSPNYG00000010429	576	356	552
ENSPNYG00000010430	0	0	1
ENSPNYG00000010431	150	139	146
ENSPNYG00000010432	0	0	0
ENSPNYG00000010433	1	0	0
ENSPNYG00000010434	5	1	9
ENSPNYG00000010435	3	2	2
ENSPNYG00000010436	7	4	2
ENSPNYG00000010437	2	0	7
ENSPNYG00000010438	3	1	2
ENSPNYG00000010439	0	0	0
ENSPNYG00000010440	0	0	1
ENSPNYG00000010441	9	5	2
ENSPNYG00000010442	0	0	0
ENSPNYG00000010443	0	5	4
ENSPNYG00000010444	6	13	7
ENSPNYG00000010445	11	4	6
ENSPNYG00000010446	18	14	37
ENSPNYG00000010447	4	4	4
ENSPNYG00000010448	4	4	2
ENSPNYG00000010449	2	1	1
ENSPNYG00000010450	0	0	0
ENSPNYG00000010451	1	0	0
ENSPNYG00000010452	1	0	0
ENSPNYG00000010453	0	1	1
ENSPNYG00000010454	1	4	0
ENSPNYG00000010455	0	0	0
ENSPNYG00000010456	1	2	1
ENSPNYG00000010457	0	0	0
ENSPNYG00000010458	0	0	0
ENSPNYG00000010459	0	2	0
ENSPNYG00000010460	23	29	29
ENSPNYG00000010461	5568	0	7
ENSPNYG00000010462	0	0	0
ENSPNYG00000010463	1	0	0
ENSPNYG00000010464	1	1	4
ENSPNYG00000010465	1	0	0
ENSPNYG00000010466	9	13	8
ENSPNYG00000010467	1	8	3
ENSPNYG00000010468	1	0	0
ENSPNYG00000010469	1	4	4
ENSPNYG00000010470	843	444	365
ENSPNYG00000010471	0	1	0
ENSPNYG00000010472	0	0	0
ENSPNYG00000010473	0	0	0
ENSPNYG00000010474	4	2	1
ENSPNYG00000010475	0	0	0
ENSPNYG00000010476	22	33	13
ENSPNYG00000010477	0	0	0
ENSPNYG00000010478	655	723	754
ENSPNYG00000010479	24	16	16
ENSPNYG00000010480	0	0	0
ENSPNYG00000010481	1	0	2
ENSPNYG00000010482	4	3	4
ENSPNYG00000010483	0	0	1
ENSPNYG00000010484	0	0	1
ENSPNYG00000010485	2	0	6
ENSPNYG00000010486	1	0	4
ENSPNYG00000010487	253	77	91
ENSPNYG00000010488	0	0	0
ENSPNYG00000010489	0	1	2
ENSPNYG00000010490	2	0	2
ENSPNYG00000010491	0	0	0
ENSPNYG00000010492	0	0	0
ENSPNYG00000010493	4	7	4
ENSPNYG00000010494	0	0	0
ENSPNYG00000010495	0	0	0
ENSPNYG00000010496	0	0	0
ENSPNYG00000010497	0	0	2
ENSPNYG00000010498	2711	1447	1899
ENSPNYG00000010499	7	8	3
ENSPNYG00000010500	0	1	2
ENSPNYG00000010501	0	0	0
ENSPNYG00000010502	6	3	6
ENSPNYG00000010503	8	9	18
ENSPNYG00000010504	0	0	0
ENSPNYG00000010505	7	5	1
ENSPNYG00000010506	0	2	0
ENSPNYG00000010507	20	11	10
ENSPNYG00000010508	0	0	0
ENSPNYG00000010509	281	255	361
ENSPNYG00000010510	2	0	0
ENSPNYG00000010511	4	1	2
ENSPNYG00000010512	3	6	3
ENSPNYG00000010513	1	0	1
ENSPNYG00000010514	0	0	0
ENSPNYG00000010515	1	2	1
ENSPNYG00000010516	2	4	0
ENSPNYG00000010517	4	0	1
ENSPNYG00000010518	0	0	0
ENSPNYG00000010519	2306	1719	1521
ENSPNYG00000010520	4	3	0
ENSPNYG00000010521	0	0	0
ENSPNYG00000010522	0	5	6
ENSPNYG00000010523	0	0	0
ENSPNYG00000010524	0	0	0
ENSPNYG00000010525	0	0	0
ENSPNYG00000010526	2	1	3
ENSPNYG00000010527	23	9	11
ENSPNYG00000010528	0	2	0
ENSPNYG00000010529	3	4	0
ENSPNYG00000010530	390	202	156
ENSPNYG00000010531	3	1	5
ENSPNYG00000010532	1	0	2
ENSPNYG00000010533	1	1	1
ENSPNYG00000010534	3	0	0
ENSPNYG00000010535	0	0	0
ENSPNYG00000010536	1	0	0
ENSPNYG00000010537	3	0	0
ENSPNYG00000010538	1	6	6
ENSPNYG00000010539	2	1	2
ENSPNYG00000010540	0	0	0
ENSPNYG00000010541	0	2	2
ENSPNYG00000010542	0	0	1
ENSPNYG00000010543	43	33	55
ENSPNYG00000010544	0	0	2
ENSPNYG00000010545	325	197	262
ENSPNYG00000010546	20	38	37
ENSPNYG00000010547	10	7	3
ENSPNYG00000010548	1	0	2
ENSPNYG00000010549	0	1	0
ENSPNYG00000010550	8	4	11
ENSPNYG00000010551	0	3	2
ENSPNYG00000010552	0	0	0
ENSPNYG00000010553	0	0	0
ENSPNYG00000010554	0	0	1
ENSPNYG00000010555	1	0	4
ENSPNYG00000010556	0	0	0
ENSPNYG00000010557	0	0	0
ENSPNYG00000010558	4	1	1
ENSPNYG00000010559	43	22	13
ENSPNYG00000010560	3	3	5
ENSPNYG00000010561	406	397	446
ENSPNYG00000010562	613	575	577
ENSPNYG00000010563	0	0	0
ENSPNYG00000010564	0	1	0
ENSPNYG00000010565	0	0	0
ENSPNYG00000010566	0	0	0
ENSPNYG00000010567	0	0	0
ENSPNYG00000010568	5	12	10
ENSPNYG00000010569	0	2	0
ENSPNYG00000010570	3	0	0
ENSPNYG00000010571	0	0	0
ENSPNYG00000010572	1	0	1
ENSPNYG00000010573	1	1	3
ENSPNYG00000010574	0	0	0
ENSPNYG00000010575	1	1	0
ENSPNYG00000010576	0	1	1
ENSPNYG00000010577	0	4	2
ENSPNYG00000010578	0	0	0
ENSPNYG00000010579	0	0	0
ENSPNYG00000010580	0	0	0
ENSPNYG00000010581	0	0	0
ENSPNYG00000010582	0	0	0
ENSPNYG00000010583	0	0	0
ENSPNYG00000010584	9	6	18
ENSPNYG00000010585	0	0	1
ENSPNYG00000010586	1	0	0
ENSPNYG00000010587	6	2	6
ENSPNYG00000010588	2	4	1
ENSPNYG00000010589	0	1	0
ENSPNYG00000010590	0	1	2
ENSPNYG00000010591	0	0	0
ENSPNYG00000010592	0	0	0
ENSPNYG00000010593	0	1	0
ENSPNYG00000010594	345	312	418
ENSPNYG00000010595	1	0	1
ENSPNYG00000010596	1	0	0
ENSPNYG00000010597	3	0	0
ENSPNYG00000010598	0	0	0
ENSPNYG00000010599	1	1	1
ENSPNYG00000010600	12	22	30
ENSPNYG00000010601	2	1	2
ENSPNYG00000010602	0	0	2
ENSPNYG00000010603	0	0	0
ENSPNYG00000010604	2	1	2
ENSPNYG00000010605	11	5	9
ENSPNYG00000010606	0	0	0
ENSPNYG00000010607	0	5	7
ENSPNYG00000010608	3	3	3
ENSPNYG00000010609	0	0	0
ENSPNYG00000010610	0	0	0
ENSPNYG00000010611	2	2	6
ENSPNYG00000010612	13	8	10
ENSPNYG00000010613	0	0	1
ENSPNYG00000010614	1	0	2
ENSPNYG00000010615	11	5	10
ENSPNYG00000010616	0	0	0
ENSPNYG00000010617	1	2	1
ENSPNYG00000010618	2	6	3
ENSPNYG00000010619	0	0	0
ENSPNYG00000010620	7	7	18
ENSPNYG00000010621	0	0	0
ENSPNYG00000010622	0	0	0
ENSPNYG00000010623	0	1	5
ENSPNYG00000010624	0	0	0
ENSPNYG00000010625	1	5	12
ENSPNYG00000010626	119	46	39
ENSPNYG00000010627	0	0	0
ENSPNYG00000010628	1	3	6
ENSPNYG00000010629	4	0	3
ENSPNYG00000010630	3	2	4
ENSPNYG00000010631	2	7	1
ENSPNYG00000010632	0	0	1
ENSPNYG00000010633	0	1	1
ENSPNYG00000010634	1	4	4
ENSPNYG00000010635	0	0	0
ENSPNYG00000010636	0	2	1
ENSPNYG00000010637	2	0	1
ENSPNYG00000010638	3	0	4
ENSPNYG00000010639	685	1077	921
ENSPNYG00000010640	1	3	0
ENSPNYG00000010641	0	0	0
ENSPNYG00000010642	1	3	0
ENSPNYG00000010643	0	0	0
ENSPNYG00000010644	0	2	0
ENSPNYG00000010645	3	1	0
ENSPNYG00000010646	0	0	0
ENSPNYG00000010647	0	0	0
ENSPNYG00000010648	1	0	0
ENSPNYG00000010649	0	0	0
ENSPNYG00000010650	1	6	3
ENSPNYG00000010651	4	4	4
ENSPNYG00000010652	0	0	0
ENSPNYG00000010653	16	3	2
ENSPNYG00000010654	448	429	705
ENSPNYG00000010655	3	3	8
ENSPNYG00000010656	1	0	2
ENSPNYG00000010657	0	4	3
ENSPNYG00000010658	42	30	66
ENSPNYG00000010659	0	0	0
ENSPNYG00000010660	0	0	0
ENSPNYG00000010661	1	0	0
ENSPNYG00000010662	0	0	0
ENSPNYG00000010663	5	3	5
ENSPNYG00000010664	2	8	0
ENSPNYG00000010665	0	0	1
ENSPNYG00000010666	13	1	19
ENSPNYG00000010667	0	2	4
ENSPNYG00000010668	0	0	0
ENSPNYG00000010669	0	0	0
ENSPNYG00000010670	0	0	4
ENSPNYG00000010671	4	3	0
ENSPNYG00000010672	1	1	2
ENSPNYG00000010673	8	2	4
ENSPNYG00000010674	362	176	177
ENSPNYG00000010675	14	7	10
ENSPNYG00000010676	0	0	0
ENSPNYG00000010677	2	4	2
ENSPNYG00000010678	52	10	0
ENSPNYG00000010679	0	0	0
ENSPNYG00000010680	1	0	1
ENSPNYG00000010681	3	0	3
ENSPNYG00000010682	0	0	2
ENSPNYG00000010683	0	0	1
ENSPNYG00000010684	0	0	0
ENSPNYG00000010685	0	0	0
ENSPNYG00000010686	2	0	0
ENSPNYG00000010687	2	2	3
ENSPNYG00000010688	0	1	0
ENSPNYG00000010689	0	0	0
ENSPNYG00000010690	0	0	0
ENSPNYG00000010691	4	2	0
ENSPNYG00000010692	2	0	0
ENSPNYG00000010693	3	3	2
ENSPNYG00000010694	0	1	0
ENSPNYG00000010695	1	0	0
ENSPNYG00000010696	0	0	0
ENSPNYG00000010697	2	0	2
ENSPNYG00000010698	1	0	0
ENSPNYG00000010699	0	0	0
ENSPNYG00000010700	0	0	0
ENSPNYG00000010701	0	0	0
ENSPNYG00000010702	0	1	2
ENSPNYG00000010703	0	0	0
ENSPNYG00000010704	0	0	1
ENSPNYG00000010705	0	0	0
ENSPNYG00000010706	0	2	1
ENSPNYG00000010707	29	80	95
ENSPNYG00000010708	15	12	7
ENSPNYG00000010709	0	1	4
ENSPNYG00000010710	1	0	0
ENSPNYG00000010711	13	9	20
ENSPNYG00000010712	1	4	3
ENSPNYG00000010713	8	14	5
ENSPNYG00000010714	3	1	5
ENSPNYG00000010715	3	1	0
ENSPNYG00000010716	0	0	0
ENSPNYG00000010717	2	0	6
ENSPNYG00000010718	0	0	0
ENSPNYG00000010719	0	0	0
ENSPNYG00000010720	1	1	0
ENSPNYG00000010721	3	1	0
ENSPNYG00000010722	3	0	0
ENSPNYG00000010723	48	79	102
ENSPNYG00000010724	1	0	2
ENSPNYG00000010725	7	6	10
ENSPNYG00000010726	3	0	2
ENSPNYG00000010727	0	0	0
ENSPNYG00000010728	2	0	3
ENSPNYG00000010729	0	6	2
ENSPNYG00000010730	0	0	3
ENSPNYG00000010731	0	1	0
ENSPNYG00000010732	7372	6691	6661
ENSPNYG00000010733	38	14	25
ENSPNYG00000010734	0	0	0
ENSPNYG00000010735	6	3	5
ENSPNYG00000010736	37	33	31
ENSPNYG00000010737	156	101	88
ENSPNYG00000010738	1	0	0
ENSPNYG00000010739	13	21	5
ENSPNYG00000010740	7	2	7
ENSPNYG00000010741	3143	2774	1911
ENSPNYG00000010742	13	0	2
ENSPNYG00000010743	13	0	2
ENSPNYG00000010744	0	4	1
ENSPNYG00000010745	0	0	1
ENSPNYG00000010746	0	0	0
ENSPNYG00000010747	268	206	538
ENSPNYG00000010748	0	0	0
ENSPNYG00000010749	0	0	0
ENSPNYG00000010750	162	183	280
ENSPNYG00000010751	0	0	6
ENSPNYG00000010752	0	0	0
ENSPNYG00000010753	26	18	35
ENSPNYG00000010754	0	0	0
ENSPNYG00000010755	0	1	2
ENSPNYG00000010756	1	1	0
ENSPNYG00000010757	2	5	5
ENSPNYG00000010758	341	349	418
ENSPNYG00000010759	3	0	1
ENSPNYG00000010760	10	6	2
ENSPNYG00000010761	27	30	24
ENSPNYG00000010762	3	7	4
ENSPNYG00000010763	0	0	1
ENSPNYG00000010764	2	0	3
ENSPNYG00000010765	17	10	4
ENSPNYG00000010766	3	2	0
ENSPNYG00000010767	0	1	0
ENSPNYG00000010768	9	12	6
ENSPNYG00000010769	2	3	0
ENSPNYG00000010770	7	5	8
ENSPNYG00000010771	5	10	5
ENSPNYG00000010772	0	4	2
ENSPNYG00000010773	2	2	1
ENSPNYG00000010774	1	0	0
ENSPNYG00000010775	3	4	5
ENSPNYG00000010776	0	0	0
ENSPNYG00000010777	0	0	0
ENSPNYG00000010778	0	0	2
ENSPNYG00000010779	0	0	0
ENSPNYG00000010780	12	4	4
ENSPNYG00000010781	1	0	0
ENSPNYG00000010782	0	0	1
ENSPNYG00000010783	80	41	49
ENSPNYG00000010784	399	232	223
ENSPNYG00000010785	0	0	0
ENSPNYG00000010786	0	0	0
ENSPNYG00000010787	0	0	0
ENSPNYG00000010788	1	0	1
ENSPNYG00000010789	4	0	5
ENSPNYG00000010790	0	0	0
ENSPNYG00000010791	0	0	0
ENSPNYG00000010792	0	2	3
ENSPNYG00000010793	20	1	2
ENSPNYG00000010794	12	18	33
ENSPNYG00000010795	0	1	0
ENSPNYG00000010796	20	8	15
ENSPNYG00000010797	0	1	2
ENSPNYG00000010798	1	1	0
ENSPNYG00000010799	1	1	0
ENSPNYG00000010800	889	946	976
ENSPNYG00000010801	1	1	0
ENSPNYG00000010802	17	6	6
ENSPNYG00000010803	0	0	0
ENSPNYG00000010804	113	41	153
ENSPNYG00000010805	0	0	1
ENSPNYG00000010806	4	5	7
ENSPNYG00000010807	1	3	5
ENSPNYG00000010808	3	2	2
ENSPNYG00000010809	3	2	2
ENSPNYG00000010810	1313	442	798
ENSPNYG00000010811	6	16	32
ENSPNYG00000010812	0	0	0
ENSPNYG00000010813	3	5	6
ENSPNYG00000010814	0	0	4
ENSPNYG00000010815	3	1	4
ENSPNYG00000010816	2	3	6
ENSPNYG00000010817	0	0	0
ENSPNYG00000010818	11	2	7
ENSPNYG00000010819	1	0	0
ENSPNYG00000010820	0	0	1
ENSPNYG00000010821	0	0	0
ENSPNYG00000010822	0	3	1
ENSPNYG00000010823	2	0	0
ENSPNYG00000010824	31	100	78
ENSPNYG00000010825	0	1	0
ENSPNYG00000010826	0	0	0
ENSPNYG00000010827	2	0	0
ENSPNYG00000010828	0	0	0
ENSPNYG00000010829	0	0	0
ENSPNYG00000010830	0	0	0
ENSPNYG00000010831	7	10	8
ENSPNYG00000010832	3	5	4
ENSPNYG00000010833	4	5	3
ENSPNYG00000010834	0	2	4
ENSPNYG00000010835	3	5	8
ENSPNYG00000010836	17	15	21
ENSPNYG00000010837	1	0	0
ENSPNYG00000010838	4	2	6
ENSPNYG00000010839	17	8	8
ENSPNYG00000010840	1	0	7
ENSPNYG00000010841	3	1	5
ENSPNYG00000010842	12	7	4
ENSPNYG00000010843	1	0	2
ENSPNYG00000010844	0	0	2
ENSPNYG00000010845	0	0	4
ENSPNYG00000010846	0	1	0
ENSPNYG00000010847	0	0	0
ENSPNYG00000010848	0	0	0
ENSPNYG00000010849	0	0	1
ENSPNYG00000010850	5	1	1
ENSPNYG00000010851	0	0	0
ENSPNYG00000010852	1	1	1
ENSPNYG00000010853	3	0	1
ENSPNYG00000010854	0	0	0
ENSPNYG00000010855	5	1	5
ENSPNYG00000010856	0	0	0
ENSPNYG00000010857	0	0	0
ENSPNYG00000010858	0	0	0
ENSPNYG00000010859	1	0	3
ENSPNYG00000010860	0	0	0
ENSPNYG00000010861	1	0	0
ENSPNYG00000010862	724	353	625
ENSPNYG00000010863	0	0	0
ENSPNYG00000010864	3	27	29
ENSPNYG00000010865	3	9	3
ENSPNYG00000010866	22	33	33
ENSPNYG00000010867	6	5	5
ENSPNYG00000010868	0	0	0
ENSPNYG00000010869	7	0	2
ENSPNYG00000010870	7	6	7
ENSPNYG00000010871	5	6	7
ENSPNYG00000010872	0	0	0
ENSPNYG00000010873	0	0	0
ENSPNYG00000010874	0	0	0
ENSPNYG00000010875	1	2	0
ENSPNYG00000010876	0	0	0
ENSPNYG00000010877	0	0	0
ENSPNYG00000010878	3	0	0
ENSPNYG00000010879	10	19	26
ENSPNYG00000010880	0	1	6
ENSPNYG00000010881	3	5	5
ENSPNYG00000010882	1	0	0
ENSPNYG00000010883	0	0	0
ENSPNYG00000010884	1	1	2
ENSPNYG00000010885	3	0	0
ENSPNYG00000010886	24	13	21
ENSPNYG00000010887	7	25	21
ENSPNYG00000010888	0	3	3
ENSPNYG00000010889	1	0	0
ENSPNYG00000010890	3	3	0
ENSPNYG00000010891	0	0	0
ENSPNYG00000010892	0	0	0
ENSPNYG00000010893	17	73	67
ENSPNYG00000010894	20	8	5
ENSPNYG00000010895	0	1	0
ENSPNYG00000010896	1	0	4
ENSPNYG00000010897	0	0	0
ENSPNYG00000010898	8	14	8
ENSPNYG00000010899	0	0	0
ENSPNYG00000010900	0	0	0
ENSPNYG00000010901	0	0	0
ENSPNYG00000010902	0	0	0
ENSPNYG00000010903	5	1	7
ENSPNYG00000010904	2	1	0
ENSPNYG00000010905	9	8	13
ENSPNYG00000010906	0	2	1
ENSPNYG00000010907	0	0	0
ENSPNYG00000010908	6	25	38
ENSPNYG00000010909	2	1	1
ENSPNYG00000010910	1	0	1
ENSPNYG00000010911	0	0	0
ENSPNYG00000010912	16	10	9
ENSPNYG00000010913	0	0	0
ENSPNYG00000010914	3	6	5
ENSPNYG00000010915	3	2	1
ENSPNYG00000010916	0	0	0
ENSPNYG00000010917	1	2	2
ENSPNYG00000010918	304	409	517
ENSPNYG00000010919	0	0	0
ENSPNYG00000010920	0	0	0
ENSPNYG00000010921	10	6	5
ENSPNYG00000010922	4	4	2
ENSPNYG00000010923	0	0	0
ENSPNYG00000010924	1	0	1
ENSPNYG00000010925	3	1	1
ENSPNYG00000010926	0	4	0
ENSPNYG00000010927	0	2	0
ENSPNYG00000010928	0	0	0
ENSPNYG00000010929	1	0	0
ENSPNYG00000010930	0	0	0
ENSPNYG00000010931	1	0	4
ENSPNYG00000010932	1	0	0
ENSPNYG00000010933	1	0	0
ENSPNYG00000010934	6	9	7
ENSPNYG00000010935	2	0	2
ENSPNYG00000010936	0	4	6
ENSPNYG00000010937	0	0	0
ENSPNYG00000010938	1	2	0
ENSPNYG00000010939	0	0	0
ENSPNYG00000010940	0	1	4
ENSPNYG00000010941	2	5	0
ENSPNYG00000010942	7	3	4
ENSPNYG00000010943	0	0	0
ENSPNYG00000010944	4	5	1
ENSPNYG00000010945	2	1	0
ENSPNYG00000010946	1	0	1
ENSPNYG00000010947	16	1	8
ENSPNYG00000010948	0	0	0
ENSPNYG00000010949	0	1	1
ENSPNYG00000010950	0	3	0
ENSPNYG00000010951	0	0	0
ENSPNYG00000010952	4	2	5
ENSPNYG00000010953	1	0	1
ENSPNYG00000010954	8	9	6
ENSPNYG00000010955	5	5	0
ENSPNYG00000010956	4	1	8
ENSPNYG00000010957	1	5	1
ENSPNYG00000010958	0	0	0
ENSPNYG00000010959	3	2	3
ENSPNYG00000010960	0	0	0
ENSPNYG00000010961	12	0	0
ENSPNYG00000010962	1	0	0
ENSPNYG00000010963	1	0	3
ENSPNYG00000010964	5	3	5
ENSPNYG00000010965	0	0	0
ENSPNYG00000010966	3	1	0
ENSPNYG00000010967	1	1	3
ENSPNYG00000010968	0	3	0
ENSPNYG00000010969	0	0	0
ENSPNYG00000010970	4	1	2
ENSPNYG00000010971	8	40	25
ENSPNYG00000010972	0	0	0
ENSPNYG00000010973	1	8	5
ENSPNYG00000010974	0	0	0
ENSPNYG00000010975	24	28	30
ENSPNYG00000010976	6	12	4
ENSPNYG00000010977	0	0	1
ENSPNYG00000010978	0	0	0
ENSPNYG00000010979	1	0	1
ENSPNYG00000010980	0	4	6
ENSPNYG00000010981	2	1	4
ENSPNYG00000010982	5	0	1
ENSPNYG00000010983	0	0	0
ENSPNYG00000010984	0	0	2
ENSPNYG00000010985	0	0	0
ENSPNYG00000010986	6	4	1
ENSPNYG00000010987	1	0	1
ENSPNYG00000010988	0	0	0
ENSPNYG00000010989	0	0	0
ENSPNYG00000010990	0	0	0
ENSPNYG00000010991	0	0	0
ENSPNYG00000010992	23	2	9
ENSPNYG00000010993	0	0	0
ENSPNYG00000010994	0	0	0
ENSPNYG00000010995	3	2	3
ENSPNYG00000010996	637	577	623
ENSPNYG00000010997	0	0	0
ENSPNYG00000010998	38	36	39
ENSPNYG00000010999	0	0	0
ENSPNYG00000011000	1	0	0
ENSPNYG00000011001	0	1	1
ENSPNYG00000011002	15	6	7
ENSPNYG00000011003	10	19	17
ENSPNYG00000011004	0	0	0
ENSPNYG00000011005	0	0	0
ENSPNYG00000011006	3	3	5
ENSPNYG00000011007	17	0	11
ENSPNYG00000011008	1	1	4
ENSPNYG00000011009	0	0	0
ENSPNYG00000011010	2	2	0
ENSPNYG00000011011	3	1	0
ENSPNYG00000011012	2	0	0
ENSPNYG00000011013	0	0	0
ENSPNYG00000011014	6	3	0
ENSPNYG00000011015	4	8	5
ENSPNYG00000011016	0	0	1
ENSPNYG00000011017	0	1	0
ENSPNYG00000011018	0	0	0
ENSPNYG00000011019	4	0	0
ENSPNYG00000011020	0	0	0
ENSPNYG00000011021	0	0	0
ENSPNYG00000011022	14	14	12
ENSPNYG00000011023	0	0	2
ENSPNYG00000011024	0	1	1
ENSPNYG00000011025	251	132	204
ENSPNYG00000011026	3	3	0
ENSPNYG00000011027	0	0	0
ENSPNYG00000011028	0	0	0
ENSPNYG00000011029	4	0	1
ENSPNYG00000011030	41	58	28
ENSPNYG00000011031	0	0	0
ENSPNYG00000011032	0	0	0
ENSPNYG00000011033	120	81	94
ENSPNYG00000011034	1	0	1
ENSPNYG00000011035	0	0	0
ENSPNYG00000011036	0	0	0
ENSPNYG00000011037	2	3	10
ENSPNYG00000011038	0	4	0
ENSPNYG00000011039	6	5	3
ENSPNYG00000011040	1	3	1
ENSPNYG00000011041	0	1	0
ENSPNYG00000011042	0	0	1
ENSPNYG00000011043	46	7	9
ENSPNYG00000011044	0	0	1
ENSPNYG00000011045	0	0	0
ENSPNYG00000011046	37	35	0
ENSPNYG00000011047	1664	1115	1194
ENSPNYG00000011048	11	6	11
ENSPNYG00000011049	1	0	0
ENSPNYG00000011050	561	629	730
ENSPNYG00000011051	0	0	0
ENSPNYG00000011052	1	1	0
ENSPNYG00000011053	0	0	0
ENSPNYG00000011054	0	0	0
ENSPNYG00000011055	0	2	3
ENSPNYG00000011056	0	2	3
ENSPNYG00000011057	3	1	3
ENSPNYG00000011058	0	0	0
ENSPNYG00000011059	0	0	0
ENSPNYG00000011060	8	5	0
ENSPNYG00000011061	0	0	0
ENSPNYG00000011062	5	2	0
ENSPNYG00000011063	4	0	0
ENSPNYG00000011064	638	406	432
ENSPNYG00000011065	4	1	1
ENSPNYG00000011066	0	0	0
ENSPNYG00000011067	0	0	0
ENSPNYG00000011068	0	0	0
ENSPNYG00000011069	1	7	2
ENSPNYG00000011070	0	0	0
ENSPNYG00000011071	173	1	4
ENSPNYG00000011072	3	2	2
ENSPNYG00000011073	1	3	3
ENSPNYG00000011074	0	0	0
ENSPNYG00000011075	0	1	0
ENSPNYG00000011076	33	17	13
ENSPNYG00000011077	5	0	2
ENSPNYG00000011078	0	0	0
ENSPNYG00000011079	2	0	1
ENSPNYG00000011080	0	0	0
ENSPNYG00000011081	0	0	0
ENSPNYG00000011082	8	6	3
ENSPNYG00000011083	0	0	1
ENSPNYG00000011084	0	0	0
ENSPNYG00000011085	0	0	0
ENSPNYG00000011086	0	0	0
ENSPNYG00000011087	0	0	0
ENSPNYG00000011088	0	0	0
ENSPNYG00000011089	1	4	2
ENSPNYG00000011090	0	0	0
ENSPNYG00000011091	3831	1779	5296
ENSPNYG00000011092	0	0	0
ENSPNYG00000011093	2	2	4
ENSPNYG00000011094	4	6	0
ENSPNYG00000011095	26	9	2
ENSPNYG00000011096	0	0	0
ENSPNYG00000011097	1	1	0
ENSPNYG00000011098	4	0	3
ENSPNYG00000011099	0	0	0
ENSPNYG00000011100	0	0	0
ENSPNYG00000011101	0	0	0
ENSPNYG00000011102	0	0	0
ENSPNYG00000011103	0	1	0
ENSPNYG00000011104	1	1	0
ENSPNYG00000011105	0	1	4
ENSPNYG00000011106	343	462	351
ENSPNYG00000011107	3	2	1
ENSPNYG00000011108	0	0	1
ENSPNYG00000011109	30	37	61
ENSPNYG00000011110	0	0	0
ENSPNYG00000011111	0	0	0
ENSPNYG00000011112	0	0	0
ENSPNYG00000011113	0	0	0
ENSPNYG00000011114	0	3	3
ENSPNYG00000011115	8	7	3
ENSPNYG00000011116	1	0	0
ENSPNYG00000011117	0	0	0
ENSPNYG00000011118	0	2	0
ENSPNYG00000011119	17	20	16
ENSPNYG00000011120	0	1	2
ENSPNYG00000011121	0	2	2
ENSPNYG00000011122	4	0	3
ENSPNYG00000011123	0	1	0
ENSPNYG00000011124	7	2	7
ENSPNYG00000011125	0	0	0
ENSPNYG00000011126	19	46	53
ENSPNYG00000011127	6	2	10
ENSPNYG00000011128	0	0	0
ENSPNYG00000011129	0	0	0
ENSPNYG00000011130	3	8	4
ENSPNYG00000011131	0	3	0
ENSPNYG00000011132	0	1	0
ENSPNYG00000011133	388	354	600
ENSPNYG00000011134	7	5	8
ENSPNYG00000011135	0	0	0
ENSPNYG00000011136	0	0	0
ENSPNYG00000011137	0	0	0
ENSPNYG00000011138	5	4	4
ENSPNYG00000011139	3	2	3
ENSPNYG00000011140	0	0	0
ENSPNYG00000011141	2	0	0
ENSPNYG00000011142	21	11	30
ENSPNYG00000011143	0	0	0
ENSPNYG00000011144	0	2	0
ENSPNYG00000011145	0	0	0
ENSPNYG00000011146	11	4	6
ENSPNYG00000011147	4	0	5
ENSPNYG00000011148	0	0	0
ENSPNYG00000011149	849	488	624
ENSPNYG00000011150	0	0	0
ENSPNYG00000011151	0	0	0
ENSPNYG00000011152	5	1	1
ENSPNYG00000011153	1	1	0
ENSPNYG00000011154	3	3	7
ENSPNYG00000011155	0	1	0
ENSPNYG00000011156	0	1	1
ENSPNYG00000011157	0	0	0
ENSPNYG00000011158	7	12	12
ENSPNYG00000011159	2	3	0
ENSPNYG00000011160	0	0	2
ENSPNYG00000011161	2	3	3
ENSPNYG00000011162	0	0	0
ENSPNYG00000011163	3	3	5
ENSPNYG00000011164	0	0	0
ENSPNYG00000011165	5	7	3
ENSPNYG00000011166	0	0	0
ENSPNYG00000011167	547	397	489
ENSPNYG00000011168	0	0	1
ENSPNYG00000011169	3	0	6
ENSPNYG00000011170	0	0	0
ENSPNYG00000011171	0	0	0
ENSPNYG00000011172	0	0	0
ENSPNYG00000011173	24	37	26
ENSPNYG00000011174	0	0	0
ENSPNYG00000011175	0	0	0
ENSPNYG00000011176	0	0	0
ENSPNYG00000011177	0	0	0
ENSPNYG00000011178	4	0	1
ENSPNYG00000011179	75	65	67
ENSPNYG00000011180	6	5	6
ENSPNYG00000011181	0	0	0
ENSPNYG00000011182	2	2	1
ENSPNYG00000011183	1	1	0
ENSPNYG00000011184	5	10	4
ENSPNYG00000011185	0	0	0
ENSPNYG00000011186	1	0	0
ENSPNYG00000011187	0	0	0
ENSPNYG00000011188	9	5	6
ENSPNYG00000011189	4	6	3
ENSPNYG00000011190	0	0	0
ENSPNYG00000011191	0	0	0
ENSPNYG00000011192	0	0	2
ENSPNYG00000011193	2	0	0
ENSPNYG00000011194	0	1	0
ENSPNYG00000011195	0	0	0
ENSPNYG00000011196	0	3	0
ENSPNYG00000011197	6	9	7
ENSPNYG00000011198	0	0	0
ENSPNYG00000011199	0	0	0
ENSPNYG00000011200	0	0	0
ENSPNYG00000011201	2	2	1
ENSPNYG00000011202	11	7	9
ENSPNYG00000011203	0	0	0
ENSPNYG00000011204	0	0	1
ENSPNYG00000011205	0	0	2
ENSPNYG00000011206	0	2	0
ENSPNYG00000011207	3	2	1
ENSPNYG00000011208	0	0	0
ENSPNYG00000011209	1	0	0
ENSPNYG00000011210	3	2	0
ENSPNYG00000011211	10	5	8
ENSPNYG00000011212	0	0	0
ENSPNYG00000011213	7	2	0
ENSPNYG00000011214	0	0	0
ENSPNYG00000011215	4	1	3
ENSPNYG00000011216	0	0	0
ENSPNYG00000011217	5	1	2
ENSPNYG00000011218	10	1	11
ENSPNYG00000011219	1	2	0
ENSPNYG00000011220	0	0	0
ENSPNYG00000011221	5	8	4
ENSPNYG00000011222	0	0	0
ENSPNYG00000011223	1	0	2
ENSPNYG00000011224	12	31	23
ENSPNYG00000011225	6	2	3
ENSPNYG00000011226	3	0	4
ENSPNYG00000011227	4	0	0
ENSPNYG00000011228	2	0	3
ENSPNYG00000011229	0	0	0
ENSPNYG00000011230	0	0	2
ENSPNYG00000011231	0	0	0
ENSPNYG00000011232	0	0	0
ENSPNYG00000011233	0	0	0
ENSPNYG00000011234	0	0	0
ENSPNYG00000011235	0	0	2
ENSPNYG00000011236	4	3	8
ENSPNYG00000011237	0	0	1
ENSPNYG00000011238	0	2	2
ENSPNYG00000011239	0	0	0
ENSPNYG00000011240	0	0	0
ENSPNYG00000011241	25	17	45
ENSPNYG00000011242	3	1	5
ENSPNYG00000011243	0	0	0
ENSPNYG00000011244	0	0	0
ENSPNYG00000011245	0	0	6
ENSPNYG00000011246	1	5	3
ENSPNYG00000011247	0	0	0
ENSPNYG00000011248	1	3	1
ENSPNYG00000011249	15	10	12
ENSPNYG00000011250	0	0	4
ENSPNYG00000011251	2	1	0
ENSPNYG00000011252	0	0	0
ENSPNYG00000011253	0	0	0
ENSPNYG00000011254	9	14	8
ENSPNYG00000011255	0	0	0
ENSPNYG00000011256	0	0	0
ENSPNYG00000011257	0	0	2
ENSPNYG00000011258	0	0	2
ENSPNYG00000011259	1	1	0
ENSPNYG00000011260	1	6	5
ENSPNYG00000011261	0	0	0
ENSPNYG00000011262	19	60	65
ENSPNYG00000011263	0	0	0
ENSPNYG00000011264	358	292	488
ENSPNYG00000011265	0	0	0
ENSPNYG00000011266	4	1	2
ENSPNYG00000011267	241	291	449
ENSPNYG00000011268	4	1	0
ENSPNYG00000011269	0	0	0
ENSPNYG00000011270	96	433	485
ENSPNYG00000011271	5	21	56
ENSPNYG00000011272	1	3	1
ENSPNYG00000011273	0	0	0
ENSPNYG00000011274	0	0	0
ENSPNYG00000011275	5	0	0
ENSPNYG00000011276	0	1	4
ENSPNYG00000011277	0	0	0
ENSPNYG00000011278	0	0	0
ENSPNYG00000011279	9	17	11
ENSPNYG00000011280	5	1	2
ENSPNYG00000011281	11	3	8
ENSPNYG00000011282	0	0	0
ENSPNYG00000011283	2	4	3
ENSPNYG00000011284	0	0	0
ENSPNYG00000011285	2	14	8
ENSPNYG00000011286	1	0	2
ENSPNYG00000011287	0	0	0
ENSPNYG00000011288	10	13	8
ENSPNYG00000011289	5	12	7
ENSPNYG00000011290	17	16	18
ENSPNYG00000011291	389	278	276
ENSPNYG00000011292	2	0	0
ENSPNYG00000011293	1573	1431	1329
ENSPNYG00000011294	0	2	1
ENSPNYG00000011295	0	0	1
ENSPNYG00000011296	2	4	5
ENSPNYG00000011297	6	2	3
ENSPNYG00000011298	7	4	8
ENSPNYG00000011299	3	0	0
ENSPNYG00000011300	9	5	4
ENSPNYG00000011301	0	0	0
ENSPNYG00000011302	4	1	0
ENSPNYG00000011303	0	0	0
ENSPNYG00000011304	0	0	0
ENSPNYG00000011305	0	0	0
ENSPNYG00000011306	3	4	10
ENSPNYG00000011307	0	0	0
ENSPNYG00000011308	1	0	1
ENSPNYG00000011309	0	1	2
ENSPNYG00000011310	0	0	0
ENSPNYG00000011311	0	0	0
ENSPNYG00000011312	1	4	11
ENSPNYG00000011313	0	1	2
ENSPNYG00000011314	1	0	1
ENSPNYG00000011315	3	13	22
ENSPNYG00000011316	22	14	11
ENSPNYG00000011317	52	35	18
ENSPNYG00000011318	2	0	2
ENSPNYG00000011319	3	0	1
ENSPNYG00000011320	3	3	2
ENSPNYG00000011321	0	1	2
ENSPNYG00000011322	0	0	0
ENSPNYG00000011323	3	1	1
ENSPNYG00000011324	10	2	7
ENSPNYG00000011325	6	3	9
ENSPNYG00000011326	0	0	0
ENSPNYG00000011327	0	0	0
ENSPNYG00000011328	0	1	0
ENSPNYG00000011329	157	108	126
ENSPNYG00000011330	6	0	0
ENSPNYG00000011331	2	7	7
ENSPNYG00000011332	1	3	1
ENSPNYG00000011333	92	16	31
ENSPNYG00000011334	0	1	0
ENSPNYG00000011335	1	0	0
ENSPNYG00000011336	66	102	96
ENSPNYG00000011337	0	0	0
ENSPNYG00000011338	0	0	0
ENSPNYG00000011339	2873	3205	3206
ENSPNYG00000011340	0	0	2
ENSPNYG00000011341	0	0	0
ENSPNYG00000011342	0	0	0
ENSPNYG00000011343	6	5	10
ENSPNYG00000011344	41	22	25
ENSPNYG00000011345	0	0	1
ENSPNYG00000011346	0	1	0
ENSPNYG00000011347	3	0	3
ENSPNYG00000011348	0	0	0
ENSPNYG00000011349	3	4	4
ENSPNYG00000011350	0	0	0
ENSPNYG00000011351	0	0	0
ENSPNYG00000011352	0	0	4
ENSPNYG00000011353	2	0	0
ENSPNYG00000011354	9	4	9
ENSPNYG00000011355	0	0	0
ENSPNYG00000011356	0	0	0
ENSPNYG00000011357	0	0	0
ENSPNYG00000011358	5	2	4
ENSPNYG00000011359	0	0	0
ENSPNYG00000011360	0	1	0
ENSPNYG00000011361	0	0	1
ENSPNYG00000011362	0	0	0
ENSPNYG00000011363	4	1	0
ENSPNYG00000011364	0	0	0
ENSPNYG00000011365	1	2	1
ENSPNYG00000011366	197	143	214
ENSPNYG00000011367	0	0	1
ENSPNYG00000011368	0	0	0
ENSPNYG00000011369	4	0	3
ENSPNYG00000011370	0	0	0
ENSPNYG00000011371	0	1	0
ENSPNYG00000011372	17	15	14
ENSPNYG00000011373	1	4	1
ENSPNYG00000011374	4	6	1
ENSPNYG00000011375	1	2	3
ENSPNYG00000011376	0	0	0
ENSPNYG00000011377	0	0	0
ENSPNYG00000011378	0	0	0
ENSPNYG00000011379	10	5	11
ENSPNYG00000011380	4	2	2
ENSPNYG00000011381	19	18	31
ENSPNYG00000011382	2	2	10
ENSPNYG00000011383	1	4	1
ENSPNYG00000011384	0	0	0
ENSPNYG00000011385	0	0	0
ENSPNYG00000011386	0	0	0
ENSPNYG00000011387	0	0	0
ENSPNYG00000011388	1	0	0
ENSPNYG00000011389	2	1	0
ENSPNYG00000011390	25	14	23
ENSPNYG00000011391	12	7	18
ENSPNYG00000011392	0	0	0
ENSPNYG00000011393	1	0	0
ENSPNYG00000011394	7	6	5
ENSPNYG00000011395	7	9	5
ENSPNYG00000011396	0	0	0
ENSPNYG00000011397	5	2	0
ENSPNYG00000011398	0	0	0
ENSPNYG00000011399	3	0	2
ENSPNYG00000011400	1	1	3
ENSPNYG00000011401	13	10	18
ENSPNYG00000011402	0	0	1
ENSPNYG00000011403	0	1	0
ENSPNYG00000011404	11	2	3
ENSPNYG00000011405	0	0	0
ENSPNYG00000011406	0	0	0
ENSPNYG00000011407	0	0	1
ENSPNYG00000011408	1	3	5
ENSPNYG00000011409	3	2	4
ENSPNYG00000011410	0	0	0
ENSPNYG00000011411	1	3	0
ENSPNYG00000011412	0	0	0
ENSPNYG00000011413	3	0	2
ENSPNYG00000011414	0	0	0
ENSPNYG00000011415	0	0	0
ENSPNYG00000011416	0	0	0
ENSPNYG00000011417	4	4	2
ENSPNYG00000011418	6	6	0
ENSPNYG00000011419	773	1011	867
ENSPNYG00000011420	7	71	41
ENSPNYG00000011421	1	0	0
ENSPNYG00000011422	9	12	6
ENSPNYG00000011423	0	3	1
ENSPNYG00000011424	4	14	28
ENSPNYG00000011425	0	1	1
ENSPNYG00000011426	0	0	0
ENSPNYG00000011427	0	0	5
ENSPNYG00000011428	0	0	0
ENSPNYG00000011429	80	56	90
ENSPNYG00000011430	21	15	31
ENSPNYG00000011431	2	5	14
ENSPNYG00000011432	0	0	0
ENSPNYG00000011433	0	3	0
ENSPNYG00000011434	0	0	0
ENSPNYG00000011435	20	20	14
ENSPNYG00000011436	0	0	3
ENSPNYG00000011437	1	1	2
ENSPNYG00000011438	5	1	20
ENSPNYG00000011439	0	0	0
ENSPNYG00000011440	26	14	15
ENSPNYG00000011441	4	4	4
ENSPNYG00000011442	0	0	0
ENSPNYG00000011443	1	0	2
ENSPNYG00000011444	3	5	2
ENSPNYG00000011445	0	0	0
ENSPNYG00000011446	173	78	80
ENSPNYG00000011447	0	0	0
ENSPNYG00000011448	2	10	5
ENSPNYG00000011449	0	0	1
ENSPNYG00000011450	0	0	0
ENSPNYG00000011451	1	1	0
ENSPNYG00000011452	0	0	0
ENSPNYG00000011453	1	0	0
ENSPNYG00000011454	39	30	28
ENSPNYG00000011455	88	88	153
ENSPNYG00000011456	1	4	2
ENSPNYG00000011457	0	0	0
ENSPNYG00000011458	5	1	0
ENSPNYG00000011459	0	0	0
ENSPNYG00000011460	0	0	0
ENSPNYG00000011461	0	1	0
ENSPNYG00000011462	1	0	0
ENSPNYG00000011463	331	172	219
ENSPNYG00000011464	0	1	0
ENSPNYG00000011465	0	0	0
ENSPNYG00000011466	20	28	57
ENSPNYG00000011467	2	0	0
ENSPNYG00000011468	0	0	3
ENSPNYG00000011469	9	4	5
ENSPNYG00000011470	8	3	6
ENSPNYG00000011471	918	1393	1056
ENSPNYG00000011472	0	2	0
ENSPNYG00000011473	3	1	4
ENSPNYG00000011474	1	0	2
ENSPNYG00000011475	40	40	23
ENSPNYG00000011476	1	0	2
ENSPNYG00000011477	0	0	0
ENSPNYG00000011478	4	4	4
ENSPNYG00000011479	3	8	7
ENSPNYG00000011480	49	40	44
ENSPNYG00000011481	221	198	301
ENSPNYG00000011482	2	0	5
ENSPNYG00000011483	21	2	13
ENSPNYG00000011484	871	866	947
ENSPNYG00000011485	32	19	14
ENSPNYG00000011486	0	1	0
ENSPNYG00000011487	51	58	47
ENSPNYG00000011488	7	16	29
ENSPNYG00000011489	6	3	4
ENSPNYG00000011490	14	26	12
ENSPNYG00000011491	0	0	0
ENSPNYG00000011492	0	0	0
ENSPNYG00000011493	14	27	10
ENSPNYG00000011494	0	0	0
ENSPNYG00000011495	0	0	0
ENSPNYG00000011496	2	0	1
ENSPNYG00000011497	0	0	0
ENSPNYG00000011498	6	16	33
ENSPNYG00000011499	20	17	34
ENSPNYG00000011500	0	0	0
ENSPNYG00000011501	2	0	0
ENSPNYG00000011502	0	0	0
ENSPNYG00000011503	2	2	0
ENSPNYG00000011504	0	0	0
ENSPNYG00000011505	0	1	1
ENSPNYG00000011506	6	5	14
ENSPNYG00000011507	0	0	0
ENSPNYG00000011508	0	0	0
ENSPNYG00000011509	1	2	2
ENSPNYG00000011510	0	0	0
ENSPNYG00000011511	1	13	7
ENSPNYG00000011512	0	0	0
ENSPNYG00000011513	2	0	4
ENSPNYG00000011514	1	0	5
ENSPNYG00000011515	64	150	146
ENSPNYG00000011516	6	1	2
ENSPNYG00000011517	0	1	1
ENSPNYG00000011518	2	4	1
ENSPNYG00000011519	6	3	6
ENSPNYG00000011520	0	0	0
ENSPNYG00000011521	0	0	0
ENSPNYG00000011522	1	1	2
ENSPNYG00000011523	0	1	2
ENSPNYG00000011524	4	1	4
ENSPNYG00000011525	0	1	2
ENSPNYG00000011526	0	0	0
ENSPNYG00000011527	0	0	0
ENSPNYG00000011528	2	0	4
ENSPNYG00000011529	143	94	155
ENSPNYG00000011530	6	14	10
ENSPNYG00000011531	14	7	8
ENSPNYG00000011532	14	5	23
ENSPNYG00000011533	0	1	0
ENSPNYG00000011534	0	0	1
ENSPNYG00000011535	4	1	2
ENSPNYG00000011536	2	0	3
ENSPNYG00000011537	0	0	0
ENSPNYG00000011538	0	0	0
ENSPNYG00000011539	0	0	0
ENSPNYG00000011540	1	1	0
ENSPNYG00000011541	17	28	15
ENSPNYG00000011542	11	3	4
ENSPNYG00000011543	1	2	4
ENSPNYG00000011544	0	0	0
ENSPNYG00000011545	1	1	10
ENSPNYG00000011546	2	5	3
ENSPNYG00000011547	2	6	8
ENSPNYG00000011548	1	3	7
ENSPNYG00000011549	0	0	0
ENSPNYG00000011550	2	2	1
ENSPNYG00000011551	14589	8406	9189
ENSPNYG00000011552	1	0	6
ENSPNYG00000011553	1	1	2
ENSPNYG00000011554	0	0	0
ENSPNYG00000011555	11	51	74
ENSPNYG00000011556	35	17	30
ENSPNYG00000011557	0	12	3
ENSPNYG00000011558	899	1441	1652
ENSPNYG00000011559	5	1	5
ENSPNYG00000011560	7	0	0
ENSPNYG00000011561	10	1	2
ENSPNYG00000011562	7	3	11
ENSPNYG00000011563	0	0	1
ENSPNYG00000011564	1	0	3
ENSPNYG00000011565	666	705	662
ENSPNYG00000011566	0	0	0
ENSPNYG00000011567	0	0	0
ENSPNYG00000011568	0	0	3
ENSPNYG00000011569	0	0	0
ENSPNYG00000011570	0	0	0
ENSPNYG00000011571	1	0	2
ENSPNYG00000011572	13	8	9
ENSPNYG00000011573	7	2	2
ENSPNYG00000011574	0	0	0
ENSPNYG00000011575	0	0	0
ENSPNYG00000011576	0	0	0
ENSPNYG00000011577	0	0	0
ENSPNYG00000011578	2	2	1
ENSPNYG00000011579	0	0	0
ENSPNYG00000011580	0	0	0
ENSPNYG00000011581	0	0	0
ENSPNYG00000011582	0	0	0
ENSPNYG00000011583	6	0	0
ENSPNYG00000011584	0	0	0
ENSPNYG00000011585	0	0	0
ENSPNYG00000011586	57679	49283	44729
ENSPNYG00000011587	0	0	0
ENSPNYG00000011588	0	0	0
ENSPNYG00000011589	37	23	33
ENSPNYG00000011590	0	0	1
ENSPNYG00000011591	0	0	0
ENSPNYG00000011592	3	2	3
ENSPNYG00000011593	0	0	0
ENSPNYG00000011594	5	0	2
ENSPNYG00000011595	0	0	0
ENSPNYG00000011596	0	0	0
ENSPNYG00000011597	0	0	0
ENSPNYG00000011598	0	1	0
ENSPNYG00000011599	0	3	0
ENSPNYG00000011600	0	0	0
ENSPNYG00000011601	0	0	0
ENSPNYG00000011602	0	0	0
ENSPNYG00000011603	0	0	0
ENSPNYG00000011604	48	32	19
ENSPNYG00000011605	0	0	1
ENSPNYG00000011606	1	0	0
ENSPNYG00000011607	2	0	2
ENSPNYG00000011608	2	4	0
ENSPNYG00000011609	10	4	6
ENSPNYG00000011610	9	1	1
ENSPNYG00000011611	0	2	0
ENSPNYG00000011612	0	0	0
ENSPNYG00000011613	9	4	7
ENSPNYG00000011614	16	104	102
ENSPNYG00000011615	0	0	0
ENSPNYG00000011616	19	8	25
ENSPNYG00000011617	0	0	0
ENSPNYG00000011618	1	1	0
ENSPNYG00000011619	2	0	0
ENSPNYG00000011620	0	0	0
ENSPNYG00000011621	0	0	0
ENSPNYG00000011622	19	68	71
ENSPNYG00000011623	1	12	10
ENSPNYG00000011624	9	9	13
ENSPNYG00000011625	1193	526	1093
ENSPNYG00000011626	124	159	175
ENSPNYG00000011627	0	0	0
ENSPNYG00000011628	1	2	1
ENSPNYG00000011629	44	50	61
ENSPNYG00000011630	0	0	0
ENSPNYG00000011631	1	0	1
ENSPNYG00000011632	0	3	1
ENSPNYG00000011633	0	0	0
ENSPNYG00000011634	2	10	0
ENSPNYG00000011635	0	0	0
ENSPNYG00000011636	0	0	0
ENSPNYG00000011637	0	0	0
ENSPNYG00000011638	4	0	3
ENSPNYG00000011639	0	1	0
ENSPNYG00000011640	0	0	0
ENSPNYG00000011641	20	35	28
ENSPNYG00000011642	1001	1083	984
ENSPNYG00000011643	0	0	0
ENSPNYG00000011644	1	0	1
ENSPNYG00000011645	22	20	23
ENSPNYG00000011646	0	0	0
ENSPNYG00000011647	6	0	2
ENSPNYG00000011648	0	0	0
ENSPNYG00000011649	0	0	0
ENSPNYG00000011650	5	14	13
ENSPNYG00000011651	6	7	6
ENSPNYG00000011652	2	0	0
ENSPNYG00000011653	0	0	0
ENSPNYG00000011654	1	0	4
ENSPNYG00000011655	0	0	0
ENSPNYG00000011656	4	2	1
ENSPNYG00000011657	0	0	0
ENSPNYG00000011658	6	6	8
ENSPNYG00000011659	0	1	0
ENSPNYG00000011660	0	0	0
ENSPNYG00000011661	23	12	11
ENSPNYG00000011662	0	0	0
ENSPNYG00000011663	0	0	0
ENSPNYG00000011664	0	1	2
ENSPNYG00000011665	4	3	1
ENSPNYG00000011666	3	5	4
ENSPNYG00000011667	4	6	6
ENSPNYG00000011668	1	0	0
ENSPNYG00000011669	0	0	0
ENSPNYG00000011670	0	1	0
ENSPNYG00000011671	341	155	293
ENSPNYG00000011672	4	3	6
ENSPNYG00000011673	6	4	2
ENSPNYG00000011674	2	2	5
ENSPNYG00000011675	10	5	20
ENSPNYG00000011676	0	5	0
ENSPNYG00000011677	0	2	3
ENSPNYG00000011678	2	0	5
ENSPNYG00000011679	3331	4684	3494
ENSPNYG00000011680	3	2	1
ENSPNYG00000011681	2	1	0
ENSPNYG00000011682	2	2	3
ENSPNYG00000011683	2	1	2
ENSPNYG00000011684	0	1	1
ENSPNYG00000011685	1	0	0
ENSPNYG00000011686	0	0	0
ENSPNYG00000011687	134	22	159
ENSPNYG00000011688	0	0	0
ENSPNYG00000011689	3	0	0
ENSPNYG00000011690	0	0	0
ENSPNYG00000011691	0	0	1
ENSPNYG00000011692	1	1	0
ENSPNYG00000011693	9	7	1
ENSPNYG00000011694	3	7	3
ENSPNYG00000011695	2	2	0
ENSPNYG00000011696	0	2	3
ENSPNYG00000011697	0	0	0
ENSPNYG00000011698	1	0	0
ENSPNYG00000011699	0	0	0
ENSPNYG00000011700	0	0	0
ENSPNYG00000011701	0	0	0
ENSPNYG00000011702	0	0	0
ENSPNYG00000011703	0	0	1
ENSPNYG00000011704	6	8	9
ENSPNYG00000011705	0	0	0
ENSPNYG00000011706	0	0	0
ENSPNYG00000011707	0	0	0
ENSPNYG00000011708	1	5	5
ENSPNYG00000011709	0	0	0
ENSPNYG00000011710	1	0	0
ENSPNYG00000011711	1	0	0
ENSPNYG00000011712	1161	1132	1554
ENSPNYG00000011713	0	0	4
ENSPNYG00000011714	0	0	2
ENSPNYG00000011715	15	12	12
ENSPNYG00000011716	0	0	0
ENSPNYG00000011717	0	0	0
ENSPNYG00000011718	0	0	0
ENSPNYG00000011719	34	20	25
ENSPNYG00000011720	4	6	1
ENSPNYG00000011721	0	0	0
ENSPNYG00000011722	0	0	0
ENSPNYG00000011723	7	0	3
ENSPNYG00000011724	12	5	4
ENSPNYG00000011725	0	0	0
ENSPNYG00000011726	2	3	6
ENSPNYG00000011727	0	0	1
ENSPNYG00000011728	0	0	0
ENSPNYG00000011729	1	0	2
ENSPNYG00000011730	0	0	0
ENSPNYG00000011731	2	6	7
ENSPNYG00000011732	1	2	5
ENSPNYG00000011733	0	0	1
ENSPNYG00000011734	0	0	2
ENSPNYG00000011735	1	2	2
ENSPNYG00000011736	0	0	0
ENSPNYG00000011737	5	1	0
ENSPNYG00000011738	68	72	81
ENSPNYG00000011739	2	0	0
ENSPNYG00000011740	1	1	0
ENSPNYG00000011741	5	0	4
ENSPNYG00000011742	4	15	7
ENSPNYG00000011743	1	0	1
ENSPNYG00000011744	1	0	0
ENSPNYG00000011745	7	2	3
ENSPNYG00000011746	0	0	0
ENSPNYG00000011747	1	0	6
ENSPNYG00000011748	0	0	0
ENSPNYG00000011749	5	0	0
ENSPNYG00000011750	1	5	2
ENSPNYG00000011751	8	13	25
ENSPNYG00000011752	0	0	0
ENSPNYG00000011753	1	1	1
ENSPNYG00000011754	3	1	0
ENSPNYG00000011755	1	0	1
ENSPNYG00000011756	4	5	3
ENSPNYG00000011757	4	0	2
ENSPNYG00000011758	0	0	2
ENSPNYG00000011759	2	2	1
ENSPNYG00000011760	5	7	2
ENSPNYG00000011761	1	1	1
ENSPNYG00000011762	11	4	14
ENSPNYG00000011763	69	306	570
ENSPNYG00000011764	234	57	119
ENSPNYG00000011765	34	18	16
ENSPNYG00000011766	5	4	6
ENSPNYG00000011767	0	1	6
ENSPNYG00000011768	0	0	1
ENSPNYG00000011769	0	5	0
ENSPNYG00000011770	0	0	0
ENSPNYG00000011771	3	1	1
ENSPNYG00000011772	1	0	0
ENSPNYG00000011773	0	0	0
ENSPNYG00000011774	1	4	3
ENSPNYG00000011775	3	1	0
ENSPNYG00000011776	0	1	0
ENSPNYG00000011777	0	0	0
ENSPNYG00000011778	10	11	13
ENSPNYG00000011779	0	0	0
ENSPNYG00000011780	0	0	1
ENSPNYG00000011781	4	2	2
ENSPNYG00000011782	0	0	0
ENSPNYG00000011783	9	15	23
ENSPNYG00000011784	0	0	1
ENSPNYG00000011785	6	1	2
ENSPNYG00000011786	0	0	0
ENSPNYG00000011787	1	0	1
ENSPNYG00000011788	0	0	2
ENSPNYG00000011789	9	73	321
ENSPNYG00000011790	0	0	0
ENSPNYG00000011791	11	9	14
ENSPNYG00000011792	13	23	14
ENSPNYG00000011793	124	97	137
ENSPNYG00000011794	0	0	0
ENSPNYG00000011795	0	5	0
ENSPNYG00000011796	54	16	13
ENSPNYG00000011797	2	2	2
ENSPNYG00000011798	0	0	0
ENSPNYG00000011799	0	0	0
ENSPNYG00000011800	0	0	0
ENSPNYG00000011801	0	0	0
ENSPNYG00000011802	1	1	0
ENSPNYG00000011803	2	5	10
ENSPNYG00000011804	2	0	4
ENSPNYG00000011805	0	0	0
ENSPNYG00000011806	3	1	4
ENSPNYG00000011807	13	5	3
ENSPNYG00000011808	0	0	0
ENSPNYG00000011809	0	0	1
ENSPNYG00000011810	0	0	0
ENSPNYG00000011811	0	0	0
ENSPNYG00000011812	2	8	4
ENSPNYG00000011813	0	0	0
ENSPNYG00000011814	0	4	3
ENSPNYG00000011815	0	0	0
ENSPNYG00000011816	0	0	0
ENSPNYG00000011817	0	1	2
ENSPNYG00000011818	1	0	1
ENSPNYG00000011819	133	165	166
ENSPNYG00000011820	0	1	3
ENSPNYG00000011821	0	0	1
ENSPNYG00000011822	0	0	0
ENSPNYG00000011823	17	0	1
ENSPNYG00000011824	16	11	19
ENSPNYG00000011825	0	0	0
ENSPNYG00000011826	1	4	5
ENSPNYG00000011827	0	0	0
ENSPNYG00000011828	0	0	0
ENSPNYG00000011829	1	1	1
ENSPNYG00000011830	5	1	1
ENSPNYG00000011831	0	0	0
ENSPNYG00000011832	0	2	2
ENSPNYG00000011833	0	2	2
ENSPNYG00000011834	3	1	2
ENSPNYG00000011835	42	29	19
ENSPNYG00000011836	0	0	6
ENSPNYG00000011837	10	6	4
ENSPNYG00000011838	0	0	0
ENSPNYG00000011839	0	0	0
ENSPNYG00000011840	981	845	1039
ENSPNYG00000011841	0	1	2
ENSPNYG00000011842	0	0	4
ENSPNYG00000011843	14	5	10
ENSPNYG00000011844	0	0	0
ENSPNYG00000011845	0	2	6
ENSPNYG00000011846	0	0	0
ENSPNYG00000011847	0	0	1
ENSPNYG00000011848	0	0	1
ENSPNYG00000011849	52	27	81
ENSPNYG00000011850	7	0	3
ENSPNYG00000011851	2	0	5
ENSPNYG00000011852	0	3	0
ENSPNYG00000011853	1	0	0
ENSPNYG00000011854	0	0	0
ENSPNYG00000011855	1	1	0
ENSPNYG00000011856	4	5	0
ENSPNYG00000011857	70	17	28
ENSPNYG00000011858	0	0	0
ENSPNYG00000011859	0	0	0
ENSPNYG00000011860	0	1	1
ENSPNYG00000011861	10	5	12
ENSPNYG00000011862	7	10	22
ENSPNYG00000011863	10	7	4
ENSPNYG00000011864	5	3	5
ENSPNYG00000011865	1	0	0
ENSPNYG00000011866	1	2	1
ENSPNYG00000011867	0	0	0
ENSPNYG00000011868	3	8	4
ENSPNYG00000011869	0	0	0
ENSPNYG00000011870	0	0	0
ENSPNYG00000011871	3	6	3
ENSPNYG00000011872	3	0	0
ENSPNYG00000011873	0	0	2
ENSPNYG00000011874	6	4	2
ENSPNYG00000011875	2	7	22
ENSPNYG00000011876	2	0	0
ENSPNYG00000011877	1	1	0
ENSPNYG00000011878	0	0	0
ENSPNYG00000011879	4	3	0
ENSPNYG00000011880	3	0	5
ENSPNYG00000011881	0	0	0
ENSPNYG00000011882	0	0	0
ENSPNYG00000011883	0	1	0
ENSPNYG00000011884	10	16	3
ENSPNYG00000011885	1	2	0
ENSPNYG00000011886	0	0	1
ENSPNYG00000011887	1	0	0
ENSPNYG00000011888	207	146	191
ENSPNYG00000011889	1	0	0
ENSPNYG00000011890	0	0	0
ENSPNYG00000011891	0	0	0
ENSPNYG00000011892	3	1	4
ENSPNYG00000011893	0	3	3
ENSPNYG00000011894	18	10	5
ENSPNYG00000011895	0	0	1
ENSPNYG00000011896	43	15	35
ENSPNYG00000011897	0	0	0
ENSPNYG00000011898	0	0	0
ENSPNYG00000011899	59	91	75
ENSPNYG00000011900	0	0	2
ENSPNYG00000011901	1	0	0
ENSPNYG00000011902	1	0	0
ENSPNYG00000011903	0	0	0
ENSPNYG00000011904	0	0	0
ENSPNYG00000011905	1	0	0
ENSPNYG00000011906	0	0	0
ENSPNYG00000011907	737	785	789
ENSPNYG00000011908	1	1	0
ENSPNYG00000011909	723	527	574
ENSPNYG00000011910	0	0	3
ENSPNYG00000011911	0	0	0
ENSPNYG00000011912	3	4	6
ENSPNYG00000011913	1	0	1
ENSPNYG00000011914	360	259	523
ENSPNYG00000011915	3512	3502	3295
ENSPNYG00000011916	2	4	1
ENSPNYG00000011917	101	252	46
ENSPNYG00000011918	21	33	34
ENSPNYG00000011919	11	6	6
ENSPNYG00000011920	4	0	4
ENSPNYG00000011921	0	0	0
ENSPNYG00000011922	2	0	0
ENSPNYG00000011923	270	122	99
ENSPNYG00000011924	1	0	0
ENSPNYG00000011925	2	2	1
ENSPNYG00000011926	0	0	0
ENSPNYG00000011927	0	0	0
ENSPNYG00000011928	0	0	0
ENSPNYG00000011929	1	0	0
ENSPNYG00000011930	4	2	3
ENSPNYG00000011931	3	4	0
ENSPNYG00000011932	1	0	2
ENSPNYG00000011933	2	2	2
ENSPNYG00000011934	0	1	1
ENSPNYG00000011935	0	0	2
ENSPNYG00000011936	2	1	0
ENSPNYG00000011937	160	138	241
ENSPNYG00000011938	0	0	0
ENSPNYG00000011939	3	5	0
ENSPNYG00000011940	303	456	608
ENSPNYG00000011941	777	790	633
ENSPNYG00000011942	10	4	11
ENSPNYG00000011943	0	0	0
ENSPNYG00000011944	0	0	0
ENSPNYG00000011945	0	0	0
ENSPNYG00000011946	1	0	0
ENSPNYG00000011947	149	80	86
ENSPNYG00000011948	0	0	1
ENSPNYG00000011949	4	1	1
ENSPNYG00000011950	6	57	26
ENSPNYG00000011951	4	0	4
ENSPNYG00000011952	0	1	3
ENSPNYG00000011953	0	0	2
ENSPNYG00000011954	0	0	0
ENSPNYG00000011955	0	0	1
ENSPNYG00000011956	0	4	12
ENSPNYG00000011957	8	7	7
ENSPNYG00000011958	2	0	0
ENSPNYG00000011959	0	1	0
ENSPNYG00000011960	0	0	0
ENSPNYG00000011961	0	1	0
ENSPNYG00000011962	7	5	6
ENSPNYG00000011963	0	0	1
ENSPNYG00000011964	0	0	0
ENSPNYG00000011965	2	5	5
ENSPNYG00000011966	0	0	0
ENSPNYG00000011967	0	1	2
ENSPNYG00000011968	0	0	0
ENSPNYG00000011969	6	1	3
ENSPNYG00000011970	5	1	5
ENSPNYG00000011971	0	0	0
ENSPNYG00000011972	0	0	0
ENSPNYG00000011973	1	2	0
ENSPNYG00000011974	0	2	1
ENSPNYG00000011975	5	0	4
ENSPNYG00000011976	5	4	1
ENSPNYG00000011977	0	0	0
ENSPNYG00000011978	0	0	0
ENSPNYG00000011979	0	0	0
ENSPNYG00000011980	7	4	10
ENSPNYG00000011981	3	4	5
ENSPNYG00000011982	4	6	14
ENSPNYG00000011983	204	129	91
ENSPNYG00000011984	0	0	1
ENSPNYG00000011985	0	0	0
ENSPNYG00000011986	0	0	0
ENSPNYG00000011987	0	0	2
ENSPNYG00000011988	0	0	0
ENSPNYG00000011989	0	0	0
ENSPNYG00000011990	0	0	0
ENSPNYG00000011991	16	5	12
ENSPNYG00000011992	0	0	2
ENSPNYG00000011993	0	2	1
ENSPNYG00000011994	0	0	0
ENSPNYG00000011995	2	4	0
ENSPNYG00000011996	0	0	0
ENSPNYG00000011997	0	1	1
ENSPNYG00000011998	0	0	0
ENSPNYG00000011999	9	6	5
ENSPNYG00000012000	0	0	0
ENSPNYG00000012001	1	1	0
ENSPNYG00000012002	2	2	0
ENSPNYG00000012003	4	0	9
ENSPNYG00000012004	0	0	0
ENSPNYG00000012005	0	0	5
ENSPNYG00000012006	0	1	1
ENSPNYG00000012007	11	7	3
ENSPNYG00000012008	0	0	0
ENSPNYG00000012009	39	24	10
ENSPNYG00000012010	0	1	1
ENSPNYG00000012011	1	2	3
ENSPNYG00000012012	1	0	0
ENSPNYG00000012013	0	0	0
ENSPNYG00000012014	2	1	13
ENSPNYG00000012015	0	0	0
ENSPNYG00000012016	0	0	0
ENSPNYG00000012017	4	5	6
ENSPNYG00000012018	6	1	0
ENSPNYG00000012019	0	0	0
ENSPNYG00000012020	0	0	0
ENSPNYG00000012021	0	0	0
ENSPNYG00000012022	3	1	0
ENSPNYG00000012023	82	38	71
ENSPNYG00000012024	3	7	4
ENSPNYG00000012025	0	1	0
ENSPNYG00000012026	4	0	0
ENSPNYG00000012027	5	0	0
ENSPNYG00000012028	0	0	0
ENSPNYG00000012029	0	0	0
ENSPNYG00000012030	1	6	13
ENSPNYG00000012031	1	0	4
ENSPNYG00000012032	0	2	0
ENSPNYG00000012033	69	278	359
ENSPNYG00000012034	0	1	1
ENSPNYG00000012035	2	3	2
ENSPNYG00000012036	17	266	183
ENSPNYG00000012037	0	0	0
ENSPNYG00000012038	0	2	1
ENSPNYG00000012039	15	14	9
ENSPNYG00000012040	0	0	0
ENSPNYG00000012041	0	3	4
ENSPNYG00000012042	1	0	0
ENSPNYG00000012043	1	0	1
ENSPNYG00000012044	5	2	5
ENSPNYG00000012045	1	0	0
ENSPNYG00000012046	0	0	0
ENSPNYG00000012047	0	0	0
ENSPNYG00000012048	1	0	1
ENSPNYG00000012049	5	3	2
ENSPNYG00000012050	16	4	4
ENSPNYG00000012051	0	0	0
ENSPNYG00000012052	21	8	9
ENSPNYG00000012053	0	0	0
ENSPNYG00000012054	0	2	0
ENSPNYG00000012055	0	0	0
ENSPNYG00000012056	0	0	4
ENSPNYG00000012057	0	0	0
ENSPNYG00000012058	0	0	0
ENSPNYG00000012059	3	4	5
ENSPNYG00000012060	1	0	0
ENSPNYG00000012061	0	0	0
ENSPNYG00000012062	1	0	0
ENSPNYG00000012063	1	3	0
ENSPNYG00000012064	0	0	0
ENSPNYG00000012065	0	0	0
ENSPNYG00000012066	0	0	0
ENSPNYG00000012067	0	1	0
ENSPNYG00000012068	3	0	0
ENSPNYG00000012069	2	2	2
ENSPNYG00000012070	2	4	3
ENSPNYG00000012071	0	0	0
ENSPNYG00000012072	2	0	1
ENSPNYG00000012073	4	1	0
ENSPNYG00000012074	0	0	0
ENSPNYG00000012075	0	0	0
ENSPNYG00000012076	15	14	12
ENSPNYG00000012077	0	0	0
ENSPNYG00000012078	0	0	1
ENSPNYG00000012079	5	5	8
ENSPNYG00000012080	0	0	0
ENSPNYG00000012081	13	18	14
ENSPNYG00000012082	0	0	0
ENSPNYG00000012083	4	1	2
ENSPNYG00000012084	5	5	2
ENSPNYG00000012085	0	0	0
ENSPNYG00000012086	1	0	2
ENSPNYG00000012087	0	0	0
ENSPNYG00000012088	0	0	0
ENSPNYG00000012089	2	0	0
ENSPNYG00000012090	1	3	0
ENSPNYG00000012091	5	8	14
ENSPNYG00000012092	1	3	0
ENSPNYG00000012093	0	0	0
ENSPNYG00000012094	103	172	206
ENSPNYG00000012095	0	0	0
ENSPNYG00000012096	7	0	0
ENSPNYG00000012097	1	0	0
ENSPNYG00000012098	0	0	3
ENSPNYG00000012099	1	0	4
ENSPNYG00000012100	0	0	0
ENSPNYG00000012101	1	4	0
ENSPNYG00000012102	0	4	3
ENSPNYG00000012103	0	0	0
ENSPNYG00000012104	0	0	5
ENSPNYG00000012105	6	6	19
ENSPNYG00000012106	242006	292169	343727
ENSPNYG00000012107	0	1	0
ENSPNYG00000012108	0	0	0
ENSPNYG00000012109	0	0	0
ENSPNYG00000012110	4	0	0
ENSPNYG00000012111	71	70	103
ENSPNYG00000012112	0	0	0
ENSPNYG00000012113	0	0	0
ENSPNYG00000012114	10	6	1
ENSPNYG00000012115	14	18	19
ENSPNYG00000012116	2	6	5
ENSPNYG00000012117	0	1	0
ENSPNYG00000012118	2870	1539	1529
ENSPNYG00000012119	9	5	9
ENSPNYG00000012120	0	0	0
ENSPNYG00000012121	2	0	0
ENSPNYG00000012122	1	1	0
ENSPNYG00000012123	0	2	5
ENSPNYG00000012124	411	241	251
ENSPNYG00000012125	2	0	1
ENSPNYG00000012126	0	2	1
ENSPNYG00000012127	0	0	0
ENSPNYG00000012128	2	0	0
ENSPNYG00000012129	12	7	8
ENSPNYG00000012130	0	0	0
ENSPNYG00000012131	0	0	0
ENSPNYG00000012132	1	0	1
ENSPNYG00000012133	0	0	0
ENSPNYG00000012134	5	7	15
ENSPNYG00000012135	2	2	4
ENSPNYG00000012136	2	3	2
ENSPNYG00000012137	1	0	0
ENSPNYG00000012138	21	19	23
ENSPNYG00000012139	0	0	0
ENSPNYG00000012140	3	3	0
ENSPNYG00000012141	1	1	0
ENSPNYG00000012142	1	0	1
ENSPNYG00000012143	0	0	0
ENSPNYG00000012144	2	0	0
ENSPNYG00000012145	1	2	15
ENSPNYG00000012146	0	1	0
ENSPNYG00000012147	2	0	0
ENSPNYG00000012148	73	34	23
ENSPNYG00000012149	2	0	0
ENSPNYG00000012150	1	3	1
ENSPNYG00000012151	0	1	0
ENSPNYG00000012152	0	0	0
ENSPNYG00000012153	3	17	10
ENSPNYG00000012154	0	0	0
ENSPNYG00000012155	1	0	0
ENSPNYG00000012156	0	0	1
ENSPNYG00000012157	0	0	0
ENSPNYG00000012158	0	0	0
ENSPNYG00000012159	0	0	0
ENSPNYG00000012160	14	11	0
ENSPNYG00000012161	1	0	1
ENSPNYG00000012162	0	0	0
ENSPNYG00000012163	1	8	2
ENSPNYG00000012164	0	0	0
ENSPNYG00000012165	0	0	0
ENSPNYG00000012166	7	6	7
ENSPNYG00000012167	0	0	0
ENSPNYG00000012168	3	11	16
ENSPNYG00000012169	1	2	3
ENSPNYG00000012170	0	0	0
ENSPNYG00000012171	1	0	3
ENSPNYG00000012172	0	0	0
ENSPNYG00000012173	78	79	88
ENSPNYG00000012174	5	6	18
ENSPNYG00000012175	41	23	49
ENSPNYG00000012176	464	526	551
ENSPNYG00000012177	0	0	0
ENSPNYG00000012178	1	0	0
ENSPNYG00000012179	1	1	0
ENSPNYG00000012180	0	0	0
ENSPNYG00000012181	1	0	1
ENSPNYG00000012182	0	0	0
ENSPNYG00000012183	0	0	2
ENSPNYG00000012184	1	0	4
ENSPNYG00000012185	1	0	0
ENSPNYG00000012186	0	0	0
ENSPNYG00000012187	3	0	0
ENSPNYG00000012188	0	0	0
ENSPNYG00000012189	3	8	4
ENSPNYG00000012190	0	0	0
ENSPNYG00000012191	6	3	13
ENSPNYG00000012192	0	0	0
ENSPNYG00000012193	13	14	28
ENSPNYG00000012194	0	0	0
ENSPNYG00000012195	1	0	2
ENSPNYG00000012196	0	1	0
ENSPNYG00000012197	5	3	5
ENSPNYG00000012198	4	0	1
ENSPNYG00000012199	5	3	1
ENSPNYG00000012200	13	8	12
ENSPNYG00000012201	1	1	2
ENSPNYG00000012202	0	0	0
ENSPNYG00000012203	0	0	0
ENSPNYG00000012204	5	6	7
ENSPNYG00000012205	0	0	0
ENSPNYG00000012206	0	0	0
ENSPNYG00000012207	0	0	0
ENSPNYG00000012208	8	20	4
ENSPNYG00000012209	1	0	1
ENSPNYG00000012210	2	5	3
ENSPNYG00000012211	0	8	23
ENSPNYG00000012212	0	1	0
ENSPNYG00000012213	1	1	8
ENSPNYG00000012214	11	8	3
ENSPNYG00000012215	2	2	8
ENSPNYG00000012216	0	0	0
ENSPNYG00000012217	6	11	11
ENSPNYG00000012218	0	2	0
ENSPNYG00000012219	53	54	93
ENSPNYG00000012220	0	0	0
ENSPNYG00000012221	41	52	32
ENSPNYG00000012222	3	0	1
ENSPNYG00000012223	0	0	0
ENSPNYG00000012224	0	0	0
ENSPNYG00000012225	0	0	0
ENSPNYG00000012226	0	0	0
ENSPNYG00000012227	1	2	1
ENSPNYG00000012228	0	6	1
ENSPNYG00000012229	142	119	173
ENSPNYG00000012230	0	3	0
ENSPNYG00000012231	1	1	2
ENSPNYG00000012232	4	4	6
ENSPNYG00000012233	0	0	0
ENSPNYG00000012234	0	0	0
ENSPNYG00000012235	0	2	1
ENSPNYG00000012236	18	4	10
ENSPNYG00000012237	0	0	0
ENSPNYG00000012238	0	0	1
ENSPNYG00000012239	4	1	3
ENSPNYG00000012240	0	0	1
ENSPNYG00000012241	1	0	1
ENSPNYG00000012242	0	0	0
ENSPNYG00000012243	0	0	0
ENSPNYG00000012244	0	0	1
ENSPNYG00000012245	0	0	2
ENSPNYG00000012246	0	0	0
ENSPNYG00000012247	0	0	2
ENSPNYG00000012248	0	0	3
ENSPNYG00000012249	0	0	0
ENSPNYG00000012250	0	0	0
ENSPNYG00000012251	0	0	0
ENSPNYG00000012252	0	0	0
ENSPNYG00000012253	1	4	5
ENSPNYG00000012254	0	1	1
ENSPNYG00000012255	11	4	10
ENSPNYG00000012256	0	0	0
ENSPNYG00000012257	4	0	1
ENSPNYG00000012258	4	5	3
ENSPNYG00000012259	0	0	0
ENSPNYG00000012260	0	0	0
ENSPNYG00000012261	1	0	0
ENSPNYG00000012262	0	0	0
ENSPNYG00000012263	0	1	0
ENSPNYG00000012264	7	1	3
ENSPNYG00000012265	0	0	0
ENSPNYG00000012266	0	3	4
ENSPNYG00000012267	0	0	0
ENSPNYG00000012268	0	0	0
ENSPNYG00000012269	0	0	0
ENSPNYG00000012270	1	0	1
ENSPNYG00000012271	0	0	0
ENSPNYG00000012272	2	3	2
ENSPNYG00000012273	4	0	0
ENSPNYG00000012274	0	0	0
ENSPNYG00000012275	0	0	0
ENSPNYG00000012276	0	0	2
ENSPNYG00000012277	5	3	6
ENSPNYG00000012278	0	0	0
ENSPNYG00000012279	3	15	14
ENSPNYG00000012280	0	0	0
ENSPNYG00000012281	0	13	10
ENSPNYG00000012282	0	0	0
ENSPNYG00000012283	0	0	0
ENSPNYG00000012284	4	4	1
ENSPNYG00000012285	0	1	0
ENSPNYG00000012286	0	0	0
ENSPNYG00000012287	332	192	285
ENSPNYG00000012288	2	0	3
ENSPNYG00000012289	0	0	0
ENSPNYG00000012290	9	9	6
ENSPNYG00000012291	1	0	2
ENSPNYG00000012292	0	0	0
ENSPNYG00000012293	1	0	2
ENSPNYG00000012294	0	0	0
ENSPNYG00000012295	13	5	3
ENSPNYG00000012296	0	0	0
ENSPNYG00000012297	0	1	0
ENSPNYG00000012298	0	0	0
ENSPNYG00000012299	1	1	1
ENSPNYG00000012300	0	0	0
ENSPNYG00000012301	0	0	0
ENSPNYG00000012302	0	0	1
ENSPNYG00000012303	325	227	298
ENSPNYG00000012304	36	98	392
ENSPNYG00000012305	1	0	0
ENSPNYG00000012306	3	0	0
ENSPNYG00000012307	0	0	0
ENSPNYG00000012308	53	75	83
ENSPNYG00000012309	3	0	2
ENSPNYG00000012310	1	8	3
ENSPNYG00000012311	0	0	0
ENSPNYG00000012312	0	0	0
ENSPNYG00000012313	6	3	3
ENSPNYG00000012314	1	0	0
ENSPNYG00000012315	1	0	1
ENSPNYG00000012316	11	4	5
ENSPNYG00000012317	0	0	0
ENSPNYG00000012318	9	9	11
ENSPNYG00000012319	2	0	4
ENSPNYG00000012320	6	2	3
ENSPNYG00000012321	0	0	0
ENSPNYG00000012322	4	5	6
ENSPNYG00000012323	0	0	0
ENSPNYG00000012324	4	2	1
ENSPNYG00000012325	0	2	1
ENSPNYG00000012326	11	4	2
ENSPNYG00000012327	5	7	6
ENSPNYG00000012328	2	4	1
ENSPNYG00000012329	333	209	314
ENSPNYG00000012330	0	0	1
ENSPNYG00000012331	0	0	0
ENSPNYG00000012332	2	2	0
ENSPNYG00000012333	5	14	13
ENSPNYG00000012334	3	1	3
ENSPNYG00000012335	1	0	0
ENSPNYG00000012336	2	1	3
ENSPNYG00000012337	1	0	2
ENSPNYG00000012338	21	18	12
ENSPNYG00000012339	0	0	5
ENSPNYG00000012340	0	0	0
ENSPNYG00000012341	0	0	3
ENSPNYG00000012342	0	1	0
ENSPNYG00000012343	0	0	0
ENSPNYG00000012344	0	0	0
ENSPNYG00000012345	9	9	9
ENSPNYG00000012346	5	0	2
ENSPNYG00000012347	930	1683	1884
ENSPNYG00000012348	0	0	2
ENSPNYG00000012349	1	0	0
ENSPNYG00000012350	0	0	0
ENSPNYG00000012351	0	0	0
ENSPNYG00000012352	0	0	0
ENSPNYG00000012353	1	1	4
ENSPNYG00000012354	0	0	1
ENSPNYG00000012355	13	11	8
ENSPNYG00000012356	8	1	3
ENSPNYG00000012357	0	0	0
ENSPNYG00000012358	3	2	4
ENSPNYG00000012359	0	0	0
ENSPNYG00000012360	1	3	2
ENSPNYG00000012361	1	5	13
ENSPNYG00000012362	0	0	0
ENSPNYG00000012363	5	7	5
ENSPNYG00000012364	3	8	5
ENSPNYG00000012365	2	1	1
ENSPNYG00000012366	1	0	1
ENSPNYG00000012367	8	2	0
ENSPNYG00000012368	0	0	2
ENSPNYG00000012369	0	0	0
ENSPNYG00000012370	0	0	0
ENSPNYG00000012371	2151	1387	1193
ENSPNYG00000012372	0	0	0
ENSPNYG00000012373	2	1	1
ENSPNYG00000012374	9	0	2
ENSPNYG00000012375	0	0	0
ENSPNYG00000012376	0	0	0
ENSPNYG00000012377	0	0	0
ENSPNYG00000012378	4	6	6
ENSPNYG00000012379	3	5	5
ENSPNYG00000012380	1	13	8
ENSPNYG00000012381	3	1	0
ENSPNYG00000012382	748	551	742
ENSPNYG00000012383	3	4	2
ENSPNYG00000012384	0	0	0
ENSPNYG00000012385	0	0	0
ENSPNYG00000012386	2	1	7
ENSPNYG00000012387	2	4	3
ENSPNYG00000012388	2	2	0
ENSPNYG00000012389	1	3	0
ENSPNYG00000012390	0	0	0
ENSPNYG00000012391	10	0	0
ENSPNYG00000012392	12	3	9
ENSPNYG00000012393	0	0	0
ENSPNYG00000012394	3	2	1
ENSPNYG00000012395	0	0	0
ENSPNYG00000012396	0	2	4
ENSPNYG00000012397	0	3	5
ENSPNYG00000012398	5	1	2
ENSPNYG00000012399	0	0	0
ENSPNYG00000012400	1	1	5
ENSPNYG00000012401	2	1	5
ENSPNYG00000012402	0	0	1
ENSPNYG00000012403	0	0	0
ENSPNYG00000012404	3	0	0
ENSPNYG00000012405	0	1	2
ENSPNYG00000012406	1	0	2
ENSPNYG00000012407	0	0	1
ENSPNYG00000012408	6	1	18
ENSPNYG00000012409	0	0	0
ENSPNYG00000012410	15	6	11
ENSPNYG00000012411	0	0	0
ENSPNYG00000012412	0	0	1
ENSPNYG00000012413	2	12	4
ENSPNYG00000012414	0	0	0
ENSPNYG00000012415	16	7	10
ENSPNYG00000012416	1	0	0
ENSPNYG00000012417	1722	1580	1800
ENSPNYG00000012418	3	0	1
ENSPNYG00000012419	0	0	0
ENSPNYG00000012420	0	0	0
ENSPNYG00000012421	0	1	2
ENSPNYG00000012422	3	1	1
ENSPNYG00000012423	0	0	0
ENSPNYG00000012424	6	1	1
ENSPNYG00000012425	0	0	0
ENSPNYG00000012426	19	19	17
ENSPNYG00000012427	3	0	0
ENSPNYG00000012428	0	0	0
ENSPNYG00000012429	0	0	1
ENSPNYG00000012430	0	0	0
ENSPNYG00000012431	5	1	5
ENSPNYG00000012432	7	2	4
ENSPNYG00000012433	0	1	2
ENSPNYG00000012434	0	0	0
ENSPNYG00000012435	9	6	3
ENSPNYG00000012436	0	0	0
ENSPNYG00000012437	0	0	0
ENSPNYG00000012438	0	0	0
ENSPNYG00000012439	4	10	4
ENSPNYG00000012440	13	17	23
ENSPNYG00000012441	3	1	4
ENSPNYG00000012442	0	0	0
ENSPNYG00000012443	1	0	2
ENSPNYG00000012444	4	0	1
ENSPNYG00000012445	3	1	2
ENSPNYG00000012446	2	9	0
ENSPNYG00000012447	2	1	2
ENSPNYG00000012448	7	8	5
ENSPNYG00000012449	0	1	0
ENSPNYG00000012450	1	3	1
ENSPNYG00000012451	0	0	2
ENSPNYG00000012452	9	3	3
ENSPNYG00000012453	0	1	2
ENSPNYG00000012454	0	0	0
ENSPNYG00000012455	0	0	0
ENSPNYG00000012456	5	9	4
ENSPNYG00000012457	3	6	3
ENSPNYG00000012458	0	0	0
ENSPNYG00000012459	269	115	210
ENSPNYG00000012460	0	0	0
ENSPNYG00000012461	0	0	0
ENSPNYG00000012462	1	1	0
ENSPNYG00000012463	8	3	3
ENSPNYG00000012464	0	0	0
ENSPNYG00000012465	8	19	25
ENSPNYG00000012466	0	0	0
ENSPNYG00000012467	2	0	3
ENSPNYG00000012468	0	0	0
ENSPNYG00000012469	0	0	1
ENSPNYG00000012470	0	0	4
ENSPNYG00000012471	1	0	2
ENSPNYG00000012472	218	193	236
ENSPNYG00000012473	0	0	0
ENSPNYG00000012474	0	2	0
ENSPNYG00000012475	0	0	1
ENSPNYG00000012476	0	0	0
ENSPNYG00000012477	2	5	5
ENSPNYG00000012478	0	0	0
ENSPNYG00000012479	3	1	2
ENSPNYG00000012480	1	3	6
ENSPNYG00000012481	0	1	0
ENSPNYG00000012482	1	2	4
ENSPNYG00000012483	1	0	0
ENSPNYG00000012484	13	14	12
ENSPNYG00000012485	232	141	95
ENSPNYG00000012486	0	0	0
ENSPNYG00000012487	0	2	1
ENSPNYG00000012488	0	0	1
ENSPNYG00000012489	3	3	6
ENSPNYG00000012490	5	4	6
ENSPNYG00000012491	0	0	0
ENSPNYG00000012492	0	0	0
ENSPNYG00000012493	2	2	1
ENSPNYG00000012494	1	2	0
ENSPNYG00000012495	0	0	0
ENSPNYG00000012496	0	0	0
ENSPNYG00000012497	13	6	5
ENSPNYG00000012498	4	3	2
ENSPNYG00000012499	0	1	0
ENSPNYG00000012500	0	0	1
ENSPNYG00000012501	2	2	2
ENSPNYG00000012502	0	1	1
ENSPNYG00000012503	0	0	0
ENSPNYG00000012504	142	77	114
ENSPNYG00000012505	1	0	0
ENSPNYG00000012506	0	0	0
ENSPNYG00000012507	2	2	0
ENSPNYG00000012508	2	0	0
ENSPNYG00000012509	0	0	0
ENSPNYG00000012510	3	3	1
ENSPNYG00000012511	0	1	0
ENSPNYG00000012512	16	11	19
ENSPNYG00000012513	0	2	0
ENSPNYG00000012514	0	0	2
ENSPNYG00000012515	1	0	2
ENSPNYG00000012516	17	21	10
ENSPNYG00000012517	0	0	0
ENSPNYG00000012518	0	0	0
ENSPNYG00000012519	0	6	4
ENSPNYG00000012520	0	0	1
ENSPNYG00000012521	1	0	0
ENSPNYG00000012522	0	0	0
ENSPNYG00000012523	0	0	0
ENSPNYG00000012524	18	21	22
ENSPNYG00000012525	1	5	6
ENSPNYG00000012526	0	0	0
ENSPNYG00000012527	0	1	0
ENSPNYG00000012528	1	2	1
ENSPNYG00000012529	0	0	0
ENSPNYG00000012530	0	0	0
ENSPNYG00000012531	7	5	7
ENSPNYG00000012532	2	3	3
ENSPNYG00000012533	0	0	2
ENSPNYG00000012534	0	0	0
ENSPNYG00000012535	6	2	1
ENSPNYG00000012536	2	3	3
ENSPNYG00000012537	0	1	4
ENSPNYG00000012538	6	1	5
ENSPNYG00000012539	4	4	7
ENSPNYG00000012540	7	9	6
ENSPNYG00000012541	0	0	0
ENSPNYG00000012542	1	0	2
ENSPNYG00000012543	6	3	4
ENSPNYG00000012544	37	24	20
ENSPNYG00000012545	4	2	2
ENSPNYG00000012546	0	0	0
ENSPNYG00000012547	0	0	0
ENSPNYG00000012548	2	3	1
ENSPNYG00000012549	3	1	0
ENSPNYG00000012550	0	0	0
ENSPNYG00000012551	0	0	0
ENSPNYG00000012552	0	0	8
ENSPNYG00000012553	23	25	19
ENSPNYG00000012554	6	3	4
ENSPNYG00000012555	5	0	1
ENSPNYG00000012556	5	1	3
ENSPNYG00000012557	2	0	0
ENSPNYG00000012558	0	0	0
ENSPNYG00000012559	0	0	0
ENSPNYG00000012560	0	4	6
ENSPNYG00000012561	0	0	0
ENSPNYG00000012562	15	17	32
ENSPNYG00000012563	4	10	12
ENSPNYG00000012564	0	1	2
ENSPNYG00000012565	4	1	1
ENSPNYG00000012566	2	0	1
ENSPNYG00000012567	7	1	2
ENSPNYG00000012568	9	16	17
ENSPNYG00000012569	0	0	5
ENSPNYG00000012570	0	0	2
ENSPNYG00000012571	0	0	0
ENSPNYG00000012572	2	0	3
ENSPNYG00000012573	0	1	1
ENSPNYG00000012574	7	3	17
ENSPNYG00000012575	0	0	0
ENSPNYG00000012576	0	2	1
ENSPNYG00000012577	2	4	10
ENSPNYG00000012578	63	1458	123
ENSPNYG00000012579	0	0	0
ENSPNYG00000012580	0	0	0
ENSPNYG00000012581	0	1	0
ENSPNYG00000012582	0	1	1
ENSPNYG00000012583	0	1	0
ENSPNYG00000012584	1	0	0
ENSPNYG00000012585	2	0	3
ENSPNYG00000012586	3	0	4
ENSPNYG00000012587	1	6	1
ENSPNYG00000012588	13	29	33
ENSPNYG00000012589	1	0	3
ENSPNYG00000012590	0	0	0
ENSPNYG00000012591	12	1	5
ENSPNYG00000012592	0	0	0
ENSPNYG00000012593	0	0	0
ENSPNYG00000012594	91	14	259
ENSPNYG00000012595	0	0	1
ENSPNYG00000012596	10	6	14
ENSPNYG00000012597	2	2	3
ENSPNYG00000012598	1	0	0
ENSPNYG00000012599	5	0	4
ENSPNYG00000012600	2	2	2
ENSPNYG00000012601	0	2	2
ENSPNYG00000012602	1	2	3
ENSPNYG00000012603	3	3	6
ENSPNYG00000012604	0	0	0
ENSPNYG00000012605	0	0	0
ENSPNYG00000012606	0	0	0
ENSPNYG00000012607	3	0	1
ENSPNYG00000012608	2	12	12
ENSPNYG00000012609	0	0	0
ENSPNYG00000012610	1	0	3
ENSPNYG00000012611	2	0	0
ENSPNYG00000012612	0	0	0
ENSPNYG00000012613	37	52	92
ENSPNYG00000012614	0	2	0
ENSPNYG00000012615	0	0	0
ENSPNYG00000012616	0	0	0
ENSPNYG00000012617	2	131	3
ENSPNYG00000012618	0	0	1
ENSPNYG00000012619	0	0	0
ENSPNYG00000012620	2	4	1
ENSPNYG00000012621	0	0	0
ENSPNYG00000012622	0	0	0
ENSPNYG00000012623	8	17	7
ENSPNYG00000012624	1	1	2
ENSPNYG00000012625	1	2	2
ENSPNYG00000012626	0	0	0
ENSPNYG00000012627	0	0	0
ENSPNYG00000012628	27	42	98
ENSPNYG00000012629	0	0	1
ENSPNYG00000012630	0	0	0
ENSPNYG00000012631	1	0	6
ENSPNYG00000012632	0	0	0
ENSPNYG00000012633	0	0	0
ENSPNYG00000012634	3	4	15
ENSPNYG00000012635	0	3	0
ENSPNYG00000012636	4	1	0
ENSPNYG00000012637	0	0	0
ENSPNYG00000012638	2	0	1
ENSPNYG00000012639	2	0	0
ENSPNYG00000012640	7	3	2
ENSPNYG00000012641	6	4	6
ENSPNYG00000012642	0	0	0
ENSPNYG00000012643	0	0	0
ENSPNYG00000012644	0	0	0
ENSPNYG00000012645	7	10	28
ENSPNYG00000012646	1	1	0
ENSPNYG00000012647	0	0	0
ENSPNYG00000012648	1	0	0
ENSPNYG00000012649	2	1	0
ENSPNYG00000012650	2	5	5
ENSPNYG00000012651	0	1	0
ENSPNYG00000012652	1	4	6
ENSPNYG00000012653	10269	10327	12239
ENSPNYG00000012654	4	2	5
ENSPNYG00000012655	1	0	0
ENSPNYG00000012656	0	0	0
ENSPNYG00000012657	0	0	0
ENSPNYG00000012658	0	0	0
ENSPNYG00000012659	0	4	0
ENSPNYG00000012660	0	0	3
ENSPNYG00000012661	0	0	0
ENSPNYG00000012662	2	0	2
ENSPNYG00000012663	7	2	1
ENSPNYG00000012664	1	0	0
ENSPNYG00000012665	0	0	0
ENSPNYG00000012666	112	94	110
ENSPNYG00000012667	0	0	0
ENSPNYG00000012668	0	1	0
ENSPNYG00000012669	216	81	221
ENSPNYG00000012670	4	6	0
ENSPNYG00000012671	0	0	0
ENSPNYG00000012672	0	1	0
ENSPNYG00000012673	0	0	2
ENSPNYG00000012674	0	0	0
ENSPNYG00000012675	1	0	5
ENSPNYG00000012676	19	1	1
ENSPNYG00000012677	27	21	27
ENSPNYG00000012678	3	0	2
ENSPNYG00000012679	0	0	1
ENSPNYG00000012680	274	158	248
ENSPNYG00000012681	0	0	0
ENSPNYG00000012682	0	0	0
ENSPNYG00000012683	7	6	8
ENSPNYG00000012684	0	0	0
ENSPNYG00000012685	1	0	1
ENSPNYG00000012686	6	4	1
ENSPNYG00000012687	24	15	8
ENSPNYG00000012688	11	0	8
ENSPNYG00000012689	0	0	0
ENSPNYG00000012690	683	579	481
ENSPNYG00000012691	0	0	0
ENSPNYG00000012692	0	0	0
ENSPNYG00000012693	0	0	1
ENSPNYG00000012694	9	1	0
ENSPNYG00000012695	0	0	0
ENSPNYG00000012696	10	10	12
ENSPNYG00000012697	2	0	0
ENSPNYG00000012698	0	1	0
ENSPNYG00000012699	1	0	2
ENSPNYG00000012700	3	1	2
ENSPNYG00000012701	2	0	3
ENSPNYG00000012702	275	165	182
ENSPNYG00000012703	0	9	1
ENSPNYG00000012704	0	5	3
ENSPNYG00000012705	0	0	0
ENSPNYG00000012706	2	0	2
ENSPNYG00000012707	49	27	14
ENSPNYG00000012708	0	0	0
ENSPNYG00000012709	3	1	2
ENSPNYG00000012710	2	0	0
ENSPNYG00000012711	0	0	0
ENSPNYG00000012712	0	1	0
ENSPNYG00000012713	0	0	0
ENSPNYG00000012714	0	0	1
ENSPNYG00000012715	2	5	1
ENSPNYG00000012716	3	4	8
ENSPNYG00000012717	1	1	3
ENSPNYG00000012718	1	0	0
ENSPNYG00000012719	0	0	1
ENSPNYG00000012720	1	0	0
ENSPNYG00000012721	0	0	0
ENSPNYG00000012722	0	0	0
ENSPNYG00000012723	0	0	0
ENSPNYG00000012724	0	0	0
ENSPNYG00000012725	0	0	0
ENSPNYG00000012726	0	0	0
ENSPNYG00000012727	2	0	0
ENSPNYG00000012728	4	1	3
ENSPNYG00000012729	0	0	0
ENSPNYG00000012730	1	1	0
ENSPNYG00000012731	0	1	0
ENSPNYG00000012732	198	208	226
ENSPNYG00000012733	4	8	2
ENSPNYG00000012734	0	0	0
ENSPNYG00000012735	3	4	0
ENSPNYG00000012736	0	1	6
ENSPNYG00000012737	998	1491	1246
ENSPNYG00000012738	8	0	1
ENSPNYG00000012739	0	0	0
ENSPNYG00000012740	0	0	0
ENSPNYG00000012741	0	0	3
ENSPNYG00000012742	0	2	2
ENSPNYG00000012743	0	1	0
ENSPNYG00000012744	0	0	0
ENSPNYG00000012745	3	6	8
ENSPNYG00000012746	0	0	0
ENSPNYG00000012747	274	119	260
ENSPNYG00000012748	0	4	0
ENSPNYG00000012749	0	0	0
ENSPNYG00000012750	0	0	0
ENSPNYG00000012751	0	0	0
ENSPNYG00000012752	0	0	0
ENSPNYG00000012753	8	2	3
ENSPNYG00000012754	1	0	0
ENSPNYG00000012755	0	0	0
ENSPNYG00000012756	0	0	0
ENSPNYG00000012757	0	0	2
ENSPNYG00000012758	1	4	3
ENSPNYG00000012759	0	0	0
ENSPNYG00000012760	0	0	0
ENSPNYG00000012761	0	2	0
ENSPNYG00000012762	0	0	0
ENSPNYG00000012763	0	0	0
ENSPNYG00000012764	0	0	0
ENSPNYG00000012765	5188	3549	3684
ENSPNYG00000012766	1	0	5
ENSPNYG00000012767	0	3	0
ENSPNYG00000012768	10	5	8
ENSPNYG00000012769	5	2	2
ENSPNYG00000012770	0	0	0
ENSPNYG00000012771	0	0	0
ENSPNYG00000012772	2	0	6
ENSPNYG00000012773	0	0	0
ENSPNYG00000012774	5	2	1
ENSPNYG00000012775	0	0	2
ENSPNYG00000012776	20	41	22
ENSPNYG00000012777	0	3	0
ENSPNYG00000012778	1	1	0
ENSPNYG00000012779	0	0	0
ENSPNYG00000012780	0	4	0
ENSPNYG00000012781	11	4	3
ENSPNYG00000012782	0	0	1
ENSPNYG00000012783	3	0	0
ENSPNYG00000012784	1799	1203	1896
ENSPNYG00000012785	15	6	6
ENSPNYG00000012786	0	0	0
ENSPNYG00000012787	0	0	0
ENSPNYG00000012788	2	7	1
ENSPNYG00000012789	2	6	8
ENSPNYG00000012790	0	0	0
ENSPNYG00000012791	0	1	0
ENSPNYG00000012792	0	0	0
ENSPNYG00000012793	0	1	0
ENSPNYG00000012794	13	11	13
ENSPNYG00000012795	0	0	0
ENSPNYG00000012796	1	1	0
ENSPNYG00000012797	0	0	0
ENSPNYG00000012798	1	2	3
ENSPNYG00000012799	0	0	0
ENSPNYG00000012800	0	0	0
ENSPNYG00000012801	0	1	0
ENSPNYG00000012802	2	0	0
ENSPNYG00000012803	0	0	0
ENSPNYG00000012804	2	1	8
ENSPNYG00000012805	327	410	408
ENSPNYG00000012806	4	2	0
ENSPNYG00000012807	0	0	0
ENSPNYG00000012808	2	1	1
ENSPNYG00000012809	0	0	0
ENSPNYG00000012810	0	0	0
ENSPNYG00000012811	10	11	4
ENSPNYG00000012812	0	1	4
ENSPNYG00000012813	2	0	1
ENSPNYG00000012814	0	0	0
ENSPNYG00000012815	0	5	0
ENSPNYG00000012816	0	0	0
ENSPNYG00000012817	2	3	0
ENSPNYG00000012818	3	3	8
ENSPNYG00000012819	0	0	0
ENSPNYG00000012820	451	315	307
ENSPNYG00000012821	1	0	0
ENSPNYG00000012822	2	0	0
ENSPNYG00000012823	7	6	8
ENSPNYG00000012824	0	0	0
ENSPNYG00000012825	0	0	0
ENSPNYG00000012826	0	0	0
ENSPNYG00000012827	3	0	1
ENSPNYG00000012828	0	0	0
ENSPNYG00000012829	15	9	16
ENSPNYG00000012830	0	0	0
ENSPNYG00000012831	0	0	0
ENSPNYG00000012832	0	1	3
ENSPNYG00000012833	1	1	0
ENSPNYG00000012834	1	0	0
ENSPNYG00000012835	5	9	9
ENSPNYG00000012836	0	0	0
ENSPNYG00000012837	1	1	4
ENSPNYG00000012838	3	5	6
ENSPNYG00000012839	0	7	0
ENSPNYG00000012840	1	0	1
ENSPNYG00000012841	3	0	5
ENSPNYG00000012842	12	12	11
ENSPNYG00000012843	0	0	0
ENSPNYG00000012844	1	2	3
ENSPNYG00000012845	1	0	12
ENSPNYG00000012846	0	4	2
ENSPNYG00000012847	6	1	9
ENSPNYG00000012848	1	0	0
ENSPNYG00000012849	1	0	1
ENSPNYG00000012850	5	0	1
ENSPNYG00000012851	9	7	5
ENSPNYG00000012852	0	0	0
ENSPNYG00000012853	2	4	1
ENSPNYG00000012854	4	0	6
ENSPNYG00000012855	3	0	1
ENSPNYG00000012856	4	0	0
ENSPNYG00000012857	0	0	0
ENSPNYG00000012858	0	0	0
ENSPNYG00000012859	2	1	0
ENSPNYG00000012860	0	0	0
ENSPNYG00000012861	0	0	0
ENSPNYG00000012862	0	0	2
ENSPNYG00000012863	0	0	0
ENSPNYG00000012864	0	1	0
ENSPNYG00000012865	4	0	3
ENSPNYG00000012866	0	4	1
ENSPNYG00000012867	0	0	0
ENSPNYG00000012868	3	1	5
ENSPNYG00000012869	0	0	0
ENSPNYG00000012870	0	0	0
ENSPNYG00000012871	0	0	2
ENSPNYG00000012872	0	0	0
ENSPNYG00000012873	0	0	0
ENSPNYG00000012874	0	0	0
ENSPNYG00000012875	0	0	0
ENSPNYG00000012876	3423	6336	6908
ENSPNYG00000012877	1	0	0
ENSPNYG00000012878	0	5	7
ENSPNYG00000012879	0	0	0
ENSPNYG00000012880	5	3	6
ENSPNYG00000012881	1	0	0
ENSPNYG00000012882	2	7	5
ENSPNYG00000012883	5	5	3
ENSPNYG00000012884	0	0	0
ENSPNYG00000012885	1	2	0
ENSPNYG00000012886	350	304	240
ENSPNYG00000012887	0	0	0
ENSPNYG00000012888	5	5	3
ENSPNYG00000012889	1	0	0
ENSPNYG00000012890	0	0	0
ENSPNYG00000012891	0	0	2
ENSPNYG00000012892	1	2	1
ENSPNYG00000012893	4	0	2
ENSPNYG00000012894	0	0	0
ENSPNYG00000012895	7	4	2
ENSPNYG00000012896	3	1	1
ENSPNYG00000012897	233	213	220
ENSPNYG00000012898	15	11	4
ENSPNYG00000012899	5	2	2
ENSPNYG00000012900	0	0	0
ENSPNYG00000012901	29	19	27
ENSPNYG00000012902	7	1	3
ENSPNYG00000012903	1	0	0
ENSPNYG00000012904	0	0	0
ENSPNYG00000012905	0	0	0
ENSPNYG00000012906	5	5	3
ENSPNYG00000012907	0	0	0
ENSPNYG00000012908	0	0	0
ENSPNYG00000012909	4	2	3
ENSPNYG00000012910	351	450	818
ENSPNYG00000012911	0	14	8
ENSPNYG00000012912	0	0	0
ENSPNYG00000012913	1	0	1
ENSPNYG00000012914	1170	1064	1132
ENSPNYG00000012915	0	1	2
ENSPNYG00000012916	5	1	6
ENSPNYG00000012917	0	0	0
ENSPNYG00000012918	0	0	0
ENSPNYG00000012919	12	1	3
ENSPNYG00000012920	1	0	1
ENSPNYG00000012921	0	1	0
ENSPNYG00000012922	0	0	0
ENSPNYG00000012923	29	31	56
ENSPNYG00000012924	1	1	0
ENSPNYG00000012925	1	0	0
ENSPNYG00000012926	0	0	0
ENSPNYG00000012927	0	0	0
ENSPNYG00000012928	4	0	0
ENSPNYG00000012929	3	0	0
ENSPNYG00000012930	9	5	1
ENSPNYG00000012931	0	0	0
ENSPNYG00000012932	1	1	0
ENSPNYG00000012933	0	0	1
ENSPNYG00000012934	3	0	3
ENSPNYG00000012935	0	2	2
ENSPNYG00000012936	0	0	0
ENSPNYG00000012937	0	0	0
ENSPNYG00000012938	1	3	1
ENSPNYG00000012939	0	0	0
ENSPNYG00000012940	6	2	1
ENSPNYG00000012941	11	6	6
ENSPNYG00000012942	16	14	6
ENSPNYG00000012943	0	0	0
ENSPNYG00000012944	9	2	5
ENSPNYG00000012945	0	1	0
ENSPNYG00000012946	3	4	7
ENSPNYG00000012947	7	1	3
ENSPNYG00000012948	6	3	1
ENSPNYG00000012949	0	0	1
ENSPNYG00000012950	1	0	0
ENSPNYG00000012951	2	4	6
ENSPNYG00000012952	3	2	4
ENSPNYG00000012953	0	0	0
ENSPNYG00000012954	0	1	1
ENSPNYG00000012955	1852	1006	1238
ENSPNYG00000012956	0	0	0
ENSPNYG00000012957	0	0	0
ENSPNYG00000012958	10	29	28
ENSPNYG00000012959	9	15	12
ENSPNYG00000012960	0	0	0
ENSPNYG00000012961	2	1	0
ENSPNYG00000012962	0	0	0
ENSPNYG00000012963	1	5	4
ENSPNYG00000012964	2	2	3
ENSPNYG00000012965	0	0	0
ENSPNYG00000012966	215	138	248
ENSPNYG00000012967	4	1	3
ENSPNYG00000012968	2	1	5
ENSPNYG00000012969	3	4	11
ENSPNYG00000012970	9	8	17
ENSPNYG00000012971	0	0	0
ENSPNYG00000012972	5	5	1
ENSPNYG00000012973	5	1	8
ENSPNYG00000012974	0	2	0
ENSPNYG00000012975	0	0	3
ENSPNYG00000012976	0	0	0
ENSPNYG00000012977	0	0	0
ENSPNYG00000012978	0	0	0
ENSPNYG00000012979	16	2	7
ENSPNYG00000012980	2	0	3
ENSPNYG00000012981	4	0	0
ENSPNYG00000012982	0	0	0
ENSPNYG00000012983	0	0	0
ENSPNYG00000012984	0	0	0
ENSPNYG00000012985	4	1	0
ENSPNYG00000012986	5	3	2
ENSPNYG00000012987	4	0	1
ENSPNYG00000012988	0	0	0
ENSPNYG00000012989	1	1	0
ENSPNYG00000012990	0	0	0
ENSPNYG00000012991	0	0	0
ENSPNYG00000012992	4	0	8
ENSPNYG00000012993	0	0	0
ENSPNYG00000012994	0	0	0
ENSPNYG00000012995	0	0	2
ENSPNYG00000012996	1	2	2
ENSPNYG00000012997	0	0	0
ENSPNYG00000012998	1	0	0
ENSPNYG00000012999	0	0	0
ENSPNYG00000013000	4	1	1
ENSPNYG00000013001	2	0	0
ENSPNYG00000013002	3	3	0
ENSPNYG00000013003	17	18	40
ENSPNYG00000013004	2	3	2
ENSPNYG00000013005	1	1	0
ENSPNYG00000013006	0	0	0
ENSPNYG00000013007	0	0	0
ENSPNYG00000013008	0	0	0
ENSPNYG00000013009	0	0	0
ENSPNYG00000013010	0	0	0
ENSPNYG00000013011	0	0	0
ENSPNYG00000013012	0	4	4
ENSPNYG00000013013	0	0	0
ENSPNYG00000013014	10	9	9
ENSPNYG00000013015	0	0	0
ENSPNYG00000013016	1	1	0
ENSPNYG00000013017	0	0	0
ENSPNYG00000013018	0	0	0
ENSPNYG00000013019	7	4	1
ENSPNYG00000013020	8	3	2
ENSPNYG00000013021	0	1	0
ENSPNYG00000013022	2	3	5
ENSPNYG00000013023	0	0	0
ENSPNYG00000013024	0	0	0
ENSPNYG00000013025	1	0	0
ENSPNYG00000013026	0	0	0
ENSPNYG00000013027	5	2	11
ENSPNYG00000013028	0	0	0
ENSPNYG00000013029	0	0	0
ENSPNYG00000013030	0	0	1
ENSPNYG00000013031	0	0	0
ENSPNYG00000013032	0	0	0
ENSPNYG00000013033	1	0	0
ENSPNYG00000013034	6	4	4
ENSPNYG00000013035	1	0	0
ENSPNYG00000013036	0	0	0
ENSPNYG00000013037	3	0	0
ENSPNYG00000013038	12	17	23
ENSPNYG00000013039	15	15	35
ENSPNYG00000013040	161	8	14
ENSPNYG00000013041	202	846	445
ENSPNYG00000013042	0	2	0
ENSPNYG00000013043	17	13	19
ENSPNYG00000013044	0	2	1
ENSPNYG00000013045	0	0	0
ENSPNYG00000013046	3	0	3
ENSPNYG00000013047	5	2	0
ENSPNYG00000013048	0	0	0
ENSPNYG00000013049	1	1	2
ENSPNYG00000013050	8	11	8
ENSPNYG00000013051	1	2	0
ENSPNYG00000013052	8	4	6
ENSPNYG00000013053	23	15	17
ENSPNYG00000013054	21	27	31
ENSPNYG00000013055	0	0	0
ENSPNYG00000013056	1	0	1
ENSPNYG00000013057	1	0	0
ENSPNYG00000013058	0	0	0
ENSPNYG00000013059	0	0	0
ENSPNYG00000013060	1	0	3
ENSPNYG00000013061	1	3	3
ENSPNYG00000013062	0	0	1
ENSPNYG00000013063	2	7	7
ENSPNYG00000013064	0	1	2
ENSPNYG00000013065	3	0	0
ENSPNYG00000013066	12	0	19
ENSPNYG00000013067	2	3	1
ENSPNYG00000013068	0	5	4
ENSPNYG00000013069	3	2	10
ENSPNYG00000013070	5	4	4
ENSPNYG00000013071	1697	5243	3704
ENSPNYG00000013072	0	1	0
ENSPNYG00000013073	10	4	3
ENSPNYG00000013074	9	26	12
ENSPNYG00000013075	0	0	0
ENSPNYG00000013076	1	0	0
ENSPNYG00000013077	2	0	4
ENSPNYG00000013078	0	0	0
ENSPNYG00000013079	0	0	0
ENSPNYG00000013080	0	0	0
ENSPNYG00000013081	2	3	1
ENSPNYG00000013082	5	6	10
ENSPNYG00000013083	4	4	3
ENSPNYG00000013084	0	0	0
ENSPNYG00000013085	0	8	6
ENSPNYG00000013086	0	0	0
ENSPNYG00000013087	11	1	8
ENSPNYG00000013088	0	0	0
ENSPNYG00000013089	0	0	0
ENSPNYG00000013090	2	0	3
ENSPNYG00000013091	3	3	7
ENSPNYG00000013092	2	1	2
ENSPNYG00000013093	4	4	3
ENSPNYG00000013094	18	24	26
ENSPNYG00000013095	8	15	28
ENSPNYG00000013096	0	1	0
ENSPNYG00000013097	0	0	0
ENSPNYG00000013098	0	3	0
ENSPNYG00000013099	5	5	8
ENSPNYG00000013100	5	7	4
ENSPNYG00000013101	0	0	0
ENSPNYG00000013102	0	0	0
ENSPNYG00000013103	187	364	640
ENSPNYG00000013104	0	1	0
ENSPNYG00000013105	0	0	0
ENSPNYG00000013106	0	2	1
ENSPNYG00000013107	2	2	3
ENSPNYG00000013108	0	0	0
ENSPNYG00000013109	8	4	5
ENSPNYG00000013110	0	0	0
ENSPNYG00000013111	0	0	0
ENSPNYG00000013112	5	6	13
ENSPNYG00000013113	4	4	0
ENSPNYG00000013114	51	8	30
ENSPNYG00000013115	0	0	0
ENSPNYG00000013116	2	0	0
ENSPNYG00000013117	2	0	2
ENSPNYG00000013118	0	0	2
ENSPNYG00000013119	0	0	0
ENSPNYG00000013120	41	21	42
ENSPNYG00000013121	0	0	3
ENSPNYG00000013122	1	0	0
ENSPNYG00000013123	0	0	0
ENSPNYG00000013124	0	0	0
ENSPNYG00000013125	2	0	0
ENSPNYG00000013126	0	1	0
ENSPNYG00000013127	1	3	0
ENSPNYG00000013128	0	3	3
ENSPNYG00000013129	0	0	0
ENSPNYG00000013130	0	0	0
ENSPNYG00000013131	0	0	0
ENSPNYG00000013132	3	2	2
ENSPNYG00000013133	0	0	1
ENSPNYG00000013134	0	0	0
ENSPNYG00000013135	0	0	0
ENSPNYG00000013136	1	3	0
ENSPNYG00000013137	1	0	2
ENSPNYG00000013138	1	3	5
ENSPNYG00000013139	0	0	0
ENSPNYG00000013140	1	0	2
ENSPNYG00000013141	0	0	0
ENSPNYG00000013142	0	1	0
ENSPNYG00000013143	0	1	4
ENSPNYG00000013144	0	0	0
ENSPNYG00000013145	2	0	1
ENSPNYG00000013146	1	2	6
ENSPNYG00000013147	0	5	6
ENSPNYG00000013148	0	0	0
ENSPNYG00000013149	1	2	1
ENSPNYG00000013150	6	6	6
ENSPNYG00000013151	0	0	1
ENSPNYG00000013152	6	3	3
ENSPNYG00000013153	0	0	2
ENSPNYG00000013154	0	0	0
ENSPNYG00000013155	36	3	22
ENSPNYG00000013156	0	0	0
ENSPNYG00000013157	1	1	1
ENSPNYG00000013158	0	0	0
ENSPNYG00000013159	0	0	0
ENSPNYG00000013160	2	2	0
ENSPNYG00000013161	0	0	0
ENSPNYG00000013162	0	1	0
ENSPNYG00000013163	1	1	0
ENSPNYG00000013164	0	0	1
ENSPNYG00000013165	4	9	37
ENSPNYG00000013166	0	1	0
ENSPNYG00000013167	1	1	0
ENSPNYG00000013168	0	0	0
ENSPNYG00000013169	1	1	0
ENSPNYG00000013170	0	0	1
ENSPNYG00000013171	1	4	2
ENSPNYG00000013172	0	0	0
ENSPNYG00000013173	1	0	0
ENSPNYG00000013174	1	0	1
ENSPNYG00000013175	5	1	1
ENSPNYG00000013176	0	0	0
ENSPNYG00000013177	0	2	2
ENSPNYG00000013178	0	1	0
ENSPNYG00000013179	0	0	1
ENSPNYG00000013180	1	2	1
ENSPNYG00000013181	6	10	11
ENSPNYG00000013182	12	6	14
ENSPNYG00000013183	7	3	5
ENSPNYG00000013184	4	9	10
ENSPNYG00000013185	0	0	0
ENSPNYG00000013186	0	0	1
ENSPNYG00000013187	0	0	0
ENSPNYG00000013188	0	1	1
ENSPNYG00000013189	15	46	51
ENSPNYG00000013190	52	23	48
ENSPNYG00000013191	1	2	1
ENSPNYG00000013192	0	0	0
ENSPNYG00000013193	2	4	3
ENSPNYG00000013194	0	2	1
ENSPNYG00000013195	8	18	38
ENSPNYG00000013196	0	1	0
ENSPNYG00000013197	0	1	4
ENSPNYG00000013198	9	3	3
ENSPNYG00000013199	1	0	0
ENSPNYG00000013200	1	1	0
ENSPNYG00000013201	8	22	27
ENSPNYG00000013202	116	75	160
ENSPNYG00000013203	0	0	0
ENSPNYG00000013204	0	0	0
ENSPNYG00000013205	0	0	0
ENSPNYG00000013206	7	0	0
ENSPNYG00000013207	2	0	0
ENSPNYG00000013208	1	3	0
ENSPNYG00000013209	68	50	107
ENSPNYG00000013210	14	7	7
ENSPNYG00000013211	0	2	4
ENSPNYG00000013212	43	72	75
ENSPNYG00000013213	1	0	0
ENSPNYG00000013214	251	1204	1709
ENSPNYG00000013215	0	1	0
ENSPNYG00000013216	1	0	0
ENSPNYG00000013217	2	1	0
ENSPNYG00000013218	4	2	5
ENSPNYG00000013219	37612	76110	80736
ENSPNYG00000013220	0	0	0
ENSPNYG00000013221	0	1	0
ENSPNYG00000013222	7	6	10
ENSPNYG00000013223	0	0	1
ENSPNYG00000013224	449	207	488
ENSPNYG00000013225	0	0	0
ENSPNYG00000013226	0	0	0
ENSPNYG00000013227	8	2	2
ENSPNYG00000013228	3	16	16
ENSPNYG00000013229	0	0	0
ENSPNYG00000013230	8	2	5
ENSPNYG00000013231	4	0	0
ENSPNYG00000013232	1	3	5
ENSPNYG00000013233	0	0	0
ENSPNYG00000013234	1	0	1
ENSPNYG00000013235	1	0	0
ENSPNYG00000013236	0	0	0
ENSPNYG00000013237	0	4	6
ENSPNYG00000013238	4	2	8
ENSPNYG00000013239	0	0	0
ENSPNYG00000013240	0	0	4
ENSPNYG00000013241	0	1	1
ENSPNYG00000013242	0	0	0
ENSPNYG00000013243	0	0	0
ENSPNYG00000013244	1	4	7
ENSPNYG00000013245	0	0	0
ENSPNYG00000013246	0	1	0
ENSPNYG00000013247	1	0	0
ENSPNYG00000013248	2	8	5
ENSPNYG00000013249	44	154	104
ENSPNYG00000013250	4	0	1
ENSPNYG00000013251	0	0	0
ENSPNYG00000013252	0	0	0
ENSPNYG00000013253	8	3	3
ENSPNYG00000013254	1	1	1
ENSPNYG00000013255	3	3	0
ENSPNYG00000013256	0	0	0
ENSPNYG00000013257	0	0	0
ENSPNYG00000013258	3	4	3
ENSPNYG00000013259	0	0	2
ENSPNYG00000013260	1	2	0
ENSPNYG00000013261	0	0	3
ENSPNYG00000013262	0	0	0
ENSPNYG00000013263	14	5	5
ENSPNYG00000013264	0	0	0
ENSPNYG00000013265	0	0	5
ENSPNYG00000013266	320	304	289
ENSPNYG00000013267	0	0	1
ENSPNYG00000013268	3	0	0
ENSPNYG00000013269	3	0	0
ENSPNYG00000013270	0	0	1
ENSPNYG00000013271	2	1	2
ENSPNYG00000013272	5	4	6
ENSPNYG00000013273	0	1	1
ENSPNYG00000013274	4	0	1
ENSPNYG00000013275	0	0	1
ENSPNYG00000013276	1	0	0
ENSPNYG00000013277	1	2	0
ENSPNYG00000013278	0	1	0
ENSPNYG00000013279	0	0	0
ENSPNYG00000013280	2	3	7
ENSPNYG00000013281	1	1	2
ENSPNYG00000013282	0	0	0
ENSPNYG00000013283	1	9	2
ENSPNYG00000013284	0	0	0
ENSPNYG00000013285	5	3	2
ENSPNYG00000013286	3	0	0
ENSPNYG00000013287	6	5	2
ENSPNYG00000013288	5	9	7
ENSPNYG00000013289	4	2	3
ENSPNYG00000013290	1	1	1
ENSPNYG00000013291	21	15	20
ENSPNYG00000013292	0	0	0
ENSPNYG00000013293	1	2	0
ENSPNYG00000013294	1	2	2
ENSPNYG00000013295	1	1	1
ENSPNYG00000013296	18	25	21
ENSPNYG00000013297	0	0	0
ENSPNYG00000013298	0	1	0
ENSPNYG00000013299	1	4	0
ENSPNYG00000013300	5	3	3
ENSPNYG00000013301	30	37	55
ENSPNYG00000013302	0	0	0
ENSPNYG00000013303	0	1	4
ENSPNYG00000013304	0	0	0
ENSPNYG00000013305	556	321	390
ENSPNYG00000013306	2	0	0
ENSPNYG00000013307	2	0	0
ENSPNYG00000013308	0	0	0
ENSPNYG00000013309	0	0	0
ENSPNYG00000013310	2	4	7
ENSPNYG00000013311	1	2	6
ENSPNYG00000013312	1	0	0
ENSPNYG00000013313	9	5	10
ENSPNYG00000013314	2	0	3
ENSPNYG00000013315	10	15	6
ENSPNYG00000013316	5	6	1
ENSPNYG00000013317	0	0	0
ENSPNYG00000013318	0	0	2
ENSPNYG00000013319	6	4	0
ENSPNYG00000013320	1	0	4
ENSPNYG00000013321	0	2	0
ENSPNYG00000013322	0	0	1
ENSPNYG00000013323	189	127	196
ENSPNYG00000013324	1	0	0
ENSPNYG00000013325	2	4	3
ENSPNYG00000013326	11	9	3
ENSPNYG00000013327	2	0	0
ENSPNYG00000013328	0	0	0
ENSPNYG00000013329	1	2	2
ENSPNYG00000013330	20	5	6
ENSPNYG00000013331	29	17	18
ENSPNYG00000013332	0	0	1
ENSPNYG00000013333	17	14	15
ENSPNYG00000013334	0	1	0
ENSPNYG00000013335	4	2	3
ENSPNYG00000013336	2	0	0
ENSPNYG00000013337	9	4	5
ENSPNYG00000013338	4	2	8
ENSPNYG00000013339	3	0	6
ENSPNYG00000013340	2	0	1
ENSPNYG00000013341	0	0	0
ENSPNYG00000013342	0	0	1
ENSPNYG00000013343	0	0	3
ENSPNYG00000013344	0	0	1
ENSPNYG00000013345	2	1	0
ENSPNYG00000013346	0	0	0
ENSPNYG00000013347	0	1	0
ENSPNYG00000013348	0	0	0
ENSPNYG00000013349	10	6	17
ENSPNYG00000013350	0	0	2
ENSPNYG00000013351	6	16	9
ENSPNYG00000013352	0	0	0
ENSPNYG00000013353	1	2	1
ENSPNYG00000013354	61	36	17
ENSPNYG00000013355	0	0	0
ENSPNYG00000013356	11	7	10
ENSPNYG00000013357	9	24	43
ENSPNYG00000013358	0	0	0
ENSPNYG00000013359	3	0	1
ENSPNYG00000013360	9	10	12
ENSPNYG00000013361	3	5	9
ENSPNYG00000013362	0	1	0
ENSPNYG00000013363	25	28	40
ENSPNYG00000013364	0	0	1
ENSPNYG00000013365	0	4	7
ENSPNYG00000013366	0	0	0
ENSPNYG00000013367	3	0	1
ENSPNYG00000013368	0	0	0
ENSPNYG00000013369	18	33	26
ENSPNYG00000013370	0	0	0
ENSPNYG00000013371	2	4	2
ENSPNYG00000013372	1	1	2
ENSPNYG00000013373	0	0	0
ENSPNYG00000013374	5	8	5
ENSPNYG00000013375	2	1	0
ENSPNYG00000013376	0	0	0
ENSPNYG00000013377	6	0	1
ENSPNYG00000013378	29	12	24
ENSPNYG00000013379	0	2	3
ENSPNYG00000013380	10	5	8
ENSPNYG00000013381	4	6	16
ENSPNYG00000013382	4	3	3
ENSPNYG00000013383	294	191	241
ENSPNYG00000013384	16	2	3
ENSPNYG00000013385	4	4	9
ENSPNYG00000013386	0	0	0
ENSPNYG00000013387	0	0	0
ENSPNYG00000013388	10	7	2
ENSPNYG00000013389	2	0	1
ENSPNYG00000013390	0	0	2
ENSPNYG00000013391	0	0	0
ENSPNYG00000013392	12	9	4
ENSPNYG00000013393	7	0	0
ENSPNYG00000013394	0	0	0
ENSPNYG00000013395	9	3	9
ENSPNYG00000013396	4	1	7
ENSPNYG00000013397	10	8	11
ENSPNYG00000013398	0	1	0
ENSPNYG00000013399	0	0	0
ENSPNYG00000013400	8	7	4
ENSPNYG00000013401	0	0	0
ENSPNYG00000013402	13	5	6
ENSPNYG00000013403	0	1	0
ENSPNYG00000013404	3	2	9
ENSPNYG00000013405	0	0	0
ENSPNYG00000013406	0	0	0
ENSPNYG00000013407	1	0	1
ENSPNYG00000013408	0	0	0
ENSPNYG00000013409	0	0	0
ENSPNYG00000013410	0	0	0
ENSPNYG00000013411	0	1	0
ENSPNYG00000013412	1	0	0
ENSPNYG00000013413	3	2	1
ENSPNYG00000013414	0	0	0
ENSPNYG00000013415	10	7	8
ENSPNYG00000013416	0	0	0
ENSPNYG00000013417	0	0	0
ENSPNYG00000013418	0	0	0
ENSPNYG00000013419	0	1	0
ENSPNYG00000013420	1	0	0
ENSPNYG00000013421	12	10	14
ENSPNYG00000013422	4	0	1
ENSPNYG00000013423	0	0	0
ENSPNYG00000013424	0	0	0
ENSPNYG00000013425	0	0	0
ENSPNYG00000013426	0	0	0
ENSPNYG00000013427	0	0	0
ENSPNYG00000013428	3	0	0
ENSPNYG00000013429	1	2	0
ENSPNYG00000013430	1	2	1
ENSPNYG00000013431	0	1	0
ENSPNYG00000013432	1	1	2
ENSPNYG00000013433	19	15	17
ENSPNYG00000013434	1	0	0
ENSPNYG00000013435	0	0	0
ENSPNYG00000013436	9	7	14
ENSPNYG00000013437	0	2	0
ENSPNYG00000013438	2	3	2
ENSPNYG00000013439	15	8	9
ENSPNYG00000013440	0	0	0
ENSPNYG00000013441	0	0	0
ENSPNYG00000013442	0	0	0
ENSPNYG00000013443	3	3	4
ENSPNYG00000013444	7	5	9
ENSPNYG00000013445	1	3	0
ENSPNYG00000013446	0	0	0
ENSPNYG00000013447	0	0	0
ENSPNYG00000013448	980	394	572
ENSPNYG00000013449	159	142	268
ENSPNYG00000013450	0	0	0
ENSPNYG00000013451	2	3	5
ENSPNYG00000013452	0	1	0
ENSPNYG00000013453	4	8	8
ENSPNYG00000013454	0	0	3
ENSPNYG00000013455	2	1	1
ENSPNYG00000013456	74	43	29
ENSPNYG00000013457	8	8	29
ENSPNYG00000013458	0	0	0
ENSPNYG00000013459	2	5	6
ENSPNYG00000013460	0	0	0
ENSPNYG00000013461	1	0	0
ENSPNYG00000013462	0	0	0
ENSPNYG00000013463	0	0	0
ENSPNYG00000013464	0	1	5
ENSPNYG00000013465	0	0	0
ENSPNYG00000013466	1	2	4
ENSPNYG00000013467	1	0	2
ENSPNYG00000013468	25	90	24
ENSPNYG00000013469	89	77	103
ENSPNYG00000013470	0	0	0
ENSPNYG00000013471	9	3	4
ENSPNYG00000013472	0	1	0
ENSPNYG00000013473	1	0	0
ENSPNYG00000013474	3	3	11
ENSPNYG00000013475	0	0	0
ENSPNYG00000013476	19	10	20
ENSPNYG00000013477	0	0	0
ENSPNYG00000013478	9	9	9
ENSPNYG00000013479	0	1	2
ENSPNYG00000013480	87	223	300
ENSPNYG00000013481	0	0	1
ENSPNYG00000013482	5	4	3
ENSPNYG00000013483	8	2	7
ENSPNYG00000013484	1	1	0
ENSPNYG00000013485	0	0	0
ENSPNYG00000013486	0	0	2
ENSPNYG00000013487	0	0	0
ENSPNYG00000013488	17	1	26
ENSPNYG00000013489	0	0	0
ENSPNYG00000013490	0	1	0
ENSPNYG00000013491	0	0	1
ENSPNYG00000013492	3	3	4
ENSPNYG00000013493	0	0	0
ENSPNYG00000013494	13	1	3
ENSPNYG00000013495	4	0	6
ENSPNYG00000013496	0	4	1
ENSPNYG00000013497	0	0	0
ENSPNYG00000013498	1	0	0
ENSPNYG00000013499	0	0	0
ENSPNYG00000013500	9	4	5
ENSPNYG00000013501	14	5	13
ENSPNYG00000013502	0	0	0
ENSPNYG00000013503	0	0	0
ENSPNYG00000013504	0	0	0
ENSPNYG00000013505	340	238	378
ENSPNYG00000013506	0	0	1
ENSPNYG00000013507	0	0	0
ENSPNYG00000013508	0	0	0
ENSPNYG00000013509	0	0	0
ENSPNYG00000013510	8	5	5
ENSPNYG00000013511	0	0	0
ENSPNYG00000013512	1	5	4
ENSPNYG00000013513	9	7	8
ENSPNYG00000013514	0	0	0
ENSPNYG00000013515	1	5	3
ENSPNYG00000013516	0	1	0
ENSPNYG00000013517	0	0	0
ENSPNYG00000013518	39	29	12
ENSPNYG00000013519	0	0	0
ENSPNYG00000013520	3	1	0
ENSPNYG00000013521	4	2	0
ENSPNYG00000013522	1	2	5
ENSPNYG00000013523	32	40	26
ENSPNYG00000013524	0	1	0
ENSPNYG00000013525	27	11	15
ENSPNYG00000013526	0	0	0
ENSPNYG00000013527	0	0	0
ENSPNYG00000013528	0	0	1
ENSPNYG00000013529	1	0	3
ENSPNYG00000013530	0	0	0
ENSPNYG00000013531	0	0	0
ENSPNYG00000013532	28	32	23
ENSPNYG00000013533	3	5	5
ENSPNYG00000013534	21	11	8
ENSPNYG00000013535	0	0	0
ENSPNYG00000013536	1	1	2
ENSPNYG00000013537	0	0	1
ENSPNYG00000013538	15	12	8
ENSPNYG00000013539	593	583	651
ENSPNYG00000013540	1	3	0
ENSPNYG00000013541	0	0	0
ENSPNYG00000013542	12	9	19
ENSPNYG00000013543	1	0	0
ENSPNYG00000013544	0	0	0
ENSPNYG00000013545	11	4	4
ENSPNYG00000013546	1	0	0
ENSPNYG00000013547	1	0	0
ENSPNYG00000013548	0	0	2
ENSPNYG00000013549	222	239	678
ENSPNYG00000013550	0	0	0
ENSPNYG00000013551	0	2	3
ENSPNYG00000013552	4	5	1
ENSPNYG00000013553	1	0	2
ENSPNYG00000013554	0	0	0
ENSPNYG00000013555	0	0	0
ENSPNYG00000013556	0	0	0
ENSPNYG00000013557	3	0	0
ENSPNYG00000013558	1	2	0
ENSPNYG00000013559	0	0	0
ENSPNYG00000013560	0	0	1
ENSPNYG00000013561	1	1	1
ENSPNYG00000013562	1	1	1
ENSPNYG00000013563	2	3	5
ENSPNYG00000013564	2	5	14
ENSPNYG00000013565	2	1	2
ENSPNYG00000013566	1	0	2
ENSPNYG00000013567	4	2	3
ENSPNYG00000013568	0	0	0
ENSPNYG00000013569	23	15	9
ENSPNYG00000013570	1	1	0
ENSPNYG00000013571	0	0	2
ENSPNYG00000013572	1	0	3
ENSPNYG00000013573	4	1	3
ENSPNYG00000013574	484	478	512
ENSPNYG00000013575	0	1	1
ENSPNYG00000013576	0	1	0
ENSPNYG00000013577	0	0	0
ENSPNYG00000013578	16	2	6
ENSPNYG00000013579	0	0	1
ENSPNYG00000013580	1	0	0
ENSPNYG00000013581	3	5	9
ENSPNYG00000013582	4	2	6
ENSPNYG00000013583	0	2	0
ENSPNYG00000013584	0	0	0
ENSPNYG00000013585	4	1	0
ENSPNYG00000013586	0	0	0
ENSPNYG00000013587	1073	793	911
ENSPNYG00000013588	0	0	2
ENSPNYG00000013589	0	0	0
ENSPNYG00000013590	4	2	3
ENSPNYG00000013591	8	11	1
ENSPNYG00000013592	0	0	0
ENSPNYG00000013593	2	0	1
ENSPNYG00000013594	5	2	24
ENSPNYG00000013595	0	0	1
ENSPNYG00000013596	3	4	2
ENSPNYG00000013597	31	23	23
ENSPNYG00000013598	5	1	3
ENSPNYG00000013599	0	4	1
ENSPNYG00000013600	0	0	0
ENSPNYG00000013601	1	2	1
ENSPNYG00000013602	8	11	20
ENSPNYG00000013603	4	3	7
ENSPNYG00000013604	11	6	5
ENSPNYG00000013605	3	3	4
ENSPNYG00000013606	0	0	0
ENSPNYG00000013607	3	1	2
ENSPNYG00000013608	11	8	6
ENSPNYG00000013609	0	2	3
ENSPNYG00000013610	0	0	0
ENSPNYG00000013611	5	1	1
ENSPNYG00000013612	0	2	0
ENSPNYG00000013613	8	0	3
ENSPNYG00000013614	0	0	1
ENSPNYG00000013615	0	0	0
ENSPNYG00000013616	0	0	2
ENSPNYG00000013617	1	0	0
ENSPNYG00000013618	15	21	0
ENSPNYG00000013619	2	0	1
ENSPNYG00000013620	0	0	0
ENSPNYG00000013621	0	7	0
ENSPNYG00000013622	2	1	1
ENSPNYG00000013623	1	0	3
ENSPNYG00000013624	1	0	0
ENSPNYG00000013625	39	17	22
ENSPNYG00000013626	0	0	0
ENSPNYG00000013627	0	0	0
ENSPNYG00000013628	0	0	0
ENSPNYG00000013629	49	60	71
ENSPNYG00000013630	0	1	2
ENSPNYG00000013631	1	2	4
ENSPNYG00000013632	3	0	0
ENSPNYG00000013633	0	0	0
ENSPNYG00000013634	0	0	0
ENSPNYG00000013635	7	2	4
ENSPNYG00000013636	5	0	2
ENSPNYG00000013637	0	1	0
ENSPNYG00000013638	57	47	33
ENSPNYG00000013639	13	3	5
ENSPNYG00000013640	0	0	1
ENSPNYG00000013641	0	0	3
ENSPNYG00000013642	4	2	1
ENSPNYG00000013643	4	9	31
ENSPNYG00000013644	2	0	0
ENSPNYG00000013645	0	0	0
ENSPNYG00000013646	0	0	0
ENSPNYG00000013647	0	0	0
ENSPNYG00000013648	429	0	3
ENSPNYG00000013649	97	407	394
ENSPNYG00000013650	0	0	0
ENSPNYG00000013651	0	0	0
ENSPNYG00000013652	0	0	0
ENSPNYG00000013653	0	0	3
ENSPNYG00000013654	1	0	0
ENSPNYG00000013655	0	0	0
ENSPNYG00000013656	0	0	0
ENSPNYG00000013657	3	0	0
ENSPNYG00000013658	2	4	2
ENSPNYG00000013659	23	103	89
ENSPNYG00000013660	1026	901	765
ENSPNYG00000013661	1	1	0
ENSPNYG00000013662	9	8	5
ENSPNYG00000013663	1	3	1
ENSPNYG00000013664	4	1	0
ENSPNYG00000013665	0	0	0
ENSPNYG00000013666	1	0	0
ENSPNYG00000013667	3	0	3
ENSPNYG00000013668	0	0	0
ENSPNYG00000013669	0	0	0
ENSPNYG00000013670	6	2	6
ENSPNYG00000013671	0	0	0
ENSPNYG00000013672	0	0	0
ENSPNYG00000013673	8	3	2
ENSPNYG00000013674	0	1	5
ENSPNYG00000013675	0	0	0
ENSPNYG00000013676	0	1	3
ENSPNYG00000013677	0	0	0
ENSPNYG00000013678	0	0	0
ENSPNYG00000013679	0	0	1
ENSPNYG00000013680	0	3	4
ENSPNYG00000013681	0	0	0
ENSPNYG00000013682	11	15	16
ENSPNYG00000013683	2	5	1
ENSPNYG00000013684	0	0	0
ENSPNYG00000013685	0	0	0
ENSPNYG00000013686	2	0	0
ENSPNYG00000013687	4	0	2
ENSPNYG00000013688	0	0	0
ENSPNYG00000013689	1	0	1
ENSPNYG00000013690	123	73	55
ENSPNYG00000013691	0	0	0
ENSPNYG00000013692	2	4	10
ENSPNYG00000013693	7	1	7
ENSPNYG00000013694	0	0	0
ENSPNYG00000013695	5	38	25
ENSPNYG00000013696	0	0	0
ENSPNYG00000013697	1	3	0
ENSPNYG00000013698	2	3	11
ENSPNYG00000013699	0	0	0
ENSPNYG00000013700	0	0	2
ENSPNYG00000013701	82	43	36
ENSPNYG00000013702	4	5	8
ENSPNYG00000013703	2	0	0
ENSPNYG00000013704	1	1	2
ENSPNYG00000013705	0	2	0
ENSPNYG00000013706	0	0	0
ENSPNYG00000013707	7	8	1
ENSPNYG00000013708	0	0	0
ENSPNYG00000013709	27	8	16
ENSPNYG00000013710	15	9	16
ENSPNYG00000013711	0	0	0
ENSPNYG00000013712	0	0	1
ENSPNYG00000013713	0	1	0
ENSPNYG00000013714	2	0	1
ENSPNYG00000013715	0	0	0
ENSPNYG00000013716	2	6	4
ENSPNYG00000013717	1	2	1
ENSPNYG00000013718	6	9	13
ENSPNYG00000013719	0	0	1
ENSPNYG00000013720	0	0	0
ENSPNYG00000013721	0	0	0
ENSPNYG00000013722	1	1	1
ENSPNYG00000013723	0	0	0
ENSPNYG00000013724	10	18	3
ENSPNYG00000013725	0	0	0
ENSPNYG00000013726	0	0	1
ENSPNYG00000013727	0	0	1
ENSPNYG00000013728	3	2	3
ENSPNYG00000013729	3	0	0
ENSPNYG00000013730	57	33	54
ENSPNYG00000013731	0	0	0
ENSPNYG00000013732	0	0	2
ENSPNYG00000013733	166	183	203
ENSPNYG00000013734	0	0	0
ENSPNYG00000013735	0	0	0
ENSPNYG00000013736	6	4	2
ENSPNYG00000013737	28	20	89
ENSPNYG00000013738	0	0	0
ENSPNYG00000013739	1	0	0
ENSPNYG00000013740	0	2	2
ENSPNYG00000013741	0	4	2
ENSPNYG00000013742	5	6	4
ENSPNYG00000013743	3	2	6
ENSPNYG00000013744	0	4	0
ENSPNYG00000013745	7	5	7
ENSPNYG00000013746	4	2	1
ENSPNYG00000013747	1	1	3
ENSPNYG00000013748	3	1	0
ENSPNYG00000013749	0	0	0
ENSPNYG00000013750	0	0	0
ENSPNYG00000013751	0	0	0
ENSPNYG00000013752	2	5	0
ENSPNYG00000013753	1	2	1
ENSPNYG00000013754	1	2	1
ENSPNYG00000013755	13	16	9
ENSPNYG00000013756	0	0	0
ENSPNYG00000013757	0	0	0
ENSPNYG00000013758	1	0	0
ENSPNYG00000013759	0	0	0
ENSPNYG00000013760	4	5	5
ENSPNYG00000013761	0	0	3
ENSPNYG00000013762	0	0	0
ENSPNYG00000013763	8	2	1
ENSPNYG00000013764	3	5	1
ENSPNYG00000013765	0	0	0
ENSPNYG00000013766	2	0	1
ENSPNYG00000013767	0	1	0
ENSPNYG00000013768	3	2	3
ENSPNYG00000013769	2	0	0
ENSPNYG00000013770	2	16	17
ENSPNYG00000013771	0	0	2
ENSPNYG00000013772	0	0	0
ENSPNYG00000013773	0	0	0
ENSPNYG00000013774	5	3	0
ENSPNYG00000013775	0	0	1
ENSPNYG00000013776	124	73	80
ENSPNYG00000013777	0	0	0
ENSPNYG00000013778	0	0	5
ENSPNYG00000013779	13	7	6
ENSPNYG00000013780	0	5	1
ENSPNYG00000013781	2	2	0
ENSPNYG00000013782	0	0	0
ENSPNYG00000013783	0	0	0
ENSPNYG00000013784	2	6	0
ENSPNYG00000013785	0	0	2
ENSPNYG00000013786	0	0	5
ENSPNYG00000013787	0	0	0
ENSPNYG00000013788	5	6	19
ENSPNYG00000013789	0	1	0
ENSPNYG00000013790	0	0	0
ENSPNYG00000013791	0	0	0
ENSPNYG00000013792	4	4	6
ENSPNYG00000013793	0	0	0
ENSPNYG00000013794	0	1	0
ENSPNYG00000013795	2	2	0
ENSPNYG00000013796	9	15	33
ENSPNYG00000013797	2	3	0
ENSPNYG00000013798	4	6	7
ENSPNYG00000013799	1	0	3
ENSPNYG00000013800	15	11	9
ENSPNYG00000013801	11	6	29
ENSPNYG00000013802	1	0	0
ENSPNYG00000013803	13	34	31
ENSPNYG00000013804	0	0	0
ENSPNYG00000013805	37	24	195
ENSPNYG00000013806	2	0	1
ENSPNYG00000013807	0	0	0
ENSPNYG00000013808	0	0	0
ENSPNYG00000013809	2028	1710	2708
ENSPNYG00000013810	2	1	0
ENSPNYG00000013811	0	1	4
ENSPNYG00000013812	0	0	0
ENSPNYG00000013813	0	0	0
ENSPNYG00000013814	3	4	4
ENSPNYG00000013815	0	0	0
ENSPNYG00000013816	3	0	2
ENSPNYG00000013817	57	51	36
ENSPNYG00000013818	4	3	5
ENSPNYG00000013819	0	0	0
ENSPNYG00000013820	0	0	0
ENSPNYG00000013821	5	0	0
ENSPNYG00000013822	2	0	0
ENSPNYG00000013823	0	0	0
ENSPNYG00000013824	13	4	18
ENSPNYG00000013825	0	1	0
ENSPNYG00000013826	0	0	0
ENSPNYG00000013827	7	1	5
ENSPNYG00000013828	1	0	0
ENSPNYG00000013829	0	0	0
ENSPNYG00000013830	0	0	0
ENSPNYG00000013831	4	5	3
ENSPNYG00000013832	0	8	0
ENSPNYG00000013833	0	0	6
ENSPNYG00000013834	8	3	5
ENSPNYG00000013835	0	0	1
ENSPNYG00000013836	33	23	26
ENSPNYG00000013837	21	11	18
ENSPNYG00000013838	7	0	9
ENSPNYG00000013839	1	1	1
ENSPNYG00000013840	90	64	135
ENSPNYG00000013841	0	0	0
ENSPNYG00000013842	4	4	0
ENSPNYG00000013843	1	0	1
ENSPNYG00000013844	63	65	103
ENSPNYG00000013845	0	0	5
ENSPNYG00000013846	1	2	0
ENSPNYG00000013847	0	0	0
ENSPNYG00000013848	0	0	0
ENSPNYG00000013849	5	1	1
ENSPNYG00000013850	1	0	0
ENSPNYG00000013851	0	0	0
ENSPNYG00000013852	325	157	287
ENSPNYG00000013853	1	1	0
ENSPNYG00000013854	2	10	5
ENSPNYG00000013855	4	0	2
ENSPNYG00000013856	0	0	0
ENSPNYG00000013857	7	6	1
ENSPNYG00000013858	0	0	0
ENSPNYG00000013859	0	0	0
ENSPNYG00000013860	0	0	0
ENSPNYG00000013861	1	0	0
ENSPNYG00000013862	1	0	1
ENSPNYG00000013863	585	542	601
ENSPNYG00000013864	0	7	0
ENSPNYG00000013865	0	0	0
ENSPNYG00000013866	0	0	0
ENSPNYG00000013867	0	0	0
ENSPNYG00000013868	0	0	0
ENSPNYG00000013869	3	0	2
ENSPNYG00000013870	2	1	0
ENSPNYG00000013871	0	0	2
ENSPNYG00000013872	1	1	6
ENSPNYG00000013873	0	0	0
ENSPNYG00000013874	0	0	0
ENSPNYG00000013875	0	0	0
ENSPNYG00000013876	1	1	8
ENSPNYG00000013877	0	0	0
ENSPNYG00000013878	0	0	0
ENSPNYG00000013879	0	1	0
ENSPNYG00000013880	7	1	3
ENSPNYG00000013881	2	3	0
ENSPNYG00000013882	0	0	0
ENSPNYG00000013883	2	3	4
ENSPNYG00000013884	1	0	2
ENSPNYG00000013885	1	0	0
ENSPNYG00000013886	0	0	0
ENSPNYG00000013887	0	0	0
ENSPNYG00000013888	48	61	74
ENSPNYG00000013889	4	0	10
ENSPNYG00000013890	2	0	0
ENSPNYG00000013891	5	0	4
ENSPNYG00000013892	1	2	0
ENSPNYG00000013893	27	5	8
ENSPNYG00000013894	1	0	1
ENSPNYG00000013895	0	0	0
ENSPNYG00000013896	0	0	0
ENSPNYG00000013897	0	0	0
ENSPNYG00000013898	0	0	0
ENSPNYG00000013899	0	0	0
ENSPNYG00000013900	1	0	0
ENSPNYG00000013901	1	4	3
ENSPNYG00000013902	0	0	0
ENSPNYG00000013903	4	4	13
ENSPNYG00000013904	1	0	0
ENSPNYG00000013905	8	3	3
ENSPNYG00000013906	0	0	0
ENSPNYG00000013907	0	0	0
ENSPNYG00000013908	0	0	0
ENSPNYG00000013909	2	2	5
ENSPNYG00000013910	0	0	0
ENSPNYG00000013911	46	23	37
ENSPNYG00000013912	0	0	0
ENSPNYG00000013913	7	4	21
ENSPNYG00000013914	9	8	10
ENSPNYG00000013915	3	0	1
ENSPNYG00000013916	6	4	6
ENSPNYG00000013917	1	0	3
ENSPNYG00000013918	0	0	0
ENSPNYG00000013919	0	0	0
ENSPNYG00000013920	1	2	9
ENSPNYG00000013921	3	6	6
ENSPNYG00000013922	2	7	9
ENSPNYG00000013923	3	1	0
ENSPNYG00000013924	7	3	4
ENSPNYG00000013925	0	0	0
ENSPNYG00000013926	3	0	0
ENSPNYG00000013927	5	1	0
ENSPNYG00000013928	2	3	0
ENSPNYG00000013929	0	0	0
ENSPNYG00000013930	185	257	250
ENSPNYG00000013931	0	0	2
ENSPNYG00000013932	0	0	0
ENSPNYG00000013933	0	1	4
ENSPNYG00000013934	0	0	0
ENSPNYG00000013935	0	0	0
ENSPNYG00000013936	1	1	0
ENSPNYG00000013937	0	92	85
ENSPNYG00000013938	1	1	1
ENSPNYG00000013939	2	6	14
ENSPNYG00000013940	0	0	0
ENSPNYG00000013941	2	0	0
ENSPNYG00000013942	15	150	30
ENSPNYG00000013943	0	0	0
ENSPNYG00000013944	3	1	2
ENSPNYG00000013945	16	1	8
ENSPNYG00000013946	0	0	0
ENSPNYG00000013947	1	4	4
ENSPNYG00000013948	6	2	2
ENSPNYG00000013949	0	0	0
ENSPNYG00000013950	285	175	292
ENSPNYG00000013951	0	0	1
ENSPNYG00000013952	3	5	3
ENSPNYG00000013953	0	0	1
ENSPNYG00000013954	7	2	6
ENSPNYG00000013955	2	1	5
ENSPNYG00000013956	42	59	53
ENSPNYG00000013957	1	0	1
ENSPNYG00000013958	4	1	3
ENSPNYG00000013959	81	52	105
ENSPNYG00000013960	3	0	1
ENSPNYG00000013961	1	0	1
ENSPNYG00000013962	0	0	0
ENSPNYG00000013963	0	0	0
ENSPNYG00000013964	0	0	1
ENSPNYG00000013965	0	0	0
ENSPNYG00000013966	71	26	47
ENSPNYG00000013967	102	135	193
ENSPNYG00000013968	0	2	7
ENSPNYG00000013969	6	0	2
ENSPNYG00000013970	22	5	5
ENSPNYG00000013971	3	1	2
ENSPNYG00000013972	8724	4276	4321
ENSPNYG00000013973	0	0	0
ENSPNYG00000013974	7	6	4
ENSPNYG00000013975	0	0	0
ENSPNYG00000013976	0	1	1
ENSPNYG00000013977	0	0	0
ENSPNYG00000013978	1	2	2
ENSPNYG00000013979	1	0	0
ENSPNYG00000013980	69	31	3
ENSPNYG00000013981	1	0	0
ENSPNYG00000013982	0	0	1
ENSPNYG00000013983	0	0	0
ENSPNYG00000013984	0	3	3
ENSPNYG00000013985	241	180	304
ENSPNYG00000013986	2	2	3
ENSPNYG00000013987	66	29	35
ENSPNYG00000013988	7	4	10
ENSPNYG00000013989	2	0	0
ENSPNYG00000013990	0	0	0
ENSPNYG00000013991	0	2	0
ENSPNYG00000013992	0	1	0
ENSPNYG00000013993	0	0	3
ENSPNYG00000013994	425	29	23
ENSPNYG00000013995	0	0	0
ENSPNYG00000013996	0	0	0
ENSPNYG00000013997	2	0	1
ENSPNYG00000013998	0	0	2
ENSPNYG00000013999	2	0	0
ENSPNYG00000014000	0	0	0
ENSPNYG00000014001	1	1	0
ENSPNYG00000014002	7	6	10
ENSPNYG00000014003	0	2	4
ENSPNYG00000014004	0	2	1
ENSPNYG00000014005	51	50	38
ENSPNYG00000014006	1	0	4
ENSPNYG00000014007	3	0	1
ENSPNYG00000014008	2	1	0
ENSPNYG00000014009	0	0	0
ENSPNYG00000014010	75	88	87
ENSPNYG00000014011	100	74	55
ENSPNYG00000014012	1	1	1
ENSPNYG00000014013	0	1	3
ENSPNYG00000014014	7	6	4
ENSPNYG00000014015	18	10	21
ENSPNYG00000014016	0	0	0
ENSPNYG00000014017	4	9	8
ENSPNYG00000014018	3	85	187
ENSPNYG00000014019	4	1	2
ENSPNYG00000014020	173	87	105
ENSPNYG00000014021	0	0	0
ENSPNYG00000014022	0	0	0
ENSPNYG00000014023	0	0	0
ENSPNYG00000014024	0	0	0
ENSPNYG00000014025	0	0	0
ENSPNYG00000014026	3	5	9
ENSPNYG00000014027	2	1	0
ENSPNYG00000014028	0	1	0
ENSPNYG00000014029	0	0	0
ENSPNYG00000014030	8	11	6
ENSPNYG00000014031	0	0	0
ENSPNYG00000014032	0	0	0
ENSPNYG00000014033	0	1	0
ENSPNYG00000014034	0	0	0
ENSPNYG00000014035	0	0	0
ENSPNYG00000014036	0	0	0
ENSPNYG00000014037	11	12	7
ENSPNYG00000014038	531	644	639
ENSPNYG00000014039	0	0	0
ENSPNYG00000014040	8	7	12
ENSPNYG00000014041	0	0	0
ENSPNYG00000014042	0	0	0
ENSPNYG00000014043	0	0	0
ENSPNYG00000014044	1	1	1
ENSPNYG00000014045	0	0	0
ENSPNYG00000014046	0	0	0
ENSPNYG00000014047	1	12	2
ENSPNYG00000014048	0	0	0
ENSPNYG00000014049	1	1	0
ENSPNYG00000014050	0	0	0
ENSPNYG00000014051	0	0	0
ENSPNYG00000014052	18	0	20
ENSPNYG00000014053	0	2	0
ENSPNYG00000014054	2	1	1
ENSPNYG00000014055	0	0	0
ENSPNYG00000014056	10	18	30
ENSPNYG00000014057	0	0	2
ENSPNYG00000014058	0	0	0
ENSPNYG00000014059	0	0	0
ENSPNYG00000014060	8	9	9
ENSPNYG00000014061	8	3	6
ENSPNYG00000014062	0	1	0
ENSPNYG00000014063	0	0	0
ENSPNYG00000014064	4	0	0
ENSPNYG00000014065	1	0	0
ENSPNYG00000014066	83	13	10
ENSPNYG00000014067	0	0	0
ENSPNYG00000014068	0	0	0
ENSPNYG00000014069	0	0	1
ENSPNYG00000014070	0	0	0
ENSPNYG00000014071	0	1	6
ENSPNYG00000014072	0	0	1
ENSPNYG00000014073	0	0	0
ENSPNYG00000014074	0	1	0
ENSPNYG00000014075	191	126	121
ENSPNYG00000014076	15	4	18
ENSPNYG00000014077	1	2	1
ENSPNYG00000014078	4	4	3
ENSPNYG00000014079	0	0	0
ENSPNYG00000014080	0	0	0
ENSPNYG00000014081	0	0	0
ENSPNYG00000014082	131	116	116
ENSPNYG00000014083	3	1	1
ENSPNYG00000014084	0	0	0
ENSPNYG00000014085	0	0	0
ENSPNYG00000014086	0	0	1
ENSPNYG00000014087	8	7	10
ENSPNYG00000014088	2	1	0
ENSPNYG00000014089	48	25	11
ENSPNYG00000014090	447	433	504
ENSPNYG00000014091	0	1	0
ENSPNYG00000014092	0	2	12
ENSPNYG00000014093	8	3	8
ENSPNYG00000014094	3	5	7
ENSPNYG00000014095	5	3	2
ENSPNYG00000014096	26	7	9
ENSPNYG00000014097	5	0	0
ENSPNYG00000014098	0	0	0
ENSPNYG00000014099	3	3	0
ENSPNYG00000014100	0	1	1
ENSPNYG00000014101	0	0	0
ENSPNYG00000014102	0	0	0
ENSPNYG00000014103	0	2	1
ENSPNYG00000014104	0	0	0
ENSPNYG00000014105	0	0	0
ENSPNYG00000014106	3	2	2
ENSPNYG00000014107	0	0	0
ENSPNYG00000014108	0	0	0
ENSPNYG00000014109	1	0	0
ENSPNYG00000014110	0	1	4
ENSPNYG00000014111	0	1	7
ENSPNYG00000014112	15	12	19
ENSPNYG00000014113	1	2	10
ENSPNYG00000014114	0	0	0
ENSPNYG00000014115	0	0	0
ENSPNYG00000014116	1	1	1
ENSPNYG00000014117	2	6	2
ENSPNYG00000014118	3	2	3
ENSPNYG00000014119	7	4	3
ENSPNYG00000014120	2	0	1
ENSPNYG00000014121	0	0	0
ENSPNYG00000014122	3	11	8
ENSPNYG00000014123	1	1	1
ENSPNYG00000014124	1	1	2
ENSPNYG00000014125	21	20	67
ENSPNYG00000014126	1	3	2
ENSPNYG00000014127	3	0	0
ENSPNYG00000014128	1	0	6
ENSPNYG00000014129	1	0	0
ENSPNYG00000014130	0	0	2
ENSPNYG00000014131	0	3	0
ENSPNYG00000014132	0	0	0
ENSPNYG00000014133	5	0	4
ENSPNYG00000014134	33	39	36
ENSPNYG00000014135	2	2	4
ENSPNYG00000014136	1199	1528	1261
ENSPNYG00000014137	0	0	0
ENSPNYG00000014138	4	0	6
ENSPNYG00000014139	5	4	0
ENSPNYG00000014140	11	0	12
ENSPNYG00000014141	1	0	0
ENSPNYG00000014142	0	0	0
ENSPNYG00000014143	0	1	0
ENSPNYG00000014144	5	1	2
ENSPNYG00000014145	31	5	20
ENSPNYG00000014146	0	0	0
ENSPNYG00000014147	1	0	0
ENSPNYG00000014148	28	42	37
ENSPNYG00000014149	2	2	7
ENSPNYG00000014150	1	0	0
ENSPNYG00000014151	140	82	83
ENSPNYG00000014152	10	8	10
ENSPNYG00000014153	0	1	0
ENSPNYG00000014154	0	1	1
ENSPNYG00000014155	6	0	0
ENSPNYG00000014156	0	0	0
ENSPNYG00000014157	2	4	7
ENSPNYG00000014158	0	0	0
ENSPNYG00000014159	35	21	27
ENSPNYG00000014160	16	13	19
ENSPNYG00000014161	0	1	0
ENSPNYG00000014162	0	0	0
ENSPNYG00000014163	0	0	0
ENSPNYG00000014164	3	3	2
ENSPNYG00000014165	1	0	2
ENSPNYG00000014166	0	0	0
ENSPNYG00000014167	0	0	0
ENSPNYG00000014168	0	0	0
ENSPNYG00000014169	3	2	1
ENSPNYG00000014170	25	14	13
ENSPNYG00000014171	0	0	0
ENSPNYG00000014172	19	4	10
ENSPNYG00000014173	0	0	0
ENSPNYG00000014174	0	0	0
ENSPNYG00000014175	0	0	2
ENSPNYG00000014176	3361	3501	5164
ENSPNYG00000014177	0	0	0
ENSPNYG00000014178	104	72	119
ENSPNYG00000014179	1	2	9
ENSPNYG00000014180	3	0	0
ENSPNYG00000014181	0	0	0
ENSPNYG00000014182	2	0	0
ENSPNYG00000014183	0	0	0
ENSPNYG00000014184	0	1	0
ENSPNYG00000014185	0	0	1
ENSPNYG00000014186	4	10	9
ENSPNYG00000014187	5	2	3
ENSPNYG00000014188	0	1	0
ENSPNYG00000014189	0	0	0
ENSPNYG00000014190	12	5	9
ENSPNYG00000014191	71	4	19
ENSPNYG00000014192	6	1	0
ENSPNYG00000014193	0	0	0
ENSPNYG00000014194	0	0	0
ENSPNYG00000014195	0	1	2
ENSPNYG00000014196	3	0	0
ENSPNYG00000014197	0	0	0
ENSPNYG00000014198	0	0	0
ENSPNYG00000014199	0	0	0
ENSPNYG00000014200	0	0	0
ENSPNYG00000014201	0	0	0
ENSPNYG00000014202	24	0	1
ENSPNYG00000014203	0	0	0
ENSPNYG00000014204	0	3	2
ENSPNYG00000014205	1	0	0
ENSPNYG00000014206	368	142	287
ENSPNYG00000014207	0	0	0
ENSPNYG00000014208	0	0	0
ENSPNYG00000014209	3	1	12
ENSPNYG00000014210	0	0	0
ENSPNYG00000014211	1	9	7
ENSPNYG00000014212	0	0	0
ENSPNYG00000014213	0	1	0
ENSPNYG00000014214	2	1	2
ENSPNYG00000014215	0	0	0
ENSPNYG00000014216	2	2	2
ENSPNYG00000014217	2	3	3
ENSPNYG00000014218	0	0	0
ENSPNYG00000014219	2	0	3
ENSPNYG00000014220	1	0	0
ENSPNYG00000014221	0	0	0
ENSPNYG00000014222	1	0	3
ENSPNYG00000014223	11	2	3
ENSPNYG00000014224	7	2	1
ENSPNYG00000014225	5	4	1
ENSPNYG00000014226	12	3	6
ENSPNYG00000014227	1	12	3
ENSPNYG00000014228	2	1	2
ENSPNYG00000014229	0	1	0
ENSPNYG00000014230	0	0	0
ENSPNYG00000014231	0	0	0
ENSPNYG00000014232	6	1	10
ENSPNYG00000014233	2	3	1
ENSPNYG00000014234	2	0	0
ENSPNYG00000014235	0	1	2
ENSPNYG00000014236	0	0	3
ENSPNYG00000014237	0	0	0
ENSPNYG00000014238	3	1	0
ENSPNYG00000014239	2	5	0
ENSPNYG00000014240	0	0	0
ENSPNYG00000014241	0	0	0
ENSPNYG00000014242	0	0	0
ENSPNYG00000014243	0	0	0
ENSPNYG00000014244	2	3	1
ENSPNYG00000014245	0	3	3
ENSPNYG00000014246	17	18	29
ENSPNYG00000014247	0	0	0
ENSPNYG00000014248	0	0	4
ENSPNYG00000014249	50	59	35
ENSPNYG00000014250	76	92	119
ENSPNYG00000014251	3	0	1
ENSPNYG00000014252	0	0	0
ENSPNYG00000014253	3	3	2
ENSPNYG00000014254	1	0	3
ENSPNYG00000014255	0	0	0
ENSPNYG00000014256	5	0	2
ENSPNYG00000014257	4	1	0
ENSPNYG00000014258	0	1	0
ENSPNYG00000014259	6	19	37
ENSPNYG00000014260	2	5	3
ENSPNYG00000014261	0	0	0
ENSPNYG00000014262	0	3	1
ENSPNYG00000014263	0	0	0
ENSPNYG00000014264	0	0	0
ENSPNYG00000014265	0	0	2
ENSPNYG00000014266	10	7	11
ENSPNYG00000014267	1	0	0
ENSPNYG00000014268	1	1	0
ENSPNYG00000014269	0	0	0
ENSPNYG00000014270	1	0	0
ENSPNYG00000014271	0	0	0
ENSPNYG00000014272	0	1	0
ENSPNYG00000014273	0	0	0
ENSPNYG00000014274	16	11	17
ENSPNYG00000014275	2	0	5
ENSPNYG00000014276	19114	9850	7572
ENSPNYG00000014277	0	0	0
ENSPNYG00000014278	4	0	7
ENSPNYG00000014279	5	3	14
ENSPNYG00000014280	1	0	1
ENSPNYG00000014281	9	3	3
ENSPNYG00000014282	0	0	0
ENSPNYG00000014283	3	0	0
ENSPNYG00000014284	0	0	0
ENSPNYG00000014285	0	0	0
ENSPNYG00000014286	0	0	0
ENSPNYG00000014287	3	2	1
ENSPNYG00000014288	2	3	2
ENSPNYG00000014289	1	0	0
ENSPNYG00000014290	2	0	0
ENSPNYG00000014291	0	0	0
ENSPNYG00000014292	4	8	20
ENSPNYG00000014293	0	0	0
ENSPNYG00000014294	0	0	0
ENSPNYG00000014295	0	0	2
ENSPNYG00000014296	3	0	1
ENSPNYG00000014297	0	0	0
ENSPNYG00000014298	3	2	3
ENSPNYG00000014299	8	3	2
ENSPNYG00000014300	2	2	6
ENSPNYG00000014301	0	0	1
ENSPNYG00000014302	0	0	0
ENSPNYG00000014303	7	37	63
ENSPNYG00000014304	1	1	2
ENSPNYG00000014305	3	1	0
ENSPNYG00000014306	0	0	0
ENSPNYG00000014307	0	0	0
ENSPNYG00000014308	6	2	11
ENSPNYG00000014309	0	0	1
ENSPNYG00000014310	31	8	9
ENSPNYG00000014311	0	0	1
ENSPNYG00000014312	5	7	5
ENSPNYG00000014313	0	0	0
ENSPNYG00000014314	1	0	0
ENSPNYG00000014315	0	0	2
ENSPNYG00000014316	0	0	0
ENSPNYG00000014317	23	6	5
ENSPNYG00000014318	6	7	14
ENSPNYG00000014319	2	1	2
ENSPNYG00000014320	25	28	31
ENSPNYG00000014321	0	0	0
ENSPNYG00000014322	0	0	0
ENSPNYG00000014323	33	18	20
ENSPNYG00000014324	2	3	0
ENSPNYG00000014325	1	1	7
ENSPNYG00000014326	8	1	3
ENSPNYG00000014327	3	3	6
ENSPNYG00000014328	0	0	0
ENSPNYG00000014329	111	76	73
ENSPNYG00000014330	0	0	0
ENSPNYG00000014331	0	0	0
ENSPNYG00000014332	29	26	24
ENSPNYG00000014333	3	1	0
ENSPNYG00000014334	0	0	0
ENSPNYG00000014335	3	0	0
ENSPNYG00000014336	39	36	18
ENSPNYG00000014337	712	483	498
ENSPNYG00000014338	0	0	0
ENSPNYG00000014339	0	0	0
ENSPNYG00000014340	0	0	2
ENSPNYG00000014341	7	6	2
ENSPNYG00000014342	18	6	8
ENSPNYG00000014343	1	0	0
ENSPNYG00000014344	0	0	0
ENSPNYG00000014345	5	2	0
ENSPNYG00000014346	2	14	7
ENSPNYG00000014347	2134	602	376
ENSPNYG00000014348	0	0	0
ENSPNYG00000014349	50	38	37
ENSPNYG00000014350	2	0	0
ENSPNYG00000014351	1543	699	1188
ENSPNYG00000014352	1	0	4
ENSPNYG00000014353	0	0	0
ENSPNYG00000014354	0	0	0
ENSPNYG00000014355	2	1	0
ENSPNYG00000014356	1	0	1
ENSPNYG00000014357	0	0	0
ENSPNYG00000014358	0	1	2
ENSPNYG00000014359	0	0	0
ENSPNYG00000014360	5176	2817	3884
ENSPNYG00000014361	2	1	5
ENSPNYG00000014362	0	0	0
ENSPNYG00000014363	0	0	0
ENSPNYG00000014364	4	5	3
ENSPNYG00000014365	0	0	0
ENSPNYG00000014366	16	5	14
ENSPNYG00000014367	0	0	0
ENSPNYG00000014368	0	0	0
ENSPNYG00000014369	0	0	1
ENSPNYG00000014370	1	0	1
ENSPNYG00000014371	2	4	9
ENSPNYG00000014372	42	61	29
ENSPNYG00000014373	0	0	0
ENSPNYG00000014374	0	0	0
ENSPNYG00000014375	1	0	2
ENSPNYG00000014376	4	2	7
ENSPNYG00000014377	68	45	57
ENSPNYG00000014378	356	230	309
ENSPNYG00000014379	151	74	119
ENSPNYG00000014380	20	32	66
ENSPNYG00000014381	9	11	1
ENSPNYG00000014382	3	9	5
ENSPNYG00000014383	7	3	5
ENSPNYG00000014384	0	0	0
ENSPNYG00000014385	0	0	0
ENSPNYG00000014386	10	16	6
ENSPNYG00000014387	0	0	3
ENSPNYG00000014388	25	9	2
ENSPNYG00000014389	0	0	0
ENSPNYG00000014390	0	0	0
ENSPNYG00000014391	2	2	5
ENSPNYG00000014392	0	0	0
ENSPNYG00000014393	0	0	0
ENSPNYG00000014394	33	6	9
ENSPNYG00000014395	48	54	45
ENSPNYG00000014396	0	0	0
ENSPNYG00000014397	11	4	7
ENSPNYG00000014398	0	0	0
ENSPNYG00000014399	0	1	1
ENSPNYG00000014400	0	1	2
ENSPNYG00000014401	0	0	0
ENSPNYG00000014402	1	0	0
ENSPNYG00000014403	0	0	0
ENSPNYG00000014404	37	19	26
ENSPNYG00000014405	3	0	0
ENSPNYG00000014406	1	2	1
ENSPNYG00000014407	0	0	0
ENSPNYG00000014408	2	2	14
ENSPNYG00000014409	0	2	2
ENSPNYG00000014410	3	5	1
ENSPNYG00000014411	0	0	0
ENSPNYG00000014412	0	2	1
ENSPNYG00000014413	0	0	0
ENSPNYG00000014414	0	2	0
ENSPNYG00000014415	2	3	0
ENSPNYG00000014416	0	0	0
ENSPNYG00000014417	17	12	10
ENSPNYG00000014418	260	263	300
ENSPNYG00000014419	5	7	5
ENSPNYG00000014420	0	0	1
ENSPNYG00000014421	0	0	0
ENSPNYG00000014422	4	3	2
ENSPNYG00000014423	0	0	2
ENSPNYG00000014424	3	3	1
ENSPNYG00000014425	0	0	0
ENSPNYG00000014426	4	29	76
ENSPNYG00000014427	0	0	0
ENSPNYG00000014428	2	31	29
ENSPNYG00000014429	0	0	0
ENSPNYG00000014430	0	0	0
ENSPNYG00000014431	1	2	3
ENSPNYG00000014432	13	6	2
ENSPNYG00000014433	2	0	3
ENSPNYG00000014434	0	0	0
ENSPNYG00000014435	274	143	241
ENSPNYG00000014436	49	39	44
ENSPNYG00000014437	0	0	0
ENSPNYG00000014438	0	0	0
ENSPNYG00000014439	651	776	727
ENSPNYG00000014440	0	0	0
ENSPNYG00000014441	2	0	0
ENSPNYG00000014442	0	0	2
ENSPNYG00000014443	0	0	0
ENSPNYG00000014444	0	3	1
ENSPNYG00000014445	1	9	4
ENSPNYG00000014446	4	5	9
ENSPNYG00000014447	1	2	2
ENSPNYG00000014448	0	0	0
ENSPNYG00000014449	0	1	4
ENSPNYG00000014450	1	0	2
ENSPNYG00000014451	0	0	0
ENSPNYG00000014452	0	0	0
ENSPNYG00000014453	0	0	0
ENSPNYG00000014454	7	0	5
ENSPNYG00000014455	0	3	4
ENSPNYG00000014456	1	1	2
ENSPNYG00000014457	1	0	1
ENSPNYG00000014458	0	0	0
ENSPNYG00000014459	0	0	0
ENSPNYG00000014460	654	682	766
ENSPNYG00000014461	1	0	1
ENSPNYG00000014462	0	0	0
ENSPNYG00000014463	0	0	4
ENSPNYG00000014464	2	3	2
ENSPNYG00000014465	12	39	24
ENSPNYG00000014466	4	3	1
ENSPNYG00000014467	0	0	0
ENSPNYG00000014468	0	0	0
ENSPNYG00000014469	4	6	9
ENSPNYG00000014470	1	1	0
ENSPNYG00000014471	254	187	177
ENSPNYG00000014472	0	0	1
ENSPNYG00000014473	11	20	25
ENSPNYG00000014474	1	2	0
ENSPNYG00000014475	0	0	0
ENSPNYG00000014476	0	0	0
ENSPNYG00000014477	3	1	1
ENSPNYG00000014478	1	3	1
ENSPNYG00000014479	9	8	11
ENSPNYG00000014480	1	1	0
ENSPNYG00000014481	16	17	5
ENSPNYG00000014482	0	2	3
ENSPNYG00000014483	25	31	23
ENSPNYG00000014484	2	1	1
ENSPNYG00000014485	392	139	286
ENSPNYG00000014486	0	1	3
ENSPNYG00000014487	0	0	0
ENSPNYG00000014488	0	0	0
ENSPNYG00000014489	61	48	37
ENSPNYG00000014490	0	0	0
ENSPNYG00000014491	0	0	0
ENSPNYG00000014492	0	0	0
ENSPNYG00000014493	2	0	2
ENSPNYG00000014494	0	0	0
ENSPNYG00000014495	0	0	0
ENSPNYG00000014496	703	470	621
ENSPNYG00000014497	9	2	3
ENSPNYG00000014498	1	0	2
ENSPNYG00000014499	0	0	1
ENSPNYG00000014500	7	4	5
ENSPNYG00000014501	0	0	0
ENSPNYG00000014502	0	0	0
ENSPNYG00000014503	0	0	0
ENSPNYG00000014504	2	1	1
ENSPNYG00000014505	0	0	0
ENSPNYG00000014506	1	3	1
ENSPNYG00000014507	0	0	0
ENSPNYG00000014508	2	0	2
ENSPNYG00000014509	3	4	2
ENSPNYG00000014510	0	0	0
ENSPNYG00000014511	0	0	0
ENSPNYG00000014512	5	0	1
ENSPNYG00000014513	4	0	0
ENSPNYG00000014514	195	205	188
ENSPNYG00000014515	2	4	21
ENSPNYG00000014516	0	2	4
ENSPNYG00000014517	0	0	0
ENSPNYG00000014518	1	0	4
ENSPNYG00000014519	0	2	0
ENSPNYG00000014520	0	0	4
ENSPNYG00000014521	0	0	0
ENSPNYG00000014522	1	0	0
ENSPNYG00000014523	1352	1132	1394
ENSPNYG00000014524	2	0	2
ENSPNYG00000014525	0	3	2
ENSPNYG00000014526	1	0	0
ENSPNYG00000014527	8	9	8
ENSPNYG00000014528	49	26	51
ENSPNYG00000014529	3	1	2
ENSPNYG00000014530	4	3	2
ENSPNYG00000014531	5	2	7
ENSPNYG00000014532	56	32	20
ENSPNYG00000014533	0	0	3
ENSPNYG00000014534	0	0	0
ENSPNYG00000014535	0	0	0
ENSPNYG00000014536	11	9	14
ENSPNYG00000014537	0	6	1
ENSPNYG00000014538	0	0	0
ENSPNYG00000014539	2	7	0
ENSPNYG00000014540	0	0	1
ENSPNYG00000014541	0	0	0
ENSPNYG00000014542	1916	853	1387
ENSPNYG00000014543	17	5	5
ENSPNYG00000014544	0	0	0
ENSPNYG00000014545	7	4	4
ENSPNYG00000014546	23	8	23
ENSPNYG00000014547	0	0	1
ENSPNYG00000014548	0	0	0
ENSPNYG00000014549	0	0	0
ENSPNYG00000014550	2	2	2
ENSPNYG00000014551	0	0	0
ENSPNYG00000014552	6	5	4
ENSPNYG00000014553	9	5	13
ENSPNYG00000014554	2	2	1
ENSPNYG00000014555	3	1	2
ENSPNYG00000014556	8	4	2
ENSPNYG00000014557	4	3	2
ENSPNYG00000014558	1	3	6
ENSPNYG00000014559	6	0	0
ENSPNYG00000014560	643	593	602
ENSPNYG00000014561	0	28	0
ENSPNYG00000014562	5	0	2
ENSPNYG00000014563	0	0	0
ENSPNYG00000014564	0	0	0
ENSPNYG00000014565	0	0	0
ENSPNYG00000014566	2	0	0
ENSPNYG00000014567	127	108	93
ENSPNYG00000014568	11	6	2
ENSPNYG00000014569	14	3	9
ENSPNYG00000014570	4	2	0
ENSPNYG00000014571	26	4	20
ENSPNYG00000014572	4	2	1
ENSPNYG00000014573	3	1	3
ENSPNYG00000014574	0	0	1
ENSPNYG00000014575	3	3	3
ENSPNYG00000014576	4	1	1
ENSPNYG00000014577	0	0	0
ENSPNYG00000014578	0	0	0
ENSPNYG00000014579	2	10	14
ENSPNYG00000014580	0	0	0
ENSPNYG00000014581	3	0	3
ENSPNYG00000014582	1	3	4
ENSPNYG00000014583	1	4	2
ENSPNYG00000014584	0	0	0
ENSPNYG00000014585	0	0	0
ENSPNYG00000014586	0	0	0
ENSPNYG00000014587	3	0	0
ENSPNYG00000014588	2	1	4
ENSPNYG00000014589	8	4	6
ENSPNYG00000014590	3	0	0
ENSPNYG00000014591	243	364	377
ENSPNYG00000014592	34	51	75
ENSPNYG00000014593	186	127	142
ENSPNYG00000014594	0	0	0
ENSPNYG00000014595	0	0	0
ENSPNYG00000014596	3	4	2
ENSPNYG00000014597	0	2	4
ENSPNYG00000014598	0	0	0
ENSPNYG00000014599	0	0	0
ENSPNYG00000014600	1523	1091	1408
ENSPNYG00000014601	82	54	130
ENSPNYG00000014602	0	0	0
ENSPNYG00000014603	5	7	2
ENSPNYG00000014604	0	0	0
ENSPNYG00000014605	1	6	2
ENSPNYG00000014606	0	0	0
ENSPNYG00000014607	40	44	37
ENSPNYG00000014608	0	0	0
ENSPNYG00000014609	0	0	0
ENSPNYG00000014610	3	8	4
ENSPNYG00000014611	6	0	0
ENSPNYG00000014612	4	2	3
ENSPNYG00000014613	43	22	29
ENSPNYG00000014614	5	0	0
ENSPNYG00000014615	1	1	2
ENSPNYG00000014616	3	1	3
ENSPNYG00000014617	2	0	2
ENSPNYG00000014618	9	8	28
ENSPNYG00000014619	0	0	0
ENSPNYG00000014620	35	56	74
ENSPNYG00000014621	1	0	1
ENSPNYG00000014622	2	8	4
ENSPNYG00000014623	0	0	0
ENSPNYG00000014624	0	0	2
ENSPNYG00000014625	28723	23507	22011
ENSPNYG00000014626	8	3	3
ENSPNYG00000014627	362	249	200
ENSPNYG00000014628	9	6	3
ENSPNYG00000014629	0	3	1
ENSPNYG00000014630	0	0	0
ENSPNYG00000014631	14	5	11
ENSPNYG00000014632	0	0	2
ENSPNYG00000014633	1	2	2
ENSPNYG00000014634	659	507	461
ENSPNYG00000014635	17	16	23
ENSPNYG00000014636	1	0	1
ENSPNYG00000014637	1	0	1
ENSPNYG00000014638	0	0	0
ENSPNYG00000014639	0	0	0
ENSPNYG00000014640	0	0	2
ENSPNYG00000014641	71	85	92
ENSPNYG00000014642	0	0	0
ENSPNYG00000014643	8	5	3
ENSPNYG00000014644	0	1	0
ENSPNYG00000014645	0	3	4
ENSPNYG00000014646	19	13	10
ENSPNYG00000014647	6	2	5
ENSPNYG00000014648	6	3	4
ENSPNYG00000014649	2	8	7
ENSPNYG00000014650	1	0	0
ENSPNYG00000014651	0	0	0
ENSPNYG00000014652	0	0	1
ENSPNYG00000014653	0	0	0
ENSPNYG00000014654	0	0	0
ENSPNYG00000014655	3	0	0
ENSPNYG00000014656	3	10	3
ENSPNYG00000014657	0	0	4
ENSPNYG00000014658	10	11	16
ENSPNYG00000014659	0	0	0
ENSPNYG00000014660	1	2	2
ENSPNYG00000014661	5	0	2
ENSPNYG00000014662	0	0	0
ENSPNYG00000014663	0	0	0
ENSPNYG00000014664	17	18	8
ENSPNYG00000014665	0	0	0
ENSPNYG00000014666	0	5	2
ENSPNYG00000014667	8	9	12
ENSPNYG00000014668	1	0	0
ENSPNYG00000014669	4	1	3
ENSPNYG00000014670	1	1	0
ENSPNYG00000014671	3	2	2
ENSPNYG00000014672	0	0	1
ENSPNYG00000014673	2	0	0
ENSPNYG00000014674	0	0	0
ENSPNYG00000014675	4	1	2
ENSPNYG00000014676	4	1	1
ENSPNYG00000014677	0	5	10
ENSPNYG00000014678	0	2	1
ENSPNYG00000014679	0	0	0
ENSPNYG00000014680	0	0	0
ENSPNYG00000014681	0	4	0
ENSPNYG00000014682	0	0	0
ENSPNYG00000014683	0	0	2
ENSPNYG00000014684	1	0	3
ENSPNYG00000014685	12	12	15
ENSPNYG00000014686	0	0	1
ENSPNYG00000014687	0	0	1
ENSPNYG00000014688	0	1	0
ENSPNYG00000014689	1	3	0
ENSPNYG00000014690	0	0	0
ENSPNYG00000014691	1	3	0
ENSPNYG00000014692	4	3	0
ENSPNYG00000014693	313	170	208
ENSPNYG00000014694	1183	64	65
ENSPNYG00000014695	155	114	103
ENSPNYG00000014696	0	0	0
ENSPNYG00000014697	13	19	20
ENSPNYG00000014698	1	5	2
ENSPNYG00000014699	1	5	1
ENSPNYG00000014700	16	18	12
ENSPNYG00000014701	1	6	2
ENSPNYG00000014702	3	7	7
ENSPNYG00000014703	91	46	72
ENSPNYG00000014704	0	0	0
ENSPNYG00000014705	1	0	4
ENSPNYG00000014706	1	3	1
ENSPNYG00000014707	0	0	0
ENSPNYG00000014708	0	0	0
ENSPNYG00000014709	1	1	1
ENSPNYG00000014710	0	0	0
ENSPNYG00000014711	1	0	0
ENSPNYG00000014712	0	0	0
ENSPNYG00000014713	1	1	0
ENSPNYG00000014714	0	0	0
ENSPNYG00000014715	6	5	5
ENSPNYG00000014716	5	13	10
ENSPNYG00000014717	2	0	0
ENSPNYG00000014718	461	537	588
ENSPNYG00000014719	0	0	0
ENSPNYG00000014720	7	7	1
ENSPNYG00000014721	7	3	13
ENSPNYG00000014722	2	0	0
ENSPNYG00000014723	2	2	1
ENSPNYG00000014724	0	0	0
ENSPNYG00000014725	1	1	1
ENSPNYG00000014726	0	0	0
ENSPNYG00000014727	0	3	2
ENSPNYG00000014728	0	2	2
ENSPNYG00000014729	0	0	0
ENSPNYG00000014730	0	0	0
ENSPNYG00000014731	4	2	4
ENSPNYG00000014732	2	3	3
ENSPNYG00000014733	0	0	1
ENSPNYG00000014734	31	27	17
ENSPNYG00000014735	3	7	0
ENSPNYG00000014736	1	0	0
ENSPNYG00000014737	0	0	0
ENSPNYG00000014738	12	6	2
ENSPNYG00000014739	0	0	0
ENSPNYG00000014740	0	0	1
ENSPNYG00000014741	0	1	0
ENSPNYG00000014742	2	0	0
ENSPNYG00000014743	4	0	3
ENSPNYG00000014744	5	2	6
ENSPNYG00000014745	0	1	0
ENSPNYG00000014746	0	0	0
ENSPNYG00000014747	1	31	1
ENSPNYG00000014748	0	2	1
ENSPNYG00000014749	0	0	0
ENSPNYG00000014750	5	1	2
ENSPNYG00000014751	0	0	0
ENSPNYG00000014752	3	3	1
ENSPNYG00000014753	15	16	18
ENSPNYG00000014754	0	0	0
ENSPNYG00000014755	0	0	1
ENSPNYG00000014756	3	15	29
ENSPNYG00000014757	6	1	14
ENSPNYG00000014758	1	3	0
ENSPNYG00000014759	0	0	0
ENSPNYG00000014760	1	1	0
ENSPNYG00000014761	0	0	0
ENSPNYG00000014762	12	6	9
ENSPNYG00000014763	3	0	0
ENSPNYG00000014764	2	1	3
ENSPNYG00000014765	17	15	18
ENSPNYG00000014766	721	415	479
ENSPNYG00000014767	0	0	0
ENSPNYG00000014768	7	3	3
ENSPNYG00000014769	7	8	9
ENSPNYG00000014770	0	1	0
ENSPNYG00000014771	4404	4804	5632
ENSPNYG00000014772	1	1	0
ENSPNYG00000014773	0	2	2
ENSPNYG00000014774	0	0	0
ENSPNYG00000014775	1	4	2
ENSPNYG00000014776	0	0	0
ENSPNYG00000014777	2	0	0
ENSPNYG00000014778	1	2	0
ENSPNYG00000014779	0	0	0
ENSPNYG00000014780	0	0	0
ENSPNYG00000014781	0	1	0
ENSPNYG00000014782	6	1	5
ENSPNYG00000014783	0	0	1
ENSPNYG00000014784	0	0	0
ENSPNYG00000014785	0	1	2
ENSPNYG00000014786	612	492	575
ENSPNYG00000014787	9	1	7
ENSPNYG00000014788	13	13	28
ENSPNYG00000014789	2	0	1
ENSPNYG00000014790	120	155	155
ENSPNYG00000014791	2	0	0
ENSPNYG00000014792	21	58	17
ENSPNYG00000014793	0	0	0
ENSPNYG00000014794	0	0	0
ENSPNYG00000014795	969	18	23
ENSPNYG00000014796	232	226	312
ENSPNYG00000014797	0	0	0
ENSPNYG00000014798	21	352	317
ENSPNYG00000014799	1	1	3
ENSPNYG00000014800	57	81	62
ENSPNYG00000014801	0	0	0
ENSPNYG00000014802	1	4	5
ENSPNYG00000014803	4810	5797	7063
ENSPNYG00000014804	8	2	2
ENSPNYG00000014805	2	0	3
ENSPNYG00000014806	5	2	3
ENSPNYG00000014807	17	4	8
ENSPNYG00000014808	1	0	1
ENSPNYG00000014809	0	0	0
ENSPNYG00000014810	0	0	0
ENSPNYG00000014811	0	0	0
ENSPNYG00000014812	1	0	0
ENSPNYG00000014813	0	0	0
ENSPNYG00000014814	2	0	0
ENSPNYG00000014815	0	0	0
ENSPNYG00000014816	0	0	0
ENSPNYG00000014817	7	6	6
ENSPNYG00000014818	0	0	1
ENSPNYG00000014819	5	1	0
ENSPNYG00000014820	0	1	0
ENSPNYG00000014821	0	2	1
ENSPNYG00000014822	8	0	0
ENSPNYG00000014823	0	0	0
ENSPNYG00000014824	2	1	0
ENSPNYG00000014825	0	0	0
ENSPNYG00000014826	1	0	9
ENSPNYG00000014827	0	0	0
ENSPNYG00000014828	0	0	0
ENSPNYG00000014829	3	5	5
ENSPNYG00000014830	1	0	0
ENSPNYG00000014831	0	0	0
ENSPNYG00000014832	0	1	1
ENSPNYG00000014833	0	0	0
ENSPNYG00000014834	5	6	8
ENSPNYG00000014835	4	6	8
ENSPNYG00000014836	13	9	5
ENSPNYG00000014837	1	7	2
ENSPNYG00000014838	4	3	1
ENSPNYG00000014839	0	0	0
ENSPNYG00000014840	8	6	2
ENSPNYG00000014841	2	0	2
ENSPNYG00000014842	0	0	0
ENSPNYG00000014843	1	6	5
ENSPNYG00000014844	0	3	1
ENSPNYG00000014845	3	5	25
ENSPNYG00000014846	0	0	0
ENSPNYG00000014847	0	0	0
ENSPNYG00000014848	1	1	2
ENSPNYG00000014849	1528	1180	977
ENSPNYG00000014850	0	0	0
ENSPNYG00000014851	0	0	0
ENSPNYG00000014852	2	0	2
ENSPNYG00000014853	0	0	0
ENSPNYG00000014854	24	18	10
ENSPNYG00000014855	0	0	0
ENSPNYG00000014856	0	0	0
ENSPNYG00000014857	0	0	0
ENSPNYG00000014858	0	0	1
ENSPNYG00000014859	12	6	10
ENSPNYG00000014860	3	17	5
ENSPNYG00000014861	0	0	0
ENSPNYG00000014862	0	1	0
ENSPNYG00000014863	0	0	0
ENSPNYG00000014864	7	6	4
ENSPNYG00000014865	1	0	0
ENSPNYG00000014866	0	0	0
ENSPNYG00000014867	0	0	0
ENSPNYG00000014868	2	1	0
ENSPNYG00000014869	0	0	0
ENSPNYG00000014870	0	0	0
ENSPNYG00000014871	0	0	0
ENSPNYG00000014872	0	0	0
ENSPNYG00000014873	0	0	0
ENSPNYG00000014874	0	0	0
ENSPNYG00000014875	1	1	4
ENSPNYG00000014876	5	1	8
ENSPNYG00000014877	8	3	3
ENSPNYG00000014878	0	0	0
ENSPNYG00000014879	6	3	2
ENSPNYG00000014880	7	9	7
ENSPNYG00000014881	6177	3750	3902
ENSPNYG00000014882	1	1	1
ENSPNYG00000014883	0	0	0
ENSPNYG00000014884	0	0	0
ENSPNYG00000014885	0	0	0
ENSPNYG00000014886	5	12	13
ENSPNYG00000014887	6	6	2
ENSPNYG00000014888	1	1	4
ENSPNYG00000014889	0	3	2
ENSPNYG00000014890	6	9	13
ENSPNYG00000014891	0	0	0
ENSPNYG00000014892	6	0	2
ENSPNYG00000014893	0	0	0
ENSPNYG00000014894	0	0	0
ENSPNYG00000014895	11	6	6
ENSPNYG00000014896	0	0	0
ENSPNYG00000014897	2	0	3
ENSPNYG00000014898	0	0	0
ENSPNYG00000014899	0	0	0
ENSPNYG00000014900	7	1	6
ENSPNYG00000014901	0	0	0
ENSPNYG00000014902	73	64	207
ENSPNYG00000014903	0	0	0
ENSPNYG00000014904	7	7	13
ENSPNYG00000014905	202	209	168
ENSPNYG00000014906	0	0	0
ENSPNYG00000014907	0	0	0
ENSPNYG00000014908	1	0	0
ENSPNYG00000014909	0	0	0
ENSPNYG00000014910	0	0	3
ENSPNYG00000014911	0	0	0
ENSPNYG00000014912	0	0	0
ENSPNYG00000014913	0	0	0
ENSPNYG00000014914	0	0	0
ENSPNYG00000014915	0	0	0
ENSPNYG00000014916	0	0	0
ENSPNYG00000014917	1	0	4
ENSPNYG00000014918	3	5	4
ENSPNYG00000014919	2	0	2
ENSPNYG00000014920	1	2	1
ENSPNYG00000014921	8	2	11
ENSPNYG00000014922	1	1	1
ENSPNYG00000014923	3	0	2
ENSPNYG00000014924	0	3	2
ENSPNYG00000014925	0	0	0
ENSPNYG00000014926	0	0	0
ENSPNYG00000014927	0	0	1
ENSPNYG00000014928	0	0	0
ENSPNYG00000014929	5	0	0
ENSPNYG00000014930	1	0	6
ENSPNYG00000014931	1	1	4
ENSPNYG00000014932	0	2	3
ENSPNYG00000014933	0	0	1
ENSPNYG00000014934	575	539	768
ENSPNYG00000014935	2	0	1
ENSPNYG00000014936	3	4	8
ENSPNYG00000014937	0	0	0
ENSPNYG00000014938	2	0	6
ENSPNYG00000014939	12	14	6
ENSPNYG00000014940	1	0	1
ENSPNYG00000014941	13	4	5
ENSPNYG00000014942	0	0	3
ENSPNYG00000014943	8	7	14
ENSPNYG00000014944	2	5	6
ENSPNYG00000014945	5	10	7
ENSPNYG00000014946	12	6	5
ENSPNYG00000014947	6	2	1
ENSPNYG00000014948	2	4	1
ENSPNYG00000014949	4	2	5
ENSPNYG00000014950	0	0	2
ENSPNYG00000014951	0	0	0
ENSPNYG00000014952	0	0	0
ENSPNYG00000014953	0	1	1
ENSPNYG00000014954	0	0	1
ENSPNYG00000014955	0	4	1
ENSPNYG00000014956	0	0	1
ENSPNYG00000014957	0	1	0
ENSPNYG00000014958	0	1	0
ENSPNYG00000014959	14	11	22
ENSPNYG00000014960	0	0	0
ENSPNYG00000014961	2	0	3
ENSPNYG00000014962	0	2	2
ENSPNYG00000014963	135	121	118
ENSPNYG00000014964	0	0	0
ENSPNYG00000014965	1	0	0
ENSPNYG00000014966	0	0	1
ENSPNYG00000014967	2	0	1
ENSPNYG00000014968	0	0	0
ENSPNYG00000014969	0	0	0
ENSPNYG00000014970	0	0	1
ENSPNYG00000014971	2	5	4
ENSPNYG00000014972	14	28	31
ENSPNYG00000014973	1	0	1
ENSPNYG00000014974	0	0	0
ENSPNYG00000014975	1	0	0
ENSPNYG00000014976	0	2	3
ENSPNYG00000014977	0	0	0
ENSPNYG00000014978	18	5	9
ENSPNYG00000014979	0	0	4
ENSPNYG00000014980	1	1	1
ENSPNYG00000014981	0	0	0
ENSPNYG00000014982	50	19	30
ENSPNYG00000014983	0	1	3
ENSPNYG00000014984	0	0	0
ENSPNYG00000014985	4	1	0
ENSPNYG00000014986	5	8	6
ENSPNYG00000014987	0	0	0
ENSPNYG00000014988	0	0	1
ENSPNYG00000014989	0	1	0
ENSPNYG00000014990	0	1	1
ENSPNYG00000014991	4	0	2
ENSPNYG00000014992	0	0	0
ENSPNYG00000014993	1	0	1
ENSPNYG00000014994	153	1292	1587
ENSPNYG00000014995	15	9	10
ENSPNYG00000014996	0	0	1
ENSPNYG00000014997	1	0	0
ENSPNYG00000014998	5	4	3
ENSPNYG00000014999	2	1	4
ENSPNYG00000015000	0	0	0
ENSPNYG00000015001	0	0	0
ENSPNYG00000015002	0	0	0
ENSPNYG00000015003	0	0	1
ENSPNYG00000015004	19	17	17
ENSPNYG00000015005	0	3	0
ENSPNYG00000015006	0	0	1
ENSPNYG00000015007	13	10	23
ENSPNYG00000015008	0	0	0
ENSPNYG00000015009	3	0	1
ENSPNYG00000015010	2	4	3
ENSPNYG00000015011	0	0	0
ENSPNYG00000015012	88	46	45
ENSPNYG00000015013	0	0	0
ENSPNYG00000015014	0	0	0
ENSPNYG00000015015	0	0	0
ENSPNYG00000015016	0	0	0
ENSPNYG00000015017	0	0	0
ENSPNYG00000015018	0	0	0
ENSPNYG00000015019	9	1	2
ENSPNYG00000015020	0	0	0
ENSPNYG00000015021	4	4	4
ENSPNYG00000015022	0	0	0
ENSPNYG00000015023	2	1	0
ENSPNYG00000015024	1	0	1
ENSPNYG00000015025	0	0	0
ENSPNYG00000015026	0	0	0
ENSPNYG00000015027	0	0	0
ENSPNYG00000015028	0	0	0
ENSPNYG00000015029	0	1	1
ENSPNYG00000015030	0	0	0
ENSPNYG00000015031	324	322	359
ENSPNYG00000015032	0	0	1
ENSPNYG00000015033	0	0	0
ENSPNYG00000015034	0	0	0
ENSPNYG00000015035	0	0	0
ENSPNYG00000015036	0	0	0
ENSPNYG00000015037	1	1	5
ENSPNYG00000015038	0	0	0
ENSPNYG00000015039	4	0	0
ENSPNYG00000015040	0	0	1
ENSPNYG00000015041	4	3	1
ENSPNYG00000015042	1	1	0
ENSPNYG00000015043	0	2	0
ENSPNYG00000015044	1	0	0
ENSPNYG00000015045	0	1	0
ENSPNYG00000015046	0	0	0
ENSPNYG00000015047	0	0	0
ENSPNYG00000015048	14	8	15
ENSPNYG00000015049	0	0	0
ENSPNYG00000015050	12	9	10
ENSPNYG00000015051	8	10	9
ENSPNYG00000015052	361	173	291
ENSPNYG00000015053	3	4	2
ENSPNYG00000015054	3	6	2
ENSPNYG00000015055	619	633	610
ENSPNYG00000015056	8	16	17
ENSPNYG00000015057	0	0	1
ENSPNYG00000015058	10	25	4
ENSPNYG00000015059	4	10	2
ENSPNYG00000015060	1	0	0
ENSPNYG00000015061	2	1	1
ENSPNYG00000015062	2	1	0
ENSPNYG00000015063	2	3	0
ENSPNYG00000015064	18	14	9
ENSPNYG00000015065	0	0	0
ENSPNYG00000015066	2	0	5
ENSPNYG00000015067	3	0	9
ENSPNYG00000015068	12	5	2
ENSPNYG00000015069	3	3	5
ENSPNYG00000015070	15	0	2
ENSPNYG00000015071	0	0	0
ENSPNYG00000015072	0	0	0
ENSPNYG00000015073	0	0	0
ENSPNYG00000015074	5	3	1
ENSPNYG00000015075	0	0	0
ENSPNYG00000015076	0	0	0
ENSPNYG00000015077	17	6	4
ENSPNYG00000015078	0	0	0
ENSPNYG00000015079	0	1	2
ENSPNYG00000015080	1	14	11
ENSPNYG00000015081	0	0	0
ENSPNYG00000015082	0	0	3
ENSPNYG00000015083	1	1	1
ENSPNYG00000015084	51	48	58
ENSPNYG00000015085	0	1	0
ENSPNYG00000015086	0	0	1
ENSPNYG00000015087	0	0	0
ENSPNYG00000015088	10	9	11
ENSPNYG00000015089	2	4	6
ENSPNYG00000015090	0	0	0
ENSPNYG00000015091	0	5	2
ENSPNYG00000015092	18	15	14
ENSPNYG00000015093	6	11	26
ENSPNYG00000015094	0	0	0
ENSPNYG00000015095	0	0	0
ENSPNYG00000015096	0	0	0
ENSPNYG00000015097	0	0	0
ENSPNYG00000015098	1	0	0
ENSPNYG00000015099	2	2	9
ENSPNYG00000015100	3	3	7
ENSPNYG00000015101	1834	2411	6492
ENSPNYG00000015102	1	2	0
ENSPNYG00000015103	11	9	20
ENSPNYG00000015104	1	2	0
ENSPNYG00000015105	1	1	6
ENSPNYG00000015106	0	0	1
ENSPNYG00000015107	4	7	1
ENSPNYG00000015108	0	0	0
ENSPNYG00000015109	2	0	3
ENSPNYG00000015110	0	0	0
ENSPNYG00000015111	0	0	1
ENSPNYG00000015112	0	0	0
ENSPNYG00000015113	0	0	0
ENSPNYG00000015114	7	8	8
ENSPNYG00000015115	7	2	13
ENSPNYG00000015116	5	0	2
ENSPNYG00000015117	0	2	0
ENSPNYG00000015118	5	5	37
ENSPNYG00000015119	0	0	1
ENSPNYG00000015120	7	0	2
ENSPNYG00000015121	2	0	1
ENSPNYG00000015122	1	2	3
ENSPNYG00000015123	0	0	2
ENSPNYG00000015124	2	1	2
ENSPNYG00000015125	0	0	0
ENSPNYG00000015126	8	1	1
ENSPNYG00000015127	63	39	34
ENSPNYG00000015128	0	0	0
ENSPNYG00000015129	0	0	0
ENSPNYG00000015130	8	2	6
ENSPNYG00000015131	5585	3627	3628
ENSPNYG00000015132	1	1	1
ENSPNYG00000015133	3	0	0
ENSPNYG00000015134	2	0	0
ENSPNYG00000015135	1112	1241	1172
ENSPNYG00000015136	0	0	0
ENSPNYG00000015137	1	0	1
ENSPNYG00000015138	628	1050	233
ENSPNYG00000015139	0	0	0
ENSPNYG00000015140	5	8	1
ENSPNYG00000015141	1	3	2
ENSPNYG00000015142	1	1	4
ENSPNYG00000015143	0	0	0
ENSPNYG00000015144	0	0	0
ENSPNYG00000015145	0	1	0
ENSPNYG00000015146	0	0	0
ENSPNYG00000015147	0	3	0
ENSPNYG00000015148	1	5	2
ENSPNYG00000015149	0	0	0
ENSPNYG00000015150	0	0	0
ENSPNYG00000015151	1	1	1
ENSPNYG00000015152	0	0	0
ENSPNYG00000015153	6	0	7
ENSPNYG00000015154	5	9	2
ENSPNYG00000015155	0	0	0
ENSPNYG00000015156	7	10	5
ENSPNYG00000015157	1	1	0
ENSPNYG00000015158	15	3	5
ENSPNYG00000015159	89	83	83
ENSPNYG00000015160	1	1	1
ENSPNYG00000015161	2	0	0
ENSPNYG00000015162	0	2	4
ENSPNYG00000015163	491	612	599
ENSPNYG00000015164	5	2	1
ENSPNYG00000015165	0	0	0
ENSPNYG00000015166	1	2	5
ENSPNYG00000015167	14	41	45
ENSPNYG00000015168	0	0	0
ENSPNYG00000015169	12	0	2
ENSPNYG00000015170	26	17	16
ENSPNYG00000015171	0	0	0
ENSPNYG00000015172	0	0	3
ENSPNYG00000015173	1	1	8
ENSPNYG00000015174	106	95	139
ENSPNYG00000015175	0	0	0
ENSPNYG00000015176	11	3	4
ENSPNYG00000015177	35	53	76
ENSPNYG00000015178	0	3	0
ENSPNYG00000015179	5	3	0
ENSPNYG00000015180	51	20	42
ENSPNYG00000015181	4	2	8
ENSPNYG00000015182	0	0	0
ENSPNYG00000015183	0	0	0
ENSPNYG00000015184	12	66	10
ENSPNYG00000015185	0	0	0
ENSPNYG00000015186	0	0	0
ENSPNYG00000015187	0	2	0
ENSPNYG00000015188	11	2	4
ENSPNYG00000015189	0	0	0
ENSPNYG00000015190	7	3	1
ENSPNYG00000015191	12	21	29
ENSPNYG00000015192	0	0	0
ENSPNYG00000015193	11	3	6
ENSPNYG00000015194	0	0	0
ENSPNYG00000015195	4	0	1
ENSPNYG00000015196	0	0	0
ENSPNYG00000015197	0	4	0
ENSPNYG00000015198	0	0	0
ENSPNYG00000015199	0	0	0
ENSPNYG00000015200	4	1	1
ENSPNYG00000015201	3	1	3
ENSPNYG00000015202	0	1	0
ENSPNYG00000015203	0	0	1
ENSPNYG00000015204	2	0	1
ENSPNYG00000015205	0	1	4
ENSPNYG00000015206	8	4	3
ENSPNYG00000015207	0	0	0
ENSPNYG00000015208	0	0	0
ENSPNYG00000015209	0	0	2
ENSPNYG00000015210	2	0	1
ENSPNYG00000015211	0	0	0
ENSPNYG00000015212	1	2	0
ENSPNYG00000015213	1	0	6
ENSPNYG00000015214	3	0	0
ENSPNYG00000015215	0	0	0
ENSPNYG00000015216	337	188	204
ENSPNYG00000015217	0	1	0
ENSPNYG00000015218	5	1	4
ENSPNYG00000015219	3	1	0
ENSPNYG00000015220	3	1	0
ENSPNYG00000015221	25	17	3
ENSPNYG00000015222	201	203	185
ENSPNYG00000015223	0	1	0
ENSPNYG00000015224	0	0	2
ENSPNYG00000015225	0	1	0
ENSPNYG00000015226	26	4	20
ENSPNYG00000015227	3	0	9
ENSPNYG00000015228	1	1	3
ENSPNYG00000015229	2	9	4
ENSPNYG00000015230	1	0	4
ENSPNYG00000015231	0	0	0
ENSPNYG00000015232	0	0	0
ENSPNYG00000015233	1	4	4
ENSPNYG00000015234	25	17	8
ENSPNYG00000015235	0	3	11
ENSPNYG00000015236	10	13	10
ENSPNYG00000015237	4	0	2
ENSPNYG00000015238	2	2	0
ENSPNYG00000015239	0	0	2
ENSPNYG00000015240	0	1	0
ENSPNYG00000015241	2	0	3
ENSPNYG00000015242	5	2	8
ENSPNYG00000015243	6	1	7
ENSPNYG00000015244	6	0	1
ENSPNYG00000015245	3	4	5
ENSPNYG00000015246	2507	1502	1090
ENSPNYG00000015247	0	1	2
ENSPNYG00000015248	4	11	13
ENSPNYG00000015249	0	3	2
ENSPNYG00000015250	1	0	0
ENSPNYG00000015251	1	1	4
ENSPNYG00000015252	11	11	13
ENSPNYG00000015253	11	8	20
ENSPNYG00000015254	6	3	3
ENSPNYG00000015255	3	1	1
ENSPNYG00000015256	0	1	2
ENSPNYG00000015257	30	15	54
ENSPNYG00000015258	86	14	31
ENSPNYG00000015259	20	6	8
ENSPNYG00000015260	0	0	0
ENSPNYG00000015261	0	0	3
ENSPNYG00000015262	4	1	6
ENSPNYG00000015263	0	11	2
ENSPNYG00000015264	0	0	0
ENSPNYG00000015265	1	2	0
ENSPNYG00000015266	2	7	7
ENSPNYG00000015267	0	0	1
ENSPNYG00000015268	6	2	1
ENSPNYG00000015269	6	18	31
ENSPNYG00000015270	0	1	3
ENSPNYG00000015271	1	0	1
ENSPNYG00000015272	15	6	18
ENSPNYG00000015273	6	4	10
ENSPNYG00000015274	2	1	5
ENSPNYG00000015275	3	5	3
ENSPNYG00000015276	5	0	8
ENSPNYG00000015277	2	1	0
ENSPNYG00000015278	0	0	0
ENSPNYG00000015279	0	0	3
ENSPNYG00000015280	0	0	1
ENSPNYG00000015281	0	0	1
ENSPNYG00000015282	2	0	0
ENSPNYG00000015283	1	2	0
ENSPNYG00000015284	1	0	0
ENSPNYG00000015285	10	5	1
ENSPNYG00000015286	0	0	0
ENSPNYG00000015287	0	0	0
ENSPNYG00000015288	1	0	1
ENSPNYG00000015289	0	1	0
ENSPNYG00000015290	0	0	0
ENSPNYG00000015291	1	0	0
ENSPNYG00000015292	0	0	0
ENSPNYG00000015293	0	1	5
ENSPNYG00000015294	2	3	2
ENSPNYG00000015295	48	17	44
ENSPNYG00000015296	0	0	0
ENSPNYG00000015297	6	7	11
ENSPNYG00000015298	0	0	0
ENSPNYG00000015299	0	0	0
ENSPNYG00000015300	0	2	1
ENSPNYG00000015301	0	0	0
ENSPNYG00000015302	5	2	5
ENSPNYG00000015303	0	0	0
ENSPNYG00000015304	0	0	0
ENSPNYG00000015305	0	1	0
ENSPNYG00000015306	1	0	0
ENSPNYG00000015307	0	0	0
ENSPNYG00000015308	0	1	0
ENSPNYG00000015309	0	0	0
ENSPNYG00000015310	103	139	248
ENSPNYG00000015311	0	0	0
ENSPNYG00000015312	7	6	4
ENSPNYG00000015313	0	2	0
ENSPNYG00000015314	5	2	3
ENSPNYG00000015315	5	4	4
ENSPNYG00000015316	0	0	0
ENSPNYG00000015317	1	4	0
ENSPNYG00000015318	0	0	0
ENSPNYG00000015319	0	0	0
ENSPNYG00000015320	6	4	3
ENSPNYG00000015321	5	1	5
ENSPNYG00000015322	5	0	3
ENSPNYG00000015323	29	29	34
ENSPNYG00000015324	0	0	0
ENSPNYG00000015325	0	0	0
ENSPNYG00000015326	4	0	3
ENSPNYG00000015327	0	0	4
ENSPNYG00000015328	2	1	2
ENSPNYG00000015329	2	2	3
ENSPNYG00000015330	0	0	0
ENSPNYG00000015331	0	0	1
ENSPNYG00000015332	1	0	0
ENSPNYG00000015333	0	0	0
ENSPNYG00000015334	1	0	3
ENSPNYG00000015335	8	1	1
ENSPNYG00000015336	0	0	0
ENSPNYG00000015337	0	0	0
ENSPNYG00000015338	0	0	0
ENSPNYG00000015339	4	1	2
ENSPNYG00000015340	12	1	6
ENSPNYG00000015341	2	0	0
ENSPNYG00000015342	4	2	4
ENSPNYG00000015343	0	0	0
ENSPNYG00000015344	0	0	0
ENSPNYG00000015345	0	0	0
ENSPNYG00000015346	109	160	150
ENSPNYG00000015347	7	0	3
ENSPNYG00000015348	7	2	3
ENSPNYG00000015349	2	0	0
ENSPNYG00000015350	3	5	5
ENSPNYG00000015351	0	0	0
ENSPNYG00000015352	0	1	0
ENSPNYG00000015353	0	0	0
ENSPNYG00000015354	0	0	0
ENSPNYG00000015355	0	0	0
ENSPNYG00000015356	0	0	0
ENSPNYG00000015357	0	0	0
ENSPNYG00000015358	0	0	0
ENSPNYG00000015359	2	6	1
ENSPNYG00000015360	0	0	1
ENSPNYG00000015361	7	0	5
ENSPNYG00000015362	12	3	4
ENSPNYG00000015363	0	0	0
ENSPNYG00000015364	1	2	2
ENSPNYG00000015365	1	1	0
ENSPNYG00000015366	0	0	0
ENSPNYG00000015367	7	2	1
ENSPNYG00000015368	0	0	0
ENSPNYG00000015369	315	287	397
ENSPNYG00000015370	0	0	0
ENSPNYG00000015371	13	3	7
ENSPNYG00000015372	0	0	0
ENSPNYG00000015373	1	0	0
ENSPNYG00000015374	0	0	0
ENSPNYG00000015375	11	9	4
ENSPNYG00000015376	8	2	1
ENSPNYG00000015377	0	0	0
ENSPNYG00000015378	0	2	0
ENSPNYG00000015379	1	2	12
ENSPNYG00000015380	0	0	0
ENSPNYG00000015381	0	0	0
ENSPNYG00000015382	0	1	0
ENSPNYG00000015383	0	0	0
ENSPNYG00000015384	0	0	0
ENSPNYG00000015385	5	5	4
ENSPNYG00000015386	0	0	0
ENSPNYG00000015387	0	0	0
ENSPNYG00000015388	2	8	5
ENSPNYG00000015389	0	0	0
ENSPNYG00000015390	2	3	0
ENSPNYG00000015391	0	0	0
ENSPNYG00000015392	5	1	5
ENSPNYG00000015393	3	1	0
ENSPNYG00000015394	2	5	7
ENSPNYG00000015395	0	0	1
ENSPNYG00000015396	0	1	0
ENSPNYG00000015397	3	0	0
ENSPNYG00000015398	0	0	0
ENSPNYG00000015399	0	0	1
ENSPNYG00000015400	2	0	2
ENSPNYG00000015401	1	2	2
ENSPNYG00000015402	0	0	0
ENSPNYG00000015403	395	70	113
ENSPNYG00000015404	0	1	0
ENSPNYG00000015405	20	29	33
ENSPNYG00000015406	0	0	0
ENSPNYG00000015407	7	1	1
ENSPNYG00000015408	0	0	0
ENSPNYG00000015409	1	1	1
ENSPNYG00000015410	2	1	2
ENSPNYG00000015411	688	432	420
ENSPNYG00000015412	0	2	1
ENSPNYG00000015413	3	2	4
ENSPNYG00000015414	0	3	1
ENSPNYG00000015415	0	0	0
ENSPNYG00000015416	0	3	0
ENSPNYG00000015417	5	15	6
ENSPNYG00000015418	3	3	7
ENSPNYG00000015419	2	1	5
ENSPNYG00000015420	3	1	1
ENSPNYG00000015421	0	0	0
ENSPNYG00000015422	9	6	10
ENSPNYG00000015423	0	0	0
ENSPNYG00000015424	0	2	2
ENSPNYG00000015425	1	5	0
ENSPNYG00000015426	0	0	0
ENSPNYG00000015427	1	0	0
ENSPNYG00000015428	1	0	0
ENSPNYG00000015429	0	0	0
ENSPNYG00000015430	0	5	4
ENSPNYG00000015431	0	0	0
ENSPNYG00000015432	0	0	0
ENSPNYG00000015433	0	1	0
ENSPNYG00000015434	0	0	4
ENSPNYG00000015435	0	0	0
ENSPNYG00000015436	75	15	35
ENSPNYG00000015437	0	0	0
ENSPNYG00000015438	0	0	0
ENSPNYG00000015439	1	0	11
ENSPNYG00000015440	1	0	0
ENSPNYG00000015441	1	4	0
ENSPNYG00000015442	0	0	1
ENSPNYG00000015443	1	0	0
ENSPNYG00000015444	2	0	0
ENSPNYG00000015445	7	1	0
ENSPNYG00000015446	0	0	1
ENSPNYG00000015447	0	0	0
ENSPNYG00000015448	3	4	8
ENSPNYG00000015449	6	1	5
ENSPNYG00000015450	63	60	59
ENSPNYG00000015451	2	1	2
ENSPNYG00000015452	0	0	0
ENSPNYG00000015453	63	48	23
ENSPNYG00000015454	6	13	10
ENSPNYG00000015455	0	0	1
ENSPNYG00000015456	0	0	0
ENSPNYG00000015457	6	3	3
ENSPNYG00000015458	1	2	9
ENSPNYG00000015459	0	0	0
ENSPNYG00000015460	0	0	0
ENSPNYG00000015461	1	1	0
ENSPNYG00000015462	0	0	0
ENSPNYG00000015463	6	1	1
ENSPNYG00000015464	0	1	0
ENSPNYG00000015465	1	2	0
ENSPNYG00000015466	3	4	4
ENSPNYG00000015467	0	0	0
ENSPNYG00000015468	7	0	4
ENSPNYG00000015469	0	1	0
ENSPNYG00000015470	0	0	0
ENSPNYG00000015471	3	2	1
ENSPNYG00000015472	0	1	2
ENSPNYG00000015473	0	0	0
ENSPNYG00000015474	12	13	26
ENSPNYG00000015475	2	1	2
ENSPNYG00000015476	1	0	0
ENSPNYG00000015477	0	6	1
ENSPNYG00000015478	0	2	0
ENSPNYG00000015479	157	127	89
ENSPNYG00000015480	0	0	0
ENSPNYG00000015481	18	11	8
ENSPNYG00000015482	0	0	0
ENSPNYG00000015483	0	1	0
ENSPNYG00000015484	0	0	0
ENSPNYG00000015485	5	5	11
ENSPNYG00000015486	1	0	0
ENSPNYG00000015487	4	3	3
ENSPNYG00000015488	1	1	0
ENSPNYG00000015489	27	20	14
ENSPNYG00000015490	0	0	1
ENSPNYG00000015491	0	0	0
ENSPNYG00000015492	2	9	2
ENSPNYG00000015493	23	10	26
ENSPNYG00000015494	1	0	0
ENSPNYG00000015495	0	0	0
ENSPNYG00000015496	0	0	0
ENSPNYG00000015497	0	0	4
ENSPNYG00000015498	3	0	2
ENSPNYG00000015499	14	4	11
ENSPNYG00000015500	2	4	5
ENSPNYG00000015501	0	0	0
ENSPNYG00000015502	0	2	4
ENSPNYG00000015503	0	1	1
ENSPNYG00000015504	0	0	2
ENSPNYG00000015505	34	35	56
ENSPNYG00000015506	4	8	5
ENSPNYG00000015507	0	0	3
ENSPNYG00000015508	1	4	2
ENSPNYG00000015509	1336	1265	1428
ENSPNYG00000015510	0	1	0
ENSPNYG00000015511	0	2	1
ENSPNYG00000015512	1	2	0
ENSPNYG00000015513	0	0	0
ENSPNYG00000015514	2	0	1
ENSPNYG00000015515	8	6	4
ENSPNYG00000015516	0	0	0
ENSPNYG00000015517	0	1	0
ENSPNYG00000015518	0	0	0
ENSPNYG00000015519	7	5	2
ENSPNYG00000015520	17	20	25
ENSPNYG00000015521	0	0	1
ENSPNYG00000015522	5	3	3
ENSPNYG00000015523	3	1	10
ENSPNYG00000015524	2	3	2
ENSPNYG00000015525	0	0	1
ENSPNYG00000015526	0	0	0
ENSPNYG00000015527	0	2	0
ENSPNYG00000015528	0	0	5
ENSPNYG00000015529	19	8	15
ENSPNYG00000015530	23	47	40
ENSPNYG00000015531	4	3	5
ENSPNYG00000015532	5	8	8
ENSPNYG00000015533	0	0	0
ENSPNYG00000015534	0	0	0
ENSPNYG00000015535	0	0	0
ENSPNYG00000015536	0	0	0
ENSPNYG00000015537	595	613	833
ENSPNYG00000015538	6	15	34
ENSPNYG00000015539	0	0	1
ENSPNYG00000015540	153	91	99
ENSPNYG00000015541	1	1	2
ENSPNYG00000015542	3	1	0
ENSPNYG00000015543	2	1	3
ENSPNYG00000015544	0	0	0
ENSPNYG00000015545	0	0	0
ENSPNYG00000015546	6	1	7
ENSPNYG00000015547	3	0	1
ENSPNYG00000015548	5	0	0
ENSPNYG00000015549	4	3	5
ENSPNYG00000015550	0	0	0
ENSPNYG00000015551	1	0	0
ENSPNYG00000015552	1	1	2
ENSPNYG00000015553	15	22	30
ENSPNYG00000015554	1	1	1
ENSPNYG00000015555	33	20	16
ENSPNYG00000015556	0	0	0
ENSPNYG00000015557	5	7	5
ENSPNYG00000015558	0	0	2
ENSPNYG00000015559	0	0	0
ENSPNYG00000015560	0	2	1
ENSPNYG00000015561	0	0	0
ENSPNYG00000015562	21	7	26
ENSPNYG00000015563	4	3	7
ENSPNYG00000015564	2	0	0
ENSPNYG00000015565	1	0	0
ENSPNYG00000015566	24	14	43
ENSPNYG00000015567	9	1	8
ENSPNYG00000015568	3	3	1
ENSPNYG00000015569	0	0	0
ENSPNYG00000015570	6	10	19
ENSPNYG00000015571	1	4	1
ENSPNYG00000015572	6	4	3
ENSPNYG00000015573	0	0	1
ENSPNYG00000015574	0	0	0
ENSPNYG00000015575	0	0	0
ENSPNYG00000015576	3	1	3
ENSPNYG00000015577	0	2	2
ENSPNYG00000015578	0	1	1
ENSPNYG00000015579	0	1	2
ENSPNYG00000015580	0	0	0
ENSPNYG00000015581	0	0	2
ENSPNYG00000015582	1	0	6
ENSPNYG00000015583	0	2	2
ENSPNYG00000015584	0	0	0
ENSPNYG00000015585	0	0	0
ENSPNYG00000015586	1	5	1
ENSPNYG00000015587	0	2	0
ENSPNYG00000015588	0	0	0
ENSPNYG00000015589	1	0	1
ENSPNYG00000015590	5	6	2
ENSPNYG00000015591	2	5	2
ENSPNYG00000015592	0	0	1
ENSPNYG00000015593	0	0	0
ENSPNYG00000015594	1	0	0
ENSPNYG00000015595	2	0	0
ENSPNYG00000015596	0	0	0
ENSPNYG00000015597	2	4	0
ENSPNYG00000015598	0	0	0
ENSPNYG00000015599	0	0	0
ENSPNYG00000015600	0	0	1
ENSPNYG00000015601	0	3	1
ENSPNYG00000015602	0	0	3
ENSPNYG00000015603	1	1	0
ENSPNYG00000015604	0	0	0
ENSPNYG00000015605	6	0	1
ENSPNYG00000015606	2	2	2
ENSPNYG00000015607	1	0	0
ENSPNYG00000015608	2	0	3
ENSPNYG00000015609	0	0	0
ENSPNYG00000015610	17	10	11
ENSPNYG00000015611	0	0	0
ENSPNYG00000015612	0	0	0
ENSPNYG00000015613	0	4	5
ENSPNYG00000015614	1	5	5
ENSPNYG00000015615	0	0	0
ENSPNYG00000015616	0	0	0
ENSPNYG00000015617	3	5	7
ENSPNYG00000015618	2	0	4
ENSPNYG00000015619	0	0	0
ENSPNYG00000015620	0	0	0
ENSPNYG00000015621	57	45	42
ENSPNYG00000015622	1	0	1
ENSPNYG00000015623	3	1	0
ENSPNYG00000015624	1	0	0
ENSPNYG00000015625	8	4	6
ENSPNYG00000015626	0	0	0
ENSPNYG00000015627	0	0	0
ENSPNYG00000015628	1	8	6
ENSPNYG00000015629	0	0	0
ENSPNYG00000015630	4	6	3
ENSPNYG00000015631	4	8	9
ENSPNYG00000015632	1	0	1
ENSPNYG00000015633	1	2	1
ENSPNYG00000015634	1	0	2
ENSPNYG00000015635	0	0	2
ENSPNYG00000015636	13	10	7
ENSPNYG00000015637	0	3	0
ENSPNYG00000015638	6	1	13
ENSPNYG00000015639	14	6	10
ENSPNYG00000015640	1	3	4
ENSPNYG00000015641	1809	1128	1183
ENSPNYG00000015642	0	0	0
ENSPNYG00000015643	0	0	16
ENSPNYG00000015644	2	2	2
ENSPNYG00000015645	25	17	20
ENSPNYG00000015646	0	0	0
ENSPNYG00000015647	0	1	1
ENSPNYG00000015648	0	0	0
ENSPNYG00000015649	3	1	3
ENSPNYG00000015650	0	0	0
ENSPNYG00000015651	4	0	1
ENSPNYG00000015652	3	1	4
ENSPNYG00000015653	1002	871	965
ENSPNYG00000015654	2	4	1
ENSPNYG00000015655	0	0	2
ENSPNYG00000015656	1	0	3
ENSPNYG00000015657	1	0	0
ENSPNYG00000015658	10	3	7
ENSPNYG00000015659	0	4	4
ENSPNYG00000015660	0	0	1
ENSPNYG00000015661	36	21	30
ENSPNYG00000015662	0	0	0
ENSPNYG00000015663	775	305	404
ENSPNYG00000015664	0	0	0
ENSPNYG00000015665	1	1	1
ENSPNYG00000015666	102	37	93
ENSPNYG00000015667	15	24	27
ENSPNYG00000015668	3	1	1
ENSPNYG00000015669	0	0	0
ENSPNYG00000015670	2	0	0
ENSPNYG00000015671	0	0	0
ENSPNYG00000015672	7	3	7
ENSPNYG00000015673	4	1	4
ENSPNYG00000015674	1	2	1
ENSPNYG00000015675	0	0	0
ENSPNYG00000015676	10	8	11
ENSPNYG00000015677	1	2	4
ENSPNYG00000015678	1	0	0
ENSPNYG00000015679	37	35	24
ENSPNYG00000015680	15294	13398	7642
ENSPNYG00000015681	4	3	4
ENSPNYG00000015682	0	0	0
ENSPNYG00000015683	82	14	38
ENSPNYG00000015684	0	0	0
ENSPNYG00000015685	3	1	0
ENSPNYG00000015686	0	0	0
ENSPNYG00000015687	12012	9	52
ENSPNYG00000015688	8	13	14
ENSPNYG00000015689	3	4	4
ENSPNYG00000015690	1	1	0
ENSPNYG00000015691	4	2	1
ENSPNYG00000015692	3	8	12
ENSPNYG00000015693	0	0	0
ENSPNYG00000015694	1	3	1
ENSPNYG00000015695	0	0	0
ENSPNYG00000015696	2	1	3
ENSPNYG00000015697	1	0	0
ENSPNYG00000015698	1	1	0
ENSPNYG00000015699	2	3	2
ENSPNYG00000015700	12	17	11
ENSPNYG00000015701	3	4	6
ENSPNYG00000015702	4	6	7
ENSPNYG00000015703	0	0	0
ENSPNYG00000015704	0	0	1
ENSPNYG00000015705	0	0	0
ENSPNYG00000015706	0	0	0
ENSPNYG00000015707	1	1	0
ENSPNYG00000015708	13	19	15
ENSPNYG00000015709	0	0	0
ENSPNYG00000015710	0	1	1
ENSPNYG00000015711	1	3	8
ENSPNYG00000015712	0	0	1
ENSPNYG00000015713	5	2	2
ENSPNYG00000015714	12	11	14
ENSPNYG00000015715	7	5	9
ENSPNYG00000015716	1	0	0
ENSPNYG00000015717	3	7	14
ENSPNYG00000015718	4	2	7
ENSPNYG00000015719	0	0	0
ENSPNYG00000015720	0	0	1
ENSPNYG00000015721	0	0	0
ENSPNYG00000015722	0	0	0
ENSPNYG00000015723	3	4	4
ENSPNYG00000015724	0	0	0
ENSPNYG00000015725	1	4	6
ENSPNYG00000015726	0	0	0
ENSPNYG00000015727	0	0	0
ENSPNYG00000015728	8	2	6
ENSPNYG00000015729	0	0	0
ENSPNYG00000015730	1	0	1
ENSPNYG00000015731	0	0	0
ENSPNYG00000015732	2	2	1
ENSPNYG00000015733	0	1	2
ENSPNYG00000015734	0	0	0
ENSPNYG00000015735	12	5	14
ENSPNYG00000015736	5	8	12
ENSPNYG00000015737	0	0	2
ENSPNYG00000015738	0	0	0
ENSPNYG00000015739	10	3	1
ENSPNYG00000015740	0	0	0
ENSPNYG00000015741	0	0	0
ENSPNYG00000015742	0	0	0
ENSPNYG00000015743	0	1	1
ENSPNYG00000015744	1	0	4
ENSPNYG00000015745	0	0	0
ENSPNYG00000015746	3	6	4
ENSPNYG00000015747	0	2	0
ENSPNYG00000015748	0	0	0
ENSPNYG00000015749	1	2	3
ENSPNYG00000015750	1	1	2
ENSPNYG00000015751	0	2	0
ENSPNYG00000015752	3	2	6
ENSPNYG00000015753	0	0	0
ENSPNYG00000015754	2	2	16
ENSPNYG00000015755	3	0	0
ENSPNYG00000015756	0	0	0
ENSPNYG00000015757	0	0	0
ENSPNYG00000015758	0	0	0
ENSPNYG00000015759	0	3	0
ENSPNYG00000015760	274	294	583
ENSPNYG00000015761	0	0	0
ENSPNYG00000015762	1	0	0
ENSPNYG00000015763	0	0	0
ENSPNYG00000015764	0	0	0
ENSPNYG00000015765	0	0	0
ENSPNYG00000015766	0	0	0
ENSPNYG00000015767	3	1	0
ENSPNYG00000015768	0	1	3
ENSPNYG00000015769	1	0	0
ENSPNYG00000015770	1	2	1
ENSPNYG00000015771	0	0	1
ENSPNYG00000015772	0	0	0
ENSPNYG00000015773	2	5	5
ENSPNYG00000015774	0	0	0
ENSPNYG00000015775	0	0	1
ENSPNYG00000015776	0	0	2
ENSPNYG00000015777	1	0	0
ENSPNYG00000015778	0	0	0
ENSPNYG00000015779	0	0	2
ENSPNYG00000015780	1	5	6
ENSPNYG00000015781	19	32	52
ENSPNYG00000015782	2	3	2
ENSPNYG00000015783	0	0	0
ENSPNYG00000015784	1	1	0
ENSPNYG00000015785	0	0	0
ENSPNYG00000015786	2	1	1
ENSPNYG00000015787	0	0	0
ENSPNYG00000015788	0	0	0
ENSPNYG00000015789	1	0	1
ENSPNYG00000015790	0	1	0
ENSPNYG00000015791	24	19	49
ENSPNYG00000015792	2	1	0
ENSPNYG00000015793	9	14	0
ENSPNYG00000015794	0	1	4
ENSPNYG00000015795	2	2	1
ENSPNYG00000015796	0	0	0
ENSPNYG00000015797	0	0	0
ENSPNYG00000015798	1	0	0
ENSPNYG00000015799	2	0	1
ENSPNYG00000015800	0	6	5
ENSPNYG00000015801	0	0	0
ENSPNYG00000015802	4	1	4
ENSPNYG00000015803	4	0	1
ENSPNYG00000015804	0	0	0
ENSPNYG00000015805	4	1	4
ENSPNYG00000015806	6	0	1
ENSPNYG00000015807	190	222	195
ENSPNYG00000015808	4	3	10
ENSPNYG00000015809	1	1	1
ENSPNYG00000015810	0	0	2
ENSPNYG00000015811	58	73	44
ENSPNYG00000015812	0	0	0
ENSPNYG00000015813	0	0	4
ENSPNYG00000015814	2	1	0
ENSPNYG00000015815	4	2	5
ENSPNYG00000015816	0	0	0
ENSPNYG00000015817	0	0	4
ENSPNYG00000015818	0	0	0
ENSPNYG00000015819	0	0	0
ENSPNYG00000015820	7	0	5
ENSPNYG00000015821	117	44	78
ENSPNYG00000015822	714	573	790
ENSPNYG00000015823	0	0	0
ENSPNYG00000015824	4	0	2
ENSPNYG00000015825	0	0	0
ENSPNYG00000015826	0	0	0
ENSPNYG00000015827	378	331	533
ENSPNYG00000015828	15	6	11
ENSPNYG00000015829	3	4	5
ENSPNYG00000015830	1935	1590	1284
ENSPNYG00000015831	0	0	0
ENSPNYG00000015832	4	2	10
ENSPNYG00000015833	0	0	0
ENSPNYG00000015834	4	2	1
ENSPNYG00000015835	0	0	0
ENSPNYG00000015836	1	0	2
ENSPNYG00000015837	0	0	0
ENSPNYG00000015838	0	0	1
ENSPNYG00000015839	0	0	0
ENSPNYG00000015840	4	6	7
ENSPNYG00000015841	3	12	5
ENSPNYG00000015842	14	6	16
ENSPNYG00000015843	4	1	3
ENSPNYG00000015844	0	0	0
ENSPNYG00000015845	0	2	2
ENSPNYG00000015846	1	0	1
ENSPNYG00000015847	0	0	0
ENSPNYG00000015848	0	0	0
ENSPNYG00000015849	0	0	1
ENSPNYG00000015850	0	0	0
ENSPNYG00000015851	4	2	2
ENSPNYG00000015852	0	0	0
ENSPNYG00000015853	0	0	0
ENSPNYG00000015854	2	0	1
ENSPNYG00000015855	567	318	458
ENSPNYG00000015856	11	5	9
ENSPNYG00000015857	0	0	0
ENSPNYG00000015858	0	0	0
ENSPNYG00000015859	0	0	1
ENSPNYG00000015860	4	8	6
ENSPNYG00000015861	0	0	0
ENSPNYG00000015862	0	0	0
ENSPNYG00000015863	0	0	0
ENSPNYG00000015864	2	0	2
ENSPNYG00000015865	2	2	0
ENSPNYG00000015866	0	0	0
ENSPNYG00000015867	15	7	8
ENSPNYG00000015868	0	0	0
ENSPNYG00000015869	11	6	26
ENSPNYG00000015870	0	0	0
ENSPNYG00000015871	8	5	5
ENSPNYG00000015872	1	6	2
ENSPNYG00000015873	2	0	1
ENSPNYG00000015874	0	0	0
ENSPNYG00000015875	0	0	1
ENSPNYG00000015876	0	0	0
ENSPNYG00000015877	0	0	0
ENSPNYG00000015878	1	0	0
ENSPNYG00000015879	1	3	0
ENSPNYG00000015880	8	4	5
ENSPNYG00000015881	443	218	350
ENSPNYG00000015882	0	0	0
ENSPNYG00000015883	0	0	0
ENSPNYG00000015884	369	450	393
ENSPNYG00000015885	1	3	2
ENSPNYG00000015886	0	0	0
ENSPNYG00000015887	11	18	10
ENSPNYG00000015888	4	1	0
ENSPNYG00000015889	9	5	2
ENSPNYG00000015890	0	0	0
ENSPNYG00000015891	5	1	6
ENSPNYG00000015892	3	1	0
ENSPNYG00000015893	3	0	3
ENSPNYG00000015894	0	7	1
ENSPNYG00000015895	0	0	0
ENSPNYG00000015896	0	0	0
ENSPNYG00000015897	2841	2465	2369
ENSPNYG00000015898	0	1	0
ENSPNYG00000015899	0	0	1
ENSPNYG00000015900	15	26	13
ENSPNYG00000015901	5	3	8
ENSPNYG00000015902	0	0	0
ENSPNYG00000015903	1	3	2
ENSPNYG00000015904	3	0	3
ENSPNYG00000015905	2	0	0
ENSPNYG00000015906	1	1	0
ENSPNYG00000015907	0	0	0
ENSPNYG00000015908	0	0	1
ENSPNYG00000015909	217	214	259
ENSPNYG00000015910	0	0	0
ENSPNYG00000015911	0	0	0
ENSPNYG00000015912	0	0	0
ENSPNYG00000015913	0	1	4
ENSPNYG00000015914	1	0	0
ENSPNYG00000015915	0	0	0
ENSPNYG00000015916	198	237	220
ENSPNYG00000015917	0	0	0
ENSPNYG00000015918	1	1	0
ENSPNYG00000015919	0	0	0
ENSPNYG00000015920	477	424	619
ENSPNYG00000015921	1	6	0
ENSPNYG00000015922	7	4	11
ENSPNYG00000015923	0	0	0
ENSPNYG00000015924	16	9	17
ENSPNYG00000015925	1	1	0
ENSPNYG00000015926	0	0	0
ENSPNYG00000015927	0	0	2
ENSPNYG00000015928	0	0	0
ENSPNYG00000015929	0	0	0
ENSPNYG00000015930	131	139	320
ENSPNYG00000015931	1	2	1
ENSPNYG00000015932	2	0	0
ENSPNYG00000015933	1	0	0
ENSPNYG00000015934	2	2	1
ENSPNYG00000015935	151	122	115
ENSPNYG00000015936	0	0	1
ENSPNYG00000015937	0	0	2
ENSPNYG00000015938	0	0	0
ENSPNYG00000015939	6	1	3
ENSPNYG00000015940	34	87	98
ENSPNYG00000015941	91	98	97
ENSPNYG00000015942	285	255	687
ENSPNYG00000015943	15	35	19
ENSPNYG00000015944	0	0	0
ENSPNYG00000015945	1079	671	1048
ENSPNYG00000015946	41	45	52
ENSPNYG00000015947	47	19	47
ENSPNYG00000015948	0	0	0
ENSPNYG00000015949	6	9	17
ENSPNYG00000015950	2	2	0
ENSPNYG00000015951	0	3	2
ENSPNYG00000015952	0	0	0
ENSPNYG00000015953	0	0	1
ENSPNYG00000015954	1639	1850	1467
ENSPNYG00000015955	14	4	10
ENSPNYG00000015956	0	0	0
ENSPNYG00000015957	5	2	4
ENSPNYG00000015958	0	0	0
ENSPNYG00000015959	0	0	0
ENSPNYG00000015960	4	4	1
ENSPNYG00000015961	23	28	21
ENSPNYG00000015962	3	1	0
ENSPNYG00000015963	0	0	0
ENSPNYG00000015964	0	0	0
ENSPNYG00000015965	0	0	0
ENSPNYG00000015966	0	0	0
ENSPNYG00000015967	1	0	7
ENSPNYG00000015968	0	0	0
ENSPNYG00000015969	4	1	4
ENSPNYG00000015970	0	0	0
ENSPNYG00000015971	2	3	6
ENSPNYG00000015972	3	1	0
ENSPNYG00000015973	0	0	0
ENSPNYG00000015974	745	567	570
ENSPNYG00000015975	0	0	0
ENSPNYG00000015976	1	4	4
ENSPNYG00000015977	0	0	0
ENSPNYG00000015978	2	2	10
ENSPNYG00000015979	7	7	13
ENSPNYG00000015980	1	16	4
ENSPNYG00000015981	0	0	0
ENSPNYG00000015982	0	0	2
ENSPNYG00000015983	4	4	7
ENSPNYG00000015984	8	8	15
ENSPNYG00000015985	21	70	57
ENSPNYG00000015986	2	0	0
ENSPNYG00000015987	0	0	0
ENSPNYG00000015988	4	0	0
ENSPNYG00000015989	0	1	0
ENSPNYG00000015990	0	1	0
ENSPNYG00000015991	0	0	0
ENSPNYG00000015992	0	0	0
ENSPNYG00000015993	0	0	0
ENSPNYG00000015994	1	0	26
ENSPNYG00000015995	2	0	0
ENSPNYG00000015996	0	0	1
ENSPNYG00000015997	0	0	0
ENSPNYG00000015998	3	1	0
ENSPNYG00000015999	0	0	0
ENSPNYG00000016000	13	9	12
ENSPNYG00000016001	24	71	160
ENSPNYG00000016002	18	20	20
ENSPNYG00000016003	0	0	0
ENSPNYG00000016004	11	10	11
ENSPNYG00000016005	0	5	3
ENSPNYG00000016006	11	16	16
ENSPNYG00000016007	2	7	3
ENSPNYG00000016008	0	0	0
ENSPNYG00000016009	25	11	20
ENSPNYG00000016010	0	0	0
ENSPNYG00000016011	4	11	3
ENSPNYG00000016012	0	0	0
ENSPNYG00000016013	3	1	0
ENSPNYG00000016014	5	1	2
ENSPNYG00000016015	0	1	0
ENSPNYG00000016016	2	0	0
ENSPNYG00000016017	0	1	0
ENSPNYG00000016018	12	15	23
ENSPNYG00000016019	0	0	0
ENSPNYG00000016020	0	0	0
ENSPNYG00000016021	1	0	0
ENSPNYG00000016022	417	434	434
ENSPNYG00000016023	0	0	0
ENSPNYG00000016024	1	0	0
ENSPNYG00000016025	0	0	0
ENSPNYG00000016026	0	1	2
ENSPNYG00000016027	0	1	0
ENSPNYG00000016028	16	9	12
ENSPNYG00000016029	2	55	5
ENSPNYG00000016030	0	0	0
ENSPNYG00000016031	0	0	0
ENSPNYG00000016032	0	0	1
ENSPNYG00000016033	0	0	0
ENSPNYG00000016034	0	0	0
ENSPNYG00000016035	214	95	118
ENSPNYG00000016036	8	9	11
ENSPNYG00000016037	0	0	0
ENSPNYG00000016038	0	0	0
ENSPNYG00000016039	0	0	1
ENSPNYG00000016040	0	1	0
ENSPNYG00000016041	0	3	0
ENSPNYG00000016042	6	0	1
ENSPNYG00000016043	6	5	10
ENSPNYG00000016044	42	119	109
ENSPNYG00000016045	3	8	1
ENSPNYG00000016046	0	0	0
ENSPNYG00000016047	0	0	1
ENSPNYG00000016048	1542	644	639
ENSPNYG00000016049	0	0	0
ENSPNYG00000016050	5	1	1
ENSPNYG00000016051	0	4	2
ENSPNYG00000016052	4	7	7
ENSPNYG00000016053	0	0	0
ENSPNYG00000016054	7	4	8
ENSPNYG00000016055	3	2	1
ENSPNYG00000016056	0	0	0
ENSPNYG00000016057	0	0	0
ENSPNYG00000016058	0	0	1
ENSPNYG00000016059	0	0	0
ENSPNYG00000016060	0	0	0
ENSPNYG00000016061	1	3	1
ENSPNYG00000016062	1	1	0
ENSPNYG00000016063	0	0	0
ENSPNYG00000016064	3	2	1
ENSPNYG00000016065	1	0	0
ENSPNYG00000016066	2	5	27
ENSPNYG00000016067	48	3	7
ENSPNYG00000016068	7	2	2
ENSPNYG00000016069	0	0	0
ENSPNYG00000016070	1	3	6
ENSPNYG00000016071	0	3	1
ENSPNYG00000016072	0	0	0
ENSPNYG00000016073	0	0	0
ENSPNYG00000016074	26	13	22
ENSPNYG00000016075	1	3	1
ENSPNYG00000016076	0	0	0
ENSPNYG00000016077	0	0	0
ENSPNYG00000016078	0	1	0
ENSPNYG00000016079	0	0	0
ENSPNYG00000016080	182	46	75
ENSPNYG00000016081	0	0	1
ENSPNYG00000016082	0	0	0
ENSPNYG00000016083	0	3	2
ENSPNYG00000016084	2	1	3
ENSPNYG00000016085	0	0	0
ENSPNYG00000016086	1	5	3
ENSPNYG00000016087	790	414	440
ENSPNYG00000016088	10	4	8
ENSPNYG00000016089	4	5	9
ENSPNYG00000016090	5	3	4
ENSPNYG00000016091	0	0	0
ENSPNYG00000016092	5	4	1
ENSPNYG00000016093	5	2	6
ENSPNYG00000016094	0	0	0
ENSPNYG00000016095	3	0	1
ENSPNYG00000016096	0	0	0
ENSPNYG00000016097	0	0	1
ENSPNYG00000016098	0	0	1
ENSPNYG00000016099	0	0	0
ENSPNYG00000016100	0	0	1
ENSPNYG00000016101	0	0	0
ENSPNYG00000016102	5	4	8
ENSPNYG00000016103	45	82	134
ENSPNYG00000016104	0	0	0
ENSPNYG00000016105	0	0	0
ENSPNYG00000016106	0	0	0
ENSPNYG00000016107	0	0	1
ENSPNYG00000016108	0	0	1
ENSPNYG00000016109	0	1	3
ENSPNYG00000016110	45	25	30
ENSPNYG00000016111	3	0	4
ENSPNYG00000016112	2	3	0
ENSPNYG00000016113	95	46	48
ENSPNYG00000016114	43	65	77
ENSPNYG00000016115	8	4	3
ENSPNYG00000016116	0	0	0
ENSPNYG00000016117	2	2	7
ENSPNYG00000016118	1	0	5
ENSPNYG00000016119	0	1	0
ENSPNYG00000016120	0	0	0
ENSPNYG00000016121	11	4	14
ENSPNYG00000016122	0	2	4
ENSPNYG00000016123	21	31	35
ENSPNYG00000016124	2	1	7
ENSPNYG00000016125	5	1	2
ENSPNYG00000016126	4	1	5
ENSPNYG00000016127	0	0	0
ENSPNYG00000016128	0	0	0
ENSPNYG00000016129	2	0	2
ENSPNYG00000016130	4	2	0
ENSPNYG00000016131	0	0	0
ENSPNYG00000016132	0	0	0
ENSPNYG00000016133	4	1	12
ENSPNYG00000016134	3	0	1
ENSPNYG00000016135	3	0	7
ENSPNYG00000016136	0	0	0
ENSPNYG00000016137	0	0	0
ENSPNYG00000016138	15	11	14
ENSPNYG00000016139	1	0	0
ENSPNYG00000016140	66	79	75
ENSPNYG00000016141	0	0	0
ENSPNYG00000016142	11	14	8
ENSPNYG00000016143	2	1	4
ENSPNYG00000016144	125	105	75
ENSPNYG00000016145	73	45	64
ENSPNYG00000016146	1	0	0
ENSPNYG00000016147	1	2	2
ENSPNYG00000016148	0	0	1
ENSPNYG00000016149	2	0	0
ENSPNYG00000016150	0	0	0
ENSPNYG00000016151	0	0	1
ENSPNYG00000016152	219	339	183
ENSPNYG00000016153	0	0	0
ENSPNYG00000016154	0	0	2
ENSPNYG00000016155	0	0	0
ENSPNYG00000016156	1	6	3
ENSPNYG00000016157	0	0	0
ENSPNYG00000016158	5	2	3
ENSPNYG00000016159	0	0	0
ENSPNYG00000016160	0	0	2
ENSPNYG00000016161	4	2	6
ENSPNYG00000016162	0	0	0
ENSPNYG00000016163	4	4	3
ENSPNYG00000016164	0	0	0
ENSPNYG00000016165	2	3	2
ENSPNYG00000016166	0	0	0
ENSPNYG00000016167	9	19	20
ENSPNYG00000016168	2	0	0
ENSPNYG00000016169	1	2	2
ENSPNYG00000016170	2	1	1
ENSPNYG00000016171	58138	114581	123717
ENSPNYG00000016172	0	0	1
ENSPNYG00000016173	1	1	1
ENSPNYG00000016174	0	0	0
ENSPNYG00000016175	2	2	2
ENSPNYG00000016176	41	16	0
ENSPNYG00000016177	0	0	0
ENSPNYG00000016178	3	0	2
ENSPNYG00000016179	0	1	3
ENSPNYG00000016180	107	95	140
ENSPNYG00000016181	0	0	0
ENSPNYG00000016182	3	0	2
ENSPNYG00000016183	2033	1843	2253
ENSPNYG00000016184	2	0	1
ENSPNYG00000016185	0	0	3
ENSPNYG00000016186	1	2	0
ENSPNYG00000016187	0	0	0
ENSPNYG00000016188	65	41	86
ENSPNYG00000016189	16	12	21
ENSPNYG00000016190	27	20	46
ENSPNYG00000016191	0	0	0
ENSPNYG00000016192	0	3	1
ENSPNYG00000016193	1	4	2
ENSPNYG00000016194	0	1	4
ENSPNYG00000016195	34	9	15
ENSPNYG00000016196	0	0	0
ENSPNYG00000016197	0	0	0
ENSPNYG00000016198	569	654	663
ENSPNYG00000016199	0	0	1
ENSPNYG00000016200	47	13	17
ENSPNYG00000016201	4	0	3
ENSPNYG00000016202	3	3	5
ENSPNYG00000016203	0	0	0
ENSPNYG00000016204	0	0	0
ENSPNYG00000016205	7	6	2
ENSPNYG00000016206	0	0	0
ENSPNYG00000016207	1	0	1
ENSPNYG00000016208	528	594	959
ENSPNYG00000016209	1	3	4
ENSPNYG00000016210	0	0	0
ENSPNYG00000016211	0	2	0
ENSPNYG00000016212	3	2	4
ENSPNYG00000016213	4	2	0
ENSPNYG00000016214	0	0	0
ENSPNYG00000016215	5	12	11
ENSPNYG00000016216	5	1	0
ENSPNYG00000016217	0	0	0
ENSPNYG00000016218	3	4	0
ENSPNYG00000016219	453	451	333
ENSPNYG00000016220	0	0	0
ENSPNYG00000016221	931	857	967
ENSPNYG00000016222	0	0	0
ENSPNYG00000016223	0	0	0
ENSPNYG00000016224	0	0	0
ENSPNYG00000016225	30	104	2
ENSPNYG00000016226	2	6	2
ENSPNYG00000016227	0	0	0
ENSPNYG00000016228	0	0	0
ENSPNYG00000016229	0	0	1
ENSPNYG00000016230	3	1	6
ENSPNYG00000016231	1296	1349	995
ENSPNYG00000016232	3	10	6
ENSPNYG00000016233	0	0	0
ENSPNYG00000016234	0	0	0
ENSPNYG00000016235	0	0	3
ENSPNYG00000016236	2	2	4
ENSPNYG00000016237	5	1	4
ENSPNYG00000016238	0	0	0
ENSPNYG00000016239	293	331	217
ENSPNYG00000016240	0	0	1
ENSPNYG00000016241	4	5	4
ENSPNYG00000016242	0	2	3
ENSPNYG00000016243	0	5	8
ENSPNYG00000016244	5	1	5
ENSPNYG00000016245	0	0	0
ENSPNYG00000016246	0	5	5
ENSPNYG00000016247	0	1	1
ENSPNYG00000016248	7	7	1
ENSPNYG00000016249	17	19	22
ENSPNYG00000016250	0	0	0
ENSPNYG00000016251	0	0	0
ENSPNYG00000016252	2	3	2
ENSPNYG00000016253	2	6	5
ENSPNYG00000016254	365	516	238
ENSPNYG00000016255	2	4	8
ENSPNYG00000016256	1	0	2
ENSPNYG00000016257	9	7	9
ENSPNYG00000016258	0	0	0
ENSPNYG00000016259	2	1	0
ENSPNYG00000016260	0	0	0
ENSPNYG00000016261	0	0	0
ENSPNYG00000016262	0	0	0
ENSPNYG00000016263	748	4903	3462
ENSPNYG00000016264	0	0	0
ENSPNYG00000016265	0	0	0
ENSPNYG00000016266	1	0	0
ENSPNYG00000016267	0	0	0
ENSPNYG00000016268	3	4	7
ENSPNYG00000016269	0	0	0
ENSPNYG00000016270	0	0	0
ENSPNYG00000016271	2	0	2
ENSPNYG00000016272	0	0	0
ENSPNYG00000016273	19	7	7
ENSPNYG00000016274	0	0	0
ENSPNYG00000016275	3	2	0
ENSPNYG00000016276	5	0	4
ENSPNYG00000016277	5	3	5
ENSPNYG00000016278	6	13	8
ENSPNYG00000016279	1	3	0
ENSPNYG00000016280	1	3	0
ENSPNYG00000016281	3	0	2
ENSPNYG00000016282	0	0	0
ENSPNYG00000016283	0	0	0
ENSPNYG00000016284	0	0	0
ENSPNYG00000016285	0	0	0
ENSPNYG00000016286	0	1	0
ENSPNYG00000016287	17	62	80
ENSPNYG00000016288	0	0	0
ENSPNYG00000016289	0	0	1
ENSPNYG00000016290	0	0	0
ENSPNYG00000016291	2	1	3
ENSPNYG00000016292	33	24	22
ENSPNYG00000016293	0	0	0
ENSPNYG00000016294	0	0	0
ENSPNYG00000016295	1	0	2
ENSPNYG00000016296	0	0	0
ENSPNYG00000016297	275	133	152
ENSPNYG00000016298	0	0	0
ENSPNYG00000016299	2	1	1
ENSPNYG00000016300	0	0	0
ENSPNYG00000016301	536	268	261
ENSPNYG00000016302	1	0	0
ENSPNYG00000016303	206	135	239
ENSPNYG00000016304	0	1	0
ENSPNYG00000016305	14	17	15
ENSPNYG00000016306	10	5	6
ENSPNYG00000016307	9	4	5
ENSPNYG00000016308	2	4	7
ENSPNYG00000016309	4	0	0
ENSPNYG00000016310	2	3	2
ENSPNYG00000016311	4	2	7
ENSPNYG00000016312	0	5	9
ENSPNYG00000016313	0	1	0
ENSPNYG00000016314	0	0	0
ENSPNYG00000016315	0	1	5
ENSPNYG00000016316	0	0	2
ENSPNYG00000016317	0	4	3
ENSPNYG00000016318	3	0	2
ENSPNYG00000016319	0	0	0
ENSPNYG00000016320	1	0	1
ENSPNYG00000016321	3	3	4
ENSPNYG00000016322	0	0	0
ENSPNYG00000016323	0	0	0
ENSPNYG00000016324	1	0	1
ENSPNYG00000016325	0	0	0
ENSPNYG00000016326	0	2	0
ENSPNYG00000016327	1	0	0
ENSPNYG00000016328	0	1	1
ENSPNYG00000016329	0	0	0
ENSPNYG00000016330	1	4	2
ENSPNYG00000016331	1	0	0
ENSPNYG00000016332	0	0	2
ENSPNYG00000016333	0	0	0
ENSPNYG00000016334	11	8	13
ENSPNYG00000016335	0	1	1
ENSPNYG00000016336	5	2	1
ENSPNYG00000016337	0	1	1
ENSPNYG00000016338	2	1	2
ENSPNYG00000016339	17	11	16
ENSPNYG00000016340	280	152	191
ENSPNYG00000016341	0	0	0
ENSPNYG00000016342	0	0	3
ENSPNYG00000016343	0	1	0
ENSPNYG00000016344	0	0	0
ENSPNYG00000016345	0	1	2
ENSPNYG00000016346	1	5	4
ENSPNYG00000016347	0	0	1
ENSPNYG00000016348	9	3	25
ENSPNYG00000016349	0	0	0
ENSPNYG00000016350	4	5	1
ENSPNYG00000016351	1	0	0
ENSPNYG00000016352	0	0	0
ENSPNYG00000016353	5	4	2
ENSPNYG00000016354	0	0	0
ENSPNYG00000016355	4	0	1
ENSPNYG00000016356	13	8	7
ENSPNYG00000016357	0	0	0
ENSPNYG00000016358	0	0	0
ENSPNYG00000016359	6	3	5
ENSPNYG00000016360	0	0	0
ENSPNYG00000016361	1	2	8
ENSPNYG00000016362	0	0	0
ENSPNYG00000016363	3	3	7
ENSPNYG00000016364	180	115	84
ENSPNYG00000016365	0	0	0
ENSPNYG00000016366	5	4	5
ENSPNYG00000016367	0	0	0
ENSPNYG00000016368	1	4	1
ENSPNYG00000016369	119	49	46
ENSPNYG00000016370	6	1	4
ENSPNYG00000016371	0	0	0
ENSPNYG00000016372	0	0	0
ENSPNYG00000016373	0	0	3
ENSPNYG00000016374	12	10	5
ENSPNYG00000016375	0	0	2
ENSPNYG00000016376	0	1	2
ENSPNYG00000016377	0	0	2
ENSPNYG00000016378	6	2	1
ENSPNYG00000016379	0	1	1
ENSPNYG00000016380	3	2	0
ENSPNYG00000016381	0	1	1
ENSPNYG00000016382	10	0	4
ENSPNYG00000016383	0	0	0
ENSPNYG00000016384	6	1	3
ENSPNYG00000016385	0	0	0
ENSPNYG00000016386	0	0	0
ENSPNYG00000016387	1	0	0
ENSPNYG00000016388	7	6	6
ENSPNYG00000016389	0	1	1
ENSPNYG00000016390	87565	139425	133833
ENSPNYG00000016391	0	0	0
ENSPNYG00000016392	0	0	0
ENSPNYG00000016393	0	1	0
ENSPNYG00000016394	4	2	2
ENSPNYG00000016395	4	0	0
ENSPNYG00000016396	3	2	0
ENSPNYG00000016397	22	12	19
ENSPNYG00000016398	0	0	0
ENSPNYG00000016399	1	2	5
ENSPNYG00000016400	0	3	2
ENSPNYG00000016401	0	0	0
ENSPNYG00000016402	21	6	9
ENSPNYG00000016403	15	8	39
ENSPNYG00000016404	0	0	0
ENSPNYG00000016405	0	0	0
ENSPNYG00000016406	0	0	1
ENSPNYG00000016407	32	31	23
ENSPNYG00000016408	99	172	250
ENSPNYG00000016409	0	0	1
ENSPNYG00000016410	37	34	37
ENSPNYG00000016411	2	4	4
ENSPNYG00000016412	0	0	0
ENSPNYG00000016413	0	1	3
ENSPNYG00000016414	7	10	4
ENSPNYG00000016415	0	0	2
ENSPNYG00000016416	2	2	1
ENSPNYG00000016417	0	1	0
ENSPNYG00000016418	0	0	0
ENSPNYG00000016419	1	0	0
ENSPNYG00000016420	0	0	0
ENSPNYG00000016421	0	0	0
ENSPNYG00000016422	2	0	0
ENSPNYG00000016423	0	1	0
ENSPNYG00000016424	3	0	0
ENSPNYG00000016425	21	19	44
ENSPNYG00000016426	505	656	526
ENSPNYG00000016427	0	0	1
ENSPNYG00000016428	5	2	0
ENSPNYG00000016429	11	90	100
ENSPNYG00000016430	8	30	59
ENSPNYG00000016431	0	0	0
ENSPNYG00000016432	534	451	726
ENSPNYG00000016433	5	10	16
ENSPNYG00000016434	0	0	0
ENSPNYG00000016435	0	0	0
ENSPNYG00000016436	0	0	0
ENSPNYG00000016437	20	10	6
ENSPNYG00000016438	30	52	100
ENSPNYG00000016439	0	0	0
ENSPNYG00000016440	0	0	0
ENSPNYG00000016441	38	36	35
ENSPNYG00000016442	0	0	0
ENSPNYG00000016443	1	0	1
ENSPNYG00000016444	12	4	3
ENSPNYG00000016445	1	1	3
ENSPNYG00000016446	0	0	0
ENSPNYG00000016447	0	0	0
ENSPNYG00000016448	0	0	0
ENSPNYG00000016449	0	0	1
ENSPNYG00000016450	0	0	2
ENSPNYG00000016451	0	0	0
ENSPNYG00000016452	0	0	0
ENSPNYG00000016453	0	0	0
ENSPNYG00000016454	2	1	0
ENSPNYG00000016455	0	0	0
ENSPNYG00000016456	3	0	2
ENSPNYG00000016457	57	22	36
ENSPNYG00000016458	0	0	0
ENSPNYG00000016459	2	1	2
ENSPNYG00000016460	1	2	3
ENSPNYG00000016461	0	0	0
ENSPNYG00000016462	0	0	0
ENSPNYG00000016463	0	0	0
ENSPNYG00000016464	12	0	3
ENSPNYG00000016465	0	0	5
ENSPNYG00000016466	6	6	4
ENSPNYG00000016467	0	0	0
ENSPNYG00000016468	0	0	0
ENSPNYG00000016469	0	0	0
ENSPNYG00000016470	3	0	3
ENSPNYG00000016471	0	0	0
ENSPNYG00000016472	0	0	0
ENSPNYG00000016473	4	15	18
ENSPNYG00000016474	127	2	2
ENSPNYG00000016475	3	1	1
ENSPNYG00000016476	0	0	0
ENSPNYG00000016477	1	5	10
ENSPNYG00000016478	3	1	0
ENSPNYG00000016479	0	2	0
ENSPNYG00000016480	7	3	3
ENSPNYG00000016481	911	662	794
ENSPNYG00000016482	0	0	0
ENSPNYG00000016483	0	0	0
ENSPNYG00000016484	0	0	0
ENSPNYG00000016485	0	0	0
ENSPNYG00000016486	0	0	0
ENSPNYG00000016487	7	5	5
ENSPNYG00000016488	3	2	8
ENSPNYG00000016489	0	0	4
ENSPNYG00000016490	440	624	546
ENSPNYG00000016491	15	11	6
ENSPNYG00000016492	4	0	0
ENSPNYG00000016493	57	38	28
ENSPNYG00000016494	1	0	3
ENSPNYG00000016495	0	0	0
ENSPNYG00000016496	0	0	0
ENSPNYG00000016497	0	0	0
ENSPNYG00000016498	0	0	0
ENSPNYG00000016499	13	2	9
ENSPNYG00000016500	0	0	1
ENSPNYG00000016501	0	0	0
ENSPNYG00000016502	4	2	1
ENSPNYG00000016503	0	0	0
ENSPNYG00000016504	1	1	1
ENSPNYG00000016505	5	12	7
ENSPNYG00000016506	0	0	0
ENSPNYG00000016507	32	23	39
ENSPNYG00000016508	0	0	0
ENSPNYG00000016509	0	0	0
ENSPNYG00000016510	4	2	0
ENSPNYG00000016511	1	0	0
ENSPNYG00000016512	7	6	7
ENSPNYG00000016513	0	5	3
ENSPNYG00000016514	0	0	0
ENSPNYG00000016515	0	0	0
ENSPNYG00000016516	0	0	0
ENSPNYG00000016517	0	0	0
ENSPNYG00000016518	0	0	0
ENSPNYG00000016519	0	0	2
ENSPNYG00000016520	0	0	0
ENSPNYG00000016521	0	0	0
ENSPNYG00000016522	1	0	0
ENSPNYG00000016523	2	0	1
ENSPNYG00000016524	1	0	3
ENSPNYG00000016525	0	0	0
ENSPNYG00000016526	0	0	0
ENSPNYG00000016527	2	1	3
ENSPNYG00000016528	4	4	4
ENSPNYG00000016529	6	2	1
ENSPNYG00000016530	4	6	2
ENSPNYG00000016531	1	0	2
ENSPNYG00000016532	0	2	2
ENSPNYG00000016533	0	0	0
ENSPNYG00000016534	0	1	0
ENSPNYG00000016535	0	0	0
ENSPNYG00000016536	0	0	0
ENSPNYG00000016537	1	2	1
ENSPNYG00000016538	1	0	0
ENSPNYG00000016539	226	174	346
ENSPNYG00000016540	15	8	10
ENSPNYG00000016541	2	1	0
ENSPNYG00000016542	1	6	7
ENSPNYG00000016543	8	2	0
ENSPNYG00000016544	0	0	0
ENSPNYG00000016545	0	0	0
ENSPNYG00000016546	5	1	0
ENSPNYG00000016547	1	0	3
ENSPNYG00000016548	1	2	0
ENSPNYG00000016549	2	1	9
ENSPNYG00000016550	0	0	0
ENSPNYG00000016551	8	0	0
ENSPNYG00000016552	0	0	0
ENSPNYG00000016553	0	0	0
ENSPNYG00000016554	2	1	4
ENSPNYG00000016555	1	3	4
ENSPNYG00000016556	0	1	1
ENSPNYG00000016557	4	0	1
ENSPNYG00000016558	9	3	1
ENSPNYG00000016559	0	0	2
ENSPNYG00000016560	0	0	0
ENSPNYG00000016561	0	0	1
ENSPNYG00000016562	4	8	7
ENSPNYG00000016563	0	0	1
ENSPNYG00000016564	0	0	0
ENSPNYG00000016565	0	0	0
ENSPNYG00000016566	0	0	0
ENSPNYG00000016567	0	0	0
ENSPNYG00000016568	0	2	0
ENSPNYG00000016569	0	0	0
ENSPNYG00000016570	4	1	0
ENSPNYG00000016571	6	2	0
ENSPNYG00000016572	0	0	0
ENSPNYG00000016573	0	0	0
ENSPNYG00000016574	2	0	0
ENSPNYG00000016575	0	1	0
ENSPNYG00000016576	0	0	3
ENSPNYG00000016577	6	1	5
ENSPNYG00000016578	1	0	3
ENSPNYG00000016579	8	13	28
ENSPNYG00000016580	0	1	0
ENSPNYG00000016581	0	0	0
ENSPNYG00000016582	1	0	2
ENSPNYG00000016583	0	0	0
ENSPNYG00000016584	5	3	8
ENSPNYG00000016585	0	0	0
ENSPNYG00000016586	1	3	0
ENSPNYG00000016587	0	0	0
ENSPNYG00000016588	5	2	3
ENSPNYG00000016589	6	7	7
ENSPNYG00000016590	4	0	0
ENSPNYG00000016591	1	1	0
ENSPNYG00000016592	0	7	21
ENSPNYG00000016593	0	0	0
ENSPNYG00000016594	1	0	1
ENSPNYG00000016595	0	0	0
ENSPNYG00000016596	102	82	86
ENSPNYG00000016597	3	0	2
ENSPNYG00000016598	1	4	3
ENSPNYG00000016599	2	1	3
ENSPNYG00000016600	98	6	159
ENSPNYG00000016601	393	586	446
ENSPNYG00000016602	4	4	4
ENSPNYG00000016603	1	2	0
ENSPNYG00000016604	0	0	1
ENSPNYG00000016605	1	3	4
ENSPNYG00000016606	123	73	133
ENSPNYG00000016607	0	0	0
ENSPNYG00000016608	8	4	8
ENSPNYG00000016609	2	0	1
ENSPNYG00000016610	0	0	0
ENSPNYG00000016611	2	0	1
ENSPNYG00000016612	0	1	3
ENSPNYG00000016613	42	21	31
ENSPNYG00000016614	20	46	46
ENSPNYG00000016615	2286	2258	2481
ENSPNYG00000016616	31	26	36
ENSPNYG00000016617	2	1	2
ENSPNYG00000016618	0	0	0
ENSPNYG00000016619	0	0	0
ENSPNYG00000016620	3	5	3
ENSPNYG00000016621	2	2	0
ENSPNYG00000016622	0	0	1
ENSPNYG00000016623	3	2	0
ENSPNYG00000016624	0	0	0
ENSPNYG00000016625	1	0	0
ENSPNYG00000016626	57	28	24
ENSPNYG00000016627	0	0	0
ENSPNYG00000016628	1	1	0
ENSPNYG00000016629	4	0	0
ENSPNYG00000016630	0	0	0
ENSPNYG00000016631	0	0	0
ENSPNYG00000016632	0	0	0
ENSPNYG00000016633	0	1	0
ENSPNYG00000016634	1	0	0
ENSPNYG00000016635	0	0	0
ENSPNYG00000016636	5	1	2
ENSPNYG00000016637	0	0	0
ENSPNYG00000016638	2	0	2
ENSPNYG00000016639	5	4	2
ENSPNYG00000016640	3	2	0
ENSPNYG00000016641	3	0	2
ENSPNYG00000016642	1	2	3
ENSPNYG00000016643	0	0	0
ENSPNYG00000016644	347	189	160
ENSPNYG00000016645	1	0	0
ENSPNYG00000016646	0	1	2
ENSPNYG00000016647	18	1	6
ENSPNYG00000016648	4	2	1
ENSPNYG00000016649	7	12	33
ENSPNYG00000016650	4	3	2
ENSPNYG00000016651	4	0	2
ENSPNYG00000016652	0	0	1
ENSPNYG00000016653	0	0	0
ENSPNYG00000016654	1	0	0
ENSPNYG00000016655	0	0	0
ENSPNYG00000016656	2	0	0
ENSPNYG00000016657	2	8	11
ENSPNYG00000016658	431	222	380
ENSPNYG00000016659	1	5	0
ENSPNYG00000016660	1	0	0
ENSPNYG00000016661	1	1	0
ENSPNYG00000016662	3	1	13
ENSPNYG00000016663	0	0	0
ENSPNYG00000016664	1	3	1
ENSPNYG00000016665	0	0	0
ENSPNYG00000016666	2	2	1
ENSPNYG00000016667	0	0	0
ENSPNYG00000016668	0	0	0
ENSPNYG00000016669	20	33	16
ENSPNYG00000016670	0	0	0
ENSPNYG00000016671	0	0	0
ENSPNYG00000016672	2355	903	1790
ENSPNYG00000016673	4	0	5
ENSPNYG00000016674	0	1	0
ENSPNYG00000016675	37	63	175
ENSPNYG00000016676	1	10	11
ENSPNYG00000016677	2	0	3
ENSPNYG00000016678	0	0	1
ENSPNYG00000016679	57	47	61
ENSPNYG00000016680	0	0	1
ENSPNYG00000016681	2	0	0
ENSPNYG00000016682	5	2	3
ENSPNYG00000016683	4	2	3
ENSPNYG00000016684	0	0	0
ENSPNYG00000016685	2	1	0
ENSPNYG00000016686	0	0	0
ENSPNYG00000016687	8	14	9
ENSPNYG00000016688	0	0	4
ENSPNYG00000016689	0	0	0
ENSPNYG00000016690	5	8	2
ENSPNYG00000016691	3	4	13
ENSPNYG00000016692	0	0	0
ENSPNYG00000016693	4	3	4
ENSPNYG00000016694	0	0	0
ENSPNYG00000016695	8	18	5
ENSPNYG00000016696	1	3	0
ENSPNYG00000016697	17	2	3
ENSPNYG00000016698	1	0	0
ENSPNYG00000016699	0	0	0
ENSPNYG00000016700	2	0	1
ENSPNYG00000016701	5	1	1
ENSPNYG00000016702	4	5	5
ENSPNYG00000016703	0	3	0
ENSPNYG00000016704	1	1	1
ENSPNYG00000016705	0	0	0
ENSPNYG00000016706	21	30	26
ENSPNYG00000016707	0	0	0
ENSPNYG00000016708	0	3	0
ENSPNYG00000016709	0	0	5
ENSPNYG00000016710	2	0	1
ENSPNYG00000016711	2	0	0
ENSPNYG00000016712	0	0	0
ENSPNYG00000016713	0	1	0
ENSPNYG00000016714	0	0	0
ENSPNYG00000016715	0	1	7
ENSPNYG00000016716	979	467	601
ENSPNYG00000016717	1	0	0
ENSPNYG00000016718	9	10	15
ENSPNYG00000016719	4	4	10
ENSPNYG00000016720	18	18	17
ENSPNYG00000016721	2	3	7
ENSPNYG00000016722	1	3	0
ENSPNYG00000016723	3	2	3
ENSPNYG00000016724	4950	2516	2457
ENSPNYG00000016725	5	0	4
ENSPNYG00000016726	0	0	0
ENSPNYG00000016727	1	12	16
ENSPNYG00000016728	0	0	0
ENSPNYG00000016729	428	258	320
ENSPNYG00000016730	0	1	0
ENSPNYG00000016731	1	3	4
ENSPNYG00000016732	1	0	0
ENSPNYG00000016733	164	169	195
ENSPNYG00000016734	17	8	4
ENSPNYG00000016735	338	159	191
ENSPNYG00000016736	0	0	0
ENSPNYG00000016737	0	0	0
ENSPNYG00000016738	0	0	0
ENSPNYG00000016739	523	142	151
ENSPNYG00000016740	0	0	0
ENSPNYG00000016741	0	2	2
ENSPNYG00000016742	2	0	0
ENSPNYG00000016743	2	4	7
ENSPNYG00000016744	4	2	7
ENSPNYG00000016745	6	4	2
ENSPNYG00000016746	0	0	0
ENSPNYG00000016747	193	201	699
ENSPNYG00000016748	0	2	0
ENSPNYG00000016749	1	0	7
ENSPNYG00000016750	126	26	126
ENSPNYG00000016751	175	175	192
ENSPNYG00000016752	0	1	1
ENSPNYG00000016753	0	0	0
ENSPNYG00000016754	0	0	1
ENSPNYG00000016755	0	1	0
ENSPNYG00000016756	0	2	2
ENSPNYG00000016757	6	10	14
ENSPNYG00000016758	3	0	1
ENSPNYG00000016759	0	0	0
ENSPNYG00000016760	0	0	0
ENSPNYG00000016761	11	0	0
ENSPNYG00000016762	0	0	1
ENSPNYG00000016763	0	0	0
ENSPNYG00000016764	0	0	0
ENSPNYG00000016765	87	327	472
ENSPNYG00000016766	0	0	0
ENSPNYG00000016767	5	5	6
ENSPNYG00000016768	1	0	0
ENSPNYG00000016769	0	0	0
ENSPNYG00000016770	7	24	26
ENSPNYG00000016771	0	0	0
ENSPNYG00000016772	0	0	0
ENSPNYG00000016773	0	0	0
ENSPNYG00000016774	0	0	0
ENSPNYG00000016775	1	0	0
ENSPNYG00000016776	221	155	208
ENSPNYG00000016777	0	0	0
ENSPNYG00000016778	0	0	0
ENSPNYG00000016779	2	0	0
ENSPNYG00000016780	11	6	6
ENSPNYG00000016781	0	4	4
ENSPNYG00000016782	0	2	0
ENSPNYG00000016783	0	0	0
ENSPNYG00000016784	16	4	2
ENSPNYG00000016785	0	0	0
ENSPNYG00000016786	1	0	0
ENSPNYG00000016787	0	0	0
ENSPNYG00000016788	4	1	2
ENSPNYG00000016789	0	0	0
ENSPNYG00000016790	2	1	3
ENSPNYG00000016791	0	0	0
ENSPNYG00000016792	1	0	0
ENSPNYG00000016793	0	0	0
ENSPNYG00000016794	7	12	5
ENSPNYG00000016795	0	0	0
ENSPNYG00000016796	3	4	4
ENSPNYG00000016797	114	45	47
ENSPNYG00000016798	14	6	17
ENSPNYG00000016799	3	0	2
ENSPNYG00000016800	1488	2404	1379
ENSPNYG00000016801	8	3	7
ENSPNYG00000016802	1	8	0
ENSPNYG00000016803	2	0	3
ENSPNYG00000016804	4	8	15
ENSPNYG00000016805	4	3	1
ENSPNYG00000016806	47	13	55
ENSPNYG00000016807	0	0	1
ENSPNYG00000016808	18	14	12
ENSPNYG00000016809	0	0	3
ENSPNYG00000016810	0	0	0
ENSPNYG00000016811	0	0	1
ENSPNYG00000016812	6	1	3
ENSPNYG00000016813	1	0	0
ENSPNYG00000016814	0	0	0
ENSPNYG00000016815	1	0	0
ENSPNYG00000016816	192	92	145
ENSPNYG00000016817	0	2	1
ENSPNYG00000016818	5	6	3
ENSPNYG00000016819	17	4	8
ENSPNYG00000016820	0	0	2
ENSPNYG00000016821	377	338	818
ENSPNYG00000016822	0	0	0
ENSPNYG00000016823	1	0	0
ENSPNYG00000016824	1	0	0
ENSPNYG00000016825	0	0	1
ENSPNYG00000016826	0	0	0
ENSPNYG00000016827	0	1	0
ENSPNYG00000016828	0	0	0
ENSPNYG00000016829	0	0	5
ENSPNYG00000016830	2	0	2
ENSPNYG00000016831	1	1	3
ENSPNYG00000016832	0	0	0
ENSPNYG00000016833	7	1	0
ENSPNYG00000016834	0	0	0
ENSPNYG00000016835	0	1	3
ENSPNYG00000016836	0	0	1
ENSPNYG00000016837	2	6	6
ENSPNYG00000016838	0	0	0
ENSPNYG00000016839	4	6	4
ENSPNYG00000016840	0	1	2
ENSPNYG00000016841	1	4	5
ENSPNYG00000016842	3	0	2
ENSPNYG00000016843	0	0	0
ENSPNYG00000016844	13	4	10
ENSPNYG00000016845	4	6	7
ENSPNYG00000016846	0	0	0
ENSPNYG00000016847	0	2	4
ENSPNYG00000016848	2	0	1
ENSPNYG00000016849	6	2	8
ENSPNYG00000016850	10	3	7
ENSPNYG00000016851	172	267	213
ENSPNYG00000016852	2	0	4
ENSPNYG00000016853	1	8	12
ENSPNYG00000016854	2	0	1
ENSPNYG00000016855	26	14	14
ENSPNYG00000016856	4	1	2
ENSPNYG00000016857	18	4	15
ENSPNYG00000016858	3	4	5
ENSPNYG00000016859	0	0	0
ENSPNYG00000016860	0	1	0
ENSPNYG00000016861	0	0	5
ENSPNYG00000016862	0	0	0
ENSPNYG00000016863	2	3	4
ENSPNYG00000016864	15	0	0
ENSPNYG00000016865	23	31	36
ENSPNYG00000016866	1	3	0
ENSPNYG00000016867	2	1	0
ENSPNYG00000016868	0	0	0
ENSPNYG00000016869	0	0	0
ENSPNYG00000016870	1	0	0
ENSPNYG00000016871	7	2	1
ENSPNYG00000016872	1	1	0
ENSPNYG00000016873	2	1	4
ENSPNYG00000016874	0	0	0
ENSPNYG00000016875	18	15	4
ENSPNYG00000016876	0	0	0
ENSPNYG00000016877	0	0	2
ENSPNYG00000016878	0	0	0
ENSPNYG00000016879	0	0	0
ENSPNYG00000016880	0	0	0
ENSPNYG00000016881	1757	2267	2262
ENSPNYG00000016882	0	0	0
ENSPNYG00000016883	3668	4326	4052
ENSPNYG00000016884	0	0	6
ENSPNYG00000016885	8	50	40
ENSPNYG00000016886	0	0	1
ENSPNYG00000016887	1500	878	1611
ENSPNYG00000016888	0	0	0
ENSPNYG00000016889	0	0	0
ENSPNYG00000016890	30	29	15
ENSPNYG00000016891	42	17	30
ENSPNYG00000016892	0	1	3
ENSPNYG00000016893	5	0	3
ENSPNYG00000016894	0	0	0
ENSPNYG00000016895	0	0	1
ENSPNYG00000016896	0	0	0
ENSPNYG00000016897	3	4	8
ENSPNYG00000016898	0	0	0
ENSPNYG00000016899	1	0	1
ENSPNYG00000016900	0	0	3
ENSPNYG00000016901	0	0	0
ENSPNYG00000016902	0	3	1
ENSPNYG00000016903	0	0	0
ENSPNYG00000016904	3	1	0
ENSPNYG00000016905	82	130	124
ENSPNYG00000016906	0	1	0
ENSPNYG00000016907	0	0	0
ENSPNYG00000016908	2	5	3
ENSPNYG00000016909	1	1	5
ENSPNYG00000016910	0	0	0
ENSPNYG00000016911	2	0	1
ENSPNYG00000016912	2	3	2
ENSPNYG00000016913	1	1	1
ENSPNYG00000016914	4	6	5
ENSPNYG00000016915	2	3	5
ENSPNYG00000016916	3	2	0
ENSPNYG00000016917	0	0	1
ENSPNYG00000016918	0	0	0
ENSPNYG00000016919	0	0	0
ENSPNYG00000016920	2	1	2
ENSPNYG00000016921	67	34	44
ENSPNYG00000016922	0	0	0
ENSPNYG00000016923	0	0	0
ENSPNYG00000016924	0	0	3
ENSPNYG00000016925	0	0	0
ENSPNYG00000016926	3	2	0
ENSPNYG00000016927	0	0	0
ENSPNYG00000016928	2	1	5
ENSPNYG00000016929	0	0	0
ENSPNYG00000016930	0	0	0
ENSPNYG00000016931	6	0	7
ENSPNYG00000016932	1	2	0
ENSPNYG00000016933	24	112	94
ENSPNYG00000016934	1	0	0
ENSPNYG00000016935	3	6	4
ENSPNYG00000016936	3	5	4
ENSPNYG00000016937	0	1	1
ENSPNYG00000016938	4	2	3
ENSPNYG00000016939	0	0	1
ENSPNYG00000016940	3	0	7
ENSPNYG00000016941	34	41	78
ENSPNYG00000016942	7	0	0
ENSPNYG00000016943	3	0	2
ENSPNYG00000016944	1	4	2
ENSPNYG00000016945	0	0	0
ENSPNYG00000016946	0	0	0
ENSPNYG00000016947	0	3	3
ENSPNYG00000016948	1	3	1
ENSPNYG00000016949	4	6	2
ENSPNYG00000016950	1	0	1
ENSPNYG00000016951	0	0	0
ENSPNYG00000016952	0	0	2
ENSPNYG00000016953	0	1	0
ENSPNYG00000016954	0	0	0
ENSPNYG00000016955	0	0	1
ENSPNYG00000016956	0	0	0
ENSPNYG00000016957	10	9	6
ENSPNYG00000016958	1	2	1
ENSPNYG00000016959	1	0	0
ENSPNYG00000016960	33	26	18
ENSPNYG00000016961	0	0	2
ENSPNYG00000016962	8	29	17
ENSPNYG00000016963	0	0	0
ENSPNYG00000016964	0	0	1
ENSPNYG00000016965	0	0	0
ENSPNYG00000016966	22	35	27
ENSPNYG00000016967	2	0	1
ENSPNYG00000016968	14	10	5
ENSPNYG00000016969	6	1	5
ENSPNYG00000016970	1	5	5
ENSPNYG00000016971	11	6	11
ENSPNYG00000016972	0	0	0
ENSPNYG00000016973	1	3	1
ENSPNYG00000016974	882	670	805
ENSPNYG00000016975	0	0	1
ENSPNYG00000016976	6	2	0
ENSPNYG00000016977	2	0	1
ENSPNYG00000016978	1	3	1
ENSPNYG00000016979	4	3	1
ENSPNYG00000016980	0	0	1
ENSPNYG00000016981	0	0	2
ENSPNYG00000016982	0	0	0
ENSPNYG00000016983	5	4	0
ENSPNYG00000016984	5	1	0
ENSPNYG00000016985	17	15	37
ENSPNYG00000016986	0	0	0
ENSPNYG00000016987	0	0	0
ENSPNYG00000016988	0	0	0
ENSPNYG00000016989	0	0	3
ENSPNYG00000016990	0	0	0
ENSPNYG00000016991	0	0	0
ENSPNYG00000016992	1098	609	1461
ENSPNYG00000016993	0	0	0
ENSPNYG00000016994	0	1	0
ENSPNYG00000016995	9	11	15
ENSPNYG00000016996	0	0	0
ENSPNYG00000016997	2	3	8
ENSPNYG00000016998	1	1	2
ENSPNYG00000016999	9676	7556	10222
ENSPNYG00000017000	0	0	0
ENSPNYG00000017001	0	3	0
ENSPNYG00000017002	6	3	1
ENSPNYG00000017003	1	3	1
ENSPNYG00000017004	2	0	0
ENSPNYG00000017005	31	30	51
ENSPNYG00000017006	4	3	3
ENSPNYG00000017007	12	3	4
ENSPNYG00000017008	0	0	0
ENSPNYG00000017009	2	0	1
ENSPNYG00000017010	17	4	7
ENSPNYG00000017011	0	0	0
ENSPNYG00000017012	0	0	0
ENSPNYG00000017013	39	303	369
ENSPNYG00000017014	0	0	0
ENSPNYG00000017015	0	1	0
ENSPNYG00000017016	111	78	98
ENSPNYG00000017017	3	2	3
ENSPNYG00000017018	9	6	2
ENSPNYG00000017019	762	798	641
ENSPNYG00000017020	0	0	0
ENSPNYG00000017021	0	0	0
ENSPNYG00000017022	2	0	0
ENSPNYG00000017023	0	0	0
ENSPNYG00000017024	179	109	118
ENSPNYG00000017025	15	0	5
ENSPNYG00000017026	13	5	7
ENSPNYG00000017027	6	3	4
ENSPNYG00000017028	0	0	0
ENSPNYG00000017029	0	0	2
ENSPNYG00000017030	8	6	11
ENSPNYG00000017031	0	0	0
ENSPNYG00000017032	2	3	1
ENSPNYG00000017033	2	1	2
ENSPNYG00000017034	13	6	18
ENSPNYG00000017035	18	11	11
ENSPNYG00000017036	220	177	131
ENSPNYG00000017037	0	0	0
ENSPNYG00000017038	3	6	5
ENSPNYG00000017039	0	0	0
ENSPNYG00000017040	43	22	52
ENSPNYG00000017041	850	327	687
ENSPNYG00000017042	0	0	1
ENSPNYG00000017043	10	5	11
ENSPNYG00000017044	4	2	1
ENSPNYG00000017045	2	1	1
ENSPNYG00000017046	0	0	1
ENSPNYG00000017047	5	2	0
ENSPNYG00000017048	0	1	0
ENSPNYG00000017049	0	0	0
ENSPNYG00000017050	1	1	0
ENSPNYG00000017051	0	0	0
ENSPNYG00000017052	1	0	0
ENSPNYG00000017053	1	1	2
ENSPNYG00000017054	0	0	0
ENSPNYG00000017055	1	0	0
ENSPNYG00000017056	4	8	4
ENSPNYG00000017057	0	0	0
ENSPNYG00000017058	133	145	276
ENSPNYG00000017059	0	8	3
ENSPNYG00000017060	0	0	0
ENSPNYG00000017061	0	0	0
ENSPNYG00000017062	0	0	0
ENSPNYG00000017063	0	0	0
ENSPNYG00000017064	11	0	7
ENSPNYG00000017065	0	0	0
ENSPNYG00000017066	1	0	0
ENSPNYG00000017067	1	0	0
ENSPNYG00000017068	1	0	0
ENSPNYG00000017069	34	40	20
ENSPNYG00000017070	14	4	9
ENSPNYG00000017071	0	0	2
ENSPNYG00000017072	2	3	3
ENSPNYG00000017073	15	17	24
ENSPNYG00000017074	0	0	0
ENSPNYG00000017075	1	5	21
ENSPNYG00000017076	0	0	0
ENSPNYG00000017077	24	26	44
ENSPNYG00000017078	0	0	1
ENSPNYG00000017079	0	4	0
ENSPNYG00000017080	6788	4919	6597
ENSPNYG00000017081	4	2	7
ENSPNYG00000017082	0	0	0
ENSPNYG00000017083	1	1	5
ENSPNYG00000017084	159	81	171
ENSPNYG00000017085	0	0	1
ENSPNYG00000017086	0	0	0
ENSPNYG00000017087	9	6	9
ENSPNYG00000017088	7	6	4
ENSPNYG00000017089	0	0	0
ENSPNYG00000017090	3	0	2
ENSPNYG00000017091	3	1	3
ENSPNYG00000017092	401	133	211
ENSPNYG00000017093	2	2	2
ENSPNYG00000017094	0	0	1
ENSPNYG00000017095	0	0	0
ENSPNYG00000017096	16	5	3
ENSPNYG00000017097	0	0	0
ENSPNYG00000017098	41	57	29
ENSPNYG00000017099	5	1	0
ENSPNYG00000017100	2	5	3
ENSPNYG00000017101	0	0	0
ENSPNYG00000017102	1	2	13
ENSPNYG00000017103	36	2	11
ENSPNYG00000017104	19	14	13
ENSPNYG00000017105	0	1	0
ENSPNYG00000017106	14	5	11
ENSPNYG00000017107	0	0	0
ENSPNYG00000017108	0	0	0
ENSPNYG00000017109	0	1	2
ENSPNYG00000017110	0	4	18
ENSPNYG00000017111	0	0	0
ENSPNYG00000017112	188	277	229
ENSPNYG00000017113	0	0	0
ENSPNYG00000017114	17	13	10
ENSPNYG00000017115	9	7	10
ENSPNYG00000017116	3	0	0
ENSPNYG00000017117	6	3	5
ENSPNYG00000017118	1	0	0
ENSPNYG00000017119	0	0	0
ENSPNYG00000017120	0	0	0
ENSPNYG00000017121	0	0	0
ENSPNYG00000017122	0	0	0
ENSPNYG00000017123	28	10	37
ENSPNYG00000017124	0	0	0
ENSPNYG00000017125	0	0	0
ENSPNYG00000017126	2	0	1
ENSPNYG00000017127	2	0	2
ENSPNYG00000017128	1	2	4
ENSPNYG00000017129	0	0	1
ENSPNYG00000017130	0	0	0
ENSPNYG00000017131	1	0	5
ENSPNYG00000017132	5542	3754	4030
ENSPNYG00000017133	0	0	1
ENSPNYG00000017134	0	1	4
ENSPNYG00000017135	0	0	0
ENSPNYG00000017136	0	0	1
ENSPNYG00000017137	0	0	2
ENSPNYG00000017138	191	215	225
ENSPNYG00000017139	3	0	0
ENSPNYG00000017140	0	0	0
ENSPNYG00000017141	0	1	2
ENSPNYG00000017142	1	3	0
ENSPNYG00000017143	0	0	0
ENSPNYG00000017144	0	0	0
ENSPNYG00000017145	1	0	0
ENSPNYG00000017146	2	5	2
ENSPNYG00000017147	0	0	0
ENSPNYG00000017148	109	92	205
ENSPNYG00000017149	3	1	2
ENSPNYG00000017150	2	0	1
ENSPNYG00000017151	8	0	2
ENSPNYG00000017152	5	1	4
ENSPNYG00000017153	541	271	352
ENSPNYG00000017154	0	1	0
ENSPNYG00000017155	772	413	631
ENSPNYG00000017156	0	0	0
ENSPNYG00000017157	16	17	24
ENSPNYG00000017158	3	0	0
ENSPNYG00000017159	1	0	1
ENSPNYG00000017160	10	0	4
ENSPNYG00000017161	1	0	0
ENSPNYG00000017162	83	43	80
ENSPNYG00000017163	0	0	0
ENSPNYG00000017164	1	1	1
ENSPNYG00000017165	0	2	0
ENSPNYG00000017166	6	0	4
ENSPNYG00000017167	1	3	1
ENSPNYG00000017168	861	413	529
ENSPNYG00000017169	3	0	0
ENSPNYG00000017170	0	1	0
ENSPNYG00000017171	0	0	0
ENSPNYG00000017172	2	0	0
ENSPNYG00000017173	14	5	6
ENSPNYG00000017174	1	2	2
ENSPNYG00000017175	11	3	19
ENSPNYG00000017176	0	2	0
ENSPNYG00000017177	1	0	2
ENSPNYG00000017178	0	0	2
ENSPNYG00000017179	1	2	0
ENSPNYG00000017180	1	11	4
ENSPNYG00000017181	0	0	0
ENSPNYG00000017182	5	2	2
ENSPNYG00000017183	0	1	1
ENSPNYG00000017184	3	2	0
ENSPNYG00000017185	0	0	0
ENSPNYG00000017186	5	3	12
ENSPNYG00000017187	1	2	2
ENSPNYG00000017188	5	4	1
ENSPNYG00000017189	0	1	0
ENSPNYG00000017190	0	0	0
ENSPNYG00000017191	0	0	0
ENSPNYG00000017192	0	0	0
ENSPNYG00000017193	0	0	0
ENSPNYG00000017194	1	0	0
ENSPNYG00000017195	0	0	0
ENSPNYG00000017196	972	1304	1660
ENSPNYG00000017197	0	1	0
ENSPNYG00000017198	0	1	7
ENSPNYG00000017199	2	0	0
ENSPNYG00000017200	0	1	0
ENSPNYG00000017201	0	0	0
ENSPNYG00000017202	8	8	10
ENSPNYG00000017203	0	0	0
ENSPNYG00000017204	0	1	0
ENSPNYG00000017205	4	0	6
ENSPNYG00000017206	0	2	0
ENSPNYG00000017207	0	0	3
ENSPNYG00000017208	4	0	0
ENSPNYG00000017209	0	0	0
ENSPNYG00000017210	38	30	45
ENSPNYG00000017211	30	9	0
ENSPNYG00000017212	1	2	2
ENSPNYG00000017213	1	0	0
ENSPNYG00000017214	0	0	0
ENSPNYG00000017215	0	0	3
ENSPNYG00000017216	10	14	6
ENSPNYG00000017217	1	0	0
ENSPNYG00000017218	1	2	6
ENSPNYG00000017219	0	3	0
ENSPNYG00000017220	0	0	0
ENSPNYG00000017221	2	3	2
ENSPNYG00000017222	0	0	0
ENSPNYG00000017223	4	0	0
ENSPNYG00000017224	0	0	0
ENSPNYG00000017225	0	1	0
ENSPNYG00000017226	0	3	3
ENSPNYG00000017227	1	3	3
ENSPNYG00000017228	0	1	1
ENSPNYG00000017229	3	0	1
ENSPNYG00000017230	7	15	15
ENSPNYG00000017231	0	2	2
ENSPNYG00000017232	370	465	436
ENSPNYG00000017233	2	0	2
ENSPNYG00000017234	13	3	2
ENSPNYG00000017235	1	1	0
ENSPNYG00000017236	0	0	0
ENSPNYG00000017237	0	0	0
ENSPNYG00000017238	43	102	135
ENSPNYG00000017239	6	1	0
ENSPNYG00000017240	1	1	2
ENSPNYG00000017241	4	0	4
ENSPNYG00000017242	1	0	1
ENSPNYG00000017243	8	2	0
ENSPNYG00000017244	11	37	30
ENSPNYG00000017245	0	0	0
ENSPNYG00000017246	3	1	3
ENSPNYG00000017247	5	0	4
ENSPNYG00000017248	1	0	0
ENSPNYG00000017249	50	17	50
ENSPNYG00000017250	70	27	24
ENSPNYG00000017251	7	4	3
ENSPNYG00000017252	1	3	4
ENSPNYG00000017253	5	8	1
ENSPNYG00000017254	6	0	9
ENSPNYG00000017255	2	1	0
ENSPNYG00000017256	0	3	2
ENSPNYG00000017257	1	0	0
ENSPNYG00000017258	293	218	348
ENSPNYG00000017259	2	3	1
ENSPNYG00000017260	0	1	0
ENSPNYG00000017261	2821	2011	1600
ENSPNYG00000017262	0	0	0
ENSPNYG00000017263	3	1	2
ENSPNYG00000017264	13	6	16
ENSPNYG00000017265	1	1	3
ENSPNYG00000017266	83	244	241
ENSPNYG00000017267	17	30	32
ENSPNYG00000017268	0	0	1
ENSPNYG00000017269	0	0	0
ENSPNYG00000017270	3	0	2
ENSPNYG00000017271	21	14	8
ENSPNYG00000017272	0	0	0
ENSPNYG00000017273	0	0	2
ENSPNYG00000017274	1	1	5
ENSPNYG00000017275	1	0	2
ENSPNYG00000017276	0	0	0
ENSPNYG00000017277	0	0	0
ENSPNYG00000017278	1	0	0
ENSPNYG00000017279	0	0	0
ENSPNYG00000017280	42	9	20
ENSPNYG00000017281	0	0	0
ENSPNYG00000017282	2	0	1
ENSPNYG00000017283	1	0	1
ENSPNYG00000017284	2	1	3
ENSPNYG00000017285	0	0	0
ENSPNYG00000017286	0	0	0
ENSPNYG00000017287	8	9	17
ENSPNYG00000017288	0	2	0
ENSPNYG00000017289	12	2	3
ENSPNYG00000017290	5	3	6
ENSPNYG00000017291	0	0	2
ENSPNYG00000017292	2	7	3
ENSPNYG00000017293	1	1	0
ENSPNYG00000017294	0	0	0
ENSPNYG00000017295	15	5	3
ENSPNYG00000017296	0	0	0
ENSPNYG00000017297	0	0	0
ENSPNYG00000017298	491	588	621
ENSPNYG00000017299	1	3	0
ENSPNYG00000017300	0	3	0
ENSPNYG00000017301	0	0	0
ENSPNYG00000017302	0	0	0
ENSPNYG00000017303	0	0	0
ENSPNYG00000017304	0	0	0
ENSPNYG00000017305	0	2	0
ENSPNYG00000017306	0	0	1
ENSPNYG00000017307	15	10	11
ENSPNYG00000017308	2	1	7
ENSPNYG00000017309	1	0	4
ENSPNYG00000017310	2	2	3
ENSPNYG00000017311	4	10	4
ENSPNYG00000017312	1	0	0
ENSPNYG00000017313	9	8	6
ENSPNYG00000017314	4	3	6
ENSPNYG00000017315	0	1	1
ENSPNYG00000017316	48	64	58
ENSPNYG00000017317	0	0	0
ENSPNYG00000017318	3	1	6
ENSPNYG00000017319	3	0	5
ENSPNYG00000017320	581	46	29
ENSPNYG00000017321	0	0	0
ENSPNYG00000017322	533	305	356
ENSPNYG00000017323	1388	1048	1186
ENSPNYG00000017324	0	0	0
ENSPNYG00000017325	1515	1157	982
ENSPNYG00000017326	1	4	2
ENSPNYG00000017327	0	0	0
ENSPNYG00000017328	0	0	0
ENSPNYG00000017329	80	79	92
ENSPNYG00000017330	14	18	26
ENSPNYG00000017331	0	0	0
ENSPNYG00000017332	6	6	2
ENSPNYG00000017333	0	9	5
ENSPNYG00000017334	0	0	0
ENSPNYG00000017335	0	0	0
ENSPNYG00000017336	1	2	1
ENSPNYG00000017337	6	6	6
ENSPNYG00000017338	1	2	2
ENSPNYG00000017339	0	1	1
ENSPNYG00000017340	5	0	5
ENSPNYG00000017341	0	0	0
ENSPNYG00000017342	0	1	0
ENSPNYG00000017343	0	0	0
ENSPNYG00000017344	1	0	1
ENSPNYG00000017345	2	0	0
ENSPNYG00000017346	0	0	0
ENSPNYG00000017347	10	3	8
ENSPNYG00000017348	75	42	78
ENSPNYG00000017349	5	1	7
ENSPNYG00000017350	3	7	4
ENSPNYG00000017351	1	1	3
ENSPNYG00000017352	0	3	2
ENSPNYG00000017353	0	2	2
ENSPNYG00000017354	0	0	1
ENSPNYG00000017355	0	1	5
ENSPNYG00000017356	52	62	36
ENSPNYG00000017357	0	0	4
ENSPNYG00000017358	3	0	2
ENSPNYG00000017359	2	6	3
ENSPNYG00000017360	414	121	7
ENSPNYG00000017361	5	5	4
ENSPNYG00000017362	1	1	0
ENSPNYG00000017363	159	98	43
ENSPNYG00000017364	1	0	0
ENSPNYG00000017365	1	6	6
ENSPNYG00000017366	28	20	21
ENSPNYG00000017367	0	0	0
ENSPNYG00000017368	3	1	2
ENSPNYG00000017369	0	0	0
ENSPNYG00000017370	0	0	0
ENSPNYG00000017371	0	1	2
ENSPNYG00000017372	0	0	0
ENSPNYG00000017373	0	1	0
ENSPNYG00000017374	0	0	0
ENSPNYG00000017375	1	0	2
ENSPNYG00000017376	0	0	0
ENSPNYG00000017377	1	2	2
ENSPNYG00000017378	82	33	24
ENSPNYG00000017379	1	1	2
ENSPNYG00000017380	0	1	0
ENSPNYG00000017381	2	0	0
ENSPNYG00000017382	23	7	11
ENSPNYG00000017383	2	0	0
ENSPNYG00000017384	0	0	0
ENSPNYG00000017385	7	2	12
ENSPNYG00000017386	3	3	3
ENSPNYG00000017387	0	0	0
ENSPNYG00000017388	0	0	1
ENSPNYG00000017389	1	2	4
ENSPNYG00000017390	2	1	0
ENSPNYG00000017391	1	0	0
ENSPNYG00000017392	0	0	2
ENSPNYG00000017393	4	0	0
ENSPNYG00000017394	0	0	0
ENSPNYG00000017395	0	0	0
ENSPNYG00000017396	85	47	37
ENSPNYG00000017397	1213	234	655
ENSPNYG00000017398	0	0	0
ENSPNYG00000017399	0	0	0
ENSPNYG00000017400	0	0	1
ENSPNYG00000017401	8	6	9
ENSPNYG00000017402	2	0	1
ENSPNYG00000017403	63	120	113
ENSPNYG00000017404	9	12	9
ENSPNYG00000017405	7	5	7
ENSPNYG00000017406	0	0	2
ENSPNYG00000017407	1	6	4
ENSPNYG00000017408	0	0	0
ENSPNYG00000017409	16	15	14
ENSPNYG00000017410	0	0	0
ENSPNYG00000017411	42	26	18
ENSPNYG00000017412	7	1	7
ENSPNYG00000017413	2390	2762	2981
ENSPNYG00000017414	3	2	5
ENSPNYG00000017415	0	0	0
ENSPNYG00000017416	5	6	2
ENSPNYG00000017417	0	0	1
ENSPNYG00000017418	2	1	0
ENSPNYG00000017419	2	0	0
ENSPNYG00000017420	1	0	0
ENSPNYG00000017421	7	7	13
ENSPNYG00000017422	1925	2128	2060
ENSPNYG00000017423	0	0	1
ENSPNYG00000017424	24	8	11
ENSPNYG00000017425	5	3	1
ENSPNYG00000017426	3	3	2
ENSPNYG00000017427	22	9	14
ENSPNYG00000017428	1242	2084	1251
ENSPNYG00000017429	1	2	2
ENSPNYG00000017430	0	16	4
ENSPNYG00000017431	0	0	0
ENSPNYG00000017432	2	0	0
ENSPNYG00000017433	30	3	18
ENSPNYG00000017434	4	2	6
ENSPNYG00000017435	0	0	0
ENSPNYG00000017436	3	2	6
ENSPNYG00000017437	0	0	1
ENSPNYG00000017438	6	6	8
ENSPNYG00000017439	3	3	3
ENSPNYG00000017440	28	25	23
ENSPNYG00000017441	4	2	0
ENSPNYG00000017442	7	1	1
ENSPNYG00000017443	0	0	1
ENSPNYG00000017444	23	4	15
ENSPNYG00000017445	0	0	0
ENSPNYG00000017446	0	4	4
ENSPNYG00000017447	1	1	5
ENSPNYG00000017448	1	8	10
ENSPNYG00000017449	0	0	0
ENSPNYG00000017450	89	170	259
ENSPNYG00000017451	4	1	0
ENSPNYG00000017452	2	0	2
ENSPNYG00000017453	0	0	1
ENSPNYG00000017454	0	0	0
ENSPNYG00000017455	5	3	2
ENSPNYG00000017456	1	1	2
ENSPNYG00000017457	0	0	0
ENSPNYG00000017458	2	4	7
ENSPNYG00000017459	93	61	44
ENSPNYG00000017460	2	6	5
ENSPNYG00000017461	0	0	0
ENSPNYG00000017462	0	1	0
ENSPNYG00000017463	0	0	0
ENSPNYG00000017464	0	0	1
ENSPNYG00000017465	117	42	75
ENSPNYG00000017466	0	0	0
ENSPNYG00000017467	0	0	0
ENSPNYG00000017468	0	0	0
ENSPNYG00000017469	0	0	0
ENSPNYG00000017470	0	0	0
ENSPNYG00000017471	3	0	0
ENSPNYG00000017472	0	0	0
ENSPNYG00000017473	0	0	0
ENSPNYG00000017474	0	0	0
ENSPNYG00000017475	748	354	576
ENSPNYG00000017476	13	7	6
ENSPNYG00000017477	1316	1532	1393
ENSPNYG00000017478	0	0	0
ENSPNYG00000017479	0	1	0
ENSPNYG00000017480	0	0	0
ENSPNYG00000017481	10	8	18
ENSPNYG00000017482	5	2	7
ENSPNYG00000017483	2	2	1
ENSPNYG00000017484	18	30	35
ENSPNYG00000017485	5	2	3
ENSPNYG00000017486	0	0	0
ENSPNYG00000017487	0	0	0
ENSPNYG00000017488	1	4	8
ENSPNYG00000017489	5	2	2
ENSPNYG00000017490	13	969	52
ENSPNYG00000017491	161	70	125
ENSPNYG00000017492	0	0	0
ENSPNYG00000017493	0	0	1
ENSPNYG00000017494	0	0	0
ENSPNYG00000017495	0	0	0
ENSPNYG00000017496	0	0	0
ENSPNYG00000017497	0	0	0
ENSPNYG00000017498	22	19	22
ENSPNYG00000017499	3	4	4
ENSPNYG00000017500	7	24	8
ENSPNYG00000017501	1	1	2
ENSPNYG00000017502	0	0	3
ENSPNYG00000017503	2	4	0
ENSPNYG00000017504	12	9	12
ENSPNYG00000017505	0	0	0
ENSPNYG00000017506	0	3	3
ENSPNYG00000017507	1	0	0
ENSPNYG00000017508	0	0	0
ENSPNYG00000017509	1	0	5
ENSPNYG00000017510	9	6	12
ENSPNYG00000017511	4	0	1
ENSPNYG00000017512	0	0	0
ENSPNYG00000017513	3	10	1
ENSPNYG00000017514	5	2	4
ENSPNYG00000017515	0	0	0
ENSPNYG00000017516	1	0	2
ENSPNYG00000017517	0	7	1
ENSPNYG00000017518	6573	8594	5278
ENSPNYG00000017519	55	38	76
ENSPNYG00000017520	6	5	5
ENSPNYG00000017521	0	7	0
ENSPNYG00000017522	14	2	3
ENSPNYG00000017523	7	12	23
ENSPNYG00000017524	0	1	1
ENSPNYG00000017525	8	9	5
ENSPNYG00000017526	2	11	25
ENSPNYG00000017527	0	0	0
ENSPNYG00000017528	0	0	0
ENSPNYG00000017529	0	0	0
ENSPNYG00000017530	0	0	0
ENSPNYG00000017531	2	4	2
ENSPNYG00000017532	2	0	1
ENSPNYG00000017533	0	0	0
ENSPNYG00000017534	0	0	0
ENSPNYG00000017535	0	1	0
ENSPNYG00000017536	5	4	1
ENSPNYG00000017537	0	0	0
ENSPNYG00000017538	0	0	4
ENSPNYG00000017539	0	0	0
ENSPNYG00000017540	7	4	14
ENSPNYG00000017541	2	1	0
ENSPNYG00000017542	0	0	3
ENSPNYG00000017543	6	1	3
ENSPNYG00000017544	0	0	1
ENSPNYG00000017545	431	412	478
ENSPNYG00000017546	0	0	0
ENSPNYG00000017547	7	11	7
ENSPNYG00000017548	525	551	529
ENSPNYG00000017549	0	0	0
ENSPNYG00000017550	0	2	1
ENSPNYG00000017551	7	1	1
ENSPNYG00000017552	6	2	0
ENSPNYG00000017553	0	0	0
ENSPNYG00000017554	4	0	2
ENSPNYG00000017555	0	0	0
ENSPNYG00000017556	0	0	1
ENSPNYG00000017557	0	0	0
ENSPNYG00000017558	1720	1706	1660
ENSPNYG00000017559	0	0	1
ENSPNYG00000017560	1	1	1
ENSPNYG00000017561	18	6	9
ENSPNYG00000017562	7	6	12
ENSPNYG00000017563	0	0	0
ENSPNYG00000017564	0	2	5
ENSPNYG00000017565	0	0	0
ENSPNYG00000017566	0	2	3
ENSPNYG00000017567	0	0	0
ENSPNYG00000017568	1	7	8
ENSPNYG00000017569	0	0	0
ENSPNYG00000017570	4	2	3
ENSPNYG00000017571	0	0	1
ENSPNYG00000017572	5	4	5
ENSPNYG00000017573	0	2	0
ENSPNYG00000017574	0	1	2
ENSPNYG00000017575	0	0	1
ENSPNYG00000017576	2	2	1
ENSPNYG00000017577	0	0	0
ENSPNYG00000017578	0	0	0
ENSPNYG00000017579	2	0	0
ENSPNYG00000017580	9	10	7
ENSPNYG00000017581	0	0	0
ENSPNYG00000017582	2	2	2
ENSPNYG00000017583	1	0	0
ENSPNYG00000017584	1	0	0
ENSPNYG00000017585	0	0	2
ENSPNYG00000017586	0	0	0
ENSPNYG00000017587	0	0	0
ENSPNYG00000017588	0	0	0
ENSPNYG00000017589	0	3	1
ENSPNYG00000017590	0	0	0
ENSPNYG00000017591	0	0	0
ENSPNYG00000017592	0	1	0
ENSPNYG00000017593	0	0	0
ENSPNYG00000017594	0	0	0
ENSPNYG00000017595	0	0	0
ENSPNYG00000017596	0	0	0
ENSPNYG00000017597	0	0	0
ENSPNYG00000017598	23	4	5
ENSPNYG00000017599	0	0	0
ENSPNYG00000017600	0	0	1
ENSPNYG00000017601	0	0	0
ENSPNYG00000017602	5	7	3
ENSPNYG00000017603	4	0	0
ENSPNYG00000017604	0	0	0
ENSPNYG00000017605	0	1	2
ENSPNYG00000017606	1	0	0
ENSPNYG00000017607	13	11	32
ENSPNYG00000017608	0	0	0
ENSPNYG00000017609	1	4	0
ENSPNYG00000017610	0	0	0
ENSPNYG00000017611	1215	414	595
ENSPNYG00000017612	140	71	119
ENSPNYG00000017613	0	0	0
ENSPNYG00000017614	4	4	8
ENSPNYG00000017615	0	0	0
ENSPNYG00000017616	0	0	0
ENSPNYG00000017617	0	0	3
ENSPNYG00000017618	0	0	2
ENSPNYG00000017619	1	3	2
ENSPNYG00000017620	11	3	8
ENSPNYG00000017621	0	0	0
ENSPNYG00000017622	0	3	2
ENSPNYG00000017623	0	0	1
ENSPNYG00000017624	1	0	3
ENSPNYG00000017625	0	0	0
ENSPNYG00000017626	3	4	10
ENSPNYG00000017627	2	0	0
ENSPNYG00000017628	0	0	0
ENSPNYG00000017629	0	0	0
ENSPNYG00000017630	0	0	0
ENSPNYG00000017631	0	0	0
ENSPNYG00000017632	0	0	0
ENSPNYG00000017633	2	5	1
ENSPNYG00000017634	609	560	582
ENSPNYG00000017635	0	0	0
ENSPNYG00000017636	666	459	515
ENSPNYG00000017637	0	0	0
ENSPNYG00000017638	1	1	0
ENSPNYG00000017639	0	0	0
ENSPNYG00000017640	0	0	0
ENSPNYG00000017641	0	1	0
ENSPNYG00000017642	9	1	1
ENSPNYG00000017643	0	0	0
ENSPNYG00000017644	0	0	2
ENSPNYG00000017645	0	4	8
ENSPNYG00000017646	0	0	0
ENSPNYG00000017647	0	0	0
ENSPNYG00000017648	2	3	3
ENSPNYG00000017649	0	0	0
ENSPNYG00000017650	0	0	0
ENSPNYG00000017651	4	2	1
ENSPNYG00000017652	0	0	0
ENSPNYG00000017653	2	3	0
ENSPNYG00000017654	2	1	5
ENSPNYG00000017655	0	3	2
ENSPNYG00000017656	5	1	3
ENSPNYG00000017657	4	2	4
ENSPNYG00000017658	10	4	4
ENSPNYG00000017659	1	8	2
ENSPNYG00000017660	0	0	0
ENSPNYG00000017661	0	0	0
ENSPNYG00000017662	0	0	0
ENSPNYG00000017663	0	0	0
ENSPNYG00000017664	0	3	0
ENSPNYG00000017665	0	0	0
ENSPNYG00000017666	297	195	322
ENSPNYG00000017667	41	17	35
ENSPNYG00000017668	0	0	0
ENSPNYG00000017669	3	3	3
ENSPNYG00000017670	1	9	11
ENSPNYG00000017671	11	8	6
ENSPNYG00000017672	0	0	0
ENSPNYG00000017673	0	0	0
ENSPNYG00000017674	0	1	0
ENSPNYG00000017675	0	3	0
ENSPNYG00000017676	0	0	0
ENSPNYG00000017677	0	0	0
ENSPNYG00000017678	2	0	0
ENSPNYG00000017679	0	0	1
ENSPNYG00000017680	0	0	0
ENSPNYG00000017681	0	0	0
ENSPNYG00000017682	0	2	2
ENSPNYG00000017683	0	0	0
ENSPNYG00000017684	21	11	12
ENSPNYG00000017685	0	0	0
ENSPNYG00000017686	0	0	2
ENSPNYG00000017687	4	2	1
ENSPNYG00000017688	3	0	5
ENSPNYG00000017689	48	16	36
ENSPNYG00000017690	0	0	0
ENSPNYG00000017691	0	0	0
ENSPNYG00000017692	4	6	7
ENSPNYG00000017693	40	12	12
ENSPNYG00000017694	136	98	82
ENSPNYG00000017695	0	0	0
ENSPNYG00000017696	0	0	0
ENSPNYG00000017697	2	0	1
ENSPNYG00000017698	0	0	1
ENSPNYG00000017699	18	6	9
ENSPNYG00000017700	12	4	5
ENSPNYG00000017701	0	0	0
ENSPNYG00000017702	7	2	8
ENSPNYG00000017703	4	3	8
ENSPNYG00000017704	3	4	0
ENSPNYG00000017705	332	161	331
ENSPNYG00000017706	0	0	0
ENSPNYG00000017707	3	0	1
ENSPNYG00000017708	0	0	0
ENSPNYG00000017709	0	0	0
ENSPNYG00000017710	0	1	0
ENSPNYG00000017711	0	0	0
ENSPNYG00000017712	11	4	13
ENSPNYG00000017713	0	0	0
ENSPNYG00000017714	3	2	0
ENSPNYG00000017715	1	7	2
ENSPNYG00000017716	0	1	0
ENSPNYG00000017717	0	0	0
ENSPNYG00000017718	1	0	0
ENSPNYG00000017719	0	0	0
ENSPNYG00000017720	10	0	3
ENSPNYG00000017721	0	0	1
ENSPNYG00000017722	15	10	8
ENSPNYG00000017723	17	9	8
ENSPNYG00000017724	0	0	0
ENSPNYG00000017725	3	0	0
ENSPNYG00000017726	0	0	3
ENSPNYG00000017727	0	0	0
ENSPNYG00000017728	0	0	0
ENSPNYG00000017729	6	3	14
ENSPNYG00000017730	7	10	9
ENSPNYG00000017731	1	0	2
ENSPNYG00000017732	0	0	0
ENSPNYG00000017733	0	0	0
ENSPNYG00000017734	0	0	0
ENSPNYG00000017735	3	3	1
ENSPNYG00000017736	0	0	0
ENSPNYG00000017737	0	0	0
ENSPNYG00000017738	0	0	0
ENSPNYG00000017739	0	0	0
ENSPNYG00000017740	3	6	2
ENSPNYG00000017741	0	0	0
ENSPNYG00000017742	2	0	1
ENSPNYG00000017743	0	0	1
ENSPNYG00000017744	0	0	0
ENSPNYG00000017745	4	1	1
ENSPNYG00000017746	1	1	0
ENSPNYG00000017747	7	3	2
ENSPNYG00000017748	0	0	0
ENSPNYG00000017749	1	0	0
ENSPNYG00000017750	1	0	0
ENSPNYG00000017751	166	137	196
ENSPNYG00000017752	0	0	0
ENSPNYG00000017753	0	0	0
ENSPNYG00000017754	1	3	0
ENSPNYG00000017755	0	0	0
ENSPNYG00000017756	2	0	0
ENSPNYG00000017757	7	3	5
ENSPNYG00000017758	0	0	0
ENSPNYG00000017759	0	0	0
ENSPNYG00000017760	3	11	9
ENSPNYG00000017761	9	5	4
ENSPNYG00000017762	1	0	7
ENSPNYG00000017763	289	450	606
ENSPNYG00000017764	211	224	261
ENSPNYG00000017765	0	0	0
ENSPNYG00000017766	0	0	0
ENSPNYG00000017767	0	4	0
ENSPNYG00000017768	1	0	2
ENSPNYG00000017769	9	6	8
ENSPNYG00000017770	107	128	92
ENSPNYG00000017771	18	17	19
ENSPNYG00000017772	0	0	0
ENSPNYG00000017773	0	0	0
ENSPNYG00000017774	1	6	0
ENSPNYG00000017775	4	3	4
ENSPNYG00000017776	12	2	3
ENSPNYG00000017777	1	1	1
ENSPNYG00000017778	0	0	0
ENSPNYG00000017779	0	0	0
ENSPNYG00000017780	0	0	0
ENSPNYG00000017781	0	0	0
ENSPNYG00000017782	0	0	0
ENSPNYG00000017783	3	1	1
ENSPNYG00000017784	7	7	7
ENSPNYG00000017785	0	1	0
ENSPNYG00000017786	4	0	1
ENSPNYG00000017787	244	558	483
ENSPNYG00000017788	0	0	0
ENSPNYG00000017789	0	0	0
ENSPNYG00000017790	539	485	561
ENSPNYG00000017791	7	9	35
ENSPNYG00000017792	0	0	0
ENSPNYG00000017793	1	1	4
ENSPNYG00000017794	0	0	2
ENSPNYG00000017795	0	0	0
ENSPNYG00000017796	616	1012	605
ENSPNYG00000017797	0	0	4
ENSPNYG00000017798	0	0	0
ENSPNYG00000017799	0	0	0
ENSPNYG00000017800	0	0	0
ENSPNYG00000017801	1	1	5
ENSPNYG00000017802	1	3	2
ENSPNYG00000017803	1044	1137	942
ENSPNYG00000017804	0	0	0
ENSPNYG00000017805	2	6	3
ENSPNYG00000017806	551	368	512
ENSPNYG00000017807	0	0	0
ENSPNYG00000017808	7	4	5
ENSPNYG00000017809	0	0	0
ENSPNYG00000017810	0	0	0
ENSPNYG00000017811	0	0	1
ENSPNYG00000017812	0	2	0
ENSPNYG00000017813	0	0	0
ENSPNYG00000017814	0	0	0
ENSPNYG00000017815	5	3	3
ENSPNYG00000017816	0	0	0
ENSPNYG00000017817	0	0	0
ENSPNYG00000017818	8	11	14
ENSPNYG00000017819	5	3	8
ENSPNYG00000017820	0	0	0
ENSPNYG00000017821	2	0	0
ENSPNYG00000017822	5	0	1
ENSPNYG00000017823	0	0	0
ENSPNYG00000017824	0	1	4
ENSPNYG00000017825	0	0	0
ENSPNYG00000017826	0	0	0
ENSPNYG00000017827	890	847	1024
ENSPNYG00000017828	0	1	1
ENSPNYG00000017829	0	0	0
ENSPNYG00000017830	0	0	0
ENSPNYG00000017831	0	1	0
ENSPNYG00000017832	10	2	14
ENSPNYG00000017833	4	7	3
ENSPNYG00000017834	0	0	0
ENSPNYG00000017835	0	0	0
ENSPNYG00000017836	331	468	418
ENSPNYG00000017837	333	262	498
ENSPNYG00000017838	1	0	0
ENSPNYG00000017839	27	14	32
ENSPNYG00000017840	0	0	0
ENSPNYG00000017841	0	0	4
ENSPNYG00000017842	14	22	27
ENSPNYG00000017843	0	0	0
ENSPNYG00000017844	3	0	5
ENSPNYG00000017845	4	0	10
ENSPNYG00000017846	2	0	3
ENSPNYG00000017847	6	3	6
ENSPNYG00000017848	3	0	0
ENSPNYG00000017849	9	13	10
ENSPNYG00000017850	0	0	0
ENSPNYG00000017851	8	3	4
ENSPNYG00000017852	0	0	0
ENSPNYG00000017853	3	4	4
ENSPNYG00000017854	1	0	1
ENSPNYG00000017855	0	0	0
ENSPNYG00000017856	0	1	4
ENSPNYG00000017857	0	4	1
ENSPNYG00000017858	18	35	42
ENSPNYG00000017859	4	2	2
ENSPNYG00000017860	0	0	0
ENSPNYG00000017861	0	0	0
ENSPNYG00000017862	0	0	0
ENSPNYG00000017863	10	5	5
ENSPNYG00000017864	1	0	0
ENSPNYG00000017865	3	1	2
ENSPNYG00000017866	0	0	0
ENSPNYG00000017867	0	0	2
ENSPNYG00000017868	3	2	5
ENSPNYG00000017869	1	6	2
ENSPNYG00000017870	0	0	0
ENSPNYG00000017871	5	1	2
ENSPNYG00000017872	0	0	0
ENSPNYG00000017873	1	2	0
ENSPNYG00000017874	0	0	0
ENSPNYG00000017875	2	3	7
ENSPNYG00000017876	2	2	1
ENSPNYG00000017877	0	1	0
ENSPNYG00000017878	0	0	1
ENSPNYG00000017879	1342	725	1026
ENSPNYG00000017880	6	4	3
ENSPNYG00000017881	7	10	5
ENSPNYG00000017882	1	0	3
ENSPNYG00000017883	0	0	0
ENSPNYG00000017884	1	0	0
ENSPNYG00000017885	85	56	91
ENSPNYG00000017886	1	0	0
ENSPNYG00000017887	0	1	1
ENSPNYG00000017888	2	1	3
ENSPNYG00000017889	2	1	3
ENSPNYG00000017890	0	0	5
ENSPNYG00000017891	0	0	0
ENSPNYG00000017892	0	0	1
ENSPNYG00000017893	0	0	0
ENSPNYG00000017894	0	0	1
ENSPNYG00000017895	0	1	0
ENSPNYG00000017896	0	0	3
ENSPNYG00000017897	1	0	2
ENSPNYG00000017898	1	1	1
ENSPNYG00000017899	0	0	1
ENSPNYG00000017900	0	0	0
ENSPNYG00000017901	17	13	13
ENSPNYG00000017902	7	6	4
ENSPNYG00000017903	0	0	0
ENSPNYG00000017904	35	25	17
ENSPNYG00000017905	2	0	0
ENSPNYG00000017906	4	7	1
ENSPNYG00000017907	0	0	0
ENSPNYG00000017908	3	1	0
ENSPNYG00000017909	0	1	0
ENSPNYG00000017910	23	16	11
ENSPNYG00000017911	0	0	0
ENSPNYG00000017912	211	155	240
ENSPNYG00000017913	0	0	0
ENSPNYG00000017914	4	1	9
ENSPNYG00000017915	4	1	5
ENSPNYG00000017916	0	0	0
ENSPNYG00000017917	0	1	1
ENSPNYG00000017918	0	0	0
ENSPNYG00000017919	1	2	0
ENSPNYG00000017920	0	0	0
ENSPNYG00000017921	12	6	12
ENSPNYG00000017922	29	24	1
ENSPNYG00000017923	0	0	0
ENSPNYG00000017924	3	3	3
ENSPNYG00000017925	0	0	1
ENSPNYG00000017926	0	0	0
ENSPNYG00000017927	0	0	1
ENSPNYG00000017928	3	1	2
ENSPNYG00000017929	6	0	2
ENSPNYG00000017930	2	0	6
ENSPNYG00000017931	0	0	0
ENSPNYG00000017932	1	1	1
ENSPNYG00000017933	2	0	6
ENSPNYG00000017934	22	20	8
ENSPNYG00000017935	2	3	5
ENSPNYG00000017936	0	0	0
ENSPNYG00000017937	686	584	812
ENSPNYG00000017938	0	0	0
ENSPNYG00000017939	2	0	10
ENSPNYG00000017940	2	0	3
ENSPNYG00000017941	0	3	3
ENSPNYG00000017942	0	2	4
ENSPNYG00000017943	1	2	1
ENSPNYG00000017944	0	1	0
ENSPNYG00000017945	22	8	8
ENSPNYG00000017946	3	9	6
ENSPNYG00000017947	0	0	0
ENSPNYG00000017948	1	41	18
ENSPNYG00000017949	0	0	0
ENSPNYG00000017950	0	1	0
ENSPNYG00000017951	0	0	2
ENSPNYG00000017952	4	2	2
ENSPNYG00000017953	7	5	4
ENSPNYG00000017954	18	12	11
ENSPNYG00000017955	3	0	5
ENSPNYG00000017956	0	3	1
ENSPNYG00000017957	0	0	1
ENSPNYG00000017958	0	2	0
ENSPNYG00000017959	0	4	0
ENSPNYG00000017960	0	0	0
ENSPNYG00000017961	0	0	1
ENSPNYG00000017962	0	0	0
ENSPNYG00000017963	0	0	0
ENSPNYG00000017964	0	5	0
ENSPNYG00000017965	7	2	4
ENSPNYG00000017966	0	0	1
ENSPNYG00000017967	0	1	0
ENSPNYG00000017968	0	0	0
ENSPNYG00000017969	0	1	0
ENSPNYG00000017970	0	0	0
ENSPNYG00000017971	3	0	1
ENSPNYG00000017972	5	3	0
ENSPNYG00000017973	32	23	20
ENSPNYG00000017974	7	4	19
ENSPNYG00000017975	79	66	47
ENSPNYG00000017976	1	1	1
ENSPNYG00000017977	11	24	43
ENSPNYG00000017978	0	0	0
ENSPNYG00000017979	1	0	2
ENSPNYG00000017980	0	0	0
ENSPNYG00000017981	0	0	3
ENSPNYG00000017982	3	3	4
ENSPNYG00000017983	22	53	35
ENSPNYG00000017984	0	0	1
ENSPNYG00000017985	1885	1238	1408
ENSPNYG00000017986	0	2	1
ENSPNYG00000017987	0	1	3
ENSPNYG00000017988	2	1	12
ENSPNYG00000017989	9	4	1
ENSPNYG00000017990	3	5	4
ENSPNYG00000017991	0	0	0
ENSPNYG00000017992	0	0	0
ENSPNYG00000017993	0	1	1
ENSPNYG00000017994	0	0	2
ENSPNYG00000017995	12	20	13
ENSPNYG00000017996	10	20	9
ENSPNYG00000017997	248	277	390
ENSPNYG00000017998	0	3	0
ENSPNYG00000017999	0	0	0
ENSPNYG00000018000	28	53	40
ENSPNYG00000018001	0	0	0
ENSPNYG00000018002	0	0	0
ENSPNYG00000018003	0	0	0
ENSPNYG00000018004	0	0	0
ENSPNYG00000018005	2194	1478	1390
ENSPNYG00000018006	1	0	0
ENSPNYG00000018007	5	0	1
ENSPNYG00000018008	0	0	1
ENSPNYG00000018009	6	8	4
ENSPNYG00000018010	0	0	1
ENSPNYG00000018011	4	0	0
ENSPNYG00000018012	2	1	0
ENSPNYG00000018013	0	0	0
ENSPNYG00000018014	0	0	0
ENSPNYG00000018015	4	1	0
ENSPNYG00000018016	2	4	0
ENSPNYG00000018017	0	0	0
ENSPNYG00000018018	0	1	0
ENSPNYG00000018019	2844	4332	5882
ENSPNYG00000018020	11	6	9
ENSPNYG00000018021	5	4	9
ENSPNYG00000018022	2	0	0
ENSPNYG00000018023	0	1	0
ENSPNYG00000018024	0	2	2
ENSPNYG00000018025	3	1	1
ENSPNYG00000018026	0	0	0
ENSPNYG00000018027	0	1	0
ENSPNYG00000018028	0	0	0
ENSPNYG00000018029	14	15	11
ENSPNYG00000018030	3	3	6
ENSPNYG00000018031	1	1	3
ENSPNYG00000018032	0	0	0
ENSPNYG00000018033	19	2	1
ENSPNYG00000018034	0	0	0
ENSPNYG00000018035	0	0	1
ENSPNYG00000018036	0	2	1
ENSPNYG00000018037	7	5	8
ENSPNYG00000018038	0	2	7
ENSPNYG00000018039	0	0	0
ENSPNYG00000018040	0	2	5
ENSPNYG00000018041	0	0	0
ENSPNYG00000018042	0	3	3
ENSPNYG00000018043	0	0	0
ENSPNYG00000018044	1	1	6
ENSPNYG00000018045	0	1	3
ENSPNYG00000018046	0	0	0
ENSPNYG00000018047	2	1	5
ENSPNYG00000018048	0	1	0
ENSPNYG00000018049	0	0	0
ENSPNYG00000018050	0	0	1
ENSPNYG00000018051	0	0	0
ENSPNYG00000018052	11	1	11
ENSPNYG00000018053	0	0	0
ENSPNYG00000018054	3	8	8
ENSPNYG00000018055	380	526	537
ENSPNYG00000018056	0	0	2
ENSPNYG00000018057	0	0	0
ENSPNYG00000018058	0	0	0
ENSPNYG00000018059	1	0	0
ENSPNYG00000018060	10	3	12
ENSPNYG00000018061	2	4	4
ENSPNYG00000018062	5	0	7
ENSPNYG00000018063	19	26	80
ENSPNYG00000018064	2	2	6
ENSPNYG00000018065	0	0	0
ENSPNYG00000018066	0	0	0
ENSPNYG00000018067	0	0	1
ENSPNYG00000018068	0	1	0
ENSPNYG00000018069	0	0	0
ENSPNYG00000018070	0	0	0
ENSPNYG00000018071	0	1	0
ENSPNYG00000018072	0	0	0
ENSPNYG00000018073	1	6	5
ENSPNYG00000018074	0	0	0
ENSPNYG00000018075	1	2	1
ENSPNYG00000018076	0	0	0
ENSPNYG00000018077	1	1	0
ENSPNYG00000018078	1	0	0
ENSPNYG00000018079	0	1	1
ENSPNYG00000018080	0	0	0
ENSPNYG00000018081	0	0	0
ENSPNYG00000018082	1	0	0
ENSPNYG00000018083	27	22	31
ENSPNYG00000018084	4	5	2
ENSPNYG00000018085	0	0	0
ENSPNYG00000018086	5	0	2
ENSPNYG00000018087	0	0	0
ENSPNYG00000018088	0	0	0
ENSPNYG00000018089	0	0	1
ENSPNYG00000018090	0	0	0
ENSPNYG00000018091	0	0	0
ENSPNYG00000018092	0	0	1
ENSPNYG00000018093	0	0	0
ENSPNYG00000018094	0	0	0
ENSPNYG00000018095	2	2	3
ENSPNYG00000018096	185	302	268
ENSPNYG00000018097	0	0	0
ENSPNYG00000018098	0	0	0
ENSPNYG00000018099	2	11	16
ENSPNYG00000018100	0	1	0
ENSPNYG00000018101	289	158	196
ENSPNYG00000018102	11	2	5
ENSPNYG00000018103	2	4	2
ENSPNYG00000018104	13	14	4
ENSPNYG00000018105	0	0	0
ENSPNYG00000018106	3	5	15
ENSPNYG00000018107	0	0	0
ENSPNYG00000018108	0	0	0
ENSPNYG00000018109	0	0	0
ENSPNYG00000018110	0	0	1
ENSPNYG00000018111	1	0	0
ENSPNYG00000018112	0	1	3
ENSPNYG00000018113	1	1	0
ENSPNYG00000018114	1	2	1
ENSPNYG00000018115	0	0	0
ENSPNYG00000018116	1	0	0
ENSPNYG00000018117	0	0	0
ENSPNYG00000018118	3	0	0
ENSPNYG00000018119	0	0	0
ENSPNYG00000018120	0	0	1
ENSPNYG00000018121	0	0	0
ENSPNYG00000018122	0	0	0
ENSPNYG00000018123	4	1	2
ENSPNYG00000018124	0	0	0
ENSPNYG00000018125	9	4	9
ENSPNYG00000018126	0	0	0
ENSPNYG00000018127	0	0	0
ENSPNYG00000018128	0	0	1
ENSPNYG00000018129	0	0	0
ENSPNYG00000018130	6	16	10
ENSPNYG00000018131	2	1	0
ENSPNYG00000018132	0	0	0
ENSPNYG00000018133	2	5	4
ENSPNYG00000018134	4	0	4
ENSPNYG00000018135	1	1	1
ENSPNYG00000018136	4	10	10
ENSPNYG00000018137	0	0	0
ENSPNYG00000018138	1	0	1
ENSPNYG00000018139	10	5	10
ENSPNYG00000018140	0	0	0
ENSPNYG00000018141	0	3	0
ENSPNYG00000018142	0	1	1
ENSPNYG00000018143	0	0	0
ENSPNYG00000018144	0	4	0
ENSPNYG00000018145	0	1	0
ENSPNYG00000018146	0	0	0
ENSPNYG00000018147	18	30	30
ENSPNYG00000018148	0	0	0
ENSPNYG00000018149	10	11	8
ENSPNYG00000018150	2	4	5
ENSPNYG00000018151	0	17	10
ENSPNYG00000018152	0	0	1
ENSPNYG00000018153	0	0	0
ENSPNYG00000018154	0	0	0
ENSPNYG00000018155	0	0	1
ENSPNYG00000018156	0	0	2
ENSPNYG00000018157	29	0	6
ENSPNYG00000018158	3	8	6
ENSPNYG00000018159	0	0	0
ENSPNYG00000018160	50	37	55
ENSPNYG00000018161	2	0	0
ENSPNYG00000018162	0	0	0
ENSPNYG00000018163	0	0	0
ENSPNYG00000018164	0	0	0
ENSPNYG00000018165	4	4	3
ENSPNYG00000018166	1	5	7
ENSPNYG00000018167	27	15	11
ENSPNYG00000018168	0	1	2
ENSPNYG00000018169	5	3	5
ENSPNYG00000018170	0	0	0
ENSPNYG00000018171	28	12	32
ENSPNYG00000018172	228	170	224
ENSPNYG00000018173	1	2	8
ENSPNYG00000018174	0	0	0
ENSPNYG00000018175	1	0	1
ENSPNYG00000018176	0	7	16
ENSPNYG00000018177	0	0	0
ENSPNYG00000018178	0	0	0
ENSPNYG00000018179	4	3	4
ENSPNYG00000018180	0	2	1
ENSPNYG00000018181	5	3	3
ENSPNYG00000018182	0	0	0
ENSPNYG00000018183	0	0	0
ENSPNYG00000018184	2	0	0
ENSPNYG00000018185	1	2	0
ENSPNYG00000018186	0	0	0
ENSPNYG00000018187	0	0	0
ENSPNYG00000018188	104	93	103
ENSPNYG00000018189	0	2	4
ENSPNYG00000018190	0	1	0
ENSPNYG00000018191	1	0	4
ENSPNYG00000018192	0	0	0
ENSPNYG00000018193	1	0	0
ENSPNYG00000018194	21	10	8
ENSPNYG00000018195	9	8	9
ENSPNYG00000018196	0	0	0
ENSPNYG00000018197	0	1	0
ENSPNYG00000018198	5	2	4
ENSPNYG00000018199	7	9	12
ENSPNYG00000018200	0	0	0
ENSPNYG00000018201	4	1	0
ENSPNYG00000018202	0	0	0
ENSPNYG00000018203	1	0	0
ENSPNYG00000018204	0	3	0
ENSPNYG00000018205	0	1	1
ENSPNYG00000018206	0	0	0
ENSPNYG00000018207	0	1	2
ENSPNYG00000018208	0	0	3
ENSPNYG00000018209	814	709	998
ENSPNYG00000018210	0	0	0
ENSPNYG00000018211	8	13	6
ENSPNYG00000018212	0	0	0
ENSPNYG00000018213	0	0	0
ENSPNYG00000018214	0	0	0
ENSPNYG00000018215	0	0	0
ENSPNYG00000018216	0	0	0
ENSPNYG00000018217	1	0	0
ENSPNYG00000018218	43	73	34
ENSPNYG00000018219	0	1	6
ENSPNYG00000018220	12	1	10
ENSPNYG00000018221	1	0	1
ENSPNYG00000018222	6	4	9
ENSPNYG00000018223	0	2	2
ENSPNYG00000018224	5	5	0
ENSPNYG00000018225	0	0	0
ENSPNYG00000018226	0	0	0
ENSPNYG00000018227	1	0	1
ENSPNYG00000018228	0	0	0
ENSPNYG00000018229	2	1	3
ENSPNYG00000018230	1	1	0
ENSPNYG00000018231	0	0	0
ENSPNYG00000018232	0	0	0
ENSPNYG00000018233	1	0	0
ENSPNYG00000018234	2	0	1
ENSPNYG00000018235	1	4	4
ENSPNYG00000018236	0	0	0
ENSPNYG00000018237	0	0	0
ENSPNYG00000018238	191	141	265
ENSPNYG00000018239	0	0	0
ENSPNYG00000018240	0	1	0
ENSPNYG00000018241	125	64	36
ENSPNYG00000018242	1	0	0
ENSPNYG00000018243	3	0	0
ENSPNYG00000018244	338	305	776
ENSPNYG00000018245	0	0	0
ENSPNYG00000018246	0	0	0
ENSPNYG00000018247	0	0	0
ENSPNYG00000018248	0	0	0
ENSPNYG00000018249	6	15	8
ENSPNYG00000018250	0	1	1
ENSPNYG00000018251	0	0	0
ENSPNYG00000018252	0	0	0
ENSPNYG00000018253	0	0	0
ENSPNYG00000018254	0	2	2
ENSPNYG00000018255	794	1131	1030
ENSPNYG00000018256	7	10	2
ENSPNYG00000018257	312	247	326
ENSPNYG00000018258	10	4	2
ENSPNYG00000018259	2	4	5
ENSPNYG00000018260	0	0	0
ENSPNYG00000018261	1	1	0
ENSPNYG00000018262	0	3	2
ENSPNYG00000018263	1	0	0
ENSPNYG00000018264	13	11	18
ENSPNYG00000018265	31	13	9
ENSPNYG00000018266	14	4	3
ENSPNYG00000018267	1	1	1
ENSPNYG00000018268	3	1	0
ENSPNYG00000018269	14	11	12
ENSPNYG00000018270	1	1	0
ENSPNYG00000018271	0	0	0
ENSPNYG00000018272	0	1	0
ENSPNYG00000018273	33	11	27
ENSPNYG00000018274	4	0	3
ENSPNYG00000018275	3	0	1
ENSPNYG00000018276	0	0	1
ENSPNYG00000018277	53	29	18
ENSPNYG00000018278	1	0	0
ENSPNYG00000018279	0	0	0
ENSPNYG00000018280	0	0	0
ENSPNYG00000018281	0	0	0
ENSPNYG00000018282	6	4	4
ENSPNYG00000018283	3	4	2
ENSPNYG00000018284	0	0	0
ENSPNYG00000018285	5	2	10
ENSPNYG00000018286	2	3	0
ENSPNYG00000018287	1609	3518	7067
ENSPNYG00000018288	0	0	2
ENSPNYG00000018289	0	0	0
ENSPNYG00000018290	5	4	5
ENSPNYG00000018291	372	1256	1039
ENSPNYG00000018292	7	0	0
ENSPNYG00000018293	1	1	0
ENSPNYG00000018294	0	0	0
ENSPNYG00000018295	0	0	1
ENSPNYG00000018296	0	0	0
ENSPNYG00000018297	0	0	0
ENSPNYG00000018298	0	0	0
ENSPNYG00000018299	1	0	0
ENSPNYG00000018300	0	0	0
ENSPNYG00000018301	0	0	0
ENSPNYG00000018302	0	0	0
ENSPNYG00000018303	0	0	0
ENSPNYG00000018304	0	0	0
ENSPNYG00000018305	1	0	0
ENSPNYG00000018306	64	96	62
ENSPNYG00000018307	1	1	2
ENSPNYG00000018308	14	6	15
ENSPNYG00000018309	0	1	0
ENSPNYG00000018310	0	0	0
ENSPNYG00000018311	2	0	1
ENSPNYG00000018312	0	0	0
ENSPNYG00000018313	6	4	5
ENSPNYG00000018314	0	0	0
ENSPNYG00000018315	0	0	0
ENSPNYG00000018316	395	370	421
ENSPNYG00000018317	49	13	16
ENSPNYG00000018318	0	0	0
ENSPNYG00000018319	0	1	0
ENSPNYG00000018320	5	0	0
ENSPNYG00000018321	0	0	0
ENSPNYG00000018322	75	18	5
ENSPNYG00000018323	738	441	740
ENSPNYG00000018324	0	2	0
ENSPNYG00000018325	2	0	0
ENSPNYG00000018326	3	0	0
ENSPNYG00000018327	0	0	0
ENSPNYG00000018328	31	86	86
ENSPNYG00000018329	0	5	1
ENSPNYG00000018330	1	0	0
ENSPNYG00000018331	0	0	0
ENSPNYG00000018332	0	0	0
ENSPNYG00000018333	2	1	0
ENSPNYG00000018334	4	4	9
ENSPNYG00000018335	1	0	1
ENSPNYG00000018336	0	0	0
ENSPNYG00000018337	19	21	37
ENSPNYG00000018338	364	302	189
ENSPNYG00000018339	0	0	0
ENSPNYG00000018340	0	0	0
ENSPNYG00000018341	0	0	0
ENSPNYG00000018342	3	1	2
ENSPNYG00000018343	8	8	3
ENSPNYG00000018344	0	0	0
ENSPNYG00000018345	2	3	13
ENSPNYG00000018346	0	0	0
ENSPNYG00000018347	0	0	1
ENSPNYG00000018348	3	2	6
ENSPNYG00000018349	5	3	0
ENSPNYG00000018350	13	3	4
ENSPNYG00000018351	4	2	1
ENSPNYG00000018352	0	0	0
ENSPNYG00000018353	0	0	0
ENSPNYG00000018354	30	18	24
ENSPNYG00000018355	11	4	5
ENSPNYG00000018356	97	75	153
ENSPNYG00000018357	0	0	0
ENSPNYG00000018358	1	0	5
ENSPNYG00000018359	2	1	1
ENSPNYG00000018360	0	0	1
ENSPNYG00000018361	0	0	0
ENSPNYG00000018362	0	0	0
ENSPNYG00000018363	0	0	0
ENSPNYG00000018364	0	0	0
ENSPNYG00000018365	0	0	0
ENSPNYG00000018366	0	0	3
ENSPNYG00000018367	11	15	15
ENSPNYG00000018368	0	2	1
ENSPNYG00000018369	0	2	0
ENSPNYG00000018370	102	104	208
ENSPNYG00000018371	17	20	35
ENSPNYG00000018372	0	0	0
ENSPNYG00000018373	0	1	0
ENSPNYG00000018374	0	0	0
ENSPNYG00000018375	0	0	0
ENSPNYG00000018376	4	4	1
ENSPNYG00000018377	6	3	6
ENSPNYG00000018378	2	1	4
ENSPNYG00000018379	0	0	0
ENSPNYG00000018380	1	0	1
ENSPNYG00000018381	0	0	0
ENSPNYG00000018382	0	0	0
ENSPNYG00000018383	59	52	48
ENSPNYG00000018384	0	0	0
ENSPNYG00000018385	6	7	8
ENSPNYG00000018386	910	765	843
ENSPNYG00000018387	0	0	0
ENSPNYG00000018388	0	0	0
ENSPNYG00000018389	0	0	0
ENSPNYG00000018390	2	3	7
ENSPNYG00000018391	26	24	13
ENSPNYG00000018392	1	0	0
ENSPNYG00000018393	0	2	1
ENSPNYG00000018394	2	1	4
ENSPNYG00000018395	9	1	3
ENSPNYG00000018396	2	0	0
ENSPNYG00000018397	0	0	2
ENSPNYG00000018398	0	0	0
ENSPNYG00000018399	2	1	3
ENSPNYG00000018400	2	0	2
ENSPNYG00000018401	1	0	0
ENSPNYG00000018402	13	8	8
ENSPNYG00000018403	7	3	3
ENSPNYG00000018404	0	0	0
ENSPNYG00000018405	0	0	0
ENSPNYG00000018406	0	0	0
ENSPNYG00000018407	59	15	15
ENSPNYG00000018408	9	4	20
ENSPNYG00000018409	0	0	0
ENSPNYG00000018410	0	0	0
ENSPNYG00000018411	0	0	0
ENSPNYG00000018412	1	3	2
ENSPNYG00000018413	0	0	1
ENSPNYG00000018414	0	3	0
ENSPNYG00000018415	1	0	1
ENSPNYG00000018416	0	0	0
ENSPNYG00000018417	1	0	0
ENSPNYG00000018418	0	0	0
ENSPNYG00000018419	0	0	0
ENSPNYG00000018420	0	2	0
ENSPNYG00000018421	0	2	1
ENSPNYG00000018422	1	1	0
ENSPNYG00000018423	3	6	4
ENSPNYG00000018424	26	52	31
ENSPNYG00000018425	52	54	46
ENSPNYG00000018426	2	0	5
ENSPNYG00000018427	394	535	761
ENSPNYG00000018428	17	18	17
ENSPNYG00000018429	1	2	0
ENSPNYG00000018430	0	0	0
ENSPNYG00000018431	0	0	0
ENSPNYG00000018432	0	2	7
ENSPNYG00000018433	0	0	0
ENSPNYG00000018434	0	1	0
ENSPNYG00000018435	0	0	0
ENSPNYG00000018436	2	6	1
ENSPNYG00000018437	0	0	0
ENSPNYG00000018438	7	3	14
ENSPNYG00000018439	0	0	0
ENSPNYG00000018440	0	1	0
ENSPNYG00000018441	0	0	0
ENSPNYG00000018442	0	0	0
ENSPNYG00000018443	2	2	0
ENSPNYG00000018444	0	0	1
ENSPNYG00000018445	1	1	0
ENSPNYG00000018446	0	0	2
ENSPNYG00000018447	0	4	2
ENSPNYG00000018448	0	0	0
ENSPNYG00000018449	1	3	9
ENSPNYG00000018450	8	2	3
ENSPNYG00000018451	7	6	6
ENSPNYG00000018452	4	3	2
ENSPNYG00000018453	10	10	41
ENSPNYG00000018454	4	0	0
ENSPNYG00000018455	19	14	23
ENSPNYG00000018456	0	0	0
ENSPNYG00000018457	0	0	0
ENSPNYG00000018458	0	0	2
ENSPNYG00000018459	0	0	0
ENSPNYG00000018460	0	0	0
ENSPNYG00000018461	1	1	2
ENSPNYG00000018462	0	0	1
ENSPNYG00000018463	0	0	0
ENSPNYG00000018464	1	3	5
ENSPNYG00000018465	0	0	3
ENSPNYG00000018466	18	12	42
ENSPNYG00000018467	2	0	3
ENSPNYG00000018468	1	0	0
ENSPNYG00000018469	2	0	6
ENSPNYG00000018470	0	0	1
ENSPNYG00000018471	1	2	4
ENSPNYG00000018472	6	12	28
ENSPNYG00000018473	0	0	0
ENSPNYG00000018474	0	0	0
ENSPNYG00000018475	0	0	0
ENSPNYG00000018476	0	0	0
ENSPNYG00000018477	7	9	1
ENSPNYG00000018478	4	1	2
ENSPNYG00000018479	0	0	0
ENSPNYG00000018480	1	3	0
ENSPNYG00000018481	11	12	7
ENSPNYG00000018482	529	417	500
ENSPNYG00000018483	1	0	0
ENSPNYG00000018484	1	0	0
ENSPNYG00000018485	1	0	0
ENSPNYG00000018486	0	0	0
ENSPNYG00000018487	14	20	9
ENSPNYG00000018488	0	0	0
ENSPNYG00000018489	2	3	2
ENSPNYG00000018490	6	1	4
ENSPNYG00000018491	3	6	1
ENSPNYG00000018492	0	1	1
ENSPNYG00000018493	10	9	14
ENSPNYG00000018494	2	3	2
ENSPNYG00000018495	0	0	0
ENSPNYG00000018496	464	446	545
ENSPNYG00000018497	1	1	0
ENSPNYG00000018498	0	0	0
ENSPNYG00000018499	3	1	2
ENSPNYG00000018500	0	0	0
ENSPNYG00000018501	1	2	6
ENSPNYG00000018502	0	0	0
ENSPNYG00000018503	2267	3175	6013
ENSPNYG00000018504	0	0	5
ENSPNYG00000018505	2	2	7
ENSPNYG00000018506	0	0	0
ENSPNYG00000018507	3	15	12
ENSPNYG00000018508	0	0	0
ENSPNYG00000018509	0	0	1
ENSPNYG00000018510	4	0	0
ENSPNYG00000018511	0	0	0
ENSPNYG00000018512	0	0	0
ENSPNYG00000018513	5	3	1
ENSPNYG00000018514	175	128	144
ENSPNYG00000018515	3	1	1
ENSPNYG00000018516	0	0	0
ENSPNYG00000018517	0	0	2
ENSPNYG00000018518	2	0	0
ENSPNYG00000018519	0	0	0
ENSPNYG00000018520	0	2	7
ENSPNYG00000018521	0	0	1
ENSPNYG00000018522	2	5	6
ENSPNYG00000018523	0	0	0
ENSPNYG00000018524	0	3	0
ENSPNYG00000018525	0	1	1
ENSPNYG00000018526	0	0	0
ENSPNYG00000018527	0	0	0
ENSPNYG00000018528	32	12	14
ENSPNYG00000018529	2	0	3
ENSPNYG00000018530	555	650	796
ENSPNYG00000018531	13	10	5
ENSPNYG00000018532	36	25	70
ENSPNYG00000018533	0	0	94
ENSPNYG00000018534	4	0	3
ENSPNYG00000018535	6	1	11
ENSPNYG00000018536	0	0	0
ENSPNYG00000018537	294	499	523
ENSPNYG00000018538	0	0	0
ENSPNYG00000018539	652	521	627
ENSPNYG00000018540	0	0	0
ENSPNYG00000018541	2	3	2
ENSPNYG00000018542	0	0	3
ENSPNYG00000018543	0	1	1
ENSPNYG00000018544	1	3	1
ENSPNYG00000018545	0	0	0
ENSPNYG00000018546	1	4	5
ENSPNYG00000018547	2	0	1
ENSPNYG00000018548	14	8	7
ENSPNYG00000018549	0	0	0
ENSPNYG00000018550	596	936	1021
ENSPNYG00000018551	3	2	0
ENSPNYG00000018552	3	2	2
ENSPNYG00000018553	0	0	0
ENSPNYG00000018554	3	0	0
ENSPNYG00000018555	0	0	0
ENSPNYG00000018556	0	1	3
ENSPNYG00000018557	1	0	0
ENSPNYG00000018558	12	53	38
ENSPNYG00000018559	4730	7493	6326
ENSPNYG00000018560	23	13	20
ENSPNYG00000018561	0	0	0
ENSPNYG00000018562	0	0	1
ENSPNYG00000018563	374	326	270
ENSPNYG00000018564	1	0	1
ENSPNYG00000018565	1	2	2
ENSPNYG00000018566	0	0	0
ENSPNYG00000018567	0	0	1
ENSPNYG00000018568	3	0	0
ENSPNYG00000018569	113	163	112
ENSPNYG00000018570	4	1	1
ENSPNYG00000018571	0	1	1
ENSPNYG00000018572	11	2	6
ENSPNYG00000018573	0	0	2
ENSPNYG00000018574	24	8	14
ENSPNYG00000018575	24	13	17
ENSPNYG00000018576	1	1	1
ENSPNYG00000018577	1	0	1
ENSPNYG00000018578	8	2	3
ENSPNYG00000018579	6	0	1
ENSPNYG00000018580	1	0	1
ENSPNYG00000018581	339	222	212
ENSPNYG00000018582	1	0	4
ENSPNYG00000018583	4	4	4
ENSPNYG00000018584	2	2	2
ENSPNYG00000018585	2	0	0
ENSPNYG00000018586	0	1	0
ENSPNYG00000018587	2	0	3
ENSPNYG00000018588	8	15	7
ENSPNYG00000018589	1	1	1
ENSPNYG00000018590	2	2	15
ENSPNYG00000018591	3	6	7
ENSPNYG00000018592	0	0	0
ENSPNYG00000018593	2	0	2
ENSPNYG00000018594	3	1	3
ENSPNYG00000018595	2	0	1
ENSPNYG00000018596	0	0	0
ENSPNYG00000018597	0	0	0
ENSPNYG00000018598	0	0	1
ENSPNYG00000018599	29	19	19
ENSPNYG00000018600	763	622	827
ENSPNYG00000018601	0	6	3
ENSPNYG00000018602	1197	1189	1856
ENSPNYG00000018603	0	0	0
ENSPNYG00000018604	12	9	11
ENSPNYG00000018605	5	18	7
ENSPNYG00000018606	39	66	39
ENSPNYG00000018607	13	7	11
ENSPNYG00000018608	6	8	7
ENSPNYG00000018609	0	0	0
ENSPNYG00000018610	0	0	0
ENSPNYG00000018611	2	2	3
ENSPNYG00000018612	1	0	0
ENSPNYG00000018613	117	144	229
ENSPNYG00000018614	2	6	6
ENSPNYG00000018615	0	1	1
ENSPNYG00000018616	0	2	0
ENSPNYG00000018617	2	0	2
ENSPNYG00000018618	0	0	0
ENSPNYG00000018619	0	0	0
ENSPNYG00000018620	0	0	0
ENSPNYG00000018621	0	2	1
ENSPNYG00000018622	682	659	434
ENSPNYG00000018623	3	1	1
ENSPNYG00000018624	414	281	339
ENSPNYG00000018625	0	0	0
ENSPNYG00000018626	0	0	0
ENSPNYG00000018627	102	49	40
ENSPNYG00000018628	13	5	12
ENSPNYG00000018629	0	0	0
ENSPNYG00000018630	1	1	0
ENSPNYG00000018631	2	5	2
ENSPNYG00000018632	66	38	51
ENSPNYG00000018633	7	2	8
ENSPNYG00000018634	9	11	4
ENSPNYG00000018635	0	0	1
ENSPNYG00000018636	6620	4168	3802
ENSPNYG00000018637	0	0	3
ENSPNYG00000018638	36	10	13
ENSPNYG00000018639	6	5	7
ENSPNYG00000018640	3	3	1
ENSPNYG00000018641	0	0	0
ENSPNYG00000018642	0	1	0
ENSPNYG00000018643	1	0	5
ENSPNYG00000018644	0	0	0
ENSPNYG00000018645	0	0	0
ENSPNYG00000018646	0	0	0
ENSPNYG00000018647	20	11	7
ENSPNYG00000018648	2	2	5
ENSPNYG00000018649	3	5	5
ENSPNYG00000018650	0	2	0
ENSPNYG00000018651	0	0	0
ENSPNYG00000018652	0	0	4
ENSPNYG00000018653	0	0	0
ENSPNYG00000018654	0	0	0
ENSPNYG00000018655	7	2	2
ENSPNYG00000018656	0	0	0
ENSPNYG00000018657	1	2	0
ENSPNYG00000018658	12	4	11
ENSPNYG00000018659	1	0	1
ENSPNYG00000018660	23	12	9
ENSPNYG00000018661	0	0	0
ENSPNYG00000018662	0	0	0
ENSPNYG00000018663	3	3	0
ENSPNYG00000018664	1	0	2
ENSPNYG00000018665	4	0	1
ENSPNYG00000018666	0	1	0
ENSPNYG00000018667	1	1	0
ENSPNYG00000018668	0	0	0
ENSPNYG00000018669	24	17	8
ENSPNYG00000018670	0	0	0
ENSPNYG00000018671	3	2	1
ENSPNYG00000018672	93	118	126
ENSPNYG00000018673	168	55	30
ENSPNYG00000018674	0	1	0
ENSPNYG00000018675	0	0	9
ENSPNYG00000018676	0	0	2
ENSPNYG00000018677	1	0	1
ENSPNYG00000018678	4	0	2
ENSPNYG00000018679	1	4	3
ENSPNYG00000018680	4	4	3
ENSPNYG00000018681	9	5	1
ENSPNYG00000018682	2184	2135	2553
ENSPNYG00000018683	1	0	0
ENSPNYG00000018684	0	0	15
ENSPNYG00000018685	1	0	1
ENSPNYG00000018686	0	0	1
ENSPNYG00000018687	0	2	0
ENSPNYG00000018688	4	4	2
ENSPNYG00000018689	0	0	0
ENSPNYG00000018690	2	1	0
ENSPNYG00000018691	4	1	3
ENSPNYG00000018692	2	12	14
ENSPNYG00000018693	0	0	0
ENSPNYG00000018694	14	6	15
ENSPNYG00000018695	11	12	4
ENSPNYG00000018696	0	0	0
ENSPNYG00000018697	1	0	0
ENSPNYG00000018698	0	0	1
ENSPNYG00000018699	5	1	1
ENSPNYG00000018700	1	4	0
ENSPNYG00000018701	32	24	12
ENSPNYG00000018702	1	1	0
ENSPNYG00000018703	3	1	3
ENSPNYG00000018704	0	0	0
ENSPNYG00000018705	12	6	7
ENSPNYG00000018706	4	5	9
ENSPNYG00000018707	4	6	11
ENSPNYG00000018708	14	12	15
ENSPNYG00000018709	6	10	21
ENSPNYG00000018710	5	5	3
ENSPNYG00000018711	17	3	9
ENSPNYG00000018712	0	0	1
ENSPNYG00000018713	12	14	16
ENSPNYG00000018714	0	0	0
ENSPNYG00000018715	1	2	4
ENSPNYG00000018716	1	0	1
ENSPNYG00000018717	723	675	977
ENSPNYG00000018718	0	0	0
ENSPNYG00000018719	1	2	1
ENSPNYG00000018720	1	0	0
ENSPNYG00000018721	0	0	3
ENSPNYG00000018722	5	0	4
ENSPNYG00000018723	0	0	0
ENSPNYG00000018724	0	0	0
ENSPNYG00000018725	1	9	6
ENSPNYG00000018726	0	0	2
ENSPNYG00000018727	1	0	1
ENSPNYG00000018728	3	1	3
ENSPNYG00000018729	3	5	7
ENSPNYG00000018730	0	2	1
ENSPNYG00000018731	11	12	21
ENSPNYG00000018732	0	0	0
ENSPNYG00000018733	0	0	0
ENSPNYG00000018734	0	0	0
ENSPNYG00000018735	3	3	2
ENSPNYG00000018736	18	14	19
ENSPNYG00000018737	4	3	1
ENSPNYG00000018738	2	1	3
ENSPNYG00000018739	0	0	0
ENSPNYG00000018740	1	0	0
ENSPNYG00000018741	2	4	1
ENSPNYG00000018742	0	0	1
ENSPNYG00000018743	1	2	3
ENSPNYG00000018744	1	0	0
ENSPNYG00000018745	0	0	0
ENSPNYG00000018746	0	1	0
ENSPNYG00000018747	3	0	4
ENSPNYG00000018748	0	0	1
ENSPNYG00000018749	1	0	0
ENSPNYG00000018750	4	0	1
ENSPNYG00000018751	260	269	280
ENSPNYG00000018752	0	0	0
ENSPNYG00000018753	1	1	0
ENSPNYG00000018754	0	1	0
ENSPNYG00000018755	2	0	5
ENSPNYG00000018756	0	0	0
ENSPNYG00000018757	1	2	2
ENSPNYG00000018758	0	1	4
ENSPNYG00000018759	4	1	0
ENSPNYG00000018760	95	40	55
ENSPNYG00000018761	0	0	0
ENSPNYG00000018762	0	1	0
ENSPNYG00000018763	10	4	14
ENSPNYG00000018764	2	0	0
ENSPNYG00000018765	24	55	33
ENSPNYG00000018766	2	1	2
ENSPNYG00000018767	4	3	5
ENSPNYG00000018768	0	0	0
ENSPNYG00000018769	0	0	1
ENSPNYG00000018770	1	0	0
ENSPNYG00000018771	5	3	14
ENSPNYG00000018772	0	0	0
ENSPNYG00000018773	0	0	5
ENSPNYG00000018774	0	0	0
ENSPNYG00000018775	0	0	1
ENSPNYG00000018776	0	0	0
ENSPNYG00000018777	5	5	9
ENSPNYG00000018778	1	4	6
ENSPNYG00000018779	9	1	4
ENSPNYG00000018780	4	4	0
ENSPNYG00000018781	0	0	0
ENSPNYG00000018782	0	0	1
ENSPNYG00000018783	3	2	0
ENSPNYG00000018784	33	21	13
ENSPNYG00000018785	13	14	11
ENSPNYG00000018786	4	0	2
ENSPNYG00000018787	0	0	0
ENSPNYG00000018788	62	37	57
ENSPNYG00000018789	2	0	1
ENSPNYG00000018790	250	1631	765
ENSPNYG00000018791	1	0	0
ENSPNYG00000018792	12	11	7
ENSPNYG00000018793	398	311	421
ENSPNYG00000018794	1	4	3
ENSPNYG00000018795	4	6	11
ENSPNYG00000018796	1	0	0
ENSPNYG00000018797	0	0	0
ENSPNYG00000018798	6	12	17
ENSPNYG00000018799	12	2	7
ENSPNYG00000018800	3	3	6
ENSPNYG00000018801	40	2	8
ENSPNYG00000018802	0	0	0
ENSPNYG00000018803	2	3	3
ENSPNYG00000018804	0	1	0
ENSPNYG00000018805	24	9	13
ENSPNYG00000018806	1	2	0
ENSPNYG00000018807	0	2	7
ENSPNYG00000018808	36	6	51
ENSPNYG00000018809	3	3	4
ENSPNYG00000018810	0	0	0
ENSPNYG00000018811	1	1	4
ENSPNYG00000018812	0	0	0
ENSPNYG00000018813	1	1	2
ENSPNYG00000018814	1	0	2
ENSPNYG00000018815	8	5	4
ENSPNYG00000018816	0	0	0
ENSPNYG00000018817	0	1	0
ENSPNYG00000018818	0	0	0
ENSPNYG00000018819	0	0	2
ENSPNYG00000018820	1	0	1
ENSPNYG00000018821	0	0	0
ENSPNYG00000018822	0	1	0
ENSPNYG00000018823	0	1	5
ENSPNYG00000018824	0	1	0
ENSPNYG00000018825	0	1	2
ENSPNYG00000018826	0	0	0
ENSPNYG00000018827	17	9	15
ENSPNYG00000018828	2	0	0
ENSPNYG00000018829	0	0	4
ENSPNYG00000018830	0	0	0
ENSPNYG00000018831	10	2	17
ENSPNYG00000018832	10	3	13
ENSPNYG00000018833	0	2	3
ENSPNYG00000018834	187	138	193
ENSPNYG00000018835	22	9	8
ENSPNYG00000018836	1	0	5
ENSPNYG00000018837	0	0	0
ENSPNYG00000018838	834	321	546
ENSPNYG00000018839	0	0	0
ENSPNYG00000018840	0	1	0
ENSPNYG00000018841	0	0	0
ENSPNYG00000018842	0	0	0
ENSPNYG00000018843	0	0	0
ENSPNYG00000018844	203	93	166
ENSPNYG00000018845	0	0	0
ENSPNYG00000018846	1	0	0
ENSPNYG00000018847	0	0	0
ENSPNYG00000018848	11	10	13
ENSPNYG00000018849	36	26	56
ENSPNYG00000018850	41	25	35
ENSPNYG00000018851	12	5	5
ENSPNYG00000018852	6	7	6
ENSPNYG00000018853	0	0	0
ENSPNYG00000018854	0	0	0
ENSPNYG00000018855	0	0	0
ENSPNYG00000018856	3	7	5
ENSPNYG00000018857	24	22	20
ENSPNYG00000018858	0	0	0
ENSPNYG00000018859	1	0	5
ENSPNYG00000018860	0	0	0
ENSPNYG00000018861	64	49	50
ENSPNYG00000018862	0	2	1
ENSPNYG00000018863	2	1	2
ENSPNYG00000018864	0	0	0
ENSPNYG00000018865	27	6	11
ENSPNYG00000018866	1	0	4
ENSPNYG00000018867	0	0	0
ENSPNYG00000018868	1	0	0
ENSPNYG00000018869	0	0	0
ENSPNYG00000018870	1	0	0
ENSPNYG00000018871	0	5	4
ENSPNYG00000018872	0	0	0
ENSPNYG00000018873	13	0	19
ENSPNYG00000018874	0	0	0
ENSPNYG00000018875	0	0	0
ENSPNYG00000018876	0	0	0
ENSPNYG00000018877	0	0	1
ENSPNYG00000018878	0	0	3
ENSPNYG00000018879	0	0	0
ENSPNYG00000018880	1	0	0
ENSPNYG00000018881	0	1	2
ENSPNYG00000018882	1	4	0
ENSPNYG00000018883	4	1	1
ENSPNYG00000018884	5	0	0
ENSPNYG00000018885	0	1	0
ENSPNYG00000018886	0	0	0
ENSPNYG00000018887	0	0	0
ENSPNYG00000018888	0	1	2
ENSPNYG00000018889	1	0	7
ENSPNYG00000018890	0	3	3
ENSPNYG00000018891	85	64	58
ENSPNYG00000018892	0	0	0
ENSPNYG00000018893	1	2	12
ENSPNYG00000018894	2	3	4
ENSPNYG00000018895	0	0	2
ENSPNYG00000018896	0	0	0
ENSPNYG00000018897	50	28	38
ENSPNYG00000018898	0	0	0
ENSPNYG00000018899	1	0	3
ENSPNYG00000018900	4	0	3
ENSPNYG00000018901	1	0	2
ENSPNYG00000018902	3	0	2
ENSPNYG00000018903	372	211	256
ENSPNYG00000018904	0	0	0
ENSPNYG00000018905	0	1	0
ENSPNYG00000018906	0	0	0
ENSPNYG00000018907	1	2	6
ENSPNYG00000018908	3	4	0
ENSPNYG00000018909	0	0	0
ENSPNYG00000018910	1	0	6
ENSPNYG00000018911	0	0	0
ENSPNYG00000018912	4	0	3
ENSPNYG00000018913	1	3	3
ENSPNYG00000018914	24	13	18
ENSPNYG00000018915	2	0	2
ENSPNYG00000018916	0	0	0
ENSPNYG00000018917	1	0	2
ENSPNYG00000018918	0	0	1
ENSPNYG00000018919	0	0	0
ENSPNYG00000018920	0	0	1
ENSPNYG00000018921	0	0	0
ENSPNYG00000018922	0	0	0
ENSPNYG00000018923	0	0	0
ENSPNYG00000018924	0	0	0
ENSPNYG00000018925	0	0	0
ENSPNYG00000018926	309	265	299
ENSPNYG00000018927	70	13	30
ENSPNYG00000018928	29	4	12
ENSPNYG00000018929	67	71	56
ENSPNYG00000018930	6	0	9
ENSPNYG00000018931	0	0	0
ENSPNYG00000018932	2	1	0
ENSPNYG00000018933	4	3	3
ENSPNYG00000018934	0	0	0
ENSPNYG00000018935	0	0	1
ENSPNYG00000018936	8	7	4
ENSPNYG00000018937	0	0	0
ENSPNYG00000018938	0	0	0
ENSPNYG00000018939	0	4	3
ENSPNYG00000018940	89	10	54
ENSPNYG00000018941	0	0	0
ENSPNYG00000018942	47	21	27
ENSPNYG00000018943	0	0	0
ENSPNYG00000018944	10	9	6
ENSPNYG00000018945	1	0	1
ENSPNYG00000018946	1	0	0
ENSPNYG00000018947	0	0	1
ENSPNYG00000018948	0	0	0
ENSPNYG00000018949	0	0	0
ENSPNYG00000018950	1	0	0
ENSPNYG00000018951	1	0	0
ENSPNYG00000018952	11	4	11
ENSPNYG00000018953	0	0	0
ENSPNYG00000018954	0	0	0
ENSPNYG00000018955	0	0	4
ENSPNYG00000018956	0	0	0
ENSPNYG00000018957	5	4	17
ENSPNYG00000018958	0	0	0
ENSPNYG00000018959	8	2	11
ENSPNYG00000018960	59	49	50
ENSPNYG00000018961	8	6	7
ENSPNYG00000018962	4	3	7
ENSPNYG00000018963	5	3	5
ENSPNYG00000018964	2	0	1
ENSPNYG00000018965	114	103	160
ENSPNYG00000018966	4	0	0
ENSPNYG00000018967	2	4	20
ENSPNYG00000018968	0	0	0
ENSPNYG00000018969	4	3	6
ENSPNYG00000018970	0	0	0
ENSPNYG00000018971	0	0	0
ENSPNYG00000018972	3	1	3
ENSPNYG00000018973	0	0	0
ENSPNYG00000018974	1	0	3
ENSPNYG00000018975	3	2	9
ENSPNYG00000018976	0	0	0
ENSPNYG00000018977	0	0	0
ENSPNYG00000018978	18	5	4
ENSPNYG00000018979	6	0	3
ENSPNYG00000018980	0	0	0
ENSPNYG00000018981	0	0	0
ENSPNYG00000018982	0	0	1
ENSPNYG00000018983	178	128	115
ENSPNYG00000018984	4	0	0
ENSPNYG00000018985	46	43	74
ENSPNYG00000018986	2	3	2
ENSPNYG00000018987	5	2	4
ENSPNYG00000018988	0	0	0
ENSPNYG00000018989	0	0	0
ENSPNYG00000018990	0	0	0
ENSPNYG00000018991	0	0	0
ENSPNYG00000018992	3	0	2
ENSPNYG00000018993	2	4	0
ENSPNYG00000018994	0	0	0
ENSPNYG00000018995	0	0	2
ENSPNYG00000018996	0	2	0
ENSPNYG00000018997	0	0	1
ENSPNYG00000018998	35	19	29
ENSPNYG00000018999	0	0	0
ENSPNYG00000019000	0	0	0
ENSPNYG00000019001	0	1	1
ENSPNYG00000019002	0	0	0
ENSPNYG00000019003	0	0	1
ENSPNYG00000019004	0	0	0
ENSPNYG00000019005	0	0	0
ENSPNYG00000019006	0	0	0
ENSPNYG00000019007	0	0	2
ENSPNYG00000019008	0	2	0
ENSPNYG00000019009	0	1	1
ENSPNYG00000019010	4	4	6
ENSPNYG00000019011	1	0	2
ENSPNYG00000019012	3	20	15
ENSPNYG00000019013	1	2	0
ENSPNYG00000019014	0	0	2
ENSPNYG00000019015	0	0	4
ENSPNYG00000019016	0	1	0
ENSPNYG00000019017	0	0	0
ENSPNYG00000019018	8	12	12
ENSPNYG00000019019	0	0	0
ENSPNYG00000019020	2	3	9
ENSPNYG00000019021	3	1	2
ENSPNYG00000019022	581	608	643
ENSPNYG00000019023	0	0	0
ENSPNYG00000019024	0	0	0
ENSPNYG00000019025	0	0	1
ENSPNYG00000019026	0	3	0
ENSPNYG00000019027	1	0	0
ENSPNYG00000019028	0	0	0
ENSPNYG00000019029	9	10	9
ENSPNYG00000019030	0	0	0
ENSPNYG00000019031	0	0	1
ENSPNYG00000019032	12	11	7
ENSPNYG00000019033	0	0	0
ENSPNYG00000019034	3	8	0
ENSPNYG00000019035	0	0	0
ENSPNYG00000019036	0	0	0
ENSPNYG00000019037	0	0	0
ENSPNYG00000019038	0	0	0
ENSPNYG00000019039	2	1	2
ENSPNYG00000019040	0	0	0
ENSPNYG00000019041	0	0	2
ENSPNYG00000019042	0	0	0
ENSPNYG00000019043	0	0	0
ENSPNYG00000019044	0	0	0
ENSPNYG00000019045	2	1	3
ENSPNYG00000019046	0	0	0
ENSPNYG00000019047	186	3	4
ENSPNYG00000019048	34	22	98
ENSPNYG00000019049	2	8	3
ENSPNYG00000019050	0	0	2
ENSPNYG00000019051	0	0	0
ENSPNYG00000019052	0	0	0
ENSPNYG00000019053	980	1213	752
ENSPNYG00000019054	0	2	3
ENSPNYG00000019055	9	20	12
ENSPNYG00000019056	8	2	0
ENSPNYG00000019057	4	0	1
ENSPNYG00000019058	2	0	8
ENSPNYG00000019059	3	0	1
ENSPNYG00000019060	0	0	0
ENSPNYG00000019061	0	0	0
ENSPNYG00000019062	22	36	19
ENSPNYG00000019063	2	2	1
ENSPNYG00000019064	0	0	0
ENSPNYG00000019065	4	4	0
ENSPNYG00000019066	35	4	3
ENSPNYG00000019067	0	0	0
ENSPNYG00000019068	0	0	1
ENSPNYG00000019069	0	0	0
ENSPNYG00000019070	6	7	28
ENSPNYG00000019071	0	0	0
ENSPNYG00000019072	1	1	2
ENSPNYG00000019073	8	7	13
ENSPNYG00000019074	0	0	0
ENSPNYG00000019075	0	0	0
ENSPNYG00000019076	0	0	0
ENSPNYG00000019077	5	2	1
ENSPNYG00000019078	0	1	3
ENSPNYG00000019079	0	0	0
ENSPNYG00000019080	1	1	0
ENSPNYG00000019081	251	78	82
ENSPNYG00000019082	1	0	0
ENSPNYG00000019083	12	4	7
ENSPNYG00000019084	2	0	4
ENSPNYG00000019085	3	1	3
ENSPNYG00000019086	0	0	0
ENSPNYG00000019087	0	0	0
ENSPNYG00000019088	26	1	18
ENSPNYG00000019089	14308	9173	9829
ENSPNYG00000019090	23	23	23
ENSPNYG00000019091	0	1	0
ENSPNYG00000019092	1	1	3
ENSPNYG00000019093	0	0	0
ENSPNYG00000019094	1	0	0
ENSPNYG00000019095	0	0	0
ENSPNYG00000019096	0	0	0
ENSPNYG00000019097	0	0	1
ENSPNYG00000019098	1	3	6
ENSPNYG00000019099	0	0	0
ENSPNYG00000019100	539	483	621
ENSPNYG00000019101	0	0	5
ENSPNYG00000019102	7	0	2
ENSPNYG00000019103	1	4	1
ENSPNYG00000019104	1	1	1
ENSPNYG00000019105	328	423	763
ENSPNYG00000019106	1	0	0
ENSPNYG00000019107	0	0	0
ENSPNYG00000019108	0	0	0
ENSPNYG00000019109	7	8	8
ENSPNYG00000019110	0	0	0
ENSPNYG00000019111	0	0	0
ENSPNYG00000019112	2	0	1
ENSPNYG00000019113	0	0	0
ENSPNYG00000019114	4	8	3
ENSPNYG00000019115	0	0	1
ENSPNYG00000019116	0	0	0
ENSPNYG00000019117	0	42	1
ENSPNYG00000019118	0	3	5
ENSPNYG00000019119	0	0	0
ENSPNYG00000019120	3	3	0
ENSPNYG00000019121	3	0	2
ENSPNYG00000019122	21	17	22
ENSPNYG00000019123	0	0	0
ENSPNYG00000019124	0	0	0
ENSPNYG00000019125	0	0	0
ENSPNYG00000019126	21	1	2
ENSPNYG00000019127	1	3	4
ENSPNYG00000019128	2	1	4
ENSPNYG00000019129	4	9	6
ENSPNYG00000019130	58	16	26
ENSPNYG00000019131	0	0	0
ENSPNYG00000019132	0	0	0
ENSPNYG00000019133	0	0	0
ENSPNYG00000019134	0	0	0
ENSPNYG00000019135	0	1	3
ENSPNYG00000019136	2	1	7
ENSPNYG00000019137	0	0	0
ENSPNYG00000019138	3	4	2
ENSPNYG00000019139	0	0	0
ENSPNYG00000019140	13	2	11
ENSPNYG00000019141	0	0	1
ENSPNYG00000019142	0	0	0
ENSPNYG00000019143	0	0	3
ENSPNYG00000019144	71	73	75
ENSPNYG00000019145	1	3	0
ENSPNYG00000019146	1	0	0
ENSPNYG00000019147	0	0	0
ENSPNYG00000019148	2	17	37
ENSPNYG00000019149	0	0	0
ENSPNYG00000019150	0	0	0
ENSPNYG00000019151	8	32	43
ENSPNYG00000019152	666	645	817
ENSPNYG00000019153	4292	5514	3612
ENSPNYG00000019154	0	0	0
ENSPNYG00000019155	0	0	0
ENSPNYG00000019156	471	284	412
ENSPNYG00000019157	299	216	253
ENSPNYG00000019158	2	5	0
ENSPNYG00000019159	0	0	0
ENSPNYG00000019160	2	3	6
ENSPNYG00000019161	0	0	0
ENSPNYG00000019162	1	1	3
ENSPNYG00000019163	4	5	28
ENSPNYG00000019164	0	0	0
ENSPNYG00000019165	0	0	0
ENSPNYG00000019166	0	1	3
ENSPNYG00000019167	484	686	779
ENSPNYG00000019168	0	0	0
ENSPNYG00000019169	0	0	0
ENSPNYG00000019170	8	9	8
ENSPNYG00000019171	275	177	361
ENSPNYG00000019172	15	28	21
ENSPNYG00000019173	0	0	0
ENSPNYG00000019174	4	9	10
ENSPNYG00000019175	1	11	11
ENSPNYG00000019176	2	1	1
ENSPNYG00000019177	0	1	0
ENSPNYG00000019178	0	1	3
ENSPNYG00000019179	1	0	1
ENSPNYG00000019180	0	0	0
ENSPNYG00000019181	1	0	2
ENSPNYG00000019182	0	0	0
ENSPNYG00000019183	10	3	3
ENSPNYG00000019184	0	0	0
ENSPNYG00000019185	7	2	6
ENSPNYG00000019186	0	0	0
ENSPNYG00000019187	2	1	0
ENSPNYG00000019188	0	0	1
ENSPNYG00000019189	0	0	0
ENSPNYG00000019190	0	0	0
ENSPNYG00000019191	31	51	42
ENSPNYG00000019192	0	0	3
ENSPNYG00000019193	0	0	2
ENSPNYG00000019194	0	0	0
ENSPNYG00000019195	0	0	0
ENSPNYG00000019196	32	7	28
ENSPNYG00000019197	1	1	0
ENSPNYG00000019198	0	0	0
ENSPNYG00000019199	2	3	2
ENSPNYG00000019200	27	43	31
ENSPNYG00000019201	0	0	0
ENSPNYG00000019202	1	3	1
ENSPNYG00000019203	4	0	0
ENSPNYG00000019204	0	0	0
ENSPNYG00000019205	6	7	10
ENSPNYG00000019206	0	0	0
ENSPNYG00000019207	0	0	2
ENSPNYG00000019208	0	0	0
ENSPNYG00000019209	0	0	0
ENSPNYG00000019210	0	0	0
ENSPNYG00000019211	8	6	18
ENSPNYG00000019212	4	3	0
ENSPNYG00000019213	0	0	0
ENSPNYG00000019214	0	0	0
ENSPNYG00000019215	0	0	0
ENSPNYG00000019216	0	0	1
ENSPNYG00000019217	5	1	1
ENSPNYG00000019218	1	1	0
ENSPNYG00000019219	46	48	77
ENSPNYG00000019220	4	3	1
ENSPNYG00000019221	0	0	0
ENSPNYG00000019222	0	0	0
ENSPNYG00000019223	0	0	0
ENSPNYG00000019224	0	0	0
ENSPNYG00000019225	7	3	0
ENSPNYG00000019226	0	0	0
ENSPNYG00000019227	4	1	2
ENSPNYG00000019228	0	0	2
ENSPNYG00000019229	5	2	2
ENSPNYG00000019230	0	0	0
ENSPNYG00000019231	2	4	3
ENSPNYG00000019232	2	4	7
ENSPNYG00000019233	0	0	6
ENSPNYG00000019234	3	0	1
ENSPNYG00000019235	0	0	0
ENSPNYG00000019236	2	2	5
ENSPNYG00000019237	1	1	1
ENSPNYG00000019238	0	0	0
ENSPNYG00000019239	20	9	13
ENSPNYG00000019240	18	0	2
ENSPNYG00000019241	4	3	0
ENSPNYG00000019242	6	0	4
ENSPNYG00000019243	0	0	3
ENSPNYG00000019244	0	0	0
ENSPNYG00000019245	3	2	0
ENSPNYG00000019246	0	0	0
ENSPNYG00000019247	1	0	3
ENSPNYG00000019248	0	1	1
ENSPNYG00000019249	0	1	0
ENSPNYG00000019250	1	0	1
ENSPNYG00000019251	1	0	0
ENSPNYG00000019252	1	0	0
ENSPNYG00000019253	52	220	205
ENSPNYG00000019254	2	0	2
ENSPNYG00000019255	3	0	0
ENSPNYG00000019256	62	56	89
ENSPNYG00000019257	0	0	1
ENSPNYG00000019258	116	20	53
ENSPNYG00000019259	3	3	3
ENSPNYG00000019260	1	0	0
ENSPNYG00000019261	0	0	2
ENSPNYG00000019262	6	3	7
ENSPNYG00000019263	11	21	22
ENSPNYG00000019264	1	2	1
ENSPNYG00000019265	33	23	37
ENSPNYG00000019266	2	2	5
ENSPNYG00000019267	5	11	1
ENSPNYG00000019268	0	2	0
ENSPNYG00000019269	1	1	5
ENSPNYG00000019270	10	2	15
ENSPNYG00000019271	7	4	6
ENSPNYG00000019272	0	0	0
ENSPNYG00000019273	0	0	0
ENSPNYG00000019274	21	26	13
ENSPNYG00000019275	1	0	0
ENSPNYG00000019276	2	0	0
ENSPNYG00000019277	0	0	0
ENSPNYG00000019278	0	0	0
ENSPNYG00000019279	0	0	0
ENSPNYG00000019280	6	5	4
ENSPNYG00000019281	2	4	2
ENSPNYG00000019282	2	4	1
ENSPNYG00000019283	0	0	0
ENSPNYG00000019284	0	0	0
ENSPNYG00000019285	1	3	4
ENSPNYG00000019286	7	4	5
ENSPNYG00000019287	1	1	4
ENSPNYG00000019288	4	3	1
ENSPNYG00000019289	2	0	0
ENSPNYG00000019290	2	1	0
ENSPNYG00000019291	1	2	2
ENSPNYG00000019292	2	2	8
ENSPNYG00000019293	3	0	1
ENSPNYG00000019294	4	5	1
ENSPNYG00000019295	0	0	0
ENSPNYG00000019296	0	0	0
ENSPNYG00000019297	0	0	0
ENSPNYG00000019298	0	0	0
ENSPNYG00000019299	3	2	2
ENSPNYG00000019300	7	7	9
ENSPNYG00000019301	12	32	43
ENSPNYG00000019302	16	9	3
ENSPNYG00000019303	2	1	6
ENSPNYG00000019304	0	0	0
ENSPNYG00000019305	10	16	12
ENSPNYG00000019306	2	1	7
ENSPNYG00000019307	1	0	4
ENSPNYG00000019308	0	0	0
ENSPNYG00000019309	14	6	22
ENSPNYG00000019310	2	0	3
ENSPNYG00000019311	0	0	0
ENSPNYG00000019312	0	0	2
ENSPNYG00000019313	0	0	0
ENSPNYG00000019314	0	0	0
ENSPNYG00000019315	4	3	4
ENSPNYG00000019316	0	0	0
ENSPNYG00000019317	564	563	811
ENSPNYG00000019318	3	1	0
ENSPNYG00000019319	0	1	2
ENSPNYG00000019320	11	2	0
ENSPNYG00000019321	3	2	7
ENSPNYG00000019322	140	132	142
ENSPNYG00000019323	6	12	33
ENSPNYG00000019324	2	4	7
ENSPNYG00000019325	1	0	0
ENSPNYG00000019326	0	0	0
ENSPNYG00000019327	2	1	0
ENSPNYG00000019328	3	1	0
ENSPNYG00000019329	3	2	5
ENSPNYG00000019330	0	0	0
ENSPNYG00000019331	4	2	8
ENSPNYG00000019332	0	0	0
ENSPNYG00000019333	0	1	8
ENSPNYG00000019334	7	0	2
ENSPNYG00000019335	0	0	0
ENSPNYG00000019336	0	0	0
ENSPNYG00000019337	0	1	0
ENSPNYG00000019338	31	16	39
ENSPNYG00000019339	55	29	50
ENSPNYG00000019340	0	0	0
ENSPNYG00000019341	0	0	0
ENSPNYG00000019342	10	11	6
ENSPNYG00000019343	0	1	0
ENSPNYG00000019344	0	0	0
ENSPNYG00000019345	0	0	0
ENSPNYG00000019346	1	4	6
ENSPNYG00000019347	18	16	13
ENSPNYG00000019348	0	0	0
ENSPNYG00000019349	0	0	0
ENSPNYG00000019350	0	0	0
ENSPNYG00000019351	21	54	72
ENSPNYG00000019352	2	0	2
ENSPNYG00000019353	6	2	0
ENSPNYG00000019354	0	0	0
ENSPNYG00000019355	0	0	0
ENSPNYG00000019356	0	0	0
ENSPNYG00000019357	1	5	8
ENSPNYG00000019358	2	0	0
ENSPNYG00000019359	0	0	0
ENSPNYG00000019360	6	15	17
ENSPNYG00000019361	12	6	7
ENSPNYG00000019362	0	0	0
ENSPNYG00000019363	0	2	2
ENSPNYG00000019364	0	0	0
ENSPNYG00000019365	0	0	0
ENSPNYG00000019366	0	0	1
ENSPNYG00000019367	1	1	4
ENSPNYG00000019368	4	1	1
ENSPNYG00000019369	0	0	0
ENSPNYG00000019370	3	6	1
ENSPNYG00000019371	17	3	2
ENSPNYG00000019372	1	0	0
ENSPNYG00000019373	4	2	2
ENSPNYG00000019374	0	0	1
ENSPNYG00000019375	0	0	0
ENSPNYG00000019376	365	321	398
ENSPNYG00000019377	0	0	0
ENSPNYG00000019378	1	0	0
ENSPNYG00000019379	1	0	1
ENSPNYG00000019380	1	3	5
ENSPNYG00000019381	0	2	0
ENSPNYG00000019382	3	4	0
ENSPNYG00000019383	77	62	61
ENSPNYG00000019384	5	1	1
ENSPNYG00000019385	3	0	2
ENSPNYG00000019386	1	2	0
ENSPNYG00000019387	2	2	0
ENSPNYG00000019388	0	0	0
ENSPNYG00000019389	0	0	2
ENSPNYG00000019390	0	0	0
ENSPNYG00000019391	1	0	0
ENSPNYG00000019392	0	0	0
ENSPNYG00000019393	0	0	0
ENSPNYG00000019394	1579	1032	1157
ENSPNYG00000019395	0	0	0
ENSPNYG00000019396	1	2	1
ENSPNYG00000019397	2	0	2
ENSPNYG00000019398	0	0	0
ENSPNYG00000019399	0	0	3
ENSPNYG00000019400	0	0	0
ENSPNYG00000019401	0	0	3
ENSPNYG00000019402	1	2	2
ENSPNYG00000019403	61	9	23
ENSPNYG00000019404	2	0	0
ENSPNYG00000019405	11	12	9
ENSPNYG00000019406	0	0	1
ENSPNYG00000019407	1	0	0
ENSPNYG00000019408	0	0	0
ENSPNYG00000019409	1	0	0
ENSPNYG00000019410	0	1	0
ENSPNYG00000019411	1	0	0
ENSPNYG00000019412	0	0	0
ENSPNYG00000019413	0	0	0
ENSPNYG00000019414	7	11	4
ENSPNYG00000019415	17	27	20
ENSPNYG00000019416	0	0	0
ENSPNYG00000019417	6	12	15
ENSPNYG00000019418	2	1	2
ENSPNYG00000019419	4	0	0
ENSPNYG00000019420	0	2	1
ENSPNYG00000019421	2	0	2
ENSPNYG00000019422	0	0	0
ENSPNYG00000019423	0	1	1
ENSPNYG00000019424	254	432	266
ENSPNYG00000019425	1	0	2
ENSPNYG00000019426	0	0	0
ENSPNYG00000019427	31	33	54
ENSPNYG00000019428	0	4	1
ENSPNYG00000019429	9	10	17
ENSPNYG00000019430	6	6	5
ENSPNYG00000019431	1	0	1
ENSPNYG00000019432	5	0	0
ENSPNYG00000019433	0	0	1
ENSPNYG00000019434	1489	1239	1176
ENSPNYG00000019435	1	0	0
ENSPNYG00000019436	0	0	2
ENSPNYG00000019437	0	0	0
ENSPNYG00000019438	0	0	0
ENSPNYG00000019439	1	0	2
ENSPNYG00000019440	0	0	0
ENSPNYG00000019441	4	0	0
ENSPNYG00000019442	0	0	1
ENSPNYG00000019443	2	1	1
ENSPNYG00000019444	5	1	1
ENSPNYG00000019445	0	0	0
ENSPNYG00000019446	0	0	0
ENSPNYG00000019447	3	2	5
ENSPNYG00000019448	0	0	0
ENSPNYG00000019449	6	2	8
ENSPNYG00000019450	0	0	1
ENSPNYG00000019451	2	6	4
ENSPNYG00000019452	13	0	0
ENSPNYG00000019453	0	0	0
ENSPNYG00000019454	550	759	671
ENSPNYG00000019455	2	0	1
ENSPNYG00000019456	0	0	0
ENSPNYG00000019457	0	2	2
ENSPNYG00000019458	2	1	0
ENSPNYG00000019459	3	2	2
ENSPNYG00000019460	2	2	1
ENSPNYG00000019461	0	6	1
ENSPNYG00000019462	0	1	0
ENSPNYG00000019463	1	1	1
ENSPNYG00000019464	5	1	5
ENSPNYG00000019465	2	1	7
ENSPNYG00000019466	1	1	0
ENSPNYG00000019467	6	6	14
ENSPNYG00000019468	0	2	0
ENSPNYG00000019469	4	4	7
ENSPNYG00000019470	2	0	0
ENSPNYG00000019471	333	88	138
ENSPNYG00000019472	608	636	719
ENSPNYG00000019473	0	0	0
ENSPNYG00000019474	1	0	0
ENSPNYG00000019475	1	0	0
ENSPNYG00000019476	470	497	1017
ENSPNYG00000019477	13	20	52
ENSPNYG00000019478	3	1	2
ENSPNYG00000019479	0	1	3
ENSPNYG00000019480	0	0	0
ENSPNYG00000019481	4	10	18
ENSPNYG00000019482	3	1	3
ENSPNYG00000019483	4	0	1
ENSPNYG00000019484	2	1	1
ENSPNYG00000019485	12	0	5
ENSPNYG00000019486	0	2	5
ENSPNYG00000019487	0	0	2
ENSPNYG00000019488	12	11	6
ENSPNYG00000019489	0	1	1
ENSPNYG00000019490	0	0	0
ENSPNYG00000019491	0	0	0
ENSPNYG00000019492	12	1	8
ENSPNYG00000019493	20	22	47
ENSPNYG00000019494	2	1	1
ENSPNYG00000019495	1	0	0
ENSPNYG00000019496	1632	303	626
ENSPNYG00000019497	0	0	0
ENSPNYG00000019498	0	1	0
ENSPNYG00000019499	0	0	0
ENSPNYG00000019500	7	1	1
ENSPNYG00000019501	19	21	9
ENSPNYG00000019502	0	0	3
ENSPNYG00000019503	1	0	0
ENSPNYG00000019504	0	0	0
ENSPNYG00000019505	0	0	0
ENSPNYG00000019506	52	30	31
ENSPNYG00000019507	8	8	6
ENSPNYG00000019508	0	0	12
ENSPNYG00000019509	51	20	25
ENSPNYG00000019510	0	1	0
ENSPNYG00000019511	0	0	0
ENSPNYG00000019512	0	0	0
ENSPNYG00000019513	2	0	5
ENSPNYG00000019514	3	6	0
ENSPNYG00000019515	0	1	2
ENSPNYG00000019516	2	0	0
ENSPNYG00000019517	0	0	0
ENSPNYG00000019518	2	1	2
ENSPNYG00000019519	0	0	0
ENSPNYG00000019520	0	0	0
ENSPNYG00000019521	225	177	122
ENSPNYG00000019522	0	2	1
ENSPNYG00000019523	0	0	0
ENSPNYG00000019524	146	51	28
ENSPNYG00000019525	0	0	1
ENSPNYG00000019526	9	1	1
ENSPNYG00000019527	0	0	0
ENSPNYG00000019528	2	0	1
ENSPNYG00000019529	0	0	0
ENSPNYG00000019530	0	1	0
ENSPNYG00000019531	0	1	0
ENSPNYG00000019532	2	0	10
ENSPNYG00000019533	0	0	0
ENSPNYG00000019534	7	1	0
ENSPNYG00000019535	0	0	0
ENSPNYG00000019536	0	0	0
ENSPNYG00000019537	0	0	0
ENSPNYG00000019538	0	0	0
ENSPNYG00000019539	0	0	0
ENSPNYG00000019540	0	0	0
ENSPNYG00000019541	0	0	0
ENSPNYG00000019542	2	1	3
ENSPNYG00000019543	2	1	1
ENSPNYG00000019544	0	0	0
ENSPNYG00000019545	0	1	0
ENSPNYG00000019546	6	0	2
ENSPNYG00000019547	0	2	3
ENSPNYG00000019548	0	0	0
ENSPNYG00000019549	3	0	0
ENSPNYG00000019550	0	0	0
ENSPNYG00000019551	0	0	0
ENSPNYG00000019552	0	0	1
ENSPNYG00000019553	3	0	3
ENSPNYG00000019554	2	1	7
ENSPNYG00000019555	0	1	0
ENSPNYG00000019556	48	50	16
ENSPNYG00000019557	6	8	13
ENSPNYG00000019558	0	0	1
ENSPNYG00000019559	1	0	3
ENSPNYG00000019560	16	13	27
ENSPNYG00000019561	0	0	0
ENSPNYG00000019562	628	825	1012
ENSPNYG00000019563	1	4	2
ENSPNYG00000019564	0	0	0
ENSPNYG00000019565	2	1	0
ENSPNYG00000019566	0	0	0
ENSPNYG00000019567	0	0	0
ENSPNYG00000019568	2	0	13
ENSPNYG00000019569	0	0	1
ENSPNYG00000019570	0	0	0
ENSPNYG00000019571	1	0	0
ENSPNYG00000019572	5	3	0
ENSPNYG00000019573	0	0	0
ENSPNYG00000019574	5	3	11
ENSPNYG00000019575	2	0	0
ENSPNYG00000019576	0	0	0
ENSPNYG00000019577	5	2	0
ENSPNYG00000019578	2	5	5
ENSPNYG00000019579	6	1	2
ENSPNYG00000019580	0	0	0
ENSPNYG00000019581	10	2	4
ENSPNYG00000019582	2	0	1
ENSPNYG00000019583	0	0	0
ENSPNYG00000019584	0	0	0
ENSPNYG00000019585	2	0	1
ENSPNYG00000019586	0	6	0
ENSPNYG00000019587	391	363	448
ENSPNYG00000019588	0	0	0
ENSPNYG00000019589	14	5	12
ENSPNYG00000019590	8	6	4
ENSPNYG00000019591	0	0	0
ENSPNYG00000019592	53	35	26
ENSPNYG00000019593	11	6	2
ENSPNYG00000019594	2069	2105	2161
ENSPNYG00000019595	1379	660	522
ENSPNYG00000019596	0	0	0
ENSPNYG00000019597	0	0	0
ENSPNYG00000019598	0	1	1
ENSPNYG00000019599	0	1	1
ENSPNYG00000019600	0	0	0
ENSPNYG00000019601	2	6	8
ENSPNYG00000019602	15	9	14
ENSPNYG00000019603	0	0	0
ENSPNYG00000019604	2	3	3
ENSPNYG00000019605	0	0	0
ENSPNYG00000019606	2	0	0
ENSPNYG00000019607	0	0	0
ENSPNYG00000019608	17	14	13
ENSPNYG00000019609	2	0	1
ENSPNYG00000019610	1	0	1
ENSPNYG00000019611	0	2	6
ENSPNYG00000019612	3	13	10
ENSPNYG00000019613	0	0	0
ENSPNYG00000019614	3	1	0
ENSPNYG00000019615	2	1	1
ENSPNYG00000019616	1551	1451	1629
ENSPNYG00000019617	0	0	0
ENSPNYG00000019618	2	3	4
ENSPNYG00000019619	0	0	1
ENSPNYG00000019620	29	24	37
ENSPNYG00000019621	0	0	0
ENSPNYG00000019622	12	2	5
ENSPNYG00000019623	0	0	0
ENSPNYG00000019624	8	9	10
ENSPNYG00000019625	4	0	0
ENSPNYG00000019626	1	3	2
ENSPNYG00000019627	3	0	2
ENSPNYG00000019628	0	0	0
ENSPNYG00000019629	10	11	11
ENSPNYG00000019630	5	25	14
ENSPNYG00000019631	0	1	0
ENSPNYG00000019632	4	10	3
ENSPNYG00000019633	0	0	0
ENSPNYG00000019634	0	0	0
ENSPNYG00000019635	4	7	0
ENSPNYG00000019636	1	0	1
ENSPNYG00000019637	1	0	2
ENSPNYG00000019638	7	6	13
ENSPNYG00000019639	2	3	5
ENSPNYG00000019640	0	0	0
ENSPNYG00000019641	10	1	9
ENSPNYG00000019642	17	11	35
ENSPNYG00000019643	5	9	4
ENSPNYG00000019644	1	6	3
ENSPNYG00000019645	0	1	4
ENSPNYG00000019646	0	0	0
ENSPNYG00000019647	2	0	1
ENSPNYG00000019648	27	18	32
ENSPNYG00000019649	0	0	0
ENSPNYG00000019650	0	0	0
ENSPNYG00000019651	0	0	0
ENSPNYG00000019652	1211	1536	1386
ENSPNYG00000019653	0	1	0
ENSPNYG00000019654	1	2	2
ENSPNYG00000019655	0	1	0
ENSPNYG00000019656	21	14	19
ENSPNYG00000019657	1	0	0
ENSPNYG00000019658	0	0	0
ENSPNYG00000019659	0	0	0
ENSPNYG00000019660	0	2	1
ENSPNYG00000019661	0	0	0
ENSPNYG00000019662	9	0	5
ENSPNYG00000019663	2	5	7
ENSPNYG00000019664	0	0	0
ENSPNYG00000019665	2	1	4
ENSPNYG00000019666	0	0	5
ENSPNYG00000019667	2	0	4
ENSPNYG00000019668	0	0	0
ENSPNYG00000019669	645	456	647
ENSPNYG00000019670	2	1	1
ENSPNYG00000019671	3	0	0
ENSPNYG00000019672	14	4	14
ENSPNYG00000019673	18	6	10
ENSPNYG00000019674	2	2	2
ENSPNYG00000019675	3	0	1
ENSPNYG00000019676	6	8	11
ENSPNYG00000019677	5	8	11
ENSPNYG00000019678	10	8	5
ENSPNYG00000019679	1	0	0
ENSPNYG00000019680	5	2	4
ENSPNYG00000019681	12	3	3
ENSPNYG00000019682	0	1	0
ENSPNYG00000019683	0	3	3
ENSPNYG00000019684	0	0	0
ENSPNYG00000019685	2	0	0
ENSPNYG00000019686	5	3	5
ENSPNYG00000019687	14	11	16
ENSPNYG00000019688	0	0	0
ENSPNYG00000019689	0	0	0
ENSPNYG00000019690	0	0	1
ENSPNYG00000019691	1	1	2
ENSPNYG00000019692	5	3	1
ENSPNYG00000019693	0	6	2
ENSPNYG00000019694	0	0	0
ENSPNYG00000019695	14	7	16
ENSPNYG00000019696	1	0	0
ENSPNYG00000019697	4	8	2
ENSPNYG00000019698	0	3	0
ENSPNYG00000019699	4	3	3
ENSPNYG00000019700	2	2	0
ENSPNYG00000019701	0	0	0
ENSPNYG00000019702	0	0	0
ENSPNYG00000019703	8	0	1
ENSPNYG00000019704	0	1	0
ENSPNYG00000019705	0	0	0
ENSPNYG00000019706	0	0	0
ENSPNYG00000019707	594	792	590
ENSPNYG00000019708	14	0	0
ENSPNYG00000019709	0	1	0
ENSPNYG00000019710	0	0	0
ENSPNYG00000019711	2	5	0
ENSPNYG00000019712	0	1	1
ENSPNYG00000019713	813	1163	1058
ENSPNYG00000019714	0	0	0
ENSPNYG00000019715	2	2	0
ENSPNYG00000019716	3999	3700	4595
ENSPNYG00000019717	1	0	3
ENSPNYG00000019718	4	2	0
ENSPNYG00000019719	0	0	0
ENSPNYG00000019720	13	7	12
ENSPNYG00000019721	2	1	4
ENSPNYG00000019722	0	0	0
ENSPNYG00000019723	2	0	0
ENSPNYG00000019724	42	38	39
ENSPNYG00000019725	0	0	1
ENSPNYG00000019726	1	1	0
ENSPNYG00000019727	5	1	2
ENSPNYG00000019728	0	0	0
ENSPNYG00000019729	3027	4191	4167
ENSPNYG00000019730	0	0	0
ENSPNYG00000019731	2	0	0
ENSPNYG00000019732	5	2	4
ENSPNYG00000019733	0	0	0
ENSPNYG00000019734	0	5	2
ENSPNYG00000019735	10	0	0
ENSPNYG00000019736	20	8	16
ENSPNYG00000019737	4	2	19
ENSPNYG00000019738	1	2	0
ENSPNYG00000019739	0	0	3
ENSPNYG00000019740	0	0	0
ENSPNYG00000019741	1	0	6
ENSPNYG00000019742	0	0	0
ENSPNYG00000019743	0	0	0
ENSPNYG00000019744	0	0	0
ENSPNYG00000019745	0	0	2
ENSPNYG00000019746	0	1	0
ENSPNYG00000019747	2	1	5
ENSPNYG00000019748	0	0	0
ENSPNYG00000019749	0	0	1
ENSPNYG00000019750	3	3	4
ENSPNYG00000019751	3	5	7
ENSPNYG00000019752	4	2	1
ENSPNYG00000019753	0	0	0
ENSPNYG00000019754	0	0	0
ENSPNYG00000019755	2	4	4
ENSPNYG00000019756	1	1	0
ENSPNYG00000019757	0	0	0
ENSPNYG00000019758	0	0	0
ENSPNYG00000019759	1	2	2
ENSPNYG00000019760	5	12	12
ENSPNYG00000019761	0	0	0
ENSPNYG00000019762	11	31	27
ENSPNYG00000019763	0	4	7
ENSPNYG00000019764	2	3	2
ENSPNYG00000019765	12	5	7
ENSPNYG00000019766	0	0	0
ENSPNYG00000019767	4	2	4
ENSPNYG00000019768	0	0	0
ENSPNYG00000019769	4	13	19
ENSPNYG00000019770	0	0	0
ENSPNYG00000019771	0	0	0
ENSPNYG00000019772	0	1	0
ENSPNYG00000019773	0	1	0
ENSPNYG00000019774	0	0	0
ENSPNYG00000019775	59	36	66
ENSPNYG00000019776	0	0	0
ENSPNYG00000019777	0	0	0
ENSPNYG00000019778	0	0	0
ENSPNYG00000019779	36	101	87
ENSPNYG00000019780	0	0	2
ENSPNYG00000019781	0	0	0
ENSPNYG00000019782	2	1	0
ENSPNYG00000019783	13	8	7
ENSPNYG00000019784	0	0	0
ENSPNYG00000019785	1	0	4
ENSPNYG00000019786	0	0	0
ENSPNYG00000019787	2	3	8
ENSPNYG00000019788	201	9	14
ENSPNYG00000019789	0	0	0
ENSPNYG00000019790	2	8	0
ENSPNYG00000019791	21	34	11
ENSPNYG00000019792	264	192	241
ENSPNYG00000019793	2	5	3
ENSPNYG00000019794	5	0	4
ENSPNYG00000019795	0	0	0
ENSPNYG00000019796	1	0	1
ENSPNYG00000019797	2	2	2
ENSPNYG00000019798	0	0	0
ENSPNYG00000019799	3	17	2
ENSPNYG00000019800	6	3	2
ENSPNYG00000019801	6	0	3
ENSPNYG00000019802	0	1	0
ENSPNYG00000019803	5	2	6
ENSPNYG00000019804	9	2	1
ENSPNYG00000019805	0	2	7
ENSPNYG00000019806	0	2	1
ENSPNYG00000019807	4	1	0
ENSPNYG00000019808	1	0	1
ENSPNYG00000019809	1	5	7
ENSPNYG00000019810	0	0	0
ENSPNYG00000019811	0	0	0
ENSPNYG00000019812	0	0	0
ENSPNYG00000019813	20	20	29
ENSPNYG00000019814	0	0	0
ENSPNYG00000019815	0	0	0
ENSPNYG00000019816	14	0	0
ENSPNYG00000019817	0	0	0
ENSPNYG00000019818	0	3	0
ENSPNYG00000019819	2	1	0
ENSPNYG00000019820	0	1	0
ENSPNYG00000019821	6	18	11
ENSPNYG00000019822	0	0	1
ENSPNYG00000019823	6	7	6
ENSPNYG00000019824	0	0	0
ENSPNYG00000019825	0	0	0
ENSPNYG00000019826	0	0	0
ENSPNYG00000019827	2	3	1
ENSPNYG00000019828	0	0	0
ENSPNYG00000019829	3	2	6
ENSPNYG00000019830	0	0	0
ENSPNYG00000019831	1	0	0
ENSPNYG00000019832	0	0	0
ENSPNYG00000019833	2	2	3
ENSPNYG00000019834	1	2	0
ENSPNYG00000019835	1	0	1
ENSPNYG00000019836	0	3	3
ENSPNYG00000019837	0	0	0
ENSPNYG00000019838	1	2	0
ENSPNYG00000019839	0	0	0
ENSPNYG00000019840	0	0	0
ENSPNYG00000019841	0	1	0
ENSPNYG00000019842	0	0	0
ENSPNYG00000019843	0	0	0
ENSPNYG00000019844	3	3	3
ENSPNYG00000019845	10	9	12
ENSPNYG00000019846	0	0	0
ENSPNYG00000019847	0	0	0
ENSPNYG00000019848	0	0	1
ENSPNYG00000019849	0	0	1
ENSPNYG00000019850	10	1	3
ENSPNYG00000019851	3	1	4
ENSPNYG00000019852	7	7	22
ENSPNYG00000019853	0	0	0
ENSPNYG00000019854	0	0	0
ENSPNYG00000019855	6	2	8
ENSPNYG00000019856	126	84	83
ENSPNYG00000019857	8	2	0
ENSPNYG00000019858	1	1	0
ENSPNYG00000019859	5	3	2
ENSPNYG00000019860	67	23	33
ENSPNYG00000019861	3	0	3
ENSPNYG00000019862	4	1	0
ENSPNYG00000019863	1	3	5
ENSPNYG00000019864	0	0	0
ENSPNYG00000019865	0	0	3
ENSPNYG00000019866	0	2	2
ENSPNYG00000019867	7	1	1
ENSPNYG00000019868	9	13	8
ENSPNYG00000019869	0	0	0
ENSPNYG00000019870	14	0	2
ENSPNYG00000019871	5	2	1
ENSPNYG00000019872	0	0	0
ENSPNYG00000019873	15	14	10
ENSPNYG00000019874	711	617	417
ENSPNYG00000019875	3	2	4
ENSPNYG00000019876	0	0	0
ENSPNYG00000019877	4	1	1
ENSPNYG00000019878	11	4	9
ENSPNYG00000019879	153	149	109
ENSPNYG00000019880	1	0	0
ENSPNYG00000019881	1	0	0
ENSPNYG00000019882	6	1	3
ENSPNYG00000019883	0	1	1
ENSPNYG00000019884	13	44	22
ENSPNYG00000019885	1	0	0
ENSPNYG00000019886	4	5	3
ENSPNYG00000019887	16	39	41
ENSPNYG00000019888	1	2	7
ENSPNYG00000019889	0	0	0
ENSPNYG00000019890	0	0	0
ENSPNYG00000019891	0	0	0
ENSPNYG00000019892	0	0	0
ENSPNYG00000019893	6	8	4
ENSPNYG00000019894	0	2	0
ENSPNYG00000019895	1	1	0
ENSPNYG00000019896	0	0	0
ENSPNYG00000019897	2	0	1
ENSPNYG00000019898	0	0	1
ENSPNYG00000019899	0	1	1
ENSPNYG00000019900	0	0	1
ENSPNYG00000019901	0	3	1
ENSPNYG00000019902	2	0	3
ENSPNYG00000019903	0	1	1
ENSPNYG00000019904	0	4	1
ENSPNYG00000019905	0	0	0
ENSPNYG00000019906	0	0	0
ENSPNYG00000019907	0	0	0
ENSPNYG00000019908	14	10	10
ENSPNYG00000019909	1	2	0
ENSPNYG00000019910	0	0	0
ENSPNYG00000019911	0	0	0
ENSPNYG00000019912	0	4	0
ENSPNYG00000019913	263	145	186
ENSPNYG00000019914	0	0	0
ENSPNYG00000019915	7	6	14
ENSPNYG00000019916	1	0	1
ENSPNYG00000019917	0	0	1
ENSPNYG00000019918	0	29	0
ENSPNYG00000019919	4	2	1
ENSPNYG00000019920	11	18	15
ENSPNYG00000019921	5	4	10
ENSPNYG00000019922	0	0	0
ENSPNYG00000019923	5	9	12
ENSPNYG00000019924	5	4	5
ENSPNYG00000019925	133	84	94
ENSPNYG00000019926	3	0	5
ENSPNYG00000019927	0	0	0
ENSPNYG00000019928	0	0	0
ENSPNYG00000019929	6	4	0
ENSPNYG00000019930	0	0	0
ENSPNYG00000019931	12	2	17
ENSPNYG00000019932	0	40	6
ENSPNYG00000019933	0	0	0
ENSPNYG00000019934	0	8	9
ENSPNYG00000019935	155	247	293
ENSPNYG00000019936	0	0	0
ENSPNYG00000019937	0	0	0
ENSPNYG00000019938	20	10	14
ENSPNYG00000019939	9	5	6
ENSPNYG00000019940	2	0	0
ENSPNYG00000019941	15	3	11
ENSPNYG00000019942	23	18	49
ENSPNYG00000019943	0	2	8
ENSPNYG00000019944	0	0	0
ENSPNYG00000019945	0	0	0
ENSPNYG00000019946	4	7	10
ENSPNYG00000019947	0	0	0
ENSPNYG00000019948	1	1	5
ENSPNYG00000019949	5	2	7
ENSPNYG00000019950	1	0	0
ENSPNYG00000019951	2	2	1
ENSPNYG00000019952	2	3	1
ENSPNYG00000019953	0	0	1
ENSPNYG00000019954	0	0	0
ENSPNYG00000019955	3358	7	1548
ENSPNYG00000019956	1	0	3
ENSPNYG00000019957	0	0	1
ENSPNYG00000019958	0	0	0
ENSPNYG00000019959	4	7	10
ENSPNYG00000019960	0	0	0
ENSPNYG00000019961	0	0	0
ENSPNYG00000019962	1	0	0
ENSPNYG00000019963	0	2	4
ENSPNYG00000019964	0	0	0
ENSPNYG00000019965	5	2	8
ENSPNYG00000019966	0	0	1
ENSPNYG00000019967	1	1	2
ENSPNYG00000019968	4	3	2
ENSPNYG00000019969	1	0	0
ENSPNYG00000019970	0	0	0
ENSPNYG00000019971	3	1	1
ENSPNYG00000019972	0	0	0
ENSPNYG00000019973	0	2	0
ENSPNYG00000019974	2	2	3
ENSPNYG00000019975	5	2	2
ENSPNYG00000019976	8	7	3
ENSPNYG00000019977	6	5	2
ENSPNYG00000019978	0	0	0
ENSPNYG00000019979	0	0	0
ENSPNYG00000019980	0	0	0
ENSPNYG00000019981	8	0	1
ENSPNYG00000019982	0	0	0
ENSPNYG00000019983	1	3	1
ENSPNYG00000019984	3	2	3
ENSPNYG00000019985	0	0	1
ENSPNYG00000019986	0	11	4
ENSPNYG00000019987	8	3	4
ENSPNYG00000019988	0	2	0
ENSPNYG00000019989	106	359	298
ENSPNYG00000019990	0	0	0
ENSPNYG00000019991	5	3	1
ENSPNYG00000019992	0	0	0
ENSPNYG00000019993	0	0	2
ENSPNYG00000019994	0	0	0
ENSPNYG00000019995	1	0	3
ENSPNYG00000019996	0	1	0
ENSPNYG00000019997	0	0	0
ENSPNYG00000019998	0	0	0
ENSPNYG00000019999	0	0	0
ENSPNYG00000020000	98	39	42
ENSPNYG00000020001	0	0	0
ENSPNYG00000020002	0	0	0
ENSPNYG00000020003	6	2	6
ENSPNYG00000020004	0	0	2
ENSPNYG00000020005	11	21	3
ENSPNYG00000020006	1	0	0
ENSPNYG00000020007	10	3	6
ENSPNYG00000020008	1	0	0
ENSPNYG00000020009	4	2	0
ENSPNYG00000020010	1	2	0
ENSPNYG00000020011	0	0	0
ENSPNYG00000020012	0	0	1
ENSPNYG00000020013	0	2	0
ENSPNYG00000020014	0	1	2
ENSPNYG00000020015	0	0	2
ENSPNYG00000020016	2	0	0
ENSPNYG00000020017	2	2	0
ENSPNYG00000020018	56	41	41
ENSPNYG00000020019	0	0	0
ENSPNYG00000020020	0	0	0
ENSPNYG00000020021	0	0	0
ENSPNYG00000020022	0	0	0
ENSPNYG00000020023	2	0	8
ENSPNYG00000020024	67	42	75
ENSPNYG00000020025	0	2	2
ENSPNYG00000020026	1589	3803	2455
ENSPNYG00000020027	3	12	15
ENSPNYG00000020028	0	0	0
ENSPNYG00000020029	2	3	4
ENSPNYG00000020030	0	0	0
ENSPNYG00000020031	0	0	0
ENSPNYG00000020032	0	0	0
ENSPNYG00000020033	0	0	0
ENSPNYG00000020034	5	2	7
ENSPNYG00000020035	0	0	0
ENSPNYG00000020036	0	0	1
ENSPNYG00000020037	0	0	3
ENSPNYG00000020038	1	1	3
ENSPNYG00000020039	0	0	0
ENSPNYG00000020040	2	0	3
ENSPNYG00000020041	0	0	0
ENSPNYG00000020042	0	0	0
ENSPNYG00000020043	23	20	21
ENSPNYG00000020044	0	0	2
ENSPNYG00000020045	6	6	9
ENSPNYG00000020046	0	0	0
ENSPNYG00000020047	26	11	14
ENSPNYG00000020048	0	0	0
ENSPNYG00000020049	0	2	1
ENSPNYG00000020050	0	1	1
ENSPNYG00000020051	0	0	0
ENSPNYG00000020052	37	16	6
ENSPNYG00000020053	12	15	2
ENSPNYG00000020054	30	15	27
ENSPNYG00000020055	22	0	0
ENSPNYG00000020056	5	0	10
ENSPNYG00000020057	0	0	0
ENSPNYG00000020058	14	5	5
ENSPNYG00000020059	1	0	2
ENSPNYG00000020060	9661	7492	6599
ENSPNYG00000020061	0	0	0
ENSPNYG00000020062	2	0	2
ENSPNYG00000020063	3	5	1
ENSPNYG00000020064	0	0	2
ENSPNYG00000020065	258	134	92
ENSPNYG00000020066	0	0	0
ENSPNYG00000020067	5	4	9
ENSPNYG00000020068	0	2	0
ENSPNYG00000020069	2	0	0
ENSPNYG00000020070	0	5	0
ENSPNYG00000020071	0	0	0
ENSPNYG00000020072	0	0	1
ENSPNYG00000020073	0	3	3
ENSPNYG00000020074	4	10	18
ENSPNYG00000020075	7	1	0
ENSPNYG00000020076	2	0	0
ENSPNYG00000020077	0	0	2
ENSPNYG00000020078	0	0	1
ENSPNYG00000020079	0	0	0
ENSPNYG00000020080	3	0	2
ENSPNYG00000020081	0	0	0
ENSPNYG00000020082	0	3	0
ENSPNYG00000020083	0	3	0
ENSPNYG00000020084	2	1	0
ENSPNYG00000020085	0	0	0
ENSPNYG00000020086	8	5	5
ENSPNYG00000020087	0	0	0
ENSPNYG00000020088	0	0	0
ENSPNYG00000020089	8	3	3
ENSPNYG00000020090	21	11	23
ENSPNYG00000020091	0	0	0
ENSPNYG00000020092	4	4	8
ENSPNYG00000020093	1	0	0
ENSPNYG00000020094	5	1	3
ENSPNYG00000020095	1	0	1
ENSPNYG00000020096	17	20	21
ENSPNYG00000020097	0	0	0
ENSPNYG00000020098	0	0	0
ENSPNYG00000020099	0	0	0
ENSPNYG00000020100	0	0	0
ENSPNYG00000020101	25	22	20
ENSPNYG00000020102	0	0	0
ENSPNYG00000020103	7	7	16
ENSPNYG00000020104	1042	598	974
ENSPNYG00000020105	0	0	0
ENSPNYG00000020106	1	0	0
ENSPNYG00000020107	0	0	0
ENSPNYG00000020108	0	0	0
ENSPNYG00000020109	1	2	1
ENSPNYG00000020110	0	0	0
ENSPNYG00000020111	10	5	4
ENSPNYG00000020112	0	0	0
ENSPNYG00000020113	1	1	0
ENSPNYG00000020114	0	0	0
ENSPNYG00000020115	0	0	0
ENSPNYG00000020116	0	2	0
ENSPNYG00000020117	1	3	0
ENSPNYG00000020118	4	2	2
ENSPNYG00000020119	3	9	0
ENSPNYG00000020120	0	0	0
ENSPNYG00000020121	1	2	0
ENSPNYG00000020122	0	3	1
ENSPNYG00000020123	0	0	0
ENSPNYG00000020124	0	0	0
ENSPNYG00000020125	1	1	3
ENSPNYG00000020126	0	0	0
ENSPNYG00000020127	20	3	4
ENSPNYG00000020128	1	0	2
ENSPNYG00000020129	3	3	3
ENSPNYG00000020130	0	0	0
ENSPNYG00000020131	3	2	5
ENSPNYG00000020132	2	0	2
ENSPNYG00000020133	9	5	2
ENSPNYG00000020134	6	2	0
ENSPNYG00000020135	0	0	1
ENSPNYG00000020136	39	9	12
ENSPNYG00000020137	0	0	0
ENSPNYG00000020138	68	139	129
ENSPNYG00000020139	0	0	0
ENSPNYG00000020140	0	0	0
ENSPNYG00000020141	0	0	0
ENSPNYG00000020142	0	0	0
ENSPNYG00000020143	1	0	1
ENSPNYG00000020144	599	526	471
ENSPNYG00000020145	28	25	10
ENSPNYG00000020146	0	0	1
ENSPNYG00000020147	4	0	4
ENSPNYG00000020148	0	2	4
ENSPNYG00000020149	4	6	5
ENSPNYG00000020150	9	6	17
ENSPNYG00000020151	6	2	0
ENSPNYG00000020152	13	7	10
ENSPNYG00000020153	4	0	0
ENSPNYG00000020154	0	0	0
ENSPNYG00000020155	2	3	0
ENSPNYG00000020156	9	1	2
ENSPNYG00000020157	0	3	0
ENSPNYG00000020158	2	0	4
ENSPNYG00000020159	2	4	9
ENSPNYG00000020160	0	1	3
ENSPNYG00000020161	0	0	0
ENSPNYG00000020162	12	4	0
ENSPNYG00000020163	5	3	0
ENSPNYG00000020164	0	0	0
ENSPNYG00000020165	0	0	0
ENSPNYG00000020166	0	1	0
ENSPNYG00000020167	2	0	0
ENSPNYG00000020168	110	110	110
ENSPNYG00000020169	4	6	6
ENSPNYG00000020170	0	0	0
ENSPNYG00000020171	0	0	0
ENSPNYG00000020172	0	0	0
ENSPNYG00000020173	3	5	2
ENSPNYG00000020174	0	0	0
ENSPNYG00000020175	0	1	0
ENSPNYG00000020176	2	0	4
ENSPNYG00000020177	0	0	0
ENSPNYG00000020178	0	0	0
ENSPNYG00000020179	0	0	0
ENSPNYG00000020180	0	0	0
ENSPNYG00000020181	0	1	0
ENSPNYG00000020182	0	0	0
ENSPNYG00000020183	1	17	11
ENSPNYG00000020184	0	1	3
ENSPNYG00000020185	26	117	70
ENSPNYG00000020186	0	2	2
ENSPNYG00000020187	2	9	8
ENSPNYG00000020188	1	0	0
ENSPNYG00000020189	0	0	5
ENSPNYG00000020190	77	24	39
ENSPNYG00000020191	0	0	0
ENSPNYG00000020192	5	6	11
ENSPNYG00000020193	0	1	1
ENSPNYG00000020194	4	0	3
ENSPNYG00000020195	1	0	0
ENSPNYG00000020196	1	2	5
ENSPNYG00000020197	0	0	0
ENSPNYG00000020198	1	1	0
ENSPNYG00000020199	0	0	0
ENSPNYG00000020200	1	1	2
ENSPNYG00000020201	1	11	3
ENSPNYG00000020202	0	1	0
ENSPNYG00000020203	7	2	1
ENSPNYG00000020204	0	0	0
ENSPNYG00000020205	0	0	0
ENSPNYG00000020206	0	0	0
ENSPNYG00000020207	4484	17267	10578
ENSPNYG00000020208	0	0	0
ENSPNYG00000020209	0	1	1
ENSPNYG00000020210	3	1	0
ENSPNYG00000020211	0	0	0
ENSPNYG00000020212	1	15	24
ENSPNYG00000020213	0	1	0
ENSPNYG00000020214	0	0	0
ENSPNYG00000020215	0	0	0
ENSPNYG00000020216	0	0	0
ENSPNYG00000020217	7	9	13
ENSPNYG00000020218	0	0	0
ENSPNYG00000020219	0	1	0
ENSPNYG00000020220	0	0	0
ENSPNYG00000020221	0	0	0
ENSPNYG00000020222	0	0	0
ENSPNYG00000020223	4	2	4
ENSPNYG00000020224	0	2	0
ENSPNYG00000020225	0	0	0
ENSPNYG00000020226	34	27	27
ENSPNYG00000020227	0	0	4
ENSPNYG00000020228	4	1	0
ENSPNYG00000020229	3	0	0
ENSPNYG00000020230	0	2	0
ENSPNYG00000020231	1	0	0
ENSPNYG00000020232	1	1	1
ENSPNYG00000020233	5	10	6
ENSPNYG00000020234	3	2	2
ENSPNYG00000020235	0	0	0
ENSPNYG00000020236	0	3	1
ENSPNYG00000020237	0	0	0
ENSPNYG00000020238	21	31	23
ENSPNYG00000020239	0	2	0
ENSPNYG00000020240	101	59	71
ENSPNYG00000020241	1	0	0
ENSPNYG00000020242	0	1	0
ENSPNYG00000020243	7	1	2
ENSPNYG00000020244	17	2	4
ENSPNYG00000020245	0	0	0
ENSPNYG00000020246	2	0	0
ENSPNYG00000020247	0	1	0
ENSPNYG00000020248	0	0	0
ENSPNYG00000020249	0	0	0
ENSPNYG00000020250	7	5	0
ENSPNYG00000020251	0	0	1
ENSPNYG00000020252	1	2	2
ENSPNYG00000020253	1	0	0
ENSPNYG00000020254	0	0	2
ENSPNYG00000020255	1	7	5
ENSPNYG00000020256	0	0	0
ENSPNYG00000020257	5	25	18
ENSPNYG00000020258	211	158	186
ENSPNYG00000020259	1	0	0
ENSPNYG00000020260	1490	2166	1793
ENSPNYG00000020261	0	0	1
ENSPNYG00000020262	0	0	0
ENSPNYG00000020263	0	0	0
ENSPNYG00000020264	11	7	7
ENSPNYG00000020265	0	1	6
ENSPNYG00000020266	2	4	3
ENSPNYG00000020267	0	4	1
ENSPNYG00000020268	1	4	2
ENSPNYG00000020269	0	0	0
ENSPNYG00000020270	145	205	318
ENSPNYG00000020271	0	0	0
ENSPNYG00000020272	0	0	0
ENSPNYG00000020273	0	0	0
ENSPNYG00000020274	110	233	649
ENSPNYG00000020275	2	9	2
ENSPNYG00000020276	23	52	58
ENSPNYG00000020277	3	1	1
ENSPNYG00000020278	0	0	1
ENSPNYG00000020279	0	1	1
ENSPNYG00000020280	16	8	9
ENSPNYG00000020281	0	1	3
ENSPNYG00000020282	1	4	9
ENSPNYG00000020283	1	2	0
ENSPNYG00000020284	3	2	3
ENSPNYG00000020285	0	0	0
ENSPNYG00000020286	0	4	3
ENSPNYG00000020287	0	0	0
ENSPNYG00000020288	2	0	1
ENSPNYG00000020289	1	2	3
ENSPNYG00000020290	0	0	0
ENSPNYG00000020291	1	0	0
ENSPNYG00000020292	16	8	25
ENSPNYG00000020293	0	2	0
ENSPNYG00000020294	2	0	0
ENSPNYG00000020295	0	0	0
ENSPNYG00000020296	0	1	0
ENSPNYG00000020297	11	3	5
ENSPNYG00000020298	53	27	32
ENSPNYG00000020299	2	1	0
ENSPNYG00000020300	0	0	0
ENSPNYG00000020301	0	7	5
ENSPNYG00000020302	5	0	0
ENSPNYG00000020303	0	0	1
ENSPNYG00000020304	9	13	9
ENSPNYG00000020305	0	3	2
ENSPNYG00000020306	31	17	42
ENSPNYG00000020307	15	10	10
ENSPNYG00000020308	0	0	0
ENSPNYG00000020309	57	75	104
ENSPNYG00000020310	0	0	0
ENSPNYG00000020311	369	405	488
ENSPNYG00000020312	2	0	1
ENSPNYG00000020313	0	0	0
ENSPNYG00000020314	7	5	5
ENSPNYG00000020315	9	4	1
ENSPNYG00000020316	0	1	0
ENSPNYG00000020317	9	10	11
ENSPNYG00000020318	1	0	0
ENSPNYG00000020319	16	3	5
ENSPNYG00000020320	31	35	20
ENSPNYG00000020321	0	0	0
ENSPNYG00000020322	0	2	4
ENSPNYG00000020323	0	0	0
ENSPNYG00000020324	0	2	12
ENSPNYG00000020325	14	28	30
ENSPNYG00000020326	0	0	1
ENSPNYG00000020327	0	0	2
ENSPNYG00000020328	0	1	1
ENSPNYG00000020329	2	3	1
ENSPNYG00000020330	0	0	0
ENSPNYG00000020331	4	1	2
ENSPNYG00000020332	2	13	6
ENSPNYG00000020333	9	7	12
ENSPNYG00000020334	1	1	0
ENSPNYG00000020335	14	3	2
ENSPNYG00000020336	0	0	0
ENSPNYG00000020337	52	58	100
ENSPNYG00000020338	0	0	2
ENSPNYG00000020339	0	0	1
ENSPNYG00000020340	0	0	0
ENSPNYG00000020341	4	2	10
ENSPNYG00000020342	0	0	0
ENSPNYG00000020343	4	7	6
ENSPNYG00000020344	8	5	5
ENSPNYG00000020345	2	1	0
ENSPNYG00000020346	0	0	0
ENSPNYG00000020347	2	3	5
ENSPNYG00000020348	0	0	2
ENSPNYG00000020349	0	0	0
ENSPNYG00000020350	1	2	3
ENSPNYG00000020351	2	0	0
ENSPNYG00000020352	0	0	0
ENSPNYG00000020353	1	0	0
ENSPNYG00000020354	0	0	0
ENSPNYG00000020355	59	64	60
ENSPNYG00000020356	0	0	0
ENSPNYG00000020357	0	0	0
ENSPNYG00000020358	0	0	0
ENSPNYG00000020359	0	0	0
ENSPNYG00000020360	0	2	1
ENSPNYG00000020361	5	3	4
ENSPNYG00000020362	0	0	1
ENSPNYG00000020363	0	0	0
ENSPNYG00000020364	0	0	0
ENSPNYG00000020365	3	1	0
ENSPNYG00000020366	0	0	0
ENSPNYG00000020367	0	0	0
ENSPNYG00000020368	0	0	2
ENSPNYG00000020369	0	0	0
ENSPNYG00000020370	9	2	9
ENSPNYG00000020371	8	5	4
ENSPNYG00000020372	0	0	5
ENSPNYG00000020373	17	12	6
ENSPNYG00000020374	21	2	9
ENSPNYG00000020375	0	0	0
ENSPNYG00000020376	107	142	160
ENSPNYG00000020377	5	9	8
ENSPNYG00000020378	9	1	2
ENSPNYG00000020379	5	0	0
ENSPNYG00000020380	1806	561	242
ENSPNYG00000020381	0	0	1
ENSPNYG00000020382	0	0	0
ENSPNYG00000020383	0	0	1
ENSPNYG00000020384	1	0	2
ENSPNYG00000020385	0	0	0
ENSPNYG00000020386	0	0	0
ENSPNYG00000020387	1	0	1
ENSPNYG00000020388	1	3	1
ENSPNYG00000020389	0	0	0
ENSPNYG00000020390	0	0	0
ENSPNYG00000020391	0	0	0
ENSPNYG00000020392	0	0	0
ENSPNYG00000020393	1	3	0
ENSPNYG00000020394	8	2	2
ENSPNYG00000020395	25	23	25
ENSPNYG00000020396	0	0	0
ENSPNYG00000020397	0	1	0
ENSPNYG00000020398	1	0	2
ENSPNYG00000020399	0	0	0
ENSPNYG00000020400	1	1	2
ENSPNYG00000020401	3	0	0
ENSPNYG00000020402	0	1	0
ENSPNYG00000020403	0	0	0
ENSPNYG00000020404	0	0	0
ENSPNYG00000020405	6	3	1
ENSPNYG00000020406	0	0	0
ENSPNYG00000020407	7887	4521	4689
ENSPNYG00000020408	0	0	0
ENSPNYG00000020409	303	251	384
ENSPNYG00000020410	0	0	0
ENSPNYG00000020411	0	0	0
ENSPNYG00000020412	0	0	0
ENSPNYG00000020413	0	0	0
ENSPNYG00000020414	0	0	0
ENSPNYG00000020415	2	0	0
ENSPNYG00000020416	0	0	0
ENSPNYG00000020417	4	6	4
ENSPNYG00000020418	0	2	0
ENSPNYG00000020419	0	2	2
ENSPNYG00000020420	0	0	0
ENSPNYG00000020421	0	0	0
ENSPNYG00000020422	1	0	1
ENSPNYG00000020423	0	0	1
ENSPNYG00000020424	0	0	0
ENSPNYG00000020425	37	104	329
ENSPNYG00000020426	0	0	0
ENSPNYG00000020427	0	0	0
ENSPNYG00000020428	9	5	14
ENSPNYG00000020429	0	0	0
ENSPNYG00000020430	0	0	2
ENSPNYG00000020431	2	0	1
ENSPNYG00000020432	4	1	2
ENSPNYG00000020433	0	0	0
ENSPNYG00000020434	61	40	86
ENSPNYG00000020435	28	39	27
ENSPNYG00000020436	5	0	4
ENSPNYG00000020437	6	2	3
ENSPNYG00000020438	122	156	207
ENSPNYG00000020439	5	0	0
ENSPNYG00000020440	5	5	8
ENSPNYG00000020441	0	0	0
ENSPNYG00000020442	0	0	0
ENSPNYG00000020443	0	0	1
ENSPNYG00000020444	0	0	1
ENSPNYG00000020445	17	11	32
ENSPNYG00000020446	7	3	6
ENSPNYG00000020447	1	0	0
ENSPNYG00000020448	0	0	0
ENSPNYG00000020449	0	0	0
ENSPNYG00000020450	5	3	0
ENSPNYG00000020451	19	22	22
ENSPNYG00000020452	0	0	2
ENSPNYG00000020453	3	0	0
ENSPNYG00000020454	4	2	0
ENSPNYG00000020455	2	0	0
ENSPNYG00000020456	0	0	0
ENSPNYG00000020457	0	0	0
ENSPNYG00000020458	24	32	21
ENSPNYG00000020459	0	0	0
ENSPNYG00000020460	2	0	0
ENSPNYG00000020461	15	26	22
ENSPNYG00000020462	1	0	1
ENSPNYG00000020463	3	6	5
ENSPNYG00000020464	0	0	0
ENSPNYG00000020465	7	7	6
ENSPNYG00000020466	0	0	0
ENSPNYG00000020467	53	25	27
ENSPNYG00000020468	0	0	0
ENSPNYG00000020469	0	0	1
ENSPNYG00000020470	0	3	8
ENSPNYG00000020471	0	0	0
ENSPNYG00000020472	0	0	0
ENSPNYG00000020473	1	0	1
ENSPNYG00000020474	0	0	0
ENSPNYG00000020475	9	1	1
ENSPNYG00000020476	0	0	0
ENSPNYG00000020477	0	0	0
ENSPNYG00000020478	531	414	753
ENSPNYG00000020479	6	3	3
ENSPNYG00000020480	0	0	0
ENSPNYG00000020481	0	1	1
ENSPNYG00000020482	15	26	24
ENSPNYG00000020483	1	5	1
ENSPNYG00000020484	0	0	0
ENSPNYG00000020485	0	0	0
ENSPNYG00000020486	1	0	7
ENSPNYG00000020487	0	0	0
ENSPNYG00000020488	0	0	0
ENSPNYG00000020489	3	0	4
ENSPNYG00000020490	6	2	1
ENSPNYG00000020491	0	0	1
ENSPNYG00000020492	4	3	4
ENSPNYG00000020493	2	10	5
ENSPNYG00000020494	65	33	58
ENSPNYG00000020495	159	103	115
ENSPNYG00000020496	0	0	0
ENSPNYG00000020497	0	0	0
ENSPNYG00000020498	0	0	0
ENSPNYG00000020499	0	0	2
ENSPNYG00000020500	0	0	1
ENSPNYG00000020501	5	0	1
ENSPNYG00000020502	0	0	0
ENSPNYG00000020503	0	0	0
ENSPNYG00000020504	0	0	0
ENSPNYG00000020505	0	0	0
ENSPNYG00000020506	0	2	5
ENSPNYG00000020507	1	6	3
ENSPNYG00000020508	5	0	3
ENSPNYG00000020509	11	3	7
ENSPNYG00000020510	3	1	4
ENSPNYG00000020511	0	0	0
ENSPNYG00000020512	0	0	0
ENSPNYG00000020513	0	0	0
ENSPNYG00000020514	0	0	0
ENSPNYG00000020515	4	4	1
ENSPNYG00000020516	0	0	0
ENSPNYG00000020517	0	0	0
ENSPNYG00000020518	2	22	0
ENSPNYG00000020519	0	0	2
ENSPNYG00000020520	0	0	0
ENSPNYG00000020521	0	0	0
ENSPNYG00000020522	0	1	0
ENSPNYG00000020523	0	0	0
ENSPNYG00000020524	3	0	3
ENSPNYG00000020525	13	7	3
ENSPNYG00000020526	170	211	255
ENSPNYG00000020527	24	9	9
ENSPNYG00000020528	9	10	14
ENSPNYG00000020529	2	0	0
ENSPNYG00000020530	0	0	0
ENSPNYG00000020531	5	20	17
ENSPNYG00000020532	0	0	0
ENSPNYG00000020533	1	2	1
ENSPNYG00000020534	3	11	7
ENSPNYG00000020535	0	0	0
ENSPNYG00000020536	0	0	0
ENSPNYG00000020537	0	0	0
ENSPNYG00000020538	1	1	2
ENSPNYG00000020539	0	0	0
ENSPNYG00000020540	0	2	2
ENSPNYG00000020541	0	0	0
ENSPNYG00000020542	0	0	0
ENSPNYG00000020543	9	0	0
ENSPNYG00000020544	0	0	0
ENSPNYG00000020545	15	0	1
ENSPNYG00000020546	3	0	8
ENSPNYG00000020547	0	0	0
ENSPNYG00000020548	0	0	0
ENSPNYG00000020549	4	1	3
ENSPNYG00000020550	0	0	0
ENSPNYG00000020551	0	0	0
ENSPNYG00000020552	2	3	3
ENSPNYG00000020553	0	0	0
ENSPNYG00000020554	0	2	1
ENSPNYG00000020555	11	7	7
ENSPNYG00000020556	8	5	6
ENSPNYG00000020557	0	0	0
ENSPNYG00000020558	0	0	0
ENSPNYG00000020559	1	4	7
ENSPNYG00000020560	14	8	6
ENSPNYG00000020561	0	0	0
ENSPNYG00000020562	0	0	0
ENSPNYG00000020563	0	0	0
ENSPNYG00000020564	376	469	514
ENSPNYG00000020565	0	1	0
ENSPNYG00000020566	6	2	8
ENSPNYG00000020567	69	0	0
ENSPNYG00000020568	2	3	0
ENSPNYG00000020569	168	126	107
ENSPNYG00000020570	0	1	0
ENSPNYG00000020571	0	0	0
ENSPNYG00000020572	0	0	0
ENSPNYG00000020573	0	0	0
ENSPNYG00000020574	3	3	1
ENSPNYG00000020575	0	0	0
ENSPNYG00000020576	0	0	0
ENSPNYG00000020577	0	1	0
ENSPNYG00000020578	8	8	3
ENSPNYG00000020579	1	1	1
ENSPNYG00000020580	2	0	1
ENSPNYG00000020581	0	0	0
ENSPNYG00000020582	3	1	0
ENSPNYG00000020583	0	1	0
ENSPNYG00000020584	16	15	13
ENSPNYG00000020585	0	0	0
ENSPNYG00000020586	0	1	0
ENSPNYG00000020587	0	0	0
ENSPNYG00000020588	3	3	1
ENSPNYG00000020589	0	1	0
ENSPNYG00000020590	302	241	363
ENSPNYG00000020591	3	1	3
ENSPNYG00000020592	0	0	0
ENSPNYG00000020593	0	0	0
ENSPNYG00000020594	3	0	4
ENSPNYG00000020595	5	10	9
ENSPNYG00000020596	0	3	0
ENSPNYG00000020597	0	0	0
ENSPNYG00000020598	0	0	0
ENSPNYG00000020599	0	0	0
ENSPNYG00000020600	0	0	0
ENSPNYG00000020601	3	6	5
ENSPNYG00000020602	0	0	0
ENSPNYG00000020603	0	0	1
ENSPNYG00000020604	4	1	0
ENSPNYG00000020605	6	4	12
ENSPNYG00000020606	0	0	0
ENSPNYG00000020607	2	1	0
ENSPNYG00000020608	2	0	3
ENSPNYG00000020609	0	0	0
ENSPNYG00000020610	0	0	3
ENSPNYG00000020611	0	3	0
ENSPNYG00000020612	0	0	0
ENSPNYG00000020613	1	5	17
ENSPNYG00000020614	0	0	0
ENSPNYG00000020615	0	0	0
ENSPNYG00000020616	0	0	0
ENSPNYG00000020617	3	2	0
ENSPNYG00000020618	0	0	0
ENSPNYG00000020619	0	0	0
ENSPNYG00000020620	0	0	0
ENSPNYG00000020621	6	7	1
ENSPNYG00000020622	3	12	19
ENSPNYG00000020623	0	0	0
ENSPNYG00000020624	0	0	0
ENSPNYG00000020625	0	0	0
ENSPNYG00000020626	0	0	0
ENSPNYG00000020627	0	0	0
ENSPNYG00000020628	6	3	8
ENSPNYG00000020629	0	0	0
ENSPNYG00000020630	1	1	1
ENSPNYG00000020631	0	0	0
ENSPNYG00000020632	7	11	5
ENSPNYG00000020633	0	0	0
ENSPNYG00000020634	23	21	10
ENSPNYG00000020635	0	0	0
ENSPNYG00000020636	0	0	0
ENSPNYG00000020637	0	0	0
ENSPNYG00000020638	0	0	0
ENSPNYG00000020639	19	12	31
ENSPNYG00000020640	143	176	203
ENSPNYG00000020641	0	0	0
ENSPNYG00000020642	0	3	0
ENSPNYG00000020643	1	0	0
ENSPNYG00000020644	8	15	3
ENSPNYG00000020645	0	0	0
ENSPNYG00000020646	4	1	1
ENSPNYG00000020647	6	4	7
ENSPNYG00000020648	0	1	0
ENSPNYG00000020649	7	3	9
ENSPNYG00000020650	2	0	0
ENSPNYG00000020651	2	0	4
ENSPNYG00000020652	7	3	8
ENSPNYG00000020653	0	0	0
ENSPNYG00000020654	1	2	3
ENSPNYG00000020655	0	0	0
ENSPNYG00000020656	11	6	7
ENSPNYG00000020657	0	0	0
ENSPNYG00000020658	5	3	5
ENSPNYG00000020659	99	126	214
ENSPNYG00000020660	12	16	11
ENSPNYG00000020661	0	0	0
ENSPNYG00000020662	4	3	1
ENSPNYG00000020663	0	0	0
ENSPNYG00000020664	0	0	1
ENSPNYG00000020665	0	0	0
ENSPNYG00000020666	4	9	12
ENSPNYG00000020667	2	0	2
ENSPNYG00000020668	5	7	3
ENSPNYG00000020669	1	4	0
ENSPNYG00000020670	0	0	0
ENSPNYG00000020671	0	3	1
ENSPNYG00000020672	0	0	0
ENSPNYG00000020673	0	0	0
ENSPNYG00000020674	29	12	29
ENSPNYG00000020675	2	0	0
ENSPNYG00000020676	0	0	0
ENSPNYG00000020677	0	0	0
ENSPNYG00000020678	1	0	0
ENSPNYG00000020679	0	0	0
ENSPNYG00000020680	1	0	0
ENSPNYG00000020681	1	0	3
ENSPNYG00000020682	390	838	569
ENSPNYG00000020683	0	2	2
ENSPNYG00000020684	0	1	3
ENSPNYG00000020685	0	0	1
ENSPNYG00000020686	2	3	2
ENSPNYG00000020687	494	85	146
ENSPNYG00000020688	1	1	3
ENSPNYG00000020689	0	0	0
ENSPNYG00000020690	1	0	0
ENSPNYG00000020691	0	0	0
ENSPNYG00000020692	2	5	4
ENSPNYG00000020693	16	18	11
ENSPNYG00000020694	4	1	1
ENSPNYG00000020695	0	5	1
ENSPNYG00000020696	8	2	7
ENSPNYG00000020697	7	6	7
ENSPNYG00000020698	3	6	1
ENSPNYG00000020699	0	1	0
ENSPNYG00000020700	0	0	0
ENSPNYG00000020701	0	0	0
ENSPNYG00000020702	0	0	0
ENSPNYG00000020703	0	1	0
ENSPNYG00000020704	8	12	13
ENSPNYG00000020705	3	3	6
ENSPNYG00000020706	0	0	0
ENSPNYG00000020707	0	0	3
ENSPNYG00000020708	6	5	12
ENSPNYG00000020709	16	20	24
ENSPNYG00000020710	4	9	7
ENSPNYG00000020711	0	0	0
ENSPNYG00000020712	43	41	33
ENSPNYG00000020713	4	6	3
ENSPNYG00000020714	0	0	0
ENSPNYG00000020715	0	0	0
ENSPNYG00000020716	0	0	1
ENSPNYG00000020717	0	0	0
ENSPNYG00000020718	1	1	1
ENSPNYG00000020719	0	1	2
ENSPNYG00000020720	0	0	0
ENSPNYG00000020721	0	0	0
ENSPNYG00000020722	0	0	0
ENSPNYG00000020723	0	0	0
ENSPNYG00000020724	3	0	2
ENSPNYG00000020725	5	3	5
ENSPNYG00000020726	32	26	19
ENSPNYG00000020727	9	1	3
ENSPNYG00000020728	0	0	0
ENSPNYG00000020729	15	21	21
ENSPNYG00000020730	1	0	3
ENSPNYG00000020731	6	9	11
ENSPNYG00000020732	0	0	1
ENSPNYG00000020733	3	1	1
ENSPNYG00000020734	0	0	0
ENSPNYG00000020735	21	9	14
ENSPNYG00000020736	3	1	3
ENSPNYG00000020737	0	0	0
ENSPNYG00000020738	22	9	17
ENSPNYG00000020739	0	0	0
ENSPNYG00000020740	8	2	3
ENSPNYG00000020741	4	0	1
ENSPNYG00000020742	0	0	0
ENSPNYG00000020743	0	0	0
ENSPNYG00000020744	4	7	23
ENSPNYG00000020745	1	1	3
ENSPNYG00000020746	2	1	2
ENSPNYG00000020747	0	0	0
ENSPNYG00000020748	0	0	0
ENSPNYG00000020749	6	3	2
ENSPNYG00000020750	1	2	0
ENSPNYG00000020751	4	2	7
ENSPNYG00000020752	6	3	5
ENSPNYG00000020753	13	13	14
ENSPNYG00000020754	0	0	0
ENSPNYG00000020755	17	29	25
ENSPNYG00000020756	2	1	0
ENSPNYG00000020757	0	0	0
ENSPNYG00000020758	147	195	118
ENSPNYG00000020759	0	2	0
ENSPNYG00000020760	0	0	0
ENSPNYG00000020761	0	1	1
ENSPNYG00000020762	0	0	0
ENSPNYG00000020763	33	20	36
ENSPNYG00000020764	0	0	0
ENSPNYG00000020765	1	0	0
ENSPNYG00000020766	1	0	5
ENSPNYG00000020767	2	2	7
ENSPNYG00000020768	0	0	0
ENSPNYG00000020769	0	0	0
ENSPNYG00000020770	3	1	0
ENSPNYG00000020771	2	2	3
ENSPNYG00000020772	0	0	0
ENSPNYG00000020773	1	0	0
ENSPNYG00000020774	1	1	0
ENSPNYG00000020775	3	6	9
ENSPNYG00000020776	41	14	37
ENSPNYG00000020777	6	11	3
ENSPNYG00000020778	58	46	91
ENSPNYG00000020779	1	3	3
ENSPNYG00000020780	0	0	0
ENSPNYG00000020781	1	0	2
ENSPNYG00000020782	3	6	8
ENSPNYG00000020783	4	4	3
ENSPNYG00000020784	0	0	0
ENSPNYG00000020785	0	0	0
ENSPNYG00000020786	63	20	22
ENSPNYG00000020787	2	12	4
ENSPNYG00000020788	4	2	2
ENSPNYG00000020789	0	0	0
ENSPNYG00000020790	3	0	0
ENSPNYG00000020791	0	0	0
ENSPNYG00000020792	0	0	0
ENSPNYG00000020793	15	8	15
ENSPNYG00000020794	0	0	0
ENSPNYG00000020795	0	0	0
ENSPNYG00000020796	0	0	0
ENSPNYG00000020797	2	9	1
ENSPNYG00000020798	18	15	13
ENSPNYG00000020799	0	0	0
ENSPNYG00000020800	4	11	5
ENSPNYG00000020801	60	36	26
ENSPNYG00000020802	3	2	2
ENSPNYG00000020803	0	1	2
ENSPNYG00000020804	0	0	0
ENSPNYG00000020805	0	0	1
ENSPNYG00000020806	8	0	3
ENSPNYG00000020807	1	2	3
ENSPNYG00000020808	0	0	0
ENSPNYG00000020809	3	5	0
ENSPNYG00000020810	1	3	2
ENSPNYG00000020811	3	8	10
ENSPNYG00000020812	3	0	3
ENSPNYG00000020813	26	6	9
ENSPNYG00000020814	0	0	0
ENSPNYG00000020815	0	0	0
ENSPNYG00000020816	0	0	0
ENSPNYG00000020817	1	0	0
ENSPNYG00000020818	7	0	1
ENSPNYG00000020819	0	0	0
ENSPNYG00000020820	0	0	0
ENSPNYG00000020821	14	27	20
ENSPNYG00000020822	0	1	0
ENSPNYG00000020823	0	0	0
ENSPNYG00000020824	0	0	0
ENSPNYG00000020825	0	0	4
ENSPNYG00000020826	7	0	0
ENSPNYG00000020827	3	2	5
ENSPNYG00000020828	0	0	0
ENSPNYG00000020829	3	1	0
ENSPNYG00000020830	88	28	16
ENSPNYG00000020831	0	0	0
ENSPNYG00000020832	0	0	0
ENSPNYG00000020833	2	0	0
ENSPNYG00000020834	1	4	3
ENSPNYG00000020835	0	0	0
ENSPNYG00000020836	4	0	1
ENSPNYG00000020837	0	0	0
ENSPNYG00000020838	17	7	8
ENSPNYG00000020839	0	0	0
ENSPNYG00000020840	6	5	8
ENSPNYG00000020841	2	0	4
ENSPNYG00000020842	1	0	1
ENSPNYG00000020843	0	0	1
ENSPNYG00000020844	2	0	3
ENSPNYG00000020845	0	0	0
ENSPNYG00000020846	0	0	0
ENSPNYG00000020847	7	3	1
ENSPNYG00000020848	1	0	0
ENSPNYG00000020849	0	0	0
ENSPNYG00000020850	15	4	11
ENSPNYG00000020851	0	0	0
ENSPNYG00000020852	0	0	0
ENSPNYG00000020853	2	0	0
ENSPNYG00000020854	0	0	0
ENSPNYG00000020855	0	0	0
ENSPNYG00000020856	8	7	10
ENSPNYG00000020857	0	0	0
ENSPNYG00000020858	0	43	52
ENSPNYG00000020859	0	0	0
ENSPNYG00000020860	0	0	0
ENSPNYG00000020861	1	0	0
ENSPNYG00000020862	0	0	0
ENSPNYG00000020863	0	1	0
ENSPNYG00000020864	6	8	4
ENSPNYG00000020865	0	0	0
ENSPNYG00000020866	2	2	0
ENSPNYG00000020867	4	6	10
ENSPNYG00000020868	0	0	0
ENSPNYG00000020869	0	0	0
ENSPNYG00000020870	17	4	11
ENSPNYG00000020871	2	0	1
ENSPNYG00000020872	0	0	2
ENSPNYG00000020873	1022	841	799
ENSPNYG00000020874	0	0	0
ENSPNYG00000020875	2	7	7
ENSPNYG00000020876	40	18	22
ENSPNYG00000020877	3	3	2
ENSPNYG00000020878	4	3	0
ENSPNYG00000020879	0	0	0
ENSPNYG00000020880	1	0	1
ENSPNYG00000020881	10	12	21
ENSPNYG00000020882	5	8	5
ENSPNYG00000020883	0	0	0
ENSPNYG00000020884	1	0	1
ENSPNYG00000020885	36	25	31
ENSPNYG00000020886	1	0	0
ENSPNYG00000020887	0	0	2
ENSPNYG00000020888	7	2	7
ENSPNYG00000020889	0	0	0
ENSPNYG00000020890	0	1	0
ENSPNYG00000020891	0	0	0
ENSPNYG00000020892	0	0	0
ENSPNYG00000020893	0	2	0
ENSPNYG00000020894	1	0	0
ENSPNYG00000020895	8	7	5
ENSPNYG00000020896	1	3	0
ENSPNYG00000020897	2	0	0
ENSPNYG00000020898	0	0	2
ENSPNYG00000020899	22	51	57
ENSPNYG00000020900	0	0	0
ENSPNYG00000020901	0	0	0
ENSPNYG00000020902	6611	11754	13494
ENSPNYG00000020903	1	24	19
ENSPNYG00000020904	0	0	0
ENSPNYG00000020905	0	0	0
ENSPNYG00000020906	0	0	0
ENSPNYG00000020907	1	1	1
ENSPNYG00000020908	0	0	0
ENSPNYG00000020909	1	4	10
ENSPNYG00000020910	1055	1668	1441
ENSPNYG00000020911	4	7	13
ENSPNYG00000020912	8	7	0
ENSPNYG00000020913	0	0	0
ENSPNYG00000020914	11	6	8
ENSPNYG00000020915	0	0	0
ENSPNYG00000020916	0	0	0
ENSPNYG00000020917	2	0	0
ENSPNYG00000020918	0	0	0
ENSPNYG00000020919	0	0	0
ENSPNYG00000020920	0	2	10
ENSPNYG00000020921	2	4	0
ENSPNYG00000020922	0	0	0
ENSPNYG00000020923	1	1	2
ENSPNYG00000020924	0	0	0
ENSPNYG00000020925	4	2	4
ENSPNYG00000020926	5	0	1
ENSPNYG00000020927	2	0	0
ENSPNYG00000020928	0	1	0
ENSPNYG00000020929	1	0	1
ENSPNYG00000020930	0	0	0
ENSPNYG00000020931	0	0	0
ENSPNYG00000020932	0	0	0
ENSPNYG00000020933	1	0	1
ENSPNYG00000020934	23	7	15
ENSPNYG00000020935	0	0	0
ENSPNYG00000020936	1	1	2
ENSPNYG00000020937	0	0	1
ENSPNYG00000020938	0	0	0
ENSPNYG00000020939	16	4	1
ENSPNYG00000020940	2	1	3
ENSPNYG00000020941	13	10	16
ENSPNYG00000020942	4	4	6
ENSPNYG00000020943	0	0	0
ENSPNYG00000020944	2	1	0
ENSPNYG00000020945	2	0	1
ENSPNYG00000020946	0	0	0
ENSPNYG00000020947	0	6	3
ENSPNYG00000020948	6	7	10
ENSPNYG00000020949	0	0	9
ENSPNYG00000020950	0	0	0
ENSPNYG00000020951	0	0	0
ENSPNYG00000020952	0	0	0
ENSPNYG00000020953	0	0	0
ENSPNYG00000020954	3	4	8
ENSPNYG00000020955	1	0	3
ENSPNYG00000020956	0	0	0
ENSPNYG00000020957	0	0	0
ENSPNYG00000020958	84	114	127
ENSPNYG00000020959	0	0	0
ENSPNYG00000020960	5	6	1
ENSPNYG00000020961	0	0	1
ENSPNYG00000020962	0	0	5
ENSPNYG00000020963	1	0	0
ENSPNYG00000020964	0	0	0
ENSPNYG00000020965	3	2	0
ENSPNYG00000020966	0	0	0
ENSPNYG00000020967	0	0	1
ENSPNYG00000020968	0	0	1
ENSPNYG00000020969	0	0	0
ENSPNYG00000020970	0	1	0
ENSPNYG00000020971	1	0	0
ENSPNYG00000020972	0	0	0
ENSPNYG00000020973	0	0	0
ENSPNYG00000020974	0	0	0
ENSPNYG00000020975	12	3	13
ENSPNYG00000020976	14	7	13
ENSPNYG00000020977	1	0	1
ENSPNYG00000020978	0	0	0
ENSPNYG00000020979	5	2	1
ENSPNYG00000020980	0	2	5
ENSPNYG00000020981	0	0	0
ENSPNYG00000020982	0	0	0
ENSPNYG00000020983	0	0	0
ENSPNYG00000020984	0	5	2
ENSPNYG00000020985	12	12	10
ENSPNYG00000020986	0	0	0
ENSPNYG00000020987	1	0	1
ENSPNYG00000020988	3	2	5
ENSPNYG00000020989	0	0	0
ENSPNYG00000020990	0	0	0
ENSPNYG00000020991	0	0	2
ENSPNYG00000020992	0	0	1
ENSPNYG00000020993	1	7	5
ENSPNYG00000020994	0	0	0
ENSPNYG00000020995	0	0	2
ENSPNYG00000020996	2	2	5
ENSPNYG00000020997	5	9	12
ENSPNYG00000020998	1	0	0
ENSPNYG00000020999	0	0	0
ENSPNYG00000021000	2	4	1
ENSPNYG00000021001	0	2	5
ENSPNYG00000021002	0	0	0
ENSPNYG00000021003	0	0	1
ENSPNYG00000021004	1	0	0
ENSPNYG00000021005	12	2	3
ENSPNYG00000021006	15	5	9
ENSPNYG00000021007	474	572	552
ENSPNYG00000021008	1	1	0
ENSPNYG00000021009	6	3	3
ENSPNYG00000021010	0	0	0
ENSPNYG00000021011	12	3	3
ENSPNYG00000021012	117	26	25
ENSPNYG00000021013	15	7	5
ENSPNYG00000021014	83	65	46
ENSPNYG00000021015	14	4	12
ENSPNYG00000021016	0	1	0
ENSPNYG00000021017	0	0	0
ENSPNYG00000021018	0	0	0
ENSPNYG00000021019	0	2	1
ENSPNYG00000021020	0	2	0
ENSPNYG00000021021	5	21	14
ENSPNYG00000021022	1	0	1
ENSPNYG00000021023	1	1	0
ENSPNYG00000021024	2	0	0
ENSPNYG00000021025	0	0	0
ENSPNYG00000021026	0	0	0
ENSPNYG00000021027	1169	679	700
ENSPNYG00000021028	0	0	2
ENSPNYG00000021029	6	3	5
ENSPNYG00000021030	7	1	2
ENSPNYG00000021031	0	0	0
ENSPNYG00000021032	0	0	1
ENSPNYG00000021033	391	513	462
ENSPNYG00000021034	0	0	0
ENSPNYG00000021035	0	0	0
ENSPNYG00000021036	4	8	5
ENSPNYG00000021037	0	0	0
ENSPNYG00000021038	12	11	22
ENSPNYG00000021039	0	0	0
ENSPNYG00000021040	0	2	0
ENSPNYG00000021041	14	20	25
ENSPNYG00000021042	0	0	0
ENSPNYG00000021043	45	10	14
ENSPNYG00000021044	4	7	4
ENSPNYG00000021045	2	3	2
ENSPNYG00000021046	5	0	2
ENSPNYG00000021047	0	2	0
ENSPNYG00000021048	0	0	1
ENSPNYG00000021049	0	0	0
ENSPNYG00000021050	0	0	0
ENSPNYG00000021051	18	9	20
ENSPNYG00000021052	0	0	4
ENSPNYG00000021053	1	0	1
ENSPNYG00000021054	0	1	1
ENSPNYG00000021055	8	4	2
ENSPNYG00000021056	0	1	0
ENSPNYG00000021057	3	3	2
ENSPNYG00000021058	1	0	4
ENSPNYG00000021059	0	0	0
ENSPNYG00000021060	0	0	0
ENSPNYG00000021061	0	0	0
ENSPNYG00000021062	0	0	0
ENSPNYG00000021063	7	0	0
ENSPNYG00000021064	0	0	0
ENSPNYG00000021065	0	0	0
ENSPNYG00000021066	11	7	11
ENSPNYG00000021067	0	0	0
ENSPNYG00000021068	0	3	0
ENSPNYG00000021069	345	239	296
ENSPNYG00000021070	0	0	0
ENSPNYG00000021071	4	2	2
ENSPNYG00000021072	0	0	0
ENSPNYG00000021073	0	0	1
ENSPNYG00000021074	0	3	1
ENSPNYG00000021075	0	0	0
ENSPNYG00000021076	0	0	0
ENSPNYG00000021077	0	0	0
ENSPNYG00000021078	15	2	9
ENSPNYG00000021079	1	0	2
ENSPNYG00000021080	5	2	2
ENSPNYG00000021081	2	8	8
ENSPNYG00000021082	10	9	8
ENSPNYG00000021083	19	24	42
ENSPNYG00000021084	0	0	0
ENSPNYG00000021085	0	1	0
ENSPNYG00000021086	0	0	0
ENSPNYG00000021087	0	2	0
ENSPNYG00000021088	0	5	11
ENSPNYG00000021089	0	0	0
ENSPNYG00000021090	3	14	3
ENSPNYG00000021091	0	0	0
ENSPNYG00000021092	0	0	0
ENSPNYG00000021093	0	0	1
ENSPNYG00000021094	7	0	8
ENSPNYG00000021095	179	135	266
ENSPNYG00000021096	1	2	1
ENSPNYG00000021097	3	0	4
ENSPNYG00000021098	3	1	0
ENSPNYG00000021099	0	0	0
ENSPNYG00000021100	0	0	1
ENSPNYG00000021101	0	0	0
ENSPNYG00000021102	2	1	0
ENSPNYG00000021103	0	0	0
ENSPNYG00000021104	0	0	1
ENSPNYG00000021105	0	0	0
ENSPNYG00000021106	0	0	0
ENSPNYG00000021107	6	6	7
ENSPNYG00000021108	0	0	0
ENSPNYG00000021109	0	1	0
ENSPNYG00000021110	1	0	1
ENSPNYG00000021111	0	0	0
ENSPNYG00000021112	36	27	45
ENSPNYG00000021113	7	24	14
ENSPNYG00000021114	41	36	24
ENSPNYG00000021115	0	0	3
ENSPNYG00000021116	0	0	0
ENSPNYG00000021117	7	1	7
ENSPNYG00000021118	1	3	0
ENSPNYG00000021119	5	11	6
ENSPNYG00000021120	0	0	0
ENSPNYG00000021121	2	13	6
ENSPNYG00000021122	0	0	1
ENSPNYG00000021123	0	2	0
ENSPNYG00000021124	0	0	0
ENSPNYG00000021125	1	1	1
ENSPNYG00000021126	2	0	0
ENSPNYG00000021127	4	6	5
ENSPNYG00000021128	25	40	56
ENSPNYG00000021129	0	0	0
ENSPNYG00000021130	5	0	2
ENSPNYG00000021131	0	0	0
ENSPNYG00000021132	2	4	5
ENSPNYG00000021133	1	1	0
ENSPNYG00000021134	0	0	0
ENSPNYG00000021135	0	0	0
ENSPNYG00000021136	6	1	2
ENSPNYG00000021137	5	4	6
ENSPNYG00000021138	36	10	9
ENSPNYG00000021139	0	0	0
ENSPNYG00000021140	11	6	9
ENSPNYG00000021141	0	0	0
ENSPNYG00000021142	64	135	144
ENSPNYG00000021143	0	0	0
ENSPNYG00000021144	0	1	5
ENSPNYG00000021145	2	0	0
ENSPNYG00000021146	0	0	0
ENSPNYG00000021147	3	1	0
ENSPNYG00000021148	0	0	0
ENSPNYG00000021149	0	0	0
ENSPNYG00000021150	3	1	6
ENSPNYG00000021151	1	2	2
ENSPNYG00000021152	1651	1388	1199
ENSPNYG00000021153	0	0	0
ENSPNYG00000021154	0	2	4
ENSPNYG00000021155	0	0	0
ENSPNYG00000021156	2	0	0
ENSPNYG00000021157	0	0	0
ENSPNYG00000021158	12	21	6
ENSPNYG00000021159	11	2	2
ENSPNYG00000021160	0	0	0
ENSPNYG00000021161	0	0	0
ENSPNYG00000021162	0	1	0
ENSPNYG00000021163	0	0	0
ENSPNYG00000021164	0	0	0
ENSPNYG00000021165	24	41	52
ENSPNYG00000021166	0	0	0
ENSPNYG00000021167	0	0	0
ENSPNYG00000021168	0	0	0
ENSPNYG00000021169	6	2	8
ENSPNYG00000021170	4	5	14
ENSPNYG00000021171	0	0	2
ENSPNYG00000021172	0	0	1
ENSPNYG00000021173	1	1	2
ENSPNYG00000021174	0	0	0
ENSPNYG00000021175	0	0	0
ENSPNYG00000021176	0	0	1
ENSPNYG00000021177	1	0	3
ENSPNYG00000021178	27	35	23
ENSPNYG00000021179	0	0	0
ENSPNYG00000021180	0	0	0
ENSPNYG00000021181	71	29	23
ENSPNYG00000021182	1	0	0
ENSPNYG00000021183	2	5	3
ENSPNYG00000021184	6	0	0
ENSPNYG00000021185	5	3	0
ENSPNYG00000021186	6	3	9
ENSPNYG00000021187	3	6	11
ENSPNYG00000021188	0	0	0
ENSPNYG00000021189	0	0	0
ENSPNYG00000021190	0	2	20
ENSPNYG00000021191	0	0	0
ENSPNYG00000021192	8	1	1
ENSPNYG00000021193	2	0	0
ENSPNYG00000021194	2	0	0
ENSPNYG00000021195	3	1	1
ENSPNYG00000021196	0	0	2
ENSPNYG00000021197	3	4	3
ENSPNYG00000021198	2	0	0
ENSPNYG00000021199	2	5	0
ENSPNYG00000021200	0	0	0
ENSPNYG00000021201	299	229	207
ENSPNYG00000021202	2	0	5
ENSPNYG00000021203	0	0	0
ENSPNYG00000021204	0	0	0
ENSPNYG00000021205	0	0	0
ENSPNYG00000021206	7	1	4
ENSPNYG00000021207	1	0	0
ENSPNYG00000021208	0	0	0
ENSPNYG00000021209	0	2	3
ENSPNYG00000021210	1	0	0
ENSPNYG00000021211	0	0	0
ENSPNYG00000021212	0	0	1
ENSPNYG00000021213	8	2	4
ENSPNYG00000021214	0	0	0
ENSPNYG00000021215	7	3	8
ENSPNYG00000021216	5	8	5
ENSPNYG00000021217	0	0	0
ENSPNYG00000021218	0	0	0
ENSPNYG00000021219	1	3	2
ENSPNYG00000021220	0	0	0
ENSPNYG00000021221	0	0	0
ENSPNYG00000021222	0	0	1
ENSPNYG00000021223	53	29	42
ENSPNYG00000021224	0	0	0
ENSPNYG00000021225	0	0	1
ENSPNYG00000021226	3	0	0
ENSPNYG00000021227	2	0	0
ENSPNYG00000021228	0	0	0
ENSPNYG00000021229	0	0	0
ENSPNYG00000021230	4	9	2
ENSPNYG00000021231	0	0	0
ENSPNYG00000021232	0	2	0
ENSPNYG00000021233	1	0	0
ENSPNYG00000021234	0	0	0
ENSPNYG00000021235	0	0	0
ENSPNYG00000021236	0	0	0
ENSPNYG00000021237	0	0	2
ENSPNYG00000021238	12	28	42
ENSPNYG00000021239	0	0	0
ENSPNYG00000021240	3	2	8
ENSPNYG00000021241	5	7	6
ENSPNYG00000021242	0	0	0
ENSPNYG00000021243	0	0	4
ENSPNYG00000021244	2	0	1
ENSPNYG00000021245	9	7	6
ENSPNYG00000021246	5	5	2
ENSPNYG00000021247	0	0	0
ENSPNYG00000021248	2	0	1
ENSPNYG00000021249	3	0	1
ENSPNYG00000021250	0	0	1
ENSPNYG00000021251	1	0	0
ENSPNYG00000021252	13	7	13
ENSPNYG00000021253	18	48	125
ENSPNYG00000021254	39	69	28
ENSPNYG00000021255	5	6	2
ENSPNYG00000021256	3	2	1
ENSPNYG00000021257	0	0	0
ENSPNYG00000021258	2	0	0
ENSPNYG00000021259	0	0	0
ENSPNYG00000021260	1	0	3
ENSPNYG00000021261	0	1	2
ENSPNYG00000021262	0	0	0
ENSPNYG00000021263	0	0	0
ENSPNYG00000021264	14	15	9
ENSPNYG00000021265	0	0	1
ENSPNYG00000021266	0	0	0
ENSPNYG00000021267	45	28	100
ENSPNYG00000021268	0	0	0
ENSPNYG00000021269	0	0	0
ENSPNYG00000021270	10	7	4
ENSPNYG00000021271	0	0	0
ENSPNYG00000021272	0	0	0
ENSPNYG00000021273	3	2	1
ENSPNYG00000021274	0	1	0
ENSPNYG00000021275	13	10	2
ENSPNYG00000021276	2	4	15
ENSPNYG00000021277	1	0	0
ENSPNYG00000021278	1	2	4
ENSPNYG00000021279	1	0	1
ENSPNYG00000021280	0	0	0
ENSPNYG00000021281	24	41	43
ENSPNYG00000021282	0	0	0
ENSPNYG00000021283	0	1	5
ENSPNYG00000021284	8	7	14
ENSPNYG00000021285	0	0	0
ENSPNYG00000021286	0	0	0
ENSPNYG00000021287	0	0	0
ENSPNYG00000021288	1	0	1
ENSPNYG00000021289	0	0	0
ENSPNYG00000021290	2	5	5
ENSPNYG00000021291	0	0	0
ENSPNYG00000021292	0	0	10
ENSPNYG00000021293	36	29	28
ENSPNYG00000021294	13	16	1
ENSPNYG00000021295	0	0	0
ENSPNYG00000021296	2	3	0
ENSPNYG00000021297	0	0	0
ENSPNYG00000021298	0	0	0
ENSPNYG00000021299	12	4	4
ENSPNYG00000021300	3	1	0
ENSPNYG00000021301	3	0	0
ENSPNYG00000021302	0	0	1
ENSPNYG00000021303	0	0	0
ENSPNYG00000021304	2	2	4
ENSPNYG00000021305	147	116	170
ENSPNYG00000021306	7	4	0
ENSPNYG00000021307	571	1005	982
ENSPNYG00000021308	0	0	0
ENSPNYG00000021309	0	0	0
ENSPNYG00000021310	0	0	0
ENSPNYG00000021311	1	1	0
ENSPNYG00000021312	0	0	0
ENSPNYG00000021313	0	0	0
ENSPNYG00000021314	0	3	3
ENSPNYG00000021315	0	1	1
ENSPNYG00000021316	16	10	18
ENSPNYG00000021317	0	0	0
ENSPNYG00000021318	1	5	2
ENSPNYG00000021319	3	4	8
ENSPNYG00000021320	0	0	0
ENSPNYG00000021321	2	1	2
ENSPNYG00000021322	0	0	0
ENSPNYG00000021323	4	1	1
ENSPNYG00000021324	1	2	0
ENSPNYG00000021325	0	0	0
ENSPNYG00000021326	0	0	0
ENSPNYG00000021327	1	2	0
ENSPNYG00000021328	1	0	0
ENSPNYG00000021329	0	1	3
ENSPNYG00000021330	0	0	0
ENSPNYG00000021331	1	0	0
ENSPNYG00000021332	0	1	0
ENSPNYG00000021333	0	0	0
ENSPNYG00000021334	5	0	3
ENSPNYG00000021335	2	0	0
ENSPNYG00000021336	3	0	1
ENSPNYG00000021337	5	0	2
ENSPNYG00000021338	0	0	0
ENSPNYG00000021339	3	17	6
ENSPNYG00000021340	0	0	0
ENSPNYG00000021341	3	0	0
ENSPNYG00000021342	4	2	13
ENSPNYG00000021343	0	0	0
ENSPNYG00000021344	0	0	0
ENSPNYG00000021345	22	6	30
ENSPNYG00000021346	0	0	0
ENSPNYG00000021347	0	0	0
ENSPNYG00000021348	45	44	78
ENSPNYG00000021349	16	23	9
ENSPNYG00000021350	23	16	4
ENSPNYG00000021351	0	0	0
ENSPNYG00000021352	3	6	3
ENSPNYG00000021353	1	3	5
ENSPNYG00000021354	13	6	16
ENSPNYG00000021355	0	1	1
ENSPNYG00000021356	6	0	3
ENSPNYG00000021357	2	10	2
ENSPNYG00000021358	0	0	2
ENSPNYG00000021359	157	106	81
ENSPNYG00000021360	1	1	1
ENSPNYG00000021361	0	1	0
ENSPNYG00000021362	23	22	23
ENSPNYG00000021363	122	96	78
ENSPNYG00000021364	0	0	1
ENSPNYG00000021365	0	0	0
ENSPNYG00000021366	7	6	8
ENSPNYG00000021367	2	1	14
ENSPNYG00000021368	18	17	34
ENSPNYG00000021369	0	0	1
ENSPNYG00000021370	0	0	0
ENSPNYG00000021371	0	0	0
ENSPNYG00000021372	179	314	366
ENSPNYG00000021373	0	0	0
ENSPNYG00000021374	0	0	1
ENSPNYG00000021375	0	0	0
ENSPNYG00000021376	80	51	37
ENSPNYG00000021377	0	2	0
ENSPNYG00000021378	0	0	0
ENSPNYG00000021379	0	1	2
ENSPNYG00000021380	0	1	1
ENSPNYG00000021381	5	3	4
ENSPNYG00000021382	3	0	0
ENSPNYG00000021383	0	0	0
ENSPNYG00000021384	0	2	0
ENSPNYG00000021385	0	4	8
ENSPNYG00000021386	0	0	0
ENSPNYG00000021387	2	2	3
ENSPNYG00000021388	1	1	1
ENSPNYG00000021389	2	1	1
ENSPNYG00000021390	0	2	0
ENSPNYG00000021391	0	0	0
ENSPNYG00000021392	4	0	1
ENSPNYG00000021393	0	0	0
ENSPNYG00000021394	0	0	0
ENSPNYG00000021395	0	0	0
ENSPNYG00000021396	1	0	0
ENSPNYG00000021397	6	6	7
ENSPNYG00000021398	0	0	0
ENSPNYG00000021399	1	0	1
ENSPNYG00000021400	22	2	14
ENSPNYG00000021401	10	1	1
ENSPNYG00000021402	15	13	9
ENSPNYG00000021403	0	0	0
ENSPNYG00000021404	0	1	1
ENSPNYG00000021405	3	1	3
ENSPNYG00000021406	1	1	1
ENSPNYG00000021407	1	1	1
ENSPNYG00000021408	0	0	1
ENSPNYG00000021409	0	0	0
ENSPNYG00000021410	0	2	8
ENSPNYG00000021411	0	0	0
ENSPNYG00000021412	0	0	0
ENSPNYG00000021413	3	2	3
ENSPNYG00000021414	0	0	1
ENSPNYG00000021415	680	536	746
ENSPNYG00000021416	0	1	1
ENSPNYG00000021417	2	6	8
ENSPNYG00000021418	0	0	0
ENSPNYG00000021419	3	7	12
ENSPNYG00000021420	0	0	0
ENSPNYG00000021421	6	16	7
ENSPNYG00000021422	0	1	3
ENSPNYG00000021423	7	4	3
ENSPNYG00000021424	9	3	6
ENSPNYG00000021425	3	0	11
ENSPNYG00000021426	1	0	0
ENSPNYG00000021427	9	35	36
ENSPNYG00000021428	440	716	677
ENSPNYG00000021429	0	0	0
ENSPNYG00000021430	13	17	4
ENSPNYG00000021431	0	0	1
ENSPNYG00000021432	0	0	0
ENSPNYG00000021433	0	2	2
ENSPNYG00000021434	0	0	0
ENSPNYG00000021435	3	3	5
ENSPNYG00000021436	0	1	2
ENSPNYG00000021437	0	1	2
ENSPNYG00000021438	2	1	2
ENSPNYG00000021439	0	0	2
ENSPNYG00000021440	3	20	4
ENSPNYG00000021441	0	0	0
ENSPNYG00000021442	32	27	24
ENSPNYG00000021443	0	1	1
ENSPNYG00000021444	6	17	10
ENSPNYG00000021445	0	0	0
ENSPNYG00000021446	0	0	0
ENSPNYG00000021447	1	0	0
ENSPNYG00000021448	0	0	0
ENSPNYG00000021449	47	57	31
ENSPNYG00000021450	1	0	3
ENSPNYG00000021451	3	21	18
ENSPNYG00000021452	0	0	0
ENSPNYG00000021453	5	2	2
ENSPNYG00000021454	7	0	0
ENSPNYG00000021455	1	0	1
ENSPNYG00000021456	1	0	0
ENSPNYG00000021457	0	0	0
ENSPNYG00000021458	0	3	0
ENSPNYG00000021459	0	2	0
ENSPNYG00000021460	9	18	6
ENSPNYG00000021461	0	0	1
ENSPNYG00000021462	0	0	0
ENSPNYG00000021463	0	0	0
ENSPNYG00000021464	2	21	24
ENSPNYG00000021465	0	0	0
ENSPNYG00000021466	5	2	1
ENSPNYG00000021467	8	4	5
ENSPNYG00000021468	0	0	3
ENSPNYG00000021469	0	0	0
ENSPNYG00000021470	60	40	33
ENSPNYG00000021471	0	0	0
ENSPNYG00000021472	3	0	0
ENSPNYG00000021473	1	1	2
ENSPNYG00000021474	4	17	6
ENSPNYG00000021475	0	0	1
ENSPNYG00000021476	0	0	0
ENSPNYG00000021477	9	23	26
ENSPNYG00000021478	3	0	2
ENSPNYG00000021479	4	4	10
ENSPNYG00000021480	1	2	4
ENSPNYG00000021481	64	48	55
ENSPNYG00000021482	0	0	0
ENSPNYG00000021483	0	0	0
ENSPNYG00000021484	0	0	0
ENSPNYG00000021485	0	0	0
ENSPNYG00000021486	0	0	0
ENSPNYG00000021487	1	2	3
ENSPNYG00000021488	90	63	51
ENSPNYG00000021489	7	19	18
ENSPNYG00000021490	0	2	0
ENSPNYG00000021491	6	3	1
ENSPNYG00000021492	0	0	1
ENSPNYG00000021493	3	6	9
ENSPNYG00000021494	0	0	0
ENSPNYG00000021495	0	0	0
ENSPNYG00000021496	8	11	5
ENSPNYG00000021497	7	4	10
ENSPNYG00000021498	8	10	3
ENSPNYG00000021499	0	0	1
ENSPNYG00000021500	68	47	92
ENSPNYG00000021501	2	0	1
ENSPNYG00000021502	0	0	0
ENSPNYG00000021503	0	0	0
ENSPNYG00000021504	2	0	0
ENSPNYG00000021505	0	1	3
ENSPNYG00000021506	0	0	2
ENSPNYG00000021507	0	3	4
ENSPNYG00000021508	0	0	0
ENSPNYG00000021509	0	0	0
ENSPNYG00000021510	3	2	4
ENSPNYG00000021511	0	0	4
ENSPNYG00000021512	1	1	0
ENSPNYG00000021513	0	0	0
ENSPNYG00000021514	0	1	1
ENSPNYG00000021515	0	0	2
ENSPNYG00000021516	2	0	2
ENSPNYG00000021517	588	225	710
ENSPNYG00000021518	257	1099	1023
ENSPNYG00000021519	2	0	0
ENSPNYG00000021520	0	0	0
ENSPNYG00000021521	1	5	1
ENSPNYG00000021522	5	0	2
ENSPNYG00000021523	0	0	0
ENSPNYG00000021524	1	0	3
ENSPNYG00000021525	8	5	16
ENSPNYG00000021526	0	1	0
ENSPNYG00000021527	4	9	19
ENSPNYG00000021528	9	0	4
ENSPNYG00000021529	1	4	0
ENSPNYG00000021530	0	0	1
ENSPNYG00000021531	205	124	164
ENSPNYG00000021532	5	1	4
ENSPNYG00000021533	0	1	0
ENSPNYG00000021534	9	5	17
ENSPNYG00000021535	12	1	13
ENSPNYG00000021536	1	0	0
ENSPNYG00000021537	2	1	0
ENSPNYG00000021538	1	0	0
ENSPNYG00000021539	0	0	0
ENSPNYG00000021540	4	2	3
ENSPNYG00000021541	53	2	30
ENSPNYG00000021542	2	6	1
ENSPNYG00000021543	7	3	3
ENSPNYG00000021544	0	0	0
ENSPNYG00000021545	1	5	0
ENSPNYG00000021546	1	1	0
ENSPNYG00000021547	147	68	112
ENSPNYG00000021548	0	0	0
ENSPNYG00000021549	0	0	0
ENSPNYG00000021550	28	58	76
ENSPNYG00000021551	0	0	1
ENSPNYG00000021552	0	0	2
ENSPNYG00000021553	0	0	1
ENSPNYG00000021554	3	4	0
ENSPNYG00000021555	7	8	6
ENSPNYG00000021556	0	0	0
ENSPNYG00000021557	1	1	0
ENSPNYG00000021558	3	0	2
ENSPNYG00000021559	557	255	445
ENSPNYG00000021560	10	4	10
ENSPNYG00000021561	0	2	1
ENSPNYG00000021562	1	0	0
ENSPNYG00000021563	0	0	0
ENSPNYG00000021564	0	0	0
ENSPNYG00000021565	0	0	0
ENSPNYG00000021566	0	3	2
ENSPNYG00000021567	2	0	1
ENSPNYG00000021568	0	2	0
ENSPNYG00000021569	3	0	3
ENSPNYG00000021570	3	2	0
ENSPNYG00000021571	2	1	0
ENSPNYG00000021572	1	0	1
ENSPNYG00000021573	1	2	0
ENSPNYG00000021574	2	0	0
ENSPNYG00000021575	2	3	7
ENSPNYG00000021576	2	0	1
ENSPNYG00000021577	1	0	0
ENSPNYG00000021578	12	23	14
ENSPNYG00000021579	0	3	2
ENSPNYG00000021580	4	1	0
ENSPNYG00000021581	17	4	23
ENSPNYG00000021582	1	3	0
ENSPNYG00000021583	1	1	2
ENSPNYG00000021584	8	11	4
ENSPNYG00000021585	0	0	0
ENSPNYG00000021586	0	0	0
ENSPNYG00000021587	3	0	2
ENSPNYG00000021588	1	0	2
ENSPNYG00000021589	3	3	3
ENSPNYG00000021590	1	0	1
ENSPNYG00000021591	0	0	2
ENSPNYG00000021592	0	1	1
ENSPNYG00000021593	0	0	0
ENSPNYG00000021594	0	0	1
ENSPNYG00000021595	6	3	1
ENSPNYG00000021596	2	0	9
ENSPNYG00000021597	3	7	9
ENSPNYG00000021598	0	0	3
ENSPNYG00000021599	1	0	1
ENSPNYG00000021600	0	2	0
ENSPNYG00000021601	13	10	3
ENSPNYG00000021602	0	0	0
ENSPNYG00000021603	1	1	2
ENSPNYG00000021604	0	0	8
ENSPNYG00000021605	0	0	0
ENSPNYG00000021606	0	0	0
ENSPNYG00000021607	1	0	0
ENSPNYG00000021608	4	2	2
ENSPNYG00000021609	0	0	1
ENSPNYG00000021610	0	0	0
ENSPNYG00000021611	0	0	0
ENSPNYG00000021612	0	1	0
ENSPNYG00000021613	0	1	1
ENSPNYG00000021614	0	0	1
ENSPNYG00000021615	0	0	0
ENSPNYG00000021616	0	0	0
ENSPNYG00000021617	0	0	0
ENSPNYG00000021618	6	4	7
ENSPNYG00000021619	8	8	7
ENSPNYG00000021620	3	0	0
ENSPNYG00000021621	0	0	0
ENSPNYG00000021622	812	1565	1600
ENSPNYG00000021623	1	0	0
ENSPNYG00000021624	46	22	37
ENSPNYG00000021625	0	0	0
ENSPNYG00000021626	7	2	0
ENSPNYG00000021627	26	16	12
ENSPNYG00000021628	13	15	6
ENSPNYG00000021629	1	1	0
ENSPNYG00000021630	0	0	0
ENSPNYG00000021631	0	0	1
ENSPNYG00000021632	0	0	0
ENSPNYG00000021633	0	2	1
ENSPNYG00000021634	3	2	1
ENSPNYG00000021635	1	0	0
ENSPNYG00000021636	60	51	88
ENSPNYG00000021637	3	1	0
ENSPNYG00000021638	0	3	3
ENSPNYG00000021639	0	0	0
ENSPNYG00000021640	38	49	199
ENSPNYG00000021641	3	3	0
ENSPNYG00000021642	14	14	17
ENSPNYG00000021643	0	1	0
ENSPNYG00000021644	0	6	17
ENSPNYG00000021645	17	6	8
ENSPNYG00000021646	5	2	0
ENSPNYG00000021647	13	3	10
ENSPNYG00000021648	1	0	0
ENSPNYG00000021649	9	8	14
ENSPNYG00000021650	1841	1109	1125
ENSPNYG00000021651	4	6	8
ENSPNYG00000021652	4	5	3
ENSPNYG00000021653	0	0	0
ENSPNYG00000021654	0	2	1
ENSPNYG00000021655	0	0	0
ENSPNYG00000021656	1	6	5
ENSPNYG00000021657	0	0	0
ENSPNYG00000021658	1	1	6
ENSPNYG00000021659	0	0	2
ENSPNYG00000021660	2	0	2
ENSPNYG00000021661	2	1	2
ENSPNYG00000021662	8	2	2
ENSPNYG00000021663	0	4	2
ENSPNYG00000021664	0	0	0
ENSPNYG00000021665	10	0	1
ENSPNYG00000021666	1	0	0
ENSPNYG00000021667	24	8	9
ENSPNYG00000021668	4	2	4
ENSPNYG00000021669	1	1	0
ENSPNYG00000021670	0	1	0
ENSPNYG00000021671	0	0	0
ENSPNYG00000021672	3	1	6
ENSPNYG00000021673	0	0	0
ENSPNYG00000021674	0	1	0
ENSPNYG00000021675	2	0	4
ENSPNYG00000021676	2	4	5
ENSPNYG00000021677	0	0	0
ENSPNYG00000021678	62	51	133
ENSPNYG00000021679	0	0	3
ENSPNYG00000021680	0	0	0
ENSPNYG00000021681	432	403	416
ENSPNYG00000021682	0	0	0
ENSPNYG00000021683	0	2	1
ENSPNYG00000021684	0	0	0
ENSPNYG00000021685	0	0	0
ENSPNYG00000021686	0	0	1
ENSPNYG00000021687	0	0	0
ENSPNYG00000021688	0	0	2
ENSPNYG00000021689	0	0	1
ENSPNYG00000021690	0	0	0
ENSPNYG00000021691	0	0	0
ENSPNYG00000021692	0	0	0
ENSPNYG00000021693	0	0	0
ENSPNYG00000021694	1	0	0
ENSPNYG00000021695	0	1	0
ENSPNYG00000021696	0	0	0
ENSPNYG00000021697	0	0	0
ENSPNYG00000021698	0	0	0
ENSPNYG00000021699	29	5	11
ENSPNYG00000021700	1	0	0
ENSPNYG00000021701	0	0	0
ENSPNYG00000021702	27	25	28
ENSPNYG00000021703	0	0	0
ENSPNYG00000021704	2	2	4
ENSPNYG00000021705	10	9	21
ENSPNYG00000021706	0	0	0
ENSPNYG00000021707	9	7	6
ENSPNYG00000021708	0	0	2
ENSPNYG00000021709	6	5	7
ENSPNYG00000021710	0	0	0
ENSPNYG00000021711	0	3	2
ENSPNYG00000021712	0	1	1
ENSPNYG00000021713	2	2	0
ENSPNYG00000021714	1	0	0
ENSPNYG00000021715	0	0	0
ENSPNYG00000021716	6	2	0
ENSPNYG00000021717	1	2	5
ENSPNYG00000021718	3	3	1
ENSPNYG00000021719	0	0	0
ENSPNYG00000021720	0	0	0
ENSPNYG00000021721	3	3	4
ENSPNYG00000021722	3	6	11
ENSPNYG00000021723	0	0	0
ENSPNYG00000021724	0	0	0
ENSPNYG00000021725	24	11	16
ENSPNYG00000021726	14	11	5
ENSPNYG00000021727	0	0	0
ENSPNYG00000021728	0	0	0
ENSPNYG00000021729	0	0	1
ENSPNYG00000021730	1	2	0
ENSPNYG00000021731	0	1	2
ENSPNYG00000021732	0	0	0
ENSPNYG00000021733	0	0	0
ENSPNYG00000021734	0	0	0
ENSPNYG00000021735	1	0	0
ENSPNYG00000021736	0	1	0
ENSPNYG00000021737	0	0	0
ENSPNYG00000021738	0	0	0
ENSPNYG00000021739	0	0	0
ENSPNYG00000021740	2	1	0
ENSPNYG00000021741	0	0	0
ENSPNYG00000021742	0	1	4
ENSPNYG00000021743	4	4	1
ENSPNYG00000021744	0	0	0
ENSPNYG00000021745	0	3	0
ENSPNYG00000021746	0	1	0
ENSPNYG00000021747	4	4	5
ENSPNYG00000021748	0	0	0
ENSPNYG00000021749	0	2	0
ENSPNYG00000021750	0	0	0
ENSPNYG00000021751	0	2	0
ENSPNYG00000021752	1	0	0
ENSPNYG00000021753	6	6	3
ENSPNYG00000021754	0	0	0
ENSPNYG00000021755	12	13	10
ENSPNYG00000021756	4	5	3
ENSPNYG00000021757	4	6	10
ENSPNYG00000021758	2	0	0
ENSPNYG00000021759	2	3	1
ENSPNYG00000021760	0	1	0
ENSPNYG00000021761	0	0	0
ENSPNYG00000021762	9	6	6
ENSPNYG00000021763	2	8	6
ENSPNYG00000021764	3	14	7
ENSPNYG00000021765	0	0	0
ENSPNYG00000021766	16	3	11
ENSPNYG00000021767	0	0	0
ENSPNYG00000021768	0	0	1
ENSPNYG00000021769	0	0	0
ENSPNYG00000021770	2	0	0
ENSPNYG00000021771	0	0	1
ENSPNYG00000021772	0	0	1
ENSPNYG00000021773	0	0	0
ENSPNYG00000021774	2	3	0
ENSPNYG00000021775	0	0	0
ENSPNYG00000021776	2	0	1
ENSPNYG00000021777	0	3	4
ENSPNYG00000021778	0	1	5
ENSPNYG00000021779	31	20	28
ENSPNYG00000021780	1	8	1
ENSPNYG00000021781	1	1	1
ENSPNYG00000021782	0	0	0
ENSPNYG00000021783	0	0	3
ENSPNYG00000021784	0	0	2
ENSPNYG00000021785	41	31	37
ENSPNYG00000021786	8	1	3
ENSPNYG00000021787	0	0	0
ENSPNYG00000021788	1	1	2
ENSPNYG00000021789	97	70	100
ENSPNYG00000021790	1	8	3
ENSPNYG00000021791	6	0	0
ENSPNYG00000021792	0	0	0
ENSPNYG00000021793	158	152	374
ENSPNYG00000021794	6	0	7
ENSPNYG00000021795	1	0	1
ENSPNYG00000021796	5	2	2
ENSPNYG00000021797	0	0	0
ENSPNYG00000021798	1	0	2
ENSPNYG00000021799	1	0	0
ENSPNYG00000021800	0	2	4
ENSPNYG00000021801	0	0	0
ENSPNYG00000021802	1	0	0
ENSPNYG00000021803	0	0	0
ENSPNYG00000021804	3	4	0
ENSPNYG00000021805	0	0	0
ENSPNYG00000021806	3	2	1
ENSPNYG00000021807	1	3	20
ENSPNYG00000021808	1598	1560	1632
ENSPNYG00000021809	2	0	2
ENSPNYG00000021810	7	148	147
ENSPNYG00000021811	1	0	4
ENSPNYG00000021812	2	0	1
ENSPNYG00000021813	0	4	0
ENSPNYG00000021814	1	2	1
ENSPNYG00000021815	2	12	1
ENSPNYG00000021816	1	0	2
ENSPNYG00000021817	7	1	1
ENSPNYG00000021818	0	2	4
ENSPNYG00000021819	1455	2008	1806
ENSPNYG00000021820	0	0	0
ENSPNYG00000021821	6	9	6
ENSPNYG00000021822	55	28	48
ENSPNYG00000021823	0	0	1
ENSPNYG00000021824	0	0	0
ENSPNYG00000021825	0	0	1
ENSPNYG00000021826	400	634	2406
ENSPNYG00000021827	2	0	0
ENSPNYG00000021828	18	17	25
ENSPNYG00000021829	370	189	247
ENSPNYG00000021830	8	7	21
ENSPNYG00000021831	4	2	0
ENSPNYG00000021832	1	5	3
ENSPNYG00000021833	28	6	14
ENSPNYG00000021834	5	1	1
ENSPNYG00000021835	2	0	2
ENSPNYG00000021836	0	0	0
ENSPNYG00000021837	10	4	5
ENSPNYG00000021838	1	1	0
ENSPNYG00000021839	168	106	114
ENSPNYG00000021840	0	0	0
ENSPNYG00000021841	9	7	9
ENSPNYG00000021842	45	40	29
ENSPNYG00000021843	1	5	4
ENSPNYG00000021844	4	1	2
ENSPNYG00000021845	0	0	0
ENSPNYG00000021846	10	12	25
ENSPNYG00000021847	0	0	1
ENSPNYG00000021848	0	0	0
ENSPNYG00000021849	0	0	0
ENSPNYG00000021850	19	11	3
ENSPNYG00000021851	0	0	0
ENSPNYG00000021852	0	0	2
ENSPNYG00000021853	2	6	0
ENSPNYG00000021854	2	0	2
ENSPNYG00000021855	2	1	1
ENSPNYG00000021856	0	0	3
ENSPNYG00000021857	0	0	2
ENSPNYG00000021858	2	4	4
ENSPNYG00000021859	1	0	0
ENSPNYG00000021860	0	6	3
ENSPNYG00000021861	2	0	2
ENSPNYG00000021862	0	0	0
ENSPNYG00000021863	0	0	0
ENSPNYG00000021864	0	0	1
ENSPNYG00000021865	195	145	166
ENSPNYG00000021866	0	0	0
ENSPNYG00000021867	4	2	14
ENSPNYG00000021868	625	663	796
ENSPNYG00000021869	0	0	0
ENSPNYG00000021870	0	0	0
ENSPNYG00000021871	0	3	3
ENSPNYG00000021872	59	88	63
ENSPNYG00000021873	0	1	0
ENSPNYG00000021874	7	3	5
ENSPNYG00000021875	1777	1450	1666
ENSPNYG00000021876	1	1	3
ENSPNYG00000021877	0	0	0
ENSPNYG00000021878	0	0	0
ENSPNYG00000021879	3	0	7
ENSPNYG00000021880	3	2	2
ENSPNYG00000021881	0	0	0
ENSPNYG00000021882	0	0	2
ENSPNYG00000021883	4	1	5
ENSPNYG00000021884	2	0	4
ENSPNYG00000021885	15	7	13
ENSPNYG00000021886	0	0	0
ENSPNYG00000021887	6	5	12
ENSPNYG00000021888	0	1	2
ENSPNYG00000021889	3	1	1
ENSPNYG00000021890	0	0	0
ENSPNYG00000021891	0	0	2
ENSPNYG00000021892	0	0	0
ENSPNYG00000021893	87	58	35
ENSPNYG00000021894	0	0	1
ENSPNYG00000021895	3839	3389	5819
ENSPNYG00000021896	1	6	19
ENSPNYG00000021897	17	24	17
ENSPNYG00000021898	0	1	0
ENSPNYG00000021899	0	0	0
ENSPNYG00000021900	10	13	15
ENSPNYG00000021901	7	2	9
ENSPNYG00000021902	393	412	452
ENSPNYG00000021903	0	1	0
ENSPNYG00000021904	4	1	6
ENSPNYG00000021905	5	0	1
ENSPNYG00000021906	4	0	0
ENSPNYG00000021907	0	2	0
ENSPNYG00000021908	0	1	3
ENSPNYG00000021909	0	2	0
ENSPNYG00000021910	213	488	486
ENSPNYG00000021911	38	21	22
ENSPNYG00000021912	1	0	0
ENSPNYG00000021913	15	26	36
ENSPNYG00000021914	5	8	1
ENSPNYG00000021915	4	2	1
ENSPNYG00000021916	0	0	0
ENSPNYG00000021917	0	0	0
ENSPNYG00000021918	0	1	0
ENSPNYG00000021919	5	6	7
ENSPNYG00000021920	1	0	2
ENSPNYG00000021921	0	0	0
ENSPNYG00000021922	2	0	1
ENSPNYG00000021923	0	0	0
ENSPNYG00000021924	133	118	362
ENSPNYG00000021925	1	0	0
ENSPNYG00000021926	0	2	4
ENSPNYG00000021927	19	2	0
ENSPNYG00000021928	2	0	0
ENSPNYG00000021929	0	0	0
ENSPNYG00000021930	1	0	0
ENSPNYG00000021931	6	5	10
ENSPNYG00000021932	0	0	0
ENSPNYG00000021933	14	9	17
ENSPNYG00000021934	0	0	1
ENSPNYG00000021935	1	0	0
ENSPNYG00000021936	0	0	0
ENSPNYG00000021937	0	0	0
ENSPNYG00000021938	1	1	1
ENSPNYG00000021939	0	0	0
ENSPNYG00000021940	0	1	4
ENSPNYG00000021941	8	2	2
ENSPNYG00000021942	4	2	4
ENSPNYG00000021943	2	0	1
ENSPNYG00000021944	15	5	9
ENSPNYG00000021945	0	0	0
ENSPNYG00000021946	0	0	0
ENSPNYG00000021947	0	1	0
ENSPNYG00000021948	0	0	0
ENSPNYG00000021949	0	1	0
ENSPNYG00000021950	0	0	0
ENSPNYG00000021951	6	0	2
ENSPNYG00000021952	0	0	0
ENSPNYG00000021953	0	0	0
ENSPNYG00000021954	1	0	1
ENSPNYG00000021955	0	0	0
ENSPNYG00000021956	1	0	2
ENSPNYG00000021957	0	0	0
ENSPNYG00000021958	12	10	6
ENSPNYG00000021959	0	10	0
ENSPNYG00000021960	0	0	1
ENSPNYG00000021961	1	2	3
ENSPNYG00000021962	4	2	0
ENSPNYG00000021963	7	8	1
ENSPNYG00000021964	0	0	0
ENSPNYG00000021965	5	3	5
ENSPNYG00000021966	5	2	6
ENSPNYG00000021967	0	0	0
ENSPNYG00000021968	1	0	6
ENSPNYG00000021969	0	0	0
ENSPNYG00000021970	2	0	1
ENSPNYG00000021971	8	3	11
ENSPNYG00000021972	0	2	4
ENSPNYG00000021973	0	0	1
ENSPNYG00000021974	0	0	0
ENSPNYG00000021975	0	0	0
ENSPNYG00000021976	0	1	0
ENSPNYG00000021977	0	1	2
ENSPNYG00000021978	0	0	0
ENSPNYG00000021979	0	0	0
ENSPNYG00000021980	3	1	4
ENSPNYG00000021981	0	0	2
ENSPNYG00000021982	0	0	1
ENSPNYG00000021983	1	2	1
ENSPNYG00000021984	6	2	6
ENSPNYG00000021985	1	3	2
ENSPNYG00000021986	4	1	2
ENSPNYG00000021987	0	0	0
ENSPNYG00000021988	0	1	3
ENSPNYG00000021989	8	6	2
ENSPNYG00000021990	4	5	20
ENSPNYG00000021991	0	0	0
ENSPNYG00000021992	0	3	0
ENSPNYG00000021993	0	0	0
ENSPNYG00000021994	0	1	1
ENSPNYG00000021995	0	0	0
ENSPNYG00000021996	0	0	0
ENSPNYG00000021997	0	0	0
ENSPNYG00000021998	1	2	2
ENSPNYG00000021999	6	5	2
ENSPNYG00000022000	3	3	11
ENSPNYG00000022001	0	0	5
ENSPNYG00000022002	4	5	0
ENSPNYG00000022003	0	0	0
ENSPNYG00000022004	0	2	1
ENSPNYG00000022005	102	74	114
ENSPNYG00000022006	1	4	3
ENSPNYG00000022007	2	0	0
ENSPNYG00000022008	0	0	0
ENSPNYG00000022009	1	5	8
ENSPNYG00000022010	2	2	1
ENSPNYG00000022011	0	0	0
ENSPNYG00000022012	0	0	1
ENSPNYG00000022013	5	0	1
ENSPNYG00000022014	0	0	0
ENSPNYG00000022015	3	1	1
ENSPNYG00000022016	142	188	258
ENSPNYG00000022017	0	0	3
ENSPNYG00000022018	4	3	9
ENSPNYG00000022019	4	5	6
ENSPNYG00000022020	4	0	0
ENSPNYG00000022021	0	0	0
ENSPNYG00000022022	0	0	3
ENSPNYG00000022023	0	0	0
ENSPNYG00000022024	1	7	3
ENSPNYG00000022025	111	56	95
ENSPNYG00000022026	1	0	3
ENSPNYG00000022027	1	1	0
ENSPNYG00000022028	216	240	311
ENSPNYG00000022029	0	1	1
ENSPNYG00000022030	0	0	0
ENSPNYG00000022031	0	0	0
ENSPNYG00000022032	0	0	4
ENSPNYG00000022033	3	4	3
ENSPNYG00000022034	1	1	0
ENSPNYG00000022035	0	0	0
ENSPNYG00000022036	0	6	1
ENSPNYG00000022037	5	3	0
ENSPNYG00000022038	8	8	5
ENSPNYG00000022039	0	0	0
ENSPNYG00000022040	0	0	1
ENSPNYG00000022041	0	0	0
ENSPNYG00000022042	6	4	6
ENSPNYG00000022043	4	0	1
ENSPNYG00000022044	1	1	2
ENSPNYG00000022045	1	0	0
ENSPNYG00000022046	0	0	0
ENSPNYG00000022047	7	8	3
ENSPNYG00000022048	376	222	315
ENSPNYG00000022049	0	0	8
ENSPNYG00000022050	0	1	2
ENSPNYG00000022051	3	1	4
ENSPNYG00000022052	0	0	0
ENSPNYG00000022053	66	87	97
ENSPNYG00000022054	7	5	2
ENSPNYG00000022055	6	2	10
ENSPNYG00000022056	0	0	0
ENSPNYG00000022057	4	0	7
ENSPNYG00000022058	0	1	4
ENSPNYG00000022059	0	3	4
ENSPNYG00000022060	2	0	0
ENSPNYG00000022061	8	10	2
ENSPNYG00000022062	0	0	0
ENSPNYG00000022063	1	0	0
ENSPNYG00000022064	1601	688	1148
ENSPNYG00000022065	0	0	0
ENSPNYG00000022066	10	13	12
ENSPNYG00000022067	0	0	0
ENSPNYG00000022068	8	11	2
ENSPNYG00000022069	0	0	0
ENSPNYG00000022070	16	15	28
ENSPNYG00000022071	0	0	1
ENSPNYG00000022072	1	0	1
ENSPNYG00000022073	0	0	0
ENSPNYG00000022074	0	0	0
ENSPNYG00000022075	2	1	1
ENSPNYG00000022076	3	0	1
ENSPNYG00000022077	0	0	0
ENSPNYG00000022078	1	0	0
ENSPNYG00000022079	0	0	0
ENSPNYG00000022080	0	0	0
ENSPNYG00000022081	10	8	11
ENSPNYG00000022082	0	0	0
ENSPNYG00000022083	0	0	0
ENSPNYG00000022084	6	0	9
ENSPNYG00000022085	0	0	0
ENSPNYG00000022086	0	0	0
ENSPNYG00000022087	10	2	2
ENSPNYG00000022088	3	7	5
ENSPNYG00000022089	0	0	0
ENSPNYG00000022090	5	6	16
ENSPNYG00000022091	0	0	0
ENSPNYG00000022092	5	2	8
ENSPNYG00000022093	4	0	1
ENSPNYG00000022094	8	9	4
ENSPNYG00000022095	0	0	0
ENSPNYG00000022096	7	3	4
ENSPNYG00000022097	0	0	0
ENSPNYG00000022098	6	3	9
ENSPNYG00000022099	1	1	0
ENSPNYG00000022100	4	0	1
ENSPNYG00000022101	3	0	0
ENSPNYG00000022102	0	0	0
ENSPNYG00000022103	0	2	0
ENSPNYG00000022104	5	0	0
ENSPNYG00000022105	5	2	2
ENSPNYG00000022106	1	3	2
ENSPNYG00000022107	53	37	49
ENSPNYG00000022108	0	0	0
ENSPNYG00000022109	1	2	0
ENSPNYG00000022110	57	214	230
ENSPNYG00000022111	0	4	4
ENSPNYG00000022112	4	0	0
ENSPNYG00000022113	29	7	9
ENSPNYG00000022114	1	4	5
ENSPNYG00000022115	0	0	0
ENSPNYG00000022116	0	0	0
ENSPNYG00000022117	31	16	38
ENSPNYG00000022118	1	2	2
ENSPNYG00000022119	1	0	0
ENSPNYG00000022120	1219	1521	1705
ENSPNYG00000022121	0	0	0
ENSPNYG00000022122	30	22	23
ENSPNYG00000022123	0	0	0
ENSPNYG00000022124	492	255	241
ENSPNYG00000022125	5	0	10
ENSPNYG00000022126	25	10	16
ENSPNYG00000022127	2	2	1
ENSPNYG00000022128	0	0	0
ENSPNYG00000022129	1	0	2
ENSPNYG00000022130	10	9	2
ENSPNYG00000022131	433	436	360
ENSPNYG00000022132	140	52	86
ENSPNYG00000022133	0	1	3
ENSPNYG00000022134	0	1	0
ENSPNYG00000022135	0	1	0
ENSPNYG00000022136	0	2	1
ENSPNYG00000022137	0	0	1
ENSPNYG00000022138	0	0	0
ENSPNYG00000022139	9	4	20
ENSPNYG00000022140	24	24	16
ENSPNYG00000022141	0	0	1
ENSPNYG00000022142	56	34	48
ENSPNYG00000022143	3	8	2
ENSPNYG00000022144	0	0	1
ENSPNYG00000022145	0	0	0
ENSPNYG00000022146	2	2	1
ENSPNYG00000022147	1	1	3
ENSPNYG00000022148	11	9	28
ENSPNYG00000022149	2	1	0
ENSPNYG00000022150	0	2	1
ENSPNYG00000022151	679	563	513
ENSPNYG00000022152	0	2	0
ENSPNYG00000022153	0	0	0
ENSPNYG00000022154	1	0	0
ENSPNYG00000022155	6	1	4
ENSPNYG00000022156	0	1	3
ENSPNYG00000022157	172	110	428
ENSPNYG00000022158	0	1	0
ENSPNYG00000022159	7	4	11
ENSPNYG00000022160	0	0	0
ENSPNYG00000022161	14	13	24
ENSPNYG00000022162	1543	1483	1364
ENSPNYG00000022163	0	4	2
ENSPNYG00000022164	6	0	3
ENSPNYG00000022165	1	0	0
ENSPNYG00000022166	0	12	20
ENSPNYG00000022167	0	1	0
ENSPNYG00000022168	1	2	7
ENSPNYG00000022169	0	0	0
ENSPNYG00000022170	2	0	0
ENSPNYG00000022171	3	0	2
ENSPNYG00000022172	11	4	11
ENSPNYG00000022173	1	8	0
ENSPNYG00000022174	10	7	15
ENSPNYG00000022175	0	0	0
ENSPNYG00000022176	9	1	4
ENSPNYG00000022177	1	0	1
ENSPNYG00000022178	4	1	5
ENSPNYG00000022179	13	12	28
ENSPNYG00000022180	0	0	0
ENSPNYG00000022181	0	0	0
ENSPNYG00000022182	5	3	10
ENSPNYG00000022183	4	5	0
ENSPNYG00000022184	0	0	0
ENSPNYG00000022185	0	0	0
ENSPNYG00000022186	0	0	0
ENSPNYG00000022187	0	0	0
ENSPNYG00000022188	2	2	6
ENSPNYG00000022189	0	0	0
ENSPNYG00000022190	1	0	3
ENSPNYG00000022191	0	0	0
ENSPNYG00000022192	2	0	0
ENSPNYG00000022193	3	8	4
ENSPNYG00000022194	0	0	0
ENSPNYG00000022195	0	0	0
ENSPNYG00000022196	10	17	20
ENSPNYG00000022197	0	0	0
ENSPNYG00000022198	7	0	0
ENSPNYG00000022199	131	32	74
ENSPNYG00000022200	21	5	18
ENSPNYG00000022201	1	2	23
ENSPNYG00000022202	7	0	5
ENSPNYG00000022203	0	0	0
ENSPNYG00000022204	3	0	0
ENSPNYG00000022205	5	1	0
ENSPNYG00000022206	25	28	65
ENSPNYG00000022207	0	0	0
ENSPNYG00000022208	0	0	0
ENSPNYG00000022209	8	0	0
ENSPNYG00000022210	0	8	3
ENSPNYG00000022211	0	0	0
ENSPNYG00000022212	1	0	2
ENSPNYG00000022213	2	2	1
ENSPNYG00000022214	10347	15313	16199
ENSPNYG00000022215	6	8	3
ENSPNYG00000022216	1	1	2
ENSPNYG00000022217	2	0	0
ENSPNYG00000022218	14	18	10
ENSPNYG00000022219	17	21	11
ENSPNYG00000022220	0	2	4
ENSPNYG00000022221	843	1208	1040
ENSPNYG00000022222	0	0	1
ENSPNYG00000022223	0	0	1
ENSPNYG00000022224	0	2	0
ENSPNYG00000022225	5	1	6
ENSPNYG00000022226	0	0	0
ENSPNYG00000022227	1	3	1
ENSPNYG00000022228	0	0	1
ENSPNYG00000022229	1	0	1
ENSPNYG00000022230	0	4	0
ENSPNYG00000022231	28	10	11
ENSPNYG00000022232	1	0	2
ENSPNYG00000022233	0	0	1
ENSPNYG00000022234	0	0	0
ENSPNYG00000022235	3	1	5
ENSPNYG00000022236	551	801	1976
ENSPNYG00000022237	452	17	33
ENSPNYG00000022238	2	5	5
ENSPNYG00000022239	165	257	311
ENSPNYG00000022240	0	0	1
ENSPNYG00000022241	5	7	0
ENSPNYG00000022242	25	10	40
ENSPNYG00000022243	3	2	5
ENSPNYG00000022244	8	4	2
ENSPNYG00000022245	1	2	1
ENSPNYG00000022246	152	108	149
ENSPNYG00000022247	1	0	1
ENSPNYG00000022248	3	1	1
ENSPNYG00000022249	75	61	100
ENSPNYG00000022250	0	1	0
ENSPNYG00000022251	3	3	14
ENSPNYG00000022252	1	0	0
ENSPNYG00000022253	3	3	4
ENSPNYG00000022254	1	0	0
ENSPNYG00000022255	0	4	1
ENSPNYG00000022256	1	5	2
ENSPNYG00000022257	40	19	36
ENSPNYG00000022258	0	1	0
ENSPNYG00000022259	1	2	5
ENSPNYG00000022260	0	1	0
ENSPNYG00000022261	0	0	0
ENSPNYG00000022262	3	1	0
ENSPNYG00000022263	0	0	0
ENSPNYG00000022264	0	2	1
ENSPNYG00000022265	4	3	7
ENSPNYG00000022266	3	0	1
ENSPNYG00000022267	2	1	2
ENSPNYG00000022268	5	0	11
ENSPNYG00000022269	3	3	5
ENSPNYG00000022270	165	80	75
ENSPNYG00000022271	2	4	2
ENSPNYG00000022272	0	0	0
ENSPNYG00000022273	2	4	1
ENSPNYG00000022274	10	0	6
ENSPNYG00000022275	0	0	1
ENSPNYG00000022276	0	1	2
ENSPNYG00000022277	1	0	0
ENSPNYG00000022278	23	21	25
ENSPNYG00000022279	1	6	2
ENSPNYG00000022280	0	0	0
ENSPNYG00000022281	2	0	2
ENSPNYG00000022282	0	1	0
ENSPNYG00000022283	1	1	0
ENSPNYG00000022284	26	10	12
ENSPNYG00000022285	0	1	1
ENSPNYG00000022286	0	1	0
ENSPNYG00000022287	0	0	0
ENSPNYG00000022288	0	0	0
ENSPNYG00000022289	0	0	0
ENSPNYG00000022290	0	3	1
ENSPNYG00000022291	0	2	0
ENSPNYG00000022292	0	0	0
ENSPNYG00000022293	13	7	4
ENSPNYG00000022294	0	0	0
ENSPNYG00000022295	1	0	2
ENSPNYG00000022296	3	0	1
ENSPNYG00000022297	0	0	0
ENSPNYG00000022298	1	0	1
ENSPNYG00000022299	0	0	0
ENSPNYG00000022300	8	2	4
ENSPNYG00000022301	0	0	0
ENSPNYG00000022302	0	0	0
ENSPNYG00000022303	1	1	2
ENSPNYG00000022304	14	4	13
ENSPNYG00000022305	0	1	0
ENSPNYG00000022306	16	1	33
ENSPNYG00000022307	2	0	3
ENSPNYG00000022308	0	0	0
ENSPNYG00000022309	0	0	1
ENSPNYG00000022310	1	1	4
ENSPNYG00000022311	0	0	0
ENSPNYG00000022312	0	2	2
ENSPNYG00000022313	2	4	0
ENSPNYG00000022314	3	1	3
ENSPNYG00000022315	0	0	0
ENSPNYG00000022316	108	79	122
ENSPNYG00000022317	0	0	1
ENSPNYG00000022318	0	0	0
ENSPNYG00000022319	19	12	20
ENSPNYG00000022320	1	2	1
ENSPNYG00000022321	1	0	0
ENSPNYG00000022322	13	27	13
ENSPNYG00000022323	3	4	4
ENSPNYG00000022324	0	7	3
ENSPNYG00000022325	0	0	0
ENSPNYG00000022326	2	2	0
ENSPNYG00000022327	0	1	7
ENSPNYG00000022328	0	1	0
ENSPNYG00000022329	839	893	735
ENSPNYG00000022330	30	12	16
ENSPNYG00000022331	27	5	9
ENSPNYG00000022332	26	47	36
ENSPNYG00000022333	0	0	0
ENSPNYG00000022334	0	0	0
ENSPNYG00000022335	7	8	9
ENSPNYG00000022336	4	0	10
ENSPNYG00000022337	0	0	0
ENSPNYG00000022338	0	0	0
ENSPNYG00000022339	1	1	6
ENSPNYG00000022340	23	4	11
ENSPNYG00000022341	0	0	0
ENSPNYG00000022342	3	2	3
ENSPNYG00000022343	0	2	0
ENSPNYG00000022344	228	147	95
ENSPNYG00000022345	5	5	4
ENSPNYG00000022346	0	0	0
ENSPNYG00000022347	6	4	0
ENSPNYG00000022348	0	5	0
ENSPNYG00000022349	13	6	12
ENSPNYG00000022350	0	1	0
ENSPNYG00000022351	1	0	0
ENSPNYG00000022352	0	0	0
ENSPNYG00000022353	6	4	5
ENSPNYG00000022354	3	0	1
ENSPNYG00000022355	0	0	0
ENSPNYG00000022356	0	0	0
ENSPNYG00000022357	12	1	6
ENSPNYG00000022358	0	1	0
ENSPNYG00000022359	47	15	26
ENSPNYG00000022360	0	0	0
ENSPNYG00000022361	1	2	2
ENSPNYG00000022362	5	4	6
ENSPNYG00000022363	0	0	0
ENSPNYG00000022364	5	0	2
ENSPNYG00000022365	1	1	2
ENSPNYG00000022366	0	0	0
ENSPNYG00000022367	0	1	0
ENSPNYG00000022368	0	3	1
ENSPNYG00000022369	0	0	0
ENSPNYG00000022370	0	0	2
ENSPNYG00000022371	0	0	0
ENSPNYG00000022372	0	0	0
ENSPNYG00000022373	1	0	0
ENSPNYG00000022374	6	7	10
ENSPNYG00000022375	0	0	0
ENSPNYG00000022376	0	1	0
ENSPNYG00000022377	4864	7642	7555
ENSPNYG00000022378	1052	989	869
ENSPNYG00000022379	3	4	10
ENSPNYG00000022380	0	0	0
ENSPNYG00000022381	4	0	3
ENSPNYG00000022382	3	0	1
ENSPNYG00000022383	1	3	0
ENSPNYG00000022384	11	4	17
ENSPNYG00000022385	3	0	3
ENSPNYG00000022386	124	112	201
ENSPNYG00000022387	0	0	0
ENSPNYG00000022388	0	0	0
ENSPNYG00000022389	0	0	1
ENSPNYG00000022390	4	2	2
ENSPNYG00000022391	0	0	0
ENSPNYG00000022392	1	0	1
ENSPNYG00000022393	1	5	2
ENSPNYG00000022394	3	3	8
ENSPNYG00000022395	1	1	0
ENSPNYG00000022396	0	0	0
ENSPNYG00000022397	0	0	3
ENSPNYG00000022398	0	0	1
ENSPNYG00000022399	8	1	2
ENSPNYG00000022400	0	1	0
ENSPNYG00000022401	28	57	62
ENSPNYG00000022402	0	0	1
ENSPNYG00000022403	84	122	109
ENSPNYG00000022404	2	0	1
ENSPNYG00000022405	1	0	1
ENSPNYG00000022406	0	1	0
ENSPNYG00000022407	418	247	358
ENSPNYG00000022408	0	0	0
ENSPNYG00000022409	0	0	0
ENSPNYG00000022410	3	2	5
ENSPNYG00000022411	6	4	3
ENSPNYG00000022412	0	2	1
ENSPNYG00000022413	0	0	0
ENSPNYG00000022414	0	0	0
ENSPNYG00000022415	8	2	5
ENSPNYG00000022416	416	512	454
ENSPNYG00000022417	5	88	91
ENSPNYG00000022418	2	1	3
ENSPNYG00000022419	0	0	0
ENSPNYG00000022420	0	1	0
ENSPNYG00000022421	5	8	10
ENSPNYG00000022422	0	0	0
ENSPNYG00000022423	12	8	11
ENSPNYG00000022424	0	0	0
ENSPNYG00000022425	0	0	0
ENSPNYG00000022426	0	4	3
ENSPNYG00000022427	0	0	0
ENSPNYG00000022428	0	1	0
ENSPNYG00000022429	0	0	2
ENSPNYG00000022430	0	1	1
ENSPNYG00000022431	0	0	0
ENSPNYG00000022432	2	2	1
ENSPNYG00000022433	1	1	0
ENSPNYG00000022434	2	0	4
ENSPNYG00000022435	2	0	0
ENSPNYG00000022436	0	0	0
ENSPNYG00000022437	1	4	2
ENSPNYG00000022438	0	0	0
ENSPNYG00000022439	4	5	15
ENSPNYG00000022440	154	78	69
ENSPNYG00000022441	2	0	5
ENSPNYG00000022442	1	0	0
ENSPNYG00000022443	3	0	2
ENSPNYG00000022444	2	1	1
ENSPNYG00000022445	3	0	0
ENSPNYG00000022446	0	0	0
ENSPNYG00000022447	0	0	0
ENSPNYG00000022448	0	2	0
ENSPNYG00000022449	3	0	0
ENSPNYG00000022450	0	0	0
ENSPNYG00000022451	0	0	2
ENSPNYG00000022452	0	0	0
ENSPNYG00000022453	1	0	1
ENSPNYG00000022454	0	0	3
ENSPNYG00000022455	5	10	5
ENSPNYG00000022456	8	2	5
ENSPNYG00000022457	0	0	0
ENSPNYG00000022458	2	1	2
ENSPNYG00000022459	3	6	2
ENSPNYG00000022460	15	9	17
ENSPNYG00000022461	2	6	3
ENSPNYG00000022462	0	0	0
ENSPNYG00000022463	0	0	0
ENSPNYG00000022464	4	3	2
ENSPNYG00000022465	3	0	1
ENSPNYG00000022466	0	0	0
ENSPNYG00000022467	7	17	33
ENSPNYG00000022468	0	0	0
ENSPNYG00000022469	1	0	1
ENSPNYG00000022470	0	0	0
ENSPNYG00000022471	3	6	4
ENSPNYG00000022472	0	0	2
ENSPNYG00000022473	0	0	0
ENSPNYG00000022474	0	0	2
ENSPNYG00000022475	1	3	0
ENSPNYG00000022476	2	5	9
ENSPNYG00000022477	3	3	1
ENSPNYG00000022478	0	0	0
ENSPNYG00000022479	0	0	0
ENSPNYG00000022480	0	0	0
ENSPNYG00000022481	2	3	2
ENSPNYG00000022482	12	11	14
ENSPNYG00000022483	1	1	1
ENSPNYG00000022484	0	0	0
ENSPNYG00000022485	0	1	0
ENSPNYG00000022486	0	0	0
ENSPNYG00000022487	0	0	0
ENSPNYG00000022488	6	3	3
ENSPNYG00000022489	0	3	1
ENSPNYG00000022490	1	2	1
ENSPNYG00000022491	296	250	325
ENSPNYG00000022492	0	0	0
ENSPNYG00000022493	2	0	1
ENSPNYG00000022494	4	8	4
ENSPNYG00000022495	33	213	150
ENSPNYG00000022496	1	0	1
ENSPNYG00000022497	1	0	0
ENSPNYG00000022498	0	0	0
ENSPNYG00000022499	57	15	23
ENSPNYG00000022500	0	0	3
ENSPNYG00000022501	0	0	0
ENSPNYG00000022502	0	2	1
ENSPNYG00000022503	3	5	8
ENSPNYG00000022504	1	4	5
ENSPNYG00000022505	24	16	23
ENSPNYG00000022506	1	0	0
ENSPNYG00000022507	2	1	4
ENSPNYG00000022508	6	1	4
ENSPNYG00000022509	0	2	1
ENSPNYG00000022510	10	9	10
ENSPNYG00000022511	816	759	745
ENSPNYG00000022512	1	0	1
ENSPNYG00000022513	14	8	13
ENSPNYG00000022514	5	0	4
ENSPNYG00000022515	0	0	0
ENSPNYG00000022516	3	0	4
ENSPNYG00000022517	1	0	0
ENSPNYG00000022518	2	0	0
ENSPNYG00000022519	0	0	0
ENSPNYG00000022520	4	0	1
ENSPNYG00000022521	0	0	0
ENSPNYG00000022522	0	0	0
ENSPNYG00000022523	0	0	0
ENSPNYG00000022524	0	0	0
ENSPNYG00000022525	0	0	0
ENSPNYG00000022526	1	0	3
ENSPNYG00000022527	1	4	1
ENSPNYG00000022528	0	0	0
ENSPNYG00000022529	5	5	1
ENSPNYG00000022530	226	276	398
ENSPNYG00000022531	3	3	0
ENSPNYG00000022532	0	2	0
ENSPNYG00000022533	4	2	22
ENSPNYG00000022534	9	2	2
ENSPNYG00000022535	3	0	2
ENSPNYG00000022536	4	2	1
ENSPNYG00000022537	126	58	70
ENSPNYG00000022538	2934	2163	3793
ENSPNYG00000022539	0	1	1
ENSPNYG00000022540	0	0	0
ENSPNYG00000022541	3	7	9
ENSPNYG00000022542	0	0	0
ENSPNYG00000022543	0	0	2
ENSPNYG00000022544	4	1	1
ENSPNYG00000022545	0	24	9
ENSPNYG00000022546	3	5	3
ENSPNYG00000022547	970	714	973
ENSPNYG00000022548	0	0	0
ENSPNYG00000022549	0	0	0
ENSPNYG00000022550	545	733	800
ENSPNYG00000022551	0	0	0
ENSPNYG00000022552	2	0	0
ENSPNYG00000022553	0	0	0
ENSPNYG00000022554	0	0	0
ENSPNYG00000022555	238	84	45
ENSPNYG00000022556	0	0	0
ENSPNYG00000022557	6	2	3
ENSPNYG00000022558	0	0	0
ENSPNYG00000022559	1	0	0
ENSPNYG00000022560	97	100	98
ENSPNYG00000022561	1	1	0
ENSPNYG00000022562	0	1	1
ENSPNYG00000022563	1	3	0
ENSPNYG00000022564	0	0	0
ENSPNYG00000022565	1	3	1
ENSPNYG00000022566	0	0	0
ENSPNYG00000022567	0	0	0
ENSPNYG00000022568	2	1	3
ENSPNYG00000022569	0	0	0
ENSPNYG00000022570	5	4	7
ENSPNYG00000022571	0	0	2
ENSPNYG00000022572	257	291	251
ENSPNYG00000022573	0	0	0
ENSPNYG00000022574	2	0	1
ENSPNYG00000022575	0	0	0
ENSPNYG00000022576	0	0	1
ENSPNYG00000022577	38	24	17
ENSPNYG00000022578	0	0	0
ENSPNYG00000022579	6	33	0
ENSPNYG00000022580	0	0	0
ENSPNYG00000022581	0	0	0
ENSPNYG00000022582	2	0	1
ENSPNYG00000022583	1	1	2
ENSPNYG00000022584	1	2	5
ENSPNYG00000022585	5	7	13
ENSPNYG00000022586	1	1	0
ENSPNYG00000022587	0	0	0
ENSPNYG00000022588	0	0	0
ENSPNYG00000022589	0	0	0
ENSPNYG00000022590	0	0	0
ENSPNYG00000022591	3	1	5
ENSPNYG00000022592	6	4	8
ENSPNYG00000022593	5	3	6
ENSPNYG00000022594	0	0	0
ENSPNYG00000022595	2	7	4
ENSPNYG00000022596	9	2	5
ENSPNYG00000022597	1	0	6
ENSPNYG00000022598	0	0	0
ENSPNYG00000022599	0	0	0
ENSPNYG00000022600	0	0	1
ENSPNYG00000022601	3	2	1
ENSPNYG00000022602	2	0	0
ENSPNYG00000022603	1	2	9
ENSPNYG00000022604	2	0	4
ENSPNYG00000022605	9	4	5
ENSPNYG00000022606	1	0	0
ENSPNYG00000022607	0	0	1
ENSPNYG00000022608	0	0	0
ENSPNYG00000022609	3	2	5
ENSPNYG00000022610	0	0	0
ENSPNYG00000022611	7	0	15
ENSPNYG00000022612	4	0	0
ENSPNYG00000022613	8	2	5
ENSPNYG00000022614	2	4	1
ENSPNYG00000022615	0	0	0
ENSPNYG00000022616	0	0	1
ENSPNYG00000022617	0	0	0
ENSPNYG00000022618	0	0	0
ENSPNYG00000022619	0	0	0
ENSPNYG00000022620	0	0	0
ENSPNYG00000022621	5	3	7
ENSPNYG00000022622	0	3	0
ENSPNYG00000022623	470	433	273
ENSPNYG00000022624	0	0	0
ENSPNYG00000022625	0	0	0
ENSPNYG00000022626	0	0	1
ENSPNYG00000022627	1	0	0
ENSPNYG00000022628	2	4	0
ENSPNYG00000022629	35	18	20
ENSPNYG00000022630	4	1	4
ENSPNYG00000022631	5	1	1
ENSPNYG00000022632	711	1091	798
ENSPNYG00000022633	0	0	0
ENSPNYG00000022634	0	0	2
ENSPNYG00000022635	0	3	0
ENSPNYG00000022636	8	0	2
ENSPNYG00000022637	1	1	2
ENSPNYG00000022638	0	0	0
ENSPNYG00000022639	0	0	0
ENSPNYG00000022640	0	0	0
ENSPNYG00000022641	2	0	1
ENSPNYG00000022642	4	4	5
ENSPNYG00000022643	2	0	2
ENSPNYG00000022644	1	0	0
ENSPNYG00000022645	0	0	0
ENSPNYG00000022646	3	0	0
ENSPNYG00000022647	5	4	1
ENSPNYG00000022648	9	3	12
ENSPNYG00000022649	2	0	0
ENSPNYG00000022650	1	1	0
ENSPNYG00000022651	2	0	1
ENSPNYG00000022652	3	11	15
ENSPNYG00000022653	6	2	3
ENSPNYG00000022654	14	7	7
ENSPNYG00000022655	4	5	6
ENSPNYG00000022656	2	2	1
ENSPNYG00000022657	1	3	3
ENSPNYG00000022658	6	2	1
ENSPNYG00000022659	0	0	0
ENSPNYG00000022660	1	3	1
ENSPNYG00000022661	0	4	14
ENSPNYG00000022662	0	0	0
ENSPNYG00000022663	1	1	0
ENSPNYG00000022664	95	59	73
ENSPNYG00000022665	5	7	14
ENSPNYG00000022666	141	172	285
ENSPNYG00000022667	0	0	1
ENSPNYG00000022668	1	0	0
ENSPNYG00000022669	0	0	0
ENSPNYG00000022670	0	0	0
ENSPNYG00000022671	18	13	10
ENSPNYG00000022672	0	0	0
ENSPNYG00000022673	0	0	0
ENSPNYG00000022674	17	6	12
ENSPNYG00000022675	0	1	1
ENSPNYG00000022676	0	2	0
ENSPNYG00000022677	5	4	4
ENSPNYG00000022678	0	0	0
ENSPNYG00000022679	0	0	0
ENSPNYG00000022680	4	0	0
ENSPNYG00000022681	31	25	24
ENSPNYG00000022682	0	0	0
ENSPNYG00000022683	0	1	3
ENSPNYG00000022684	5	4	2
ENSPNYG00000022685	15	1	9
ENSPNYG00000022686	8	1	5
ENSPNYG00000022687	0	0	0
ENSPNYG00000022688	1	0	0
ENSPNYG00000022689	1	0	0
ENSPNYG00000022690	4	8	1
ENSPNYG00000022691	0	0	0
ENSPNYG00000022692	0	0	0
ENSPNYG00000022693	1	5	3
ENSPNYG00000022694	1	8	4
ENSPNYG00000022695	7	1	4
ENSPNYG00000022696	0	0	0
ENSPNYG00000022697	61	98	168
ENSPNYG00000022698	0	0	0
ENSPNYG00000022699	0	1	6
ENSPNYG00000022700	0	0	5
ENSPNYG00000022701	21	18	14
ENSPNYG00000022702	0	0	0
ENSPNYG00000022703	29	43	27
ENSPNYG00000022704	135	130	100
ENSPNYG00000022705	21	12	13
ENSPNYG00000022706	0	1	0
ENSPNYG00000022707	15	11	11
ENSPNYG00000022708	0	0	0
ENSPNYG00000022709	13	16	16
ENSPNYG00000022710	0	1	0
ENSPNYG00000022711	7	3	4
ENSPNYG00000022712	0	0	0
ENSPNYG00000022713	1	14	19
ENSPNYG00000022714	0	0	0
ENSPNYG00000022715	0	1	0
ENSPNYG00000022716	5	0	11
ENSPNYG00000022717	1	0	0
ENSPNYG00000022718	581	427	312
ENSPNYG00000022719	0	0	0
ENSPNYG00000022720	218	160	176
ENSPNYG00000022721	1	0	2
ENSPNYG00000022722	0	0	0
ENSPNYG00000022723	0	0	3
ENSPNYG00000022724	0	0	0
ENSPNYG00000022725	5	0	5
ENSPNYG00000022726	1	0	2
ENSPNYG00000022727	0	0	0
ENSPNYG00000022728	0	0	0
ENSPNYG00000022729	4	0	0
ENSPNYG00000022730	0	0	0
ENSPNYG00000022731	0	1	4
ENSPNYG00000022732	1	2	0
ENSPNYG00000022733	16	27	38
ENSPNYG00000022734	6	12	5
ENSPNYG00000022735	1	1	0
ENSPNYG00000022736	0	0	0
ENSPNYG00000022737	0	0	0
ENSPNYG00000022738	3	3	4
ENSPNYG00000022739	3	7	3
ENSPNYG00000022740	0	0	0
ENSPNYG00000022741	0	0	1
ENSPNYG00000022742	0	0	0
ENSPNYG00000022743	1772	1515	1455
ENSPNYG00000022744	19	5	13
ENSPNYG00000022745	2	1	2
ENSPNYG00000022746	0	3	3
ENSPNYG00000022747	2	2	0
ENSPNYG00000022748	1	5	0
ENSPNYG00000022749	4	2	2
ENSPNYG00000022750	0	3	4
ENSPNYG00000022751	0	0	0
ENSPNYG00000022752	2	1	0
ENSPNYG00000022753	2	5	0
ENSPNYG00000022754	0	0	1
ENSPNYG00000022755	2	2	4
ENSPNYG00000022756	1	2	0
ENSPNYG00000022757	5	0	6
ENSPNYG00000022758	1	0	0
ENSPNYG00000022759	199	95	155
ENSPNYG00000022760	0	4	3
ENSPNYG00000022761	0	0	0
ENSPNYG00000022762	1	0	0
ENSPNYG00000022763	0	0	0
ENSPNYG00000022764	1139	940	989
ENSPNYG00000022765	32	19	13
ENSPNYG00000022766	2	3	0
ENSPNYG00000022767	6	6	8
ENSPNYG00000022768	0	1	0
ENSPNYG00000022769	0	0	1
ENSPNYG00000022770	0	0	0
ENSPNYG00000022771	0	1	0
ENSPNYG00000022772	10	9	8
ENSPNYG00000022773	2	2	2
ENSPNYG00000022774	2	0	1
ENSPNYG00000022775	9	13	14
ENSPNYG00000022776	0	0	0
ENSPNYG00000022777	10	9	12
ENSPNYG00000022778	1	0	0
ENSPNYG00000022779	0	0	1
ENSPNYG00000022780	1	1	0
ENSPNYG00000022781	0	0	0
ENSPNYG00000022782	0	0	0
ENSPNYG00000022783	0	0	0
ENSPNYG00000022784	0	2	0
ENSPNYG00000022785	0	0	0
ENSPNYG00000022786	0	0	0
ENSPNYG00000022787	0	0	0
ENSPNYG00000022788	0	0	0
ENSPNYG00000022789	0	0	0
ENSPNYG00000022790	0	0	0
ENSPNYG00000022791	2	2	5
ENSPNYG00000022792	17	67	76
ENSPNYG00000022793	0	1	0
ENSPNYG00000022794	16	22	27
ENSPNYG00000022795	57	66	96
ENSPNYG00000022796	0	0	0
ENSPNYG00000022797	2	0	0
ENSPNYG00000022798	0	2	4
ENSPNYG00000022799	3	3	3
ENSPNYG00000022800	51	45	51
ENSPNYG00000022801	125	195	234
ENSPNYG00000022802	3	5	14
ENSPNYG00000022803	2	2	5
ENSPNYG00000022804	4	1	4
ENSPNYG00000022805	1	2	3
ENSPNYG00000022806	500	288	501
ENSPNYG00000022807	0	0	0
ENSPNYG00000022808	0	0	0
ENSPNYG00000022809	1	0	1
ENSPNYG00000022810	2	0	0
ENSPNYG00000022811	4	2	6
ENSPNYG00000022812	0	0	0
ENSPNYG00000022813	0	1	0
ENSPNYG00000022814	0	0	0
ENSPNYG00000022815	4	10	7
ENSPNYG00000022816	2	1	0
ENSPNYG00000022817	0	0	0
ENSPNYG00000022818	2	0	0
ENSPNYG00000022819	1	0	0
ENSPNYG00000022820	5	0	0
ENSPNYG00000022821	7	14	17
ENSPNYG00000022822	5	2	1
ENSPNYG00000022823	1	2	0
ENSPNYG00000022824	2	1	0
ENSPNYG00000022825	0	1	1
ENSPNYG00000022826	1	2	3
ENSPNYG00000022827	2	0	3
ENSPNYG00000022828	9	7	5
ENSPNYG00000022829	1	0	1
ENSPNYG00000022830	1	0	0
ENSPNYG00000022831	0	0	0
ENSPNYG00000022832	0	0	0
ENSPNYG00000022833	0	2	2
ENSPNYG00000022834	9	18	11
ENSPNYG00000022835	0	0	1
ENSPNYG00000022836	3	2	1
ENSPNYG00000022837	0	1	0
ENSPNYG00000022838	1	0	0
ENSPNYG00000022839	7	1	0
ENSPNYG00000022840	2	0	1
ENSPNYG00000022841	0	0	0
ENSPNYG00000022842	26	10	7
ENSPNYG00000022843	0	0	0
ENSPNYG00000022844	0	0	0
ENSPNYG00000022845	0	0	0
ENSPNYG00000022846	0	0	0
ENSPNYG00000022847	0	0	0
ENSPNYG00000022848	22	27	33
ENSPNYG00000022849	6	1	1
ENSPNYG00000022850	2	0	6
ENSPNYG00000022851	1	0	3
ENSPNYG00000022852	0	0	0
ENSPNYG00000022853	5	3	7
ENSPNYG00000022854	0	0	0
ENSPNYG00000022855	5	1	1
ENSPNYG00000022856	1227	695	839
ENSPNYG00000022857	3	6	5
ENSPNYG00000022858	0	1	0
ENSPNYG00000022859	0	0	0
ENSPNYG00000022860	3	7	2
ENSPNYG00000022861	0	0	0
ENSPNYG00000022862	1	0	0
ENSPNYG00000022863	3	7	3
ENSPNYG00000022864	0	0	0
ENSPNYG00000022865	5	0	0
ENSPNYG00000022866	0	1	0
ENSPNYG00000022867	9	4	7
ENSPNYG00000022868	0	2	2
ENSPNYG00000022869	0	0	0
ENSPNYG00000022870	2	0	0
ENSPNYG00000022871	0	0	0
ENSPNYG00000022872	1	1	0
ENSPNYG00000022873	1	0	0
ENSPNYG00000022874	0	0	0
ENSPNYG00000022875	8	2	7
ENSPNYG00000022876	216	154	150
ENSPNYG00000022877	0	0	0
ENSPNYG00000022878	0	0	0
ENSPNYG00000022879	13	4	8
ENSPNYG00000022880	2	0	3
ENSPNYG00000022881	4	2	6
ENSPNYG00000022882	0	0	0
ENSPNYG00000022883	0	0	1
ENSPNYG00000022884	0	0	0
ENSPNYG00000022885	0	0	0
ENSPNYG00000022886	12	458	13
ENSPNYG00000022887	4	5	2
ENSPNYG00000022888	2	1	0
ENSPNYG00000022889	2	0	1
ENSPNYG00000022890	1	0	0
ENSPNYG00000022891	0	0	0
ENSPNYG00000022892	1	1	2
ENSPNYG00000022893	0	0	2
ENSPNYG00000022894	0	0	0
ENSPNYG00000022895	0	1	0
ENSPNYG00000022896	227	214	229
ENSPNYG00000022897	0	0	0
ENSPNYG00000022898	1	0	0
ENSPNYG00000022899	0	0	0
ENSPNYG00000022900	0	0	0
ENSPNYG00000022901	11	6	3
ENSPNYG00000022902	32	48	44
ENSPNYG00000022903	0	0	0
ENSPNYG00000022904	2	0	2
ENSPNYG00000022905	4	0	2
ENSPNYG00000022906	39	21	16
ENSPNYG00000022907	0	0	1
ENSPNYG00000022908	1	8	3
ENSPNYG00000022909	0	1	2
ENSPNYG00000022910	0	0	0
ENSPNYG00000022911	1	0	0
ENSPNYG00000022912	0	0	0
ENSPNYG00000022913	124	70	66
ENSPNYG00000022914	3	0	2
ENSPNYG00000022915	687	703	771
ENSPNYG00000022916	1	10	8
ENSPNYG00000022917	2	2	2
ENSPNYG00000022918	2	0	0
ENSPNYG00000022919	0	0	0
ENSPNYG00000022920	0	0	0
ENSPNYG00000022921	0	0	0
ENSPNYG00000022922	1	1	1
ENSPNYG00000022923	3	0	7
ENSPNYG00000022924	2	1	0
ENSPNYG00000022925	0	0	1
ENSPNYG00000022926	2	1	4
ENSPNYG00000022927	0	0	0
ENSPNYG00000022928	0	0	0
ENSPNYG00000022929	2	1	1
ENSPNYG00000022930	2	3	4
ENSPNYG00000022931	0	0	0
ENSPNYG00000022932	0	0	0
ENSPNYG00000022933	0	0	0
ENSPNYG00000022934	0	1	0
ENSPNYG00000022935	851	1107	1642
ENSPNYG00000022936	263	326	526
ENSPNYG00000022937	0	0	0
ENSPNYG00000022938	5	15	6
ENSPNYG00000022939	0	0	0
ENSPNYG00000022940	0	0	1
ENSPNYG00000022941	4	0	1
ENSPNYG00000022942	191	162	235
ENSPNYG00000022943	70	4	29
ENSPNYG00000022944	0	0	0
ENSPNYG00000022945	0	0	0
ENSPNYG00000022946	0	0	0
ENSPNYG00000022947	11	11	17
ENSPNYG00000022948	0	0	1
ENSPNYG00000022949	0	0	0
ENSPNYG00000022950	1	2	3
ENSPNYG00000022951	99	79	44
ENSPNYG00000022952	0	0	0
ENSPNYG00000022953	4	0	0
ENSPNYG00000022954	17	7	15
ENSPNYG00000022955	1	1	1
ENSPNYG00000022956	2	0	1
ENSPNYG00000022957	1	1	0
ENSPNYG00000022958	0	0	0
ENSPNYG00000022959	16	13	12
ENSPNYG00000022960	1	0	0
ENSPNYG00000022961	0	0	0
ENSPNYG00000022962	0	0	0
ENSPNYG00000022963	1	0	0
ENSPNYG00000022964	1	0	0
ENSPNYG00000022965	0	0	0
ENSPNYG00000022966	0	0	0
ENSPNYG00000022967	0	0	0
ENSPNYG00000022968	2	2	0
ENSPNYG00000022969	0	0	0
ENSPNYG00000022970	0	0	0
ENSPNYG00000022971	0	1	3
ENSPNYG00000022972	17	15	13
ENSPNYG00000022973	0	0	0
ENSPNYG00000022974	0	1	2
ENSPNYG00000022975	3	0	0
ENSPNYG00000022976	0	0	1
ENSPNYG00000022977	1	1	2
ENSPNYG00000022978	0	1	1
ENSPNYG00000022979	16	8	12
ENSPNYG00000022980	0	0	1
ENSPNYG00000022981	0	0	0
ENSPNYG00000022982	5	0	0
ENSPNYG00000022983	0	1	0
ENSPNYG00000022984	1	0	3
ENSPNYG00000022985	3	1	2
ENSPNYG00000022986	0	0	0
ENSPNYG00000022987	1	0	0
ENSPNYG00000022988	1	4	0
ENSPNYG00000022989	41	12	34
ENSPNYG00000022990	0	0	0
ENSPNYG00000022991	3	2	17
ENSPNYG00000022992	0	0	0
ENSPNYG00000022993	0	0	0
ENSPNYG00000022994	1	1	1
ENSPNYG00000022995	0	0	0
ENSPNYG00000022996	7	5	7
ENSPNYG00000022997	1	1	0
ENSPNYG00000022998	0	0	0
ENSPNYG00000022999	0	0	0
ENSPNYG00000023000	37	64	84
ENSPNYG00000023001	1	1	4
ENSPNYG00000023002	1	1	5
ENSPNYG00000023003	38	0	0
ENSPNYG00000023004	2	3	8
ENSPNYG00000023005	53	30	30
ENSPNYG00000023006	0	0	0
ENSPNYG00000023007	2	1	6
ENSPNYG00000023008	0	0	0
ENSPNYG00000023009	1	1	0
ENSPNYG00000023010	0	0	2
ENSPNYG00000023011	2	6	6
ENSPNYG00000023012	1	0	2
ENSPNYG00000023013	6	6	9
ENSPNYG00000023014	0	0	0
ENSPNYG00000023015	0	2	4
ENSPNYG00000023016	5	2	0
ENSPNYG00000023017	0	0	0
ENSPNYG00000023018	0	0	0
ENSPNYG00000023019	2	0	0
ENSPNYG00000023020	12	5	6
ENSPNYG00000023021	12	2	9
ENSPNYG00000023022	0	0	0
ENSPNYG00000023023	5	9	3
ENSPNYG00000023024	16	6	6
ENSPNYG00000023025	17	7	10
ENSPNYG00000023026	2	0	1
ENSPNYG00000023027	1	2	2
ENSPNYG00000023028	1	1	1
ENSPNYG00000023029	0	0	1
ENSPNYG00000023030	0	1	2
ENSPNYG00000023031	16	11	7
ENSPNYG00000023032	0	0	0
ENSPNYG00000023033	5	1	4
ENSPNYG00000023034	0	0	0
ENSPNYG00000023035	3	4	3
ENSPNYG00000023036	3	6	2
ENSPNYG00000023037	2	5	3
ENSPNYG00000023038	1	0	2
ENSPNYG00000023039	0	0	0
ENSPNYG00000023040	2	0	0
ENSPNYG00000023041	0	0	0
ENSPNYG00000023042	8	9	5
ENSPNYG00000023043	3	4	3
ENSPNYG00000023044	86	42	52
ENSPNYG00000023045	0	0	0
ENSPNYG00000023046	3	3	2
ENSPNYG00000023047	0	0	0
ENSPNYG00000023048	0	0	0
ENSPNYG00000023049	1	2	0
ENSPNYG00000023050	0	0	0
ENSPNYG00000023051	221	147	205
ENSPNYG00000023052	3	0	1
ENSPNYG00000023053	3	3	0
ENSPNYG00000023054	0	0	0
ENSPNYG00000023055	697	304	725
ENSPNYG00000023056	0	0	0
ENSPNYG00000023057	0	0	1
ENSPNYG00000023058	1091	3841	5787
ENSPNYG00000023059	0	0	0
ENSPNYG00000023060	5	8	9
ENSPNYG00000023061	13	7	9
ENSPNYG00000023062	0	0	1
ENSPNYG00000023063	6	4	18
ENSPNYG00000023064	0	0	1
ENSPNYG00000023065	0	0	0
ENSPNYG00000023066	1	0	0
ENSPNYG00000023067	1	1	0
ENSPNYG00000023068	0	0	0
ENSPNYG00000023069	0	0	0
ENSPNYG00000023070	5	0	2
ENSPNYG00000023071	0	0	0
ENSPNYG00000023072	34	4	32
ENSPNYG00000023073	86	78	70
ENSPNYG00000023074	6	3	2
ENSPNYG00000023075	1	0	0
ENSPNYG00000023076	3	3	3
ENSPNYG00000023077	0	1	3
ENSPNYG00000023078	16	14	14
ENSPNYG00000023079	3	0	0
ENSPNYG00000023080	5	6	8
ENSPNYG00000023081	0	0	0
ENSPNYG00000023082	0	0	0
ENSPNYG00000023083	5	3	6
ENSPNYG00000023084	0	0	0
ENSPNYG00000023085	0	0	0
ENSPNYG00000023086	0	0	0
ENSPNYG00000023087	0	1	0
ENSPNYG00000023088	2	5	3
ENSPNYG00000023089	0	0	0
ENSPNYG00000023090	3	0	0
ENSPNYG00000023091	15	22	7
ENSPNYG00000023092	161	107	92
ENSPNYG00000023093	13	2	12
ENSPNYG00000023094	1	1	1
ENSPNYG00000023095	2	4	4
ENSPNYG00000023096	0	0	0
ENSPNYG00000023097	0	0	0
ENSPNYG00000023098	1	1	2
ENSPNYG00000023099	0	0	0
ENSPNYG00000023100	1	0	2
ENSPNYG00000023101	1	1	2
ENSPNYG00000023102	2	1	0
ENSPNYG00000023103	0	3	3
ENSPNYG00000023104	8	8	13
ENSPNYG00000023105	0	0	1
ENSPNYG00000023106	1	0	1
ENSPNYG00000023107	0	0	0
ENSPNYG00000023108	3	1	3
ENSPNYG00000023109	312	112	108
ENSPNYG00000023110	406	226	282
ENSPNYG00000023111	5	14	14
ENSPNYG00000023112	1	1	0
ENSPNYG00000023113	5	2	4
ENSPNYG00000023114	325	241	419
ENSPNYG00000023115	3	5	3
ENSPNYG00000023116	20	23	35
ENSPNYG00000023117	0	0	0
ENSPNYG00000023118	32	22	27
ENSPNYG00000023119	1	0	3
ENSPNYG00000023120	0	0	0
ENSPNYG00000023121	13	19	28
ENSPNYG00000023122	8	6	18
ENSPNYG00000023123	4	1	0
ENSPNYG00000023124	155	336	327
ENSPNYG00000023125	2	6	5
ENSPNYG00000023126	39	12	11
ENSPNYG00000023127	0	0	1
ENSPNYG00000023128	21	36	20
ENSPNYG00000023129	4	3	0
ENSPNYG00000023130	7	4	4
ENSPNYG00000023131	7	0	0
ENSPNYG00000023132	0	0	0
ENSPNYG00000023133	1	0	2
ENSPNYG00000023134	2	0	1
ENSPNYG00000023135	7	4	8
ENSPNYG00000023136	26	24	14
ENSPNYG00000023137	3	1	0
ENSPNYG00000023138	0	1	0
ENSPNYG00000023139	0	2	0
ENSPNYG00000023140	226	118	134
ENSPNYG00000023141	0	0	4
ENSPNYG00000023142	2	0	0
ENSPNYG00000023143	2	1	4
ENSPNYG00000023144	0	0	0
ENSPNYG00000023145	0	0	0
ENSPNYG00000023146	28	37	12
ENSPNYG00000023147	1	1	2
ENSPNYG00000023148	52	64	40
ENSPNYG00000023149	7	0	4
ENSPNYG00000023150	4	3	2
ENSPNYG00000023151	1	2	2
ENSPNYG00000023152	1	3	7
ENSPNYG00000023153	2	0	0
ENSPNYG00000023154	0	4	3
ENSPNYG00000023155	0	0	0
ENSPNYG00000023156	53	166	167
ENSPNYG00000023157	0	1	3
ENSPNYG00000023158	1	1	0
ENSPNYG00000023159	2	0	1
ENSPNYG00000023160	0	0	0
ENSPNYG00000023161	0	0	1
ENSPNYG00000023162	0	0	0
ENSPNYG00000023163	3	2	4
ENSPNYG00000023164	6	1	2
ENSPNYG00000023165	2	0	1
ENSPNYG00000023166	0	0	0
ENSPNYG00000023167	90	122	99
ENSPNYG00000023168	0	0	0
ENSPNYG00000023169	0	2	1
ENSPNYG00000023170	16	14	10
ENSPNYG00000023171	3	2	0
ENSPNYG00000023172	0	0	4
ENSPNYG00000023173	1	0	0
ENSPNYG00000023174	4	4	4
ENSPNYG00000023175	2	0	1
ENSPNYG00000023176	4	4	2
ENSPNYG00000023177	14	13	11
ENSPNYG00000023178	0	0	1
ENSPNYG00000023179	1	0	0
ENSPNYG00000023180	2	2	7
ENSPNYG00000023181	0	0	0
ENSPNYG00000023182	23	16	9
ENSPNYG00000023183	2	0	0
ENSPNYG00000023184	0	0	0
ENSPNYG00000023185	1	0	1
ENSPNYG00000023186	1	0	0
ENSPNYG00000023187	0	0	0
ENSPNYG00000023188	4	1	8
ENSPNYG00000023189	6	5	7
ENSPNYG00000023190	2	0	0
ENSPNYG00000023191	0	0	0
ENSPNYG00000023192	6	9	15
ENSPNYG00000023193	0	0	0
ENSPNYG00000023194	0	0	0
ENSPNYG00000023195	1	0	0
ENSPNYG00000023196	10	11	12
ENSPNYG00000023197	4	0	2
ENSPNYG00000023198	3	4	0
ENSPNYG00000023199	0	0	0
ENSPNYG00000023200	0	0	0
ENSPNYG00000023201	0	0	0
ENSPNYG00000023202	0	0	0
ENSPNYG00000023203	2	0	0
ENSPNYG00000023204	0	2	1
ENSPNYG00000023205	7	1	6
ENSPNYG00000023206	2	1	0
ENSPNYG00000023207	0	1	0
ENSPNYG00000023208	6	4	9
ENSPNYG00000023209	2	3	3
ENSPNYG00000023210	4	2	4
ENSPNYG00000023211	5	5	5
ENSPNYG00000023212	3	1	6
ENSPNYG00000023213	12	23	18
ENSPNYG00000023214	1232	1046	731
ENSPNYG00000023215	2	1	2
ENSPNYG00000023216	0	0	0
ENSPNYG00000023217	0	1	1
ENSPNYG00000023218	0	0	0
ENSPNYG00000023219	5	2	6
ENSPNYG00000023220	7	3	7
ENSPNYG00000023221	1	0	0
ENSPNYG00000023222	1	0	0
ENSPNYG00000023223	455	503	553
ENSPNYG00000023224	0	0	0
ENSPNYG00000023225	0	2	4
ENSPNYG00000023226	955	711	852
ENSPNYG00000023227	0	2	0
ENSPNYG00000023228	0	0	0
ENSPNYG00000023229	0	0	2
ENSPNYG00000023230	0	1	1
ENSPNYG00000023231	3	0	1
ENSPNYG00000023232	15	13	3
ENSPNYG00000023233	4	0	0
ENSPNYG00000023234	0	0	1
ENSPNYG00000023235	3	0	2
ENSPNYG00000023236	1	5	1
ENSPNYG00000023237	2	2	0
ENSPNYG00000023238	0	1	2
ENSPNYG00000023239	9	5	3
ENSPNYG00000023240	39	75	104
ENSPNYG00000023241	1	2	1
ENSPNYG00000023242	0	1	0
ENSPNYG00000023243	0	0	0
ENSPNYG00000023244	1	4	2
ENSPNYG00000023245	0	1	2
ENSPNYG00000023246	0	0	0
ENSPNYG00000023247	9	14	12
ENSPNYG00000023248	0	0	0
ENSPNYG00000023249	1	0	2
ENSPNYG00000023250	4	0	4
ENSPNYG00000023251	0	0	0
ENSPNYG00000023252	0	0	0
ENSPNYG00000023253	96	32	66
ENSPNYG00000023254	1	0	61
ENSPNYG00000023255	0	2	0
ENSPNYG00000023256	0	0	0
ENSPNYG00000023257	0	0	0
ENSPNYG00000023258	21	65	58
ENSPNYG00000023259	19	8	5
ENSPNYG00000023260	5	0	6
ENSPNYG00000023261	2	0	0
ENSPNYG00000023262	112	114	74
ENSPNYG00000023263	3	3	3
ENSPNYG00000023264	1	1	4
ENSPNYG00000023265	0	0	1
ENSPNYG00000023266	0	0	0
ENSPNYG00000023267	1	0	0
ENSPNYG00000023268	2	5	0
ENSPNYG00000023269	2	3	3
ENSPNYG00000023270	0	0	0
ENSPNYG00000023271	1	2	0
ENSPNYG00000023272	19	11	25
ENSPNYG00000023273	196	597	720
ENSPNYG00000023274	0	0	0
ENSPNYG00000023275	0	0	0
ENSPNYG00000023276	5	1	1
ENSPNYG00000023277	0	0	0
ENSPNYG00000023278	0	0	0
ENSPNYG00000023279	2	2	0
ENSPNYG00000023280	0	0	0
ENSPNYG00000023281	6	10	11
ENSPNYG00000023282	0	0	0
ENSPNYG00000023283	0	0	0
ENSPNYG00000023284	4	3	3
ENSPNYG00000023285	35	10	11
ENSPNYG00000023286	0	1	2
ENSPNYG00000023287	1	0	1
ENSPNYG00000023288	11	10	21
ENSPNYG00000023289	3	2	3
ENSPNYG00000023290	0	2	1
ENSPNYG00000023291	1312	1081	1150
ENSPNYG00000023292	0	0	0
ENSPNYG00000023293	17	10	9
ENSPNYG00000023294	3	0	0
ENSPNYG00000023295	192	218	373
ENSPNYG00000023296	0	0	0
ENSPNYG00000023297	0	0	0
ENSPNYG00000023298	3	2	6
ENSPNYG00000023299	0	0	0
ENSPNYG00000023300	0	0	0
ENSPNYG00000023301	0	0	0
ENSPNYG00000023302	0	0	0
ENSPNYG00000023303	7	11	14
ENSPNYG00000023304	1	1	1
ENSPNYG00000023305	0	0	0
ENSPNYG00000023306	0	0	0
ENSPNYG00000023307	0	0	1
ENSPNYG00000023308	0	0	0
ENSPNYG00000023309	0	0	0
ENSPNYG00000023310	1000	622	1077
ENSPNYG00000023311	6	0	1
ENSPNYG00000023312	0	0	0
ENSPNYG00000023313	0	0	0
ENSPNYG00000023314	0	0	2
ENSPNYG00000023315	0	0	0
ENSPNYG00000023316	4	4	3
ENSPNYG00000023317	0	0	0
ENSPNYG00000023318	16	15	16
ENSPNYG00000023319	1	4	1
ENSPNYG00000023320	0	0	0
ENSPNYG00000023321	0	0	0
ENSPNYG00000023322	0	0	0
ENSPNYG00000023323	5	1	4
ENSPNYG00000023324	0	0	0
ENSPNYG00000023325	0	0	1
ENSPNYG00000023326	0	0	0
ENSPNYG00000023327	0	1	0
ENSPNYG00000023328	15	10	18
ENSPNYG00000023329	0	0	0
ENSPNYG00000023330	0	0	0
ENSPNYG00000023331	0	0	0
ENSPNYG00000023332	0	0	0
ENSPNYG00000023333	6	6	8
ENSPNYG00000023334	0	0	0
ENSPNYG00000023335	0	0	0
ENSPNYG00000023336	0	0	2
ENSPNYG00000023337	0	0	0
ENSPNYG00000023338	0	0	0
ENSPNYG00000023339	0	0	0
ENSPNYG00000023340	0	0	0
ENSPNYG00000023341	3	0	1
ENSPNYG00000023342	0	0	0
ENSPNYG00000023343	5	2	4
ENSPNYG00000023344	0	0	0
ENSPNYG00000023345	0	0	0
ENSPNYG00000023346	0	1	0
ENSPNYG00000023347	0	0	0
ENSPNYG00000023348	0	0	0
ENSPNYG00000023349	0	0	0
ENSPNYG00000023350	2	5	3
ENSPNYG00000023351	0	0	0
ENSPNYG00000023352	0	0	0
ENSPNYG00000023353	0	0	0
ENSPNYG00000023354	1	0	0
ENSPNYG00000023355	0	4	2
ENSPNYG00000023356	16	8	20
ENSPNYG00000023357	0	0	0
ENSPNYG00000023358	0	0	0
ENSPNYG00000023359	0	0	0
ENSPNYG00000023360	2	8	10
ENSPNYG00000023361	0	0	1
ENSPNYG00000023362	1	0	0
ENSPNYG00000023363	0	0	1
ENSPNYG00000023364	0	0	0
ENSPNYG00000023365	129	256	176
ENSPNYG00000023366	0	0	0
ENSPNYG00000023367	0	0	0
ENSPNYG00000023368	0	0	0
ENSPNYG00000023369	8	3	3
ENSPNYG00000023370	0	0	0
ENSPNYG00000023371	0	0	0
ENSPNYG00000023372	0	0	0
ENSPNYG00000023373	1	0	0
ENSPNYG00000023374	1	0	0
ENSPNYG00000023375	0	0	0
ENSPNYG00000023376	0	1	0
ENSPNYG00000023377	0	0	0
ENSPNYG00000023378	0	0	0
ENSPNYG00000023379	0	0	0
ENSPNYG00000023380	2	0	0
ENSPNYG00000023381	0	0	0
ENSPNYG00000023382	8	6	4
ENSPNYG00000023383	0	0	0
ENSPNYG00000023384	0	0	0
ENSPNYG00000023385	11	10	5
ENSPNYG00000023386	0	0	0
ENSPNYG00000023387	0	0	0
ENSPNYG00000023388	5	1	4
ENSPNYG00000023389	0	0	0
ENSPNYG00000023390	0	0	0
ENSPNYG00000023391	1	0	0
ENSPNYG00000023392	0	0	0
ENSPNYG00000023393	0	0	0
ENSPNYG00000023394	0	0	1
ENSPNYG00000023395	0	0	0
ENSPNYG00000023396	0	0	0
ENSPNYG00000023397	0	0	0
ENSPNYG00000023398	0	0	0
ENSPNYG00000023399	0	0	0
ENSPNYG00000023400	0	0	0
ENSPNYG00000023401	1428	1408	956
ENSPNYG00000023402	0	0	0
ENSPNYG00000023403	0	0	0
ENSPNYG00000023404	0	0	0
ENSPNYG00000023405	0	0	0
ENSPNYG00000023406	0	0	0
ENSPNYG00000023407	0	0	2
ENSPNYG00000023408	159	153	172
ENSPNYG00000023409	0	0	0
ENSPNYG00000023410	0	0	0
ENSPNYG00000023411	0	0	1
ENSPNYG00000023412	0	0	0
ENSPNYG00000023413	0	0	0
ENSPNYG00000023414	0	1	0
ENSPNYG00000023415	0	0	0
ENSPNYG00000023416	97	54	112
ENSPNYG00000023417	0	0	0
ENSPNYG00000023418	0	0	0
ENSPNYG00000023419	970	729	573
ENSPNYG00000023420	0	0	0
ENSPNYG00000023421	0	0	0
ENSPNYG00000023422	0	1	4
ENSPNYG00000023423	0	0	0
ENSPNYG00000023424	0	0	0
ENSPNYG00000023425	0	0	0
ENSPNYG00000023426	0	0	0
ENSPNYG00000023427	0	0	0
ENSPNYG00000023428	0	0	0
ENSPNYG00000023429	0	0	0
ENSPNYG00000023430	0	0	0
ENSPNYG00000023431	0	0	0
ENSPNYG00000023432	0	0	0
ENSPNYG00000023433	0	0	2
ENSPNYG00000023434	0	0	0
ENSPNYG00000023435	12	12	3
ENSPNYG00000023436	0	0	0
ENSPNYG00000023437	0	0	4
ENSPNYG00000023438	0	0	0
ENSPNYG00000023439	0	0	0
ENSPNYG00000023440	0	2	1
ENSPNYG00000023441	0	0	0
ENSPNYG00000023442	0	0	0
ENSPNYG00000023443	0	0	0
ENSPNYG00000023444	0	0	0
ENSPNYG00000023445	0	0	0
ENSPNYG00000023446	10	12	13
ENSPNYG00000023447	3	2	5
ENSPNYG00000023448	1	0	0
ENSPNYG00000023449	0	0	0
ENSPNYG00000023450	0	0	0
ENSPNYG00000023451	1	0	1
ENSPNYG00000023452	0	0	0
ENSPNYG00000023453	0	0	0
ENSPNYG00000023454	0	0	0
ENSPNYG00000023455	0	0	0
ENSPNYG00000023456	231	330	472
ENSPNYG00000023457	0	1	2
ENSPNYG00000023458	6	9	7
ENSPNYG00000023459	0	0	0
ENSPNYG00000023460	5	1	2
ENSPNYG00000023461	0	0	0
ENSPNYG00000023462	6	10	11
ENSPNYG00000023463	2	2	3
ENSPNYG00000023464	1	0	0
ENSPNYG00000023465	5	14	16
ENSPNYG00000023466	1	2	1
ENSPNYG00000023467	0	0	0
ENSPNYG00000023468	0	0	0
ENSPNYG00000023469	2	13	12
ENSPNYG00000023470	379	333	351
ENSPNYG00000023471	0	0	0
ENSPNYG00000023472	0	0	0
ENSPNYG00000023473	4	0	2
ENSPNYG00000023474	5	3	2
ENSPNYG00000023475	0	0	0
ENSPNYG00000023476	0	0	0
ENSPNYG00000023477	1	0	1
ENSPNYG00000023478	1	1	1
ENSPNYG00000023479	1	3	0
ENSPNYG00000023480	0	0	0
ENSPNYG00000023481	1	0	0
ENSPNYG00000023482	0	0	2
ENSPNYG00000023483	0	0	0
ENSPNYG00000023484	0	0	0
ENSPNYG00000023485	0	0	1
ENSPNYG00000023486	0	0	0
ENSPNYG00000023487	0	0	0
ENSPNYG00000023488	21	16	9
ENSPNYG00000023489	0	0	0
ENSPNYG00000023490	4	8	8
ENSPNYG00000023491	0	0	0
ENSPNYG00000023492	211	240	252
ENSPNYG00000023493	0	0	6
ENSPNYG00000023494	0	0	2
ENSPNYG00000023495	1	0	2
ENSPNYG00000023496	0	0	1
ENSPNYG00000023497	2	1	1
ENSPNYG00000023498	0	0	0
ENSPNYG00000023499	1386	1496	4794
ENSPNYG00000023500	4	0	6
ENSPNYG00000023501	7	9	11
ENSPNYG00000023502	4	1	3
ENSPNYG00000023503	3	0	0
ENSPNYG00000023504	500	366	480
ENSPNYG00000023505	1	0	1
ENSPNYG00000023506	0	0	1
ENSPNYG00000023507	0	0	1
ENSPNYG00000023508	1	1	1
ENSPNYG00000023509	2	1	17
ENSPNYG00000023510	0	0	0
ENSPNYG00000023511	0	0	0
ENSPNYG00000023512	0	0	0
ENSPNYG00000023513	5	3	3
ENSPNYG00000023514	0	0	0
ENSPNYG00000023515	0	0	0
ENSPNYG00000023516	0	0	0
ENSPNYG00000023517	50	46	83
ENSPNYG00000023518	0	0	0
ENSPNYG00000023519	11	0	1
ENSPNYG00000023520	0	0	0
ENSPNYG00000023521	3	0	3
ENSPNYG00000023522	2	0	1
ENSPNYG00000023523	4	0	0
ENSPNYG00000023524	4	5	8
ENSPNYG00000023525	5	2	0
ENSPNYG00000023526	5	2	13
ENSPNYG00000023527	0	0	0
ENSPNYG00000023528	1	2	0
ENSPNYG00000023529	0	0	0
ENSPNYG00000023530	335	434	270
ENSPNYG00000023531	0	0	0
ENSPNYG00000023532	0	0	0
ENSPNYG00000023533	0	0	0
ENSPNYG00000023534	0	2	0
ENSPNYG00000023535	0	1	0
ENSPNYG00000023536	2	7	2
ENSPNYG00000023537	1	0	0
ENSPNYG00000023538	0	0	0
ENSPNYG00000023539	0	0	0
ENSPNYG00000023540	0	0	0
ENSPNYG00000023541	14	12	8
ENSPNYG00000023542	0	5	0
ENSPNYG00000023543	27	29	30
ENSPNYG00000023544	0	0	0
ENSPNYG00000023545	0	0	0
ENSPNYG00000023546	0	0	0
ENSPNYG00000023547	0	0	0
ENSPNYG00000023548	4	8	13
ENSPNYG00000023549	0	0	0
ENSPNYG00000023550	0	0	0
ENSPNYG00000023551	2	0	0
ENSPNYG00000023552	0	2	0
ENSPNYG00000023553	5	2	7
ENSPNYG00000023554	452	263	346
ENSPNYG00000023555	1	6	0
ENSPNYG00000023556	0	0	2
ENSPNYG00000023557	4	1	4
ENSPNYG00000023558	14	9	7
ENSPNYG00000023559	1	0	0
ENSPNYG00000023560	0	0	3
ENSPNYG00000023561	7	5	0
ENSPNYG00000023562	0	0	0
ENSPNYG00000023563	0	0	0
ENSPNYG00000023564	0	0	0
ENSPNYG00000023565	13	11	9
ENSPNYG00000023566	0	0	0
ENSPNYG00000023567	2	1	0
ENSPNYG00000023568	7	1	5
ENSPNYG00000023569	0	0	0
ENSPNYG00000023570	2	3	2
ENSPNYG00000023571	6	0	8
ENSPNYG00000023572	0	0	0
ENSPNYG00000023573	0	0	0
ENSPNYG00000023574	0	0	0
ENSPNYG00000023575	0	0	0
ENSPNYG00000023576	0	0	0
ENSPNYG00000023577	0	0	0
ENSPNYG00000023578	9	3	12
ENSPNYG00000023579	0	0	0
ENSPNYG00000023580	0	0	0
ENSPNYG00000023581	1	5	0
ENSPNYG00000023582	0	0	0
ENSPNYG00000023583	0	0	0
ENSPNYG00000023584	0	0	0
ENSPNYG00000023585	1	2	10
ENSPNYG00000023586	1	12	0
ENSPNYG00000023587	3	0	0
ENSPNYG00000023588	1149	853	1488
ENSPNYG00000023589	0	0	0
ENSPNYG00000023590	2	0	1
ENSPNYG00000023591	0	0	4
ENSPNYG00000023592	0	0	0
ENSPNYG00000023593	0	0	0
ENSPNYG00000023594	7	11	13
ENSPNYG00000023595	0	0	0
ENSPNYG00000023596	7	0	13
ENSPNYG00000023597	0	0	1
ENSPNYG00000023598	0	0	0
ENSPNYG00000023599	3	0	1
ENSPNYG00000023600	0	0	0
ENSPNYG00000023601	0	0	0
ENSPNYG00000023602	0	0	0
ENSPNYG00000023603	32	25	125
ENSPNYG00000023604	0	0	0
ENSPNYG00000023605	1	0	0
ENSPNYG00000023606	1	0	0
ENSPNYG00000023607	0	0	0
ENSPNYG00000023608	1	1	0
ENSPNYG00000023609	0	1	6
ENSPNYG00000023610	0	0	0
ENSPNYG00000023611	0	0	1
ENSPNYG00000023612	0	0	0
ENSPNYG00000023613	0	0	0
ENSPNYG00000023614	0	0	0
ENSPNYG00000023615	0	0	0
ENSPNYG00000023616	10	2	3
ENSPNYG00000023617	10	5	4
ENSPNYG00000023618	2	0	0
ENSPNYG00000023619	8	7	10
ENSPNYG00000023620	2	2	2
ENSPNYG00000023621	3	2	2
ENSPNYG00000023622	0	0	0
ENSPNYG00000023623	0	1	0
ENSPNYG00000023624	4	8	7
ENSPNYG00000023625	8	0	4
ENSPNYG00000023626	1	0	0
ENSPNYG00000023627	0	1	1
ENSPNYG00000023628	0	0	0
ENSPNYG00000023629	0	0	0
ENSPNYG00000023630	1	0	0
ENSPNYG00000023631	0	4	2
ENSPNYG00000023632	4	3	2
ENSPNYG00000023633	0	0	0
ENSPNYG00000023634	1	0	1
ENSPNYG00000023635	0	0	0
ENSPNYG00000023636	0	0	0
ENSPNYG00000023637	2	0	0
ENSPNYG00000023638	0	0	0
ENSPNYG00000023639	0	15	0
ENSPNYG00000023640	0	0	0
ENSPNYG00000023641	0	0	0
ENSPNYG00000023642	7	2	7
ENSPNYG00000023643	0	0	0
ENSPNYG00000023644	0	0	0
ENSPNYG00000023645	0	0	0
ENSPNYG00000023646	0	0	0
ENSPNYG00000023647	1	0	1
ENSPNYG00000023648	0	0	0
ENSPNYG00000023649	4	29	17
ENSPNYG00000023650	25	78	70
ENSPNYG00000023651	2	1	1
ENSPNYG00000023652	0	0	0
ENSPNYG00000023653	1	0	0
ENSPNYG00000023654	0	0	0
ENSPNYG00000023655	0	0	0
ENSPNYG00000023656	3	4	4
ENSPNYG00000023657	0	0	0
ENSPNYG00000023658	0	0	0
ENSPNYG00000023659	1	2	2
ENSPNYG00000023660	14	10	18
ENSPNYG00000023661	0	0	0
ENSPNYG00000023662	0	0	0
ENSPNYG00000023663	0	0	0
ENSPNYG00000023664	0	1	0
ENSPNYG00000023665	1	0	0
ENSPNYG00000023666	0	0	0
ENSPNYG00000023667	0	0	0
ENSPNYG00000023668	0	0	0
ENSPNYG00000023669	2	0	1
ENSPNYG00000023670	0	0	0
ENSPNYG00000023671	0	0	0
ENSPNYG00000023672	0	0	0
ENSPNYG00000023673	0	1	0
ENSPNYG00000023674	0	0	0
ENSPNYG00000023675	0	0	0
ENSPNYG00000023676	0	0	1
ENSPNYG00000023677	0	2	1
ENSPNYG00000023678	7	10	16
ENSPNYG00000023679	1	0	0
ENSPNYG00000023680	0	0	0
ENSPNYG00000023681	3	2	1
ENSPNYG00000023682	0	0	0
ENSPNYG00000023683	0	0	2
ENSPNYG00000023684	0	0	0
ENSPNYG00000023685	0	1	1
ENSPNYG00000023686	0	0	0
ENSPNYG00000023687	0	0	0
ENSPNYG00000023688	0	0	0
ENSPNYG00000023689	1	0	0
ENSPNYG00000023690	1	3	0
ENSPNYG00000023691	1	0	1
ENSPNYG00000023692	0	0	0
ENSPNYG00000023693	0	0	0
ENSPNYG00000023694	0	0	2
ENSPNYG00000023695	0	0	0
ENSPNYG00000023696	0	0	0
ENSPNYG00000023697	0	0	0
ENSPNYG00000023698	0	0	0
ENSPNYG00000023699	0	0	0
ENSPNYG00000023700	0	0	0
ENSPNYG00000023701	8	3	8
ENSPNYG00000023702	2	0	3
ENSPNYG00000023703	0	0	0
ENSPNYG00000023704	0	0	0
ENSPNYG00000023705	2	0	0
ENSPNYG00000023706	2	0	1
ENSPNYG00000023707	8	3	1
ENSPNYG00000023708	2	0	1
ENSPNYG00000023709	0	0	0
ENSPNYG00000023710	0	0	0
ENSPNYG00000023711	0	0	0
ENSPNYG00000023712	1	1	2
ENSPNYG00000023713	3	2	4
ENSPNYG00000023714	3	2	6
ENSPNYG00000023715	0	0	0
ENSPNYG00000023716	0	0	0
ENSPNYG00000023717	0	0	0
ENSPNYG00000023718	0	0	0
ENSPNYG00000023719	0	0	0
ENSPNYG00000023720	0	0	0
ENSPNYG00000023721	0	0	0
ENSPNYG00000023722	2	7	0
ENSPNYG00000023723	0	0	0
ENSPNYG00000023724	4	14	2
ENSPNYG00000023725	0	0	0
ENSPNYG00000023726	0	0	0
ENSPNYG00000023727	0	0	0
ENSPNYG00000023728	0	0	0
ENSPNYG00000023729	0	0	0
ENSPNYG00000023730	0	0	0
ENSPNYG00000023731	0	0	0
ENSPNYG00000023732	0	0	0
ENSPNYG00000023733	0	0	0
ENSPNYG00000023734	0	0	0
ENSPNYG00000023735	0	0	0
ENSPNYG00000023736	0	0	0
ENSPNYG00000023737	0	0	0
ENSPNYG00000023738	0	0	0
ENSPNYG00000023739	0	0	0
ENSPNYG00000023740	0	0	0
ENSPNYG00000023741	0	0	0
ENSPNYG00000023742	0	0	0
ENSPNYG00000023743	0	0	2
ENSPNYG00000023744	0	0	0
ENSPNYG00000023745	1	0	0
ENSPNYG00000023746	3	1	3
ENSPNYG00000023747	0	0	2
ENSPNYG00000023748	0	0	0
ENSPNYG00000023749	0	0	0
ENSPNYG00000023750	38	58	22
ENSPNYG00000023751	0	0	0
ENSPNYG00000023752	0	0	0
ENSPNYG00000023753	0	3	3
ENSPNYG00000023754	0	0	0
ENSPNYG00000023755	0	0	0
ENSPNYG00000023756	0	0	0
ENSPNYG00000023757	3	0	0
ENSPNYG00000023758	0	0	0
ENSPNYG00000023759	7	8	9
ENSPNYG00000023760	2	0	0
ENSPNYG00000023761	3	0	0
ENSPNYG00000023762	0	0	5
ENSPNYG00000023763	0	0	0
ENSPNYG00000023764	0	0	0
ENSPNYG00000023765	0	0	0
ENSPNYG00000023766	4	1	4
ENSPNYG00000023767	28	24	20
ENSPNYG00000023768	0	0	0
ENSPNYG00000023769	561	247	448
ENSPNYG00000023770	2	0	3
ENSPNYG00000023771	0	0	0
ENSPNYG00000023772	0	0	0
ENSPNYG00000023773	0	0	0
ENSPNYG00000023774	2	2	7
ENSPNYG00000023775	27	9	9
ENSPNYG00000023776	528	426	528
ENSPNYG00000023777	0	0	1
ENSPNYG00000023778	3	0	0
ENSPNYG00000023779	0	0	0
ENSPNYG00000023780	0	0	1
ENSPNYG00000023781	1	1	0
ENSPNYG00000023782	0	0	0
ENSPNYG00000023783	0	0	0
ENSPNYG00000023784	2	3	6
ENSPNYG00000023785	1	0	0
ENSPNYG00000023786	0	0	0
ENSPNYG00000023787	0	0	0
ENSPNYG00000023788	0	0	0
ENSPNYG00000023789	1	0	6
ENSPNYG00000023790	0	0	0
ENSPNYG00000023791	0	0	0
ENSPNYG00000023792	8	5	2
ENSPNYG00000023793	347	448	476
ENSPNYG00000023794	0	1	1
ENSPNYG00000023795	0	1	6
ENSPNYG00000023796	1767	3738	3317
ENSPNYG00000023797	0	1	1
ENSPNYG00000023798	1	0	0
ENSPNYG00000023799	1	1	2
ENSPNYG00000023800	0	0	0
ENSPNYG00000023801	0	2	0
ENSPNYG00000023802	0	0	0
ENSPNYG00000023803	0	0	0
ENSPNYG00000023804	2	0	1
ENSPNYG00000023805	0	0	0
ENSPNYG00000023806	1	0	4
ENSPNYG00000023807	3	2	0
ENSPNYG00000023808	0	0	0
ENSPNYG00000023809	0	0	0
ENSPNYG00000023810	0	0	0
ENSPNYG00000023811	6	8	10
ENSPNYG00000023812	11	4	7
ENSPNYG00000023813	0	0	0
ENSPNYG00000023814	0	0	3
ENSPNYG00000023815	0	0	0
ENSPNYG00000023816	0	0	0
ENSPNYG00000023817	1	7	6
ENSPNYG00000023818	0	0	1
ENSPNYG00000023819	0	0	0
ENSPNYG00000023820	0	0	0
ENSPNYG00000023821	0	0	0
ENSPNYG00000023822	0	0	0
ENSPNYG00000023823	0	0	0
ENSPNYG00000023824	0	0	1
ENSPNYG00000023825	0	0	0
ENSPNYG00000023826	3	1	1
ENSPNYG00000023827	11	23	23
ENSPNYG00000023828	3	0	2
ENSPNYG00000023829	0	0	0
ENSPNYG00000023830	7	1	10
ENSPNYG00000023831	4	0	7
ENSPNYG00000023832	1	1	5
ENSPNYG00000023833	0	0	0
ENSPNYG00000023834	0	0	0
ENSPNYG00000023835	1	1	3
ENSPNYG00000023836	9	5	1
ENSPNYG00000023837	0	0	0
ENSPNYG00000023838	0	0	1
ENSPNYG00000023839	0	0	4
ENSPNYG00000023840	0	0	0
ENSPNYG00000023841	0	0	0
ENSPNYG00000023842	0	0	0
ENSPNYG00000023843	0	0	0
ENSPNYG00000023844	0	2	0
ENSPNYG00000023845	0	0	0
ENSPNYG00000023846	0	0	0
ENSPNYG00000023847	0	0	0
ENSPNYG00000023848	0	0	0
ENSPNYG00000023849	0	0	1
ENSPNYG00000023850	0	0	0
ENSPNYG00000023851	0	0	0
ENSPNYG00000023852	1	0	0
ENSPNYG00000023853	0	0	0
ENSPNYG00000023854	4	2	2
ENSPNYG00000023855	0	0	0
ENSPNYG00000023856	0	0	0
ENSPNYG00000023857	57	20	41
ENSPNYG00000023858	8	13	13
ENSPNYG00000023859	0	0	1
ENSPNYG00000023860	3	0	0
ENSPNYG00000023861	6	4	7
ENSPNYG00000023862	4	1	13
ENSPNYG00000023863	0	0	0
ENSPNYG00000023864	0	0	0
ENSPNYG00000023865	0	0	2
ENSPNYG00000023866	0	0	0
ENSPNYG00000023867	0	0	0
ENSPNYG00000023868	1	0	0
ENSPNYG00000023869	1	5	2
ENSPNYG00000023870	2	0	0
ENSPNYG00000023871	0	0	0
ENSPNYG00000023872	0	0	2
ENSPNYG00000023873	0	0	0
ENSPNYG00000023874	0	0	0
ENSPNYG00000023875	3	2	5
ENSPNYG00000023876	0	0	0
ENSPNYG00000023877	0	0	0
ENSPNYG00000023878	22	42	33
ENSPNYG00000023879	3	6	0
ENSPNYG00000023880	0	0	0
ENSPNYG00000023881	15	8	12
ENSPNYG00000023882	0	0	0
ENSPNYG00000023883	0	0	3
ENSPNYG00000023884	42	50	36
ENSPNYG00000023885	1	1	4
ENSPNYG00000023886	6	1	8
ENSPNYG00000023887	0	0	3
ENSPNYG00000023888	126	124	266
ENSPNYG00000023889	0	0	0
ENSPNYG00000023890	0	0	0
ENSPNYG00000023891	0	0	0
ENSPNYG00000023892	1	0	0
ENSPNYG00000023893	0	0	0
ENSPNYG00000023894	0	0	0
ENSPNYG00000023895	5	25	20
ENSPNYG00000023896	0	0	0
ENSPNYG00000023897	0	0	0
ENSPNYG00000023898	0	1	2
ENSPNYG00000023899	0	0	0
ENSPNYG00000023900	265	206	455
ENSPNYG00000023901	2	2	4
ENSPNYG00000023902	1	0	2
ENSPNYG00000023903	0	3	1
ENSPNYG00000023904	0	0	0
ENSPNYG00000023905	0	0	0
ENSPNYG00000023906	0	0	0
ENSPNYG00000023907	0	0	0
ENSPNYG00000023908	1	6	3
ENSPNYG00000023909	0	0	0
ENSPNYG00000023910	3	0	0
ENSPNYG00000023911	0	0	0
ENSPNYG00000023912	0	0	0
ENSPNYG00000023913	0	0	0
ENSPNYG00000023914	0	0	0
ENSPNYG00000023915	0	0	0
ENSPNYG00000023916	0	0	0
ENSPNYG00000023917	0	0	0
ENSPNYG00000023918	0	0	0
ENSPNYG00000023919	0	0	0
ENSPNYG00000023920	0	0	0
ENSPNYG00000023921	0	0	1
ENSPNYG00000023922	0	0	1
ENSPNYG00000023923	2	4	7
ENSPNYG00000023924	0	0	0
ENSPNYG00000023925	26	16	8
ENSPNYG00000023926	13	10	8
ENSPNYG00000023927	0	0	0
ENSPNYG00000023928	0	0	0
ENSPNYG00000023929	6	0	2
ENSPNYG00000023930	1	3	0
ENSPNYG00000023931	0	1	0
ENSPNYG00000023932	5	2	2
ENSPNYG00000023933	6	11	6
ENSPNYG00000023934	490	289	687
ENSPNYG00000023935	7	12	12
ENSPNYG00000023936	1046	831	1156
ENSPNYG00000023937	0	0	0
ENSPNYG00000023938	0	0	0
ENSPNYG00000023939	0	0	0
ENSPNYG00000023940	215	161	187
ENSPNYG00000023941	2	0	3
ENSPNYG00000023942	6	8	4
ENSPNYG00000023943	1	5	5
ENSPNYG00000023944	0	0	0
ENSPNYG00000023945	0	0	0
ENSPNYG00000023946	0	0	0
ENSPNYG00000023947	0	2	0
ENSPNYG00000023948	0	0	0
ENSPNYG00000023949	1	3	5
ENSPNYG00000023950	0	0	0
ENSPNYG00000023951	0	1	2
ENSPNYG00000023952	0	0	1
ENSPNYG00000023953	0	0	0
ENSPNYG00000023954	0	0	0
ENSPNYG00000023955	0	2	0
ENSPNYG00000023956	0	1	0
ENSPNYG00000023957	19	12	17
ENSPNYG00000023958	0	0	0
ENSPNYG00000023959	8	8	3
ENSPNYG00000023960	0	0	0
ENSPNYG00000023961	0	1	0
ENSPNYG00000023962	1	1	6
ENSPNYG00000023963	0	0	0
ENSPNYG00000023964	0	0	4
ENSPNYG00000023965	16	0	12
ENSPNYG00000023966	0	0	0
ENSPNYG00000023967	0	0	2
ENSPNYG00000023968	0	0	0
ENSPNYG00000023969	0	0	0
ENSPNYG00000023970	0	0	0
ENSPNYG00000023971	14	6	14
ENSPNYG00000023972	0	0	0
ENSPNYG00000023973	0	0	0
ENSPNYG00000023974	0	0	0
ENSPNYG00000023975	77	65	125
ENSPNYG00000023976	0	0	0
ENSPNYG00000023977	0	0	0
ENSPNYG00000023978	0	8	5
ENSPNYG00000023979	0	0	0
ENSPNYG00000023980	0	0	0
ENSPNYG00000023981	0	0	0
ENSPNYG00000023982	0	1	2
ENSPNYG00000023983	0	0	2
ENSPNYG00000023984	0	0	0
ENSPNYG00000023985	1	3	1
ENSPNYG00000023986	0	0	1
ENSPNYG00000023987	3	5	4
ENSPNYG00000023988	0	0	1
ENSPNYG00000023989	1	1	0
ENSPNYG00000023990	0	0	0
ENSPNYG00000023991	1	1	3
ENSPNYG00000023992	0	0	0
ENSPNYG00000023993	0	0	0
ENSPNYG00000023994	0	0	0
ENSPNYG00000023995	3	1	2
ENSPNYG00000023996	0	0	0
ENSPNYG00000023997	1	0	0
ENSPNYG00000023998	0	0	0
ENSPNYG00000023999	0	0	0
ENSPNYG00000024000	0	0	0
ENSPNYG00000024001	0	0	0
ENSPNYG00000024002	0	0	3
ENSPNYG00000024003	0	0	0
ENSPNYG00000024004	0	0	0
ENSPNYG00000024005	0	0	0
ENSPNYG00000024006	0	0	0
ENSPNYG00000024007	0	0	0
ENSPNYG00000024008	6	1	7
ENSPNYG00000024009	0	0	1
ENSPNYG00000024010	0	0	0
ENSPNYG00000024011	0	0	0
ENSPNYG00000024012	0	0	0
ENSPNYG00000024013	0	0	1
ENSPNYG00000024014	0	0	0
ENSPNYG00000024015	0	0	0
ENSPNYG00000024016	13	51	23
ENSPNYG00000024017	0	2	0
ENSPNYG00000024018	0	0	0
ENSPNYG00000024019	0	0	0
ENSPNYG00000024020	0	0	0
ENSPNYG00000024021	1	3	2
ENSPNYG00000024022	3	0	4
ENSPNYG00000024023	0	0	0
ENSPNYG00000024024	0	0	0
ENSPNYG00000024025	0	9	5
ENSPNYG00000024026	0	0	0
ENSPNYG00000024027	0	0	0
ENSPNYG00000024028	0	0	0
ENSPNYG00000024029	0	2	0
ENSPNYG00000024030	0	0	0
ENSPNYG00000024031	0	0	0
ENSPNYG00000024032	0	0	0
ENSPNYG00000024033	0	0	0
ENSPNYG00000024034	8	20	13
ENSPNYG00000024035	0	0	0
ENSPNYG00000024036	0	0	0
ENSPNYG00000024037	3	0	3
ENSPNYG00000024038	0	0	0
ENSPNYG00000024039	7	7	11
ENSPNYG00000024040	2	1	1
ENSPNYG00000024041	1	0	0
ENSPNYG00000024042	0	0	0
ENSPNYG00000024043	0	0	0
ENSPNYG00000024044	2	0	0
ENSPNYG00000024045	0	0	0
ENSPNYG00000024046	0	0	0
ENSPNYG00000024047	0	1	0
ENSPNYG00000024048	0	0	0
ENSPNYG00000024049	0	0	0
ENSPNYG00000024050	0	0	0
ENSPNYG00000024051	11	10	8
ENSPNYG00000024052	0	0	0
ENSPNYG00000024053	0	0	0
ENSPNYG00000024054	0	0	0
ENSPNYG00000024055	4	3	1
ENSPNYG00000024056	0	1	0
ENSPNYG00000024057	2	0	1
ENSPNYG00000024058	26	25	38
ENSPNYG00000024059	3	0	4
ENSPNYG00000024060	0	0	0
ENSPNYG00000024061	0	3	3
ENSPNYG00000024062	0	0	0
ENSPNYG00000024063	0	0	0
ENSPNYG00000024064	0	0	0
ENSPNYG00000024065	3	0	7
ENSPNYG00000024066	8	6	4
ENSPNYG00000024067	55	12	31
ENSPNYG00000024068	0	0	0
ENSPNYG00000024069	12	6	19
ENSPNYG00000024070	26	16	17
ENSPNYG00000024071	1	0	0
ENSPNYG00000024072	2	1	0
ENSPNYG00000024073	0	0	0
ENSPNYG00000024074	0	0	0
ENSPNYG00000024075	0	0	2
ENSPNYG00000024076	0	0	0
ENSPNYG00000024077	1	0	5
ENSPNYG00000024078	0	1	0
ENSPNYG00000024079	0	0	0
ENSPNYG00000024080	0	0	0
ENSPNYG00000024081	0	0	0
ENSPNYG00000024082	0	0	0
ENSPNYG00000024083	5	7	1
ENSPNYG00000024084	0	0	0
ENSPNYG00000024085	4	1	4
ENSPNYG00000024086	0	0	0
ENSPNYG00000024087	0	0	0
ENSPNYG00000024088	0	0	0
ENSPNYG00000024089	1	0	0
ENSPNYG00000024090	0	2	0
ENSPNYG00000024091	1	0	0
ENSPNYG00000024092	0	0	0
ENSPNYG00000024093	18	9	13
ENSPNYG00000024094	0	0	0
ENSPNYG00000024095	188	129	138
ENSPNYG00000024096	0	0	0
ENSPNYG00000024097	0	1	0
ENSPNYG00000024098	0	0	0
ENSPNYG00000024099	0	0	0
ENSPNYG00000024100	0	0	0
ENSPNYG00000024101	7	5	5
ENSPNYG00000024102	2	2	1
ENSPNYG00000024103	2	1	0
ENSPNYG00000024104	16	5	16
ENSPNYG00000024105	1	0	0
ENSPNYG00000024106	52	112	110
ENSPNYG00000024107	0	0	0
ENSPNYG00000024108	0	0	1
ENSPNYG00000024109	0	0	0
ENSPNYG00000024110	1	0	0
ENSPNYG00000024111	11	4	5
ENSPNYG00000024112	1	0	11
ENSPNYG00000024113	0	2	0
ENSPNYG00000024114	0	0	0
ENSPNYG00000024115	2	8	21
ENSPNYG00000024116	3	0	0
ENSPNYG00000024117	1	2	0
ENSPNYG00000024118	33	9	11
ENSPNYG00000024119	0	0	1
ENSPNYG00000024120	0	0	0
ENSPNYG00000024121	0	0	0
ENSPNYG00000024122	0	0	0
ENSPNYG00000024123	3	0	0
ENSPNYG00000024124	4	4	0
ENSPNYG00000024125	0	0	0
ENSPNYG00000024126	10	5	2
ENSPNYG00000024127	0	0	0
ENSPNYG00000024128	0	0	0
ENSPNYG00000024129	1	2	0
ENSPNYG00000024130	1	0	2
ENSPNYG00000024131	19	18	10
ENSPNYG00000024132	8	8	9
ENSPNYG00000024133	3	0	0
ENSPNYG00000024134	81	31	45
ENSPNYG00000024135	2	2	6
ENSPNYG00000024136	13	11	11
ENSPNYG00000024137	0	7	14
ENSPNYG00000024138	0	0	0
ENSPNYG00000024139	1	0	2
ENSPNYG00000024140	0	0	0
ENSPNYG00000024141	2	0	0
ENSPNYG00000024142	2	1	1
ENSPNYG00000024143	0	0	0
ENSPNYG00000024144	0	1	0
ENSPNYG00000024145	10	9	0
ENSPNYG00000024146	0	1	1
ENSPNYG00000024147	3	0	0
ENSPNYG00000024148	0	0	0
ENSPNYG00000024149	0	0	0
ENSPNYG00000024150	0	0	0
ENSPNYG00000024151	9	5	4
ENSPNYG00000024152	0	0	0
ENSPNYG00000024153	0	0	1
ENSPNYG00000024154	0	0	0
ENSPNYG00000024155	0	0	0
ENSPNYG00000024156	0	0	0
ENSPNYG00000024157	0	1	0
ENSPNYG00000024158	0	0	0
ENSPNYG00000024159	0	0	0
ENSPNYG00000024160	0	0	0
ENSPNYG00000024161	0	0	1
ENSPNYG00000024162	1	0	0
ENSPNYG00000024163	4	0	0
ENSPNYG00000024164	0	0	1
ENSPNYG00000024165	0	0	2
ENSPNYG00000024166	0	0	0
ENSPNYG00000024167	2	0	0
ENSPNYG00000024168	0	0	0
ENSPNYG00000024169	0	0	0
ENSPNYG00000024170	2	0	0
ENSPNYG00000024171	1	0	0
ENSPNYG00000024172	0	0	0
ENSPNYG00000024173	0	0	0
ENSPNYG00000024174	0	0	0
ENSPNYG00000024175	0	0	0
ENSPNYG00000024176	7	21	10
ENSPNYG00000024177	2	5	2
ENSPNYG00000024178	0	0	0
ENSPNYG00000024179	0	0	0
ENSPNYG00000024180	2	1	1
ENSPNYG00000024181	13	8	13
ENSPNYG00000024182	0	0	0
ENSPNYG00000024183	9	3	4
ENSPNYG00000024184	0	0	0
ENSPNYG00000024185	0	1	0
ENSPNYG00000024186	0	0	1
ENSPNYG00000024187	0	0	1
ENSPNYG00000024188	0	0	0
ENSPNYG00000024189	0	0	0
ENSPNYG00000024190	0	0	0
ENSPNYG00000024191	0	3	3
ENSPNYG00000024192	0	0	0
ENSPNYG00000024193	0	0	0
ENSPNYG00000024194	0	0	0
ENSPNYG00000024195	0	0	0
ENSPNYG00000024196	3	1	7
ENSPNYG00000024197	2	1	1
ENSPNYG00000024198	0	0	1
ENSPNYG00000024199	0	0	0
ENSPNYG00000024200	1	0	2
ENSPNYG00000024201	1	3	1
ENSPNYG00000024202	0	0	0
ENSPNYG00000024203	0	0	0
ENSPNYG00000024204	0	0	0
ENSPNYG00000024205	0	0	0
ENSPNYG00000024206	1	0	0
ENSPNYG00000024207	0	0	0
ENSPNYG00000024208	0	0	0
ENSPNYG00000024209	0	0	0
ENSPNYG00000024210	1	0	0
ENSPNYG00000024211	0	0	0
ENSPNYG00000024212	0	0	0
ENSPNYG00000024213	0	0	0
ENSPNYG00000024214	0	1	4
ENSPNYG00000024215	0	0	1
ENSPNYG00000024216	0	0	0
ENSPNYG00000024217	12	5	11
ENSPNYG00000024218	0	0	1
ENSPNYG00000024219	0	0	0
ENSPNYG00000024220	0	0	0
ENSPNYG00000024221	0	0	0
ENSPNYG00000024222	0	0	0
ENSPNYG00000024223	0	0	0
ENSPNYG00000024224	0	0	0
ENSPNYG00000024225	0	0	0
ENSPNYG00000024226	0	0	0
ENSPNYG00000024227	8	5	10
ENSPNYG00000024228	0	0	0
ENSPNYG00000024229	0	0	0
ENSPNYG00000024230	0	0	0
ENSPNYG00000024231	0	0	0
ENSPNYG00000024232	0	2	2
ENSPNYG00000024233	0	8	2
ENSPNYG00000024234	1	2	0
ENSPNYG00000024235	0	0	0
ENSPNYG00000024236	7	4	5
ENSPNYG00000024237	2	5	3
ENSPNYG00000024238	4	1	2
ENSPNYG00000024239	4	1	3
ENSPNYG00000024240	1	7	3
ENSPNYG00000024241	0	0	0
ENSPNYG00000024242	0	0	0
ENSPNYG00000024243	0	0	0
ENSPNYG00000024244	0	0	0
ENSPNYG00000024245	0	1	0
ENSPNYG00000024246	27	4	5
ENSPNYG00000024247	0	0	0
ENSPNYG00000024248	2	0	1
ENSPNYG00000024249	12	0	1
ENSPNYG00000024250	2	0	0
ENSPNYG00000024251	19	25	43
ENSPNYG00000024252	0	1	0
ENSPNYG00000024253	2	6	0
ENSPNYG00000024254	3	8	5
ENSPNYG00000024255	0	0	0
ENSPNYG00000024256	9	3	13
ENSPNYG00000024257	0	0	0
ENSPNYG00000024258	1	1	0
ENSPNYG00000024259	6	0	1
ENSPNYG00000024260	0	0	0
ENSPNYG00000024261	0	0	0
ENSPNYG00000024262	1	0	0
ENSPNYG00000024263	0	0	0
ENSPNYG00000024264	0	1	0
ENSPNYG00000024265	0	0	0
ENSPNYG00000024266	0	0	0
ENSPNYG00000024267	0	0	0
ENSPNYG00000024268	0	1	0
ENSPNYG00000024269	4	0	4
ENSPNYG00000024270	25	18	37
ENSPNYG00000024271	0	0	1
ENSPNYG00000024272	3	2	0
ENSPNYG00000024273	3	2	1
