"baseMean","log2FoldChange","lfcSE","pvalue","padj","gene_name"
4526.93163419131,10.5735838522165,0.784850970152907,1.64951905808919e-43,1.33429596608834e-39,"gabpa"
13450.2662524996,11.5456949100429,0.873151309426537,3.3864927565642e-40,1.36966699539239e-36,"gpr174"
10366.2163674878,-14.2810843441903,1.29995868099658,1.84889707286528e-28,4.9852428074691e-25,"gnai3"
11756.7239825063,-14.8762615649548,1.37414864851754,2.99776435820474e-27,6.06222897337954e-24,"pcsk2"
17920.2652668455,-14.5987129766648,1.36138414872451,4.80869465406268e-27,7.77950621134261e-24,"map2k1"
964.331266481056,8.12292389098586,0.786928322709244,9.90617997043066e-27,1.33551816301356e-23,"slc25a12"
169.71552511992,11.7428592578832,3.62182934109025,8.20167068173656e-25,9.47761630636672e-22,"pdia4"
26651.3350192204,19.1850026865342,3.24171898932963,9.19256204192342e-24,9.29482929463981e-21,"fkbp3"
605.604013881262,8.69850192231529,0.878804847560156,1.59370232584402e-23,1.43238423486137e-20,"higd2a"
2632.67274884842,9.78858621130974,1.01933819888383,2.16167645761084e-23,1.74858008656141e-20,"ppt1"
514.009152076064,-9.92238235911998,1.02485276871632,8.86225618636596e-23,6.51698093559221e-20,"atg13"
1600.31170560772,9.68354558927189,1.0170812273575,5.00688476745751e-22,3.37505757366365e-19,"znf710a"
337.425387646976,-7.37464611618708,0.817683068651842,2.47009044123159e-20,1.5369662753171e-17,"rbm25b"
686.751733978778,-10.7637309885754,1.193830564355,3.43968825346792e-20,1.98740273445014e-17,"eya4"
1116.2629369664,8.40862520949959,0.95839102114054,6.38074298626817e-20,3.44092200106155e-17,"gltpd2"
530.648338838235,9.65666415036346,1.0881936475505,9.41480226851672e-20,4.75977097187698e-17,"prpf31"
3635.09184327507,-12.9796170866411,1.45402827296257,1.32684641216777e-19,5.79645481818872e-17,"sh3d19"
3209.5175441249,17.0846020371894,3.41892487374845,1.23110760965306e-19,5.79645481818872e-17,"pcyt1aa"
1004.27036669807,-7.98651252069219,0.90606329554351,1.36151120714038e-19,5.79645481818872e-17,"COG5"
1916.97126374129,15.6446037588543,3.07042678282839,2.23397828590266e-19,8.65856032175019e-17,"rhot2"
723.003925256352,6.95488888445951,0.799382850506005,2.24786459088582e-19,8.65856032175019e-17,"KDM7A"
672.15978334287,9.15967809382297,1.04348865122538,2.61651561005464e-19,9.2021716390139e-17,"PIP4K2B"
1043.98591884643,-11.1966187667306,1.26525187837061,2.61205955400424e-19,9.2021716390139e-17,"cdkl5"
708.45443811375,5.64872038787301,0.654091873624245,2.90120715123211e-19,9.77827693596521e-17,"nfe2l2a"
2030.02890009173,8.35837837084038,1.00117019618703,7.87536221461376e-19,2.49629491081123e-16,"usp4"
391.284860676176,-9.86295413316878,1.14235849919474,8.02369485487599e-19,2.49629491081123e-16,"irak4"
554.263719947358,6.53808006323277,0.772326121745869,9.7302488642231e-19,2.91511048380373e-16,"DCTN6"
839.137813987493,-6.93763468440398,0.808878917434124,1.29703830134238e-18,3.74705100698518e-16,"rabepk"
616.229618855626,-10.1265653851797,1.17796335203761,2.09398503230844e-18,5.84077411253207e-16,"cttnbp2nlb"
317.046586671082,-9.45278718666381,1.12711361052636,8.50542696902987e-18,2.29334662508275e-15,"psma6l"
954.570109364176,7.7680997310722,0.950671081292919,9.08673154774814e-18,2.37105069321725e-15,"hspa12b"
950.767325766665,7.84341503910488,0.969197834630883,1.73211369755283e-17,4.37845865609527e-15,"dkk3a"
976.69651391254,8.21264783974921,1.00519670015996,2.28349174548299e-17,5.59732264521572e-15,"tab3"
1579.4816969578,8.34705640725173,1.05291687919142,2.46409417430656e-17,5.86236993410757e-15,"TMEM43"
765.810361190562,14.4387317671013,3.01910867441621,3.54865155663482e-17,8.20144069760544e-15,"tlk2"
614.72103006652,-9.08597438306873,1.10300045939858,3.95748466817799e-17,8.8922481891366e-15,"zrsr2"
765.568309439314,-8.7586307586438,1.0693307374454,4.19788698243404e-17,9.17748859484025e-15,"kansl1a"
3521.69074170046,10.6573872257969,1.33075871699836,6.42162555375932e-17,1.36696129221998e-14,"gla"
2853.46835698556,7.45577058350917,0.951797082453922,6.65393304414142e-17,1.38009395882205e-14,"COMTD1"
699.538719018567,-10.8355207169975,1.32084286514383,7.36785765953009e-17,1.48996501519847e-14,"tmem54b"
316.826996684413,7.8546903233417,0.974211234863023,1.01427430365699e-16,2.00108898592228e-14,"thoc1"
358.972391684193,6.7247204790538,0.838760948841688,1.11623944784972e-16,2.14982402229914e-14,"mrps30"
823.898135307869,13.6464845929236,2.69598048493912,1.34133716586416e-16,2.52327356620353e-14,"mrps25"
161.836729361139,-6.93609889063254,0.868215821339135,1.58442834036316e-16,2.91282746481764e-14,"golga2"
1658.70294911147,6.6276978264984,0.861727061550215,1.97384832391625e-16,3.54810202047968e-14,"slc20a1b"
776.077310087204,-7.88619870562855,0.988334968314138,2.02646475175689e-16,3.56349421238293e-14,"fhl1a"
687.762723152692,-12.2291804685577,1.51894691662105,2.86115082606661e-16,4.92422319830912e-14,"msto1"
368.759501749057,5.87517700672985,0.756367065566865,3.55469105760972e-16,5.99039499270939e-14,"vars1"
616.555643438353,-9.38848713706434,1.18750276654356,5.00735752419364e-16,8.26622755371477e-14,"hspa8b"
1102.75783960048,7.5742700480782,0.975819766986826,8.16747946566366e-16,1.32133482795507e-13,"pdcd11"
190.882993894065,-13.9275883702605,3.55416929953989,8.51328464574524e-16,1.32430691345064e-13,"hes6"
577.448259070329,-11.9839464713427,1.51250271781244,8.47204010619095e-16,1.32430691345064e-13,"rftn2"
454.89966703364,6.65632976419148,0.888937490699092,8.76809872342829e-16,1.33821038818512e-13,"rapgef1b"
260.545885804457,7.59080255755816,0.974145910176783,9.32552327798988e-16,1.39692884806778e-13,"wdr74"
326.878183775693,7.55055323962859,0.976236908068455,1.31661429992592e-15,1.93638055856377e-13,"aspdh"
484.418529937582,6.12670732330864,0.808470370180245,1.46769558247475e-15,2.1200338511854e-13,"ascc2"
659.619771031464,13.7190851792716,2.99742763996388,1.84610154361156e-15,2.61984480460946e-13,"mrpl9"
592.765560995086,-6.73563067623314,0.875364223454914,1.95123599661937e-15,2.72130137528518e-13,"enosf1"
264.895956070755,-7.41144271664322,0.965077695192389,2.12083524207525e-15,2.85923937885778e-13,"cnot3a"
314.091329905172,-7.12169001256625,0.926239592761891,2.11896925443395e-15,2.85923937885778e-13,"LLGL1"
991.668902982559,-8.62533771886629,1.12511021810648,3.14166097209882e-15,4.16604845955858e-13,"klhl18"
1173.46649131106,14.9032830268568,3.18653026309125,3.21082276756403e-15,4.1890879623912e-13,"ccdc51"
367.674753243333,-9.26900750154367,1.21303286385891,3.7756094034116e-15,4.77201632253069e-13,"cdk2ap2"
181.72186420157,-13.8203716273648,3.5580920989035,3.77286477540814e-15,4.77201632253069e-13,"g6pc3"
326.201515889667,13.0405125534455,2.74346996613618,4.58484859994934e-15,5.70566774230619e-13,"atp6v0cb"
566.346144348871,-10.4503305389837,1.36658574224499,4.88181436044815e-15,5.98318126691896e-13,"ncln"
246.634807947077,-8.0713318422888,1.07033965536621,6.24492489159376e-15,7.53958170867193e-13,"znf526"
611.934467313214,-10.1933095699962,1.350447655138,8.38889227477837e-15,9.72537694996964e-13,"csrp2"
1590.44271132756,14.6280520088943,2.94693323830562,8.38353466443649e-15,9.72537694996964e-13,"rida"
404.034785367031,-8.83873979957347,1.17659669131253,8.41607598588051e-15,9.72537694996964e-13,"katnb1"
221.589222037079,5.84116884108737,0.801930343304123,1.00952721670612e-14,1.15015009238532e-12,"fam113"
1018.21835683395,-14.4331546225324,3.67406593809751,1.21378016144579e-14,1.36364829526875e-12,"dnajb12b"
8253.81113093214,-9.07036266020731,1.20470212856263,1.27061917178839e-14,1.40795047679402e-12,"zwilch"
1085.39921197406,8.39571501678597,1.1480300966095,1.36551863269211e-14,1.49265948916844e-12,"cog4"
788.752614133161,13.6953847179828,2.81258187352092,1.54764155223088e-14,1.66918300213275e-12,"prdx2"
1013.19200072009,15.2553076668561,3.43994111755866,1.68189070634868e-14,1.7901070952177e-12,"mief1"
467.814813211901,14.0129058841988,3.1900717557526,2.70904117803867e-14,2.80941462681471e-12,"ppp4r3b"
929.362073251527,13.8119551363277,2.85793953842429,2.69937802384917e-14,2.80941462681471e-12,"hgd"
939.948765877783,7.57157180577646,1.04545674425209,2.8027445286324e-14,2.86979753064652e-12,"ckmt2a"
458.613175460474,7.8795785669095,1.07672183528132,3.0263914417252e-14,3.06006004651439e-12,"cilp"
196.010159244758,-7.38945784721837,1.01281000847188,3.69951941347322e-14,3.69449537476356e-12,"C18orf25"
353.550308934701,12.6648713081842,2.71958510809764,4.22424113619523e-14,4.11685380128713e-12,"slc37a4a"
440.850631693556,14.0240631827263,3.32033765120929,4.17380169357815e-14,4.11685380128713e-12,"fbxl15"
881.508236731513,7.50283561446834,1.04932648162282,4.35374409777597e-14,4.1925519055845e-12,"GOT1"
128.205309219968,-13.2459052793572,3.50321218695744,4.62362316121628e-14,4.40005738247982e-12,"mpg"
325.985218793869,-13.6721693647513,3.57424965485996,4.72232693677477e-14,4.44173285948502e-12,"dnajc15"
980.240615686175,7.98493995452834,1.12444882972857,5.85913084464391e-14,5.32522577554209e-12,"exosc5"
279.886642574599,-6.94185831676058,0.95813958373918,5.77825564648223e-14,5.32522577554209e-12,"prdx3"
591.584369555259,12.826853648556,2.71953743552704,5.81634693934417e-14,5.32522577554209e-12,"mrpl47"
644.499773036117,13.3002502322924,3.00762842492184,6.08648601902896e-14,5.47039837865837e-12,"thrb"
301.741263482192,12.6645424610643,2.90113758852813,6.9948897316728e-14,6.21776516917597e-12,"aldh3b1"
244.977152269456,-7.45580591055285,1.03645369235071,7.88746041677484e-14,6.93496383818388e-12,"brms1lb"
791.799974860173,-10.7858474921275,1.49434507094444,8.28132747731585e-14,7.12634659191574e-12,"si:dkey-183j2.10"
330.341866761682,-7.17276938794448,0.997188083592914,8.2445364263412e-14,7.12634659191574e-12,"nck1b"
357.939904590016,-8.66076296758495,1.20053646770152,9.10934491934416e-14,7.75636747921841e-12,"mrpl30"
3631.52737987395,-7.83920131742609,1.09613160443775,1.16154619413039e-13,9.78723662950076e-12,"clul1"
165.098535374744,-8.06960477484198,1.13030869564048,1.18231256187887e-13,9.85951166292594e-12,"ttc3"
161.991676518022,-13.6060870817144,3.58390393157973,1.25107500058183e-13,1.03264751833739e-11,"b9d1"
629.760399964707,-6.76117248203098,0.948997527890278,1.3274281377749e-13,1.08460264711729e-11,"prmt7"
343.946256213215,-7.71120112125186,1.08038775289257,1.3459105481744e-13,1.08870704241827e-11,"casc1"
322.498258926682,-10.8065201134154,1.62717531795849,1.48205661063709e-13,1.1869659330142e-11,"ap1g2"
130.368223447024,-10.5741606560125,1.59729679076958,1.63495176013794e-13,1.25980727255349e-11,"nxt2"
338.911122856115,9.17565817714616,1.31898175672569,1.63530428505522e-13,1.25980727255349e-11,"nemp1"
363.85641524533,13.102544558019,2.88834155220591,1.63117544802261e-13,1.25980727255349e-11,"capza1b"
356.958679177607,5.74004434651913,0.832669441375254,1.62217148281371e-13,1.25980727255349e-11,"cinp"
261.093938082878,12.1260881346436,2.67759215212198,1.74729766613559e-13,1.33338592654442e-11,"rbsn"
301.324212577869,12.7212696544395,2.91915057111863,1.93096055961545e-13,1.45977009034854e-11,"naa20"
241.890140009739,12.0548853357512,2.67083167950635,2.11368271992764e-13,1.58310921495321e-11,"C6orf62"
122.263254171367,-12.7728366541198,3.44986010390931,2.13862612973257e-13,1.58709603334007e-11,"myot"
316.879733446031,12.4609506090106,2.76183607055171,2.21083587752957e-13,1.62576831030333e-11,"reep1"
259.713228873919,-7.10167229426219,1.00526970615946,2.35526972486492e-13,1.7163762886876e-11,"abcf2a"
402.620014782662,13.313300598262,3.09904205701513,2.4335170126862e-13,1.75756420675167e-11,"mxd3"
766.525696387259,13.7992775808272,3.06556901880011,2.70567441794956e-13,1.93683189086673e-11,"mars1"
280.230320944927,12.3213149476866,2.72037837572822,2.74324282628722e-13,1.94649922998573e-11,"cry1a"
177.230786395686,-10.1936364428337,1.42658994457249,2.88411268761082e-13,2.02865978522469e-11,"paqr4b"
148.934145572085,6.35858458861065,0.925541501394165,3.19064865862419e-13,2.20804231457841e-11,"dgcr8"
252.836075230007,6.32993700944294,0.946105610056847,3.19373162078964e-13,2.20804231457841e-11,"sec23ip"
565.023145992398,6.76258797076286,0.985939283608432,3.44260255502562e-13,2.35993322606798e-11,"srpra"
620.472436516971,12.5219249768212,2.7022416809167,3.97926224940463e-13,2.70489515423815e-11,"acy3.2"
1030.91817779934,7.82590227853243,1.16057151722434,4.44010615919152e-13,2.96826601005787e-11,"pmvk"
92.5705631471786,-12.7025892812002,3.45308654480006,4.4162921146632e-13,2.96826601005787e-11,"tmem266"
466.000671527432,6.71351930379328,0.97640345074989,4.91618380834887e-13,3.25959105128967e-11,"bag1"
2225.5102457346,9.33105622201296,1.41478044378551,5.13494842790453e-13,3.37695917344063e-11,"rpl6"
162.50560826973,5.21372298811454,0.771737565873695,5.31765560410206e-13,3.46891259528884e-11,"cyfip1"
223.77235892749,11.8836918509334,2.68688671194571,5.63311101520493e-13,3.64529880015941e-11,"ybey"
348.641487413616,-8.95953931034813,1.29768438917279,5.78520345162015e-13,3.71400878731392e-11,"tceanc2"
1031.48754479261,-7.23201774252149,1.04625170640832,6.4257267115727e-13,4.09273254881194e-11,"anp32a"
380.638439229528,-9.10068297936035,1.31834219449087,6.9920610884628e-13,4.41865485504497e-11,"thyn1"
362.669714508749,12.6015783131679,2.77725974349947,7.51807248750357e-13,4.71423940708654e-11,"cldn15lb"
263.886477722516,6.09689197792352,0.889417939625587,8.05416000989697e-13,5.01154617846589e-11,"hexdc"
387.319670791393,-9.17798669552354,1.33037483834934,9.29808236473868e-13,5.69789304911903e-11,"sult1st6"
281.67191896911,12.3479695986274,2.91124856573699,9.24939469224831e-13,5.69789304911903e-11,"arfgap2"
202.130785982564,11.5588046214035,2.6216230300846,9.90106675623736e-13,5.97684544710478e-11,"blzf1"
116.030551324402,-10.4801788206206,1.64549867407659,9.85339854162884e-13,5.97684544710478e-11,"nr2e1"
174.504390052992,5.78693292778481,0.847096812205577,1.09966774101136e-12,6.58904619040065e-11,"gtf2e2"
185.217702094349,-6.4704607356542,0.951847175045211,1.18691479548803e-12,7.05952483875197e-11,"ilf2"
177.569577007183,12.0725308403972,2.8194670137707,1.25073248705804e-12,7.3847993341697e-11,"dnajc14"
282.723382600546,-5.66665741090782,0.834355710780802,1.29487851089492e-12,7.59005237291958e-11,"copg2"
275.562641698055,11.9437349639506,2.74668550181617,1.34923754130184e-12,7.8517859507846e-11,"mif4gda"
131.372442796785,-13.2307359404139,3.56412083187774,1.41372395661198e-12,8.16829506073881e-11,"slc45a1"
213.833635696401,11.8723293988578,2.72179126755367,1.49169427864881e-12,8.55767022694342e-11,"rest"
998.415982211289,-11.7503718200667,1.69540859249902,1.63410997874432e-12,9.30867297046677e-11,"CDKL5"
341.491401073884,12.5857711611949,2.93616636130767,1.71489866428311e-12,9.7005701366336e-11,"zgc:101679"
327.035668232484,-14.570900972161,3.79731687889844,1.96688394878168e-12,1.10486974039549e-10,"lhfpl5b"
171.12402320322,-9.03565930540438,1.29843967848212,2.06099441975648e-12,1.14218481433853e-10,"si:ch211-160o17.2"
357.059393298169,-11.9897336036373,1.88949049994483,2.06155251444463e-12,1.14218481433853e-10,"lrrc51"
183.234085166375,12.2269570213929,2.94608058419474,2.09086937973875e-12,1.15054710290522e-10,"dhrs7b"
214.165407034091,7.48957189403054,1.13007792880943,2.17484050282528e-12,1.18307297664779e-10,"mapk9"
636.470322411791,-11.4509971706839,1.67485214232163,2.17922949092003e-12,1.18307297664779e-10,"trmt61a"
358.80370511478,5.72302005100028,0.866180047093898,2.26390830182931e-12,1.22085028356648e-10,"mrps36"
478.504163425908,-8.20113936146187,1.21918673388831,2.29615624973068e-12,1.23004025854778e-10,"zgc:171489"
183.031600569522,5.23135545049299,0.811395169417379,2.42878915568307e-12,1.29253128160002e-10,"hnrnph1"
238.178534976087,6.25219523775594,0.935143408961294,2.68893816076394e-12,1.41239095989737e-10,"adprh"
396.894895352277,6.15277867700985,0.934102497037747,2.67807534517173e-12,1.41239095989737e-10,"ctps1a"
886.777902889,5.09589597536201,0.789090015241081,3.03644706657807e-12,1.58463356913226e-10,"rhd"
169.581185712331,-9.68314711975208,1.41404290306919,3.38654608596444e-12,1.75601098008759e-10,"cers5"
441.145522480895,12.4991052047257,2.85020015785682,4.12782398363618e-12,2.12674956711039e-10,"mapk8a"
154.505572364851,-8.15746803594811,1.22618151612562,4.82378336846689e-12,2.46959390300815e-10,"nox1"
130.932588691239,-9.81045943554387,1.46076427941228,5.01382223881813e-12,2.55074264715722e-10,"TMEM179"
160.31676058213,-13.4924077226969,3.63810414737094,5.1856866594624e-12,2.62168871177446e-10,"ss18l2"
212.251544532248,-7.88918573723205,1.19783681600497,5.97984820906625e-12,3.00440945112651e-10,"pebp1"
153.304626708792,-13.4094745986847,3.62859047378397,6.43822884726349e-12,3.21474278676015e-10,"comp"
120.343075419301,-9.07926586262145,1.382967249856,6.84223750515444e-12,3.3955128330794e-10,"dtnbp1b"
381.266355054532,-7.66799168942786,1.17576418304967,8.52384949148586e-12,4.20423283759933e-10,"jazf1a"
240.610367529595,-7.8218917534714,1.19480711425173,8.7024378962093e-12,4.26630425105679e-10,"si:dkey-40g16.6"
354.570929553042,12.3478181968998,2.85980433449229,8.75892329883068e-12,4.26812834724345e-10,"timm8a"
1022.07436780805,5.61523862912247,0.894443851791532,8.94387192446984e-12,4.33215449084051e-10,"ppfibp1a"
229.438671214005,11.5896726952846,2.71850503535802,1.03061787723432e-11,4.96230238627884e-10,"pdxp"
574.200204177127,-7.90956753531925,1.22351158731818,1.0408761710795e-11,4.98203985080595e-10,"pif1"
309.662759300348,-7.56148479303773,1.16555428743577,1.16087961959847e-11,5.52373837819529e-10,"si:ch73-61d6.3"
387.94380965927,-10.6805475973767,1.63744228945228,1.22357342212697e-11,5.78800316466963e-10,"si:dkey-69o16.5"
105.95641029389,-8.06096658906777,1.25717233152485,1.3026372759219e-11,6.12618193310013e-10,"si:ch211-203k16.3"
84.4770768764386,-8.66298922233585,1.32123436957552,1.31058636161426e-11,6.12793819601027e-10,"m6pr"
278.064583355377,12.3262742486106,3.03977553631877,1.40617772805334e-11,6.5371101392089e-10,"atraid"
748.546839659033,6.51039545077104,1.06015312714416,1.41594382627393e-11,6.54489692041702e-10,"wdr48b"
181.190246221334,-6.80712306201004,1.05687496510599,1.44197352425872e-11,6.62734308961862e-10,"tmed1b"
314.553768370157,6.17671647351308,0.972984559209005,1.55301145291842e-11,7.09735008059723e-10,"nucb2a"
168.428433724618,11.1360164173617,2.65667456160699,1.58103298943139e-11,7.11003639077001e-10,"wbp2"
121.145158802559,-9.71190759379377,1.61224005454655,1.58215669469477e-11,7.11003639077001e-10,"spsb3b"
192.023831047117,6.49349999845425,1.01612447618702,1.57806734709191e-11,7.11003639077001e-10,"appb"
195.252276486698,-8.24087589428096,1.28697919820122,1.85666359949024e-11,8.29754246203123e-10,"gba"
3311.68995499101,-8.12440025318608,1.26280161950804,2.00222705528985e-11,8.89890914848328e-10,"mcee"
159.247999075409,-7.10709400495517,1.11521884173799,2.37748158993207e-11,1.05089882956068e-09,"wfdc2"
452.478973405263,12.2365396071665,2.95294751948787,2.40168983284697e-11,1.05582984010321e-09,"dffb"
360.021816202476,13.4659955810211,3.33285017099925,2.4873826332793e-11,1.08174398497829e-09,"pex11b"
77.0701778213519,-12.0384113860602,3.4150689192925,2.48158144110049e-11,1.08174398497829e-09,"si:ch211-122f10.4"
399.643265663937,5.04428207797536,0.812418494716143,2.67715209213328e-11,1.1580472338645e-09,"abcf1"
501.390275951586,6.42392601081655,1.03473971386616,2.87160264959999e-11,1.23555286343693e-09,"ada"
303.112860795819,11.3860938232342,2.68145331812728,2.88873611608186e-11,1.23634848904689e-09,"ddx11"
181.365063946135,-8.84548630524452,1.39572384588822,2.930330929058e-11,1.24754983606054e-09,"TMEM47"
99.822483347019,11.3947364613752,2.83808549009225,3.10300051113589e-11,1.31414508558001e-09,"ARF1"
939.291244781003,14.9012370781819,3.64829309048248,3.12586462725372e-11,1.31693327967997e-09,"jam2a"
132.146587072943,11.9784602179313,3.05804862024267,3.16255792446083e-11,1.32548865549034e-09,"slc33a1"
152.288722558983,-6.75728645936434,1.07285185655066,3.20227366486173e-11,1.33521606572508e-09,"spopla"
1498.49147737722,7.88034953638131,1.29001156885656,3.35559686778188e-11,1.39197041351219e-09,"cnot11"
59.2128995753237,-11.4481132173609,3.3195743745558,3.39226637469288e-11,1.40000217882095e-09,"tubgcp4"
1987.10327495951,-8.38373051293334,1.32960564372056,4.04356505333252e-11,1.66032475717801e-09,"dennd4a"
110.748756775551,-9.73174290024262,1.65013938745755,4.11836823529681e-11,1.68249902299575e-09,"bricd5"
148.789494381885,10.8964035874884,2.65971609382535,4.15804230487896e-11,1.69017106553597e-09,"UBE2K"
1631.19027537089,-6.5606021606065,1.04630660229494,4.30705908457497e-11,1.74199004675635e-09,"rfc2"
131.315410790666,-8.41664629253984,1.3478752300813,4.44848749839802e-11,1.79023957087272e-09,"zgc:175088"
593.656288914481,6.45214076083934,1.04836419253761,4.48813996717036e-11,1.79725565319015e-09,"stx17"
124.362857606447,-10.5748297069173,1.78802438716819,4.61127816317142e-11,1.83746941191594e-09,"slc22a6l"
165.661922100611,-11.8846993463456,3.4052765758931,4.64939686577088e-11,1.84357702192258e-09,"fam149b1"
62.5464249276645,-6.99842836950521,1.11850598596785,4.9765686571533e-11,1.96368116427869e-09,"ppp1r9a"
306.081215071585,-10.0176397129559,1.58456663819475,5.3216970851704e-11,2.07994994823356e-09,"slc25a55b"
211.393503742264,12.1957495779565,2.94044806527735,5.32265594368089e-11,2.07994994823356e-09,"cct7"
86.3931140161546,-12.5069599681701,3.52272916772272,5.35565543213451e-11,2.082783499545e-09,"gmnn"
355.797187974283,-6.96201744685309,1.10986550100549,5.8687513890926e-11,2.27140334863014e-09,"msh6"
96.1738150420059,-6.87578366202901,1.10968516398165,6.14250279045752e-11,2.36603357485766e-09,"adat3"
527.829557830057,-12.8856341643607,3.59666812879399,6.42553054333531e-11,2.46332305995447e-09,"morn5"
164.254645608153,-9.54823239390603,1.51759096580759,6.50895577068009e-11,2.48353505797317e-09,"eya2"
149.684722964504,11.2948321001802,2.79677735119105,7.39169373974243e-11,2.8071084817266e-09,"slc25a44a"
242.860464762371,-13.3134373575644,3.67815905447864,7.47828595367333e-11,2.82672219996559e-09,"drp2"
201.553137659023,5.23928989465644,0.891605182756301,7.86126439157693e-11,2.95766361225422e-09,"gpatch8"
158.192540628551,5.70894491550019,0.956068234402055,7.93564048696337e-11,2.97182388421513e-09,"slc30a7"
127.910060639791,-7.09330021497853,1.148099637512,7.97657331702657e-11,2.9733871687294e-09,"ttyh1"
177.842712809225,-6.13094585459816,0.995312011616923,8.40972727869142e-11,3.12047174116215e-09,"lonrf1l"
135.815097646013,11.7508920199455,3.0456329353236,8.55154703986244e-11,3.15860566234919e-09,"csgalnact2"
94.7554541578597,-9.27772831545505,1.48273044991277,8.98127479108579e-11,3.30225144477695e-09,"boc"
362.958849405025,-8.42384603472081,1.36587249866386,9.22754517646299e-11,3.37744854897779e-09,"psma6a"
101.202056233762,-11.8516633724024,3.41881367383263,9.88027721891219e-11,3.60007037944958e-09,"mipa"
2727.17650152099,5.0572711131423,0.856581389137084,1.05117886831562e-10,3.81299814610094e-09,"phykpl"
552.964438236596,-7.59664033819377,1.23725795958689,1.08026313194539e-10,3.90100378317242e-09,"arsg"
275.973455785276,11.5107527357386,2.78989257763753,1.10037396056437e-10,3.95596665200231e-09,"acvr1l"
204.831660195209,11.0469045731143,2.81430706173563,1.17043640967539e-10,4.16205362825612e-09,"gatd1"
170.938799581581,-8.81085093248732,1.44032886915611,1.16716537061579e-10,4.16205362825612e-09,"si:ch211-114c17.1"
96.5268888779368,-12.6345515294504,3.5677502438917,1.17313416645123e-10,4.16205362825612e-09,"nr5a5"
242.57352921045,12.9541095250227,3.3662748462729,1.17942662473686e-10,4.1661056626622e-09,"coa6"
505.913921938121,6.71039333692063,1.1256881213314,1.18750607119758e-10,4.17640722170315e-09,"p2rx5"
111.292248057728,11.6941875092653,3.06291544641052,1.25844314415363e-10,4.40673012686524e-09,"cdip1"
316.294493205331,12.426779977901,3.12413560142432,1.29422017040189e-10,4.5011593364781e-09,"arl2"
151.534496690562,10.93155159906,2.683866129803,1.29653866411101e-10,4.5011593364781e-09,"pgpep1l"
374.948687325653,11.5521267688758,2.89720220351297,1.38232862622723e-10,4.77848558015046e-09,"mphosph10"
351.95090906553,10.8334824208367,2.77193457150756,1.39929039837576e-10,4.81653618402618e-09,"caprin1a"
77.6743895825737,-7.18881322661038,1.1750691578235,1.43196272198174e-10,4.90811290597895e-09,"ADAP1"
146.029356095906,12.1428811460093,3.17628785621997,1.45632734157889e-10,4.97056196878972e-09,"nus1"
275.071359643796,-7.61975664632254,1.25596144975083,1.48485780248571e-10,5.04664485895247e-09,"rpf1"
54.6567433232964,-11.6542854332855,3.39356372783728,1.53030660746852e-10,5.17935152628152e-09,"tmie"
196.374961882771,-10.6445790228869,1.85102057808527,1.54841153581916e-10,5.21879204718382e-09,"chmp7"
226.054944410564,-7.36515914302597,1.21676425051834,1.60552819447439e-10,5.38884546269847e-09,"edrf1"
245.554901740465,-8.93976690095112,1.57353217761225,1.69113117936745e-10,5.65271078921625e-09,"l3hypdh"
150.934236893879,-11.9377980922137,3.44825674100368,1.71664337224657e-10,5.71437376053601e-09,"tpx2"
459.36420078715,-10.5425950453032,1.70847112857122,1.88058586967368e-10,6.23445045073377e-09,"ercc2"
89.9552465057772,-12.5219043168784,3.56153367420265,1.89114788999059e-10,6.24387562536078e-09,"cdk5r1b"
256.79448977576,11.7696863019683,2.89254499201968,1.97969647685914e-10,6.50966048833887e-09,"naa38"
143.856917731812,-11.0530927970297,3.28708937168278,2.05808177916938e-10,6.74000951890732e-09,"MSMP"
250.953728598707,11.5262154423115,2.83265109802046,2.20150163053261e-10,7.18062366507189e-09,"uprt"
125.754771495705,6.0522783339882,1.01827610814509,2.24645304657069e-10,7.29781473642983e-09,"cnga2b"
51.1174937152634,-10.588481125848,3.20100445296115,2.44908606774937e-10,7.92426288080988e-09,"itga10"
167.363739802535,-9.50938765613786,1.56648675006595,2.47182970755415e-10,7.96598824876713e-09,"zdhhc8b"
134.984974418315,4.89528811320768,0.844100559700867,2.53752049874977e-10,8.14523941047099e-09,"psme3ip1"
100.64717261087,11.5421525558739,3.07599165228303,2.68753209126957e-10,8.59266683252157e-09,"nup50"
90.0921574959513,11.3525878249067,3.02634622073289,2.88518941223688e-10,9.18830596676541e-09,"ugcg"
274.734624571394,-10.0562549290706,1.65089280377883,2.94076611975672e-10,9.25597554191134e-09,"nsmaf"
855.56668161223,6.97457448306495,1.20557981505799,2.93481000802949e-10,9.25597554191134e-09,"hltf"
104.670319592718,-8.21541980087656,1.36773804797288,2.91990885958786e-10,9.25597554191134e-09,"gtf3ab"
162.994508078158,-7.00069341808789,1.1755806737638,2.99502194103615e-10,9.39020638800056e-09,"ak5"
63.7886868632299,-6.51580522934341,1.10120607264944,3.22442518648617e-10,1.00704151866744e-08,"ECHDC1"
137.600776221176,10.1913560090159,2.56711726659793,3.33037321250273e-10,1.03613034292056e-08,"chmp5b"
94.6184789425795,10.4379188074094,2.66090868321106,3.54808354636359e-10,1.09963401557606e-08,"chpt1"
89.6906195493415,-8.50501589698817,1.44518842608214,4.57235926276561e-10,1.4048988319701e-08,"lrrc29"
330.029327172075,-11.2121082296474,1.99296880927813,4.58160875468287e-10,1.4048988319701e-08,"RGS20"
180.3794609619,-6.55303276523956,1.11261756025588,4.58515628186556e-10,1.4048988319701e-08,"rcor2"
303.779893792107,12.0304459712987,2.97871434839347,4.89845973300646e-10,1.49523172755808e-08,"tecrl2a"
65.4275100294298,-6.46480731432398,1.1078556547134,5.19322458955462e-10,1.57924788364313e-08,"churc1"
102.494095301243,-6.07472400949236,1.04227767112382,5.2533931430579e-10,1.5915616904193e-08,"sept8a"
2059.22214750764,-12.3867276260796,2.0853060395207,5.31957189532213e-10,1.60559765153958e-08,"zgc:85843"
49.0879330851508,-6.14510781458557,1.05362287884271,5.46108611928729e-10,1.64218310850985e-08,"klhl15"
80.7936573348033,-5.96949981699762,1.02184793942182,5.5638804508475e-10,1.66689736914465e-08,"etfdh"
112.711328038206,-12.8107552508479,3.64541300850826,5.58459391452769e-10,1.66692915773485e-08,"mrps22"
256.821770595705,-6.13200918874366,1.05352020199337,6.3089584261303e-10,1.87621929077088e-08,"grhpra"
91.2624764768834,-8.11534625100764,1.40657427506882,6.49373396281508e-10,1.92409575183924e-08,"KCTD15"
78.0280529479202,-7.7786389402591,1.32767393580114,6.6323369564518e-10,1.95799173871309e-08,"ddx20"
1010.21575503773,-9.45567135376362,1.61911496949073,6.90344554503945e-10,2.02704141484029e-08,"ift22"
110.524223812172,-5.17337309618037,0.891119271052908,6.91634850409098e-10,2.02704141484029e-08,"pex10"
455.696372174181,-6.97359114426112,1.20106710447077,6.97461662192585e-10,2.03673912833062e-08,"gipc2"
139.611811883501,-5.65883399801726,0.976792396105032,7.26303253235301e-10,2.1133334587843e-08,"slc25a55a"
81.8333763747058,-12.3316432912679,3.56927271706396,7.34100304534175e-10,2.12836464637166e-08,"zgc:113425"
356.753346220503,-8.54303951807086,1.43196410135044,7.42329001119785e-10,2.14453546073498e-08,"pold1"
57.4544470966349,-6.02156144655798,1.04544459735509,7.89345360624674e-10,2.27224719647437e-08,"abcb7"
99.244113055558,-7.62492063368484,1.30584310367984,8.0271662901663e-10,2.30254425961543e-08,"tsr2"
138.318879790863,-8.49991191095428,1.46427537832998,8.13889648615951e-10,2.32634394616764e-08,"s100t"
180.655140374715,-6.64790923732879,1.15210593014468,8.18727583112021e-10,2.33193219006801e-08,"hpgd"
154.299823267853,10.8536300675089,2.87154278818271,8.51301784234743e-10,2.4162035553245e-08,"slc2a12"
103.096714189784,5.14872920532987,0.898470974105202,8.89882353390343e-10,2.51687355124982e-08,"aldh1l2"
40.3259192840346,-6.22760706738623,1.0763533237417,9.46701462506621e-10,2.66824673526692e-08,"tp53bp1"
79.0559304530638,10.9045183068383,2.98374339934314,9.91612455616525e-10,2.78512262273683e-08,"tmem86b"
83.8216707396113,10.3915814860441,2.79258652641769,1.00612890971405e-09,2.81611652272559e-08,"pkd2l1"
191.3324962586,4.8398589696165,0.856570021419552,1.03941406585557e-09,2.89924840645025e-08,"NT5E"
74.6616256695692,-8.01528050178299,1.38438487827794,1.05088339596726e-09,2.92116693813718e-08,"armc2"
83.3728016273616,11.4970853093507,3.28882240694958,1.07652734255902e-09,2.98220194313694e-08,"cldn7b"
218.624356806709,11.7893387614382,3.05948712413866,1.22165490833987e-09,3.37268483056696e-08,"emp1"
168.668936713333,11.2854702733198,3.00788954539343,1.27913182474895e-09,3.51935283346744e-08,"atp7a"
473.119221675994,-6.52110714361482,1.14374666462543,1.29957759478875e-09,3.56348581838855e-08,"pno1"
448.872596790711,5.81351317936034,1.04940669888594,1.33667370214292e-09,3.64863767319666e-08,"cap1"
103.731311843621,-7.19774419863215,1.2613788668466,1.33965309548697e-09,3.64863767319666e-08,"gria3a"
314.545626265357,-13.2994188455472,3.7734826733204,1.35342258451689e-09,3.67377023025407e-08,"uba52"
59.8515233328313,-8.84191050497698,1.65817127169392,1.39000799294974e-09,3.76045975082623e-08,"zfpm2a"
469.209945420573,4.13959586951473,0.754893503222712,1.57259595399767e-09,4.22615570494589e-08,"gpkow"
181.398956468429,-7.64071630274269,1.32350563611152,1.57050653997395e-09,4.22615570494589e-08,"prrg1"
209.166721033298,-8.92558946448551,1.66760623174508,1.60597540174527e-09,4.30156788897931e-08,"pigt"
55.5500188878238,-9.35954473157077,1.74669130504653,1.61712001077802e-09,4.31712335550608e-08,"GPR137B"
86.0849557648729,7.59161467062212,1.37144570844566,1.63520163180106e-09,4.35103486830222e-08,"pigf"
168.524168076685,10.6170914975629,2.76107198357054,1.70932939894256e-09,4.53336574034308e-08,"clpp"
116.411864473665,5.51969205061192,0.98646404484961,1.72790385988981e-09,4.56765173942767e-08,"med15"
156.802562012073,10.6028781541712,2.84761199198291,1.79423028706441e-09,4.72753380848991e-08,"rad51d"
1410.68621928444,-5.06525566834992,0.897413190795968,1.80807901711886e-09,4.7485555745047e-08,"nubp2"
508.903040558363,5.95585381810823,1.11055703927031,1.90279704958747e-09,4.98114088482623e-08,"atp2a1l"
1691.66673733657,5.72456230862028,1.04926354050121,1.94518896327794e-09,5.07568823353395e-08,"rbm34"
135.636431740466,11.991311399404,3.3060791431461,2.01791952190366e-09,5.24853730311212e-08,"dhrs7"
61.9259585381146,-10.6518929811448,3.27735080599238,2.0633083324864e-09,5.34939137868028e-08,"bora"
98.9221935827401,-6.88180776857175,1.22855300823422,2.25643259686244e-09,5.83140040767421e-08,"coa3a"
228.042495213843,5.43254771302553,0.98627710553196,2.29654223939604e-09,5.91615610652057e-08,"ecrg4a"
105.189931672813,10.8433537383533,2.98392378394112,2.33263445749981e-09,5.99005718308444e-08,"nek12"
111.413300196555,-9.4498162853297,1.65185549122791,2.34547811048316e-09,6.00397861889187e-08,"slc5a2"
267.502360828265,7.12617899035972,1.32145401275187,2.39966098423494e-09,6.12329895945627e-08,"fabp2"
418.793347841158,5.57727881019391,1.02497571297437,2.56058723320545e-09,6.49297496219402e-08,"wdr53"
88.8253715511236,-4.82429863918245,0.865353219311686,2.55805266187305e-09,6.49297496219402e-08,"tet2"
884.16073734088,7.79208251781555,1.45401523015926,2.88815070622592e-09,7.30070345708171e-08,"scube3"
88.2148930986745,-9.27130279525861,1.77511712716757,2.99434796493794e-09,7.54557030790749e-08,"hif1an"
596.94484353398,-7.80419242846814,1.40398532172802,3.1199357253391e-09,7.83762735474161e-08,"tpi1a"
176.431731995964,4.76787289040519,0.869183314509144,3.41836308055964e-09,8.56072413580401e-08,"iars2"
44.1959431663158,-6.11045419834313,1.10958991893183,3.70548416471295e-09,9.25113006430957e-08,"deaf1"
167.471595594139,-6.69819927361558,1.21657832768228,3.7965646813908e-09,9.44935744854468e-08,"pgap6"
90.3607677443494,-9.99034559206798,1.90212738077045,3.87925593922239e-09,9.60936547206787e-08,"gcna"
83.0689845225053,9.74968609656009,2.60716902208383,3.8846118300979e-09,9.60936547206787e-08,"ppcs"
170.276684399305,-8.04425009019084,1.44303608575453,4.04335177523418e-09,9.97154649691136e-08,"zgc:101765"
270.522242831987,5.41498772218287,1.00931738631488,4.24722640736708e-09,1.04424967809095e-07,"eif2b4"
769.500342087324,7.41813466123809,1.42103640838149,4.27640901451994e-09,1.04823856116521e-07,"clic1"
58.0823637639946,-5.38289001644958,0.980885581359289,4.35965580948146e-09,1.06541558437751e-07,"gabpb2a"
60.5467345870501,-6.59773785040227,1.20690799250436,4.45560386575551e-09,1.0855837250029e-07,"stk25b"
67.6667322217882,-6.12536835907181,1.11938126280019,4.52728021671052e-09,1.09644220577759e-07,"pmpca"
79.650027885456,-8.37480975788112,1.51918169957816,4.52538907191593e-09,1.09644220577759e-07,"APCDD1"
312.132209512242,-9.02573684563314,1.64333421354201,4.60767051506523e-09,1.11258050138396e-07,"snx30"
79.8094439648782,-4.90327101835283,0.89678111548471,4.67811853736132e-09,1.12622919192606e-07,"chd4a"
141.378330612234,-6.33523969063369,1.16138356538671,5.09278140329919e-09,1.2224186579017e-07,"RS1"
199.497759005666,-5.34788125811267,0.982639129927986,5.47033869223247e-09,1.30728347779555e-07,"timm23a"
96.7210983676967,10.9131158005584,2.97547736304211,5.47866360455794e-09,1.30728347779555e-07,"smpd1"
112.149999864055,-5.22650891705902,0.96142484238252,5.67332060691869e-09,1.34974971733427e-07,"glipr2l"
738.001531549641,4.73745395736527,0.905563677249462,5.69862104981082e-09,1.35179312820879e-07,"si:ch211-217a12.1"
127.592667545563,10.9724332851301,3.03973871180565,5.9087994325488e-09,1.39755200613705e-07,"EIF5AL1"
104.837487627202,5.09259923368967,0.97328837884887,6.15391565991031e-09,1.45128349192462e-07,"glyctk"
228.71817294869,-6.05555700762158,1.11988025426125,6.66991828140343e-09,1.56840026099629e-07,"esamb"
240.725305094907,-6.01544222310058,1.11432145048227,6.82293884304246e-09,1.59973195076436e-07,"zswim7"
53.3352324808826,-11.0964557639893,3.40887508907317,6.8428304356926e-09,1.59975882642536e-07,"npb"
63.0508839415616,-6.34921063496234,1.17611737557491,6.98906769686293e-09,1.62923828818225e-07,"zgc:162989"
199.571121630463,-5.31806468633518,0.9855801968284,7.12139495104042e-09,1.655315050545e-07,"snx9b"
118.669905720513,-5.94812384537111,1.10409697441424,7.19171801057323e-09,1.66687126038759e-07,"psen2"
60.6345879159751,-7.99923890392684,1.47494276687187,7.35211299808358e-09,1.6991783440428e-07,"rbm45"
345.579981998303,-5.14524999904305,0.95585790137389,7.42081537914458e-09,1.70831881721791e-07,"gtf2h3"
95.9175319805231,-9.99153376097311,1.94290062029707,7.44934510529751e-09,1.70831881721791e-07,"pkig"
31.7906385716806,-10.6177691865323,3.31444936757264,7.45501968695666e-09,1.70831881721791e-07,"gpr161"
839.826951147132,-5.93602261905817,1.10513464978168,7.78325218554139e-09,1.7784951109843e-07,"mfap1"
90.3039567058176,11.4153504445659,3.33450427588098,8.57686849202025e-09,1.95431800653385e-07,"rab34b"
678.890437245118,-7.48898896283391,1.39350352244716,8.67292172571219e-09,1.97065347863163e-07,"si:ch73-215d9.1"
73.8138014202888,-4.71672472728294,0.880214310459344,8.79184002333367e-09,1.99207826186964e-07,"btbd6b"
56.2116682728883,9.47971935840535,2.62926166843829,9.31885519021142e-09,2.10559272719609e-07,"trim23"
79.4266613308762,-8.82422753861667,1.64673702504681,9.43641398645942e-09,2.12621595366212e-07,"atxn10"
63.1302298627141,-7.12331852636571,1.33142507935238,9.83957423161889e-09,2.21089766554348e-07,"mrpl17"
177.65055636662,10.7476798056919,2.99001177744539,1.0046853186337e-08,2.25121870981385e-07,"hdhd3"
154.971436347425,-5.26565597114994,0.989621947844247,1.03673588080901e-08,2.31661782869174e-07,"ephb2b"
93.301464320849,11.7602672280202,3.60565144159068,1.05273868450747e-08,2.34589620357601e-07,"wfs1a"
151.547458434279,-8.2293351611271,1.54740649572288,1.06759241380736e-08,2.3594959112808e-07,"bag2"
104.424691736585,-5.14932369199658,0.965959737683503,1.06707926775846e-08,2.3594959112808e-07,"sltm"
109.688041320849,-7.74857367606632,1.45298044630643,1.06538309967383e-08,2.3594959112808e-07,"vps26c"
69.9395578922097,-7.02361957953914,1.32594771278431,1.11383755909852e-08,2.45499509960435e-07,"aifm3"
68.3192406606026,5.16318246826255,0.977755189635539,1.15842047004093e-08,2.54110309885174e-07,"znf750"
95.123567230053,-6.23973396092183,1.18607214340916,1.15918783962949e-08,2.54110309885174e-07,"med21"
37.6227397503828,-8.03615628597457,1.61343204918547,1.20877803941571e-08,2.64265015157666e-07,"vrk2"
48.8651757498883,-9.11852209356622,1.81413312416538,1.26573582788636e-08,2.75971350721637e-07,"exorh"
46.5534854440355,10.3268086403419,3.0236021182403,1.29973063176841e-08,2.82621534418674e-07,"ormdl2"
38.5013371450069,-6.45327075724517,1.22189389653728,1.31466801708876e-08,2.85103206172411e-07,"guk1a"
122.025872100557,5.11990952573484,0.998953404356324,1.32404767977475e-08,2.86369563681763e-07,"arhgef38"
138.043858674519,5.33986462482488,1.05777453580429,1.33419006319539e-08,2.87793691231667e-07,"brat1"
79.8170214777606,9.87549095638443,2.72559244906505,1.37538149627755e-08,2.95889918175243e-07,"pdia6"
84.7605043984899,4.42565536972165,0.866768940795686,1.39216076714585e-08,2.98705263804848e-07,"si:ch211-15p9.2"
331.074139507735,5.41531431970319,1.06079505297638,1.50334388594052e-08,3.21707637390817e-07,"mrpl14"
107.29751483207,5.68838902605192,1.14193363528432,1.62329962784208e-08,3.46460968063709e-07,"si:ch211-243o19.4"
243.117119162826,10.3195492781537,2.86193204743104,1.66034410954328e-08,3.53434829002515e-07,"tmed4"
102.112696363088,-5.89339364201788,1.12890085191484,1.73520777855674e-08,3.68401462486758e-07,"apoda.2"
161.356875969663,-6.95092609346963,1.32723521537692,1.76920320117377e-08,3.73739303301119e-07,"cdh15"
568.223147793873,4.7538423380275,0.941042552817887,1.76959022331968e-08,3.73739303301119e-07,"casd1"
42.8640969527731,-6.058320207221,1.16172875589746,1.8020072437302e-08,3.79594702982645e-07,"scrn3"
45.054515764786,-6.8907311552755,1.32774037083061,2.09941970840455e-08,4.41096260293102e-07,"cep19"
82.9800513065044,-10.4220839869246,3.31615624406956,2.18935351628762e-08,4.58800015369185e-07,"tac1"
179.48013852115,5.11585221583249,1.01953135257767,2.28495895285341e-08,4.77597751153262e-07,"naa30"
188.235051898392,-5.84218315270003,1.13035044611015,2.38657814914549e-08,4.97552336299944e-07,"smc4"
84.527873879299,-7.42265818895323,1.42720858849444,2.4387939239816e-08,5.05830873104798e-07,"MCOLN3"
97.1947928747038,-4.48808441339819,0.869514912168284,2.43828690678507e-08,5.05830873104798e-07,"faf2"
45.2517675116953,-8.09942101297356,1.5281650070397,2.56443977985707e-08,5.30530776963271e-07,"kl"
231.821338451751,5.54099749255375,1.1087435034083,2.62593289065276e-08,5.41866611032913e-07,"zdhhc17"
86.5051864557689,-8.09081959841179,1.65835380662735,2.66955538149432e-08,5.49466500786452e-07,"ndor1"
525.00610771343,6.23029694995301,1.26255971669232,2.82318964642705e-08,5.78146355694895e-07,"nfkbiab"
688.772782729765,-5.79757431354781,1.12852115883876,2.82297284482822e-08,5.78146355694895e-07,"rab20"
79.2741435963282,9.70037101311174,2.83710049784165,2.83110204617983e-08,5.78302637665371e-07,"zbtb3"
322.704194198751,-4.14898938745223,0.806096367052217,2.87107146327227e-08,5.84989850539279e-07,"ndufa6"
103.305226969951,-6.37091636678343,1.2420224120702,2.8852974672347e-08,5.86411336996519e-07,"lamb1b"
89.0967557036935,-7.29017953137438,1.39909147266831,3.06336103641281e-08,6.21040787557475e-07,"kif20a"
26.7194822473918,-8.23062623934225,1.69837545355244,3.24535291905635e-08,6.5629149405617e-07,"med29"
332.218083555219,5.03565035175117,1.01191226311811,3.32463007704716e-08,6.70646700579414e-07,"mars2"
374.174891429824,5.32634445492818,1.08611306333272,3.62971765370886e-08,7.30367813454004e-07,"dnajc3a"
37.8303018659617,9.65725525766796,2.80367277488957,3.67001930348153e-08,7.36644817515188e-07,"zgc:66024"
156.717375795517,10.2117868270851,2.98502686113495,3.69012728656854e-08,7.38847515372597e-07,"prmt9"
340.975254767956,10.2917517444828,3.00220874035853,3.72525149245209e-08,7.44038501788764e-07,"trim65"
163.315198490239,3.83304491733924,0.774355053100755,3.81400727094417e-08,7.59889281149443e-07,"lrba"
66.165783318215,9.75889277975794,2.88473080827693,4.01994578157074e-08,7.98951877816356e-07,"padi2"
51.3515237835709,-7.60627255799657,1.4714415790173,4.18346527809495e-08,8.29413005747796e-07,"fbxw8"
216.091087594904,4.67477110517066,0.964233221839876,4.25360917019435e-08,8.40597042494674e-07,"esr1"
121.430150117196,-6.21438170525812,1.2265706534092,4.26066000028207e-08,8.40597042494674e-07,"atp2a1"
304.261427561417,4.97776765131453,1.02484448456054,4.56720886395336e-08,8.98884489063716e-07,"stx18"
144.622734565004,9.88515914790782,2.91839965477036,5.07962613490448e-08,9.97308150612677e-07,"eif3f"
41.3753647988661,9.35206684159894,2.81125720369999,5.11046031238772e-08,1.00093252946499e-06,"tmem59"
42.684994990575,-10.1462878774294,3.29583338612975,5.24047102462423e-08,1.02391715261317e-06,"hvcn1"
31.5740136755337,-10.7143837065,3.41891911301684,5.26148358435037e-08,1.02554555936892e-06,"foxn4"
35.7316114388173,9.46588353849289,2.83434020677702,5.3725046347999e-08,1.04466802862732e-06,"si:dkey-23o4.6"
156.435676143955,5.35427365266569,1.08850253025723,5.40683855921819e-08,1.04882295217065e-06,"psen1"
153.721647196846,-7.72312057970207,1.54658124228044,5.57807271037492e-08,1.07687422802441e-06,"pgam5"
53.5118506924109,-7.03257746059305,1.40334519255183,5.56883483273958e-08,1.07687422802441e-06,"DISP3"
73.5552451621939,9.61089500333337,2.77046662145964,5.91008484247865e-08,1.13805377132264e-06,"zfyve19"
176.605707954651,4.43415369266046,0.914764703083446,5.92311333572546e-08,1.13805377132264e-06,"fasn"
274.22004500207,-6.02429912788756,1.20858709627959,5.94798127138737e-08,1.14012370863157e-06,"skp2"
41.9803989639257,-8.15589270903275,1.7363056267735,6.14630181240659e-08,1.17535308180986e-06,"tmem98"
103.044089848188,-4.52152313452363,0.905409874294214,6.22125494889933e-08,1.18408779486227e-06,"endog"
67.2931600592077,10.7505475805466,3.22963842358446,6.21581805217966e-08,1.18408779486227e-06,"ube3a"
143.890018826037,-8.35540314176857,1.66266250140712,6.49888237451401e-08,1.23402487153624e-06,"rgn"
45.2347049690679,-11.2290244581789,3.53853920990599,6.59288323725774e-08,1.24894221325944e-06,"spata22"
65.4159886013026,10.1947046502887,2.98807058013399,6.71984110690906e-08,1.27001856807914e-06,"ndufaf1"
303.691608531969,-5.17928947713864,1.04474848873595,6.97181857541746e-08,1.31456970761193e-06,"cdadc1"
37.4878999102812,-6.62888662016227,1.3294866707081,7.13082518729533e-08,1.34142430093098e-06,"ccdc167"
259.358253645083,6.34175774554726,1.3454181849211,7.38221240530209e-08,1.38549225397885e-06,"cltb"
95.0275990738501,4.81954801168438,1.01601997605719,7.57284359611645e-08,1.41797990391171e-06,"dph5"
74.3331142791715,-5.05361237411153,1.0242535013351,7.60287010457246e-08,1.42031446364634e-06,"lzts2b"
59.2973110001482,-6.59626139496736,1.33804607261591,7.90933721945108e-08,1.47416195318294e-06,"cables2a"
176.894102789225,-8.95155628241522,3.04710120958916,7.95001976792624e-08,1.47833815868403e-06,"zdhhc15b"
53.0753909633678,-7.35360952289585,1.44488441467886,8.0386922911601e-08,1.48798585682366e-06,"TANC2"
166.92706989564,-10.6149847942313,2.23350492640596,8.02083100508851e-08,1.48798585682366e-06,"si:dkey-256h2.1"
1962.76892079752,5.41358992336497,1.15884251154933,8.58226559996369e-08,1.58497594607549e-06,"tma16"
99.1105994056553,5.55809901536382,1.14766569533895,8.63661482674492e-08,1.5913798937025e-06,"niban2a"
34.937376195933,9.88585344841279,3.06983180721531,8.82193689651823e-08,1.62183289899854e-06,"zgc:172270"
66.2705200110258,10.2457722810327,3.16758947366476,9.15690943534886e-08,1.67791778128498e-06,"si:dkey-98f17.5"
16.1288478725395,-9.63959236638984,3.21013581236294,9.16849622113932e-08,1.67791778128498e-06,"PRKAB2"
253.576547077766,-6.12666123822497,1.25225778892778,9.54039081881736e-08,1.7381130930949e-06,"atp6v1d"
52.6103361053333,-8.09448722794595,1.73867176509994,9.53029873364518e-08,1.7381130930949e-06,"msx3"
21.13005688392,-9.69393029506714,3.22387223713151,9.6777571103362e-08,1.75917701720246e-06,"CDK2AP1"
143.477337903318,11.6643121066539,3.48649273534402,9.75921902438353e-08,1.76740432491366e-06,"rapgef3"
44.85763068226,-6.02412075415914,1.23487100591825,9.7667169395031e-08,1.76740432491366e-06,"map6d1"
68.1197810026816,-7.01065452472989,1.44478364617725,1.00060355336587e-07,1.80667012124476e-06,"plekhd1"
69.9594430961336,10.5558943071584,3.17989442106417,1.0141228127492e-07,1.82294209607295e-06,"fgd5a"
63.4945543709016,-7.99972450218581,1.59810533408129,1.01237569472461e-07,1.82294209607295e-06,"sh2d1ab"
50.9236266276268,-7.739109992728,1.56574922259418,1.01827884977491e-07,1.82635423854307e-06,"gatb"
191.950729862546,-6.14336225651125,1.25918044991242,1.03694265640426e-07,1.8557144131978e-06,"actr8"
126.712201881243,-5.58086781700733,1.14782592321994,1.09431880892255e-07,1.9540717097957e-06,"ap5z1"
150.331698716602,-7.02905982087369,1.4534929110889,1.11966539161609e-07,1.99492805127369e-06,"PITPNM2"
26.6002129467731,-10.4195418626951,3.39398453683284,1.13243843484481e-07,2.01325153834278e-06,"twnk"
58.3171959178394,-10.7162106001705,3.45928924573484,1.14035716210715e-07,2.01845713004042e-06,"ogfod2"
145.34195498857,-5.40970307670972,1.11416002191064,1.13858826830426e-07,2.01845713004042e-06,"SLC22A23"
65.1047045832214,-5.58588062561274,1.14871464086116,1.16349646479895e-07,2.05491766457614e-06,"ankrd13a"
32.876990603028,-6.71295363161084,1.37811813664352,1.17457116521751e-07,2.06995776807069e-06,"tcta"
203.764690493739,4.26899511557681,0.910308189677466,1.21328619994178e-07,2.13353740681067e-06,"marcksl1a"
391.919447644454,5.31488028242557,1.16775333059073,1.21738248227217e-07,2.13609694123636e-06,"psmc5"
42.130845156646,-8.07360444091318,1.75041254114476,1.23934999140547e-07,2.16993551525516e-06,"si:ch211-14i3.2"
43.8846495731213,10.1146176327004,3.13135490743423,1.29564263397332e-07,2.26359681775598e-06,"si:ch73-238c9.1"
91.5818283031227,-9.70119699175662,2.11730690799047,1.30521778954252e-07,2.27541092663997e-06,"skap1"
26.8955393712177,-10.4091153417382,3.40098814869646,1.33725003410864e-07,2.32623989804403e-06,"hddc2"
13.2238445777491,-9.05453464509051,3.09224692529244,1.36634179889894e-07,2.37174652602866e-06,"kif15"
113.641489597003,11.4308434192429,3.48286140142257,1.37279797748113e-07,2.37785071517021e-06,"eri1"
65.4891847041716,9.24052305234071,2.81174000479713,1.3858821245481e-07,2.39538472339094e-06,"phkg2"
72.5985383950535,10.714532183295,3.28695149050878,1.49353026978443e-07,2.57594165293949e-06,"rnft1"
106.976392225782,-5.33085053122055,1.11166225720574,1.49701661833446e-07,2.57646115440584e-06,"rd3"
34.3125675834129,9.72960028227504,3.10687601872845,1.59018897768658e-07,2.73100608078699e-06,"acyp2"
583.56132956326,-5.8767235798602,1.22821192280187,1.62585723139836e-07,2.78634727643673e-06,"armc1l"
504.243102148279,-4.77543344473574,0.997239450124797,1.66257318931128e-07,2.8432462004945e-06,"pld7"
83.7396105724741,4.76884928054944,1.02316202008851,1.7475635680589e-07,2.97600877937441e-06,"il17d"
92.9781451197274,-5.94960122060879,1.24605544846,1.74697085630186e-07,2.97600877937441e-06,"uevld"
153.833990318118,4.87015523611643,1.07005196035846,1.85981284354313e-07,3.16050968307151e-06,"ndufab1b"
183.345913769472,3.48630397312198,0.746640927244848,1.87091186168768e-07,3.17270567069008e-06,"kcnn4"
51.4275288799612,-7.72660679765087,1.60375802944451,1.90278300680825e-07,3.2200024565004e-06,"mitd1"
33.2181292186268,-10.7059707547578,3.48755728529053,1.96245835348416e-07,3.3140554533055e-06,"foxm1"
87.3736206659838,-6.27614265251105,1.31046899514138,2.06383906765084e-07,3.4779987954641e-06,"six9"
69.1005280994093,4.65354689394789,1.03414265661564,2.07170433140827e-07,3.4839950804078e-06,"ptpdc1b"
430.312101915848,6.11942060853713,1.36447333508607,2.13199803098795e-07,3.57795271217044e-06,"gorasp1a"
82.5396462693467,-6.85021301893418,1.43593912839858,2.15494588409566e-07,3.60897665765006e-06,"tpte"
188.120310729623,4.91370082413756,1.05032579207609,2.17514320037709e-07,3.63527548509303e-06,"riox1"
55.8154016915576,10.3981194348178,3.25941743377206,2.19846190768703e-07,3.66667182912998e-06,"rhof"
59.5049150119537,10.4766446905645,3.27830765336245,2.22334647838574e-07,3.70054519828441e-06,"rxrbb"
18.9206460736784,-8.98720113344997,3.10439051876324,2.24189471986472e-07,3.72375490533588e-06,"chrac1"
42.6755534883921,-8.18116122281237,1.81791430791529,2.25274640823338e-07,3.73411182299177e-06,"ampd3a"
305.982351266748,5.76559183744008,1.27067325079501,2.309214557557e-07,3.81988477629419e-06,"thap4"
169.836327671593,-5.90289546426247,1.25725566332219,2.38449283791868e-07,3.93635970733147e-06,"si:dkey-174m14.3"
68.8084467988928,4.59365625691303,1.00915982634152,2.42520113795657e-07,3.99540774031175e-06,"znhit3"
132.312343323349,-4.75044750378942,1.01257877994889,2.62024027029856e-07,4.30795194033437e-06,"WDR33"
45.3233700607548,9.22745565912903,2.82856029314501,2.67980106383832e-07,4.39693931143777e-06,"f9b"
39.7274414210411,9.63438234906761,3.03167790144593,2.74594426361657e-07,4.49634476688146e-06,"tsta3"
24.7150239931569,-6.22588525572749,1.33476897163467,2.85960683064787e-07,4.67300195012336e-06,"rcbtb1"
131.64989122943,-6.40346966157508,1.36467388743619,2.93973673845425e-07,4.79426017688638e-06,"trpt1"
207.083311795455,5.6757013569212,1.25700646876428,3.02144504191141e-07,4.91759938511498e-06,"rad1"
62.2302527836434,-7.77963567615773,1.67805812306009,3.08730003096365e-07,5.01469276113754e-06,"dnajc19"
57.7851062418053,-10.6012295205227,3.49602245366269,3.29639290529107e-07,5.34359162543076e-06,"tmbim1b"
1019.2358487722,-5.75372868426473,1.24092535086496,3.33072418450656e-07,5.37769020528415e-06,"khdc4"
64.3098585214159,8.12566066729404,2.48966141576803,3.3298326498976e-07,5.37769020528415e-06,"aplp2"
116.381225139286,-4.1775277489623,0.897990613957467,3.36233820434142e-07,5.40789820827861e-06,"si:ch1073-335m2.2"
369.736243781018,-4.14307219439973,0.89096506969452,3.36280479510958e-07,5.40789820827861e-06,"fam183a"
63.7423502381356,9.68981832436073,3.03490848526854,3.3967792517221e-07,5.45169590618652e-06,"eif2b1"
27.6468025521467,9.47612018914985,3.11265623018247,3.43088271918561e-07,5.49552679514701e-06,"xaf1"
68.1500968030163,-6.46873230388138,1.40490730590941,3.47555138749002e-07,5.55607414494206e-06,"rrp12"
52.2918028694448,-10.5127104015912,3.48270839794779,3.71953015110818e-07,5.93437463359251e-06,"tmem82"
52.4879458775667,-6.2183907702402,1.34482538175806,3.8180232784934e-07,6.07952564955377e-06,"si:dkey-122a22.2"
36.9141311895848,-7.51579970984984,1.58571208927044,3.84888105832606e-07,6.11662060526513e-06,"chadlb"
162.358784291066,9.94403620781315,3.10754399815118,3.9102361641086e-07,6.20194124146559e-06,"srpx2"
51.7558958799121,3.39678459896636,0.74343800241229,3.94782889090894e-07,6.24931270030576e-06,"gyg1a"
20.7051977650973,-8.75098240874793,3.06628951059408,4.02241737236285e-07,6.35494807129747e-06,"asb3"
23.5996366361539,-5.29207442002021,1.14672266920811,4.24378841704495e-07,6.69161881198374e-06,"sema4ba"
25.8711720204878,-5.22232492030253,1.14305352036789,4.26708224967543e-07,6.71525842755341e-06,"ppil4"
158.586116335889,5.17009964346558,1.20276036461564,4.28293455806359e-07,6.72711798838377e-06,"qrich1"
98.6712519235569,-7.27714960055918,1.54221366633407,4.44670980841209e-07,6.97082086051268e-06,"slco5a1a"
69.6357176195901,-6.531074727456,1.40621446304011,4.53020688931976e-07,7.08797747151016e-06,"uck2a"
136.751946737199,4.04480319871646,0.903465377275658,4.70220050546453e-07,7.34287642639047e-06,"nr1h5"
16.3088266121144,-9.60505869236572,3.29312629743285,4.7138472792144e-07,7.34688066311469e-06,"QPRT"
36.1281369774262,-5.37637231197259,1.17429571894493,4.74851095104514e-07,7.38667405442387e-06,"tmtops2b"
52.4980819805617,-10.5091511394962,3.50920673972518,5.42438469964988e-07,8.42185179183644e-06,"tlr22"
31.2453811734468,-6.1334261662048,1.34588714614363,5.43901306781045e-07,8.4283863420534e-06,"tbc1d4"
19.3950664914486,-8.47135099201545,3.02988074235024,5.54928530588533e-07,8.58282386984827e-06,"mthfsd"
27.6280370801949,9.38255134981565,3.07775337999007,5.64391583638726e-07,8.71252580162911e-06,"gpr155a"
148.942336269681,-6.14170277464305,1.36718830585117,5.70921870192613e-07,8.79654668188199e-06,"nfkb1"
73.1368828617618,6.09606745895851,1.38960444461896,5.85258135784988e-07,9.00029098928663e-06,"usp13"
25.6631267444848,-4.58982538521269,1.01541619628009,5.93180791897579e-07,9.10481864451521e-06,"ttc5"
21.9301041371654,-7.81371255785616,1.81320917917826,5.95371825647345e-07,9.12114147284351e-06,"kctd9a"
44.098243644106,-7.29990406624441,1.62302198923339,5.97960575495784e-07,9.14348411188165e-06,"ech1"
186.164779920964,5.33171538677031,1.2242413539168,6.03504642177996e-07,9.21084726524115e-06,"rufy1"
47.1056856325583,-5.01608086087602,1.11709914728431,6.23912790102899e-07,9.50438900026809e-06,"prickle1b"
58.8101122777607,-7.24765759247098,1.60509150200502,6.51347941199031e-07,9.90367198563714e-06,"pih1d2"
85.3643270627433,-5.86804599777164,1.3106222933905,6.53430642863446e-07,9.91669881824092e-06,"ergic1"
61.6970260028839,-3.92933392298264,0.872265121982256,6.67317690881578e-07,1.01025677497338e-05,"mms22l"
134.011579280631,-4.04105223032435,0.8973818646817,6.68175762901173e-07,1.01025677497338e-05,"phactr1"
98.3207252466124,-6.23113482079347,1.4005987017595,6.73861203625925e-07,1.01695210375562e-05,"FBXO40"
18.1057904197061,-5.89105650128609,1.30900729952551,7.0773408045985e-07,1.06608211859213e-05,"fgfr1op2"
277.661446468591,5.73197845377229,1.34356677912895,7.10529453848646e-07,1.06830348553563e-05,"dgke"
220.087414152186,5.23838956231652,1.22259393274096,7.14003614526678e-07,1.07153529460228e-05,"coasy"
61.3400284495,8.31855442272208,2.62069785517666,7.35019899772673e-07,1.10103258690021e-05,"ddx24"
32.9351858099644,-7.52236394181283,1.78405533407878,7.39408261546062e-07,1.10555885908431e-05,"cdc7"
19.5360841865742,-9.82318342807544,3.37240010194528,7.49716430198434e-07,1.11890335864855e-05,"evplb"
38.9771197539775,-4.26107783227942,0.954798812458372,7.53703830668946e-07,1.12278274148823e-05,"wasf3b"
41.1003520784251,-5.66037397923815,1.28020638596602,7.81373927788549e-07,1.16186281284588e-05,"camk1a"
40.7669751534108,-5.52686589881269,1.24158627914226,8.07407357651437e-07,1.19837029652156e-05,"arhgef9b"
44.896977319504,8.89596952490418,2.829572604773,8.09525434931336e-07,1.19931341449809e-05,"stk38a"
30.632209271931,9.57753959134128,3.22242391177622,8.21713266691953e-07,1.21514417079912e-05,"sprtn"
38.9503647826474,8.57853510083229,2.72453145046008,8.26667036986937e-07,1.22023898945024e-05,"smdt1b"
105.450899434514,4.39942387281489,1.0129328261417,8.28691891932219e-07,1.22099976572673e-05,"arg1"
64.0705350559254,9.20568409965205,2.92328267330373,8.35862366266452e-07,1.22932557831442e-05,"cfl1"
30.6920411252235,-5.3377076128584,1.20911713056399,8.50597250986879e-07,1.24872616392611e-05,"zgc:103759"
112.373374227755,-6.96844640070146,1.58159565250903,8.5596137682139e-07,1.25432456107033e-05,"dhrs12"
116.490167330235,5.43362214878457,1.26893721533844,8.67001987157888e-07,1.26820598085355e-05,"micu1"
30.7809774268864,-10.5034713301444,3.550194494723,8.75043862926808e-07,1.2776588099666e-05,"acsbg1"
29.5257086211022,-5.32447298158747,1.20493016266587,8.88586589524617e-07,1.2946382415332e-05,"snx13"
22.6148720917223,-5.36852477632973,1.19386055090855,8.89873732590505e-07,1.2946382415332e-05,"ankrd27"
117.643990040287,8.82058653508917,2.81179483222276,8.94733380965971e-07,1.29937133189116e-05,"banf1"
30.6910897442082,9.11015763877453,3.06162952456979,9.00251383255927e-07,1.30504183497441e-05,"aqp10b"
98.9805807537021,-4.51724338662841,1.02138779697315,9.24072974739718e-07,1.33717822766898e-05,"RAB19"
184.997695200744,-8.45086330534904,1.88109435049969,9.48297353776557e-07,1.36733998122969e-05,"pola2"
215.341535210633,5.05709410720976,1.18708081377229,9.48254463621632e-07,1.36733998122969e-05,"ncf2"
337.119312206718,8.97090731541996,2.84032478165054,9.50045310094605e-07,1.36742286714506e-05,"rpl9"
231.981475637313,5.25366181701989,1.24576836755931,9.82964248392692e-07,1.41229090679369e-05,"TMEM50B"
41.9360377456696,-7.17416480411645,1.58574204207159,9.93325812548106e-07,1.42464760597547e-05,"rrp9"
12.4226359799911,-9.03361302465643,3.20484030172132,1.03539177847301e-06,1.48235116744569e-05,"bcan"
27.7910413881383,8.68609853465976,2.89152645367285,1.0507243237727e-06,1.50164470936349e-05,"zdhhc22"
30.1371383777249,8.63193928291798,2.85234780982966,1.06483696033598e-06,1.5191298363594e-05,"aldh7a1"
76.4759691034448,-4.39620228838631,1.00203608654076,1.07964872277051e-06,1.53754903494554e-05,"znf839"
19.5782263499356,8.82136895725075,2.96782116411382,1.11207974932394e-06,1.5809513343201e-05,"DDA1"
27.5941343200991,-7.22460074722694,1.60964716695955,1.11890497901744e-06,1.58786357460913e-05,"tgm2b"
33.2437037101668,9.51643805506649,3.17440622859188,1.12526629033563e-06,1.59409439974167e-05,"SH2B2"
35.2530096802558,9.53220432290384,3.16634334069807,1.16773128942735e-06,1.65135986017096e-05,"gtf2h4"
40.7567392286317,7.61921085411363,2.45277950335073,1.18797546605031e-06,1.67705646507521e-05,"stau1"
24.5150708347958,-5.33034194685163,1.2108721695116,1.20868662299202e-06,1.70332161905618e-05,"SYDE1"
59.0341472384047,-4.11773875254727,0.942636312643108,1.21614637227867e-06,1.71085356614994e-05,"fbxo32"
18.9837390224516,-6.89695784243162,1.67355712355815,1.21964411713519e-06,1.71279535824766e-05,"gtpbp6"
48.6261808986787,-7.31374684411629,1.75920113418334,1.24054458272783e-06,1.73912740549141e-05,"mtfr1"
19.2435931665785,-7.52008127137462,1.8321359161758,1.24996589611412e-06,1.74930348333341e-05,"tbck"
165.211960103029,5.05135960436119,1.21326490762116,1.31316683636735e-06,1.83457798607522e-05,"tmub2"
61.9850421119761,-5.11447560117818,1.18199848172932,1.36275406111974e-06,1.90057200006854e-05,"C17orf75"
122.966451589467,8.78007514471192,2.89235982837018,1.3719053309291e-06,1.91004169051385e-05,"hmgb1a"
121.482986622553,-5.68386286165152,1.31929378877442,1.40106383759632e-06,1.94728614816437e-05,"rgs9a"
151.18914209866,-3.2618074289389,0.747039369473054,1.42983564208119e-06,1.98386629653426e-05,"mtres1"
70.7589594077787,-4.14029361286736,0.956917025061726,1.47754755720127e-06,2.04655516955497e-05,"NEMF"
40.9640160560574,-4.41018779441679,1.02680417355206,1.52096661109984e-06,2.10309383199771e-05,"si:ch211-197h24.6"
49.2460001922411,-6.78185542847849,1.5587181059979,1.52458445478055e-06,2.1044989171877e-05,"eif4eb"
283.199875673673,-4.81865341139922,1.12127690079626,1.53477535765397e-06,2.11495704737017e-05,"cct5"
52.2828731413273,9.20766573598717,3.05940349213829,1.54078108429665e-06,2.11962214130537e-05,"lgals8a"
132.089157106095,9.42794212605073,3.12633693798597,1.54520884552536e-06,2.12210430415189e-05,"SNX14"
46.2090499933105,-7.07855434898557,1.64130725344475,1.55724092180697e-06,2.13500369771129e-05,"abcg2d"
47.2158783944859,-5.26528609790249,1.23057018658339,1.56390447116702e-06,2.14051155114553e-05,"ccdc181"
236.655039578258,5.01029211911536,1.22122115809053,1.60092986518268e-06,2.18748677017951e-05,"atp5l"
133.474228112968,-5.44402761873836,1.27511536477199,1.64196058967616e-06,2.23976715175219e-05,"mmp28"
169.319866481242,3.83821776783412,0.928939975449865,1.73728669114616e-06,2.36183395708929e-05,"P3H4"
17.6963472144454,-6.08683544315985,1.41143895841792,1.7365143436282e-06,2.36183395708929e-05,"dolpp1"
132.669126144214,2.76192258400927,0.650686982334831,1.77583159233075e-06,2.41018485744353e-05,"aamdc"
24.2791714043989,-6.53277128800164,1.52241328591114,1.7885704116867e-06,2.42340805027366e-05,"ddx31"
294.66673296969,5.45936225979229,1.34816646418665,1.81843143403069e-06,2.4597478043268e-05,"ERG28"
60.4261469452116,-3.93092768338141,0.918795654464471,1.85321199702091e-06,2.50260965674493e-05,"degs1"
19.7460156376167,-6.12992228441483,1.42830210650787,1.90147814408058e-06,2.56350945124464e-05,"cog1"
22.9525993928507,7.81830861396263,2.6058315095511,1.92143898590061e-06,2.58610980980866e-05,"fam174b"
43.3016733915861,-5.23759466356811,1.24420126647695,2.01084553506446e-06,2.7019484274313e-05,"ergic2"
21.33631553586,-6.8823704320921,1.59925054146044,2.06110826820279e-06,2.76489299858912e-05,"sowahca"
170.671727338767,-9.01796661643531,2.10795222327528,2.08524828397722e-06,2.79264459753175e-05,"kbtbd3"
91.961946626544,10.9508160659229,3.73975414622572,2.19969233946363e-06,2.94104319568948e-05,"slc16a12b"
55.1452261476217,-5.83126877090964,1.38840279893071,2.21398899390669e-06,2.95527342767512e-05,"arpc4"
41.0575508074321,-9.0529646586303,3.26351113366395,2.23028486526206e-06,2.97212096789206e-05,"dhx29"
54.0195941411585,-7.89268477245919,1.95824656326366,2.25475213905324e-06,2.99978454815817e-05,"klhl32"
160.333242438709,-4.26888455994805,1.0102999085863,2.27169963069197e-06,3.01736918106197e-05,"zdhhc2"
18.6886637420833,-6.20017997874174,1.45420520190715,2.38167327643133e-06,3.14943866178976e-05,"rasgrp4"
30.2751536210874,-5.41140116540664,1.28893551714996,2.38281179504924e-06,3.14943866178976e-05,"sumo2b"
21.9266491360801,-7.84806472224224,2.95750988705084,2.37518564402821e-06,3.14943866178976e-05,"tmod4"
42.2151791880641,8.60505213244475,3.00267824440377,2.54165612339195e-06,3.35390805581036e-05,"gck"
228.485500631436,-4.1986006261867,1.00024854427098,2.5652251290458e-06,3.3794961024188e-05,"slx1b"
231.366513210766,4.32442434652771,1.09013788528479,2.57045756721849e-06,3.38088313190738e-05,"gngt1"
106.936743571621,4.06775185356104,0.999423802610712,2.71123295858486e-06,3.56025379902483e-05,"march7"
106.935695089209,4.3474973567604,1.06858750874938,2.73159703354129e-06,3.58118126488096e-05,"adck5"
44.7910244119945,-4.48478296392095,1.0775474740087,2.75819586176026e-06,3.61020167083798e-05,"bdh1"
300.446412116976,8.95290076872806,3.01036435300425,2.79582333731617e-06,3.65354038377229e-05,"mibp2"
110.079039513272,-3.85006679199978,0.918087471974705,2.83546897917316e-06,3.69341522907113e-05,"fkbp10b"
20.3605189346825,-7.49280881095014,1.88057020234222,2.83445606387624e-06,3.69341522907113e-05,"si:dkeyp-97e7.9"
84.2929564639057,3.82806688834971,0.934665795258188,2.8555018528325e-06,3.71352966037975e-05,"neurl4"
25.5695585750663,-5.45006517793249,1.31318911104122,2.93626154664852e-06,3.81242691024717e-05,"clcf1"
39.6247568338811,-6.37411827614669,1.52102149039957,2.99768482217945e-06,3.88594111003359e-05,"brd7"
129.085186852165,5.15453253082097,1.29480421593079,3.0150707152642e-06,3.90222512252354e-05,"faah2b"
171.729776067964,-6.32376100392057,1.54959028511749,3.04221375135944e-06,3.93106502152501e-05,"gnav1"
116.802409516027,3.91607421446635,0.973065625872637,3.11121192465115e-06,4.01381072703399e-05,"fam160b1"
111.918123495157,4.6022356465962,1.14716947791767,3.15294252358463e-06,4.06117071230511e-05,"rab11al"
26.3362484415591,9.34853941633976,3.33334619373143,3.17952458238757e-06,4.08889894227871e-05,"zgc:55888"
216.688095794755,4.75421001909698,1.21579206758224,3.18677023572887e-06,4.0917118153668e-05,"klf9"
49.9603018183435,-4.47915605639312,1.08488705430971,3.19336114999639e-06,4.09367644093832e-05,"slc38a10"
68.8799424291685,-4.6787140357163,1.14266093444041,3.26849450100429e-06,4.18336266117463e-05,"h3f3d"
144.005569688678,4.22181265908605,1.05291645609189,3.28785711157609e-06,4.2014970261515e-05,"mrpl35"
94.3485950927247,-8.70236088087157,3.20388344681776,3.32894965842432e-06,4.24729870457323e-05,"prepl"
235.346061041143,5.03284729315894,1.30024054492113,3.38830652847261e-06,4.31622228485275e-05,"rbp5"
27.7840113317645,8.7221741829645,3.03892150629192,3.41637912180134e-06,4.34514004972501e-05,"bnip1b"
65.6549628375111,-5.02108041825634,1.22207228907398,3.44868515029892e-06,4.37934288552088e-05,"ptpn2b"
143.315094715186,-5.66608155532619,1.38606489956016,3.47540278375096e-06,4.40635315325415e-05,"GALNT5"
60.0417808630307,7.38212114853812,2.49066307107965,3.57587054673061e-06,4.52663800508668e-05,"eno1a"
156.818980177504,5.28310412093371,1.40899352570817,3.7786336330296e-06,4.77583866524632e-05,"bicdl2"
148.062492233112,-3.4593235601084,0.838756880714884,3.86916580786972e-06,4.88263373164713e-05,"ccnh"
84.98891998075,4.94169527046239,1.25354478341934,3.98590843762861e-06,5.02212045980964e-05,"ranbp1"
60.3255676682478,3.85529665960043,0.953554550313546,3.99868697925002e-06,5.03038553268327e-05,"epn2"
21.6848767479369,-4.37341546490538,1.06852669335582,4.13779297724403e-06,5.19729928461599e-05,"vps35l"
33.0064704128429,-6.4000143637386,1.59500091212286,4.24108072440141e-06,5.31085433523557e-05,"upb1"
36.8208167913219,-3.99528151310039,0.982850171532649,4.24133007857854e-06,5.31085433523557e-05,"dlc1"
27.1058901852172,-4.93059699753178,1.2185892614363,4.32736863055461e-06,5.41021404212616e-05,"ankrd40"
18.9838336365059,8.45126065317759,2.99130597245731,4.39408339598787e-06,5.48514515280029e-05,"C1orf50"
27.3437262012623,-8.33437269239455,3.13492637924578,4.45987907434079e-06,5.55869982008361e-05,"zgc:158640"
14.0540539867435,8.13518872430566,2.90304649673504,4.5419510350804e-06,5.65228337273313e-05,"klhl21"
163.136856930811,4.39916748496461,1.1362053004018,4.69132701722415e-06,5.82748476125858e-05,"idh2"
1783.86935132203,-4.47292291740921,1.10367101997618,4.69714434953714e-06,5.82748476125858e-05,"ndufaf3"
115.473621373495,4.58923838686888,1.18159487786857,4.79321602270795e-06,5.93756882200377e-05,"mfsd2b"
24.4935482596308,8.18090232802828,2.89067907406877,4.9687957651702e-06,6.14565580190547e-05,"git2a"
17.3856542880344,8.24464160864777,2.94838304994935,5.18150078110431e-06,6.39704551185914e-05,"bloc1s1"
50.6106234264304,-6.63802971720545,1.66812844348701,5.18786235106885e-06,6.39704551185914e-05,"ndufa3"
87.98806779755,8.327482560071,2.92265633168409,5.32166712986826e-06,6.55204953021375e-05,"rps28"
64.6682221814323,-7.2688422223303,1.80157931644062,5.42580923486251e-06,6.67011715817672e-05,"atf6"
22.1795944255452,-9.83993558019975,3.54163838924705,5.44210683736814e-06,6.68000033497282e-05,"klhl7"
24.2655612930192,-7.75737519293202,2.0305772605409,5.63304397190523e-06,6.90389283162749e-05,"cracr2ab"
24.5483341102479,-7.26834921576485,1.90131227265612,5.75079517529705e-06,7.02691573609938e-05,"tmem110l"
28.0551851152334,7.93745814534216,2.76272137221638,5.74341959922795e-06,7.02691573609938e-05,"sept10"
17.4465745256068,-5.57679222723379,1.39310932026539,5.77351913812394e-06,7.04404167545771e-05,"atmin"
35.1516775081882,-4.48875384855849,1.1158157393177,6.13754493111713e-06,7.47689773310338e-05,"metap1"
38.1567898892688,-5.51978514729388,1.35984992778895,6.1835497608198e-06,7.52161413763479e-05,"oxsm"
185.423945820122,-4.72817379701672,1.18497797987433,6.21766920967295e-06,7.55176069625292e-05,"si:ch211-191d15.2"
46.0366165010413,5.21121858681738,1.35758946701742,6.37309759740559e-06,7.72893350306054e-05,"C12orf29"
111.734120302146,-3.57519282147488,0.896590958861752,6.64322255822822e-06,8.0444651607048e-05,"rad54l2"
47.0761924520595,-5.69284972887463,1.44996712514542,6.70980439725175e-06,8.11294585491322e-05,"lypla1"
42.3392159077599,-3.62804821870867,0.913385000475294,7.02109343484696e-06,8.47666041708613e-05,"foxk1"
49.9408160832426,3.67389568436702,0.932148449301535,7.04900882367299e-06,8.49767993661562e-05,"entpd5b"
15.64697192397,-7.15065310747881,1.89673228335907,7.06328635180606e-06,8.50222072913083e-05,"vstm2l"
103.388488070843,8.10570437428419,2.90090084029297,7.46442956444968e-06,8.97173413771672e-05,"metap2b"
13.9124639692979,-5.45472279231853,1.37164526528257,7.49844029319778e-06,8.99924088007074e-05,"cxcl19"
225.995741252299,4.26703527422086,1.13796836426293,7.80659804077883e-06,9.35519578546073e-05,"PCBP2"
57.5479672151735,8.53487318473496,3.13162513306861,7.93674752102876e-06,9.49709329846178e-05,"g2e3"
147.166988014645,8.1714937499595,2.93034837190599,7.9602916908671e-06,9.51119637923545e-05,"vat1"
80.55224676321,-5.02031818163365,1.29451693747496,8.17849209340979e-06,9.75749595038227e-05,"acsl4a"
241.613888997621,4.78582337079779,1.30106555606925,8.39251567119047e-06,9.99809414790276e-05,"ankzf1"
55.1887573898726,7.40974282326919,2.66575547022391,8.57254930500612e-06,0.00010197551665911,"eif4bb"
693.099131679585,-5.92477204428058,1.53452314163415,8.59319506458103e-06,0.00010207100569368,"serping1"
307.249749270014,8.61404510366672,3.11819078578245,8.80190789995303e-06,0.000104293396545461,"rps8a"
17.9526442142719,-6.54562242854585,1.66382835975451,8.80608107807515e-06,0.000104293396545461,"tmem129"
49.4930785365419,-8.01709303768835,3.10372739322513,8.89820766517215e-06,0.000105230411993534,"dpep2"
13.6594390672903,-8.58225747812595,3.26269583604408,9.15757885975957e-06,0.000108139642914737,"adam8b"
122.42535035589,-5.01674113783877,1.29765575333803,9.26151570781071e-06,0.000109207580991955,"hint3"
68.1147032626267,7.63070724987017,2.71380188109893,9.34432611908574e-06,0.000110023659355582,"cplx4a"
45.9390206833718,-5.37185358035182,1.37565447588241,9.43872066583575e-06,0.000110973563177246,"shq1"
10.8765520912037,-8.70194967728875,3.30424605183414,9.86182510832733e-06,0.000115779830625921,"osbpl1a"
21.2016503038891,-4.49915449507047,1.1681688547624,9.94080040791774e-06,0.000116537876086444,"nipa1"
42.6018006380055,7.61978896088935,2.77070333807866,1.00609022028778e-05,0.000117686510776483,"eno1b"
81.9176395041418,8.19150564393325,2.98227065319908,1.00678780389821e-05,0.000117686510776483,"rpl35a"
27.9481302389223,-6.93218351602297,1.79203629029971,1.02079146507131e-05,0.000119151257733937,"si:ch211-166a6.5"
254.240588642456,4.36413115431306,1.18890103733909,1.02988376760187e-05,0.000120039334238206,"myl1"
172.937857064316,-3.72032993612029,0.95970886675114,1.04409829144627e-05,0.000121521022726747,"wdcp"
70.8862718617817,-5.69834030182939,1.45506632724851,1.04672645931014e-05,0.000121651872548272,"brsk2b"
36.6829192989169,-3.98048672528698,1.03345340335468,1.05919699704496e-05,0.000122924598408848,"erlec1"
20.8907013554374,7.57640230733834,2.76967306881661,1.07335573377573e-05,0.000124389319921374,"ppp1r3da"
16.3673173259362,-7.04848266082208,1.9509438859682,1.08346909234341e-05,0.000125381709412959,"fam177a1"
203.463009771435,-4.38767923748613,1.13191451010562,1.12955787514848e-05,0.000130528480743944,"ppp4r4"
50.4767985714478,-4.45520849631888,1.17372863101039,1.16182076073693e-05,0.000134065165957218,"psma1"
488.03888829204,9.13282425775535,3.40977909845657,1.16658470102759e-05,0.00013442312886912,"rps14"
62.9401742469235,-5.73580396751624,1.46272832331198,1.18985936967078e-05,0.000136909992052161,"med20"
31.3233365665945,7.3883976619723,2.7132712326222,1.21784026722275e-05,0.000139930538658591,"mob1bb"
7.65320517608955,-7.77499560193406,3.06822555934842,1.23857843469052e-05,0.000142111502953356,"si:ch211-212d10.2"
104.051293059486,7.67850136435348,2.79171667651071,1.27759818026725e-05,0.000146380901985578,"rpl7"
54.517899433891,-5.98120229147623,1.59964051027807,1.29169221760208e-05,0.000147786398135547,"fmnl3"
24.6871045432251,7.56581379149051,2.80282627372316,1.31804447836285e-05,0.000150588443297699,"rnf10"
295.061279632203,3.54823645938671,0.974256137213569,1.3870183654767e-05,0.000158245297014683,"thoc6"
108.319415375565,3.05591201125347,0.813232292216094,1.41370804126756e-05,0.000161063159800187,"slc35a1"
10.6629858230789,-8.32706061765859,3.23841212674504,1.42360276899743e-05,0.000161962345969342,"mos"
21.2717896182786,-7.80091795876405,3.0904591025917,1.44459064429941e-05,0.000164119293844634,"ASTN2"
164.490455330192,3.41085258723674,0.947173851948587,1.48034406151199e-05,0.000167710127641044,"slc1a8b"
325.719203967104,-3.82967226260943,1.0133816720545,1.47930061796656e-05,0.000167710127641044,"tmem165"
10.6998465565582,-6.38234042657222,1.77407087293851,1.50654359819527e-05,0.000170439596724497,"zic3"
104.605160650641,-3.75482687257966,0.998378946202282,1.51544207573294e-05,0.000171206856852007,"dnajc7"
26.8133588957202,-4.78659531111038,1.28807572087977,1.56880166361354e-05,0.000176987958953555,"zfyve9a"
135.445992661536,7.51596460493013,2.76848251543969,1.59083662899344e-05,0.000179223920500389,"txndc5"
13.0105018622582,-5.18063817988033,1.35634661290006,1.59616814791388e-05,0.000179574466599101,"bfsp2"
80.7410331506807,-3.43717926750065,0.909741941287884,1.62293834385048e-05,0.000182332614769535,"fbxo3"
16.9388232316648,8.32102956914828,3.17002515698003,1.65323757030764e-05,0.000185222142745409,"fbxo30a"
41.5109791614599,-6.55166234391253,1.86572715272663,1.65103775677635e-05,0.000185222142745409,"ccdc153"
25.7162641739422,-4.76437495435758,1.2741705722542,1.68055772606786e-05,0.000188022564953845,"arl3b"
61.8138320069572,-4.54103501620981,1.21540674205907,1.68727144423123e-05,0.000188512965640696,"tprkb"
63.3537276440772,-4.50705442775028,1.21493984636292,1.69895902548536e-05,0.00018955695940898,"fbxl5"
44.9932035238258,-5.91478980333428,1.57691843142279,1.73622039627554e-05,0.000193447476383923,"zgc:77375"
74.6851729103821,-4.53670045935026,1.22637896003644,1.75134163838129e-05,0.000194863858498848,"ctsd"
50.8647762747886,7.05677585657084,2.59750540396133,1.78672030044893e-05,0.000198527204812244,"cox4i1"
34.4854702117204,-6.01273053600198,1.65836296784146,1.82279465459281e-05,0.000202257694938289,"exd2"
13.3505177102705,-6.90586762372987,1.95595101098808,1.83713945773394e-05,0.000203570151693286,"bmb"
13.8703728588365,-5.84816017200009,1.52780235791329,1.85706808941719e-05,0.000205496905270803,"itpr1a"
30.1178366961872,-3.94760616768183,1.06514428830677,1.86013800122756e-05,0.000205555413824177,"zgc:153896"
26.6418913462821,-4.7610624443627,1.28924149498695,1.87964483781482e-05,0.000207427654748759,"mettl8"
255.48875560328,2.98452825917555,0.832278592539257,1.89266387149301e-05,0.000208579810034155,"polr1e"
22.7541511846955,7.09106992358452,2.67129025563543,1.91647072455889e-05,0.000210916077427985,"cbx5"
10.8013659277668,-7.92115424299911,3.1537695176301,1.943605308808e-05,0.000213611730203096,"ano10a"
23.1823559576473,-3.89528775844715,1.0479947872787,1.9573760306791e-05,0.000214833306813613,"blm"
65.163039602217,-6.79208830321163,1.92474675646864,1.97280138556767e-05,0.000216232932355785,"fastkd2"
83.7524447722981,-4.34021122958823,1.17959586767652,1.98280091623036e-05,0.000217034866189275,"hnrnph3"
9.65132963814514,-8.48521764942774,3.32183592963578,2.02645227984593e-05,0.000221513141779374,"si:ch211-283h6.4"
30.9731447125598,3.63674528838603,1.00603786432016,2.05375655601001e-05,0.0002241948283612,"prkcsh"
624.768038616774,5.18738119181731,1.55949370365789,2.06880035951817e-05,0.000225532696875235,"rpl11"
213.31545066462,-5.98327022870129,1.64833975791365,2.12198103265518e-05,0.00023101890408005,"trappc12"
22.6435374643076,-5.95747618599353,1.63025174018386,2.13128228568069e-05,0.000231719656033214,"abhd3"
82.2572656667192,-4.00335323291353,1.0958931265836,2.14087525787162e-05,0.000232450200817766,"snf8"
17.4450573965531,-4.39540543656204,1.1977425242973,2.15422603124087e-05,0.000233586251564442,"nipal3"
49.6997891770018,-5.98650110579924,1.5901326078966,2.19548106220258e-05,0.000237740914486702,"immp1l"
18.3155386811192,7.40907570436375,2.83298968931698,2.23222336809534e-05,0.000241396454873304,"cdkn2aip"
412.37420769243,3.70853941800939,1.08029068712335,2.23666377732477e-05,0.000241553715551135,"gnat1"
8.03022284000677,-8.01253257204056,3.19750664301529,2.25060477430139e-05,0.000242735226924319,"PTDSS1"
57.5207560094297,-6.85973416211444,1.88941224915175,2.25703544349003e-05,0.000243104656489892,"afap1l1a"
24.0696666625941,-5.4308709812406,1.4928965733771,2.26057451900522e-05,0.00024316206494991,"acsf2"
30.8992189111983,-6.12323029669991,1.75161667490944,2.34055186135781e-05,0.000251430597696193,"ace2"
32.4265110480014,-4.39784055082667,1.21661163192951,2.46661715739071e-05,0.000264621567455351,"atf1"
62.267815183759,7.12258921785412,2.72019830219775,2.47511546278795e-05,0.000265181575874062,"marcksl1b"
492.643621458072,5.6499939170999,1.75037964539866,2.47969051902024e-05,0.000265320325507338,"rps4x"
104.253520170964,-4.54565348288725,1.25602238820343,2.54118381431653e-05,0.000271365586267459,"irak1bp1"
21.6185018829174,6.80971277422369,2.56153580300509,2.54289917654511e-05,0.000271365586267459,"atp6v1ab"
11.0102939004155,-6.23359961557982,1.82649321750749,2.55383833740904e-05,0.000272173890794489,"si:ch73-106g13.1"
34.8165423105369,-4.10781521556492,1.13517314879757,2.60152779589332e-05,0.000276891557118172,"uckl1b"
153.102563516917,-3.84674491622877,1.06105740096159,2.62083559024012e-05,0.000278580014316062,"vps4a"
21.5704708744895,-3.7529560194774,1.03170258981597,2.6742992633159e-05,0.000283889852243599,"rpz"
1380.22772345217,-4.78779852452293,1.34088700066869,2.73612521688192e-05,0.000290072305102986,"zgc:172182"
25.92880483582,-5.2863191969598,1.47223654250273,2.77620768008417e-05,0.00029393643879844,"zdhhc6"
39.1299259564464,-6.04907342759119,1.69943621291488,2.78672246918508e-05,0.000294664026839714,"TIMP3"
78.8457850877844,-3.49973030382812,0.965466096909184,2.83858225784019e-05,0.00029975576871631,"psmc3"
45.2972651906843,3.77074878102077,1.07023881041336,2.84874942381201e-05,0.000300046016786658,"mat1a"
88.886710986056,3.15228955224308,0.891444499182599,2.84724767779805e-05,0.000300046016786658,"fgf2"
19.806293904787,8.19221007246754,3.21984961723088,2.85646850556272e-05,0.000300077581058401,"prss12"
115.630431106967,7.44324587578159,2.87114217952342,2.85381235160689e-05,0.000300077581058401,"RPL19"
173.409090782883,3.81696763674764,1.11190682332912,3.01707773971529e-05,0.000316538804624604,"itgbl1"
82.3944502608134,-4.83898951515417,1.36848322305767,3.02140892312389e-05,0.00031658260076618,"guk1b"
28.0989067254529,-6.25643597725835,1.71538367831913,3.03509566267689e-05,0.000317605288685554,"epyc"
20.0005150551909,6.86181204981301,2.66124848281081,3.11763475381281e-05,0.000325821027436587,"sorbs2a"
12.552542491222,-8.17160573631291,3.28341588644216,3.13480623012522e-05,0.000327192872199779,"gpx7"
358.4599171979,5.26028364379066,1.65069368465395,3.24958079511103e-05,0.000337872948550138,"fn1b"
26.4465944601913,-3.41380596532658,0.943386039524261,3.24272700335362e-05,0.000337872948550138,"gse1"
5.97522481951462,-7.38063886227348,3.05271558385582,3.24966193561636e-05,0.000337872948550138,"sdf2l1"
28.8915139533908,-6.01659918076305,1.70218336289413,3.25976136435398e-05,0.000338487929091905,"GAS7"
7.88819561826975,-7.93832652242866,3.22183731253102,3.29323554713355e-05,0.000341525414625171,"fpgs"
52.1041576945755,-3.81281841560764,1.07082323674915,3.32562907116918e-05,0.000344443195348112,"sccpdha.1"
31.4240497210132,-4.31209447279353,1.21150755410436,3.35219052380283e-05,0.000346750244847073,"tox4a"
25.055002425536,-3.62562579497531,1.01724300270165,3.37989774679014e-05,0.000349169768503007,"gdi1"
34.5232046072811,-4.07337780848244,1.14812236562017,3.38671071258353e-05,0.000349427333598064,"OTUB2"
384.588550153444,3.71702502846599,1.10426932502921,3.41642889958277e-05,0.000352044501512421,"hsp90ab1"
12.5863271891232,6.97931099161769,2.74095857710607,3.53547307116671e-05,0.000363847858430884,"si:ch1073-440b2.1"
22.5029900172589,-3.79674714204221,1.0704576231718,3.55074657480013e-05,0.000364955388101121,"fbxo31"
84.523944173777,-3.88074564029792,1.09867199902521,3.56888639680561e-05,0.000366354340910667,"pkn3"
81.3701638866934,-3.71422218981988,1.04703405523338,3.60056063628893e-05,0.000369137325563259,"cd9b"
20.8111278935221,6.89563281973065,2.70453577954888,3.63455382648084e-05,0.000372150707625361,"PHB2"
18.8772216666616,7.0356585205885,2.76551782159046,3.65884190959919e-05,0.000374163997556863,"canx"
18.042191832386,6.67277578814361,2.57538893118701,3.695588808619e-05,0.000377095358852624,"pgrmc1"
13.7329980093266,-6.14575225813893,1.85420636056405,3.69683050525567e-05,0.000377095358852624,"si:ch211-107o10.3"
30.1218475947132,-6.46367293695094,1.9262469977277,3.74364924307851e-05,0.000381390160292974,"trnt1"
15.9543060390346,7.33628685558779,2.90713824890554,3.77141188645042e-05,0.000383735229553427,"jupa"
45.121972392741,-3.77923873358734,1.0689469726238,3.82400215150845e-05,0.000388597404567234,"fam83hb"
10.6582730299294,-8.55751977076346,3.42729304500524,3.87133816375099e-05,0.000392914107987224,"itm2cb"
18.4369746669744,7.98709376156155,3.21006187993871,3.87883971919144e-05,0.000393182136447864,"ttc37"
47.9857703565084,6.61201294298801,2.58393280815668,3.94507558474802e-05,0.000398896455062835,"ak3"
26.3290315550664,7.44598179154854,2.96219548408459,3.94242200633889e-05,0.000398896455062835,"zgc:109982"
104.295029338793,3.17013591038743,0.952209359459542,4.06016510048207e-05,0.000410020917575524,"iba57"
9.94629755048812,-8.25290838673073,3.34834213844748,4.20091093421589e-05,0.000423705343477211,"ccdc191"
146.125512063454,-3.7090715745703,1.05918557890152,4.21898725957474e-05,0.000424998604516813,"ggcta"
205.894866437995,8.30714375405972,3.41362203569197,4.23562877148313e-05,0.000426144292693123,"rplp1"
183.517378004228,4.21569248800267,1.3236670054534,4.29864997655289e-05,0.000431947573420327,"adnp2b"
143.072472848756,-4.10906805707531,1.18391925350896,4.36310906501889e-05,0.000437880759639427,"man2c1"
28.0313409368149,6.42020607292473,2.49624756175135,4.46477177051602e-05,0.000447132656989833,"taf3"
258.101452334182,-4.80717030830023,1.40663041791397,4.4663516732326e-05,0.000447132656989833,"SUCNR1"
25.62947883282,4.2596124527772,1.26088359799358,4.4735431634303e-05,0.000447299019146943,"p3h2"
31.0365345938203,6.32263384870477,2.44913419941039,4.49816309345749e-05,0.000449205447691082,"ankrd11"
143.931785223299,4.09198426511248,1.24755914036652,4.60640201104301e-05,0.000459447421298729,"tjp2a"
48.7375005810696,3.88678597562945,1.17300851658862,4.77007888607151e-05,0.000475186799377246,"acad8"
11.7167746005924,-5.14500869822054,1.47349898163846,4.8148424556207e-05,0.000479056096230207,"plaa"
40.5713525563067,-3.97096603872627,1.15477611550562,5.002138653241e-05,0.000497079847248974,"gnao1b"
215.468139660146,7.84044202499994,3.22395664017919,5.01643179148629e-05,0.000497888549218805,"rps17"
16.8704151532899,-5.08671318691992,1.48727859267323,5.19266429707655e-05,0.00051421114504928,"UTP14C"
19.2488435785394,7.53841679423769,3.07545140947962,5.19360249110226e-05,0.00051421114504928,"cfap410"
16.3042556058923,-8.05067110538304,3.32372197270908,5.41829403080521e-05,0.000535801716567033,"tspan10"
95.9184353299711,3.28323403549462,0.981053622315789,5.43293027331785e-05,0.000536593076689476,"fam32a"
187.050332521037,7.90227198408395,3.28884741072903,5.47428477695309e-05,0.000540018165375287,"rps9"
35.8598655335075,-3.83699584216338,1.12824378061725,5.55022749935118e-05,0.000546842755691251,"tagln3b"
24.0035959136603,-4.459460153667,1.30129273748417,5.7381925803367e-05,0.000564674449906856,"cpxm1a"
16.8442257495799,-5.35528355261914,1.59399724306346,5.7578441715627e-05,0.000565233027958382,"tesca"
17.7778423625073,6.50248098834812,2.61912314160904,5.75369712586313e-05,0.000565233027958382,"tmem106ba"
83.9979557617738,2.66167417407931,0.800052963351766,5.85203862617132e-05,0.000573783520570907,"spock3"
30.1834075598988,4.37538795072413,1.34660503234646,5.9687250100851e-05,0.000584515939546954,"TPPP"
19.4798896516162,6.84955780633099,2.78626566488213,5.98174992125659e-05,0.000585083133168616,"dbpb"
118.383054559392,-4.34744739321751,1.29661467705266,6.01924689684362e-05,0.000588039711939228,"prph2la"
370.561413904299,6.42154184249026,2.556887980265,6.05454172371704e-05,0.000590774282305756,"neurod1"
16.9575875426499,7.79217976016998,3.24319712058408,6.13877605467853e-05,0.000598271801280658,"tbc1d20"
116.599028993991,7.90745639878288,3.31035643437187,6.17472386258059e-05,0.000601051038801617,"rpl14"
239.317318485067,7.78386181223055,3.27537232018,6.19195114686532e-05,0.000602003519555212,"krt8"
10.5804813920735,7.33187066945162,3.03721322584405,6.29434710646447e-05,0.000611224174600133,"march6"
11.0748101882465,-5.61767779216757,1.7345469931027,6.34778587045185e-05,0.000615674339401499,"rnps1"
76.0068750055288,3.65899627177362,1.11085737489911,6.36003340075589e-05,0.000616123475194184,"cmya5"
223.826146762406,-6.52704306480998,2.85467763382526,6.38977674693891e-05,0.000618264403181685,"bbip1"
108.112705559709,3.57976913776678,1.10994979649086,6.40808315180489e-05,0.000619294917741335,"ITM2A"
23.0786705949285,7.31014947561573,3.02477289147595,6.4433373456525e-05,0.00062195889962987,"trap1"
30.0206684549543,7.06483070256844,2.90958723632661,6.54695714401269e-05,0.000631207822859578,"anxa13"
18.7355736525306,-4.34493010487673,1.27554488924455,6.57158069007835e-05,0.000632827573833854,"ndufaf5"
14.3943230365898,-6.72991719333597,2.10879353446715,6.62801192473059e-05,0.00063750283542385,"ube2f"
161.144811618402,-4.68545718450768,1.41328754086282,6.68180056949168e-05,0.000641913121218743,"tmx2a"
16.4312184211267,-7.15220401659145,3.07673218247399,6.77387505852412e-05,0.000649986658937148,"fuk"
16.2844231895158,6.8020989838868,2.80024602639778,6.94737739650656e-05,0.000665695095617886,"lin7b"
11.6818193789178,7.18338522496457,2.98852026038175,6.95664033930836e-05,0.000665695095617886,"mettl25"
126.681110920055,7.88231167127014,3.36683263644532,6.96227037820165e-05,0.000665695095617886,"RPL37A"
22.6716618359433,-6.37990817983377,2.82441769247972,6.98824897626912e-05,0.000667390153117366,"cyp17a2"
36.2842404697126,-4.51746495466383,1.33635597750058,7.00518984264309e-05,0.000668198509765223,"elmo3"
15.7105289420522,-5.41678046517674,1.6133728010297,7.01323445160928e-05,0.000668198509765223,"larp7"
13.2782660381107,-8.74910387151241,3.58302145385535,7.05834859756778e-05,0.000671705668302656,"cx36.7"
34.5027939260541,-4.58303244499651,1.38953529773759,7.07407523304327e-05,0.000672411216922291,"zgc:158328"
58.7460801839762,3.65344055433992,1.12964817758535,7.21564201743387e-05,0.000683458176569351,"slc2a10"
17.4061325072104,-8.29891767340176,3.44148728596249,7.20206912538839e-05,0.000683458176569351,"atp10b"
9.76442050712513,-5.44616712155656,1.60722563395635,7.20959780240346e-05,0.000683458176569351,"lzic"
39.1888243139302,-4.28662915941443,1.29404535159162,7.23241397578508e-05,0.00068424557485527,"MCUB"
13.3978801845343,-5.97011303314105,1.79285496213761,7.2465392893343e-05,0.000684781031675527,"rtel1"
23.4027805321012,-5.06311538184576,1.46968041866857,7.27214276486383e-05,0.000686398632730262,"tshz1"
159.571374682645,6.59538737658659,2.70176349498534,7.29875315308062e-05,0.00068650714250313,"itpka"
13.6654725756078,-4.64020104231428,1.40926338241183,7.29827113275444e-05,0.00068650714250313,"zgc:153733"
65.3191157000917,6.57457213101737,2.69560619820148,7.29791412049196e-05,0.00068650714250313,"ATP1A1"
15.2709469320094,6.6944894290734,2.76161974571273,7.31002636399507e-05,0.000686768911246877,"nxnl2"
30.2666800990066,-4.91349842766027,1.49892135874044,7.32949889799366e-05,0.00068745776376909,"gmfb"
35.6695133247864,-3.84009494563,1.15080186647656,7.33435591708152e-05,0.00068745776376909,"dctn1b"
18.2650718070547,-4.93347258494929,1.50492839975345,7.35962215909751e-05,0.000689027588483099,"sec22a"
36.0851007872494,2.77144351151774,0.837101082240225,7.40132818446053e-05,0.000692131140856661,"tprg1l"
33.4974263392023,-4.28925322204876,1.29593580247814,7.46396041704821e-05,0.000697182168747148,"zc3h7a"
49.3905631886671,-3.38801029214637,1.00788400136932,7.52102236277392e-05,0.000701701844203901,"slc25a24"
192.290051010703,3.38680073434078,1.06769894558946,7.53311826479622e-05,0.000702020664100652,"parp12a"
16.460133427713,-5.05965224715619,1.54569265640199,7.75057999318107e-05,0.000721455023761124,"zbtb8os"
9.21217733513751,-6.41712837279819,2.85338064190531,7.79149408175754e-05,0.000724429834796974,"npr3"
23.4453282979738,6.36782815592084,2.59700080224766,7.83532286409621e-05,0.000727668503417615,"bsg"
8.84745122339134,-6.94397408998994,3.02259403878865,7.87883141481868e-05,0.000730870038009958,"tes"
48.4562830916169,6.61410322636522,2.73863737442826,7.9045251296059e-05,0.000732413559832556,"sod1"
15.0648548883666,7.0818545535156,2.9759302259212,8.05257645810708e-05,0.000745277928714281,"urad"
14.4367847602315,-3.93091803439378,1.18677215264552,8.11619123851619e-05,0.000750307096324085,"si:dkey-85k7.10"
23.3129690422364,6.60367409464911,2.74118712282027,8.16239759942864e-05,0.000753717285180117,"eif1axb"
25.2992285031461,6.80670238881103,2.84230250150728,8.17620235016464e-05,0.000754131138089872,"mtap"
63.1781662925909,-4.93042027460842,1.51569340995471,8.25029349044876e-05,0.000760098223738497,"slc25a32b"
39.1673958391263,-5.18095567366514,1.60704534730236,8.32319481094189e-05,0.000765942239200329,"DPYSL2"
12.1298311449359,-4.18066636309953,1.27492417789985,8.50591041052939e-05,0.000781867151258776,"ak4"
18.0510279961897,6.55782425409776,2.73391060733161,8.62366277546309e-05,0.000790997661651105,"elmo1"
19.469592263597,6.33707949457704,2.62662055737973,8.62479833819106e-05,0.000790997661651105,"CDC37"
27.6892030291039,-5.16991337602338,1.59776980091354,8.66286169552433e-05,0.000793588768460887,"cipca"
208.60275161454,3.49207267562735,1.13761601386076,8.69850993245835e-05,0.000795953018593389,"rom1a"
23.284875956895,-7.26751587929387,3.14418718971786,8.79732596550874e-05,0.000804085533728815,"f2"
13.917511919558,-5.34334453098813,1.64648868558278,8.9995462416567e-05,0.000821640288360734,"tspan33b"
20.1866161312545,-7.89940998132936,3.35217804037424,9.09229941353319e-05,0.000829172603788839,"ppil1"
48.5925937262886,-4.36797914258141,1.34426781009164,9.18000874341619e-05,0.000834972373206548,"c1galt1a"
33.0124642280388,-4.14378834446178,1.28366687751845,9.18686379223424e-05,0.000834972373206548,"napepld"
28.7653977144,-3.34950221860585,1.01220610525524,9.18130914059216e-05,0.000834972373206548,"GMFG"
12.9053957649409,-5.6752685763734,1.81504345900081,9.30497123675028e-05,0.000844757714187127,"pkmb"
34.0269549449632,-4.45712470731085,1.38371620046252,9.46885873290329e-05,0.000858672626574604,"sfr1"
124.03454218076,2.78490034852995,0.863381018679754,9.61279575113805e-05,0.000870749214232427,"sdr42e2"
61.3664305272605,-4.17227324896772,1.28823005371445,9.80723896572209e-05,0.000887368635276577,"NCBP1"
28.4056568331098,-3.33982252565979,1.01802970915418,9.85235832062898e-05,0.000890455044196288,"paf1"
188.171821722903,2.73179046067028,0.845620257991883,0.000100500703291627,0.000907310478712021,"calm2a"
43.9250171904609,7.24662224475249,3.14347057506434,0.000102335593123233,0.000922845722155887,"krt18a.1"
9.15724616082188,-5.94671061633183,1.93302801321097,0.00010463975394102,0.00094257346283843,"tubgcp2"
28.1122379086504,-3.55075477138647,1.09436623742559,0.000105730969474111,0.000951343506202538,"cpeb3"
284.695830782721,-4.0592539187603,1.21101551954153,0.000106209431760841,0.000954586770570493,"cox18"
14.3480997711219,6.1507656929474,2.56725763015611,0.000107447387417105,0.000964641417110948,"elovl5"
121.501614079588,4.34342425019923,1.50271128405508,0.000108303832675284,0.000971252441807504,"erp44"
35.279756429619,-4.05290856703997,1.23992535795803,0.000109838291177831,0.000983922411226439,"dmtf1"
13.4122361786986,-4.66635899512347,1.45895104776792,0.000111391536082966,0.000996732450636188,"lrfn4b"
6.73241443836842,-7.56811251157384,3.28877333595519,0.0001139972140453,0.00101892095515186,"spc25"
140.498912464184,3.4174824788639,1.13752564143979,0.000114854184082652,0.00102531422471497,"cd63"
52.3190790406853,6.73406165172048,2.90126557103698,0.000114966003438803,0.00102531422471497,"tacr3a"
51.6332043699059,-3.26690126321742,1.00504570568877,0.000116854885897196,0.00104101230398945,"arhgef10"
13.3662726429534,-6.37504557783882,2.16012657435772,0.000117766750847943,0.00104798157052696,"UNC13B"
5.12392900160937,-6.91703101486957,3.07949653910213,0.00011882319647112,0.00105622069918119,"tapt1a"
62.8516760011174,-4.82251413505258,1.5318482856928,0.000119474326538286,0.00105967963527214,"luc7l"
222.685513728011,-4.96911386349771,1.5971271750046,0.000119368722081614,0.00105967963527214,"tmem138"
8.58068059438781,7.04234761317737,3.07590023035157,0.000119945784418959,0.00106269600237126,"dctpp1"
11.200473876214,-8.41229677090963,3.58364656066561,0.000121894816770375,0.00107878246483103,"cdca8"
20.0861237512089,-3.49619500149373,1.08957877596464,0.000123484388770051,0.00109165597897371,"tent5ab"
73.8179725953921,3.55551944394292,1.17370941764582,0.000124120886362479,0.00109608498884945,"psmd9"
66.9693788626726,3.83616477439304,1.26859600870788,0.00012623408592867,0.00111353055733589,"znf142"
20.4092408943181,7.22344940884796,3.21008505448869,0.000131657776236952,0.00115884630248173,"map6b"
10.7591990563022,6.36664958436576,2.74210166083491,0.000131613810896761,0.00115884630248173,"tmem150aa"
12.175268017942,7.31755734081796,3.25447453005072,0.000133555188789733,0.00117344444366549,"akirin2"
37.1211378772929,6.42456426925747,2.78123196575235,0.000133613724220939,0.00117344444366549,"bzw1b"
22.897022195764,-4.47082630364111,1.43467983740425,0.000133751486841338,0.00117344444366549,"lactb"
28.3348896875024,-5.09617802252879,1.66004039790007,0.000135274293810434,0.00118551870274388,"plcxd2"
44.7632445055206,-3.82595259026848,1.21274051539156,0.000136370128097343,0.00119382896772663,"rufy3"
7.88689437689156,-7.78519204696629,3.40168577358969,0.000139206047935432,0.00121733807756725,"zgc:193690"
18.5941372154273,6.42978347058906,2.79808152067056,0.000139751869201182,0.00122079143625093,"psmc4"
24.7725186884893,-7.74132541668576,3.38307456800553,0.000140731501879712,0.00122802278177453,"mindy4b"
38.846528549884,6.53718415101503,2.86561760376483,0.000143148098520765,0.0012477639751449,"sem1"
87.6739660161047,7.34961580349441,3.35711600260097,0.000146981822664969,0.00127980189831747,"sav1"
127.736109793848,-2.87659395619029,0.89180158807463,0.000148226820319329,0.00128786976322562,"utp3"
113.317072661318,7.18359412943712,3.27103954726043,0.000148070939693199,0.00128786976322562,"rpl31"
13.0551916319655,-6.16446466089136,2.08045718168173,0.000149264538308575,0.00129410594895826,"GABRA5"
33.8370443938893,-4.14210601288855,1.34414309253413,0.00014915298424731,0.00129410594895826,"trpc1"
10.2818616948911,-5.60845839199759,1.78865822021854,0.000159829931672434,0.00138422303779263,"pou6f2"
149.629178787009,2.79740161605133,0.920836264221022,0.000161871817121238,0.00140040762427133,"nelfe"
22.9338318116912,6.10088444277935,2.66430821295318,0.000163007776992863,0.00140853493069361,"gdi2"
19.9479704774244,6.26794944744321,2.75613783364343,0.000163159504272458,0.00140853493069361,"top1l"
15.6134619797005,-5.13047107065146,1.69620363491125,0.000166642290901841,0.00143608111871542,"n4bp2"
14.5913597241987,-5.20958805317538,1.69471996199374,0.000166705423473084,0.00143608111871542,"her9"
26.9130314885745,-4.24250099670457,1.36744783711654,0.000168606432293423,0.0014509121604484,"ift88"
11.0811064714646,6.28277653227426,2.77761241340104,0.00016939892685196,0.00145309429406734,"nosip"
631.616842215965,-5.36565970127401,1.81786326658388,0.000169358266452244,0.00145309429406734,"sass6"
9.35090265551663,6.20371415478945,2.72888409349987,0.000169258245628801,0.00145309429406734,"wipi2"
36.9563022095052,-3.26648789621412,1.04268019610572,0.000170161633321706,0.00145809052112212,"znf410"
76.9034521627584,-3.16904073037257,1.00740393247095,0.000171054902480859,0.00146419376314039,"lmx1al"
14.5875112754044,6.1944876907862,2.73435965163871,0.00017309972109012,0.00147867733937141,"ube2v2"
15.8716857583425,-4.91615313823883,1.63514398810135,0.00017311255289711,0.00147867733937141,"PPP2R2C"
16.8587945274833,-7.50789568900092,3.34988629755337,0.000173798267766847,0.00148296855270678,"slc22a2"
24.0108897657449,-3.31420139499568,1.06143884935713,0.000174063065751363,0.00148366294927584,"fntb"
28.2535810101991,-6.13480006586848,2.8531584642728,0.000175134508868414,0.0014880914309208,"pola1"
13.9484877271182,-3.65122674213138,1.18740961513789,0.000175037846449193,0.0014880914309208,"phf6"
18.8152470633753,5.90136374314803,2.57394713613125,0.000174975601813691,0.0014880914309208,"bhlhe40"
11.7454246055633,6.36808318911236,2.8341339697198,0.000175325344896239,0.00148814975326933,"dctn4"
25.908697389055,6.63959645380021,2.99321856957928,0.000175665563489044,0.00148947457344117,"sars2"
227.639780993034,7.26901351715027,3.44226282906875,0.000175852217751963,0.00148949590512632,"rpl18"
11.6247166985617,6.46714344127334,2.89496627699393,0.000178253474797575,0.00150825560422341,"sema3c"
450.475263402817,-3.48885634348522,1.13003885308398,0.000178670413311473,0.00151020373383125,"znrf3"
19.6458395039962,-3.71653250668276,1.20619004504492,0.000182949393491823,0.00154464921981104,"vars2"
14.9268087493038,6.11125726303465,2.70576741752391,0.000183127531437605,0.00154464921981104,"lbr"
144.781215301683,4.28004465914627,1.60446814810465,0.000185390270718549,0.00156048064499723,"mrps18c"
51.666142929743,-3.72544002963208,1.21851593537169,0.000185301014106353,0.00156048064499723,"svopa"
15.4840273584208,6.05976873847436,2.68373854182477,0.000187432159146468,0.00157602779140933,"si:ch211-246m6.4"
7.9524258761567,-7.73048697963225,3.44775568125778,0.000189424846461582,0.00159112936970689,"kcnh3"
15.6936259088749,-4.11073800757043,1.35937658680409,0.000194757072709146,0.00163422195139449,"FAHD2A"
15.2115866872805,6.76523800569065,3.09812485279813,0.000195113318636415,0.00163551464709841,"tspan4b"
12.7584457221632,-5.54316809995379,1.91730898207648,0.000195956084282137,0.00164087863950125,"aga"
13.0973078688636,5.85410381307169,2.57952820425496,0.00019917292128984,0.00166609075523631,"gde1"
75.3603820729411,-3.06032150537164,0.987031573536541,0.000200459094461722,0.00167511737097197,"ubxn1"
195.643543383104,-3.44077899918958,1.13070217981225,0.00020163004445042,0.00168316349799736,"hspd1"
25.8825801594561,6.30402827001731,2.8515753535546,0.00020311831643993,0.00169383923884803,"rsl24d1"
20.9169858596936,-5.4842305608079,1.87892494765625,0.000203328362352477,0.00169384461696106,"sdr39u1"
11.2237002529831,6.6771814462451,3.06063431073148,0.000204542554631297,0.00170220650659729,"abcg5"
129.534970503243,6.44195281122869,2.94735904464745,0.000205594305695112,0.00170744593302645,"gtpbp4"
14.1983396274024,-5.8611456286337,2.03972401522346,0.000205422872508401,0.00170744593302645,"zgc:165481"
14.9324794218258,6.44552923265828,2.94212485878193,0.00020990330847076,0.00174144396125126,"hdac9b"
137.056316345187,3.08315726183078,1.09577619901323,0.000216298699246713,0.00179266411701502,"gnb1a"
14.2202616283859,6.41587510141764,2.93651055645496,0.000216813069536129,0.00179508794214714,"arg2"
8.30510384551695,6.12113942154754,2.76418733469282,0.000217093442376293,0.00179557142677079,"ndrg3a"
14.5663418110783,5.82850564690454,2.5974044387997,0.000217384167605643,0.0017961394604311,"yme1l1b"
19.4171312607721,6.140075158752,2.77799894668624,0.000218748103771337,0.00180556470551668,"hnrnpr"
47.3017320109045,-3.72538630403163,1.24106052566805,0.000220726863702018,0.00182004036746751,"whrna"
16.651159275783,7.39862799787358,3.55287718794668,0.000222248866905293,0.00183072411853047,"trpc4apa"
265.885487125733,7.11509693401085,3.49294108131818,0.000223280661010112,0.00183735225525004,"rps3"
17.0359235601747,6.7817617677752,3.18183824137054,0.000226986815213942,0.00186595157344063,"smn1"
231.552266146357,-3.42535433914182,1.13722854669508,0.000229013352027735,0.00187688855577745,"chfr"
13.4478744543974,-5.32068154498172,1.86119771198726,0.000228944744787337,0.00187688855577745,"fgf8b"
24.7867893570117,5.97379142188776,2.70303172725444,0.000228838512510854,0.00187688855577745,"alyref"
10.7429845855266,-7.76902705789635,3.50341698435505,0.000230284737316388,0.00188539801634845,"fut11"
6.80056595953747,-4.23760123667498,1.39472588257473,0.000234204109499648,0.00191554807051836,"crls1"
54.7968204163876,6.58251836801774,3.10112610004359,0.000239796980709707,0.00195931088581901,"ppdpfb"
63.4340432617175,6.71313085893545,3.18845919586719,0.000242979492176391,0.00198331091040851,"nudt1"
56.1666704132407,2.83528659027151,0.963961727840369,0.000243846799254037,0.00198838382980434,"tfam"
21.0485028290007,6.05704384431232,2.78080171586947,0.000252322740742581,0.00205542663632098,"dldh"
200.724205909308,-0.371581370801953,1.12571708995163,0.000253698435462989,0.00206455396826973,"gdpd4b"
62.986113743527,3.7614774043483,1.34049013977994,0.000258474651443355,0.00210130799550281,"dlk2"
11.9758334262438,-5.10623673691969,1.74246868446125,0.000258802765804616,0.00210186302469231,"dnpep"
17.475093580399,6.29213941981028,2.93905835347153,0.000262278102637874,0.00212795142651731,"pex5"
12.5540915432633,6.43880275014094,3.07970290900567,0.000267285594013072,0.00216640598193561,"ldha"
71.0716052485385,3.66953913276139,1.31456961125899,0.000271591646767531,0.0021991039346372,"vdac3"
18.1210981769365,-3.86625364861367,1.33322986618888,0.000274263738249001,0.00221851937869617,"scp2b"
15.0136258191911,-6.41570410845559,2.43372465856262,0.00027522162716051,0.00222404369840296,"ppfia4"
65.9360155459047,2.79528459879181,0.937693729629936,0.00027769429708107,0.00224178559789299,"ywhabb"
60.1334174805622,6.15792158558324,2.8869557649199,0.000278535838546529,0.00224633738584534,"cavin1b"
64.8010501896679,3.81065567317762,1.4074223035737,0.000280467677580796,0.0022581934523832,"zbtb41"
47.46042985436,-3.65976523228641,1.24732544219379,0.000280564274897406,0.0022581934523832,"ciapin1"
55.9894335061518,-3.17585670375197,1.06843651095833,0.000284138434851792,0.0022846876734753,"ppfia2"
34.3267955444959,-5.20270423004233,1.87741413501847,0.000288248505642963,0.00231543412328295,"srsf9"
8.81546694573192,-4.79155952614402,1.59073491235823,0.000288704351325668,0.0023167951367791,"mau2"
13.9739477590095,6.45385385496087,3.0840188126007,0.000289515681957739,0.00232100332146298,"bcar1"
188.498637526281,7.17905770673591,3.54668529109409,0.000291960786498718,0.00233828792276053,"rpl10a"
11.6155573930608,-3.79578573251619,1.31557445458177,0.000293126789428457,0.00234530425290484,"mospd2"
10.6319576060229,-7.0277583439296,3.28531628497406,0.00029414844238929,0.00235115291550096,"mesd"
44.162583698532,-5.86505509179569,2.84673648891934,0.000295425394639969,0.00235902864485953,"myo1ha"
8.78314488926145,-4.70003074619565,1.54866345968345,0.000297660632022462,0.00237453338503915,"lmtk2"
127.754114177892,6.45209339444598,3.15778691622748,0.000299300625072042,0.00238526379921946,"rgs5a"
96.2522549384118,-2.80869760852717,0.929000352860873,0.000300074385609191,0.00238907648148892,"ctns"
7.63810810303096,-6.61457887069648,3.15086833913419,0.00030630969677064,0.00243632166880797,"iah1"
79.3890986486203,3.26311970762426,1.16921230882178,0.000307756370539871,0.00244542365549805,"preb"
15.7909374020366,6.00200975755302,2.82313876069427,0.00031179239158927,0.00247506246866105,"dhrs4"
22.0641286556216,7.82945148638404,4.09103335546996,0.000318986876311246,0.00252969102204085,"tmem192"
19.1116651932,-4.03802772353139,1.41337315926388,0.000319369307939834,0.00253024322421677,"tmco3"
259.419058420502,3.29625090438364,1.22869778527648,0.000323943893463404,0.00256146838145208,"ognb"
93.7581398230166,6.52816916722022,3.24725880364357,0.000323756030905364,0.00256146838145208,"ccl25b"
7.66953578281848,6.48397213403141,3.13129149930092,0.000325829122745829,0.00257385915419044,"G6PC2"
17.7805775679941,5.6503298676965,2.62133343971639,0.000326980151394405,0.00258043165329692,"hnrnpub"
8.7689342315911,5.80901916887105,2.71902642333296,0.000328431844768032,0.00258936178589533,"rab14l"
18.7644325586159,-5.14912223082629,1.82119254804824,0.000329050779286249,0.00259171543685148,"pla2g7"
86.9526688089571,-2.72550750885404,0.911421266145968,0.000335445920896038,0.00263695048992036,"aldh3b2"
10.5279085776155,6.13356754628891,2.93152675553465,0.000335349149656588,0.00263695048992036,"vti1a"
102.324363279921,6.58442667327443,3.31425431448803,0.000337655668838117,0.00264919780040663,"rpl13"
61.1892454664479,5.41659271329455,2.48545105254108,0.000337658911140961,0.00264919780040663,"rbp3"
50.141112740563,-6.08751391017916,2.97101470378649,0.0003380248873443,0.0026494993350078,"eef2kmt"
13.1180777534055,-6.24075679407548,3.01164431090504,0.000339210686043168,0.00265621998006116,"abca12"
23.8752981722837,-3.7637051752243,1.33026102178582,0.000344219306974857,0.00269283363067661,"rrp7a"
419.440885923826,4.26155180911322,1.75529553427447,0.0003490966385533,0.00272835044372719,"rpl35"
28.3438424487171,6.19954035686524,3.0182193845455,0.000354000229048459,0.00276400371889285,"atp6v1f"
80.5712869149522,3.50056019980252,1.32729069707345,0.000359875606015874,0.00280716854104378,"atp1a2a"
11.1941808892404,5.67476631015289,2.69199194943577,0.000364592525089095,0.00284122248116155,"ndfip1l"
10.944330965133,-4.89619289658632,1.78797755016872,0.000365218879366648,0.00284336430721541,"bnip3la"
7.67133160279784,5.7842495905745,2.74959903263338,0.000370069011620441,0.00287558908261071,"foxo3b"
74.3088164541885,-5.75801617216043,2.87504093219428,0.000370040900660074,0.00287558908261071,"parla"
10.695810463507,6.25403194805836,3.0670467533665,0.000371422010665368,0.00288333267204622,"ndufa4l2a"
8.70109492178515,-3.92434555829566,1.3789868400427,0.000373272813032094,0.00289492213290183,"tnfrsf9a"
7.73597176254457,-7.09414456205013,3.37852941693021,0.00037560014731172,0.00291018160115374,"arhgap17b"
13.9419074938503,5.62738211587858,2.6663782822473,0.000386659656604334,0.00299064239671746,"gigyf2"
14.3135269936584,-2.85529027045678,0.978689844164678,0.000386724186792738,0.00299064239671746,"chid1"
13.7338490359512,-5.09338881132316,1.88362521009027,0.000388890367511507,0.00300452166456598,"inppl1b"
31.5461614593943,5.49820656965557,2.59273592511311,0.000395696585067114,0.00305127709876824,"tbx2b"
24.792811336128,-2.81627204086918,0.9682959983748,0.000395472428258236,0.00305127709876824,"ezrb"
7.42210966524026,-5.32575443418439,1.99888379801201,0.000396558287057727,0.00305500950858091,"mcm8"
116.146266146725,-5.33548896929868,2.70930479231951,0.000397359439470486,0.00305826879721861,"si:ch1073-280e3.1"
15.4879708038385,5.71795471675235,2.74106780172639,0.000400050913337738,0.00307605688021765,"pdcd5"
7.17912668124493,-4.72705073568403,1.63378227337401,0.000400441846360575,0.00307613874189049,"csnk1e"
9.50856382366575,-5.54618612092021,2.10200945169443,0.000404235958445094,0.003099397789443,"tax1bp3"
20.8949510320748,5.9247014031044,2.88704038601396,0.000404181684266983,0.003099397789443,"ywhabl"
21.9251626128186,-3.60812304132623,1.23443309897761,0.000405503620406104,0.00310617309229638,"ppid"
37.728902739202,3.13184865149347,1.1118619873367,0.000409220828730307,0.00313168144143752,"rbp4l"
719.699528419249,-3.89768034639446,1.40567108407202,0.00041023502593075,0.00313647554324559,"rpl23"
8.74065399463513,-5.76888172456149,2.2027037293767,0.000416270030344432,0.00317961121383957,"pdzd11"
15.1962958217888,-4.27743586788376,1.52389941896516,0.000418651595937366,0.00319478562220505,"smurf2"
42.9242525722689,-3.33283249727154,1.18473638093709,0.000420630854603898,0.00320686426285668,"engase"
10.7811263616567,5.79015504744286,2.81524434341384,0.000427228461712574,0.00325409701204615,"slc7a6os"
29.8258757841778,6.32146648803352,3.24032231580117,0.000432707153984597,0.00329272640506247,"grk7a"
77.8174299822401,3.00319537717664,1.10460890991293,0.000439880814883819,0.00334416908984513,"aqp12"
6.01306917729454,-7.17170397192767,3.46263658294683,0.000441123939134051,0.00335047093300971,"tdg.1"
11.8383159881947,5.45392415453845,2.62538421856218,0.000445277342345051,0.0033788446737609,"ldb1a"
6.38397023586447,-6.43364822672214,3.16467938316804,0.000450099950360085,0.003412238517772,"rfx7b"
27.9683304893904,3.86946949324882,1.4859455996763,0.000453905185920461,0.00343786427800619,"manba"
107.171180550362,4.25201805921595,1.80526067324279,0.000456776857847742,0.00345637792622113,"usp30"
8.45072978771202,5.87342793231602,2.90592538814659,0.000463012345937527,0.00350028679092398,"epn1"
16.8097586085413,5.7044579931585,2.79652835671203,0.000463913570370515,0.00350101521660831,"hspa9"
18.2422683667115,6.0485821480477,3.05370518085467,0.000463974324663631,0.00350101521660831,"pigr"
8.64829726400249,6.45594586372011,3.31176826306832,0.000467433100906267,0.0035238269834397,"xrcc6"
156.437724173949,6.33930238194262,3.35119357571771,0.000469499078595381,0.00353610618878774,"fabp11b"
8.26080760647904,-4.76274235086589,1.79555099252392,0.000473431563568478,0.00356240736530737,"UBE2O"
105.933120824663,2.64708998282328,0.966470815230298,0.000476993856646791,0.00358587667882518,"zc2hc1a"
16.3494011591224,-3.6221809567671,1.31368201245872,0.000478413207263632,0.00359320745919733,"psmd13"
53.2111154029966,3.71044631640721,1.4719511580019,0.000479681853854425,0.0035993937994698,"sdcbp2"
19.8729722616471,-3.23474316977877,1.16901517961375,0.000483019705674001,0.00362108100018257,"aatka"
130.435160982646,-2.91495408676978,1.02764260196253,0.000483528164319405,0.00362153640849969,"trappc8"
20.7548975860494,7.0533471661916,3.78469701713877,0.00049333512916173,0.0036915706381029,"smyd1b"
41.9491668559607,5.71791540733459,2.92611147961842,0.000504971110795029,0.00377514908985304,"TPM1"
17.1132169053303,5.98527718757553,3.04087213858418,0.000509673320269982,0.00380678438380783,"slc20a1a"
35.6241407081131,-4.39948037145839,1.54067735233159,0.000513745729949095,0.00382994010091621,"ppp3ca"
51.7955323415529,-5.81303775024179,2.94128684087894,0.000514193960884535,0.00382994010091621,"si:dkey-222b8.1"
139.105092583805,5.82721139344524,3.09134812112817,0.000513796177554331,0.00382994010091621,"soul5"
16.5037916242818,-4.95317104459541,1.86867354502165,0.000521588845669469,0.00388144634095707,"nsl1"
5.3870962155733,-5.97672133831879,3.01769581470418,0.000526092083750698,0.00391135925134136,"CDH4"
7.04670000181711,-5.31893768172592,2.0930508992185,0.000528707266772633,0.00392719291177578,"spout1"
47.9967628360895,-4.28759760443097,1.59922518852722,0.000531458141766224,0.0039440045034376,"si:dkey-97o5.1"
16.6728601600204,-4.4332565566349,1.67420881684037,0.00054099494741215,0.00401109819396598,"nmnat2"
2153.54542066509,3.96270665785764,1.72056575729156,0.000542420789626173,0.00401798696637922,"ndufc2"
2266.83370181514,-0.183277114682227,1.04506931792766,0.000545330193920249,0.00403584257879314,"porcn"
12.4992398047405,-4.04084091775887,1.40937658311742,0.000546882464031967,0.00404363094292009,"fam49ba"
9.65192896119164,-4.06617801672515,1.53917459080349,0.000554857676181739,0.00409885273299917,"clcn6"
20.9171081205089,5.34519328867188,2.63663346647955,0.000567455362187338,0.00418808980358885,"sept15"
26.2524520661298,-3.09246341993352,1.12780011425371,0.000571581816137778,0.00421469946284274,"rnf40"
37.1754334987163,-5.37282289810624,2.78081199785689,0.000581767179146038,0.0042858968234174,"C12orf57"
45.5307319952083,5.08453285172147,2.48551394674204,0.000582901553816048,0.00429034637745042,"pcnp"
22.5182787214512,5.65433592544326,2.88044639268023,0.000583482224728793,0.0042907161053011,"nin"
9.28120199087062,5.58282059899955,2.81581093691287,0.000584193145066344,0.00429204209849379,"ell2"
14.2600683303761,5.3525399870287,2.65795277252048,0.000592291493309807,0.00434499276807267,"cbx3a"
8.05020749292011,5.84598720731563,2.9795258228972,0.000592474597995322,0.00434499276807267,"GTPBP2"
68.8334097773385,3.34799341719845,1.36373323379916,0.000595145589064104,0.00436062741842349,"pde6a"
120.158736522407,5.807600841176,3.06002094523901,0.000600828288467485,0.00439828056598505,"SELENOP"
67.5743007932266,5.69163392340185,2.95055578338989,0.000601826262894085,0.00440160274914127,"ran"
43.6641625864232,3.68288348012955,1.53910401401618,0.000603534012673976,0.0044091040883988,"bri3"
24.294676721303,5.8309430668516,3.05134997207766,0.000603942060816648,0.0044091040883988,"arl13a"
11.0642814918664,5.51478670815711,2.78310180607666,0.000606178755201695,0.00441831371453949,"dusp8a"
39.1292605396634,-3.09309851252831,1.13625120036316,0.000606295985058578,0.00441831371453949,"fnbp4"
15.3214437306458,-4.82482412300662,1.8921749222589,0.000608869751573848,0.00443307598603137,"usb1"
12.4345131777742,5.40274379131678,2.7106649682944,0.000614585676460423,0.0044706686482809,"u2af2a"
13.1965875711875,-3.89596091705808,1.47190564442531,0.000615972034152606,0.00447345450277403,"mtrex"
29.0172914929555,-3.20586907163889,1.1863989198523,0.00061607470838055,0.00447345450277403,"psmb7"
19.7301377874428,-3.38370671439028,1.24116919841456,0.000618561967360938,0.00448748677487231,"myo1ca"
433.847095633439,-0.287900709715619,1.08250608468983,0.00062606478779948,0.00453650198343665,"stom"
15.116521559653,5.46634919596055,2.77093465149228,0.000626492717430786,0.00453650198343665,"hspb6"
272.400484773412,2.97876200371068,1.17189294648363,0.000627000768634216,0.00453650198343665,"lsm5"
13.2807503441114,-3.48675822293028,1.30933530094525,0.000633890619749703,0.00458225310380282,"med23"
8.45797718944939,5.77976382567785,3.00824685775345,0.000636492197932977,0.00459285048089193,"eral1"
23.7922877878016,6.12500881118001,3.37910521490564,0.000635964240477702,0.00459285048089193,"rplp2l"
26.7732785611925,5.44686085927931,2.76840171268258,0.000639034739188775,0.00460301916884895,"acbd7"
23.4461274550784,5.60620855719389,2.89743906915596,0.000639608548125383,0.00460301916884895,"kdr"
8.39135015846358,-3.99335607229096,1.48640814619773,0.000639414216965942,0.00460301916884895,"myrf"
7.60869113487329,-6.22650237628923,3.1773618014013,0.000645246111720751,0.00463946293129702,"jag1b"
37.6706108359419,-4.01143272534325,1.561583924136,0.000646777288465705,0.00464634235026562,"hs3st3l"
20.9650233361056,5.38476267900512,2.73040445295099,0.000650185787808682,0.00466668397301192,"tm9sf5"
906.45898981018,-2.53013742732399,0.901665502109352,0.000664341636635825,0.00476405983931489,"ergic3"
11.1503216317364,-3.64983322071061,1.37426499151333,0.00066698554085934,0.00477878302923933,"ssh1a"
8.67972309336927,-4.63968899098215,1.86887802786447,0.000669502619560055,0.00479257229170025,"dipk1b"
10.1757353553471,5.5202137960735,2.84691415517797,0.000674713232563211,0.0048256015368734,"cs"
25.7078155898672,5.4066347563615,2.76841680132396,0.000676478387153063,0.00483395200855223,"fkbp5"
7.73210629221978,-7.45739207007329,3.74431567512915,0.000678209878121801,0.00484204739993579,"cdcp1a"
31.5502855327112,-3.11061958442068,1.15605029223738,0.000679771972278575,0.00484892017968377,"aebp2"
11.6792534218011,5.75862242036661,3.04790586429363,0.000681835517718524,0.00485935462803977,"trim3a"
17.0098926763475,-2.8325551681836,1.04455094139946,0.0006838383766657,0.00486798426219466,"sh3bp5la"
13.657382750119,4.969337867164,2.45715979728624,0.000684249982212304,0.00486798426219466,"slco3a1"
266.101869579072,3.47421419667709,1.50517949047393,0.000688189792304938,0.00489171109837842,"arr3a"
87.5863439200448,5.97206317923039,3.37162995354991,0.000697255130664586,0.00495179697273559,"sfrp5"
30.607919665098,-3.32019673419325,1.25442127714439,0.00070047712608473,0.00497031532710472,"TEX2"
5.66650076907028,5.72478695350337,3.01248148135935,0.000708626422866173,0.00502373280855782,"CDYL2"
8.69614092153437,-4.22152260493344,1.55918789910302,0.000711837998583668,0.00504208193567714,"IFT122"
10.1630450651409,-3.23819807311809,1.23582078854974,0.000719579204389053,0.00508800365760756,"dnajb9a"
6.11978094587161,-4.87607946519848,1.97291051329283,0.000719391106093201,0.00508800365760756,"mab21l2"
145.234649660925,5.20739203191616,2.66172961514942,0.000727738109577503,0.00514119962303269,"rps19"
236.515931340923,2.07606647197739,0.756947381903725,0.000729313031740006,0.00514383626833219,"atp1b1a"
10.7283653627978,-5.75296083996816,2.5676743855837,0.000729383137566699,0.00514383626833219,"si:ch211-76l23.4"
48.0598317927219,2.43016631163532,0.908559443031634,0.000732778204450191,0.00516327778379582,"creg2"
32.0285951835938,-3.16190630498008,1.19902577505916,0.000734942581019649,0.00517402135584677,"pdhb"
12.3736887726092,-6.32916799933871,3.27636271815354,0.000739793727981838,0.00520364475273486,"dlgap2a"
5.71515733935944,-4.77296075584962,1.98995722860618,0.00074399437206217,0.00522864507003553,"cryaa"
36.8655397385077,5.16258586483256,2.7001981604267,0.000751186067214922,0.005274604251477,"cct6a"
9.71212007531278,-4.99188619091328,1.94245468477046,0.000753265574232994,0.00528461858627119,"zgc:56231"
6.44820034695951,-6.40701280412949,3.31742962941571,0.000755321246692949,0.00529444849609989,"zgc:172302"
53.8004459088972,-3.05754380429786,1.15479238218907,0.00076678465972413,0.005370148149358,"lzts1"
723.85544351362,5.59437004250258,3.42258832531281,0.000768987305124024,0.00538091549407286,"col1a2"
100.769248432574,-4.90422719164405,1.98948268338468,0.000771389695630596,0.00538840349564412,"si:ch211-106h4.6"
4.10937621539928,-6.06586155892516,3.16190484342354,0.000770960343100029,0.00538840349564412,"tram2"
9.1406923973589,-5.87192583186384,3.10792906124468,0.000778544938162111,0.00543369284278975,"mrpl22"
6.80922261700277,5.71542444852996,3.07987404751113,0.000779247808963405,0.00543390993681464,"hspa12a"
94.9498822282445,-2.62191594900292,0.967206925189922,0.000787459543874821,0.00548644293747065,"rassf7a"
8.31301730784916,5.30483051501821,2.7680550995725,0.000801520175093074,0.00557960128771762,"smc2"
23.3186670222984,4.83676744645621,2.43768188159662,0.000803118015958883,0.00558591713765383,"fam13b"
8.29200926116283,5.16895078461548,2.66394209089455,0.000811592740546434,0.00564001175109974,"ahsa1b"
34.403566813269,4.87409919324737,2.47535531500029,0.000815216807786624,0.00566033369801374,"abca4a"
88.7969856953235,5.8083412633431,3.35418662050932,0.000824330272746585,0.0057138025503403,"rpl26"
221.096267567976,-3.04560188581732,1.15090619536156,0.000824029378528038,0.0057138025503403,"gnat2"
49.8915631337168,-5.37967494239398,2.91187581173528,0.000825717859154633,0.00571852034477896,"pgr"
4.00783267489022,-6.2748451875398,3.28862116310515,0.000836486853757519,0.00578319842738852,"arhgef19"
17.9664703727414,-2.64334362015755,0.990350965761256,0.000836334888762095,0.00578319842738852,"si:dkey-19e4.5"
5.79866160183395,-4.55816981414707,1.93276217958124,0.000846930148485012,0.0058503996337278,"adcy2b"
6.53379541824042,-7.12923627997564,3.69500963774028,0.000862048661292925,0.0059497539430021,"lrfn1"
50.7942924672164,2.77953378863849,1.07744513012368,0.000868583417049262,0.00598974532012914,"nat10"
120.559096076494,-2.58508656085771,0.962974821970661,0.000869999055546676,0.00599171705593813,"si:dkey-34d22.1"
52.3086069055785,-5.55205588690969,2.96776343940892,0.00087035079005159,0.00599171705593813,"NSG1"
13.0422056566883,5.26979813772941,2.79460035087335,0.000873366992848942,0.00600736871186657,"rab21"
5.75667375085846,-6.97506461641235,3.63298617248611,0.000879354818380524,0.00604341641960923,"zbtb25"
7.85648597005706,5.342319274571,2.85997771714825,0.000882222637615675,0.00605797870600441,"ube2na"
11.0347175692148,-4.05224017231188,1.66965169229217,0.000892751172542374,0.00612507568676443,"samd4a"
12.1911038872161,5.21152084680818,2.76392359164857,0.000900762380464792,0.0061748024538811,"fez1"
19.2929122947622,5.25323409594448,2.81399617021352,0.000908905838974559,0.0062253508310459,"snw1"
11.3209443177184,-3.81657786787019,1.52870438078457,0.000912225720295756,0.00624280359684634,"BTBD1"
24.4926579529406,5.19657875337649,2.78060918811292,0.000926327925140828,0.00633395315846506,"prdx5"
9.88094028911574,5.1834900686226,2.75606709246147,0.000929501277266184,0.00635028364172818,"cyc1"
158.092531661618,3.56763679889113,1.70818759859049,0.00093236820498087,0.00636060874716238,"tpt1"
19.2322496420515,-3.56698046680786,1.44244583548008,0.000932585236016143,0.00636060874716238,"psme3"
8.19386320303848,5.9472325341956,3.35252563644589,0.000935926807674755,0.00637802185954599,"p2rx3a"
8.25061538697111,5.71201625146784,3.23866584427335,0.000939879187204237,0.00639956460041673,"dag1"
37.6627875813849,5.94443449903796,3.55195504001263,0.000941551345737012,0.00640555831426971,"rpp21"
18.80008123585,5.0013717043165,2.61601144916879,0.000944232387127824,0.00641839981468653,"hagh"
11.0445470801812,5.06924511505764,2.67198386664992,0.000947599590303879,0.00643588000501098,"azin1b"
9.67669694550619,5.03439633925508,2.64279066046426,0.000953780940680317,0.00647242787681467,"vapb"
11.5765172979908,-3.07118665597104,1.15705646951256,0.000958479027552456,0.00649341445047891,"snx33"
12.3884594258349,-3.27989847190374,1.28480635449619,0.000958103467676209,0.00649341445047891,"klhl17"
10.2635754522959,5.25286457264555,2.8391880192868,0.000961375089937359,0.00650540796749951,"aars1"
78.1012896378812,3.47872247561102,1.50344458643427,0.00096266205181072,0.00650540796749951,"PDCL3"
36.781029366783,-3.28368450561491,1.31139571876575,0.000962013099416205,0.00650540796749951,"romo1"
8.7678758629437,-3.95954675233443,1.55422520354211,0.000974264101876962,0.00657831579305738,"ttc33"
43.6067576919363,2.6436152521096,1.04545493580595,0.000977519957886755,0.006594794778437,"trmt5"
11.8667243135848,5.01282775224511,2.65013417007632,0.000989436976077744,0.00666962974957739,"ube2d2"
20.5189031997053,-3.87505644920556,1.59939174812991,0.000994676159333626,0.0066993634078682,"kat14"
91.3893235460308,3.10111027705349,1.31460853840225,0.00100154437389206,0.00674001034976116,"guca1b"
14.9084485192035,-3.99152730315364,1.68264100688568,0.00101406939791139,0.00681296292334323,"acp5b"
14.548496477854,4.94915280076258,2.61346879387761,0.00101383247549555,0.00681296292334323,"znf622"
34.4327173974495,5.91201216059808,3.81821823084415,0.00102155834462531,0.00685758128603663,"sncgb"
16.9111716362368,5.54743818786827,3.22464977493121,0.00102639618988316,0.00688434393031916,"eif3s6ip"
149.075094538243,-3.45832547952545,1.41432975171538,0.00104232807736854,0.0069854116137814,"DCAF7"
66.0676958905628,-3.30784644974299,1.32820363636469,0.00104359922635626,0.00698814084602301,"rbm27"
932.223013768472,-2.93932075568975,1.13688967320597,0.0010470532046517,0.00700547011780611,"cars2"
14.5764517429814,5.25519462775812,2.93258600108787,0.00105674364448945,0.00706446226469024,"atp5pb"
430.689102682389,-3.67915165867565,1.53638162029894,0.00105950986514727,0.00707710594481935,"guca1c"
87.5254517676165,2.63085943895738,1.09747743816831,0.00108919080028319,0.00726936005238506,"twf1a"
7.96324918604341,-4.6149253131553,1.87717816910829,0.0010915107392851,0.00727883789783771,"b3gnt5a"
15.522846845381,-4.5015863710797,1.99379980469325,0.00109499984845,0.00729609042348605,"sec22c"
13.4902958856854,5.04955112812701,2.76679990163387,0.00111719634024854,0.00743786106688926,"usp47"
18.4278256558927,4.97368892762794,2.70756076475222,0.00112922467064299,0.00751175852042036,"slc3a2a"
16.324779474729,-2.3582967916547,0.892719486459901,0.00113654257619935,0.00754620825636018,"cpt1ab"
18.2719269957613,4.70285172258194,2.51691210054377,0.00113720210959365,0.00754620825636018,"ipo7"
8.03408596092416,-4.88458815845611,2.13846136101707,0.00113590567722396,0.00754620825636018,"ZDHHC14"
35.2149897107248,5.23399840261033,2.99716638856706,0.00114264151386897,0.0075760878735132,"eif3ha"
21.029441573856,-4.50394829505287,2.01081393529595,0.00114944455757025,0.00761495251939866,"dpp6a"
14.5150771202738,-4.6067118131612,1.98636727575372,0.00115639164916819,0.00765470707865914,"UBA6"
42.610905587455,3.72519213131903,1.72571390446198,0.00116216827818461,0.00768665511221202,"si:ch211-248l17.3"
7.4380515400602,5.16384983351332,2.87981119282604,0.00116892454886659,0.0077250250619133,"bcl2l1"
10.0358780257819,4.78922859359581,2.60457608922026,0.00117284860963776,0.00774463053335494,"si:dkeyp-104h9.5"
5.76157041542146,-3.80216012880587,1.55651797171684,0.00119270227703365,0.00786930564349528,"ccdc174"
60.0200616472971,-2.8034638158812,1.10936517749707,0.00119550279984172,0.00788135464378131,"rbm41"
6.7386294273606,-4.04127207158357,1.71457166186337,0.00120646745756274,0.00794716226728422,"si:dkey-35m8.1"
20.1263402889526,5.1500985792397,2.96130194708721,0.0012181144075118,0.00801735349256547,"si:dkey-40c11.2"
27.8064749441467,-2.46756663956211,0.959008213312783,0.00122720119420662,0.00807059386986776,"nprl3"
7.17758516450107,-6.70781178088976,3.6684912271817,0.00123518667968544,0.00811651100891593,"psmd10"
8.08574761229091,-4.2538184538959,1.82954140981645,0.00123920273942303,0.00813629136298123,"vps25"
33.710006109907,4.95987195708894,2.76361299409114,0.00124918334752657,0.00819516958486813,"anapc16"
112.465376523363,5.34048469116495,3.30065941335387,0.00125086762706476,0.00819956907238803,"fstl1b"
21.724051123922,-3.19290522219532,1.32271127511098,0.00125235096734014,0.00820264532373633,"sf3a2"
643.931244570889,2.86167457584496,1.28941932713199,0.00126064761792266,0.00825030629561197,"rpl5b"
42.4112722504498,3.18954632522738,1.49979013154077,0.00126615114291205,0.00827962537996411,"pik3ip1"
390.621500634617,2.47271297248959,1.05393015171026,0.00126980612219621,0.00829681883880871,"ndrg1a"
24.4112880304947,4.91691683475105,2.73309158079397,0.0012784006206821,0.00834623294648707,"brms1la"
33.4597832715806,-3.1510015608097,1.30711702343252,0.00129648075715094,0.0084574458424145,"rpn1"
7.20549205301849,-3.88824535119852,1.65952022797146,0.00129847852316216,0.00846365251721091,"wdr83os"
16.7235834105003,4.94314929674007,2.78555147498565,0.00131515223412781,0.00856543190165852,"stat2"
10.2075841702808,-5.05074303129406,2.31936345566643,0.00133772230509686,0.00870541892673253,"CSRNP3"
11.3626026892803,-5.72307892720474,3.19230543747069,0.00134193229999899,0.0087257961211349,"efs"
20.3168252791184,-4.00745643464268,1.78331569408658,0.00134581818861698,0.00874403480138372,"aimp1a"
20.2252555523724,-3.87094610040355,1.70459204754857,0.00135741727799533,0.00881231810730677,"gadd45ab"
9.49986871735339,4.86971985037719,2.72321445515281,0.00136271799210726,0.00883963579643595,"GCDH"
20.9293478698467,4.7791970535028,2.65955194925451,0.00137337684838633,0.0089016388834912,"ppp3ccb"
6.65869645896842,-6.96025515020833,3.90533272938402,0.00139320385122484,0.00902291909732406,"agbl2"
14.4985374626554,-4.44956888213682,2.01507249170086,0.0013966714460764,0.00903814026184961,"C14orf119"
14.7313553493045,-4.12320868622585,1.85746279442215,0.00140569418682813,0.00908275114553601,"zmp:0000001114"
5.6279889901112,-4.5858562977258,2.09874513754976,0.00140581090792571,0.00908275114553601,"hsdl1"
192.666192471691,5.38297801875904,3.82873313941745,0.00141774222630583,0.00915252742904058,"acta2"
6.56499691149915,-5.88485632376909,3.29600743768078,0.00141972059594632,0.00915799035136348,"notum1a"
15.1843562883685,4.75901443909323,2.75791830572733,0.00142462276239341,0.00918228966135484,"abcc5"
24.6378123229727,4.99572395925773,2.93269427760477,0.00142840311125897,0.00919932545141226,"hdlbpa"
11.0278604658854,-5.53613334765063,3.14340554044805,0.00143432300986913,0.00923010248753495,"bmp7a"
13.3200203358593,5.02385488658642,2.95804165795045,0.0014404198297829,0.00926196820597289,"gnb5b"
4.73166004581173,-5.95401279468132,3.36204796630938,0.00144585111846277,0.00928950730519882,"cryba2b"
8.90617083400403,-5.60937687373958,3.19577323589377,0.00145713266383006,0.00935456041088999,"parga"
5.62160751129655,-5.85380920373168,3.32510780196318,0.00146314437496981,0.00938570566941378,"si:dkey-57a22.13"
20.5546759984709,-4.40880630107204,2.0639223877353,0.00147141559941275,0.00943128429766222,"fam3a"
6.58640418727048,-3.59575713842122,1.52095934421261,0.00149308239736228,0.00956258393686736,"si:ch1073-358c10.1"
7.06142860308244,5.15490527745343,3.12780132323854,0.00150456245007841,0.00962848548946536,"pde6d"
16.877808394896,5.08138255091279,3.07378138228513,0.00150737403548167,0.00963123899921901,"ddx23"
12.8903672027746,-2.89425525993899,1.20648553760067,0.00150665976427907,0.00963123899921901,"sgta"
22.0888517195527,-5.39175378515562,3.07796492055174,0.00152256236900248,0.00972060536926682,"slc25a19"
3.90649224423736,-5.4642183900175,3.13792812521505,0.0015290836323969,0.00975454061708084,"cttnbp2nla"
61.1000002972067,4.61936341661445,2.7225538330078,0.00154341304989965,0.0098381939800144,"ssr3"
7.52664908535996,-3.57733727649207,1.52563328478509,0.00155145286627055,0.00988165530335627,"KHSRP"
17.0124925512566,-3.30578123569049,1.33227992364534,0.00156464922178902,0.00995786589697196,"si:ch211-102c2.7"
10.9164645001465,-3.22000886514141,1.38803494992116,0.00157833669772268,0.010037079833238,"dhx30"
15.7703481144588,-3.12555774475843,1.31363151949197,0.00158294691949742,0.0100584898914491,"thbs3a"
15.466764943419,-2.61972970853702,1.06505145238058,0.0015946387071911,0.0101248292798028,"ddb1"
17.4418454912846,-2.4775187398497,1.00072841957592,0.00160303953498241,0.0101701857242923,"baiap2b"
5.4892503976457,-4.20591840999549,1.90642066841556,0.00160712454695301,0.0101881116460054,"ADAM12"
21.9128584184727,4.64200009490191,2.6408028916514,0.00162138946529974,0.0102704928620279,"cbr1"
15.0052876639837,4.85565165313175,2.87624613396873,0.00162311416922342,0.0102733728598187,"ssrp1a"
7.04075482386052,4.6181937327977,2.68139475008463,0.00162591795648533,0.010283072986716,"sppl3"
28.0732715303084,4.65561505919955,2.80259298478498,0.0016343785901532,0.0103285065748041,"fth1b"
19.6593184834665,4.61501435956475,2.61923521122983,0.00164845439772007,0.0104093267940341,"per1b"
21.57217009348,5.00418963168822,3.14889907569493,0.00166382223758358,0.0104981732291837,"eif3k"
3.99449112019161,-5.47037416820606,3.19136726045488,0.00169009888878308,0.0106442853794637,"trim36"
6.54327352310196,-5.81421714931351,3.35969660311895,0.00168913584632041,0.0106442853794637,"nrtn"
12.8299259483598,4.94199579682564,3.03687655626674,0.00169092677866372,0.0106442853794637,"abca1a"
27.101613666988,-3.25702690854487,1.43959131021058,0.00169308316968052,0.0106495721302844,"eef1akmt1"
27.2490526929911,5.02770083070274,3.2146847773124,0.00169992050259719,0.0106842711309313,"tmed10"
3.55798971241299,-5.33609081609893,3.12758796859415,0.00170631446083478,0.0107152309965411,"slc35e1"
7.27629294558753,4.60384640524028,2.70331151201481,0.00170749570460397,0.0107152309965411,"lmbrd2b"
15.0297077355132,-2.8863218772697,1.23127250912417,0.00170972598534693,0.0107209096864119,"chtopa"
5.99371608977167,-4.08869931198937,1.7573594260252,0.00171270233572324,0.0107312542166268,"gpm6aa"
12.1698938460293,5.27833401410744,3.61541756804125,0.00171675233364547,0.010748304664751,"ramp2"
4.60313179250715,-6.21412352666317,3.60315315498608,0.00172140879472509,0.0107691227691657,"TLR5"
9.94446336162049,-4.94976737787791,2.89297945062871,0.00172393569278767,0.0107765964597832,"arhgef10la"
110.876150878022,3.1718032656455,1.68555847974511,0.00172930390975457,0.0108018064293472,"apoeb"
13.6130747264727,-3.74845064463554,1.563123333906,0.00173385652082952,0.0108218868803935,"p2rx1"
8.2989962584752,-3.28308732432179,1.41330380892174,0.00174208069638584,0.0108648348134658,"ipo9"
7.0358076148237,-4.4608215067732,2.05297173818466,0.00174697287966089,0.0108869519442041,"bri3bp"
10.4143925433304,-4.66365397269457,2.13941176990365,0.00175352852269832,0.0109193935489659,"trpc6a"
10.5135878914894,4.79639163742269,2.88777387236517,0.00175583851977432,0.0109253675280419,"ewsr1b"
28.4202655912849,-2.20511111811019,0.875291968610591,0.0017642911716954,0.0109695244333928,"rbbp4"
7.78048341228869,-5.45858978486512,3.17205022465079,0.00177473197483169,0.0110259653950949,"st8sia1"
6.01001313421247,4.68639409994788,2.81610625941085,0.00178268958604534,0.0110615831936627,"wwp1"
4.94891462418849,-5.24971780273512,3.08075159133727,0.00178319996100089,0.0110615831936627,"CPEB4"
10.0242382866764,-4.41515285515803,2.09487639247413,0.00178541173169825,0.0110668164733388,"kif25"
10.1237740981619,4.72463959433873,2.80782684151756,0.00178849730887937,0.0110774538526227,"gpsm1b"
11.7721747127417,4.9403354551304,3.1275940705316,0.00181224532497716,0.011215954425203,"clta"
18.0137754589064,5.04861106915281,3.36671492751938,0.0018151577615799,0.0112253907747858,"slc40a1"
10.7265450713773,4.71557796521608,2.80976744278064,0.00181793422741862,0.0112300765016736,"lifra"
12.541385441629,-3.36795331812936,1.52903146276233,0.00181869207778371,0.0112300765016736,"tm2d3"
16.8370538554344,4.21074655581439,2.33557207668913,0.00182941488212201,0.0112790678212538,"mea1"
12.6262672972494,-3.3480835512907,1.45820930634337,0.0018284145269158,0.0112790678212538,"grb10b"
5.37060036393193,4.74994940686056,2.83818157415369,0.00183888062060518,0.0113287930998288,"OSBPL8"
44.0015946888708,-3.89528544298491,1.76611334632178,0.00184203200137106,0.0113395714300537,"lta4h"
17.2024515568475,-4.14529442407104,1.97046746227418,0.0018533240055104,0.0113951528496122,"ric8a"
7.35151621645881,-4.57798681631814,2.10589457950679,0.00185387824824943,0.0113951528496122,"chchd4a"
9.09296169546688,4.71790797340557,2.83307844733173,0.00185651746937508,0.0114027105617122,"SDHB"
181.626381522184,-3.00827368322957,1.32082968154466,0.00186308786199989,0.0114343836993301,"hacd1"
10.6241863368961,4.78700560953348,2.94422071307869,0.00186933713494765,0.011464039487939,"osbpl7"
214.646075048406,-2.65821333736613,1.10975224520121,0.001879028328847,0.0115060258531744,"ppwd1"
8.10549143052083,-3.93764279960791,1.84720258425467,0.00187891476203477,0.0115060258531744,"cyth1b"
7.15399790284408,-4.03107772322678,1.75778464300894,0.00190096464929994,0.0116315454222294,"pym1"
5.61351061822714,-5.73264004776041,3.38238395337194,0.00190378874633828,0.0116400205360018,"znf648"
9.84477345452309,-4.16468431457349,1.933330705682,0.00191500380320987,0.0116997475560156,"sall3a"
7.82654332527428,-6.14269297227315,3.63313541413375,0.00192429141663844,0.0117476175616516,"fbln7"
17.0603388905563,-5.64360180484319,3.38250722916402,0.00192744921783545,0.0117580216614411,"rnf151"
16.4653058679161,4.77340142629082,2.97472207912814,0.00192920303879905,0.0117598518318354,"si:ch211-103n10.5"
36.3373181079091,-5.67115953772388,3.33372952708119,0.00193372298332972,0.0117785280212004,"mns1"
7.07704310788112,-3.9362714073379,1.80389693518708,0.00195134375422447,0.0118769146936958,"tango6"
7.36264388198146,4.75355109692663,2.92717646867408,0.00196186545763507,0.0119319772081279,"elovl6"
25.4336199379663,-3.03081909680537,1.34010401444189,0.00196521704396211,0.0119433814189403,"irf2bp1"
28.8931094238774,-5.13265347068781,3.05620090607061,0.00197057326686068,0.011966942309036,"rmdn1"
17.9721807057286,4.32381317578665,2.55595778458724,0.00197875747799262,0.0120055806656084,"zfand5a"
16.3453016334213,4.33138176192723,2.54740656842747,0.00197990414240594,0.0120055806656084,"ak1"
20.8825275674521,-3.03880119188888,1.34361888846698,0.00199485315208703,0.012087166402421,"fuca2"
10.1198715954687,4.63922059944055,2.81822776034337,0.00199858767083138,0.0121007302914334,"napgb"
31.2119398011739,-3.15444752948408,1.42825239319273,0.00200781435866336,0.0121475021295646,"TMC6"
20.5272575754858,4.92964309426815,3.36574822577211,0.002015599965747,0.0121854918706483,"naa10"
290.358260646596,2.03391163148735,0.853544335354968,0.00203198212912268,0.0122753573132736,"zgc:136439"
2733.21311767117,2.33014742972487,1.03913294231324,0.00203447272856899,0.0122812312696975,"tpk1"
240.43008820866,4.00746141343584,2.25928788659083,0.00204303536950632,0.0123237234182972,"RPL5"
33.4051273196352,3.15416350898199,1.54363455011928,0.00206441953501376,0.0124249178710761,"tacr2"
21.5446115294835,4.48943658776602,2.86533823156224,0.00206344334843422,0.0124249178710761,"stt3a"
20.5242803574982,-5.5434346050601,3.30720296528719,0.00206247691376409,0.0124249178710761,"adcy7"
25.9259887290587,4.3982671268992,2.73834543877057,0.00207496235670525,0.0124605571665841,"sdf4"
6.90915066575615,-4.31859142630073,2.0899576887366,0.00207357329220977,0.0124605571665841,"exoc1"
8.82718707675977,-3.53160420409408,1.57949912529912,0.00207347288231884,0.0124605571665841,"cables2b"
32.8411489522905,2.37971624765843,1.04068066858086,0.00208880938462101,0.0125090072240294,"szrd1"
239.20779077023,-2.69795198620459,1.15624520414832,0.00208519766917455,0.0125090072240294,"wdr45"
67.2059569309805,-3.18587787314097,1.33837890140447,0.00208741899613212,0.0125090072240294,"gig2p"
18.2435677293009,5.12000319053418,4.01996875350518,0.00208921606622126,0.0125090072240294,"icn"
10.1611966753267,5.02531808513125,3.57346308519395,0.00209385886695086,0.0125275328215721,"capns1b"
11.4048467441204,-3.22768737217604,1.48365186349525,0.00209812353795878,0.0125437703610854,"asxl1"
3524.44882695095,2.53907156242622,1.12675287418134,0.00210927398313651,0.0125966474284962,"jph2"
10.8229522384235,4.26406272934107,2.50959200049587,0.00211008249049479,0.0125966474284962,"pcyt2"
11.2723039519768,4.49580552286659,2.69558439810289,0.00212290856154714,0.0126638697303502,"morc2"
14.4631459121426,-3.39558785134137,1.55187001077118,0.00213243592256218,0.012711329533976,"nup205"
65.7528095932999,4.8935971055779,3.52305091353776,0.00214172345722728,0.0127572909024385,"rps24"
36.7116990250543,-3.4317705049738,1.59397761952398,0.00215023326808326,0.0127985554860379,"qrsl1"
37.2588444075864,2.39162289034338,1.09717922299377,0.00216748814580633,0.0128917732436966,"slc46a1"
3.5434169187831,-5.65743807160709,3.42140634057753,0.00218044996422897,0.0129593385456636,"rap2ab"
9.54175396668115,4.57690882618881,2.84586143128849,0.00218296836378274,0.0129647805393822,"ACVR1B"
146.088437967166,-2.27442182947887,0.940781649274282,0.00219840255830462,0.0130468659531372,"pter"
5.33719649378647,-5.99855364259725,3.66481050085059,0.00221186602159186,0.0131171438773142,"en2a"
44.8641990265732,-2.80718693605303,1.25063639781872,0.00222278555453311,0.0131533310044858,"si:ch1073-174d20.1"
75.7360741707712,1.92490359426945,0.805086839532708,0.00222403530807681,0.0131533310044858,"hlfa"
14.3275667763087,4.61369823654914,2.94902146076827,0.00222388578034113,0.0131533310044858,"ddost"
12.2411307803079,4.41846148508746,2.65045834633935,0.00222447234690773,0.0131533310044858,"emc4"
15.3730221497266,4.60183253739217,2.91853719561942,0.00222947819537799,0.0131733010390158,"prmt1"
4.49024570740147,-4.13091727154768,2.00588356034641,0.00224220886111988,0.0132388521734297,"rin2"
13.4668321324616,4.66808194164067,3.03547400313327,0.00224785067717783,0.0132624829523643,"cplx4c"
119.689423838575,4.09123052116371,2.46499519491176,0.00226402867302132,0.0133481982041322,"rnf115"
9.03174820123299,4.86899154556217,3.37317015180128,0.0022716651616927,0.0133834664915748,"ebag9"
96.53423719383,2.86695172947531,1.52699398227265,0.00228003257820268,0.0134229865539167,"syngr2b"
3.26178370311063,-5.31914997609808,3.26083828409945,0.00230960825918397,0.0135872154243921,"nacc1b"
97.0754514041642,4.840394768409,3.45211550614589,0.00231284648003695,0.01359637730888,"otol1b"
19.7637437220988,-4.52068231359893,2.58500407328311,0.00232447124785334,0.0136547915206142,"neurog3"
9.23952043062425,5.0885968027333,4.0821560788672,0.00235574516887158,0.0138184355844831,"zgc:162730"
120.528788161699,-2.08213493152939,0.847800244812355,0.00235563357870218,0.0138184355844831,"angptl3"
11.9660137323787,-3.47613018739252,1.65814167907503,0.0023733225551482,0.0139114537308651,"lrpap1"
24.4241079612026,-2.89818548606297,1.31746580922204,0.00237777246757837,0.0139274449603486,"arhgap10"
44.5037731534273,4.55502683760172,3.06320300429912,0.00240359799270152,0.014068526890711,"cct4"
10.7410459712441,-5.53798538287237,3.40852298860398,0.00242721619082142,0.0141862368262677,"HGFAC"
5.27844027611083,-3.45017697213069,1.57625802479176,0.00242574679941433,0.0141862368262677,"thtpa"
199.534426408059,2.38175475044362,1.11523177081737,0.00243690969007744,0.0142326082910011,"chdh"
9.9979873052387,4.31324151159733,2.61549647960547,0.0024550216104427,0.014328044593702,"fkbp4"
7.04775873188783,4.49327259991629,2.85347047415522,0.00246359313060842,0.0143677035569513,"ppm1lb"
55.3255664840225,-2.61198714312093,1.14683219467563,0.00246598675053979,0.014371301747202,"slc4a1ap"
72.5536148321052,4.78036758003275,4.36724114423814,0.00247738407021487,0.0144273288293507,"rps15a"
37.0336453216063,-2.37783033729239,1.01782721809342,0.00248216723348996,0.0144447847134534,"chst14"
227.142960930027,-3.90665196467329,1.87383247110902,0.00248475957561853,0.0144494753466415,"megf6b"
34.1071322581458,4.32209634203174,2.90822350576469,0.0024896642296205,0.014467596230891,"ppp1cbl"
155.875044910331,4.36915186979422,3.57950196113254,0.00250338143354514,0.0145368646202058,"rpe65a"
5.32051566578495,-5.96329491022341,3.74348279617574,0.00250883641300817,0.0145580902043207,"rad54b"
19.8892197200971,-2.2541451568417,0.960297031891975,0.00252756413444182,0.0146457494867478,"cdr2l"
15.9902633756407,4.15837481653968,2.58267506637518,0.00252691601585143,0.0146457494867478,"uqcc1"
18.5172888543176,4.47045500225936,2.91448119886576,0.00253657055093644,0.014687415308894,"cope"
6.13475725440931,-4.11285572571985,2.02037366130678,0.00254195689352424,0.0147080753302701,"nup42"
7.53267719074934,4.52519669894138,2.93811137622672,0.00254808508747574,0.0147329951912732,"zgc:158564"
26.7295515227542,4.76352400821977,3.5623481008375,0.00256085351949687,0.0147962457994359,"xbp1"
9.05044050958188,4.32044858279091,2.66965122146304,0.00256558874188635,0.0148017617760131,"gnsa"
15.3348007603951,-4.07081966865985,2.14775418886613,0.00256729778362546,0.0148017617760131,"elovl8b"
8.8063042708258,4.55937523665955,3.00330461618981,0.00256711239541227,0.0148017617760131,"gch1"
10.2403148781773,-3.8072500643929,1.82811088703457,0.0025727664160717,0.0148183858610946,"klf11a"
95.3832194833827,-3.88782852820912,1.88885846774955,0.00257384499132623,0.0148183858610946,"cyp51"
27.7440614569733,-5.09152914786945,3.17519018845518,0.00259479131892781,0.0149283548924659,"zranb3"
12.8091556223996,4.69984947121035,3.38032319821738,0.00259933418841528,0.0149438622957293,"sdha"
5.85869286657452,4.63673835371337,3.18084267530829,0.00261347012015675,0.0150144600866107,"rcan3"
11.8341017186248,4.41801445392064,2.85276318206675,0.00261746497481314,0.0150267382407832,"daam2"
10.6949690793756,4.3563164087839,3.04955777683053,0.00263159309244652,0.01508643268944,"sorbs1"
4.97523642680446,4.65074921924101,3.19777928196375,0.00263011684654015,0.01508643268944,"fam168b"
8.1545104015834,4.41883232254724,2.85516179352259,0.00264019671141667,0.0151250362596667,"ola1"
9.15575458665498,4.58015359116557,3.16866177476214,0.00264230250619912,0.015126387100244,"pnrc2"
4.11075482332933,-4.07940134388523,2.09798599875075,0.00265046496300051,0.0151623840775892,"mmaa"
9.0863728372281,4.43919360413364,2.83526224084222,0.00265424655503175,0.0151625708924095,"psat1"
110.889262360987,4.24169954005126,2.82569674622948,0.00265279252409877,0.0151625708924095,"ube2r2"
13.0993603276691,4.77061837789522,3.96242911670506,0.00266085817058975,0.0151896130853214,"copz1"
12.844793882308,-2.65198614024214,1.18494511994544,0.00266930450438097,0.0152270833116627,"PRKD3"
15.3461818844918,1.09000774193367,2.1913443786127,0.00267780879738265,0.0152648311219367,"iffo1b"
13864.7628683104,-3.4998463153283,1.57811268234732,0.00269918689060647,0.0153758610972646,"sowahd"
3.44123308215256,-5.56483426981114,3.51484182948136,0.00270467091702117,0.015396258302452,"RASGEF1C"
4.92781037347818,-4.40422107029137,2.32627781408037,0.00270994826225317,0.0153974449615327,"cldn11b"
6.68197001138958,-4.59652010687173,2.93478491486842,0.00271015000285747,0.0153974449615327,"gask1a"
222.015414756423,2.64498631045548,1.37767653271666,0.00271058989061968,0.0153974449615327,"hspa8"
6.94969285171139,-3.73924694532995,1.89686220275888,0.00272391457397456,0.0154622771851791,"tmem177"
11.7002949896796,4.80590491847262,3.84292842516759,0.00273716370649358,0.0155265899171294,"nt5c2l1"
8.71345259057304,4.32663866752578,2.74958904162325,0.00274241402398261,0.0155345847619015,"bhlhe41"
64.2152745029476,3.96591889520125,2.42350306911237,0.00274217151236443,0.0155345847619015,"PSTK"
279.103920598502,2.31399025351319,1.11806736949231,0.0027469600831,0.0155494472443638,"tmem258"
56.1827014384146,-3.12957800511894,1.50433965748371,0.00274953940049392,0.0155531637836331,"itpkcb"
8.02354849658201,-4.52784082964783,2.4346967935315,0.00276212838285086,0.0156134566658844,"rad54l"
9.84635337952298,4.64520739218264,3.48979878658935,0.00277774966073921,0.0156907939984074,"si:dkey-220f10.4"
18.0388700523667,-4.01541308964121,2.03975399394112,0.00279048540564038,0.0157517351334439,"si:ch211-63o20.7"
5.55766563163257,-4.07390596962974,2.08524056019204,0.00279368791276914,0.0157588155693093,"ajuba"
14.0127739703194,-2.48393028014829,1.11392051878018,0.00279842010240578,0.0157745088560002,"hspa5"
45.3998977475731,4.22984307981515,3.18559880154247,0.00281403789853442,0.0158514989980814,"gpc4"
5.8856009681721,-3.64966738589196,1.81496660569098,0.00282779882224527,0.0159179294872248,"b4galt3"
5.68360791268372,4.34297486065472,2.81513106136002,0.00284701530657733,0.016014956060434,"slmapa"
7.32633207589051,4.36863253673928,2.87958776848832,0.0028574071602583,0.0160622421955034,"ddx19"
346.495868312358,-2.24332406648628,0.969163756988973,0.00287285390345722,0.0161378577951843,"rbck1"
7.99783306885782,-3.31313790615628,1.65658521440551,0.00287503525412003,0.0161389036575829,"taf6"
5.14225503695169,4.359904715485,2.84850047489842,0.00287824104799864,0.0161456947553821,"sp2"
39.5581558975725,4.47529946589397,3.29641895473326,0.00289585074457818,0.0162332201475349,"actr3"
115.919705643607,-2.59905318513721,1.18251032021212,0.0029044461129008,0.0162673842072724,"egln1a"
112.192030956651,-5.11718883815915,3.25515166804295,0.00290596738527736,0.0162673842072724,"osgepl1"
15.7661837366115,-3.90134616701539,2.13258636920196,0.00294496788263415,0.0164743051193829,"kmo"
10.8892129179922,4.04119562469663,2.57094243076526,0.00295151520830248,0.0164995207463433,"galnt1"
10.94005104935,4.29809282741815,2.82464223305631,0.0029591492849819,0.0165307724904825,"rnf20"
67.7655360351664,2.43047080412054,1.22728805973634,0.0029625463545972,0.0165383281313573,"ubxn2a"
33.9965311994228,-5.0400329861872,3.22407275747259,0.00296564518788766,0.0165442096033264,"GALNT3"
32.9077003792257,4.10664930658772,2.80704827095406,0.0030118305933252,0.0167787174031732,"ptpn1"
10.933109658015,4.19867220919962,2.68811046945699,0.00301006614032851,0.0167787174031732,"baz1b"
3.42838574439339,-5.61406330833776,3.68782631799098,0.00301998202045781,0.0168125495963408,"gaa"
9.45362837228459,4.44460598572038,3.23152408500214,0.00304104665417676,0.016918174955733,"RBPMS"
82.6533873864369,4.11557361417599,3.83492294186554,0.00304622237081041,0.0169353214828078,"col6a1"
8.4614002006039,4.36409782989185,2.99758352475244,0.00304849630442359,0.016936323218738,"ndfip2"
10.0583934005591,3.98891391424793,2.52843762469716,0.00305622494193214,0.0169676071072677,"abat"
3.23222276048071,-5.17811232705117,3.35506279803653,0.00306076303298509,0.0169783404893801,"mboat1"
8.10889350113794,4.26258542569491,2.82360295763014,0.00306235613475158,0.0169783404893801,"trip10a"
14.4875613301798,4.31343044270825,2.95625577915063,0.00306913870862157,0.0170042897356438,"paics"
71.8114879567322,2.23907398207639,1.05494501419863,0.00308457985207075,0.0170781426580427,"hyou1"
5.62037086210595,4.31784719465588,2.90483109420983,0.00309032385247369,0.0170982418896441,"poldip3"
8.47521060253261,4.3707210663602,3.03623355252033,0.00310111035224726,0.0171461938751388,"chchd3a"
9.62848480875455,-3.35214569907421,1.59743742020481,0.00310399348366461,0.0171504120828982,"hyi"
6.9568755814117,4.2586602090354,2.80852116468824,0.00311347086648186,0.0171910347023698,"sept5a"
7.29683671346618,-3.0164947037216,1.44370587959513,0.00314335058995659,0.0173441766181166,"CCDC88A"
15.7637097800091,4.43057245141393,3.34806478978915,0.00315239597832356,0.0173646902732686,"EZH1"
5.21788026738026,4.41276455015468,3.11286109263508,0.00314941157119916,0.0173646902732686,"dcun1d3"
14.2964788283718,-3.34032191529924,1.75661358610605,0.0031535084697035,0.0173646902732686,"cdipt"
6.52999905388826,-3.93274428382603,2.05560979890113,0.0031561981357362,0.017367678040796,"fam110b"
7.98741827019385,4.6099362101291,4.49565349053152,0.00317473776895356,0.0174005332192442,"smim14"
4.62793135963379,-4.39760063021723,2.50378625194896,0.00316786580130934,0.0174005332192442,"cryba1a"
10.2705250175547,-3.38614969973681,1.71503544411243,0.00317524902824515,0.0174005332192442,"ino80e"
10.2428352633527,4.62451876196425,4.99847642724642,0.00317294962075358,0.0174005332192442,"zgc:110591"
13.7104964473093,4.50753000508982,3.75462130581775,0.00317089155485185,0.0174005332192442,"mcamb"
4.9320722516638,-5.15979353018411,3.35999688854598,0.00317505042495318,0.0174005332192442,"dhcr7"
5.68018629704011,-4.49255110477692,2.64088852116163,0.00317722679748098,0.0174005332192442,"mbd3a"
8.20666279331212,4.22872094500065,2.80595708358106,0.00318705425141196,0.0174112462195366,"rab5c"
4.36387519057214,-4.28478174053655,2.39457627917543,0.0031877927619154,0.0174112462195366,"tmem17"
16.8888401990837,-3.91818770449532,2.01806838359072,0.00318244924765311,0.0174112462195366,"sidt2"
431.570975423683,-2.8933210402937,1.41306503530877,0.00318656190394633,0.0174112462195366,"bmp6"
6.48206250129619,4.28848383983616,2.91657270061622,0.00321588342003418,0.0175528211772311,"si:dkey-16j16.4"
8.3486976604642,4.31162127890384,3.02844265461522,0.00321915141487939,0.0175588103809571,"akr1b1.2"
10.4499417390206,4.18563089975948,2.77928748544886,0.00322312770501372,0.0175686522950512,"picalmb"
93.4737562026957,-5.16304054692918,3.35337219719583,0.00322641495908233,0.0175747276794727,"si:ch211-257p13.3"
10.0009745783798,4.27404728632907,2.96325460409642,0.00323846506218761,0.0176284952140213,"rab18b"
8.75577887802219,4.38108569446623,3.22338474152727,0.0032521065672623,0.0176908473588331,"flot2a"
3.25915795823652,-5.28185376414738,3.51220298261531,0.00328122768839441,0.0178372653033752,"si:ch211-204d2.4"
62.0688878167837,2.92941122914448,1.67561714521183,0.00331432800532929,0.0180051035830145,"tgfb3"
10.8574115993844,4.71378742358822,3.69996265800622,0.00331663008634892,0.0180055172942795,"golga7"
5.63958414518592,-3.52213027230578,1.81492016800934,0.00335387190776149,0.0181954861582044,"pipox"
13.9201998982689,-2.74815301685767,1.32624562506008,0.00335618026129201,0.0181958057195651,"ptcd3"
16.5483143271839,-2.78877460719291,1.34807827490506,0.0033727929701964,0.0182736251412717,"myof"
287.545793743143,4.0063812754195,2.67872049819802,0.00337687378114846,0.0182834886316666,"ireb2"
17.3777196095828,-3.83650504859616,2.12231171351335,0.00339534910651761,0.0183712233596127,"ccnt2a"
7.78379991835928,-3.357029026186,1.77236984527646,0.00340839575212284,0.0184294874591722,"znf106a"
266.476149758846,2.8896674665722,1.86704580723735,0.00342544532682441,0.0185093034393338,"tbl1x"
58.5534661406852,-2.44633977892487,1.11076717928394,0.00343156985307853,0.0185300190531056,"aqp11"
4.34751679918476,-5.78264536142777,4.00903471416362,0.00343503071983881,0.018536333217329,"b3gnt2a"
71.4136942131652,-3.69616860063858,1.89870024815261,0.00344004614747519,0.0185510221912845,"zdhhc16b"
105.63400574367,3.88910739129461,2.59601817153008,0.00345969520374227,0.0186445532998476,"slc30a4"
4.09259317458926,-4.10333573850762,2.29318227368485,0.0034678108042517,0.0186758466015926,"utp25"
7.74777199321532,-3.67102407720445,1.921091478059,0.00348413308516883,0.0187387982220284,"ankrd33bb"
21.9480756098431,4.148424391963,2.96023208980456,0.00348290545369514,0.0187387982220284,"NIPAL2"
5.87072288765356,-3.73001879962035,2.00417376688996,0.00349676116714536,0.0187817404256566,"lrtm2a"
7.65508562511175,-3.18473636411935,1.54702799234142,0.00349497054396535,0.0187817404256566,"znhit1"
5.02887242910214,4.40660682421731,3.43961988919501,0.00350850273098998,0.0188323016529383,"dyrk3"
6.6144978896487,4.27144664404808,3.04497778044324,0.00351404568505053,0.018849546118285,"smg5"
33.6073127099805,-2.17166105250731,0.965583572559017,0.00351728823890401,0.0188544364244497,"SHKBP1"
9.29136116376894,-2.77225743000575,1.34449698844213,0.00352863712421159,0.0189027454951971,"aggf1"
7.77033804754138,-2.82763336673764,1.37570903841775,0.00353417087196865,0.0189198598169122,"ly75"
14.3514570425686,4.32915697902299,3.62732440291931,0.00353755021286679,0.018925425708915,"pdgfbb"
199.843205763913,-4.55620490868011,3.02352686087826,0.00354549909979681,0.0189554145527141,"henmt1"
21.102128126646,4.25216340097548,3.16502234590446,0.00354891975832696,0.0189611703600441,"rhag"
5.26510850146445,-4.02343655671714,2.16477468824107,0.00355693318707661,0.0189914406272361,"si:dkey-34d22.5"
3.49749359366904,-3.82170168769972,2.2080290585268,0.00356001738587031,0.0189953698115468,"ttk"
5.60082200847076,4.21286861639889,2.96641020222769,0.00356949571671544,0.0190333888282869,"prkaa2"
40.3365017139985,4.09165517620278,2.95293756238905,0.00358475986845999,0.0191021887852259,"eif3bb"
13.2924567678015,4.03115283011881,3.22274839821477,0.0035922767603549,0.0191296423400334,"pfkpa"
16.0266580553798,4.24191351140898,3.39031991249212,0.00359734067924531,0.0191440057594838,"mylka"
53.7739935627523,2.79435531461291,1.60183412338848,0.00360999101522951,0.0191734847814783,"mmp19"
7.98472097379181,-4.53647255535282,2.92175482423252,0.00360797503497254,0.0191734847814783,"rrn3"
8.81463103577551,4.35808949643954,3.58037357159018,0.00360914527120924,0.0191734847814783,"psma2"
40.5848287799807,4.09857286316231,2.85394147480478,0.00361515079497226,0.0191882905384059,"wdr34"
4.92803639184024,-3.73779196046993,1.87549780196999,0.00361849152785053,0.0191934281762511,"nat16"
16.2885942161051,4.21588263299081,3.22199213891159,0.00362642013046414,0.0192228783979846,"pawr"
63.345984198618,-2.94498162536262,1.48585028445993,0.00363110582249889,0.019235111328221,"rab34a"
16.1390683952719,3.87416056456736,2.63371915118146,0.00363804100396023,0.0192532633710512,"iqgap1"
6.18227278428655,-3.02002307404036,1.52428690057904,0.00363929282906876,0.0192532633710512,"sdsl"
6.28568486534255,-5.84969131700363,4.12455213077251,0.00364796438492155,0.019286525431131,"dnajb13"
6.23989956591871,-4.14166335669099,2.37574841377125,0.00365436318906204,0.0192951330524301,"mff"
2.9764752818147,-5.02117952776637,3.396816849827,0.00365328252302118,0.0192951330524301,"si:rp71-1f1.4"
11.4003697231442,-2.58331994199972,1.25111810779604,0.00366282433053163,0.0193051449378863,"tex261"
16.4326347615419,3.79823773830343,2.47073190858411,0.00366341914694715,0.0193051449378863,"zc3h18"
4.94502049305487,-3.64275971101113,1.96329552313391,0.00366282144297217,0.0193051449378863,"C7orf25"
37.6777711302928,-2.43670024826074,1.14169809831275,0.00367702146388012,0.01935161133463,"cmtm4"
98.3562977210688,3.03439597997146,2.12445003447833,0.00367631861655357,0.01935161133463,"psmb13a"
13.4314088257899,4.27887053391296,3.87491706071915,0.00368494999239438,0.0193807285360716,"arf5"
9.59372004181894,-3.15527308119273,1.52913971369051,0.00369194251492724,0.0194048882412257,"usp28"
9.43318263827575,4.09307180675138,2.86595517312811,0.00371212113458274,0.0194982778296362,"lsm4"
54.175497582875,4.24217403571907,3.77395997440524,0.00373240383097193,0.0195906949652755,"rprd1b"
3.53244676029224,-5.03605764975441,3.42745068319769,0.00373455948033809,0.0195906949652755,"atxn1b"
4.95845650248322,-3.81256375949237,2.2133664766714,0.00374760225008644,0.0196463736882367,"dtd1"
4.52880681219418,-5.47679486353133,3.80074552033994,0.00375050120614809,0.0196488369537124,"lhfpl4a"
6.01797546920321,4.34941573382359,3.75752633586473,0.0037614847473229,0.0196936246738479,"itgb2"
133.048061163552,2.43497743079305,1.28593616826633,0.00376719065662224,0.0197107407641768,"saga"
7.64664073671619,4.2453334051401,3.3952380710528,0.00379114244430058,0.0197593757937805,"ppp5c"
8.96430538850944,-3.12784671348329,1.64423825746671,0.00378742759725031,0.0197593757937805,"zgc:92162"
16.6090891797854,-4.78282498852187,3.22851688781301,0.00378482493824724,0.0197593757937805,"RAB39B"
4.03010466492811,-5.57070189733798,3.90164610480418,0.00378872649531029,0.0197593757937805,"txnrd2.1"
5.32383846900455,-4.99151853247824,3.41880881979735,0.00378132715589626,0.0197593757937805,"mrpl2"
10.8821553650375,-2.53086316498895,1.2158852120801,0.00378231633570494,0.0197593757937805,"kidins220b"
3.85353175935435,-5.62802777438795,4.03355430033755,0.0038201936405229,0.0198805929508715,"SNTA1"
5.46739588622062,4.30939780968047,3.62116731932841,0.00382147750961322,0.0198805929508715,"esrra"
14.7031284839239,4.00467669497054,2.72698269169173,0.00382177302986835,0.0198805929508715,"nipblb"
10.1728048706122,4.02948886763875,2.7862697715497,0.00385283042188974,0.0200292707472147,"psmd12"
8.0698749421492,-3.26763423554248,1.78418097991458,0.00386867246438731,0.020098710060648,"clec3bb"
8.31109209139385,4.10197900932308,2.97144555608973,0.00387641189511201,0.0201259921820032,"scaf11"
9.71830824571025,4.11727746019299,3.04106834436857,0.00388635256341585,0.0201646606064598,"hspa4l"
6.86819807972277,-3.61877998605605,1.82311605533286,0.00389146269605075,0.0201782318899708,"iffo2b"
15.7582144755167,4.09953502231166,5.04584064262328,0.00389598232265017,0.020188725821856,"vclb"
6.26853317749852,-3.87074217094219,2.13491852072313,0.00390552134529655,0.0202033536210176,"rexo4"
59.5017415944529,-2.80416395256226,1.38970821801857,0.00390629806691451,0.0202033536210176,"ndufb9"
311.433555319474,1.95689135507752,0.930383610522694,0.00390316579392051,0.0202033536210176,"dtymk"
10.0878266398339,-4.79732954019662,3.26684647795263,0.00392189777515515,0.020264932037014,"mfsd4aa"
7.63775509784414,4.27378542886317,4.87937365624339,0.00392321468289824,0.020264932037014,"ociad2"
5.50879940530732,4.24768578564278,3.25788986001305,0.00393117684545655,0.0202931011505412,"nacc1a"
119.632427075412,3.93462276708905,2.82770650564289,0.00393565724070848,0.0203032725893437,"ube2al"
77.6811385627185,-2.07322099190772,0.929557469949247,0.00395380839457816,0.0203839108373121,"ctnnal1"
10.5452593800283,3.81339009058123,2.64975965430232,0.00397934283583322,0.0205024867509904,"tmed7"
4.96967604570764,4.14938244477374,3.0985002793864,0.0039822814797172,0.0205045670842982,"crbn"
31.7180287968065,-3.84893243145743,2.33855962734617,0.00402694112241996,0.0207213274422742,"rad17"
3.6073450504959,-3.98973175978564,2.35425634871652,0.00403478160833487,0.020748473254813,"hnf4a"
8.47699506207478,4.14872527899925,3.36116709361151,0.00403785866221209,0.0207511046497037,"ets1"
171.61395042381,2.13268189570863,1.02960449385295,0.00404519919344125,0.0207743006624952,"si:dkey-76k16.6"
5.3269585977837,-4.39681805339911,2.87436005597844,0.00404750869626559,0.0207743006624952,"lhx4"
13.1272927162284,-3.84441927741132,2.14600667227981,0.00405094494720986,0.0207787531249084,"nkx6.2"
6.25772974178838,4.11470089251141,3.1679434147218,0.0040672946793304,0.0208493958562127,"cntn3a.1"
9.64564886401214,-4.10198195874946,2.46166266858259,0.00407020607258076,0.0208511063464887,"lrrc18a"
788.600412758103,2.1406547506704,1.06871682433702,0.00407517735602586,0.0208633605271476,"pfkfb4b"
108.930382811852,2.5545198492628,1.45245018621312,0.00407843936291931,0.020866853894152,"htr2b"
7.61971723639955,4.34531438645441,3.4676867204667,0.00411231067373219,0.0210268527432489,"myl13"
15.4302613470555,-2.769678385907,1.41532915940885,0.00413597089153203,0.0211211291297996,"rbm22"
7.75459034598946,-2.80000622584116,1.41764136469554,0.00413513100019753,0.0211211291297996,"ino80da"
10.8914393373387,4.148755525485,3.52168828561674,0.00414493256506454,0.0211535391285849,"ifrd1"
3.54318236965198,-5.35043639549029,3.84321713642109,0.00417014478260701,0.0212687901302069,"bco1"
9.20817615701996,0.761686200013968,1.4921643871979,0.00419776400199482,0.0213961644688948,"p4ha1a"
4.30016865230831,-5.18927415338354,3.68468526339553,0.00420090519178399,0.0213986914964362,"si:dkey-167k11.5"
7.32774632632819,-3.84190256475061,2.26566442202107,0.00420591779765318,0.0214107420171281,"rmdn3"
32.2194316075915,-3.52479515311018,1.9448597284361,0.00421902574956466,0.0214639618164959,"tmem120b"
9.94148547851134,4.01968962559987,2.97377086707267,0.00424273717024428,0.0215710251226311,"csnk2a1"
40.1872939640391,4.04526454844157,3.24590739756947,0.00426050561910654,0.0216477575081362,"ddit4"
6.76833421076375,-3.43015611425724,1.77029080183367,0.00427164888786099,0.0216862892577702,"rbm14a"
5.04299093915419,4.2083074998333,3.80880649102586,0.00427345099232113,0.0216862892577702,"cers4b"
38.444921906265,-2.75433033923606,1.41212889224693,0.00429760379354009,0.0217907098855845,"nudt12"
9.55338104509364,3.84375940905619,3.27843286888153,0.00429941562336419,0.0217907098855845,"adssl"
5.80015807375058,-3.53968382235044,1.8119008560473,0.00431488255021233,0.0218417302557369,"bicc2"
71.4589337592217,-0.354563999510038,1.11557033760736,0.00431280163705821,0.0218417302557369,"ngs"
13.4766045385233,4.02396252619123,3.24961055901114,0.00433205251805712,0.0219149298427543,"scfd1"
2.85025740711706,-5.04206591563734,3.64516393558044,0.00434820195932367,0.0219828785306057,"scml2"
102.541725482052,-2.25290056649843,1.06078094452789,0.0043540597840197,0.0219895253880752,"ndufv2"
77.8777856311427,2.89578577184801,2.03489611633251,0.00436250588231461,0.0219895253880752,"ncaldb"
14.3425558154041,-3.2126846755466,1.80406269878211,0.00435705290802853,0.0219895253880752,"med24"
6.5130462347702,-2.76934786374464,1.38930995303406,0.00436339894689328,0.0219895253880752,"si:ch211-235o23.1"
12.665196933135,-3.40477576575805,1.73345095000973,0.00436350382189123,0.0219895253880752,"lamp2"
20.7962164214639,-2.74028803394505,1.4337471741214,0.00436582739192097,0.0219895253880752,"trim69"
5.04535412036155,-4.4614376019327,3.15227106678847,0.00436949463154754,0.0219943012287418,"arhgap42b"
5.13924934416164,4.03339813201199,3.08761489797529,0.00438301242873187,0.0220422284981808,"tmem135"
80.6710099123719,2.09864268179292,1.03040141623939,0.00438446602219965,0.0220422284981808,"gapdhs"
32.1657486118911,3.96207974254715,3.96915674262749,0.00439104213319813,0.0220615775251178,"mmp2"
118.481924788143,-2.14598297142619,0.996493380981582,0.00440563015867829,0.0221211311940091,"mms19"
6.82030820482625,3.98717345497864,2.98635073979402,0.00442285428835955,0.0221938389196901,"clcn3"
8.27302897863311,3.99989012689455,3.13647895319534,0.00443158220557713,0.0222154977241755,"ssx2ipb"
4.63693876286944,-4.01472739112526,2.50858524379855,0.00443266328678691,0.0222154977241755,"b3gnt7l"
7.69068159705196,3.95871996288042,2.99161120437034,0.00443950323135839,0.0222360010145251,"dnajb14"
5.40294699274236,4.46052717487991,6.61660357233178,0.00445882198215976,0.0223189424589668,"cyb5d1"
23.204726832968,3.9585442800295,3.48753453655423,0.00448852915388496,0.022453749119218,"rpl29"
7.67295875819112,-3.62805851221798,2.17247218900641,0.0045117102402419,0.0225557627523589,"relt"
8.60938597201265,4.05153846868361,3.26266230335465,0.00452486371138002,0.0226075494511137,"tmed9"
25.1844080144546,-3.02713651392679,1.50529555039275,0.00453891862472514,0.0226637733058035,"slc7a7"
4.0539588076861,-5.37969914733898,4.08513230988891,0.00457187516438818,0.0228142493551734,"SLC2A13"
17.1676371040266,-3.65975624873988,2.49664066957785,0.00458737073564658,0.0228774610854779,"ENY2"
13.7794982390707,3.64988048426936,3.88415749260741,0.00461144240774624,0.0229833380383606,"igf2b"
6.54087364282739,3.95179456916817,3.09773672989995,0.00464507557030216,0.0231367095370531,"sptbn2"
4.20607738425524,4.04287006692013,3.25358071923663,0.0046520718672867,0.023157298051989,"ctif"
6.79801286416442,3.93755295222479,3.11568981296492,0.00467483336184089,0.0232488377604875,"ZBTB5"
9.04476324967693,3.86459626334676,2.8756756041148,0.00467620954831414,0.0232488377604875,"tsg101a"
11.695819773581,-4.99045689910713,3.63187693347428,0.00467918816520094,0.0232493569215666,"sarm1"
117.557034840442,-3.49139380624803,1.92507098701424,0.00468773856389713,0.0232775428136058,"pop1"
4.71672182870279,4.05188808228458,3.99394580747591,0.00470169795700093,0.0233325366712764,"ppargc1b"
19.6753072767956,2.17584974117506,1.09162213381696,0.00470981013530647,0.0233584636324304,"cavin2a"
84.8592762865505,2.11350089683519,1.04573823860428,0.00472691307638101,0.02342892149194,"snx3"
5.3026235428737,-5.73026258077065,4.88200084823021,0.00473449428059848,0.0234521275173062,"mettl15"
9.23136005252946,3.86878734439744,2.93318106893527,0.00474156895759812,0.023472797612002,"OGDH"
12.8376085434902,3.88309523978137,2.96762632043741,0.004760999757712,0.0235545731132308,"coro1b"
5.5746342538758,0.935248522919436,1.79001048478577,0.00479969956250097,0.0237040223040704,"slc25a26"
99.2112191572822,-3.18177883391503,1.72323522521914,0.0047999985825278,0.0237040223040704,"zfyve1"
9.07722421384167,-2.94898331885889,1.55616955046355,0.00479922548267189,0.0237040223040704,"glra2"
5.57910655459783,-3.53771077399724,1.93307281885284,0.0048876880327929,0.0241223358738632,"dixdc1a"
52.6377499653951,3.80872892417972,3.24906325738811,0.0049194742464407,0.0242644068167432,"serpine2"
9.09022315638722,3.86185903748325,3.06912739032497,0.00496428635096988,0.0244705132803141,"eif3jb"
15.8682502534523,2.11000619893795,1.02649135972737,0.00496842503152958,0.0244759988307203,"YES1"
8.08744994101378,-2.61566773617722,1.32177013298777,0.00497505128593539,0.0244871185727996,"zmiz2"
51.139426401425,3.66595042291412,2.54896053937819,0.00497673667124273,0.0244871185727996,"cab39l"
12.0336583123298,3.86046013422771,3.29854165629925,0.00498148372308032,0.0244955755841925,"txnrd3"
11.6223957194894,3.78411458930576,2.80535650370877,0.00499141665033533,0.0245295074632822,"gclc"
5.57451927106844,-3.43449188665295,1.94554930725427,0.00507036051400224,0.0249023352749023,"efr3ba"
8.63628989648783,3.80177169874333,2.94540302960163,0.00507825091730331,0.0249247597520335,"os9"
280.86626153099,-2.97778169462334,1.49855479206253,0.00508108898888654,0.0249247597520335,"gng3"
7.30647257577393,-2.76506309181503,1.47249563071463,0.0050920742821624,0.024963508405098,"pcyox1"
22.0239976049902,-3.09901313423862,1.71799243105967,0.00509796418939054,0.0249772455045306,"ap5m1"
12.2621905227996,3.60372242807113,5.40719352063911,0.00512346141662313,0.0250475212091081,"bgnb"
35.283651073385,-2.67292327211491,1.44765893765171,0.00512246857522262,0.0250475212091081,"st7"
14.3326936669423,3.63119957159975,5.25781362843704,0.00512703995267763,0.0250475212091081,"pepd"
12.9049537393354,-4.42541331478692,3.24103955492598,0.0051201463985718,0.0250475212091081,"foxh1"
4.70233255847825,-5.54086848236237,4.90378232647011,0.0051277902240429,0.0250475212091081,"ppp1r3b"
8.56192129550051,3.55022686851614,2.55038999666654,0.00514664277772765,0.0251244377966439,"atp6v1c1b"
7.08186467946309,-4.10294193446463,3.08650369523165,0.00515833644645824,0.0251663350515083,"lnx2b"
7.68678841251175,3.83235695715006,3.3241457809535,0.00517511029582395,0.0252329518884388,"rgs9b"
6.75857104226387,3.74781927378809,2.7877277525108,0.00518316387675188,0.0252569955415939,"eftud2"
11.6086235416839,-2.3238979797595,1.1632913179843,0.00519976613632589,0.0253123099509924,"me3"
6.03357026606112,3.89950458497921,4.75294892182539,0.00520390301007546,0.0253123099509924,"rspry1"
22.5521928590142,2.14291188701313,1.05307718138222,0.00520371100625758,0.0253123099509924,"irf2bp2a"
14.2712206608444,3.8031903504503,3.30459392370979,0.00520744708232424,0.0253143265918995,"alas1"
292.788042848113,-3.31824189474353,1.84695176814958,0.00521565171232542,0.0253237735300122,"ddr1"
12.1797432197492,3.76886889076795,2.89429595538915,0.00521466362508941,0.0253237735300122,"cox5ab"
4.7682618130129,3.87113068146652,3.48337441657748,0.00526313808120979,0.025523695407018,"sik2b"
19.02155458993,3.56666878666731,2.96179510130816,0.00526085783959699,0.025523695407018,"larp1"
33.254514177462,1.74817265761478,0.802364287320159,0.0052839729565462,0.0256093812136023,"RNF146"
36.8125785292816,2.15112714724138,1.10604966612272,0.00531133274558505,0.0257265692090045,"rab9b"
5.45579234547853,3.75020610093648,2.89265331096935,0.00538340962860047,0.0260600840728601,"polb"
13.3270209578847,3.65456282242454,2.70253928791035,0.00539662955357303,0.0261084548198877,"hspa4b"
9.02340494791747,3.47006700163605,5.94989011645123,0.00542624446842226,0.0262350533695245,"etf1a"
8.64553963246213,-3.17012614973862,1.64552388276478,0.00542928413160885,0.0262350533695245,"stk19"
19.2886725736197,-2.92958259537888,1.70053972319935,0.00546482050389728,0.0263910048095672,"col9a3"
4.37983347961386,-4.70291646700081,3.61740118109338,0.00548488661174237,0.0264721048940239,"wnt5b"
4.94132096637459,-3.12171451570035,1.75921768091398,0.00549753618040355,0.0265173346233061,"brpf3b"
4.09771712645452,-3.89133916071884,2.7862825653349,0.00550948604619261,0.0265315823228159,"cep89"
10.6884118927255,3.76075352607429,3.09797178090354,0.00550542704710213,0.0265315823228159,"dcaf11"
97.2662325193533,2.64162509068384,1.99286084709041,0.00551032986800972,0.0265315823228159,"BFSP1"
9.59616193263295,3.53104133902439,2.97462834699341,0.00553234999909203,0.0266059329028867,"sema7a"
9.25116881738625,3.75360902639711,3.94856732123354,0.00552990269519691,0.0266059329028867,"wasf2"
63.3568455619021,-4.69049225926881,3.62296298906992,0.00556650293341963,0.0267542734571785,"slc25a13"
32.6652335650874,-3.45357142659313,2.02050283842537,0.00557930984056589,0.0267977569968874,"si:dkey-10o6.2"
18.4800532461361,-2.58173969489088,1.4174023372124,0.00558217586101562,0.0267977569968874,"nudt22"
4.81490790928108,-3.68544093130876,2.39379358571048,0.00559227637104027,0.0268303223993741,"dnmt3ab"
15.2127759436815,-2.32007379523346,1.18491493984572,0.00559593365534002,0.026831954557229,"relch"
3.76000165762378,-5.17022328089512,4.32626625277076,0.00560321838411696,0.0268509677186742,"chn2"
3.54345291655765,3.82499378284484,4.24423331125881,0.00561073884284823,0.0268710873296622,"clcn4"
12.6366809706697,3.45121992125888,3.49024392808839,0.00563240028003702,0.0269588673758695,"ncam1b"
5.78023170469262,-2.90769330833828,1.56885285384868,0.00565373246532494,0.0270449686055668,"sin3aa"
11.6819113533528,-2.53571287447399,1.35289161372751,0.00567092550063321,0.0270860243173305,"GFOD1"
16.8964764589619,-2.38236785261917,1.23959116776982,0.00566941832670634,0.0270860243173305,"cstf3"
10.805709167434,-2.78378513009903,1.56565414487124,0.00567236063710692,0.0270860243173305,"glsb"
4.83306463465029,3.80063623723602,3.21110963435903,0.00572052382473799,0.0272998921641921,"lmo4b"
13.569959704171,-2.74374110387963,1.54027021299788,0.00575388128525501,0.0274428925214787,"strap"
2247.11274898302,1.87511302563514,0.921941406416488,0.00577802336318453,0.0275417978696521,"si:ch73-344o19.1"
26.4130036229387,1.34822371811294,2.95780310787349,0.00581341202491338,0.0276941636451851,"si:ch211-79k12.1"
4.85371404244087,3.71846996857051,3.26254043103088,0.00581897522479599,0.0277043499666714,"lsm11"
16.1852968053485,-2.57295484858648,1.41066786477633,0.00584060337945833,0.0277909651390814,"pbx2"
7.96752847080579,3.65082390686221,2.98079586691976,0.00584586508274863,0.0277996488267805,"retreg2"
4.66913356613738,-3.32294059060271,1.84261024702431,0.00586423988345335,0.0278706441934513,"agfg1b"
19.7885055661965,3.63310133086084,3.54147267647888,0.00589330087844451,0.0279826752408701,"sh3bgrl"
3.71340713749728,-3.58751130888066,2.32421619783156,0.00589473094454723,0.0279826752408701,"PHF21B"
5.37402593909319,-5.09962035587484,4.3553295842969,0.00591692656737094,0.028064108643667,"npr2"
12.5920011434823,-2.07167584460676,1.00300086855979,0.00591882424849745,0.028064108643667,"zfhx4"
7.6828361988293,-4.58668375704516,3.61054531483125,0.00594768036812375,0.028184409196106,"mctp1a"
6.53974482254026,-2.76205700444368,1.55976276627894,0.00595169302055889,0.0281869115007616,"ift172"
40.5063041544449,-1.95557191689337,0.934894199954567,0.00596574583209196,0.0281886116391191,"uck1"
10.9860980634643,3.58082349441993,2.86495282577973,0.00596599123824599,0.0281886116391191,"atp6v1ba"
251.565425154846,-2.28151694353682,1.17482536705137,0.00596210018963078,0.0281886116391191,"bcl2l13"
9.15832642815476,3.62067062684335,2.92964660953218,0.00596334404352109,0.0281886116391191,"vdac1"
13.6041692267399,2.7596248248197,1.84180681447922,0.00599913908013968,0.0283121563706242,"srek1"
39.7316800352923,1.99171049858461,1.04052715937303,0.00599622244244163,0.0283121563706242,"opn6a"
4.37012927313475,-3.84144723515359,2.86562320678658,0.00603209572308492,0.0284510917224687,"ddx3xb"
4.48493193064646,-4.6112931870519,3.66676556456436,0.00605270160462869,0.0285150281187196,"rnf144aa"
10.5154106421015,-2.66678863686076,1.50768751037141,0.00605010456759266,0.0285150281187196,"STT3B"
11.0402955168977,3.59027435604185,2.8980044810098,0.00606851906569163,0.02857290496064,"per3"
10.7305439470552,3.59113141088625,3.4794966083007,0.00607842890983315,0.0286029153296337,"nr2f1a"
89.7612273868245,-3.34785951682806,2.0084506420031,0.00609839568640004,0.0286801876205174,"plag1"
5.44251414949446,3.2222748645817,6.97180627518212,0.00611383138103218,0.0287360732371699,"slc9a1b"
6.16034679456871,-2.91827460592673,1.7553017097479,0.00614403461785914,0.0288612636607797,"lrrc8aa"
153.818365411841,1.90772356481229,0.961690560698809,0.00620375891522271,0.0291249018370496,"gemin4"
6.63640143691696,3.63108294794756,3.19955461000356,0.00620961567667275,0.0291354879400266,"si:ch73-12o23.1"
7.69899153028316,-3.5285930823161,2.22135363673895,0.00625037200760673,0.0293097154605976,"trim66"
6.17861025190626,3.60906520698193,3.11354093222774,0.00625993226176259,0.0293375388559662,"dgcr2"
40736.3283205877,3.4197403876251,2.73148944656312,0.00627803671451691,0.02940534973001,"acer2"
131.661946169232,-2.78061483873119,1.66583072455121,0.00630057121766976,0.0294938197799367,"rlbp1b"
3.95685255143908,-3.28432053637153,1.96127594344527,0.00632162059466643,0.0295550579190895,"zmp:0000000846"
8.83979767597906,-2.92339336633351,1.6478908593735,0.00632461432290073,0.0295550579190895,"trpv1"
5.25145359214223,3.60920951344902,3.04964391809189,0.00632260663990266,0.0295550579190895,"zgc:110319"
6.89488996437016,3.54953072637895,2.82252467230078,0.00633680889834143,0.0295949464080161,"wdr43"
7.53239661921157,-4.34134877327363,3.45866303833467,0.0064077705056998,0.0299090915294897,"mboat2b"
4.82523971327135,3.55241333878128,3.85104590168795,0.00644301831021372,0.0300562716904953,"slc38a5a"
4.74127258897835,-5.09796557819037,5.98804782452532,0.00645759529567792,0.0300766481100342,"si:dkeyp-97b10.3"
9.33586952022538,3.34253399635061,2.532155853249,0.00645854095279138,0.0300766481100342,"ide"
5.4222371992093,-3.41171004367845,2.17044557883125,0.0064557298398399,0.0300766481100342,"fam171a1"
4.52715260166597,3.58066941168704,3.6491757642343,0.00646316107358535,0.0300808457561749,"cox10"
6.15689356547844,-2.79246221394505,1.52851241832696,0.00649712808825627,0.0302215463518717,"recql5"
24.164082280654,2.66108089014041,1.83540848664235,0.00652467533865577,0.0303322406979233,"ptn"
6.83429523614921,-2.98222246224514,1.90937787637255,0.00654654961446435,0.0303338884486625,"dph1"
17.6300523828742,-4.0594198320847,3.24998456003676,0.00654780736302001,0.0303338884486625,"pou5f3"
3.65772912097621,-4.7744060325232,4.13958955810167,0.00654074931066955,0.0303338884486625,"tmem134"
6.66764885329039,-3.44195872484624,2.53456490199119,0.00653429485721458,0.0303338884486625,"CYP19A1"
5.45976664046349,-2.83042204215423,1.57390631784855,0.00655127990107718,0.0303338884486625,"spag9a"
16.7864588405009,-2.97572739590818,1.81626750701408,0.00654049905582726,0.0303338884486625,"ldhd"
16.3414849308022,-2.55391784021335,1.44881503517595,0.00654157334163389,0.0303338884486625,"znf593"
4.08246008876676,-3.4956253372665,2.38259525984083,0.00655745558612184,0.0303451134074025,"MYT1L"
100.331179907929,-3.36383668831731,2.1346371939107,0.00656887068852333,0.0303805574611008,"sult3st1"
35.3116747377314,-2.15905362478441,1.1077021091914,0.00662098794832439,0.0306040980079977,"AREL1"
8.59716932081298,-2.58886452381715,1.45094635470819,0.00663418802924468,0.0306400761311848,"adpgk"
7.23412114047265,-4.70922919500022,4.14303779674073,0.00663634730891777,0.0306400761311848,"atp6v1c2"
6.63810350323938,-3.1862157351631,1.97947719174837,0.00664162307509257,0.0306469418450792,"rasl11b"
3.0919149492652,-4.61662821583274,3.94263414200781,0.00665298353743965,0.030681860794954,"exosc4"
4.87572950232014,3.41629348876315,4.44882328766677,0.00665877171543415,0.0306910566416791,"id4"
4.55002660574724,-2.94716913649647,1.7542002734676,0.00668814060462738,0.030738846222063,"wdr19"
7.03911324670419,3.49776055778216,2.82764633979016,0.0066748805580096,0.030738846222063,"usp2a"
8.62536835286233,3.55283688693501,3.13495471205886,0.00668014471384406,0.030738846222063,"elmsan1a"
13.3785480320095,3.49189929468339,3.39652271509705,0.00668680566112808,0.030738846222063,"tmem205"
3.86529225273451,-3.54997070494099,2.50049894653497,0.00668573613053883,0.030738846222063,"tcf7"
56.456280768623,2.10855046469501,1.19041610025157,0.00670099876964594,0.030773398890347,"ccdc137"
33.5438556279152,-4.12697501540294,3.30287075441521,0.00670326725736079,0.030773398890347,"lrmda"
5.72100740204889,-2.85648681336664,1.75232065299287,0.00670765175522574,0.0307760607192405,"dtwd2"
60.4383810288537,-2.18785271066209,1.13806266612937,0.00671337444706046,0.030784855953669,"ddx42"
99.9552596212431,-2.12292255661002,1.08578652156597,0.00674898448047781,0.030930614992966,"capn1b"
13.291562532869,-3.23794296205502,1.86655880374201,0.00677366163331029,0.0310261319093131,"EVC2"
8.32429973768576,3.44914220532602,3.62225063526745,0.00680098190144218,0.0311307768555542,"myo3a"
12392.2604194338,3.06010993427281,2.46065764100453,0.00680420490550375,0.0311307768555542,"ephx5"
12.7744062344146,-2.36738929291564,1.23661466463522,0.00681172099949079,0.0311475472950147,"meaf6"
27.0065735519164,3.31113325418957,3.95400157318258,0.00686062897590929,0.0313534620260623,"elovl1b"
4.89707595918762,3.55402492909931,3.70056888992751,0.00688293524344849,0.031437641549551,"rassf8b"
15.0444506007626,2.85522068500261,4.95775623562484,0.00689634615618971,0.0314715938604257,"atp5po"
5.15786444391701,-3.47618509442441,2.38916828268452,0.00689815006979043,0.0314715938604257,"pikfyve"
8.99433943103949,-3.44573222704411,2.3476882657178,0.00691197631516503,0.0315168976400056,"plod2"
12.5611042380546,-2.27566533406431,1.21509516432167,0.00691999433951383,0.0315356812463816,"igf1ra"
6.25563385511318,3.45400889633082,3.62964920127618,0.00698152526600518,0.0317981744801328,"znf384l"
3.7960469602401,-4.35195854307717,3.64070753961478,0.00699149915271224,0.0318256818493468,"zfhx3"
4.15702655460676,3.33712633402703,4.63486160319305,0.00701670447449051,0.0319055012529022,"CACNG2"
5.42739369272269,3.50116914664352,3.40868580065532,0.0070169225774401,0.0319055012529022,"dcaf12"
43.2259975592741,1.035853623995,1.94604680346717,0.00703544795622801,0.0319717632123193,"fbln1"
6.67706962812461,-3.53716298669295,2.65724274513443,0.00705940457531892,0.0320626185343935,"olfml2ba"
348.247669197939,0.226980455328861,1.05399622927165,0.00710062442409528,0.0322317345491059,"btbd17a"
4.12194675116101,-4.44720057438915,3.84114098733527,0.00711721661224251,0.0322889316749465,"foxj2"
7.57819925616468,3.40289439683931,3.53750811561461,0.00713505010107784,0.0323516929751226,"acbd3"
3.94531417360927,-3.25869228272323,2.45524923513709,0.00716894455762079,0.0324689767786084,"itga2.2"
5.80739484763385,3.38928085137273,4.1218207515934,0.00716802143481412,0.0324689767786084,"si:ch211-278j3.3"
7.6925096637047,-3.37037279763419,2.67001511282839,0.00718813752548005,0.0325133905909184,"lrrc24"
160.45742912801,0.89615860325078,1.67615967780838,0.00719080921834009,0.0325133905909184,"anxa1a"
7.3918587772333,3.2745826321484,4.33527227713084,0.00718696171364537,0.0325133905909184,"tmem208"
4.76926489675205,3.41025859330768,3.9698494973967,0.00721134025116721,0.0325880063082076,"gdap2"
4.5208172868994,3.44480286259386,3.30357192235708,0.00721594039019256,0.0325905872787647,"ptpra"
10.5158268766824,3.40697533729288,3.52520460944921,0.00722838085281358,0.0326285562044693,"pstpip2"
64.6627380835455,-2.74310891605635,1.5502563296667,0.00728067190282963,0.0328462660468426,"pvalb7"
6.98009985050786,3.37942218491897,3.39602958189033,0.00729820117079748,0.032906995134103,"ppm1bb"
13.6014162982715,3.37625392990153,2.84331023798591,0.00731119082539776,0.0329471992126142,"eif4g1a"
44.5575197631692,3.17972886904315,4.06448027707249,0.00732021266613872,0.0329694878933163,"mcl1b"
4.4934989676585,-3.43322295233968,2.37993259635414,0.00734513939705154,0.0330633459002504,"ptcd1"
5.42289394826538,-3.22652125451551,2.04762058266477,0.0073708008482929,0.0331604049287215,"aak1b"
5.84188354294607,-3.27477362461484,2.37492578686959,0.00737959104515305,0.0331714333147408,"map3k8"
5.9113485592237,3.41405313672852,3.35034903822184,0.00738256959649828,0.0331714333147408,"ppme1"
14.3771572084667,-1.98648776101656,1.0045993640381,0.00738555462972532,0.0331714333147408,"polr2l"
310.259049629267,3.34427487789243,2.80078914156471,0.00742556227289486,0.033332615552412,"gulp1a"
4.95860659577709,-3.31830602474406,2.2731012560947,0.00743441584492997,0.0333461151898943,"hecw2a"
4.35110621119814,1.46248829945965,3.40178401752242,0.00743681441495478,0.0333461151898943,"avpr2ab"
20.6316048465976,-2.26170443573921,1.24015287140391,0.00744557192247888,0.0333484115619777,"RAP1GDS1"
20.9634564787333,-2.43341203795336,1.31347282971014,0.00744444624400561,0.0333484115619777,"atoh1c"
8.34962213866854,3.33406586553381,3.5623743626971,0.00749341456685756,0.0335441230942506,"phf20a"
5.00116007073223,3.40694413960938,3.19265116433684,0.00750614531396147,0.033582527347696,"rnf170"
6.62140543103985,-2.54005230215874,1.48470660440973,0.00752042916137759,0.0336092549648527,"zswim6"
5.44602041154047,-2.59172173883904,1.45714549404226,0.00752009313604777,0.0336092549648527,"nomo"
10.6121093871654,3.31934754109237,3.48602708931563,0.00754711346817398,0.0336912808190173,"prodha"
3.34627643567237,-3.37105131206219,2.44600375247178,0.00754317520804824,0.0336912808190173,"znf341"
34.2346785004684,2.67491601980615,4.6420919402775,0.00757522731515839,0.0337981322406598,"tyrp1a"
6.90584027304883,1.20075725146406,2.36393849030097,0.00759134684639241,0.0338513807279318,"mfge8b"
24.3607570129286,3.1347913144516,2.54536427764515,0.00762645231575247,0.0339891861058522,"akt1s1"
632.485881394855,2.03681214429183,1.17239589681419,0.00764483749816875,0.0340336216415449,"nipsnap2"
5.46113176337867,-4.15632864200726,3.57088209164206,0.00764132875526688,0.0340336216415449,"srpk3"
145.722482254608,2.36947472153329,2.08156074755417,0.00765323325050476,0.0340522572955627,"dcn"
8.7357199383361,3.3507605691732,3.44212743751571,0.00766375770230406,0.0340803386772609,"ATG14"
41.0458507568814,-3.09281861648685,2.18142456919492,0.00767489764110238,0.0340952439836882,"rrnad1"
1125.25823067372,-2.4486492712265,1.44446961587272,0.00767553953446609,0.0340952439836882,"gpc6b"
3.89002174379375,3.20253001174459,4.50791168058974,0.00768074317272513,0.0340996331087671,"ube2q1"
9.53671919304309,3.32891306930389,2.88098712499336,0.00770355067525076,0.0341633889320742,"cnpy3"
30.595901564826,-2.2535240170009,1.25949582414196,0.00769960735486009,0.0341633889320742,"lctlb"
20.7382995349104,-2.31107076684507,1.30797429813102,0.00772356879213595,0.0342333961422398,"mrps28"
7.37790967784108,-2.87164384211746,1.8355290174113,0.00776404127284366,0.0343928735604497,"hccsb"
22.6844714551547,2.50603083640251,4.91595992798104,0.00776805291073576,0.0343928735604497,"stxbp1b"
45.9810608301717,2.69639862787024,4.23253794486356,0.00779299352206786,0.0344844226477062,"FBN1"
3.39975180155161,-3.27210476695504,2.3036481487161,0.00781087821501051,0.0345446658727283,"yeats2"
15.3648893575264,3.26117990515359,3.12275278424117,0.00784071410395338,0.0346576701567644,"ank1a"
2.94933814024219,-4.49402616651423,4.57194797188947,0.00786144789376075,0.0347303397119774,"ankrd13b"
602.57742772717,3.10430314130953,3.4659758401771,0.00787143068101949,0.0347554600320779,"mest"
476.568047430221,1.59882590977368,3.76827267038273,0.00790119755024708,0.0348678597839327,"col1a1b"
7.67776944215724,-2.87010989588765,2.11083268584847,0.00792952908621975,0.0349738063132124,"trim47"
3.77563005336969,-3.48845207957914,2.97082600950918,0.00793816462046323,0.0349775713438681,"zgc:63863"
32.8506178561156,3.24032513523939,2.98245159684262,0.00793903090460401,0.0349775713438681,"csde1"
46.0510802322404,1.99128125458669,6.30958764317319,0.00796666862089516,0.035080229980632,"blvrb"
7.10242880673971,-3.45884229920962,2.7930461155331,0.00800221932749217,0.0352176018172384,"SBSPON"
10.1883519691203,-3.05170196046219,1.95500489227896,0.00803463067000987,0.0353410154919575,"prkar2ab"
4.90300181291574,-3.36032625109283,2.5185561242757,0.00804277060192165,0.0353575931516001,"slc2a8"
15.0538238380814,-2.57023576851569,1.4899097291063,0.00810265176633753,0.0355821661986451,"fmnl1a"
7.76594077479396,2.76407706658076,4.44929344185966,0.00809978662693195,0.0355821661986451,"march8"
7.73005832862211,1.23541383367079,2.44076637025896,0.00812153392232333,0.0356375955604527,"traf3"
4.04852169989285,3.26221882072866,3.5551114494703,0.00812408532741683,0.0356375955604527,"copb2"
10.3596531042766,3.15686530535937,3.68936479093903,0.00813858688372925,0.0356818587005343,"CDH2"
33.1680125734959,-3.00777372754635,2.06289788302995,0.00815195366607269,0.0357017613453503,"lrrc42"
12.7531863342411,3.10657635185558,2.58359693670809,0.00815159095866705,0.0357017613453503,"gpbp1l1"
6.77867331470293,-3.34095425638663,2.49265321080832,0.00816761222729055,0.0357172523401821,"svild"
6.56912935511213,2.50597451897719,7.22691611016997,0.0081633247039549,0.0357172523401821,"gfap"
17.5524344906185,-2.53101425118722,1.57964239583434,0.0081687374000911,0.0357172523401821,"atr"
11.2776970320431,2.32988710159073,1.41297293895806,0.00818785448001384,0.0357814991295689,"ginm1"
4.62273976182198,3.05149538340209,3.46851417007997,0.00819844272065239,0.03580842503637,"srsf5a"
4.75869978992109,3.2652345960864,3.42443107354732,0.00822109733064388,0.0358686387851016,"tmem9"
8.55253033815737,-2.30583206460484,1.26658068100648,0.00822091644163066,0.0358686387851016,"csnk2a2a"
3.41384791613312,-3.27177846354657,2.49718813206816,0.00826552347957927,0.0360415747003379,"ift81"
13.7390258461949,3.23721252580509,3.08757343385726,0.0082709011984152,0.0360415747003379,"ndufs3"
11.3292991585353,2.06186807948289,6.64196288893204,0.00827410115199993,0.0360415747003379,"pfdn5"
4.17471493807012,-0.77088462928736,1.51844492001813,0.0082851496273792,0.036070277360533,"tdrd1"
5.40827329733958,-3.35306453103869,2.80005223120914,0.00834952141606935,0.0363218365751301,"fcho1"
6.09603890981567,-2.75085133805879,1.7239292797677,0.00835191198290791,0.0363218365751301,"vps37c"
7.26611725267261,3.2560129586536,2.93871267671186,0.00837389121724797,0.0363978538722831,"smg6"
127.172775797609,1.77276619302087,0.953982954922486,0.00838523408142661,0.0364080292456575,"ndufa5"
18.8926266628313,-4.39823244644779,4.60551699987349,0.00838518254539451,0.0364080292456575,"fosb"
53.3032461282318,-3.64355966659826,3.05080465116065,0.00841726568351871,0.0365079153426182,"fam102bb"
40.0699519826813,2.46678516519419,4.45909102758664,0.00841533871594913,0.0365079153426182,"cox4i2"
12.7436485372232,-2.15744239818872,1.16972880993121,0.00843084499756635,0.0365276406991506,"exoc8"
8.93709578252233,3.03191332753244,2.97889312177336,0.0084276367262798,0.0365276406991506,"PAIP2B"
49.7652896412004,-2.03999416913289,1.09441767036811,0.00844775871465893,0.0365813277531456,"rundc3b"
6.51717288607965,-2.75012036720312,1.89796213175939,0.00846397977667247,0.0366319595577869,"gprc5bb"
15.824520230324,-2.18255731056575,1.18225277038051,0.00852651062715274,0.0368828580016249,"DOCK2"
48.5633872299149,-2.66466369085503,1.5229072608879,0.00857514506665944,0.0370536049381454,"man2b2"
12.8183186568109,-3.34851873765616,2.7474106473985,0.00857385853332166,0.0370536049381454,"lurap1"
4.22566764400924,2.7875772669648,5.38944129675713,0.00859269769197162,0.0371096271384722,"pacsin2"
23.0871343453628,2.70282141638848,4.84248774187016,0.00860396339893849,0.0371384524727927,"rdh14b"
3.86630405322362,-3.36055848360346,2.95845348658085,0.00861556950882251,0.0371687156036615,"ndufaf7"
7.95782445127795,3.14096978341281,3.45730754716767,0.00862557691488075,0.0371880765836825,"yipf4"
9.15679011545059,3.06624949413982,2.7183653780407,0.00862925203950698,0.0371880765836825,"actr10"
5.75143199428576,-4.36328899233161,4.82942600881982,0.00864597743326632,0.0372403149401977,"erbb2"
15.187637663975,3.09449739840149,3.39039575147731,0.00870349406495521,0.0374681019113479,"bcap31"
4.03380083273012,-3.21747100004851,2.36060618088956,0.00871685262060884,0.0375056493872899,"SP3"
49.6164047021254,1.79318037891209,0.986107369132908,0.00872533051018958,0.0375221682599274,"dpp3"
719.786257272028,2.20429690751661,2.06989776982101,0.00873099527677778,0.0375265785302101,"rps27a"
2.92571668680905,-4.16962554565291,4.37526496825514,0.00876547934009854,0.0376547861827175,"shisa3"
12.0382472225415,2.00409865173289,4.84776073229011,0.00877018606645857,0.0376550080103946,"hck"
7.47342803521168,3.17266337117616,2.940880806259,0.00879823805765525,0.0377554098930362,"phf8"
10.4370800574876,3.06010032216866,3.87808125194052,0.00889029304456391,0.0380713462348447,"sugt1"
74.7690077938936,-1.71948957538282,0.853565007305907,0.00888823157621929,0.0380713462348447,"slc25a42"
4.47822063688906,-3.23845962138818,2.59739984695879,0.00889068772872069,0.0380713462348447,"METTL7A"
3.75183094706864,-4.07922696011246,4.26131940311572,0.00888356926031282,0.0380713462348447,"kcnip1b"
5.51487379946071,-1.18129318599472,2.39831323740632,0.00896838150923813,0.0383837238244589,"ube3d"
22.2442495017365,-2.28478762686473,1.34533508005723,0.00897640027755856,0.0383977270466267,"ino80b"
89.6102655289769,-2.72124410174751,2.10906305469912,0.00899900391794446,0.0384740711904084,"bcat1"
10.1691470096771,-2.20915565658246,1.28544999425109,0.00903371240145559,0.0386020600186869,"fam185a"
5.59573416422229,3.10939081138436,3.3538716447941,0.00904324842981742,0.0386224057807778,"emc7"
25.3083921846057,-2.28751101318813,1.3507721023655,0.00905870916283724,0.0386680202734514,"tyr"
72.7187443384016,2.57971588843389,4.86617956653621,0.00906495364587539,0.038674266899518,"nadka"
26.0757866624365,2.9566439280432,3.85088697587133,0.00908903263869685,0.0387565550945803,"taok2b"
132.647982547882,2.3126090776793,1.93627308962212,0.00914454543524443,0.0389625623848003,"rpl10"
2.85787107394651,-4.17489388928867,4.70468093068943,0.00915661158282919,0.0389625623848003,"AOPEP"
86.819562782177,-0.209183569986481,1.05266250748279,0.00915606580548682,0.0389625623848003,"xgb"
15.7306538876771,-2.35820676997321,1.45034525777741,0.00915568297138098,0.0389625623848003,"ssr4"
4.9375292041021,2.74864635803429,4.85543993758115,0.00919238745405855,0.0390942282417874,"KCNIP3"
3.88135969223332,2.9021605512803,4.31782660205119,0.00919750904534957,0.0390954548963913,"elmod3"
31.2640328533834,1.08090106196326,2.00714395389354,0.00923857715306992,0.0392436978962251,"rpl22l1"
4.26134933981888,-0.730762368706324,1.46002141770165,0.00924208733988242,0.0392436978962251,"ftcd"
9.39085133260902,-2.72088913969796,1.8342903859413,0.00928801569485917,0.0394180267343734,"nop16"
822.728188984806,1.57976407472592,0.800716443165529,0.00931312200260347,0.0395038510115676,"cpt2"
18.3052124739786,2.01602437147577,1.19580381306241,0.00933570252069855,0.0395439482000439,"rtn2b"
9.56986989727198,-2.43031511543764,1.54835449973765,0.0093303209180517,0.0395439482000439,"sclt1"
10.2240501034669,2.95481296541259,2.60866912658309,0.00933724082854294,0.0395439482000439,"chd7"
3.60932921137276,-4.13624414493165,4.79652678649134,0.00934851468828049,0.0395709760928838,"pde4ca"
8.80948865756912,2.92931560160694,3.88017297301247,0.00935863711940172,0.0395931044240798,"exoc3"
7.94115648022532,2.9423423365843,3.75138602080306,0.00939254808607422,0.0397157979447226,"chmp2a"
15.4876104731902,2.89824020030476,3.77602692357158,0.00940797177521344,0.0397602318128012,"DDX39A"
9.49232158132324,3.09917695229707,3.04958840360256,0.00942143577405149,0.0397963415019857,"flot1b"
4.29054819921462,3.06608643922332,3.33579915875664,0.00948042096744882,0.039990636509053,"fbxo8"
2.94795159868205,-3.67547804754222,3.43224570717789,0.00948226490596659,0.039990636509053,"igsf9b"
5.02011454338145,1.83235984755712,4.85489823698356,0.00947805247762181,0.039990636509053,"trak2"
104.13519156637,3.05336437433439,2.5965965472166,0.00949451528446475,0.0400005906958517,"srp54"
5.00380555865067,-3.67014697340577,3.3375648862488,0.00948981275238955,0.0400005906958517,"nipa2"
11.3919152718297,2.95544278170413,2.63869744395379,0.00955057608818292,0.0402158302849098,"UBL5"
15.3628515345758,-2.23727191519486,1.29971527600219,0.00956159962309096,0.0402413003908339,"pkdccb"
5.11605511175554,3.07955742857592,3.02471987036142,0.00959982376545366,0.0403811619546306,"snapc5"
45.0766728592482,0.290351179224081,1.07850330997142,0.00963309278028406,0.0404678451863169,"slc35d2"
19.689716635023,-2.35465733386146,1.44961570093364,0.00963543946456253,0.0404678451863169,"serpini1"
9.79064617692558,2.83756794909549,3.93263880463792,0.0096333382350249,0.0404678451863169,"RAB7A"
22.2644583761608,1.82507845724396,0.997681802005145,0.0096513827331655,0.0405137700719127,"lrtm1"
9.63367413700858,3.0664482707974,2.93791101986701,0.00965779230454261,0.0405196483150649,"fis1"
6.54214495223377,2.94986337598367,3.71409308453202,0.00967509223847918,0.0405710251052157,"ctdspl2a"
11.7122899428828,1.72725465465344,4.14093979247205,0.00968006903857909,0.0405710251052157,"ppa1a"
24.0452947115595,1.25380327131311,2.36323973946929,0.00971961746632508,0.0407156839384276,"eno3"
23.6858281029413,-2.17526946144965,1.2232707543519,0.00982608634151399,0.0411403790975707,"tacc1"
11.2512174598902,3.03520713962609,3.01484528203257,0.00983291652324738,0.0411476780944377,"si:zfos-80g12.1"
5.32680060554873,-2.70662307314418,1.79958808638256,0.00984231857836645,0.0411657264634986,"vps37b"
6.73844475314331,-2.69447408454191,1.73611622978957,0.00985097231266049,0.0411806279261554,"hivep2a"
7.3473670359919,-3.11723390809344,2.49730349367477,0.00986834155200471,0.0412319291395486,"zbtb24"
4.97700051429489,1.22479543694019,2.36669360034566,0.00988241930803105,0.0412322865364154,"pbdc1"
5.36931726277559,-3.06896586903038,2.76254805674873,0.0098780000555117,0.0412322865364154,"mitfb"
10.8423964357297,3.00336589652344,3.28708742587388,0.00988371907455921,0.0412322865364154,"mlf2"
19.5593674906464,1.99202951114796,1.16679398126239,0.00989147750084605,0.0412433822187339,"zdhhc3a"
18.8151907688709,-2.7493656258801,1.69114700975849,0.00991795263533754,0.0413324672165097,"B3GALT2"
11.2247423405011,-2.8738765006227,1.76780999750448,0.00997322718754646,0.0415344873607681,"alg8"
14.5522314444413,2.08984883110411,5.07810176425823,0.00997669785411947,0.0415344873607681,"pecam1"
18.8877181549294,-2.23830287105788,1.26027732889219,0.00998612837940535,0.0415523623770627,"spg11"
6.95601753999034,3.036342100427,3.05062866736446,0.00999483286066634,0.0415671994909666,"emc10"
10.2547118110766,1.41237400181668,2.89802239792337,0.0100376486348186,0.0417238128504872,"mtx1a"
3.31260728726,-3.7955531386083,4.35383974401506,0.01005248405048,0.0417640182251323,"omgb"
4.55637734847077,-2.62409161970906,1.85472935396262,0.0101256704581023,0.0420464827184752,"si:dkey-106g10.7"
532.275613274306,1.83851239752816,1.05168600837282,0.0101903970759076,0.0422935464068837,"lpar2a"
5.73584531873134,-2.86835508671038,2.01780471139454,0.0102005210553568,0.0423138537521956,"thg1l"
4.82578028183929,1.36278272137049,2.75278604249441,0.0102174594950818,0.0423623935703316,"setbp1"
5.29146347647204,2.95838311518447,3.2223716234781,0.0102681144395164,0.0424912693195819,"KLHL11"
3.77700971209859,-3.71085721371593,3.71579652528182,0.010262719068682,0.0424912693195819,"uhrf1bp1l"
8.82186344075416,2.22597101716249,1.43947565290288,0.0102695551390509,0.0424912693195819,"pi4k2a"
11.0610692807838,-2.67983646703732,1.79419604151928,0.0102646040721289,0.0424912693195819,"pde7a"
35.9030056590291,-2.38297796593158,1.55306433850744,0.0102773808165217,0.042501908703908,"slc18b1"
7.68424124817034,2.81519805326897,2.98618800140107,0.010284874744247,0.0425111659714942,"mfn2"
8.75949726381737,2.98913808318141,2.77680154776958,0.0103186997186784,0.0426291940880437,"eif4g2b"
978.045295936872,-2.81802455109408,1.79098853689513,0.0103509918402319,0.0427407723305952,"nvl"
4.17708687110831,2.48484325484173,4.81881705772921,0.0103702333706344,0.0427983763954394,"adcy6b"
4.29338391664718,-3.06418047559395,2.39839964530071,0.0104390847761203,0.0430605592830378,"C2orf42"
11.0727450715936,-2.56071558877162,1.81818934542496,0.0104501337941446,0.0430841652705586,"scyl3"
6.09840901520371,2.47858126995757,4.65234072612722,0.0104624828002481,0.0431131041116692,"SMU1"
526.472506034496,1.70314948697994,0.953987552562711,0.0104870115838484,0.0431921775467157,"RPL7A"
13.4914513727171,2.72129686459618,3.84313755690508,0.0104962533409091,0.0432082408522208,"rbm8a"
18.8138310321928,2.21511275903866,1.5714298248714,0.0105897259735637,0.0435708511699679,"march5"
385.918552573263,2.09085190147243,2.03162473741479,0.0106043729492237,0.0436015292716968,"rack1"
30.6872644454798,2.38638962126321,3.63543450251212,0.0106079626167263,0.0436015292716968,"rgra"
9.37312399641694,-2.1872733796787,1.28820651148548,0.0106405896479763,0.0437134228859725,"mex3b"
15.1664876725502,1.08306113545057,1.99357337789947,0.0106846279029953,0.0438517730526436,"LEPROT"
5.29867022361878,-2.42432225627687,1.59073875606303,0.0106851087509903,0.0438517730526436,"adora2b"
9.79046028317467,-2.75825396665703,1.91956022441594,0.0106919993597628,0.0438578006192297,"ubr3"
26.0703315081866,2.21384034575387,1.54388174197061,0.0107162992354429,0.0439351974229587,"dis3l"
10.8639336697343,-2.14122557094498,1.24733388668691,0.0107676633416712,0.0441234188301815,"znf438"
4.64693341312319,1.22417490162501,2.34387174352421,0.0107747775992849,0.0441302156965142,"ccdc136b"
6.14615702063779,1.47737617819135,3.06994564342296,0.0108454476102908,0.0443702617573902,"olfml2a"
4.30102354334586,-0.691141888139123,1.4063753006977,0.0108498427192629,0.0443702617573902,"CRYBB3"
7.49578927703941,-2.7028483352094,1.85086296943005,0.0108403509639907,0.0443702617573902,"ccdc106a"
148.438895887823,2.86386290549636,2.48245119369705,0.0109419740770704,0.0447244205707038,"nup88"
15.6695214427512,1.95760452692761,4.53518705491261,0.0109737574710737,0.0448090480482157,"psmd1"
38.6120239837316,1.89368378626729,1.16402102285652,0.0109733792496449,0.0448090480482157,"f2rl2"
8.41030961218388,-2.46836194942555,1.57518498013274,0.0109800090074047,0.0448119540165975,"fam120a"
54.8803725148794,-2.07671012189323,1.22495943512367,0.0109908848078374,0.0448337202272298,"vmp1"
13.2250287352142,-2.26541487411323,1.47782130875024,0.01100154411452,0.0448545818257825,"lsm8"
3.80729121479123,-3.01282060041599,3.13514856046078,0.0110166293849202,0.0448934584859544,"ighmbp2"
19.1889843670603,-2.08994156016265,1.22725896965979,0.0110451544482153,0.0449870364207522,"sesn1"
5.46129638305537,2.48237781920419,4.39101203597188,0.0111104735594886,0.0452272442764924,"itchb"
8.54594255697026,2.78021294962979,2.61088163069007,0.0111153123527836,0.0452272442764924,"vamp4"
3.13954300836809,-1.0918464754822,2.15944648281906,0.0111331169758785,0.0452769146394574,"slc26a2"
5.36730489862214,-2.50742271782083,1.81078361951856,0.0111592688103797,0.0453343966838968,"mntb"
7.85372374926863,-2.79652606756046,1.85656880350534,0.0111591903332677,0.0453343966838968,"serpind1"
4.92483896331572,1.40886838694343,2.84063384092531,0.0111640645561037,0.0453343966838968,"si:ch211-57i17.1"
5.6296618644326,-2.31818140303983,1.4669143940872,0.0111775587640402,0.0453436674234308,"sv2a"
5.29013832007416,-0.970628132665029,1.86340648422508,0.0111751682367909,0.0453436674234308,"rtn2a"
77.7860592243268,1.74357467564487,0.992746299575282,0.0112000710684782,0.0454122179814138,"gpx4b"
6.94675589454976,-3.02474840845005,2.9633042920606,0.0112398076920633,0.0455505032169841,"pde4ba"
3.96375465947389,1.04548823910029,1.92686009533583,0.0112709159104972,0.0456080234117119,"tmpob"
3.48440805385497,-1.83699417886939,5.19270034658456,0.0112612683432091,0.0456080234117119,"golt1bb"
312.831166655314,1.99845612383624,1.28149471911976,0.011267906017302,0.0456080234117119,"bin3"
4.91194543471573,-3.67677721989223,4.66346433723284,0.0113147725185426,0.0457625974512457,"fhod1"
17.7299151998587,-2.20358356532979,1.40933295039067,0.0113353878098523,0.0458230644647154,"ndufb4"
8.82168385979418,-2.70138803416425,2.25083441450054,0.0113419569418937,0.0458267181333558,"si:dkey-194e6.1"
3.26849929866804,-3.62019445983251,5.53141375553118,0.011366733073552,0.0459038960718732,"abcd3b"
3.77751142050377,1.8304498575243,4.27196295655619,0.0113941753380501,0.0459917586374686,"YTHDF1"
8.93370762948653,2.7744824533894,3.33465500154015,0.0114414541764645,0.0461595625104346,"ndufa9a"
4.71580585202144,1.86176888271186,4.43913995233428,0.0114581781936659,0.0462039897350763,"tpp1"
45.1885125640831,1.95712823364942,1.19444087059115,0.01147310065373,0.0462411117030505,"alpl"
8.22647488937548,2.06667124802431,4.45251613672843,0.011505433633333,0.0463483329980233,"spock1"
26.3377416364742,-2.99633396469807,2.93920687819032,0.011528196161296,0.0464169132646709,"slc6a22.1"
2.83812971312158,-3.44230586096223,3.86574163346536,0.0115918317658814,0.046649914007072,"asns"
31.8795864141587,-1.82828799569692,1.01245894361116,0.011638183685136,0.046813161526139,"fam199x"
7.8465763273744,-2.7822120698976,2.87113946356243,0.0116802721710201,0.0469591061587384,"si:ch211-195e19.1"
3.00793947601057,-2.50965153538513,3.82798350290912,0.011695317799485,0.0469746247380545,"pou2f2a"
4.13167978183687,-2.85059612577346,3.56434599158071,0.0116957465969145,0.0469746247380545,"otx2b"
4.3992392404592,2.68628192608146,3.67669111773181,0.0117289107910432,0.0470844463467734,"fkbp8"
4.72707696745336,-2.92342972362503,2.76666927611725,0.0117457146350725,0.0471285147237608,"atpv0e2"
21.4577360436966,2.76068193549252,3.05273529438463,0.0118194967667995,0.0473681609729178,"cct2"
4.74100289906413,-2.90128898861005,2.22645501930479,0.0118230086542615,0.0473681609729178,"cyp20a1"
3.06076553149739,-2.67602270571442,2.3442831356449,0.0118225728525991,0.0473681609729178,"nuf2"
3.91406466878833,-0.679832292103147,1.39151201690852,0.0118300251407157,0.0473728085956679,"dph6"
7.33927197062893,-2.59683059730181,1.83400405725604,0.0118719627533667,0.0475119316900789,"wdr5"
6.86420617149764,2.81096301032155,2.91356252125439,0.0118765145107355,0.0475119316900789,"enpp5"
2.47574691860814,-1.12616195243313,2.23700479612828,0.0119460276628931,0.0477663953362048,"slc6a22.2"
4.73295918679285,1.90905116525122,4.77121740747097,0.0119550675209462,0.0477789235063904,"c1qtnf6a"
5.03583619854305,2.68538243665253,3.40933244883065,0.0119730948992782,0.047827340563092,"asxl2"
3.77963335073372,2.22054405861507,4.60565872660962,0.0120118122043111,0.0479583163478148,"bloc1s2"
33.9837878535684,-2.47985884369898,1.7699439078298,0.0120690168815146,0.0481629390994433,"smim19"
5.57899773308483,2.60009033427161,3.60924854104599,0.012115857200881,0.0483260201666304,"ints3"
4.60606839179268,1.16031527421472,2.18238458249569,0.0121427540817971,0.0483855851072201,"mtmr1a"
2.74491246829554,-3.43321536632857,5.6736353148264,0.0121414367021791,0.0483855851072201,"gdpd1"
25.8609745563895,-2.55905466150511,1.7006145529214,0.0121708798950534,0.048473780143322,"ccnyl1"
11.0989824517463,2.64895901410236,3.348168022051,0.0122022093796985,0.0485746415710536,"mrtfab"
13.7818372891627,-2.84119225077862,2.07371363798792,0.0122218760415536,0.0486289991638598,"dmtn"
6.6670139720081,2.49896808332564,3.7467500170901,0.0122544702094283,0.0487347146136017,"spns1"
5.58356875175738,2.71742517332827,3.14344124192348,0.0122634276371236,0.0487463715757704,"kdm2ab"
123.302381713188,1.3378345702099,0.657088352263381,0.0122767626491234,0.0487754091693318,"HNRNPUL1"
3.61563835295534,2.48533599163659,3.91346053459605,0.0122850185976542,0.0487842491096834,"march2"
8.96580956104986,-2.50759378733372,2.08671740287301,0.0123339805977214,0.0489546462487578,"mfn1b"
5.10613423689233,-2.77843035903604,2.19796127409314,0.012342919976845,0.048966100879205,"tasp1"
4.59605973022332,1.72739839679778,3.75844578078113,0.0123663318790557,0.0490349306714123,"tcf3b"
30.0895522863509,-2.18434667979732,1.41834250519057,0.0123844838439077,0.0490828465523613,"spcs3"
4.21463468412375,-2.87480697907962,2.81960900686594,0.0124324585173602,0.0492488525695038,"fsd1"
4.32768509742292,2.5847824561251,3.50129860077313,0.0124897821533523,0.0493875052543712,"sacm1la"
5.11159347924343,-0.552645348482998,1.2578757093757,0.0124830338754011,0.0493875052543712,"chrna7"
4.85383109523159,-2.80259516359897,2.61646191570333,0.0124868064101334,0.0493875052543712,"cxxc1a"
2.78527947212012,-1.52657853397936,4.03606480837149,0.0124918822784576,0.0493875052543712,"vgll4a"
98.9226927866183,-0.18259359043537,1.04485040173625,0.012505523883049,0.049417285144105,"zgc:162344"
21.6993205160935,1.2286554894824,2.27929122008303,0.0125276571058857,0.0494805753562059,"map1b"
39911.3571037753,1.92650231932573,1.21653193476132,0.0125536555128089,0.0495095595954821,"ddah2"
9.74318611203838,-2.38033575170579,1.60038677290866,0.0125528093060485,0.0495095595954821,"cilp2"
8.57432362635495,2.58358474207071,3.41419102177097,0.012553782154916,0.0495095595954821,"phyh"
6.13418008103828,2.45937719302601,3.21609441327394,0.0125594778452132,0.0495095595954821,"PCDHAC2"
67.1239833677289,-2.1318506686977,1.37009190988857,0.012573387212208,0.0495207706598735,"pdia3"
5.79143014963373,2.4908353500435,3.64312455208855,0.0125745658221511,0.0495207706598735,"myo10"
4.21960466435507,2.28890133810753,4.14495393140081,0.0125829714958243,0.0495297598198164,"hivep1"
5.42798144746237,-2.43282491523921,1.68571107333998,0.0126173097051521,0.0496407676094239,"cdan1"
5.66001602620241,-2.62899833111439,1.92623834541392,0.0126253529685437,0.0496482645418328,"fam102aa"
26.5809431559724,-2.7901825111592,3.14926703195628,0.0126703059936228,0.0498008285628839,"coa8"
