"baseMean","log2FoldChange","lfcSE","pvalue","padj","gene_name"
40736.3283205877,14.6948199129371,0.993266528623297,4.39622924110746e-50,3.05142271625269e-46,"acer2"
12392.2604194338,13.1284447193986,0.916075780480333,7.96104597371292e-48,2.76288100517707e-44,"ephx5"
13450.2662524996,-10.8220178675145,0.791061431626684,1.62980015318338e-44,3.7708142877486e-41,"gpr174"
55136.1920100206,-13.8702698700117,0.999570336323855,3.99744210591536e-43,6.93656141428962e-40,"surf1"
8253.81113093214,14.5219353396509,1.12358232805628,2.40003823297177e-38,3.33173307501141e-35,"zwilch"
4526.93163419131,-7.48757505655854,0.608330273343328,2.94198470418725e-36,3.40338597196061e-33,"gabpa"
39911.3571037753,-12.3372439053088,0.990942232785279,3.66882014079884e-36,3.63789722818353e-33,"ddah2"
16416.3090774323,-12.1470077346522,0.997102020282493,3.93890520521279e-35,3.41749262867275e-32,"nudcd2"
13864.7628683104,16.1300734138966,1.39249241865091,1.29236379414631e-31,9.96699677241061e-29,"sowahd"
1916.97126374129,-9.50174707329713,0.829114408496444,2.00196136402406e-30,1.3895613827691e-27,"rhot2"
932.223013768472,10.9757408547092,0.991081984438457,2.7523910306092e-29,1.7367587403144e-26,"cars2"
26651.3350192204,-11.0841919283746,1.04514374438457,1.54323490842508e-27,8.92632791614876e-25,"fkbp3"
765.810361190562,-8.27113565820712,0.800395154068939,3.14162936363486e-26,1.67738841638381e-23,"tlk2"
2733.21311767117,-10.5447328826228,1.03137149792953,3.6739810827589e-26,1.82150733538782e-23,"tpk1"
605.604013881262,-8.58924358039715,0.826566125327766,5.31988786674995e-26,2.46168944554076e-23,"higd2a"
1701.99995800187,-10.2680832329821,0.974956304301888,6.0032168146536e-26,2.60427049440692e-23,"usp39"
1515.72948342376,11.3045275096742,1.09920576782481,1.31350741426083e-25,5.36297350728497e-23,"eif2a"
1116.2629369664,-9.41219897947141,0.94929201360697,2.11207137243891e-25,8.01215467910567e-23,"gltpd2"
1600.31170560772,-9.62033539471706,0.930116715627329,2.19321335402691e-25,8.01215467910567e-23,"znf710a"
1096.50215740342,-7.83907894341592,0.782153198496838,4.06112345164122e-25,1.40791360965129e-22,"TADA1"
3524.44882695095,-14.4950310761095,1.66496675941355,4.25964353878072e-25,1.40791360965129e-22,"jph2"
1550.05403727914,-10.2502173631314,1.06236988672532,2.95862557001033e-24,9.33446367338259e-22,"ube2g1b"
1691.66673733657,-10.561051851496,1.04568662844591,3.21738779307693e-24,9.70951681380302e-22,"rbm34"
4586.6637187792,-8.54189492259303,0.873258277853077,3.64364111634143e-24,1.05377137452191e-21,"zgc:163080"
723.003925256352,-7.39127818422396,0.768714377670341,7.17402160630393e-24,1.99179535877422e-21,"KDM7A"
530.648338838235,-7.12197122190877,0.716649233760035,8.03699575396177e-24,2.06610324178699e-21,"prpf31"
2247.11274898302,-16.033131550721,3.69755987476396,7.86176658936489e-24,2.06610324178699e-21,"si:ch73-344o19.1"
954.570109364176,-8.87507591690822,0.895052290388072,9.52070540139262e-24,2.36011486396665e-21,"hspa12b"
2632.67274884842,-8.53060000787118,0.86165430439616,1.78147182157067e-23,4.26386065983519e-21,"ppt1"
950.767325766665,-11.0088354729462,1.18895604195328,1.30949884569318e-22,3.02974382931879e-20,"dkk3a"
1551.12495876757,-7.94899290498478,0.825191122325797,1.77916677130969e-22,3.9836117934389e-20,"herc4"
822.728188984806,-7.43056776843163,0.801666378520482,3.7879128018289e-22,8.21621961171701e-20,"cpt2"
659.619771031464,-8.77397672553385,0.932821293494982,5.82319271301126e-22,1.22481153397004e-19,"mrpl9"
1057.64985714643,10.8241711598196,1.1658741794701,6.74656724487564e-22,1.37729186019652e-19,"tbp"
590.277843492262,9.0549218551041,0.974544618804915,7.8053766344876e-22,1.54791769199938e-19,"atg12"
3209.5175441249,-8.93221109667892,0.974884294394004,9.8030143399262e-22,1.89007562592855e-19,"pcyt1aa"
2853.46835698556,-7.81962442604475,0.834031335093812,1.2282039739909e-21,2.30404426580293e-19,"COMTD1"
939.948765877783,-10.4202311220134,1.13858858851716,9.68989666839216e-21,1.76993612566605e-18,"ckmt2a"
823.898135307869,-6.17093841185386,0.679603501923322,1.00683168687499e-20,1.7919022406665e-18,"mrps25"
3521.69074170046,-11.1595117249008,1.19325629026607,1.05365196345729e-20,1.82834956958927e-18,"gla"
8165.52299560372,-9.38124142336307,1.02968716427241,1.60184960084666e-20,2.71181416572602e-18,"stx5a"
598.104747850259,-8.04635059450281,0.88376685236242,1.85322333591788e-20,3.06267218442999e-18,"wrap73"
633.240392735903,9.03619813679796,1.00561602799158,2.31679020355601e-20,3.73973041927495e-18,"ap4s1"
964.331266481056,-5.5705301620521,0.629872504787278,4.76508814888545e-20,7.5169265548668e-18,"slc25a12"
358.972391684193,-7.37672860170226,0.833376019799597,6.65547508115532e-20,1.02657005640665e-17,"mrps30"
870.665365900875,-6.71605008557115,0.777076788507214,7.82438694338123e-20,1.18063195160889e-17,"mettl21a"
1350.43993686419,-12.0131501270463,1.6074969539654,8.0799180351334e-20,1.19324917195449e-17,"lrrc14b"
2764.27282009521,-9.3044359336996,1.04145781411783,1.70804722968451e-19,2.46990746275837e-17,"cpsf4"
1416.07804285874,-8.08812608903741,0.911538868299021,2.07482632238672e-19,2.93905500075229e-17,"nkrf"
626.757358851335,-7.57134241044792,0.8745912917405,2.53202802350172e-19,3.51496130222508e-17,"JMJD8"
1161.84126000087,12.5215622145549,1.43645794334406,4.85424303195756e-19,6.60652958525832e-17,"HDAC2"
185.55320699753,6.32479520633048,0.735923453837519,5.63017395649043e-19,7.51519950615386e-17,"snrnp200"
454.89966703364,-6.95460608258055,0.790837820563529,1.05969213696301e-18,1.38779681559627e-16,"rapgef1b"
1022.07436780805,-6.93172055334164,0.82522109200756,1.48438386393041e-18,1.90798303695203e-16,"ppfibp1a"
1173.46649131106,-9.69730927085841,1.17000153504685,2.92802270588701e-18,3.69516465482941e-16,"ccdc51"
484.418529937582,-6.21055381471245,0.722361424707262,3.03697254928465e-18,3.764219011533e-16,"ascc2"
203.463009771435,8.68641076737669,1.02438982426548,3.17049443713772e-18,3.86077226108297e-16,"ppp4r4"
356.958679177607,-8.23716289367358,0.92798998481532,3.24249084250428e-18,3.88036705824521e-16,"cinp"
816.200635230247,-6.36452507842787,0.758478492732357,4.20916766017253e-18,4.95183605580637e-16,"tm9sf3"
667.700863246109,11.283718433956,1.32085036704802,4.94067040854532e-18,5.71553221761884e-16,"snu13a"
450.475263402817,8.18022019767654,0.993095756335688,6.60183885005449e-18,7.51202679643085e-16,"znrf3"
801.490049061716,-8.72423019796845,0.997530036624556,7.13641411611781e-18,7.98933070644738e-16,"plpbp"
223.77235892749,-7.12601906435853,0.848894526574846,7.75597557278644e-18,8.54511530963661e-16,"ybey"
433.83367211222,-8.5462443882897,1.00169290088676,1.12701374679289e-17,1.22228162757648e-15,"cpsf3"
524.841804660959,8.92479541867215,1.08266318157984,1.14786687046798e-17,1.22574522275665e-15,"tmem189"
644.499773036117,-8.31024053228301,0.970703205746911,1.19084705009216e-17,1.25237414768025e-15,"thrb"
1030.91817779934,-8.87156779162338,1.03882428420111,1.33814467241212e-17,1.38627793600187e-15,"pmvk"
980.240615686175,-9.21790515769395,1.06828200431519,1.4840792544238e-17,1.51485207425817e-15,"exosc5"
1369.09053300624,-8.48532408062828,1.05180700472205,1.84306608494235e-17,1.85401763704129e-15,"etnppl"
221.589222037079,-6.02197824749497,0.759773739852588,2.74841095526543e-17,2.7252457772139e-15,"fam113"
458.613175460474,-9.98155946597852,1.26589179000948,3.38872967972585e-17,3.31284122633481e-15,"cilp"
316.879733446031,-8.25268352581315,1.00638192769744,3.85842199467797e-17,3.7196259812583e-15,"reep1"
440.850631693556,-13.9958806751378,3.54151015526188,3.96651958726724e-17,3.7714537609893e-15,"fbxl15"
1085.39921197406,-8.30801907870327,1.02938873020618,5.4936404886352e-17,5.15288630156985e-15,"cog4"
261.093938082878,-5.83142663266033,0.717603769655489,7.11855363523653e-17,6.58798410429023e-15,"rbsn"
1658.70294911147,-6.00987593279826,0.755046174382044,7.31482426971431e-17,6.68055200737987e-15,"slc20a1b"
997.465251529442,-8.70768399718542,1.05630414973179,1.32991404993854e-16,1.19882252215888e-14,"dtwd1"
656.357072270876,-9.11269043559986,1.11044503998891,1.4276907347555e-16,1.2704617166587e-14,"pdss1"
1013.19200072009,-10.4377593938297,1.25167361516831,1.50804173489301e-16,1.32497692175853e-14,"mief1"
368.759501749057,-5.32528281056271,0.661465386520419,1.66509035505348e-16,1.44467401930328e-14,"vars1"
688.666847079799,-6.20284030064862,0.795217665829139,1.90287967721021e-16,1.63060343697729e-14,"ZCCHC24"
185.423945820122,8.49654855192457,1.07624648324236,2.6011243685269e-16,2.20175661487137e-14,"si:ch211-191d15.2"
177.569577007183,-7.40493581758462,0.928061366220944,4.01334470058299e-16,3.35621994780079e-14,"dnajc14"
847.359151774455,-5.82503049469617,0.743885385653526,4.17965211371807e-16,3.45368634777585e-14,"pdcd4b"
976.69651391254,-6.74043400244707,0.85751005733215,4.26956939840097e-16,3.48648014050601e-14,"tab3"
695.490203835944,10.4835078141277,1.34907668316345,6.06230804620649e-16,4.89284652892084e-14,"ccn4a"
2131.86645215887,-10.6325190649554,1.4625666866166,6.46468248358881e-16,5.15762771478045e-14,"sc5d"
655.3097987332,-7.98757413885383,1.00893318645588,6.98567466626613e-16,5.50995089301741e-14,"zgc:123238"
733.542089420192,-6.71718654788082,0.867395733778485,7.14881772731638e-16,5.57527458935989e-14,"ddx49"
4027.79561562454,-6.33310119816253,0.831020274917223,9.98912560269971e-16,7.70383564537096e-14,"acot13"
378.729203065867,8.02746142816935,1.04493654592298,1.0789424882057e-15,8.22960418751183e-14,"mus81"
593.656288914481,-7.83734613972094,0.9995716081304,1.13209015826665e-15,8.54112803100956e-14,"stx17"
355.797187974283,8.09036896648158,1.0387575278477,1.16572063350395e-15,8.70028700768918e-14,"msh6"
326.878183775693,-12.3964009675321,3.28621044046637,1.29810748776761e-15,9.58528092829254e-14,"aspdh"
469.209945420573,-5.21635810758189,0.672424338309307,1.33105417521133e-15,9.62379898973112e-14,"gpkow"
1590.44271132756,-8.69150525610553,1.10448443968431,1.32062684899756e-15,9.62379898973112e-14,"rida"
402.620014782662,-10.1885548845226,1.35693637731491,1.44606418131684e-15,1.03475582294023e-13,"mxd3"
345.579981998303,6.59486069818764,0.868800091140862,1.50132535307306e-15,1.06333666078368e-13,"gtf2h3"
1498.01306728805,-6.46857590023267,0.850124211166004,1.76657592523497e-15,1.23856600980363e-13,"cnot7"
338.911122856115,-13.1066425189613,3.44521191840341,2.01361577681226e-15,1.39765071068539e-13,"nemp1"
855.56668161223,-8.89043954861879,1.23706407081188,2.29103214694383e-15,1.57446080514229e-13,"hltf"
374.319864875191,-6.69327807296391,0.864928066626803,2.34957718467438e-15,1.59886423910048e-13,"rpusd4"
2030.02890009173,-6.48655193332663,0.860018899216807,2.65857833375191e-15,1.79157205966719e-13,"usp4"
213.833635696401,-6.28987225223937,0.843936614282887,2.7345549070984e-15,1.82505246251635e-13,"rest"
260.545885804457,-5.95362082701475,0.78929627649898,2.76314290801305e-15,1.82656904043034e-13,"wdr74"
3529.41115659414,-5.26747884905026,0.700105340322946,2.84379900202126e-15,1.86215178047448e-13,"nfe2"
216.091087594904,-10.4368253204963,1.58100972980284,2.98033716151255e-15,1.9333196484167e-13,"esr1"
1157.78372744497,-6.36561035211066,0.853373928959498,4.13915472553834e-15,2.66017342129274e-13,"shisa2b"
301.741263482192,-5.3603457538734,0.718333083564399,5.48336691629963e-15,3.49174768495741e-13,"aldh3b1"
275.562641698055,-9.09621754242015,1.23620556297025,5.82696186018545e-15,3.64368849293218e-13,"mif4gda"
738.001531549641,-5.94748439416533,0.7910493932654,5.7894351524195e-15,3.64368849293218e-13,"si:ch211-217a12.1"
310.259049629267,7.60168926502158,1.02140676235013,8.87273048549629e-15,5.49871627677052e-13,"gulp1a"
527.829557830057,14.1528416175477,3.17852165945203,1.00602504498171e-14,6.1794865816089e-13,"morn5"
290.358260646596,-5.72524025177643,0.80275466091195,1.28553821245674e-14,7.82712344970369e-13,"zgc:136439"
345.237560506055,-8.52856654043614,1.1151770948242,1.40824016243681e-14,8.49964779780341e-13,"ucp1"
169.319866481242,-8.82900640519399,1.282003453162,1.51620850210859e-14,9.07241656304803e-13,"P3H4"
369.736243781018,5.86718478543465,0.804023442225423,1.54481488497843e-14,9.16458129626949e-13,"fam183a"
197.4136698478,12.7946945327,2.92877737738175,1.56380473221311e-14,9.19861749685692e-13,"zmynd12"
418.793347841158,-8.47078866084416,1.1579973593355,1.71967134920998e-14,1.00304528024088e-12,"wdr53"
466.000671527432,-6.41099896244242,0.886368206539701,2.02620109303242e-14,1.17198848222817e-12,"bag1"
732.128809632717,-8.19517528751695,1.07131075172447,2.08401398910517e-14,1.1954662064776e-12,"ficd"
1570.21031408143,11.7450379395094,1.63659054467821,2.85645407592175e-14,1.62513506073548e-12,"wdr92"
238.178534976087,-6.47512784445033,0.905614345161579,3.16034620149798e-14,1.78341162476402e-12,"adprh"
473.021274862394,-6.28077264263592,0.849197409303202,3.4245246215887e-14,1.91690527406832e-12,"trappc2l"
505.913921938121,-7.69501423100068,1.07664467542812,3.53158124422222e-14,1.96101643329171e-12,"p2rx5"
1424.59959708403,-7.70732802284163,1.07753608616964,4.06389655607103e-14,2.23869095203881e-12,"tmem101"
191.3324962586,-7.92931350325437,1.11874076243066,4.43801544332607e-14,2.42553269229341e-12,"NT5E"
213.177020718987,9.07605557371963,1.25435728490149,5.5799515037276e-14,3.02581588963854e-12,"micos13"
597.978727220374,-7.03737789049915,0.97850661583584,5.97462481337261e-14,3.21471866896274e-12,"txndc12"
168.428433724618,-5.92477563149877,0.837722637021702,6.33159410831627e-14,3.38058420814025e-12,"wbp2"
396.894895352277,-6.08131152588652,0.836779468632366,7.15204081071868e-14,3.78948971505331e-12,"ctps1a"
358.80370511478,-5.52911333750777,0.789649732983711,8.60487952711964e-14,4.52473248467708e-12,"mrps36"
533.139945885432,-7.07124680926037,0.991172785954201,8.72996633820801e-14,4.55599220703021e-12,"dnase2"
275.608919903492,-5.72803701611725,0.827813274380613,9.28486715800405e-14,4.80942260773926e-12,"gnpnat1"
672.15978334287,-5.94140479655248,0.837263220577895,1.0181821021473e-13,5.23496442296621e-12,"PIP4K2B"
320.459772167876,-9.29909049242874,1.28705971824374,1.04882623575115e-13,5.35286978113876e-12,"armc5"
143.856917731812,12.1795252945774,2.98382393019083,1.05939833865736e-13,5.36736048804433e-12,"MSMP"
881.508236731513,-6.45551491514766,0.916331685570017,1.21056319928614e-13,6.08878200452543e-12,"GOT1"
125.754771495705,-12.0261825570584,3.3184873637084,1.24287092631892e-13,6.18570528455506e-12,"cnga2b"
739.819642857632,11.8452475278009,1.63944739088303,1.24765702324983e-13,6.18570528455506e-12,"trim46b"
434.574405158315,-7.26801864606981,0.985557914918894,1.46395554519173e-13,7.2066066944509e-12,"utp6"
148.789494381885,-6.71648529742237,0.958363439346595,1.60812773454081e-13,7.86057366580827e-12,"UBE2K"
171.61395042381,-9.18199668363676,1.3309827517323,1.75426853173342e-13,8.51494956556761e-12,"si:dkey-76k16.6"
229.438671214005,-6.49953897984245,0.894307892404208,2.10770556305188e-13,1.01594335507938e-11,"pdxp"
240.43008820866,5.28497738640524,0.759172654276877,2.29431644052129e-13,1.09826554576953e-11,"RPL5"
242.118433799621,-6.29234030445665,0.873309753498698,2.3129835229575e-13,1.09961771457863e-11,"narfl"
197.790935184554,-7.33706165145721,0.995319867110132,2.38305331613425e-13,1.12522265763863e-11,"smpdl3b"
241.890140009739,-4.71926194511316,0.671784959441413,2.43424862286107e-13,1.14162970887018e-11,"C6orf62"
565.023145992398,-6.05334390559218,0.862839002836639,2.6047622513178e-13,1.21339965009375e-11,"srpra"
441.145522480895,-7.7212669550698,1.08620049582232,2.63060001764375e-13,1.21726631483102e-11,"mapk8a"
153.818365411841,-11.7373302683556,3.279831242835,3.05423345241468e-13,1.40393605253048e-11,"gemin4"
179.48013852115,-6.72367851866754,0.99418120920982,4.35111176042502e-13,1.98691228480987e-11,"naa30"
124.03454218076,-11.321923732976,3.20620881465381,4.81522208783125e-13,2.18447428180632e-11,"sdr42e2"
273.726274288587,-6.72653092191673,0.954290887742329,4.85180497223906e-13,2.18677781248775e-11,"cox15"
449.634718415817,-5.12301228562753,0.744430575976276,5.22033093078206e-13,2.3376978703586e-11,"bpnt1"
282.723382600546,5.22132024462892,0.768311167015194,6.060775090301e-13,2.69665640396021e-11,"copg2"
161.081222947827,-6.20047188453227,0.907024532376043,6.14246751689031e-13,2.71559662641628e-11,"STUB1"
278.064583355377,-8.22097798096282,1.14979511000736,6.50018637823725e-13,2.85555656021169e-11,"atraid"
199.534426408059,-7.13312886936702,1.04319749982148,6.99326577459675e-13,3.03376610884225e-11,"chdh"
803.43386557194,-6.20631317345498,0.921087877425548,6.98646648930994e-13,3.03376610884225e-11,"VDAC2"
99.9552596212431,6.43170987922437,0.946861027184979,8.17888824151694e-13,3.50430020273883e-11,"capn1b"
221.151032044301,12.9175441444368,3.24660542250686,8.16587710643203e-13,3.50430020273883e-11,"stum"
305.982351266748,-9.06551583392741,1.28300049840905,8.8847964715204e-13,3.78339707416093e-11,"thap4"
183.234085166375,-5.67881862078955,0.831677854157859,9.28374020635882e-13,3.9291732178254e-11,"dhrs7b"
1962.76892079752,-6.70640881906608,1.0049406173716,9.67772847889149e-13,4.07109778012035e-11,"tma16"
122.025872100557,-8.5596618027575,1.3148749056132,1.04001748071445e-12,4.34865140580662e-11,"arhgef38"
632.338184501196,-7.84132073133236,1.24915472557809,1.16865924837166e-12,4.85728373829203e-11,"tmem54a"
267.502360828265,-12.4736015935371,3.45596617691262,1.18212166939851e-12,4.88399196862799e-11,"fabp2"
104.13519156637,6.31407401407265,0.939027135809721,1.2966732792189e-12,5.32556759234224e-11,"srp54"
354.570929553042,-7.45969356270829,1.07340110799524,1.33146218388539e-12,5.43628177549911e-11,"timm8a"
929.362073251527,-6.62930235005413,1.00149766860373,1.34695393339061e-12,5.46737266179195e-11,"hgd"
149.763976014936,7.75222660821957,1.15837994981815,1.37795509938025e-12,5.56068973534788e-11,"snx14"
199.773318239882,10.649011508216,1.67024775618917,1.42404356549569e-12,5.71346033994542e-11,"supt7l"
116.146266146725,11.0689156620945,2.8277388566877,1.44517112134948e-12,5.76490388119926e-11,"si:ch1073-280e3.1"
99.822483347019,-5.97347590078444,0.885854704495994,1.68627301080348e-12,6.6882405531354e-11,"ARF1"
132.146587072943,-7.64011626251476,1.11026116865783,1.72733197376539e-12,6.81216547153725e-11,"slc33a1"
363.85641524533,-6.0552448157789,0.898216273213339,1.91254610020693e-12,7.49999010256289e-11,"capza1b"
467.814813211901,-6.17140524389813,0.92395207488517,2.02744533860637e-12,7.90589780632968e-11,"ppp4r3b"
501.390275951586,-6.12367994139973,0.921179204328427,2.07245297098237e-12,8.03625478859698e-11,"ada"
303.666246544578,-5.84632748146771,0.894286561284449,2.30516499275299e-12,8.88897234149918e-11,"PABPN1L"
308.110205506631,-5.88610162596011,0.878744224013704,2.35017242224714e-12,9.01245678608697e-11,"zgc:163098"
176.894102789225,11.0586451836046,2.80205877606368,2.40016582819002e-12,9.15359945794887e-11,"zdhhc15b"
606.09735669352,-6.06411408047872,0.92015758458183,2.43259757941842e-12,9.22659005395807e-11,"pnp5a"
769.500342087324,-8.39387204283739,1.23626638648111,2.5007544135779e-12,9.43355238295882e-11,"clic1"
158.192540628551,-5.63900211124174,0.850819294999615,2.91683437340746e-12,1.0943647235579e-10,"slc30a7"
154.214397327259,-6.12553942507159,0.907719810658258,3.30629757718275e-12,1.23381782167879e-10,"zgc:172121"
149.684722964504,-8.00186704604589,1.18694748029377,3.41660699422609e-12,1.26816412550392e-10,"slc25a44a"
299.666691080173,7.88426682727259,1.20341094161275,3.43572133251753e-12,1.26847562601086e-10,"best1"
353.550308934701,-4.78696783139451,0.739529740852285,3.62251881448852e-12,1.33036524292936e-10,"slc37a4a"
113.242500934018,6.89418132336733,1.04863938562978,4.06883185250478e-12,1.48640852043345e-10,"isoc2"
173.937365315081,9.15101654951435,1.3850414240708,4.10793747623143e-12,1.49283738337814e-10,"phospho2"
476.876811813988,-5.96879002824688,0.917681906172451,5.52560205691462e-12,1.9975627019294e-10,"osgep"
404.77344552877,-4.5533940069885,0.703260560079879,5.8292433321442e-12,2.09641336623901e-10,"sart3"
1685.84005166532,-5.66685833778371,0.886586094240661,6.05488459283614e-12,2.16633783293173e-10,"uqcc2"
788.600412758103,-5.76641999708623,0.900902683577856,6.3861236539255e-12,2.27313252727676e-10,"pfkfb4b"
238.536838150145,-7.58696395558448,1.11200170706823,6.71261297191421e-12,2.3707212187511e-10,"alkbh2"
409.669258847715,-6.48366579966712,0.971634361385263,6.72859933862508e-12,2.3707212187511e-10,"si:ch211-203d1.3"
214.165407034091,-6.03080368697596,0.911690779885326,8.39487737230463e-12,2.92808260508374e-10,"mapk9"
342.176091051416,-6.46715511123558,0.99281838220945,8.36184420422649e-12,2.92808260508374e-10,"grwd1"
312.831166655314,-6.95892393845367,1.08004363797184,9.59251255165709e-12,3.32908148105259e-10,"bin3"
314.553768370157,-5.57198697956066,0.851980513103318,9.70645433072864e-12,3.35186564724316e-10,"nucb2a"
136.955355390835,7.33547262447443,1.14675318175519,1.0016725704521e-11,3.44188579777626e-10,"ZBTB21"
115.473621373495,-11.6277327789938,3.33903854971591,1.02176791145402e-11,3.4936409228583e-10,"mfsd2b"
313.090819574806,-6.60386251442606,0.982727349951017,1.07289819248191e-11,3.65048350687105e-10,"rnaseh2c"
105.450899434514,-6.67532199053333,1.03701029421614,1.09743044505968e-11,3.71573888739477e-10,"arg1"
304.261427561417,-5.98376265417853,0.924055679523204,1.47766001771925e-11,4.97885348688802e-10,"stx18"
316.862759830304,-7.18654000365607,1.10036201181423,1.7066606554824e-11,5.722672275219e-10,"ppp2r3c"
95.0275990738501,-6.37410890986697,0.970159292623061,1.80944738189168e-11,6.03816071043756e-10,"dph5"
360.021816202476,-8.56786373795249,1.30161498998708,1.91410720272064e-11,6.33919745931651e-10,"pex11b"
83.8216707396113,-10.5658390788146,3.13298334257065,1.91792460230005e-11,6.33919745931651e-10,"pkd2l1"
1246.00583325995,-7.07131068377235,1.17767437434246,1.94647338466264e-11,6.39654181801282e-10,"fam124b"
146.009952862257,-5.45813515768829,0.852678801698909,1.95370532404368e-11,6.39654181801282e-10,"cant1b"
79.0559304530638,-10.9562002505304,3.21862397276544,2.05301547977124e-11,6.69013166436254e-10,"tmem86b"
136.751946737199,-7.16187382946775,1.13483043742719,2.23441180144225e-11,7.24722070738817e-10,"nr1h5"
370.561413904299,5.67018547371668,0.903162469644827,2.3846870866122e-11,7.69865724101175e-10,"neurod1"
204.113195767588,7.67680569582383,1.22877617601359,2.49463843312431e-11,8.01633581681289e-10,"ptprn2"
101.585538791941,-10.5335613960925,3.13454997523804,2.62541704640066e-11,8.39770493966219e-10,"prozb"
68.8084467988928,-10.6949892046154,3.17132936936558,2.72080260105269e-11,8.66288571280125e-10,"znhit3"
192.290051010703,-6.59177514443342,1.0029444362812,2.80362726274552e-11,8.88583416927701e-10,"parp12a"
69.9008715744978,7.49878253114069,1.18308134771357,3.08966005274787e-11,9.74787746641954e-10,"tpra"
872.525325172535,-5.55046226507819,0.911305037304838,3.36364349605429e-11,1.05642757946212e-09,"crym"
120.481378664273,-5.33187664123688,0.859696044105176,3.53297860817564e-11,1.10461281618681e-09,"mnat1"
266.359430197198,-4.65283612369178,0.75671268107839,3.80440482359748e-11,1.18414232648386e-09,"becn1"
1407.99022653171,10.2239555070949,1.66159127745952,3.83515782133877e-11,1.1883852874068e-09,"rbp4"
173.029031290453,8.43421523231646,1.34006035632234,3.85884908899948e-11,1.19041206785535e-09,"hexa"
148.934145572085,-4.62426416888223,0.75245072997272,4.0637986523768e-11,1.24808966575873e-09,"dgcr8"
204.95642247979,7.17123770038316,1.16666618532593,4.41790274629402e-11,1.35086620978092e-09,"ZNF830"
67.2059569309805,7.53682210575763,1.18314824887928,4.50873594370669e-11,1.37259369233632e-09,"gig2p"
82.6235119333498,-10.643132231661,3.17399463836705,4.86976408958526e-11,1.47602762208783e-09,"tas1r1"
299.358902408221,-5.26029547375311,0.856124341687564,4.90168796598686e-11,1.4792441813876e-09,"adam17b"
156.435676143955,-6.91382384639521,1.08426158822221,5.08888616323781e-11,1.5286666534871e-09,"psen1"
238.678295556619,-6.06831053411653,0.999543581985577,5.10950386988918e-11,1.5286666534871e-09,"slc31a2"
1932.62670362333,-6.18835835771791,1.01518728589737,5.20335676654456e-11,1.5479613423541e-09,"hemk1"
121.787710174393,8.62319219233658,1.37649175471179,5.21859896428266e-11,1.5479613423541e-09,"nyap2b"
72.054514110141,11.710421102203,3.27980392498334,5.80573251142246e-11,1.71479103667163e-09,"ttll9"
154.088176604579,-5.28225919318116,0.846983705558375,6.93505010731767e-11,2.03966876249542e-09,"uox"
52.9507760680369,11.2034475116377,3.18261837889848,7.61698118610909e-11,2.23077917353516e-09,"gars1"
236.069532380392,-11.2700767805998,3.324007271829,7.87539152981581e-11,2.29676859699376e-09,"apobec2b"
122.354562908555,-10.5529148697936,3.16894311467109,8.25795657333981e-11,2.39826261822392e-09,"tecra"
335.477044777302,-4.93359151352151,0.831452709992252,9.25785430354109e-11,2.67744861336995e-09,"mrpl18"
68.0840853912234,7.0058761934002,1.14913780302472,9.56689377368062e-11,2.75534480012934e-09,"col5a2a"
477.741822554596,-4.18829627466332,0.696469979341384,9.9436281767012e-11,2.85201335431748e-09,"ubn2b"
232.297139046096,7.57072232148657,1.24273962490135,1.02061366847693e-10,2.90475783286353e-09,"thbs4a"
281.67191896911,-4.79006531046774,0.790806545807949,1.02112218876055e-10,2.90475783286353e-09,"arfgap2"
886.777902889,-4.16737195776552,0.691850634475824,1.10286737833545e-10,3.12449080531689e-09,"rhd"
76.0068750055288,-10.7418940243358,3.22364711880545,1.15487752829803e-10,3.25108500259937e-09,"cmya5"
102.370016846393,4.10948169617035,0.6783659061888,1.15691974591852e-10,3.25108500259937e-09,"sqstm1"
358.126094899706,-5.14218152128236,0.864294834243835,1.20162269409126e-10,3.36308996761589e-09,"zbtb12.1"
679.3192035358,-5.97302254305782,1.01623482499905,1.22301461527772e-10,3.40921463640269e-09,"fam118b"
176.605707954651,-4.91193458731493,0.807784464590031,1.30307802901895e-10,3.61786583976821e-09,"fasn"
207.083311795455,-7.03005435735484,1.17196793321473,1.31561576903665e-10,3.6381231286388e-09,"rad1"
94.6184789425795,-5.11482973953599,0.838802084527168,1.50066036784157e-10,4.13336651316998e-09,"chpt1"
228.042495213843,-5.37818200029104,0.879731956022499,1.52551276576147e-10,4.1852111095456e-09,"ecrg4a"
254.240588642456,-10.8665748641236,3.2577040090662,1.56428256275517e-10,4.27467923940301e-09,"myl1"
74.6542574741907,-10.0056340580471,3.06560192948784,1.59627697070104e-10,4.34500331515135e-09,"slc25a4"
294.66673296969,-7.96649367942612,1.35591085208691,1.61538258377802e-10,4.37983223203252e-09,"ERG28"
647.15099151238,5.98881387925699,1.01164985510725,1.69863566702994e-10,4.58763819644156e-09,"rxylt1"
72.8963632963855,9.25261977632797,1.63601201212979,1.76124047398921e-10,4.73828299610818e-09,"trmt2a"
58.5534661406852,5.84959274111641,0.97781597670028,1.8009070839207e-10,4.82629191872338e-09,"aqp11"
68.3192406606026,-5.83235952740328,0.993911511324996,1.87876616519784e-10,5.01558305870700e-09,"znf750"
83.7396105724741,-6.22528724555295,1.00931489822689,2.01869691971382e-10,5.36849629108568e-09,"il17d"
112.796970822527,-5.85567428313197,0.947738473126345,2.06504936626092e-10,5.4708044470294e-09,"zgc:162872"
116.802409516027,-5.48597211972105,0.911017397314362,2.44429251175318e-10,6.45088757569537e-09,"fam160b1"
289.888303243979,-8.3839839525106,1.69420378629574,2.60562778253623e-10,6.85062971158483e-09,"zgc:92040"
231.981475637313,-6.60194422425548,1.10388901701315,2.63869395548043e-10,6.89460238819698e-09,"TMEM50B"
107.29751483207,-7.63832273308392,1.34071952964546,2.64221903941852e-10,6.89460238819698e-09,"si:ch211-243o19.4"
204.773520214063,-4.60799964452674,0.776917778522093,2.69492598819653e-10,7.00579823373488e-09,"usp14"
342.838265220971,9.61734259651395,1.63769577003595,2.85920380765507e-10,7.40512448840815e-09,"zgc:162331"
216.688095794755,-6.8330352996081,1.19778519821396,2.89023800124094e-10,7.45767359353657e-09,"klf9"
147.113587173611,-6.18531226878017,1.01843492028967,3.17628442993919e-10,8.16540378822516e-09,"tmbim1a"
106.935695089209,-6.0704665572555,1.04879492100141,3.25270736318085e-10,8.33101173720969e-09,"adck5"
311.176801123301,-4.3382554693907,0.74025122377856,3.35843852738511e-10,8.53879920094507e-09,"hacd3"
86.0849557648729,-6.81385377473286,1.1273024322008,3.35836217203461e-10,8.53879920094507e-09,"pigf"
401.849749742084,-5.5120205710568,0.93303136356042,3.46586646412046e-10,8.77977340418253e-09,"btd"
72.5650040087967,11.7202944538579,3.36353632433479,3.6646038536647e-10,9.24946012664971e-09,"dpm3"
283.199875673673,5.91874049307449,1.02198681970086,3.70160891372689e-10,9.3010901973723e-09,"cct5"
85.3916597459578,-8.13896277334825,1.56521679929219,3.71185994045833e-10,9.3010901973723e-09,"armc7"
242.860464762371,11.7421789427344,3.10695781471662,3.74269082251871e-10,9.34461043133179e-09,"drp2"
245.554901740465,8.31310444861546,1.4772361849045,3.85355349365714e-10,9.58692286719505e-09,"l3hypdh"
83.3728016273616,-7.5149733462769,1.29620794659882,3.89349117594338e-10,9.65168651865106e-09,"cldn7b"
128.085497655917,-8.56646777075576,1.64883391032659,4.06682875226105e-10,1.00455011990904e-08,"dcdc2b"
134.984974418315,-4.29743626017047,0.731780829094574,4.46384518003715e-10,1.09870742534177e-08,"psme3ip1"
70.7589594077787,5.06244701777289,0.874868023364253,4.87270245386339e-10,1.19510345343695e-08,"NEMF"
525.00610771343,-6.41167037315091,1.09582794925913,4.95959736962828e-10,1.21213258248556e-08,"nfkbiab"
93.301464320849,-11.3435242899,3.40951076405152,5.05734503023716e-10,1.23168532824127e-08,"wfs1a"
94.3485950927247,11.023654697078,2.96856532319654,5.15849936162309e-10,1.2519281143016e-08,"prepl"
51.7955323415529,10.8790999048815,3.04160904827278,5.1950539947801e-10,1.25640661246581e-08,"si:dkey-222b8.1"
190.647466402937,7.24998616982229,1.25290931225901,5.3927942145689e-10,1.29970085567093e-08,"sh3glb1a"
241.613888997621,-7.42758568272782,1.22941773783154,5.76166664586200e-10,1.37520969789371e-08,"ankzf1"
569.679128272022,10.7784264990441,1.85533768541968,5.74334485964734e-10,1.37520969789371e-08,"si:ch211-153j24.3"
118.328330716739,-6.64581868500103,1.15745249521909,5.76553842511264e-10,1.37520969789371e-08,"cmc2"
236.906861933322,-6.20446919005222,1.04547299841276,6.11676764957644e-10,1.45398918683938e-08,"dnajc3b"
218.112366118274,9.49657716213079,1.72512321375909,6.24801701508185e-10,1.48011897957963e-08,"si:ch73-234b20.5"
314.545626265357,12.2963269539586,3.16832455825717,6.29557223565249e-10,1.48631179890013e-08,"uba52"
190.696508121791,9.72283342839725,1.67039624212615,6.88201681971194e-10,1.61925690663121e-08,"letmd1"
590.064797947773,-6.01181073174231,1.08506885279914,7.31240970700774e-10,1.71471066811962e-08,"fads2"
77.8174299822401,-10.1786894074942,3.15723668799571,7.43782068080141e-10,1.73824624058729e-08,"aqp12"
105.040245374827,-7.05545310927465,1.25183827793399,8.42366122538868e-10,1.9620346498464e-08,"si:ch211-198n5.11"
146.706056461115,-10.7203978590918,3.28690295111582,8.83548354188401e-10,2.05107328642866e-08,"cdc42ep1a"
89.7612273868245,9.58809823076868,1.75959841432316,9.08032986395513e-10,2.10088565285708e-08,"plag1"
272.400484773412,-5.56646465573126,1.0106725013181,9.41724618543825e-10,2.17159819844276e-08,"lsm5"
105.63400574367,5.49817147172115,0.970067243724846,9.61246144896824e-10,2.20927466613538e-08,"slc30a4"
711.573166390953,-5.06279680237617,0.907669251635013,9.85852196879989e-10,2.25834986750627e-08,"RRM2"
171.673428746651,-4.58296742952823,0.794991949929173,9.96075767546461e-10,2.27426378373026e-08,"ssb"
884.16073734088,-7.09065095589766,1.25458319423618,1.0094135966711e-09,2.29716058180134e-08,"scube3"
53.3032461282318,10.9113733648463,3.06593672068147,1.04445980589102e-09,2.36914886035606e-08,"fam102bb"
242.57352921045,-7.10241448755591,1.28463083835432,1.10732752184606e-09,2.5035701397829e-08,"coa6"
143.507705862042,7.96843524400889,1.42546308132284,1.11536961306297e-09,2.51356509229549e-08,"p4ha2"
939.291244781003,-8.57878209161234,1.50702662998192,1.18299851983926e-09,2.65734392433796e-08,"jam2a"
413.94223206834,-6.15957459424396,1.1362964540754,1.28472022463359e-09,2.8765300255425e-08,"itgb1bp1"
374.174891429824,-5.42438069419883,0.95923846287318,1.29523250883725e-09,2.89074239351748e-08,"dnajc3a"
331.074139507735,-5.26178092369738,0.947978935248571,1.36631837790514e-09,3.03962046828191e-08,"mrpl14"
708.45443811375,-3.19154105097338,0.563829495106231,1.40289517374151e-09,3.11102089486896e-08,"nfe2l2a"
49.4930785365419,10.6360343349481,3.03216382322051,1.45061852817774e-09,3.20660611594958e-08,"dpep2"
65.9136946232914,-9.71418559808678,3.07984549262856,1.70399626878369e-09,3.75474225448495e-08,"MCMDC2"
68.1373776080095,-6.96122339723551,1.25063553508284,1.71105204212196e-09,3.7583582988508e-08,"rnf185"
90.6578057120173,9.56486397242173,1.78928487326365,1.76940077445974e-09,3.87426207429812e-08,"sv2"
200.940161801791,-7.91215730629234,1.58919439550145,1.88595453952764e-09,4.11648127637149e-08,"spdya"
790.381393309644,-4.48051183104079,0.804382170605819,1.89402898194749e-09,4.12114581934092e-08,"hypk"
45.2972651906843,-7.96840171693477,1.60368281994376,1.93930197326003e-09,4.20646718637433e-08,"mat1a"
100.331179907929,9.70623826565578,1.82554465923734,2.03817841762002e-09,4.40716398651108e-08,"sult3st1"
280.230320944927,-4.16144518055304,0.745799147306202,2.20678959020114e-09,4.75693370980936e-08,"cry1a"
259.419058420502,-5.73704115102802,1.08214755685056,2.35786516849935e-09,5.06685515001672e-08,"ognb"
285.863973870737,-5.41791486241626,0.990270526174086,2.41632485098122e-09,5.17645394773477e-08,"aqp7"
103.096714189784,-4.38955217520935,0.805659066962419,2.54519829941803e-09,5.43576042961862e-08,"aldh1l2"
611.934467313214,7.07965139960957,1.28450515541858,2.5801874264763e-09,5.49358310649447e-08,"csrp2"
88.3944395372347,-6.01590333704846,1.07538699985565,2.78360515365583e-09,5.90856372217893e-08,"tp63"
35.1516775081882,5.7520640409324,1.03262725774516,2.85442327576965e-09,6.02205226660096e-08,"metap1"
253.224409463801,8.1851068192425,1.43429244910842,2.84770460581851e-09,6.02205226660096e-08,"frem3"
146.64095979232,9.46913339998567,1.67073888897591,2.91373780252996e-09,6.12856184465469e-08,"plch2a"
281.571143115523,5.51698390799667,1.01493485479701,2.98438788622257e-09,6.25819828346551e-08,"asb12b"
163.059737727462,-5.01685196499597,0.910009646902852,3.02999101853711e-09,6.33468905411629e-08,"wdr46"
165.242306112778,8.04235332216753,1.46262427088079,3.05326522555218e-09,6.36417835752482e-08,"dnali1"
135.636431740466,-7.82020756563552,1.37638294231857,3.08661204511598e-09,6.41442341471557e-08,"dhrs7"
80.5712869149522,-8.16816636953121,1.72584834437791,3.37749741163268e-09,6.99797299526639e-08,"atp1a2a"
906.45898981018,4.39114793465983,0.807355310366587,3.40794981567371e-09,7.04005347339024e-08,"ergic3"
2196.87911408542,-6.22350871380285,1.16022624538545,3.43574887776944e-09,7.07641927614175e-08,"irf3"
183.031600569522,-3.70778341599164,0.67747456203591,3.6670698178235e-09,7.53051230932335e-08,"hnrnph1"
165.302719537476,-4.83268078322522,0.902943863847249,3.765997490437e-09,7.7108520888269e-08,"ift20"
146.029356095906,-5.93277892415573,1.06851566897667,3.89003646331321e-09,7.92310252475092e-08,"nus1"
158.584906676563,-6.20151146951874,1.08991563244402,3.89249093925956e-09,7.92310252475092e-08,"polr1b"
100.769248432574,9.25763102867568,1.7845902940508,4.18852811243892e-09,8.47596898788296e-08,"si:ch211-106h4.6"
61.3664305272605,6.27070126140695,1.16483002142808,4.18460438757611e-09,8.47596898788296e-08,"NCBP1"
145.234649660925,5.25332662305043,0.968615123146605,4.31574693309602e-09,8.70802309959868e-08,"rps19"
455.695582492601,-6.49890715254107,1.16668380548007,4.51704786989983e-09,9.0877765985434e-08,"utp23"
176.431731995964,-4.22054363058174,0.789644172691516,4.66221789130902e-09,9.35273248080229e-08,"iars2"
103.393665152208,5.45612110319,1.01363196391041,4.69694813852364e-09,9.39524986440708e-08,"taf11"
84.7605043984899,-4.19969299338523,0.791840534318767,4.74520922934164e-09,9.46451070714376e-08,"si:ch211-15p9.2"
224.295411191072,10.7573220445203,2.08037734823686,4.82230249659574e-09,9.59071679910345e-08,"pbx1b"
163.315198490239,-3.69592784540914,0.685298202686535,4.88091840020802e-09,9.67955846166967e-08,"lrba"
53.7443393633243,-5.62326159869611,1.00378232960791,4.99075052742902e-09,9.86917362133471e-08,"sys1"
185.964226771546,-7.55859782331214,1.56460841626578,5.07273226020332e-09,1.00027939255884e-07,"cacng1a"
173.167099086967,-6.7853024235963,1.20030428752018,5.08992025091734e-09,1.00082539551324e-07,"n6amt1"
58.7460801839762,-6.55716069529408,1.28278188606092,5.11664606679704e-09,1.00323842795588e-07,"slc2a10"
214.646075048406,5.25823623716157,0.976538179492051,5.19970092216788e-09,1.0166513831202e-07,"ppwd1"
49.9032305358863,8.73237487117479,1.69595978166708,5.4405817002073e-09,1.06076060621177e-07,"snrnp25"
463.008624417354,-5.3179032392832,0.972838068531333,5.50666477303009e-09,1.07063754032498e-07,"aldh5a1"
104.253520170964,6.10700768741019,1.14226980955289,5.58182342988332e-09,1.08221889460391e-07,"irak1bp1"
174.504390052992,-3.90185262629591,0.728626322939574,6.33200653897246e-09,1.22424672387209e-07,"gtf2e2"
256.79448977576,-6.03969956267693,1.09773832102082,6.35760557085862e-09,1.22578167409249e-07,"naa38"
64.6627380835455,7.20425753941328,1.31910875893967,6.39822370356582e-09,1.23019586499862e-07,"pvalb7"
326.201515889667,-3.59666507524157,0.670889219364859,6.61410304278565e-09,1.26819030994407e-07,"atp6v0cb"
155.830973555969,-4.14315987578705,0.78052431831399,6.66800401034007e-09,1.27500319106806e-07,"styx"
270.522242831987,-4.7344064999115,0.881874135234133,6.99979248585238e-09,1.33476812209619e-07,"eif2b4"
66.9693788626726,-7.35776045470739,1.35606205583886,7.65723733497798e-09,1.45613381759129e-07,"znf142"
66.2705200110258,-10.1843187207509,3.25330016776094,7.70357265783701e-09,1.46094256333461e-07,"si:dkey-98f17.5"
75.972912065971,-7.52863122269133,1.58614624373552,8.969967553151e-09,1.69647260998423e-07,"zgc:194887"
195.643543383104,5.27431181582151,1.01111320086519,9.96383876872084e-09,1.87932078515466e-07,"hspd1"
129.679576056624,9.0425914586798,1.69822791432763,1.05641720624123e-08,1.98715225705159e-07,"cyp27c1"
125.061898619415,-4.86562153207996,0.945097538488869,1.06606568412721e-08,1.99988159825054e-07,"neil1"
60.4383810288537,5.23645473530591,0.998545982158883,1.11237085808022e-08,2.0811229449959e-07,"ddx42"
104.837487627202,-4.41759571060123,0.854236786955654,1.12431941160383e-08,2.09782285912425e-07,"glyctk"
275.973455785276,-5.29016945036382,0.986616456548622,1.15145402157726e-08,2.14269232272594e-07,"acvr1l"
322.626728859821,-6.42183203145517,1.30335492379028,1.2971055130239e-08,2.40727523152377e-07,"CASP6"
202.130785982564,-3.27498955866363,0.627745931990066,1.31729898136602e-08,2.43823259457641e-07,"blzf1"
277.710401709296,-4.4650914752448,0.845610579581857,1.36955012910259e-08,2.52820410800561e-07,"prcc"
46.2306879212365,5.4942879490474,1.05877240208148,1.41649736193905e-08,2.60793320668938e-07,"cdk17"
334.267440796152,-4.77165074615003,0.913648149559884,1.45256024338953e-08,2.6672541400441e-07,"psmb3"
39.0478383525763,5.5332686832613,1.06898110813715,1.54112648113856e-08,2.82241659777909e-07,"crlf3"
162.026085137057,7.61605964348654,1.48520304633387,1.59565532035285e-08,2.91459041541293e-07,"mlh1"
162.50560826973,-3.41400487922951,0.649257184963364,1.64355722518036e-08,2.99420753280233e-07,"cyfip1"
91.9325979198541,11.3264540562453,3.32109803252594,1.64893623683258e-08,2.99614304184685e-07,"cnga1b"
21.9266491360801,9.0152581249157,2.78470092497364,1.66292960264905e-08,3.01367999268591e-07,"tmod4"
47.9967628360895,7.41542780037815,1.48874040746154,1.85388686112823e-08,3.35099705809663e-07,"si:dkey-97o5.1"
772.319284461045,-4.60166992109682,0.904452314900134,1.86188631299874e-08,3.35671503857774e-07,"echdc2"
70.2750688093543,11.0511436612353,3.28784549135228,1.98377829912944e-08,3.56720341302007e-07,"efhc1"
171.729776067964,7.18029918169995,1.43712032387675,2.13631853752548e-08,3.83157286019752e-07,"gnav1"
65.1810721236751,-5.50760935098549,1.10223424397421,2.33053683492215e-08,4.16913818845223e-07,"sec22ba"
42.9933907727026,8.48782293398424,1.73066554282164,2.38077456645687e-08,4.24806073670363e-07,"gdnfa"
64.3905827241929,-8.71933139387448,2.93316902714323,2.43316580468523e-08,4.33041124367185e-07,"stpg1"
57.8161209744062,8.32864972845799,1.70359881623684,2.59536647319011e-08,4.60727332235615e-07,"flr"
66.1919206218174,11.2787078702928,3.37810866194328,2.62145247426711e-08,4.64170959793061e-07,"actb1"
60.3255676682478,-4.94269522675793,0.946502891733731,2.63083001957873e-08,4.64646085646208e-07,"epn2"
46.5534854440355,-6.00182235291869,1.21433558700007,2.72312062084322e-08,4.79725386529766e-07,"ormdl2"
36.8125785292816,-9.02024751758137,3.02485222946076,3.20302780928975e-08,5.616715287478e-07,"rab9b"
34.937376195933,-7.62343049283315,1.67919754486784,3.20446514024101e-08,5.616715287478e-07,"zgc:172270"
60.6164581690755,5.17475974171452,1.03530781899626,3.32889227820656e-08,5.82011115945384e-07,"glmnb"
452.162337177222,5.92448288275694,1.17265766773086,3.44191922089057e-08,6.00260334477424e-07,"acod1"
213.828456281362,4.71858150620305,0.944019749925297,3.57316412416151e-08,6.21587272827194e-07,"si:ch211-165b10.3"
116.411864473665,-4.33159720398185,0.86090300697664,3.6407948518909e-08,6.31768926674369e-07,"med15"
96.7210983676967,-6.22914411193672,1.18974047034027,3.66177369824848e-08,6.33824719190591e-07,"smpd1"
56.2116682728883,-4.39422974311371,0.865169694943341,3.68554005659512e-08,6.36351580418575e-07,"trim23"
215.341535210633,-5.29485117470097,1.06166752615004,3.79454378879541e-08,6.53546611365483e-07,"ncf2"
227.844344899124,-5.02396296155871,0.979502085161056,4.25468798170849e-08,7.30984883194026e-07,"gfm1"
748.546839659033,-4.51402281095805,0.91309735321123,4.29149667193254e-08,7.35488355552686e-07,"wdr48b"
322.233640988109,-4.19310940177422,0.852295958287654,4.82019877025656e-08,8.24064031141645e-07,"ppox"
108.948748341001,7.2607555945266,1.39786848191918,4.85407514449066e-08,8.26994805413571e-07,"gemin5"
342.241244301678,-4.33634112588849,0.86190338136851,4.86117102159252e-08,8.26994805413571e-07,"vps29"
6908.84585919756,5.20586980103984,1.05575803459412,5.09954939766163e-08,8.65427197290204e-07,"ttc34"
129.085186852165,-5.67720117200711,1.17019963068555,5.15638581725458e-08,8.72938389208878e-07,"faah2b"
186.164779920964,-5.29512670457974,1.07442604755233,5.23885126118326e-08,8.84741279899587e-07,"rufy1"
316.294493205331,-5.73106454986759,1.16084813801875,5.25634916676276e-08,8.85541737050979e-07,"arl2"
104.295029338793,-4.27936620075357,0.862315296517921,5.29933444273802e-08,8.90621800654833e-07,"iba57"
70.8862718617817,6.76000937191012,1.35140439081241,5.65377850238911e-08,9.4789556968799e-07,"brsk2b"
61.1892454664479,3.93646982810044,0.789886435170586,5.67588458407085e-08,9.49308792723753e-07,"rbp3"
234.661093675139,-4.4534446971847,0.893464916580593,5.7874025366765e-08,9.65633678054605e-07,"C9orf16"
83.3532143361152,9.23832283030755,1.97483567521039,5.83983229953334e-08,9.70074239511623e-07,"dip2a"
36.2842404697126,6.16468004985487,1.22618585640502,5.84196847883386e-08,9.70074239511623e-07,"elmo3"
56.498439225286,6.7029795753133,1.3681252077976,5.96798283246261e-08,9.88634101196253e-07,"cpo"
450.732159809256,-4.43264468204855,0.902685673268503,6.15496260238842e-08,1.017180843409e-06,"psme2"
340.975254767956,-6.85971260783393,1.48833032624533,6.19503660135253e-08,1.02137171140114e-06,"trim65"
56.456280768623,-6.24896498310962,1.22525310060984,6.82679025956205e-08,1.12286140264503e-06,"ccdc137"
508.903040558363,-4.65994312105048,0.971321148395768,7.04226944850579e-08,1.15556482841794e-06,"atp2a1l"
61.9259585381146,8.73091596921788,2.73547360363317,7.57109918730471e-08,1.23941036460099e-06,"bora"
150.659973651018,4.64335924432574,0.954393897597863,7.6561946051524e-08,1.24453505279538e-06,"hif1al"
48.7375005810696,-5.6020891048487,1.18717405805174,7.65485930524077e-08,1.24453505279538e-06,"acad8"
23.6858281029413,5.33963076813428,1.07881507456422,7.63787040609022e-08,1.24453505279538e-06,"tacc1"
250.953728598707,-5.15466971676228,1.04381639033808,7.89261795526694e-08,1.27698511019832e-06,"uprt"
85.6956605728732,4.79175756299109,0.987683153906688,7.88130928768415e-08,1.27698511019832e-06,"cdc73"
35.6241407081131,7.16107025482927,1.40833302154138,7.93188913472467e-08,1.28035447637497e-06,"ppp3ca"
111.292248057728,-4.5832194795011,0.971160820552355,8.24244268516387e-08,1.32739662825342e-06,"cdip1"
569.878849220838,-3.91277794663511,0.808952544715875,8.52482499881373e-08,1.36969468325847e-06,"fktn"
90.5175998917441,-7.83570394192951,1.78459905833567,8.56398140691799e-08,1.37280819735376e-06,"ihha"
29.3667402230767,-8.78535865329522,3.01331637256277,8.68114477774752e-08,1.3883830853075e-06,"gcnt3"
34.7677951382275,9.86144198935661,3.13252369390128,9.18397581692612e-08,1.46206367305698e-06,"polr2h"
61.8138320069572,5.4185343218275,1.11824001852191,9.1813803082997e-08,1.46206367305698e-06,"tprkb"
87.6565080912393,7.22638252489735,1.50106613465911,9.36733596029862e-08,1.48784162243553e-06,"grhprb"
44.0015946888708,7.50977485426754,1.60962518520028,9.45982090586442e-08,1.49910084263938e-06,"lta4h"
1031.48754479261,4.67502287925918,0.979633359945451,9.57167545487518e-08,1.51337128319564e-06,"anp32a"
59.6928834266887,-6.5428591991269,1.45739247436047,9.60610880535309e-08,1.51536366404445e-06,"mettl6"
25.5718510607198,9.81729372956205,3.16708391772267,9.66085366137442e-08,1.52054388352834e-06,"zgc:162297"
95.6156687646671,-4.17239501982225,0.853018446940625,9.75828512665374e-08,1.5324040059752e-06,"zc4h2"
33.4051273196352,-9.55228059984901,3.22764169297498,9.90659793360344e-08,1.55218275975489e-06,"tacr2"
52.6504662930737,4.02708002269683,0.830263268479688,9.9372678673413e-08,1.55348144745982e-06,"aldocb"
63.3568455619021,11.1494979007567,3.43949493803092,1.11198295619694e-07,1.73444352785684e-06,"slc25a13"
235.7866020754,-4.44249506342497,0.962300419848735,1.13429757528872e-07,1.7652823923944e-06,"crlf1b"
35.0165545875192,7.21213052902415,1.46236684220563,1.19862382721955e-07,1.86121878853041e-06,"ift74"
218.624356806709,-5.9491650207032,1.21750018263424,1.20294841265147e-07,1.86376449379774e-06,"emp1"
56.1666704132407,-4.25396319966471,0.864930986038086,1.21514912233108e-07,1.87847440046771e-06,"tfam"
64.8010501896679,-6.45696701070538,1.29154227819196,1.24905169371602e-07,1.92659284579619e-06,"zbtb41"
45.4250208784729,7.08139226272336,1.45379302031498,1.25424498344252e-07,1.9303136208591e-06,"pex16"
84.2929564639057,-4.00896122598082,0.841685775806142,1.28643989870287e-07,1.97548215418067e-06,"neurl4"
243.117119162826,-5.9027190216452,1.20176798609829,1.29661748319046e-07,1.98671566243377e-06,"tmed4"
73.1368828617618,-5.9387032940384,1.19866222788205,1.33072444493237e-07,2.03448422296819e-06,"usp13"
33.5438556279152,10.1976467567558,3.25603680321074,1.34398572067662e-07,2.05024283235526e-06,"lrmda"
30.6910897442082,-9.00990735904169,3.10233047194069,1.37580392519495e-07,2.09417873788994e-06,"aqp10b"
629.760399964707,4.20961503555484,0.892464291433554,1.50519778276003e-07,2.28612205911101e-06,"prmt7"
82.9800513065044,8.87762108040359,2.79514134570821,1.56989632665401e-07,2.37918131076539e-06,"tac1"
110.587177497104,-4.21710133822145,0.876812861766291,1.62827074173825e-07,2.46227172514275e-06,"cd9a"
148.104290067203,-4.60122905727153,0.96221889877148,1.63629177904698e-07,2.46902200834024e-06,"cdc42ep5"
48.7384890324613,3.6024654275165,0.75784432148043,1.67548589767795e-07,2.52267844160144e-06,"taldo1"
111.918123495157,-4.76435572841182,1.00756454114527,1.75016828931785e-07,2.6242847721971e-06,"rab11al"
29.1939476377113,5.73144598517516,1.20818830733853,1.75053140689707e-07,2.6242847721971e-06,"tpi1b"
66.0676958905628,5.48848203155457,1.17353206589591,1.7573492986393e-07,2.62882790557228e-06,"rbm27"
48.4384762534839,9.1527898697169,2.9976047136238,1.76675967783944e-07,2.63722127395345e-06,"nr2c2ap"
1380.22772345217,5.67035881409105,1.22030688775753,1.8172062847393e-07,2.70670146402908e-06,"zgc:172182"
476.568047430221,7.04358860960432,1.5123310028273,1.84483762511098e-07,2.74197386635874e-06,"col1a1b"
90.0921574959513,-4.36599388924428,0.928170533202197,1.88087555212125e-07,2.7895635058277e-06,"ugcg"
62.986113743527,-5.88437694899136,1.26309184325935,1.91233815304127e-07,2.83017891689968e-06,"dlk2"
33.1678654303161,5.87704252017688,1.24799652828861,1.92735200511977e-07,2.84632984415666e-06,"si:dkey-12j5.1"
576.683793912087,-4.46573136947432,0.969608918918402,1.98399960310821e-07,2.91818875160206e-06,"adamts13"
110.889262360987,5.17855095054885,1.11202060748328,1.98441880241489e-07,2.91818875160206e-06,"ube2r2"
73.6240421730355,6.45563166379333,1.38025178718042,1.9961100546677e-07,2.92917545231469e-06,"abch1"
158.577045092478,-4.17940319665792,0.869756189663861,2.00252251724718e-07,2.93238582114191e-06,"magoh"
58.4121047490259,6.96957284795889,1.49346728913222,2.10726481384907e-07,3.07926843640555e-06,"si:dkey-197i20.6"
41.5109791614599,7.85434468482484,1.76977001354419,2.17279407999317e-07,3.16835372042701e-06,"ccdc153"
110.568828771846,-4.59982922127536,0.972102951248527,2.21389393434537e-07,3.22151735813233e-06,"trmt61b"
145.616760872274,-3.20404848526854,0.684328530076515,2.28675747792015e-07,3.3205823544443e-06,"abhd16a"
136.210584150455,-4.52879983011044,0.965378217925139,2.32939985039964e-07,3.37544141161251e-06,"lpin2"
156.717375795517,-5.91708720599941,1.21372445223267,2.38284298309847e-07,3.44569023868468e-06,"prmt9"
78.8457850877844,4.10512567700905,0.881449955911074,2.38973213474983e-07,3.4484679308313e-06,"psmc3"
33.4261714538409,9.93326004051604,3.13818891350979,2.43621502058921e-07,3.50825071740865e-06,"rps6ka1"
99.1105994056553,-4.63864345990565,0.9990146096702,2.62860344193486e-07,3.77746097111177e-06,"niban2a"
295.061279632203,-3.97430023986374,0.848619935345103,2.74985314891806e-07,3.94353940219839e-06,"thoc6"
348.56006581012,4.11608144663213,0.89419944977393,2.8055993317564e-07,4.01518865190128e-06,"unk"
27.7440614569733,9.69269204584186,3.11951626513148,2.82538570329476e-07,4.03518563098127e-06,"zranb3"
33.8555202541861,-8.18845348100497,2.91138787946058,2.92873196230053e-07,4.16564109637868e-06,"parapinopsina"
136.935338943398,-4.26733464096873,0.907008629197017,2.92628564737409e-07,4.16564109637868e-06,"ddx55"
182.452836713466,-5.66304039059102,1.21678995117206,3.02932854398199e-07,4.29991194760306e-06,"zgc:86609"
32.6652335650874,7.79989418302099,1.76700187939193,3.19033688423123e-07,4.51920985988755e-06,"si:dkey-10o6.2"
106.57221794886,-5.35518604425974,1.19338210928936,3.31001923697159e-07,4.67919420037064e-06,"msl2a"
60.6249140193023,6.28681076775495,1.3082736320566,3.36396806961986e-07,4.74579316488444e-06,"exosc8"
32.5205262364884,5.19170833845009,1.13865995641798,3.39159681380634e-07,4.77506561554357e-06,"pigl"
1579.4816969578,-4.03045202664376,0.891095345958737,3.53653142332763e-07,4.96904141889009e-06,"TMEM43"
49.6997891770018,7.01274056730153,1.48672016129019,3.66868817318051e-07,5.14431608283756e-06,"immp1l"
86.5976279583534,5.19197097607189,1.1507447384346,3.78785775686843e-07,5.30070981661769e-06,"citb"
39.6247568338811,6.68032467034768,1.43870492644425,3.81843920653548e-07,5.33275382948949e-06,"brd7"
135.945506873944,-4.00469570970297,0.881255992250032,3.85289438021037e-07,5.37006825161449e-06,"exosc6"
38.2294517150521,-8.63996667632105,3.06276912338212,3.86082287511673e-07,5.37033498520746e-06,"opn7a"
21.983765994753,9.15255350448969,3.06749891808611,3.91338594492129e-07,5.43256236873974e-06,"slc2a5"
45.3233700607548,-6.5967052383589,1.46464828162524,3.95876272897979e-07,5.48458524987e-06,"f9b"
139.966950746331,-4.57684005803314,1.02669355848203,4.20228613529139e-07,5.81037212451345e-06,"tmem184c"
82.3642694245484,5.26438412001693,1.17199739922288,4.29641059660791e-07,5.92870496044841e-06,"cenpl"
688.772782729765,4.6866795289003,1.05577187054357,4.34209089404291e-07,5.97985176499044e-06,"rab20"
134.992320223616,-3.31981895438756,0.729026787589512,4.73720737048757e-07,6.51108046704044e-06,"supt20"
57.7851062418053,9.73977728678303,3.18927801379969,4.87384821278353e-07,6.68564830927479e-06,"tmbim1b"
110.079039513272,3.80196442853371,0.843346876366017,4.9660633161156e-07,6.7987071947058e-06,"fkbp10b"
42.2151791880641,-8.53224755444623,3.05228987066005,5.08987446919684e-07,6.9544918682471e-06,"gck"
100.64717261087,-4.30683847855069,0.952525092128314,5.27293509305826e-07,7.19046021236098e-06,"nup50"
144.005569688678,-4.1659759987816,0.931729309290025,5.32509146474919e-07,7.24734506996551e-06,"mrpl35"
301.324212577869,-3.45281391797897,0.776306020257936,5.56770155957346e-07,7.56270382093922e-06,"naa20"
36.3373181079091,9.80044398234024,3.13926389644845,5.63245186829453e-07,7.60945168909297e-06,"mns1"
67.2931600592077,-6.31298886767295,1.44275174134663,5.62933798660835e-07,7.60945168909297e-06,"ube3a"
48.10710672428,6.59499486458803,1.48882863263032,5.63500672553492e-07,7.60945168909297e-06,"gstt1b"
33.1337895583503,6.60631551869854,1.45797348804102,5.82876997837441e-07,7.84059930618154e-06,"flt4"
160.333795118386,-4.27165330703696,0.993378789627837,5.82510093913529e-07,7.84059930618154e-06,"nanp"
38.5701736601232,7.25562278305218,1.61722214674648,6.27417948561163e-07,8.42341969238497e-06,"arfip1"
137.057737796484,-4.20629313329296,0.933024384099622,6.66194017292401e-07,8.91046877122755e-06,"rela"
129.917474625742,-3.23970213848941,0.719150060425832,6.66263260663751e-07,8.91046877122755e-06,"arl1"
121.501614079588,-5.89112583693163,1.28616331781679,6.68830781676569e-07,8.9276047223405e-06,"erp44"
28.3549905270956,7.66435320084767,1.80008018951541,6.74623565553428e-07,8.98764331767052e-06,"lsm1"
223.826146762406,7.80497239159431,2.64995926612363,6.878053719912e-07,9.14570323178336e-06,"bbip1"
66.165783318215,-4.76159806087834,1.06519163343315,7.013063978825e-07,9.30739523461268e-06,"padi2"
51.4785575672241,-4.66432558577727,1.02666874295385,7.10391292157592e-07,9.40997320394246e-06,"cybc1"
70.4141741227056,-6.39827573761321,1.59585626195363,7.48429402191916e-07,9.89494948688398e-06,"hspbap1"
89.0967557036935,6.00268519664045,1.335137259877,7.56925651395041e-07,9.98825274968247e-06,"kif20a"
400.526301179318,-4.1872234170506,0.968045812761202,7.67806291164328e-07,1.01126061991871e-05,"dph7"
138.043858674519,-3.93688510040179,0.922034717566109,7.71352820778328e-07,1.01400756231484e-05,"brat1"
27.1572179872039,-8.1884885696254,2.97892417796758,7.79854454998508e-07,1.02324570361903e-05,"cln6b"
59.5017415944529,5.23625384801199,1.21213604605473,8.1521725087196e-07,1.06762696949099e-05,"ndufb9"
21.2717896182786,8.37264294113998,2.83070173415188,8.57250980239292e-07,1.12056102708869e-05,"ASTN2"
220.087414152186,-4.6041728284758,1.07062882818421,8.60240529149779e-07,1.12235517158433e-05,"coasy"
49.9408160832426,-3.84412479537654,0.902290453854612,8.6903861499579e-07,1.1317067592281e-05,"entpd5b"
26.9130314885745,5.51580483074455,1.25621561639059,9.48542967556579e-07,1.23292822805435e-05,"ift88"
27.7910413881383,-6.2795705550764,1.65340549498003,9.65107267206487e-07,1.25211393302434e-05,"zdhhc22"
88.2134975583738,-8.56411765105475,3.10587480452262,9.69263594324901e-07,1.25516018809872e-05,"myog"
22.2190871785663,5.94190237239925,1.34227236333775,9.88230961415628e-07,1.2773391253605e-05,"si:ch211-141o9.10"
30.6513096679769,7.85795988586441,1.87621590181224,1.00073102150112e-06,1.29109182532328e-05,"KLHL12"
20.9634564787333,5.12613465544691,1.16533625316122,1.00633633209424e-06,1.2959147460234e-05,"atoh1c"
77.7891648414577,6.06320820452396,1.42708856359275,1.03017294872435e-06,1.32415378464735e-05,"pdk4"
65.4159886013026,-5.70262007029204,1.26506532541912,1.04269032969088e-06,1.33776591097679e-05,"ndufaf1"
36.1281369774262,4.84095298830407,1.10980779761107,1.05958184859501e-06,1.35692944854206e-05,"tmtops2b"
63.0705758911216,6.54163898293452,1.5156971310547,1.10733762427173e-06,1.41547522100738e-05,"sumf1"
66.6235374385312,6.13676417652781,1.45137932984999,1.17129519824126e-06,1.49447793584422e-05,"rpl36"
448.872596790711,-3.92372924011957,0.913660742318169,1.18882487486812e-06,1.51406118467149e-05,"cap1"
25.1545843070824,9.15330923462187,3.05317569603581,1.21849625700002e-06,1.54900778751596e-05,"prelp"
94.0438613127258,-3.77725133959168,0.880715108532208,1.23420343553472e-06,1.56610713821691e-05,"srprb"
33.2437037101668,-6.89499923479862,1.85257190567253,1.255072873932e-06,1.58678703423716e-05,"SH2B2"
63.345984198618,5.43046986850921,1.28537979238944,1.25340718709196e-06,1.58678703423716e-05,"rab34a"
44.9932035238258,6.39824333632477,1.47705909108114,1.26532569381127e-06,1.59684102558982e-05,"zgc:77375"
188.120310729623,-3.93580605344116,0.908900229085022,1.296253238584e-06,1.63290267314184e-05,"riox1"
308.934750751734,-2.88219949170593,0.663429622045679,1.31083347557038e-06,1.64827810759674e-05,"rnf113a"
390.789680050507,4.4842080953538,1.06201692396592,1.35173836578896e-06,1.69663942078503e-05,"ubap2a"
149.629178787009,-3.46383777680223,0.798627730517071,1.36766893999211e-06,1.71353612138723e-05,"nelfe"
78.6798656724077,-4.58304671829679,1.06864652589545,1.41854883712728e-06,1.77408062675684e-05,"zgc:153738"
259.358253645083,-4.86739158022023,1.14818380385612,1.47009896254287e-06,1.83524404658454e-05,"cltb"
73.7593375498658,3.79021901105625,0.889818959216545,1.48668800469726e-06,1.85262144355541e-05,"atp5f1b"
22.4856147268217,5.78583816553883,1.3440912261727,1.49898391337908e-06,1.86459629798641e-05,"rbm18"
127.592667545563,-4.86992986024709,1.13715280422332,1.53179524078653e-06,1.90200192599271e-05,"EIF5AL1"
85.4769375326363,4.06210366925242,0.955775238791294,1.56241206287809e-06,1.93655395150658e-05,"pitrm1"
168.524168076685,-4.19934598695152,0.976619785911218,1.57949170717058e-06,1.95423385730321e-05,"clpp"
37.8303018659617,-4.35983500734693,1.06405402572496,1.6028052407615e-06,1.97955003133906e-05,"zgc:66024"
22.0888517195527,8.56064410747155,2.93754102965934,1.70294275972694e-06,2.09948946629923e-05,"slc25a19"
104.605160650641,3.87345676904135,0.921483694496606,1.72393693239714e-06,2.12160394463981e-05,"dnajc7"
731.372967910033,-4.68329346777134,1.14854443378319,1.76789862746897e-06,2.17185564128533e-05,"DNAJA4"
91.961946626544,-8.73752123372563,2.29305144691338,1.78603523458421e-06,2.19025981682845e-05,"slc16a12b"
24.818937267902,4.88958121416593,1.16723704142057,1.87877238433327e-06,2.29992224332579e-05,"si:ch211-269e2.1"
43.8846495731213,-5.52790565462342,1.26421544171693,1.90210652812077e-06,2.32438757247997e-05,"si:ch73-238c9.1"
56.2174309643898,6.75518884105537,1.63628253345318,1.95711117537999e-06,2.38501291729483e-05,"waca"
154.505572364851,5.03117937898727,1.18809615408752,1.95859006318694e-06,2.38501291729483e-05,"nox1"
239.20779077023,4.28142222523608,1.0321553001365,1.96383309370786e-06,2.38720937012719e-05,"wdr45"
282.430795377095,-3.26677667515203,0.776280293704352,1.9713554544725e-06,2.39216402263874e-05,"bet1"
233.26815293602,-3.77617692372429,0.899154987343781,2.17038334437412e-06,2.62908041767901e-05,"atp5mf"
21.9251626128186,4.84745810516065,1.13863553001782,2.17848579984143e-06,2.63323585555284e-05,"ppid"
723.85544351362,6.11877995677369,1.50242006841461,2.18140126342441e-06,2.63323585555284e-05,"col1a2"
36.0851007872494,-3.24618054864244,0.781619469036216,2.21851534482311e-06,2.67338802229465e-05,"tprg1l"
41.0846270477925,-5.29295828332717,1.32789811270956,2.22459113764889e-06,2.67606361983031e-05,"fam78ba"
39.7316800352923,-4.01944250362315,0.975955273435603,2.30158092295555e-06,2.76388809450424e-05,"opn6a"
391.284860676176,4.59890724114027,1.11296631154184,2.31164392917772e-06,2.77117798142013e-05,"irak4"
165.211960103029,-4.36037079060464,1.03971709076947,2.32616360786512e-06,2.78377613830893e-05,"tmub2"
79.2741435963282,-4.04118248043972,1.00765859661555,2.36498810009805e-06,2.8253670228538e-05,"zbtb3"
23.4027805321012,5.9553008082127,1.382933740716,2.42254717434209e-06,2.88915806479526e-05,"tshz1"
153.833990318118,-3.82983825649127,0.915249190300024,2.45137330609787e-06,2.91352433520982e-05,"ndufab1b"
56.608703722253,-4.43678025573225,1.05021340797367,2.44736284566853e-06,2.91352433520982e-05,"dmac2l"
43.6067576919363,-4.33326791199698,1.00545146259509,2.68988317427167e-06,3.19153489104609e-05,"trmt5"
22.3298717217029,4.71408524097875,1.13865164307093,2.74694425013209e-06,3.25367577477249e-05,"slc38a3a"
18.3052124739786,-7.55855271715194,2.88249960175569,2.85529346585705e-06,3.37625075749808e-05,"rtn2b"
39.7274414210411,-5.50706538355603,1.28121510250527,2.86731993254362e-06,3.38470538295668e-05,"tsta3"
532.275613274306,3.41303987230586,0.83098632152055,3.01873732780479e-06,3.55739487135706e-05,"lpar2a"
20.8907013554374,-7.6673142038055,2.92507395985766,3.10052176390922e-06,3.64140804793467e-05,"ppp1r3da"
112.941946991956,7.22669038410488,1.8048330981647,3.0978395782142e-06,3.64140804793467e-05,"reep5"
42.7833231478429,6.84586087726102,1.67703864987124,3.11881194226428e-06,3.65670163703655e-05,"hdac4"
2714.5011254974,3.96756764664136,0.974835295567108,3.22395523530682e-06,3.77360426446284e-05,"trpv6"
301.013155816093,-3.29259459422312,0.810277081999208,3.24102236140201e-06,3.78719464823086e-05,"GPS2"
18.8151907688709,6.18806898284556,1.45717948042585,3.46291152240123e-06,4.0396754415104e-05,"B3GALT2"
362.669714508749,-3.62464790250269,0.907058519081942,3.57749574881448e-06,4.16634194505391e-05,"cldn15lb"
85.7669276232339,-4.321396442165,1.01584609762172,3.69740457936533e-06,4.29877473791872e-05,"hint2"
325.719203967104,-4.79607358328597,1.14883119835773,3.97111823631665e-06,4.60928623382506e-05,"tmem165"
46.0366165010413,-4.75706190120034,1.20743303895555,3.99502820178005e-06,4.62929728690406e-05,"C12orf29"
62.2810964210733,5.36038518929539,1.38039645096661,4.32921065577046e-06,5.00817519361712e-05,"vtna"
255.367555950092,-3.23859433290357,0.809098797429902,4.34370480852812e-06,5.01658154342656e-05,"micu2"
20.6877085791976,5.11677425913758,1.28027676505281,4.38733052858564e-06,5.05854837191244e-05,"gstcd"
430.312101915848,-4.62516106820906,1.18329818571762,4.41880896018881e-06,5.08639353112281e-05,"gorasp1a"
39.1180974955255,5.2250636249663,1.2703900189697,4.61632286671847e-06,5.30494983739949e-05,"nbas"
105.933120824663,-3.43557617600742,0.858691978792239,4.80127762285608e-06,5.50837487276761e-05,"zc2hc1a"
167.4308309137,-7.77672828616163,2.99879386343702,4.89477291645941e-06,5.60637274144303e-05,"zgc:154006"
113.641489597003,-6.30249511678666,1.5840548720666,5.08287550915991e-06,5.81223046278071e-05,"eri1"
21.029441573856,6.91210817799526,1.83576729816592,5.27974495531647e-06,6.02741936428481e-05,"dpp6a"
71.0716052485385,-4.4592195593768,1.13422525980152,5.71534437641935e-06,6.51399102080899e-05,"vdac3"
28.0744673085305,6.26353574100625,1.57264855327815,5.74222771899136e-06,6.53390206516706e-05,"zcrb1"
62.8516760011174,5.44354110350948,1.41200716236156,5.90485280943661e-06,6.70795144849419e-05,"luc7l"
17.5836981436804,5.00693294080332,1.27515187601955,6.23475669575894e-06,7.05961602369703e-05,"ppp4cb"
73.5552451621939,-4.27676807746607,1.1603069543404,6.2275784239237e-06,7.05961602369703e-05,"zfyve19"
170.671727338767,7.92959656508625,2.03711140637683,6.50480565452037e-06,7.35339675049282e-05,"kbtbd3"
24.7725186884893,8.75360693184246,3.11789279045916,6.53295217679384e-06,7.37320667628065e-05,"mindy4b"
18.4150202722377,6.22863538423233,1.53498465873828,6.75222773522809e-06,7.59598261105642e-05,"atp23"
33.9217329018565,4.68892751019491,1.21156701105952,6.74903933793149e-06,7.59598261105642e-05,"chst12a"
168.668936713333,-4.14330123303678,1.06482987421525,7.10452555808798e-06,7.97937085739299e-05,"atp7a"
265.68354400733,-3.66231959601476,0.940204045829001,7.14116610964266e-06,8.00756606898703e-05,"FDX1"
150.331698716602,5.365923778129,1.39870147516903,7.25655873740472e-06,8.12383454779454e-05,"PITPNM2"
27.2664493224616,9.46338572975205,3.36108016664125,7.40472385140173e-06,8.27635881684048e-05,"gsg1l2b"
504.243102148279,3.59906108655418,0.930526534945205,7.8144460935973e-06,8.72026854271043e-05,"pld7"
32.8411489522905,-3.77997205033412,0.988101989919104,8.04278568674513e-06,8.94631016854134e-05,"szrd1"
53.7739935627523,-5.04729379057973,1.45782860853501,8.04033371801326e-06,8.94631016854134e-05,"mmp19"
28.4544802804361,4.70934595969027,1.23319248726225,8.06281618933101e-06,8.95424114722345e-05,"ngdn"
231.227154247691,3.76849912766344,0.975467294843661,8.09568123674736e-06,8.97637755020182e-05,"tmem50a"
77.0701778213519,7.10172054137142,2.65557806732414,8.18526952203514e-06,9.06123696211259e-05,"si:ch211-122f10.4"
17.4727041502368,4.87709947219829,1.25792367976531,8.26086008519546e-06,9.1303550718697e-05,"ncdn"
776.077310087204,3.60510198354969,0.943757431487927,8.37349784731999e-06,9.24013490592179e-05,"fhl1a"
18.0388700523667,6.81080161597586,1.8341419481253,8.47331845136298e-06,9.3354449795096e-05,"si:ch211-63o20.7"
20.2722061063547,7.04583923152114,1.90816298660443,8.75314590844829e-06,9.62846049929312e-05,"syt10"
9.21217733513751,6.96090084970886,2.66658047971594,9.02202807039354e-06,9.90852798047493e-05,"npr3"
48.0504323970757,6.59881338487263,1.7434197783329,9.39114462596841e-06,0.000102976200393123,"srpx"
19.5782263499356,-4.92471365013168,1.27180246588802,9.46115905968708e-06,0.000103417173280769,"DDA1"
26.6418913462821,4.6363074477211,1.21750258045105,9.45097289165659e-06,0.000103417173280769,"mettl8"
27.7840113317645,-5.95912228555866,1.58500180010467,9.84649013548493e-06,0.000107291190000629,"bnip1b"
95.5029662828747,-3.11600703727841,0.816504818883883,9.84027876545129e-06,0.000107291190000629,"loxl2a"
485.0328018275,-3.78854870093798,0.996050375652513,1.01378829704402e-05,0.000110293175074961,"tcp1"
62.4821479145507,5.84681367489768,1.57122703137888,1.04058352402381e-05,0.000113031146169785,"nid2a"
185.217702094349,3.45584136431381,0.90540654524543,1.04981237970746e-05,0.000113855433242961,"ilf2"
42.610905587455,-5.65023371299101,1.57132700249809,1.05728670914247e-05,0.000114308832525824,"si:ch211-248l17.3"
29.7090864217383,5.44586823905987,1.46350645881189,1.05696526181846e-05,0.000114308832525824,"ECM2"
126.521611376068,-4.2831033879301,1.11327177401027,1.07239350584095e-05,0.00011576179353098,"ppifb"
11.7814324654748,6.4069132706521,1.74452583653099,1.08003721799546e-05,0.000116405874691094,"c2cd3"
21.8213367904766,6.42714936302338,1.65145986144187,1.10796177443642e-05,0.000119230429090902,"zgc:194275"
17.0124925512566,4.76423419746367,1.22890287005888,1.12058780489169e-05,0.000120402476064291,"si:ch211-102c2.7"
19.7301377874428,4.34432567504212,1.13603768596725,1.13295612543615e-05,0.000121543252962169,"myo1ca"
67.1239833677289,4.47949811248648,1.20332027337325,1.13674041168306e-05,0.000121761036998335,"pdia3"
39.8865160144238,4.90885802727988,1.32632176808956,1.14138486867822e-05,0.000122070144429823,"mbpa"
17.6351595096279,4.68992208403178,1.24508129770676,1.17802061307519e-05,0.000125794478082383,"gpt2l"
25.7046700891282,5.51352404619688,1.49575021884482,1.2071909932647e-05,0.000128513998224698,"usp45"
139.251415925017,-3.95455172434969,1.06853938665215,1.20714040064095e-05,0.000128513998224698,"cramp1"
144.638476014754,5.56533455731277,1.41430468958557,1.21013830966438e-05,0.00012863047484503,"intu"
30.0895522863509,4.61505272763303,1.2398926165518,1.21616423621828e-05,0.000129073332776622,"spcs3"
39.4593831331778,4.09554849314779,1.0924465622082,1.22462595528977e-05,0.000129772958101775,"myh7ba"
30.744462071559,4.29378478704921,1.14843089245066,1.23741081966714e-05,0.000130927873465085,"utp20"
221.812509588044,-3.03344105966489,0.807025285959592,1.24317693901203e-05,0.000131337764591819,"map7d3"
17.0603388905563,8.63054334969902,3.24588451491059,1.2686465480355e-05,0.000133824858509337,"rnf151"
13.1180777534055,7.31759017459264,2.76795423268957,1.28156390424565e-05,0.000134982322600441,"abca12"
118.481924788143,3.41438043388743,0.910082125113939,1.29800165380952e-05,0.000136506507258968,"mms19"
19.0863911095943,4.5101784068046,1.21317980441595,1.39044109895661e-05,0.000146006833099211,"lim2.3"
79.3890986486203,-3.82745784976564,1.01418779794607,1.39814414499733e-05,0.000146593935202817,"preb"
23.2859667814464,-4.81824691791328,1.24678299469052,1.41556655802774e-05,0.000148196794559134,"alkbh6"
18.4441409367976,4.80210150837505,1.29399427382516,1.48466813483611e-05,0.00015519701090207,"KLHL28"
18.7355736525306,4.50956265493876,1.19476283978971,1.49283511600936e-05,0.000155816068274,"ndufaf5"
279.103920598502,-3.44857676526503,0.938712388064377,1.52509765153116e-05,0.000158944486475642,"tmem258"
30.7036499357521,5.68006496895989,1.54560882553033,1.52942346573994e-05,0.000159156345962533,"pi4kab"
101.982005120607,-3.97909023979758,1.03605018980543,1.54304693114941e-05,0.000160333663908804,"zgc:175214"
143.666738075728,-3.00140807863104,0.793325647614603,1.54545349939744e-05,0.000160343688181131,"ddit3"
41.0458507568814,6.19736382230459,1.74419706186481,1.67094820599248e-05,0.000173105246235728,"rrnad1"
26.3362484415591,-5.82861678046877,1.57717789810916,1.69760239332185e-05,0.000175604444292801,"zgc:55888"
20.6115034505267,-7.63738824664981,3.10097708450145,1.71052994635032e-05,0.000176678398178833,"slc25a40"
37.1754334987163,6.6672305758835,2.62748181245531,1.71990992917406e-05,0.000177383281105456,"C12orf57"
62.4042017234087,3.46464597852898,0.945865629533019,1.75035477196612e-05,0.000180255377926066,"neil3"
29.3308857627079,4.12969327594446,1.14537451388518,1.78660575413368e-05,0.000183716007991732,"znf653"
26.4084773971073,3.21798993982124,0.864862768789355,1.79957363945057e-05,0.000184775748985598,"tbk1"
29.7561208931404,-3.32351043233615,0.894205682046642,1.81789203454922e-05,0.000186380924842041,"lrrc39"
12.3417255633547,-7.5658646947218,3.08513264125592,1.82521033058135e-05,0.000186855234580606,"LIN28A"
22.206598466573,5.15540954069616,1.40818603228496,1.83864405399568e-05,0.000187953289820089,"nup160"
58.9301257669778,4.18033798058908,1.16182863875648,1.94262648356076e-05,0.000198290741505812,"ap1m1"
142.786148753718,5.33670262133155,1.51534731919434,1.96923489894245e-05,0.000200711592269597,"bhmt"
144.781215301683,-4.67841010543112,1.29956795717675,1.99869641503125e-05,0.000203415715787858,"mrps18c"
132.669126144214,-2.1809054977756,0.573177270201347,2.03064209676887e-05,0.000206364374724345,"aamdc"
90.3039567058176,-4.30973269461874,1.20053786599913,2.04046970654267e-05,0.000207059944928548,"rab34b"
26.0404230707555,4.77380223050785,1.2985581289465,2.07165121563687e-05,0.000209917242156723,"nipsnap3a"
19.689716635023,4.55444967116398,1.27872736212883,2.15108968410384e-05,0.000217648884801235,"serpini1"
27.6280370801949,-4.51299444699597,1.22117886594228,2.21836377393008e-05,0.000223803240622801,"gpr155a"
18.8877181549294,4.14088841773835,1.14723598331819,2.21600187959655e-05,0.000223803240622801,"spg11"
274.734624571394,5.92615943593929,1.6114011729459,2.22836376621642e-05,0.000224485818596635,"nsmaf"
95.0102812747567,-3.40906232990929,0.918506889377899,2.26625890650649e-05,0.000227972508261762,"cish"
323.725544751125,6.39428050525465,2.55492524763272,2.28704404011901e-05,0.00022973042955812,"nkiras1"
143.931785223299,-3.85395016007977,1.0847065465466,2.29526643829112e-05,0.000230223184222235,"tjp2a"
141.539451783176,6.3234893230438,1.82928595464036,2.34093608945174e-05,0.00023446518610223,"smarcad1a"
17.3962607358229,4.4340118843905,1.22377873282271,2.35412119959677e-05,0.000235446041014426,"slit1a"
37.6227397503828,5.4005609227492,1.55832142767535,2.40411931729934e-05,0.000239755634789866,"vrk2"
106.995582398333,-3.50015235361132,0.995644873711125,2.40232228811531e-05,0.000239755634789866,"capn3b"
196.596580095799,-4.51821979902897,1.27285853454786,2.41443402989469e-05,0.000240438832159241,"frs2b"
22.1991585684152,4.73241885706443,1.34499856722226,2.57390128125359e-05,0.000255951988440991,"dhx36"
30.74608738592,3.01315222115601,0.824044154557676,2.60466557241207e-05,0.000258640682948672,"fryl"
14.9630982543354,-6.8387240357122,2.85794284590889,2.62698061939954e-05,0.000260483892560745,"si:dkey-120c6.5"
40.9640160560574,3.47607301463583,0.968422875889858,2.63939213517192e-05,0.000261341238377008,"si:ch211-197h24.6"
40.5063041544449,-6.57723783514098,2.75912264910746,2.64606495897064e-05,0.000261628730487397,"uck1"
788.752614133161,-3.31343033489662,0.934918391892192,2.75857523724915e-05,0.000272365159626549,"prdx2"
37.4723558446883,4.28172716090349,1.21327133527137,2.83454579882521e-05,0.000279468499852923,"herc2"
11.3626026892803,7.63198085005125,2.99371379794812,2.85980463759934e-05,0.000281558921837972,"efs"
127.736109793848,2.93558781782645,0.818948904748733,2.88247181921709e-05,0.000283388624606031,"utp3"
18.9665908940992,5.91385850134592,1.65745187821884,2.91586973802187e-05,0.000286266645708767,"hpcal4"
78.429190557995,4.02597670002251,1.14816397992419,2.92107366285053e-05,0.000286372490026067,"btg1"
26.5809431559724,7.24777347681909,2.16287174976928,2.94989261882988e-05,0.000288789910681215,"coa8"
38.6120239837316,-4.35949318147711,1.16423394777308,2.9990532025235e-05,0.000293189130686136,"f2rl2"
19.9185351424584,6.07240507021758,1.68965664106805,3.07254736846138e-05,0.000299951494859218,"kcnab2a"
462.491192147024,-3.89575203114552,1.13470411850864,3.17123390871433e-05,0.000309150766297559,"tfg"
22.0239976049902,5.24174265662754,1.49050195028309,3.1861012905173e-05,0.000309755496856255,"ap5m1"
18.0964975798605,4.48900261925236,1.2811132974023,3.18636255230321e-05,0.000309755496856255,"jpt2"
17.4451108506873,4.73439188434512,1.3618159845088,3.23189195206967e-05,0.000313742126423994,"cep131"
154.961221150749,-4.62425839686787,1.25720360145646,3.24192352483664e-05,0.00031427641321077,"cfap300"
43.9255182674255,-4.13492052047854,1.18189952017974,3.2535363102211e-05,0.000314962280742603,"si:dkey-44g23.5"
21.1973628406709,5.5833947983294,1.59527442852148,3.2930850072828e-05,0.000318346838935236,"snap47"
15.824520230324,3.80357224752574,1.07271630139108,3.45330839366602e-05,0.0003333715376973,"DOCK2"
36.1241926206252,2.9053432876873,0.818427980235603,3.53839368863627e-05,0.000341110980455894,"cpdp"
73.8179725953921,-3.54409252784434,1.03800156128596,3.55791453804919e-05,0.000342517126332863,"psmd9"
15.6263443588878,6.67370655478981,1.99707792805162,3.58151747879239e-05,0.000344311811915484,"glod4"
7843.74189054054,13.7967276486023,4.2847020193288,3.64804897271726e-05,0.000350222792802635,"krt98"
16.3042556058923,7.6679286394763,3.04767629896388,3.66318432777454e-05,0.000351190088661369,"tspan10"
28.3136183726415,3.47328234219768,0.989675732089553,3.67762199366472e-05,0.00035208792080037,"ivns1abpa"
24.3607570129286,3.43579991925461,0.977005917469332,3.70413966874078e-05,0.000354138201662944,"akt1s1"
17.6635774012215,4.63026551009384,1.29710749416002,3.92773839611602e-05,0.000374999067502631,"mre11a"
13.4478744543974,5.91752237381243,1.77064556252896,3.95287298846403e-05,0.00037688037655122,"fgf8b"
25.9565354746707,3.5484580140719,1.02354610540846,4.01718474711094e-05,0.000382486684906681,"cdkl1"
102.494095301243,3.44342623116301,1.00290123740113,4.27430627946956e-05,0.000406410409394496,"sept8a"
31.7906385716806,6.74130080972596,2.82032882152612,4.39690478110094e-05,0.000417495432087848,"gpr161"
40.5848287799807,3.81341469242108,1.11627857333683,4.53929250228226e-05,0.000430426629212311,"wdr34"
22.441374655973,4.51250196036004,1.33301796867595,4.56317519368422e-05,0.000432100941601121,"mtmr3"
68.125045162603,4.36040609053645,1.3089442410766,4.59970465867727e-05,0.00043496662174222,"tpgs2"
22.2442495017365,4.0614308938516,1.19683195185402,4.60671479745034e-05,0.000435036835497998,"ino80b"
10.4091362047115,8.08396830108473,3.29725526042784,4.66304026416854e-05,0.000439524973107979,"pbk"
16.5483143271839,4.13381690523199,1.20884659928801,4.66690541968852e-05,0.000439524973107979,"myof"
17.0746683341131,3.74581947035514,1.09490468927686,4.75660815675539e-05,0.0004473660869382,"fip1l1b"
66.5227358723407,4.98021643159305,1.49812336450147,4.81584906713478e-05,0.000452324876522091,"flna"
12.6262672972494,4.56709921421723,1.32716919411814,4.83922460362832e-05,0.000453906188834921,"grb10b"
37.8995702215584,5.85254400217301,1.76979402320983,4.98124407025019e-05,0.000466596694893476,"WDR25"
8.84745122339134,6.68702442270948,2.77594143476085,5.09992912550909e-05,0.000477070189490008,"tes"
21.13005688392,6.50225396943631,2.71605250046396,5.14518716914975e-05,0.000480656044967273,"CDK2AP1"
257.886301936784,3.79727669962256,1.12792574501168,5.16906226538911e-05,0.000482237381506261,"clu"
116.490167330235,-3.68123491343451,1.09285780483688,5.19143025223837e-05,0.000483674058802503,"micu1"
17.6602338244397,4.93947896525667,1.46896545473429,5.22493212775736e-05,0.000486142813656351,"kcnh6a"
7.56216571745156,7.51362344831716,3.12296048369307,5.24898487120478e-05,0.000487726961057997,"hoga1"
224.175508921881,-2.88971624184895,0.83004805162214,5.40635799618749e-05,0.000501678219940339,"aagab"
19.3176865071703,3.76579845387707,1.11033998052783,5.50992691284239e-05,0.000510606177597317,"fbl"
49.7273788194876,-2.95685475189687,0.876922178254478,5.53844323323805e-05,0.000512564459758738,"cuzd1.1"
26.9415664227316,4.67662707160341,1.40904340502059,5.64858010504244e-05,0.000522061178549928,"usp53b"
25.3590208724975,-4.07933938428178,1.21107267645291,5.67525236199465e-05,0.000523828811763363,"MED9"
67.326613615907,3.12473795546484,0.922397551440299,5.75972325587667e-05,0.000530919510213014,"zgc:73226"
51.7558958799121,-2.2451257572144,0.629401561281666,5.8053737102877e-05,0.000534417757600887,"gyg1a"
34.403566813269,3.05228042646224,0.89369768761094,5.85389542119222e-05,0.000538170703556228,"abca4a"
184.997695200744,6.1032388466742,1.84573265993102,5.93420446019654e-05,0.000544832184632595,"pola2"
13.1272927162284,6.10092201946109,1.90772969570038,5.99468413146501e-05,0.000549657893745028,"nkx6.2"
59.4460828275388,5.43968497240796,1.69098027550283,6.09462326455709e-05,0.000558084169911487,"fmnl2a"
32.8506178561156,3.83472213574918,1.15032497547514,6.26937724500619e-05,0.000573330006028827,"csde1"
14.7678216470913,5.5991318039313,1.65308693620363,6.85236211393703e-05,0.000625819018853118,"mrpl4"
96.53423719383,-3.99253798285676,1.22375515606391,6.86218414951282e-05,0.000625892512244001,"syngr2b"
8.90617083400403,7.16733750888136,2.99147008691449,6.90576841027995e-05,0.000629041188133243,"parga"
30.2751536210874,4.09061697916198,1.23328469746513,6.95502908119605e-05,0.000632697992825449,"sumo2b"
12.9049537393354,7.02451710332775,2.94396642414742,7.21868071856806e-05,0.000655822812402892,"foxh1"
22.4267898501854,6.11132554819588,1.86348964053921,7.36741673554676e-05,0.000668460647861831,"nln"
89.1643606449849,5.23536257690186,1.5647120554544,7.40816654990286e-05,0.000671280470272529,"gpr143"
19.1889843670603,3.6709611884272,1.11405034569053,7.53428330236355e-05,0.000681818258170866,"sesn1"
26.72180582114,4.49699238463036,1.42532783930689,7.77877992099989e-05,0.000703027492599743,"ccdc85cb"
12.7744062344146,3.76175847705918,1.13077017824851,7.98189722740579e-05,0.000720446666520463,"meaf6"
44.1012747343619,5.21884256271092,1.69760874272052,8.0441342841532e-05,0.000725121247614381,"pde6ga"
37.7292515888684,-3.64409048512402,1.13434464019719,8.16629960078422e-05,0.000734226496490198,"cdc42se2"
27.6468025521467,-3.64711860188539,1.1427449955692,8.16604612282916e-05,0.000734226496490198,"xaf1"
155.875044910331,4.62679596625351,1.48002163603852,8.25733849235946e-05,0.000741451312748603,"rpe65a"
152.162187064402,-2.51950595569755,0.752193492572204,8.27769189086187e-05,0.000742318597086204,"rab7a"
18.8926266628313,8.33927320658812,3.42954567396052,8.31756589587532e-05,0.000744931933977685,"fosb"
84.98891998075,-3.49339908912865,1.09062427307268,8.51349223024645e-05,0.000761496772811091,"ranbp1"
108.930382811852,-3.65072902363238,1.19341320436622,8.64995354861386e-05,0.000772706918673473,"htr2b"
36.8309302455149,3.50348906274159,1.06110561560855,8.72717220771799e-05,0.000777603367057389,"tmem242"
118.097341199182,3.564291265801,1.11263066712904,8.71958207786122e-05,0.000777603367057389,"ddx21"
117.643990040287,-4.00404646128368,1.21925300225266,8.76386363443841e-05,0.000779871506238936,"banf1"
19.5730565782852,4.04240653060292,1.27423093051084,8.90832856826288e-05,0.000791712017827306,"prpf4"
13.1707222899874,6.32497673495553,2.05459789346269,9.10438999193779e-05,0.000808101930102816,"coq4"
15.0538238380814,4.29720723708802,1.32344254520007,9.24724757274769e-05,0.000819733657757876,"fmnl1a"
36.4281921591653,4.92980562206718,1.60397836784674,9.48415734706479e-05,0.00083966245084154,"fn1a"
13.9591747877347,-4.95100668872774,1.78252510139251,9.59992705208356e-05,0.000848829218707159,"gdap1l1"
10.7410459712441,7.43858183935538,3.14623765145871,9.67220679256114e-05,0.000854132154544108,"HGFAC"
2153.54542066509,-4.33030294408718,1.37216627186105,9.7273153608405e-05,0.000857907190846174,"ndufc2"
219.171115476359,-4.07722429637862,1.31755995757469,9.77539472561153e-05,0.000861053487188701,"mycbp"
23.0585440869859,2.71633488069667,0.812683222339419,9.83771980443103e-05,0.000865445033745954,"rerea"
13.7395596371705,6.42828040248854,2.10184116976691,0.00010088272578472,0.000886363290723721,"ccdc84"
44.8346188727357,-2.74682899249066,0.843540533772081,0.000101722752324576,0.00089238852346001,"cd3eap"
106.936743571621,-2.83826328778178,0.869680018519319,0.000101825631836958,0.00089238852346001,"march7"
55.3255664840225,3.3194487096259,1.04378442402158,0.000105834390559647,0.00092635120412927,"slc4a1ap"
30.8992189111983,5.19744169720332,1.69149159029222,0.000107175492599233,0.000936908179006643,"ace2"
11.0305713715718,4.84326722710018,1.50325043448014,0.000107403719321443,0.00093772228403791,"esyt1a"
22.2088091831529,3.9416093341953,1.26289015341748,0.000107890103743657,0.000940785439804925,"slc25a39"
122.263254171367,5.71175238667088,2.53952616915624,0.000108670873205016,0.000946404681199522,"myot"
730.73267883688,-3.30683179715819,1.05344471077852,0.000108938211056567,0.000947544013713825,"pkma"
18.7828804771539,3.34314703596926,1.04425722629143,0.000110219439216564,0.000957488269840014,"usp5"
8.14047339841488,6.54855987196832,2.84758799672489,0.000111408946829691,0.00096540511853294,"creld2"
258.101452334182,-6.86377985942138,3.10674893276788,0.000111314177868561,0.00096540511853294,"SUCNR1"
156.818980177504,-3.66691455719096,1.20097214939726,0.000111859412302682,0.00096809997605102,"bicdl2"
33.254514177462,-2.54095129907818,0.779385248396481,0.000112710956486437,0.000974254980040294,"RNF146"
17.7369829529141,3.89485945842372,1.23309561251229,0.000112877568214956,0.000974481593258722,"ralbp1"
19.1116651932,4.1635767632307,1.32973890396461,0.000114741536465463,0.00098811539033099,"tmco3"
21.1373736926892,3.99675600455627,1.27382356350117,0.000114652727106981,0.00098811539033099,"prkar1ab"
11.2237002529831,-6.57567321498064,2.99331189385223,0.000116050324081826,0.000998147830795481,"abcg5"
92.381727104517,-4.52270022931557,1.7406908576473,0.000116826403517178,0.00100357929060981,"ano8a"
183.345913769472,-2.17145728249933,0.650815564525854,0.000117316349531501,0.00100654237589388,"kcnn4"
34.7197089663589,-4.12137938623983,1.27863308123579,0.000117495592225179,0.00100683568596909,"si:dkey-72l14.4"
21.092396709907,2.80156933089737,0.861983976541098,0.000121172793347109,0.00103706579361564,"si:ch1073-174d20.2"
35.6410017263148,2.42734138626629,0.731256710945888,0.000122195936368641,0.0010445344757817,"mdh2"
97.2662325193533,-4.2329946046625,1.42394163024101,0.000122611665950593,0.00104679898322641,"BFSP1"
72.7187443384016,4.4601529516411,1.46551597584827,0.000125056550966005,0.00106636058999391,"nadka"
10.944330965133,5.18029418119922,1.6880014266582,0.000125700443030615,0.00107053592033804,"bnip3la"
11.0799084449631,3.68676168286644,1.15624183177957,0.000127042978319829,0.0010806437653406,"boka"
654.491748478089,13.5010264055944,5.69134311306891,0.000127295035747033,0.00108146247627926,"mrpl36"
128.184254640569,3.41288360211175,1.10176931424377,0.000127815841318228,0.00108455960218805,"rpl39"
11.2247423405011,5.06951506521152,1.55889349127101,0.000128034797053169,0.00108509099675952,"alg8"
146.064737766078,-2.92815149781832,0.908622933084374,0.000128260915118159,0.00108568172175017,"DYNC1I2"
16.6789268336867,3.09584464038893,0.962675932144292,0.000129556386144791,0.00109531166410596,"usp8"
266.476149758846,-4.28797714845676,1.45008307964325,0.000132055710171969,0.00111508355754701,"tbl1x"
19.0587986092061,3.55647496855697,1.13881973279983,0.000132561491560026,0.00111799430488231,"vps35"
44.950155429118,5.51864918560982,1.8827686627803,0.000134024542170658,0.00112848219533534,"cdk5rap3"
75.485944956865,3.42598667601622,1.0799159662804,0.000134130213391681,0.00112848219533534,"gtf2f1"
47.4829520129871,4.51423874553399,1.51924206790464,0.000139519676755046,0.00117098679124156,"col4a1"
13.291562532869,5.21175008280692,1.65000440734014,0.000139434011426762,0.00117098679124156,"EVC2"
12.8789650563987,3.8285199536766,1.22138704355072,0.000140017216865141,0.00117374336021853,"ubr5"
5.59543058493543,6.56756472936439,2.92445371998894,0.000141956572119495,0.00118856521963982,"vps4b"
16.0962109554186,-3.44032449171982,1.07440877945242,0.000142448878167162,0.00119125019681719,"rasd2"
21.439630668219,3.99779075997309,1.31012306949641,0.000143148174428052,0.00119565761577029,"afdna"
15.7703481144588,3.76199848767168,1.21173598475449,0.000145616619397571,0.00121481364812325,"thbs3a"
9.62995653680393,4.51217988165723,1.42581414797733,0.000148822243487824,0.00124006625696156,"mtor"
8.10549143052083,5.07098660242396,1.71710964449483,0.000149238078408196,0.00124204017054111,"cyth1b"
59.6595160704103,4.16836913457662,1.40265028575608,0.000150308140855935,0.00124944767147431,"ca7"
19.8500354740834,3.66135516085987,1.19691802590042,0.000151010617763172,0.00125378552379687,"hmox2b"
20.0839547947209,3.85995227192573,1.27180438105473,0.000153542619165619,0.00127328473073902,"abcc1"
337.425387646976,2.51288250822211,0.784146051045082,0.000156810322969214,0.00129883108798247,"rbm25b"
79.8170214777606,-3.01865151337084,0.957958176723885,0.000157609101445042,0.00130389126713949,"pdia6"
35.7316114388173,-2.89610525205315,0.926298559124265,0.000159794309134711,0.00132039559488575,"si:dkey-23o4.6"
143.072472848756,3.37346572941752,1.11613586530228,0.000160174806924708,0.00132196591541545,"man2c1"
55.9237870964306,4.19635632499234,1.45418546332106,0.000161756633958093,0.00133343562506309,"clec11a"
294.965164419246,4.69604599003809,1.61903488668426,0.000162219887462607,0.00133566813627279,"rpl18a"
61.1326491263159,-3.9334824721933,1.22172541506773,0.000163282585776454,0.00134282515150991,"aprt"
55.8154016915576,-4.05880838472134,1.35000586138841,0.00016392962332839,0.00134655090594361,"rhof"
52.6377499653951,3.90326731356625,1.29498908835507,0.000165323244274553,0.00135639318972775,"serpine2"
21.2355868704108,3.76436437505059,1.24996012902265,0.000171173503701071,0.00140273351734254,"ubr4"
7.76914327217798,5.42497910850909,1.84501879031713,0.000171772610379964,0.00140598312340487,"dusp6"
390.621500634617,-2.75240263338776,0.888036468007333,0.00017292676371404,0.00141376285858558,"ndrg1a"
92.5705631471786,5.63309871863726,2.60880046489713,0.000173189860514234,0.00141424802568153,"tmem266"
16.9388232316648,-4.47170247444078,1.72572425344531,0.000173579686029088,0.00141576568828191,"fbxo30a"
21.9050064784663,-5.26515322214237,1.76609908461385,0.000177528274318957,0.00144627200944587,"pxmp2"
17.9488084324078,2.62169942648165,0.826726122600447,0.000178117725536417,0.00144937295773537,"ddx46"
7.53239661921157,6.90301349054455,3.10174515968916,0.000179639710135345,0.00146004593448411,"mboat2b"
689.795901014787,-3.24978818366046,1.09303384808685,0.000184121671011688,0.00149472341344108,"tmem14ca"
25.4336199379663,3.65992372001177,1.22347215242163,0.000185056061769268,0.00150055388404263,"irf2bp1"
18.0216516720194,3.63306830586917,1.20351810101845,0.000185936476004385,0.00150593358220121,"cdh2"
13.6594390672903,6.42439492584987,2.91296923183483,0.000188100918624465,0.00152168820066714,"adam8b"
12.8253624576942,3.7351531703618,1.21796274657548,0.000189226337951086,0.0015290104909412,"ier5l"
34.1480329889511,-5.05875618802077,1.83231901153303,0.000190529383274405,0.00153774935966006,"mmab"
58.5855057711042,-3.39509628769418,1.08778929276596,0.000192162887863048,0.00154773848879395,"cnot8"
9.97950842136344,-6.59711834398566,3.11630046698509,0.00019221302079533,0.00154773848879395,"klhl40a"
13.7818372891627,5.30144323593154,1.74488375414025,0.000193733044029919,0.00155817040395327,"dmtn"
30.632209271931,-3.79059489868886,1.26794438648085,0.000205789025248645,0.00165321947251255,"sprtn"
81.7168366118714,-3.1325212582559,1.01278346422124,0.00021370520270651,0.00171482984044611,"mrto4"
51.2377609477541,3.24742311515993,1.09931746447849,0.000215067903780726,0.00172377173226561,"rorcb"
62.0688878167837,-4.07739107520147,1.34259588836105,0.000216211599654451,0.00173093969227398,"tgfb3"
10.2403148781773,4.8826597515513,1.68752782075966,0.000218678167993525,0.00174866954382841,"klf11a"
93.4737562026957,6.60209221504411,3.02012109287545,0.000218953445346524,0.00174885600017287,"si:ch211-257p13.3"
161.144811618402,3.85381144420456,1.34794659737411,0.00021960248215364,0.0017520239409522,"tmx2a"
59.5049150119537,-3.99524444925134,1.38026712416751,0.00022052644901182,0.00175737552536285,"rxrbb"
70.7140372585107,-3.21241213264217,1.06960363081612,0.000221537021242257,0.00176340420234232,"wfs1b"
23.0079129724728,6.54619100396705,2.50777077986024,0.000229324487225936,0.00182330041905523,"lamc3"
7.63810810303096,6.44572634521815,3.00783960776597,0.000230649429639245,0.00183173648870252,"iah1"
10.6349472751707,5.96558026263145,2.12911176743005,0.000232074439928318,0.00184094707147709,"gnb1l"
23.796906190109,5.12228509531746,1.7905031941008,0.000235057926610992,0.00186125038359373,"otofa"
17.3777196095828,5.21939825400997,1.92759136391012,0.000235170232878793,0.00186125038359373,"ccnt2a"
10.1341671891609,-6.26767699177323,3.00985668035379,0.000240015939471275,0.00189743808185663,"fbxw10"
187.114725923156,6.28909374723541,2.95189491888165,0.000241068025232173,0.00190358721631003,"RHBDF2"
98.9805807537021,2.89735826232039,0.968643020535479,0.000243462406635275,0.00192030973233573,"RAB19"
26.0703315081866,-3.78018534339105,1.28300069100243,0.000243844291937794,0.00192113874045429,"dis3l"
156.164620502115,-3.24895680679159,1.13010317911535,0.0002459614915458,0.00193382239644443,"ckma"
37.2748384838632,4.60207087173383,1.63791402060364,0.000246011407010579,0.00193382239644443,"nid1a"
211.393503742264,-3.15046730451768,1.0854463129652,0.000246899055561346,0.00193860446227523,"cct7"
11.1411449488175,4.91116909089898,1.70547047879528,0.000247481823250661,0.00194098455952863,"dipk1ab"
35.2530096802558,-3.99009876451083,1.36154566200338,0.000250370220798623,0.00196142178618876,"gtf2h4"
21.4330326206882,-3.66579399015808,1.17629914881872,0.000254557533992801,0.00199111284581145,"thap12b"
14.1230054163722,3.66054115938004,1.26507075218663,0.000254733929848807,0.00199111284581145,"phactr3b"
703.722754438739,-3.35519251841726,1.17223043282811,0.000256998711829792,0.0020049990715488,"eif2s1b"
87.1980615147737,-2.41320128651128,0.799122153272165,0.000257088196755284,0.0020049990715488,"usp37"
341.615355212529,-2.18828901434481,0.709823965804378,0.000259679999907482,0.00202293925853853,"gmcl1"
13.4864038373324,4.40011957615679,1.51979072001492,0.000262085200307107,0.00203938719207582,"PAIP2"
10.3468485638776,3.63546169211779,1.2476357194607,0.000266330441016822,0.00207010032597733,"zmynd8"
26.2554593959547,3.10307012281029,1.07550328708846,0.000266835635847297,0.00207170710113656,"nudt2"
12.4992398047405,4.13424048378203,1.3367149533175,0.000271277688158354,0.00210384182514764,"fam49ba"
112.660566826083,-3.47945863601479,1.19508677253272,0.000272911714504573,0.0021141520205092,"eif2b5"
110.748756775551,4.55922746988161,1.61175715076602,0.000274173540091341,0.00212155913241248,"bricd5"
45.2587448409052,2.79737830690841,0.935911728329753,0.000278676275311812,0.00215400002999921,"grk1a"
67.1840242220008,2.62235956146672,0.868278835386163,0.00028085982532276,0.00216846278928284,"viml"
120.158736522407,3.77888887675856,1.33441428763386,0.000290557899725628,0.0022408470911062,"SELENOP"
1816.34182691193,14.9238846641246,6.88186923979269,0.000291386757512337,0.00224474526514221,"rgs14a"
10.3642718221576,4.02088809431168,1.40505084418731,0.000294869618593835,0.00226905767478914,"si:ch211-233a24.2"
38.6305183079654,-2.86565770168119,0.950968098537298,0.000299987852343709,0.00230588669226764,"ssna1"
20.7548975860494,-7.09857371711058,3.52981699411241,0.000301676716096668,0.00231630319295019,"smyd1b"
322.498258926682,4.43809707049352,1.58278774642433,0.000303740190693656,0.00232956979403831,"ap1g2"
55.4511550785666,3.40739876867471,1.20186316932252,0.000304185573805872,0.00233041067084609,"lmnl3"
2727.17650152099,-2.3109742456965,0.76091288262775,0.000305561195473615,0.00233836853118231,"phykpl"
15.6476820959339,2.70172111010438,0.905199831121776,0.000310167183337898,0.00237100266470083,"mdc1"
21.4577360436966,3.39371546507859,1.18235683997001,0.000316808912898211,0.00241910964183332,"cct2"
15.9288483739419,3.02222972137542,1.0396077289028,0.000319417789716432,0.00243635041584808,"scap"
74.7690077938936,-2.6508595822516,0.907925225518072,0.000326126700298834,0.00248479190644809,"slc25a42"
10.0242382866764,5.19718682350427,1.93593011596902,0.000328566951843875,0.00249790056160825,"kif25"
131.661946169232,3.92887220602306,1.46267524011892,0.000328341500704174,0.00249790056160825,"rlbp1b"
13.0946368756117,3.77784065536099,1.33862164227107,0.000331553064232687,0.00251761295783347,"gcn1"
41.6635769904665,6.46067325359243,3.0892278559876,0.000331885298432161,0.00251761295783347,"zgc:172341"
17.3182777415034,3.92829817953568,1.40077008573651,0.00033333030858019,0.00252500379265437,"sptb"
12.8183186568109,5.79108540969173,2.19759027735255,0.000333587160043806,0.00252500379265437,"lurap1"
86.5457008373181,3.01706031951927,1.06277091744981,0.000334144773298149,0.00252646935889156,"rcn3"
50.7942924672164,-2.8201167596236,0.989412673775445,0.000334977345972583,0.00253000844221513,"nat10"
40.3365017139985,3.39343848789552,1.19585075025476,0.00033728093650377,0.00254463802203551,"eif3bb"
28.2783684112773,4.67836307693389,1.73169139938462,0.000339063307979947,0.00255530773147537,"stk11"
11.806574183409,4.33040685641954,1.5275614425246,0.000342192220268098,0.00257330032598144,"kita"
32.9250395574365,2.29396009920723,0.754598043861705,0.000341888886342586,0.00257330032598144,"yy1b"
86.9526688089571,-3.24723720226719,1.0481618462598,0.000342906777436069,0.00257333282419808,"aldh3b2"
37.7800067778596,4.75436195115867,1.7834108891917,0.000342938029445789,0.00257333282419808,"tbpl1"
105.95641029389,3.53905413526723,1.25732461504688,0.000343768435777275,0.00257677830748388,"si:ch211-203k16.3"
28.7969277221333,-4.00832155495314,1.41118562294239,0.000346085627314411,0.00259134880171448,"trmt10c"
14.5608334918599,4.5766401808608,1.68096971635332,0.000346638564782888,0.00259269211008408,"lratb.2"
9.46276693685092,4.15810449556352,1.4457974456603,0.000349569130057427,0.00261179691251733,"smarca5"
13.9341737018988,4.66265783985701,1.68222900083545,0.000352054276338854,0.00262753627104085,"usf1"
10.7822741284761,3.11911130917478,1.07570068054056,0.000358800623887301,0.00267501088120489,"myo5aa"
129.534970503243,3.51114083750591,1.25764893021231,0.000361550147298412,0.00269261756695094,"gtpbp4"
31.5461614593943,2.65519627605896,0.904173795016276,0.000364009982079685,0.00270803138865498,"tbx2b"
13.8144186581242,3.45277823753119,1.23165422589557,0.000365238687004395,0.00271426309046842,"cdc42bpab"
158.586116335889,-2.86427852885637,1.0141636431086,0.000366698635783646,0.00272219810799389,"qrich1"
284.695830782721,3.48262166557553,1.15697328704412,0.000367987779538993,0.00272884954891042,"cox18"
47.785597599985,-2.89371905868272,1.04605865367158,0.000368869187648925,0.00273246641565762,"col10a1b"
85.2056107099955,-2.18059536532268,0.729659628775763,0.000371471247442469,0.00274880802611746,"rasa1a"
8.04097130004171,4.27834191182478,1.48930911504985,0.000371990013708502,0.00274971531964932,"fbxo25"
119.689423838575,2.72488874190488,0.953430835176784,0.0003754062650418,0.00277201583580333,"rnf115"
14.2242673244132,3.51374045429918,1.26315479901585,0.000383952319227131,0.00283210738337462,"add1"
14.5999322674721,3.60793320746793,1.29436884875476,0.000386346544136668,0.00284526170737442,"atrx"
15.466764943419,2.87242125657299,0.985652553660908,0.0003865555093004,0.00284526170737442,"ddb1"
129.396481111848,5.99402826896698,2.90374369732653,0.000389284372381353,0.00286096235956271,"nelfcd"
16.9387092464015,4.4026368687813,1.65129143858361,0.000389512956315626,0.00286096235956271,"clic4"
12.665196933135,4.50293036370708,1.57884218348462,0.00039821341813132,0.00292177519582399,"lamp2"
9.47990860155243,4.83893940975286,1.70203961192771,0.000402225977795781,0.00294809980135218,"vwa5b2"
265.574498721652,-1.99060621595913,0.656758356486404,0.00041084484239723,0.00300492523822885,"ndfip1"
23.4598465856718,3.33353589885737,1.21537975142577,0.000410433567627886,0.00300492523822885,"tax1bp1a"
7.54165237340793,3.41560300976155,1.20532141138863,0.000414609341962162,0.00302926678164144,"pbx1a"
46.6300137188092,5.00451641211759,2.05616364434153,0.00041534840311606,0.00303147556890491,"lpl"
58.9597683926068,3.09811322446802,1.12652845646102,0.000422851089610989,0.00308299308087172,"ccni"
90.6108039991714,-2.36401314233757,0.828259726448764,0.000424340398455356,0.00309060514761661,"phkg1a"
351.95090906553,-2.18698580458934,0.743600259564607,0.000425146434601721,0.00309322998173013,"caprin1a"
14.6744465116608,3.11064584183852,1.10543734770388,0.000425630397183948,0.00309350846790972,"bco2a"
7.94049078125336,7.24061021096409,3.49809611864929,0.000427401866500376,0.00310313426294886,"rundc3aa"
171.12402320322,3.86193186145768,1.28885911448008,0.000429928613588156,0.00311512016327617,"si:ch211-160o17.2"
11.4441976682377,3.46647654633329,1.2408266343293,0.000429950312119086,0.00311512016327617,"cwc22"
58.0823637639946,2.76441201202368,0.962279551715058,0.000431275697923475,0.0031214646707892,"gabpb2a"
57.9233206889691,3.68467941281562,1.40984978011165,0.000432400100196264,0.0031263428077732,"rgrb"
491.996069365218,2.17825807743188,0.73475659502905,0.000433744185754319,0.00313279749565112,"si:dkey-13a21.4"
41.4821919970279,2.73903203192128,0.96442201704102,0.000434426002409973,0.00313446037705574,"chchd10"
7.6828361988293,6.47505267738282,3.17231058137394,0.000436481541181455,0.00314380574360278,"mctp1a"
44.896977319504,-3.34512454721076,1.17684145569912,0.000436627105148116,0.00314380574360278,"stk38a"
166.665856089054,-3.37163574223573,1.20107484493042,0.000437258409207067,0.00314508872363342,"sod3a"
585.937105590908,3.74741355569949,1.41133969428545,0.000442289371292394,0.00317798191111854,"zgc:173742"
27.0145020527861,3.75163663953839,1.42476746783593,0.000443165521985479,0.00318098437239008,"lamtor3"
59.2128995753237,5.02448608617312,2.53233276847645,0.000445464885644155,0.00319418571410752,"tubgcp4"
8.26080760647904,4.58873702278655,1.72359014133728,0.000451897208195279,0.00323696441907475,"UBE2O"
23.7364087073173,2.76732942430517,0.977416801041771,0.00045252202266613,0.0032380983085831,"thbd"
188.235051898392,3.04569331495111,1.11419600259876,0.0004549255915954,0.00324859931199966,"smc4"
245.895737369513,2.9164461544733,1.04478108304146,0.000454537998743627,0.00324859931199966,"ap2s1"
15.2127759436815,3.0192762507872,1.0930911062292,0.000457787985309978,0.00326567975954425,"relch"
12.844793882308,3.08390889017212,1.10433881915437,0.000458702029353629,0.00326884064244717,"PRKD3"
10.8237188153778,4.87432315956166,1.76035461826025,0.000461271031478448,0.00328377664563273,"cdc27"
18.5082232535354,4.08072367965839,1.56981148771961,0.000462916892412899,0.003292116957211,"bmp1a"
25.6725657925642,3.76760118118887,1.40348496546704,0.00046378461699913,0.00329491200265196,"nhlrc2"
32.9077003792257,3.13710493799428,1.15290358470737,0.000464948879142491,0.00329980589992641,"ptpn1"
231.821338451751,-2.70274702818958,0.985244537732134,0.000470812341416473,0.00333800660037971,"zdhhc17"
12.6622688220164,3.6729474435264,1.35015384391626,0.000475645761068627,0.00336883390569116,"aars2"
41.2410291450494,2.55057420742987,0.890906065801805,0.000478760251566865,0.00338743619380796,"eif3s10"
13.8442044342387,-3.11808326699201,1.10060023600237,0.000482617168629539,0.00341124823570023,"klf13"
162.460035752549,3.7292849574965,1.43454069106378,0.000489591043066719,0.0034535075507379,"rps15"
10.4105939009027,-4.66498469840475,1.88048638328003,0.000489519815728069,0.0034535075507379,"rab33ba"
46.4492529972683,3.45238246259834,1.30601316494086,0.000493341229140384,0.00347642788981057,"inpp5kb"
11.1177179843479,4.97976238131797,1.89750361725909,0.000494946183114828,0.00348420026064911,"arl6ip5a"
137.600776221176,-1.99069433802469,0.668063592348854,0.000504357267621704,0.00354685288202862,"chmp5b"
22.7178158501567,3.73621117300823,1.42535819709228,0.000508690578561586,0.00357370577509714,"faxdc2"
103.305226969951,3.3129057645907,1.22630645139963,0.000514207920673587,0.00360881413285679,"lamb1b"
345.442191283716,2.86464728697438,1.04111790314999,0.000527388678562225,0.00369758062414182,"nme7"
8.22123102666403,5.20234032576684,2.06656566235949,0.000541314088945496,0.00379138354326003,"adss1"
1018.21835683395,5.10901175046181,2.60675377875825,0.000545051525219932,0.00381371233523342,"dnajb12b"
22.9525993928507,-2.59825182462451,0.937474382687147,0.000549633049109003,0.00384189626773977,"fam174b"
55.7287130077286,-3.40089898739609,1.2687158305158,0.000552811142346733,0.00386022347990813,"hmgcl"
16.5295383228678,2.75303238078589,1.00352070810072,0.000560533884913286,0.00391021677907851,"nphp3"
33.710006109907,2.94410433485611,1.08365532587092,0.000561608009136675,0.00391377629660408,"anapc16"
24.4935482596308,-3.28187037675703,1.221633181048,0.000575210594256832,0.00400455038589435,"git2a"
40.2764451260722,2.95373614913888,1.10253440846982,0.000575955405845049,0.00400571790778605,"glud1a"
139.105092583805,3.64390445587973,1.42814458707536,0.00057904521515424,0.00402317601439998,"soul5"
146.088437967166,-2.86042882376677,0.994272395614737,0.000584597496596585,0.0040576912238769,"pter"
11.1279867148363,3.87266402215044,1.48451660222267,0.000595952316379001,0.00413237265533132,"kdm5ba"
160.382992987278,3.43876251272462,1.33192464349833,0.000604497821108753,0.00418408558700364,"sparc"
12.1676701394184,3.35071570851452,1.27369880806482,0.000604615738908608,0.00418408558700364,"zeb2a"
1388.90304657904,3.41185045978957,1.31830581137982,0.000610370582830013,0.00421970340181586,"galnt8b.1"
10.4886477588069,4.612397716624,1.81400175147643,0.000621758118861509,0.00429056100545607,"tsen34"
14.0478405410102,-3.25319286260235,1.20669065366982,0.000621856270204409,0.00429056100545607,"cetn4"
6.38397023586447,5.75453204031912,2.92945140019827,0.000623143824580054,0.00429517506098327,"rfx7b"
16.9740685166647,-3.88148415900585,1.43022732764994,0.000626428720813763,0.00431353348330191,"CTSZ"
10.3390384657865,2.88895566328168,1.05657742179085,0.0006280043072423,0.00432009702335857,"stk24b"
14.0892213636059,3.20004460389709,1.20901615049064,0.000629771328099219,0.00432796315676899,"scrib"
12.4331044380851,3.46193593766391,1.3241793797022,0.000632060079264589,0.00433939565793819,"antxr1d"
16.7864588405009,4.06908658429353,1.61252298661504,0.000633866894207024,0.0043475001113547,"ldhd"
8.99433943103949,4.97880890338343,2.04643972522584,0.000646944834776478,0.00443281747105976,"plod2"
36.3181942298893,3.52509546082412,1.38783175797414,0.000656225309016023,0.00449197225826451,"ERMP1"
22.9511940712346,3.61086494640934,1.41099388979458,0.000661095712324025,0.00452085255097641,"tfr1a"
65.3191157000917,2.67975775121897,0.981594538698146,0.000665398738139277,0.00454458354973927,"ATP1A1"
15.3576360469081,4.55039330653503,1.88952481094028,0.000665875445913389,0.00454458354973927,"sox10"
14.0506180642051,5.14581937690814,2.05730694215909,0.000668723576109239,0.00455953864614364,"alx1"
56.1827014384146,3.43529539866427,1.38788489316981,0.000671363159557757,0.00457304385720353,"itpkcb"
6.68433862534042,4.95293397940935,2.01692657512613,0.000677652194616058,0.00461135674787261,"arhgef7a"
21.5223942198308,3.86047404766945,1.53247603424612,0.000688819132624983,0.00468275572923605,"col11a1a"
201.553137659023,-2.08657758210922,0.736895882980082,0.00069017001948498,0.0046873484395746,"gpatch8"
8.19386320303848,-5.89091924209241,3.16720454546894,0.000695601585788316,0.00471604206330583,"p2rx3a"
79.5746140029396,-2.91124452280843,1.10681482744291,0.000695753792367838,0.00471604206330583,"epor"
14.7231293668252,4.05168150388283,1.61304796916583,0.000701208615663354,0.00474837951348229,"NR2E3"
12.4916299596453,3.06826391285384,1.15753221812568,0.000707457148324819,0.00478136325854194,"kif1b"
7.60869113487329,5.66381068135537,2.92739381578357,0.000706826076577672,0.00478136325854194,"jag1b"
87.5254517676165,-2.50593112378845,0.936573040101026,0.000708439781429122,0.00478334681215908,"twf1a"
10.0134681702836,3.49979271774071,1.36065127398426,0.00071421235279259,0.00479971037332092,"itpr2"
277.661446468591,-3.01041769991194,1.21469599459308,0.000713451281044867,0.00479971037332092,"dgke"
112.465376523363,3.70175417784318,1.48427599787672,0.000714320820579241,0.00479971037332092,"fstl1b"
7.88731417485194,4.08465559954935,1.52220569504345,0.000712726583129684,0.00479971037332092,"arhgap23a"
8.35347388567171,3.95138546095186,1.52025765644755,0.000712421292498049,0.00479971037332092,"fzd6"
73.8793444179586,2.41417007383544,0.887616300288087,0.000730608120349118,0.00490440131851376,"tax1bp1b"
51.1174937152634,4.65025587590176,2.47920602607716,0.000732213823466469,0.0049104310615273,"itga10"
120.559096076494,-2.93079423961303,1.07580878687539,0.000737645600869191,0.00494208312319793,"si:dkey-34d22.1"
123.764327610555,4.95216309716813,2.16305566721292,0.000742184011210315,0.00496769452440771,"zgc:112334"
15.7504586977659,4.24448975714941,1.70836658834661,0.000746781532345682,0.00499365184586838,"coch"
7.79926929753448,5.07618078556684,2.14746960783923,0.000751079171531844,0.00501755585139801,"tmem94"
9.03729377163178,4.83847707842745,1.88695135121666,0.00076263944984897,0.00508988502057856,"gnpat"
6.90115589487522,4.6498967491387,1.95558974407935,0.000764865813797604,0.00509984016673311,"cln6a"
14.4240682946147,-3.17811923713917,1.24247941255195,0.000766213301632624,0.00510392181058737,"tdo2a"
20.1221866754038,5.24907335549078,2.23161465473215,0.000771741342276629,0.0051349595015932,"postna"
5.53407787183236,6.09953789790718,3.19214603092039,0.000772352358401283,0.0051349595015932,"rhobtb2a"
12.6244841745161,2.86898160362958,1.08607253065478,0.000773303930716784,0.00513636610823464,"aclyb"
8.2619158805821,-3.7477214106666,1.5151682284041,0.000776511823175896,0.00515274241363661,"glra4b"
9.36766664686703,3.42544470550429,1.34639178725577,0.000781397144879898,0.00518020781529262,"hdac5"
7.66953578281848,-4.61094175264088,2.00975117538485,0.000783861245808293,0.00519158483507191,"G6PC2"
7.16573730257269,3.50916999517572,1.36486612467943,0.000786655831501432,0.00520512690796133,"C12orf65"
7.3440356818467,-5.62647927171112,3.05302764765243,0.000812307381102264,0.00536973860212458,"vwde"
51.2523695225022,3.871644464164,1.65391279028826,0.000820624731143573,0.00541955876200527,"spon1b"
17.7645590087585,3.72767519422317,1.49916998671449,0.000823222895593229,0.00543154954212225,"rpe"
49.9603018183435,2.72684993762025,1.03800346935364,0.000825426615379023,0.00543575534852543,"slc38a10"
14.7270934424425,3.54861955711064,1.41430064928829,0.000825417487124984,0.00543575534852543,"tp53bp2a"
22.2644583761608,-2.47080069121786,0.955442245803977,0.000835120433612821,0.00549438002815791,"lrtm1"
13.7970242087591,4.1305591432311,1.7180782308997,0.000838832787300124,0.00551357800819144,"cog2"
11.4277727657164,4.6842256503114,1.91026127931121,0.000846644344081233,0.00555965789240098,"OTUD7A"
7.65894574840673,3.77184155916995,1.46176525075167,0.000850354252506137,0.0055787418399292,"dedd1"
42.6755534883921,4.32752715492051,1.83868651995723,0.000862435637329501,0.00564732618745667,"ampd3a"
18.92471540265,4.52433568096581,1.97072366563823,0.000862315399804222,0.00564732618745667,"si:ch211-106j24.1"
9.82707944097866,3.9728933586396,1.59153250569814,0.00086649127088108,0.00566319765648359,"arvcfb"
21.599838236767,4.83553909130766,2.09995106580175,0.000866318224202199,0.00566319765648359,"mrc2"
11.6563581623554,3.53804135752078,1.43580696326096,0.000878599657287434,0.00573693341602265,"ccdc9"
6.54327352310196,5.87160045763541,3.16150907803673,0.000881722901107314,0.00575191603062581,"nrtn"
18.8449789722589,3.5561138050124,1.46590400839281,0.000883334971728497,0.00575702163264554,"fkbp9"
27.6010093730007,3.75107687075487,1.45445596408304,0.000889236636374058,0.00578850639809394,"siah1"
7.8502198078943,4.44176997919946,1.72963357376338,0.00088983378861349,0.00578850639809394,"nedd1"
7.99047223827274,3.29949426082531,1.30164742259551,0.000900993967712824,0.0058554956139782,"fbxo10"
21.1899931850577,-3.46978868595769,1.5119935905365,0.000901818874995346,0.0058554956139782,"rbm48"
9.3365688625847,4.28390471925204,1.71569854475883,0.000907584809510984,0.00588742632038854,"suclg1"
240.961218171622,2.09926176756409,0.764808889382819,0.00090953070089351,0.00588904159972188,"rom1b"
51.9555146125596,-3.1216836572528,1.23226391152112,0.000909116658772663,0.00588904159972188,"mier1b"
5.46113176337867,5.7877244404532,3.14816954992496,0.000914958714323817,0.00591866583049545,"srpk3"
25.020510078128,3.77413421734887,1.58019255638661,0.000919850967237975,0.00594477240558546,"eif3ea"
5.3870962155733,5.18209138042789,2.81146053951982,0.000922649215319341,0.00595730995677353,"CDH4"
24.5150708347958,3.10062587103891,1.19283774281951,0.000926019497969521,0.00597351425223647,"SYDE1"
10.5492942412849,2.52443086148342,0.944799195988359,0.000928492549803283,0.00598390602431252,"atp8a2"
4.94891462418849,5.33388106378427,2.87417418379503,0.000932902138393025,0.00600674744210203,"CPEB4"
15.3662894575432,2.73072537563259,1.0634751411328,0.000940398613585119,0.00604940387107907,"triobpb"
11.2290781971632,3.5020092306579,1.43206479034637,0.000974257485123954,0.00625561628514835,"cngb1b"
6.79093787931043,-4.23628061966186,1.86108667382721,0.000973995005565257,0.00625561628514835,"dipk2ab"
8.83979767597906,3.75338213224052,1.51796384479675,0.000977984088606879,0.00627374081240328,"trpv1"
84.523944173777,-5.03447091670711,2.73327964050262,0.000983545851895289,0.0063035934976964,"pkn3"
95.9175319805231,4.57071388785374,1.96834020217461,0.000990841617869625,0.00634449416017811,"pkig"
72.5985383950535,-3.36098590150049,1.44225952006061,0.000992737895161482,0.00635077763162751,"rnft1"
41.0575508074321,5.06346771300896,2.82834024431894,0.000997989727119803,0.00637849603677583,"dhx29"
44.5575197631692,3.51406658885249,1.47665084640425,0.00100067504239374,0.00638977504071291,"mcl1b"
45.9810608301717,3.44427663519753,1.46782863854938,0.00100191381398937,0.00639180494751857,"FBN1"
127.172775797609,-2.20683886398175,0.822947182882079,0.00100409675271889,0.00639984899965271,"ndufa5"
53.2762432206633,1.96938490535277,0.713282552452205,0.00100687053501576,0.00641164071884806,"psmc2"
18.3093648617429,3.723503576883,1.6102456767687,0.0010246759496052,0.00651904286545341,"mbnl1"
30.5157888768568,-2.56069243685306,1.031357431133,0.00102561657228999,0.00651905185738537,"degs2"
10.8013659277668,5.11687713577554,2.78267328717333,0.00104867192705175,0.00665949848642837,"ano10a"
23.1237144902144,3.04800573291291,1.24928358675753,0.0010502281014769,0.00665969686576143,"RAMAC"
20.5037778687275,4.04784735685932,1.80920259878896,0.00105062211036,0.00665969686576143,"TCF7L1"
7.61187543175197,4.76163878476845,2.23299163840568,0.00105290846325219,0.00666810003962905,"flncb"
77.186269430837,-3.1660139633345,1.26959602465948,0.00106451048124379,0.00672767814483074,"trir"
616.555643438353,2.92511258268038,1.1932582791111,0.00106522378348494,0.00672767814483074,"hspa8b"
7.95325467697872,3.86397844390517,1.58060843924345,0.00106329353785321,0.00672767814483074,"dbi"
10.8038115943511,3.97314821845552,1.71986930451835,0.00107390916365445,0.00677636682265955,"pex3"
11.6818193789178,-3.73825290271603,1.5006495668788,0.00108263637889716,0.0068252307955724,"mettl25"
181.72186420157,4.55453052985297,2.56195757074742,0.00109406185454282,0.00689100120905781,"g6pc3"
7.21192272229194,3.74702324596291,1.52741192952463,0.00109547716713841,0.00689366003364252,"fam193a"
263.886477722516,-1.97597862085094,0.732481628476517,0.00109716271387717,0.00689801304078032,"hexdc"
92.5127381823959,2.55409142040357,1.01459168594849,0.00110175980759589,0.00692064690002086,"eef1b2"
18.9837390224516,3.91218964202625,1.66361525513617,0.00110534592834723,0.00693689519770176,"gtpbp6"
10.6629858230789,5.34858983197211,2.97076175125598,0.00111231208763695,0.00696801281614447,"mos"
26.4873783683909,2.52751004665837,0.994103390627462,0.00111145657128744,0.00696801281614447,"lrp1aa"
15.4040225965245,3.82882770387597,1.64624851733539,0.00111647259619761,0.0069877694230907,"plcg2"
10.9016667540476,4.04644334063461,1.70473806861224,0.00112509919160392,0.00703541755758809,"denr"
63.2084691875416,2.28487715740826,0.880233391731058,0.00113445399789983,0.00708115575487653,"snx8a"
231.279701672449,-1.86326084072295,0.682701204275043,0.00113383234402099,0.00708115575487653,"hif1aa"
130.851161791879,-2.4433922688462,0.921349138873539,0.00113891401453623,0.00710260752461454,"mrps7"
15.1011074164005,3.63357684063324,1.56266430903214,0.00114691435213688,0.00714607945976849,"taf15"
37.0175471347523,4.24664808981344,1.95981760706283,0.0011530125233966,0.0071776322196375,"mmp14b"
385.918552573263,3.17554445552288,1.35908308069734,0.0011576600030018,0.00720010580720028,"rack1"
12.0521756335743,3.31552278818417,1.40148742495725,0.00115919271982581,0.0072031841256141,"cenpv"
67.5743007932266,3.06361745810434,1.26738740551054,0.00116716448939869,0.0072397575700771,"ran"
19.6593184834665,2.49376686785257,0.965888316145973,0.00116708082088992,0.0072397575700771,"per1b"
5.45967243758601,6.51194901789023,3.56269079300687,0.00117090145397619,0.00725444438163054,"angpt4"
20.1733489930336,3.5585079576518,1.55897807257099,0.00117162255464743,0.00725444438163054,"zgc:86839"
8.50001505509676,4.54273718728841,1.91067625469155,0.00118748771748737,0.00734612499739734,"cndp2"
41.9803989639257,3.97239051127732,1.72509146593307,0.00118864589981392,0.00734674193286588,"tmem98"
6.63072461382159,4.63921731577616,2.11876868422861,0.00119129351897042,0.00735655544054598,"si:ch73-62l21.1"
36.9141311895848,3.98033996027697,1.61519567143014,0.00120060582405569,0.00740747113312934,"chadlb"
16.9380088758707,-3.35399624341587,1.54755187286632,0.00121367606535816,0.0074814614295302,"mafk"
11.5049003609954,3.51435654543802,1.51027545584001,0.0012164071972102,0.00749164361653596,"NRCAM"
165.10116482405,3.28927662690347,1.33168366491975,0.00122325063158265,0.00752711226402056,"psmc3ip"
13.7329980093266,4.08840020229638,1.85509959172085,0.00124267991821349,0.00763989487362252,"si:ch211-107o10.3"
15.0011516255799,3.86008224081817,1.71496075005102,0.00124479842483991,0.00764614678479102,"inpp5l"
13.3272298137634,3.6494906298143,1.6014256025057,0.00125771013006925,0.0077186260060218,"csad"
264.895956070755,2.41501252780954,0.955662459222668,0.00126170826414298,0.00773632249241737,"cnot3a"
80.0838522788031,3.17239534899012,1.3072660330445,0.0012710211256244,0.00778654689581549,"snx24"
20.2428951853763,3.60024751480713,1.58006157336114,0.00128124816090778,0.0078422782053447,"notch2"
4.81177747855674,4.58730745470393,2.05523597849641,0.00130360802882531,0.00797210865909819,"vps54"
10.245694361051,3.14889091929648,1.33012082626201,0.001305924712109,0.00797924597425053,"shank1"
15.4332347665673,3.15965358844446,1.35306256168552,0.00131332237626841,0.0080173884025321,"crebl2"
71.9031854599343,-2.18854987396376,0.858324980990775,0.00132201544938235,0.00806336488063524,"trappc4"
37.097103431963,2.16378631121206,0.843654342290361,0.00133251798514302,0.00812028738795235,"patz1"
8.68796182325489,3.43301600524987,1.49203777823346,0.00133941293981215,0.00815514492564574,"katna1"
5.32383846900455,5.50958711878563,3.11464442755076,0.00135378778263494,0.00823544346999922,"mrpl2"
143.477337903318,-3.54708770039481,1.7742920319044,0.00135814712942542,0.00825472786807519,"rapgef3"
17.236184057808,2.55857416916735,1.02731508076758,0.00136614272416616,0.00829606005987517,"ubtf"
10.052983538322,2.84114186125726,1.16386271069837,0.00136750719944137,0.00829708695045678,"agrn"
7.57921052008122,4.4409078238341,1.92749959148256,0.00138010339233491,0.00836619881763899,"clns1a"
19.6039666809725,2.12555113019259,0.819156453306842,0.00138881547467082,0.0084116651044417,"si:dkey-91m11.5"
7.23412114047265,6.19008394810009,3.54417362786994,0.00139649962472503,0.0084508316436063,"atp6v1c2"
67.236830794269,4.10374267544386,2.08811285712301,0.00140359991849516,0.00848639985564018,"pmela"
56.631731553937,2.78171371032097,1.18208233977392,0.00140756849556065,0.00850298775255567,"cep83"
10.3680380447065,4.21909744447247,1.89160555136552,0.00141584949235407,0.00854557506646055,"pigh"
54.0110803490471,3.39009109041552,1.5550777963606,0.00142318444246034,0.0085749333464559,"cfap298"
36.9563022095052,2.42806207463685,0.983598605097128,0.00142306220804323,0.0085749333464559,"znf410"
5.53988716338184,6.16202918517463,3.52292562959223,0.00143286795391456,0.00861877281086743,"usp46"
8.99590929363245,5.16452341075644,2.52395748854723,0.00143294393080839,0.00861877281086743,"mdga1"
14.0540539867435,-2.68370517999623,1.1296069708914,0.00144005260633531,0.00865403042473889,"klhl21"
9.95887490790978,2.75069231109667,1.14096711180487,0.00144930026040891,0.00869454892610044,"atp6v0a1a"
16.8725420774734,3.00441142596823,1.28971099266736,0.00144817294908729,0.00869454892610044,"si:ch211-284o19.8"
107.841842268764,2.12215428039747,0.822634115040207,0.00145901309821502,0.00874525899370506,"nckap1"
18.1247684300117,3.32688944320412,1.4274400521008,0.00146563725043322,0.0087773840856402,"kat2b"
22.3247263394668,2.48462421122948,1.003504906174,0.00147681891191575,0.0088367241962131,"huwe1"
44.7910244119945,2.53296811352703,1.03515202069439,0.00148903521467977,0.00890214765296492,"bdh1"
222.015414756423,2.54497238643845,1.05671834062969,0.00149954317213965,0.00895725400845207,"hspa8"
6.73402251980988,3.6167200344734,1.57846981085962,0.00150590375777062,0.00898751331271356,"polr3e"
28.8931094238774,4.89592946822751,2.80158730081792,0.00151938344774702,0.0090601722601478,"rmdn1"
18.1804233174875,3.08242544008264,1.37407720760776,0.00152288303143113,0.00907324559756519,"fzd7b"
18.5728511859583,3.06967475665764,1.35845270384903,0.00153112523094615,0.0091145284974247,"sec23a"
27.6431721878941,-2.18708195071826,0.860579979389494,0.00154343999261443,0.00917996314373331,"fbxo34"
100.423156407572,-2.06749737286442,0.832184429621106,0.00154953798730284,0.00920046464488369,"pla2g15"
192.666192471691,3.78097895894957,1.79213719689802,0.00154893727618408,0.00920046464488369,"acta2"
44.5037731534273,3.004917867561,1.30570386257366,0.00155719104976319,0.0092380026294071,"cct4"
11.2721908238535,3.0143644692466,1.30333233730243,0.00157778169805101,0.00935216290877204,"selenot2"
196.374961882771,4.06553275840462,1.86924691102643,0.00158051626264476,0.00936037830974169,"chmp7"
160.45742912801,4.16855772839336,2.06963634192921,0.00158395194164836,0.00937272841174875,"anxa1a"
31.5502855327112,2.57454564987484,1.09014026602493,0.00158694702555122,0.00938082419976635,"aebp2"
8.82718707675977,3.51083401317583,1.50971743806411,0.00158802311406504,0.00938082419976635,"cables2b"
25.5137643050972,-2.49447365024199,0.962824403690392,0.00159451171132336,0.00941114437780227,"AK6"
60.0417808630307,1.93467300166892,0.739484108081497,0.00160396104909251,0.00945887310259226,"eno1a"
6.90915066575615,4.27526951143801,1.98854246276479,0.00161672046422891,0.00952602439916204,"exoc1"
74.3088164541885,4.17332407344238,2.58785928864077,0.00163042261116507,0.00959861182705407,"parla"
32.4851622998619,2.5484050695347,1.05858001437992,0.00163242690520642,0.00960226707545571,"fam162a"
39.1888243139302,2.8519508046558,1.25805038768837,0.00164352136126003,0.00965934104022514,"MCUB"
7.40542699936862,4.10554063247008,1.80259592890878,0.00164686528141188,0.00967080534541444,"VMP1"
8.32766536716361,-4.94369537485564,2.90349645777547,0.0016529771870305,0.00969849083277995,"tspan7b"
9.79046028317467,3.80728299897439,1.72010082759305,0.00165497533912126,0.00970201336895328,"ubr3"
34.1071322581458,2.83553130898388,1.23308722130657,0.00165873738147528,0.00970766961620568,"ppp1cbl"
110.702200280324,2.80459091411701,1.22032118008172,0.00165867432439844,0.00970766961620568,"MYH9"
285.20262787485,2.35362085203075,0.963492107507262,0.00166118323081979,0.00971379343312564,"flii"
34.3865221216812,-2.32627763735723,0.939463956675954,0.00167410646766608,0.00978112204719716,"tex10"
82.6533873864369,3.40041682606466,1.61635496280131,0.00168115012871732,0.0098140143342531,"col6a1"
22.6148720917223,2.88285164275356,1.2061011510671,0.00168440354947995,0.00982474372852127,"ankrd27"
6.01390387499572,3.32688412861543,1.43462008858704,0.00169178092791586,0.00985948901818972,"aup1"
15.7105289420522,3.69768103150731,1.59560991815673,0.00169400737653593,0.00986418221521469,"larp7"
152.45320386874,2.62044730063234,1.08720568667303,0.00174353670849959,0.0101440807155873,"nelfa"
27.543036032337,-3.43909478862141,1.58788545819462,0.00177019689513173,0.0102905667077967,"slc6a16a"
478.504163425908,2.77957897176591,1.25298847357377,0.0017743782971296,0.0103000319870129,"zgc:171489"
34.3125675834129,-2.4776820044911,1.0847184086322,0.00177479300626241,0.0103000319870129,"acyp2"
8.35886350890795,2.97717072398224,1.28589907371292,0.00178999218649552,0.0103795620438307,"cand1"
12.807429317085,2.9115438348709,1.28011162034656,0.00183920486658363,0.0106471400992135,"nbeaa"
19.1642131165291,2.75232391114502,1.19770962089728,0.00183767997148795,0.0106471400992135,"PLXND1"
17.0506493023679,2.65799505985809,1.14815202181933,0.00184481621612155,0.0106707244634164,"sost"
12.0770223325066,3.00720314856211,1.34467651176313,0.00184674114108358,0.0106729644132066,"acadvl"
130.368223447024,3.51002755451273,1.58899899788709,0.00186013899918197,0.0107414515751431,"nxt2"
5.52221432744183,3.92965182799813,1.70607201660305,0.0018618286090849,0.0107422713014616,"pkn2"
10.1068070086107,2.80414431872447,1.2180722724701,0.00188570710943989,0.0108710075138059,"nipbla"
8.77423216480434,4.4319860481095,2.06016697481144,0.00190054282567534,0.0109474421186826,"DGKD"
38.2617956724251,-2.58333795034953,1.15363950169019,0.00191073447716635,0.0109879105269359,"june"
165.756884128158,2.59823337571164,1.12209016392486,0.00191068982496852,0.0109879105269359,"sema4e"
5.00380555865067,4.71925789641373,2.93215581705626,0.00191822019143837,0.0110218264476603,"nipa2"
9.00173520757499,-3.15112335862362,1.40278046382307,0.00192609089483274,0.0110513291024656,"haus5"
51.3515237835709,3.47763110471998,1.52374841279761,0.00192653914623013,0.0110513291024656,"fbxw8"
15.8716857583425,3.46941006880996,1.64114220727875,0.00193830031000155,0.0111096139155415,"PPP2R2C"
120.528788161699,-2.09715488662001,0.853939915663934,0.00194931002963513,0.0111634991053609,"angptl3"
30.6872644454798,3.00255817481838,1.3923084534635,0.00196388578075581,0.0112377009103265,"rgra"
12.8996034002727,2.44425878017431,1.02682446001026,0.00196854900188328,0.0112551059489883,"kdm5bb"
6.47406677610566,4.66174174865202,2.39186140891915,0.00197891133889548,0.0113012789465907,"CKMT1A"
9.79197841264102,4.10038085017259,2.01986210850229,0.001979881169724,0.0113012789465907,"hs6st1b"
7.83602786660574,3.2741990643244,1.49896544517836,0.00198212608552802,0.0113047963513969,"nisch"
177.230786395686,3.40097417742552,1.46076826476788,0.00199232877807994,0.0113483531694152,"paqr4b"
3.82658674917464,5.71754790686478,3.44660941310894,0.00199303306634737,0.0113483531694152,"plekhj1"
11.0090178735675,2.72149609163885,1.17663990355776,0.00199488921076085,0.0113496114851566,"elf2b"
9.45046964185742,2.73140093245931,1.19199800199167,0.00201367673443621,0.0114427754024542,"eef2k"
41.8956170100639,3.93421896661758,2.04691370693459,0.00201456152453522,0.0114427754024542,"apoda.1"
13.2238445777491,4.24032019445208,2.59689577824608,0.00201746813941,0.0114499152540023,"kif15"
21.0909094072062,2.63596590491829,1.15613565923716,0.00203015588220107,0.0115125097862399,"serpinh1b"
145.722482254608,2.86852611200622,1.33246214667811,0.00203418144987361,0.0115259211784267,"dcn"
8.78314488926145,3.59967550937159,1.52861885053186,0.00203978513243466,0.0115482451910514,"lmtk2"
11.5442054357008,3.05917145638326,1.40823136855237,0.00204870624424978,0.0115892991371946,"tsc1b"
143.315094715186,2.90573317278917,1.41465149043568,0.00205725143426913,0.0116281614049365,"GALNT5"
18.1057904197061,3.05736865852076,1.32222889344914,0.00207877859373878,0.0117402784533286,"fgfr1op2"
7.2676801524521,3.43089180699509,1.48609610739131,0.0021110867660225,0.0119130514170424,"tyro3"
17.4909557588102,2.75079839392397,1.2495803039089,0.00211940014803576,0.0119502489256834,"ibtk"
17.3096146851926,2.28689279990193,0.960404347970007,0.00212230888808568,0.0119569366819827,"oaz1b"
13.7414606809947,3.8345245190724,1.83184215569132,0.00213977620710055,0.0120455690620315,"anapc2"
9.54380381968704,2.7804406745361,1.24467377849668,0.00214261995101336,0.0120518031442331,"hsf2"
6.52999905388826,3.98770420615353,1.96822292266945,0.00214477477923016,0.0120541552571956,"fam110b"
139.64603162311,2.91299166340159,1.35552826218565,0.00214658782620919,0.0120545842246909,"ppiab"
69.9594430961336,-2.85668918680345,1.37144561398237,0.00218145737938701,0.0122377964095064,"fgd5a"
15.8892781190455,4.40899114693593,2.47231106021677,0.00218273908009926,0.0122377964095064,"emilin1b"
8.79332219030499,3.04580770115523,1.39665350338124,0.00218668753529857,0.0122401598246027,"fbxw7"
63.7423502381356,-2.76003194748815,1.25965337741997,0.00218591076983305,0.0122401598246027,"eif2b1"
4.2099544092176,4.04066511208735,1.97788712021792,0.00218987775308881,0.0122481397938674,"cdc123"
12.643303060602,2.91486759631868,1.31933994512881,0.0021940815220656,0.0122519065524194,"tprb"
45.5772118143766,3.19391202418155,1.59056980792497,0.00219323414673579,0.0122519065524194,"adamts9"
11.9191124818508,3.20783430395224,1.5847270045634,0.00224313232865014,0.0125157407501291,"ralgps2"
4.9245362822768,5.97932142672684,3.7443574657363,0.00225478873185969,0.0125706735645286,"hk2"
13.6187327302198,3.630277416199,1.81986541759562,0.00228616047841989,0.0127353450085975,"SLC16A7"
7.62863671760502,4.97616447587356,3.2139390940443,0.00229463281904239,0.0127620564078311,"arrdc1b"
141.279365096509,2.68216255552622,1.22927901691008,0.00229385528655283,0.0127620564078311,"ephx2"
122.524261014884,-2.25484350033028,1.01262859697594,0.00230525635726763,0.012810876201597,"smim4"
9.45257803864447,2.98008739783164,1.36996349990466,0.00231666184242648,0.0128639598786258,"zmp:0000000521"
5.27704234757705,3.85141734880192,1.73015978401505,0.00231955832096601,0.0128697476465428,"nap1l4a"
17.1016899830612,2.04465924927811,0.835723213039087,0.00232150028140203,0.0128702343875491,"tomm20a"
39.0757786099264,2.9256653764762,1.3447882343875,0.00232743174345016,0.0128825388606759,"agbl5"
24.0035959136603,2.88364159949881,1.27724564615617,0.00232609535461065,0.0128825388606759,"cpxm1a"
9.8681613789134,4.22777240226813,2.13700100272079,0.00233070830053198,0.0128903954693167,"dnajc17"
27.802449128287,2.540552939513,1.13710636022328,0.00234134783885527,0.0129389294183873,"cadm3"
24.6840186366506,2.72792792358001,1.27105599325039,0.00234716900860326,0.0129607797046263,"dap"
7.13776427682092,3.57450742311398,1.57174589568625,0.00235217382368129,0.0129780910255738,"top3a"
5.28329266162564,4.37704300798005,2.27549977372762,0.00237710635204007,0.013105238434877,"tent5bb"
12.7090124043978,2.66071359252749,1.1917841409481,0.00238544138878031,0.0131275335412498,"RANBP2"
91.8495907518004,2.93558232967062,1.35589253817965,0.00238682428022724,0.0131275335412498,"rbx1"
32.3925701424779,3.22318555570561,1.57980777317803,0.00238335503593881,0.0131275335412498,"ccn2a"
14.5883711361063,-3.08639273124524,1.43006127421597,0.00240326059873853,0.0132074677876834,"tdrd9"
5.07808233826209,4.04338143047479,2.02943360555973,0.00240579337375859,0.0132109270627044,"ugt8"
350.147143415736,-2.43772393106294,1.13906127058566,0.00241749852347579,0.0132647092896802,"SPATA1"
16.2401825562623,2.26521307177213,0.975477669472731,0.00242327317019835,0.0132792955122975,"slc25a46"
13.2646060731853,2.68394872812643,1.21082159925475,0.00242398320329649,0.0132792955122975,"kpnb1"
7.82654332527428,5.29680879754014,3.44649944895647,0.00247905249058866,0.0135702707706434,"fbln7"
1177.4166429302,3.0073062307626,1.40707535111733,0.00248789754719509,0.0136079565603476,"mat2aa"
21.1283618029174,2.98169194331608,1.43679838745592,0.00249236570392801,0.0136216616936727,"pip4p1a"
20.0861237512089,2.38919547222204,1.03329991188814,0.00249910224646511,0.0136477330391144,"tent5ab"
24.1970941873766,3.00570646438553,1.47095926483257,0.0025030593319725,0.0136585965591361,"LTBP3"
30.1834075598988,-2.47455310246759,1.12570758619955,0.00251082744466408,0.0136902225399948,"TPPP"
25.3660633084516,2.01846748817617,0.839157181893411,0.00253371035106688,0.0138041472109539,"TSC22D3"
10.6319576060229,4.64102971149912,2.99582376622487,0.00253784040081628,0.0138158040957379,"mesd"
52.9747005059031,3.13577962290163,1.59785948247735,0.00255313800552024,0.0138881903576144,"rpl28"
4.94442094064004,5.63011078819877,3.63834499041431,0.00256178670554497,0.0139243238239527,"lctla"
7.65320517608955,4.25423306671515,2.78336517233224,0.00256509903611313,0.0139314181609243,"si:ch211-212d10.2"
73.8138014202888,2.00098779023619,0.84437488634955,0.0025690215495261,0.0139418128031749,"btbd6b"
4.43090487353037,5.8163017225881,3.76362211105115,0.00257536912012739,0.0139653414553158,"cpb2"
7.22443114936718,3.42894900490124,1.67849972086521,0.00261422324804144,0.0141539185371729,"pdcd10b"
156.437724173949,3.25246964980376,1.64386923991309,0.00261283487472836,0.0141539185371729,"fabp11b"
84.6430408445564,-2.7220911043392,1.3114641187132,0.00262742886838283,0.0141924276988442,"slc16a1b"
11.2451381586436,2.56216560805555,1.1509076920098,0.00262747004653721,0.0141924276988442,"cox6b2"
18.4478594617842,2.39285737531112,1.06944773562565,0.0026242813628226,0.0141924276988442,"acvr2aa"
5.14017375867937,4.23385543406746,2.42150683301783,0.00262963300509483,0.0141930658540927,"adamts17"
643.931244570889,2.36199397220418,1.04203913468964,0.00264227960936947,0.0142502430214713,"rpl5b"
16.7305829082066,2.61658864595579,1.20983314184497,0.00266711133252769,0.0143729967073561,"eps15"
7.01145994985336,2.86345579245388,1.32566735370212,0.00267384111024891,0.0143869233691765,"dis3"
57.4936932640819,2.67073863087428,1.26805846579647,0.00267229836372077,0.0143869233691765,"atoh1b"
8.41030961218388,3.12357860469219,1.45400749652443,0.00267595494873154,0.0143871443060772,"fam120a"
20.258571460164,2.26261076091916,0.994116998249239,0.00267991240606869,0.0143972693579897,"pleca"
92.7160603108282,2.76939326253635,1.27758808408059,0.00268264103806924,0.0144007822468976,"rab3gap2"
326.38853188669,1.70376181816473,0.683427806055836,0.00268708360183849,0.0144134832151166,"rcvrn2"
6.55125022161929,3.3328431604732,1.59722682276926,0.00270450473434605,0.0144957276919659,"hsd17b4"
9.69997011851634,3.4309687106513,1.70561708506358,0.00270880892592737,0.0145075947182576,"xpo6"
6.99330406078898,4.75206736981901,3.15153633227812,0.00271729302386078,0.0145418125509774,"wfdc1"
45.3998977475731,2.84401600125137,1.39831735120014,0.00273954479091235,0.0146383220890859,"gpc4"
19.9541014910336,2.84895292629094,1.39136920086601,0.00273780426539251,0.0146383220890859,"uchl1"
7.20307020046461,4.29011744911695,2.41083850008687,0.00274733409346765,0.0146686507251992,"ero1b"
109.688041320849,3.0525373659978,1.5161555771957,0.00275269140018102,0.0146859577314808,"vps26c"
112.979900771465,1.82678776494449,0.750526713761265,0.0027651582145273,0.0147349724545592,"adal"
4.94502049305487,3.69920520862476,1.87014820187201,0.00276612434927108,0.0147349724545592,"C7orf25"
26.0757866624365,2.94505909116851,1.44003174399356,0.00278731412959492,0.0148325482611602,"taok2b"
11.7113257445901,2.69500998912486,1.26121689850419,0.00278871567221065,0.0148325482611602,"MYO9A"
81.3701638866934,2.22571519672448,0.984144726565619,0.00279483457220466,0.0148537111528886,"cd9b"
51.67138201655,0.401241889563588,1.13812683509682,0.0028067336258527,0.0149055379472407,"setd4"
20.9293478698467,2.28865664979499,1.00504903186344,0.0028090416201613,0.0149063898207489,"ppp3ccb"
3635.09184327507,3.06983300845002,1.59340665050318,0.00282422182234261,0.0149754955453629,"sh3d19"
7.43496120641487,3.94542842235032,2.05529307991295,0.00283868016042349,0.0150291983169332,"her6"
5.4222371992093,3.88902570837955,2.00371375484395,0.0028366080587467,0.0150291983169332,"fam171a1"
21.0366101004261,2.43341288967417,1.10327237823245,0.00284761921931412,0.0150535605493217,"ap3d1"
7.69899153028316,3.87329523434084,2.05572665270554,0.00284659754279802,0.0150535605493217,"trim66"
37.2588444075864,-2.16480328948557,0.964438461200385,0.00285435224043058,0.0150776703963688,"slc46a1"
5.4892503976457,3.67220866683655,1.86251366058866,0.00287190758005717,0.0151588673104006,"ADAM12"
14.8008144354313,2.33834522161411,1.04912061115935,0.00287765034153237,0.0151776375536293,"galnt16"
18.9497247442889,2.36150196434094,1.06423184367489,0.00290452045422803,0.0153077270104759,"chd2"
25.6761474356086,-3.12018843769016,1.53112654254577,0.00291045941396427,0.0153273890685326,"c6"
9.81100603134405,3.03946239895663,1.49491568464048,0.00291507741346577,0.0153400699976239,"myh9a"
111.039248013539,-2.33267664882417,1.13245089952734,0.00291791412397839,0.0153433651019197,"itga4"
30.0809904483718,2.87030434484936,1.43564658822018,0.00292807875057675,0.0153851586735452,"tspan9b"
46.1555654888972,2.12854661791385,0.942627353366613,0.00293355446797013,0.0154022704706359,"sec24d"
6.64550813577197,3.82476733071469,1.9063415306537,0.00297447276392962,0.0156053026866482,"pnpla7b"
3.90649224423736,4.53623742964735,2.98718345821757,0.00298902782375723,0.015647925799277,"cttnbp2nla"
79.8094439648782,2.00297376598441,0.852622900544157,0.00298936026650934,0.015647925799277,"chd4a"
13.7834398274363,2.62323338527763,1.24437299528784,0.00298682500202955,0.015647925799277,"echs1"
19.0539840891807,3.67787586486315,2.1961085613457,0.00302392286783148,0.0158169168241283,"arhgap11a"
5.55766563163257,3.84017151147031,2.0139976105072,0.00303351774661951,0.0158551556319925,"ajuba"
8.58068059438781,-2.9568236528685,1.67159925631958,0.00304242397211839,0.0158897402486635,"dctpp1"
263.849782023726,2.64448386966915,1.30253999187941,0.00305838864722995,0.0159611094740023,"eef1g"
3.7648487881098,5.33338830484969,3.60946654429671,0.00306239777501118,0.0159700247605955,"fam131ba"
3.77700971209859,4.7747529290232,3.21415834140283,0.00306674827908464,0.0159766127683689,"uhrf1bp1l"
28.3620972824593,2.10629836796687,0.917431789331249,0.0030682646333721,0.0159766127683689,"eif5b"
6.77867331470293,4.00291374966203,2.24103102242011,0.00307078992986542,0.0159777757895022,"svild"
8.80838270527562,2.67335646083156,1.25160998144599,0.00307755397266113,0.0160009753739632,"dnaja2b"
16.0357330546448,2.36074109673721,1.06879229095908,0.00308458870623171,0.0160255465643371,"pdpk1b"
275.071359643796,2.69222328969543,1.28528462715036,0.00310597977055769,0.0161246115089312,"rpf1"
86.5051864557689,3.37278277352968,1.66643693299379,0.00313753653549793,0.0162762638960322,"ndor1"
4.9320722516638,4.67995443137214,3.20332085745152,0.00314053162330584,0.0162796340532979,"dhcr7"
11.3438732800447,3.52446019524259,1.93476099830287,0.00315111453391022,0.0163101312303287,"bnip3lb"
7.51064753685336,3.96219599551163,2.06870591637145,0.0031489158372323,0.0163101312303287,"ccndbp1"
24.7848634068942,-2.5010674158461,1.28833741765714,0.00316428295071071,0.0163660864090038,"MOK"
17.3805296042164,3.20752896691607,1.69927604294839,0.00317846111423949,0.0164271769128342,"anxa4"
12.2753554850659,3.33844509907738,1.78397693876041,0.00319230357109578,0.0164790600538014,"sostdc1a"
48.9258621850867,-3.17339652435735,1.79417613183905,0.0031932482023286,0.0164790600538014,"mpl"
30.9796544872606,-2.15737519956532,0.925780925183412,0.00320191480811651,0.0165115086798935,"uba5"
9.88250787929925,3.53818763275976,1.92510661887757,0.00320826588843704,0.0165319773805802,"tnc"
8.08744994101378,2.67278913023412,1.25649595653156,0.00321292389697265,0.0165379606867204,"zmiz2"
10.6365002427785,2.85734957733679,1.39826463429048,0.00321419233055552,0.0165379606867204,"kansl3"
14.4434451484722,2.72991547344331,1.32618634767391,0.00322569226533388,0.0165848370471722,"zgc:136864"
9.74989269791105,2.4217871221776,1.10191366322942,0.00322868678646458,0.0165879459547377,"ccnl1a"
12.7620714288914,-3.46225309498159,1.83374839830368,0.00323979458599201,0.0166327028264575,"zc3h12a"
21.9128584184727,2.21833367799471,0.997745173060625,0.0032455519497592,0.0166499453682769,"cbr1"
14.1688345904892,2.89319965129305,1.50356397500018,0.00326013864292979,0.0167124241658609,"DIP2C"
106.880951781861,1.98064472287549,0.866953751229027,0.00326624837222078,0.0167313874181435,"pigb"
42.1127224075302,1.931471830232,0.829182926059453,0.00330957791681008,0.0169408409443796,"pbxip1a"
132.312343323349,2.16721900645111,0.968204121262081,0.00332930488432392,0.0170292595446517,"WDR33"
392.457309257668,1.85500424071945,0.79179692163088,0.00333224437446886,0.0170317438904185,"dhx32a"
15.1365756051397,2.5138143534151,1.20703061575728,0.00333515121787994,0.0170340578390763,"lrrfip2"
19.806293904787,-2.98085649812294,1.72916058499596,0.00333935543196155,0.0170429897450332,"prss12"
19.6458395039962,2.47975251304888,1.16335322839034,0.00334422997778551,0.0170553271681184,"vars2"
47.6289383335016,3.46765160735199,2.14315120895839,0.00335197163961363,0.0170822578197931,"adam22"
8.14280416115515,2.92406928314371,1.46447159596781,0.00337335068353091,0.0171579606429228,"irf2bp2b"
142.519022227625,-2.38998873474391,1.11309088857372,0.00337671434061843,0.0171579606429228,"hexb"
105.640622152304,-2.20306155864338,1.02120557260984,0.00337645166084694,0.0171579606429228,"adrm1"
28.3148950807246,-2.41837281402734,1.21815004753406,0.00337480262921342,0.0171579606429228,"abhd13"
12.0704108702771,3.24603852399836,1.80391896153343,0.00337994602390455,0.0171618181067458,"TMEM158"
7.82808149613891,2.79761381977041,1.371638479439,0.00339313796349078,0.0172136487411925,"LPIN2"
7.00981817045996,3.74015060181697,1.97142485875535,0.00339511383470574,0.0172136487411925,"vps18"
5.99148164232782,4.53496273043348,3.07270332811404,0.00339983095215026,0.0172249829480839,"adamts14"
7.42482613443913,-5.03267979291869,3.86684004244714,0.00340363800524371,0.0172316932125431,"slc27a2a"
12.9613611761822,3.72419034073995,2.04840704618812,0.00340801421820312,0.0172412730966092,"acox1"
6.82036059361877,3.74962731862521,1.94229719940014,0.00341298001731405,0.0172538195922628,"trioa"
37.6304509263381,2.3496846303679,1.0977879661969,0.00342559792857831,0.017305003800773,"sept9a"
5.97522481951462,4.13737381409141,2.78589871214772,0.00343271628080408,0.0173157585065851,"sdf2l1"
15.1962958217888,3.05910689393633,1.5081202007828,0.00343269304053303,0.0173157585065851,"smurf2"
20.9308879437082,3.73078551189152,1.97642038790147,0.00346188012177511,0.0174501887619761,"ISCU"
6.93714237547024,2.99986080071738,1.51753387035322,0.00349082526114927,0.0175833223059776,"prpf3"
60.1334174805622,2.53238239477968,1.22103187723728,0.00350136665839496,0.0176236301493252,"cavin1b"
7.02751964573912,2.5775053535057,1.21821705185444,0.0035088832718317,0.0176486657896984,"igf2r"
18.80008123585,2.13018990170625,0.946099980618523,0.00351642662589549,0.01767379957302,"hagh"
7.60951059626017,2.92841585102851,1.48095397560327,0.0035504033619867,0.01783165682746,"FAT4"
54.175497582875,3.02829596034626,1.62515386269577,0.00356634415845064,0.0178858343958135,"rprd1b"
89.2366630772196,3.12360233689009,1.78915357248217,0.00356573286051721,0.0178858343958135,"krt18b"
16.554878719664,-2.63610318201424,1.22851456414889,0.00357525987734672,0.0179176020279159,"SLC25A29"
33.0948180652766,2.73092637785919,1.400744784853,0.00357837380974012,0.0179202688408414,"slc4a1a"
8.79294179074532,2.23505120920115,1.01233497159485,0.00358987886574114,0.0179519806967646,"mta2"
51.6753354421872,-1.98821203585112,0.899906573439125,0.00358953501842448,0.0179519806967646,"kdm2bb"
4.48493193064646,4.77325395078839,3.36171746550218,0.00360547366393512,0.0179910803029286,"rnf144aa"
6.94675589454976,4.04842267216486,2.45360563347551,0.00360322112866949,0.0179910803029286,"pde4ba"
14.0127739703194,-4.13331395989904,2.66310619508446,0.00360453973435007,0.0179910803029286,"hspa5"
3.76876872906539,5.17931342848421,3.66281684734827,0.00361898730336228,0.0180377083065003,"rgs4"
11.5211278277354,-5.02476943937888,3.98332248823882,0.00362001551231162,0.0180377083065003,"cav3"
22.6180407010083,2.96263352841946,1.49449027928117,0.00364431467038002,0.0181327513455969,"smim8"
82.0284554489353,0.341008875344197,1.10318664482415,0.00364348188398044,0.0181327513455969,"aadacl4"
10.5687530197815,2.65857352098149,1.3041633734059,0.00365560618714514,0.0181759044018441,"copa"
132.089157106095,-2.75075003673523,1.49658789666608,0.00366338620863582,0.0182015488003874,"SNX14"
2059.22214750764,3.75930439399903,2.93470291311123,0.00366892829022424,0.0182160452521076,"zgc:85843"
25.2209434919102,3.41459531998886,2.03266431336704,0.00367711927024045,0.0182436632271187,"hcn3"
15.1055053765388,4.12575861535497,2.83258971941607,0.003680029485761,0.0182450604719051,"capgb"
62.267815183759,2.14292251135154,0.968061207735141,0.00368425285022326,0.0182529614799426,"marcksl1b"
14.2982604673917,3.24973578597713,1.88571146280475,0.00369271305339529,0.0182818268927366,"ttc7a"
5.64677225525126,2.91883692827319,1.46455774977266,0.00370635324822222,0.0183232178745801,"ripor3"
9.67413255842338,2.38224768089328,1.12114854131234,0.00370404019326254,0.0183232178745801,"ash1l"
21.5299621800647,-2.5011373792634,1.28702210786294,0.0037096523046862,0.0183264744817273,"itga3b"
13.3270209578847,2.27113037108029,1.04791533991845,0.0037161072900401,0.018345306330134,"hspa4b"
94.9498822282445,-2.14623625675872,1.01411750617255,0.00371939795987549,0.0183485012363154,"rassf7a"
5.27145679369723,2.74097164947735,1.38030070980755,0.00375118316596221,0.0184921607634543,"csrnp1a"
18.6965847783064,3.16991588059882,1.82366263394523,0.003762736116425,0.0185305280302387,"actn1"
5.95847781159931,3.47263026569056,1.74677266698962,0.00376430550679104,0.0185305280302387,"ext1c"
15.0297077355132,2.4116733678095,1.16186851626089,0.0037691341073133,0.0185411480076978,"chtopa"
91.2100362219719,3.43949176821714,1.73905327169457,0.00378734912569696,0.0186175568565599,"fhl2b"
30.8288309459202,-3.29423982571997,1.70174344788876,0.00379841513719451,0.0186587398919088,"bmp10"
36.8655397385077,2.33516264866931,1.1168800122143,0.00380569728753877,0.0186812905748279,"cct6a"
8.79049546128979,2.76269875660893,1.33093960350662,0.00383369285461865,0.0188012450717581,"dazap2"
23.7716373200919,3.25677500029548,1.97145942208266,0.00383555150866005,0.0188012450717581,"ada2b"
27.4166666109635,3.25593164577515,1.91983479655594,0.00384051987535424,0.0188123136590217,"piwil1"
25.9259887290587,2.34849740661141,1.13147491077533,0.00384902597497429,0.0188306161690357,"sdf4"
18.8790846300629,2.09831013394204,0.957330141123989,0.00384968222790111,0.0188306161690357,"stt3b"
12.457808415946,3.9789409492473,2.63733012790975,0.00385906413732987,0.0188632142093004,"pltp"
12.0772871681702,2.86010834718282,1.4782337120157,0.00386576965648206,0.0188826933044631,"pgm1"
9.23780972547827,-3.66344463854921,2.15844323018832,0.00387852084060016,0.0188917987049865,"glo1"
3.6786197188452,5.1615918980192,3.75877350985951,0.00387292647074693,0.0188917987049865,"gnptab"
19.3092753785154,2.15145800579582,0.989426697654558,0.00387591794468904,0.0188917987049865,"ldb1b"
17.0467525295011,-2.62296167285281,1.23068473071298,0.00387516582983983,0.0188917987049865,"asb2a.1"
102.112696363088,-4.14202813107032,2.74031716179259,0.00388764909715449,0.0189208931751159,"apoda.2"
35.3215771928496,-2.09807965679576,0.965895455344272,0.00388994590993955,0.0189208931751159,"sympk"
7.13498383650629,3.69141729734891,2.12354108823432,0.00390701079595363,0.018990589590136,"morn4"
83.5807749603101,2.98934717419407,1.46786512948162,0.00391027082041394,0.0189931348946768,"wdr61"
14.7088234130226,2.54613219549981,1.27085763365188,0.00393107094716318,0.0190808135973844,"sf3a3"
6.08823236553053,3.56883256741497,1.96788290259516,0.00394779738245731,0.0191043231383642,"lpar4"
12.7644576119429,2.73127027741563,1.43524868941172,0.00395326623511872,0.0191043231383642,"plecb"
8.31800107088355,2.86147665472999,1.49729933820571,0.00394845722674942,0.0191043231383642,"abcb6a"
312.934632446084,2.8413820321565,1.61276010438726,0.00395179477931823,0.0191043231383642,"rps3a"
10.5186274794852,2.93793870265432,1.55326142256047,0.0039531145174384,0.0191043231383642,"otub1b"
11.741235565826,2.35680546714579,1.12322834088385,0.00395447305852489,0.0191043231383642,"ehd1a"
13.017584503371,3.16904661766461,1.79246742991963,0.00395518114822495,0.0191043231383642,"anxa2a"
11.0990849026016,2.26487093272588,1.05748602922167,0.00396078596967422,0.0191180913876973,"MPDZ"
131.828906951721,2.65382800875049,1.41880480580359,0.00401693751203879,0.0193756520299244,"kcnk12l"
61.0732440715915,-2.59483161126748,1.38707574869635,0.00402324265928329,0.0193925884014482,"zgc:92335"
9.79535921506308,2.97042845394211,1.58660552698836,0.00402804536559071,0.019402264318227,"cpsf1"
6.97793684467644,2.79495568924264,1.43536740951239,0.00404544942561734,0.0194725828454993,"tcf12"
9.39702221337863,2.43185128783524,1.17310129235076,0.00405827849710926,0.0195207976773634,"SMARCA4"
321.445504052358,2.89145309089993,1.6003042687548,0.00406400355872155,0.0195347982694503,"rpl21"
7.61971723639955,-4.38669740093928,3.14113405743309,0.0040745778120003,0.019572072382764,"myl13"
82.7862545342474,1.90979182437296,0.856068429649237,0.00408772706068605,0.0196216552753955,"rab24"
46.0510802322404,3.05644503840869,1.73936268601596,0.00409200410152473,0.019628611243043,"blvrb"
1004.27036669807,1.95922945207418,0.900692744718447,0.0040969119159131,0.0196385812212381,"COG5"
5.34433665862038,-3.3053450467477,1.77511568422466,0.00410024843181651,0.0196410106040292,"NTN1"
4.61292330598505,-4.48630028839439,3.2979232856638,0.00411786354043834,0.0197117867821948,"pax9"
24.9423430601772,3.33328691695876,2.21634124652771,0.0041227539555996,0.0197215955932576,"stra6"
9.95793108731953,2.32207069229685,1.10247267475701,0.00413795495807959,0.0197806786253653,"smc3"
21.1208674209522,2.46456174005655,1.23972614710555,0.0041532281796983,0.0198400253236654,"virma"
39.7992207841567,2.39778506508297,1.19022439054787,0.00415621390770846,0.0198406332416812,"ncoa4"
5.72562429678813,4.17700276555685,2.80998663894897,0.00418263112243343,0.0199530189833749,"ranbp9"
41.5534256837291,2.72078608856917,1.4668660394537,0.00418876660909361,0.0199685638967848,"fgl2a"
9.4788848242228,3.06456558721187,1.49763234576261,0.00419498693951667,0.0199844916590152,"filip1a"
137.001419688785,3.1135093064211,1.89814076070262,0.0042016850099279,0.0200026719162617,"rpl32"
12.7531863342411,2.18226246003789,1.01131804997383,0.00420778109444889,0.0200179633835296,"gpbp1l1"
9.37312399641694,2.46952205411777,1.22898660996131,0.00422375768333557,0.0200802069041316,"mex3b"
48.4562830916169,2.17287933399,1.01581961107357,0.00423142811730813,0.0201029038755892,"sod1"
8.31811879474535,2.76622213313047,1.42189921889492,0.00423662054656601,0.0201138052077392,"rbm17"
23.8218239460802,1.97960203100222,0.895752638675355,0.00424467853137732,0.0201382868669105,"NDUFS1"
15.6801828361504,2.43807835122,1.2093344447852,0.00425639083968548,0.0201800606682083,"arid1ab"
22.8860303984299,-2.79793768820816,1.64556082171705,0.00426149024101085,0.0201904462545094,"hpn"
78.3557126825968,2.11594324652218,0.989083878449322,0.00426927439216869,0.0202073077874694,"arl6ip1"
32.2194316075915,3.34571138708951,1.87150945441138,0.00427378300417881,0.0202073077874694,"tmem120b"
25.62947883282,-2.0804378788691,0.985409795344943,0.00427208499848196,0.0202073077874694,"p3h2"
17.6900333800288,-2.7509822722769,1.47949282473471,0.00431195607287822,0.0203739190618432,"nme6"
39.5581558975725,2.72019164891689,1.4500665527179,0.00432580721025612,0.0204254611199916,"actr3"
13.6014162982715,2.32489908513229,1.12756877983792,0.00438972753572936,0.0207131875088358,"eif4g1a"
65.7528095932999,2.90322673738027,1.63156407649406,0.00441848339152604,0.0208347100683303,"rps24"
18.8408896249055,3.35161392554322,2.15159095209724,0.0044224585822628,0.020839297365571,"pfn1"
9.40481920409264,3.19229069896759,1.89416281880077,0.00444146274817502,0.0209146492096898,"derl3"
4.57790798244448,5.70151448991472,4.29794812819332,0.00444594342494462,0.0209215547881631,"oxnad1"
8.2989962584752,2.686617327343,1.37128913964411,0.0044549728876199,0.0209498420142071,"ipo9"
5.42010576367125,3.61773570151722,2.08389604510004,0.00450502253953588,0.0211708608306828,"p2ry10"
9.96826207486319,2.14356260219567,0.996979105696241,0.00451759590991819,0.0212155840397444,"tufm"
5.53570180972317,3.7195609706955,2.10111522771864,0.00456134574213871,0.0214000497368597,"cdc42ep4b"
112.711328038206,3.9735857022023,2.95011609554457,0.00456304186868642,0.0214000497368597,"mrps22"
5.32471087837348,3.81082080066863,2.90611350576491,0.00456975658475964,0.021417069854704,"zic1"
161.214092520758,3.15450817605377,1.60762254074531,0.004583818734666,0.0214684789725484,"ccdc149b"
5.10823138227632,3.59093307898387,2.52395710770199,0.00458756303544434,0.0214715273290756,"myo1ea"
4.17539055752238,3.63961467225119,2.38599727621507,0.00459237293667947,0.0214795556290379,"epha4b"
492.643621458072,2.55236418184212,1.36260748165743,0.00459717278800431,0.0214875261424498,"rps4x"
7.73597176254457,4.36646762245875,3.30135984263422,0.00460993370560624,0.0215326715010854,"arhgap17b"
3.4955475780839,4.38623491603134,3.38340195045195,0.00462328042970268,0.0215804905598966,"ccdc28b"
10.3080224608189,2.72759655325755,1.46792816068184,0.00462814785761402,0.0215843087560319,"pdgfrb"
26.4465944601913,1.9841776066,0.904561621283187,0.00463031778385413,0.0215843087560319,"gse1"
74.6851729103821,2.34698479419676,1.19552229536446,0.00463483730163139,0.0215908763158547,"ctsd"
9.80601276932804,2.78791045995918,1.55598433487461,0.00464092119486481,0.0216047176482607,"aida"
5.79866160183395,3.29763532271941,1.92684764747292,0.00464586582414427,0.0216132404057543,"adcy2b"
42.8148737668635,1.84055094022234,0.829486233135492,0.00465798531853165,0.0216551079008226,"vcp"
7.33927197062893,3.08588786632374,1.71244422952623,0.00467573509612805,0.0217230771768573,"wdr5"
6.84750133491439,3.11897937202521,1.76642958198565,0.00469368350568506,0.0217918777344214,"vbp1"
8.03726379253264,3.2937258758866,1.98154881916734,0.00471747130499058,0.021873058335297,"pros1"
5.07969067503837,3.2867096202066,1.75174185550747,0.00471709218965109,0.021873058335297,"PDPR"
9.3738349763403,2.34123575529462,1.145817986912,0.00472290686432469,0.0218836425535899,"lnpep"
15.0454482475021,-2.36341975695836,1.2005917977367,0.00472775823497646,0.0218915076110551,"slc16a6b"
9.942781846035,2.83406597773461,1.6130460551246,0.0047778938194563,0.0221089073338974,"ube2s"
139.759603249768,2.34956876412045,1.19989700953043,0.0047838896522994,0.0221219041149967,"alas2"
169.71552511992,-2.93387567331696,2.27668795588638,0.00478758213423221,0.022124239409924,"pdia4"
17.5448923592768,2.69807604482688,1.34866058456717,0.00480267317637807,0.0221792112556488,"proser1"
15.882650961373,2.02173162018826,0.942946258084687,0.00484222146091104,0.0223321323323479,"zgc:55558"
14.7031284839239,2.19461432449928,1.0645830574437,0.0048418745353866,0.0223321323323479,"nipblb"
95.4937087506603,-2.27211288756554,1.18925380131812,0.0048595300549339,0.0223970770991343,"si:ch211-156l18.8"
9.53225448923173,3.00450808693404,1.82449862365558,0.00486511328257135,0.0224079305204564,"b3gnt9"
37.5579640011067,2.72856680040954,1.62046967844928,0.00486917923562419,0.0224117858584002,"ppib"
198.446535809657,-1.79102501615677,0.79998599050074,0.00487536513883563,0.0224253872953334,"FH"
52.1162088431866,2.06011771673736,0.974462989631275,0.0048817681474974,0.0224399686832977,"eif4a3"
19.5593674906464,-2.0546565005737,1.05192726800438,0.00488633962307729,0.0224461173552478,"zdhhc3a"
76.9034521627584,-2.55616258794566,1.25425713229743,0.00489763074891936,0.0224831051774136,"lmx1al"
47.9857703565084,1.83484673994711,0.830575314201022,0.00490151723399598,0.0224860747661375,"ak3"
33.0202473599028,2.39851081113377,1.24304307781422,0.00491509013243836,0.0225334482227574,"eif5"
4.66374399250265,5.5919014488371,4.47566765014574,0.00492265171860558,0.0225532182038557,"rdh12"
316.892361442191,-1.74571627059811,0.788025618103526,0.00493820367280379,0.0226095459715904,"zgc:85777"
6.67706962812461,3.66649198681674,2.47239957162959,0.00498560294931831,0.0228026156571792,"olfml2ba"
13.7974396495378,2.43634154823969,1.25097598376267,0.00498694288540528,0.0228026156571792,"ccar1"
14.1177402134656,2.24592414122387,1.11075331432567,0.00501297602437333,0.0229065612805631,"ndufb5"
57.9926678935867,2.46913652226881,1.32489847041795,0.0050588450448371,0.0231009496422463,"cct3"
4.12194675116101,4.46643663926408,3.55204418834013,0.00506963346418125,0.0231349940005799,"foxj2"
7.92010005174911,2.86571061239463,1.58454996372053,0.00507692732042099,0.0231530568535099,"mdkb"
14.9502820973184,2.06633065792874,0.994837730531137,0.00508333789513815,0.0231670704728522,"pik3r3a"
9.10855016506372,3.88418207109331,2.82545890272762,0.00510184054162924,0.0232056849275548,"rasal3"
40.3265502883284,-2.74947987072341,1.61602558065536,0.00510171249060051,0.0232056849275548,"agt"
8.55253033815737,2.39931283273854,1.19993720250899,0.00509648930133284,0.0232056849275548,"csnk2a2a"
11.0811064714646,-2.6214123633874,1.47550981663806,0.00512734929811801,0.0232911855224065,"nosip"
18.6375592904446,2.62025635983931,1.47918240683193,0.00512545790322776,0.0232911855224065,"ARHGDIA"
353.098894993065,-1.59708523034532,0.706621661229731,0.00515040869551247,0.0233806322796286,"gart"
14.3086962707871,2.20976828479727,1.12754615427865,0.00515476796896158,0.0233851271062499,"adcy5"
7.53233493627435,3.50544143190414,2.18138445836919,0.00516532487407748,0.0233927811154915,"KCNQ4"
13.3134989946934,2.14135901065767,1.05633630331105,0.00516590194495775,0.0233927811154915,"mob3a"
46.2919665902686,2.37052852011792,1.24628417509886,0.00516656583346038,0.0233927811154915,"thbs1a"
14.1636300628759,2.55560358135192,1.42628165523332,0.00520252236548255,0.0235402266876235,"rnf6"
22.2529413346588,2.83322003695676,1.76619781323791,0.0052331712257263,0.0236634797900757,"DOCK9"
9.80796773738628,3.03711885076117,1.84700836907803,0.00524814589459432,0.023692070580314,"nub1"
17.4890528758983,1.9249060159333,0.894496679845619,0.00524645765796408,0.023692070580314,"mprip"
52.3190790406853,-2.62064830437085,1.48812840316795,0.00525253174198715,0.023692070580314,"tacr3a"
9.05232815261623,2.89318726648546,1.61139468372308,0.0052531474748744,0.023692070580314,"plod1a"
16.8370538554344,1.77186911894819,0.797737138602243,0.00525915823692252,0.0237037774821294,"mea1"
6.81886030307991,3.32225607526141,1.91368573167981,0.00529738568634472,0.0238605801745092,"atxn2"
25.9339152486526,2.88564210585027,1.74320192493232,0.00532415615724627,0.0239656082279159,"arpc2"
9.49001614993461,3.15888707932077,1.99961970946894,0.0053296773026309,0.0239749126102146,"dvl2"
9.1406923973589,3.91499792370557,2.92896485458016,0.00533647864832001,0.0239899600375578,"mrpl22"
9.52914140489917,2.6159679810802,1.42745607969599,0.00534282595452931,0.0240029481879534,"clasp2"
252.836075230007,-1.60915428746496,0.722275809935701,0.00536797194436677,0.0241003190594112,"sec23ip"
66.0407613351694,2.56419089384331,1.32882101886903,0.00538473227161514,0.0241131785143746,"sulf1"
4.85383109523159,3.59437310124806,2.32063062112776,0.00537985058386092,0.0241131785143746,"cxxc1a"
15.982658612977,1.87011802328142,0.870387684830087,0.00538148089201591,0.0241131785143746,"hmgxb4a"
11.8923166045629,2.94174783968048,1.78382864823468,0.00537553558100181,0.0241131785143746,"phospho1"
4.17135145806805,4.99354450132549,4.31922174344066,0.00540844920360286,0.024203769131017,"dennd2b"
6.40851114828367,3.0041049701857,1.73773303493866,0.00542230599575824,0.0242501455647925,"irf5"
3.95452759536424,5.05458308577915,4.4643448166419,0.00543723803676293,0.024285630124306,"zgc:194209"
5.15786444391701,3.51714213293245,2.26327002157509,0.00543620379787516,0.024285630124306,"pikfyve"
166.92706989564,3.61901700027067,2.73204428215133,0.00546910385084334,0.0244122506937001,"si:dkey-256h2.1"
15.4643085328631,2.14530173439408,1.06150238707101,0.00548840261064615,0.0244826494347654,"usp9"
7.52453585622675,4.00426986296259,3.94590733957912,0.00550036775582242,0.0245202649923978,"efna3b"
10.5279085776155,-2.80048114872421,1.59539764977511,0.00552406933918482,0.0246101189238009,"vti1a"
73.4366965041524,1.82577671968382,0.85853255827912,0.00553047898907738,0.0246228702137178,"snx1a"
17.1117733709047,4.09649664695651,3.37559963619084,0.00554853184633077,0.0246874099649884,"ctdsplb"
16.9575266472654,2.25740618971395,1.18411194362815,0.00556683773670953,0.0247529921399749,"atl1"
50.8974679825113,2.1374981394354,1.07294945514766,0.00557681191486708,0.0247814670301488,"skp1"
7.52664908535996,2.76733565682239,1.49386433591817,0.00559116547167218,0.0248134779660336,"KHSRP"
5.779699551791,3.23454010084005,1.91658183589464,0.00559101167794195,0.0248134779660336,"bptf"
42.684994990575,3.63421607924847,2.75068353186315,0.0055968155691273,0.0248226817030751,"hvcn1"
16.1390683952719,2.10481138073818,1.03952509247831,0.00561136788274922,0.0248713310818406,"iqgap1"
34.2346785004684,2.65493872290583,1.58862849279681,0.00561785151674484,0.0248841782882744,"tyrp1a"
225.995741252299,-1.96900206021705,0.967576575084466,0.00562328050799435,0.0248923405650439,"PCBP2"
6.52273616251158,2.91032984266721,1.67890600724435,0.00563841148762864,0.0249161104688511,"tcf7l2"
12.88461623213,2.31393064140082,1.19958616175699,0.00563439513988412,0.0249161104688511,"rbm5"
49.6164047021254,-1.79288879279147,0.850492349082083,0.00563941932669141,0.0249161104688511,"dpp3"
45.9989930711969,2.4248568480586,1.32896951370166,0.00565239726958637,0.0249575632622131,"serp1"
9.14578058579298,2.51068886053954,1.34596183273885,0.00565981563914545,0.0249744312468586,"hephl1b"
309.195274423402,-2.11592742178463,1.10382433189335,0.00566407502681177,0.0249773473704577,"rcl1"
8.95382427856806,2.87825529173481,1.71563343640035,0.00566793194934716,0.0249784861335991,"LAPTM4B"
56.3744211772859,2.80898205731113,1.79410802365818,0.00569788727397068,0.0250945657161361,"gpnmb"
7.66365248767957,3.20582870948348,2.04541046785042,0.00570878864071036,0.025126634086982,"nr1d4b"
9.36554719819627,3.09570610714668,2.00714261358741,0.00572913763993504,0.0251786668091513,"gadd45gb.1"
8.86994470400598,2.52885306031183,1.4006031755297,0.00573235635012599,0.0251786668091513,"atxn2l"
9.93882736973691,2.25851702305933,1.16128593627075,0.00573512062026628,0.0251786668091513,"chmp3"
8.57106344007358,2.67078977820816,1.47272608366977,0.00573321266582289,0.0251786668091513,"clcn5b"
26.3377416364742,3.2523107704198,2.74352573594395,0.00574065505791665,0.0251870333482929,"slc6a22.1"
12.7436485372232,2.17034039831567,1.09636013526774,0.00578369844084937,0.0253598552608563,"exoc8"
10.9109907698005,2.43993869365341,1.30384927678465,0.00579264398054925,0.0253830441092123,"fscn1b"
23.8989437742733,-2.4569866056632,1.29227750760391,0.0058240124445993,0.0255043977148036,"C18orf32"
8.81546694573192,3.02814315197125,1.61970507841023,0.00583187037719808,0.0255227063607389,"mau2"
10.13835705019,2.14696821898261,1.06506948282308,0.00585201584248768,0.0255947334358582,"syt11b"
22.5029900172589,2.07866858188473,1.02313990095543,0.00587464144522402,0.0256613507056639,"fbxo31"
15.4089698091741,2.82935705827385,1.7518767170463,0.00587350182917752,0.0256613507056639,"ctsba"
30.0374122024643,1.84345425569443,0.869536931910898,0.00592011520097393,0.0258395522573927,"elk3"
15.7976087324266,1.9588351580533,0.941088384028355,0.00593652875078433,0.0258395522573927,"GLUL"
13.656152124949,2.67618043323606,1.61927582935169,0.00594113630489586,0.0258395522573927,"dkc1"
13.0352829182674,2.23654802661221,1.14849381010046,0.00592721106559966,0.0258395522573927,"GNG5"
50.7519972479831,-2.67229468367169,1.77950269953052,0.00594119052183212,0.0258395522573927,"p3h3"
8.39135015846358,2.69631442457148,1.51099737614024,0.00594089128038641,0.0258395522573927,"myrf"
4.80628704180703,4.26161430617591,3.74806696945484,0.00594149624013812,0.0258395522573927,"tnfsf12"
399.594721162902,2.94119922631676,1.68352033570828,0.00596193714126678,0.0259122139621369,"hpcal1"
36.781029366783,2.30553833800235,1.24311587949665,0.00597171554738169,0.0259384715984833,"romo1"
433.887461376405,0.348232792889057,1.10704014105915,0.00598526211729548,0.0259810533809555,"hs3st1l2"
7.12366123077499,2.49481535572032,1.33456619590128,0.00599717569330701,0.0260164978045275,"ubr2"
94.7554541578597,2.94372098993895,1.54527978331445,0.00602603083356881,0.0261090387114863,"boc"
70.5762451211514,-1.78497522776017,0.871882371546316,0.00602446396821949,0.0261090387114863,"asdurf"
265.885487125733,2.93663866890222,1.92062923641964,0.00604521191931403,0.026163602941212,"rps3"
7.22475266168322,2.32982186102887,1.21240817917965,0.00604616324992135,0.026163602941212,"pgrmc2"
23.3981572010376,-2.20746669926358,1.08799855736423,0.00606179605665068,0.0261985843270314,"mrpl43"
203.764690493739,1.56982792546767,0.692093029340807,0.00605940046339146,0.0261985843270314,"marcksl1a"
6.15811873382403,3.21296782974854,2.09005560086292,0.00607141157410106,0.0262238131523556,"gpat4"
140.17730193561,-1.98195137909349,1.00140698798006,0.00608970645862547,0.0262864754535568,"arpc3"
4.83111797727126,4.81117568758665,5.35792998162809,0.00610837834332017,0.0263355602929147,"lrp1bb"
19.7351176344951,2.03862501600831,1.04966253620033,0.00610866619674294,0.0263355602929147,"abcd2"
8.7856942941593,2.77075975621469,1.68521939077937,0.00613106802632815,0.0264157313288291,"nono"
27.7643818828599,2.16419642302851,1.16219705020882,0.00614668458805355,0.0264665866784613,"ryr3"
20.1866161312545,3.70384743541551,3.22202756286956,0.00615862649439907,0.0264851465288872,"ppil1"
18.6416802428027,-2.24083089222116,1.20123497197044,0.00615856587727327,0.0264851465288872,"nuak2"
19.1625784110411,2.09883367700931,1.10203086504804,0.00619668065019853,0.0266322974569833,"magi3b"
8.03022284000677,3.79953542209931,2.98952862960346,0.00620791714791295,0.0266640797794949,"PTDSS1"
11.3291561581003,2.42264127708844,1.33700485157069,0.00625680275233679,0.0268574322226158,"ctr9"
86.0802277550851,0.306004521966962,1.08580492939879,0.00626069265005252,0.0268575202002562,"dnai1.2"
4.33208181308889,4.29397791001331,4.68679654272863,0.0062744561123037,0.0268999381565781,"cacng4b"
21.076897500602,1.97251024843656,0.986745847770192,0.00629477315559397,0.0269537448938789,"unga"
13.7323028774934,2.56202807814418,1.47490964092763,0.00629442464452673,0.0269537448938789,"clic2"
36.6829192989169,1.99338521114492,0.980297682986201,0.00630233778870149,0.026969498515029,"erlec1"
8.59722704345288,3.15836462610387,1.76655360052861,0.00631282038494742,0.0269810686785963,"vps45"
9.01098190231606,-2.68519475300836,1.52481589476627,0.00631396962399188,0.0269810686785963,"utp4"
376.396347211652,2.57225970191529,1.54109747117725,0.00631670315555669,0.0269810686785963,"rpsa"
12.1665160930284,2.39290638475481,1.31232510193238,0.00632545104605301,0.02700181778023,"znf207b"
9.37408643598277,2.40916449663098,1.32258402993137,0.00634644510693663,0.0270747851796233,"atp1b3a"
16.4326347615419,1.91479931831814,0.924314961593895,0.00636585717733555,0.0271398477760812,"zc3h18"
16.1523891857922,2.35424611618898,1.29884819867071,0.00636951621196316,0.0271398477760812,"zmat2"
358.4599171979,-2.40841933462474,1.50021720545672,0.0064025889523474,0.0271955447403709,"fn1b"
1410.68621928444,-1.77690999214579,0.856690048408416,0.00639620018553976,0.0271955447403709,"nubp2"
303.779893792107,-2.2585980195198,1.33123065370734,0.00639373289777422,0.0271955447403709,"tecrl2a"
4.95405387178339,3.40649895368589,2.5675727723561,0.00639671071414167,0.0271955447403709,"cycsb"
296.018308056829,2.51498831513988,1.47923300509684,0.00640244210715077,0.0271955447403709,"rps6"
3.7886191621506,3.93479846444421,3.79230343981865,0.00640609647752577,0.0271955447403709,"myrip"
3.68522663842792,4.45948348145984,4.05026358364319,0.00641483276994574,0.0272159867091646,"cbx2"
55.7179189658622,2.4939437872293,1.41377006530978,0.00642027723054259,0.0272224460948052,"bag5"
4.83089419733584,3.42846796213416,2.16300208626939,0.00644945040796098,0.0273294476688994,"eif3eb"
4.43585811365006,5.18616810587864,5.04824495103057,0.00647156727320485,0.0274064359019615,"MINAR1"
16.3494011591224,2.35644699563407,1.26305071236781,0.00650024909777083,0.0275111152363581,"psmd13"
19.6296222119263,-2.50569948323039,1.31153622826489,0.00650730999405859,0.0275242161296531,"cdc23"
24.0090846435108,2.44851298954848,1.46106601403877,0.00653388320202652,0.0276197827681279,"mpnd"
5.04535412036155,3.6537942066324,3.06593466076153,0.00658040709843807,0.0277995165369803,"arhgap42b"
5.75143199428576,4.15304395342659,4.63573074249946,0.00658696017184762,0.0278102740588773,"erbb2"
9.39572204551535,2.35786257634563,1.28476557505716,0.00659108558746538,0.0278107751140409,"akt3a"
13.0491965793395,2.92848600012153,1.97610391990953,0.00660320908325006,0.0278450025800964,"gnaia"
12.1644833472187,2.40271806520405,1.35052103019125,0.00660869730988882,0.0278512252750081,"fubp1"
68.8799424291685,2.12408930872769,1.13085060172061,0.00661637368143881,0.0278666563852347,"h3f3d"
9.49981139467745,2.37386261659299,1.29630933879964,0.00666077350613268,0.0280366457890036,"rnls"
4.13099811047225,3.0029032919183,1.74983070685905,0.00667931027051919,0.0280806133177915,"FRMD4A"
9.39085133260902,2.82093342708723,1.69774239055885,0.00667732359326062,0.0280806133177915,"nop16"
7.37790967784108,2.85491573096113,1.72038415597521,0.00670415741726892,0.02816561453835,"hccsb"
7.68088656607004,3.55329360012744,2.8927054797669,0.00670764455149005,0.02816561453835,"ccdc58"
3.7960469602401,3.92995575189314,3.54905782476814,0.00674332774428661,0.0282983300321,"zfhx3"
4.77388732938412,4.67793296384804,6.04620950502517,0.00676590326207834,0.0283596692319089,"si:rp71-68n21.9"
45.7941746827849,2.70720885880245,1.83441767578815,0.00677020197626754,0.0283596692319089,"arpc1b"
9.12084682660743,2.34416613455144,1.29633561765171,0.00676895855232691,0.0283596692319089,"sypl2b"
27.9481302389223,3.09373890328472,1.97310464745611,0.00679450875684599,0.0284443216412956,"si:ch211-166a6.5"
13.8492658429125,2.53180932873518,1.49390713900045,0.00679928265897954,0.0284471494490518,"iqgap2"
18.9838336365059,-2.14973249846888,1.25049395079497,0.00681780313208316,0.0285074527348128,"C1orf50"
11.9108556733942,-2.47649431461392,1.3639580082877,0.0068286426471497,0.028535586161268,"rabl3"
6.26479221578684,2.62279484144842,1.49605741926108,0.00683412253980902,0.0285413023759413,"dock8"
6.05312978144531,3.55233310185751,2.57255897525193,0.00684297671106886,0.0285610952204022,"gab1"
80.7410331506807,1.76836881599611,0.850874606292631,0.00685084667866799,0.0285767588922083,"fbxo3"
11.2319197413408,2.37612013909005,1.31922497289046,0.00688108986153241,0.0286856725098477,"ppp6r2a"
52.2918028694448,3.39246498950783,3.42856888676836,0.00688851887771528,0.0286994054803252,"tmem82"
13.3633825518069,1.94771549850064,0.975119611575791,0.006893585047368,0.0287032836315424,"stag2b"
4.59391762690104,4.08055294348102,4.92811386404489,0.00691258666336074,0.0287651463011912,"sema4gb"
11.6869128967791,2.27836300798516,1.26612352650404,0.00697960825869666,0.0290266392592052,"map1sa"
27.5941343200991,3.02035877515114,1.696304153582,0.006988961106996,0.0290481311638678,"tgm2b"
82.9810331183036,-1.59588738732677,0.739432065320388,0.00699468908608908,0.0290545403629828,"ing5a"
165.098535374744,2.16293395399557,1.14599925255161,0.00703668263410033,0.029211491724456,"ttc3"
63.1577968848732,-3.56271584017747,2.55970824147248,0.00705313234412993,0.0292622783028128,"styk1b"
40.9677650845645,2.31901094550678,1.32780639124471,0.00705897443217182,0.0292690212268247,"rpa2"
204.831660195209,-1.61168940258781,0.772588527388219,0.0071565233702912,0.0296557783362336,"gatd1"
88.7969856953235,2.62044732116079,1.66516493851751,0.00719778364959149,0.0298089596132545,"rpl26"
11.1503216317364,2.38236008981994,1.37043170257024,0.00721701869856858,0.0298707971298536,"ssh1a"
10.3668528020151,2.79867863357727,1.90274612539344,0.00722434990856272,0.0298833210460869,"sos1"
19.1614889383986,-2.06417304809155,1.13880287346789,0.00724546798068685,0.0299528250470205,"C14orf28"
25.1089263509918,1.78082363403781,0.861548524149588,0.0072663147098138,0.0300211252385819,"pik3r1"
8.13277384101587,2.62250894758968,1.56591368502617,0.00727091968712219,0.0300222805165468,"tpcn1"
55.1887573898726,1.77489017137207,0.85163430039834,0.00728190250693309,0.030049753448646,"eif4bb"
7.05734545182072,2.46311299863048,1.41078737995406,0.00730684428166014,0.0300989947531175,"cacybp"
13.7390258461949,2.25223909408113,1.23168816533661,0.00730563716340456,0.0300989947531175,"ndufs3"
6.98723572877098,2.72773260161149,1.75166857501524,0.00730638125815797,0.0300989947531175,"tnpo1"
307.249749270014,2.50318934914356,1.50526858056404,0.00731205460355723,0.0301025925286422,"rps8a"
4.73881617210111,2.83489479504241,1.70351302547518,0.00731693888255189,0.0301048445665635,"prkab1b"
48.5633872299149,2.63423316040347,1.44756768043652,0.00733423667162894,0.0301266570414869,"man2b2"
41.3685644860926,1.84006120457844,0.936813735787017,0.00733366610026606,0.0301266570414869,"si:dkeyp-69e1.8"
13.8703728588365,2.88696759790429,1.56270836598696,0.00733526154734374,0.0301266570414869,"itpr1a"
10.0878266398339,3.42892974959262,3.43684884098273,0.00734826139079165,0.0301603206605168,"mfsd4aa"
8.01152307475386,2.49940889857576,1.51510051231796,0.00735649371535152,0.0301603206605168,"pdxka"
4.1573989821632,3.18553352132506,3.00821108858382,0.00735607600793623,0.0301603206605168,"carhsp1"
23.3186670222984,1.77819785517577,0.861369214071643,0.00739568365331051,0.0303030934106424,"fam13b"
719.786257272028,2.36646292070184,1.43421296484176,0.0074166944474201,0.0303647484413391,"rps27a"
854.138433517829,2.06883148502617,1.11342566615797,0.00742370633848018,0.0303647484413391,"ybx1"
6.76661605398463,2.71231033054687,1.71257223767648,0.00742385507923245,0.0303647484413391,"cript"
9.22972903977207,2.66022536181448,1.72281736269717,0.00744314090302981,0.0304257014180977,"s100a10a"
180.196563900437,-1.96545614104129,1.08393897701437,0.00744763046074236,0.0304261348016555,"chia.4"
7.56344772984645,2.71138637130347,1.72938692197997,0.00751014625429714,0.0306634853829862,"OSBPL10"
10.4204618506675,3.03499225820644,2.82512775398884,0.00752173148441184,0.0306927326474442,"farsb"
4.37983347961386,3.72896552823307,3.7306930053793,0.00755158655447025,0.0307783689222419,"wnt5b"
13.1699443341472,2.07706585189082,1.11832584220201,0.0075482195470753,0.0307783689222419,"pdcd4a"
18.4316608340437,2.39125745072349,1.46518369969755,0.00761519177020028,0.0309886858334805,"scube1"
25.0994184107763,2.2121720023194,1.2902949084692,0.00761282599133191,0.0309886858334805,"ndrg4"
4.91194543471573,3.80548332696868,4.15513078850502,0.0076165823414375,0.0309886858334805,"fhod1"
6.12466345488235,2.86533822269255,1.82031121123525,0.00764095026141824,0.031062715079471,"tbc1d10b"
5.93247094787232,2.37366346639426,1.37020309587308,0.00764814001198432,0.031062715079471,"vps13a"
10.1328616485096,2.15461686734232,1.15764661870712,0.0076482034391033,0.031062715079471,"napab"
14.851037247496,1.90275197201234,0.958980830580815,0.00766128803704604,0.0310976609737641,"rapgef2"
6.23989956591871,3.1973534808443,2.45913971343819,0.00769774676878127,0.0312273876809531,"mff"
51.6332043699059,1.84112719041485,0.935467714688541,0.00770380858775648,0.0312337239530477,"arhgef10"
7.17758516450107,3.92871770150353,4.27105124654597,0.00771269258661779,0.0312514881749644,"psmd10"
14.3771572084667,1.86481232415346,0.938577395237061,0.00777167217209226,0.0314720983351764,"polr2l"
26.7732785611925,2.04814649910353,1.08774213746503,0.00779676857129976,0.031555318165243,"acbd7"
4.90300181291574,3.24470736812416,2.39790284779087,0.00780936684258239,0.0315878876773685,"slc2a8"
9.94629755048812,3.66106131936242,3.36059958074944,0.00783442544224054,0.0316707903288244,"ccdc191"
5.93311564312763,2.56987818835424,1.57211110080126,0.00784649052120644,0.0317011005283434,"mycn"
134.824656069056,1.90077323401762,0.976814187418289,0.00790572101465467,0.0319218205716801,"ckbb"
5.66001602620241,2.89234755435908,1.81033794917292,0.00792721743797467,0.0319900094401059,"fam102aa"
337.119312206718,2.20160447255628,1.25915541845133,0.00794069305953093,0.0320257702069751,"rpl9"
3.58308169353294,3.88875492786357,4.2037548599407,0.00795551060674901,0.0320668984445092,"glcci1a"
12.6983163608639,2.32597287332648,1.33616913626786,0.00797327568392548,0.0321150578476599,"s100b"
195.387462175876,3.06499951090904,2.98138248504438,0.00797671225030481,0.0321150578476599,"arsa"
30.3058784311877,-2.04159476609638,1.10724217596071,0.0080243148843756,0.0322879823840296,"ythdc1"
10.4511619762048,2.40177548575709,1.49425331547316,0.00804185662706562,0.0323398185680547,"oga"
188.498637526281,2.76294521695309,1.87215397315918,0.00809196156114603,0.0325224697139054,"rpl10a"
99.244113055558,2.32364064003133,1.39336416030082,0.00810834294265123,0.0325694492852675,"tsr2"
13.586342216997,2.10025786274303,1.14751805734402,0.0081300776956827,0.0326378654052826,"kctd12b"
3.99221504665672,3.71059894343062,4.6890853634195,0.00816128938459451,0.0327442252129887,"snx29"
23.9302625536998,-2.17360458378233,1.33440427859282,0.00818312434812348,0.0328102648752722,"kcnk5b"
37.6627875813849,-3.03253803698536,2.26360321475867,0.00819022325315552,0.0328102648752722,"rpp21"
33.8370443938893,2.21199615415714,1.33772321406555,0.00819193041764107,0.0328102648752722,"trpc1"
83.0776819387628,3.38369833126771,2.86545201535317,0.00822922044226569,0.0329406107784118,"prmt2"
11.1305093242995,2.30700983669272,1.34337855606043,0.00824245898576135,0.0329514516822166,"psmb2"
12.4226359799911,3.25850478124068,2.94988327606539,0.00824567535755467,0.0329514516822166,"bcan"
31.0365345938203,1.61232385456437,0.763441745533971,0.00824617080708979,0.0329514516822166,"ankrd11"
632.485881394855,-1.82178827905695,0.96703910106079,0.00827580538388183,0.0330508430204395,"nipsnap2"
9.34271719433353,2.65682494533392,1.84862689442504,0.00831836978327837,0.0332017278123837,"uts2r2"
22.0641286556216,-2.67557956097132,4.10199953470796,0.00833372054930574,0.0332249374630003,"tmem192"
17.651465005219,1.99829661551241,1.06220308906965,0.00833375826582388,0.0332249374630003,"prpf8"
23.080999421315,3.50836599435479,3.02402649974156,0.00838256745716173,0.033342923048802,"unc13d"
7.94403434504047,2.97671357567833,2.30256864428009,0.00837264570506839,0.033342923048802,"eif6"
12.6833361658466,2.99173675843392,1.99279963410963,0.00837909174253377,0.033342923048802,"gpr137"
11.9640791332548,1.91614815480584,0.997073648482774,0.00838175402992893,0.033342923048802,"amd1"
28.9400613820608,1.95093803812316,1.01070185567961,0.00838906071864633,0.0333496394319153,"golgb1"
8.09525660877674,3.30841550184521,3.01614105516215,0.00841231691869692,0.0334229489025045,"GNA12"
200.132783420698,2.40334938639155,1.53833284528851,0.00844439957185575,0.0335312227850405,"rps16"
19.1501671694134,2.53683729480971,1.68320662604679,0.00845236776212049,0.0335436733201134,"selenow2a"
7.77033804754138,2.28390591265961,1.31913725519338,0.0084940984625509,0.0336900213877519,"ly75"
20.088065150907,1.70886446072794,0.844270668097812,0.00850681146965781,0.0337211755630468,"supt6h"
4.10937621539928,3.47791397913161,3.19044837340345,0.00851304557880729,0.0337266263484597,"tram2"
21.5704708744895,1.89474841117974,0.995591223328306,0.00855446671846278,0.0338713938920993,"rpz"
6.08808767526653,2.48371502278906,1.51824907780113,0.00862274717828498,0.0341028422589607,"calcoco1a"
396.223627032703,2.00592812090863,1.09986069945123,0.00862018992126367,0.0341028422589607,"coro2ba"
4.60061777312827,3.19895015227525,2.26382549461673,0.00865244491268556,0.0341759065593823,"gmps"
158.248850858328,-1.79124843566251,0.911556744783638,0.00865599246958567,0.0341759065593823,"apex1"
26.7436220187519,2.7035120931052,2.662098842681,0.0086499582650076,0.0341759065593823,"vwf"
11.4081991136961,2.20406430347658,1.28182542245441,0.00871718868530597,0.0343979571715229,"stau2"
130.435160982646,1.81322045108084,0.944618909181814,0.00876795287006343,0.0345786141313126,"trappc8"
24.4926579529406,2.0288598476386,1.10288375700666,0.0087935311174114,0.0346597952787919,"prdx5"
14.8579556795073,1.74815722610668,0.876961713114841,0.00882258628616029,0.034754580824199,"psmd4a"
6.19984327609224,3.08170260284552,2.2836101967778,0.00884880118476879,0.0348380765873399,"ackr4b"
135.815097646013,-1.71630330841959,0.905739696408943,0.00891068793664231,0.0350618395511532,"csgalnact2"
22.9661192361267,2.97032832141053,1.89722369639641,0.00893104816829395,0.0351220426833588,"wwc3"
8.07435984589947,2.38288458842668,1.52525292579674,0.00894572128474583,0.0351598252760027,"ano8b"
7.15399790284408,2.83473041188277,1.7790511367851,0.00896934046443037,0.0352327063744262,"pym1"
8.89774577105502,2.56261404482141,1.7047061449065,0.00903286009024762,0.0354603738537844,"atrnl1a"
147.166988014645,2.13837041975499,1.22340628628849,0.0090375164021531,0.0354603738537844,"vat1"
6.73844475314331,2.62679353782851,1.64983358284175,0.009048307990486,0.0354826586225782,"hivep2a"
65.9360155459047,1.49639548506552,0.701744932921778,0.00905757409096908,0.0354989394496987,"ywhabb"
9.59774882330516,2.18313057004324,1.26757584803119,0.00906486816842252,0.0355030844755504,"pdcd6ip"
12.3458662035601,1.93888756444163,1.03413043196301,0.00906886165900458,0.0355030844755504,"ppp2r5cb"
7.86664389128241,2.58275523043086,1.81632127282764,0.00911897946152711,0.0356791637217924,"ZNF503"
60.5467345870501,2.15079696534179,1.21726436132272,0.00913945120809471,0.0357391159635974,"stk25b"
6.11978094587161,2.83658845353747,2.1110482879744,0.00914834482587679,0.0357537508087899,"mab21l2"
20.8867803152367,2.09629982775504,1.20702890996387,0.00916766565681883,0.0358090981001573,"syf2"
8.30865114053848,2.67924093780257,1.90459131947672,0.00918581041231147,0.0358597919414252,"evi5b"
34.0269549449632,2.23024968356752,1.40542930506934,0.00920220296325447,0.0359035923372396,"sfr1"
27.0065735519164,2.38664654885388,1.54769021431508,0.00922588925738687,0.0359706172410514,"elovl1b"
8.5231447659053,2.24262128967592,1.35157297128575,0.00922974633429083,0.0359706172410514,"fnip1"
11.0146266811955,2.19232696351307,1.27828744882892,0.00925865013405961,0.0360630137937754,"zgc:172122"
7.88819561826975,3.36216898218107,3.13189372058309,0.00926779200120293,0.0360666758386458,"fpgs"
88.8253715511236,1.64364490116833,0.830773791935747,0.00927751084325443,0.0360666758386458,"tet2"
384.588550153444,1.76008964167171,0.905287237405978,0.00928037502489862,0.0360666758386458,"hsp90ab1"
11.4666500369262,2.70407658368897,1.9546671226377,0.00928027479079525,0.0360666758386458,"coq6"
97.0754514041642,-2.51817624462441,2.3772682978044,0.00930099548435804,0.036126586265769,"otol1b"
28.2535810101991,2.90962129497736,2.61026688274865,0.00937597908160198,0.0363786735200556,"pola1"
4.73621852517387,3.04747886891145,2.7356477518151,0.0093868612987206,0.0363786735200556,"lrrtm2"
11.1099625973678,1.96517445180571,1.06250280895576,0.00938576217896678,0.0363786735200556,"ece2b"
4.27575045006211,0.836868970811673,1.61297813305125,0.00938596221054043,0.0363786735200556,"slc52a2"
227.639780993034,2.59462016341707,1.92151877037557,0.00940504855634303,0.0364085008530825,"rpl18"
8.75699149500099,2.41456725501257,1.55572867100287,0.00940298385540808,0.0364085008530825,"stx10"
40.3913184387089,2.32422100965405,1.53452764697537,0.00945172537572792,0.0364580198383257,"gsna"
9.02775195584049,2.31930583909259,1.44415040205536,0.00945153278385637,0.0364580198383257,"FUCA1"
10.0247583957651,2.15777917726916,1.27182577549725,0.00943879262314328,0.0364580198383257,"fbxw11a"
7.29683671346618,2.30390005041873,1.41369848100425,0.00944596699934788,0.0364580198383257,"CCDC88A"
139.935501604376,1.52130188211749,0.736769345893921,0.00945104669797504,0.0364580198383257,"fanci"
20.1433007777113,1.88451556277713,1.0145235259805,0.00944445288705283,0.0364580198383257,"fscn1a"
16.8964764589619,2.04043618199946,1.15292416858039,0.00945460822777499,0.0364580198383257,"cstf3"
20.791943190779,1.7161822207529,0.871839283475963,0.00948787704196143,0.0365659936414516,"zbtb4"
95.9184353299711,-1.63150104938249,0.818874275838517,0.00950827684327257,0.0366242783402636,"fam32a"
9.40051477166368,2.72881294447834,2.26265929151429,0.00952760623313605,0.0366783776285066,"cd59"
3.49360793258008,3.52724950523262,5.06137776624866,0.00953812551261627,0.0366926025720472,"aox6"
7.21016951532277,2.64617607938721,1.97313600849809,0.00954716038684875,0.0366926025720472,"osbpl2a"
11.1095192168601,2.23301554251096,1.33658535472709,0.00954321909916855,0.0366926025720472,"actr1"
11.2512174598902,2.09145421361274,1.19742460862773,0.00957131321015752,0.0367650719378546,"si:zfos-80g12.1"
154.263676867154,1.67674746256916,0.843239266548507,0.00958385586252734,0.036792889127103,"ccn6"
58.1822180721121,-1.93090168263947,1.0502091842046,0.00962967072361091,0.0369483385807536,"sdhaf2"
88.886710986056,-1.50946793590142,0.748552923826177,0.00964358405515372,0.0369812800700674,"fgf2"
12.7584457221632,2.85441854444072,1.99097789618321,0.00966696316970033,0.0370504645835947,"aga"
26.9803410637981,2.66803713973096,2.48943242564233,0.00969814350049059,0.0371494558702567,"apoa1b"
5.6279889901112,2.93985759038347,2.20490530584431,0.00971553096467959,0.0371955325018428,"hsdl1"
5.40827329733958,3.05040128533395,2.75489001343392,0.0097482773576363,0.0372797758343546,"fcho1"
554.263719947358,-1.31902376715606,0.6122149594801,0.00974788771014194,0.0372797758343546,"DCTN6"
20.8818819933026,-2.20354771218653,1.24749622096084,0.00977779333025739,0.037372061401606,"bloc1s3"
11.0610692807838,2.47819909453148,1.73480708439937,0.00980022194957487,0.0374371714650518,"pde7a"
4.05788152107192,2.9453700367432,2.16754468177831,0.00980998082432459,0.0374538376796683,"p2ry13"
6.68197001138958,3.01457976907945,2.90485994760845,0.00987265524887206,0.0376724024642226,"gask1a"
125.675361897643,-1.84598711136096,1.02469914798035,0.00989041769159928,0.0376951961485461,"tspan3a"
7.97900767805645,2.38628448498927,1.56186191447713,0.00990035190589245,0.0376951961485461,"SOX8"
16.4312184211267,3.02751274040186,2.96270888934124,0.00989621329777553,0.0376951961485461,"fuk"
4.16577781788665,2.85575164434609,2.07041644484862,0.00989221487741703,0.0376951961485461,"thoc5"
16.274730361695,1.96656225699018,1.1002447825733,0.00991683637771984,0.0377372594834174,"coq8aa"
20.349355827178,1.79509964828765,0.941089589042082,0.00994306285172878,0.0378104878713388,"polr2a"
14.5913597241987,2.64535917158228,1.79686593485572,0.00994697462225394,0.0378104878713388,"her9"
280.86626153099,2.43600506404363,1.45648172385712,0.00997810182820641,0.0379080485985663,"gng3"
7.78048341228869,3.16748972202883,3.17402119581529,0.0100556409280091,0.0381817306790544,"st8sia1"
26.2962576925116,-1.5392999968703,0.762921394169577,0.0100660208248082,0.0382002463340589,"itga6b"
316.826996684413,-1.37454229291265,0.655477734836992,0.0100716647195433,0.0382007785892625,"thoc1"
3.88592891985073,-3.43616486128413,3.30801261241018,0.0100851534248721,0.0382310485647391,"AKR1D1"
255.48875560328,-1.42773722979854,0.692716681590577,0.0101006191942207,0.0382687761064879,"polr1e"
10.3413200771444,2.65488029236585,4.82228906458718,0.0101181791053074,0.0382726327901573,"parietopsin"
35.2149897107248,2.1548986268439,1.30921372976682,0.0101171148102985,0.0382726327901573,"eif3ha"
14.2674914435208,1.63467009814524,0.827708233076336,0.0101110433506709,0.0382726327901573,"arid1aa"
64.0710558486451,1.36715569268989,0.637945135366016,0.0101530367549802,0.0383835665121555,"anp32b"
7.78776760531678,2.1692233356156,1.27643994783575,0.010178611599496,0.0384593049058802,"ptena"
70.3241052861076,-1.94786233166145,1.16098879136467,0.0101876138702717,0.038472376427397,"adamts10"
30.595901564826,-3.3391743942519,2.77996187140747,0.0102389674598037,0.0386452817501346,"lctlb"
4.40415284524772,0.827873651812446,1.5918303819704,0.0102460537999215,0.0386510105572037,"cemip2"
4.17880252881363,2.81664892017757,2.05697323149075,0.0102637382631018,0.0386936650265386,"braf"
6.81326119495693,2.8988759806434,2.15804008315943,0.0102685104421386,0.0386936650265386,"sgsh"
13.4098386516023,2.53040376925855,1.9557237708995,0.0102953451062566,0.0387737332515069,"lum"
4.81490790928108,2.96417041190365,2.43512134939692,0.0103168416985197,0.0388336215994713,"dnmt3ab"
4.24803019409388,0.818662639802383,1.57342738922934,0.0103312074365133,0.038845563822773,"wnt5a"
5.57317035930983,2.62181035658132,1.84974790102913,0.010326046036699,0.038845563822773,"stub1"
158.092531661618,2.05397862569001,1.24213146292307,0.010349467763017,0.0388931541651874,"tpt1"
9.39619168730933,2.0615994649064,1.21019608157297,0.0103554737890562,0.0388946664338956,"aldh3a2b"
3.75183094706864,3.2670494529177,4.69031581006183,0.0104119075991537,0.0390854789863308,"kcnip1b"
325.985218793869,2.76647025680744,2.50383325803464,0.0104664181130185,0.0392688692553845,"dnajc15"
10.8200786511609,2.22555259736719,1.39765455278192,0.0105071560575576,0.0394004160969786,"gnai2a"
10.1883519691203,2.62379023417768,1.89713557387533,0.0105239549229739,0.0394421010369124,"prkar2ab"
10.4462202706709,1.96737470802919,1.12309007838939,0.0105303257682553,0.0394446795237235,"SNIP1"
162.358784291066,-2.10557837998304,1.43684883393499,0.0105692193022031,0.0395690135796071,"srpx2"
8.21512967462676,1.60613923818351,4.49175131248674,0.0106531248434508,0.0398616385651709,"aspn"
419.440885923826,2.19666210801547,1.40411322044051,0.0106887711839444,0.0399734702520247,"rpl35"
215.468139660146,2.37699127892411,1.66253705274226,0.0107110009427393,0.0400350336798888,"rps17"
9.13765624941844,2.08425528292636,1.24078029322347,0.0107218983106126,0.0400541960032089,"jund"
24.9369093479137,1.7841561517696,0.962479388512351,0.0107378828697398,0.0400923318982594,"zeb2b"
21.8191512262968,-1.86845271245771,1.0718600932779,0.0107463357288631,0.040102320588193,"FAM53C"
205.010045082221,1.887102489989,1.0820136781604,0.0107562336207239,0.0401176881039467,"rpl24"
24.3723462043917,2.84236154624656,2.17552376058805,0.0107828558217882,0.0401738069023252,"acaa2"
5.29013832007416,1.0709557161007,2.08024008928778,0.010779165159472,0.0401738069023252,"rtn2a"
158.987924090069,2.51138910719734,1.78480170507246,0.0108046418905358,0.0402333794861638,"ugdh"
5.91002440983646,-3.35285914084102,3.23558333505104,0.0108368308107658,0.0403316046421047,"gsg1l"
159.571374682645,1.84113643392763,1.01808178053556,0.0108930040263654,0.0404988666262183,"itpka"
53.0753909633678,2.48982773998437,1.55711382153865,0.0108934424421769,0.0404988666262183,"TANC2"
4.08785775339513,2.88265133315611,4.6115380872756,0.0109016898029969,0.0405078313290158,"xkr8.3"
5.576981809175,2.25529609087248,1.42504858320837,0.0109527659421509,0.0406758418429477,"abhd2a"
3.49666176485154,2.76618318165597,6.40808443716204,0.0109716259826919,0.0407240940886975,"slc6a18"
7.42210966524026,2.68688669461045,2.19397505449837,0.010982890691507,0.0407441177390435,"mcm8"
192.023831047117,-1.57535856053493,0.81913465059994,0.0110260219650736,0.0408822748181494,"appb"
8.40430777855906,-2.35193515316986,2.40523782963066,0.0110586854772774,0.0409814927377374,"tm4sf5"
8.50974817640518,-1.49678226579996,2.28330672722354,0.0111096286564284,0.0411483097674865,"slc44a4"
19.7460156376167,2.40198669807414,1.47921664590786,0.0111351616411997,0.0412145767492387,"cog1"
7.57729656436512,2.24010561152638,1.49488196393329,0.0111393957616441,0.0412145767492387,"NASP"
4.05994330462769,0.90679058332363,1.7235456250987,0.0111613157899993,0.0412517001588846,"stxbp6l"
12.1085060039894,2.14439406151928,1.35173659020097,0.011156905524112,0.0412517001588846,"GHITM"
15.4021204613998,1.90145525061809,1.07706352121123,0.0112290890361495,0.0414580356382518,"asap1b"
48.0158614255328,2.0752019351955,1.29940323434534,0.0112261717931123,0.0414580356382518,"cfl1l"
12.6495531751233,2.33906102359294,1.73958805092125,0.0112502620403457,0.0414920663241441,"decr1"
4.46614001364112,2.64925698595556,3.50824577482434,0.0112502089321259,0.0414920663241441,"dhx33"
7.08186467946309,2.90680031218208,2.89604240474612,0.0112582433927096,0.0414994516138063,"lnx2b"
6.13412162862519,2.19543300191162,1.41681712715326,0.0113133059385853,0.0416802847769216,"itgb8"
46.8740828227733,1.78981047293961,0.979739007614664,0.0113279986016448,0.041712274957038,"myh11a"
28.5309350089708,2.02414703456798,1.26817415846353,0.0113780976028519,0.0418745362997852,"zfp36l1a"
32.8046816608982,-2.08420621753314,1.41756972256281,0.01138512576289,0.0418781970960358,"timm13"
12.1064007180363,2.15416671260145,1.37963016244229,0.0114224877990601,0.0419749864993889,"nucb1"
3.99373804555483,2.74595874774388,2.13829933262909,0.011423534000482,0.0419749864993889,"sema3b"
6.88026417673834,2.23444788790888,1.44669307748182,0.0114659421682753,0.0420885389545884,"mrpl44"
4.52558215768966,2.54974426571429,2.98942750435634,0.0114665649276944,0.0420885389545884,"sema6e"
25.2954758846632,2.47241782946796,2.24969221846492,0.0114987234919136,0.0421682533512312,"LAMA2"
12.2571878644979,1.94626407649868,1.15660285663175,0.011500432732154,0.0421682533512312,"TMX3"
5.40687834049795,2.89551608452356,3.22227119983427,0.011514166619981,0.0421963202266569,"saal1"
10.043366525456,2.48288569499998,2.04570802315713,0.0115653581389561,0.0423208861894993,"lyn"
6.96438870947269,2.44408956583837,1.85231734571723,0.0115614129227827,0.0423208861894993,"apeh"
9.01850094927833,2.42593489616553,4.11427643269498,0.0115664487972166,0.0423208861894993,"syt1a"
4.57362931360254,2.80439485775052,2.62856357097547,0.0115754941044044,0.042324547304148,"dusp12"
4.76867764013897,2.79398480147437,2.21305588297119,0.0115796449114792,0.042324547304148,"MEF2D"
82.2572656667192,1.84705780552842,1.06026681878869,0.0116423144402411,0.0423973266157993,"snf8"
66.1799464910693,-1.66379035443112,0.897127821032373,0.0116391796407684,0.0423973266157993,"mydgf"
28.7723221896477,2.26298461452674,1.65232036255338,0.011642040158855,0.0423973266157993,"tns2a"
4.41737259863166,2.52843833255394,2.03845555286385,0.0116339495467666,0.0423973266157993,"plcl1"
19.0286278716296,1.66766364388132,0.879496164614655,0.0116227100383217,0.0423973266157993,"akirin1"
5.37402593909319,1.27639598932436,2.64648385878452,0.0116125494064244,0.0423973266157993,"npr2"
5.02703091781035,2.42437920744772,1.65486676989846,0.0116301444963307,0.0423973266157993,"zgc:114119"
4.63892307118112,2.75339769383951,2.80819615047196,0.0116864154901075,0.0425356108635741,"bmpr1aa"
5.42088515382859,2.20952109381827,1.39736633584459,0.0117213887071171,0.0426405445577045,"zmiz1b"
687.762723152692,2.54476090082511,1.6190048887364,0.0117779301035367,0.0428237888154261,"msto1"
4.29070854852993,2.4869817174653,1.67752063169548,0.0118066401826455,0.0428832493499437,"rps6kc1"
3.53244676029224,2.88146690046271,4.08232675419207,0.011805838368894,0.0428832493499437,"atxn1b"
8.99113800137269,2.31271001268867,1.72640902347078,0.0118311791770148,0.0429499030688599,"ifih1"
11.0667785155903,2.15006687608638,4.46221449744119,0.0118659428300216,0.0430535855636069,"selenom"
45.9390206833718,2.22812292217334,1.41960086984132,0.0118845377538921,0.0430985248431373,"shq1"
10.5138348143739,2.43668007652616,2.4916692458609,0.011903459200777,0.0431446006854271,"thraa"
48.7872203923778,2.10976656113338,1.41824563281016,0.0119200171529493,0.0431820663145203,"scpep1"
11.6536167796041,1.93033314216828,1.12207168477353,0.0119352626260756,0.0432147406821027,"sf3a1"
24.5483341102479,2.64103261014969,2.07472164178266,0.011964768613863,0.0432989879816596,"tmem110l"
22.9857049363301,1.7900137566149,0.995638090834931,0.0119714943125,0.0433007514450561,"proza"
6.90127580708831,2.68977841943267,2.31457852241492,0.0120193529692593,0.0434512129998068,"USP24"
9.42066097953703,2.25233808302827,1.52104057118937,0.0120403080967854,0.0435043094741214,"copb1"
21.1648205038055,1.86205695958221,1.10174044955925,0.0120484122331232,0.0435109413684225,"sdccag8"
7.98345346168529,2.58876895640209,3.11782769909614,0.0120982671407136,0.043656947480974,"TNS1"
4.43467651889909,2.64526095102744,2.85482276079741,0.0121014215463757,0.043656947480974,"INSM2"
29.0172914929555,1.87432763360269,1.10815252784999,0.0121665532261725,0.043865888648718,"psmb7"
16.8888401990837,2.60847137936217,2.02486787926279,0.0121719783226381,0.043865888648718,"sidt2"
25.7078155898672,1.88646962892875,1.08576475285192,0.012187590886996,0.0438993608441306,"fkbp5"
9.94446336162049,2.67282891342835,2.81206183486275,0.0122127428768469,0.0439471765848537,"arhgef10la"
4.47506217467211,2.69405262837248,2.9253763882574,0.0122135288333357,0.0439471765848537,"paplna"
141.810766898992,1.84276364373048,1.06389735709469,0.012306211779104,0.0442359531560335,"rpl17"
1102.75783960048,1.46702052001593,0.730167921405256,0.0123065301173175,0.0442359531560335,"pdcd11"
11.6223957194894,1.89317848620413,1.09814256627157,0.0123606398279708,0.0444074539575287,"gclc"
25.055002425536,1.73080390042221,0.966652790723921,0.0123684913871353,0.0444126739359061,"gdi1"
15.4446209035916,2.05115206297581,1.29788570644901,0.0124063914743971,0.0445257307258483,"prdx6"
7.50899170004558,2.14907676090445,1.40015026644261,0.0124344305895205,0.0446032985642696,"map7d1a"
49.7652896412004,-3.09974390619041,2.57503692807067,0.0124675863454584,0.0446991305908194,"rundc3b"
8.25035423342658,2.22552299118947,1.51785549472917,0.0124896882945479,0.0447552537183566,"fra10ac1"
15.3628515345758,1.98981605062439,1.22586531499436,0.0125512302764263,0.0449525744833203,"pkdccb"
10.7429845855266,2.87905892124018,4.56004518757305,0.0125615336935936,0.0449662740418944,"fut11"
3.99439140067338,-2.89587586685175,4.70393310232343,0.0125995872472737,0.0450792448883126,"lmo3"
4.29659535273927,2.63573222181088,3.23995544155105,0.0126098594736952,0.0450927535326731,"mtmr6"
13.5130160018118,3.11087740588533,3.3226281265411,0.0126334145522722,0.0451537231757576,"toe1"
153.102563516917,-1.86887445940109,1.07848886917518,0.0126516500132704,0.0451956267329437,"vps4a"
26.4998023266302,-1.93291591401457,1.11945375940687,0.0127047026627793,0.0453618010197278,"got1"
17.4418454912846,1.6878935807869,0.931178963739762,0.0127535867478404,0.0454895403991573,"baiap2b"
4.58168898242205,-3.00721088095891,4.09266913277411,0.0127491230581849,0.0454895403991573,"adgra1a"
27.2183746436978,-1.63431982213651,0.919811926723683,0.0127765289162422,0.0454905378982641,"hddc3"
3.81494738561276,2.69140996807977,3.54937783829839,0.0127897715764644,0.0454905378982641,"rnf41"
15.3267854133281,1.55568738872265,0.804334278211483,0.0127717395091272,0.0454905378982641,"plcg1"
11.5514211996117,2.24840722231476,1.61968267767402,0.0127899144809236,0.0454905378982641,"eif3m"
6.70554698615282,2.08551522109031,1.34300579204222,0.0127931897388577,0.0454905378982641,"eloa"
317.046586671082,1.9275542908346,1.14459635482123,0.0127767902231808,0.0454905378982641,"psma6l"
7.94568777106902,2.05836870896421,1.27824814338649,0.0128128010240513,0.0455336075353368,"pmm2"
8.05111574872875,2.12111731978202,1.43821293464866,0.0128184222913194,0.0455336075353368,"podn"
3.68832446981559,2.605462096485,2.63001073389165,0.0128566849262793,0.0455995146005645,"dhx15"
8.64553963246213,2.51144118103764,1.59800043400312,0.0128443815198436,0.0455995146005645,"stk19"
11.7167746005924,2.35046731846002,1.51588181141315,0.0128513811751244,0.0455995146005645,"plaa"
14.168455833814,2.3444719563765,2.72603450343433,0.0129216849255551,0.0458066471237374,"jak2a"
161.295414367526,1.90073809552791,1.10577274837566,0.0129432220543682,0.0458595733942672,"usp11"
4.03142877141437,2.29387126720993,7.25512520690544,0.0129851182295417,0.0459845436894128,"pcolce2b"
20.6881150349677,2.2870831208339,1.81560612702542,0.0130070236421325,0.0460386288118519,"pdgfra"
13.1400865604836,2.33102507365479,1.86742916211038,0.0130204598596625,0.0460626971895605,"foxf2b"
4.24364887048474,2.59323783925226,1.93593014224196,0.0130320761869791,0.046080306069191,"sec31b"
239.317318485067,2.27735135919757,1.75621769991019,0.0131438850308571,0.0464519887979526,"krt8"
209.166721033298,2.43347067774835,1.72488270058146,0.0131537528656196,0.0464632054148933,"pigt"
5.62905275192562,2.59718363890394,2.65718357690142,0.0132054987829354,0.0466222619798344,"syap1"
5.55532790378753,2.15252946763579,1.41631394670825,0.0132507105817188,0.0467580997192223,"ftsj3"
6.1773064682675,1.39328717768393,2.76836505988102,0.0133268309051999,0.0469550930522804,"afap1l1b"
9.81715207002694,1.97904717080169,1.23324291455226,0.0133234968758202,0.0469550930522804,"zgc:162200"
5.45976664046349,2.28747079781449,1.52423459836341,0.0133189207536344,0.0469550930522804,"spag9a"
20.7331746875722,1.89036630867852,1.13894371126708,0.0133454811289904,0.0469969480042225,"ap2m1a"
5.97540170930159,2.41724672126589,1.75295728175186,0.013383841100827,0.0471081344223326,"wdr81"
18.4278256558927,1.79293713538373,1.02862520013248,0.0133936837768871,0.0471188844882786,"slc3a2a"
473.119221675994,1.83811902932409,1.11208408802855,0.0134056609008309,0.0471371288311385,"pno1"
45.6812289573223,2.25214577464616,2.42634990669587,0.0134391809653625,0.0472310658635852,"rpl30"
17.0555098810877,2.28890045554421,1.94526898832376,0.0134483605784173,0.047236217771554,"impdh1a"
9.62848480875455,2.33395863462253,1.5487971246808,0.0134542576767558,0.047236217771554,"hyi"
4.30016865230831,2.26562663501877,5.63813738364964,0.0134925582961981,0.0473467376814515,"si:dkey-167k11.5"
18.2719269957613,1.6851946902722,0.924795048795646,0.0135093972566812,0.047381872844176,"ipo7"
12.583228997362,2.28716308195589,2.09277197247482,0.0135289559405915,0.0474265066584068,"nefma"
4.21713040148405,2.53555356700419,1.89578493995729,0.0135793265186305,0.0475790536929905,"polr2j"
6.28568486534255,1.14659964331139,2.20671969692003,0.0136007383540924,0.0476275167209251,"dnajb13"
4.03380083273012,2.61668610050318,2.33689242634078,0.0136068816680009,0.0476275167209251,"SP3"
7.36748940164081,2.43650081926997,2.39391086758358,0.0136249862440671,0.0476668495564867,"ptpn13"
8.0135282224608,2.41383404981711,2.13784149472991,0.0136342438410704,0.0476732907250102,"pkn1b"
9.70769444970036,1.9881438975791,1.26786207096017,0.0136405640944922,0.0476732907250102,"p3h1"
6.86819807972277,2.46618937874831,1.88210762129572,0.0136585108547322,0.0476879898605113,"iffo2b"
5.2710840285381,2.29847688059349,1.73980714166447,0.0136543635907367,0.0476879898605113,"nop10"
7.98051111984645,2.00833786095515,1.27561389753342,0.0136874405868787,0.0477649698911641,"prpf4bb"
10.1157864766219,2.01241017647665,1.3329730126502,0.0137160061104919,0.0478165737885103,"rsad2"
20.2268998331571,1.69645516114806,0.940166578141168,0.0137132617006988,0.0478165737885103,"rab10"
3.69187171465117,0.762294769377046,1.48994925599315,0.013744346234302,0.0478913188816719,"slc23a1"
8.03408596092416,2.37119273582411,2.39122613491498,0.0137674713673422,0.0479478267740703,"ZDHHC14"
10.8660575757682,2.1240386854939,1.38052057624165,0.0137874940529623,0.0479934785464451,"scarb2c"
9.96391354350149,2.29460176290879,2.40127681547384,0.0138067319350737,0.0480363540658377,"emilin2a"
14.8794968355098,2.2002570505498,1.76832439479911,0.0138174141481046,0.0480494346703376,"zgc:112001"
77.7860592243268,1.50628272672868,0.789483584535998,0.0138394157182778,0.0481018450178097,"gpx4b"
11.4106262074349,1.958908575333,1.23689327100157,0.0138663358456049,0.048171289842014,"ABR"
5.38683413347289,2.33234786096835,1.69795334336679,0.0138927468211411,0.0482147778427702,"cep170aa"
3.83173331562736,0.81733225378648,1.56582860936152,0.0138879866127297,0.0482147778427702,"nid1b"
5.3255376046487,2.5076813603494,4.150863388129,0.0139147904437525,0.0482671466617124,"tmem39a"
14.1348869912922,2.09788887451722,1.45017694203566,0.0139911316482719,0.0483868683461164,"nmt1a"
8.03009988331352,2.34567321956937,1.9335991432164,0.0139859581432134,0.0483868683461164,"dhx16"
18.4800532461361,-3.03748260082093,2.98499832966654,0.0139748661073335,0.0483868683461164,"nudt22"
10.8501898264605,2.14629889326989,1.61303653957914,0.0139886721014164,0.0483868683461164,"arhgef6"
13.953993893236,2.29529177585126,2.73061421542163,0.0139808764861986,0.0483868683461164,"serpinf1"
8.82649798485414,2.00143983403385,1.28723898059307,0.0139579565327705,0.0483868683461164,"XPO1"
54.4340443273203,-1.63842308554496,0.89318371652349,0.0140371308748764,0.0485217755988632,"mcts1"
27.0582640806313,1.87232311381333,1.1635191528067,0.0140607701790795,0.0485792960741615,"hnrnpm"
7.71848099327885,2.32821410111687,2.58463170950443,0.0141097439750468,0.0487242452392038,"slc2a3b"
7.0456077923943,-2.1149353835356,1.3659900971965,0.0141313569505246,0.0487746139202343,"hmbsb"
3.80812784729355,2.44169780828795,3.65450149776928,0.014166061798581,0.0488458196442876,"nrp2b"
12.1797432197492,1.8876918177076,1.14616803993091,0.0141654093721492,0.0488458196442876,"cox5ab"
36.0474013221873,-1.87585297505184,1.14650241775932,0.0142176322149385,0.0489992975193088,"cep104"
16.5801320143998,1.71145328384223,0.968767100579165,0.0142393830998976,0.0490255744525741,"ctdsp2"
8.71609141242324,1.95255834775904,1.23870138369276,0.0142329244975091,0.0490255744525741,"mta3"
5.0966332200795,2.2771425693974,1.58518532489817,0.0142464567270621,0.0490256103830133,"prpsap2"
27.9683304893904,-1.81863391317468,1.24059114510555,0.0142670211476815,0.0490720484569165,"manba"
160.31676058213,2.72123364333651,2.96164491399551,0.0143277011957771,0.049256351659182,"ss18l2"
11.1310819113693,2.05970564874346,1.42909951649373,0.014359494862196,0.0493412147715358,"reep6"
13.0488397155158,2.13337168258991,1.81602339141498,0.0143772301782973,0.0493777113644542,"PIAS1"
21.3323280658628,1.93360183631693,1.24445864953234,0.0144182035578786,0.0494450350272903,"rasip1"
6.44081986230318,2.13307706780228,1.45006190661143,0.0144089560330884,0.0494450350272903,"smg1"
87.5863439200448,2.19054028078012,1.72504251904343,0.0144158461242632,0.0494450350272903,"sfrp5"
6.7404653017227,2.19113066150199,1.58795616250534,0.0144310109533074,0.0494645170503241,"golga5"
21.102128126646,2.01816258668223,1.34704942659005,0.0144455495985505,0.049465495689955,"rhag"
15.187637663975,2.01612352802305,1.33675166059578,0.01444482789039,0.049465495689955,"bcap31"
148.438895887823,1.68215550887663,0.959753729786072,0.0144924953602549,0.0496017802246198,"nup88"
12.5197310365406,2.09199135933674,1.44429646264535,0.0145142520233874,0.0496517611110558,"kmt2e"
30.1082202682326,2.09058519988944,1.68081738245588,0.0145410996090085,0.0496946195894277,"fabp11a"
3.90162266033977,-2.07402987385671,5.26703037241793,0.0145370794583449,0.0496946195894277,"sec14l7"
18.9072612354939,1.79943912733048,1.08396213118583,0.0145567403932986,0.0497235900934477,"MXI1"
4.04520576979496,2.13728065121832,3.50932480597654,0.0145670210036614,0.0497342315722644,"mtpn"
161.991676518022,2.67301629065663,2.6883255205927,0.014575677739565,0.0497393211358507,"b9d1"
21.6110936119998,1.77370467096517,1.05297321256675,0.0145913187186908,0.0497452924430458,"psmc1a"
7.85985860711867,2.17655080682526,1.65406403005627,0.0145917613332432,0.0497452924430458,"tmem131"
7.33409316703916,2.33486295451277,2.39976926216476,0.0145991254858798,0.0497459646526714,"aldh16a1"
25.6499037473045,0.410595297685005,1.14289496902153,0.0146453192302812,0.0498788816375769,"aptx"
12.9977174751171,1.76422687692014,1.0352969928846,0.0146588608448263,0.0498934355841596,"unc119b"
23.0529116869838,2.01686135084029,1.39545080169157,0.0146639689658098,0.0498934355841596,"ccn1"
