"baseMean","log2FoldChange","lfcSE","pvalue","padj","gene_name"
17920.2652668455,16.1302054271994,1.36924108247594,2.78398313088797e-32,1.88670536780278e-28,"map2k1"
3529.41115659414,-12.5931490744611,1.1216639416043,1.62750838492898e-29,5.51481216233186e-26,"nfe2"
1004.27036669807,9.72354373844499,0.907065740897918,7.83100598744495e-28,1.76902425256381e-24,"COG5"
1116.2629369664,-9.99284225417527,1.00813250328369,1.9143030666816e-24,3.24330797072531e-21,"gltpd2"
2030.02890009173,-9.42916296464747,1.00462606992174,7.39282502287133e-23,9.16313124865462e-20,"usp4"
10366.2163674878,12.6919589201905,1.31778264629602,8.11255533302755e-23,9.16313124865462e-20,"gnai3"
3209.5175441249,-13.5646510360673,1.43784319083008,3.33008189541554e-22,3.22399500074731e-19,"pcyt1aa"
850.521763369094,8.10680460137107,0.860536347329902,5.99916554944076e-22,5.08204311607001e-19,"tnip1"
1550.05403727914,-11.7803985248914,1.26362806584276,8.70786708642428e-22,6.55702391607748e-19,"ube2g1b"
350.194767341376,8.29839138776406,0.88514312390832,1.08475155423355e-21,7.35136128304074e-19,"ciao1"
738.001531549641,-8.76167370606845,0.959491497990334,1.22800069226961e-21,7.56560062864652e-19,"si:ch211-217a12.1"
1691.66673733657,-12.2243606317511,1.30015990190225,1.34426408243886e-21,7.59173140557346e-19,"rbm34"
950.767325766665,-11.4171814004006,1.22263166972301,3.50405375594935e-21,1.82669017723606e-18,"dkk3a"
672.15978334287,-10.1662983757247,1.11899800610192,8.38089284613051e-21,4.05695077273046e-18,"PIP4K2B"
1177.4166429302,12.208838232972,1.34853503322573,3.92148706529977e-20,1.59542918899346e-17,"mat2aa"
4027.79561562454,-8.22001222739557,0.940696088310648,4.07087700170619e-20,1.59542918899346e-17,"acot13"
939.948765877783,-10.0037805807399,1.13340343012926,4.47294593343305e-20,1.59542918899346e-17,"ckmt2a"
284.695830782721,10.553679316261,1.15236187870471,4.32651948001789e-20,1.59542918899346e-17,"cox18"
1658.70294911147,-7.50463167369078,0.854186900305627,3.66540589475452e-20,1.59542918899346e-17,"slc20a1b"
3521.69074170046,-12.2938465132314,1.42623186469006,7.18875907410138e-20,2.43591101225925e-17,"gla"
614.72103006652,9.86829199847303,1.10680878272533,1.18582511974757e-19,3.82682706501396e-17,"zrsr2"
605.604013881262,-11.0532929997617,1.22797283436467,2.02525029654734e-19,6.23869148168242e-17,"higd2a"
355.797187974283,9.72159731211547,1.09933308566193,2.55803286148569e-19,7.53729943577762e-17,"msh6"
285.20262787485,8.32882928787225,0.9587790164782,5.18106237770478e-19,1.46300248890439e-16,"flii"
839.826951147132,9.37577452590496,1.09578444399591,1.89896475151186e-18,4.94972466192148e-16,"mfap1"
148.062492233112,6.92786327400091,0.813253740453749,1.89287560483521e-18,4.94972466192148e-16,"ccnh"
265.498234522119,9.7971202433364,1.13865790397697,2.06326173227564e-18,5.17878694801186e-16,"eps8l2"
733.542089420192,-9.38810456189941,1.1067269325169,2.71959563739197e-18,6.58239272664478e-16,"ddx49"
616.229618855626,10.0558583197551,1.17754887856091,3.08482830246078e-18,7.20892462268161e-16,"cttnbp2nlb"
3524.44882695095,-14.6113795081642,1.68407846892232,3.50872280440512e-18,7.92620481515116e-16,"jph2"
1030.91817779934,-10.7969099905858,1.31932051214937,7.42564720405031e-18,1.62334229360803e-15,"pmvk"
1018.21835683395,15.6452805065598,3.1862438170188,9.75489348482603e-18,2.06590353583331e-15,"dnajb12b"
231.227154247691,8.35816781577895,1.00738461017957,1.32674973439293e-17,2.72466149999421e-15,"tmem50a"
165.756884128158,8.96291927964253,1.07404401520031,1.46684300850361e-17,2.92376325547911e-15,"sema4e"
179.936557853748,7.30560696674499,0.883916651059435,1.72176440570325e-17,3.33382782212885e-15,"TMEM19"
378.729203065867,9.2431869637586,1.11837197412516,1.77316125526217e-17,3.33797606303103e-15,"mus81"
452.162337177222,10.1822733719316,1.23338429958023,3.89621899736918e-17,7.1363989581543e-15,"acod1"
240.43008820866,6.67572526167378,0.819060014564349,4.71573244151022e-17,8.30170553134067e-15,"RPL5"
1755.19823368251,14.6367433300432,1.89304937700566,4.80045227054696e-17,8.30170553134067e-15,"tor1"
314.091329905172,7.57721607609291,0.928094373744764,4.89992948581418e-17,8.30170553134067e-15,"LLGL1"
162.50560826973,-6.40617137274777,0.801990794845619,5.32039899484576e-17,8.79423024099262e-15,"cyfip1"
323.725544751125,14.2741251501484,3.08520342844644,6.50737651673965e-17,1.05001168223678e-14,"nkiras1"
458.613175460474,-9.12960786586904,1.14632193527095,7.4003931468509e-17,1.16633638037694e-14,"cilp"
1600.31170560772,-13.5051937950305,1.63775161369069,1.06683027742475e-16,1.64316108866081e-14,"znf710a"
629.760399964707,7.6575889841031,0.951129026717858,1.11756313274843e-16,1.68305007791914e-14,"prmt7"
467.814813211901,-8.63613251424976,1.12092503911215,2.33625923242905e-16,3.44191930829819e-14,"ppp4r3b"
978.045295936872,12.8120757772373,1.58952636539277,2.74364775611763e-16,3.95610656238493e-14,"nvl"
396.223627032703,8.69807607181638,1.10701763704034,3.90441901106838e-16,5.51255159125216e-14,"coro2ba"
177.569577007183,-7.95197651715015,1.02349637290639,5.11068803152247e-16,6.92702655792555e-14,"dnajc14"
279.886642574599,7.56059578188818,0.959702864952147,5.02694737121135e-16,6.92702655792555e-14,"prdx3"
357.939904590016,9.50873897690669,1.20332902729685,5.29298052803662e-16,7.03343706637337e-14,"mrpl30"
954.570109364176,-7.04505984862131,0.931750032139551,7.31837320928361e-16,9.5378106229452e-14,"hspa12b"
223.826146762406,13.8248388762272,3.10600890330598,8.03351637862984e-16,1.02722906599952e-13,"bbip1"
152.45320386874,8.42188325917703,1.0761215936218,8.78003396225739e-16,1.1018942622633e-13,"nelfa"
1013.19200072009,-10.508186836519,1.3993737741551,9.54826557946683e-16,1.17651992421903e-13,"mief1"
168.054236134997,9.11880759233996,1.16115761817834,9.86771330804287e-16,1.1941695194394e-13,"gtf2b"
148.438895887823,7.54150453644598,0.968265185251286,1.10873512062722e-15,1.31822770394573e-13,"nup88"
363.85641524533,-8.28622908551434,1.09860955054865,1.1409387665595e-15,1.33312793465064e-13,"capza1b"
212.176412741401,7.91662045983144,1.02249814023046,1.2562720007373e-15,1.44300938118588e-13,"slc26a5"
222.685513728011,11.3947817061047,1.56552005252773,1.49035201981611e-15,1.6833526063823e-13,"tmem138"
214.646075048406,7.98309879012994,1.03272620943309,1.65654119794941e-15,1.84039011450872e-13,"ppwd1"
803.43386557194,-7.82935191201556,1.04966922645746,1.99701651989394e-15,2.18286789601956e-13,"VDAC2"
2148.88561521081,-11.7041405016927,1.55306952271791,2.47470265768177e-15,2.66207300176339e-13,"pold2"
176.605707954651,-7.91846526217107,1.04464477162223,2.55785512706985e-15,2.70852878064881e-13,"fasn"
151.18914209866,5.58506655181549,0.732411164410317,2.70228190810698e-15,2.81744069096016e-13,"mtres1"
356.753346220503,11.1871813941031,1.42794749436433,3.35940714162661e-15,3.44950033315205e-13,"pold1"
96.2522549384118,6.69639761424536,0.88318056763131,3.59179581374723e-15,3.63307466115895e-13,"ctns"
481.692673339776,7.12344013191878,0.93615195775709,4.42568615800369e-15,4.41071692541045e-13,"cep72"
574.200204177127,9.23096228865187,1.22713503892077,6.15214703236543e-15,6.04247832439718e-13,"pif1"
204.773520214063,-7.40872712557066,1.00467910222213,6.3967593684597e-15,6.19297689143591e-13,"usp14"
240.610367529595,9.04796578640144,1.19451997513399,6.88239849198866e-15,6.56929782819819e-13,"si:dkey-40g16.6"
280.86626153099,10.5089940153659,1.37829600146922,8.77227126028338e-15,8.25690032374173e-13,"gng3"
656.357072270876,-10.5057433667429,1.4097326418514,9.10025314342148e-15,8.44827610314622e-13,"pdss1"
440.850631693556,-14.2150056155781,3.56600712471723,9.31619654640255e-15,8.5318735128338e-13,"fbxl15"
16416.3090774323,-7.73461139921263,1.07831597212714,1.04917710670463e-14,9.48036433618306e-13,"nudcd2"
322.498258926682,11.329339392202,1.60908518939318,1.07284059561479e-14,9.56663252168605e-13,"ap1g2"
308.110205506631,-7.74136052107164,1.06557373845265,1.48044114827061e-14,1.30298047556233e-12,"zgc:163098"
655.3097987332,-14.2192302543879,3.57678641074803,1.56566829750532e-14,1.33961592486296e-12,"zgc:123238"
165.10116482405,9.69648528336106,1.29101262615192,1.59949944027644e-14,1.33961592486296e-12,"psmc3ip"
400.526301179318,-9.62895299633719,1.32867975747342,1.62090166502527e-14,1.33961592486296e-12,"dph7"
153.182104776533,7.93086083633863,1.06916743095182,1.61335022279741e-14,1.33961592486296e-12,"si:ch1073-390k14.1"
245.895737369513,7.91775874798152,1.06931317269639,1.60137019404403e-14,1.33961592486296e-12,"ap2s1"
249.461802107731,13.7603843579263,3.14349010165583,1.65423603691471e-14,1.35069368941819e-12,"lipca"
176.894102789225,12.7028724038161,2.95018690805862,1.70035580500886e-14,1.37182277268394e-12,"zdhhc15b"
161.295414367526,8.18999482433427,1.10287776865615,2.11475707848247e-14,1.68608337892656e-12,"usp11"
262.832505834762,9.1534450722363,1.24282980368671,2.42505148104485e-14,1.91099696360941e-12,"tmod1"
380.638439229528,9.72677151356128,1.32262351293363,2.74983306521324e-14,2.14202513597128e-12,"thyn1"
292.788042848113,11.9627704565432,1.72495538038447,2.84690858452926e-14,2.19244312242668e-12,"ddr1"
174.504390052992,-6.13596863566654,0.861378166569319,2.96707583255428e-14,2.25931156373263e-12,"gtf2e2"
245.554901740465,10.6029852437405,1.53291925109474,4.15772569761397e-14,3.13076745030332e-12,"l3hypdh"
679.3192035358,-8.3369089033985,1.1944140323464,4.76294659784493e-14,3.54708671358188e-12,"fam118b"
157.641121849536,6.46513520903615,0.887890193114633,4.85076246919895e-14,3.57321926671319e-12,"mad2l1bp"
334.267440796152,-7.73866525822077,1.10804080890347,7.10574856979895e-14,5.17802774812123e-12,"psmb3"
216.091087594904,-9.61818688157185,1.33026098147963,7.46741274709522e-14,5.38368682841109e-12,"esr1"
611.934467313214,9.81536069043483,1.35877913095837,7.69546923285304e-14,5.48970473589948e-12,"csrp2"
886.777902889,-5.45074021285069,0.782431930561506,8.88228791700685e-14,6.27034012641202e-12,"rhd"
264.895956070755,6.91554874490966,0.969050057634754,1.03657666468081e-13,7.16824495565492e-12,"cnot3a"
390.789680050507,8.02093569259717,1.1208419715148,1.03008698453212e-13,7.16824495565492e-12,"ubap2a"
209.166721033298,11.172571970343,1.65806263694203,1.31445479448973e-13,8.99804054773426e-12,"pigt"
182.928252040023,8.59288992096483,1.21167110296772,1.54528491023566e-13,1.04723958366671e-11,"rsph9"
171.12402320322,9.4778378125582,1.2868519298374,1.60673160456006e-13,1.07810099842609e-11,"si:ch211-160o17.2"
326.201515889667,-5.25729637759847,0.762147855484934,1.66581853102693e-13,1.10678942987936e-11,"atp6v0cb"
103.096714189784,-7.30438004111955,1.04635874014911,1.70163226588378e-13,1.10884248710523e-11,"aldh1l2"
275.071359643796,8.91214784711885,1.25603517721281,1.69854390859812e-13,1.10884248710523e-11,"rpf1"
272.400484773412,-8.4430286609241,1.21797023963983,1.72628337657016e-13,1.11419261362057e-11,"lsm5"
221.812509588044,-6.93124336982519,1.00380761341013,1.75477044453958e-13,1.12189427383441e-11,"map7d3"
688.772782729765,7.91492455521829,1.12031981331684,1.91223596430783e-13,1.20473928420702e-11,"rab20"
181.398956468429,9.49655203869065,1.31782585974233,1.91990324176417e-13,1.20473928420702e-11,"prrg1"
158.192540628551,-6.63699417732448,0.967113626438151,2.13761169925765e-13,1.32904536567606e-11,"slc30a7"
410.105489218537,6.76440650072245,0.959779109552769,2.16331529590025e-13,1.33279888730146e-11,"smndc1"
711.573166390953,-11.9395157827784,1.6528269950143,2.41820093226272e-13,1.47640970431932e-11,"RRM2"
287.545793743143,7.60495190766863,1.07707711116469,2.60237828296163e-13,1.57467121639562e-11,"ireb2"
1010.21575503773,11.4636815996378,1.62556330083365,2.75661950132977e-13,1.65323985491255e-11,"ift22"
769.500342087324,-10.779491502597,1.58599497016996,3.06579241923987e-13,1.82253291449023e-11,"clic1"
817.945813633729,-7.65057299990313,1.1266359047779,3.13898343735138e-13,1.84981658738524e-11,"nol7"
320.459772167876,-9.23702781856119,1.33738577558483,4.06650167538446e-13,2.37574843569659e-11,"armc5"
341.491401073884,-13.1150499473287,3.44751098815034,4.14337867078121e-13,2.39997241469096e-11,"zgc:101679"
183.234085166375,-12.6289666263541,3.35955267796634,4.82743614534015e-13,2.77250294550595e-11,"dhrs7b"
585.937105590908,9.77754277816089,1.39704611123004,4.8922298211848e-13,2.78610432757726e-11,"zgc:173742"
169.319866481242,-9.33049725922705,1.30798211461307,5.04021632751532e-13,2.84646217096428e-11,"P3H4"
776.077310087204,6.88040694128894,0.997267301045008,5.21201907572713e-13,2.91916142778535e-11,"fhl1a"
171.61395042381,-7.2825597433781,1.0821466727379,5.3268036825849e-13,2.95899578335064e-11,"si:dkey-76k16.6"
116.146266146725,11.7586873504917,2.92091458578331,5.80341982921875e-13,3.17175614375931e-11,"si:ch1073-280e3.1"
884.16073734088,-10.2165758915432,1.5496937035064,5.78878173963575e-13,3.17175614375931e-11,"scube3"
399.594721162902,10.9319067098215,1.56665959524839,6.89026874433005e-13,3.73562810242598e-11,"hpcal1"
348.641487413616,8.97302919271289,1.30580411601215,7.18475814399252e-13,3.86437348744741e-11,"tceanc2"
165.661922100611,12.7698421269522,3.11636736859451,7.39106178438174e-13,3.94403352068938e-11,"fam149b1"
401.849749742084,-13.0840203247387,3.45614842103101,7.72960379567814e-13,4.09246288463365e-11,"btd"
125.754771495705,-7.37324061417174,1.09860652128121,7.80035504358045e-13,4.09790745196471e-11,"cnga2b"
268.911028532502,9.66259892599115,1.39756312007832,8.47517367270474e-13,4.41817322922462e-11,"JAZF1"
165.156948024817,7.56960129874534,1.09881214760105,8.59395832719346e-13,4.44589737277787e-11,"acsl2"
153.671637364274,-7.21839096179412,1.06687941836268,9.07220016929133e-13,4.65775004146116e-11,"lipf"
227.142960930027,11.3831159540912,1.75035941739805,1.00712222344893e-12,5.13177993106269e-11,"megf6b"
104.837487627202,-7.63132901005159,1.13303001741007,1.21407588154808e-12,6.14014346959055e-11,"glyctk"
126.720396769075,8.28107514417162,1.21911101589121,1.34700872029737e-12,6.7122633069524e-11,"uhrf1bp1"
193.194224485731,10.5314972577641,1.50379162945137,1.33956994376062e-12,6.7122633069524e-11,"sfxn4"
240.725305094907,7.56394161161435,1.11053682452971,1.36828829551048e-12,6.76853268516387e-11,"zswim7"
201.553137659023,-5.75697832677988,0.871910565321618,1.39231469416541e-12,6.78828538299207e-11,"gpatch8"
199.843205763913,13.7555295241063,3.34798558442982,1.38263563834247e-12,6.78828538299207e-11,"henmt1"
116.411864473665,-7.36479142982802,1.11453980896113,1.56034246155595e-12,7.5531720442605e-11,"med15"
253.224409463801,10.4952194654047,1.50905662593648,1.59081070380725e-12,7.63790117734541e-11,"frem3"
406.744764259671,7.2354758767231,1.06630540046846,1.60474780780488e-12,7.63790117734541e-11,"arhgef16"
129.475572803373,9.34883736556038,1.36307022466582,1.61165688115744e-12,7.63790117734541e-11,"cnn1b"
932.223013768472,7.2035494542869,1.06246268562663,1.67135889278117e-12,7.86583278915137e-11,"cars2"
188.695872990519,8.89494624300454,1.30887514016865,1.68932477548649e-12,7.89555448515306e-11,"gtf2a2"
549.58216915093,-9.73704561955101,1.45345119658535,1.70977184577586e-12,7.93638616357742e-11,"tspo"
259.713228873919,6.80760680131763,1.00978419931834,1.86026648097612e-12,8.57620812352050e-11,"abcf2a"
998.415982211289,11.7845627915246,1.70851150836097,1.88328560006899e-12,8.62366656193754e-11,"CDKL5"
1056.34734419961,7.58203995287143,1.11799169463741,1.94433349135076e-12,8.84345508113027e-11,"lysmd2"
678.890437245118,9.42343187505608,1.39324198302887,2.10938258869237e-12,9.53019053571214e-11,"si:ch73-215d9.1"
282.723382600546,5.59237855522742,0.836201626678251,2.25454743172861e-12,1.01185880429303e-10,"copg2"
478.504163425908,8.22286724763136,1.22844318717641,2.63669416251918e-12,1.17558396969687e-10,"zgc:171489"
305.982351266748,-9.22884458489922,1.40760545742984,2.8146075551248e-12,1.24670558176998e-10,"thap4"
350.147143415736,-13.4648918335728,3.56454317313903,2.89229883828937e-12,1.2727993004602e-10,"SPATA1"
581.573868223633,10.3067334164181,1.52510169108652,3.07775810597987e-12,1.34567526995004e-10,"si:ch211-149k23.9"
145.34195498857,7.36182857727988,1.10323838191541,3.39193979503342e-12,1.47353692249625e-10,"SLC22A23"
154.566220036884,6.21101335088618,0.931936714137169,3.49601058806391e-12,1.50907412454198e-10,"n4bp3"
144.638476014754,9.93423683629442,1.45352035660362,3.76276424908129e-12,1.60378951673106e-10,"intu"
316.862759830304,-13.2114809143075,3.52324649868891,3.74081698088014e-12,1.60378951673106e-10,"ppp2r3c"
273.726274288587,-12.2684233805829,3.33936209894565,3.83273824598867e-12,1.62340419331658e-10,"cox15"
99.2112191572822,10.1257913950809,1.61593757065898,3.88882273168793e-12,1.63692867407758e-10,"zfyve1"
3631.52737987395,7.30744158451126,1.10684807553161,4.74507437951196e-12,1.98502278209584e-10,"clul1"
552.984024104326,10.6839794766785,1.60121161208859,4.85817777970479e-12,2.01986937503432e-10,"lrrk2"
163.315198490239,-4.96412722534208,0.77484563201439,5.20374890588172e-12,2.15035404482685e-10,"lrba"
95.7773526112678,6.72269050551026,1.01865671394889,5.58691735105841e-12,2.2946993265529e-10,"FAR2"
161.214092520758,10.21185134371,1.51725036427254,7.16713812162556e-12,2.92600572591906e-10,"ccdc149b"
99.822483347019,-8.46308080445725,1.28019070910312,7.48085479317933e-12,3.03579358882493e-10,"ARF1"
75.485944956865,7.19600042044037,1.10239794376277,7.88261212757645e-12,3.179789427892e-10,"gtf2f1"
504.243102148279,6.47346210093883,0.991117657925748,7.95600717648053e-12,3.19040595473423e-10,"pld7"
791.799974860173,9.86245821486044,1.5127642713664,8.01258787793843e-12,3.19419459110522e-10,"si:dkey-183j2.10"
156.86101906139,6.08376038167049,0.931747194299082,8.94756181199382e-12,3.54606002338492e-10,"apba1b"
106.936743571621,-7.56813872777022,1.17740597268227,1.03365038824219e-11,4.07270272157982e-10,"march7"
266.359430197198,-5.22812528030691,0.830501170422348,1.05164921457139e-11,4.11966862841058e-10,"becn1"
839.137813987493,5.28014265786808,0.81610432426763,1.06713004761285e-11,4.15628754751281e-10,"rabepk"
116.802409516027,-7.03653725670199,1.11495382661669,1.11081180483794e-11,4.30169805793528e-10,"fam160b1"
66.6711488307401,6.37380579212373,0.984354834904022,1.197776052924e-11,4.61211835833294e-10,"sipa1l3"
188.235051898392,7.27749398694896,1.12507992539069,1.23052380789895e-11,4.71144624075208e-10,"smc4"
602.57742772717,8.67445482928418,1.33492828065877,1.40144331040403e-11,5.33571983966748e-10,"mest"
115.348737186056,9.74688890574972,1.467931451605,1.42265128653768e-11,5.38620545746697e-10,"atg5"
84.2929564639057,-6.55282130397453,1.034676352091,1.48076153057587e-11,5.57506716261815e-10,"neurl4"
154.505572364851,7.94460576157953,1.22911417205019,1.69540654268425e-11,6.34793930374096e-10,"nox1"
150.934236893879,12.0782329985571,2.91014845795705,1.77575764194638e-11,6.61225798872013e-10,"tpx2"
187.114725923156,13.6886670092162,3.50052091357589,1.84897672050391e-11,6.84727608462023e-10,"RHBDF2"
179.48013852115,-6.36846135997676,1.03189633511055,1.92058692655771e-11,7.06208798862126e-10,"naa30"
332.218083555219,-11.9111414001154,3.31269046472039,1.92782393078786e-11,7.06208798862126e-10,"mars2"
124.03454218076,-8.29405053782539,1.25879101522158,2.36616417169406e-11,8.62123365138208e-10,"sdr42e2"
107.841842268764,5.49127072072707,0.862729990018757,2.40319171328113e-11,8.70932098444182e-10,"nckap1"
233.26815293602,-6.59518816182577,1.07897324059441,2.46851153002702e-11,8.89845885052825e-10,"atp5mf"
311.14620214295,8.99738905514418,1.40589787946465,2.59258288896177e-11,9.29626150184865e-10,"NT5C3B"
117.069058674511,8.20799021704812,1.28984110814391,3.05441486985506e-11,1.08946155647409e-09,"alkbh7"
83.0776819387628,12.5165697258808,3.36480366657112,3.17134613621422e-11,1.12524674162952e-09,"prmt2"
164.490455330192,-6.11051338540358,0.993638193125663,3.2411423880966e-11,1.14402197729847e-09,"slc1a8b"
146.125512063454,6.48791235715964,1.03028269950423,3.59728677224404e-11,1.26315090442994e-09,"ggcta"
111.292248057728,-7.17872847897585,1.16830761327518,3.73415972138499e-11,1.29817581780932e-09,"cdip1"
184.788326075035,7.55842985396305,1.19969261336146,3.73534431861911e-11,1.29817581780932e-09,"wdr47a"
381.266355054532,7.44680726772399,1.18521258967032,3.81934255585294e-11,1.32059614801099e-09,"jazf1a"
56.8828165290092,6.36119759346038,1.00937730540517,3.87509262540906e-11,1.3330712041826e-09,"wdr44"
90.2038593960393,8.11592372395072,1.2832437481417,4.57356393051918e-11,1.54204192821535e-09,"ntmt1"
76.0873569173773,6.35503535795678,1.01432441334065,4.53770762089872e-11,1.54204192821535e-09,"RTKN"
121.145158802559,9.40092252305692,1.58000179121307,4.57292464730937e-11,1.54204192821535e-09,"spsb3b"
205.260114995385,6.88903331015791,1.09955933948148,4.52701456134178e-11,1.54204192821535e-09,"abitram"
256.821770595705,6.60480086926104,1.05597383287931,4.85841191358645e-11,1.62997314546413e-09,"grhpra"
136.740578222554,7.91005824810766,1.27006940563055,5.35038895630048e-11,1.78618650033736e-09,"dnm2b"
84.946480336688,9.93386199817462,1.69120493133004,5.65114358826352e-11,1.87734314204225e-09,"gdpd5b"
170.276684399305,9.10952713060891,1.44262252969506,5.69193661495487e-11,1.88167094827069e-09,"zgc:101765"
231.529338965818,8.6535241330004,1.38614540666624,5.73105969858188e-11,1.88540735812085e-09,"ogal"
94.0438613127258,-6.8661164856215,1.12743304506335,6.27514357484801e-11,2.05442743993937e-09,"srprb"
117.557034840442,10.5439716813155,1.78263956342417,6.307462270502e-11,2.05508037534577e-09,"pop1"
135.815097646013,-8.68813583363091,1.39061212351806,6.70010029796129e-11,2.17256362293223e-09,"csgalnact2"
92.7160603108282,7.79773928987632,1.25243284475428,6.93153210493814e-11,2.23690443215075e-09,"rab3gap2"
232.297139046096,8.33389165514946,1.33321351921706,6.98027424513027e-11,2.24195822555677e-09,"thbs4a"
106.935695089209,-11.7659338572944,3.31995859710893,7.07552030888005e-11,2.25121132081127e-09,"adck5"
138.043858674519,-6.32119158109034,1.06040982665864,7.05118207367879e-11,2.25121132081127e-09,"brat1"
303.691608531969,6.45583035693553,1.04106125487291,7.21167495013282e-11,2.28380939892758e-09,"cdadc1"
86.5051864557689,9.65393447121084,1.64492339013361,7.29923403527905e-11,2.30078646777145e-09,"ndor1"
95.0275990738501,-6.24381951084934,1.04165147450981,7.45603849302538e-11,2.33933207718671e-09,"dph5"
325.985218793869,11.1333919163842,2.76025092555788,7.6002892248194e-11,2.37360184684798e-09,"dnajc15"
80.0838522788031,7.87105293792545,1.27568037906048,8.01627710926492e-11,2.49203256740772e-09,"snx24"
129.396481111848,13.0996901289586,3.45534421729572,8.26509312126517e-11,2.55765004944356e-09,"nelfcd"
175.000989059949,8.98711156428463,1.44887527477864,8.39842340370696e-11,2.58709615486009e-09,"alox12"
255.367555950092,-10.1608469143405,1.57134776692196,8.60534270426932e-11,2.63884196863499e-09,"micu2"
74.3088164541885,11.1450692002698,2.83716307074649,9.37968669434474e-11,2.86333949223308e-09,"parla"
122.313192196073,10.6012328307904,1.82613362300617,9.4435889885562e-11,2.86991939800203e-09,"si:ch211-196h16.12"
141.663345081235,6.50377740799124,1.06085995101604,9.93630678217934e-11,3.00617638673345e-09,"sestd1"
180.196563900437,-12.1917092418703,3.42389505764419,1.01577413002415e-10,3.05951167963275e-09,"chia.4"
150.331698716602,8.79865185771489,1.44323069347877,1.03387877405259e-10,3.10026391670547e-09,"PITPNM2"
100.64717261087,-7.93769567466697,1.30781376923265,1.04239107863407e-10,3.11201953299696e-09,"nup50"
312.831166655314,-10.852536440428,1.73934773226658,1.05129683044495e-10,3.12484149996729e-09,"bin3"
62.4821479145507,9.46720254623734,1.63037793087973,1.06853997421607e-10,3.16222506780012e-09,"nid2a"
186.164779920964,-7.56506255699634,1.29334597788844,1.10637796891581e-10,3.25996673710541e-09,"rufy1"
199.534426408059,-6.34235632890833,1.07783538145038,1.11398599571493e-10,3.26817449911693e-09,"chdh"
146.029356095906,-7.79563923159833,1.31423167315001,1.14419507197505e-10,3.32798712565447e-09,"nus1"
171.344326300769,7.27764116073234,1.19056371118392,1.14363542261245e-10,3.32798712565447e-09,"ruvbl1"
172.937857064316,5.73672997886431,0.942732733065952,1.20411341959791e-10,3.48729771137395e-09,"wdcp"
68.3192406606026,-7.21270706341409,1.18746770581376,1.24045014666929e-10,3.57724708254374e-09,"znf750"
181.190246221334,6.48876467700924,1.0632062344023,1.25487698187301e-10,3.60351750260735e-09,"tmed1b"
455.696372174181,7.36372608132827,1.20770311606082,1.27924466216515e-10,3.65799201497603e-09,"gipc2"
532.275613274306,5.45087029828996,0.895285599014453,1.30614851576063e-10,3.70912845955578e-09,"lpar2a"
939.291244781003,-10.7962416101238,1.89420526366958,1.31354704189669e-10,3.70912845955578e-09,"jam2a"
238.178534976087,-9.90647837860764,1.55152096812703,1.30933475899559e-10,3.70912845955578e-09,"adprh"
104.9490773767,8.97411889173902,1.45325334067616,1.42979718296106e-10,4.02063714063365e-09,"gosr2"
459.36420078715,10.5993718390705,1.71903324708447,1.56409621902689e-10,4.38011573402696e-09,"ercc2"
181.365063946135,8.49736416237738,1.40186040442938,1.69940614928891e-10,4.73945492746129e-09,"TMEM47"
87.3736206659838,7.96232181029894,1.29981821545146,1.71541157488039e-10,4.76192367257419e-09,"six9"
552.964438236596,7.51855512680624,1.24814925481308,1.72151586215239e-10,4.76192367257419e-09,"arsg"
228.71817294869,6.78599010954673,1.11995718578059,1.74736735779818e-10,4.77697545769718e-09,"esamb"
159.247999075409,6.79787257725604,1.12238187339197,1.74810375314874e-10,4.77697545769718e-09,"wfdc2"
108.948748341001,9.12907441141456,1.46518560900072,1.73976567931222e-10,4.77697545769718e-09,"gemin5"
131.64989122943,8.24377398428667,1.35355738806407,1.76171612834032e-10,4.79483943845876e-09,"trpt1"
86.0849557648729,-11.5821034936016,3.31606910850794,1.79534354162942e-10,4.86681727264904e-09,"pigf"
75.6683007457307,6.97484356639567,1.15238551484845,1.8268808167236e-10,4.93257820515373e-09,"lgi1a"
1631.19027537089,6.3493339849194,1.05267968558706,1.84160730535767e-10,4.95260821762258e-09,"rfc2"
90.0921574959513,-6.56417357315437,1.1277290128,1.88821171938171e-10,5.05786989021732e-09,"ugcg"
304.071158196986,-9.99845499757816,1.59392633738605,1.9073594247022e-10,5.08904520519953e-09,"zgc:101583"
51.1174937152634,10.4019289669729,2.85630186360195,1.93208792794823e-10,5.13480779910007e-09,"itga10"
95.3832194833827,10.1959507912547,1.77798565188073,2.01846571963016e-10,5.3434149148178e-09,"cyp51"
101.683805580095,7.2171946706429,1.19968366691333,2.07321699746696e-10,5.46700061939051e-09,"mrpl13"
77.6743895825737,7.13415165346926,1.17577383285477,2.15683857845602e-10,5.66546319620017e-09,"ADAP1"
231.821338451751,-10.3848812933565,1.68565110654038,2.27883466734597e-10,5.96280406973113e-09,"zdhhc17"
108.448311301801,-11.1182938428869,3.22426537678928,2.30067164692478e-10,5.99678913508048e-09,"tomm20b"
185.36739270132,-6.79789354204778,1.17941621000901,2.33236624096915e-10,6.05610958430955e-09,"zgc:56622"
44.162583698532,10.8612299307689,2.85689961702274,2.37439544070134e-10,6.14170912276067e-09,"myo1ha"
494.271002632561,-6.79221770788345,1.18487756581654,2.40854771043352e-10,6.18285145212424e-09,"acad11"
138.125448028395,5.54035697418279,0.925995628669593,2.40291446489222e-10,6.18285145212424e-09,"mapk8ip3"
83.5807749603101,8.60199469319561,1.41384001742794,2.50505603444393e-10,6.40632631902888e-09,"wdr61"
139.611811883501,5.82165034054288,0.977420776740321,2.71613408260777e-10,6.92001529241838e-09,"slc25a55a"
44.4919981014851,11.0863109937493,3.0245716434023,2.77295063521612e-10,7.03830953365531e-09,"C6orf120"
49.8915631337168,11.4631507043586,3.1156916490166,3.04495727597644e-10,7.69987890272101e-09,"pgr"
37.1754334987163,10.764798098293,2.9587002739273,3.18599104614402e-10,8.02656554636359e-09,"C12orf57"
83.3728016273616,-11.511865377715,3.32318689665048,3.23538018776174e-10,8.12080427128198e-09,"cldn7b"
121.430150117196,7.25221888927124,1.22057419167977,3.26915061160285e-10,8.17528918628507e-09,"atp2a1"
259.358253645083,-7.83136476342254,1.39219489745545,3.32450476846413e-10,8.2831502999564e-09,"cltb"
141.539451783176,10.7012470095575,1.88402561874492,3.34536765921011e-10,8.30459949687432e-09,"smarcad1a"
60.6249140193023,8.30096710273094,1.35905424242232,3.40181454616953e-10,8.41390408006968e-09,"exosc8"
277.661446468591,-7.77715742617977,1.38925038966011,3.50659073152321e-10,8.64151468637556e-09,"dgke"
153.833990318118,-6.15554020299613,1.08219537552795,3.52417565266636e-10,8.65338347757967e-09,"ndufab1b"
169.581185712331,8.65656151828559,1.4142750460547,3.62966604327194e-10,8.88023349287145e-09,"cers5"
89.6592617910673,8.3271951824403,1.3982008881795,3.91304469099417e-10,9.53910211182284e-09,"cyb561d2"
137.057737796484,-6.46203770588251,1.13743920324698,3.97863334891835e-10,9.66422874753393e-09,"rela"
1987.10327495951,7.90570279355155,1.34932121929212,4.68434216578929e-10,1.1337781020555e-08,"dennd4a"
136.210584150455,-8.2494753451202,1.41394628143368,5.02035300124898e-10,1.21078050852186e-08,"lpin2"
115.473621373495,-7.34377855755599,1.2828029213486,5.22373020928461e-10,1.25536239816744e-08,"mfsd2b"
85.7197531015623,7.50515540171287,1.2709031467601,5.34079346260408e-10,1.27895962176918e-08,"dpp9"
66.0407613351694,7.59935234833732,1.28224605137006,5.68330457513675e-10,1.35618856005992e-08,"sulf1"
231.981475637313,-10.5864300389115,1.76885467273069,6.0533471200454e-10,1.43942222570343e-08,"TMEM50B"
88.3944395372347,-11.0508939637455,3.24668175857745,6.40265180964318e-10,1.51715983615216e-08,"tp63"
110.748756775551,9.03529220070497,1.63091079617733,6.48204720281638e-10,1.53062139001696e-08,"bricd5"
62.9401742469235,8.53519269429339,1.4371262116143,7.25436465986871e-10,1.7011359619353e-08,"med20"
98.5096567150158,8.73224071957897,1.48858067257615,7.23447765816021e-10,1.7011359619353e-08,"rdh1"
63.1577968848732,5.80087995280007,0.99673247354912,7.50286957026999e-10,1.75334300267999e-08,"styk1b"
118.328330716739,-7.2326571886265,1.2532560713147,7.80393629874191e-10,1.81743217514e-08,"cmc2"
50.141112740563,11.4254973472831,3.14423180611254,7.98937471249557e-10,1.85424631597885e-08,"eef2kmt"
221.151032044301,11.6236920052564,3.2038786944913,8.10767378500184e-10,1.8752800423535e-08,"stum"
228.485500631436,5.691621580574,0.993440525570638,9.33514825302276e-10,2.15184692893657e-08,"slx1b"
52.3086069055785,11.5249500343823,3.17701717677182,9.50411574161973e-10,2.18336923325278e-08,"NSG1"
71.4136942131652,9.75011379576385,1.77826746553747,1.00905496022751e-09,2.31025860319657e-08,"zdhhc16b"
64.2152745029476,5.36363411020529,0.935070420021885,1.08340319741443e-09,2.47212911410019e-08,"PSTK"
118.481924788143,5.51437430808614,0.961832618003901,1.0885174270599e-09,2.47546396080032e-08,"mms19"
95.123567230053,6.75189853659061,1.18527469146739,1.09478366983899e-09,2.48138760217353e-08,"med21"
108.930382811852,-11.6753579910007,3.40771063924184,1.12951223461475e-09,2.5430911674366e-08,"htr2b"
56.1666704132407,-5.84543344474536,1.04769781917542,1.12785435511116e-09,2.5430911674366e-08,"tfam"
207.083311795455,-10.416815699317,1.78036063027254,1.26344727990116e-09,2.82586871811557e-08,"rad1"
98.6712519235569,9.00196879148202,1.53102178607517,1.26211622823252e-09,2.82586871811557e-08,"slco5a1a"
322.704194198751,4.58976430058138,0.805302834320019,1.32526513601415e-09,2.95438217985785e-08,"ndufa6"
82.9800513065044,11.0442084209045,2.98949018917463,1.35203074533205e-09,3.00416798725093e-08,"tac1"
112.192030956651,12.6455743990262,3.36592077187201,1.44395258492819e-09,3.1979302836792e-08,"osgepl1"
82.4528711211049,5.60964801736417,0.991374607477033,1.49251245197748e-09,3.2947090837301e-08,"gnsb"
59.4460828275388,9.34914155808189,1.74261289490461,1.52794944189679e-09,3.36198485965406e-08,"fmnl2a"
226.070910879721,5.30937169990509,0.934675828937117,1.58940159359266e-09,3.48588174750081e-08,"ndufaf2"
146.064737766078,-6.74665932905999,1.20664201083789,1.64027128637693e-09,3.58584467992789e-08,"DYNC1I2"
102.948567430381,5.62295738219148,0.995764247488764,1.82689525707648e-09,3.98098686726923e-08,"vps26b"
283.199875673673,6.24728133109036,1.11009116949667,1.90618831960402e-09,4.14046097498604e-08,"cct5"
99.8140375667877,6.2067117001763,1.10023299477995,1.92558496442843e-09,4.16922980956276e-08,"crtac1a"
158.987924090069,9.11764291467754,1.59651897179574,1.99050825879751e-09,4.29607467193335e-08,"ugdh"
110.587177497104,-5.71649874667488,1.0495085276647,2.04246501477861e-09,4.39421758893798e-08,"cd9a"
119.47941236061,8.08046393366293,1.43366552043586,2.0604573724022e-09,4.41889861163599e-08,"lysmd1"
119.689423838575,5.54665657545602,0.989602333421194,2.07777315355989e-09,4.44197749579666e-08,"rnf115"
104.605160650641,5.47500151615552,0.97905535829387,2.19907764995381e-09,4.68652491626949e-08,"dnajc7"
58.0823637639946,5.47978541306877,0.97828789774965,2.32905254231522e-09,4.94795895901888e-08,"gabpb2a"
213.828456281362,5.71838550231423,1.02063326284104,2.36849846289002e-09,5.01603565093927e-08,"si:ch211-165b10.3"
65.1810721236751,-10.5824687957964,3.18959078697625,2.43678105403285e-09,5.14456859912169e-08,"sec22ba"
105.450899434514,-9.46783140294471,1.61600653598041,2.48068587454138e-09,5.2209963266357e-08,"arg1"
242.57352921045,-10.5960103140019,1.87104946063888,2.55851849152349e-09,5.36813616627081e-08,"coa6"
89.1643606449849,9.04885388972447,1.5910589760303,2.58750904964457e-09,5.41220642883989e-08,"gpr143"
53.7443393633243,-10.0433639687237,3.06459209116447,2.66604419060238e-09,5.54537062383432e-08,"sys1"
194.698836460074,9.68698741820247,1.72612561326064,2.66753847332151e-09,5.54537062383432e-08,"mrps26"
90.3039567058176,-11.5005193953378,3.41539302693099,2.9511370102945e-09,6.11572965710337e-08,"rab34b"
105.189931672813,-6.69081327217155,1.23606453211988,2.95995178918387e-09,6.11572965710337e-08,"nek12"
103.514531536783,5.87027564985713,1.05287227763452,3.0172208211233e-09,6.21510805615581e-08,"zgc:158403"
51.139426401425,5.45668332395289,0.978382324739423,3.17767170392744e-09,6.52578216288372e-08,"cab39l"
69.6357176195901,7.8960621633047,1.39836031082632,3.35325562859078e-09,6.8592337410086e-08,"uck2a"
88.8253715511236,4.78951561396353,0.865500497348323,3.36028567509939e-09,6.8592337410086e-08,"tet2"
274.734624571394,9.37559389702076,1.65916571316396,3.4872184285185e-09,7.09082838745982e-08,"nsmaf"
132.312343323349,5.5789177385405,1.00770581575733,3.49466826237506e-09,7.09082838745982e-08,"WDR33"
71.0716052485385,-11.1089913597827,3.33420428684524,3.63002950202712e-09,7.34349550305606e-08,"vdac3"
68.8799424291685,6.12540565178714,1.12367443367517,3.66738014021542e-09,7.39697476495235e-08,"h3f3d"
93.301464320849,-11.5672653887904,3.4430359569098,3.70062709684396e-09,7.44188422412806e-08,"wfs1a"
106.995582398333,-10.4731128627542,3.19229091613862,4.19391551374138e-09,8.4089246853921e-08,"capn3b"
330.029327172075,10.4848132515534,1.99350771515288,4.72008324848459e-09,9.43598943214751e-08,"RGS20"
48.5633872299149,7.7340645049601,1.39082794957978,5.222553611752e-09,1.04097781843657e-07,"man2b2"
74.5989703649312,5.97359513389636,1.09526165457494,5.36321902755672e-09,1.06588080204551e-07,"fermt3b"
1019.2358487722,6.77241670618854,1.23914310990019,5.47827828442637e-09,1.08556409162449e-07,"khdc4"
73.3177360555112,7.24590512427994,1.32078016916268,5.6080176625662e-09,1.10803311076417e-07,"baiap2a"
36.0851007872494,-4.8920518155213,0.914445299709117,6.23073793305264e-09,1.22749159803191e-07,"tprg1l"
106.976392225782,6.01755569343451,1.10876301862436,6.32430729824663e-09,1.24231392928166e-07,"rd3"
80.6372893464716,7.62306329044868,1.39138585051331,6.42202012727634e-09,1.25786215036277e-07,"bokb"
72.8085184054601,8.40438235283095,1.52340837083718,6.73141403471716e-09,1.3146626199792e-07,"rasgef1bb"
92.9781451197274,6.74401351885836,1.24266325721746,6.82899917943563e-09,1.32988871951251e-07,"uevld"
131.795237611408,7.43566714769274,1.37531967940589,6.8617525887226e-09,1.33243831787315e-07,"ptpn21"
61.3029619945499,8.70160572326371,1.56574067823318,7.13651422549666e-09,1.3818330544626e-07,"slc25a1a"
62.986113743527,-10.9225409888697,3.32164664508422,7.17859710796283e-09,1.38602144161436e-07,"dlk2"
135.636431740466,-7.93097580010071,1.52873655154288,7.35412035279569e-09,1.41587709178683e-07,"dhrs7"
363.324233876453,-5.71565555907928,1.11854281471057,7.46677810598983e-09,1.43349448227459e-07,"ints14"
111.918123495157,-9.48846189518495,1.69585765625272,7.54358754812454e-09,1.44008148770817e-07,"rab11al"
196.374961882771,9.49283147916258,1.84095666048823,7.52830344719459e-09,1.44008148770817e-07,"chmp7"
61.9259585381146,9.93399016101395,2.86309495443827,7.71235646557171e-09,1.46816403840392e-07,"bora"
151.547458434279,8.36388867788251,1.55415609569282,7.80315593858517e-09,1.48128817355159e-07,"bag2"
48.4384762534839,10.792185234441,3.18653109541458,8.73224596184844e-09,1.65302879562701e-07,"nr2c2ap"
59.2128995753237,9.57754721478901,2.82215544491892,8.89647662896512e-09,1.6794267998467e-07,"tubgcp4"
64.8010501896679,-10.9643855905537,3.34635634451414,8.9727367164172e-09,1.68911768686554e-07,"zbtb41"
50.4694260348327,4.28933793132714,0.801514285796657,9.94042134390384e-09,1.86610070492067e-07,"ccng2"
122.42535035589,6.83386920926778,1.27659697705018,1.00731179219948e-08,1.88162981419339e-07,"hint3"
66.0916325966901,9.68814632822446,1.89223670794902,1.00786723115272e-08,1.88162981419339e-07,"tdrd6"
99.1105994056553,-9.23844153017151,1.68504444191077,1.10045759620707e-08,2.04884646414706e-07,"niban2a"
51.4020328596247,11.7064561480967,3.47157212957482,1.11207892829391e-08,2.06481065672543e-07,"irf7"
83.7524447722981,6.1467539435695,1.15633072504676,1.15538535055169e-08,2.13935697286579e-07,"hnrnph3"
78.8052126601289,7.36233058070141,1.39592787225136,1.20345546603444e-08,2.22229364940475e-07,"rab3ip"
93.4737562026957,12.1024650820783,3.32015609952655,1.2185976008384e-08,2.24414020132659e-07,"si:ch211-257p13.3"
47.9967628360895,7.78890146955513,1.53482001690198,1.22578794231123e-08,2.25126419648867e-07,"si:dkey-97o5.1"
99.244113055558,6.99165419241878,1.31117506369692,1.25064690395848e-08,2.2907119103045e-07,"tsr2"
80.7410331506807,4.75254747415973,0.895236157989283,1.27486069346452e-08,2.32876844194314e-07,"fbxo3"
49.7652896412004,5.54494862024971,1.04795797106694,1.33796085166266e-08,2.43746255153706e-07,"rundc3b"
136.955355390835,6.52989746204765,1.23836826670528,1.35020749888153e-08,2.45317861123864e-07,"ZBTB21"
161.356875969663,7.04331911012618,1.33478271722667,1.49389524492121e-08,2.70698611626498e-07,"cdh15"
91.2100362219719,8.92954479180514,1.65567522423062,1.52896327975085e-08,2.76314243916573e-07,"fhl2b"
65.8905573487807,7.78945121223453,1.46602370111968,1.57323273189016e-08,2.83558463404778e-07,"card19"
129.085186852165,-6.54590240398916,1.33131104991177,1.65319184380785e-08,2.97179870702541e-07,"faah2b"
96.7210983676967,-7.9898254563683,1.56120535137302,1.66882944172645e-08,2.99197278480956e-07,"smpd1"
1125.25823067372,6.96483091417059,1.31854029859039,1.67813448232001e-08,3.00071698857064e-07,"gpc6b"
118.383054559392,6.59190530767886,1.26167583495749,1.69867609649176e-08,3.02945471208544e-07,"prph2la"
103.393665152208,5.7188291344859,1.09449808412238,1.88447868115204e-08,3.35199790608068e-07,"taf11"
289.888303243979,-6.05297652513184,1.21782916899248,2.03867857556212e-08,3.61678657240431e-07,"zgc:92040"
50.2488911954908,4.78832368491517,0.922218748207833,2.0613720939287e-08,3.6474983500143e-07,"TLK1"
133.474228112968,6.57663526103188,1.26666534584491,2.12130195836115e-08,3.74376650307644e-07,"mmp28"
143.00156213233,-5.4670528727891,1.10235335525269,2.19016237030698e-08,3.85525464508323e-07,"si:ch211-175m2.5"
119.632427075412,6.10174555620938,1.16828474904078,2.20377631651532e-08,3.86916893705293e-07,"ube2al"
182.452836713466,-7.08308619616415,1.45740152882246,2.22385841057337e-08,3.89433810037616e-07,"zgc:86609"
218.624356806709,-9.74725481014874,1.87281354926683,2.29462651869648e-08,4.00790822608404e-07,"emp1"
48.6261808986787,8.63233532072061,1.74170427406807,2.33971653049031e-08,4.07615910723208e-07,"mtfr1"
79.0559304530638,-8.78950321011525,1.61725080539669,2.48004537134263e-08,4.30955576451e-07,"tmem86b"
197.4136698478,9.48694120037469,2.77081863191811,2.53987911017423e-08,4.4022405958186e-07,"zmynd12"
89.0967557036935,7.34474987488868,1.39954563857722,2.62399197213595e-08,4.53642693754218e-07,"kif20a"
73.8179725953921,-6.19851841454662,1.26335831834634,2.69352081401084e-08,4.64478131209961e-07,"psmd9"
103.305226969951,6.41723377586452,1.24612757687299,2.73401468608318e-08,4.70264404253445e-07,"lamb1b"
39.1180974955255,6.92186433536234,1.31802604178729,2.85461865548309e-08,4.89765838688833e-07,"nbas"
105.040245374827,-8.9830587001247,1.69752362522492,2.9416688026614e-08,5.03426501910008e-07,"si:ch211-198n5.11"
135.945506873944,-4.89282311426259,0.99352183386178,3.06163802058401e-08,5.22637805176268e-07,"exosc6"
66.9693788626726,-7.84083096943404,1.52058799792657,3.06935030770528e-08,5.22637865209013e-07,"znf142"
104.008801288503,6.30445750090458,1.22953612267155,3.19820786707168e-08,5.4321440388834e-07,"mipep"
35.279756429619,6.18166308651394,1.19926353423274,3.21104497826584e-08,5.44031295442691e-07,"dmtf1"
111.734120302146,4.55325914848148,0.887874160892453,3.24940113872792e-08,5.49156895689753e-07,"rad54l2"
68.8084467988928,-8.55532965196578,1.57879278377197,3.26021840172989e-08,5.49614430560285e-07,"znhit3"
123.764327610555,10.2792479418339,2.1044351048374,3.31048038475429e-08,5.56702867679399e-07,"zgc:112334"
76.4759691034448,5.06930645508668,0.99491012660534,3.39878598467416e-08,5.70137936092495e-07,"znf839"
115.693681614541,4.56790198217965,0.890656050829271,3.45581323444391e-08,5.78272747896948e-07,"aip"
80.7945205806883,7.80991044736214,1.5157258727566,3.5143553331391e-08,5.86620347110435e-07,"fam222ba"
52.6103361053333,8.42986391467978,1.72880346799756,3.53813160100284e-08,5.89138030958138e-07,"msx3"
83.2631303419511,7.17073879581414,1.39886395086344,3.5924395744681e-08,5.967147793179e-07,"mlf1"
65.163039602217,9.25164705442933,1.89209971009175,3.65001279673853e-08,6.04795518911908e-07,"fastkd2"
46.5534854440355,-5.98811762047761,1.22982513706932,3.80876352353941e-08,6.29560741439672e-07,"ormdl2"
80.0795851905871,5.76257408911515,1.14131089452344,3.87565823411842e-08,6.39059266487118e-07,"si:dkey-4e7.3"
211.393503742264,-5.90490008484483,1.24092295966556,3.88592204604727e-08,6.3919644917627e-07,"cct7"
122.025872100557,-4.73256523663117,0.979177104831567,4.19121554215901e-08,6.87744981336843e-07,"arhgef38"
38.1567898892688,6.89380003815168,1.33817259234821,4.26894820580168e-08,6.98808260645363e-07,"oxsm"
32.1838105442865,5.34825533568396,1.0537526686499,4.43296170058867e-08,7.23907986623841e-07,"skiv2l"
213.31545066462,8.18949495600054,1.61423280898743,4.4593437117984e-08,7.25757402537376e-07,"trappc12"
82.5396462693467,7.32491256424223,1.43574329750284,4.46570513292144e-08,7.25757402537376e-07,"tpte"
37.7800067778596,8.57455210555813,1.79101608297547,4.67726141335157e-08,7.58320588475684e-07,"tbpl1"
97.6903324125563,5.54817369600692,1.09702255035261,4.75825661710382e-08,7.69611100098152e-07,"cxcr5"
42.684994990575,9.9453887638334,2.98384357345273,4.98586701796487e-08,8.04505256684475e-07,"hvcn1"
45.4611962204311,11.4205249214757,3.46676869906019,5.08492173108988e-08,8.18539538517723e-07,"dnmt3ba"
53.0753909633678,7.49117326179525,1.44146836417875,5.30155453885044e-08,8.51389457577949e-07,"TANC2"
63.2364554572528,6.06105976514744,1.21132077214716,5.42180618483808e-08,8.66593880062445e-07,"bcap29"
39.0757786099264,6.61868996986114,1.30472374956646,5.4104448922153e-08,8.66593880062445e-07,"agbl5"
34.3125675834129,-9.82181372884391,3.16863059848963,5.64982194839323e-08,9.00913961041434e-07,"acyp2"
94.3485950927247,10.0587549707092,2.97291696200397,5.80630436917697e-08,9.23693068307802e-07,"prepl"
199.773318239882,8.30194671721475,1.73650343300205,6.12027640275864e-08,9.6909142947419e-07,"supt7l"
27.3437262012623,9.91639264606714,3.02297112798348,6.11965572990567e-08,9.6909142947419e-07,"zgc:158640"
59.8515233328313,7.71487035410403,1.62720073172292,6.22583564778033e-08,9.83507883100404e-07,"zfpm2a"
41.0575508074321,10.3164722345083,3.07325238374937,6.43784746864205e-08,1.01463470453459e-06,"dhx29"
128.085497655917,-8.60275595191963,1.67390943931315,7.02279495434991e-08,1.10425710917933e-06,"dcdc2b"
110.079039513272,4.52095819820936,0.910996240082926,7.15353419460966e-08,1.12221067677939e-06,"fkbp10b"
28.9400613820608,5.11514926193123,1.03050152471633,7.24739242892192e-08,1.13430897207399e-06,"golgb1"
59.2973110001482,6.65607071058287,1.34172801376616,8.14499239850969e-08,1.27185745356452e-06,"cables2a"
28.8931094238774,10.2652920564844,3.1012250843595,8.65943710044383e-08,1.34598635847954e-06,"rmdn1"
28.9413689759047,4.87879648567255,0.9871579784249,8.65036451100019e-08,1.34598635847954e-06,"si:dkey-16l2.16"
57.0281242375094,5.43020494462721,1.10105709796626,8.77278725838868e-08,1.36048465103204e-06,"mark1"
75.972912065971,-6.72306937160153,1.36171653833618,8.98821087225989e-08,1.39071016167364e-06,"zgc:194887"
45.9390206833718,6.73450497568497,1.35569749952052,9.08236697786987e-08,1.40207747173176e-06,"shq1"
53.2314113876077,6.25607892884199,1.28317429166305,9.53256624339724e-08,1.46823185071598e-06,"tspan3b"
53.7739935627523,-10.275966886521,3.31668792306423,9.68367037265849e-08,1.48812322257385e-06,"mmp19"
44.0015946888708,7.84235647281426,1.6739586317951,9.98136333120953e-08,1.53040043655219e-06,"lta4h"
32.2194316075915,8.36306173776604,1.7841474617775,1.00774320045834e-07,1.54164236331968e-06,"tmem120b"
173.029031290453,7.16540853815696,1.44578710690913,1.03564410816906e-07,1.58075678402291e-06,"hexa"
103.044089848188,4.43208105719028,0.906948613797009,1.07396967862774e-07,1.63557135102476e-06,"endog"
184.997695200744,9.2881705259823,1.87984584451165,1.15355844494981e-07,1.75283981646298e-06,"pola2"
41.0846270477925,-9.59344792582187,3.15079014637753,1.16064299547203e-07,1.75965941394048e-06,"fam78ba"
27.6468025521467,-9.54000168542015,3.14549596544026,1.25512606146554e-07,1.89865833003392e-06,"xaf1"
196.596580095799,-9.27753672919242,1.91646601166388,1.26799213548433e-07,1.91384915415976e-06,"frs2b"
169.836327671593,6.10685524891718,1.26057976063161,1.3026974166388e-07,1.96186230945804e-06,"si:dkey-174m14.3"
68.204430061285,7.04121597530307,1.44411960696521,1.36634098195059e-07,2.05314696999537e-06,"MAMDC2"
126.712201881243,5.57596532544664,1.15309857904069,1.37786125592121e-07,2.06587737419868e-06,"ap5z1"
43.8988162909319,8.23175286242254,1.64702669023423,1.39164698265056e-07,2.08194075086597e-06,"tmem62"
160.333242438709,4.82734338812961,1.00593667944488,1.53574188332065e-07,2.29244994345022e-06,"zdhhc2"
23.080999421315,10.2387473329964,3.26066732457038,1.5443516073032e-07,2.30023535004259e-06,"unc13d"
227.253095060347,8.64036971218512,1.78141968211223,1.57337351162871e-07,2.33832287024293e-06,"ddx56"
84.98891998075,-5.74016587479401,1.27882769060495,1.6261394719418e-07,2.41145452983579e-06,"ranbp1"
113.242500934018,5.49459428735499,1.14155378217479,1.66189917050706e-07,2.4591027682372e-06,"isoc2"
153.526784415862,5.11157144418567,1.06954838979483,1.7397591871711e-07,2.56870327047027e-06,"abtb2b"
33.9965311994228,10.6359274267344,3.25680420924309,1.90410727957203e-07,2.80524674644775e-06,"GALNT3"
73.1368828617618,-8.80506707940918,1.80089132769375,1.92344257759975e-07,2.82758575887061e-06,"usp13"
56.456280768623,-5.75348709080065,1.26097462349818,1.9290087513858e-07,2.82963036972762e-06,"ccdc137"
98.3207252466124,6.65922878138279,1.40227932440966,2.02416457386219e-07,2.96279985249764e-06,"FBXO40"
78.8457850877844,4.5198788401093,0.950550244135333,2.07299368685065e-07,3.02773237409199e-06,"psmc3"
153.721647196846,7.38101244554556,1.56320967885996,2.14366062081368e-07,3.12421247897942e-06,"pgam5"
58.3171959178394,10.2296713070813,3.13352664785461,2.30407093432164e-07,3.35079157122269e-06,"ogfod2"
345.579981998303,4.52871672137907,0.962462991024462,2.31957652393639e-07,3.36611779501432e-06,"gtf2h3"
41.6635769904665,10.9442850933609,3.4045472889996,2.35490748697526e-07,3.41008718786995e-06,"zgc:172341"
69.9842644018458,5.12542200322704,1.08412845140577,2.45897739143979e-07,3.55319611551971e-06,"cdt1"
32.1250603774196,10.8500725696834,3.46323302537634,2.63172541759005e-07,3.79472407553357e-06,"rnft2"
52.6189465898473,8.43202509706031,1.73956883462887,2.64408249590534e-07,3.80444736194277e-06,"invs"
51.2337659085782,7.68289780541694,1.62603208269602,2.66299106063689e-07,3.82353610549496e-06,"hmox1a"
46.5580840244456,8.19333275302313,1.69720958943342,2.67223798250665e-07,3.82870122779018e-06,"vill"
25.1844080144546,6.68229193702368,1.40012846684228,2.87208899466805e-07,4.10636015123742e-06,"slc7a7"
53.3352324808826,9.49397719134334,3.00384596420402,3.044991912664e-07,4.3352752504462e-06,"npb"
30.8992189111983,7.71169534779789,1.72248691448331,3.04015554522806e-07,4.3352752504462e-06,"ace2"
46.0366165010413,-7.23748564033902,1.55336381748681,3.20722258566109e-07,4.54338054128706e-06,"C12orf29"
72.1449526144254,-6.48576864496097,1.35165173708029,3.21016826691997e-07,4.54338054128706e-06,"ecsit"
58.8101122777607,7.51625686930039,1.60325162450143,3.21127236133466e-07,4.54338054128706e-06,"pih1d2"
34.937376195933,-6.25849254091607,1.38843360809518,3.22622598262554e-07,4.55502780921943e-06,"zgc:172270"
30.632209271931,-9.64220769793049,3.243181620358,3.2585909422419e-07,4.59115817371587e-06,"sprtn"
42.610905587455,-10.1249335737521,3.37690981798509,3.27581346498281e-07,4.60584810211379e-06,"si:ch211-248l17.3"
77.0701778213519,8.7241221214973,2.80721254959262,3.38752370081325e-07,4.75305344107896e-06,"si:ch211-122f10.4"
65.4159886013026,-7.29964305292779,1.62936127929252,3.4181117058344e-07,4.78606260959498e-06,"ndufaf1"
80.55224676321,5.9311170615698,1.28324840299836,3.54324385090904e-07,4.94922684872086e-06,"acsl4a"
42.130845156646,7.74677594910412,1.7414284567171,3.54924634569624e-07,4.94922684872086e-06,"si:ch211-14i3.2"
28.9420651847651,8.31363499409836,1.86944938830066,3.73137437302328e-07,5.19251008746997e-06,"AANAT"
274.22004500207,5.6298588503059,1.22113010500319,4.20102384182235e-07,5.83408577377665e-06,"skp2"
97.2662325193533,-8.06440043518745,1.80797968062944,4.27316415552638e-07,5.92213363640128e-06,"BFSP1"
55.7179189658622,6.33653294028185,1.37877202702456,4.35615984220422e-07,6.02483576543225e-06,"bag5"
65.1047045832214,5.28696440674719,1.15313345382094,4.39544812535924e-07,6.05569536895679e-06,"ankrd13a"
17.5448923592768,6.07483629494418,1.29702135237129,4.3963436941519e-07,6.05569536895679e-06,"proser1"
34.5232046072811,5.18024591651577,1.12637100952414,4.69707593190812e-07,6.4568120873309e-06,"OTUB2"
40.3265502883284,4.34337608150865,0.945368834594932,4.97525676859446e-07,6.82536743335317e-06,"agt"
57.8161209744062,7.7944931636131,1.77883375342826,5.04506030423826e-07,6.90714619834801e-06,"flr"
18.9206460736784,8.50263399632001,2.82938407980158,5.20426943144215e-07,7.11075280985553e-06,"chrac1"
27.6431721878941,-5.43942093713847,1.20217776793041,5.50736177305332e-07,7.50973656659605e-06,"fbxo34"
431.570975423683,5.99677768013845,1.31791742181314,5.96240049461277e-07,8.11389320321099e-06,"bmp6"
27.9683304893904,-9.2788354211964,3.19178472349266,6.33164909487828e-07,8.59911541402607e-06,"manba"
52.7725264272313,6.49135247606841,1.4460344945072,6.50687356833785e-07,8.81941643452513e-06,"arl16"
26.0703315081866,-9.26782388183748,3.1971705778191,7.06153470003107e-07,9.552099932557e-06,"dis3l"
69.1005280994093,-4.08231047264872,0.941724703533391,7.20485414287683e-07,9.72655309288372e-06,"ptpdc1b"
51.3515237835709,6.77726964524668,1.47492923199187,7.34025415223896e-07,9.88964262221142e-06,"fbxw8"
63.1781662925909,6.61316430887688,1.47853074844673,7.37011316999923e-07,9.9072124454353e-06,"slc25a32b"
592.765560995086,4.02996637296794,0.892684413726263,7.38253251430548e-07,9.9072124454353e-06,"enosf1"
52.8794561471299,8.26692216777298,1.81724117396496,7.47711776127647e-07,1.00143136498361e-05,"znf511"
195.387462175876,9.50673746733228,2.09910700084447,7.69563786697197e-07,1.02866544032483e-05,"arsa"
116.490167330235,-5.26522415811473,1.27734233740115,7.926592114282e-07,1.05745107792301e-05,"micu1"
20.7051977650973,8.1573067983158,2.69266249837134,7.94720120185314e-07,1.05811753526441e-05,"asb3"
26.0404230707555,6.05070697222723,1.34746588948043,8.06533962013586e-07,1.07174130599335e-05,"nipsnap3a"
54.0195941411585,8.33995352681202,1.9502352631735,8.40107742918139e-07,1.11417028840631e-05,"klhl32"
27.6010093730007,6.59918395080449,1.45611009067636,8.555672801195e-07,1.13245692526755e-05,"siah1"
59.9414982762064,8.30703704686145,1.86559040367436,9.13396009257599e-07,1.20664420170346e-05,"AMDHD1"
19.7151729815438,4.92909860024347,1.10719389686273,9.2866982060423e-07,1.22443489771106e-05,"btbd7"
74.7690077938936,-5.0377583477666,1.14705305996047,9.35263134600813e-07,1.23073364333781e-05,"slc25a42"
41.3753647988661,-4.35607377153306,1.02073141097159,9.75500639303084e-07,1.27638895610362e-05,"tmem59"
70.8862718617817,6.41778149166904,1.43785603786019,9.75607908014864e-07,1.27638895610362e-05,"brsk2b"
61.8138320069572,5.3168657747707,1.19994714787765,9.75178314832791e-07,1.27638895610362e-05,"tprkb"
52.2918028694448,9.80800443734963,3.13930193644267,1.07711427630264e-06,1.40647465327611e-05,"tmem82"
37.6227397503828,6.68787404552178,1.59562103943651,1.08030340661362e-06,1.40792618973471e-05,"vrk2"
81.153089188184,6.01446969486175,1.35735586729672,1.09025924965352e-06,1.41721990491155e-05,"tnnt2d"
43.8846495731213,-6.16676785386518,1.48090791338776,1.09161692542988e-06,1.41721990491155e-05,"si:ch73-238c9.1"
27.5179609694742,7.36139323594824,1.62537862020095,1.09604560418444e-06,1.42024876855792e-05,"dpf3"
32.0279362748664,6.17009660348001,1.40609766514625,1.101813818951e-06,1.42499852118911e-05,"mtmr11"
156.164620502115,-5.25440789785378,1.29034806840759,1.10965623169005e-06,1.43240767279304e-05,"ckma"
235.346061041143,-5.24544572017174,1.30204856542602,1.14915776292453e-06,1.48057835728889e-05,"rbp5"
59.6928834266887,-7.75177188458869,1.71526232828771,1.1548808262803e-06,1.48512853125267e-05,"mettl6"
41.9803989639257,7.16841906206105,1.7248049449898,1.18531932052028e-06,1.52138428696324e-05,"tmem98"
104.253520170964,5.42326183493227,1.24025627487029,1.19100358770436e-06,1.52579041850141e-05,"irak1bp1"
64.4141063897619,7.29126372661914,1.66090591472939,1.20449872562975e-06,1.54016752143261e-05,"cep135"
171.729776067964,6.64616975005193,1.551138957892,1.25596425866081e-06,1.60295099452812e-05,"gnav1"
16.4312184211267,8.90349751904038,2.98172966126786,1.28183613874871e-06,1.63289539704888e-05,"fuk"
17.6300523828742,9.55058851325376,3.17029237804277,1.28859430998481e-06,1.63842469770489e-05,"pou5f3"
62.4042017234087,4.38159827479069,1.00626617398077,1.29419029238211e-06,1.64245835420854e-05,"neil3"
64.6627380835455,6.23687621887409,1.41123572111061,1.35219532833284e-06,1.71286499815171e-05,"pvalb7"
26.3362484415591,-9.34153400571417,3.28831233125488,1.36550483419714e-06,1.72649743681978e-05,"zgc:55888"
221.096267567976,4.85838933664482,1.12076157900796,1.38929626878946e-06,1.75330741407563e-05,"gnat2"
52.4980819805617,9.86298894186498,3.18890178261312,1.44531198752839e-06,1.82060954265425e-05,"tlr22"
32.9351858099644,7.29412215349977,1.77522552198499,1.47010758756987e-06,1.8484080001783e-05,"cdc7"
72.5985383950535,-6.95049360847119,1.75606516647351,1.50340851008771e-06,1.88677768016008e-05,"rnft1"
251.565425154846,4.90452583665065,1.13200266489324,1.60685138821468e-06,2.01287095340681e-05,"bcl2l13"
28.5725907460754,7.46385293630112,1.67836390370339,1.62578160491781e-06,2.03282692555867e-05,"SHC3"
16.0962109554186,-8.0104313551816,2.89757993342462,1.63156787257281e-06,2.03630487521656e-05,"rasd2"
360.021816202476,-5.59724785005908,1.44898125751775,1.68159844922905e-06,2.09488836221053e-05,"pex11b"
91.9325979198541,10.0383291449108,3.31834974574334,1.8185789819848e-06,2.26137793778184e-05,"cnga1b"
26.4904725700503,4.9022815815422,1.14827239625423,1.86237147615098e-06,2.31159184869508e-05,"plekhb2"
63.4945543709016,7.05231955107738,1.6089680424617,1.88517681393896e-06,2.33562034151084e-05,"sh2d1ab"
44.8346188727357,-3.95193005456546,0.960648851405719,1.9043042456046e-06,2.35501275044934e-05,"cd3eap"
906.45898981018,3.82924313391621,0.892549281377272,1.94805031092939e-06,2.40472440021284e-05,"ergic3"
39.9892805785208,6.58351204367821,1.5408789421329,1.96498998647526e-06,2.42122493424416e-05,"gcc1"
79.8429969891854,5.75409419129902,1.34980243999825,1.9822662291136e-06,2.43807953442884e-05,"zgc:112356"
57.0006803159409,-3.95002987033712,0.975797452190945,2.09874340207229e-06,2.57200434644555e-05,"bloc1s6"
25.8609745563895,6.59968176433825,1.52941871236663,2.09792635988557e-06,2.57200434644555e-05,"ccnyl1"
30.1218475947132,7.70484728078976,1.89618018292512,2.22388818660936e-06,2.72044950192267e-05,"trnt1"
86.6605323899011,5.89637038916463,1.3936610160213,2.28382711192073e-06,2.78873807882645e-05,"stxbp1a"
12.4892922291401,8.3852671427631,2.90599090660428,2.29244852535709e-06,2.79423087344335e-05,"pla2g1b"
130.435160982646,4.28305863879059,1.00892517874953,2.36732033818659e-06,2.88031058023169e-05,"trappc8"
38.444921906265,5.54196867313017,1.31489848366491,2.42257012181591e-06,2.94225048665706e-05,"nudt12"
583.56132956326,5.25362645885003,1.24540941067436,2.47217514454172e-06,2.99712539437553e-05,"armc1l"
127.736109793848,3.71739413057889,0.881981971409272,2.64697948151486e-06,3.2033178475404e-05,"utp3"
59.5049150119537,-8.18586398913063,1.98666384015757,2.75442854247043e-06,3.32740859756187e-05,"rxrbb"
55.8154016915576,-8.11461955838942,1.96155688973126,2.77580509706174e-06,3.34726532789811e-05,"rhof"
33.4974263392023,5.30641512905633,1.27192145420821,2.85205604098862e-06,3.43310546887742e-05,"zc3h7a"
631.616842215965,7.25537112958479,1.74923637546173,2.95450892348625e-06,3.55012535008268e-05,"sass6"
64.6682221814323,7.55861567962336,1.80180075969772,2.98443159691562e-06,3.57973326235348e-05,"atf6"
34.4757908563668,5.44277633555066,1.30130416116974,3.00146976933333e-06,3.59380929801625e-05,"extl2"
14.7313553493045,7.0089873335426,1.7712253460696,3.02573365344033e-06,3.61647212863582e-05,"zmp:0000001114"
56.631731553937,5.01217685919558,1.20381990895927,3.09754953510943e-06,3.69579105623883e-05,"cep83"
20.9308879437082,7.64520518704906,1.90778412737137,3.14208956102683e-06,3.74234463182405e-05,"ISCU"
31.1257676427011,8.41899563391371,2.08421663548831,3.16291053362716e-06,3.76053415550724e-05,"wfikkn1"
41.9360377456696,6.78541892164263,1.59030683759814,3.29581464794605e-06,3.91168754275488e-05,"rrp9"
67.2931600592077,-5.81088726273494,1.53019682186844,3.31585864992744e-06,3.92859686548222e-05,"ube3a"
48.7375005810696,-4.54444709572667,1.16824315455903,3.36471391558186e-06,3.97952289806252e-05,"acad8"
27.7288979493318,7.36494438270319,1.74053448824781,3.37219904188927e-06,3.981427335694e-05,"PTCHD3"
28.3995054248687,5.53823541215749,1.33065828504483,3.44389166350579e-06,4.05900066149195e-05,"lclat1"
57.5479672151735,-8.70920747831884,3.19319551866867,3.45442617975459e-06,4.06434830211751e-05,"g2e3"
16.6090891797854,9.24259140226194,3.15735232434657,3.51335860189297e-06,4.11938256834406e-05,"RAB39B"
31.4240497210132,4.97028044982366,1.1970630868517,3.51039024606894e-06,4.11938256834406e-05,"tox4a"
40.9677650845645,5.39807917975928,1.30879164583128,3.57091733763032e-06,4.17963847964087e-05,"rpa2"
187.021354667774,5.3423432952106,1.28955994128373,3.66539193607597e-06,4.28282088806669e-05,"ndufb7"
29.0176178042218,5.8078772617536,1.39851700735027,3.83696004394745e-06,4.47557284300032e-05,"asb14a"
108.196031511659,6.46242413373652,1.56774856213508,4.10304548764369e-06,4.77772152401397e-05,"vrk3"
19.1614889383986,-7.99267329326219,2.9834255930814,4.23642952928537e-06,4.92457683018302e-05,"C14orf28"
226.054944410564,5.09208741684885,1.25011402895217,4.27686987507929e-06,4.96307314099527e-05,"edrf1"
49.2460001922411,6.46569326575545,1.56834981857267,4.29954451998323e-06,4.98085695930365e-05,"eif4eb"
147.113587173611,-4.2364101548367,1.11811578178153,4.31312890587992e-06,4.98806733705601e-05,"tmbim1a"
20.5242803574982,9.47181321446455,3.21952517589536,4.32393120121454e-06,4.99204118409385e-05,"adcy7"
31.7180287968065,7.974369350091,2.06720782590386,4.33792552903052e-06,4.99968049493875e-05,"rad17"
22.2644583761608,-5.04895158405104,1.22663131415809,4.46234556080386e-06,5.13434904339011e-05,"lrtm1"
57.1239206554481,3.78355936620141,0.922540992086189,4.77113704870198e-06,5.48033826763615e-05,"csnk2a4"
33.4051273196352,-6.63729927175744,1.67365288258004,4.89567896131045e-06,5.61387755005092e-05,"tacr2"
42.6755534883921,7.02976518648097,1.8115638080234,4.90410771092192e-06,5.61404357380369e-05,"ampd3a"
19.3950664914486,7.26267122175338,2.6062905843599,4.98386837841355e-06,5.69572951104698e-05,"mthfsd"
42.419309749012,-5.33987381070282,1.38945198876355,5.02813478035459e-06,5.73664468122274e-05,"sbds"
13.5130160018118,9.16127467263681,3.26516632602645,5.34241017501831e-06,6.0849602951427e-05,"toe1"
113.641489597003,-6.75182961708687,1.93455051913029,5.40278276581911e-06,6.14339912818056e-05,"eri1"
12.3488110386216,9.01835784915427,3.24834325069211,6.19789883619779e-06,7.03570526179438e-05,"mul1a"
159.571374682645,4.37657096701304,1.08420895027212,6.28857105486242e-06,7.11695527023549e-05,"itpka"
43.9255182674255,-5.42603466768956,1.37966013872213,6.29047691732486e-06,7.11695527023549e-05,"si:dkey-44g23.5"
132.146587072943,-3.85343845209879,1.0376358035698,6.58699034153642e-06,7.44000559076539e-05,"slc33a1"
84.527873879299,5.81945967183916,1.45822190280222,6.68342423710092e-06,7.53636706403211e-05,"MCOLN3"
198.446535809657,3.35744373684308,0.828487840595413,6.79753081619384e-06,7.65230337896108e-05,"FH"
17.1117733709047,9.41527987778162,3.3444541432054,6.90717738199256e-06,7.76284263976179e-05,"ctdsplb"
46.0250016699787,5.91353129897619,1.47957140435485,7.08674717878921e-06,7.95147113090306e-05,"themis2"
100.769248432574,7.1287843399226,1.88720779884008,7.12942186628978e-06,7.98613090708195e-05,"si:ch211-106h4.6"
52.8297879740104,3.96002044337218,0.991583476259684,7.19865543877203e-06,8.05037754266634e-05,"ap1s2"
36.9759294182144,5.09418303577484,1.29255278454753,7.25187702124868e-06,8.09653551449791e-05,"entpd5a"
27.6280370801949,-7.27608764579639,1.78473763160076,7.48257827087719e-06,8.34036726015373e-05,"gpr155a"
54.8803725148794,4.6266875411609,1.17730271536285,7.51224136643961e-06,8.35968140235817e-05,"vmp1"
26.4465944601913,3.71236556875455,0.932902451917996,7.53465703681113e-06,8.37088044892935e-05,"gse1"
19.5782263499356,-5.31771822051564,1.40456182486112,7.73770919653272e-06,8.56837503674873e-05,"DDA1"
34.7197089663589,-6.00235266159733,1.59654874145183,7.73002022705367e-06,8.56837503674873e-05,"si:dkey-72l14.4"
70.2750688093543,9.09874754757432,3.23572180000459,7.79921788743061e-06,8.62239798093267e-05,"efhc1"
25.5610971500941,10.4026295577833,3.72240002029304,8.09910528875049e-06,8.93935448564528e-05,"dbx1a"
30.2666800990066,5.76078125831379,1.47642534616927,8.13929151670559e-06,8.96910221279899e-05,"gmfb"
45.5307319952083,3.85143698137278,0.973320950107395,8.38634280018012e-06,9.22633849948388e-05,"pcnp"
36.1358757346383,6.05989032679168,1.55408138476718,8.79649050733648e-06,9.66188268528676e-05,"irf10"
322.626728859821,-5.0170874414833,1.44651479953603,8.97420633484174e-06,9.84113209243082e-05,"CASP6"
143.890018826037,6.57127726148203,1.700431242604,9.02408421631143e-06,9.87984147559654e-05,"rgn"
181.626381522184,4.9453446292772,1.26482207816235,9.28887167362414e-06,0.000101533360213146,"hacd1"
33.9837878535684,6.01419914933853,1.55643567136564,9.46610023127477e-06,0.000103303963393477,"smim19"
22.9525993928507,-5.23725236746944,1.30614399272244,9.57939532053842e-06,0.000104372286313969,"fam174b"
143.315094715186,5.34755951995894,1.40159831636135,9.80649503393503e-06,0.00010667514742372,"GALNT5"
143.477337903318,-6.50272831731928,1.98280579868844,1.00881690752691e-05,0.000109563336254966,"rapgef3"
25.3590208724975,-5.72061627464732,1.51147719613737,1.01738007614371e-05,0.000110316556416414,"MED9"
34.7677951382275,8.38333215905832,3.09521357961895,1.03902049856216e-05,0.000112483097743702,"polr2h"
48.5925937262886,5.07400654729024,1.32557433540961,1.05948459624064e-05,0.000114515583871178,"c1galt1a"
83.7396105724741,-3.66912568228682,1.0056635717849,1.09584566976449e-05,0.000118257103566783,"il17d"
30.6920411252235,4.69989725060513,1.2207784886352,1.11611072148595e-05,0.000120252501741022,"zgc:103759"
81.3701638866934,4.00635219394712,1.04303868810101,1.1434586298719e-05,0.000123003478327649,"cd9b"
29.3667402230767,-4.44830725787599,1.21401482525072,1.14814835341354e-05,0.000123312224898313,"gcnt3"
32.8411489522905,-3.86009167691152,1.06421190642222,1.23326258303518e-05,0.00013203507938751,"szrd1"
22.6180407010083,5.62611909756822,1.46954755523992,1.23154691862752e-05,0.00013203507938751,"smim8"
22.9661192361267,6.86978187955938,1.75493393064066,1.29243526932836e-05,0.000137934390869894,"wwc3"
3311.68995499101,-8.10431029332184,3.15821278707376,1.29125585926098e-05,0.000137934390869894,"mcee"
35.1633448870037,6.18039482324518,1.61144391856252,1.36215790929873e-05,0.000145146920618199,"fen1"
19.806293904787,-8.50773378017046,3.31608802993929,1.36648338665357e-05,0.000145379245076157,"prss12"
27.4364807382204,6.22315235293467,1.63942572969243,1.38020115235728e-05,0.000146608514255882,"dhx34"
84.523944173777,4.19627689332773,1.09544022056682,1.38998799569036e-05,0.00014724608087179,"pkn3"
325.719203967104,-4.34010116099866,1.20962627799444,1.39054879383128e-05,0.00014724608087179,"tmem165"
23.4472212510966,5.30038264470026,1.39517200293787,1.471540219069e-05,0.000155579220977077,"pard3ab"
66.1799464910693,-3.90199781183592,1.09649190305706,1.47876084133602e-05,0.000156099100027013,"mydgf"
36.7116990250543,5.60578348543317,1.49022946524902,1.53420476452296e-05,0.000161699932957576,"qrsl1"
15.5882350150163,5.57882082798611,1.47227012748303,1.6088975410284e-05,0.00016930898502406,"ABHD5"
30.526332781224,4.90420784862724,1.32135278601077,1.76375248845124e-05,0.000185317063786575,"slc6a15"
11.0278604658854,8.04826906203364,2.95965595536181,1.76694883915077e-05,0.000185365515215554,"bmp7a"
15.7661837366115,6.9580492600777,1.96485284884918,1.772610008753e-05,0.000185385463415418,"kmo"
82.7862545342474,3.49408882723723,0.921511676208071,1.7703031825313e-05,0.000185385463415418,"rab24"
37.8303018659617,-3.89469091134713,1.11803464061422,1.78617736932643e-05,0.000186445514074024,"zgc:66024"
25.6725657925642,5.33499433757595,1.42704606338178,1.78824825362426e-05,0.000186445514074024,"nhlrc2"
49.6274051569414,6.31900197251779,1.71037408567319,1.82437699561089e-05,0.000189628878822929,"aldh1l1"
24.0035959136603,4.84617176751161,1.28868152904001,1.8227030846137e-05,0.000189628878822929,"cpxm1a"
14.5150771202738,6.80128865727267,1.90092118300473,1.86588604311205e-05,0.000193350301439914,"UBA6"
19.5512009010056,6.76950948644884,1.77161437075892,1.86512888049058e-05,0.000193350301439914,"mettl13"
75.4703525692584,5.33620846153962,1.43722041793625,1.88301467894701e-05,0.00019482733556067,"fer"
2727.17650152099,-3.14109582008602,0.87688595011167,1.96584734586574e-05,0.000203087613764209,"phykpl"
78.4410199988817,-4.3790926768231,1.29063985732703,1.97887627387881e-05,0.000204122443045308,"atg4b"
58.7460801839762,-3.89482599063527,1.13703586083035,1.98762376098876e-05,0.000204713164562626,"slc2a10"
47.46042985436,4.50050035635856,1.2253925340615,2.02793694620542e-05,0.000208548234968651,"ciapin1"
27.8872269557313,4.34741741969902,1.17494498031706,2.05684205014874e-05,0.000211200281422091,"IKZF5"
61.1000002972067,4.36778092660886,1.17906890476974,2.10914106377443e-05,0.000216242798626313,"ssr3"
25.6631267444848,3.81651944286287,1.0246681358946,2.13508935973852e-05,0.000218572516479577,"ttc5"
62.5423984036565,3.64888543564524,0.975368056226245,2.15166084211271e-05,0.000219936734947177,"glt1d1"
36.441065072354,-7.9288492268351,3.18640715251414,2.24847709164491e-05,0.000229486886296349,"opn1lw1"
26.3633885828342,6.18855339749034,1.71803106894023,2.34070313831105e-05,0.000238540528847128,"paqr3a"
143.072472848756,4.33023372834072,1.18202444926104,2.35466514174887e-05,0.000239603088072554,"man2c1"
15.7323695835317,5.58131952306323,1.50562137993072,2.41560101566604e-05,0.000245435203645709,"prf1.5"
1085.39921197406,-3.94890697413455,1.19636527822789,2.51412408398593e-05,0.000255063157442704,"cog4"
81.7168366118714,-4.04099343323226,1.18799404527127,2.51970039417181e-05,0.000255246779840095,"mrto4"
35.8598655335075,4.09182733632801,1.12266778411883,2.52439764105859e-05,0.000255340937514239,"tagln3b"
16.8587945274833,8.58176181181226,3.20236445878471,2.62132112666658e-05,0.000264749527204463,"slc22a2"
18.1247684300117,5.2091906330995,1.43112890951621,2.6514003712205e-05,0.000267388992794067,"kat2b"
11.0793951213891,6.66783138372761,1.90419262164268,2.66493667720791e-05,0.000268354767629094,"rpap2"
27.2183746436978,-4.95463716939065,1.35061437909908,2.70792996340672e-05,0.000272279545430376,"hddc3"
693.099131679585,5.51320714885994,1.56076612602514,2.76201455302003e-05,0.000277306261123211,"serping1"
450.475263402817,3.99721876744978,1.11638641180163,2.76826885546308e-05,0.000277523047832445,"znrf3"
61.3664305272605,4.54282885756263,1.2705392125719,2.81464572641219e-05,0.000281755599525782,"NCBP1"
22.0888517195527,7.72837135589172,2.96239070165218,2.83342180444913e-05,0.000283216807798698,"slc25a19"
28.7969277221333,-6.12834962086067,1.80849077734757,2.8521325552887e-05,0.000284667191858491,"trmt10c"
73.8793444179586,3.4741655722434,0.951859604391094,2.87554929481655e-05,0.000286582317220173,"tax1bp1b"
31.2925124534922,4.53523265640459,1.26012556590879,2.89571485658953e-05,0.000288168275816553,"impdh1b"
37.5837078373147,5.51127724482019,1.53853391353846,2.9173826480532e-05,0.000289898859323409,"kcnc1b"
19.5593674906464,-4.31017384338763,1.2618552664634,2.93703958131684e-05,0.000291424849818217,"zdhhc3a"
15.0449723766415,7.09782335590061,2.046643599926,2.95633958941961e-05,0.000292911014583285,"slc16a7"
28.0989067254529,6.33774816653077,1.71689043418282,3.09422532767546e-05,0.000305728540683369,"epyc"
18.9837390224516,5.70010760428667,1.66783998523339,3.09472892000577e-05,0.000305728540683369,"gtpbp6"
144.622734565004,-4.04879209072356,1.24017836615214,3.22423185172007e-05,0.000317655498275972,"eif3f"
102.494095301243,3.83653095234404,1.07111558991482,3.22483374374898e-05,0.000317655498275972,"sept8a"
26.1083077285138,5.24227982858802,1.46407801940406,3.23540671008164e-05,0.000317773206872801,"ltk"
209.821612654497,4.17483669962162,1.16431139674032,3.23349780691602e-05,0.000317773206872801,"cldn15b"
12.3736887726092,8.48455517092991,3.2669090907948,3.24922999886357e-05,0.000318669055026026,"dlgap2a"
12.2781304107075,6.18360768570961,1.80430310032711,3.29177888272344e-05,0.000322375512835503,"nf2b"
239.20779077023,4.01537696810259,1.13043321744453,3.39654661703429e-05,0.000332155792548938,"wdr45"
91.961946626544,-6.93751790021942,2.39503900725522,3.52876360436078e-05,0.000344588342172233,"slc16a12b"
719.699528419249,4.83288412569093,1.38258182796897,3.56195436513919e-05,0.000347328988957529,"rpl23"
55.9404473948702,4.023940140799,1.1242128123235,3.57840159171436e-05,0.000348431430848394,"sema3ga"
30.9796544872606,-3.83115771105265,1.1287429419185,3.68964643252564e-05,0.000358747975225628,"uba5"
12.9613611761822,6.61952999308071,1.94579064143548,3.87380988244367e-05,0.000376114750334109,"acox1"
36.0502333389653,3.50237367982539,0.981110695714239,4.07494019218905e-05,0.000395076819491634,"ints9"
24.3723462043917,6.74009560147241,1.9095017220448,4.26974863601915e-05,0.000413372664375739,"acaa2"
9.9715061050559,-7.03877431815991,2.95601683296139,4.27761894959181e-05,0.000413543846239425,"fam160a2"
9.1406923973589,7.58062407800688,2.99456628747307,4.32029753203775e-05,0.000417074877131337,"mrpl22"
49.6997891770018,5.68714594097283,1.59022308394964,4.57749292936829e-05,0.000441275527486898,"immp1l"
19.0139929434545,5.61623125702775,1.60962526336308,4.68034683033737e-05,0.000450549864619266,"oclna"
42.8720651209882,3.17526078767623,0.896431738062502,4.69145620139467e-05,0.000450978704636194,"rpe65b"
25.92880483582,5.128207663354,1.47700760282637,4.77540899635005e-05,0.000458398679437171,"zdhhc6"
20.1866161312545,7.86952755054613,3.02979213313506,4.94126103662359e-05,0.000473648176028261,"ppil1"
26.2962576925116,-3.09991516045645,0.924321096136361,5.11906318433241e-05,0.000489998463279954,"itga6b"
18.9838336365059,-4.91211081519409,1.53994102946258,5.16649328571581e-05,0.000493840973163555,"C1orf50"
14.0540539867435,-6.15843426864683,1.69711086497487,5.4186322528276e-05,0.000517212264470601,"klhl21"
10.6444807166313,5.70160423536182,1.60984179440865,5.54060879648e-05,0.000527369463676194,"ehhadh"
50.6069427820339,4.05154779517324,1.17209666701938,5.53589928140991e-05,0.000527369463676194,"pdzk1"
134.011579280631,3.17892730578192,0.907385223798889,5.58232644395175e-05,0.00053059503942021,"phactr1"
34.0269549449632,4.67515062695542,1.37760734278673,5.66636587301601e-05,0.000537828592737108,"sfr1"
17.3856542880344,-6.27691024920272,1.76365262883418,5.79592190756988e-05,0.000549356122623791,"bloc1s1"
122.017030746364,-3.43833718441782,1.07399950763694,5.82704886842379e-05,0.000551535058398157,"zte38"
95.9184353299711,-3.1861743445947,0.980757308167171,5.88873433640529e-05,0.000556596270541404,"fam32a"
29.1451082228707,-7.2932287236414,3.12036974508189,5.90209526535384e-05,0.000556766428275677,"ldhbb"
11.0748101882465,5.64865687558431,1.71666872713361,5.90696564748726e-05,0.000556766428275677,"rnps1"
78.68167005808,-5.3723779697611,1.62821461857316,5.9658166319188e-05,0.000561532490479357,"mtg1"
41.1730618354365,5.75605717677882,1.72202413753287,6.03513386876707e-05,0.000567269101645415,"RABGAP1L"
52.4879458775667,4.70922580538685,1.3808580073974,6.08181497885029e-05,0.000570865098499562,"si:dkey-122a22.2"
24.2878108912731,4.11116021347716,1.21604998253654,6.1358394744444e-05,0.000575139476048543,"UPF1"
24.6583421911323,5.14698795984381,1.53403833506678,6.19161453709921e-05,0.000579565907706095,"st6gal2a"
98.9221935827401,4.31921857039954,1.2734024518188,6.21164558712055e-05,0.000580638926122979,"coa3a"
20.3165577649169,4.84255054400491,1.42121515645402,6.24638521091491e-05,0.000583081991382512,"INPP5A"
10.5864795940858,-7.24562885184277,3.11744109736122,6.32586096188282e-05,0.000589688579624207,"brd1a"
112.979900771465,2.87533412462725,0.820955075179382,6.36932975726028e-05,0.000592925106661441,"adal"
21.2717896182786,6.81934012812323,2.80835566065059,6.76627895389182e-05,0.000629013339787721,"ASTN2"
21.9298759631233,4.4348643556651,1.31872315731119,6.90065260676474e-05,0.000640626338575954,"PAK3"
35.3708597457425,4.04183881437584,1.19614480372613,6.94518487987658e-05,0.00064387849426708,"nnt2"
53.2111154029966,-4.34812555995388,1.47088550489317,6.97484895955466e-05,0.000645745237689917,"sdcbp2"
17.2550807343497,5.16502832231677,1.53375800972839,7.07206237962502e-05,0.000653852206640092,"irx7"
17.3348394237224,4.93521618792094,1.45561676393046,7.16297288942465e-05,0.000661355139940475,"dhx32b"
24.5483341102479,6.13766042488114,1.91156403858061,7.21418769024664e-05,0.000665177550704782,"tmem110l"
18.3052124739786,-4.89099956174617,1.42936018630475,7.51854408065432e-05,0.000692298549383075,"rtn2b"
2153.54542066509,4.78439551499366,1.4100769499425,7.66039252045488e-05,0.000704402715211978,"ndufc2"
570.88504791555,-3.11145186228784,0.991695206218796,8.00722251997353e-05,0.000735297385065862,"mettl5"
77.7891648414577,5.09397793992378,1.56257557784357,8.22737710440007e-05,0.000754491673024618,"pdk4"
45.2972651906843,-3.3063073663947,1.07312463364089,8.56963759444698e-05,0.000784816675372529,"mat1a"
46.1555654888972,3.35131989978036,1.00185072041153,8.63708735457319e-05,0.000789926329310965,"sec24d"
70.273679348243,4.83549737583854,1.47774295304679,8.87103622069968e-05,0.000810229278540185,"lgals3a"
57.5207560094297,6.25823713990437,1.9251344036822,8.9746731419127e-05,0.00081859165387271,"afap1l1a"
51.2289492671009,3.55207879834829,1.06263340179804,9.00323455347013e-05,0.000820093018398751,"sgce"
22.6603890488036,-6.29449453357129,1.92794813000826,9.05752127379321e-05,0.000823930492248276,"psmf1"
314.545626265357,7.64368615917704,3.07839928780177,9.09462752483356e-05,0.000826196926753311,"uba52"
2225.5102457346,-4.25871167043798,1.52457241575525,9.12467169680328e-05,0.000827816600926852,"rpl6"
12.9049537393354,7.35938759723327,3.03041464162357,9.20537263173661e-05,0.000834021528412821,"foxh1"
51.9555146125596,-4.28364429958941,1.48077444913445,9.27602056162018e-05,0.000839300284994659,"mier1b"
153.102563516917,-4.97855815132051,1.50634322058284,9.41329409461503e-05,0.000850585254389414,"vps4a"
24.0916763316067,5.4574212530883,1.6833609007036,9.47824870775455e-05,0.000855314134386852,"rhbdf1a"
49.1780164624812,-4.25069163673429,1.42840822394175,9.92086221307799e-05,0.000894064936409968,"adamtsl5"
17.3777196095828,6.02626254388047,1.97528241124373,0.000100222928839606,0.000902006359556453,"ccnt2a"
50.4767985714478,3.86525170590938,1.1875133332065,0.0001021139040904,0.000917806270584408,"psma1"
15.8682502534523,-3.69329950356791,1.14410129494278,0.000103001337862947,0.000924556379731381,"YES1"
181.72186420157,6.06422352822254,2.62802175287724,0.000103552905522791,0.000928277831650737,"g6pc3"
36.9674458962471,4.20001978818783,1.29417322556587,0.000105427483802828,0.00094383362976455,"mrpl45"
30.595901564826,3.96590813635242,1.21647736110634,0.000107771653642421,0.000963546829465282,"lctlb"
167.4308309137,3.8290107810202,1.16570028750355,0.000110248490320785,0.00098439264677729,"zgc:154006"
30.1834075598988,-3.86210086487163,1.31984723701242,0.000116664973101669,0.00104031384567106,"TPPP"
28.9444017821545,3.76116792826102,1.16275443089566,0.000120037147592895,0.00106897733145473,"scinla"
22.490355824709,4.97032109553589,1.563695019253,0.000120563390567398,0.00107225472162107,"klhl36"
11.695819773581,8.10738721525447,3.31957257841601,0.000121396205638023,0.0010782465080064,"sarm1"
43.7868513010164,4.3064971844104,1.35294606057833,0.000129234333504717,0.00114636266775061,"surf6"
48.9258621850867,-5.47460424290052,2.08936441366713,0.00013021194339942,0.00115352462799722,"mpl"
14.0478405410102,-4.72651692271196,1.46236175729451,0.000132848341511614,0.00117534361674178,"cetn4"
34.4532616221139,4.24219067967254,1.335861499757,0.000136299293384031,0.00120430288300336,"slc25a18"
92.381727104517,3.57906110601569,1.10581791684015,0.000137099021317114,0.00120979175451312,"ano8a"
45.9262538969796,4.84708543183008,1.51271143379993,0.000138670722066101,0.00122206954933936,"tepsin"
25.9184548477863,3.63522987782679,1.13664623171013,0.000142666720058238,0.00125565241796712,"atad1b"
236.515931340923,-2.38073190244555,0.754383239871811,0.000143379140452614,0.00126028590771383,"atp1b1a"
123.302381713188,2.09717111688468,0.621134310760601,0.000149399591134729,0.00131150392373064,"HNRNPUL1"
12.7584457221632,5.68799294480892,1.89578238879364,0.00015091117460134,0.00132305954757217,"aga"
491.996069365218,2.64511836105962,0.807394714321128,0.000151495237948157,0.00132646411831351,"si:dkey-13a21.4"
16.9388232316648,-5.32570932335673,1.84982915175867,0.000153659590751855,0.00134367876971009,"fbxo30a"
188.498637526281,-7.48224479695212,3.51327034329427,0.00015995307642563,0.00139690979244394,"rpl10a"
17.8387375408735,5.93052388197777,1.89240336408751,0.000162180548758751,0.00141453999863327,"opn3"
44.3086681458463,-2.66327955545206,0.856170213875006,0.000163955233475667,0.00142818074198534,"lxn"
28.0744673085305,5.27198818868076,1.68636664515435,0.000166638055644414,0.0014496869102724,"zcrb1"
80.1438134152767,2.83743364453681,0.881694605176773,0.000170112086827188,0.00147801232362545,"sharpin"
25.7162641739422,4.03226294425229,1.29334734178895,0.000175223466584954,0.00152047302566739,"arl3b"
346.495868312358,3.07431326315496,0.967984624526136,0.000176618566631761,0.00153061895916042,"rbck1"
21.8582950903069,-7.05440396953148,3.32330631348715,0.000180065919272414,0.0015585015771509,"opn1sw2"
59.5017415944529,4.05851909489699,1.33497433299816,0.000184471373616764,0.00159459502423573,"ndufb9"
10.321837856789,8.44440752830829,3.60183457807019,0.000206957682084761,0.00178669071527188,"esco2"
7.978966926237,5.72330311496368,1.97480548423036,0.00021538604551045,0.00185708807942026,"prkcz"
124.800845308012,4.05799805753004,1.35233059803422,0.000225645900839994,0.00194307785259548,"rnf215"
25.6761474356086,-5.25218581499876,1.9281829492389,0.000226348971865325,0.00194665860701943,"c6"
21.8133781626954,3.7159484484285,1.22299116533806,0.00022683837002637,0.00194839497296414,"neu4"
9.21217733513751,5.69617556954302,2.64138641688038,0.000227988032326706,0.00195579100642796,"npr3"
11.1638639168054,5.33911858248898,1.73633184225785,0.000228539767416684,0.0019580455167925,"ppcdc"
10.6628371665887,-6.56442094645722,3.15539704246642,0.000231727656590643,0.00198285142514493,"aipl2"
11.0574377195036,4.53311108652076,1.49836066333022,0.000234803333884597,0.00200663580546773,"camkk1a"
13.7414631020489,-5.91579235160565,2.83566815483331,0.000245992052790581,0.002099607231438,"ssbp3b"
45.2430249087695,2.9883034840171,0.970570468337764,0.000252675305946416,0.00215393779672812,"kpna7"
21.8191512262968,-4.34233456107686,1.44039753123365,0.000255528284520734,0.0021755215881872,"FAM53C"
12.6833361658466,5.54956168837382,1.82792761690465,0.000260816137983982,0.00221775529123895,"gpr137"
31.8795864141587,3.08682985973783,1.01393004732255,0.000261204416778675,0.00221827359963544,"fam199x"
47.0761924520595,4.33192780072059,1.49784135047564,0.000265496003034623,0.00225189788806713,"lypla1"
146.088437967166,2.87740645414547,0.939773534463721,0.000271980658317654,0.00230401615177343,"pter"
15.8498665437405,4.34541199238493,1.48894794172877,0.000286230187805076,0.0024217003530025,"nbn"
14.4240682946147,-3.80953479670591,1.37862598496288,0.000295263346513456,0.00249501209391732,"tdo2a"
58.5534661406852,3.26773398854913,1.08865963469662,0.000295823467576692,0.00249663217903766,"aqp11"
154.961221150749,3.18367377393364,1.06009527216329,0.000298550897384282,0.00251651670593691,"cfap300"
13.3429589895897,5.02766020403966,1.73235297936541,0.000301236958836286,0.00253411559864807,"mzt2b"
8.05020749292011,-5.97666675391592,2.9357687434292,0.00030138662719645,0.00253411559864807,"GTPBP2"
18.4369746669744,-5.86238369669131,2.12799249009514,0.000304798142198804,0.00255962454731263,"ttc37"
14.4911455507799,4.0634739551658,1.39147066240546,0.000306931105036724,0.00257434665697262,"slc30a5"
9.48703273546488,6.94489085548598,3.14756297404357,0.000310076438540989,0.00259751300864312,"atat1"
26.3355222870435,-4.79256608403132,1.96220006006322,0.000334466775589833,0.00279837202243494,"hdhd5"
18.65448852147,3.26081755485812,1.12017189878728,0.000337511537815154,0.00282036460144673,"erh"
21.0721490278602,-3.10016521740733,1.11565681551657,0.000343570873396381,0.00286746281897448,"uqcrb"
13.6041692267399,-5.60326052093889,1.99364571857634,0.000344564387932383,0.0028722175363072,"srek1"
14.1983396274024,5.56945874154084,2.04101644730271,0.000352155751260506,0.00293189130994158,"zgc:165481"
35.2530096802558,-4.00826350834951,1.67834439502854,0.000354302079550644,0.00294614134124505,"gtf2h4"
21.9050064784663,-4.96632682858431,2.04504110989759,0.000357610295064723,0.00296637083188939,"pxmp2"
10.8013659277668,6.11622847270078,2.87498054031548,0.000357418919816127,0.00296637083188939,"ano10a"
15.1962958217888,4.36660652062716,1.51074141423418,0.000361288877121101,0.00299322092940061,"smurf2"
13.9591747877347,-4.62489959612782,1.6609713510624,0.000366984796369586,0.00303139980773451,"gdap1l1"
52.1162088431866,-4.29460149077037,1.50686015818262,0.000366573548480203,0.00303139980773451,"eif4a3"
169.71552511992,-4.93457281984755,2.60056583655881,0.000367653916022689,0.00303139980773451,"pdia4"
62.2369819883805,2.83494839825399,0.954256446236036,0.000367686386595509,0.00303139980773451,"notch3"
8.64553963246213,4.62733654295617,1.55973928055257,0.000377068057805407,0.0031049699000574,"stk19"
56.498439225286,4.28269515207685,1.52367061521941,0.000382722151076276,0.00314770390515039,"cpo"
16.5037916242818,5.16343122975105,1.85282414111393,0.000387590364530906,0.00318387866718297,"nsl1"
20.9080786460603,-3.66285248163014,1.26366090922288,0.000389987690098354,0.00319969319103698,"ppp2r1bb"
13.8442044342387,-3.23354822982425,1.17984969122675,0.000396716263429253,0.00325096265690453,"klf13"
28.8915139533908,4.87950678851243,1.75342027176445,0.000406014890536589,0.00331513603995959,"GAS7"
231.552266146357,3.29429593743288,1.14297217763708,0.000405574958555588,0.00331513603995959,"chfr"
11.0990536289375,-4.27987781302435,1.48896092030703,0.000405343055784305,0.00331513603995959,"rnf166"
23.8490378282536,-2.9874699150792,1.10036299764103,0.000412389911674346,0.00336313649990018,"hlcs"
13.1772826664447,4.70074633028207,1.66130290012071,0.000418609226434045,0.0034097532782975,"ttc17"
97.0754514041642,4.44302696831969,1.56743577187719,0.000421939596109166,0.00343275467326748,"otol1b"
430.689102682389,4.208198652542,1.50742330710706,0.000426343193763593,0.00346442185148186,"guca1c"
17.4465745256068,4.05214052292596,1.43085491964242,0.000430501702852485,0.00349402400027699,"atmin"
89.6906195493415,4.24928174946389,1.52478527053751,0.00044525492744299,0.00360944096086261,"lrrc29"
31.1423884954763,4.54763523115476,1.64608341803144,0.000449800348878055,0.0036419318570449,"ptp4a1"
39.0857749794999,-3.53223561425447,1.38781042531873,0.000454175747212228,0.0036729702134335,"hgs"
6.81326119495693,5.37074221225083,2.01517826525677,0.000462858391311717,0.00373872624305066,"sgsh"
39.1299259564464,4.7744986216975,1.76400002443163,0.00046904297084037,0.00378417168260142,"TIMP3"
8.69614092153437,4.4146081004894,1.54475880080015,0.000490210512656659,0.00395024571257334,"IFT122"
9.70501975152676,-5.15497912080269,1.78287096251708,0.000507556210986595,0.00408516442025672,"nprl2"
13.2238445777491,5.26437019905837,2.6380752767297,0.000516361898271461,0.00415110864126416,"kif15"
12.0342940607672,-5.72516424991165,2.99494061708875,0.000528217107872609,0.00424138310432781,"apbb3"
533.174869046783,4.15526183268557,1.51851358081995,0.000533571222008484,0.00427930434503136,"CNNM1"
12.3394182235117,-5.12454081142471,2.64333884383767,0.000546347180464846,0.00437636569710747,"si:ch211-129c21.1"
40.1872939640391,3.89266199709075,1.41431363938496,0.00054696499121293,0.00437636569710747,"ddit4"
120.559096076494,2.7555383556638,0.962411737017841,0.000562917972653971,0.00449869705268391,"si:dkey-34d22.1"
32.4851622998619,3.14989449271161,1.13171554161481,0.000565784041023331,0.00451627614371627,"fam162a"
558.809993782405,-4.31379101679678,2.20318883143769,0.000577043553689242,0.00460073430982588,"nmur3"
10.5804813920735,-4.55588856342336,1.79370085734518,0.000583450553765395,0.00464635064966872,"march6"
16.2898178710301,4.09539611122467,1.52858461167797,0.000594588779520451,0.0047294931441433,"vps36"
21.2016503038891,3.2676034335535,1.19459865628724,0.00061311864208049,0.00487116651509904,"nipa1"
7.08288062532666,7.41129158536099,3.53693077485607,0.000619050861100968,0.00491253827363145,"agk"
11.0297134898551,7.14031957366487,3.42719228620997,0.000620908353350934,0.00492151568498161,"mc2r"
19.7727465059216,2.44075762406091,0.850380673774654,0.000628815801518094,0.0049783699613179,"polr1a"
30.3058784311877,-3.22233869960855,1.34793887695607,0.000631363679217296,0.0049927090479062,"ythdc1"
5.04535412036155,5.95606064438947,2.97043533201022,0.000643469253791429,0.00508250714795398,"arhgap42b"
21.6848767479369,3.02061792944935,1.09300188012409,0.000656876434377783,0.00518236507075464,"vps35l"
41.4821919970279,2.86489814649052,1.03956449344821,0.000700327462711664,0.0055187432730197,"chchd10"
39.7316800352923,-2.62498629693031,1.0430595208131,0.000704946624944474,0.00554869137891835,"opn6a"
10.8660575757682,3.76216630636742,1.40051127827614,0.000707929889965689,0.00556570865927781,"scarb2c"
7.41176993727552,4.26429162861585,1.61591846095559,0.000722983164649283,0.00567747034394924,"nab2"
22.468116402511,4.54852539240227,1.79060916055335,0.000735986731609762,0.00577289592606407,"rfxap"
7.3340662752165,4.41573164474767,1.80131349441394,0.00075143731457024,0.00588727246340175,"jagn1b"
8.78720697952112,4.16164780409677,1.60391871193064,0.000762040758381446,0.00596345290941231,"ppat"
14.1301321773213,4.09876665429793,1.59258574769062,0.000817370233223199,0.00638906351851629,"armc9"
21.4330326206882,-3.10494011644924,1.30239158557448,0.000819429206042768,0.00639777849003668,"thap12b"
33.6073127099805,-3.40840166629861,1.33375718763826,0.000823106077599055,0.00641909078007917,"SHKBP1"
53.9002200541784,3.41438924387317,1.31762678201334,0.00082577375402573,0.00643249279429008,"ogg1"
351.95090906553,2.24971221457551,0.788772585315307,0.000832457462254449,0.00647711162077887,"caprin1a"
76.9034521627584,2.73490833066961,1.0129176838142,0.000840633467954533,0.00653322593156866,"lmx1al"
88.886710986056,-2.28202406158301,0.887066945746137,0.000858800810942359,0.00666677330556285,"fgf2"
8.58068059438781,-5.09709917041495,2.0077676053008,0.000868016549730062,0.00673060429922269,"dctpp1"
342.838265220971,4.6961539316617,1.9166902577728,0.000874010353979854,0.00676933505019597,"zgc:162331"
9.64564886401214,5.4087173008055,2.2709730064157,0.000888438236168102,0.00687322594350596,"lrrc18a"
14.5693625194805,3.42806070179672,1.32808579598813,0.000905561130563368,0.00699770556650849,"CSNK1D"
12.175268017942,-5.19338421039573,2.25169950027308,0.000907997435598542,0.00700854057067349,"akirin2"
35.8514285793273,4.87954264996689,1.9719986153355,0.000914367801145748,0.00704968212555715,"wipf3"
7.32774632632819,5.04600038783099,2.1131966465902,0.000918981779519982,0.00707720399978059,"rmdn3"
28.516689520491,-2.97927678378224,1.27952053507271,0.000931021390900709,0.00716178429754155,"eif4e2"
7.60906310735604,4.00098028073002,1.56727989616164,0.000943561076272531,0.0072500152085022,"ap4m1"
24.4112880304947,3.01716127427514,1.13798941636782,0.000946915706677269,0.00726755123913007,"brms1la"
53.2762432206633,-2.64324384033097,1.01399156470314,0.000949240531678915,0.00727715280903621,"psmc2"
10.5522358929263,-4.93465131761157,2.01094186576987,0.000956627714535556,0.00732273635234812,"csnk2b"
22.8860303984299,-3.92414682327709,1.95575220083991,0.000957886914411483,0.00732273635234812,"hpn"
343.946256213215,2.96400923811026,1.14462075416115,0.000958428086842672,0.00732273635234812,"casc1"
69.9594430961336,-3.40833175133685,1.7190429541979,0.000978008775564014,0.00746392508107806,"fgd5a"
10.8148216922831,3.27123530220065,1.27639163962317,0.0009883508900104,0.00753436893318389,"ttc8"
21.6715012411972,-4.31072444705505,1.85281851698457,0.00100316977532057,0.00763874333409834,"spcs2"
15.8951428082989,5.12566663093067,2.14321855118244,0.00101986855223136,0.00775718201848699,"ccdc12"
203.463009771435,3.00042914706556,1.15509160786107,0.00102663244863069,0.0077998745564688,"ppp4r4"
7.65995815677875,-5.249537683197,3.02189581822803,0.00102980838302099,0.00781044182556672,"PDE3A"
9.00395101384609,4.32430428504057,1.75184365767047,0.00103032831519207,0.00781044182556672,"cstf2"
433.847095633439,0.379062191703945,1.12459111327791,0.00104367496771135,0.00790277682254726,"stom"
17.0781749459225,4.98965747336893,2.09676178007387,0.00106612972421076,0.00806379591626824,"zgc:154058"
36.3373181079091,5.97685147896187,3.14580591503701,0.00106957776265485,0.00808085674193078,"mns1"
97.2011236675795,2.89968149541406,1.1173887309028,0.00108399123610548,0.00818063319274707,"scg3"
10.944330965133,4.27479862247981,1.79383943439119,0.00112393743787395,0.00847266297716545,"bnip3la"
6.43572075395975,5.33838861278646,2.30423959693768,0.00113135289153372,0.00851908727324889,"snrnp40"
25.5900411127066,4.1245908540938,1.7320298316931,0.00114298889960863,0.00859715402069668,"ndufs6"
23.2830557086359,3.41829181170006,1.37938362778933,0.00117324229777873,0.00881492577832204,"abraxas2"
25.055002425536,2.63427144138216,1.02867421334415,0.00122976259407732,0.00922934784060023,"gdi1"
19.8892197200971,2.48872548819447,0.952058287938775,0.00123422506091567,0.00925259207724057,"cdr2l"
326.38853188669,2.05024679900498,0.75508904809507,0.00126688186256085,0.00948691533986173,"rcvrn2"
12.3417255633547,-3.58712592755321,1.78327360724466,0.00130259009123439,0.00974354641092213,"LIN28A"
151.534496690562,-2.28683628775583,0.957200575630474,0.001328156385416,0.00992383222046776,"pgpep1l"
14.9630982543354,-3.22639763320136,1.42204154967723,0.00135723269740969,0.0101299184915699,"si:dkey-120c6.5"
133.634501777123,10.7489365214712,6.17799096656388,0.00136593099760199,0.0101836241702406,"calcoco1b"
12.3884594258349,3.16078170819532,1.28182015163055,0.00137207001186789,0.0102181521653062,"klhl17"
282.430795377095,-2.1713505657552,0.894088068952974,0.0013766669371412,0.0102411326377672,"bet1"
8.82186344075416,-3.35110690176775,1.50961997808898,0.00138593156238026,0.010298748024398,"pi4k2a"
18.5626047130676,4.64893970072178,2.01846749835949,0.00139795026143422,0.0103766800895287,"gar1"
18.3826088689125,3.4042955568016,1.43536669393192,0.00141148671319247,0.0104656952465048,"mrps35"
20.2077222015436,-3.18959585229483,1.41369882650093,0.00145811087375103,0.0107877919120204,"trim3b"
13.1698085579968,-3.05263741057865,1.38416464018022,0.00145799655396822,0.0107877919120204,"cops3"
12.665196933135,4.03572898282366,1.69170878623121,0.00153792017134469,0.0113658506010937,"lamp2"
23.8989437742733,-3.20100711925273,1.60202954891641,0.00155319207383288,0.0114662120744721,"C18orf32"
15.7504586977659,4.16528197082796,1.80800523055102,0.0015650279449179,0.0115410167385295,"coch"
13.1965875711875,3.48878247143547,1.48555932168501,0.00157109345754363,0.0115731525671447,"mtrex"
49.9603018183435,2.74612134144016,1.11860555473699,0.00157325720660514,0.0115765082401336,"slc38a10"
11.0166084720417,-3.74971566331121,1.85994804154439,0.00162806007987233,0.0119667713246147,"cnot9"
35.9030056590291,3.45192188974507,1.49367803165364,0.00164130495619346,0.0120510549167097,"slc18b1"
30.1371383777249,-2.64413865073409,1.23954756995169,0.0016890337529171,0.0123880754799991,"aldh7a1"
6.76833421076375,4.03572093332687,1.71956101158847,0.00172144957561582,0.0126121770529172,"rbm14a"
55.3255664840225,2.73748018673285,1.14320076020878,0.00177070105809001,0.0129590076357192,"slc4a1ap"
20.4654901252337,-3.42561590225494,1.70854859812792,0.00177959437960118,0.0130100443479582,"pbrm1l"
9.22744770089574,4.49780551795482,2.0453871033765,0.0017993690367157,0.0131404353036878,"pphln1"
23.4027805321012,3.62751563019121,1.50752928909114,0.00183088902325338,0.0133562270296966,"tshz1"
10.2075841702808,4.84943429063819,2.3283560023698,0.00183719372186523,0.0133878084441728,"CSRNP3"
9.00173520757499,-3.27365932948583,1.50548682653533,0.00183942185913351,0.0133896476255078,"haus5"
19.1772419509466,-4.5073054718007,2.78295714273994,0.0018470139365205,0.0134304865319736,"pin1"
6.44820034695951,5.54082114674321,3.19455386811397,0.00188763783725831,0.0137111700140402,"zgc:172302"
15.882650961373,2.45329622036493,1.00488246719731,0.00195452220207573,0.0141817954640977,"zgc:55558"
163.372589823946,2.12458631594692,0.837802898342492,0.00196406073443632,0.0142003209362672,"PPP1CB"
51.0363645375383,1.98692517457034,0.765958227881314,0.00196247133203795,0.0142003209362672,"glb1l"
116.599028993991,-3.68000739419705,2.47870019268056,0.00196545684494889,0.0142003209362672,"rpl14"
10.8574115993844,-5.00582153773831,3.47469332078311,0.00196213396359824,0.0142003209362672,"golga7"
13.7723659697745,2.58553431861019,1.07724400030186,0.00200857264243549,0.0144963757164913,"lsm12b"
7.60869113487329,5.16836162019874,3.04318633577102,0.00202031867105994,0.0145656379082694,"jag1b"
33.2437037101668,-3.01348632713652,1.72980636123957,0.00203073500961717,0.014625176578295,"SH2B2"
15.0454482475021,-2.85199455404284,1.36716273052865,0.00205284998224429,0.0147687519423243,"slc16a6b"
144.781215301683,-3.02054082489973,1.78047062418057,0.00208902854333688,0.0150130927234295,"mrps18c"
9.21017587964656,3.40630880211796,1.51932308119003,0.00209257327210968,0.0150226367214908,"si:rp71-19m20.1"
111.006353780547,-2.27312418014521,1.03291429971633,0.00216315518074347,0.0155129128676174,"cib1"
68.1193377823565,9.46868294587303,6.3261711172152,0.00218697795656996,0.0156671771793601,"slc9a2"
131.661946169232,3.44063690554803,1.60844952121773,0.00227041844335516,0.0162477569066715,"rlbp1b"
7.13776427682092,3.75370909796974,1.62578474418615,0.00229721773843052,0.0164221989592233,"top3a"
182.379573271211,0.346256721589534,1.10602516787407,0.00231353070004625,0.0165213883606043,"si:dkey-19b23.7"
661.879439841881,1.98547473019023,0.788139679861191,0.00234679391747875,0.0167412867144773,"mak"
19.6082061559951,3.826270806607,1.8150994439434,0.00239332150899142,0.01705524696786,"gtf2a1l"
7.61971723639955,-4.63584523300116,3.27027043054535,0.00240384957436454,0.0171122779049039,"myl13"
15.7105289420522,3.67779114038935,1.68225631829698,0.00242295292378297,0.0172301699522321,"larp7"
19.2992492870195,-2.83913889416049,1.41390825140632,0.00245398568298529,0.0174325586725276,"nrros"
7.91623048419464,3.54589915903611,1.63228813166109,0.00246324831946915,0.0174800354565889,"naa35"
29.3308857627079,2.81111146457697,1.26370633292356,0.00255129653409962,0.0180859169577334,"znf653"
36.9141311895848,3.76491137597384,1.69398187710281,0.00256594091407552,0.0181707226485787,"chadlb"
66.1919206218174,5.34518281346159,3.25971196374296,0.00257613980783249,0.0182049003938277,"actb1"
77.6811385627185,2.24240335204325,0.931315825507385,0.00257565489450625,0.0182049003938277,"ctnnal1"
135.445992661536,2.86760125147323,1.27767351261911,0.00260219059877095,0.0183698392581987,"txndc5"
7.65814767047499,3.88467166959317,1.84806544148671,0.00261715629559744,0.0184562624508469,"ddx43"
16.106385927879,3.19924686556949,1.50603700433306,0.00272720715638542,0.0192123522856798,"ddb2"
10.6998465565582,3.77108011306527,1.8474941210517,0.00273608553499811,0.0192548823163886,"zic3"
27.8064749441467,-2.86729152168815,1.33776829835852,0.00274061992543617,0.0192667855131545,"nprl3"
20.4421807471106,4.13991392818681,2.07531176188362,0.00276499959450762,0.019418033421739,"b4galnt1a"
5.40294699274236,-4.71759274616945,5.79637188123816,0.00285110709405542,0.0200020215076745,"cyb5d1"
32.4265110480014,2.77969775883571,1.26151948198128,0.00285420346189127,0.0200030370850436,"atf1"
8.63628989648783,-4.19023170725488,2.88350386241054,0.00286711529592803,0.0200727689674631,"os9"
21.13005688392,4.30466977863777,2.74278419336956,0.00288175663726312,0.0201544527664935,"CDK2AP1"
24.2869979127211,-4.06069471533568,1.80443463232816,0.00291688962979951,0.0203791350733518,"atxn7"
36.6829192989169,2.4056998606861,1.05502172446928,0.00296036930793159,0.0206592783924613,"erlec1"
130.851161791879,2.1661660391743,0.915185428198806,0.00296308375350042,0.0206592783924613,"mrps7"
12.562843995825,4.30578126997598,2.28745213029077,0.0030214507436501,0.0210445752206749,"fdxacb1"
20.7382995349104,-4.17121848653269,2.91256654727708,0.00303883596482775,0.0211439336074309,"mrps28"
4.17502039380814,-4.53691419426487,3.74572322322757,0.00308231646888644,0.0214244704714291,"klhl43"
5.5746342538758,-0.824062723145699,1.60603618522634,0.00309621596526015,0.0214990323735328,"slc25a26"
5.76505714500985,4.00613051669775,2.23517228669385,0.00321106952480028,0.0222354581515467,"mpc2"
16.9575875426499,-3.13005383911217,2.32860925488088,0.00321211650145555,0.0222354581515467,"tbc1d20"
71.4589337592217,0.433703490923064,1.15972676521414,0.00321117764773451,0.0222354581515467,"ngs"
9.50856382366575,4.11501395711526,2.20960335143734,0.00323266745652951,0.0223548850539801,"tax1bp3"
13.9201998982689,2.78622902781326,1.31947259859349,0.00332254948026357,0.0229530253086098,"ptcd3"
22.6148720917223,2.73514206145805,1.25189245731637,0.00333226797677726,0.0229967210576573,"ankrd27"
44.7632445055206,2.67742979358873,1.24473962998356,0.00338550463274812,0.0233403508607671,"rufy3"
48.0598317927219,-1.94170094759743,0.890082860095742,0.00342532368722472,0.0235908725897581,"creg2"
37.6777711302928,2.478194680041,1.13858183500804,0.00344865043275899,0.0237274152109723,"cmtm4"
192.023831047117,-2.04700269545449,0.990735946736782,0.00349001905195762,0.0239876867293274,"appb"
13.9124639692979,3.04321043692848,1.44662607481951,0.00362561471283053,0.0248944183473683,"cxcl19"
25.3083921846057,-4.04075917257839,2.96951521525788,0.00365720128802887,0.025085883733777,"tyr"
301.013155816093,1.93765050024318,0.815140131015902,0.00366750413899275,0.0251117229311645,"GPS2"
13.4454489637591,3.37445734654961,1.72017859591632,0.00366837917985139,0.0251117229311645,"papss2a"
5.28986616104523,-4.1205109977686,3.31153672824876,0.0037812178273606,0.0258580355358454,"ankrd44"
69.457791207905,3.08029066788026,1.5448519716582,0.00379122982169052,0.0259003674411257,"pkd2"
36.6739193011126,2.73573308286055,1.31411297938161,0.00381998464134752,0.0260705296217645,"serinc5"
35.3215771928496,-2.20534386810239,1.14145372309478,0.00383749998044497,0.0261637196855891,"sympk"
21.9266491360801,3.78910044218733,2.58268543049465,0.00388084342213159,0.0264326390671214,"tmod4"
37.2588444075864,1.94334156772804,0.832781497724273,0.00388626621610667,0.0264429981391113,"slc46a1"
28.0732715303084,2.64799880579627,1.27348787824345,0.00403047233275775,0.0273967011024065,"fth1b"
11.4666500369262,3.59607381752139,1.9345073202149,0.00418038582627957,0.028387249243183,"coq6"
32.6652335650874,3.61750780989492,1.99316998219775,0.00421949314370354,0.0286241291640429,"si:dkey-10o6.2"
85.8154572190357,2.93987704727386,1.50632403585202,0.00427520359885326,0.0289730547894286,"eif3g"
113.487438557128,0.336536974263215,1.10087480537912,0.00428253708334598,0.0289937600537819,"stard14"
15.5226586281517,3.35036187870956,1.82711555117623,0.00431986015257346,0.0292172577385133,"aadat"
8.73658494513963,3.32425775842069,1.75660865975988,0.00435289262686992,0.0294113193741749,"si:ch211-15b10.6"
311.748329114271,0.308199476152577,1.08701227220492,0.00437079893562977,0.0295028928155009,"lyrm7"
20.5409722517233,-3.72470556077705,1.91088029720013,0.00444118231493137,0.0299481517893432,"SAT1"
32.9665250549606,3.72115127789785,2.10661479661305,0.00445580363001448,0.0300168799210816,"xk"
5.640975299563,-4.01903151457981,4.04921430821241,0.00446994124048976,0.0300822162728889,"nadkb"
15.3648893575264,-3.78299232636687,2.98842935036321,0.0045794572063196,0.0307581580646461,"ank1a"
9.4788848242228,3.14501061415769,1.52414195842809,0.0045766030160247,0.0307581580646461,"filip1a"
5.85877584054274,-3.93952854780347,3.68953604232471,0.00462699230845094,0.0310466602716554,"znf395b"
8.64829726400249,-3.23366340070471,2.6145572603791,0.00467083444034492,0.0313098367974456,"xrcc6"
18.3845378037096,-2.29613802314129,1.26093244981424,0.00472054669256619,0.0316118032959694,"fbxo42"
63.3276162678998,0.369411840579759,1.11886614555593,0.00481420991017231,0.032207206871903,"ccdc92"
29.3677289843408,-2.36574126489588,1.33564727558314,0.00485834239661098,0.0324704008104858,"eif4h"
10.7429845855266,4.78984711647552,3.55263105604269,0.0049045678615854,0.0327470506383884,"fut11"
22.0641286556216,-0.761583374241212,1.4958646420301,0.00492993893312114,0.0328840513285059,"tmem192"
26.4998023266302,-2.40014731597662,1.33827142264104,0.00496882121274295,0.0331108174619065,"got1"
4.33282852521033,5.71630366108775,4.12812451251981,0.00504746994127283,0.0336018701296719,"spryd4"
112.711328038206,4.05163759270255,3.06984184774821,0.00509385196262345,0.0338773648191356,"mrps22"
34.1583853130926,-3.75086484132648,3.17630080573753,0.00511412564176799,0.0339788524257467,"ACTA1"
9.05232815261623,3.10875831412195,1.69186115132108,0.00523681795770895,0.0347599562187988,"plod1a"
25.0960391602178,-1.95867960220743,0.962570408604212,0.00525014110896548,0.0348142918742261,"si:ch211-214j8.12"
14.4631459121426,2.93183842286259,1.57581951097121,0.0052647415415332,0.034876982822063,"nup205"
16.6728601600204,3.1486085255251,1.78019144530185,0.00544797093179036,0.0360555654343196,"nmnat2"
33.0124642280388,2.55259577757084,1.33643549398555,0.00554336567882219,0.036651111419881,"napepld"
10.0723260942147,-2.91340231705997,2.07529767098556,0.00555909762247129,0.0367193027168498,"tial1"
30.5157888768568,-2.01939891794255,1.0496743879464,0.00566658682908604,0.0373928519383798,"degs2"
17.3962607358229,2.6217309435484,1.36527653118331,0.00571729091272099,0.0376907398010799,"slit1a"
348.247669197939,-0.121060389547193,1.0309540483182,0.00574114644637949,0.0378112239719279,"btbd17a"
33.476925655368,2.96506448383434,1.71525417855806,0.00589729842462536,0.0388019334210544,"plpp3"
18.7644325586159,3.33784940898289,1.99455602845484,0.00593787368982378,0.0390310087254469,"pla2g7"
8253.81113093214,2.4934128768697,1.29887003032236,0.00599884637012654,0.0393935870642903,"zwilch"
8.84906582032505,-2.53198498508013,1.62168505785693,0.00601119671584872,0.0393983366956545,"wdr24"
8.88000811626302,-3.1381746509446,2.15203382904993,0.00600544176842471,0.0393983366956545,"lrrc57"
5.34433665862038,-3.02109171333132,2.03126789034747,0.00605685226072102,0.0396592152375907,"NTN1"
41.0458507568814,3.30852963126021,2.122023075816,0.00623896924517363,0.0408122534503298,"rrnad1"
111.039248013539,2.15731776990416,1.06768248737467,0.0063634767880221,0.0415865787776526,"itga4"
18.2987628765862,2.13216845522347,1.08286900452924,0.0068466116798952,0.0447008548696048,"sumo1"
10.3522657055133,-2.67463688742412,2.2654457713027,0.0068699992924063,0.0448103803701997,"rufy2"
21.9480756098431,2.47258776590793,1.32149935376311,0.00688948094426657,0.0448942426531679,"NIPAL2"
125.675361897643,-2.07312194190422,1.27078897809352,0.00703375668693791,0.0456692116886373,"tspan3a"
35.1975585171668,2.02335467582217,1.00051441496698,0.00704210214174798,0.0456692116886373,"ttc9c"
14.8894422334046,2.11647797148274,1.0598505196827,0.00703895710178228,0.0456692116886373,"smarcc1b"
18.6559542143143,3.73090526195544,2.81841032357969,0.00701659744118389,0.0456692116886373,"MARF1"
11.5398294249545,3.56852387275564,2.45215283359619,0.00704150439482393,0.0456692116886373,"evla"
52.3190790406853,2.44792106694318,1.28756010285536,0.00707170228574173,0.0457958552918401,"tacr3a"
24.6840186366506,2.46434149976002,1.36231729311179,0.00707514541693324,0.0457958552918401,"dap"
10.7937632367569,-3.16724347754541,4.6077802513451,0.00711199513927759,0.0459904494836681,"tmed2"
7.56638108774202,2.90714890807258,1.70290829286993,0.00716532208186369,0.0462911227347857,"elp4"
12.632268457643,2.76351161551389,1.62739451934264,0.00717999264365918,0.0462976309667728,"laptm4b"
5.3870962155733,3.67288892183057,2.96539500455789,0.00717388019340032,0.0462976309667728,"CDH4"
13.9529444992816,-2.24381961632384,1.31663464711884,0.00720001668061452,0.0463826169624759,"edem1"
47.1056856325583,2.22911228808944,1.16544320826997,0.00722705988104988,0.0465126161575262,"prickle1b"
6.99330406078898,3.92175912112222,3.52155474837057,0.00724113364531439,0.0465589779073013,"wfdc1"
12.4992398047405,2.72047245300947,1.43403175628605,0.00726221108240562,0.0466502412374056,"fam49ba"
4.41737259863166,3.04365545977692,2.08578086818918,0.00730988865990388,0.046912041144099,"plcl1"
13.8703728588365,2.97585410558927,1.63278076837841,0.00732677778795762,0.0469759442469147,"itpr1a"
45.0766728592482,-0.202049532438766,1.0503972562297,0.00744325364082649,0.0476776275272979,"slc35d2"
4.73295918679285,-2.9127953113566,5.15220650225275,0.00756192002451376,0.048346350949179,"c1qtnf6a"
16.8964764589619,2.28449387426499,1.22811528517531,0.00755974469592043,0.048346350949179,"cstf3"
9.46276693685092,2.81429640992516,1.59757287632594,0.00761358596545591,0.0486307936737933,"smarca5"
4.23351274811058,3.59310492828391,2.57716906536098,0.00764441550351609,0.04878173622159,"gadd45gip1"
340.975254767956,2.32470295868381,1.20447460703421,0.00774245151650843,0.0493608597623496,"trim65"
13.6187327302198,3.08199926654928,1.99712550332895,0.0078320402146681,0.0498850907282009,"SLC16A7"
