"baseMean","log2FoldChange","lfcSE","pvalue","padj","gene_name"
55136.1920100206,14.1238727507916,1.09671268132748,9.44938456008647e-38,5.78302335077292e-34,"surf1"
13450.2662524996,10.5238318002944,0.868801541535525,3.70111171099145e-35,1.13254018356338e-31,"gpr174"
12392.2604194338,-11.5361517736057,0.981330929696008,7.9494514664486e-34,1.62168809915551e-30,"ephx5"
4526.93163419131,7.71775276016178,0.671658351418871,1.7465057491511e-31,2.67215379620118e-28,"gabpa"
17920.2652668455,13.4448598287962,1.19621763295843,8.00254758666955e-30,9.79511824608353e-27,"map2k1"
8253.81113093214,-11.0957031421493,1.02288967079509,2.63519826343322e-29,2.68790222870188e-26,"zwilch"
39911.3571037753,12.196547011408,1.09562416024381,3.3890679959979e-29,2.96301373364388e-26,"ddah2"
40736.3283205877,-18.2923718796685,1.71769512559828,1.84174595459715e-26,1.40893565526682e-23,"acer2"
26651.3350192204,11.0373773181074,1.15466366743838,2.80636640252323e-22,1.90832915371579e-19,"fkbp3"
1916.97126374129,8.66900481461768,0.902534963327938,5.83875508182297e-22,3.57331811007566e-19,"rhot2"
2733.21311767117,10.2829454158009,1.10953343510459,7.61728567863123e-22,4.23798075938392e-19,"tpk1"
13864.7628683104,-16.6232089047731,1.75290195723144,8.5873576967648e-22,4.37955242535005e-19,"sowahd"
8165.52299560372,10.757309566806,1.13190395914596,1.02345038658304e-21,4.8180895122217e-19,"stx5a"
1515.72948342376,-10.9241193390219,1.23365912988871,1.31058257469997e-20,5.72911811225986e-18,"eif2a"
2247.11274898302,14.2647375160488,2.67949846714494,5.00794710829695e-20,2.04324242018516e-17,"si:ch73-344o19.1"
530.648338838235,6.89866719634062,0.776237526814563,1.88228989926311e-19,6.77624363734721e-17,"prpf31"
659.619771031464,8.79460181580877,0.994448738105825,1.78706833849178e-19,6.77624363734721e-17,"mrpl9"
4586.6637187792,8.17828534950088,0.961477160099964,1.17111075434672e-18,3.98177656477884e-16,"zgc:163080"
822.728188984806,7.32679579668001,0.869191273959111,1.50344888634492e-18,4.84268799180575e-16,"cpt2"
481.692673339776,9.10481098495035,1.08847797458225,1.66837495203329e-18,5.10522735322186e-16,"cep72"
723.003925256352,6.99825917709113,0.834005211825186,1.83632433618945e-18,5.35157377975212e-16,"KDM7A"
1701.99995800187,8.99023162276899,1.04960107453226,4.60804969160714e-18,1.28187564148344e-15,"usp39"
1004.27036669807,7.23870209192016,0.864445725754707,5.76252290960107e-18,1.53333218290255e-15,"COG5"
644.499773036117,9.00976526339496,1.04359070745168,9.91175731807753e-18,2.52749811610977e-15,"thrb"
1096.50215740342,6.99221906816049,0.850721930729781,1.27079567643409e-17,3.11090781591064e-15,"TADA1"
1022.07436780805,7.35944882885816,0.901350208006766,2.39153469782556e-17,5.62930475026631e-15,"ppfibp1a"
10366.2163674878,10.2235791034099,1.23181857285671,2.56446247026892e-17,5.81278159927622e-15,"gnai3"
2131.86645215887,11.8033161850715,1.52583425314053,2.99731451843382e-17,6.55127316171964e-15,"sc5d"
1161.84126000087,-10.8697273577454,1.35317428960114,3.41550029164717e-17,7.20788337409678e-15,"HDAC2"
1350.43993686419,11.504757166968,1.62524157070581,3.92841969175239e-17,8.01397617117488e-15,"lrrc14b"
633.240392735903,-9.21060925931342,1.16113282974974,6.15466444510209e-17,1.2150498840008e-14,"ap4s1"
823.898135307869,6.06994168459178,0.746234761615766,6.38921152870651e-17,1.22193670486512e-14,"mrps25"
1551.12495876757,7.37253355384494,0.904971793166004,1.19849438546252e-16,2.22266231485776e-14,"herc4"
185.55320699753,-6.60873759553679,0.849772170168313,2.58345783383342e-16,4.54470379186881e-14,"snrnp200"
598.104747850259,7.5602298527443,0.945835614974456,2.59909530580732e-16,4.54470379186881e-14,"wrap73"
964.331266481056,5.44148085844812,0.693282778624046,4.06944083299325e-16,6.55509536329263e-14,"slc25a12"
870.665365900875,6.53945237234328,0.845974400720793,4.07015725171765e-16,6.55509536329263e-14,"mettl21a"
1246.00583325995,9.6071893425831,1.25898251022224,3.88384440980018e-16,6.55509536329263e-14,"fam124b"
590.277843492262,-8.10205179038238,1.06210111364168,4.82532023453007e-16,7.57204098341642e-14,"atg12"
356.958679177607,8.02396443874853,0.983506461354111,7.60785644405289e-16,1.16400203594009e-13,"cinp"
801.490049061716,8.70453503945449,1.07504836393889,9.26802408324325e-16,1.38342213144997e-13,"plpbp"
454.89966703364,6.85552724695197,0.861077241759981,1.02341740600193e-15,1.49126536303138e-13,"rapgef1b"
2764.27282009521,9.04289553739549,1.14259281931716,1.14356127761603e-15,1.62758023697909e-13,"cpsf4"
2148.88561521081,-11.85039822879,1.55264476843462,1.17177984115591e-15,1.62983923360777e-13,"pold2"
2853.46835698556,7.17532133494346,0.922470301410234,1.62107184780764e-15,2.20465771301839e-13,"COMTD1"
765.810361190562,6.69293758806447,0.86921565149023,1.6995313634505e-15,2.26111564006892e-13,"tlk2"
1057.64985714643,-8.96756933108118,1.20817018554135,1.79430477083182e-15,2.28773858281057e-13,"tbp"
265.498234522119,8.91047839725121,1.15751537601284,1.78983828776387e-15,2.28773858281057e-13,"eps8l2"
1755.19823368251,11.9002106678993,1.49200213064082,2.01434654245604e-15,2.51587772241449e-13,"tor1"
484.418529937582,6.18265329966795,0.791233306055699,2.11794133438382e-15,2.5923601932858e-13,"ascc2"
368.759501749057,5.59067069303552,0.722171014150409,2.47559061825811e-15,2.97070874190973e-13,"vars1"
667.700863246109,-10.0525124053987,1.35058121528683,3.44404164534115e-15,4.05337209028612e-13,"snu13a"
222.685513728011,10.6249415820086,1.61092661964721,3.54025242869352e-15,4.08798959690648e-13,"tmem138"
817.945813633729,-8.29297598429283,1.12238470797943,3.84775978906919e-15,4.36079442761175e-13,"nol7"
1416.07804285874,7.70769281241135,0.999081527964631,4.06543610429356e-15,4.52372162877756e-13,"nkrf"
2632.67274884842,7.31261070446137,0.952983730265872,5.35262306069796e-15,5.84965234490562e-13,"ppt1"
275.562641698055,9.39934860004788,1.27513133903102,8.54006788335739e-15,9.16933604318373e-13,"mif4gda"
1369.09053300624,8.41883742585997,1.14214909496052,1.11324999566787e-14,1.17467068508403e-12,"etnppl"
370.561413904299,-7.81382035881614,1.08260550927287,1.18083071805419e-14,1.22486169398164e-12,"neurod1"
524.841804660959,-8.98868286906486,1.24952327688308,1.26414633399375e-14,1.27792548435992e-12,"tmem189"
978.045295936872,10.5664053845448,1.35926852182717,1.27374925728684e-14,1.27792548435992e-12,"nvl"
997.465251529442,8.73815572032403,1.14316558984892,1.54624735191619e-14,1.50206885614715e-12,"dtwd1"
626.757358851335,6.99623974723821,0.949789785866684,1.54209783050716e-14,1.50206885614715e-12,"JMJD8"
358.972391684193,6.6180561691572,0.896194616653973,1.58722788325363e-14,1.51778666336128e-12,"mrps30"
616.229618855626,7.73800092400262,1.06443224212129,2.38395648000262e-14,2.24458671655631e-12,"cttnbp2nlb"
284.695830782721,6.4829439262339,0.875982051048059,2.54837311068308e-14,2.36303688445158e-12,"cox18"
157.641121849536,7.10956956590569,0.97481720900947,3.56761243300509e-14,3.25877434178972e-12,"mad2l1bp"
614.72103006652,7.54325094423447,1.04356614515838,4.463230650046e-14,4.0169075850414e-12,"zrsr2"
850.521763369094,6.20781912804397,0.849005449388216,4.66315111002811e-14,4.1360122888945e-12,"tnip1"
418.793347841158,8.84630780812531,1.22483379557286,4.75191270113085e-14,4.15452939013155e-12,"wdr53"
374.319864875191,6.85469286231197,0.932439189170247,4.92204589854507e-14,4.24266491536561e-12,"rpusd4"
350.194767341376,6.22378838571839,0.855459999522528,6.0012999368122e-14,5.10110494629037e-12,"ciao1"
980.240615686175,8.68274077549293,1.15915667243692,7.05225922406869e-14,5.91230499332882e-12,"exosc5"
356.753346220503,8.72089272871809,1.19693575478962,7.76064941182798e-14,6.41826681086314e-12,"pold1"
316.879733446031,7.71496016894764,1.0665705421767,8.68738582459918e-14,7.08890683287293e-12,"reep1"
154.566220036884,7.71736180856657,1.07906552433865,8.98360369311811e-14,7.23416507919511e-12,"n4bp3"
593.656288914481,7.92684707682161,1.08471237584633,9.80092417527989e-14,7.78982544840428e-12,"stx17"
332.218083555219,-13.2485529838473,3.44214213929811,1.31271368569767e-13,1.02997535339355e-11,"mars2"
303.691608531969,9.38247039806671,1.27946489778449,1.48636171528262e-13,1.13706671219121e-11,"cdadc1"
1631.19027537089,7.6837103800146,1.06869169898141,1.48082341442332e-13,1.13706671219121e-11,"rfc2"
574.200204177127,9.35943613220416,1.33501855642752,1.73677517386511e-13,1.31223013136475e-11,"pif1"
2153.54542066509,10.0871746414708,1.39532051416549,2.50716943066392e-13,1.87120450191015e-11,"ndufc2"
148.062492233112,5.67100252012612,0.81573047384039,2.58336737371839e-13,1.90484437676585e-11,"ccnh"
976.69651391254,6.68580497300131,0.942595481708027,2.66095230780083e-13,1.93869382425489e-11,"tab3"
179.936557853748,6.19386563179044,0.8771198672631,2.77325198351342e-13,1.99674142812966e-11,"TMEM19"
816.200635230247,5.81217985076039,0.832922687371587,3.65717754929464e-13,2.60254960484688e-11,"tm9sf3"
839.826951147132,7.57205640975052,1.07212349660997,3.91365276036268e-13,2.75305228659996e-11,"mfap1"
1177.4166429302,8.29800551502973,1.18544812886429,4.14074310694051e-13,2.87969861528135e-11,"mat2aa"
260.545885804457,5.93138860889726,0.855437592379551,4.5814948248953e-13,3.1504211604898e-11,"wdr74"
240.725305094907,10.6940621261351,1.72174520794129,4.76773665999361e-13,3.24206092879566e-11,"zswim7"
153.182104776533,8.66481402921787,1.19986158715672,5.71658706837345e-13,3.84456185257643e-11,"si:ch1073-390k14.1"
357.939904590016,8.08133693074158,1.13222291409602,6.40385060678257e-13,4.25995279494667e-11,"mrpl30"
185.423945820122,-8.85328836864262,1.2784448685546,6.48908404988401e-13,4.27023595540754e-11,"si:ch211-191d15.2"
212.176412741401,7.25653771133373,1.0333638596733,7.09848313801249e-13,4.62156561751452e-11,"slc26a5"
340.975254767956,10.1062764854996,1.55214965082035,7.79766078343001e-13,5.02333515732544e-11,"trim65"
326.878183775693,10.8790257528393,2.63153753675747,9.31108352056035e-13,5.93581574435722e-11,"aspdh"
254.240588642456,12.0926595897379,2.82866757209083,9.5871948117685e-13,6.04882806680652e-11,"myl1"
1157.78372744497,6.3802981763084,0.935726961994301,9.69284387421739e-13,6.05308209287861e-11,"shisa2b"
338.911122856115,11.9502790998233,2.9958990860593,1.07795982257301e-12,6.66375163045135e-11,"nemp1"
463.008624417354,7.15308951514074,1.03990076326205,1.12491988437484e-12,6.81634623007327e-11,"aldh5a1"
1125.25823067372,9.43887647323181,1.40520843417913,1.12199640481715e-12,6.81634623007327e-11,"gpc6b"
223.77235892749,6.2090054223352,0.905550774257263,1.17147945863582e-12,7.0288767518149e-11,"ybey"
732.128809632717,8.20968752543644,1.1614112762794,1.36251560873981e-12,8.09572381115304e-11,"ficd"
695.490203835944,-9.64984045706057,1.49097193145126,1.42444541842586e-12,8.38231342381371e-11,"ccn4a"
1173.46649131106,8.49478973741018,1.26509779095898,1.49986397731923e-12,8.74206432494636e-11,"ccdc51"
167.4308309137,12.4549794776326,2.97650381423305,1.88883047417643e-12,1.09053231150564e-10,"zgc:154006"
205.260114995385,8.58185942105339,1.26280459419995,1.98760730519907e-12,1.13683707549704e-10,"abitram"
441.145522480895,7.98915105737883,1.17172832960125,2.82785546849967e-12,1.60245143214982e-10,"mapk8a"
855.56668161223,8.48125090039679,1.32919490905056,2.93821445914285e-12,1.64971307247287e-10,"hltf"
301.013155816093,5.72853615902216,0.865992374643493,3.07118332718913e-12,1.70869472385432e-10,"GPS2"
549.58216915093,-9.60355138092953,1.45417739004429,3.27361130347115e-12,1.80491001596788e-10,"tspo"
268.911028532502,11.3841792883224,1.89043300682909,3.52440619138166e-12,1.92583624029069e-10,"JAZF1"
262.832505834762,8.57664828658049,1.27844423392312,3.60157336812448e-12,1.95058663831166e-10,"tmod1"
236.069532380392,11.9903142049087,2.83573476988489,3.88709852010629e-12,2.08675815289916e-10,"apobec2b"
998.415982211289,11.6629371362082,1.98557819460438,4.89393692183076e-12,2.60442556187863e-10,"CDKL5"
151.18914209866,4.9273079058072,0.750799336897866,5.16718149247834e-12,2.72613368396271e-10,"mtres1"
185.964226771546,9.32519587134198,1.58644107496375,5.57829360236165e-12,2.91787665354301e-10,"cacng1a"
200.940161801791,9.41158286352135,1.60546221879764,7.12544336769841e-12,3.69556893307748e-10,"spdya"
292.788042848113,8.1144000673758,1.24512258658144,7.73206715546217e-12,3.97649167995197e-10,"ddr1"
1018.21835683395,8.57273691347947,1.3083701443802,7.88198437571942e-12,4.0198120316169e-10,"dnajb12b"
198.446535809657,5.66515233640651,0.857240241234762,8.21912940334528e-12,4.15711338417133e-10,"FH"
678.890437245118,9.80774419229412,1.52959677940417,9.82133452100119e-12,4.92676780889568e-10,"si:ch73-215d9.1"
402.620014782662,9.08254484826661,1.4201484257638,1.047225219253e-11,5.21058401774661e-10,"mxd3"
1056.34734419961,7.36096308841418,1.13121653572548,1.16078871525581e-11,5.72905398174642e-10,"lysmd2"
213.177020718987,-12.6022375469729,3.43901080274427,1.28083727216946e-11,6.27097928454166e-10,"micos13"
606.09735669352,6.43923111707726,1.00266496447085,1.31006959999817e-11,6.3631951999911e-10,"pnp5a"
881.508236731513,6.51363031552836,1.00777322761192,1.39673713257084e-11,6.73073326876657e-10,"GOT1"
148.789494381885,6.45468710699575,1.01040537412779,1.50747969565399e-11,7.20763729484564e-10,"UBE2K"
145.34195498857,9.02433579238073,1.45588535553623,1.54869529006062e-11,7.34729858540389e-10,"SLC22A23"
63.1577968848732,11.241941739205,2.99241578340385,1.66743106268125e-11,7.84975238739171e-10,"styk1b"
188.120310729623,6.26499251978406,0.968093665070664,1.74863365163444e-11,8.16918927328457e-10,"riox1"
6908.84585919756,-7.29186095004819,1.2012149511216,1.77125602930493e-11,8.21218704495924e-10,"ttc34"
154.961221150749,8.49188306457217,1.28945678894809,1.81699909902001e-11,8.36092818496427e-10,"cfap300"
602.57742772717,8.99120203835848,1.37017851991534,2.00472633006044e-11,9.15591428355961e-10,"mest"
104.13519156637,-7.02278180975773,1.13817296446232,2.18644073382262e-11,9.9118646599959e-10,"srp54"
278.064583355377,8.1675121327051,1.2277897644708,2.24747391225454e-11,1.01136326051454e-09,"atraid"
348.641487413616,9.29353319358269,1.54335952462169,2.26799387349298e-11,1.01314762815891e-09,"tceanc2"
154.214397327259,6.24586052824095,0.967169237259972,2.33448436075094e-11,1.02050316341398e-09,"zgc:172121"
168.428433724618,5.64286732353901,0.897943533829045,2.33370414544001e-11,1.02050316341398e-09,"wbp2"
739.819642857632,-11.3262763580311,1.80919419956275,2.31305092521441e-11,1.02050316341398e-09,"trim46b"
213.833635696401,5.70188246626873,0.910791504288503,2.45048461276881e-11,1.06361459788263e-09,"rest"
103.514531536783,9.09950831020772,1.45381811344079,2.60119596767636e-11,1.11323911343911e-09,"zgc:158403"
1590.44271132756,7.90949926014938,1.21486284498421,2.5944263908809e-11,1.11323911343911e-09,"rida"
209.166721033298,7.34942254423188,1.14162432253252,2.70616177512428e-11,1.15011875442782e-09,"pigt"
345.237560506055,7.68420046343867,1.17935632690401,2.88863248072826e-11,1.21920212290048e-09,"ucp1"
1570.21031408143,-10.8294258107343,1.83856854013612,3.04079985237389e-11,1.27463665044714e-09,"wdr92"
433.83367211222,6.87007065287974,1.06254061082586,3.09172488770765e-11,1.28716709610686e-09,"cpsf3"
505.913921938121,7.31478853980952,1.16663209200325,3.21502466610749e-11,1.32945614571472e-09,"p2rx5"
168.054236134997,6.69280218229695,1.03969486936894,3.42605794905697e-11,1.39783164321524e-09,"gtf2b"
688.666847079799,5.4548201780496,0.873330632332918,3.42422167536191e-11,1.39783164321524e-09,"ZCCHC24"
295.061279632203,5.84301350350172,0.915554072334532,3.65442956587086e-11,1.48113304259137e-09,"thoc6"
310.259049629267,-10.9853226770333,1.71473024509233,4.04346144941141e-11,1.62802526778933e-09,"gulp1a"
99.9552596212431,-11.7872860114529,3.30579652960764,4.08068008239741e-11,1.63227203295896e-09,"capn1b"
267.502360828265,11.8096588608783,3.06541562295828,4.87284642203956e-11,1.93648182486247e-09,"fabp2"
243.117119162826,8.20040277621888,1.27358961387451,5.02596811253824e-11,1.97576076476817e-09,"tmed4"
136.751946737199,7.34896378625303,1.18288500115501,5.06465446871515e-11,1.97576076476817e-09,"nr1h5"
261.093938082878,4.93706267459711,0.783283448691776,5.06853660242814e-11,1.97576076476817e-09,"rbsn"
256.821770595705,7.07807938324746,1.09894889858178,5.48835259709106e-11,2.12586822115173e-09,"grhpra"
533.139945885432,6.76731142805524,1.08049379605741,5.63208580764366e-11,2.16782170709303e-09,"dnase2"
228.485500631436,6.50198828363738,1.04030955342236,5.73950925233815e-11,2.19536228901934e-09,"slx1b"
229.438671214005,6.22168718803551,0.967697306001639,5.89149013072e-11,2.23949811180164e-09,"pdxp"
182.928252040023,7.5414805389262,1.23936643616243,6.34991106985953e-11,2.39885529305804e-09,"rsph9"
191.3324962586,7.07212750968214,1.16593370020867,7.010463363995e-11,2.63214943482512e-09,"NT5E"
1010.21575503773,9.87755269707033,1.53708679883925,7.12751620968056e-11,2.65978043922226e-09,"ift22"
249.461802107731,8.79469588026377,1.41775664783376,7.47886480759372e-11,2.77397894681658e-09,"lipca"
396.894895352277,5.72508503067683,0.915997037252839,8.28431544485091e-11,3.05421750135467e-09,"ctps1a"
164.490455330192,-5.97823287328377,0.996680185903613,8.36948724987261e-11,3.06714143528266e-09,"slc1a8b"
193.194224485731,8.03617406880024,1.3372812530906,8.68839133085338e-11,3.16505684195373e-09,"sfxn4"
847.359151774455,5.06364021504947,0.82132994973568,9.0929019014345e-11,3.29281417969107e-09,"pdcd4b"
96.2522549384118,5.26005640280318,0.859846797612645,9.15480856136065e-11,3.29573108208983e-09,"ctns"
354.570929553042,7.37139711150995,1.16282770468739,9.28822509239468e-11,3.32420687517283e-09,"timm8a"
165.756884128158,5.66930200919491,0.945085292128295,9.79416667289824e-11,3.48490116500798e-09,"sema4e"
279.886642574599,5.76993250601086,0.940157017091055,1.00773047971733e-10,3.54443134245405e-09,"prdx3"
434.574405158315,6.81413218623342,1.07108779190651,1.00767269940444e-10,3.54443134245405e-09,"utp6"
301.741263482192,4.83587023346763,0.787138085663687,1.03878936640126e-10,3.6327948127861e-09,"aldh3b1"
226.070910879721,5.91689024418981,0.974610044890826,1.05509263772487e-10,3.66675689900799e-09,"ndufaf2"
3529.41115659414,-7.00980971071612,1.13224800888603,1.06048361294839e-10,3.66675689900799e-09,"nfe2"
351.95090906553,4.91561222418551,0.801952661118813,1.19014540183008e-10,4.06910048000005e-09,"caprin1a"
581.573868223633,9.73044139469829,1.56443124714645,1.18734928149446e-10,4.06910048000005e-09,"si:ch211-149k23.9"
285.20262787485,5.40085972972824,0.889166247643278,1.24311585634146e-10,4.22659391156097e-09,"flii"
153.818365411841,10.3827564747453,2.80628280185664,1.29031272968886e-10,4.36282536226288e-09,"gemin4"
92.381727104517,9.06044285685117,1.75338644193986,1.42699775092064e-10,4.79847595364522e-09,"ano8a"
149.763976014936,-8.56531278560081,1.42608633196304,1.4604756022456e-10,4.88421348947709e-09,"snx14"
299.666691080173,-8.14846897515978,1.40667100564611,1.4924909783843e-10,4.96415477593039e-09,"best1"
3631.52737987395,6.73372557365854,1.11203658033459,1.65647219732984e-10,5.4797891068425e-09,"clul1"
161.081222947827,5.87476271928702,0.972712842147554,1.66691467125578e-10,5.48468698284161e-09,"STUB1"
165.661922100611,9.99918604007422,1.82842908274639,1.78905118841851e-10,5.85507661664241e-09,"fam149b1"
314.091329905172,5.43390615400126,0.899548212060471,1.88313853315912e-10,6.13021692709245e-09,"LLGL1"
632.338184501196,7.61951109253074,1.34207873225127,1.94191418284379e-10,6.28810306825607e-09,"tmem54a"
146.088437967166,6.36622759779588,1.02553739369128,2.00204429742534e-10,6.4486900527595e-09,"pter"
126.720396769075,7.52644005015783,1.24959148301,2.03166952789545e-10,6.5098520998535e-09,"uhrf1bp1"
149.684722964504,7.68594395800533,1.24998895809785,2.07750758869574e-10,6.62205543896768e-09,"slc25a44a"
342.176091051416,6.51572021215285,1.07700856521319,2.14593593638878e-10,6.80472949777168e-09,"grwd1"
449.634718415817,4.90916575477817,0.815421925485819,2.17546049911215e-10,6.86279291472494e-09,"bpnt1"
49.7652896412004,10.7165902079397,2.9681740165875,2.28150774225498e-10,7.1494331016104e-09,"rundc3b"
115.348737186056,8.24460173867089,1.31525273390588,2.28968772535235e-10,7.1494331016104e-09,"atg5"
195.643543383104,-6.96512246607936,1.21011484527154,2.32105076774586e-10,7.21057395868257e-09,"hspd1"
199.843205763913,10.8780294594588,1.98373468546151,2.51181992558948e-10,7.76380704273113e-09,"henmt1"
240.610367529595,6.54920908982348,1.0783473675578,2.68182296396583e-10,8.2476163514929e-09,"si:dkey-40g16.6"
597.978727220374,6.4110474750568,1.06849865031392,2.7772195038948e-10,8.4982916819181e-09,"txndc12"
192.290051010703,6.73931228016902,1.08269682577842,2.8590718401977e-10,8.70523366269149e-09,"parp12a"
341.491401073884,-11.2585320715912,3.26431851338844,2.92114571633478e-10,8.85020385344993e-09,"zgc:101679"
469.209945420573,4.46898341181521,0.742768100344392,3.05149461133743e-10,9.19957981349018e-09,"gpkow"
527.829557830057,-9.00481636621477,1.59408194869907,3.14735976586917e-10,9.4420792976075e-09,"morn5"
227.142960930027,7.85649880423566,1.27257990234699,3.17315143058577e-10,9.47301792935851e-09,"megf6b"
322.498258926682,6.04642420136409,1.02209876015822,3.27005150076171e-10,9.71491028381634e-09,"ap1g2"
281.571143115523,-6.6790014538167,1.18491652131865,3.72806645263942e-10,1.10221095121513e-08,"asb12b"
146.706056461115,11.1536004670851,2.98480192780143,3.9721217978974e-10,1.16872045207366e-08,"cdc42ep1a"
122.313192196073,10.1938417271587,1.89600499790667,4.08341191849646e-10,1.18967120357336e-08,"si:ch211-196h16.12"
280.86626153099,7.01120186186476,1.17372314854542,4.09066834197302e-10,1.18967120357336e-08,"gng3"
99.2112191572822,6.7655030614606,1.1329004349831,4.10164418225456e-10,1.18967120357336e-08,"zfyve1"
175.000989059949,9.88492755376161,1.69330069840556,4.23626749059665e-10,1.22292250200243e-08,"alox12"
143.856917731812,-7.65071605994977,1.3433254413479,4.61165358849352e-10,1.32503849584884e-08,"MSMP"
105.63400574367,-8.41045584140808,1.42635216462225,4.84943485575689e-10,1.38684772510431e-08,"slc30a4"
1685.84005166532,5.64282276879557,0.971568920232153,5.12434990048032e-10,1.45865215771812e-08,"uqcc2"
204.95642247979,-7.70397256685761,1.38301176597846,5.24808499089925e-10,1.48695741408812e-08,"ZNF830"
83.8216707396113,9.78506623732281,2.75053464946511,5.37174433057963e-10,1.51498042871647e-08,"pkd2l1"
473.021274862394,5.55057100841965,0.932927634735524,5.62418307467035e-10,1.57889910169645e-08,"trappc2l"
552.984024104326,9.42715244507045,1.55262144567441,5.82063561007925e-10,1.6265885814468e-08,"lrrk2"
1498.01306728805,5.46619876576475,0.939307664779862,6.18049742616247e-10,1.71930201127792e-08,"cnot7"
87.3736206659838,9.18579014373131,1.7531229372192,7.54291529795473e-10,2.08880731327977e-08,"six9"
228.71817294869,6.83473419312,1.21380644751413,7.72860649936548e-10,2.130588818744e-08,"esamb"
84.523944173777,10.6231950051231,2.94964546903901,7.94606311822315e-10,2.18071328625676e-08,"pkn3"
40.3265502883284,8.14684649147896,1.61544962649802,8.40040106633277e-10,2.29510957705163e-08,"agt"
188.695872990519,7.53172270269605,1.25370171107533,8.58034054541846e-10,2.33385262835382e-08,"gtf2a2"
1407.99022653171,-10.5546493890806,2.00004986315148,8.7264157002688e-10,2.36308248166571e-08,"rbp4"
274.22004500207,8.24829129636817,1.60334391618986,9.17360744078472e-10,2.46238936568432e-08,"skp2"
304.071158196986,-9.57839515274938,1.59318531132094,9.16348890369829e-10,2.46238936568432e-08,"zgc:101583"
141.663345081235,6.64399121029966,1.11562639984924,9.36558617877288e-10,2.50294268183799e-08,"sestd1"
89.6592617910673,9.64051531234365,1.8449390193289,1.01173344551266e-09,2.69209073327716e-08,"cyb561d2"
455.696372174181,7.14586872989066,1.2437297972048,1.07232307910303e-09,2.84095984593529e-08,"gipc2"
311.14620214295,8.36238603774624,1.41913976713214,1.08672857691818e-09,2.86671503911174e-08,"NT5C3B"
165.156948024817,6.3466496479714,1.10719364740304,1.09701655508117e-09,2.86912022098153e-08,"acsl2"
153.671637364274,-6.08506772961637,1.07876708056646,1.09481450649494e-09,2.86912022098153e-08,"lipf"
156.717375795517,7.73415857579254,1.28595323807151,1.16278883825555e-09,3.02819901707403e-08,"prmt9"
101.585538791941,9.41289070703516,2.58745231316329,1.21040150992034e-09,3.13883781386121e-08,"prozb"
156.86101906139,5.43344081909641,0.957265579374622,1.29160710722005e-09,3.33528923889736e-08,"apba1b"
197.790935184554,6.33433729443475,1.06276255056589,1.30299150166891e-09,3.35054957572006e-08,"smpdl3b"
117.069058674511,7.86165186499888,1.31004644828591,1.3680863736416e-09,3.48304335931763e-08,"alkbh7"
120.559096076494,6.38039550500182,1.09946975584296,1.37159060391429e-09,3.48304335931763e-08,"si:dkey-34d22.1"
121.430150117196,8.48813606525789,1.51368752781211,1.36544678330441e-09,3.48304335931763e-08,"atp2a1"
190.647466402937,-8.61616433918407,1.59579629816934,1.43933833199492e-09,3.62973762478428e-08,"sh3glb1a"
323.725544751125,6.42075226591246,1.143979491894,1.44121935101729e-09,3.62973762478428e-08,"nkiras1"
1424.59959708403,6.67917691829951,1.18568900233616,1.45311448980605e-09,3.64469699902174e-08,"tmem101"
154.088176604579,5.20515434284017,0.908329828776695,1.60617696863433e-09,4.01216450940493e-08,"uox"
209.821612654497,6.89995179091011,1.29049213773835,1.62125723166322e-09,4.03337164950362e-08,"cldn15b"
121.145158802559,6.70691403427615,1.15405007690669,1.6902112390339e-09,4.1878918149342e-08,"spsb3b"
569.679128272022,-14.2189396183342,3.99979979144284,1.74150368459434e-09,4.29758167327313e-08,"si:ch211-153j24.3"
380.638439229528,6.72177229853936,1.16541483473944,1.79909281070187e-09,4.42186666726725e-08,"thyn1"
122.354562908555,9.57190779678328,2.62171862513047,1.90566797274362e-09,4.66507519727638e-08,"tecra"
69.6357176195901,10.8064954921754,3.06415930060313,1.92344118103832e-09,4.68982471233247e-08,"uck2a"
81.153089188184,11.4986735025366,3.20546519706287,2.01899849258324e-09,4.88390149194049e-08,"tnnt2d"
929.362073251527,6.14687512047219,1.09914579027543,2.01598431524041e-09,4.88390149194049e-08,"hgd"
313.090819574806,6.21200427414492,1.06628702987252,2.11142806138347e-09,5.08737784868773e-08,"rnaseh2c"
190.696508121791,-12.6322429749627,3.65565633940607,2.14304576361374e-09,5.14330983267298e-08,"letmd1"
1962.76892079752,6.1996855907284,1.10686143156141,2.22664368436395e-09,5.32307005793256e-08,"tma16"
396.223627032703,5.92409264592986,1.04496261645991,2.32607786568817e-09,5.5391426217944e-08,"coro2ba"
185.36739270132,-6.3643269839052,1.18750682941618,2.34920024820032e-09,5.5725215189868e-08,"zgc:56622"
120.481378664273,5.12379159418017,0.922764509716417,2.38302152343674e-09,5.63092344534087e-08,"mnat1"
107.29751483207,7.56351929882759,1.39768532056291,2.40480238754862e-09,5.66053485069136e-08,"si:ch211-243o19.4"
181.398956468429,6.32195062032089,1.12889256346297,2.41929251989235e-09,5.67282383974758e-08,"prrg1"
148.438895887823,5.21750919076507,0.937718494684137,2.57916423728507e-09,6.024612645872e-08,"nup88"
76.0873569173773,5.9227433758718,1.04196110769901,2.60773524971266e-09,6.0681900107382e-08,"RTKN"
138.125448028395,5.31182300472274,0.942741138917937,2.78767707403081e-09,6.46234230798051e-08,"mapk8ip3"
241.613888997621,7.68588108653152,1.32231547577102,2.99052522004966e-09,6.90642050819015e-08,"ankzf1"
165.242306112778,-12.4021885905595,3.62571919651099,3.1441982432742e-09,7.23402001836018e-08,"dnali1"
85.3916597459578,7.93682223241059,1.5934743107338,3.39012689397675e-09,7.77062793675569e-08,"armc7"
413.94223206834,6.6050189818742,1.22711845988428,3.52173324600824e-09,8.04216696476508e-08,"itgb1bp1"
251.565425154846,6.47771311303368,1.20542139446321,3.56963643819429e-09,8.12125464749035e-08,"bcl2l13"
275.608919903492,4.87214868340016,0.902816752501515,3.9310438721108e-09,8.91036611011781e-08,"gnpnat1"
129.475572803373,6.67188581616057,1.17009840861425,3.9865419657886e-09,9.00281801868128e-08,"cnn1b"
170.276684399305,7.81967228704822,1.42089857926218,4.07735395304558e-09,9.17404639435255e-08,"zgc:101765"
163.059737727462,5.41765494581538,0.979734758177313,4.12077188861488e-09,9.23777434370808e-08,"wdr46"
75.6683007457307,6.78739926214001,1.24819786185179,4.18411925503659e-09,9.34555103679705e-08,"lgi1a"
1987.10327495951,7.47158833214322,1.36282345827319,4.42327191806361e-09,9.84379059583611e-08,"dennd4a"
50.4694260348327,4.74659527544924,0.848259802271784,4.64307911056382e-09,1.02955232451633e-07,"ccng2"
204.113195767588,-7.27602389361011,1.4064786731303,4.83820941801864e-09,1.06894735156224e-07,"ptprn2"
101.683805580095,6.92651083677469,1.22257802590058,4.91770515230366e-09,1.08260271698196e-07,"mrpl13"
181.626381522184,7.68180299352289,1.41762856985596,5.05101224940345e-09,1.1079639772885e-07,"hacd1"
165.302719537476,5.25070410323868,0.973430980142425,5.09363996595382e-09,1.11332416398705e-07,"ift20"
52.8297879740104,6.56366464160437,1.19121515209711,5.18094330352878e-09,1.12837626397139e-07,"ap1s2"
228.042495213843,5.33817435517317,0.960087075357503,5.26455329098394e-09,1.14252007591566e-07,"ecrg4a"
121.787710174393,-7.78511569837619,1.47768295432404,5.5697948094316e-09,1.20139025879452e-07,"nyap2b"
89.7612273868245,-11.4896827601671,3.45253145222642,5.59470953850389e-09,1.20139025879452e-07,"plag1"
156.435676143955,6.54292204294932,1.16539448517578,5.57755712521973e-09,1.20139025879452e-07,"psen1"
242.118433799621,5.30644305815748,0.951443171679866,5.67805552000865e-09,1.21502446791793e-07,"narfl"
77.8174299822401,9.54920869938259,2.69742134208069,5.7339351906165e-09,1.22270673751125e-07,"aqp12"
358.80370511478,4.66434389048885,0.867109420352996,6.01955064033251e-09,1.27915451107066e-07,"mrps36"
146.64095979232,-12.1963938225604,3.61758186146044,6.20901120235762e-09,1.3148494310875e-07,"plch2a"
788.600412758103,5.3278874198776,0.991101010113229,6.31759924118146e-09,1.33323128813898e-07,"pfkfb4b"
404.77344552877,4.20296193947348,0.774069228930439,6.51001140956897e-09,1.36911580160007e-07,"sart3"
159.247999075409,6.42444962603971,1.16588633201187,6.53349642341290e-09,1.36934925038654e-07,"wfdc2"
51.139426401425,5.84164466034052,1.06380398779299,6.79274862835173e-09,1.41882667595606e-07,"cab39l"
148.934145572085,4.3948556728942,0.818601530077549,7.06395498651389e-09,1.46547133957509e-07,"dgcr8"
74.6542574741907,8.86112854602895,2.54971891974234,7.05396348480161e-09,1.46547133957509e-07,"slc25a4"
173.937365315081,-10.1096446860105,1.84450613166655,7.66982198997195e-09,1.58578751954825e-07,"phospho2"
106.976392225782,6.64560778508095,1.25486578650221,7.97130682332705e-09,1.64257231510982e-07,"rd3"
203.463009771435,-4.9289961481755,0.960210604523616,8.24981401621908e-09,1.6942571066866e-07,"ppp4r4"
410.105489218537,5.16696526230724,0.956786489329166,8.41810880541964e-09,1.72303765515613e-07,"smndc1"
241.890140009739,4.01157221761674,0.739370779708858,8.94782655286032e-09,1.82495801379106e-07,"C6orf62"
314.553768370157,5.10208165101672,0.9354809811791,8.97569219201158e-09,1.82495801379106e-07,"nucb2a"
501.390275951586,5.46214890955292,1.01167630385005,9.11172595570728e-09,1.84648221354068e-07,"ada"
171.12402320322,4.93334881984257,0.922627988826071,9.28839619612394e-09,1.86990081316706e-07,"si:ch211-160o17.2"
98.3207252466124,10.8620756377301,3.12279803930722,9.28808345050241e-09,1.86990081316706e-07,"FBXO40"
281.67191896911,4.67934920205899,0.86686171966273,9.60259668119363e-09,1.9268161209477e-07,"arfgap2"
277.710401709296,5.00242093898894,0.921224816140757,9.67412302070655e-09,1.93482460414131e-07,"prcc"
409.669258847715,5.85058430841004,1.06556477317288,9.72968740435158e-09,1.93959892230071e-07,"si:ch211-203d1.3"
1380.22772345217,-7.01285837332651,1.41880618408896,9.95360083382571e-09,1.9777934124355e-07,"zgc:172182"
459.36420078715,8.50851635386516,1.52826238848384,1.00463744092441e-08,1.98976735872408e-07,"ercc2"
53.2762432206633,-5.13261201650197,0.975222486179987,1.0115588107338e-08,1.99701287796479e-07,"psmc2"
100.331179907929,-11.5980058071799,3.50736005529907,1.10133645287371e-08,2.1672601580666e-07,"sult3st1"
476.876811813988,5.34909118838785,1.00719054163673,1.11474786792643e-08,2.17963480885296e-07,"osgep"
130.851161791879,5.24252515106754,0.965808311659667,1.1132273872953e-08,2.17963480885296e-07,"mrps7"
83.2631303419511,9.00172256288382,1.90970898325151,1.11880312614828e-08,2.18059717580492e-07,"mlf1"
150.659973651018,-5.61783842114817,1.1191087220762,1.15589136712807e-08,2.24573179899167e-07,"hif1al"
70.4141741227056,7.8150592279599,1.62918832589486,1.16278189948698e-08,2.25197000786719e-07,"hspbap1"
72.054514110141,-11.1244680808023,3.40493953620327,1.27379797809277e-08,2.45458663460068e-07,"ttll9"
294.66673296969,7.59509498203253,1.45246035670535,1.27542246699839e-08,2.45458663460068e-07,"ERG28"
311.176801123301,4.2903615964657,0.811300287003193,1.3591934982615e-08,2.59945756542512e-07,"hacd3"
304.261427561417,5.42786889503187,1.0114647946319,1.35852999812079e-08,2.59945756542512e-07,"stx18"
216.688095794755,6.58222994076438,1.2859834324266,1.45260926975586e-08,2.7694606638336e-07,"klf9"
303.666246544578,5.07305040850884,0.977595457487343,1.49930673352362e-08,2.84961404011321e-07,"PABPN1L"
165.10116482405,5.59807903739905,1.07181520100944,1.5044447699257e-08,2.8505269324908e-07,"psmc3ip"
494.271002632561,-5.98870510389923,1.19851727122377,1.51046761093337e-08,2.85310548731859e-07,"acad11"
61.3029619945499,8.62566888775818,1.85645653419162,1.53815997999196e-08,2.89647356232332e-07,"slc25a1a"
90.2038593960393,6.65764081495199,1.22151817150354,1.57868119158789e-08,2.96266024588295e-07,"ntmt1"
95.6156687646671,4.76474467065724,0.906013010736528,1.58299003333942e-08,2.96266024588295e-07,"zc4h2"
117.557034840442,7.23370766122937,1.35560943339632,1.62290349020244e-08,3.02810041464601e-07,"pop1"
62.5423984036565,5.68169798025169,1.07982020841334,1.67245024290772e-08,3.11106245793168e-07,"glt1d1"
152.45320386874,5.14109771683133,0.975077103096359,1.73161790477625e-08,3.20166210792467e-07,"nelfa"
161.295414367526,5.50273911056099,1.03936253820937,1.73065306396929e-08,3.20166210792467e-07,"usp11"
266.476149758846,7.63004331307785,1.47306912425884,1.75980500972802e-08,3.24397790949864e-07,"tbl1x"
108.448311301801,-9.69491975915755,3.07193138818251,1.95874239804181e-08,3.59985089369846e-07,"tomm20b"
94.6184789425795,4.79578029455874,0.905997258551813,1.96789645110508e-08,3.60584619184523e-07,"chpt1"
592.765560995086,4.84748320953504,0.932243950900963,2.21117641547219e-08,4.03952228737008e-07,"enosf1"
49.9032305358863,-10.5535007967243,3.30161449989078,2.35143631530661e-08,4.28297328859418e-07,"snrnp25"
84.946480336688,6.38127128260722,1.20529315272712,2.36304159231704e-08,4.28366418176148e-07,"gdpd5b"
431.570975423683,7.00230327899753,1.33443471274104,2.36581453175716e-08,4.28366418176148e-07,"bmp6"
86.5976279583534,-8.01963723527802,1.59448853343001,2.38190077552253e-08,4.30006865669554e-07,"citb"
92.9781451197274,7.41739943070666,1.38697179494389,2.39702216993487e-08,4.31463990588277e-07,"uevld"
59.2973110001482,9.95315085269608,2.99377682877426,2.40735402581633e-08,4.32052980586391e-07,"cables2a"
2196.87911408542,6.51691925387022,1.26971322045415,2.50175476975698e-08,4.47682432482828e-07,"irf3"
188.498637526281,-12.3872732175274,3.75912296831715,2.51542117949675e-08,4.48815674009333e-07,"rpl10a"
139.611811883501,5.19559533934226,0.982152623252654,2.61622734444439e-08,4.65445097325572e-07,"slc25a55a"
80.0795851905871,6.45189477013037,1.20403017204305,2.83689519919941e-08,5.03240539684069e-07,"si:dkey-4e7.3"
117.643990040287,6.65292025817834,1.26426353331364,2.96799783686946e-08,5.24975339931824e-07,"banf1"
169.836327671593,7.18530590037465,1.42985260157822,3.00141743385778e-08,5.29356619458489e-07,"si:dkey-174m14.3"
82.6235119333498,8.9480070167283,2.72145452763518,3.08632367178801e-08,5.41416951071326e-07,"tas1r1"
95.7773526112678,5.20708382652549,1.00808647526325,3.09633877246674e-08,5.41416951071326e-07,"FAR2"
647.15099151238,-5.65260104113074,1.17786145986794,3.09318142941745e-08,5.41416951071326e-07,"rxylt1"
287.545793743143,5.51163896493541,1.06809842711072,3.21335096587127e-08,5.60276578664735e-07,"ireb2"
275.973455785276,5.63858849003798,1.07465437714647,3.39108460482325e-08,5.89586300611316e-07,"acvr1l"
69.9008715744978,-5.86377139286407,1.20535366645536,3.46213044937806e-08,6.00233381025318e-07,"tpra"
62.9401742469235,6.5175730545435,1.23598836544595,3.49405494468542e-08,6.02418181660383e-07,"med20"
60.3255676682478,5.26224948020976,1.00922668592918,3.49441919100385e-08,6.02418181660383e-07,"epn2"
42.2151791880641,9.8780083292034,3.09914037685756,3.62237043869837e-08,6.22722109124551e-07,"gck"
331.074139507735,5.26529581229214,1.0348888558814,3.64175713333683e-08,6.24301222857742e-07,"mrpl14"
143.507705862042,-8.10409832445339,1.70144397330444,3.66925641850484e-08,6.27258359811441e-07,"p4ha2"
73.6240421730355,-11.0858859399878,3.46623159195821,3.81943213954003e-08,6.51112108467548e-07,"abch1"
82.3642694245484,-7.36537760388588,1.52522656856202,3.89576304750995e-08,6.60445148220523e-07,"cenpl"
136.740578222554,6.4124079461676,1.23501352945912,3.88563583586154e-08,6.60445148220523e-07,"dnm2b"
172.937857064316,4.85363663557553,0.954105132903668,3.97856747143263e-08,6.72619694065406e-07,"wdcp"
43.8988162909319,10.8314083829567,3.40331285912782,4.12395743140692e-08,6.95278773559514e-07,"tmem62"
221.589222037079,4.11012189268384,0.830388733195168,4.13578153243629e-08,6.95356675233794e-07,"fam113"
66.0916325966901,9.20539689993269,1.97240013163688,4.46163904778481e-08,7.48088519792961e-07,"tdrd6"
104.008801288503,6.62063616579103,1.27320168510121,4.47846894049269e-08,7.48858740869269e-07,"mipep"
87.6565080912393,-11.3283140372566,3.53874241364716,4.50624060306514e-08,7.51449386669173e-07,"grhprb"
85.4769375326363,-5.44394229318571,1.13492216069326,4.66426667274924e-08,7.75687827098514e-07,"pitrm1"
112.796970822527,5.34421423761725,1.02329057809545,4.7125012546699e-08,7.81585573945251e-07,"zgc:162872"
406.744764259671,5.4039720326821,1.07333529949191,4.98014249796673e-08,8.23742488852876e-07,"arhgef16"
122.42535035589,6.82082039403534,1.37111378476122,5.30964255253895e-08,8.75876345594026e-07,"hint3"
158.584906676563,6.17398676826355,1.17906465315065,5.58859926162852e-08,9.1941471723566e-07,"polr1b"
82.4528711211049,5.10206832647103,0.99534706955882,5.91098627260437e-08,9.69845468856267e-07,"gnsb"
143.00156213233,-5.26893867942071,1.10849289408511,6.33123649104822e-08,1.03070945785296e-06,"si:ch211-175m2.5"
102.370016846393,-3.72918038083516,0.772876110516874,6.33246333582866e-08,1.03070945785296e-06,"sqstm1"
64.2152745029476,4.80958488838526,0.990218266927003,6.33021975901763e-08,1.03070945785296e-06,"PSTK"
144.622734565004,-5.57352963147147,1.19405766842918,6.49908792498491e-08,1.05502435280922e-06,"eif3f"
131.64989122943,6.59483606759202,1.2918518463596,6.93785034504302e-08,1.12327100824506e-06,"trpt1"
173.167099086967,6.70054295527559,1.29080245278511,7.02671783142482e-08,1.1346573384781e-06,"n6amt1"
374.174891429824,5.25445962244927,1.04990644878689,7.05424949326442e-08,1.13610544470469e-06,"dnajc3a"
791.799974860173,6.99715212106253,1.38543490552968,7.29156132749789e-08,1.17100171196739e-06,"si:dkey-183j2.10"
265.68354400733,5.03786113893279,1.00946001678237,7.30919369234548e-08,1.17100171196739e-06,"FDX1"
52.1162088431866,-7.17235877762767,1.44323497403645,7.62255222360443e-08,1.21801617776656e-06,"eif4a3"
42.9933907727026,-10.2640772392095,3.30562836270764,7.92783986948766e-08,1.2634994791996e-06,"gdnfa"
181.365063946135,6.34603020694403,1.26291726820111,8.26723354305888e-08,1.31416803333819e-06,"TMEM47"
67.2059569309805,-8.47569970319367,1.63542526301611,8.50289092680567e-08,1.34812674798059e-06,"gig2p"
72.8963632963855,-8.74781523443809,1.73766991899273,8.93295532482408e-08,1.41265340020474e-06,"trmt2a"
162.026085137057,-8.96295244248638,1.89352214218352,8.97212720447315e-08,1.41519119823133e-06,"mlh1"
97.0754514041642,9.10939457944232,2.06279806467842,9.04007622098218e-08,1.42224335404655e-06,"otol1b"
64.3905827241929,8.17261096118012,2.52188795846363,9.25117875910717e-08,1.45172343604451e-06,"stpg1"
218.112366118274,-6.97256441313086,1.49522723150397,9.50752347034137e-08,1.48813410840126e-06,"si:ch73-234b20.5"
36.2842404697126,-9.68828750668076,3.16822218086636,9.68812108499821e-08,1.51253318980074e-06,"elmo3"
214.165407034091,5.02925113395956,1.00107380244207,9.74404149623147e-08,1.51524710856757e-06,"mapk9"
369.736243781018,-4.28135789069232,0.917475892894809,9.7550222348958e-08,1.51524710856757e-06,"fam183a"
259.713228873919,4.85411719671383,0.987023862226138,1.01921183402947e-07,1.57913327196465e-06,"abcf2a"
215.341535210633,5.65484295138049,1.15010961227953,1.04523759364142e-07,1.6153671901731e-06,"ncf2"
139.251415925017,5.48371221785823,1.12928200720286,1.12361514927273e-07,1.73212209409298e-06,"cramp1"
104.9490773767,6.49777097263543,1.28775866705617,1.15608791921588e-07,1.77770303155808e-06,"gosr2"
353.550308934701,3.94776167042523,0.815096772217646,1.16275427332249e-07,1.78347271998337e-06,"slc37a4a"
80.6372893464716,7.26393451502744,1.41437124431413,1.1698756007422e-07,1.78990966913557e-06,"bokb"
168.524168076685,5.21969469575749,1.05227529399348,1.17452854000861e-07,1.79254729796826e-06,"clpp"
86.9526688089571,5.50158714317733,1.08097522661305,1.18434005055012e-07,1.80302515158377e-06,"aldh3b2"
65.9136946232914,8.3332630713451,2.56555653324088,1.20386039514675e-07,1.82819494250573e-06,"MCMDC2"
30.595901564826,9.39217076729711,2.95579691524155,1.2172170080041e-07,1.84390299232304e-06,"lctlb"
76.9034521627584,6.12641059364203,1.24989293470145,1.23760978484468e-07,1.86818349142378e-06,"lmx1al"
76.0068750055288,8.86933823350736,2.80629379049687,1.23935048614061e-07,1.86818349142378e-06,"cmya5"
183.031600569522,3.63211062002922,0.742913547954076,1.24804127541107e-07,1.87666157383679e-06,"hnrnph1"
160.333242438709,5.09036495635755,1.02305052612799,1.26050647924345e-07,1.89075971886518e-06,"zdhhc2"
98.5096567150158,6.23707628829024,1.26731044599826,1.27167940188001e-07,1.89821413158674e-06,"rdh1"
79.2741435963282,5.08221440983677,1.07070759007793,1.26932876436118e-07,1.89821413158674e-06,"zbtb3"
58.4121047490259,-10.6719255988216,3.44993572824889,1.30401246886208e-07,1.94174119450995e-06,"si:dkey-197i20.6"
150.934236893879,7.04025907476315,1.39555680884006,1.31932482515165e-07,1.95977376940002e-06,"tpx2"
36.8125785292816,8.71866822897765,2.78698423431297,1.33747791540963e-07,1.98192853324623e-06,"rab9b"
350.147143415736,-9.81908990784129,3.22376447351111,1.35980911541323e-07,2.01015260539347e-06,"SPATA1"
50.141112740563,7.96813590456303,1.94854532997684,1.40754375863653e-07,2.07570308502543e-06,"eef2kmt"
231.529338965818,6.60955713361955,1.34105854663728,1.42170596956059e-07,2.09154820521895e-06,"ogal"
399.594721162902,6.77710852742016,1.36959202343157,1.42850283167997e-07,2.09650775296916e-06,"hpcal1"
285.863973870737,5.13308061318762,1.07560284009255,1.43253716346188e-07,2.09739890918342e-06,"aqp7"
45.4250208784729,-10.2488084038557,3.34322122213331,1.43706545348985e-07,2.09900729722146e-06,"pex16"
161.214092520758,5.94345432862452,1.23610507553755,1.47234144539328e-07,2.1454118204302e-06,"ccdc149b"
111.039248013539,5.37271452290561,1.16188905488789,1.48915621511594e-07,2.16475915356521e-06,"itga4"
90.6578057120173,-7.64867745583107,1.65907948906179,1.51132297134357e-07,2.19177644185371e-06,"sv2"
37.2588444075864,4.71113829352526,1.00070653729344,1.52449554736303e-07,2.20565313235502e-06,"slc46a1"
57.5479672151735,-10.1199953627979,3.3165804653871,1.55648956364959e-07,2.2466311626263e-06,"g2e3"
52.3086069055785,8.29105667645332,1.9411170074125,1.60562018671412e-07,2.31209306886833e-06,"NSG1"
105.189931672813,-5.81266562933129,1.25368698964703,1.64181890459521e-07,2.35866941223538e-06,"nek12"
872.525325172535,4.73325225178452,1.00416274799127,1.68373675883404e-07,2.41322458174809e-06,"crym"
134.984974418315,3.8978767243448,0.801424003406285,1.70939971155395e-07,2.44428183053976e-06,"psme3ip1"
570.88504791555,-4.37070325697365,0.963060524173263,1.74475250717959e-07,2.48901756268976e-06,"mettl5"
73.3177360555112,6.57899023824096,1.37748633819452,1.78522969035992e-07,2.54083853604714e-06,"baiap2a"
95.3832194833827,6.40504613889664,1.32702128020484,1.80365960569086e-07,2.5611129435796e-06,"cyp51"
110.889262360987,-5.85804457002585,1.32484789475159,1.84687873642824e-07,2.61641154327334e-06,"ube2r2"
56.2116682728883,4.46408906491146,0.927680521720363,1.86082618391058e-07,2.6300822737951e-06,"trim23"
234.661093675139,4.70832431589288,0.973195414543926,1.91042988356993e-07,2.69397025056405e-06,"C9orf16"
33.9217329018565,-9.75564590464542,3.23575616909716,1.97515783696345e-07,2.77246925738906e-06,"chst12a"
224.175508921881,4.28614548933744,0.893001164664439,1.9737983961278e-07,2.77246925738906e-06,"aagab"
52.6103361053333,7.51902405000926,1.79590765153049,2.06945456321274e-07,2.89818350729107e-06,"msx3"
57.0281242375094,5.59593491420679,1.13633943766847,2.10901334847891e-07,2.94684056910752e-06,"mark1"
66.6711488307401,4.55876368661198,0.958331355806833,2.12965505892703e-07,2.96215658196214e-06,"sipa1l3"
63.0705758911216,-10.7420447689723,3.50947355484168,2.12788009155963e-07,2.96215658196214e-06,"sumf1"
455.695582492601,6.15010209525733,1.26961795242842,2.13924536617719e-07,2.96874867142957e-06,"utp23"
38.2294517150521,9.055803106189,2.89477786816529,2.19333864808825e-07,3.03693043581451e-06,"opn7a"
66.2705200110258,9.49972775583852,3.09965880204769,2.30619422198132e-07,3.18598389131505e-06,"si:dkey-98f17.5"
44.4919981014851,7.15962908878993,1.47984485415109,2.40216910600957e-07,3.31109795693211e-06,"C6orf120"
111.734120302146,4.327512328162,0.915165269739612,2.4403023779743e-07,3.35610124791072e-06,"rad54l2"
184.788326075035,5.61837257449952,1.19272024637042,2.49785522163883e-07,3.42755021444611e-06,"wdr47a"
59.9414982762064,10.9100739970664,3.40187926789949,2.55321713207756e-07,3.49567983183773e-06,"AMDHD1"
88.2134975583738,9.04561618666829,2.78865947825016,2.56022613610339e-07,3.49745177521267e-06,"myog"
358.126094899706,4.45294809433717,0.950302366854199,2.59411604849958e-07,3.53585528214197e-06,"zbtb12.1"
50.6069427820339,6.2718484585522,1.44393697684468,2.73738522484486e-07,3.722843905789e-06,"pdzk1"
176.431731995964,4.00709226601312,0.861304717648295,2.81745322101253e-07,3.8232402910414e-06,"iars2"
34.4757908563668,7.59176277061149,1.83715791416967,2.89661299712552e-07,3.92196273062128e-06,"extl2"
256.79448977576,5.77503084828147,1.19803087056775,3.23599336487938e-07,4.37180560553241e-06,"naa38"
49.8915631337168,7.21694325199989,1.54964882179988,3.31324981752968e-07,4.46631913728671e-06,"pgr"
36.0502333389653,5.16895233228657,1.08909710900226,3.39414331405237e-07,4.56530924879132e-06,"ints9"
101.982005120607,5.30633410093261,1.10338432325993,3.41310982596935e-07,4.58075266116939e-06,"zgc:175214"
238.678295556619,5.0277931860995,1.09264662594531,3.44371400819444e-07,4.61171328887308e-06,"slc31a2"
60.4383810288537,-5.08552601162798,1.16275705086589,3.46683627919516e-07,4.63254105429571e-06,"ddx42"
54.8803725148794,6.23360361645284,1.2879441499516,3.5424343620982e-07,4.72324581613093e-06,"vmp1"
477.741822554596,3.5681172238799,0.768661817995504,3.55840119791713e-07,4.73422072418539e-06,"ubn2b"
169.581185712331,5.31904107090266,1.12557093733246,3.65263081384858e-07,4.84904567912219e-06,"cers5"
69.1005280994093,-4.21196614483706,0.945972344917886,3.84346725890923e-07,5.09134623907456e-06,"ptpdc1b"
525.00610771343,5.68916216064845,1.20702896972839,3.89741813066341e-07,5.1516628422592e-06,"nfkbiab"
86.5051864557689,5.17584157111132,1.10401216080507,4.08549280172714e-07,5.38862412641597e-06,"ndor1"
71.4136942131652,6.32476070448104,1.33620240404558,4.16570395388597e-07,5.48260391350153e-06,"zdhhc16b"
38.6120239837316,5.83047880472329,1.21492358226844,4.53634863186308e-07,5.95038141049221e-06,"f2rl2"
275.071359643796,5.33787205190665,1.14855514890498,4.540568821405e-07,5.95038141049221e-06,"rpf1"
171.344326300769,5.43924153705253,1.16681935728876,4.55663062073054e-07,5.95867081172455e-06,"ruvbl1"
466.000671527432,4.48961017715152,0.981591050607443,4.64844055237637e-07,6.06576890843142e-06,"bag1"
224.295411191072,-9.14774227383993,2.18562929777031,4.73001447174098e-07,6.15908267384144e-06,"pbx1b"
708.45443811375,2.8975561671097,0.623305441241912,4.78756858130776e-07,6.2207897489604e-06,"nfe2l2a"
41.5109791614599,-9.68184659321535,3.28828985733533,4.96230191610643e-07,6.43417112851087e-06,"ccdc153"
125.061898619415,4.55703847750294,1.01991078684154,5.51447093236065e-07,7.13500255941801e-06,"neil1"
112.192030956651,8.36809577160217,1.98825141414412,5.66919703992791e-07,7.31972276041325e-06,"osgepl1"
322.704194198751,3.70736748800393,0.816313879067896,5.8898187101868e-07,7.58856642238805e-06,"ndufa6"
80.7945205806883,7.14712188749449,1.68388082569927,5.94679993866977e-07,7.64588563543256e-06,"fam222ba"
68.1373776080095,5.83282952260502,1.29439056812779,6.06875413855359e-07,7.78632606455932e-06,"rnf185"
180.196563900437,-9.03808637185253,3.12759427533889,6.39659883412904e-07,8.18978762863383e-06,"chia.4"
335.477044777302,4.05593495692362,0.914870250039478,6.5992267425079e-07,8.43157988813118e-06,"mrpl18"
70.7589594077787,-4.16818664374161,0.973176022423127,7.0487105688435e-07,8.98710597527546e-06,"NEMF"
83.0776819387628,6.42900510412156,1.40211246548986,7.07559008546785e-07,9.00262189668674e-06,"prmt2"
39.4593831331778,-6.02557220257859,1.38860540831072,7.14685390217025e-07,9.0744286060751e-06,"myh7ba"
839.137813987493,3.7043963146044,0.822730344081998,7.23033688724426e-07,9.16142065216043e-06,"rabepk"
250.953728598707,5.21629117272769,1.13833804752481,7.3132229394593e-07,9.24729842758077e-06,"uprt"
29.0176178042218,7.89702938899744,1.91009892079639,7.51249086328836e-07,9.4796791924381e-06,"asb14a"
65.8905573487807,6.66928086609556,1.42211478400743,7.53261864028833e-07,9.48272424779837e-06,"card19"
236.906861933322,5.30289293694255,1.1473903969352,7.54589331483302e-07,9.48272424779837e-06,"dnajc3b"
59.8515233328313,6.49320079873816,1.46624205627534,7.67372679826654e-07,9.62360819782607e-06,"zfpm2a"
126.712201881243,5.402801728678,1.16793777847574,7.74047846138378e-07,9.68746997621037e-06,"ap5z1"
145.234649660925,-4.70051148233898,1.13204251169382,7.89648072098231e-07,9.86254326783913e-06,"rps19"
51.4020328596247,8.78209810729815,2.10178173456411,8.19858348129817e-07,1.02190083310682e-05,"irf7"
52.7725264272313,7.03557314529994,1.72234298266471,8.27682443496948e-07,1.02955621020352e-05,"arl16"
661.879439841881,3.57271940447422,0.798465057922156,8.60472868051238e-07,1.06817321551188e-05,"mak"
322.233640988109,4.15547491620632,0.933576251183276,8.75517592881738e-07,1.08464932559438e-05,"ppox"
66.165783318215,5.15691371285769,1.13974164226122,8.7805034661127e-07,1.08558951944666e-05,"padi2"
1932.62670362333,4.97144294044646,1.12701227931223,8.92285269560419e-07,1.10096488905439e-05,"hemk1"
85.7669276232339,5.02966262779758,1.08928008564459,8.97192417518429e-07,1.10479227267863e-05,"hint2"
39.0478383525763,-5.08253602123239,1.21003806221333,9.50339826519468e-07,1.16788749765043e-05,"crlf3"
27.7288979493318,9.96132243591562,3.39985849871019,9.60461115074559e-07,1.17796032550226e-05,"PTCHD3"
52.3190790406853,6.37110501126074,1.45166139596571,9.6300732032494e-07,1.17872096007773e-05,"tacr3a"
52.6189465898473,8.04101086568541,1.81693227944728,9.67861340132451e-07,1.18229768495222e-05,"invs"
325.985218793869,5.94899406251502,1.29525482466083,9.6983982482464e-07,1.18235452747546e-05,"dnajc15"
270.522242831987,4.35810183735175,0.96985320191265,1.00832553072223e-06,1.2268294727674e-05,"eif2b4"
27.1572179872039,8.26715920944048,2.80564507773455,1.02339096245681e-06,1.23996084468024e-05,"cln6b"
44.162583698532,6.00061918908773,1.43403208921138,1.02498117217926e-06,1.23996084468024e-05,"myo1ha"
135.815097646013,-6.27127756776229,1.41531634373872,1.02626943384255e-06,1.23996084468024e-05,"csgalnact2"
242.860464762371,-7.52999775631886,1.85028332124883,1.0272224644655e-06,1.23996084468024e-05,"drp2"
45.2587448409052,-4.72000497705251,1.1287718409646,1.04501393821144e-06,1.25895379957756e-05,"grk1a"
227.844344899124,4.85002484880915,1.06934535959924,1.05401588773129e-06,1.26730397503252e-05,"gfm1"
56.608703722253,4.94972207908715,1.11326179747019,1.15737465968523e-06,1.38884959162227e-05,"dmac2l"
56.8828165290092,4.155893499123,0.939077930946523,1.17263319234657e-06,1.40440609337788e-05,"wdr44"
51.7955323415529,-6.68860626422074,1.61938006340866,1.24236582240302e-06,1.48501539709111e-05,"si:dkey-222b8.1"
52.9507760680369,-5.6599596445233,1.39571949627983,1.28779411961117e-06,1.53631579181684e-05,"gars1"
231.227154247691,4.07082444299451,0.92786209939538,1.33042882706822e-06,1.58409035440807e-05,"tmem50a"
552.964438236596,5.38923420431593,1.26623780825738,1.36534984650011e-06,1.62251282729721e-05,"arsg"
98.6712519235569,5.58845927048404,1.29705883228075,1.40812007140449e-06,1.67009589864253e-05,"slco5a1a"
72.5650040087967,-8.63948315457309,2.00224066291699,1.44447862416058e-06,1.70990506380324e-05,"dpm3"
151.547458434279,6.37906004172434,1.4166702556305,1.48234525564391e-06,1.7479678159038e-05,"bag2"
330.029327172075,7.1535683712306,1.67007876255382,1.48000963923825e-06,1.7479678159038e-05,"RGS20"
77.6743895825737,4.53965560737704,1.04482826659671,1.55488814227069e-06,1.82998373667243e-05,"ADAP1"
50.7942924672164,4.43521070958268,1.03936841418283,1.61598108462277e-06,1.89823497848202e-05,"nat10"
194.698836460074,7.00682856829007,1.5777002437836,1.71498155173962e-06,2.01066802617748e-05,"mrps26"
61.1326491263159,5.69912640971881,1.27096487807489,1.79111291028885e-06,2.09591032714488e-05,"aprt"
181.190246221334,4.51945518290695,1.03552554343837,1.8061927771355e-06,2.10952286184528e-05,"tmed1b"
26.4084773971073,-4.43793192897172,1.07203070493897,1.82442725519718e-06,2.12676091462986e-05,"tbk1"
46.2306879212365,-4.81861782489615,1.20456405654636,1.86552509205469e-06,2.17053489797998e-05,"cdk17"
590.064797947773,5.00012770327125,1.19471707891634,1.91397664218505e-06,2.2226825522149e-05,"fads2"
80.1438134152767,3.8903636534432,0.926148218417586,1.9718488554504e-06,2.28555208245387e-05,"sharpin"
223.826146762406,4.82403067481523,1.11902012282198,1.98919516416783e-06,2.30129950939643e-05,"bbip1"
316.294493205331,5.48470394482327,1.26655066245291,2.08739439489765e-06,2.41034975410823e-05,"arl2"
83.7524447722981,4.97813786307906,1.15569422279071,2.18325751350427e-06,2.51629679522526e-05,"hnrnph3"
146.125512063454,4.34016577120518,1.03299752298342,2.29952404906862e-06,2.64531713915413e-05,"ggcta"
226.054944410564,5.73631895077436,1.34909964478124,2.36343239159706e-06,2.71373475357861e-05,"edrf1"
38.1567898892688,5.51088948663448,1.27129434750971,2.37318130153872e-06,2.71982576131404e-05,"oxsm"
133.474228112968,5.42455927794275,1.25694036136237,2.38301254407376e-06,2.72598818125821e-05,"mmp28"
18.4441409367976,-8.58494933259995,3.11911080597779,2.54646077555358e-06,2.90752610940073e-05,"KLHL28"
264.895956070755,3.8903437007097,0.921116721931093,2.65442466781353e-06,3.02515437002212e-05,"cnot3a"
33.8555202541861,7.33008718787198,2.540056160521,2.77216631436074e-06,3.15346800072263e-05,"parapinopsina"
63.3568455619021,-10.4480069780086,3.73358632777066,2.83057207085374e-06,3.21393340883578e-05,"slc25a13"
148.104290067203,4.44037963722133,1.0495139094033,2.92304339932549e-06,3.31278251923555e-05,"cdc42ep5"
245.895737369513,4.34958790116587,1.02759695432737,3.00716693611185e-06,3.40182285563854e-05,"ap2s1"
31.1257676427011,10.0699495519734,3.54011744959491,3.01611679192798e-06,3.40565217095927e-05,"wfikkn1"
22.206598466573,-8.88714580993339,3.23560356902962,3.05221312856483e-06,3.44006341562002e-05,"nup160"
160.333795118386,4.36955895215387,1.0753453032975,3.12950063368378e-06,3.52068821289425e-05,"nanp"
583.56132956326,5.23923036345178,1.26546366278053,3.21211253823723e-06,3.60699609798383e-05,"armc1l"
46.5580840244456,6.78700035109145,1.71072819855368,3.22663846807415e-06,3.6166716894897e-05,"vill"
155.830973555969,3.55951673231469,0.854552276243471,3.25050059165914e-06,3.63675751754185e-05,"styx"
139.966950746331,4.55838813145065,1.10901321580623,3.25709947155664e-06,3.63749065071654e-05,"tmem184c"
32.5205262364884,-7.40700658855706,1.74233013559972,3.35264295300563e-06,3.737372472203e-05,"pigl"
29.1451082228707,-8.86092373001794,3.23608619223332,3.37954261581744e-06,3.76050923796413e-05,"ldhbb"
299.358902408221,3.936444256496,0.946766731040954,3.49182738639685e-06,3.87798825312906e-05,"adam17b"
54.0195941411585,7.83077049052214,2.04549440101066,3.4977933263517e-06,3.87798825312906e-05,"klhl32"
60.6164581690755,-4.59896739381776,1.19302266523627,3.52921494166407e-06,3.90574962802606e-05,"glmnb"
381.266355054532,4.83809304967814,1.16468069988039,3.58802256769177e-06,3.96336043156185e-05,"jazf1a"
33.5438556279152,-9.5387916791629,3.46853788994745,3.59422392077913e-06,3.96336043156185e-05,"lrmda"
103.044089848188,3.86757792218529,0.928227227405489,3.63694876837611e-06,3.99607297351199e-05,"endog"
36.441065072354,-8.9103747379637,3.26003637465919,3.63152232149505e-06,3.99607297351199e-05,"opn1lw1"
202.130785982564,2.89103951384389,0.690291070035929,3.66718982677801e-06,4.0220791648533e-05,"blzf1"
105.933120824663,3.86120200290778,0.930425431322628,3.73229115308115e-06,4.08615775614609e-05,"zc2hc1a"
116.599028993991,-6.93863932148544,1.9182627271758,3.83298279484005e-06,4.18890262578948e-05,"rpl14"
170.671727338767,-10.5269031516326,3.81089666907075,3.88994321036588e-06,4.24357441130823e-05,"kbtbd3"
40.5063041544449,7.18738770902747,2.53163738815516,4.1691814926352e-06,4.54010511297641e-05,"uck1"
290.358260646596,3.54271788631311,0.887203243446077,4.21097712390512e-06,4.57747424481338e-05,"zgc:136439"
90.5175998917441,6.86420742038693,1.83870430492175,4.22529518337938e-06,4.58489477345422e-05,"ihha"
259.419058420502,4.70872988128911,1.1866483225744,4.27455970033245e-06,4.62207587848204e-05,"ognb"
146.009952862257,3.90581595031855,0.939506254649084,4.27466494643928e-06,4.62207587848204e-05,"cant1b"
42.130845156646,6.46668143476349,1.59571490766017,4.3882353749722e-06,4.73650802377951e-05,"si:ch211-14i3.2"
49.4930785365419,-7.78994498499402,1.92159025602404,4.39727023544922e-06,4.73790384523754e-05,"dpep2"
95.123567230053,4.65183169865298,1.13875521487927,4.40783050741628e-06,4.74093544910152e-05,"med21"
35.1516775081882,-4.0576245398793,1.05031993195422,4.47149792541819e-06,4.80097671992269e-05,"metap1"
78.8052126601289,5.54142062372549,1.38247398412926,4.50130374729274e-06,4.82451469937505e-05,"rab3ip"
213.31545066462,6.61561291057789,1.58392330724483,4.57762399027369e-06,4.89773755602709e-05,"trappc12"
20.8907013554374,7.67351877545616,2.76905083214941,4.70247544946537e-06,5.02253922351275e-05,"ppp1r3da"
121.501614079588,5.82962474560127,1.39173636445822,4.88370633111936e-06,5.20701790007848e-05,"erp44"
63.2364554572528,4.98944834602298,1.20743387626074,4.89843119984261e-06,5.213634598789e-05,"bcap29"
80.5712869149522,6.37317674084993,1.79190499855428,5.10594085746563e-06,5.42506216105723e-05,"atp1a2a"
171.673428746651,3.62215686115458,0.876530444380528,5.16212366923317e-06,5.47525075488856e-05,"ssb"
76.4759691034448,4.10997106146248,0.992787303938445,5.22505020228496e-06,5.53240609653702e-05,"znf839"
134.992320223616,3.24194721281656,0.794596183426768,5.25942436829521e-06,5.54959950585632e-05,"supt20"
2714.5011254974,-4.24917793834382,1.14332303776666,5.25343259176996e-06,5.54959950585632e-05,"trpv6"
1031.48754479261,-4.29481997037802,1.15213896506057,5.35473874429303e-06,5.64044769622605e-05,"anp32a"
348.56006581012,-3.93084566522939,1.04859773901934,5.60998925246969e-06,5.89916395620524e-05,"unk"
39.6247568338811,-6.22479248623495,1.58433634316204,5.6991475979587e-06,5.98263864485544e-05,"brd7"
129.679576056624,-6.29244403428317,1.80255740648696,5.8456755330596e-06,6.12594764765834e-05,"cyp27c1"
29.7561208931404,3.76235734218114,0.941933768889534,5.97049670806763e-06,6.24605809459383e-05,"lrrc39"
50.2488911954908,3.7704528585758,0.931447130556576,6.04336114444076e-06,6.31149662183916e-05,"TLK1"
34.3865221216812,3.96420861440171,0.988101287298773,6.23715541152999e-06,6.50279235409941e-05,"tex10"
35.0165545875192,-5.37711446038556,1.46114181456534,6.55536784640531e-06,6.82293388095247e-05,"ift74"
22.0239976049902,-8.63342247548871,3.25352453324119,6.64579892764548e-06,6.89856232997514e-05,"ap5m1"
34.5232046072811,4.7432867776188,1.22355752724808,6.65057479523747e-06,6.89856232997514e-05,"OTUB2"
85.7197531015623,4.89831268416922,1.21374228035532,6.73384542613875e-06,6.97311912148379e-05,"dpp9"
30.6910897442082,7.9303014967058,2.9559280145094,6.95576630608302e-06,7.19075841101826e-05,"aqp10b"
21.029441573856,-8.61912849115078,3.25855753435937,7.26900828242821e-06,7.50191074004395e-05,"dpp6a"
569.878849220838,3.56374254400356,0.892322807114224,7.32730277388611e-06,7.54934225188266e-05,"fktn"
40.1872939640391,6.23604573324657,1.53935781912901,7.85382814882853e-06,8.07822323879506e-05,"ddit4"
231.821338451751,-6.93711749636475,1.69636482145356,7.97450225847452e-06,8.18858285601746e-05,"zdhhc17"
565.023145992398,3.842752877227,0.964866420236528,8.20920283907719e-06,8.41546421694346e-05,"srpra"
108.196031511659,6.41975637884244,1.63619711311902,8.28685923354415e-06,8.48086597145321e-05,"vrk3"
346.495868312358,3.81674527947872,0.978462195391477,8.64459587976518e-06,8.8322081442676e-05,"rbck1"
21.983765994753,-8.56273819110865,3.26994624895468,8.67366835076481e-06,8.84714171778011e-05,"slc2a5"
40.5848287799807,-4.84200286345275,1.35742696493899,8.87105527868562e-06,9.0334206831208e-05,"wdr34"
28.0989067254529,8.50941778071667,3.09688268022149,8.94171451044234e-06,9.09024797407095e-05,"epyc"
38.5701736601232,-6.68893710789206,1.83000707398847,9.39295933953994e-06,9.53315276251815e-05,"arfip1"
57.7851062418053,-9.15223278599343,3.48823029728986,9.40910213506696e-06,9.53372600440559e-05,"tmbim1b"
448.872596790711,3.95424219740953,1.00083939533571,9.57829855802575e-06,9.68912184712688e-05,"cap1"
126.521611376068,4.77311161212976,1.19839434366048,9.61641261229171e-06,9.711624618354e-05,"ppifb"
74.3088164541885,4.93016744956289,1.33046007639739,9.6539931268489e-06,9.73351531076034e-05,"parla"
508.903040558363,4.1124008289113,1.0690635256828,9.68100567918872e-06,9.74469650602548e-05,"atp2a1l"
161.356875969663,5.13712006691762,1.34395225261941,9.76089436458949e-06,9.80897758806038e-05,"cdh15"
27.7910413881383,5.89761585668106,1.71833147724168,9.78755365843712e-06,9.81964399830084e-05,"zdhhc22"
30.6920411252235,5.78765540126911,1.49865878793908,1.00582010433439e-05,0.000100582010433439,"zgc:103759"
731.372967910033,4.79781730810787,1.24783776349304,1.0046782113011e-05,0.000100582010433439,"DNAJA4"
342.241244301678,3.75539758093842,0.953280889939864,1.06352998389149e-05,0.00010617950247008,"vps29"
99.8140375667877,4.28071177881143,1.08882199524736,1.07410104706998e-05,0.000107046471668514,"crtac1a"
772.319284461045,3.8822035266623,0.999845258969135,1.07571209274733e-05,0.000107046471668514,"echdc2"
18.0388700523667,-8.38860717122004,3.24006796275149,1.07960356592645e-05,0.000107259315316069,"si:ch211-63o20.7"
35.279756429619,4.49490038140572,1.14197353426624,1.09335619155324e-05,0.000108449593068165,"dmtf1"
19.1116651932,-7.89944394407962,3.07491382258122,1.11183693826558e-05,0.000110104240488436,"tmco3"
34.1480329889511,6.58181725211142,1.85789816486204,1.12178761606717e-05,0.000110731293715017,"mmab"
748.546839659033,3.90949119885498,1.00900827544333,1.12096884451475e-05,0.000110731293715017,"wdr48b"
235.346061041143,-4.63858981712248,1.32441167316969,1.1284829804415e-05,0.0001112128154638,"rbp5"
66.0676958905628,-4.81650325192292,1.37386560039727,1.14385728392021e-05,0.000112546729543274,"rbm27"
17.7645590087585,-8.49385026590114,3.28810450038952,1.15308765817743e-05,0.000113272816501539,"rpe"
22.3298717217029,-6.86858098869582,1.74044541429144,1.17800012283344e-05,0.000115534627431741,"slc38a3a"
35.6241407081131,-4.75003270410167,1.33434687069007,1.22084852653678e-05,0.000119545487718481,"ppp3ca"
89.6102655289769,7.16024896658756,2.27660062263852,1.22350377619036e-05,0.000119614107193051,"bcat1"
32.1250603774196,7.9689139637782,2.20010015057876,1.23042810519822e-05,0.000120099202612649,"rnft2"
25.1844080144546,5.29144758872264,1.34020780257958,1.24629285559428e-05,0.000121454017137532,"slc7a7"
53.2314113876077,4.91269261986299,1.26725835359759,1.25382493258605e-05,0.000121993777224588,"tspan3b"
631.616842215965,6.73147268851428,1.76747437942771,1.26544647186085e-05,0.000122929085837912,"sass6"
14.7313553493045,6.53197290616355,1.85167089738991,1.2775898520771e-05,0.000123912042705417,"zmp:0000001114"
36.1241926206252,-3.51188524688908,0.959804447119873,1.28177142742001e-05,0.000124120904047634,"cpdp"
149.629178787009,3.41243921344673,0.874831732011468,1.31706931252889e-05,0.000127337506993315,"nelfe"
16.1523891857922,-7.92996998898922,3.10139991606445,1.37176685343631e-05,0.000132416611088804,"zmat2"
45.4611962204311,7.30079248833122,1.85891382372043,1.40548622493635e-05,0.000135457884985992,"dnmt3ba"
20.9634564787333,-4.88950625640821,1.34697781084904,1.41489009371083e-05,0.000136149801470287,"atoh1c"
33.9965311994228,7.31679225571385,2.15486137718323,1.46685622394119e-05,0.00014092872983548,"GALNT3"
65.1047045832214,4.52269477670135,1.15724707462569,1.48157249100637e-05,0.000142119492867696,"ankrd13a"
478.504163425908,4.53038050459716,1.20551674773502,1.5295045204186e-05,0.000146487756885162,"zgc:171489"
106.57221794886,4.81504518570338,1.294875686324,1.54915973058777e-05,0.000148138399237456,"msl2a"
280.230320944927,3.1974000960776,0.826343058012058,1.63883891714049e-05,0.000156469487876752,"cry1a"
32.1838105442865,4.01798561878524,1.04100407738798,1.67311089190353e-05,0.000159492813994542,"skiv2l"
15.7661837366115,8.4248080338209,3.17103872814862,1.69129168676565e-05,0.000160701775273038,"kmo"
137.600776221176,2.83471678275741,0.733370066187159,1.69367067076976e-05,0.000160701775273038,"chmp5b"
24.4112880304947,4.80575418282383,1.229840585044,1.68918597600494e-05,0.000160701775273038,"brms1la"
932.223013768472,-3.23725210182432,0.912408243755901,1.70189377120239e-05,0.000161079247219088,"cars2"
391.284860676176,-4.85448496797031,1.33112524102079,1.7029129567116e-05,0.000161079247219088,"irak4"
21.2016503038891,6.94852343422711,2.6265314164945,1.74231943943884e-05,0.000164302427109894,"nipa1"
48.6261808986787,4.93260701616674,1.33049178211577,1.7423574378157e-05,0.000164302427109894,"mtfr1"
77.6811385627185,3.70506432362421,0.982950833299782,1.74643486357037e-05,0.000164433559462318,"ctnnal1"
255.367555950092,-6.32919464034526,1.56850770661087,1.77248916948452e-05,0.000166630318237254,"micu2"
122.017030746364,-3.73428348980534,1.06945337098687,1.77846946115659e-05,0.000166936090525741,"zte38"
75.4703525692584,5.58897619513034,1.44897136558027,1.7991964861334e-05,0.000168623009113881,"fer"
165.211960103029,4.3367868111065,1.1338834121071,1.81547611365268e-05,0.000169888590451902,"tmub2"
26.9130314885745,-4.99960873436756,1.41904584138743,1.84235567213028e-05,0.000172140713182249,"ift88"
13.7414631020489,-7.3907675796817,2.94789946564132,1.84655841298986e-05,0.000172270388528932,"ssbp3b"
15.3648893575264,-7.70628584915938,3.07179454957672,1.87904685405422e-05,0.000175034501473543,"ank1a"
36.3181942298893,-7.2758761350717,1.99667238012547,1.8970807690912e-05,0.000176445810134318,"ERMP1"
25.9565354746707,-4.32521549101852,1.24629417974847,1.92996674861531e-05,0.000179232116866855,"cdkl1"
33.710006109907,-4.45343953691789,1.31056966208705,2.02852475252673e-05,0.00018809956796157,"anapc16"
17.236184057808,-4.89388635396258,1.38103541370547,2.03660468861142e-05,0.000188563096736791,"ubtf"
83.5807749603101,4.56551827388782,1.22124381523497,2.15483766978257e-05,0.000199006043702934,"wdr61"
58.8101122777607,5.41865690918828,1.42807469809499,2.15589880678178e-05,0.000199006043702934,"pih1d2"
110.568828771846,3.9024224880144,1.04921591446479,2.16193773290584e-05,0.000199262935623249,"trmt61b"
43.6067576919363,4.13315945713287,1.08207288661922,2.17276124545285e-05,0.000199959380784533,"trmt5"
127.592667545563,4.68417318562757,1.23693066045179,2.19333444551074e-05,0.000201549651749635,"EIF5AL1"
238.536838150145,4.71510815264512,1.22503843258777,2.30457928936492e-05,0.000211454651437981,"alkbh2"
23.796906190109,-8.79490514877763,3.54290920877617,2.33314275148377e-05,0.000213754994597016,"otofa"
585.937105590908,5.07156126939736,1.36366050156383,2.33697548787662e-05,0.000213786098442525,"zgc:173742"
136.935338943398,3.74986695915445,0.993851240018351,2.34263570517844e-05,0.000213984037547643,"ddx55"
131.795237611408,5.0106172623337,1.34455581506832,2.35587255657757e-05,0.000214872429899475,"ptpn21"
129.917474625742,2.96110928779545,0.7899571070895,2.3616735297936e-05,0.000215080982177631,"arl1"
30.8288309459202,6.00601926969761,1.65814208691112,2.38879460573188e-05,0.000217227681828813,"bmp10"
119.47941236061,5.01951908893237,1.39618183213773,2.41959322828863e-05,0.000219701937049353,"lysmd1"
85.6956605728732,-3.89122154556542,1.16268672113901,2.43649541341687e-05,0.000220908917483129,"cdc73"
19.0139929434545,6.8633668695627,2.02630206692828,2.45358404249483e-05,0.000222129206214029,"oclna"
30.2666800990066,5.93405710984561,1.59265038379542,2.46433435797237e-05,0.000222772913896469,"gmfb"
45.3233700607548,5.61211471882006,1.54928379543923,2.48338736113041e-05,0.000223834030193197,"f9b"
227.253095060347,6.56442041265581,1.75721594172218,2.48151161081073e-05,0.000223834030193197,"ddx56"
27.3437262012623,6.05599877317279,1.62191353476477,2.54748430689124e-05,0.000229273587620211,"zgc:158640"
27.8872269557313,4.58701865053148,1.27042969524017,2.59303672696122e-05,0.000233030613348057,"IKZF5"
28.3549905270956,-6.07312430845512,1.81005344054049,2.62141756899069e-05,0.000235162566086008,"lsm1"
48.10710672428,-5.52403781000641,1.73786151067523,2.62444497772456e-05,0.000235162566086008,"gstt1b"
21.9298759631233,5.44321918728525,1.48198427454544,2.65882267117021e-05,0.000237894660052071,"PAK3"
51.1174937152634,4.09115586304915,1.13158734961348,2.68409619768844e-05,0.000239805382917565,"itga10"
22.2190871785663,-4.96088417307265,1.46738891193647,2.69901840727772e-05,0.000240787064905826,"si:ch211-141o9.10"
168.668936713333,4.29407257288296,1.15553356649922,2.70816698700274e-05,0.000241251556920768,"atp7a"
62.0688878167837,5.29484634413477,1.4040098618066,2.71263926009576e-05,0.000241298724880611,"tgfb3"
65.163039602217,5.50227406815718,1.48361460989093,2.74443440104179e-05,0.000243772692806615,"fastkd2"
15.0449723766415,8.48218882000671,3.26802812568691,2.82896383648232e-05,0.000250916792453214,"slc16a7"
68.0840853912234,-3.95962012567362,1.19651060519551,2.8484201762548e-05,0.000252276866551077,"col5a2a"
115.693681614541,3.32300763657425,0.896459685996501,2.85571410478381e-05,0.000252557374584926,"aip"
80.0838522788031,3.83819200440395,1.06391358569044,2.89937278782921e-05,0.000256048505938164,"snx24"
72.8085184054601,5.02945440513304,1.3632805558014,2.91679166808879e-05,0.000257215634131172,"rasgef1bb"
201.553137659023,-3.18159941429743,0.909576997187757,2.96189931231678e-05,0.000260817608509046,"gpatch8"
25.3083921846057,-7.46533274644544,3.05267841344156,3.09195393776208e-05,0.000271878708320458,"tyr"
19.7151729815438,4.10993152836991,1.18165221251018,3.12235863068807e-05,0.000274158318792123,"btbd7"
124.800845308012,4.84356989831103,1.3905393458531,3.20934129346932e-05,0.000281392101948886,"rnf215"
95.0102812747567,3.63985650718632,0.994409081612187,3.22063288315768e-05,0.000281978158010372,"cish"
12.6622688220164,-7.34470558552323,3.02914243484617,3.28483923960576e-05,0.000287188802091247,"aars2"
55.9237870964306,-5.624521562431,1.80207219330594,3.34012259263835e-05,0.000291605567288826,"clec11a"
80.55224676321,4.65392654835536,1.26439007620918,3.38485634204326e-05,0.000294670281839328,"acsl4a"
23.7364087073173,-4.01247102026363,1.19556545492935,3.3848446212171e-05,0.000294670281839328,"thbd"
20.9080786460603,-4.50393951805771,1.24686319514308,3.42073889047545e-05,0.000297371051274287,"ppp2r1bb"
22.441374655973,-5.87581914087145,1.74436556316616,3.45989765172955e-05,0.000300348562107586,"mtmr3"
66.5227358723407,-5.65589328885176,1.8802276082561,3.47398044096244e-05,0.000301143913579181,"flna"
52.8794561471299,6.17068397238927,1.65195058864,3.51070494455655e-05,0.000303896948524556,"znf511"
711.573166390953,-6.21136546091487,1.66409249660635,3.52307832693339e-05,0.000304186922428414,"RRM2"
144.005569688678,3.69177522911047,1.0225358906046,3.52399555558408e-05,0.000304186922428414,"mrpl35"
20.7382995349104,-7.29806071317912,3.02136072674735,3.54325440692815e-05,0.000305418548878877,"mrps28"
27.4364807382204,6.35455546001178,1.75658838709596,3.56936294892695e-05,0.000307236304464598,"dhx34"
30.74608738592,-3.31351726055695,0.968489022563838,3.58473037473916e-05,0.000308125700750052,"fryl"
26.5809431559724,-8.78590342378829,3.64618454360244,3.64473529643371e-05,0.000312844039469485,"coa8"
84.7605043984899,3.05648236950072,0.863907863458456,3.66718256247021e-05,0.000314329933926018,"si:ch211-15p9.2"
7843.74189054054,-0.154529456675867,1.03781404142962,3.6872429152114e-05,0.000315607365609703,"krt98"
400.526301179318,-4.73217706713966,1.40642042442375,3.72957625920447e-05,0.000318785009864963,"dph7"
27.5179609694742,5.41875666106484,1.51777115048264,3.74307551545111e-05,0.000319492638138923,"dpf3"
13.4478744543974,-7.40940793652745,3.08682703533118,3.80263479171711e-05,0.000324124302580901,"fgf8b"
153.721647196846,5.44308557316138,1.49733851204479,3.81285205609645e-05,0.000324543179183731,"pgam5"
22.2442495017365,-5.03792958636169,1.51674778289513,3.83697772876361e-05,0.000326143106944907,"ino80b"
20.6115034505267,7.51904262688902,2.96870826035402,3.95043378787162e-05,0.00033532114815221,"slc25a40"
235.7866020754,3.62452544662797,1.05419356885268,3.990799555604e-05,0.000338203107334079,"crlf1b"
78.429190557995,-4.32263306776949,1.38627237392299,3.99543866997613e-05,0.000338203107334079,"btg1"
1579.4816969578,3.52994749613713,0.983811393507213,4.0207030499811e-05,0.000339871583782933,"TMEM43"
21.9251626128186,-4.26678391762276,1.26663872923705,4.03608815468851e-05,0.000340701510437154,"ppid"
56.1827014384146,-5.37091818804867,1.71116714133446,4.19345143991359e-05,0.000353497559397674,"itpkcb"
225.995741252299,3.69080253960642,1.04273110588978,4.27352570815448e-05,0.000359752095376966,"PCBP2"
17.4727041502368,-5.08095542334294,1.51519281463963,4.36414943830113e-05,0.000366876298934106,"ncdn"
63.1781662925909,5.13783068113201,1.52674580713929,4.40556701968768e-05,0.000369850070788595,"slc25a32b"
51.2337659085782,5.44283138705541,1.49982680009112,4.42405025651468e-05,0.000370892980409176,"hmox1a"
33.1678654303161,-4.38637270162191,1.39094310648603,4.46438307377327e-05,0.000373762303850785,"si:dkey-12j5.1"
92.7160603108282,4.11518835740125,1.16251246482336,4.51598970063026e-05,0.000377566352019907,"rab3gap2"
143.931785223299,4.11692907610666,1.17196405457262,4.54131555378834e-05,0.000378899664018756,"tjp2a"
17.3348394237224,5.88632109429779,1.73679390073107,4.54431949983279e-05,0.000378899664018756,"dhx32b"
102.948567430381,3.53134958745498,0.998120306267571,4.55470052370014e-05,0.000379248533401971,"vps26b"
60.0417808630307,-2.94488090186835,0.872929732201368,4.61656847017227e-05,0.000383877704313237,"eno1a"
53.3032461282318,-4.92060657361403,1.63784843525393,4.63100306024669e-05,0.000384555478001489,"fam102bb"
39.9892805785208,5.51223282483186,1.50887650319508,4.6583520042041e-05,0.000386302361324242,"gcc1"
187.021354667774,4.59697574114486,1.3015399896217,4.69390309085783e-05,0.000388723774236129,"ndufb7"
18.8151907688709,-6.48772434878869,1.81695149215678,4.78217270215898e-05,0.000394964870947543,"B3GALT2"
78.6798656724077,4.07344044480295,1.15991492330903,4.77978356806115e-05,0.000394964870947543,"zgc:153738"
45.2430249087695,3.54443314963191,1.0285888978041,5.02283590538685e-05,0.000413724841735767,"kpna7"
28.9413689759047,3.48069166939571,0.984024021565004,5.02055715459373e-05,0.000413724841735767,"si:dkey-16l2.16"
118.383054559392,4.3562644428734,1.25920470332082,5.08207098226384e-05,0.000418041322734606,"prph2la"
145.616760872274,2.66413145808715,0.750658231994852,5.11009581146742e-05,0.000419782367331283,"abhd16a"
42.7833231478429,-5.94233195254821,2.02348730449487,5.15419629804575e-05,0.000422837551528686,"hdac4"
187.114725923156,5.39841212920457,1.56352424899211,5.18554763525002e-05,0.000424840047225303,"RHBDF2"
27.4166666109635,-8.26450606824545,3.51056712757452,5.2333375403508e-05,0.000428182162392338,"piwil1"
45.5307319952083,3.51406896020995,0.992242342170441,5.29565728565392e-05,0.000432702571271055,"pcnp"
32.9351858099644,5.29740275903772,1.48795439064922,5.3930040320156e-05,0.000440069129012473,"cdc7"
25.5610971500941,9.59920655451132,3.85400365120425,5.47844866648769e-05,0.000446446149652526,"dbx1a"
17.6300523828742,6.85351209143909,2.13329494100504,5.56436668680798e-05,0.000452844735681713,"pou5f3"
38.444921906265,4.65257769090976,1.33249820552495,5.62502501059962e-05,0.000457173347475029,"nudt12"
12.7620714288914,5.72865557035971,1.80830886241163,5.65650163323572e-05,0.000458997799679759,"zc3h12a"
72.1449526144254,-4.9018143637195,1.38285462794879,5.66247285552643e-05,0.000458997799679759,"ecsit"
41.3753647988661,-3.46413547003484,1.05040652358253,5.67785556696766e-05,0.000459635926849763,"tmem59"
576.683793912087,3.67974424140295,1.07348759308984,5.76664711048107e-05,0.000466207137597677,"adamts13"
28.3995054248687,4.77546600737574,1.33808141094954,5.79164227795236e-05,0.000467610168087974,"lclat1"
74.5989703649312,3.76212928466565,1.08139269983341,5.98540850608034e-05,0.000482617919067347,"fermt3b"
67.326613615907,-3.45552117739171,1.08759643991426,6.06353053078638e-05,0.000488273774321219,"zgc:73226"
132.089157106095,5.06064280463732,1.46927398534613,6.0758204997353e-05,0.000488620518506965,"SNX14"
51.2377609477541,-4.05396543671807,1.31833865727752,6.19033506354875e-05,0.000497176516914939,"rorcb"
46.0250016699787,5.27599897145742,1.49526930083246,6.28213123419881e-05,0.000503760988218397,"themis2"
35.8598655335075,4.07234356646863,1.20451192804058,6.28878096403359e-05,0.000503760988218397,"tagln3b"
28.0732715303084,4.67623070036053,1.40878543656477,6.6224146169987e-05,0.000529793169359896,"fth1b"
66.0407613351694,4.04404343237519,1.18168965285875,6.83616678820455e-05,0.000546179383078484,"sulf1"
158.987924090069,5.11451113943879,1.50003296376109,6.94651032181117e-05,0.000554271749276197,"ugdh"
83.3532143361152,-5.44507396479363,2.00155813455607,7.27879056184859e-05,0.000578522055045628,"dip2a"
35.6410017263148,-2.80515251419537,0.854461541741285,7.26637675384933e-05,0.000578522055045628,"mdh2"
23.2859667814464,4.56471583070105,1.31723739331367,7.27137800293369e-05,0.000578522055045628,"alkbh6"
106.936743571621,-4.07854741803001,1.23839441580301,7.36240352108316e-05,0.00058365167809623,"march7"
18.4150202722377,-6.38711208820298,1.91966956747711,7.35763995539948e-05,0.00058365167809623,"atp23"
8.63628989648783,-6.81976337835849,2.97352025581668,7.47728891311023e-05,0.000591247078404281,"os9"
25.7046700891282,-5.46241010764655,1.79564821511595,7.47753657981885e-05,0.000591247078404281,"usp45"
68.204430061285,4.83230004049273,1.41704654577558,7.49769675284428e-05,0.000592076182289122,"MAMDC2"
134.011579280631,3.16264561037023,0.941035480730666,7.81865577256023e-05,0.000616625944949338,"phactr1"
18.4800532461361,7.03939176480859,2.91420234254585,7.85726554973624e-05,0.000618873425539071,"nudt22"
42.8720651209882,3.1608507515116,0.914995938442316,7.96895408606415e-05,0.000626863740446177,"rpe65b"
37.6627875813849,6.5803192781734,1.94414300858798,8.21986195641118e-05,0.000645770926485705,"rpp21"
52.4879458775667,5.16959015156331,1.51135727447603,8.37147705044061e-05,0.000656838968573032,"si:dkey-122a22.2"
265.574498721652,2.4951170529609,0.722484620813423,8.58344742874338e-05,0.000672608172393207,"ndfip1"
33.9837878535684,5.37657211308231,1.57475367038939,8.63118177950861e-05,0.000674989425422242,"smim19"
119.632427075412,3.97064188314874,1.16545675828632,8.6358941193728e-05,0.000674989425422242,"ube2al"
450.732159809256,3.38560278402169,1.00227395733087,8.71732209378921e-05,0.000680484836913137,"psme2"
128.093701163857,-4.75076454957519,1.71831025748056,8.79649232072355e-05,0.00068579022933539,"msh5"
17.0124925512566,-4.80274773154068,1.45209792112702,8.91232196543435e-05,0.000693936519446034,"si:ch211-102c2.7"
36.1281369774262,-3.77240573512168,1.23831337421975,9.0066722938075e-05,0.000700391797180456,"tmtops2b"
3635.09184327507,-7.21615039378337,3.19233627359593,9.03556388327879e-05,0.000701264593250843,"sh3d19"
69.9842644018458,3.65846877257559,1.11021292475766,9.040813138479e-05,0.000701264593250843,"cdt1"
24.6560948477858,-4.1109903534534,1.34753634371582,9.14228951935254e-05,0.000708238124790349,"mdh1aa"
533.174869046783,4.91673654652835,1.49652109778163,9.19825803508027e-05,0.000711673061626944,"CNNM1"
53.3352324808826,5.67993238850567,1.69105340498524,9.23129190356784e-05,0.000713327101639333,"npb"
129.396481111848,5.12740230471328,1.51795702761741,9.33002642115193e-05,0.000720047436285621,"nelfcd"
19.1625784110411,-6.00865688675985,1.75191410083063,9.37616741608692e-05,0.000722697035093853,"magi3b"
26.9415664227316,-5.05741464162269,1.76905483777118,9.60520544548325e-05,0.000739419589010786,"usp53b"
730.73267883688,3.74115524445495,1.13935897093293,9.71399580187646e-05,0.000746854953611607,"pkma"
16416.3090774323,3.73063869924894,1.14484010236545,9.93350987998798e-05,0.000762773907973983,"nudcd2"
104.295029338793,3.15439799034941,0.948985904645423,0.000100052599993621,0.000767320691680403,"iba57"
13.7395596371705,-7.78031334158451,3.50338188728714,0.000100275140778257,0.000768064908088774,"ccdc84"
49.9408160832426,3.13971045130031,0.977444660509504,0.000100978630936913,0.000772486526667385,"entpd5b"
485.0328018275,3.61119935804654,1.09290810423203,0.000102166862548875,0.000780600747564441,"tcp1"
16.5483143271839,-6.01836441689435,1.7694316475358,0.00010257313769079,0.000782727684124234,"myof"
19.5730565782852,-4.61636408466836,1.57808316108885,0.000103353342682537,0.000787699199523193,"prpf4"
12.0342940607672,-6.83453713048358,3.05405816340097,0.000104202353549287,0.000793182094181139,"apbb3"
345.442191283716,-3.59644889304721,1.23475213290489,0.00010475235795295,0.000796378174747891,"nme7"
7.25243378007893,-6.52385967783857,2.91189481870152,0.000104923890923494,0.000796692571280126,"arnt2"
166.665856089054,4.22353623987905,1.27531229849452,0.000106179545985346,0.00080522778368069,"sod3a"
9.47990860155243,-7.10444338907725,3.19077309954979,0.000106771172970303,0.000808712349725565,"vwa5b2"
48.5633872299149,3.99987659797558,1.20453533205496,0.000107220383512505,0.000811110935842435,"man2b2"
18.8877181549294,-4.20318477542363,1.36044491842252,0.000107595454042367,0.000812943430542326,"spg11"
33.1337895583503,-4.52736614235535,1.62066856909971,0.000107935303555987,0.000814505619929273,"flt4"
48.5925937262886,4.44142095277165,1.38772372224353,0.00010820260510706,0.000815517171496557,"c1galt1a"
27.7440614569733,-6.69598936481485,2.22621270830812,0.000108955907052608,0.000820184687776093,"zranb3"
17.0603388905563,-7.83377273994341,3.56572450350718,0.000110699204605334,0.000832283946172783,"rnf151"
35.1975585171668,3.58752603223053,1.06517210560871,0.00011113607825175,0.000834543311534613,"ttc9c"
82.9810331183036,2.75496075306396,0.820555491787918,0.000111395253018733,0.000835464397640496,"ing5a"
110.748756775551,3.55224738630032,1.08847355459154,0.000111854297469171,0.000837880416782532,"bricd5"
221.812509588044,-3.33103722733743,1.07373796923204,0.000112668472186455,0.000842947493619929,"map7d3"
28.4544802804361,-4.21344295939327,1.47690164183718,0.000114541992220042,0.000855918183622293,"ngdn"
86.6605323899011,4.59012079902401,1.41665148058108,0.00011497343066288,0.000858094384947348,"stxbp1a"
51.0363645375383,2.68177405015171,0.808966730352893,0.000115982363649439,0.000864570116363661,"glb1l"
308.934750751734,2.45406788701202,0.729663056188707,0.000116169000717622,0.00086490788855456,"rnf113a"
18.7355736525306,-4.2805197827966,1.3973436759195,0.00011964752620036,0.000889724010141193,"ndufaf5"
15.9288483739419,-3.92888695089401,1.28479437279051,0.000121702135801357,0.000903268926020169,"scap"
723.85544351362,-4.97472707270823,1.99140845813925,0.000121764193458601,0.000903268926020169,"col1a2"
107.841842268764,2.84388041179544,0.852458282449389,0.000121965600728397,0.00090366764704333,"nckap1"
220.087414152186,3.80451370683502,1.18129384419842,0.000124641586320144,0.000922377881837097,"coasy"
26.72180582114,-4.92876275704261,1.76888007693726,0.000125115076360348,0.000924075077327116,"ccdc85cb"
430.312101915848,4.17592450657683,1.29782665757391,0.000125172914886304,0.000924075077327116,"gorasp1a"
58.3171959178394,5.71320870900128,1.83231009981456,0.000126267718841474,0.000931034264228704,"ogfod2"
84.527873879299,4.6848384339315,1.58026715123212,0.000127422971829567,0.000937802415671174,"MCOLN3"
20.6877085791976,-4.21209392270011,1.47754005040235,0.000127492093110852,0.000937802415671174,"gstcd"
450.475263402817,-3.32070679548583,1.13796889301696,0.000127867516002182,0.000939434811444603,"znrf3"
30.6513096679769,-5.02482867829695,1.84540086486652,0.000132080126981383,0.000969221075690722,"KLHL12"
22.7178158501567,-5.17743717656876,1.80445722588069,0.000134846506630065,0.000988336072546106,"faxdc2"
17.3182777415034,-5.35935730557638,1.84009385950226,0.000141306857567401,0.00103444733051734,"sptb"
16.8725420774734,-5.97963925094164,1.89899903156835,0.00014310900049054,0.00104638839068352,"si:ch211-284o19.8"
25.0960391602178,-2.97298854803851,0.965917046882711,0.000146760649106186,0.00107180808177788,"si:ch211-214j8.12"
53.0753909633678,3.72632938815703,1.20800507679281,0.000147139220482527,0.00107329204928851,"TANC2"
48.7384890324613,-2.65383749097732,0.862075673839899,0.00014818449676091,0.00107962990497234,"taldo1"
98.9805807537021,-3.35123188175072,1.15293891648477,0.000149387598005008,0.00108710118881171,"RAB19"
62.2810964210733,-4.48380946710577,1.70082788593052,0.000150309159596482,0.00109250838091504,"vtna"
19.1772419509466,-6.28019372431331,2.87133296358103,0.000152675841039003,0.00110839400611945,"pin1"
363.324233876453,-3.41517798349653,1.19298847549819,0.000153201650824559,0.00111089348702168,"ints14"
132.669126144214,2.10109076467836,0.627300834493404,0.000153822437792564,0.00111407493407159,"aamdc"
131.828906951721,-4.36384738134259,1.66982649345487,0.000157564844615914,0.00113983079083853,"kcnk12l"
78.4410199988817,-3.73805807393442,1.32931523982767,0.000158052885971965,0.00114093947825395,"atg4b"
39.8865160144238,-4.37340147252985,1.61022198245912,0.000158090960385514,0.00114093947825395,"mbpa"
14.5883711361063,4.40610034378431,1.45018030201669,0.000158351299058861,0.00114147226176705,"tdrd9"
452.162337177222,3.59852245889806,1.1284149131596,0.00015859505196761,0.00114188437416679,"acod1"
144.638476014754,3.60548224547263,1.13573324324579,0.000159316936894139,0.0011457340232575,"intu"
13.8313002419982,-4.8104978306784,1.58218146970271,0.000164047881891612,0.00117837210936228,"nt5e"
401.849749742084,-6.06946724282645,2.7886585054877,0.000164878280715258,0.00118294850876598,"btd"
9.5062866756017,-6.67723099946399,3.1213735661925,0.000167306878304084,0.00119896732461475,"mtnr1bb"
108.930382811852,-6.38327983511369,2.98479244009672,0.000172311890426866,0.00123339037358178,"htr2b"
11.2237002529831,6.80181428484448,3.01853052576541,0.000173282677090094,0.00123889016798058,"abcg5"
15.8682502534523,-3.56969333323001,1.166022853091,0.000174275983630763,0.00124453794611467,"YES1"
34.403566813269,-3.0795966977554,1.04943998698078,0.000176768807311391,0.00126086841578755,"abca4a"
672.15978334287,-3.64704390141788,1.2028346171807,0.000177307347750403,0.0012632374484662,"PIP4K2B"
188.235051898392,3.44968636488033,1.10240659398522,0.000178778419992076,0.0012722371283157,"smc4"
7.92010005174911,-6.76065757790787,3.16168399414954,0.000181060465264492,0.00128698031059082,"mdkb"
139.105092583805,-4.41658293581029,1.76394958747881,0.000182546858548092,0.00129604034143193,"soul5"
58.9301257669778,-3.80848784760603,1.41955005576682,0.000183015299004043,0.00129786052132647,"ap1m1"
49.7273788194876,2.89012553687502,0.938660131744056,0.000185155384945781,0.00131151731003261,"cuzd1.1"
64.4141063897619,5.01130666103052,1.69934554473483,0.00018722465979778,0.00132464152365597,"cep135"
462.491192147024,3.83338595518536,1.23543050602131,0.000187894315916406,0.00132784435728453,"tfg"
30.2751536210874,-5.63650727250156,1.77184858793355,0.000190011576115034,0.00133971295601844,"sumo2b"
16.9575266472654,-5.74812397994357,1.81034976116504,0.00018981872894456,0.00133971295601844,"atl1"
430.689102682389,4.58354819824092,1.50351069806803,0.000190977725573533,0.00134497546663984,"guca1c"
29.3677289843408,-3.61707270730764,1.27850513315716,0.000191919346674315,0.00135005333522622,"eif4h"
56.2174309643898,-4.91849484526852,2.04049826869567,0.00019290620489354,0.00135543739833348,"waca"
87.6739660161047,5.35725721916765,1.7038911920729,0.000194726748878044,0.00136666021001563,"sav1"
96.53423719383,4.05919093615655,1.32154655772478,0.000196335320471754,0.00137637131877106,"syngr2b"
18.7828804771539,-3.54398798460674,1.25122872107588,0.000201342596871792,0.00140985891631049,"usp5"
10.6349472751707,-7.2454262297105,3.50854552269943,0.000205929009748307,0.00144032633103959,"gnb1l"
476.568047430221,-4.75425150650944,2.08468344277947,0.000207424152947595,0.00144912764388046,"col1a1b"
29.1939476377113,-3.54403652301338,1.26794354719131,0.000209060343216938,0.00145716892801814,"tpi1b"
34.267887068736,-3.88313877433468,1.4346798598393,0.000208951092996976,0.00145716892801814,"igfbp7"
8.82718707675977,-6.31646763984796,2.99768309091099,0.000209289458779076,0.00145716892801814,"cables2b"
9.3206620008252,-6.70110329831946,3.18312676387654,0.000211585769230102,0.00147148284964571,"kat8"
7.8502198078943,-6.65126708951286,3.17949068232807,0.000215928991990383,0.0014999834630887,"nedd1"
158.577045092478,3.04765559155737,0.962360567716647,0.000218865516206695,0.00151693879862398,"magoh"
44.9932035238258,-4.28148274982111,1.65725619433968,0.000218786882334539,0.00151693879862398,"zgc:77375"
15.5882350150163,4.47962256024134,1.52115388242597,0.000222830581850039,0.00154267325896181,"ABHD5"
162.50560826973,-2.59559071436121,0.847504538408712,0.000226028474703815,0.00156304436744333,"cyfip1"
153.526784415862,3.33419711247407,1.09700602313374,0.000226380574972678,0.00156371232373904,"abtb2b"
12.3736887726092,7.63051502803655,3.39676206959799,0.000227867131542586,0.00157220613871548,"dlgap2a"
204.831660195209,2.71115744302463,0.860865025133029,0.000231159730983426,0.00159258447239645,"gatd1"
36.8309302455149,-5.23132077151661,1.61864060792742,0.000231341110451053,0.00159258447239645,"tmem242"
22.468116402511,5.85653015544221,1.93166113761798,0.000233982991564387,0.0016089616948023,"rfxap"
19.6039666809725,-2.88497114041682,0.989733742700354,0.000234470850566378,0.00161050685237512,"si:dkey-91m11.5"
95.5029662828747,2.74397228127412,0.889618365381695,0.000239950733943734,0.00164629875755118,"loxl2a"
10.3680380447065,-7.02529296887178,3.43417274088991,0.000240730010248953,0.00164979581492004,"pigh"
28.5725907460754,4.5985528370847,1.5150582504004,0.0002457916233355,0.00168260037451148,"SHC3"
1019.2358487722,3.85049446356848,1.2760610780162,0.000253130386696092,0.0017309027559554,"khdc4"
73.5552451621939,3.58717916523027,1.2618691791848,0.000255535416064927,0.00174539815437205,"zfyve19"
68.125045162603,-4.05810294916166,1.64215527922491,0.000256525066429651,0.00175020446661033,"tpgs2"
33.4261714538409,-5.18418441681153,2.1595211302899,0.000257468302713166,0.00175468375568439,"rps6ka1"
629.760399964707,2.91864018091722,0.942629240157147,0.000258295717717214,0.00175836461894255,"prmt7"
10.7937632367569,-6.87410377700444,3.35409043661838,0.00025954280711363,0.00176489108837268,"tmed2"
48.0504323970757,-5.1082096116089,2.28853599460652,0.000262585935151403,0.00178360257838689,"srpx"
82.5396462693467,4.00732976859655,1.34141913933154,0.000264475883067293,0.00179444834187564,"tpte"
10.8574115993844,-6.81367738764611,3.34345665635218,0.000264943791360982,0.00179563234012094,"golga7"
75.485944956865,3.10146052953413,1.00183144821902,0.000269714117956033,0.00182594071005633,"gtf2f1"
257.886301936784,-3.54483049417738,1.39043923847608,0.00027599986963585,0.00186643005764796,"clu"
13.3429589895897,5.70946672971365,1.93778211789324,0.000279710868762953,0.00188943765654445,"mzt2b"
59.6595160704103,-4.2535155773977,1.76379647470002,0.000283025867265912,0.00190552069050317,"ca7"
12.6983163608639,-5.77308377975407,1.9486622280512,0.000282675219019737,0.00190552069050317,"s100b"
8.95382427856806,-6.57163626511134,3.2327655568099,0.000282804842773624,0.00190552069050317,"LAPTM4B"
143.666738075728,2.69240293520995,0.868958551020171,0.000286553501893138,0.00192715102372089,"ddit3"
34.3125675834129,-5.81884285367457,2.83775682385822,0.000287503054040734,0.00193141458916497,"acyp2"
54.175497582875,-4.60353470363492,1.99175756789481,0.000287914419926812,0.00193205729161413,"rprd1b"
12.8183186568109,-7.12170287403345,3.5963318399065,0.00028834603924652,0.00193283434850898,"lurap1"
12.1676701394184,-4.69085972010911,1.67689796460965,0.000289827130322564,0.00194063680259747,"zeb2a"
3311.68995499101,-6.25845828217563,3.06479472670418,0.000294360565197819,0.00196883787870017,"mcee"
12.0437305142789,-4.10818255150816,1.45610227895482,0.000296003242193436,0.00197766358321379,"RSBN1L"
28.0373930818443,-3.29167123191163,1.21505391385977,0.000304076376532951,0.002029386504233,"dcaf8"
33.0202473599028,-3.86052971718,1.51762680283561,0.000305306365745027,0.00203452775646358,"eif5"
79.3890986486203,3.36973851560492,1.11080767159802,0.00030551160264543,0.00203452775646358,"preb"
35.3116747377314,-3.57562177396473,1.33364805086137,0.000306725534756564,0.00203963526010818,"AREL1"
99.244113055558,3.48469439088369,1.21843326293794,0.000306945110222163,0.00203963526010818,"tsr2"
46.6300137188092,-5.99302303431044,2.77102157329364,0.000311673557587772,0.00206880929765419,"lpl"
53.9002200541784,3.84765504230684,1.39544758007848,0.000313432749792872,0.00207823231715317,"ogg1"
31.7906385716806,-6.09858565523568,3.01900058465392,0.000315177074324957,0.00208753646630816,"gpr161"
41.9360377456696,4.23032919963625,1.42115833048604,0.000317481902430497,0.00209599702575474,"rrp9"
12.844793882308,-3.95693579035717,1.3993142471083,0.000317442774394424,0.00209599702575474,"PRKD3"
24.6583421911323,4.64346512455727,1.59876568560969,0.000316945105418905,0.00209599702575474,"st6gal2a"
68.8799424291685,3.12332451049484,1.04949866635305,0.000321321515386149,0.00211905999371038,"h3f3d"
5.88443206880419,-6.09523224058142,3.00667996586683,0.00032212049072792,0.00212204241469846,"znf131"
16.0357330546448,-3.6140311615434,1.34126442628206,0.000322505617863125,0.00212229503367992,"pdpk1b"
8.05020749292011,-5.97283735386664,2.95275034187334,0.000323625716814348,0.00212737850365608,"GTPBP2"
27.7840113317645,4.93494504282315,1.70151616531251,0.000326971059967543,0.00214706318347786,"bnip1b"
183.234085166375,-5.40041802549131,2.63631515605191,0.00033232384536391,0.00217987345512018,"dhrs7b"
36.1358757346383,4.55702966918791,1.56285020001765,0.000335805621278308,0.00219841737720104,"irf10"
162.358784291066,4.20324817690516,1.44081223479474,0.000335869321516826,0.00219841737720104,"srpx2"
20.2722061063547,-4.9478885644349,2.00513870205961,0.000340703511676437,0.00222767680711517,"syt10"
196.374961882771,4.0873326537466,1.39256984251566,0.000342340742933594,0.00223599289941686,"chmp7"
1085.39921197406,3.45676936467742,1.17884231934991,0.000344127157954651,0.00224287348954469,"cog4"
72.7187443384016,-4.29252293760571,1.90123978395185,0.000344088701648766,0.00224287348954469,"nadka"
91.2100362219719,4.14747765931949,1.424630712034,0.000346922929603085,0.00225868971188392,"fhl2b"
31.5461614593943,-2.90589862664261,1.07746168944512,0.00034922171433259,0.00227124005495797,"tbx2b"
26.0757866624365,-4.28738849711174,1.79778690856492,0.000356876073301811,0.00231855792845762,"taok2b"
88.8253715511236,2.56447412779092,0.858185460051408,0.000360431543602836,0.00233917396272466,"tet2"
67.1840242220008,-2.78242274937596,1.02650500122218,0.000372821993161742,0.00241702393871807,"viml"
19.9185351424584,-4.74757189584242,1.96270272878067,0.000380131749328982,0.00246145837699689,"kcnab2a"
21.6715012411972,-4.86839020420302,1.80464025559768,0.000380480330823376,0.00246145837699689,"spcs2"
689.795901014787,3.40029743307822,1.18590862480104,0.000387500590116679,0.00250422767847315,"tmem14ca"
14.7498172537746,-3.38435212434784,1.24754487912334,0.000388706034043284,0.00250936806787436,"bbs2"
12.7744062344146,-3.69792118166699,1.30866893321316,0.000391730971134337,0.00252623134177254,"meaf6"
11.0305713715718,-5.6222013796715,1.99368568859399,0.000395018510096312,0.00254475082293624,"esyt1a"
279.103920598502,2.99558113483913,1.03240726814286,0.000399161486304268,0.0025687363787404,"tmem258"
21.092396709907,-2.79627762782663,1.00309407982443,0.000400254002632696,0.0025730614454959,"si:ch1073-174d20.2"
8.22123102666403,-6.49500239676733,3.37838823603235,0.000411020690488469,0.00263950327994694,"adss1"
32.8046816608982,3.97924276433088,1.45258676307377,0.000419041096834153,0.00268818816837004,"timm13"
25.8609745563895,4.05250193533648,1.49390594531466,0.000419683564262108,0.00268949048511424,"ccnyl1"
120.528788161699,2.70405018824954,0.925691049588212,0.000420376566814079,0.00269111358671774,"angptl3"
11.7814324654748,-4.2379747196382,1.68712203740363,0.000422737509056871,0.00270057782403763,"c2cd3"
106.995582398333,-5.44425226490867,2.75080738882955,0.000422343466205593,0.00270057782403763,"capn3b"
22.2088091831529,-3.76956876374744,1.55207257084993,0.000429272399169175,0.00273946515423916,"slc25a39"
37.6777711302928,3.44759495515165,1.20773940198832,0.000431148204439701,0.00274856980330309,"cmtm4"
11.4683573273568,-5.84784667400159,2.98839213818129,0.000431707145491308,0.0027492692303921,"hdhd2"
35.1633448870037,4.66398111423348,1.60715330133313,0.000437655436428587,0.00278425288039808,"fen1"
28.9420651847651,4.13270689491188,1.52512590185562,0.000447338262882513,0.0028428973715898,"AANAT"
9.5613297904598,-6.81434796862334,3.66055230307139,0.000448157780153478,0.00284515105242664,"cat"
32.0279362748664,3.87857744804883,1.35260100841504,0.000448659686727371,0.00284538578525545,"mtmr11"
18.0216516720194,-3.62246024384032,1.48503072155871,0.000451641979078734,0.00286133427739322,"cdh2"
221.096267567976,3.2547373500828,1.14335777029661,0.000455132759257258,0.00288046792828792,"gnat2"
15.2127759436815,-3.5960084257693,1.33622222207891,0.000457958397058127,0.00289535680784683,"relch"
337.425387646976,-2.52406817172198,0.90840022939244,0.000466399572523257,0.00294568151067321,"rbm25b"
15.6476820959339,-2.89461001993637,1.07059202592008,0.000469500709087512,0.0029622106593975,"mdc1"
24.818937267902,-3.32145867749082,1.33550591457612,0.000480631389895919,0.00302931421849951,"si:ch211-269e2.1"
23.6858281029413,-2.89090208255456,1.11358650512269,0.000482868438488315,0.00304028276085235,"tacc1"
155.875044910331,-4.11525334962527,1.98085198984244,0.000488523560399976,0.0030727278413647,"rpe65a"
20.258571460164,-3.20655697644435,1.23995942598833,0.000494108870417814,0.00310466764574643,"pleca"
14.1230054163722,-3.89116645586165,1.55028219636264,0.00049503922235528,0.00310732311878391,"phactr3b"
17.6602338244397,-4.20923951589984,1.77664381330093,0.000506614338036309,0.00317672105408014,"kcnh6a"
11.2290781971632,-5.38997518153311,2.0223218517812,0.000514762994009306,0.00322451332992523,"cngb1b"
20.7548975860494,7.38328464398347,3.53949583806764,0.000518688929864216,0.00324296197592329,"smyd1b"
14.7014676825499,-4.57577087052104,1.73508737446949,0.000518767936998186,0.00324296197592329,"ddx6"
27.9683304893904,-5.66184136820127,2.97003461104554,0.000519633551385215,0.00324505850456889,"manba"
12.7501757946762,-4.55777358202602,1.77925412806054,0.000520484300547777,0.00324705802176595,"ankhd1"
30.526332781224,3.74392936005867,1.3345276201309,0.00053123150905317,0.00331072997495458,"slc6a15"
14.5150771202738,4.70011002601934,1.66483621570455,0.000538503376640549,0.00335263546799609,"UBA6"
32.7426627418733,2.65276289929411,0.936196708149594,0.000540578703716254,0.00336213584018646,"gstt2"
15.8498665437405,4.41911926421248,1.58863984962503,0.000544965331992613,0.00338597749420791,"nbn"
44.7910244119945,-3.2055744470689,1.27202077802913,0.000558918746711926,0.00346915084166023,"bdh1"
17.3096146851926,-3.00313785592246,1.16867689797292,0.000559578146152835,0.00346972467523338,"oaz1b"
52.4980819805617,4.87256690390903,2.11388069086914,0.000561231103545858,0.00347645177500066,"tlr22"
45.9262538969796,4.44668553807908,1.59657398146823,0.000562232840941566,0.00347913547680726,"tepsin"
33.4974263392023,3.52667078854474,1.23193462643688,0.00056684683789273,0.00350405450574696,"zc3h7a"
61.1892454664479,-2.42559241302032,0.908424770224035,0.000567404904443666,0.00350405450574696,"rbp3"
38.2617956724251,3.28576133387328,1.222651834375,0.000571162363862743,0.00352370329318547,"june"
55.7287130077286,3.72101319852789,1.34998640367244,0.000573948089615831,0.00353732357346313,"hmgcl"
15.7323695835317,4.2200982519156,1.4919231058387,0.000580281329794886,0.00357275828807314,"prf1.5"
30.7036499357521,-4.15088527300197,1.99000840115401,0.000581689055111037,0.00357782614801964,"pi4kab"
9.8681613789134,-6.50759878331973,3.61721530241997,0.000586561488330059,0.00360417300058229,"dnajc17"
277.661446468591,-3.62931439492082,1.58285952619891,0.000602019844927292,0.00369544779433804,"dgke"
70.273679348243,4.10350383042731,1.49381932751039,0.000611279716246767,0.00374852892127276,"lgals3a"
28.3136183726415,-2.93443780812216,1.16620994431466,0.000613930371446565,0.00376101488814112,"ivns1abpa"
26.4904725700503,3.1893683909979,1.12458690068379,0.000616690953253383,0.0037741486339107,"plekhb2"
37.5837078373147,4.21529570429884,1.59437874997629,0.000623232216258761,0.00381037079271091,"kcnc1b"
27.2664493224616,-6.26422149530061,2.99816127797817,0.000641418465827753,0.00391373979149138,"gsg1l2b"
122.263254171367,-5.32002371212597,2.83799562604276,0.00064108467438078,0.00391373979149138,"myot"
70.7140372585107,3.18792302125643,1.15607797437118,0.000646769066280825,0.00394245685820583,"wfs1b"
48.4562830916169,-2.9834182128322,1.23676999294809,0.000648684906898772,0.00394823979421232,"sod1"
25.5137643050972,2.95308053333363,1.02692340447636,0.000649008044604183,0.00394823979421232,"AK6"
21.102128126646,-3.81880351985843,1.72897939023175,0.000652271421828103,0.0039641520373267,"rhag"
16.7864588405009,-5.52513938309389,2.20172382789729,0.000667216992240291,0.00405096031003034,"ldhd"
790.381393309644,2.54734495109648,0.900400040700666,0.000670555275576933,0.00406719354462917,"hypk"
112.660566826083,3.55468006687054,1.29159498331806,0.000673646318908817,0.00408189650665541,"eif2b5"
20.0839547947209,-3.60054808485333,1.56298659731817,0.00067751448620822,0.00410127463461356,"abcc1"
5.97286598259781,-5.86911018109484,3.23665363551224,0.000680208386218504,0.00411351316566922,"sorcs2"
98.9221935827401,3.58274095564526,1.2878009736189,0.000686656450958326,0.00414840817360805,"coa3a"
63.4340432617175,4.22131714841298,1.63535110322964,0.000690006046267996,0.00416043054498535,"nudt1"
64.6682221814323,4.41893783899161,1.63179519688681,0.000689914232779114,0.00416043054498535,"atf6"
14.6505287850564,-3.50267673735965,1.44057689381625,0.000692440370798087,0.00417099908394123,"esf1"
47.785597599985,2.9584056326632,1.1213327141261,0.000713985650008296,0.00429655081420922,"col10a1b"
5.5619840476627,-5.89240508462019,3.28075303450657,0.000721416648271261,0.00433700381868381,"dpm1"
39.0857749794999,-3.37106976202839,1.40463120636732,0.000724575722957694,0.00435172073061932,"hgs"
14.8008144354313,-3.13238667302756,1.29979806040827,0.000725707693996045,0.00435424616397627,"galnt16"
92.5127381823959,-2.92068978595175,1.22419281744233,0.000728745072700583,0.00436818789904757,"eef1b2"
42.684994990575,3.93607075104093,1.46358422830716,0.000729820703737729,0.0043685876264094,"hvcn1"
79.8170214777606,2.90684346228179,1.04389528089802,0.000730239402257649,0.0043685876264094,"pdia6"
156.437724173949,-3.97714069587898,2.1780621979108,0.000746370371874295,0.00446072917565497,"fabp11b"
13.7329980093266,-5.52788666170378,3.02951134756863,0.000752559373063182,0.004493330110387,"si:ch211-107o10.3"
7.43379772867526,-6.1186349955811,3.48187839051059,0.000757126173684093,0.00451619121144898,"ndufb10"
19.5512009010056,4.42399138740961,1.69525967034888,0.000765669555323554,0.00456270465295049,"mettl13"
65.9360155459047,-2.23075463430816,0.843192656352265,0.000769210171802753,0.00457934460256114,"ywhabb"
13.3272298137634,-5.41347092906589,2.19640216667206,0.000772371576585291,0.00459369684033234,"csad"
20.7051977650973,3.77191143115399,1.48151054133338,0.000775176186463691,0.00460590122442504,"asb3"
84.8592762865505,2.61497426433688,0.943395308366625,0.000784923023954185,0.00465477607228645,"snx3"
6.49398452354708,-6.01458048388652,3.42022191924336,0.000784762820001379,0.00465477607228645,"atp2b4"
84.6430408445564,3.57071724533359,1.37415284056643,0.000791935205630107,0.00469181360934778,"slc16a1b"
15.6263443588878,-4.7048015504017,2.30520115927132,0.000795138313851706,0.00470623450751687,"glod4"
9.0863728372281,-4.16638105083587,1.64538024253148,0.00079936003889143,0.00472665066474933,"psat1"
47.6289383335016,-4.84063888228482,2.82052944233321,0.000801472749838905,0.00473153192937281,"adam22"
32.2194316075915,3.55313460937956,1.35479993241792,0.000801731799143727,0.00473153192937281,"tmem120b"
30.1218475947132,4.11230861409291,1.53649717935591,0.000806105447510137,0.00475276044196728,"trnt1"
51.7558958799121,1.98036434143073,0.683785354321612,0.000807965801238598,0.0047591440842928,"gyg1a"
13.1272927162284,-5.25977847129787,2.21794146369096,0.000808977155057312,0.00476051941245265,"nkx6.2"
31.4240497210132,3.18737011766142,1.18870392142877,0.000814955559807121,0.00479109320462976,"tox4a"
10.1341671891609,5.75732536756735,2.93038653531012,0.000819582091683361,0.0048136683311921,"fbxw10"
79.8429969891854,3.64010140723886,1.36433276661338,0.000825219509669882,0.00484213173459221,"zgc:112356"
97.6903324125563,2.97812685093616,1.11915310902894,0.000826747112549468,0.00484644859080722,"cxcr5"
20.8877565039233,-3.89295696118917,1.73321516296538,0.000834179795290862,0.0048853400451484,"galns"
12.3394182235117,-4.89844280013953,2.67515389519177,0.000843173940456678,0.00492387835457526,"si:ch211-129c21.1"
21.9266491360801,-3.06050438866327,1.31837851769183,0.000842738171756433,0.00492387835457526,"tmod4"
219.171115476359,3.65593467977483,1.44574219359621,0.000842091363498397,0.00492387835457526,"mycbp"
25.4336199379663,-3.3653316630918,1.50816078437509,0.000845938255568033,0.00493531184373342,"irf2bp1"
14.0892213636059,-3.42160840652916,1.49726499789025,0.000848416179887573,0.00494034921114362,"scrib"
11.1099625973678,-3.43680279899591,1.39592212143182,0.000847811397408173,0.00494034921114362,"ece2b"
23.0871343453628,4.48247370444079,1.67386215815067,0.000870047419107724,0.00506149259024646,"rdh14b"
118.097341199182,-3.07010983666307,1.38395630266853,0.000876179705175861,0.00509232649162039,"ddx21"
18.80008123585,-2.79033003078252,1.15746385285347,0.000881097056517514,0.0051160474249404,"hagh"
19.8500354740834,-3.27702198520854,1.46303642364299,0.000887543348219715,0.00514859269299019,"hmox2b"
10.6563961164983,-4.98524883296346,1.93826228099072,0.000890823234972381,0.00515439878338383,"sugct"
45.9390206833718,3.28182765961899,1.25696627864233,0.00089097892089361,0.00515439878338383,"shq1"
11.2721908238535,-3.70668241847201,1.64683097031532,0.000891913122811025,0.00515439878338383,"selenot2"
62.4821479145507,2.84600588573035,1.04454689435631,0.000891783143863959,0.00515439878338383,"nid2a"
10.6922675255887,-6.21585730945945,3.74701355456744,0.000900843028095839,0.00520109370938352,"si:ch211-191j22.3"
142.786148753718,-3.85057338868668,2.17939646423816,0.000903734820301118,0.00521287191351823,"bhmt"
73.7593375498658,-2.56499983325775,1.05182666571213,0.00091444224604407,0.00526966718059294,"atp5f1b"
22.9511940712346,-3.69080407874659,1.8350049811791,0.00092041890701657,0.00529465336421955,"tfr1a"
9.40051477166368,-6.08132801254633,3.62648396737505,0.000920508362668235,0.00529465336421955,"cd59"
289.645909315381,-3.43759322905173,1.71260955180003,0.000924814726177557,0.00531442828564004,"rmnd1"
58.5855057711042,3.20244191408713,1.1828095755069,0.000927933724767333,0.00532734933918957,"cnot8"
18.9206460736784,3.69261317313345,1.41990281899959,0.000930626318192761,0.00533780043799409,"chrac1"
703.722754438739,3.30833778703144,1.27293714114735,0.000939794690415682,0.00538534036080897,"eif2s1b"
693.099131679585,3.98335000453051,1.62989869751744,0.000942272273280865,0.00539448672823096,"serping1"
21.439630668219,-3.49154924951055,1.63490087149684,0.000963911675802504,0.00551321444477694,"afdna"
16.1490281311272,-3.53793189192037,1.61881170407337,0.000968541154963048,0.00553452088550313,"rgl2"
9.9715061050559,-5.10004715616325,2.87778015449191,0.000976086535113686,0.0055717154803843,"fam160a2"
13.7970242087591,-4.72016308283745,2.27523697429261,0.000976871031119665,0.0055717154803843,"cog2"
132.312343323349,2.69499895928006,0.998290475475396,0.000980241116644136,0.00558573150266491,"WDR33"
17.8387375408735,4.98743720774511,1.919840215593,0.000997051203173984,0.00567197711007669,"opn3"
61.1000002972067,3.14726850701604,1.19401981402703,0.000997229962490608,0.00567197711007669,"ssr3"
13.2646060731853,-3.38841107464231,1.52081816172098,0.00101071128570096,0.00574331761233975,"kpnb1"
90.3039567058176,-5.24679863472079,2.96806316071935,0.00101222602896919,0.00574658932958392,"rab34b"
776.077310087204,2.62077698995732,0.988078699982554,0.00103739187519702,0.00588400210955123,"fhl1a"
13.0946368756117,-3.6179130322948,1.66362546356947,0.00104696370245241,0.00593279431389698,"gcn1"
9.53419276321685,-3.45799534288952,1.41853162526576,0.0010517372153401,0.00594081127088955,"strn3"
231.552266146357,2.98844645392464,1.16591334378087,0.00105089824981056,0.00594081127088955,"chfr"
20.6316048465976,-4.00457933824014,1.68168230774848,0.00105226134275233,0.00594081127088955,"RAP1GDS1"
8.68796182325489,-4.91325259584214,2.0610475566168,0.00105106256877453,0.00594081127088955,"katna1"
49.2460001922411,3.76106980134379,1.47970049859864,0.00105618593908796,0.00595747276241318,"eif4eb"
7.63810810303096,-5.55732573444587,3.34410769085101,0.00106380275955582,0.00598389052250147,"iah1"
36.0474013221873,3.21521771039416,1.23230360703575,0.00106277011845776,0.00598389052250147,"cep104"
4.60269315077741,-5.40706539770651,3.1413195269352,0.00106332791536058,0.00598389052250147,"dcaf6"
20.5409722517233,-4.73008328508747,1.84429565596535,0.00107113312623405,0.00601959112263765,"SAT1"
27.0145020527861,-3.60838754357084,1.8351439776658,0.00108345380100637,0.00608324519464128,"lamtor3"
21.8213367904766,-3.68502186449873,1.93038808645644,0.00109232292151058,0.0061274209712601,"zgc:194275"
12.0521756335743,-3.74055153699157,1.77526251593377,0.00109493494288567,0.00613644858100759,"cenpv"
25.1089263509918,-2.54157009347617,1.05350569315607,0.00109672083528084,0.00614083395418001,"pik3r1"
1816.34182691193,-0.121052030739617,1.03095659302638,0.0011105536693635,0.0062126037079567,"rgs14a"
11.6563581623554,-3.96257337731234,1.8160893835169,0.00111783518916777,0.00624762681069108,"ccdc9"
8.99590929363245,-6.20408043784966,4.19384002081436,0.00112089364966027,0.00625900468605917,"mdga1"
10.245694361051,-3.93435204062319,1.73404139270302,0.00112193707597445,0.00625912024153477,"shank1"
32.9250395574365,-2.21532005047236,0.874873944958416,0.00112649507871595,0.00627882502890856,"yy1b"
80.7410331506807,2.37912989075859,0.888460121382434,0.00113165508706617,0.00630184634471787,"fbxo3"
11.1638639168054,4.4098155399853,1.75985022907369,0.00115443877836317,0.00642287756689327,"ppcdc"
67.1239833677289,-3.13246365615799,1.53440677393476,0.00117049630323581,0.00650630097711459,"pdia3"
185.217702094349,-2.50024644827532,1.05569885648547,0.00118947050363493,0.00660577085503246,"ilf2"
22.0390518648785,-2.25150924387197,0.897552041402676,0.00119204160609225,0.00661404771467325,"akap8l"
14.1301321773213,4.25611698395406,1.64739930794907,0.00120111471853122,0.00665835333098827,"armc9"
3209.5175441249,-3.72572753888771,1.59117618726124,0.00120645770401926,0.00668191959149127,"pcyt1aa"
32.9077003792257,-3.00684704854816,1.42749297764691,0.00120899208030228,0.00668990192716992,"ptpn1"
158.586116335889,2.83594294681677,1.10202555442774,0.00122063757333253,0.00674824024281399,"qrich1"
14.1177402134656,-3.16426860264919,1.3962863539714,0.00122961121540817,0.00678966324203248,"ndufb5"
30.3231513728623,3.24727984284513,1.28482972289063,0.00123034910709379,0.00678966324203248,"fam78ab"
7.16573730257269,-4.60497821545463,1.88067291436711,0.00124018399214286,0.00683777119992282,"C12orf65"
42.8148737668635,-2.39361790725668,0.997735200551811,0.00125520121250824,0.00691433971246666,"vcp"
10.3468485638776,-3.28764047125159,1.49485594036479,0.00126406871226846,0.0069569249272329,"zmynd8"
341.615355212529,2.09444904742288,0.776563379497424,0.00127671052215339,0.00702018723771677,"gmcl1"
23.080999421315,3.97234699927621,1.59611101551827,0.00127890974197294,0.00702596734369334,"unc13d"
34.4532616221139,3.40834225987602,1.372778079673,0.00128009836584931,0.0070261901336303,"slc25a18"
10.5158268766824,4.24809348789889,1.68411264227866,0.0012878087228829,0.00706217686742233,"pstpip2"
9.942781846035,-4.88355123502501,2.22857363633379,0.00129346396646746,0.0070805004246698,"ube2s"
16.106385927879,3.95071610842821,1.55541379798586,0.00129243357457688,0.0070805004246698,"ddb2"
7.74402734444775,-4.57815098401353,1.85467245678086,0.0012967513046944,0.00709215190771201,"ncbp3"
263.886477722516,2.15691924073434,0.804115085886732,0.00130583327762681,0.00712462955360986,"hexdc"
9.25336209359668,-4.06204713887209,1.83616451454964,0.00130618208482847,0.00712462955360986,"trappc11"
40.9640160560574,-2.5895724263013,1.09971786299471,0.00130520477215343,0.00712462955360986,"si:ch211-197h24.6"
14.5608334918599,-4.05885065638024,2.24947380461453,0.00132746265938215,0.00723425776974067,"lratb.2"
17.4890528758983,-2.56355562189216,1.0938044129937,0.00133045840040873,0.00724077193728111,"mprip"
18.9497247442889,-2.87797554132621,1.3140746315497,0.00133102425317667,0.00724077193728111,"chd2"
30.0895522863509,-3.10119838701357,1.51654196106574,0.0013490486176642,0.00733230687398304,"spcs3"
13.7323028774934,-3.69443020380374,1.92371556185568,0.00136675340194681,0.00741536420205182,"clic2"
18.9665908940992,-3.6486902486359,1.94295932225397,0.00136648246603919,0.00741536420205182,"hpcal4"
77.186269430837,3.41152104997881,1.35853333454021,0.00137432496195443,0.00744582830101937,"trir"
25.9184548477863,2.95087177779116,1.15944637431248,0.00137601826935505,0.00744582830101937,"atad1b"
5.56483188564038,-5.18780603557324,3.17675386841945,0.00137514448890463,0.00744582830101937,"fam120b"
7.78877313693651,-3.84862130952399,1.76685066895186,0.00137905022254155,0.00744906210234268,"FYN"
14.6744465116608,-2.94329556537865,1.33458504356432,0.00137850526740711,0.00744906210234268,"bco2a"
23.2830557086359,3.46773138322141,1.44208721249838,0.00138368438793172,0.00746750304598073,"abraxas2"
26.7295515227542,-3.76542910789474,2.23261740235573,0.00138652900608672,0.0074762621297363,"xbp1"
8.36247718475588,-3.30762539586934,1.44524873049654,0.0014663458379104,0.00789968004226379,"arfgef1"
12.1797432197492,-3.14121153141763,1.49540347926586,0.00146809823297285,0.00790216463130503,"cox5ab"
33.0948180652766,-3.32836666609464,1.80430914567588,0.00147064051525678,0.007908892753402,"slc4a1a"
37.4723558446883,-3.0285112581542,1.54481580767163,0.00148695582157336,0.00798961336964789,"herc2"
390.789680050507,2.81851436199927,1.12126831388302,0.00150235046166781,0.00806524984684826,"ubap2a"
26.7732785611925,-2.8414741645173,1.35642069718507,0.00150943532963387,0.00809618248673031,"acbd7"
13.9341737018988,-3.99266852451334,2.29471987431345,0.00152445676620194,0.0081695931778948,"usf1"
301.324212577869,2.2310161857391,0.855509635499288,0.00154262369995866,0.00825971744859757,"naa20"
13.1180777534055,-4.80310327936718,2.1422483896935,0.0015443474082935,0.00826171865275893,"abca12"
10.4370800574876,-4.12417820427576,2.0604070349636,0.00155291381194483,0.00830029041843003,"sugt1"
31.8795864141587,2.60430251316873,1.04624950609493,0.0015856052997442,0.00846248093251682,"fam199x"
12.6262672972494,-3.07960920371957,1.4379493645629,0.00158602379568575,0.00846248093251682,"grb10b"
19.0732604791793,-3.53798946411359,1.92132610121046,0.00158909826525866,0.00847149946287716,"chac1"
59.2128995753237,2.93076034118597,1.21761260723182,0.00159172568247292,0.00847812112857641,"tubgcp4"
15.824520230324,-2.71449778408535,1.22693206181942,0.00159632804712971,0.00849524143342071,"DOCK2"
44.950155429118,-3.83126997655146,3.48644590141194,0.00160137149219751,0.00851154773790844,"cdk5rap3"
19.6593184834665,-2.58137084061581,1.1611548234711,0.00160217369184159,0.00851154773790844,"per1b"
14.0127739703194,4.79834200342795,2.6401093876993,0.00160372491448335,0.00851239937262631,"hspa5"
7.24814193798391,-5.33513882326953,3.52048804641982,0.00161047439329119,0.00854081740636231,"aspa"
103.388488070843,-2.86886365329197,1.46103043208396,0.00161786757482155,0.00857259701983365,"metap2b"
106.880951781861,-2.35232656210899,1.03686539434026,0.00163318284293195,0.00863878910868068,"pigb"
16.9740685166647,3.68496367828913,1.52121131163418,0.00163220488750347,0.00863878910868068,"CTSZ"
24.2869979127211,-4.45357643260387,1.80461478457959,0.00165349693447424,0.00873114860999338,"atxn7"
20.1733489930336,-3.59246836835571,2.10118240403273,0.00165247224160991,0.00873114860999338,"zgc:86839"
7.68088656607004,-5.69652631581132,4.68486272311004,0.00166961341267737,0.00880865007378059,"ccdc58"
19.0539840891807,-4.60407376122873,3.18215485422109,0.00168141959259173,0.00886329707722772,"arhgap11a"
10.4886477588069,-4.89130254315892,2.34721532946698,0.00168953963502969,0.00889843594352988,"tsen34"
146.064737766078,-3.03370541660109,1.30959916568925,0.00173208966312992,0.00911469367012476,"DYNC1I2"
36.9674458962471,3.16655962638311,1.31917058558266,0.00175162127518379,0.00920164996062212,"mrpl45"
21.5223942198308,-3.50359652316717,2.11487503419984,0.00175084097577157,0.00920164996062212,"col11a1a"
77.7860592243268,-2.22852928178309,0.963796608403058,0.00175383997146283,0.00920540362380149,"gpx4b"
19.1889843670603,-2.77938684855718,1.31960039327139,0.001763092403523,0.00924603728325687,"sesn1"
28.5755945087295,4.34116510350276,2.09311341179513,0.00179462947268253,0.00940336675754887,"YBX2"
62.2369819883805,2.42013981649326,0.961306111478277,0.0018028978263553,0.00943860966406711,"notch3"
17.5836981436804,-2.88013501474417,1.42289913666716,0.00180730605166506,0.00944552778496174,"ppp4cb"
57.1239206554481,2.33846245068426,0.933797731000624,0.00180695990531144,0.00944552778496174,"csnk2a4"
71.0716052485385,-4.66618855664947,2.87529075855401,0.00181672449805423,0.00948665010929343,"vdac3"
63.4945543709016,3.33829969308398,1.39647097035361,0.00184066555858156,0.00960347247955599,"sh2d1ab"
8.62398435102153,-5.45533215796765,4.16846015260307,0.00185408275997293,0.00966523551195428,"cpt1cb"
25.5718510607198,-3.3030839678849,1.98209470915509,0.00186347001732794,0.00970590340940171,"zgc:162297"
38.6305183079654,2.53926655266353,1.02704905809067,0.00186824936366084,0.00972252219864315,"ssna1"
309.195274423402,2.85171131507167,1.19073881697804,0.00186992577524868,0.0097229785424995,"rcl1"
24.4935482596308,3.14733397061977,1.31394599329165,0.00187459842476817,0.00973900030524722,"git2a"
22.4267898501854,-3.80738211431948,2.59252398869861,0.00188450959621327,0.00978218721698492,"nln"
10.3413200771444,-0.711772233663777,1.44289618949559,0.00190094438898738,0.00985913530559557,"parietopsin"
23.4472212510966,3.30375057207297,1.39768454360568,0.00190814537608889,0.00988810304967314,"pard3ab"
19.0863911095943,-2.81187809682034,1.41465731986206,0.0019258948636722,0.00997163838043474,"lim2.3"
20.3165577649169,3.39669827176401,1.4465571469672,0.00195873557597888,0.0101245453758368,"INPP5A"
15.0080485598049,-2.41220963281547,1.05484957662165,0.00195710359776762,0.0101245453758368,"scaf1"
10.8423964357297,-3.29115858922097,1.74738111755103,0.00196194016337129,0.0101325517298163,"mlf2"
82.2572656667192,-3.39735935490059,1.49458792032542,0.00197807539332127,0.0102072693146089,"snf8"
294.965164419246,-3.36676842956333,2.71639260706341,0.00198164032046168,0.010217050346441,"rpl18a"
10.2234839697848,-3.83280414564678,1.90404395064122,0.00202198571166453,0.0104102676698822,"gpc1b"
16.6090891797854,4.15677788219123,1.93259290699989,0.00202251768945915,0.0104102676698822,"RAB39B"
25.3660633084516,-2.25465718779421,0.997685880924405,0.00204159331258057,0.0104996227504144,"TSC22D3"
37.7292515888684,2.83912457799978,1.23496441289438,0.00206930920315768,0.0106332261320949,"cdc42se2"
59.4460828275388,2.9202127568824,1.21985564854644,0.00208384615456356,0.0106899735674174,"fmnl2a"
12.8461585045988,-3.2924563765725,1.73089122893495,0.00208256998345712,0.0106899735674174,"arcn1b"
55.9404473948702,2.71757715042968,1.15478958550857,0.00210292095529922,0.0107787908261568,"sema3ga"
16.1968787478818,-4.18936463921709,2.69734566095666,0.00211152635618642,0.0108138420919338,"vapal"
32.4265110480014,3.17373454420213,1.33523235344259,0.0021189454088879,0.0108337058499532,"atf1"
135.445992661536,2.97679608408209,1.28252309169763,0.00211789184639636,0.0108337058499532,"txndc5"
36.7116990250543,3.41954202800446,1.50773922867878,0.00212698148324877,0.0108657150897182,"qrsl1"
44.896977319504,3.06305340232555,1.28054073109978,0.00216149163298635,0.0110328013293382,"stk38a"
203.764690493739,-1.93109608475384,0.818218213058509,0.00216622228145616,0.0110477336354264,"marcksl1a"
28.9400613820608,2.40023164514439,0.975978731132321,0.00219089742704152,0.0111642733168144,"golgb1"
8.14280416115515,-3.8364070194814,1.92099044800245,0.00222638636305196,0.0113315203204425,"irf2bp2b"
8.19386320303848,5.49935020333628,3.22235777760759,0.00222927295193018,0.0113315203204425,"p2rx3a"
45.9989930711969,-2.96116330169855,1.72106542808013,0.0022280864763138,0.0113315203204425,"serp1"
18.5941372154273,-2.76749126854015,1.39925448923302,0.00223465299447335,0.0113494409345866,"psmc4"
11.1177179843479,-4.03510534698978,2.59754195776479,0.00226499321512114,0.0114939954200177,"arl6ip5a"
21.8582950903069,-4.88334193374272,3.49309707579376,0.00229746193288028,0.0116394594612809,"opn1sw2"
23.4598465856718,-2.84658628344456,1.51522776502691,0.00229568060076963,0.0116394594612809,"tax1bp1a"
49.1780164624812,-2.97892966712543,1.53562397014319,0.00230660710365443,0.0116761252889703,"adamtsl5"
433.887461376405,-0.142647796886761,1.03518024450028,0.00234531830560558,0.0118569508427556,"hs3st1l2"
25.92880483582,3.33242869615241,1.42671785431576,0.00234620383506161,0.0118569508427556,"zdhhc6"
16.554878719664,3.06097801374645,1.30104255475406,0.00235919720686287,0.0119127779752482,"SLC25A29"
4.82081195910695,-4.72490708171403,3.39121694433865,0.00239380200404592,0.0120775500946093,"kin"
16.3042556058923,-4.71783839811913,2.65516581733396,0.00240850476208475,0.0121417208764075,"tspan10"
28.2783684112773,-3.42554923903969,2.86971577327741,0.0024157503511482,0.0121682239909687,"stk11"
433.847095633439,0.38041988308097,1.12531294677455,0.00241837378861004,0.0121714207124124,"stom"
30.9936751543011,-4.39025903903815,2.86438692561424,0.0024309109354995,0.0122244658383377,"itih6"
139.759603249768,-2.7226219592565,1.5230452159359,0.00245465466261674,0.0123337327875324,"alas2"
6.73402251980988,-4.37565027874458,2.10034185376728,0.00249156131664687,0.0125089050515823,"polr3e"
37.1754334987163,2.74422407295668,1.19486725773309,0.00254511787792743,0.0127673126335376,"C12orf57"
8.62536835286233,-3.29522697513908,1.78540225883819,0.00258486819658032,0.0129560961204517,"elmsan1a"
8.45057787231585,-0.669819671616297,1.38645305338162,0.00260343832594387,0.0130384963623376,"nfkbiaa"
8.83979767597906,-3.6785553679508,1.88648414606985,0.00261448119258899,0.0130830947658582,"trpv1"
21.768243969726,-2.65683179977251,1.38768768346385,0.00262496488512756,0.0131248244256378,"dlst"
10.5279085776155,3.53669841642131,1.64186496967118,0.00263525101957202,0.0131547603913383,"vti1a"
788.752614133161,2.42836423489505,1.03052713026561,0.0026332713059573,0.0131547603913383,"prdx2"
10.8038115943511,-3.63165742222331,2.35837644178401,0.00266072880369215,0.0132711167714719,"pex3"
141.539451783176,3.21436816539785,1.4550528501974,0.00267316479653193,0.0133222870967226,"smarcad1a"
132.146587072943,2.91739537960139,1.25600861195855,0.0026988097391376,0.0134391502062832,"slc33a1"
9.02775195584049,-3.71500853659436,1.93678581099829,0.00270376528770198,0.0134528809436879,"FUCA1"
9.62995653680393,-3.05394070950193,1.65762841358413,0.00271898261080294,0.0135176064810024,"mtor"
57.9233206889691,-2.97524439934142,1.94711943400408,0.00272159640023432,0.0135196184816835,"rgrb"
10.4091362047115,-4.43664619082904,3.15397445338025,0.00273780487866156,0.0135891045072253,"pbk"
6.30794660560826,-4.59687278143385,3.31608429381304,0.00274234278522462,0.0136005979299633,"zgc:153018"
11.8762402884843,-2.69394728313648,1.36635323120591,0.00275899674253444,0.0136721134123974,"nrbp1"
17.6900333800288,3.21155310670545,1.5435519605025,0.00277811421040716,0.0137557111389092,"nme6"
45.2972651906843,3.48038372682893,1.70946752604574,0.0027999057315255,0.0138524034575069,"mat1a"
17.6635774012215,-2.67242356146063,1.38407840926943,0.00280318846337753,0.0138574421614463,"mre11a"
36.9759294182144,2.86784581330779,1.32513883777524,0.00280590369226486,0.0138596695695407,"entpd5a"
50.8463445701362,-3.16786869074004,2.73690674371466,0.00281882731461121,0.0139010662090416,"tfa"
14.7678216470913,-3.17052657015091,2.00337445857245,0.00281805014822904,0.0139010662090416,"mrpl4"
25.6631267444848,2.36768902535183,1.01113083122359,0.0028221142809936,0.0139060703701134,"ttc5"
21.1208674209522,-2.80772892908807,1.57224198966314,0.00283197789616006,0.0139434470832659,"virma"
13.9579843602824,-3.07264192552753,1.85564882902859,0.00286043553865353,0.0140722391451444,"ndnl2"
11.6223957194894,-2.68618836787613,1.40881682220204,0.00287949140960424,0.0141546083749221,"gclc"
231.279701672449,1.85015175192224,0.746547023284653,0.00289338155920122,0.0142114728268952,"hif1aa"
21.1283618029174,-2.99722750221121,1.91891604467003,0.0029050650315657,0.0142574161934099,"pip4p1a"
940.445682342797,-2.55903794504045,1.43476174065561,0.00291599111911564,0.0142995718341248,"rpl4"
20.088065150907,-2.1843510068777,1.02557913549934,0.00293060841219956,0.0143597465833958,"supt6h"
6.23885170420386,-4.79087854901981,5.12740630454821,0.00294800263016145,0.0144334208772705,"ptpn23a"
19.6296222119263,3.13569162710712,1.3811463946445,0.00295811855221185,0.0144713713345616,"cdc23"
18.5728511859583,-2.95362970745365,1.76526099591407,0.00297429639406156,0.014527289650165,"sec23a"
109.688041320849,-3.57422961636835,1.995799737176,0.0029734463713947,0.014527289650165,"vps26c"
28.8235212861313,-2.71264264052155,1.45849239646993,0.00298431119538537,0.0145622843142491,"pla1a"
390.621500634617,2.25724485769476,0.970615334675885,0.00298622006770958,0.0145622843142491,"ndrg1a"
21.1973628406709,-3.08823468294004,2.09042308396303,0.00301011548362169,0.0146554548605925,"snap47"
44.7986299837463,-2.16791259598144,1.02944808138005,0.00300999951035907,0.0146554548605925,"smad3b"
13.186911203872,-2.3957521964295,1.1606024078135,0.0030339440143244,0.0147597276372538,"zgc:158803"
142.519022227625,2.68162009714728,1.20301381367647,0.00305271599016163,0.0148392548528905,"hexb"
7.41176993727552,3.55909953241466,1.73030449446213,0.0030553466017679,0.0148402549228727,"nab2"
236.655039578258,2.49612637609687,1.0971817247976,0.00306011365477906,0.0148516221786264,"atp5l"
2030.02890009173,-2.28906984095798,1.12001602108885,0.0030818717794468,0.0149453686927214,"usp4"
7.99047223827274,-2.96414232978242,1.577015456705,0.00308611673430273,0.0149503314513021,"fbxo10"
8.60938597201265,-3.50665491749228,2.03878560522116,0.00308778087490945,0.0149503314513021,"tmed9"
49.6274051569414,3.650427641182,1.77011482019705,0.00310226400198518,0.0150085815748216,"aldh1l1"
19.3176865071703,-2.51233776546006,1.32831842800447,0.00311134773234556,0.0150406383269785,"fbl"
133.634501777123,9.01151317009769,8.36957262967374,0.00314156743922247,0.0151747377490462,"calcoco1b"
10.2403148781773,-3.41239634132952,1.73994496877234,0.00317339086838096,0.0153163660208924,"klf11a"
4.73295918679285,-4.50676623766619,3.67436333196903,0.00318841012506858,0.0153767296811818,"c1qtnf6a"
4.85383109523159,-4.53165555590321,3.80921491150096,0.00320567556936701,0.0154478224287607,"cxxc1a"
7.50899170004558,-3.28713286529974,1.87710747116352,0.00321068550423509,0.0154597917277095,"map7d1a"
16.8587945274833,4.31617547603809,2.11413955551024,0.00321718628733174,0.0154789151560301,"slc22a2"
14.4985374626554,-4.59752927063998,4.02984736882517,0.00323745958821012,0.0155356028323911,"C14orf119"
8.31626845373854,-4.2222776969808,2.45631233743924,0.00323912242060965,0.0155356028323911,"nbeal2"
42.1127224075302,-2.07789200686303,0.984479707368249,0.00323859784511664,0.0155356028323911,"pbxip1a"
12.2753554850659,-3.37029498230752,2.71701406938426,0.00323314882487067,0.0155356028323911,"sostdc1a"
9.53225448923173,-4.33990695839201,2.47138126397093,0.00324857741634402,0.0155687500297771,"b3gnt9"
14.2982604673917,-3.37189030573425,2.97772403313895,0.00325696329833086,0.0155967256539788,"ttc7a"
21.0366101004261,-2.52874204273007,1.36897556156562,0.00326555354672729,0.0156256354229641,"ap3d1"
17.916975952963,-2.95913537990472,1.89755788819401,0.00327335507898059,0.0156507289713759,"si:ch211-285f17.1"
8.37907415192418,-3.29653520484225,1.9709287136315,0.00327713331577706,0.0156565619770145,"supt16h"
9.03729377163178,-3.76847712988814,2.64261054653321,0.00329706861691602,0.0157395163303635,"gnpat"
738.001531549641,-2.23014982279387,1.04727317574524,0.00330706285018439,0.0157749217795234,"si:ch211-217a12.1"
4.50865295681689,-4.49626715049419,4.90810829412151,0.00330985209260949,0.0157759305348677,"rnf139"
13.5925035028943,-3.46425026534666,3.11225725957901,0.00332857352624686,0.0158528171055493,"frem1b"
236.515931340923,-1.73943775318549,0.749730370486467,0.00333791906530325,0.0158849647586749,"atp1b1a"
57.5207560094297,3.89709724389526,1.94971133939589,0.00336317302241753,0.0159927108758316,"afap1l1a"
120.158736522407,-2.73878399312381,1.88511811742177,0.00337291875108326,0.0160266015191223,"SELENOP"
854.138433517829,-2.47102521662897,1.40114502601316,0.00338094339049146,0.0160522680758788,"ybx1"
89.6906195493415,3.31158912880933,1.52845138333364,0.00340744645659537,0.0161655599336152,"lrrc29"
9.40481920409264,-3.74650467571297,2.71676931839469,0.0034258940189755,0.0162404890752363,"derl3"
14.0506180642051,-3.55027650088207,3.80208270768846,0.00344234364997161,0.0162806361188766,"alx1"
10.6628371665887,-4.29084809612635,3.30725776630735,0.00343990514199525,0.0162806361188766,"aipl2"
47.46042985436,2.69106617991953,1.2226164887966,0.00344048197755856,0.0162806361188766,"ciapin1"
13.7818372891627,-3.17743940687402,2.32319411667319,0.00345782437157508,0.0163286150879935,"dmtn"
19.1614889383986,-3.95722491752977,2.80601567819684,0.00345522543886601,0.0163286150879935,"C14orf28"
37.8995702215584,-2.81473391948657,4.29529494076785,0.0034855444630571,0.0164468250685501,"WDR25"
6.83129713075614,-4.32424094894532,3.42101171446827,0.00351153580636947,0.0165567019529901,"tsnax"
39.7274414210411,3.20623791156817,1.450857110932,0.00352054382346888,0.0165863958426709,"tsta3"
58.0823637639946,2.07244885582658,0.892224885090087,0.00355384566464873,0.0167304118981925,"gabpb2a"
10.6629858230789,-4.27049440489437,3.53200699883502,0.00356173395560416,0.0167546593453478,"mos"
14.4434451484722,-2.97887712686078,1.67614914801235,0.00360937574354991,0.0169657293014788,"zgc:136864"
12.4331044380851,-2.7912632539352,1.67104179857861,0.00361471679140982,0.0169777949066985,"antxr1d"
49.7490161015057,2.60733607242522,1.18568172231275,0.00366269411338506,0.0171899447652734,"kdelr3"
44.5575197631692,-2.80694477006436,2.17135399688058,0.00367114757564801,0.017216416216832,"mcl1b"
358.4599171979,3.13812956225837,1.55038646957766,0.00369034100981885,0.0172931753293195,"fn1b"
11.9439620804859,-3.09803765881845,1.9995081591528,0.00370144301580941,0.0173319290411274,"akr1a1a"
5.4057970046288,-4.27051868026406,3.40371353805056,0.0037273926111315,0.0174400938685969,"eipr1"
12.3458662035601,-2.46258191052952,1.29457271428962,0.00373202839446906,0.0174484444416735,"ppp2r5cb"
12.6495531751233,-3.2484359546358,2.49646440150556,0.00374480315581828,0.0174948055829068,"decr1"
29.0172914929555,-2.58641079266381,1.41433942115104,0.00375676171851306,0.017537285825553,"psmb7"
62.267815183759,-2.23388250130283,1.17945875289534,0.00377681395447706,0.0176174553364326,"marcksl1b"
7.79428623384076,-3.89111459777723,1.84080214992032,0.00379631657859192,0.0176949409451505,"znf598"
94.3659777698339,2.03946084788309,0.912305618573175,0.00381746565557618,0.0177799770259712,"hnf1a"
57.1183474129353,-1.93455267013375,0.904996685666786,0.00382271330337561,0.0177908786438469,"ca2"
9.57067854129388,-3.37308173733166,2.06533267809959,0.00383850072214103,0.0178507784342729,"snx12"
12.8996034002727,-2.37572169877882,1.23785433447136,0.00384383818136149,0.0178620270842311,"kdm5bb"
214.646075048406,2.13669568262664,0.944006213202341,0.00384833563342853,0.0178693581764663,"ppwd1"
9.64564886401214,3.30197789063149,2.76473306918611,0.003853010302935,0.0178775004199865,"lrrc18a"
105.640622152304,2.41163443920488,1.10618979578295,0.00386228948767008,0.0179069785337431,"adrm1"
17.4451108506873,-2.66009555820646,1.6904074707068,0.00390455296687257,0.0180892234347162,"cep131"
39.0757786099264,2.58757493185369,1.23744384177841,0.00393144424917647,0.0182000293532224,"agbl5"
6.96438870947269,-4.00507962170687,2.64965402853193,0.0039592116890881,0.0183055161245033,"apeh"
85.2056107099955,1.83643781992948,0.788577796819861,0.00396021296549713,0.0183055161245033,"rasa1a"
123.764327610555,3.58136968900089,1.83557794386359,0.00397631040791609,0.0183660526010917,"zgc:112334"
41.5534256837291,-2.73917205252308,2.04799859846581,0.00402125747408273,0.0185456637086558,"fgl2a"
177.65055636662,2.62906694723743,1.24596058213678,0.00401860570007865,0.0185456637086558,"hdhd3"
655.3097987332,-3.86955089935501,2.73665299491462,0.00405796053032826,0.0186937577134284,"zgc:123238"
9.39619168730933,-2.70611849402224,1.57930003127858,0.0040594777779651,0.0186937577134284,"aldh3a2b"
616.555643438353,-2.59015483139975,1.47800888478751,0.00406675403224248,0.0187131839679128,"hspa8b"
17.0781749459225,4.21387463436653,2.17255655009623,0.00407395468480951,0.0187322334117462,"zgc:154058"
10.321837856789,4.60513550427766,2.93696034504152,0.00408116617451684,0.0187513040450774,"esco2"
11.0574377195036,3.08556725541857,1.57216642853388,0.0040939945156553,0.0187961338603229,"camkk1a"
12.4892922291401,3.06193567308385,1.60575440393719,0.00412304871872827,0.0189153359509873,"pla2g1b"
17.6351595096279,-2.47365746708507,1.43074380553574,0.00413280663524597,0.0189175591680668,"gpt2l"
7.23412114047265,-0.77484628208839,1.52208499401489,0.00412999955647586,0.0189175591680668,"atp6v1c2"
31.7180287968065,3.51915072650293,1.79685519805674,0.00412845151146126,0.0189175591680668,"rad17"
362.669714508749,2.19368887708147,1.00073862407632,0.00414607123916386,0.0189545134582176,"cldn15lb"
688.772782729765,2.44724489974399,1.14500678208852,0.00414707410466558,0.0189545134582176,"rab20"
41.8956170100639,-1.0863758842204,2.14850666577181,0.00415177040474394,0.0189618170724126,"apoda.1"
35.283651073385,3.02072211081535,1.62541681806916,0.00416270651194477,0.0189975867659224,"st7"
28.8931094238774,3.217465782877,1.58597328112273,0.00418970553378925,0.0191065557874741,"rmdn1"
5.38935982945395,-0.976052177701194,1.89354048722489,0.00422621817590039,0.0192587157382803,"nelfb"
5.52221432744183,-4.00586406903964,2.22799758475,0.00425371758192246,0.0193696068462541,"pkn2"
42.419309749012,-2.77868557313302,1.53601189555173,0.00427862289999954,0.019449166914022,"sbds"
4.56207120101726,-0.878667155435259,1.69194606626881,0.00427570137435822,0.019449166914022,"chst6"
17.5524344906185,-4.02634721720291,2.27011613186271,0.00428072350215484,0.019449166914022,"atr"
654.491748478089,-0.171931724029283,1.04198557493348,0.00428989262329139,0.0194763671027769,"mrpl36"
504.243102148279,2.21459911218858,1.00023776404987,0.00431384840671743,0.0195706095249153,"pld7"
87.5254517676165,2.21841438543385,1.01570348408882,0.00435246926551176,0.0197311940036533,"twf1a"
9.79535921506308,-3.00646465236577,2.2263432803021,0.00439195064311889,0.0198954388866673,"cpsf1"
11.1305093242995,-2.72684858628959,1.78641633510219,0.00440531446994986,0.0199412163876429,"psmb2"
9.67413255842338,-2.51643390148069,1.3719912387934,0.00441412318552298,0.0199515759936489,"ash1l"
25.2209434919102,-1.40137960226471,3.43984025200605,0.00441370641397512,0.0199515759936489,"hcn3"
15.982658612977,-2.08415570711718,1.039746638506,0.00442560849540334,0.0199887261932608,"hmgxb4a"
4.80187510693787,-4.04145022090194,3.51033369237508,0.00444150646712002,0.0200309650543659,"plcl2"
10.6365002427785,-2.78993660276089,1.85222961033029,0.00443885852392678,0.0200309650543659,"kansl3"
70.3241052861076,2.55504723725989,1.25828314993711,0.00445426842178754,0.0200444148945849,"adamts10"
79.8297641056922,-2.46647930864376,1.54410151199441,0.0044518499844843,0.0200444148945849,"slc7a5"
13.1707222899874,-2.93996362735055,3.26142236040364,0.00445431442101886,0.0200444148945849,"coq4"
30.1082202682326,-2.79991838745694,2.51925067511559,0.00450140197980439,0.0202414255080109,"fabp11a"
10.043366525456,-3.20902701755582,3.48120577858594,0.00450954972159636,0.020263174960477,"lyn"
122.025872100557,2.84339762105568,1.44663205986184,0.00456549348690962,0.0204995012031452,"arhgef38"
141.385878119083,2.7208662420541,1.38833517586417,0.00457071337938907,0.0205078928752647,"lysmd3"
18.8790846300629,-2.17706358806591,1.15408635639644,0.00463772225082589,0.020793304157549,"stt3b"
5.85877584054274,-3.9489732569261,3.75496272224785,0.00465704559339218,0.0208646552207614,"znf395b"
119.689423838575,2.12920839463877,0.972304386967265,0.00468787387290375,0.0209874089993935,"rnf115"
10.9016667540476,-3.24553731868438,2.16944705500525,0.00470089615872971,0.0210303249206329,"denr"
6.54092262533215,-3.82449933246077,2.44884231232167,0.00470721573497983,0.0210432142425687,"elp3"
16.5037916242818,3.52607094793384,1.81701790181198,0.00471358993632387,0.0210563287666439,"nsl1"
14.7409476338022,-2.31343423894388,1.17240971112653,0.00473380627091214,0.0211004329045756,"mef2cb"
27.6468025521467,-3.66785455144768,2.83750609832792,0.00472859818073291,0.0211004329045756,"xaf1"
176.605707954651,-2.32516529467654,1.14635410807431,0.00473365698584268,0.0211004329045756,"fasn"
63.7450001541878,-2.53445638950593,1.78534731006649,0.00474466103336564,0.0211334246901002,"si:ch211-156l18.7"
94.9498822282445,2.25568893574773,1.0899647434859,0.00479267015659081,0.0213317391696987,"rassf7a"
18.0349014822024,-2.71757849321214,1.95918363333657,0.00479806384448472,0.0213402258199466,"plpp1a"
17.1132169053303,-2.69126891738879,1.90927440958614,0.0048090438942265,0.0213580178756649,"slc20a1a"
182.379573271211,0.347593498273706,1.10667930946343,0.0048086445312748,0.0213580178756649,"si:dkey-19b23.7"
14.2135862663119,-3.13584213564738,1.73586783134447,0.00482123992771558,0.0213966558068306,"hsd11b2"
15.4302613470555,-3.7119077289156,1.9614905606969,0.00484382204044654,0.0214507323816581,"rbm22"
17.5448923592768,2.32838524994077,1.11519227130882,0.00484429207794993,0.0214507323816581,"proser1"
19.9541014910336,-2.63061773784907,1.86097783264694,0.00484735745353536,0.0214507323816581,"uchl1"
11.2512174598902,-2.51780480175788,1.54245494251298,0.00484903738593677,0.0214507323816581,"si:zfos-80g12.1"
7.57729656436512,-3.19435298554566,2.05655916015886,0.00485094993729001,0.0214507323816581,"NASP"
20.062169450057,-2.08937739682345,1.081099320225,0.00485595930576177,0.0214573797482036,"cpsf2"
15.0538238380814,-2.55131229186365,1.61119550192135,0.00486087544828249,0.0214636058755331,"fmnl1a"
21.4577360436966,-2.40648106035074,1.48949310614419,0.00487396780794204,0.0215007209142026,"cct2"
65.7528095932999,-2.5805796394798,2.67259629839925,0.00487630729230609,0.0215007209142026,"rps24"
12.8376085434902,-2.53932481052922,1.587753457552,0.00488709033865572,0.0215028856261482,"coro1b"
18.8630356885724,-2.42889085125022,1.35268935999775,0.00488733887352486,0.0215028856261482,"kdm5a"
13.9423759647346,-2.50863039280686,1.51438142172444,0.00488436162152258,0.0215028856261482,"sfpq"
41.0575508074321,3.00489572653815,1.65382467182104,0.00490997733621461,0.0215869693230125,"dhx29"
35.8514285793273,3.7522321780469,2.12268597353164,0.00492085172489088,0.021619248066283,"wipf3"
89.1643606449849,2.7172136819952,1.36148730042108,0.00493430881548757,0.0216628191899454,"gpr143"
191.950729862546,-2.80058614932892,1.82888816338711,0.00494934027953806,0.0217132347747476,"actr8"
30.744462071559,-2.33585968592469,1.41963161038972,0.00497814910103654,0.0218239774343436,"utp20"
5.64677225525126,-3.15921628834139,1.8991962843949,0.00498398416578364,0.021833917748458,"ripor3"
68.1193377823565,0.425336513375953,1.1537826143263,0.00504250753640936,0.0220744965113199,"slc9a2"
2059.22214750764,-0.740603376719665,1.47120707250061,0.00510220026182424,0.0223198467493669,"zgc:85843"
143.890018826037,3.06950836231161,1.66223807524038,0.00511573481517916,0.022363069334926,"rgn"
22.6603890488036,-3.72345949919419,2.13168522909221,0.0051205930042707,0.022368329183538,"psmf1"
8.79049546128979,-3.10295368441389,1.68473561808987,0.00515614696452018,0.0224915320191472,"dazap2"
5.6279889901112,-3.80326543273591,3.62999511752162,0.00515492762468933,0.0224915320191472,"hsdl1"
104.837487627202,-2.4138235763292,1.26272365627592,0.00526227219877715,0.0229240871253364,"glyctk"
5.28986616104523,-3.77000702719936,3.45299636201663,0.00526280104756498,0.0229240871253364,"ankrd44"
17.3856542880344,-3.67381187262887,1.89436802699761,0.00526869288518107,0.0229334284902618,"bloc1s1"
28.0313409368149,-1.94389917328218,0.981055664724454,0.00530775560948825,0.0230866327404138,"taf3"
10.8148216922831,2.64651684696751,1.33125606948713,0.00531143446053963,0.0230866327404138,"ttc8"
16.4312184211267,2.96955310569703,1.64424742850068,0.00540065318591591,0.0234336153841205,"fuk"
67.5743007932266,-2.4011672758931,1.70234969511552,0.00540275021356111,0.0234336153841205,"ran"
22.6526088521035,-2.65186211276882,1.4125137171994,0.00540254670251584,0.0234336153841205,"ARHGEF26"
160.382992987278,-2.44002838263335,1.88978313617514,0.00543006362696081,0.0235354032556658,"sparc"
12.8253624576942,-2.36801417126005,1.32696444709167,0.00545833438132545,0.0236077783842486,"ier5l"
20.5242803574982,3.59506433594599,1.97883141703389,0.00545520798806909,0.0236077783842486,"adcy7"
7.30877057573759,-0.553708423494101,1.25889918650234,0.00545333576500781,0.0236077783842486,"kcne4"
13.7390258461949,-2.45666761807547,1.59280967947542,0.00546938489261312,0.0236388669087516,"ndufs3"
7.57921052008122,-3.15038322153209,3.08732429330678,0.00549146807800572,0.0237175614942802,"clns1a"
20.6514945976962,-2.7944542698361,2.0512346593374,0.00552128398134353,0.0238295190168,"ndufb2"
9.97950842136344,4.33593005145669,3.11465125559006,0.00555380591578384,0.0239529895733595,"klhl40a"
5.84939826549565,-3.64895163588095,2.31324547990379,0.00559507311209171,0.024097007351162,"anapc13"
9.49232158132324,-2.50323687465724,1.61359850176473,0.00559406490732807,0.024097007351162,"flot1b"
5.83428489396481,-3.65340931311661,2.56619397794949,0.00562453418363743,0.0242068559802117,"ostf1"
7.96324918604341,-3.59825262836567,3.82747339071665,0.0056353739048442,0.0242364640180229,"b3gnt5a"
5.12052903244927,-3.64826719121665,4.4884239559923,0.00564702770203982,0.024269529168879,"satb1b"
111.918123495157,-3.60196814437253,1.82216714913146,0.00565580224362521,0.0242901822673588,"rab11al"
39.5581558975725,-2.47774736147878,2.07435826694508,0.00566012261197765,0.0242916903122743,"actr3"
8.73658494513963,3.45296788341318,1.82797454355859,0.005696027893482,0.0244286550161947,"si:ch211-15b10.6"
7.92890665378601,-3.07605255690238,2.30275204427317,0.00571817907506776,0.0244893323578829,"ndufs4"
20.5037778687275,-2.35752189065225,4.29111276795849,0.00571430360312809,0.0244893323578829,"TCF7L1"
10.6884118927255,-2.54684711506982,1.74068535836566,0.00572885267366346,0.0245178869670073,"dcaf11"
18.5173693190598,-2.34125862942786,1.47498384614976,0.00575177983521814,0.0245652820474814,"clptm1"
204.773520214063,-2.15403379954603,1.09694626693671,0.00574566087712968,0.0245652820474814,"usp14"
100.64717261087,-2.67526643104772,1.46392190406495,0.00575196881928772,0.0245652820474814,"nup50"
4.81490790928108,-3.60030460895141,4.44923435497634,0.00575730631685286,0.024570930724644,"dnmt3ab"
13.291562532869,-2.62455309934785,2.0635747418381,0.00576485349119873,0.0245859953770984,"EVC2"
23.6303964793083,-1.89257038678474,0.948136756688871,0.00578565502215765,0.0246575269746552,"ctsf"
5.40827329733958,-1.32916362643808,3.01863287857044,0.00580357691410788,0.0247166949995409,"fcho1"
14.5999322674721,-2.46472814099084,1.632297372087,0.00581422470264786,0.0247448227956919,"atrx"
112.941946991956,-1.09761624442086,2.12452034829304,0.00582700929274178,0.0247647894941526,"reep5"
44.8641990265732,2.57336782338528,1.36093151759229,0.00582390421819043,0.0247647894941526,"si:ch1073-174d20.1"
11.0278604658854,3.3967361922806,1.87586583559041,0.00594827760903609,0.0252451171756594,"bmp7a"
47.4829520129871,-2.44714975836781,2.56539354412614,0.00594576682398291,0.0252451171756594,"col4a1"
99.1105994056553,-3.47133369923485,1.81299598377652,0.00596770039101299,0.0253099975003462,"niban2a"
28.9444017821545,2.35592307376247,1.18039458399769,0.00597635778174342,0.0253291617896605,"scinla"
37.7800067778596,2.57102511793615,1.34271620083776,0.00602469961331089,0.0255003538345387,"tbpl1"
154.505572364851,2.16299065552564,1.0545002247666,0.00602508360208218,0.0255003538345387,"nox1"
19.5091183488842,-2.54264356905887,2.14105085644006,0.00604625108112958,0.0255722575096842,"add3b"
17.3805296042164,-2.5021567980283,2.92983853276492,0.00605424854596477,0.0255883985506246,"anxa4"
9.77191586694876,-2.50597061598669,1.42592783473094,0.00606117075979157,0.025599975879865,"lars1b"
10.6444807166313,2.72535178020767,1.50953752688512,0.00608037762202004,0.0256633869288018,"ehhadh"
99.4861347458916,2.62120903268932,1.4319441986348,0.00612112465717892,0.0258175623031943,"si:ch211-225b11.4"
5.98623948997329,-3.52740971517142,2.96394162968446,0.00612554836700158,0.0258184270014116,"si:dkey-51e6.1"
5.8481856977512,-2.97041285009261,1.87476724396296,0.00616595238047007,0.0259708386569008,"nop53"
5.07471973228612,-3.48178176947686,4.8996492851757,0.00620268863257988,0.0261076027726196,"polr1d"
160.45742912801,-0.904307388294268,1.7089544701977,0.00624637909395949,0.0262734295910873,"anxa1a"
103.096714189784,-2.19288192177399,1.15607810683757,0.00627519253376701,0.026376496089735,"aldh1l2"
57.0006803159409,-1.9387747845137,1.02653418949785,0.00630701966309657,0.0264920798477358,"bloc1s6"
27.5482348999534,-1.85877650022404,0.957804989986773,0.00632314474949266,0.026541595244784,"mapk6"
30.0374122024643,-1.99144098285957,1.0299315551987,0.00639014122857388,0.0268044306503579,"elk3"
78.3557126825968,-2.05999646786085,1.20642723267926,0.00642318767678195,0.0269245949191134,"arl6ip1"
129.534970503243,-2.29033913522655,1.73573642261421,0.00644943223363183,0.0270161021696282,"gtpbp4"
195.387462175876,3.70993286983306,2.36411764306086,0.00645626525108664,0.0270262266324557,"arsa"
61.0732440715915,2.66955934924272,1.48063039981503,0.00647605750644333,0.0270905481472544,"zgc:92335"
188.171821722903,-1.65774175268127,0.808036283124498,0.00649856485034899,0.0271661317514589,"calm2a"
7.00981817045996,-3.61134462273739,2.85363375549498,0.00653640274858732,0.02730565516816,"vps18"
52.6377499653951,-2.31890318826198,1.81249117351647,0.00655086374355865,0.0273363331679949,"serpine2"
65.4275100294298,-2.47486832234522,1.4307255483131,0.00655267986232818,0.0273363331679949,"churc1"
33.254514177462,1.77188579227946,0.83271636921679,0.00656928458530125,0.0273869357370869,"RNF146"
46.4492529972683,-2.32858839467046,1.78509924453167,0.00657893543663584,0.027408498891907,"inpp5kb"
12.887420996757,-2.47706913458652,1.72851605862403,0.00659542619156907,0.0274585090424508,"map3k5"
5.53446632255565,-3.43774877169563,2.88222687156062,0.00660996892442013,0.0274839716501579,"desi1a"
150.331698716602,2.44464241010406,1.27920793465402,0.0066105239001687,0.0274839716501579,"PITPNM2"
15.8716857583425,-2.82334577281386,2.13318484378176,0.00663648138981789,0.0275731609678788,"PPP2R2C"
4.94442094064004,-0.745128451810273,1.47029715956487,0.00665996639506048,0.0276519635941453,"lctla"
9.94148547851134,-2.42356205695092,1.66218251077999,0.00666488975138217,0.0276536442565823,"csnk2a1"
6.98291687941296,-3.5584195127544,2.34112628845073,0.00669203455093376,0.0277301415427709,"adra2da"
31.2925124534922,2.45202171425809,1.26491118504197,0.00669238873507722,0.0277301415427709,"impdh1b"
116.411864473665,-2.24677808594558,1.23305372109083,0.00671178020459441,0.0277916744601609,"med15"
10.4105939009027,3.30006272961205,2.05957044161761,0.00673553426447308,0.0278523443909292,"rab33ba"
56.3744211772859,-2.11882844576954,3.67242878428349,0.00673435358558887,0.0278523443909292,"gpnmb"
8.7357199383361,-2.62304616139757,2.02868139137955,0.00676422763063965,0.0279224367575771,"ATG14"
21.0909094072062,-2.2327712913869,1.44252177873113,0.00676348960342099,0.0279224367575771,"serpinh1b"
152.162187064402,1.73989813937028,0.809902596465448,0.00676617217507954,0.0279224367575771,"rab7a"
94.0438613127258,-2.26634673529303,1.25002524988964,0.00681027845313268,0.0280671639822228,"srprb"
7.22443114936718,-2.72698044967345,2.46380482429917,0.00681041478980405,0.0280671639822228,"pdcd10b"
16.5295383228678,-2.03308255201483,1.17178991158406,0.00683063943015295,0.0281315701968614,"nphp3"
61.792223446056,-2.03534438578974,1.19421800472995,0.00683763916207156,0.0281414604383846,"C1orf35"
26.3633885828342,2.88566565205839,1.7576571488637,0.0068518125048911,0.0281808417539876,"paqr3a"
11.4277727657164,-2.55079041321048,3.39803125678864,0.00686370264084448,0.028210785871033,"OTUD7A"
316.862759830304,-3.42509541488427,2.88389667244933,0.00687713834784862,0.028247038046197,"ppp2r3c"
52.2918028694448,3.03195934198912,2.01258298791476,0.00689753782327392,0.0283118252705811,"tmem82"
28.3620972824593,-1.95918117571231,1.09131902942811,0.00691525061857569,0.0283655052182863,"eif5b"
8.37507599123802,-3.29598004439878,3.45210202920643,0.00692750587787677,0.0283929068988891,"spred2a"
123.302381713188,1.41548334811567,0.611469972085226,0.00693120962531704,0.0283929068988891,"HNRNPUL1"
40.3913184387089,-2.35694683707825,2.27270870178913,0.00695266144456627,0.0284428347380181,"gsna"
7.53239661921157,-3.12649317276887,4.27417951760113,0.00695269293595998,0.0284428347380181,"mboat2b"
20.4421807471106,3.56814455245774,2.17791866646402,0.00696438826773229,0.0284716474272022,"b4galnt1a"
10.6091474555683,-2.53309574846824,1.8658302545286,0.00700551677515017,0.028616492888567,"upf3b"
106.935695089209,-3.24784188038676,2.73617221225246,0.00700917039868659,0.028616492888567,"adck5"
93.4737562026957,3.18352761978612,1.9915527742516,0.00702143572601386,0.0286474577621366,"si:ch211-257p13.3"
9.22744770089574,3.60766844750113,2.1528490374887,0.00704247882869328,0.0287093296266189,"pphln1"
10.1068070086107,-2.29912400983779,1.50008156440806,0.00704598253254602,0.0287093296266189,"nipbla"
12.2781304107075,2.69616487130348,1.49165711813724,0.00705216626896353,0.0287154075622467,"nf2b"
15.4433429601184,2.43027827062689,1.3416093381407,0.00710814885790928,0.0289241163633011,"ubald1b"
6.63072461382159,-3.29114167312283,3.1320388335804,0.00712851123266217,0.0289785694428452,"si:ch73-62l21.1"
334.267440796152,-2.16343399195254,1.23816742533486,0.00713100091191584,0.0289785694428452,"psmb3"
10.4204618506675,-0.935243904029467,1.7911567748587,0.00714423048173483,0.0290130660572111,"farsb"
7.2676801524521,-2.87609620636411,1.70522449648747,0.00714990046324121,0.0290168374237641,"tyro3"
15.4040225965245,-2.58301654551157,2.41005136774425,0.00717234600008467,0.0290886398412977,"plcg2"
11.5211278277354,4.52945897662057,4.18475620406893,0.007191162122775,0.0291456372128364,"cav3"
18.4478594617842,-2.1449578518666,1.28859519073963,0.00722101047669217,0.0292472429631741,"acvr2aa"
15.7909374020366,2.49354931985644,1.29594074115497,0.00727486723469144,0.0294458911880368,"dhrs4"
8.26702486257546,-2.41751449089352,1.45085994176404,0.00732077947405256,0.0295808718592711,"itpr1b"
27.6431721878941,-2.40659731644121,1.30221166840741,0.00731438253156094,0.0295808718592711,"fbxo34"
55.7179189658622,2.54377987099761,1.37418996592098,0.00732271582790781,0.0295808718592711,"bag5"
71.4589337592217,0.433696686276849,1.15917806515276,0.00733680266588494,0.0296182271208548,"ngs"
20.8648242734112,-1.80934403055854,0.953165053310618,0.00741223581787797,0.0299030212296725,"got2a"
41.2410291450494,-1.89123940169634,1.04002283686056,0.00745334186733959,0.0300490462635825,"eif3s10"
7.36971517054319,-3.38829995298822,2.40829398845811,0.00747387480409894,0.0300921801322931,"rnf103"
11.0667785155903,-0.747575841829862,1.47551192757057,0.00747063871394143,0.0300921801322931,"selenom"
50.7896000269199,-1.81514573482819,0.977790136227439,0.00749525934103694,0.0301584399521013,"rdh8a"
8.3699737970276,-2.54670128859931,2.81717458381453,0.00750360708910714,0.0301721914489722,"tal1"
342.838265220971,-1.85586270424678,3.55973468669342,0.00751941440231585,0.0302159002903303,"zgc:162331"
80.6710099123719,-1.80015153723687,0.959233342871886,0.00756237484769524,0.0303685919080675,"gapdhs"
12.7531863342411,-2.08947013854724,1.2133438977464,0.00757723369344232,0.0304083083304046,"gpbp1l1"
12.3488110386216,3.00625268162817,1.96946494449722,0.00760787895102141,0.0305112838664817,"mul1a"
50.6106234264304,-3.50995667856505,2.82518662627784,0.00762698125457679,0.030567862002626,"ndufa3"
13.6594390672903,-3.44289478680053,2.72170808839923,0.00771728244075388,0.0309095343831242,"adam8b"
8.31800107088355,-2.47142580483793,2.03119091650133,0.00772365535680403,0.0309148271966257,"abcb6a"
50.8974679825113,-2.07844928059697,1.33092159050685,0.00773672065515154,0.0309468826206062,"skp1"
63.345984198618,-2.20988788329562,1.74604014439027,0.00774522290026922,0.0309606558782806,"rab34a"
18.3093648617429,-2.29998825239221,2.60406475846847,0.00777101835372049,0.0310434936845753,"mbnl1"
273.726274288587,-3.168649329285,2.59188892631349,0.00780457969286652,0.0311369150719316,"cox15"
63.7423502381356,2.52716541331219,1.35772093241196,0.00779976346962805,0.0311369150719316,"eif2b1"
9.30411835313388,-2.52255262696247,2.15648816906785,0.00782445035909916,0.0311755443995357,"ost4"
6.05251393934105,-3.09978306578778,3.84966347211649,0.0078217488878247,0.0311755443995357,"gcnt7"
9.09188791968162,-2.66327720219247,1.5262002750291,0.00783620667235787,0.0312020721111452,"lhx8b"
4.52237435803822,-1.00703532693727,1.91645918682481,0.00791514036124963,0.0314958771201871,"trim105"
55.1887573898726,-1.82534625480379,1.01639089040847,0.00794341602155206,0.0315878531851193,"eif4bb"
21.2431840558357,-1.92449668858165,1.06738508436006,0.00797111725685405,0.0316774270207447,"C16orf72"
21.1899931850577,2.44823199858096,1.61333749095805,0.00800950422783467,0.0318093224363064,"rbm48"
10.9109907698005,-2.29232428196195,1.70143538442058,0.0080149626017451,0.0318103574077043,"fscn1b"
311.748329114271,0.309646076128849,1.08766418239418,0.00804837193070294,0.0319222528942981,"lyrm7"
40.4747402082142,-1.66660016191918,0.850216497410884,0.00806682162081484,0.0319747074607428,"soul3"
136.210584150455,-2.67149342629261,1.58020912111718,0.00809849455809481,0.0320794735893464,"lpin2"
30.632209271931,-3.20174187384785,3.12982806044331,0.00812416247253332,0.0321603326855782,"sprtn"
14.7031284839239,-2.05910272919605,1.30056944742574,0.00813523076178923,0.0321833304861992,"nipblb"
10.7410459712441,-1.2625361892318,2.59241485876917,0.00819375307743645,0.0323939075154464,"HGFAC"
11.0624654862939,-2.32481840637345,1.6773208720662,0.00820165429905279,0.032404211949776,"rock1"
4.50081700159268,-0.811235351730153,1.55696011280775,0.00826906532058019,0.0326494708141618,"eva1a"
23.4453282979738,-1.99612923036654,1.18723390727724,0.00830797755711867,0.0327819617340853,"bsg"
17.0098926763475,-2.29597069610735,1.35779703513037,0.00832248055501143,0.0328180289926997,"sh3bp5la"
15.6801828361504,-2.27329506397261,1.49705379099481,0.00833970957277105,0.0328647923923753,"arid1ab"
4.7758122428722,-0.580039091676349,1.28010901553533,0.00834975665920422,0.0328832115536228,"paplnb"
19.7351176344951,-2.04412428212431,1.27424737924469,0.00836476233016989,0.0329211224827265,"abcd2"
13.0993856104824,-2.17943805685534,1.28526197744044,0.00837266468669869,0.0329310461970411,"afmid"
17.767353744822,-2.30417398056614,1.49743610004586,0.00838607573687368,0.0329626098327983,"NDUFB1"
112.465376523363,-2.10801471929841,2.47324056271729,0.00840294505622508,0.0329653998359599,"fstl1b"
66.3820567656992,2.60532322341965,1.52231058177714,0.00839839332735421,0.0329653998359599,"bcl9l"
8.17434869849038,-3.11719622194065,3.31985776056426,0.00839240273664313,0.0329653998359599,"atcayb"
14.7088234130226,-2.25487647236727,1.60879181019992,0.00842240494567969,0.0329994355106016,"sf3a3"
5.99148164232782,-2.75147896142838,5.0388619106544,0.00842019135024535,0.0329994355106016,"adamts14"
5.27145679369723,-2.50177948375405,1.68128330327169,0.00843113055132288,0.0330124881472144,"csrnp1a"
22.3247263394668,-1.97532360889161,1.19765798781253,0.00850270682210395,0.0332714614777981,"huwe1"
8.44546519902591,-2.44164433662575,1.86707410977958,0.00853668929021918,0.0333404840179588,"sqor"
14.168455833814,-0.961344585848639,1.8059509560848,0.0085317359371501,0.0333404840179588,"jak2a"
233.26815293602,-2.03144051582514,1.18448359731361,0.00852854392563303,0.0333404840179588,"atp5mf"
5.15971122021506,-0.584594388102703,1.28458473513216,0.00856450239334121,0.0334277771985001,"rbbp5"
7.2643805969362,-3.10445188763019,3.91346525018116,0.00858169301972361,0.0334735253541801,"pmp22a"
18.5925487517026,-1.96811384578167,1.17568493072669,0.0086988809083745,0.0339090134772305,"pafah1b1b"
6.98723572877098,-2.79098696313169,2.51762821063436,0.0087116556595535,0.0339371945489926,"tnpo1"
17.7369829529141,-2.1508664113472,1.47367412821354,0.00874933609871381,0.034041923440401,"ralbp1"
8.7689342315911,-2.20917844921681,1.39999134922245,0.0087496643091096,0.034041923440401,"rab14l"
19.3950664914486,2.44969897759775,1.33926344360197,0.00880170856832295,0.0342226533914463,"mthfsd"
17.9488084324078,-1.72320725017391,0.906300163755359,0.00882328225482017,0.0342847539044441,"ddx46"
32.8506178561156,-2.06468881457679,1.44854752952352,0.00884094500929545,0.0343315884878732,"csde1"
8.93370762948653,-2.31538720644624,1.79585208204195,0.00885981256394363,0.0343830392462492,"ndufa9a"
11.5398294249545,3.55788701517696,2.62221777311536,0.00886914851530998,0.0343974581202136,"evla"
26.6418913462821,-2.05278451207595,1.34886505218464,0.0088848868811942,0.0344366736623866,"mettl8"
12.643303060602,-2.20883140303445,1.7221311088391,0.00891767388156093,0.0345418760475651,"tprb"
36.6739193011126,2.33739182884757,1.35321319810316,0.00892418126250262,0.0345452177903327,"serinc5"
19.0587986092061,-2.05467912635539,1.37019338533518,0.00894811683603189,0.0346159766349654,"vps35"
54.517899433891,-2.94674785283397,4.44825056397725,0.0089924510216146,0.0347435607653291,"fmnl3"
31.1423884954763,2.84398810260411,1.73643688029595,0.00899087084677648,0.0347435607653291,"ptp4a1"
7.02751964573912,-2.22806802604347,1.49204507628089,0.00900093631235328,0.0347544039316102,"igf2r"
99.3376096448833,2.40191963724662,1.44180454320427,0.00902025897983182,0.0348070523055301,"yrdc"
9.43943377416024,-2.33718537340097,1.71480099423949,0.00905634895183223,0.0348803370580323,"igbp1"
5.90568739235798,-3.30694248269248,2.41618170882136,0.00905525410197197,0.0348803370580323,"RILPL1"
25.9339152486526,-1.91104703292649,3.19141621802271,0.00904784549143795,0.0348803370580323,"arpc2"
11.5442054357008,-2.20050404933438,1.87755376181373,0.00928261871501243,0.0357293248653309,"tsc1b"
4.76998068992218,-0.904229749630437,1.70134156187643,0.00930345587340921,0.0357870207072686,"vezf1a"
32.3925701424779,-2.04313411326083,2.61897387501151,0.00936036470084262,0.0359833115384151,"ccn2a"
13.9366295856472,-2.10296702366746,1.4566923187328,0.00937266916040712,0.0359854048065819,"si:dkey-103i16.6"
23.4535039914716,-1.72844866074459,0.93683223569444,0.00936965092843503,0.0359854048065819,"acin1b"
66.1919206218174,-1.35108484680533,2.61182020722364,0.00939379937833813,0.0360439198717425,"actb1"
7.21192272229194,-2.36456780842352,1.91758438422425,0.00941200158924388,0.036091133913642,"fam193a"
13.2608399748151,-2.05324723989967,1.31102709459736,0.00943382813063034,0.036152177933286,"rtf1"
10.8200786511609,-2.21386574941085,1.91169671547104,0.00944638121768884,0.0361776301954041,"gnai2a"
10.1011020131365,-2.42785421375497,1.83393045508127,0.0094672829562914,0.0362350041854305,"kif5ba"
5.48193252314162,-2.79380482695551,3.81992035550149,0.00955613202638883,0.0365522050009373,"cers2a"
8.34769904404621,-2.35815830547396,1.977606504859,0.00962856423221373,0.036806254279293,"mpp1"
6.95601753999034,-2.27886953771365,1.64847195683979,0.0096915499106707,0.0370238985351465,"emc10"
4.60606839179268,-1.11069173101381,2.10703244498915,0.00973467300722291,0.0371654390544006,"mtmr1a"
10.4344058593049,-2.29625783229073,1.74710817613213,0.00975941284926315,0.037236662492201,"rgcc"
4.76155504192372,-0.719156195663836,1.42844200245159,0.00983178997531642,0.0374894421488701,"faim2b"
174.504390052992,-1.71748638568781,0.91331357940989,0.00984885642461819,0.0375077792897718,"gtf2e2"
13.657382750119,-1.84020526926399,1.04470485068635,0.00984441934536311,0.0375077792897718,"slco3a1"
9.81100603134405,-2.28089682515487,2.05413013520594,0.00986398362417371,0.0375420272263328,"myh9a"
9.48703273546488,3.39078969966711,2.4651839156005,0.00990040860800227,0.0376572409452914,"atat1"
21.3323280658628,-2.110803718621,1.64798212907527,0.0100022074051256,0.0379972124887452,"rasip1"
5.18696726211508,-2.51699784875394,5.08837953472363,0.0100005817448043,0.0379972124887452,"dad1"
18.4369746669744,-2.95286434556674,2.75062201449489,0.0100469039677436,0.0381433326815078,"ttc37"
13.1698085579968,-2.17093549612493,1.43296267799257,0.010074942869213,0.0382260696587625,"cops3"
41.1730618354365,2.77517793455059,1.87266587678025,0.0100920733792191,0.0382673414379311,"RABGAP1L"
1102.75783960048,-1.60084360253072,0.860635932636641,0.0100989835831685,0.0382698325256913,"pdcd11"
13.7834398274363,-2.10519285517062,1.5575082509697,0.0101207602506406,0.0383286217412875,"echs1"
16.4326347615419,-1.86855671102253,1.09005102860981,0.0101338642890036,0.0383545141921473,"zc3h18"
37.2748384838632,-1.69483121721255,3.02985837237505,0.0101538336270471,0.038406342272885,"nid1a"
8.11490766783996,-2.93303316113607,3.5165825211035,0.0101834181898444,0.0384944529474044,"pafah1b2"
5.32710225100718,-2.3853654083615,7.58496489466019,0.0101986705647522,0.0385283110223972,"astn1"
6.76833421076375,2.72728533034391,1.77662311707765,0.0102096488802427,0.0385299895783826,"rbm14a"
8.86994470400598,-2.27288233234497,1.80231868631045,0.0102117063882576,0.0385299895783826,"atxn2l"
4.57790798244448,-0.522977159435114,1.22821901889173,0.0102489256189809,0.0386465956797063,"oxnad1"
24.7150239931569,-2.85166364914297,2.94804625311834,0.0102831629582641,0.0387518210003547,"rcbtb1"
34.2319840543102,-1.57897238508329,0.829471399274844,0.0103371114560957,0.0389205170213119,"glula"
14.2617126131101,-2.17282639592974,1.61535172968476,0.0103406471693878,0.0389205170213119,"emc3"
43.4401688337173,-1.66703998707923,0.911247713479837,0.0103572757614232,0.0389591442285862,"APP"
5.60162701112064,-3.01120763092041,2.10575452801066,0.0104296575259264,0.0392073120753498,"si:ch73-147o17.1"
7.0339894435395,-2.31104030905259,2.0740883258867,0.010448879837413,0.0392554601626564,"spag7"
183.345913769472,1.47218423574784,0.696036317433117,0.0104718026627099,0.0393174431262483,"kcnn4"
32.6652335650874,-2.05211009196215,1.80608275131273,0.0105112402468862,0.0394413184003332,"si:dkey-10o6.2"
11.1411449488175,-2.15197132542368,2.25450116640986,0.0105437899695926,0.0395392123859721,"dipk1ab"
26.3355222870435,-2.3053647456406,2.61919521048596,0.0105735580201744,0.039618013248203,"hdhd5"
30.6872644454798,-2.07753197810132,1.9173506792607,0.0105777505960071,0.039618013248203,"rgra"
60.1334174805622,-1.99422703421868,1.58259099311695,0.0105918109394666,0.0396464115899299,"cavin1b"
196.596580095799,-3.06495413677927,2.34587477788077,0.0106354465235937,0.0397822841974178,"frs2b"
7.564205978997,-1.99047397651433,3.63068069574841,0.0106411109854858,0.0397822841974178,"asah1b"
19.3092753785154,-1.87324248625905,1.17408053063337,0.0107050264742177,0.0399968022113628,"ldb1b"
155.114290975824,-1.71442086549622,0.996629204025995,0.0107346547171105,0.0400570551442924,"cep290"
686.751733978778,-3.07393694303304,2.90955724640406,0.0107399122601102,0.0400570551442924,"eya4"
6.64550813577197,-2.38754574270816,3.09172319071392,0.010740788805847,0.0400570551442924,"pnpla7b"
51.3515237835709,2.09060866961332,1.22235500766806,0.0107521032595469,0.0400748306628667,"fbxw8"
4.88143330015563,3.02418123282105,2.23141954091417,0.0108093814339483,0.0402637945074642,"trh"
4.49845787599868,-0.605378867111472,1.30175362939252,0.0108517716653767,0.0403831933080935,"matn3b"
24.4926579529406,-1.95489539847026,1.3759942101894,0.0108546328417996,0.0403831933080935,"prdx5"
384.588550153444,-1.77580009309321,1.08943903805639,0.0108869830282789,0.040478940542568,"hsp90ab1"
13.7988746708079,-0.991528164026326,1.84004792178188,0.0109187777464364,0.0405725074730968,"si:dkeyp-81f3.4"
5.46429309396934,-2.54629337220139,2.64862406511004,0.0110041596232806,0.0408649617078138,"acaca"
4.66374399250265,-0.501158661966451,1.21013282324262,0.0111109967033199,0.0412366887958265,"rdh12"
116.030551324402,-2.72820574943876,2.75276454811779,0.0111267883871531,0.0412702696541678,"nr2e1"
26.6114703666088,-1.99573784581,1.39854411275303,0.0111741319764657,0.0414207678352334,"zgc:92606"
147.166988014645,-1.95043336635867,1.59713822363208,0.0112675700840151,0.0417418455896928,"vat1"
86.5457008373181,-1.89793895695576,1.27582402502344,0.0113055588555827,0.0418572414979832,"rcn3"
27.9481302389223,-2.77097160719157,3.05915414048347,0.0113252905439875,0.0419049444553831,"si:ch211-166a6.5"
103.305226969951,2.10557605848759,1.19133945568531,0.0113464169897617,0.0419324106143367,"lamb1b"
5.48153031935745,-0.687172178223783,1.38779193901863,0.0113443339240886,0.0419324106143367,"zdhhc14"
17.4465745256068,2.28091540159254,1.38287317047165,0.0114020297565349,0.0421125057996341,"atmin"
8.35738697419847,-2.19337992443627,1.61452729352374,0.0114534402979782,0.0422768725112344,"arih2"
252.836075230007,1.57641472975463,0.785057909642217,0.0114840968830609,0.0423644803642754,"sec23ip"
12.1972184592981,2.40456544794823,1.49387908872571,0.0115106428739199,0.0424368279448131,"pdx1"
9.44577539882997,-2.07620706172873,1.57087504265483,0.0116225758409202,0.0427796607404584,"psma5"
64.0710558486451,-1.43909009292617,0.735437342539226,0.0116231817020865,0.0427796607404584,"anp32b"
5.14017375867937,-1.2349200886614,2.50760787332998,0.0116291319716025,0.0427796607404584,"adamts17"
54.1500165378108,-2.73282330737208,3.02162916880716,0.0116315940313926,0.0427796607404584,"cyb5d2"
18.5082232535354,-1.97323122866211,2.33614305688842,0.0116899197465848,0.0429683536631224,"bmp1a"
9.3738349763403,-1.98318603590541,1.39111615518895,0.01174015198246,0.043127088915159,"lnpep"
22.6519959551103,2.32455866610809,1.36544123324607,0.0117605856667688,0.0431762353213107,"trafd1"
31.5190333179619,-1.95699935320524,2.18980590416245,0.0117961412957825,0.0432808061931589,"eif3i"
11.0793951213891,2.50695438704083,1.59764254436688,0.0118942338213431,0.0436145661992927,"rpap2"
4.83306463465029,-2.84628611759149,2.32068324301698,0.0119201605886585,0.043683462756042,"lmo4b"
87.2516086128261,-1.95640729074871,1.87360896733818,0.0119351446492868,0.0436873786543841,"eif2s3"
245.554901740465,1.70817155406327,0.885116485324531,0.0119355060637468,0.0436873786543841,"l3hypdh"
10.0134681702836,-2.033784474653,1.68667458726133,0.0120001437950141,0.0438650647247095,"itpr2"
7.04670000181711,-1.81386240612295,3.81285047656887,0.0119924937471209,0.0438650647247095,"spout1"
24.5567058431633,-1.93203553370702,1.3829088063617,0.0120055528454066,0.0438650647247095,"atf4b"
8.90617083400403,-1.84057733286024,3.21679817515967,0.0120456434806916,0.0439852852636233,"parga"
27.5941343200991,-2.88373343551794,2.28944543760406,0.0121659226820128,0.044398000485342,"tgm2b"
18.0964975798605,-1.95060511790202,1.53748865399855,0.0123424998475638,0.0450155536752625,"jpt2"
46.0510802322404,-1.52662077729151,2.65314813259932,0.012364458258506,0.0450687817403554,"blvrb"
13.5130160018118,2.74926024800354,1.88755835442201,0.0123920242570882,0.0451423740793928,"toe1"
9.49981139467745,-2.08366575143349,1.64300734386566,0.0124265032073749,0.0452410467752137,"rnls"
20.2268998331571,-1.80795098777009,1.14081850697139,0.0124814684559068,0.0454141420631091,"rab10"
6.08401292870743,-2.93296562786084,2.48615504181079,0.0125507192583429,0.0456389791212469,"pds5b"
139.64603162311,-1.90734812077136,1.87807339168747,0.0125805211934066,0.0457201839095299,"ppiab"
14.3943230365898,-1.45312957275031,2.88753547378909,0.0126261767350527,0.0458588733641084,"ube2f"
8.53910122318227,-2.00237822231782,1.38981680153363,0.0126683757074467,0.0459848513224042,"zgc:91976"
21.3089239125984,-2.00221299283449,1.43988613404357,0.0127282985648347,0.0461749776033128,"zmp:0000001048"
13.4098386516023,-1.42897473358864,2.62554647432319,0.0127692480315669,0.0462960888348279,"lum"
20.4092408943181,-1.94345942701982,2.51222134165354,0.0127967412862281,0.0463408619359267,"map6b"
11.741235565826,-1.91393880263103,1.35223661937899,0.0127912294141746,0.0463408619359267,"ehd1a"
7.98472097379181,-0.768676834428982,1.48410776562946,0.0128409933320045,0.0464736127686976,"rrn3"
6.79093787931043,2.75240625713999,2.04453279889948,0.0128604588951355,0.0465165534504901,"dipk2ab"
6.15811873382403,-1.45754898384298,2.84940076131811,0.0128974297428974,0.0466227229926358,"gpat4"
10.3642718221576,-2.01711658582998,1.67930530370403,0.0129110421982578,0.0466443791342019,"si:ch211-233a24.2"
12.4916299596453,-1.927377478187,1.30286123398942,0.0129815084469676,0.0468712871359539,"kif1b"
9.96696353250022,-2.03616562935242,1.59168102341498,0.0130177747391746,0.0469745173371159,"chd1"
12.0772871681702,-1.96780882128313,2.05294698941248,0.0130594524186689,0.0470951174938778,"pgm1"
15.1675125380683,-1.90483708447675,1.35972416085922,0.0130699193730093,0.0470951174938778,"srebf1"
258.101452334182,3.18638269373054,3.19740601741559,0.0130742818009965,0.0470951174938778,"SUCNR1"
17.2550807343497,2.34838920023322,1.55147964826427,0.0131250160749576,0.0472222800580487,"irx7"
11.2247423405011,-2.00715933628899,1.74982747700506,0.0131242224330046,0.0472222800580487,"alg8"
9.39572204551535,-1.99170135587282,1.61919714858022,0.0131533783573998,0.0472965191229652,"akt3a"
7.14184701319818,-2.20757623451966,2.04221564037445,0.0131661246957757,0.0473145526354358,"epg5"
58.5534661406852,-1.66829357990057,1.02824567847259,0.0131929842922123,0.0473294894562496,"aqp11"
4.83111797727126,-0.490429078801384,1.20080944531957,0.0132009880585027,0.0473294894562496,"lrp1bb"
27.1835003192539,-1.83798675345717,1.17929288396248,0.0131900462107816,0.0473294894562496,"fam53b"
26.0703315081866,-2.53692574497064,3.13421176557833,0.0132012154414735,0.0473294894562496,"dis3l"
6.70016257654296,3.20946885493103,2.79747720757922,0.0132309357469835,0.0474082709435239,"si:ch211-59d15.9"
13.7905992824561,-2.13394078753915,1.67154539881517,0.0132629739170932,0.0474952606042189,"txndc17"
7.97900767805645,-1.99806417660434,2.19768891617422,0.0133361614911495,0.0476658925676432,"SOX8"
158.248850858328,1.8058711286151,0.987702473890769,0.0133363337902006,0.0476658925676432,"apex1"
6.90322015229166,-2.1368145926264,1.86610535040245,0.0133491034627483,0.0476658925676432,"tmf1"
13.4454489637591,2.58299284299624,1.79586361975557,0.013349565336755,0.0476658925676432,"papss2a"
15.2115866872805,-1.98583149094195,2.15339715844012,0.0133413355011488,0.0476658925676432,"tspan4b"
25.9259887290587,-1.86851183751821,1.38144885900912,0.0133693272704864,0.047708619764068,"sdf4"
11.0052309353309,-1.85388321891319,1.25411508331768,0.0134427271634848,0.0479401543795438,"kat6a"
9.62848480875455,-2.82265356078806,2.17902366742723,0.013449876645372,0.0479401543795438,"hyi"
39.7992207841567,-1.87610679270411,1.49492710232941,0.0134755097721132,0.0480035621684126,"ncoa4"
9.96826207486319,-1.84155253276827,1.14926214978108,0.0135236720700937,0.048147104752166,"tufm"
8.10979803475127,-2.20245748102718,2.25228818769679,0.0135367739463332,0.048165730553232,"cyp2r1"
7.99631776207456,-2.14136077537703,1.55529313494237,0.0135563927451568,0.0482075093552352,"htt"
6.01390387499572,-2.04338019318824,1.7436929465516,0.0135975433879643,0.048325763957225,"aup1"
9.79046028317467,-1.94991507384059,2.45446142707615,0.0136061220140234,0.0483281873045984,"ubr3"
11.9640791332548,-1.81415958295575,1.18175006377294,0.0136212383140223,0.0483538158247195,"amd1"
15.3576360469081,-1.38325142434126,2.48364465946201,0.0136539852042878,0.0484419648986906,"sox10"
25.6499037473045,-0.201902669235265,1.05027418303178,0.0137006021727159,0.0485791919449717,"aptx"
36.1687971265062,-0.178650241459265,1.04371557911901,0.0137273307327222,0.0486208485964856,"kremen1"
23.7716373200919,-1.19822778201867,2.16278709271426,0.0137411911575719,0.0486208485964856,"ada2b"
6.1075548347903,-2.06278381040329,2.46462449620744,0.0137441287699216,0.0486208485964856,"uqcrc2a"
30.1371383777249,-1.81605209640494,1.23407366630128,0.0137380848910187,0.0486208485964856,"aldh7a1"
15.4332347665673,-1.94815307369961,1.73585794105902,0.0138637011818007,0.0490155119772503,"crebl2"
24.7848634068942,2.02395122464093,1.35579426851663,0.0139001227210943,0.0491006544935528,"MOK"
18.2987628765862,1.91053607738105,1.1067933681263,0.0139038291237462,0.0491006544935528,"sumo1"
10.5138348143739,-1.16293265170767,2.19580522717052,0.014025488295219,0.0495017233948906,"thraa"
27.2183746436978,-2.24282291899411,1.48147752178387,0.0140523913056213,0.0495680892163703,"hddc3"
23.1237144902144,-1.87560307824966,1.57625355775087,0.0141202823841766,0.0497788756861527,"RAMAC"
4.50065196983233,2.78154711805422,2.38411249611213,0.014137193661339,0.0498098015010908,"tmeff1a"
