"gene_name","baseMean","log2FoldChange","lfcSE","pvalue","padj","comparison","sig"
"pcyt1aa",3221.97152896052,13.4526444189876,0.945447972424789,1.65574242173884e-49,1.04775380447634e-45,"Pn_vs_rest","Pn higher"
"znf710a",1606.53267511268,11.9346412406854,0.856697488274923,3.22607357314942e-47,1.02072967854448e-43,"Pn_vs_rest","Pn higher"
"gltpd2",1120.20899114213,10.5995661593855,0.762798703291983,1.36593024942099e-46,2.881202206112e-43,"Pn_vs_rest","Pn higher"
"dkk3a",954.257084794633,11.1387319154302,0.808244788555009,4.37408017320239e-46,6.91979483400617e-43,"Pn_vs_rest","Pn higher"
"gabpa",4556.74434857647,8.44742818147147,0.605571684314839,5.58550525645036e-46,7.06901545256358e-43,"Pn_vs_rest","Pn higher"
"jph2",3542.14837802756,11.8332913297903,0.927369757413445,2.23074984618891e-40,2.35269750444723e-37,"Pn_vs_rest","Pn higher"
"pdia4",170.227872981315,17.3021170386406,1.46789665458607,8.56757570434849e-40,7.74508843673104e-37,"Pn_vs_rest","Pn higher"
"rhot2",1927.64462480238,9.90366430830482,0.782545332353601,3.97683123601754e-39,3.14567350768987e-36,"Pn_vs_rest","Pn higher"
"gla",3537.85801222387,12.4081956090287,0.997352077517216,8.67926355120376e-39,6.10248663911304e-36,"Pn_vs_rest","Pn higher"
"PIP4K2B",674.844798657937,8.64958231478419,0.695489294792827,2.3213755685006e-37,1.46896645974718e-34,"Pn_vs_rest","Pn higher"
"tlk2",769.870680853145,9.22670827948031,0.754859943386478,1.78879990300045e-36,1.02904779874426e-33,"Pn_vs_rest","Pn higher"
"fkbp3",26842.6966418248,11.6893484694956,0.971399014882313,2.07846456116612e-36,1.09604364525493e-33,"Pn_vs_rest","Pn higher"
"higd2a",608.242902177177,7.50134245278454,0.616311160377396,1.71948326184377e-35,8.3699154468826e-33,"Pn_vs_rest","Pn higher"
"cilp",460.481110877757,10.0675353338707,0.846008840960601,3.82558948236335e-35,1.72916644602824e-32,"Pn_vs_rest","Pn higher"
"mief1",1017.61689888655,12.1664817558212,1.04082011473917,9.1186734032559e-35,3.84686435305356e-32,"Pn_vs_rest","Pn higher"
"nudcd2",16513.0423270561,9.91854534303991,0.843164860985636,2.24777748929976e-34,8.88995997018053e-32,"Pn_vs_rest","Pn higher"
"hspa12b",958.398395830181,7.80772071018802,0.657478845267217,4.88366508335455e-34,1.81787250867456e-31,"Pn_vs_rest","Pn higher"
"ube2g1b",1559.29243386657,9.60301330187096,0.821176361678046,6.99525482126238e-34,2.45922069494157e-31,"Pn_vs_rest","Pn higher"
"ppp4r3b",469.442503968382,10.2281831552824,0.884918876233118,1.85352550176208e-33,6.17321546060551e-31,"Pn_vs_rest","Pn higher"
"fbxl15",442.706400542602,10.2491054178588,0.920685604585551,2.36366800577349e-31,7.47864557026733e-29,"Pn_vs_rest","Pn higher"
"mrpl9",663.804548927021,8.62966255887233,0.776887892984606,1.60341915560479e-30,4.83163638888909e-28,"Pn_vs_rest","Pn higher"
"rbm34",2116.31412808772,8.23734366010875,0.741507443221529,2.33356933390962e-30,6.71219397499094e-28,"Pn_vs_rest","Pn higher"
"usp4",2038.24961450657,7.46910184054683,0.686396325924482,5.36652732821032e-29,1.47649499708326e-26,"Pn_vs_rest","Pn higher"
"cnga2b",126.282150996088,8.81144203527063,0.819305253662835,6.4738846885247e-29,1.70694759620768e-26,"Pn_vs_rest","Pn higher"
"KDM7A",727.433582358287,7.0764919311177,0.654058660991569,1.30648255956022e-28,3.30696865475883e-26,"Pn_vs_rest","Pn higher"
"gpr174",13531.9455067514,6.41101477924895,0.602808267750823,1.07361359953413e-27,2.61301032994306e-25,"Pn_vs_rest","Pn higher"
"cog4",1089.3842420513,8.83165014296132,0.863887621738279,1.73517180222916e-26,3.92148827303791e-24,"Pn_vs_rest","Pn higher"
"slc30a7",158.825260969859,7.53624788171362,0.729139936083272,1.724018924482e-26,3.92148827303791e-24,"Pn_vs_rest","Pn higher"
"esr1",216.899365594192,7.62971366065565,0.740755938392989,2.34400619360164e-26,5.11478317003833e-24,"Pn_vs_rest","Pn higher"
"ccdc51",1180.12945099997,9.58121551113581,0.954569675695691,5.32965099394417e-26,1.12420104965596e-23,"Pn_vs_rest","Pn higher"
"fasn",177.223294072887,7.40053841839562,0.726339763800234,8.55345400368717e-26,1.74600828823653e-23,"Pn_vs_rest","Pn higher"
"aldh3b1",303.468823602252,7.47325208478159,0.734372246830444,9.28459279279209e-26,1.83602822477464e-23,"Pn_vs_rest","Pn higher"
"mxd3",404.958419181506,8.95381657779357,0.894414626396834,1.33011232296415e-25,2.55059114536884e-23,"Pn_vs_rest","Pn higher"
"cldn7b",83.6967605637896,9.78197745008173,0.99507046935396,3.44755434587315e-25,6.41650702961333e-23,"Pn_vs_rest","Pn higher"
"dnajc14",178.332638195276,7.05985789818019,0.706791416744028,7.71221652207353e-25,1.39436874719089e-22,"Pn_vs_rest","Pn higher"
"ckmt2a",977.096284205446,8.21445767462793,0.831141654184336,9.89056019801185e-25,1.73854069258386e-22,"Pn_vs_rest","Pn higher"
"slc33a1",132.637351276501,8.55389801083039,0.868796332291259,1.03900859373027e-24,1.77698550841221e-22,"Pn_vs_rest","Pn higher"
"aldh1l2",103.622735180428,7.00160179585997,0.705682142422739,1.53755839326458e-24,2.56043934541533e-22,"Pn_vs_rest","Pn higher"
"ddah2",40211.6354104234,8.35137396907442,0.851371297995508,1.81162917108018e-24,2.93948446015266e-22,"Pn_vs_rest","Pn higher"
"pigf",86.4449085426015,9.00757617504957,0.925793778545447,2.05925910367649e-24,3.25774790201621e-22,"Pn_vs_rest","Pn higher"
"thrb",649.06552493464,8.14355613235962,0.830098004918216,2.17288505628205e-24,3.35366259418362e-22,"Pn_vs_rest","Pn higher"
"nemp1",341.028245747861,8.32423498448214,0.856719960525001,4.62926035412781e-24,6.9747522668859e-22,"Pn_vs_rest","Pn higher"
"naa30",180.048725568755,7.62369154394992,0.782710643864058,6.59231499413716e-24,9.70143471695347e-22,"Pn_vs_rest","Pn higher"
"thap4",307.097118968318,9.15665025222638,0.956719249659267,8.25531064138633e-24,1.18726376678847e-21,"Pn_vs_rest","Pn higher"
"ARF1",100.22022809754,7.22391668343658,0.744920097143163,1.27059839061242e-23,1.78674369239897e-21,"Pn_vs_rest","Pn higher"
"cdip1",111.758189783091,8.47143975043114,0.883885651594262,1.44983046349421e-23,1.99446242891117e-21,"Pn_vs_rest","Pn higher"
"zgc:123238",660.081061339133,8.55165158418016,0.893450376038826,1.51701967251109e-23,2.04248946545748e-21,"Pn_vs_rest","Pn higher"
"nus1",146.575613737568,9.10519749973157,0.957452672311853,1.56552112041977e-23,2.06387867708672e-21,"Pn_vs_rest","Pn higher"
"arhgef38",122.52023028985,7.5448163023861,0.784022592804037,2.16845058986494e-23,2.77337091116245e-21,"Pn_vs_rest","Pn higher"
"lrba",163.815372722927,6.20090050655596,0.642070769533293,2.19134869718904e-23,2.77337091116245e-21,"Pn_vs_rest","Pn higher"
"coa6",243.772639898219,10.3340382880097,1.11225498638353,3.66702047631957e-23,4.48526229962718e-21,"Pn_vs_rest","Pn higher"
"nup50",100.942918522016,8.52094765311343,0.898641922296183,3.68574019564813e-23,4.48526229962718e-21,"Pn_vs_rest","Pn higher"
"dhrs7b",183.874273272117,7.54518426936063,0.789225128909822,3.97614789445157e-23,4.7473705426584e-21,"Pn_vs_rest","Pn higher"
"pdss1",661.523085746705,8.13090275080315,0.856236253525076,4.64159172333828e-23,5.3596002903726e-21,"Pn_vs_rest","Pn higher"
"glyctk",105.257723277374,7.18783089541889,0.751474738636319,4.65831251533649e-23,5.3596002903726e-21,"Pn_vs_rest","Pn higher"
"ugcg",90.3949145155022,8.13574213618738,0.861684058148529,7.75915534609714e-23,8.76784554108977e-21,"Pn_vs_rest","Pn higher"
"arg1",105.878573183897,8.01906614032529,0.848552071694282,7.91319833106058e-23,8.7850384278862e-21,"Pn_vs_rest","Pn higher"
"tab3",983.434587782237,7.16945989245617,0.75616357395349,1.0444980700007e-22,1.13958341154559e-20,"Pn_vs_rest","Pn higher"
"scube3",887.921589296558,9.71325581812921,1.05365592761376,1.31278612940949e-22,1.40801875032258e-20,"Pn_vs_rest","Pn higher"
"dph5",95.4226006456273,7.22983029644104,0.768467945143006,2.03206802413686e-22,2.13698052244183e-20,"Pn_vs_rest","Pn higher"
"P3H4",170.078510645906,6.7133408220266,0.712310049270305,2.05998438478116e-22,2.13698052244183e-20,"Pn_vs_rest","Pn higher"
"wdr74",262.146137463015,6.40061270343246,0.680626809328884,2.54351787118401e-22,2.59602920787942e-20,"Pn_vs_rest","Pn higher"
"jam2a",943.112739249922,11.4964847421651,1.28281440228797,2.83101693193911e-22,2.8435992294144e-20,"Pn_vs_rest","Pn higher"
"pex11b",361.450406858398,9.77437283337021,1.07592830975644,4.2533361537981e-22,4.20548612206788e-20,"Pn_vs_rest","Pn higher"
"wfs1a",93.6358165735596,10.2584458427921,1.14219662758823,6.82214273087903e-22,6.64161833861577e-20,"Pn_vs_rest","Pn higher"
"bag1",468.736147810587,7.01436697583421,0.758778366650976,1.03139872250717e-21,9.88892593337173e-20,"Pn_vs_rest","Pn higher"
"csgalnact2",136.211632424338,8.21354432271536,0.898075832608367,1.14989294430158e-21,1.08604814202096e-19,"Pn_vs_rest","Pn higher"
"naa20",302.753125835358,7.1913811270123,0.782394144901128,1.56176304359192e-21,1.45335831468377e-19,"Pn_vs_rest","Pn higher"
"TMEM50B",232.879311545002,8.69294842058769,0.963335410022622,2.21867193220217e-21,2.03474724448917e-19,"Pn_vs_rest","Pn higher"
"rad1",207.956207524594,8.80399944343627,0.979591488729053,2.7615872604611e-21,2.49647488345684e-19,"Pn_vs_rest","Pn higher"
"pmvk",1035.29279727773,7.37447847731148,0.809578728343632,3.02886920390065e-21,2.6995330031385e-19,"Pn_vs_rest","Pn higher"
"nfe2",3556.19394528514,5.46756888209744,0.603664873373698,4.57307258886854e-21,4.0192226864389e-19,"Pn_vs_rest","Pn higher"
"capza1b",365.120307026028,7.09226235739457,0.782019748855034,4.99911705525467e-21,4.33348119529473e-19,"Pn_vs_rest","Pn higher"
"arfgap2",283.436472115097,7.0861984335097,0.783139599544827,6.04859673019737e-21,5.17236758225527e-19,"Pn_vs_rest","Pn higher"
"si:ch211-217a12.1",740.897694869235,5.69825052953239,0.633803983477757,9.42788671186691e-21,7.95462228169251e-19,"Pn_vs_rest","Pn higher"
"prpf31",533.83540345809,4.904107360799,0.553646362720856,2.05318240026341e-20,1.70954450379827e-18,"Pn_vs_rest","Pn higher"
"bin3",314.243033730717,8.22811958660378,0.937605238767781,3.18188727769928e-20,2.58713153492077e-18,"Pn_vs_rest","Pn higher"
"lsm5",273.717260098667,7.47994823810001,0.846084895779739,3.18894215745607e-20,2.58713153492077e-18,"Pn_vs_rest","Pn higher"
"ormdl2",46.7248972306492,7.94297213912995,0.909359676866631,5.82387701548331e-20,4.66499920936436e-18,"Pn_vs_rest","Pn higher"
"neurl4",84.5596813548206,6.44805274019069,0.733780575682649,7.0378408294282e-20,5.56693209607771e-18,"Pn_vs_rest","Pn higher"
"brat1",138.562421354176,6.90020190231277,0.78598707488877,7.1526731425767e-20,5.58791551187967e-18,"Pn_vs_rest","Pn higher"
"atraid",279.904049403295,7.82252603310959,0.897831470380323,7.76363416940624e-20,5.99125329561009e-18,"Pn_vs_rest","Pn higher"
"niban2a",99.4771199455245,7.72459907434956,0.896227709922187,1.885914882071e-19,1.43783968358377e-17,"Pn_vs_rest","Pn higher"
"TMEM43",1588.8657439372,6.83588748048076,0.788976804575904,1.98229913867048e-19,1.49333201779843e-17,"Pn_vs_rest","Pn higher"
"rufy1",186.806360130147,7.61301410951834,0.894198471895684,5.03507995849482e-19,3.74846893851238e-17,"Pn_vs_rest","Pn higher"
"rab34b",90.5550546242347,8.98837968390675,1.0762474670423,5.90221619729251e-19,4.34293303447291e-17,"Pn_vs_rest","Pn higher"
"ppp2r3c",318.876061722669,8.05156014530563,0.954601010117921,7.0850478936366e-19,5.15335437596924e-17,"Pn_vs_rest","Pn higher"
"cyfip1",163.009810516973,4.42337105850246,0.525003868994657,7.94123859581723e-19,5.71047248117403e-17,"Pn_vs_rest","Pn higher"
"rab11al",112.335597568031,7.61937092021376,0.902719765029707,9.3510019593594e-19,6.64866746054228e-17,"Pn_vs_rest","Pn higher"
"zgc:163098",310.512928466626,6.42779245808835,0.757623998950855,9.68960258657577e-19,6.81286724087238e-17,"Pn_vs_rest","Pn higher"
"zgc:172270",35.0655062386741,8.11712466177975,0.969459124018468,1.12753414870054e-18,7.84069900327143e-17,"Pn_vs_rest","Pn higher"
"stx17",597.525371883504,6.77178953611569,0.804711971835157,1.69031332908292e-18,1.16264160287355e-16,"Pn_vs_rest","Pn higher"
"tmem86b",79.3891784680386,7.37111157434697,0.882679672047474,2.31372470964991e-18,1.57432795297469e-16,"Pn_vs_rest","Pn higher"
"dph7",402.730122606952,7.09090206646492,0.849271342629091,2.67265616701803e-18,1.79920938562661e-16,"Pn_vs_rest","Pn higher"
"lrrc14b",1360.86519698265,6.69622182069237,0.801064947454632,2.73948927514163e-18,1.82478822453645e-16,"Pn_vs_rest","Pn higher"
"fhl1a",784.105374681845,-6.24458004310504,0.748049747209558,3.00269247843927e-18,1.97927479203789e-16,"Pn_vs_rest","Other species higher"
"dhrs7",136.318380429614,9.20479686833455,1.13320675950466,3.16648135575798e-18,2.06572103291098e-16,"Pn_vs_rest","Pn higher"
"rhd",890.273221829052,4.62807456517388,0.562858271009359,4.51294798962841e-18,2.91407498758863e-16,"Pn_vs_rest","Pn higher"
"ppt1",2647.4206894721,5.65924375092158,0.685817893197518,5.54654452798787e-18,3.545306441728e-16,"Pn_vs_rest","Pn higher"
"ada",504.455412332877,6.53277462563017,0.79059678873299,6.17798995479269e-18,3.90943204339281e-16,"Pn_vs_rest","Pn higher"
"mrps25",828.808376724854,5.22046583233834,0.637077694034001,7.19325056333489e-18,4.50682074898843e-16,"Pn_vs_rest","Pn higher"
"hltf",860.710919270215,7.38837040228458,0.902236062519862,8.75903273255388e-18,5.43403520898048e-16,"Pn_vs_rest","Pn higher"
"reep1",318.816931347581,5.83396861974935,0.715231190924397,1.30371394491683e-17,8.0096134402269e-16,"Pn_vs_rest","Pn higher"
"p2rx5",509.059042866806,6.8721795087033,0.84627152617694,1.89046382428475e-17,1.15027452693018e-15,"Pn_vs_rest","Pn higher"
"micu2",257.090127061714,6.45277891844322,0.799282792432832,2.91648882135283e-17,1.7576705963353e-15,"Pn_vs_rest","Pn higher"
"thoc1",318.36418446165,5.39714073971194,0.671909593257163,2.94645298542052e-17,1.7589768388435e-15,"Pn_vs_rest","Pn higher"
"tfam",56.3697888357343,5.96170361654266,0.743550987737685,4.19658485147349e-17,2.48186812524526e-15,"Pn_vs_rest","Pn higher"
"slc20a1b",1666.31888335936,4.82550992179065,0.607141861475664,4.51461405354872e-17,2.64522941952373e-15,"Pn_vs_rest","Pn higher"
"usp13",73.35883865486,7.91971841029828,0.998163107288191,4.78926402280809e-17,2.78040942535134e-15,"Pn_vs_rest","Pn higher"
"znf142",67.2178012017375,7.48114542771522,0.93937829026635,5.12133795650191e-17,2.94616605352219e-15,"Pn_vs_rest","Pn higher"
"atp6v0cb",541.238622338789,4.8071480971285,0.608634922439772,6.68217106789123e-17,3.8094395060915e-15,"Pn_vs_rest","Pn higher"
"herc4",1563.56434925182,5.74902784638796,0.724419526718785,7.48817302808106e-17,4.2308177608658e-15,"Pn_vs_rest","Pn higher"
"fam118b",684.843210098522,6.79767867706673,0.857399020570839,8.99100026004797e-17,5.03496014562686e-15,"Pn_vs_rest","Pn higher"
"mif4gda",277.454889357155,5.6655787938232,0.717302621699993,9.75424100441031e-17,5.41445939262355e-15,"Pn_vs_rest","Pn higher"
"faah2b",129.574888684905,7.29715678491112,0.925128533155215,1.03634221074209e-16,5.70258566050081e-15,"Pn_vs_rest","Pn higher"
"msh6",358.182665758839,-7.41859222232413,0.941739357593737,1.05288168164474e-16,5.7436511046965e-15,"Pn_vs_rest","Other species higher"
"tma16",1973.36303328344,6.82373133130633,0.863401852167915,1.08907700999534e-16,5.89032420448764e-15,"Pn_vs_rest","Pn higher"
"zwilch",8234.15736212946,-7.91034795177063,1.01047366856179,1.11363947146705e-16,5.97212760630806e-15,"Pn_vs_rest","Other species higher"
"rpl6",2227.48742492233,7.82866657164986,1.00030218456496,1.20383824027849e-16,6.40158687771623e-15,"Pn_vs_rest","Pn higher"
"si:dkey-76k16.6",185.617330923392,6.53823312515244,0.828257057788468,1.21769202889938e-16,6.42129596572939e-15,"Pn_vs_rest","Pn higher"
"ybey",224.998215134565,5.09591889734228,0.650522442142745,1.25230763182801e-16,6.549258424965e-15,"Pn_vs_rest","Pn higher"
"psme3ip1",135.775232671144,5.20562120793766,0.664348911034423,1.29530597454137e-16,6.7186034482769e-15,"Pn_vs_rest","Pn higher"
"fam113",222.652798007794,4.25468723765663,0.546417466149805,1.54280182144592e-16,7.93727636269086e-15,"Pn_vs_rest","Pn higher"
"adprh",239.181152437031,5.63060843093548,0.719353297247089,1.68464266438237e-16,8.59711191952551e-15,"Pn_vs_rest","Pn higher"
"fabp2",268.979337599125,7.39260618164247,0.94815620672374,2.01067508340099e-16,1.01788415422092e-14,"Pn_vs_rest","Pn higher"
"clic1",773.319403056643,7.54681023086142,0.969539101785939,2.03193192651787e-16,1.02048136754008e-14,"Pn_vs_rest","Pn higher"
"rapgef1b",457.905829490243,4.61733091699293,0.596199502901234,2.15147829730013e-16,1.07201217837128e-14,"Pn_vs_rest","Pn higher"
"tp63",88.9828246054646,6.82158514664755,0.875867882857319,2.68171721295462e-16,1.32577394715444e-14,"Pn_vs_rest","Pn higher"
"C6orf62",243.220503045973,4.87716714140922,0.63160992190277,2.75995443927505e-16,1.35387532494051e-14,"Pn_vs_rest","Pn higher"
"dgcr8",149.878021622317,4.51099615189459,0.58564135303384,2.94816876812191e-16,1.43507784343657e-14,"Pn_vs_rest","Pn higher"
"xaf1",27.7365977086814,7.6550744471982,0.992340317755324,3.25397880790565e-16,1.57184564094862e-14,"Pn_vs_rest","Pn higher"
"mars2",332.173192202439,6.51337818838777,0.839133010926286,3.41915827109738e-16,1.63912375299274e-14,"Pn_vs_rest","Pn higher"
"med15",116.864940079709,5.26973058171763,0.683207956520213,3.48389070468757e-16,1.65759852475661e-14,"Pn_vs_rest","Pn higher"
"nek12",105.405863468221,6.99988636836254,0.903762193124701,3.56639216134875e-16,1.68418877589663e-14,"Pn_vs_rest","Pn higher"
"dlk2",63.2210767098048,7.61379378126663,0.988603955066471,3.68460649998925e-16,1.71442573028912e-14,"Pn_vs_rest","Pn higher"
"ZCCHC24",693.463021979449,5.48451287026662,0.71049277472744,3.6699831799055e-16,1.71442573028912e-14,"Pn_vs_rest","Pn higher"
"zbtb41",65.0069453742711,7.7687196129027,1.01219673537052,4.06356376969783e-16,1.87695120690861e-14,"Pn_vs_rest","Pn higher"
"rest",215.093313613425,5.26712218528584,0.685799347814334,4.49269939622129e-16,2.06013056371654e-14,"Pn_vs_rest","Pn higher"
"acyp2",34.4094597489109,7.55757890601535,0.98643613840504,5.19419230141922e-16,2.36466538729358e-14,"Pn_vs_rest","Pn higher"
"rbsn",262.559776044598,4.88864866627016,0.640374029291669,5.47955701749774e-16,2.47675977190898e-14,"Pn_vs_rest","Pn higher"
"slc25a12",970.028593147535,3.85645798813604,0.505840417754588,6.54789237489542e-16,2.93865694669065e-14,"Pn_vs_rest","Pn higher"
"dgke",278.616106871564,7.34715343006614,0.962175644862207,7.1192243812503e-16,3.15038125066796e-14,"Pn_vs_rest","Pn higher"
"gemin4",154.795415558593,6.06789561900837,0.791998107613225,7.07492617025858e-16,3.15038125066796e-14,"Pn_vs_rest","Pn higher"
"si:ch73-238c9.1",44.0329163621056,7.76787593043132,1.02214602193997,7.24045105294004e-16,3.18177599048643e-14,"Pn_vs_rest","Pn higher"
"ascc2",487.434034432552,4.22307696389797,0.557853841138179,8.41040329155558e-16,3.6704160019975e-14,"Pn_vs_rest","Pn higher"
"ube3a",67.5377460834862,8.13282455714744,1.08058673637142,9.5013733785066e-16,4.11812950268423e-14,"Pn_vs_rest","Pn higher"
"vdac3",71.329002928654,7.33813884675194,0.967859409386341,1.07931013614442e-15,4.61468677720179e-14,"Pn_vs_rest","Pn higher"
"slc25a44a",150.653098561461,5.92371984630231,0.779454896888678,1.08994521367086e-15,4.61468677720179e-14,"Pn_vs_rest","Pn higher"
"slc37a4a",355.536688967495,5.14213824322446,0.680401312801452,1.09079457145145e-15,4.61468677720179e-14,"Pn_vs_rest","Pn higher"
"copg2",284.574341381789,-4.89321888665129,0.64860199494572,1.09387328789549e-15,4.61468677720179e-14,"Pn_vs_rest","Other species higher"
"SPATA1",351.812654882492,7.36474192687356,0.974768480609354,1.29995409576432e-15,5.44775464767987e-14,"Pn_vs_rest","Pn higher"
"zgc:101679",342.387565277374,6.4868478930015,0.855781958409189,1.37855338159048e-15,5.73913539388457e-14,"Pn_vs_rest","Pn higher"
"usp39",1713.52331959662,5.04258698806852,0.671695555506636,1.5334019118638e-15,6.34207012959092e-14,"Pn_vs_rest","Pn higher"
"sdr42e2",124.613087340156,5.28024995344962,0.703988016362046,1.78730083288542e-15,7.29679978741867e-14,"Pn_vs_rest","Pn higher"
"mrps30",361.046609249456,4.30456790562262,0.576265507281375,1.78715534879831e-15,7.29679978741867e-14,"Pn_vs_rest","Pn higher"
"srprb",94.5245977367492,5.80316117098547,0.771501926926034,1.89028965743131e-15,7.6189509249843e-14,"Pn_vs_rest","Pn higher"
"appb",192.250904179425,5.67706569851401,0.755329532238862,1.88576315831623e-15,7.6189509249843e-14,"Pn_vs_rest","Pn higher"
"znhit3",69.0701246832925,5.94060899430748,0.791808279928155,2.28374090239779e-15,9.1465268546666e-14,"Pn_vs_rest","Pn higher"
"mars1",770.38659435403,7.18979961618724,0.960186977032787,2.34569451436834e-15,9.27722180432679e-14,"Pn_vs_rest","Pn higher"
"znf750",68.5821829804906,5.11836233040513,0.686500710641302,2.33484878028689e-15,9.27722180432679e-14,"Pn_vs_rest","Pn higher"
"slc2a10",59.0054216720642,6.29866054532467,0.843295075744383,3.14580587308168e-15,1.23643848228949e-13,"Pn_vs_rest","Pn higher"
"gtf2e2",175.201303726143,4.29874608357372,0.583572724129828,3.90866966564129e-15,1.52679392865297e-13,"Pn_vs_rest","Pn higher"
"COG5",1015.57543217589,-5.32302323986123,0.72168008003759,4.63236648753257e-15,1.79838129650958e-13,"Pn_vs_rest","Other species higher"
"cttnbp2nlb",623.311708666293,-7.33034416215378,0.993592883182398,4.97383655499559e-15,1.91917303170806e-13,"Pn_vs_rest","Other species higher"
"nkrf",1427.18193463468,5.79892008180855,0.784584862463734,5.0142443262419e-15,1.92303867251265e-13,"Pn_vs_rest","Pn higher"
"si:ch73-344o19.1",2261.98523394655,5.12578366685982,0.699945450379389,6.29849341638309e-15,2.40101604451037e-13,"Pn_vs_rest","Pn higher"
"adck5",107.362639404348,5.95685938268005,0.811001025096533,7.38738358719674e-15,2.79924331375934e-13,"Pn_vs_rest","Pn higher"
"si:ch211-243o19.4",108.054596859403,6.00796235099344,0.820317312112062,8.73879578094843e-15,3.29161307749057e-13,"Pn_vs_rest","Pn higher"
"cmc2",119.348090890242,5.97823156743347,0.817843603584478,9.6226162872397e-15,3.60307194471318e-13,"Pn_vs_rest","Pn higher"
"gpr155a",27.7284137435349,7.5029887504315,1.03193443210356,9.873800628543e-15,3.67537708102471e-13,"Pn_vs_rest","Pn higher"
"eif2b4",272.120718043012,5.6470680477329,0.776065451544244,1.10115769946829e-14,4.07492743990371e-13,"Pn_vs_rest","Pn higher"
"arl2",318.353434669352,7.29022684461745,1.00386400969262,1.17762989798547e-14,4.332582554914e-13,"Pn_vs_rest","Pn higher"
"C12orf29",46.1886389638785,6.92413348896531,0.952226283358117,1.26624213447061e-14,4.63166487105782e-13,"Pn_vs_rest","Pn higher"
"micu1",116.791338833815,6.56200053556349,0.902205337990426,1.33143527324365e-14,4.83266751705803e-13,"Pn_vs_rest","Pn higher"
"acad8",48.9371433541789,6.19994424045014,0.852721935718168,1.33646778679702e-14,4.83266751705803e-13,"Pn_vs_rest","Pn higher"
"cry1a",281.669732880294,4.98803721460652,0.692555121649123,1.44972981914668e-14,5.21243766793192e-13,"Pn_vs_rest","Pn higher"
"sprtn",30.715280163509,7.73886320991483,1.07614478138788,1.50747862507398e-14,5.38944900534925e-13,"Pn_vs_rest","Pn higher"
"DDA1",19.6418326388498,6.92521296560002,0.955817516327947,1.52955059815882e-14,5.42249660107006e-13,"Pn_vs_rest","Pn higher"
"dcdc2b",129.259637688515,6.69426576110743,0.923120303776003,1.53386044815351e-14,5.42249660107006e-13,"Pn_vs_rest","Pn higher"
"psen1",157.45296500739,5.96457348915925,0.82408683329623,1.61767296482908e-14,5.68701917857691e-13,"Pn_vs_rest","Pn higher"
"march7",110.955845672494,4.37838104078048,0.611304891934495,1.7508798254202e-14,6.12130803052985e-13,"Pn_vs_rest","Pn higher"
"cnot3a",267.815555039197,-5.51080273643486,0.766629052570867,1.979502967439e-14,6.88257954832637e-13,"Pn_vs_rest","Other species higher"
"ppfibp1a",1029.66195673918,4.5328071623839,0.635992326395132,2.25946117670006e-14,7.81304389407538e-13,"Pn_vs_rest","Pn higher"
"cpsf4",2785.94245981913,6.26001015729693,0.87332086015493,2.82027601294009e-14,9.69929707058961e-13,"Pn_vs_rest","Pn higher"
"ranbp1",85.2164526018763,6.40508685927729,0.894032547874547,2.92481114623635e-14,1.00044350991263e-12,"Pn_vs_rest","Pn higher"
"cmya5",76.4005395587569,6.14619147134588,0.860154165331393,3.2630006046311e-14,1.10538317822094e-12,"Pn_vs_rest","Pn higher"
"lpin2",137.169286799431,6.06000462638502,0.848378901032474,3.26654004942028e-14,1.10538317822094e-12,"Pn_vs_rest","Pn higher"
"rhof",55.9874840265436,8.0148884499451,1.13704656245394,3.38453563190635e-14,1.13922029142039e-12,"Pn_vs_rest","Pn higher"
"mfsd2b",115.922068435399,6.03629710482575,0.847258081668615,3.70842488811314e-14,1.24163559216825e-12,"Pn_vs_rest","Pn higher"
"lipf",154.013853914084,5.21353313105778,0.738386623455595,4.38196372210436e-14,1.45942454913033e-12,"Pn_vs_rest","Pn higher"
"nfkbiab",527.986120819887,6.5268027074057,0.91915075374625,4.57867831013504e-14,1.51374093178125e-12,"Pn_vs_rest","Pn higher"
"tmem59",41.3835297576288,5.82573031473151,0.82208484449329,4.5928928397914e-14,1.51374093178125e-12,"Pn_vs_rest","Pn higher"
"kcnn4",184.196470522793,4.48631695508133,0.639360904835115,4.98929549318589e-14,1.63586849123732e-12,"Pn_vs_rest","Pn higher"
"rxrbb",59.6617069542138,8.0524426095304,1.15231876940849,5.03070152257025e-14,1.6409422285992e-12,"Pn_vs_rest","Pn higher"
"pold2",2154.00963325771,6.75237309390138,0.953740028140038,5.17350820721687e-14,1.67886974027017e-12,"Pn_vs_rest","Pn higher"
"chdh",200.316224212297,5.24232870742295,0.745461770233735,5.42259443747022e-14,1.75072334695467e-12,"Pn_vs_rest","Pn higher"
"gnpnat1",277.462581939907,4.9798673520868,0.709831356919658,5.54267333907376e-14,1.78040796394207e-12,"Pn_vs_rest","Pn higher"
"armc5",322.252055844278,5.76406507306356,0.817671909014554,5.85822295499592e-14,1.872264386829e-12,"Pn_vs_rest","Pn higher"
"abcf1",401.303861913049,4.74053830331656,0.678121404412018,6.19223848647395e-14,1.96906960514609e-12,"Pn_vs_rest","Pn higher"
"mrpl14",333.1818298714,5.70881439309047,0.812459282384802,6.75247830974096e-14,2.13648413720204e-12,"Pn_vs_rest","Pn higher"
"stx5a",8230.07948701546,6.21754618114199,0.883546878581313,7.09342935311966e-14,2.23319507196722e-12,"Pn_vs_rest","Pn higher"
"RRM2",839.135630052178,5.40270610896219,0.772157262917145,7.42178802134576e-14,2.32500369302356e-12,"Pn_vs_rest","Pn higher"
"aspdh",328.639101622351,4.58222277777707,0.658416449507158,7.54512955985111e-14,2.35199900762255e-12,"Pn_vs_rest","Pn higher"
"eri1",114.032063908226,8.58363892019177,1.25112556346538,7.69447736176272e-14,2.38679670319777e-12,"Pn_vs_rest","Pn higher"
"zgc:55888",26.4322118184095,8.00194595775991,1.15730722466071,8.72199459141931e-14,2.69233081826836e-12,"Pn_vs_rest","Pn higher"
"sart3",407.64395137167,4.59681212104318,0.66547398329661,1.08966587696868e-13,3.34728430556203e-12,"Pn_vs_rest","Pn higher"
"cap1",451.742121023157,5.58390791321689,0.803922574514892,1.13715941421369e-13,3.476301822775e-12,"Pn_vs_rest","Pn higher"
"zdhhc17",232.725388545957,5.74041008022804,0.834702490354431,1.92944266654558e-13,5.86995826629827e-12,"Pn_vs_rest","Pn higher"
"rnft1",72.773944704038,7.73943178751702,1.13597288546031,2.10464604174918e-13,6.37234457042527e-12,"Pn_vs_rest","Pn higher"
"CHST13",91.7533781771675,5.54252683165027,0.80890292428076,2.14569226317937e-13,6.46568601971382e-12,"Pn_vs_rest","Pn higher"
"si:dkey-23o4.6",36.5649628203752,5.7859772197752,0.846256143045622,2.57508177469748e-13,7.72280448828706e-12,"Pn_vs_rest","Pn higher"
"GOT1",886.569267199052,4.95528955953709,0.729472723393791,2.60782486364794e-13,7.78411119677554e-12,"Pn_vs_rest","Pn higher"
"gatd1",206.222427353557,5.47568045892536,0.804616205978149,2.88154677095133e-13,8.5607643035587e-12,"Pn_vs_rest","Pn higher"
"l3hypdh",247.409102854928,-8.73537220175317,1.31576732226106,2.98258514574966e-13,8.81953215060928e-12,"Pn_vs_rest","Other species higher"
"si:dkey-98f17.5",66.7122756518129,6.99960375797993,1.02804312449033,3.15257036170594e-13,9.27882104598846e-12,"Pn_vs_rest","Pn higher"
"chia.4",181.199937424125,6.51084027390632,0.956032668240126,3.41567506712551e-13,9.96054922800472e-12,"Pn_vs_rest","Pn higher"
"zgc:66024",37.9609485615024,5.56910676827537,0.82073815837337,3.41175146127941e-13,9.96054922800472e-12,"Pn_vs_rest","Pn higher"
"etnppl",1380.28263687543,5.78465766878226,0.851925483186448,3.54638933193924e-13,1.02942897672071e-11,"Pn_vs_rest","Pn higher"
"pkd2l1",84.3287029135923,5.14778060374704,0.76392801507307,4.02989269241685e-13,1.16443657340703e-11,"Pn_vs_rest","Pn higher"
"smpd1",97.1453473415116,6.44894922845113,0.954495361644596,4.91894697431281e-13,1.41486802061143e-11,"Pn_vs_rest","Pn higher"
"blzf1",203.227623381522,4.11733647699759,0.615089192923438,5.1127509312818e-13,1.46395872819689e-11,"Pn_vs_rest","Pn higher"
"cant1b",146.939685734165,4.85901560639458,0.728207964891203,5.78124955489348e-13,1.64791653979126e-11,"Pn_vs_rest","Pn higher"
"cct7",211.667772808529,6.03231934233257,0.897277145114545,5.92695287214359e-13,1.68187254596075e-11,"Pn_vs_rest","Pn higher"
"tacr2",33.5189436037516,6.97986355635204,1.04112873867384,6.38675907616383e-13,1.80425943901628e-11,"Pn_vs_rest","Pn higher"
"atp7a",169.697561499514,6.35612350021599,0.946574408399957,6.4885923182335e-13,1.82488054176807e-11,"Pn_vs_rest","Pn higher"
"tas1r1",83.1265065433348,5.42733473129423,0.815501320709345,7.81419850812488e-13,2.18797558227497e-11,"Pn_vs_rest","Pn higher"
"caprin1a",354.992712345023,5.13753556608747,0.777622589279768,9.7669330820201e-13,2.72269394462657e-11,"Pn_vs_rest","Pn higher"
"COMTD1",2869.27133326553,4.44648596418252,0.675435661305476,1.01154500357255e-12,2.80748104500313e-11,"Pn_vs_rest","Pn higher"
"ppwd1",216.231535162511,-5.57096868849067,0.842018799519975,1.064503392913e-12,2.94156221412815e-11,"Pn_vs_rest","Other species higher"
"STUB1",162.261354905282,4.70737870283751,0.716176331275142,1.09768457963957e-12,3.02006435650399e-11,"Pn_vs_rest","Pn higher"
"zgc:86609",183.326577936974,6.58345256803793,0.996102378621912,1.29422892613565e-12,3.54540287644432e-11,"Pn_vs_rest","Pn higher"
"dnase2",536.817451937557,5.44927627978898,0.828775522509327,1.34111661186725e-12,3.65801117236895e-11,"Pn_vs_rest","Pn higher"
"parp12a",193.615069685266,5.3155550031957,0.810007822363542,1.39319793757312e-12,3.78375817552047e-11,"Pn_vs_rest","Pn higher"
"SH2B2",33.3739994776319,7.17640603760278,1.09411924695124,1.54048080300659e-12,4.16588141941268e-11,"Pn_vs_rest","Pn higher"
"EIF5AL1",128.339332867561,6.44593670409199,0.97992147015486,1.59979313892605e-12,4.30786850345704e-11,"Pn_vs_rest","Pn higher"
"ERG28",296.706056970309,6.39546918510086,0.973772443574951,1.7115709779977e-12,4.5893309952413e-11,"Pn_vs_rest","Pn higher"
"adam17b",301.390538098204,4.91891241083119,0.757275374381208,1.91513406544882e-12,5.11348876209289e-11,"Pn_vs_rest","Pn higher"
"cinp",359.136976325801,3.84550978952119,0.591256347148165,2.13750706888824e-12,5.68325408904402e-11,"Pn_vs_rest","Pn higher"
"tmbim1a",154.301676233875,5.38074441122446,0.828536525087196,2.22784922899117e-12,5.89867360713646e-11,"Pn_vs_rest","Pn higher"
"mapk9",215.394072945308,4.5996763408237,0.714544830981171,2.67000018017975e-12,7.03990047507393e-11,"Pn_vs_rest","Pn higher"
"rapgef3",143.868661854124,8.08206997370634,1.26629917999501,2.74798652621148e-12,7.21546005720590e-11,"Pn_vs_rest","Pn higher"
"klhl21",14.0920487775778,6.35417984671411,0.97907025962912,2.82824888421568e-12,7.39552022285818e-11,"Pn_vs_rest","Pn higher"
"abcf2a",262.61842998054,-5.13973932402907,0.798954750320846,3.06828030022251e-12,7.99015544848067e-11,"Pn_vs_rest","Other species higher"
"padi2",66.5868058270583,5.7839795254755,0.895998491196123,3.24614568921706e-12,8.4186925907236e-11,"Pn_vs_rest","Pn higher"
"si:ch211-248l17.3",42.7676652197108,7.24702786963647,1.12595381420797,3.28493677205013e-12,8.48452240552376e-11,"Pn_vs_rest","Pn higher"
"rida",1599.32072703384,6.00182305094019,0.930161043357289,3.47109525334054e-12,8.92889868420283e-11,"Pn_vs_rest","Pn higher"
"shisa2b",1167.30881556171,4.89133886527821,0.764390099973136,3.57894844471054e-12,9.16906305997098e-11,"Pn_vs_rest","Pn higher"
"dtwd1",1005.52326066271,5.44455245914025,0.847567291391644,3.59650487374712e-12,9.17688824236765e-11,"Pn_vs_rest","Pn higher"
"wbp2",169.420221554482,4.30744433593558,0.673768842149006,3.63462854110826e-12,9.23691944101731e-11,"Pn_vs_rest","Pn higher"
"fgf2",89.1755913829613,4.56358343789923,0.715764280320425,3.9834218212185e-12,1.00828373138683e-10,"Pn_vs_rest","Pn higher"
"zgc:92040",293.14916567422,5.8059831659894,0.904905265798896,4.19929756570004e-12,1.05869143409362e-10,"Pn_vs_rest","Pn higher"
"slc16a12b",92.5258609343665,8.76120491665176,1.40933617256898,4.34162978238635e-12,1.09023147868813e-10,"Pn_vs_rest","Pn higher"
"tsta3",39.8980602172669,6.43918544481637,1.00285618598724,4.39859128507324e-12,1.10016939335745e-10,"Pn_vs_rest","Pn higher"
"emp1",219.576303316982,6.67003933047804,1.04074495793735,4.64815120628415e-12,1.15801184383331e-10,"Pn_vs_rest","Pn higher"
"aqp10b",30.8528401878909,6.37703705807543,0.994688340149005,4.68322559175422e-12,1.16217457037728e-10,"Pn_vs_rest","Pn higher"
"alkbh2",240.329768434761,5.45223073227472,0.856886611522273,5.33035261476478e-12,1.31759653696217e-10,"Pn_vs_rest","Pn higher"
"mettl6",60.1107237364635,6.10761176913313,0.956246881742346,5.35489393802278e-12,1.31851240621822e-10,"Pn_vs_rest","Pn higher"
"hnrnph1",184.101721263843,3.40676485494374,0.532564681797335,6.53459686041396e-12,1.60274918343797e-10,"Pn_vs_rest","Pn higher"
"fam160b1",117.271861844041,4.35199988237979,0.692217437493388,7.17949513693631e-12,1.75412529832174e-10,"Pn_vs_rest","Pn higher"
"zbtb12.1",360.587253993853,4.829649179774,0.768850992906683,7.52980184857817e-12,1.83263792683856e-10,"Pn_vs_rest","Pn higher"
"flii",287.651203890817,-4.95582089687888,0.789503385091314,7.9578481672314e-12,1.9293970575571e-10,"Pn_vs_rest","Other species higher"
"timm8a",357.054157616219,5.44161233995426,0.865056877827836,8.4137724528165e-12,2.01675576065995e-10,"Pn_vs_rest","Pn higher"
"slc31a2",240.230973122689,5.18458541258855,0.825788199773207,8.39922954000495e-12,2.01675576065995e-10,"Pn_vs_rest","Pn higher"
"gtf2h3",346.616488935304,-4.62515910860981,0.738798289295604,8.41136058509823e-12,2.01675576065995e-10,"Pn_vs_rest","Other species higher"
"fgd5a",70.1368397510091,6.8303564858383,1.08460374532548,9.05305922072978e-12,2.15367514093151e-10,"Pn_vs_rest","Pn higher"
"chpt1",95.1920206249153,4.36029559324057,0.697527406174678,9.0341044823778e-12,2.15367514093151e-10,"Pn_vs_rest","Pn higher"
"zbtb3",79.8793589018884,5.44664041819619,0.869211713066519,9.82063055632977e-12,2.32752622323801e-10,"Pn_vs_rest","Pn higher"
"atp1a2a",80.9680047769777,5.93487295544645,0.94480131108897,1.01124377739393e-11,2.38774276990625e-10,"Pn_vs_rest","Pn higher"
"ognb",261.007518255428,5.5300172083726,0.882789396769578,1.01906845736477e-11,2.39727330788262e-10,"Pn_vs_rest","Pn higher"
"ltb4r2b",15.838223217499,6.99333099945475,1.11995005814867,1.20155088413609e-11,2.81607925733822e-10,"Pn_vs_rest","Pn higher"
"hgd",934.957598877491,5.3607477449266,0.860668003289436,1.21167473221922e-11,2.82932756659898e-10,"Pn_vs_rest","Pn higher"
"mrpl35",144.789638161483,5.00058933354325,0.805693950927023,1.25753531607499e-11,2.92561892651563e-10,"Pn_vs_rest","Pn higher"
"dnajc15",329.401968208987,-8.64130392505721,1.42700546136543,1.28553257323586e-11,2.97979858001338e-10,"Pn_vs_rest","Other species higher"
"dffb",453.977409743713,5.81203702781832,0.932747742782043,1.3500869314476e-11,3.11801098620454e-10,"Pn_vs_rest","Pn higher"
"JMJD8",631.064591144211,3.95833978620755,0.637742271429273,1.38501257370751e-11,3.18703984233494e-10,"Pn_vs_rest","Pn higher"
"capn3b",108.00211342968,5.54665295668749,0.893339197413996,1.44713318326979e-11,3.30594179918096e-10,"Pn_vs_rest","Pn higher"
"exosc6",137.095345767119,4.7488095278192,0.768757663694494,1.44202208476614e-11,3.30594179918096e-10,"Pn_vs_rest","Pn higher"
"coasy",221.393411081097,5.57164332663379,0.899094387729388,1.56959861195188e-11,3.57281295555091e-10,"Pn_vs_rest","Pn higher"
"si:ch211-198n5.11",105.745016538499,5.4108574089551,0.874477858808228,1.58905951804397e-11,3.60414646243091e-10,"Pn_vs_rest","Pn higher"
"epn2",60.7373863676282,4.56151919654792,0.741565892676306,1.67803203026256e-11,3.79235238839338e-10,"Pn_vs_rest","Pn higher"
"phykpl",2736.9894011005,3.81753032861825,0.616791692232514,1.69631293195611e-11,3.82002428235525e-10,"Pn_vs_rest","Pn higher"
"usp14",206.210435263091,3.83322554431618,0.619614018116975,1.7081478645029e-11,3.83303534984905e-10,"Pn_vs_rest","Pn higher"
"ankzf1",243.39702907248,5.85057030317532,0.944630561764357,1.71786303652738e-11,3.84121459192411e-10,"Pn_vs_rest","Pn higher"
"txndc12",602.720946808928,5.07691138874691,0.825763197327863,1.84749377762574e-11,4.1165283890196e-10,"Pn_vs_rest","Pn higher"
"gtf2h4",35.3638108219537,6.74499027455717,1.09100860438635,1.87156339628138e-11,4.15552742865564e-10,"Pn_vs_rest","Pn higher"
"pdxp",230.846583794341,4.55504190004576,0.7435552222981,1.96542553408556e-11,4.3486757970956e-10,"Pn_vs_rest","Pn higher"
"zdhhc22",27.9613077801143,5.83716518405915,0.946924809310451,2.04956457284413e-11,4.51903993622219e-10,"Pn_vs_rest","Pn higher"
"opn6a",39.967285798042,4.78102953751858,0.782168592904111,2.17201926588846e-11,4.77240899810492e-10,"Pn_vs_rest","Pn higher"
"wrap73",603.125991016203,3.68512642162384,0.597747469634134,2.20062648007702e-11,4.81853438267384e-10,"Pn_vs_rest","Pn higher"
"mapk8a",444.441143140506,5.27893351433609,0.862147426336388,2.28098882689197e-11,4.97727492985255e-10,"Pn_vs_rest","Pn higher"
"VDAC2",808.017431359553,4.51969597390305,0.741187157489704,2.34516745166162e-11,5.09973183302911e-10,"Pn_vs_rest","Pn higher"
"prdx2",792.500026596281,4.9982856513853,0.823855118964799,2.99714893610124e-11,6.49519125604406e-10,"Pn_vs_rest","Pn higher"
"acot13",4055.57198080964,4.14685569408575,0.683385379293508,3.04153950174571e-11,6.56889486929926e-10,"Pn_vs_rest","Pn higher"
"slc2a12",154.911006337153,5.33252507738038,0.877594367882611,3.08505950143909e-11,6.64022330785938e-10,"Pn_vs_rest","Pn higher"
"mrps36",360.844153734513,3.73036563028759,0.611063583372547,3.09998714947361e-11,6.64973514639626e-10,"Pn_vs_rest","Pn higher"
"ddx49",738.818087311303,4.16521380519593,0.690658351562406,3.81106340324393e-11,8.14743554585392e-10,"Pn_vs_rest","Pn higher"
"zgc:136439",291.988006607131,3.65170815556581,0.601137597394906,4.00573722229219e-11,8.53478287631818e-10,"Pn_vs_rest","Pn higher"
"armc7",86.0124675043837,4.82714081479608,0.803213724833665,4.1236647407565e-11,8.75656056359299e-10,"Pn_vs_rest","Pn higher"
"ncf2",216.852689447284,5.32935548514338,0.885181920597661,4.32568663067555e-11,9.15483110331601e-10,"Pn_vs_rest","Pn higher"
"nelfe",150.537759470163,4.36073340964934,0.72746641967596,4.53064830190017e-11,9.55664748480808e-10,"Pn_vs_rest","Pn higher"
"gpatch8",201.952860070578,3.60990892557041,0.596714084546826,4.86785432692673e-11,1.02338146780041e-09,"Pn_vs_rest","Pn higher"
"il17d",84.0854175544749,4.22512636500031,0.707743818985217,5.4430162632757e-11,1.14051016271552e-09,"Pn_vs_rest","Pn higher"
"bloc1s1",17.3871685387173,6.12637852124799,1.01978034050308,5.51509090086045e-11,1.1517985221335e-09,"Pn_vs_rest","Pn higher"
"gorasp1a",432.803191668694,5.87936446390224,0.98254621255374,6.14761250549817e-11,1.27967407680238e-09,"Pn_vs_rest","Pn higher"
"C1orf50",19.039038975688,6.09153939345406,1.01792337556342,6.31071123724616e-11,1.30078764525387e-09,"Pn_vs_rest","Pn higher"
"prmt9",158.089138808575,5.89948638690799,0.98648871431489,6.29891750329152e-11,1.30078764525387e-09,"Pn_vs_rest","Pn higher"
"gcnt3",29.5809420467673,5.25467904419189,0.882424548807729,6.30875166294476e-11,1.30078764525387e-09,"Pn_vs_rest","Pn higher"
"surf1",55585.3137233015,4.58754341069602,0.773866864864712,6.66544150539935e-11,1.36944525474568e-09,"Pn_vs_rest","Pn higher"
"dis3l",26.1550589573765,6.15557148583041,1.0328670285481,7.33495688863181e-11,1.50212321007321e-09,"Pn_vs_rest","Pn higher"
"tprg1l",36.2336794560291,3.46197379761724,0.576850605936481,7.63315653538123e-11,1.55814885664169e-09,"Pn_vs_rest","Pn higher"
"fktn",574.063880451866,4.42999744959753,0.75041672621241,7.8201924242995e-11,1.59119542318223e-09,"Pn_vs_rest","Pn higher"
"zgc:162872",113.571187848232,4.508062310548,0.76489037090184,8.22952421371238e-11,1.66911632129397e-09,"Pn_vs_rest","Pn higher"
"ndufaf1",65.6926804119628,5.9533182308445,1.00561237482269,9.06067036927792e-11,1.83181859734155e-09,"Pn_vs_rest","Pn higher"
"vars1",371.147150281097,3.03632714233567,0.501706913055613,9.57215097211926e-11,1.92906278189716e-09,"Pn_vs_rest","Pn higher"
"manba",28.0350120393329,6.07566461566333,1.03032649295365,1.05310439003803e-10,2.1155697079875e-09,"Pn_vs_rest","Pn higher"
"cltb",260.356801237022,5.35292958631206,0.912909769238137,1.11288353050161e-10,2.22858448766271e-09,"Pn_vs_rest","Pn higher"
"ficd",738.312764325699,5.11652095435918,0.874645858651784,1.14164002832985e-10,2.27895839093732e-09,"Pn_vs_rest","Pn higher"
"fbxo30a",16.9999549673899,6.7134433244648,1.14566720250899,1.26573279668924e-10,2.51872865957531e-09,"Pn_vs_rest","Pn higher"
"CASP6",325.157508248565,5.91371836628903,1.00920950410255,1.28139370960483e-10,2.54189949667065e-09,"Pn_vs_rest","Pn higher"
"exosc5",985.77973246327,4.61851405922637,0.793898102371143,1.29627045767948e-10,2.56337483006118e-09,"Pn_vs_rest","Pn higher"
"DCTN6",557.04313198817,3.08683873797289,0.51743712620374,1.52064333409381e-10,2.99770436702357e-09,"Pn_vs_rest","Pn higher"
"ndufab1b",154.250701512844,4.2447485893073,0.732791496346209,1.58357085010468e-10,3.11206097498832e-09,"Pn_vs_rest","Pn higher"
"tomm20b",111.056558326112,4.13285495863056,0.712950551136642,1.60525487449569e-10,3.14490800179836e-09,"Pn_vs_rest","Pn higher"
"echdc2",777.760781085699,4.71881206741907,0.816430967034918,1.6267535194505e-10,3.17719020712432e-09,"Pn_vs_rest","Pn higher"
"tmub2",166.15885105619,5.13024220614384,0.88947514470315,1.85540387322705e-10,3.60153242631311e-09,"Pn_vs_rest","Pn higher"
"wdr48b",752.602854488426,4.27319051295017,0.741264866417569,1.85421927935592e-10,3.60153242631311e-09,"Pn_vs_rest","Pn higher"
"cldn15lb",364.470988275801,4.64752092409304,0.80892091420021,1.98829892105523e-10,3.84769283560781e-09,"Pn_vs_rest","Pn higher"
"psmb3",335.731812691529,4.26662467869351,0.741843122200137,2.01069529193054e-10,3.87917067296844e-09,"Pn_vs_rest","Pn higher"
"cox15",276.441567599067,3.81259001667939,0.659185960646389,2.08091604360034e-10,4.00244277322278e-09,"Pn_vs_rest","Pn higher"
"rad51d",157.233183730782,5.07163541212998,0.882868197001014,2.09946923181402e-10,4.02589130270277e-09,"Pn_vs_rest","Pn higher"
"tmem54a",637.216246701943,5.39643746765055,0.940474815959431,2.3384192410621e-10,4.47054892974048e-09,"Pn_vs_rest","Pn higher"
"UBE2K",152.18508256141,3.73445258873407,0.646927347990574,2.36349283498969e-10,4.50487429512492e-09,"Pn_vs_rest","Pn higher"
"tmem242",158.643703193132,-4.96193298407184,0.867443389435732,2.37229576376702e-10,4.5080743522876e-09,"Pn_vs_rest","Other species higher"
"mphosph10",375.92832497572,5.23955230127173,0.917339683832554,2.62843362847501e-10,4.9798586829311e-09,"Pn_vs_rest","Pn higher"
"eif3f",144.185641721172,5.42876858343769,0.949361971754569,2.63719338444818e-10,4.98154021993674e-09,"Pn_vs_rest","Pn higher"
"trim65",344.006004033202,5.83010150813152,1.01737751250685,2.65964228537917e-10,4.99456143894203e-09,"Pn_vs_rest","Pn higher"
"ppox",324.54998102216,4.37882921355331,0.768274842653788,2.65987232130762e-10,4.99456143894203e-09,"Pn_vs_rest","Pn higher"
"sys1",54.0359147431667,4.15663384749552,0.728200532547316,2.69362085832156e-10,5.0429682814967e-09,"Pn_vs_rest","Pn higher"
"map2k1",18136.6340498687,-6.9041966033423,1.20817899367158,2.74527263632946e-10,5.12450892114833e-09,"Pn_vs_rest","Other species higher"
"zgc:56622",185.946054529693,4.78380870682542,0.840660503701071,2.75805588502492e-10,5.1332287177758e-09,"Pn_vs_rest","Pn higher"
"mrpl47",594.175885419009,4.22355340794103,0.74263559905532,2.97379604545721e-10,5.5185282626549e-09,"Pn_vs_rest","Pn higher"
"frs2b",198.118234088651,6.1638100212577,1.07978590829911,3.11487844231756e-10,5.76343590145776e-09,"Pn_vs_rest","Pn higher"
"TPPP",30.2767244714797,5.22444184149627,0.923006338820215,3.51973122592772e-10,6.49354495558911e-09,"Pn_vs_rest","Pn higher"
"gpkow",471.863049342331,3.05130074584541,0.52489923925864,4.02647783354582e-10,7.40684643333661e-09,"Pn_vs_rest","Pn higher"
"trim23",56.5741935861798,3.94684113789563,0.699918366884954,4.47657983356737e-10,8.21095570632298e-09,"Pn_vs_rest","Pn higher"
"nipsnap2",635.706274714282,4.79060033324119,0.8568348572483,4.89687049040103e-10,8.95589493157737e-09,"Pn_vs_rest","Pn higher"
"bicdl2",157.717760566702,5.49289206469558,0.980911003685895,5.23566929740522e-10,9.5479294852969e-09,"Pn_vs_rest","Pn higher"
"sec22ba",93.1940304721844,4.09909422313338,0.736762566034625,6.4006158749216e-10,1.16388210507195e-08,"Pn_vs_rest","Pn higher"
"psme2",454.135330676332,4.48517445812105,0.811774495623487,7.17329466360105e-10,1.30064781178417e-08,"Pn_vs_rest","Pn higher"
"styx",157.04291715005,3.86795829801388,0.696810774491053,7.84156253637997e-10,1.4177545065775e-08,"Pn_vs_rest","Pn higher"
"dnajc3b",238.617951296353,4.8827014651582,0.886690019902306,7.96075450002998e-10,1.43520383123048e-08,"Pn_vs_rest","Pn higher"
"gck",42.5513905281326,5.579962384176,1.01094879549969,8.31107619859376e-10,1.49410483479265e-08,"Pn_vs_rest","Pn higher"
"thoc6",297.519400112297,4.19924436869904,0.762141923327221,8.37160165809148e-10,1.50072224624371e-08,"Pn_vs_rest","Pn higher"
"htr2b",109.349678669423,5.28576132368901,0.959920750163138,8.46829947703788e-10,1.51376833589536e-08,"Pn_vs_rest","Pn higher"
"tpk1",2752.74967886405,3.96253248637017,0.71738956596373,8.64572192895137e-10,1.54113037651843e-08,"Pn_vs_rest","Pn higher"
"jazf1a",389.634130408232,-4.76595206455826,0.869104000455606,8.97972782401786e-10,1.59170077508081e-08,"Pn_vs_rest","Other species higher"
"rab9b",37.0611897798177,4.73205434330642,0.86291087076539,8.96561140278365e-10,1.59170077508081e-08,"Pn_vs_rest","Pn higher"
"aldh7a1",30.0250848594875,5.09060196684766,0.92954740266408,9.67808406525083e-10,1.71069597667339e-08,"Pn_vs_rest","Pn higher"
"cnot11",1506.80806716546,5.26836989216846,0.963301554324197,1.03810677351536e-09,1.82984391721593e-08,"Pn_vs_rest","Pn higher"
"qrich1",159.556403328719,4.77396389663065,0.875566283432488,1.07044062186513e-09,1.88159673754515e-08,"Pn_vs_rest","Pn higher"
"rab20",695.47310479061,-4.71537990555845,0.865057348303565,1.07763995529101e-09,1.88900433160152e-08,"Pn_vs_rest","Other species higher"
"bnip1b",27.9287835691538,5.85695897799949,1.06971147586877,1.10098178604246e-09,1.92458915526981e-08,"Pn_vs_rest","Pn higher"
"NT5E",192.447693923234,3.45258854173183,0.622389531121985,1.15744989246355e-09,2.01772532217889e-08,"Pn_vs_rest","Pn higher"
"cd3eap",45.1248065845653,3.99542407108278,0.731651836568154,1.21284240608431e-09,2.10847987519273e-08,"Pn_vs_rest","Pn higher"
"srpra",567.577862132543,3.73851774187783,0.6880337872164,1.68486143754678e-09,2.92104196624548e-08,"Pn_vs_rest","Pn higher"
"si:ch211-160o17.2",173.103285998439,-6.48265214462147,1.20367110438295,1.76791904618888e-09,3.05666440554187e-08,"Pn_vs_rest","Other species higher"
"coro2ba",399.648468435968,-4.74201823734287,0.887484138347731,1.95684058756792e-09,3.37408371611167e-08,"Pn_vs_rest","Other species higher"
"si:dkey-72l14.4",34.8504123776369,5.46698836658752,1.0242745121123,2.19224665642477e-09,3.76971109833041e-08,"Pn_vs_rest","Pn higher"
"nfe2l2a",712.278643080797,2.52268404190069,0.447930563383521,2.55942825324312e-09,4.38917669011449e-08,"Pn_vs_rest","Pn higher"
"ppp4r4",203.286171414452,-5.02608526646442,0.948985372151453,2.57121937411246e-09,4.38923269433866e-08,"Pn_vs_rest","Other species higher"
"zc2hc1a",106.6739939396,4.01866280151193,0.754859406719445,2.5802695358628e-09,4.38923269433866e-08,"Pn_vs_rest","Pn higher"
"ctns",97.0808469945695,-3.96616993113463,0.744239958587722,2.57852990910307e-09,4.38923269433866e-08,"Pn_vs_rest","Other species higher"
"riox1",189.809698521208,4.17193634419702,0.785904576823425,2.6147240793276e-09,4.43591795549198e-08,"Pn_vs_rest","Pn higher"
"irak4",395.89008875881,-5.25477350787661,0.992112732986973,2.64292072850199e-09,4.47176533956166e-08,"Pn_vs_rest","Other species higher"
"sdcbp2",53.2561409746672,5.23136827150417,0.993707180254177,3.125192178747e-09,5.25963194338059e-08,"Pn_vs_rest","Pn higher"
"casd1",570.250816705355,4.01392428752234,0.758837584631388,3.12315169884749e-09,5.25963194338059e-08,"Pn_vs_rest","Pn higher"
"hdhd3",179.001721650099,5.34314275172605,1.01598184969629,3.26552454803539e-09,5.48123059415595e-08,"Pn_vs_rest","Pn higher"
"wdr53",421.813936904256,3.93238251976708,0.743557485551103,3.29173023738648e-09,5.51060024925441e-08,"Pn_vs_rest","Pn higher"
"MED9",25.5068742195942,4.88805145240475,0.936833235105266,3.87676499031978e-09,6.47286777275556e-08,"Pn_vs_rest","Pn higher"
"TADA1",1104.5274996725,3.05778672182326,0.56725888272834,4.5955218215174e-09,7.65275318067423e-08,"Pn_vs_rest","Pn higher"
"zdhhc3a",19.6254350245843,4.46806552070246,0.864728944188033,5.19016271404168e-09,8.62030174657631e-08,"Pn_vs_rest","Pn higher"
"gnai3",10500.9318888682,-5.79673703623261,1.12200538837481,5.5615319853207e-09,9.21292523641607e-08,"Pn_vs_rest","Other species higher"
"preb",79.8084716259353,4.4303786836272,0.861519754354462,5.95731225588609e-09,9.84278641129169e-08,"Pn_vs_rest","Pn higher"
"cox18",287.606029036754,-5.46391144859567,1.06210836734711,6.03293346583088e-09,9.9417716072338e-08,"Pn_vs_rest","Other species higher"
"slc1a8b",164.724533232803,3.41336174976461,0.653445582389196,7.377595458877e-09,1.21260841724087e-07,"Pn_vs_rest","Pn higher"
"eif2b1",64.0653414351458,5.38825138909802,1.05876177414693,7.94168924869838e-09,1.30194325299905e-07,"Pn_vs_rest","Pn higher"
"trmt10c",28.8753527408642,5.61113346080691,1.10283368299026,8.16874535821613e-09,1.33570595934862e-07,"Pn_vs_rest","Pn higher"
"TMEM19",181.466969721391,-3.75504036204531,0.732483995360573,8.99333653081058e-09,1.46674828780849e-07,"Pn_vs_rest","Other species higher"
"znrf3",450.755774737949,-4.34604786035721,0.858894475345278,9.40399859703953e-09,1.52978157126134e-07,"Pn_vs_rest","Other species higher"
"fam124b",1258.30381070333,4.72748501028222,0.936796890927457,9.53900428169971e-09,1.5438061149513e-07,"Pn_vs_rest","Pn higher"
"itgb1bp1",416.90684161108,4.6973064182306,0.930735719555801,9.53193664530142e-09,1.5438061149513e-07,"Pn_vs_rest","Pn higher"
"g2e3",57.5668851384019,5.76052416209434,1.13996243931113,9.82736536292918e-09,1.58641755144428e-07,"Pn_vs_rest","Pn higher"
"polr1b",159.742136972868,4.49701967714878,0.89147070388986,9.86936933620452e-09,1.58914425342245e-07,"Pn_vs_rest","Pn higher"
"tjp2a",144.772427899799,4.60701464698944,0.915081745716809,1.0238829916282e-08,1.64444963731555e-07,"Pn_vs_rest","Pn higher"
"dctpp1",8.60857044162882,5.85109623649845,1.16340584724188,1.11135747841336e-08,1.78042281605056e-07,"Pn_vs_rest","Pn higher"
"itga6b",26.3856570063707,3.61171610857447,0.707355770253773,1.13510722765085e-08,1.81387841832692e-07,"Pn_vs_rest","Pn higher"
"naa38",258.378518609042,4.68919710348259,0.936221428257209,1.16259815564384e-08,1.85312874783733e-07,"Pn_vs_rest","Pn higher"
"atg13",520.738743093468,-4.4151588203608,0.881855061922919,1.2218022232591e-08,1.94260413788533e-07,"Pn_vs_rest","Other species higher"
"ift20",166.630230820013,3.82601569923136,0.758210383885198,1.30566034273988e-08,2.07073149094185e-07,"Pn_vs_rest","Pn higher"
"tpx2",152.748034711077,-7.27099307740381,1.48004666196681,1.4274572809824e-08,2.25823741851415e-07,"Pn_vs_rest","Other species higher"
"PABPN1L",305.781223784342,3.4299737153379,0.67428735047927,1.51002645994657e-08,2.38290459814012e-07,"Pn_vs_rest","Pn higher"
"prkcsh",30.950673956018,3.64137071358419,0.723594211288381,1.63104115382636e-08,2.56746975657045e-07,"Pn_vs_rest","Pn higher"
"tmem138",229.294602763021,-4.60920898422993,0.941067674677487,2.06509477030192e-08,3.24265997679169e-07,"Pn_vs_rest","Other species higher"
"h3f3d",69.47574731885,-4.49237674463337,0.920205367097037,2.28081480726239e-08,3.57252378721693e-07,"Pn_vs_rest","Other species higher"
"dcaf6",14.4144644346952,4.80425665550276,0.986318319791033,2.32814917294448e-08,3.63766122626979e-07,"Pn_vs_rest","Pn higher"
"rabepk",849.889818825411,-3.1250603588005,0.616666974371718,2.41737960668879e-08,3.75852043025225e-07,"Pn_vs_rest","Other species higher"
"mtres1",152.70577090213,-2.90084509686544,0.565841212631099,2.41217764428769e-08,3.75852043025225e-07,"Pn_vs_rest","Other species higher"
"git2a",24.6365877137427,4.83470566535762,0.998947244167957,2.71583240015501e-08,4.21220280102473e-07,"Pn_vs_rest","Pn higher"
"acad11",498.492323330149,4.2867258699125,0.883832008571117,2.82861007193029e-08,4.36774221550378e-07,"Pn_vs_rest","Pn higher"
"phkg1a",91.1743671525807,3.64979991937694,0.741135125692502,2.83682372087872e-08,4.36774221550378e-07,"Pn_vs_rest","Pn higher"
"nucb2a",316.34102683073,3.31926299320518,0.665040089784545,2.83205496764688e-08,4.36774221550378e-07,"Pn_vs_rest","Pn higher"
"phkg2",65.6870755743098,4.42566694285332,0.914637138115828,2.87911560791795e-08,4.42209795313222e-07,"Pn_vs_rest","Pn higher"
"prcc",280.06702667502,3.7230918016575,0.758631250265557,2.90767605252518e-08,4.45515110420807e-07,"Pn_vs_rest","Pn higher"
"si:ch211-175m2.5",143.532726968447,3.98185105843818,0.820053294095992,3.16393316230083e-08,4.83607948092745e-07,"Pn_vs_rest","Pn higher"
"hexdc",265.429725182741,2.98047308893902,0.589994642757094,3.20055079058219e-08,4.88026154284437e-07,"Pn_vs_rest","Pn higher"
"rpusd4",377.578841333378,3.08142355202828,0.613300813500357,3.21629134646822e-08,4.89247395203147e-07,"Pn_vs_rest","Pn higher"
"zgc:101583",304.999086614002,3.72210548432519,0.761662903556574,3.23830683106481e-08,4.91415003045039e-07,"Pn_vs_rest","Pn higher"
"tsr2",100.361348140998,-5.35312153249531,1.11608667528239,3.390614860066e-08,5.13296909916212e-07,"Pn_vs_rest","Other species higher"
"ttc37",18.4817619108887,5.86614009557329,1.22544033521927,3.57814132295264e-08,5.40393276650223e-07,"Pn_vs_rest","Pn higher"
"cdc42ep1a",147.976416409674,4.71585022305354,0.987952283114392,3.80354021741933e-08,5.73066726091179e-07,"Pn_vs_rest","Pn higher"
"twf1a",88.0507728496103,3.92153080002098,0.814991780215864,4.10065032712188e-08,6.16363783136039e-07,"Pn_vs_rest","Pn higher"
"si:dkey-44g23.5",44.3318101280183,4.34392128115221,0.913167480509026,4.43172956704566e-08,6.64549400480212e-07,"Pn_vs_rest","Pn higher"
"zgc:163080",4622.55812203179,3.38337062617383,0.692085536166592,4.46280865377247e-08,6.67627734304308e-07,"Pn_vs_rest","Pn higher"
"arsg",559.567966721147,-4.60387259832533,0.97290459054297,4.72521563704494e-08,7.03556812969892e-07,"Pn_vs_rest","Other species higher"
"ccnh",149.605963623726,-3.22528085282245,0.656326290098339,4.72307877193124e-08,7.03556812969892e-07,"Pn_vs_rest","Other species higher"
"sympk",35.436295164024,3.96227670484605,0.831600573754239,5.06572829954403e-08,7.52486588721001e-07,"Pn_vs_rest","Pn higher"
"n6amt1",174.580222398111,4.45869216652374,0.944344495096017,5.12102786732467e-08,7.58919539682214e-07,"Pn_vs_rest","Pn higher"
"neil1",126.176142460612,3.64705354402424,0.761647828862474,5.69078999016002e-08,8.41385959292818e-07,"Pn_vs_rest","Pn higher"
"slc26a5",214.323172889245,-4.02535949444308,0.850506232937128,5.72141531831416e-08,8.43942101032448e-07,"Pn_vs_rest","Other species higher"
"hypk",794.867843222169,3.14591644533234,0.64311721147088,5.86069075320722e-08,8.6247560665803e-07,"Pn_vs_rest","Pn higher"
"pgpep1l",152.048970241007,3.59361360157871,0.750003322923937,5.88317193944904e-08,8.63775221179432e-07,"Pn_vs_rest","Pn higher"
"parla",74.989317883343,-6.72830325787131,1.45054027295753,6.09043032370236e-08,8.92135256675661e-07,"Pn_vs_rest","Other species higher"
"sema4e",167.419578835635,-4.45693347381551,0.952352680430842,6.28028875811482e-08,9.17821414811792e-07,"Pn_vs_rest","Other species higher"
"ecsit",72.6884640931539,3.87523301350087,0.824887613110665,7.46810957040901e-08,1.0888985567177e-06,"Pn_vs_rest","Pn higher"
"slc25a55a",141.159102056776,-3.65566660379673,0.772835779626027,7.55433414214611e-08,1.09893853911496e-06,"Pn_vs_rest","Other species higher"
"ctps1a",399.380538089178,3.09208868679182,0.637051913156329,7.62670452225841e-08,1.10692170222136e-06,"Pn_vs_rest","Pn higher"
"LIN28A",12.3944717693612,5.09063320391209,1.10196096557573,7.8382608906218e-08,1.1350232246191e-06,"Pn_vs_rest","Pn higher"
"wdr46",164.533149867869,3.57167298355012,0.754290690061769,7.96134110707661e-08,1.150213847616e-06,"Pn_vs_rest","Pn higher"
"dpp3",49.8300385262163,3.59661872455006,0.761355904262691,8.22035202433816e-08,1.18492910273376e-06,"Pn_vs_rest","Pn higher"
"dnajb12b",1030.03201267703,-6.93088843802238,1.52283259462345,8.24939801196137e-08,1.18641342317481e-06,"Pn_vs_rest","Other species higher"
"mmp19",53.9991539762249,4.78702661767049,1.03925798443124,8.48890124149803e-08,1.21808995592289e-06,"Pn_vs_rest","Pn higher"
"clpp",169.838453010302,3.93949166678305,0.84519560780967,8.58418826442222e-08,1.22897609360325e-06,"Pn_vs_rest","Pn higher"
"rela",137.865428625913,3.50110442776301,0.740535702557732,8.85181347324293e-08,1.2644306017761e-06,"Pn_vs_rest","Pn higher"
"fam174b",23.0470295760026,3.70251595494885,0.790182298095713,9.04777993270036e-08,1.28951241923711e-06,"Pn_vs_rest","Pn higher"
"tfg",465.919011333933,4.45370827433254,0.970117705107577,9.6700908062963e-08,1.37510864319647e-06,"Pn_vs_rest","Pn higher"
"C9orf16",236.589607577754,3.67957164582893,0.787470427914167,9.83555839482087e-08,1.39550254534588e-06,"Pn_vs_rest","Pn higher"
"acvr1l",277.693026088215,3.97782887120227,0.860966401000724,1.02370796553278e-07,1.44922237268265e-06,"Pn_vs_rest","Pn higher"
"uprt",252.516098194231,4.14643249284086,0.902777214093868,1.06819274007178e-07,1.50546183945974e-06,"Pn_vs_rest","Pn higher"
"gabpb2a",58.6383111978651,-3.77673933714177,0.813989759551842,1.06760786155708e-07,1.50546183945974e-06,"Pn_vs_rest","Other species higher"
"spsb3b",122.594891457994,-6.27266903311421,1.38385900812524,1.08257783537823e-07,1.5223450093941e-06,"Pn_vs_rest","Other species higher"
"atp5f1b",311.466416533584,2.91735650105457,0.605083101094526,1.14103665130997e-07,1.60099333248104e-06,"Pn_vs_rest","Pn higher"
"ephx5",12373.0600709754,-4.08318653525922,0.891119088705879,1.1612590221238e-07,1.62576263097332e-06,"Pn_vs_rest","Other species higher"
"C14orf28",19.2870421383149,4.42509179052489,0.971905720644023,1.16798491335377e-07,1.6315692122964e-06,"Pn_vs_rest","Pn higher"
"tmed4",245.20967513165,4.33508945090564,0.952757089837828,1.21776364329066e-07,1.69735866404038e-06,"Pn_vs_rest","Pn higher"
"ubn2b",481.548087400748,2.65342705621887,0.543574378463166,1.23747820519357e-07,1.72104661153075e-06,"Pn_vs_rest","Pn higher"
"si:dkey-97o5.1",48.2021853116736,-6.11580835498987,1.35894176839033,1.27900687236402e-07,1.77490251936831e-06,"Pn_vs_rest","Other species higher"
"msl2a",107.31065116419,4.28127800175517,0.94246170068086,1.28573478745974e-07,1.78033473414557e-06,"Pn_vs_rest","Pn higher"
"csrp2",618.673666234248,-5.42689027946214,1.20434771464508,1.31466654075497e-07,1.81642136897325e-06,"Pn_vs_rest","Other species higher"
"DNAJA4",737.386081196198,4.43119170661131,0.985258452020191,1.51679259850108e-07,2.08378754097448e-06,"Pn_vs_rest","Pn higher"
"ccdc137",56.7462519415277,3.73169232041183,0.815729036616985,1.51805634701207e-07,2.08378754097448e-06,"Pn_vs_rest","Pn higher"
"anp32a",1042.36924553794,-3.68475799042183,0.804032676445723,1.51733071776257e-07,2.08378754097448e-06,"Pn_vs_rest","Other species higher"
"brsk2b",71.2825985475854,-5.51748007265284,1.23487141585588,1.5538188588845e-07,2.12826098247211e-06,"Pn_vs_rest","Other species higher"
"fam78ba",41.3603622053314,4.16857396103773,0.924776652434747,1.59126556410667e-07,2.17484416623478e-06,"Pn_vs_rest","Pn higher"
"ythdc1",30.3620788585992,4.17844517192583,0.927278783349994,1.59565005001341e-07,2.17613653372519e-06,"Pn_vs_rest","Pn higher"
"slc25a42",75.5790880970579,3.55611473502286,0.774118246781306,1.61756409055318e-07,2.20127861613344e-06,"Pn_vs_rest","Pn higher"
"f9b",45.5589586614718,4.24415612828507,0.946085866180733,1.70677913609722e-07,2.31770351356721e-06,"Pn_vs_rest","Pn higher"
"p3h2",25.747322329108,3.7910361602688,0.835986118682905,1.75516606126199e-07,2.37830638879356e-06,"Pn_vs_rest","Pn higher"
"psmd9",74.11952489586,3.63641737538012,0.79745776350192,1.76699408524702e-07,2.38921764347076e-06,"Pn_vs_rest","Pn higher"
"usp37",87.81349256319,3.29686441391597,0.711809793649458,1.77673883051524e-07,2.39727149669519e-06,"Pn_vs_rest","Pn higher"
"nanp",161.576055707912,3.76928560427105,0.832079873926715,1.82669929093938e-07,2.45943683256689e-06,"Pn_vs_rest","Pn higher"
"micos13",253.45603622766,-5.14525417108109,1.16042920880131,1.8405266673078e-07,2.47279251607723e-06,"Pn_vs_rest","Other species higher"
"zdhhc15b",177.995881110788,-6.35952981621864,1.44725651393877,1.91711789073516e-07,2.57023771452799e-06,"Pn_vs_rest","Other species higher"
"ptpdc1b",69.1655512032096,2.96567354871817,0.630901029004495,1.94224654873095e-07,2.59842202121976e-06,"Pn_vs_rest","Pn higher"
"ddx55",138.109884615336,3.56199266145631,0.783693932698232,2.03323403766109e-07,2.71441033551041e-06,"Pn_vs_rest","Pn higher"
"gngt1",230.427175935877,3.68954699131481,0.816573231894093,2.06033172047217e-07,2.74479560571534e-06,"Pn_vs_rest","Pn higher"
"sec23ip",254.176114813722,2.79192785985345,0.59045019617445,2.16833118511102e-07,2.88260498726524e-06,"Pn_vs_rest","Pn higher"
"sbds",42.5830305592447,4.11611857592346,0.928883735716232,2.33932263904583e-07,3.10340328299414e-06,"Pn_vs_rest","Pn higher"
"mpl",49.0557480781648,5.51881898370844,1.26343788171928,2.41238034573838e-07,3.19362820665951e-06,"Pn_vs_rest","Pn higher"
"szrd1",32.9784338406802,3.20886835551335,0.699130018777511,2.4196453264749e-07,3.1965585857898e-06,"Pn_vs_rest","Pn higher"
"cetn4",14.1355579412842,4.02565950420158,0.909804979394261,2.53094729547774e-07,3.33663218453815e-06,"Pn_vs_rest","Pn higher"
"prss12",19.8794847117118,5.3324579405059,1.22343658576066,2.54571857042456e-07,3.34912829805543e-06,"Pn_vs_rest","Pn higher"
"fkbp10b",110.397734095675,-3.18145677329766,0.694778330748809,2.63603241055524e-07,3.46074960456298e-06,"Pn_vs_rest","Other species higher"
"pxmp2",22.0052800712505,5.35002885604504,1.23019903877362,2.65292660369019e-07,3.47571833295062e-06,"Pn_vs_rest","Pn higher"
"map7d3",223.377666360007,2.94770072724023,0.63607039735306,2.75355783913509e-07,3.60010619959646e-06,"Pn_vs_rest","Pn higher"
"rgn",145.388504080648,-5.92024582869164,1.3732049685077,2.94936692851911e-07,3.84816369560184e-06,"Pn_vs_rest","Other species higher"
"ap5b1",345.294594853707,3.59422040414418,0.806436105257566,3.0005061014581e-07,3.90683181276273e-06,"Pn_vs_rest","Pn higher"
"srek1",13.6362456053654,4.89962262485738,1.1320881004017,3.02445739383969e-07,3.92993149655391e-06,"Pn_vs_rest","Pn higher"
"YES1",15.8666806789264,3.42401856010342,0.76468759572777,3.22407822566061e-07,4.18073094507793e-06,"Pn_vs_rest","Pn higher"
"ddit3",144.853663298165,3.22406966283242,0.7124301073004,3.23219940476223e-07,4.18269076346326e-06,"Pn_vs_rest","Pn higher"
"nkiras1",327.008596206879,-6.30281605875539,1.47717163577471,3.28329689630027e-07,4.24014342036492e-06,"Pn_vs_rest","Other species higher"
"klf13",13.9179496834315,3.64274397556302,0.822707311924487,3.29356249088463e-07,4.24473797195885e-06,"Pn_vs_rest","Pn higher"
"marcksl1a",202.939794176391,3.11143844188934,0.683902771714897,3.32077884846664e-07,4.27111555957255e-06,"Pn_vs_rest","Pn higher"
"crlf1b",238.068335245144,3.57294286151848,0.805400837283676,3.37372305997349e-07,4.33040963965766e-06,"Pn_vs_rest","Pn higher"
"lgals8a",52.4406752182312,4.81839734930136,1.12226115812275,3.56612796055576e-07,4.56810885311678e-06,"Pn_vs_rest","Pn higher"
"mettl25",11.7387457085668,4.75912607301352,1.10888910613103,3.62724279044546e-07,4.63700856119977e-06,"Pn_vs_rest","Pn higher"
"tbc1d20",17.0172101267475,5.31127714556811,1.24190692490227,3.64102119412318e-07,4.64523832992167e-06,"Pn_vs_rest","Pn higher"
"ecrg4a",229.522728826494,3.04819542346499,0.670630855058525,3.68282095349551e-07,4.68911287599991e-06,"Pn_vs_rest","Pn higher"
"cpt2",828.653273659251,2.63024607132533,0.567215422580994,4.29007432852245e-07,5.45132336363254e-06,"Pn_vs_rest","Pn higher"
"gfm1",229.912121450638,3.67416028335334,0.843907288395204,4.52247796328527e-07,5.73511834702789e-06,"Pn_vs_rest","Pn higher"
"opn7a",38.5199946059247,4.15016895091029,0.969090971095417,4.56665817512489e-07,5.77956258643806e-06,"Pn_vs_rest","Pn higher"
"trappc2l",476.778104433948,2.93345607704874,0.647804848995827,4.66682628281302e-07,5.89454625102611e-06,"Pn_vs_rest","Pn higher"
"NCBP1",61.5605550712747,-4.43985035863919,1.04525649294814,4.76613412025214e-07,6.00798739301903e-06,"Pn_vs_rest","Other species higher"
"gdap1l1",14.0467438232025,4.42559372407808,1.04200896451908,4.79728137396004e-07,6.03522793924834e-06,"Pn_vs_rest","Pn higher"
"cln6b",27.3390602229274,3.94316495101033,0.919985413503513,5.04638621882986e-07,6.33601825253082e-06,"Pn_vs_rest","Pn higher"
"mrto4",82.5411194485143,3.69857435834045,0.856002679437359,5.1569846290293e-07,6.46205915494999e-06,"Pn_vs_rest","Pn higher"
"psmf1",22.6468278041765,4.63071737804204,1.09941603684777,5.30212092358218e-07,6.63079470443242e-06,"Pn_vs_rest","Pn higher"
"srpx2",163.736084632288,4.8595121528276,1.15807955327419,5.4348101181722e-07,6.78332907846029e-06,"Pn_vs_rest","Pn higher"
"atp5mf",234.764377061542,3.14415521614253,0.710567593076761,5.73394661789235e-07,7.14260122008322e-06,"Pn_vs_rest","Pn higher"
"hspa8b",624.603603042245,-4.06569462677164,0.960104349558272,5.92434383153785e-07,7.36527461021051e-06,"Pn_vs_rest","Other species higher"
"tdo2a",14.5180946487864,3.88978947979928,0.915035953608192,6.13169798865196e-07,7.60811468082149e-06,"Pn_vs_rest","Pn higher"
"smpdl3b",199.297444920385,2.87750028987324,0.643253363312789,6.53851370151926e-07,8.09700874818275e-06,"Pn_vs_rest","Pn higher"
"crym",879.109014181329,3.14760719314016,0.716159920171529,6.55448533344678e-07,8.10093421680688e-06,"Pn_vs_rest","Pn higher"
"pdia6",80.2801819255876,3.53319291317172,0.822469456251147,6.71171435547528e-07,8.2790893648046e-06,"Pn_vs_rest","Pn higher"
"fam160a2",9.98534999841199,4.32865945618347,1.03630091873062,6.7822106695246e-07,8.34977220170267e-06,"Pn_vs_rest","Pn higher"
"klf9",217.941551442121,3.56766168552372,0.838406472183464,7.80773742952172e-07,9.59366261242979e-06,"Pn_vs_rest","Pn higher"
"fn1b",360.829317741883,4.6806196876862,1.13764656062732,8.02098720554273e-07,9.83659051098341e-06,"Pn_vs_rest","Pn higher"
"loxl2a",96.3213807317771,3.06352369759888,0.701436572179631,8.29650869792154e-07,1.01547982670111e-05,"Pn_vs_rest","Pn higher"
"chmp5b",138.416143004888,2.79077003303107,0.628503576805336,8.62793348577186e-07,1.05400700961321e-05,"Pn_vs_rest","Pn higher"
"BFSP1",97.643591049282,4.51417779937917,1.10554361967973,9.58653334127823e-07,1.16885516346067e-05,"Pn_vs_rest","Pn higher"
"zmynd12",197.396923975857,-5.99001913126389,1.49526709470475,9.93311096909386e-07,1.20878319639281e-05,"Pn_vs_rest","Other species higher"
"megf6b",229.316188147217,-5.98666066494919,1.49476857608723,9.9761282011176e-07,1.21168789360215e-05,"Pn_vs_rest","Other species higher"
"ndufa6",326.06914056685,-2.64146706668797,0.59321659362709,1.01117206965311e-06,1.22580399554883e-05,"Pn_vs_rest","Other species higher"
"acy3.2",623.079435368658,3.29505434937208,0.773591186411428,1.02001281507067e-06,1.23415699689621e-05,"Pn_vs_rest","Pn higher"
"tecrl2a",305.119308371786,4.31208070475828,1.05858790881718,1.07412418647255e-06,1.29714844503785e-05,"Pn_vs_rest","Pn higher"
"mat1a",181.093198703709,3.65728730388729,0.879001884600926,1.1001224476649e-06,1.32601425691876e-05,"Pn_vs_rest","Pn higher"
"nprl2",9.72498072690811,4.09583096408769,1.00382608826201,1.15473763581429e-06,1.38919767289597e-05,"Pn_vs_rest","Pn higher"
"rnf10",24.5295194103503,3.94216773616261,0.964337760922227,1.22278829522175e-06,1.46827406682415e-05,"Pn_vs_rest","Pn higher"
"NEMF",70.8960901011278,-3.20030149684754,0.754410476391021,1.23370995158114e-06,1.47858268439498e-05,"Pn_vs_rest","Other species higher"
"G6PC2",7.70863976691797,4.82160825967318,1.20429712190085,1.24226850538072e-06,1.48602553913973e-05,"Pn_vs_rest","Pn higher"
"si:ch1073-440b2.1",12.6115096041558,3.81810688844085,0.933557201489263,1.32156156136967e-06,1.57789463402779e-05,"Pn_vs_rest","Pn higher"
"nr1h5",137.593655380488,2.75799675848202,0.6337519458981,1.35926894708381e-06,1.61985949098802e-05,"Pn_vs_rest","Pn higher"
"abcg5",11.2990125380946,4.57729812309925,1.14586095469898,1.3719226711029e-06,1.63186591404871e-05,"Pn_vs_rest","Pn higher"
"ddx11",304.675599390739,3.20814338341773,0.761242000279047,1.38383416913646e-06,1.64294608298227e-05,"Pn_vs_rest","Pn higher"
"si:ch211-106h4.6",101.192061608304,-6.10826492680121,1.56457070393421,1.41479138338534e-06,1.67655428353229e-05,"Pn_vs_rest","Other species higher"
"ints14",365.531012594302,3.24708805198995,0.77352403230387,1.4221452644905e-06,1.68211873527026e-05,"Pn_vs_rest","Pn higher"
"zgc:153738",79.291995698527,3.50814236797771,0.849760186959276,1.45707130450168e-06,1.7202140326281e-05,"Pn_vs_rest","Pn higher"
"si:ch211-15p9.2",85.2161100364378,2.44037825943162,0.550023329997342,1.46205011030256e-06,1.72287767187981e-05,"Pn_vs_rest","Pn higher"
"thap12b",21.5846219897872,3.6679086519769,0.896830412720094,1.48976309313613e-06,1.75227153408279e-05,"Pn_vs_rest","Pn higher"
"SNX14",133.296521305981,4.69705889052757,1.18622837708627,1.53655161458517e-06,1.80395150595453e-05,"Pn_vs_rest","Pn higher"
"ITM2A",108.031910736836,3.36755077717179,0.813498401947826,1.60477141038313e-06,1.87707827817088e-05,"Pn_vs_rest","Pn higher"
"prozb",102.407028926785,2.88184242478057,0.673828222982613,1.60257599788897e-06,1.87707827817088e-05,"Pn_vs_rest","Pn higher"
"ppcs",83.4343438347632,2.94711538081092,0.695249816574301,1.73615140959504e-06,2.02700481917296e-05,"Pn_vs_rest","Pn higher"
"alkbh6",23.4430555327412,3.42079783231226,0.832729453582651,1.7420814657607e-06,2.03018259950897e-05,"Pn_vs_rest","Pn higher"
"mthfsd",19.565774353452,-5.67156273426979,1.46384563079044,1.76931391466019e-06,2.05812839190619e-05,"Pn_vs_rest","Other species higher"
"nxt2",132.019874977542,-5.48442253854126,1.41298690752807,1.79179944068297e-06,2.08045997442969e-05,"Pn_vs_rest","Other species higher"
"pdcd4b",853.166402333349,2.51455704221219,0.576112500950397,1.82728788984698e-06,2.11777981079701e-05,"Pn_vs_rest","Pn higher"
"si:dkey-120c6.5",15.0852801578176,3.8258664849252,0.954752163471019,1.88066615399287e-06,2.17565912659358e-05,"Pn_vs_rest","Pn higher"
"utp3",128.606951803714,-2.7821498263958,0.653182781322725,1.99423973531153e-06,2.30283741698017e-05,"Pn_vs_rest","Other species higher"
"casc1",348.571025566046,-3.44750183743455,0.848370966068553,2.05522645560372e-06,2.36893861767948e-05,"Pn_vs_rest","Other species higher"
"brd1a",10.6072809208215,4.48968751186659,1.15150747898273,2.10345355678446e-06,2.42011892860583e-05,"Pn_vs_rest","Pn higher"
"tmem192",22.1601201858309,6.06266242455006,1.59634237040967,2.11779963695837e-06,2.43220255946871e-05,"Pn_vs_rest","Pn higher"
"slc25a4",75.2135477124448,2.7710086654273,0.652318578625687,2.13239085522789e-06,2.44452342968878e-05,"Pn_vs_rest","Pn higher"
"cars2",929.844327711503,-3.9808831101023,1.00782688264439,2.16127396466768e-06,2.47315400513872e-05,"Pn_vs_rest","Other species higher"
"tmem184c",141.219012631672,3.37202282077678,0.829402109842555,2.20695613124518e-06,2.52086974702518e-05,"Pn_vs_rest","Pn higher"
"stx18",305.972217152239,2.9226099948206,0.698320046590321,2.27892725263573e-06,2.59838768552773e-05,"Pn_vs_rest","Pn higher"
"cdkn2aip",18.3732635840383,3.91343909903732,0.991874819816288,2.30115177340347e-06,2.61900870901028e-05,"Pn_vs_rest","Pn higher"
"plpbp",807.893068285349,2.92087881348066,0.700023915578168,2.41544328938925e-06,2.74415172984833e-05,"Pn_vs_rest","Pn higher"
"GTPBP2",8.03340231320651,4.40889778319397,1.13873289868943,2.42425014652241e-06,2.74922131311717e-05,"Pn_vs_rest","Pn higher"
"myo1ha",44.6197489630817,-5.66688136724777,1.49763912441232,2.49065888968628e-06,2.81947932986311e-05,"Pn_vs_rest","Other species higher"
"KCTD15",231.944361439072,-4.26793808601151,1.10388908745609,2.63120352141516e-06,2.96796005053746e-05,"Pn_vs_rest","Other species higher"
"fbxo34",27.7307004544019,2.78242373757762,0.662954319984892,2.63028847388774e-06,2.96796005053746e-05,"Pn_vs_rest","Pn higher"
"atp2a1l",512.093745768704,3.11186874924171,0.760351467312058,2.66376727579509e-06,2.9993450749522e-05,"Pn_vs_rest","Pn higher"
"akirin2",13.7853259631151,4.68384126765049,1.22444352443722,2.67255384443768e-06,3.00389355730047e-05,"Pn_vs_rest","Pn higher"
"ap1g2",326.357208730893,-5.52676475631772,1.46671485809994,2.73325120870343e-06,3.06666908664456e-05,"Pn_vs_rest","Other species higher"
"nat10",51.1783220259533,3.19487727055446,0.788103126076574,2.84412086934697e-06,3.18541537366861e-05,"Pn_vs_rest","Pn higher"
"myot",123.706131022479,-5.64608525647252,1.50666599846636,2.86597377652408e-06,3.20421944484883e-05,"Pn_vs_rest","Other species higher"
"wdcp",174.74645500962,-2.95025370149108,0.715487364819182,2.87820365555561e-06,3.21221741311392e-05,"Pn_vs_rest","Other species higher"
"cavin2a",19.7297459829073,3.16328455112998,0.780653546874096,2.97828944441643e-06,3.31806612751182e-05,"Pn_vs_rest","Pn higher"
"pi4k2a",8.83942094362221,3.7049985738098,0.944936458824395,2.98443199388303e-06,3.31906602061367e-05,"Pn_vs_rest","Pn higher"
"hpn",22.9791449319053,4.47081802261197,1.17229046678012,3.00289807892363e-06,3.3337436918296e-05,"Pn_vs_rest","Pn higher"
"zfyve1",100.242587079667,-5.39647995715895,1.43989340893246,3.04198272277278e-06,3.37122008226027e-05,"Pn_vs_rest","Other species higher"
"aqp12",78.3203686090195,3.16152568068276,0.781174002661455,3.0490491098787e-06,3.37314384043923e-05,"Pn_vs_rest","Pn higher"
"atp2a1",122.765239075823,-4.00682437167582,1.04166520411092,3.28116883033524e-06,3.62360145870182e-05,"Pn_vs_rest","Other species higher"
"sowahd",13826.6903211975,-5.17707862804347,1.38537103154787,3.3373071419451e-06,3.67917762965654e-05,"Pn_vs_rest","Other species higher"
"jupa",15.9533374063404,4.03418994211508,1.05196801637155,3.38680312323043e-06,3.72160620886209e-05,"Pn_vs_rest","Pn higher"
"tm9sf3",822.487782590646,2.43497111170957,0.572467742681054,3.38755558834476e-06,3.72160620886209e-05,"Pn_vs_rest","Pn higher"
"endog",104.17155321775,-2.82734339654925,0.686207970776824,3.45572111428509e-06,3.787948450968e-05,"Pn_vs_rest","Other species higher"
"becn1",268.653457878317,2.36432046024446,0.553486103184873,3.45991498839997e-06,3.787948450968e-05,"Pn_vs_rest","Pn higher"
"paqr4b",179.580981886917,-4.99614901149473,1.33778103994962,3.5179589286542e-06,3.84484354067768e-05,"Pn_vs_rest","Other species higher"
"si:ch211-122f10.4",97.6428087020083,-5.63491266837474,1.5280585187403,3.57739380261028e-06,3.900377687051e-05,"Pn_vs_rest","Other species higher"
"wdr45",240.510640100468,-3.30892490131688,0.83369068119297,3.58109898258001e-06,3.900377687051e-05,"Pn_vs_rest","Other species higher"
"fam183a",370.260342506855,-2.74160065839737,0.662343681267133,3.59133082607616e-06,3.90480093941752e-05,"Pn_vs_rest","Other species higher"
"march6",28.9146449631231,3.13850294599745,0.782713479624134,3.68169194154298e-06,3.99618295130085e-05,"Pn_vs_rest","Pn higher"
"tspo",551.388274812487,3.26037387684436,0.820954959908229,3.74570635719136e-06,4.05870373772378e-05,"Pn_vs_rest","Pn higher"
"asb3",20.9300044980003,-5.51961432193507,1.4987231503767,3.75473338703721e-06,4.0600800110518e-05,"Pn_vs_rest","Other species higher"
"tmem165",330.06218861687,3.41444646842024,0.86870680656551,3.75980860694747e-06,4.0600800110518e-05,"Pn_vs_rest","Pn higher"
"wdr44",57.3352480841999,-3.38943882953743,0.861950654115101,3.83092957133648e-06,4.12983344589732e-05,"Pn_vs_rest","Other species higher"
"arpc3",140.920186649728,3.37688413255835,0.859562520699801,3.9432007950573e-06,4.24363514134738e-05,"Pn_vs_rest","Pn higher"
"psma6l",321.388730018156,-3.66736655647653,0.950549593064103,4.00614073196308e-06,4.30405068792231e-05,"Pn_vs_rest","Other species higher"
"hlcs",23.9327798562298,3.12747560061613,0.783337728003364,4.01728788071891e-06,4.30871147613377e-05,"Pn_vs_rest","Pn higher"
"utp6",438.406564661918,2.91786073545222,0.720025752291547,4.0872691317392e-06,4.3763517877573e-05,"Pn_vs_rest","Pn higher"
"si:ch1073-280e3.1",116.532508692426,-5.40246940263386,1.47864397496407,4.31029597273009e-06,4.60735691139122e-05,"Pn_vs_rest","Other species higher"
"PPP2R3B",234.487648585894,3.48858028304981,0.900083530529929,4.38564574038507e-06,4.6799943077836e-05,"Pn_vs_rest","Pn higher"
"f2rl2",38.9128148383679,3.31282620128717,0.845480161360327,4.41671175414594e-06,4.70521077108342e-05,"Pn_vs_rest","Pn higher"
"si:ch211-203d1.3",412.701661982855,3.0049100082041,0.750168323841665,4.44329913311643e-06,4.72557931333794e-05,"Pn_vs_rest","Pn higher"
"si:ch211-191d15.2",185.242809436361,-3.86177394089307,1.01786607570935,4.48648774109971e-06,4.76350577612064e-05,"Pn_vs_rest","Other species higher"
"cd9a",111.510310153407,2.66904993249385,0.649279551867664,4.50865650728431e-06,4.77902485395228e-05,"Pn_vs_rest","Pn higher"
"xrcc6",8.64623233841698,4.75742680253099,1.29363898784277,4.68687355388311e-06,4.95962137942681e-05,"Pn_vs_rest","Pn higher"
"glra4b",8.30919131652467,3.64836238618892,0.955172777279057,4.77744099084241e-06,5.04701946411532e-05,"Pn_vs_rest","Pn higher"
"slc10a1",273.582641343774,3.59805858824202,0.93964039793364,4.80040235894818e-06,5.06282435457068e-05,"Pn_vs_rest","Pn higher"
"ucp1",347.916580386339,2.76877595448646,0.68328053022956,5.03161038713483e-06,5.29784201826776e-05,"Pn_vs_rest","Pn higher"
"zdhhc2",161.962624667885,-2.993220289656,0.753034903103745,5.14036571142461e-06,5.40336116642773e-05,"Pn_vs_rest","Other species higher"
"pfkfb4b",794.083488889592,2.82021341119203,0.699988450679682,5.169148639842e-06,5.42460573680269e-05,"Pn_vs_rest","Pn higher"
"tac1",83.7482654764282,-5.69477768390684,1.59497013016933,5.33422925801681e-06,5.58178526273047e-05,"Pn_vs_rest","Other species higher"
"smndc1",413.273404911286,-2.92319141607746,0.732977114102765,5.33656776857133e-06,5.58178526273047e-05,"Pn_vs_rest","Other species higher"
"atg4b",78.7712731037008,3.46900724338231,0.906941062771521,5.52160748609271e-06,5.76579738811793e-05,"Pn_vs_rest","Pn higher"
"rtn2b",18.3974792389085,3.23940282700783,0.835177963206619,5.66451695255844e-06,5.90528225301314e-05,"Pn_vs_rest","Pn higher"
"appl2",267.080798109267,-3.35650550291613,0.872909682320676,5.70797600235053e-06,5.94080133928851e-05,"Pn_vs_rest","Other species higher"
"uba52",313.094145470774,-6.18074394434773,1.7691348280118,5.7632724187351e-06,5.97868653536979e-05,"Pn_vs_rest","Other species higher"
"bora",62.4880821399406,-5.50900508981617,1.54535903890604,5.76217405129377e-06,5.97868653536979e-05,"Pn_vs_rest","Other species higher"
"rnf166",11.1351927470737,3.43494665095242,0.89957612648007,5.87069817272742e-06,6.08016007152523e-05,"Pn_vs_rest","Pn higher"
"zfyve19",73.9717679911902,3.38201948615668,0.883674957281541,5.98183578788442e-06,6.18514001074062e-05,"Pn_vs_rest","Pn higher"
"tet2",89.7707269469291,-2.69755624577972,0.668627009723962,6.00408038765955e-06,6.19801316363941e-05,"Pn_vs_rest","Other species higher"
"GALNT5",144.835246615414,-3.94881405139632,1.0685693234198,6.30347636551396e-06,6.49648183077726e-05,"Pn_vs_rest","Other species higher"
"nuak2",18.6941721519653,3.53129105850364,0.935332990880877,6.36703773981371e-06,6.55131948252701e-05,"Pn_vs_rest","Pn higher"
"dmac2l",57.0853482607521,3.04313892091171,0.779483203321414,6.48226008292196e-06,6.64825637029662e-05,"Pn_vs_rest","Pn higher"
"uqcc2",1698.62821131125,2.78751368527242,0.699255429442745,6.47930110891412e-06,6.64825637029662e-05,"Pn_vs_rest","Pn higher"
"sipa1l3",67.2893915439341,-3.09656992620649,0.798748360760611,6.78378836910996e-06,6.94624802584592e-05,"Pn_vs_rest","Other species higher"
"FDX1",267.895302717134,3.12148385678144,0.806987085362497,6.81816592888836e-06,6.97017027431431e-05,"Pn_vs_rest","Pn higher"
"tcea1",28.6170281865095,3.13534953809046,0.811629399246753,6.84389389731568e-06,6.98158568426176e-05,"Pn_vs_rest","Pn higher"
"gse1",26.618988863433,-2.9081263047742,0.739327486963741,6.8513980877474e-06,6.98158568426176e-05,"Pn_vs_rest","Other species higher"
"c6",25.8468541656926,4.24118677016482,1.16901591963055,6.96130678164091e-06,7.07439575738947e-05,"Pn_vs_rest","Pn higher"
"pik3ip1",42.5074776263227,3.64136963643762,0.97657265148266,6.96483653105822e-06,7.07439575738947e-05,"Pn_vs_rest","Pn higher"
"gyg1a",52.0198089654436,1.96371991067624,0.465171579865115,7.49905413568839e-06,7.60481002734554e-05,"Pn_vs_rest","Pn higher"
"bbip1",225.96280054419,-5.34082802318169,1.52412017479931,7.51756199057166e-06,7.61138116421399e-05,"Pn_vs_rest","Other species higher"
"zrsr2",621.979861259918,-3.73626774559021,1.01274760644299,7.5432199494858e-06,7.612997741682e-05,"Pn_vs_rest","Other species higher"
"iars2",177.475038417915,2.36651545276027,0.578161520454432,7.53594527308076e-06,7.612997741682e-05,"Pn_vs_rest","Pn higher"
"siah2l",37.1162335256248,2.87791480618306,0.734543675698479,7.61471081291691e-06,7.67291242422582e-05,"Pn_vs_rest","Pn higher"
"zfpm2a",60.6028435499502,-5.16207384264071,1.4734985782664,7.96634600412118e-06,8.01447337266754e-05,"Pn_vs_rest","Other species higher"
"si:ch211-107o10.3",23.3432692820388,-5.24425018710137,1.50799815533051,8.51074346737905e-06,8.54856899390073e-05,"Pn_vs_rest","Other species higher"
"lipca",252.033860812135,-5.44231054351613,1.57698842723615,8.76314603241825e-06,8.78814391333482e-05,"Pn_vs_rest","Other species higher"
"trpc4apa",16.6452439512397,4.92157221811241,1.41263148707517,9.2142036999166e-06,9.21852830480738e-05,"Pn_vs_rest","Pn higher"
"PHB2",20.7561590907752,3.38980255412418,0.911529861421844,9.22144187253962e-06,9.21852830480738e-05,"Pn_vs_rest","Pn higher"
"ppp1r3da",21.0177619221241,3.37496603490174,0.907563755062948,9.36992871507282e-06,9.3521938342241e-05,"Pn_vs_rest","Pn higher"
"znf839",77.274498411159,-2.93315815921857,0.763355772529174,9.65078861044661e-06,9.61735280738679e-05,"Pn_vs_rest","Other species higher"
"ndufb9",59.601822432595,-3.72595899245247,1.02945161263891,1.00400785379426e-05,9.98956241951274e-05,"Pn_vs_rest","Other species higher"
"cops3",13.1451618072638,3.31736413295596,0.893174260926552,1.01536026036661e-05,0.000100866557733123,"Pn_vs_rest","Pn higher"
"mettl21a",877.651520007871,2.26854331656246,0.559362420747367,1.01759828406723e-05,0.000100930437955759,"Pn_vs_rest","Pn higher"
"haus5",9.04422094988961,3.46900989776447,0.944483893630615,1.02223632938546e-05,0.000101231791742585,"Pn_vs_rest","Pn higher"
"prepl",94.8025601352524,-5.53855070515641,1.63725384827537,1.06905463363096e-05,0.000105702776900261,"Pn_vs_rest","Other species higher"
"hmgb1a",121.654421951133,3.68574915785079,1.02119427278152,1.07978635570046e-05,0.000106597317611115,"Pn_vs_rest","Pn higher"
"cfap410",19.330529693754,4.11854953921617,1.16989663005202,1.12813853615337e-05,0.000111197206491878,"Pn_vs_rest","Pn higher"
"cbx5",22.707386966042,3.23218910562828,0.871740639629176,1.14619032363918e-05,0.000112800814432173,"Pn_vs_rest","Pn higher"
"morn5",528.790931103826,-5.56644256833814,1.66418675304099,1.2005777237671e-05,0.000117969811117985,"Pn_vs_rest","Other species higher"
"rcl1",311.438024354279,3.37063365794939,0.921847169736461,1.20683024872598e-05,0.000118400338200589,"Pn_vs_rest","Pn higher"
"hdhd5",26.4058090109394,4.14515332630003,1.18829294528138,1.25614832014873e-05,0.000123048089317356,"Pn_vs_rest","Pn higher"
"ankrd13a",65.8180366968495,-3.36077543307631,0.921886298304634,1.27290875455525e-05,0.00012449716536052,"Pn_vs_rest","Other species higher"
"ankrd27",22.7927127690379,-3.71758759636104,1.04485726527962,1.28524512707199e-05,0.000125509740186907,"Pn_vs_rest","Other species higher"
"psmb13a",101.729807692145,4.09825601876219,1.17630178278863,1.31178034000958e-05,0.00012753068773525,"Pn_vs_rest","Pn higher"
"mrps18c",145.342966771131,3.6152449738632,1.01139207052397,1.31409685085624e-05,0.00012753068773525,"Pn_vs_rest","Pn higher"
"march5",18.7762921780462,3.5498725886985,0.989021566309813,1.31601673658531e-05,0.00012753068773525,"Pn_vs_rest","Pn higher"
"ppifb",127.653511641826,3.36112859513555,0.924077324756943,1.31457779269515e-05,0.00012753068773525,"Pn_vs_rest","Pn higher"
"mob1bb",31.2994297620614,3.29835245549292,0.902409755405206,1.31159348399916e-05,0.00012753068773525,"Pn_vs_rest","Pn higher"
"NTN1",5.81348551328034,3.87936085496636,1.10476900969374,1.36051392645427e-05,0.000131641164015331,"Pn_vs_rest","Pn higher"
"erp44",122.32931529149,3.48130058173143,0.968983067676234,1.38571012962034e-05,0.000133874407637214,"Pn_vs_rest","Pn higher"
"ergic3",909.576323755392,-2.50828956944914,0.643408679727426,1.39198713930212e-05,0.0001342758325839,"Pn_vs_rest","Other species higher"
"sorbs2a",19.9563097903921,3.19750703453664,0.872552564490658,1.41661046044041e-05,0.000136443089705737,"Pn_vs_rest","Pn higher"
"serping1",700.665868872636,-4.01287598254584,1.1547994699034,1.43032141424092e-05,0.000137554314731255,"Pn_vs_rest","Other species higher"
"map6b",20.4072671012392,4.29773804146731,1.25257448183935,1.43689423580773e-05,0.000137976733295771,"Pn_vs_rest","Pn higher"
"ndrg3a",8.30672080899742,3.49819322745838,0.979151732705217,1.4741670820416e-05,0.000141341352956958,"Pn_vs_rest","Pn higher"
"CDYL2",5.66836063049731,3.95472324610492,1.13792021797843,1.48287250393235e-05,0.00014196092594378,"Pn_vs_rest","Pn higher"
"rab14l",8.75106897024578,3.44451037845933,0.96220014673581,1.51108623355922e-05,0.000144443409153516,"Pn_vs_rest","Pn higher"
"ssb",172.90900718224,2.32481931791332,0.590164566375295,1.5306497336571e-05,0.000146092783025372,"Pn_vs_rest","Pn higher"
"tspan4b",15.1590059858483,4.08536016334891,1.18653806633384,1.54319604928394e-05,0.000147068442769108,"Pn_vs_rest","Pn higher"
"tgfb3",62.4890429784789,3.69613119763534,1.05247002108271,1.56315127527514e-05,0.000148746184510392,"Pn_vs_rest","Pn higher"
"mnat1",121.40682243044,2.23982293143089,0.565563361331053,1.58169956171516e-05,0.000150285207605608,"Pn_vs_rest","Pn higher"
"slc5a1",5.22042914107025,4.61569053237471,1.37600378162479,1.64839051807315e-05,0.000156387034458274,"Pn_vs_rest","Pn higher"
"eno1b",42.3540860593775,3.36558333076936,0.941009622622671,1.65924980937807e-05,0.000157181628648869,"Pn_vs_rest","Pn higher"
"mrpl18",337.753848228272,2.40733845355319,0.619443806129675,1.69179658398995e-05,0.000160025243400425,"Pn_vs_rest","Pn higher"
"nox1",156.192692195542,-3.93841907326584,1.14419895409086,1.70094284389189e-05,0.000160650243524595,"Pn_vs_rest","Other species higher"
"RPL5",241.72269539038,-2.75621052337051,0.733558366063587,1.73310172655235e-05,0.000163443632274565,"Pn_vs_rest","Other species higher"
"dnajc3a",376.236818301375,2.75207232734172,0.73297583415725,1.76171571881287e-05,0.000165894896854878,"Pn_vs_rest","Pn higher"
"cnot9",11.0250388450864,3.79874362213492,1.0984134194457,1.76762302340228e-05,0.000166203840892862,"Pn_vs_rest","Pn higher"
"lrtm1",22.352676315678,2.6018954427324,0.684094624037081,1.79124696430309e-05,0.000168175234274629,"Pn_vs_rest","Pn higher"
"canx",18.8292183437573,3.37338199260686,0.949548114069742,1.80574670694955e-05,0.000169285409801137,"Pn_vs_rest","Pn higher"
"C18orf32",24.0249119298945,3.53528177609144,1.00780227588946,1.82781011778724e-05,0.00017110033173606,"Pn_vs_rest","Pn higher"
"slc25a40",20.7426563501909,3.80410221749597,1.10556742830826,1.88125703573068e-05,0.000175658752307768,"Pn_vs_rest","Pn higher"
"si:ch211-197h24.6",41.0626126749227,-2.93837558620123,0.799720488247624,1.88205806044037e-05,0.000175658752307768,"Pn_vs_rest","Other species higher"
"dennd4a",2011.4190471798,-3.60072587854915,1.0336510231549,1.8906822789073e-05,0.000176203791766206,"Pn_vs_rest","Other species higher"
"rab5b",15.1747649186766,3.14702161171279,0.87355150783304,1.91714339534039e-05,0.000178407108907558,"Pn_vs_rest","Pn higher"
"wdr24",9.09041179830368,3.47025729364954,0.988547360869691,1.92584637483019e-05,0.000178953830542224,"Pn_vs_rest","Pn higher"
"tnip1",859.548106702568,-2.45317573072975,0.639956101422644,1.96478849295057e-05,0.000182304715298991,"Pn_vs_rest","Other species higher"
"cdc42se2",38.0352008315127,3.06915944588766,0.848123475227672,1.97883267054199e-05,0.000183338991789015,"Pn_vs_rest","Pn higher"
"rasd2",16.4934554223673,2.46578705281705,0.645355369278337,2.02968526595469e-05,0.000187775560862007,"Pn_vs_rest","Pn higher"
"eif2b5",113.463551221197,3.41120692037313,0.978867614429481,2.25212621763042e-05,0.000208050433652048,"Pn_vs_rest","Pn higher"
"stk38a",45.149779315595,3.313981012161,0.943886550319037,2.25678640122538e-05,0.000208177031296709,"Pn_vs_rest","Pn higher"
"cyb5d1",5.41809757571034,5.18933650307556,1.63005166213429,2.36176452448312e-05,0.000217543608601589,"Pn_vs_rest","Pn higher"
"slc16a6b",15.1503689415993,3.15921022641547,0.891820985091265,2.38344834936485e-05,0.000219221819110186,"Pn_vs_rest","Pn higher"
"cramp1",140.525669605605,3.05247506050243,0.854652181765787,2.42506915009628e-05,0.00022272623485935,"Pn_vs_rest","Pn higher"
"nsmaf",277.893965721457,-4.93872429990577,1.54103150840399,2.43561006456821e-05,0.000223370152008517,"Pn_vs_rest","Other species higher"
"ppil1",20.3508811800485,-5.46921612564305,1.74549482566801,2.46274761712036e-05,0.000225500802696652,"Pn_vs_rest","Other species higher"
"p3h3",50.921411924831,4.11958604272769,1.24422226276928,2.46596958701142e-05,0.000225500802696652,"Pn_vs_rest","Pn higher"
"ttyh1",129.482047608977,-3.22340234891283,0.917447601334793,2.47191520252543e-05,0.00022571831748313,"Pn_vs_rest","Other species higher"
"p2rx3a",8.24856647351367,4.23815874816349,1.29272214084204,2.59239764013134e-05,0.000236378851105924,"Pn_vs_rest","Pn higher"
"zgc:91910",23.1473340057546,2.86888348907513,0.79477085989939,2.65417104005245e-05,0.00024166322793456,"Pn_vs_rest","Pn higher"
"dmtf1",35.6059773357179,-3.48398115475325,1.02173388526171,2.78128571304137e-05,0.000252873218277669,"Pn_vs_rest","Other species higher"
"itga10",51.7016182553592,-4.78816212732159,1.5047652174872,2.80026209148757e-05,0.000254233264202774,"Pn_vs_rest","Other species higher"
"sult3st1",347.330712706274,-5.04567991715322,1.6033367381508,2.82384793480364e-05,0.000256007302742657,"Pn_vs_rest","Other species higher"
"fbxo42",18.3629115523446,2.99497585386628,0.845031505649353,2.89543016537481e-05,0.000262121346015619,"Pn_vs_rest","Pn higher"
"tubgcp4",59.9514703375616,-4.84739956948554,1.53285458761506,2.91741437432632e-05,0.000262985148097903,"Pn_vs_rest","Other species higher"
"vti1a",10.6041105293789,3.6809236153329,1.09868478865279,2.9097911188231e-05,0.000262985148097903,"Pn_vs_rest","Pn higher"
"wbp2nl",31.6676208651795,2.75716498952729,0.760705894754145,2.91743953800139e-05,0.000262985148097903,"Pn_vs_rest","Pn higher"
"eif4bb",54.6753180367129,3.01087282893904,0.852991744431422,2.99827570757549e-05,0.000269887463407364,"Pn_vs_rest","Pn higher"
"pmpcb",124.747433999034,2.48147348764066,0.667884989045841,3.01973421103657e-05,0.000271432927378401,"Pn_vs_rest","Pn higher"
"tmem106ba",17.7130800983909,2.99114697049554,0.848932373755214,3.14929544644533e-05,0.000282677185604341,"Pn_vs_rest","Pn higher"
"mus81",380.839508408729,-3.42453832222212,1.0117127046727,3.23548436805568e-05,0.00029000205497247,"Pn_vs_rest","Other species higher"
"smyd1b",20.9085515564453,4.71290685161158,1.49972995369047,3.30644677739676e-05,0.000295943355125413,"Pn_vs_rest","Pn higher"
"clul1",6768.33472398346,3.08327423133,0.886427331105277,3.33059850685164e-05,0.000297684002137814,"Pn_vs_rest","Pn higher"
"trap1",23.1892612408163,3.73886069384031,1.13321993064909,3.34692564736511e-05,0.000298300640796146,"Pn_vs_rest","Pn higher"
"zgc:109982",26.3137391353728,3.63334780685623,1.09328747853924,3.34558494745355e-05,0.000298300640796146,"Pn_vs_rest","Pn higher"
"sema3c",11.6159541412061,3.52408276426415,1.05317125336047,3.39230677598333e-05,0.000301920074239417,"Pn_vs_rest","Pn higher"
"tpi1b",32.1370455187173,-3.60250109981454,1.08368330231122,3.42418035219131e-05,0.00030432883804307,"Pn_vs_rest","Other species higher"
"nxnl2",15.2674679039782,3.26375627287506,0.95591305948678,3.43369314900346e-05,0.000304746286772705,"Pn_vs_rest","Pn higher"
"thyn1",385.155971893803,-3.90020072092863,1.19723988195931,3.44907282477353e-05,0.000305682532705419,"Pn_vs_rest","Other species higher"
"zgc:175214",102.844397502702,2.95446621964031,0.841556241993707,3.46335375151397e-05,0.000306518916637488,"Pn_vs_rest","Pn higher"
"cnot8",59.0232124451919,3.0546697051351,0.879673772510778,3.52553187823952e-05,0.000311586113484633,"Pn_vs_rest","Pn higher"
"psmc4",18.4115182318237,3.34716666312069,0.990062817261947,3.55567768206534e-05,0.000313812111187021,"Pn_vs_rest","Pn higher"
"ywhabb",65.5293650256713,2.47556710858073,0.674909139163,3.6655421864275e-05,0.000323057812753666,"Pn_vs_rest","Pn higher"
"slc25a26",5.59192305018609,5.07645207259291,1.65854204518275,3.67900527778261e-05,0.000323793399135026,"Pn_vs_rest","Pn higher"
"arr3a",265.827696270724,3.36985362426224,1.00263336184465,3.73594813025162e-05,0.000328348330114337,"Pn_vs_rest","Pn higher"
"si:dkey-183j2.10",801.676083338461,-4.20605935451438,1.32482924611707,3.81268291180073e-05,0.000334627704103676,"Pn_vs_rest","Other species higher"
"eif2s1b",710.51131975707,3.26576816371652,0.96831461168729,3.99810824947863e-05,0.00035041591416483,"Pn_vs_rest","Pn higher"
"hes6",193.534523574188,-4.73469512069493,1.53754714081628,4.04007487999477e-05,0.000353604340810607,"Pn_vs_rest","Other species higher"
"bricd5",112.075586216611,-4.66147998297252,1.51018897337749,4.08015968581499e-05,0.000356502791401306,"Pn_vs_rest","Other species higher"
"cdkl5",1058.70123051588,-3.52644388878754,1.07029208006581,4.08445834016983e-05,0.000356502791401306,"Pn_vs_rest","Other species higher"
"abhd13",28.4799446582873,3.12374816257437,0.91603774684542,4.09413361424747e-05,0.000356855062134408,"Pn_vs_rest","Pn higher"
"lin7b",16.2701122567132,3.28675323702629,0.978707884521408,4.12014142073047e-05,0.000358627990514201,"Pn_vs_rest","Pn higher"
"pola1",28.4039645595208,-4.70474041817873,1.52902950729694,4.12961514318547e-05,0.000358958854753813,"Pn_vs_rest","Other species higher"
"mrps22",114.231856912578,-5.12690810277849,1.70049608408279,4.15260047456829e-05,0.00036046167082398,"Pn_vs_rest","Other species higher"
"GPS2",304.022216295438,2.50383019478517,0.691463402461249,4.22115648312645e-05,0.000365910660619509,"Pn_vs_rest","Pn higher"
"dipk2ab",6.82698202854123,3.44062483518065,1.04144867709152,4.29225760413815e-05,0.000371565063187226,"Pn_vs_rest","Pn higher"
"ubn1",32.2084961152752,3.26515702988086,0.974523590216941,4.33978060180119e-05,0.000375165732898879,"Pn_vs_rest","Pn higher"
"cd9b",81.8087402444706,-2.69389857163215,0.760955251080946,4.39611384295298e-05,0.000379517167779078,"Pn_vs_rest","Other species higher"
"metap2b",101.726040436327,3.41078159416518,1.03389486507188,4.4976210803804e-05,0.000387751310581024,"Pn_vs_rest","Pn higher"
"ckma",156.80768120995,2.9296724857616,0.850977701795765,4.61399562951758e-05,0.000397243052293704,"Pn_vs_rest","Pn higher"
"neil3",62.7550528763684,-2.66889772890136,0.756160745483375,4.73770732537262e-05,0.000407339836344537,"Pn_vs_rest","Other species higher"
"MSMP",144.072345230239,-4.70663440350558,1.55292385860968,4.79964401341099e-05,0.000412105119631815,"Pn_vs_rest","Other species higher"
"dctn4",11.7635129203304,3.34233571328384,1.01582091144563,4.97720982453196e-05,0.000426772137799976,"Pn_vs_rest","Pn higher"
"entpd5b",50.224187996722,2.19278854076485,0.596594962578505,5.30751681890121e-05,0.000454478571447995,"Pn_vs_rest","Pn higher"
"slc1a5",14.5550101259172,3.01433699945858,0.893667970359669,5.35988188692544e-05,0.000458342332168435,"Pn_vs_rest","Pn higher"
"gbe1b",85.7694712893602,2.94722549850382,0.868013305123681,5.37325973478408e-05,0.000458866229442829,"Pn_vs_rest","Pn higher"
"saga",132.684243218991,2.95258712436732,0.872607547461911,5.57128362117691e-05,0.000475135886183389,"Pn_vs_rest","Pn higher"
"ubxn2a",68.048532757701,2.84687633873501,0.833383545574291,5.67452271027895e-05,0.000483289094355925,"Pn_vs_rest","Pn higher"
"clstn1",40.6435540022661,2.53994986512728,0.722036340852047,5.93499567030109e-05,0.000504793717764318,"Pn_vs_rest","Pn higher"
"chmp7",198.743410120264,-4.80853657279816,1.63262175230051,6.00555245447411e-05,0.000510109207139761,"Pn_vs_rest","Other species higher"
"pigt",211.483387015166,-4.5472156470876,1.52396892411967,6.05286657283948e-05,0.000513438869610298,"Pn_vs_rest","Other species higher"
"dbpb",19.3975546920535,3.17140740802146,0.965073922763152,6.08927379567922e-05,0.000515835670402384,"Pn_vs_rest","Pn higher"
"fads2",631.530859280863,2.63882487683529,0.759777896445113,6.10044506605778e-05,0.000516091128048311,"Pn_vs_rest","Pn higher"
"prmt7",636.439457024128,-2.76335247463762,0.806618139591691,6.12170113798422e-05,0.000517197927919414,"Pn_vs_rest","Other species higher"
"soul3",40.3644106187467,2.40401811378111,0.675559748871485,6.17220719878527e-05,0.000520769695385509,"Pn_vs_rest","Pn higher"
"foxo3b",7.67974554177765,3.17336262036158,0.967476421587522,6.21128228885983e-05,0.000523368765964115,"Pn_vs_rest","Pn higher"
"riok3",20.5570282101425,2.60061059396186,0.746987955590908,6.23960801988482e-05,0.000525056376992436,"Pn_vs_rest","Pn higher"
"narfl",243.853776455305,2.2133639238544,0.610735636611196,6.28961692075395e-05,0.000528561698200943,"Pn_vs_rest","Pn higher"
"dennd10",279.877876085574,2.63094806241154,0.758830011862444,6.30759038857246e-05,0.000529369124388415,"Pn_vs_rest","Pn higher"
"c1galt1a",49.0349596668788,-3.35956029375135,1.04503229949921,6.4093934495868e-05,0.000537200552966693,"Pn_vs_rest","Other species higher"
"eral1",8.41464024011594,3.55937972287583,1.12684789924518,6.44891302253645e-05,0.000539797904849348,"Pn_vs_rest","Pn higher"
"hspbap1",71.1481055780715,2.77998792283956,0.818210736431079,6.63803586347278e-05,0.000554894200053576,"Pn_vs_rest","Pn higher"
"oxsm",38.5699901382719,-3.7376850923602,1.2067903818949,6.87127084929231e-05,0.000573633270901343,"Pn_vs_rest","Other species higher"
"SYDE1",24.6569785718731,-3.2543941991186,1.0105853182903,7.02334409237478e-05,0.000585556276897861,"Pn_vs_rest","Other species higher"
"mrpl48",31.6002086395975,2.78192501694983,0.822796000013506,7.03351377643476e-05,0.000585632568122094,"Pn_vs_rest","Pn higher"
"MCMDC2",66.439379043239,2.47668477814139,0.709077814776265,7.12335580906015e-05,0.000592333713005685,"Pn_vs_rest","Pn higher"
"g6pc3",184.240101988138,-4.54108066390914,1.54873617265812,7.17322187058088e-05,0.00059569748027606,"Pn_vs_rest","Other species higher"
"hspa12a",6.81563063461103,3.60528410877441,1.15840509620952,7.28240215151354e-05,0.000603971701373233,"Pn_vs_rest","Pn higher"
"bet1",284.497669448683,2.12856079858489,0.5893724712946,7.41357684502443e-05,0.000614045998367992,"Pn_vs_rest","Pn higher"
"rabl3",11.965741326213,3.19752868157623,0.993362063300971,7.51613236997204e-05,0.00062172660963638,"Pn_vs_rest","Pn higher"
"cers5",173.597808021799,-4.1629310914898,1.39741071464922,7.62573121648555e-05,0.000629969022688258,"Pn_vs_rest","Other species higher"
"cybc1",51.8335901719397,2.44489278163457,0.701758689703262,7.70061335143859e-05,0.000635325701276446,"Pn_vs_rest","Pn higher"
"TLK1",50.6363964671544,-2.43806743502932,0.700774321960314,7.91614240914398e-05,0.000652257150586759,"Pn_vs_rest","Other species higher"
"ier5l",16.9702845569601,-3.29338369871707,1.03818928950177,7.97957595502907e-05,0.000656628825012015,"Pn_vs_rest","Other species higher"
"usp30",107.645625749633,3.52536671389763,1.14179742833233,8.51979723907516e-05,0.000700172427647632,"Pn_vs_rest","Pn higher"
"bloc1s6",57.2409722009809,2.20300720582435,0.62138049456659,8.60190442156486e-05,0.000706003257842574,"Pn_vs_rest","Pn higher"
"rfxank",68.612307788782,2.54227091492229,0.744302652722668,8.62934787451644e-05,0.000707338255828239,"Pn_vs_rest","Pn higher"
"fam149b1",167.580321949149,-4.5849630287104,1.60113438084658,8.70099232710145e-05,0.000711638189592758,"Pn_vs_rest","Other species higher"
"abhd16a",146.718607144072,1.84760486861959,0.504200037619221,8.70429770456376e-05,0.000711638189592758,"Pn_vs_rest","Pn higher"
"ckbb",153.195447675506,2.77444614178533,0.836439949645204,8.95348794907548e-05,0.000731066732151608,"Pn_vs_rest","Pn higher"
"elmo1",17.9478693347662,3.00545256110648,0.929880011731274,8.99180900960906e-05,0.000733249580061934,"Pn_vs_rest","Pn higher"
"tfe3a",9.32988062986791,3.23178579688521,1.02386900353418,9.01095443864074e-05,0.000733603070077882,"Pn_vs_rest","Pn higher"
"MCUB",39.3666761199888,-3.1065412450491,0.971782776703819,9.01932978066675e-05,0.000733603070077882,"Pn_vs_rest","Other species higher"
"zgc:162944",40.7892434862245,3.32700128359996,1.06498922309618,9.11490267252404e-05,0.000740424956504905,"Pn_vs_rest","Pn higher"
"klhl40a",10.0302533426053,3.57486446661396,1.17195003259865,9.25760549819096e-05,0.000751052917853236,"Pn_vs_rest","Pn higher"
"rbm25b",341.710190900264,-2.18838000109286,0.619984092126837,9.30596580870201e-05,0.000754009624039261,"Pn_vs_rest","Other species higher"
"mtg1",79.5932943733927,3.12265196524286,0.981382861641664,9.32429191230315e-05,0.000754528378785861,"Pn_vs_rest","Pn higher"
"rpl14",114.479258321726,3.9490161123162,1.3366591425197,9.52542175922649e-05,0.000769819526084103,"Pn_vs_rest","Pn higher"
"banf1",118.604414678306,3.0062252467903,0.93505740898502,9.5395797754175e-05,0.000769980367587269,"Pn_vs_rest","Pn higher"
"rps28",87.405045218472,3.2809525107732,1.05066467164874,9.60681641757389e-05,0.000774419545100733,"Pn_vs_rest","Pn higher"
"rpf1",278.25573200357,-3.38338155258273,1.09596963957141,9.77478739113824e-05,0.000786957437800544,"Pn_vs_rest","Other species higher"
"tecra",123.402929574895,2.44207688719508,0.716759380271017,0.000102498690209523,0.000824157193959165,"Pn_vs_rest","Pn higher"
"opn1lw1",36.4101305274267,3.47978669801639,1.14331802338076,0.000103324149514198,0.000829740124525187,"Pn_vs_rest","Pn higher"
"rpl10a",184.2216509778,4.13408175567252,1.43146240291874,0.000104633554429723,0.000838128015735807,"Pn_vs_rest","Pn higher"
"rnf185",80.4453832690118,2.18406240419567,0.624013485277719,0.00010457028813744,0.000838128015735807,"Pn_vs_rest","Pn higher"
"sult1st6",392.713474840434,-3.15245427257211,1.00731988349198,0.000108074115018503,0.000864592920148027,"Pn_vs_rest","Other species higher"
"cacng1a",188.020527260862,2.43683330341443,0.718291365346143,0.000108858343469522,0.000869767168529214,"Pn_vs_rest","Pn higher"
"adrm1",106.482742949103,2.73237909846566,0.834591457978281,0.000110416969176144,0.000881107920487563,"Pn_vs_rest","Pn higher"
"tmem101",1434.22598405556,2.70252461351884,0.823193050238729,0.000111343123633357,0.000887379453843684,"Pn_vs_rest","Pn higher"
"kif20a",89.892706338048,-3.79110687876857,1.29260988985109,0.000114895095541557,0.000914536056084238,"Pn_vs_rest","Other species higher"
"vipas39",15.1368684615852,3.17444933600858,1.02285895048939,0.000115305308096345,0.000916648228183003,"Pn_vs_rest","Pn higher"
"smn1",17.1190205312934,3.61688273616492,1.21744214916485,0.000116727288533732,0.000926788308458539,"Pn_vs_rest","Pn higher"
"drp2",244.723029057104,-4.74821568768326,1.73682141392524,0.000117780837598397,0.000933981378850448,"Pn_vs_rest","Other species higher"
"mrpl30",362.162974380729,-3.32036470142805,1.08866552820859,0.000118316686843716,0.000937056313325451,"Pn_vs_rest","Other species higher"
"pabpc1b",324.46819143273,3.45547323798189,1.14924313428683,0.000119773914268125,0.000947411661860871,"Pn_vs_rest","Pn higher"
"zgc:171489",484.088264630637,-3.17865581294277,1.02961515561308,0.000121339875250622,0.000958600163028636,"Pn_vs_rest","Other species higher"
"pold1",360.601036203495,-4.009393791861,1.40309155508485,0.000125379411830827,0.000988045975174934,"Pn_vs_rest","Other species higher"
"si:dkey-40g16.6",243.304492019075,-3.27935846061272,1.07671125071733,0.000125269835691776,0.000988045975174934,"Pn_vs_rest","Other species higher"
"lmbrd1",39.3521799744295,2.52965630478361,0.763429449700781,0.000126834125516765,0.000998266599838417,"Pn_vs_rest","Pn higher"
"vsx1",29.687455925505,3.22206328031383,1.05461647028319,0.000128989609744081,0.00101397049746651,"Pn_vs_rest","Pn higher"
"vps26c",110.806792237939,-3.58504600698606,1.21663166117114,0.000130067325979796,0.00102117374540961,"Pn_vs_rest","Other species higher"
"f2",23.5534146061694,-4.39261807085587,1.58791315101461,0.000131062898888102,0.00102644309921276,"Pn_vs_rest","Other species higher"
"cyp17a2",22.8142084258909,-4.22204615342692,1.50785856894817,0.000130978507708915,0.00102644309921276,"Pn_vs_rest","Other species higher"
"rpl23",724.672784002738,-3.05261453688341,0.984313212107982,0.000133741181603437,0.00104612385313541,"Pn_vs_rest","Other species higher"
"ndufa4l2a",10.6987589860632,3.41969706169652,1.14683827980689,0.000134755356792258,0.00105171669966216,"Pn_vs_rest","Pn higher"
"smdt1b",39.1013166195733,2.72255084436688,0.845297622333379,0.000134788597254427,0.00105171669966216,"Pn_vs_rest","Pn higher"
"wfs1b",71.3362948910003,2.69511212131375,0.835106363611229,0.000136767116329969,0.00106584028588183,"Pn_vs_rest","Pn higher"
"epn1",8.46289405014261,3.20657721905903,1.05475711671965,0.000138060371507051,0.00107459536395648,"Pn_vs_rest","Pn higher"
"CDC37",19.4297104519221,2.73362549881116,0.853038592900124,0.00014051080265254,0.00109232476558387,"Pn_vs_rest","Pn higher"
"dlat",20.513087752451,2.40978241964119,0.723948309970448,0.000142190167756437,0.00110402378105857,"Pn_vs_rest","Pn higher"
"tacr3a",53.012509612458,3.21440449209418,1.06325327718494,0.00014491723121375,0.00112381892049094,"Pn_vs_rest","Pn higher"
"arg2",14.2427075187454,3.2320069963347,1.07335618943418,0.000148049995170588,0.00114670791853058,"Pn_vs_rest","Pn higher"
"cnot7",1508.87714155608,2.20629681659513,0.650384010125154,0.000150405694356681,0.00116210895468752,"Pn_vs_rest","Pn higher"
"iba57",104.883182358717,2.09406877222971,0.609714181818863,0.000150389790359244,0.00116210895468752,"Pn_vs_rest","Pn higher"
"nol7",824.157930549232,2.29532360941379,0.685864581679457,0.000156584433513633,0.00120837353082228,"Pn_vs_rest","Pn higher"
"aipl2",10.6971609783254,3.44977863373613,1.17906598776001,0.000157648948833543,0.00121510663607632,"Pn_vs_rest","Pn higher"
"rpl35a",81.3296174695619,3.25609226306236,1.0921321145832,0.000159334608312495,0.001226605111194,"Pn_vs_rest","Pn higher"
"atp1b1a",236.855160498376,1.77971895977275,0.504952273533759,0.000160725891925149,0.00123581220425558,"Pn_vs_rest","Pn higher"
"fam49ba",12.5180018845662,-3.64917464510678,1.27394243019454,0.000161218332580261,0.00123809418515521,"Pn_vs_rest","Other species higher"
"zgc:172121",155.305974253612,1.97016369812506,0.569560703464892,0.000161841596113039,0.00124137408509492,"Pn_vs_rest","Pn higher"
"cfl1",64.1372133956354,3.08334273437544,1.01684868471877,0.000162918261433888,0.00124811956217148,"Pn_vs_rest","Pn higher"
"slc6a22.1",26.4913143704994,-4.218105128121,1.54517423523376,0.000163183336932919,0.00124863864100545,"Pn_vs_rest","Other species higher"
"myl1",256.048897523925,2.60213886034171,0.812057033066672,0.000168100552194654,0.00128471050034755,"Pn_vs_rest","Pn higher"
"ctsf",23.5476931406776,2.32629023041764,0.701956530412764,0.000168361116838422,0.00128514975555312,"Pn_vs_rest","Pn higher"
"mipa",102.232078051231,-4.34554170168401,1.61407017021298,0.000168758454343063,0.00128663072178663,"Pn_vs_rest","Other species higher"
"prrg1",183.46344037116,-3.56250685053402,1.24027809526442,0.000169366917172222,0.00128971582655333,"Pn_vs_rest","Other species higher"
"ndor1",87.4618481291892,-4.1251547945,1.50963484692858,0.000171948173002837,0.00130779812351196,"Pn_vs_rest","Other species higher"
"mpg",129.967305935461,-4.20449163618582,1.55015658156191,0.000173685570848635,0.00131942652140476,"Pn_vs_rest","Other species higher"
"pmpca",68.3690444091804,-2.76522846710456,0.883546428471258,0.000174236254469079,0.00132202280369344,"Pn_vs_rest","Other species higher"
"apobec2b",238.176922295765,2.69095249021258,0.852643312440019,0.000175872511843928,0.00133124552027318,"Pn_vs_rest","Pn higher"
"srp14",42.1038329665315,2.6530420227293,0.836623964449596,0.000175798282448511,0.00133124552027318,"Pn_vs_rest","Pn higher"
"snx24",80.7581682828888,-3.41158391628535,1.17559551829425,0.000176832216121799,0.00133691070922192,"Pn_vs_rest","Other species higher"
"guca1b",91.2242424948658,2.74707617684128,0.877423468351644,0.000177773124244241,0.00134242044178706,"Pn_vs_rest","Pn higher"
"tp53bp1",40.7878530995878,-2.75904641525133,0.883273280562184,0.000179300910252802,0.00135234345659086,"Pn_vs_rest","Other species higher"
"mesd",10.6523632865125,-4.56786332274128,1.74316169094965,0.000181746717724344,0.00136590644864566,"Pn_vs_rest","Other species higher"
"hdac9b",14.9701552948887,3.18701964967792,1.07498217251635,0.000181432632243421,0.00136590644864566,"Pn_vs_rest","Pn higher"
"ube2v2",14.5702755614909,2.8818639508446,0.937901690702383,0.000181703376171895,0.00136590644864566,"Pn_vs_rest","Pn higher"
"grwd1",344.779268098892,2.33169395346362,0.709037745536,0.000182786481393737,0.0013720911675677,"Pn_vs_rest","Pn higher"
"ndufc2",2173.61503165387,3.21785154298808,1.09073883354677,0.000184079018097388,0.00138015642952639,"Pn_vs_rest","Pn higher"
"daam1b",61.3275641460557,2.45487758319051,0.758622504734919,0.000184850665180448,0.00138430178610873,"Pn_vs_rest","Pn higher"
"thbs3a",15.8028558585687,-3.08947404381745,1.03293938398992,0.000185645622038796,0.00138861169770863,"Pn_vs_rest","Other species higher"
"ergic2",43.6574877993049,-2.99501558554007,0.990608437288209,0.000186307065332379,0.00139191394264852,"Pn_vs_rest","Other species higher"
"pola2",186.794922446828,-4.42284961045716,1.67690989661981,0.000189145022176556,0.00141145011831751,"Pn_vs_rest","Other species higher"
"atpaf1",10.8567094688508,2.76545132305999,0.891805003770734,0.000191989993986878,0.00143099255824377,"Pn_vs_rest","Pn higher"
"eif1axb",23.1454056099578,2.84933139513012,0.929744154397561,0.000194555777776576,0.00144841054325902,"Pn_vs_rest","Pn higher"
"RGS20",334.146509700705,-4.50305297111307,1.73233235983279,0.000200850007151246,0.00149175920804352,"Pn_vs_rest","Other species higher"
"mier1b",52.1793406836515,2.76919670773151,0.897279173126387,0.000200771171602756,0.00149175920804352,"Pn_vs_rest","Pn higher"
"hvcn1",43.164305598277,-4.29605388647354,1.62713928692896,0.000203247598186735,0.00150779695348846,"Pn_vs_rest","Other species higher"
"rab33ba",10.468594026212,3.06256902191907,1.03192300988511,0.0002067257347276,0.00153180380486681,"Pn_vs_rest","Pn higher"
"si:ch73-234b20.5",218.695859464175,-4.26300732008758,1.6151044077445,0.000208107462790027,0.00154023862518747,"Pn_vs_rest","Other species higher"
"dag1",8.25181236199432,3.45196683375399,1.21737887147934,0.000210984700571612,0.00155970932852472,"Pn_vs_rest","Pn higher"
"ift22",1022.26923361408,-3.83396589427184,1.40338751665979,0.000211908813761576,0.00156471292121733,"Pn_vs_rest","Other species higher"
"mia",9.02983542953876,3.23003806505084,1.11320497830698,0.000212994809474132,0.00157021660454908,"Pn_vs_rest","Pn higher"
"marcksl1b",61.6399659702772,2.76698619411894,0.901524103843265,0.000213150452482248,0.00157021660454908,"Pn_vs_rest","Pn higher"
"C12orf57",37.4848902178075,-4.08804843864049,1.53896988828599,0.000222337944956132,0.00163599362288652,"Pn_vs_rest","Other species higher"
"dhx29",41.4884964505555,-4.34020530480938,1.67866131953911,0.000231734096201067,0.00170315140622573,"Pn_vs_rest","Other species higher"
"tdp2b",11.2957120230773,3.03354425428847,1.03253011871727,0.000235825622439587,0.0017312117619463,"Pn_vs_rest","Pn higher"
"psmb12",46.1957044484083,3.30448794280787,1.16253942941842,0.000238475729431978,0.00174863779356379,"Pn_vs_rest","Pn higher"
"irf3",2214.81666560945,2.74984758144416,0.904291459005208,0.000239574566136439,0.00175466186864744,"Pn_vs_rest","Pn higher"
"anxa13",29.7896607736059,3.05153937877082,1.04285656262882,0.000239982620168202,0.00175561852072183,"Pn_vs_rest","Pn higher"
"hmbsb",7.08470755945245,2.81098490471526,0.932349523864868,0.000241081467755531,0.00176162070202887,"Pn_vs_rest","Pn higher"
"col10a1b",48.2255181327042,2.44371240256192,0.773953737325948,0.000245791964632529,0.00179396949503419,"Pn_vs_rest","Pn higher"
"bcl2l1",7.42978813635771,3.04433126524571,1.04223956894383,0.000246115173391863,0.0017942590060181,"Pn_vs_rest","Pn higher"
"gig2p",67.1811834321167,-3.33121028077138,1.18063205196647,0.000248159887283547,0.00180708373616833,"Pn_vs_rest","Other species higher"
"dnajc9",35.8231467054816,2.91760384519202,0.984919260299271,0.000250514674342399,0.00182213432096403,"Pn_vs_rest","Pn higher"
"itga3b",21.6612338204657,2.7619750951155,0.91394006446136,0.000250951609277479,0.00182321674340745,"Pn_vs_rest","Pn higher"
"vat1",145.64366773311,3.04834991957762,1.04895249063251,0.000257040507430365,0.00186531230621485,"Pn_vs_rest","Pn higher"
"UPF1",24.4222847773234,-2.77914193174279,0.924622493674436,0.00025897414993207,0.001877191776369,"Pn_vs_rest","Other species higher"
"rpl11",616.893637525388,3.02745948894278,1.04034996281508,0.000260051577641939,0.00188207892005579,"Pn_vs_rest","Pn higher"
"trim8b",829.858493216081,-2.91522865674505,0.987715013929935,0.00026024321350329,0.00188207892005579,"Pn_vs_rest","Other species higher"
"CDKL5",1010.2719034111,-4.13342131450531,1.59510994959228,0.000261446481336827,0.00188862252728247,"Pn_vs_rest","Other species higher"
"syngr2b",97.2210701634336,2.69317192391701,0.887152481036999,0.000262649541812331,0.00189514971560824,"Pn_vs_rest","Pn higher"
"gnav1",172.378886331278,-3.49358026931527,1.27160719948576,0.000268435737088732,0.00193469401400626,"Pn_vs_rest","Other species higher"
"bcar1",13.9788434552027,3.24312211433996,1.14885413318029,0.000270479857996265,0.00194720880705388,"Pn_vs_rest","Pn higher"
"slc20a1a",16.934885971179,3.186934711209,1.12208927825891,0.000271830336038675,0.00195470723460538,"Pn_vs_rest","Pn higher"
"si:dkey-283b15.2",18.9086671834896,3.41975721333649,1.24040951926106,0.000279094805561485,0.00200466734346547,"Pn_vs_rest","Pn higher"
"SLC25A29",16.6516344258636,2.66124556903307,0.879534829827087,0.000283279983517396,0.00203242146904544,"Pn_vs_rest","Pn higher"
"ercc2",464.790287242549,-4.07726113947019,1.58319496871399,0.000284846713229443,0.00204134767985947,"Pn_vs_rest","Other species higher"
"vrk2",37.9826070212513,-3.86766383179712,1.47325433436658,0.000286190823823238,0.00204866010537721,"Pn_vs_rest","Other species higher"
"ppid",21.9617970046324,-2.97855941407438,1.02810298183256,0.000287261995862412,0.00205400441787271,"Pn_vs_rest","Other species higher"
"zgc:194887",85.1883893010798,2.17697794263406,0.676169229726204,0.00028768625698113,0.0020547162913957,"Pn_vs_rest","Pn higher"
"osgep",480.595954865767,2.16516679939866,0.671792028697178,0.000288966031800024,0.00206152993148879,"Pn_vs_rest","Pn higher"
"aspg",33.0953376543934,2.76870590554154,0.931412460559115,0.00029252365124839,0.00208456043367096,"Pn_vs_rest","Pn higher"
"cyp27c1",128.90516477273,-4.05735093220442,1.57852422135923,0.000293119896812951,0.00208645973794415,"Pn_vs_rest","Other species higher"
"ell2",9.23000995132897,2.89400397211089,0.991533874316243,0.000297066177072162,0.00211217389720521,"Pn_vs_rest","Pn higher"
"zdhhc8b",169.631153815826,-3.65002710504973,1.36762847947724,0.000298317526696928,0.00211869058242218,"Pn_vs_rest","Other species higher"
"trim3b",20.3872529455137,2.62349238283844,0.868534177522183,0.00030310420996197,0.00215027291551496,"Pn_vs_rest","Pn higher"
"bcl9l",66.8144417595086,3.04143355115202,1.06477928548581,0.000303882253230082,0.00215337838571104,"Pn_vs_rest","Pn higher"
"slc4a1ap",55.5148306792532,-2.48271222162206,0.80720477565247,0.000306338747219033,0.00216835748590832,"Pn_vs_rest","Other species higher"
"LLGL1",317.778479085241,-2.45747266566847,0.797151244293664,0.000309790465660594,0.00219033973932988,"Pn_vs_rest","Other species higher"
"fbxw10",10.1929334844098,3.0614815088894,1.07849287934542,0.000314144067000249,0.00221864247318926,"Pn_vs_rest","Pn higher"
"plag1",106.334135694583,-3.97267193383671,1.55488535306458,0.000325871475642373,0.00229638927542201,"Pn_vs_rest","Other species higher"
"fzd4",7.1866606990681,2.68774169916011,0.90434441313813,0.000325878250526069,0.00229638927542201,"Pn_vs_rest","Pn higher"
"slc7a6os",10.7324201822955,2.86498212869295,0.988269162009162,0.000328107804918127,0.00230952857566397,"Pn_vs_rest","Pn higher"
"si:ch73-335l21.1",13.4742712320666,2.33207504772012,0.749381680821182,0.00033445311324941,0.00235157700071363,"Pn_vs_rest","Pn higher"
"top1l",19.7698572098582,2.76604731788046,0.943923260270566,0.000336459297849303,0.00236305708855759,"Pn_vs_rest","Pn higher"
"snx3",85.4080438640541,2.30041316557338,0.738223327398507,0.000344633602080351,0.00241778429486082,"Pn_vs_rest","Pn higher"
"fam32a",96.1895549780369,2.01606709451384,0.62446025283508,0.000346175349453276,0.00242591097601366,"Pn_vs_rest","Pn higher"
"adamts13",581.018255236149,2.28649502303464,0.733683534665165,0.000350965425019922,0.00245675797513945,"Pn_vs_rest","Pn higher"
"rfc2",1650.67535833487,-2.33616435958979,0.755335242275668,0.000354425558602115,0.00247823749705435,"Pn_vs_rest","Other species higher"
"btbd17a",349.05144632528,5.53691880425264,3.17991786423498,0.000368858236083184,0.00257630785643973,"Pn_vs_rest","Pn higher"
"ncaldb",78.1264881055154,3.08406491677318,1.11188291965142,0.000375462067672354,0.00261949797398364,"Pn_vs_rest","Pn higher"
"slc6a6b",30.4186945560541,2.40717467059556,0.79045161129694,0.000375869810426224,0.00261949797398364,"Pn_vs_rest","Pn higher"
"sod1",47.7847418709745,2.69070517422367,0.922538498498316,0.000387906049755715,0.00270040647178676,"Pn_vs_rest","Pn higher"
"tmem82",52.9184040835173,-4.25462749936774,1.75890808396146,0.000391060287767306,0.00271937307801265,"Pn_vs_rest","Other species higher"
"ASTN2",21.3534666233865,-4.00638571283501,1.61457819498364,0.000392799471295585,0.00272846877536604,"Pn_vs_rest","Other species higher"
"cdc42ep5",149.145718643621,2.17374179596261,0.69509081218833,0.000395192910818299,0.00274208414436206,"Pn_vs_rest","Pn higher"
"dhrs4",15.8950980390417,2.83181136683681,0.992566688843004,0.00039574755664152,0.00274292501470705,"Pn_vs_rest","Pn higher"
"col5a2a",67.3503240502714,-2.8791602375076,1.01758198477209,0.000401842983217208,0.00278212516170513,"Pn_vs_rest","Other species higher"
"vps4a",155.096724892875,2.58712724295482,0.878179432682381,0.00040541721197298,0.00280380340695631,"Pn_vs_rest","Pn higher"
"hnrnpr",19.2263049118815,2.75148004717641,0.9564694103472,0.000406797253461512,0.00281027622260311,"Pn_vs_rest","Pn higher"
"ndufa5",127.659185135451,1.96446583022692,0.613993380416486,0.000408902561818492,0.00282173981590776,"Pn_vs_rest","Pn higher"
"snf8",82.7413932163281,-2.54844856210937,0.861191663288816,0.000409488128511374,0.00282270248063178,"Pn_vs_rest","Other species higher"
"hemk1",1947.25998489612,2.37192781294388,0.782203405172932,0.000411717249682408,0.00283498014797636,"Pn_vs_rest","Pn higher"
"slc35d2",45.2580791987046,5.28808554964481,2.65441720859679,0.000425173215933675,0.00292323187601623,"Pn_vs_rest","Pn higher"
"yme1l1b",14.5473249118044,2.50462521523331,0.84447911089317,0.000425457736695789,0.00292323187601623,"Pn_vs_rest","Pn higher"
"rgs9a",122.870403062682,-2.76800709799978,0.969485510986438,0.000426264823554667,0.00292560065450535,"Pn_vs_rest","Other species higher"
"nmur3",565.688948458448,3.30548640800573,1.2457475818483,0.000429262676789817,0.00294298398561859,"Pn_vs_rest","Pn higher"
"ahsa1b",8.26309892422415,2.6364094137412,0.907875882863329,0.000433987193420093,0.00297215471857397,"Pn_vs_rest","Pn higher"
"tiam2a",102.389495382097,2.57611446653204,0.879609424454802,0.000434881532801029,0.00297505982655666,"Pn_vs_rest","Pn higher"
"cep85",11.123352133086,2.37318300714276,0.788351587208261,0.000441596251990846,0.00301773335053788,"Pn_vs_rest","Pn higher"
"bhlhe40",18.714884099843,2.44839431111107,0.822743885689427,0.000444976279505368,0.00303755112913696,"Pn_vs_rest","Pn higher"
"rcor2",182.530280445989,-2.48131969496938,0.837985128044796,0.00044609231357401,0.00304188810376761,"Pn_vs_rest","Other species higher"
"urad",15.1388671349927,2.93070134515408,1.05744791423422,0.000451975572646029,0.0030786882924694,"Pn_vs_rest","Pn higher"
"TMEM47",183.592353104337,-3.29184578856808,1.25130758513336,0.000465982296096612,0.00317068383838641,"Pn_vs_rest","Other species higher"
"ndrg1a",393.036393169294,2.07410672186671,0.665238898150178,0.000466503309248967,0.00317081948542155,"Pn_vs_rest","Pn higher"
"utp4",9.0529115114879,2.78456159356222,0.987885092949553,0.000467696420712103,0.00317551818698089,"Pn_vs_rest","Pn higher"
"lypla1",47.5933653923295,-3.02328302871421,1.10995701952908,0.000469385625411853,0.00318139105029242,"Pn_vs_rest","Other species higher"
"mrpl43",23.5582935290352,2.45640354169676,0.831074092453685,0.00046956688384531,0.00318139105029242,"Pn_vs_rest","Pn higher"
"plcd1a",37.5117497221449,2.898512031097,1.0467769462433,0.000473519008533168,0.00320404317121219,"Pn_vs_rest","Pn higher"
"tspan3b",53.765564774288,-2.78571496060183,0.989953884442222,0.000473922946942891,0.00320404317121219,"Pn_vs_rest","Other species higher"
"pdcd11",1103.08491694035,1.88453418199875,0.591622577728589,0.000474849122297342,0.00320687859754278,"Pn_vs_rest","Pn higher"
"bckdha",12.459849827642,2.37456213621253,0.795505526278442,0.000478371732288636,0.00322722422379796,"Pn_vs_rest","Pn higher"
"grinaa",22.3042671114909,2.42561949275982,0.818805380321856,0.00047945238046035,0.00323106992923652,"Pn_vs_rest","Pn higher"
"C6orf120",44.9256257382044,-3.83074065066988,1.56076502350956,0.000484531086349151,0.00326182203661429,"Pn_vs_rest","Other species higher"
"pla2g15",101.027092475853,1.93398461359128,0.61341495599052,0.000498129060159529,0.00334979882326196,"Pn_vs_rest","Pn higher"
"ciapin1",47.8963833702534,-2.57497994138008,0.893213089554061,0.000503588947669648,0.00338292023445173,"Pn_vs_rest","Other species higher"
"abca12",13.1568766707809,-3.93339024245966,1.63121005635426,0.00050474653184833,0.00338710079908402,"Pn_vs_rest","Other species higher"
"bmp7a",11.135137415869,-4.00079243953698,1.67430479930807,0.000509209048588588,0.00341276566433437,"Pn_vs_rest","Other species higher"
"gmcl1",344.105366141888,1.73963432106715,0.540971953205476,0.000509649739695951,0.00341276566433437,"Pn_vs_rest","Pn higher"
"pex5",17.4321733086918,2.8952000339092,1.05549049247926,0.000514905260901751,0.0034443134154189,"Pn_vs_rest","Pn higher"
"rnaseh2a",407.946146970608,-3.69034266328642,1.49348549850644,0.000517797418461235,0.00345890523845644,"Pn_vs_rest","Other species higher"
"rufy2",10.3812212653842,2.99711290004714,1.10957757403736,0.000518325072722231,0.00345890523845644,"Pn_vs_rest","Pn higher"
"CTSZ",17.1198184374587,2.61239385982924,0.914254455677102,0.000518726465122496,0.00345890523845644,"Pn_vs_rest","Pn higher"
"rpz",21.7196023279448,-2.31572073721347,0.776578770976057,0.000523819461145908,0.00348918900013822,"Pn_vs_rest","Other species higher"
"ginm1",11.2842731938804,2.45161085460007,0.839216067802951,0.000527313872688566,0.00350877201511382,"Pn_vs_rest","Pn higher"
"si:ch211-257p13.3",94.3914353175123,-4.16118931609389,1.78953059874832,0.000536532117380421,0.00356261829882823,"Pn_vs_rest","Other species higher"
"OSBPL8",5.37070089484772,2.79030128763559,1.00660894529307,0.000536412135010371,0.00356261829882823,"Pn_vs_rest","Pn higher"
"tial1",10.075576119179,2.9149138354248,1.07235191936413,0.000542178977873213,0.00359634022220303,"Pn_vs_rest","Pn higher"
"stum",221.600568888087,-3.94958163196129,1.66388971109837,0.000552704548422631,0.003658487847718,"Pn_vs_rest","Other species higher"
"pnp5a",610.912429241697,2.06206014287527,0.671352966822438,0.000552691742519441,0.003658487847718,"Pn_vs_rest","Pn higher"
"agpat3",33.712846064269,2.59942532665374,0.91488201276507,0.000554958144852176,0.00366956650013017,"Pn_vs_rest","Pn higher"
"zgc:92335",61.5560057870848,2.78221471069456,1.00867124848567,0.000565083683920856,0.00373261957395739,"Pn_vs_rest","Pn higher"
"mecr",13.5585392549428,2.94368599764663,1.09385055626511,0.00056872063544479,0.00375272594483277,"Pn_vs_rest","Pn higher"
"hacd3",313.538923729799,1.74055162514429,0.546847624396538,0.000569687543267622,0.00375519038937241,"Pn_vs_rest","Pn higher"
"tmod4",21.9306789997051,-3.65771762992586,1.50159621408084,0.000587806808042076,0.00387059467355906,"Pn_vs_rest","Other species higher"
"lysmd1",120.750592987575,-3.02533399701501,1.14558152551766,0.000601449870588065,0.00395631474124872,"Pn_vs_rest","Other species higher"
"cdyl",13.6078400178454,2.75156804272849,1.00054123889782,0.00060233629843428,0.00395803125284748,"Pn_vs_rest","Pn higher"
"trmt5",43.8608808544985,2.01480723659428,0.65900688392789,0.000616233294873385,0.00404514967838048,"Pn_vs_rest","Pn higher"
"nr2e1",117.616234201042,-3.59637268823192,1.47587738039483,0.000617914285230738,0.00405198092947162,"Pn_vs_rest","Other species higher"
"acod1",456.54486729657,-2.86929829433168,1.06755361235331,0.000628119633503751,0.00411463875860428,"Pn_vs_rest","Other species higher"
"gigyf2",13.9236801147785,2.53173352457659,0.894879985638379,0.000630876913143157,0.00412842720410538,"Pn_vs_rest","Pn higher"
"bcap29",63.835702097251,-2.57931987178087,0.918633244347711,0.000632136922702099,0.00413239922196165,"Pn_vs_rest","Other species higher"
"mcts1",54.8966503996068,2.21387436033762,0.746584542851667,0.000635226025937248,0.00414830783501641,"Pn_vs_rest","Pn higher"
"arl1",130.820312593761,1.66039266890852,0.522599648389911,0.000636183008007794,0.00415027430378693,"Pn_vs_rest","Pn higher"
"wars1",26.2369944231964,2.5444314184593,0.903322559508321,0.000644322255307377,0.00419904349287856,"Pn_vs_rest","Pn higher"
"lta4h",44.0978152122326,-3.62051506344262,1.50005835606461,0.000645923364835229,0.00420514717353635,"Pn_vs_rest","Other species higher"
"arhgef10",51.967736305309,-2.1440320971971,0.717593710523088,0.000649963836203775,0.00422710293473534,"Pn_vs_rest","Other species higher"
"tmem98",42.4149068878417,-3.66240816011355,1.52725868558214,0.000650920242973377,0.00422897669151492,"Pn_vs_rest","Other species higher"
"gdi1",25.2589493452384,-2.21954457254189,0.751876491115305,0.000657659170153528,0.00426837664485284,"Pn_vs_rest","Other species higher"
"pax9",4.64151508594025,3.24499468260479,1.28587784061908,0.000670185181291935,0.00434521703608132,"Pn_vs_rest","Pn higher"
"psap",185.680508519622,2.04363192592981,0.67700023830675,0.000672958406610586,0.00435873162439283,"Pn_vs_rest","Pn higher"
"creg2",48.1460619058307,1.78796296285927,0.573871118041838,0.000675826703562258,0.00437283372202655,"Pn_vs_rest","Pn higher"
"gdpd5b",85.8101230208894,-3.61483492189022,1.50710743359217,0.000676920249594894,0.00437543548461337,"Pn_vs_rest","Other species higher"
"BHLHE40",20.2380610651307,2.1195318338173,0.710250971124059,0.000679597662501585,0.00438825919215309,"Pn_vs_rest","Pn higher"
"MOK",24.9778739754232,2.48671426303733,0.881124504870896,0.000684839837696456,0.00441760091023769,"Pn_vs_rest","Pn higher"
"zgc:85777",318.957625137347,1.85852497990277,0.60298362499653,0.000693025631223191,0.00446585152177225,"Pn_vs_rest","Pn higher"
"snx33",11.6230115159206,-2.54359446312955,0.911135835703359,0.000696538273332963,0.00448392084806815,"Pn_vs_rest","Other species higher"
"ube2na",7.86952775613223,2.72586224753461,1.00582381507303,0.000702280736431472,0.00451170812196788,"Pn_vs_rest","Pn higher"
"psmc5",393.069395949333,2.20398809102978,0.750140581275497,0.000702032452493465,0.00451170812196788,"Pn_vs_rest","Pn higher"
"rdh1",99.3247196334117,-3.37178397994874,1.37082320967319,0.000710352755221491,0.00455431837390233,"Pn_vs_rest","Other species higher"
"prdx3",283.175231193298,-2.33751767997752,0.812655675373384,0.000709809216512369,0.00455431837390233,"Pn_vs_rest","Other species higher"
"ywhae1",26.2381698177548,2.26160817655558,0.777596108572214,0.000712454907335219,0.00456317272633326,"Pn_vs_rest","Pn higher"
"ogfod2",59.0061702393581,-3.91795908978748,1.71288797559418,0.000713311265845121,0.00456403810947212,"Pn_vs_rest","Other species higher"
"ANKS6",43.9637236065248,3.16969624705191,1.25366274989643,0.000714575305376178,0.00456750760850551,"Pn_vs_rest","Pn higher"
"sav1",88.3812211323587,3.23160164167264,1.29156235925712,0.00072280879833997,0.0046154733359186,"Pn_vs_rest","Pn higher"
"npb",54.0210210098017,-3.79226887639747,1.63731907486334,0.000730876480520627,0.00466228464590174,"Pn_vs_rest","Other species higher"
"dusp8a",11.0385364618367,2.63623700410173,0.964153301074563,0.000733238773495644,0.00467264346292088,"Pn_vs_rest","Pn higher"
"trim3a",11.7460600204479,2.89634402037627,1.10515020302164,0.000741815075624602,0.00472254104482141,"Pn_vs_rest","Pn higher"
"smc2",8.33490214730752,2.62055810238799,0.959000754881834,0.000752190076847846,0.004783777694767,"Pn_vs_rest","Pn higher"
"nacc1a",5.47959614683334,2.98502077397077,1.15808249167081,0.000758940281542398,0.00481702517713169,"Pn_vs_rest","Pn higher"
"sars2",25.9648859667608,2.85252998312861,1.08419266087283,0.00075872026312372,0.00481702517713169,"Pn_vs_rest","Pn higher"
"sept10",28.0695422166283,2.46232422756273,0.880038114992921,0.000762303613875775,0.00483352431724038,"Pn_vs_rest","Pn higher"
"mettl5",572.586092351028,1.94095653519583,0.643090484674674,0.000770313622576794,0.00487942402769365,"Pn_vs_rest","Pn higher"
"prex1",14.1548668830861,2.44076197076127,0.870726774770507,0.000772661488219466,0.00488940189745278,"Pn_vs_rest","Pn higher"
"slx1b",231.156090844225,-2.10860659098943,0.715768204809304,0.000779073149919607,0.00492504984284843,"Pn_vs_rest","Other species higher"
"krt18a.1",43.533504438516,3.00069522822412,1.17141513727459,0.000780881023125026,0.00493155201031454,"Pn_vs_rest","Pn higher"
"fhl2b",91.9950835769397,-3.54799146037467,1.49916855783508,0.000783716003309806,0.00494452130502936,"Pn_vs_rest","Other species higher"
"trir",77.8414568086667,2.61077986256672,0.958927047515434,0.000785071764676119,0.00494814156062797,"Pn_vs_rest","Pn higher"
"aamdc",133.382922257767,1.36960123048218,0.428008829726671,0.000787251011583264,0.00495693970278497,"Pn_vs_rest","Pn higher"
"h1-0",63.5782333528596,2.33126725121026,0.819601145431804,0.000790456597612611,0.00497217629194095,"Pn_vs_rest","Pn higher"
"tmem258",280.814861085046,2.05503185941261,0.693491365471909,0.000791802918603533,0.00497569897609052,"Pn_vs_rest","Pn higher"
"gnat2",223.287627767456,-2.27199630676202,0.792084457930381,0.000795930145442566,0.00499667257972277,"Pn_vs_rest","Other species higher"
"cyc1",9.82480366389419,2.59082348703887,0.950263193271633,0.000796789706884597,0.0049971112637916,"Pn_vs_rest","Pn higher"
"rspry1",5.9939422520152,3.36360537642668,1.39064495658606,0.000803575964862538,0.00503468188678232,"Pn_vs_rest","Pn higher"
"pkdccb",15.4330282467683,-2.60975770585382,0.962264495774342,0.000811199646945276,0.00507741974863472,"Pn_vs_rest","Other species higher"
"abl1",67.2114723067428,-2.54409755727845,0.929441572131068,0.000820681668036689,0.00513169327602388,"Pn_vs_rest","Other species higher"
"ampd3a",43.1520225206651,-3.64293807789819,1.57231480801259,0.000826057556632045,0.00516020949493345,"Pn_vs_rest","Other species higher"
"cs",10.1222535755231,2.6619940065194,0.99310154657314,0.000832541223892379,0.00519558270689445,"Pn_vs_rest","Pn higher"
"vwde",7.39242793597914,2.87912576554652,1.11458986393846,0.000845247274957244,0.00526967956249206,"Pn_vs_rest","Pn higher"
"zgc:162730",9.16765217910077,3.33848877455204,1.38855826101825,0.00085713325410475,0.00533327358109622,"Pn_vs_rest","Pn higher"
"atp6v0b",9.05529440564885,2.28952313556942,0.807065719704299,0.000856468309504263,0.00533327358109622,"Pn_vs_rest","Pn higher"
"ptn",24.1499841035472,2.6632783681668,0.998709758883362,0.000865666192264338,0.00538107629140347,"Pn_vs_rest","Pn higher"
"elmo3",50.1429404980976,-2.78913673034925,1.06836533071247,0.000870325295185606,0.00540472862407705,"Pn_vs_rest","Other species higher"
"FABP7",17.8764738159621,2.89535493479538,1.12894197738274,0.000874618791883158,0.00542606638729081,"Pn_vs_rest","Pn higher"
"cct5",284.639091933102,-2.44578369188481,0.886833479149619,0.000880133226135501,0.00545492953475558,"Pn_vs_rest","Other species higher"
"psat1",9.05801881632383,2.69252851756564,1.01797721685292,0.00088882158013965,0.00550338841401537,"Pn_vs_rest","Pn higher"
"wipi2",9.37459344534621,2.44295365764661,0.887800827654414,0.000900092507840395,0.00556772765358164,"Pn_vs_rest","Pn higher"
"ace2",31.1480623901258,-3.51837308189896,1.51591804786893,0.000911310974502452,0.00563161703774562,"Pn_vs_rest","Other species higher"
"RNF146",33.4259526359061,1.62218264237261,0.526432994896109,0.000914693685827714,0.005647006481871,"Pn_vs_rest","Pn higher"
"mat2aa",1190.76174636171,-2.95586455760193,1.17252562616963,0.000923996762228233,0.00569888061538037,"Pn_vs_rest","Other species higher"
"p4ha1a",9.18158371196512,3.7111260349148,1.64784521252912,0.000925669085566724,0.00570363580668571,"Pn_vs_rest","Pn higher"
"lnx2b",7.11567437319133,-3.61679155745327,1.58715415345642,0.000935373052368056,0.00575782166866251,"Pn_vs_rest","Other species higher"
"hif1an",89.1557478194351,-3.5656894808601,1.55468760574779,0.000940563982425769,0.00578251629084898,"Pn_vs_rest","Other species higher"
"tmem150aa",10.8016703408371,2.44632623058009,0.894372315661988,0.000941212354547163,0.00578251629084898,"Pn_vs_rest","Pn higher"
"ADAP1",78.5759142665678,-2.73672132294416,1.05138091313253,0.000949970894362103,0.0058306651983738,"Pn_vs_rest","Other species higher"
"hmgcl",56.2383432427102,2.49007074621529,0.918173586571437,0.000951090642588521,0.0058318813820738,"Pn_vs_rest","Pn higher"
"guk1a",38.9477373213824,-2.63277606005543,0.994478847850941,0.000953057895776407,0.00583828689687619,"Pn_vs_rest","Other species higher"
"arhgef10la",9.99365650205945,-3.55334913622105,1.55222200237507,0.00096185335329283,0.00588078069530148,"Pn_vs_rest","Other species higher"
"vapb",9.64479702919142,2.43314140253758,0.889883531303408,0.000961025147365712,0.00588078069530148,"Pn_vs_rest","Pn higher"
"slc25a19",22.1684600729811,-3.70669927558327,1.65714710172431,0.000966844013021021,0.00590392011350153,"Pn_vs_rest","Other species higher"
"lmo4b",4.81884180222848,2.89865646950236,1.14655606621319,0.000967503975616481,0.00590392011350153,"Pn_vs_rest","Pn higher"
"CDK2AP1",21.3525706127098,-3.56828752728995,1.56425115501497,0.000969785685027329,0.00591214240351921,"Pn_vs_rest","Other species higher"
"gdi2",22.76727784798,2.39608400171187,0.872122524724977,0.000971390353630058,0.00591622536840328,"Pn_vs_rest","Pn higher"
"spcs2",21.742488837936,2.54319280514894,0.948776946809169,0.000972557947220345,0.00591764104808687,"Pn_vs_rest","Pn higher"
"pde6d",7.06911336100277,2.84929671930583,1.119222278605,0.000975526257959027,0.00593000015404873,"Pn_vs_rest","Pn higher"
"bckdk",13.7900482517271,2.33275573090303,0.842576377222441,0.000993485693839138,0.0060333756915682,"Pn_vs_rest","Pn higher"
"chrac1",19.1305006120235,-3.49167099914383,1.52068632015321,0.000997911284233255,0.00605444161709304,"Pn_vs_rest","Other species higher"
"rpl5b",634.832611216352,2.33397231608512,0.843896031750813,0.00100048692977019,0.00606425411071434,"Pn_vs_rest","Pn higher"
"rps8a",301.935850075457,2.91314019534535,1.16173405414384,0.00100851696785568,0.0061070769115701,"Pn_vs_rest","Pn higher"
"ncl",49.2101732447492,2.04530969616618,0.707998506557586,0.00101381249919236,0.00613327485171057,"Pn_vs_rest","Pn higher"
"gsk3ba",10.3110478022504,2.1818712952452,0.771899723129723,0.00102297935955396,0.00618282080922392,"Pn_vs_rest","Pn higher"
"dldh",20.8468761155451,2.52700836480292,0.949253562643408,0.00104874159946952,0.00633247790214037,"Pn_vs_rest","Pn higher"
"b9d1",164.255534404209,-3.51593029107963,1.55384577265609,0.00106675348175965,0.00641674527811318,"Pn_vs_rest","Other species higher"
"fam168b",4.98256950551721,2.83726089101375,1.12579970302363,0.00106450530915483,0.00641674527811318,"Pn_vs_rest","Pn higher"
"dcaf8",27.8933902120489,2.24621074233261,0.806643145754876,0.00106488793906957,0.00641674527811318,"Pn_vs_rest","Pn higher"
"atp6v1g1",26.5516910746601,1.92486494696604,0.658592443958787,0.00106631250282174,0.00641674527811318,"Pn_vs_rest","Pn higher"
"slco5a1a",99.8262144452584,-3.30821068598315,1.41714217713702,0.00106947154043659,0.006420887958143,"Pn_vs_rest","Other species higher"
"f13a1b",20.7712919406615,2.84572380580471,1.131447447697,0.00106909916834479,0.006420887958143,"Pn_vs_rest","Pn higher"
"nyap2b",121.653507032667,-3.04695623598495,1.25294679945475,0.00107227460968964,0.00643161491006262,"Pn_vs_rest","Other species higher"
"arl3l2",65.8831454112381,2.60554267786115,0.995000853085582,0.0010735019914186,0.00643287935766753,"Pn_vs_rest","Pn higher"
"pdcd5",15.3616452620576,2.47962983053078,0.927457578799811,0.00108010180410222,0.0064630784836563,"Pn_vs_rest","Pn higher"
"mfap1",849.380473545469,-2.3991298994621,0.885221086669996,0.00108058423446719,0.0064630784836563,"Pn_vs_rest","Other species higher"
"glb1l",51.3976160654746,1.89885314308905,0.648593064540806,0.00108496696839723,0.00648316428330284,"Pn_vs_rest","Pn higher"
"NT5C3B",377.10512008568,-2.7329282998496,1.07160421306234,0.00111041611843913,0.00662272685907899,"Pn_vs_rest","Other species higher"
"hnrnpub",17.6353898123402,2.33377965070653,0.854562334233884,0.00111017134023271,0.00662272685907899,"Pn_vs_rest","Pn higher"
"rab3ip",79.6179444171727,-2.74816338734598,1.08129598789758,0.00111710253621462,0.00665633224968562,"Pn_vs_rest","Other species higher"
"smc4",190.291710307356,-2.45093141088593,0.917135346803323,0.00112634751961146,0.0067051054601141,"Pn_vs_rest","Other species higher"
"immp1l",49.9259175278189,-3.29605098387608,1.42333185882832,0.00113829145764301,0.00676348201311266,"Pn_vs_rest","Other species higher"
"bzw1b",36.6249899490733,2.49377330342932,0.941316270355416,0.00113794329617131,0.00676348201311266,"Pn_vs_rest","Pn higher"
"wfdc1",6.96631460546359,-3.76945282974592,1.75626701578995,0.00115263344152562,0.00684227431329658,"Pn_vs_rest","Other species higher"
"nid2a",62.9166910989768,-3.32924264700771,1.4491069398434,0.00115751491435242,0.00685838424908439,"Pn_vs_rest","Other species higher"
"poldip2",11.715009860712,2.07892504019642,0.734186759833402,0.0011568199976575,0.00685838424908439,"Pn_vs_rest","Pn higher"
"intu",146.008124250174,-3.19508222128908,1.36163571782714,0.00115884592393006,0.00685889200368454,"Pn_vs_rest","Other species higher"
"sem1",38.3824782337615,2.58882166565655,0.996068520567113,0.00116085229708378,0.00685889200368454,"Pn_vs_rest","Pn higher"
"tent5ab",20.142284422807,-2.22032853923379,0.802249686649496,0.0011608133565252,0.00685889200368454,"Pn_vs_rest","Other species higher"
"pbrm1l",20.5357875778934,2.50623240564434,0.951339033982538,0.00116842063883568,0.00689716959193299,"Pn_vs_rest","Pn higher"
"fbxw8",51.933932179685,-3.17893281698373,1.35337180596857,0.00117058002696529,0.00689989654364947,"Pn_vs_rest","Other species higher"
"aprt",61.7216690542002,2.3665570568681,0.877196454891945,0.00117106335143482,0.00689989654364947,"Pn_vs_rest","Pn higher"
"tmie",55.3692482277244,-3.4818892326547,1.55789212266223,0.00118299966970224,0.00696374131151233,"Pn_vs_rest","Other species higher"
"itgbl1",174.13376318341,1.99491571495193,0.697747851586949,0.00118767048344352,0.00697825331404881,"Pn_vs_rest","Pn higher"
"csnk1a1",50.2095076031817,1.95849538651746,0.68130725206094,0.00118669762092202,0.00697825331404881,"Pn_vs_rest","Pn higher"
"cpe",59.0382989549557,2.65865062068911,1.04062390379551,0.00120372761124863,0.00706603740629068,"Pn_vs_rest","Pn higher"
"tlr22",53.155178141085,-3.74092779672799,1.74984876546237,0.00120560486204414,0.00707049820854063,"Pn_vs_rest","Other species higher"
"lrrc57",8.87463139732292,2.71227270280698,1.07226831160718,0.00120882336679492,0.00708280950470209,"Pn_vs_rest","Pn higher"
"clip2",12.18541352499,2.39524985720151,0.896255132956913,0.00121342699882007,0.00710320633536854,"Pn_vs_rest","Pn higher"
"rpp21",38.0396808356781,3.11318429520434,1.32037869036852,0.00122384839252138,0.00715759022908993,"Pn_vs_rest","Pn higher"
"si:dkey-72l14.3",44.6290556042038,4.60305534492469,2.75967659659453,0.00122603685484669,0.00716294153374169,"Pn_vs_rest","Pn higher"
"ddr1",296.042757136749,-3.39182800555634,1.50576578167355,0.00122815922315261,0.00716294153374169,"Pn_vs_rest","Other species higher"
"si:ch211-214j8.12",26.0463497511207,1.91223741228855,0.663371049446497,0.00122812266437928,0.00716294153374169,"Pn_vs_rest","Pn higher"
"hspa9",16.6710047525759,2.50757515669414,0.958795051156821,0.00123238365096534,0.0071809610896028,"Pn_vs_rest","Pn higher"
"cers4b",5.0387890228025,2.99463924908044,1.24939077912878,0.00125129792037562,0.00728446480233389,"Pn_vs_rest","Pn higher"
"snrnp200",184.682403972252,-1.77734550979609,0.607026287896184,0.00125833494336883,0.00731869808974078,"Pn_vs_rest","Other species higher"
"sidt2",16.9503096803237,-3.45529444048334,1.55879931998445,0.0012712872120295,0.0073872410263753,"Pn_vs_rest","Other species higher"
"SPNS2",22.2419139194577,2.21884196366926,0.810907452814033,0.00127724004068382,0.0074150229150892,"Pn_vs_rest","Pn higher"
"plpp6",28.2147583982903,2.02989114723806,0.720517685386231,0.00128940535303914,0.0074787874189108,"Pn_vs_rest","Pn higher"
"aars1",10.2096802722451,2.53962809843391,0.983836231553669,0.00130213703536351,0.00754571717928597,"Pn_vs_rest","Pn higher"
"atp6v1f",27.928907793051,2.70296768210513,1.07883897943402,0.00130847891716438,0.00757553027247596,"Pn_vs_rest","Pn higher"
"acin1b",23.350559839425,1.97458580607825,0.696712335753894,0.00131637660576969,0.00761428808163675,"Pn_vs_rest","Pn higher"
"mtfr1",49.1589346498912,-3.37625621296764,1.51614768848901,0.00133281935165642,0.00770235694728935,"Pn_vs_rest","Other species higher"
"slc6a16a",27.740163818941,2.64180943428628,1.0461770103492,0.00133730389547351,0.00772122176145652,"Pn_vs_rest","Pn higher"
"hs6st1b",9.76015061471491,-3.50184159836256,1.60744336008513,0.00134329311071908,0.00774493887916159,"Pn_vs_rest","Other species higher"
"rerea",23.0137010741459,-1.83615818508814,0.636629615150597,0.00134385949578373,0.00774493887916159,"Pn_vs_rest","Other species higher"
"rbm15b",8.48211654970272,2.3843202517001,0.903616317116725,0.00135855573507537,0.00782251200323653,"Pn_vs_rest","Pn higher"
"rassf8b",4.87491292560372,2.91443435015239,1.21740357669254,0.00138116930755083,0.00793827373131848,"Pn_vs_rest","Pn higher"
"myl13",7.66740513845545,2.87935062698586,1.19526044440816,0.00138069672929796,0.00793827373131848,"Pn_vs_rest","Pn higher"
"erh",20.9813919746916,-2.2237160239032,0.822482580954601,0.00139687390698455,0.00802125052939949,"Pn_vs_rest","Other species higher"
"gart",355.301811578623,1.61421410776448,0.546796702559566,0.00140416374010066,0.00805580067756753,"Pn_vs_rest","Pn higher"
"aplp2",64.0449317356754,1.78290509513545,0.616996417534943,0.00140942143516714,0.00807864025519714,"Pn_vs_rest","Pn higher"
"scrn3",43.3756454922552,-2.35992624673836,0.894953736532069,0.00141086477297071,0.00807959482656892,"Pn_vs_rest","Other species higher"
"filip1a",9.52155157699341,-3.02472678662807,1.29296041087736,0.00141484925360367,0.00809508686871972,"Pn_vs_rest","Other species higher"
"mtmr1a",4.60361392602653,3.2514750843707,1.44749842510846,0.00143002236675515,0.00817450906669066,"Pn_vs_rest","Pn higher"
"TANC2",53.6831374297557,-3.09518851299019,1.34247122743316,0.00143549036675619,0.00819836014515627,"Pn_vs_rest","Other species higher"
"rmdn1",29.13582624748,-3.49497539832588,1.62268705057295,0.00143856934883361,0.00820853637458887,"Pn_vs_rest","Other species higher"
"tmem266",93.8276479211777,-3.33155969164853,1.50537207759068,0.00144130259781441,0.008216723278351,"Pn_vs_rest","Other species higher"
"tceanc2",352.962027309277,-2.72538006819425,1.11166753412448,0.00147762990155514,0.00841623943928078,"Pn_vs_rest","Other species higher"
"zgc:101765",172.293578722985,-2.97851060444717,1.27209788607646,0.00148082120821344,0.00842683147983334,"Pn_vs_rest","Other species higher"
"lamb1b",104.288784068111,-2.54505726343949,1.00626380464662,0.00149796612866139,0.00851673824094272,"Pn_vs_rest","Other species higher"
"PDE3A",7.70228143797425,2.66249082593418,1.07735299592667,0.00151361244262805,0.0085902596743949,"Pn_vs_rest","Pn higher"
"rsl24d1",25.7187674254835,2.5064398675789,0.985327503657103,0.00151263552320222,0.0085902596743949,"Pn_vs_rest","Pn higher"
"alpl",44.8628348929355,2.13698011539348,0.787147919229913,0.00151918125669289,0.00861138161887588,"Pn_vs_rest","Pn higher"
"FH",200.325640120887,1.90153868166549,0.674877990992189,0.00152005582621434,0.00861138161887588,"Pn_vs_rest","Pn higher"
"dcun1d3",5.21047767689367,2.66688283324998,1.08085210486424,0.00152171345013674,0.00861306146016576,"Pn_vs_rest","Pn higher"
"rcn3",86.4863472869777,-2.14361173796601,0.790806971891777,0.00152433099146734,0.0086201666791826,"Pn_vs_rest","Other species higher"
"dyrk3",5.04858347940534,2.8221213723035,1.17770848820293,0.00152885169096318,0.00863801205394195,"Pn_vs_rest","Pn higher"
"cep104",36.3126729214687,2.28995916409508,0.86751138489052,0.00153819140507338,0.00868302873443741,"Pn_vs_rest","Pn higher"
"GCDH",9.48636612126556,2.40297219870891,0.92956526273172,0.00154440511904328,0.00871033475339204,"Pn_vs_rest","Pn higher"
"acer3",4.62886285370932,3.66439991538848,1.78161460081259,0.00156590742623125,0.00882374193516594,"Pn_vs_rest","Pn higher"
"npr3",9.20142840179746,-3.25505528847649,1.47484786914143,0.0015774943086158,0.00888112454174445,"Pn_vs_rest","Other species higher"
"tango6",7.11160049116211,-3.21468096693735,1.44795870745452,0.00158778998785997,0.00893114226060255,"Pn_vs_rest","Other species higher"
"ak3",48.0824044512848,2.15458421192315,0.801128460463379,0.00159834109021838,0.00898250658872283,"Pn_vs_rest","Pn higher"
"rab7a",153.217874707399,1.60929341437329,0.552636189368413,0.00160269344597113,0.00899897437986275,"Pn_vs_rest","Pn higher"
"bpnt1",453.363642219581,1.57920939343285,0.540502492672539,0.00160543761064639,0.00900639113490282,"Pn_vs_rest","Pn higher"
"mns1",36.325900129954,-3.60927611452762,1.74940174654025,0.00161981061175323,0.0090713240263987,"Pn_vs_rest","Other species higher"
"ldhbb",29.414736308664,2.45938925213519,0.967708360920081,0.00161987929042834,0.0090713240263987,"Pn_vs_rest","Pn higher"
"si:ch211-102c2.7",17.0325253638604,-2.68353710193247,1.1017485732312,0.00162565674811598,0.00909562856063477,"Pn_vs_rest","Other species higher"
"irak1bp1",104.6443587987,-2.50036273230185,0.992080135734845,0.00162799708620414,0.00910067629107755,"Pn_vs_rest","Other species higher"
"c1qtnf6a",4.69745282878901,3.01236412111351,1.31679373030571,0.0016457733253734,0.00919019517550217,"Pn_vs_rest","Pn higher"
"nt5c2l1",11.6148189752432,2.98194467290797,1.29645851044906,0.00164691550711433,0.00919019517550217,"Pn_vs_rest","Pn higher"
"serinc1",37.935263812212,2.18780281127372,0.82230474456998,0.001662177274128,0.00926718748077709,"Pn_vs_rest","Pn higher"
"strn3",9.48326272080004,2.21572158416829,0.837807858013826,0.00167600154574861,0.00933603677948695,"Pn_vs_rest","Pn higher"
"traf4a",6.04365943793213,2.68895494156089,1.1104460800946,0.00167838980195672,0.00934111756093416,"Pn_vs_rest","Pn higher"
"ndufaf5",18.7468373174681,-2.5507577420817,1.02643511548553,0.001680897519241,0.00934685369222941,"Pn_vs_rest","Other species higher"
"rcan3",5.84030102225848,2.67838608750351,1.10486261880305,0.00168830020425357,0.00937977497148077,"Pn_vs_rest","Pn higher"
"rab21",12.9462930750488,2.42885709466359,0.956504981361726,0.00169696044232962,0.0094196190167209,"Pn_vs_rest","Pn higher"
"tmed9",8.58725942021084,2.5676920749773,1.03904111602512,0.00170841644183986,0.00947489854860882,"Pn_vs_rest","Pn higher"
"zgc:110591",10.1826142268175,3.16335552704934,1.43067247015472,0.00171215882991195,0.00948733894543152,"Pn_vs_rest","Pn higher"
"prelp",24.7198592243802,-3.51034728337423,1.69430554125639,0.00173469536840812,0.00960380777890342,"Pn_vs_rest","Other species higher"
"bag2",153.385484233226,-2.97794420277555,1.30660338682824,0.00174786339387155,0.00966825136050627,"Pn_vs_rest","Other species higher"
"ints11",11.9612370942648,2.61932023224251,1.07463639686942,0.00175418781331465,0.00969476024686036,"Pn_vs_rest","Pn higher"
"idh2",163.911589051198,1.95362962865644,0.711254440424472,0.00175994971848328,0.00971811677012408,"Pn_vs_rest","Pn higher"
"afg1la",24.0686071397238,2.29343080321132,0.88610235401774,0.00177297856369939,0.0097815242816824,"Pn_vs_rest","Pn higher"
"kif15",13.3604755169068,-3.21216214856721,1.4781366429227,0.00179527445701524,0.00989590310452302,"Pn_vs_rest","Other species higher"
"pla2g1b",12.5876607048265,-3.31022111499569,1.55117918982271,0.00179804570459041,0.00990255284477644,"Pn_vs_rest","Other species higher"
"s100t",140.182950632403,-2.7607803784342,1.16975446416696,0.00181336677704473,0.00997824779577307,"Pn_vs_rest","Other species higher"
"nipa2",5.02067721160336,-3.40783558283097,1.62905499066771,0.00181717503621749,0.00999051575081169,"Pn_vs_rest","Other species higher"
"ILRUN",8.53484249438069,2.42250074964567,0.963391206085566,0.00183321704832799,0.0100699630918572,"Pn_vs_rest","Pn higher"
"lhfpl5b",331.637692346341,-3.47300042480372,1.68553024215934,0.00184483622218384,0.0101249987979005,"Pn_vs_rest","Other species higher"
"prmt6",10.3693249306632,2.13255182176469,0.805021526712796,0.00185039314706263,0.0101466965637888,"Pn_vs_rest","Pn higher"
"zgc:158640",27.6437977389805,-3.31962675110912,1.56839555982595,0.00186042477415991,0.010192872702064,"Pn_vs_rest","Other species higher"
"fuk",16.5982420354082,-3.33287815017408,1.58119166180034,0.00187682590168997,0.0102569939417804,"Pn_vs_rest","Other species higher"
"klf11a",10.196967285283,-3.17522644009731,1.46305378305739,0.00187699098997815,0.0102569939417804,"Pn_vs_rest","Other species higher"
"spcs1",98.0026729160117,2.04627364603769,0.76239389015173,0.00187554212290725,0.0102569939417804,"Pn_vs_rest","Pn higher"
"spg11",19.0023386770057,-2.34074472172367,0.924402391449601,0.00194676230280622,0.0106290870165296,"Pn_vs_rest","Other species higher"
"zgc:158564",7.49552082086194,2.49541646650803,1.01678657791374,0.0019653342972267,0.0107212374421125,"Pn_vs_rest","Pn higher"
"rps14",478.101089182698,2.96468039482732,1.32548387522429,0.00198066583762672,0.0107955671149887,"Pn_vs_rest","Pn higher"
"azin1b",10.9764704304113,2.27718987230071,0.891185532774461,0.00198802681822456,0.0108263629137048,"Pn_vs_rest","Pn higher"
"fastkd2",65.8956171165347,-3.31716828295438,1.58749145439723,0.00199253778940503,0.0108415985652236,"Pn_vs_rest","Other species higher"
"pif1",580.791938974684,-2.45385443365664,0.994358272903223,0.0020000313660423,0.0108730227528485,"Pn_vs_rest","Other species higher"
"gng3",283.832701312194,-2.79464690738571,1.21221263028428,0.0020126438196992,0.0109321975030528,"Pn_vs_rest","Other species higher"
"RS1",143.181465225305,-2.19102005743543,0.845527806063003,0.00201699752657635,0.0109464496982634,"Pn_vs_rest","Other species higher"
"sp2",5.1422267172113,2.42292306049976,0.978616187887484,0.00203776170113899,0.0110402020931571,"Pn_vs_rest","Pn higher"
"cbx3a",14.1773251464157,2.2479144071544,0.87791943850937,0.00203752647880188,0.0110402020931571,"Pn_vs_rest","Pn higher"
"smim19",34.339757908908,-2.75749548319026,1.19098334853418,0.00204982609498306,0.0110960646099682,"Pn_vs_rest","Other species higher"
"smg5",6.60930977975368,2.52590240532414,1.04342599098991,0.00206789765302018,0.0111843216652237,"Pn_vs_rest","Pn higher"
"isca1",11.1029383343816,2.04116109757132,0.770052347982431,0.00207923990853197,0.0112360633144238,"Pn_vs_rest","Pn higher"
"GPATCH2L",7.56828542296448,2.27067805655614,0.893631342832209,0.0020868293759325,0.0112674541731236,"Pn_vs_rest","Pn higher"
"uba5",31.1308518059806,1.81792289185919,0.661978582434621,0.00209049552353084,0.0112776263196105,"Pn_vs_rest","Pn higher"
"u2af2a",12.3943316105201,2.29023130690181,0.905413944750773,0.00209853132347768,0.0113113340842987,"Pn_vs_rest","Pn higher"
"pvalb7",64.7304918771747,-2.78492966956356,1.21674090691516,0.00212593225534135,0.0114492760100426,"Pn_vs_rest","Other species higher"
"ppargc1b",4.72679324649699,2.81888530750348,1.2425597085768,0.00215277896504977,0.0115840010976488,"Pn_vs_rest","Pn higher"
"nudt1",64.0583414917959,2.70412166506143,1.16538139903601,0.00215768176371604,0.011600518437379,"Pn_vs_rest","Pn higher"
"ociad2",7.68892957252252,3.00478868501386,1.37546754110174,0.0021652246243788,0.0116311896630467,"Pn_vs_rest","Pn higher"
"gnptg",90.5155622686541,1.84964570172711,0.679928472518653,0.00217011468348432,0.0116475705827725,"Pn_vs_rest","Pn higher"
"wwox",25.9852409470676,2.22865093452134,0.876775219429478,0.00220220209384528,0.0118097752964855,"Pn_vs_rest","Pn higher"
"tpte",83.4700175264504,-2.73706936507533,1.19353847855918,0.00222537228328345,0.0119239253248244,"Pn_vs_rest","Other species higher"
"f2r",99.1273980745002,-3.0376235512509,1.40701667774913,0.00222933176201082,0.0119350350169243,"Pn_vs_rest","Other species higher"
"tprkb",62.1362283068892,-2.39844426797787,0.9772094645781,0.00223130253334776,0.011935488107375,"Pn_vs_rest","Other species higher"
"wdr47a",186.619445646673,-2.24693351133766,0.889803646683846,0.00225036225198994,0.0120171243296138,"Pn_vs_rest","Other species higher"
"vps29",345.117656661677,1.74473180272396,0.6341916132298,0.00224977222627769,0.0120171243296138,"Pn_vs_rest","Pn higher"
"ube2d2",11.7863404306111,2.22755972227358,0.880051214034479,0.00227177110031818,0.0121212205082744,"Pn_vs_rest","Pn higher"
"epcam",6.89966426715097,-3.49683782738958,1.78429590306835,0.00227865888417212,0.0121477282384509,"Pn_vs_rest","Other species higher"
"pgr",50.4483441793741,-3.19127161459819,1.53202240948941,0.00229224580382328,0.0121904418921351,"Pn_vs_rest","Other species higher"
"sh2d1ab",64.2325801045647,-3.03783394489034,1.41414114676327,0.00228934301108577,0.0121904418921351,"Pn_vs_rest","Other species higher"
"pigr",19.0834312645632,2.58624552815947,1.09918917379894,0.00229366673059879,0.0121904418921351,"Pn_vs_rest","Pn higher"
"ddx24",61.5540713014744,1.97613658405952,0.746850402280335,0.0022943767846923,0.0121904418921351,"Pn_vs_rest","Pn higher"
"ywhabl",20.6838741940624,2.40855384377485,0.991166358710393,0.00235107951505784,0.012481234204099,"Pn_vs_rest","Pn higher"
"mre11a",22.9352763158666,-2.61322785382411,1.12200781565896,0.00235996986806547,0.0125179290235694,"Pn_vs_rest","Other species higher"
"si:dkey-4e7.3",80.8208654473882,-2.13471886896746,0.833442876953589,0.00236549157284586,0.0125367091063389,"Pn_vs_rest","Other species higher"
"ebag9",9.07880369150932,2.67883365551968,1.16672832048791,0.00237121645224386,0.0125565336483675,"Pn_vs_rest","Pn higher"
"lpar2a",536.066788804722,-1.74076139301611,0.636909527620072,0.00238434343168506,0.0126154893275109,"Pn_vs_rest","Other species higher"
"hddc3",27.4399489627824,1.82516234130319,0.676709982417857,0.00239458319965928,0.0126590831139882,"Pn_vs_rest","Pn higher"
"ATP1A1",64.4789474689611,2.20077721524162,0.873145930309856,0.0024249206591674,0.0128087628808108,"Pn_vs_rest","Pn higher"
"pcsk2",11922.9504838158,-2.64298916256086,1.1480089347633,0.00243860425333445,0.0128702983445374,"Pn_vs_rest","Other species higher"
"ano10a",10.8571911390943,-3.2204724174362,1.57765365746083,0.00246092391680843,0.0129772721213031,"Pn_vs_rest","Other species higher"
"numbl",5.73378835157769,2.33526627931955,0.954050821423225,0.0024701129143549,0.0130148830325044,"Pn_vs_rest","Pn higher"
"gtpbp6",19.151251968895,-3.03140114682355,1.43139906896366,0.00248514422445971,0.013083188562713,"Pn_vs_rest","Other species higher"
"adamts10",70.9329114852497,2.1863022093186,0.868780188902389,0.00249960837853692,0.0131483971898434,"Pn_vs_rest","Pn higher"
"PAIP2",13.3507911419148,-2.76306931460788,1.23652288634605,0.00250882253586628,0.0131859044908321,"Pn_vs_rest","Other species higher"
"aarsd1",32.6568577636691,2.32221480883627,0.949028875252882,0.00251875749649131,0.0132271348031511,"Pn_vs_rest","Pn higher"
"tmem175",5.07156337932979,2.55956102157967,1.10268237223153,0.00257717650319453,0.0135226972738101,"Pn_vs_rest","Pn higher"
"PPTC7",8.55601953790482,2.17000557112629,0.864048989338426,0.00259046568197088,0.0135811655638043,"Pn_vs_rest","Pn higher"
"RPL37A",124.608583649155,2.79395570850658,1.26696124796618,0.00260566318477484,0.0136495336368006,"Pn_vs_rest","Pn higher"
"pcnx4",7.63498026785114,2.41257745341902,1.01147284534169,0.00263481539937698,0.0137908286577812,"Pn_vs_rest","Pn higher"
"rplp1",202.061050111912,2.83453890634769,1.29922353258994,0.00263722530849777,0.0137920345059288,"Pn_vs_rest","Pn higher"
"ankle2",5.38987137257584,2.51222476630413,1.07595688955942,0.00264189906537311,0.0138050679485392,"Pn_vs_rest","Pn higher"
"nvl",988.530940565437,-2.96495875607033,1.40081457988125,0.00267763044727234,0.0139714382204625,"Pn_vs_rest","Other species higher"
"ldha",12.6137853073153,2.50054972674129,1.07071802186892,0.00267815337569865,0.0139714382204625,"Pn_vs_rest","Pn higher"
"ss18l2",162.552628254564,-3.19589185317366,1.58603810788152,0.00268374534666295,0.0139890778860652,"Pn_vs_rest","Other species higher"
"esrra",5.4661624528006,2.66454378456003,1.18409894315307,0.00271384499558885,0.0141343301498652,"Pn_vs_rest","Pn higher"
"setb",22.8324197607229,1.78055724112339,0.666821169136738,0.00273410703582448,0.0142281491140603,"Pn_vs_rest","Pn higher"
"fez1",12.1780381808861,2.27611697957588,0.933683673011113,0.00274472030783229,0.0142716434740861,"Pn_vs_rest","Pn higher"
"si:dkey-16j16.4",6.4388404569223,2.37608776715595,0.995568589264664,0.00275365191897836,0.0143063295100945,"Pn_vs_rest","Pn higher"
"rpl4",930.705938098945,2.18611021754905,0.88254199063173,0.00278430292040945,0.0144537070388442,"Pn_vs_rest","Pn higher"
"smim14",7.99405569711971,2.87855780329659,1.34674272275709,0.00279986512855276,0.0145225791258048,"Pn_vs_rest","Pn higher"
"henmt1",201.804288838803,-3.17713385431751,1.58849028480028,0.00283193047794701,0.0146768681936516,"Pn_vs_rest","Other species higher"
"elovl6",7.34816238780047,2.37679110001171,1.00133235410476,0.00284703161835696,0.0147430573493968,"Pn_vs_rest","Pn higher"
"fam102bb",53.2917566806135,-3.13569830373043,1.56014424631283,0.00288729739182622,0.0149393441500215,"Pn_vs_rest","Other species higher"
"tmem50a",234.149338015397,-2.01994420476208,0.794523459135645,0.00290204736150999,0.0150033951827085,"Pn_vs_rest","Other species higher"
"crbn",4.95769525826368,2.44422065833209,1.04839539191976,0.00291030182479817,0.0150337877121003,"Pn_vs_rest","Pn higher"
"nelfa",153.957431557243,-2.21546391838455,0.905970563236663,0.00291567289242978,0.0150492480124761,"Pn_vs_rest","Other species higher"
"lzts1",54.2415010439093,-2.01977349520156,0.795830230032094,0.00293812322646228,0.0151527659144689,"Pn_vs_rest","Other species higher"
"acbd7",26.5169063184453,2.25726911531841,0.933198932064415,0.00296009872894102,0.0152536683686798,"Pn_vs_rest","Pn higher"
"ip6k2a",15.1789787373463,2.16943354887748,0.882267038809807,0.00298957120470188,0.0153930077976839,"Pn_vs_rest","Pn higher"
"kdm5a",18.8815311177657,2.02186874211794,0.799503248099009,0.00300402310396993,0.015454844066603,"Pn_vs_rest","Pn higher"
"mindy4b",24.8427870896649,-3.3045674233025,1.72382942259447,0.00301210597938211,0.0154838396730544,"Pn_vs_rest","Other species higher"
"nosip",11.3099109617774,2.21317623391739,0.90933376492282,0.00301632054443444,0.0154929191600496,"Pn_vs_rest","Pn higher"
"tbx2b",31.4271525820261,2.08694878961144,0.836180119907227,0.00301887933273004,0.0154934861455926,"Pn_vs_rest","Pn higher"
"mbpa",39.8026012797122,-2.41248367972817,1.03486345159119,0.00303436656870186,0.0155603497947694,"Pn_vs_rest","Other species higher"
"cyp51",96.3061379454346,-3.03145560790634,1.49365897858468,0.0030731869255681,0.0157466614291457,"Pn_vs_rest","Other species higher"
"gdap2",4.75786782823664,2.61973316874747,1.18041396241085,0.00310016650664059,0.0158720498818945,"Pn_vs_rest","Pn higher"
"sept5a",6.95068194941697,2.28381867197101,0.956827380677597,0.00310930047334784,0.0159059445394868,"Pn_vs_rest","Pn higher"
"rpl35",411.491805582439,2.38789516586496,1.02369431497418,0.00312193795742612,0.0159576925642912,"Pn_vs_rest","Pn higher"
"akap8l",21.9615197473249,1.74820434419118,0.663378937078084,0.00314298609781085,0.0160523131775198,"Pn_vs_rest","Pn higher"
"cdc23",19.778377060733,2.18706237172999,0.89974246450444,0.00314873862964113,0.0160687242325557,"Pn_vs_rest","Pn higher"
"ensaa",13.6712497425589,1.93048446283227,0.756940025828964,0.00318655407003632,0.0162486012531747,"Pn_vs_rest","Pn higher"
"psmd14",20.6300227141423,2.65494807488911,1.21260573395678,0.00319906980278153,0.0162992864025777,"Pn_vs_rest","Pn higher"
"st8sia1",7.80615808725852,-3.1759336891491,1.63223259782431,0.00321106134813008,0.0163472214086622,"Pn_vs_rest","Other species higher"
"wdr41",7.66442302237728,2.81099829692042,1.33172110449344,0.0032265124255599,0.0163872514067034,"Pn_vs_rest","Pn higher"
"prkaa2",5.59644206112465,2.35617269862024,1.00865886808499,0.00322669330795709,0.0163872514067034,"Pn_vs_rest","Pn higher"
"hspb6",15.1525052802764,2.23984094821137,0.935101972636074,0.00322409128301135,0.0163872514067034,"Pn_vs_rest","Pn higher"
"grk7a",29.8324730645216,2.5852273256216,1.16501620048584,0.00323771133091551,0.0164300218941727,"Pn_vs_rest","Pn higher"
"p2rx1",13.6984897933916,-2.73688772338545,1.27718991768609,0.00325262204139187,0.0164696686866816,"Pn_vs_rest","Other species higher"
"guca1a",24.0699651560929,2.04386867935171,0.821100860235389,0.00325333215207838,0.0164696686866816,"Pn_vs_rest","Pn higher"
"glula",34.0934142262799,1.7177820778884,0.651629062381869,0.00325018753609903,0.0164696686866816,"Pn_vs_rest","Pn higher"
"mgrn1b",15.9758895162503,2.05223172501171,0.826613165657645,0.00327479982739926,0.0165621184021625,"Pn_vs_rest","Pn higher"
"trpm5",36.8549161583148,1.85547138972888,0.720744887994196,0.00327682873569965,0.0165621184021625,"Pn_vs_rest","Pn higher"
"si:dkey-222b8.1",51.7752861410891,-3.05010043134216,1.53081632699284,0.00328588135530179,0.0165813853399918,"Pn_vs_rest","Other species higher"
"hagh",18.6030463118502,2.10536063987414,0.857389545606853,0.00328475944782653,0.0165813853399918,"Pn_vs_rest","Pn higher"
"tmem135",5.14580313524531,2.40219822718531,1.04291108569297,0.00330356481318111,0.0166573371616016,"Pn_vs_rest","Pn higher"
"gch1",9.06471413027289,2.36378053585333,1.01885247764056,0.00332821658858959,0.0167549360163842,"Pn_vs_rest","Pn higher"
"ano8a",93.2785951784595,2.11870298869048,0.86686769759569,0.00332769908876112,0.0167549360163842,"Pn_vs_rest","Pn higher"
"jagn1b",7.38520246842997,-2.93572878352812,1.44027144940655,0.00333705829590811,0.0167860929225012,"Pn_vs_rest","Other species higher"
"anapc2",13.7552146642663,-2.9855942267175,1.48239880742977,0.00334697785036895,0.0168140083457041,"Pn_vs_rest","Other species higher"
"btd",495.058212285985,1.68193706607815,0.637022739699139,0.00334792201573755,0.0168140083457041,"Pn_vs_rest","Pn higher"
"meaf6",12.7840321305439,-2.25155473431416,0.948786541577157,0.00336440433337076,0.0168833866943459,"Pn_vs_rest","Other species higher"
"foxh1",12.9668306624733,-3.15502033516266,1.63176539116857,0.0033715590314611,0.0169058839549016,"Pn_vs_rest","Other species higher"
"rps17",211.20968217247,2.59699009265664,1.18360459347786,0.0033949033758033,0.0170094604608736,"Pn_vs_rest","Pn higher"
"stau1",40.6990107985924,1.60136402825663,0.600726697334572,0.00340557883104465,0.0170494484516223,"Pn_vs_rest","Pn higher"
"psmc3ip",166.799087914999,-2.52402652682039,1.13358804099187,0.00343047244708608,0.0171545139011281,"Pn_vs_rest","Other species higher"
"chchd2",13.882415005781,2.10832477838721,0.864969673064029,0.00343398154734781,0.0171545139011281,"Pn_vs_rest","Pn higher"
"tmed1b",183.37212409689,-2.0871581615797,0.852644477215789,0.00343469802666392,0.0171545139011281,"Pn_vs_rest","Other species higher"
"nin",22.4132851391934,2.30449447757569,0.986633827325013,0.00345593908404586,0.0172469893721153,"Pn_vs_rest","Pn higher"
"slmapa",5.69409470141465,2.25339805353617,0.954383795971805,0.00346254477821734,0.0172663383424424,"Pn_vs_rest","Pn higher"
"rnaseh2c",315.632325527349,1.74807066024853,0.672558305896424,0.00348441357215292,0.0173617079406171,"Pn_vs_rest","Pn higher"
"PITPNM2",157.402612284903,-1.94523595094211,0.77544304915612,0.00350851093862773,0.0174680229894857,"Pn_vs_rest","Other species higher"
"atp10b",17.5603174929717,-3.24472685962395,1.73334108479958,0.00352471606428959,0.0175349082192017,"Pn_vs_rest","Other species higher"
"mydgf",66.614908254788,1.72466801469633,0.66236198233045,0.00353521522382773,0.0175733243805042,"Pn_vs_rest","Pn higher"
"slc7a5",80.0093641991543,2.17623466347921,0.910466062437477,0.00355512250625719,0.0176584106904204,"Pn_vs_rest","Pn higher"
"sumo2b",30.3140646425881,-2.36597449393085,1.03230874351629,0.00356575700424313,0.0176973414296867,"Pn_vs_rest","Other species higher"
"ramp2",12.2053493441317,2.65261873357379,1.23619696542383,0.00357171125154438,0.0177130006267812,"Pn_vs_rest","Pn higher"
"avpr2ab",4.35352572024829,2.75971899176287,1.31923492833047,0.00358295617896419,0.0177548525454075,"Pn_vs_rest","Pn higher"
"gpr26",4.41797176551612,2.98599631385748,1.50777073934363,0.00361640517723191,0.0179065821295176,"Pn_vs_rest","Pn higher"
"eef2kmt",50.6590614196372,-3.01813775147242,1.53608133219103,0.00362128204531903,0.0179167105416566,"Pn_vs_rest","Other species higher"
"ccl25b",131.426957932386,2.50382857265274,1.13166993726107,0.0036446004745916,0.017988350353571,"Pn_vs_rest","Pn higher"
"tarbp2",19.4153129708423,2.27807093347084,0.978403034017044,0.00364696738110417,0.017988350353571,"Pn_vs_rest","Pn higher"
"eif4a3",51.5702494013753,1.98352193873007,0.801050830977731,0.00364636622895463,0.017988350353571,"Pn_vs_rest","Pn higher"
"nol6",17.532218230403,1.86352363951149,0.735923477136879,0.00364713234886718,0.017988350353571,"Pn_vs_rest","Pn higher"
"spopla",154.338610562337,-1.95379026232209,0.784707411124124,0.00365150239083914,0.0179958778265032,"Pn_vs_rest","Other species higher"
"tpp1",4.67393251006568,2.69055322635063,1.27067167051266,0.00365565778939916,0.018002336569119,"Pn_vs_rest","Pn higher"
"ppm1lb",7.04723632586095,2.25581121561447,0.967855131519892,0.00373301353511478,0.0183689810654793,"Pn_vs_rest","Pn higher"
"trpt1",133.174649580565,-2.46296368160016,1.1083663339126,0.00374810174981194,0.0184288950060683,"Pn_vs_rest","Other species higher"
"osgepl1",113.464210274067,-3.1471785888017,1.6664987762191,0.00375353590890936,0.0184412851176851,"Pn_vs_rest","Other species higher"
"poldip3",5.64063524596093,2.2794664833321,0.984843652257064,0.00377122747056929,0.0185138304373642,"Pn_vs_rest","Pn higher"
"si:ch211-278j3.3",5.79176579538787,2.56837308122931,1.18966232750288,0.00383507828104859,0.0188126940794384,"Pn_vs_rest","Pn higher"
"rps9",183.732515624116,2.59924770049482,1.21392993538256,0.0038543884136038,0.0188927729521959,"Pn_vs_rest","Pn higher"
"fpgs",12.9530313924907,-2.92123274590886,1.47494496801877,0.00387759905095735,0.0189918318842555,"Pn_vs_rest","Other species higher"
"rcvrn2",327.80690955634,-1.41867311283575,0.528313270835715,0.00388103381153663,0.0189939535648908,"Pn_vs_rest","Other species higher"
"sms",10.4061922504176,2.05439652324369,0.850544043062073,0.00390919575106076,0.0191169943684022,"Pn_vs_rest","Pn higher"
"aldh2.2",34.7025815224022,2.10987175457895,0.884253402509357,0.00392458924242261,0.0191774522981083,"Pn_vs_rest","Pn higher"
"dcaf12",5.38814261379667,2.43253834283803,1.09626374372846,0.00392825531662028,0.0191805552805348,"Pn_vs_rest","Pn higher"
"arhgef9b",41.2159150407422,-2.15961390396302,0.915380291987766,0.00393971146904799,0.0192216608913922,"Pn_vs_rest","Other species higher"
"capns1b",10.1205317925482,2.58095378081815,1.2054662491165,0.00394336235876752,0.0192246510063797,"Pn_vs_rest","Pn higher"
"hmgb2a",59.2691265780318,1.77495065740584,0.698253274782902,0.0039591893123681,0.0192869514770326,"Pn_vs_rest","Pn higher"
"stpg1",65.0365068411932,1.63983010636759,0.631332244336977,0.0039695776337145,0.0193226825124195,"Pn_vs_rest","Pn higher"
"nrbp1",11.8434013402286,2.0129559839627,0.829171589967411,0.00399527437961305,0.0194328180431909,"Pn_vs_rest","Pn higher"
"pop1",118.830087987621,-2.91537350194443,1.48060323604843,0.00400662964042126,0.0194730816932302,"Pn_vs_rest","Other species higher"
"prdm4",32.2425880402673,-2.58435466232856,1.21226068542935,0.00401507990420007,0.0194917208176767,"Pn_vs_rest","Other species higher"
"sema4ba",23.8294144822865,-2.18654729919107,0.935254532761282,0.00401662514953389,0.0194917208176767,"Pn_vs_rest","Other species higher"
"dpep2",49.5326812378165,-2.98827576414631,1.54789648663445,0.00403887475062265,0.0195846738865441,"Pn_vs_rest","Other species higher"
"tspan3a",126.128636656711,1.8466280135315,0.738493227551926,0.00406303333801607,0.0196867342748589,"Pn_vs_rest","Pn higher"
"parapinopsina",34.1256475551041,1.74851857743203,0.687640796774962,0.0040780333152315,0.0197442959592846,"Pn_vs_rest","Pn higher"
"PDCL3",77.4629443108685,2.07423645029567,0.869722370726206,0.0041253398812035,0.0199580663365869,"Pn_vs_rest","Pn higher"
"golga2",164.059497821926,-1.68533236960722,0.657121848623161,0.00413218555215974,0.0199759130435957,"Pn_vs_rest","Other species higher"
"ppdpfb",53.9658108422793,2.4134034731964,1.09521484796752,0.00418134153385549,0.0201981139131584,"Pn_vs_rest","Pn higher"
"si:dkey-33c12.12",39.9766011480805,-1.87823388933082,0.759230210403089,0.00419815311839606,0.0202638542587416,"Pn_vs_rest","Other species higher"
"tspan10",16.7598420374808,-3.06597821041907,1.63501215526702,0.00420168539550521,0.0202654460234428,"Pn_vs_rest","Other species higher"
"kdr",23.143991906254,2.25031250414517,0.986793185718604,0.00427289040217529,0.0205931839032485,"Pn_vs_rest","Pn higher"
"ZDHHC14",8.08215136948671,-2.98524456772718,1.56809140087043,0.00429989073961686,0.0207075407917013,"Pn_vs_rest","Other species higher"
"trim66",7.66841370384323,-2.95920879268046,1.54588231221307,0.00432041828568323,0.0207905755983297,"Pn_vs_rest","Other species higher"
"rbm41",60.5334198250934,-1.8533756996041,0.74898972982137,0.0043237894031618,0.0207909873428631,"Pn_vs_rest","Other species higher"
"sik2b",4.76338933766715,2.42992884906659,1.1144019644652,0.00433186591519109,0.020814007221966,"Pn_vs_rest","Pn higher"
"gpx7",12.6705099772231,-3.0377033235211,1.62164202196519,0.00434671617848313,0.0208695143986656,"Pn_vs_rest","Other species higher"
"rplp2l",23.7193270149342,2.53884435140391,1.19849859238561,0.00438698623506344,0.0210468907471429,"Pn_vs_rest","Pn higher"
"tes",8.82344465165212,-2.90737871219479,1.50564627500545,0.00440379735377571,0.0211115376171914,"Pn_vs_rest","Other species higher"
"NSG1",52.8579005116128,-2.93582366826421,1.53390202235853,0.00443389495847503,0.0212397330032021,"Pn_vs_rest","Other species higher"
"ralbp1",17.6299284308547,-2.18870280595299,0.953437731854285,0.00446101014448491,0.0213534585433438,"Pn_vs_rest","Other species higher"
"tmem54b",709.409286809414,-2.33309104223316,1.05211984423144,0.00448317620403061,0.0214433401504956,"Pn_vs_rest","Other species higher"
"mogat2",36.1464721373491,3.60901299718185,2.8121166228827,0.00450720673246922,0.0215374455392422,"Pn_vs_rest","Pn higher"
"nr2c2ap",48.7531901175366,-2.94239825815421,1.54616010106933,0.00450965792343487,0.0215374455392422,"Pn_vs_rest","Other species higher"
"ihha",91.1956609896589,2.04893281135058,0.86719660089049,0.00451828316067858,0.0215623648874616,"Pn_vs_rest","Pn higher"
"smcr8b",11.4160134815614,-2.25603568218623,1.00064619427826,0.00452424127170749,0.0215745280839224,"Pn_vs_rest","Other species higher"
"supt7l",199.785350828659,-2.86655647339561,1.48035644414763,0.00455099742972326,0.021685776909103,"Pn_vs_rest","Other species higher"
"trappc4",72.3379766957268,1.57524622785933,0.612369685844485,0.00457544175479851,0.0217858505826674,"Pn_vs_rest","Pn higher"
"lifra",10.6448882740963,2.16833819736637,0.944690798895257,0.00458608419493848,0.0218201058538125,"Pn_vs_rest","Pn higher"
"tmem110l",24.8288165792921,-2.91078555154329,1.52493265514218,0.00460855824144462,0.0219105608954632,"Pn_vs_rest","Other species higher"
"med21",96.1917305212247,-2.17561307210614,0.95038084778235,0.0046124859539699,0.0219127711086498,"Pn_vs_rest","Other species higher"
"msx3",53.2313441831223,-2.82900009430293,1.45528057229561,0.00466600861356929,0.0221504144836208,"Pn_vs_rest","Other species higher"
"aebp2",31.7522184289022,-1.9251543124498,0.798356918016317,0.00467208121300064,0.0221626161288366,"Pn_vs_rest","Other species higher"
"SDHB",9.05847363062981,2.17722987463513,0.953859764855171,0.00468030947287079,0.0221850174863868,"Pn_vs_rest","Pn higher"
"nostrin",14.735791314975,2.0062931152955,0.846739581498531,0.00469476027814638,0.0222248499658029,"Pn_vs_rest","Pn higher"
"camk1b",21.3254138272482,1.84903115740956,0.75600622480575,0.00469573710560659,0.0222248499658029,"Pn_vs_rest","Pn higher"
"tm9sf5",20.7523296253549,2.0972113169607,0.903730234563588,0.00472401875744383,0.0223419960367,"Pn_vs_rest","Pn higher"
"nbas",39.3358726858455,-2.43298520588171,1.13629667578559,0.00474521787132992,0.0224254956607735,"Pn_vs_rest","Other species higher"
"slc9a1b",5.43068362835304,2.61955032607266,1.28259425702112,0.00475410523033372,0.0224507297742924,"Pn_vs_rest","Pn higher"
"sun1",30.0246598771446,2.00236787229771,0.846506488356221,0.00476775185949518,0.0224983846136357,"Pn_vs_rest","Pn higher"
"psma2",8.77185938335022,2.4611334456324,1.15891008856291,0.00477437360276212,0.022512843635081,"Pn_vs_rest","Pn higher"
"arl13a",24.2829340686764,2.32372016331673,1.05821301366891,0.00478502295655338,0.0225462585771182,"Pn_vs_rest","Pn higher"
"pgam5",155.603178491465,-2.52355387874564,1.20796104155301,0.00479242086791649,0.0225643149197735,"Pn_vs_rest","Other species higher"
"ddx23",16.6341282110296,2.31006459321772,1.0495832484603,0.00481128330000004,0.0226362830649816,"Pn_vs_rest","Pn higher"
"sorcs2",5.9519274412956,2.52002428510755,1.21013849500175,0.00488966277215993,0.022987953954107,"Pn_vs_rest","Pn higher"
"znf622",14.4467811337787,2.00324938966393,0.850779053603144,0.00489749487856324,0.0230076819536364,"Pn_vs_rest","Pn higher"
"mrpl22",9.20466295588912,-2.9274024595716,1.56374589815817,0.00490330938770274,0.0230179093511743,"Pn_vs_rest","Other species higher"
"mibp",12.6761324118883,2.13298017539987,0.933109872029493,0.00492017496142084,0.0230799608271839,"Pn_vs_rest","Pn higher"
"gpsm1b",10.0954923882024,2.14867132735927,0.943806028616636,0.00493291623118574,0.0231225880821803,"Pn_vs_rest","Pn higher"
"gopc",14.4475899929942,2.05461832909804,0.884252049672823,0.0049585451172744,0.0232255170259899,"Pn_vs_rest","Pn higher"
"pink1",773.969191393293,-1.46925980360417,0.568948771977786,0.00496878044936575,0.0232562445884515,"Pn_vs_rest","Other species higher"
"zdhhc16b",72.1469528875061,-2.8128259892314,1.46327064337348,0.00498629171886177,0.0233209563909514,"Pn_vs_rest","Other species higher"
"crip2",45.7119211577341,2.00156571680686,0.852468705989902,0.00499283915440282,0.0233343324734572,"Pn_vs_rest","Pn higher"
"rnf113a",311.170200842003,1.30411072607381,0.496085568421874,0.0050819148716843,0.0237331050243677,"Pn_vs_rest","Pn higher"
"cnga1b",91.880106660169,-3.03886619360878,1.69242892191537,0.00511101523856636,0.023851404446643,"Pn_vs_rest","Other species higher"
"eif4h",30.6054967169941,1.94108043911065,0.819780760611366,0.0051296750264316,0.0239208427172138,"Pn_vs_rest","Pn higher"
"trnt1",30.4215753500869,-2.86472508414046,1.52348627265604,0.00515806570548333,0.0240178364858709,"Pn_vs_rest","Other species higher"
"nudt2",26.3180186714111,-1.90167020716118,0.797261966784255,0.00515555130477854,0.0240178364858709,"Pn_vs_rest","Other species higher"
"chchd3a",8.45763214661173,2.24952620679887,1.02189222165476,0.00520227945249543,0.0242059002760229,"Pn_vs_rest","Pn higher"
"ddx19",7.36706671058671,2.1715398779582,0.968844649777151,0.00522464190979303,0.0242920896437695,"Pn_vs_rest","Pn higher"
"med20",63.6326481260391,-2.5764259303792,1.27392077826013,0.00524461302918286,0.0243583639528901,"Pn_vs_rest","Other species higher"
"ssrp1a",14.810765555942,2.172429073673,0.970182159182919,0.00524659451134469,0.0243583639528901,"Pn_vs_rest","Pn higher"
"adcy7",20.7000233062141,-2.98665984999504,1.65278015608483,0.00527665664139184,0.0244714380106396,"Pn_vs_rest","Other species higher"
"glmnb",60.6175480513688,-1.91504361829709,0.808164729764075,0.00527868408415346,0.0244714380106396,"Pn_vs_rest","Other species higher"
"msto1",697.416909599747,-2.63696980838018,1.32742483493087,0.00529244483829161,0.0245172700854387,"Pn_vs_rest","Other species higher"
"cirbpb",108.067724197338,1.94900976365937,0.830543756766971,0.00536209824809895,0.02482176862763,"Pn_vs_rest","Pn higher"
"usp47",13.4315492559357,2.09483042115883,0.92262783861629,0.00537647425347713,0.0248701235935696,"Pn_vs_rest","Pn higher"
"tmem120b",32.5483279827886,-2.78056839221717,1.46054778770315,0.00538599692756921,0.0248959741107801,"Pn_vs_rest","Other species higher"
"clta",11.652030410872,2.29138499381562,1.05964323370692,0.00541152968744865,0.0249957371256752,"Pn_vs_rest","Pn higher"
"si:ch211-14i3.2",42.6429705589831,-2.76485425354289,1.44895970653555,0.00543069674993182,0.025051783636189,"Pn_vs_rest","Other species higher"
"mmab",34.4991755330623,2.11704136888978,0.938963238388665,0.00543158140784629,0.025051783636189,"Pn_vs_rest","Pn higher"
"RHBDF2",188.911208377171,-2.92473261382458,1.60709567983169,0.00549251150341858,0.0252959336198201,"Pn_vs_rest","Other species higher"
"cox10",4.51419247725658,2.36219761927371,1.11538071491313,0.00549098798711535,0.0252959336198201,"Pn_vs_rest","Pn higher"
"sdha",12.6556448020739,2.3749277742997,1.12530793279062,0.00549687002915491,0.0252975953050853,"Pn_vs_rest","Pn higher"
"shq1",46.4317193466676,-2.35336110403057,1.10934934554555,0.00550729655495021,0.0253271603195675,"Pn_vs_rest","Other species higher"
"plekhd1",69.0146509128953,-2.30455445056539,1.07307482111608,0.00551141519462262,0.0253276945182076,"Pn_vs_rest","Other species higher"
"DISP3",54.2008781653865,-2.3080627448934,1.07626420591661,0.00552716123907173,0.0253816228743439,"Pn_vs_rest","Other species higher"
"pcnx3",7.6842464597522,-2.32885661340559,1.09224689658695,0.00554067215339218,0.0254252163790179,"Pn_vs_rest","Other species higher"
"snw1",19.0871774544936,2.11555709607578,0.941957812410676,0.00556119582662333,0.0255009037615018,"Pn_vs_rest","Pn higher"
"atf6",65.4256280235626,-2.76736766178286,1.46024806719378,0.00557141124218582,0.0255107744866511,"Pn_vs_rest","Other species higher"
"slc27a2a",7.7927648872259,2.65474441697633,1.35829956257958,0.00556955472281683,0.0255107744866511,"Pn_vs_rest","Pn higher"
"rpl31",111.233758441976,2.43376633739361,1.1752053941919,0.00559531684426228,0.0256017100437395,"Pn_vs_rest","Pn higher"
"foxm1",34.630116979261,-2.89031920065181,1.583462366218,0.00563828447937568,0.0257796706542553,"Pn_vs_rest","Other species higher"
"eif3s6ip",16.7853741859331,2.35010919596238,1.11236126233134,0.00564469509089078,0.0257903469567919,"Pn_vs_rest","Pn higher"
"pih1d2",59.4721240671174,-2.62697791191904,1.3407435474813,0.00569340491708049,0.0259941315406099,"Pn_vs_rest","Other species higher"
"tmem223",53.1691791727854,1.79185096069575,0.747140044591533,0.0057154434734132,0.0260759382117943,"Pn_vs_rest","Pn higher"
"ssr2",44.5173920806036,2.13047529364075,0.957496928397986,0.00574040125447189,0.0261520944120217,"Pn_vs_rest","Pn higher"
"hgs",41.1384403474119,2.02723372993991,0.889210518570642,0.0057392470418525,0.0261520944120217,"Pn_vs_rest","Pn higher"
"cdh15",163.261308302229,-2.23814114381887,1.03317810068443,0.00574725390915455,0.0261546089554297,"Pn_vs_rest","Other species higher"
"SLC45A4",21.0225421732574,1.7081239226994,0.701745624408433,0.00574921950964014,0.0261546089554297,"Pn_vs_rest","Pn higher"
"napgb",10.1028834151758,2.11038923515708,0.944774816338448,0.00576941145117363,0.026227611826887,"Pn_vs_rest","Pn higher"
"cdc7",33.3203577766562,-2.74928796002973,1.45651049567694,0.00578128614086469,0.0262627269916667,"Pn_vs_rest","Other species higher"
"wwp1",6.00149975917401,2.0868452068081,0.929676028346642,0.00579219001690334,0.0262886797322122,"Pn_vs_rest","Pn higher"
"bhlhe41",8.70472717767151,2.07202509881408,0.919939212897926,0.0057953078739627,0.0262886797322122,"Pn_vs_rest","Pn higher"
"adnp2b",184.585631481076,1.87078640970869,0.794733897257073,0.00581383216579098,0.0263538180122674,"Pn_vs_rest","Pn higher"
"ndfip2",8.44494169479663,2.19321576116927,1.00444878676409,0.00584802755640122,0.0264898485160393,"Pn_vs_rest","Pn higher"
"id4",4.86112292747086,2.43371946528472,1.1876519962306,0.00588425875295642,0.026630741161774,"Pn_vs_rest","Pn higher"
"pde6a",68.6887571194873,1.83210588577823,0.773741970665838,0.00588754849641623,0.026630741161774,"Pn_vs_rest","Pn higher"
"atp5pb",14.4700754536874,2.16902028334945,0.991094772089584,0.00596409708303008,0.026957718815296,"Pn_vs_rest","Pn higher"
"zgc:110319",5.22521433036636,2.18633987201509,1.00358710296615,0.00597213121946472,0.0269747654223931,"Pn_vs_rest","Pn higher"
"stat6",7.42616103142489,2.20673193472377,1.01852000560254,0.00598345465425831,0.0270066341313456,"Pn_vs_rest","Pn higher"
"mfsd4aa",10.1363803878402,-2.89111062078239,1.61296127381817,0.00602996721437164,0.0271971721543434,"Pn_vs_rest","Other species higher"
"timm13",33.0854915345162,2.07821939043768,0.931096654301588,0.00604380947365851,0.0272401897074865,"Pn_vs_rest","Pn higher"
"lsm11",4.85626371457004,2.24997963335612,1.05226922304957,0.0060505354644218,0.0272510949600435,"Pn_vs_rest","Pn higher"
"taldo1",48.4735260580759,-1.48351416200831,0.592025186819859,0.00606594848698706,0.0273010825218024,"Pn_vs_rest","Other species higher"
"sgsm1a",8.40062974674373,2.45702173444606,1.21467602456988,0.00607100871722298,0.027304437215769,"Pn_vs_rest","Pn higher"
"zgc:162331",343.842420901568,-2.62792775642664,1.36356045463444,0.00610596519990105,0.0274226740844385,"Pn_vs_rest","Other species higher"
"si:dkeyp-69e1.8",41.5449542694446,-1.67977569983544,0.692934945281118,0.00610290752611651,0.0274226740844385,"Pn_vs_rest","Other species higher"
"RPL7A",522.041635192017,1.51551495903821,0.608439151850172,0.00611511012645221,0.0274442672909146,"Pn_vs_rest","Pn higher"
"uox",155.448879712611,1.37076496547484,0.539641256882591,0.00615807720536705,0.0276175142137227,"Pn_vs_rest","Pn higher"
"adgra1a",4.6104785353294,2.52675153686671,1.27856659284396,0.00618685187069064,0.0277269112165229,"Pn_vs_rest","Pn higher"
"tcp1",488.445968010351,1.72956829540507,0.722083434518996,0.00621175921393829,0.0278188339036104,"Pn_vs_rest","Pn higher"
"vtna",61.6380117753052,-2.2175432643053,1.03415332977431,0.00622155972059435,0.0278233426939371,"Pn_vs_rest","Other species higher"
"gnb5b",13.2812452184571,2.17038574867209,1.00001210390979,0.00621905412914122,0.0278233426939371,"Pn_vs_rest","Pn higher"
"rps6ka1",33.3800512557575,-2.87642863118093,1.62029610136776,0.00634557432041578,0.0283555668911803,"Pn_vs_rest","Other species higher"
"chadlb",37.3052616007871,-2.60156506229109,1.35259656740764,0.00635401293484414,0.0283555668911803,"Pn_vs_rest","Other species higher"
"cavin1b",59.3143647148371,2.13202140170892,0.976873582428075,0.0063520788491809,0.0283555668911803,"Pn_vs_rest","Pn higher"
"gask1a",6.7229171646904,-2.73380218263252,1.47811630799223,0.00638393373281779,0.0284640467257235,"Pn_vs_rest","Other species higher"
"anapc16",33.6612697372405,2.0551014914051,0.925216200814055,0.00639631391339742,0.0284640467257235,"Pn_vs_rest","Pn higher"
"cds1",7.11090700272752,2.05000888089252,0.921687417943565,0.00639234568144076,0.0284640467257235,"Pn_vs_rest","Pn higher"
"ippk",9.11432113685451,1.9828392062873,0.877403467439711,0.00638944487875897,0.0284640467257235,"Pn_vs_rest","Pn higher"
"tmem18",16.4904188971912,1.84166531558076,0.791968546190247,0.00648803897109828,0.0288519399923471,"Pn_vs_rest","Pn higher"
"kdm2bb",52.0028522944558,1.55152191983171,0.632131585374083,0.00649763326449665,0.0288743141135778,"Pn_vs_rest","Pn higher"
"jag1b",7.59281666531167,-2.82594709556828,1.57896400463305,0.00651534079300569,0.0289123958892988,"Pn_vs_rest","Other species higher"
"bccip",1773.98679735834,1.95415910894485,0.861922651119994,0.00651133018443047,0.0289123958892988,"Pn_vs_rest","Pn higher"
"SCD",9.82057801689912,2.12526235540088,0.977699766310052,0.00654475898035702,0.0290225892275397,"Pn_vs_rest","Pn higher"
"notum1a",6.60607612653917,-2.87029063252115,1.62892363818608,0.00655997125711054,0.0290696765511173,"Pn_vs_rest","Other species higher"
"dipk1b",8.74096623259272,-2.67620349260395,1.43301737314823,0.00656617162563394,0.0290767907956694,"Pn_vs_rest","Other species higher"
"fkbp5",25.4405010307166,2.03599575433567,0.917398912745699,0.00658835782032068,0.0291546351657267,"Pn_vs_rest","Pn higher"
"itgb2",14.3976539584285,2.27496612718026,1.09086013808943,0.00662815298606175,0.029310239060656,"Pn_vs_rest","Pn higher"
"tshz1",23.4808005605616,-2.47227239805443,1.25351090340281,0.00667430437384918,0.0294937137414229,"Pn_vs_rest","Other species higher"
"xbp1",26.2098843142184,2.37019676705694,1.16849566601234,0.00668644152167936,0.0295061380398793,"Pn_vs_rest","Pn higher"
"eya4",696.417558088285,-2.12125594883658,0.978812766819181,0.00668334363451134,0.0295061380398793,"Pn_vs_rest","Other species higher"
"nprl3",28.1018559271499,1.78376458958066,0.763970328915052,0.00680396996078603,0.0300038480221979,"Pn_vs_rest","Pn higher"
"si:ch73-215d9.1",686.767669118698,-2.23967945820888,1.06985946602039,0.00681160102153403,0.0300165816603533,"Pn_vs_rest","Other species higher"
"uqcrb",21.0997229798892,1.5580277240298,0.640385897829694,0.0068355427440975,0.0301011235105421,"Pn_vs_rest","Pn higher"
"rbp5",310.920157316779,1.76900263913277,0.756289377674024,0.00685358439603921,0.0301595841850738,"Pn_vs_rest","Pn higher"
"creld2",8.09345155232023,-2.74917633840636,1.52320855698889,0.00688604462904806,0.0302446697386379,"Pn_vs_rest","Other species higher"
"si:dkeyp-97e7.9",20.6103286522667,-2.71593965261629,1.48984624126557,0.00688914049054481,0.0302446697386379,"Pn_vs_rest","Other species higher"
"rassf4a",8.61878997202738,-2.55593539067414,1.33687312952216,0.00688173315315782,0.0302446697386379,"Pn_vs_rest","Other species higher"
"efr3bb",18.8373777188396,1.786509155178,0.767230189649731,0.00689203757318518,0.0302446697386379,"Pn_vs_rest","Pn higher"
"icn",18.068090949013,2.48622793951816,1.27813643326884,0.00696531794565089,0.0305450671934018,"Pn_vs_rest","Pn higher"
"si:dkey-220f10.4",9.83773436515417,2.32146949807281,1.14065828039357,0.00700641914085044,0.0307040306948072,"Pn_vs_rest","Pn higher"
"bcat2",10.4423461885896,1.99164536309428,0.898369976842018,0.00701986462473081,0.0307416632147381,"Pn_vs_rest","Pn higher"
"iffo1b",15.3757765887469,2.59531007764422,1.3803822350436,0.00702954997805073,0.0307627885623133,"Pn_vs_rest","Pn higher"
"clpxb",8.20334153793743,1.83611108340214,0.799808370347503,0.00704443538720335,0.0308066255219231,"Pn_vs_rest","Pn higher"
"slc22a2",17.142873083205,-2.86710028662574,1.66026204435092,0.00705640049084338,0.0308376397141277,"Pn_vs_rest","Other species higher"
"tmem9",4.73877313061297,2.21798051348807,1.06198243604946,0.00708662119200323,0.0309483360269127,"Pn_vs_rest","Pn higher"
"cxcl12b",15.4067005930195,2.27924926862593,1.11036035794211,0.00710789028239618,0.0310198135910366,"Pn_vs_rest","Pn higher"
"si:dkey-10o6.2",32.6331407814862,-2.68591864529725,1.472931188508,0.00712320532853679,0.0310448170090808,"Pn_vs_rest","Other species higher"
"nadkb",5.65671207955365,2.4117680472156,1.21998740498456,0.00712343146289274,0.0310448170090808,"Pn_vs_rest","Pn higher"
"ccnt2a",17.4527658902233,-2.72940584060911,1.51968516204811,0.00717152158676061,0.0312297156402713,"Pn_vs_rest","Other species higher"
"slc38a5a",4.8155680994832,2.29970108401288,1.12897465439611,0.00717572796159205,0.0312297156402713,"Pn_vs_rest","Pn higher"
"gpam",12.3043820761142,1.95479860036768,0.877717545161768,0.00718167524788817,0.0312341175042174,"Pn_vs_rest","Pn higher"
"efhc1",70.3891406596166,-2.83792994882985,1.6373298573804,0.00719791963962502,0.0312832661260626,"Pn_vs_rest","Other species higher"
"rrp9",42.4083783418506,-2.54785615267441,1.34526259401497,0.00722335655184557,0.031336222443808,"Pn_vs_rest","Other species higher"
"pbdc1",4.96695827158193,2.49794483920291,1.29974082564897,0.00722496026319783,0.031336222443808,"Pn_vs_rest","Pn higher"
"prdx5",24.1406434077724,2.01816096435578,0.921052373337502,0.00721964776499171,0.031336222443808,"Pn_vs_rest","Pn higher"
"hlfa",75.801305828204,1.29677399041639,0.517349124983597,0.0072307636338663,0.0313399125171959,"Pn_vs_rest","Pn higher"
"rab5c",8.14031367498086,2.03165913697482,0.93120300051026,0.00725584736018925,0.031427106156932,"Pn_vs_rest","Pn higher"
"frem3",255.07096108884,-2.54537941528402,1.34563994588419,0.00728193440374745,0.0315185231921435,"Pn_vs_rest","Other species higher"
"msi1",15.6098852856752,1.89969994472779,0.845604428134792,0.00734812447104141,0.031783275224026,"Pn_vs_rest","Pn higher"
"rpl10",130.894037147609,2.09817833425288,0.9810190624068,0.00736847957261443,0.0318495483166012,"Pn_vs_rest","Pn higher"
"nelfcd",130.764697025144,-2.76353380632264,1.5684481198408,0.00739151007195612,0.0318984562859185,"Pn_vs_rest","Other species higher"
"USP24",6.89305247358309,-2.73055301665869,1.53420870861044,0.00740304348838196,0.0318984562859185,"Pn_vs_rest","Other species higher"
"dpagt1",126.311509077851,2.17640283669481,1.03988091795896,0.00740499878065966,0.0318984562859185,"Pn_vs_rest","Pn higher"
"csnk2a1",9.85457748286689,2.10321019450979,0.98550338444979,0.00740038801614142,0.0318984562859185,"Pn_vs_rest","Pn higher"
"gnb1a",137.39779722008,1.58111055763927,0.660405219274607,0.00738880657039592,0.0318984562859185,"Pn_vs_rest","Pn higher"
"brms1la",24.6817340207821,2.00373181556821,0.916077005005124,0.00742481068729072,0.0319620421967181,"Pn_vs_rest","Pn higher"
"YTHDF1",5.65470952443635,2.19167308118506,1.05344145095416,0.0074708719627511,0.0321166289268268,"Pn_vs_rest","Pn higher"
"elmsan1a",8.5399822443251,2.1514217166217,1.02281984820449,0.00746640523348411,0.0321166289268268,"Pn_vs_rest","Pn higher"
"slc3a2a",18.2699801122379,1.96199871868697,0.889206625145973,0.00748268585483881,0.0321237693958073,"Pn_vs_rest","Pn higher"
"blm",23.4064366539412,-1.76186183012184,0.763340112468088,0.00748131236256789,0.0321237693958073,"Pn_vs_rest","Other species higher"
"rnf170",4.9664629160135,2.14719696837157,1.02176603427704,0.00754205828879146,0.0323567083738796,"Pn_vs_rest","Pn higher"
"ewsr1b",10.4576747296128,2.06130330034189,0.961806500522375,0.00765244911438962,0.0328080609728032,"Pn_vs_rest","Pn higher"
"nme6",17.8389705021522,1.93847088305675,0.877525473521455,0.00766509919438679,0.0328400458375623,"Pn_vs_rest","Pn higher"
"abca1a",12.7115975610872,2.13567636978484,1.01783351716094,0.00771337778720976,0.0330245295246707,"Pn_vs_rest","Pn higher"
"tmbim1b",58.1990451488201,-2.79948242969414,1.62828342517765,0.00772079562140995,0.0330339382638825,"Pn_vs_rest","Other species higher"
"si:ch73-12o23.1",6.57049520610562,2.14428668016286,1.02779439490506,0.00784103815188539,0.0335257360980613,"Pn_vs_rest","Pn higher"
"pnrc2",9.1247865713167,2.17132269951162,1.04952355238212,0.00787905180341055,0.0336655231681174,"Pn_vs_rest","Pn higher"
"polb",5.44221262450169,2.04366280149581,0.955146757453454,0.00789585623081403,0.0337145602082262,"Pn_vs_rest","Pn higher"
"vps50",8.61513543294587,2.11095453545396,1.00573551714439,0.00795415124098681,0.033940572523914,"Pn_vs_rest","Pn higher"
"epor",80.0404898316337,1.74449435346873,0.761236002081952,0.00796432373209165,0.0339610785557116,"Pn_vs_rest","Pn higher"
"si:dkey-175m17.6",23.2020649232413,3.19401925033151,2.68526109051268,0.0079832672468023,0.0340189327527037,"Pn_vs_rest","Pn higher"
"efs",11.3333205276283,-2.73851934236827,1.57662336744435,0.00799046252564582,0.0340266802572589,"Pn_vs_rest","Other species higher"
"ankrd44",5.29413243265051,2.22482633548138,1.09586564947932,0.0080253820133228,0.0341172782932672,"Pn_vs_rest","Pn higher"
"flot2a",8.72113640950926,2.17632759942638,1.05758785384144,0.00802791203834939,0.0341172782932672,"Pn_vs_rest","Pn higher"
"calm2a",187.672731032484,1.32378793622754,0.538129622202924,0.00802375443637922,0.0341172782932672,"Pn_vs_rest","Pn higher"
"gnsb",83.206705264711,-1.647930541675,0.708451163492915,0.00817813035402827,0.0347323549532154,"Pn_vs_rest","Other species higher"
"rexo4",6.27090306442696,-2.64724729220486,1.49027175592317,0.00820516938746733,0.0348238174942276,"Pn_vs_rest","Other species higher"
"eif4eb",49.8077098000205,-2.39319381938273,1.24477602759968,0.00821189595424428,0.0348290064332827,"Pn_vs_rest","Other species higher"
"wdr61",84.3942657271084,-2.30711687364082,1.17040320042457,0.00823401584248732,0.0348994321843669,"Pn_vs_rest","Other species higher"
"cntn3a.1",6.26031436664946,2.13445559113593,1.03179442975403,0.00827008967507077,0.0350288671110093,"Pn_vs_rest","Pn higher"
"si:ch211-212d10.2",7.7155292499347,-2.60381429233212,1.45193731548698,0.00834122849892363,0.0353065511312299,"Pn_vs_rest","Other species higher"
"tm4sf5",8.46932163093605,2.24630365459605,1.12329465201007,0.00835691293127676,0.0353492948055611,"Pn_vs_rest","Pn higher"
"cdk5r1b",91.2080834114083,-2.66729267724628,1.52219999571125,0.00841220063760752,0.0355593892015901,"Pn_vs_rest","Other species higher"
"rcbtb1",36.9623064507987,-1.9133425072125,0.876825118293376,0.00844658622228829,0.0356809062848066,"Pn_vs_rest","Other species higher"
"eif4e2",28.5663802259696,1.6686582677342,0.724672836570335,0.00847613048708954,0.0357818236973333,"Pn_vs_rest","Pn higher"
"morc2",11.2299199828243,1.92780012669299,0.887514267298838,0.00849237299621589,0.0358264908800361,"Pn_vs_rest","Pn higher"
"ACVR1B",9.53097243475473,2.00848351687374,0.944303807101371,0.00851543820937078,0.0358812051990932,"Pn_vs_rest","Pn higher"
"zic2a",8.68057486782269,1.84649947216632,0.834094866877269,0.00851668302924115,0.0358812051990932,"Pn_vs_rest","Pn higher"
"fkbp8",4.37228814275856,2.18699951344904,1.08040717028787,0.00854229653588684,0.0359651713101077,"Pn_vs_rest","Pn higher"
"bnip3la",10.9086004355375,-2.53655369549287,1.39414851581049,0.00856535874541244,0.035993505401154,"Pn_vs_rest","Other species higher"
"wfdc2",161.195677086865,-1.93603430644122,0.894572553496489,0.00856357188615054,0.035993505401154,"Pn_vs_rest","Other species higher"
"rassf7a",96.0707172541484,1.69253464442026,0.739946286995775,0.00856609025507868,0.035993505401154,"Pn_vs_rest","Pn higher"
"ola1",8.16512343270863,2.01143365021023,0.948102864551291,0.00859093797405682,0.0360739585267628,"Pn_vs_rest","Pn higher"
"tcf3b",4.5646307147883,2.32155387604942,1.19539843143963,0.00861609468235387,0.0361556015583125,"Pn_vs_rest","Pn higher"
"osbpl7",10.6583585626754,2.05869225881085,0.984061241116287,0.00865151921704012,0.036280194569536,"Pn_vs_rest","Pn higher"
"RAB39B",16.7769815410739,-2.69889740984969,1.57178917751821,0.00869042481158933,0.0364192107336008,"Pn_vs_rest","Other species higher"
"ifrd1",10.7623149441092,2.21347096739826,1.10785837182725,0.00875288736777867,0.0366566983873616,"Pn_vs_rest","Pn higher"
"sec24d",46.3926834028462,-1.60981777685048,0.695196177525207,0.00877317631486972,0.0367173675400103,"Pn_vs_rest","Other species higher"
"cahz",39.7054532714825,1.95305999338754,0.912068962722833,0.00884387319564441,0.0369887835968525,"Pn_vs_rest","Pn higher"
"slc44a4",8.55951072272303,2.3849711703039,1.26060829055145,0.00886014179394713,0.0370323495852691,"Pn_vs_rest","Pn higher"
"fkbp1b",64.0438755681989,-1.62228804305371,0.703581061976193,0.008870481145396,0.0370510922033438,"Pn_vs_rest","Other species higher"
"golga7",12.4675027737897,2.21510666975142,1.11397736812854,0.00892023087352566,0.037222848552517,"Pn_vs_rest","Pn higher"
"ppp5c",7.64537761392765,2.18325428609316,1.08788324338119,0.00892336619060813,0.037222848552517,"Pn_vs_rest","Pn higher"
"timm29",17.9269344516728,-2.08673822398804,1.01358412960802,0.00900157263193135,0.0375243423022803,"Pn_vs_rest","Other species higher"
"fam53b",27.301535030099,1.71050287764146,0.759153111476287,0.00913392409145504,0.0380510017450477,"Pn_vs_rest","Pn higher"
"tmub1",8.45630493836966,2.0603462727004,0.999913268954703,0.00927902593548381,0.0386300500787773,"Pn_vs_rest","Pn higher"
"krt8",235.466708153295,2.26776374184124,1.17049364057868,0.00931999103465776,0.0387592043956782,"Pn_vs_rest","Pn higher"
"ppme1",5.8634403750294,2.11481398956338,1.04327992415573,0.00932229916090743,0.0387592043956782,"Pn_vs_rest","Pn higher"
"glud1b",18.502308485728,2.04421816212597,0.989208937035139,0.00934725899893145,0.0388374622096114,"Pn_vs_rest","Pn higher"
"sept8a",103.494511092481,-1.80053880932804,0.819137917488971,0.0093691015522117,0.0389026736367426,"Pn_vs_rest","Other species higher"
"klhl32",54.6936617982572,-2.6216412191697,1.52189526998458,0.00940195669633556,0.0390134963766632,"Pn_vs_rest","Other species higher"
"COLGALT1",88.2179525967066,1.63757235116069,0.720842046893675,0.00949834763046695,0.0393876433850556,"Pn_vs_rest","Pn higher"
"pde7a",11.0813873582994,-2.29195634950097,1.1985101621451,0.00953775391713891,0.0395251517928323,"Pn_vs_rest","Other species higher"
"ttc33",8.82901066962195,-2.23797637681522,1.15133725298197,0.00955003167317171,0.0395501311700462,"Pn_vs_rest","Other species higher"
"pparab",5.39770676043625,-2.32723684815862,1.23141640003937,0.00956699055424264,0.0395944514239682,"Pn_vs_rest","Other species higher"
"nf2b",12.3762875463008,-2.51343743064217,1.41944601957356,0.0097208436054699,0.0401786403235882,"Pn_vs_rest","Other species higher"
"hif1aa",232.772551934528,1.24372235232231,0.514984331894022,0.00971837526458453,0.0401786403235882,"Pn_vs_rest","Pn higher"
"wasf2",9.133660123123,2.22079801989594,1.14241268475027,0.00975992073080765,0.0403138240108034,"Pn_vs_rest","Pn higher"
"nubp2",1429.76616310639,1.60496854505892,0.705659195840135,0.00979197599040215,0.0404198460973678,"Pn_vs_rest","Pn higher"
"sept15",20.8532048658201,1.82941478334839,0.845283661441781,0.00980282672763399,0.0404382578438513,"Pn_vs_rest","Pn higher"
"dbx1a",28.1761638032702,-2.62910296612688,1.55458481917928,0.00989973280750679,0.0408114066487967,"Pn_vs_rest","Other species higher"
"gnsa",9.01179632579458,1.86946595298974,0.874754343373976,0.0099390308248045,0.0409467363667727,"Pn_vs_rest","Pn higher"
"mc2r",11.1259698659912,-2.76820837600399,1.7294010320145,0.00994915367769389,0.040948456179524,"Pn_vs_rest","Other species higher"
"larp6a",18.198518889275,1.85663339619853,0.866190518804983,0.00995239026613589,0.040948456179524,"Pn_vs_rest","Pn higher"
"si:ch211-103n10.5",16.3063330088273,2.02349711101091,0.988086583656102,0.0100166493157773,0.0411593226430121,"Pn_vs_rest","Pn higher"
"atp6v1ab",21.6094595711364,1.64652360196872,0.732958622028315,0.0100139600071272,0.0411593226430121,"Pn_vs_rest","Pn higher"
"plcl1",4.42581661280123,-2.5103619287037,1.42928038062576,0.0100388367366178,0.0412237241202581,"Pn_vs_rest","Other species higher"
"pkig",97.1115806333774,-2.58144720676634,1.50793872694905,0.0100619979869859,0.041265277551294,"Pn_vs_rest","Other species higher"
"pld7",509.010090602937,-1.7002806818655,0.766283538264131,0.0100615227708296,0.041265277551294,"Pn_vs_rest","Other species higher"
"asdurf",70.9771097226596,1.45283693568006,0.624278129124196,0.0100811576707827,0.0413170762569385,"Pn_vs_rest","Pn higher"
"si:ch73-106g13.1",11.1273211761607,-2.4884749236125,1.40837540587974,0.0100936889590381,0.041341659373976,"Pn_vs_rest","Other species higher"
"si:ch211-260e23.9",16.5288316559659,1.79230105883729,0.82566993025639,0.0101090232946244,0.0413776839640252,"Pn_vs_rest","Pn higher"
"copz1",13.0146084378249,2.29246698161508,1.21774115397606,0.0101525511527556,0.0415289875207742,"Pn_vs_rest","Pn higher"
"cplx4c",13.4732867584557,2.04281658264891,1.0079870272305,0.01024695749837,0.0418635785119479,"Pn_vs_rest","Pn higher"
"trip10a",8.06717549161758,1.93770152988737,0.928793067301756,0.0102541951159164,0.0418635785119479,"Pn_vs_rest","Pn higher"
"pip4k2aa",9.36292155263639,1.71571256708168,0.778570731584842,0.0102506810033412,0.0418635785119479,"Pn_vs_rest","Pn higher"
"ptges3b",23.5497003365742,1.70872773325731,0.77445033907529,0.0102689796020431,0.041896907106208,"Pn_vs_rest","Pn higher"
"aga",12.8537804133174,-2.5197661615107,1.4491413845914,0.0102757795510628,0.0418976372417047,"Pn_vs_rest","Other species higher"
"rad17",31.9942589711451,-2.60970016870968,1.55154687829473,0.0103039681794404,0.0419855187633607,"Pn_vs_rest","Other species higher"
"thg1l",5.7625425828697,-2.47533408418142,1.40364530158391,0.0103249633928451,0.0420439950771711,"Pn_vs_rest","Other species higher"
"pgrmc1",18.1021028589257,1.65508851618177,0.74276591242331,0.0103690541048063,0.0421963822348644,"Pn_vs_rest","Pn higher"
"CDH4",5.3925328240769,-2.53450420933899,1.47055144549855,0.0104017575664417,0.0423022634193078,"Pn_vs_rest","Other species higher"
"rpl13",100.318579250391,2.21303499387872,1.15357162074674,0.0104134453734043,0.0423225962253707,"Pn_vs_rest","Pn higher"
"fut11",10.8258989488087,-2.69985676274626,1.67098824395323,0.0104780655259112,0.0425578938690411,"Pn_vs_rest","Other species higher"
"ndufv2",103.372443183998,-1.59055937354388,0.706225215926323,0.0105212477627653,0.0427058728946626,"Pn_vs_rest","Other species higher"
"ruvbl1",173.054340258617,-1.89918390077745,0.906122255014489,0.0105347997128936,0.0427334696046096,"Pn_vs_rest","Other species higher"
"GALNT3",34.322171804038,-2.61043229566589,1.5662575036183,0.0105947217720341,0.042949006645376,"Pn_vs_rest","Other species higher"
"dgcr2",6.13711807495796,2.01911746739203,0.997366740875675,0.0106184697391316,0.0430177186358673,"Pn_vs_rest","Pn higher"
"denr",10.841570867142,-2.37502418392935,1.31268655170685,0.010650447286776,0.0431196611840809,"Pn_vs_rest","Other species higher"
"rpl18",222.47288623722,2.27936424354173,1.2206967858724,0.010658358304912,0.0431240993308714,"Pn_vs_rest","Pn higher"
"stat2",16.5753169781615,1.90854960348076,0.915744365977658,0.0106961321768176,0.0432492807762949,"Pn_vs_rest","Pn higher"
"map6a",27.5064780887943,1.8595999177343,0.881212117267763,0.0107162220891657,0.0433028437932571,"Pn_vs_rest","Pn higher"
"mast3a",11.7834012740814,1.90476846966695,0.913894628113402,0.0107459295761589,0.0433951769993196,"Pn_vs_rest","Pn higher"
"otol1b",98.1536321802463,2.1960943387092,1.1477448657504,0.0107569326246721,0.0434119066638553,"Pn_vs_rest","Pn higher"
"plcg2",15.2788473749146,-2.24249037593659,1.1909984011419,0.0108115823791068,0.0436046483715666,"Pn_vs_rest","Other species higher"
"akr1b1.2",8.30509677976842,2.00537443106733,0.991227199131441,0.0108412177121033,0.0436963220905667,"Pn_vs_rest","Pn higher"
"ptpra",4.51311539026237,2.05062421719275,1.02761321889242,0.0108691636694585,0.0437810742841078,"Pn_vs_rest","Pn higher"
"polr2h",34.8109990614063,-2.56575060772753,1.52718342648018,0.0108900235661538,0.0438371941009041,"Pn_vs_rest","Other species higher"
"emc4",12.1486098949092,1.83056711322953,0.864085351114898,0.0109041567782818,0.0438661818772837,"Pn_vs_rest","Pn higher"
"si:dkey-40c11.2",19.9595620380834,1.99979554935179,0.988392461330044,0.0109159291341827,0.0438856413984167,"Pn_vs_rest","Pn higher"
"znf384l",6.20109723818706,2.11137041494062,1.07890037665213,0.0109290196573548,0.0439103723122165,"Pn_vs_rest","Pn higher"
"rlf",12.2612883613311,-1.9408918248256,0.944542046809185,0.0109708374616535,0.0440504184374006,"Pn_vs_rest","Other species higher"
"hhipl2",21.4174846529889,1.93013210191781,0.937888534911525,0.01104548090864,0.0443220058274405,"Pn_vs_rest","Pn higher"
"clcn3",6.82707247644159,1.97655380854544,0.974733751232941,0.011136121161436,0.0446573984217788,"Pn_vs_rest","Pn higher"
"ATG14",8.64620702184217,2.07418808192217,1.05353358788138,0.0111777318546199,0.0447874109395173,"Pn_vs_rest","Pn higher"
"hdac5",9.38902924705059,-2.03338142617514,1.0203850523487,0.0111826974216873,0.0447874109395173,"Pn_vs_rest","Other species higher"
"polr1e",256.793561183115,1.25622627312584,0.533401420305303,0.0112780104435603,0.045140575640006,"Pn_vs_rest","Pn higher"
"zgc:162144",15.4464378974207,1.92515686391788,0.938834026503605,0.0113032867428626,0.0452131469714505,"Pn_vs_rest","Pn higher"
"prom1b",16.1332020232392,1.84909537518279,0.884415149679151,0.0113611464045324,0.0454158777308155,"Pn_vs_rest","Pn higher"
"tmem251",9.46887492013735,1.83404455733813,0.874249063508654,0.0113902879571965,0.0455036251219313,"Pn_vs_rest","Pn higher"
"man2b2",48.9920935493942,-2.1688131023642,1.14074029690448,0.0114319153596368,0.0455548868991068,"Pn_vs_rest","Other species higher"
"RBPMS",9.44854301350911,2.06344190040894,1.04987035685202,0.0114177718219475,0.0455548868991068,"Pn_vs_rest","Pn higher"
"SUCNR1",261.665134766735,2.03690944694253,1.028061444942,0.0114148687921241,0.0455548868991068,"Pn_vs_rest","Pn higher"
"nfrkb",8.73091529972786,1.83679898802527,0.876833825889521,0.0114310267538252,0.0455548868991068,"Pn_vs_rest","Pn higher"
"atxn7l2a",5.44007648871817,-2.48125028402686,1.45454776017987,0.0114697254551811,0.0456519952239595,"Pn_vs_rest","Other species higher"
"glra2",9.13637066147362,-2.11805863223958,1.09717449997092,0.0114707130856662,0.0456519952239595,"Pn_vs_rest","Other species higher"
"pdha1a",10.6557345440958,2.06687117970694,1.05441719846272,0.0114966976812333,0.0456979289741486,"Pn_vs_rest","Pn higher"
"eftud2",6.73086882948202,1.89012712609988,0.91615467917167,0.0114898836671843,0.0456979289741486,"Pn_vs_rest","Pn higher"
"per1b",19.4398400311568,1.79162537807411,0.846919766513158,0.0115282119959298,0.0457944290710883,"Pn_vs_rest","Pn higher"
"mcamb",13.5462028280832,2.18519211765713,1.15931212749333,0.0115846585237066,0.0459609524376273,"Pn_vs_rest","Pn higher"
"rhag",20.8901551715445,2.03652429925098,1.03117807471555,0.0115804121447403,0.0459609524376273,"Pn_vs_rest","Pn higher"
"rbks",929.402332106535,1.34399834281316,0.581052622379149,0.0116309191505855,0.0461155741760056,"Pn_vs_rest","Pn higher"
"rnps1",11.1840879211265,-2.39108521423608,1.36253931532687,0.0116399913821006,0.0461226458772277,"Pn_vs_rest","Other species higher"
"KCNIP3",4.93038977564789,2.16082592105516,1.13908201867967,0.0116538285031645,0.0461485774518304,"Pn_vs_rest","Pn higher"
"mfge8b",6.87614396708169,2.30871280528238,1.2825606868643,0.0117860743734589,0.0466430760695736,"Pn_vs_rest","Pn higher"
"egfl7",45.2803591263928,1.87408669649447,0.910195238100721,0.0118368074127338,0.0468145733173622,"Pn_vs_rest","Pn higher"
"dnajc7",105.360119014907,-1.67007059485069,0.771180716498665,0.0118631256853395,0.0468893562378692,"Pn_vs_rest","Other species higher"
"aebp1",35.4596349830062,2.09909321587477,1.09082160010539,0.0119106378770928,0.0470477631000272,"Pn_vs_rest","Pn higher"
"rnf115",120.592248198351,-1.66730213498429,0.771409423926252,0.012022954136537,0.0474467615632678,"Pn_vs_rest","Other species higher"
"eno1a",59.6336943073651,1.46423734845512,0.649828227207772,0.0120266443659105,0.0474467615632678,"Pn_vs_rest","Pn higher"
"zte38",122.58852101259,1.47333002870862,0.655240366741166,0.0120556414033924,0.047531525732503,"Pn_vs_rest","Pn higher"
"fkbp4",9.95422219398376,1.78444416925545,0.849837273967045,0.0120639592518414,0.0475347037021496,"Pn_vs_rest","Pn higher"
"fabp11b",155.574702666254,2.16874585283601,1.15676523780223,0.0120832095716108,0.0475809272987886,"Pn_vs_rest","Pn higher"
"rxylt1",646.319479487511,-1.64646255719802,0.759016791029129,0.0120909283253451,0.04758171296193,"Pn_vs_rest","Other species higher"
"slc45a1",133.212178033244,-2.46259473100489,1.45838034753743,0.0121216997356569,0.0475844391608168,"Pn_vs_rest","Other species higher"
"sncgb",34.5046896298985,2.28209713559448,1.26548459264479,0.0121075097555936,0.0475844391608168,"Pn_vs_rest","Pn higher"
"scaf11",8.25086897127703,1.94524583381214,0.968482557526216,0.012101806295455,0.0475844391608168,"Pn_vs_rest","Pn higher"
"nme7",345.873546347909,1.73322635799143,0.81573618999274,0.0121185998114425,0.0475844391608168,"Pn_vs_rest","Pn higher"
"naprt",5.82281967161141,2.28324808863037,1.26996682335369,0.0122232552334561,0.0479533534515254,"Pn_vs_rest","Pn higher"
"rnf20",10.9045886711117,1.89006849220055,0.928593256054301,0.0122327604621044,0.0479609096680278,"Pn_vs_rest","Pn higher"
"si:dkey-256h2.1",169.10669180733,-2.60793388933016,1.64565192420725,0.012308862682687,0.0482294012730918,"Pn_vs_rest","Other species higher"
"tefa",27.3379695327641,1.71357984141895,0.805419199930474,0.0123278356334188,0.0482738514160114,"Pn_vs_rest","Pn higher"
"MYO9A",11.6845312642461,-1.87012397850732,0.915886901412355,0.0123660320265356,0.0483934759826327,"Pn_vs_rest","Other species higher"
"exoc8",12.7610465252884,-1.71601069290776,0.80778030611597,0.0123848165642664,0.0484370328916426,"Pn_vs_rest","Other species higher"
"tapbpl",29.5543023544096,-2.46221255146912,1.46827902748715,0.0123954167403839,0.0484485467159663,"Pn_vs_rest","Other species higher"
"dcaf11",10.5636161818869,1.9718088938903,0.995108159277197,0.0124121188292802,0.0484838814516573,"Pn_vs_rest","Pn higher"
"sptbn2",6.52093222905002,1.97264479317892,0.99618498087888,0.012434102693962,0.048539791392592,"Pn_vs_rest","Pn higher"
"she",20.0883570889504,1.60656245502999,0.738528636925709,0.0124740464272407,0.0486657002414174,"Pn_vs_rest","Pn higher"
"baz1b",10.8459573362761,1.814982515514,0.878485456199701,0.0125497470778027,0.048930868458617,"Pn_vs_rest","Pn higher"
"si:zfos-1192g2.3",4.82093440363475,2.06177181585898,1.07273584113902,0.0125622984717472,0.0489496457692217,"Pn_vs_rest","Pn higher"
"GABRA5",16.3682956706787,-2.48659960053943,1.50449888452636,0.0125882843871978,0.0489905680210258,"Pn_vs_rest","Other species higher"
"eps8l1a",12.9259941950567,-2.3005920881719,1.29799044709634,0.0125817547027072,0.0489905680210258,"Pn_vs_rest","Other species higher"
"setbp1",4.81779524135731,2.23233618481736,1.2305305654745,0.0126169580208819,0.0490719793215368,"Pn_vs_rest","Pn higher"
"ets1",8.41940272484768,2.0448252481959,1.06074273534984,0.0126844390942238,0.0492557749530991,"Pn_vs_rest","Pn higher"
"si:ch211-203k16.3",107.23859818659,-1.96297448156396,0.992950465443142,0.0126807844612697,0.0492557749530991,"Pn_vs_rest","Other species higher"
"hsp90ab1",380.070124496277,1.48918438830858,0.670415101978115,0.0126875652929127,0.0492557749530991,"Pn_vs_rest","Pn higher"
"gpr161",32.1498290069329,-2.427625057944,1.44282647065666,0.0127907337551975,0.0496258511360453,"Pn_vs_rest","Other species higher"
