"gene_name","baseMean","log2FoldChange","lfcSE","pvalue","padj","comparison","sig"
"pdia4",170.227872981315,-26.6551249801453,1.97208283217737,1.02528643748276e-47,8.18178577111239e-44,"Nb_vs_rest","Other species higher"
"pink1",773.969191393293,8.00693136259746,0.653707681901158,5.6116125380262e-35,2.23903340267245e-31,"Nb_vs_rest","Nb higher"
"myod1",508.80073566929,12.8082237425381,1.19645518871124,4.98178382558676e-28,9.93865873204558e-25,"Nb_vs_rest","Nb higher"
"rnaseh2a",407.946146970608,10.6655823266784,0.985877311807718,3.73730534514448e-28,9.93865873204558e-25,"Nb_vs_rest","Nb higher"
"zgc:85843",2088.08644847172,-18.0924586319432,2.0885725626576,6.11415016216845e-21,9.0785100784623e-18,"Nb_vs_rest","Other species higher"
"ddah2",40211.6354104234,-14.5358541511586,1.62506304177074,6.82594742741527e-21,9.0785100784623e-18,"Nb_vs_rest","Other species higher"
"slc20a1b",1666.31888335936,5.70932510329157,0.687027855438397,5.39287711342128e-17,6.14787990930026e-14,"Nb_vs_rest","Nb higher"
"stx5a",8230.07948701546,-12.9741386477084,1.64010217447036,1.04194119024448e-16,1.03933633726887e-13,"Nb_vs_rest","Other species higher"
"cyb5d2",54.4276313266916,8.87643737933978,1.11678241812661,4.56241383882595e-16,4.04534027042568e-13,"Nb_vs_rest","Nb higher"
"nudcd2",16513.0423270561,-12.274902419443,1.61721324142586,1.82611135792525e-15,1.45723686362435e-12,"Nb_vs_rest","Other species higher"
"herc4",1563.56434925182,-11.6186203582957,1.5470661920729,4.64066972059394e-15,3.36659494275815e-12,"Nb_vs_rest","Other species higher"
"gabpa",4556.74434857647,-11.1746592440416,1.48982131689139,6.12517878918407e-15,4.07324389480741e-12,"Nb_vs_rest","Other species higher"
"shisa2b",1167.30881556171,-11.5482621593451,1.56160607343279,1.13813519851548e-14,6.98639914165654e-12,"Nb_vs_rest","Other species higher"
"higd2a",608.242902177177,5.2716515623802,0.691622975048414,1.52990544500091e-14,8.72046103650516e-12,"Nb_vs_rest","Nb higher"
"cpsf4",2785.94245981913,-11.9061824479473,1.63392258901118,2.12855622206133e-14,1.13239191013663e-11,"Nb_vs_rest","Other species higher"
"ubn2b",481.548087400748,-5.00976880055798,0.663222903232349,2.72195725065562e-14,1.35757617876449e-11,"Nb_vs_rest","Other species higher"
"mettl5",572.586092351028,-6.2645660514706,0.836461525885163,3.4494553685749e-14,1.61921493183693e-11,"Nb_vs_rest","Other species higher"
"nkrf",1427.18193463468,-11.3984230256083,1.57951033693877,4.55552240842203e-14,2.01961493440044e-11,"Nb_vs_rest","Other species higher"
"RRM2",839.135630052178,-11.2822959991071,1.57015352020157,6.02278562984981e-14,2.40309146631007e-11,"Nb_vs_rest","Other species higher"
"adprh",239.181152437031,5.86924434763571,0.790194290156835,6.01018784760963e-14,2.40309146631007e-11,"Nb_vs_rest","Nb higher"
"fktn",574.063880451866,-11.1317739048869,1.5519039725338,7.06780296422013e-14,2.68576512640365e-11,"Nb_vs_rest","Other species higher"
"echdc2",777.760781085699,-11.3512813550995,1.5875361220668,7.52219690790076e-14,2.72850596932037e-11,"Nb_vs_rest","Other species higher"
"ZCCHC24",693.463021979449,-10.8505548591587,1.53841515720432,1.89828264993363e-13,6.31192161298748e-11,"Nb_vs_rest","Other species higher"
"clul1",6768.33472398346,-7.28712350267769,1.00827771249611,1.8983222896203e-13,6.31192161298748e-11,"Nb_vs_rest","Other species higher"
"rpl4",930.705938098945,-11.5781459562111,1.66345621250012,2.60371305625869e-13,7.91299905939921e-11,"Nb_vs_rest","Other species higher"
"nipsnap2",635.706274714282,-11.2359486716182,1.60981347576681,2.67733050881928e-13,7.91299905939921e-11,"Nb_vs_rest","Other species higher"
"crygm3",65.1071608864771,9.49365881868311,1.34000672546412,2.63391297795207e-13,7.91299905939921e-11,"Nb_vs_rest","Nb higher"
"sart3",407.64395137167,-10.5929084237774,1.51134953500963,2.90866512747429e-13,8.28969561330174e-11,"Nb_vs_rest","Other species higher"
"etnppl",1380.28263687543,-11.1766591194375,1.61677101553347,4.39258914138451e-13,1.20871935683615e-10,"Nb_vs_rest","Other species higher"
"RPL7A",522.041635192017,-5.59846399192693,0.782194699656238,4.719545189105e-13,1.25539902030193e-10,"Nb_vs_rest","Other species higher"
"casd1",570.250816705355,-10.7640969848605,1.55487769461031,4.94800466880968e-13,1.27371216958391e-10,"Nb_vs_rest","Other species higher"
"tma16",1973.36303328344,-11.2090061446706,1.63206990574311,5.91420179630497e-13,1.47485407295355e-10,"Nb_vs_rest","Other species higher"
"TMEM43",1588.8657439372,-10.9194168485099,1.58766077531501,6.32031915097521e-13,1.52836808559946e-10,"Nb_vs_rest","Other species higher"
"itih6",31.1397274711547,7.55884012794693,1.07532933375491,7.39239018657094e-13,1.73503746143636e-10,"Nb_vs_rest","Nb higher"
"ap5b1",345.294594853707,-10.7801888246478,1.58100248751825,1.01265942115077e-12,2.28301988878036e-10,"Nb_vs_rest","Other species higher"
"nubp2",1429.76616310639,-10.6586787085163,1.56286329171816,1.05854305620142e-12,2.28301988878036e-10,"Nb_vs_rest","Other species higher"
"si:dkey-13a21.4",494.155018382354,-4.96099640170685,0.702291674279856,1.04761558516792e-12,2.28301988878036e-10,"Nb_vs_rest","Other species higher"
"abcf1",401.303861913049,-10.3665420229656,1.51789448841082,1.12401843580157e-12,2.3604387151833e-10,"Nb_vs_rest","Other species higher"
"si:ch73-234b20.5",218.695859464175,7.92274781004029,1.14563129004126,1.4883499389847e-12,3.03048497624412e-10,"Nb_vs_rest","Nb higher"
"aspdh",328.639101622351,5.02080321058058,0.716163695502671,1.51904008834292e-12,3.03048497624412e-10,"Nb_vs_rest","Nb higher"
"si:dkey-33c12.12",39.9766011480805,5.26713892145165,0.754251782994538,1.76469276795516e-12,3.43469470445908e-10,"Nb_vs_rest","Nb higher"
"psme2",454.135330676332,-10.6717321034011,1.58332551515632,1.81945203176137e-12,3.4569588603466e-10,"Nb_vs_rest","Other species higher"
"rbm34",2116.31412808772,-10.4960161856669,1.55967245583736,2.10988154851068e-12,3.82655789934437e-10,"Nb_vs_rest","Other species higher"
"rbx1",92.186965324409,7.43008136138011,1.07860833870053,2.07640887415634e-12,3.82655789934437e-10,"Nb_vs_rest","Nb higher"
"cnot11",1506.80806716546,-11.1533912138194,1.67473097765317,2.51119788001159e-12,4.45319090722056e-10,"Nb_vs_rest","Other species higher"
"dtwd1",1005.52326066271,-10.7488384279302,1.60974503679503,2.68924929583958e-12,4.66526290886954e-10,"Nb_vs_rest","Other species higher"
"eif2s1b",710.51131975707,-11.1357138865525,1.67771520365544,2.94224204052803e-12,4.99555137944971e-10,"Nb_vs_rest","Other species higher"
"prmt7",636.439457024128,-10.4297012975848,1.57149890348854,4.06663505142877e-12,6.76078077300033e-10,"Nb_vs_rest","Other species higher"
"DNAJA4",737.386081196198,-11.0495272541298,1.67804616487808,4.35335145085618e-12,7.08974379139435e-10,"Nb_vs_rest","Other species higher"
"lrrc14b",1360.86519698265,-10.4590753500034,1.58863651047646,5.72645916827486e-12,9.13942883256668e-10,"Nb_vs_rest","Other species higher"
"txndc12",602.720946808928,-10.4809676124212,1.59481209653541,6.133855518337e-12,9.51326140313346e-10,"Nb_vs_rest","Other species higher"
"pld7",509.010090602937,-10.4519983962763,1.59032977013793,6.1991177063025e-12,9.51326140313346e-10,"Nb_vs_rest","Other species higher"
"galnt8b.1",1389.88148828709,-11.3019075811737,1.73915169129546,6.81174060443716e-12,1.0256167928945e-09,"Nb_vs_rest","Other species higher"
"ppox",324.54998102216,-10.2176962487848,1.56032330835294,8.02544121797689e-12,1.18598186887881e-09,"Nb_vs_rest","Other species higher"
"dennd10",279.877876085574,-10.2663349153187,1.56959210354919,8.27211569106079e-12,1.20020878572118e-09,"Nb_vs_rest","Other species higher"
"GPS2",304.022216295438,-10.0447586983832,1.53421756920068,8.7006195099718e-12,1.21808673139605e-09,"Nb_vs_rest","Other species higher"
"snf8",82.7413932163281,5.6641221726977,0.839778724444263,8.6544752915702e-12,1.21808673139605e-09,"Nb_vs_rest","Nb higher"
"zbtb12.1",360.587253993853,-10.2065667596645,1.5632442763629,9.16530279337055e-12,1.26101924639822e-09,"Nb_vs_rest","Other species higher"
"khdc4",1030.27731813094,-10.8734513270353,1.69065466998214,1.29274392267179e-11,1.74849093269846e-09,"Nb_vs_rest","Other species higher"
"ficd",738.312764325699,-10.4374524576525,1.62097543514847,1.49876311338319e-11,1.99335494079964e-09,"Nb_vs_rest","Other species higher"
"prcc",280.06702667502,-10.0379470184063,1.55491498319227,1.59419776444942e-11,2.08552428857481e-09,"Nb_vs_rest","Other species higher"
"map2k1",18136.6340498687,-10.5959047124165,1.65590061705688,1.81254299336475e-11,2.29588779159535e-09,"Nb_vs_rest","Other species higher"
"tapbpl",29.5543023544096,8.06078970165294,1.23157419381323,1.80460099270781e-11,2.29588779159535e-09,"Nb_vs_rest","Nb higher"
"zgc:171704",25.4260342979001,8.49551582485716,1.31094998630496,2.40835067722538e-11,3.00291225066539e-09,"Nb_vs_rest","Nb higher"
"fkbp3",26842.6966418248,-10.6843986803739,1.68471590433182,2.51181586269812e-11,3.07449557854518e-09,"Nb_vs_rest","Other species higher"
"adam17b",301.390538098204,-9.95354680885855,1.55786493973828,2.54281589202985e-11,3.07449557854518e-09,"Nb_vs_rest","Other species higher"
"dnase2",536.817451937557,-10.1806473159194,1.60029283631514,2.76137327824082e-11,3.28891921796445e-09,"Nb_vs_rest","Other species higher"
"kcnn4",184.196470522793,-9.58300331345084,1.49857737154785,2.84686824590181e-11,3.34088361798477e-09,"Nb_vs_rest","Other species higher"
"gnai3",10500.9318888682,-10.5972896130687,1.67988978981074,3.23939386352462e-11,3.59032819873979e-09,"Nb_vs_rest","Other species higher"
"rpl5b",634.832611216352,-10.3171134785304,1.63018397472619,3.21748846613193e-11,3.59032819873979e-09,"Nb_vs_rest","Other species higher"
"gnpnat1",277.462581939907,-9.77050610644982,1.53416585437154,3.12985437455078e-11,3.59032819873979e-09,"Nb_vs_rest","Other species higher"
"trim35-13",34.2432194903903,5.28754605161658,0.805396057469498,3.16040956931147e-11,3.59032819873979e-09,"Nb_vs_rest","Nb higher"
"pold2",2154.00963325771,-10.5841663087816,1.68294741146268,3.68347865632238e-11,3.9721837401963e-09,"Nb_vs_rest","Other species higher"
"rpusd4",377.578841333378,-4.95111468446676,0.75555819463667,3.65144848595691e-11,3.9721837401963e-09,"Nb_vs_rest","Other species higher"
"KDM7A",727.433582358287,-9.60748632611023,1.51397644905748,3.86707831455195e-11,4.11457132668327e-09,"Nb_vs_rest","Other species higher"
"tfg",465.919011333933,-10.4915653955755,1.669509365796,3.95969664606802e-11,4.15768147837142e-09,"Nb_vs_rest","Other species higher"
"sestd1",142.75474206318,5.8945929212661,0.905836666794667,4.10525863511415e-11,4.25454076730012e-09,"Nb_vs_rest","Nb higher"
"fam124b",1258.30381070333,-10.3745969034208,1.65198375070377,4.28099132271676e-11,4.3693942278374e-09,"Nb_vs_rest","Other species higher"
"lrrc42",33.3575418483504,7.68163647394815,1.19460695599469,4.32559077693176e-11,4.3693942278374e-09,"Nb_vs_rest","Nb higher"
"rcl1",311.438024354279,-10.3298939289455,1.64762694482273,4.66717305200143e-11,4.65550511937143e-09,"Nb_vs_rest","Other species higher"
"pmpcb",124.747433999034,-9.60506554297582,1.52193562848753,4.83925966205019e-11,4.76756692631611e-09,"Nb_vs_rest","Other species higher"
"FDX1",267.895302717134,-9.96617083108023,1.58638640878374,5.02489223812958e-11,4.89007805613098e-09,"Nb_vs_rest","Other species higher"
"C9orf16",236.589607577754,-9.81675103064971,1.5697155462405,6.40263049251973e-11,6.15578208798885e-09,"Nb_vs_rest","Other species higher"
"rpl6",2227.48742492233,-10.6204944688953,1.72090554508803,7.59442294158404e-11,7.21470179450484e-09,"Nb_vs_rest","Other species higher"
"tab3",983.434587782237,-9.7434030479836,1.56872420852646,8.64509109872133e-11,8.04898857771831e-09,"Nb_vs_rest","Other species higher"
"mipa",102.232078051231,7.20000327340064,1.13483846266012,8.6743485925285e-11,8.04898857771831e-09,"Nb_vs_rest","Nb higher"
"sdr42e2",124.613087340156,4.91838221501982,0.766152751898178,8.88882316022753e-11,8.15319641593284e-09,"Nb_vs_rest","Nb higher"
"enosf1",600.658075299304,-9.63920048441465,1.55332716389873,9.33317669175814e-11,8.40060108644311e-09,"Nb_vs_rest","Other species higher"
"aamp",27.0113128867168,5.85412553086047,0.917092240898329,9.36909143726111e-11,8.40060108644311e-09,"Nb_vs_rest","Nb higher"
"PPP2R3B",234.487648585894,-10.063672823904,1.63314264972544,1.0286600712775e-10,9.12078596532719e-09,"Nb_vs_rest","Other species higher"
"tmem54a",637.216246701943,-10.2103134331282,1.66252230500791,1.09881807600966e-10,9.53105244190991e-09,"Nb_vs_rest","Other species higher"
"wrap73",603.125991016203,-4.52062989363069,0.706597523654869,1.09769898537487e-10,9.53105244190991e-09,"Nb_vs_rest","Other species higher"
"ddit3",144.853663298165,-9.4961677494146,1.53496165037324,1.11242633542159e-10,9.54533565232719e-09,"Nb_vs_rest","Other species higher"
"thoc1",318.36418446165,-9.38280709229443,1.51623887717398,1.15061019368895e-10,9.76794611238066e-09,"Nb_vs_rest","Other species higher"
"styx",157.04291715005,-9.42287817894204,1.52387055928442,1.1668682470973e-10,9.80169327561731e-09,"Nb_vs_rest","Other species higher"
"cap1",451.742121023157,-9.77897761726817,1.58831639251549,1.19717175283168e-10,9.95149019541331e-09,"Nb_vs_rest","Other species higher"
"ephx5",12373.0600709754,5.53204323176525,0.873291936540501,1.37523563925061e-10,1.13137942280617e-08,"Nb_vs_rest","Nb higher"
"dnajc14",178.332638195276,4.95698362481276,0.781645422893815,1.46707733732843e-10,1.19462011753886e-08,"Nb_vs_rest","Nb higher"
"acad11",498.492323330149,-9.88283501941473,1.61962471644994,1.61333097435544e-10,1.3004425429653e-08,"Nb_vs_rest","Other species higher"
"zgc:172182",1384.52548041108,-10.4439060197427,1.7260868378113,1.73477908540193e-10,1.38415108390627e-08,"Nb_vs_rest","Other species higher"
"crlf1b",238.068335245144,-9.64155621714777,1.57961822831327,1.76070457319473e-10,1.38415108390627e-08,"Nb_vs_rest","Other species higher"
"PM20D2",22.6923608501397,6.92140101116265,1.10826333019855,1.7692156711584e-10,1.38415108390627e-08,"Nb_vs_rest","Nb higher"
"cyp17a2",22.8142084258909,6.09526457098728,0.972546239588374,1.88065602493895e-10,1.45705194941872e-08,"Nb_vs_rest","Nb higher"
"itgb1bp1",416.90684161108,-9.93062469878519,1.6485375112316,2.55421962656458e-10,1.95987236730628e-08,"Nb_vs_rest","Other species higher"
"acat2",98.8666675709976,7.20480382652869,1.16771682687354,2.64187695943908e-10,2.0078264891737e-08,"Nb_vs_rest","Nb higher"
"hyou1",72.1659670998608,4.49350295764619,0.721084886777535,3.22598574557062e-10,2.42861945751448e-08,"Nb_vs_rest","Nb higher"
"CNNM1",551.063818258487,-10.0842067526385,1.68872833662946,3.28951652053684e-10,2.45330297512934e-08,"Nb_vs_rest","Other species higher"
"dhrs7b",183.874273272117,5.35734280380786,0.864125490665226,3.38352500028897e-10,2.50004902799129e-08,"Nb_vs_rest","Nb higher"
"hspb11",113.206273841552,-9.40449460729899,1.56546052600345,3.49447748661626e-10,2.55834223332089e-08,"Nb_vs_rest","Other species higher"
"gfm1",229.912121450638,-9.57277408130851,1.59913768267958,3.72180016862165e-10,2.67567255365773e-08,"Nb_vs_rest","Other species higher"
"tepsin",46.2180563865042,6.77759807200747,1.10482936736093,3.7006353491716e-10,2.67567255365773e-08,"Nb_vs_rest","Nb higher"
"fancl",115.721037272976,-9.40035009463214,1.56839656561175,3.80933835979132e-10,2.71415358135132e-08,"Nb_vs_rest","Other species higher"
"borcs8",385.597553814278,-5.51051660756713,0.895740895071158,4.43965383329109e-10,3.13525996368698e-08,"Nb_vs_rest","Other species higher"
"thoc6",297.519400112297,-9.28233333722314,1.55588986079804,4.71782672480383e-10,3.2737615012117e-08,"Nb_vs_rest","Other species higher"
"adal",113.560771345517,-9.14339904945697,1.53019964599713,4.69922941300387e-10,3.2737615012117e-08,"Nb_vs_rest","Other species higher"
"ift20",166.630230820013,-9.26313171879047,1.55359536428198,4.85610362580568e-10,3.34066439085597e-08,"Nb_vs_rest","Other species higher"
"gngt1",230.427175935877,-9.42945434687122,1.58471899194673,4.89937283114011e-10,3.34162352072633e-08,"Nb_vs_rest","Other species higher"
"cct5",284.639091933102,-9.63732451432134,1.6242429674673,4.98994354829689e-10,3.3493964291925e-08,"Nb_vs_rest","Other species higher"
"slc6a22.1",26.4913143704994,6.36489756282978,1.04291528613784,4.99471397335724e-10,3.3493964291925e-08,"Nb_vs_rest","Nb higher"
"chfr",234.150808228126,-9.69814167677402,1.63750313258242,5.19767212601051e-10,3.45645196379699e-08,"Nb_vs_rest","Other species higher"
"ada",504.455412332877,-9.40812421589783,1.58710442697301,5.65487953874027e-10,3.72941642307003e-08,"Nb_vs_rest","Other species higher"
"wdr46",164.533149867869,-9.21554362377328,1.55234162901133,5.78187322671387e-10,3.78191379911284e-08,"Nb_vs_rest","Other species higher"
"marcksl1a",202.939794176391,-9.02316615832552,1.52077066017951,6.33959357683423e-10,4.11300461326319e-08,"Nb_vs_rest","Other species higher"
"armc1l",590.653637242947,-9.90466950204859,1.68681751765939,6.45769415273036e-10,4.14117678026316e-08,"Nb_vs_rest","Other species higher"
"nelfe",150.537759470163,-9.11857277549411,1.5393728104488,6.48680573349492e-10,4.14117678026316e-08,"Nb_vs_rest","Other species higher"
"abl1",67.2114723067428,5.60330656337382,0.923424348426612,7.3647481303126e-10,4.66434048253131e-08,"Nb_vs_rest","Nb higher"
"arpc3",140.920186649728,-9.47133999380324,1.61156064308931,7.47563266752845e-10,4.6972872981793e-08,"Nb_vs_rest","Other species higher"
"spcs1",98.0026729160117,-9.28884184118129,1.5863626710859,9.1397996971862e-10,5.69809387371452e-08,"Nb_vs_rest","Other species higher"
"ckmt2a",977.096284205446,-9.42067313933617,1.61291431411177,9.46917521109566e-10,5.76824566294224e-08,"Nb_vs_rest","Other species higher"
"slc31a2",240.230973122689,-9.33242381953592,1.59571290116323,9.36789614359936e-10,5.76824566294224e-08,"Nb_vs_rest","Other species higher"
"bccip",1773.98679735834,-6.35261654172064,1.05860544646922,9.425998807462e-10,5.76824566294224e-08,"Nb_vs_rest","Other species higher"
"bag1",468.736147810587,-9.19028149185232,1.57029432155468,9.65588756629738e-10,5.83742293780705e-08,"Nb_vs_rest","Other species higher"
"nanp",161.576055707912,-9.30116720143059,1.59237659303166,9.90744783992317e-10,5.9444687039539e-08,"Nb_vs_rest","Other species higher"
"nme7",345.873546347909,-9.52029194381204,1.63451636273111,1.00190912258762e-09,5.96659313302181e-08,"Nb_vs_rest","Other species higher"
"pola1",28.4039645595208,6.0586942371245,1.00977529727473,1.0150694330403e-09,6.00018820419376e-08,"Nb_vs_rest","Nb higher"
"FH",200.325640120887,-8.97545275260922,1.5348302291932,1.0768901031269e-09,6.31881104628869e-08,"Nb_vs_rest","Other species higher"
"LLGL1",317.778479085241,-9.05580288023108,1.55110975023318,1.10631696487627e-09,6.44409443774643e-08,"Nb_vs_rest","Other species higher"
"gnptg",90.5155622686541,-8.98869402714079,1.53932722957433,1.12705779827298e-09,6.51733422479592e-08,"Nb_vs_rest","Other species higher"
"ddx55",138.109884615336,-9.13260910746282,1.56789970298313,1.16452328492269e-09,6.68553655660652e-08,"Nb_vs_rest","Other species higher"
"STUB1",162.261354905282,-8.94931316718557,1.53423861080323,1.18723947700456e-09,6.767265018926e-08,"Nb_vs_rest","Other species higher"
"COLGALT1",88.2179525967066,-9.13690782532372,1.57041030108594,1.20877482928738e-09,6.84115116149878e-08,"Nb_vs_rest","Other species higher"
"csrp2",618.673666234248,-9.65640449758404,1.67172870555052,1.25910897649743e-09,7.07583776933062e-08,"Nb_vs_rest","Other species higher"
"loxl2a",96.3213807317771,-8.90881832411288,1.53032957234496,1.29064733448629e-09,7.20235365678363e-08,"Nb_vs_rest","Other species higher"
"usp37",87.81349256319,-8.91141712260021,1.53355251154134,1.37245786919557e-09,7.60570402512544e-08,"Nb_vs_rest","Other species higher"
"klhl40b",18.3386196237453,6.605079721881,1.11463374029233,1.40168637161603e-09,7.71410844516959e-08,"Nb_vs_rest","Nb higher"
"cant1b",146.939685734165,-8.9458211896645,1.54189751149063,1.43035029709976e-09,7.81794203483293e-08,"Nb_vs_rest","Other species higher"
"eif2b4",272.120718043012,-9.10528461948499,1.57329427544355,1.46700331606788e-09,7.96373228722563e-08,"Nb_vs_rest","Other species higher"
"mfap1",849.380473545469,-9.33946138088005,1.61944378158859,1.50996485274319e-09,8.14156724654774e-08,"Nb_vs_rest","Other species higher"
"pno1",478.669029323974,-9.49287393794143,1.65080646314426,1.56561508753139e-09,8.38497207953051e-08,"Nb_vs_rest","Other species higher"
"tomm20b",111.056558326112,-8.86729547732847,1.53160832773482,1.58308043827055e-09,8.4219879315993e-08,"Nb_vs_rest","Other species higher"
"mrpl14",333.1818298714,-9.19041058136591,1.59376000690073,1.60564039400746e-09,8.48543731402619e-08,"Nb_vs_rest","Other species higher"
"dnajc3b",238.617951296353,-9.35288447598545,1.62557712405734,1.62551891734894e-09,8.53397431608193e-08,"Nb_vs_rest","Other species higher"
"phkg1a",91.1743671525807,-8.9278133660536,1.54603675985921,1.69004800269177e-09,8.81476017090218e-08,"Nb_vs_rest","Other species higher"
"rpl11",616.893637525388,-9.86216433026804,1.73002446759914,1.79404782112976e-09,9.28324297612567e-08,"Nb_vs_rest","Other species higher"
"trappc8",131.617793849862,-9.15124748111657,1.5917276585384,1.80313616704195e-09,9.28324297612567e-08,"Nb_vs_rest","Other species higher"
"stx17",597.525371883504,-9.16325217136686,1.59513828522328,1.84556673002275e-09,9.42739797696105e-08,"Nb_vs_rest","Other species higher"
"phactr1",135.574555680678,-8.95825829112695,1.55609654018001,1.85476376238457e-09,9.42739797696105e-08,"Nb_vs_rest","Other species higher"
"arr3a",265.827696270724,-9.64405864016328,1.6955329831587,2.11575095350692e-09,1.06858813980919e-07,"Nb_vs_rest","Other species higher"
"fam118b",684.843210098522,-9.27251263999744,1.62690176626449,2.29840196363537e-09,1.14865640781763e-07,"Nb_vs_rest","Other species higher"
"neil1",126.176142460612,-8.90074902573759,1.55539899168535,2.31653814885511e-09,1.14865640781763e-07,"Nb_vs_rest","Other species higher"
"rbp4l",253.647686572023,-8.70258866602602,1.5175118872488,2.31746468243908e-09,1.14865640781763e-07,"Nb_vs_rest","Other species higher"
"pabpc1b",324.46819143273,-10.0681765715474,1.78672656140746,2.38981683903588e-09,1.17720607256212e-07,"Nb_vs_rest","Other species higher"
"gabrp",163.282108987629,-9.52315237300115,1.683005470268,2.63519450474828e-09,1.28402771344112e-07,"Nb_vs_rest","Other species higher"
"rad51",132.261516547709,-9.39633432417489,1.65805329766302,2.63885394742286e-09,1.28402771344112e-07,"Nb_vs_rest","Other species higher"
"PITPNM2",157.402612284903,-8.89290820157199,1.56304446716579,2.81448392141861e-09,1.35925314399235e-07,"Nb_vs_rest","Other species higher"
"rars2",892.454778149796,-4.71662650573157,0.802727180590739,2.82751907146278e-09,1.35925314399235e-07,"Nb_vs_rest","Other species higher"
"tmem184c",141.219012631672,-9.03229854722645,1.59374541580876,3.03614501796929e-09,1.45080462535299e-07,"Nb_vs_rest","Other species higher"
"adrm1",106.482742949103,-9.11259656385729,1.6103762566089,3.09542831689589e-09,1.45429948154927e-07,"Nb_vs_rest","Other species higher"
"si:ch211-165b10.3",214.941163897775,-9.0411745603449,1.59646327543191,3.09813172761123e-09,1.45429948154927e-07,"Nb_vs_rest","Other species higher"
"JMJD8",631.064591144211,-4.36205578764939,0.743017754026842,3.0905641142542e-09,1.45429948154927e-07,"Nb_vs_rest","Other species higher"
"zgc:171489",484.088264630637,-9.36375355437732,1.66421846975678,3.37405940497838e-09,1.57456105565658e-07,"Nb_vs_rest","Other species higher"
"prdx3",283.175231193298,-8.83952624475345,1.56167348411134,3.39801388196013e-09,1.5765203940722e-07,"Nb_vs_rest","Other species higher"
"l3mbtl1a",12.6188680360906,5.84396806204913,1.00797419131888,3.6189491888497e-09,1.66931875878732e-07,"Nb_vs_rest","Nb higher"
"ognb",261.007518255428,-9.16977626417471,1.63160678472781,3.77811459312992e-09,1.73272152029752e-07,"Nb_vs_rest","Other species higher"
"nfkbiab",527.986120819887,-9.30952232676181,1.66370811911611,4.11127581524815e-09,1.87474177175315e-07,"Nb_vs_rest","Other species higher"
"guca1c",435.620949827032,-9.86739576374109,1.77751880090901,4.19274904047739e-09,1.90103053085282e-07,"Nb_vs_rest","Other species higher"
"appb",192.250904179425,-8.78427412776688,1.56189139434238,4.26892461793127e-09,1.92463381079613e-07,"Nb_vs_rest","Other species higher"
"rfxank",68.612307788782,-8.78205609824294,1.5618826239722,4.30651976492996e-09,1.93067571483939e-07,"Nb_vs_rest","Other species higher"
"zrsr2",621.979861259918,-8.94571644813822,1.59547375267202,4.43663661693314e-09,1.97789721805176e-07,"Nb_vs_rest","Other species higher"
"hltf",860.710919270215,-9.24052255662069,1.65534921502301,4.55984814030783e-09,2.02153267553647e-07,"Nb_vs_rest","Other species higher"
"lrba",163.815372722927,-8.47102377185374,1.50683207317739,4.83959232701956e-09,2.13369871655338e-07,"Nb_vs_rest","Other species higher"
"ckbb",153.195447675506,-8.98622298424804,1.61009397835984,5.05981563552784e-09,2.19690292959637e-07,"Nb_vs_rest","Other species higher"
"cars2",929.844327711503,-8.70651295175678,1.55496810726101,5.06554058954552e-09,2.19690292959637e-07,"Nb_vs_rest","Other species higher"
"gmcl1",344.105366141888,-3.83428389651175,0.660869189306155,5.04988018465826e-09,2.19690292959637e-07,"Nb_vs_rest","Other species higher"
"KCTD15",231.944361439072,-9.05577524738094,1.62482888400352,5.15097159500232e-09,2.20993297463003e-07,"Nb_vs_rest","Other species higher"
"psme3ip1",135.775232671144,-8.48577450081492,1.51249772385917,5.13705019636886e-09,2.20993297463003e-07,"Nb_vs_rest","Other species higher"
"ybx1",846.563245633817,-5.66244528229572,0.98591793878655,5.19438424096618e-09,2.21664097555669e-07,"Nb_vs_rest","Other species higher"
"man2c1",144.318723433796,-9.16562429196219,1.65033464956882,5.51546591588233e-09,2.34113925578409e-07,"Nb_vs_rest","Other species higher"
"rabepk",849.889818825411,-4.04847389889525,0.700418408834621,5.5766337878844e-09,2.35457871044008e-07,"Nb_vs_rest","Other species higher"
"gpc6b",1138.26030721189,-9.54556838066233,1.72918838393711,5.71733904905925e-09,2.40128240060489e-07,"Nb_vs_rest","Other species higher"
"spata5l1",24.8474821787089,6.12019844015175,1.07214992655514,5.76352539525643e-09,2.40800694524326e-07,"Nb_vs_rest","Nb higher"
"WDR33",133.512566553165,-8.80854139878867,1.58330213140611,5.98120599114205e-09,2.48593874006841e-07,"Nb_vs_rest","Other species higher"
"rpl17",140.152886092209,-9.08863915811064,1.64020717604886,6.10293661626556e-09,2.52339037294296e-07,"Nb_vs_rest","Other species higher"
"gorasp1a",432.803191668694,-9.35916398354239,1.69561458743601,6.19150429809508e-09,2.54681465457726e-07,"Nb_vs_rest","Other species higher"
"ITM2A",108.031910736836,-8.80417161505214,1.58546471488851,6.35237207888566e-09,2.59958611228244e-07,"Nb_vs_rest","Other species higher"
"cramp1",140.525669605605,-8.9221787130481,1.61348209330868,6.93340613072073e-09,2.82288678179344e-07,"Nb_vs_rest","Other species higher"
"rad54l2",112.953480454578,-8.59672302330465,1.54956291776468,7.05427334424941e-09,2.85751783183301e-07,"Nb_vs_rest","Other species higher"
"zc2hc1a",106.6739939396,-8.60320459641849,1.55154730483588,7.15511560209029e-09,2.8837284093273e-07,"Nb_vs_rest","Other species higher"
"si:ch211-175m2.5",143.532726968447,-8.76431731910644,1.58467965047973,7.31557895622783e-09,2.93358392315066e-07,"Nb_vs_rest","Other species higher"
"p2rx5",509.059042866806,-8.93771380456566,1.61995866482275,7.39584208033553e-09,2.95094099005388e-07,"Nb_vs_rest","Other species higher"
"cog4",1089.3842420513,-8.98719882079371,1.63088422778894,7.53321704731811e-09,2.99079960386062e-07,"Nb_vs_rest","Other species higher"
"hif1an",89.1557478194351,6.27306723886813,1.10969902466572,7.67906102996165e-09,3.03360925837099e-07,"Nb_vs_rest","Nb higher"
"zp3c",179.344235189628,-9.31967765719109,1.70093803745126,7.88767929141616e-09,3.1006739283498e-07,"Nb_vs_rest","Other species higher"
"tmem86b",79.3891784680386,5.47987955109993,0.965160872187497,7.92923753044263e-09,3.10173115161432e-07,"Nb_vs_rest","Nb higher"
"alkbh2",240.329768434761,-8.88475061937586,1.6139217924012,8.07852049350342e-09,3.14471187991011e-07,"Nb_vs_rest","Other species higher"
"tiam2a",102.389495382097,-9.02507984849035,1.64341222979633,8.25671402030717e-09,3.19847465446851e-07,"Nb_vs_rest","Other species higher"
"fgf2",89.1755913829613,-8.47735257075606,1.53426496218695,8.35562931321510e-09,3.22115564828292e-07,"Nb_vs_rest","Other species higher"
"dnajc7",105.360119014907,-8.65784669174029,1.57092758563909,8.48053746772938e-09,3.25359081694618e-07,"Nb_vs_rest","Other species higher"
"saga",132.684243218991,-8.93078248136,1.62703517114331,8.687685399064e-09,3.31711624327898e-07,"Nb_vs_rest","Other species higher"
"mms19",119.36459103998,-8.64791029172748,1.57117192794881,8.86140256278511e-09,3.36733297385834e-07,"Nb_vs_rest","Other species higher"
"bcl2l13",254.414622943273,-8.99238181157307,1.64449732692684,9.53231814719013e-09,3.57696767207733e-07,"Nb_vs_rest","Other species higher"
"rab24",83.3100638856534,-8.57631630709207,1.56029058679362,9.48304810519012e-09,3.57696767207733e-07,"Nb_vs_rest","Other species higher"
"ttc34",6902.84599016596,-5.48842994131064,0.972185344863994,9.54754529013121e-09,3.57696767207733e-07,"Nb_vs_rest","Other species higher"
"zgc:56622",185.946054529693,-8.7521915093303,1.59869071012447,1.00633952504836e-08,3.72324312103224e-07,"Nb_vs_rest","Other species higher"
"daam1b",61.3275641460557,-8.61864409955161,1.57185399475671,1.00742164049744e-08,3.72324312103224e-07,"Nb_vs_rest","Other species higher"
"irf2bp1",56.4410010877801,-8.51714983720806,1.55153043915024,1.00779513050497e-08,3.72324312103224e-07,"Nb_vs_rest","Other species higher"
"rhot2",1927.64462480238,-8.60315662420646,1.56953573141653,1.02312016603109e-08,3.76244190088852e-07,"Nb_vs_rest","Other species higher"
"lipf",154.013853914084,-8.48826909044105,1.54807067718152,1.05521191241591e-08,3.86265645003623e-07,"Nb_vs_rest","Other species higher"
"zgc:162872",113.571187848232,-8.53127742946303,1.55693868459002,1.06045696485145e-08,3.86413085822582e-07,"Nb_vs_rest","Other species higher"
"cdc40",500.449927154118,-5.38817924913374,0.957101773726658,1.06765742512685e-08,3.87268466023284e-07,"Nb_vs_rest","Other species higher"
"nsa2",80.242706810495,-8.81620097030031,1.61520633621481,1.07651583734413e-08,3.88714768416569e-07,"Nb_vs_rest","Other species higher"
"wdr74",262.146137463015,-8.35335107294122,1.52442714451413,1.12772257155786e-08,4.05370545992419e-07,"Nb_vs_rest","Other species higher"
"ube2g1b",1559.29243386657,-8.71031527783448,1.59954236468164,1.2016214814326e-08,4.2999728349023e-07,"Nb_vs_rest","Other species higher"
"mars1",770.38659435403,-9.11310740966568,1.68340027913216,1.23128667362157e-08,4.38645877477684e-07,"Nb_vs_rest","Other species higher"
"fbxo3",81.4633741663733,-8.43881837185448,1.54671369389394,1.24957080299313e-08,4.43181111461562e-07,"Nb_vs_rest","Other species higher"
"mrpl35",144.789638161483,-8.61448457735463,1.58297122190723,1.26888560991367e-08,4.4804014013766e-07,"Nb_vs_rest","Other species higher"
"tyms",127.63912341513,-9.13103051652105,1.69157265859152,1.33188582841685e-08,4.68213608403809e-07,"Nb_vs_rest","Other species higher"
"gipc2",461.236315522972,-9.01093101019163,1.66985169363568,1.40879015194276e-08,4.93076553179967e-07,"Nb_vs_rest","Other species higher"
"ppifb",127.653511641826,-8.89745378821175,1.64762960692086,1.43996956229877e-08,4.95299875307939e-07,"Nb_vs_rest","Other species higher"
"polr1b",159.742136972868,-8.78151934160874,1.62366960196955,1.43689766800498e-08,4.95299875307939e-07,"Nb_vs_rest","Other species higher"
"snx8a",63.4914267548045,-8.50151570125172,1.56647882469343,1.4344475301827e-08,4.95299875307939e-07,"Nb_vs_rest","Other species higher"
"sec22ba",93.1940304721844,-8.37510272383168,1.5409317881914,1.43497519770328e-08,4.95299875307939e-07,"Nb_vs_rest","Other species higher"
"ctnnal1",78.4975179612762,-8.48335408160112,1.56376491981209,1.46137464183449e-08,5.00505134842885e-07,"Nb_vs_rest","Other species higher"
"smc4",190.291710307356,-8.76217499923977,1.62163379902968,1.4888267326326e-08,5.07728090872142e-07,"Nb_vs_rest","Other species higher"
"emp1",219.576303316982,6.37889944607728,1.15359823125863,1.51982112959004e-08,5.16092451665044e-07,"Nb_vs_rest","Nb higher"
"zgc:163098",310.512928466626,-8.48343155440675,1.56645953123469,1.53836363504524e-08,5.2017550032462e-07,"Nb_vs_rest","Other species higher"
"parp12a",193.615069685266,-8.57973953774105,1.58715177215309,1.57011837948381e-08,5.25578291655923e-07,"Nb_vs_rest","Other species higher"
"psmc3",79.144849818001,-8.43917025754386,1.55830698038474,1.5631935949427e-08,5.25578291655923e-07,"Nb_vs_rest","Other species higher"
"crym",879.109014181329,-4.60682738495329,0.824494624005896,1.57410039731536e-08,5.25578291655923e-07,"Nb_vs_rest","Other species higher"
"bmp6",436.389930257935,-9.20628385370671,1.71958907513915,1.64601922617837e-08,5.47301392704308e-07,"Nb_vs_rest","Other species higher"
"TMEM19",181.466969721391,3.81024915324172,0.681716932606812,1.76115663764082e-08,5.8315477047194e-07,"Nb_vs_rest","Nb higher"
"twf1a",88.0507728496103,-8.52193553546657,1.58249704727412,1.79583882912777e-08,5.92181564315687e-07,"Nb_vs_rest","Other species higher"
"DCAF7",150.505747873513,-9.22151677457809,1.7298743460819,1.8539645416395e-08,6.0883280009396e-07,"Nb_vs_rest","Other species higher"
"ampd1",12.1902530227753,7.2273089233135,1.32574141354119,1.88318506886004e-08,6.15894133176358e-07,"Nb_vs_rest","Nb higher"
"cirbpb",108.067724197338,-8.76206368783395,1.63508771835327,1.90088496733476e-08,6.16628538184202e-07,"Nb_vs_rest","Other species higher"
"dph7",402.730122606952,-8.69261300003781,1.62062403023005,1.89805263274801e-08,6.16628538184202e-07,"Nb_vs_rest","Other species higher"
"coasy",221.393411081097,-8.78670124126688,1.64130458579119,1.93867116751944e-08,6.26339915660126e-07,"Nb_vs_rest","Other species higher"
"tmbim1a",154.301676233875,-8.57807398369328,1.5985608571967,1.95334999290271e-08,6.27039125163756e-07,"Nb_vs_rest","Other species higher"
"mus81",380.839508408729,-8.54053263038823,1.59092225564257,1.95655065370646e-08,6.27039125163756e-07,"Nb_vs_rest","Other species higher"
"qrich1",159.556403328719,-8.66854900021609,1.61823787265479,1.98918876026371e-08,6.34949052276175e-07,"Nb_vs_rest","Other species higher"
"lysmd2",1066.39557980249,-8.79524397072722,1.64545230584978,2.02199485966157e-08,6.34952476397171e-07,"Nb_vs_rest","Other species higher"
"cep72",486.517909899319,-8.45958440115523,1.57564812404641,2.00650142719218e-08,6.34952476397171e-07,"Nb_vs_rest","Other species higher"
"hmgb2a",59.2691265780318,-8.33630406467066,1.5505497263676,2.01174026334162e-08,6.34952476397171e-07,"Nb_vs_rest","Other species higher"
"zgc:101679",342.387565277374,5.19047203225682,0.939375129213016,2.01854108372118e-08,6.34952476397171e-07,"Nb_vs_rest","Nb higher"
"ubtfl",281.897845526086,-4.22338414600731,0.760422232163014,2.028983477209e-08,6.34952476397171e-07,"Nb_vs_rest","Other species higher"
"cmbl",48.7808070081933,7.18501717107027,1.32289687551217,2.13416771047636e-08,6.65260091000053e-07,"Nb_vs_rest","Nb higher"
"ilf2",187.2418605894,-8.41844816252734,1.57081481818767,2.14659580506126e-08,6.66530526240811e-07,"Nb_vs_rest","Other species higher"
"zgc:175214",102.844397502702,-8.59063692927467,1.6074793400153,2.19241181166165e-08,6.78118071979068e-07,"Nb_vs_rest","Other species higher"
"fn1b",360.829317741883,-9.35152589046456,1.76965646014577,2.25827635807791e-08,6.95793256272655e-07,"Nb_vs_rest","Other species higher"
"dffb",453.977409743713,-8.80359250529162,1.65405493107112,2.28111023961893e-08,7.0012537354458e-07,"Nb_vs_rest","Other species higher"
"snx3",85.4080438640541,-8.3598455235665,1.56257631429384,2.3048417609932e-08,7.04698745315161e-07,"Nb_vs_rest","Other species higher"
"n6amt1",174.580222398111,-8.78805050190708,1.65189037165799,2.32495128216036e-08,7.08134016474798e-07,"Nb_vs_rest","Other species higher"
"ndufc2",2173.61503165387,-9.26576296446082,1.75504820703726,2.40086394343632e-08,7.28475067247978e-07,"Nb_vs_rest","Other species higher"
"tmed1b",183.37212409689,-8.50756447086919,1.5963288436426,2.44749217928821e-08,7.37018399649809e-07,"Nb_vs_rest","Other species higher"
"si:dkey-34d22.1",121.96597432327,-8.42422184339814,1.57899644569626,2.44379478712319e-08,7.37018399649809e-07,"Nb_vs_rest","Other species higher"
"grhpra",259.868936952404,-8.55258535065572,1.6074823212671,2.5285680994505e-08,7.58570429835149e-07,"Nb_vs_rest","Other species higher"
"exosc6",137.095345767119,-8.31961502425224,1.56109945703966,2.61697657897977e-08,7.79561746273593e-07,"Nb_vs_rest","Other species higher"
"ACTA1",34.3391367294805,6.27437292790823,1.15389119878767,2.61807704262309e-08,7.79561746273593e-07,"Nb_vs_rest","Nb higher"
"gbe1b",85.7694712893602,-8.61603636558752,1.62424746819196,2.6927866386704e-08,7.98568874868627e-07,"Nb_vs_rest","Other species higher"
"fbxl15",442.706400542602,5.47234866563038,1.00166080386382,2.71193189335085e-08,7.98568874868627e-07,"Nb_vs_rest","Nb higher"
"crnkl1",903.632251054609,-4.03683972370685,0.73290452263862,2.71187393999288e-08,7.98568874868627e-07,"Nb_vs_rest","Other species higher"
"rpsa",368.938844096014,-9.3897607120796,1.7901567568025,2.74041750749981e-08,8.03990136391489e-07,"Nb_vs_rest","Other species higher"
"aip",116.578947854439,-8.23228109792806,1.55100722066744,3.03363552383539e-08,8.81222131976496e-07,"Nb_vs_rest","Other species higher"
"nckap1",108.68640260704,-8.16768498776091,1.53757871168567,3.02891374434971e-08,8.81222131976496e-07,"Nb_vs_rest","Other species higher"
"sqstm1",101.808748731177,-8.01135927344196,1.50555946900091,3.03679306132251e-08,8.81222131976496e-07,"Nb_vs_rest","Other species higher"
"ggcta",147.604220818354,-8.43761339277436,1.59412639818175,3.05897367080093e-08,8.84442387427227e-07,"Nb_vs_rest","Other species higher"
"tmem223",53.1691791727854,-8.37763380614384,1.58213001487493,3.08714160060689e-08,8.89364258947401e-07,"Nb_vs_rest","Other species higher"
"arhgef16",411.039064287243,-8.54796394333196,1.61853847142387,3.13130343126841e-08,8.98841776313738e-07,"Nb_vs_rest","Other species higher"
"alas2",137.888572137253,-8.8387418861903,1.68062962568985,3.16593171065632e-08,9.03649679751243e-07,"Nb_vs_rest","Other species higher"
"mphosph10",375.92832497572,-8.63181403690803,1.63689283692219,3.17070063070612e-08,9.03649679751243e-07,"Nb_vs_rest","Other species higher"
"eif2b5",113.463551221197,-8.8316500879523,1.67947408509202,3.18476326900425e-08,9.04427433688751e-07,"Nb_vs_rest","Other species higher"
"fam174b",23.0470295760026,4.55022360315733,0.832876960615548,3.22125087280327e-08,9.11545459750713e-07,"Nb_vs_rest","Nb higher"
"sept8a",103.494511092481,-8.40237866930268,1.59090028204461,3.29436364102955e-08,9.28940701604799e-07,"Nb_vs_rest","Other species higher"
"usp39",1713.52331959662,-4.2139747087004,0.771313469391625,3.39807233112795e-08,9.54810464873276e-07,"Nb_vs_rest","Other species higher"
"mat1a",181.093198703709,-8.51242447508779,1.61652328497247,3.44597383983963e-08,9.62434844991083e-07,"Nb_vs_rest","Other species higher"
"lipca",252.033860812135,5.97484748827115,1.1063018848,3.44932789056954e-08,9.62434844991083e-07,"Nb_vs_rest","Nb higher"
"ncf2",216.852689447284,-8.5661054965379,1.62964361768829,3.55576903919278e-08,9.88355769774162e-07,"Nb_vs_rest","Other species higher"
"arrdc3b",37.4655218521491,-8.07990630006162,1.52816051064337,3.56699826685412e-08,9.88355769774162e-07,"Nb_vs_rest","Other species higher"
"ciao1",353.720473908958,-8.11976413333244,1.53871753615906,3.72248874744148e-08,1.02787059531429e-06,"Nb_vs_rest","Other species higher"
"scg3",97.7849100532275,-8.52252132423451,1.62545220395427,3.87847189870097e-08,1.06724847419427e-06,"Nb_vs_rest","Other species higher"
"flii",287.651203890817,3.93554570130561,0.722764161042099,3.92424142395019e-08,1.07613218429974e-06,"Nb_vs_rest","Nb higher"
"mcts1",54.8966503996068,-8.24800735408688,1.56965605273843,4.0180434357301e-08,1.09808173346323e-06,"Nb_vs_rest","Other species higher"
"ephx2",141.321109161775,-8.81104142699714,1.69404725436899,4.3588004430575e-08,1.18714087152215e-06,"Nb_vs_rest","Other species higher"
"rassf7a",96.0707172541484,-8.26784488810367,1.57891273681993,4.40078944140677e-08,1.19449999123898e-06,"Nb_vs_rest","Other species higher"
"rpl35",411.491805582439,-9.07349522365863,1.75238660933324,4.45368275120942e-08,1.20475892727631e-06,"Nb_vs_rest","Other species higher"
"dpagt1",126.311509077851,-9.19865159204205,1.78183502786731,4.59074486291822e-08,1.23764000020566e-06,"Nb_vs_rest","Other species higher"
"riox1",189.809698521208,-8.19166623357199,1.56575903641158,4.63207865369723e-08,1.24457870897319e-06,"Nb_vs_rest","Other species higher"
"opn1sw2",401.773466733748,-9.1036467391643,1.76339949445299,4.76762939437237e-08,1.27670075728495e-06,"Nb_vs_rest","Other species higher"
"klhl18",1005.45692811362,-8.56298120550504,1.64861570229607,4.96543400373092e-08,1.32080544499243e-06,"Nb_vs_rest","Other species higher"
"lonrf1l",180.048615039181,-8.28359213645504,1.58899878303052,4.95768883335062e-08,1.32080544499243e-06,"Nb_vs_rest","Other species higher"
"ubxn1",76.0215763169917,-8.24873424456985,1.58194626997495,4.98593195830445e-08,1.32185172848071e-06,"Nb_vs_rest","Other species higher"
"tjp2a",144.772427899799,-8.51039857349538,1.63844585808799,5.05741457035563e-08,1.33517827198314e-06,"Nb_vs_rest","Other species higher"
"ubxn2a",68.048532757701,-8.35584892752036,1.60561665890475,5.06966185978561e-08,1.33517827198314e-06,"Nb_vs_rest","Other species higher"
"degs1",61.0318760160352,-8.11474227728945,1.55529192795609,5.13144428297075e-08,1.34700412427982e-06,"Nb_vs_rest","Other species higher"
"tmub2",166.15885105619,-8.4596581280397,1.62967703939574,5.2386602505265e-08,1.36388425507078e-06,"Nb_vs_rest","Other species higher"
"ankdd1b",63.3367013017432,-8.38530203602548,1.61389081369519,5.24702338730238e-08,1.36388425507078e-06,"Nb_vs_rest","Other species higher"
"rdh1",99.3247196334117,5.54549779480136,1.0379712395967,5.22619300436416e-08,1.36388425507078e-06,"Nb_vs_rest","Nb higher"
"ubap2a",394.49801931756,-8.46899192849596,1.63292068101831,5.3498397949424e-08,1.36832440909104e-06,"Nb_vs_rest","Other species higher"
"nox1",156.192692195542,-8.36380321469898,1.61017885475342,5.32585183362546e-08,1.36832440909104e-06,"Nb_vs_rest","Other species higher"
"ephb2b",157.002741329498,-8.27072838759181,1.59049208554975,5.33634571278248e-08,1.36832440909104e-06,"Nb_vs_rest","Other species higher"
"csnk1a1",50.2095076031817,-8.01032997636565,1.5352280769196,5.30950034396254e-08,1.36832440909104e-06,"Nb_vs_rest","Other species higher"
"cacng1a",188.020527260862,-6.02868253556892,1.13325918669051,5.32558430102532e-08,1.36832440909104e-06,"Nb_vs_rest","Other species higher"
"capza1b",365.120307026028,4.70300649681464,0.876683799994562,5.4439681942198e-08,1.3879509964816e-06,"Nb_vs_rest","Nb higher"
"wfs1b",71.3362948910003,-8.35559385308576,1.61019309882431,5.48915598586303e-08,1.39501480150277e-06,"Nb_vs_rest","Other species higher"
"zgc:153738",79.291995698527,-8.30367679004858,1.60224862246613,5.79167572888798e-08,1.46722451798495e-06,"Nb_vs_rest","Other species higher"
"rpf1",278.25573200357,-8.51184573438521,1.64785824482219,5.88633186777929e-08,1.4864850729392e-06,"Nb_vs_rest","Other species higher"
"micu2",257.090127061714,-8.19851831456104,1.58105005697189,5.91315030346419e-08,1.48854698490991e-06,"Nb_vs_rest","Other species higher"
"cdadc1",307.28147061658,-8.35700398561228,1.61584938592162,6.01254465188708e-08,1.50880837490751e-06,"Nb_vs_rest","Other species higher"
"clu",253.290834654466,-8.58881788879761,1.66935622882902,6.37195938264883e-08,1.59398858537736e-06,"Nb_vs_rest","Other species higher"
"CASP6",325.157508248565,-8.77577923217874,1.71194791050997,6.555638473387e-08,1.63481234430088e-06,"Nb_vs_rest","Other species higher"
"adamts10",70.9329114852497,-8.49518695160466,1.65107564933923,6.585096303257e-08,1.63704263239847e-06,"Nb_vs_rest","Other species higher"
"dpp3",49.8300385262163,-8.04615073855649,1.55542405602924,6.65526321053678e-08,1.64934783913303e-06,"Nb_vs_rest","Other species higher"
"glb1l",51.3976160654746,-7.85905567757339,1.51629580411593,6.71060829710735e-08,1.65791499105005e-06,"Nb_vs_rest","Other species higher"
"esamb",231.364605776149,-8.40184583157798,1.63233121847324,6.74246580883026e-08,1.66064435661931e-06,"Nb_vs_rest","Other species higher"
"zgc:152951",10.432274042429,6.46207305986087,1.23016601851311,6.89626241575592e-08,1.69329766393022e-06,"Nb_vs_rest","Nb higher"
"caprin1a",354.992712345023,-8.03411077041267,1.55781373905737,7.25942253368006e-08,1.77156549904486e-06,"Nb_vs_rest","Other species higher"
"smndc1",413.273404911286,4.21423266289117,0.791108196561512,7.25661932719156e-08,1.77156549904486e-06,"Nb_vs_rest","Nb higher"
"pif1",580.791938974684,-8.51946360017288,1.66566920527841,7.65838495771847e-08,1.8632290232498e-06,"Nb_vs_rest","Other species higher"
"csnk2a4",57.5691713590309,-8.01625793183595,1.55843504517821,7.84251748910963e-08,1.90222764629468e-06,"Nb_vs_rest","Other species higher"
"myot",123.706131022479,5.32339973490979,1.01037719609783,8.1950212313198e-08,1.98170513411915e-06,"Nb_vs_rest","Nb higher"
"chd4a",80.5367361987653,-7.95877139061952,1.54903410007552,8.24635751544919e-08,1.98809465176086e-06,"Nb_vs_rest","Other species higher"
"slc26a5",214.323172889245,4.16348581465715,0.785807131120692,8.55724574063526e-08,2.05683195814064e-06,"Nb_vs_rest","Nb higher"
"naa20",302.753125835358,-8.05318193617442,1.572800966466,8.76430268575589e-08,2.10027433730727e-06,"Nb_vs_rest","Other species higher"
"msl2a",107.31065116419,-8.40526160267176,1.65086991703127,9.01415804712148e-08,2.14725317062774e-06,"Nb_vs_rest","Other species higher"
"guca1b",91.2242424948658,-8.33213222557982,1.6347532084892,8.9931729618945e-08,2.14725317062774e-06,"Nb_vs_rest","Other species higher"
"ncl",49.2101732447492,-7.93343301128323,1.54923226861325,9.09372194404291e-08,2.15975896171019e-06,"Nb_vs_rest","Other species higher"
"ywhabb",65.5293650256713,-7.80077145169518,1.52170867623275,9.22949172757466e-08,2.18549982154439e-06,"Nb_vs_rest","Other species higher"
"trpm5",36.8549161583148,-7.98669820897269,1.5618480757003,9.28065822117808e-08,2.19111398239648e-06,"Nb_vs_rest","Other species higher"
"kansl1a",776.151394143987,-8.24882409788818,1.61895092601027,9.34388030696556e-08,2.19953288641844e-06,"Nb_vs_rest","Other species higher"
"rps6",290.433561063392,-8.93641350543998,1.77180430650485,9.44614853117959e-08,2.21706662584744e-06,"Nb_vs_rest","Other species higher"
"thyn1",385.155971893803,-8.40125338297324,1.65342045074564,9.52261289088219e-08,2.22845896977243e-06,"Nb_vs_rest","Other species higher"
"slc18b1",80.8388990126307,-8.20825555330128,1.61186197043248,9.61433700912316e-08,2.24334530212874e-06,"Nb_vs_rest","Other species higher"
"tlk2",769.870680853145,-7.93526274410709,1.55455375831719,9.901174796063e-08,2.30353862602282e-06,"Nb_vs_rest","Other species higher"
"NT5C3B",377.10512008568,-8.57565907568898,1.69858168183152,1.05666576198647e-07,2.45121883158489e-06,"Nb_vs_rest","Other species higher"
"faf2",98.3655456216973,-7.86909251873774,1.54697997949917,1.11046387175739e-07,2.56855121641274e-06,"Nb_vs_rest","Other species higher"
"tmx2a",162.141953885808,-8.75313881087308,1.74396505546328,1.1505885703789e-07,2.65366959295481e-06,"Nb_vs_rest","Other species higher"
"clstn1",40.6435540022661,-7.85718656511336,1.54735932688132,1.16797782223029e-07,2.67829397166601e-06,"Nb_vs_rest","Other species higher"
"dgcr8",149.878021622317,-4.16282758316885,0.794222146473159,1.16683288941433e-07,2.67829397166601e-06,"Nb_vs_rest","Other species higher"
"RAB19",99.8281121865474,-8.07313738311721,1.59698339041518,1.22167090805237e-07,2.79339078689337e-06,"Nb_vs_rest","Other species higher"
"RSBN1L",91.6671651721708,-7.8565221717457,1.5504053393249,1.23319325937713e-07,2.81168063137986e-06,"Nb_vs_rest","Other species higher"
"si:dkey-183j2.10",801.676083338461,-8.72845447380607,1.74522356746526,1.27185706367022e-07,2.89157246954083e-06,"Nb_vs_rest","Other species higher"
"MYH9",109.255363420149,-8.47388999469223,1.68894190162689,1.28948054729682e-07,2.91649345968256e-06,"Nb_vs_rest","Other species higher"
"kcnma1a",12.7361112184996,5.14288239643838,0.99068483401958,1.29012805923301e-07,2.91649345968256e-06,"Nb_vs_rest","Nb higher"
"mrpl30",362.162974380729,-8.15552927585008,1.61882035956901,1.29861443642405e-07,2.92738508549828e-06,"Nb_vs_rest","Other species higher"
"viml",66.3221827934228,-7.90605372054405,1.56485579498959,1.31235784451472e-07,2.95003256316267e-06,"Nb_vs_rest","Other species higher"
"RNF5",14.8758389747185,4.76855888315094,0.917728410005128,1.34787628197651e-07,3.02136312645297e-06,"Nb_vs_rest","Nb higher"
"ap2s1",248.041170866551,-8.06758331458048,1.60197463478822,1.35178771505257e-07,3.02164312776456e-06,"Nb_vs_rest","Other species higher"
"si:dkey-40g16.6",243.304492019075,-8.10947996977093,1.61212797182899,1.37247396795441e-07,3.0593134816414e-06,"Nb_vs_rest","Other species higher"
"irak1bp1",104.6443587987,-8.26589537402578,1.6503167975939,1.45234692895082e-07,3.22833662758428e-06,"Nb_vs_rest","Other species higher"
"dmac2l",57.0853482607521,-7.89432080463212,1.56860312459316,1.45757663884089e-07,3.22957008049126e-06,"Nb_vs_rest","Other species higher"
"irak4",395.89008875881,4.38829642951733,0.845027211405715,1.46099598879367e-07,3.22957008049126e-06,"Nb_vs_rest","Nb higher"
"slc7a5",80.0093641991543,-8.39751240891196,1.68141194205252,1.49104898152592e-07,3.27784321558591e-06,"Nb_vs_rest","Other species higher"
"gatd1",206.222427353557,-7.92104508933613,1.57571319836249,1.48817041903149e-07,3.27784321558591e-06,"Nb_vs_rest","Other species higher"
"nck1b",334.84902703596,-7.99243023620748,1.59202477808916,1.50374092873524e-07,3.29666280530419e-06,"Nb_vs_rest","Other species higher"
"rlbp1b",131.437283434848,-8.84170495864339,1.78330973313101,1.51658768867062e-07,3.31571774125797e-06,"Nb_vs_rest","Other species higher"
"si:dkey-76k16.6",185.617330923392,-8.03360579897269,1.60422785957583,1.58146033203056e-07,3.4481020354109e-06,"Nb_vs_rest","Other species higher"
"soul3",40.3644106187467,-7.66232255834294,1.52320829148195,1.59056300151769e-07,3.45849938749622e-06,"Nb_vs_rest","Other species higher"
"hspd1",195.631056986452,-8.14200241614976,1.62992791174362,1.62409328011497e-07,3.52181097155365e-06,"Nb_vs_rest","Other species higher"
"cnot8",59.0232124451919,-8.12530627626015,1.62714199612727,1.6478426151646e-07,3.55399569432798e-06,"Nb_vs_rest","Other species higher"
"nop58",32.9206735262863,-7.88358579610637,1.57362235172619,1.64559265327468e-07,3.55399569432798e-06,"Nb_vs_rest","Other species higher"
"bicdl2",157.717760566702,-8.3904599587565,1.68805750720711,1.68785737497063e-07,3.61101926334199e-06,"Nb_vs_rest","Other species higher"
"sltm",105.569668050033,-7.89409811737059,1.57734637815084,1.68392318654334e-07,3.61101926334199e-06,"Nb_vs_rest","Other species higher"
"siah2l",37.1162335256248,-7.7617542582545,1.54834347106623,1.68547933937717e-07,3.61101926334199e-06,"Nb_vs_rest","Other species higher"
"col10a1b",48.2255181327042,-7.89899339819393,1.57890300723486,1.69707883717146e-07,3.62103987182573e-06,"Nb_vs_rest","Other species higher"
"preb",79.8084716259353,-8.02463027507663,1.60740756177131,1.71730640787394e-07,3.65109761719104e-06,"Nb_vs_rest","Other species higher"
"lmbrd1",39.3521799744295,-7.86071421927162,1.57130796968563,1.72031667175919e-07,3.65109761719104e-06,"Nb_vs_rest","Other species higher"
"atg4b",78.7712731037008,-8.14297027005303,1.63519603783956,1.75730471802573e-07,3.71970600791654e-06,"Nb_vs_rest","Other species higher"
"vps26b",103.838052624634,-7.90460203048893,1.58297341054176,1.77679898139614e-07,3.75102007183629e-06,"Nb_vs_rest","Other species higher"
"aldh3b1",303.468823602252,-7.73171406846366,1.5451201960475,1.78236976750871e-07,3.75285243923997e-06,"Nb_vs_rest","Other species higher"
"trir",77.8414568086667,-8.38278313188777,1.69305146966551,1.86563149953636e-07,3.91782614902636e-06,"Nb_vs_rest","Other species higher"
"ap1g2",326.357208730893,-8.00876010989209,1.60937678962333,1.87332410320408e-07,3.92365520828571e-06,"Nb_vs_rest","Other species higher"
"gemin4",154.795415558593,-7.85872721348751,1.5778817691673,1.92767605423617e-07,4.02692536984415e-06,"Nb_vs_rest","Other species higher"
"pdss1",661.523085746705,-8.04894049586862,1.620350455122,1.9336083737257e-07,4.02877149408122e-06,"Nb_vs_rest","Other species higher"
"micos13",253.45603622766,4.49965098716056,0.876241331284902,1.9539772348026e-07,4.06060894107416e-06,"Nb_vs_rest","Nb higher"
"f2",23.5534146061694,5.63156304509047,1.10630907377178,1.99350665087457e-07,4.13199560363092e-06,"Nb_vs_rest","Nb higher"
"ankzf1",243.39702907248,-8.25290580804176,1.66944992760895,2.03332834792552e-07,4.19275457789294e-06,"Nb_vs_rest","Other species higher"
"timm23a",202.198670631813,-7.90658207049101,1.59175266867675,2.0308504943808e-07,4.19275457789294e-06,"Nb_vs_rest","Other species higher"
"lamb1b",104.288784068111,-8.15485454135751,1.64999839398184,2.11700470258929e-07,4.35404575429447e-06,"Nb_vs_rest","Other species higher"
"nmur3",565.688948458448,-9.05111192498771,1.8577449535253,2.14346737794959e-07,4.39713873419994e-06,"Nb_vs_rest","Other species higher"
"snx24",80.7581682828888,4.70432568900357,0.922423068202967,2.27290181350872e-07,4.65070678764093e-06,"Nb_vs_rest","Nb higher"
"h1-0",63.5782333528596,-7.95363905845261,1.6113525782713,2.34235196938607e-07,4.78055465874701e-06,"Nb_vs_rest","Other species higher"
"ccn6",154.638412427635,-4.1834434748374,0.819033306027264,2.37689140454133e-07,4.83867178781627e-06,"Nb_vs_rest","Other species higher"
"ndufs7",50.6804345612293,-8.16707072034982,1.66121255921394,2.40370597586791e-07,4.8808075540524e-06,"Nb_vs_rest","Other species higher"
"ap5z1",128.184329604869,-8.05062556185941,1.63714960574722,2.48863778642508e-07,5.04043896844471e-06,"Nb_vs_rest","Other species higher"
"arl6ip1",77.3479331767951,-7.92448953766885,1.60948537700629,2.51828196861332e-07,5.0875671163378e-06,"Nb_vs_rest","Other species higher"
"psen1",157.45296500739,-7.87388855657304,1.59982670195281,2.58602330913771e-07,5.21122878962599e-06,"Nb_vs_rest","Other species higher"
"ERG28",296.706056970309,-8.28714015737689,1.6941073922342,2.60600727818891e-07,5.23827155666185e-06,"Nb_vs_rest","Other species higher"
"arfgap2",283.436472115097,-7.74706457413624,1.57277376648919,2.64214918903382e-07,5.29757550967082e-06,"Nb_vs_rest","Other species higher"
"kpna7",45.6821057881533,-7.74881868393694,1.57364147008579,2.662104975885e-07,5.32420995177e-06,"Nb_vs_rest","Other species higher"
"eif3g",86.5434365279491,-8.50153262520926,1.74653274845016,2.71681868525462e-07,5.42005327708296e-06,"Nb_vs_rest","Other species higher"
"sass6",638.351803339702,-9.18541234140152,1.90884643699247,2.72366290459281e-07,5.4201571019079e-06,"Nb_vs_rest","Other species higher"
"gnav1",172.378886331278,-8.56474756648681,1.76341465221728,2.79856490596599e-07,5.5553601864698e-06,"Nb_vs_rest","Other species higher"
"mrpl9",663.804548927021,-7.70274012146288,1.56673796233015,2.80960413993819e-07,5.56343450042351e-06,"Nb_vs_rest","Other species higher"
"lsm5",273.717260098667,-7.93370742912116,1.62032685677835,2.87976439193923e-07,5.68824748704829e-06,"Nb_vs_rest","Other species higher"
"grk1a",68.9824111175498,-7.74441539494956,1.57868306412703,2.92697975700408e-07,5.76723418787471e-06,"Nb_vs_rest","Other species higher"
"zgc:85777",318.957625137347,-3.72657910773843,0.733643902786411,2.94776686782645e-07,5.79388660227958e-06,"Nb_vs_rest","Other species higher"
"si:ch73-215d9.1",686.767669118698,-8.47282239705502,1.7467292748226,2.98761150447543e-07,5.85777390803783e-06,"Nb_vs_rest","Other species higher"
"ehbp1",30.1947596058574,-7.73064210388114,1.57709582097614,2.99687859963958e-07,5.86154196694212e-06,"Nb_vs_rest","Other species higher"
"slc38a10",50.1963645570202,-7.83522452437453,1.60102842586037,3.01373419182986e-07,5.88009751853356e-06,"Nb_vs_rest","Other species higher"
"skp2",277.595922108934,-8.19664253631471,1.68378359119543,3.03049843860398e-07,5.89838476586823e-06,"Nb_vs_rest","Other species higher"
"glula",34.0934142262799,-7.45252629804948,1.51902698890359,3.20345838811788e-07,6.21985351269603e-06,"Nb_vs_rest","Other species higher"
"sept7b",37.9002728114166,-7.92869941364289,1.62651448506157,3.21606236602329e-07,6.22916934001598e-06,"Nb_vs_rest","Other species higher"
"hacd1",183.765668286936,-8.22712408683401,1.69664650170557,3.29397673958633e-07,6.36463302225155e-06,"Nb_vs_rest","Other species higher"
"apba1b",158.375913479319,-7.66121639088908,1.56807474571614,3.32288998506154e-07,6.40499084077079e-06,"Nb_vs_rest","Other species higher"
"plpp6",28.2147583982903,-7.60696569813429,1.55627968466482,3.34451608863917e-07,6.43114178008206e-06,"Nb_vs_rest","Other species higher"
"cxcr5",98.6057355078911,-7.89265808754184,1.62189046452614,3.39358995953133e-07,6.4942081239952e-06,"Nb_vs_rest","Other species higher"
"yy1b",32.8162071848566,-7.44713389545703,1.52133088458372,3.39126876048144e-07,6.4942081239952e-06,"Nb_vs_rest","Other species higher"
"rpl10",130.894037147609,-8.39286885209347,1.73911460483566,3.47772426339434e-07,6.63929177557102e-06,"Nb_vs_rest","Other species higher"
"jph2",3542.14837802756,-8.0116919543568,1.6513836194779,3.5090392477315e-07,6.66717457068984e-06,"Nb_vs_rest","Other species higher"
"acod1",456.54486729657,-7.98026040381071,1.64407164858236,3.50389918221463e-07,6.66717457068984e-06,"Nb_vs_rest","Other species higher"
"eif2s3",86.2528262995633,-8.36012991904961,1.73263319796119,3.53443165790291e-07,6.69946903326965e-06,"Nb_vs_rest","Other species higher"
"ppfia2",56.5100525909115,-7.80998820317555,1.60782791531648,3.64607871169128e-07,6.89471756381432e-06,"Nb_vs_rest","Other species higher"
"wfdc2",161.195677086865,-7.83515218861979,1.61432803487702,3.68799123201304e-07,6.95748700507424e-06,"Nb_vs_rest","Other species higher"
"prdm4",32.2425880402673,5.48014062829336,1.1010805899762,3.71303061038068e-07,6.98820383746175e-06,"Nb_vs_rest","Nb higher"
"pbxip1a",41.9835612544889,-7.55834091808218,1.5534245274344,3.79858113710397e-07,7.1323946997858e-06,"Nb_vs_rest","Other species higher"
"rpl21",314.861341983708,-8.68714190922296,1.8156566922879,3.81136173132129e-07,7.13959310233425e-06,"Nb_vs_rest","Other species higher"
"armc7",86.0124675043837,-7.64609375203097,1.57391961604986,3.83666314697128e-07,7.17015735663485e-06,"Nb_vs_rest","Other species higher"
"gltpd2",1120.20899114213,-7.60875757560836,1.56785430232891,3.98139027200593e-07,7.42324634827275e-06,"Nb_vs_rest","Other species higher"
"eef1da",54.3248264892004,-8.06557281949324,1.67294238824602,4.0027643443284e-07,7.44570150763184e-06,"Nb_vs_rest","Other species higher"
"hsp90ab1",380.070124496277,-4.28711456962429,0.85704676478268,4.06337252034147e-07,7.54086342147092e-06,"Nb_vs_rest","Other species higher"
"srp14",42.1038329665315,-7.79353850215765,1.61179667802364,4.09342226928963e-07,7.57900457283787e-06,"Nb_vs_rest","Other species higher"
"nsmaf",277.893965721457,-8.40339795192453,1.75480591975258,4.15818641248306e-07,7.6810943452812e-06,"Nb_vs_rest","Other species higher"
"slc2a12",154.911006337153,-7.79997626188616,1.61500045018007,4.1998969370547e-07,7.74022576390219e-06,"Nb_vs_rest","Other species higher"
"rad51d",157.233183730782,-7.79103642793852,1.6147011312201,4.31037850534555e-07,7.92553467111924e-06,"Nb_vs_rest","Other species higher"
"arl3l2",65.8831454112381,-8.23404423577015,1.7185380024289,4.36894670175912e-07,7.99637492661416e-06,"Nb_vs_rest","Other species higher"
"PABPN1L",305.781223784342,-3.94788575961423,0.789860301514108,4.36813570016081e-07,7.99637492661416e-06,"Nb_vs_rest","Other species higher"
"ints10",31.8442589246929,-7.68917339437872,1.59391874470667,4.47900455841959e-07,8.17905180233142e-06,"Nb_vs_rest","Other species higher"
"myef2",34.1032976816328,-7.78380605489743,1.61636390763469,4.52730049157148e-07,8.24836938875352e-06,"Nb_vs_rest","Other species higher"
"hdac1",33.7861969488567,-7.49069868972226,1.54979340011724,4.55730644242214e-07,8.28412423930037e-06,"Nb_vs_rest","Other species higher"
"fasn",177.223294072887,-7.49108087539892,1.55055874647709,4.60546429899977e-07,8.33369730295196e-06,"Nb_vs_rest","Other species higher"
"aldocb",52.305263379073,-7.4741277617113,1.54658891897739,4.59699139435019e-07,8.33369730295196e-06,"Nb_vs_rest","Other species higher"
"dnajb12b",1030.03201267703,-8.23068055846134,1.72265545601714,4.67104630535579e-07,8.42321221102962e-06,"Nb_vs_rest","Other species higher"
"prph2la",119.647201127454,-8.03749883423127,1.6774099960859,4.67604387153649e-07,8.42321221102962e-06,"Nb_vs_rest","Other species higher"
"thrb",649.06552493464,-7.69245236544452,1.59903642180068,4.78074498323832e-07,8.56512675185557e-06,"Nb_vs_rest","Other species higher"
"wbp2nl",31.6676208651795,-7.53863865389327,1.56390277919136,4.78702572848068e-07,8.56512675185557e-06,"Nb_vs_rest","Other species higher"
"mak",668.420522525755,-3.34309446058859,0.669085124979343,4.77726131961825e-07,8.56512675185557e-06,"Nb_vs_rest","Other species higher"
"srprb",94.5245977367492,-7.55933696968731,1.56953719394698,4.85367214052044e-07,8.6649448951573e-06,"Nb_vs_rest","Other species higher"
"tprkb",62.1362283068892,-7.77877860503048,1.62336957090313,5.10171775177776e-07,9.08743474535414e-06,"Nb_vs_rest","Other species higher"
"alpl",44.8628348929355,-7.65579856790247,1.59551903779245,5.14264084501786e-07,9.13992738156848e-06,"Nb_vs_rest","Other species higher"
"itm2bb",123.164721700432,-8.40691444349448,1.77411702199617,5.30124324227984e-07,9.40087134964292e-06,"Nb_vs_rest","Other species higher"
"cd3eap",45.1248065845653,-7.39230545098008,1.53783350150596,5.3561245744188e-07,9.47713394764124e-06,"Nb_vs_rest","Other species higher"
"mmp28",134.898294859792,-7.98982011700253,1.67722113360411,5.44974798704138e-07,9.62145772933412e-06,"Nb_vs_rest","Other species higher"
"f2r",99.1273980745002,6.31569148648681,1.29922567228185,5.52316820253165e-07,9.72955458194318e-06,"Nb_vs_rest","Nb higher"
"zgc:92335",61.5560057870848,-8.14386240571334,1.71872042491331,5.84306841374411e-07,1.0270415405656e-05,"Nb_vs_rest","Other species higher"
"erlec1",36.9123769156059,-7.55402966970011,1.58119927859125,5.88963736170095e-07,1.03295178343678e-05,"Nb_vs_rest","Other species higher"
"edrf1",229.034802126525,-7.94531498097319,1.67326230873119,5.96348685457737e-07,1.04361019955104e-05,"Nb_vs_rest","Other species higher"
"psmb13a",101.729807692145,-8.43838847177061,1.79129787931815,5.99412666627704e-07,1.04439150211552e-05,"Nb_vs_rest","Other species higher"
"si:ch211-214j8.12",26.0463497511207,-7.29288820716161,1.52240862449434,5.99361223488357e-07,1.04439150211552e-05,"Nb_vs_rest","Other species higher"
"setb",22.8324197607229,-7.30985249364006,1.52663589796942,6.02638917009274e-07,1.04772517597691e-05,"Nb_vs_rest","Other species higher"
"rps16",196.074162247984,-8.41778318037651,1.78767590917995,6.0985410597689e-07,1.05796429689034e-05,"Nb_vs_rest","Other species higher"
"nt5dc2",45.1861956666502,-7.62449790480048,1.60135863453882,6.23198956323986e-07,1.07876955997081e-05,"Nb_vs_rest","Other species higher"
"cdc42ep1a",147.976416409674,-7.93158760576941,1.67416320938751,6.31352758333071e-07,1.08933204901635e-05,"Nb_vs_rest","Other species higher"
"atg12",589.324508305958,-7.60390522079413,1.59754251671053,6.32031000870389e-07,1.08933204901635e-05,"Nb_vs_rest","Other species higher"
"hmgcl",56.2383432427102,-7.91063467936714,1.66950017463866,6.3378683910263e-07,1.09000408966357e-05,"Nb_vs_rest","Other species higher"
"usp30",107.645625749633,-8.36021289359614,1.77808244307339,6.44333946616487e-07,1.10119106974014e-05,"Nb_vs_rest","Other species higher"
"ctsd",75.0937541974494,-7.88690352419625,1.6654206380682,6.47191242742011e-07,1.10119106974014e-05,"Nb_vs_rest","Other species higher"
"aprt",61.7216690542002,-7.80466523975767,1.64590603273579,6.45679256355329e-07,1.10119106974014e-05,"Nb_vs_rest","Other species higher"
"psma1",50.9006526694589,-7.74426698483529,1.6317983515529,6.46131925168404e-07,1.10119106974014e-05,"Nb_vs_rest","Other species higher"
"atg13",520.738743093468,3.85709708061569,0.783198275207486,6.45548240781378e-07,1.10119106974014e-05,"Nb_vs_rest","Nb higher"
"mrto4",82.5411194485143,-7.61744876149022,1.60305484677248,6.54115943783579e-07,1.11060536838148e-05,"Nb_vs_rest","Other species higher"
"egfl7",45.2803591263928,-8.01277699910852,1.69713014466157,6.64327265045269e-07,1.11842438292431e-05,"Nb_vs_rest","Other species higher"
"ccdc51",1180.12945099997,-7.91910223887453,1.67454833679069,6.60926457989657e-07,1.11842438292431e-05,"Nb_vs_rest","Other species higher"
"hif1al",150.453675227354,-7.63377424677091,1.60781593934406,6.63233132573932e-07,1.11842438292431e-05,"Nb_vs_rest","Other species higher"
"adsl",8.64454788283099,5.81814707462011,1.19991392207579,6.6179812659482e-07,1.11842438292431e-05,"Nb_vs_rest","Nb higher"
"SPATA1",351.812654882492,-7.99589452520724,1.69330304978251,6.65973771247344e-07,1.11883593569554e-05,"Nb_vs_rest","Other species higher"
"kif20a",89.892706338048,-7.86563746907638,1.6629717681134,6.70553671541746e-07,1.12416350817293e-05,"Nb_vs_rest","Other species higher"
"atp6v1g1",26.5516910746601,-7.24589108483972,1.51905980801032,6.7210961084453e-07,1.1244097892116e-05,"Nb_vs_rest","Other species higher"
"hspbap1",71.1481055780715,-7.55750059689842,1.59117139347067,6.74013135061962e-07,1.12523531753022e-05,"Nb_vs_rest","Other species higher"
"irf3",2214.81666560945,-5.08459722999256,1.04302371893765,6.77284459660541e-07,1.12833611442403e-05,"Nb_vs_rest","Other species higher"
"cdh15",163.261308302229,-8.01626918315614,1.69978158754521,6.80789230338095e-07,1.13181209543708e-05,"Nb_vs_rest","Other species higher"
"epn2",60.7373863676282,-7.34704728260197,1.54353960809734,6.84881473679423e-07,1.13624826610432e-05,"Nb_vs_rest","Other species higher"
"mapk6",27.4831489951147,-7.33600862194316,1.54183292685577,6.93605217532244e-07,1.14833394935836e-05,"Nb_vs_rest","Other species higher"
"ppiab",136.816020239045,-8.16252672599519,1.73744940390838,7.05349707633467e-07,1.16536038652486e-05,"Nb_vs_rest","Other species higher"
"med21",96.1917305212247,-7.6829741654638,1.62384924147214,7.07587581783614e-07,1.1666423352548e-05,"Nb_vs_rest","Other species higher"
"ARHGEF26",22.7201782642111,4.04582794020231,0.825795765301654,7.15107288568159e-07,1.17660951809771e-05,"Nb_vs_rest","Nb higher"
"mdh2",35.4072994970493,-7.21758425543926,1.51677994767728,7.17200361642918e-07,1.17762528516677e-05,"Nb_vs_rest","Other species higher"
"slc6a6b",30.4186945560541,-7.52809171480678,1.58963367052388,7.28128871356712e-07,1.19311465984118e-05,"Nb_vs_rest","Other species higher"
"n4bp3",156.158062657883,-7.43808092347153,1.569845831183,7.40579980230577e-07,1.2110303775082e-05,"Nb_vs_rest","Other species higher"
"zgc:123238",660.081061339133,-7.72793921731564,1.63837771008319,7.48068919862549e-07,1.22077504713766e-05,"Nb_vs_rest","Other species higher"
"cers5",173.597808021799,-7.69679375792913,1.63130669522541,7.50856242510276e-07,1.22282302351673e-05,"Nb_vs_rest","Other species higher"
"rpl13a",200.920863972293,-8.55186708505116,1.83816716460743,7.58863375183727e-07,1.23334617799718e-05,"Nb_vs_rest","Other species higher"
"ift22",1022.26923361408,-8.42403203985083,1.8075541745676,7.66799770657449e-07,1.23617417572655e-05,"Nb_vs_rest","Other species higher"
"hpgd",183.10001414689,-7.75970535996103,1.64762900566054,7.6650093506402e-07,1.23617417572655e-05,"Nb_vs_rest","Other species higher"
"glt1d1",63.1271652141901,-7.48023091784883,1.58184807241462,7.64708806678215e-07,1.23617417572655e-05,"Nb_vs_rest","Other species higher"
"wasf1",27.0614626594139,-7.4563851952576,1.57621284752649,7.63842298693706e-07,1.23617417572655e-05,"Nb_vs_rest","Other species higher"
"tmem165",330.06218861687,-7.59732933859995,1.61039861090478,7.77521508074902e-07,1.25093178113664e-05,"Nb_vs_rest","Other species higher"
"farp2",29.5979370316735,-7.67618003707782,1.63113234866234,8.01715257702361e-07,1.28726111800097e-05,"Nb_vs_rest","Other species higher"
"ndufb7",188.633672960924,-7.97436495391765,1.70235380701792,8.0499663043209e-07,1.28993435960805e-05,"Nb_vs_rest","Other species higher"
"mlycd",20.5559163778039,-7.21544706548533,1.52485962478462,8.17412774298504e-07,1.30720519817677e-05,"Nb_vs_rest","Other species higher"
"hgs",41.1384403474119,-7.84113087076881,1.67225933210035,8.24082682497978e-07,1.31523596126677e-05,"Nb_vs_rest","Other species higher"
"zdhhc15b",177.995881110788,-7.65564587143879,1.6287461205696,8.29732043212746e-07,1.3216091227221e-05,"Nb_vs_rest","Other species higher"
"prrg1",183.46344037116,-7.6551260744841,1.6291684344828,8.36060772453699e-07,1.32903684545429e-05,"Nb_vs_rest","Other species higher"
"hypk",794.867843222169,-3.5979292296798,0.737946438892831,8.59051212942053e-07,1.36286852470727e-05,"Nb_vs_rest","Other species higher"
"hnrnph3",84.6332188352039,-7.64840880178008,1.63093306357171,8.75953694275343e-07,1.38692668260263e-05,"Nb_vs_rest","Other species higher"
"itgbl1",174.13376318341,-4.30671218162155,0.887856752509516,8.78169786365581e-07,1.38768215746482e-05,"Nb_vs_rest","Other species higher"
"march6",28.9146449631231,-7.38311435273855,1.56948819598738,8.88539387173847e-07,1.40129334182753e-05,"Nb_vs_rest","Other species higher"
"si:dkey-174m14.3",171.847173852132,-7.8871601405961,1.68920714233391,8.92198245478364e-07,1.40428836270559e-05,"Nb_vs_rest","Other species higher"
"etfdh",81.78338616302,-7.46044097197096,1.58832130645264,8.97550255984987e-07,1.40993130762996e-05,"Nb_vs_rest","Other species higher"
"rd3",108.235294293696,-7.60334126166209,1.62239955596162,9.02347335615095e-07,1.41190818396244e-05,"Nb_vs_rest","Other species higher"
"brat1",138.562421354176,-7.44297015899583,1.58446651301149,9.00760144004538e-07,1.41190818396244e-05,"Nb_vs_rest","Other species higher"
"nat10",51.1783220259533,-7.38149423116926,1.57058464054796,9.07760162265441e-07,1.41759806162e-05,"Nb_vs_rest","Other species higher"
"ecsit",72.6884640931539,-7.42308487882689,1.58094895773487,9.15774134687343e-07,1.42731984273535e-05,"Nb_vs_rest","Other species higher"
"RPL27A",88.5572708948936,-8.06151935091379,1.73456218531071,9.30809753983406e-07,1.44792628397419e-05,"Nb_vs_rest","Other species higher"
"atp6v1d",256.952169898109,-7.88990346266202,1.69339116664394,9.34701058759823e-07,1.45115067099288e-05,"Nb_vs_rest","Other species higher"
"dgke",278.616106871564,-7.8870602143871,1.69409267752898,9.51889935398983e-07,1.47496731737551e-05,"Nb_vs_rest","Other species higher"
"mrpl48",31.6002086395975,-7.4879709231283,1.59910997896507,9.54145328434128e-07,1.4755968451365e-05,"Nb_vs_rest","Other species higher"
"fam199x",32.1770437094506,-7.40316708817306,1.58133466060532,9.84711432258929e-07,1.51992209466659e-05,"Nb_vs_rest","Other species higher"
"znhit3",69.0701246832925,4.18294603615093,0.866268873622462,1.00015016795183e-06,1.54077188035822e-05,"Nb_vs_rest","Nb higher"
"ccl25b",131.426957932386,-8.40958588588081,1.82708398331819,1.01319778720698e-06,1.55786480576333e-05,"Nb_vs_rest","Other species higher"
"lpin2",137.169286799431,-7.52003306506772,1.61169269125022,1.02326518549523e-06,1.57031849620229e-05,"Nb_vs_rest","Other species higher"
"sgce",51.4771587428821,-7.48714332488199,1.60433397284112,1.02960205935484e-06,1.57701044791777e-05,"Nb_vs_rest","Other species higher"
"cdc42se2",38.0352008315127,-7.49532749006757,1.6065813731202,1.03401920007911e-06,1.58074199552324e-05,"Nb_vs_rest","Other species higher"
"cpe",59.0382989549557,-8.07655271556066,1.7477450222475,1.04983388099454e-06,1.60184978400314e-05,"Nb_vs_rest","Other species higher"
"rps15",159.829088297683,-8.20354414350684,1.7791223477658,1.0520411248528e-06,1.60215423212316e-05,"Nb_vs_rest","Other species higher"
"fam83hb",45.6368103826026,-7.48979578173428,1.60669137736373,1.05472163423836e-06,1.60317688404231e-05,"Nb_vs_rest","Other species higher"
"rufy3",45.1556420670501,-7.67284881994868,1.65079929429821,1.06116818113749e-06,1.6068542856693e-05,"Nb_vs_rest","Other species higher"
"cactin",26.595205274193,-7.3069027863423,1.56385820356627,1.06074879974019e-06,1.6068542856693e-05,"Nb_vs_rest","Other species higher"
"myh11a",46.3727131333591,-7.49650463267314,1.60910051856252,1.06675101005431e-06,1.61224868565027e-05,"Nb_vs_rest","Other species higher"
"PDCL3",77.4629443108685,-7.67573568705329,1.65322948445071,1.08622675635385e-06,1.63548858786863e-05,"Nb_vs_rest","Other species higher"
"cnbpa",35.1529649174141,-7.56527564038057,1.62667118886945,1.08444283411486e-06,1.63548858786863e-05,"Nb_vs_rest","Other species higher"
"cdt1",70.6308715910219,-7.51274306263613,1.61454612239586,1.09038611818301e-06,1.63865936404904e-05,"Nb_vs_rest","Other species higher"
"ncaldb",78.1264881055154,-8.17321595782398,1.77485284946957,1.0942373531792e-06,1.6413560297688e-05,"Nb_vs_rest","Other species higher"
"dnajc15",329.401968208987,4.89388293885343,1.02278781832722,1.10231471406388e-06,1.65036987208814e-05,"Nb_vs_rest","Nb higher"
"inpp5e",29.4677790370944,-7.56334755231178,1.62820835815129,1.1144395373008e-06,1.66539840967423e-05,"Nb_vs_rest","Other species higher"
"znf410",37.1899714599176,-7.40062571910788,1.59043273857882,1.12953559820402e-06,1.68480263059217e-05,"Nb_vs_rest","Other species higher"
"cyp3a65",72.8370963429232,-7.43655533055655,1.60049866312673,1.15388769278093e-06,1.717914885894e-05,"Nb_vs_rest","Other species higher"
"rps25",131.655338068461,-8.25423556723151,1.79966033715116,1.15863838306764e-06,1.71909915220242e-05,"Nb_vs_rest","Other species higher"
"calr3b",34.3274863746855,-7.72246267769927,1.66935783558706,1.15899165900364e-06,1.71909915220242e-05,"Nb_vs_rest","Other species higher"
"tceanc2",352.962027309277,-7.73641250948949,1.67324581767854,1.16690458072764e-06,1.72762496367469e-05,"Nb_vs_rest","Other species higher"
"sirt4",11.2996338083645,7.4819656827487,1.6122703085859,1.16913089266253e-06,1.72771565249019e-05,"Nb_vs_rest","Nb higher"
"tpm4b",71.3261497757197,-7.87982422099921,1.70924753621792,1.18487765292671e-06,1.7477492921174e-05,"Nb_vs_rest","Other species higher"
"sema3ga",56.4198363737227,-7.5421966311183,1.62852222716403,1.19895303865219e-06,1.76524820082001e-05,"Nb_vs_rest","Other species higher"
"pold1",360.601036203495,-7.5829187587929,1.64001233573219,1.22694367565698e-06,1.80313269461192e-05,"Nb_vs_rest","Other species higher"
"tas1r1",83.1265065433348,-7.3488743298273,1.5849095560345,1.241882684479e-06,1.82173232024677e-05,"Nb_vs_rest","Other species higher"
"slc30a7",158.825260969859,-7.21094422896185,1.55248454999353,1.24697350753609e-06,1.82584377800697e-05,"Nb_vs_rest","Other species higher"
"cbr1",26.20640380391,-7.22674824984282,1.5566348185337,1.25433624239236e-06,1.83326066195806e-05,"Nb_vs_rest","Other species higher"
"tcea1",28.6170281865095,-7.34469229631718,1.58539825735697,1.267889047551e-06,1.84203566639173e-05,"Nb_vs_rest","Other species higher"
"aqp11",58.5671604186149,-7.3148338117442,1.57826235593499,1.26735379738908e-06,1.84203566639173e-05,"Nb_vs_rest","Other species higher"
"prkcsh",30.950673956018,-7.12521131651197,1.53348873973677,1.26957345428001e-06,1.84203566639173e-05,"Nb_vs_rest","Other species higher"
"trappc2l",476.778104433948,-3.61940275566052,0.754457794363677,1.26901539042134e-06,1.84203566639173e-05,"Nb_vs_rest","Other species higher"
"polg",23.7434022463451,-7.34730472108769,1.58666612838735,1.27934793526372e-06,1.85284873383021e-05,"Nb_vs_rest","Other species higher"
"sympk",35.436295164024,-7.3580943764256,1.58963384974647,1.28640351482662e-06,1.85969203773848e-05,"Nb_vs_rest","Other species higher"
"pmvk",1035.29279727773,4.4244007620722,0.927588743963213,1.29023900292861e-06,1.86186387764381e-05,"Nb_vs_rest","Nb higher"
"prickle1b",47.55147646492,-7.45871106028324,1.61432274798162,1.29754851290902e-06,1.86903197346823e-05,"Nb_vs_rest","Other species higher"
"zswim7",243.576643094086,-7.54968806240281,1.63661530663172,1.3049918386643e-06,1.87299188355057e-05,"Nb_vs_rest","Other species higher"
"ybey",224.998215134565,3.38179136117677,0.704807239288581,1.30302618920654e-06,1.87299188355057e-05,"Nb_vs_rest","Nb higher"
"crip2",45.7119211577341,-7.58566697629373,1.64554973791744,1.30945078811411e-06,1.87601746663386e-05,"Nb_vs_rest","Other species higher"
"dlat",20.513087752451,-7.17669710634195,1.54850818394859,1.32289664928651e-06,1.89188445543124e-05,"Nb_vs_rest","Other species higher"
"timm29",17.9269344516728,4.56284832217366,0.959087597863869,1.33943616530461e-06,1.91211101952251e-05,"Nb_vs_rest","Nb higher"
"cwc15",21.9522963651308,-7.20061650233775,1.556588142238,1.36902900758152e-06,1.95086633580367e-05,"Nb_vs_rest","Other species higher"
"si:ch211-156l18.7",62.9040870736047,-7.8736436094046,1.72085903225471,1.3984853496624e-06,1.98488384263597e-05,"Nb_vs_rest","Other species higher"
"TENT5A",25.059426629291,-7.47496972563496,1.62386868092596,1.4003629115339e-06,1.98488384263597e-05,"Nb_vs_rest","Other species higher"
"itga6b",26.3856570063707,-7.06459844326419,1.52585922251349,1.39876776474046e-06,1.98488384263597e-05,"Nb_vs_rest","Other species higher"
"skp1",50.3439254513887,-7.51751215743696,1.6358601977773,1.43292290317524e-06,2.02743346938624e-05,"Nb_vs_rest","Other species higher"
"serbp1b",28.4977894289901,-7.25077868134103,1.57219050670275,1.44125960681083e-06,2.03561976324786e-05,"Nb_vs_rest","Other species higher"
"slc12a4",33.4659731559377,-7.60573237183691,1.65896009589237,1.46535582418768e-06,2.05834220699185e-05,"Nb_vs_rest","Other species higher"
"chchd10",41.6082490446997,-7.32769980399946,1.59184162610006,1.46622111976983e-06,2.05834220699185e-05,"Nb_vs_rest","Other species higher"
"FAR2",96.680096133277,-7.28554370987751,1.58181005568693,1.46766505736637e-06,2.05834220699185e-05,"Nb_vs_rest","Other species higher"
"slc25a42",75.5790880970579,-7.18537640354412,1.55755411276468,1.46083603045014e-06,2.05834220699185e-05,"Nb_vs_rest","Other species higher"
"ADAP1",78.5759142665678,-7.30385481104173,1.58665843924351,1.47704239788911e-06,2.06785935704475e-05,"Nb_vs_rest","Other species higher"
"hspa5",26.2871351363502,-7.18093984356144,1.55743480542236,1.48026601576406e-06,2.06874304830074e-05,"Nb_vs_rest","Other species higher"
"serinc1",37.935263812212,-7.4213680423805,1.61628672682126,1.50466702844717e-06,2.09550486684265e-05,"Nb_vs_rest","Other species higher"
"elmo3",50.1429404980976,-7.33078382379315,1.59437685314324,1.50270490730757e-06,2.09550486684265e-05,"Nb_vs_rest","Other species higher"
"scpep1",48.5843509110906,-7.92808306223052,1.74063970529163,1.51224395369954e-06,2.10238793563107e-05,"Nb_vs_rest","Other species higher"
"pcsk2",11922.9504838158,-7.86799219910364,1.72608908257721,1.51847143068194e-06,2.10737426379859e-05,"Nb_vs_rest","Other species higher"
"actb1",77.6312131582834,-7.81576888323095,1.71441249318701,1.54173938037625e-06,2.13595143322959e-05,"Nb_vs_rest","Other species higher"
"naa30",180.048725568755,-7.27307460957427,1.58269288201114,1.54817020359504e-06,2.14114353980735e-05,"Nb_vs_rest","Other species higher"
"mars2",332.173192202439,-7.34717410653932,1.60347452865216,1.61157837275919e-06,2.22498190564332e-05,"Nb_vs_rest","Other species higher"
"cep83",57.0551043040128,-7.5460542415671,1.65214566032384,1.62034794129397e-06,2.23322566002174e-05,"Nb_vs_rest","Other species higher"
"eif2s2",35.8703097082879,-7.3611656039723,1.60773658637201,1.63083522183332e-06,2.24380432245342e-05,"Nb_vs_rest","Other species higher"
"mad2l1bp",159.293325585529,-7.1263940094425,1.55301549003317,1.67040736318943e-06,2.29429445064573e-05,"Nb_vs_rest","Other species higher"
"she",20.0883570889504,-7.22157947797167,1.57634559337974,1.68184543196336e-06,2.30603548918687e-05,"Nb_vs_rest","Other species higher"
"nol7",824.157930549232,-3.87698091764397,0.819656812646158,1.70929016119233e-06,2.33964588101454e-05,"Nb_vs_rest","Other species higher"
"gstz1",21.2233015588534,-7.24657368257649,1.58377002991812,1.71451508292319e-06,2.3427791715286e-05,"Nb_vs_rest","Other species higher"
"RPL5",241.72269539038,3.49004410597679,0.736420461450542,1.72196327688437e-06,2.34893452128842e-05,"Nb_vs_rest","Nb higher"
"nrf1",11.0360732635335,4.31947934054284,0.916316720466308,1.72832879824826e-06,2.35359450682954e-05,"Nb_vs_rest","Nb higher"
"ctsf",23.5476931406776,-7.04605336995307,1.53662279326782,1.73801802220659e-06,2.36275703870675e-05,"Nb_vs_rest","Other species higher"
"tefa",27.3379695327641,-7.4003712866348,1.62225282325422,1.74347385789403e-06,2.36614309285619e-05,"Nb_vs_rest","Other species higher"
"rplp0",203.316665905717,-8.42196901732231,1.87821213389449,1.74942388743449e-06,2.36616993588598e-05,"Nb_vs_rest","Other species higher"
"zgc:92040",293.14916567422,-7.47664685173036,1.64106293966419,1.74864545651723e-06,2.36616993588598e-05,"Nb_vs_rest","Other species higher"
"cep104",36.3126729214687,-7.48258133957858,1.64306881826173,1.76135432401398e-06,2.37827538166355e-05,"Nb_vs_rest","Other species higher"
"sparc",157.572446904939,-7.87443055710582,1.74097280916973,1.78591234234051e-06,2.40736156957386e-05,"Nb_vs_rest","Other species higher"
"aatkb",20.3331343224857,-7.03424823291371,1.53602372490157,1.79343771094349e-06,2.41342882518197e-05,"Nb_vs_rest","Other species higher"
"aspg",33.0953376543934,-7.56926828457476,1.66731032535085,1.83039009923259e-06,2.45487613308842e-05,"Nb_vs_rest","Other species higher"
"usp11",162.968857543461,-7.30245042155124,1.6021213440595,1.83023507494532e-06,2.45487613308842e-05,"Nb_vs_rest","Other species higher"
"zgc:86609",183.326577936974,-7.74279452530359,1.7113782760059,1.85712590563049e-06,2.48655448438445e-05,"Nb_vs_rest","Other species higher"
"neurl4",84.5596813548206,-7.09113735635681,1.55278867302629,1.87336777255072e-06,2.50409963567081e-05,"Nb_vs_rest","Other species higher"
"pkmb",13.0118842548684,5.2613307277701,1.12931255435574,1.90278504335339e-06,2.53916800099667e-05,"Nb_vs_rest","Nb higher"
"acsl4a",81.4485754215483,-7.59236510538692,1.67689957039139,1.92286608667744e-06,2.56168136422137e-05,"Nb_vs_rest","Other species higher"
"mat2aa",1190.76174636171,-7.56403865236874,1.67010511479145,1.92767996708973e-06,2.56381435622934e-05,"Nb_vs_rest","Other species higher"
"slc25a3b",42.2402694274203,-7.40139026154252,1.63084452552247,1.94510506486996e-06,2.58268526084231e-05,"Nb_vs_rest","Other species higher"
"bcl9l",66.8144417595086,-7.85877377802866,1.74439676941433,1.95057186189264e-06,2.58564177041583e-05,"Nb_vs_rest","Other species higher"
"msh5",128.077640545047,-7.97427305913199,1.77385258986746,1.95896983564537e-06,2.59246754368989e-05,"Nb_vs_rest","Other species higher"
"TMEM47",183.592353104337,-7.54289401704846,1.66743744091654,1.9908371287048e-06,2.63027819322257e-05,"Nb_vs_rest","Other species higher"
"hdx",38.5870726393753,-7.55103935933111,1.67041788542921,2.01530479081881e-06,2.6582036745015e-05,"Nb_vs_rest","Other species higher"
"fermt3b",75.2485708037866,-7.3074187381015,1.61088416707492,2.02323538337243e-06,2.66426045533202e-05,"Nb_vs_rest","Other species higher"
"camk1b",21.3254138272482,-7.18197301070944,1.58153222997545,2.05552834323608e-06,2.70232556491333e-05,"Nb_vs_rest","Other species higher"
"aldh2.2",34.7025815224022,-7.51421453536565,1.66338276996177,2.06849416093715e-06,2.71489858623e-05,"Nb_vs_rest","Other species higher"
"opn6a",39.967285798042,-7.11674150916358,1.56679813384138,2.08597770230536e-06,2.73335009267599e-05,"Nb_vs_rest","Other species higher"
"rcbtb1",36.9623064507987,-7.08907816503055,1.56053881454527,2.09849601740028e-06,2.74524560964824e-05,"Nb_vs_rest","Other species higher"
"luc7l3",26.7003413092136,-7.1537716780304,1.57635006908124,2.10216887024186e-06,2.74554952283634e-05,"Nb_vs_rest","Other species higher"
"got2a",21.0858134085684,-6.9886672835828,1.53655522515588,2.10611872268259e-06,2.74621362859593e-05,"Nb_vs_rest","Other species higher"
"rfc2",1650.67535833487,-4.16490827352478,0.890312458345857,2.11112555039256e-06,2.74825153215867e-05,"Nb_vs_rest","Other species higher"
"efemp2a",32.6652309537642,-7.65758305795433,1.70193082083369,2.14572681416748e-06,2.78874592460203e-05,"Nb_vs_rest","Other species higher"
"palld",27.8753997662346,-7.41617689277782,1.64272672686276,2.1635665964135e-06,2.80280218171749e-05,"Nb_vs_rest","Other species higher"
"aldh1l2",103.622735180428,-6.98971525164625,1.53869107136794,2.16190944384719e-06,2.80280218171749e-05,"Nb_vs_rest","Other species higher"
"uqcr10",27.5698795464776,-7.50727721728387,1.66610243666542,2.18733703249876e-06,2.82237574319419e-05,"Nb_vs_rest","Other species higher"
"sccpdha.1",52.667599196982,-7.27775212039267,1.60963509680289,2.18928644741505e-06,2.82237574319419e-05,"Nb_vs_rest","Other species higher"
"nkiras1",327.008596206879,4.72493743654765,1.01573811330275,2.18324774801044e-06,2.82237574319419e-05,"Nb_vs_rest","Nb higher"
"slc16a6a",27.8163079323498,6.28362040497831,1.37230438381035,2.21014400782947e-06,2.84466922298052e-05,"Nb_vs_rest","Nb higher"
"chia.4",181.199937424125,-7.54385628096921,1.67625797393514,2.21701055842543e-06,2.84891211855635e-05,"Nb_vs_rest","Other species higher"
"ptges3b",23.5497003365742,-7.2252538479269,1.59887527359138,2.25021152448345e-06,2.88692732562346e-05,"Nb_vs_rest","Other species higher"
"hdhd3",179.001721650099,-7.61598688109535,1.69631545275193,2.27472255532037e-06,2.9092715637545e-05,"Nb_vs_rest","Other species higher"
"acin1b",23.350559839425,-6.97720785699071,1.53935526895917,2.27491911752232e-06,2.9092715637545e-05,"Nb_vs_rest","Other species higher"
"thbs1a",45.7041043738422,-7.5884661146688,1.69002500286657,2.29102419716299e-06,2.92479299424344e-05,"Nb_vs_rest","Other species higher"
"eif4h",30.6054967169941,-7.32017863476148,1.62365510790417,2.29438648420601e-06,2.92479299424344e-05,"Nb_vs_rest","Other species higher"
"abhd16a",146.718607144072,-2.90423140948048,0.618988016883063,2.32597541184668e-06,2.96033234235033e-05,"Nb_vs_rest","Other species higher"
"acsl2",166.860957957889,-7.28244826875119,1.61626544249778,2.35125010402686e-06,2.98298502863821e-05,"Nb_vs_rest","Other species higher"
"C18orf25",198.697609465031,-7.17907003038884,1.59080039493029,2.3480109882494e-06,2.98298502863821e-05,"Nb_vs_rest","Other species higher"
"ssr2",44.5173920806036,-7.68788452864573,1.71758468287199,2.36591664521542e-06,2.9968277506062e-05,"Nb_vs_rest","Other species higher"
"SPNS2",22.2419139194577,-7.24334072373022,1.6073818747018,2.37361763651676e-06,3.00181754982627e-05,"Nb_vs_rest","Other species higher"
"ywhae1",26.2381698177548,-7.14171124059763,1.58373563380714,2.41337979417587e-06,3.04727385403851e-05,"Nb_vs_rest","Other species higher"
"gpx3",30.4404246265425,-7.59771733778522,1.6975709992941,2.44218369878584e-06,3.07463894448363e-05,"Nb_vs_rest","Other species higher"
"si:ch1073-174d20.1",45.3760720702638,-7.47554386101669,1.6670623336621,2.44275825915115e-06,3.07463894448363e-05,"Nb_vs_rest","Other species higher"
"zgc:91910",23.1473340057546,-7.12014709867787,1.57994880200009,2.46149761464038e-06,3.09334660863469e-05,"Nb_vs_rest","Other species higher"
"sult3st1",347.330712706274,-7.67760577640348,1.71874785806393,2.47457159055432e-06,3.10488699569551e-05,"Nb_vs_rest","Other species higher"
"fam53b",27.301535030099,-7.14578783163273,1.58714816837552,2.49166626877885e-06,3.12142807297571e-05,"Nb_vs_rest","Other species higher"
"fnbp4",39.4726546986878,-7.30171382250744,1.62658616647671,2.5259565265914e-06,3.15698955236906e-05,"Nb_vs_rest","Other species higher"
"pitrm1",85.335167404991,-7.21301160375974,1.60476511872387,2.52796531825041e-06,3.15698955236906e-05,"Nb_vs_rest","Other species higher"
"CHST13",91.7533781771675,4.12933027708548,0.889676821286402,2.5356839575438e-06,3.16168093456243e-05,"Nb_vs_rest","Nb higher"
"wwox",25.9852409470676,-7.40416275730543,1.65243681536322,2.5402911869877e-06,3.16248419222493e-05,"Nb_vs_rest","Other species higher"
"bricd5",112.075586216611,-7.29574601999317,1.62571077479132,2.54540889059028e-06,3.16391946213558e-05,"Nb_vs_rest","Other species higher"
"ap4s1",632.066612733813,-7.26373897109877,1.61894049571482,2.5828961427743e-06,3.20552274017713e-05,"Nb_vs_rest","Other species higher"
"hint3",123.725348413194,-7.53173655139383,1.6863641656139,2.60603253386825e-06,3.22921422674978e-05,"Nb_vs_rest","Other species higher"
"akap8l",21.9615197473249,-6.86034142471635,1.52173841585857,2.63663745818276e-06,3.26207239012379e-05,"Nb_vs_rest","Other species higher"
"brms1lb",248.341195098853,-7.20598136301806,1.60642957154285,2.64175755699257e-06,3.26334757040258e-05,"Nb_vs_rest","Other species higher"
"pik3ip1",42.5074776263227,-7.47076600360251,1.67248208450723,2.65078866271917e-06,3.26944258554853e-05,"Nb_vs_rest","Other species higher"
"agpat3",33.712846064269,-7.42955856567801,1.66242189179477,2.65865137699225e-06,3.27407993648119e-05,"Nb_vs_rest","Other species higher"
"SLC22A23",147.008838607451,-7.26398694419841,1.62158824605736,2.66983501344124e-06,3.28278634934685e-05,"Nb_vs_rest","Other species higher"
"mcee",3358.25849894476,-7.75371170804673,1.74531595457273,2.69652496612938e-06,3.3105029584173e-05,"Nb_vs_rest","Other species higher"
"dlc1",37.1281521916421,-7.05708207695046,1.57236269047254,2.73196864893161e-06,3.34886479546455e-05,"Nb_vs_rest","Other species higher"
"guca1a",24.0699651560929,-7.24749317803022,1.62024801142182,2.76501905862207e-06,3.38417976806812e-05,"Nb_vs_rest","Other species higher"
"cfl1l",47.3863737149782,-7.60479373485027,1.71059063490221,2.79535349016807e-06,3.41606751172147e-05,"Nb_vs_rest","Other species higher"
"fam162a",32.4100238939913,-7.21329245763896,1.61431281721019,2.85622068815756e-06,3.48511331674271e-05,"Nb_vs_rest","Other species higher"
"UBL5",11.3981232198914,4.28959564657194,0.930485960535021,2.87473183135247e-06,3.50234504033476e-05,"Nb_vs_rest","Nb higher"
"nr1d2b",19.7158560021262,-7.00912295357459,1.56455500801544,2.87928330044707e-06,3.50254279536092e-05,"Nb_vs_rest","Other species higher"
"elk3",32.6313199518749,3.41791955334703,0.737379205877126,2.88626794979946e-06,3.50569531802127e-05,"Nb_vs_rest","Nb higher"
"pebp1",215.037602510069,-7.38116893632357,1.65718531351074,2.89405632100985e-06,3.50887517186464e-05,"Nb_vs_rest","Other species higher"
"grinaa",22.3042671114909,-7.17364670513644,1.60561409678346,2.89768012313133e-06,3.50887517186464e-05,"Nb_vs_rest","Other species higher"
"TSC22D3",25.1833751206036,-6.94599616877353,1.54985819698224,2.90957542105515e-06,3.51794119091214e-05,"Nb_vs_rest","Other species higher"
"pdia3",66.2592725567168,-7.50613072292851,1.68938841913006,2.92251292675021e-06,3.52823799628845e-05,"Nb_vs_rest","Other species higher"
"cdr2l",20.0610314854904,-6.95848750418533,1.55358446421718,2.93556028573077e-06,3.5386361148235e-05,"Nb_vs_rest","Other species higher"
"u2surp",25.3452158625535,-7.07992485526953,1.58402735576466,2.95764677267067e-06,3.55988254086154e-05,"Nb_vs_rest","Other species higher"
"irs2a",16.6082165180452,-6.97578559602959,1.5589675789353,2.98035679127309e-06,3.58181433649989e-05,"Nb_vs_rest","Other species higher"
"snrpb",22.7406979362583,-7.08320150635479,1.58568781870361,2.99060764111416e-06,3.58872916933699e-05,"Nb_vs_rest","Other species higher"
"supt5h",26.0365830449729,-7.29396806161357,1.6387624071469,3.01819219270184e-06,3.61639244711122e-05,"Nb_vs_rest","Other species higher"
"atoh1b",57.3558710540541,-7.54257400533792,1.70200378824389,3.04389528510911e-06,3.6384158719069e-05,"Nb_vs_rest","Other species higher"
"acer2",40557.5071660998,-7.28530524431091,1.63732513920985,3.04569148174663e-06,3.6384158719069e-05,"Nb_vs_rest","Other species higher"
"dnajc9",35.8231467054816,-7.51280900214119,1.69619556834541,3.10729697063489e-06,3.70646185734924e-05,"Nb_vs_rest","Other species higher"
"pfdn1",15.3314339176472,-6.8750958357896,1.53749682036458,3.11206962863444e-06,3.7066142741049e-05,"Nb_vs_rest","Other species higher"
"si:ch211-243o19.4",108.054596859403,-7.10464335144362,1.5944123359341,3.12580134700652e-06,3.71742097602266e-05,"Nb_vs_rest","Other species higher"
"coa3a",100.205807706508,-7.36018380215579,1.66048294770386,3.21487411397139e-06,3.81766301034102e-05,"Nb_vs_rest","Other species higher"
"serinc5",37.0244783075563,-7.4483971015324,1.68440877604103,3.27984815090904e-06,3.88029792861001e-05,"Nb_vs_rest","Other species higher"
"katnb1",409.673679578121,-7.32505362083686,1.65326196410873,3.27910387296469e-06,3.88029792861001e-05,"Nb_vs_rest","Other species higher"
"micu1",116.791338833815,-7.32138171462315,1.65241566830587,3.28220689450095e-06,3.88029792861001e-05,"Nb_vs_rest","Other species higher"
"rps10",76.703412251611,-7.70020573153261,1.74922834530805,3.3020162678353e-06,3.89218461112639e-05,"Nb_vs_rest","Other species higher"
"ezrb",25.0141157836265,-6.97571302468269,1.56661344731197,3.29717491404504e-06,3.89218461112639e-05,"Nb_vs_rest","Other species higher"
"ak5",165.060459062448,-7.30487563687969,1.65356642941605,3.50213145010451e-06,4.12106942776687e-05,"Nb_vs_rest","Other species higher"
"polr1a",19.8659754383421,-6.80515165045478,1.52920858431396,3.50652398678409e-06,4.12106942776687e-05,"Nb_vs_rest","Other species higher"
"BHLHE40",20.2380610651307,-6.8630078441886,1.54392076549683,3.52795777666997e-06,4.14016221438623e-05,"Nb_vs_rest","Other species higher"
"ergic3",909.576323755392,-3.42701834501058,0.746225795860022,3.54104491872738e-06,4.1494182748083e-05,"Nb_vs_rest","Other species higher"
"UNC13A",60.0529820534368,-8.01558743387026,1.83780612986843,3.54676339324007e-06,4.15002520206096e-05,"Nb_vs_rest","Other species higher"
"hbp1",34.1549860461894,-7.0014104818886,1.57884250136692,3.55780289094127e-06,4.15684730156827e-05,"Nb_vs_rest","Other species higher"
"ppp1r16b",17.6088829109866,-7.03268022761802,1.5868045978485,3.5661671978366e-06,4.16052839747603e-05,"Nb_vs_rest","Other species higher"
"eif5b",28.0785106586903,-6.99530728839654,1.57768613393178,3.57437048398554e-06,4.16401116236563e-05,"Nb_vs_rest","Other species higher"
"efr3bb",18.8373777188396,-7.04420067676727,1.59013863413791,3.58738274957566e-06,4.17307789236352e-05,"Nb_vs_rest","Other species higher"
"riok3",20.5570282101425,-6.90850617817017,1.55677006369743,3.60317728497904e-06,4.18535003408045e-05,"Nb_vs_rest","Other species higher"
"nol6",17.532218230403,-6.94415849672814,1.56654913630278,3.64758126264398e-06,4.2307701273109e-05,"Nb_vs_rest","Other species higher"
"hlcs",23.9327798562298,-6.94807793050534,1.56828692768593,3.68389990524655e-06,4.26669393960341e-05,"Nb_vs_rest","Other species higher"
"cdc73",85.368186180435,-7.12929552614463,1.61412644659003,3.71230573515852e-06,4.29336228500942e-05,"Nb_vs_rest","Other species higher"
"crtac1a",100.645331236575,-7.15288855699072,1.62045503068408,3.73112962739419e-06,4.3088877607244e-05,"Nb_vs_rest","Other species higher"
"NDUFS1",23.7015095838513,-6.94295055043059,1.56907464544709,3.7834343509817e-06,4.3629777631263e-05,"Nb_vs_rest","Other species higher"
"RTKN",76.8257630444283,-6.98617326331132,1.58032073812673,3.80685372552108e-06,4.37921065306808e-05,"Nb_vs_rest","Other species higher"
"SLC45A4",21.0225421732574,-6.84810717903826,1.54603787629994,3.80848645768076e-06,4.37921065306808e-05,"Nb_vs_rest","Other species higher"
"pigt",211.483387015166,-7.21157408209401,1.63739400325128,3.83186195508191e-06,4.39974941029549e-05,"Nb_vs_rest","Other species higher"
"lmnl3",55.4132047310372,-7.40308501783644,1.68621548063082,3.84219049884664e-06,4.40527014091899e-05,"Nb_vs_rest","Other species higher"
"zgc:162944",40.7892434862245,-7.58639963105897,1.73410806640081,3.8806853758391e-06,4.44302285497791e-05,"Nb_vs_rest","Other species higher"
"wars1",26.2369944231964,-7.28072694743359,1.65646547937612,3.90572350819344e-06,4.45889464883886e-05,"Nb_vs_rest","Other species higher"
"mrpl43",23.5582935290352,-7.10319052271858,1.61156247578941,3.90171279245809e-06,4.45889464883886e-05,"Nb_vs_rest","Other species higher"
"pik3r1",24.9471861298508,-6.90376358284936,1.56193552160165,3.91322991442613e-06,4.46033188541956e-05,"Nb_vs_rest","Other species higher"
"fastk",49.3986029804403,4.95600282399546,1.09641255587465,3.918161217643e-06,4.46033188541956e-05,"Nb_vs_rest","Nb higher"
"proza",22.841725849525,-7.06962092175393,1.6041096472415,3.94964341340562e-06,4.48976558959784e-05,"Nb_vs_rest","Other species higher"
"gla",3537.85801222387,-7.47464379221947,1.7083910409387,4.01896933735657e-06,4.55741154268105e-05,"Nb_vs_rest","Other species higher"
"romo1",36.8140938412054,-7.35196437251146,1.67701710790126,4.02057359153817e-06,4.55741154268105e-05,"Nb_vs_rest","Other species higher"
"tpi1a",605.269963194771,-7.70811582559427,1.76934079285514,4.04340802648319e-06,4.57679376614692e-05,"Nb_vs_rest","Other species higher"
"tomm20a",17.1083752560937,-6.77813044977557,1.53343152587354,4.05323073820471e-06,4.58141378057699e-05,"Nb_vs_rest","Other species higher"
"trpt1",133.174649580565,-7.37657181718289,1.68447972810638,4.0767400868784e-06,4.60146900895185e-05,"Nb_vs_rest","Other species higher"
"itpka",160.772072229719,-7.25481240806578,1.65397054914746,4.1023172169869e-06,4.62379821914625e-05,"Nb_vs_rest","Other species higher"
"arl2",318.353434669352,-7.48038698376027,1.71180789380845,4.10982633709195e-06,4.62572837376499e-05,"Nb_vs_rest","Other species higher"
"pkd2",69.8349221364404,-7.67855461331633,1.76334535996719,4.12041171586553e-06,4.63111063276154e-05,"Nb_vs_rest","Other species higher"
"rdh10a",24.5630480348874,-7.18051168401446,1.63637178545256,4.16480673510788e-06,4.67442443687214e-05,"Nb_vs_rest","Other species higher"
"zeb2b",24.7207585840451,-7.01899398096686,1.59575080898389,4.1710566092555e-06,4.67486400868805e-05,"Nb_vs_rest","Other species higher"
"cct3",57.1098885620862,-7.49808563805561,1.71839655793183,4.20642527960086e-06,4.70789252892214e-05,"Nb_vs_rest","Other species higher"
"map6a",27.5064780887943,-7.31348831332731,1.67279806738838,4.295812253456e-06,4.80120193033318e-05,"Nb_vs_rest","Other species higher"
"glud1a",40.3169298025612,-7.19799347055714,1.6434875563303,4.30218564298622e-06,4.80160020014406e-05,"Nb_vs_rest","Other species higher"
"ttc3",167.26098339911,-7.09108833361834,1.61705537604506,4.33679219113012e-06,4.83346392251653e-05,"Nb_vs_rest","Other species higher"
"bin3",314.243033730717,-7.29038468292897,1.66826621419137,4.36606266197645e-06,4.85929986646752e-05,"Nb_vs_rest","Other species higher"
"alg1",18.4940132069625,-7.00153851926472,1.59561056956096,4.39880895276124e-06,4.88892694192684e-05,"Nb_vs_rest","Other species higher"
"abhd13",28.4799446582873,-7.19788017176975,1.64549114775112,4.40870427160973e-06,4.89310988698827e-05,"Nb_vs_rest","Other species higher"
"ubn1",32.2084961152752,-7.32434618510705,1.67841277675711,4.44133300569552e-06,4.91295971867004e-05,"Nb_vs_rest","Other species higher"
"sun1",30.0246598771446,-7.17118280001084,1.63938327722496,4.44505879308241e-06,4.91295971867004e-05,"Nb_vs_rest","Other species higher"
"cmc2",119.348090890242,-6.98432439812859,1.5919503970484,4.43598658174794e-06,4.91295971867004e-05,"Nb_vs_rest","Other species higher"
"pola2",186.794922446828,-8.04914648219785,1.86860703098356,4.45212421563262e-06,4.91396282721276e-05,"Nb_vs_rest","Other species higher"
"coro2ba",399.648468435968,3.90380079203183,0.861745423150066,4.46424583412697e-06,4.92053615418967e-05,"Nb_vs_rest","Nb higher"
"rpl18a",287.68176117844,-8.05070844591303,1.86952898303638,4.47494246349993e-06,4.92182394093103e-05,"Nb_vs_rest","Other species higher"
"wbp2",169.420221554482,3.29007747203936,0.723605326403747,4.4777496003959e-06,4.92182394093103e-05,"Nb_vs_rest","Nb higher"
"ncoa4",39.2856168895801,-7.29142836422504,1.67133143228731,4.51245313132788e-06,4.95314662833514e-05,"Nb_vs_rest","Other species higher"
"LIX1L",25.5802280355448,-7.02503131340087,1.60371022981092,4.51936640374937e-06,4.95392086564835e-05,"Nb_vs_rest","Other species higher"
"CDKL5",1010.2719034111,-7.7798554186715,1.79876047484,4.53696633235954e-06,4.96639112924954e-05,"Nb_vs_rest","Other species higher"
"tbp",1055.51593841332,-7.2290382867865,1.65603854340279,4.54804497559487e-06,4.97169848017083e-05,"Nb_vs_rest","Other species higher"
"nemp1",341.028245747861,-7.07390962702876,1.61671827475056,4.55544785364966e-06,4.97297864187747e-05,"Nb_vs_rest","Other species higher"
"tfam",56.3697888357343,-6.82831723446201,1.5551361214438,4.56925550048256e-06,4.98123755380476e-05,"Nb_vs_rest","Other species higher"
"bhmt",150.217370139263,-7.72862689594382,1.78740448099733,4.64282951802453e-06,5.05454018469791e-05,"Nb_vs_rest","Other species higher"
"tmem245",20.1888874896312,-6.99998104531615,1.59992267801964,4.66371063528523e-06,5.07035570430192e-05,"Nb_vs_rest","Other species higher"
"paf1",28.6581655286075,-6.93255360213108,1.58312155415344,4.67589388555521e-06,5.07668479003137e-05,"Nb_vs_rest","Other species higher"
"atad1b",37.6131811719732,-7.04999174568409,1.61355043715919,4.71966093181264e-06,5.11201765000431e-05,"Nb_vs_rest","Other species higher"
"ccdc47",16.3909749111397,-6.74840705439234,1.53769646931694,4.72124938352528e-06,5.11201765000431e-05,"Nb_vs_rest","Other species higher"
"akirin1",18.9663094064928,-6.85109404491981,1.56375651489419,4.74239441089135e-06,5.12795493210203e-05,"Nb_vs_rest","Other species higher"
"PLCB4",22.4683510391054,-7.05198395659722,1.61508704754339,4.77951942674903e-06,5.16110487489272e-05,"Nb_vs_rest","Other species higher"
"acsl1a",22.3200294105824,-7.1765668688174,1.64759451150093,4.82451681755336e-06,5.20265462217241e-05,"Nb_vs_rest","Other species higher"
"wasf3b",39.4515909662822,-6.85727795514191,1.56693096535662,4.84087811004407e-06,5.21325334927823e-05,"Nb_vs_rest","Other species higher"
"PRRC2B",19.3910674254052,-6.94471876531554,1.58917079052107,4.85319074951064e-06,5.21946929664351e-05,"Nb_vs_rest","Other species higher"
"rufy1",186.806360130147,-7.18146678104031,1.64991384903334,4.88601805932777e-06,5.24770176493077e-05,"Nb_vs_rest","Other species higher"
"ercc2",464.790287242549,-7.72449932138941,1.79269645510201,4.97105944107059e-06,5.33088657591088e-05,"Nb_vs_rest","Other species higher"
"scube3",887.921589296558,-7.56018467352466,1.74955011034543,4.9768301993153e-06,5.33088657591088e-05,"Nb_vs_rest","Other species higher"
"rtn2b",18.3974792389085,4.05174749007042,0.900476769957486,5.04259040571823e-06,5.39408464311414e-05,"Nb_vs_rest","Nb higher"
"eif4a3",51.5702494013753,-6.99692848305778,1.60580214243209,5.06152513755542e-06,5.40709111080217e-05,"Nb_vs_rest","Other species higher"
"cahz",39.7054532714825,-7.33195861074418,1.69180539610873,5.07016662154414e-06,5.4090815026634e-05,"Nb_vs_rest","Other species higher"
"baiap2b",17.533815299382,-6.8139623560058,1.55994203166717,5.08642480804236e-06,5.41918157118531e-05,"Nb_vs_rest","Other species higher"
"atp7a",169.697561499514,-7.23142124328797,1.66828070661625,5.21455403970514e-06,5.5408976347333e-05,"Nb_vs_rest","Other species higher"
"mrps18a",15.9917090395878,-6.85363721398726,1.57184372122551,5.20957627995423e-06,5.5408976347333e-05,"Nb_vs_rest","Other species higher"
"cpsf2",20.0801896190202,-6.82098721204353,1.56532024314864,5.32327525065366e-06,5.6489011303479e-05,"Nb_vs_rest","Other species higher"
"bdh1",45.0288351272643,-6.97893306954189,1.60570091854176,5.3455798674338e-06,5.66503683162307e-05,"Nb_vs_rest","Other species higher"
"lgals3a",70.9377279562438,-7.57448878529537,1.76059407331732,5.38860901364069e-06,5.70306365104147e-05,"Nb_vs_rest","Other species higher"
"chmp7",198.743410120264,-7.50044972495982,1.74199989887931,5.44053661782211e-06,5.74734773766426e-05,"Nb_vs_rest","Other species higher"
"rad21a",22.5052724404254,-7.01162894726503,1.61555533382352,5.4448557514714e-06,5.74734773766426e-05,"Nb_vs_rest","Other species higher"
"tagln3b",36.243848530305,-7.00248289466731,1.61334924372837,5.45331862672067e-06,5.74867670293672e-05,"Nb_vs_rest","Other species higher"
"tpte",83.4700175264504,-7.34225391966723,1.70119138403903,5.47278120599468e-06,5.76158232504453e-05,"Nb_vs_rest","Other species higher"
"ints9",36.3982693056684,-6.86408355596871,1.57873337768393,5.49269669557769e-06,5.77493012262318e-05,"Nb_vs_rest","Other species higher"
"guk1b",83.2969385392397,-7.43336734232068,1.72724459891251,5.61322386384182e-06,5.89388505703391e-05,"Nb_vs_rest","Other species higher"
"mdh1aa",25.5164025843855,-7.01080789644845,1.61825225875468,5.63864705872601e-06,5.91279941243542e-05,"Nb_vs_rest","Other species higher"
"fabp2",268.979337599125,-7.24088877917371,1.67789261133595,5.66440226414155e-06,5.93145352196125e-05,"Nb_vs_rest","Other species higher"
"glyctk",105.257723277374,-6.7908831057008,1.56275992921939,5.67130205169979e-06,5.93145352196125e-05,"Nb_vs_rest","Other species higher"
"mtap",26.9754720770812,-7.17872318027981,1.66272877152016,5.72529690989478e-06,5.97883693470492e-05,"Nb_vs_rest","Other species higher"
"ttc5",25.9337959650134,-6.77669860152013,1.56011848651524,5.73908407516788e-06,5.97883693470492e-05,"Nb_vs_rest","Other species higher"
"ppfibp1a",1029.66195673918,-3.28459713091733,0.730787689658454,5.73199125999747e-06,5.97883693470492e-05,"Nb_vs_rest","Other species higher"
"DCTN6",557.04313198817,-2.70412319093824,0.60055013586141,5.88007314358678e-06,6.11772929410984e-05,"Nb_vs_rest","Other species higher"
"dph2",216.862936710332,-4.35393198079705,0.977295955628337,5.91626415792931e-06,6.14736822659842e-05,"Nb_vs_rest","Other species higher"
"abitram",207.50291862216,-7.0478127320582,1.63231388945891,5.95375931468377e-06,6.17025965339954e-05,"Nb_vs_rest","Other species higher"
"zgc:77486",16.9711247707855,-6.98556250329956,1.61631776035739,5.95326588856874e-06,6.17025965339954e-05,"Nb_vs_rest","Other species higher"
"eif2a",1510.12784647559,-7.0641869858126,1.63702027114784,5.9883176487399e-06,6.19235672359266e-05,"Nb_vs_rest","Other species higher"
"ap1s2",53.3435699815735,-6.87854596937549,1.58946532296235,5.99060074011721e-06,6.19235672359266e-05,"Nb_vs_rest","Other species higher"
"trappc12",215.739819269102,-7.77577405334315,1.824549744959,6.00950806691818e-06,6.1958494023265e-05,"Nb_vs_rest","Other species higher"
"sept9a",37.2049348953309,-7.08262827627151,1.642024866318,6.00599990277195e-06,6.1958494023265e-05,"Nb_vs_rest","Other species higher"
"napepld",33.3200002380838,-7.18187326818297,1.66889384394862,6.08941600039784e-06,6.27013415266771e-05,"Nb_vs_rest","Other species higher"
"sbds",42.5830305592447,-7.06837775932824,1.64020301523172,6.13793178201316e-06,6.3119453119156e-05,"Nb_vs_rest","Other species higher"
"pgam5",155.603178491465,-7.58054157525173,1.77460201370721,6.15415526518951e-06,6.3204837858703e-05,"Nb_vs_rest","Other species higher"
"MOK",24.9778739754232,-7.07479789418443,1.64263708387997,6.19392173719074e-06,6.35314851706711e-05,"Nb_vs_rest","Other species higher"
"dpysl3",19.2834188256262,-7.03556171944575,1.63289223135228,6.22167405392528e-06,6.373422201582e-05,"Nb_vs_rest","Other species higher"
"COG5",1015.57543217589,-3.27526310247381,0.73202862583801,6.31300941377012e-06,6.45869424639558e-05,"Nb_vs_rest","Other species higher"
"plcd1a",37.5117497221449,-7.43224786813916,1.73826775322641,6.35396721881777e-06,6.49227380360638e-05,"Nb_vs_rest","Other species higher"
"cavin2a",19.7297459829073,-6.76226468915074,1.56579431488978,6.44620846954871e-06,6.57810020294101e-05,"Nb_vs_rest","Other species higher"
"tmtops3b",22.7452873363152,5.27730528186429,1.199850028367,6.47451892873382e-06,6.59855185840305e-05,"Nb_vs_rest","Nb higher"
"psmb12",46.1957044484083,-7.64925426503735,1.79941388299272,6.58348970270631e-06,6.69251564682756e-05,"Nb_vs_rest","Other species higher"
"rab10",20.0717011338357,-6.83784252999253,1.58675575566664,6.57829665902665e-06,6.69251564682756e-05,"Nb_vs_rest","Other species higher"
"ddx42",60.4016666186189,-6.9150493518957,1.60682385522057,6.59856192269243e-06,6.69930332609231e-05,"Nb_vs_rest","Other species higher"
"msna",41.3781044620469,-7.45137252419518,1.74765678585566,6.65744746135091e-06,6.74193283522592e-05,"Nb_vs_rest","Other species higher"
"tmem189",524.025805587238,-7.07360489112629,1.64846148739792,6.65136075301731e-06,6.74193283522592e-05,"Nb_vs_rest","Other species higher"
"eif4a1a",34.4706421927854,-7.21767915586562,1.68637456756252,6.67920428713972e-06,6.75539292919834e-05,"Nb_vs_rest","Other species higher"
"tnrc18",15.7603876658086,-6.80843224831163,1.58084180223517,6.70867366774515e-06,6.77660960362105e-05,"Nb_vs_rest","Other species higher"
"hsd17b7",21.1827425607275,-7.11955780796182,1.66245672392011,6.80940312767905e-06,6.86966333234877e-05,"Nb_vs_rest","Other species higher"
"UBE2K",152.18508256141,3.10077188845948,0.695088053465759,6.85503992447203e-06,6.90697204511197e-05,"Nb_vs_rest","Nb higher"
"ppm1na",32.5719431845492,-7.2092309976761,1.68790666629376,6.96528000473086e-06,7.00919728092715e-05,"Nb_vs_rest","Other species higher"
"frs2b",198.118234088651,-7.44702073749387,1.7515939411827,7.02982924659403e-06,7.06437243901337e-05,"Nb_vs_rest","Other species higher"
"sbf1",17.6352615527987,-6.85163522103813,1.5959020040258,7.03781464788926e-06,7.06437243901337e-05,"Nb_vs_rest","Other species higher"
"f2rl2",38.9128148383679,-6.85311551845283,1.59742177952123,7.13424743390943e-06,7.15217267871825e-05,"Nb_vs_rest","Other species higher"
"cadm3",27.7560306588153,-7.04738690078764,1.64789527871049,7.14779755093025e-06,7.15676592928775e-05,"Nb_vs_rest","Other species higher"
"aarsd1",32.6568577636691,-7.2395433044096,1.69839730289453,7.16341938090266e-06,7.16341938090266e-05,"Nb_vs_rest","Other species higher"
"si:dkey-19e4.5",18.0921799907209,-6.72381954958403,1.56502435853294,7.20442302351893e-06,7.19540622373981e-05,"Nb_vs_rest","Other species higher"
"GMFG",29.0048795458543,-6.79378118383266,1.58326529428042,7.23003624134967e-06,7.21196115074629e-05,"Nb_vs_rest","Other species higher"
"pkn3",85.49062256478,-7.00359404922115,1.63806923968813,7.27814926763701e-06,7.25089028161589e-05,"Nb_vs_rest","Other species higher"
"rpn1",33.615662318361,-7.15935432800028,1.67887636959755,7.28838275211406e-06,7.25203171594392e-05,"Nb_vs_rest","Other species higher"
"ppp2r2aa",14.7031198024141,-6.67487399301428,1.55358651515563,7.30105143164122e-06,7.25559033928979e-05,"Nb_vs_rest","Other species higher"
"psma6a",367.830866437404,-7.38062321887691,1.73783108330439,7.32923094273767e-06,7.25648423362861e-05,"Nb_vs_rest","Other species higher"
"phkg2",65.6870755743098,-6.95186593474713,1.62507700375744,7.31563725401419e-06,7.25648423362861e-05,"Nb_vs_rest","Other species higher"
"dcaf8",27.8933902120489,-6.86039680517835,1.60147875393453,7.32176589681553e-06,7.25648423362861e-05,"Nb_vs_rest","Other species higher"
"dctn3",16.0064305454435,-6.80242595758132,1.58704363960845,7.36647219291881e-06,7.28431822794202e-05,"Nb_vs_rest","Other species higher"
"rab34a",63.5283343660646,-7.29892465310712,1.71723761780904,7.41582608216316e-06,7.32404605639381e-05,"Nb_vs_rest","Other species higher"
"rnf40",26.3899869001713,-6.91144386069173,1.61614235076519,7.44902371902e-06,7.33866781207156e-05,"Nb_vs_rest","Other species higher"
"sys1",54.0359147431667,3.45193958263574,0.778520415086771,7.44820491306284e-06,7.33866781207156e-05,"Nb_vs_rest","Nb higher"
"edf1",24.9173609978526,-6.81915312948627,1.59312701071773,7.52423473001759e-06,7.40362430894456e-05,"Nb_vs_rest","Other species higher"
"zgc:101765",172.293578722985,-7.20451579823633,1.69411426540852,7.5656362071038e-06,7.43519420353304e-05,"Nb_vs_rest","Other species higher"
"vps4a",155.096724892875,-6.96267651792402,1.63164797135978,7.64218062369589e-06,7.50118098119227e-05,"Nb_vs_rest","Other species higher"
"actr8",194.525668622583,-7.23318047435501,1.70377820782829,7.74148722427704e-06,7.57071912374151e-05,"Nb_vs_rest","Other species higher"
"ivns1abpa",28.0960703975725,-6.80932050450864,1.59286699840867,7.73117005304421e-06,7.57071912374151e-05,"Nb_vs_rest","Other species higher"
"dkk3a",954.257084794633,-6.79083223936622,1.58812278552736,7.73395381800366e-06,7.57071912374151e-05,"Nb_vs_rest","Other species higher"
"mark1",57.5825380616276,-6.8993605384747,1.61675204052134,7.78247501295635e-06,7.60148722195736e-05,"Nb_vs_rest","Other species higher"
"surf6",44.0683530540606,-7.24112603888334,1.70665925658616,7.8074823419066e-06,7.61659035310693e-05,"Nb_vs_rest","Other species higher"
"pdhb",32.2460241489459,-7.00095977690917,1.64413976274079,7.86541617579469e-06,7.6637388379538e-05,"Nb_vs_rest","Other species higher"
"psen2",120.290212945801,-6.9650124651782,1.63498274325888,7.88609006313867e-06,7.67451203705447e-05,"Nb_vs_rest","Other species higher"
"zgc:92606",26.5207817149127,-6.98662494404256,1.64117412306337,7.93585202648161e-06,7.71353217677506e-05,"Nb_vs_rest","Other species higher"
"gart",355.301811578623,-2.93773859462526,0.66271293982294,7.95361125030562e-06,7.72138902401932e-05,"Nb_vs_rest","Other species higher"
"id2a",18.6198262697519,-6.67747024011707,1.56182619659394,8.00986038865978e-06,7.76595274084203e-05,"Nb_vs_rest","Other species higher"
"si:dkey-91m11.5",19.574318487588,-6.58677763178837,1.53864522388809,8.01897876999228e-06,7.76595274084203e-05,"Nb_vs_rest","Other species higher"
"ppp2r3c",318.876061722669,-7.12502526627143,1.67860863529926,8.03615525974022e-06,7.76971079528313e-05,"Nb_vs_rest","Other species higher"
"si:ch211-203k16.3",107.23859818659,-6.97798386802027,1.64017499862921,8.05090079788679e-06,7.76971079528313e-05,"Nb_vs_rest","Other species higher"
"vps35l",21.8668255060261,-6.7329827695155,1.57656206476246,8.05206870638991e-06,7.76971079528313e-05,"Nb_vs_rest","Other species higher"
"afg1la",24.0686071397238,-7.03101797283676,1.65447939795724,8.08919069750179e-06,7.79610407802709e-05,"Nb_vs_rest","Other species higher"
"btg1",77.1269866879163,-7.10207029771689,1.67331114028495,8.10349851200283e-06,7.80047263278439e-05,"Nb_vs_rest","Other species higher"
"rpl37",64.267191111691,-7.66114935761089,1.82333736252751,8.12282127563109e-06,7.80965226259471e-05,"Nb_vs_rest","Other species higher"
"TMC6",31.4361039658043,-7.25211832677663,1.71414154381957,8.20369648571939e-06,7.87791792491465e-05,"Nb_vs_rest","Other species higher"
"znf16l",17.9360101314688,-6.84743776862767,1.60825239376272,8.24959765200352e-06,7.91247467103222e-05,"Nb_vs_rest","Other species higher"
"unga",21.1025305675385,-6.79906890622657,1.59710509594221,8.38793554111562e-06,8.03550127468219e-05,"Nb_vs_rest","Other species higher"
"uevld",94.0829362940365,-7.04783996803293,1.6625933252286,8.43215976708299e-06,8.06629226839473e-05,"Nb_vs_rest","Other species higher"
"nxt2",132.019874977542,3.71884806653737,0.845352975044138,8.4402932883579e-06,8.06629226839473e-05,"Nb_vs_rest","Nb higher"
"znf710a",1606.53267511268,-6.8538002258973,1.61208915222601,8.46191792679405e-06,8.07728529375796e-05,"Nb_vs_rest","Other species higher"
"psma8",20.0715128748335,-6.79656042697163,1.59810138055265,8.55192567241853e-06,8.1534488489725e-05,"Nb_vs_rest","Other species higher"
"pde6c",46.0198659559165,-7.48111156482011,1.78055808086031,8.64336336203583e-06,8.2307923185019e-05,"Nb_vs_rest","Other species higher"
"rps8a",301.935850075457,-7.58699661137134,1.80980404840045,8.68437635205524e-06,8.25999085690117e-05,"Nb_vs_rest","Other species higher"
"si:ch211-210c8.6",22.1887707700537,-7.05111853600905,1.66698123736477,8.76995508878388e-06,8.32695235173876e-05,"Nb_vs_rest","Other species higher"
"npepps",14.5395626614213,-6.6062767746079,1.55101415764908,8.77564777921341e-06,8.32695235173876e-05,"Nb_vs_rest","Other species higher"
"plcg1",15.2824903032437,-6.55498199733804,1.53806475467153,8.80332035215231e-06,8.34328935987832e-05,"Nb_vs_rest","Other species higher"
"polr2a",20.2042877067207,-6.74181277603568,1.5864472607835,8.8143867529063e-06,8.34386788709279e-05,"Nb_vs_rest","Other species higher"
"arhgef10la",9.99365650205945,4.87604960269433,1.12158520236776,8.84250624388535e-06,8.36056869978734e-05,"Nb_vs_rest","Nb higher"
"bag2",153.385484233226,-7.32512884704343,1.74094374099536,8.86558653496614e-06,8.3724710708911e-05,"Nb_vs_rest","Other species higher"
"ptpn2b",66.3220702175659,-7.050085849533,1.6679678265594,8.89338119476037e-06,8.37888806779076e-05,"Nb_vs_rest","Other species higher"
"espn",14.4644456561769,-6.6603606701693,1.56604764064115,8.88929349760112e-06,8.37888806779076e-05,"Nb_vs_rest","Other species higher"
"tmtc2b",5.84774356701829,4.60596406806856,1.05721946045436,8.91064133514077e-06,8.38524974698389e-05,"Nb_vs_rest","Nb higher"
"rps13",42.230203074192,-7.4372747642036,1.77263487863452,8.99964877974896e-06,8.45903383538241e-05,"Nb_vs_rest","Other species higher"
"zgc:55558",15.8994772094643,-6.63772711254805,1.56156768343934,9.03719557696454e-06,8.48433184755024e-05,"Nb_vs_rest","Other species higher"
"aipl1",18.7111733728555,-6.89792788407788,1.62957772110323,9.06186095714643e-06,8.49749123831122e-05,"Nb_vs_rest","Other species higher"
"cdk12",15.2028140041505,-6.62503910751901,1.55919596117729,9.13661443247591e-06,8.55753323605138e-05,"Nb_vs_rest","Other species higher"
"luc7l",63.1117796010758,-7.38502943172724,1.76019633847284,9.15781998754227e-06,8.56733921460578e-05,"Nb_vs_rest","Other species higher"
"si:ch211-122f10.4",97.6428087020083,-7.04971033961626,1.67068622130889,9.17486671418333e-06,8.57323610997458e-05,"Nb_vs_rest","Other species higher"
"arhgef38",122.52023028985,-6.70127142973744,1.57968220272201,9.2154224649435e-06,8.6010609672806e-05,"Nb_vs_rest","Other species higher"
"gng3",283.832701312194,-6.99568088948865,1.65720646426811,9.25757058580681e-06,8.63030528910495e-05,"Nb_vs_rest","Other species higher"
"hmgb1a",121.654421951133,-7.11169130675224,1.68836881815989,9.29954284698538e-06,8.6423128455907e-05,"Nb_vs_rest","Other species higher"
"ranbp1",85.2164526018763,-6.94965798889755,1.64550067811037,9.30294076987771e-06,8.6423128455907e-05,"Nb_vs_rest","Other species higher"
"setd5",14.66032960654,-6.65817074550853,1.56915083325352,9.28780375901306e-06,8.6423128455907e-05,"Nb_vs_rest","Other species higher"
"cpeb3",28.4096600103392,-6.81396931386492,1.61078426221275,9.40105118793981e-06,8.72330098601857e-05,"Nb_vs_rest","Other species higher"
"tgfb3",62.4890429784789,-7.20498303343043,1.71542159719056,9.51669302962323e-06,8.81011721303867e-05,"Nb_vs_rest","Other species higher"
"laptm4a",18.4740245687525,-6.71926490431607,1.58704342195784,9.51054323249658e-06,8.81011721303867e-05,"Nb_vs_rest","Other species higher"
"smpd1",97.1453473415116,4.60395309755392,1.06056324634104,9.5701066693881e-06,8.84929909869259e-05,"Nb_vs_rest","Nb higher"
"timm13",33.0854915345162,-7.13274036941194,1.69767781900211,9.67901435794466e-06,8.93964520560166e-05,"Nb_vs_rest","Other species higher"
"tmem18",16.4904188971912,-6.77804871702032,1.60436952306698,9.73075863148705e-06,8.9770466912447e-05,"Nb_vs_rest","Other species higher"
"sfr1",34.3701428937355,-7.10170061841245,1.69052233028124,9.79768571251444e-06,9.02835242331007e-05,"Nb_vs_rest","Other species higher"
"lzts2b",75.3052147168602,-6.76006229476179,1.6006552786876,9.84325579290991e-06,9.05988249451223e-05,"Nb_vs_rest","Other species higher"
"prr12a",16.9538484829391,-6.77914129803577,1.60618310809387,9.9035018984014e-06,9.1048323904658e-05,"Nb_vs_rest","Other species higher"
"si:ch1073-280e3.1",116.532508692426,-6.81136140766112,1.61507830309201,9.95342771114158e-06,9.1402017416467e-05,"Nb_vs_rest","Other species higher"
"pvalb7",64.7304918771747,-6.99537153285751,1.66380986231509,9.96860649376507e-06,9.14361837014313e-05,"Nb_vs_rest","Other species higher"
"nap1l1",26.0207371455493,-7.14627631294057,1.70457142639502,1.00242915903335e-05,9.17993822340966e-05,"Nb_vs_rest","Other species higher"
"chid1",14.3998393587855,-6.54619807315372,1.54654514715016,1.00312106902421e-05,9.17993822340966e-05,"Nb_vs_rest","Other species higher"
"tox4a",31.7506827619443,-6.85251649656629,1.62688749005976,1.00649003007695e-05,9.20021814434597e-05,"Nb_vs_rest","Other species higher"
"trpc1",34.1547078128763,-7.1042611640267,1.69400037435357,1.00970683594458e-05,9.21906241514615e-05,"Nb_vs_rest","Other species higher"
"rps14",478.101089182698,-7.96295813718141,1.93144875916257,1.02117797697596e-05,9.3131431500208e-05,"Nb_vs_rest","Other species higher"
"jak1",25.7836506648074,-7.08287187771712,1.69033012368082,1.03220238039231e-05,9.37084754895405e-05,"Nb_vs_rest","Other species higher"
"rsph9",184.860757847655,-6.90273296429098,1.64238750282611,1.03208541391738e-05,9.37084754895405e-05,"Nb_vs_rest","Other species higher"
"ndor1",87.4618481291892,-6.85741837914859,1.63040596217837,1.03206939412686e-05,9.37084754895405e-05,"Nb_vs_rest","Other species higher"
"ssbp3b",15.596931501404,-6.7175463441264,1.59341301821885,1.02966381256647e-05,9.37084754895405e-05,"Nb_vs_rest","Other species higher"
"atraid",279.904049403295,-6.88838512838473,1.64004098453394,1.04892914368245e-05,9.51188018930218e-05,"Nb_vs_rest","Other species higher"
"ARHGDIA",22.5116900079216,-7.11645747453454,1.70096017360079,1.05038175446604e-05,9.51424109039612e-05,"Nb_vs_rest","Other species higher"
"rbm27",66.1964938101147,-7.01582802746976,1.67450107926602,1.05569153474803e-05,9.55149483819647e-05,"Nb_vs_rest","Other species higher"
"ythdc1",30.3620788585992,-6.8881579191551,1.64079025215841,1.05843185074613e-05,9.56544299994803e-05,"Nb_vs_rest","Other species higher"
"ncoa5",15.6046279714502,-6.76243237888681,1.60948443198535,1.08147604740732e-05,9.76264576731947e-05,"Nb_vs_rest","Other species higher"
"atp1a2a",80.9680047769777,-6.97883715607347,1.66732695217749,1.08709131598627e-05,9.79118363608405e-05,"Nb_vs_rest","Other species higher"
"ensaa",13.6712497425589,-6.63595925609069,1.57669096021592,1.08678551203584e-05,9.79118363608405e-05,"Nb_vs_rest","Other species higher"
"pcif1",24.7479616765009,-6.8439517165166,1.63238172158361,1.09815355933631e-05,9.87966787317221e-05,"Nb_vs_rest","Other species higher"
"MXI1",18.9305712648561,-6.83423882608721,1.62995261923065,1.0999208758138e-05,9.88442408670512e-05,"Nb_vs_rest","Other species higher"
"cnksr1",19.9100705608025,-6.9219141481971,1.65426581258622,1.11249532284122e-05,9.98617848849603e-05,"Nb_vs_rest","Other species higher"
"svopa",52.3232133930607,-6.97192527983278,1.66813538050103,1.11890092085596e-05,0.000100323925263265,"Nb_vs_rest","Other species higher"
"shq1",46.4317193466676,-6.95237075126221,1.66398303981296,1.13201063354568e-05,0.000101385464149209,"Nb_vs_rest","Other species higher"
"dph5",95.4226006456273,-6.6064585663554,1.57279035471683,1.13639777330626e-05,0.000101664285100717,"Nb_vs_rest","Other species higher"
"atf4b",24.2651600882551,-6.87320410816869,1.64364541103518,1.14160149408988e-05,0.000102015452663351,"Nb_vs_rest","Other species higher"
"GLUL",15.7106657410897,-6.60792301424113,1.57372520627084,1.14370960011587e-05,0.000102089514641215,"Nb_vs_rest","Other species higher"
"fbxw8",51.933932179685,-6.91009070766518,1.6542667214253,1.1515783212136e-05,0.000102595295203583,"Nb_vs_rest","Other species higher"
"psmc1a",21.4157930211385,-6.80685215644968,1.62682933080294,1.15194717421567e-05,0.000102595295203583,"Nb_vs_rest","Other species higher"
"capzb",25.2000397888028,-6.87838820447035,1.646465469721,1.15984044227416e-05,0.000103183129647133,"Nb_vs_rest","Other species higher"
"intu",146.008124250174,-6.89130688209634,1.65088616962003,1.17231669822574e-05,0.000104176918171954,"Nb_vs_rest","Other species higher"
"cmya5",76.4005395587569,-6.76331708409547,1.61703450565645,1.1747097984403e-05,0.000104273461530073,"Nb_vs_rest","Other species higher"
"gchfr",13.9205073367872,-6.54488434159362,1.55961783276262,1.17647882857878e-05,0.000104314456133986,"Nb_vs_rest","Other species higher"
"mrpl45",37.243088659316,-7.00866940562951,1.68331316663129,1.18490190964198e-05,0.000104878588421077,"Nb_vs_rest","Other species higher"
"fgfr2",20.8002332781004,-6.8356131740951,1.6370559548738,1.18546975884476e-05,0.000104878588421077,"Nb_vs_rest","Other species higher"
"capn3b",108.00211342968,-6.78796701463932,1.62563133823108,1.20200482130921e-05,0.00010622368188314,"Nb_vs_rest","Other species higher"
"ing3",15.8808045564778,-6.74333390717667,1.61393112894149,1.20399730757989e-05,0.000106282063213357,"Nb_vs_rest","Other species higher"
"larp6a",18.198518889275,-6.9126198301753,1.65927606590435,1.20721220759544e-05,0.000106448104050957,"Nb_vs_rest","Other species higher"
"mxd3",404.958419181506,-6.81778119565428,1.63409543946916,1.20911726940561e-05,0.000106498408497315,"Nb_vs_rest","Other species higher"
"ddb1",16.3214667585665,-6.59114431910175,1.57459295575158,1.21588917804591e-05,0.000106976798685847,"Nb_vs_rest","Other species higher"
"prkar2aa",17.8221168562935,-6.78211609399383,1.62573300611841,1.22435945383457e-05,0.000107485021359734,"Nb_vs_rest","Other species higher"
"kdm5a",18.8815311177657,-6.69573061618717,1.60272067388259,1.22316510339946e-05,0.000107485021359734,"Nb_vs_rest","Other species higher"
"dnm2b",138.209397314622,-6.94153782342089,1.66905940944536,1.23392855514648e-05,0.00010820604252823,"Nb_vs_rest","Other species higher"
"itga3b",21.6612338204657,-6.88227682805446,1.65345990540382,1.23783301869926e-05,0.000108429280891549,"Nb_vs_rest","Other species higher"
"anapc2",13.7552146642663,4.75250788008765,1.11110796067693,1.24170313989294e-05,0.000108649024740632,"Nb_vs_rest","Nb higher"
"gata1a",19.528022554883,-7.08227326569195,1.70790093591668,1.24532469723765e-05,0.000108727473566263,"Nb_vs_rest","Other species higher"
"psmc3ip",166.799087914999,-6.7465113913723,1.61771559286631,1.24428767509182e-05,0.000108727473566263,"Nb_vs_rest","Other species higher"
"OTUB2",34.910064570784,-6.71244292975173,1.60959820484343,1.25733797774484e-05,0.000109656361337747,"Nb_vs_rest","Other species higher"
"pdzk1",51.1248682508568,-6.87592498027067,1.65434141295822,1.27300936209367e-05,0.000110868798270469,"Nb_vs_rest","Other species higher"
"ano8a",93.2785951784595,-6.8313142014076,1.64246615965965,1.27401864679223e-05,0.000110868798270469,"Nb_vs_rest","Other species higher"
"slco5a1a",99.8262144452584,-7.0054049168328,1.68980748414092,1.2812539379652e-05,0.000111376976306779,"Nb_vs_rest","Other species higher"
"fscn1a",20.0811561741352,-6.70568476034306,1.60969362320573,1.28425833693135e-05,0.000111454559320192,"Nb_vs_rest","Other species higher"
"alkbh6",23.4430555327412,-6.62279157746139,1.58775888676212,1.2849397816363e-05,0.000111454559320192,"Nb_vs_rest","Other species higher"
"vsx1",29.687455925505,-7.15036095715137,1.72990165459554,1.29089660147501e-05,0.000111849672961679,"Nb_vs_rest","Other species higher"
"znf653",29.3920664143041,-6.81167041334715,1.6404013965588,1.31921002860315e-05,0.000114178915707735,"Nb_vs_rest","Other species higher"
"tardbp",16.3129918880058,-6.78021325659072,1.63313377159989,1.33595810601452e-05,0.000115378200064891,"Nb_vs_rest","Other species higher"
"mgrn1b",15.9758895162503,-6.73634029921333,1.62136136224298,1.33527624584187e-05,0.000115378200064891,"Nb_vs_rest","Other species higher"
"p3h2",25.747322329108,-6.60985245333704,1.58822866260739,1.34309314335265e-05,0.00011586900847518,"Nb_vs_rest","Other species higher"
"arpc4l",24.6010207108728,-7.15559199468535,1.73601591888649,1.35388757035091e-05,0.000116674112434129,"Nb_vs_rest","Other species higher"
"ap1m1",58.8729204891634,-6.93618677297296,1.67668674608912,1.35918048369617e-05,0.000117003886298764,"Nb_vs_rest","Other species higher"
"tac1",83.7482654764282,-7.14866758870935,1.73479995989186,1.36325655462886e-05,0.000117113812815959,"Nb_vs_rest","Other species higher"
"gtf2b",169.762873364289,-6.6450711920514,1.5989129329502,1.36339263290759e-05,0.000117113812815959,"Nb_vs_rest","Other species higher"
"bora",62.4880821399406,-6.95075550838587,1.68137022327945,1.36986812669789e-05,0.000117543523129561,"Nb_vs_rest","Other species higher"
"dazap2",8.78161279306089,4.37106977572666,1.02390921773057,1.37809518377428e-05,0.00011812244432351,"Nb_vs_rest","Nb higher"
"stt3b",18.8024713216399,-6.58202078675933,1.58356124628563,1.38508360995897e-05,0.000118594068749706,"Nb_vs_rest","Other species higher"
"si:ch211-176g6.2",18.7286876099178,-6.78787762378741,1.63887483062391,1.39077750023687e-05,0.000118953959827333,"Nb_vs_rest","Other species higher"
"stxbp1a",87.4254597770769,-7.14780569762459,1.73702534913052,1.39760107128392e-05,0.000119340902511051,"Nb_vs_rest","Other species higher"
"mtg1",79.5932943733927,-6.94040109167136,1.68061669843057,1.39976857433284e-05,0.000119340902511051,"Nb_vs_rest","Other species higher"
"dctn1b",36.0905112739987,-6.77776327875274,1.63675374446259,1.39978802945292e-05,0.000119340902511051,"Nb_vs_rest","Other species higher"
"TANC2",53.6831374297557,-6.79524212905952,1.64208098502682,1.40941384807523e-05,0.000120033324521242,"Nb_vs_rest","Other species higher"
"immp1l",49.9259175278189,-7.01355202811581,1.70149169986953,1.41445276637698e-05,0.000120334041318639,"Nb_vs_rest","Other species higher"
"abcb7",58.190483763614,-6.60315942544404,1.59175847769748,1.42599110486124e-05,0.000121186464502585,"Nb_vs_rest","Other species higher"
"pid1",23.6287092396478,-6.85193578835546,1.65876930062605,1.43099183056571e-05,0.000121482072424621,"Nb_vs_rest","Other species higher"
"znf526",250.053096103107,-6.68969275343287,1.61543132382568,1.43519423568998e-05,0.000121709351762019,"Nb_vs_rest","Other species higher"
"CHMP6",14.9387632374242,-6.69096572018672,1.61613283604118,1.44091258930497e-05,0.000121935126857409,"Nb_vs_rest","Other species higher"
"fbxo42",18.3629115523446,-6.64725752626833,1.60444159314628,1.44082146631554e-05,0.000121935126857409,"Nb_vs_rest","Other species higher"
"golgb1",29.1364484575289,-6.52591701466926,1.57249680812461,1.44659019531177e-05,0.000122285908459618,"Nb_vs_rest","Other species higher"
"entpd5a",37.3267646312205,-6.92102798716748,1.67864494498317,1.44888549926434e-05,0.000122350331048988,"Nb_vs_rest","Other species higher"
"tmem127",15.5026812593601,-6.63063818104487,1.60109457489291,1.45840691184071e-05,0.000122764632452414,"Nb_vs_rest","Other species higher"
"myl13",7.66740513845545,5.45076150926091,1.29491360363928,1.45780652314953e-05,0.000122764632452414,"Nb_vs_rest","Nb higher"
"trpm6",23.2471677777424,5.02793335340251,1.18880507872537,1.45747194934351e-05,0.000122764632452414,"Nb_vs_rest","Nb higher"
"nnt2",35.5833702566021,-6.80468507014646,1.64820048903759,1.46480427094334e-05,0.00012304355875924,"Nb_vs_rest","Other species higher"
"calm2a",187.672731032484,-2.88863441332146,0.671686330578377,1.46425477939725e-05,0.00012304355875924,"Nb_vs_rest","Other species higher"
"inpp5kb",46.0912488786171,-7.06662987938142,1.71970174076045,1.46927991163304e-05,0.000123160227886887,"Nb_vs_rest","Other species higher"
"pgap6",169.768836582483,-6.91130201636386,1.67724521878749,1.46786833339996e-05,0.000123160227886887,"Nb_vs_rest","Other species higher"
"rpl32",133.935272791394,-7.69688105009936,1.89676996697026,1.47780806526367e-05,0.000123427642827919,"Nb_vs_rest","Other species higher"
"vat1",145.64366773311,-7.0762511366324,1.72277405850041,1.47577480629873e-05,0.000123427642827919,"Nb_vs_rest","Other species higher"
"sdcbp2",53.2561409746672,-6.95593065827553,1.68987625620703,1.47552816513658e-05,0.000123427642827919,"Nb_vs_rest","Other species higher"
"leo1",16.0194360836953,-6.59524372898114,1.59288427652982,1.4786569742292e-05,0.000123427642827919,"Nb_vs_rest","Other species higher"
"cst3",145.340827862221,-4.24370693498442,0.996754051640294,1.48135962340305e-05,0.00012352403129317,"Nb_vs_rest","Other species higher"
"fastkd3",1630.9839153395,-3.26666070574699,0.761810336515888,1.48405445913677e-05,0.000123619567681747,"Nb_vs_rest","Other species higher"
"zc3h7a",33.8282483872859,-6.81026102660961,1.65197699199025,1.50084961927927e-05,0.000124888216494772,"Nb_vs_rest","Other species higher"
"polk",17.5516851355254,5.07599326747893,1.20308267702615,1.51042111294452e-05,0.000125553755013513,"Nb_vs_rest","Nb higher"
"krt18b",87.7991412854163,-7.58230201903153,1.86675738778216,1.51415855493523e-05,0.0001257334575274,"Nb_vs_rest","Other species higher"
"tmem170b",15.5392384454228,-6.68053929009097,1.61863686691327,1.52719837170359e-05,0.000126684438733832,"Nb_vs_rest","Other species higher"
"ptpn21",132.996756870698,-7.05067170028926,1.72025377945712,1.5446237956911e-05,0.000127996862820508,"Nb_vs_rest","Other species higher"
"tob1b",14.7923237752038,-6.55417778367974,1.58688781323645,1.56309872891129e-05,0.000129393442497014,"Nb_vs_rest","Other species higher"
"vrk2",37.9826070212513,-6.62224003011617,1.60544237573049,1.56889164759243e-05,0.000129651090841792,"Nb_vs_rest","Other species higher"
"pdxp",230.846583794341,3.42619423215423,0.802177231477074,1.569460573348e-05,0.000129651090841792,"Nb_vs_rest","Nb higher"
"pdgfrl",25.6888853445347,-6.87931880693428,1.67507777660722,1.57169928986019e-05,0.00012970176145899,"Nb_vs_rest","Other species higher"
"crx",17.0648031336895,-6.87673628990066,1.67485065629027,1.57953255193852e-05,0.000130156516078758,"Nb_vs_rest","Other species higher"
"fbxo31",22.597811476991,-6.56055901615299,1.58958422776334,1.58047198095635e-05,0.000130156516078758,"Nb_vs_rest","Other species higher"
"gc2",31.4215265577264,-7.31667935574969,1.79688774260769,1.58814318652102e-05,0.000130653429159152,"Nb_vs_rest","Other species higher"
"msi1",15.6098852856752,-6.74876707154348,1.64099599707468,1.59419800913545e-05,0.000130995308751162,"Nb_vs_rest","Other species higher"
"cpxm1a",24.145507221733,-6.73008421618754,1.63602639462937,1.59558195621716e-05,0.000130995308751162,"Nb_vs_rest","Other species higher"
"rps28",87.405045218472,-7.02066597350211,1.71550579136856,1.60028671241226e-05,0.000131111786088807,"Nb_vs_rest","Other species higher"
"metap1",35.0759292614682,-6.47090161796182,1.56673538131131,1.59985875623507e-05,0.000131111786088807,"Nb_vs_rest","Other species higher"
"fbxl5",64.1405182180666,-6.84109262655985,1.66787874481958,1.62533276340643e-05,0.000133027235404957,"Nb_vs_rest","Other species higher"
"uqcrc2b",16.4473808259433,-6.5956519138776,1.60195828550147,1.6332596998297e-05,0.000133539061522961,"Nb_vs_rest","Other species higher"
"lrit1b",22.3370596654142,-7.15899682986291,1.75598852208419,1.63643862735067e-05,0.000133662029132634,"Nb_vs_rest","Other species higher"
"aebp1",35.4596349830062,-7.41690614639975,1.82847584767925,1.63931193266849e-05,0.000133759808003012,"Nb_vs_rest","Other species higher"
"bbip1",225.96280054419,-6.7894024826148,1.65479772598072,1.64213296623848e-05,0.000133853126359377,"Nb_vs_rest","Other species higher"
"zgc:175088",133.085210923193,-6.89502114291067,1.68433398179312,1.65494188908959e-05,0.000134759553825867,"Nb_vs_rest","Other species higher"
"si:dkey-16l2.16",29.1945932445711,-6.45696797890252,1.56620788663123,1.65859429754506e-05,0.000134919291482259,"Nb_vs_rest","Other species higher"
"jcada",23.7951878719457,-6.78720307842899,1.65546852528896,1.6642591857665e-05,0.000135242243405465,"Nb_vs_rest","Other species higher"
"mblac2",16.0673282567935,-6.73403587022688,1.64171209051092,1.67631245066102e-05,0.000136083147062817,"Nb_vs_rest","Other species higher"
"faah2b",129.574888684905,-6.83177654001998,1.66890487095986,1.68699819065666e-05,0.000136811438632522,"Nb_vs_rest","Other species higher"
"cstf3",16.947839417858,-6.6775388410836,1.6271862828303,1.69029158031463e-05,0.000136939358486403,"Nb_vs_rest","Other species higher"
"hmgxb4a",15.9253023104833,-6.4065751149175,1.5551872694167,1.70475096911588e-05,0.00013797071737875,"Nb_vs_rest","Other species higher"
"pum1",14.4813927698475,-6.501044419717,1.58159549629856,1.72672851254049e-05,0.000139516794371035,"Nb_vs_rest","Other species higher"
"tet2",89.7707269469291,-3.18685105697684,0.748741979222591,1.72735078745091e-05,0.000139516794371035,"Nb_vs_rest","Other species higher"
"nop56",22.4157467526357,-6.76361748918434,1.6527111840864,1.72966547224778e-05,0.000139562492098456,"Nb_vs_rest","Other species higher"
"uba52",313.094145470774,-7.69964837104119,1.91558229790913,1.73160450814637e-05,0.000139577817929374,"Nb_vs_rest","Other species higher"
"ak3",48.0824044512848,-6.5107532565355,1.58853356942889,1.81138362477713e-05,0.000145714126267354,"Nb_vs_rest","Other species higher"
"hdhd2",11.5056478628568,4.7861105593284,1.14204611252756,1.81000776821984e-05,0.000145714126267354,"Nb_vs_rest","Nb higher"
"st7",35.6986854950844,-7.01373658508994,1.72622196767785,1.8160054545473e-05,0.000145938806921323,"Nb_vs_rest","Other species higher"
"mipep",105.133705426422,-6.81871066644277,1.67352613663972,1.83648883584277e-05,0.000147436427666251,"Nb_vs_rest","Other species higher"
"bag5",56.1026179205375,-6.94046180780369,1.70728500010886,1.84075312537589e-05,0.000147630250658287,"Nb_vs_rest","Other species higher"
"dyrk1ab",16.0514207715393,-6.51152409001317,1.59040577376743,1.84480491133417e-05,0.000147806658558702,"Nb_vs_rest","Other species higher"
"zc3h15",16.4459422346846,-6.55679341001261,1.60360591735466,1.8644783563618e-05,0.000149233072053833,"Nb_vs_rest","Other species higher"
"dennd4a",2011.4190471798,-4.73777852452622,1.13197057093924,1.87012433327869e-05,0.000149534991779198,"Nb_vs_rest","Other species higher"
"arl3b",25.9511572380199,-6.71840122483976,1.64804752464408,1.87467008840999e-05,0.000149748421476594,"Nb_vs_rest","Other species higher"
"rab3gap2",93.5302756922724,-6.71322341042407,1.64765478878862,1.89483978453731e-05,0.000151208214806077,"Nb_vs_rest","Other species higher"
"adamts9",45.6531306419164,-7.28041825028444,1.80564117488296,1.89884534785032e-05,0.000151376482276179,"Nb_vs_rest","Other species higher"
"nbas",39.3358726858455,-6.62448481716231,1.62393459505213,1.90431217502148e-05,0.00015166078998674,"Nb_vs_rest","Other species higher"
"srpx2",163.736084632288,-7.1631355904235,1.77412283789124,1.92775843142788e-05,0.000152765762490512,"Nb_vs_rest","Other species higher"
"PSMA4",20.4482387573398,-6.69368621756201,1.64395169924699,1.92759328647043e-05,0.000152765762490512,"Nb_vs_rest","Other species higher"
"slc25a46",16.236284538417,-6.47053539349792,1.58306056214304,1.92150343660613e-05,0.000152765762490512,"Nb_vs_rest","Other species higher"
"rapgef2",14.8094693177585,-6.460747545652,1.58050723667681,1.92334643683048e-05,0.000152765762490512,"Nb_vs_rest","Other species higher"
"ergic2",43.6574877993049,3.87200774742721,0.919383624793927,1.92437005170988e-05,0.000152765762490512,"Nb_vs_rest","Nb higher"
"p2rx1",13.6984897933916,4.11994203760453,0.980521913960791,1.93453029844123e-05,0.000153150315293264,"Nb_vs_rest","Nb higher"
"kars1",23.3311998274633,-6.94116489659073,1.7129006440621,1.94318366034547e-05,0.000153682909906411,"Nb_vs_rest","Other species higher"
"zgc:112356",80.4608117064832,-6.95409050912807,1.71702569265309,1.95352415817312e-05,0.000154347750319024,"Nb_vs_rest","Other species higher"
"zgc:158403",104.556145764195,-6.59686138132976,1.61908778495015,1.95924143135206e-05,0.000154478313768136,"Nb_vs_rest","Other species higher"
"usp8",16.5980317494048,-6.41688542762255,1.57041106620999,1.96038057986164e-05,0.000154478313768136,"Nb_vs_rest","Other species higher"
"RAB9A",8.55485156760112,4.52350619262037,1.08129427909705,1.96098410835992e-05,0.000154478313768136,"Nb_vs_rest","Nb higher"
"best1",299.678007519023,-6.91494786377592,1.70680991599677,1.96623533866321e-05,0.000154739230794205,"Nb_vs_rest","Other species higher"
"atf1",32.8058370638946,-6.71526389868731,1.65256162365693,1.98271189471779e-05,0.000155882176550226,"Nb_vs_rest","Other species higher"
"supt6h",19.9836947424723,-6.36665326410353,1.55843050228258,1.99430371274837e-05,0.00015663920893437,"Nb_vs_rest","Other species higher"
"si:ch73-335l21.1",13.4742712320666,-6.37008439996901,1.5602298967893,2.01386027107344e-05,0.000158019714485409,"Nb_vs_rest","Other species higher"
"cfap298",54.188739207381,-7.24608065725877,1.80333692632414,2.03464169290379e-05,0.000159493523667703,"Nb_vs_rest","Other species higher"
"hhipl2",21.4174846529889,-6.91808129866469,1.71205962207225,2.05365968528758e-05,0.000160826342380716,"Nb_vs_rest","Other species higher"
"scinla",29.1340293968436,-6.63100301525235,1.63496030310785,2.0995784135654e-05,0.000164261134708352,"Nb_vs_rest","Other species higher"
"krt8",235.466708153295,-7.4658690519961,1.87180710046984,2.13544243605476e-05,0.000166577034601339,"Nb_vs_rest","Other species higher"
"selenoo1",13.0527319384705,-6.47087923494731,1.59285133848071,2.13542234021518e-05,0.000166577034601339,"Nb_vs_rest","Other species higher"
"fam160b1",117.271861844041,3.22869482002673,0.76733734329358,2.13297234493483e-05,0.000166577034601339,"Nb_vs_rest","Nb higher"
"kcnj11",35.5077955876088,-7.55979120838342,1.89958891698046,2.14361172895564e-05,0.000166888015581132,"Nb_vs_rest","Other species higher"
"cnga3a",16.6158102651795,-6.69486108108418,1.65449739141619,2.14345045686227e-05,0.000166888015581132,"Nb_vs_rest","Other species higher"
"bzw1a",12.9762061622893,-6.48149945046372,1.59644706438842,2.15173436853632e-05,0.000167357117552825,"Nb_vs_rest","Other species higher"
"atp6ap2",14.9258155891895,-6.73643896614227,1.66656205595634,2.15655058627261e-05,0.000167568390247862,"Nb_vs_rest","Other species higher"
"ANKS6",43.9637236065248,-7.45524999532668,1.86998044698941,2.15902747808673e-05,0.000167597658318406,"Nb_vs_rest","Other species higher"
"pptc7b",13.0107577244089,-6.46768763219283,1.59429394620213,2.18922346041456e-05,0.000169776513256639,"Nb_vs_rest","Other species higher"
"wdr44",57.3352480841999,3.11196146846746,0.740132839111013,2.19198822486234e-05,0.000169825883829141,"Nb_vs_rest","Nb higher"
"cdc23",19.778377060733,-6.72835820997838,1.66634539286155,2.20127218792369e-05,0.00017035149805496,"Nb_vs_rest","Other species higher"
"tmtops2b",36.2634307125488,-6.51792050204677,1.60858396220261,2.20304192973332e-05,0.00017035149805496,"Nb_vs_rest","Other species higher"
"prom1b",16.1332020232392,-6.75147056002204,1.67320083219361,2.2115234669691e-05,0.000170841793479316,"Nb_vs_rest","Other species higher"
"RGS20",334.146509700705,-7.32733512598929,1.83667244531773,2.23025477928005e-05,0.000172122177356429,"Nb_vs_rest","Other species higher"
"slc2a10",59.0054216720642,-6.52282953628276,1.61183389479311,2.24803883282865e-05,0.000173327052038383,"Nb_vs_rest","Other species higher"
"p3h3",50.921411924831,-7.31118375929954,1.83306631753346,2.25123889754952e-05,0.000173406239405841,"Nb_vs_rest","Other species higher"
"plag1",106.334135694583,-6.76918718085668,1.68151120560196,2.28833271164719e-05,0.000175999072359489,"Nb_vs_rest","Other species higher"
"rasal2",16.6119759075514,-6.68289957878405,1.65762488122134,2.28931124196929e-05,0.000175999072359489,"Nb_vs_rest","Other species higher"
"cilp",460.481110877757,-6.51791749159847,1.61253742708885,2.29720633688464e-05,0.000176266409310956,"Nb_vs_rest","Other species higher"
"bckdha",12.459849827642,-6.42973954615395,1.58841706142885,2.29679012824938e-05,0.000176266409310956,"Nb_vs_rest","Other species higher"
"p4hb",26.6931141839935,-6.9142233245625,1.72265448557682,2.30249682461827e-05,0.000176502638428951,"Nb_vs_rest","Other species higher"
"EIF5AL1",128.339332867561,-6.79570765984487,1.68977262478525,2.30849670120411e-05,0.00017679274160853,"Nb_vs_rest","Other species higher"
"stk25b",61.2456439647325,-6.6159485542811,1.64067119537608,2.32571389905805e-05,0.000177940526505112,"Nb_vs_rest","Other species higher"
"cdr2a",16.2039631767085,-6.73269694066391,1.67353304587406,2.33855901915516e-05,0.000178751925027377,"Nb_vs_rest","Other species higher"
"polr2l",14.39849534808,-6.34534861369885,1.56723999970036,2.34190242491115e-05,0.000178836185175033,"Nb_vs_rest","Other species higher"
"uhrf1bp1",128.04693709014,-6.59719277824886,1.63729105364618,2.36914064012803e-05,0.000180743234304223,"Nb_vs_rest","Other species higher"
"MCOLN3",85.6055917408759,-6.90790416225124,1.72393058287576,2.37155256791523e-05,0.000180754436408439,"Nb_vs_rest","Other species higher"
"eif3f",144.185641721172,-6.66555856244797,1.6567374324238,2.38232991120026e-05,0.000181402602016966,"Nb_vs_rest","Other species higher"
"ctdsp2",16.4487114398765,-6.4475040905962,1.59681165862884,2.38540180023619e-05,0.000181463359064679,"Nb_vs_rest","Other species higher"
"lsm12b",13.8463962243674,-6.42068134346483,1.59029201113649,2.4062944891601e-05,0.000182878381176168,"Nb_vs_rest","Other species higher"
"sos2",11.4629807444664,-6.26629932403306,1.54873720001115,2.41919949653916e-05,0.000183684224380423,"Nb_vs_rest","Other species higher"
"mrps33",12.9566680610621,-6.43977894172342,1.59659172308304,2.43392299344045e-05,0.000184626478019532,"Nb_vs_rest","Other species higher"
"serp1",45.4694091131926,-6.88675084983179,1.720963630843,2.44092999583024e-05,0.000184982159228161,"Nb_vs_rest","Other species higher"
"entpd6",16.4294206669655,-6.70854710489451,1.67157195809808,2.45287047001617e-05,0.000185534657352882,"Nb_vs_rest","Other species higher"
"zbtb3",79.8793589018884,-6.48457648971926,1.60960342153908,2.45247951002221e-05,0.000185534657352882,"Nb_vs_rest","Other species higher"
"sept3",16.8334920243598,-6.59276662824563,1.63977939637931,2.46132940003471e-05,0.000185822219605269,"Nb_vs_rest","Other species higher"
"rcn3",86.4863472869777,3.71431078835644,0.892705567288042,2.46067042518157e-05,0.000185822219605269,"Nb_vs_rest","Nb higher"
"prepl",94.8025601352524,-7.04259947065407,1.76665565856919,2.47766764235887e-05,0.000186878901569223,"Nb_vs_rest","Other species higher"
"ldb1b",19.1501881543571,-6.43369275173639,1.59746755830944,2.50043836009463e-05,0.000188418301355573,"Nb_vs_rest","Other species higher"
"tpgs2",68.0672638379827,-6.93023141012263,1.73626956952978,2.51303708032593e-05,0.000188778254189008,"Nb_vs_rest","Other species higher"
"impdh1b",31.5072120195997,-6.67734900890784,1.66536505032856,2.51464027205003e-05,0.000188778254189008,"Nb_vs_rest","Other species higher"
"huwe1",22.0668446154467,-6.45436519049277,1.60351620161475,2.51026175235396e-05,0.000188778254189008,"Nb_vs_rest","Other species higher"
"eif4bb",54.6753180367129,-6.43318733582455,1.59786594115765,2.51467774690371e-05,0.000188778254189008,"Nb_vs_rest","Other species higher"
"ireb2",290.590637908441,-6.61030118482195,1.64722384730223,2.52723246813823e-05,0.000189542435110367,"Nb_vs_rest","Other species higher"
"rab1ab",13.1461072568425,-6.37426299733036,1.58248677588814,2.53548214274227e-05,0.000189982605625196,"Nb_vs_rest","Other species higher"
"ZNF830",204.738929645319,-6.75825319102345,1.6888818869289,2.5378882425906e-05,0.000189984504464099,"Nb_vs_rest","Other species higher"
"ip6k2a",15.1789787373463,-6.63465315597569,1.65543909865344,2.56464675302797e-05,0.000191807695306122,"Nb_vs_rest","Other species higher"
"pygmb",17.8560972069925,-6.78933973964655,1.69930991400534,2.58077148899516e-05,0.000192832925863122,"Nb_vs_rest","Other species higher"
"eif4e1c",13.910400591869,-6.50628377102754,1.62194020488565,2.62024099922501e-05,0.000195598907145141,"Nb_vs_rest","Other species higher"
"itgav",12.1558233041947,-6.48362133856287,1.61641608646419,2.64037692135243e-05,0.000196843793131263,"Nb_vs_rest","Other species higher"
"MAP3K13",10.9163694060723,3.35013428030352,0.80618211640471,2.64185090781433e-05,0.000196843793131263,"Nb_vs_rest","Nb higher"
"myog",88.7596928166744,4.23087441061587,1.02569788212067,2.6594663987469e-05,0.000197971472593286,"Nb_vs_rest","Nb higher"
"mrpl13",102.782264137463,-6.59469598189082,1.64853260444615,2.67607597913673e-05,0.000199022239641297,"Nb_vs_rest","Other species higher"
"slc25a32b",63.9169588842464,-6.93888817827696,1.74583823693246,2.6878189764396e-05,0.000199709454674004,"Nb_vs_rest","Other species higher"
"acad9",10.9593817645712,-6.35430130730075,1.58350693099702,2.71698720948657e-05,0.000201688910992584,"Nb_vs_rest","Other species higher"
"morn5",528.790931103826,-7.08824163713994,1.79065901765918,2.73968125846157e-05,0.000203184539428656,"Nb_vs_rest","Other species higher"
"mmab",34.4991755330623,-6.7548292998399,1.69603037656976,2.74752151836237e-05,0.000203576803310415,"Nb_vs_rest","Other species higher"
"ulk2",13.7779047423095,-6.66805879157517,1.67182066149211,2.75203050590068e-05,0.000203721738748492,"Nb_vs_rest","Other species higher"
"neu4",21.9761648831263,-6.58156707280463,1.64822912875553,2.76816003953071e-05,0.000204725830541752,"Nb_vs_rest","Other species higher"
"cpo",56.5362497812714,-6.80701117543583,1.7116598799956,2.7715576568538e-05,0.00020478731575642,"Nb_vs_rest","Other species higher"
"tspan14",24.0355313949372,-7.05739909444851,1.78456107404866,2.80971081273251e-05,0.000207414359718829,"Nb_vs_rest","Other species higher"
"dnajb6b",20.647527072004,-6.82244732395784,1.71783089807737,2.81971865433262e-05,0.000207843833465152,"Nb_vs_rest","Other species higher"
"thbd",23.513302514851,-6.37972760239219,1.59406671037637,2.8207377398842e-05,0.000207843833465152,"Nb_vs_rest","Other species higher"
"asap1b",15.3512927489252,-6.48939826532582,1.62468503372027,2.82805176983926e-05,0.000208190526967872,"Nb_vs_rest","Other species higher"
"smarcc1b",14.9651343493216,-6.38319784415169,1.5959461249612,2.84805124738819e-05,0.00020938040911391,"Nb_vs_rest","Other species higher"
"cdc42bpb",14.0604179413643,-6.3101279714983,1.57584721782911,2.84946271049757e-05,0.00020938040911391,"Nb_vs_rest","Other species higher"
"ap2m1a",20.4591795286783,-6.59253224887193,1.6550594318157,2.87468213740254e-05,0.000211039222230655,"Nb_vs_rest","Other species higher"
"ppp1r9a",63.3417269070333,-6.40223085031306,1.60270131967973,2.89262101445206e-05,0.00021216098984676,"Nb_vs_rest","Other species higher"
"ISYNA1",12.7860149789789,-6.55427883869559,1.64512730056856,2.89674689269817e-05,0.00021226850508477,"Nb_vs_rest","Other species higher"
"zgc:162331",343.842420901568,-7.33702868808576,1.86965731169123,2.90175908699706e-05,0.000212362108364382,"Nb_vs_rest","Other species higher"
"nprl3",28.1018559271499,-6.31685939761056,1.57947057493373,2.90334661936768e-05,0.000212362108364382,"Nb_vs_rest","Other species higher"
"mdc1",15.5944512689011,-6.22032779697953,1.55400442427784,2.9370412185761e-05,0.000214629935203638,"Nb_vs_rest","Other species higher"
"prex1",14.1548668830861,-6.51351433024883,1.63577680558677,2.95665764469906e-05,0.000215865763995412,"Nb_vs_rest","Other species higher"
"rpl35a",81.3296174695619,-6.89193620779209,1.74332652249056,2.97560024214498e-05,0.000216851962852209,"Nb_vs_rest","Other species higher"
"rab20",695.47310479061,-3.83388285584685,0.932117376314432,2.97551006680216e-05,0.000216851962852209,"Nb_vs_rest","Other species higher"
"prpf38b",11.9411849697665,-6.32935902302244,1.58537576585529,2.97934266344445e-05,0.000216926591736193,"Nb_vs_rest","Other species higher"
"rpl28",51.9468101149263,-7.12235689363125,1.81007207081089,2.98430043748928e-05,0.000217089493994206,"Nb_vs_rest","Other species higher"
"taf11",103.710107897738,-6.51978125979906,1.63894519935183,2.99920048166133e-05,0.000217974679814731,"Nb_vs_rest","Other species higher"
"nudt12",38.8537887022383,-6.67595456450051,1.68385285029831,3.0298688493345e-05,0.000220003215811549,"Nb_vs_rest","Other species higher"
"bckdk",13.7900482517271,-6.44653271358633,1.61997820480202,3.04432893985592e-05,0.000220852226727729,"Nb_vs_rest","Other species higher"
"poldip2",11.715009860712,-6.20950974830983,1.55468918656983,3.05463289553704e-05,0.000221398460548461,"Nb_vs_rest","Other species higher"
"dnaja2a",13.9740112533366,-6.31693414649907,1.58442267551227,3.0578376250027e-05,0.000221429621120885,"Nb_vs_rest","Other species higher"
"sh2d1ab",64.2325801045647,-6.79450592968472,1.71903617009528,3.07539066987725e-05,0.000222498799144338,"Nb_vs_rest","Other species higher"
"abca4b",21.5803179388603,-6.79049799961818,1.71820040783061,3.08429253784139e-05,0.000222714899910665,"Nb_vs_rest","Other species higher"
"apbb1",12.9424096254697,-6.52086372665868,1.64203965424997,3.08436029798735e-05,0.000222714899910665,"Nb_vs_rest","Other species higher"
"IKZF5",28.1535319082304,-6.50674936577717,1.63825460079266,3.08954128071562e-05,0.000222714899910665,"Nb_vs_rest","Other species higher"
"rab9b",37.0611897798177,-6.37624015807279,1.60179562146544,3.08753483035689e-05,0.000222714899910665,"Nb_vs_rest","Other species higher"
"usp7",16.8971054904988,-6.57493221923107,1.65774024338374,3.10053750195499e-05,0.000223305859797841,"Nb_vs_rest","Other species higher"
"engase",43.4433759443636,-6.55431879645122,1.65247647510983,3.11682898474477e-05,0.000224074732416786,"Nb_vs_rest","Other species higher"
"adob",11.0920354878377,-6.2338428013935,1.56322725616336,3.11503328090508e-05,0.000224074732416786,"Nb_vs_rest","Other species higher"
"CAPZA2",17.8669754275636,-6.58046701558185,1.66042276426047,3.13514788280973e-05,0.000225188839827377,"Nb_vs_rest","Other species higher"
"rnf115",120.592248198351,3.56100545021501,0.866855765857401,3.16087122836973e-05,0.000226832305776893,"Nb_vs_rest","Nb higher"
"nudt22",19.7973231779986,-6.61864311062135,1.67213236404873,3.16436985119687e-05,0.000226879347821663,"Nb_vs_rest","Other species higher"
"id3",26.3186497952877,-6.84373987806433,1.73672588864208,3.18150022862084e-05,0.000227698402012505,"Nb_vs_rest","Other species higher"
"gpx4b",77.1771190423992,-3.33034891767376,0.809616953693038,3.17986289081417e-05,0.000227698402012505,"Nb_vs_rest","Other species higher"
"slc6a16a",27.740163818941,-6.8827930830288,1.74808637669616,3.18601667758257e-05,0.000227817321569076,"Nb_vs_rest","Other species higher"
"mprip",17.352570729697,-6.24478636573983,1.569064621594,3.20917081457472e-05,0.00022926752999379,"Nb_vs_rest","Other species higher"
"madd",12.2759484538174,-6.25747827865543,1.57268145476894,3.21272512346312e-05,0.000229316158186366,"Nb_vs_rest","Other species higher"
"churc1",66.1939867499967,-6.40092083480229,1.61330668887352,3.23774416784783e-05,0.00023052325160567,"Nb_vs_rest","Other species higher"
"si:ch1073-390k14.1",154.774627070824,-6.36277210676248,1.60259977151456,3.23550546007406e-05,0.00023052325160567,"Nb_vs_rest","Other species higher"
"cox4i2",40.0035020897163,4.99703844326728,1.23485361535293,3.23830282017489e-05,0.00023052325160567,"Nb_vs_rest","Nb higher"
"adamts14",6.0058983787989,5.51109870995804,1.37114527104325,3.2592307348712e-05,0.000231806250127203,"Nb_vs_rest","Nb higher"
"nostrin",14.735791314975,-6.4745832972685,1.63540252403579,3.28618919554354e-05,0.000233515492256789,"Nb_vs_rest","Other species higher"
"rgs5a",127.504786619355,-7.10667405726167,1.81664056109396,3.29144497913533e-05,0.000233680880191281,"Nb_vs_rest","Other species higher"
"slc25a18",34.7681850830328,-6.69774852242019,1.70063960180137,3.35445610107631e-05,0.000237942752769679,"Nb_vs_rest","Other species higher"
"cebpb",16.1431503147559,-6.72005020121845,1.70731123721918,3.3642791661892e-05,0.000238427599877352,"Nb_vs_rest","Other species higher"
"psmb4",32.2728373461585,-6.93504933751873,1.769712887116,3.38173579689188e-05,0.000239103316785706,"Nb_vs_rest","Other species higher"
"hdlbpb",14.5371777022971,-6.59037132070153,1.67094761306469,3.38102663068949e-05,0.000239103316785706,"Nb_vs_rest","Other species higher"
"rbsn",262.559776044598,2.85381308056978,0.694039997718089,3.38280256454965e-05,0.000239103316785706,"Nb_vs_rest","Nb higher"
"rbm39b",10.4916476149743,-6.24331799820465,1.57427638612021,3.40386683991835e-05,0.00024037926887211,"Nb_vs_rest","Other species higher"
"nvl",988.530940565437,-6.77157629571992,1.72357095954388,3.41237132235281e-05,0.000240484520594438,"Nb_vs_rest","Other species higher"
"bmp10",31.1626962457587,-6.68674523934425,1.69964871059439,3.42343878941456e-05,0.000240484520594438,"Nb_vs_rest","Other species higher"
"gba",197.924274420435,-6.6498336494147,1.68910422962354,3.42261135956137e-05,0.000240484520594438,"Nb_vs_rest","Other species higher"
"ppa1b",13.3879010932745,-6.53109306229816,1.6552505015686,3.41658922295356e-05,0.000240484520594438,"Nb_vs_rest","Other species higher"
"serpinh1b",20.9457064155095,-6.51754422285469,1.65148702762508,3.41869662745888e-05,0.000240484520594438,"Nb_vs_rest","Other species higher"
"dync1li1",13.8325478566217,-6.39004788675457,1.61551735269751,3.41476263756902e-05,0.000240484520594438,"Nb_vs_rest","Other species higher"
"metap2b",101.726040436327,-6.68795687348077,1.70051323197913,3.44029477949598e-05,0.000241032066201738,"Nb_vs_rest","Other species higher"
"utp20",30.6440357669129,-6.52472362191063,1.65413559245533,3.43958817482902e-05,0.000241032066201738,"Nb_vs_rest","Other species higher"
"ctns",97.0808469945695,2.7022166069419,0.657165641961175,3.43532597448077e-05,0.000241032066201738,"Nb_vs_rest","Nb higher"
"si:dkey-44g23.5",44.3318101280183,-6.43162864789755,1.62815811281541,3.44831740092882e-05,0.000241382218065018,"Nb_vs_rest","Other species higher"
"traf3ip1",14.4007013421192,-6.63651789949388,1.68638822827318,3.45791688622153e-05,0.000241785695044291,"Nb_vs_rest","Other species higher"
"zgc:158803",13.1298828289234,-6.22471654751758,1.57068055810211,3.46014114963134e-05,0.000241785695044291,"Nb_vs_rest","Other species higher"
"mettl8",26.7731625455766,-6.46612101961467,1.63856682612865,3.47249929367419e-05,0.00024243695856098,"Nb_vs_rest","Other species higher"
"eif5",32.4877484042689,-6.64573207346352,1.6896191760701,3.47800449200676e-05,0.000242609054599772,"Nb_vs_rest","Other species higher"
"dnm1a",18.283446533594,-6.80101569163349,1.73436617925505,3.48700142608426e-05,0.000242812141188066,"Nb_vs_rest","Other species higher"
"sidt2",16.9503096803237,4.67294885968341,1.15554373926235,3.48585579773057e-05,0.000242812141188066,"Nb_vs_rest","Nb higher"
"osbpl9",11.3507966217492,-6.32976281509282,1.60111217467406,3.50139497662856e-05,0.000243601847545736,"Nb_vs_rest","Other species higher"
"RALGDS",14.6293687410057,-6.54974342196558,1.66339657800312,3.51351822801439e-05,0.000244232364630269,"Nb_vs_rest","Other species higher"
"hnrnph1",184.101721263843,-2.60241207250553,0.633426719754161,3.52138066280276e-05,0.000244565863265152,"Nb_vs_rest","Other species higher"
"usp25",12.2146156611454,-6.47824806193556,1.6437164978433,3.5323179347259e-05,0.000245112148861849,"Nb_vs_rest","Other species higher"
"TMEM164",15.9597887057573,-6.4889429634561,1.64716560287764,3.54721703575548e-05,0.00024593216286124,"Nb_vs_rest","Other species higher"
"fer",76.2372234702524,-6.85239570336805,1.75328319941231,3.61930359731086e-05,0.000250554956372569,"Nb_vs_rest","Other species higher"
"parla",74.989317883343,4.13739887146793,1.01990665803269,3.62017374307735e-05,0.000250554956372569,"Nb_vs_rest","Nb higher"
"thbs4a",233.447679559122,-6.71667341952612,1.71498853691149,3.64811966534908e-05,0.000252270320012874,"Nb_vs_rest","Other species higher"
"spcs3",30.319337852122,-6.52431614529128,1.66026452882672,3.65539095612888e-05,0.000252335811677409,"Nb_vs_rest","Other species higher"
"dhx30",16.3295981122103,-6.39440733243082,1.62348809570097,3.65387871320594e-05,0.000252335811677409,"Nb_vs_rest","Other species higher"
"uckl1b",35.1890781447509,-6.42372875425684,1.63211325017864,3.66688855241977e-05,0.000252910722975884,"Nb_vs_rest","Other species higher"
"SLC25A29",16.6516344258636,-6.42302045937316,1.63201425286245,3.67055264481879e-05,0.000252944819565233,"Nb_vs_rest","Other species higher"
"psmd7",15.6317273691625,-6.50905486464989,1.65673385484216,3.68390653559372e-05,0.000253465205875176,"Nb_vs_rest","Other species higher"
"kcnj11l",25.830290653676,-6.31706585936035,1.60257529597561,3.68445662675694e-05,0.000253465205875176,"Nb_vs_rest","Other species higher"
"chchd2",13.882415005781,-6.46532796608798,1.64464258869371,3.69481142126428e-05,0.000253958614484831,"Nb_vs_rest","Other species higher"
"ATP1A1",64.4789474689611,-6.43567030333351,1.63644628636445,3.70182835384583e-05,0.000254221947191822,"Nb_vs_rest","Other species higher"
"nuak2",18.6941721519653,-6.47252870940358,1.64711441688789,3.71047840638987e-05,0.00025459688463449,"Nb_vs_rest","Other species higher"
"ypel3",15.6307039107463,-6.48464486270903,1.65098414038347,3.72626293252233e-05,0.000255460293827562,"Nb_vs_rest","Other species higher"
"rps17",211.20968217247,-7.16915863214599,1.8498797241032,3.73646060052533e-05,0.000255818609499323,"Nb_vs_rest","Other species higher"
"ints14",365.531012594302,-3.61434762784758,0.88863880284618,3.73790098591742e-05,0.000255818609499323,"Nb_vs_rest","Other species higher"
"rasip1",21.1432978926802,-6.61096165824585,1.68812851547159,3.76806419438083e-05,0.000257661973189024,"Nb_vs_rest","Other species higher"
"gsna",39.6584578237523,-6.91527456388047,1.77866569356415,3.85554630324047e-05,0.000262743462851059,"Nb_vs_rest","Other species higher"
"adcy5",14.3378888343689,-6.37916367524225,1.6245256085851,3.85287113227718e-05,0.000262743462851059,"Nb_vs_rest","Other species higher"
"myo1ca",19.6848572030642,-6.33559423682805,1.61221273358527,3.85220548151611e-05,0.000262743462851059,"Nb_vs_rest","Other species higher"
"rbm25b",341.710190900264,-2.93901170021648,0.720373642955851,3.84863854937522e-05,0.000262743462851059,"Nb_vs_rest","Other species higher"
"trim65",344.006004033202,-6.64753334682323,1.70132461121842,3.86527582383599e-05,0.000263181749779959,"Nb_vs_rest","Other species higher"
"taok3a",21.8753111772027,-6.64367569001351,1.70059215038941,3.87887978280866e-05,0.000263882870134809,"Nb_vs_rest","Other species higher"
"srebf1",15.1249355601657,-6.39458597952286,1.63016481400753,3.90177059446387e-05,0.000265214048925227,"Nb_vs_rest","Other species higher"
"atxn7l2a",5.44007648871817,4.83642026795814,1.20615201499896,3.9057422631562e-05,0.000265258070297757,"Nb_vs_rest","Nb higher"
"triobpb",15.3392768020165,-6.30881603141889,1.60654015610224,3.92514404769938e-05,0.000266349060379601,"Nb_vs_rest","Other species higher"
"cep85",11.123352133086,-6.22107966168969,1.58198168978594,3.92933081700005e-05,0.000266406626335263,"Nb_vs_rest","Other species higher"
"gask1a",6.7229171646904,4.69757502435875,1.17079125398198,3.96720551476938e-05,0.000268746180032764,"Nb_vs_rest","Nb higher"
"rida",1599.32072703384,4.17411415869842,1.03513994351974,3.98972264062825e-05,0.000270042295777892,"Nb_vs_rest","Nb higher"
"si:ch211-253b8.5",23.7083104751484,-6.66009012268549,1.70885378401469,4.00851272297429e-05,0.00027087205332783,"Nb_vs_rest","Other species higher"
"wdr61",84.3942657271084,-6.53120893697438,1.67183994447574,4.00877061378655e-05,0.00027087205332783,"Nb_vs_rest","Other species higher"
"ubald1b",15.5501341790561,-6.46594755727166,1.65342933049431,4.01733922665268e-05,0.000270992113513849,"Nb_vs_rest","Other species higher"
"gsk3ba",10.3110478022504,-6.19394616648687,1.57650537265154,4.0159280587678e-05,0.000270992113513849,"Nb_vs_rest","Other species higher"
"rps9",183.732515624116,-7.22021115499877,1.87434519148938,4.03308965094535e-05,0.000271595404342143,"Nb_vs_rest","Other species higher"
"mre11a",22.9352763158666,3.66080369657257,0.904317246309034,4.03051003467392e-05,0.000271595404342143,"Nb_vs_rest","Nb higher"
"lta4h",44.0978152122326,-6.44538770767295,1.64826038924254,4.04412113513238e-05,0.000272108656478553,"Nb_vs_rest","Other species higher"
"utp6",438.406564661918,-3.37857356401064,0.833279650129111,4.07192265925012e-05,0.000273748465213277,"Nb_vs_rest","Other species higher"
"ncln",574.296922814683,-6.67475847983879,1.71617083406977,4.12385981074416e-05,0.000277006744863118,"Nb_vs_rest","Other species higher"
"nckipsd",14.094879622423,-6.54038980730166,1.67763516004564,4.13082574676388e-05,0.000277241290657492,"Nb_vs_rest","Other species higher"
"sar1b",12.7197468764215,-6.52140770407258,1.67253071919264,4.14410718876632e-05,0.000277665620204494,"Nb_vs_rest","Other species higher"
"rbp3",60.5354735903141,-6.15952790054411,1.56990862111481,4.14366875661968e-05,0.000277665620204494,"Nb_vs_rest","Other species higher"
"mrps25",828.808376724854,2.82358068248833,0.694677715423262,4.15995142429752e-05,0.000278493392331327,"Nb_vs_rest","Nb higher"
"slc1a5",14.5550101259172,-6.3729121658075,1.63179243493987,4.2108059030775e-05,0.00028137163851749,"Nb_vs_rest","Other species higher"
"rab5b",15.1747649186766,-6.31986425491872,1.61666801026382,4.20829574709388e-05,0.00028137163851749,"Nb_vs_rest","Other species higher"
"tjp1a",11.1567132502186,-6.2333670513818,1.59233027766733,4.2135226569975e-05,0.00028137163851749,"Nb_vs_rest","Other species higher"
"opn7a",38.5199946059247,-6.46142108519927,1.65751590981327,4.23028339203613e-05,0.000282254694552244,"Nb_vs_rest","Other species higher"
"id1",19.2950497804378,-6.77247559529561,1.74756595247325,4.23718274743788e-05,0.000282478849829192,"Nb_vs_rest","Other species higher"
"ctcf",14.1192338912677,-6.24203289588569,1.59550142128523,4.24429737635896e-05,0.000282716970478669,"Nb_vs_rest","Other species higher"
"marcksl1b",61.6399659702772,-6.37701017967854,1.63402689383649,4.25485020170042e-05,0.000283183524683648,"Nb_vs_rest","Other species higher"
"itgb1a",29.245644112127,-6.88687399896791,1.78182770851378,4.26432107723858e-05,0.000283341233941415,"Nb_vs_rest","Other species higher"
"nme6",17.8389705021522,-6.46383486085601,1.65904435000997,4.26426499401561e-05,0.000283341233941415,"Nb_vs_rest","Other species higher"
"chd2",18.8141052674312,-6.32726208077357,1.62088215203541,4.29678890311106e-05,0.000285261027011866,"Nb_vs_rest","Other species higher"
"syf2",20.6140770776784,-6.5094135185991,1.6734732783832,4.31943330213203e-05,0.000286288021187821,"Nb_vs_rest","Other species higher"
"ralaa",13.9048929237698,-6.42059538898124,1.64797897232637,4.31779286369281e-05,0.000286288021187821,"Nb_vs_rest","Other species higher"
"pcyt1aa",3221.97152896052,-6.46991140509635,1.66254664264262,4.33636674625835e-05,0.00028714124983784,"Nb_vs_rest","Other species higher"
"acad8",48.9371433541789,-6.31013043533674,1.61702270504994,4.33950309905307e-05,0.00028714124983784,"Nb_vs_rest","Other species higher"
"cdkl1",25.9420076542816,-6.28621050957454,1.6103545296544,4.34469193998124e-05,0.000287246409950707,"Nb_vs_rest","Other species higher"
"fgl2a",40.7682486054786,-6.81645514615644,1.76338439570655,4.34938859437029e-05,0.000287318882310223,"Nb_vs_rest","Other species higher"
"arf2b",42.8440315081575,-6.97255331306117,1.81048991563969,4.3881471844944e-05,0.000289639491582013,"Nb_vs_rest","Other species higher"
"tarbp2",19.4153129708423,-6.66374986028827,1.72030149884703,4.40893625385919e-05,0.00029053105950286,"Nb_vs_rest","Other species higher"
"tmem98",42.4149068878417,-6.50070461795913,1.67306278724552,4.40543274547595e-05,0.00029053105950286,"Nb_vs_rest","Other species higher"
"rplp1",202.061050111912,-7.33829139952993,1.92162945066578,4.42195512083145e-05,0.000291148530232962,"Nb_vs_rest","Other species higher"
"elob",15.9861917996853,-6.13045323054008,1.56875793869215,4.45177673855003e-05,0.000292629146405513,"Nb_vs_rest","Other species higher"
"ndufb2",20.5550414271036,4.68629602216486,1.17585148825596,4.45080779183302e-05,0.000292629146405513,"Nb_vs_rest","Nb higher"
"mob3a",13.3113619783382,-6.252903737549,1.60431952496837,4.49391943951286e-05,0.000295156190348252,"Nb_vs_rest","Other species higher"
"gpam",12.3043820761142,-6.45015329042588,1.66074606973468,4.49853542012935e-05,0.000295216386945989,"Nb_vs_rest","Other species higher"
"sesn2",11.2796078169904,-6.34559612318754,1.63110130548907,4.51135495156557e-05,0.000295814400275212,"Nb_vs_rest","Other species higher"
"zgc:136864",14.3810674766326,4.26811904463,1.06728337497483,4.52381761767269e-05,0.000296388050813038,"Nb_vs_rest","Nb higher"
"ppp4r3b",469.442503968382,-6.33783092148291,1.62961126767754,4.54324137614651e-05,0.000297416457601716,"Nb_vs_rest","Other species higher"
"nphp3",16.5197818651057,-6.20352423019704,1.59176198514274,4.55893963318987e-05,0.000298199494039797,"Nb_vs_rest","Other species higher"
"qrsl1",37.0721180794622,-6.73456507592357,1.74571192307614,4.6003436886898e-05,0.000300661282848031,"Nb_vs_rest","Other species higher"
"prmt9",158.089138808575,-6.52432236002085,1.68460041115212,4.60434874944976e-05,0.000300676784129371,"Nb_vs_rest","Other species higher"
"itga10",51.7016182553592,-6.30369437148603,1.62135118601246,4.60911746127189e-05,0.000300742087824609,"Nb_vs_rest","Other species higher"
"oaz1b",17.1712547715568,-6.17428319473645,1.58513757607634,4.63513598329133e-05,0.000302192689106739,"Nb_vs_rest","Other species higher"
"ppic",10.0161520918872,-6.26662267632526,1.61184614643057,4.65720159682967e-05,0.000303383418307761,"Nb_vs_rest","Other species higher"
"ldhbb",29.414736308664,-6.57445819907858,1.70147618430116,4.70482670522759e-05,0.000305261627273329,"Nb_vs_rest","Other species higher"
"spcs2",21.742488837936,-6.51420193453983,1.68374636274161,4.69375668893871e-05,0.000305261627273329,"Nb_vs_rest","Other species higher"
"chmp1b",12.5535465732998,-6.45761472729578,1.66758584915424,4.70198353216037e-05,0.000305261627273329,"Nb_vs_rest","Other species higher"
"vars2",19.7449459077717,-6.33817122325577,1.63304061231526,4.6918676887227e-05,0.000305261627273329,"Nb_vs_rest","Other species higher"
"phf23b",11.1424016404551,-6.14620187452489,1.57868171720895,4.70516042037839e-05,0.000305261627273329,"Nb_vs_rest","Other species higher"
"PBLD",14.0811362900821,-6.63723658837412,1.72011704052467,4.72014766465534e-05,0.000305488875620029,"Nb_vs_rest","Other species higher"
"thap4",307.097118968318,-6.51003507682828,1.68303941958956,4.71551670389272e-05,0.000305488875620029,"Nb_vs_rest","Other species higher"
"lzts2a",11.5043676789419,-6.31531335949025,1.62710188044792,4.71917212793452e-05,0.000305488875620029,"Nb_vs_rest","Other species higher"
"srsf4",20.8061700226064,-6.43493942463922,1.66158916829648,4.72589874665002e-05,0.000305613225269588,"Nb_vs_rest","Other species higher"
"bmt2",13.1200081019753,-6.36157740363591,1.64093573397362,4.74563330020353e-05,0.000306392829576248,"Nb_vs_rest","Other species higher"
"slc25a36a",7.88063170401411,4.14163633809568,1.03732702734987,4.745055088821e-05,0.000306392829576248,"Nb_vs_rest","Nb higher"
"crata",77.4154374701267,-6.73867655545204,1.75078269785574,4.76010592316065e-05,0.000307078781461778,"Nb_vs_rest","Other species higher"
"sh3d19",3686.37154059444,-6.87186706164979,1.79038416786979,4.77018934617577e-05,0.000307480702604868,"Nb_vs_rest","Other species higher"
"six9",88.3791864064195,-6.41747054049841,1.65799535543626,4.79043173468326e-05,0.000308536281216888,"Nb_vs_rest","Other species higher"
"map1lc3b",13.8348739551203,-6.5946082164242,1.71058756749273,4.84579956062961e-05,0.000311850649143744,"Nb_vs_rest","Other species higher"
"prrc2c",15.0868776495452,-6.41904004049464,1.65994697691689,4.85852389534408e-05,0.000312417571997145,"Nb_vs_rest","Other species higher"
"ap3d1",20.7884764007754,-6.33634180558882,1.63707086385037,4.90143104472419e-05,0.00031492286422624,"Nb_vs_rest","Other species higher"
"gtf2e2",175.201303726143,2.64214177502169,0.655615952542493,4.91060226633511e-05,0.000315258295135593,"Nb_vs_rest","Nb higher"
"tubgcp4",59.9514703375616,-6.37506602358334,1.64874827573007,4.92666557927348e-05,0.000316035300020919,"Nb_vs_rest","Other species higher"
"traf6",23.6933732364791,-7.07941733668679,1.85673905266587,4.93816641446218e-05,0.000316518618372756,"Nb_vs_rest","Other species higher"
"gopc",14.4475899929942,-6.41438310859914,1.66067519795749,4.95397929031575e-05,0.000317277325334829,"Nb_vs_rest","Other species higher"
"mrs2",13.9133413546498,-6.48823415452286,1.68280695442144,4.98838959987512e-05,0.00031922493189257,"Nb_vs_rest","Other species higher"
"gid8b",11.0942041374586,-6.12589619056837,1.57947566902158,5.02386634435274e-05,0.000321237607595632,"Nb_vs_rest","Other species higher"
"ube3c",17.4961579212387,-6.67888264653533,1.73971119172903,5.04157983159953e-05,0.000322112146166247,"Nb_vs_rest","Other species higher"
"eif4eb",49.8077098000205,-6.66493595387835,1.73616690277164,5.06653211727614e-05,0.000323340975087204,"Nb_vs_rest","Other species higher"
"adam10b",12.0632514479594,-6.28608703766523,1.62614774399018,5.06891678990091e-05,0.000323340975087204,"Nb_vs_rest","Other species higher"
"med20",63.6326481260391,-6.34293364519408,1.64356164920699,5.12029818487854e-05,0.000326357663860469,"Nb_vs_rest","Other species higher"
"dynll1",18.7627332196729,-6.43554519926448,1.67089836303021,5.14680175485714e-05,0.000327785139694812,"Nb_vs_rest","Other species higher"
"PLXND1",18.9813302013018,-6.39954818915201,1.66155638478821,5.19938886520775e-05,0.00033087020051322,"Nb_vs_rest","Other species higher"
"snap25a",31.8721115644959,-7.10085043067227,1.87032262341162,5.22762215119435e-05,0.000332401790968374,"Nb_vs_rest","Other species higher"
"haao",14.1256311674619,-6.46474902223997,1.68156056122639,5.25100726675341e-05,0.000333622913922709,"Nb_vs_rest","Other species higher"
"ca7",59.6692711221971,-6.75910794979692,1.7687473419837,5.28020589090489e-05,0.000334794571856777,"Nb_vs_rest","Other species higher"
"mpp5b",10.2348304892819,-6.30588327761297,1.63612295964706,5.28016966625566e-05,0.000334794571856777,"Nb_vs_rest","Other species higher"
"lats1",9.84754461648076,-6.16831940603925,1.59673148511234,5.28623008194911e-05,0.000334794571856777,"Nb_vs_rest","Other species higher"
"bbs2",14.7606477453186,-6.1196695146234,1.58281827140869,5.28539974909356e-05,0.000334794571856777,"Nb_vs_rest","Other species higher"
"galnt2",13.4404211891438,-6.3021121214067,1.63560595894423,5.30882483545932e-05,0.000335958938833984,"Nb_vs_rest","Other species higher"
"ythdf3",11.6063161677878,-6.18817569102556,1.60331987351484,5.33294963392159e-05,0.000337218209815327,"Nb_vs_rest","Other species higher"
"si:dkey-122a22.2",53.1453389228592,-6.52321691443655,1.70042649805018,5.33769606868522e-05,0.000337251105527379,"Nb_vs_rest","Other species higher"
"lrrk2",558.69943521946,-6.89011868590262,1.809452471556,5.35088013371465e-05,0.000337816641353188,"Nb_vs_rest","Other species higher"
"TMEM50B",232.879311545002,-6.46292452561011,1.68351298116503,5.37175005037202e-05,0.000338866129659832,"Nb_vs_rest","Other species higher"
"aimp2",15.5451168582355,-6.565487144612,1.71440110161334,5.41389349288801e-05,0.000341254897892941,"Nb_vs_rest","Other species higher"
"C18orf32",24.0249119298945,-6.48037232996545,1.68960792930525,5.42097612724957e-05,0.000341291269257942,"Nb_vs_rest","Other species higher"
"man2b2",48.9920935493942,-6.37244519608763,1.65822131587392,5.42302417818384e-05,0.000341291269257942,"Nb_vs_rest","Other species higher"
"gna11a",10.6323679340323,-6.26944801573746,1.62875495259736,5.44000683701616e-05,0.000342090264455389,"Nb_vs_rest","Other species higher"
"DIP2C",18.6330003956229,-6.39789325278173,1.66625368566037,5.45526542504537e-05,0.000342779670014662,"Nb_vs_rest","Other species higher"
"zgc:173742",591.825828252757,-6.74286779782546,1.76822870378266,5.47902853358608e-05,0.000343898374609016,"Nb_vs_rest","Other species higher"
"golga3",9.42609568221662,-6.15292164634188,1.59604359494582,5.48168837722641e-05,0.000343898374609016,"Nb_vs_rest","Other species higher"
"arl6ip5b",18.4765381735883,-6.39269156928821,1.66537399646221,5.48726361458221e-05,0.000343977719123064,"Nb_vs_rest","Other species higher"
"gtpbp4",127.355195599395,-6.65232043796867,1.74263251861382,5.54032331119236e-05,0.00034703124037139,"Nb_vs_rest","Other species higher"
"tbc1d4",31.582887031507,-6.41087226617238,1.6721567068318,5.56299606130605e-05,0.000347905239570707,"Nb_vs_rest","Other species higher"
"susd6",9.61663515213985,-6.18788303702135,1.60757750050174,5.56177739671221e-05,0.000347905239570707,"Nb_vs_rest","Other species higher"
"tatdn3",13.8285140165233,-6.45594404392791,1.68601788550965,5.59862557863644e-05,0.000349595946555289,"Nb_vs_rest","Other species higher"
"rab11al",112.335597568031,-6.31802733189837,1.64586571805601,5.59933839818403e-05,0.000349595946555289,"Nb_vs_rest","Other species higher"
"optn",11.56221763967,-6.11465685065698,1.58732424902995,5.60317312837362e-05,0.000349595946555289,"Nb_vs_rest","Other species higher"
"ndufv1",18.7631622346382,-6.49627508475204,1.69848762745156,5.63178275453756e-05,0.000351083959918897,"Nb_vs_rest","Other species higher"
"thap12b",21.5846219897872,-6.22912799098582,1.62083831706097,5.63582146185598e-05,0.000351083959918897,"Nb_vs_rest","Other species higher"
"ptcd3",14.0159070557331,-6.32789699064113,1.64982992778637,5.65713775186496e-05,0.000352136967705791,"Nb_vs_rest","Other species higher"
"isoc2",113.25418310409,-6.28866886285228,1.6397321920437,5.72551438295029e-05,0.00035611539186238,"Nb_vs_rest","Other species higher"
"dlst",21.46854383292,-6.29329044058255,1.64224439544485,5.78862698954668e-05,0.000359760462434443,"Nb_vs_rest","Other species higher"
"cln6b",27.3390602229274,-6.24614408042958,1.6290031574366,5.81196919874512e-05,0.000360752889326397,"Nb_vs_rest","Other species higher"
"kif5ba",10.6919667583011,-6.20657342587064,1.61758837572546,5.81363678789157e-05,0.000360752889326397,"Nb_vs_rest","Other species higher"
"virma",21.0867213976467,-6.42349092395835,1.68089662646504,5.82543515758829e-05,0.000361204137976337,"Nb_vs_rest","Other species higher"
"ndufaf1",65.6926804119628,4.35231530215793,1.10609947329043,5.83296149589176e-05,0.000361390005723729,"Nb_vs_rest","Nb higher"
"cldn1",12.2036543391897,-6.41761426171803,1.67952741077872,5.8440552448627e-05,0.000361515975612437,"Nb_vs_rest","Other species higher"
"glrx",71.1264812848837,-2.86949866054492,0.720359821596927,5.8421096938013e-05,0.000361515975612437,"Nb_vs_rest","Other species higher"
"CTSZ",17.1198184374587,-6.3285447910153,1.65422708284134,5.88244764471087e-05,0.000363609079820238,"Nb_vs_rest","Other species higher"
"ZBTB21",137.079680886592,-6.37679165029062,1.66849379549305,5.89264158893063e-05,0.000363957274610421,"Nb_vs_rest","Other species higher"
"ralgapa1",14.6546681429779,4.13455795003523,1.04916776434671,5.89903018506713e-05,0.000364070076386974,"Nb_vs_rest","Nb higher"
"SNX14",133.296521305981,-6.77905412793611,1.7886813045543,5.94363901138676e-05,0.000365974068756685,"Nb_vs_rest","Other species higher"
"sv2ba",17.5459358875654,-6.43947817282479,1.68771772155728,5.93880250882358e-05,0.000365974068756685,"Nb_vs_rest","Other species higher"
"aatka",20.0518485648785,-6.24451468837602,1.63084468222051,5.93999891264818e-05,0.000365974068756685,"Nb_vs_rest","Other species higher"
"eno1b",42.3540860593775,-6.28551220719506,1.64309805840832,5.95921350916279e-05,0.000366650144973933,"Nb_vs_rest","Other species higher"
"sesn1",19.0628899845584,-6.21991795521707,1.62418825348605,5.96658161092142e-05,0.00036682065681936,"Nb_vs_rest","Other species higher"
"pik3r3a",14.8778090533023,-6.12081573467047,1.59584917327108,5.98321988259509e-05,0.000367560390016234,"Nb_vs_rest","Other species higher"
"prpf8",17.4350505173301,-6.22509091727763,1.62681325182159,6.0302200766468e-05,0.000370162740089549,"Nb_vs_rest","Other species higher"
"tax1bp1a",23.3985479051228,-6.38214825438579,1.67380633851131,6.09706120431874e-05,0.000373815843074992,"Nb_vs_rest","Other species higher"
"larp1",18.9734708482221,4.16078482202531,1.05830420456101,6.10378500660044e-05,0.000373815843074992,"Nb_vs_rest","Nb higher"
"sema4ba",23.8294144822865,3.37396920946477,0.852247735048693,6.10274981168289e-05,0.000373815843074992,"Nb_vs_rest","Nb higher"
"mrps35",18.502690702822,-6.49218729762962,1.70762855685106,6.17542244620662e-05,0.000377238447540595,"Nb_vs_rest","Other species higher"
"msto1",697.416909599747,-6.44149634481022,1.69262994633065,6.17331568134528e-05,0.000377238447540595,"Nb_vs_rest","Other species higher"
"ace2",31.1480623901258,-6.37668927843121,1.67369129329702,6.17975620675426e-05,0.000377238447540595,"Nb_vs_rest","Other species higher"
"si:ch211-196f5.2",40.9025882269889,-6.19515696932197,1.62079051122538,6.18330688449997e-05,0.000377238447540595,"Nb_vs_rest","Other species higher"
"myl1",256.048897523925,3.63425249541335,0.920630612328503,6.18052171278755e-05,0.000377238447540595,"Nb_vs_rest","Nb higher"
"tacc1",23.5993325547218,-6.0696201087053,1.58498134718442,6.21196552582253e-05,0.000378541854977797,"Nb_vs_rest","Other species higher"
"NT5E",192.447693923234,2.7445834864718,0.691012202042743,6.21415827093878e-05,0.000378541854977797,"Nb_vs_rest","Nb higher"
"brox",9.73651923188575,-6.24899407777601,1.6371934947229,6.22707481886525e-05,0.000379039336800493,"Nb_vs_rest","Other species higher"
"arrb2a",10.6972894644424,-6.29613606699492,1.65116303752074,6.23965411060371e-05,0.000379515547276049,"Nb_vs_rest","Other species higher"
"si:ch211-223p8.8",4.87362193975587,5.61020607368809,1.45508921939545,6.26514656684016e-05,0.000380775853795769,"Nb_vs_rest","Nb higher"
"isca1",11.1029383343816,-6.03538627778857,1.5762561608776,6.28063937801561e-05,0.000381426957660309,"Nb_vs_rest","Other species higher"
"CTNNB1",13.027830059695,-6.24438571566704,1.63687627929824,6.28674214556619e-05,0.000381507241989492,"Nb_vs_rest","Other species higher"
"SUCNR1",261.665134766735,-6.69654278900972,1.77178977961017,6.35071236163419e-05,0.000385096387886329,"Nb_vs_rest","Other species higher"
"ppp2r5eb",12.0386674291401,-6.43532728939237,1.69418623997106,6.36185478408498e-05,0.00038547912814729,"Nb_vs_rest","Other species higher"
"nup88",149.921747823808,-6.09814028755561,1.59625384553961,6.39647977095517e-05,0.000387283069591975,"Nb_vs_rest","Other species higher"
"padi2",66.5868058270583,-6.20953006634092,1.62871703946942,6.40464689901741e-05,0.000387483565232441,"Nb_vs_rest","Other species higher"
"rreb1a",9.90019403210601,-6.06172132466687,1.58625616661939,6.4289648769329e-05,0.000388660149378216,"Nb_vs_rest","Other species higher"
"map1lc3a",10.7573036632535,-6.20258921348642,1.62721438530528,6.43573947607479e-05,0.000388717827038724,"Nb_vs_rest","Other species higher"
"YES1",15.8666806789264,-5.93143261344596,1.54894327101762,6.43966124492723e-05,0.000388717827038724,"Nb_vs_rest","Other species higher"
"YBX2",28.7605143005265,4.50206111845011,1.15318859182207,6.45454150187437e-05,0.000389321550906708,"Nb_vs_rest","Nb higher"
"ampd3a",43.1520225206651,-6.52187366809861,1.72156608635729,6.45973131528979e-05,0.0003893403013294,"Nb_vs_rest","Other species higher"
"gramd2aa",11.8993208046447,-6.27240953352014,1.64819500536566,6.47160389852513e-05,0.000389761502718721,"Nb_vs_rest","Other species higher"
"gpnmb",55.328455871202,-6.96478308737256,1.85583455375652,6.48300114344685e-05,0.000390064329925917,"Nb_vs_rest","Other species higher"
"NRP1",15.7700814481431,-6.65106165259907,1.76064029295426,6.48640809287834e-05,0.000390064329925917,"Nb_vs_rest","Other species higher"
"nipal3",17.6106784431487,-6.18834037891728,1.62408415944517,6.49733004124196e-05,0.000390426910610774,"Nb_vs_rest","Other species higher"
"dcdc2b",129.259637688515,-6.2788430444537,1.65107815289623,6.53121377209116e-05,0.000391865210231178,"Nb_vs_rest","Other species higher"
"cbl",9.07863851613921,-6.12942299397409,1.60743856589123,6.52691849230884e-05,0.000391865210231178,"Nb_vs_rest","Other species higher"
"C6orf120",44.9256257382044,4.25727119917207,1.0884856215583,6.53599742879321e-05,0.000391865210231178,"Nb_vs_rest","Nb higher"
"spon1b",50.5206656592484,-6.92373547184644,1.84441516434343,6.54372639696585e-05,0.00039199967306918,"Nb_vs_rest","Other species higher"
"coq3",11.5743371637742,-6.25750947815658,1.6451129471461,6.54806471430096e-05,0.00039199967306918,"Nb_vs_rest","Other species higher"
"TCF7L1",26.3441456642312,-6.53019722011701,1.72584235593555,6.56132700580997e-05,0.000392499171711871,"Nb_vs_rest","Other species higher"
"nid2a",62.9166910989768,-6.17042359049625,1.62033692320819,6.58733565716656e-05,0.000393759839282316,"Nb_vs_rest","Other species higher"
"abraxas2",23.4807787450348,-6.46288196960537,1.70667575772372,6.61001672065732e-05,0.000394230319827729,"Nb_vs_rest","Other species higher"
"CSNK1D",14.6251637113132,-6.31904408619157,1.66419275991346,6.61002716703636e-05,0.000394230319827729,"Nb_vs_rest","Other species higher"
"tp63",88.9828246054646,-6.18649007416674,1.62527646824499,6.60326070250727e-05,0.000394230319827729,"Nb_vs_rest","Other species higher"
"tshz1",23.4808005605616,-6.22445103183585,1.63672947183815,6.62608254832355e-05,0.000394892746345197,"Nb_vs_rest","Other species higher"
"JMY",10.5741095669456,-6.16265151015866,1.61897461480459,6.64316700598834e-05,0.00039561546796856,"Nb_vs_rest","Other species higher"
"tmem88b",21.1572406119235,-6.8979013855866,1.83906544255119,6.67860649643168e-05,0.000397429379877142,"Nb_vs_rest","Other species higher"
"sh3bp5la",17.1289482941598,-6.06334122598687,1.59098307186337,6.69725371331041e-05,0.000398242061342899,"Nb_vs_rest","Other species higher"
"rps3",260.057877010513,-7.17558886813585,1.92637235625081,6.74009854767195e-05,0.000400491335892942,"Nb_vs_rest","Other species higher"
"clip2",12.18541352499,-6.27407220738286,1.65331819718564,6.75194209637725e-05,0.000400896561972399,"Nb_vs_rest","Other species higher"
"DPYSL2",39.6157297284202,-6.76950531807972,1.80183609934206,6.78482197341786e-05,0.000402250218037701,"Nb_vs_rest","Other species higher"
"si:ch211-260e23.9",16.5288316559659,-6.17254753341347,1.62410200584364,6.78368228576817e-05,0.000402250218037701,"Nb_vs_rest","Other species higher"
"bcat1",90.6292842639678,-7.09157671083913,1.90110485306821,6.79179174326075e-05,0.000402364499712107,"Nb_vs_rest","Other species higher"
"UPF2",12.1338826180133,-6.17687112820447,1.6260876641005,6.82943068186818e-05,0.000404294190217419,"Nb_vs_rest","Other species higher"
"trim3b",20.3872529455137,-6.16829117463105,1.62373631541352,6.83927315744325e-05,0.000404562007657146,"Nb_vs_rest","Other species higher"
"fam43a",12.3004231287966,-6.16152844925386,1.62183729944355,6.84409411450058e-05,0.000404562007657146,"Nb_vs_rest","Other species higher"
"pih1d2",59.4721240671174,-6.50098328252428,1.7221159921109,6.85022596128518e-05,0.000404624745899746,"Nb_vs_rest","Other species higher"
"eif3i",31.0296504212234,-6.65528011083298,1.77056834469217,6.97443668288927e-05,0.000411600323851799,"Nb_vs_rest","Other species higher"
"kctd12b",13.4883947182606,-6.21937183710143,1.64090179613139,6.98029876135497e-05,0.000411600323851799,"Nb_vs_rest","Other species higher"
"ank1a",20.6550298578355,3.6829577569286,0.940371804746929,6.98379496861323e-05,0.000411600323851799,"Nb_vs_rest","Nb higher"
"pabpn1",15.7639842007082,-6.33981299761146,1.67676079386731,7.00390417228165e-05,0.000412343339526952,"Nb_vs_rest","Other species higher"
"rps19",143.403346791169,-6.21993337075049,1.64147951828825,7.00673644609708e-05,0.000412343339526952,"Nb_vs_rest","Other species higher"
"casq2",9.45018502111414,5.43648428044279,1.41697353637892,7.03767366738577e-05,0.000413858775723939,"Nb_vs_rest","Nb higher"
"FBXO40",99.5185684615155,-6.53220455862224,1.73491970138809,7.05689153473359e-05,0.0004146833169895,"Nb_vs_rest","Other species higher"
"ltv1",13.7164625864611,-6.36362727418033,1.68499854633828,7.07796066871756e-05,0.000415615350525137,"Nb_vs_rest","Other species higher"
"stag2b",13.3286202235438,-6.0348732595268,1.58887295920937,7.10185988776515e-05,0.00041671207282622,"Nb_vs_rest","Other species higher"
"actr2b",15.4690599494397,-6.33279105820031,1.67642851969986,7.1136273775301e-05,0.000417095859461353,"Nb_vs_rest","Other species higher"
"ptn",24.1499841035472,-6.45190254109281,1.7120319425933,7.12599990201641e-05,0.000417514531704045,"Nb_vs_rest","Other species higher"
"fbl",19.1560787160731,-6.16499379218678,1.62738231584307,7.13779575566951e-05,0.000417898827074415,"Nb_vs_rest","Other species higher"
"baiap2a",74.0048792975898,-6.36944425028586,1.68789866328428,7.15172705651318e-05,0.000418407492015947,"Nb_vs_rest","Other species higher"
"csnk2a2b",11.2778893964294,-6.23227752145348,1.6476921752658,7.17376530379e-05,0.000419389356221569,"Nb_vs_rest","Other species higher"
"cyth1a",9.33341191546582,-6.18528620326115,1.63405446326321,7.18529646910208e-05,0.000419755972353109,"Nb_vs_rest","Other species higher"
"mpnd",24.0646325301454,-6.56802125112077,1.74842045124499,7.22241464509222e-05,0.000421615719589143,"Nb_vs_rest","Other species higher"
"taf1",12.8422748293878,-6.16899230615978,1.62996961650367,7.23146588694755e-05,0.00042183551007194,"Nb_vs_rest","Other species higher"
"scube1",18.3243251130705,-6.53754737753163,1.74007597511566,7.27303316843423e-05,0.000423950362922609,"Nb_vs_rest","Other species higher"
"crb1",12.8591996774062,-6.28034469701137,1.6639559601536,7.30969579141297e-05,0.000425776440988872,"Nb_vs_rest","Other species higher"
"ccdc80",17.8259845369086,-6.50599928599927,1.73175748372553,7.34516575064003e-05,0.000427530435376422,"Nb_vs_rest","Other species higher"
"mob1bb",31.2994297620614,-6.13082326775042,1.62063973871156,7.35687067394247e-05,0.000427899620831348,"Nb_vs_rest","Other species higher"
"pbrm1l",20.5357875778934,-6.34734098201647,1.68498493875765,7.38561673109129e-05,0.000429017079438269,"Nb_vs_rest","Other species higher"
"clgn",9.72400354961937,-6.17826643620716,1.63501209083189,7.38683542792207e-05,0.000429017079438269,"Nb_vs_rest","Other species higher"
"MSMP",144.072345230239,-6.27516546693401,1.66398724611552,7.41266913221543e-05,0.000430093221071738,"Nb_vs_rest","Other species higher"
"styk1b",63.809278276933,-6.04748764416838,1.59720168430954,7.42153340120029e-05,0.000430093221071738,"Nb_vs_rest","Other species higher"
"elp1",182.40176980298,-4.10672771258118,1.05668864969327,7.41721938638302e-05,0.000430093221071738,"Nb_vs_rest","Other species higher"
"eif2b1",64.0653414351458,-6.4677349772029,1.7221021978796,7.46070026725622e-05,0.00043204926075983,"Nb_vs_rest","Other species higher"
"r3hcc1l",8.46255288128639,4.40870725236157,1.13859659805225,7.48001312430891e-05,0.000432853551355947,"Nb_vs_rest","Nb higher"
"mrps28",21.2637482456518,-6.4275536178688,1.71094935083132,7.51775453865974e-05,0.000434722327670324,"Nb_vs_rest","Other species higher"
"smarca2",12.5917522854777,-6.32311206238181,1.68023042118024,7.54667452653584e-05,0.00043607865837622,"Nb_vs_rest","Other species higher"
"TIMP3",39.4938656478064,-6.7560309194705,1.81134613155324,7.57353252189473e-05,0.000436997755059436,"Nb_vs_rest","Other species higher"
"rrp12",69.0222963582941,-6.49463163098212,1.73190735564382,7.57104256465309e-05,0.000436997755059436,"Nb_vs_rest","Other species higher"
"TPPP",30.2767244714797,-6.20143540113346,1.64627215191884,7.69004686288745e-05,0.000443079956432071,"Nb_vs_rest","Other species higher"
"fndc3a",10.1212651404829,-6.12192653478979,1.62282089361949,7.68911965519281e-05,0.000443079956432071,"Nb_vs_rest","Other species higher"
"PRSS23",36.3702433302082,3.40171883418823,0.871940897094081,7.72315769514404e-05,0.00044466665517496,"Nb_vs_rest","Nb higher"
"rundc3b",50.2724828793891,-6.07762306348296,1.61037528050991,7.72947462024427e-05,0.000444709498698986,"Nb_vs_rest","Other species higher"
"chtopa",15.0247961073214,-6.13733930517517,1.62824297020358,7.75179447778446e-05,0.000445672333809222,"Nb_vs_rest","Other species higher"
"znf593",16.4743286826343,-6.38514897449876,1.70210574322798,7.7716523573332e-05,0.00044649233845586,"Nb_vs_rest","Other species higher"
"rbp4",1405.50577771232,-7.158518141157,1.94065427214013,7.78923027893062e-05,0.000446823660125726,"Nb_vs_rest","Other species higher"
"tbc1d9",11.1534422868706,-6.26706797505395,1.66713474989828,7.78806090405157e-05,0.000446823660125726,"Nb_vs_rest","Other species higher"
"aars2",12.665077492844,4.34695393489506,1.12481849496572,7.79421722926079e-05,0.000446823660125726,"Nb_vs_rest","Nb higher"
"ube2al",120.667706709732,-6.30231486232275,1.67787354073724,7.80560030703891e-05,0.000447154992463535,"Nb_vs_rest","Other species higher"
"lemd3",13.8192510042361,-6.26916021269407,1.66817871276508,7.81725961538732e-05,0.000447501662344267,"Nb_vs_rest","Other species higher"
"mast3a",11.7834012740814,-6.34512623075188,1.69094012381573,7.8259295952697e-05,0.000447676832761664,"Nb_vs_rest","Other species higher"
"zdhhc3a",19.6254350245843,-6.05198312594023,1.60432553026661,7.83574216103005e-05,0.00044791706622507,"Nb_vs_rest","Other species higher"
"slit1a",17.2819465563462,-6.17105125921114,1.63957057609687,7.84985201335378e-05,0.000448402427104962,"Nb_vs_rest","Other species higher"
"clptm1",18.4903202438168,-6.23491230753577,1.65868537929837,7.86442124701113e-05,0.000448742719394011,"Nb_vs_rest","Other species higher"
"pfn2l",9.19003211111987,-6.13257730497774,1.628456424068,7.86705594526593e-05,0.000448742719394011,"Nb_vs_rest","Other species higher"
"MRPS12",9.12779421267365,-6.00145715926654,1.59006308537262,7.87508396217516e-05,0.000448879785843984,"Nb_vs_rest","Other species higher"
"tanc1a",8.30063736569526,4.1644567839192,1.07645585156731,7.90203558451712e-05,0.000450094532223031,"Nb_vs_rest","Nb higher"
"pgam2",6.56856471814361,5.41974151519271,1.42319455829791,7.92292324578197e-05,0.000450962393019545,"Nb_vs_rest","Nb higher"
"camkk1b",10.1027080586311,-6.24623261124083,1.66310102049202,7.93851282350542e-05,0.000451206070737701,"Nb_vs_rest","Other species higher"
"tmem242",158.643703193132,2.75482643711877,0.704049156046104,7.93727271397138e-05,0.000451206070737701,"Nb_vs_rest","Nb higher"
"tada2b",9.36091752097241,-6.13467720430531,1.63022956936101,7.9501734964665e-05,0.0004515472206534,"Nb_vs_rest","Other species higher"
"gosr2",105.976791641896,-6.34689719200424,1.69347119118532,7.96321735257135e-05,0.00045170035946938,"Nb_vs_rest","Other species higher"
"pfkfb4a",10.7093530594303,-6.19083974379664,1.64702898118254,7.96419054853907e-05,0.00045170035946938,"Nb_vs_rest","Other species higher"
"prmt6",10.3693249306632,-6.02373228138771,1.5979069831982,7.9730055776768e-05,0.000451879151348444,"Nb_vs_rest","Other species higher"
"si:ch211-51c14.1",18.0729414499949,-6.47140476289824,1.73122603149708,7.98633696866065e-05,0.000452313477714067,"Nb_vs_rest","Other species higher"
"aadac",14.5816560245246,-6.24966849721229,1.66494902657314,7.99689556276046e-05,0.000452590259509422,"Nb_vs_rest","Other species higher"
"arpc1b",44.909681490726,-6.88953388955187,1.86002622582395,8.025865893117e-05,0.000453907936407326,"Nb_vs_rest","Other species higher"
"zgc:152830",15.2156912153283,-6.50605223568853,1.74256129398338,8.04426135997581e-05,0.000454381838226114,"Nb_vs_rest","Other species higher"
"SCYL1",8.27233688626896,-6.01394457550875,1.59600952743143,8.04563330092104e-05,0.000454381838226114,"Nb_vs_rest","Other species higher"
"deaf1",44.7857107211588,-6.06176874503582,1.61016625072832,8.05398757325079e-05,0.000454531971955738,"Nb_vs_rest","Other species higher"
"march5",18.7762921780462,-6.28541446382545,1.67790008581026,8.16030130366181e-05,0.0004602063915422,"Nb_vs_rest","Other species higher"
"RPL37A",124.608583649155,-7.00404678352581,1.89894588226546,8.21147647624929e-05,0.000462759359903564,"Nb_vs_rest","Other species higher"
"srpra",567.577862132543,2.99568056542397,0.768483728520335,8.21716808249812e-05,0.000462759359903564,"Nb_vs_rest","Nb higher"
"ddr1",296.042757136749,-6.26855401990249,1.6738073362206,8.22784179758513e-05,0.000463033692134904,"Nb_vs_rest","Other species higher"
"col8a2",17.2251646872629,-6.51365765557745,1.74871419187462,8.30572184983741e-05,0.000466758171561286,"Nb_vs_rest","Other species higher"
"meis1b",12.4310852473805,-6.43847805822245,1.72587285652278,8.30130260075354e-05,0.000466758171561286,"Nb_vs_rest","Other species higher"
"kdm5bb",12.8369352559046,-6.00268601410625,1.59650997531362,8.33566768197024e-05,0.000468111387066309,"Nb_vs_rest","Other species higher"
"sf3a2",21.9143329465586,-6.29448876559494,1.68351016873682,8.36897389040036e-05,0.000469651277393775,"Nb_vs_rest","Other species higher"
"ptprn2",203.992916330164,-6.38235446109935,1.71019955886307,8.39040781378016e-05,0.000470523221039815,"Nb_vs_rest","Other species higher"
"klhl17",12.4906064118493,-6.11135855118537,1.62963771864537,8.41776328736753e-05,0.000471725779727478,"Nb_vs_rest","Other species higher"
"f13a1b",20.7712919406615,-6.67137936605404,1.79898547894294,8.44486101883418e-05,0.000472912217054714,"Nb_vs_rest","Other species higher"
"zgc:162144",15.4464378974207,-6.37648572698524,1.70959727348702,8.4740906412416e-05,0.000474216292546339,"Nb_vs_rest","Other species higher"
"skib",12.0269255403506,-6.04731367886651,1.61171579654474,8.49562251212514e-05,0.000475088070404756,"Nb_vs_rest","Other species higher"
"aclyb",12.556290729614,-6.02867202152886,1.60737905354827,8.58682945202273e-05,0.000479852234083623,"Nb_vs_rest","Other species higher"
"snx13",29.8605774790153,-6.1355241531866,1.64013827443379,8.67361388357722e-05,0.000483764142315095,"Nb_vs_rest","Other species higher"
"DOCK2",15.7661641633794,-6.00066020674137,1.60022754442997,8.67501864226693e-05,0.000483764142315095,"Nb_vs_rest","Other species higher"
"agt",40.7303555616835,-5.93852993130941,1.58186811335758,8.66898319549817e-05,0.000483764142315095,"Nb_vs_rest","Other species higher"
"efnb2a",16.0355842305556,-6.57176707310101,1.77217088618514,8.70463675100034e-05,0.000484346082832499,"Nb_vs_rest","Other species higher"
"trim69",20.9870148305162,-6.38164868533952,1.71415713526777,8.69252381926953e-05,0.000484346082832499,"Nb_vs_rest","Other species higher"
"fnbp1b",11.1788543421508,-6.09423712956936,1.62834008790774,8.70973219128617e-05,0.000484346082832499,"Nb_vs_rest","Other species higher"
"MPDZ",11.0428582216789,-6.00354366959068,1.60139495558444,8.70038614418891e-05,0.000484346082832499,"Nb_vs_rest","Other species higher"
"SNX18",9.34229055017043,-5.96993038293179,1.59179270897364,8.72483833552625e-05,0.000484848258478409,"Nb_vs_rest","Other species higher"
"ccnyl1",30.8875868195798,-6.38532745542061,1.7159642486837,8.74367583248972e-05,0.00048555694602135,"Nb_vs_rest","Other species higher"
"ca4a",21.7474395811714,-6.54811438359679,1.76614426651596,8.79092940024375e-05,0.000487841561988492,"Nb_vs_rest","Other species higher"
"gamt",14.3191303308602,-6.48048399355368,1.74561063041908,8.79946828126077e-05,0.000487861568907808,"Nb_vs_rest","Other species higher"
"pnpla2",11.5126103304473,-6.32509918552224,1.69858399132855,8.80351703292285e-05,0.000487861568907808,"Nb_vs_rest","Other species higher"
"btbd7",19.8947077483889,-5.98056741284161,1.59634285586503,8.83976982297903e-05,0.000489530625866569,"Nb_vs_rest","Other species higher"
"iqsec2b",8.8900421158627,4.9567630176192,1.30269537124577,8.85574500194774e-05,0.000489735586386299,"Nb_vs_rest","Nb higher"
"dhx32a",393.903042738523,-2.8377236811842,0.730563535864878,8.85167755250915e-05,0.000489735586386299,"Nb_vs_rest","Other species higher"
"rpl18",222.47288623722,-7.01898448210053,1.91425044554697,8.87579131561491e-05,0.000490504256915561,"Nb_vs_rest","Other species higher"
"caskb",8.22460975495398,-6.02547295596916,1.61062589533442,8.92238725490361e-05,0.000492738064319244,"Nb_vs_rest","Other species higher"
"unc119b",14.3218885700254,-6.02945622841894,1.612057681714,8.94292747864603e-05,0.000493530852555984,"Nb_vs_rest","Other species higher"
"zgc:103759",31.0571409811555,-6.09801741255612,1.632902924339,8.98306310659297e-05,0.000495403203805196,"Nb_vs_rest","Other species higher"
"lgals8a",52.4406752182312,-6.48837146555402,1.75086897864881,9.00815745026384e-05,0.000496444036278353,"Nb_vs_rest","Other species higher"
"chadlb",37.3052616007871,-6.35808149020896,1.71160439683302,9.03485202006036e-05,0.000497571560525063,"Nb_vs_rest","Other species higher"
"arpc4",55.7553658619192,-6.41023809150483,1.72808810940767,9.08497141902602e-05,0.000499982897628692,"Nb_vs_rest","Other species higher"
"si:dkey-33c12.3",11.1976267263117,-6.11404586252292,1.6390165456355,9.09116772505304e-05,0.000499982897628692,"Nb_vs_rest","Other species higher"
"pip4k2aa",9.36292155263639,-5.95053803414384,1.59062983025442,9.10023292105226e-05,0.000500136767975186,"Nb_vs_rest","Other species higher"
"nek12",105.405863468221,-6.12568242248976,1.64341732021946,9.16649651743629e-05,0.000503158773342027,"Nb_vs_rest","Other species higher"
"npepl1",8.36321554716349,-5.99511604931332,1.60461462829207,9.16783028119433e-05,0.000503158773342027,"Nb_vs_rest","Other species higher"
"stk38l",8.01522260917501,-6.00444126440009,1.60807861485716,9.22657044526893e-05,0.000506034585245677,"Nb_vs_rest","Other species higher"
"mtfr1",49.1589346498912,-6.26445933968302,1.68709256711087,9.32980398863543e-05,0.000509730041649136,"Nb_vs_rest","Other species higher"
"hp1bp3",10.0069983954445,-6.19687249545846,1.66656241049792,9.31482874606505e-05,0.000509730041649136,"Nb_vs_rest","Other species higher"
"vps35",18.8428265245455,-6.10863271475858,1.6403494074854,9.33227557455374e-05,0.000509730041649136,"Nb_vs_rest","Other species higher"
"ckap5",12.8455586508466,-6.08967656144798,1.6344383975229,9.31128977680025e-05,0.000509730041649136,"Nb_vs_rest","Other species higher"
"pfdn2",9.69999142019406,-6.02999112811584,1.61690128582359,9.33069581211104e-05,0.000509730041649136,"Nb_vs_rest","Other species higher"
"slc24a1",87.2354108899389,3.4727867719643,0.901194860927529,9.30769431752244e-05,0.000509730041649136,"Nb_vs_rest","Nb higher"
"ppip5k1a",9.56886340765143,-5.9897169617946,1.60540873579716,9.36999566431176e-05,0.000511440255822215,"Nb_vs_rest","Other species higher"
"frem3",255.07096108884,-6.32960277629635,1.70752504473447,9.38779319239851e-05,0.000511711678110246,"Nb_vs_rest","Other species higher"
"ptdss1a",10.3737702078017,-6.140514134746,1.65050824733733,9.383897086753e-05,0.000511711678110246,"Nb_vs_rest","Other species higher"
"TINAGL1",19.0944858434243,-6.62733847505051,1.79932113499704,9.429552057821e-05,0.000513637033593253,"Nb_vs_rest","Other species higher"
"cyp2n13",60.0058865037666,-6.21589708495644,1.67390669152367,9.44670794564125e-05,0.000514220528009667,"Nb_vs_rest","Other species higher"
"lrrc29",90.919213095509,-6.29493591536074,1.69797095070644,9.46324906517557e-05,0.000514769785549428,"Nb_vs_rest","Other species higher"
"amd1",11.8947523611735,-5.94899072699516,1.5947251037361,9.48927095267046e-05,0.000515833666228272,"Nb_vs_rest","Other species higher"
"slc2a5",21.9843965706079,4.85972470079454,1.2815826732026,9.51247406247677e-05,0.000516742974939174,"Nb_vs_rest","Nb higher"
"taf8",9.45485126074621,-6.08211642245532,1.63482406135399,9.5325815181798e-05,0.000517482996701189,"Nb_vs_rest","Other species higher"
"serpini1",19.7130367513307,-6.18475688966048,1.66573648701318,9.54519916622514e-05,0.000517815699160276,"Nb_vs_rest","Other species higher"
"atp6v0b",9.05529440564885,-5.94406049482321,1.59417426771138,9.56862003058468e-05,0.000518733613071099,"Nb_vs_rest","Other species higher"
"dnaja3a",9.78949341140539,-6.0229383356627,1.61795296041702,9.59905850038514e-05,0.000520030460509664,"Nb_vs_rest","Other species higher"
"pcgf6",18.7941836872563,-6.76310805752671,1.84417352996318,9.61456847959287e-05,0.000520164450624753,"Nb_vs_rest","Other species higher"
"ino80e",16.6473132187281,-6.23767500542921,1.68247837114038,9.61086660008158e-05,0.000520164450624753,"Nb_vs_rest","Other species higher"
"fam107b",15.8460173413557,-6.5589111208176,1.78087718321484,9.63515049354567e-05,0.000520924803106331,"Nb_vs_rest","Other species higher"
"lyn",14.2114973745313,-6.08028474045339,1.63662522778698,9.73301153142839e-05,0.000525859390797553,"Nb_vs_rest","Other species higher"
"syt11b",10.1066477578238,-5.94662665951402,1.59715987284367,9.764980484067e-05,0.000527229663483455,"Nb_vs_rest","Other species higher"
"mtmr11",32.2914840528769,-6.2791538974955,1.69729546365292,9.79758370558231e-05,0.000528632305412757,"Nb_vs_rest","Other species higher"
"tbcb",9.32154094903999,-6.00370505646364,1.61465458830236,9.81098360648492e-05,0.000528997629592903,"Nb_vs_rest","Other species higher"
"lmf2a",15.476665538231,-6.25220929718137,1.68950848683587,9.82907069581862e-05,0.000529615017911091,"Nb_vs_rest","Other species higher"
"pmela",66.6706991210274,-7.16144238143866,1.97552753761153,9.89966491911355e-05,0.00053305888025996,"Nb_vs_rest","Other species higher"
"loxl3b",27.0812992342024,-6.81513338449707,1.86472835962343,9.9209018258671e-05,0.000533842188607009,"Nb_vs_rest","Other species higher"
"pdpk1b",15.887162751013,-6.02134953109218,1.62175216871337,9.9732940742029e-05,0.000536299775688269,"Nb_vs_rest","Other species higher"
"upf1",11.0745596497838,-6.14558180169277,1.65948639248408,0.000100145821824675,0.0005381573455629,"Nb_vs_rest","Other species higher"
"oat",10.2229955436975,-6.00902124713289,1.6186086480965,0.000100213541136449,0.000538158854824267,"Nb_vs_rest","Other species higher"
"ubl3a",10.5633594171789,-6.02056380382649,1.62267903526788,0.00010077044001516,0.00054078554897174,"Nb_vs_rest","Other species higher"
"rnf13",12.6041629381814,-6.11154003860164,1.65022789120827,0.000101008660368972,0.000541699670527149,"Nb_vs_rest","Other species higher"
"atf6",65.4256280235626,-6.65253371480239,1.8172506444726,0.000101985778200675,0.000546441709816136,"Nb_vs_rest","Other species higher"
"rrp9",42.4083783418506,-6.31419637707879,1.7128272784682,0.000102053435101145,0.000546441709816136,"Nb_vs_rest","Other species higher"
"pcdh2ac",7.95957273250746,-5.9358559382681,1.59886412866928,0.000102098319465646,0.000546441709816136,"Nb_vs_rest","Other species higher"
"rogdi",8.41050153888316,-5.90078102080219,1.58897364701681,0.0001026043030562,0.000548781728142412,"Nb_vs_rest","Other species higher"
"psmd13",16.3521377599201,-6.14130749727037,1.66166479952116,0.000103190805466578,0.000551548980323704,"Nb_vs_rest","Other species higher"
"si:dkey-23o4.6",36.5649628203752,-5.93578107478376,1.60033199814471,0.000103482658133545,0.00055273869605468,"Nb_vs_rest","Other species higher"
"casc4",11.849296783544,-5.93700155399809,1.60128481879413,0.00010403376780089,0.000555310680301742,"Nb_vs_rest","Other species higher"
"RASSF5",10.4657771762613,-6.24444937630352,1.69413030278395,0.000104254075970171,0.00055596270669039,"Nb_vs_rest","Other species higher"
"g6pc3",184.240101988138,-6.13445517911564,1.66087962223964,0.000104338457837332,0.00055596270669039,"Nb_vs_rest","Other species higher"
"ginm1",11.2842731938804,-5.96323843419066,1.60947116313893,0.000104364929150652,0.00055596270669039,"Nb_vs_rest","Other species higher"
"cul1b",13.4609957726453,-6.20178788490542,1.68173262200445,0.000104753756474971,0.000557661758952814,"Nb_vs_rest","Other species higher"
"arpc1a",11.3914913644176,-6.1649947618283,1.67096877363253,0.000105103264999016,0.000558781640153427,"Nb_vs_rest","Other species higher"
"klf13",13.9179496834315,-5.85597673330541,1.57829403650608,0.000105104165647906,0.000558781640153427,"Nb_vs_rest","Other species higher"
"puf60b",15.3309091182539,-6.40049463777153,1.74375614428891,0.00010586026433147,0.000562426703971458,"Nb_vs_rest","Other species higher"
"ndufa12",13.3878316147128,-6.1787233977038,1.67621311918014,0.000106076819667343,0.000563202276078108,"Nb_vs_rest","Other species higher"
"traf2b",11.3816774856423,-6.36459425790025,1.73312702873057,0.000106218520555451,0.000563579650287565,"Nb_vs_rest","Other species higher"
"zgc:64051",11.040502754012,-6.21426815185338,1.68767521718556,0.000106672674476982,0.000565613250715161,"Nb_vs_rest","Other species higher"
"ntmt1",91.1291716358199,-6.10588887136671,1.65531067334415,0.000107127242211705,0.000567646343193497,"Nb_vs_rest","Other species higher"
"slc16a6b",15.1503689415993,-5.99961420614018,1.62408530416758,0.000107869313232937,0.00057119915036419,"Nb_vs_rest","Other species higher"
"tmie",55.3692482277244,4.28606968376841,1.13208970065104,0.000108203386639826,0.000572588213120565,"Nb_vs_rest","Nb higher"
"zranb2",11.8412820936885,-6.06881167730846,1.64545997586646,0.000108381619848471,0.00057315130973545,"Nb_vs_rest","Other species higher"
"rpl31",111.233758441976,-6.75237443902223,1.85730823539508,0.000108827916936862,0.000574844955618859,"Nb_vs_rest","Other species higher"
"zdhhc6",26.206244059874,-6.26721185961422,1.70632406351346,0.000108917991590942,0.000574844955618859,"Nb_vs_rest","Other species higher"
"pdx1",12.3021929950701,-6.17768645821209,1.6789610146171,0.00010886541274065,0.000574844955618859,"Nb_vs_rest","Other species higher"
"RANBP2",12.5912616909541,-6.06748479034559,1.64589950795718,0.000109173564471228,0.000575812983794049,"Nb_vs_rest","Other species higher"
"arg1",105.878573183897,-5.94806874789248,1.61019477363654,0.000109385077201751,0.000576547500706719,"Nb_vs_rest","Other species higher"
"slc4a1a",32.5572917840306,-6.38189471338801,1.7428227316892,0.000110039328135965,0.000579613094735977,"Nb_vs_rest","Other species higher"
"znf536",11.0907683390243,-6.15450119297353,1.6733419953587,0.00011019014085251,0.000580024620054767,"Nb_vs_rest","Other species higher"
"fzd7b",18.1411775862005,-6.28725598509394,1.7148208185366,0.000111052667686266,0.000583794656216341,"Nb_vs_rest","Other species higher"
"smad7",12.7503192090971,-6.24771042177891,1.70264434438255,0.000111000810635646,0.000583794656216341,"Nb_vs_rest","Other species higher"
"clpxb",8.20334153793743,-5.91555727245136,1.60243065530129,0.000111331708895562,0.00058487625871401,"Nb_vs_rest","Other species higher"
"cbx5",22.707386966042,-5.91468755350486,1.6026659049591,0.000111825746357995,0.000586881788178141,"Nb_vs_rest","Other species higher"
"usp20",4.8069878650941,5.01625071932013,1.34006021899689,0.000111860551355758,0.000586881788178141,"Nb_vs_rest","Nb higher"
"hmgb1b",11.8683073521404,-6.1145883590182,1.66327965109277,0.000112137580626825,0.000587948681604508,"Nb_vs_rest","Other species higher"
"niban2a",99.4771199455245,-6.04061808239535,1.64125831809272,0.000112509321467479,0.000589510430276088,"Nb_vs_rest","Other species higher"
"coro2a",4.77495029901207,5.63177397878465,1.51981126757056,0.000113136293765461,0.000592018114261234,"Nb_vs_rest","Nb higher"
"ddx49",738.818087311303,2.92732948314936,0.765947810721927,0.000113106734908434,0.000592018114261234,"Nb_vs_rest","Nb higher"
"cherp",8.28927778878254,-6.00158496355118,1.63128466476148,0.000114298795979059,0.000597709300073976,"Nb_vs_rest","Other species higher"
"agbl5",39.4245092225696,-6.10446536690888,1.66259583653303,0.000114443564536557,0.000598074423707746,"Nb_vs_rest","Other species higher"
"wdr92",1567.45666258343,-6.80801916904879,1.88225432473956,0.000114719081377481,0.000599033773066131,"Nb_vs_rest","Other species higher"
"scap",15.8861524330477,-5.90551933684782,1.60283923523068,0.000114777273059914,0.000599033773066131,"Nb_vs_rest","Other species higher"
"ssr4",15.7614081289668,-6.25490867826934,1.70900150921382,0.000114865084488417,0.000599100244586646,"Nb_vs_rest","Other species higher"
"vipas39",15.1368684615852,-6.25059729065291,1.70782694944869,0.000115006272116762,0.000599444840948242,"Nb_vs_rest","Other species higher"
"dgat1a",11.3256601871158,4.63380602227922,1.23413381070704,0.000115233199968471,0.000600235597746998,"Nb_vs_rest","Nb higher"
"ap1g1",10.7891021119269,-6.11456495009406,1.66660477999626,0.000115357393428573,0.000600490541135038,"Nb_vs_rest","Other species higher"
"zc3h18",16.3840180927671,3.22620598798459,0.847782882948851,0.000116720596982555,0.000607190589257359,"Nb_vs_rest","Nb higher"
"glud1b",18.502308485728,-6.35210946385237,1.74112524347648,0.000116876074272188,0.00060760330468538,"Nb_vs_rest","Other species higher"
"myh7ba",39.3664778629353,-6.05906209785208,1.65139483117525,0.000117001897621991,0.000607861421239249,"Nb_vs_rest","Other species higher"
"lasp1",13.6653194749121,-6.4688845856679,1.77778470484792,0.000117177909451496,0.00060837977711317,"Nb_vs_rest","Other species higher"
"xrcc5",11.6079207411816,-6.31860562180896,1.73127398948347,0.000117361751930887,0.00060893808869212,"Nb_vs_rest","Other species higher"
"cbwd",12.9644807117907,-6.41970147745361,1.76289537940651,0.000117596445841409,0.000609759348807306,"Nb_vs_rest","Other species higher"
"esf1",14.5511686671655,-6.01684851181315,1.63956248691946,0.00011798327293932,0.000611367868867386,"Nb_vs_rest","Other species higher"
"col9a3",19.4689035874997,-6.48485646356638,1.78484900984406,0.00011907041501326,0.000616600851269185,"Nb_vs_rest","Other species higher"
"glmna",11.2957690484176,-6.17292988049569,1.688631732012,0.000119490987314646,0.000618377482990193,"Nb_vs_rest","Other species higher"
"ndufb4",17.8641875104469,-6.23130981855219,1.70710128169316,0.000120018848206131,0.000620706680936438,"Nb_vs_rest","Other species higher"
"ndufb5",14.0262696560288,-5.97455212152341,1.62933053956762,0.00012064476342156,0.00062353964514511,"Nb_vs_rest","Other species higher"
"col4a1",46.6034737684909,-6.55163892614613,1.80886810433221,0.000121847753280568,0.000629349560633616,"Nb_vs_rest","Other species higher"
"tns2a",28.471381634187,-6.54612903579453,1.80751706316238,0.000122206565261934,0.000630386807233507,"Nb_vs_rest","Other species higher"
"slc6a15",30.8117224245143,-6.17084934265953,1.690632525236,0.000122130373867774,0.000630386807233507,"Nb_vs_rest","Other species higher"
"lars1b",9.74129128091069,3.56851969909274,0.943346164878583,0.000122286617523691,0.000630392253126006,"Nb_vs_rest","Nb higher"
"TMX3",12.2378707095104,-6.00855589299158,1.64150427834619,0.000122592547388873,0.000631153889137553,"Nb_vs_rest","Other species higher"
"m6pr",85.6343353032065,-5.99165631250597,1.63630896609983,0.000122526883908543,0.000631153889137553,"Nb_vs_rest","Other species higher"
"usp5",18.6365805437794,-5.90626995391565,1.61072676051659,0.000122814643511175,0.000631889655202566,"Nb_vs_rest","Other species higher"
"bco2a",14.5254879168384,-5.93785824437501,1.62049453839678,0.000123049151716997,0.000632427497933723,"Nb_vs_rest","Other species higher"
"rimkla",18.4175026474021,2.91244769764247,0.766164664044534,0.000123077682241989,0.000632427497933723,"Nb_vs_rest","Nb higher"
"fam149b1",167.580321949149,-6.21755120830592,1.70613959367755,0.000123274887723402,0.000633033207228278,"Nb_vs_rest","Other species higher"
"ganab",12.65762730996,-6.25851843584257,1.71960223518816,0.000124086468759111,0.000636791010094988,"Nb_vs_rest","Other species higher"
"sms",10.4061922504176,-5.9705861864064,1.63152612294296,0.000124240680306256,0.000637172640645192,"Nb_vs_rest","Other species higher"
"cdk17",46.0717908235367,-5.93933069765344,1.62259415813395,0.000124830118290209,0.000639784421294714,"Nb_vs_rest","Other species higher"
"strap",13.593399612704,-6.26438943825417,1.72234055391674,0.000125010436492816,0.00064029735764613,"Nb_vs_rest","Other species higher"
"ptpa",15.5405974694819,-6.36252420954221,1.75294047906692,0.000125103843366294,0.000640364765915989,"Nb_vs_rest","Other species higher"
"bop1",12.3522414185301,-6.0073020880296,1.64361312251031,0.000125231242050031,0.000640605968948237,"Nb_vs_rest","Other species higher"
"cebpd",13.3809592622474,-6.39476209355131,1.7636102141681,0.0001256911192128,0.000641724332257288,"Nb_vs_rest","Other species higher"
"lpcat3",9.60765032238187,-5.93656673663973,1.62248559205649,0.000125622001766877,0.000641724332257288,"Nb_vs_rest","Other species higher"
"me3",11.6855824834852,-5.92741196389791,1.61967738405751,0.000125585304541997,0.000641724332257288,"Nb_vs_rest","Other species higher"
"bcat2",10.4423461885896,-6.09811345641941,1.67214773295792,0.000126075281981876,0.000643274136966348,"Nb_vs_rest","Other species higher"
"miga1",8.78095468442987,3.08266752581904,0.813420001642948,0.000126487796727166,0.000644966528998583,"Nb_vs_rest","Nb higher"
"nhsl1b",9.49313309519712,-6.15979502691988,1.69195598966567,0.000126975672274083,0.000647040782086324,"Nb_vs_rest","Other species higher"
"pbx2",16.1808702979638,-6.16161811414492,1.69359090604728,0.000128098743447306,0.000652347142762923,"Nb_vs_rest","Other species higher"
"rad1",207.956207524594,-6.15886406561162,1.69330391289451,0.000128690002801514,0.000654940192829135,"Nb_vs_rest","Other species higher"
"ruvbl1",173.054340258617,3.7850066327616,1.00627389391459,0.000129190345366758,0.000657067530928444,"Nb_vs_rest","Nb higher"
"citb",86.5318046048504,-6.1512971691073,1.69224895936886,0.000130044663285329,0.000660804681681973,"Nb_vs_rest","Other species higher"
"aifm1",9.67200838899394,-5.94804943669285,1.63002574783529,0.000130090746230875,0.000660804681681973,"Nb_vs_rest","Other species higher"
"mrps26",196.870202968287,-6.59186364313399,1.83079995934243,0.00013049930055335,0.000662458281434946,"Nb_vs_rest","Other species higher"
"cenpl",82.2518588353954,-6.15935234965349,1.69639045523513,0.000131814533897978,0.000668629072958792,"Nb_vs_rest","Other species higher"
"srp72",9.47210820362655,-5.9691381154235,1.638051786541,0.000131882476295381,0.000668629072958792,"Nb_vs_rest","Other species higher"
"mmp15a",16.7393748604626,-6.52032489506544,1.8097086941885,0.000132126825007245,0.000669442580036709,"Nb_vs_rest","Other species higher"
"zic2a",8.68057486782269,-5.93211264003582,1.62777246814849,0.000133023721275289,0.000673559197827922,"Nb_vs_rest","Other species higher"
"SELENOP",118.004738975941,-6.40119802952322,1.77332204527183,0.000133403597377102,0.000675054348173289,"Nb_vs_rest","Other species higher"
"cylda",10.7267953968997,-6.06392937802606,1.66858691035936,0.000133565153668696,0.000675443552773253,"Nb_vs_rest","Other species higher"
"smurf2",15.2839368400967,-6.11998185888958,1.68635931363951,0.000134126056799955,0.000677421476749141,"Nb_vs_rest","Other species higher"
"ARHGAP9",10.6525600125442,-6.00610976008766,1.65134230667912,0.000134120625839293,0.000677421476749141,"Nb_vs_rest","Other species higher"
"si:ch211-256e16.3",9.78115469139471,-6.06762386345469,1.67038687092684,0.000134303273255477,0.000677887489297096,"Nb_vs_rest","Other species higher"
"scinlb",20.6063990338068,-6.4047152437535,1.77640966572476,0.000135444589831625,0.000682453095469693,"Nb_vs_rest","Other species higher"
"sfpq",13.8289375266184,-6.02405456593687,1.65803326993255,0.000135464373837593,0.000682453095469693,"Nb_vs_rest","Other species higher"
"got1",26.6218285739598,3.34877731973971,0.889552377266928,0.000135444049452471,0.000682453095469693,"Nb_vs_rest","Nb higher"
"cdyl",13.6078400178454,-6.18747699073175,1.70892913247685,0.000135963173485165,0.000684404909929996,"Nb_vs_rest","Other species higher"
"txndc17",13.8062626945956,-6.05120752395073,1.66687107405907,0.000136023331722929,0.000684404909929996,"Nb_vs_rest","Other species higher"
"nup205",14.5230850367104,-6.23173521088751,1.72287013457824,0.000136155911078517,0.000684640309014848,"Nb_vs_rest","Other species higher"
"GCA",17.8201752022783,-6.71689440864966,1.87754562893295,0.000136871709609725,0.000687806198164739,"Nb_vs_rest","Other species higher"
"eif4a2",20.8018552937422,-6.28004825911196,1.73876689163994,0.00013703799363624,0.000687893156536702,"Nb_vs_rest","Other species higher"
"mibp",12.6761324118883,-6.12795381119236,1.69147364749962,0.000137061418407689,0.000687893156536702,"Nb_vs_rest","Other species higher"
"zgc:77375",45.1778935393711,-6.28355218096668,1.74023725150076,0.000137441226027123,0.000689365797420767,"Nb_vs_rest","Other species higher"
"RAP1GDS1",20.7678751557673,-6.05269428195188,1.66876533696842,0.000137652779417629,0.000689993203362234,"Nb_vs_rest","Other species higher"
"nmt1a",14.0097182484474,-6.26276017471611,1.73434707846729,0.000138105352950277,0.000691827191803649,"Nb_vs_rest","Other species higher"
"sntb2",8.34602632035623,-6.0111657582222,1.65665485495816,0.000138415613145586,0.00069294641963725,"Nb_vs_rest","Other species higher"
"vps39",14.7947646611108,-6.25704467871492,1.73335933934342,0.000138977489118455,0.000694079927083816,"Nb_vs_rest","Other species higher"
"snx27a",10.5788064115662,-6.15230719494087,1.70074440177163,0.000138989940285706,0.000694079927083816,"Nb_vs_rest","Other species higher"
"tmem251",9.46887492013735,-6.02102096137499,1.65996036861239,0.000138734291753685,0.000694079927083816,"Nb_vs_rest","Other species higher"
"srm",5.23681166472189,4.18609193748199,1.12307493889975,0.00013891879598984,0.000694079927083816,"Nb_vs_rest","Nb higher"
"hexa",173.369417468115,-6.26861470595393,1.73712707264083,0.000139139839718722,0.000694393946813882,"Nb_vs_rest","Other species higher"
"jmjd6",16.9679768205791,-6.44925977323335,1.79463211591562,0.000139757859180926,0.000696606943325288,"Nb_vs_rest","Other species higher"
"ppp2r5cb",12.2516062918406,-5.85836812496896,1.61104510708596,0.000139749220293275,0.000696606943325288,"Nb_vs_rest","Other species higher"
"emc2",9.13783079995216,-6.00812728683004,1.65700550590399,0.000139906704069535,0.000696633566413857,"Nb_vs_rest","Other species higher"
"ctps1a",399.380538089178,2.71901749560559,0.72036999910884,0.000139937795358573,0.000696633566413857,"Nb_vs_rest","Nb higher"
"smcr8b",11.4160134815614,3.39280344719922,0.903751000451061,0.000140397141223962,0.00069848453052819,"Nb_vs_rest","Nb higher"
"SMARCB1",25.6880154793633,-6.13830181448824,1.69775855730319,0.000140525654722137,0.00069868830198296,"Nb_vs_rest","Other species higher"
"zgc:195245",12.4583049944687,-5.97609961897768,1.64791390396574,0.000140786485407298,0.000699549286145854,"Nb_vs_rest","Other species higher"
"crlf3",38.9930747616849,-5.87344624069919,1.61671922608693,0.000141052483154815,0.000700434857234238,"Nb_vs_rest","Other species higher"
"sod1",47.7847418709745,-5.97653255964453,1.64838999027195,0.000141191998227629,0.000700691632995323,"Nb_vs_rest","Other species higher"
"zgc:110239",14.9336130293961,-6.38280331372551,1.77508016902761,0.000141351450638204,0.000701046970847026,"Nb_vs_rest","Other species higher"
"cables2a",60.0109276266309,-6.06447124560837,1.67587201471533,0.000141649552923133,0.000701653278911608,"Nb_vs_rest","Other species higher"
"tmem59",41.3835297576288,-5.77144555021326,1.58613232361668,0.000141588433033314,0.000701653278911608,"Nb_vs_rest","Other species higher"
"sgta",12.970036769499,-5.91964238085177,1.63202823283937,0.00014248990057829,0.0007050931076017,"Nb_vs_rest","Other species higher"
"dalrd3",7.87372571091871,-5.80611192157611,1.59740950543649,0.000142520699569116,0.0007050931076017,"Nb_vs_rest","Other species higher"
"gfm2",13.4561402915341,-6.43934027563121,1.79441276961158,0.000142870076275691,0.000706383648500629,"Nb_vs_rest","Other species higher"
"mtrex",13.2583898980473,-6.07305183591871,1.68053162683886,0.000143992383804321,0.000711491778797823,"Nb_vs_rest","Other species higher"
"rps6ka2",10.9339900770941,-6.16812401620263,1.71015312342802,0.000144087866666414,0.000711523004949247,"Nb_vs_rest","Other species higher"
"slc10a3",10.8789879266709,-6.17734867174614,1.71367860197448,0.000144833660407513,0.000714763518894219,"Nb_vs_rest","Other species higher"
"atpaf1",10.8567094688508,-5.91880429758296,1.63442775075911,0.000145726444865239,0.000718724987654268,"Nb_vs_rest","Other species higher"
"dnmbp",9.22265841003319,-6.05015001589421,1.67584613797852,0.000146850228217595,0.00072337334640519,"Nb_vs_rest","Other species higher"
"mapre2",9.50508407277662,-5.95600128612756,1.64670793625673,0.000146767999793033,0.00072337334640519,"Nb_vs_rest","Other species higher"
"wdr12",9.78127755341711,-6.03431647896583,1.67218434977366,0.000148349055444978,0.000730305652344805,"Nb_vs_rest","Other species higher"
"wdr20b",8.55330395278561,-5.77001929791463,1.59126350533712,0.000148645916728121,0.000731315915838721,"Nb_vs_rest","Other species higher"
"gig2p",67.1811834321167,3.37175031040111,0.901633653094759,0.000149154364475309,0.000733365267105954,"Nb_vs_rest","Nb higher"
"rrp7a",24.1752496953662,-6.10345881187503,1.69500569782167,0.000149975650550119,0.000736678732734635,"Nb_vs_rest","Other species higher"
"stau2",11.3221256473721,-6.03907110414775,1.67502386599202,0.000150012899836313,0.000736678732734635,"Nb_vs_rest","Other species higher"
"arl13b",9.11411369534146,-5.95468349790299,1.64912225289525,0.000150256924986899,0.000737423284991052,"Nb_vs_rest","Other species higher"
"six6a",10.4056654647985,-6.17950994592816,1.71915125547723,0.000150440381311358,0.000737826739744312,"Nb_vs_rest","Other species higher"
"rab30",8.44406084572126,-5.93443546005345,1.64316763085272,0.000150616511158331,0.000737826739744312,"Nb_vs_rest","Other species higher"
"EIF4ENIF1",8.17832964314212,-5.87857278498937,1.62596027644352,0.000150580861264399,0.000737826739744312,"Nb_vs_rest","Other species higher"
"rabgap1",10.0145935940145,-5.89955813289704,1.63269541728799,0.000150947363678435,0.000738993841812215,"Nb_vs_rest","Other species higher"
"lctlb",30.9396422996815,-6.01694299563844,1.66938805752235,0.000151520338079557,0.000741344143393539,"Nb_vs_rest","Other species higher"
"acta2",188.84256222566,-6.8174575995697,1.92573395797688,0.000152202303707735,0.000743013798908781,"Nb_vs_rest","Other species higher"
"scp2b",18.2342545378929,-6.0453545826768,1.67857738831018,0.000151981821711826,0.000743013798908781,"Nb_vs_rest","Other species higher"
"si:dkey-103i16.6",13.9485658226816,-5.9603514950398,1.65244810524164,0.000152234030227551,0.000743013798908781,"Nb_vs_rest","Other species higher"
"gtpbp6",19.151251968895,-5.91168801043793,1.63741020438804,0.000152196990719814,0.000743013798908781,"Nb_vs_rest","Other species higher"
"si:ch211-269e2.1",24.8259724155006,-5.92984032714832,1.64428482455234,0.0001538299949692,0.00075034435198913,"Nb_vs_rest","Other species higher"
"sf3a3",14.6275624184771,-6.02908231077783,1.67605483559158,0.000155139100969218,0.000756267578334976,"Nb_vs_rest","Other species higher"
"ece2b",11.1715552563872,-5.80303671403541,1.60645640512396,0.000155340311879205,0.00075667298461079,"Nb_vs_rest","Other species higher"
"mta2",8.77471171955145,-5.68992467469442,1.57197824237974,0.000155411907490863,0.00075667298461079,"Nb_vs_rest","Other species higher"
"snd1",15.8094120519563,-6.18606192237197,1.72596695526867,0.00015616321985364,0.000759867374653688,"Nb_vs_rest","Other species higher"
"znf598",8.43666625860779,-5.88222728277167,1.63182419991995,0.000156709166815117,0.000762059202428173,"Nb_vs_rest","Other species higher"
"hlfa",75.801305828204,-2.44469137564407,0.651468590017001,0.000156825310479333,0.000762159547883728,"Nb_vs_rest","Other species higher"
"cavin1b",59.3143647148371,-6.15467310957547,1.71699215758767,0.000157255074804524,0.000763783017005538,"Nb_vs_rest","Other species higher"
"rnf7",9.89472756570234,-5.99199612182207,1.6666448534423,0.000157829103720217,0.000766104773532438,"Nb_vs_rest","Other species higher"
"bzw1b",36.6249899490733,-5.99847349346866,1.66955725046292,0.000158988566183899,0.000771263682764444,"Nb_vs_rest","Other species higher"
"RAMP3",8.58537566323511,-6.01189133116093,1.67437644026177,0.000159820960608396,0.000774830659571691,"Nb_vs_rest","Other species higher"
"amotl2b",22.6069982844838,-6.6322090793186,1.87261878564054,0.000160503263073486,0.000776722886189458,"Nb_vs_rest","Other species higher"
"drg1",8.64544260705808,-5.88275345740636,1.63481662425474,0.000160458564506784,0.000776722886189458,"Nb_vs_rest","Other species higher"
"g3bp1",10.4139855820875,-5.86764933445875,1.6300921504972,0.000160375113163147,0.000776722886189458,"Nb_vs_rest","Other species higher"
"tspan9b",29.5511089017713,-6.2630694749668,1.75459566314919,0.000161427481243329,0.000780370829797779,"Nb_vs_rest","Other species higher"
"atxn7",24.3494428024482,3.55733348480957,0.957991096952913,0.000161452661653651,0.000780370829797779,"Nb_vs_rest","Nb higher"
"pnisr",12.7316679232897,-5.97824400684762,1.6654356358941,0.000161817452693645,0.000781660576570998,"Nb_vs_rest","Other species higher"
"fbxo9",13.6714813444753,-6.07156796653773,1.69495630387006,0.000162334844863997,0.000783582090032678,"Nb_vs_rest","Other species higher"
"gtf2f1",76.0590943696748,-5.82952916943663,1.61984354522825,0.000162411626179705,0.000783582090032678,"Nb_vs_rest","Other species higher"
"siah1",27.7418199442339,-6.03726920693511,1.68512669980833,0.00016350577176773,0.000788384325502407,"Nb_vs_rest","Other species higher"
"kat6a",10.9512451905598,-5.78916928470276,1.60844855268031,0.000163829600231803,0.000789468725754703,"Nb_vs_rest","Other species higher"
"RAMAC",23.0677485151321,-6.05811545302474,1.69232266270145,0.00016438643858492,0.000791673977011262,"Nb_vs_rest","Other species higher"
"GFOD1",11.7746542748598,-6.00883158881939,1.67713678308572,0.000164682363483149,0.000792620784436387,"Nb_vs_rest","Other species higher"
"nfrkb",8.73091529972786,-5.95756823908684,1.6614461867177,0.00016506528548844,0.000793984917539333,"Nb_vs_rest","Other species higher"
"dnajb12a",8.74304944901541,-5.8231918083974,1.62121812192526,0.000167015742282931,0.000802882905673369,"Nb_vs_rest","Other species higher"
"snx7",11.0237453868224,-6.1668565284133,1.72924130237196,0.000167894576090246,0.000806146642926426,"Nb_vs_rest","Other species higher"
"sost",16.874877390759,-5.91162731553096,1.6492441738393,0.000167896706835053,0.000806146642926426,"Nb_vs_rest","Other species higher"
"cops3",13.1451618072638,-5.81918095230816,1.62150542730681,0.000169162989308894,0.000811738216888136,"Nb_vs_rest","Other species higher"
"pde6ga",44.2251257177041,-6.60259502373079,1.87092383639024,0.000169696859087141,0.000813810658362613,"Nb_vs_rest","Other species higher"
"cnnm4a",13.7298258435054,-6.38425031980469,1.80066793567085,0.000170506454463365,0.000817202106076668,"Nb_vs_rest","Other species higher"
"sema6dl",11.9543842912323,-6.09812214306672,1.71008302780722,0.000171247606121654,0.000820261642767587,"Nb_vs_rest","Other species higher"
"LTBP3",23.8242417249541,-6.25851824291343,1.76118265644145,0.000171543195939874,0.000820692268345441,"Nb_vs_rest","Other species higher"
"KIF2A",7.31575245475775,-5.77179343448472,1.6085239574221,0.000171523583254322,0.000820692268345441,"Nb_vs_rest","Other species higher"
"sf3a1",11.520556197937,-5.86677454789073,1.63950115738328,0.000173777541392633,0.000830883631104381,"Nb_vs_rest","Other species higher"
"med12",8.86909450089798,-5.72733477442302,1.5972893609382,0.000175150780111124,0.000836948039093875,"Nb_vs_rest","Other species higher"
"uck2a",70.4426398677707,-5.99971798512107,1.682365557818,0.00017567485099123,0.000838949916762425,"Nb_vs_rest","Other species higher"
"fastkd2",65.8956171165347,-6.27862936229242,1.77180671019067,0.000177001715730439,0.000844780915986187,"Nb_vs_rest","Other species higher"
"csgalnact2",136.211632424338,-5.85163813148307,1.6371496638116,0.000177172382222919,0.000845090023992165,"Nb_vs_rest","Other species higher"
"aimp1a",20.3954627160157,-6.42011403250227,1.81793764808772,0.000177667218597105,0.000846944088652867,"Nb_vs_rest","Other species higher"
"slc30a4",105.608188137092,3.51888378789498,0.953738157801785,0.000178188951944609,0.000848924081503274,"Nb_vs_rest","Nb higher"
"MED9",25.5068742195942,-5.86854177677179,1.644398197924,0.000180072920311711,0.000857387770935236,"Nb_vs_rest","Other species higher"
"si:dkey-85k7.10",14.5880757045452,-5.81455403726383,1.62796317583101,0.000180624500835822,0.000859501202546131,"Nb_vs_rest","Other species higher"
"gdi2",22.76727784798,-5.799491166692,1.62399445778909,0.000181690312076421,0.000864057622389652,"Nb_vs_rest","Other species higher"
"rrnad1",41.086452914563,-6.54295800066162,1.86135116160699,0.000181884129540557,0.000864464177327961,"Nb_vs_rest","Other species higher"
"mest",609.118257583957,-6.21747775383533,1.7561298453638,0.000182238542203914,0.000865233362662821,"Nb_vs_rest","Other species higher"
"ppp6r2a",11.1375179140646,-5.99333109050946,1.68500550146404,0.000182262817372958,0.000865233362662821,"Nb_vs_rest","Other species higher"
"slc33a1",132.637351276501,-5.78705896219257,1.62061376165618,0.000182415299253857,0.000865442382904742,"Nb_vs_rest","Other species higher"
"ccm2",9.49355194518583,-5.97591458983368,1.67977281245828,0.000182620886785162,0.000865902956949251,"Nb_vs_rest","Other species higher"
"ptdss2",10.574914307441,-6.1427475920907,1.73263672443941,0.000182731301712651,0.000865911987925745,"Nb_vs_rest","Other species higher"
"hnrnpc",9.26737142427128,-5.93344746264874,1.66702635726406,0.000183486744359661,0.000868975798213707,"Nb_vs_rest","Other species higher"
"pcmt",9.277113727648,-6.03948121045395,1.70059951783346,0.000183747711841196,0.00086969557561847,"Nb_vs_rest","Other species higher"
"drp2",244.723029057104,-6.46419863863365,1.83719896874516,0.00018398576048759,0.000870306086953744,"Nb_vs_rest","Other species higher"
"rps21",28.1673085195953,-6.54931851858679,1.86534141583196,0.000184290013174219,0.000871228853750159,"Nb_vs_rest","Other species higher"
"sorbs2a",19.9563097903921,-5.72509664048338,1.60271533229521,0.000184427363863,0.000871361967807426,"Nb_vs_rest","Other species higher"
"dock1",11.1837723318143,-6.09755023789191,1.71985156860711,0.000184961711009921,0.000872853018249065,"Nb_vs_rest","Other species higher"
"amfra",11.0066630841857,-6.03281657872308,1.69931941794767,0.000184935947656305,0.000872853018249065,"Nb_vs_rest","Other species higher"
"ankha",12.5956199265467,-6.19183302827285,1.75024564412156,0.000185437321540456,0.00087458027535038,"Nb_vs_rest","Other species higher"
"piwil1",28.263041820895,-6.40884620325398,1.82082095507664,0.000186177903857051,0.000877554443460879,"Nb_vs_rest","Other species higher"
"si:dkey-72l14.4",34.8504123776369,-6.0561010751245,1.70778241582916,0.000186511336491453,0.000878416277000566,"Nb_vs_rest","Other species higher"
"mapre1b",8.98413659381381,-5.93887875379095,1.67082887168618,0.00018658090094185,0.000878416277000566,"Nb_vs_rest","Other species higher"
"boc",96.0185282621443,-5.92928576681972,1.66853483050045,0.000187655515617152,0.000882954607679761,"Nb_vs_rest","Other species higher"
"dr1",8.01177381815278,-5.88612981169372,1.65554540827577,0.000188496446749307,0.000886388712468749,"Nb_vs_rest","Other species higher"
"mettl6",60.1107237364635,-5.92146523156777,1.66698599876476,0.000189019931292,0.000887804032789968,"Nb_vs_rest","Other species higher"
"csnk2a2a",8.54159560345386,-5.75357078167689,1.61449246395907,0.000189009737881742,0.000887804032789968,"Nb_vs_rest","Other species higher"
"cnot1",11.4148068918871,-6.03549515243277,1.7033507532124,0.000189568490492747,0.000889856796548306,"Nb_vs_rest","Other species higher"
"mfhas1",7.70294068398477,-5.92808240304112,1.66974321241151,0.000190038913001748,0.000891540579514374,"Nb_vs_rest","Other species higher"
"FABP7",17.8764738159621,-6.31164376532177,1.79267521974199,0.00019080043442929,0.00089412109512642,"Nb_vs_rest","Other species higher"
"echs1",13.6436562280652,-5.92754699528891,1.67008668574617,0.000190813060776979,0.00089412109512642,"Nb_vs_rest","Other species higher"
"ap2a1",8.46784558210436,-5.8108784394181,1.63383551014013,0.000191328564933913,0.000896010532965155,"Nb_vs_rest","Other species higher"
"GPAT4",8.40461206960948,-5.77755563017414,1.62373987765225,0.000191806347752125,0.000897721205314932,"Nb_vs_rest","Other species higher"
"rnf6",14.1413157061698,-6.08898640150822,1.72215714723227,0.000192219500498257,0.000898085659892421,"Nb_vs_rest","Other species higher"
"pbx4",7.76435754804654,-5.93142005312811,1.6720911661224,0.000192003910547473,0.000898085659892421,"Nb_vs_rest","Other species higher"
"trpv6",2713.88198267287,-3.24148976592003,0.880981309920812,0.000192221842994518,0.000898085659892421,"Nb_vs_rest","Other species higher"
"plpp1a",17.7821607638282,-6.14884194194357,1.74162031513042,0.000192724639616704,0.000899441392717796,"Nb_vs_rest","Other species higher"
"ube2v1",11.9956399294964,-6.1003644406167,1.72622924132649,0.000192871172979769,0.000899441392717796,"Nb_vs_rest","Other species higher"
"psme4a",9.03632088454978,-5.87680719276408,1.65553807161933,0.00019296286520462,0.000899441392717796,"Nb_vs_rest","Other species higher"
"btbd2b",6.74088664757464,-5.68631310743679,1.59606478461386,0.000192922200151667,0.000899441392717796,"Nb_vs_rest","Other species higher"
"sfrp5",86.1406433820789,-6.51484283265125,1.86119061452296,0.000193673435726388,0.000901174353992171,"Nb_vs_rest","Other species higher"
"pacsin1a",15.4775604526423,-6.36696064350833,1.81264490445239,0.000193568103066408,0.000901174353992171,"Nb_vs_rest","Other species higher"
"hmox2b",19.8365163571976,-5.90952208480098,1.66621658487466,0.000193567031072549,0.000901174353992171,"Nb_vs_rest","Other species higher"
"prex2",8.29499241272291,-5.96250572110106,1.68331919222113,0.000194161793647622,0.000902920229200479,"Nb_vs_rest","Other species higher"
"cdk2ap2",372.82309453473,-5.97268120582731,1.68771922883148,0.000195964388531337,0.000910737729171951,"Nb_vs_rest","Other species higher"
"rgl2",16.1034549097607,-5.96941051058974,1.68690255335272,0.000196299360172401,0.000910737729171951,"Nb_vs_rest","Other species higher"
"skia",8.74540616742087,-5.95190737664477,1.68129226215202,0.000196187334793841,0.000910737729171951,"Nb_vs_rest","Other species higher"
"ttc8",10.8994517703891,-5.83441131745102,1.6443297903155,0.000196243906036753,0.000910737729171951,"Nb_vs_rest","Other species higher"
"nrbp1",11.8434013402286,-5.73951779298136,1.61511517373018,0.000196982109862734,0.000913374338584902,"Nb_vs_rest","Other species higher"
"PTPN14",8.52621217988076,-5.78932706268767,1.6307448580742,0.000197100285615509,0.000913391567486506,"Nb_vs_rest","Other species higher"
"prkd2",15.047710533186,-6.23561564220965,1.77264479598852,0.000197240902843753,0.000913512713112679,"Nb_vs_rest","Other species higher"
"kcnc1b",37.9672157785967,-6.25631303313583,1.77984694402675,0.000197977501363273,0.000916392378700067,"Nb_vs_rest","Other species higher"
"slc25a39",22.0933881646911,-5.97186620976865,1.68933363193044,0.000198845467254682,0.000919876422430356,"Nb_vs_rest","Other species higher"
"ccdc181",47.8088429515358,-5.94448943137266,1.68097152835378,0.000199326213097807,0.000921566153256375,"Nb_vs_rest","Other species higher"
"atp5f1e",8.06049376979835,-5.89160338758295,1.66468860032684,0.000199996788595742,0.000924131078745815,"Nb_vs_rest","Other species higher"
"rpl13",100.318579250391,-6.49755239238209,1.86055725043078,0.000200541613116426,0.000926112310572383,"Nb_vs_rest","Other species higher"
"flvcr1",14.6284110744878,-6.41516226392456,1.83381536834284,0.000201095922028336,0.000928135024746167,"Nb_vs_rest","Other species higher"
"RABGAP1L",41.5404324362365,-6.44719609973877,1.84488735923407,0.000201850159867846,0.000930539731799774,"Nb_vs_rest","Other species higher"
"sem1",38.3824782337615,-6.0124186731677,1.70409056605764,0.000201747274693797,0.000930539731799774,"Nb_vs_rest","Other species higher"
"kidins220b",10.9108346802931,-5.76046417251486,1.62486637338905,0.000202230269246753,0.000931753780940581,"Nb_vs_rest","Other species higher"
"wdr48b",752.602854488426,-3.07240360500563,0.837115343882504,0.000203343008189816,0.000936339991549181,"Nb_vs_rest","Other species higher"
"anxa13",29.7896607736059,-6.0429798611093,1.71573278535803,0.000204689661752245,0.000941997405295797,"Nb_vs_rest","Other species higher"
"ATP8A1",10.2328533280707,-5.91734858039797,1.67640536104082,0.000205710242248504,0.000946148549361996,"Nb_vs_rest","Other species higher"
"ankrd33ba",9.45383223802003,-6.0850826770998,1.73025782194541,0.000206314082390968,0.000948379249700416,"Nb_vs_rest","Other species higher"
"SNIP1",10.3995587145419,-5.77177816649205,1.63095609450383,0.000206452649952782,0.000948469859886702,"Nb_vs_rest","Other species higher"
"klhl15",49.7235403878832,-5.68291124031294,1.60364698247288,0.000207307749519588,0.000951850311373022,"Nb_vs_rest","Other species higher"
"dhrs3b",8.25744839008279,-5.96659547884395,1.693257923598,0.00020766151225959,0.000952926318477017,"Nb_vs_rest","Other species higher"
"galnt16",15.1266591080662,-5.75251957875513,1.62617125970038,0.000208568619293077,0.000956538840206181,"Nb_vs_rest","Other species higher"
"HERPUD2",10.0466422222811,-5.86187107618087,1.66081745204562,0.000208919499010038,0.000957597703676105,"Nb_vs_rest","Other species higher"
"col1a1b",465.012175661091,-6.55383996586322,1.88580634721094,0.000209642317565799,0.00096035918150119,"Nb_vs_rest","Other species higher"
"CDC37",19.4297104519221,-5.66509313450594,1.60015399024884,0.000210884380754235,0.000965494755260353,"Nb_vs_rest","Other species higher"
"map6d1",45.4426855937375,-5.86611672288984,1.66344426667498,0.000211045950220163,0.000965680437360607,"Nb_vs_rest","Other species higher"
"slc1a2b",18.0216047409198,-6.53615018211856,1.88109663100574,0.000211322647624186,0.00096639239429284,"Nb_vs_rest","Other species higher"
"ctnna1",11.0810225035126,-5.99926992691029,1.70651786303944,0.000212230866824523,0.000969989872428232,"Nb_vs_rest","Other species higher"
"GAS7",29.2211410129637,-6.26996673796723,1.79406548243079,0.000212443425543397,0.000970405572888556,"Nb_vs_rest","Other species higher"
"eif1axb",23.1454056099578,-5.81029845790206,1.64691879827495,0.000212917552875829,0.000972014915302698,"Nb_vs_rest","Other species higher"
"nit2",10.1579647767495,-6.18565847289195,1.76721028739671,0.000213318250184282,0.000973287385060361,"Nb_vs_rest","Other species higher"
"mfsd4aa",10.1363803878402,4.9403374408658,1.3799601088638,0.00021379858235435,0.000974921535535836,"Nb_vs_rest","Nb higher"
"si:ch211-285f17.1",17.811382110069,-6.07986734497243,1.73347412928903,0.000214009012653942,0.000975323769833498,"Nb_vs_rest","Other species higher"
"si:dkeyp-69b9.6",9.21454271323156,-5.7682019813251,1.6345369439488,0.000214435517417299,0.000976709719743175,"Nb_vs_rest","Other species higher"
"ran",66.3067856730182,-6.08781085573833,1.7367062284942,0.00021508663055178,0.000979116549802172,"Nb_vs_rest","Other species higher"
"uqcrc1",10.5096800712345,-5.96258020171824,1.69811199865494,0.000217677388999055,0.000990345247555561,"Nb_vs_rest","Other species higher"
"stxbp3",14.2156563692828,-6.05001415359776,1.72640419039137,0.000218100570552609,0.000991705158410156,"Nb_vs_rest","Other species higher"
"atp1b4",12.2467504746625,-6.12494508576191,1.75084401472754,0.000218528619012559,0.000991955847394894,"Nb_vs_rest","Other species higher"
"rabl3",11.965741326213,-5.92283934560095,1.68590610177811,0.000218480239094603,0.000991955847394894,"Nb_vs_rest","Other species higher"
"sept15",20.8532048658201,-5.73216689535077,1.62541396268982,0.000218303169923689,0.000991955847394894,"Nb_vs_rest","Other species higher"
"FAHD2A",15.8023327430031,-5.91158112477329,1.6824980348173,0.000218784024405752,0.000992550605320013,"Nb_vs_rest","Other species higher"
"ppa2",8.15234559814059,-5.76957935502521,1.63807269938265,0.000219828624726452,0.000996722968930164,"Nb_vs_rest","Other species higher"
"nrip1b",5.28838402601657,4.86609638448241,1.36060421875684,0.00022005848104351,0.000997198568272126,"Nb_vs_rest","Nb higher"
"ppdpfb",53.9658108422793,-6.24706078304776,1.79191389868782,0.00022067070330765,0.000998807096228923,"Nb_vs_rest","Other species higher"
"eef1akmt1",27.4445385674012,-6.0758404022453,1.73628262508425,0.000220644595327514,0.000998807096228923,"Nb_vs_rest","Other species higher"
"rbm18",22.4715998228418,-5.85780870064102,1.66656468121136,0.00022078893706113,0.000998807096228923,"Nb_vs_rest","Other species higher"
"larp7",15.776122453718,-5.96845136101852,1.70223130744544,0.000221426802725887,0.00100112514773517,"Nb_vs_rest","Other species higher"
"ptpn5",6.35518960317475,5.42514737641034,1.53195969454465,0.000222550102947642,0.00100563410052219,"Nb_vs_rest","Nb higher"
"ccn1",22.7207865804896,-6.09756268065184,1.74488454316988,0.000223238178508721,0.00100763712368529,"Nb_vs_rest","Other species higher"
"PPTC7",8.55601953790482,-5.75421303287598,1.63515258974495,0.000223245919132279,0.00100763712368529,"Nb_vs_rest","Other species higher"
"slc16a10",7.47256701798194,3.74171362441233,1.03270259597809,0.000223482011227464,0.00100813253227539,"Nb_vs_rest","Nb higher"
"mmd",7.3262825835995,-5.80706041492843,1.65213487939908,0.000223709534995049,0.00100858875099463,"Nb_vs_rest","Other species higher"
"psmd6",14.0805171350208,-6.02749003755153,1.72281703951212,0.000224155627794911,0.00100975358981342,"Nb_vs_rest","Other species higher"
"ift88",26.9821725197308,-5.81742200024704,1.65571110906564,0.00022422097257511,0.00100975358981342,"Nb_vs_rest","Other species higher"
"irf10",36.4580142462329,-6.17828014734249,1.77234813832229,0.000225279119342189,0.00101340328496883,"Nb_vs_rest","Other species higher"
"dnm2a",10.005982153477,-5.99781223748358,1.71393825834864,0.000225285391921642,0.00101340328496883,"Nb_vs_rest","Other species higher"
"cert1b",14.9486505252243,-6.01900721508579,1.72146563071081,0.000226480542887977,0.00101820548295552,"Nb_vs_rest","Other species higher"
"laptm4b",12.6761869070644,-6.1090442197935,1.75065815808081,0.000226625499389984,0.00101828349388067,"Nb_vs_rest","Other species higher"
"hdac11",9.02971856669532,-5.79516424488422,1.65052878842789,0.000227560713609491,0.00102191023894414,"Nb_vs_rest","Other species higher"
"rpl30",44.7546315153384,-6.70981457913286,1.95261718269747,0.000229764809849929,0.00102970226900751,"Nb_vs_rest","Other species higher"
"tubgcp5",9.39259142121457,-6.0030305441623,1.71827186785895,0.000229811997631876,0.00102970226900751,"Nb_vs_rest","Other species higher"
"cyp51",96.3061379454346,-5.9671297647006,1.70664942951442,0.00022969402715627,0.00102970226900751,"Nb_vs_rest","Other species higher"
"add1",14.0245025777781,-5.85931976960562,1.67211806506075,0.000229668982233563,0.00102970226900751,"Nb_vs_rest","Other species higher"
"gpt2l",17.5020094263049,-5.79774958336166,1.65279626753378,0.000230163758970314,0.00103069966138221,"Nb_vs_rest","Other species higher"
"si:ch211-195b15.7",17.8744979964208,-6.42811191495488,1.85807665336542,0.000230640875695573,0.00103225697591176,"Nb_vs_rest","Other species higher"
"atg16l1",9.16694147790489,-6.09227640500398,1.74785948608296,0.000231044176699266,0.00103269631814063,"Nb_vs_rest","Other species higher"
"nadk2",8.30565913879654,-5.80419183202875,1.65544796947147,0.000231256681769087,0.00103269631814063,"Nb_vs_rest","Other species higher"
"gcnt3",29.5809420467673,-5.68194598582475,1.6165446467971,0.000230893048349251,0.00103269631814063,"Nb_vs_rest","Other species higher"
"psap",185.680508519622,-2.98000474872028,0.81868966590871,0.000231192735379427,0.00103269631814063,"Nb_vs_rest","Other species higher"
"trabd",11.093048091135,-6.06836380781239,1.74057029444627,0.000231835874458726,0.00103412536510935,"Nb_vs_rest","Other species higher"
"fgfr1op2",18.2537672544113,-5.68094520635089,1.61670889898465,0.000231788131896832,0.00103412536510935,"Nb_vs_rest","Other species higher"
"ippk",9.11432113685451,-5.79108816540239,1.65175678139615,0.000232117384808831,0.00103480264289077,"Nb_vs_rest","Other species higher"
"atmin",17.6439345524442,-5.79541308539281,1.65428488835383,0.000234223558691442,0.00104360915597862,"Nb_vs_rest","Other species higher"
"si:dkey-12j5.1",33.127976805217,-5.84179305819651,1.66942583477744,0.000234879478248915,0.0010459476765772,"Nb_vs_rest","Other species higher"
"XPO1",8.81234065231899,-5.80711979098063,1.65875761674051,0.000235590981855952,0.00104853097334663,"Nb_vs_rest","Other species higher"
"lamtor3",26.6430156933733,-6.0996804275023,1.75375387288075,0.000236983767456699,0.00105414184186424,"Nb_vs_rest","Other species higher"
"adora2b",10.7978253407799,-5.69772173106142,1.62570620709762,0.000238758221648391,0.00106144323607474,"Nb_vs_rest","Other species higher"
"hook1",12.563540054739,-6.17582084247222,1.77976117665005,0.000238915551202049,0.00106155127983984,"Nb_vs_rest","Other species higher"
"ino80b",22.2556025073689,-5.82795774523561,1.66763406813762,0.00023969599520645,0.00106442628923065,"Nb_vs_rest","Other species higher"
"ranbp3b",9.18046196492471,-5.87816780683956,1.68404249956378,0.000240307290267838,0.00106654737282389,"Nb_vs_rest","Other species higher"
"ssh1a",11.213711669364,-5.79804485430807,1.65875460949663,0.000240947833549061,0.0010687958375328,"Nb_vs_rest","Other species higher"
"afap1l1a",58.1801922884479,-6.51387814956522,1.89379081411281,0.00024149588139833,0.00107063174086593,"Nb_vs_rest","Other species higher"
"atp13a2",9.30846304565394,-6.06746148106592,1.74604089987799,0.000241809356324668,0.00107142624290442,"Nb_vs_rest","Other species higher"
"fstl1b",110.261282998818,-6.30382997061922,1.82385706563968,0.000242082551724583,0.00107204148876924,"Nb_vs_rest","Other species higher"
"cxcl12b",15.4067005930195,-6.3018038042574,1.82349155690568,0.000242592843288099,0.00107349947332572,"Nb_vs_rest","Other species higher"
"tmem106ba",17.7130800983909,-5.58249110326077,1.59138013571978,0.00024274733955339,0.00107349947332572,"Nb_vs_rest","Other species higher"
"GNG5",13.0526291651227,3.12535554113218,0.862663159789314,0.000242815357061769,0.00107349947332572,"Nb_vs_rest","Nb higher"
"tdo2a",14.5180946487864,-5.69443184721636,1.62703066236018,0.000243299635427247,0.00107504490072504,"Nb_vs_rest","Other species higher"
"pde8b",8.58154492270934,-5.80085292252979,1.66137315192906,0.000244185830846292,0.00107836354740089,"Nb_vs_rest","Other species higher"
"cav1",15.3530955073086,-6.40104955399618,1.85818530957474,0.000245259976436264,0.00108250808183705,"Nb_vs_rest","Other species higher"
"gmfb",30.6038613316288,-5.98323355674228,1.7210230260292,0.000245982792967714,0.00108509822436836,"Nb_vs_rest","Other species higher"
"ehd1a",11.6139699546165,-5.70774455527229,1.63284716365477,0.000246383571647891,0.00108566587617348,"Nb_vs_rest","Other species higher"
"nudt13",10.2892214298367,3.74946870570127,1.04220336675118,0.000246288875354284,0.00108566587617348,"Nb_vs_rest","Nb higher"
"tfa",49.8230175775188,-6.40446493954156,1.86037845055623,0.000246983611159583,0.00108770928093459,"Nb_vs_rest","Other species higher"
"aldh7a1",30.0250848594875,-5.72119163270668,1.63866595339249,0.000249390776915344,0.00109770457792854,"Nb_vs_rest","Other species higher"
"p3h1",9.65115357938211,-5.82603562989285,1.67240896932173,0.000249834856151043,0.00109905300555971,"Nb_vs_rest","Other species higher"
"vsnl1b",10.697018723362,-6.10389665692069,1.76293944468054,0.000250687964168366,0.00110148693779017,"Nb_vs_rest","Other species higher"
"crebl2",15.2169361427986,-5.93607643147936,1.70837178864565,0.00025080222631137,0.00110148693779017,"Nb_vs_rest","Other species higher"
"tp53i11b",5.41955714738431,5.10788718668221,1.44758590566489,0.000250603796551864,0.00110148693779017,"Nb_vs_rest","Nb higher"
"jpt2",17.9868253382237,-5.84077314242325,1.67828872823546,0.00025203057850132,0.00110606365935833,"Nb_vs_rest","Other species higher"
"slc7a3a",7.55034518936483,-5.78935113915651,1.6618357477698,0.00025212152836752,0.00110606365935833,"Nb_vs_rest","Other species higher"
"krt18a.1",43.533504438516,-6.23950915666367,1.80900630253735,0.000253124903721742,0.00110985534708764,"Nb_vs_rest","Other species higher"
"alox12",176.962949991209,-6.03708259331237,1.74263267663879,0.000253478235276507,0.00111079424355109,"Nb_vs_rest","Other species higher"
"ak4",12.2651057167722,-5.71635892643321,1.63960591671447,0.000254286388349079,0.00111372413777478,"Nb_vs_rest","Other species higher"
"cnga2b",126.282150996088,-5.57314848350079,1.59422817294903,0.000254464315798813,0.00111389206806063,"Nb_vs_rest","Other species higher"
"prkar1b",7.14923664327668,-5.62320105034893,1.61018841190013,0.000254704575745854,0.00111393787461016,"Nb_vs_rest","Other species higher"
"vps45",8.56973623122562,4.28792840145695,1.20236240112025,0.000254753962551823,0.00111393787461016,"Nb_vs_rest","Nb higher"
"bhlhe40",18.714884099843,-5.54876841630724,1.5871732261401,0.000255800779030731,0.00111790263782324,"Nb_vs_rest","Other species higher"
"ppp3ca",35.5755520191907,-5.78642047854603,1.66302492427468,0.000256282979665744,0.00111878456112289,"Nb_vs_rest","Other species higher"
"fam183a",370.260342506855,-2.70524609591894,0.7470909518264,0.000256224903152803,0.00111878456112289,"Nb_vs_rest","Other species higher"
"snx14",149.398171307317,-5.79783934801816,1.66840778562602,0.000259673346237103,0.00113296517385024,"Nb_vs_rest","Other species higher"
"ccn4a",694.103702981879,-6.04996331028306,1.75048116194143,0.000260217004667252,0.00113471677445064,"Nb_vs_rest","Other species higher"
"gemin5",109.633962142525,-5.84397516642404,1.68405125001524,0.000261225670096338,0.00113849308976995,"Nb_vs_rest","Other species higher"
"brf1a",8.56165121250495,-5.89399696231755,1.70123983207525,0.000263214471897854,0.00114590915752585,"Nb_vs_rest","Other species higher"
"tnksb",8.95668567305687,-5.85619628091487,1.68900483182552,0.00026321181774554,0.00114590915752585,"Nb_vs_rest","Other species higher"
"kank3",28.8702317192363,-6.51265221037709,1.90679520562563,0.000263375212816076,0.00114598375042109,"Nb_vs_rest","Other species higher"
"canx",18.8292183437573,-5.72138980487849,1.64590009685541,0.000263737841558143,0.00114693622650353,"Nb_vs_rest","Other species higher"
"rsl24d1",25.7187674254835,-5.88835969552739,1.69995980678898,0.000264287228010198,0.00114869938971753,"Nb_vs_rest","Other species higher"
"hdhd5",26.4058090109394,-6.17160502590643,1.79302443547947,0.000264811022534148,0.0011500192359672,"Nb_vs_rest","Other species higher"
"mpv17l2",3.92438343802993,5.25683268174259,1.49984604624214,0.000264879117256606,0.0011500192359672,"Nb_vs_rest","Nb higher"
"dnajb9a",10.2456225236743,-5.66113082273424,1.62772899614663,0.000265997609305141,0.00115424737479882,"Nb_vs_rest","Other species higher"
"tesk2",8.87284639994542,-5.73907718319335,1.65314428945923,0.000266962109347488,0.00115717416219063,"Nb_vs_rest","Other species higher"
"pcdh15a",11.3826828573504,3.51839917321117,0.981369924269722,0.000266893615808954,0.00115717416219063,"Nb_vs_rest","Nb higher"
"nfu1",11.8379575714312,-5.79557108133347,1.67153239465402,0.000267404622799963,0.00115753529566386,"Nb_vs_rest","Other species higher"
"C12orf57",37.4848902178075,-5.76026146866996,1.66027367504889,0.000267625641666644,0.00115753529566386,"Nb_vs_rest","Other species higher"
"tex261",11.5054373489099,-5.72791588442349,1.64985255656686,0.000267559201902848,0.00115753529566386,"Nb_vs_rest","Other species higher"
"fmnl2b",8.57165985837989,-5.71510477093309,1.64565650233329,0.000267377505254933,0.00115753529566386,"Nb_vs_rest","Other species higher"
"hvcn1",43.164305598277,-6.00436976148906,1.73967259308731,0.00026804474603664,0.00115871997474127,"Nb_vs_rest","Other species higher"
"zgc:136439",291.988006607131,-2.50006330838491,0.691723356002405,0.000268362212123241,0.00115946424079235,"Nb_vs_rest","Other species higher"
"nfs1",8.49428829926169,-5.70029557685549,1.6423030146764,0.000270277006384445,0.00116710525484192,"Nb_vs_rest","Other species higher"
"msrb3",7.02022614894299,-5.6754632109703,1.63494244598897,0.000271526743879254,0.00117186772101485,"Nb_vs_rest","Other species higher"
"abcc1",19.7988198944775,-5.84599454568131,1.69116930331368,0.000274195222203909,0.0011827447963174,"Nb_vs_rest","Other species higher"
"pdcd6ip",9.54831102085755,-5.75261363826396,1.66166670997755,0.000275616938227222,0.00118810812037684,"Nb_vs_rest","Other species higher"
"zmiz2",9.62410034135056,-5.62459967041802,1.62064228291409,0.000275736370794223,0.00118810812037684,"Nb_vs_rest","Other species higher"
"flnca",6.54686591737463,-5.69905242019123,1.64476112419996,0.00027631027020044,0.00118993845450594,"Nb_vs_rest","Other species higher"
"slc30a5",14.5997685050491,-5.85700918519867,1.69587132214926,0.000276502503767961,0.0011901240453443,"Nb_vs_rest","Other species higher"
"atp6v0a1a",9.91152070289296,-5.62072428646425,1.62012414013325,0.000277300457716079,0.00119291517658993,"Nb_vs_rest","Other species higher"
"rnf10",24.5295194103503,-5.71076476312185,1.64909724322653,0.000277528476137799,0.00119325282304937,"Nb_vs_rest","Other species higher"
"afdna",21.1928157697235,-5.89198212935211,1.70822026067577,0.000278489697690467,0.00119440945423115,"Nb_vs_rest","Other species higher"
"fbxw11a",9.94229790325108,-5.78263855634753,1.6725575951461,0.000278132297656827,0.00119440945423115,"Nb_vs_rest","Other species higher"
"efna1a",8.55678261539666,-5.7743220722327,1.6700664494022,0.000278545863950396,0.00119440945423115,"Nb_vs_rest","Other species higher"
"yipf6",7.28895798447518,-5.72371785745586,1.65360389267286,0.000278249560740328,0.00119440945423115,"Nb_vs_rest","Other species higher"
"mex3b",9.3926119906083,-5.65541671800266,1.63177640022297,0.000278491889194735,0.00119440945423115,"Nb_vs_rest","Other species higher"
"tnnt2d",81.9383181015261,-5.98674025111544,1.74000452676959,0.00028008103152659,0.00120018196454883,"Nb_vs_rest","Other species higher"
"zgc:112163",9.93997420648598,-5.82940492535247,1.68876443493923,0.000280343255879577,0.00120018196454883,"Nb_vs_rest","Other species higher"
"adi1",491.707580282833,-2.543340819353,0.706106909814859,0.000280255400245516,0.00120018196454883,"Nb_vs_rest","Other species higher"
"ddb2",16.2613453744704,-5.98614896905506,1.74002434906748,0.000280510752871655,0.00120025512488783,"Nb_vs_rest","Other species higher"
"ndufs6",25.7549183112592,-6.24987770631847,1.82781766497039,0.000281012097929482,0.00120175591719039,"Nb_vs_rest","Other species higher"
"ZNF608",13.1894744626791,-6.2326571498605,1.82236282812224,0.00028161725090952,0.00120369880142366,"Nb_vs_rest","Other species higher"
"hp",4.71738319048666,5.86936761035276,1.70278125294392,0.000282467874204019,0.00120668824204929,"Nb_vs_rest","Nb higher"
"si:ch211-113j13.2",8.63445574159866,-5.84976739154658,1.69680175110071,0.000283308180241613,0.00120833740156498,"Nb_vs_rest","Other species higher"
"get3",7.58007665654088,-5.78938346670347,1.67709280527212,0.000283095889761601,0.00120833740156498,"Nb_vs_rest","Other species higher"
"trim25",10.3413553427257,-5.76184587592819,1.66825733807682,0.000283263334628033,0.00120833740156498,"Nb_vs_rest","Other species higher"
"tegt",12.4372233248086,-5.89468105928347,1.71170975071065,0.000283861251643924,0.00121004956630263,"Nb_vs_rest","Other species higher"
"pin1",19.3161008317988,3.31228227693711,0.926348591773937,0.000284456113347421,0.00121193795222233,"Nb_vs_rest","Nb higher"
"arih1",8.60406224739599,-5.86559693360958,1.70258583960488,0.000284622809896209,0.00121200107949399,"Nb_vs_rest","Other species higher"
"dbpb",19.3975546920535,-5.73252317922887,1.65986689384564,0.000285602301896328,0.00121552339687077,"Nb_vs_rest","Other species higher"
"palm2akap2",9.5287958196525,-5.92260730786491,1.72243059712707,0.000287151994817088,0.00121795116066539,"Nb_vs_rest","Other species higher"
"PAK3",22.1671218989388,-5.82828568368131,1.69127451993815,0.000286389386547539,0.00121795116066539,"Nb_vs_rest","Other species higher"
"slc17a7a",9.94979702889217,-5.82795499026068,1.69127310847218,0.000286614678360539,0.00121795116066539,"Nb_vs_rest","Other species higher"
"rock1",10.976219714179,-5.79334872198855,1.68026716139953,0.000287124417654532,0.00121795116066539,"Nb_vs_rest","Other species higher"
"xpo4",6.65130915064869,-5.67633435651801,1.6424974343998,0.000287241113329857,0.00121795116066539,"Nb_vs_rest","Other species higher"
"cul4a",7.94358815620267,-5.63281879412773,1.62835529946045,0.000286898304274465,0.00121795116066539,"Nb_vs_rest","Other species higher"
"si:dkeyp-104h9.5",10.0780684260349,3.33648969351293,0.933931567865068,0.000286957529271771,0.00121795116066539,"Nb_vs_rest","Nb higher"
"ctr9",11.2021641453641,-5.83953549909003,1.69573517723868,0.000288084906522324,0.00121958490930936,"Nb_vs_rest","Other species higher"
"tbx2b",31.4271525820261,-5.56548709014761,1.60729118781419,0.000288026229479907,0.00121958490930936,"Nb_vs_rest","Other species higher"
"bsk146",7.99030726934469,3.78085652946546,1.06340137540142,0.000287902016149718,0.00121958490930936,"Nb_vs_rest","Nb higher"
"pex11b",361.450406858398,-6.01799975016398,1.75444244256531,0.000288459036111248,0.00122052126626074,"Nb_vs_rest","Other species higher"
"ip6k1",6.65459680382344,-5.60469296019837,1.62027107508198,0.000288999949365195,0.00122216194803087,"Nb_vs_rest","Other species higher"
"fdft1",6.78655762289688,-5.61039639771131,1.62308015331988,0.000291215247568076,0.00123087800614049,"Nb_vs_rest","Other species higher"
"rbm5",12.7366980393953,-5.73300284400293,1.66293434363452,0.000291966476109712,0.00123274734357434,"Nb_vs_rest","Other species higher"
"otud5a",7.28324735518219,-5.7008191526376,1.65250396092377,0.000291914389809374,0.00123274734357434,"Nb_vs_rest","Other species higher"
"rpl26",87.1072492194258,-6.30088470313,1.85106430965917,0.000292542343111583,0.00123350988200805,"Nb_vs_rest","Other species higher"
"RING1",7.92203675657795,-5.78039083828727,1.67859619335657,0.000292610802837248,0.00123350988200805,"Nb_vs_rest","Other species higher"
"boka",11.0201154929879,-5.58805854503673,1.61649053005249,0.000292525439826418,0.00123350988200805,"Nb_vs_rest","Other species higher"
"klc1a",11.2955934660356,-5.96283697689511,1.73855431362113,0.000293211638553637,0.00123539011386379,"Nb_vs_rest","Other species higher"
"fabp11b",155.574702666254,-6.34813324328329,1.86759671176754,0.000293503231457082,0.00123596611452639,"Nb_vs_rest","Other species higher"
"mlf1",84.1262829745396,-5.96013445124505,1.73803831390191,0.000293994671656627,0.0012373826370358,"Nb_vs_rest","Other species higher"
"opn1lw1",36.4101305274267,-6.04610860281055,1.76806060861657,0.000297311236606118,0.00125068195472684,"Nb_vs_rest","Other species higher"
"cep135",65.1105910176191,-6.21366433246748,1.82478848160401,0.000298748600957284,0.00125606629907225,"Nb_vs_rest","Other species higher"
"apbb3",12.4139825818724,-5.9204381555954,1.72855882826328,0.000301636785237318,0.00126754162516787,"Nb_vs_rest","Other species higher"
"map3k5",12.7185604574025,-5.82954671217434,1.69886466680139,0.000301928048454072,0.0012680978035071,"Nb_vs_rest","Other species higher"
"pop1",118.830087987621,-5.86053859689451,1.70927554660767,0.000302503677403269,0.00126984710451241,"Nb_vs_rest","Other species higher"
"epdr1",9.50258004648943,-5.7672990937005,1.67980773457441,0.000304756295333449,0.00127863051354413,"Nb_vs_rest","Other species higher"
"fubp1",12.0266659581985,-5.83438340555097,1.70252479810423,0.000306537148267944,0.00128542640209048,"Nb_vs_rest","Other species higher"
"mknk2b",9.28372188337586,-6.03797259092548,1.77015389306288,0.000307378822207364,0.00128827888719263,"Nb_vs_rest","Other species higher"
"PRKD3",12.8483192330011,-5.55263431689589,1.61163557799814,0.000307788209192507,0.00128931753771979,"Nb_vs_rest","Other species higher"
"ldhd",17.6223018314162,-5.92849556837711,1.73496338314266,0.00030979690906695,0.0012963709147112,"Nb_vs_rest","Other species higher"
"lsm8",13.3421047507242,-5.88930712473389,1.72200977791579,0.000309740459267731,0.0012963709147112,"Nb_vs_rest","Other species higher"
"atrx",14.4364516256473,-5.77872770664725,1.68607428877189,0.000310517025280903,0.00129870328183522,"Nb_vs_rest","Other species higher"
"atp5f1d",9.84789837564515,-5.78639701263082,1.68876720978482,0.000310940892212258,0.00129979482443888,"Nb_vs_rest","Other species higher"
"rsad2",10.0845794889746,-5.79743791718322,1.69257402320685,0.000311384022641394,0.00130028492971131,"Nb_vs_rest","Other species higher"
"samd11",6.83351637124921,-5.64535562209355,1.6430418495206,0.000311340411267919,0.00130028492971131,"Nb_vs_rest","Other species higher"
"dhx29",41.4884964505555,-6.08508188641076,1.78942042061496,0.000314915420482624,0.00131365658936296,"Nb_vs_rest","Other species higher"
"rgcc",10.364117936743,-5.77919444403084,1.68813974313706,0.000314909114954143,0.00131365658936296,"Nb_vs_rest","Other species higher"
"eif2ak1",65.4912237479427,-3.19662467847213,0.899941853613728,0.00031570247088351,0.00131625168111307,"Nb_vs_rest","Other species higher"
"PHB2",20.7561590907752,-5.57427667515281,1.6219879305648,0.000315958289574548,0.00131663036595556,"Nb_vs_rest","Other species higher"
"med24",14.3993396391003,-6.1273968644036,1.80459300291455,0.000316973699252543,0.00131948363069134,"Nb_vs_rest","Other species higher"
"ECHDC1",64.6599796687618,-5.58626160491621,1.62623078970707,0.000316865031059853,0.00131948363069134,"Nb_vs_rest","Other species higher"
"zc3h12a",12.8672244237956,-5.70615734366553,1.66556196048977,0.000317889839144588,0.00132260735994464,"Nb_vs_rest","Other species higher"
"atp6v1e1b",9.46583766389112,-5.95889520568147,1.74890329480185,0.0003183589726093,0.00132386899500897,"Nb_vs_rest","Other species higher"
"clstn3",14.6002964158966,-6.35691787474963,1.8841262485086,0.000320079174527792,0.00133032906913113,"Nb_vs_rest","Other species higher"
"ppm1h",7.82324730309631,-5.75395075869657,1.68226683815919,0.000320477756997025,0.00133129229611466,"Nb_vs_rest","Other species higher"
"orc4",15.1216250642022,-5.92792313970117,1.73972801876236,0.000320831771641781,0.0013320694785127,"Nb_vs_rest","Other species higher"
"mogat3b",12.4258699128738,-5.9267945460168,1.73971655484675,0.000321651610544575,0.00133477891427234,"Nb_vs_rest","Other species higher"
"zc3h6",8.48891553088591,-5.68128359905803,1.65933532920873,0.000322373141586356,0.00133707779098707,"Nb_vs_rest","Other species higher"
"alg3",6.11099793253662,5.57986780286853,1.62652513586911,0.000322652886976429,0.00133754287692047,"Nb_vs_rest","Nb higher"
"GHITM",11.9330976822717,-5.83389953524671,1.70954609486446,0.000322878924500302,0.00133778495197944,"Nb_vs_rest","Other species higher"
"ash1l",9.60413611837055,-5.56163822895101,1.62105177333862,0.000323698595967443,0.00134048510421391,"Nb_vs_rest","Other species higher"
"cct4",43.764410536256,-5.93299601477038,1.74367212010815,0.00032596130769243,0.00134915520507551,"Nb_vs_rest","Other species higher"
"fbxo33",6.71649843866515,-5.62204204990729,1.64181045309542,0.000326632775659484,0.0013512335664918,"Nb_vs_rest","Other species higher"
"uchl1",19.6240898283836,-5.89698858680385,1.73219115384542,0.000327037388342465,0.00135166424413297,"Nb_vs_rest","Other species higher"
"cdon",9.58231370749129,-5.89358952175629,1.73139735044626,0.000327806613133693,0.00135166424413297,"Nb_vs_rest","Other species higher"
"supt7l",199.785350828659,-5.82591603738484,1.70908076107804,0.000327941987652928,0.00135166424413297,"Nb_vs_rest","Other species higher"
"eif3bb",39.725255195674,-5.82263208963954,1.7077781056895,0.000327424677089465,0.00135166424413297,"Nb_vs_rest","Other species higher"
"extl2",34.818200723672,-5.78371637072152,1.69524727509368,0.000328089207698863,0.00135166424413297,"Nb_vs_rest","Other species higher"
"slc7a7",25.4203856072785,-5.69382897014128,1.6655754831167,0.000327567218465815,0.00135166424413297,"Nb_vs_rest","Other species higher"
"elmo1",17.9478693347662,-5.61866306645645,1.64130277838306,0.000328091934948065,0.00135166424413297,"Nb_vs_rest","Other species higher"
"ugcg",90.3949145155022,-5.54712973663812,1.61780949234217,0.000327321267290543,0.00135166424413297,"Nb_vs_rest","Other species higher"
"AHCYL1",10.0919770799493,-5.70906453319887,1.67106279036406,0.000328799928717392,0.00135376833937153,"Nb_vs_rest","Other species higher"
"rbm15b",8.48211654970272,-5.65557656364097,1.65379662098818,0.000329281246456158,0.00135376833937153,"Nb_vs_rest","Other species higher"
"zgc:91976",8.48635683028642,-5.5662815547703,1.62474492586781,0.00032917903053946,0.00135376833937153,"Nb_vs_rest","Other species higher"
"stk24b",10.2441248572348,-5.48542737779853,1.59861080344113,0.000329134661433617,0.00135376833937153,"Nb_vs_rest","Other species higher"
"kat14",20.6001022929478,-6.01972707408966,1.77457710795271,0.000330424469229772,0.00135614265145423,"Nb_vs_rest","Other species higher"
"arcn1b",12.7094116564779,-5.79236209480261,1.6989306190992,0.000330087525628479,0.00135614265145423,"Nb_vs_rest","Other species higher"
"apbb2b",7.93680019998175,-5.79176786636031,1.69892400126917,0.000330538528455951,0.00135614265145423,"Nb_vs_rest","Other species higher"
"msx3",53.2313441831223,-5.76803723993811,1.69105234812411,0.000330380841680687,0.00135614265145423,"Nb_vs_rest","Other species higher"
"SCD",9.82057801689912,-5.86702236924564,1.72486357694645,0.000333110458154627,0.00136599252624559,"Nb_vs_rest","Other species higher"
"ddx5",10.3906615930183,-5.85019436554565,1.72054598673143,0.000336091278128853,0.00137750816613675,"Nb_vs_rest","Other species higher"
"si:ch211-114c17.1",173.273891291777,-5.9197650126019,1.7441085520706,0.000337161981643551,0.00138064286400466,"Nb_vs_rest","Other species higher"
"cxcl19",14.0558892170257,-5.60988905872386,1.64208339203806,0.000337202123050762,0.00138064286400466,"Nb_vs_rest","Other species higher"
"ppp4cb",17.4104031655789,-5.6459864348395,1.65453340498761,0.00033891514918364,0.00138623418271935,"Nb_vs_rest","Other species higher"
"GPATCH2L",7.56828542296448,-5.63647207466154,1.65141009454891,0.000338873027756584,0.00138623418271935,"Nb_vs_rest","Other species higher"
"NAA15",9.15194484111607,-5.58500876444276,1.63479307661048,0.000339260072103111,0.0013869341062412,"Nb_vs_rest","Other species higher"
"stk10",15.2302938691306,-6.2452825094114,1.85518848817782,0.000339760761305682,0.00138826977737805,"Nb_vs_rest","Other species higher"
"mpl",49.0557480781648,-6.26359902028124,1.86162773650535,0.000340108021502292,0.00138897748801857,"Nb_vs_rest","Other species higher"
"adcy1b",13.7070102832811,-6.22061905461828,1.84744204716501,0.000341281906557449,0.00139271203450204,"Nb_vs_rest","Other species higher"
"khdrbs1a",8.50739299018772,-5.5035173531052,1.60923027221074,0.000341546046556452,0.00139271203450204,"Nb_vs_rest","Other species higher"
"rbm33a",9.34915036915531,4.16387611929276,1.19176601229202,0.000341532028383097,0.00139271203450204,"Nb_vs_rest","Nb higher"
"tsnax",6.82766382623409,4.50274629785054,1.29494747249316,0.000342375617776844,0.00139538173128663,"Nb_vs_rest","Nb higher"
"slc16a1b",85.3641018456989,-3.87637404982121,1.10585381465425,0.000342693562406199,0.00139596458805588,"Nb_vs_rest","Other species higher"
"PIP4K2B",674.844798657937,-3.14754403740198,0.891288997635056,0.000343307776709732,0.00139775309088962,"Nb_vs_rest","Other species higher"
"lrpap1",12.0211120911331,-5.93467421032829,1.75211621019147,0.000344327501979985,0.00140118993666511,"Nb_vs_rest","Other species higher"
"fhod3a",8.28451208834254,-5.81948399316711,1.7140003600663,0.000344858476432912,0.00140263539344273,"Nb_vs_rest","Other species higher"
"ip6k2b",8.47524865148892,-5.81686327343339,1.71320492593331,0.000345037171789175,0.00140264729030953,"Nb_vs_rest","Other species higher"
"glsb",10.8827315911426,-5.85555917809033,1.72662668221048,0.000346452776265343,0.00140768490559951,"Nb_vs_rest","Other species higher"
"edem3",8.40756224315831,-5.80060229278318,1.7084753023791,0.000346651487530568,0.00140777550661269,"Nb_vs_rest","Other species higher"
"atoh1c",20.917600158116,-5.55612955905223,1.62831960162735,0.000346838544249344,0.0014078187096184,"Nb_vs_rest","Other species higher"
"ILRUN",8.53484249438069,-5.76043138159555,1.69582509204316,0.000348225280751094,0.00141201104694803,"Nb_vs_rest","Other species higher"
"pgpep1l",152.048970241007,2.86961735660506,0.811477485983535,0.000348062232910237,0.00141201104694803,"Nb_vs_rest","Nb higher"
"add3b",19.1723211091824,-5.96774541254797,1.7656558759949,0.000350190555209717,0.00141925882710693,"Nb_vs_rest","Other species higher"
"cdip1",111.758189783091,-5.55911401833004,1.63089049755098,0.000351054377299825,0.00142203752835158,"Nb_vs_rest","Other species higher"
"ubtf",17.0620644991997,-5.52085668894322,1.61851732674809,0.000351257461608335,0.00142213827683131,"Nb_vs_rest","Other species higher"
"clec16a",8.99039494177255,-5.89344851974372,1.74192968652211,0.000352986371459362,0.00142841340986091,"Nb_vs_rest","Other species higher"
"zgc:136971",7.44957307963676,4.21591852948086,1.21095449328335,0.000354504533614937,0.00143382979130623,"Nb_vs_rest","Nb higher"
"psmd14",20.6300227141423,-6.27729668477834,1.87343833672534,0.000355748135257328,0.0014381307595509,"Nb_vs_rest","Other species higher"
"rnf166",11.1351927470737,-5.51568289462589,1.61875221169773,0.00035641607631687,0.00144010141215627,"Nb_vs_rest","Other species higher"
"atp1b3a",9.33553978225361,-5.69780049689466,1.67851019341701,0.000356748110509286,0.00144039090272415,"Nb_vs_rest","Other species higher"
"cog7",8.20071337890495,-5.55915828761163,1.63308000316524,0.000356848723644819,0.00144039090272415,"Nb_vs_rest","Other species higher"
"si:dkey-283b15.2",18.9086671834896,-6.19144989166863,1.84475894373732,0.000357700716894607,0.00144237075331934,"Nb_vs_rest","Other species higher"
"fmnl1a",14.9355448341645,-5.71277877228159,1.68380069789063,0.000357655541947167,0.00144237075331934,"Nb_vs_rest","Other species higher"
"dhrs12",113.884695762069,-6.12808731453103,1.82358277483102,0.000358848569430847,0.00144626847679705,"Nb_vs_rest","Other species higher"
"chac1",18.745725444393,-5.9374532401039,1.75926765803642,0.000359351258743487,0.00144683301956258,"Nb_vs_rest","Other species higher"
"ndrg2",8.65904794333956,-5.70393603168111,1.68147736610714,0.000359196692629945,0.00144683301956258,"Nb_vs_rest","Other species higher"
"pcsk1",9.60814016262447,-5.96989637194747,1.77055271547967,0.000360262329534166,0.00144976973761101,"Nb_vs_rest","Other species higher"
"vdac3",71.329002928654,-5.71794684657571,1.68685763427303,0.000361156076209619,0.00145263381459312,"Nb_vs_rest","Other species higher"
"farsa",8.96937225569037,-5.8689081391175,1.73772799294958,0.000362910833787002,0.00145891082313963,"Nb_vs_rest","Other species higher"
"sox9b",8.36330963301113,-5.85454017372942,1.73299355249999,0.000363082317638508,0.00145891082313963,"Nb_vs_rest","Other species higher"
"plekho1b",7.53709917068165,-5.58385450229896,1.64360468508341,0.000363442169052815,0.00145896316744548,"Nb_vs_rest","Other species higher"
"srrt",7.53707758479295,-5.55762259440092,1.63502743812959,0.000363460999609225,0.00145896316744548,"Nb_vs_rest","Other species higher"
"brd7",39.6418061409801,-5.7098783173962,1.68556335860839,0.000364742967648743,0.00146337299237655,"Nb_vs_rest","Other species higher"
"zgc:109982",26.3137391353728,-5.84566188477806,1.73126032222728,0.000366208278985229,0.00146851360115685,"Nb_vs_rest","Other species higher"
"slc7a10a",9.28532553241979,-5.70565022920016,1.68570160104584,0.000368796403938778,0.00147814932367225,"Nb_vs_rest","Other species higher"
"chd1",9.88438612617229,-5.66422226575728,1.67212951238868,0.00036910661878346,0.00147865000898193,"Nb_vs_rest","Other species higher"
"xpo7",7.34957600510144,-5.60904429382131,1.65449089418473,0.00037055021541607,0.00148368826844969,"Nb_vs_rest","Other species higher"
"TRIM67",11.8657763704237,-5.9448569828883,1.76645221687706,0.000370993664303953,0.00148471887720438,"Nb_vs_rest","Other species higher"
"itpr1a",13.9747114773667,-5.65552137114392,1.67039067829194,0.000372152918821956,0.00148861167528782,"Nb_vs_rest","Other species higher"
"pfkpb",10.5857959700729,-5.9936830904375,1.78397682244958,0.000373542356777833,0.00149342084523402,"Nb_vs_rest","Other species higher"
"ccdc167",37.9880984010701,-5.67212015858239,1.67723970594661,0.000375847514904561,0.00150188441108583,"Nb_vs_rest","Other species higher"
"clcf1",25.8651455453973,-5.67561939695066,1.6785393548447,0.000376232654079037,0.00150267096073609,"Nb_vs_rest","Other species higher"
"zdhhc16b",72.1469528875061,-5.75925335332292,1.70656838149584,0.00037695571734183,0.00150480571505143,"Nb_vs_rest","Other species higher"
"prdx6",15.2052862603147,-5.75958680906981,1.70696187661553,0.000377707181245656,0.00150629850391821,"Nb_vs_rest","Other species higher"
"yme1l1b",14.5473249118044,-5.4311431655341,1.59881232564053,0.000377584272541071,0.00150629850391821,"Nb_vs_rest","Other species higher"
"fgd5a",70.1368397510091,-5.92367586841571,1.7628849144613,0.000380078184075959,0.00151499695750557,"Nb_vs_rest","Other species higher"
"psma3",12.1559278094505,-5.87851514373081,1.74801940325628,0.000380991906410333,0.0015178776094714,"Nb_vs_rest","Other species higher"
"mrgbp",8.3490529146722,-5.75584707515721,1.7070156284399,0.000381181294408608,0.0015178776094714,"Nb_vs_rest","Other species higher"
"ngdn",28.4022697500236,-5.69704933807754,1.68764252754379,0.000381673944732032,0.00151908133614045,"Nb_vs_rest","Other species higher"
"dldh",20.8468761155451,-5.6456227607278,1.6714540534227,0.000384018186474763,0.00152764961518874,"Nb_vs_rest","Other species higher"
"adamts13",581.018255236149,-3.04156657495268,0.867921695337933,0.00038484421774618,0.00153017282392353,"Nb_vs_rest","Other species higher"
"tnpo3",9.23220242657164,-5.76141953110388,1.71100202211159,0.00038691792024034,0.00153765189418223,"Nb_vs_rest","Other species higher"
"mospd2",11.7080738648846,-5.59884980600226,1.65728663083352,0.000387627473227005,0.00153970494591911,"Nb_vs_rest","Other species higher"
"rhbdf1a",24.233231017479,-6.04976447517058,1.80877159770151,0.000387863634889169,0.00153987652060476,"Nb_vs_rest","Other species higher"
"ECM2",29.5844246485509,-5.91071938330624,1.76176814623727,0.000388532641041835,0.00154176552735646,"Nb_vs_rest","Other species higher"
"hnrnpub",17.6353898123402,-5.45423572608617,1.61100372266243,0.000391183353890996,0.00155151250698318,"Nb_vs_rest","Other species higher"
"si:ch211-14i3.2",42.6429705589831,-5.70782013483391,1.69529459793623,0.000392875853015267,0.00155745122059704,"Nb_vs_rest","Other species higher"
"asxl1",11.4973735511264,-5.75870285171496,1.71261972304611,0.000393810857619376,0.00156038264339753,"Nb_vs_rest","Other species higher"
"junbb",9.70425408035631,-5.72626248872799,1.70215659605967,0.00039485268621485,0.00156373421141167,"Nb_vs_rest","Other species higher"
"krr1",13.6981849238803,-6.11040120491585,1.83286603043028,0.000396171150589028,0.00156817747108157,"Nb_vs_rest","Other species higher"
"gsr",14.0218639616613,-6.32784835860913,1.90860271431879,0.000396403718711371,0.0015683201166667,"Nb_vs_rest","Other species higher"
"lratb.2",20.6303468365113,-5.9819485797791,1.789087959352,0.000396762375889258,0.00156896122873949,"Nb_vs_rest","Other species higher"
"lamp2",12.61202689268,-5.76059520195044,1.71444752311153,0.000397102934780794,0.00156953017313063,"Nb_vs_rest","Other species higher"
"top1l",19.7698572098582,-5.58977611515296,1.65774128808804,0.00039748918512835,0.0015702790580813,"Nb_vs_rest","Other species higher"
"cldn11a",8.39819089262711,3.35707776187979,0.963247745106198,0.000397746352832446,0.00157051751390545,"Nb_vs_rest","Nb higher"
"lgmn",12.8649327001488,-5.99192695667865,1.79315073131122,0.00039848848146568,0.00157197567610091,"Nb_vs_rest","Other species higher"
"timm50",8.34593286711848,-5.9050743566478,1.76362808321728,0.000398509623151897,0.00157197567610091,"Nb_vs_rest","Other species higher"
"paqr3a",26.605028142926,-6.016648239149,1.80178157151348,0.000398973743006,0.00157225208354957,"Nb_vs_rest","Other species higher"
"cyp24a1",6.17825165554609,4.18042313308566,1.21129852212455,0.000398919187890957,0.00157225208354957,"Nb_vs_rest","Nb higher"
"scamp4",6.6916257680274,-5.6124411325186,1.66622910584311,0.000400327161529034,0.0015768068849959,"Nb_vs_rest","Other species higher"
"SECISBP2L",6.50888586571072,-5.61139683704739,1.66646302767629,0.000402004374114124,0.00158263192177144,"Nb_vs_rest","Other species higher"
"rorb",11.0011224363365,-5.71880015706922,1.70246901065488,0.0004027056558831,0.00158461101279445,"Nb_vs_rest","Other species higher"
"hpn",22.9791449319053,-5.95907161369897,1.78387663820788,0.000403580948302102,0.00158727253201122,"Nb_vs_rest","Other species higher"
"csnk1g2b",7.10018100717394,-5.68591040976139,1.69227507347958,0.00040495326753606,0.00159188525859003,"Nb_vs_rest","Other species higher"
"zfyve9a",27.1235247305101,-5.66038786351673,1.68403868365455,0.000405736875040492,0.00159339579863343,"Nb_vs_rest","Other species higher"
"btbd10b",8.44748722580527,-5.5357190174371,1.64264461428418,0.000405588394292748,0.00159339579863343,"Nb_vs_rest","Other species higher"
"tmem110l",24.8288165792921,-5.89565430719352,1.76324545095555,0.000406086711466652,0.00159398522257938,"Nb_vs_rest","Other species higher"
"cc2d2a",9.64535098903389,3.44435738606397,0.991288679652298,0.000408899251564071,0.00160423600171155,"Nb_vs_rest","Nb higher"
"pla2g7",18.9156744610862,-6.07673539809259,1.82653894575702,0.000409733417471967,0.00160466437272415,"Nb_vs_rest","Other species higher"
"ddx20",79.0701427646506,-5.67191624135588,1.6892944936427,0.000409812780903737,0.00160466437272415,"Nb_vs_rest","Other species higher"
"mfrp",7.94372057840292,-5.63642142720475,1.67728681741993,0.000409298757365602,0.00160466437272415,"Nb_vs_rest","Other species higher"
"pmm2",7.89320919765335,-5.59944496052885,1.66512881295624,0.000409691089480944,0.00160466437272415,"Nb_vs_rest","Other species higher"
"sypl2b",9.05452800617547,-5.62239423771134,1.67301997455902,0.000410470268174499,0.00160645058363536,"Nb_vs_rest","Other species higher"
"aldh16a1",7.34429265019689,4.62252951525765,1.35106505584707,0.000410898454914817,0.00160733807363737,"Nb_vs_rest","Nb higher"
"acadvl",11.9625032807287,-5.69586533340697,1.69805746570926,0.000412010409153738,0.00161089812104205,"Nb_vs_rest","Other species higher"
"adat3",97.5092003727485,-5.52101848592567,1.64001156034943,0.000412242914017465,0.00161101785203691,"Nb_vs_rest","Other species higher"
"exosc8",61.0022236362137,-5.49246635742908,1.63075832758153,0.000412760019794634,0.00161224912283954,"Nb_vs_rest","Other species higher"
"aadat",15.6718070002258,-6.07647023707816,1.82778083719209,0.000413230636005801,0.0016132976885158,"Nb_vs_rest","Other species higher"
"actr10",9.16580816665378,3.36474542805211,0.968470156397618,0.000413758843915697,0.0016145699630549,"Nb_vs_rest","Nb higher"
"LRRC17",10.4945409087995,-6.04500731241132,1.8173762997585,0.000414395405462706,0.00161589866542117,"Nb_vs_rest","Other species higher"
"tmem120b",32.5483279827886,-5.72891983981094,1.70999841542782,0.000414504331844252,0.00161589866542117,"Nb_vs_rest","Other species higher"
"phf6",14.0772077549502,-5.50067312385803,1.63410913448109,0.000414719120023197,0.00161594657118414,"Nb_vs_rest","Other species higher"
"nudt1",64.0583414917959,-6.0549043826293,1.82332319675217,0.000421165007106913,0.00164026196032853,"Nb_vs_rest","Other species higher"
"nt5e",13.7321613152269,-5.55162232648167,1.65340306500522,0.000422128250057103,0.0016432114319296,"Nb_vs_rest","Other species higher"
"gadd45ab",20.4463022771898,-6.02341798207932,1.81301901983329,0.000422655935392589,0.00164366197097118,"Nb_vs_rest","Other species higher"
"plecb",12.6761884096684,-5.77270664434091,1.72756010934153,0.000422652333921042,0.00164366197097118,"Nb_vs_rest","Other species higher"
"acvrl1",15.5055529188044,-6.14313342110195,1.85521359483969,0.000424625313894943,0.00165051631996183,"Nb_vs_rest","Other species higher"
"fam222a",3.70104010259718,4.5831638957969,1.34236142023274,0.000424910052075333,0.0016508189949178,"Nb_vs_rest","Nb higher"
"hip1",8.36628160740541,-5.77957659147343,1.73133330435969,0.000426860834518309,0.00165759097783752,"Nb_vs_rest","Other species higher"
"lin7b",16.2701122567132,-5.58054827106692,1.66488674362626,0.000427828896010243,0.00166054211583742,"Nb_vs_rest","Other species higher"
"anks1b",5.98349504954238,-5.5315577885961,1.64888986230735,0.000428731120341348,0.00166323497341952,"Nb_vs_rest","Other species higher"
"znf395b",6.91802924875924,-5.67256639780405,1.69630909183454,0.000429839595304862,0.00166591547864633,"Nb_vs_rest","Other species higher"
"dlg3",6.94935172930412,-5.5015920847392,1.63927078895414,0.000429725626471644,0.00166591547864633,"Nb_vs_rest","Other species higher"
"gpr108",6.95834963336243,-5.65322147293279,1.69000441182199,0.000430384272230776,0.00166721674388427,"Nb_vs_rest","Other species higher"
"cetn4",14.1355579412842,-5.44170978102923,1.61979105431296,0.000430745330297479,0.0016678057912537,"Nb_vs_rest","Other species higher"
"bptf",11.318220784488,-5.80907444664586,1.7431718276275,0.000432239911315101,0.00167278103409045,"Nb_vs_rest","Other species higher"
"cdkn2aip",18.3732635840383,-5.57428058346289,1.66467950840857,0.000433616704408663,0.00167729583188615,"Nb_vs_rest","Other species higher"
"COPS6",11.4659702377957,-5.97325713082819,1.80019828071272,0.000434920756542355,0.00168152501802713,"Nb_vs_rest","Other species higher"
"tmem119b",8.78784003697429,-5.66495369478962,1.69555303631286,0.000435265601777036,0.00168204334246041,"Nb_vs_rest","Other species higher"
"sars2",25.9648859667608,-5.83190798772134,1.7527232032131,0.000437466909289959,0.00168900030477372,"Nb_vs_rest","Other species higher"
"fkbp5",25.4405010307166,-5.58984633763059,1.67112386467166,0.000437489176687629,0.00168900030477372,"Nb_vs_rest","Other species higher"
"cdc7",33.3203577766562,-5.70058958206379,1.70838318466079,0.000437824620479277,0.00168947798424789,"Nb_vs_rest","Other species higher"
"cipca",28.0355813904128,-5.95448289188049,1.79514832243168,0.000438892990349693,0.0016925427292522,"Nb_vs_rest","Other species higher"
"mylpfa",15.7199984535931,5.09730968325744,1.50977134771525,0.000439043038790983,0.0016925427292522,"Nb_vs_rest","Nb higher"
"c6",25.8468541656926,-5.90140157284794,1.77744502697826,0.000440360489298504,0.00169680188537038,"Nb_vs_rest","Other species higher"
"nr2f2",9.76703704314616,-5.98653472609475,1.80732100306092,0.000442099292662226,0.00170267970822614,"Nb_vs_rest","Other species higher"
"capn12",8.78428086276735,-5.85069731859288,1.76108904776239,0.000443210383148992,0.00170613548361262,"Nb_vs_rest","Other species higher"
"sec22bb",6.51873251232371,-5.63534777288356,1.68840072754743,0.000443814269009879,0.00170763638702933,"Nb_vs_rest","Other species higher"
"slc4a4a",6.94384441924044,-5.61014190342954,1.68019832121418,0.000444599715529891,0.00170983408671255,"Nb_vs_rest","Other species higher"
"txnl1",6.9927676868854,-5.51648014018127,1.64964551813141,0.000446942102143411,0.00171801443887496,"Nb_vs_rest","Other species higher"
"zgc:114045",11.0448715700115,-5.74637491556874,1.72706241952707,0.000447541634271498,0.00171893374944855,"Nb_vs_rest","Other species higher"
"eef2k",9.39403924049322,-5.48315390351567,1.63876557870064,0.000447612071598257,0.00171893374944855,"Nb_vs_rest","Other species higher"
"gabra6a",11.2489080860808,-6.04458174621635,1.82963724178549,0.000448363670679253,0.00172038492663081,"Nb_vs_rest","Other species higher"
"ptges3a",7.07536455730997,-5.50073747324654,1.64486317785865,0.000448421133758407,0.00172038492663081,"Nb_vs_rest","Other species higher"
"TCERG1",9.50851187385326,-5.66663695202197,1.70065794019987,0.000449194611214759,0.0017225242659749,"Nb_vs_rest","Other species higher"
"mecr",13.5585392549428,-5.8453340722707,1.76202394945535,0.000451390797936738,0.00172998060272454,"Nb_vs_rest","Other species higher"
"myo5aa",10.7149894274444,-5.38210838863725,1.60648913580754,0.000451572631011933,0.00172998060272454,"Nb_vs_rest","Other species higher"
"slc25a40",20.7426563501909,-5.77814584457698,1.7393282305808,0.000452032601285028,0.00173091178419123,"Nb_vs_rest","Other species higher"
"scyl3",11.1143234284986,-5.9283534181253,1.79099868571095,0.000452840337042488,0.00173317308853672,"Nb_vs_rest","Other species higher"
"znf142",67.2178012017375,-5.5706640034566,1.67001631767346,0.000454239461499655,0.00173769458426043,"Nb_vs_rest","Other species higher"
"SPAG9",6.64632183327504,-5.60151279870244,1.68052865296231,0.000454774514496281,0.00173890782255885,"Nb_vs_rest","Other species higher"
"zgc:112001",14.9024908708539,-6.01383860844706,1.82262728304957,0.00045883686357823,0.00175360065677887,"Nb_vs_rest","Other species higher"
"trnt1",30.4215753500869,-5.85691898593575,1.76907425596033,0.000460631644980807,0.00175961729389509,"Nb_vs_rest","Other species higher"
"ncapd3",4.09544200244194,5.43726578432297,1.62760439116555,0.000461097422072792,0.00176055379336884,"Nb_vs_rest","Nb higher"
"psmf1",22.6468278041765,-5.75168092258451,1.7333741850271,0.000461375891791332,0.00176077456551642,"Nb_vs_rest","Other species higher"
"jund",9.0759612629426,-5.54264702082812,1.6632477744965,0.000462716070335311,0.00176504504841098,"Nb_vs_rest","Other species higher"
"nr4a3",4.53657363598157,5.80440312535363,1.75244523994926,0.000464751290317197,0.00177196144134316,"Nb_vs_rest","Nb higher"
"ankrd28b",6.78705201487728,-5.64505871046616,1.69898950914987,0.000466919081535831,0.0017793764425291,"Nb_vs_rest","Other species higher"
"slc4a4b",7.08507015557347,-5.56656597367308,1.6727757687439,0.000467651784402677,0.00178131801409707,"Nb_vs_rest","Other species higher"
"ASTN2",21.3534666233865,-5.76399624232586,1.73971207812404,0.000468046442769609,0.001781970712453,"Nb_vs_rest","Other species higher"
"ogal",233.957423473987,-5.79625985213392,1.75083067141961,0.000468362540864053,0.0017822846602155,"Nb_vs_rest","Other species higher"
"rtn4r",4.81374751596898,4.20651221753535,1.23501864946974,0.000468575591119312,0.0017822846602155,"Nb_vs_rest","Nb higher"
"nxnl2",15.2674679039782,-5.49891475808852,1.65075205273178,0.000469804117521567,0.00178610617333116,"Nb_vs_rest","Other species higher"
"homer2",9.41945859181872,-5.89841745862265,1.78666642152416,0.000470662960981916,0.00178851925173128,"Nb_vs_rest","Other species higher"
"smc3",9.87112362595771,-5.41818892948385,1.62498246886593,0.000473743900683727,0.00179936997975066,"Nb_vs_rest","Other species higher"
"gria3a",105.154831535643,-5.66300517746616,1.70757254970021,0.000475021011632712,0.00180336235624598,"Nb_vs_rest","Other species higher"
"utp4",9.0529115114879,-5.62144170415541,1.69378338198015,0.000475920023480509,0.00180591620892747,"Nb_vs_rest","Other species higher"
"ndnl2",13.9312740130336,-5.72148937841131,1.72803072229485,0.00047691780313525,0.00180884223812704,"Nb_vs_rest","Other species higher"
"vhl",6.49015140034025,-5.44061696803651,1.63374548716693,0.000478183249007287,0.00181278020288748,"Nb_vs_rest","Other species higher"
"fam222ba",81.7012751682909,-5.833765330599,1.7678329369192,0.000481263189314614,0.00182358986264512,"Nb_vs_rest","Other species higher"
"hipk2",11.3790295169577,-5.74975818787746,1.73928182682546,0.000482064707440984,0.00182576002153728,"Nb_vs_rest","Other species higher"
"ints11",11.9612370942648,-5.82667475464854,1.7657772486466,0.000482466112520232,0.00182641346200733,"Nb_vs_rest","Other species higher"
"ephx1",8.89674127474557,-5.58175954822104,1.68317653818961,0.000485200918724976,0.00183589536814856,"Nb_vs_rest","Other species higher"
"c7b",12.6462038777905,-6.14080827964421,1.8768917337327,0.000487176567094465,0.00184203067928261,"Nb_vs_rest","Other species higher"
"STT3B",10.6106562601856,-5.69522822172891,1.72233733783306,0.000487452506727279,0.00184203067928261,"Nb_vs_rest","Other species higher"
"strn3",9.48326272080004,-5.35674809046908,1.60847623424716,0.000487514886546976,0.00184203067928261,"Nb_vs_rest","Other species higher"
"usp28",9.6497700815869,3.51067834727643,1.0252257281708,0.000487945708993301,0.00184278597149387,"Nb_vs_rest","Nb higher"
"p4ha2",142.711331694489,-5.84895324677105,1.77559805449338,0.000489230412232875,0.00184612584647464,"Nb_vs_rest","Other species higher"
"dipk1b",8.74096623259272,3.77495228037734,1.10600296528564,0.00048929275254309,0.00184612584647464,"Nb_vs_rest","Nb higher"
"tm9sf5",20.7523296253549,-5.49787480262251,1.65659391624425,0.000490889301355403,0.00185127439736111,"Nb_vs_rest","Other species higher"
"prpf4bb",7.95059585480332,-5.51372815869489,1.66230651570314,0.000492213386448008,0.00185539103630378,"Nb_vs_rest","Other species higher"
"rb1cc1",7.73597540983781,-5.57930521925648,1.68458528350001,0.000492767288814687,0.00185660196635562,"Nb_vs_rest","Other species higher"
"calub",14.5942977884354,-5.75356830258119,1.74413279080814,0.000493526235328428,0.00185858393483759,"Nb_vs_rest","Other species higher"
"ywhabl",20.6838741940624,-5.64686977041794,1.70809969119281,0.000494816195737992,0.00186256284999489,"Nb_vs_rest","Other species higher"
"scrib",13.8866044333671,-5.51543136498599,1.66383936314069,0.000495537137935814,0.0018643971526298,"Nb_vs_rest","Other species higher"
"arl16",53.3456434034381,-5.76122886176066,1.74757939798669,0.000496198368261984,0.00186600517376561,"Nb_vs_rest","Other species higher"
"dctn2",10.054865098041,-5.56194293496343,1.68066654219782,0.000499455895104321,0.00187737072205958,"Nb_vs_rest","Other species higher"
"adam22",47.7479306172377,-6.36685824402216,1.96249820997075,0.000500354801213816,0.00187986408365643,"Nb_vs_rest","Other species higher"
"nhsa",8.84326368621293,4.66780871768972,1.38752979917334,0.000501134928142627,0.00188190904780149,"Nb_vs_rest","Nb higher"
"RAB7A",10.1328235353191,-5.63163871345325,1.7049547194646,0.000501688539997129,0.00188310185756213,"Nb_vs_rest","Other species higher"
"oga",10.4558996573618,-5.68838843537459,1.72452729865442,0.000502455353591942,0.00188509342814466,"Nb_vs_rest","Other species higher"
"pkd2l1",84.3287029135923,2.83044933584283,0.823180216835884,0.000503643760392292,0.00188866410147109,"Nb_vs_rest","Nb higher"
"dkc1",13.5105906574647,-5.84951718373001,1.78055918155812,0.000504461138734778,0.00188995299864016,"Nb_vs_rest","Other species higher"
"cab39l",51.6361501988546,-5.33500245103878,1.60587462416597,0.000504321639107244,0.00188995299864016,"Nb_vs_rest","Other species higher"
"hmox1a",51.7706300758186,-5.83086220366617,1.7743948232105,0.000505407193770666,0.00189260882510085,"Nb_vs_rest","Other species higher"
"fam32a",96.1895549780369,2.53838765737551,0.736875840864922,0.000506870270808703,0.00189719735509074,"Nb_vs_rest","Nb higher"
"si:ch73-86n18.1",26.0046856066774,-6.04489784485844,1.84981460683183,0.000507607860296458,0.00189906738169983,"Nb_vs_rest","Other species higher"
"ptpn4a",8.94552538689311,-5.66181355529817,1.71731841884686,0.000508776766448868,0.00190179812449945,"Nb_vs_rest","Other species higher"
"sugct",10.9082921229501,-5.55492705074612,1.68098763905404,0.000508831566613387,0.00190179812449945,"Nb_vs_rest","Other species higher"
"pgrmc2",7.18963531285212,-5.40454901567462,1.63039778582014,0.000509052731069026,0.00190179812449945,"Nb_vs_rest","Other species higher"
"si:ch211-79l17.1",6.50219224906396,-5.54782576826195,1.67873663481523,0.000509370547295273,0.0019020949777334,"Nb_vs_rest","Other species higher"
"tcn2",7.9083191169707,-5.61942504144376,1.70326095698004,0.000510130110853585,0.00190404035762938,"Nb_vs_rest","Other species higher"
"emilin1a",15.5656738236488,-6.24282168087838,1.92119450819219,0.000510433340264676,0.00190428146578406,"Nb_vs_rest","Other species higher"
"mrps7",132.215619243382,-2.68481322816399,0.78084520396272,0.000511597333141239,0.00190773211143322,"Nb_vs_rest","Other species higher"
"NDUFA13",12.6045697485543,-5.73010579341726,1.74172700716987,0.000512232302373811,0.00190920774074872,"Nb_vs_rest","Other species higher"
"fbxo45",6.16394064341063,-5.5330675533609,1.67530700860904,0.000514910162116635,0.00191829276082668,"Nb_vs_rest","Other species higher"
"vps50",8.61513543294587,-5.74290449203054,1.74723567808892,0.000515968474625238,0.00192120282907853,"Nb_vs_rest","Other species higher"
"ube2g2",11.1279187914094,-5.42870334631091,1.64045281370542,0.000516172790168467,0.00192120282907853,"Nb_vs_rest","Other species higher"
"zgc:66427",14.3217350677487,-5.96746038486503,1.82682644177036,0.000521016069286438,0.00193429578086007,"Nb_vs_rest","Other species higher"
"pdgfrb",10.215475678769,-5.67512665611345,1.72518844733255,0.000520164371511477,0.00193429578086007,"Nb_vs_rest","Other species higher"
"MSL3",7.23781598185422,-5.66164511560271,1.72085405629536,0.000521144853239242,0.00193429578086007,"Nb_vs_rest","Other species higher"
"igbp1",9.39233942499087,-5.55405970941196,1.68404899525531,0.00052069773798358,0.00193429578086007,"Nb_vs_rest","Other species higher"
"cobl",6.6334067990685,-5.45255339710311,1.64964242079525,0.000520429853431009,0.00193429578086007,"Nb_vs_rest","Other species higher"
"zgc:101744",4.86578411038074,4.61410322969703,1.37475581052563,0.000520763764851308,0.00193429578086007,"Nb_vs_rest","Nb higher"
"tmem82",52.9184040835173,-6.09294213919507,1.87126519108617,0.000521402012005692,0.001934350560579,"Nb_vs_rest","Other species higher"
"crygm6",5.11616366963412,6.18562235812359,1.90540830132733,0.000524680132775962,0.00194560755555399,"Nb_vs_rest","Nb higher"
"hexdc",265.429725182741,-2.36216423209573,0.686898199385628,0.000526586470283191,0.00195176963904313,"Nb_vs_rest","Other species higher"
"skila",7.54154146293926,-5.61155031792694,1.70551709310064,0.000527433369473867,0.00195378511232927,"Nb_vs_rest","Other species higher"
"fzd4",7.1866606990681,-5.4188506211847,1.64023738255319,0.000527619914419747,0.00195378511232927,"Nb_vs_rest","Other species higher"
"NFX1",12.5612982821947,-5.8984719028485,1.80496493185031,0.000528547157283912,0.00195631090683006,"Nb_vs_rest","Other species higher"
"rab7a",153.217874707399,-2.31724980145063,0.673865532267325,0.000528958034973748,0.00195692402368591,"Nb_vs_rest","Other species higher"
"clic4",16.709809103961,-5.89150999209859,1.80338373882887,0.000531373235003632,0.00196494829255282,"Nb_vs_rest","Other species higher"
"zgc:153215",5.62962459423007,-5.45080416493293,1.65231926884262,0.000532490716149004,0.00196816855714175,"Nb_vs_rest","Other species higher"
"birc6",9.15466377661946,-5.63157292605873,1.7142551878748,0.000534157836519761,0.00197298764115037,"Nb_vs_rest","Other species higher"
"arfgef1",8.31291105659558,-5.33397649978483,1.61349161070903,0.000534289009088464,0.00197298764115037,"Nb_vs_rest","Other species higher"
"mta3",8.63374859431271,-5.4952007009699,1.66801038877186,0.000534967372815747,0.00197457892463907,"Nb_vs_rest","Other species higher"
"eif3ha",34.8308675674995,-5.71214768303978,1.74236606089141,0.000535650296099426,0.00197618555842507,"Nb_vs_rest","Other species higher"
"sav1",88.3812211323587,-6.11124513099149,1.88246584487716,0.000536085994371779,0.00197665470909312,"Nb_vs_rest","Other species higher"
"kif3b",5.63391993804069,-5.40215347422806,1.6369160781475,0.00053627286280534,0.00197665470909312,"Nb_vs_rest","Other species higher"
"adamts15b",9.21757660456969,-5.81114229177989,1.77707182655587,0.000537137370368346,0.00197892715398864,"Nb_vs_rest","Other species higher"
"dgkzb",6.33664873830004,-5.45502048610039,1.65512548677958,0.0005376501458034,0.00197990224435216,"Nb_vs_rest","Other species higher"
"atl1",16.9897394149931,-5.5268014111431,1.68023625793949,0.00054048522427872,0.00198942439563846,"Nb_vs_rest","Other species higher"
"hnrnpr",19.2263049118815,-5.48458939434283,1.66599363909157,0.000540842796884198,0.00198982273819083,"Nb_vs_rest","Other species higher"
"pmpca",68.3690444091804,2.97698930437784,0.872215944855573,0.000543736325808123,0.00199954648845568,"Nb_vs_rest","Nb higher"
"dtnbp1b",122.02120964858,-5.51392735688854,1.67695608222358,0.000544563673304122,0.00200166656516209,"Nb_vs_rest","Other species higher"
"ebna1bp2",7.33827548562584,-5.39884538069236,1.63829959911244,0.0005458119223763,0.00200533109602342,"Nb_vs_rest","Other species higher"
"acsf2",24.3664307066073,-5.71872505690607,1.74797339500544,0.000547407822889301,0.00201026894922072,"Nb_vs_rest","Other species higher"
"nbn",15.989667815614,-5.68205502980302,1.73604379709755,0.000550039433818355,0.00201541212147617,"Nb_vs_rest","Other species higher"
"dab2ipb",5.78947069239867,-5.47587653848131,1.66548908650382,0.000550071127891616,0.00201541212147617,"Nb_vs_rest","Other species higher"
"igfbp2a",7.56091509972427,-5.46183552114495,1.66067536442564,0.000549887969082683,0.00201541212147617,"Nb_vs_rest","Other species higher"
"phb",6.55577274538305,-5.37062934391374,1.62965784151492,0.000549183890609952,0.00201541212147617,"Nb_vs_rest","Other species higher"
"magi2a",4.83532848123763,4.99814410634412,1.50579909245428,0.00054954252052556,0.00201541212147617,"Nb_vs_rest","Nb higher"
"sec61g",185.647318961598,-2.88182276975402,0.844635146333446,0.000552056949728745,0.00202175973328838,"Nb_vs_rest","Other species higher"
"phactr3b",14.0868962588334,-5.49147589371744,1.67142440190967,0.000552472854017739,0.00202235475920255,"Nb_vs_rest","Other species higher"
"MSRB1",11.9246390087734,-5.74317449011185,1.75890132375313,0.000556151738961132,0.00203395548895959,"Nb_vs_rest","Other species higher"
"fam171a2b",5.22429018615204,-5.41389157591937,1.64603558557939,0.000556056428995252,0.00203395548895959,"Nb_vs_rest","Other species higher"
"fam78ab",30.5385977677888,-3.84211850420702,1.1386440471017,0.000557777430860925,0.00203896651317919,"Nb_vs_rest","Other species higher"
"rpa2",41.307032209872,-5.60767294717191,1.7135967386295,0.000561633435995936,0.00205118298363733,"Nb_vs_rest","Other species higher"
"upf3b",10.5409133377166,-5.60577830781153,1.71292225192758,0.000561547090802338,0.00205118298363733,"Nb_vs_rest","Other species higher"
"ech1",44.6735097055959,-5.78100969003394,1.773918154379,0.000562761745145979,0.00205342420039548,"Nb_vs_rest","Other species higher"
"PKP4",6.70856937190593,-5.60479999781434,1.71286000582753,0.000562568314006915,0.00205342420039548,"Nb_vs_rest","Other species higher"
"pomgnt2",5.3499194350092,5.42821968391213,1.65298574097048,0.000564218380675702,0.00205779829880809,"Nb_vs_rest","Nb higher"
"si:dkey-69o16.5",393.362156304657,-5.88855131832381,1.81214315709814,0.000564679005962238,0.00205853744521638,"Nb_vs_rest","Other species higher"
"ppp3ccb",20.7411385168234,-5.37035739568306,1.6345417166024,0.00056879615239309,0.00207259967858304,"Nb_vs_rest","Other species higher"
"git2a",24.6365877137427,-5.48546884050834,1.67374922251889,0.000569228745987074,0.00207322929848327,"Nb_vs_rest","Other species higher"
"cyhr1",6.91994190580187,3.7850990737952,1.12290735566403,0.000569789060289065,0.00207432331254869,"Nb_vs_rest","Nb higher"
"pls3",9.89505563034634,-5.86465905571453,1.80579025870095,0.000571885397447828,0.00208100568701945,"Nb_vs_rest","Other species higher"
"antxr1d",12.3602523721474,-5.52798848225928,1.68916101755538,0.000572632118615292,0.00208277315704195,"Nb_vs_rest","Other species higher"
"rftn2",585.596961442063,-5.57293556536707,1.70478835423893,0.000573432238356309,0.00208442304404011,"Nb_vs_rest","Other species higher"
"ahcyl1",6.5716050105047,-5.44963719370952,1.66265861684887,0.000573608145953894,0.00208442304404011,"Nb_vs_rest","Other species higher"
"gstt1b",47.1704968363009,-5.7704146650206,1.77344260820038,0.000574351844641948,0.00208617556679233,"Nb_vs_rest","Other species higher"
"atp1a3a",11.0284196088706,-5.94426389392449,1.83486872386912,0.00057524634778502,0.00208752426344905,"Nb_vs_rest","Other species higher"
"FARP1",6.59386601485872,-5.60689223634071,1.71693649403431,0.000575185317871796,0.00208752426344905,"Nb_vs_rest","Other species higher"
"rnls",9.42316084682793,-5.49871191232242,1.68010296514962,0.000576352651918478,0.00209058825559521,"Nb_vs_rest","Other species higher"
"arih2",8.30548382830972,-5.4504061029318,1.6638561957837,0.000577300650187285,0.00209307550590392,"Nb_vs_rest","Other species higher"
"dnajc19",63.0321666833503,-5.85751649118694,1.8052145347632,0.000578767380529053,0.00209744037085461,"Nb_vs_rest","Other species higher"
"nucb1",11.9097890028823,-5.61859710268328,1.72206311586434,0.000579314817512749,0.00209847128631491,"Nb_vs_rest","Other species higher"
"ubap1",6.54298149120327,-5.41719778348093,1.65335182526677,0.000580488310017235,0.00210176801902792,"Nb_vs_rest","Other species higher"
"cyb561d2",90.5919530992472,-5.56489295094091,1.70414988358611,0.000581594136952644,0.00210481687659052,"Nb_vs_rest","Other species higher"
"icmt",6.15993380890681,-5.48164495076371,1.67574941768338,0.000582166951893868,0.002105934848646,"Nb_vs_rest","Other species higher"
"nmnat2",16.8568353334358,-5.81013295951391,1.78967369537104,0.00058279264921723,0.00210724301801246,"Nb_vs_rest","Other species higher"
"ube2v2",14.5702755614909,-5.40117130025629,1.64858764233477,0.000583242713575764,0.00210791524199937,"Nb_vs_rest","Other species higher"
"itih2",57.2502455843113,-2.81999949016249,0.829933754841261,0.00058509234285464,0.00211364277771844,"Nb_vs_rest","Other species higher"
"prcp",12.2189997999608,-5.92736543989101,1.83198688837309,0.000586159777987875,0.0021165407368069,"Nb_vs_rest","Other species higher"
"ric8a",17.3734474961272,-6.05995817776682,1.87965996148681,0.000587298379287635,0.00211969292931494,"Nb_vs_rest","Other species higher"
"eps8l2",268.308789237164,-5.33034501612777,1.62645686445963,0.000591017148684372,0.00213215047310185,"Nb_vs_rest","Other species higher"
"taf15",14.8941514122145,-5.77453214076711,1.77957561277563,0.000591559309367818,0.00213300036082423,"Nb_vs_rest","Other species higher"
"mdn1",6.96087535963362,-5.48307506311373,1.678661096947,0.00059178731815349,0.00213300036082423,"Nb_vs_rest","Other species higher"
"yipf3",6.70851727722524,-5.45752871091877,1.6701504923479,0.000592717033745207,0.00213538687552449,"Nb_vs_rest","Other species higher"
"si:dkey-145c18.3",6.36088302276425,-5.56438736450689,1.70711952633658,0.000593829340427042,0.00213842876200713,"Nb_vs_rest","Other species higher"
"rassf2a",7.06527705667574,-5.64319777198916,1.73479695731865,0.000595446046974618,0.00214328347084233,"Nb_vs_rest","Other species higher"
"tmod4",21.9306789997051,-5.38557431658746,1.64636843390307,0.000595821330645279,0.00214366736634325,"Nb_vs_rest","Other species higher"
"psme3",19.4550240089279,-5.62784145079393,1.73034767896255,0.000598843372975395,0.0021516299488265,"Nb_vs_rest","Other species higher"
"emc6",6.75446204848277,-5.55391387072845,1.70472127923071,0.000598607665973489,0.0021516299488265,"Nb_vs_rest","Other species higher"
"scoca",6.69394774714114,-5.49512527857205,1.68446385805236,0.000598479955442526,0.0021516299488265,"Nb_vs_rest","Other species higher"
"PER2",5.2226244497565,-5.39016488887315,1.64988967697618,0.000603917224634896,0.00216888364202811,"Nb_vs_rest","Other species higher"
"si:dkey-10o6.2",32.6331407814862,-5.65964639229127,1.74308930462084,0.000605400808184191,0.00217323367040479,"Nb_vs_rest","Other species higher"
"stum",221.600568888087,-5.77394157341474,1.78326868833464,0.000606141780329804,0.00217491520100352,"Nb_vs_rest","Other species higher"
"slka",7.2295591823562,-5.51672307415581,1.69409565769051,0.000607362291644548,0.00217831509542629,"Nb_vs_rest","Other species higher"
"si:ch211-232b12.5",6.60675511144126,-5.61306368701883,1.72796441944112,0.000609590166974773,0.00218532324009824,"Nb_vs_rest","Other species higher"
"mief1",1017.61689888655,-5.60629755046939,1.72570101462643,0.0006099257051856,0.00218554428710421,"Nb_vs_rest","Other species higher"
"ggnbp2",8.07798571599608,-5.53646334284565,1.70205883831959,0.000612033206234938,0.00219211175303178,"Nb_vs_rest","Other species higher"
"hpcal1",403.881592152192,-5.75386042056706,1.7781564350518,0.000613535999706823,0.00219453934453628,"Nb_vs_rest","Other species higher"
"serpine2",51.7098620921241,-5.68107188497279,1.75256699684687,0.000613202361936035,0.00219453934453628,"Nb_vs_rest","Other species higher"
"C14orf28",19.2870421383149,-5.39390664765997,1.65344935219157,0.00061345002270926,0.00219453934453628,"Nb_vs_rest","Other species higher"
"NIPAL2",22.0958510835813,-5.56315484011066,1.7118459786853,0.000614295602531652,0.00219627191227714,"Nb_vs_rest","Other species higher"
"bnip3la",10.9086004355375,-5.4570345112333,1.6756971849821,0.000616064312910008,0.00220160914331476,"Nb_vs_rest","Other species higher"
"arhgef6",10.7697817944855,-5.74011471903079,1.77417532731734,0.000616794652789174,0.00220224667975732,"Nb_vs_rest","Other species higher"
"etnk2",6.70665196532279,-5.6056805605701,1.7272080222543,0.000616765770975254,0.00220224667975732,"Nb_vs_rest","Other species higher"
"psma5",9.33951865493909,-5.43251304868051,1.66788621361111,0.000618576451147165,0.0022076207871889,"Nb_vs_rest","Other species higher"
"rnaseh2b",8.59531542266359,-5.61815605817379,1.73222198875012,0.000619465859056354,0.00220980668541337,"Nb_vs_rest","Other species higher"
"SLC5A10",6.41741378475282,-5.47352993054686,1.68226291994361,0.000619777212527373,0.00220992947094211,"Nb_vs_rest","Other species higher"
"lactb",23.1610997460906,-5.62337132680337,1.73443271591488,0.000621044650661974,0.00221334972228725,"Nb_vs_rest","Other species higher"
"ccdc137",56.7462519415277,3.01182321434238,0.892278960637393,0.000621291150115719,0.00221334972228725,"Nb_vs_rest","Nb higher"
"fsta",6.52331820812719,-5.37133188413012,1.64802947698545,0.000623158516284764,0.002219011584093,"Nb_vs_rest","Other species higher"
"GOT1",886.569267199052,-2.81614023853855,0.833235346552232,0.000625179123343011,0.00222521382884801,"Nb_vs_rest","Other species higher"
"tjp1b",6.56868947484843,-5.43583473718916,1.67088133087286,0.000626367811725648,0.00222745772619014,"Nb_vs_rest","Other species higher"
"tmem39a",5.35003252370662,4.87754515049091,1.48277923184236,0.000626201420650215,0.00222745772619014,"Nb_vs_rest","Nb higher"
"kdr",23.143991906254,-5.55819498156702,1.71336820982578,0.000627442079475162,0.00222957421392006,"Nb_vs_rest","Other species higher"
"adpgk",8.64134435267695,-5.48712462286302,1.68880933357795,0.000627521764970484,0.00222957421392006,"Nb_vs_rest","Other species higher"
"grb10b",12.5909647297889,-5.36608504410446,1.64732793497431,0.000627837484789165,0.00222970321700825,"Nb_vs_rest","Other species higher"
"TMEM179",132.762999964309,-5.42573090887668,1.66802518711688,0.000628963699566056,0.00223270921821047,"Nb_vs_rest","Other species higher"
"prdx5",24.1406434077724,-5.44072280437377,1.67338431578014,0.000629844690444397,0.00223484243207928,"Nb_vs_rest","Other species higher"
"tacr3a",53.012509612458,-5.57245619472251,1.71906192607562,0.000630485714975326,0.00223486661456177,"Nb_vs_rest","Other species higher"
"sin3b",7.07309314520999,-5.44674031597753,1.67562437515975,0.000630565770202915,0.00223486661456177,"Nb_vs_rest","Other species higher"
"wu:fj29h11",5.73358492695369,-5.41511432972016,1.66478703887071,0.000630691681202143,0.00223486661456177,"Nb_vs_rest","Other species higher"
"C12orf29",46.1886389638785,-5.45320514051455,1.67797242020318,0.000631087063909971,0.00223527508655196,"Nb_vs_rest","Other species higher"
"abat",10.0701489835522,2.97877996324866,0.883395397925903,0.000631543476230597,0.00223589926367354,"Nb_vs_rest","Nb higher"
"taf9",8.53622695019189,-5.84343271068301,1.81546331086084,0.000635136669492847,0.00224762333594364,"Nb_vs_rest","Other species higher"
"mon2",7.65108660747435,-5.69884790296008,1.76447865050479,0.000635599520035197,0.00224826425969897,"Nb_vs_rest","Other species higher"
"ankrd40",27.4455095873564,-5.41163590031651,1.66499302677967,0.000636683050881107,0.00225109913426284,"Nb_vs_rest","Other species higher"
"pdcd5",15.3616452620576,-5.38405249424135,1.65597594747568,0.000638621798871724,0.00225695392161043,"Nb_vs_rest","Other species higher"
"usp10",6.76211313744225,-5.62712336285643,1.74029315128909,0.000639405236156911,0.00225872234817714,"Nb_vs_rest","Other species higher"
"cand1",8.32422652839134,-5.38175860883129,1.65570876961844,0.000640877920508323,0.00226292292285682,"Nb_vs_rest","Other species higher"
"igfbp3",9.00054508856831,-5.68929850919601,1.76287211478388,0.000642601416131325,0.00226800499811056,"Nb_vs_rest","Other species higher"
"ITM2C",9.80485882980505,-5.70450790279935,1.76855451610636,0.000643939265792403,0.00227071822404922,"Nb_vs_rest","Other species higher"
"nup50",100.942918522016,-5.32874434196281,1.63824007298683,0.00064387544829244,0.00227071822404922,"Nb_vs_rest","Other species higher"
"dpp9",86.6098873343124,-5.48568593833262,1.69248905265004,0.000645110261622143,0.00227384270660102,"Nb_vs_rest","Other species higher"
"cog1",19.9433661598537,-5.43344242643337,1.67497209455594,0.000647353351113823,0.00228074160789771,"Nb_vs_rest","Other species higher"
"zgc:162989",63.9087760758472,-5.42440299616819,1.67247151802486,0.000650019168735909,0.00228912310967015,"Nb_vs_rest","Other species higher"
"KLHL11",5.80527647794385,-5.31088686248135,1.63366844101217,0.000650698270038056,0.00229050383542289,"Nb_vs_rest","Other species higher"
"ccdc85cb",26.7578847727719,-5.67057824102219,1.7585880726106,0.000651913005052392,0.00229225106411672,"Nb_vs_rest","Other species higher"
"nin",22.4132851391934,-5.53055745005163,1.70976139974075,0.000652387065236518,0.00229225106411672,"Nb_vs_rest","Other species higher"
"gna13b",12.3414120214095,-5.4143148871998,1.66959465919941,0.000652630879407667,0.00229225106411672,"Nb_vs_rest","Other species higher"
"ppp2r5a",6.39313766388708,-5.34969260659847,1.64737696498267,0.000652593474188992,0.00229225106411672,"Nb_vs_rest","Other species higher"
"uqcc2",1698.62821131125,-2.70824740096414,0.803377454827855,0.000652608877700297,0.00229225106411672,"Nb_vs_rest","Other species higher"
"pcmtd1",5.41077474334559,-5.3821618774197,1.65882184167772,0.000653913652649443,0.00229574612764741,"Nb_vs_rest","Other species higher"
"brd4",8.65687407772612,-5.65850233042824,1.75549382655582,0.000656633936688209,0.00230428268019873,"Nb_vs_rest","Other species higher"
"ube2ql1",10.1954601862745,-5.9299591297527,1.8523207914941,0.000657780897053776,0.00230729299274248,"Nb_vs_rest","Other species higher"
"cbx3a",14.1773251464157,-5.29146529656255,1.62883532423839,0.000658843268519125,0.00231000407855124,"Nb_vs_rest","Other species higher"
"CYTL1",11.1105579805045,-5.88115465707688,1.83526269622758,0.000659621869285367,0.00231103651477014,"Nb_vs_rest","Other species higher"
"arl13a",24.2829340686764,-5.6868385191866,1.7662533612846,0.000659867340977371,0.00231103651477014,"Nb_vs_rest","Other species higher"
"eya2",166.53521358849,-5.63084307900025,1.74673376320864,0.000660585750650461,0.00231103651477014,"Nb_vs_rest","Other species higher"
"armc2",75.6719204631966,-5.49158062404134,1.69810634753936,0.000660442180759202,0.00231103651477014,"Nb_vs_rest","Other species higher"
"daglb",7.08704424731013,-5.46209370038974,1.68782677960476,0.00066018566937312,0.00231103651477014,"Nb_vs_rest","Other species higher"
"commd7",8.00854691930456,-5.47784266301832,1.69375542616869,0.000662238954585287,0.00231580493321235,"Nb_vs_rest","Other species higher"
"ZNF821",7.04690536654031,-5.46498543367075,1.68950452885092,0.000663134090634282,0.00231772417551804,"Nb_vs_rest","Other species higher"
"lnx2b",7.11567437319133,3.92732282851087,1.18211390687921,0.000663368673794886,0.00231772417551804,"Nb_vs_rest","Nb higher"
"bahcc1a",7.45353642710535,3.22050483930889,0.961411209850006,0.000664616041826166,0.00232106608917847,"Nb_vs_rest","Nb higher"
"PIAS1",13.0949003281168,-5.84675981852544,1.82464481771075,0.000666317064681535,0.00232598870348147,"Nb_vs_rest","Other species higher"
"hspb6",15.1525052802764,-5.41340859113774,1.67282352405059,0.000668250806985195,0.00233171903792823,"Nb_vs_rest","Other species higher"
"sh3gl1b",9.86389018794357,-5.88714995807259,1.83993485243305,0.000669502596132656,0.00233506587287526,"Nb_vs_rest","Other species higher"
"coch",15.7708631042581,-5.77355650059281,1.79944069500591,0.000669988124957236,0.00233573841728211,"Nb_vs_rest","Other species higher"
"tspy",6.28064111586446,-5.53418453548654,1.71520871395225,0.000670301010529809,0.00233580876158423,"Nb_vs_rest","Other species higher"
"grk7a",29.8324730645216,-5.86272692883383,1.83238481766738,0.000674339816095384,0.00234885715078183,"Nb_vs_rest","Other species higher"
"snai1a",6.87729783168274,-5.63496589305952,1.75224909400299,0.000677691014042951,0.00235950012742703,"Nb_vs_rest","Other species higher"
"trip11",8.18308902881944,-5.54974009421612,1.72242457747561,0.000678026118750857,0.00235963734305793,"Nb_vs_rest","Other species higher"
"mapta",10.6624096053984,-5.93435207255354,1.86024475710501,0.000682469097514176,0.00237406425377643,"Nb_vs_rest","Other species higher"
"gusb",8.63246992833453,-5.52335411416798,1.71448335113435,0.000683616681241156,0.0023770200942503,"Nb_vs_rest","Other species higher"
"rc3h1b",9.31913843811414,-5.83350287735518,1.82457353752301,0.000685094552744741,0.00238112131136892,"Nb_vs_rest","Other species higher"
"si:ch211-212g7.6",5.27647954082648,-5.34954981904902,1.65466707563521,0.000685827271219232,0.00238263022391357,"Nb_vs_rest","Other species higher"
"maco1a",4.67090594890094,5.1219797780634,1.5769593681603,0.000686374364934004,0.00238349322548884,"Nb_vs_rest","Nb higher"
"fam13b",23.286818597677,2.76076775997457,0.822821249092577,0.000687256725764144,0.0023855192133962,"Nb_vs_rest","Nb higher"
"ccnt2a",17.4527658902233,-5.73963232819981,1.79168618445853,0.000687754632007003,0.00238620954931126,"Nb_vs_rest","Other species higher"
"skiv2l",32.4688564874226,-5.23660949480674,1.61702925762689,0.000691257860204571,0.00239732191413841,"Nb_vs_rest","Other species higher"
"exoc5",6.16005823137926,3.54754004669706,1.06654635551715,0.000692421831016469,0.00240031546981382,"Nb_vs_rest","Nb higher"
"lypla2",6.62298593064118,-5.57430546571094,1.73532729522471,0.000696778302821335,0.00241436858728365,"Nb_vs_rest","Other species higher"
"ERMP1",36.2940785230957,-5.68719161100966,1.77548577048195,0.000698043200855637,0.00241770171129687,"Nb_vs_rest","Other species higher"
"si:ch211-257p13.3",94.3914353175123,-6.0503346158492,1.90704533952921,0.000700245959629343,0.00242163270989885,"Nb_vs_rest","Other species higher"
"trap1",23.1892612408163,-5.62445653489558,1.75378765903852,0.000700246277037272,0.00242163270989885,"Nb_vs_rest","Other species higher"
"acbd7",26.5169063184453,-5.38523540891073,1.67001266269898,0.00069975552245555,0.00242163270989885,"Nb_vs_rest","Other species higher"
"pcgf1",4.04480063134504,5.09933182177716,1.57210516688015,0.000700392016847938,0.00242163270989885,"Nb_vs_rest","Nb higher"
"stk19",8.69083705228005,-5.39395711301936,1.67375225710021,0.000703077154122929,0.00242986387609397,"Nb_vs_rest","Other species higher"
"aldh3a2b",9.33567361532042,-5.35708242508676,1.66109036794865,0.000703601447787901,0.00243062318326729,"Nb_vs_rest","Other species higher"
"si:ch1073-440b2.1",12.6115096041558,-5.26359663482748,1.6293926360321,0.00070616640247517,0.0024384283391397,"Nb_vs_rest","Other species higher"
"nup153",7.16668009512149,-5.33539259208744,1.65421501620527,0.000706541355825629,0.0024386678284985,"Nb_vs_rest","Other species higher"
"rab33ba",10.468594026212,-5.49514548463837,1.71000797412216,0.000707688161447816,0.00244157005116886,"Nb_vs_rest","Other species higher"
"trmt61a",645.409754813658,-5.88507267096672,1.84999282100495,0.000713071965856132,0.00245908136885563,"Nb_vs_rest","Other species higher"
"kdm5ba",11.0141328451708,-5.53261030918163,1.72481742028895,0.000715282415473405,0.00246563873670746,"Nb_vs_rest","Other species higher"
"kdm3b",7.41525455014367,-5.33900201063003,1.65778353544002,0.000717574943586477,0.00247247325121765,"Nb_vs_rest","Other species higher"
"cab39",5.48882325110229,-5.46641377645201,1.7022173123685,0.000718045585621099,0.00247302709247146,"Nb_vs_rest","Other species higher"
"fam120a",8.36966502629354,-5.44508949251818,1.69536214996806,0.000720819213776455,0.00248150876873862,"Nb_vs_rest","Other species higher"
"tbxa2r",5.98305799827033,-5.41889246337348,1.68635146628897,0.000721427730658979,0.00248253268247462,"Nb_vs_rest","Other species higher"
"plxna1a",4.15445037137795,5.57794403231454,1.74248352326835,0.000722964302738771,0.0024835625899792,"Nb_vs_rest","Nb higher"
"clcn5b",8.55044372511749,-5.47484836947137,1.70610172053876,0.000722366369723289,0.0024835625899792,"Nb_vs_rest","Other species higher"
"lamp1b",5.50751953855448,-5.42042200874423,1.6872130791018,0.000722971916857354,0.0024835625899792,"Nb_vs_rest","Other species higher"
"si:ch211-203d1.3",412.701661982855,-2.86935808049571,0.859613407904145,0.000722810631445698,0.0024835625899792,"Nb_vs_rest","Other species higher"
"cd2bp2",10.4883144513753,-5.66431202819019,1.77333645965812,0.000724046567736218,0.00248618399764846,"Nb_vs_rest","Other species higher"
"nr3c1",6.74324514108855,-5.43854275034,1.69389266098052,0.000724641937821695,0.00248715813497511,"Nb_vs_rest","Other species higher"
"atp6v1f",27.928907793051,-5.61467550605445,1.75611135725988,0.000725820149564795,0.00249013103762987,"Nb_vs_rest","Other species higher"
"phax",6.78005453105568,-5.55741239783139,1.73628020197298,0.000727700056983093,0.00249550771582513,"Nb_vs_rest","Other species higher"
"cspg5a",7.10614247926782,3.27391844166092,0.985518980016667,0.000729161434793858,0.00249944512442224,"Nb_vs_rest","Nb higher"
"kdm2bb",52.0028522944558,-2.68580009968455,0.80398798377861,0.000730180627332728,0.00250186406445478,"Nb_vs_rest","Other species higher"
"acss2l",9.53391634411609,-5.54768149952932,1.7334821100774,0.000730601722505125,0.0025022325088373,"Nb_vs_rest","Other species higher"
"zmp:0000000521",9.37211758147585,-5.42288605986772,1.68980205902131,0.000731139493995341,0.0025030000695336,"Nb_vs_rest","Other species higher"
"mau2",9.55676588948406,-5.30385960519547,1.64862690974987,0.000732137919811084,0.00250426943853084,"Nb_vs_rest","Other species higher"
"u2af2a",12.3943316105201,-5.30001339638319,1.64724530552915,0.000731890727581942,0.00250426943853084,"Nb_vs_rest","Other species higher"
"actr3",40.8214715707984,-5.64214986508219,1.76763106886991,0.000733745382850306,0.00250869244007945,"Nb_vs_rest","Other species higher"
"adprhl2",8.21996768002085,-5.64516089391474,1.76901578995434,0.000735153425622618,0.00251243012268458,"Nb_vs_rest","Other species higher"
"sept2",9.98695720026522,-5.84938000210284,1.84243529707095,0.000735587299839891,0.00251283675202155,"Nb_vs_rest","Other species higher"
"mkrn2",8.26404923844907,-5.56051410974031,1.73969400550924,0.000738327921930378,0.0025211197334208,"Nb_vs_rest","Other species higher"
"FCHSD2",7.92714484916274,-5.80847382888651,1.82904687855791,0.000741657761826938,0.00253140673198416,"Nb_vs_rest","Other species higher"
"PPP1CA",10.8725867441572,-5.92094943433366,1.8701985216793,0.000742896975340578,0.00253455231432998,"Nb_vs_rest","Other species higher"
"grk5",9.23826632759095,-5.59078281876625,1.75154676922145,0.000743549485233843,0.00253569439836157,"Nb_vs_rest","Other species higher"
"tmub1",8.45630493836966,-5.5691991463877,1.74429479803525,0.000745382282288603,0.00253977395929251,"Nb_vs_rest","Other species higher"
"lonp1",6.17930634098106,-5.3988441379383,1.68431767916339,0.000745091938906329,0.00253977395929251,"Nb_vs_rest","Other species higher"
"pdha1a",10.6557345440958,-5.69590188394554,1.78956966705707,0.000746114848349856,0.00254118501486635,"Nb_vs_rest","Other species higher"
"inab",20.4444757123056,-6.47089333129387,2.07802002412414,0.000746852225679696,0.00254261124612797,"Nb_vs_rest","Other species higher"
"slc3a2a",18.2699801122379,-5.2953880809163,1.64916266663098,0.000749299421430195,0.0025498547475535,"Nb_vs_rest","Other species higher"
"dennd11",5.66185169889016,-5.27796857185254,1.6432715938176,0.000750036146916663,0.00255127385012573,"Nb_vs_rest","Other species higher"
"cicb",9.86907721415588,-5.47435600435797,1.71219885184803,0.000751867759263043,0.00255641445203199,"Nb_vs_rest","Other species higher"
"bcl7bb",7.53314899835967,-5.67082808468618,1.78223096745865,0.00075348405642154,0.00255901908320785,"Nb_vs_rest","Other species higher"
"znf622",14.4467811337787,-5.19867715536068,1.61657502359529,0.000753595845305571,0.00255901908320785,"Nb_vs_rest","Other species higher"
"ptgr2",4.8675354909966,4.84193283651988,1.49505317052613,0.000753239702960147,0.00255901908320785,"Nb_vs_rest","Nb higher"
"tapt1b",6.07335760733569,-5.30798506503823,1.65457323598048,0.00075448354685947,0.00256094372774928,"Nb_vs_rest","Other species higher"
"dnajc16l",8.50886867930843,-5.64992748403795,1.7751972338042,0.000755472493909986,0.00256321024719459,"Nb_vs_rest","Other species higher"
"sulf1",66.6427649983945,-5.37609457174336,1.67863956766704,0.000756162106464108,0.00256445967258121,"Nb_vs_rest","Other species higher"
"zgc:172139",6.99690211120201,-5.40053766251945,1.68752098487447,0.000757799736266325,0.00256892179074141,"Nb_vs_rest","Other species higher"
"atat1",9.56551815569344,4.66345499140829,1.43678140306957,0.000761941722934546,0.00258186622038967,"Nb_vs_rest","Nb higher"
"slc9a3r1b",13.5468792809299,-5.92529302758147,1.87685852329122,0.000764444027329449,0.00258485734664788,"Nb_vs_rest","Other species higher"
"ylpm1",6.45098132995562,-5.32486740219569,1.66226083888969,0.000763575283902341,0.00258485734664788,"Nb_vs_rest","Other species higher"
"gigyf2",13.9236801147785,-5.23105105850217,1.62984200114339,0.000764342680578155,0.00258485734664788,"Nb_vs_rest","Other species higher"
"mfsd2b",115.922068435399,3.14724742992244,0.949885332970443,0.000764309203678883,0.00258485734664788,"Nb_vs_rest","Nb higher"
"pkdccb",15.4330282467683,2.89273617581962,0.87084465184678,0.000764027981976429,0.00258485734664788,"Nb_vs_rest","Nb higher"
"snw1",19.0871774544936,-5.38721971616358,1.68430436699143,0.000764914795499229,0.00258535369253869,"Nb_vs_rest","Other species higher"
"trmt10c",28.8753527408642,-5.59234328018496,1.75689734013084,0.000765814056944767,0.00258729727960171,"Nb_vs_rest","Other species higher"
"dmxl2",6.80648140560084,-5.46711914757579,1.71286744394193,0.000767355655825126,0.00259031223920664,"Nb_vs_rest","Other species higher"
"srp54",103.757551558524,-5.20005077570986,1.61969387609615,0.000767284312555248,0.00259031223920664,"Nb_vs_rest","Other species higher"
"TRA2B",7.72193556559332,-5.43791522139773,1.70268862922297,0.00076785278986539,0.00259089440301303,"Nb_vs_rest","Other species higher"
"ipo9",8.29741060243167,-5.29823635199881,1.65411789235197,0.000769280179709567,0.00259461362387251,"Nb_vs_rest","Other species higher"
"TOM1L2",6.03263986691425,-5.43296470430185,1.70146973271137,0.000770412236460206,0.00259733402913073,"Nb_vs_rest","Other species higher"
"NBL1",23.0739627656883,-6.21551782000194,1.98691608954101,0.000772575057809578,0.0026024267460196,"Nb_vs_rest","Other species higher"
"synrg",6.52240286568247,-5.48527986129219,1.72034028999422,0.000772527958503259,0.0026024267460196,"Nb_vs_rest","Other species higher"
"cds1",7.11090700272752,-5.36533588321461,1.67835964734785,0.000773458141543626,0.00260430209684309,"Nb_vs_rest","Other species higher"
"csde1",32.3464969808664,-5.39816233866936,1.6899671926685,0.000773981609137779,0.00260496551704744,"Nb_vs_rest","Other species higher"
"BTBD1",11.3751629702104,-5.50903980284231,1.72914421151923,0.000774475559293726,0.00260552907384651,"Nb_vs_rest","Other species higher"
"stat2",16.5753169781615,-5.35131804523737,1.67388448089485,0.000775613965644558,0.00260716067642948,"Nb_vs_rest","Other species higher"
"acvr1l",277.693026088215,3.0676034148712,0.926221275183926,0.000775405781771127,0.00260716067642948,"Nb_vs_rest","Nb higher"
"mxi1",5.53371168213244,-5.3716524234106,1.6815242896347,0.000778244113502765,0.00261490022136929,"Nb_vs_rest","Other species higher"
"zgc:162707",5.65274871734965,-5.4170192202552,1.69755082840183,0.000778756782787904,0.00261552151794927,"Nb_vs_rest","Other species higher"
"vwf",26.224926214034,-6.21687126861439,1.98923698819435,0.000779830360313814,0.0026180253577216,"Nb_vs_rest","Other species higher"
"dbnlb",8.24048583154822,-5.80700054577404,1.83737984479451,0.000780784026988164,0.00262012469948089,"Nb_vs_rest","Other species higher"
"arrdc1b",7.65507396798898,4.74475052332742,1.46745802363252,0.00078272194643913,0.00262552380520566,"Nb_vs_rest","Nb higher"
"nus1",146.575613737568,-5.35297569549026,1.6759441999168,0.000783103096627977,0.00262569861810557,"Nb_vs_rest","Other species higher"
"anks4b",10.7263465025347,-5.88239546940807,1.86557339220613,0.000783780118072903,0.00262686490643501,"Nb_vs_rest","Other species higher"
"mbnl1",18.1253634825944,-5.7140173942897,1.80490286251527,0.000786297382558318,0.00263419526146741,"Nb_vs_rest","Other species higher"
"hdlbpa",24.2455120194137,-5.46915795643197,1.71790426073579,0.000788519367873567,0.00264053065700003,"Nb_vs_rest","Other species higher"
"faxdc2",22.6612540309112,-5.5941424876703,1.76246614353976,0.00078917627472898,0.00264162192631596,"Nb_vs_rest","Other species higher"
"npb",54.0210210098017,-5.62242239850937,1.77296602477941,0.000790996417705817,0.00264473319588122,"Nb_vs_rest","Other species higher"
"akr1a1a",11.9764024907042,-5.52012123844273,1.73660349404326,0.000791649681832457,0.00264473319588122,"Nb_vs_rest","Other species higher"
"rgs20",6.46493697545462,-5.4048784600811,1.69563036844616,0.000790528053594599,0.00264473319588122,"Nb_vs_rest","Other species higher"
"atp13a1",6.50223954140592,-5.35955074969298,1.67990010385128,0.000791516331241966,0.00264473319588122,"Nb_vs_rest","Other species higher"
"hspa9",16.6710047525759,-5.35067928402017,1.67683775092513,0.000791762857764439,0.00264473319588122,"Nb_vs_rest","Other species higher"
"fhl2b",91.9950835769397,3.86792138265321,1.18110861792003,0.000792192733347214,0.00264506192975346,"Nb_vs_rest","Nb higher"
"mturn",8.20807519861784,-5.78482945957859,1.83239347586905,0.000794746201927314,0.00265247791358426,"Nb_vs_rest","Other species higher"
"BRK1",5.5285117269796,-5.2691605008749,1.649322367482,0.00079684783118367,0.00265838030637362,"Nb_vs_rest","Other species higher"
"dspa",13.4141948469048,-5.72292687447286,1.8107381643116,0.00079846156582083,0.00266265077110331,"Nb_vs_rest","Other species higher"
"lipia",20.8297943320007,3.1744847227219,0.962083854505623,0.000799794179385798,0.00266598059795266,"Nb_vs_rest","Nb higher"
"ddc",8.14079351117294,-5.35651396538591,1.68083210051065,0.000801774810949828,0.00267146680224619,"Nb_vs_rest","Other species higher"
"arhgap21a",6.30311452745241,-5.49491884475587,1.72992827248655,0.000802894192792904,0.00267296439653207,"Nb_vs_rest","Other species higher"
"pex5",17.4321733086918,-5.49087591286158,1.72846459922289,0.000802753840915017,0.00267296439653207,"Nb_vs_rest","Other species higher"
"foxq1a",7.05650906113513,-5.70297824449597,1.8045819064475,0.000803434498275621,0.0026735111886986,"Nb_vs_rest","Other species higher"
"dclk1a",6.162051863472,-5.44662666879859,1.7129772572151,0.000803728488933326,0.0026735111886986,"Nb_vs_rest","Other species higher"
"gcn1",12.9430866538872,-5.39737830711497,1.69590950832009,0.000805373870871856,0.00267786812064892,"Nb_vs_rest","Other species higher"
"gpr37a",12.039082904028,-5.88446509467834,1.87142198378123,0.000806491225109162,0.00268046646246194,"Nb_vs_rest","Other species higher"
"slc6a9",7.63167364028319,-5.69135725055627,1.80214025969772,0.000811781374650709,0.00269692563268637,"Nb_vs_rest","Other species higher"
"hpca",8.32251690049909,-5.53763603774112,1.7473780919317,0.000814046507477113,0.00270240885330865,"Nb_vs_rest","Other species higher"
"fnip1",8.49972332450972,-5.36540662645049,1.68633829409662,0.000814109133252381,0.00270240885330865,"Nb_vs_rest","Other species higher"
"tmod2",5.93561418084601,-5.47149261610277,1.72395789040266,0.000814689566736832,0.00270321111956753,"Nb_vs_rest","Other species higher"
"pinx1",6.35450029356588,-5.30885450738479,1.66695489735348,0.000816662032593758,0.00270862968416384,"Nb_vs_rest","Other species higher"
"eif3k",21.3668528004156,-5.61245436283853,1.77489358813876,0.000817575517771646,0.00271053287570326,"Nb_vs_rest","Other species higher"
"lzts1",54.2415010439093,2.97129424982046,0.900534172269997,0.000819825638521324,0.00271686403463462,"Nb_vs_rest","Nb higher"
"si:dkey-40c11.2",19.9595620380834,-5.48678869943416,1.73048401004614,0.000820209801006248,0.0027170088053258,"Nb_vs_rest","Other species higher"
"arhgef18b",10.3921158705298,-5.68800280029593,1.80323827827122,0.000822861075872821,0.00272353023038785,"Nb_vs_rest","Other species higher"
"rnps1",11.1840879211265,-5.29761519400656,1.6641682503985,0.000822803113545554,0.00272353023038785,"Nb_vs_rest","Other species higher"
"aida",9.80285835886831,-5.51893292053139,1.7433568017104,0.000827373602808659,0.00273733057645651,"Nb_vs_rest","Other species higher"
"ogfod2",59.0061702393581,-5.79196682077805,1.84230018021056,0.000828669214089542,0.00273934562072682,"Nb_vs_rest","Other species higher"
"jupa",15.9533374063404,-5.39615361147846,1.69996499667534,0.000828606046424016,0.00273934562072682,"Nb_vs_rest","Other species higher"
"zswim6",6.65514385204026,-5.36955167066151,1.69113552760718,0.00083160318073755,0.00274790616243712,"Nb_vs_rest","Other species higher"
"nlk1",5.82444643135827,-5.34263455494285,1.68220415736436,0.000834595266468959,0.00275640738126912,"Nb_vs_rest","Other species higher"
"SLC12A6",7.08606809835179,-5.28844794244111,1.66319570119096,0.000834866746933266,0.00275640738126912,"Nb_vs_rest","Other species higher"
"pde11al",5.27498066215439,6.07403750677221,1.94868623672859,0.000836306518456813,0.00275887805592615,"Nb_vs_rest","Nb higher"
"lrrc4.1",6.5168697526639,-5.28116499080421,1.66087914196925,0.000836163948678445,0.00275887805592615,"Nb_vs_rest","Other species higher"
"fbxo38",7.94302127921133,-5.49600380697329,1.73795244015004,0.000841590742049836,0.00277401657230801,"Nb_vs_rest","Other species higher"
"ino80da",7.81001088454945,-5.34734935011697,1.68512934623736,0.000841343515454335,0.00277401657230801,"Nb_vs_rest","Other species higher"
"tial1",10.075576119179,-5.51670334305842,1.74546562524791,0.000842171798156409,0.00277478569334771,"Nb_vs_rest","Other species higher"
"nf2b",12.3762875463008,3.67179577807197,1.12454441308217,0.000844402925812707,0.00278098858769517,"Nb_vs_rest","Nb higher"
"gtf2a2",190.722993338736,-5.40459676619337,1.70612082777207,0.000845266468985401,0.0027819801684258,"Nb_vs_rest","Other species higher"
"wdr24",9.09041179830368,-5.31063994912956,1.6729408985819,0.000845401241658216,0.0027819801684258,"Nb_vs_rest","Other species higher"
"tsta3",39.8980602172669,-5.39051332628446,1.70135016464406,0.000846447899812549,0.00278427627390937,"Nb_vs_rest","Other species higher"
"per1b",19.4398400311568,-5.15949352308539,1.62029593435075,0.000846951678799022,0.00278478549518591,"Nb_vs_rest","Other species higher"
"slc23a2",4.67167646827612,-5.25675093578305,1.65454436360967,0.00084837784405133,0.00278832586306821,"Nb_vs_rest","Other species higher"
"slc39a13",6.24324143137269,-5.45560461578596,1.72501704144125,0.000849273353207776,0.00279011995001978,"Nb_vs_rest","Other species higher"
"si:ch211-235o23.1",6.52823181918069,-5.25215166620948,1.65328218468791,0.000850320306342452,0.00279126122773047,"Nb_vs_rest","Other species higher"
"znf750",68.5821829804906,2.52929354405219,0.765899049606468,0.000850307143424809,0.00279126122773047,"Nb_vs_rest","Nb higher"
"IFT122",8.76636035687747,-5.28943695212196,1.66655750472855,0.000851293959591774,0.00279330830491051,"Nb_vs_rest","Other species higher"
"sharpin",80.8422402696692,-2.54236649252119,0.770101762240362,0.000852398859289265,0.00279578417473421,"Nb_vs_rest","Other species higher"
"rps24",64.3296399940035,-5.79074868857049,1.84741615571083,0.000855174345760541,0.00280373511880407,"Nb_vs_rest","Other species higher"
"ankhd1",12.5958189187804,-5.41697854144451,1.71262656477074,0.000856464475450749,0.00280624657261469,"Nb_vs_rest","Other species higher"
"NPC1L1",6.63905185932133,4.30368163617378,1.33177012047217,0.000856643690587642,0.00280624657261469,"Nb_vs_rest","Nb higher"
"naa35",7.94442356361295,-5.43200378588627,1.71824548666263,0.00085791036986152,0.00280924281965323,"Nb_vs_rest","Other species higher"
"bicra",7.5837934359111,3.50655172070183,1.07338035750393,0.000859526285430839,0.00281337972015508,"Nb_vs_rest","Nb higher"
"rpl14",114.479258321726,-5.88952945573772,1.88550758498074,0.000862862009215195,0.00282314015315181,"Nb_vs_rest","Other species higher"
"mid1",9.9598814130381,-5.66888759337086,1.80463207733822,0.000863815075126737,0.00282510012275056,"Nb_vs_rest","Other species higher"
"LIMD1",7.36395868158369,-5.73603371119056,1.82921752000494,0.00086425266391079,0.00282537331339947,"Nb_vs_rest","Other species higher"
"napab",10.098851682024,3.16273707449713,0.965181867617154,0.000868192399538631,0.00283709064222698,"Nb_vs_rest","Nb higher"
"cldn19",8.07275794851778,-5.62009753045315,1.78898668870911,0.000874335051011537,0.00285482557572507,"Nb_vs_rest","Other species higher"
"creld2",8.09345155232023,4.07360377459009,1.25836381269995,0.000874043072411682,0.00285482557572507,"Nb_vs_rest","Nb higher"
"tars1",8.45853709814528,-5.73711844966834,1.83201012225271,0.000876111216309741,0.002859455012741,"Nb_vs_rest","Other species higher"
"ccdc136b",21.3698784674029,-5.41683587098771,1.71642119107223,0.000877133497171265,0.00286162113958573,"Nb_vs_rest","Other species higher"
"hagh",18.6030463118502,-5.13206391679787,1.61676668551772,0.000881743723590169,0.00287546040167797,"Nb_vs_rest","Other species higher"
"sox13",3.89370632901326,4.78528540817374,1.49718466868786,0.000882096123221512,0.00287546040167797,"Nb_vs_rest","Nb higher"
"st6gal2a",24.9156976295364,-5.55422947477827,1.76752616028181,0.00088670827519609,0.00288931483710282,"Nb_vs_rest","Other species higher"
"gpr137c",6.06328319642773,-5.23808474099199,1.65504565222719,0.000888133463592748,0.00289277756713067,"Nb_vs_rest","Other species higher"
"ncalda",8.3794111796502,-5.66725589940288,1.80972032185424,0.00089265749981051,0.0029063267435691,"Nb_vs_rest","Other species higher"
"usf2",5.88404214199411,-5.34021455812574,1.69240612143571,0.000895124436169977,0.00291317006551241,"Nb_vs_rest","Other species higher"
"exosc5",985.77973246327,2.88050470805331,0.878907648746664,0.000895822566168716,0.00291425359886928,"Nb_vs_rest","Nb higher"
"aga",12.8537804133174,-5.4936314037113,1.7475673898935,0.000896790144606503,0.0029162124506764,"Nb_vs_rest","Other species higher"
"sema4ab",4.87932722311878,-5.28354487420457,1.67312302595714,0.000899741863225562,0.00292461917252138,"Nb_vs_rest","Other species higher"
"UTP14C",17.0585953874448,-5.43912027681095,1.72953878671614,0.000905277953760453,0.00294141615269072,"Nb_vs_rest","Other species higher"
"LRIT2",6.15751263578518,-5.42486787528371,1.72453939837909,0.000905884107532851,0.00294218769967934,"Nb_vs_rest","Other species higher"
"trub1",6.75592601529743,-5.55822283947736,1.77315622284666,0.000908940734231168,0.00295091418192218,"Nb_vs_rest","Other species higher"
"kdm6a",7.19225057839236,-5.3362927193978,1.69352318231368,0.000909315507159592,0.00295093035670335,"Nb_vs_rest","Other species higher"
"tfe3a",9.32988062986791,-5.35634890193875,1.70080338461628,0.000910089182237919,0.0029522405179913,"Nb_vs_rest","Other species higher"
"ak1",16.2842407356326,2.93379364225201,0.896998241635333,0.00091173051841812,0.00295636307882023,"Nb_vs_rest","Nb higher"
"pigr",19.0834312645632,-5.5700071578636,1.7789376589775,0.000917016918562082,0.00297229691719148,"Nb_vs_rest","Other species higher"
"hgd",934.957598877491,3.08716677004104,0.945889100099946,0.00091752328531834,0.0029727307417135,"Nb_vs_rest","Nb higher"
"abcg1",8.93243729758342,-5.28594266786109,1.67795909858888,0.000922750867360968,0.00298845451361223,"Nb_vs_rest","Other species higher"
"zmp:0000001048",21.3698120768919,2.99111869206737,0.916415420456009,0.000927511304348132,0.00300265322868077,"Nb_vs_rest","Nb higher"
"tap2a",7.93033419739254,-5.36859779128141,1.70886227848416,0.000931073080824054,0.00301296155108514,"Nb_vs_rest","Other species higher"
"klhl32",54.6936617982572,-5.65386102307503,1.81256433620973,0.000933157012760521,0.00301848113572313,"Nb_vs_rest","Other species higher"
"six4a",7.90824594366654,-5.36750603925347,1.70923882704076,0.000935480412108167,0.00302477053834002,"Nb_vs_rest","Other species higher"
"pim3",7.9226167008382,-5.71421296575003,1.83560741781179,0.000937583766824306,0.00303034364489995,"Nb_vs_rest","Other species higher"
"srsf9",34.695439397248,-5.88438774028558,1.8992544415471,0.00093920073505367,0.00303434083632724,"Nb_vs_rest","Other species higher"
"rplp2l",23.7193270149342,-5.78744105828439,1.86354154489229,0.000941777476888485,0.0030406143875624,"Nb_vs_rest","Other species higher"
"atg3",7.42737189835212,-5.5262521396952,1.76760676212846,0.000941904607274969,0.0030406143875624,"Nb_vs_rest","Other species higher"
"spsb4a",6.86706107307284,-5.5124530528351,1.76267812965081,0.000942342991688361,0.00304079946367696,"Nb_vs_rest","Other species higher"
"mea1",16.8358942694471,2.46796365374582,0.753667702895947,0.000943860522813442,0.00304446522718321,"Nb_vs_rest","Nb higher"
"cdc42ep1b",8.38280295424684,-5.60190186204451,1.79589067997503,0.000945845949017087,0.00304963663561873,"Nb_vs_rest","Other species higher"
"pcna",7.77818615080436,-5.57356015166025,1.78565500423905,0.000946484396361941,0.00305046263447831,"Nb_vs_rest","Other species higher"
"fat1a",11.823754207134,-5.74728810066291,1.84979832901092,0.000947851225731673,0.00305273179069597,"Nb_vs_rest","Other species higher"
"cdca4",8.23656641089498,-5.5359940872538,1.7722372209214,0.000947953556058222,0.00305273179069597,"Nb_vs_rest","Other species higher"
"lman1",5.85400557949449,-5.23236551055444,1.66341603131859,0.000949268401704468,0.00305497928293396,"Nb_vs_rest","Other species higher"
"phf10",5.45202216836832,4.06661267350383,1.26539310206027,0.000949417120510804,0.00305497928293396,"Nb_vs_rest","Nb higher"
"chrac1",19.1305006120235,-5.27455454473515,1.6786887477021,0.000950929592746802,0.00305861271669467,"Nb_vs_rest","Other species higher"
"myh10",21.8310299286548,2.5817450505924,0.789888107815004,0.000953884687219661,0.00306688146817603,"Nb_vs_rest","Nb higher"
"pdxka",8.03953908277044,-5.37707910524291,1.71612615856068,0.000955485752642557,0.0030707919074054,"Nb_vs_rest","Other species higher"
"trim46b",738.537324200343,-5.67003813776103,1.82309407836529,0.000957708667705019,0.00307669692765139,"Nb_vs_rest","Other species higher"
"recql5",6.19311368132325,-5.22143292404141,1.66144807137801,0.000960867448423869,0.00308560251043158,"Nb_vs_rest","Other species higher"
"fscn2a",5.90537161385237,-5.46605452238258,1.74948619233182,0.000962800182315851,0.00309056534790044,"Nb_vs_rest","Other species higher"
"LPIN2",7.81588772419099,-5.25114685627007,1.6725218198556,0.000963969639034401,0.00309307507820447,"Nb_vs_rest","Other species higher"
"si:ch211-141o9.10",21.9847736739665,-5.2506427543224,1.67280081532948,0.000966754064137299,0.00310076263336642,"Nb_vs_rest","Other species higher"
"pigl",32.5054867046203,-5.24215533008565,1.67005483702042,0.000968433528647531,0.00310490138955697,"Nb_vs_rest","Other species higher"
"dhrs4",15.8950980390417,-5.28477885204473,1.68546679583727,0.000969731841627834,0.00310781529967474,"Nb_vs_rest","Other species higher"
"stra6",24.7532510950027,-6.01472014615825,1.95592887716629,0.000975692997962328,0.0031256644414851,"Nb_vs_rest","Other species higher"
"CDK2AP1",21.3525706127098,-5.37558053950034,1.71924673074991,0.000976989439171059,0.00312856168723317,"Nb_vs_rest","Other species higher"
"slc35b1",5.17451241589832,4.13888213058027,1.29310640951056,0.00098086537077983,0.00313971346122063,"Nb_vs_rest","Nb higher"
"nop16",9.35198637267338,-5.5212017144698,1.77315234899534,0.000983500200393995,0.00314688516405135,"Nb_vs_rest","Other species higher"
"si:ch211-120g10.1",6.82170195097985,-5.36498366566052,1.71741492883955,0.000988821180784538,0.00316264249405235,"Nb_vs_rest","Other species higher"
"usp47",13.4315492559357,-5.22800400073024,1.66846551791137,0.000989699045640799,0.00316418204495736,"Nb_vs_rest","Other species higher"
"nrl",6.12008102398229,-5.45987739239002,1.75199722036081,0.000990289088749528,0.0031648005319268,"Nb_vs_rest","Other species higher"
"trpv4",6.16282422131336,-5.43378548342248,1.74267773580296,0.000991168174381185,0.00316634188613365,"Nb_vs_rest","Other species higher"
"atp5pb",14.4700754536874,-5.37028712732348,1.72033133887736,0.000994847444022247,0.00317555304131901,"Nb_vs_rest","Other species higher"
"si:ch211-125m10.6",158.663929004967,-2.24437128336027,0.687309298178736,0.000994646561888479,0.00317555304131901,"Nb_vs_rest","Other species higher"
"pkig",97.1115806333774,-5.6044910659291,1.80598144147435,0.000996565280102312,0.00317976446829926,"Nb_vs_rest","Other species higher"
"acss2",7.79424400801951,-5.65441071682264,1.82454176735576,0.000997317166765475,0.00318089168296902,"Nb_vs_rest","Other species higher"
"krit1",6.2444606141805,-5.18842367911269,1.65581592153486,0.00099877358992826,0.00318426418203257,"Nb_vs_rest","Other species higher"
"kpnb1",13.0372826605482,-5.23900279971152,1.67391064717854,0.000999176154445274,0.00318427544427847,"Nb_vs_rest","Other species higher"
"sncgb",34.5046896298985,-5.99251384926355,1.95228090398441,0.00100013177009043,0.00318477714498068,"Nb_vs_rest","Other species higher"
"gpr143",89.9821569127103,-5.44061502250888,1.74664022908482,0.000999935674544148,0.00318477714498068,"Nb_vs_rest","Other species higher"
"tdrd7b",6.07090679656474,-5.14921693952329,1.64228635277242,0.00100132610629291,0.00318730846757776,"Nb_vs_rest","Other species higher"
"synj2bp",5.69347181747617,-5.30894482654358,1.69945354580475,0.00100218865876672,0.00318878209607591,"Nb_vs_rest","Other species higher"
"pdzd8",7.08251602459501,-5.53870563160455,1.78453306382342,0.00101221552364624,0.00321336718760346,"Nb_vs_rest","Other species higher"
"gstr",25.9716302018822,-5.4893274531587,1.76625560821461,0.00101101403072293,0.00321336718760346,"Nb_vs_rest","Other species higher"
"kif3ca",5.88282931501838,-5.47594216387616,1.76143623898897,0.00101140278779315,0.00321336718760346,"Nb_vs_rest","Other species higher"
"n4bp1",5.51365616316858,-5.41502164066461,1.73932602434276,0.00101172593117614,0.00321336718760346,"Nb_vs_rest","Other species higher"
"FAT4",7.58273844481362,-5.30374058419374,1.69922696732001,0.00101233146737282,0.00321336718760346,"Nb_vs_rest","Other species higher"
"dcaf5",5.04948895733565,-5.26094437569015,1.68354247689822,0.00101032009082182,0.00321336718760346,"Nb_vs_rest","Other species higher"
"ralgps2",11.887853617013,-5.49329852675594,1.76812176753225,0.00101346178416216,0.00321567595928987,"Nb_vs_rest","Other species higher"
"stat6",7.42616103142489,-5.4372275105484,1.74795834956467,0.00101511430289211,0.00321963916418087,"Nb_vs_rest","Other species higher"
"zfyve19",73.9717679911902,3.10022486881953,0.958693505421793,0.00101752082049507,0.00322598972886398,"Nb_vs_rest","Nb higher"
"fermt2",6.67469507019373,-5.53433938851234,1.78393918285342,0.00101809341397289,0.0032265232102874,"Nb_vs_rest","Other species higher"
"stag2a",5.95226002569322,-5.33802485281729,1.71267284224761,0.00101910038495981,0.00322843234298504,"Nb_vs_rest","Other species higher"
"gpib",10.383756373555,4.51559391414354,1.42473477385391,0.00101976051170065,0.00322924162038538,"Nb_vs_rest","Nb higher"
"ophn1",6.10996918023263,-5.38272472182895,1.72921520902697,0.00102142056982478,0.00323321544910819,"Nb_vs_rest","Other species higher"
"rps15a",71.0211885821116,-5.97310496405469,1.94932099604605,0.00102319391373717,0.00323754458034203,"Nb_vs_rest","Other species higher"
"anxa11a",10.4450278612135,-5.57751606859374,1.80118880348594,0.00102606338155351,0.00324533721157233,"Nb_vs_rest","Other species higher"
"polr2f",10.153327720695,-5.58909873386948,1.80581183067867,0.00102809075832964,0.00325046127237342,"Nb_vs_rest","Other species higher"
"prph2b",8.10735662204678,-5.74386631371344,1.86351426428295,0.00102888852117682,0.0032516952075212,"Nb_vs_rest","Other species higher"
"tm2d3",12.6544333732727,-5.40791099512821,1.74015631203029,0.00103240963649101,0.00326153163071981,"Nb_vs_rest","Other species higher"
"b9d1",164.255534404209,-5.32638273527083,1.71082334547219,0.00103371679855033,0.00326307755238594,"Nb_vs_rest","Other species higher"
"atg5",116.561495095478,-5.22348792963533,1.67378388138369,0.00103353383924302,0.00326307755238594,"Nb_vs_rest","Other species higher"
"ly75",7.78357457550264,-5.1554887889408,1.64993932976118,0.00103648182967702,0.00327051206042808,"Nb_vs_rest","Other species higher"
"arl1",130.820312593761,-2.06965732716196,0.635466674445138,0.00103976344503848,0.00327957007565497,"Nb_vs_rest","Other species higher"
"atxn2l",8.83737080401484,-5.2947526584666,1.70083178676578,0.00104268609928699,0.00328497716375912,"Nb_vs_rest","Other species higher"
"fbxw7",8.75379570728419,-5.29340231582806,1.70033745072431,0.00104263935773248,0.00328497716375912,"Nb_vs_rest","Other species higher"
"ubn2a",5.84454922671319,3.60261183087256,1.12317322692243,0.00104271267616565,0.00328497716375912,"Nb_vs_rest","Nb higher"
"pla2g1b",12.5876607048265,3.72019378300446,1.16210489883125,0.00104723561209165,0.00329792430327206,"Nb_vs_rest","Nb higher"
"cfap410",19.330529693754,-5.49044487752232,1.77336453425424,0.0010510116194615,0.00330590174351705,"Nb_vs_rest","Other species higher"
"cfap36",7.71183589356397,-5.42976256012819,1.75109231483358,0.00105064520209525,0.00330590174351705,"Nb_vs_rest","Other species higher"
"prkg1b",5.18005831127807,-5.18762530256032,1.66358645311351,0.00105070933245826,0.00330590174351705,"Nb_vs_rest","Other species higher"
"snap47",21.1810169049749,-5.52404158029427,1.78597699231119,0.00105259279580502,0.0033095707291269,"Nb_vs_rest","Other species higher"
"nsfa",8.40742961413158,-5.79634273396961,1.88781150134964,0.00105425505812398,0.0033108836536125,"Nb_vs_rest","Other species higher"
"slc25a19",22.1684600729811,-5.57351915729715,1.80445023434828,0.00105387152927015,0.0033108836536125,"Nb_vs_rest","Other species higher"
"tmed10",26.8309119536297,-5.53596109453515,1.79052111761477,0.0010535098884305,0.0033108836536125,"Nb_vs_rest","Other species higher"
"acacb",6.89471941758667,-5.22772483881985,1.67875670699165,0.0010558809187441,0.00331468518158063,"Nb_vs_rest","Other species higher"
"glra4b",8.30919131652467,-5.13945160562634,1.64768280026464,0.00105943182320799,0.00332452455729445,"Nb_vs_rest","Other species higher"
"ssu72",6.09385321087104,-5.23294205565219,1.68159439235704,0.00106216165599712,0.00333178066621738,"Nb_vs_rest","Other species higher"
"TNS3",7.59899164618516,-5.47514122434492,1.7699502454208,0.00106443286680553,0.00333425833985961,"Nb_vs_rest","Other species higher"
"rufy2",10.3812212653842,-5.46914072664575,1.7677788514181,0.00106462283834114,0.00333425833985961,"Nb_vs_rest","Other species higher"
"tpcn1",8.05926150549297,-5.39425895406898,1.74036808023013,0.00106447908555041,0.00333425833985961,"Nb_vs_rest","Other species higher"
"si:ch211-15p9.2",85.2161100364378,2.05965181484865,0.633633787045855,0.00106414334747432,0.00333425833985961,"Nb_vs_rest","Nb higher"
"srsf7a",10.5198130304751,-5.57637481448677,1.80747133377893,0.00106555613807159,0.00333587209957288,"Nb_vs_rest","Other species higher"
"pcnx4",7.63498026785114,-5.35865600778189,1.72767652967104,0.00106618041445364,0.00333651753229023,"Nb_vs_rest","Other species higher"
"itih5",6.55988968123205,-5.59125994510017,1.81365972210242,0.00106954191043428,0.00334507849878456,"Nb_vs_rest","Other species higher"
"pi4k2a",8.83942094362221,-5.11791498058677,1.6415295442284,0.00106975442718022,0.00334507849878456,"Nb_vs_rest","Other species higher"
"vsir",12.6048513087856,-6.01667932678098,1.97530999735967,0.00107153770768298,0.00334934230603611,"Nb_vs_rest","Other species higher"
"brms1la",24.6817340207821,-5.18346939889543,1.66580390843237,0.00107526512752308,0.00335967725827493,"Nb_vs_rest","Other species higher"
"egfra",8.10291126423293,-5.5279277321411,1.79130625266758,0.00107615550401018,0.00336114321800439,"Nb_vs_rest","Other species higher"
"minpp1a",7.21115367957314,-5.4801074842429,1.77406985693259,0.00107855882122299,0.00336733153104829,"Nb_vs_rest","Other species higher"
"haus5",9.04422094988961,-5.11458845606006,1.64189513741021,0.00108032287677918,0.00337133726672163,"Nb_vs_rest","Other species higher"
"rps3a",307.32482922948,-3.99833076482024,1.25758143821848,0.00108068680805438,0.00337133726672163,"Nb_vs_rest","Other species higher"
"PTK7",6.7030260443516,-5.2309695019838,1.68382652774928,0.00108152500041607,0.00337263364725293,"Nb_vs_rest","Other species higher"
"ada2b",23.2859349024892,-5.82513580210014,1.9038199466998,0.00108283122578225,0.0033753879616181,"Nb_vs_rest","Other species higher"
"si:ch1073-335m2.2",117.578380926353,-2.51044480245021,0.776246495430973,0.0010839164403414,0.00337745146189942,"Nb_vs_rest","Other species higher"
"irx7",17.4110618741197,-5.41663430724006,1.75197873812365,0.00108609855601138,0.00338292992856003,"Nb_vs_rest","Other species higher"
"ppat",8.8576618072747,-5.333907832729,1.72199509258193,0.00108741821681635,0.00338569215402364,"Nb_vs_rest","Other species higher"
"dync1li2",4.71377070447942,-5.22406045028392,1.68228553696807,0.00108783392016499,0.00338569215402364,"Nb_vs_rest","Other species higher"
"slc5a2",112.933928156989,-5.47499338403589,1.77383818848051,0.00108880260058136,0.00338738586847534,"Nb_vs_rest","Other species higher"
"nomo",5.45931885306416,-5.1626654468197,1.6605337657883,0.0010900477540098,0.00338993806586056,"Nb_vs_rest","Other species higher"
"tap2t",5.98998412436715,-5.5087752024065,1.78707129864786,0.00109360519801931,0.00339967646287265,"Nb_vs_rest","Other species higher"
"atr",17.6772704426732,-5.48377144202722,1.77811830559603,0.00109532487934685,0.00340369647086754,"Nb_vs_rest","Other species higher"
"si:dkey-120c6.5",15.0852801578176,-5.10948292297198,1.64277250496756,0.00109891131743751,0.00341351199422007,"Nb_vs_rest","Other species higher"
"dlk2",63.2210767098048,-5.26639740945484,1.69941497333582,0.00110001975236991,0.00341461877623784,"Nb_vs_rest","Other species higher"
"myof",16.4422651444646,-5.18669363836,1.67065330705756,0.00110012341775783,0.00341461877623784,"Nb_vs_rest","Other species higher"
"atrnl1b",7.67131629140538,-5.58185270422206,1.81567702328119,0.00110282488786663,0.00342167286359864,"Nb_vs_rest","Other species higher"
"amotl2a",8.73678975171489,-5.49442413883384,1.78335964633343,0.00110350920327917,0.00342231321380088,"Nb_vs_rest","Other species higher"
"smarce1",5.63712921648137,-5.24257217144399,1.69138618451089,0.00110398585464211,0.00342231321380088,"Nb_vs_rest","Other species higher"
"anapc16",33.6612697372405,-5.18659269245201,1.67127928903725,0.00110462563913838,0.00342231321380088,"Nb_vs_rest","Other species higher"
"psmc4",18.4115182318237,-5.17736097127514,1.66797399602152,0.001104746721648,0.00342231321380088,"Nb_vs_rest","Other species higher"
"plekhh1",3.43532533489217,4.94658992418696,1.58573480603769,0.00110530450031613,0.0034227124223992,"Nb_vs_rest","Nb higher"
"arvcfb",9.72073995582198,-5.39822896908524,1.74848201176527,0.00110680197012101,0.00342469163302274,"Nb_vs_rest","Other species higher"
"arhgap12b",7.55457236293672,-5.35272627482193,1.73180368273943,0.00110657971944871,0.00342469163302274,"Nb_vs_rest","Other species higher"
"sars1",7.13786279494536,-5.31836967384582,1.71987947416403,0.00111053310603301,0.00343490472331141,"Nb_vs_rest","Other species higher"
"ches1",4.3535383285443,-5.13796417630597,1.65496347244647,0.00111265908945879,0.00344014704915968,"Nb_vs_rest","Other species higher"
"hdac9b",14.9701552948887,-5.34242294785374,1.72909794648471,0.001113482558357,0.00344135972722266,"Nb_vs_rest","Other species higher"
"negr1",9.41016152831545,-5.43134996924967,1.7619140156874,0.00111496288313284,0.00344460077715836,"Nb_vs_rest","Other species higher"
"gpc1b",10.0994729219295,-5.33445529422417,1.72657281507588,0.00111599985909169,0.00344647015307729,"Nb_vs_rest","Other species higher"
"slc44a2",7.31181817895242,-5.45723341523961,1.77186444630392,0.00111762218690886,0.00345014508763355,"Nb_vs_rest","Other species higher"
"cdh5",12.7981609931997,-6.09284735234589,2.01411266565825,0.00111981893396143,0.00345443244121771,"Nb_vs_rest","Other species higher"
"arhgap23a",7.87299906582084,-5.19991702574979,1.67831714569104,0.00111987678263536,0.00345443244121771,"Nb_vs_rest","Other species higher"
"actl6a",582.927692842822,-2.35911185173652,0.730865106934053,0.00112357085804271,0.00346448819442844,"Nb_vs_rest","Other species higher"
"ablim1a",8.0090747668741,-5.47833163694893,1.78079675063037,0.00112488842461262,0.00346587244340105,"Nb_vs_rest","Other species higher"
"rcor2",182.530280445989,2.93442113831808,0.913971768744091,0.0011247871483709,0.00346587244340105,"Nb_vs_rest","Nb higher"
"si:ch211-149k23.9",587.049950557431,-5.58219434276057,1.81950522329897,0.0011255937692683,0.00346670717049827,"Nb_vs_rest","Other species higher"
"itsn2b",7.43447055559405,-5.47158382820547,1.77865554192192,0.00112714765577576,0.00347015366245779,"Nb_vs_rest","Other species higher"
"si:dkey-98f17.5",66.7122756518129,-5.3077601233903,1.71941395426171,0.00113315614745543,0.00348730661654236,"Nb_vs_rest","Other species higher"
"lacc1",8.3643588878839,-5.48798204866594,1.78589664787734,0.00113463563984674,0.00349051364918158,"Nb_vs_rest","Other species higher"
"b3gat2",10.2366401511751,-5.67346722226305,1.85637854218453,0.00114165457027286,0.00351075278257319,"Nb_vs_rest","Other species higher"
"dis3",7.0037335479535,-5.12798724103538,1.65564126210671,0.00114255155212343,0.00351215769874615,"Nb_vs_rest","Other species higher"
"med1",6.88577787749541,-5.41931291918245,1.76226456711363,0.00114599588519447,0.00352138897337386,"Nb_vs_rest","Other species higher"
"zgc:86839",20.1552998110616,-5.51707199058709,1.79858858828523,0.00114671734897067,0.003522249593836,"Nb_vs_rest","Other species higher"
"lgi1a",76.3979527693679,-5.13227236316932,1.65813140428065,0.00114927221218889,0.00352873884311941,"Nb_vs_rest","Other species higher"
"fez1",12.1780381808861,-5.15693647444417,1.66734070457254,0.00115149157565903,0.00353419337452271,"Nb_vs_rest","Other species higher"
"rad17",31.9942589711451,-5.66847127451289,1.85671975117351,0.00115531953616541,0.00354185551233192,"Nb_vs_rest","Other species higher"
"sec11a",8.70804648226002,-5.51383713797957,1.79867978746219,0.00115501937640274,0.00354185551233192,"Nb_vs_rest","Other species higher"
"rnf19b",5.62607047601377,-5.27094348285946,1.70913524290506,0.00115451329471131,0.00354185551233192,"Nb_vs_rest","Other species higher"
"CCDC88A",7.32500744405726,-5.14121131911807,1.66237857464872,0.00115655824312569,0.00354429139022389,"Nb_vs_rest","Other species higher"
"lrfn4b",13.537331753401,-5.28236111977641,1.71381923804369,0.00115807631573284,0.00354646647552493,"Nb_vs_rest","Other species higher"
"mthfsd",19.565774353452,3.07044725400168,0.960245332812423,0.00115815684651854,0.00354646647552493,"Nb_vs_rest","Nb higher"
"arhgap25",8.8563788374432,-5.87210807865454,1.93542109051473,0.00116097231344476,0.00355372422757543,"Nb_vs_rest","Other species higher"
"mmp16b",4.83468872467258,4.28998006840905,1.36485930077169,0.00116264579014602,0.00355748213395905,"Nb_vs_rest","Nb higher"
"wdr76",6.59235288667666,-5.34326957083001,1.73709532901278,0.00116474831953643,0.00356254947868943,"Nb_vs_rest","Other species higher"
"soul4",7.52157106510386,-5.35380285395479,1.74185565895676,0.00117078005584673,0.00357962637764632,"Nb_vs_rest","Other species higher"
"ccdc149b",162.927892675373,-5.27214670860116,1.71242813348243,0.00117422378209853,0.00358878046003305,"Nb_vs_rest","Other species higher"
"aggf1",9.33407536830528,-5.17119191616564,1.67596211475123,0.00117612143830944,0.00359320408794384,"Nb_vs_rest","Other species higher"
"psmg2",8.12340030616402,-5.31831528376171,1.7296908932383,0.00117671478360712,0.00359359901262953,"Nb_vs_rest","Other species higher"
"clasp2",9.44655283461254,-5.30413984567347,1.72455693261584,0.00117715135576611,0.00359359901262953,"Nb_vs_rest","Other species higher"
"ppp3cca",6.79965823532165,-5.47298465533307,1.78708899916366,0.00117853234446485,0.00359643904735355,"Nb_vs_rest","Other species higher"
"bicd2",6.43517229002825,-5.47355930324454,1.78737933148813,0.00117903746429255,0.00359660510896582,"Nb_vs_rest","Other species higher"
"ttc7b",7.02740120214667,-5.47868072714589,1.78950346316144,0.0011804784848212,0.00359824992699511,"Nb_vs_rest","Other species higher"
"usp13",73.35883865486,-5.25028002162941,1.70531268654754,0.00118028863856366,0.00359824992699511,"Nb_vs_rest","Other species higher"
"dpf3",27.7750462224161,-5.33522575943807,1.73661688506016,0.00118163130533105,0.00360038862792738,"Nb_vs_rest","Other species higher"
"cnot9",11.0250388450864,-5.33142790128111,1.7354834935946,0.00118343400344573,0.00360450509446447,"Nb_vs_rest","Other species higher"
"lamtor1",6.53648380717738,-5.54148525332169,1.81491069080322,0.00119325523657355,0.00363164637218036,"Nb_vs_rest","Other species higher"
"znf292a",7.66240689537216,3.48984634343554,1.09983785352579,0.00119315609170456,0.00363164637218036,"Nb_vs_rest","Nb higher"
"hsd11b2",14.2193760352622,3.1228211737115,0.979899544908947,0.00119402154784966,0.00363259319551669,"Nb_vs_rest","Nb higher"
"rbm45",61.4377157930395,-5.28421847473433,1.72009145474984,0.00119688689587543,0.00363853616346131,"Nb_vs_rest","Other species higher"
"bxdc2",359.827711983679,-2.35132795904151,0.732510062852773,0.00119655726293518,0.00363853616346131,"Nb_vs_rest","Other species higher"
"zgc:66447",6.441929644158,-5.24101244268915,1.70441221832864,0.00119782140987173,0.00363999042299176,"Nb_vs_rest","Other species higher"
"RIC1",6.8394258010123,-5.41248232605454,1.76766631594296,0.00119889194803696,0.00364047098376519,"Nb_vs_rest","Other species higher"
"rcor3",5.8408658487542,-5.22972033591426,1.70040597886266,0.00119865632331626,0.00364047098376519,"Nb_vs_rest","Other species higher"
"snx12",9.48411529174893,-5.34608810908432,1.744629450798,0.00120933702889214,0.00366613819751533,"Nb_vs_rest","Other species higher"
"stx1b",5.60710289978128,-5.34346540281173,1.74366570297948,0.00120936462054488,0.00366613819751533,"Nb_vs_rest","Other species higher"
"gdpd5a",5.85118869418956,-5.31206240218316,1.73213512709446,0.00120964183885437,0.00366613819751533,"Nb_vs_rest","Other species higher"
"ppil4",26.2015605524592,-5.07684444871156,1.64637102873505,0.00120929856472622,0.00366613819751533,"Nb_vs_rest","Other species higher"
"pcyt2",10.8265112620152,2.78939313440968,0.873130907846559,0.0012079198207133,0.00366613819751533,"Nb_vs_rest","Nb higher"
"ugdh",160.51875764866,-5.52807887516379,1.81327165409575,0.00121557194342286,0.00368271226595081,"Nb_vs_rest","Other species higher"
"ube2d2",11.7863404306111,-5.02256093469495,1.62778047631207,0.00121664852652685,0.00368457504428245,"Nb_vs_rest","Other species higher"
"fam76b",4.83233623122458,-5.15286936270847,1.67547055126891,0.00122086304489878,0.00369593592499707,"Nb_vs_rest","Other species higher"
"atp6v1c1b",8.56860125642025,2.84533461757307,0.892046828851166,0.00122158141086407,0.00369670825130652,"Nb_vs_rest","Nb higher"
"actn1",18.3902873082924,-5.65482763538292,1.86230485062815,0.00122309331909688,0.00369988047247655,"Nb_vs_rest","Other species higher"
"cope",18.2533822006829,-5.22765934141715,1.70339877037522,0.00122559156322718,0.00370603284371083,"Nb_vs_rest","Other species higher"
"irbpl",6.10263838274747,-5.2889867512322,1.72663809704728,0.00123085785297513,0.00372054760103845,"Nb_vs_rest","Other species higher"
"kcnn2",4.54129757172078,5.93847509180173,1.97341114584126,0.00123292597768614,0.00372538784624589,"Nb_vs_rest","Nb higher"
"abcc3",6.53494107131479,-5.35524566474856,1.75172024566672,0.00123525983655563,0.00373102706120889,"Nb_vs_rest","Other species higher"
"ZNF207",5.29144851370436,-5.2819817800242,1.72487290800065,0.0012366864992978,0.00373392291501947,"Nb_vs_rest","Other species higher"
"mcmbp",6.31521745852241,-5.29295364861322,1.72911566881841,0.00123813885958988,0.00373689413749139,"Nb_vs_rest","Other species higher"
"mpp1",8.25782157055898,-5.2800023967244,1.72466024533396,0.00124039996442596,0.00374230310628322,"Nb_vs_rest","Other species higher"
"fra10ac1",8.17759020401404,-5.31953724643626,1.73946130315411,0.00124198527904499,0.00374566988918332,"Nb_vs_rest","Other species higher"
"wash1",5.70142374938442,-5.30527763685366,1.73437354322849,0.00124325453019918,0.00374808128106894,"Nb_vs_rest","Other species higher"
"tgfbrap1",6.16791232787196,-5.14173433146198,1.67468391873561,0.00124516213130769,0.00375241457999825,"Nb_vs_rest","Other species higher"
"maea",6.57783607842093,-5.53279472597656,1.82046524744694,0.0012519001668769,0.00377024880812167,"Nb_vs_rest","Other species higher"
"ube2h",8.00189230028903,-5.23799375384293,1.71081174877052,0.00125202498014065,0.00377024880812167,"Nb_vs_rest","Other species higher"
"rasgrp4",18.9135300268423,-5.18150273679901,1.69018801999534,0.00125259304660216,0.00377053659444934,"Nb_vs_rest","Other species higher"
"ercc6l2",8.16059448798143,-5.67339150756979,1.87435324483957,0.00125530238370785,0.00377726735369106,"Nb_vs_rest","Other species higher"
"arg2",14.2427075187454,-5.27495899058952,1.72608223751829,0.00126421883173017,0.00380266350441265,"Nb_vs_rest","Other species higher"
"azin1b",10.9764704304113,-5.02136538864193,1.63408602961611,0.00126882476794464,0.00381507974687198,"Nb_vs_rest","Other species higher"
"zgc:194990",5.50524740152724,-5.20131744948243,1.69968283931308,0.00126931585557853,0.00381511884275579,"Nb_vs_rest","Other species higher"
"tmem266",93.8276479211777,-5.13592206712385,1.6759141861914,0.00127049949440547,0.00381723869177547,"Nb_vs_rest","Other species higher"
"cnn1b",130.786129917666,-5.14397288654347,1.67940905528559,0.00127473557332618,0.00382852460487127,"Nb_vs_rest","Other species higher"
"slc39a7",7.90584285422988,-5.4801742632932,1.80472972816709,0.0012799519496329,0.003841299946623,"Nb_vs_rest","Other species higher"
"mrpl44",6.84777016115599,-5.22112271222765,1.70833829980656,0.0012796542884244,0.003841299946623,"Nb_vs_rest","Other species higher"
"cep131",17.4181418906033,-5.22805468008012,1.71133053919403,0.00128296034074043,0.00384888102222129,"Nb_vs_rest","Other species higher"
"anxa1a",156.9584222724,-6.03454985671874,2.01988394309285,0.00128353981293284,0.00384917238151224,"Nb_vs_rest","Other species higher"
"rpl29",22.9177240189505,-5.45090066246829,1.79440883970971,0.00128473144309576,0.00385129861604214,"Nb_vs_rest","Other species higher"
"eif3s6ip",16.7853741859331,-5.48464623841499,1.80732844620776,0.00128634134708464,0.00385467666156043,"Nb_vs_rest","Other species higher"
"mfn2",7.6869470709816,3.29977570147175,1.04474616691673,0.00128708059933717,0.00385544413765415,"Nb_vs_rest","Nb higher"
"si:ch211-284o19.8",16.8787832598652,-5.25117740175962,1.72055359692542,0.00128819613409634,0.00385733776738793,"Nb_vs_rest","Other species higher"
"numbl",5.73378835157769,-5.15857812354316,1.68667428072641,0.00128943151625633,0.00385958870957447,"Nb_vs_rest","Other species higher"
"rnf34b",9.37152710374757,-5.5072971788413,1.81646705474897,0.00129049623856403,0.00386132732798686,"Nb_vs_rest","Other species higher"
"fyco1a",6.58061579884368,-5.25364878090952,1.72199781368831,0.00129216763780048,0.00386487921650969,"Nb_vs_rest","Other species higher"
"rwdd1",6.89152059628452,-5.44714858596895,1.79481656807077,0.00129759127376663,0.00387964719545062,"Nb_vs_rest","Other species higher"
"hey1",6.56188589370929,-5.44052595658163,1.79248831813286,0.00129872950590388,0.00388128611362761,"Nb_vs_rest","Other species higher"
"herc2",37.0955022470308,-5.24063584601659,1.71811972936114,0.00129911218164152,0.00388128611362761,"Nb_vs_rest","Other species higher"
"letm2",8.44267341125882,-5.4726745276951,1.80523145803348,0.001303319795923,0.00389239968991973,"Nb_vs_rest","Other species higher"
"adck5",107.362639404348,2.86136246897102,0.902715351194166,0.00130602228458376,0.00389901153422313,"Nb_vs_rest","Nb higher"
"ift74",34.9817462232727,-5.17901224185276,1.69645232088583,0.00130693554433587,0.00390027884958872,"Nb_vs_rest","Other species higher"
"tie1",10.9704324988047,-5.87743579470096,1.96256464658814,0.00131392066356234,0.00391831778769663,"Nb_vs_rest","Other species higher"
"ttyh3b",5.5642536808155,-5.34408969336703,1.75849579249218,0.00131396220549827,0.00391831778769663,"Nb_vs_rest","Other species higher"
"TMCC1",6.62549059604763,-5.40295214527374,1.78059045321983,0.00131457022705278,0.00391866657149093,"Nb_vs_rest","Other species higher"
"tmem204",9.62092268576135,-5.57162177707998,1.84493188285386,0.00131874113700386,0.00392371529232519,"Nb_vs_rest","Other species higher"
"cdhr1a",11.3399172826327,-5.52276418184586,1.82608690274315,0.00131684819782507,0.00392371529232519,"Nb_vs_rest","Other species higher"
"tmem38a",5.81714856479225,-5.44802141638607,1.79804431171614,0.00131830471595441,0.00392371529232519,"Nb_vs_rest","Other species higher"
"elp4",7.63429304003745,-5.31568530053101,1.74837360316918,0.00131737142722081,0.00392371529232519,"Nb_vs_rest","Other species higher"
"glg1a",6.81312604726834,-5.18528300967287,1.70035196537104,0.00131921405129179,0.00392371529232519,"Nb_vs_rest","Other species higher"
"fip1l1b",17.0063520969007,-5.02924366473475,1.64326350313083,0.0013191626966252,0.00392371529232519,"Nb_vs_rest","Other species higher"
"sncb",6.46644045331213,-5.5309398571496,1.82976915387031,0.00132092480486872,0.00392441546643796,"Nb_vs_rest","Other species higher"
"ano8b",8.09887397969145,-5.22480194745401,1.71510878115984,0.00132062741139927,0.00392441546643796,"Nb_vs_rest","Other species higher"
"gpr174",13531.9455067514,2.21100851951913,0.694202694969001,0.00132078073916659,0.00392441546643796,"Nb_vs_rest","Nb higher"
"tmco4",16.8754299909023,-6.08485716434374,2.04666673995857,0.00132312618928322,0.00392818076085566,"Nb_vs_rest","Other species higher"
"cby1",4.5273913974907,-5.06543864270933,1.6569434344529,0.00132317667734085,0.00392818076085566,"Nb_vs_rest","Other species higher"
"cpsf6",10.2836828075902,-5.52257027298135,1.82714207656516,0.00132480088193496,0.00393033701296552,"Nb_vs_rest","Other species higher"
"taz",5.6909867842543,-5.23287165061976,1.71864838360029,0.00132488804071144,0.00393033701296552,"Nb_vs_rest","Other species higher"
"parp1",4.87900390036908,-5.17466108540512,1.69741615660883,0.00132676624059528,0.00393444615382769,"Nb_vs_rest","Other species higher"
"spp1",13.8062613554085,-6.01811639719958,2.02095071781863,0.00132991121520111,0.00394108085973762,"Nb_vs_rest","Other species higher"
"usp12b",4.94446803428373,-5.18581637319358,1.70193949828649,0.00132999132271597,0.00394108085973762,"Nb_vs_rest","Other species higher"
"pafah1b3",5.60753703934416,-5.15725618724006,1.69171481577648,0.00133224920409038,0.00394630610565748,"Nb_vs_rest","Other species higher"
"kif13a",5.68515898996122,-5.17710084575171,1.69965192762558,0.00133719462591276,0.00395948538581961,"Nb_vs_rest","Other species higher"
"HDAC2",1157.77042771845,-5.22380177990297,1.71705796397654,0.00133844896453568,0.00396172950185264,"Nb_vs_rest","Other species higher"
"idh3b",5.28094246394476,-5.33480035452314,1.75839138254128,0.00133895969476282,0.00396177173311358,"Nb_vs_rest","Other species higher"
"ndfip1",267.970886408571,-1.89261814020846,0.593770262044171,0.00134234150725543,0.00397030586653015,"Nb_vs_rest","Other species higher"
"cox6b2",13.808974991395,-4.98902254768168,1.63200854265242,0.00134664680250001,0.00398156409186738,"Nb_vs_rest","Other species higher"
"tlr22",53.155178141085,-5.69493964290611,1.89662208229922,0.00134851616115902,0.00398561443186999,"Nb_vs_rest","Other species higher"
"nsl1",16.6891793290756,-5.47461116171679,1.81256976898095,0.00135065230533259,0.00399044998021254,"Nb_vs_rest","Other species higher"
"ddost",14.1997469875474,-5.21311327991036,1.71478333531073,0.00135149282829059,0.00399145550324164,"Nb_vs_rest","Other species higher"
"sqor",8.3481251552767,-5.20028106483528,1.71015561054648,0.00135242684755692,0.00399273630910256,"Nb_vs_rest","Other species higher"
"hyal2a",8.54322020244994,-5.56973975048797,1.85000711717798,0.00135940791702709,0.00400266615998101,"Nb_vs_rest","Other species higher"
"chsy3",6.64699983900958,-5.55130822621146,1.84292513504608,0.00135915356888038,0.00400266615998101,"Nb_vs_rest","Other species higher"
"gabra1",6.76959987063401,-5.50269206543098,1.82422776950565,0.00135790727524082,0.00400266615998101,"Nb_vs_rest","Other species higher"
"smarcad1a",142.96194449548,-5.41185151874639,1.78964878984607,0.00135644539100364,0.00400266615998101,"Nb_vs_rest","Other species higher"
"vat1l",7.14493471957931,-5.31673300310258,1.75413065220975,0.00135775024958526,0.00400266615998101,"Nb_vs_rest","Other species higher"
"sbno1",5.71374397648696,-5.31312119274992,1.75305081141757,0.00135980300246974,0.00400266615998101,"Nb_vs_rest","Other species higher"
"usp48",5.73972881767858,-5.23959791971571,1.7255106638412,0.00135857840738765,0.00400266615998101,"Nb_vs_rest","Other species higher"
"gpr27",5.9429612009589,-5.2037689177474,1.71223332624658,0.00135859947889126,0.00400266615998101,"Nb_vs_rest","Other species higher"
"dctn4",11.7635129203304,-5.12530098675903,1.68448601841213,0.00136823585445498,0.00402600373102904,"Nb_vs_rest","Other species higher"
"ywhaz",5.63394017426121,-5.28794640067681,1.74535041960396,0.00137285235581742,0.00403809870970255,"Nb_vs_rest","Other species higher"
"lrrc57",8.87463139732292,-5.30559186421897,1.75301686136801,0.00138113037199033,0.0040579603713118,"Nb_vs_rest","Other species higher"
"tcta",33.3228547564181,-5.13806370491852,1.69072608472315,0.0013806471870511,0.0040579603713118,"Nb_vs_rest","Other species higher"
"emc4",12.1486098949092,-4.97163782691033,1.62969354851064,0.0013801831071143,0.0040579603713118,"Nb_vs_rest","Other species higher"
"mmp2",31.7808641020297,-5.56533933425165,1.85186685638897,0.00138473865460963,0.00406706457997234,"Nb_vs_rest","Other species higher"
"ash2l",5.46099574684925,-5.1368365413222,1.69084463324459,0.00138527042921818,0.00406712951624763,"Nb_vs_rest","Other species higher"
"npr3",9.20142840179746,-5.04191378517391,1.65665307519551,0.00139108076369105,0.00408268646349931,"Nb_vs_rest","Other species higher"
"hmbsb",7.08470755945245,-5.01889031370555,1.64832286393364,0.00139189435931714,0.00408357242182014,"Nb_vs_rest","Other species higher"
"wdr34",40.4782391591596,-5.12518559688266,1.68758227132811,0.00139369804233204,0.00408736140309066,"Nb_vs_rest","Other species higher"
"ube2e2",5.972047769616,-5.2926773354371,1.75018918133794,0.00139669504701731,0.00409464602321754,"Nb_vs_rest","Other species higher"
"tcf25",6.12608404315806,-5.36349247344647,1.77719732810459,0.00139991397477487,0.00410135753735959,"Nb_vs_rest","Other species higher"
"UBE2O",8.27333442726563,-5.10268757630926,1.68005768653136,0.00140001227215132,0.00410135753735959,"Nb_vs_rest","Other species higher"
"uts2r2",9.32816501709375,-5.47038499987327,1.81796626216704,0.00140212218141656,0.00410603119548776,"Nb_vs_rest","Other species higher"
"mia",9.02983542953876,-5.31355042332458,1.75940554194217,0.00140756669472338,0.00411948809082392,"Nb_vs_rest","Other species higher"
"si:dkey-6b12.5",1630.15551270671,-2.8610096819763,0.908886690928999,0.00140774987765374,0.00411948809082392,"Nb_vs_rest","Other species higher"
"cmtr1",6.38069194602935,-5.22753378512008,1.72792588539302,0.00141305293624199,0.00413349062727679,"Nb_vs_rest","Other species higher"
"TBC1D13",4.16630989190362,4.88884582323205,1.60376104117808,0.00141609316835673,0.0041408660621058,"Nb_vs_rest","Nb higher"
"ppp1r9ala",6.69247805559852,-5.43803387199422,1.80764437054239,0.00141700663051091,0.00414183977002488,"Nb_vs_rest","Other species higher"
"PPP2R2C",15.9538732858655,-5.30100108074467,1.75596469237928,0.00141751326745903,0.00414183977002488,"Nb_vs_rest","Other species higher"
"vps26c",110.806792237939,3.48707003340241,1.11677116133707,0.0014179832395624,0.00414183977002488,"Nb_vs_rest","Nb higher"
"fbxw10",10.1929334844098,-5.2545019259221,1.73903999472212,0.00142142534052587,0.004150374759384,"Nb_vs_rest","Other species higher"
"cttnbp2nlb",623.311708666293,2.59072676901518,0.821628694341409,0.00142249726941191,0.00415198544619861,"Nb_vs_rest","Nb higher"
"upf3a",9.58912236664009,-5.69296380867351,1.90680404197837,0.00142457423014216,0.00415647246463507,"Nb_vs_rest","Other species higher"
"mak16",6.85609237776607,-5.22983488389073,1.73028046021883,0.00142507627358917,0.00415647246463507,"Nb_vs_rest","Other species higher"
"lmnb2",6.37564712553492,-5.44461002551074,1.81132650701218,0.00142596629704141,0.00415754879444299,"Nb_vs_rest","Other species higher"
"tyrp1b",22.9954346581646,-5.96027815107053,2.01299125644516,0.00142694660266243,0.00415798266817155,"Nb_vs_rest","Other species higher"
"brcc3",4.66784647127902,-5.06317576369544,1.66875877596178,0.00142715720903783,0.00415798266817155,"Nb_vs_rest","Other species higher"
"rapgef3",143.868661854124,-5.66906720790064,1.89801345275303,0.00142827728093087,0.00415972726344101,"Nb_vs_rest","Other species higher"
"fkbp4",9.95422219398376,-4.92573022966196,1.61904314944557,0.00143255728973953,0.00417067025615523,"Nb_vs_rest","Other species higher"
"ncdn",17.4108158623361,-5.07257379946657,1.67292959361665,0.00143314297773547,0.00417085374264371,"Nb_vs_rest","Other species higher"
"ppap2d",5.46022482371274,-5.24383158246449,1.73666191305269,0.00143436154993382,0.00417287829692742,"Nb_vs_rest","Other species higher"
"npc2",9.48333782136119,-5.45394675540165,1.81660227530068,0.00143904272860541,0.00418497120053615,"Nb_vs_rest","Other species higher"
"mrpl4",14.8986726789875,-5.25939760523486,1.74321218814044,0.00144018690796981,0.00418677286907069,"Nb_vs_rest","Other species higher"
"nt5dc1",6.26226229915243,-5.16714209014897,1.70892141075242,0.00144134954685851,0.0041886268696034,"Nb_vs_rest","Other species higher"
"parvb",7.13669094614417,-5.48636581318122,1.82974463531954,0.00144478681766155,0.00419708729702918,"Nb_vs_rest","Other species higher"
"rmdn1",29.13582624748,-5.37751847185074,1.78866910155832,0.00144770299514013,0.00420249905464468,"Nb_vs_rest","Other species higher"
"rbm6",6.83737802743414,-5.20125732010298,1.72239532235704,0.00144767658830963,0.00420249905464468,"Nb_vs_rest","Other species higher"
"flr",57.9343598832625,-5.22141528397478,1.73006132462856,0.00144881096961248,0.00420418601363913,"Nb_vs_rest","Other species higher"
"zdhhc22",27.9613077801143,-5.01718907883145,1.65447995659866,0.00144970372603718,0.00420524744957351,"Nb_vs_rest","Other species higher"
"cyp2r1",8.12543976657222,-5.28573829785404,1.75441039547897,0.00145073657677495,0.0042067143468983,"Nb_vs_rest","Other species higher"
"mylka",16.0460344607354,-5.39128384660466,1.79453356612087,0.00145272922607224,0.0042080119879237,"Nb_vs_rest","Other species higher"
"ARHGAP26",4.77248820158042,-5.20466646339587,1.72427012542603,0.00145262655653198,0.0042080119879237,"Nb_vs_rest","Other species higher"
"zeb2a",12.099233846403,-5.09934491652951,1.68513782756529,0.00145276604344985,0.0042080119879237,"Nb_vs_rest","Other species higher"
"cyp1c1",9.9550210781746,-5.42711655703664,1.8120392073591,0.00148293459646072,0.00429228076886347,"Nb_vs_rest","Other species higher"
"ppp1r9bb",8.57813904474239,-5.42293330997392,1.81039493105805,0.0014825683302532,0.00429228076886347,"Nb_vs_rest","Other species higher"
"zgc:165481",14.3293483150094,-5.43884429188176,1.81666498612361,0.00148405620713357,0.00429396973637633,"Nb_vs_rest","Other species higher"
"dhx34",27.6847845493218,-5.39361299681825,1.79971378892756,0.00148651614322044,0.00429952838814756,"Nb_vs_rest","Other species higher"
"prmt1",15.2043683380992,-5.14639220348389,1.70706105611748,0.00149052669313,0.00430659682417954,"Nb_vs_rest","Other species higher"
"slc7a6os",10.7324201822955,-5.07401943238225,1.68023154970848,0.0014911186748381,0.00430659682417954,"Nb_vs_rest","Other species higher"
"rab21",12.9462930750488,-5.06307250955179,1.67603230215189,0.00148986041113056,0.00430659682417954,"Nb_vs_rest","Other species higher"
"nr1h5",137.593655380488,2.25496317972762,0.716173864496272,0.00149067441954837,0.00430659682417954,"Nb_vs_rest","Nb higher"
"limk1b",5.69877473329904,-5.07686506184921,1.68177127477695,0.00149533234676621,0.00431558580208738,"Nb_vs_rest","Other species higher"
"dusp8a",11.0385364618367,-5.05112921011761,1.67229821772001,0.0014958534246333,0.00431558580208738,"Nb_vs_rest","Other species higher"
"fkbp10b",110.397734095675,-2.3480125627852,0.746513521876903,0.00149533955014816,0.00431558580208738,"Nb_vs_rest","Other species higher"
"snu13a",666.435629683961,-5.15178460129124,1.7101418312112,0.00149963814888762,0.00432494124615947,"Nb_vs_rest","Other species higher"
"shank1",10.2605194231017,-5.08531196442013,1.68556338040458,0.00150105642421519,0.00432746758137183,"Nb_vs_rest","Other species higher"
"ost4",9.17578594065816,-5.26722907995864,1.75379117818555,0.00150250096820552,0.00433006779569521,"Nb_vs_rest","Other species higher"
"nnt",5.96225532609359,-5.22689153109663,1.73880430794415,0.00150414905086711,0.00433325250033196,"Nb_vs_rest","Other species higher"
"ppifa",6.20082003143401,-5.28127579774012,1.75942389230563,0.00150524314086904,0.00433483950347706,"Nb_vs_rest","Other species higher"
"apmap",6.85371037250261,-5.12603136222399,1.70223013584473,0.00151421154055489,0.00435752185129031,"Nb_vs_rest","Other species higher"
"lmtk2",8.79617556830846,-5.04327011311168,1.67143930556943,0.00151391024851801,0.00435752185129031,"Nb_vs_rest","Other species higher"
"gdpd5b",85.8101230208894,3.18801161089492,1.02353080533147,0.00151486592374449,0.00435783347926497,"Nb_vs_rest","Nb higher"
"arnt2",7.36918175171795,-5.00319795960272,1.65698806644712,0.00151719167311795,0.00436295118972298,"Nb_vs_rest","Other species higher"
"si:ch211-106j24.1",18.7373388327758,-5.70077106401246,1.9231682297785,0.00152079150160187,0.00437047163315739,"Nb_vs_rest","Other species higher"
"KHSRP",7.55799013218996,-5.05781011106933,1.67761934636248,0.00152090222121279,0.00437047163315739,"Nb_vs_rest","Other species higher"
"AMZ2",4.78314252880749,5.82887675268484,1.97472406847391,0.00152579352337735,0.00438294899803862,"Nb_vs_rest","Nb higher"
"jam2a",943.112739249922,-5.62872464150494,1.89571873542681,0.001527125205616,0.00438318323258242,"Nb_vs_rest","Other species higher"
"naa10",20.2776990173662,-5.42996972329647,1.81876231220545,0.00152752287842252,0.00438318323258242,"Nb_vs_rest","Other species higher"
"tfr1a",23.8285285784467,-5.09398960040597,1.69170691836003,0.00152655040921273,0.00438318323258242,"Nb_vs_rest","Other species higher"
"SGK1",5.89930073430469,-5.31898110474433,1.77678876394169,0.00153071220287566,0.00438760178841516,"Nb_vs_rest","Other species higher"
"hivep2a",6.71661330306831,-5.20295485747991,1.73292348590128,0.00153048366414566,0.00438760178841516,"Nb_vs_rest","Other species higher"
"gnb5b",13.2812452184571,-5.18358382763356,1.72566894330034,0.00153066183279331,0.00438760178841516,"Nb_vs_rest","Other species higher"
"shc1",6.0650198221174,-5.40747677956106,1.8106626733607,0.00153171760000442,0.00438890716266974,"Nb_vs_rest","Other species higher"
"ZNF462",5.07409490810642,-5.16740707826159,1.7200040377567,0.00153412447560792,0.00439422588490711,"Nb_vs_rest","Other species higher"
"slc40a1",17.8830601617095,-5.44042145040794,1.82376871904974,0.00153546605777535,0.00439649054217699,"Nb_vs_rest","Other species higher"
"lrit1a",6.48788924369031,-5.30742737403368,1.77317187946721,0.00153709407941346,0.00439957344107584,"Nb_vs_rest","Other species higher"
"cops7a",6.00532152943163,-5.27124748525477,1.75972652848231,0.00153933516099236,0.00440440824120439,"Nb_vs_rest","Other species higher"
"nhlrc2",25.8312112199709,-5.19521690600561,1.73122652449657,0.00154085961432686,0.00440718986463382,"Nb_vs_rest","Other species higher"
"bcar1",13.9788434552027,-5.31657564868464,1.77733820279991,0.00154283820296605,0.00441126795401974,"Nb_vs_rest","Other species higher"
"mcl1b",43.9987206118484,-5.39148244634192,1.8062550417396,0.00154563632904143,0.00441452323040466,"Nb_vs_rest","Other species higher"
"rbm25a",12.7513718859178,-5.11105705369938,1.70016085919336,0.00154493311262511,0.00441452323040466,"Nb_vs_rest","Other species higher"
"zmynd8",10.3333749849638,-4.99903611330783,1.6585915447493,0.00154556278124347,0.00441452323040466,"Nb_vs_rest","Other species higher"
"prelid3b",7.11175248232099,-5.47114901596079,1.83716943555613,0.00154798506321878,0.00441964966171229,"Nb_vs_rest","Other species higher"
"enoph1",7.23041389637544,-5.30306964911069,1.77309528189993,0.00155025866528057,0.00442297609901284,"Nb_vs_rest","Other species higher"
"tnrc6c2",7.5160452336448,-5.18264113206788,1.72758097298994,0.00155019023396514,0.00442297609901284,"Nb_vs_rest","Other species higher"
"trnau1apa",6.21748271480578,-5.36350153117378,1.79633487312108,0.00155204526472143,0.0044264907835872,"Nb_vs_rest","Other species higher"
"hspa4b",13.2077090067494,-4.9461851902726,1.63992629134729,0.00155342769942715,0.00442885067575158,"Nb_vs_rest","Other species higher"
"meis2a",5.26453091886648,-5.03708780361259,1.67366841405486,0.00155435111324019,0.00442990067273456,"Nb_vs_rest","Other species higher"
"kif15",13.3604755169068,-5.01165588843664,1.66470141120269,0.00155862956072099,0.00444050835221475,"Nb_vs_rest","Other species higher"
"slc25a1a",61.9693063264495,-5.16034666865734,1.72033511638967,0.00156001991679473,0.00444250808994604,"Nb_vs_rest","Other species higher"
"itpr2",9.9797239686124,-5.0975461734842,1.69686623224163,0.00156044488422541,0.00444250808994604,"Nb_vs_rest","Other species higher"
"ewsr1b",10.4576747296128,-5.10628776758668,1.7002980278262,0.00156191760959561,0.00444511502302889,"Nb_vs_rest","Other species higher"
"pcyox1",7.34087493922023,-5.10699031326723,1.70067988298977,0.00156297762715687,0.00444654597672435,"Nb_vs_rest","Other species higher"
"rbm22",15.4739477686724,3.2108350291225,1.03426474897905,0.00156362698638686,0.0044468080368379,"Nb_vs_rest","Nb higher"
"srebf2",7.65377123493863,-5.29727326878744,1.77293987967312,0.00156747968662698,0.00445617666522383,"Nb_vs_rest","Other species higher"
"hibch",4.19833373249996,-4.98339949900146,1.65528917833126,0.00156833226351667,0.00445701262922472,"Nb_vs_rest","Other species higher"
"nadka",72.5584009871658,-5.44148649407584,1.82850212629785,0.00157032471895638,0.00446108624324382,"Nb_vs_rest","Other species higher"
"zbtb41",65.0069453742711,-5.14140698582616,1.71456329777653,0.00157178101735951,0.00446272796220443,"Nb_vs_rest","Other species higher"
"ppp6r3",4.8773221460866,-5.05835057689333,1.68353321079008,0.0015720210904457,0.00446272796220443,"Nb_vs_rest","Other species higher"
"zgc:92162",9.06245749072443,-5.2652180329011,1.76143966642432,0.00157321677085739,0.00446453407946016,"Nb_vs_rest","Other species higher"
"gck",42.5513905281326,-5.06808670023637,1.688004663304,0.00157963350852055,0.00448115015925844,"Nb_vs_rest","Other species higher"
"mylipa",4.2753698661114,-5.05919169029279,1.6853644143341,0.00158579682057261,0.00449703575983279,"Nb_vs_rest","Other species higher"
"sez6a",7.19529385663191,-5.33621758646167,1.79028106575612,0.00158850935933114,0.00450312777529752,"Nb_vs_rest","Other species higher"
"st8sia1",7.80615808725852,4.09180984827189,1.33836496407246,0.00160456232279015,0.00454701965052037,"Nb_vs_rest","Nb higher"
"TMEM158",12.1039353199382,-5.44752958915271,1.83530574873402,0.0016068887096345,0.00455199570567387,"Nb_vs_rest","Other species higher"
"MAMDC2",68.8617927570074,-5.26587350576511,1.76570895045751,0.00160783245464472,0.00455305287014368,"Nb_vs_rest","Other species higher"
"dbt",5.24163839009955,-5.19868770716899,1.74093488074074,0.001614156396139,0.00456933949669712,"Nb_vs_rest","Other species higher"
"rab3c",7.16111743568718,-5.58697707256471,1.89070416717938,0.00161516808080821,0.0045698804500652,"Nb_vs_rest","Other species higher"
"si:ch211-103n10.5",16.3063330088273,-5.15644694708343,1.72512765593643,0.00161549282576866,0.0045698804500652,"Nb_vs_rest","Other species higher"
"zeb1b",5.31000408963833,-5.17579088595557,1.73308222792063,0.00162133764564183,0.00458478894834224,"Nb_vs_rest","Other species higher"
"cacybp",6.99553967268999,-5.10424520571421,1.70621351644025,0.0016221196900415,0.00458537553189201,"Nb_vs_rest","Other species higher"
"si:ch211-71n6.4",9.67127183535922,-5.81527227171589,1.9828921036382,0.00162540411106359,0.00459303286341624,"Nb_vs_rest","Other species higher"
"ATE1",4.91555577600208,-5.05578654361635,1.68902921082353,0.00163121440095867,0.00460455992912989,"Nb_vs_rest","Other species higher"
"apoda.2",103.525358649436,-5.0487996682121,1.68635677048537,0.00163067873241446,0.00460455992912989,"Nb_vs_rest","Other species higher"
"morc2",11.2299199828243,-4.93532853457062,1.64414480033252,0.00163112033374579,0.00460455992912989,"Nb_vs_rest","Other species higher"
"elovl1b",26.5631521311135,-5.36936694366714,1.80812855297098,0.00163197315581479,0.00460507276640808,"Nb_vs_rest","Other species higher"
"fam120c",8.4889533307156,-5.60466110990466,1.89990262398429,0.00163298418394374,0.00460629684972466,"Nb_vs_rest","Other species higher"
"pip4k2ca",7.20830805845129,3.19125013763865,1.03246801338814,0.00164065359913237,0.00462629530780081,"Nb_vs_rest","Nb higher"
"myh9a",9.6483860316988,-5.20369246590996,1.74606536805117,0.00164297535606348,0.00463120570165545,"Nb_vs_rest","Other species higher"
"picalmb",10.3926922526766,-4.9862224602185,1.66461109259051,0.00164595152303946,0.0046379566221239,"Nb_vs_rest","Other species higher"
"tmem121b",7.1707299644619,-5.50619697121655,1.86316153015916,0.00164843095384053,0.00463871680535076,"Nb_vs_rest","Other species higher"
"ndufa3",51.138174084095,-5.46483370157587,1.84704552134368,0.00164854647368105,0.00463871680535076,"Nb_vs_rest","Other species higher"
"irx6a",7.18693100003793,-5.14035473729589,1.72257873352515,0.00164739730089174,0.00463871680535076,"Nb_vs_rest","Other species higher"
"alg8",11.1955689709976,-5.12925496462711,1.71840603398594,0.00164754467669476,0.00463871680535076,"Nb_vs_rest","Other species higher"
"alkbh5",7.45675433368255,-5.43566424821464,1.83600640595812,0.0016510358034229,0.0046440837896774,"Nb_vs_rest","Other species higher"
"tmf1",6.84433145656703,-5.09653826005692,1.70716847607647,0.00165761240320487,0.00466093973839847,"Nb_vs_rest","Other species higher"
"PLEKHA5",5.81665199422445,-5.17314146925491,1.73652795948791,0.00166149803733417,0.0046702199147329,"Nb_vs_rest","Other species higher"
"manba",28.0350120393329,-5.1132382856252,1.71454190883747,0.00166764099847212,0.00468583632669279,"Nb_vs_rest","Other species higher"
"mtnr1c",8.70688648419016,2.71147462660532,0.873978417120353,0.0016687683467683,0.00468735354002499,"Nb_vs_rest","Nb higher"
"smg1",6.38358946669146,-5.10738740197361,1.71255004898559,0.00166964242760775,0.00468815854057348,"Nb_vs_rest","Other species higher"
"usp33",5.33968022730539,-5.01277220967926,1.67721322601784,0.00167161831458988,0.00469205562800817,"Nb_vs_rest","Other species higher"
"cs",10.1222535755231,-5.05130247732101,1.69177922187547,0.00167278580271518,0.00469368168272402,"Nb_vs_rest","Other species higher"
"abca1a",12.7115975610872,-5.1856788175053,1.7428233101037,0.00167551701695617,0.0046996927224289,"Nb_vs_rest","Other species higher"
"cnppd1",4.92552744836091,-5.21115614680767,1.75327059987764,0.00168238666330484,0.00471730343400302,"Nb_vs_rest","Other species higher"
"dcaf6",14.4144644346952,-4.9730512718952,1.66475551086506,0.00169479211736196,0.0047504183690019,"Nb_vs_rest","Other species higher"
"clcn2a",8.0043857411205,-5.2144816728715,1.75601104494682,0.00169580104660413,0.00475157737075174,"Nb_vs_rest","Other species higher"
"arhgap29b",8.00851150923874,-5.26360633388027,1.77512024528641,0.00169872869242154,0.00475810985100875,"Nb_vs_rest","Other species higher"
"ctnnbl1",6.09023257491387,-5.49234116229704,1.86455839463506,0.00170545061746682,0.00477526172890711,"Nb_vs_rest","Other species higher"
"ppm1j",4.93260942220761,-5.20200462750094,1.75243080291625,0.00170661300716032,0.00477684033572057,"Nb_vs_rest","Other species higher"
"zgc:158640",27.6437977389805,-5.18921488129553,1.74763695259418,0.0017073685222418,0.00477727938551527,"Nb_vs_rest","Other species higher"
"rfxap",22.7025514497782,-5.48528061445634,1.86213830584297,0.00170840476484437,0.00477850333805049,"Nb_vs_rest","Other species higher"
"usp45",25.7017611289526,-5.24929303043301,1.77098556660886,0.00171096483604599,0.00478398717296672,"Nb_vs_rest","Other species higher"
"hspb1",11.8991904816262,-5.62567590227104,1.91820772380617,0.00171358524935267,0.00478963582831325,"Nb_vs_rest","Other species higher"
"daam2",11.7608554618089,-5.02724248164076,1.68710026235439,0.00171457754532267,0.00479055266222514,"Nb_vs_rest","Other species higher"
"myrf",8.43111827483936,-5.002154860115,1.67773329323147,0.0017151139042578,0.00479055266222514,"Nb_vs_rest","Other species higher"
"hibadhb",7.82569150148988,3.24906944256213,1.0567844169897,0.00172040734103028,0.00480365660651562,"Nb_vs_rest","Nb higher"
"ntd5",10.22789699831,-5.5338100408323,1.88318375179163,0.00172502351438324,0.00481208197794862,"Nb_vs_rest","Other species higher"
"nxnl1",5.7234445691893,-5.29730255307183,1.79098945679312,0.00172505322359911,0.00481208197794862,"Nb_vs_rest","Other species higher"
"osbpl7",10.6583585626754,-5.10855652035883,1.71889702778863,0.00172523390211917,0.00481208197794862,"Nb_vs_rest","Other species higher"
"nprl2",9.72498072690811,-4.97264803020178,1.66857851926816,0.00173392628938141,0.0048346372429293,"Nb_vs_rest","Other species higher"
"nipblb",14.6342894807502,-4.92401734666344,1.65114990211351,0.00174161818245053,0.00485438808800391,"Nb_vs_rest","Other species higher"
"dbr1",128.654703156054,2.60264240076325,0.841984697608297,0.0017534945760977,0.00488578446831693,"Nb_vs_rest","Nb higher"
"cpda",9.68903452818595,3.19729556944894,1.04130537750906,0.00175529618614452,0.00488909723051772,"Nb_vs_rest","Nb higher"
"si:dkey-256h2.1",169.10669180733,-5.75776605627091,1.97728390036251,0.00176221583206893,0.00490665817861481,"Nb_vs_rest","Other species higher"
"lsm3",6.47796969046226,-5.18967780097712,1.75380013816324,0.00176329168816249,0.00490675937909688,"Nb_vs_rest","Other species higher"
"chst12a",33.9003508408567,-5.07658886853756,1.71075383154836,0.00176348194226189,0.00490675937909688,"Nb_vs_rest","Other species higher"
"fbxo10",7.95262396600747,-4.94260181253074,1.6604426484672,0.00176527826850398,0.00491004551504419,"Nb_vs_rest","Other species higher"
"slc22a6l",126.07530361661,-5.11167130279053,1.72438059037014,0.00176649976870132,0.00491173106419391,"Nb_vs_rest","Other species higher"
"fuk",16.5982420354082,-5.21082715385717,1.76252987417667,0.00176919049263774,0.00491589632672528,"Nb_vs_rest","Other species higher"
"med29",27.0498890022487,-4.946741986345,1.66238458052841,0.00176922985593421,0.00491589632672528,"Nb_vs_rest","Other species higher"
"bcl2l10",7.35552283465355,-5.35948447962747,1.8201013420085,0.00177049233653658,0.0049164677577676,"Nb_vs_rest","Other species higher"
"pim2",8.2593282846252,-5.3396114726162,1.81246362672548,0.00177128380997266,0.0049164677577676,"Nb_vs_rest","Other species higher"
"zic3",10.8119145491128,-5.02526764505669,1.69207434819744,0.0017706755822695,0.0049164677577676,"Nb_vs_rest","Other species higher"
"APCDD1",80.725212172348,-5.19635600612803,1.7573994576281,0.00177313938908664,0.00491990692799422,"Nb_vs_rest","Other species higher"
"suclg1",9.2935292957516,-5.22644455486816,1.76915962429647,0.00177513752430152,0.00492373911850056,"Nb_vs_rest","Other species higher"
"mns1",36.325900129954,-5.59381330974999,1.91312792201555,0.00177695322114115,0.00492706278829269,"Nb_vs_rest","Other species higher"
"plcxd2",28.6932863570358,-5.37621895994114,1.82762562152013,0.00177956149688235,0.00493258101601986,"Nb_vs_rest","Other species higher"
"prpf38a",8.3973851187839,-5.20110813811316,1.76011953229822,0.00178164381786556,0.00493663807866915,"Nb_vs_rest","Other species higher"
"zzz3",5.05985400881324,-5.17293167066859,1.74954266465089,0.00178374604030874,0.00493965242043296,"Nb_vs_rest","Other species higher"
"plekha8",5.35301361829461,-5.04302512685872,1.70014532063345,0.00178416269653718,0.00493965242043296,"Nb_vs_rest","Other species higher"
"hmbox1a",5.30565574684074,3.82441198311525,1.2586630220878,0.00178458871279552,0.00493965242043296,"Nb_vs_rest","Nb higher"
"mical3a",5.93681072026002,-5.12373883140557,1.73107791328235,0.00178688078612902,0.00494428178686187,"Nb_vs_rest","Other species higher"
"epyc",28.4470874293787,-5.25763356256592,1.7825701353251,0.00178825033011928,0.0049446422849452,"Nb_vs_rest","Other species higher"
"zc3h12b",7.65964580149739,3.81500787110666,1.25560787385158,0.00178781209103906,0.0049446422849452,"Nb_vs_rest","Nb higher"
"vrk3",109.364351228157,-5.41306358723272,1.84331950499068,0.00179116502642707,0.00494927178354849,"Nb_vs_rest","Other species higher"
"hebp2",5.82191861306891,-5.16555691724598,1.74746712508659,0.00179090913524609,0.00494927178354849,"Nb_vs_rest","Other species higher"
"gars1",53.4148577537979,-4.85518664262471,1.63035200440717,0.00179198803734412,0.00494983196192664,"Nb_vs_rest","Other species higher"
"gle1",5.45958384991631,-5.0905314539803,1.71977566863173,0.00180002426612854,0.00497030921927536,"Nb_vs_rest","Other species higher"
"hip1rb",4.62069084607757,-5.12791913878784,1.73426042902249,0.00180233700832804,0.00497177515946323,"Nb_vs_rest","Other species higher"
"cry-dash",5.64912217469629,-5.05311545812411,1.7057346665003,0.00180172926450135,0.00497177515946323,"Nb_vs_rest","Other species higher"
"atp10b",17.5603174929717,4.47993447311763,1.49324056483973,0.00180242425267257,0.00497177515946323,"Nb_vs_rest","Nb higher"
"decr1",12.4764461818639,-5.3476001359438,1.81916393329296,0.00180407264849771,0.00497460253455831,"Nb_vs_rest","Other species higher"
"dock6",5.15203834616788,-5.13131914628582,1.73606080450039,0.00180723652439634,0.00498160534185933,"Nb_vs_rest","Other species higher"
"sema3c",11.6159541412061,-5.0466009715799,1.70403921181921,0.00180947381183126,0.00498605007541902,"Nb_vs_rest","Other species higher"
"pappa2",7.49869592888164,-5.49653702441696,1.87900843063915,0.00181616833737749,0.00500070208938385,"Nb_vs_rest","Other species higher"
"cpne3",10.4659447410342,-5.28447651257174,1.79594373618121,0.0018162740345405,0.00500070208938385,"Nb_vs_rest","Other species higher"
"lhx8b",9.11765698299523,2.60486149950724,0.84560706765132,0.00181667109738393,0.00500070208938385,"Nb_vs_rest","Nb higher"
"paics",14.653440517004,-5.06438980537719,1.711594515966,0.001817485663098,0.00500121916949035,"Nb_vs_rest","Other species higher"
"ssrp1a",14.810765555942,-5.03164235553458,1.69952845829306,0.00182115566229298,0.00500959054984417,"Nb_vs_rest","Other species higher"
"top3a",7.14160989002982,-5.00317441425243,1.68899320520161,0.00182365097700849,0.00501299855202472,"Nb_vs_rest","Other species higher"
"gnsa",9.01179632579458,-4.85953570298414,1.63495429385989,0.00182343095580218,0.00501299855202472,"Nb_vs_rest","Other species higher"
"nr2e1",117.616234201042,2.96575470652756,0.967094570748173,0.00182883142966398,0.00502550785424194,"Nb_vs_rest","Nb higher"
"zgc:154046",6.00973079852309,-5.05235513395814,1.70900420211406,0.00183742872478016,0.00504739456927561,"Nb_vs_rest","Other species higher"
"gulp1a",309.537815107464,-4.99857319596587,1.68881993589174,0.00183968928762904,0.00505012745623658,"Nb_vs_rest","Other species higher"
"si:ch1073-358c10.1",6.6060816133503,-4.97759506166709,1.68083133363875,0.001839138146708,0.00505012745623658,"Nb_vs_rest","Other species higher"
"purab",6.58349602825216,-5.11188367680067,1.73203923344172,0.00184080684376352,0.0050514575698875,"Nb_vs_rest","Other species higher"
"lfng",4.98693157955196,-5.19188803880553,1.76340328411784,0.00184728739708271,0.00506749860045379,"Nb_vs_rest","Other species higher"
"atf5b",8.01953966167371,-5.24290891893695,1.78340538511473,0.00185015280367418,0.00507361490492094,"Nb_vs_rest","Other species higher"
"cep19",45.6727216255805,-5.0036180097095,1.69189909425966,0.00185169795410207,0.00507610775463225,"Nb_vs_rest","Other species higher"
"ranbp10",5.92016901116983,-5.07354206956941,1.71877724332841,0.00185464452401118,0.00508243932060755,"Nb_vs_rest","Other species higher"
"fam234b",5.69068156863005,-5.05345175269572,1.7112240663431,0.00185569700208608,0.00508357778120389,"Nb_vs_rest","Other species higher"
"c2cd2l",7.5645051828217,-5.55556373719963,1.90731993604299,0.00185874564696579,0.00509018197075737,"Nb_vs_rest","Other species higher"
"arid2",5.17259505029008,-5.06609025142326,1.71709433322207,0.0018664038049699,0.00510940046780783,"Nb_vs_rest","Other species higher"
"ube2l3b",5.62439811764375,-5.20801721155165,1.77176895052603,0.00186819206613261,0.0051125420739843,"Nb_vs_rest","Other species higher"
"vapb",9.64479702919142,-4.8189177868676,1.62474212590012,0.00187712775847301,0.00513523466322066,"Nb_vs_rest","Other species higher"
"dyrk2",5.9617368068079,3.32985053308322,1.09357807802565,0.0018779353353614,0.00513568333659492,"Nb_vs_rest","Nb higher"
"lmo2",5.72193324395475,-5.20751048444945,1.77278624578232,0.00188007822365692,0.00513978219417,"Nb_vs_rest","Other species higher"
"alkbh7",118.27047306828,-5.01829638837136,1.70047027467299,0.00188267213809982,0.0051451108431632,"Nb_vs_rest","Other species higher"
"suz12a",6.20115806085228,-5.30086615700456,1.80943950589661,0.00188376057173775,0.00514632295873579,"Nb_vs_rest","Other species higher"
"gdap1l1",14.0467438232025,-5.00063720528491,1.69416147437408,0.00188688602202302,0.00515309734967271,"Nb_vs_rest","Other species higher"
"ccdc9",11.5572752126729,-5.10195648152382,1.73301679574973,0.00188881637139475,0.00515660439402329,"Nb_vs_rest","Other species higher"
"gpn2",6.27582374982336,-5.37629925879644,1.83960751797989,0.00188952515812316,0.00515677522634159,"Nb_vs_rest","Other species higher"
"ap3m2",4.81475342245267,-5.16875604425824,1.75913623320169,0.00189314717770994,0.00516489383867532,"Nb_vs_rest","Other species higher"
"tor1",1775.03170292893,-5.26189726170144,1.79550304423447,0.0018958507426185,0.00517050202532318,"Nb_vs_rest","Other species higher"
"vapal",15.9110541653673,-5.49847021797076,1.88901410165741,0.00189897129529999,0.0051772432307803,"Nb_vs_rest","Other species higher"
"adgrg6",5.62207346511185,-5.05408444102903,1.71585363677321,0.00190068026189394,0.00517836411400261,"Nb_vs_rest","Other species higher"
"cct2",21.1326397881244,-4.99569893269621,1.69354228106888,0.00190005695680139,0.00517836411400261,"Nb_vs_rest","Other species higher"
"si:ch211-239f4.1",8.38533004309342,2.78139626086533,0.908590285605833,0.00190158517244539,0.00517906132290588,"Nb_vs_rest","Nb higher"
"emp2",6.10054632222922,-5.14055798760232,1.74964577888456,0.00190700036767205,0.00519203784852369,"Nb_vs_rest","Other species higher"
"xpo6",9.70691420623703,3.71601309843712,1.2292427894824,0.00190964281531808,0.00519745895847144,"Nb_vs_rest","Nb higher"
"fbln1",42.4418230082346,-5.72480941128367,1.98191970274529,0.0019119851748077,0.0052020599028181,"Nb_vs_rest","Other species higher"
"castor2",10.6194913846812,-5.60923901813306,1.93523958853364,0.00191482275645548,0.00520650385508263,"Nb_vs_rest","Other species higher"
"pcm1",17.6653898561077,2.86363185518307,0.936936575818072,0.00191492341035934,0.00520650385508263,"Nb_vs_rest","Nb higher"
"baxa",5.11052715955453,-4.8824226241476,1.65217877108705,0.00191634230957016,0.00520858706756466,"Nb_vs_rest","Other species higher"
"ern1",6.41216249058814,-5.29667446173373,1.81156901839989,0.00192008904316422,0.00521508568892427,"Nb_vs_rest","Other species higher"
"ppp1r21",6.7152557475933,-5.29471157743329,1.81086334115638,0.00192069383956747,0.00521508568892427,"Nb_vs_rest","Other species higher"
"ACVR1B",9.53097243475473,-4.97392244921079,1.68719072293849,0.00192041977035435,0.00521508568892427,"Nb_vs_rest","Other species higher"
"CHRNA1",3.36832412083353,5.44112639011782,1.86899203776033,0.00192472983537024,0.00522426669600494,"Nb_vs_rest","Nb higher"
"atp2c1",5.79386020775004,-5.20128562140632,1.77547121057443,0.00193062296808443,0.00523761690947166,"Nb_vs_rest","Other species higher"
"crls1",6.83728331039197,-4.85460437203261,1.6430272389749,0.00193096102101073,0.00523761690947166,"Nb_vs_rest","Other species higher"
"rbks",929.402332106535,-2.17565267156876,0.707933139077403,0.00193640957747396,0.00525061108672858,"Nb_vs_rest","Other species higher"
"rabep1",5.72705658207925,-5.0195094606771,1.70631794827383,0.00193909026570643,0.00525609385881022,"Nb_vs_rest","Other species higher"
"sorbs3",5.50514484911063,-5.25756497773804,1.79876358715288,0.00194442372509521,0.00526876106154831,"Nb_vs_rest","Other species higher"
"brwd3",4.79256736190749,-5.19570349532257,1.7749119328082,0.00194678194171236,0.00527157105356791,"Nb_vs_rest","Other species higher"
"specc1la",6.05784925785392,-5.10526921127865,1.73990871878082,0.00194641925223121,0.00527157105356791,"Nb_vs_rest","Other species higher"
"dedd1",7.6397270303866,-4.97762613533181,1.69151992450729,0.001951670166675,0.00528301490165077,"Nb_vs_rest","Other species higher"
"stk17al",5.18863698260037,-5.23500506722849,1.79106228928574,0.00195539628084674,0.00529130631439707,"Nb_vs_rest","Other species higher"
"cdan1",5.44837509562834,-5.08821079272083,1.73443144346033,0.00195774371984178,0.00529585700438461,"Nb_vs_rest","Other species higher"
"camk2d2",4.12799757308386,-5.03831660986328,1.71533690811976,0.00195840526565651,0.00529585700438461,"Nb_vs_rest","Other species higher"
"kbtbd3",172.105421101586,-5.80570452434678,2.0209460324986,0.00196035877339802,0.00529934383865724,"Nb_vs_rest","Other species higher"
"prdm11",5.81921351116739,-5.33101821249253,1.83063478598635,0.00197450846514457,0.00533578650587662,"Nb_vs_rest","Other species higher"
"WIPI1",5.54103203279226,-5.19451442501936,1.77725277810401,0.00197520671028341,0.00533586646853813,"Nb_vs_rest","Other species higher"
"ap2b1",6.03416434461124,-5.42904764534819,1.86965294306285,0.00197626609752985,0.00533692164409075,"Nb_vs_rest","Other species higher"
"hpcal4",18.9628415072013,-5.20729459121382,1.78243433130856,0.00197730551332281,0.00533792219090529,"Nb_vs_rest","Other species higher"
"blvrb",45.1018957457249,-5.4486422418339,1.87772399561843,0.00197873705429477,0.00533905413353367,"Nb_vs_rest","Other species higher"
"baz1b",10.8459573362761,-4.83401154787937,1.63956610564558,0.00197906292318203,0.00533905413353367,"Nb_vs_rest","Other species higher"
"gphnb",6.62306237176264,-5.31983140966077,1.82709248715584,0.0019830232924703,0.00534793033927441,"Nb_vs_rest","Other species higher"
"dis3l",26.1550589573765,-5.03435434760826,1.71725079287263,0.00199504055520606,0.00537852149680553,"Nb_vs_rest","Other species higher"
"pgr",50.4483441793741,-5.05183094001491,1.72425787851229,0.00199815611309461,0.00538510158138974,"Nb_vs_rest","Other species higher"
"slc43a1a",5.16054810878695,4.63359419106415,1.56656291502663,0.00200321135335726,0.00539690297089498,"Nb_vs_rest","Nb higher"
"bnip3lb",11.1575010058509,-5.42265963604208,1.87013635858906,0.0020053083783166,0.00540072928078516,"Nb_vs_rest","Other species higher"
"fkbp1b",64.0438755681989,2.53594901417138,0.83079751941771,0.00200864199209193,0.00540788228640134,"Nb_vs_rest","Nb higher"
"ubtd2",5.95168209360173,-5.36287475938587,1.84686679784578,0.00201021025850706,0.00541027921176605,"Nb_vs_rest","Other species higher"
"ltk",26.2542029863584,-5.13765082168887,1.75900633633908,0.00201502419524108,0.00542140697168706,"Nb_vs_rest","Other species higher"
"smn1",17.1190205312934,-5.26857817630266,1.81070839186835,0.00202086953376102,0.00543530127381629,"Nb_vs_rest","Other species higher"
"gpx7",12.6705099772231,4.04794504940243,1.35429175239215,0.00202222659548285,0.00543711867653408,"Nb_vs_rest","Nb higher"
"nefma",12.5693396277427,-5.45877318912005,1.88736255891631,0.00203211728159431,0.00546171150618973,"Nb_vs_rest","Other species higher"
"soga3a",4.90096682421461,-5.01969667143553,1.7150984519651,0.0020327422523037,0.00546171150618973,"Nb_vs_rest","Other species higher"
"pawr",16.2767474256813,-5.1481215202898,1.76491961917534,0.00203443306470238,0.00546441462683441,"Nb_vs_rest","Other species higher"
"fmnl2a",59.8863241176292,-4.9925329164181,1.70492522662359,0.00203558974219621,0.00546568174385118,"Nb_vs_rest","Other species higher"
"topbp1",5.28151639618254,3.92445427198049,1.31185072652113,0.0020474176385562,0.00549189672459782,"Nb_vs_rest","Nb higher"
"serpind1",7.89366361418411,3.55420567088578,1.18112978061428,0.00204718366049347,0.00549189672459782,"Nb_vs_rest","Nb higher"
"rbck1",350.146857868453,-2.44175138491783,0.800683087032945,0.00204625990857221,0.00549189672459782,"Nb_vs_rest","Other species higher"
"bicdl1",5.4988330725249,-5.061342075629,1.7326981690524,0.00204961701771836,0.00549492111572538,"Nb_vs_rest","Other species higher"
"gpsm1b",10.0954923882024,-4.920226487803,1.67854081952469,0.00204992232600432,0.00549492111572538,"Nb_vs_rest","Other species higher"
"ap4m1",7.66635364139904,-5.05003830150122,1.72896991777953,0.00205656120709659,0.00551086582694117,"Nb_vs_rest","Other species higher"
"ddx23",16.6341282110296,-5.1184689332673,1.75572138954084,0.00205920043149231,0.00551608574800559,"Nb_vs_rest","Other species higher"
"aars1",10.2096802722451,-4.94660182339715,1.68969594930968,0.00206203888738198,0.00552183567829135,"Nb_vs_rest","Other species higher"
"FUCA1",8.9845113793906,-5.05695062587673,1.73250000733323,0.00206594918407086,0.00553045101941813,"Nb_vs_rest","Other species higher"
"evi5b",8.26536293134732,-5.29683886014178,1.82649638192837,0.0020681148713743,0.00553439190931151,"Nb_vs_rest","Other species higher"
"tmem39b",5.51322073600459,-5.20812455457391,1.79173366373289,0.002069938164095,0.0055355584951334,"Nb_vs_rest","Other species higher"
"l3hypdh",247.409102854928,2.42525214044545,0.796048528933073,0.00206977611757794,0.0055355584951334,"Nb_vs_rest","Nb higher"
"smc2",8.33490214730752,-4.88563336907513,1.66754117887535,0.0020749738361283,0.00554716623527765,"Nb_vs_rest","Other species higher"
"crmp1",12.6072376449695,-5.6875438436911,1.98514198351941,0.00207598988017485,0.00554802385927505,"Nb_vs_rest","Other species higher"
"trappc11",9.11559387212429,-5.01538114632853,1.71795160361611,0.00208251840390404,0.00556360792204695,"Nb_vs_rest","Other species higher"
"eif4g1a",13.4927824177366,-4.88276628404108,1.66731947062013,0.00208503079600205,0.00556845574032676,"Nb_vs_rest","Other species higher"
"esrrb",5.52906980198244,-5.25458671369571,1.81160703610507,0.00208664736724888,0.00557090866197594,"Nb_vs_rest","Other species higher"
"abi1a",16.8626649464865,2.90676680114526,0.959697797461834,0.00208752288196973,0.00557138213983894,"Nb_vs_rest","Nb higher"
"cplx4c",13.4732867584557,-5.07017241951501,1.73981431757751,0.00208999512659493,0.00557611538289118,"Nb_vs_rest","Other species higher"
"uggt1",8.6307139814265,-5.40511015666416,1.87201354815315,0.00209252161414122,0.00558019345481279,"Nb_vs_rest","Other species higher"
"peli2",5.04004064078541,-5.25234257743251,1.81132454602367,0.00209292218173618,0.00558019345481279,"Nb_vs_rest","Other species higher"
"EVC2",13.2900053051305,-5.12793442849461,1.76315425503702,0.00209957363188444,0.00559418950999595,"Nb_vs_rest","Other species higher"
"fbxo28",5.84177503832923,-4.97918781325574,1.70548021555242,0.00209901557564638,0.00559418950999595,"Nb_vs_rest","Other species higher"
"pias1a",3.62312384167421,4.20792074665157,1.41752995116459,0.00210081249194244,0.00559562205797752,"Nb_vs_rest","Nb higher"
"ch25hl3",6.76146046771185,-5.3017919586551,1.83186221488308,0.00210303916199174,0.00559968385475278,"Nb_vs_rest","Other species higher"
"nudt3b",4.36816405741749,3.88655403322845,1.30206966490546,0.00210498557162381,0.00560212710439422,"Nb_vs_rest","Nb higher"
"gde1",13.167935926126,2.74795051288261,0.906428762167957,0.00210536080026044,0.00560212710439422,"Nb_vs_rest","Nb higher"
"slc19a1",8.01374696965043,-5.1079664643412,1.75608870168345,0.00210737204314084,0.00560560963475462,"Nb_vs_rest","Other species higher"
"wdr83os",7.25630874299196,-5.05409071228689,1.73529694868195,0.00210894419275288,0.00560605418326714,"Nb_vs_rest","Other species higher"
"smpx",4.14992400334787,-5.01342078711535,1.71951495639493,0.00210843876633486,0.00560605418326714,"Nb_vs_rest","Other species higher"
"TGFB1I1",6.83965489250405,-5.43712938258414,1.88701846697896,0.00211388644340932,0.00561732061884993,"Nb_vs_rest","Other species higher"
"UNC79",4.71421807423939,4.40705816905753,1.49167121006612,0.00211785294553616,0.00562598751843493,"Nb_vs_rest","Nb higher"
"epg5",7.09727312117592,-5.0302457434614,1.7273388839455,0.00212322519495541,0.00563838171572185,"Nb_vs_rest","Other species higher"
"vps37c",6.11337776244056,-5.08326279526588,1.7479986013669,0.00212414523743829,0.00563894843471641,"Nb_vs_rest","Other species higher"
"maco1b",7.80070724955443,2.99718768159654,0.992666189387478,0.0021312205272386,0.00565584962000799,"Nb_vs_rest","Nb higher"
"rpl22l1",30.7766769925354,-5.60400629018816,1.95713246157597,0.0021357754709714,0.00566605327737758,"Nb_vs_rest","Other species higher"
"arhgef18a",8.25314851633,-5.67047786579246,1.98494041208756,0.00213941006061637,0.00567380933323982,"Nb_vs_rest","Other species higher"
"herpud2",8.12674287128469,-5.20285599338679,1.79633606608189,0.00214072988236093,0.0056754234090499,"Nb_vs_rest","Other species higher"
"ENY2",17.3033097906895,-5.65972312702888,1.98090677513312,0.00214334490044935,0.00567858310278413,"Nb_vs_rest","Other species higher"
"erbin",7.15864785574523,-5.22208496216951,1.80412237519428,0.00214292022053148,0.00567858310278413,"Nb_vs_rest","Other species higher"
"ndel1b",6.36522333904395,-5.06123400727999,1.74140300166788,0.00214610031029861,0.00568399617530134,"Nb_vs_rest","Other species higher"
"ruvbl2",5.42865624396851,-5.01305611261025,1.72291939138531,0.00214848809774212,0.00568843232248909,"Nb_vs_rest","Other species higher"
"rif1",6.06368979175919,-5.37720933058767,1.86671842850602,0.00215206614922552,0.00569186692854306,"Nb_vs_rest","Other species higher"
"exoc6b",6.52804707216592,-5.22559297930096,1.80654944427677,0.00215406492784462,0.00569186692854306,"Nb_vs_rest","Other species higher"
"sept8b",5.10996290749731,-5.1803378968614,1.78866609346394,0.00215361861572832,0.00569186692854306,"Nb_vs_rest","Other species higher"
"cstf2",9.04198607486941,-5.1669623451963,1.78343047364784,0.00215386704340137,0.00569186692854306,"Nb_vs_rest","Other species higher"
"zgc:77056",5.56116104183992,-5.14246446286365,1.77364851030067,0.00215202362215018,0.00569186692854306,"Nb_vs_rest","Other species higher"
"nsun2",6.55739468113724,-4.99276432923504,1.71545973418794,0.00215296385860701,0.00569186692854306,"Nb_vs_rest","Other species higher"
"lifra",10.6448882740963,-4.89346181635346,1.6778030234209,0.00215974716692382,0.00570499251640255,"Nb_vs_rest","Other species higher"
"lsm4",9.4039328918137,-4.90823976511912,1.68358646690089,0.00216106441193769,0.00570658305998105,"Nb_vs_rest","Other species higher"
"enc3",7.4249240488028,-5.50753960481981,1.92074665442035,0.00216566442236961,0.00571683827009908,"Nb_vs_rest","Other species higher"
"mapk3",4.50923857693208,-5.08893317974014,1.75416376987568,0.00216814124941429,0.00572148385262105,"Nb_vs_rest","Other species higher"
"pdf",6.63663885770953,-5.26379363076896,1.82345378551773,0.00217299797817317,0.00573240458374276,"Nb_vs_rest","Other species higher"
"cdk8",4.30483385850645,-5.03541649145618,1.733887809153,0.00217458575071305,0.00573469738621618,"Nb_vs_rest","Other species higher"
"ddx56",229.78201143007,-5.52945113814318,1.93074541251387,0.00217614735447255,0.00573691968572545,"Nb_vs_rest","Other species higher"
"ndst2a",5.0427351218645,-5.12166659137731,1.76795034181095,0.00217911150220051,0.00574283678585208,"Nb_vs_rest","Other species higher"
"setd7",6.15571922560548,-5.29559500527913,1.83692173055933,0.00218165116610067,0.00574573475428493,"Nb_vs_rest","Other species higher"
"igf2r",6.95555020375893,-4.81846823753071,1.65090417299185,0.00218123358035084,0.00574573475428493,"Nb_vs_rest","Other species higher"
"napgb",10.1028834151758,-4.89632086598119,1.68096499821597,0.00218421098580898,0.00575057857695667,"Nb_vs_rest","Other species higher"
"znf219",4.26540558552118,-4.9645186249059,1.70792054057506,0.00219209712942327,0.00576943769551376,"Nb_vs_rest","Other species higher"
"vill",47.0831709346497,-5.15551117187884,1.78249141358882,0.0021929879718754,0.00576987933253073,"Nb_vs_rest","Other species higher"
"pdgfba",5.80138816093007,-5.21881752761798,1.80755239512808,0.0021937959353886,0.00577010269096936,"Nb_vs_rest","Other species higher"
"zbtb8os",16.6642802286731,-5.09398373288692,1.75911177548342,0.00220156911207869,0.00578863970820032,"Nb_vs_rest","Other species higher"
"tmem30ab",5.62890113643793,-5.23193927385085,1.81364844478087,0.00220352403582402,0.00579187147756117,"Nb_vs_rest","Other species higher"
"RAB28",4.82088296368127,-4.98965993429557,1.71883794080239,0.00220587628887981,0.00579614513838028,"Nb_vs_rest","Other species higher"
"kcnj8",6.1997478551487,-5.27047254858957,1.82964885216535,0.00221088588016083,0.00580739609074504,"Nb_vs_rest","Other species higher"
"DYNC1I1",7.29679103088126,-5.49135124833475,1.91884680881391,0.00221263932209553,0.0058100894341304,"Nb_vs_rest","Other species higher"
"DDAH1",5.48313314247895,-4.86772244442874,1.6731267862915,0.00222204087980575,0.00583285730949009,"Nb_vs_rest","Other species higher"
"GPR137B",56.301132177684,-4.93554504519717,1.69998607295957,0.00223068705325222,0.0058536279792676,"Nb_vs_rest","Other species higher"
"oclna",19.2144353991178,-5.14362237101734,1.78218275890976,0.00224182766807449,0.005880928596724,"Nb_vs_rest","Other species higher"
"SDHB",9.05847363062981,-4.89270383028223,1.68467272820354,0.00224545989923349,0.00588852119483512,"Nb_vs_rest","Other species higher"
"wapla",5.14934954086459,-5.07048681861087,1.75401206239232,0.00224837656395131,0.00589423291075279,"Nb_vs_rest","Other species higher"
"rnf20",10.9045886711117,-4.87692406078648,1.67890454766884,0.00224926575590455,0.00589462749823262,"Nb_vs_rest","Other species higher"
"bnip1b",27.9287835691538,-5.01470848119549,1.73240400280621,0.00225059592687363,0.00589617711636624,"Nb_vs_rest","Other species higher"
"atg101",5.31410137954327,-5.04791493126061,1.74613344597289,0.0022594852210308,0.00591752283026774,"Nb_vs_rest","Other species higher"
"ano10a",10.8571911390943,-5.11966998298837,1.77444514249208,0.00226113000588837,0.0059198876138416,"Nb_vs_rest","Other species higher"
"gabrb2a",7.4376574209734,-5.56712287241708,1.95526340905186,0.00226610555911925,0.00593027646317725,"Nb_vs_rest","Other species higher"
"rabggta",5.0761469256282,4.84241990691076,1.66703620392646,0.00226658436249256,0.00593027646317725,"Nb_vs_rest","Nb higher"
"NEK9",5.28644803089247,-5.04342818056409,1.74523876534962,0.00226953271717627,0.00593604427501366,"Nb_vs_rest","Other species higher"
"jagn1b",7.38520246842997,3.14389409935944,1.04994594838773,0.00227180875638342,0.00594005041806673,"Nb_vs_rest","Nb higher"
"tk2",4.82860711173325,-5.08038913593263,1.76015036938086,0.00227442773955172,0.00594495033135367,"Nb_vs_rest","Other species higher"
"plpp2a",7.8333593350058,-5.48578308375562,1.92294516786947,0.00227764572138359,0.00595141219929308,"Nb_vs_rest","Other species higher"
"sgsm1a",8.40062974674373,-5.40468240747572,1.89007972927886,0.00227975023356403,0.00595179506819302,"Nb_vs_rest","Other species higher"
"tmco3",19.2016444281809,-4.95020018566997,1.70978028609479,0.00228002976484537,0.00595179506819302,"Nb_vs_rest","Other species higher"
"GPR180",15.241440758268,3.45216694013374,1.15820843185961,0.00227985541614214,0.00595179506819302,"Nb_vs_rest","Nb higher"
"chsy1",5.29244122393352,-5.04450932733101,1.74669093660976,0.0022815854588349,0.00595390842429773,"Nb_vs_rest","Other species higher"
"sec22a",18.5069303654597,-5.06594978837956,1.75519188804446,0.0022826930159043,0.0059548513458373,"Nb_vs_rest","Other species higher"
"ndufb11",5.81339184928248,-5.38723477735733,1.88376717474885,0.00228786411091684,0.00596639072062628,"Nb_vs_rest","Other species higher"
"abcc8",7.41728140288855,-5.25417513386844,1.83083556471572,0.00229489734031105,0.00598277712371192,"Nb_vs_rest","Other species higher"
"ell2",9.23000995132897,-4.86821477913195,1.67949155389316,0.00229780428307354,0.00598839914399962,"Nb_vs_rest","Other species higher"
"epha3",6.06528682532212,-5.12434526939218,1.77955570198105,0.00229858311732143,0.00598847315580314,"Nb_vs_rest","Other species higher"
"ARHGEF12",6.07240724629702,-5.0560254627972,1.75359322021936,0.00230964192634686,0.00601532068284854,"Nb_vs_rest","Other species higher"
"hs6st2",5.61888066511965,-5.21257962339112,1.81562541509364,0.00231056620388052,0.00601576453734636,"Nb_vs_rest","Other species higher"
"tpd52",7.62605664264794,-5.20507202035772,1.81285612070861,0.00231308831650847,0.00601960937907149,"Nb_vs_rest","Other species higher"
"her9",14.6839148470897,-5.13629317114108,1.78557902694734,0.00231355162476344,0.00601960937907149,"Nb_vs_rest","Other species higher"
"zgc:165604",5.33009591435474,-4.90315577943597,1.6945994144186,0.00231751248070052,0.00602794967274776,"Nb_vs_rest","Other species higher"
"imp3",4.2475677373667,-5.08523811906304,1.76600896664165,0.00232048410203267,0.00602978285060915,"Nb_vs_rest","Other species higher"
"cyc1",9.82480366389419,-4.81731290958455,1.66165453962227,0.00232016622645927,0.00602978285060915,"Nb_vs_rest","Other species higher"
"ahsa1b",8.26309892422415,-4.73363811162714,1.62951779140252,0.00231961978414366,0.00602978285060915,"Nb_vs_rest","Other species higher"
"tenm1",5.32916919242583,-5.05528885756452,1.75472699847082,0.00232646597477197,0.00604335887977876,"Nb_vs_rest","Other species higher"
"chd8",18.1631677696324,2.23575443723191,0.741243694739259,0.00232800231465838,0.00604538186494431,"Nb_vs_rest","Nb higher"
"si:ch73-206p6.1",3.96087783068376,-4.97681879854225,1.72450400422041,0.00233275743361198,0.00605182195065788,"Nb_vs_rest","Other species higher"
"sfxn4",195.210326079442,-4.93559970042974,1.70838710882195,0.00233214950992315,0.00605182195065788,"Nb_vs_rest","Other species higher"
"plaa",11.8051739023328,-4.90154175200461,1.69515820336909,0.00233218288151212,0.00605182195065788,"Nb_vs_rest","Other species higher"
"cyth1b",8.06312071505026,-4.88758964706826,1.68986291956981,0.00233360230261457,0.00605204627067412,"Nb_vs_rest","Other species higher"
"iffo2b",6.90567123749104,-5.05402271801238,1.75532123752173,0.00233943646160012,0.00606520564118551,"Nb_vs_rest","Other species higher"
"glra2",9.13637066147362,3.03695515217861,1.01597380860459,0.00234094005498166,0.00606713271801028,"Nb_vs_rest","Nb higher"
"golga5",6.69078685828357,-5.0336574646246,1.7475767914584,0.0023425565559099,0.00606935107667566,"Nb_vs_rest","Other species higher"
"pdlim1",9.76177740516004,-5.23687704811055,1.82832674652545,0.00234430977035683,0.00607192209264767,"Nb_vs_rest","Other species higher"
"prkag1",4.64031105338122,-5.05502799696197,1.75635838484321,0.00234707759351649,0.00607711849327112,"Nb_vs_rest","Other species higher"
"mnta",4.68356265013335,-4.9827264599068,1.72807613986683,0.0023481235547449,0.00607785467624532,"Nb_vs_rest","Other species higher"
"flt4",32.9601306842491,-5.01741950807282,1.741803540334,0.00234978549284244,0.00608018425190749,"Nb_vs_rest","Other species higher"
"KIF21A",6.25469184753009,-5.26600614982824,1.84084615898193,0.00235365620729976,0.00608822578095691,"Nb_vs_rest","Other species higher"
"TRAPPC5",5.06805096563296,-5.10842153472337,1.77806475374127,0.00235453457846099,0.00608852428260489,"Nb_vs_rest","Other species higher"
"rprd1b",54.094323372036,-5.29221418389571,1.85195826316267,0.00235992096446197,0.00609893727332706,"Nb_vs_rest","Other species higher"
"azi2",5.43134530899174,3.82705028719703,1.29623404265718,0.00236009001253558,0.00609893727332706,"Nb_vs_rest","Nb higher"
"ca16b",6.47560985467866,-5.36150955605761,1.88069132392905,0.00236743012493589,0.00611394575954317,"Nb_vs_rest","Other species higher"
"grip2a",6.85878805090671,-5.25383818798884,1.83714139128817,0.00236702809998346,0.00611394575954317,"Nb_vs_rest","Other species higher"
"atp6v1ba",10.873630453866,-4.840806882547,1.67491277178785,0.00237353993022509,0.0061277413921696,"Nb_vs_rest","Other species higher"
"mib1",6.65170209627398,-5.19276539845741,1.81358714217092,0.00237756612403169,0.0061361506047131,"Nb_vs_rest","Other species higher"
"snap91b",8.87058196115274,-5.19222472567462,1.81354154711749,0.00237953661924387,0.00613808670878126,"Nb_vs_rest","Other species higher"
"fzd5",5.26180081325089,-5.17456005436322,1.80651448320945,0.0023798546712994,0.00613808670878126,"Nb_vs_rest","Other species higher"
"UTS2R",13.6439359609892,-5.75210471001328,2.04442328936712,0.00238072610156278,0.00613835033617802,"Nb_vs_rest","Other species higher"
"ifih1",8.93547136330161,-5.14555931964238,1.79562064671295,0.00238761424062407,0.00615412197680236,"Nb_vs_rest","Other species higher"
"ZSWIM6",6.04478880106117,-5.16168819131862,1.80224996050872,0.00238999755446408,0.00615827590720805,"Nb_vs_rest","Other species higher"
"nim1k",7.44398624720795,-5.41536374142323,1.9048244325746,0.00239103499164596,0.00615896037228366,"Nb_vs_rest","Other species higher"
"DMXL1",6.46264656847504,-5.1918151252552,1.8145843356867,0.00239351377114232,0.00616335588696862,"Nb_vs_rest","Other species higher"
"bcap31",14.9627496990123,-5.00910523197951,1.74231640200578,0.00239571746630422,0.00616704044551861,"Nb_vs_rest","Other species higher"
"tnika",6.63186635915862,-5.30355504515458,1.86069183121164,0.00240648905459302,0.00619077455050042,"Nb_vs_rest","Other species higher"
"sh3glb1a",190.100864682013,-5.056847375415,1.76198209276184,0.00240604453613394,0.00619077455050042,"Nb_vs_rest","Other species higher"
"USP34",6.6388949305519,-5.2189242502355,1.82693722563009,0.00241075329782354,0.00619774849118294,"Nb_vs_rest","Other species higher"
"ss18l2",162.552628254564,-5.11173190068469,1.78406103601128,0.00241003413790312,0.00619774849118294,"Nb_vs_rest","Other species higher"
"ddit4",40.564240440725,-5.06833192128817,1.76706320630567,0.00241257644355363,0.00620043800951948,"Nb_vs_rest","Other species higher"
"phyhd1",6.2991796128044,-4.93024096399462,1.71308759263938,0.0024166827489691,0.00620899173753168,"Nb_vs_rest","Other species higher"
"asb6",5.63281586381807,-5.17829821732695,1.81134790567958,0.00241885803386627,0.00621258033802795,"Nb_vs_rest","Other species higher"
"csnk1e",7.24579120525263,-4.91745901053993,1.70842395102465,0.00242085712189638,0.00621571423189612,"Nb_vs_rest","Other species higher"
"nadsyn1",4.41619185898237,-4.83687993277847,1.67732122030506,0.00242417081258347,0.00622222035523193,"Nb_vs_rest","Other species higher"
"si:zfos-943e10.1",5.02562987940674,-4.97533965563831,1.73153135241239,0.00242640682939525,0.00622395580153459,"Nb_vs_rest","Other species higher"
"unk",348.465040904063,-2.47878552888927,0.827117983243588,0.00242591817021929,0.00622395580153459,"Nb_vs_rest","Other species higher"
"trim3a",11.7460600204479,-5.0486524902244,1.76051053472708,0.00242755018335604,0.00622488768097084,"Nb_vs_rest","Other species higher"
"lrrfip2",15.1367071236342,2.94909360188421,0.989499438988374,0.00243452855800605,0.00624077670828406,"Nb_vs_rest","Nb higher"
"si:ch211-79k12.1",25.9706137757013,-5.48675115697231,1.93942615498764,0.00244732274306993,0.00627155924524664,"Nb_vs_rest","Other species higher"
"si:ch211-160o17.4",4.86446866726835,-4.9403526396185,1.71970202308245,0.00245028228266957,0.00627712764549057,"Nb_vs_rest","Other species higher"
"pick1",5.10378127273145,-5.03519740194434,1.75738745699531,0.00245455238542889,0.00628604879195204,"Nb_vs_rest","Other species higher"
"ompa",6.05069894454617,-5.31218541152145,1.86898830922689,0.00246086512418567,0.00629863668264307,"Nb_vs_rest","Other species higher"
"otx1",6.0343117878156,-5.05863044056716,1.76719445187629,0.00246104626271693,0.00629863668264307,"Nb_vs_rest","Other species higher"
"clta",11.652030410872,-5.04998012359128,1.76483310936253,0.00247422638552698,0.00633033874847879,"Nb_vs_rest","Other species higher"
"mapk8ip3",139.397904588071,-2.4351006107739,0.814136324858798,0.00248331570044033,0.00635155746458777,"Nb_vs_rest","Other species higher"
"kif1ab",6.16886154074333,-5.09862397469605,1.78515630583391,0.00248631592899385,0.00635719356404066,"Nb_vs_rest","Other species higher"
"dbi",7.83077392938017,-4.99861455619591,1.7457652350233,0.00248997032053947,0.00636275389125903,"Nb_vs_rest","Other species higher"
"emc1",5.03614865620436,-4.84560600866164,1.68575086393504,0.00249008526345889,0.00636275389125903,"Nb_vs_rest","Other species higher"
"spag9a",5.46315375772791,-4.84235338275219,1.68482659199488,0.00249461452567179,0.00637228678452653,"Nb_vs_rest","Other species higher"
"si:dkey-194e6.1",8.86629823834943,-5.32157522310111,1.87590796494955,0.00249629367734389,0.00637453553446536,"Nb_vs_rest","Other species higher"
"zte38",122.58852101259,-2.44376556412099,0.817806944534295,0.00250430673234119,0.00639295192708979,"Nb_vs_rest","Other species higher"
"henmt1",201.804288838803,-5.10106436678881,1.78781092175789,0.00250693065204916,0.00639712035042308,"Nb_vs_rest","Other species higher"
"ola1",8.16512343270863,-4.84888562227124,1.68835094526395,0.00250754291430118,0.00639712035042308,"Nb_vs_rest","Other species higher"
"BICD2",5.39840274570554,-5.24945894718639,1.84767277316694,0.00250900763646408,0.00639881142185471,"Nb_vs_rest","Other species higher"
"add3a",4.69096250492819,-5.01660841510738,1.7544866596069,0.00251019368639178,0.00639979093207871,"Nb_vs_rest","Other species higher"
"per3",10.971895165463,-4.83098272877517,1.68180805550602,0.00251335458711198,0.00640580313163642,"Nb_vs_rest","Other species higher"
"foxo3b",7.67974554177765,-4.76041778291333,1.65445389646021,0.00251417963756367,0.00640585999609133,"Nb_vs_rest","Other species higher"
"pde4d",6.02604778008126,-5.09891558369444,1.78814162773637,0.00252157827354604,0.00642129290653147,"Nb_vs_rest","Other species higher"
"rasgef1bb",73.5787019382156,-5.01406608650002,1.75440152955018,0.00252184611141223,0.00642129290653147,"Nb_vs_rest","Other species higher"
"ndrg3a",8.30672080899742,-4.76214443433451,1.65592234854205,0.00252507048184863,0.00642745213561468,"Nb_vs_rest","Other species higher"
"stoml2",4.93675024608373,-4.92905576969605,1.7213108169016,0.0025279221135197,0.00643265894958138,"Nb_vs_rest","Other species higher"
"nsfl1c",5.39888860262996,-5.15497465817484,1.8113134435345,0.00253025710009551,0.00643654818577054,"Nb_vs_rest","Other species higher"
"mycn",5.95017088279084,-4.87431896046552,1.70011476344667,0.00253166581310356,0.00643807940999567,"Nb_vs_rest","Other species higher"
"tbc1d23",5.42771031322549,-5.24689480175395,1.84897602322843,0.00253670954930838,0.00644875301945556,"Nb_vs_rest","Other species higher"
"rac3b",4.47140795520821,-4.94390210722935,1.72789226636696,0.00253747925828201,0.00644875301945556,"Nb_vs_rest","Other species higher"
"aldh6a1",5.92907301978663,3.94240484312704,1.34868662078515,0.00254341251051107,0.00646177390445028,"Nb_vs_rest","Nb higher"
"rnft1",72.773944704038,-5.12555462814408,1.80080072458596,0.00254619256468798,0.00646677806053791,"Nb_vs_rest","Other species higher"
"slc25a36b",4.31701035955305,-4.9600643346163,1.73511773866507,0.0025484864366788,0.00647054462764775,"Nb_vs_rest","Other species higher"
"zbtb7b",5.3055134472486,-5.13913295696292,1.80731970920063,0.00255933767808017,0.0064923453500792,"Nb_vs_rest","Other species higher"
"fam102bb",53.2917566806135,-5.03616121077958,1.76605724942946,0.00255837448138863,0.0064923453500792,"Nb_vs_rest","Other species higher"
"gpatch8",201.952860070578,2.0103286901505,0.671687660220407,0.0025595135929009,0.0064923453500792,"Nb_vs_rest","Nb higher"
"trip10a",8.06717549161758,-4.80465812151852,1.67549872861176,0.00256660420938096,0.00650619491450447,"Nb_vs_rest","Other species higher"
"uqcc1",15.8943920651173,2.72330229857828,0.916332682910288,0.00256650373356662,0.00650619491450447,"Nb_vs_rest","Nb higher"
"ccdc12",15.9746799476578,-5.48034037639797,1.94771156343132,0.00256756063462852,0.00650655251328535,"Nb_vs_rest","Other species higher"
"mtor",9.52340094859973,-4.85442316857209,1.69509591645779,0.00256861354476425,0.00650715431340277,"Nb_vs_rest","Other species higher"
"steap4",5.06849175727205,-5.1495466179604,1.81271266285089,0.00257416493456449,0.00651914826335279,"Nb_vs_rest","Other species higher"
"r3hdm4",5.08957169341519,-4.94977795354083,1.73313526466142,0.00257558004813419,0.00652066268531434,"Nb_vs_rest","Other species higher"
"znf609b",4.3248709771417,-4.96899420019985,1.74101314210276,0.00257918937901817,0.00652565987462428,"Nb_vs_rest","Other species higher"
"psmd12",10.1106723135206,-4.77497940169333,1.66481358068765,0.00257862473018416,0.00652565987462428,"Nb_vs_rest","Other species higher"
"ncoa2",5.60574920676143,-5.12316710878266,1.80285334462741,0.00258351846531936,0.00653454115792346,"Nb_vs_rest","Other species higher"
"PPFIA1",6.02155454953857,-5.11503421896934,1.79995736311464,0.00258816230773822,0.00654421267926204,"Nb_vs_rest","Other species higher"
"tada3l",8.53197814114809,2.91805860303801,0.985134378150931,0.00259280782434345,0.00655388230543577,"Nb_vs_rest","Nb higher"
"cdc27",10.6588077574104,-5.13049139820745,1.80711430493093,0.0025999139628104,0.00656976359190214,"Nb_vs_rest","Other species higher"
"pym1",7.17003534006457,-4.96799908614818,1.74232026704316,0.00260141168370475,0.00657146731116299,"Nb_vs_rest","Other species higher"
"pde8a",4.44917738453239,-5.01120467087221,1.75968754243651,0.00260406636234095,0.00657609163654455,"Nb_vs_rest","Other species higher"
"snrpg",6.97077098034386,-5.12637454594988,1.8061635527752,0.00260875399777073,0.00658584527118331,"Nb_vs_rest","Other species higher"
"tmem131",7.78513329629986,-5.06846598233647,1.78352215532491,0.00261652922591364,0.00660338495344429,"Nb_vs_rest","Other species higher"
"SMAP1",7.40986748894251,-5.27907534031713,1.86953996386638,0.00262566177154752,0.00662015195480228,"Nb_vs_rest","Other species higher"
"slc16a5a",6.48648160355744,-4.98784760129951,1.75195756019587,0.0026244237315588,0.00662015195480228,"Nb_vs_rest","Other species higher"
"GCDH",9.48636612126556,-4.73656351547012,1.65323259434371,0.00262557110155297,0.00662015195480228,"Nb_vs_rest","Other species higher"
"mfn1b",9.01518946044586,-5.24518327042663,1.85585333211624,0.00262768128185048,0.00662231141972068,"Nb_vs_rest","Other species higher"
"serinc4",8.48780249316431,-5.24139005754117,1.85434664640249,0.00262817797822749,0.00662231141972068,"Nb_vs_rest","Other species higher"
"klhl40a",10.0302533426053,-5.06700625712363,1.78392416350993,0.00262915301024486,0.00662267709020012,"Nb_vs_rest","Other species higher"
"snx30",316.511396510535,-5.3155213024916,1.8850130459168,0.00263185327029688,0.00662738690342982,"Nb_vs_rest","Other species higher"
"actr6",6.09014424262423,-5.02543467197289,1.76759566848042,0.00263304133777304,0.00662828702694917,"Nb_vs_rest","Other species higher"
"kat2b",18.2096618906173,-4.89307467842424,1.71520350572503,0.00263481365848143,0.00663065688889366,"Nb_vs_rest","Other species higher"
"pip5k1ca",4.68704930141954,-4.96481080877588,1.74367312850039,0.0026358735511358,0.00663123295651442,"Nb_vs_rest","Other species higher"
"rab18b",9.94854621900705,-4.88064125808271,1.71060163633012,0.00263888169140988,0.00663670844546197,"Nb_vs_rest","Other species higher"
"dglucy",7.11374685084003,3.43535599470473,1.17014730749392,0.00264030474585569,0.00663819529676383,"Nb_vs_rest","Nb higher"
"gdf6a",6.01704825325552,-5.11439271609616,1.80392496470755,0.00264136353410605,0.00663876566997363,"Nb_vs_rest","Other species higher"
"scfd1",13.2917878109793,-5.00311771675644,1.75947212723886,0.00264321972002678,0.0066413392209741,"Nb_vs_rest","Other species higher"
"sec13",8.03597754872747,-5.34297064465096,1.89752248672798,0.0026461068065331,0.0066447436663555,"Nb_vs_rest","Other species higher"
"GID4",6.51261439347191,-5.12601984781259,1.80899852601136,0.00264624002151351,0.0066447436663555,"Nb_vs_rest","Other species higher"
"emilin2a",9.87033370680331,-5.40522668973073,1.92365686740662,0.00265009083971242,0.00665231988075027,"Nb_vs_rest","Other species higher"
"ube2na",7.86952775613223,-4.84065526682554,1.69578667633852,0.00265148110083457,0.0066537167247358,"Nb_vs_rest","Other species higher"
"ehhadh",10.7369861917334,-4.89151691174995,1.71621584622007,0.00265685739675891,0.00666511223707517,"Nb_vs_rest","Other species higher"
"dnpep",12.0966498066651,-5.1017201678161,1.80034201927465,0.00266075164752942,0.00667278383007063,"Nb_vs_rest","Other species higher"
"pxmp2",22.0052800712505,-5.1747708218391,1.82998046511479,0.00266199698198766,0.00667365081418507,"Nb_vs_rest","Other species higher"
"prkar1ab",20.8251561891067,-4.90582890053419,1.72230774265729,0.00266276994891795,0.00667365081418507,"Nb_vs_rest","Other species higher"
"tspan9a",6.22871306709236,-4.82485657260967,1.6918028233928,0.00268233085772255,0.00672056522594221,"Nb_vs_rest","Other species higher"
"pcnx1",5.22112171702095,-5.1303160988094,1.81391022709906,0.00268658119331007,0.00672910167062599,"Nb_vs_rest","Other species higher"
"SH3RF3",6.32032059779628,-4.96161518970309,1.74655243797701,0.00269117789362562,0.00673850002859507,"Nb_vs_rest","Other species higher"
"eml3",7.44172020807109,-5.08316255167702,1.7955224530404,0.00269496404918918,0.00674583433322193,"Nb_vs_rest","Other species higher"
"podn",8.00151049003924,-4.92554034181742,1.73255248629016,0.00269579770534395,0.00674583433322193,"Nb_vs_rest","Other species higher"
"pdgfbb",14.1885840057628,-5.17400021679863,1.83285088097256,0.00270204275888713,0.00675934207395588,"Nb_vs_rest","Other species higher"
"tpra",69.6980325899512,-4.73653620772293,1.65896091513761,0.00270738966354026,0.00677059527265788,"Nb_vs_rest","Other species higher"
"ssbp4",4.76100578749818,-5.06304845704752,1.78846031469421,0.00270847654819043,0.00677119137047608,"Nb_vs_rest","Other species higher"
"jmjd4",382.326403804369,-2.13826837410475,0.719445118632204,0.00271172370958285,0.00677718609535582,"Nb_vs_rest","Other species higher"
"OGDH",9.17254623546914,-4.82483206114378,1.69413110158866,0.00271506857400449,0.00678342117111955,"Nb_vs_rest","Other species higher"
"ptp4a1",31.3667001648444,-5.18227794548095,1.83776750721616,0.00272160864930983,0.00679763287057667,"Nb_vs_rest","Other species higher"
"rilp",4.30847462204369,-4.98413949256246,1.75814653177832,0.00272621428656169,0.00680700563415592,"Nb_vs_rest","Other species higher"
"nrp2a",7.81526289911935,-5.27908233505348,1.87874079135233,0.0027378072100347,0.00683381343011476,"Nb_vs_rest","Other species higher"
"cdc14ab",4.69557441052095,-5.07026803455237,1.79383674449294,0.00274085239977046,0.00683927521893942,"Nb_vs_rest","Other species higher"
"smarcc2",5.54127238870271,-5.00084323686542,1.7664362305046,0.00274777156327934,0.00685439733509506,"Nb_vs_rest","Other species higher"
"zmiz1b",5.38375954051826,-4.821239984048,1.69563070909661,0.00275628782530167,0.00687349276434603,"Nb_vs_rest","Other species higher"
"nkain1",7.01213663413717,-5.1738213146796,1.83758351051434,0.00276324574830965,0.00688869136879445,"Nb_vs_rest","Other species higher"
"acbd6",4.26861500831156,-4.97922065169081,1.75925192916407,0.00276779586807566,0.0068978797711567,"Nb_vs_rest","Other species higher"
"ncbp3",7.67826966439978,-4.78009131162406,1.68032004361089,0.0027691798847921,0.00689917436173616,"Nb_vs_rest","Other species higher"
"tsg101a",9.03954553810198,-4.787214235436,1.6833592141912,0.00277258518244351,0.00690550242069263,"Nb_vs_rest","Other species higher"
"itcha",4.3476518789837,-5.07498829000893,1.7984003083234,0.00277593705304171,0.00691169350492131,"Nb_vs_rest","Other species higher"
"si:dkey-222b8.1",51.7752861410891,-4.93930682462261,1.74403681065512,0.00277800778040203,0.00691469185514916,"Nb_vs_rest","Other species higher"
"btbd3a",4.46451720911397,-5.00156934230494,1.76952097495551,0.00278552063377755,0.00693068503053962,"Nb_vs_rest","Other species higher"
"eapp",4.98253262178816,-4.96041019834848,1.75306483319377,0.00278617012255277,0.00693068503053962,"Nb_vs_rest","Other species higher"
"pkd1a",5.93288527498883,-5.15066040059292,1.83000014865288,0.00278734314156267,0.00693144227786542,"Nb_vs_rest","Other species higher"
"scg5",5.71166674167171,-4.99553662075156,1.76756639667086,0.00279189443014786,0.00694059736840496,"Nb_vs_rest","Other species higher"
"zgc:158328",34.9548022779058,-4.97021560700627,1.75759167618502,0.00279441202388149,0.00694469260372914,"Nb_vs_rest","Other species higher"
"ccn2a",31.7276959651254,-5.15749703931053,1.83343320643061,0.00279570280371443,0.00694573735169401,"Nb_vs_rest","Other species higher"
"ogdhl",5.68696216124175,-5.05488761785746,1.79267693407423,0.00280802337509891,0.00697417570286004,"Nb_vs_rest","Other species higher"
"UBA6",14.6454211894021,-4.99781051115227,1.76983397990117,0.00281036333344797,0.00697564522578999,"Nb_vs_rest","Other species higher"
"itga6a",4.73633223254182,4.87925272405476,1.72239213025706,0.00280994124627047,0.00697564522578999,"Nb_vs_rest","Nb higher"
"rpl36a",189.23388996428,-2.22883473987642,0.753453710343284,0.00281566434630367,0.00698662981452217,"Nb_vs_rest","Other species higher"
"tmem50a",234.149338015397,2.53828376845745,0.860707730995605,0.002817389598937,0.00698873764361742,"Nb_vs_rest","Nb higher"
"aqp10b",30.8528401878909,-4.79631355513031,1.69051412804075,0.0028242498263938,0.00700357787900016,"Nb_vs_rest","Other species higher"
"sox10",15.3706362070572,-5.265484092281,1.88036829726237,0.00282847094604732,0.00701177541506309,"Nb_vs_rest","Other species higher"
"ints6l",4.31727074596572,-4.90769533546518,1.73509554791457,0.00282931288677984,0.00701177541506309,"Nb_vs_rest","Other species higher"
"sos1",10.2273672675464,-5.19271520834268,1.85091466455325,0.00283543445966087,0.00702476466566089,"Nb_vs_rest","Other species higher"
"atxn2",6.96098634464574,-5.17199039921626,1.84294227807435,0.00284235807003381,0.00703973227773738,"Nb_vs_rest","Other species higher"
"usp2b",6.66134837918585,-5.10594521360918,1.81602907605268,0.00284329296631857,0.00703986282073291,"Nb_vs_rest","Other species higher"
"klhl36",22.6247802935168,-5.03971860384314,1.78945782442973,0.0028474631844346,0.00704713295461073,"Nb_vs_rest","Other species higher"
"bfsp2",13.145938881419,2.80331386981389,0.954472056516397,0.0028479954609799,0.00704713295461073,"Nb_vs_rest","Nb higher"
"sdf2",5.31761387307725,-4.85879957636714,1.71700607710088,0.00284915230054223,0.00704781009247583,"Nb_vs_rest","Other species higher"
"usp36",7.3852007086944,-5.41801604692913,1.94597388700635,0.00285214167259075,0.00705083350287304,"Nb_vs_rest","Other species higher"
"sypl1",6.83937499947816,-5.2811678769603,1.88870575158362,0.00285177769532643,0.00705083350287304,"Nb_vs_rest","Other species higher"
"nr2f1a",10.7296404184674,-5.00500702408382,1.77591584012944,0.00285405065445181,0.00705336767498466,"Nb_vs_rest","Other species higher"
"ndufa4l2a",10.6987589860632,-4.98460500604439,1.76781311872187,0.00285569743133108,0.00705525247740621,"Nb_vs_rest","Other species higher"
"dolk",7.09048691952063,3.84336756506502,1.32930576558003,0.00285999121298091,0.00706367374793798,"Nb_vs_rest","Nb higher"
"sall3a",9.89413365244631,-5.15554419892134,1.83778462308239,0.00286315344211592,0.00706710933129758,"Nb_vs_rest","Other species higher"
"tango6",7.11160049116211,2.93486847450945,1.00142212661792,0.00286305434270195,0.00706710933129758,"Nb_vs_rest","Nb higher"
"usp12a",5.72707675900225,-4.99436857413386,1.77271776071419,0.00286915632763602,0.00707973639286809,"Nb_vs_rest","Other species higher"
"sh3bgrl",19.4224639711371,-5.0225042625862,1.78419013823067,0.00287067344805031,0.00708129029843632,"Nb_vs_rest","Other species higher"
"rasl11b",6.6556241491278,-5.10260536901728,1.81679846042292,0.00287181352270479,0.00708191344597781,"Nb_vs_rest","Other species higher"
"EZH1",15.5102705605494,-5.04380084843902,1.79346162181206,0.00287956587446968,0.00709883709554158,"Nb_vs_rest","Other species higher"
"prpf18",7.83440239578906,-5.48443830216161,1.97700000122852,0.00288700032321548,0.00711496682497205,"Nb_vs_rest","Other species higher"
"slc20a1a",16.934885971179,-4.9548209733712,1.75830832484383,0.00289038658711498,0.00712111298708785,"Nb_vs_rest","Other species higher"
"zfand4",5.48157485278388,-4.92569710521214,1.74685287112152,0.00289383256050345,0.00712740241753627,"Nb_vs_rest","Other species higher"
"BET1L",16.2744431782253,-2.9786486912017,1.01827220516479,0.00289889415782169,0.00713766596094326,"Nb_vs_rest","Other species higher"
"entpd4",4.56864575220229,-4.77407438967788,1.68702913251956,0.00290250491722407,0.00714435201710305,"Nb_vs_rest","Other species higher"
"zgc:172122",10.9846215777908,-4.83076167562027,1.7097435269563,0.00290569770485449,0.00715000545320347,"Nb_vs_rest","Other species higher"
"gtf2h4",35.3638108219537,-4.96564567916592,1.76407178686849,0.00291021607677328,0.0071589162431106,"Nb_vs_rest","Other species higher"
"ndufs4",7.85284930729813,-4.9904790301523,1.77427392890221,0.0029127593015597,0.00716296432247963,"Nb_vs_rest","Other species higher"
"ankrd54",4.59037666738172,-4.79675757765747,1.69685539419641,0.00291493964848683,0.00716611780496762,"Nb_vs_rest","Other species higher"
"yipf2",4.18867920772271,-5.01014777966578,1.78343393029364,0.00292959333195995,0.00719992448076391,"Nb_vs_rest","Other species higher"
"proser1",17.6822061364529,-4.65683526989391,1.64276558245419,0.00293217383313014,0.00720404777967318,"Nb_vs_rest","Other species higher"
"txnrd3",11.9368960280806,-4.95344575214324,1.76103648625783,0.00293692306138136,0.00721349523848054,"Nb_vs_rest","Other species higher"
"epn1",8.46289405014261,-4.82874338319114,1.71128303865177,0.00294024849746485,0.00721944092608292,"Nb_vs_rest","Other species higher"
"lhpp",5.40854549409787,-5.0894333050834,1.81662022243279,0.00294237349900171,0.00722243633406142,"Nb_vs_rest","Other species higher"
"zgc:64106",5.8465309447759,-5.26789528706197,1.89051800156653,0.00294593507563668,0.00722895507490182,"Nb_vs_rest","Other species higher"
"znf292b",5.99585419536208,-5.06037952833362,1.80524663721783,0.00294905706594417,0.00723439144981077,"Nb_vs_rest","Other species higher"
"ap1b1",5.47103292443277,-5.0276536788147,1.79290643728901,0.00296275661959704,0.00726353235772177,"Nb_vs_rest","Other species higher"
"rgs19",5.20589905953675,-4.85328153412117,1.72257485204367,0.00296236970253112,0.00726353235772177,"Nb_vs_rest","Other species higher"
"amph",7.22899376131616,-5.17274443095578,1.85320284859617,0.00297439999883996,0.00728759962872056,"Nb_vs_rest","Other species higher"
"atad2b",5.04618236739551,-4.9218696149357,1.75091382812357,0.00297431616910414,0.00728759962872056,"Nb_vs_rest","Other species higher"
"tmed8",5.94644772822431,-5.07420304960338,1.81319286201246,0.00298098857647084,0.0073015005648365,"Nb_vs_rest","Other species higher"
"arf5",13.2982361400608,-5.18722386411839,1.86092155978383,0.00299771313878038,0.00734021198142602,"Nb_vs_rest","Other species higher"
"abhd14a",6.278647495447,-5.08441836467778,1.81872200387276,0.002999717895042,0.00734286773080834,"Nb_vs_rest","Other species higher"
"cybrd1",8.28010359824341,-5.33317130810384,1.92234746259676,0.00300411191048809,0.00735136861260195,"Nb_vs_rest","Other species higher"
"ddx43",7.7214876915564,-5.05932223802646,1.8089475146348,0.0030066546132705,0.00735533532001795,"Nb_vs_rest","Other species higher"
"gbf1",4.45142890006309,-5.06572050678807,1.81176324954866,0.00300944309152842,0.00735990066515378,"Nb_vs_rest","Other species higher"
"eef2kmt",50.6590614196372,-4.92082844789531,1.7534124905161,0.00301687235677051,0.00737580925460437,"Nb_vs_rest","Other species higher"
"ddx31",24.5905351797211,-4.87534941076198,1.73517265945023,0.00301795068593842,0.00737618575001182,"Nb_vs_rest","Other species higher"
"ARF1",100.22022809754,2.44121992144526,0.833099872672007,0.00302146440465843,0.0073825125380203,"Nb_vs_rest","Nb higher"
"dhx36",22.1977038353135,-4.88059078297484,1.73761051996024,0.00302286677262408,0.00738367825085404,"Nb_vs_rest","Other species higher"
"mindy4b",24.8427870896649,-5.3391783576605,1.92675734438603,0.00302839820371073,0.0073928080612374,"Nb_vs_rest","Other species higher"
"dvl2",9.40271090858074,-5.20285765151456,1.86968627681833,0.00302845733736655,0.0073928080612374,"Nb_vs_rest","Other species higher"
"ctbs",6.11435631301783,-5.23201754429408,1.88209133866809,0.00303206264842415,0.00739819051667712,"Nb_vs_rest","Other species higher"
"uqcrq",5.020878074589,-5.09796669389683,1.82670388987834,0.00303344353014631,0.00739819051667712,"Nb_vs_rest","Other species higher"
"akr1b1.2",8.30509677976842,-4.84804668543622,1.72520493904637,0.00303279072482981,0.00739819051667712,"Nb_vs_rest","Other species higher"
"dram2b",5.27661842477312,-5.07341969569789,1.81675495268291,0.00303523770654236,0.00740030458240393,"Nb_vs_rest","Other species higher"
"pard3ab",23.6274165702931,-4.86970962251356,1.73440271410953,0.00304026156141953,0.00741028932807814,"Nb_vs_rest","Other species higher"
"nt5c2b",5.20118743106108,-5.1252418150386,1.83858178267284,0.00304246167433937,0.00741112459133948,"Nb_vs_rest","Other species higher"
"smc1al",11.0600865575597,-4.84612379326846,1.72507119337613,0.00304238470513814,0.00741112459133948,"Nb_vs_rest","Other species higher"
"si:dkey-222f8.3",7.56196461174547,-5.35924776421902,1.93692468124441,0.00305019809923866,0.00742568452307833,"Nb_vs_rest","Other species higher"
"cinp",359.136976325801,1.93720151868235,0.658767243030517,0.00305029998328957,0.00742568452307833,"Nb_vs_rest","Nb higher"
"mfsd4b",5.01410616274307,-4.94194697634437,1.76510363194739,0.00306312561010001,0.00745463323226534,"Nb_vs_rest","Other species higher"
"tdrd3",5.5043344857902,-4.84218006550934,1.72545396089444,0.00307211593558818,0.00747423328231515,"Nb_vs_rest","Other species higher"
"pappaa",6.98252508322379,-5.1428683481284,1.84818952942672,0.00307472297692196,0.00747601747587973,"Nb_vs_rest","Other species higher"
"si:ch211-246m6.4",15.5493140114265,2.86740582305022,0.985058066684463,0.00307411874449653,0.00747601747587973,"Nb_vs_rest","Nb higher"
"themis2",46.4859524051262,-4.99782687764051,1.7887637376405,0.00307690668814137,0.00747904823983191,"Nb_vs_rest","Other species higher"
"s100a10a",9.09705833354449,-5.04616905376745,1.80896344427435,0.00308318534645457,0.00749202772981348,"Nb_vs_rest","Other species higher"
"ubr3",9.76478385023785,-5.00493423277729,1.79333778545623,0.00310121009838884,0.00752990237438754,"Nb_vs_rest","Other species higher"
"RBPMS",9.44854301350911,-4.95589307069714,1.77336793830076,0.00310148264534856,0.00752990237438754,"Nb_vs_rest","Other species higher"
"fpgs",12.9530313924907,-4.77697343399119,1.70123957876475,0.0031016026446882,0.00752990237438754,"Nb_vs_rest","Other species higher"
"otol1b",98.1536321802463,-5.13093101882389,1.84548194108323,0.00310588588711487,0.00753463219719933,"Nb_vs_rest","Other species higher"
"sclt1",9.67520396145832,-4.89814778287153,1.75021422604113,0.00310539760936355,0.00753463219719933,"Nb_vs_rest","Other species higher"
"dipk2ab",6.82698202854123,-4.77191465112088,1.6995839897534,0.00310732763922093,0.00753463219719933,"Nb_vs_rest","Other species higher"
"vps29",345.117656661677,-2.24758314676629,0.767844936657134,0.00310676985072479,0.00753463219719933,"Nb_vs_rest","Other species higher"
"tcf3a",5.41053979128681,-5.23626388890386,1.88963240326156,0.00310987323377881,0.0075385140964626,"Nb_vs_rest","Other species higher"
"chmp5b",138.416143004888,2.02413828592735,0.69024909330782,0.00311089942666747,0.00753871163826492,"Nb_vs_rest","Nb higher"
"retreg2",7.9308847568896,-4.76395381537936,1.69718689487835,0.00311962494106449,0.00755756133263346,"Nb_vs_rest","Other species higher"
"ppp1r2",5.91330954393044,-5.14195720760804,1.85119794858884,0.00312196330918371,0.00755863689541445,"Nb_vs_rest","Other species higher"
"tnrc6c1",4.94476255398041,-4.84993420229271,1.73184226119032,0.00312194397796682,0.00755863689541445,"Nb_vs_rest","Other species higher"
"tmed2",10.6972893914534,-5.04988539330565,1.81368212581247,0.00312909431181024,0.00757360406680185,"Nb_vs_rest","Other species higher"
"foxh1",12.9668306624733,-5.12652169564123,1.84566604068986,0.00313417919450693,0.00758289312024257,"Nb_vs_rest","Other species higher"
"sv2",90.5453903710738,-4.94773907033872,1.77233036084518,0.00313529760789728,0.00758289312024257,"Nb_vs_rest","Other species higher"
"bhlhe41",8.70472717767151,-4.66615024771679,1.65925683683065,0.00313578286927324,0.00758289312024257,"Nb_vs_rest","Other species higher"
"capn1b",98.5649266960515,-2.66892971373399,0.91688796841266,0.00314246462525625,0.00759674877599056,"Nb_vs_rest","Other species higher"
"sox17",7.57999475029686,-5.15042114942081,1.85655600707987,0.00314784245563309,0.00760514162759676,"Nb_vs_rest","Other species higher"
"golga7",12.4675027737897,-5.05604706777227,1.8174726371599,0.00314724575263224,0.00760514162759676,"Nb_vs_rest","Other species higher"
"mif",6.81279938207948,-5.08899273325295,1.83156692584488,0.00315454342426646,0.00761902437216899,"Nb_vs_rest","Other species higher"
"tgm2b",27.8902292904822,-4.88686783887008,1.74937652159602,0.00316187539504205,0.00763442228515449,"Nb_vs_rest","Other species higher"
"cnpy3",9.4643309636742,-4.694982412469,1.67248224654562,0.00316441605971707,0.00763824566138603,"Nb_vs_rest","Other species higher"
"eif4g2b",8.71505320377014,-4.63812012142722,1.64996483732189,0.00316552060318626,0.00763860127409324,"Nb_vs_rest","Other species higher"
"rfc5",20.4590551804591,2.46910976214773,0.847433787562467,0.0031784424164415,0.0076674638703758,"Nb_vs_rest","Nb higher"
"ace",6.74271744742011,-5.03833806434701,1.81326702032813,0.0031922085151345,0.00769601932047533,"Nb_vs_rest","Other species higher"
"arl8ba",5.41503136769838,-4.78292982813473,1.7093704698305,0.00319183639651135,0.00769601932047533,"Nb_vs_rest","Other species higher"
"cadpsb",6.73968540572919,-5.17890571267982,1.87241415434329,0.00320388119505319,0.00772182782740091,"Nb_vs_rest","Other species higher"
"glg1b",5.85834162557145,-4.93248538846903,1.77087943038008,0.0032069861881056,0.0077269775909066,"Nb_vs_rest","Other species higher"
"znhit1",7.93184242562499,2.94955693098906,1.01902857560736,0.00320807046639369,0.00772725696402706,"Nb_vs_rest","Nb higher"
"pnrc2",9.1247865713167,-4.91526654409691,1.76405409381433,0.00320989588672144,0.00772932081352959,"Nb_vs_rest","Other species higher"
"ykt6",5.17966865008043,-5.08166581199877,1.83253503499335,0.00321230542075052,0.00773278951963473,"Nb_vs_rest","Other species higher"
"pigf",86.4449085426015,-4.63549611377291,1.65186127961488,0.00321412658133904,0.00773484020479057,"Nb_vs_rest","Other species higher"
"ttc38",5.47587699420691,-5.0669261053206,1.82670151932132,0.00321618517536826,0.00773746086808523,"Nb_vs_rest","Other species higher"
"hspa4a",4.6507424648007,-5.03524553774581,1.81413274927484,0.00322373300791484,0.00775328191776987,"Nb_vs_rest","Other species higher"
"DDX39A",15.2511395964342,-4.93826128725135,1.77485532750868,0.00323162164880985,0.0077699128525166,"Nb_vs_rest","Other species higher"
"lclat1",28.6643425677628,-4.79457832455276,1.71670142335829,0.00323382968254354,0.00777287977912573,"Nb_vs_rest","Other species higher"
"cdk5r2b",8.41934420404652,-5.49933312893973,2.01147825847617,0.00323615798284568,0.00777399186862654,"Nb_vs_rest","Other species higher"
"si:ch211-256m1.8",10.3947229891125,-5.31328709578518,1.93143068785991,0.00323624072526032,0.00777399186862654,"Nb_vs_rest","Other species higher"
"cdipt",14.4658924301419,-5.04903439461688,1.82086748734125,0.0032391417194383,0.00777861899522047,"Nb_vs_rest","Other species higher"
"vdac1",9.06216922249747,-4.71961417708263,1.68702735103831,0.00324092448376238,0.00778055877870752,"Nb_vs_rest","Other species higher"
"ormdl2",46.7248972306492,-4.61292366302979,1.64457625656828,0.00324215403176163,0.00778116967622791,"Nb_vs_rest","Other species higher"
"slc25a20",5.95554606325261,-4.92782471059343,1.77171166736871,0.00324874283779719,0.00779229571554601,"Nb_vs_rest","Other species higher"
"zcrb1",28.1206880067526,-4.91539565257734,1.76663430980178,0.00324867955648571,0.00779229571554601,"Nb_vs_rest","Other species higher"
"taok1b",5.84110381431999,-5.26532016774718,1.91259991869596,0.00325727597883693,0.00780338106007766,"Nb_vs_rest","Other species higher"
"pde3a",6.22206410254813,-4.93900804482177,1.77681797322314,0.00325695163885845,0.00780338106007766,"Nb_vs_rest","Other species higher"
"gpm6aa",6.04589530192802,-4.85627969440546,1.74297697834809,0.0032547859801088,0.00780338106007766,"Nb_vs_rest","Other species higher"
"trmt2a",72.6011412260531,-4.72316082841442,1.68939238527233,0.00325634030479808,0.00780338106007766,"Nb_vs_rest","Other species higher"
"celf2",4.74109089673896,-5.11956465078895,1.85152579710303,0.0032594841635816,0.00780632761866182,"Nb_vs_rest","Other species higher"
"NASP",7.58485288029925,-4.83989925626665,1.7367106949272,0.00326070212281126,0.00780690157216737,"Nb_vs_rest","Other species higher"
"tubgcp2",9.24493684362375,-4.90830760631078,1.76518182322148,0.00327092577326619,0.00782668295971939,"Nb_vs_rest","Other species higher"
"wdr81",5.9628468187151,-4.90123020860518,1.76229454768126,0.00327092388368238,0.00782668295971939,"Nb_vs_rest","Other species higher"
"TTC28",6.41301261954866,-5.16301670350069,1.87096694118813,0.00327799626112941,0.00784125004910453,"Nb_vs_rest","Other species higher"
"tm4sf5",8.46932163093605,-5.05556911851866,1.8266017761075,0.0032840439029081,0.00785336240491659,"Nb_vs_rest","Other species higher"
"nab2",7.47984615957909,-4.83626005823211,1.73679992705357,0.00328548919234282,0.00785446487564281,"Nb_vs_rest","Other species higher"
"dpep2",49.5326812378165,-4.91250175955331,1.7681334236484,0.0032901601215401,0.00786327576217132,"Nb_vs_rest","Other species higher"
"ndufa1",5.27246328445493,-5.04988135359305,1.82504405377845,0.00329595698677884,0.0078724416761883,"Nb_vs_rest","Other species higher"
"lnx1",5.34162011287321,-4.74254939772507,1.69959985197928,0.00329596837595803,0.0078724416761883,"Nb_vs_rest","Other species higher"
"bokb",81.4584662950469,-4.85038860464585,1.74395092915882,0.00330796488429282,0.00789873123179434,"Nb_vs_rest","Other species higher"
"zgc:153896",30.4616797605449,2.54055135108864,0.876434008318243,0.00330960022531746,0.0079002721501745,"Nb_vs_rest","Nb higher"
"mdm4",3.95345666184286,-4.97493888400157,1.79670174195259,0.003335772822671,0.00796036696319217,"Nb_vs_rest","Other species higher"
"mrpl16",4.81333919273716,-4.88444624388199,1.75978389725533,0.00333897433128064,0.0079656248620686,"Nb_vs_rest","Other species higher"
"hspa4l",9.69556010933962,-4.79858556037972,1.72504883066241,0.00334207610599387,0.00797064175906487,"Nb_vs_rest","Other species higher"
"map6b",20.4072671012392,-5.03981598785951,1.82422155893827,0.00334632544465691,0.00797600867633277,"Nb_vs_rest","Other species higher"
"rab5c",8.14031367498086,-4.66195091309729,1.67025324941861,0.00334588162074868,0.00797600867633277,"Nb_vs_rest","Other species higher"
"zfyve1",100.242587079667,2.58627585551342,0.894082608736781,0.0033585548318994,0.0080027672614384,"Nb_vs_rest","Nb higher"
"gpr61",3.99193256694,5.15586704205121,1.87364116719004,0.00336033981749402,0.00800463037122457,"Nb_vs_rest","Nb higher"
"fmnl3",55.2046249641845,-5.07109890781928,1.83838725536542,0.00336375569661589,0.00801000123736607,"Nb_vs_rest","Other species higher"
"PRKAR2B",3.67515993159364,4.11769972132035,1.45803142882597,0.00336460202351517,0.00801000123736607,"Nb_vs_rest","Nb higher"
"vwde",7.39242793597914,-4.90651154697522,1.77103831726826,0.00337419171774102,0.00803043540339199,"Nb_vs_rest","Other species higher"
"phf8",7.44869067260051,-4.68520585955542,1.68133944109066,0.00337571829558305,0.00803167322562693,"Nb_vs_rest","Other species higher"
"pcnx3",7.6842464597522,2.71215417325865,0.939577432044658,0.00337907560324822,0.00803486987899906,"Nb_vs_rest","Nb higher"
"si:ch211-102c2.7",17.0325253638604,2.55971891384248,0.885224987894687,0.00337893978002958,0.00803486987899906,"Nb_vs_rest","Nb higher"
"nhp2",7.45371400535018,-5.11378508368863,1.85761668964684,0.00338457074353366,0.00803843245732615,"Nb_vs_rest","Other species higher"
"raf1a",5.62732240523983,-5.04344863671748,1.82836396001489,0.00338627707196745,0.00803843245732615,"Nb_vs_rest","Other species higher"
"pacsin3",5.40972581458478,-4.99042300685973,1.80638133646918,0.00338648830408211,0.00803843245732615,"Nb_vs_rest","Other species higher"
"kcnab2a",19.9069523112272,-4.98457001057196,1.80390534541079,0.00338563039265018,0.00803843245732615,"Nb_vs_rest","Other species higher"
"srpk1b",4.29296227585372,-4.79596426599687,1.72663159101942,0.00338527376236078,0.00803843245732615,"Nb_vs_rest","Other species higher"
"si:ch211-93n23.7",7.03258825498131,4.11582010479674,1.45840242982199,0.00338661778465294,0.00803843245732615,"Nb_vs_rest","Nb higher"
"pecam1",14.442605892993,-5.08506409924977,1.84613857624799,0.00339268094730062,0.00804805413042777,"Nb_vs_rest","Other species higher"
"htra1a",3.78002985938292,-4.85376460602455,1.75061572297005,0.00339268848305251,0.00804805413042777,"Nb_vs_rest","Other species higher"
"dnajb14",7.67721148145286,-4.75170765084241,1.70926318376474,0.00339455905886837,0.00805009845164029,"Nb_vs_rest","Other species higher"
"sash3",11.4157427958244,-5.16785339939621,1.88115261414327,0.00339645706200676,0.00805220658194115,"Nb_vs_rest","Other species higher"
"arl5a",4.45965820869337,-4.83833046802669,1.74473421650448,0.00339942019731092,0.00805683788967661,"Nb_vs_rest","Other species higher"
"sh3gl1a",4.48822427349917,-4.80499209791344,1.73145206911689,0.00340419451423835,0.00806575778611105,"Nb_vs_rest","Other species higher"
"disp2",4.13149233530134,-4.84102432668768,1.74630271825734,0.00340704898629352,0.00807012493636756,"Nb_vs_rest","Other species higher"
"alas1",14.0520172540042,-4.87265155679078,1.75939253045481,0.00340971509590204,0.00807404346151284,"Nb_vs_rest","Other species higher"
"grk4",4.34327376339382,-4.83346154376638,1.74348379030636,0.00341137828278776,0.00807558549292387,"Nb_vs_rest","Other species higher"
"tnc",9.71991164790571,-5.13557228843733,1.86870156596906,0.00341341060566014,0.00807560528703465,"Nb_vs_rest","Other species higher"
"srek1",13.6362456053654,-4.85802400332623,1.75362482048052,0.00341319866398157,0.00807560528703465,"Nb_vs_rest","Other species higher"
"pde3b",4.56070984294145,-4.86323571411907,1.75773609939377,0.00344529162955431,0.00814861505745211,"Nb_vs_rest","Other species higher"
"aldh1l1",50.0552552952127,-5.13227216298076,1.86972550736746,0.00344945182506791,0.00815603720416057,"Nb_vs_rest","Other species higher"
"pdcd6",5.24627997869142,-4.78924450784169,1.72797398055776,0.00345257859398345,0.00815859555226176,"Nb_vs_rest","Other species higher"
"ccnd1",5.19503406656001,-4.77166788747136,1.72080236291834,0.00345214047655903,0.00815859555226176,"Nb_vs_rest","Other species higher"
"rnf114",5.44070407840674,-4.9257521936294,1.78402873933447,0.00345498451523067,0.00816186395249874,"Nb_vs_rest","Other species higher"
"rae1",8.07368231784946,4.23151468450281,1.50665400328782,0.00345728157430955,0.00816487332435341,"Nb_vs_rest","Nb higher"
"itgb2",14.3976539584285,-4.94119581939458,1.79098422384277,0.00346426465895969,0.00817894437233678,"Nb_vs_rest","Other species higher"
"borcs7",7.13183937619907,-5.05890584387539,1.83998118044202,0.00346538029493798,0.00817915846010205,"Nb_vs_rest","Other species higher"
"sirt3",6.1385241860609,-5.01254299786873,1.82097334055708,0.00347060096111427,0.008189058447573,"Nb_vs_rest","Other species higher"
"osgepl1",113.464210274067,-5.16085096024916,1.88338318896093,0.00347328387036058,0.00819296638648461,"Nb_vs_rest","Other species higher"
"scaf11",8.25086897127703,-4.73570275751109,1.7076993363558,0.00347726156109169,0.00819992531250345,"Nb_vs_rest","Other species higher"
"dlgap4b",5.00111897447633,4.08476434780391,1.45099887972412,0.00347960891582698,0.00820303667601161,"Nb_vs_rest","Nb higher"
"npm3",4.80832803675112,-4.8746253187778,1.76466295544414,0.00348201433776197,0.00820628305237464,"Nb_vs_rest","Other species higher"
"plk4",5.06097326582195,-5.12884124712226,1.8705150765691,0.00348309339100687,0.00820640249785498,"Nb_vs_rest","Other species higher"
"elovl8b",15.4873454227426,-5.27671915076735,1.93360388048028,0.00348588038015165,0.00821054469705141,"Nb_vs_rest","Other species higher"
"cited4b",5.06875047550436,-4.90823366518586,1.77909241406301,0.00349174749476901,0.00822193715203797,"Nb_vs_rest","Other species higher"
"ppm1e",7.89003947032452,-5.38781015950208,1.98224856514404,0.00349506416013648,0.00822731917341861,"Nb_vs_rest","Other species higher"
"slc16a3",9.78596272918264,-5.33604770923685,1.96008892189918,0.00349920722452278,0.00823464277549154,"Nb_vs_rest","Other species higher"
"pdgfra",20.4020382669985,-5.12398965825007,1.86961180767318,0.00350039876124446,0.00823465422208241,"Nb_vs_rest","Other species higher"
"scrn2",5.17246309348527,-5.06953580689798,1.8467635871481,0.00350127591172,0.00823465422208241,"Nb_vs_rest","Other species higher"
"MARK4",5.49965163103083,-4.88295877719337,1.7698230590829,0.00351033079309157,0.00825351789300846,"Nb_vs_rest","Other species higher"
"elovl6",7.34816238780047,-4.7330987674347,1.70895115551256,0.00351665051001646,0.00826594140498713,"Nb_vs_rest","Other species higher"
"mrps34",6.75972136673565,-5.1512646044405,1.88255161835967,0.00352173540469323,0.00827545598629328,"Nb_vs_rest","Other species higher"
"kmt5b",3.61790518047226,-4.84006024320975,1.75299441857195,0.00352346348625382,0.00827571490426775,"Nb_vs_rest","Other species higher"
"rbm14a",6.83145260067499,-4.79927765232157,1.73632814132994,0.00352391970484985,0.00827571490426775,"Nb_vs_rest","Other species higher"
"thg1l",5.7625425828697,3.18859645890359,1.11682175901125,0.00352611818082307,0.00827844162488028,"Nb_vs_rest","Nb higher"
"klf11a",10.196967285283,2.96276451555855,1.03452077723132,0.00352771975747156,0.00827976578371267,"Nb_vs_rest","Nb higher"
"lman2",6.10454542599805,-5.35530499062285,1.97112244499494,0.00353741908425509,0.00829297993446988,"Nb_vs_rest","Other species higher"
"abce1",21.8455515899302,-5.17734233377803,1.89456694188934,0.00353602416093042,0.00829297993446988,"Nb_vs_rest","Other species higher"
"ints5",5.03234001133307,-5.0129213030135,1.82530313932884,0.00353611758093835,0.00829297993446988,"Nb_vs_rest","Other species higher"
"trpv1",8.83275356739331,-4.76694499965451,1.72393806970206,0.00353750672893928,0.00829297993446988,"Nb_vs_rest","Other species higher"
"hmox2a",5.67755642399772,-4.87233837103069,1.76721706185235,0.00353933815864163,0.00829483656562707,"Nb_vs_rest","Other species higher"
"pdlim5b",6.30366315269353,-5.00387408741447,1.82215035935151,0.00354599914924118,0.00830556889079678,"Nb_vs_rest","Other species higher"
"u2af1",12.1695795506009,-4.86431752338796,1.76429110541777,0.00354554283467977,0.00830556889079678,"Nb_vs_rest","Other species higher"
"mrps10",12.4636279157528,3.48963657106364,1.22908649894328,0.00355463204863289,0.00832334617021434,"Nb_vs_rest","Nb higher"
"prr18",4.68160805904429,-4.83244836707503,1.75181899528244,0.00355594525760969,0.00832397863177629,"Nb_vs_rest","Other species higher"
"nln",22.4222437965182,-5.15346927432362,1.88603224017707,0.00356030631404674,0.00833174322172815,"Nb_vs_rest","Other species higher"
"zmp:0000000524",4.97524287582011,-4.86541053460914,1.76595392963012,0.00356565424259556,0.00834181203632734,"Nb_vs_rest","Other species higher"
"ppwd1",216.231535162511,2.25957844872137,0.78364527230123,0.0035676602621256,0.0083440588780077,"Nb_vs_rest","Nb higher"
"ucp2",4.91820636554613,-4.89980643199938,1.78108715120845,0.00358114413128503,0.00837314098085395,"Nb_vs_rest","Other species higher"
"aipl2",10.6971609783254,-4.91655187155114,1.78830175115858,0.00358578434799921,0.00838153459198408,"Nb_vs_rest","Other species higher"
"nexn",10.0865753920658,-5.55385663923008,2.06268327839467,0.00359392860509176,0.00839811135245454,"Nb_vs_rest","Other species higher"
"ntng2b",5.07125683316024,-5.00947560093278,1.82790152081662,0.00360032418593693,0.00841059338518052,"Nb_vs_rest","Other species higher"
"timp2b",17.3031917061718,-5.09637206141016,1.86504144247918,0.00360953824271321,0.00842965032977799,"Nb_vs_rest","Other species higher"
"tes",8.82344465165212,-4.79755690746425,1.74081082575434,0.00361187718413048,0.00843264480086635,"Nb_vs_rest","Other species higher"
"celsr2",4.18348273335011,-4.88204676311861,1.77571454446396,0.00361382622561173,0.00843472748768109,"Nb_vs_rest","Other species higher"
"kirrel1a",4.97411648725882,-4.88076139490957,1.77541986392108,0.00361777556634725,0.00844147632147692,"Nb_vs_rest","Other species higher"
"copz1",13.0146084378249,-5.18373584675049,1.90305871934061,0.00362324123216714,0.00845093626008171,"Nb_vs_rest","Other species higher"
"dmtn",13.7072239643486,-4.967596041555,1.81186217311071,0.00362394785488717,0.00845093626008171,"Nb_vs_rest","Other species higher"
"nr2c2ap",48.7531901175366,-4.8747524658865,1.77348023757085,0.00362688193199566,0.00845283814758333,"Nb_vs_rest","Other species higher"
"NSG1",52.8579005116128,-4.85339193198763,1.76464420162871,0.00362663384271374,0.00845283814758333,"Nb_vs_rest","Other species higher"
"wdr13",4.74782808158983,-4.89499613832356,1.78198874421743,0.00362906524654984,0.00845545712918765,"Nb_vs_rest","Other species higher"
"zgc:162200",9.78211741592239,-4.68759693158707,1.6977574366368,0.00364385325648953,0.00848743403000187,"Nb_vs_rest","Other species higher"
"gne",5.59536231903909,-5.23899312739948,1.92854635982091,0.00365029901657245,0.0084999667791795,"Nb_vs_rest","Other species higher"
"gclc",11.5246546616276,-4.60651068644067,1.66537796410379,0.00365217319619528,0.00850185008915938,"Nb_vs_rest","Other species higher"
"vclb",15.6318853819368,-5.2621436149264,1.93908676951501,0.00365864674481417,0.00851443599405572,"Nb_vs_rest","Other species higher"
"kcnj9",5.21852641378074,-5.06714866724961,1.85668447388489,0.0036725080980683,0.00854420251387318,"Nb_vs_rest","Other species higher"
"si:ch211-48m9.1",8.9613622230015,-4.93604922811069,1.80202491069273,0.00367849460450792,0.00855563594986103,"Nb_vs_rest","Other species higher"
"peak1",6.11548562265079,-5.24200426501968,1.93200871968214,0.00368292485716438,0.00856344416088921,"Nb_vs_rest","Other species higher"
"si:ch211-137a8.4",130.216063061143,-2.45450624555227,0.856000119046792,0.00368572242603212,0.0085674526535789,"Nb_vs_rest","Other species higher"
"VPS13B",8.10234463451866,-4.75090021770914,1.72620935298821,0.00369024331576332,0.00857546350023043,"Nb_vs_rest","Other species higher"
"ndufs3",13.526828325585,-4.70128592063326,1.70610884295536,0.00369336890490592,0.00858022819829672,"Nb_vs_rest","Other species higher"
"dtx4a",4.25608936767725,-4.81299731494031,1.75214470372332,0.00369757348373417,0.00858749604196702,"Nb_vs_rest","Other species higher"
"rfx2",6.39824804568284,-4.9755009867974,1.82008615093252,0.00370443359578198,0.00860092525293575,"Nb_vs_rest","Other species higher"
"gnas",4.77808775464185,-4.91063898162009,1.79318331771141,0.00370762832916378,0.00860405824244695,"Nb_vs_rest","Other species higher"
"ecpas",7.8504394462686,3.64644748836407,1.29396835356224,0.00370793938543547,0.00860405824244695,"Nb_vs_rest","Nb higher"
"ccdc153",41.6242112747343,-4.84898424321154,1.76784538279326,0.00371197434144209,0.00861091722229881,"Nb_vs_rest","Other species higher"
"cep170aa",5.39152845539186,-4.7862800164526,1.7420607889062,0.00371351659872733,0.00861199141465973,"Nb_vs_rest","Other species higher"
"icn",18.068090949013,-5.24369527755556,1.93487827318438,0.00371532602106823,0.00861368438353413,"Nb_vs_rest","Other species higher"
"pear1",4.30322207952081,-4.91528174378403,1.79573885736969,0.00371807099648236,0.00861504255282497,"Nb_vs_rest","Other species higher"
"irf2bp2b",8.06223443889404,-4.76619644481516,1.73405017233716,0.0037178010889852,0.00861504255282497,"Nb_vs_rest","Other species higher"
"pdhx",4.64400161975825,-5.04113274177111,1.84863909355612,0.00371977869587955,0.00861649753065858,"Nb_vs_rest","Other species higher"
"ssx2ipb",8.28055136643166,-4.77985961715931,1.74020012444255,0.00372717969550499,0.00863113580096629,"Nb_vs_rest","Other species higher"
"dolpp1",17.8930476057276,-4.66453833778068,1.69317783385601,0.00373012978981721,0.00863546148034271,"Nb_vs_rest","Other species higher"
"fam193a",7.13115744485703,-4.73749152922408,1.72312455666697,0.00373284604571194,0.00863673860387977,"Nb_vs_rest","Other species higher"
"elf2b",10.9110004154849,-4.61751954018476,1.67417495320367,0.00373188054354114,0.00863673860387977,"Nb_vs_rest","Other species higher"
"zhx3",3.86944085021419,-4.68991679089783,1.70407827050782,0.00374021473716151,0.00864877241453169,"Nb_vs_rest","Other species higher"
"cwc22",11.3223421168861,-4.6422487162223,1.68461456064566,0.0037392923778339,0.00864877241453169,"Nb_vs_rest","Other species higher"
"ift57",4.25296262643606,-4.9181262407052,1.79839136828638,0.00374275209845608,0.00865213260303579,"Nb_vs_rest","Other species higher"
"arsa",197.161136256307,-5.49202563600109,2.04595117737765,0.00374438611609843,0.00865340318750811,"Nb_vs_rest","Other species higher"
"KCNIP2",6.44076286620411,-4.96988146496298,1.8203516260911,0.00374779226220972,0.00865626114397498,"Nb_vs_rest","Other species higher"
"abch1",73.564779890959,-4.90256077252418,1.79216576344088,0.00374724551548526,0.00865626114397498,"Nb_vs_rest","Other species higher"
"rhag",20.8901551715445,-4.81614098259706,1.75641224253245,0.00374909053809017,0.00865675419385403,"Nb_vs_rest","Other species higher"
"eif3ea",24.5112437013385,-5.00699984359593,1.83627224207394,0.00375292936162769,0.00866311145669338,"Nb_vs_rest","Other species higher"
"letmd1",190.71699631361,-5.0254553534891,1.84449705098539,0.00376011883552709,0.00867719731275483,"Nb_vs_rest","Other species higher"
"si:dkey-205h13.1",7.36604932486328,-5.31182859977737,1.96774898166968,0.00376464543952687,0.00867760560584183,"Nb_vs_rest","Other species higher"
"notch2",19.9341809734088,-4.98085175479665,1.82584617076451,0.00376251160853906,0.00867760560584183,"Nb_vs_rest","Other species higher"
"vps36",16.3890893957385,-4.85637393329546,1.77394585678271,0.00376418145679296,0.00867760560584183,"Nb_vs_rest","Other species higher"
"zgc:77752",4.59131928149503,-4.81521896783392,1.75687708108605,0.00376384170470247,0.00867760560584183,"Nb_vs_rest","Other species higher"
"tgfbr3",7.78655071735333,-5.42188452678834,2.01630150496811,0.00376667356757401,0.00867977333792683,"Nb_vs_rest","Other species higher"
"cnrip1a",5.25369694461211,-5.19383200212013,1.91681728145715,0.00376834620951572,0.00868112088681738,"Nb_vs_rest","Other species higher"
"IQSEC1",5.36876327292098,-5.0186245846955,1.84219847242264,0.00376972951966201,0.00868180131800947,"Nb_vs_rest","Other species higher"
"fkbp9",18.7760335892143,-4.88133354471703,1.78518537953213,0.0037790117881827,0.00869900287043264,"Nb_vs_rest","Other species higher"
"trh",4.91909401987229,-4.80391437017459,1.75309152974308,0.00377937881601378,0.00869900287043264,"Nb_vs_rest","Other species higher"
"trib2",3.76101782243754,-4.84925507296598,1.77216330380967,0.00378446397720286,0.00870570527675773,"Nb_vs_rest","Other species higher"
"RYR3",6.80345624655278,3.4781183553992,1.23356989178759,0.00378447263221461,0.00870570527675773,"Nb_vs_rest","Nb higher"
"fan1",5.52301781783124,-4.9066344549554,1.79635607663158,0.0037896002324339,0.0087149884307846,"Nb_vs_rest","Other species higher"
"gtf3ab",106.126238432105,-4.75277783851899,1.73338347505466,0.00380390925811261,0.00874537478528914,"Nb_vs_rest","Other species higher"
"kctd9a",22.2094172958189,-4.74070146245866,1.72847856988339,0.00380504833593009,0.00874547399790384,"Nb_vs_rest","Other species higher"
"INPP5A",20.5048648162096,-4.78322501385253,1.74627519338651,0.0038099537693117,0.00875170727665728,"Nb_vs_rest","Other species higher"
"ssb",172.90900718224,-2.00612246100573,0.699151337812019,0.00380906520598056,0.00875170727665728,"Nb_vs_rest","Other species higher"
"ppp1r14ba",4.83537434733637,-5.02668605428465,1.84840415181346,0.00381578482049299,0.00876221014712672,"Nb_vs_rest","Other species higher"
"tacr2",33.5189436037516,-4.74758268859288,1.7319585859808,0.00381672211421209,0.00876221014712672,"Nb_vs_rest","Other species higher"
"nrbp2b",6.0907213282125,-5.20041112069738,1.92308534034952,0.0038218885146431,0.00877154741065628,"Nb_vs_rest","Other species higher"
"coro1b",12.7271961969359,-4.67804055413007,1.70385481943112,0.00382462791905224,0.00877531075159196,"Nb_vs_rest","Other species higher"
"ppm1lb",7.04723632586095,-4.63903602744432,1.68798520730059,0.00382573222701085,0.00877532140602086,"Nb_vs_rest","Other species higher"
"zmp:0000001114",14.8814747413834,-4.68857180166378,1.70838866769089,0.00382872375678053,0.00877965964916915,"Nb_vs_rest","Other species higher"
"tspan10",16.7598420374808,-5.06189681969031,1.86425265618328,0.003830639392764,0.00878117287756607,"Nb_vs_rest","Other species higher"
"rcan1a",5.21515228901283,-4.95761992923459,1.82019950602273,0.00383158445610089,0.00878117287756607,"Nb_vs_rest","Other species higher"
"selenow2a",18.816642927862,-5.00324659498971,1.83983389732703,0.00383816814140003,0.00879373579338853,"Nb_vs_rest","Other species higher"
"plppr5b",9.34534641108504,-5.29783749992443,1.9669519811597,0.00384507868178682,0.00880517783633926,"Nb_vs_rest","Other species higher"
"slbp2",5.59027570486753,-4.89784155781275,1.79593100035728,0.00384536901749904,0.00880517783633926,"Nb_vs_rest","Other species higher"
"yju2",9.47456314972114,-4.86028191661912,1.78039592835124,0.0038479216462386,0.00880849533476307,"Nb_vs_rest","Other species higher"
"smg8",4.78368626478048,-4.78017470688149,1.74727958622446,0.00385036073897731,0.00881155110325178,"Nb_vs_rest","Other species higher"
"slc10a1",273.582641343774,-3.03005049734987,1.06963208176502,0.00385661280198568,0.00882332860087321,"Nb_vs_rest","Other species higher"
"znhit2",3.85650013266594,-4.67115192851787,1.70332087702742,0.00386687683332692,0.00884427547433328,"Nb_vs_rest","Other species higher"
"ddx19",7.36706671058671,-4.6434181735125,1.6926930830984,0.00388030520266926,0.00887244570696296,"Nb_vs_rest","Other species higher"
"snx18b",4.85078087740841,-5.00375326098284,1.84272969698236,0.00388308592761352,0.00887626058503464,"Nb_vs_rest","Other species higher"
"shc2",6.4994037390082,-5.22931029875234,1.93978761248016,0.00388734092777627,0.00888100377072587,"Nb_vs_rest","Other species higher"
"scg2b",6.12111215061946,-5.20203072297797,1.92810833891264,0.00388993951306265,0.00888100377072587,"Nb_vs_rest","Other species higher"
"mcamb",13.5462028280832,-5.04565507779691,1.8608609833151,0.00388869494286983,0.00888100377072587,"Nb_vs_rest","Other species higher"
"coa6",243.772639898219,-4.82806994229759,1.76940959894357,0.00389070423211713,0.00888100377072587,"Nb_vs_rest","Other species higher"
"tp53bp2a",14.6112871221057,-4.79893441343482,1.75735153804493,0.00389159013351816,0.00888100377072587,"Nb_vs_rest","Other species higher"
"fam185a",10.2818457112289,-4.65693492060415,1.69885036043396,0.00389207467112988,0.00888100377072587,"Nb_vs_rest","Other species higher"
"lmbrd2b",7.30380494255763,2.81650004701184,0.99246857712779,0.00389295127694224,0.00888100377072587,"Nb_vs_rest","Nb higher"
"arhgap24",5.25819992498659,-5.00461769155005,1.84385983816869,0.00389593849693922,0.00888527842399971,"Nb_vs_rest","Other species higher"
"ttc36",5.36169906073074,-5.02542014778483,1.85279532201631,0.00389771668220709,0.00888679403543216,"Nb_vs_rest","Other species higher"
"hccsb",7.33266744100561,-4.82835567868095,1.77042811156951,0.00390670666862391,0.00890457628586515,"Nb_vs_rest","Other species higher"
"scarb2c",10.9034362393438,-4.68023094391295,1.70924058981222,0.00390774763823305,0.00890457628586515,"Nb_vs_rest","Other species higher"
"rabac1",6.26915946707439,-5.3130079393842,1.97809419975606,0.00391368433055706,0.00891555836649881,"Nb_vs_rest","Other species higher"
"rwdd",4.84511656636712,-4.93721373588732,1.81648784413386,0.00391490046282401,0.0089157835882807,"Nb_vs_rest","Other species higher"
"meaf6",12.7840321305439,2.32361289928797,0.815072994533535,0.0039314040832286,0.00895081443200122,"Nb_vs_rest","Nb higher"
"dixdc1a",5.59903951588512,-4.86411601300761,1.78720148701759,0.00393946464350118,0.00895778209899727,"Nb_vs_rest","Other species higher"
"gatb",51.6179902538826,-4.82002996722717,1.76865714578543,0.00393704578763676,0.00895778209899727,"Nb_vs_rest","Other species higher"
"dnaja2b",8.76714175948313,-4.59452965534922,1.67587649033229,0.00394007708865669,0.00895778209899727,"Nb_vs_rest","Other species higher"
"rab14l",8.75106897024578,-4.51423453590574,1.64303274430094,0.00393599292541472,0.00895778209899727,"Nb_vs_rest","Other species higher"
"HNRNPUL1",123.941685375111,-1.54145971909537,0.537311472391155,0.00393847634994751,0.00895778209899727,"Nb_vs_rest","Other species higher"
"psmb9a",6.85067956997272,-5.03228855433803,1.85836409649959,0.00394212438536046,0.0089598839633086,"Nb_vs_rest","Other species higher"
"nop53",5.82961449662234,-4.63875737359795,1.69430775645182,0.00394681491975562,0.00896799062062922,"Nb_vs_rest","Other species higher"
"mast2",4.56577324351451,4.14868452512875,1.49779144625269,0.00394952143683543,0.00897158584285418,"Nb_vs_rest","Nb higher"
"ilvbl",4.17254430197027,-4.78762987400746,1.75612371504578,0.00395416974258159,0.00897958865845221,"Nb_vs_rest","Other species higher"
"gadd45gb.1",9.38707353730551,-5.06182918536646,1.87193883301007,0.0039582689459362,0.00898634030969299,"Nb_vs_rest","Other species higher"
"ZADH2",5.75564368213756,-4.79198616425567,1.75878202840354,0.0039695724472412,0.00900943917206621,"Nb_vs_rest","Other species higher"
"rrm1",190.54114014165,-5.04946649525971,1.86755432829005,0.00397339498433812,0.00901555074637993,"Nb_vs_rest","Other species higher"
"f5",5.02370983443925,-4.79322455040472,1.75980484082613,0.00397881185082837,0.00902527531825196,"Nb_vs_rest","Other species higher"
"msh2",5.53170629164629,-4.80354762110722,1.76421480923848,0.00398082903179611,0.00902728493143875,"Nb_vs_rest","Other species higher"
"dhrs7",136.318380429614,-4.8720368313958,1.79399672677937,0.00400123566673622,0.0090709831308395,"Nb_vs_rest","Other species higher"
"ube3a",67.5377460834862,-4.7902633245988,1.76072382042872,0.00401815933659122,0.00910676271116103,"Nb_vs_rest","Other species higher"
"si:dkey-219e21.4",8.69617229751025,-5.18558832114032,1.92910759088532,0.00402045656072132,0.00910938198596141,"Nb_vs_rest","Other species higher"
"kat2a",4.04965861536612,-4.74060820822398,1.74030991936735,0.00402245054747298,0.00911131290628282,"Nb_vs_rest","Other species higher"
"gtf2a1l",19.891286741729,-5.04621392830617,1.86923742167544,0.00402534436061856,0.00911269446744286,"Nb_vs_rest","Other species higher"
"tcf7l2",6.46566735620904,-4.81738921844014,1.77243475652106,0.00402527061868214,0.00911269446744286,"Nb_vs_rest","Other species higher"
"camk1a",41.6633723371311,-4.6898796006399,1.71971324034301,0.00402994388224788,0.00912051962006185,"Nb_vs_rest","Other species higher"
"fam160a2",9.98534999841199,-4.60881145628791,1.68677382925094,0.00403793410633396,0.0091360119559243,"Nb_vs_rest","Other species higher"
"ramp2",12.2053493441317,-5.06965587507218,1.88014904103389,0.00403983021485069,0.00913771120025751,"Nb_vs_rest","Other species higher"
"JAZF1",271.823579358785,-4.76232010390628,1.75038381445133,0.00404207147860053,0.00914018996861213,"Nb_vs_rest","Other species higher"
"fam110b",6.55132714796932,-4.80879295104168,1.77082283280315,0.00406153276054547,0.00918159530570902,"Nb_vs_rest","Other species higher"
"trpc6a",10.4670458301319,-5.1154403567997,1.90159744383386,0.00406859876454811,0.00919364464890277,"Nb_vs_rest","Other species higher"
"KLHL28",18.4398782632471,-4.65462893900215,1.70722121518121,0.00406916703006574,0.00919364464890277,"Nb_vs_rest","Other species higher"
"pex16",45.3143317355672,-4.78466780552632,1.76152174897707,0.00407593409042326,0.00920632721244766,"Nb_vs_rest","Other species higher"
"slc16a13",5.67302404840502,-5.02249730869576,1.86222733911402,0.00407914798433794,0.00921097931947277,"Nb_vs_rest","Other species higher"
"sephs2",6.87242044779822,-4.8746696315725,1.79973041666224,0.00408428709733449,0.00921736737464062,"Nb_vs_rest","Other species higher"
"traf4a",6.04365943793213,-4.82524777991076,1.77891143881963,0.00408350979966867,0.00921736737464062,"Nb_vs_rest","Other species higher"
"ppp1r14c",3.32831753859512,-4.74307048951704,1.74470833642981,0.00408566944082263,0.00921788016334877,"Nb_vs_rest","Other species higher"
"fbxl2",4.33882994902581,-4.69389897716936,1.72439300893291,0.00408737919836364,0.00921913114837249,"Nb_vs_rest","Other species higher"
"ndufb10",7.52132819582166,-4.88602119255522,1.80478844865605,0.00408916622555169,0.00922055565976334,"Nb_vs_rest","Other species higher"
"zgc:56231",9.8135637782166,-4.98130441256793,1.84551744615982,0.00409462618506972,0.0092302553622103,"Nb_vs_rest","Other species higher"
"etfb",6.6980948841466,-4.92679332896675,1.82240454427664,0.00409578123278028,0.0092302553622103,"Nb_vs_rest","Other species higher"
"nabp1a",4.07061366795119,-4.92719787265421,1.82282268425728,0.00410017330056498,0.00923754459020568,"Nb_vs_rest","Other species higher"
"CDH2",10.2540379452629,-4.81864582172373,1.77715569632584,0.00410212616403046,0.00923933581398902,"Nb_vs_rest","Other species higher"
"hif1aa",232.772551934528,-1.78540353154643,0.626427816118867,0.00411285240092807,0.00926088097048702,"Nb_vs_rest","Other species higher"
"exorh",49.5289823755917,-4.7245194189655,1.73898792222032,0.00412341751124176,0.00928205126649063,"Nb_vs_rest","Other species higher"
"tspan4b",15.1590059858483,-4.82221510291586,1.78070876576605,0.0041400830171543,0.00931693809274995,"Nb_vs_rest","Other species higher"
"flna",65.1445897624129,-4.97388401080175,1.84505500035231,0.00414218040165594,0.00931903005503648,"Nb_vs_rest","Other species higher"
"slc25a10",4.02909159287068,-4.80763516492369,1.77479019407829,0.00414385101174267,0.00932016095651255,"Nb_vs_rest","Other species higher"
"pgm5",9.09293303770849,-5.348884740668,2.00894147107335,0.00414572525846845,0.00932174910188172,"Nb_vs_rest","Other species higher"
"stxbp5l",6.5462500732276,-5.08712511420864,1.89416599361736,0.00414998170229387,0.00932869126318454,"Nb_vs_rest","Other species higher"
"ubr5",12.7695513436735,-4.58309976353071,1.68220584422489,0.00415595517687838,0.00933948811925922,"Nb_vs_rest","Other species higher"
"shcbp1",4.74463422725486,4.80033287159773,1.77265848969937,0.00416124049283471,0.00934610164166085,"Nb_vs_rest","Nb higher"
"ube2b",3.71057045077471,-4.74942736123027,1.75132741305966,0.00416072588366392,0.00934610164166085,"Nb_vs_rest","Other species higher"
"thoc2",11.8380462593014,-4.76200283900085,1.75709629227683,0.00417049953364948,0.00936426175535253,"Nb_vs_rest","Other species higher"
"mrpl22",9.20466295588912,-4.87635839957972,1.80536310311328,0.0041737336642048,0.00936888738125296,"Nb_vs_rest","Other species higher"
"wdr43",6.85407306973081,-4.53522546900103,1.66390893467694,0.00418300126072849,0.00938705007328834,"Nb_vs_rest","Other species higher"
"tbpl1",38.1297308088221,-4.70781942548914,1.73588141545945,0.00419714736393916,0.00941614730509827,"Nb_vs_rest","Other species higher"
"tax1bp3",9.59508028377853,-4.94761494746451,1.83703485566559,0.00419906597333615,0.00941780395368817,"Nb_vs_rest","Other species higher"
"smad1",5.52418779783226,-4.98914120724149,1.8550856347164,0.00420422531434665,0.00942672604902678,"Nb_vs_rest","Other species higher"
"g2e3",57.5668851384019,-4.78469542293291,1.76984174529955,0.00423187878860029,0.00948606537444673,"Nb_vs_rest","Other species higher"
"sec24d",46.3926834028462,-2.3754145734366,0.840763141534297,0.00423714101100488,0.00949519384100504,"Nb_vs_rest","Other species higher"
"scfd2",4.13192893619561,-4.8092525735345,1.78117220942702,0.00425079472653883,0.00952311676523858,"Nb_vs_rest","Other species higher"
"flot2a",8.72113640950926,-4.77979571755414,1.7689643199647,0.00425436681204208,0.00952844433345378,"Nb_vs_rest","Other species higher"
"ets1",8.41940272484768,-4.81239053597348,1.78289006908113,0.00425826285055148,0.0095344942613358,"Nb_vs_rest","Other species higher"
"aktip",5.2938651254562,-4.90499049118922,1.82319263048971,0.00427790477500833,0.00955434651681121,"Nb_vs_rest","Other species higher"
"atp2b3b",4.55137130734014,-4.90096065058162,1.8212375720569,0.00427351044196116,0.00955434651681121,"Nb_vs_rest","Other species higher"
"si:ch73-281f12.4",4.54871029346807,-4.887322988127,1.81520924973019,0.0042693459899686,0.00955434651681121,"Nb_vs_rest","Other species higher"
"dipk1ab",11.125505692316,-4.81028188760061,1.78297242248052,0.00427666424708788,0.00955434651681121,"Nb_vs_rest","Other species higher"
"ndfip2",8.44494169479663,-4.66326325220759,1.72140794582375,0.00427682420349108,0.00955434651681121,"Nb_vs_rest","Other species higher"
"hsf2",9.50377273183703,-4.56902128600204,1.68206764429194,0.0042701842420094,0.00955434651681121,"Nb_vs_rest","Other species higher"
"fis1",9.53575101732834,-4.56122179131201,1.67921012747956,0.00427746424905329,0.00955434651681121,"Nb_vs_rest","Other species higher"
"si:dkey-57a22.13",5.6646874391573,3.99368314429229,1.45088299195024,0.00427789578647518,0.00955434651681121,"Nb_vs_rest","Nb higher"
"rps5",1574.12628051631,-1.86983266662523,0.659393897674096,0.00427777956171021,0.00955434651681121,"Nb_vs_rest","Other species higher"
"tbc1d10b",6.09265841842398,-4.83369239171381,1.79301107809823,0.00427949485401806,0.00955522354086852,"Nb_vs_rest","Other species higher"
"zgc:65851",8.00171111507114,-5.36128462831284,2.0233298346046,0.00428554718716694,0.00956606057443138,"Nb_vs_rest","Other species higher"
"NRCAM",11.5430025248345,3.1914296519453,1.143107232039,0.00428785147022532,0.009568527609731,"Nb_vs_rest","Nb higher"
"rdh14b",23.276367142735,-4.92382269275895,1.83187211361724,0.00428976387242805,0.00957011901089623,"Nb_vs_rest","Other species higher"
"xbp1",26.2098843142184,-4.96122458426407,1.84846426112379,0.00430034057561194,0.00958780970038925,"Nb_vs_rest","Other species higher"
"cmc1",5.75417668742944,-4.86636598828663,1.80798363557163,0.00430059963165214,0.00958780970038925,"Nb_vs_rest","Other species higher"
"psmc2",53.6688555842631,1.795333911187,0.633136705272456,0.00430129808613954,0.00958780970038925,"Nb_vs_rest","Nb higher"
"xab2",10.0556872148522,-5.0807664992496,1.90051025471949,0.00430742363844761,0.00959610291312448,"Nb_vs_rest","Other species higher"
"tmem175",5.07156337932979,-4.80694939383096,1.78316757178583,0.00430712924969461,0.00959610291312448,"Nb_vs_rest","Other species higher"
"prpsap2",5.0598124524011,-4.69450901403239,1.7367345792493,0.00432248609061448,0.00962697153310175,"Nb_vs_rest","Other species higher"
"upb1",33.4636335955911,-4.82968908633187,1.79388870117027,0.00432815323025341,0.00963690367673612,"Nb_vs_rest","Other species higher"
"zgc:112334",124.914470155587,-5.10866649876746,1.91448699901123,0.00433904972033311,0.00965847050718499,"Nb_vs_rest","Other species higher"
"cntn1b",4.45659318488221,-4.73083420841957,1.75285837515904,0.00434053308491281,0.00965907808633693,"Nb_vs_rest","Other species higher"
"si:ch211-166a6.5",28.2475687859752,-4.92516588256988,1.83534449904258,0.00434312673494039,0.00966215537909793,"Nb_vs_rest","Other species higher"
"drosha",4.87358630513145,-4.88728221271846,1.81932335340448,0.00434621052998926,0.00966475464382451,"Nb_vs_rest","Other species higher"
"ep400",9.32474339618142,-4.64423516097932,1.71698474433654,0.00434671734544939,0.00966475464382451,"Nb_vs_rest","Other species higher"
"abcg2d",46.8424545585095,-4.89102491108778,1.82143541348731,0.00435585426167295,0.00968237242566856,"Nb_vs_rest","Other species higher"
"notch1b",17.5676830368441,-4.99571900050868,1.86654593862528,0.00435901735720267,0.00968400849400816,"Nb_vs_rest","Other species higher"
"wdr5",7.30392443841486,-4.77027046742671,1.77035703540531,0.00435840125758343,0.00968400849400816,"Nb_vs_rest","Other species higher"
"arhgap32b",4.86600974258236,-4.74177273760235,1.75962886626841,0.00438327556011527,0.00973519036173667,"Nb_vs_rest","Other species higher"
"armc1",3.63296833590792,-4.67912851541767,1.73368462572797,0.00438986079220787,0.00974710326149661,"Nb_vs_rest","Other species higher"
"si:dkey-220f10.4",9.83773436515417,-4.9052960770694,1.82943539734251,0.00439143110621179,0.00974787767109043,"Nb_vs_rest","Other species higher"
"LAMA2",24.9236445679073,-5.19259824588633,1.95492061606671,0.00439975732005056,0.0097636438859854,"Nb_vs_rest","Other species higher"
"AMDHD1",60.5123796317504,-4.99973060383289,1.87134957592362,0.00441481569083972,0.00979433672863524,"Nb_vs_rest","Other species higher"
"thtpa",5.31106934805548,-4.59696601761548,1.70105763140592,0.0044228997571725,0.00980954420851489,"Nb_vs_rest","Other species higher"
"slc44a4",8.55951072272303,-5.14337621438182,1.9346428528158,0.00442498961645199,0.00981145238657596,"Nb_vs_rest","Other species higher"
"B3GALT2",18.816677454363,-4.61325320078906,1.70819804724599,0.0044304955165832,0.00982093172842609,"Nb_vs_rest","Other species higher"
"pcsk5b",3.69095364317458,-4.58591451093693,1.69691757103683,0.00443223403867299,0.00982205710319646,"Nb_vs_rest","Other species higher"
"pbx1b",225.015882928808,-5.19864596463896,1.95976169104858,0.00443681735499949,0.00982948431229759,"Nb_vs_rest","Other species higher"
"ppcdc",11.2619254710791,3.40225179918472,1.22795448382361,0.00444566537777867,0.00984635295994277,"Nb_vs_rest","Nb higher"
"sprn",5.82103285054099,3.71184056604282,1.34726994201345,0.00444938413126388,0.00985185498542891,"Nb_vs_rest","Nb higher"
"mrpl15",5.15307145535276,-4.81206728044046,1.79285563729416,0.00445195954642826,0.00985482307364703,"Nb_vs_rest","Other species higher"
"sypl2a",5.10886195170841,4.43369118203529,1.6351152046147,0.00445326711198674,0.0098549837919174,"Nb_vs_rest","Nb higher"
"tcima",6.926739729908,-4.88935116849436,1.82598186716894,0.00445504521308718,0.00985618541736503,"Nb_vs_rest","Other species higher"
"aifm3",70.8963713302859,-4.65983349895108,1.72898504400342,0.00445812909794184,0.00986027444611305,"Nb_vs_rest","Other species higher"
"dusp1",5.03944132906346,-5.03245575706616,1.88809818207071,0.00446108676245374,0.0098626264319899,"Nb_vs_rest","Other species higher"
"fam102aa",5.6664410796073,-4.72154699875896,1.75512677122602,0.00446290025638039,0.0098626264319899,"Nb_vs_rest","Other species higher"
"atp6v1h",4.73521420964456,-4.59668213734895,1.7028139924355,0.00446181243873602,0.0098626264319899,"Nb_vs_rest","Other species higher"
"slc25a48",4.30569723043491,-4.7860400034282,1.782769035842,0.00447070076489318,0.00987712959685703,"Nb_vs_rest","Other species higher"
"slco1c1",7.87673835623328,3.3763983389314,1.21908359106575,0.00447620264093371,0.00988654776491862,"Nb_vs_rest","Nb higher"
"ccar1",13.7325744260369,2.92287978975082,1.04815477498199,0.00447922189826644,0.00989047890098676,"Nb_vs_rest","Nb higher"
"sdha",12.6556448020739,-4.85077133558076,1.81081154558348,0.00448047007517389,0.00989049825723032,"Nb_vs_rest","Other species higher"
"pip4p1a",21.0885881566698,-4.77680586761686,1.77960482866917,0.00448547464941888,0.00989880743981268,"Nb_vs_rest","Other species higher"
"b3galnt2",6.3705566340467,-4.60366763835842,1.70706196991078,0.00448972152381521,0.00990544035389699,"Nb_vs_rest","Other species higher"
"reep5",112.729122743235,-5.24032087547875,1.98169437979528,0.0044945152313426,0.009913275717555,"Nb_vs_rest","Other species higher"
"bbs9",12.1422880707241,-4.92835912681982,1.84497277215936,0.00449731805895202,0.00991671680310505,"Nb_vs_rest","Other species higher"
"impdh1a",17.0809646709819,-5.03197201170253,1.88998890148558,0.00449937424856524,0.00991851008385376,"Nb_vs_rest","Other species higher"
"rpp21",38.0396808356781,-5.06769397808541,1.9062137857244,0.00451054598249034,0.00994039131186769,"Nb_vs_rest","Other species higher"
"mark4a",3.87533568549405,-4.8985889235563,1.83315039215511,0.00451607245731982,0.00994707651377648,"Nb_vs_rest","Other species higher"
"clcn3",6.82707247644159,-4.60550273569574,1.70903891312702,0.00451503258058079,0.00994707651377648,"Nb_vs_rest","Other species higher"
"manea",7.22468148820615,-5.04055358708875,1.89480704480658,0.00451898312607068,0.00995074098952649,"Nb_vs_rest","Other species higher"
"lamb2l",4.09231961682345,-4.65263623540081,1.72982127461969,0.00453723723260625,0.00998818016998562,"Nb_vs_rest","Other species higher"
"xk",33.2048238330542,-5.18514322341157,1.95997918100664,0.00454466265866302,0.0100017672410731,"Nb_vs_rest","Other species higher"
"ppa1a",11.7155773355614,-4.98912047279814,1.87420466904642,0.00455238033891355,0.0100159898275517,"Nb_vs_rest","Other species higher"
"cox5ab",12.0342286395643,-4.54330760635052,1.68499419394951,0.00455408571978367,0.0100169801664481,"Nb_vs_rest","Other species higher"
"zfpl1",5.3390598242151,-4.76680625088478,1.7790706393144,0.00455918084557074,0.010025423848899,"Nb_vs_rest","Other species higher"
"ZBTB5",6.8177641555213,-4.66148413736859,1.73468325911398,0.00456098379535859,0.0100263421902056,"Nb_vs_rest","Other species higher"
"dpy19l3",5.06182027696146,-4.62424670712733,1.71912166778935,0.00456211133992939,0.0100263421902056,"Nb_vs_rest","Other species higher"
"RHBDF2",188.911208377171,-4.92770162892786,1.84909503925,0.00458093538753924,0.0100649406367189,"Nb_vs_rest","Other species higher"
"slc25a55b",310.391259024082,-4.89352524893371,1.83441814487167,0.00458222195473313,0.0100649962011479,"Nb_vs_rest","Other species higher"
"cnga1b",91.880106660169,-5.11054907144412,1.92940568606231,0.00458899890341835,0.0100715652500766,"Nb_vs_rest","Other species higher"
"phgdh",4.82791693620327,-4.81024345480007,1.79901771341665,0.00458818629899567,0.0100715652500766,"Nb_vs_rest","Other species higher"
"sema3fa",4.41939052393865,-4.80120197199358,1.79512460055727,0.00458748488438592,0.0100715652500766,"Nb_vs_rest","Other species higher"
"C20orf27",4.58616252045817,-4.891832433065,1.83412829952404,0.00459070346362733,0.0100725360571202,"Nb_vs_rest","Other species higher"
"grnb",7.97377464716912,-4.9613799737917,1.86458319583888,0.00459803973115412,0.0100858595532188,"Nb_vs_rest","Other species higher"
"tmem205",13.3072482057277,-4.71963015119474,1.76126212383705,0.00460339969781368,0.0100948418764917,"Nb_vs_rest","Other species higher"
"osbp",3.86990583904883,-4.91216010098571,1.84378599954688,0.0046078848498286,0.0100991269161308,"Nb_vs_rest","Other species higher"
"sptbn2",6.52093222905002,-4.64160868680416,1.72858495102778,0.00460783522161661,0.0100991269161308,"Nb_vs_rest","Other species higher"
"exd2",34.9410959224707,-4.90594293772275,1.84196579432311,0.00462457165362256,0.010132916473341,"Nb_vs_rest","Other species higher"
"gch1",9.06471413027289,-4.62339489055643,1.72181281337496,0.00462620826981773,0.0101337200090984,"Nb_vs_rest","Other species higher"
"plod2",8.93736682761661,-4.90583710274253,1.84297321876497,0.00464495954791004,0.0101716788541565,"Nb_vs_rest","Other species higher"
"slmapa",5.69409470141465,-4.5100299534282,1.67541273333717,0.00464608639390981,0.0101716788541565,"Nb_vs_rest","Other species higher"
"n4bp2",15.7766957427198,-4.83353439461737,1.81259880377645,0.00465989755993551,0.0101991175338139,"Nb_vs_rest","Other species higher"
"kcna4",4.85146171906358,-4.93738114511698,1.8576533260442,0.00466461192737448,0.0102066364629691,"Nb_vs_rest","Other species higher"
"si:ch211-153j24.3",568.909568377971,-5.25765300455818,1.99957206290181,0.00466842609178893,0.0102080100901258,"Nb_vs_rest","Other species higher"
"capns1b",10.1205317925482,-4.94397498965533,1.86067620974526,0.00466768023283151,0.0102080100901258,"Nb_vs_rest","Other species higher"
"st6galnac5a",3.73345595258905,-4.75553294276094,1.77971849502458,0.00466907729686206,0.0102080100901258,"Nb_vs_rest","Other species higher"
"fam177a1",16.5353122467945,-4.78401193598558,1.79239866257042,0.00467996005901527,0.0102290006220054,"Nb_vs_rest","Other species higher"
"prkci",5.88937912597286,-5.07193336228067,1.91771716207199,0.00468688993719991,0.0102295313903208,"Nb_vs_rest","Other species higher"
"lmcd1",5.5359852561023,-5.01201124149323,1.89135310931295,0.00468660139295034,0.0102295313903208,"Nb_vs_rest","Other species higher"
"csad",13.3217815377923,-4.83078151821524,1.81282295517404,0.00468789427248161,0.0102295313903208,"Nb_vs_rest","Other species higher"
"kif25",10.052528321507,-4.80250615151205,1.80067021236331,0.00468729009276025,0.0102295313903208,"Nb_vs_rest","Other species higher"
"ap5m1",22.0559666043275,-4.76102392166028,1.78295552112307,0.00468739037001746,0.0102295313903208,"Nb_vs_rest","Other species higher"
"actr1",10.9462774846528,-4.64200819394943,1.73236697165786,0.0046839403205046,0.0102295313903208,"Nb_vs_rest","Other species higher"
"usp2a",7.01308601948846,-4.48107805358052,1.66588623810449,0.0047013060851759,0.010255993045299,"Nb_vs_rest","Other species higher"
"mn1b",5.23739050167816,3.73398315295174,1.36511691419713,0.00470665623917815,0.0102648583735014,"Nb_vs_rest","Nb higher"
"slc24a4b",3.76628469830276,-4.75184827818236,1.78073728177751,0.00472206735887947,0.0102956550611634,"Nb_vs_rest","Other species higher"
"adgra2",6.41160291432757,-5.2987423676935,2.02171843582384,0.00472945070225089,0.0103089365211587,"Nb_vs_rest","Other species higher"
"bgnb",12.2307682294077,-5.05033213616212,1.91147527321113,0.00474818440907108,0.0103469447253925,"Nb_vs_rest","Other species higher"
"tab2",6.50255421093191,-4.85208060506698,1.82536481202139,0.0047553300665401,0.0103596871228474,"Nb_vs_rest","Other species higher"
"adcy7",20.7000233062141,-5.0210296493528,1.89925580279473,0.00476119183346557,0.0103694629774763,"Nb_vs_rest","Other species higher"
"prodha",10.5144205725103,-4.70711104576779,1.76363674400249,0.00476241626722438,0.0103694629774763,"Nb_vs_rest","Other species higher"
"taok2b",26.0000149685383,-4.76496642794282,1.78863124435689,0.00476923196984492,0.0103814705726575,"Nb_vs_rest","Other species higher"
"nid1a",36.4448452332073,-4.96968682436236,1.87789725056175,0.00478355714943208,0.0104059748994155,"Nb_vs_rest","Other species higher"
"stat3",11.2767626572889,-4.6582064548172,1.7439329720888,0.00478440124134781,0.0104059748994155,"Nb_vs_rest","Other species higher"
"eftud2",6.73086882948202,-4.45915734585731,1.66043222899345,0.00478343898949535,0.0104059748994155,"Nb_vs_rest","Other species higher"
"tnip2",4.73879547648102,-4.97328169570268,1.87973581338054,0.00478868154331844,0.0104102328160548,"Nb_vs_rest","Other species higher"
"uso1",5.90836656756725,-4.95235823503757,1.87066679746801,0.00479027254392896,0.0104102328160548,"Nb_vs_rest","Other species higher"
"si:ch211-248l17.3",42.7676652197108,-4.76857027118053,1.79114624752119,0.00478928560108263,0.0104102328160548,"Nb_vs_rest","Other species higher"
"rasgef1ba",4.48439964537805,-4.97050045868943,1.87877187917003,0.00479359297710058,0.0104117778871156,"Nb_vs_rest","Other species higher"
"foxm1",34.630116979261,-4.86944544006448,1.83476349302846,0.00479322169741801,0.0104117778871156,"Nb_vs_rest","Other species higher"
"nol9",5.7074435047028,-4.90073244158442,1.84855553706112,0.00479770023034051,0.0104178633573108,"Nb_vs_rest","Other species higher"
"cdh2",17.9390177945057,-4.55010004456817,1.6991028894525,0.00479967404122081,0.0104193141591246,"Nb_vs_rest","Other species higher"
"zgc:110045",4.42177321272217,-4.95055506046406,1.87065095985766,0.00480532147617578,0.010422158467941,"Nb_vs_rest","Other species higher"
"zdhhc4",8.79555889327584,-4.74987952272408,1.78396656202802,0.00480620841629357,0.010422158467941,"Nb_vs_rest","Other species higher"
"clcn6",9.76403632219573,-4.65892925323299,1.74518285153184,0.00480456662330247,0.010422158467941,"Nb_vs_rest","Other species higher"
"eif3jb",8.99682672646812,-4.6028218814434,1.72143831372254,0.00480365794603964,0.010422158467941,"Nb_vs_rest","Other species higher"
"fli1a",6.77955987899565,-5.02944848838938,1.90553384125395,0.0048100456810509,0.0104250358023341,"Nb_vs_rest","Other species higher"
"znf648",5.65656060809254,4.00956254825904,1.47815635320517,0.00481014809826996,0.0104250358023341,"Nb_vs_rest","Nb higher"
"mitd1",52.1193637302429,-4.77854648977675,1.79727727966221,0.00482757794567757,0.010459970677846,"Nb_vs_rest","Other species higher"
"enpp5",6.82628769274846,-4.48466137152731,1.6732350829104,0.0048330758967506,0.0104690406232546,"Nb_vs_rest","Other species higher"
"grin1a",5.89422976734033,-5.1836856703732,1.97575326361407,0.00483787221653858,0.0104765862382572,"Nb_vs_rest","Other species higher"
"prkcz",8.04168468019897,-4.7575901189821,1.78914885086449,0.00484539313112702,0.0104893857919197,"Nb_vs_rest","Other species higher"
"LIN28A",12.3944717693612,-4.64362767268532,1.74064722362324,0.00484641170611627,0.0104893857919197,"Nb_vs_rest","Other species higher"
"nup107",6.11371508724752,-4.75581577575525,1.7889656449431,0.00485743925166017,0.0105104027191562,"Nb_vs_rest","Other species higher"
"perp",5.68822003073112,-5.22365002869122,1.99524229209439,0.00486396435654035,0.0105179761379994,"Nb_vs_rest","Other species higher"
"chico",4.72891734893883,-4.83710796639491,1.82432328057499,0.00486489347435536,0.0105179761379994,"Nb_vs_rest","Other species higher"
"cox6b1",10.7768067752949,3.51587008794833,1.28522344632751,0.00486304584044339,0.0105179761379994,"Nb_vs_rest","Nb higher"
"scarf1",5.56022319500615,-4.88349343969582,1.8446057850644,0.00486836240582468,0.0105197913317165,"Nb_vs_rest","Other species higher"
"chchd3a",8.45763214661173,-4.61953927087701,1.7314626720087,0.00486836959749736,0.0105197913317165,"Nb_vs_rest","Other species higher"
"LEPROT",15.0347330535063,-5.12677242660826,1.95215736972314,0.00487373954844219,0.0105262005920247,"Nb_vs_rest","Other species higher"
"fam49bb",4.88630618489401,-5.08402407375263,1.93321208700984,0.00487627927244174,0.0105262005920247,"Nb_vs_rest","Other species higher"
"eml2",4.78016810229679,-5.03846277162184,1.91302804688461,0.00487709477738457,0.0105262005920247,"Nb_vs_rest","Other species higher"
"evlb",5.50038162419061,-4.85111239283704,1.83102584971527,0.00487793105129167,0.0105262005920247,"Nb_vs_rest","Other species higher"
"nop2",3.35924183538515,-4.68509854511393,1.75967007475315,0.00487676352307887,0.0105262005920247,"Nb_vs_rest","Other species higher"
"uacab",9.71614870157951,-5.17175052863832,1.97449952548197,0.00491336823811636,0.0105998049581424,"Nb_vs_rest","Other species higher"
"ddx27",6.30270060619883,-4.94542247947246,1.87408540156438,0.00491708301215442,0.0106049520099979,"Nb_vs_rest","Other species higher"
"vti1a",10.6041105293789,-4.59875410836676,1.72502511421212,0.00492005544481199,0.0106056300512155,"Nb_vs_rest","Other species higher"
"phlpp1",8.35063843923189,3.01807726973324,1.09581547035067,0.00491895511812891,0.0106056300512155,"Nb_vs_rest","Nb higher"
"usb1",15.4494018559535,-4.94945598740285,1.87610352392386,0.00492201199041516,0.0106069823611971,"Nb_vs_rest","Other species higher"
"atf7b",4.44796000093867,-5.02484531064909,1.90952493537738,0.00492572935965437,0.0106121275081107,"Nb_vs_rest","Other species higher"
"rgs9b",7.68153964835598,-4.69210944778948,1.76511951239312,0.00492957394587001,0.0106146789228394,"Nb_vs_rest","Other species higher"
"si:zfos-80g12.1",11.1409785576603,-4.52018741233422,1.69231068322547,0.00492863530985354,0.0106146789228394,"Nb_vs_rest","Other species higher"
"spire1b",4.23229836021064,-4.63672853710845,1.74165779778494,0.0049320390457488,0.0106171220893109,"Nb_vs_rest","Other species higher"
"lnpep",9.28762526146178,-4.45677495837568,1.66612261385992,0.00493679272886234,0.0106244892061277,"Nb_vs_rest","Other species higher"
"cd82b",5.75753169141116,2.88903010876763,1.04751124946515,0.00493844140333907,0.0106251718518862,"Nb_vs_rest","Nb higher"
"kdm1a",3.83654301827528,-4.73627960271876,1.78473785790111,0.00494488482824614,0.0106333012474816,"Nb_vs_rest","Other species higher"
"vps37b",5.33243393897784,-4.67014126893,1.75642375525291,0.00494412668180545,0.0106333012474816,"Nb_vs_rest","Other species higher"
"stx4",6.15972653022665,-5.1330097095209,1.95883556202443,0.00494622999338465,0.0106333284879336,"Nb_vs_rest","Other species higher"
"pds5b",6.06236134425676,-4.70049872949993,1.76966113788734,0.00495017592629828,0.010638945298104,"Nb_vs_rest","Other species higher"
"tra2b",5.18635665445775,-4.91223810733948,1.86135012876198,0.0049530229759701,0.0106393333373463,"Nb_vs_rest","Other species higher"
"ccnl1a",9.67428080442526,-3.25091495048059,1.18558109728987,0.00495208396610825,0.0106393333373463,"Nb_vs_rest","Other species higher"
"pdxdc1",4.4249142434827,-4.68231440497506,1.76211006081248,0.00495485180983217,0.0106403975894674,"Nb_vs_rest","Other species higher"
"GTPBP1",4.48736265660385,-4.91257672241044,1.86196018450169,0.00496232382629052,0.0106519029927132,"Nb_vs_rest","Other species higher"
"midn",3.27772612506648,-4.6510551153536,1.7492173495072,0.00496421393858403,0.0106519029927132,"Nb_vs_rest","Other species higher"
"slc16a9a",8.78667086233702,2.65763155845996,0.961237270711987,0.00496398804129396,0.0106519029927132,"Nb_vs_rest","Nb higher"
"hinfp",3.96825513487722,-4.74611871738037,1.79018473185875,0.00497085009315057,0.010663275199823,"Nb_vs_rest","Other species higher"
"khk",3.18593482900496,-4.63524871033596,1.74307601586508,0.0049769955869588,0.0106735890308872,"Nb_vs_rest","Other species higher"
"si:ch73-147o17.1",5.59373460411811,3.07937092182469,1.12084958066679,0.00498365508103785,0.0106849993408603,"Nb_vs_rest","Nb higher"
"C1orf50",19.039038975688,-4.54160702506564,1.7038051517429,0.00498508779120102,0.010685200261559,"Nb_vs_rest","Other species higher"
"cox5b2",31.352886951309,2.18404144761047,0.78620564212658,0.00499023417923122,0.0106933589554955,"Nb_vs_rest","Nb higher"
"tfpi2",6.58637860911684,-4.8946675527828,1.85559687623937,0.00499208062641438,0.0106944438654461,"Nb_vs_rest","Other species higher"
"sec22c",15.7191745605805,-5.00145017191566,1.90275809391932,0.00499579211256648,0.010699522559925,"Nb_vs_rest","Other species higher"
"VMP1",7.38369482536358,-4.76685682658287,1.80035739303476,0.00499726084490092,0.0106997964964608,"Nb_vs_rest","Other species higher"
"xkrx",4.63380637625017,-4.7760329715928,1.8046883879169,0.00500513231077874,0.0107137757081584,"Nb_vs_rest","Other species higher"
"pla2r1",7.56652766959826,-5.21870952175276,2.0011807588137,0.00501282450583784,0.0107257983980835,"Nb_vs_rest","Other species higher"
"JUND",3.9113986708037,-4.6295648372181,1.74230780846144,0.00501343709584604,0.0107257983980835,"Nb_vs_rest","Other species higher"
"vgll4l",4.2131845635949,-4.85011635330821,1.8377563883591,0.00502490192822065,0.0107474450247121,"Nb_vs_rest","Other species higher"
"cry2",4.37097294061062,-4.94602413338885,1.87990959906003,0.00502805684870951,0.0107513112681409,"Nb_vs_rest","Other species higher"
"gabarapl2",30.5976165691728,3.488017631017,1.27967379108199,0.00503079123881808,0.0107542764762305,"Nb_vs_rest","Nb higher"
"rbm8a",13.2865850777416,-4.70785095145992,1.77666303029219,0.00503338703522911,0.0107569439049621,"Nb_vs_rest","Other species higher"
"egln2",4.66194937687253,-4.67601328022475,1.76319336923964,0.00503708001065896,0.0107619540789983,"Nb_vs_rest","Other species higher"
"cav3",11.6159761508556,-5.25515470802275,2.01923260528155,0.00503853302109125,0.0107621770632516,"Nb_vs_rest","Other species higher"
"klhl13",4.35332798198851,-4.63748905036769,1.74725336627061,0.00504830556765742,0.0107801654883346,"Nb_vs_rest","Other species higher"
"ccdc174",5.79482016859455,-4.53758618764132,1.70529986669544,0.00505793493200281,0.0107978386188824,"Nb_vs_rest","Other species higher"
"atcayb",8.21335388803004,3.09759365100716,1.13022236816863,0.00507344906361224,0.010828061922339,"Nb_vs_rest","Nb higher"
"sb:cb81",4.43218956304933,-4.95380152139212,1.88575591519117,0.00507670705565511,0.0108321182631358,"Nb_vs_rest","Other species higher"
"myo18aa",4.23045671837934,-4.74889397507832,1.79642614956802,0.00507878720079897,0.0108336599471734,"Nb_vs_rest","Other species higher"
"ints13",3.90358613483611,-4.72268640925276,1.78545392481435,0.00508579506789342,0.0108457094179021,"Nb_vs_rest","Other species higher"
"nudcd1",6.65284632381679,-4.94074274967073,1.88175879491148,0.00511249867923483,0.0108953850808603,"Nb_vs_rest","Other species higher"
"myo3a",8.32987506876407,-4.72231292575504,1.78645321842279,0.00511103361941428,0.0108953850808603,"Nb_vs_rest","Other species higher"
"dnajc8",31.632005039816,2.20782474872283,0.797237200800612,0.00511318510373708,0.0108953850808603,"Nb_vs_rest","Nb higher"
"znf106a",7.85739002661699,-4.74641536238423,1.79764360493569,0.00512819600156769,0.0109244538421009,"Nb_vs_rest","Other species higher"
"ADAM12",5.5025541464146,-4.56386544066074,1.71971814240692,0.00513357969855742,0.0109330040017316,"Nb_vs_rest","Other species higher"
"pfdn5",11.2058870012375,-4.92647368723243,1.87666906701299,0.00513711454319254,0.0109376131415892,"Nb_vs_rest","Other species higher"
"ttc7a",14.3235779854818,-4.93148992077416,1.87919764325317,0.00514356981673433,0.0109480199979846,"Nb_vs_rest","Other species higher"
"rnf103",7.32628789941538,-4.7046787152408,1.78039811262815,0.00514474623965442,0.0109480199979846,"Nb_vs_rest","Other species higher"
"ncf1",6.20774717057678,-5.23941638836485,2.01795123712341,0.00514758597269248,0.0109511426451842,"Nb_vs_rest","Other species higher"
"abcb11a",4.41763511116161,4.72510631306523,1.78940350083449,0.00514914410705792,0.0109515378396381,"Nb_vs_rest","Nb higher"
"pafah1b2",8.1318918362083,-4.89534114387466,1.86426576582423,0.00516411724852096,0.0109804571391413,"Nb_vs_rest","Other species higher"
"FOXQ1",4.49557860062458,-4.99614909331462,1.90907583738949,0.00516821992054654,0.0109850211568851,"Nb_vs_rest","Other species higher"
"ppp5c",7.64537761392765,-4.73391111264828,1.7941148669553,0.00516901684763205,0.0109850211568851,"Nb_vs_rest","Other species higher"
"klb",5.38297012199364,-4.75949845232535,1.80573082746764,0.00518077391471368,0.0110070755695993,"Nb_vs_rest","Other species higher"
"nup160",22.1364547110547,-4.65476711076108,1.76072262163719,0.00518413525658785,0.011011285426556,"Nb_vs_rest","Other species higher"
"arpc2",25.3708535442165,-4.90101422681169,1.86789601484229,0.00518764216781977,0.0110158021551894,"Nb_vs_rest","Other species higher"
"ctnnbip1",4.11499399113668,-4.64265808134051,1.75583609025111,0.00519098585188134,0.0110199699648878,"Nb_vs_rest","Other species higher"
"mmp14a",4.00400173399176,-4.89725996419678,1.86725617450784,0.0052087528214536,0.0110547466795744,"Nb_vs_rest","Other species higher"
"crk",4.06888917787342,-4.97054578657349,1.89976753448595,0.00521034442309771,0.0110551843914703,"Nb_vs_rest","Other species higher"
"akirin2",13.7853259631151,-4.76190152227883,1.80840357765372,0.00521623139865309,0.0110647332698702,"Nb_vs_rest","Other species higher"
"pepd",14.1686662960017,-4.98782443948977,1.90788591699839,0.00521906002500014,0.0110677913897159,"Nb_vs_rest","Other species higher"
"mrtfab",10.962938086096,-4.58280424868387,1.73200037432427,0.00523092221077165,0.0110899997986073,"Nb_vs_rest","Other species higher"
"mcm3ap",5.02596721317288,-4.91555010108436,1.87659359531325,0.00523509948975226,0.0110959080818653,"Nb_vs_rest","Other species higher"
"ankle2",5.38987137257584,-4.64140591500739,1.75767946702508,0.00524486936668326,0.0111136637137898,"Nb_vs_rest","Other species higher"
"fam3a",20.772063242879,-5.05585766219611,1.94060635368196,0.00526442213108273,0.011152133954351,"Nb_vs_rest","Other species higher"
"poldip3",5.64063524596093,-4.49739134407214,1.69768128796488,0.00527747491115827,0.0111768178850963,"Nb_vs_rest","Other species higher"
"eri1",114.032063908226,-4.92617881427252,1.88352428503823,0.00528142996802684,0.0111792602506245,"Nb_vs_rest","Other species higher"
"slit3",5.57713991572734,-4.7488409930319,1.80566278453741,0.00528049015203383,0.0111792602506245,"Nb_vs_rest","Other species higher"
"cntn3a.1",6.26031436664946,-4.61402026323927,1.74768024291701,0.0052847714183519,0.0111833667245951,"Nb_vs_rest","Other species higher"
"mad2l2",3.7012134854466,-4.67744968493933,1.77564760477843,0.00530053704759193,0.0112125128359779,"Nb_vs_rest","Other species higher"
"mettl25",11.7387457085668,-4.58103611691273,1.73428094020513,0.00530135475315096,0.0112125128359779,"Nb_vs_rest","Other species higher"
"kin",4.94551788042855,-4.60093607733683,1.7429479793212,0.00530492961748095,0.0112171007810011,"Nb_vs_rest","Other species higher"
"ddr2l",4.60818885247267,-4.87368141512913,1.86192706134844,0.00531544389916881,0.0112363555802297,"Nb_vs_rest","Other species higher"
"hephl1b",9.05568157743323,-4.5472801257982,1.72116393191698,0.0053316748744639,0.0112676815408427,"Nb_vs_rest","Other species higher"
"thrap3b",5.47820257078817,-4.90808530655962,1.87814076216943,0.00533667842510731,0.0112752575410666,"Nb_vs_rest","Other species higher"
"lsm1",28.345813726027,-4.67053835932565,1.77432025386311,0.00533808558773805,0.0112752575410666,"Nb_vs_rest","Other species higher"
"polr3d",4.44077125096353,-4.8204148780584,1.84018839723334,0.00535199010323231,0.0112956575043094,"Nb_vs_rest","Other species higher"
"brd1a",10.6072809208215,-4.63374433228851,1.75899528304933,0.00535031269868313,0.0112956575043094,"Nb_vs_rest","Other species higher"
"vps26a",3.56604876270055,-4.6139831905353,1.75053101716972,0.00535101479334058,0.0112956575043094,"Nb_vs_rest","Other species higher"
"OTOP1",3.49863179877769,4.33639309441668,1.63367021965191,0.00537045241796593,0.0113316262018424,"Nb_vs_rest","Nb higher"
"rnf220a",4.90648383912428,-4.67377750696241,1.77737114062728,0.00537571446584641,0.0113397307526974,"Nb_vs_rest","Other species higher"
"sertad4",3.29487727838656,-4.56696608044436,1.73235254012422,0.00539740962209491,0.0113824864652002,"Nb_vs_rest","Other species higher"
"fam83d",4.51518228361345,-4.68282174505392,1.78244302139787,0.00540213470780493,0.0113894412069441,"Nb_vs_rest","Other species higher"
"zgc:66440",3.60925997213933,-4.57529653777214,1.73628109161942,0.00540594072914977,0.0113944551026453,"Nb_vs_rest","Other species higher"
"phykpl",2736.9894011005,-1.91950278411038,0.695822811024834,0.00540851396211396,0.0113968686077817,"Nb_vs_rest","Other species higher"
"mbtps1",11.0518311475572,-4.6795495041787,1.78190412655939,0.00542223016087385,0.0114227551963499,"Nb_vs_rest","Other species higher"
"cpt1cb",8.73392912550926,-5.05222094786896,1.94727362353475,0.00543177047162615,0.0114307827963019,"Nb_vs_rest","Other species higher"
"znf385a",4.41323002793094,-4.89726236479566,1.87764153733272,0.00542801068218126,0.0114307827963019,"Nb_vs_rest","Other species higher"
"PIK3CA",3.4522167528139,-4.70888322287604,1.7950473498773,0.00543159269765036,0.0114307827963019,"Nb_vs_rest","Other species higher"
"SAT1",22.0588021490174,2.52441910659909,0.92134808937963,0.00542906871540691,0.0114307827963019,"Nb_vs_rest","Nb higher"
"angptl1a",6.5853016404558,-4.92995130468764,1.89258598072797,0.00543653347701948,0.0114377899147418,"Nb_vs_rest","Other species higher"
"pla2g15",101.027092475853,-2.04697796505383,0.743426036586924,0.00544048491873789,0.011443086360445,"Nb_vs_rest","Other species higher"
"lzic",9.8584421074538,-4.53103418608659,1.71886038814286,0.00544209717881548,0.0114434612613828,"Nb_vs_rest","Other species higher"
"sap30l",4.64514081013915,-4.94085771715901,1.89846335259084,0.0054579036939244,0.0114722693717519,"Nb_vs_rest","Other species higher"
"ppm1bb",6.93190887929751,-4.6101646856121,1.75349851923282,0.00545867253189751,0.0114722693717519,"Nb_vs_rest","Other species higher"
"trioa",6.78725035411398,-4.80477124789414,1.83826713287819,0.00546050543909019,0.0114730998957187,"Nb_vs_rest","Other species higher"
"ubxn10",7.39611303836622,-5.4059082232608,2.11298426658481,0.00546314413628006,0.0114756225868689,"Nb_vs_rest","Other species higher"
"ABHD5",15.7411006077581,2.98247391663364,1.09617515072265,0.00546533905162121,0.0114772120084046,"Nb_vs_rest","Nb higher"
"cdh24a",4.51999688838561,-4.73716258991076,1.80938621572115,0.00547727644034996,0.0114992544051546,"Nb_vs_rest","Other species higher"
"aak1b",5.43573113752123,-4.74971642828228,1.81494126800714,0.00547881286562579,0.0114994546732493,"Nb_vs_rest","Other species higher"
"ncam1a",5.87993331198462,-4.43892049073744,1.68160574220593,0.00548975204092886,0.0115193850346075,"Nb_vs_rest","Other species higher"
"specc1",4.4462452650303,-4.85809595542582,1.86340236369861,0.00549560893423093,0.0115256134809889,"Nb_vs_rest","Other species higher"
"si:ch73-238c9.1",44.0329163621056,-4.52711654617712,1.71935234582346,0.00549442012580527,0.0115256134809889,"Nb_vs_rest","Other species higher"
"jag1b",7.59281666531167,-4.81254077078902,1.8436345522414,0.0055035738733722,0.0115392852100657,"Nb_vs_rest","Other species higher"
"snrpd1",6.33361075963598,-5.19032533637552,2.01716385119173,0.00556540351552393,0.0116566719301525,"Nb_vs_rest","Other species higher"
"lrrc8aa",6.22056235386022,-4.66573331747596,1.78191963748303,0.00556129100726092,0.0116566719301525,"Nb_vs_rest","Other species higher"
"adrb3a",5.50781236405656,4.58003808542217,1.74490021123303,0.00556274355316606,0.0116566719301525,"Nb_vs_rest","Nb higher"
"hspa8",218.487755471831,-2.5540908105366,0.935299599270507,0.00556469797271124,0.0116566719301525,"Nb_vs_rest","Other species higher"
"mrps9",3.90386165701419,-4.5338819711843,1.72523505190457,0.00556699145398293,0.0116569382846454,"Nb_vs_rest","Other species higher"
"csnk2a1",9.85457748286689,-4.49308704436199,1.70791383678216,0.00557047840620507,0.0116611798744797,"Nb_vs_rest","Other species higher"
"nup93",5.08899198428975,-4.93203995749451,1.90040700821048,0.00558348990734143,0.0116853525991567,"Nb_vs_rest","Other species higher"
"si:dkeyp-81f3.4",13.8733583965454,4.01536284727176,1.50908739428921,0.00559875509522088,0.011714228017793,"Nb_vs_rest","Nb higher"
"pla2g12a",3.76450313765977,-4.758239724475,1.82440412827103,0.00560860153767792,0.0117317536751428,"Nb_vs_rest","Other species higher"
"AP3B2",4.85813845865092,-4.97920665552432,1.92291650340133,0.00561125739518322,0.0117340443127471,"Nb_vs_rest","Other species higher"
"pde6d",7.06911336100277,-4.63431115988689,1.77045508134221,0.00561263748643557,0.0117340443127471,"Nb_vs_rest","Other species higher"
"sept5a",6.95068194941697,-4.40866016216956,1.67386278917963,0.005618224952716,0.0117426493249538,"Nb_vs_rest","Other species higher"
"PDE3A",7.70228143797425,-4.58298815092975,1.74859388735755,0.00562105223827928,0.0117454822889418,"Nb_vs_rest","Other species higher"
"kmt2e",12.3301970545282,-4.63871771868244,1.7727986358829,0.00562286088169823,0.0117461858209298,"Nb_vs_rest","Other species higher"
"mmp19",53.9991539762249,3.02742754999774,1.11742848596798,0.00562638479478297,0.0117504712542183,"Nb_vs_rest","Nb higher"
"fdxacb1",12.6514140920646,-5.08834196966941,1.97352434521313,0.00563226586871247,0.0117596759896194,"Nb_vs_rest","Other species higher"
"TMCC3",4.84116137596427,-4.99752099888622,1.93262907868557,0.00564169921011222,0.0117762907917069,"Nb_vs_rest","Other species higher"
"smad2",4.23612587242428,-4.81795188499841,1.85340859237121,0.0056684085034359,0.0118258561718741,"Nb_vs_rest","Other species higher"
"tomm34",9.34751477097067,2.51323188746984,0.921919680066088,0.00566753215978871,0.0118258561718741,"Nb_vs_rest","Nb higher"
"clrn1",8.44635640224328,-4.92347886086694,1.90056450589569,0.00566996269732483,0.0118260068804632,"Nb_vs_rest","Other species higher"
"bicc2",5.84567987257826,3.20868318341427,1.18900104952063,0.0056739401754097,0.0118312105042512,"Nb_vs_rest","Nb higher"
"si:dkey-197i20.6",58.9762596179113,-4.692003545475,1.79828187200983,0.00567619823890839,0.011832827049762,"Nb_vs_rest","Other species higher"
"cemip",6.46213214565311,-5.03591418463035,1.95307315416608,0.0057050935859447,0.0118750207266425,"Nb_vs_rest","Other species higher"
"mtx1a",10.1571567066909,-4.91552525234541,1.89849651706501,0.00570277492832078,0.0118750207266425,"Nb_vs_rest","Other species higher"
"sgsm3",3.61113169993806,-4.76679962307164,1.83243658404353,0.00570613698880622,0.0118750207266425,"Nb_vs_rest","Other species higher"
"akap10",4.93356993815617,-4.74305503177846,1.8220001494875,0.00570685519883131,0.0118750207266425,"Nb_vs_rest","Other species higher"
"OSBPL10",7.43437835239889,-4.71344898340496,1.80883377043577,0.00570327896817284,0.0118750207266425,"Nb_vs_rest","Other species higher"
"RILPL1",5.86747778196112,-4.63994396775176,1.77684475437365,0.00570656469235535,0.0118750207266425,"Nb_vs_rest","Other species higher"
"tlcd4b",68.228277268748,-2.54724116649925,0.93547442737165,0.00570188065290388,0.0118750207266425,"Nb_vs_rest","Other species higher"
"vamp1",5.56837097098164,-5.1505748021956,2.00613450683149,0.00571300502176472,0.0118847184759339,"Nb_vs_rest","Other species higher"
"hax1",7.94799978756576,-5.27081996750045,2.06266183199317,0.00572027936124575,0.0118967498834353,"Nb_vs_rest","Other species higher"
"skap1",92.8322888998982,-4.94641286767294,1.91361400332111,0.00572926893112777,0.0119123413419488,"Nb_vs_rest","Other species higher"
"rpl10a",184.2216509778,-5.00074613171961,1.93891179906467,0.00574426843531026,0.0119404173258077,"Nb_vs_rest","Other species higher"
"rx1",3.88729683371985,-4.79827738422544,1.84833997946187,0.00575136477743767,0.0119520549281127,"Nb_vs_rest","Other species higher"
"zgc:63587",11.8039287905069,-4.77566175606782,1.83856327912405,0.00575696705396877,0.0119590949877324,"Nb_vs_rest","Other species higher"
"stub1",5.52675272101439,-4.68366873212524,1.79809003919507,0.00575774974221403,0.0119590949877324,"Nb_vs_rest","Other species higher"
"oxgr1a.2",4.3176360866701,5.76251525482465,2.30659302609136,0.0057638323416482,0.0119623880588693,"Nb_vs_rest","Nb higher"
"ctsba",15.178595767651,-4.80893725502953,1.85357361972826,0.00576279812133024,0.0119623880588693,"Nb_vs_rest","Other species higher"
"gcc1",40.3784485294962,-4.6697696756909,1.79215859058719,0.00576140825650009,0.0119623880588693,"Nb_vs_rest","Other species higher"
"sdsl",6.24016878973518,-4.51512936810214,1.72577021522608,0.00577967268873844,0.0119921445803777,"Nb_vs_rest","Other species higher"
"shox2",5.18972097073006,-4.86381536480687,1.87886919255691,0.00578149664453777,0.0119928108197066,"Nb_vs_rest","Other species higher"
"cyb5b",5.51830714689619,-4.96268272052798,1.92360778157745,0.0057866385161751,0.0120003574217976,"Nb_vs_rest","Other species higher"
"PRDM15",4.65687105923508,-4.90891859093995,1.90046479607747,0.00581162160354792,0.0120490362162412,"Nb_vs_rest","Other species higher"
"DPP9",4.30457875630644,-4.77247490807844,1.83972036189177,0.00581633870689397,0.0120525533318655,"Nb_vs_rest","Other species higher"
"ZC3H7B",6.00621252249786,-4.71848703500783,1.81586006735856,0.00581626788728121,0.0120525533318655,"Nb_vs_rest","Other species higher"
"chmp2a",7.88001237813115,-4.62402394948798,1.77467418597743,0.00582163980911004,0.0120604064581252,"Nb_vs_rest","Other species higher"
"herc3",3.23469158267374,-4.66228187581179,1.79167380118149,0.00582831572168032,0.0120711028961871,"Nb_vs_rest","Other species higher"
"vcla",4.20586677138197,-4.87159404372277,1.88486869963402,0.0058380141629139,0.0120880521588098,"Nb_vs_rest","Other species higher"
"aqr",7.1262488408499,-5.03461489881599,1.95906199607319,0.00584469598526003,0.012097850287154,"Nb_vs_rest","Other species higher"
"vps53",4.47828690341274,-4.84180080956946,1.87186618753297,0.00584577828411853,0.012097850287154,"Nb_vs_rest","Other species higher"
"nrxn1b",3.97838297191158,-4.69864402155914,1.80846030056986,0.00584799025046892,0.012099290173384,"Nb_vs_rest","Other species higher"
"tmem150aa",10.8016703408371,2.74901674604134,1.01550202670382,0.0058534017231687,0.0121073472656522,"Nb_vs_rest","Nb higher"
"pik3c2a",6.96472840660718,-4.90127921057606,1.8990635854578,0.00585703603724568,0.012111725207883,"Nb_vs_rest","Other species higher"
"nelfcd",130.764697025144,-4.75706013252813,1.83483803516995,0.00586177014213548,0.0121183745425495,"Nb_vs_rest","Other species higher"
"ankrd33bb",7.79484403495695,-4.74277453092962,1.82901833185697,0.00587366353591333,0.0121398174091138,"Nb_vs_rest","Other species higher"
"btg3",4.8916776876084,-4.71193257112827,1.81568834415692,0.00588070424831574,0.012151222139192,"Nb_vs_rest","Other species higher"
"crebbpa",4.78115148854127,-4.91673160547771,1.90725691392618,0.00588429808391306,0.0121523547385161,"Nb_vs_rest","Other species higher"
"tp53inp1",4.13749962325288,-4.88349199741859,1.89225184314071,0.00588389995348423,0.0121523547385161,"Nb_vs_rest","Other species higher"
"dcaf11",10.5636161818869,-4.50193228790952,1.72462326900271,0.00589468779781389,0.0121706619991086,"Nb_vs_rest","Other species higher"
"CHORDC1",5.35151578426659,-4.7735307888084,1.84417516502309,0.0059092338541988,0.0121975390989411,"Nb_vs_rest","Other species higher"
"six3a",3.11337391541387,-4.68789213109271,1.80643270817121,0.00591280586905594,0.0122017560990603,"Nb_vs_rest","Other species higher"
"josd1",4.31282541071349,-4.76907216844154,1.84258660922408,0.00591845559290833,0.0122102574021222,"Nb_vs_rest","Other species higher"
"fen1",35.5110157734213,-4.73319829846835,1.8272795536118,0.00593285075092187,0.0122367921923899,"Nb_vs_rest","Other species higher"
"iffo1b",15.3757765887469,-5.1409529833551,2.01259297151919,0.00593759047389727,0.0122434036128424,"Nb_vs_rest","Other species higher"
"sema3aa",5.13874353038329,-4.94544096359137,1.92283160443588,0.00594145510942705,0.0122482076396869,"Nb_vs_rest","Other species higher"
"PDPR",5.07840385781764,-4.55142246574343,1.7483843113234,0.00595363884109917,0.0122701544297447,"Nb_vs_rest","Other species higher"
"fzd3a",5.74389530473053,-4.68692367482929,1.80783114177428,0.00595685557504335,0.0122736141205386,"Nb_vs_rest","Other species higher"
"btbd17b",6.88746270409465,-5.21107134175455,2.04678685789505,0.00596509881180526,0.0122874260501306,"Nb_vs_rest","Other species higher"
"maza",5.93224618012154,-4.73553090359049,1.82975601064252,0.00596719819504929,0.0122885784765144,"Nb_vs_rest","Other species higher"
"tprb",12.4730529671238,-4.50483069754515,1.72885498074016,0.00597094531623057,0.0122931227098865,"Nb_vs_rest","Other species higher"
"acbd3",7.51850399870136,-4.60340446093567,1.77212578913136,0.00598067848063901,0.0123099856269021,"Nb_vs_rest","Other species higher"
"yipf4",7.87572042853397,-4.55648355973619,1.75247276092658,0.00600137367605591,0.0123493970951331,"Nb_vs_rest","Other species higher"
"relt",7.74636227766448,-4.87373603844564,1.89358486988012,0.00601405732450819,0.012359803163318,"Nb_vs_rest","Other species higher"
"tmeff2a",5.07170132025521,-4.70494297691948,1.81799557135989,0.00601017546682844,0.012359803163318,"Nb_vs_rest","Other species higher"
"ccdc97",3.44520036556655,-4.50058054840335,1.72864992877431,0.00601307304616398,0.012359803163318,"Nb_vs_rest","Other species higher"
"tmem182a",7.11616043527405,3.20879835899656,1.19769275692969,0.00601252685267565,0.012359803163318,"Nb_vs_rest","Nb higher"
"cap2",7.96068786311613,2.19306906207109,0.807360747672528,0.00601417489763955,0.012359803163318,"Nb_vs_rest","Nb higher"
"egln1a",117.149475355247,-2.59297030214194,0.959164396874472,0.00601908373427867,0.0123667065395324,"Nb_vs_rest","Other species higher"
"si:zfos-1192g2.3",4.82093440363475,-4.64919574216568,1.79420611173315,0.00603002775423473,0.0123860029546443,"Nb_vs_rest","Other species higher"
"ifrd1",10.7623149441092,-4.68028622439464,1.80807955569293,0.00603410742338827,0.0123911933192585,"Nb_vs_rest","Other species higher"
"atxn10",80.5319352937609,-4.63104876363033,1.78669820613674,0.00604172395593525,0.0124036421837827,"Nb_vs_rest","Other species higher"
"efhc1",70.3891406596166,-4.89338922936771,1.90429276041025,0.00605572767348101,0.0124291941446447,"Nb_vs_rest","Other species higher"
"luzp2",5.17781005214529,-4.67704062602785,1.80764527159044,0.00605856803824121,0.0124318264194304,"Nb_vs_rest","Other species higher"
"pik3cd",4.67800402752048,-4.68625269227149,1.81181286335599,0.00606090141455897,0.0124334172977328,"Nb_vs_rest","Other species higher"
"stxbp5b",5.60519053563141,-4.87520954666718,1.89649438037286,0.0060655618372075,0.0124397798665936,"Nb_vs_rest","Other species higher"
"mmp14b",36.3112070317225,-5.04058185783643,1.97216320854548,0.00606818916494916,0.0124408941176968,"Nb_vs_rest","Other species higher"
"inppl1b",13.8848327029692,-4.79566522176978,1.86085930573539,0.00606929750546938,0.0124408941176968,"Nb_vs_rest","Other species higher"
"snrpa",4.00515344256258,4.63111324192963,1.78793069524206,0.00607168220190024,0.0124408941176968,"Nb_vs_rest","Nb higher"
"tdp2b",11.2957120230773,-4.41912821958491,1.69573563179116,0.00607234117649486,0.0124408941176968,"Nb_vs_rest","Other species higher"
"zgc:101858",32.2388813385884,3.2208498065917,1.20417443663054,0.00608181666032021,0.0124571090732431,"Nb_vs_rest","Nb higher"
"heatr5a",4.33091728516256,-4.81325284204448,1.86944368241913,0.00608571177888635,0.0124586916355857,"Nb_vs_rest","Other species higher"
"taf6",8.14521100308265,-4.59197215189702,1.77128270243787,0.00608508232660877,0.0124586916355857,"Nb_vs_rest","Other species higher"
"irf5",6.31460697326984,-4.65168372691142,1.79764573732512,0.00608798316047217,0.0124592272199833,"Nb_vs_rest","Other species higher"
"slx1b",231.156090844225,-2.26273573300976,0.834899746621212,0.00608909600976625,0.0124592272199833,"Nb_vs_rest","Other species higher"
"gsg1l",6.18986158179861,-4.65036321798228,1.79723363857905,0.0060922050661651,0.0124623933422193,"Nb_vs_rest","Other species higher"
"noc3l",7.94654545045029,-4.68329773069993,1.81192523187134,0.00609569223625517,0.0124631370856562,"Nb_vs_rest","Other species higher"
"ift172",6.57561917403359,-4.52730404843557,1.74345266992844,0.00609566407920914,0.0124631370856562,"Nb_vs_rest","Other species higher"
"polr3f",6.65164386423011,-4.87850954613156,1.89951872900285,0.00610082941453967,0.0124704453709084,"Nb_vs_rest","Other species higher"
"iqgap2",13.7889044317138,-4.62160026474434,1.78513759673134,0.00610644758239932,0.0124787328316381,"Nb_vs_rest","Other species higher"
"hdac6",5.42771315467058,-5.00020124162534,1.95627928490492,0.00612828133630749,0.0125201446655744,"Nb_vs_rest","Other species higher"
"ptpn9a",5.29740503064363,-4.75783596456338,1.84710482342156,0.00614496472638795,0.0125510157452203,"Nb_vs_rest","Other species higher"
"slc29a4",5.50354742622967,-4.91088640626706,1.9163392692788,0.00614956285526053,0.0125571933431369,"Nb_vs_rest","Other species higher"
"elmsan1b",4.8959863735274,-4.89160083884353,1.90764889987262,0.00615141106829673,0.012557753984397,"Nb_vs_rest","Other species higher"
"spock1",8.2045474602541,-4.71504525219154,1.82867924464483,0.00616097846101762,0.012574068572614,"Nb_vs_rest","Other species higher"
"hspe1",3.49009404340011,-4.65017822754431,1.7999924389339,0.00616292977130576,0.0125748349718793,"Nb_vs_rest","Other species higher"
"spop",3.78304973556379,-4.54381210891123,1.75344503075711,0.00616782696156433,0.0125783948768933,"Nb_vs_rest","Other species higher"
"copa",10.4103413019706,-4.46124001530365,1.71749006741587,0.00616727769026746,0.0125783948768933,"Nb_vs_rest","Other species higher"
"itgb3a",4.80508350788762,-4.9636929725052,1.94183352033986,0.00618048761370218,0.0125995235104237,"Nb_vs_rest","Other species higher"
"b3gat3",3.55800531110122,-4.65066619730433,1.80094455941154,0.00618134518086579,0.0125995235104237,"Nb_vs_rest","Other species higher"
"nav2a",4.29052650636254,-4.62873680347012,1.79175179674392,0.00619375087620587,0.0126215863105523,"Nb_vs_rest","Other species higher"
"kcna7",6.11875955790497,-4.66576895250851,1.80821591721621,0.00619600239456855,0.0126218808225256,"Nb_vs_rest","Other species higher"
"zgc:158564",7.49552082086194,-4.44144847256376,1.71003314999241,0.00619705877978138,0.0126218808225256,"Nb_vs_rest","Other species higher"
"mcm8",7.47523747854767,-4.62639765500563,1.79094422148635,0.0061994216018934,0.0126234713914543,"Nb_vs_rest","Other species higher"
"rps6kc1",4.26372070133439,-4.51790967930852,1.74366452777315,0.00620767027760428,0.012637043065123,"Nb_vs_rest","Other species higher"
"reep6",11.136754478574,-4.56387074360765,1.76390253033301,0.00621116863238388,0.0126377169011788,"Nb_vs_rest","Other species higher"
"si:ch211-212d10.2",7.7155292499347,-4.49128993967507,1.73219027946075,0.00621098906718749,0.0126377169011788,"Nb_vs_rest","Other species higher"
"mbtd1",5.84412050973781,-4.70615422312672,1.82715384121956,0.00622075259082259,0.0126539907404446,"Nb_vs_rest","Other species higher"
"gldc",5.75758467269058,-4.50072252070139,1.73681655428339,0.00622467457703292,0.0126587418768406,"Nb_vs_rest","Other species higher"
"slc22a2",17.142873083205,-4.93782975123599,1.93205857565635,0.00622780706620012,0.0126618854492425,"Nb_vs_rest","Other species higher"
"rcn2",3.26814440359497,-4.60627535196197,1.78359284192447,0.00623809084027627,0.0126777692866844,"Nb_vs_rest","Other species higher"
"mtnr1bb",9.53281515947676,-4.56644294806089,1.76615238572091,0.00624014566867633,0.0126777692866844,"Nb_vs_rest","Other species higher"
"lrrc24",7.74032456772072,3.82932558610294,1.4534467147751,0.00624038568397196,0.0126777692866844,"Nb_vs_rest","Nb higher"
"nfe2l3",4.34818641994609,-4.70279786507139,1.82667485679097,0.00624586960958462,0.0126856807036104,"Nb_vs_rest","Other species higher"
"ZNF423",5.32420083460537,-4.86543591805436,1.90000639204186,0.00625017040040292,0.0126911856985281,"Nb_vs_rest","Other species higher"
"mat2ab",7.76090181173819,-4.90678428599871,1.91948498883235,0.00626526418503006,0.0127185978622589,"Nb_vs_rest","Other species higher"
"stag1a",4.86261971869766,-4.72276340094568,1.83675739509563,0.00627486092242985,0.0127348398171389,"Nb_vs_rest","Other species higher"
"smyd2a",4.30796898820794,-4.61617549909174,1.7909189684482,0.00631369023216049,0.0128103859782967,"Nb_vs_rest","Other species higher"
"psmd1",15.4015540161223,-4.73821571860374,1.84544576078713,0.00631854299836046,0.0128163117137256,"Nb_vs_rest","Other species higher"
"manf",5.53506506695807,-4.59000456443255,1.77959968511714,0.00631982288139227,0.0128163117137256,"Nb_vs_rest","Other species higher"
"crtap",7.27726448956177,-5.12930147628107,2.02541568159668,0.00632596527700088,0.0128255088695292,"Nb_vs_rest","Other species higher"
"RUNDC1",4.19683204710704,-4.71404917670958,1.83518955447766,0.00633253296209537,0.0128355633826571,"Nb_vs_rest","Other species higher"
"cryaa",5.74326069244316,-4.56619914702101,1.77011922397939,0.00634606037515423,0.0128597160471637,"Nb_vs_rest","Other species higher"
"sec23b",5.71905141234277,-4.91219940311664,1.92565091101541,0.00635112727427375,0.0128667163363048,"Nb_vs_rest","Other species higher"
"osbpl2a",7.18921278948132,-4.74043059537502,1.84842186035375,0.0063674927725864,0.0128965970368628,"Nb_vs_rest","Other species higher"
"wdr41",7.66442302237728,-4.96058530542903,1.94924146395604,0.00638216648465223,0.0129197586371194,"Nb_vs_rest","Other species higher"
"prpf39",5.69779886027703,-4.74315454179486,1.85019632631454,0.00638112243746221,0.0129197586371194,"Nb_vs_rest","Other species higher"
"MTMR4",5.77080026014007,-4.91546277395857,1.92870658630517,0.00638757257242768,0.0129274230606069,"Nb_vs_rest","Other species higher"
"emilin1b",15.6652556675001,-5.16202672980642,2.04478498289213,0.00640996505282421,0.0129661650498193,"Nb_vs_rest","Other species higher"
"nipbla",9.99239731416127,-4.36751301271132,1.68575532042415,0.0064083728508853,0.0129661650498193,"Nb_vs_rest","Other species higher"
"adcy2b",5.81307242700784,-4.49080489100408,1.73952777250255,0.00641244419245467,0.0129678927156078,"Nb_vs_rest","Other species higher"
"tmbim1b",58.1990451488201,-4.85290668552197,1.9015784189863,0.00642275132091615,0.0129854460453283,"Nb_vs_rest","Other species higher"
"map1b",21.6634463431046,-4.87870930520672,1.91347513143263,0.00642548934647754,0.0129876912322418,"Nb_vs_rest","Other species higher"
"dph1",6.90769698707414,-4.68228813403133,1.82517027341677,0.00643760715259101,0.0130088896119717,"Nb_vs_rest","Other species higher"
"dio2",4.47589966089745,-4.76201224762027,1.86111216228177,0.00644111395199404,0.013012680844788,"Nb_vs_rest","Other species higher"
"OTUD7A",11.4750129403173,-4.76767271420053,1.86386173435353,0.00644592668012859,0.0130158134887212,"Nb_vs_rest","Other species higher"
"adka",3.69868825270245,-4.75423531986287,1.85775773753889,0.00644490083804172,0.0130158134887212,"Nb_vs_rest","Other species higher"
"sp2",5.1422267172113,-4.35829785165819,1.68348476208683,0.00645660418067754,0.0130340757302825,"Nb_vs_rest","Other species higher"
"anpepa",5.48938994979399,-4.98729328372219,1.96511901341651,0.00646306170291496,0.0130438119345628,"Nb_vs_rest","Other species higher"
"plp2",4.12398765346128,-4.71627243980609,1.84154201221868,0.00646653724598334,0.0130442283172263,"Nb_vs_rest","Other species higher"
"prkcba",3.47239110559153,-4.70431514929546,1.83612219451845,0.00646519078647786,0.0130442283172263,"Nb_vs_rest","Other species higher"
"megf6b",229.316188147217,2.77312658485691,1.03766909348551,0.00647210135742564,0.0130521528512147,"Nb_vs_rest","Nb higher"
"nubp1",4.25347767043673,-4.80494145194794,1.88189245252457,0.00647439970181511,0.0130534890400416,"Nb_vs_rest","Other species higher"
"MAF",4.42453159476099,-4.94866486930037,1.94873232124328,0.00649818455352566,0.0130971435074918,"Nb_vs_rest","Other species higher"
"cdk5r1b",91.2080834114083,-4.62466879412901,1.80193953748516,0.00650097561819234,0.0130971435074918,"Nb_vs_rest","Other species higher"
"hadhab",7.76350882513725,-4.50313180467208,1.74819319806097,0.00650049090117778,0.0130971435074918,"Nb_vs_rest","Other species higher"
"si:ch211-200p22.4",7.00426070238666,3.23287263774415,1.21935622772958,0.00650674345146677,0.0131054550082546,"Nb_vs_rest","Nb higher"
"si:ch211-160f23.7",6.00755365825437,-4.84102263304817,1.90005186035535,0.00651667831826385,0.0131221531616819,"Nb_vs_rest","Other species higher"
"irx3a",4.39527637653845,-4.75990922141295,1.86336112130396,0.00652054690328502,0.013123320123131,"Nb_vs_rest","Other species higher"
"ebag9",9.07880369150932,-4.65764708839019,1.81739062775334,0.00652029872215398,0.013123320123131,"Nb_vs_rest","Other species higher"
"arhgef3",4.43849962044577,-4.69570746083999,1.83481339255615,0.00652997096175125,0.0131389733421016,"Nb_vs_rest","Other species higher"
"CSRNP3",10.3062010214454,-4.87041141666724,1.91436769206931,0.00653774430034578,0.0131450619420438,"Nb_vs_rest","Other species higher"
"fam135a",3.87456700288085,-4.60987284396139,1.79683586641907,0.00653958595362328,0.0131450619420438,"Nb_vs_rest","Other species higher"
"tnpo1",6.98862506376084,-4.60511296304524,1.79458349509592,0.00653601188850805,0.0131450619420438,"Nb_vs_rest","Other species higher"
"nop10",5.21006099988812,-4.58836132615292,1.78722106008545,0.00653802138235827,0.0131450619420438,"Nb_vs_rest","Other species higher"
"flot1b",9.40245783455122,-4.38814954725578,1.69969557270347,0.00654881222927923,0.0131537697704773,"Nb_vs_rest","Other species higher"
"agpat2",7.94789917896182,3.17288214346027,1.19642510375559,0.00654638953747415,0.0131537697704773,"Nb_vs_rest","Nb higher"
"iba57",104.883182358717,1.93017450521977,0.71617903556393,0.00654886306993813,0.0131537697704773,"Nb_vs_rest","Nb higher"
"nat16",4.95965881924327,-4.57557213559776,1.78220052288242,0.00655526615454449,0.0131633175423415,"Nb_vs_rest","Other species higher"
"furinb",3.41712670731062,-4.60608605505317,1.79599170115256,0.00656165600505715,0.0131728339422279,"Nb_vs_rest","Other species higher"
"rorc",8.15084234015967,-4.41729540628104,1.71309297253791,0.00656859065281632,0.0131834389862863,"Nb_vs_rest","Other species higher"
"cln6a",6.92361816855489,-4.58476904624621,1.78739052537768,0.00658473311058579,0.0132091931177664,"Nb_vs_rest","Other species higher"
"adck2",5.47796827168849,-4.52283488907019,1.75994577551886,0.00658386299755578,0.0132091931177664,"Nb_vs_rest","Other species higher"
"fscn1b",10.7520336623618,-4.43503775902677,1.72172007540134,0.00659311403136471,0.0132226815708194,"Nb_vs_rest","Other species higher"
"frem1a",5.4141010449601,-4.97732555734664,1.96717201564009,0.0066182880155507,0.0132642972488831,"Nb_vs_rest","Other species higher"
"slc2a3b",7.657717656602,-4.93227572459457,1.94624417778224,0.0066183182813156,0.0132642972488831,"Nb_vs_rest","Other species higher"
"si:dkey-16j16.4",6.4388404569223,-4.38110265329335,1.69910144720826,0.0066188510833399,0.0132642972488831,"Nb_vs_rest","Other species higher"
"cd276",6.751102717955,-5.04259720760207,1.99798303527426,0.00662428882570362,0.0132718616191601,"Nb_vs_rest","Other species higher"
"efs",11.3333205276283,-4.74041431383928,1.85887737570654,0.00662946627996454,0.0132789008318567,"Nb_vs_rest","Other species higher"
"marveld1",5.22407181083773,-4.70797300871119,1.84485756340139,0.00664565675936288,0.0133066006244713,"Nb_vs_rest","Other species higher"
"cntn4",4.50817027199585,-4.6772116712937,1.83104650558697,0.00664663033698529,0.0133066006244713,"Nb_vs_rest","Other species higher"
"pitpnb",4.8502105757386,-4.62141830393084,1.8063762132073,0.00665522612331367,0.0133161298095651,"Nb_vs_rest","Other species higher"
"prrg4",3.90345085578504,-4.60519843968576,1.79918094695176,0.0066563962168365,0.0133161298095651,"Nb_vs_rest","Other species higher"
"oxsr1a",2.9269738078254,-4.56600280652381,1.78172818486656,0.00665610166754136,0.0133161298095651,"Nb_vs_rest","Other species higher"
"rbm47",6.58174050203351,-5.00457313457193,1.98165003678047,0.00665913420735004,0.013318205856725,"Nb_vs_rest","Other species higher"
"nbeal2",8.19170005513697,-4.66925373497823,1.82801579842873,0.00666077187646484,0.013318205856725,"Nb_vs_rest","Other species higher"
"ripor3",5.5896902509022,-4.40189436146529,1.71074281313254,0.00669207543559243,0.0133774453847764,"Nb_vs_rest","Other species higher"
"march8",7.77922594552376,3.31995079377634,1.25878887479438,0.0066958921885595,0.013381722931306,"Nb_vs_rest","Nb higher"
"tmem35",4.32027800614881,3.35767211612287,1.27408361244316,0.00670034842632093,0.0133872760245471,"Nb_vs_rest","Nb higher"
"csrp1b",4.29158412567321,-4.69233768034041,1.84024172061277,0.00670844559000152,0.0134000990758979,"Nb_vs_rest","Other species higher"
"gli1",3.95324016482031,-4.7742230559279,1.87800778877948,0.00672512257182465,0.0134235508116085,"Nb_vs_rest","Other species higher"
"atp5f1c",7.87821790449235,-4.41813787632524,1.71901693157429,0.00672523259960034,0.0134235508116085,"Nb_vs_rest","Other species higher"
"gpbp1l1",12.6595505637277,2.42465705054734,0.907446058029233,0.00672358374007068,0.0134235508116085,"Nb_vs_rest","Nb higher"
"kdm2ab",5.56858772304158,-4.39018912833181,1.70706462882485,0.00673312367386734,0.013435940714544,"Nb_vs_rest","Other species higher"
"fam171a1",5.3891099192803,-4.57657269343059,1.78971618910278,0.00674465268196973,0.0134555821005296,"Nb_vs_rest","Other species higher"
"ube2q2",8.00282026174347,2.6034382055642,0.977061969473133,0.00674940057270204,0.0134616887203605,"Nb_vs_rest","Nb higher"
"C7orf25",4.94909596117866,-4.42710041233413,1.72403473329106,0.00675611562164399,0.0134717148077759,"Nb_vs_rest","Other species higher"
"polb",5.44221262450169,-4.33256635649041,1.6832852281723,0.00677205603805866,0.0135001267009014,"Nb_vs_rest","Other species higher"
"rhobtb4",9.7696989679946,-4.44797252418727,1.73385938250707,0.00677459942174558,0.0135018240223601,"Nb_vs_rest","Other species higher"
"rem2",4.54914266775753,-4.81658834037362,1.89986622642872,0.006787803424115,0.013524761878761,"Nb_vs_rest","Other species higher"
"glsa",6.38138708045001,-4.41959837995931,1.72193599554684,0.00679009592997281,0.0135259524516183,"Nb_vs_rest","Other species higher"
"adra2da",6.99214080598795,-4.53547203183585,1.7732153370366,0.00679332212426839,0.0135290018846174,"Nb_vs_rest","Other species higher"
"RAB31",7.74418626076268,-4.49528830578629,1.75559019554357,0.00679857300829059,0.0135360809895606,"Nb_vs_rest","Other species higher"
"bcl2l1",7.42978813635771,-4.3749537143202,1.70301133534853,0.00680827385572417,0.0135520143099723,"Nb_vs_rest","Other species higher"
"nfil3-5",5.44091193372895,2.68465833500956,1.00994250869131,0.00681726845835617,0.0135665342388235,"Nb_vs_rest","Nb higher"
"pros1",7.97899508950575,-4.72750493787172,1.86047058217358,0.00682010109563074,0.013568787520103,"Nb_vs_rest","Other species higher"
"jak2a",13.861207277965,-4.99986884760018,1.98685320943065,0.00683301273768213,0.0135910871502252,"Nb_vs_rest","Other species higher"
"rnf145b",5.56252944896667,-4.82080249924654,1.90398060538338,0.00684248086111218,0.0136065281015886,"Nb_vs_rest","Other species higher"
"phf20a",8.2875965874499,-4.53115940181429,1.77329757359103,0.00684844501502889,0.0136115782378525,"Nb_vs_rest","Other species higher"
"ccnf",4.71087347149053,-4.45949301342835,1.74172794464252,0.00685354904256783,0.0136115782378525,"Nb_vs_rest","Other species higher"
"smg6",7.2025062398981,-4.32580536859026,1.6830634369874,0.00685220588593912,0.0136115782378525,"Nb_vs_rest","Other species higher"
"tspan31",6.90611495303701,-4.30854479147165,1.67548679489385,0.00685029088003116,0.0136115782378525,"Nb_vs_rest","Other species higher"
"notum1a",6.60607612653917,3.71320547966958,1.42317979603224,0.00685049341114683,0.0136115782378525,"Nb_vs_rest","Nb higher"
"top1",4.10344032331523,-4.57065873666477,1.79145945356212,0.00686372740692807,0.0136284012707853,"Nb_vs_rest","Other species higher"
"kat8",9.21608312994921,-4.57676091489453,1.79567439620072,0.00690439192634557,0.0137057332269248,"Nb_vs_rest","Other species higher"
"polr2j",4.19136317250352,-4.53990125916688,1.77961834055984,0.00691570152173955,0.0137247694960163,"Nb_vs_rest","Other species higher"
"adma",7.0237631757078,-5.20895012813452,2.09055799784731,0.00691814505871213,0.0137262052631832,"Nb_vs_rest","Other species higher"
"rab34b",90.5550546242347,-4.46942118141533,1.74858441827958,0.00692355130019538,0.0137335171204472,"Nb_vs_rest","Other species higher"
"snrka",4.58506632494001,-4.70376243679743,1.85387149478387,0.00692935815759598,0.0137382057385381,"Nb_vs_rest","Other species higher"
"cngb1b",11.1476521119874,-4.49489306363591,1.76005277797545,0.00692854332794343,0.0137382057385381,"Nb_vs_rest","Other species higher"
"pcyt1ba",4.7529027320052,3.27010507226267,1.24448713318364,0.00693718327943434,0.0137503036686254,"Nb_vs_rest","Nb higher"
"pagr1",7.44755831137264,-4.72010056525661,1.86224453947291,0.00695405311945416,0.0137768976894847,"Nb_vs_rest","Other species higher"
"polm",5.04724410558977,-4.58611114438573,1.80161796096141,0.00695244062724178,0.0137768976894847,"Nb_vs_rest","Other species higher"
"jak2b",6.28389206105199,-4.89699418445153,1.94402458103097,0.00696189826512689,0.0137890166680845,"Nb_vs_rest","Other species higher"
"usp40",3.67949339290112,-4.63665849835582,1.82478167509584,0.00696388326500466,0.0137895256711507,"Nb_vs_rest","Other species higher"
"rgmd",4.48726742067599,-4.77613908615022,1.88831952827107,0.0069659239825114,0.0137901447235031,"Nb_vs_rest","Other species higher"
"nkain4",13.0914762771248,-4.9980432599397,1.99168133027366,0.0069683588416064,0.0137915435406793,"Nb_vs_rest","Other species higher"
"tbl1xr1b",3.21333326871296,-4.4719771823197,1.75155692346416,0.00697591926677231,0.0138018208143668,"Nb_vs_rest","Other species higher"
"tmem183a",6.19745876110298,-4.3825692604787,1.71218970153001,0.00697874022380576,0.0138018208143668,"Nb_vs_rest","Other species higher"
"gps1",8.68747904295488,3.44719466450921,1.31725151439804,0.00697796506016272,0.0138018208143668,"Nb_vs_rest","Nb higher"
"CACNA2D3",5.05114727093117,-4.60604945741481,1.81184416127295,0.00698712828166029,0.0138149860474849,"Nb_vs_rest","Other species higher"
"mpc2",5.80286763313332,-4.67153811529091,1.84168240115178,0.00699403140435922,0.0138219668851209,"Nb_vs_rest","Other species higher"
"phyh",8.45873906920239,-4.44088003727827,1.738481773247,0.00699585516904802,0.0138219668851209,"Nb_vs_rest","Other species higher"
"ascc2",487.434034432552,-1.71173433782531,0.639119613777509,0.00699470474184044,0.0138219668851209,"Nb_vs_rest","Other species higher"
"bmp2k",4.47110655395329,-4.62087996829638,1.81911236527906,0.0070031397613565,0.0138329344791151,"Nb_vs_rest","Other species higher"
"rtca",3.62456919930029,-4.57771158990627,1.79988074272183,0.00700834097969278,0.0138397824840258,"Nb_vs_rest","Other species higher"
"im:7152348",3.93404056816115,-4.51538162264815,1.77223795391385,0.00701508311142966,0.0138496692798636,"Nb_vs_rest","Other species higher"
"map3k22",8.37519094707982,-5.03899689510203,2.01342864936283,0.00702396901329545,0.0138637825194404,"Nb_vs_rest","Other species higher"
"MAP2K6",4.15455027821869,-4.64616256680649,1.83144501886342,0.00702785928880589,0.013866427541938,"Nb_vs_rest","Other species higher"
"ep300a",12.6548634403375,-2.61483866552912,0.98657438965434,0.00702878438685957,0.013866427541938,"Nb_vs_rest","Other species higher"
"gch2",4.82094923705322,-4.83735357659394,1.91947379622514,0.00704099140479291,0.013887076473121,"Nb_vs_rest","Other species higher"
"dscaml1",6.57976869137753,-4.92021056441255,1.95819298431316,0.00704413425090253,0.0138898421848782,"Nb_vs_rest","Other species higher"
"svild",6.73637102288556,-4.74189739481856,1.87583697441074,0.00704948094348774,0.0138969510694249,"Nb_vs_rest","Other species higher"
"tbc1d20",17.0172101267475,-4.64433985838871,1.83162666962404,0.00705512411253994,0.0139046407552652,"Nb_vs_rest","Other species higher"
"magt1",5.37288635434428,-4.58196479505699,1.80390124613042,0.00706669656539862,0.0139240095288595,"Nb_vs_rest","Other species higher"
"eral1",8.41464024011594,-4.45263525149519,1.74625997712331,0.00707014724407879,0.013927369787151,"Nb_vs_rest","Other species higher"
"RAB39B",16.7769815410739,-4.70437367733352,1.85972033814553,0.00707684626211227,0.0139371256593425,"Nb_vs_rest","Other species higher"
"slc4a2b",7.04820293863439,-4.57045795138709,1.79941325651423,0.00708573746552054,0.0139511929372943,"Nb_vs_rest","Other species higher"
"sdccag8",21.2485386153235,2.36982523508247,0.892403912100689,0.00709575037451836,0.0139674612700189,"Nb_vs_rest","Nb higher"
"nuak1b",4.96083625957743,-4.80381146366033,1.90655257154712,0.00710760296350358,0.0139873419602364,"Nb_vs_rest","Other species higher"
"atl3",6.09414300017371,-5.02951641686573,2.01291020521141,0.00711920909415598,0.0140032754674303,"Nb_vs_rest","Other species higher"
"rab42a",4.53077009037801,-4.79203158257887,1.90152633524412,0.00711835298611525,0.0140032754674303,"Nb_vs_rest","Other species higher"
"ubald2",4.64451885237221,-4.70444945543556,1.86153957182652,0.00712447432828038,0.0140070199341204,"Nb_vs_rest","Other species higher"
"fgd6",4.30337664138034,-4.46707608236317,1.75455887735036,0.00712462329731763,0.0140070199341204,"Nb_vs_rest","Other species higher"
"xpc",4.34036567632195,-4.68066296193012,1.85140381426811,0.00714376960642236,0.0140377447572643,"Nb_vs_rest","Other species higher"
"nsmfa",5.05374303066977,-4.66196562330066,1.84288631953024,0.00714363893242308,0.0140377447572643,"Nb_vs_rest","Other species higher"
"foxo6b",5.3072541750479,-4.47902970487189,1.76130675835404,0.00716578270246684,0.0140775347035168,"Nb_vs_rest","Other species higher"
"ano2a",4.10546746469128,-4.55096737662127,1.79373445288677,0.00717215591960323,0.0140865873094841,"Nb_vs_rest","Other species higher"
"prkaa2",5.59644206112465,-4.36000443697654,1.71040191967719,0.00722134136514539,0.0141797008104971,"Nb_vs_rest","Other species higher"
"ttc17",13.2530169998444,-4.56724922571841,1.8029460042001,0.00722527311253101,0.0141839309810572,"Nb_vs_rest","Other species higher"
"shroom1",6.01484498840247,-4.34453405657428,1.70460978145062,0.00725254102031728,0.0142339590118376,"Nb_vs_rest","Other species higher"
"efcc1",9.97267067078612,2.27298162750846,0.857433939790422,0.00725867246131141,0.014242489855241,"Nb_vs_rest","Nb higher"
"npm1a",8.24697028616614,-4.5380842743084,1.79127228380187,0.00726679401540224,0.0142549204136947,"Nb_vs_rest","Other species higher"
"rin2",4.50181139291067,-4.46880341981613,1.76052274661086,0.00727570697816013,0.0142688969490582,"Nb_vs_rest","Other species higher"
"cyp20a1",4.74485521263063,-4.66004099778679,1.84713659088532,0.00728372933093187,0.0142811204080679,"Nb_vs_rest","Other species higher"
"mylk4a",2.905463067211,-4.56102758907736,1.80227096613611,0.00728561114478888,0.0142813011386429,"Nb_vs_rest","Other species higher"
"snx33",11.6230115159206,2.08894637550093,0.78691247436469,0.00729529615038348,0.0142967738899951,"Nb_vs_rest","Nb higher"
"hspb7",4.20109252786666,5.18057617224282,2.09351184676005,0.00729821930450041,0.0142982212733507,"Nb_vs_rest","Nb higher"
"wipf3",36.2142372399871,-4.9079382189362,1.96263816532286,0.00729961822902641,0.0142982212733507,"Nb_vs_rest","Other species higher"
"rln3b",6.95752938592667,-4.96221648525708,1.98971741710146,0.00733494758270838,0.0143638973521504,"Nb_vs_rest","Other species higher"
"SH2B2",33.3739994776319,-4.47672932548612,1.7663168573534,0.00734161412546298,0.0143734251033353,"Nb_vs_rest","Other species higher"
"akt3a",9.35479163657517,-4.35472117467513,1.71214227832637,0.00734507625314972,0.0143766761099178,"Nb_vs_rest","Other species higher"
"fbxo30b",4.33297341812379,-4.65091578380304,1.84657349859687,0.00738335376340515,0.0144445116528495,"Nb_vs_rest","Other species higher"
"hspbp1",3.92938575017849,-4.5745234623702,1.81174865926552,0.007381640208371,0.0144445116528495,"Nb_vs_rest","Other species higher"
"trhra",4.7783753423714,3.3468622987709,1.28629095960748,0.00739499011297125,0.0144637306621349,"Nb_vs_rest","Nb higher"
"rmdn3",7.40124769207808,-4.63049587368434,1.83784782241754,0.00740006787578842,0.0144701155718676,"Nb_vs_rest","Other species higher"
"mxra8b",7.73839622050515,-4.53685265114846,1.79551240278859,0.00740462238251461,0.0144719291237978,"Nb_vs_rest","Other species higher"
"get4",5.79559203564641,-4.47787286243962,1.76895917891145,0.0074042468574231,0.0144719291237978,"Nb_vs_rest","Other species higher"
"tagln",37.2639769817745,-5.17814976923372,2.0972054514414,0.00741137690627509,0.0144815836709293,"Nb_vs_rest","Other species higher"
"clk4a",3.92205833718387,-4.55062424255181,1.80207949536128,0.00741456022322903,0.0144842571802614,"Nb_vs_rest","Other species higher"
"OSBPL8",5.37070089484772,-4.2922374878859,1.68692511790561,0.00741792574281707,0.0144872852245913,"Nb_vs_rest","Other species higher"
"snapc5",5.10114146055463,-4.30585906208373,1.6936797907479,0.00744148201799526,0.0145297348919995,"Nb_vs_rest","Other species higher"
"rab3ab",5.92989261354946,-4.93406936661972,1.98080581698026,0.00744701340969108,0.0145334230886121,"Nb_vs_rest","Other species higher"
"akap11",3.99726479137135,-4.63427700720203,1.84119084792324,0.00744540786087035,0.0145334230886121,"Nb_vs_rest","Other species higher"
"hyi",9.63406203002316,2.87035883233251,1.09524779986738,0.00745123096193171,0.0145380985516418,"Nb_vs_rest","Nb higher"
"sept6",7.01541722002026,-4.41660020983806,1.74342379373672,0.00746030511813265,0.0145522451338789,"Nb_vs_rest","Other species higher"
"gk5",3.80101288767766,-4.61394076722269,1.83263783381292,0.00746601850562998,0.0145598308100995,"Nb_vs_rest","Other species higher"
"ALX4",7.09826681329975,-4.94138743547158,1.98512386593083,0.00746837198183452,0.0145608620608452,"Nb_vs_rest","Other species higher"
"usp32",4.48214568367834,-4.85581165237058,1.94481468801904,0.00747203877762149,0.0145615930504611,"Nb_vs_rest","Other species higher"
"glis2b",3.55426554878265,-4.48686213076583,1.77530603499578,0.00747239643378926,0.0145615930504611,"Nb_vs_rest","Other species higher"
"syt1a",9.03744570411293,-5.07200757811068,2.04819154921349,0.0074777189401337,0.0145684075054363,"Nb_vs_rest","Other species higher"
"b3gnt9",9.5181094657264,-4.62379253953084,1.83771886486917,0.00748253771886713,0.0145742374900072,"Nb_vs_rest","Other species higher"
"VAV1",7.04175545925101,-4.77508727984853,1.90892503212372,0.00752188769453902,0.0146401619030296,"Nb_vs_rest","Other species higher"
"sugt1",10.9263872893395,-4.62864154095455,1.84120171780967,0.00751833317609788,0.0146401619030296,"Nb_vs_rest","Other species higher"
"uprt",252.516098194231,2.55239959098415,0.970640896492411,0.00752130316886095,0.0146401619030296,"Nb_vs_rest","Nb higher"
"tbx20",4.87988006320905,-4.7265560934937,1.88756762102192,0.00755419187501984,0.014693416519175,"Nb_vs_rest","Other species higher"
"hecw2a",4.98525698483809,-4.57728014040451,1.81901168760456,0.00755401650378226,0.014693416519175,"Nb_vs_rest","Other species higher"
"aasdh",3.14941385676458,-4.35709661008856,1.72000439551984,0.00755477292959589,0.014693416519175,"Nb_vs_rest","Other species higher"
"thnsl2",4.03486218590137,3.45184507064464,1.33352294244095,0.00757032760551963,0.014716495564445,"Nb_vs_rest","Nb higher"
"tyro3",7.27863885446391,2.59492759293335,0.98820852860949,0.00756976144791657,0.014716495564445,"Nb_vs_rest","Nb higher"
"emg1",6.9546625062376,-4.78179535391794,1.91426866325258,0.0075816493621678,0.0147349152240865,"Nb_vs_rest","Other species higher"
"dgcr2",6.13711807495796,-4.35786471689747,1.72136494968084,0.00758643732360475,0.0147406305922488,"Nb_vs_rest","Other species higher"
"wdr45b",3.54948432199144,-4.63096947684115,1.84499057126766,0.00759555159896749,0.0147547472638171,"Nb_vs_rest","Other species higher"
"hnrpkl",4.1304570758159,-4.74028353163657,1.8955221153144,0.00759767509368886,0.014755280420452,"Nb_vs_rest","Other species higher"
"unc93b1",7.94007418901178,-4.7016393483678,1.8778112587007,0.00760331377847775,0.014762638431205,"Nb_vs_rest","Other species higher"
"wfikkn2a",5.04821425793944,-4.52160781566973,1.79550866653472,0.00760586980259712,0.0147640090062576,"Nb_vs_rest","Other species higher"
"adgrb3",4.34953918296202,-4.73113756121775,1.89321656397828,0.00765118819379731,0.0148483661932156,"Nb_vs_rest","Other species higher"
"clasrp",3.59076981098441,-4.5560472303696,1.8132958381941,0.00766896000388622,0.014879236769028,"Nb_vs_rest","Other species higher"
"ltbp1",11.4245556642253,-4.77659009645042,1.91538708491275,0.00767797859043884,0.0148858768590141,"Nb_vs_rest","Other species higher"
"etf1a",8.9550124304051,-4.77577831972978,1.91495884599169,0.00767665638720262,0.0148858768590141,"Nb_vs_rest","Other species higher"
"erlin1",9.72257114086612,-4.51406718516756,1.79441248178218,0.00767462922639455,0.0148858768590141,"Nb_vs_rest","Other species higher"
"NTN1",5.81348551328034,-4.37048598929312,1.73005566332891,0.00768193974116329,0.014889939065942,"Nb_vs_rest","Other species higher"
"syt10",19.9731513408593,-4.58234609105554,1.82582165446805,0.00768438542576006,0.0148910625783306,"Nb_vs_rest","Other species higher"
"ipo13",2.97148725088934,-4.5975840043588,1.83347730325216,0.00770426114202974,0.0149259538512739,"Nb_vs_rest","Other species higher"
"numb",3.52463971309405,-4.35547447612292,1.72423874726262,0.00770960601140816,0.0149326834881158,"Nb_vs_rest","Other species higher"
"si:ch211-191j22.3",10.5422613815837,3.87646785158624,1.51539090305899,0.00771299939581552,0.0149356309581674,"Nb_vs_rest","Nb higher"
"papss2a",13.5431833731412,-4.5932514627753,1.83190536325712,0.00771622495695879,0.0149382521000803,"Nb_vs_rest","Other species higher"
"si:dkey-35m8.1",6.80402595456461,-4.46103400736518,1.77204113105844,0.0077232038843976,0.014948136550447,"Nb_vs_rest","Other species higher"
"ncf4",4.66931833816596,-4.54257150285167,1.80912704035727,0.00772691520077188,0.0149516933322404,"Nb_vs_rest","Other species higher"
"kl",45.8656760921499,2.88642117803677,1.10780037622411,0.00777321319559973,0.0150376342547602,"Nb_vs_rest","Nb higher"
"snrpe",4.45243551301236,-4.55940283668596,1.81861140946562,0.00778031838910865,0.015047394499316,"Nb_vs_rest","Other species higher"
"wwc3",23.1370740773874,-4.55098100764711,1.81482338390192,0.00778202971161368,0.015047394499316,"Nb_vs_rest","Other species higher"
"CDH4",5.3925328240769,-4.45336717963577,1.77068584590447,0.00778741451783846,0.015054158878961,"Nb_vs_rest","Other species higher"
"cabp1b",5.08180244153392,-5.02001183700548,2.03586228584546,0.00779699798333931,0.015069034610571,"Nb_vs_rest","Other species higher"
"PLEKHH3",4.18825384820076,-4.65567775539313,1.86396156802295,0.00781232959812722,0.0150950097319746,"Nb_vs_rest","Other species higher"
"dbx1a",28.1761638032702,-4.62943541534621,1.85200331632834,0.00781689483742243,0.0151001744862336,"Nb_vs_rest","Other species higher"
"ndst1a",3.12703831972146,-4.57912461615236,1.82899606699034,0.00782039571168722,0.0151032811663272,"Nb_vs_rest","Other species higher"
"psma2",8.77185938335022,-4.57853320428841,1.8289509256055,0.00782704568206825,0.0151124666205915,"Nb_vs_rest","Other species higher"
"EBF1",8.80983599592943,-4.88653241123306,1.97357563613819,0.00784667806855318,0.0151409314549928,"Nb_vs_rest","Other species higher"
"dtd1",4.96926421194401,-4.5653478555393,1.82361171461548,0.00784777307657875,0.0151409314549928,"Nb_vs_rest","Other species higher"
"exoc1",6.86014864061695,-4.51696544545033,1.80138728274904,0.0078438863832474,0.0151409314549928,"Nb_vs_rest","Other species higher"
"zgc:114119",5.04223001964187,-4.37061768859407,1.73544578462895,0.00784937762271996,0.0151409314549928,"Nb_vs_rest","Other species higher"
"UQCRFS1",5.30493964796773,-4.38943928355181,1.74400187358999,0.0078528268091741,0.0151439241027572,"Nb_vs_rest","Other species higher"
"si:dkey-154p10.3",5.22865931137796,-4.54249761313781,1.81357094636389,0.00786000259883096,0.0151541002026265,"Nb_vs_rest","Other species higher"
"emc7",5.55524616079793,-4.37742679834377,1.7392831998221,0.00787411333625362,0.0151776387495903,"Nb_vs_rest","Other species higher"
"ackr4b",6.14345717828368,-4.72605807593175,1.89907341249675,0.00788039292621338,0.0151824083899524,"Nb_vs_rest","Other species higher"
"golga4",6.21292837126513,-4.3905623999936,1.74537282078656,0.00788006200488365,0.0151824083899524,"Nb_vs_rest","Other species higher"
"c2cd2",3.33465499511472,-4.50707320965866,1.79850213275479,0.00789279533772711,0.0152026325838915,"Nb_vs_rest","Other species higher"
"hsd17b3",4.24896647618777,-4.71321933224605,1.89374914013086,0.00789933252339295,0.0152078826385225,"Nb_vs_rest","Other species higher"
"rxrbb",59.6617069542138,-4.52293850663839,1.80589341521431,0.00789760008439013,0.0152078826385225,"Nb_vs_rest","Other species higher"
"FOXC1",6.05040773544664,-4.91964837571932,1.99203101217554,0.00791591868007453,0.0152361387040508,"Nb_vs_rest","Other species higher"
"filip1a",9.52155157699341,2.44794187903474,0.935893781021357,0.0079183975993265,0.0152372348306307,"Nb_vs_rest","Nb higher"
"slc25a12",970.028593147535,1.50893609062071,0.571563204277855,0.00793490697817371,0.0152653224893506,"Nb_vs_rest","Nb higher"
"plod1a",9.00618494434539,-4.44933595514983,1.77376290004887,0.00793833520464725,0.0152682369084322,"Nb_vs_rest","Other species higher"
"acap1",6.79527955794379,-4.82161686255214,1.94649912798292,0.00794864319652614,0.0152733379986223,"Nb_vs_rest","Other species higher"
"exoc3",8.68318419200952,-4.47459591933326,1.78538133549995,0.00794322562296997,0.0152733379986223,"Nb_vs_rest","Other species higher"
"myo10",5.74999620287016,-4.41756244128337,1.75962156345226,0.00794548867771619,0.0152733379986223,"Nb_vs_rest","Other species higher"
"psmb2",10.9830518113463,-4.36869007608102,1.73765438409785,0.00794690381575253,0.0152733379986223,"Nb_vs_rest","Other species higher"
"hmgcrb",4.05406028368012,-4.62271764512567,1.85412253201161,0.00796890588572119,0.0153085866557668,"Nb_vs_rest","Other species higher"
"agfg1b",4.68492531299461,-4.41370205765266,1.75875887240749,0.00797313230078889,0.0153130194368942,"Nb_vs_rest","Other species higher"
"smarca5",9.39342312047294,-4.32400091773439,1.71869638968754,0.00798161425592194,0.0153256212132476,"Nb_vs_rest","Other species higher"
"dhrs1",8.40041244644808,-4.97219876017574,2.02032584303638,0.00799340398166999,0.0153445667004394,"Nb_vs_rest","Other species higher"
"dag1",8.25181236199432,-4.52943196213142,1.81222630368066,0.00799932212888978,0.0153522343887784,"Nb_vs_rest","Other species higher"
"adcy6a",4.66503519851508,-4.83954283846178,1.95748904759492,0.00801636705887359,0.0153738546334562,"Nb_vs_rest","Other species higher"
"spty2d1",3.46711922290713,-4.63518983752646,1.86151738039498,0.00801636281674906,0.0153738546334562,"Nb_vs_rest","Other species higher"
"sec63",6.75402741056445,-4.2961218713096,1.70727765689644,0.00801570363072147,0.0153738546334562,"Nb_vs_rest","Other species higher"
"stx3a",3.1494876519554,-4.61189765578376,1.8513309679567,0.00803402158913129,0.0154016928922194,"Nb_vs_rest","Other species higher"
"rcan3",5.84030102225848,-4.42871668255801,1.76751096401422,0.0080347427957781,0.0154016928922194,"Nb_vs_rest","Other species higher"
"LGR6",5.24509613718382,-4.48270702144709,1.79214492387195,0.00803787639235752,0.0154039994262759,"Nb_vs_rest","Other species higher"
"UNC13B",13.5075672467043,-4.69280108323277,1.88916893331068,0.00804068627258015,0.0154056846230947,"Nb_vs_rest","Other species higher"
"fabp3",16.0308084242973,-4.66867865611066,1.87877475206306,0.00806563772626567,0.0154497813383581,"Nb_vs_rest","Other species higher"
"EIF4G1",8.10904652113454,2.71887862799863,1.04624849052724,0.00808417476648041,0.0154815729869243,"Nb_vs_rest","Nb higher"
"cog3",4.75733207032229,-4.50743550737009,1.80502185277781,0.0080866623000176,0.0154826211982103,"Nb_vs_rest","Other species higher"
"rassf4a",8.61878997202738,2.97776634114297,1.15072168617454,0.00809354130718563,0.0154920747496621,"Nb_vs_rest","Nb higher"
"rhof",55.9874840265436,-4.4824736372159,1.794782290315,0.00812283491592388,0.0155444178966601,"Nb_vs_rest","Other species higher"
"pipox",5.69965928530424,-4.46882489275559,1.78909301495479,0.00813966415913238,0.0155728889930176,"Nb_vs_rest","Other species higher"
"pou4f3",5.80881419074067,-4.75684034136204,1.92315746123556,0.00815224200819206,0.0155932145794278,"Nb_vs_rest","Other species higher"
"SLC16A7",13.650847920918,-4.63086491065271,1.86469205853835,0.00816908345237019,0.015619575918089,"Nb_vs_rest","Other species higher"
"cbll1",4.74409874105196,-4.56701628070534,1.83513436140743,0.00816993858171723,0.015619575918089,"Nb_vs_rest","Other species higher"
"gpr1",5.96323919296397,-4.80238229996599,1.94565299486463,0.00817791872667525,0.0156310877697889,"Nb_vs_rest","Other species higher"
"mlh1",161.888262877667,-4.61237949186213,1.85678792956252,0.00818952543366846,0.0156495241764067,"Nb_vs_rest","Other species higher"
"polr2h",34.8109990614063,-4.54872973193442,1.82757337754308,0.00819653008683722,0.0156591597062392,"Nb_vs_rest","Other species higher"
"bloc1s1",17.3871685387173,-4.26375247335833,1.69844993522857,0.00820283015057451,0.0156674448543764,"Nb_vs_rest","Other species higher"
"ndst3",5.32559592701941,3.99250077707966,1.57938705958816,0.00822650089239036,0.0157088961764238,"Nb_vs_rest","Nb higher"
"zgc:136870",8.24452791270591,-4.63554570462867,1.86914293940771,0.00823651492202867,0.0157204948762949,"Nb_vs_rest","Other species higher"
"spns1",6.74317535441559,-4.41914746854676,1.76951809462368,0.00823605000962153,0.0157204948762949,"Nb_vs_rest","Other species higher"
"ndufa9a",8.80406262825678,-4.3362744939736,1.73212323335113,0.00824002481695144,0.0157234332949002,"Nb_vs_rest","Other species higher"
"CACNA1D",5.78696947111576,-4.93762410249202,2.01304926768199,0.00824442118368282,0.0157280614501049,"Nb_vs_rest","Other species higher"
"dpysl5b",4.39288206451703,-4.673213283871,1.8871040187877,0.00824709728795151,0.0157294063952804,"Nb_vs_rest","Other species higher"
"gnai2a",10.7166964115141,-4.38228170684382,1.75335577014952,0.00825442783669629,0.0157396258391485,"Nb_vs_rest","Other species higher"
"dock4b",4.44192302811612,-4.73146577844601,1.9151796682528,0.00826684612476547,0.0157575460538357,"Nb_vs_rest","Other species higher"
"si:ch211-136a13.1",5.36973158448422,-4.67810125416853,1.89023352230557,0.00827172436334811,0.0157575460538357,"Nb_vs_rest","Other species higher"
"acadsb",3.71555110981009,-4.64321999708234,1.87377643348075,0.00826781397700504,0.0157575460538357,"Nb_vs_rest","Other species higher"
"gstcd",20.6479118565633,-4.28136735835644,1.70838544966384,0.00827160889408968,0.0157575460538357,"Nb_vs_rest","Other species higher"
"rap2c",7.43576878308078,-5.19291553244835,2.14136966024125,0.00829207589530512,0.0157812462782101,"Nb_vs_rest","Other species higher"
"C11orf68",4.54503566461686,-4.62346874102752,1.8651801687578,0.00828625758951316,0.0157812462782101,"Nb_vs_rest","Other species higher"
"epb41l3b",4.10118236430375,-4.61964197247671,1.86357034989341,0.00829145642267459,0.0157812462782101,"Nb_vs_rest","Other species higher"
"ppid",21.9617970046324,2.19116812269829,0.840151596658721,0.00829085554564164,0.0157812462782101,"Nb_vs_rest","Nb higher"
"taf5l",5.6198034423185,-4.59367883079344,1.85232033691942,0.00831652401524251,0.0158240013451681,"Nb_vs_rest","Other species higher"
"CIR1",7.93104839454194,-4.50011377835754,1.8092275473477,0.00832123689905484,0.0158291943872366,"Nb_vs_rest","Other species higher"
"mov10a",4.80322162102034,-4.54498255779137,1.83045738167299,0.00833818577088221,0.0158576554937178,"Nb_vs_rest","Other species higher"
"wdr19",4.58193562644247,-4.37288190920335,1.75177755795952,0.00834180050198505,0.015860750060958,"Nb_vs_rest","Other species higher"
"iffo1a",5.73209173588733,-4.61926194953346,1.86549024330628,0.00835452582252768,0.0158775348121499,"Nb_vs_rest","Other species higher"
"pus7",3.6065105029934,-4.59277171176618,1.85315265181845,0.00835460760353601,0.0158775348121499,"Nb_vs_rest","Other species higher"
"hnf1a",95.1829330714295,-1.92722912774927,0.737653070309038,0.00835932074596596,0.0158827094173353,"Nb_vs_rest","Other species higher"
"hars",7.12188617009749,-4.55519842851452,1.83603288624274,0.00836435841933027,0.0158884980210082,"Nb_vs_rest","Other species higher"
"VASH1",4.38337159607348,-4.78586849713509,1.94496527647549,0.00838070661158279,0.0159157636269469,"Nb_vs_rest","Other species higher"
"zbtb10",3.19647746131909,-4.44949066556306,1.78816456228629,0.0083896452136912,0.0159289480859519,"Nb_vs_rest","Other species higher"
"klf6a",11.0195721865364,-4.58882450149027,1.85266218106281,0.00839562210281262,0.0159342781625259,"Nb_vs_rest","Other species higher"
"asxl2",5.01210058558369,-4.33791218507547,1.73759451346588,0.0083964460743636,0.0159342781625259,"Nb_vs_rest","Other species higher"
"gprc5bb",6.5791960114298,-4.5212305784225,1.82147306321239,0.00839996260127805,0.0159371615687586,"Nb_vs_rest","Other species higher"
"GALNT3",34.322171804038,-4.62756296685597,1.87114669582015,0.00840816304960037,0.0159451381026167,"Nb_vs_rest","Other species higher"
"ell",16.3504284535376,2.00674660297629,0.769294317336759,0.00840755145231916,0.0159451381026167,"Nb_vs_rest","Nb higher"
"dennd6aa",2.8293974732153,-4.42320784027132,1.77697574921788,0.0084163583093383,0.0159568874574768,"Nb_vs_rest","Other species higher"
"slc45a1",133.212178033244,-4.38498691739175,1.7601475965595,0.00843583346869917,0.0159862149323722,"Nb_vs_rest","Other species higher"
"acyp2",34.4094597489109,-4.22640659968361,1.68855802999782,0.00843519676334604,0.0159862149323722,"Nb_vs_rest","Other species higher"
"roraa",4.6192075083219,-4.43845939830269,1.78468889112174,0.00844020260668213,0.0159906972462781,"Nb_vs_rest","Other species higher"
"b4galt3",5.94862007976811,-4.457713289174,1.79393073803805,0.00845358724281978,0.0160122540227159,"Nb_vs_rest","Other species higher"
"edc4",3.30535707551569,-4.42565735543484,1.77971301965179,0.0084687335964819,0.0160371367109458,"Nb_vs_rest","Other species higher"
"cdc42ep5",149.145718643621,-2.1646213385727,0.832104181394864,0.00847316852265535,0.0160417283062372,"Nb_vs_rest","Other species higher"
"arhgap17a",4.47624032111152,-4.79136962717004,1.95112549543193,0.00848171858431817,0.0160541068080785,"Nb_vs_rest","Other species higher"
"rnf111",3.89527949624206,-4.69291401765169,1.9045364522024,0.00848811752685825,0.0160586007264886,"Nb_vs_rest","Other species higher"
"atp5if1b",6.61158894485377,-4.43416192274351,1.7841502536223,0.00848636364757602,0.0160586007264886,"Nb_vs_rest","Other species higher"
"C12orf65",7.15339360522699,-4.23937523425828,1.69613633664071,0.00849623947741146,0.0160701566792471,"Nb_vs_rest","Other species higher"
"fosl2",5.65529052726457,-4.36577691996515,1.75339239207205,0.00850127138166524,0.0160758638923433,"Nb_vs_rest","Other species higher"
"msmo1",9.39432536707219,2.29935651537643,0.885878179043957,0.00851422762832922,0.0160965497451,"Nb_vs_rest","Nb higher"
"cpn1",23.0671346151767,-4.82529403151897,1.96868588631609,0.0085183091737613,0.0161004517306052,"Nb_vs_rest","Other species higher"
"mlf2",10.7296445360331,-4.31798074751804,1.73231436930086,0.00852168270549294,0.0161030139687032,"Nb_vs_rest","Other species higher"
"kmo",15.9219315815316,-4.48615046765431,1.80949379825262,0.00853287279931918,0.0161203420782592,"Nb_vs_rest","Other species higher"
"lhfpl3",7.08705955686243,-4.85425883818331,1.98346331928825,0.00854116691353397,0.0161321921822488,"Nb_vs_rest","Other species higher"
"nup42",6.17450977993743,-4.55593912550604,1.84287617413791,0.00856601378839638,0.0161752934291063,"Nb_vs_rest","Other species higher"
"rnmt",4.27050202712727,-4.75622218897031,1.93751577903184,0.00857393014727111,0.0161864117755438,"Nb_vs_rest","Other species higher"
"larp1b",6.9879393479869,-4.77497978422748,1.94710781951111,0.0085921232496696,0.0162130866711666,"Nb_vs_rest","Other species higher"
"sec31b",4.21566972558924,-4.45009542908325,1.79470825158224,0.00859146577445087,0.0162130866711666,"Nb_vs_rest","Other species higher"
"sowahca",21.6148904338579,-4.3497396825625,1.74905882564598,0.00860007837074858,0.0162242613235399,"Nb_vs_rest","Other species higher"
"COX5B",7.15103156515918,-4.31837968724449,1.73491289395032,0.00860347623769022,0.0162268353525805,"Nb_vs_rest","Other species higher"
"pstpip2",10.6057862103819,-4.41416350307986,1.77885686776726,0.00861259215465316,0.0162401903105227,"Nb_vs_rest","Other species higher"
"sirt7",4.59556910600721,-4.65180971332172,1.88945588371189,0.00861762602404401,0.0162458435322162,"Nb_vs_rest","Other species higher"
"chs1",5.95200776725622,-4.51463114504503,1.82576978567534,0.00863172688174784,0.0162685830222834,"Nb_vs_rest","Other species higher"
"morn4",7.14037117275431,-4.65323723022671,1.89126681794478,0.00865216472027137,0.0163032525307593,"Nb_vs_rest","Other species higher"
"gabbr1a",4.46735708807465,-4.81712936370549,1.97066565782183,0.00868742384593074,0.0163619641941296,"Nb_vs_rest","Other species higher"
"ptena",7.70238230535882,-4.25179921145153,1.70720578676346,0.00868651092390351,0.0163619641941296,"Nb_vs_rest","Other species higher"
"galnt13",3.96388267809152,-4.8211716729897,1.97273554171729,0.0086908232157262,0.0163645043089889,"Nb_vs_rest","Other species higher"
"asphd2",4.49111366819027,-4.46141202244967,1.80353441344541,0.00870876293275404,0.0163944157120494,"Nb_vs_rest","Other species higher"
"chpf2",3.68025626848241,-4.43010483955276,1.78920232352467,0.0087120365062811,0.0163967102170102,"Nb_vs_rest","Other species higher"
"tirap",3.33870757336497,5.20036270282229,2.16322197806813,0.00874149768351296,0.0164472210373918,"Nb_vs_rest","Nb higher"
"MYH6",9.51055023589644,3.07710718694281,1.20367170818698,0.0087429964461925,0.0164472210373918,"Nb_vs_rest","Nb higher"
"wasf2",9.133660123123,-4.52820722256712,1.83628187271069,0.00876562029652798,0.0164858944063854,"Nb_vs_rest","Other species higher"
"strn4",6.17096688783398,-4.38884393916907,1.77219519539201,0.00877680789567679,0.016503045948987,"Nb_vs_rest","Other species higher"
"wdr32",4.66104543641054,-4.66097512916106,1.89920358804835,0.00878252517428764,0.0165099059813464,"Nb_vs_rest","Other species higher"
"gpm6ab",4.83307490583009,3.77998673550876,1.50162169014755,0.00879603709036695,0.0165296518819435,"Nb_vs_rest","Nb higher"
"map3k4",8.46444287685875,3.42083600876341,1.34813611210353,0.00879717187250803,0.0165296518819435,"Nb_vs_rest","Nb higher"
"SPHK1",5.72923555283981,-4.56761016737182,1.85582540521187,0.00880156815623246,0.0165340192765384,"Nb_vs_rest","Other species higher"
"slc27a2a",7.7927648872259,-4.84266159928524,1.98714824794645,0.00880590601210609,0.0165382748827034,"Nb_vs_rest","Other species higher"
"usp6nl",3.86834492705342,-4.48192761737194,1.81755895959476,0.00885620778443353,0.0166287552446768,"Nb_vs_rest","Other species higher"
"arhgef10",51.967736305309,2.05584143025517,0.793999390533296,0.00885825044425077,0.0166287552446768,"Nb_vs_rest","Nb higher"
"gpr161",32.1498290069329,-4.33574979325087,1.75046354699566,0.00886420385657372,0.0166360175859497,"Nb_vs_rest","Other species higher"
"mef2cb",14.7202951591071,2.02047623975125,0.780167321930273,0.00886888660203747,0.0166408923311213,"Nb_vs_rest","Nb higher"
"mab21l2",6.14905819511474,-4.38045994156808,1.77155998204934,0.00888501651567295,0.0166633212209331,"Nb_vs_rest","Other species higher"
"THEM6",6.07450334358978,2.54982105606215,0.991235984449862,0.00888315398730472,0.0166633212209331,"Nb_vs_rest","Nb higher"
"col11a1a",21.0932226304132,-4.49048400903456,1.82276596877146,0.00889632670983172,0.0166709786857122,"Nb_vs_rest","Other species higher"
"eif3m",11.3450788647523,-4.47498510811237,1.81556786168374,0.00889655130802777,0.0166709786857122,"Nb_vs_rest","Other species higher"
"abhd3",22.9379396664873,-4.45902164510173,1.80818784697526,0.00889745591760005,0.0166709786857122,"Nb_vs_rest","Other species higher"
"pgm1",11.8916000319873,-4.39594271991885,1.77897319757028,0.00889492336892565,0.0166709786857122,"Nb_vs_rest","Other species higher"
"lipt1",3.34033291348847,4.39362753817971,1.77812730046279,0.00890232832917695,0.0166761925039512,"Nb_vs_rest","Nb higher"
"ldb1a",11.8806896495249,2.44151473715966,0.948135255744526,0.00891176153495205,0.0166899453294807,"Nb_vs_rest","Nb higher"
"clip3",6.97330685351458,-4.59062263106129,1.87027874708887,0.00891654527288924,0.0166949862218808,"Nb_vs_rest","Other species higher"
"actr3b",3.87330180106287,-4.59585177335286,1.87295128810329,0.00892310500673712,0.0167022538880652,"Nb_vs_rest","Other species higher"
"LAPTM4B",9.03136738663164,3.2153416234092,1.26452583488488,0.00892461285447492,0.0167022538880652,"Nb_vs_rest","Nb higher"
"spred2a",8.39163810355684,-4.62637465805019,1.88806703217878,0.00894484919591454,0.0167362008401871,"Nb_vs_rest","Other species higher"
"apoa1b",26.4202105887644,-4.85585445637027,1.99884404965047,0.00895769369319302,0.0167563046581529,"Nb_vs_rest","Other species higher"
"klhl4",4.28272926112874,-4.8515100521151,1.99709782207187,0.00896856576672154,0.016760946283133,"Nb_vs_rest","Other species higher"
"FGF13",3.48131335403366,-4.55917158437743,1.85711759530202,0.00896857651992206,0.016760946283133,"Nb_vs_rest","Other species higher"
"march2",4.92695379014381,-4.3242345579265,1.74806689843214,0.00896309460031245,0.016760946283133,"Nb_vs_rest","Other species higher"
"psmd9",74.11952489586,2.27358217589724,0.881753871331488,0.00896698195786835,0.016760946283133,"Nb_vs_rest","Nb higher"
"ankrd12",7.15178244448069,-4.34218717279627,1.75705604944484,0.00898964402121869,0.0167963847551686,"Nb_vs_rest","Other species higher"
"xylt1",4.68620248829053,-4.38336988643134,1.77605624022257,0.00899217331975695,0.0167971776899954,"Nb_vs_rest","Other species higher"
"rrm2b",3.90246694133694,-4.5232700052478,1.84107897964458,0.00899433493770682,0.016797283595343,"Nb_vs_rest","Other species higher"
"SBNO2",4.45719859940126,-4.78637261246901,1.96676740733653,0.009008207652998,0.0168192552809836,"Nb_vs_rest","Other species higher"
"lgalslb",3.39743695923619,-4.56603255576944,1.86174930540821,0.00901356266808618,0.0168220659082568,"Nb_vs_rest","Other species higher"
"snx21",3.73533275252014,-4.54656808563197,1.85260861532092,0.00901392905058973,0.0168220659082568,"Nb_vs_rest","Other species higher"
"hspa12a",6.81563063461103,-4.35880926404051,1.7659676446732,0.00903373080186054,0.0168550787465156,"Nb_vs_rest","Other species higher"
"cables2b",8.83369148571876,-4.27354868742733,1.72728790947835,0.00904586965973641,0.0168737821142348,"Nb_vs_rest","Other species higher"
"SBSPON",7.1467015002397,-4.81978907617249,1.98470001273977,0.00905836805400126,0.0168931472472377,"Nb_vs_rest","Other species higher"
"aplnr2",4.73697176680444,-4.67686038287651,1.91637615046717,0.00907817466793011,0.0169261294042248,"Nb_vs_rest","Other species higher"
"mindy2",4.43933823672047,-4.56592719317673,1.86391320149791,0.00908461489936957,0.0169341805412215,"Nb_vs_rest","Other species higher"
"slc35d1a",4.26868037064139,-4.50996567019704,1.83802031483283,0.00909784992307867,0.0169509321471323,"Nb_vs_rest","Other species higher"
"kif1b",12.7107505036352,2.19230301421191,0.851036534451242,0.00909635329972521,0.0169509321471323,"Nb_vs_rest","Nb higher"
"shank3b",2.50073968220093,4.09668472786058,1.64896637555135,0.00910470996247783,0.0169597538516744,"Nb_vs_rest","Nb higher"
"sec24c",5.13486979058654,-4.22457782938058,1.70689674540055,0.00911338993068797,0.0169719607110595,"Nb_vs_rest","Other species higher"
"fut11",10.8258989488087,-4.81815367191877,1.98674690762216,0.00914229651135923,0.0170218213160631,"Nb_vs_rest","Other species higher"
"fam160a1a",4.07412154930374,-4.39886485452738,1.78795074144161,0.00915383983861435,0.0170393379781065,"Nb_vs_rest","Other species higher"
"HINT1",15.0170950036452,-4.61030161920836,1.88736964544003,0.00916326019584368,0.0170528956070039,"Nb_vs_rest","Other species higher"
"eloa",6.67028797021401,-4.23943092470256,1.71515355438155,0.00916776608472234,0.0170573031839786,"Nb_vs_rest","Other species higher"
"tsc1b",11.479086868638,-4.31814706120704,1.7516007843979,0.00918403021058803,0.0170835806714435,"Nb_vs_rest","Other species higher"
"tbc1d30",2.71105197381023,-4.30466890003274,1.7461959219873,0.00921165337268416,0.017130970383132,"Nb_vs_rest","Other species higher"
"smg5",6.60930977975368,-4.25864585884952,1.72584953128436,0.00923753540155162,0.0171746660174514,"Nb_vs_rest","Other species higher"
"vps51",6.56969543643469,-4.22929541362208,1.71251441219681,0.00923945378608003,0.0171746660174514,"Nb_vs_rest","Other species higher"
"anxa2a",12.8263759202475,-4.55758760727104,1.86575369052286,0.00927184618236727,0.017226852743956,"Nb_vs_rest","Other species higher"
"agap1",3.09030781765797,-4.37191811672021,1.77886420414586,0.00927063440353908,0.017226852743956,"Nb_vs_rest","Other species higher"
"birc2",6.23569918007346,-4.36536272644339,1.77611124565683,0.00928038120510418,0.0172386969312689,"Nb_vs_rest","Other species higher"
"lnx2a",5.12907337764248,-4.62728604846452,1.89944294743513,0.00929027149767826,0.0172530524904521,"Nb_vs_rest","Other species higher"
"brpf3b",4.96743057828684,-4.33313561452874,1.76163359358193,0.00929456501629149,0.0172570099651015,"Nb_vs_rest","Other species higher"
"fibina",6.11273363980038,-4.82368837906636,1.9949484897728,0.00930544797242634,0.0172731972132966,"Nb_vs_rest","Other species higher"
"itga5",5.37881740246605,-4.89348852263217,2.02950488430572,0.00930966876886706,0.0172770132036184,"Nb_vs_rest","Other species higher"
"tasp1",5.07983176126091,-4.49671680084873,1.83831248921424,0.00931333221641861,0.0172797933241154,"Nb_vs_rest","Other species higher"
"sall1a",13.209047433008,2.73701304447378,1.07414218823589,0.00933097455504168,0.0173085023126994,"Nb_vs_rest","Nb higher"
"dhps",4.23252311382343,-4.5951231596969,1.88558306497544,0.00933748416358384,0.0173165520858469,"Nb_vs_rest","Other species higher"
"mpc1",4.15038152264346,-4.61122466752888,1.89333342288056,0.00934004289622156,0.0173172728419721,"Nb_vs_rest","Other species higher"
"crbn",4.95769525826368,-4.27332722442976,1.73551218409579,0.00934372796333113,0.0173200811027602,"Nb_vs_rest","Other species higher"
"UBA3",3.86017214908121,-4.60177471836151,1.88917166235906,0.00935109452435046,0.0173297107069941,"Nb_vs_rest","Other species higher"
"zmym2",3.62747018884244,-4.53296578360546,1.85693508910914,0.00936456158142849,0.0173430015894421,"Nb_vs_rest","Other species higher"
"pomp",8.9054313514899,-4.47198404536916,1.82813040077204,0.00936135434681358,0.0173430015894421,"Nb_vs_rest","Other species higher"
"ssr1",6.54796687931599,-4.41215644383021,1.80026611264508,0.00936478619660475,0.0173430015894421,"Nb_vs_rest","Other species higher"
"apoda.1",41.0023343172653,-4.80923284423867,1.99035949955121,0.00938033455560772,0.0173677656041182,"Nb_vs_rest","Other species higher"
"tmed9",8.58725942021084,-4.23340895768336,1.71863147019741,0.00939450408423193,0.017389965806581,"Nb_vs_rest","Other species higher"
"SIPA1L2",4.73487454656953,3.03410519557057,1.1979805359505,0.00940560964076306,0.0174064853741394,"Nb_vs_rest","Nb higher"
"clec3bb",8.16008660744289,-4.4401755886879,1.81484938087693,0.00941644873047593,0.0174144289384004,"Nb_vs_rest","Other species higher"
"ube2s",9.94095559112714,-4.41982975820758,1.80531562631041,0.00941554398521979,0.0174144289384004,"Nb_vs_rest","Other species higher"
"papss1",7.19730213395741,-4.34262271589945,1.76942852592314,0.00941521253058084,0.0174144289384004,"Nb_vs_rest","Other species higher"
"PSTK",64.8161738001248,2.14130818707057,0.834700629304516,0.0094219692236671,0.0174206011132677,"Nb_vs_rest","Nb higher"
"dnajc6",6.43570755043952,-5.08604723234058,2.13074783752702,0.00942821157744649,0.0174281047922221,"Nb_vs_rest","Other species higher"
"copb1",9.285138965318,-4.37315773740802,1.78420122689719,0.0094369810831493,0.0174402753690439,"Nb_vs_rest","Other species higher"
"schip1",5.7691550650505,-4.22630738281593,1.71680395365055,0.00944675198326152,0.0174542905363341,"Nb_vs_rest","Other species higher"
"coro1a",25.0825602976717,-4.87282728860936,2.02523610870444,0.00948506950179603,0.0175169763074132,"Nb_vs_rest","Other species higher"
"ptpra",4.51311539026237,-4.28470629436088,1.74460962657997,0.00948374975699907,0.0175169763074132,"Nb_vs_rest","Other species higher"
"bbs4",4.29669105599624,-4.62387887145548,1.90399632017435,0.00948873099615039,0.0175196837920593,"Nb_vs_rest","Other species higher"
"si:ch211-215k15.4",6.88399667152617,-4.82116723527138,2.00020093721707,0.00950014476216148,0.0175359292307218,"Nb_vs_rest","Other species higher"
"si:ch73-12o23.1",6.57049520610562,-4.26800572984074,1.73742515756523,0.00950192456060667,0.0175359292307218,"Nb_vs_rest","Other species higher"
"ankra2",4.75968899835843,-4.76466091530714,1.9731450752275,0.00952064417714668,0.0175664139962151,"Nb_vs_rest","Other species higher"
"arfip2a",4.38112973501044,-4.39015424362447,1.79516726822207,0.00954423896913506,0.017605877710055,"Nb_vs_rest","Other species higher"
"six5",4.4272320811268,-4.82132330022657,2.00231849519135,0.00956181747261483,0.0176301532882316,"Nb_vs_rest","Other species higher"
"pald1a",3.99015044247023,-4.61225526171742,1.90067638549271,0.00956175772476488,0.0176301532882316,"Nb_vs_rest","Other species higher"
"tmem138",229.294602763021,2.21330156865053,0.86530265671988,0.00956732378831632,0.0176362309611375,"Nb_vs_rest","Nb higher"
"acaa2",24.5199173623698,-4.57535545220935,1.88418029798822,0.00959973071878305,0.01769188247942,"Nb_vs_rest","Other species higher"
"coq6",11.5009619669894,-4.53650825950226,1.86664606450272,0.00963224426468228,0.0177454847524588,"Nb_vs_rest","Other species higher"
"tmem177",6.99271911911622,-4.45035519537634,1.82605334410454,0.00963771064124768,0.0177454847524588,"Nb_vs_rest","Other species higher"
"stard15",3.56861526392528,-4.36610533520095,1.78658896294862,0.00963736595075555,0.0177454847524588,"Nb_vs_rest","Other species higher"
"KCNMA1",9.81060166993475,2.14956145672731,0.840546463763217,0.00963462727656944,0.0177454847524588,"Nb_vs_rest","Nb higher"
"kcnab1a",3.40020692954967,4.51253149686104,1.8555657596944,0.0096425283408337,0.0177502597831264,"Nb_vs_rest","Nb higher"
"mtif3",4.54246179896631,-4.59096205389385,1.89335807495487,0.00965632443771496,0.0177712063277132,"Nb_vs_rest","Other species higher"
"nars1",6.77999983988214,-4.33945116925515,1.77476973882865,0.00965836113324463,0.0177712063277132,"Nb_vs_rest","Other species higher"
"SMU1",6.05895532683735,-4.43370214395438,1.81902994971764,0.00966577053228098,0.0177807397066856,"Nb_vs_rest","Other species higher"
"lpar4",6.06803685494379,-4.47701156977558,1.84004324100901,0.00968662290134405,0.0178149921071043,"Nb_vs_rest","Other species higher"
"F2R",6.25525306683152,-4.46198500567346,1.83319884611957,0.00969528767720784,0.0178263062572468,"Nb_vs_rest","Other species higher"
"mrps23",4.69760232159778,-4.41116348326353,1.80941057863344,0.00969947641215107,0.0178263062572468,"Nb_vs_rest","Other species higher"
"anapc13",5.78117414784941,-4.34205821860896,1.77712340920725,0.00969943626349419,0.0178263062572468,"Nb_vs_rest","Other species higher"
"tmem208",7.32956740979182,-4.46527404850099,1.83522558717519,0.00971167869225574,0.0178446226028554,"Nb_vs_rest","Other species higher"
"ptprub",4.34481186634432,-4.5657401450822,1.88308730587235,0.00971605141837753,0.0178485474950858,"Nb_vs_rest","Other species higher"
"her6",7.2979970295308,-4.57562553429078,1.88801445837248,0.0097226353367323,0.0178540172980055,"Nb_vs_rest","Other species higher"
"ubr2",7.04247651979148,-4.20309085039057,1.71363613674445,0.00972574100180827,0.0178540172980055,"Nb_vs_rest","Other species higher"
"prelp",24.7198592243802,3.43603366483427,1.37387505414693,0.00972470987530086,0.0178540172980055,"Nb_vs_rest","Nb higher"
"NR2F2",4.26133258241491,-4.59322041906711,1.89704341371068,0.00974234113011149,0.0178803776950988,"Nb_vs_rest","Other species higher"
"foxf2b",12.9166305448954,-4.54938484913674,1.87657294773862,0.00975966380616804,0.0179080517758613,"Nb_vs_rest","Other species higher"
"kita",11.63424903303,-4.34718631790113,1.78214575372825,0.00979445485462005,0.0179677585608892,"Nb_vs_rest","Other species higher"
"cryba2b",4.76478974724109,3.70024409915952,1.49025133139531,0.00980703823899402,0.017986707687238,"Nb_vs_rest","Nb higher"
"slc4a10b",4.02636000450138,-4.74243735314531,1.9717845209488,0.00981768844412684,0.0180021033511333,"Nb_vs_rest","Other species higher"
"phpt1",7.6240960458748,-4.5116090024796,1.86043559258902,0.00982323970530211,0.0180040084630939,"Nb_vs_rest","Other species higher"
"emc10",6.90095575334513,-4.16713467402448,1.69968243629937,0.00982207740341263,0.0180040084630939,"Nb_vs_rest","Other species higher"
"waca",56.1369987562532,-4.54265444243647,1.87587425918529,0.00984469190394614,0.0180350416422154,"Nb_vs_rest","Other species higher"
"pde6a",68.6887571194873,-2.4711932992753,0.973164360486815,0.00984260559235344,0.0180350416422154,"Nb_vs_rest","Other species higher"
"plxnb3",4.51457885482481,-4.43446356366088,1.82458194066683,0.00984763409792031,0.0180362910492091,"Nb_vs_rest","Other species higher"
"si:rp71-39b20.4",4.375065149226,-4.75886175503625,1.98132636676099,0.00986399820942717,0.0180621169598965,"Nb_vs_rest","Other species higher"
"plcd1b",4.37594797053571,-4.66363160741204,1.93503765317779,0.00987324360585081,0.018062638010911,"Nb_vs_rest","Other species higher"
"myo7ab",3.21427843355221,-4.57587681559448,1.89264357094708,0.00987333671724235,0.018062638010911,"Nb_vs_rest","Other species higher"
"adamts12",5.86170786021679,-4.55747861150521,1.88371955795766,0.00987007380764005,0.018062638010911,"Nb_vs_rest","Other species higher"
"cdkn1bb",3.44320494545551,-4.48625546189497,1.8497678669952,0.00987098687806153,0.018062638010911,"Nb_vs_rest","Other species higher"
"traf3",7.70522168239189,-4.67568356289784,1.94205611847088,0.00991078733073626,0.0181269958513122,"Nb_vs_rest","Other species higher"
"inpp5l",14.9474291026098,-4.50877144505232,1.86185443093103,0.00991835706925804,0.018136684100064,"Nb_vs_rest","Other species higher"
"qser1",5.60959456160074,-4.86174263641532,2.03452259810446,0.00992970617787718,0.0181449980979423,"Nb_vs_rest","Other species higher"
"map3k21",2.9619534290858,-4.3937827649585,1.80772606388845,0.00992959062332354,0.0181449980979423,"Nb_vs_rest","Other species higher"
"garem",5.85182323331991,-4.39006638661924,1.80598225351681,0.00992972514958824,0.0181449980979423,"Nb_vs_rest","Other species higher"
"syngr2b",97.2210701634336,-2.65092762391106,1.04804250829237,0.00993475737093201,0.0181500375045873,"Nb_vs_rest","Other species higher"
"vps16",6.55868341158402,-4.29786611870169,1.76375638767711,0.00996284042638807,0.0181961055220043,"Nb_vs_rest","Other species higher"
"wdr11",9.48076243203735,2.6925325779559,1.06561882600482,0.00996453397633569,0.0181961055220043,"Nb_vs_rest","Nb higher"
"znf384l",6.20109723818706,-4.3461621435829,1.78670148243327,0.00997745492651767,0.0182155319866417,"Nb_vs_rest","Other species higher"
"vps25",8.15257650536691,-4.42171649490793,1.82236289560275,0.00998212377493953,0.0182176539825415,"Nb_vs_rest","Other species higher"
"tmem135",5.14580313524531,-4.2302714054506,1.73293864215785,0.00998318306587143,0.0182176539825415,"Nb_vs_rest","Other species higher"
"trpc4apa",16.6452439512397,-4.65520091315219,1.93509751756129,0.010009386539495,0.0182612950583379,"Nb_vs_rest","Other species higher"
"tnn",4.20781708615567,-4.69652852479174,1.95535445342291,0.0100119636500292,0.0182618216976534,"Nb_vs_rest","Other species higher"
"plek",5.54986999880596,-4.60269266275349,1.91025511873599,0.0100305592005681,0.0182915590540525,"Nb_vs_rest","Other species higher"
"chkb",3.17338380097418,-4.52089508092832,1.87097986090616,0.0100332956470731,0.018292369034417,"Nb_vs_rest","Other species higher"
"zbtb17",4.98628853505308,-4.76254722291448,1.9887828296161,0.0100421314317182,0.01830429621405,"Nb_vs_rest","Other species higher"
"cul2",4.84155017597333,-4.69691147194192,1.95655679090464,0.0100448904769153,0.0183051440981466,"Nb_vs_rest","Other species higher"
"itgb4",8.01725269232321,-4.3386162867012,1.78540529272923,0.0100595438155889,0.0183276620201826,"Nb_vs_rest","Other species higher"
"ipo11",3.74325699100998,-4.43324313073999,1.83090495356215,0.0100921872973411,0.0183753763375668,"Nb_vs_rest","Other species higher"
"otub1b",10.3345617202997,-4.35498088333898,1.79396252243999,0.0100918482046437,0.0183753763375668,"Nb_vs_rest","Other species higher"
"mif4gda",277.454889357155,1.99653887620348,0.784326624643428,0.0100926409132275,0.0183753763375668,"Nb_vs_rest","Nb higher"
"YTHDF1",5.65470952443635,-4.27483202112243,1.75665692555289,0.0100984560420903,0.0183817698941334,"Nb_vs_rest","Other species higher"
"nptx1l",2.98338514003357,-4.48355113457391,1.85539747429545,0.0101121437085571,0.0184024872963023,"Nb_vs_rest","Other species higher"
"xrn2",7.38897187223703,-4.26848570113241,1.75425713494098,0.0101194058374188,0.0184115044647975,"Nb_vs_rest","Other species higher"
"nisch",7.83450178659736,-4.23983385286793,1.74101401912026,0.0101221923268889,0.0184123762864312,"Nb_vs_rest","Other species higher"
"gem",4.48977170432775,-4.65172428755867,1.93712540086428,0.0101322963714813,0.0184265553884277,"Nb_vs_rest","Other species higher"
"NR2E3",14.6707132277912,-4.43414099589879,1.83286168466357,0.0101468918006375,0.0184488941829772,"Nb_vs_rest","Other species higher"
"gnb4b",3.08670735931111,-4.61090176700889,1.9181611414181,0.0101625657573983,0.0184731833129928,"Nb_vs_rest","Other species higher"
"tubd1",4.43845870112549,-4.49165333787174,1.86110923319438,0.0101767978589108,0.018494841018927,"Nb_vs_rest","Other species higher"
"med13a",7.74423854111676,-4.2658704659168,1.75531819779073,0.0102058727670586,0.0185434573499835,"Nb_vs_rest","Other species higher"
"arhgap11a",19.112162765836,-4.73717902076144,1.98172006705953,0.0102177592783194,0.0185608283726357,"Nb_vs_rest","Other species higher"
"arhgap42b",5.07189392676302,-4.39378170401983,1.81586766816324,0.0102238958335958,0.0185635241756757,"Nb_vs_rest","Other species higher"
"usp53b",26.9099967084663,-4.33954638469989,1.79024607539086,0.0102223440674191,0.0185635241756757,"Nb_vs_rest","Other species higher"
"prmt2",83.9301120620993,-4.28037690640271,1.76301597996283,0.0102411285895315,0.0185905837453279,"Nb_vs_rest","Other species higher"
"ago1",3.36921238960352,-4.57334400781692,1.90319697650923,0.0102730309780575,0.0186407690029607,"Nb_vs_rest","Other species higher"
"dcun1d3",5.21047767689367,-4.24459857029265,1.74717425478137,0.0102734463753159,0.0186407690029607,"Nb_vs_rest","Other species higher"
"DDA1",19.6418326388498,-4.07567793028523,1.66981249900868,0.0102978480159981,0.0186807972647567,"Nb_vs_rest","Other species higher"
"sec24b",4.78020870418623,-4.56803927925305,1.90160626368167,0.0103066746344714,0.0186925599052459,"Nb_vs_rest","Other species higher"
"KCNH7",6.37189326473222,-4.64618905584714,1.9412312024394,0.0103596735890577,0.0187844115520747,"Nb_vs_rest","Other species higher"
"C5orf51",3.10398067973352,-4.54059995336822,1.8903031787755,0.0103750498200902,0.0188080185289232,"Nb_vs_rest","Other species higher"
"gmnn",87.5951434222651,-4.30022168884047,1.77630314488743,0.010392623135084,0.0188355967790075,"Nb_vs_rest","Other species higher"
"NR2F6",5.70199614212478,-4.40587302007574,1.82661613505365,0.0104070675214287,0.0188532434961627,"Nb_vs_rest","Other species higher"
"camkk1a",11.1552770843751,-4.24964250388381,1.7529914910694,0.0104070849123555,0.0188532434961627,"Nb_vs_rest","Other species higher"
"epha2b",4.10219013418004,-4.58060540526125,1.9109608737847,0.010418935509507,0.0188675265288305,"Nb_vs_rest","Other species higher"
"RIN2",8.31932117218307,-4.5094205373893,1.87654098585099,0.0104201276420931,0.0188675265288305,"Nb_vs_rest","Other species higher"
"nfil3-3",3.069482750456,-4.41686760931701,1.83225878661673,0.0104220622730683,0.0188675265288305,"Nb_vs_rest","Other species higher"
"nudcd3",5.71994033253818,-4.39907080205769,1.82415208450942,0.0104353492098141,0.0188872956893438,"Nb_vs_rest","Other species higher"
"elp3",6.51389439224588,-4.36688363259892,1.80915739322158,0.0104457325976492,0.0189018018433652,"Nb_vs_rest","Other species higher"
"rgn",145.388504080648,3.01310677319838,1.20736861936474,0.0104685020307822,0.0189387091828705,"Nb_vs_rest","Nb higher"
"ric8b",3.26092161748255,-4.43711215640572,1.84343444817162,0.0104773065998084,0.0189503414928538,"Nb_vs_rest","Other species higher"
"SHC3",28.8626125640411,-4.31542935610745,1.78628245151717,0.0104998874723453,0.0189862862399309,"Nb_vs_rest","Other species higher"
"dtwd2",5.77466001742603,-4.31403084050977,1.78567718692753,0.0105019382785783,0.0189862862399309,"Nb_vs_rest","Other species higher"
"znf362a",3.64630180532884,-4.59201729184921,1.91930071429148,0.0105149152049745,0.0190054412991385,"Nb_vs_rest","Other species higher"
"lsm11",4.85626371457004,-4.23876126499244,1.75097795330661,0.0105264915613433,0.0190220567616666,"Nb_vs_rest","Other species higher"
"ret",4.63221388829914,-4.47480836512659,1.86330285768379,0.0105422833607143,0.0190396539266583,"Nb_vs_rest","Other species higher"
"CPEB4",4.93871562053175,-4.35514590235814,1.80615626443267,0.0105414619569877,0.0190396539266583,"Nb_vs_rest","Other species higher"
"fam168b",4.98256950551721,-4.28265481729253,1.77199187224639,0.0105433873060029,0.0190396539266583,"Nb_vs_rest","Other species higher"
"SMURF1",3.21017980150547,-4.4259922619618,1.84017648577721,0.0105524657534515,0.0190517368127926,"Nb_vs_rest","Other species higher"
"wls",12.6596855565345,-4.65200134487309,1.95027272385836,0.0105684780936384,0.0190763300581846,"Nb_vs_rest","Other species higher"
"ppp1r13l",3.31096194671573,-4.47437741915488,1.86488097999326,0.0106067164689078,0.0191410215788974,"Nb_vs_rest","Other species higher"
"qdpra",7.75787023668581,-4.47281542286896,1.86551980206996,0.0106570858075335,0.0192275705955499,"Nb_vs_rest","Other species higher"
"urm1",4.39267747279986,-4.7041747786909,1.97939398676288,0.0106795740103464,0.0192637885629666,"Nb_vs_rest","Other species higher"
"gfi1ab",6.40610438075651,2.4226567921923,0.964510778976007,0.0106933694929325,0.019284313797424,"Nb_vs_rest","Nb higher"
"alx1",13.7859226738296,-4.63369958810445,1.94519104459645,0.0107027046475205,0.0192967878642597,"Nb_vs_rest","Other species higher"
"lrrc51",362.10347618086,-4.36641746091013,1.8159865724617,0.0107099441767427,0.0193025579939364,"Nb_vs_rest","Other species higher"
"psat1",9.05801881632383,-4.10362508282004,1.69272181306068,0.0107107427064098,0.0193025579939364,"Nb_vs_rest","Other species higher"
"ntsr1",3.26795231272944,5.12539900371424,2.1973242728262,0.0107168731509584,0.0193092453702072,"Nb_vs_rest","Nb higher"
"prf1.5",15.8764453880157,-4.2368127210086,1.75505450345278,0.0107224742019977,0.0193149761020184,"Nb_vs_rest","Other species higher"
"ppfibp1b",9.96836560321111,-4.44884614468299,1.85596652106246,0.010729608233454,0.0193234650649883,"Nb_vs_rest","Other species higher"
"si:ch211-1a19.3",9.13651693350707,-4.66166957282698,1.96001722231874,0.0107373913586055,0.0193331189173448,"Nb_vs_rest","Other species higher"
"porb",3.61368677376178,-4.39341587615785,1.8299590349076,0.0107509744906982,0.019353209211769,"Nb_vs_rest","Other species higher"
"hcn4",5.15713457735753,-4.81072351738809,2.03553517876059,0.0107676413036261,0.0193788402352134,"Nb_vs_rest","Other species higher"
"rassf9",4.01071629028918,-4.67435065961094,1.96730761340926,0.0107716037804852,0.0193791843556892,"Nb_vs_rest","Other species higher"
"raraa",10.1057250544082,2.55495593816236,1.02019398584598,0.0107726894488518,0.0193791843556892,"Nb_vs_rest","Nb higher"
"sec24a",3.76379470828239,-4.40591380466417,1.83667971343214,0.0107786396416123,0.0193855182195326,"Nb_vs_rest","Other species higher"
"zgc:110319",5.22521433036636,-4.14052443661761,1.71171367460072,0.0107881415458992,0.0193953481794813,"Nb_vs_rest","Other species higher"
"ing5a",83.4864445304423,-1.70814705654191,0.675267433157876,0.0107889662366814,0.0193953481794813,"Nb_vs_rest","Other species higher"
"auts2a",4.03222754122889,-4.28392139905061,1.77939603276358,0.0108072902762183,0.0194239136045545,"Nb_vs_rest","Other species higher"
"olfml2a",6.13531089601924,-4.50982046277773,1.88822061760916,0.0108306233511126,0.0194527063564885,"Nb_vs_rest","Other species higher"
"maml1",3.06194394625187,-4.47548879175261,1.87147490626881,0.0108268712914323,0.0194527063564885,"Nb_vs_rest","Other species higher"
"dap3",3.68436494492505,-4.46737771458993,1.86759580624539,0.0108284100680169,0.0194527063564885,"Nb_vs_rest","Other species higher"
"ankrd44",5.29413243265051,-4.30687617975476,1.79159769971612,0.0108593036295141,0.0194998296497576,"Nb_vs_rest","Other species higher"
"clic2",13.5145005276786,-4.28918942486495,1.7834587051629,0.0108686522619233,0.0195122261080198,"Nb_vs_rest","Other species higher"
"ISCU",21.0732439882614,-4.30941403135865,1.79333109096438,0.0108798598158438,0.019527953515617,"Nb_vs_rest","Other species higher"
"epm2a",3.96901985199924,-4.55992053359585,1.91500485610536,0.0109146443161081,0.0195859819299623,"Nb_vs_rest","Other species higher"
"stk3",3.79844071410573,-4.51290688699461,1.89273210545871,0.0109395383888769,0.0196262401850803,"Nb_vs_rest","Other species higher"
"frem1b",14.1309109539182,-4.56926503136518,1.92040525710299,0.0109437708616355,0.0196294204261298,"Nb_vs_rest","Other species higher"
"fbxo8",4.28565784701157,-4.18709306037597,1.73753717353346,0.0109548706942076,0.0196449141887138,"Nb_vs_rest","Other species higher"
"armc9",14.2669883602931,-4.32747553655266,1.80399746233653,0.0109605309779522,0.0196506486641335,"Nb_vs_rest","Other species higher"
"cnih1",3.64061367291901,-4.35328048621368,1.81675435006083,0.0109777672691934,0.0196771300108184,"Nb_vs_rest","Other species higher"
"neurl1b",5.0608585326244,-4.74413675192231,2.00845884914631,0.0109829563097405,0.0196820101845338,"Nb_vs_rest","Other species higher"
"chp2",12.1572804341597,-4.63918546726917,1.95635800182991,0.0109948851803865,0.019698963569709,"Nb_vs_rest","Other species higher"
"ATG14",8.64620702184217,-4.2410446773916,1.76401504604224,0.0109994589902003,0.019702734622177,"Nb_vs_rest","Other species higher"
"aspa",7.23220819493898,-4.47300391303025,1.87573271918264,0.0110275093885115,0.019748546885171,"Nb_vs_rest","Other species higher"
"chrm5a",4.76685355741459,-4.30704114172377,1.79612758391425,0.0110328335067798,0.0197536485043982,"Nb_vs_rest","Other species higher"
"reep1",318.816931347581,1.98413488205481,0.789093527524073,0.0110364449684043,0.0197556821103334,"Nb_vs_rest","Nb higher"
"gcna",91.6118893742191,-4.33611668217778,1.81021849995408,0.011041931284569,0.019759267365944,"Nb_vs_rest","Other species higher"
"wtap",4.95950761628362,-4.16543615147373,1.72955483174957,0.0110434000566554,0.019759267365944,"Nb_vs_rest","Other species higher"
"RELN",5.39685160674215,-4.51021989060361,1.89461826671866,0.0110558206810792,0.0197726241674164,"Nb_vs_rest","Other species higher"
"pdzd11",8.8192388490828,-4.49794552845617,1.888628660118,0.0110556783964957,0.0197726241674164,"Nb_vs_rest","Other species higher"
"cnot10",4.90740378483336,-4.58624875739805,1.93201510440705,0.0110594747799293,0.0197747274801335,"Nb_vs_rest","Other species higher"
"colgalt1",4.67497569776081,-4.60860722554634,1.94353797342168,0.0110764548661395,0.0197923592217397,"Nb_vs_rest","Other species higher"
"anxa4",17.0399919533494,-4.432381243221,1.85736198751267,0.0110762010141128,0.0197923592217397,"Nb_vs_rest","Other species higher"
"tbck",19.4735238207808,-4.22241260031203,1.757149177086,0.011076776476728,0.0197923592217397,"Nb_vs_rest","Other species higher"
"arfgef3",4.31457718079157,-4.52383564840491,1.90213262081281,0.0110872011696523,0.0198021184722079,"Nb_vs_rest","Other species higher"
"kansl3",10.4609807241986,-4.21017127252191,1.75162790003545,0.0110868183785058,0.0198021184722079,"Nb_vs_rest","Other species higher"
"tesca",17.0520005321704,-4.29617407096018,1.79251512848487,0.0110940052323226,0.0198054053140793,"Nb_vs_rest","Other species higher"
"elmsan1a",8.5399822443251,-4.16229205656011,1.7292775987953,0.0110926899391652,0.0198054053140793,"Nb_vs_rest","Other species higher"
"ppme1",5.8634403750294,-4.20906058182682,1.75200266054296,0.011123320482748,0.0198532984684253,"Nb_vs_rest","Other species higher"
"cry3b",9.79237838258238,2.01039917360852,0.80071105553375,0.011128489255176,0.0198580823471164,"Nb_vs_rest","Nb higher"
"fam120b",5.54288868911552,-4.27876069166808,1.78585695408022,0.0111582251722287,0.0199022433782711,"Nb_vs_rest","Other species higher"
"ctnna2",4.60858358750916,3.21709572527809,1.30623615674481,0.011157846623272,0.0199022433782711,"Nb_vs_rest","Nb higher"
"prkar2ab",10.2151159434669,2.99119078725282,1.20941358653811,0.0111722359476947,0.0199183295046031,"Nb_vs_rest","Nb higher"
"ppp1r3da",21.0177619221241,2.43871401716152,0.977177983918771,0.0111720662259698,0.0199183295046031,"Nb_vs_rest","Nb higher"
"arhgap17b",7.75487748815006,-4.58193640718078,1.93332862541304,0.0111822420080761,0.0199317157079399,"Nb_vs_rest","Other species higher"
"shrprbck1r",2.81368421577633,-4.32744695567051,1.80992099352231,0.0111918057856163,0.0199443077644525,"Nb_vs_rest","Other species higher"
"si:ch211-127i16.2",3.23436936143789,4.57334750479725,1.92955448475203,0.0111989954715833,0.0199526644034907,"Nb_vs_rest","Nb higher"
"gnaia",12.8905322720613,-4.52495885001071,1.90673943282515,0.0112352668061131,0.020012818998389,"Nb_vs_rest","Other species higher"
"c1qbp",5.17535400296236,-4.53610993730584,1.91268322901374,0.0112523257587261,0.0200387323264081,"Nb_vs_rest","Other species higher"
"znf131",5.83187263008524,-4.16037828818099,1.73234457477365,0.0112571492455884,0.0200428493930823,"Nb_vs_rest","Other species higher"
"atp23",18.3271075812475,-4.20317350700605,1.75279827403525,0.011269368540245,0.0200601295898182,"Nb_vs_rest","Other species higher"
"gxylt2",3.70398287172903,-4.65493369834763,1.97223103702075,0.0112751174579127,0.0200614130020387,"Nb_vs_rest","Other species higher"
"si:ch211-117c9.5",4.02924457901707,-4.43145397627906,1.86215984779479,0.0112741961084327,0.0200614130020387,"Nb_vs_rest","Other species higher"
"si:dkey-4e7.3",80.8208654473882,2.28378425370915,0.914494321000944,0.0112876906958278,0.020079307122761,"Nb_vs_rest","Nb higher"
"zmp:0000000846",3.97819513982506,-4.28737226096234,1.79360117471177,0.0113034673617672,0.0201028904717857,"Nb_vs_rest","Other species higher"
"spg21",9.01816321328951,-4.51047030241267,1.90169050029336,0.0113110213422889,0.0201118427610217,"Nb_vs_rest","Other species higher"
"ubxn7",5.53268009301318,-4.24580330412921,1.77439623151781,0.0113268956542178,0.0201355819382174,"Nb_vs_rest","Other species higher"
"vps41",6.11567264034668,-4.05381371213343,1.68454140080236,0.0113432526089987,0.0201601683340334,"Nb_vs_rest","Other species higher"
"pigq",3.7389272119168,-4.55661687838348,1.92555625954692,0.0113532138852216,0.020172416217762,"Nb_vs_rest","Other species higher"
"ttyh1",129.482047608977,2.27711018920629,0.912516980675041,0.0113551997055372,0.020172416217762,"Nb_vs_rest","Nb higher"
"tead3b",7.23034805499879,-4.41314309950743,1.85568152587606,0.0113658290121128,0.020186805145039,"Nb_vs_rest","Other species higher"
"CEBPZ",5.41793785438198,-4.14812820775073,1.72928419298044,0.0113700847839948,0.0201898701771871,"Nb_vs_rest","Other species higher"
"pi4kab",30.6922298176567,-4.36628521894808,1.83326305114531,0.0113750974914025,0.0201942776376846,"Nb_vs_rest","Other species higher"
"setd1ba",4.11797104719855,-4.44748898388732,1.87338916231545,0.0114043565841196,0.0202417183143403,"Nb_vs_rest","Other species higher"
"sacm1la",4.3210832234968,-4.18526333609461,1.7477281100345,0.0114094633976477,0.0202460310964093,"Nb_vs_rest","Other species higher"
"mpg",129.967305935461,2.60629308101579,1.0501359041906,0.011411860635545,0.0202460310964093,"Nb_vs_rest","Nb higher"
"sarm1",11.7861356746977,-4.6716000402014,1.98477666797182,0.0114219087794641,0.0202548515689164,"Nb_vs_rest","Other species higher"
"smek1",7.5458140698442,-4.32778810283483,1.81590146036557,0.0114209216839462,0.0202548515689164,"Nb_vs_rest","Other species higher"
"smarcd3b",4.59342787888163,-4.2706142900894,1.78865365813409,0.0114259224513311,0.0202574674875855,"Nb_vs_rest","Other species higher"
"afap1l2",7.71992093467832,-4.29974968761819,1.80279288624861,0.0114344303763908,0.0202680485125719,"Nb_vs_rest","Other species higher"
"smim14",7.99405569711971,-4.59618075787889,1.94760174475157,0.0114412953114463,0.020275713210158,"Nb_vs_rest","Other species higher"
"SLC16A2",3.21665538430873,-4.37206997172983,1.83833100892226,0.0114638925469533,0.0203112483402948,"Nb_vs_rest","Other species higher"
"si:dkey-32e23.4",3.95768443899481,-4.51668884218927,1.90915976733365,0.0114744753623856,0.0203254857695532,"Nb_vs_rest","Other species higher"
"galk2",5.03076090044059,-4.63734456134868,1.96964650159076,0.0114947665764072,0.0203490388778947,"Nb_vs_rest","Other species higher"
"si:ch73-389b16.2",3.64244017543585,-4.59625071239655,1.94920683911555,0.0114979719674721,0.0203490388778947,"Nb_vs_rest","Other species higher"
"l2hgdh",5.78027482261229,-4.50799997200224,1.90545718028528,0.0114958758765196,0.0203490388778947,"Nb_vs_rest","Other species higher"
"tpbgb",4.74661887304312,-4.42171834581031,1.86326209078366,0.0114969265991434,0.0203490388778947,"Nb_vs_rest","Other species higher"
"slit2",3.43597048680831,-4.29617744632183,1.80302431814697,0.0115123752746437,0.0203700121267532,"Nb_vs_rest","Other species higher"
"esrra",5.4661624528006,-4.35149402002453,1.83037438086448,0.0115417948253588,0.0204130147842117,"Nb_vs_rest","Other species higher"
"bap1",6.36973415653581,-4.21812575462522,1.76642957522471,0.0115393025666492,0.0204130147842117,"Nb_vs_rest","Other species higher"
"celsr3",2.97909861620431,-4.3801440080786,1.84441555031479,0.0115489904835876,0.0204212151692952,"Nb_vs_rest","Other species higher"
"ABCA1",10.0764176672437,-4.80280397923363,2.05561623550055,0.0115633094008337,0.0204284279430271,"Nb_vs_rest","Other species higher"
"alcamb",4.23575999199019,-4.34330203330237,1.82694109392784,0.0115624013678161,0.0204284279430271,"Nb_vs_rest","Other species higher"
"calr",4.71357014208,-4.21381137814152,1.76495670752098,0.0115632383364016,0.0204284279430271,"Nb_vs_rest","Other species higher"
"fgf8b",13.4776955777738,-4.18544841859357,1.75137724750363,0.0115581597918087,0.0204284279430271,"Nb_vs_rest","Other species higher"
"gng2",7.70553187794259,-4.25271099099203,1.78361940358467,0.0115687358456247,0.0204334909358312,"Nb_vs_rest","Other species higher"
"atox1",11.194226547323,-4.51990860570956,1.91343645172092,0.0115745184398773,0.0204391806041649,"Nb_vs_rest","Other species higher"
"helz",4.63287445350264,-4.69037222273191,1.99890105467027,0.0115852110080684,0.0204486184881371,"Nb_vs_rest","Other species higher"
"avil",3.75221083950028,-4.39460170551542,1.85244140852471,0.0115884637138447,0.0204486184881371,"Nb_vs_rest","Other species higher"
"nyx",5.7918803523977,3.54762236485839,1.45923951193707,0.0115893037162294,0.0204486184881371,"Nb_vs_rest","Nb higher"
"si:ch73-106g13.1",11.1273211761607,2.77283888098591,1.12279096636638,0.0115901129601309,0.0204486184881371,"Nb_vs_rest","Nb higher"
"pdzrn3b",15.3538156356147,-4.61233344198307,1.96045886778832,0.0116143964052476,0.0204869326511662,"Nb_vs_rest","Other species higher"
"dynlrb1",9.7959304839602,-4.46405833044854,1.88733879310777,0.0116267090897029,0.020504119013443,"Nb_vs_rest","Other species higher"
"dpp6a",21.0238860352442,-4.28325305047092,1.79976357510422,0.0116310703978362,0.0205072783417439,"Nb_vs_rest","Other species higher"
"pfn1",18.4231254614311,-4.62720578022711,1.96850589417553,0.0116358437593337,0.0205111626241402,"Nb_vs_rest","Other species higher"
"abcg5",11.2990125380946,-4.17829929384319,1.74990509482303,0.0116386635182511,0.0205116022251863,"Nb_vs_rest","Other species higher"
"macroh2a1",4.86938520067089,-4.36190463718192,1.83795264042163,0.0116423155510899,0.0205135080807458,"Nb_vs_rest","Other species higher"
"efnb1",3.52508627747861,-4.60666469724182,1.95862659241198,0.0116507399151207,0.0205238199829278,"Nb_vs_rest","Other species higher"
"ext1b",3.31769613518873,-4.32938846769811,1.82267580155009,0.0116599390656212,0.0205264314457659,"Nb_vs_rest","Other species higher"
"C5orf15",5.31972391428284,-4.32602897624123,1.82105047722281,0.0116597601947006,0.0205264314457659,"Nb_vs_rest","Other species higher"
"fzd6",8.33934846255163,-4.16669384905141,1.74486025214914,0.0116578314192628,0.0205264314457659,"Nb_vs_rest","Other species higher"
"olfml2ba",6.65429199369464,-4.53238939785263,1.9223988469619,0.0116784927008318,0.0205500268473291,"Nb_vs_rest","Other species higher"
"gpr182",4.33980764422646,-4.4774723979432,1.89526915607717,0.011677767610215,0.0205500268473291,"Nb_vs_rest","Other species higher"
"stx10",8.67006895118553,-4.25529746748971,1.78796833390745,0.0116964830095383,0.0205771460352988,"Nb_vs_rest","Other species higher"
"cyfip2",5.82766030965204,-4.28337076888992,1.80175166730784,0.0117096747295382,0.0205958131676691,"Nb_vs_rest","Other species higher"
"urod",4.83318540736342,-4.54967542240979,1.93204658793797,0.0117182580959461,0.020606368357349,"Nb_vs_rest","Other species higher"
"si:ch73-199g24.2",7.90287551259352,-4.34244050631801,1.83141242543505,0.011757082554329,0.0206678090537751,"Nb_vs_rest","Other species higher"
"psmc6",6.27324090115982,-4.22267833201841,1.77386927311903,0.0117583775819723,0.0206678090537751,"Nb_vs_rest","Other species higher"
"ARHGAP6",6.38372934788773,-4.40523442236271,1.86274465816327,0.0117887723815872,0.0207166711308228,"Nb_vs_rest","Other species higher"
"tsen34",10.4743498266279,-4.36241678928207,1.84232657944088,0.0118060029577479,0.0207423830037049,"Nb_vs_rest","Other species higher"
"APBA3",3.62725658012314,-4.61569800719603,1.96817205764642,0.0118329532744632,0.0207851567532944,"Nb_vs_rest","Other species higher"
"selenot2",11.2279297775102,-4.10946492810068,1.72217997428889,0.0118460806169825,0.0207993119784067,"Nb_vs_rest","Other species higher"
"vps13d",6.32544351130124,2.96535623629578,1.20873335869673,0.0118462246794309,0.0207993119784067,"Nb_vs_rest","Nb higher"
"slc9a5",5.31709520773999,-4.50367916171047,1.91275867673153,0.0118508007564183,0.0208027694756309,"Nb_vs_rest","Other species higher"
"phospho2",173.667477297875,-4.19436819982464,1.76299038326828,0.0118688605438389,0.0208298894083647,"Nb_vs_rest","Other species higher"
"tex2",4.34674202175186,-4.63909404045991,1.98111034753531,0.0118746711512602,0.0208355047904698,"Nb_vs_rest","Other species higher"
"lsm7",4.30603433446261,-4.76773027029713,2.04687032223102,0.0118805289415533,0.0208412004734217,"Nb_vs_rest","Other species higher"
"cacnb2b",5.35405817429603,-4.85298203319806,2.09142539678453,0.0118919628377147,0.0208560082125785,"Nb_vs_rest","Other species higher"
"tspan7b",8.93849348018328,2.60087377976119,1.05417705748986,0.0118941971648427,0.0208560082125785,"Nb_vs_rest","Nb higher"
"loxa",4.81286804892119,-4.62289473984246,1.97355047488584,0.0118969014529819,0.0208561673099288,"Nb_vs_rest","Other species higher"
"rnf130",4.22430701314202,-4.50133707923391,1.91290819273343,0.0119005761296247,0.0208580271281363,"Nb_vs_rest","Other species higher"
"pwp2h",5.07257176008044,-4.58504233120507,1.95529383994929,0.0119253072227455,0.020896783407446,"Nb_vs_rest","Other species higher"
"FRMD4A",4.12477836350015,-4.15919630688424,1.74832352830202,0.0119577907527419,0.0209491043264281,"Nb_vs_rest","Other species higher"
"selenou1b",25.3475096409537,-4.8094645371898,2.0708798353434,0.0119637111428177,0.0209548759700801,"Nb_vs_rest","Other species higher"
"nrg1",2.96752173331256,-4.37352721705629,1.85186933468045,0.0119708735433866,0.0209628200298936,"Nb_vs_rest","Other species higher"
"gar1",18.707817104522,-4.56872254336031,1.94947938836279,0.0120132914749885,0.0210324848552892,"Nb_vs_rest","Other species higher"
"sybl1",2.87530395859757,-4.48846888808577,1.9102887781388,0.0120444748557074,0.0210778309974879,"Nb_vs_rest","Other species higher"
"ints3",5.52611638799267,-4.17557373310929,1.75810563283578,0.0120429812757715,0.0210778309974879,"Nb_vs_rest","Other species higher"
"nkx6.2",13.0784699212818,-4.31657686788256,1.82623902813253,0.0120550566872419,0.0210917238246416,"Nb_vs_rest","Other species higher"
"AANAT",29.2438373391302,-4.22106409232737,1.78047476985076,0.0120685979572299,0.021110787307912,"Nb_vs_rest","Other species higher"
"arl14ep",3.42772717269979,-4.42405701160783,1.87917168973815,0.0120718243363728,0.0211118032444126,"Nb_vs_rest","Other species higher"
"slc1a9",3.22892522859139,-4.47247449875261,1.90334164121932,0.0120823335562491,0.0211209248146479,"Nb_vs_rest","Other species higher"
"ccndbp1",7.39140338465558,-4.45807541514385,1.89619424271571,0.0120814505772545,0.0211209248146479,"Nb_vs_rest","Other species higher"
"hcn4l",3.06824745819489,4.03921774953995,1.69499426484418,0.0121094164419105,0.0211636318892786,"Nb_vs_rest","Nb higher"
"bnipl",3.753766109645,-4.31944713647875,1.82922364165843,0.0121202137142888,0.0211688688375479,"Nb_vs_rest","Other species higher"
"cabp7b",3.98367422660026,-4.30011163354629,1.81985263612136,0.0121208273997187,0.0211688688375479,"Nb_vs_rest","Other species higher"
"rom1a",208.853882604666,-2.09654945897549,0.846144137199415,0.0121230238831571,0.0211688688375479,"Nb_vs_rest","Other species higher"
"TLK1",50.6363964671544,1.80360243512561,0.72550755449476,0.0121219234206966,0.0211688688375479,"Nb_vs_rest","Nb higher"
"zbtb33",3.76236678461492,-4.66424962084058,2.0010197965814,0.0121336360507492,0.0211827643152437,"Nb_vs_rest","Other species higher"
"ADAMTS5",6.52051351684352,3.29651196110894,1.35762885829254,0.0121368118706886,0.0211836742624881,"Nb_vs_rest","Nb higher"
"gfap",6.56882509579211,-4.4143639188389,1.87640390202886,0.0121510137458488,0.0212038245554065,"Nb_vs_rest","Other species higher"
"ppp1cb",8.87413730655541,-4.43527478119315,1.8877167536369,0.0121907633109181,0.0212685376521921,"Nb_vs_rest","Other species higher"
"smarcd1",4.22758799133184,-4.40426770593648,1.87271496585559,0.012201915229396,0.0212833406624219,"Nb_vs_rest","Other species higher"
"ppp2ca",7.71894307794801,-4.1624887855728,1.7555951700298,0.0122046031813749,0.0212833770514361,"Nb_vs_rest","Other species higher"
"sema6a",5.97835425578267,-4.21084208596948,1.77886270408302,0.0122088964742719,0.0212862123366156,"Nb_vs_rest","Other species higher"
"sik2b",4.76338933766715,-4.23324978015774,1.78989789007932,0.012219698381048,0.0213003916733865,"Nb_vs_rest","Other species higher"
"rab6ba",2.9861801591511,-4.42859051298985,1.88574505700359,0.0122433461387302,0.0213276363647821,"Nb_vs_rest","Other species higher"
"zgc:153018",6.30222200134644,-4.26659370708933,1.80647894079194,0.0122399764998667,0.0213276363647821,"Nb_vs_rest","Other species higher"
"rnf170",4.9664629160135,-4.10471378224333,1.72893017376798,0.0122424352895944,0.0213276363647821,"Nb_vs_rest","Other species higher"
"slc38a5a",4.8155680994832,-4.28127471703271,1.81389217742366,0.0122526230205937,0.0213391383029982,"Nb_vs_rest","Other species higher"
"PRKAB2",16.3359294939704,-4.10346700784766,1.72925323037884,0.012283191294769,0.0213877081676319,"Nb_vs_rest","Other species higher"
"lyst",4.6585013395249,-4.65862404794933,2.00249683985772,0.012291862631483,0.021397115028771,"Nb_vs_rest","Other species higher"
"THNSL1",3.3983088467076,-4.40433576814375,1.87504947328009,0.0122939564419693,0.021397115028771,"Nb_vs_rest","Other species higher"
"gad1b",13.0612945014231,-4.6535346241154,2.00020049574015,0.012302905419155,0.0214033540974181,"Nb_vs_rest","Other species higher"
"calcoco1a",6.03811094564391,-4.14484958081113,1.74936111431083,0.012300472265968,0.0214033540974181,"Nb_vs_rest","Other species higher"
"nt5c2l1",11.6148189752432,-4.44504619186483,1.8955108090973,0.0123076794120416,0.0214069925257393,"Nb_vs_rest","Other species higher"
"C7orf26",3.09373372284411,-4.38028141809018,1.86380291121241,0.0123177414025251,0.0214198248838855,"Nb_vs_rest","Other species higher"
"pfkla",3.96841482309294,-4.63545152478062,1.9925373440711,0.0123602523255282,0.0214890661345784,"Nb_vs_rest","Other species higher"
"ablim3",4.77508003941956,-4.22765419188026,1.79064231764744,0.0123664768908633,0.0214952048767347,"Nb_vs_rest","Other species higher"
"acp7",4.97965216447506,-4.57212910568572,1.96108241802854,0.0123851884419612,0.0215148911203263,"Nb_vs_rest","Other species higher"
"lrrc18a",9.75120364277781,-4.4889431801047,1.91923989518349,0.0123822132234995,0.0215148911203263,"Nb_vs_rest","Other species higher"
"slc1a8b",164.724533232803,-1.87112906963171,0.755546827118227,0.0123858909532305,0.0215148911203263,"Nb_vs_rest","Other species higher"
"ppm1ba",6.13162532942908,-4.47390542217278,1.91200414637245,0.0123925235749144,0.0215217275577404,"Nb_vs_rest","Other species higher"
"pde4ba",6.8887480579475,-4.53721282820185,1.9444533441735,0.0124220916032814,0.0215683835931649,"Nb_vs_rest","Other species higher"
"si:dkey-106g10.7",4.59519125389903,-4.23655084808662,1.79660298659707,0.0124375795772727,0.0215905775563708,"Nb_vs_rest","Other species higher"
"vldlr",3.037079855031,-4.36486737978478,1.85952949908414,0.0124521608494428,0.021611188251099,"Nb_vs_rest","Other species higher"
"fam102ba",4.02511896792832,-4.24205384893848,1.80019563818863,0.0124773106674331,0.0216501280987423,"Nb_vs_rest","Other species higher"
"mapk10",5.18078498074575,-4.65287392254177,2.00514903983187,0.012497419865237,0.0216803066357807,"Nb_vs_rest","Other species higher"
"gpr137",12.783480474227,-4.31006287398431,1.83454091270032,0.0125300356463485,0.0217321635422433,"Nb_vs_rest","Other species higher"
"polr3e",6.73113926275551,-4.14976696933885,1.75760233365722,0.0125604512519381,0.0217801827445602,"Nb_vs_rest","Other species higher"
"mybpc2a",5.29042898815473,-4.53623972665003,1.94777484939014,0.0125689842242134,0.0217902442123013,"Nb_vs_rest","Other species higher"
"lgals3b",5.53854538702728,-4.54595935529149,1.95288196100573,0.0125768100492368,0.021799075628347,"Nb_vs_rest","Other species higher"
"LRFN2",6.78526844162012,3.68379660205374,1.53976797861112,0.0125848855206066,0.0218083358207255,"Nb_vs_rest","Nb higher"
"prdm10",4.85488406373914,-4.48749136598907,1.92377462715681,0.012588452852649,0.0218097815380241,"Nb_vs_rest","Other species higher"
"gas2l3",4.19336975507166,-4.4103237866615,1.8856509765478,0.012601874480263,0.0218202861620138,"Nb_vs_rest","Other species higher"
"smyd5",5.05010080758313,3.31387805438632,1.37313463641132,0.0126027191629977,0.0218202861620138,"Nb_vs_rest","Nb higher"
"paqr4b",179.580981886917,2.28431782119609,0.929378249411306,0.0126003107828722,0.0218202861620138,"Nb_vs_rest","Nb higher"
"kank2",10.2136371455647,-4.45629781889036,1.90875984418301,0.0126114917723875,0.0218307384693389,"Nb_vs_rest","Other species higher"
"ccser1",4.13319022302303,-4.67024151702641,2.01803921596307,0.0126440371427072,0.0218775837811804,"Nb_vs_rest","Other species higher"
"PCLO",6.48299556368147,-4.62413899722221,1.9943280313157,0.012642168335746,0.0218775837811804,"Nb_vs_rest","Other species higher"
"jazf1a",389.634130408232,-2.17627518425443,0.884698139783704,0.0126538551283643,0.0218898252599929,"Nb_vs_rest","Other species higher"
"mbd2",4.23575488110879,-4.4878989020513,1.92575846785055,0.0126586270483752,0.0218933341668908,"Nb_vs_rest","Other species higher"
"ccdc43",3.85709619396581,-4.39759070262199,1.88101056991905,0.0126698675772892,0.0219080267100254,"Nb_vs_rest","Other species higher"
"znf511",53.4492271069717,-4.35683939570213,1.86098299603689,0.0126747278272416,0.0219116828555867,"Nb_vs_rest","Other species higher"
"ctdspl2a",6.47171282422442,-4.18005362808579,1.77483608921892,0.012678019841163,0.0219126268859607,"Nb_vs_rest","Other species higher"
"neu1",3.22874684082658,-4.53569815766842,1.95091454626318,0.012701305157669,0.021948119349978,"Nb_vs_rest","Other species higher"
"tlk1b",5.88284794743979,-4.22703837539566,1.79817659109468,0.0127042159001235,0.0219483963808152,"Nb_vs_rest","Other species higher"
"rgs11",5.81227145133863,3.83938329394138,1.61419402255991,0.0127153629059775,0.0219628995648703,"Nb_vs_rest","Nb higher"
"WDR25",37.8885684107387,-4.49916277402964,1.93311238111657,0.0127255452074273,0.0219709759314734,"Nb_vs_rest","Other species higher"
"gucy2d",9.04866582943134,3.31712492520035,1.37660409977759,0.0127245871772399,0.0219709759314734,"Nb_vs_rest","Nb higher"
"WHAMM",3.38251427336837,-4.4006303413026,1.88513276872607,0.012776713781099,0.022054548123117,"Nb_vs_rest","Other species higher"
"pef1",4.33023382517076,-4.55309264982191,1.96179429143713,0.0127816943590837,0.0220583739155466,"Nb_vs_rest","Other species higher"
"ndufa10",9.3155305826984,-4.37240131288787,1.87148006002296,0.0127909940096389,0.0220696502047391,"Nb_vs_rest","Other species higher"
"ANOS1",3.97577722597572,-4.49407879684701,1.93315310351981,0.012828357346491,0.0221283085973835,"Nb_vs_rest","Other species higher"
"anapc7",7.35443152410707,-4.28268975671247,1.82824385673529,0.0128305368270794,0.0221283085973835,"Nb_vs_rest","Other species higher"
"ttc13",3.72425509703717,-4.50025922641907,1.93675147351101,0.012847541862978,0.0221528487611419,"Nb_vs_rest","Other species higher"
"tex264a",7.35034777433771,-4.29424691935991,1.83446440525417,0.0128542315453975,0.0221595955351635,"Nb_vs_rest","Other species higher"
"cd81b",4.2802630573689,-4.66727675082785,2.02293706588249,0.0128826230697718,0.0221989488440463,"Nb_vs_rest","Other species higher"
"asb14a",29.3050977265758,-4.12709682399163,1.75388103419399,0.0128822677023215,0.0221989488440463,"Nb_vs_rest","Other species higher"
"stat4",4.342632588087,-4.56878000139972,1.97253729051359,0.0128888057504029,0.0222048078342433,"Nb_vs_rest","Other species higher"
"cdk19",3.61638644043051,-4.44978358116757,1.91275344467384,0.0129026022878222,0.0222237786006521,"Nb_vs_rest","Other species higher"
"rab11a",3.83558398579614,-4.59738416163216,1.98789348335626,0.0129174998671498,0.0222267142498909,"Nb_vs_rest","Other species higher"
"mthfd1l",3.73261639677887,-4.53152367507435,1.95435304995013,0.0129182331692975,0.0222267142498909,"Nb_vs_rest","Other species higher"
"stk11",28.2099739255551,-4.44187460618702,1.90916794424132,0.0129178641349231,0.0222267142498909,"Nb_vs_rest","Other species higher"
"mkks",3.30979135246516,-4.38701555466681,1.88170423648738,0.0129140633686238,0.0222267142498909,"Nb_vs_rest","Other species higher"
"rbm17",8.19715846195346,-4.11497366195493,1.74879405969812,0.012916160613907,0.0222267142498909,"Nb_vs_rest","Other species higher"
"nmrk1",5.60977926745066,-4.49663587839802,1.93720166091049,0.0129379982866279,0.0222525062578104,"Nb_vs_rest","Other species higher"
"ing2",3.67854147192398,-4.29381167163406,1.8362665788009,0.0129404020898988,0.0222525062578104,"Nb_vs_rest","Other species higher"
"twnk",26.950380738167,-4.25364872546039,1.81667057287552,0.0129443777003453,0.0222525062578104,"Nb_vs_rest","Other species higher"
"naa40",4.54891787940864,-4.2267846089879,1.80350900638512,0.0129423583911242,0.0222525062578104,"Nb_vs_rest","Other species higher"
"hnrnpm",26.8194359268651,2.43535479341917,0.997009934590747,0.0129519376927801,0.0222607070403587,"Nb_vs_rest","Nb higher"
"serpinf1",13.8065768695869,-4.62166194943271,2.00141064427276,0.0129579365800518,0.0222614281827369,"Nb_vs_rest","Other species higher"
"tapt1a",5.16364560903602,-4.17846028842969,1.78036538429848,0.0129576460313232,0.0222614281827369,"Nb_vs_rest","Other species higher"
"C14orf119",14.5819931475497,-4.45948596994119,1.91932739427038,0.0129715004629064,0.0222751395941452,"Nb_vs_rest","Other species higher"
"atpv0e2",4.75542610755746,-4.44268969804558,1.91087193361706,0.0129704699463091,0.0222751395941452,"Nb_vs_rest","Other species higher"
"p2rx7",3.99244571126333,-4.48840015984916,1.93446509484436,0.0129946825317203,0.0223101477201222,"Nb_vs_rest","Other species higher"
"antxr1c",5.7379533931435,-4.26285444726657,1.82240389974695,0.0129976615763802,0.0223104623315797,"Nb_vs_rest","Other species higher"
"rasa1a",85.8609167579986,-1.57601286417658,0.639149606637986,0.0130232938416991,0.0223496526573674,"Nb_vs_rest","Other species higher"
"rasl10a",4.96463772244923,-4.80436551549992,2.09875379057478,0.0130293154764979,0.0223551789942922,"Nb_vs_rest","Other species higher"
"abi2b",5.10850264073625,-4.1591705039149,1.77282311571457,0.0130386168307555,0.0223663289573149,"Nb_vs_rest","Other species higher"
"mapk8a",444.441143140506,2.30662388222909,0.943645420009643,0.0130534417169461,0.0223869471096562,"Nb_vs_rest","Nb higher"
"jak3",6.5884714610981,-4.80892391556016,2.10212040886785,0.0130630438136876,0.0223986011244579,"Nb_vs_rest","Other species higher"
"zgc:153733",13.8500636757586,-4.08835592903838,1.73928371177842,0.0130671971410939,0.0224009093847324,"Nb_vs_rest","Other species higher"
"them6",3.6231459413743,-4.5826835715395,1.98438977846474,0.0130727164661072,0.0224055578607249,"Nb_vs_rest","Other species higher"
"ngrn",3.05073297670161,4.62386135914864,2.00563576797903,0.0130758334231257,0.0224060877639131,"Nb_vs_rest","Nb higher"
"lrig2",3.19445295329727,-4.31956097795936,1.85260739008303,0.0130964721629322,0.022436635435852,"Nb_vs_rest","Other species higher"
"kaznb",3.55689843028301,-4.50918296548951,1.94851439901589,0.0131358164541446,0.0224847308674547,"Nb_vs_rest","Other species higher"
"tmcc3",3.02590033096761,-4.31660606346218,1.85193765896522,0.0131302882175034,0.0224847308674547,"Nb_vs_rest","Other species higher"
"slc24a5",3.77514293050553,-4.28225943498577,1.83506579485596,0.0131334466956745,0.0224847308674547,"Nb_vs_rest","Other species higher"
"abca12",13.1568766707809,2.92796515867779,1.21113249487465,0.0131274041751838,0.0224847308674547,"Nb_vs_rest","Nb higher"
"mff",6.24148765965181,-4.39114130458808,1.88936273451414,0.0131467606588213,0.0224942220731375,"Nb_vs_rest","Other species higher"
"nsrp1",12.7813400379432,-1.94386255319028,0.792409802905723,0.0131469989660543,0.0224942220731375,"Nb_vs_rest","Other species higher"
"esyt1b",13.0353091270701,-4.63609275820043,2.01396259642006,0.0131525263053376,0.0224988552875871,"Nb_vs_rest","Other species higher"
"stx18",305.972217152239,1.94587207804841,0.793396902282821,0.013163868613329,0.0225134315332974,"Nb_vs_rest","Nb higher"
"dok1b",5.6408129318374,-4.74062179551205,2.06948379387826,0.0131890203373842,0.0225432502300544,"Nb_vs_rest","Other species higher"
"ACLY",5.27279668796557,-4.69742574672407,2.04679791728392,0.0131880502876105,0.0225432502300544,"Nb_vs_rest","Other species higher"
"fhl1a",784.105374681845,1.96913866984964,0.803332477322366,0.0131897788626722,0.0225432502300544,"Nb_vs_rest","Nb higher"
"nono",8.68916807822595,-4.24201072856244,1.81715150817966,0.0132149558770284,0.0225814449461856,"Nb_vs_rest","Other species higher"
"ogfrl1",2.50645014104499,4.74536588186514,2.07294635622308,0.0132243797159955,0.0225927103690096,"Nb_vs_rest","Nb higher"
"lrrc8ab",2.65321759359607,-4.24310070837605,1.81798161511237,0.0132279829327548,0.022594029067505,"Nb_vs_rest","Other species higher"
"parn",3.53908406538067,-4.22596703148671,1.81000391632516,0.0132466741117625,0.0226211126496608,"Nb_vs_rest","Other species higher"
"eprs1",6.60012189002911,-4.14877137472336,1.77298647192157,0.0132750317816342,0.0226646884076682,"Nb_vs_rest","Other species higher"
"arhgap36",4.66610419860462,-4.20110913291952,1.7988607105447,0.0132921781221759,0.0226891083240564,"Nb_vs_rest","Other species higher"
"si:dkey-79d12.5",4.775063307102,-4.2869229055259,1.84152046119398,0.0133139713998666,0.0227214481973772,"Nb_vs_rest","Other species higher"
"rel",5.28003148000006,-4.52704082163587,1.96329590494531,0.0133631801668917,0.0227974471751365,"Nb_vs_rest","Other species higher"
"cadm1a",5.24122325720266,-4.2042660784557,1.80200815438443,0.0133642177801114,0.0227974471751365,"Nb_vs_rest","Other species higher"
"maip1",3.77203038236569,-4.23150915138528,1.81598217607423,0.0133917080213997,0.0228368338131119,"Nb_vs_rest","Other species higher"
"cfap20",3.14233077080903,3.70278878982524,1.56373109472247,0.0133930303565619,0.0228368338131119,"Nb_vs_rest","Nb higher"
"lmod1b",11.039132284773,-4.59854682650049,2.00206340574774,0.0134428602963076,0.0229169034745855,"Nb_vs_rest","Other species higher"
"dhx32b",17.5075662362859,-4.12457561932221,1.76592196896918,0.0134911680113337,0.0229943444533197,"Nb_vs_rest","Other species higher"
"ascc1",2.51952369621991,-4.19000871302446,1.79792986898396,0.0134953767490516,0.0229966061194601,"Nb_vs_rest","Other species higher"
"slc32a1",4.23701061330153,-4.37095861544551,1.88839150881648,0.0135315233251826,0.023053278423347,"Nb_vs_rest","Other species higher"
"znrf3",450.755774737949,-2.13153458756493,0.874776914532243,0.0135472676173084,0.0230751751517867,"Nb_vs_rest","Other species higher"
"ttc37",18.4817619108887,-4.24870586186251,1.82815335256559,0.0135567351310811,0.0230863735266811,"Nb_vs_rest","Other species higher"
"klhl21",14.0920487775778,-3.93017241370878,1.67405257570968,0.0135695887733153,0.0231033322831355,"Nb_vs_rest","Other species higher"
"rps27a",705.339175370334,-2.77065831587617,1.14877134421009,0.013589078304202,0.0231315795365896,"Nb_vs_rest","Other species higher"
"b4galnt1a",20.6434652798787,-4.51470324133043,1.96278044581972,0.0135965743577996,0.0231344698028232,"Nb_vs_rest","Other species higher"
"ostc",8.28030196443792,-4.35301486734763,1.88091802141952,0.0135964511152093,0.0231344698028232,"Nb_vs_rest","Other species higher"
"acmsd",3.49156656681322,5.37025088282889,2.43657069522578,0.013603247240156,0.0231405574513732,"Nb_vs_rest","Nb higher"
"czib",3.96773886302387,-4.24459124645626,1.82722367209663,0.0136059518247923,0.0231405574513732,"Nb_vs_rest","Other species higher"
"si:ch73-141c7.1",4.88211459470676,-4.85644478053252,2.14301591151659,0.0136120401314307,0.0231459791708538,"Nb_vs_rest","Other species higher"
"blmh",5.15293225131945,-4.39467213944836,1.90240817209677,0.0136207951771082,0.0231559321502606,"Nb_vs_rest","Other species higher"
"KCNQ4",7.54655508028973,-4.3912432330821,1.90094495844257,0.0136319851831802,0.0231636957438729,"Nb_vs_rest","Other species higher"
"PCYT2",6.33672267084941,-4.14271819361281,1.77772858538845,0.0136293044155593,0.0231636957438729,"Nb_vs_rest","Other species higher"
"bcan",12.5686657445961,-4.11833686061879,1.76594957461939,0.0136340700387181,0.0231636957438729,"Nb_vs_rest","Other species higher"
"mettl2a",3.73801022611621,-4.39119382865728,1.90122056094911,0.0136447488439676,0.0231769041666372,"Nb_vs_rest","Other species higher"
"zgc:109889",3.81132632076109,-4.64518256911694,2.03166394283417,0.0136509355667667,0.0231775459197443,"Nb_vs_rest","Other species higher"
"itga2.2",3.96208732456829,-4.31295045665919,1.8621424570261,0.0136502429711539,0.0231775459197443,"Nb_vs_rest","Other species higher"
"ncor2",6.24164229148294,-4.15269100542358,1.78375432735156,0.0136828733839855,0.02322683037741,"Nb_vs_rest","Other species higher"
"zgc:172341",42.0515635492603,-4.4184560435039,1.91647252939625,0.013707714688114,0.0232640500236388,"Nb_vs_rest","Other species higher"
"sh3gl2a",9.60789389121538,-4.65154462414482,2.03658416778906,0.0137124573552885,0.023267150690028,"Nb_vs_rest","Other species higher"
"pomk",3.95173240747934,-4.48774998226769,1.95203152043368,0.013720777807748,0.0232713723498042,"Nb_vs_rest","Other species higher"
"dscamb",4.53767296483525,3.05832889724751,1.27688548046192,0.0137183587485665,0.0232713723498042,"Nb_vs_rest","Nb higher"
"copb2",4.127109606229,-4.11985883707441,1.76887497341645,0.0137365941445121,0.0232932471893767,"Nb_vs_rest","Other species higher"
"crkl",6.13154851051493,-4.43937063432313,1.92801576868881,0.0137471955738687,0.0233062716548698,"Nb_vs_rest","Other species higher"
"rom1b",240.367506297536,-1.71322152332879,0.701282870964769,0.0137509969993377,0.0233077646675265,"Nb_vs_rest","Other species higher"
"ptpro",2.73036329408306,-4.28951983127107,1.85289712121531,0.0137570489499627,0.0233130708474627,"Nb_vs_rest","Other species higher"
"smarcd2",3.58252578809304,-4.44584875853493,1.93162626801522,0.0137605172841318,0.0233139974368094,"Nb_vs_rest","Other species higher"
"MEF2D",4.73278078382818,-4.32475051988319,1.87162476993185,0.0138072126113484,0.0233881461767269,"Nb_vs_rest","Other species higher"
"rrp15",4.63490060681807,-4.46614263554152,1.9431619586999,0.0138104336236087,0.0233886375883696,"Nb_vs_rest","Other species higher"
"plk2b",8.30774210720656,-4.42862575006337,1.92444680134947,0.0138265939114895,0.0234110374312935,"Nb_vs_rest","Other species higher"
"rex1bd",8.39119327058311,2.43793475806956,1.00803390893499,0.0138367448803954,0.0234232550160279,"Nb_vs_rest","Nb higher"
"si:ch211-195e19.1",7.88345453737284,-4.49777120026728,1.96067891875167,0.0138654277364115,0.0234668320968322,"Nb_vs_rest","Other species higher"
"flncb",7.53280253913224,-4.40214284341567,1.91279364814849,0.0139021681132055,0.0235227439694009,"Nb_vs_rest","Other species higher"
"cox10",4.51419247725658,-4.16599554833291,1.79504392097232,0.013904358809983,0.0235227439694009,"Nb_vs_rest","Other species higher"
"zgc:172270",35.0655062386741,-3.92506653048235,1.67894285734024,0.0139390023721676,0.0235724060183155,"Nb_vs_rest","Other species higher"
"cep290",155.623980857847,-1.88031763686656,0.772619498326801,0.0139396220551918,0.0235724060183155,"Nb_vs_rest","Other species higher"
"atrnl1a",8.79117656558763,-4.23282893243519,1.82944119885887,0.0139688106392897,0.0236138184678483,"Nb_vs_rest","Other species higher"
"itchb",5.40752105229141,-4.19208725499086,1.80930998810588,0.0139700296975829,0.0236138184678483,"Nb_vs_rest","Other species higher"
"elac1",2.86493937928826,5.02361678280667,2.24617837277091,0.0139860428183064,0.0236313992134625,"Nb_vs_rest","Nb higher"
"dbpa",4.65142101762813,-4.12245511936008,1.77543256425694,0.013986353193632,0.0236313992134625,"Nb_vs_rest","Other species higher"
"abhd2a",5.54537643962108,-4.02181215751084,1.72679710150551,0.0140035463145004,0.0236510446824582,"Nb_vs_rest","Other species higher"
"NCKAP5",4.3590193190972,2.78118783140325,1.1586694614055,0.0140039080356661,0.0236510446824582,"Nb_vs_rest","Nb higher"
"abtb1",3.20321033931727,-4.23260853020943,1.83043854799297,0.0140192579220147,0.0236719589965462,"Nb_vs_rest","Other species higher"
"galnt1",10.8527168278028,2.21203767189058,0.91349269307859,0.0140227815434556,0.0236728996650678,"Nb_vs_rest","Nb higher"
"slc12a5a",3.879733703291,-4.6482867614268,2.04304147218207,0.0140304908218258,0.0236775592653475,"Nb_vs_rest","Other species higher"
"zgc:163080",4622.55812203179,-1.89366485778004,0.778984821010207,0.0140314759105048,0.0236775592653475,"Nb_vs_rest","Other species higher"
"MBNL2",3.17259974409508,-4.4660641216764,1.94876209671302,0.0140460171302235,0.0236970859829141,"Nb_vs_rest","Other species higher"
"si:ch1073-174d20.2",21.0415315858809,1.77862980878552,0.730932384068531,0.0140564529026907,0.0237096795948999,"Nb_vs_rest","Nb higher"
"RBMS3",3.55347289299477,-4.37013528809385,1.90089743943433,0.0140879651120942,0.0237578109878512,"Nb_vs_rest","Other species higher"
"dyrk3",5.04858347940534,-4.19012205403866,1.81113480537108,0.0140995845187918,0.0237723820959136,"Nb_vs_rest","Other species higher"
"mrc2",21.2199738159794,-4.5742713379121,2.00646373530995,0.0141186930056772,0.0237995712263,"Nb_vs_rest","Other species higher"
"gpr155a",27.7284137435349,-3.9991434133066,1.71824841166318,0.0141234077737368,0.0238024908203631,"Nb_vs_rest","Other species higher"
"rfx7b",6.35502299050428,-4.24775257725118,1.84069291444787,0.0141434001869986,0.0238311514975188,"Nb_vs_rest","Other species higher"
"igf2bp2a",3.37993496591578,-4.33575004726049,1.88493198010358,0.0141493856626786,0.0238362038395979,"Nb_vs_rest","Other species higher"
"syne3",2.95217595088016,-4.25691930290242,1.8457675688698,0.0141662983509046,0.0238596582609157,"Nb_vs_rest","Other species higher"
"hcn3",25.1901169556789,-4.47906913256832,1.95851954551807,0.0141751415646754,0.0238695145993057,"Nb_vs_rest","Other species higher"
"katna1",8.66369748741062,-4.09300932466468,1.76512153671561,0.0141825731552383,0.0238769902486924,"Nb_vs_rest","Other species higher"
"sh3pxd2aa",4.46800853259275,-4.43492040819353,1.93641573832568,0.0141982587228503,0.0238983557494927,"Nb_vs_rest","Other species higher"
"prkrip1",3.11709304153697,-4.49954384389005,1.97011510134254,0.0142186030326031,0.0239275521299395,"Nb_vs_rest","Other species higher"
"pou5f3",17.8261218651215,-4.24528285502029,1.84137011394236,0.0142305754256425,0.0239378643503207,"Nb_vs_rest","Other species higher"
"cenpv",12.0341521998016,-4.07193683321138,1.75581157383031,0.0142307303857044,0.0239378643503207,"Nb_vs_rest","Other species higher"
"mfge8b",6.87614396708169,-4.46905315641181,1.95557862690026,0.0142682830419664,0.0239959744309572,"Nb_vs_rest","Other species higher"
"nrsn1",5.91878189841751,-4.66026604746002,2.05587988743212,0.0142858719705369,0.0240109938001813,"Nb_vs_rest","Other species higher"
"cdk5rap3",44.7578457685137,-4.51382583490411,1.9789994589568,0.0142808310455711,0.0240109938001813,"Nb_vs_rest","Other species higher"
"phospho1",11.7222604827406,-4.28318398995269,1.86155616653589,0.0142862404214612,0.0240109938001813,"Nb_vs_rest","Other species higher"
"gatad1",2.72922576752464,-4.2573824058104,1.84938588916405,0.0143207077813968,0.0240638551475144,"Nb_vs_rest","Other species higher"
"wdr21",3.52271103654138,-4.38631142092666,1.91480157656803,0.0143360368633059,0.024079472567708,"Nb_vs_rest","Other species higher"
"AKR1D1",3.91635227532365,-4.16366661917972,1.80307327889655,0.0143350521306896,0.024079472567708,"Nb_vs_rest","Other species higher"
"pmt",3.1961846146089,-4.40983831146274,1.92713851482573,0.0143506308596185,0.0240989129334503,"Nb_vs_rest","Other species higher"
"trak2",5.01510887050195,-4.3114117515215,1.87737061585101,0.0143590527875844,0.0241079825888752,"Nb_vs_rest","Other species higher"
"blm",23.4064366539412,1.97500899541263,0.816087154752069,0.0143643833299189,0.0241118592706675,"Nb_vs_rest","Nb higher"
"prkcaa",3.64330309209342,-4.40492550459436,1.92545051869837,0.0143862759079751,0.0241435292840466,"Nb_vs_rest","Other species higher"
"egf",9.04950395323594,-4.29857280923125,1.87172517779812,0.0143961793201645,0.0241529314143007,"Nb_vs_rest","Other species higher"
"adam8b",13.7151533687555,-4.2376429236231,1.84126190730717,0.0144009583545417,0.0241529314143007,"Nb_vs_rest","Other species higher"
"FRMD1",3.67707059887693,-4.12898895205919,1.7873136616584,0.0144001667454596,0.0241529314143007,"Nb_vs_rest","Other species higher"
"ext1c",5.93517302956941,2.8971838099565,1.21512313165164,0.0144217284534092,0.0241826839794506,"Nb_vs_rest","Nb higher"
"mdkb",7.81568864276464,-4.13539041367435,1.79102120746523,0.0144265323037309,0.0241856570974312,"Nb_vs_rest","Other species higher"
"ephb4a",2.9066805707014,-4.3338218445859,1.89049544867752,0.0144396545268284,0.0242002214930971,"Nb_vs_rest","Other species higher"
"naa50",4.71374451269973,-4.24979277441723,1.84821502417209,0.014441285056407,0.0242002214930971,"Nb_vs_rest","Other species higher"
"gcnt7",6.08202199551296,-4.15174057875756,1.80063958869878,0.0145000155685894,0.0242895976621872,"Nb_vs_rest","Other species higher"
"eif4g3a",5.54057696887485,-4.10556972061918,1.77791722043859,0.0145037509850027,0.0242895976621872,"Nb_vs_rest","Other species higher"
"arid1ab",15.6327361293911,2.2847537924204,0.949289998578246,0.0145008546853482,0.0242895976621872,"Nb_vs_rest","Nb higher"
"ascc3",6.15789442119596,3.25018500149422,1.37500392367296,0.0145353195145114,0.0243373583142679,"Nb_vs_rest","Nb higher"
"dpf2",3.54511186295648,-4.28953924097437,1.870873137439,0.0145640626442582,0.0243752558517576,"Nb_vs_rest","Other species higher"
"mtmr3",22.3701191466301,-4.06774950631808,1.76050755092442,0.0145616755669847,0.0243752558517576,"Nb_vs_rest","Other species higher"
"CDYL2",5.66836063049731,-4.03416080768266,1.74444370771255,0.0145810058667049,0.0243984958725739,"Nb_vs_rest","Other species higher"
"sdf2l1",6.00830321947563,-4.041575122962,1.74821090999921,0.0145880110770436,0.0244051002924125,"Nb_vs_rest","Other species higher"
"psmb1",8.6232816352388,-4.21570892350374,1.83496083501343,0.014617965792709,0.0244500874084716,"Nb_vs_rest","Other species higher"
"cops2",5.88995567654012,-4.18978763526561,1.82236533752145,0.0146343031490049,0.0244722839750753,"Nb_vs_rest","Other species higher"
"si:ch211-63o20.7",18.0315157890844,-4.1386481067629,1.79705425973273,0.0146392862242351,0.0244754879676087,"Nb_vs_rest","Other species higher"
"mvb12bb",4.57820680177853,-4.65031263947052,2.06012332222129,0.0146639649709164,0.024501348506682,"Nb_vs_rest","Other species higher"
"nfil3-6",6.34794168905332,-4.19383371342416,1.82495192571074,0.0146612265352278,0.024501348506682,"Nb_vs_rest","Other species higher"
"cntnap1",5.40179208688936,3.98795757812589,1.72348423006953,0.0146611303637325,0.024501348506682,"Nb_vs_rest","Nb higher"
"creb3l2",5.31400483106804,-4.73782340422366,2.10751717787252,0.0146792010691428,0.0245216714531629,"Nb_vs_rest","Other species higher"
"exd3",3.54571214257255,-4.23839381787362,1.84802683992597,0.0146974318850897,0.0245469875351645,"Nb_vs_rest","Other species higher"
"jun",3.82483833943111,-4.39310640925969,1.92691024042731,0.0147148421426581,0.0245709228496362,"Nb_vs_rest","Other species higher"
"exosc10",4.4293155242756,-4.50997645989175,1.98759852487278,0.0147248859991972,0.0245825502664422,"Nb_vs_rest","Other species higher"
"senp6a",5.3316430916194,-4.57697734575662,2.02335732539087,0.0147501382440453,0.0246144088639652,"Nb_vs_rest","Other species higher"
"acp5b",15.0952550159307,-4.20605498701547,1.83288020451772,0.0147473812008099,0.0246144088639652,"Nb_vs_rest","Other species higher"
"stim1a",4.5603727570043,-4.11014935229301,1.78606477878432,0.0147911423115341,0.0246776741890116,"Nb_vs_rest","Other species higher"
"rdh8a",50.7547776545052,-1.88493023524026,0.78158482399525,0.0148029596621924,0.0246922278646102,"Nb_vs_rest","Other species higher"
"zgc:172302",6.51478372742164,-4.36320149808725,1.91413924570967,0.0148280225118631,0.0247288651295021,"Nb_vs_rest","Other species higher"
"rbm15",4.26248289998391,-4.33853003276138,1.9016093710527,0.0148312633615797,0.0247291018857932,"Nb_vs_rest","Other species higher"
"MTERF4",2.62587888074982,-4.28146014427567,1.87303865102074,0.0148505674926905,0.0247561162715,"Nb_vs_rest","Other species higher"
"bri3bp",7.1096574506337,-4.28419345776454,1.87461701200067,0.0148595403790448,0.0247655380363757,"Nb_vs_rest","Other species higher"
"tcf20",6.27670918221786,-4.24467845437357,1.85471966325238,0.0148624262727072,0.0247655380363757,"Nb_vs_rest","Other species higher"
"parga",8.91642523965743,-4.25955279021561,1.86229820578628,0.0148660267586172,0.0247663660822058,"Nb_vs_rest","Other species higher"
"hes6",193.534523574188,2.43669694345335,1.01888664739775,0.0148932720251425,0.0248065770738129,"Nb_vs_rest","Nb higher"
"nudc",6.13294343464058,-4.07288770811206,1.77001036287222,0.0149078782629823,0.0248257238185724,"Nb_vs_rest","Other species higher"
"pip4p2",3.23090149512527,3.71788980185407,1.59844819364066,0.0149220496719332,0.0248441386150692,"Nb_vs_rest","Nb higher"
"pgbd5",5.89160507523979,-4.65790450250073,2.07120881612939,0.0149456291027072,0.0248782061409269,"Nb_vs_rest","Other species higher"
"socs1b",4.49444434668173,-4.47540641093298,1.97488469399049,0.0149515638458637,0.024882894575598,"Nb_vs_rest","Other species higher"
"fbln7",7.79112075833519,-4.57686189362201,2.02955120802686,0.0150090014278642,0.0249732759371052,"Nb_vs_rest","Other species higher"
"ero1b",7.16348464488695,-4.42040869483578,1.94845488112057,0.01504463460556,0.0250221309196267,"Nb_vs_rest","Other species higher"
"mon1bb",3.34071973326368,-4.38010183364872,1.92761618330105,0.0150431100757352,0.0250221309196267,"Nb_vs_rest","Other species higher"
"mc2r",11.1259698659912,3.78713618420137,1.63447522408552,0.0150890669849723,0.0250908011127482,"Nb_vs_rest","Nb higher"
"ephb6",4.02186458012378,-4.34522803835618,1.9109605127353,0.0150997856422003,0.0251033936301579,"Nb_vs_rest","Other species higher"
"snrnp25",49.7863671188181,-3.98091526003622,1.72898516840872,0.0151214909356043,0.0251342423799463,"Nb_vs_rest","Other species higher"
"zranb3",27.753949927476,-4.26233619914999,1.86942767681227,0.0151333714554408,0.0251487513982545,"Nb_vs_rest","Other species higher"
"lyar",4.88507801574761,-4.52666927507652,2.00663073480324,0.0151606146406963,0.0251887788533742,"Nb_vs_rest","Other species higher"
"bcl7a",3.77673823304306,-4.47076497405485,1.97749555439903,0.0151694203968864,0.0251929187860881,"Nb_vs_rest","Other species higher"
"SP3",4.01835050709261,-4.20341093080186,1.84037851459499,0.0151677630692509,0.0251929187860881,"Nb_vs_rest","Other species higher"
"KCNIP3",4.93038977564789,-4.19047871027725,1.8346623217619,0.0152058614466322,0.0252481844244954,"Nb_vs_rest","Other species higher"
"dmd",4.74213045828242,-4.39618148792599,1.94001947944549,0.0152270019391575,0.0252780269345697,"Nb_vs_rest","Other species higher"
"SLC39A12",3.40527046738722,3.28874960721226,1.4032883679836,0.0152501644240253,0.0253112129999422,"Nb_vs_rest","Nb higher"
"slc13a3",5.33354476938888,-4.67852522197311,2.0915816524134,0.0153184047214692,0.025413902219818,"Nb_vs_rest","Other species higher"
"pigu",4.62912631021702,3.02449810213646,1.28389569149491,0.0153181157153305,0.025413902219818,"Nb_vs_rest","Nb higher"
"metrnlb",5.6722259402494,-4.82056249258068,2.1699246133967,0.0153325489540727,0.0254290152490655,"Nb_vs_rest","Other species higher"
"lbr",14.9507004689025,2.37634895884291,0.997215176916312,0.0153338873907899,0.0254290152490655,"Nb_vs_rest","Nb higher"
"nr2c1",3.31777590103521,-4.26166469888351,1.87355312701264,0.0153436547954434,0.0254399262970368,"Nb_vs_rest","Other species higher"
"slc12a5b",2.86774353304821,-4.3714977420028,1.92999943476207,0.0153505370115285,0.025444796035098,"Nb_vs_rest","Other species higher"
"nup188",4.3912203942135,-4.11231632978406,1.798497510669,0.0153529690362152,0.025444796035098,"Nb_vs_rest","Other species higher"
"casp9",4.95887889235425,-4.16190683660792,1.82383879731767,0.0153781064763454,0.025475874959775,"Nb_vs_rest","Other species higher"
"tmco1",6.42097032996334,-4.10544669615418,1.79551360232805,0.0153751773207485,0.025475874959775,"Nb_vs_rest","Other species higher"
"bmpr1aa",4.60664635534285,-4.37684116476558,1.93374908358877,0.0153953302906938,0.0254991149273011,"Nb_vs_rest","Other species higher"
"zcchc17",5.70187465890313,-4.17180869579802,1.82944335898473,0.0154087547874601,0.0255160537879086,"Nb_vs_rest","Other species higher"
"chrdl2",9.09593571873858,-4.35462389093284,1.92279454167937,0.0154191410630639,0.0255279555359439,"Nb_vs_rest","Other species higher"
"tmem9",4.73877313061297,-4.02637676333701,1.75718216975571,0.0154230763677883,0.0255291743237815,"Nb_vs_rest","Other species higher"
"adcy6b",4.17473078362818,-4.16460806814504,1.82625839941058,0.0154302179987573,0.0255304042359699,"Nb_vs_rest","Other species higher"
"rnf121",4.55434137454876,-4.05700880677214,1.77247064177852,0.0154288198921651,0.0255304042359699,"Nb_vs_rest","Other species higher"
"zgc:56304",6.98840382581824,-4.22752129242807,1.85862207499131,0.0154586262376314,0.0255721055921017,"Nb_vs_rest","Other species higher"
"nutf2",5.94009569481295,-4.2069466057237,1.84836925222347,0.0154668786565583,0.0255804542340592,"Nb_vs_rest","Other species higher"
"mctp1a",7.68815543599191,-4.41900082479715,1.95739258786281,0.0154743014111849,0.0255874275303057,"Nb_vs_rest","Other species higher"
"rad50",6.03939595985256,-4.06614068775932,1.77884264475813,0.0155224547841841,0.0256617338259352,"Nb_vs_rest","Other species higher"
"id4",4.86112292747086,-4.21022753965822,1.85186009234481,0.0155554868995921,0.0257110160436506,"Nb_vs_rest","Other species higher"
"cnot2",5.35976948822202,-4.2428676409269,1.8686215518807,0.0155641669888569,0.0257200357364004,"Nb_vs_rest","Other species higher"
"serpinc1",3.34826121050362,-4.17028635175813,1.83254758842082,0.0155988431993748,0.0257666670939787,"Nb_vs_rest","Other species higher"
"itgb8",6.11651142273294,-3.96929745971031,1.73232023176213,0.0155961314752476,0.0257666670939787,"Nb_vs_rest","Other species higher"
"zgc:162730",9.16765217910077,-4.38497903671507,1.9425923097666,0.015605393071098,0.0257721516364574,"Nb_vs_rest","Other species higher"
"comp",155.452877628414,-4.11574378107052,1.80534173467114,0.0156099833771998,0.0257743983757612,"Nb_vs_rest","Other species higher"
"dennd1a",3.33645641876975,-4.34545614456034,1.9224375106494,0.0156203966599077,0.0257862567948,"Nb_vs_rest","Other species higher"
"ilrun",3.38788822170227,-4.15370536541935,1.82489893990078,0.0156340187682657,0.0258034063641697,"Nb_vs_rest","Other species higher"
"tcf12",6.90395843976743,-3.98112113385625,1.7390399422371,0.0156432953088433,0.0258133781150888,"Nb_vs_rest","Other species higher"
"inhbb",3.85476489055669,-4.25775905692331,1.878018882119,0.0156504356130886,0.0258153180914441,"Nb_vs_rest","Other species higher"
"ctps1b",3.87238449891006,-4.08954908060886,1.79303957233713,0.0156509409682214,0.0258153180914441,"Nb_vs_rest","Other species higher"
"rock2a",9.54021102336081,-4.35896715456414,1.93053929431021,0.0156715717021561,0.0258363554264278,"Nb_vs_rest","Other species higher"
"pi4kb",3.95028471134508,-4.32200961643397,1.91147619546423,0.0156734080976612,0.0258363554264278,"Nb_vs_rest","Other species higher"
"prpf31",533.83540345809,1.48390464203888,0.618103665770775,0.0156700409530752,0.0258363554264278,"Nb_vs_rest","Nb higher"
"acox1",13.0592078407407,-4.11935287795201,1.8088818930065,0.0156970110834384,0.0258699191337956,"Nb_vs_rest","Other species higher"
"efr3ba",5.5774806327501,-4.12215832412482,1.81116988584578,0.0157412649345124,0.0259374962166857,"Nb_vs_rest","Other species higher"
"efna5a",4.6692701007001,-4.64600228643189,2.08448583483097,0.0157493848895415,0.0259401633474801,"Nb_vs_rest","Other species higher"
"trappc4",72.3379766957268,-1.80391249692515,0.754397055488848,0.0157475190614048,0.0259401633474801,"Nb_vs_rest","Other species higher"
"chchd4a",7.42309205310793,-4.29010502691844,1.89681215917724,0.0157560751687948,0.0259458274550109,"Nb_vs_rest","Other species higher"
"cdc42",5.35438237534553,-4.12870673415452,1.81510310735372,0.0157734780072928,0.0259691261601396,"Nb_vs_rest","Other species higher"
"zgc:86709",6.01234571273814,-4.44082901346632,1.97618016660299,0.015804119078222,0.0260142059084595,"Nb_vs_rest","Other species higher"
"tjap1",3.37637498896818,-4.32010505978991,1.91335967155151,0.0158075544381365,0.0260144946208145,"Nb_vs_rest","Other species higher"
"hgh1",7.70035502800458,3.42348516345765,1.4745982403577,0.0158348642032081,0.0260540652250722,"Nb_vs_rest","Nb higher"
"limk2",4.26437244450467,-4.2949895030486,1.90247559266803,0.0159054682817669,0.0261648395977119,"Nb_vs_rest","Other species higher"
"iars2",177.475038417915,1.60565257908437,0.671239731221111,0.0159246302644257,0.0261909623887299,"Nb_vs_rest","Nb higher"
"supt16h",8.24589708324035,-4.03010550585245,1.76900915493938,0.0159421862606647,0.0262144336204625,"Nb_vs_rest","Other species higher"
"ugp2b",4.40123219251659,-4.17307522970644,1.84108730089039,0.0159518135152925,0.0262248602909011,"Nb_vs_rest","Other species higher"
"six7",4.88613589656629,-4.11785407139684,1.81336698445198,0.0159619921409755,0.0262361889361451,"Nb_vs_rest","Other species higher"
"lrtm1",22.352676315678,1.85620605122248,0.778460803082077,0.0159765075219517,0.0262546396262716,"Nb_vs_rest","Nb higher"
"ift80",3.35385537015481,-4.13763591141467,1.8238524066653,0.0159874456704349,0.0262672053634076,"Nb_vs_rest","Other species higher"
"tia1",4.19055531602871,-4.00989501332857,1.76043170058534,0.0160206569113441,0.0263163528514874,"Nb_vs_rest","Other species higher"
"taf13",6.09337764400616,-4.12426948390945,1.81824430807718,0.0160453815426396,0.0263515424388277,"Nb_vs_rest","Other species higher"
"xaf1",27.7365977086814,-3.86884665014875,1.69160162991123,0.0160660301943297,0.0263800248869857,"Nb_vs_rest","Other species higher"
"atp6v0a1b",3.49164951561368,-4.50460891761525,2.01608247718538,0.0160770635402653,0.0263881700665874,"Nb_vs_rest","Other species higher"
"slc27a4",3.314947999983,-4.35988025253984,1.93992061623354,0.0160842179453485,0.0263881700665874,"Nb_vs_rest","Other species higher"
"slmapb",7.19228825253179,-4.28980235199645,1.9035234504828,0.0160830069926719,0.0263881700665874,"Nb_vs_rest","Other species higher"
"ptpn2a",2.40809930654095,-4.14892680402098,1.83140895337009,0.0160803886618791,0.0263881700665874,"Nb_vs_rest","Other species higher"
"tgfb5",2.92746005022839,-4.27092590104985,1.89508981791966,0.0161458093037052,0.0264812209673438,"Nb_vs_rest","Other species higher"
"plcl2",4.78973779583766,-4.11687784634164,1.81651611675114,0.0161475715823427,0.0264812209673438,"Nb_vs_rest","Other species higher"
"spag7",6.97046412955341,-4.01587639473248,1.76597675977616,0.0161565761239034,0.0264905439631701,"Nb_vs_rest","Other species higher"
"psmd4b",4.21161318254451,-4.42652938285382,1.97734780917728,0.0161975229816095,0.0265522254300008,"Nb_vs_rest","Other species higher"
"creg1",7.69937276326947,-4.58980279907771,2.06503986764611,0.016214444714724,0.0265745058171078,"Nb_vs_rest","Other species higher"
"si:dkey-76k16.5",182.553577294082,2.64788206513732,1.12610074697836,0.0162231067938855,0.0265832427546625,"Nb_vs_rest","Nb higher"
"rbfox2",2.51270085608621,-4.3070027661571,1.91553336000007,0.0162314879716262,0.0265915159132779,"Nb_vs_rest","Other species higher"
"nectin3b",3.05186944081061,-4.06121322303056,1.7902792040806,0.0162409768412235,0.0265961410205138,"Nb_vs_rest","Other species higher"
"nmnat1",3.87945384567322,2.97046959144274,1.27139292215862,0.0162394936157552,0.0265961410205138,"Nb_vs_rest","Nb higher"
"rnf215",126.110959658259,-2.57437058074082,1.09397502021388,0.0162743365043476,0.0266453026886939,"Nb_vs_rest","Other species higher"
"atp5pf",4.72183027064905,-4.18001169882784,1.85116840014407,0.016279066066875,0.0266467113991648,"Nb_vs_rest","Other species higher"
"si:dkeyp-72e1.7",8.27072183889273,2.84522590297665,1.2152149119629,0.016281875286006,0.0266467113991648,"Nb_vs_rest","Nb higher"
"slc38a3a",22.1396582208367,-3.86661158158702,1.6944949716575,0.0162897950288729,0.0266542063420968,"Nb_vs_rest","Other species higher"
"cnot6l",3.33280080886572,-4.19824568628308,1.8611309059349,0.0163112847115829,0.0266838974986534,"Nb_vs_rest","Other species higher"
"sspn",3.52645535317895,-4.16823598770038,1.84591852755554,0.016317081945279,0.0266879102117906,"Nb_vs_rest","Other species higher"
"nadkb",5.65671207955365,-4.23736964653682,1.88226432185374,0.0163633324483231,0.0267580723232824,"Nb_vs_rest","Other species higher"
"EGFLAM",4.61089494351897,-4.55294835763914,2.04872213487225,0.0163711413581147,0.0267653571066903,"Nb_vs_rest","Other species higher"
"kdm5c",5.12899426205884,-4.11429894265093,1.82075343815862,0.0164322506216806,0.0268597623844759,"Nb_vs_rest","Other species higher"
"rhoub",5.18001955722593,-4.13018043061373,1.82892078132034,0.0164376846296515,0.0268631421963176,"Nb_vs_rest","Other species higher"
"prpf3",6.86786300349553,-3.99288401633988,1.76029033728326,0.0164669959012478,0.0269055338435622,"Nb_vs_rest","Other species higher"
"neurog3",20.0347433861547,-4.57800079840655,2.06467709724486,0.0164749416098773,0.026913005946125,"Nb_vs_rest","Other species higher"
"rgra",30.3115359933707,2.72112360801165,1.16180917095117,0.0164888430587357,0.0269302021303133,"Nb_vs_rest","Nb higher"
"dnajb11",4.06899986360359,-3.97634165935913,1.75276643300834,0.0165070540282462,0.0269544283088612,"Nb_vs_rest","Other species higher"
"ubr4",20.9702794477902,2.49022132515574,1.05919279933352,0.0165162535534575,0.0269584175407222,"Nb_vs_rest","Nb higher"
"synm",16.3809188301906,-1.86223331925237,0.785062747085446,0.0165128848240749,0.0269584175407222,"Nb_vs_rest","Other species higher"
"MYT1L",4.10223888703524,-4.18746689149826,1.85996274473983,0.0165293960938965,0.0269743519078311,"Nb_vs_rest","Other species higher"
"fosb",18.9517228152751,-4.64320697704933,2.10209053455914,0.0165506004623181,0.0270034331812101,"Nb_vs_rest","Other species higher"
"si:ch211-196h16.12",123.603234696835,-3.99815741741778,1.76500631656946,0.016579320059201,0.0270447616664808,"Nb_vs_rest","Other species higher"
"WDR31",4.51065295927847,-4.41706083807997,1.98076109740799,0.0165844783802881,0.0270476471438175,"Nb_vs_rest","Other species higher"
"usp38",4.40898048568009,-4.15570087263484,1.84496214994744,0.0165931640475326,0.0270562830198836,"Nb_vs_rest","Other species higher"
"lum",13.1550297150618,-4.2584020570606,1.89885369266227,0.0166449546924572,0.0271351866079281,"Nb_vs_rest","Other species higher"
"cltb",260.356801237022,2.39701110780741,1.01954440785412,0.0166740339211357,0.0271770405822433,"Nb_vs_rest","Nb higher"
"tnk2b",4.58882926440382,-4.39360070877428,1.97070399872454,0.0166948298973869,0.0272053793304364,"Nb_vs_rest","Other species higher"
"zgc:110591",10.1826142268175,-4.42860347347229,1.98940044748673,0.016700503691184,0.0272090688966207,"Nb_vs_rest","Other species higher"
"smyd1b",20.9085515564453,-4.42272044099443,1.98690593649389,0.016729915902309,0.0272490079536733,"Nb_vs_rest","Other species higher"
"gapdh",45.0533835628838,2.67234836131816,1.14264149009123,0.0167318469890977,0.0272490079536733,"Nb_vs_rest","Nb higher"
"slc16a7",15.2069645115866,-4.16670892289712,1.85353731102982,0.0167433384903819,0.0272621589784223,"Nb_vs_rest","Other species higher"
"rgma",2.95193498873096,-4.26416550386188,1.90424791126612,0.0167632636512045,0.0272890338507981,"Nb_vs_rest","Other species higher"
"lonp2",4.37250475113853,-4.34868916097029,1.94866888235,0.0167736441715319,0.027300363142734,"Nb_vs_rest","Other species higher"
"yrk",8.34673936159346,-4.37748937423019,1.96426086231844,0.0167926531674121,0.0273257284412619,"Nb_vs_rest","Other species higher"
"bcl6aa",4.39140658957256,-4.34293409657121,1.94704506465699,0.0168408827959753,0.0273930380578644,"Nb_vs_rest","Other species higher"
"igsf3",5.97578405312943,-4.1645466704804,1.85432544144651,0.0168404429099305,0.0273930380578644,"Nb_vs_rest","Other species higher"
"TOMM7",4.97541251983854,-4.09845753705467,1.82123468140795,0.0168767433014205,0.027445773699885,"Nb_vs_rest","Other species higher"
"DUSP7",4.16133006740532,-4.39965257457712,1.97860813493891,0.0169151566303657,0.0275026385310347,"Nb_vs_rest","Other species higher"
"paplna",4.4500128606041,-4.33856161420624,1.9466205662776,0.0169311072654641,0.0275229651616222,"Nb_vs_rest","Other species higher"
"srpx",47.9130931914381,-4.29701215235686,1.92501513119466,0.0169415469348905,0.0275327281447773,"Nb_vs_rest","Other species higher"
"ethe1",4.14599859902977,-4.15353294778266,1.85068451585466,0.0169440135236844,0.0275327281447773,"Nb_vs_rest","Other species higher"
"dhcr7",4.92878872480515,-4.27541165197877,1.91403261083556,0.0169568630631908,0.0275479982174801,"Nb_vs_rest","Other species higher"
"slc36a1",3.05930610504998,-4.27821631127003,1.91568812230735,0.016966271777429,0.0275576732717044,"Nb_vs_rest","Other species higher"
"elmod3",3.88523433438148,-4.08307107822472,1.81544093393442,0.0169844964941328,0.0275816609733781,"Nb_vs_rest","Other species higher"
"mrpl39",3.18657952462721,-4.43003284063773,1.99650092680312,0.0169946241138639,0.0275924924575044,"Nb_vs_rest","Other species higher"
"dip2a",83.4639630329669,-4.24330087400776,1.8985802069711,0.0170206100323268,0.0276290618506851,"Nb_vs_rest","Other species higher"
"six3b",5.95497581334107,-4.36096503995442,1.96058912733011,0.0170338091310674,0.0276448641175347,"Nb_vs_rest","Other species higher"
"rexo1",3.91400224587397,-4.34160917181093,1.95088089297189,0.0170590040198177,0.0276801244567192,"Nb_vs_rest","Other species higher"
"nectin1b",4.00261703225891,-4.11724078191729,1.83514659378213,0.0171039363696311,0.0277473901666306,"Nb_vs_rest","Other species higher"
"slc6a1l",5.5087302789028,-4.69445296144098,2.14379691557375,0.0171101040388389,0.0277517541117753,"Nb_vs_rest","Other species higher"
"fybb",6.3343414165567,-4.58412789396524,2.08294813493982,0.0171271161273839,0.02777370182819,"Nb_vs_rest","Other species higher"
"map2k4b",4.59060949503424,-3.95148756539681,1.7518703325945,0.0171443204816867,0.0277907220529489,"Nb_vs_rest","Other species higher"
"gdnfa",42.9316172618326,-3.9471457222746,1.74969613762578,0.0171445770258982,0.0277907220529489,"Nb_vs_rest","Other species higher"
"ssx2ipa",6.20862059976981,-4.49765834440163,2.03678743875555,0.0171735605960417,0.0278320498692959,"Nb_vs_rest","Other species higher"
"nr2c2",4.22107612560031,-4.38414121240986,1.97614435473539,0.0171891337076193,0.0278472931561457,"Nb_vs_rest","Other species higher"
"rasa3",3.09692991272047,-4.31671986579893,1.94044691449699,0.0171899456249591,0.0278472931561457,"Nb_vs_rest","Other species higher"
"spred1",3.65794304322398,-4.29652904067114,1.93041357074544,0.0172191528631696,0.0278889465898303,"Nb_vs_rest","Other species higher"
"scara3",5.07704219872712,-4.18489628091062,1.87248835286511,0.0172345131625691,0.0279081605189329,"Nb_vs_rest","Other species higher"
"cdk14",2.87643092916754,-4.17893698502144,1.87105160808131,0.0173195278372065,0.0280401363645584,"Nb_vs_rest","Other species higher"
"ftsj3",5.50935703372683,-3.91082282577267,1.73482748752921,0.0173335020551898,0.0280570682353782,"Nb_vs_rest","Other species higher"
"fxr1",4.78199526704201,-4.20065049430927,1.88317676001203,0.017363870042721,0.0281005238168552,"Nb_vs_rest","Other species higher"
"wipi2",9.37459344534621,2.36123667808614,1.0103404723831,0.0173696611544848,0.028104196271855,"Nb_vs_rest","Nb higher"
"mink1",2.93349311345522,-4.32779224394919,1.95021302043768,0.0173815815833985,0.0281120837121037,"Nb_vs_rest","Other species higher"
"si:ch211-57i17.1",4.92601947685524,-4.23204137017351,1.89981306780302,0.0173784212753793,0.0281120837121037,"Nb_vs_rest","Other species higher"
"brd9",7.64496010476473,-4.21224299267383,1.88978495119182,0.0173934575160477,0.0281254393590382,"Nb_vs_rest","Other species higher"
"f9b",45.5589586614718,2.36255345939967,1.01117962850597,0.0173968883052898,0.0281254393590382,"Nb_vs_rest","Nb higher"
"kifap3b",5.6322028196943,-4.09067171179401,1.82799492290622,0.0174470156320765,0.0282007666080556,"Nb_vs_rest","Other species higher"
"grm1a",4.456684234033,-4.25606981951352,1.9138782732624,0.0174538771211912,0.0282061440719129,"Nb_vs_rest","Other species higher"
"susd1",5.91978214446839,-4.38566851022049,1.98281107877642,0.0174689674867035,0.0282248148499482,"Nb_vs_rest","Other species higher"
"dennd5a",4.32863838407415,-4.18893601734158,1.87930306213903,0.0174779575221371,0.0282336236896061,"Nb_vs_rest","Other species higher"
"si:dkey-19b23.8",17.959396585046,-1.95851227541964,0.83434037473499,0.0175152052905902,0.0282880668324043,"Nb_vs_rest","Other species higher"
"avl9",3.98483316414296,-4.00329928717187,1.78511188617047,0.0175394362280614,0.028315739652019,"Nb_vs_rest","Other species higher"
"med23",13.4042370150076,2.29810375343587,0.983879361674012,0.0175374648365592,0.028315739652019,"Nb_vs_rest","Nb higher"
"USP24",6.89305247358309,2.99296980576341,1.29832015276409,0.0175760475330095,0.0283691058481827,"Nb_vs_rest","Nb higher"
"lpp",5.31584400876198,3.19060622468305,1.390438205935,0.0175882497352655,0.028377321651318,"Nb_vs_rest","Nb higher"
"cwf19l1",7.95320772501429,2.65010931323887,1.14184449112849,0.0175862448387779,0.028377321651318,"Nb_vs_rest","Nb higher"
"asmtl",2.57668087617938,-4.19410028538776,1.88452411890677,0.0176091034782004,0.028405224531239,"Nb_vs_rest","Other species higher"
"homeza",3.42360922300632,-3.94622937647227,1.75809309380467,0.017644907716365,0.028457227885326,"Nb_vs_rest","Other species higher"
"dmap1",3.23385975682881,-4.34466762142879,1.96480891922611,0.0176573776313514,0.0284715848652625,"Nb_vs_rest","Other species higher"
"arhgap18",3.98416765855529,-4.42719535324256,2.00938940760091,0.0176724465530599,0.0284901259582662,"Nb_vs_rest","Other species higher"
"SOX8",7.86994311599816,-4.00789511162083,1.78993353284272,0.0176776038801933,0.0284926840969384,"Nb_vs_rest","Other species higher"
"sptb",17.0817524074959,-3.98646077760331,1.780034726281,0.0177334955560785,0.0285751742773057,"Nb_vs_rest","Other species higher"
"sppl3",7.0475231701951,2.29521603723289,0.984396263521688,0.0177374480657905,0.0285751742773057,"Nb_vs_rest","Nb higher"
"rapgef1b",457.905829490243,-1.60644078987153,0.682981342500583,0.0177395254849339,0.0285751742773057,"Nb_vs_rest","Other species higher"
"uvrag",4.41177873260676,-4.35131891532166,1.97043283148896,0.017759024905115,0.0286008110479956,"Nb_vs_rest","Other species higher"
"slc20a2",3.24744606267345,-4.27888458855198,1.93278982584965,0.0178015458416128,0.0286635060161561,"Nb_vs_rest","Other species higher"
"cryba4",4.64744659969555,-4.53602727505473,2.07196163121173,0.0178217473746215,0.0286844582592738,"Nb_vs_rest","Other species higher"
"mbpa",39.8026012797122,2.51103463083129,1.08155637875011,0.0178186455732005,0.0286844582592738,"Nb_vs_rest","Nb higher"
"chd1l",3.71082690051574,-4.20311313600761,1.89355843116458,0.0178335958528807,0.0286977404529115,"Nb_vs_rest","Other species higher"
"pik3cg",7.03484859722921,-4.21068538914159,1.89772370768894,0.0178439818570704,0.0287037378659024,"Nb_vs_rest","Other species higher"
"FYN",7.73606995430466,-3.86357344415871,1.71995297670608,0.0178445167359325,0.0287037378659024,"Nb_vs_rest","Other species higher"
"slc9a1b",5.43068362835304,-4.24472535154022,1.91629568124373,0.017879477072504,0.0287541771540875,"Nb_vs_rest","Other species higher"
"cdc123",4.18716880851785,-3.99684762660758,1.78830167642732,0.0179010697115783,0.028783102216078,"Nb_vs_rest","Other species higher"
"fth1b",28.3328101231886,2.45571752552055,1.057983438978,0.0179483551998582,0.0288533187942926,"Nb_vs_rest","Nb higher"
"ubiad1",4.48022104233314,-4.03459044401552,1.80992023555983,0.0180306928043424,0.0289798446281273,"Nb_vs_rest","Other species higher"
"yeats4",4.94276412052595,-4.15640710310333,1.87307049776803,0.0180389703281107,0.0289873103540723,"Nb_vs_rest","Other species higher"
"mtfr1l",4.01545736730051,-4.0125403582252,1.7989709596796,0.0180501753799872,0.0289994764510364,"Nb_vs_rest","Other species higher"
"crabp2a",6.80756258248161,-4.43612021167926,2.02295629435245,0.0180883225347028,0.0290549142163704,"Nb_vs_rest","Other species higher"
"cyp26b1",3.89499028078215,-4.59335113229298,2.110388220136,0.018120618057155,0.0290892239179435,"Nb_vs_rest","Other species higher"
"hivep1",4.18791765759376,-4.01668790808318,1.80228203516547,0.0181168049692597,0.0290892239179435,"Nb_vs_rest","Other species higher"
"fndc3ba",5.5001711047971,2.82630777439312,1.22790422614905,0.0181173288758672,0.0290892239179435,"Nb_vs_rest","Nb higher"
"cldn7b",83.6967605637896,-3.78760123551612,1.68716223219805,0.0181575443548857,0.0291426395720008,"Nb_vs_rest","Other species higher"
"vps18",7.0177140516728,-4.13689960897972,1.86532302891671,0.0181682373919066,0.0291539381434576,"Nb_vs_rest","Other species higher"
"nudt7",3.13592881529266,-4.11841150138924,1.85591968410873,0.0181799055986118,0.0291667966781106,"Nb_vs_rest","Other species higher"
"farsb",10.2702731547068,-4.43332129460788,2.0246731163806,0.0182436644863341,0.0292613351681374,"Nb_vs_rest","Other species higher"
"prdm8b",3.46029001825955,-4.29726756707208,1.9513531556127,0.0182461658893047,0.0292613351681374,"Nb_vs_rest","Other species higher"
"kansl2",4.60125658321896,-4.39927096004687,2.00644425086419,0.0182574160348133,0.0292731853814413,"Nb_vs_rest","Other species higher"
"si:dkey-153k10.9",2.86749358787199,-4.25672375619208,1.9300703457552,0.0182608918331848,0.0292731853814413,"Nb_vs_rest","Other species higher"
"tcp1",488.445968010351,-2.04996992438359,0.880324108146453,0.0182745416592725,0.0292891830570385,"Nb_vs_rest","Other species higher"
"ptprsa",6.21107037764674,-4.33982643227183,1.97479991754788,0.0182792273749164,0.0292908101308902,"Nb_vs_rest","Other species higher"
"bcorl1",4.68351010216234,-4.15134749831461,1.87509852953679,0.0182881953891912,0.0292992971703967,"Nb_vs_rest","Other species higher"
"MARF1",18.762039364814,-4.54333876529871,2.08632601116267,0.0182949522860316,0.0293042391092999,"Nb_vs_rest","Other species higher"
"dcps",3.62261682597105,-4.1568697539448,1.8784870903371,0.0183149661590667,0.0293304093817685,"Nb_vs_rest","Other species higher"
"spock2",4.73175522533157,-4.66746626398257,2.15681319800724,0.0183248734405064,0.0293345015155951,"Nb_vs_rest","Other species higher"
"zgc:162613",3.89506059103906,-4.4128531422776,2.01515755122472,0.0183223962095587,0.0293345015155951,"Nb_vs_rest","Other species higher"
"dlg5a",5.32426650387336,-3.9259165937185,1.75997467815907,0.0183467294728192,0.0293635983138984,"Nb_vs_rest","Other species higher"
"dvl3a",8.76018222402569,-4.19638799921337,1.9001701114312,0.018364673932661,0.0293864242997063,"Nb_vs_rest","Other species higher"
"plcd4b",6.08757443979407,-4.21466280669799,1.90993428846753,0.018371334981394,0.0293911894850689,"Nb_vs_rest","Other species higher"
"dcp2",3.19864294949227,-4.06363073687291,1.83131075731071,0.0183880666444205,0.0294120608984717,"Nb_vs_rest","Other species higher"
"utp25",4.11040447243605,-4.12674420687161,1.8657414220264,0.018477127737569,0.0295485930552707,"Nb_vs_rest","Other species higher"
"ppargc1b",4.72679324649699,-4.12062628160025,1.86277551758415,0.0184895850236689,0.0295572228723856,"Nb_vs_rest","Other species higher"
"dcaf12",5.38814261379667,-3.93712206926287,1.76813007097712,0.0184899319021239,0.0295572228723856,"Nb_vs_rest","Other species higher"
"PPP1R1B",4.50566013845468,-4.20883476305726,1.90935525904306,0.018502788750032,0.0295659299610043,"Nb_vs_rest","Other species higher"
"abcb6a",8.26200808549492,-3.93861827435346,1.76911126643231,0.0185026760077714,0.0295659299610043,"Nb_vs_rest","Other species higher"
"st3gal3b",3.42156479955041,-3.96160124564857,1.78112051521826,0.018518359864301,0.029584887230655,"Nb_vs_rest","Other species higher"
"SMARCC2",10.301297667733,1.93697968940138,0.832401258768742,0.018526111975272,0.0295913477907667,"Nb_vs_rest","Nb higher"
"thrap3a",3.57401318556586,-4.48217677123349,2.05749459422169,0.0185311540264167,0.0295934779129088,"Nb_vs_rest","Other species higher"
"ccdc114",6.3800579428819,-3.97388034360525,1.78774429706511,0.0185378166181133,0.0295981946003489,"Nb_vs_rest","Other species higher"
"sox11a",3.4158252060223,-4.17669916198596,1.89380269306837,0.0185773249822787,0.0296553417400648,"Nb_vs_rest","Other species higher"
"bicc1a",4.74965454265392,-4.58910452705159,2.1182759188914,0.0185853747698134,0.0296563268672487,"Nb_vs_rest","Other species higher"
"mettl13",19.7440687394383,-4.04720740159192,1.82628564371206,0.018582084391097,0.0296563268672487,"Nb_vs_rest","Other species higher"
"mpp4l",3.97553507776517,-4.25068889303538,1.93353566705545,0.018606143793831,0.0296835320821215,"Nb_vs_rest","Other species higher"
"si:dkey-283b1.7",5.01920688799155,-4.60206540488684,2.12628668427295,0.0186172068244169,0.0296952449448024,"Nb_vs_rest","Other species higher"
"ociad2",7.68892957252252,-4.29166727522823,1.95614207460391,0.0186427719700296,0.0297300800001672,"Nb_vs_rest","Other species higher"
"rnf34a",3.87728918843304,-4.36223376999615,1.99458747099033,0.0186629465603049,0.0297503622755159,"Nb_vs_rest","Other species higher"
"abhd18",4.80267457503077,-4.16137933714082,1.88728847853848,0.0186605782841817,0.0297503622755159,"Nb_vs_rest","Other species higher"
"uck1",40.9221466332163,1.89541814301164,0.81515629936578,0.0186734016908604,0.029761083581599,"Nb_vs_rest","Nb higher"
"setbp1",4.81779524135731,-4.20707498555183,1.91281178213542,0.0187348944315149,0.0298477391929465,"Nb_vs_rest","Other species higher"
"taok1a",4.18776227905322,-3.99685555187465,1.80297957392587,0.0187352538367756,0.0298477391929465,"Nb_vs_rest","Other species higher"
"cyb561d1",11.6933861781214,2.33180884920355,1.00970122861432,0.0187444220645113,0.0298563848452695,"Nb_vs_rest","Nb higher"
"atp5f1b",311.466416533584,-1.62563349686827,0.697433970578676,0.018751786935427,0.0298621552074851,"Nb_vs_rest","Other species higher"
"arhgap5",10.657179430588,2.1174738643411,0.914074255094765,0.0187630884204275,0.0298741910604572,"Nb_vs_rest","Nb higher"
"slc35e1",3.57857393945713,-4.03930308341143,1.82553199888272,0.0187704375079251,0.0298799304434953,"Nb_vs_rest","Other species higher"
"PRPSAP1",5.78841490721413,2.74426027970036,1.19750295501673,0.0187858673538031,0.0298985284171019,"Nb_vs_rest","Nb higher"
"fryb",2.49816456661281,-4.21237528033381,1.91749120396586,0.0188339646336085,0.0299641114659016,"Nb_vs_rest","Other species higher"
"si:ch211-15b10.6",8.80724857147852,-4.05355408027277,1.83406364197678,0.0188345843499953,0.0299641114659016,"Nb_vs_rest","Other species higher"
"nedd9",3.44187255338281,-4.27418603322245,1.95086994285497,0.0188542556401231,0.029989427946618,"Nb_vs_rest","Other species higher"
"nf1a",4.53401341870392,-4.34334736072125,1.98841222379721,0.0188670281041349,0.0300037633062967,"Nb_vs_rest","Other species higher"
"triap1",10.324335443479,2.33250386223883,1.01115776586388,0.0188739760020547,0.0300088321371581,"Nb_vs_rest","Nb higher"
"si:ch211-150g13.3",4.48239976535735,-4.40136924727166,2.02127768467949,0.0189292975760802,0.0300907957484302,"Nb_vs_rest","Other species higher"
"klhl42",3.01250987146607,-4.1948136492707,1.91094644707863,0.018982440011623,0.0301659927080157,"Nb_vs_rest","Other species higher"
"FABP6",4.61671541628921,3.74154988082156,1.6773631715253,0.0189841623282775,0.0301659927080157,"Nb_vs_rest","Nb higher"
"si:ch211-263k4.2",3.55664558354021,-4.52969822726867,2.09441665442796,0.0190266511178234,0.0302216139844534,"Nb_vs_rest","Other species higher"
"cldn5b",3.4580129687962,-4.45371661664615,2.05208786979266,0.01902674043332,0.0302216139844534,"Nb_vs_rest","Other species higher"
"gpn3",3.8614594264263,-4.34647821288478,1.99374496751029,0.0190508045696804,0.0302484570310006,"Nb_vs_rest","Other species higher"
"jpt1b",11.994337686824,-4.28550105884283,1.96074863422225,0.0190512211826828,0.0302484570310006,"Nb_vs_rest","Other species higher"
"pim1",4.29954767601752,-4.14404822684129,1.88558042185075,0.0190640752816437,0.03026284478765,"Nb_vs_rest","Other species higher"
"suv39h1a",4.23420131894885,4.67744284620703,2.17998027182922,0.0190947231760161,0.0303054675705268,"Nb_vs_rest","Nb higher"
"ptpn6",5.93349516305819,-3.98006086267625,1.80089324707921,0.0191163680670902,0.0303277568937137,"Nb_vs_rest","Other species higher"
"pex14",4.08615032987148,-3.96506049107871,1.79314233949444,0.0191158646632617,0.0303277568937137,"Nb_vs_rest","Other species higher"
"tmtc3",2.46995920359282,-4.16377079222903,1.89800879968092,0.0191733161088775,0.030412057751708,"Nb_vs_rest","Other species higher"
"mrpl2",5.2763285876557,-4.21000171832556,1.92276539275813,0.0191826656939485,0.0304208410647276,"Nb_vs_rest","Other species higher"
"tmem41ab",3.59262640236834,-4.27059954333769,1.95541922448132,0.0191917683916404,0.0304292294387623,"Nb_vs_rest","Other species higher"
"pygo2",3.81246186462844,-4.37838385629372,2.01417816096396,0.01920300672502,0.0304409999335836,"Nb_vs_rest","Other species higher"
"dhx16",7.91143879906437,-4.12615851644299,1.87880024643904,0.0192104739980422,0.0304467889780291,"Nb_vs_rest","Other species higher"
"dlgap2a",12.4949488240476,-4.17349051231397,1.90462656509055,0.0192528815072091,0.0305079417052281,"Nb_vs_rest","Other species higher"
"gcfc2",4.29232033037003,-4.32558261320259,1.98700066995408,0.0192864962645704,0.0305551400022378,"Nb_vs_rest","Other species higher"
"gmppaa",2.70935460810143,-4.15047619662645,1.89315175376056,0.0192930714558804,0.0305594899201917,"Nb_vs_rest","Other species higher"
"cldn11b",4.95555749639372,-4.1451442999904,1.89044039936824,0.0192992612924917,0.0305632278456209,"Nb_vs_rest","Other species higher"
"shmt2",2.40389314902429,-4.16217732092276,1.89971013908525,0.0193124501637983,0.0305780460926807,"Nb_vs_rest","Other species higher"
"polr1d",5.04382202716315,-4.152712755957,1.89516877106079,0.0193387841159027,0.0306136673764935,"Nb_vs_rest","Other species higher"
"acap3a",2.80803204245353,-4.25181238722974,1.94839048945772,0.0193541927000922,0.0306259087342327,"Nb_vs_rest","Other species higher"
"ddx1",5.82868729390636,-4.03983655970834,1.83599736988559,0.0193512669066796,0.0306259087342327,"Nb_vs_rest","Other species higher"
"trip4",2.36145740791071,-4.11508383132662,1.8764226754283,0.0194032450863027,0.030697441671034,"Nb_vs_rest","Other species higher"
"slco3a1",13.6176206309585,1.92636419449887,0.834108337408751,0.0194210745471776,0.0307195589467745,"Nb_vs_rest","Nb higher"
"olfml3a",8.63512190405025,2.75611888002899,1.20975798068504,0.0194269387349895,0.0307227449673436,"Nb_vs_rest","Nb higher"
"si:dkey-17m8.1",3.58092017165106,-4.0341722588218,1.83455239598304,0.0194383475443226,0.0307346965333257,"Nb_vs_rest","Other species higher"
"trim33",4.47078448559938,-3.95391038866268,1.79310101256982,0.0194536693337142,0.0307528290972741,"Nb_vs_rest","Other species higher"
"add2",4.23498283690021,-4.01296141135414,1.82410182115593,0.0194740641814325,0.0307789725030365,"Nb_vs_rest","Other species higher"
"epb41l5",5.32442726037704,-4.25880421708765,1.95506769158996,0.0195082364628473,0.0308172815692021,"Nb_vs_rest","Other species higher"
"sertad2b",2.47233096940318,-4.20205835985227,1.9245251879089,0.019506156141491,0.0308172815692021,"Nb_vs_rest","Other species higher"
"osbpl5",3.87326931199312,-4.02625644293815,1.83165538092583,0.0195098880310287,0.0308172815692021,"Nb_vs_rest","Other species higher"
"def6a",7.53370730594992,-4.14356966549057,1.89359217508236,0.0195195062320007,0.0308263723988453,"Nb_vs_rest","Other species higher"
"si:dkey-29b11.3",3.86556953090744,-4.30540249507265,1.98061215116481,0.0195236811034271,0.0308268649001481,"Nb_vs_rest","Other species higher"
"ubash3ba",4.57336763250783,-4.09152025849978,1.86692951278877,0.0195685144342428,0.0308915420742349,"Nb_vs_rest","Other species higher"
"MAPKAPK2",4.64039902064437,2.54990708420876,1.11629581450945,0.0195783907380067,0.030894909647873,"Nb_vs_rest","Nb higher"
"nfkb1",150.787102625963,2.53472631010892,1.10933051711222,0.0195768854297209,0.030894909647873,"Nb_vs_rest","Nb higher"
"naxe",4.47149300172961,-4.54486451171561,2.11522052102352,0.0196054424371368,0.030926303728346,"Nb_vs_rest","Other species higher"
"LONRF3",11.4013132990089,2.06161807305024,0.895724017439833,0.0196099118878986,0.030926303728346,"Nb_vs_rest","Nb higher"
"hexim1",13.0389444224343,2.02739997962696,0.880424966199089,0.0196080603718152,0.030926303728346,"Nb_vs_rest","Nb higher"
"ccdc106a",7.51390636269902,2.71573495266255,1.19305271251338,0.0196188865402888,0.0309343439224471,"Nb_vs_rest","Nb higher"
"zfand3",3.69108880215932,-3.98237808245319,1.81073602285615,0.0196239150177581,0.0309361599845337,"Nb_vs_rest","Other species higher"
"tmcc1b",3.5886932086403,-4.33018148390329,1.99658369831894,0.0196510671460339,0.0309728453141123,"Nb_vs_rest","Other species higher"
"srp68",3.68025582827961,-4.15046455636123,1.89998403176095,0.0196706337084959,0.0309975625975113,"Nb_vs_rest","Other species higher"
"rpn2",4.78831324029725,-3.93415337807993,1.78720655781352,0.0197126493152756,0.0310576390001776,"Nb_vs_rest","Other species higher"
"tmem129",18.1829701539911,-3.91742970721091,1.77872264645859,0.0197223937715143,0.0310668579346001,"Nb_vs_rest","Other species higher"
"sprtn",30.715280163509,-3.86045743208518,1.74970143819981,0.0197408601786108,0.0310898093991147,"Nb_vs_rest","Other species higher"
"ctsc",7.14996959510003,-4.06734552444299,1.85869719033703,0.0198259888066601,0.0312115586263855,"Nb_vs_rest","Other species higher"
"dnajc27",2.55848179741176,-4.06305939040475,1.85640194305358,0.0198239266725158,0.0312115586263855,"Nb_vs_rest","Other species higher"
"myo6b",3.64911235654447,-4.36176398659608,2.01767965493271,0.0198442449378304,0.0312341370027389,"Nb_vs_rest","Other species higher"
"zgc:113278",3.14360375671717,-4.25794023035411,1.96158083242432,0.0198797463862959,0.0312838446386593,"Nb_vs_rest","Other species higher"
"igf1",5.0006461387289,-4.12371715373287,1.89032493451725,0.0199265749490917,0.0313513541194306,"Nb_vs_rest","Other species higher"
"map7d1a",7.44493545234988,-3.85607389880391,1.7505930963176,0.0199364331500902,0.0313606813596924,"Nb_vs_rest","Other species higher"
"rps4x",483.182090174099,-2.58936683117476,1.13810081920427,0.0199613110276187,0.0313936267245561,"Nb_vs_rest","Other species higher"
"zgc:194275",21.7656904098869,-3.97347787194178,1.81227737292015,0.0199910529654534,0.0314342074215406,"Nb_vs_rest","Other species higher"
"ankmy2a",5.27156325324576,-3.87034027987556,1.75989091950042,0.0200583536522356,0.0315338183894484,"Nb_vs_rest","Other species higher"
"nsfb",3.76283645558359,-4.49048605593809,2.09397142009453,0.0200657644434821,0.0315392555168381,"Nb_vs_rest","Other species higher"
"snx25",5.52506372674333,-4.02622254745502,1.8412454366214,0.0200702055873128,0.0315400237468997,"Nb_vs_rest","Other species higher"
"tead1a",7.02670641834382,-4.49615609910807,2.09783464984853,0.0200977325471371,0.0315730273314802,"Nb_vs_rest","Other species higher"
"SEC61A1",6.83770591196003,-4.30877028707388,1.99344288054901,0.0200991201558796,0.0315730273314802,"Nb_vs_rest","Other species higher"
"paqr6",9.63282572936071,1.93992357582882,0.844951740812196,0.0201076947308382,0.031580280250362,"Nb_vs_rest","Nb higher"
"UNC13C",4.67356551104167,-4.41697671410251,2.05371701726535,0.0201187271181694,0.0315913896896875,"Nb_vs_rest","Other species higher"
"sdr39u1",21.1759783132152,-4.15479477727787,1.91080405338232,0.020144563760668,0.0316195158949904,"Nb_vs_rest","Other species higher"
"rgl1",13.7512137828468,2.73744024656706,1.20851821652846,0.0201441355043439,0.0316195158949904,"Nb_vs_rest","Nb higher"
"ctif",4.19770122066515,-3.87756014609715,1.76508082414657,0.0201495285006137,0.0316210889744145,"Nb_vs_rest","Other species higher"
"ADAM23",2.64830104565322,-4.14629026744144,1.90667669808269,0.0201686295750305,0.0316448415274761,"Nb_vs_rest","Other species higher"
"pikfyve",5.12472329708534,-4.0765148191077,1.8696816389129,0.0201793623206532,0.0316554573066272,"Nb_vs_rest","Other species higher"
"myo1ea",5.07208970804344,-4.19166180820304,1.932541115121,0.0202507096386839,0.0317611365795396,"Nb_vs_rest","Other species higher"
"SLC35G1",6.58197333537571,-4.2566866635101,1.9683770433821,0.0202813450350146,0.0318029344428015,"Nb_vs_rest","Other species higher"
"mntb",5.41078506153769,-3.97730351801392,1.81953593986205,0.0203063319162357,0.0318358602537447,"Nb_vs_rest","Other species higher"
"syk",5.53532847079259,-4.45858826687213,2.08185391224015,0.0203577461518257,0.0319101972680355,"Nb_vs_rest","Other species higher"
"slc25a24",49.7141630204755,-1.94373186996756,0.848443233499363,0.020365193702909,0.0319156020717231,"Nb_vs_rest","Other species higher"
"invs",53.1822900283403,-3.99500982739168,1.8300207223176,0.020377727325727,0.0319289738973693,"Nb_vs_rest","Other species higher"
"slc1a2a",8.21417693657694,-4.29720434313027,1.9926832015045,0.0203951298587615,0.031941460005882,"Nb_vs_rest","Other species higher"
"prrx1b",3.75489579376685,-4.23510488422934,1.95876358747519,0.020397704284458,0.031941460005882,"Nb_vs_rest","Other species higher"
"slco2a1",8.26695097317117,-4.0609805367479,1.86511238834173,0.020392417067518,0.031941460005882,"Nb_vs_rest","Other species higher"
"lrrc61",2.395759821423,-4.11498089280155,1.89490674613695,0.0204515308587096,0.0320081343323274,"Nb_vs_rest","Other species higher"
"dse",3.72898817172585,-3.9143980108635,1.78905563618496,0.0204515626380548,0.0320081343323274,"Nb_vs_rest","Other species higher"
"nae1",4.16887785896172,-3.90420281081107,1.78376192516454,0.0204523154085887,0.0320081343323274,"Nb_vs_rest","Other species higher"
"ccdc93",4.26519199370861,-3.96219146558742,1.81429923795025,0.0204684594828127,0.0320271189554598,"Nb_vs_rest","Other species higher"
"RPA1",4.41602380014534,-4.13246625326643,1.90514684711009,0.0205011740776677,0.0320657328772615,"Nb_vs_rest","Other species higher"
"cript",6.66483411205272,-3.9666234449819,1.81710791583742,0.0204978816431281,0.0320657328772615,"Nb_vs_rest","Other species higher"
"bet1",284.497669448683,-1.60454394379123,0.698418395417626,0.0205188966677585,0.0320871635133672,"Nb_vs_rest","Other species higher"
"snrpd2",8.37023207170931,-4.18513265085074,1.93404837175507,0.0205304072094261,0.0320988733407563,"Nb_vs_rest","Other species higher"
"PHF21B",3.74518641359877,-4.02904738819489,1.85084953056476,0.0205488393215703,0.0321213981951284,"Nb_vs_rest","Other species higher"
"rgl3a",2.6500400062338,-4.31336912746175,2.00480822782069,0.0205661755686255,0.0321422015349846,"Nb_vs_rest","Other species higher"
"pgls",3.37698979150938,-4.08989393949919,1.88361815708686,0.0205736080477315,0.032147521484413,"Nb_vs_rest","Other species higher"
"gtf2h2",3.56847780871677,-4.56875765268743,2.14994498808545,0.020607984087937,0.0321949320716008,"Nb_vs_rest","Other species higher"
"bnc2",3.14950663996562,-4.33552348327765,2.01819896971302,0.0206256867248278,0.0322107309499222,"Nb_vs_rest","Other species higher"
"rnf41l",5.05715850020048,3.95446124188194,1.81283557272166,0.0206261698188099,0.0322107309499222,"Nb_vs_rest","Nb higher"
"fam126a",4.09639550557917,-3.98686485839354,1.83002154171143,0.0206353891034648,0.0322188231355213,"Nb_vs_rest","Other species higher"
"s100b",12.4872416506502,-3.85879237810034,1.76347605850444,0.0206589390181146,0.0322492827395451,"Nb_vs_rest","Other species higher"
"ajuba",5.53872596580057,-3.94939642450648,1.81096578527605,0.0206743205067056,0.0322669817413477,"Nb_vs_rest","Other species higher"
"rps6ka5",2.77178034286438,-4.10195102928997,1.89197646185696,0.0206841709843078,0.0322760431080907,"Nb_vs_rest","Other species higher"
"tbcelb",3.40670716834723,-4.15943710831308,1.92325428385088,0.0207044879675125,0.03230142990826,"Nb_vs_rest","Other species higher"
"frrs1l",3.90488369579124,-4.39282010342385,2.05209457603526,0.0207261234114058,0.0323288633352263,"Nb_vs_rest","Other species higher"
"jam3a",4.10650620638172,-4.20465013158655,1.94849232255422,0.020744973712709,0.0323519425889032,"Nb_vs_rest","Other species higher"
"pex19",3.85705982775852,-4.00419632372944,1.841320020747,0.0207649104523663,0.0323767068014621,"Nb_vs_rest","Other species higher"
"emc9",4.42469799066771,-3.90673693981266,1.7903923750653,0.0207828443257617,0.0323983390739555,"Nb_vs_rest","Other species higher"
"fam50a",5.11116755547595,-4.20251887597628,1.94814816322265,0.0207903915837499,0.0324037743824853,"Nb_vs_rest","Other species higher"
"pik3cb",3.59743179546896,-4.45220033179385,2.08794729328164,0.0208451132427937,0.0324818195649275,"Nb_vs_rest","Other species higher"
"pknox1.2",2.24507233078726,-4.09682970280381,1.89206834436025,0.0208486064926765,0.0324818195649275,"Nb_vs_rest","Other species higher"
"pacsin2",4.22943894040809,-4.02618501886246,1.85551820943491,0.0209172804480641,0.0325764202481094,"Nb_vs_rest","Other species higher"
"cadm4",4.1962346308924,-4.02339214972047,1.85403770115051,0.0209174908961545,0.0325764202481094,"Nb_vs_rest","Other species higher"
"hivep3b",5.9853181847753,-4.11614103681564,1.90392500101716,0.0209343836684202,0.0325900081299246,"Nb_vs_rest","Other species higher"
"dnali1",165.022695365231,-4.02445315851407,1.85486368020971,0.0209331946071351,0.0325900081299246,"Nb_vs_rest","Other species higher"
"cox7a2l",5.31196981613237,-4.2648204454433,1.98544384177925,0.0209655025962778,0.0326257236190126,"Nb_vs_rest","Other species higher"
"cpsf1",9.7366233855088,-3.93533518997329,1.80830174590221,0.02096514684748,0.0326257236190126,"Nb_vs_rest","Other species higher"
"mut",5.99163606142108,-4.05701861699939,1.87309098677844,0.0209853671090386,0.0326502689666851,"Nb_vs_rest","Other species higher"
"UNC119",6.59939606121733,-4.08191255151121,1.8869718181775,0.0210181806264581,0.0326949476411571,"Nb_vs_rest","Other species higher"
"keap1b",4.81196845897532,-4.07900331867885,1.88548773206115,0.0210226326428229,0.0326954996082102,"Nb_vs_rest","Other species higher"
"pkn2",5.48076403836155,-3.8869383026869,1.7839946557356,0.0210308367237583,0.0327018856304738,"Nb_vs_rest","Other species higher"
"SFMBT1",3.4601749004314,-4.21564686556718,1.96123547114908,0.0211204187589749,0.0328347831086342,"Nb_vs_rest","Other species higher"
"tango2",4.66694706038827,-4.3700039125891,2.04702966757182,0.0211293632871768,0.0328405116884621,"Nb_vs_rest","Other species higher"
"G6PC2",7.70863976691797,-3.89634985812459,1.79052315024369,0.0211323342757209,0.0328405116884621,"Nb_vs_rest","Other species higher"
"atg7",4.38109055870195,-4.10229701721909,1.9001022573333,0.0211454059084976,0.0328544274045581,"Nb_vs_rest","Other species higher"
"myofl",7.4152176774434,-4.14953096182374,1.92608161805911,0.0211709454180068,0.0328796814722031,"Nb_vs_rest","Other species higher"
"ndufb8",6.97686974669805,-4.03561466481256,1.86482812682235,0.0211740204367985,0.0328796814722031,"Nb_vs_rest","Other species higher"
"MAFB",4.37583964344638,-3.96739680630135,1.82845062171103,0.0211659101347485,0.0328796814722031,"Nb_vs_rest","Other species higher"
"bnip2",8.16818489378093,2.64553800630092,1.17592957918123,0.0211851526356737,0.0328905677106374,"Nb_vs_rest","Nb higher"
"mpped2a",3.60795487361336,-4.0146347132309,1.85458720611425,0.0212309907287783,0.0329553211467907,"Nb_vs_rest","Other species higher"
"fam3c",5.97770224680748,-3.98804127794572,1.84052656770867,0.0212357664842798,0.0329563237153934,"Nb_vs_rest","Other species higher"
"sema6e",4.48256396726045,-4.19627956139357,1.95334232758397,0.0212725359386165,0.0329941373741807,"Nb_vs_rest","Other species higher"
"HGFAC",10.6673453992025,-4.19012239034693,1.94992809171836,0.0212699094656764,0.0329941373741807,"Nb_vs_rest","Other species higher"
"TKT",4.57103137394939,-4.08079056271741,1.89055365602656,0.0212644105888744,0.0329941373741807,"Nb_vs_rest","Other species higher"
"csrp1a",9.68092590399075,-4.27241045176439,1.99539237179201,0.0212800882131852,0.0329950452033735,"Nb_vs_rest","Other species higher"
"ccnd2a",5.00388582462364,-4.17703324295552,1.94298152171769,0.0212813906844315,0.0329950452033735,"Nb_vs_rest","Other species higher"
"MTSS1",2.47117704635272,-4.18980025820581,1.95103677557956,0.021342626712977,0.0330771336511082,"Nb_vs_rest","Other species higher"
"atp2a1",122.765239075823,2.15428082981366,0.950603853761364,0.0213394495450142,0.0330771336511082,"Nb_vs_rest","Nb higher"
"C2orf42",4.31927658377671,-4.09544449925828,1.90015549721116,0.0213649805495137,0.033105348501965,"Nb_vs_rest","Other species higher"
"wdr36",5.16073490122327,-3.83871468654565,1.76420927837471,0.021376039040418,0.033116053493018,"Nb_vs_rest","Other species higher"
"alg5",4.14666654074206,-4.19651169254821,1.95586470693015,0.0214078456864482,0.0331588914165094,"Nb_vs_rest","Other species higher"
"ugt1a1",5.2025904001919,-4.72169050688017,2.25823288035128,0.0214394683160296,0.0332014277434341,"Nb_vs_rest","Other species higher"
"si:dkey-288i20.2",6.30978558686307,-3.93057303342953,1.81462725543606,0.0215168690748028,0.03330836376662,"Nb_vs_rest","Other species higher"
"becn1",268.653457878317,1.4664299101447,0.642430128509178,0.0215138108750095,0.03330836376662,"Nb_vs_rest","Nb higher"
"jakmip2",5.85747261914255,-4.4529283969149,2.10184606723962,0.0215304138426901,0.0333228670412465,"Nb_vs_rest","Other species higher"
"ripor2",3.27849643267015,-4.08305050676494,1.89668305359195,0.021554996973976,0.0333544455792765,"Nb_vs_rest","Other species higher"
"selenof",5.97023987292392,2.86507816565162,1.28347741076351,0.0215808691268021,0.0333880061325864,"Nb_vs_rest","Nb higher"
"znf687a",7.34421626680225,2.40243637883261,1.06661620346543,0.0215994262404262,0.0334102386893974,"Nb_vs_rest","Nb higher"
"cers4b",5.0387890228025,-3.99975263764005,1.85375947891833,0.0216644493408807,0.0335043228178736,"Nb_vs_rest","Other species higher"
"ino80c",2.90827449325434,-4.16136826681458,1.94132042057646,0.0216763562770278,0.0335097487583653,"Nb_vs_rest","Other species higher"
"sacs",4.55995311547669,-4.04942733825926,1.88055450733982,0.0216742131412745,0.0335097487583653,"Nb_vs_rest","Other species higher"
"SLC43A2",3.01670331724883,-4.37827982019639,2.0623823437777,0.0216922323728372,0.0335277966947978,"Nb_vs_rest","Other species higher"
"slc35a3a",2.66162846692473,-4.14093566736902,1.9307610552081,0.0217113270005904,0.0335508112828643,"Nb_vs_rest","Other species higher"
"tmbim4",3.9519766496632,-4.01811571171626,1.86491452854725,0.0217456889424911,0.033597405181235,"Nb_vs_rest","Other species higher"
"tln1",13.6558413836681,-4.5453835908855,2.16018783839026,0.0217690673201367,0.0336270145595608,"Nb_vs_rest","Other species higher"
"znf652",3.26487491471076,-4.13775997122553,1.93090595644884,0.0218207826809559,0.0337003765810002,"Nb_vs_rest","Other species higher"
"ccdc28a",2.72012354701308,-4.12674021454308,1.92509954434318,0.0218328804975677,0.0337125360624206,"Nb_vs_rest","Other species higher"
"def8",3.72103976377804,-4.15880086294122,1.94373242342014,0.0218971347401765,0.0338052109163491,"Nb_vs_rest","Other species higher"
"vwa5b2",9.47258245635147,-3.89951825648747,1.80437575709462,0.0219082672866136,0.0338158555023552,"Nb_vs_rest","Other species higher"
"mast3b",3.51857700217002,-4.30825887466317,2.02747698887629,0.0219411329759616,0.0338600350315556,"Nb_vs_rest","Other species higher"
"spi1b",5.83850673434103,-4.33029096799765,2.04051547032676,0.0219753131553461,0.0339062256341187,"Nb_vs_rest","Other species higher"
"tgfbr2a",7.03034386730886,-4.10898116079938,1.91794732590593,0.0219818036455242,0.0339096835668438,"Nb_vs_rest","Other species higher"
"zfyve27",3.66430128929186,-4.15792865869045,1.94479333109403,0.0219864826695115,0.0339103462896602,"Nb_vs_rest","Other species higher"
"GABRA5",16.3682956706787,2.9229004731196,1.31564073950807,0.0220104115348618,0.0339406925697,"Nb_vs_rest","Nb higher"
"vps4b",5.56968587724764,-3.92747356599915,1.82100412789641,0.0220240921009108,0.0339552270025634,"Nb_vs_rest","Other species higher"
"apex1",159.566794235846,-1.83356420130425,0.809889508167573,0.0220393629656706,0.0339722071597549,"Nb_vs_rest","Other species higher"
"mfsd8",4.94010534851143,-4.10150492406764,1.91499238416039,0.0220481297077249,0.0339791570234926,"Nb_vs_rest","Other species higher"
"pkn1b",7.88003652676878,-4.10259984093281,1.9166302567873,0.022110087061099,0.0340680623185113,"Nb_vs_rest","Other species higher"
"KIAA0895L",3.68887129799602,-4.18587509645886,1.96255158390574,0.0221237307201315,0.0340759257183264,"Nb_vs_rest","Other species higher"
"nub1",9.62808268341962,-4.0359422625864,1.88067097788796,0.0221223369983923,0.0340759257183264,"Nb_vs_rest","Other species higher"
"PTGDR2",3.31639154104318,-4.45408041704932,2.11466271740676,0.0221555157933428,0.0341117144570472,"Nb_vs_rest","Other species higher"
"mmaa",4.14134716146053,-3.88562320478395,1.80084661499021,0.0221546600373988,0.0341117144570472,"Nb_vs_rest","Other species higher"
"shprh",2.51215962573731,-4.13562109403546,1.93607380314796,0.022192285588765,0.0341617359178906,"Nb_vs_rest","Other species higher"
"cpeb4a",2.54667061614545,-4.26086164173218,2.00567155886324,0.0222054342472843,0.0341687939246682,"Nb_vs_rest","Other species higher"
"sptlc2b",4.3876881573391,-3.98468344430957,1.85440280192075,0.0222039602141187,0.0341687939246682,"Nb_vs_rest","Other species higher"
"hdac7a",5.31401782706214,-4.29802385112682,2.0274689874033,0.0222572207002569,0.0342220850073314,"Nb_vs_rest","Other species higher"
"sh3gl3a",2.67837567248778,-4.25466718800797,2.003030129146,0.0222516585358568,0.0342220850073314,"Nb_vs_rest","Other species higher"
"tspan7",9.24520659169708,-4.1419429937107,1.94058254437731,0.0222533801988247,0.0342220850073314,"Nb_vs_rest","Other species higher"
"xrcc6",8.64623233841698,-3.97107169514532,1.84791560251537,0.0222548095946714,0.0342220850073314,"Nb_vs_rest","Other species higher"
"slc27a6",3.72053128277028,-3.95364169877171,1.83893985346251,0.0222771722045054,0.0342461633966389,"Nb_vs_rest","Other species higher"
"SPOCK2",3.26902506178384,-4.28499260360574,2.02068027932862,0.0222875204226813,0.0342554724524262,"Nb_vs_rest","Other species higher"
"alg9",2.97322793182106,-3.93743973303031,1.83059929905924,0.022297156127039,0.0342636830143984,"Nb_vs_rest","Other species higher"
"supt4h1",5.91715468830572,-4.08288843425438,1.90911616936402,0.0223033473856541,0.034266598409226,"Nb_vs_rest","Other species higher"
"mnat1",121.40682243044,-1.52198447091344,0.671349727502244,0.0223330587373757,0.0343056417178553,"Nb_vs_rest","Other species higher"
"pmp22a",7.26890181080672,2.77161938009904,1.24693128158,0.0223684342430506,0.034353368987595,"Nb_vs_rest","Nb higher"
"trmt1",2.57301917320584,-3.95123264975529,1.83951076849976,0.0223950970906358,0.0343876995927022,"Nb_vs_rest","Other species higher"
"rpap2",11.16481043556,-3.85134516007164,1.78701734758091,0.0224359937966195,0.034443868891309,"Nb_vs_rest","Other species higher"
"si:ch211-278j3.3",5.79176579538787,-3.942025313773,1.83605512902226,0.0224888696528696,0.0345184035064242,"Nb_vs_rest","Other species higher"
"hoxc10a",3.53245104023422,-4.06001316507589,1.89980855713412,0.0224941209799067,0.0345198241191646,"Nb_vs_rest","Other species higher"
"sema3ab",4.96177787642405,-3.97225962290058,1.85273266889559,0.0225181072586494,0.0345499896027729,"Nb_vs_rest","Other species higher"
"lrrtm2",4.70490182203723,-4.13377183399915,1.94083959905775,0.0225338060065033,0.0345569872568513,"Nb_vs_rest","Other species higher"
"fut8b",4.71177422499643,-3.87139785165515,1.79909333860207,0.02253211400177,0.0345569872568513,"Nb_vs_rest","Other species higher"
"gtf2h3",346.616488935304,-1.74934926255687,0.77481155792632,0.0225356593589792,0.0345569872568513,"Nb_vs_rest","Other species higher"
"slc6a14",2.9216207712801,4.34047773842268,2.05687955860895,0.0225512746338099,0.0345610085611298,"Nb_vs_rest","Nb higher"
"NCSTN",5.96794592073886,-3.88887254919078,1.80863874392729,0.0225494491426947,0.0345610085611298,"Nb_vs_rest","Other species higher"
"mapkapk3",3.85926765953927,-3.88122476451515,1.80456826953557,0.0225490704787705,0.0345610085611298,"Nb_vs_rest","Other species higher"
"ank3a",5.16442626991112,-3.98786134996754,1.86226620902214,0.0225895264990351,0.0346129841517473,"Nb_vs_rest","Other species higher"
"cracr2ab",24.5590926623838,-3.99416110052704,1.86575479416708,0.0225951838687816,0.0346132030182514,"Nb_vs_rest","Other species higher"
"lim2.3",19.0790531757776,2.28487928658813,1.02032318180225,0.0225983443264524,0.0346132030182514,"Nb_vs_rest","Nb higher"
"rhot1b",5.38573239992416,-4.05192619308544,1.89718768128442,0.0226029834161069,0.0346136648744066,"Nb_vs_rest","Other species higher"
"nacc1a",5.47959614683334,-3.83222022490013,1.77952995414266,0.0226099020253783,0.0346176166850573,"Nb_vs_rest","Other species higher"
"yme1l1a",4.7376306535951,-3.79641327592311,1.76073262357687,0.022614903981817,0.034618632989622,"Nb_vs_rest","Other species higher"
"ipo7",18.1325583441416,1.98351579314068,0.882002964815884,0.0226507400908745,0.0346668404152625,"Nb_vs_rest","Nb higher"
"lrp10",5.19924002439005,-3.96392575827711,1.85094661748138,0.0226889133352962,0.0347186056405874,"Nb_vs_rest","Other species higher"
"tram2",4.11450651674071,-3.95453075767089,1.84634807912694,0.0227178157334219,0.034749505377172,"Nb_vs_rest","Other species higher"
"vstm2l",15.8455349026565,-3.85544531592604,1.79343600794855,0.0227172623586885,0.034749505377172,"Nb_vs_rest","Other species higher"
"si:dkey-74k8.3",6.07854091718487,-4.13877372749157,1.94769604199825,0.0227770401096428,0.0348331251049617,"Nb_vs_rest","Other species higher"
"clic1",773.319403056643,2.47469392843329,1.11034390954607,0.0227812130229067,0.0348331251049617,"Nb_vs_rest","Nb higher"
"slc2a8",4.87290175207346,-4.03602979227314,1.89179683235853,0.0228039317303496,0.0348611829900747,"Nb_vs_rest","Other species higher"
"rbm19",3.22633601362544,-4.10703678468443,1.93107546847144,0.0228296679595106,0.0348938422365246,"Nb_vs_rest","Other species higher"
"elovl1a",8.33187492107686,-4.12064205893766,1.9389565204285,0.0228528696258536,0.0349226157821355,"Nb_vs_rest","Other species higher"
"mospd1",4.83576795118271,-3.95481185914251,1.84903189711555,0.0228797305577387,0.034950277536515,"Nb_vs_rest","Other species higher"
"kcmf1",3.88864342422488,-3.92826456727245,1.83475111302735,0.0228790281318877,0.034950277536515,"Nb_vs_rest","Other species higher"
"btbd11b",3.25568438922381,-4.38972879571795,2.09173455880915,0.022908968630013,0.0349848490575054,"Nb_vs_rest","Other species higher"
"aif1l",6.44698447696798,-4.09589219443532,1.9264480872179,0.0229204957875452,0.0349848490575054,"Nb_vs_rest","Other species higher"
"spc25",6.79641229161661,-4.01965924882919,1.88482582376829,0.0229242826718917,0.0349848490575054,"Nb_vs_rest","Other species higher"
"b3gnt5a",8.01981784060922,-3.92522456290222,1.8336508366533,0.0229134015846024,0.0349848490575054,"Nb_vs_rest","Other species higher"
"washc5",4.80529161265865,2.81926460734973,1.2751449952677,0.0229165132609544,0.0349848490575054,"Nb_vs_rest","Nb higher"
"nup155",3.74621634353811,-4.06037013548121,1.90817366828984,0.0229947516900462,0.0350856823110074,"Nb_vs_rest","Other species higher"
"afap1l1b",6.13638390435504,-4.39377776158315,2.09601777443482,0.023013487731919,0.0351047069938503,"Nb_vs_rest","Other species higher"
"fkbp8",4.37228814275856,-3.80324048792094,1.77023700263145,0.0230160184200282,0.0351047069938503,"Nb_vs_rest","Other species higher"
"hsd17b4",6.47385231000338,-3.82856526552773,1.7838186515451,0.0230276855111134,0.0351157902500832,"Nb_vs_rest","Other species higher"
"fam214a",9.47128134704437,2.08012852093068,0.928990590473685,0.0230394571096061,0.0351270286080734,"Nb_vs_rest","Nb higher"
"mpz",45.4579750120808,1.73461422811728,0.771323768554654,0.0230855138667037,0.0351905254357776,"Nb_vs_rest","Nb higher"
"arhgap35b",4.34981140614679,-4.00999318040986,1.88253561794389,0.0231103688527915,0.0352216851499764,"Nb_vs_rest","Other species higher"
"tmem150c",4.30113444319631,-4.10480933647246,1.93649749051533,0.0232320285492046,0.0354003413829774,"Nb_vs_rest","Other species higher"
"dhx8",7.42466489869535,-4.16456037997981,1.96983472706104,0.0232414548508742,0.0354079438163376,"Nb_vs_rest","Other species higher"
"vax2",4.255309593519,-4.02362040460527,1.89294776788648,0.0232978258356735,0.0354870490873592,"Nb_vs_rest","Other species higher"
"AXIN2",3.0050475187583,-3.83546834578503,1.79171234760853,0.0233131000396623,0.0355035378466614,"Nb_vs_rest","Other species higher"
"si:ch211-1e14.1",4.59312796308216,-4.24794836509149,2.0186595003562,0.0233550643601632,0.0355606589570888,"Nb_vs_rest","Other species higher"
"dhx40",4.12453873768356,-4.27489250400958,2.03419839953242,0.0233686889072515,0.0355746160778075,"Nb_vs_rest","Other species higher"
"si:ch211-198a12.6",2.54613189193532,-4.13894839414097,1.95809146432025,0.0233926151384353,0.0356042473402085,"Nb_vs_rest","Other species higher"
"fhod1",4.90842265212832,-4.26610988462402,2.02999664862228,0.0234140160889745,0.0356271993059537,"Nb_vs_rest","Other species higher"
"abi3bpb",2.75768562654851,-4.1519456806836,1.96573605801392,0.023416624105229,0.0356271993059537,"Nb_vs_rest","Other species higher"
"ist1",4.0782393196452,-4.05497320556569,1.9129544555938,0.0234740257954318,0.0357077250948429,"Nb_vs_rest","Other species higher"
"chrnb3a",3.31304308904847,-4.28849645451636,2.04416891764104,0.0234942429086499,0.0357248765658168,"Nb_vs_rest","Other species higher"
"s1pr2",4.62223208589602,3.68863743114418,1.71676629403607,0.0234942546638354,0.0357248765658168,"Nb_vs_rest","Nb higher"
"pigh",10.3519678202058,-4.02096271784262,1.89504422881828,0.02352141369793,0.0357593601275446,"Nb_vs_rest","Other species higher"
"zp3f.2",20.4406967241749,5.83505815659053,3.1856925115104,0.0235544307933967,0.035802734805963,"Nb_vs_rest","Nb higher"
"uchl5",4.28748256241511,-3.79153181106677,1.77209178040701,0.0235690615990854,0.0358181511256335,"Nb_vs_rest","Other species higher"
"gnat2",223.287627767456,-2.06071691754821,0.923811722883861,0.0235857120721346,0.0358366303000065,"Nb_vs_rest","Other species higher"
"FGFR1",8.42944300171149,-4.13423656332288,1.95888544290105,0.0235987128056996,0.0358495580029475,"Nb_vs_rest","Other species higher"
"INAFM2",3.22078016807326,-4.02376626363569,1.89851117860512,0.0236433637046869,0.0359105524102401,"Nb_vs_rest","Other species higher"
"st7l",3.01139613798862,-4.17309247685547,1.9821486837023,0.0236896698345679,0.035974037160771,"Nb_vs_rest","Other species higher"
"atp2b4",6.40671083435476,-3.98080671264323,1.87650396337326,0.0237390064937013,0.0360420989002542,"Nb_vs_rest","Other species higher"
"klhl5",4.29327443767059,-3.90973185671408,1.8381961990856,0.023758047819168,0.0360516140797702,"Nb_vs_rest","Other species higher"
"paip1",4.19297389314439,-3.8113306519308,1.78535135180295,0.0237569818012603,0.0360516140797702,"Nb_vs_rest","Other species higher"
"aup1",5.95760713643211,-3.69898534543543,1.72587646983182,0.0237588268728711,0.0360516140797702,"Nb_vs_rest","Other species higher"
"mapk14b",3.63439781446838,-4.22196276260831,2.01111201210899,0.0237714376482742,0.0360638920975719,"Nb_vs_rest","Other species higher"
"hspa12b",958.398395830181,-1.74095894286113,0.778171636546461,0.0237792591395618,0.0360689009567959,"Nb_vs_rest","Other species higher"
"slc9a8",3.78433002431199,-3.88117800697035,1.82340582418017,0.0237990260815472,0.0360717516339411,"Nb_vs_rest","Other species higher"
"tfcp2",3.46977188916469,-3.84918661757934,1.80620086825389,0.0237982225189029,0.0360717516339411,"Nb_vs_rest","Other species higher"
"PTCHD3",28.1745105904601,-3.7621793876009,1.75973744585005,0.0237935447082007,0.0360717516339411,"Nb_vs_rest","Other species higher"
"si:ch211-197h24.6",41.0626126749227,1.73535079486039,0.775724109144163,0.0237992195930702,0.0360717516339411,"Nb_vs_rest","Nb higher"
"ppp1r37",5.08176682983418,-4.0932589603704,1.93957446190088,0.0238121366630295,0.03608447599145,"Nb_vs_rest","Other species higher"
"unc13d",23.2994737988224,-3.86617137383152,1.81583038348114,0.0238326785665192,0.0361087478566211,"Nb_vs_rest","Other species higher"
"tal1",8.23689604580794,-3.9158033683615,1.842789719185,0.0238447634744228,0.0361201997961075,"Nb_vs_rest","Other species higher"
"hm13",3.75594017421918,-3.92828316796686,1.85009498768911,0.0238805276071191,0.0361606471166624,"Nb_vs_rest","Other species higher"
"kcnh6a",17.65521519785,2.61914642377441,1.1883039286025,0.0238772525588684,0.0361606471166624,"Nb_vs_rest","Nb higher"
"reep3b",4.06357409790074,-4.07393958412099,1.93048382125681,0.0239132116987674,0.0361916424664126,"Nb_vs_rest","Other species higher"
"kcnk6",6.74944505081606,-4.06535141751584,1.92574731189038,0.0239146028477937,0.0361916424664126,"Nb_vs_rest","Other species higher"
"clint1a",6.41696999025456,-3.94878844076186,1.86172119027752,0.0239122328364818,0.0361916424664126,"Nb_vs_rest","Other species higher"
"fam167b",4.75042958725382,-4.59943943905001,2.23667491999115,0.023964874916178,0.0362608460051385,"Nb_vs_rest","Other species higher"
"arhgap29a",6.4591378545379,-4.29036837626472,2.05469907261559,0.0240324839010277,0.036343722534656,"Nb_vs_rest","Other species higher"
"acsl3b",3.48648307531289,-4.26333347899251,2.03903856963021,0.0240245446752231,0.036343722534656,"Nb_vs_rest","Other species higher"
"ZNF503",7.81205483895733,-3.92301472893594,1.84954711701444,0.0240333112550601,0.036343722534656,"Nb_vs_rest","Other species higher"
"apbb1ip",2.76732839314819,-4.04314080849198,1.91599280005689,0.0240739151283191,0.0363982271170873,"Nb_vs_rest","Other species higher"
"klhdc4",2.24814258332739,-4.03074661254627,1.90940021456596,0.0240900337103641,0.0364085886343336,"Nb_vs_rest","Other species higher"
"p2rx3a",8.24856647351367,-3.90661716223141,1.84147360171928,0.0240881118145597,0.0364085886343336,"Nb_vs_rest","Other species higher"
"uqcrc2a",6.02035191409011,-3.84479364233877,1.80818884288793,0.0240944557115183,0.0364085886343336,"Nb_vs_rest","Other species higher"
"pde7a",11.0813873582994,2.53504913454105,1.1502584407874,0.0241146996061319,0.0364322799804871,"Nb_vs_rest","Nb higher"
"ppp1r10",3.64842863924292,-3.79428934694305,1.78154705364981,0.0241239630152665,0.0364393762751897,"Nb_vs_rest","Other species higher"
"pfkfb3",3.82410747900016,-3.82723810839254,1.79982054982156,0.0241674925770846,0.0364982192969597,"Nb_vs_rest","Other species higher"
"atg9b",4.57028350950766,-4.62624974680825,2.25752511920025,0.0241823969553423,0.0365138179193247,"Nb_vs_rest","Other species higher"
"fam193b",3.22653829287859,-4.02975451768555,1.9107045444829,0.0242078708295633,0.0365453668596131,"Nb_vs_rest","Other species higher"
"selenom",10.8262107229516,-4.34518655253523,2.08963882795735,0.0242132311607676,0.0365465452360366,"Nb_vs_rest","Other species higher"
"kif1aa",3.29788816382023,4.19130056262443,2.00129202937409,0.0242185825283954,0.0365477096400521,"Nb_vs_rest","Nb higher"
"gdap2",4.75786782823664,-3.867879073719,1.82338774130456,0.0242823260946753,0.0366300495719298,"Nb_vs_rest","Other species higher"
"cldn15lb",364.470988275801,1.95130274525373,0.877820069652004,0.0242810398041411,0.0366300495719298,"Nb_vs_rest","Nb higher"
"s100u",7.09215519561486,-4.06329442012572,1.93074715465041,0.0242997392723094,0.0366493894146719,"Nb_vs_rest","Other species higher"
"yipf5",5.53453433947545,-3.91158742035656,1.84766882878246,0.0243217047673553,0.0366755865539485,"Nb_vs_rest","Other species higher"
"e4f1",3.57387189270105,-3.95975668817411,1.87417908249316,0.0243361844433808,0.0366904877873,"Nb_vs_rest","Other species higher"
"KDM1B",3.79105373873928,-3.77678222865244,1.77551707783257,0.024357334720033,0.036715438433295,"Nb_vs_rest","Other species higher"
"sox4a",3.69715508711935,-3.74106943131846,1.75654438901363,0.0243622469727164,0.0367159076189381,"Nb_vs_rest","Other species higher"
"rab1ba",4.20734129295301,-3.97908843937303,1.88551041345871,0.0243836076572465,0.0367411610847483,"Nb_vs_rest","Other species higher"
"gclm",4.56064243440163,-4.23187703357691,2.02743898239488,0.024398437309628,0.0367565659299286,"Nb_vs_rest","Other species higher"
"palm1b",5.76038072688313,-4.17039897106975,1.99273549711433,0.0244161089160571,0.0367762455927021,"Nb_vs_rest","Other species higher"
"coa8",26.4652319409949,-4.14298585061125,1.97764279606738,0.0244405131535402,0.0367991122575944,"Nb_vs_rest","Other species higher"
"rp9",3.04206116553418,-3.96095987815882,1.87640644574865,0.0244391709850533,0.0367991122575944,"Nb_vs_rest","Other species higher"
"nedd1",7.81064669962679,-3.82974496232914,1.80633993884282,0.0245250384874959,0.0369194127768756,"Nb_vs_rest","Other species higher"
"tnfsf12",4.79362157147823,-4.21986457832364,2.02302213778507,0.0245436169567596,0.0369404117908226,"Nb_vs_rest","Other species higher"
"vbp1",6.73190214740991,-3.87890445046728,1.83405966996598,0.0246020770153054,0.0370214170435862,"Nb_vs_rest","Other species higher"
"lrig1",2.63077025431824,-4.00925863377283,1.90644927254038,0.0246626445015747,0.0370845869837133,"Nb_vs_rest","Other species higher"
"ndufa4l2b",5.67599588874514,-3.88975769100043,1.84079591206809,0.0246588832278941,0.0370845869837133,"Nb_vs_rest","Other species higher"
"nuf2",3.06332938454805,-3.85330919875531,1.82102339575487,0.0246599023823493,0.0370845869837133,"Nb_vs_rest","Other species higher"
"ccng2",50.9351160647893,-1.58221878738903,0.710377060084035,0.0246601371181966,0.0370845869837133,"Nb_vs_rest","Other species higher"
"b3gnt7l",4.68982602395905,-4.038473317504,1.92291600309274,0.0246788650248834,0.0370880118453051,"Nb_vs_rest","Other species higher"
"npas2",3.31658216927206,-3.99790003656233,1.90035476256872,0.0246749927725439,0.0370880118453051,"Nb_vs_rest","Other species higher"
"fibpa",3.98424139685443,-3.9605684304291,1.87979825649835,0.0246767448024524,0.0370880118453051,"Nb_vs_rest","Other species higher"
"gabpb2a",58.6383111978651,-1.68307239057067,0.75688549923656,0.0247233415702697,0.0371478564734988,"Nb_vs_rest","Other species higher"
"ncapd2",3.79335600901782,-3.97823021618064,1.89051150007855,0.0247416194079421,0.0371683213244311,"Nb_vs_rest","Other species higher"
"ube2q1",3.89029487650906,-3.8944578968072,1.84491642087252,0.0247647682035158,0.0371890948934994,"Nb_vs_rest","Other species higher"
"phactr4b",4.40556705335243,-3.88988644768401,1.842387185043,0.0247622139240744,0.0371890948934994,"Nb_vs_rest","Other species higher"
"satb1b",5.11587973503713,-3.97235045845486,1.8880477191754,0.0247928490282321,0.0372242587479382,"Nb_vs_rest","Other species higher"
"zgc:113425",82.9774835972144,-3.90165087216391,1.8493612895092,0.0248000453871055,0.0372280591025398,"Nb_vs_rest","Other species higher"
"slc25a13",63.2259856463163,-4.1554462575725,1.99115276509966,0.0248354677043771,0.0372742208540397,"Nb_vs_rest","Other species higher"
"mbtps2",3.39599006829561,-4.30984195387088,2.08016541442398,0.0248449821100473,0.03728148876235,"Nb_vs_rest","Other species higher"
"drap1",2.89169687279782,-4.24300913340904,2.04187140782646,0.0248725360075905,0.037315818262939,"Nb_vs_rest","Other species higher"
"INSM2",4.43429806020959,-4.05274422166646,1.93476306678985,0.0249274803953938,0.0373912205930907,"Nb_vs_rest","Other species higher"
"ift81",3.42705082730136,-3.94754328392634,1.87650347276456,0.0249334583885923,0.0373931587936415,"Nb_vs_rest","Other species higher"
"qsox1",4.71815173052597,-4.62001511909551,2.26910657029336,0.0249539718464075,0.0374168912691342,"Nb_vs_rest","Other species higher"
"epha4a",4.06493494511772,-4.37709981045224,2.12262845079276,0.0250107908519629,0.03749504245701,"Nb_vs_rest","Other species higher"
"CACNG2",4.17893510098853,-3.92106209678861,1.86349982423997,0.0250374537311814,0.0375279640824244,"Nb_vs_rest","Other species higher"
"lhfpl4a",9.46872010993364,-4.09612746694992,1.96147656048637,0.0250767919109817,0.0375728125140131,"Nb_vs_rest","Other species higher"
"mcrip1",3.33083517430653,-3.89531567983107,1.84996610485207,0.0250764672136388,0.0375728125140131,"Nb_vs_rest","Other species higher"
"tp53rk",3.51260190565077,-4.23021652797186,2.03802842766665,0.0250822680947847,0.0375739627175487,"Nb_vs_rest","Other species higher"
"ints6",3.51893626632665,-4.01356899699449,1.91561107093654,0.0251019673933017,0.037596415127355,"Nb_vs_rest","Other species higher"
"tollip",4.13332881702978,-3.9747715121854,1.89438369583167,0.0251226348638026,0.0376203089159588,"Nb_vs_rest","Other species higher"
"srpk3",5.47157526521101,-4.03422345209196,1.92762162193908,0.0251337120378397,0.0376298352836699,"Nb_vs_rest","Other species higher"
"guk1a",38.9477373213824,2.0063861656682,0.908994215441339,0.0251566093314017,0.0376570516722165,"Nb_vs_rest","Nb higher"
"slc30a9",3.58268104420535,-3.87358019647306,1.83953022862923,0.025175463943335,0.037672091702616,"Nb_vs_rest","Other species higher"
"chic2",3.39686929230028,-3.84921581342253,1.82632618292456,0.0251808191906959,0.037672091702616,"Nb_vs_rest","Other species higher"
"blzf1",203.227623381522,1.47259118081933,0.662776340320297,0.0251779101612654,0.037672091702616,"Nb_vs_rest","Nb higher"
"si:dkeyp-74a11.1",2.61628371636869,-4.17577618020618,2.00941582682025,0.0252434183352949,0.0377586651013409,"Nb_vs_rest","Other species higher"
"trim59",6.88513910392059,-4.04406366948311,1.93508201959077,0.0252597827907574,0.0377689838242915,"Nb_vs_rest","Other species higher"
"rrbp1a",3.84740885725328,-3.8473536081264,1.82642600724925,0.0252583937234222,0.0377689838242915,"Nb_vs_rest","Other species higher"
"znf704",4.13851284885201,-3.93782819747709,1.8768276275158,0.0253138234716532,0.0378426960104519,"Nb_vs_rest","Other species higher"
"zic5",8.61828294497225,2.17859791699519,0.990815624589735,0.0253189925817533,0.0378433341079587,"Nb_vs_rest","Nb higher"
"sec23ip",254.176114813722,-1.5161935507217,0.683441266558579,0.025330203011752,0.037853000006326,"Nb_vs_rest","Other species higher"
"sfrp1a",9.61204012524168,-4.36152533765604,2.11971951954201,0.0253667692557649,0.0378950249474047,"Nb_vs_rest","Other species higher"
"atp11c",3.59712623311137,-3.90703754052692,1.86066548755186,0.0253678224647915,0.0378950249474047,"Nb_vs_rest","Other species higher"
"prkab1b",4.69335832459796,-3.76587936599149,1.78419266605423,0.0253945490046144,0.0379278497205358,"Nb_vs_rest","Other species higher"
"cpne1",3.65361324464804,-3.92284923760248,1.87015923625521,0.0254215327611237,0.0379610463012289,"Nb_vs_rest","Other species higher"
"ccdc115",3.55328610354416,-4.12259499551857,1.98253568097465,0.0254578843274995,0.0380011067963797,"Nb_vs_rest","Other species higher"
"abcd1",3.24034702137917,-3.80035837685053,1.80365599737039,0.0254532681298848,0.0380011067963797,"Nb_vs_rest","Other species higher"
"ppp1r13bb",2.35628444649933,-3.93006185848419,1.87484410647123,0.0254693593367341,0.0380111253987541,"Nb_vs_rest","Other species higher"
"tmem181",3.53161220084209,-4.23299828045208,2.04739472551386,0.0255458300526859,0.0381181233770444,"Nb_vs_rest","Other species higher"
"klhl29",2.69052437047421,-3.91956130220315,1.87058091297014,0.0255735020990948,0.0381522801927046,"Nb_vs_rest","Other species higher"
"nfybb",7.22565532227115,-4.11988917829809,1.98338916041438,0.0256080786681534,0.038196722948012,"Nb_vs_rest","Other species higher"
"gipc1",4.89112045891977,-3.91008570294815,1.86604804801699,0.0256209244534959,0.0382087417564748,"Nb_vs_rest","Other species higher"
"mib2",4.98274539983284,-4.05257023328692,1.94658438152503,0.0256937720304232,0.0383102206283215,"Nb_vs_rest","Other species higher"
"rrp8",6.03846348455672,-3.94791020678643,1.88818624293688,0.0257033998598005,0.038317416566637,"Nb_vs_rest","Other species higher"
"myo1cb",5.50112397032838,-4.09297201321723,1.97027095574,0.0257466461530046,0.0383747172769848,"Nb_vs_rest","Other species higher"
"dnmt1",3.57480875599932,-4.27691732652163,2.07676871715036,0.0257689392272412,0.0384007721817712,"Nb_vs_rest","Other species higher"
"osbpl11",5.29966498721913,-3.95226419392373,1.89223472911589,0.0258134025087436,0.038459849144842,"Nb_vs_rest","Other species higher"
"tet3",2.90331222500998,-3.96858012232971,1.90269444776834,0.0259058055953153,0.038590317089904,"Nb_vs_rest","Other species higher"
"lmo4a",2.53346915335133,-4.08986835974213,1.97109417847388,0.0259117265976932,0.0385919332306069,"Nb_vs_rest","Other species higher"
"slc16a12b",92.5258609343665,-4.13735764032647,1.99856777697416,0.0259343868054923,0.038611269908177,"Nb_vs_rest","Other species higher"
"zgc:109965",4.9483964749406,-4.12876329913354,1.99359548407168,0.0259313373138662,0.038611269908177,"Nb_vs_rest","Other species higher"
"dab2",8.11026814407095,-4.15916809179939,2.0117410878786,0.0259745205737758,0.0386638079050049,"Nb_vs_rest","Other species higher"
"cldnd1a",5.22277426931717,-3.99287310652632,1.91750731838654,0.0259879584033528,0.0386765960572091,"Nb_vs_rest","Other species higher"
"RARB",3.42778612379707,-4.08811058348991,1.97161032523489,0.0260087665594727,0.038700346288382,"Nb_vs_rest","Other species higher"
"zbtb7c",3.26257553231889,-4.12535264549361,1.99420562408141,0.0260930285566169,0.0388184876737142,"Nb_vs_rest","Other species higher"
"enpp2",6.08442774256268,-4.12313321861323,1.99401468343223,0.0261614305830793,0.0389129946044684,"Nb_vs_rest","Other species higher"
"tdrd6",66.8115094791775,-3.77942091745892,1.80329902925653,0.026247649087494,0.0390339619303395,"Nb_vs_rest","Other species higher"
"tfap2a",2.88207361900012,-4.24915845587441,2.06906194550742,0.0262806571992683,0.0390684881613563,"Nb_vs_rest","Other species higher"
"adam17a",4.64680419832606,-4.09115369222716,1.97753707223804,0.0262777389033985,0.0390684881613563,"Nb_vs_rest","Other species higher"
"sla1a",4.1343275693586,-4.32707460951488,2.11560614863367,0.0263072503712128,0.0391007371879825,"Nb_vs_rest","Other species higher"
"zmynd12",197.396923975857,-2.47614492146109,1.14023174465395,0.0263269492137619,0.0391227289992216,"Nb_vs_rest","Other species higher"
"rhebl1",3.80074827276469,-3.89442825476807,1.86869158329452,0.0264017168557833,0.0392096461081373,"Nb_vs_rest","Other species higher"
"tox2",4.70113516752921,-3.82595127153279,1.83093870472745,0.0264050925044022,0.0392096461081373,"Nb_vs_rest","Other species higher"
"fbxo30a",16.9999549673899,-3.75667631502707,1.79302689005299,0.0264025727841128,0.0392096461081373,"Nb_vs_rest","Other species higher"
"isca2",4.03321885789825,-3.7407625363474,1.78432657530018,0.026398937477482,0.0392096461081373,"Nb_vs_rest","Other species higher"
"tbce",4.60900901460679,-3.95741739877618,1.90482964629652,0.0264720611738894,0.0393017764032814,"Nb_vs_rest","Other species higher"
"si:ch211-22d5.2",3.62175048987404,-4.16689213210983,2.02455347158064,0.0264950203651539,0.0393285458545253,"Nb_vs_rest","Other species higher"
"stard3",3.26770338022728,-4.07977389377808,1.97469369332246,0.0265137830341797,0.0393490772945423,"Nb_vs_rest","Other species higher"
"ttk",3.52115031527758,-3.82112243495587,1.8304359760595,0.0265596159149603,0.0394097685015589,"Nb_vs_rest","Other species higher"
"dip2bb",3.5240705242792,-4.32203567325609,2.11742555168265,0.0265892754961357,0.0394464432904189,"Nb_vs_rest","Other species higher"
"cebpa",7.42317177356809,-3.97150298018522,1.91473595373282,0.0266078775927518,0.039466703195197,"Nb_vs_rest","Other species higher"
"cttnbp2nla",3.90736313366523,-3.83201809423076,1.83750970935501,0.0266369319502938,0.0394951164926318,"Nb_vs_rest","Other species higher"
"arfip1",38.5110463631596,-3.78808874293511,1.81336077237044,0.0266360653436181,0.0394951164926318,"Nb_vs_rest","Other species higher"
"ano6",5.12312642010907,-4.13616811288351,2.01001931086188,0.0267001839693741,0.0395815471067444,"Nb_vs_rest","Other species higher"
"YTHDC2",3.08420756194857,-4.12516800227977,2.00379721496819,0.0267086275515862,0.0395867102269052,"Nb_vs_rest","Other species higher"
"zfyve21",4.35667764547721,-4.38660659194845,2.15906846490659,0.0267491851004625,0.0396394609288191,"Nb_vs_rest","Other species higher"
"sostdc1a",12.07056632739,-3.90098229057475,1.87776987121635,0.0267812090377473,0.0396795484814748,"Nb_vs_rest","Other species higher"
"pan3",2.23498397236844,-4.00588377010865,1.93739603542793,0.0268271697432599,0.0397402662987217,"Nb_vs_rest","Other species higher"
"commd3",6.39273276550591,-3.91339705630177,1.88591563500336,0.0268661052702878,0.0397905568034329,"Nb_vs_rest","Other species higher"
"pbdc1",4.96695827158193,-4.01323281511006,1.94241874869971,0.0268844174034032,0.0398102896417067,"Nb_vs_rest","Other species higher"
"desi1b",3.63387472098821,-4.14858766683582,2.02038055468064,0.0269007836105986,0.0398271341767304,"Nb_vs_rest","Other species higher"
"kdsr",3.168235995268,-3.86036677649397,1.85783188149413,0.0269689028567483,0.0399205796321372,"Nb_vs_rest","Other species higher"
"hmcn1",3.70150638222078,-4.16599806059224,2.03257952543212,0.0270311509192615,0.0399978832441511,"Nb_vs_rest","Other species higher"
"zgc:154058",17.2267558500648,-4.07093385914881,1.97750501028734,0.0270268045831901,0.0399978832441511,"Nb_vs_rest","Other species higher"
"ttyh3a",3.19366598128819,-3.90572505660063,1.88406322700888,0.0270364473437423,0.039998303634235,"Nb_vs_rest","Other species higher"
"thop1",6.45822269920823,-4.06343972502873,1.97343207994495,0.0270416365310118,0.0399985652488367,"Nb_vs_rest","Other species higher"
"dtd2",3.10075526592778,-4.0175193562619,1.94751865751697,0.0270627768500559,0.0400224164683925,"Nb_vs_rest","Other species higher"
"tlcd4a",3.25817931204196,-4.0683846867531,1.97759503496209,0.0271287168265861,0.0401101324804993,"Nb_vs_rest","Other species higher"
"rbmx",4.16713554735072,-3.83570583208754,1.84646880050158,0.0271351373833348,0.0401101324804993,"Nb_vs_rest","Other species higher"
"nfat5b",3.32071539415839,-3.79026679728925,1.8213944725484,0.027137168579225,0.0401101324804993,"Nb_vs_rest","Other species higher"
"stox2a",3.32164641361017,-4.14449449755215,2.02217973869755,0.0271661598970069,0.0401455474033546,"Nb_vs_rest","Other species higher"
"rab4a",6.26980546759847,3.33482340948913,1.57847902169181,0.0272118150406804,0.040205570084175,"Nb_vs_rest","Nb higher"
"hhip",7.8307719856808,-4.18054322104561,2.04421982039558,0.027228185505037,0.0402148658764011,"Nb_vs_rest","Other species higher"
"phf14",4.54622251616468,-3.94141816594209,1.90683138681691,0.0272267952660576,0.0402148658764011,"Nb_vs_rest","Other species higher"
"yeats2",3.3970695388742,-3.8136304942707,1.8364304546688,0.0272939077435103,0.0403044751652873,"Nb_vs_rest","Other species higher"
"orc5",5.01189087011273,-4.3965692204956,2.1748939583237,0.0273070045018966,0.0403163544727354,"Nb_vs_rest","Other species higher"
"nfyc",3.47491495148624,-3.89718183141817,1.88335208617413,0.0273229017636577,0.0403323633137234,"Nb_vs_rest","Other species higher"
"nr5a5",97.8715088672205,-3.78718461486303,1.82232965041597,0.0273312705943982,0.0403372552882001,"Nb_vs_rest","Other species higher"
"nup43",4.05069709583143,-4.02991424193959,1.95885369674009,0.0273482067030359,0.0403547872578082,"Nb_vs_rest","Other species higher"
"cmlc1",2.5287593910438,4.1127473525924,2.00699057603744,0.0273755222961833,0.0403801604294904,"Nb_vs_rest","Nb higher"
"dnajc17",9.85630371888471,-4.0082383979496,1.94686994127607,0.0273748804387339,0.0403801604294904,"Nb_vs_rest","Other species higher"
"avpr2ab",4.35352572024829,-3.97883464613429,1.93028100002274,0.0273843969543232,0.0403857859352244,"Nb_vs_rest","Other species higher"
"gabra6b",5.60597623575202,3.21839735699177,1.52109732147156,0.0274904279270715,0.0405346664556598,"Nb_vs_rest","Nb higher"
"tbca",7.33941252344171,-3.96138424573139,1.92215678096706,0.027506271583584,0.0405505352368373,"Nb_vs_rest","Other species higher"
"sgcb",4.69351554838618,-3.97320991630694,1.92919542854028,0.0275288967262903,0.0405624851085818,"Nb_vs_rest","Other species higher"
"nr1d4a",2.5960870768169,-3.96510578696938,1.92460576883032,0.0275296264847217,0.0405624851085818,"Nb_vs_rest","Other species higher"
"lrmda",33.4161273016978,-3.88843711258316,1.88125046174995,0.0275212736690581,0.0405624851085818,"Nb_vs_rest","Other species higher"
"hps5",3.50382776767794,-4.21047547592475,2.06681511765153,0.0275387084580304,0.0405668218701035,"Nb_vs_rest","Other species higher"
"slc41a2b",3.17552055314416,-4.09757157465289,2.00076106539284,0.0275427369539124,0.0405668218701035,"Nb_vs_rest","Other species higher"
"dnajc3a",376.236818301375,1.82602833133095,0.838742244200461,0.0275480291942687,0.0405671291696373,"Nb_vs_rest","Nb higher"
"larp4aa",6.01201299068402,2.04302555894888,0.941569867558127,0.0275716531700111,0.0405944266230053,"Nb_vs_rest","Nb higher"
"ARID1B",3.04566867738885,-3.93455759292739,1.90806890936042,0.0275821002577075,0.0406023169261217,"Nb_vs_rest","Other species higher"
"wdr89",3.72392297107481,-3.9565519066589,1.92061958701984,0.0275893423865161,0.040605487319144,"Nb_vs_rest","Other species higher"
"hibadha",4.67731998232365,-4.01300822737016,1.95413004334066,0.0276816196750007,0.0407337866506557,"Nb_vs_rest","Other species higher"
"dhx15",3.68158777019295,-3.91045857229201,1.89625821977724,0.0277076251423722,0.040764536990437,"Nb_vs_rest","Other species higher"
"prom1a",4.42775362179592,-4.04951954103991,1.97562122225859,0.0277165981714736,0.0407702218264257,"Nb_vs_rest","Other species higher"
"inhbaa",3.7482928560128,-4.01626810475296,1.95724717102435,0.027766226076349,0.040835695556444,"Nb_vs_rest","Other species higher"
"ptcd1",4.53130941388578,-3.94719490465532,1.91807096766089,0.0277808152816996,0.0408445035229226,"Nb_vs_rest","Other species higher"
"gpr37l1b",13.6188508907254,2.99171507204332,1.40802577883258,0.0277824517697273,0.0408445035229226,"Nb_vs_rest","Nb higher"
"bmi1a",4.22884422199099,-3.7906656846749,1.8304797272257,0.0277923014033207,0.0408514579477803,"Nb_vs_rest","Other species higher"
"UBE3A",3.84990555029297,-3.92556351783726,1.9065487187074,0.0278318831159865,0.0409021044687978,"Nb_vs_rest","Other species higher"
"dgkg",4.45052502748307,-3.87176810225489,1.87659653074422,0.0278570781310485,0.040931593350353,"Nb_vs_rest","Other species higher"
"opn3",18.0276108173466,-3.92808432719717,1.90929490399946,0.0279247159277685,0.0410234228835774,"Nb_vs_rest","Other species higher"
"gabrg2",4.61028543257916,-4.02421107423804,1.96475031938697,0.0279653355999463,0.0410755343433778,"Nb_vs_rest","Other species higher"
"SGK3",3.5196182160836,-4.25808386764471,2.10245071248343,0.0279879725573485,0.0411012184408614,"Nb_vs_rest","Other species higher"
"dnajb1a",2.46182158660719,-4.02094914489817,1.96367217373727,0.0280194390748156,0.0411398571880457,"Nb_vs_rest","Other species higher"
"GJD2",3.61000114212152,-4.25492571323126,2.10152644214985,0.0280476151456007,0.0411736513726809,"Nb_vs_rest","Other species higher"
"pvalb5",5.34865385178981,3.15905359828352,1.49694744667663,0.0281072460465095,0.0412463797511113,"Nb_vs_rest","Nb higher"
"nip7",310.260315104175,-1.47934249708676,0.679073785768442,0.0281074953742536,0.0412463797511113,"Nb_vs_rest","Other species higher"
"sgsh",6.8375586400549,-3.76511853402283,1.82070617082569,0.0281203751998412,0.0412576933433963,"Nb_vs_rest","Other species higher"
"cox19",3.80212514053534,-3.92039739715992,1.90781020896878,0.0281273247592154,0.0412603035989961,"Nb_vs_rest","Other species higher"
"cycsb",4.94324330571117,-3.96292483129416,1.93268805533313,0.0281754319666468,0.0413232764370229,"Nb_vs_rest","Other species higher"
"cbx4",5.0072736218507,-4.1940752073699,2.06744119528032,0.0281879811485938,0.0413264908259743,"Nb_vs_rest","Other species higher"
"igsf21a",3.2048188384282,-4.13046182399106,2.0297964564767,0.0281836048225179,0.0413264908259743,"Nb_vs_rest","Other species higher"
"rgp1",6.45114544806206,-4.07553408127506,1.99797655455362,0.0282023963519133,0.0413400299206958,"Nb_vs_rest","Other species higher"
"ttll9",71.9371625492509,-3.67495853046319,1.77217668957161,0.0282081859972881,0.0413409227288079,"Nb_vs_rest","Other species higher"
"ube2f",14.540726799097,-3.88987149812744,1.89199408288884,0.0282311359611909,0.0413669601487887,"Nb_vs_rest","Other species higher"
"hmg20a",5.11054245640605,-3.7732455298012,1.82732246455009,0.0282791640498688,0.0414297281288697,"Nb_vs_rest","Other species higher"
"gpcpd1",3.79279321686575,-3.72109324174786,1.79897913275899,0.0283197065630818,0.041481508512003,"Nb_vs_rest","Other species higher"
"dusp6",7.68975038668637,-3.69387058046859,1.78414376850996,0.0283320798046765,0.0414920163041509,"Nb_vs_rest","Other species higher"
"rtn4rl2a",2.49108891903525,-3.98685521985538,1.9489526318727,0.0283532408577685,0.0415140955170328,"Nb_vs_rest","Other species higher"
"calb2a",3.3056832702048,-3.86210805560799,1.87808538193464,0.0283575607347551,0.0415140955170328,"Nb_vs_rest","Other species higher"
"ankrd13d",4.72646456975143,-3.78987682667696,1.8377054474008,0.0283639219735064,0.0415157918834521,"Nb_vs_rest","Other species higher"
"ccdc85al",4.95695678992801,-4.13577451226149,2.03605737369428,0.0283872943932727,0.0415423820389357,"Nb_vs_rest","Other species higher"
"pum3",3.63357747889508,-3.83461888256016,1.86313222672443,0.0283941076849692,0.0415447340165115,"Nb_vs_rest","Other species higher"
"nptna",4.00512950382608,-3.74088150990037,1.81123597800352,0.0284207779003008,0.0415761333903576,"Nb_vs_rest","Other species higher"
"ahi1",3.09694297782557,-3.83185260591494,1.86267935456541,0.0284751167535788,0.0416479896799045,"Nb_vs_rest","Other species higher"
"dachb",4.61444683744104,-3.84870126831749,1.87265110587176,0.0285119323650675,0.0416941946624957,"Nb_vs_rest","Other species higher"
"npnta",7.39405008458902,-4.07207593674154,2.00112360644759,0.0285465479276104,0.0417360096441692,"Nb_vs_rest","Other species higher"
"rnf144aa",4.44716421453391,-4.02570057533614,1.97423131930892,0.0285509870485614,0.0417360096441692,"Nb_vs_rest","Other species higher"
"ro60",3.73802876579633,-3.85956730660048,1.879978358276,0.0285999512127839,0.0417922744328906,"Nb_vs_rest","Other species higher"
"sema7a",9.61384422329539,2.29528468856156,1.06960387596971,0.0285974448688284,0.0417922744328906,"Nb_vs_rest","Nb higher"
"yod1",2.48159728050264,-4.00306964088468,1.96205436689805,0.0286131344526267,0.0418038837297622,"Nb_vs_rest","Other species higher"
"tsen15",2.78409147881391,-4.09953134875587,2.01954882535475,0.0287029870882718,0.0419274825122477,"Nb_vs_rest","Other species higher"
"pcgf5a",4.94913418566243,-3.79875189010586,1.84769246524534,0.0287409072831871,0.0419675096285148,"Nb_vs_rest","Other species higher"
"PTDSS1",8.08587363875427,-3.76378446712017,1.82811116292955,0.0287374656186596,0.0419675096285148,"Nb_vs_rest","Other species higher"
"ftr82",3.16331193091226,-4.06721853329231,2.00147742552849,0.0287604204258991,0.0419861446648729,"Nb_vs_rest","Other species higher"
"tcf3b",4.5646307147883,-3.82550539369487,1.86301951665257,0.028764192090584,0.0419861446648729,"Nb_vs_rest","Other species higher"
"celf3b",2.57107569260877,-4.15439953855419,2.05552117962308,0.0289353096786055,0.0422281371045778,"Nb_vs_rest","Other species higher"
"si:ch73-62l21.1",6.64795787756675,-3.84793207967026,1.87804744072209,0.0289405616321975,0.0422281371045778,"Nb_vs_rest","Other species higher"
"lman2lb",3.48213130461612,-4.0899350904456,2.0177464871232,0.0289581020470025,0.0422460062769799,"Nb_vs_rest","Other species higher"
"dhx38",4.57335036054871,-3.85652938190457,1.88419056387539,0.0290347224960894,0.0423423036401303,"Nb_vs_rest","Other species higher"
"zgc:162297",25.509181675565,-3.73932795594388,1.81833561104805,0.0290325219959114,0.0423423036401303,"Nb_vs_rest","Other species higher"
"ptk6b",3.18042100929945,-3.77163663872442,1.83686326758739,0.0290700464683553,0.0423860717737027,"Nb_vs_rest","Other species higher"
"sez6l",2.79912495292713,-4.21391290001395,2.09435580871967,0.0291405649210554,0.0424696728761912,"Nb_vs_rest","Other species higher"
"GTPBP2",8.03340231320651,-3.58758313824085,1.73602851721255,0.0291433494573963,0.0424696728761912,"Nb_vs_rest","Other species higher"
"cldn15b",212.142798603047,-2.07792775209948,0.968033083468977,0.0291358361001612,0.0424696728761912,"Nb_vs_rest","Other species higher"
"nufip2",5.63089258648704,-3.88636225485983,1.90281967414176,0.0291577263440661,0.0424793158853075,"Nb_vs_rest","Other species higher"
"vps37a",3.03121666084852,-3.80429987880711,1.85645601212616,0.029165518846421,0.0424793158853075,"Nb_vs_rest","Other species higher"
"chchd6b",3.29466167320419,-3.69343191386704,1.79454938013527,0.0291659363077193,0.0424793158853075,"Nb_vs_rest","Other species higher"
"FBLN2",6.5245265970717,-4.00116860174887,1.96914408969674,0.0291796129882863,0.0424914802274679,"Nb_vs_rest","Other species higher"
"stk16",3.22205534261815,-3.78908006561415,1.84889113626032,0.0292407307193525,0.0425727113921607,"Nb_vs_rest","Other species higher"
"lto1",3.80411816525221,-4.0897497953353,2.0221302355636,0.0292584735351911,0.0425907732234267,"Nb_vs_rest","Other species higher"
"tsku",3.79933786437668,-3.9320391359214,1.93054898269177,0.0292729752621149,0.0426041113608749,"Nb_vs_rest","Other species higher"
"zfhx3",3.7898564937658,-3.96943291552031,1.95245041226581,0.0292978976741819,0.0426248356317176,"Nb_vs_rest","Other species higher"
"khdrbs1b",4.04996824884084,-3.81359059190767,1.86340974770861,0.0292947419582593,0.0426248356317176,"Nb_vs_rest","Other species higher"
"spryd7b",5.48012503334484,-4.16646473260929,2.06858902931081,0.029316164894486,0.0426436375971561,"Nb_vs_rest","Other species higher"
"scamp1",3.59511719867361,-3.66976779682146,1.78350276283125,0.029328861874236,0.0426543316486975,"Nb_vs_rest","Other species higher"
"tmem17",4.39698599803249,-3.89331346903214,1.91028084350395,0.0294121516310634,0.0427598779405878,"Nb_vs_rest","Other species higher"
"UPF1",24.4222847773234,1.93549315557369,0.901226964806689,0.0294093093894237,0.0427598779405878,"Nb_vs_rest","Nb higher"
"mzt2b",13.4758652261181,-3.78099455801473,1.84859075359404,0.0295642104256853,0.0429731146078267,"Nb_vs_rest","Other species higher"
"triob",4.78329222434744,-3.62775744549305,1.76341323966412,0.0295796243191467,0.0429876893219434,"Nb_vs_rest","Other species higher"
"ptpn11a",4.77991530587013,-4.04695390701763,2.00187993714119,0.0295933266772371,0.042999771828906,"Nb_vs_rest","Other species higher"
"si:ch211-243j20.2",2.96297328282411,-4.17974049549484,2.08092841804179,0.0295993523289965,0.0430006975396672,"Nb_vs_rest","Other species higher"
"cptp",2.85200824808757,-3.78597778946655,1.8531724041778,0.0296997103883638,0.0431386401345365,"Nb_vs_rest","Other species higher"
"ponzr1",7.22866027895753,-3.73931219574748,1.82766367833984,0.0297568003652502,0.0432136973457136,"Nb_vs_rest","Other species higher"
"mkxa",4.3815776343443,-4.3016625094142,2.15870845301041,0.029813661339096,0.0432883947390805,"Nb_vs_rest","Other species higher"
"nr1h4",2.20768706892801,4.6517135977975,2.38497894140614,0.0298446559398533,0.0433255147171238,"Nb_vs_rest","Nb higher"
"eif6",7.8180932495743,-3.96216623962421,1.95616438651996,0.0298593007882502,0.043338890558428,"Nb_vs_rest","Other species higher"
"KLHL12",30.5775244111088,-3.74827400647006,1.83411595182608,0.0298674600832368,0.0433428498752919,"Nb_vs_rest","Other species higher"
"xiap",3.05828720086664,-4.24533299489313,2.12551049459095,0.0299044272333167,0.0433886053312486,"Nb_vs_rest","Other species higher"
"hgfb",3.29520232096915,-4.03734048102153,2.00099679005975,0.0299213542471616,0.043405273021696,"Nb_vs_rest","Other species higher"
"usp1",3.77215329098731,-4.04563817166399,2.00621416198279,0.0299440733599669,0.0434303354075855,"Nb_vs_rest","Other species higher"
"pak2b",5.41148742927254,-3.83480145137913,1.88419820369812,0.0299532571078226,0.0434357608069097,"Nb_vs_rest","Other species higher"
"lrrc6",2.96233034344292,-3.73508221641091,1.82800060725061,0.0299685857001594,0.0434500933661468,"Nb_vs_rest","Other species higher"
"erbb2",5.72591566463573,-4.23138189885298,2.11858686633932,0.030006226837574,0.0434934760998228,"Nb_vs_rest","Other species higher"
"zdhhc18a",3.45994890186306,-3.97880507102634,1.96796139024349,0.0300094084468201,0.0434934760998228,"Nb_vs_rest","Other species higher"
"agps",3.795528452523,-4.18940337304579,2.09338502901236,0.0300280542265513,0.0435093761236433,"Nb_vs_rest","Other species higher"
"dcun1d2a",3.20633536037566,-3.79158922616939,1.86067894549163,0.0300312836703042,0.0435093761236433,"Nb_vs_rest","Other species higher"
"grhprb",87.4997323892714,-3.78344594850849,1.85631066340012,0.0300498676222265,0.043528397826351,"Nb_vs_rest","Other species higher"
"slc12a9",3.3892993600511,-4.06839109432002,2.02147064603343,0.0300679195985847,0.0435466421772606,"Nb_vs_rest","Other species higher"
"pde4bb",3.15221701089078,-3.75970036473969,1.84505501325882,0.0302175657284078,0.043747491747586,"Nb_vs_rest","Other species higher"
"mrpl18",337.753848228272,-1.55696730968856,0.724922572794569,0.0302155364624817,0.043747491747586,"Nb_vs_rest","Other species higher"
"postnb",4.56551354499542,-4.06263915885084,2.02044400216462,0.0302310065756586,0.0437510758929553,"Nb_vs_rest","Other species higher"
"si:ch211-217a12.1",740.897694869235,1.55826827596508,0.725596053135842,0.0302281630284447,0.0437510758929553,"Nb_vs_rest","Nb higher"
"tmem62",44.3551014194655,-3.6563587902482,1.78752174980624,0.0302509909104253,0.0437720593771884,"Nb_vs_rest","Other species higher"
"wsb1",4.78654654404216,-3.81286902297709,1.87659842541702,0.0303238197900183,0.0438694854830215,"Nb_vs_rest","Other species higher"
"rnf168",3.26228621419633,-3.97516711925991,1.97063629951781,0.0303504159656414,0.0439000035174585,"Nb_vs_rest","Other species higher"
"spon1a",5.41652243918087,-3.99857530148643,1.98477546357464,0.0303801110467152,0.0439349920537853,"Nb_vs_rest","Other species higher"
"rabl6b",3.25276322783804,-3.97266573167013,1.97085803305414,0.0304706494608638,0.0440579421448982,"Nb_vs_rest","Other species higher"
"mrps14",3.01480871358128,-4.17844228279822,2.09378640163661,0.0304872844662611,0.0440580460052089,"Nb_vs_rest","Other species higher"
"dcp1b",3.27227703039797,-4.08651670665359,2.03827019735093,0.0304780166750406,0.0440580460052089,"Nb_vs_rest","Other species higher"
"grpel1",2.73294706408669,-3.70800255373225,1.81930590538618,0.0304836408884514,0.0440580460052089,"Nb_vs_rest","Other species higher"
"tmem198a",3.17726844300753,-4.00061480828867,1.98758185756688,0.0304935945103614,0.0440591859845527,"Nb_vs_rest","Other species higher"
"cltcl1",4.85643333413968,-3.8117019581383,1.87844922387049,0.0305158509444943,0.0440833617916482,"Nb_vs_rest","Other species higher"
"sqlea",4.762039941566,-4.26666854551671,2.14878390279689,0.0305438528148618,0.0441158272330493,"Nb_vs_rest","Other species higher"
"QPRT",16.5104969291398,-3.68896790833935,1.8094848236418,0.0305530280542549,0.0441210937156992,"Nb_vs_rest","Other species higher"
"tm9sf4",3.3691141196444,-3.82772135027662,1.88843064067664,0.0305786472971035,0.0441501004940991,"Nb_vs_rest","Other species higher"
"uhrf1bp1l",3.76904407239693,-3.88977014194141,1.92452888233449,0.0306085436148311,0.044185270992466,"Nb_vs_rest","Other species higher"
"agpat5",2.79783932808833,-4.21524346210313,2.11825496728128,0.0306174528723499,0.0441901381662781,"Nb_vs_rest","Other species higher"
"cdo1",5.67443653115915,-3.87457851259196,1.91595820028866,0.030623689495815,0.0441911468673786,"Nb_vs_rest","Other species higher"
"mrpl32",2.97535227025337,-4.20558554267633,2.11276344525696,0.0306449265615546,0.0442058265539999,"Nb_vs_rest","Other species higher"
"map3k8",5.88282263400156,-3.91840553851436,1.94162231625419,0.03064494141563,0.0442058265539999,"Nb_vs_rest","Other species higher"
"mtmr6",4.25676012766993,-3.99494736346607,1.98654237962212,0.0306560534059945,0.0442126165602584,"Nb_vs_rest","Other species higher"
"nek6",5.25813227123124,2.54192156772509,1.20629996453994,0.030660729328881,0.0442126165602584,"Nb_vs_rest","Nb higher"
"ighmbp2",3.80535212244299,-3.96794987569782,1.97102209414183,0.0306801473480022,0.044228613035667,"Nb_vs_rest","Other species higher"
"aldh3b2",87.9592472526631,-1.67814892596139,0.784777919547552,0.0306829074894051,0.044228613035667,"Nb_vs_rest","Other species higher"
"naa38",258.378518609042,2.14602989825024,1.01120664725962,0.0307574668033246,0.0443280811071935,"Nb_vs_rest","Nb higher"
"spsb1",5.81825564887095,2.47357863027216,1.17335170369474,0.030821780259172,0.0444127494525446,"Nb_vs_rest","Nb higher"
"tcf7",3.87301644834724,-3.84455691296484,1.90148404061961,0.030835780122265,0.0444249007719218,"Nb_vs_rest","Other species higher"
"ints7",4.39679577341258,-3.86072006098509,1.91122332104225,0.0308679109989491,0.0444631642187028,"Nb_vs_rest","Other species higher"
"iqsec3a",3.62781976362348,-4.14815992051773,2.08138461091906,0.0308825488817919,0.0444681956110969,"Nb_vs_rest","Other species higher"
"prickle1a",3.88325925933516,-3.94556962358223,1.96064405677044,0.0308770138132859,0.0444681956110969,"Nb_vs_rest","Other species higher"
"sik3",4.8820129689565,-3.85526736261613,1.90866922147237,0.0309124719964677,0.0445032521255298,"Nb_vs_rest","Other species higher"
"ccnc",9.69742047258342,1.89818887746026,0.891756197582897,0.030926142630355,0.0445149022709656,"Nb_vs_rest","Nb higher"
"arnt",3.85940321973616,-3.86751740644248,1.91634470442522,0.0309577386064405,0.0445523451901524,"Nb_vs_rest","Other species higher"
"kcng3",3.44479609170387,-4.0079289640356,1.99928606471755,0.0310160527097186,0.0446264213806307,"Nb_vs_rest","Other species higher"
"vezt",12.6272553180594,1.93381290117307,0.909511403541343,0.0310203959145813,0.0446264213806307,"Nb_vs_rest","Nb higher"
"rflnb",4.65342640910966,-3.96305154258726,1.97395144826162,0.0310981516594405,0.0447302181402911,"Nb_vs_rest","Other species higher"
"ypel2a",7.24047076363972,3.2199167418168,1.55975579844971,0.0311140680703933,0.0447450465312198,"Nb_vs_rest","Nb higher"
"dera",4.90256899522816,-4.15658191079816,2.09132969226206,0.0312036106844087,0.0448657321192038,"Nb_vs_rest","Other species higher"
"ss18",4.12648684517791,-3.90006099150989,1.93875486485221,0.0312208309136354,0.0448824050965251,"Nb_vs_rest","Other species higher"
"myd88",6.29021280012728,-4.04235457108777,2.02308943054337,0.0312506263367608,0.0449166327130952,"Nb_vs_rest","Other species higher"
"ndufa8",4.96628880221652,-3.83736688445084,1.90286870937056,0.0312558974255411,0.0449166327130952,"Nb_vs_rest","Other species higher"
"selenoi",2.79541857309507,-3.9017741274865,1.94153873082248,0.0313535177724488,0.0450488065941918,"Nb_vs_rest","Other species higher"
"larp6b",6.73690523737016,-4.48214950764093,2.30015395262553,0.0313846633068156,0.0450854389178018,"Nb_vs_rest","Other species higher"
"sh3tc2",5.23836575162538,-3.84754438815084,1.91066667178124,0.031401943404842,0.0450940270596795,"Nb_vs_rest","Other species higher"
"lrtm2a",5.93161924459319,-3.77307819134597,1.86775923276125,0.0313975683382256,0.0450940270596795,"Nb_vs_rest","Other species higher"
"lurap1",12.8296103676187,-3.92355469754384,1.95507178539237,0.0314124878147672,0.0451005222006058,"Nb_vs_rest","Other species higher"
"TMEM65",2.92555280970822,-3.91201790774817,1.94846526355889,0.0314234214831289,0.0451005222006058,"Nb_vs_rest","Other species higher"
"tbc1d5",7.49860834478958,2.73172758748252,1.30827667518041,0.0314214926942644,0.0451005222006058,"Nb_vs_rest","Nb higher"
"kri1",4.26991249726392,-3.7518654001653,1.8564611519484,0.0314625532563394,0.0451485659028212,"Nb_vs_rest","Other species higher"
"rpusd2",3.15158583482765,-3.93476371916357,1.96292455296736,0.0315063507732228,0.0452032864383888,"Nb_vs_rest","Other species higher"
"impad1",3.33469171272009,-3.87468293009486,1.92803678078909,0.0315246435263397,0.0452214012835144,"Nb_vs_rest","Other species higher"
"slc41a1",2.84977417253886,-3.78142197884805,1.8742725413039,0.0315335224438089,0.0452260081059661,"Nb_vs_rest","Other species higher"
"prdm2b",4.36821569717229,-3.9740229787283,1.98654267129354,0.0315404078169591,0.0452265876733527,"Nb_vs_rest","Other species higher"
"si:rp71-79p20.2",2.7111800503025,-3.87149038855525,1.92645247784487,0.0315452615275541,0.0452265876733527,"Nb_vs_rest","Other species higher"
"phtf1",3.18740695467652,-3.77706024674012,1.87260742636083,0.0315991833534701,0.0452957577080458,"Nb_vs_rest","Other species higher"
"diabloa",3.84036757532919,-3.86514334803938,1.92366056692235,0.0316133176310673,0.0453078797945253,"Nb_vs_rest","Other species higher"
"pgrmc1",18.1021028589257,1.86372639314961,0.878947692154255,0.0316450332243771,0.0453451903628172,"Nb_vs_rest","Nb higher"
"rlim",3.71556544880295,-3.66966797988418,1.81295024806079,0.0317189458281193,0.0454429421379519,"Nb_vs_rest","Other species higher"
"pax9",4.64151508594025,-3.75313534534709,1.86083320035146,0.0317520129060085,0.0454821509585259,"Nb_vs_rest","Other species higher"
"erap2",3.69060508473172,-3.94322636654616,1.97143587099262,0.0317655317173526,0.0454933494444497,"Nb_vs_rest","Other species higher"
"neto2b",2.69768998999427,-4.14675535482832,2.09401532708683,0.0317853662412879,0.0455054220677211,"Nb_vs_rest","Other species higher"
"TCF24",18.8454867214762,2.04121767702906,0.96614943665942,0.0317819764514526,0.0455054220677211,"Nb_vs_rest","Nb higher"
"usf1",13.6676204509357,-3.75180003828483,1.86059794864237,0.0317940972539315,0.0455097571455378,"Nb_vs_rest","Other species higher"
"cacna1g",4.10862193570453,-4.08494838759501,2.0571092858763,0.0318354725672806,0.045560809018454,"Nb_vs_rest","Other species higher"
"tfdp1a",4.46917593914945,-3.96847671940906,1.98804165044932,0.0318874278223274,0.0456269811766492,"Nb_vs_rest","Other species higher"
"max",2.28179707499519,-3.93370438653796,1.96898276510326,0.0319988172616091,0.0457781573588455,"Nb_vs_rest","Other species higher"
"urp1",11.4841865670493,5.52590791015083,3.18717312585583,0.032042230395287,0.0458320484951408,"Nb_vs_rest","Nb higher"
"nap1l4a",5.22060417495358,-3.624167955029,1.79123427053153,0.0320485254818174,0.0458328375170077,"Nb_vs_rest","Other species higher"
"plod3",4.33367462813643,-4.22030681416627,2.14363386018681,0.0320613375109794,0.0458426441659574,"Nb_vs_rest","Other species higher"
"VPS26B",3.47652511447132,-3.86538721349505,1.92977462037322,0.0320668721471647,0.0458426441659574,"Nb_vs_rest","Other species higher"
"etnk1",2.70703347667321,-3.93490494752395,1.97161474789698,0.0321410214374479,0.0459404175301513,"Nb_vs_rest","Other species higher"
"klhl43",4.18547443653759,-3.78801983898011,1.88639991727254,0.0321879414063906,0.0459992429124279,"Nb_vs_rest","Other species higher"
"pter",147.670983669401,-1.67262755566526,0.789454191876382,0.0322284784225981,0.046048927092629,"Nb_vs_rest","Other species higher"
"stom",439.470664885721,-5.26283318717071,2.91804795704837,0.0323194819421015,0.0461706884887164,"Nb_vs_rest","Other species higher"
"plekha1b",2.58587687458465,-4.00492083108206,2.01593301398382,0.0323327492464563,0.0461731100548893,"Nb_vs_rest","Other species higher"
"cndp2",8.69475723871654,-3.77830628120712,1.88258645103123,0.0323298913488829,0.0461731100548893,"Nb_vs_rest","Other species higher"
"DGKD",8.64315023941865,-3.86547092142106,1.93363383483286,0.0323574728146966,0.0462001490537268,"Nb_vs_rest","Other species higher"
"src",3.17403314846847,-4.06558421125966,2.05328040316187,0.0323863749025048,0.0462248742124823,"Nb_vs_rest","Other species higher"
"ier3ip1",9.91911787423638,-3.69188018428534,1.83366770401458,0.0323852539750658,0.0462248742124823,"Nb_vs_rest","Other species higher"
"cxxc5b",5.7204339788248,-3.84560893966894,1.92259100479079,0.0324015238943962,0.0462382261583122,"Nb_vs_rest","Other species higher"
"CMKLR1",4.80699302449328,-3.77486439300849,1.88166757970997,0.0324146910298258,0.0462487456495637,"Nb_vs_rest","Other species higher"
"mos",10.756248572616,-3.7070075304346,1.84339499719459,0.0324741730618012,0.0463253308961697,"Nb_vs_rest","Other species higher"
"ahcy",4.9212978612407,-3.80125199934708,1.89844365638133,0.0325326619588879,0.0464004722845265,"Nb_vs_rest","Other species higher"
"neurl1aa",3.08545744309013,-4.01921941187015,2.02789912724709,0.032574843307426,0.0464194600155575,"Nb_vs_rest","Other species higher"
"fgf18a",2.46686214614552,-3.89089256388571,1.95142993986757,0.0325750596600404,0.0464194600155575,"Nb_vs_rest","Other species higher"
"tulp4b",7.0977547087895,-3.87187817200022,1.94001387486973,0.0325577117842506,0.0464194600155575,"Nb_vs_rest","Other species higher"
"ccdc191",10.0470488227285,-3.82782103500669,1.91424357763573,0.0325590713939236,0.0464194600155575,"Nb_vs_rest","Other species higher"
"agap3",4.98656249336458,-3.67963678688985,1.82892466253409,0.0325700472375507,0.0464194600155575,"Nb_vs_rest","Other species higher"
"znf280d",2.76231518808796,-3.96522907444887,1.99694426064471,0.0326797297485202,0.0465436807769394,"Nb_vs_rest","Other species higher"
"zmat5",4.05805352749554,-3.82888083092739,1.91626288501612,0.0326680821206029,0.0465436807769394,"Nb_vs_rest","Other species higher"
"prox3",2.69713112226386,-3.66379773033109,1.82115793440595,0.0326748584922043,0.0465436807769394,"Nb_vs_rest","Other species higher"
"tmem54b",709.409286809414,-2.38868892589893,1.14425174202774,0.0327023430256501,0.0465675762570821,"Nb_vs_rest","Other species higher"
"cnksr2b",4.01014278093539,-3.72470748525428,1.8565734821686,0.032721037919051,0.04658588449492,"Nb_vs_rest","Other species higher"
"iah1",9.08179292591401,-3.68771436478347,1.83574273387013,0.0327523936350707,0.0466222085636575,"Nb_vs_rest","Other species higher"
"pvalb4",16.7660608835665,5.4973573020272,3.1843639993737,0.032867840964608,0.0467782006237866,"Nb_vs_rest","Nb higher"
"nupr1a",4.93520850909517,-3.76928850366071,1.88558845364882,0.0329848720498077,0.0469363906842842,"Nb_vs_rest","Other species higher"
"acaca",5.42294614026411,-3.66063576910945,1.8232095877077,0.0329972403823455,0.0469456192282256,"Nb_vs_rest","Other species higher"
"praf2",3.22336723754281,-3.80491123413951,1.90693179102578,0.0330336604819192,0.0469806827028543,"Nb_vs_rest","Other species higher"
"cilp2",9.81592788976413,2.27269880688881,1.08832603431924,0.0330321473258737,0.0469806827028543,"Nb_vs_rest","Nb higher"
"c1galt1a",49.0349596668788,2.11332427103566,1.0092406548989,0.0330669506312709,0.0470196482604315,"Nb_vs_rest","Nb higher"
"pcsk7",3.64992378656314,-4.13748091936189,2.10783334982737,0.0331112695822657,0.0470551487115891,"Nb_vs_rest","Other species higher"
"prorp",3.83044100920447,-4.07921597934819,2.07214679570085,0.0331272964237729,0.0470551487115891,"Nb_vs_rest","Other species higher"
"si:dkey-156n14.3",3.75177627766591,-3.99886300546807,2.02301302632064,0.0331088564341955,0.0470551487115891,"Nb_vs_rest","Other species higher"
"ehd4",3.8448851061931,-3.94460461621609,1.99049060465637,0.0331142535911562,0.0470551487115891,"Nb_vs_rest","Other species higher"
"adgrl4",5.42629992930875,-3.92061745246042,1.97634960254686,0.0331270799626613,0.0470551487115891,"Nb_vs_rest","Other species higher"
"acvr2bb",4.20474075735149,-3.85434692253121,1.93703180822694,0.0331211272323102,0.0470551487115891,"Nb_vs_rest","Other species higher"
"rbm26",3.61372779756451,-3.8043891314103,1.90840465196764,0.0331741606708401,0.0471133301571995,"Nb_vs_rest","Other species higher"
"myo1ha",44.6197489630817,2.1342242480044,1.02052705264615,0.0332208466742523,0.0471712378043654,"Nb_vs_rest","Nb higher"
"fbxo18",6.54790729707423,2.90432939494878,1.41284120281908,0.0332276166342592,0.0471724569901064,"Nb_vs_rest","Nb higher"
"tardbpl",2.96248294692109,-3.80866522000973,1.91166492169123,0.0332342305163619,0.0471734542014529,"Nb_vs_rest","Other species higher"
"kifbp",4.97475899236323,-3.75015283818138,1.87793136070982,0.0332622007908445,0.0472042056316756,"Nb_vs_rest","Other species higher"
"vta1",4.26761940806535,-3.7041219889754,1.85143108704795,0.0332705763516269,0.0472042056316756,"Nb_vs_rest","Other species higher"
"ei24",4.7225661254308,3.40432795805208,1.68234362455144,0.0332736411877412,0.0472042056316756,"Nb_vs_rest","Nb higher"
"map4k3b",3.52352589900508,2.97269927662937,1.44983257084871,0.0333402144704681,0.047290243774322,"Nb_vs_rest","Nb higher"
"eny2",3.15949359659557,-3.78590229879758,1.90024687895853,0.0333840589195869,0.0473419949052845,"Nb_vs_rest","Other species higher"
"scamp3",4.39892160584199,-3.74473278136485,1.87634473996191,0.0333885648279375,0.0473419949052845,"Nb_vs_rest","Other species higher"
"ptprk",10.2854682111212,1.94000427691887,0.925583771601917,0.033399813306727,0.0473495310335196,"Nb_vs_rest","Nb higher"
"arl6",6.51444726809697,-3.88124910163845,1.95692220848686,0.0334288257766166,0.0473822432855063,"Nb_vs_rest","Other species higher"
"ST8SIA3",8.32576475783944,-4.14783840425134,2.12095464439143,0.0335684105538734,0.0475680382350339,"Nb_vs_rest","Other species higher"
"serinc2l",4.23845431308305,-3.89938680904116,1.96957316510117,0.0335718284886856,0.0475680382350339,"Nb_vs_rest","Other species higher"
"gal3st4",4.1371738711878,-3.95865744265984,2.00522170471809,0.0335831781720581,0.047575672255108,"Nb_vs_rest","Other species higher"
"ctdsplb",17.2799586162939,-3.82324267993311,1.92475879985847,0.0335925748407951,0.0475805373144382,"Nb_vs_rest","Other species higher"
"tram1",3.48956533431651,-3.7916417907623,1.90675601418269,0.033636043495938,0.0476336516588439,"Nb_vs_rest","Other species higher"
"ppfia4",15.213867487321,-3.98726186768443,2.02363546962035,0.0336675039149404,0.0476697447198766,"Nb_vs_rest","Other species higher"
"hs2st1b",3.31717179212684,-4.0740031711798,2.0769478604542,0.0336919022526533,0.0476884576587033,"Nb_vs_rest","Other species higher"
"bsdc1",4.09280140388713,-3.81888588142868,1.92346293488318,0.0336926722155099,0.0476884576587033,"Nb_vs_rest","Other species higher"
"map3k3",4.57059268645166,-4.13080512487805,2.1129907139652,0.0337514347952111,0.047763158302143,"Nb_vs_rest","Other species higher"
"asah1b",7.43418338060677,-3.74495075426964,1.88110048200459,0.0337656873413339,0.0477748554935894,"Nb_vs_rest","Other species higher"
"mboat1",3.24947888759175,-3.80638750406779,1.91731767919868,0.0337883266985247,0.0477899409879878,"Nb_vs_rest","Other species higher"
"crebrf",8.99705160741907,2.1767608688775,1.04514728731566,0.0337882346792866,0.0477899409879878,"Nb_vs_rest","Nb higher"
"cd302",5.40580729965565,-4.0867434172518,2.08677688333123,0.0338309181124103,0.0478364256873665,"Nb_vs_rest","Other species higher"
"grtp1a",3.07463177870586,-3.79708424345244,1.91241430382139,0.0338331812756261,0.0478364256873665,"Nb_vs_rest","Other species higher"
"dym",3.14618962204275,-3.68425496180587,1.84740158355295,0.0338886705292054,0.0478979083994083,"Nb_vs_rest","Other species higher"
"lmo4b",4.81884180222848,-3.54387685454278,1.76709952710973,0.0338830368060333,0.0478979083994083,"Nb_vs_rest","Other species higher"
"snx6",4.30276159032306,-3.94706970954676,2.0024558969831,0.0338979611591883,0.0479025553480295,"Nb_vs_rest","Other species higher"
"ttyh2",4.87360501884603,-3.95924951660445,2.01072171225303,0.0339664469208682,0.0479829568510268,"Nb_vs_rest","Other species higher"
"efna1b",3.42196173818689,2.72728277310709,1.32653897507127,0.0339668826129637,0.0479829568510268,"Nb_vs_rest","Nb higher"
"poli",3.85541965484366,-3.92752433150489,1.99210118046473,0.0340042029603914,0.0480271751546766,"Nb_vs_rest","Other species higher"
"cd9b",81.8087402444706,-1.75848220092522,0.840005529577398,0.0340874989448884,0.0481363018191841,"Nb_vs_rest","Other species higher"
"rab6a",3.14707769775116,-3.77622918788416,1.90349643734096,0.0341002590266997,0.0481458009612639,"Nb_vs_rest","Other species higher"
"ilf3b",3.2672256978864,-3.8069186755876,1.92214429454207,0.034148092982839,0.0482048084208482,"Nb_vs_rest","Other species higher"
"cxcr3.3",2.61556888260097,-4.0474696197371,2.06830552452794,0.0342419651379893,0.0483262243241205,"Nb_vs_rest","Other species higher"
"gfpt2",2.91908614494422,-3.90416271320984,1.98124600679297,0.0342462153575065,0.0483262243241205,"Nb_vs_rest","Other species higher"
"samsn1a",4.82425558303153,-3.86702550291526,1.95911613822112,0.0342527600480182,0.0483269139291346,"Nb_vs_rest","Other species higher"
"en2a",5.39873438509768,-4.00520352968579,2.04292806872535,0.0342828205622296,0.0483607756914606,"Nb_vs_rest","Other species higher"
"kctd13",3.41428948650557,-3.64420889938261,1.82932624310166,0.0343141820838265,0.048396460415153,"Nb_vs_rest","Other species higher"
"inpp5d",10.1178988532691,-4.17107116002102,2.14687305919769,0.0343419391187249,0.0484270496850017,"Nb_vs_rest","Other species higher"
"arrdc2",13.3634629994346,1.94009506869054,0.931123075251821,0.0344240238371789,0.0485342244206162,"Nb_vs_rest","Nb higher"
"sumf1",62.9199241532237,-3.70620956697855,1.86758169246715,0.0345125146972909,0.0486503916771562,"Nb_vs_rest","Other species higher"
"dop1a",2.70668309470212,-4.0747107798364,2.08913297864978,0.0345269830398916,0.0486621908615922,"Nb_vs_rest","Other species higher"
"kif3a",3.83071521098911,-3.76140480095567,1.90069743991819,0.0345804898048809,0.0487289967584231,"Nb_vs_rest","Other species higher"
"spsb3a",5.76922591304783,-3.9556606684685,2.01795445210691,0.0346718518705652,0.0488491133345887,"Nb_vs_rest","Other species higher"
"rab3db",2.46010472241355,-4.08406668566567,2.09760785497006,0.034716000455113,0.0488854214984652,"Nb_vs_rest","Other species higher"
"rhobtb2a",5.53724872041052,-3.86784886372561,1.96543500845789,0.0347076747556855,0.0488854214984652,"Nb_vs_rest","Other species higher"
"pou6f2",10.4128630743039,-3.63659191436725,1.8295677150466,0.0347127201191367,0.0488854214984652,"Nb_vs_rest","Other species higher"
"camsap2a",4.14175058586602,-3.9945132387058,2.04264299510759,0.0347443487144926,0.0488994537463229,"Nb_vs_rest","Other species higher"
"opa1",3.57334727823014,-3.75620308287103,1.89956423488083,0.0347382105160429,0.0488994537463229,"Nb_vs_rest","Other species higher"
"ndufab1b",154.250701512844,1.70373932031369,0.816252885471976,0.0347411578816092,0.0488994537463229,"Nb_vs_rest","Nb higher"
"lancl1",6.68457660723204,-3.84967766158331,1.95540193494348,0.0347733295430915,0.0489316116652918,"Nb_vs_rest","Other species higher"
"tmem178b",5.20393949593294,-4.37320546443881,2.28475738877147,0.0347802505028278,0.0489327219697754,"Nb_vs_rest","Other species higher"
"apodb",5.64516081911478,-4.00830395531996,2.05178451308511,0.0347943056784769,0.04894386732139,"Nb_vs_rest","Other species higher"
"otud6b",3.42471156539649,-3.59608672182322,1.80760129530464,0.0348315739865137,0.0489876560472998,"Nb_vs_rest","Other species higher"
"si:dkey-167k11.5",4.30613882759665,-3.94417098101226,2.01328291965205,0.034846611471584,0.0490001690825094,"Nb_vs_rest","Other species higher"
"eaf2",3.3380269247678,-4.13626071938376,2.1324622325022,0.0348645902803729,0.0490157286742321,"Nb_vs_rest","Other species higher"
"stat5a",2.8524231868053,-4.07666557842908,2.09515099425267,0.0348699613638616,0.0490157286742321,"Nb_vs_rest","Other species higher"
"asb3",20.9300044980003,2.0958731196706,1.01151469070009,0.0349368784992644,0.0491011430827985,"Nb_vs_rest","Nb higher"
"mgat2",2.96181716027299,-4.17446743758424,2.15804698679203,0.0349582587197625,0.0491225399865653,"Nb_vs_rest","Other species higher"
"pex3",10.7651007372981,-3.67178547640667,1.85342989031481,0.0350098928716494,0.0491864339992539,"Nb_vs_rest","Other species higher"
"osbpl1a",10.9936773013459,-3.69233199956415,1.86570070911717,0.0350349902384485,0.0492130297663825,"Nb_vs_rest","Other species higher"
"plcg2",15.2788473749146,2.47982580122624,1.20703487731615,0.0350803182476485,0.0492680287955358,"Nb_vs_rest","Nb higher"
"olig2",3.59856974578891,-4.23203759847381,2.19860435456228,0.0352015757463204,0.0494296277416219,"Nb_vs_rest","Other species higher"
"myrip",3.80956321224097,-3.88598585354207,1.98376291777062,0.0352875652290055,0.0495416556170767,"Nb_vs_rest","Other species higher"
"cxxc1b",4.27464854409107,-3.78509909825258,1.9238279340084,0.0353261741283527,0.0495871362434924,"Nb_vs_rest","Other species higher"
"akt1",3.26070578904164,-4.00978191257556,2.06014158220391,0.035343997829263,0.0496034299468024,"Nb_vs_rest","Other species higher"
"papolg",3.45569873068604,-3.75590549397654,1.90685578331022,0.0353530838104132,0.0496074571491291,"Nb_vs_rest","Other species higher"
"egfl6",4.24536678347296,-4.21041937124503,2.18711124166101,0.0353676863637998,0.0496192224302255,"Nb_vs_rest","Other species higher"
"sec14l7",3.9214364666221,-3.88573167992408,1.9852181001441,0.0354132370561061,0.0496718030769651,"Nb_vs_rest","Other species higher"
"bmp1a",18.4990472752786,2.56216107312262,1.25188696783578,0.035417613973425,0.0496718030769651,"Nb_vs_rest","Nb higher"
"htatsf1",4.40808170965436,-3.76265632480008,1.91229714739038,0.0354723929707528,0.0497398868224578,"Nb_vs_rest","Other species higher"
"rnf151",17.1163974007108,-3.82959461281967,1.95228855934689,0.0354811937981615,0.0497434867374084,"Nb_vs_rest","Other species higher"
"erc2",4.23885514463486,-3.91956794260665,2.00754575414704,0.0355525180276632,0.049834725779159,"Nb_vs_rest","Other species higher"
"tmem167a",5.30062143179723,-3.94544043820449,2.02393277694583,0.0355975872352113,0.0498891370103593,"Nb_vs_rest","Other species higher"
