"gene_name","baseMean","log2FoldChange","lfcSE","pvalue","padj","comparison","sig"
"gabpa",4556.74434857647,-10.5512714096952,0.786859095037841,2.9908696446887e-43,2.18901749294766e-39,"Ab_vs_Pn","Pn higher"
"gpr174",13531.9455067514,-11.5433666267568,0.868815357823813,3.00581525258907e-40,1.09997809168497e-36,"Ab_vs_Pn","Pn higher"
"gnai3",10500.9318888682,14.3671225974273,1.31346744268666,1.23397576608823e-28,3.01048954399993e-25,"Ab_vs_Pn","Ab higher"
"pcsk2",11922.9504838158,15.0257435143694,1.39816008661279,2.6698928753985e-27,4.88523648876041e-24,"Ab_vs_Pn","Ab higher"
"map2k1",18136.6340498687,14.6523740814956,1.36772886734542,3.79268080289678e-27,5.55172615928031e-24,"Ab_vs_Pn","Ab higher"
"slc25a12",970.028593147535,-8.12669850773986,0.786315557824668,1.01207346429849e-26,1.23456094753344e-23,"Ab_vs_Pn","Pn higher"
"fkbp3",26842.6966418248,-19.854387542088,4.16223913007658,8.79297062977824e-24,9.19367886276384e-21,"Ab_vs_Pn","Pn higher"
"ppt1",2647.4206894721,-9.78540623908327,1.00826750593636,1.14010929683577e-23,9.98870205204129e-21,"Ab_vs_Pn","Pn higher"
"higd2a",608.242902177177,-8.68141298631639,0.875781427538673,1.22828690351649e-23,9.98870205204129e-21,"Ab_vs_Pn","Pn higher"
"atg13",520.738743093468,9.96225314310437,1.02629528012212,5.89836511038986e-23,4.31701342429434e-20,"Ab_vs_Pn","Ab higher"
"znf710a",1606.53267511268,-9.62736895159207,1.0085094470014,2.89020280652117e-22,1.92303584917531e-19,"Ab_vs_Pn","Pn higher"
"rbm25b",341.710190900264,7.41368353235466,0.820217355548519,1.91508151869059e-20,1.1680401362747e-17,"Ab_vs_Pn","Ab higher"
"eya4",696.417558088285,10.8511436402454,1.20048219253964,2.4924284043791e-20,1.40323719166544e-17,"Ab_vs_Pn","Ab higher"
"gltpd2",1120.20899114213,-8.34741587316182,0.960388524681951,7.25284431111219e-20,3.79168339378787e-17,"Ab_vs_Pn","Pn higher"
"prpf31",533.83540345809,-9.67808949208096,1.09235619357886,7.95803189267191e-20,3.88298902816438e-17,"Ab_vs_Pn","Pn higher"
"pcyt1aa",3221.97152896052,-17.3156777354448,3.9050136953771,1.29614638361183e-19,5.61170015354934e-17,"Ab_vs_Pn","Pn higher"
"sh3d19",3686.37154059444,13.1570744059279,1.4817242751845,1.38011480754048e-19,5.61170015354934e-17,"Ab_vs_Pn","Ab higher"
"COG5",1015.57543217589,7.99839260529268,0.911087706040199,1.35028444970637e-19,5.61170015354934e-17,"Ab_vs_Pn","Ab higher"
"PIP4K2B",674.844798657937,-9.12758954504116,1.03791506489163,1.85944746226426e-19,7.16278735595374e-17,"Ab_vs_Pn","Pn higher"
"rhot2",1927.64462480238,-16.0885087526675,3.71069720133474,2.01100211254939e-19,7.35926223087449e-17,"Ab_vs_Pn","Pn higher"
"cdkl5",1058.70123051588,11.2808788364211,1.28103143905246,2.50606778082363e-19,8.41425758197682e-17,"Ab_vs_Pn","Ab higher"
"KDM7A",727.433582358287,-6.9243212428688,0.800222596438143,2.52922075151647e-19,8.41425758197682e-17,"Ab_vs_Pn","Pn higher"
"nfe2l2a",712.278643080797,-5.6348586811137,0.651774914639465,2.65629203292357e-19,8.4527832125946e-17,"Ab_vs_Pn","Pn higher"
"usp4",2038.24961450657,-8.32057106663953,0.996301729490122,6.4806463442016e-19,1.97632710805048e-16,"Ab_vs_Pn","Pn higher"
"irak4",395.89008875881,9.88539538742473,1.14752769742559,8.23376504904968e-19,2.41051705575978e-16,"Ab_vs_Pn","Ab higher"
"rabepk",849.889818825411,6.97036534949624,0.81562425504314,1.54823053643146e-18,4.29118393347039e-16,"Ab_vs_Pn","Ab higher"
"DCTN6",557.04313198817,-6.52687459006948,0.77684736766858,1.5830300068821e-18,4.29118393347039e-16,"Ab_vs_Pn","Pn higher"
"cttnbp2nlb",623.311708666293,10.1281560375352,1.17677150301439,1.70717012653278e-18,4.46242077003337e-16,"Ab_vs_Pn","Ab higher"
"psma6l",321.388730018156,9.5025416835751,1.13056112596241,6.12090130881443e-18,1.54478885100734e-15,"Ab_vs_Pn","Ab higher"
"hspa12b",958.398395830181,-7.73248774179304,0.946537454122022,7.22706577941678e-18,1.76316314798505e-15,"Ab_vs_Pn","Pn higher"
"dkk3a",954.257084794633,-7.76884589612236,0.970817328065789,1.7579160825174e-17,4.15038316385317e-15,"Ab_vs_Pn","Pn higher"
"tab3",983.434587782237,-8.1801051953176,1.00100128190493,1.83354492699551e-17,4.19366103771255e-15,"Ab_vs_Pn","Pn higher"
"kansl1a",776.151394143987,8.84999978490404,1.07516617627739,2.77768901184446e-17,6.16057753869383e-15,"Ab_vs_Pn","Ab higher"
"TMEM43",1588.8657439372,-8.30413418651934,1.05562806114297,3.30143894198927e-17,7.10683282835866e-15,"Ab_vs_Pn","Pn higher"
"tlk2",769.870680853145,-14.8177892955856,3.57367815348123,3.5565718680957e-17,7.43729985788356e-15,"Ab_vs_Pn","Pn higher"
"zrsr2",621.979861259918,9.13368012319859,1.10918907741976,3.74155654636117e-17,7.60679232300482e-15,"Ab_vs_Pn","Ab higher"
"COMTD1",2869.27133326553,-7.43925240461151,0.94116449817242,4.47893208789197e-17,8.85981187872468e-15,"Ab_vs_Pn","Pn higher"
"gla",3537.85801222387,-10.5461529320355,1.32698594594187,4.66021109370117e-17,8.97581184073655e-15,"Ab_vs_Pn","Pn higher"
"tmem54b",709.409286809414,10.9254539420398,1.33565387386892,7.17445677289432e-17,1.34640638771317e-14,"Ab_vs_Pn","Ab higher"
"mrps30",361.046609249456,-6.71657005697402,0.835797710330466,9.8634175636196e-17,1.8047588287033e-14,"Ab_vs_Pn","Pn higher"
"mrps25",828.808376724854,-14.3451173196471,3.51117059542314,1.31612519340151e-16,2.34828712904602e-14,"Ab_vs_Pn","Pn higher"
"thoc1",318.36418446165,-7.84166214019655,0.979276967244228,1.34756195409117e-16,2.34828712904602e-14,"Ab_vs_Pn","Pn higher"
"golga2",164.059497821926,6.97557979836691,0.871810848858666,1.4375819106083e-16,2.44689814040516e-14,"Ab_vs_Pn","Ab higher"
"fhl1a",784.105374681845,7.90491484283536,0.992806610327887,1.73235203441543e-16,2.88161012270149e-14,"Ab_vs_Pn","Ab higher"
"msto1",697.416909599747,12.3324241162192,1.52374376582316,2.17453258383794e-16,3.53675644024665e-14,"Ab_vs_Pn","Ab higher"
"vars1",371.147150281097,-5.87221734479991,0.74968190260543,2.26384446610644e-16,3.60197340161587e-14,"Ab_vs_Pn","Pn higher"
"slc20a1b",1666.31888335936,-6.59539572586263,0.863043030156701,2.62702999081804e-16,4.09090053251004e-14,"Ab_vs_Pn","Pn higher"
"hspa8b",624.603603042245,9.44529686981149,1.19093503786063,3.15189989463208e-16,4.80599069350253e-14,"Ab_vs_Pn","Ab higher"
"hes6",193.534523574188,13.601382524174,3.03523913185646,7.42641765555793e-16,1.08707901642057e-13,"Ab_vs_Pn","Ab higher"
"rftn2",585.596961442063,12.0988805471312,1.521397840323,7.34431166392795e-16,1.08707901642057e-13,"Ab_vs_Pn","Ab higher"
"rapgef1b",457.905829490243,-6.64196196609096,0.88579333431982,7.69066859448247e-16,1.10368634201994e-13,"Ab_vs_Pn","Pn higher"
"wdr74",262.146137463015,-7.56907829245963,0.972038992446572,8.05222692499517e-16,1.13335093969307e-13,"Ab_vs_Pn","Pn higher"
"ascc2",487.434034432552,-6.12135197136561,0.799710819138503,9.14141866524188e-16,1.26237817379067e-13,"Ab_vs_Pn","Pn higher"
"pdcd11",1103.08491694035,-7.60412080527751,0.976920528087514,1.02398838478086e-15,1.38788351633539e-13,"Ab_vs_Pn","Pn higher"
"aspdh",328.639101622351,-7.54068448246051,0.973724315769334,1.12017617501751e-15,1.49064898635512e-13,"Ab_vs_Pn","Pn higher"
"atp6v0cb",541.238622338789,-13.6801152734981,3.42983969416975,1.26152130517704e-15,1.64876329153406e-13,"Ab_vs_Pn","Pn higher"
"cnot3a",267.815555039197,7.43071422595772,0.965370811087677,1.56365284338936e-15,1.98458595095204e-13,"Ab_vs_Pn","Ab higher"
"enosf1",600.658075299304,6.79266803598393,0.879114198904071,1.57270098586171e-15,1.98458595095204e-13,"Ab_vs_Pn","Ab higher"
"LLGL1",317.778479085241,7.1611810936969,0.928998806428618,1.77439499297901e-15,2.20115202603617e-13,"Ab_vs_Pn","Ab higher"
"mrpl9",663.804548927021,-14.0721885981921,3.51047246145369,1.81708570781244e-15,2.21654171591321e-13,"Ab_vs_Pn","Pn higher"
"cdk2ap2",372.82309453473,9.37957042445883,1.2205041323145,2.81964345530233e-15,3.38310990973078e-13,"Ab_vs_Pn","Ab higher"
"klhl18",1005.45692811362,8.72383977254815,1.13773739260436,3.04787212320049e-15,3.59796388221039e-13,"Ab_vs_Pn","Ab higher"
"ccdc51",1180.12945099997,-15.2863338311811,3.74918228258683,3.38531493242643e-15,3.90808583762406e-13,"Ab_vs_Pn","Pn higher"
"g6pc3",184.240101988138,13.6026535402168,3.13949681193323,3.41737250454898e-15,3.90808583762406e-13,"Ab_vs_Pn","Ab higher"
"ncln",574.296922814683,10.57059959979,1.37860878507452,3.69957165281056e-15,4.16571768106469e-13,"Ab_vs_Pn","Ab higher"
"znf526",250.053096103107,8.15606040135286,1.07505159800531,4.76059083782668e-15,5.27920671849295e-13,"Ab_vs_Pn","Ab higher"
"rida",1599.32072703384,-15.3987241715082,3.77173413394887,7.48664214202133e-15,8.17581928469008e-13,"Ab_vs_Pn","Pn higher"
"katnb1",409.673679578121,8.93094983692486,1.18650912282557,7.59606109248429e-15,8.17581928469008e-13,"Ab_vs_Pn","Ab higher"
"csrp2",618.673666234248,10.2337961388183,1.35981766046234,8.35266423157789e-15,8.85987674071283e-13,"Ab_vs_Pn","Ab higher"
"cog4",1089.3842420513,-8.33365733600544,1.14484050800526,1.14557298330169e-14,1.19777838068359e-12,"Ab_vs_Pn","Pn higher"
"dnajb12b",1030.03201267703,14.0283773314527,3.09326618656779,1.1777257727985e-14,1.21405280719891e-12,"Ab_vs_Pn","Ab higher"
"zwilch",8234.15736212946,9.05813983296546,1.20721355646862,1.28736847268371e-14,1.30864581271834e-12,"Ab_vs_Pn","Ab higher"
"fam113",222.652798007794,-5.82574730838513,0.804854036038409,1.33594781524396e-14,1.3394249396946e-12,"Ab_vs_Pn","Pn higher"
"prdx2",792.500026596281,-14.4431229677769,3.62357415456086,1.36073768569166e-14,1.34584312453747e-12,"Ab_vs_Pn","Pn higher"
"mief1",1017.61689888655,-15.4003586688284,3.809662937934,1.5593447582247e-14,1.52171257139288e-12,"Ab_vs_Pn","Pn higher"
"sult1st6",392.713474840434,9.29365400690129,1.25703005628107,2.31531486265269e-14,2.22970914207303e-12,"Ab_vs_Pn","Ab higher"
"ppp4r3b",469.442503968382,-14.2556605832926,3.61057908007883,2.41130818145454e-14,2.29199540000855e-12,"Ab_vs_Pn","Pn higher"
"hgd",934.957598877491,-14.5487712877738,3.65939825487259,2.56419136492622e-14,2.40606623075577e-12,"Ab_vs_Pn","Pn higher"
"cilp",460.481110877757,-7.81024160939415,1.07618328487081,2.66403633952497e-14,2.46811164164345e-12,"Ab_vs_Pn","Pn higher"
"C18orf25",198.697609465031,7.46654958735068,1.01802460633078,2.90855678553046e-14,2.66096588916218e-12,"Ab_vs_Pn","Ab higher"
"GOT1",886.569267199052,-7.49300036289502,1.04047942945878,3.72509621909984e-14,3.36592336143108e-12,"Ab_vs_Pn","Pn higher"
"dnajc15",329.401968208987,13.0656508247721,2.85783115024963,3.86591835707361e-14,3.45056786041728e-12,"Ab_vs_Pn","Ab higher"
"fbxl15",442.706400542602,-14.1081327455662,3.58688142029022,3.9432662537766e-14,3.47720068811939e-12,"Ab_vs_Pn","Pn higher"
"mpg",129.967305935461,13.0558363304602,3.12213523676866,4.15555850391821e-14,3.62077770121159e-12,"Ab_vs_Pn","Ab higher"
"exosc5",985.77973246327,-7.98351291007908,1.11450317110189,4.5605969976519e-14,3.92694228538991e-12,"Ab_vs_Pn","Pn higher"
"slc37a4a",355.536688967495,-13.2417796572163,3.3907927576636,4.61676557058988e-14,3.92908223385434e-12,"Ab_vs_Pn","Pn higher"
"prdx3",283.175231193298,6.98815927366463,0.961703449278165,5.01871369841195e-14,4.22206500674449e-12,"Ab_vs_Pn","Ab higher"
"thrb",649.06552493464,-13.655665388429,3.50738226870459,5.70348621248474e-14,4.74361540786089e-12,"Ab_vs_Pn","Pn higher"
"nck1b",334.84902703596,7.24982501431885,0.999545184888104,5.81494719796588e-14,4.7819773642598e-12,"Ab_vs_Pn","Ab higher"
"mrpl47",594.175885419009,-13.5070299515891,3.48033770244153,6.44248811382046e-14,5.23917450056133e-12,"Ab_vs_Pn","Pn higher"
"si:dkey-183j2.10",801.676083338461,10.8667061479621,1.50508351564416,6.58446811953549e-14,5.29579364471212e-12,"Ab_vs_Pn","Ab higher"
"aldh3b1",303.468823602252,-13.0117825879295,3.38605102749035,7.14668933268951e-14,5.68550208977767e-12,"Ab_vs_Pn","Pn higher"
"mrpl30",362.162974380729,8.71331962698113,1.20288014357373,7.30758999508323e-14,5.68981395468235e-12,"Ab_vs_Pn","Ab higher"
"brms1lb",248.341195098853,7.53481292850452,1.04385425302148,7.24462576979508e-14,5.68981395468235e-12,"Ab_vs_Pn","Ab higher"
"ttc3",167.26098339911,8.1436609186324,1.13311466821483,8.82250946127566e-14,6.79704702600806e-12,"Ab_vs_Pn","Ab higher"
"b9d1",164.255534404209,13.4689694670899,3.23163961631719,1.04120491183561e-13,7.93810286429668e-12,"Ab_vs_Pn","Ab higher"
"casc1",348.571025566046,7.75460622547537,1.08982580223535,1.32160424176543e-13,9.9719808716301e-12,"Ab_vs_Pn","Ab higher"
"cinp",359.136976325801,-5.72758311989453,0.828358830636178,1.36367944692668e-13,1.01844590531188e-11,"Ab_vs_Pn","Pn higher"
"ap1g2",326.357208730893,10.8045434161615,1.60781031277163,1.42237003559296e-13,1.05154811015201e-11,"Ab_vs_Pn","Ab higher"
"capza1b",365.120307026028,-13.6337894363678,3.52678450290893,1.4686174959786e-13,1.07316266482615e-11,"Ab_vs_Pn","Pn higher"
"prmt7",636.439457024128,6.79280091931558,0.958073538591887,1.48093221953055e-13,1.07316266482615e-11,"Ab_vs_Pn","Ab higher"
"nxt2",132.019874977542,10.5447100451552,1.56929953183832,1.50745151599912e-13,1.08167035741153e-11,"Ab_vs_Pn","Ab higher"
"nemp1",341.028245747861,-9.1159402296097,1.32077115084163,1.60467996029188e-13,1.14025753683265e-11,"Ab_vs_Pn","Pn higher"
"jazf1a",389.634130408232,7.76480921585242,1.09905958762292,1.65235958503939e-13,1.16284805797147e-11,"Ab_vs_Pn","Ab higher"
"rbsn",262.559776044598,-12.6980720402216,3.34235181418307,1.70341550105595e-13,1.18736171925985e-11,"Ab_vs_Pn","Pn higher"
"abcf2a",262.61842998054,7.12254826258164,1.00629181822359,1.79547353615212e-13,1.23972366142428e-11,"Ab_vs_Pn","Ab higher"
"naa20",302.753125835358,-13.0973543386363,3.42854553845116,2.02293115186981e-13,1.37091047227177e-11,"Ab_vs_Pn","Pn higher"
"C6orf62",243.220503045973,-12.6232444971151,3.3298177963976,2.02023647317835e-13,1.37091047227177e-11,"Ab_vs_Pn","Pn higher"
"myot",123.706131022479,12.4765866343722,2.99706488195088,2.07114351699003e-13,1.39070636705046e-11,"Ab_vs_Pn","Ab higher"
"ckmt2a",977.096284205446,-7.48288178632518,1.09203858810947,2.10035396789996e-13,1.39749915373271e-11,"Ab_vs_Pn","Pn higher"
"reep1",318.816931347581,-13.014565001407,3.41334962081413,2.21836358411768e-13,1.46272099749165e-11,"Ab_vs_Pn","Pn higher"
"mxd3",404.958419181506,-13.5942265428852,3.53728138078911,2.3961916075071e-13,1.56586842637004e-11,"Ab_vs_Pn","Pn higher"
"cry1a",281.669732880294,-12.9131690980289,3.3961081592512,2.53521944042897e-13,1.64205938800882e-11,"Ab_vs_Pn","Pn higher"
"srpra",567.577862132543,-6.75906491215059,0.976515471082113,2.55871639893708e-13,1.64274081787899e-11,"Ab_vs_Pn","Pn higher"
"paqr4b",179.580981886917,10.2111644740065,1.42426776191909,2.75503766177563e-13,1.75340179535094e-11,"Ab_vs_Pn","Ab higher"
"mars1",770.38659435403,-14.28665196219,3.67645687060882,2.942193139459e-13,1.85637168859486e-11,"Ab_vs_Pn","Pn higher"
"pmvk",1035.29279727773,-7.78656895206699,1.15135485392079,3.20109106913468e-13,2.00246030213647e-11,"Ab_vs_Pn","Pn higher"
"dgcr8",149.878021622317,-6.34696225922,0.928092169973921,3.66756161534065e-13,2.27482063243036e-11,"Ab_vs_Pn","Pn higher"
"cyfip1",163.009810516973,-5.20054640720003,0.766268166315621,3.96397504400266e-13,2.43801120563491e-11,"Ab_vs_Pn","Pn higher"
"tmem266",93.8276479211777,12.5712159619179,3.13430399446171,4.22310538862808e-13,2.57574236161408e-11,"Ab_vs_Pn","Ab higher"
"acy3.2",623.079435368658,-13.2503666228814,3.47813115770656,4.31102908987812e-13,2.58626409088672e-11,"Ab_vs_Pn","Pn higher"
"sec23ip",254.176114813722,-6.32501288805579,0.950447436399618,4.30502698747493e-13,2.58626409088672e-11,"Ab_vs_Pn","Pn higher"
"rpl6",2227.48742492233,-9.26480172541556,1.40775423396162,4.36974480496487e-13,2.60017579085674e-11,"Ab_vs_Pn","Pn higher"
"bag1",468.736147810587,-6.67464166554405,0.974519443451776,4.41862970946635e-13,2.60806055190195e-11,"Ab_vs_Pn","Pn higher"
"thyn1",385.155971893803,9.15518131146152,1.31968609872326,5.33327953435704e-13,3.12274183295673e-11,"Ab_vs_Pn","Ab higher"
"ybey",224.998215134565,-12.4183392637903,3.31493237706191,5.54576721706471e-13,3.21926890221678e-11,"Ab_vs_Pn","Pn higher"
"tceanc2",352.962027309277,9.0281309949977,1.30714621335069,5.58610671651223e-13,3.21926890221678e-11,"Ab_vs_Pn","Ab higher"
"anp32a",1042.36924553794,7.28136556340053,1.05549304394043,6.22400065553635e-13,3.55886412483364e-11,"Ab_vs_Pn","Ab higher"
"cldn15lb",364.470988275801,-13.2565482206569,3.49736817472453,8.05493756108281e-13,4.57008434182675e-11,"Ab_vs_Pn","Pn higher"
"hexdc",265.429725182741,-6.09650533284589,0.889692726364081,8.60962117770972e-13,4.84721672305057e-11,"Ab_vs_Pn","Pn higher"
"nr2e1",117.616234201042,10.512863261247,1.63322132397832,9.10921728117279e-13,5.08934055579417e-11,"Ab_vs_Pn","Ab higher"
"arfgap2",283.436472115097,-12.7032195786977,3.39133032459764,9.35336715007114e-13,5.18615864934626e-11,"Ab_vs_Pn","Pn higher"
"gtf2e2",175.201303726143,-5.7736181397364,0.844995238619584,1.02707079192589e-12,5.65197829030498e-11,"Ab_vs_Pn","Pn higher"
"blzf1",203.227623381522,-12.1205362261429,3.26935442473156,1.05264121979464e-12,5.74946349826638e-11,"Ab_vs_Pn","Pn higher"
"ilf2",187.2418605894,6.52512102660808,0.958379524686349,1.19353451043801e-12,6.47072524584873e-11,"Ab_vs_Pn","Ab higher"
"slc45a1",133.212178033244,13.1964374720633,3.30323518514697,1.21835429576945e-12,6.55671697848279e-11,"Ab_vs_Pn","Ab higher"
"dnajc14",178.332638195276,-12.4902142224946,3.35149198463634,1.23465323058752e-12,6.59593211289785e-11,"Ab_vs_Pn","Pn higher"
"mif4gda",277.454889357155,-12.4498764193653,3.34756288672528,1.32723249059763e-12,7.03914101353914e-11,"Ab_vs_Pn","Pn higher"
"copg2",284.574341381789,5.67614060530644,0.840604821577862,1.40059831255196e-12,7.37480507163149e-11,"Ab_vs_Pn","Ab higher"
"CDKL5",1010.2719034111,11.8387132437644,1.7070122519317,1.47751629520358e-12,7.72424411756784e-11,"Ab_vs_Pn","Ab higher"
"rest",215.093313613425,-12.3826427322025,3.32140891432535,1.50517591764583e-12,7.81303726329776e-11,"Ab_vs_Pn","Pn higher"
"lrrc51",362.10347618086,12.1869892901705,1.90646291982085,1.7619083772108e-12,9.08127282591959e-11,"Ab_vs_Pn","Ab higher"
"zgc:101679",342.387565277374,-13.0037515614028,3.46979114949148,1.8068956544051e-12,9.24802048572794e-11,"Ab_vs_Pn","Pn higher"
"lhfpl5b",331.637692346341,14.4639034774545,3.4369456722897,1.90870394512092e-12,9.63434770644141e-11,"Ab_vs_Pn","Ab higher"
"mapk9",215.394072945308,-7.49263314940616,1.12592847053322,1.90067408847361e-12,9.63434770644141e-11,"Ab_vs_Pn","Pn higher"
"trmt61a",645.409754813658,11.6124823490369,1.69659491864173,1.95487321158554e-12,9.73314084054052e-11,"Ab_vs_Pn","Ab higher"
"si:ch211-160o17.2",173.103285998439,9.01323328603663,1.28828006358692,1.95334092252826e-12,9.73314084054052e-11,"Ab_vs_Pn","Ab higher"
"dhrs7b",183.874273272117,-12.5253866408624,3.37268900914488,1.98874463820125e-12,9.83487973445605e-11,"Ab_vs_Pn","Pn higher"
"ctps1a",399.380538089178,-6.1530311033727,0.927232771821313,2.11960549974059e-12,1.0411672921209e-10,"Ab_vs_Pn","Pn higher"
"zgc:171489",484.088264630637,8.26256520222098,1.23023540596328,2.25479613486577e-12,1.10019019407217e-10,"Ab_vs_Pn","Ab higher"
"adprh",239.181152437031,-6.24264380612374,0.933241884219267,2.43025951449872e-12,1.17020193333001e-10,"Ab_vs_Pn","Pn higher"
"mrps36",360.844153734513,-5.71391983492361,0.863724015626555,2.42912990540321e-12,1.17020193333001e-10,"Ab_vs_Pn","Pn higher"
"hnrnph1",184.101721263843,-5.21817724750893,0.810718112747754,2.50818871514657e-12,1.19983223569658e-10,"Ab_vs_Pn","Pn higher"
"cers5",173.597808021799,9.71980711370115,1.41720632909415,3.57641359623502e-12,1.69972539680806e-10,"Ab_vs_Pn","Ab higher"
"rhd",890.273221829052,-5.068237900027,0.791850671352041,4.01070421705009e-12,1.89382865577997e-10,"Ab_vs_Pn","Pn higher"
"mapk8a",444.441143140506,-13.1052698299725,3.51641112759775,4.07380668231015e-12,1.91129430178385e-10,"Ab_vs_Pn","Pn higher"
"ss18l2",162.552628254564,13.3970399069117,3.31249759074295,4.244910155308e-12,1.97888518641396e-10,"Ab_vs_Pn","Ab higher"
"pebp1",215.037602510069,7.98051459501027,1.20216279984356,4.52181885337929e-12,2.09463241695462e-10,"Ab_vs_Pn","Ab higher"
"TMEM179",132.762999964309,9.89879160445454,1.46559407642108,4.55418297541388e-12,2.09635630170152e-10,"Ab_vs_Pn","Ab higher"
"nox1",156.192692195542,8.19403603170183,1.23139646061215,4.84440244641172e-12,2.21601134408046e-10,"Ab_vs_Pn","Ab higher"
"comp",155.452877628414,13.5648102472572,3.52755977535735,5.48291696750991e-12,2.49251362019907e-10,"Ab_vs_Pn","Ab higher"
"dtnbp1b",122.02120964858,9.17139032448844,1.39033689696708,6.24692476841518e-12,2.82229891234757e-10,"Ab_vs_Pn","Ab higher"
"KCTD15",231.944361439072,8.0051841498678,1.23182388306553,7.0113301266615e-12,3.14821626975678e-10,"Ab_vs_Pn","Ab higher"
"si:dkey-40g16.6",243.304492019075,7.86859141755111,1.19618883983505,7.19961007801342e-12,3.21304549762075e-10,"Ab_vs_Pn","Ab higher"
"rbm34",2116.31412808772,-5.71443173965279,0.91626327277571,7.79389774762977e-12,3.45718409787287e-10,"Ab_vs_Pn","Pn higher"
"timm8a",357.054157616219,-12.9279310591566,3.49666758344467,8.50339370359124e-12,3.74917701907134e-10,"Ab_vs_Pn","Pn higher"
"si:ch211-122f10.4",97.6428087020083,11.773793225826,2.96925320290024,9.39209092316874e-12,4.10381985363369e-10,"Ab_vs_Pn","Ab higher"
"si:dkey-69o16.5",393.362156304657,10.8319834692698,1.65025745197458,9.41988981295888e-12,4.10381985363369e-10,"Ab_vs_Pn","Ab higher"
"ppfibp1a",1029.66195673918,-5.58943254407458,0.894353046512359,9.58069651896882e-12,4.1491785693688e-10,"Ab_vs_Pn","Pn higher"
"si:ch73-61d6.3",313.920622979569,7.63375858689976,1.17204804856578,9.75871965079963e-12,4.20141583083544e-10,"Ab_vs_Pn","Ab higher"
"pdxp",230.846583794341,-12.1475783505726,3.34072887590194,9.8436187457394e-12,4.21318395322027e-10,"Ab_vs_Pn","Pn higher"
"pif1",580.791938974684,7.97515436495495,1.23352231580461,1.01295196935238e-11,4.31034619981981e-10,"Ab_vs_Pn","Ab higher"
"si:ch211-203k16.3",107.23859818659,8.13072984565829,1.25946890955134,1.04055401399616e-11,4.40220510314327e-10,"Ab_vs_Pn","Ab higher"
"tmed1b",183.37212409689,6.86235256169266,1.05825142072278,1.10141371353184e-11,4.63290055709168e-10,"Ab_vs_Pn","Ab higher"
"nucb2a",316.34102683073,-6.17194840998278,0.961947303783954,1.11568591643589e-11,4.66611726993958e-10,"Ab_vs_Pn","Pn higher"
"m6pr",85.6343353032065,8.73507880747835,1.32591049639357,1.20082256815029e-11,4.993647941075e-10,"Ab_vs_Pn","Ab higher"
"appb",192.250904179425,-6.46660531132189,1.00953063794171,1.22243317712251e-11,5.05479571941221e-10,"Ab_vs_Pn","Pn higher"
"atraid",279.904049403295,-12.6078560170594,3.45179090707799,1.35751395822019e-11,5.58182284281662e-10,"Ab_vs_Pn","Pn higher"
"gba",197.924274420435,8.34562595791316,1.29160797465123,1.38632141585498e-11,5.66842818024726e-10,"Ab_vs_Pn","Ab higher"
"spsb3b",122.594891457994,9.66747636435209,1.58070215513568,1.42571837674459e-11,5.79712933299647e-10,"Ab_vs_Pn","Ab higher"
"wbp2",169.420221554482,-11.6511536496187,3.24635412572821,1.61496586585974e-11,6.46723127949697e-10,"Ab_vs_Pn","Pn higher"
"mcee",3358.25849894476,8.30751421061034,1.27466865307989,1.61702872543783e-11,6.46723127949697e-10,"Ab_vs_Pn","Ab higher"
"wdr48b",752.602854488426,-6.48664442489127,1.06062562796107,1.59981426182965e-11,6.46723127949697e-10,"Ab_vs_Pn","Pn higher"
"wfdc2",161.195677086865,7.16645474042965,1.116986741354,1.87629146394752e-11,7.46335718729995e-10,"Ab_vs_Pn","Ab higher"
"ada",504.455412332877,-6.38457319775941,1.02964544311109,2.30076322090605e-11,9.10231676422236e-10,"Ab_vs_Pn","Pn higher"
"pex11b",361.450406858398,-13.6620286594961,3.7032600599475,2.3266645145337e-11,9.15529977520009e-10,"Ab_vs_Pn","Pn higher"
"TMEM47",183.592353104337,8.90335714257757,1.39669779799966,2.39107219945216e-11,9.35842643197346e-10,"Ab_vs_Pn","Ab higher"
"spopla",154.338610562337,6.81045060171351,1.07471042367372,2.51635938930459e-11,9.79640126080866e-10,"Ab_vs_Pn","Ab higher"
"dffb",453.977409743713,-12.6762862029676,3.48982727842595,2.59386696149606e-11,1.00447154979839e-09,"Ab_vs_Pn","Pn higher"
"jam2a",943.112739249922,-15.0329808370144,4.008459264352,2.62718751173391e-11,1.01202028412529e-09,"Ab_vs_Pn","Pn higher"
"UBE2K",152.18508256141,-11.3900739312395,3.2071645851241,2.98857417729986e-11,1.14520284835904e-09,"Ab_vs_Pn","Pn higher"
"slc33a1",132.637351276501,-12.1622994286347,3.38307958654937,3.10313369013875e-11,1.17677904031738e-09,"Ab_vs_Pn","Pn higher"
"ARF1",100.22022809754,-11.7297429432105,3.28130425368747,3.09218647337039e-11,1.17677904031738e-09,"Ab_vs_Pn","Pn higher"
"ddx11",304.675599390739,-12.0120509361135,3.3487066211478,3.15697924462309e-11,1.19102737584518e-09,"Ab_vs_Pn","Pn higher"
"tubgcp4",59.9514703375616,11.2044934951112,2.9403106869583,3.25035954676605e-11,1.21996828321952e-09,"Ab_vs_Pn","Ab higher"
"rfc2",1650.67535833487,6.60671773021619,1.04719866887507,3.29287771585876e-11,1.22749994000693e-09,"Ab_vs_Pn","Ab higher"
"abcf1",401.303861913049,-5.01621933560382,0.816270564338612,3.30396895998587e-11,1.22749994000693e-09,"Ab_vs_Pn","Pn higher"
"cnot11",1506.80806716546,-7.85160400783217,1.28688262894061,3.36413649984653e-11,1.2435411637564e-09,"Ab_vs_Pn","Pn higher"
"stx17",597.525371883504,-6.40213932055631,1.04116190920405,3.54126029830319e-11,1.30243638810458e-09,"Ab_vs_Pn","Pn higher"
"zgc:175088",133.085210923193,8.50100297407391,1.35344723587049,3.72470488648071e-11,1.36305575320761e-09,"Ab_vs_Pn","Ab higher"
"slc22a6l",126.07530361661,10.669642838975,1.7850347599556,3.89862846255246e-11,1.41960506056823e-09,"Ab_vs_Pn","Ab higher"
"bricd5",112.075586216611,9.72667751982809,1.63191147054006,4.00524597273454e-11,1.44888702202209e-09,"Ab_vs_Pn","Ab higher"
"dennd4a",2011.4190471798,8.45133670993826,1.34714082796926,4.01863732026894e-11,1.44888702202209e-09,"Ab_vs_Pn","Ab higher"
"fam149b1",167.580321949149,11.6744346104729,3.03885257357299,4.15075785304709e-11,1.48918611404175e-09,"Ab_vs_Pn","Ab higher"
"slc25a55b",310.391259024082,10.1916670687016,1.59940516744499,4.37700738163239e-11,1.56269839152036e-09,"Ab_vs_Pn","Ab higher"
"gmnn",87.5951434222651,12.4815184673569,3.28085642427362,4.72437500091922e-11,1.67831049538193e-09,"Ab_vs_Pn","Ab higher"
"ppp1r9a",63.3417269070333,7.06285175834083,1.12424203498404,4.74669042962235e-11,1.67831049538193e-09,"Ab_vs_Pn","Ab higher"
"cct7",211.667772808529,-12.7115129957215,3.52045146384847,4.90461019104329e-11,1.72580971097336e-09,"Ab_vs_Pn","Pn higher"
"adat3",97.5092003727485,6.96645862737199,1.11494425158812,5.3530676607073e-11,1.87459819180463e-09,"Ab_vs_Pn","Ab higher"
"eya2",166.53521358849,9.66482099583113,1.52546292512648,5.40135100877678e-11,1.88249943015416e-09,"Ab_vs_Pn","Ab higher"
"msh6",358.182665758839,6.94086421423053,1.10973916497225,6.02713090778277e-11,2.09064318076124e-09,"Ab_vs_Pn","Ab higher"
"morn5",528.790931103826,12.5894591423442,3.14586003910838,6.2229668307053e-11,2.14839123744963e-09,"Ab_vs_Pn","Ab higher"
"gpatch8",201.952860070578,-5.22450510596476,0.885742212723577,6.38366219256467e-11,2.19352223414933e-09,"Ab_vs_Pn","Pn higher"
"lonrf1l",180.048615039181,6.20099184438248,0.99794056741157,6.76935183711892e-11,2.3127139720048e-09,"Ab_vs_Pn","Ab higher"
"slc30a7",158.825260969859,-5.66167749910165,0.95342010775848,6.79373553738259e-11,2.3127139720048e-09,"Ab_vs_Pn","Pn higher"
"drp2",244.723029057104,13.0858054949886,3.26301731477773,7.09009569913554e-11,2.39135531898493e-09,"Ab_vs_Pn","Ab higher"
"psma6a",367.830866437404,8.54284292159032,1.37544989580968,7.08924194129986e-11,2.39135531898493e-09,"Ab_vs_Pn","Ab higher"
"ttyh1",129.482047608977,7.13058242202727,1.1535799926345,7.25763495976213e-11,2.43663441607794e-09,"Ab_vs_Pn","Ab higher"
"slc25a44a",150.653098561461,-11.7348931579328,3.3207502831673,7.52318565063953e-11,2.51425551493291e-09,"Ab_vs_Pn","Pn higher"
"boc",96.0185282621443,9.35551261571375,1.48362861863253,7.66236670030456e-11,2.54913008543314e-09,"Ab_vs_Pn","Ab higher"
"mipa",102.232078051231,11.6616971342637,3.06783591337791,8.65600895340484e-11,2.86666649456878e-09,"Ab_vs_Pn","Ab higher"
"si:ch211-114c17.1",173.273891291777,8.9319826011024,1.44705775722015,9.07674373337804e-11,2.99246339570243e-09,"Ab_vs_Pn","Ab higher"
"csgalnact2",136.211632424338,-11.936448151088,3.37307671732204,9.25370493249638e-11,3.03712405385386e-09,"Ab_vs_Pn","Pn higher"
"acvr1l",277.693026088215,-12.1107555794373,3.41522144775822,1.00888140104984e-10,3.29642989923383e-09,"Ab_vs_Pn","Pn higher"
"nr5a5",97.8715088672205,12.7917020321453,3.47845105396429,1.0266126493859e-10,3.33945688038018e-09,"Ab_vs_Pn","Ab higher"
"arsg",559.567966721147,7.63150011512225,1.24930315388719,1.04629379055657e-10,3.38841781109891e-09,"Ab_vs_Pn","Ab higher"
"coa6",243.772639898219,-13.0292035948326,3.63409943742313,1.16326634861525e-10,3.75063718304628e-09,"Ab_vs_Pn","Pn higher"
"arl2",318.353434669352,-12.7704862573265,3.57389251001212,1.17019210510765e-10,3.75641930582582e-09,"Ab_vs_Pn","Pn higher"
"p2rx5",509.059042866806,-6.65972320286514,1.12722333730583,1.19818169881153e-10,3.82947242515354e-09,"Ab_vs_Pn","Pn higher"
"rpf1",278.25573200357,7.67045860564152,1.25829197144584,1.21764323867693e-10,3.8747525495115e-09,"Ab_vs_Pn","Ab higher"
"gatd1",206.222427353557,-11.3944393182486,3.2599410600246,1.26975324433598e-10,4.02308398064721e-09,"Ab_vs_Pn","Pn higher"
"ADAP1",78.5759142665678,7.23074006813734,1.17632433228525,1.28735268363648e-10,4.06126478083423e-09,"Ab_vs_Pn","Ab higher"
"chmp7",198.743410120264,10.6744634848097,1.83674531355873,1.30905342895481e-10,4.11200087833488e-09,"Ab_vs_Pn","Ab higher"
"nus1",146.575613737568,-12.2849809180489,3.46589608793092,1.32479766749344e-10,4.1260400546317e-09,"Ab_vs_Pn","Pn higher"
"cdip1",111.758189783091,-11.8588975135567,3.37011106185095,1.32318182285948e-10,4.1260400546317e-09,"Ab_vs_Pn","Pn higher"
"tmie",55.3692482277244,11.5285250223343,3.09705581161007,1.34563741624041e-10,4.17318654638286e-09,"Ab_vs_Pn","Ab higher"
"edrf1",229.034802126525,7.44913547648554,1.22334452582319,1.35340699027506e-10,4.17957205140216e-09,"Ab_vs_Pn","Ab higher"
"caprin1a",354.992712345023,-11.1876392025358,3.21462406189672,1.37641656906751e-10,4.23277011302737e-09,"Ab_vs_Pn","Pn higher"
"pgpep1l",152.048970241007,-11.4879219858373,3.29322927435113,1.38717237443096e-10,4.24799774412562e-09,"Ab_vs_Pn","Pn higher"
"phykpl",2736.9894011005,-5.02671272840291,0.861326395870548,1.44928279370684e-10,4.41970865297516e-09,"Ab_vs_Pn","Pn higher"
"mphosph10",375.92832497572,-11.9703509179345,3.39948793701443,1.48308628482836e-10,4.50402843097875e-09,"Ab_vs_Pn","Pn higher"
"tpx2",152.748034711077,11.4415981381082,2.8762830528152,1.52009244858683e-10,4.59733745091197e-09,"Ab_vs_Pn","Ab higher"
"ercc2",464.790287242549,10.6165753820017,1.71433205243237,1.60487607899225e-10,4.83378107907171e-09,"Ab_vs_Pn","Ab higher"
"cdk5r1b",91.2080834114083,12.4836464750474,3.30375882531987,1.64880796975669e-10,4.94574816829887e-09,"Ab_vs_Pn","Ab higher"
"l3hypdh",247.409102854928,8.83229657134849,1.52994146102479,1.65858289642553e-10,4.95476253834223e-09,"Ab_vs_Pn","Ab higher"
"naa38",258.378518609042,-12.3436025905192,3.48896961254753,1.79566838659907e-10,5.34247842338155e-09,"Ab_vs_Pn","Pn higher"
"uprt",252.516098194231,-12.12368912909,3.4468538674432,1.98479249669356e-10,5.88125355599197e-09,"Ab_vs_Pn","Pn higher"
"cnga2b",126.282150996088,-5.98107735805759,1.01875887347499,2.03634025049063e-10,6.00966705376649e-09,"Ab_vs_Pn","Pn higher"
"MSMP",144.072345230239,10.8243068780214,2.9323792176266,2.061892705136e-10,6.06063964212466e-09,"Ab_vs_Pn","Ab higher"
"psme3ip1",135.775232671144,-4.866227635564,0.840456971256726,2.15053160165015e-10,6.29589631699097e-09,"Ab_vs_Pn","Pn higher"
"ak5",165.060459062448,7.09634669948599,1.17744670947778,2.19724745675651e-10,6.40703352031909e-09,"Ab_vs_Pn","Ab higher"
"itga10",51.7016182553592,10.3596242282384,2.8541476857731,2.27900602320902e-10,6.61906550947095e-09,"Ab_vs_Pn","Ab higher"
"zdhhc8b",169.631153815826,9.56334505477702,1.57739832319754,2.36153494719132e-10,6.83164991244794e-09,"Ab_vs_Pn","Ab higher"
"nup50",100.942918522016,-11.6875698139505,3.35615988725862,2.46704353502978e-10,7.10877623341848e-09,"Ab_vs_Pn","Pn higher"
"gtf3ab",106.126238432105,8.35067291834047,1.37697139957328,2.57927702068955e-10,7.4030307899713e-09,"Ab_vs_Pn","Ab higher"
"ugcg",90.3949145155022,-11.518405602352,3.32018880036917,2.71918664787288e-10,7.77411213897718e-09,"Ab_vs_Pn","Pn higher"
"ECHDC1",64.6599796687618,6.59582326093673,1.10496505911175,2.78149867378456e-10,7.92131859666507e-09,"Ab_vs_Pn","Ab higher"
"nsmaf",277.893965721457,10.0971988923343,1.65690924891337,2.80467629194027e-10,7.95636658167087e-09,"Ab_vs_Pn","Ab higher"
"hltf",860.710919270215,-6.91280667408198,1.20692192904502,2.82231123440325e-10,7.9754810519681e-09,"Ab_vs_Pn","Pn higher"
"chmp5b",138.416143004888,-10.7125820665266,3.13372922120148,3.23523060120367e-10,9.10717414238834e-09,"Ab_vs_Pn","Pn higher"
"chpt1",95.1920206249153,-10.8940522178562,3.17899584297747,3.51752935482761e-10,9.86390702987866e-09,"Ab_vs_Pn","Pn higher"
"lrrc29",90.919213095509,8.58663287616293,1.44973160326638,3.9719175979688e-10,1.10955972898983e-08,"Ab_vs_Pn","Ab higher"
"churc1",66.1939867499967,6.53823647479047,1.10786253049227,3.9906471767751e-10,1.11055310596262e-08,"Ab_vs_Pn","Ab higher"
"rcor2",182.530280445989,6.60391412278093,1.1192325300313,4.11100369068094e-10,1.13971348530658e-08,"Ab_vs_Pn","Ab higher"
"RGS20",334.146509700705,11.2671175531296,1.99202127149492,4.33303019720182e-10,1.1967338872951e-08,"Ab_vs_Pn","Ab higher"
"mrps22",114.231856912578,12.4719394503066,3.1603732076723,4.68705236887724e-10,1.28724270595944e-08,"Ab_vs_Pn","Ab higher"
"klhl15",49.7235403878832,6.21534884788698,1.05620399321435,4.69591204387445e-10,1.28724270595944e-08,"Ab_vs_Pn","Ab higher"
"etfdh",81.78338616302,6.0203529207814,1.02460585046109,4.72412121751248e-10,1.29014340264828e-08,"Ab_vs_Pn","Ab higher"
"sept8a",103.494511092481,6.12591200867131,1.04692667774431,4.86276939185854e-10,1.3230709731975e-08,"Ab_vs_Pn","Ab higher"
"zgc:85843",2088.08644847172,12.6381595930304,2.13388341525624,4.93580952581495e-10,1.33796999701628e-08,"Ab_vs_Pn","Ab higher"
"grhpra",259.868936952404,6.19451646722601,1.05488969188126,4.98217939279732e-10,1.34555612457135e-08,"Ab_vs_Pn","Ab higher"
"tecrl2a",305.119308371786,-12.677852618081,3.61271951258547,5.11178671800185e-10,1.37548408047998e-08,"Ab_vs_Pn","Pn higher"
"ddx20",79.0701427646506,7.8747242831497,1.33019061691617,5.30368872821164e-10,1.42189369237293e-08,"Ab_vs_Pn","Ab higher"
"slc25a55a",141.159102056776,5.68686149324631,0.975325210173659,5.59690798073933e-10,1.4950280843442e-08,"Ab_vs_Pn","Ab higher"
"ift22",1022.26923361408,9.53585590554819,1.63031187411289,5.79433344510446e-10,1.54213550853526e-08,"Ab_vs_Pn","Ab higher"
"hpgd",183.10001414689,6.73550563408618,1.15440606864809,6.3058180948275e-10,1.6721841534798e-08,"Ab_vs_Pn","Ab higher"
"pex10",111.92969329074,5.21552731751199,0.894917612256915,6.42368291535726e-10,1.69729008149819e-08,"Ab_vs_Pn","Ab higher"
"zgc:113425",82.9774835972144,12.3621454832617,3.36678320759733,6.63404190482917e-10,1.74648328976953e-08,"Ab_vs_Pn","Ab higher"
"aldh1l2",103.622735180428,-5.11006409091834,0.891880694112256,6.6575876191515e-10,1.74648328976953e-08,"Ab_vs_Pn","Pn higher"
"gipc2",461.236315522972,7.04770224530972,1.21109760809058,6.69736262750239e-10,1.75064275252464e-08,"Ab_vs_Pn","Ab higher"
"pold1",360.601036203495,8.57271462363618,1.42897887718296,6.75412484450356e-10,1.75919714366269e-08,"Ab_vs_Pn","Ab higher"
"tsr2",100.361348140998,7.63575473568344,1.30818022460733,7.51970689509474e-10,1.95165726117725e-08,"Ab_vs_Pn","Ab higher"
"abcb7",58.190483763614,6.08360703727535,1.05131273168054,7.66228064017872e-10,1.98163363976919e-08,"Ab_vs_Pn","Ab higher"
"s100t",140.182950632403,8.56357182202852,1.47629809799833,7.74557216994963e-10,1.99612122224864e-08,"Ab_vs_Pn","Ab higher"
"tp53bp1",40.7878530995878,6.25883730291849,1.0776774386967,8.39634398607063e-10,2.15624005733512e-08,"Ab_vs_Pn","Ab higher"
"armc2",75.6719204631966,8.11841865668422,1.38877468295399,8.77251375048917e-10,2.24496601887518e-08,"Ab_vs_Pn","Ab higher"
"slc2a12",154.911006337153,-11.1806960486967,3.29152907547115,9.15484265499911e-10,2.33464436905709e-08,"Ab_vs_Pn","Pn higher"
"CHST13",91.7533781771675,-11.1775890895685,3.29641098777115,9.50235656153212e-10,2.40769670433169e-08,"Ab_vs_Pn","Pn higher"
"NT5E",192.447693923234,-4.82672011781297,0.853370941764993,9.50709588129332e-10,2.40769670433169e-08,"Ab_vs_Pn","Pn higher"
"tmem86b",79.3891784680386,-11.0678894372338,3.26737395828543,9.64344122627422e-10,2.43380504603797e-08,"Ab_vs_Pn","Pn higher"
"pkd2l1",84.3287029135923,-10.6890528419181,3.17475196648028,9.99256608030285e-10,2.50911092492115e-08,"Ab_vs_Pn","Pn higher"
"pno1",478.669029323974,6.61016710640604,1.14635824201117,1.00103892618797e-09,2.50911092492115e-08,"Ab_vs_Pn","Ab higher"
"cldn7b",83.6967605637896,-11.3976968581805,3.35753884634994,1.0433302728322e-09,2.6061891695764e-08,"Ab_vs_Pn","Pn higher"
"cap1",451.742121023157,-5.77876284059257,1.04300567341729,1.06981400613517e-09,2.66325466357255e-08,"Ab_vs_Pn","Pn higher"
"emp1",219.576303316982,-12.2292906276256,3.55732595751732,1.09514799029435e-09,2.71708072575064e-08,"Ab_vs_Pn","Pn higher"
"uba52",313.094145470774,12.9565065747962,3.28607323959104,1.15819145889898e-09,2.86378489448704e-08,"Ab_vs_Pn","Ab higher"
"atp7a",169.697561499514,-11.5911124971469,3.40491281890786,1.17178287202156e-09,2.88763597317367e-08,"Ab_vs_Pn","Pn higher"
"gria3a",105.154831535643,7.30265440484213,1.26954664575786,1.21335576817712e-09,2.98005062660684e-08,"Ab_vs_Pn","Ab higher"
"gpkow",471.863049342331,-4.13458072497411,0.747045429041071,1.25006471389078e-09,3.05994101704569e-08,"Ab_vs_Pn","Pn higher"
"zfpm2a",60.6028435499502,8.80703483802828,1.63073593609438,1.29630559112598e-09,3.16255354048369e-08,"Ab_vs_Pn","Ab higher"
"prrg1",183.46344037116,7.67836211402233,1.32383234661216,1.42142131483845e-09,3.45627329013376e-08,"Ab_vs_Pn","Ab higher"
"GPR137B",56.301132177684,9.43894199068659,1.74290424399873,1.45166769038663e-09,3.51813106819197e-08,"Ab_vs_Pn","Ab higher"
"pigt",211.483387015166,8.93148705301467,1.64947564852516,1.46678374553698e-09,3.54303308039115e-08,"Ab_vs_Pn","Ab higher"
"med15",116.864940079709,-5.49372017781253,0.982229863126151,1.49339211624068e-09,3.59543976933077e-08,"Ab_vs_Pn","Pn higher"
"pigf",86.4449085426015,-7.49921186400324,1.37271389470504,1.5581600569514e-09,3.73907326453354e-08,"Ab_vs_Pn","Pn higher"
"nubp2",1429.76616310639,5.14233042153881,0.901270671442983,1.59333926310435e-09,3.8109967538107e-08,"Ab_vs_Pn","Ab higher"
"clpp",169.838453010302,-11.1117328799113,3.28675606947967,1.65745211612846e-09,3.95143063125219e-08,"Ab_vs_Pn","Pn higher"
"coa3a",100.205807706508,6.95715686107913,1.23165738056514,1.85860396895832e-09,4.41406670509261e-08,"Ab_vs_Pn","Ab higher"
"ecrg4a",229.522728826494,-5.42432580389907,0.977624839142945,1.86356962955816e-09,4.41406670509261e-08,"Ab_vs_Pn","Pn higher"
"rad51d",157.233183730782,-10.9381610410743,3.26735714082688,1.93052007947229e-09,4.5578956327928e-08,"Ab_vs_Pn","Pn higher"
"atp2a1l",512.093745768704,-5.93930561994851,1.10589667994976,2.00208226200635e-09,4.71165275743552e-08,"Ab_vs_Pn","Pn higher"
"bora",62.4880821399406,10.3695357434238,2.89467603007176,2.05728149789472e-09,4.82603951381137e-08,"Ab_vs_Pn","Ab higher"
"slc5a2",112.933928156989,9.55777663488041,1.66319847690937,2.26228602199618e-09,5.28999086101919e-08,"Ab_vs_Pn","Ab higher"
"fabp2",268.979337599125,-7.04219263732597,1.32401790894243,2.28268349358642e-09,5.32068805399969e-08,"Ab_vs_Pn","Pn higher"
"wdr53",421.813936904256,-5.56064187070357,1.02077376478606,2.35307392911424e-09,5.46734859910701e-08,"Ab_vs_Pn","Pn higher"
"scube3",887.921589296558,-7.67630920491045,1.45681462958789,2.37256641625779e-09,5.49519417740215e-08,"Ab_vs_Pn","Pn higher"
"nek12",105.405863468221,-11.0511704150077,3.30960812182148,2.48979248556726e-09,5.74851457472139e-08,"Ab_vs_Pn","Pn higher"
"tet2",89.7707269469291,4.84909223610698,0.869920958520632,2.56980548567341e-09,5.91459319171185e-08,"Ab_vs_Pn","Ab higher"
"hif1an",89.1557478194351,9.31197001845007,1.76391487393807,2.68836098839367e-09,6.16806083826121e-08,"Ab_vs_Pn","Ab higher"
"tpi1a",605.269963194771,7.94960875785247,1.41724059845507,2.78293845173661e-09,6.36510204008133e-08,"Ab_vs_Pn","Ab higher"
"rcbtb1",36.9623064507987,5.88060566707036,1.05955081467288,2.98782638265966e-09,6.81243030987103e-08,"Ab_vs_Pn","Ab higher"
"pgap6",169.768836582483,6.80810928773507,1.22047223989846,3.02932056433412e-09,6.88558919576441e-08,"Ab_vs_Pn","Ab higher"
"iars2",177.475038417915,-4.7655542802107,0.864518518728006,3.07473018956164e-09,6.96716726235346e-08,"Ab_vs_Pn","Pn higher"
"deaf1",44.7857107211588,6.18029865675438,1.11182078362831,3.20761835822828e-09,7.24585147033111e-08,"Ab_vs_Pn","Ab higher"
"eif2b4",272.120718043012,-5.38489594573672,1.00059005403228,3.31482887101651e-09,7.46499461752919e-08,"Ab_vs_Pn","Pn higher"
"gcna",91.6118893742191,10.1527614339129,1.9130688207833,3.53687016649911e-09,7.94059900264019e-08,"Ab_vs_Pn","Ab higher"
"pmpca",68.3690444091804,6.16342032989487,1.11783761777387,3.5573811767835e-09,7.96222410791389e-08,"Ab_vs_Pn","Ab higher"
"stk25b",61.2456439647325,6.67415993677271,1.20765277262419,3.56893454314755e-09,7.96372924429783e-08,"Ab_vs_Pn","Ab higher"
"zgc:101765",172.293578722985,8.13892630251211,1.44725526294046,3.60691823968785e-09,8.02402267363994e-08,"Ab_vs_Pn","Ab higher"
"clic1",773.319403056643,-7.35664386304949,1.4160538224978,3.62931934595953e-09,8.04939039184176e-08,"Ab_vs_Pn","Pn higher"
"chd4a",80.5367361987653,4.95535727668201,0.895932949445238,3.7098771398083e-09,8.20319963331027e-08,"Ab_vs_Pn","Ab higher"
"gabpb2a",58.6383111978651,5.40186072794344,0.98229490668245,3.95133067753304e-09,8.71077988821215e-08,"Ab_vs_Pn","Ab higher"
"APCDD1",80.725212172348,8.48696917016447,1.52639855522719,3.9881838839339e-09,8.7656209749286e-08,"Ab_vs_Pn","Ab higher"
"ppcs",83.4343438347632,-10.222964108217,3.12278645573064,4.20821599244852e-09,9.22153678105711e-08,"Ab_vs_Pn","Pn higher"
"snx30",316.511396510535,9.23448696812908,1.66402585500334,4.36862778667463e-09,9.54447366288704e-08,"Ab_vs_Pn","Ab higher"
"glipr2l",113.610213300634,5.27534063060866,0.96189511189472,4.59424632909625e-09,1.00075264531713e-07,"Ab_vs_Pn","Ab higher"
"timm23a",202.198670631813,5.42367406430345,0.986251058659722,4.68811473962125e-09,1.01816948899964e-07,"Ab_vs_Pn","Ab higher"
"RS1",143.181465225305,6.38569667500565,1.16826528317149,4.71300485238346e-09,1.02054681995842e-07,"Ab_vs_Pn","Ab higher"
"si:ch211-217a12.1",740.897694869235,-4.70013508906749,0.900953420212593,4.96422660678139e-09,1.07177506003047e-07,"Ab_vs_Pn","Pn higher"
"smpd1",97.1453473415116,-11.2624861547034,3.39286906746058,5.18696740245705e-09,1.11657101231127e-07,"Ab_vs_Pn","Pn higher"
"EIF5AL1",128.339332867561,-11.246997210425,3.40248115536754,5.37845034033651e-09,1.15439525046695e-07,"Ab_vs_Pn","Pn higher"
"cyp2n13",60.0058865037666,7.35772157942276,1.35508800176215,5.5595322760425e-09,1.18977241895775e-07,"Ab_vs_Pn","Ab higher"
"zgc:162989",63.9087760758472,6.44408916376229,1.18014298228651,6.00457245585178e-09,1.28126722461747e-07,"Ab_vs_Pn","Ab higher"
"zswim7",243.576643094086,6.08266049710613,1.11901493661025,6.08275004173674e-09,1.29417580103114e-07,"Ab_vs_Pn","Ab higher"
"npb",54.0210210098017,10.9383879386126,3.09821820982052,6.12661302742386e-09,1.29972987674537e-07,"Ab_vs_Pn","Ab higher"
"rbm45",61.4377157930395,8.10452661759473,1.47824963305254,6.16292389116061e-09,1.30365433408684e-07,"Ab_vs_Pn","Ab higher"
"psen2",120.290212945801,6.03505989379878,1.10829227793601,6.19265823457954e-09,1.30616903800829e-07,"Ab_vs_Pn","Ab higher"
"pkig",97.1115806333774,10.0917813232773,1.93898300985753,6.24861804854435e-09,1.31418492808322e-07,"Ab_vs_Pn","Ab higher"
"mfap1",849.380473545469,5.9878812291833,1.10643409373337,6.3852356345039e-09,1.33787459822659e-07,"Ab_vs_Pn","Ab higher"
"snx9b",201.967143394605,5.3658734348354,0.989412256136779,6.39781540346094e-09,1.33787459822659e-07,"Ab_vs_Pn","Ab higher"
"dhrs7",136.318380429614,-12.0049238325011,3.6183323697794,6.42623013711379e-09,1.33998798785002e-07,"Ab_vs_Pn","Pn higher"
"esamb",231.364605776149,6.11745021603094,1.12806079889044,6.57821152029918e-09,1.36778210559857e-07,"Ab_vs_Pn","Ab higher"
"gpr161",32.1498290069329,10.6622337413256,3.18028527645146,6.99478206661534e-09,1.45027790214044e-07,"Ab_vs_Pn","Ab higher"
"glyctk",105.257723277374,-5.03570830909341,0.979478941070486,7.14238462222873e-09,1.47669810875966e-07,"Ab_vs_Pn","Pn higher"
"rab34b",90.5550546242347,-11.364550634675,3.45686161670134,7.63868160926492e-09,1.57485945628761e-07,"Ab_vs_Pn","Pn higher"
"gtf2h3",346.616488935304,5.15297461494287,0.962150442183854,7.74558341444754e-09,1.592413623886e-07,"Ab_vs_Pn","Ab higher"
"si:ch73-215d9.1",686.767669118698,7.57487767643151,1.40567038854224,8.15681754650913e-09,1.67226183817648e-07,"Ab_vs_Pn","Ab higher"
"mrpl17",63.9712309325358,7.19064203171363,1.33399347540144,8.26860838858901e-09,1.69044538536545e-07,"Ab_vs_Pn","Ab higher"
"vps26c",110.806792237939,7.78911413111046,1.45528062153712,8.63893030861194e-09,1.76123484481144e-07,"Ab_vs_Pn","Ab higher"
"atxn10",80.5319352937609,8.94970192049096,1.65631642196804,8.74605885867936e-09,1.7781223551854e-07,"Ab_vs_Pn","Ab higher"
"sltm",105.569668050033,5.20817079315052,0.967510665623962,8.78367640044516e-09,1.78082347852793e-07,"Ab_vs_Pn","Ab higher"
"atp5l",302.588665552871,-5.18253919303271,0.99013266836692,8.8789380878425e-09,1.79516430566075e-07,"Ab_vs_Pn","Pn higher"
"bag2",153.385484233226,8.29650615066545,1.55003840773106,9.05223395589211e-09,1.8251597885172e-07,"Ab_vs_Pn","Ab higher"
"trim23",56.5741935861798,-9.86752663362267,3.06921424486458,9.35415285216839e-09,1.880852877061e-07,"Ab_vs_Pn","Pn higher"
"wfs1a",93.6358165735596,-11.4259230442161,3.49032061147402,9.69240160663201e-09,1.94352568106684e-07,"Ab_vs_Pn","Pn higher"
"aifm3",70.8963713302859,7.1557707658718,1.33216736078522,9.73305912441497e-09,1.94634589430582e-07,"Ab_vs_Pn","Ab higher"
"ephb2b",157.002741329498,5.33105753295483,0.996628890603931,1.02468459639639e-08,2.04350587493874e-07,"Ab_vs_Pn","Ab higher"
"hdhd3",179.001721650099,-11.0859014904007,3.40207684379084,1.05721099815672e-08,2.1026432868231e-07,"Ab_vs_Pn","Pn higher"
"guk1a",38.9477373213824,6.49168744501546,1.22105033287438,1.10044704272637e-08,2.17124717540752e-07,"Ab_vs_Pn","Ab higher"
"med21",96.1917305212247,6.28890934193057,1.19131660604741,1.10060486688918e-08,2.17124717540752e-07,"Ab_vs_Pn","Ab higher"
"znf750",68.5821829804906,-5.14104505452564,0.975908363341148,1.09984457016708e-08,2.17124717540752e-07,"Ab_vs_Pn","Pn higher"
"exorh",49.5289823755917,9.21060514012794,1.81245643981499,1.14761784668493e-08,2.25790726341048e-07,"Ab_vs_Pn","Ab higher"
"vrk2",37.9826070212513,8.04723151467,1.59961368910005,1.1668079403971e-08,2.28950866374434e-07,"Ab_vs_Pn","Ab higher"
"arhgef38",122.52023028985,-5.05589950442598,1.00231966891225,1.2982128621598e-08,2.54054009041379e-07,"Ab_vs_Pn","Pn higher"
"ormdl2",46.7248972306492,-10.4069358875853,3.23474066109791,1.32213227467397e-08,2.57438869693834e-07,"Ab_vs_Pn","Pn higher"
"pdia6",80.2801819255876,-10.3489717758926,3.21783045774029,1.32254426840937e-08,2.57438869693834e-07,"Ab_vs_Pn","Pn higher"
"apoda.2",103.525358649436,6.0142951126306,1.13346006169552,1.50881843197207e-08,2.9291888868975e-07,"Ab_vs_Pn","Ab higher"
"scrn3",43.3756454922552,6.09761383146321,1.1617763867295,1.5145177260148e-08,2.93247493034453e-07,"Ab_vs_Pn","Ab higher"
"si:ch211-15p9.2",85.2161100364378,-4.41697487520307,0.868384791202837,1.52907464420338e-08,2.95284889734157e-07,"Ab_vs_Pn","Pn higher"
"mrpl14",333.1818298714,-5.37092397092816,1.06375065058259,1.55742810634651e-08,2.99968850272371e-07,"Ab_vs_Pn","Pn higher"
"brat1",138.562421354176,-5.27546456918411,1.06610464613455,1.58779154176889e-08,3.05014338430617e-07,"Ab_vs_Pn","Pn higher"
"tmed4",245.20967513165,-10.786385675691,3.34992056715147,1.65800727602844e-08,3.1766898568723e-07,"Ab_vs_Pn","Pn higher"
"cdh15",163.261308302229,7.02145484369861,1.33633792746707,1.66926735625765e-08,3.18991325860306e-07,"Ab_vs_Pn","Ab higher"
"si:ch211-243o19.4",108.054596859403,-5.64324908077345,1.14507692682496,1.68413901865479e-08,3.20995142644126e-07,"Ab_vs_Pn","Pn higher"
"cep19",45.6727216255805,6.98970024811571,1.33273332782749,1.87437533508575e-08,3.56326053960846e-07,"Ab_vs_Pn","Ab higher"
"casd1",570.250816705355,-4.7217584260022,0.945677568638586,2.03915336540073e-08,3.86646722315231e-07,"Ab_vs_Pn","Pn higher"
"tac1",83.7482654764282,10.1286468318691,2.93458692898569,2.11929357958285e-08,4.00803868448756e-07,"Ab_vs_Pn","Ab higher"
"nfkbiab",527.986120819887,-6.17511889637832,1.25548612415418,2.23400682211253e-08,4.21409688944372e-07,"Ab_vs_Pn","Pn higher"
"faf2",98.3655456216973,4.5433488567023,0.873130387673503,2.27791085573792e-08,4.28586877972901e-07,"Ab_vs_Pn","Ab higher"
"MCOLN3",85.6055917408759,7.50190932639122,1.43609815796789,2.31274670980874e-08,4.33853274455412e-07,"Ab_vs_Pn","Ab higher"
"lamb1b",104.288784068111,6.42647753969997,1.24143292787221,2.32395816287182e-08,4.33853274455412e-07,"Ab_vs_Pn","Ab higher"
"smc4",190.291710307356,5.8881870873481,1.13705208524067,2.32961247248227e-08,4.33853274455412e-07,"Ab_vs_Pn","Ab higher"
"naa30",180.048725568755,-5.05044542649689,1.02358904646802,2.32475028164036e-08,4.33853274455412e-07,"Ab_vs_Pn","Pn higher"
"ndor1",87.4618481291892,8.09856091833332,1.63988266279926,2.40200435685843e-08,4.46199743346367e-07,"Ab_vs_Pn","Ab higher"
"kl",45.8656760921499,8.14872327664897,1.53107423778186,2.49408902748553e-08,4.6213259727004e-07,"Ab_vs_Pn","Ab higher"
"rab20",695.47310479061,5.81855820536276,1.13524803374974,2.62583623999831e-08,4.8531554142797e-07,"Ab_vs_Pn","Ab higher"
"ndufa6",326.06914056685,4.17459121075148,0.808898320180871,2.67536833838711e-08,4.93224707019024e-07,"Ab_vs_Pn","Ab higher"
"zdhhc17",232.725388545957,-5.50529458454138,1.11098342058902,2.7112243081131e-08,4.98579163594969e-07,"Ab_vs_Pn","Pn higher"
"med29",27.0498890022487,8.29092724784131,1.69053201965849,2.91257177492215e-08,5.34263479214416e-07,"Ab_vs_Pn","Ab higher"
"zbtb3",79.8793589018884,-9.92660882482395,3.15145597558636,2.97741187753025e-08,5.44791938291098e-07,"Ab_vs_Pn","Pn higher"
"kif20a",89.892706338048,7.32319623063551,1.40366365029621,3.02529046983049e-08,5.52172093483525e-07,"Ab_vs_Pn","Ab higher"
"dnajc3a",376.236818301375,-5.32285733194668,1.07606057088948,3.04793405321876e-08,5.54921127748959e-07,"Ab_vs_Pn","Pn higher"
"prmt9",158.089138808575,-10.4560474776175,3.31340866208155,3.59383128312252e-08,6.52686133031606e-07,"Ab_vs_Pn","Pn higher"
"zgc:66024",37.9609485615024,-9.96321163742076,3.17785968666831,3.72553950622693e-08,6.7493127836819e-07,"Ab_vs_Pn","Pn higher"
"atp2a1",122.765239075823,6.2402802254734,1.22765001365621,3.74409732933923e-08,6.76618477862563e-07,"Ab_vs_Pn","Ab higher"
"trim65",344.006004033202,-10.5445548464929,3.34177311085613,3.76918824581059e-08,6.79475092883934e-07,"Ab_vs_Pn","Pn higher"
"mars2",332.173192202439,-4.97401995148959,1.02003769605947,3.84302351321738e-08,6.91083270104127e-07,"Ab_vs_Pn","Pn higher"
"padi2",66.5868058270583,-9.97675451531778,3.18973067796655,3.96768770555025e-08,7.10012379386853e-07,"Ab_vs_Pn","Pn higher"
"stx18",305.972217152239,-4.95857406879269,1.01623208065865,3.96300410324627e-08,7.10012379386853e-07,"Ab_vs_Pn","Pn higher"
"fbxw8",51.933932179685,7.64790036845055,1.47232857880018,4.0419458122429e-08,7.21536619507457e-07,"Ab_vs_Pn","Ab higher"
"lrba",163.815372722927,-3.79065877730453,0.776365396822796,4.15597856788363e-08,7.40087764923122e-07,"Ab_vs_Pn","Pn higher"
"esr1",216.899365594192,-4.61541244118026,0.966465500824715,4.41383231245826e-08,7.84098026574806e-07,"Ab_vs_Pn","Pn higher"
"hvcn1",43.164305598277,9.95288038620967,2.98056651788613,4.48194715948527e-08,7.94270490563503e-07,"Ab_vs_Pn","Ab higher"
"foxn4",32.0021489566774,10.8669337071341,3.34607151220873,4.56810017947513e-08,8.075827346275e-07,"Ab_vs_Pn","Ab higher"
"pgam5",155.603178491465,7.81046230503001,1.55085030443121,4.59026997285355e-08,8.09546648947353e-07,"Ab_vs_Pn","Ab higher"
"PITPNM2",157.402612284903,4.86757458344348,0.966562217533806,4.63177800399443e-08,8.14903442577769e-07,"Ab_vs_Pn","Ab higher"
"fasn",177.223294072887,-4.38305014831562,0.910284842883347,4.90609406205615e-08,8.61095981779112e-07,"Ab_vs_Pn","Pn higher"
"psen1",157.45296500739,-5.31318417743948,1.08693313955534,4.9397145426475e-08,8.64922744919546e-07,"Ab_vs_Pn","Pn higher"
"DISP3",54.2008781653865,7.0855137413895,1.40771119264186,5.01138753369178e-08,8.75378170861339e-07,"Ab_vs_Pn","Ab higher"
"si:dkey-23o4.6",36.5649628203752,-9.6646984254085,3.11481586033409,5.13328577737107e-08,8.94536157251878e-07,"Ab_vs_Pn","Pn higher"
"eif3f",144.185641721172,-10.1335638914705,3.24911331489632,5.21994210262812e-08,9.0571359272788e-07,"Ab_vs_Pn","Pn higher"
"tmem59",41.3835297576288,-9.53070311257483,3.08077641035815,5.22217702051053e-08,9.0571359272788e-07,"Ab_vs_Pn","Pn higher"
"rgn",145.388504080648,8.35082910371929,1.66356588561735,5.39654409931243e-08,9.33742464843207e-07,"Ab_vs_Pn","Ab higher"
"tmem98",42.4149068878417,8.18189638798941,1.72046432951081,5.43279068340541e-08,9.37797052166136e-07,"Ab_vs_Pn","Ab higher"
"endog",104.17155321775,4.54600075225868,0.907138621728526,5.5150755171907e-08,9.49760887301617e-07,"Ab_vs_Pn","Ab higher"
"spata22",45.851735626945,11.458986110456,3.50135032219307,5.63396623660971e-08,9.67957720322687e-07,"Ab_vs_Pn","Ab higher"
"skp2",277.595922108934,6.1105660275711,1.21791090838435,5.77985545540374e-08,9.90697004170959e-07,"Ab_vs_Pn","Ab higher"
"ube3a",67.5377460834862,-10.8405088186555,3.46291535383951,5.95612406763484e-08,1.01852504792101e-06,"Ab_vs_Pn","Pn higher"
"zfyve19",73.9717679911902,-10.0603438095638,3.23485765304668,6.0504984161169e-08,1.03225169947691e-06,"Ab_vs_Pn","Pn higher"
"cltb",260.356801237022,-6.31596734564522,1.33395645257686,6.15703483943677e-08,1.04798460441483e-06,"Ab_vs_Pn","Pn higher"
"cdadc1",307.28147061658,5.24628694022442,1.04896040509296,6.2587938462289e-08,1.06283322878305e-06,"Ab_vs_Pn","Ab higher"
"lzts2b",75.3052147168602,5.13018137550848,1.02580639519473,6.430490939958e-08,1.08946211086927e-06,"Ab_vs_Pn","Ab higher"
"ndufaf1",65.6926804119628,-10.5333147090056,3.38102173085135,6.49832715318697e-08,1.09841238878003e-06,"Ab_vs_Pn","Pn higher"
"ccdc167",37.9880984010701,6.71163986654788,1.33578773658778,6.71190417598185e-08,1.13189923188966e-06,"Ab_vs_Pn","Ab higher"
"si:dkey-256h2.1",169.10669180733,10.7641498405432,2.23971019765994,6.83044792369965e-08,1.14924249088638e-06,"Ab_vs_Pn","Ab higher"
"cables2a",60.0109276266309,6.68421639943899,1.3414186918176,7.10870489505854e-08,1.19331676896636e-06,"Ab_vs_Pn","Ab higher"
"dph5",95.4226006456273,-4.76333999707765,1.01620538777131,7.20085174683328e-08,1.20601908318244e-06,"Ab_vs_Pn","Pn higher"
"niban2a",99.4771199455245,-5.49395654899236,1.14406692830303,7.32122018924623e-08,1.22337923664596e-06,"Ab_vs_Pn","Pn higher"
"atp6v1d",256.952169898109,6.24136367448837,1.25272046576981,7.42855900875728e-08,1.23848800421628e-06,"Ab_vs_Pn","Ab higher"
"TANC2",53.6831374297557,7.39007633698606,1.44538951868424,7.81456356552958e-08,1.29988160763889e-06,"Ab_vs_Pn","Ab higher"
"zdhhc15b",177.995881110788,8.64033025243269,2.68591361079757,7.90430832478382e-08,1.31182840428782e-06,"Ab_vs_Pn","Ab higher"
"slc18b1",80.8388990126307,5.41514442582343,1.09532269302894,7.9460865327834e-08,1.31577844645796e-06,"Ab_vs_Pn","Ab higher"
"foxm1",34.630116979261,10.6835617875799,3.20432805402282,8.03473886602971e-08,1.32745493815963e-06,"Ab_vs_Pn","Ab higher"
"PRKAB2",16.3359294939704,9.60809533517951,3.02478840800693,8.33331014972346e-08,1.37368236454563e-06,"Ab_vs_Pn","Ab higher"
"zgc:172270",35.0655062386741,-9.90064431322442,3.22171460712678,8.63297132941664e-08,1.41684077825489e-06,"Ab_vs_Pn","Pn higher"
"sh2d1ab",64.2325801045647,8.05571037040067,1.59440018191285,8.63384324500182e-08,1.41684077825489e-06,"Ab_vs_Pn","Ab higher"
"msx3",53.2313441831223,8.13670708160999,1.72931565350509,8.88775079303881e-08,1.45199660835382e-06,"Ab_vs_Pn","Ab higher"
"gatb",51.6179902538826,7.8595625229306,1.57059939032028,8.88721112001743e-08,1.45199660835382e-06,"Ab_vs_Pn","Ab higher"
"si:dkey-98f17.5",66.7122756518129,-10.2699931215922,3.3320977241256,9.01022051491713e-08,1.46221294786427e-06,"Ab_vs_Pn","Pn higher"
"map6d1",45.4426855937375,6.10461276979679,1.24065787369191,9.00946045913107e-08,1.46221294786427e-06,"Ab_vs_Pn","Ab higher"
"ap5z1",128.184329604869,5.64878816478635,1.14797550803494,8.97797508681463e-08,1.46221294786427e-06,"Ab_vs_Pn","Ab higher"
"rapgef3",143.868661854124,-11.8247486976685,3.79097525009388,9.29234007095e-08,1.50466011016113e-06,"Ab_vs_Pn","Pn higher"
"CDK2AP1",21.3525706127098,9.54923862363365,2.96140695685772,9.35598853198432e-08,1.51162207650316e-06,"Ab_vs_Pn","Ab higher"
"plekhd1",69.0146509128953,7.0666127595852,1.45370312562078,9.52022849816549e-08,1.53476987616901e-06,"Ab_vs_Pn","Ab higher"
"fgd5a",70.1368397510091,-10.7519959838074,3.47686673546543,9.56851621716776e-08,1.53916418007584e-06,"Ab_vs_Pn","Pn higher"
"tma16",1973.36303328344,-5.32790174262286,1.17093210482568,9.68300256997888e-08,1.55416438179113e-06,"Ab_vs_Pn","Pn higher"
"actr8",194.525668622583,6.25370404286079,1.2683602818044,9.89528729482226e-08,1.58476165669156e-06,"Ab_vs_Pn","Ab higher"
"twnk",26.950380738167,10.3921646071743,3.18516869992822,9.92368438578318e-08,1.5858394327412e-06,"Ab_vs_Pn","Ab higher"
"ankrd13a",65.8180366968495,5.60924694169919,1.1481536710125,9.98622343003069e-08,1.59235662928964e-06,"Ab_vs_Pn","Ab higher"
"SLC22A23",147.008838607451,5.46483702659483,1.11768782893876,1.05299623583593e-07,1.67540857610504e-06,"Ab_vs_Pn","Ab higher"
"ogfod2",59.0061702393581,10.5440536012426,3.15105437143281,1.06131556250022e-07,1.68133519522491e-06,"Ab_vs_Pn","Ab higher"
"tcta",33.3228547564181,6.80388765489401,1.38204916299312,1.06000356477591e-07,1.68133519522491e-06,"Ab_vs_Pn","Ab higher"
"skap1",92.8322888998982,9.85062843387677,2.11863426484729,1.10454548123438e-07,1.74604068621047e-06,"Ab_vs_Pn","Ab higher"
"si:ch211-14i3.2",42.6429705589831,8.13249514587375,1.74243930532164,1.13140490199964e-07,1.78464493054642e-06,"Ab_vs_Pn","Ab higher"
"march7",110.955845672494,-4.11238157469349,0.868984124761328,1.22652547653452e-07,1.93052472317336e-06,"Ab_vs_Pn","Pn higher"
"si:ch73-238c9.1",44.0329163621056,-10.1841836655856,3.33291824279747,1.23956092763159e-07,1.94685545693898e-06,"Ab_vs_Pn","Pn higher"
"hddc2",27.2651258979943,10.5577240121542,3.3322910096274,1.24307678428856e-07,1.94819678462698e-06,"Ab_vs_Pn","Ab higher"
"psmc5",393.069395949333,-5.30966369150016,1.16457120337754,1.24797425271201e-07,1.95169306743573e-06,"Ab_vs_Pn","Pn higher"
"NT5C3B",377.10512008568,6.48295384518098,1.34295754398213,1.25509439774287e-07,1.95864304841792e-06,"Ab_vs_Pn","Ab higher"
"eri1",114.032063908226,-11.5127555913026,3.73166774692017,1.26576134444486e-07,1.96273459321862e-06,"Ab_vs_Pn","Pn higher"
"kif15",13.3604755169068,8.94186110112321,2.86555517256169,1.26239470899908e-07,1.96273459321862e-06,"Ab_vs_Pn","Ab higher"
"marcksl1a",202.939794176391,-4.24727377418572,0.911379003393845,1.26414465445895e-07,1.96273459321862e-06,"Ab_vs_Pn","Pn higher"
"rnft1",72.773944704038,-10.8334451443483,3.534132588504,1.35303068841446e-07,2.0936219045466e-06,"Ab_vs_Pn","Pn higher"
"rd3",108.235294293696,5.38893274677238,1.11735788380625,1.43917514985793e-07,2.22222002569835e-06,"Ab_vs_Pn","Ab higher"
"phkg2",65.6870755743098,-9.50071095113325,3.1406419677499,1.45772054329197e-07,2.24611719081136e-06,"Ab_vs_Pn","Pn higher"
"ndufab1b",154.250701512844,-4.84581656165819,1.06058990082019,1.51608202845976e-07,2.3311353710708e-06,"Ab_vs_Pn","Pn higher"
"armc1l",590.653637242947,5.96616833417938,1.23713644464403,1.55173739153834e-07,2.38095722613609e-06,"Ab_vs_Pn","Ab higher"
"uevld",94.0829362940365,6.01069551601468,1.24963065940469,1.5861409053671e-07,2.42865382560289e-06,"Ab_vs_Pn","Ab higher"
"il17d",84.0854175544749,-4.74725776765462,1.01894545185502,1.59808347052305e-07,2.44183150746519e-06,"Ab_vs_Pn","Pn higher"
"mitd1",52.1193637302429,7.85377929325056,1.60679873867572,1.61496448513403e-07,2.462484388895e-06,"Ab_vs_Pn","Ab higher"
"acyp2",34.4094597489109,-9.68299532201137,3.20681281922413,1.63191257115249e-07,2.48315345286176e-06,"Ab_vs_Pn","Pn higher"
"pld7",509.010090602937,4.82102446353835,1.00405625508653,1.6615837779425e-07,2.52305636322846e-06,"Ab_vs_Pn","Ab higher"
"tpte",83.4700175264504,6.90287566060959,1.43598285380401,1.84081116119433e-07,2.78941964571042e-06,"Ab_vs_Pn","Ab higher"
"six9",88.3791864064195,6.33588469017336,1.31234406018566,1.87655341129818e-07,2.83770545811806e-06,"Ab_vs_Pn","Ab higher"
"riox1",189.809698521208,-4.88905419526292,1.04708234054588,1.99926726819121e-07,3.01703858471989e-06,"Ab_vs_Pn","Pn higher"
"thap4",307.097118968318,-5.6660027555819,1.2741250051378,2.00944122134418e-07,3.02615232490084e-06,"Ab_vs_Pn","Pn higher"
"rhof",55.9874840265436,-10.464484218681,3.46410784244862,2.01547084173227e-07,3.0290002239504e-06,"Ab_vs_Pn","Pn higher"
"rxrbb",59.6617069542138,-10.5429932687741,3.48682144847284,2.03098688706856e-07,3.04606414476533e-06,"Ab_vs_Pn","Pn higher"
"chrac1",19.1305006120235,8.8468906027196,2.85727307618388,2.04667677786425e-07,3.06331847386267e-06,"Ab_vs_Pn","Ab higher"
"WDR33",133.512566553165,4.8012319749216,1.00958415516043,2.05954052975077e-07,3.07628104841752e-06,"Ab_vs_Pn","Ab higher"
"gorasp1a",432.803191668694,-6.0532961768448,1.36748211758545,2.08528919176973e-07,3.10839747343435e-06,"Ab_vs_Pn","Pn higher"
"ampd3a",43.1520225206651,8.20216052857403,1.80746261346127,2.16606851496279e-07,3.22224704492128e-06,"Ab_vs_Pn","Ab higher"
"kcnn4",184.196470522793,-3.45351846034143,0.751076285547536,2.21751041891086e-07,3.29208088357172e-06,"Ab_vs_Pn","Pn higher"
"si:dkey-174m14.3",171.847173852132,5.98080212818337,1.26556073665351,2.29225464621293e-07,3.39615622583652e-06,"Ab_vs_Pn","Ab higher"
"znhit3",69.0701246832925,-4.55033547533203,1.00824084394147,2.31051212198558e-07,3.41629054965908e-06,"Ab_vs_Pn","Pn higher"
"ptpdc1b",69.1655512032096,-4.63929641921919,1.03969359051936,2.37737414469013e-07,3.50806479132804e-06,"Ab_vs_Pn","Pn higher"
"pdia4",170.227872981315,-11.9507913033188,3.94594994479613,2.46439520292459e-07,3.62915663786823e-06,"Ab_vs_Pn","Pn higher"
"trpt1",133.174649580565,6.45969664596269,1.3662365707593,2.59412901884168e-07,3.81253620259082e-06,"Ab_vs_Pn","Ab higher"
"f9b",45.5589586614718,-9.58082875829309,3.21171843982108,2.66033679572681e-07,3.8942010015849e-06,"Ab_vs_Pn","Pn higher"
"dnajc19",63.0321666833503,7.88328526315585,1.68343746520549,2.65894642442157e-07,3.8942010015849e-06,"Ab_vs_Pn","Ab higher"
"tsta3",39.8980602172669,-9.77954568228139,3.27734017254964,2.66937688746295e-07,3.899634618631e-06,"Ab_vs_Pn","Pn higher"
"si:ch1073-335m2.2",117.578380926353,4.22117249168193,0.896902108689617,2.77694248680424e-07,4.04869363763351e-06,"Ab_vs_Pn","Ab higher"
"rad1",207.956207524594,-5.58004454462145,1.26460933674755,2.82841236866812e-07,4.11553680442982e-06,"Ab_vs_Pn","Pn higher"
"rrp12",69.0222963582941,6.57360736751881,1.40849219474516,2.9830993709798e-07,4.33200482067484e-06,"Ab_vs_Pn","Ab higher"
"eif2b1",64.0653414351458,-9.9350917992195,3.33993150640803,3.13545127462556e-07,4.54423126316524e-06,"Ab_vs_Pn","Pn higher"
"tmbim1b",58.1990451488201,10.6293748380064,3.33092265307146,3.16193208062691e-07,4.57355353717556e-06,"Ab_vs_Pn","Ab higher"
"khdc4",1030.27731813094,5.831435680943,1.25011882504665,3.1992626008424e-07,4.61842267762634e-06,"Ab_vs_Pn","Ab higher"
"aplp2",64.0449317356754,-8.51436627846976,2.89519456205478,3.28561791240608e-07,4.73374753954727e-06,"Ab_vs_Pn","Pn higher"
"xaf1",27.7365977086814,-9.41068169362854,3.18919771802311,3.32910388736218e-07,4.78697668990252e-06,"Ab_vs_Pn","Pn higher"
"si:dkey-122a22.2",53.1453389228592,6.29651044996876,1.34783523506871,3.34785838395673e-07,4.80450500238811e-06,"Ab_vs_Pn","Ab higher"
"fam183a",370.260342506855,4.16581224153857,0.898667594704067,3.5361126353858e-07,5.06473745173946e-06,"Ab_vs_Pn","Ab higher"
"chadlb",37.3052616007871,7.57314336216615,1.58594443430708,3.5607649327218e-07,5.09008565284977e-06,"Ab_vs_Pn","Ab higher"
"tmem82",52.9184040835173,10.314537744724,3.16904526921805,3.58975742280662e-07,5.12152720809388e-06,"Ab_vs_Pn","Ab higher"
"asb3",20.9300044980003,8.44064142809293,2.71141194380151,3.73512036578367e-07,5.31854979711492e-06,"Ab_vs_Pn","Ab higher"
"ppil4",26.2015605524592,5.30225557734102,1.14412228214356,3.74907528527055e-07,5.32805475978547e-06,"Ab_vs_Pn","Ab higher"
"srpx2",163.736084632288,-10.2540366646414,3.45953665611529,3.82127375641038e-07,5.42013616728054e-06,"Ab_vs_Pn","Pn higher"
"gyg1a",52.0198089654436,-3.38347970280166,0.741845739395733,3.89536726217362e-07,5.51454409900362e-06,"Ab_vs_Pn","Pn higher"
"sema4ba",23.8294144822865,5.32082294972618,1.14697358069498,3.90717067308317e-07,5.5205757058486e-06,"Ab_vs_Pn","Ab higher"
"uck2a",70.4426398677707,6.6133271230971,1.40822612046337,4.11744000070265e-07,5.8064630761354e-06,"Ab_vs_Pn","Ab higher"
"QPRT",16.5104969291398,9.61658141613762,3.12885144186455,4.15475532427886e-07,5.8478181189225e-06,"Ab_vs_Pn","Ab higher"
"slco5a1a",99.8262144452584,7.31483581822494,1.54131914772409,4.1840114223992e-07,5.87769282160072e-06,"Ab_vs_Pn","Ab higher"
"nr1h5",137.593655380488,-4.03039769943716,0.899050847802082,4.351430849532e-07,6.10117287121163e-06,"Ab_vs_Pn","Pn higher"
"tmtops2b",36.2634307125488,5.42698631502946,1.1775766161361,4.482240007776e-07,6.27256493631215e-06,"Ab_vs_Pn","Ab higher"
"qrich1",159.556403328719,-5.13231169898883,1.20656078567542,4.56678830987094e-07,6.37868771754683e-06,"Ab_vs_Pn","Pn higher"
"tbc1d4",31.582887031507,6.20283503169049,1.34497171448579,4.64364911961845e-07,6.47368912504523e-06,"Ab_vs_Pn","Ab higher"
"nfkb1",150.787102625963,6.21411598273898,1.37071333041653,4.91974182366087e-07,6.84554950710531e-06,"Ab_vs_Pn","Ab higher"
"mthfsd",19.565774353452,8.13891429196823,2.65930764715397,5.04712485418895e-07,7.00946998250643e-06,"Ab_vs_Pn","Ab higher"
"prickle1b",47.55147646492,5.07966266385364,1.11458762491205,5.07393814745749e-07,7.03336236765935e-06,"Ab_vs_Pn","Ab higher"
"ech1",44.6735097055959,7.4005007523058,1.62419568889661,5.09492297284324e-07,7.04910042310769e-06,"Ab_vs_Pn","Ab higher"
"rufy1",186.806360130147,-5.25613454883965,1.22305958581551,5.19088447825175e-07,7.16831764081595e-06,"Ab_vs_Pn","Pn higher"
"tlr22",53.155178141085,10.3446419533166,3.21549390617076,5.21703519905008e-07,7.19086264064925e-06,"Ab_vs_Pn","Ab higher"
"usp13",73.35883865486,-6.01373619735761,1.39013441646672,5.25941240499043e-07,7.23564650227913e-06,"Ab_vs_Pn","Pn higher"
"ttc5",25.9337959650134,4.63440185849803,1.01540337962784,5.28817792380246e-07,7.2615711490263e-06,"Ab_vs_Pn","Ab higher"
"gpr155a",27.7284137435349,-9.40328241534785,3.22737294285815,5.41003693040594e-07,7.41499256435226e-06,"Ab_vs_Pn","Pn higher"
"kctd9a",22.2094172958189,7.89192472139933,1.80770527921417,5.43262198901596e-07,7.43202996964631e-06,"Ab_vs_Pn","Ab higher"
"ergic1",86.3833853113563,5.92679837811561,1.31281892723267,5.62298664070839e-07,7.67810433271356e-06,"Ab_vs_Pn","Ab higher"
"pih1d2",59.4721240671174,7.30346021067326,1.60296931572189,5.84395684221542e-07,7.96497581530255e-06,"Ab_vs_Pn","Ab higher"
"mms22l",62.4633255440204,3.96684552405052,0.87375575457894,6.01326060964338e-07,8.18049338326764e-06,"Ab_vs_Pn","Ab higher"
"FBXO40",99.5185684615155,6.33718712582537,1.40531845425709,6.13024185896585e-07,8.32416329606142e-06,"Ab_vs_Pn","Ab higher"
"fgfr1op2",18.2537672544113,5.9493767702581,1.30712713153294,6.27613899832997e-07,8.50649283866242e-06,"Ab_vs_Pn","Ab higher"
"wasf3b",39.4515909662822,4.32019741210724,0.955065583057109,6.53391603520925e-07,8.83950673968511e-06,"Ab_vs_Pn","Ab higher"
"coasy",221.393411081097,-5.18737549168938,1.22271756229317,6.65541974792691e-07,8.98727253414706e-06,"Ab_vs_Pn","Pn higher"
"evplb",19.7838084561766,9.97941110046914,3.30924612418156,6.6964514547951e-07,9.02602729238404e-06,"Ab_vs_Pn","Ab higher"
"cdc7",33.3203577766562,7.56643702318406,1.77305237797737,6.76594186005163e-07,9.10292802825696e-06,"Ab_vs_Pn","Ab higher"
"phactr1",135.574555680678,4.09100365573146,0.904025944799333,6.83719464584636e-07,9.18191332347697e-06,"Ab_vs_Pn","Ab higher"
"dhrs12",113.884695762069,7.11543316901533,1.58528769763498,7.23591377973378e-07,9.69957013807171e-06,"Ab_vs_Pn","Ab higher"
"camk1a",41.6633723371311,5.77209531519211,1.28561257036916,7.25508530066099e-07,9.70748982002518e-06,"Ab_vs_Pn","Ab higher"
"dgke",278.616106871564,-5.64223539041387,1.35685766744431,7.32664607554499e-07,9.78535084432733e-06,"Ab_vs_Pn","Pn higher"
"micu1",116.791338833815,-5.37277663501256,1.26466921030611,7.3829099015169e-07,9.84253507635742e-06,"Ab_vs_Pn","Pn higher"
"arhgef9b",41.2159150407422,5.57338149898025,1.2449428363474,7.44441664552795e-07,9.90648825974892e-06,"Ab_vs_Pn","Ab higher"
"klhl7",22.5480274267584,10.1093573623201,3.29305794037019,7.52430253077518e-07,9.99462254496253e-06,"Ab_vs_Pn","Ab higher"
"acsbg1",31.1985551701235,10.7127533554235,3.49314933447763,7.55695982249902e-07,1.00198168371142e-05,"Ab_vs_Pn","Ab higher"
"snx13",29.8605774790153,5.40060924755025,1.20465110130163,7.60599912546034e-07,1.00666017358489e-05,"Ab_vs_Pn","Ab higher"
"sprtn",30.715280163509,-9.49018252943556,3.29275231868479,7.64511536485236e-07,1.01001081868871e-05,"Ab_vs_Pn","Pn higher"
"zgc:103759",31.0571409811555,5.39948620676865,1.2100472275712,7.67920554873829e-07,1.01268658398587e-05,"Ab_vs_Pn","Ab higher"
"stk38a",45.149779315595,-9.30704145792221,3.22776911475313,7.69790955844257e-07,1.013327339177e-05,"Ab_vs_Pn","Pn higher"
"ddx24",61.5540713014744,-8.72874132639606,3.03404216292967,7.74247528220059e-07,1.0173640321441e-05,"Ab_vs_Pn","Pn higher"
"arg1",105.878573183897,-4.33372019293831,1.01485310667212,7.77757683372408e-07,1.02014488971374e-05,"Ab_vs_Pn","Pn higher"
"smdt1b",39.1013166195733,-8.99367923995178,3.12915583972255,8.0384654513781e-07,1.05247815095951e-05,"Ab_vs_Pn","Pn higher"
"cfl1",64.1372133956354,-9.68429859252292,3.35695821805372,8.13429774278705e-07,1.0631236639189e-05,"Ab_vs_Pn","Pn higher"
"TMEM50B",232.879311545002,-5.15891142205932,1.24708415548293,8.25478102786824e-07,1.07694727884078e-05,"Ab_vs_Pn","Pn higher"
"ankrd27",22.7927127690379,5.37665704188081,1.19224078515923,8.27407361586934e-07,1.07754350168234e-05,"Ab_vs_Pn","Ab higher"
"aqp10b",30.8528401878909,-9.09852939586293,3.17695753089041,8.75139695510464e-07,1.1376816041636e-05,"Ab_vs_Pn","Pn higher"
"banf1",118.604414678306,-9.24717315587583,3.22368265805493,8.87502366481717e-07,1.15170741494321e-05,"Ab_vs_Pn","Pn higher"
"znf839",77.274498411159,4.41703536661699,0.998804382785925,8.95547655226119e-07,1.16009084753982e-05,"Ab_vs_Pn","Ab higher"
"pola2",186.794922446828,8.49307267246272,1.89025865154848,9.02364747255938e-07,1.16685646381028e-05,"Ab_vs_Pn","Ab higher"
"rrp9",42.4083783418506,7.22950387186994,1.58409068301801,9.0555225719121e-07,1.16891304592283e-05,"Ab_vs_Pn","Ab higher"
"rpl9",332.149145617583,-9.57514997079592,3.33234980313287,9.15098816615602e-07,1.17584931859024e-05,"Ab_vs_Pn","Pn higher"
"ncf2",216.852689447284,-5.00988005703769,1.18863700825408,9.15745472873937e-07,1.17584931859024e-05,"Ab_vs_Pn","Pn higher"
"RAB19",99.8281121865474,4.57880915192539,1.02797732366187,9.14648247805703e-07,1.17584931859024e-05,"Ab_vs_Pn","Ab higher"
"bcan",12.5686657445961,8.98823964122277,3.01889294382983,9.76198388550285e-07,1.25127775933442e-05,"Ab_vs_Pn","Ab higher"
"tgm2b",27.8902292904822,7.32386422825689,1.60877832676965,9.79627366799169e-07,1.25347774433621e-05,"Ab_vs_Pn","Ab higher"
"aldh7a1",30.0250848594875,-8.81279445410426,3.09673476492444,1.01629617326591e-06,1.29812769496216e-05,"Ab_vs_Pn","Pn higher"
"SYDE1",24.6569785718731,5.35146774799224,1.206230661046,1.0270685857285e-06,1.30960191270852e-05,"Ab_vs_Pn","Ab higher"
"zdhhc22",27.9613077801143,-8.79518276013349,3.09416650461944,1.05002424327557e-06,1.3365439020059e-05,"Ab_vs_Pn","Pn higher"
"fbxo32",59.6359179576947,4.15073895582269,0.941254871223534,1.05633739780614e-06,1.3422453844693e-05,"Ab_vs_Pn","Ab higher"
"rbp5",310.920157316779,-5.07707306024804,1.21484632435924,1.07579059456273e-06,1.3645946900528e-05,"Ab_vs_Pn","Pn higher"
"gtf2h4",35.3638108219537,-9.64119999250861,3.38255461008418,1.08911665176803e-06,1.37910809243776e-05,"Ab_vs_Pn","Pn higher"
"DDA1",19.6418326388498,-8.86126873689012,3.12244288576734,1.09550434018446e-06,1.38480073675476e-05,"Ab_vs_Pn","Pn higher"
"tbck",19.4735238207808,7.61340279071267,1.82615770286885,1.11039536871996e-06,1.40120408683817e-05,"Ab_vs_Pn","Ab higher"
"tmub2",166.15885105619,-5.01025679140598,1.20440331276335,1.1151688051369e-06,1.40480559118709e-05,"Ab_vs_Pn","Pn higher"
"SH2B2",33.3739994776319,-9.56344374253741,3.36032774146815,1.12587512214278e-06,1.41585567336135e-05,"Ab_vs_Pn","Pn higher"
"gtpbp6",19.151251968895,6.91955978033729,1.65963614230821,1.13276271346189e-06,1.42207380786065e-05,"Ab_vs_Pn","Ab higher"
"mtfr1",49.1589346498912,7.33683673832994,1.7445538528322,1.14034160935862e-06,1.42913702720817e-05,"Ab_vs_Pn","Ab higher"
"stau1",40.6990107985924,-7.98096999038329,2.82900905306023,1.18287838455231e-06,1.47991229000656e-05,"Ab_vs_Pn","Pn higher"
"C17orf75",62.7788796791477,5.1662829244091,1.18648840578572,1.26608173798834e-06,1.58130584306087e-05,"Ab_vs_Pn","Ab higher"
"si:ch211-197h24.6",41.0626126749227,4.43358021626806,1.02341830439883,1.27598453591283e-06,1.59095925355128e-05,"Ab_vs_Pn","Ab higher"
"eif4eb",49.8077098000205,6.8525905471151,1.55635947993276,1.31137063505336e-06,1.63229960509448e-05,"Ab_vs_Pn","Ab higher"
"rgs9a",122.870403062682,5.73318140597508,1.32789601839086,1.3269361109646e-06,1.64887018610355e-05,"Ab_vs_Pn","Ab higher"
"hmgb1a",121.654421951133,-9.06533834762049,3.20851295061968,1.33747128846003e-06,1.65633711679171e-05,"Ab_vs_Pn","Pn higher"
"mtres1",152.70577090213,3.27699984953064,0.74854132500579,1.33552656892852e-06,1.65633711679171e-05,"Ab_vs_Pn","Ab higher"
"mmp28",134.898294859792,5.51177114803934,1.27420815540223,1.37228184909905e-06,1.69657615769526e-05,"Ab_vs_Pn","Ab higher"
"abcg2d",46.8424545585095,7.2166618407298,1.64689985662986,1.39943482970562e-06,1.72722824934493e-05,"Ab_vs_Pn","Ab higher"
"lgals8a",52.4406752182312,-9.45708773616808,3.35458013300646,1.47142182182041e-06,1.81060630235747e-05,"Ab_vs_Pn","Pn higher"
"NEMF",70.8960901011278,4.15374433452056,0.960902439005417,1.47193708143557e-06,1.81060630235747e-05,"Ab_vs_Pn","Ab higher"
"ccdc181",47.8088429515358,5.35572040037755,1.2357504512741,1.48765211513546e-06,1.82686675011349e-05,"Ab_vs_Pn","Ab higher"
"cct5",284.639091933102,4.85866708635677,1.12743382312874,1.50063395011616e-06,1.83972192309885e-05,"Ab_vs_Pn","Ab higher"
"SNX14",133.296521305981,-9.69660842272978,3.43820120361387,1.51822623608091e-06,1.85817689329034e-05,"Ab_vs_Pn","Pn higher"
"dolpp1",17.8930476057276,6.17497688566484,1.41031102994103,1.52885186342532e-06,1.86805789455925e-05,"Ab_vs_Pn","Ab higher"
"ddx31",24.5905351797211,6.63303892565337,1.52210953744716,1.56030509611587e-06,1.90014525764926e-05,"Ab_vs_Pn","Ab higher"
"degs1",61.0318760160352,3.98320520036883,0.917437420819554,1.55831627153162e-06,1.90014525764926e-05,"Ab_vs_Pn","Ab higher"
"cog1",19.9433661598537,6.20691353592925,1.42599466033954,1.6520110432425e-06,2.0084831936033e-05,"Ab_vs_Pn","Ab higher"
"ERG28",296.706056970309,-5.39021091158416,1.35572582214599,1.72841117170215e-06,2.09788414024678e-05,"Ab_vs_Pn","Pn higher"
"slc16a12b",92.5258609343665,-10.9198979271136,3.91238021393275,1.81624349224016e-06,2.19740644162332e-05,"Ab_vs_Pn","Pn higher"
"ergic2",43.6574877993049,5.25911717597719,1.24396798548175,1.81641057136509e-06,2.19740644162332e-05,"Ab_vs_Pn","Ab higher"
"P3H4",170.078510645906,-3.78756049927786,0.932898455592472,1.82972606631549e-06,2.20986222431734e-05,"Ab_vs_Pn","Pn higher"
"zdhhc2",161.962624667885,4.30135564853924,1.00775826873518,1.86804452269545e-06,2.25242468889752e-05,"Ab_vs_Pn","Ab higher"
"arpc4",55.7553658619192,5.93330056466157,1.3889730345373,1.90695981239606e-06,2.29556560311295e-05,"Ab_vs_Pn","Ab higher"
"sowahca",21.6148904338579,6.98382021128976,1.60235651155885,1.92017691710245e-06,2.3076806003732e-05,"Ab_vs_Pn","Ab higher"
"fam174b",23.0470295760026,-8.08671636005273,2.91276746586687,1.9472119847676e-06,2.33633516664165e-05,"Ab_vs_Pn","Pn higher"
"aamdc",133.382922257767,-2.74660493920769,0.651762762664601,1.95163896098031e-06,2.33781432985514e-05,"Ab_vs_Pn","Pn higher"
"kbtbd3",172.105421101586,9.20715647563694,2.12550797080059,1.98659996965877e-06,2.37580476763604e-05,"Ab_vs_Pn","Ab higher"
"sumo2b",30.3140646425881,5.45010299425125,1.28488685280674,2.02387734657056e-06,2.41643691672919e-05,"Ab_vs_Pn","Ab higher"
"klhl32",54.6936617982572,7.95890236251729,1.95248690145346,2.100409975553e-06,2.50140998570175e-05,"Ab_vs_Pn","Ab higher"
"rasgrp4",18.9135300268423,6.28126172272105,1.45276768522945,2.10188159749498e-06,2.50140998570175e-05,"Ab_vs_Pn","Ab higher"
"dhx29",41.4884964505555,8.84792851804621,2.97765198676867,2.12055632961522e-06,2.51953762604769e-05,"Ab_vs_Pn","Ab higher"
"tmod4",21.9306789997051,7.70010284098566,2.73609020878321,2.33122576987918e-06,2.76230048700398e-05,"Ab_vs_Pn","Ab higher"
"slx1b",231.156090844225,4.232537734799,1.00219736645951,2.33242478612988e-06,2.76230048700398e-05,"Ab_vs_Pn","Ab higher"
"bdh1",45.0288351272643,4.55014721174217,1.07593835365147,2.35014395656657e-06,2.77878895284502e-05,"Ab_vs_Pn","Ab higher"
"fkbp10b",110.397734095675,3.87037213432045,0.916308187298979,2.40822819746681e-06,2.84287454471929e-05,"Ab_vs_Pn","Ab higher"
"gngt1",230.427175935877,-4.2886080993766,1.08949431919706,2.48862987151258e-06,2.93305668753632e-05,"Ab_vs_Pn","Pn higher"
"gck",42.5513905281326,-8.618518082602,3.12978970346218,2.49988389073308e-06,2.94158363284171e-05,"Ab_vs_Pn","Pn higher"
"fpgs",12.9530313924907,8.09120445827159,2.85346965404892,2.55445385691722e-06,3.00097075100757e-05,"Ab_vs_Pn","Ab higher"
"clcf1",25.8651455453973,5.53551667328818,1.3127631625399,2.56128829279225e-06,3.00414923552224e-05,"Ab_vs_Pn","Ab higher"
"adck5",107.362639404348,-4.29835317998353,1.06899803802528,2.56536859161279e-06,3.00414923552224e-05,"Ab_vs_Pn","Pn higher"
"neurl4",84.5596813548206,-3.78052964275341,0.932645866975745,2.58678308059234e-06,3.02438743879478e-05,"Ab_vs_Pn","Pn higher"
"slc38a10",50.1963645570202,4.5354602692541,1.08110735262227,2.62393452194848e-06,3.06293090369073e-05,"Ab_vs_Pn","Ab higher"
"mibp2",295.230512426792,-9.55714557341467,3.46956497669515,2.7325775187249e-06,3.18467115597891e-05,"Ab_vs_Pn","Pn higher"
"si:dkeyp-97e7.9",20.6103286522667,7.51350752248586,1.87109112458155,2.76444734197454e-06,3.21158572950979e-05,"Ab_vs_Pn","Ab higher"
"faah2b",129.574888684905,-5.07424392412446,1.29908766897692,2.76328972535267e-06,3.21158572950979e-05,"Ab_vs_Pn","Pn higher"
"rab11al",112.335597568031,-4.53086711424496,1.14742347419144,2.78437958472481e-06,3.2296155595247e-05,"Ab_vs_Pn","Pn higher"
"fam160b1",117.271861844041,-3.89109681187991,0.967920359907252,2.80636550304322e-06,3.24996663240084e-05,"Ab_vs_Pn","Pn higher"
"brd7",39.6418061409801,6.4309976951955,1.52101369345914,2.82791907937502e-06,3.26975351373551e-05,"Ab_vs_Pn","Ab higher"
"ptpn2b",66.3220702175659,5.11322445328565,1.21987229855943,2.86073226948442e-06,3.3024762587313e-05,"Ab_vs_Pn","Ab higher"
"mrpl35",144.789638161483,-4.17991784259576,1.04950856304632,2.91444003919343e-06,3.359178999505e-05,"Ab_vs_Pn","Pn higher"
"gnav1",172.378886331278,6.36492929695148,1.55829416910659,2.92390961115999e-06,3.36479472391195e-05,"Ab_vs_Pn","Ab higher"
"zgc:55888",26.4322118184095,-9.16900071018443,3.35642872155282,3.03855583045016e-06,3.4857664769694e-05,"Ab_vs_Pn","Pn higher"
"h3f3d",69.47574731885,4.68471682308215,1.14346885393149,3.03832882814103e-06,3.4857664769694e-05,"Ab_vs_Pn","Ab higher"
"klf9",217.941551442121,-4.73013492835142,1.21468638142625,3.15034635348861e-06,3.60835445401927e-05,"Ab_vs_Pn","Pn higher"
"prepl",94.8025601352524,8.41902352419141,2.88527373066508,3.28245482959896e-06,3.75379482778669e-05,"Ab_vs_Pn","Ab higher"
"bnip1b",27.9287835691538,-8.82501209197836,3.23943142081556,3.36906066391452e-06,3.84682605291582e-05,"Ab_vs_Pn","Pn higher"
"GALNT5",144.835246615414,5.68802829837891,1.3973965106145,3.43217413795112e-06,3.91278543857698e-05,"Ab_vs_Pn","Ab higher"
"vps35l",21.8668255060261,4.42288160248135,1.06551462212558,3.53350073366063e-06,4.02203606060065e-05,"Ab_vs_Pn","Ab higher"
"eno1a",59.6336943073651,-7.74791065807914,2.85474873573101,3.56588638161463e-06,4.0525966501611e-05,"Ab_vs_Pn","Pn higher"
"ranbp1",85.2164526018763,-4.87900317287123,1.25279496879556,3.59148443059134e-06,4.07536039496093e-05,"Ab_vs_Pn","Pn higher"
"ccnh",149.605963623726,3.46971105838373,0.839471861850787,3.65250863432111e-06,4.13819050999942e-05,"Ab_vs_Pn","Ab higher"
"ankrd40",27.4455095873564,5.0199512609405,1.21770749520152,3.76083385031576e-06,4.25433430455348e-05,"Ab_vs_Pn","Ab higher"
"epn2",60.7373863676282,-3.82397809129398,0.951527115278897,3.7826770000488e-06,4.27244027212302e-05,"Ab_vs_Pn","Pn higher"
"upb1",33.4636335955911,6.55170605414338,1.59774078360823,3.83009599690738e-06,4.31268809251771e-05,"Ab_vs_Pn","Ab higher"
"dlc1",37.1281521916421,4.05198804213893,0.983921930314887,3.82692568116096e-06,4.31268809251771e-05,"Ab_vs_Pn","Ab higher"
"bicdl2",157.717760566702,-5.21512723600166,1.41739075709881,3.94023122142851e-06,4.42988514740941e-05,"Ab_vs_Pn","Pn higher"
"zgc:158640",27.6437977389805,8.208104230142,2.90810262020102,4.07061143209039e-06,4.56944863059349e-05,"Ab_vs_Pn","Ab higher"
"idh2",163.911589051198,-4.40034492939612,1.12702129389069,4.33813527110282e-06,4.86229893555919e-05,"Ab_vs_Pn","Pn higher"
"mfsd2b",115.922068435399,-4.5294769181328,1.18124255651531,4.35484493573198e-06,4.87356423312269e-05,"Ab_vs_Pn","Pn higher"
"C1orf50",19.039038975688,-8.52031429146085,3.16771291400859,4.43237771830145e-06,4.9479003849632e-05,"Ab_vs_Pn","Pn higher"
"ndufa3",51.138174084095,6.77652229244184,1.66758785536715,4.43478979715242e-06,4.9479003849632e-05,"Ab_vs_Pn","Ab higher"
"klhl21",14.0920487775778,-8.16381791714274,3.03823620544967,4.5159385430481e-06,5.0231237380804e-05,"Ab_vs_Pn","Pn higher"
"ndufaf3",1806.35258977788,4.539475584457,1.10984334614374,4.51215492840927e-06,5.0231237380804e-05,"Ab_vs_Pn","Ab higher"
"git2a",24.6365877137427,-8.33211422208657,3.10763485526452,4.81680498473711e-06,5.34965033130363e-05,"Ab_vs_Pn","Pn higher"
"atf6",65.4256280235626,7.33749997120723,1.79985756250048,4.83745472067546e-06,5.36444410615511e-05,"Ab_vs_Pn","Ab higher"
"cracr2ab",24.5590926623838,7.92859061403177,2.02922937643627,4.90972875341403e-06,5.43635472711608e-05,"Ab_vs_Pn","Ab higher"
"bloc1s1",17.3871685387173,-8.30158890856042,3.10303651205395,4.9953422776882e-06,5.52279609220543e-05,"Ab_vs_Pn","Pn higher"
"rps28",87.405045218472,-8.61173910795945,3.22237785865416,5.23246152396207e-06,5.776227133315e-05,"Ab_vs_Pn","Pn higher"
"tmem110l",24.8288165792921,7.31318370629756,1.8907329876093,5.33098256296328e-06,5.87612370155546e-05,"Ab_vs_Pn","Ab higher"
"atmin",17.6439345524442,5.63267903906966,1.39276724426073,5.36343383451072e-06,5.90300334357653e-05,"Ab_vs_Pn","Ab higher"
"sept10",28.0695422166283,-8.32594859011361,3.12002516409935,5.57954511314213e-06,6.13163523770079e-05,"Ab_vs_Pn","Pn higher"
"oxsm",38.5699901382719,5.52535345361799,1.35751417009099,5.81803921425041e-06,6.3841422802247e-05,"Ab_vs_Pn","Ab higher"
"metap1",35.0759292614682,4.51822637697669,1.11680978505459,5.87648311310318e-06,6.43861974622787e-05,"Ab_vs_Pn","Ab higher"
"lypla1",47.5933653923295,5.72434000148123,1.45278864776424,6.08350360002467e-06,6.65548024642459e-05,"Ab_vs_Pn","Ab higher"
"si:ch211-191d15.2",185.242809436361,4.73030210095728,1.18852102384824,6.23612841017261e-06,6.81227221403781e-05,"Ab_vs_Pn","Ab higher"
"rad54l2",112.953480454578,3.61749913458294,0.899551856238191,6.3462130836857e-06,6.92219576147476e-05,"Ab_vs_Pn","Ab higher"
"C12orf29",46.1886389638785,-5.12912114297709,1.36700429676738,6.43155710068269e-06,7.004846193437e-05,"Ab_vs_Pn","Pn higher"
"foxk1",42.7511713646843,3.66154112840176,0.914718691909482,6.51155041280077e-06,7.08143201653623e-05,"Ab_vs_Pn","Ab higher"
"vstm2l",15.8455349026565,7.29019968762725,1.90147289122241,6.67509864183302e-06,7.2485232877709e-05,"Ab_vs_Pn","Ab higher"
"cxcl19",14.0558892170257,5.5129234774505,1.36805994901261,6.69249284035665e-06,7.2566451997882e-05,"Ab_vs_Pn","Ab higher"
"acsl4a",81.4485754215483,5.08955355715534,1.29256951512533,7.03341953515091e-06,7.6150292274807e-05,"Ab_vs_Pn","Ab higher"
"entpd5b",50.224187996722,-3.66523235836678,0.932030465627854,7.14166333644118e-06,7.72080265279364e-05,"Ab_vs_Pn","Pn higher"
"metap2b",101.726040436327,-8.35300579651085,3.17156101421715,7.19044599357491e-06,7.76207584468655e-05,"Ab_vs_Pn","Pn higher"
"PCBP2",227.43046938931,-4.27685260430725,1.12917338299932,7.26735396177932e-06,7.83354398324931e-05,"Ab_vs_Pn","Pn higher"
"vat1",145.64366773311,-8.4551822110172,3.22536291474732,7.87862621875446e-06,8.47995077868587e-05,"Ab_vs_Pn","Pn higher"
"tmem129",18.1829701539911,6.68926561295101,1.66479127487912,7.92078161941939e-06,8.51280479772841e-05,"Ab_vs_Pn","Ab higher"
"ankzf1",243.39702907248,-4.71946989534566,1.30568033694928,7.94787694556329e-06,8.52940049333984e-05,"Ab_vs_Pn","Pn higher"
"serping1",700.665868872636,5.96504402601463,1.54711670797608,8.15040737313069e-06,8.73394312795659e-05,"Ab_vs_Pn","Ab higher"
"g2e3",57.5668851384019,-8.52667207409814,3.26430399940665,8.17229267131633e-06,8.74459211423454e-05,"Ab_vs_Pn","Pn higher"
"adam8b",13.7151533687555,8.55049889495484,3.08393698001808,8.23044819290865e-06,8.79396355093408e-05,"Ab_vs_Pn","Ab higher"
"eif4bb",54.6753180367129,-7.61883298475769,2.90919479228262,8.37612085762619e-06,8.93656392958689e-05,"Ab_vs_Pn","Pn higher"
"rps8a",301.935850075457,-8.97079516173499,3.44306356362403,8.55830168119761e-06,9.11764337768345e-05,"Ab_vs_Pn","Pn higher"
"osbpl1a",10.9936773013459,8.72420284706458,3.1509266352295,8.60703126143605e-06,9.15622991314687e-05,"Ab_vs_Pn","Ab higher"
"hint3",123.725348413194,5.08409266803186,1.30160842760687,8.69107800391153e-06,9.23222059660791e-05,"Ab_vs_Pn","Ab higher"
"dpep2",49.5326812378165,7.91479906751092,2.90754009205446,8.76107058815271e-06,9.29308342531735e-05,"Ab_vs_Pn","Ab higher"
"shq1",46.4317193466676,5.41745411930254,1.37673549014721,8.79307597562158e-06,9.31353445232625e-05,"Ab_vs_Pn","Ab higher"
"kcnj11l",25.830290653676,4.21726443457615,1.07571090398546,8.92099907575633e-06,9.42257733697972e-05,"Ab_vs_Pn","Ab higher"
"erlec1",36.9123769156059,4.03390516726185,1.03002992285243,8.92177359547335e-06,9.42257733697972e-05,"Ab_vs_Pn","Ab higher"
"nipa1",21.4447923977687,4.54517241544777,1.16851041515429,9.15136246969846e-06,9.65112707719352e-05,"Ab_vs_Pn","Ab higher"
"si:ch211-166a6.5",28.2475687859752,7.04322899638928,1.79342077751177,9.35759873463715e-06,9.8544266386776e-05,"Ab_vs_Pn","Ab higher"
"cplx4a",68.0532365556562,-8.07817628223673,3.10208298222634,9.44924654528378e-06,9.93664302657068e-05,"Ab_vs_Pn","Pn higher"
"fam177a1",16.5353122467945,7.13407409222651,1.94013769132785,9.62242637358304e-06,0.00010104237966751,"Ab_vs_Pn","Ab higher"
"myl1",256.048897523925,-4.34043581968126,1.18596021293954,9.84831564797856e-06,0.000103266220956383,"Ab_vs_Pn","Pn higher"
"rpl35a",81.3296174695619,-8.46466959038032,3.26778426346482,9.9235126627883e-06,0.000103905850041413,"Ab_vs_Pn","Pn higher"
"eno1b",42.3540860593775,-7.81476245839355,3.00567670279462,9.96520905668826e-06,0.000104044743346507,"Ab_vs_Pn","Pn higher"
"psma1",50.9006526694589,4.51891786667737,1.17048183807279,9.96409944521241e-06,0.000104044743346507,"Ab_vs_Pn","Ab higher"
"wdcp",174.74645500962,3.74198327640588,0.96336573135632,1.00420106213046e-05,0.000104697258885084,"Ab_vs_Pn","Ab higher"
"brsk2b",71.2825985475854,5.67032585774296,1.45623423665752,1.02772362954525e-05,0.000106997286552514,"Ab_vs_Pn","Ab higher"
"ppp1r3da",21.0177619221241,-7.75875302719813,2.99767097462912,1.06125530942595e-05,0.000110331358092167,"Ab_vs_Pn","Pn higher"
"atp5f1b",311.466416533584,-3.2729559349035,0.886383369498382,1.06787482743323e-05,0.00011086206896431,"Ab_vs_Pn","Pn higher"
"fmnl3",55.2046249641845,6.16064584872176,1.59338906485218,1.08823334016062e-05,0.000112815578139314,"Ab_vs_Pn","Ab higher"
"med20",63.6326481260391,5.76817879547991,1.45794283840419,1.1087423880408e-05,0.000114779144810051,"Ab_vs_Pn","Ab higher"
"ppp4r4",203.286171414452,4.37909492540709,1.13384833278902,1.12338969660668e-05,0.000116131203241021,"Ab_vs_Pn","Ab higher"
"rps14",478.101089182698,-9.57493848503298,3.7532205894651,1.13258497345419e-05,0.000116916634988874,"Ab_vs_Pn","Pn higher"
"si:ch211-212d10.2",7.7155292499347,7.70439721751004,2.89289274793968,1.17293631407518e-05,0.000120911561728398,"Ab_vs_Pn","Ab higher"
"mob1bb",31.2994297620614,-7.57584097861114,2.94818030176023,1.24508729379675e-05,0.000128168690623044,"Ab_vs_Pn","Pn higher"
"rpl7",102.97873291599,-8.17627755006292,3.18744441891426,1.25643868268501e-05,0.000129155543800162,"Ab_vs_Pn","Pn higher"
"thoc6",297.519400112297,-3.51304860296101,0.970237796858407,1.2736091878048e-05,0.000130736965575643,"Ab_vs_Pn","Pn higher"
"rnf10",24.5295194103503,-7.73156518644642,3.01599405893399,1.27956146443975e-05,0.000131164010619531,"Ab_vs_Pn","Pn higher"
"mos",10.756248572616,8.43202870233431,3.16261516440814,1.33424551890832e-05,0.000136440296201092,"Ab_vs_Pn","Ab higher"
"tmem165",330.06218861687,3.93162415692726,1.01466198929261,1.33476229102312e-05,0.000136440296201092,"Ab_vs_Pn","Ab higher"
"ltb4r2b",15.838223217499,-8.28338454250322,3.25752679106619,1.3589563774117e-05,0.000138531211030832,"Ab_vs_Pn","Pn higher"
"zfyve9a",27.1235247305101,4.88076090509824,1.28546580148551,1.35900272605735e-05,0.000138531211030832,"Ab_vs_Pn","Ab higher"
"zic3",10.8119145491128,6.43299449129799,1.76192148373988,1.37820561988817e-05,0.000140293281390285,"Ab_vs_Pn","Ab higher"
"ASTN2",21.3534666233865,7.62756693757166,2.85514566881958,1.40599861750698e-05,0.000142923665021299,"Ab_vs_Pn","Ab higher"
"si:ch211-107o10.3",23.3432692820388,6.21462060420458,1.73710362846197,1.42865357805095e-05,0.000145025180828778,"Ab_vs_Pn","Ab higher"
"arl3b",25.9511572380199,4.82601004178979,1.26939390791218,1.44103402546077e-05,0.00014607933562808,"Ab_vs_Pn","Ab higher"
"bfsp2",13.145938881419,5.21322048030434,1.35240111384088,1.46156268421342e-05,0.000147955425805782,"Ab_vs_Pn","Ab higher"
"fbxl5",64.1405182180666,4.60592379971978,1.21332631643282,1.48024162853228e-05,0.000149639343635742,"Ab_vs_Pn","Ab higher"
"dnajc7",105.360119014907,3.78694484302134,1.00375155308083,1.5272408992414e-05,0.000154177601952383,"Ab_vs_Pn","Ab higher"
"ctsd",75.0937541974494,4.61812353845178,1.22499615572004,1.53034035921998e-05,0.000154277700952218,"Ab_vs_Pn","Ab higher"
"slc35a1",108.703582865258,-3.04442687654304,0.815794356314702,1.53262809653336e-05,0.000154295805206708,"Ab_vs_Pn","Pn higher"
"fbxo3",81.4633741663733,3.47591077650435,0.91267302623576,1.54178161900692e-05,0.000155004116339445,"Ab_vs_Pn","Ab higher"
"txndc5",136.549043508895,-8.02876302647042,3.16590917861963,1.57458483506928e-05,0.000158084861562031,"Ab_vs_Pn","Pn higher"
"RPL19",115.868527498569,-8.22017150781482,3.25011698816271,1.60153934685558e-05,0.000160462107292648,"Ab_vs_Pn","Pn higher"
"ccdc153",41.6242112747343,6.64491889914528,1.8666997207981,1.60264790860672e-05,0.000160462107292648,"Ab_vs_Pn","Ab higher"
"bmb",13.5150531497304,7.06763936509045,1.95572373800442,1.65872292733179e-05,0.000165849632583898,"Ab_vs_Pn","Ab higher"
"tprkb",62.1362283068892,4.5772618979955,1.2203358151451,1.6623175022956e-05,0.000165982289212844,"Ab_vs_Pn","Ab higher"
"itpr1a",13.9747114773667,5.90518102736694,1.5211566683751,1.6652788793992e-05,0.000166051445753716,"Ab_vs_Pn","Ab higher"
"fbxo30a",16.9999549673899,-8.30748167600885,3.30790110497995,1.68092264992785e-05,0.000167383304419346,"Ab_vs_Pn","Pn higher"
"zgc:77375",45.1778935393711,5.97346183473779,1.58205180333474,1.69124707160846e-05,0.000168182572243238,"Ab_vs_Pn","Ab higher"
"slc1a8b",164.724533232803,-3.37623494225933,0.954108576694212,1.71102463722193e-05,0.000169918443959665,"Ab_vs_Pn","Pn higher"
"hnrnph3",84.6332188352039,4.39618155889529,1.17634373177175,1.71684875264916e-05,0.000170265799737658,"Ab_vs_Pn","Ab higher"
"ano10a",10.8571911390943,7.80789535205274,2.93973877937807,1.72615237249196e-05,0.000170956822926504,"Ab_vs_Pn","Ab higher"
"cox4i1",50.2951942822088,-7.43877510206115,2.93885419559278,1.73741147251879e-05,0.000171607484040014,"Ab_vs_Pn","Pn higher"
"exd2",34.9410959224707,6.15133188267597,1.66307206274946,1.73534337436485e-05,0.000171607484040014,"Ab_vs_Pn","Ab higher"
"zgc:153896",30.4616797605449,3.99084142204751,1.06868544731331,1.77690807366116e-05,0.000175272105001699,"Ab_vs_Pn","Ab higher"
"elmo3",50.1429404980976,4.65446746123905,1.23013432289792,1.80876810639039e-05,0.000178174613333395,"Ab_vs_Pn","Ab higher"
"si:ch211-283h6.4",9.77797217539324,8.53032264277172,3.1854056725658,1.81695386980809e-05,0.000178612679037977,"Ab_vs_Pn","Ab higher"
"blm",23.4064366539412,3.92308493888829,1.0485910251664,1.81809599512628e-05,0.000178612679037977,"Ab_vs_Pn","Ab higher"
"fastkd2",65.8956171165347,6.81581081108764,1.91048938052685,1.83383256610952e-05,0.000179917165567769,"Ab_vs_Pn","Ab higher"
"trappc12",215.739819269102,6.07372850490903,1.64717982527752,1.83790540155202e-05,0.00018007536323908,"Ab_vs_Pn","Ab higher"
"mettl8",26.7731625455766,4.8075024989763,1.29332759832164,1.85314117828242e-05,0.000181325404864292,"Ab_vs_Pn","Ab higher"
"cbx5",22.707386966042,-7.26203703828739,2.88330968065237,1.8935739464414e-05,0.000185034281895923,"Ab_vs_Pn","Pn higher"
"prkcsh",30.950673956018,-3.61293420054223,1.00266931545682,1.9252440883328e-05,0.000187878153100104,"Ab_vs_Pn","Pn higher"
"abhd3",22.9379396664873,6.0887983196648,1.63144886671043,1.96254031352806e-05,0.000190859649225448,"Ab_vs_Pn","Ab higher"
"rpl11",616.893637525388,-5.1608347453081,1.55538820974508,1.96361956369398e-05,0.000190859649225448,"Ab_vs_Pn","Pn higher"
"snf8",82.7413932163281,4.02954107910953,1.09573676822677,1.96190841254758e-05,0.000190859649225448,"Ab_vs_Pn","Ab higher"
"f2",23.5534146061694,7.21472475138573,2.74340505902628,1.96808997579134e-05,0.000191040457994918,"Ab_vs_Pn","Ab higher"
"PTDSS1",8.08587363875427,8.00855288838732,3.04724416156029,2.00095911874405e-05,0.000193973772054142,"Ab_vs_Pn","Ab higher"
"afap1l1a",58.1801922884479,6.96027362226778,1.8900767431297,2.01625396141033e-05,0.000194940062662645,"Ab_vs_Pn","Ab higher"
"acsf2",24.3664307066073,5.53011317934931,1.49147791528279,2.01567896324292e-05,0.000194940062662645,"Ab_vs_Pn","Ab higher"
"nipal3",17.6106784431487,4.45705688946901,1.19951893558729,2.0191406841697e-05,0.000194961618303932,"Ab_vs_Pn","Ab higher"
"polr1e",256.793561183115,-2.96835562014896,0.834272590456929,2.08167080101508e-05,0.000200734500561652,"Ab_vs_Pn","Pn higher"
"cdkn2aip",18.3732635840383,-7.55843740094565,3.03004146196288,2.15825805848048e-05,0.000207787730273323,"Ab_vs_Pn","Pn higher"
"immp1l",49.9259175278189,6.00384966213997,1.59072464332381,2.1604927276677e-05,0.000207787730273323,"Ab_vs_Pn","Ab higher"
"atf1",32.8058370638946,4.47091495569515,1.21515450630126,2.20911693400365e-05,0.000212185391600692,"Ab_vs_Pn","Ab higher"
"ace2",31.1480623901258,6.12882689170582,1.73676371177576,2.24119009745393e-05,0.000214739350910577,"Ab_vs_Pn","Ab higher"
"vps4a",155.096724892875,3.95235529708936,1.0583979659756,2.24157486126084e-05,0.000214739350910577,"Ab_vs_Pn","Ab higher"
"uckl1b",35.1890781447509,4.18889873177309,1.13252425000413,2.24857403165828e-05,0.000215128278924274,"Ab_vs_Pn","Ab higher"
"gnat1",412.150530066831,-3.70267529886806,1.07878802225117,2.27553191012764e-05,0.000217423212143919,"Ab_vs_Pn","Pn higher"
"si:ch73-106g13.1",11.1273211761607,6.28354715445871,1.81370649822787,2.34651015391197e-05,0.000223912748585159,"Ab_vs_Pn","Ab higher"
"rps4x",483.182090174099,-5.71997266230546,1.73418771108905,2.40151002977122e-05,0.000228862655050723,"Ab_vs_Pn","Pn higher"
"TIMP3",39.4938656478064,6.13510875285995,1.69524307096246,2.42548698568205e-05,0.000230847064345994,"Ab_vs_Pn","Ab higher"
"marcksl1b",61.6399659702772,-7.32957576172946,2.95314393880492,2.44163191624324e-05,0.00023208187006473,"Ab_vs_Pn","Pn higher"
"zdhhc6",26.206244059874,5.35592591575705,1.46863993048871,2.4657005480241e-05,0.000234065659027087,"Ab_vs_Pn","Ab higher"
"rpz",21.7196023279448,3.77476255495033,1.03212277928363,2.47812966343793e-05,0.000234940816148992,"Ab_vs_Pn","Ab higher"
"irak1bp1",104.6443587987,4.58102415385035,1.26127951226809,2.49111191448633e-05,0.000235866081528143,"Ab_vs_Pn","Ab higher"
"atp6v1ab",21.6094595711364,-7.14546879694755,2.87959925586845,2.55895783558838e-05,0.000241976904375599,"Ab_vs_Pn","Pn higher"
"zgc:172182",1384.52548041108,4.89293194281866,1.34694032189389,2.66469481205684e-05,0.000251650339734762,"Ab_vs_Pn","Ab higher"
"psmc3",79.144849818001,3.53686317810752,0.968054121243587,2.72703401088266e-05,0.000257205694918173,"Ab_vs_Pn","Ab higher"
"epyc",28.4470874293787,6.37272722597817,1.71411558117964,2.78069147103096e-05,0.00026192896880921,"Ab_vs_Pn","Ab higher"
"gpx7",12.6705099772231,8.07676008918115,3.07341221103574,2.8174579030056e-05,0.000265051084731337,"Ab_vs_Pn","Ab higher"
"guk1b",83.2969385392397,4.94235465945034,1.37165887041415,2.84390561316467e-05,0.000267195701960876,"Ab_vs_Pn","Ab higher"
"prss12",19.8794847117118,-8.29220631229232,3.41800677853438,2.85668467794037e-05,0.000267709028909674,"Ab_vs_Pn","Pn higher"
"itgbl1",174.13376318341,-3.80583262812041,1.10714233081219,2.85548427035409e-05,0.000267709028909674,"Ab_vs_Pn","Pn higher"
"sccpdha.1",52.667599196982,3.88692402600193,1.06815040952634,2.89097471421862e-05,0.000270576009378083,"Ab_vs_Pn","Ab higher"
"gse1",26.618988863433,3.42846612757284,0.940910997649217,2.90670588054357e-05,0.000271700898335867,"Ab_vs_Pn","Ab higher"
"GAS7",29.2211410129637,6.09824586332527,1.69988371214492,2.93946036451406e-05,0.00027441212254947,"Ab_vs_Pn","Ab higher"
"fn1b",360.829317741883,-5.19832013833798,1.65422380471157,2.97516816190327e-05,0.000277391793337198,"Ab_vs_Pn","Pn higher"
"sdf2l1",6.00830321947563,7.34633420573858,2.90217368508768,2.9891869607096e-05,0.000278344266735796,"Ab_vs_Pn","Ab higher"
"tox4a",31.7506827619443,4.36614804560146,1.21022707137835,3.04599359604311e-05,0.000282914049865984,"Ab_vs_Pn","Ab higher"
"cd9b",81.8087402444706,3.74939054912726,1.04369926663456,3.04464709587838e-05,0.000282914049865984,"Ab_vs_Pn","Ab higher"
"fbxo31",22.597811476991,3.85424219355196,1.06642939597524,3.06069969097896e-05,0.000283919658279785,"Ab_vs_Pn","Ab higher"
"fgf2",89.1755913829613,-3.11133522410344,0.897774778654668,3.11875514168905e-05,0.000288938846607876,"Ab_vs_Pn","Pn higher"
"sorbs2a",19.9563097903921,-7.01654119450854,2.86048641618744,3.12485556233223e-05,0.000289138026051954,"Ab_vs_Pn","Pn higher"
"hsp90ab1",380.070124496277,-3.71753751101664,1.0973151800907,3.13132006691006e-05,0.000289370348102459,"Ab_vs_Pn","Pn higher"
"OTUB2",34.910064570784,4.12599034226073,1.15060452510031,3.25245497998976e-05,0.000299519536036678,"Ab_vs_Pn","Ab higher"
"pkn3",85.49062256478,3.96751702294674,1.09901628193599,3.25342302430877e-05,0.000299519536036678,"Ab_vs_Pn","Ab higher"
"gdi1",25.2589493452384,3.64698302965086,1.02003483932479,3.24881265582559e-05,0.000299519536036678,"Ab_vs_Pn","Ab higher"
"itm2cb",10.8041775521023,8.67710613676652,3.32025421658469,3.44686700239565e-05,0.000316532240784614,"Ab_vs_Pn","Ab higher"
"trnt1",30.4215753500869,6.49956097860263,1.91167174596312,3.44659977057649e-05,0.000316532240784614,"Ab_vs_Pn","Ab higher"
"si:ch1073-440b2.1",12.6115096041558,-7.10802575994053,2.91934993848685,3.45670217132583e-05,0.000316755871453538,"Ab_vs_Pn","Pn higher"
"fam83hb",45.6368103826026,3.83986407622823,1.06873155829199,3.45795793539249e-05,0.000316755871453538,"Ab_vs_Pn","Ab higher"
"canx",18.8292183437573,-7.19869698236357,2.96501190457929,3.5545784066953e-05,0.000325199491982536,"Ab_vs_Pn","Pn higher"
"pgrmc1",18.1021028589257,-6.99261917117753,2.87541528869715,3.65153306938271e-05,0.000333652565977679,"Ab_vs_Pn","Pn higher"
"PHB2",20.7561590907752,-7.0419594105886,2.90076409150234,3.67677863116811e-05,0.000335540433934157,"Ab_vs_Pn","Pn higher"
"jupa",15.9533374063404,-7.4783435947184,3.10092224549892,3.69187345893416e-05,0.000336498404059018,"Ab_vs_Pn","Pn higher"
"ccdc191",10.0470488227285,8.26874106487069,3.19927946228016,3.87047964813415e-05,0.000351583549510127,"Ab_vs_Pn","Ab higher"
"ttc37",18.4817619108887,-8.01669629715142,3.3681060799074,3.87179042089305e-05,0.000351583549510127,"Ab_vs_Pn","Pn higher"
"tspan10",16.7598420374808,7.9952689705132,3.09139132143682,3.86495474196372e-05,0.000351583549510127,"Ab_vs_Pn","Ab higher"
"zgc:109982",26.3137391353728,-7.62173631230253,3.18313403575596,3.9743204722998e-05,0.000360446735275864,"Ab_vs_Pn","Pn higher"
"ggcta",147.604220818354,3.75105827904473,1.06340425233864,4.06963265929563e-05,0.000368634176155751,"Ab_vs_Pn","Ab higher"
"ak3",48.0824044512848,-6.80709616715674,2.81407018540584,4.11463986755457e-05,0.000371790730748542,"Ab_vs_Pn","Pn higher"
"SUCNR1",261.665134766735,4.99327569978512,1.40391321796348,4.11441979216169e-05,0.000371790730748542,"Ab_vs_Pn","Ab higher"
"rplp1",202.061050111912,-8.67891081555817,3.70392345764258,4.12835778272739e-05,0.000372570291144042,"Ab_vs_Pn","Pn higher"
"GABRA5",16.3682956706787,6.78117618360695,2.0205779859631,4.16372278090617e-05,0.000375299101397195,"Ab_vs_Pn","Ab higher"
"man2c1",144.318723433796,4.16145445154891,1.19085784400226,4.32561255521737e-05,0.000389411541102533,"Ab_vs_Pn","Ab higher"
"plaa",11.8051739023328,5.22341181136034,1.46939396757125,4.34275625695118e-05,0.000390474607427834,"Ab_vs_Pn","Ab higher"
"tjp2a",144.772427899799,-4.04302272648635,1.24912175355808,4.36815827812446e-05,0.000392276692485802,"Ab_vs_Pn","Pn higher"
"p3h2",25.747322329108,-4.23018630357185,1.26166995727607,4.37597464370285e-05,0.00039249703942722,"Ab_vs_Pn","Pn higher"
"iba57",104.883182358717,-3.14806516062228,0.954905774471874,4.38756063192766e-05,0.000393054544248208,"Ab_vs_Pn","Pn higher"
"taf3",27.8472503367746,-6.73561225145548,2.79219309075181,4.41350180605644e-05,0.000394895106583461,"Ab_vs_Pn","Pn higher"
"adnp2b",184.585631481076,-4.20950752688007,1.32378759175529,4.42564293003296e-05,0.000395497931683898,"Ab_vs_Pn","Pn higher"
"ankrd11",30.8070087310173,-6.65113254645102,2.75518631543606,4.43251032665203e-05,0.000395628574155685,"Ab_vs_Pn","Pn higher"
"UTP14C",17.0585953874448,5.1824103432044,1.48607854905654,4.74870924718184e-05,0.000423334993667769,"Ab_vs_Pn","Ab higher"
"gnao1b",41.0656618291195,4.0196425019609,1.15895644637108,4.77533662425372e-05,0.000425190860741034,"Ab_vs_Pn","Ab higher"
"acad8",48.9371433541789,-3.81789468268408,1.18094221688516,4.80163562186314e-05,0.000427013014780271,"Ab_vs_Pn","Pn higher"
"btbd6b",88.77250499797,2.73672543393208,0.764504239056623,4.83714489330466e-05,0.000429648828569136,"Ab_vs_Pn","Ab higher"
"fam32a",96.1895549780369,-3.27873935908515,0.972172644520257,4.86774023753684e-05,0.00043184231270948,"Ab_vs_Pn","Pn higher"
"rps17",211.20968217247,-8.1691425691057,3.50021453994333,4.89301912219355e-05,0.000433559406238918,"Ab_vs_Pn","Pn higher"
"tagln3b",36.243848530305,3.8957449495845,1.1275701349673,5.07353296994543e-05,0.000449010735272438,"Ab_vs_Pn","Ab higher"
"cpxm1a",24.145507221733,4.50760632416198,1.29612029159545,5.09433663222816e-05,0.000450307364870506,"Ab_vs_Pn","Ab higher"
"cfap410",19.330529693754,-7.68384176028635,3.28110055930558,5.20974256222437e-05,0.000459953025487577,"Ab_vs_Pn","Pn higher"
"rps9",183.732515624116,-8.24522778317865,3.5670849497912,5.34944209380954e-05,0.000471717670898699,"Ab_vs_Pn","Pn higher"
"tesca",17.0520005321704,5.49648804726649,1.59460096726627,5.42693382699058e-05,0.000477975074365151,"Ab_vs_Pn","Ab higher"
"spock3",83.8654134065056,-2.65382238070076,0.795680684094916,5.62815191282678e-05,0.000495101488581481,"Ab_vs_Pn","Pn higher"
"tmem106ba",17.7130800983909,-6.64622594117053,2.80259625911969,5.7294797718446e-05,0.000503410113446946,"Ab_vs_Pn","Pn higher"
"dbpb",19.3975546920535,-7.01400953666265,2.98108028797701,5.80508150919998e-05,0.000509441145873317,"Ab_vs_Pn","Pn higher"
"prph2la",119.647201127454,4.39963575139129,1.30191084190542,5.88640702214091e-05,0.000515959437066459,"Ab_vs_Pn","Ab higher"
"neurod1",363.670495839794,-6.81329964284932,2.88419186569605,5.92136128533121e-05,0.000517165193882329,"Ab_vs_Pn","Pn higher"
"TPPP",30.2767244714797,-4.31538405489757,1.35290809629584,5.91629181934691e-05,0.000517165193882329,"Ab_vs_Pn","Pn higher"
"cmya5",76.4005395587569,-3.58358878064781,1.11501904338853,5.92074601648321e-05,0.000517165193882329,"Ab_vs_Pn","Pn higher"
"ITM2A",108.031910736836,-3.54804841285318,1.10576000827358,5.93340669273135e-05,0.000517599565960676,"Ab_vs_Pn","Pn higher"
"ube2f",14.540726799097,6.90174653397885,2.10325861270803,6.05974354811518e-05,0.000527363412944768,"Ab_vs_Pn","Ab higher"
"rnps1",11.1840879211265,5.64465060325186,1.72246200615773,6.05857783837898e-05,0.000527363412944768,"Ab_vs_Pn","Ab higher"
"krt8",235.466708153295,-8.15104882189764,3.55865867707577,6.06991115228155e-05,0.000527620899329557,"Ab_vs_Pn","Pn higher"
"trap1",23.1892612408163,-7.47611961212252,3.22335948869854,6.17184385879602e-05,0.000535398756504356,"Ab_vs_Pn","Pn higher"
"ndufaf5",18.7468373174681,4.3621248108926,1.27328789504839,6.17402036466288e-05,0.000535398756504356,"Ab_vs_Pn","Ab higher"
"tbc1d20",17.0172101267475,-7.85682972841566,3.42221489858883,6.19511361457635e-05,0.000536592148462537,"Ab_vs_Pn","Pn higher"
"bbip1",225.96280054419,6.29152131615028,2.60919214199624,6.22548244875873e-05,0.000538585177806916,"Ab_vs_Pn","Ab higher"
"cx36.7",13.4552253816316,9.03276402832872,3.55022727052883,6.23592131009399e-05,0.000538851334930082,"Ab_vs_Pn","Ab higher"
"fuk",16.5982420354082,7.03659780472261,2.8812561511356,6.29747998794746e-05,0.000543528962639003,"Ab_vs_Pn","Ab higher"
"larp7",15.776122453718,5.47113024012219,1.60466604740969,6.32153562942682e-05,0.000544962535592166,"Ab_vs_Pn","Ab higher"
"tmx2a",162.141953885808,4.77939196519752,1.41697020294196,6.3297396478174e-05,0.000545027817439712,"Ab_vs_Pn","Ab higher"
"anxa13",29.7896607736059,-7.26657088941833,3.12614451512346,6.37349820312142e-05,0.000548150803156823,"Ab_vs_Pn","Pn higher"
"rtel1",13.5651234111439,6.15039629368428,1.78819834006172,6.55513437218662e-05,0.000563110662793825,"Ab_vs_Pn","Ab higher"
"MCUB",39.3666761199888,4.31820988887783,1.29374766491269,6.57313633839798e-05,0.000563334717338815,"Ab_vs_Pn","Ab higher"
"slc25a24",49.7141630204755,3.43228103561979,1.00491392185688,6.57038106435447e-05,0.000563334717338815,"Ab_vs_Pn","Ab higher"
"zc3h7a",33.8282483872859,4.34834288753696,1.29082258366174,6.59856113051659e-05,0.000564852268002935,"Ab_vs_Pn","Ab higher"
"lzic",9.8584421074538,5.53318075108885,1.60275229187125,6.62451939891709e-05,0.000566411886456474,"Ab_vs_Pn","Ab higher"
"zgc:153733",13.8500636757586,4.75591832430236,1.40682133052375,6.64104507637709e-05,0.000567162297712998,"Ab_vs_Pn","Ab higher"
"cyp17a2",22.8142084258909,6.17175264839765,2.59226002116952,6.6500711681771e-05,0.000567271222376319,"Ab_vs_Pn","Ab higher"
"lin7b",16.2701122567132,-6.95626812789572,2.98691503143726,6.73760660703535e-05,0.000574069182268821,"Ab_vs_Pn","Pn higher"
"gmfb",30.6038613316288,4.98550327250948,1.49704216704063,6.76428552107944e-05,0.000575672159636982,"Ab_vs_Pn","Ab higher"
"RPL37A",124.608583649155,-8.21166222317332,3.63388210481533,6.80171923331522e-05,0.000577393761519568,"Ab_vs_Pn","Pn higher"
"sec22a",18.5069303654597,5.04489515297638,1.50373818357851,6.8081816667767e-05,0.000577393761519568,"Ab_vs_Pn","Ab higher"
"zgc:158328",34.9548022779058,4.72359703807491,1.3919073649713,6.80348779523646e-05,0.000577393761519568,"Ab_vs_Pn","Ab higher"
"atp10b",17.5603174929717,8.17134825706895,3.22267071837867,6.82657944299322e-05,0.00057828396925078,"Ab_vs_Pn","Ab higher"
"mettl25",11.7387457085668,-7.25469766621445,3.14194321081585,6.84059396316272e-05,0.000578801239495814,"Ab_vs_Pn","Pn higher"
"dctn1b",36.0905112739987,3.91634131491355,1.15402287043253,6.99841135124578e-05,0.000591470816163601,"Ab_vs_Pn","Ab higher"
"ATP1A1",64.4789474689611,-6.78299971198582,2.91324403750434,7.13017858248498e-05,0.000601912076645993,"Ab_vs_Pn","Pn higher"
"zbtb8os",16.6642802286731,5.16374858035862,1.54384778870271,7.15721990766819e-05,0.000603498761569395,"Ab_vs_Pn","Ab higher"
"tshz1",23.4808005605616,5.08696536123089,1.46923837989664,7.20379015925632e-05,0.00060672658429916,"Ab_vs_Pn","Ab higher"
"slc2a10",59.0054216720642,-3.60014246301601,1.13556354429164,7.21387238351641e-05,0.00060687737902249,"Ab_vs_Pn","Pn higher"
"parp12a",193.615069685266,-3.32390666409375,1.06957902319316,7.23204465713048e-05,0.000607707633129024,"Ab_vs_Pn","Pn higher"
"npr3",9.20142840179746,6.30915893899176,2.67840548508056,7.28448406669186e-05,0.000611412143166488,"Ab_vs_Pn","Ab higher"
"nxnl2",15.2674679039782,-6.83548700214558,2.94614546366838,7.29325560100409e-05,0.000611447167740538,"Ab_vs_Pn","Pn higher"
"tes",8.82344465165212,6.85099856916541,2.84645813700871,7.34537793160227e-05,0.000615112369352368,"Ab_vs_Pn","Ab higher"
"rpl14",114.479258321726,-8.04336784922906,3.58131905657708,7.47074989518615e-05,0.000624896211232771,"Ab_vs_Pn","Pn higher"
"itpka",160.772072229719,-6.85486215279204,2.95890066038449,7.48366439439591e-05,0.000625261868750955,"Ab_vs_Pn","Pn higher"
"tprg1l",36.2336794560291,-2.74734404532101,0.838201161223252,7.66397013447203e-05,0.000639596321712666,"Ab_vs_Pn","Pn higher"
"bsg",23.2697803223256,-6.68741399365575,2.88084440815018,7.68681987455309e-05,0.000640645656276856,"Ab_vs_Pn","Pn higher"
"si:dkey-85k7.10",14.5880757045452,3.9964056884097,1.18839936704888,7.69405016897604e-05,0.000640645656276856,"Ab_vs_Pn","Ab higher"
"sod1",47.7847418709745,-6.7953890490326,2.93920459953359,7.72423534551819e-05,0.000642428164702814,"Ab_vs_Pn","Pn higher"
"ak4",12.2651057167722,4.24696788270679,1.27357457970108,7.80432689312921e-05,0.000648352650747022,"Ab_vs_Pn","Ab higher"
"cipca",28.0355813904128,5.27943936060135,1.59478104111178,7.84490649252637e-05,0.000650984927650799,"Ab_vs_Pn","Ab higher"
"slc25a32b",63.9169588842464,4.99519772159676,1.51983929828381,7.92443648532719e-05,0.000656839758053337,"Ab_vs_Pn","Ab higher"
"eif1axb",23.1454056099578,-6.76939346696237,2.93354303476172,7.98406383384166e-05,0.000660286589829233,"Ab_vs_Pn","Pn higher"
"DPYSL2",39.6157297284202,5.27789610744055,1.61151827082031,7.98178234707307e-05,0.000660286589829233,"Ab_vs_Pn","Ab higher"
"opn1sw2",401.773466733748,4.80803734786136,1.44181740842491,7.99488237905013e-05,0.000660435035352911,"Ab_vs_Pn","Ab higher"
"urad",15.1388671349927,-7.37593609480194,3.24958927238586,8.23724200090912e-05,0.000679688547966785,"Ab_vs_Pn","Pn higher"
"ppil1",20.3508811800485,7.52403801796189,3.01731016559499,8.32691634012489e-05,0.000685542190026705,"Ab_vs_Pn","Ab higher"
"GMFG",29.0048795458543,3.41119754761208,1.01236884729233,8.32417000568973e-05,0.000685542190026705,"Ab_vs_Pn","Ab higher"
"elmo1",17.9478693347662,-6.70939194469982,2.91610404141476,8.40192048880337e-05,0.00069093995570283,"Ab_vs_Pn","Pn higher"
"napepld",33.3200002380838,4.21390082913299,1.28256260183563,8.45049406143689e-05,0.000694154500961354,"Ab_vs_Pn","Ab higher"
"tspan33b",14.0928019150661,5.43034501385806,1.64809259818821,8.61285212208347e-05,0.000706698034546288,"Ab_vs_Pn","Ab higher"
"pkmb",13.0118842548684,5.72520464795714,1.80156628626656,8.63073068599063e-05,0.000707371980859635,"Ab_vs_Pn","Ab higher"
"c1galt1a",49.0349596668788,4.38604295122148,1.34609895250636,8.64270423833222e-05,0.000707560987923418,"Ab_vs_Pn","Ab higher"
"CDC37",19.4297104519221,-6.47688015530299,2.80755792628231,8.73344772530375e-05,0.000713394016757792,"Ab_vs_Pn","Pn higher"
"paf1",28.6581655286075,3.40157953352834,1.01567426979801,8.72768369800183e-05,0.000713394016757792,"Ab_vs_Pn","Ab higher"
"rom1a",208.853882604666,-3.48488588344673,1.13558894862195,8.91907981930899e-05,0.000727745208445067,"Ab_vs_Pn","Pn higher"
"sfr1",34.3701428937355,4.51134682835512,1.3886208717226,9.3027617715209e-05,0.000758206162647678,"Ab_vs_Pn","Ab higher"
"sdr42e2",124.613087340156,-2.74008513551019,0.862425588406834,9.40922295743942e-05,0.000766030064799768,"Ab_vs_Pn","Pn higher"
"tubgcp2",9.24493684362375,6.01349695887022,1.91870761867648,9.55852385929053e-05,0.000777320401401638,"Ab_vs_Pn","Ab higher"
"NCBP1",61.5605550712747,4.16237363344992,1.29201488449461,9.7101483205375e-05,0.000788774423507369,"Ab_vs_Pn","Ab higher"
"dmtf1",35.6059773357179,4.05848579822712,1.2325820087975,9.7859709784063e-05,0.000794052345797735,"Ab_vs_Pn","Ab higher"
"cox18",287.606029036754,4.04344946587424,1.20398697453703,9.91130745948448e-05,0.000803331775149135,"Ab_vs_Pn","Ab higher"
"krt18a.1",43.533504438516,-7.47098331163184,3.36970885673856,0.000100780042936977,0.000815939307805012,"Ab_vs_Pn","Pn higher"
"cpeb3",28.4096600103392,3.61495823946138,1.09790613400729,0.000101768033190409,0.000823027883890171,"Ab_vs_Pn","Ab higher"
"calm2a",187.672731032484,-2.72080831198029,0.845094791683525,0.000102433951493285,0.000827498996665954,"Ab_vs_Pn","Pn higher"
"lrfn4b",13.537331753401,4.75942271837828,1.45619178567813,0.00010327003590529,0.000833333398887339,"Ab_vs_Pn","Ab higher"
"spc25",6.79641229161661,7.56348132178907,3.13590210121605,0.000103553615096068,0.000834701441506743,"Ab_vs_Pn","Ab higher"
"erp44",122.32931529149,-4.31503724128832,1.50317128550809,0.000105867205720161,0.00085241152768521,"Ab_vs_Pn","Pn higher"
"cd63",140.909507758141,-3.41327456628447,1.12751372260786,0.000107346688959851,0.000863374084062802,"Ab_vs_Pn","Pn higher"
"cdca8",11.3346342797732,8.70822184690279,3.5524881187846,0.000107732944019206,0.000865529546955622,"Ab_vs_Pn","Ab higher"
"rbp4l",253.647686572023,-3.20945958423145,0.98680294690511,0.000109508776994922,0.000878831950466923,"Ab_vs_Pn","Pn higher"
"tent5ab",20.142284422807,3.5228009777214,1.08529636581524,0.000109755827567331,0.000879849837859028,"Ab_vs_Pn","Ab higher"
"elovl5",14.4198583384939,-6.43333917202409,2.83676224215788,0.000110132413415142,0.00088190277219412,"Ab_vs_Pn","Pn higher"
"akirin2",13.7853259631151,-7.36841189113355,3.35127587448694,0.000110475586496225,0.000883683953623903,"Ab_vs_Pn","Pn higher"
"tapt1a",5.16364560903602,6.87973864563801,2.93252491123244,0.000110610025811736,0.000883793426764301,"Ab_vs_Pn","Ab higher"
"arhgef10",51.967736305309,3.29170577906178,1.00770937405186,0.000111153305727437,0.000887165806563919,"Ab_vs_Pn","Ab higher"
"tacr3a",53.012509612458,-6.90345207751024,3.09451742085606,0.000112193035216387,0.000894488915848298,"Ab_vs_Pn","Pn higher"
"UNC13B",13.5075672467043,6.47202430345761,2.15312079887489,0.000112517608275271,0.00089610051682993,"Ab_vs_Pn","Ab higher"
"luc7l",63.1117796010758,4.88718983596675,1.53714574583975,0.000116308411130898,0.000925283979420696,"Ab_vs_Pn","Ab higher"
"znf142",67.2178012017375,-3.74388851489203,1.2776657668043,0.000118330491532735,0.00094034839036709,"Ab_vs_Pn","Pn higher"
"lactb",23.1610997460906,4.58531888365001,1.4286929430415,0.000118560988500149,0.00094115821565357,"Ab_vs_Pn","Ab higher"
"rufy3",45.1556420670501,3.89930158847105,1.2080484864929,0.000119591629738372,0.000948311092150751,"Ab_vs_Pn","Ab higher"
"dctpp1",8.60857044162882,-7.00782544540025,3.18158966643849,0.000120815609506678,0.000955996819059354,"Ab_vs_Pn","Pn higher"
"psmd9",74.11952489586,-3.52840894763955,1.17463247949702,0.000120822114719211,0.000955996819059354,"Ab_vs_Pn","Pn higher"
"zgc:193690",7.98120552047358,7.96955624885566,3.34018094578332,0.000124493598051184,0.000983983416994186,"Ab_vs_Pn","Ab higher"
"plcxd2",28.6932863570358,5.23372677381182,1.65646673785197,0.000126020032889921,0.000994973700886007,"Ab_vs_Pn","Ab higher"
"SMARCB1",25.6880154793633,4.26867649890627,1.33641269042315,0.000127050136372604,0.00100202580615419,"Ab_vs_Pn","Ab higher"
"tmem150aa",10.8016703408371,-6.62453506918672,2.98348573477298,0.000130369702885403,0.0010259955434605,"Ab_vs_Pn","Pn higher"
"bzw1b",36.6249899490733,-6.61007036921361,2.97804718743535,0.000130276622909913,0.0010259955434605,"Ab_vs_Pn","Pn higher"
"map6b",20.4072671012392,-7.32957543645708,3.39518437610653,0.000132274782776139,0.00103987017737762,"Ab_vs_Pn","Pn higher"
"mindy4b",24.8427870896649,7.59481082314652,3.17154599828617,0.000136659716438427,0.00107318933971336,"Ab_vs_Pn","Ab higher"
"psmc4",18.4115182318237,-6.54939987738649,2.96056112029302,0.000137213569394447,0.00107638383108034,"Ab_vs_Pn","Pn higher"
"mau2",9.55676588948406,4.93167078085107,1.49605962086665,0.000138897773048669,0.00108842912306553,"Ab_vs_Pn","Ab higher"
"sem1",38.3824782337615,-6.72987098131648,3.06742364112369,0.000140596495004042,0.00110056229618672,"Ab_vs_Pn","Pn higher"
"sav1",88.3812211323587,-7.58145955549205,3.57290215673076,0.000141861699035066,0.0011092796743992,"Ab_vs_Pn","Pn higher"
"lhfpl4a",9.46872010993364,7.81894436111133,3.2742097788375,0.000143592620012286,0.00112161620690493,"Ab_vs_Pn","Ab higher"
"rpl31",111.233758441976,-7.465382007605,3.50709784540524,0.000144966816813351,0.00113114299814171,"Ab_vs_Pn","Pn higher"
"trpc1",34.1547078128763,4.20839702703541,1.34978896621423,0.000147549948018442,0.00115007249153033,"Ab_vs_Pn","Ab higher"
"n4bp2",15.7766957427198,5.25650291704399,1.68629482838264,0.000148742914636633,0.00115726522683643,"Ab_vs_Pn","Ab higher"
"utp3",128.606951803714,2.89164904742242,0.897703602285369,0.000148788984622637,0.00115726522683643,"Ab_vs_Pn","Ab higher"
"pou6f2",10.4128630743039,5.74400582191203,1.78458384143209,0.000149114842370619,0.00115856850457597,"Ab_vs_Pn","Ab higher"
"her9",14.6839148470897,5.3075590786715,1.68799849239961,0.000151662530128432,0.00117711352917284,"Ab_vs_Pn","Ab higher"
"lmx1al",77.7540829991712,3.21288842922357,1.00710596177732,0.000155011427204622,0.00120183118189685,"Ab_vs_Pn","Ab higher"
"nelfe",150.537759470163,-2.7605576264236,0.917681251520864,0.000155236195069015,0.00120230022403188,"Ab_vs_Pn","Pn higher"
"fntb",24.2486487292355,3.35307321330651,1.05920929270473,0.000156718151897149,0.00121249487709855,"Ab_vs_Pn","Ab higher"
"phf6",14.0772077549502,3.72666181387962,1.18407518175517,0.000158062343873287,0.00122160326801329,"Ab_vs_Pn","Ab higher"
"top1l",19.7698572098582,-6.42211492552745,2.93356924671547,0.000159617223738701,0.00123210690248786,"Ab_vs_Pn","Pn higher"
"gdi2",22.76727784798,-6.26383364450263,2.8455365830337,0.000159758088599669,0.00123210690248786,"Ab_vs_Pn","Pn higher"
"sass6",638.351803339702,5.49580409735832,1.81672375719355,0.000162418588358462,0.00125130699810061,"Ab_vs_Pn","Ab higher"
"PPP2R2C",15.9538732858655,4.99982403368928,1.63192444686054,0.000162902074692686,0.00125371218157284,"Ab_vs_Pn","Ab higher"
"otop2",14.1653148292763,4.07595313625145,1.31306015451209,0.000165457634152189,0.00127204246256289,"Ab_vs_Pn","Ab higher"
"znf410",37.1899714599176,3.31644347014494,1.04721040111428,0.000166378281654156,0.00127777821975526,"Ab_vs_Pn","Ab higher"
"ift88",26.9821725197308,4.29029327452788,1.37088420885368,0.000166794557979447,0.00127963246315678,"Ab_vs_Pn","Ab higher"
"pola1",28.4039645595208,5.87468572120756,2.59842717862203,0.000166972709543754,0.00127965786507931,"Ab_vs_Pn","Ab higher"
"wipi2",9.37459344534621,-6.4471674912486,2.95921126786235,0.000168046257159142,0.00128653823864829,"Ab_vs_Pn","Pn higher"
"mrps18c",145.342966771131,-4.25239199031845,1.59724708473286,0.000168531229651292,0.00128890289427148,"Ab_vs_Pn","Pn higher"
"rpl18",222.47288623722,-7.61159167435676,3.68328443279363,0.000172223016801353,0.00131495663580296,"Ab_vs_Pn","Pn higher"
"vars2",19.7449459077717,3.77635388273361,1.20688911608782,0.000172297228273677,0.00131495663580296,"Ab_vs_Pn","Ab higher"
"kcnh3",8.02701052005285,7.92695511101884,3.38934439835513,0.00017315868454886,0.00132015459605532,"Ab_vs_Pn","Ab higher"
"FAHD2A",15.8023327430031,4.19432464284099,1.35311054488067,0.000173368599342192,0.00132037958229501,"Ab_vs_Pn","Ab higher"
"ube2v2",14.5702755614909,-6.32926944235721,2.9068996869001,0.000174029480184159,0.00132403509923894,"Ab_vs_Pn","Pn higher"
"bhlhe40",18.714884099843,-6.02920633143854,2.73938165701454,0.000174611436658719,0.00132708318266372,"Ab_vs_Pn","Pn higher"
"sema3c",11.6159541412061,-6.56611207442803,3.0529614615499,0.000178211036227572,0.00135023454880911,"Ab_vs_Pn","Pn higher"
"dctn4",11.7635129203304,-6.47599239712053,2.99911065239504,0.000177966564423279,0.00135023454880911,"Ab_vs_Pn","Pn higher"
"znrf3",450.755774737949,3.48451864095071,1.13558145052881,0.0001781554832994,0.00135023454880911,"Ab_vs_Pn","Ab higher"
"svopa",52.3232133930607,3.81253180482735,1.22192529751855,0.000178766381792981,0.00135304151845173,"Ab_vs_Pn","Ab higher"
"aga",12.8537804133174,5.58351369068333,1.89866539253371,0.000179228164056103,0.00135513526108122,"Ab_vs_Pn","Ab higher"
"sars2",25.9648859667608,-6.80552524763274,3.19571268633623,0.000179942701350102,0.00135913377830897,"Ab_vs_Pn","Pn higher"
"nosip",11.3099109617774,-6.52808822474227,3.03033039214637,0.000180802417880473,0.00136281451747393,"Ab_vs_Pn","Pn higher"
"lbr",14.9507004689025,-6.41735316649245,2.96132547041111,0.000180675489587421,0.00136281451747393,"Ab_vs_Pn","Pn higher"
"sdr39u1",21.1759783132152,5.68935257081116,1.86125116073185,0.000183513324971809,0.00138182512908299,"Ab_vs_Pn","Ab higher"
"ubxn1",76.0215763169917,3.1209733145819,0.989662920735744,0.000191352947723306,0.0014393753590821,"Ab_vs_Pn","Ab higher"
"si:ch211-246m6.4",15.5493140114265,-6.35546915619067,2.94718959329098,0.000192111014702803,0.00144359395955833,"Ab_vs_Pn","Pn higher"
"tspan4b",15.1590059858483,-6.85582908010909,3.25881605768916,0.000192749712792939,0.00144690784403233,"Ab_vs_Pn","Pn higher"
"slc22a2",17.142873083205,7.38322834622968,3.18700097099483,0.000195444066884414,0.00146563025156457,"Ab_vs_Pn","Ab higher"
"zgc:165481",14.3293483150094,5.90641298168455,2.0288359746751,0.00019724269171441,0.001476093313556,"Ab_vs_Pn","Ab higher"
"hspd1",195.631056986452,3.51122292532595,1.13431560132148,0.000197046285592621,0.001476093313556,"Ab_vs_Pn","Ab higher"
"gde1",13.167935926126,-6.12348501453831,2.82459881491676,0.000198688180575723,0.00148539202618357,"Ab_vs_Pn","Pn higher"
"abcg5",11.2990125380946,-6.6108027308032,3.12725646678203,0.000199741744203645,0.0014917447202311,"Ab_vs_Pn","Pn higher"
"rsl24d1",25.7187674254835,-6.49608429614681,3.0500322713185,0.000200617253643804,0.00149675604425994,"Ab_vs_Pn","Pn higher"
"gtpbp4",127.355195599395,-6.69107622101739,3.16847647648944,0.000202210286897637,0.00150710497943361,"Ab_vs_Pn","Pn higher"
"fut11",10.8258989488087,7.70496709768356,3.30679922886519,0.000206288663837554,0.00153593767103464,"Ab_vs_Pn","Ab higher"
"whrna",47.8512563498549,3.77562424867488,1.24406895063038,0.000211310401156044,0.0015717284817694,"Ab_vs_Pn","Ab higher"
"hnrnpr",19.2263049118815,-6.27457132466561,2.94102448650277,0.00021443997160019,0.00159338695648913,"Ab_vs_Pn","Pn higher"
"hdac9b",14.9701552948887,-6.56976128634593,3.12115727407136,0.000214710388172454,0.001593778226201,"Ab_vs_Pn","Pn higher"
"crls1",6.83728331039197,4.30105726823761,1.38902407012413,0.000216572040992848,0.00160596835666327,"Ab_vs_Pn","Ab higher"
"smn1",17.1190205312934,-6.92592197440528,3.35432778650629,0.00021750191792287,0.00160960216104902,"Ab_vs_Pn","Pn higher"
"ndrg3a",8.30672080899742,-6.20645180752105,2.90692428486804,0.000217375753470521,0.00160960216104902,"Ab_vs_Pn","Pn higher"
"gnb1a",137.39779722008,-3.0662615303982,1.09213348872676,0.000218584367123715,0.00161597877068532,"Ab_vs_Pn","Pn higher"
"rps3",260.057877010513,-7.47990022637324,3.72851090539921,0.00021915391362442,0.0016185544841747,"Ab_vs_Pn","Pn higher"
"yme1l1b",14.5473249118044,-5.95493716328401,2.76187127323452,0.000219950100227346,0.00162279716085075,"Ab_vs_Pn","Pn higher"
"arg2",14.2427075187454,-6.5343262416936,3.11019638411409,0.000220970550379183,0.00162868424796097,"Ab_vs_Pn","Pn higher"
"trpc4apa",16.6452439512397,-7.44932038292194,3.73615222986442,0.000222292426896917,0.00163677894613535,"Ab_vs_Pn","Pn higher"
"fgf8b",13.4776955777738,5.41606055258096,1.86042129626851,0.000223982929684202,0.00164756890689314,"Ab_vs_Pn","Ab higher"
"chfr",234.150808228126,3.50277458780204,1.14234587893769,0.00022586149172023,0.00165971913443811,"Ab_vs_Pn","Ab higher"
"alyref",24.5255385611039,-6.25977894976242,2.93892441020077,0.000226962477671951,0.00166613678443431,"Ab_vs_Pn","Pn higher"
"tfam",56.3697888357343,-2.78548794660362,0.960870132949754,0.000227373103075847,0.00166747869880975,"Ab_vs_Pn","Pn higher"
"dnpep",12.0966498066651,5.21047483531033,1.73277030122143,0.000235040966104204,0.00172198681773441,"Ab_vs_Pn","Ab higher"
"ppdpfb",53.9658108422793,-6.80660446235653,3.30766669381084,0.000235360862623437,0.00172260615354094,"Ab_vs_Pn","Pn higher"
"iah1",9.08179292591401,6.74993965136369,3.05376768082769,0.00023566397221281,0.00172310151111444,"Ab_vs_Pn","Ab higher"
"gdpd4b",203.349141474841,11.9479397579074,5.02755187998122,0.000242219445576472,0.00176926559099221,"Ab_vs_Pn","Ab higher"
"nudt1",64.0583414917959,-6.91325464775428,3.39687277354283,0.000243692554690343,0.00177825105461477,"Ab_vs_Pn","Pn higher"
"dldh",20.8468761155451,-6.21966649334239,2.9562540674095,0.000246798026891493,0.00179911828567613,"Ab_vs_Pn","Pn higher"
"scp2b",18.2342545378929,3.94844621177315,1.32746509425379,0.000247520362410884,0.00180079675197342,"Ab_vs_Pn","Ab higher"
"dlk2",63.2210767098048,-3.64178332393406,1.3607159319906,0.00024747793776053,0.00180079675197342,"Ab_vs_Pn","Pn higher"
"vdac3",71.329002928654,-3.56266657522661,1.3272650057649,0.000250019493877847,0.00181717246841307,"Ab_vs_Pn","Pn higher"
"ciapin1",47.8963833702534,3.68773110097126,1.24392406043521,0.000250959314157498,0.00182219367095112,"Ab_vs_Pn","Ab higher"
"ppfia4",15.213867487321,6.58537576234767,2.41762276828868,0.00026229761839418,0.0019026325758444,"Ab_vs_Pn","Ab higher"
"pex5",17.4321733086918,-6.42990642541535,3.1127040584575,0.00026260999206579,0.00190301240785101,"Ab_vs_Pn","Pn higher"
"srsf9",34.695439397248,5.35721195495527,1.86245931942267,0.000263171857323302,0.00190519764960361,"Ab_vs_Pn","Ab higher"
"mospd2",11.7080738648846,3.87114044906007,1.31024652851279,0.000265361756789092,0.00191915286357644,"Ab_vs_Pn","Ab higher"
"ldha",12.6137853073153,-6.7399898687117,3.31972287129557,0.000266676489057254,0.00192675737750251,"Ab_vs_Pn","Pn higher"
"ywhabb",65.5293650256713,-2.77521504434555,0.935131577484244,0.000268936031919878,0.0019411664868063,"Ab_vs_Pn","Pn higher"
"mesd",10.6523632865125,6.72451163040174,3.00505824949284,0.000270169272318461,0.00194814670354563,"Ab_vs_Pn","Ab higher"
"zbtb41",65.0069453742711,-3.67065069354512,1.43187944882595,0.000270651664447897,0.0019497042638722,"Ab_vs_Pn","Pn higher"
"cavin1b",59.3143647148371,-6.35973835192139,3.08383693531263,0.000275365965838775,0.00198171435985644,"Ab_vs_Pn","Pn higher"
"lmtk2",8.79617556830846,4.75795047667444,1.54095294549325,0.000277960689317363,0.00199842267692906,"Ab_vs_Pn","Ab higher"
"ppfia2",56.5100525909115,3.23982120457039,1.0730522838506,0.000278832505737991,0.00200272336555089,"Ab_vs_Pn","Ab higher"
"preb",79.8084716259353,-3.22205520956859,1.16529952001497,0.000281914844788912,0.00202287720491181,"Ab_vs_Pn","Pn higher"
"rpl10a",184.2216509778,-7.1759009216143,3.69165111670829,0.000283826098008978,0.00203459668102616,"Ab_vs_Pn","Pn higher"
"ctns",97.0808469945695,2.81034322138427,0.928267103974192,0.000284244875608525,0.00203560493598708,"Ab_vs_Pn","Ab higher"
"bcar1",13.9788434552027,-6.58427103654665,3.25411098705729,0.000286070393478783,0.00204667566947333,"Ab_vs_Pn","Pn higher"
"myo1ha",44.6197489630817,5.55216554717223,2.57897935037278,0.000289631913285231,0.00207013278645958,"Ab_vs_Pn","Ab higher"
"rgs5a",127.504786619355,-6.76553626112383,3.38393873025947,0.000293434000580958,0.00209526190268491,"Ab_vs_Pn","Pn higher"
"pla2g7",18.9156744610862,5.23106675023518,1.81323936122595,0.000302497638109971,0.00215787545158565,"Ab_vs_Pn","Ab higher"
"dhrs4",15.8950980390417,-6.12872053772877,2.98003277997268,0.000306706834327336,0.0021857714902062,"Ab_vs_Pn","Pn higher"
"aldh3b2",87.9592472526631,2.7673687744415,0.91159934102345,0.000310204180228992,0.00220854513141633,"Ab_vs_Pn","Ab higher"
"tmem192",22.1601201858309,-0.831399356897994,1.64519550823249,0.000311345544252645,0.00221451704410603,"Ab_vs_Pn","Pn higher"
"tmco3",19.2016444281809,4.12914817275947,1.41648559458761,0.000315175375766615,0.00223958114100568,"Ab_vs_Pn","Ab higher"
"G6PC2",7.70863976691797,-6.48028634429561,3.24649495101821,0.000320978262901766,0.00227860320676821,"Ab_vs_Pn","Pn higher"
"rrp7a",24.1752496953662,3.8574976618552,1.32739323426639,0.000321684547601512,0.00228140426734057,"Ab_vs_Pn","Ab higher"
"hnrnpub",17.6353898123402,-5.78130186637839,2.77572675174715,0.000322206029210396,0.00228289053997182,"Ab_vs_Pn","Pn higher"
"eef2kmt",50.6590614196372,5.97107783389506,2.80417212118173,0.000328425669728465,0.00232470742431589,"Ab_vs_Pn","Ab higher"
"rpl13",100.318579250391,-6.85248287115216,3.5236265768204,0.000331720023814551,0.0023457573471485,"Ab_vs_Pn","Pn higher"
"rab14l",8.75106897024578,-5.87043253300844,2.84522223082199,0.000332148198774797,0.00234651801817832,"Ab_vs_Pn","Pn higher"
"vti1a",10.6041105293789,-6.20704254949424,3.07178473138094,0.000334026042527978,0.00235750878038792,"Ab_vs_Pn","Pn higher"
"rbp3",60.5354735903141,-5.59451577108076,2.67090675563142,0.000334506413929757,0.00235862470477061,"Ab_vs_Pn","Pn higher"
"abca12",13.1568766707809,6.00139899289574,2.78482717830801,0.000335567312843919,0.00236382787555789,"Ab_vs_Pn","Ab higher"
"rpl35",411.491805582439,-4.23486453419426,1.7550667184152,0.000336457650999587,0.0023678207189096,"Ab_vs_Pn","Pn higher"
"bnip3la",10.9086004355375,4.92273727622344,1.76843712862644,0.000338816842489761,0.00238213301650582,"Ab_vs_Pn","Ab higher"
"tpi1b",32.1370455187173,3.81082587111056,1.31469081833543,0.000343703944371852,0.00241417386646601,"Ab_vs_Pn","Ab higher"
"arhgap17b",7.75487748815006,7.03939915978219,3.20393308165635,0.000344052008343072,0.00241430167695392,"Ab_vs_Pn","Ab higher"
"atp6v1f",27.928907793051,-6.36407439361362,3.1936629274381,0.00034662974848991,0.00243006046858012,"Ab_vs_Pn","Pn higher"
"ognb",261.007518255428,-3.20493678098737,1.2497274305387,0.000352081216114635,0.00246591619209858,"Ab_vs_Pn","Pn higher"
"inppl1b",13.8848327029692,5.228815439062,1.86787432103636,0.000353044033530354,0.00247029568012301,"Ab_vs_Pn","Ab higher"
"tnfrsf9a",8.78056445358036,3.95605956740228,1.37663508545516,0.000355215122074354,0.00248311315994479,"Ab_vs_Pn","Ab higher"
"atp1a2a",80.9680047769777,-3.41043828020983,1.34318076404918,0.000358891795991617,0.00250642085387657,"Ab_vs_Pn","Pn higher"
"ndfip1l",11.1790550294139,-5.95240620800726,2.92382650246481,0.000361651481704759,0.00252328617216123,"Ab_vs_Pn","Pn higher"
"parla",74.989317883343,5.39359340857584,2.58864161906083,0.000362876447288221,0.00252942163590713,"Ab_vs_Pn","Ab higher"
"ezrb",25.0141157836265,2.87062088566545,0.967552257508896,0.000363567330016338,0.00253182615450959,"Ab_vs_Pn","Ab higher"
"ndufa4l2a",10.6987589860632,-6.35891208426109,3.22225488282663,0.000366295802406959,0.00254840207016781,"Ab_vs_Pn","Pn higher"
"chid1",14.3998393587855,2.89195408950807,0.97948718432297,0.000369350949321202,0.00256721709219551,"Ab_vs_Pn","Ab higher"
"tax1bp3",9.59508028377853,5.61838060432905,2.08152687695269,0.000370461299753483,0.00257109125691644,"Ab_vs_Pn","Ab higher"
"csnk1e",7.24579120525263,4.79775398729446,1.6250138466878,0.000370610913519175,0.00257109125691644,"Ab_vs_Pn","Ab higher"
"foxo3b",7.67974554177765,-5.86525779893782,2.8855325206728,0.000371598301849559,0.00257549997276223,"Ab_vs_Pn","Pn higher"
"rpl23",724.672784002738,3.93174669165334,1.40369279408765,0.00037530330386472,0.00259871795741332,"Ab_vs_Pn","Ab higher"
"pdzd11",8.8192388490828,5.87753617678061,2.18069259661456,0.000379490304073275,0.0026252264040759,"Ab_vs_Pn","Ab higher"
"mcm8",7.47523747854767,5.3871927258338,1.98932520757909,0.000384226387036837,0.00265547962863324,"Ab_vs_Pn","Ab higher"
"engase",43.4433759443636,3.43127758393098,1.18165536353089,0.000385506720445536,0.00266181479900083,"Ab_vs_Pn","Ab higher"
"smurf2",15.2839368400967,4.32648093264999,1.51990523135622,0.00039169448886106,0.00270199054097464,"Ab_vs_Pn","Ab higher"
"pdcd5",15.3616452620576,-5.84991816098975,2.89438906735073,0.000392643083392078,0.00270343812544367,"Ab_vs_Pn","Pn higher"
"si:ch1073-280e3.1",116.532508692426,5.12032717898782,2.50290954976836,0.000392327444784386,0.00270343812544367,"Ab_vs_Pn","Ab higher"
"gigyf2",13.9236801147785,-5.7393604639384,2.82064651313207,0.000393909898271241,0.00270961141489399,"Ab_vs_Pn","Pn higher"
"ywhabl",20.6838741940624,-6.06982419211321,3.04775389214388,0.000394916465474061,0.00271398461108418,"Ab_vs_Pn","Pn higher"
"ppid",21.9617970046324,3.60470325771954,1.23441768001336,0.000401251611433801,0.00275493484435647,"Ab_vs_Pn","Ab higher"
"tdg.1",6.07963507191949,7.21231114895282,3.31934439995872,0.000402543850297699,0.00276121690752471,"Ab_vs_Pn","Ab higher"
"tbx2b",31.4271525820261,-5.62421090426107,2.75465975469156,0.000405519823134241,0.00277902582913812,"Ab_vs_Pn","Pn higher"
"aqp12",78.3203686090195,-2.97472027476804,1.10214263982301,0.000418136154438072,0.00286280497131174,"Ab_vs_Pn","Pn higher"
"slc7a6os",10.7324201822955,-5.8972731096328,2.95825659666698,0.000420803725910569,0.00287837614013033,"Ab_vs_Pn","Pn higher"
"rfx7b",6.35502299050428,6.39373354229116,3.01915991910644,0.000423146277874529,0.00289169711275787,"Ab_vs_Pn","Ab higher"
"psmd13",16.3521377599201,3.69688673412082,1.30546647885376,0.000426977594125738,0.00291515765989391,"Ab_vs_Pn","Ab higher"
"grk7a",29.8324730645216,-6.50627877639378,3.43558988740027,0.000437613935735977,0.00298499198103599,"Ab_vs_Pn","Pn higher"
"ldb1a",11.8806896495249,-5.73585574897542,2.85569150254251,0.000439861819523056,0.00299753133807192,"Ab_vs_Pn","Pn higher"
"sdcbp2",53.2561409746672,-3.63515257477069,1.48057828494161,0.000449660397816333,0.00306145530383046,"Ab_vs_Pn","Pn higher"
"xrcc6",8.64623233841698,-6.46599048077381,3.43653359040396,0.00045085771342825,0.0030667542793507,"Ab_vs_Pn","Pn higher"
"UBE2O",8.27333442726563,4.79468906049351,1.78199928762215,0.000452947371229379,0.00307810753020225,"Ab_vs_Pn","Ab higher"
"manba",28.0350120393329,-3.7526835483359,1.51092051838504,0.000454513155956257,0.00308588292063436,"Ab_vs_Pn","Pn higher"
"aatka",20.0518485648785,3.30465736286308,1.16916896268618,0.000456084879820449,0.00309368418480618,"Ab_vs_Pn","Ab higher"
"hspa9",16.6710047525759,-5.83283150495293,2.94945778005256,0.000458539636828454,0.00310458057534455,"Ab_vs_Pn","Pn higher"
"dhx30",16.3295981122103,3.4543786655695,1.22954119751119,0.000458523164697438,0.00310458057534455,"Ab_vs_Pn","Ab higher"
"epn1",8.46289405014261,-5.96029046511278,3.04480719007739,0.000459637480638683,0.00310913744990251,"Ab_vs_Pn","Pn higher"
"usp30",107.645625749633,-4.17003924139136,1.8368875210685,0.000461227999062027,0.00311701544333793,"Ab_vs_Pn","Pn higher"
"fabp11b",155.574702666254,-6.58867550459089,3.55798143974168,0.000472728963196616,0.00319179269523619,"Ab_vs_Pn","Pn higher"
"trappc8",131.617793849862,2.95984398698754,1.03291026929328,0.000477398558302572,0.00322035027485394,"Ab_vs_Pn","Ab higher"
"zc2hc1a",106.6739939396,-2.60734578636685,0.968629475325435,0.000480326766270504,0.00323711933916558,"Ab_vs_Pn","Pn higher"
"nsl1",16.6891793290756,5.03575453281393,1.85790600582347,0.000484846261994113,0.0032645720253311,"Ab_vs_Pn","Ab higher"
"smyd1b",20.9085515564453,-6.91628948454107,3.94153040707712,0.000486567398533093,0.00327314962303649,"Ab_vs_Pn","Pn higher"
"nmnat2",16.8568353334358,4.53101240622735,1.66428066897524,0.000496977832293612,0.00334011088572723,"Ab_vs_Pn","Ab higher"
"TPM1",41.3576868560784,-6.08863986461297,3.16990706391991,0.000499147093132187,0.00335021068255578,"Ab_vs_Pn","Pn higher"
"spout1",7.10633665309209,5.47398033174821,2.0823001440978,0.000499396072505582,0.00335021068255578,"Ab_vs_Pn","Ab higher"
"CDH4",5.3925328240769,5.91092472158694,2.87348602552129,0.00050195235790584,0.00336427592263081,"Ab_vs_Pn","Ab higher"
"slc20a1a",16.934885971179,-6.07988749362738,3.18669923649827,0.000503538681360068,0.00337182031918969,"Ab_vs_Pn","Pn higher"
"ppp3ca",35.5755520191907,4.42635058399225,1.53868277410177,0.000505694387180259,0.0033831601643257,"Ab_vs_Pn","Ab higher"
"soul5",136.372656084549,-6.2927117382611,3.34288308600438,0.000508594990986309,0.00339945820915872,"Ab_vs_Pn","Pn higher"
"ndufc2",2173.61503165387,-3.91154611118374,1.72682602988399,0.000510603633703602,0.0034097700685006,"Ab_vs_Pn","Pn higher"
"rnf40",26.3899869001713,3.16292162631809,1.12301048597796,0.000511791392231966,0.00341458632611282,"Ab_vs_Pn","Ab higher"
"si:dkey-222b8.1",51.7752861410891,5.70785375400842,2.79236522777583,0.000512333412779885,0.00341508947917666,"Ab_vs_Pn","Ab higher"
"clcn6",9.76403632219573,4.17047181600185,1.53311987378633,0.000518612294504513,0.00345065762134412,"Ab_vs_Pn","Ab higher"
"fam49ba",12.5180018845662,4.02628559366022,1.3980186213405,0.000518520805218364,0.00345065762134412,"Ab_vs_Pn","Ab higher"
"pigr",19.0834312645632,-6.15172733387513,3.26359412666532,0.000521887794337725,0.00346929769914424,"Ab_vs_Pn","Pn higher"
"si:dkey-97o5.1",48.2021853116736,4.19948133605896,1.57142978072368,0.000528647589481203,0.0035110451065453,"Ab_vs_Pn","Ab higher"
"porcn",2298.88424962734,15.3404596434831,7.07289975341666,0.000538797104915058,0.0035752094386884,"Ab_vs_Pn","Ab higher"
"fnbp4",39.4726546986878,3.17106401956395,1.13169291839956,0.00054388344312886,0.00360569105096026,"Ab_vs_Pn","Ab higher"
"usb1",15.4494018559535,4.97404363896548,1.86993397323943,0.000548240083439263,0.00363128431736829,"Ab_vs_Pn","Ab higher"
"mtrex",13.2583898980473,3.95647439420622,1.46228354313782,0.000559452541848815,0.00370219995822014,"Ab_vs_Pn","Ab higher"
"sept15",20.8532048658201,-5.47752505304719,2.78408604995605,0.00056429304747874,0.00372749170983475,"Ab_vs_Pn","Pn higher"
"C12orf57",37.4848902178075,5.21440109502537,2.60310857172055,0.000563920180646559,0.00372749170983475,"Ab_vs_Pn","Ab higher"
"psmb7",29.12299287674,3.24816898712507,1.18526705461239,0.000573278963693779,0.00378343438708275,"Ab_vs_Pn","Ab higher"
"ell2",9.23000995132897,-5.67535341656043,2.94594027713611,0.000575636194432955,0.00379556874509441,"Ab_vs_Pn","Pn higher"
"bri3",43.8083159630331,-3.6987571943702,1.52777517303326,0.000580396642854788,0.00382351307745652,"Ab_vs_Pn","Pn higher"
"myo1ca",19.6848572030642,3.42688483175636,1.23862154952677,0.000581374529484383,0.00382651095440306,"Ab_vs_Pn","Ab higher"
"pcnp",45.9020483051117,-5.41213694955966,2.74409998911246,0.000581987192759244,0.00382710176442489,"Ab_vs_Pn","Pn higher"
"nin",22.4132851391934,-5.79256911786882,3.04392744874188,0.000587621053788108,0.00386068087313749,"Ab_vs_Pn","Pn higher"
"cbx3a",14.1773251464157,-5.47062774177309,2.80151416792024,0.000588879358687967,0.00386201436042762,"Ab_vs_Pn","Pn higher"
"med23",13.4042370150076,3.52739193559112,1.3062070767949,0.000588772237928494,0.00386201436042762,"Ab_vs_Pn","Ab higher"
"ran",66.3067856730182,-5.90916005282332,3.13838511300601,0.000590462817527674,0.00386893228423012,"Ab_vs_Pn","Pn higher"
"SELENOP",118.004738975941,-6.03537031154514,3.24581484693892,0.000593189804591152,0.00387985360125348,"Ab_vs_Pn","Pn higher"
"GTPBP2",8.03340231320651,-5.74910989232821,3.02860751128825,0.000592818708839679,0.00387985360125348,"Ab_vs_Pn","Pn higher"
"pde6a",68.6887571194873,-3.33826879841361,1.3654026466565,0.000605673124897122,0.00395796571528753,"Ab_vs_Pn","Pn higher"
"cdcp1a",7.83339032140039,7.81411491197731,3.68863949296409,0.000608065506248264,0.00396298436351829,"Ab_vs_Pn","Ab higher"
"jag1b",7.59281666531167,6.13924389659829,3.01267989288116,0.000607396144060469,0.00396298436351829,"Ab_vs_Pn","Ab higher"
"u2af2a",12.3943316105201,-5.52281539672759,2.85366421761234,0.000607783534136423,0.00396298436351829,"Ab_vs_Pn","Pn higher"
"dusp8a",11.0385364618367,-5.61287967659383,2.92530242542261,0.000610814306969705,0.00397735757358654,"Ab_vs_Pn","Pn higher"
"arl13a",24.2829340686764,-5.98242078591479,3.224675887126,0.000612312302552544,0.00398356777100628,"Ab_vs_Pn","Pn higher"
"hs3st3l",38.1274501097098,4.09101687263451,1.56042551551463,0.000617693384009628,0.00401500699606258,"Ab_vs_Pn","Ab higher"
"myrf",8.43111827483936,4.05064019324084,1.4847795860597,0.000620765396407286,0.00403139479707624,"Ab_vs_Pn","Ab higher"
"hspa5",26.2871351363502,2.71001967945555,0.964728600766294,0.000622744987546962,0.00404066539348955,"Ab_vs_Pn","Ab higher"
"stom",439.470664885721,0.385418037621765,1.12843249324395,0.000625614963881271,0.00405569169233571,"Ab_vs_Pn","Ab higher"
"eral1",8.41464024011594,-5.8528712693283,3.138951459828,0.000626217806529997,0.00405600719114429,"Ab_vs_Pn","Pn higher"
"rplp2l",23.7193270149342,-6.32325153805296,3.55851228718657,0.000628088471416082,0.00406452654491097,"Ab_vs_Pn","Pn higher"
"kdr",23.143991906254,-5.76174480587523,3.0587213535013,0.0006295172948958,0.0040665817134531,"Ab_vs_Pn","Pn higher"
"sh3bp5la",17.1289482941598,2.89623087833631,1.04254025713216,0.000629005361732923,0.0040665817134531,"Ab_vs_Pn","Ab higher"
"acbd7",26.5169063184453,-5.57519879188438,2.91987876102597,0.000637295470152942,0.00411319713055501,"Ab_vs_Pn","Pn higher"
"hspb6",15.1525052802764,-5.58577279790731,2.92951980558571,0.000641833599046947,0.00413883710257674,"Ab_vs_Pn","Pn higher"
"tm9sf5",20.7523296253549,-5.52441322350816,2.88362214263427,0.000642781021036942,0.00414129779310685,"Ab_vs_Pn","Pn higher"
"pdhb",32.2460241489459,3.24556014224067,1.19098479348609,0.000647511897993919,0.00416810869078056,"Ab_vs_Pn","Ab higher"
"dipk1b",8.74096623259272,4.62471494015475,1.8508155018838,0.000649718536768967,0.00417635486571879,"Ab_vs_Pn","Ab higher"
"ssh1a",11.213711669364,3.70077148252177,1.37468416284028,0.000649934170249174,0.00417635486571879,"Ab_vs_Pn","Ab higher"
"si:ch211-76l23.4",10.8702404243327,6.14045486323429,2.49836627617416,0.000659531360503397,0.00423430704168804,"Ab_vs_Pn","Ab higher"
"cs",10.1222535755231,-5.61545881936958,2.97607833024288,0.000662017021511309,0.00424072478810964,"Ab_vs_Pn","Pn higher"
"aebp2",31.7522184289022,3.13847361522722,1.16065419275665,0.000661178324684542,0.00424072478810964,"Ab_vs_Pn","Ab higher"
"ergic3",909.576323755392,2.55112890076668,0.906809820901488,0.000662269221588922,0.00424072478810964,"Ab_vs_Pn","Ab higher"
"TEX2",30.8692181576314,3.36035487787924,1.25676315429619,0.000668360975390523,0.00427599124028255,"Ab_vs_Pn","Ab higher"
"fkbp5",25.4405010307166,-5.54861500838278,2.92311534449222,0.0006706293816084,0.00428560907443844,"Ab_vs_Pn","Pn higher"
"IFT122",8.76636035687747,4.26870385903836,1.55047481990737,0.000671035387253239,0.00428560907443844,"Ab_vs_Pn","Ab higher"
"lsm5",273.717260098667,-2.86550313570695,1.19475202732768,0.000672489752071149,0.00429115300384371,"Ab_vs_Pn","Pn higher"
"trim3a",11.7460600204479,-5.85830023001321,3.19308870141235,0.000678284371764383,0.00432435829002048,"Ab_vs_Pn","Pn higher"
"arr3a",265.827696270724,-3.41124592809075,1.52096242092264,0.000684068035946741,0.00435743599224908,"Ab_vs_Pn","Pn higher"
"dlgap2a",12.4949488240476,6.42633858642477,3.18705432827382,0.000686392690031613,0.00436844182464468,"Ab_vs_Pn","Ab higher"
"dnajb9a",10.2456225236743,3.30016840416624,1.23579199113134,0.000687476242662488,0.00437153659430647,"Ab_vs_Pn","Ab higher"
"sfrp5",86.1406433820789,-6.2449654623863,3.55832162394767,0.000688323012786096,0.00437312164112972,"Ab_vs_Pn","Pn higher"
"slco3a1",13.6176206309585,-5.21222879946991,2.6745806483098,0.000691088608026196,0.00438308389175472,"Ab_vs_Pn","Pn higher"
"mab21l2",6.14905819511474,4.94319218336604,1.9604995648287,0.00069108878413512,0.00438308389175472,"Ab_vs_Pn","Ab higher"
"cryaa",5.74326069244316,4.84343659788369,1.97152647419579,0.000697126318117527,0.00441754763835687,"Ab_vs_Pn","Ab higher"
"CDYL2",5.66836063049731,-5.74852970554282,3.12205427048246,0.000698393370837744,0.00442174834010506,"Ab_vs_Pn","Pn higher"
"creg2",48.1460619058307,-2.42089187548195,0.904137798321611,0.000705614819787418,0.00446360835438558,"Ab_vs_Pn","Pn higher"
"mrpl22",9.20466295588912,5.78984316129608,2.94459756371673,0.000718719761431409,0.00454258198092961,"Ab_vs_Pn","Ab higher"
"zgc:56231",9.8135637782166,5.08388874471168,1.93380653699751,0.000720357104813771,0.00454900228656772,"Ab_vs_Pn","Ab higher"
"zgc:172302",6.51478372742164,6.37025565451813,3.17223681674752,0.000722022915168171,0.00455559113458262,"Ab_vs_Pn","Ab higher"
"rps19",143.403346791169,-5.39494099602759,2.83997230948384,0.000725644056338029,0.0045744951320741,"Ab_vs_Pn","Pn higher"
"tram2",4.11450651674071,6.05343461200396,3.03419109139523,0.000730534390976475,0.00460136076381826,"Ab_vs_Pn","Ab higher"
"lzts1",54.2415010439093,3.08690419471494,1.15602760952471,0.000731417315699705,0.00460296073396917,"Ab_vs_Pn","Ab higher"
"cct6a",36.3854158169425,-5.5167384513981,2.94121692692983,0.000742705040750449,0.0046660294783801,"Ab_vs_Pn","Pn higher"
"rassf7a",96.0707172541484,2.69204092146712,0.969066776587583,0.000742714078742016,0.0046660294783801,"Ab_vs_Pn","Ab higher"
"si:ch211-106h4.6",101.192061608304,4.78413074621486,1.97123149609258,0.000760452571072374,0.00477337252802633,"Ab_vs_Pn","Ab higher"
"col1a2",707.312464667271,-6.24293575897838,3.61974121548371,0.000761835864341748,0.00477795774731555,"Ab_vs_Pn","Pn higher"
"hspa12a",6.81563063461103,-5.75785649449026,3.20722667277864,0.000777392021907472,0.00486717896350794,"Ab_vs_Pn","Pn higher"
"pgr",50.4483441793741,5.28781274401556,2.76062168212655,0.000776861149984334,0.00486717896350794,"Ab_vs_Pn","Ab higher"
"lrfn1",6.60910023923556,7.24347613804914,3.55501129752974,0.000787827638535135,0.00492829956105868,"Ab_vs_Pn","Ab higher"
"gnat2",223.287627767456,3.05958444959416,1.15602016740942,0.000790848834218114,0.00494297405434874,"Ab_vs_Pn","Ab higher"
"si:dkey-19e4.5",18.0921799907209,2.69086397691216,0.991582016319388,0.000791785448515233,0.00494405275657712,"Ab_vs_Pn","Ab higher"
"atp1b1a",236.855160498376,-2.04523204206365,0.759071805154488,0.000792372439331187,0.00494405275657712,"Ab_vs_Pn","Pn higher"
"arhgef19",4.0296193880708,6.32822246965794,3.17989939261866,0.000793970396053825,0.00494980351679552,"Ab_vs_Pn","Ab higher"
"adcy2b",5.81307242700784,4.62507669526053,1.91706467048756,0.000797319072267619,0.00496644960844826,"Ab_vs_Pn","Ab higher"
"fam13b",23.286818597677,-5.12194218250444,2.67282127845092,0.000810053493557329,0.0050414808837977,"Ab_vs_Pn","Pn higher"
"rpl26",87.1072492194258,-6.05749258031855,3.53189236161098,0.000813383853771813,0.00504739116480681,"Ab_vs_Pn","Pn higher"
"smc2",8.33490214730752,-5.3862396298217,2.90133536109839,0.000813438951773107,0.00504739116480681,"Ab_vs_Pn","Pn higher"
"ahsa1b",8.26309892422415,-5.24439147527806,2.7848637792559,0.000813761657941254,0.00504739116480681,"Ab_vs_Pn","Pn higher"
"si:dkey-34d22.1",121.96597432327,2.65514268690961,0.963391605021132,0.000813406007467055,0.00504739116480681,"Ab_vs_Pn","Ab higher"
"zbtb25",5.81660646059524,7.13519343264323,3.52029717698596,0.000815231269380283,0.0050522249454651,"Ab_vs_Pn","Ab higher"
"abca4a",34.1993308265369,-5.15506616751738,2.70782603662187,0.000824865893039302,0.00510760868964014,"Ab_vs_Pn","Pn higher"
"BTBD1",11.3751629702104,3.90747549605797,1.51709645082072,0.000832689194483523,0.00515169248894751,"Ab_vs_Pn","Ab higher"
"NSG1",52.8579005116128,5.47988609496673,2.8303897529281,0.000837319538066011,0.00517596427289285,"Ab_vs_Pn","Ab higher"
"samd4a",11.168104419659,4.12992928532916,1.66401201429035,0.000849479042069106,0.00524468870827849,"Ab_vs_Pn","Ab higher"
"psme3",19.4550240089279,3.68262541406494,1.43131892032427,0.000849870311247205,0.00524468870827849,"Ab_vs_Pn","Ab higher"
"rab21",12.9462930750488,-5.37090306307377,2.92801022742284,0.000868371437697744,0.00535203695003932,"Ab_vs_Pn","Pn higher"
"nat10",51.1783220259533,-2.74633811994317,1.07969289795758,0.00086872795418045,0.00535203695003932,"Ab_vs_Pn","Pn higher"
"ube2na",7.86952775613223,-5.43246229071984,2.98846372047916,0.00087310165186015,0.00537445835993645,"Ab_vs_Pn","Pn higher"
"romo1",36.8140938412054,3.36604035968606,1.30472009149333,0.000877790420712665,0.00539877990688739,"Ab_vs_Pn","Ab higher"
"snw1",19.0871774544936,-5.38280106071544,2.95723807863348,0.000899153508864664,0.00552552857378713,"Ab_vs_Pn","Pn higher"
"kat14",20.6001022929478,3.98817483021528,1.58487965754001,0.000906346628021103,0.00556039477827867,"Ab_vs_Pn","Ab higher"
"snx33",11.6230115159206,3.07601806521798,1.15203607187489,0.000905685012932115,0.00556039477827867,"Ab_vs_Pn","Ab higher"
"ttc33",8.82901066962195,3.97800752573894,1.54465327583307,0.00090965257759539,0.00557600269298213,"Ab_vs_Pn","Ab higher"
"prdx5",24.1406434077724,-5.32857637828793,2.92158839963493,0.000912211184442,0.00558700724596736,"Ab_vs_Pn","Pn higher"
"fez1",12.1780381808861,-5.30724204858987,2.90308465603518,0.000913462566712476,0.00558999375064265,"Ab_vs_Pn","Pn higher"
"ARHGAP6",6.38372934788773,5.1686016848883,2.1594770384944,0.000914986283393402,0.00559464044123334,"Ab_vs_Pn","Ab higher"
"tpt1",155.529455655727,-3.61240885835702,1.69245298487791,0.000916573916155295,0.00559966986005059,"Ab_vs_Pn","Pn higher"
"p2rx3a",8.24856647351367,-5.81694463810334,3.43339094021338,0.000917643856061364,0.00560153076106182,"Ab_vs_Pn","Pn higher"
"cyc1",9.82480366389419,-5.26832290191003,2.88079015441188,0.000925779346413786,0.00564648253033541,"Ab_vs_Pn","Pn higher"
"acp5b",15.0952550159307,4.17609689399479,1.65942870160054,0.000928707539869504,0.0056561935978883,"Ab_vs_Pn","Ab higher"
"trmt5",43.8608808544985,-2.62573324014508,1.04005892734265,0.000928917161451256,0.0056561935978883,"Ab_vs_Pn","Pn higher"
"klhl17",12.4906064118493,3.32696763219675,1.28644128034406,0.000936277288512786,0.00569627055247305,"Ab_vs_Pn","Ab higher"
"rpp21",38.0396808356781,-6.05222905865836,3.72049657867996,0.000937483757290724,0.00569873919575367,"Ab_vs_Pn","Pn higher"
"hagh",18.6030463118502,-5.1060826921624,2.74508653016613,0.00093824029660926,0.00569873919575367,"Ab_vs_Pn","Pn higher"
"dag1",8.25181236199432,-5.75939478438225,3.3784021287943,0.000940964864449474,0.00571054879179577,"Ab_vs_Pn","Pn higher"
"azin1b",10.9764704304113,-5.16315322158598,2.7971354194456,0.00094229899007754,0.0057139074634445,"Ab_vs_Pn","Pn higher"
"PDCL3",77.4629443108685,-3.45614582988524,1.50492462557963,0.000948189216634374,0.00574486496402896,"Ab_vs_Pn","Pn higher"
"aars1",10.2096802722451,-5.34750508206342,2.97000033032232,0.000956388155920348,0.00578974765358232,"Ab_vs_Pn","Pn higher"
"vapb",9.64479702919142,-5.11345150022066,2.76646866701482,0.000963797187752221,0.00582977819599876,"Ab_vs_Pn","Pn higher"
"ube2d2",11.7863404306111,-5.11015409033392,2.77705860396338,0.000986630171840071,0.00596296137712426,"Ab_vs_Pn","Pn higher"
"DCAF7",150.505747873513,3.55833551491602,1.41141232552348,0.000994776550069808,0.00600228323986886,"Ab_vs_Pn","Ab higher"
"guca1b",91.2242424948658,-3.06386482185018,1.31943910252905,0.00099416672192954,0.00600228323986886,"Ab_vs_Pn","Pn higher"
"znf622",14.4467811337787,-5.05551728010801,2.74469416645517,0.00101252520568369,0.00610434265271741,"Ab_vs_Pn","Pn higher"
"eif3s6ip",16.7853741859331,-5.69218871484259,3.37902881239955,0.00101721784203589,0.00612758632581128,"Ab_vs_Pn","Pn higher"
"rbm27",66.1964938101147,3.36206096218777,1.33099133062299,0.00102103643799577,0.0061455309948117,"Ab_vs_Pn","Ab higher"
"guca1c",435.620949827032,3.80112235243695,1.53058074279265,0.0010245870368898,0.00616183444781958,"Ab_vs_Pn","Ab higher"
"tdp2b",11.2957120230773,-5.28099998784991,2.95989046353491,0.00102634446163653,0.00616227655021968,"Ab_vs_Pn","Pn higher"
"sec22c",15.7191745605805,4.66043339727267,1.96728311208446,0.00102599907326991,0.00616227655021968,"Ab_vs_Pn","Ab higher"
"sncgb",34.5046896298985,-6.13930955209005,3.99523091671637,0.00103082541465045,0.00618410754903823,"Ab_vs_Pn","Pn higher"
"CARTPT",77.464011270099,10.0310080575022,5.43189186351508,0.00103255362939363,0.00618940214048481,"Ab_vs_Pn","Ab higher"
"atp5pb",14.4700754536874,-5.39289810464935,3.07573725129215,0.00103939107067924,0.0062252890722597,"Ab_vs_Pn","Pn higher"
"cars2",929.844327711503,2.93634971206077,1.13978513436425,0.001043092265933,0.00624234856448374,"Ab_vs_Pn","Ab higher"
"b3gnt5a",8.01981784060922,4.76063917451332,1.86633675753172,0.0010462303057966,0.00625601275173635,"Ab_vs_Pn","Ab higher"
"cpt1ab",16.4238707859791,2.38298587794972,0.891683611809437,0.00105818361171995,0.00632232314626799,"Ab_vs_Pn","Ab higher"
"UBA6",14.6454211894021,4.65121629802393,1.9667713223943,0.00109737002194345,0.00655110211305393,"Ab_vs_Pn","Ab higher"
"ZDHHC14",8.08215136948671,4.85566630294163,2.12225642005042,0.00110123754856914,0.00656883261448861,"Ab_vs_Pn","Ab higher"
"twf1a",88.0507728496103,-2.57808828973104,1.10233427678737,0.00110432487891352,0.00658188419280784,"Ab_vs_Pn","Pn higher"
"usp47",13.4315492559357,-5.16093215455734,2.90391425617337,0.0011185710316821,0.00666136808859343,"Ab_vs_Pn","Pn higher"
"si:dkey-35m8.1",6.80402595456461,4.14982796798928,1.69994682416883,0.00112161264190459,0.00667405115943067,"Ab_vs_Pn","Ab higher"
"slc3a2a",18.2699801122379,-5.09034062278806,2.84358594089109,0.00112539818500716,0.00669065432928359,"Ab_vs_Pn","Pn higher"
"ipo7",18.1325583441416,-4.9808099969595,2.73005951484857,0.001127877041571,0.00669065432928359,"Ab_vs_Pn","Pn higher"
"ccdc174",5.79482016859455,3.880947149346,1.54796818576939,0.00112708765245388,0.00669065432928359,"Ab_vs_Pn","Ab higher"
"sf3a2",21.9143329465586,3.2943000559847,1.31159556451018,0.00112805949478562,0.00669065432928359,"Ab_vs_Pn","Ab higher"
"dpp6a",21.0238860352442,4.60265289403576,2.00354081410725,0.00113055177973866,0.00670000686308282,"Ab_vs_Pn","Ab higher"
"eif3ha",34.8308675674995,-5.39889220657571,3.15581897348285,0.00113876684950643,0.00673778057521228,"Ab_vs_Pn","Pn higher"
"vps25",8.15257650536691,4.38053485809643,1.80856638901503,0.00113820129365689,0.00673778057521228,"Ab_vs_Pn","Ab higher"
"psmd10",7.18415622762399,6.74303112517599,3.51095072820002,0.00114316949433512,0.0067583663400959,"Ab_vs_Pn","Ab higher"
"si:ch211-248l17.3",42.7676652197108,-3.53155786938254,1.80253177833894,0.00115086992548072,0.00679358340750143,"Ab_vs_Pn","Pn higher"
"rbm41",60.5334198250934,2.83249397318119,1.11269131419354,0.00115123410928557,0.00679358340750143,"Ab_vs_Pn","Ab higher"
"nprl3",28.1018559271499,2.53345929445609,0.960171285829734,0.00115191105461255,0.00679358340750143,"Ab_vs_Pn","Ab higher"
"rpn1",33.615662318361,3.23997885286844,1.29839248375851,0.00117227937209976,0.00690814229017566,"Ab_vs_Pn","Ab higher"
"si:dkeyp-104h9.5",10.0780684260349,-5.02874441820649,2.80214758688323,0.00117613899657021,0.00691974382306863,"Ab_vs_Pn","Pn higher"
"ckbb",153.195447675506,-2.77519830132221,1.21520986318325,0.00117547160540337,0.00691974382306863,"Ab_vs_Pn","Pn higher"
"bcl2l1",7.42978813635771,-5.20296657170624,2.99595639605561,0.00118370906818221,0.00695868808837399,"Ab_vs_Pn","Pn higher"
"rpl5b",634.832611216352,-2.83911103428607,1.28591437930264,0.00120106601101498,0.00705505789295236,"Ab_vs_Pn","Pn higher"
"wdr83os",7.25630874299196,3.974501676433,1.6473359430775,0.00120522605372436,0.00707381674996678,"Ab_vs_Pn","Ab higher"
"si:dkey-40c11.2",19.9595620380834,-5.30291780338727,3.11269833129773,0.00121200603865574,0.00710791041419981,"Ab_vs_Pn","Pn higher"
"fstl1b",110.261282998818,-5.58348830266796,3.46359505843555,0.00123694097796904,0.00724833548259039,"Ab_vs_Pn","Pn higher"
"aimp1a",20.3954627160157,4.10226563444877,1.76551088831662,0.0012390825548754,0.00725507617530644,"Ab_vs_Pn","Ab higher"
"agbl2",6.74739524442583,7.36910382992666,3.81002366415455,0.00125912996352688,0.00736656451083391,"Ab_vs_Pn","Ab higher"
"gadd45ab",20.4463022771898,4.00185948633431,1.68741936699305,0.00126362851007893,0.00738697848663553,"Ab_vs_Pn","Ab higher"
"pik3ip1",42.5074776263227,-3.12309104128343,1.51273663022372,0.00126497454332536,0.00738894547693399,"Ab_vs_Pn","Pn higher"
"C14orf119",14.5819931475497,4.65370862878403,1.97376565876889,0.00127854048539269,0.00746223111051763,"Ab_vs_Pn","Ab higher"
"anapc16",33.6612697372405,-5.05057623516116,2.90171119954257,0.00128016690827463,0.0074657702005275,"Ab_vs_Pn","Pn higher"
"CSRNP3",10.3062010214454,5.13316792316442,2.29864594472993,0.00128652775605337,0.00749689223451802,"Ab_vs_Pn","Ab higher"
"stat2",16.5753169781615,-5.06595844146049,2.92073196867257,0.00130411613688634,0.00759333811127377,"Ab_vs_Pn","Pn higher"
"efs",11.3333205276283,5.6317805092293,3.04560833778575,0.0013128782465225,0.00763827971883799,"Ab_vs_Pn","Ab higher"
"hsdl1",5.65123238305785,4.73919860567306,2.08019430475522,0.00132179445738946,0.00768404577731013,"Ab_vs_Pn","Ab higher"
"fam3a",20.772063242879,4.61005356659847,2.01119220215126,0.00133142943806782,0.00773391433112567,"Ab_vs_Pn","Ab higher"
"zmp:0000001114",14.8814747413834,4.17346944750217,1.8404204033812,0.00133335919373014,0.00773898171206258,"Ab_vs_Pn","Ab higher"
"brms1la",24.6817340207821,-5.00254672466659,2.87849136921276,0.00133795010778387,0.00775947451574497,"Ab_vs_Pn","Pn higher"
"ndrg1a",393.036393169294,-2.43809863177094,1.06076535765733,0.0013437350961601,0.00778685444876942,"Ab_vs_Pn","Pn higher"
"cryba2b",4.76478974724109,5.98390600049201,3.23144911979437,0.00134616772556936,0.00779477973373589,"Ab_vs_Pn","Ab higher"
"atp5mc3b",23.7183559450974,-4.95321613956123,2.8283042245189,0.00135730128546528,0.00785303407772365,"Ab_vs_Pn","Pn higher"
"sgta",12.970036769499,2.96537473124863,1.19967395195483,0.0013632921402275,0.00788146538256326,"Ab_vs_Pn","Ab higher"
"si:dkey-57a22.13",5.6646874391573,5.82869268713265,3.18005556506,0.00136814316582861,0.00790326742754507,"Ab_vs_Pn","Ab higher"
"ppp3ccb",20.7411385168234,-4.90486767906078,2.79551321658214,0.00137097388498173,0.00791337370992217,"Ab_vs_Pn","Pn higher"
"bmp7a",11.135137415869,5.2887309912171,2.93161001537387,0.0013722704327976,0.00791461567978378,"Ab_vs_Pn","Ab higher"
"notum1a",6.60607612653917,5.69190058357949,3.10646043519249,0.00138200454711031,0.00796448132307115,"Ab_vs_Pn","Ab higher"
"GCDH",9.48636612126556,-4.93850132788069,2.84480012089465,0.0013846473665151,0.00797343357633676,"Ab_vs_Pn","Pn higher"
"acta2",188.84256222566,-5.7429994593978,3.94862316997043,0.00140354536291728,0.00807590291760345,"Ab_vs_Pn","Pn higher"
"hdlbpa",24.2455120194137,-5.13846168282365,3.07104970703876,0.00140665104375599,0.0080874147598194,"Ab_vs_Pn","Pn higher"
"parga",8.91642523965743,5.56658364341215,3.06941941310317,0.00142562932921517,0.00817725788442462,"Ab_vs_Pn","Ab higher"
"dbx1a",28.1761638032702,5.48952028557906,3.01528006785279,0.0014255986789776,0.00817725788442462,"Ab_vs_Pn","Ab higher"
"si:ch1073-358c10.1",6.6060816133503,3.66278867170135,1.51438808707853,0.00142521675180462,0.00817725788442462,"Ab_vs_Pn","Ab higher"
"abcc5",15.0758658045214,-5.0356853885647,2.95643447175472,0.00142743417495326,0.00818119868949325,"Ab_vs_Pn","Pn higher"
"gnb5b",13.2812452184571,-5.13425077109406,3.09843925132013,0.00144825309517557,0.00829402535492172,"Ab_vs_Pn","Pn higher"
"cttnbp2nla",3.90736313366523,5.45922726846774,3.02117834172134,0.00146377633457738,0.00837637137824223,"Ab_vs_Pn","Ab higher"
"KHSRP",7.55799013218996,3.64423566867657,1.52110491229779,0.00147491215979993,0.008433501638731,"Ab_vs_Pn","Ab higher"
"ddx23",16.6341282110296,-5.19700563839341,3.2056807953301,0.00148396612670897,0.00847864799483447,"Ab_vs_Pn","Pn higher"
"slc25a19",22.1684600729811,5.22799521937105,2.91444482477333,0.00150584916295139,0.00859106260892649,"Ab_vs_Pn","Ab higher"
"pde6d",7.06911336100277,-5.22144349002309,3.25826879837324,0.00150598897762709,0.00859106260892649,"Ab_vs_Pn","Pn higher"
"thbs3a",15.8028558585687,3.12049599900034,1.31144488448529,0.00152519437971108,0.00869384553357119,"Ab_vs_Pn","Ab higher"
"ssr3",61.5087003875289,-4.97358278747759,2.93937130882009,0.00153122001530679,0.00872140022726103,"Ab_vs_Pn","Pn higher"
"baiap2b",17.533815299382,2.51740354452404,1.00222550425807,0.00153259026430837,0.0087224169086104,"Ab_vs_Pn","Ab higher"
"si:ch211-102c2.7",17.0325253638604,3.2974227203837,1.32948602386066,0.00154754527326082,0.00880068675601861,"Ab_vs_Pn","Ab higher"
"ADAM12",5.5025541464146,4.25565190474956,1.8931183722002,0.00155070287132905,0.00881179682861591,"Ab_vs_Pn","Ab higher"
"eef1akmt1",27.4445385674012,3.38083849620227,1.42988104598667,0.00158196286206704,0.00898245631300905,"Ab_vs_Pn","Ab higher"
"chtopa",15.0247961073214,2.94768859588359,1.22626216717982,0.00158424536490939,0.00898844327579212,"Ab_vs_Pn","Ab higher"
"TLR5",4.62235102210723,6.29661229414893,3.46024198676606,0.00158739481491895,0.00899933590270471,"Ab_vs_Pn","Ab higher"
"trim36",4.02107037985409,5.30194644287617,3.00598858615363,0.00160054470524946,0.00906686276913374,"Ab_vs_Pn","Ab higher"
"ssrp1a",14.810765555942,-4.96823003042369,3.00313694592314,0.0016039276001778,0.00907899930835367,"Ab_vs_Pn","Pn higher"
"slc35e1",3.57857393945713,5.32985080774074,3.00781880096713,0.00161674367203493,0.00913741076109933,"Ab_vs_Pn","Ab higher"
"gpm6aa",6.04589530192802,4.16425454113469,1.74601284587442,0.00161658991541335,0.00913741076109933,"Ab_vs_Pn","Ab higher"
"sppl3",7.0475231701951,-4.84267987534293,2.85967341838016,0.00161987594654003,0.00914804942340007,"Ab_vs_Pn","Pn higher"
"per1b",19.4398400311568,-4.7180478633032,2.73934412506299,0.00163784739393763,0.00924240946509599,"Ab_vs_Pn","Pn higher"
"eif3k",21.3668528004156,-5.16489429760407,3.29011571258914,0.00164521816090579,0.00927685032332011,"Ab_vs_Pn","Pn higher"
"bri3bp",7.1096574506337,4.59885217866578,2.0276943327607,0.00164849705633674,0.00928103842717583,"Ab_vs_Pn","Ab higher"
"ipo9",8.29741060243167,3.34079339455256,1.40638485117117,0.00164801664709562,0.00928103842717583,"Ab_vs_Pn","Ab higher"
"fth1b",28.3328101231886,-4.96365808790212,3.00947573892535,0.00165561296291817,0.00931393641475643,"Ab_vs_Pn","Pn higher"
"trpc6a",10.4670458301319,4.76797997796098,2.11631768088919,0.00166009975882442,0.00933200471185558,"Ab_vs_Pn","Ab higher"
"abca1a",12.7115975610872,-5.06067903836013,3.16608849616566,0.00166676298250778,0.00935559228972963,"Ab_vs_Pn","Pn higher"
"arhgef10la",9.99365650205945,4.74989429947925,2.7035803136474,0.00166685234947499,0.00935559228972963,"Ab_vs_Pn","Ab higher"
"tm2d3",12.6544333732727,3.48229870533927,1.51561484085203,0.00167083124425455,0.00936356345842194,"Ab_vs_Pn","Ab higher"
"rbbp4",28.5590554266912,2.23173440187625,0.87659346683825,0.00167078428979551,0.00936356345842194,"Ab_vs_Pn","Ab higher"
"ramp2",12.2053493441317,-5.40065944838582,3.75538143302437,0.00168227071026103,0.00941325636727864,"Ab_vs_Pn","Pn higher"
"tmed10",26.8309119536297,-5.18714071421048,3.35733443933369,0.00168107535659619,0.00941325636727864,"Ab_vs_Pn","Pn higher"
"st8sia1",7.80615808725852,5.25957056719009,2.97546214326001,0.00168748026063903,0.00943519329840874,"Ab_vs_Pn","Ab higher"
"p2rx1",13.6984897933916,3.73979778063431,1.55630678722556,0.00168914336732107,0.00943728267589536,"Ab_vs_Pn","Ab higher"
"CPEB4",4.93871562053175,5.19897101962956,2.94856832997823,0.00170693862967303,0.00952216755379337,"Ab_vs_Pn","Ab higher"
"sall3a",9.89413365244631,4.28897341675772,1.89804702295834,0.00170632372357266,0.00952216755379337,"Ab_vs_Pn","Ab higher"
"nrtn",6.56258303014609,5.81053986423237,3.25220204427497,0.00171033488679645,0.00953384694323171,"Ab_vs_Pn","Ab higher"
"lmbrd2b",7.30380494255763,-4.81338238958483,2.87640637808827,0.0017128788954146,0.00954076151867537,"Ab_vs_Pn","Pn higher"
"ewsr1b",10.4576747296128,-4.90862488282111,3.01052059630711,0.00172836595266916,0.00961239392673674,"Ab_vs_Pn","Pn higher"
"apoeb",111.344009444732,-3.15644403421134,1.69253994980274,0.00172749732671422,0.00961239392673674,"Ab_vs_Pn","Pn higher"
"kif25",10.052528321507,4.47201302408775,2.08160726256298,0.00173272954564949,0.00962934513637706,"Ab_vs_Pn","Ab higher"
"chchd4a",7.42309205310793,4.71407970585818,2.07875536161758,0.0017457497730924,0.00969434187349262,"Ab_vs_Pn","Ab higher"
"grb10b",12.5909647297889,3.40022498703596,1.4543705447479,0.00174954677600186,0.0097080612991339,"Ab_vs_Pn","Ab higher"
"ric8a",17.3734474961272,4.25073757326356,1.95625600221002,0.00177024452602423,0.0098154694590692,"Ab_vs_Pn","Ab higher"
"clta",11.652030410872,-5.05740823039589,3.2562796872362,0.00178362756484781,0.00988218784793426,"Ab_vs_Pn","Pn higher"
"znf648",5.65656060809254,5.72740244031783,3.24085450093467,0.00178822656483622,0.00989577359074873,"Ab_vs_Pn","Ab higher"
"hacd1",183.765668286936,3.09583361608805,1.31884989232736,0.00178878377654879,0.00989577359074873,"Ab_vs_Pn","Ab higher"
"wwp1",6.00149975917401,-4.85261474064518,2.97488303461116,0.00179879805900815,0.00994365785036303,"Ab_vs_Pn","Pn higher"
"slc40a1",17.8830601617095,-5.20121545148802,3.51004033099787,0.0018012128258225,0.00994785482173936,"Ab_vs_Pn","Pn higher"
"gpsm1b",10.0954923882024,-4.80802002229473,2.93161492545683,0.0018022756515407,0.00994785482173936,"Ab_vs_Pn","Pn higher"
"cyth1b",8.06312071505026,3.97210662575616,1.83033481811273,0.00180594630043096,0.00995326553478069,"Ab_vs_Pn","Ab higher"
"lta4h",44.0978152122326,3.87629277724163,1.75010545319551,0.00180597576584079,0.00995326553478069,"Ab_vs_Pn","Ab higher"
"pym1",7.17003534006457,4.09850869850692,1.74622555180302,0.00180976045651505,0.00996661909799372,"Ab_vs_Pn","Ab higher"
"lifra",10.6448882740963,-4.80518239241133,2.92797344003101,0.00181129923501943,0.00996759330910319,"Ab_vs_Pn","Pn higher"
"fbln7",7.79112075833519,6.10303648861684,3.46989669850764,0.00181425684943245,0.00997636805484305,"Ab_vs_Pn","Ab higher"
"TMC6",31.4361039658043,3.2465909401797,1.41682128640431,0.00183401337489367,0.0100774353534885,"Ab_vs_Pn","Ab higher"
"fuca2",21.0092733917724,3.09134852992747,1.33620627867051,0.00183607633821351,0.0100812023401235,"Ab_vs_Pn","Ab higher"
"ppwd1",216.231535162511,2.63825660728458,1.11160711081043,0.00183799235202899,0.0100841574396553,"Ab_vs_Pn","Ab higher"
"slc5a1",5.22042914107025,-5.24951186014826,3.77154436433391,0.00185098146118275,0.0101326263005789,"Ab_vs_Pn","Pn higher"
"rmdn1",29.13582624748,5.0001157489449,2.88686774823331,0.00184825842975181,0.0101326263005789,"Ab_vs_Pn","Ab higher"
"OSBPL8",5.37070089484772,-4.79537422065961,2.94764337295903,0.00185236425606975,0.0101326263005789,"Ab_vs_Pn","Pn higher"
"mea1",16.8358942694471,-4.45343423135965,2.53981408446203,0.00184979254306872,0.0101326263005789,"Ab_vs_Pn","Pn higher"
"SDHB",9.05847363062981,-4.80603078709732,2.95357165108788,0.00185582886981809,0.0101439966379377,"Ab_vs_Pn","Pn higher"
"tango6",7.11160049116211,3.90522187431931,1.77882797783942,0.00186494734291575,0.010186231046866,"Ab_vs_Pn","Ab higher"
"ank1a",20.6550298578355,-4.69463480264822,2.81034842182078,0.00187940721879616,0.0102575551337577,"Ab_vs_Pn","Pn higher"
"rnf151",17.1163974007108,5.75774367778014,3.3037676192693,0.00188118718185001,0.0102596192130851,"Ab_vs_Pn","Ab higher"
"osbpl7",10.6583585626754,-4.87956015205162,3.07991267074355,0.00189726366660331,0.0103395925360161,"Ab_vs_Pn","Pn higher"
"mns1",36.325900129954,5.48799633934171,3.16368762797584,0.00190678009698953,0.0103837228644839,"Ab_vs_Pn","Ab higher"
"si:ch211-103n10.5",16.3063330088273,-4.88480542877021,3.10452397558895,0.00192136205951799,0.010455352352128,"Ab_vs_Pn","Pn higher"
"adcy7",20.7000233062141,5.44349315895052,3.13983238851045,0.00193126778171444,0.010501447915578,"Ab_vs_Pn","Ab higher"
"nup205",14.5230850367104,3.47196736867927,1.53809583919351,0.00195320075674331,0.0106128257896097,"Ab_vs_Pn","Ab higher"
"elovl6",7.34816238780047,-4.81712630010075,3.0403107616336,0.00195630348707061,0.0106217991260162,"Ab_vs_Pn","Pn higher"
"asxl1",11.4973735511264,3.31734925976952,1.47445072222831,0.00196018561558713,0.0106349877839008,"Ab_vs_Pn","Ab higher"
"zfand5a",17.9178656746076,-4.60817075439172,2.75638948130484,0.00197103615626892,0.0106859360205424,"Ab_vs_Pn","Pn higher"
"ak1",16.2842407356326,-4.59685386036883,2.74086686751478,0.00197312266609092,0.0106893299727013,"Ab_vs_Pn","Pn higher"
"tacr2",33.5189436037516,-3.00307407770851,1.58208178978154,0.00197468004484806,0.0106898544735525,"Ab_vs_Pn","Pn higher"
"exoc1",6.86014864061695,4.38380947714723,2.06739294616109,0.00197977068986009,0.0107094912631826,"Ab_vs_Pn","Ab higher"
"naa10",20.2776990173662,-5.08316399941022,3.50443277674053,0.00199476780467391,0.0107826481258555,"Ab_vs_Pn","Pn higher"
"cables2b",8.83369148571876,3.63341746220809,1.5727867537004,0.00199838407169072,0.0107902566248073,"Ab_vs_Pn","Ab higher"
"qrsl1",37.0721180794622,3.50263546475537,1.58293590427592,0.00199912392174323,0.0107902566248073,"Ab_vs_Pn","Ab higher"
"wdr45",240.510640100468,2.7127401601491,1.16185898446238,0.00201937439734981,0.0108915263184991,"Ab_vs_Pn","Ab higher"
"napgb",10.1028834151758,-4.71928229533176,2.94354500341272,0.0020224638550221,0.0109001568151007,"Ab_vs_Pn","Pn higher"
"pter",147.670983669401,2.31294826854697,0.940425692872398,0.00204385924490823,0.0110073626294947,"Ab_vs_Pn","Ab higher"
"gig2p",67.1811834321167,3.17481082752003,1.33557295749011,0.00204647121929471,0.0110133256279544,"Ab_vs_Pn","Ab higher"
"stt3a",21.3465679332265,-4.80702647391039,3.05513323006557,0.00206226886219376,0.0110739147486399,"Ab_vs_Pn","Pn higher"
"sdf4",25.6194846398908,-4.72076450095951,2.93712042984339,0.00206176693137176,0.0110739147486399,"Ab_vs_Pn","Pn higher"
"szrd1",32.9784338406802,-2.35335482161265,1.04055260493435,0.00206077108914286,0.0110739147486399,"Ab_vs_Pn","Pn higher"
"icn",18.068090949013,-5.26720080005467,4.16666260877461,0.00206524507973863,0.0110817659373952,"Ab_vs_Pn","Pn higher"
"capns1b",10.1205317925482,-5.12428080689308,3.71468062042641,0.00206939927126906,0.0110959218068998,"Ab_vs_Pn","Pn higher"
"rap2ab",3.56079199737093,5.6878946381201,3.29451793980136,0.00208078914493096,0.0111488255869324,"Ab_vs_Pn","Ab higher"
"en2a",5.39873438509768,6.03366417294688,3.51729669671475,0.00209235440875211,0.011202591015111,"Ab_vs_Pn","Ab higher"
"RPL5",241.72269539038,-4.37353546084087,2.53260750233485,0.00209830840091397,0.0112262567151238,"Ab_vs_Pn","Pn higher"
"rps24",64.3296399940035,-5.08764620147353,3.65637060400099,0.00211632344922689,0.0113143691197163,"Ab_vs_Pn","Pn higher"
"pcyt2",10.8265112620152,-4.49614898981271,2.69400330339098,0.00211826903102945,0.0113165044073756,"Ab_vs_Pn","Pn higher"
"tpk1",2752.74967886405,-2.26657681677658,1.04735880077288,0.00213411174967379,0.0113928255987327,"Ab_vs_Pn","Pn higher"
"morc2",11.2299199828243,-4.57392907812403,2.8116575868342,0.00214511592221748,0.0114348896101309,"Ab_vs_Pn","Pn higher"
"rin2",4.50181139291067,4.18994393095568,1.9856896529366,0.00214415232732655,0.0114348896101309,"Ab_vs_Pn","Ab higher"
"si:ch1073-174d20.1",45.3760720702638,2.8916549670611,1.25160667820917,0.00214877861442414,0.011446077641172,"Ab_vs_Pn","Ab higher"
"angptl3",121.768859914609,2.11977401526202,0.847345238458774,0.00215753886846975,0.0114843832569673,"Ab_vs_Pn","Ab higher"
"ACVR1B",9.53097243475473,-4.66688013690569,2.96736693697287,0.00218894216046571,0.0116430724363725,"Ab_vs_Pn","Pn higher"
"lrpap1",12.0211120911331,3.56197506183345,1.64335506101746,0.00219716389479638,0.0116710333685728,"Ab_vs_Pn","Ab higher"
"jph2",3542.14837802756,-2.37011520813093,1.15360450545393,0.00219738816530855,0.0116710333685728,"Ab_vs_Pn","Pn higher"
"ddost",14.1997469875474,-4.7318965368419,3.07481724685851,0.00220656907397413,0.0117112973549069,"Ab_vs_Pn","Pn higher"
"nacc1b",3.26632831575005,5.33462695798645,3.14310937193018,0.00221037841249869,0.0117230142036796,"Ab_vs_Pn","Ab higher"
"ebag9",9.07880369150932,-4.94863272723899,3.49138181058552,0.00221809805388474,0.0117407943913985,"Ab_vs_Pn","Pn higher"
"neurog3",20.0347433861547,4.79596389496079,2.4655694498872,0.00221934670390404,0.0117407943913985,"Ab_vs_Pn","Ab higher"
"prmt1",15.2043683380992,-4.71101732784911,3.04106348797084,0.002215672702169,0.0117407943913985,"Ab_vs_Pn","Pn higher"
"emc4",12.1486098949092,-4.5067784997572,2.76297371399159,0.00222151938705897,0.0117407943913985,"Ab_vs_Pn","Pn higher"
"arhgap10",24.6645725016418,2.95263454821664,1.31316153437912,0.00222175163712077,0.0117407943913985,"Ab_vs_Pn","Ab higher"
"syngr2b",97.2210701634336,-2.82770533959467,1.53563708655698,0.00225786393152192,0.0119230202848549,"Ab_vs_Pn","Pn higher"
"slc46a1",37.5678096206872,-2.38229271143622,1.10161109319427,0.00226327926244826,0.0119429999436617,"Ab_vs_Pn","Pn higher"
"cplx4c",13.4732867584557,-4.76416093235897,3.17614774986719,0.00228550724553572,0.0120516048487579,"Ab_vs_Pn","Pn higher"
"zgc:136439",291.988006607131,-1.986724502945,0.861434372779057,0.00228816485884552,0.012056932038798,"Ab_vs_Pn","Pn higher"
"ccdc136b",21.3698784674029,-4.70671082984148,3.08296144255451,0.00229743098366609,0.0120970484672317,"Ab_vs_Pn","Pn higher"
"zgc:162730",9.16765217910077,-5.10614078858309,4.27117284580802,0.00230969480037665,0.0121453458628631,"Ab_vs_Pn","Pn higher"
"rnf115",120.592248198351,-4.45445241034826,2.71053885873112,0.00230992231740749,0.0121453458628631,"Ab_vs_Pn","Pn higher"
"thtpa",5.31106934805548,3.52851890168432,1.56883807665543,0.00231346295379471,0.0121552299776191,"Ab_vs_Pn","Ab higher"
"otol1b",98.1536321802463,-4.9534680637224,3.60199944050939,0.00232638992222912,0.0122143815213737,"Ab_vs_Pn","Pn higher"
"HGFAC",10.6673453992025,5.50820228260905,3.27334685281581,0.00235548980078714,0.0123583009691477,"Ab_vs_Pn","Ab higher"
"rad54b",5.35491850226491,5.9988651569761,3.58721406599318,0.00237081040984527,0.0124208742946725,"Ab_vs_Pn","Ab higher"
"cct4",43.764410536256,-4.74395752278903,3.19865243247787,0.00236988648146362,0.0124208742946725,"Ab_vs_Pn","Pn higher"
"megf6b",229.316188147217,3.79873948194431,1.84110894219539,0.00237328702924258,0.0124249554842821,"Ab_vs_Pn","Ab higher"
"slc4a1ap",55.5148306792532,2.63151307908601,1.1500296983678,0.0023750387496759,0.0124252384623859,"Ab_vs_Pn","Ab higher"
"hlfa",75.801305828204,-1.9083095825312,0.808030014636147,0.00237923626364147,0.0124383072954228,"Ab_vs_Pn","Pn higher"
"nup42",6.17450977993743,4.2284547831492,1.9924070578611,0.00238240486678928,0.0124459823126558,"Ab_vs_Pn","Ab higher"
"itgb2",14.3976539584285,-4.81666384436154,3.39839588528518,0.00240989746241346,0.0125806273376634,"Ab_vs_Pn","Pn higher"
"chst14",37.3824522253969,2.40415112788197,1.02394089079526,0.00244300270377093,0.0127443597925156,"Ab_vs_Pn","Ab higher"
"rps15a",71.0211885821116,-5.05856653622648,4.41604063314936,0.00245330004602432,0.0127889622769601,"Ab_vs_Pn","Pn higher"
"klf11a",10.196967285283,3.77428035945528,1.80160509141859,0.00246046525676444,0.0128171852058783,"Ab_vs_Pn","Ab higher"
"actr3",40.8214715707984,-4.75297755252746,3.30435436917212,0.00246777361014938,0.0128278658044626,"Ab_vs_Pn","Pn higher"
"fkbp4",9.95422219398376,-4.39481867445867,2.72532349612392,0.00246652073124919,0.0128278658044626,"Ab_vs_Pn","Pn higher"
"cdr2l",20.0610314854904,2.29156320707382,0.964165590756295,0.0024662294959935,0.0128278658044626,"Ab_vs_Pn","Ab higher"
"ppp1cbl",33.5256077346249,-4.65205390447276,3.08561876319073,0.00247496797760336,0.0128561324542789,"Ab_vs_Pn","Pn higher"
"elovl8b",15.4873454227426,4.2237290866044,2.11010270294257,0.00247705289135897,0.0128578369587634,"Ab_vs_Pn","Ab higher"
"ppm1lb",7.04723632586095,-4.55079120378813,2.96602474365036,0.00248562527770062,0.0128931902250112,"Ab_vs_Pn","Pn higher"
"rpe65a",153.345016482509,-4.92083160407982,3.65595928390703,0.0025001953002623,0.0129393639126746,"Ab_vs_Pn","Pn higher"
"golga7",12.4675027737897,-4.83418979882546,3.54278378418252,0.00250336648453986,0.0129393639126746,"Ab_vs_Pn","Pn higher"
"gch1",9.06471413027289,-4.62267060099064,3.09776890813404,0.00249994236178443,0.0129393639126746,"Ab_vs_Pn","Pn higher"
"cyp51",96.3061379454346,3.88083351479154,1.8699475261655,0.00250265618443579,0.0129393639126746,"Ab_vs_Pn","Ab higher"
"chdh",200.316224212297,-2.31389419194986,1.12148439949774,0.00250091063691509,0.0129393639126746,"Ab_vs_Pn","Pn higher"
"cope",18.2533822006829,-4.5915732875039,3.03546496324711,0.00250978734424271,0.0129546937000449,"Ab_vs_Pn","Pn higher"
"uqcc1",15.8943920651173,-4.42786771314591,2.76681898761931,0.00250987234139414,0.0129546937000449,"Ab_vs_Pn","Pn higher"
"tmem177",6.99271911911622,3.87003023377068,1.86765620219084,0.00252501493596782,0.0130236675943259,"Ab_vs_Pn","Ab higher"
"xbp1",26.2098843142184,-4.86648112930903,3.69639237158955,0.00253351169255476,0.0130582901956396,"Ab_vs_Pn","Pn higher"
"zgc:158564",7.49552082086194,-4.57413516260302,3.04582708137939,0.00254937318660599,0.01311234177988,"Ab_vs_Pn","Pn higher"
"mmaa",4.14134716146053,4.1746487834619,2.07999866556302,0.00254609412282635,0.01311234177988,"Ab_vs_Pn","Ab higher"
"dynlt3",50.9247413094946,2.39286387120062,1.01972817677336,0.00254812451687153,0.01311234177988,"Ab_vs_Pn","Ab higher"
"rad54l",8.12204192647201,4.83320030969416,2.33606500246892,0.00255547033915916,0.0131344714974058,"Ab_vs_Pn","Ab higher"
"zranb3",27.753949927476,5.03913572869137,3.05639617626692,0.00256749509943044,0.0131870151808641,"Ab_vs_Pn","Ab higher"
"gnsa",9.01179632579458,-4.39998527832301,2.77881815017638,0.00257107831404915,0.0131961586118694,"Ab_vs_Pn","Pn higher"
"RASGEF1C",3.45721441638325,5.60096476730904,3.37962607547704,0.00257753141276512,0.0132107509874145,"Ab_vs_Pn","Ab higher"
"sdha",12.6556448020739,-4.78242556581595,3.50819040309695,0.00257577375301906,0.0132107509874145,"Ab_vs_Pn","Pn higher"
"taf6",8.14521100308265,3.44769191856522,1.62852404715274,0.00257960121027544,0.0132121072484297,"Ab_vs_Pn","Ab higher"
"rcan3",5.84030102225848,-4.68630429168104,3.29336894355399,0.00258442722263988,0.0132275684213296,"Ab_vs_Pn","Pn higher"
"fam168b",4.98256950551721,-4.6877381913989,3.30591100171829,0.00259421257354148,0.0132683730438505,"Ab_vs_Pn","Pn higher"
"PRKD3",12.8483192330011,2.70104271655196,1.18554460576017,0.00259853762298495,0.0132812128928958,"Ab_vs_Pn","Ab higher"
"cldn11b",4.95555749639372,4.50492902522897,2.29459325366853,0.00260077869310368,0.0132833909663823,"Ab_vs_Pn","Ab higher"
"copz1",13.0146084378249,-4.91271000545499,4.0854506605457,0.00260810103994143,0.0133115003565769,"Ab_vs_Pn","Pn higher"
"daam2",11.7608554618089,-4.51309272197731,2.9702989005676,0.00261594476149059,0.013342229762613,"Ab_vs_Pn","Pn higher"
"pnrc2",9.1247865713167,-4.67151021241526,3.29115829516729,0.00262819501397373,0.0133767449981041,"Ab_vs_Pn","Pn higher"
"adora2b",10.7978253407799,2.884087156298,1.28348809168944,0.00262675070561162,0.0133767449981041,"Ab_vs_Pn","Ab higher"
"hspa8",218.487755471831,-2.67086627448334,1.36293069370456,0.0026251358895155,0.0133767449981041,"Ab_vs_Pn","Pn higher"
"gask1a",6.7229171646904,4.52772465297934,2.812674294671,0.00263215136917052,0.0133875718352738,"Ab_vs_Pn","Ab higher"
"b4galt3",5.94862007976811,3.76805553906776,1.79354987669499,0.00264451451383751,0.0134411123102616,"Ab_vs_Pn","Ab higher"
"ola1",8.16512343270863,-4.49172275045956,2.97383347562051,0.00266933421120592,0.0135578466979987,"Ab_vs_Pn","Pn higher"
"ajuba",5.53872596580057,4.16123680617731,2.06254722454063,0.00267573896737995,0.0135809524980956,"Ab_vs_Pn","Ab higher"
"sowahd",13826.6903211975,3.43283737765777,1.5710034192919,0.00267848313503717,0.0135854595047381,"Ab_vs_Pn","Ab higher"
"sorbs1",10.7284710253772,-4.64066716970147,3.22479721066493,0.00268280453214647,0.0135979545504017,"Ab_vs_Pn","Pn higher"
"itpkcb",56.5316254555929,3.16462051035586,1.50761386647306,0.00268632572389709,0.0136063792202096,"Ab_vs_Pn","Ab higher"
"iffo1b",15.3757765887469,-4.87407638659155,5.44752158575778,0.00268997961482365,0.0136121840131743,"Ab_vs_Pn","Pn higher"
"psat1",9.05801881632383,-4.45891372928965,2.93563732408971,0.00269119145608186,0.0136121840131743,"Ab_vs_Pn","Pn higher"
"nt5c2l1",11.6148189752432,-4.82949238843764,4.01441050238835,0.00271775111681722,0.0137370306795478,"Ab_vs_Pn","Pn higher"
"ube2r2",110.868915925049,-4.52099931161746,3.01702267165419,0.00272288681831502,0.0137534911133524,"Ab_vs_Pn","Pn higher"
"si:ch211-63o20.7",18.0315157890844,4.11370821445212,2.028991657266,0.0027544917016278,0.0139035343201475,"Ab_vs_Pn","Ab higher"
"si:dkey-220f10.4",9.83773436515417,-4.7283219930628,3.63294366313863,0.00278855383664171,0.01406576535519,"Ab_vs_Pn","Pn higher"
"bhlhe41",8.70472717767151,-4.38297137473161,2.86196897151092,0.00279342274865941,0.0140806205905222,"Ab_vs_Pn","Pn higher"
"kmo",15.9219315815316,4.02511500738077,2.10687789113241,0.00280015584074703,0.0141048455598262,"Ab_vs_Pn","Ab higher"
"gpc4",44.7889394382569,-4.6515759907769,3.33468948925924,0.00280748188666022,0.0141251756831111,"Ab_vs_Pn","Pn higher"
"PSTK",64.8161738001248,-4.23788377778413,2.63091656088412,0.00280805173096415,0.0141251756831111,"Ab_vs_Pn","Pn higher"
"egln1a",117.149475355247,2.64973605731833,1.18467893692759,0.00281118147455747,0.0141312068765701,"Ab_vs_Pn","Ab higher"
"rbck1",350.146857868453,2.2788593183334,0.973870387745457,0.00281718037466181,0.0141516425272133,"Ab_vs_Pn","Ab higher"
"gaa",3.45123245304865,5.76361198552143,3.54609098761376,0.00282122263349642,0.0141622280209604,"Ab_vs_Pn","Ab higher"
"ddx19",7.36706671058671,-4.44104580823995,2.98491230583131,0.00283886603064952,0.014241028429283,"Ab_vs_Pn","Pn higher"
"osgepl1",113.464210274067,4.98109925303338,3.10501905771822,0.00284834555305628,0.0142787952759034,"Ab_vs_Pn","Ab higher"
"GALNT3",34.322171804038,4.96602016766468,3.08639553814489,0.00287418359661418,0.0143893877548981,"Ab_vs_Pn","Ab higher"
"slmapa",5.69409470141465,-4.39240286556457,2.92141146651502,0.00287433869349106,0.0143893877548981,"Ab_vs_Pn","Pn higher"
"sp2",5.1422267172113,-4.39470258335917,2.94791952145707,0.00289231213568137,0.0144694685721476,"Ab_vs_Pn","Pn higher"
"hyi",9.63406203002316,3.38882559316437,1.58418343698475,0.00290298933097659,0.0145129637386733,"Ab_vs_Pn","Ab higher"
"tmem258",280.814861085046,-2.27369796589558,1.12534678502292,0.00291022122800385,0.0145391871452288,"Ab_vs_Pn","Pn higher"
"cdipt",14.4658924301419,3.48803525129139,1.72667142368396,0.00294373170033558,0.0146965704739127,"Ab_vs_Pn","Ab higher"
"mboat1",3.24947888759175,5.18854819332203,3.23327650680831,0.00295411622899661,0.014718295901992,"Ab_vs_Pn","Ab higher"
"galnt1",10.8527168278028,-4.27518094766059,2.74359945666898,0.00295395523498443,0.014718295901992,"Ab_vs_Pn","Pn higher"
"bmp6",436.389930257935,2.99404703195427,1.40258579796787,0.00295045377332338,0.014718295901992,"Ab_vs_Pn","Ab higher"
"mbd3a",5.71218112104737,4.75396341195427,2.54566698544465,0.00296373724979144,0.014756185667499,"Ab_vs_Pn","Ab higher"
"cryba1a",4.6582542881014,4.6396292367668,2.43201712641787,0.00297392355968949,0.0147968365284619,"Ab_vs_Pn","Ab higher"
"rnf20",10.9045886711117,-4.37195492018123,2.9403595690252,0.00298986864115459,0.0148660656145451,"Ab_vs_Pn","Pn higher"
"baz1b",10.8459573362761,-4.28227411991321,2.79463554649361,0.0030084707909133,0.0149484030676812,"Ab_vs_Pn","Pn higher"
"tmem17",4.39698599803249,4.41519880904373,2.34823263878879,0.00301882803846888,0.014989689561434,"Ab_vs_Pn","Ab higher"
"RBPMS",9.44854301350911,-4.538520989286,3.35840609031926,0.0030430717177306,0.0150998250183527,"Ab_vs_Pn","Pn higher"
"trip10a",8.06717549161758,-4.33696847871686,2.92707181159653,0.00304680101799085,0.015108087161704,"Ab_vs_Pn","Pn higher"
"col6a1",81.3873358295956,-4.70656946147285,3.81007138879811,0.0030498163794467,0.0151100788809435,"Ab_vs_Pn","Pn higher"
"sidt2",16.9503096803237,3.87125184902582,1.99152808520797,0.00305232986969575,0.0151100788809435,"Ab_vs_Pn","Ab higher"
"CCDC88A",7.32500744405726,3.07605238238365,1.44166828231512,0.0030533961832102,0.0151100788809435,"Ab_vs_Pn","Ab higher"
"abat",10.0701489835522,-4.21703495668229,2.70164364459076,0.00306580231554231,0.0151612210455771,"Ab_vs_Pn","Pn higher"
"ndfip2",8.44494169479663,-4.42520504403701,3.11606278548778,0.00307288688805117,0.0151859953637046,"Ab_vs_Pn","Pn higher"
"dhcr7",4.92878872480515,5.125553208329,3.22808665544299,0.00307720333011909,0.0151970655689215,"Ab_vs_Pn","Ab higher"
"paics",14.653440517004,-4.40956798483183,3.07911692437954,0.00308261221143874,0.0152032606304044,"Ab_vs_Pn","Pn higher"
"ptpn1",32.9470624803935,-4.38903331790427,2.99582950927469,0.00308214544236607,0.0152032606304044,"Ab_vs_Pn","Pn higher"
"si:ch211-204d2.4",3.27228559087393,5.32800957613057,3.3729214363611,0.00308775084683378,0.0152039088854194,"Ab_vs_Pn","Ab higher"
"smim14",7.99405569711971,-4.66399918689862,4.67981196458657,0.00309204320129945,0.0152039088854194,"Ab_vs_Pn","Pn higher"
"poldip3",5.64063524596093,-4.36839407157237,3.00833022162853,0.00309207463081391,0.0152039088854194,"Ab_vs_Pn","Pn higher"
"fam110b",6.55132714796932,3.97263516302821,2.04078156421719,0.00309313025418629,0.0152039088854194,"Ab_vs_Pn","Ab higher"
"znhit1",7.93184242562499,3.2374816546592,1.52250907342935,0.00309084116544268,0.0152039088854194,"Ab_vs_Pn","Ab higher"
"EZH1",15.5102705605494,-4.54177524082483,3.46757506825334,0.00311850509866897,0.015318348199435,"Ab_vs_Pn","Pn higher"
"zgc:110591",10.1826142268175,-4.59118123724708,5.42093515966592,0.00312501532444326,0.0153400316295105,"Ab_vs_Pn","Pn higher"
"chchd3a",8.45763214661173,-4.4248575727933,3.15650167957545,0.00313482696985411,0.0153599105172016,"Ab_vs_Pn","Pn higher"
"tmed9",8.58725942021084,-4.38182792418218,3.07304742309932,0.00313509170706926,0.0153599105172016,"Ab_vs_Pn","Pn higher"
"pipox",5.69965928530424,3.6396159933693,1.79244361997489,0.00313536088436933,0.0153599105172016,"Ab_vs_Pn","Ab higher"
"myof",16.4422651444646,2.86149176428861,1.34087683060872,0.00314069850633439,0.0153704587426777,"Ab_vs_Pn","Ab higher"
"nudt22",19.7973231779986,2.80223953659707,1.31283481874554,0.00314171420672849,0.0153704587426777,"Ab_vs_Pn","Ab higher"
"mcamb",13.5462028280832,-4.62465555994205,3.88571722386938,0.00314432073317585,0.0153729348337435,"Ab_vs_Pn","Pn higher"
"dcun1d3",5.21047767689367,-4.43810097196473,3.22195680834466,0.00314906302596037,0.0153858426482002,"Ab_vs_Pn","Pn higher"
"si:ch211-257p13.3",94.3914353175123,4.93998756050941,3.18596513506017,0.00316221292302633,0.0154149981137001,"Ab_vs_Pn","Ab higher"
"EBF1",8.80983599592943,4.57041997878764,2.56790105297998,0.00316465880681289,0.0154149981137001,"Ab_vs_Pn","Ab higher"
"sept5a",6.95068194941697,-4.29618119348437,2.91421881411922,0.00316143880030365,0.0154149981137001,"Ab_vs_Pn","Pn higher"
"znf106a",7.85739002661699,3.48924643378439,1.74708199308522,0.00316556116476174,0.0154149981137001,"Ab_vs_Pn","Ab higher"
"ubxn2a",68.048532757701,-2.36528351178427,1.23973646048487,0.00316095986632354,0.0154149981137001,"Ab_vs_Pn","Pn higher"
"rab5c",8.14031367498086,-4.29489467184685,2.90505092082243,0.00316995333365958,0.015426122638999,"Ab_vs_Pn","Pn higher"
"b3gnt2a",4.38454937160945,6.14617273735611,3.83223901867261,0.00318459064809169,0.0154833354978628,"Ab_vs_Pn","Ab higher"
"ptcd3",14.0159070557331,2.80405818101553,1.32210425108435,0.00318805664643794,0.0154833354978628,"Ab_vs_Pn","Ab higher"
"hyou1",72.1659670998608,-2.23672045207218,1.05614134737255,0.00318693651434016,0.0154833354978628,"Ab_vs_Pn","Pn higher"
"enpp2",6.08442774256268,4.62585512993658,2.60082550150645,0.00319444258686992,0.0154885455666246,"Ab_vs_Pn","Ab higher"
"akr1b1.2",8.30509677976842,-4.39853568361038,3.13883339228086,0.00319183238118511,0.0154885455666246,"Ab_vs_Pn","Pn higher"
"tgfb3",62.4890429784789,-2.85750531940196,1.69218051425088,0.00319547804421413,0.0154885455666246,"Ab_vs_Pn","Pn higher"
"si:dkey-16j16.4",6.4388404569223,-4.33529354456467,3.01511323776156,0.00319997581459008,0.0155000813944307,"Ab_vs_Pn","Pn higher"
"picalmb",10.3926922526766,-4.27731859291849,2.88961761427202,0.00321964032637451,0.0155850182200629,"Ab_vs_Pn","Pn higher"
"SHKBP1",33.9577000011446,2.22494906177255,0.964171407577811,0.00322326322005823,0.015592242899938,"Ab_vs_Pn","Ab higher"
"gstr",25.9716302018822,-4.46698315994837,3.34144088212877,0.00322971148358044,0.0156131164784183,"Ab_vs_Pn","Pn higher"
"rab18b",9.94854621900705,-4.35560096658512,3.0776901224123,0.00323989800340524,0.0156520221035795,"Ab_vs_Pn","Pn higher"
"flot2a",8.72113640950926,-4.45455925154011,3.34528398881974,0.00324974265797785,0.0156892259325461,"Ab_vs_Pn","Pn higher"
"lrtm2a",5.93161924459319,3.93412713263663,1.95725608763119,0.00327144406888902,0.0157835854582721,"Ab_vs_Pn","Ab higher"
"zdhhc16b",72.1469528875061,3.69906049916137,1.87623973887267,0.00331082236103901,0.0159630493151809,"Ab_vs_Pn","Ab higher"
"utp25",4.11040447243605,4.2030327723514,2.25803194809792,0.00332046201374392,0.0159977743487619,"Ab_vs_Pn","Ab higher"
"aggf1",9.33407536830528,2.85387143537413,1.33840143416112,0.00332239609374479,0.0159977743487619,"Ab_vs_Pn","Ab higher"
"tmem138",229.294602763021,2.62336549495149,1.21696673110347,0.00332558808458191,0.016002616167689,"Ab_vs_Pn","Ab higher"
"si:dkey-34d22.5",5.32523365527961,4.19664280400348,2.11916820317438,0.00334210182584022,0.0160602161343242,"Ab_vs_Pn","Ab higher"
"ccnt2a",17.4527658902233,3.83616275138991,2.10489390346352,0.00334414119260965,0.0160602161343242,"Ab_vs_Pn","Ab higher"
"ldhd",17.6223018314162,3.28270801403501,1.60791499897788,0.00334269964284529,0.0160602161343242,"Ab_vs_Pn","Ab higher"
"ly75",7.78357457550264,2.8914112155519,1.37167187640546,0.0033707794697758,0.0161775311077305,"Ab_vs_Pn","Ab higher"
"rrn3",8.00083316971907,4.83300016754135,2.77037217374995,0.00337421357478458,0.0161834004940028,"Ab_vs_Pn","Ab higher"
"ankrd33bb",7.79484403495695,3.77428426637267,1.90493110445634,0.00338868657887486,0.0162421722794926,"Ab_vs_Pn","Ab higher"
"ireb2",290.590637908441,-4.20207986405826,2.83113727422582,0.00339803609068076,0.0162753446527955,"Ab_vs_Pn","Pn higher"
"tbl1x",269.251035196117,-2.87842047560291,1.87166106529023,0.00340005492200085,0.0162753446527955,"Ab_vs_Pn","Pn higher"
"smg5",6.60930977975368,-4.31991058970559,3.12508931951156,0.00340449000050488,0.0162859230808466,"Ab_vs_Pn","Pn higher"
"aqp11",58.5671604186149,2.4708020924571,1.11334989368245,0.00341236299660823,0.0163129227773845,"Ab_vs_Pn","Ab higher"
"sdsl",6.24016878973518,3.12495511384075,1.51079446751077,0.00341500325228899,0.0163148882529393,"Ab_vs_Pn","Ab higher"
"henmt1",201.804288838803,4.45504326601462,2.88235710128295,0.00342182224481867,0.0163348576435104,"Ab_vs_Pn","Ab higher"
"tex261",11.5054373489099,2.66323939085723,1.24553779397966,0.00342364689508744,0.0163348576435104,"Ab_vs_Pn","Ab higher"
"ttk",3.52115031527758,3.92620379563946,2.18035536292624,0.00343432691489282,0.0163751392117919,"Ab_vs_Pn","Ab higher"
"dyrk3",5.04858347940534,-4.41775525391248,3.56515763118958,0.00348166422326246,0.0165900393555065,"Ab_vs_Pn","Pn higher"
"cmtm4",38.0924624535569,2.47235076372143,1.14191095659808,0.00348674102504469,0.0166034206651282,"Ab_vs_Pn","Ab higher"
"nat16",4.95965881924327,3.81928614876872,1.86064398706842,0.00349319952633069,0.0166233597745217,"Ab_vs_Pn","Ab higher"
"mff",6.24148765965181,4.23812351565777,2.3384322365245,0.00350008094762677,0.0166452842467058,"Ab_vs_Pn","Ab higher"
"dnajb13",6.33012919497003,5.92983235397194,3.93612177747195,0.00351077580385377,0.0166744763844294,"Ab_vs_Pn","Ab higher"
"pdgfbb",14.1885840057628,-4.44837338380182,3.74907200168511,0.0035086701536006,0.0166744763844294,"Ab_vs_Pn","Pn higher"
"kidins220b",10.9108346802931,2.59637814013376,1.21260412362109,0.00352723419233981,0.0167417814875065,"Ab_vs_Pn","Ab higher"
"C7orf25",4.94909596117866,3.69820916266884,1.9474709970748,0.00353293687799041,0.0167579812119325,"Ab_vs_Pn","Ab higher"
"NIPAL2",22.0958510835813,-4.27486755945496,3.09773984952954,0.00353895681734369,0.0167756638252192,"Ab_vs_Pn","Pn higher"
"SNTA1",3.88355854510763,6.00817901006018,3.84344626675927,0.0035516274136785,0.0168030775958067,"Ab_vs_Pn","Ab higher"
"eif3bb",39.725255195674,-4.27478415127073,3.07970238402138,0.00354935852705461,0.0168030775958067,"Ab_vs_Pn","Pn higher"
"slc30a4",105.608188137092,-4.15345040867257,2.7896037915827,0.0035482016581608,0.0168030775958067,"Ab_vs_Pn","Pn higher"
"rhag",20.8901551715445,-4.33511222489997,3.2862417511736,0.00355441016266332,0.0168053798323855,"Ab_vs_Pn","Pn higher"
"rab34a",63.5283343660646,2.99894706953962,1.48695543964572,0.00356205122721801,0.0168306345590759,"Ab_vs_Pn","Ab higher"
"txnrd2.1",4.0477811329037,5.65615123860009,3.72321578613541,0.00358286918724972,0.0169180771493424,"Ab_vs_Pn","Ab higher"
"psma2",8.77185938335022,-4.40534981828451,3.71978124707175,0.00359493469507137,0.0169422582313119,"Ab_vs_Pn","Pn higher"
"prkaa2",5.59644206112465,-4.24756730230655,3.0725080618793,0.00359308657050639,0.0169422582313119,"Ab_vs_Pn","Pn higher"
"zgc:92162",9.06245749072443,3.23737645921628,1.63137480124449,0.00359064544951095,0.0169422582313119,"Ab_vs_Pn","Ab higher"
"mylka",16.0460344607354,-4.38025955996742,3.51875909953616,0.00360323439222631,0.0169704456349449,"Ab_vs_Pn","Pn higher"
"mrpl2",5.2763285876557,4.96705761727157,3.28198236630626,0.00362314360258549,0.017023457195533,"Ab_vs_Pn","Ab higher"
"pfkpa",13.2870981594828,-4.36150126856289,3.36550001227978,0.0036240916651943,0.017023457195533,"Ab_vs_Pn","Pn higher"
"iqgap1",15.9915058799937,-4.13618020826079,2.80484129699286,0.00362844558341733,0.017023457195533,"Ab_vs_Pn","Pn higher"
"dtd1",4.96926421194401,3.88085196744308,2.18515556810218,0.00362732201457302,0.017023457195533,"Ab_vs_Pn","Ab higher"
"clec3bb",8.16008660744289,3.4156481941227,1.75509445393127,0.00362158827506209,0.017023457195533,"Ab_vs_Pn","Ab higher"
"mmp19",53.9991539762249,-2.68628474599119,1.64217422425568,0.0036175781113836,0.017023457195533,"Ab_vs_Pn","Pn higher"
"atxn1b",3.54188828780918,5.05311905275498,3.30581141294621,0.00363114760481551,0.0170241259864989,"Ab_vs_Pn","Ab higher"
"usp28",9.6497700815869,3.16481812739975,1.52593823371915,0.00363324016818025,0.0170241259864989,"Ab_vs_Pn","Ab higher"
"arf5",13.2982361400608,-4.41931559633551,3.98475993321532,0.00363934791918582,0.0170418345620736,"Ab_vs_Pn","Pn higher"
"RAB39B",16.7769815410739,4.70256346909508,3.08862334279679,0.00364721544507682,0.0170677556537834,"Ab_vs_Pn","Ab higher"
"zc3h18",16.3840180927671,-4.03846151903524,2.64630046352576,0.00366684020870813,0.0171486284265398,"Ab_vs_Pn","Pn higher"
"pawr",16.2767474256813,-4.30325884019936,3.35750196771751,0.00367327577815153,0.0171677556962267,"Ab_vs_Pn","Pn higher"
"wdr34",40.4782391591596,-4.18700719896028,2.98213997162483,0.00368611806175538,0.0172167824467056,"Ab_vs_Pn","Pn higher"
"plag1",106.334135694583,3.55645382550071,1.83201500875985,0.00369158213287482,0.0172313071623156,"Ab_vs_Pn","Ab higher"
"ctnnal1",78.4975179612762,2.12750869666028,0.930521550845645,0.00369935282679074,0.0172565731926587,"Ab_vs_Pn","Ab higher"
"lsm4",9.4039328918137,-4.17099395711873,2.97451265001312,0.00371715503900058,0.0173285718028314,"Ab_vs_Pn","Pn higher"
"saga",132.684243218991,-2.38696954693622,1.29151538400394,0.00374379705247293,0.01744166176133,"Ab_vs_Pn","Pn higher"
"esrra",5.4661624528006,-4.34561652517779,3.74407982807983,0.00375144544017415,0.0174661763210144,"Ab_vs_Pn","Pn higher"
"rexo4",6.27090306442696,3.84542033275903,2.10908056225224,0.00376345646796185,0.0175109586071283,"Ab_vs_Pn","Ab higher"
"rprd1b",54.094323372036,-4.36417104236332,3.92445673205575,0.00377634730523721,0.0175597750489397,"Ab_vs_Pn","Pn higher"
"ppp5c",7.64537761392765,-4.30945098413958,3.52340870833633,0.00379297930507009,0.01762591462464,"Ab_vs_Pn","Pn higher"
"rad17",31.9942589711451,3.88548121309106,2.29788648226635,0.00380218412433737,0.0176522070952123,"Ab_vs_Pn","Ab higher"
"iffo2b",6.90567123749104,3.67508451151104,1.81506930888303,0.00380346093580405,0.0176522070952123,"Ab_vs_Pn","Ab higher"
"ndufb9",59.601822432595,2.79560187211461,1.39256024445058,0.00381633765672679,0.0177007448096219,"Ab_vs_Pn","Ab higher"
"epcam",6.89966426715097,4.98069062191703,3.44788113430391,0.00382023611072996,0.0177076048729782,"Ab_vs_Pn","Ab higher"
"lhx4",5.38770568940253,4.62624763537099,2.75240240093598,0.00383011150815871,0.0177421431191225,"Ab_vs_Pn","Ab higher"
"hnf4a",3.64178324975959,4.12894662665298,2.31168443967611,0.00383878273263305,0.0177710631373443,"Ab_vs_Pn","Ab higher"
"mfsd4aa",10.1363803878402,4.69203905380751,3.13184370809905,0.00385397110902952,0.0178148595617681,"Ab_vs_Pn","Ab higher"
"vclb",15.6318853819368,-4.27296907030755,5.09246489925591,0.00385797956078733,0.0178148595617681,"Ab_vs_Pn","Pn higher"
"scaf11",8.25086897127703,-4.17597727005346,3.07618621297277,0.00385785660521314,0.0178148595617681,"Ab_vs_Pn","Pn higher"
"ino80da",7.81001088454945,2.88508253276968,1.40774972400589,0.00385498929763579,0.0178148595617681,"Ab_vs_Pn","Ab higher"
"psmd12",10.1106723135206,-4.10963594834474,2.89507624503895,0.00386400808127254,0.0178314471291512,"Ab_vs_Pn","Pn higher"
"nipblb",14.6342894807502,-4.07864376825328,2.83858508217547,0.00387168351729084,0.0178443650271106,"Ab_vs_Pn","Pn higher"
"rbm22",15.4739477686724,2.80340337945855,1.40753125400782,0.00387116738929285,0.0178443650271106,"Ab_vs_Pn","Ab higher"
"ube2al",120.667706709732,-4.14157755811903,2.95883655157414,0.00388153547139429,0.0178785136029797,"Ab_vs_Pn","Pn higher"
"nacc1a",5.47959614683334,-4.23110134445763,3.36389820281589,0.00390703398737131,0.0179846426123086,"Ab_vs_Pn","Pn higher"
"sult3st1",347.330712706274,3.58335059928973,1.92423131793523,0.00391612603440105,0.0180151643279581,"Ab_vs_Pn","Ab higher"
"hspa4l",9.69556010933962,-4.18446756761234,3.16043594257424,0.00392710456176838,0.0180543205324012,"Ab_vs_Pn","Pn higher"
"ociad2",7.68892957252252,-4.16899783594393,5.47593436908687,0.00393742083371577,0.018090384859991,"Ab_vs_Pn","Pn higher"
"bco1",3.56712992890879,5.47823957902262,3.6711069099976,0.00394772398178493,0.0181234357439905,"Ab_vs_Pn","Ab higher"
"lrrc18a",9.75120364277781,4.19466739106584,2.42596210299393,0.00394956688231519,0.0181234357439905,"Ab_vs_Pn","Ab higher"
"crbn",4.95769525826368,-4.17409354556949,3.20025726478442,0.00396971897002317,0.0182044944496238,"Ab_vs_Pn","Pn higher"
"nkx6.2",13.0784699212818,3.90746017528492,2.12550296992394,0.00397289576050154,0.0182076543964376,"Ab_vs_Pn","Ab higher"
"rmdn3",7.40124769207808,3.92374391138381,2.23148804890103,0.00398114916387755,0.018234061783742,"Ab_vs_Pn","Ab higher"
"ets1",8.41940272484768,-4.23389625734648,3.47490340206645,0.00400217711406364,0.0183189082538035,"Ab_vs_Pn","Pn higher"
"tmed7",10.5223309303003,-4.04422293295764,2.81734897530424,0.00402028298219258,0.0183902819666672,"Ab_vs_Pn","Pn higher"
"cntn3a.1",6.26031436664946,-4.18401606281885,3.27559156480828,0.0040347400832202,0.0184406576827736,"Ab_vs_Pn","Pn higher"
"nudt12",38.8537887022383,2.81280835032517,1.40560541845356,0.00403633469159765,0.0184406576827736,"Ab_vs_Pn","Ab higher"
"si:dkey-167k11.5",4.30613882759665,5.20718600108543,3.53635295500249,0.00405219940478185,0.0184953928158752,"Ab_vs_Pn","Ab higher"
"myl13",7.66740513845545,-4.20391689024888,3.58232887645655,0.00405558500524926,0.0184953928158752,"Ab_vs_Pn","Pn higher"
"tmem50a",234.149338015397,-3.98742300819561,2.68916551160854,0.00405589636145371,0.0184953928158752,"Ab_vs_Pn","Pn higher"
"trim69",20.9870148305162,2.84515807871529,1.42085609885252,0.00406945730302152,0.0185456774600339,"Ab_vs_Pn","Ab higher"
"med24",14.3993396391003,3.31943829700536,1.77626498264732,0.00408497903772644,0.0185932596872636,"Ab_vs_Pn","Ab higher"
"p4ha1a",9.18158371196512,-0.700325439224304,1.41641273094254,0.00408321952084067,0.0185932596872636,"Ab_vs_Pn","Pn higher"
"rbm14a",6.83145260067499,3.49985192452503,1.75653037983284,0.00409157912458284,0.0186117262975897,"Ab_vs_Pn","Ab higher"
"ifrd1",10.7623149441092,-4.22516155034966,3.63861568661674,0.00409636532696527,0.0186219241168067,"Ab_vs_Pn","Pn higher"
"tmem120b",32.5483279827886,3.52858223714752,1.93061947599581,0.0041274607169582,0.0187516356222328,"Ab_vs_Pn","Ab higher"
"ndufv2",103.372443183998,2.28701213163772,1.06149125702669,0.00415873010304604,0.0188819761936687,"Ab_vs_Pn","Ab higher"
"bicc2",5.84567987257826,3.57485845018559,1.79912873264555,0.00416237803225141,0.0188868225778351,"Ab_vs_Pn","Ab higher"
"si:ch211-235o23.1",6.52823181918069,2.8286980303526,1.38290477206656,0.00416762423254085,0.0188989106307103,"Ab_vs_Pn","Ab higher"
"b3gnt7l",4.68982602395905,4.15974004667601,2.44916356359416,0.00418364276626226,0.0189598027283427,"Ab_vs_Pn","Ab higher"
"lamp2",12.61202689268,3.44098658802758,1.71865014344454,0.00418737888856276,0.0189649913894745,"Ab_vs_Pn","Ab higher"
"arhgap42b",5.07189392676302,4.4196375629103,3.02920293749325,0.00419914376865312,0.0189947671463363,"Ab_vs_Pn","Ab higher"
"gapdhs",80.0104616240216,-2.10473593144393,1.02136290656648,0.00419855044039627,0.0189947671463363,"Ab_vs_Pn","Pn higher"
"csnk2a1",9.85457748286689,-4.0692099718224,3.07507162952682,0.00424352074286918,0.0191718076031232,"Ab_vs_Pn","Pn higher"
"htr2b",109.349678669423,-2.42425078123941,1.49178087806794,0.00424342561423857,0.0191718076031232,"Ab_vs_Pn","Pn higher"
"cers4b",5.0387890228025,-4.17049088974658,3.99304414286598,0.0042537995185661,0.019194549122309,"Ab_vs_Pn","Pn higher"
"pfkfb4b",794.083488889592,-2.08229331360671,1.07293365730526,0.00425133822670979,0.019194549122309,"Ab_vs_Pn","Pn higher"
"ddit4",40.564240440725,-4.13345808621028,3.36611479749497,0.00425825325460858,0.0192028068826126,"Ab_vs_Pn","Pn higher"
"SLC2A13",4.08724693951727,5.7043645039677,3.86414709265283,0.00427599584480085,0.0192709443276462,"Ab_vs_Pn","Ab higher"
"dtymk",312.549996933376,-1.92907513503758,0.93619302965303,0.0042826419055618,0.0192890191426504,"Ab_vs_Pn","Pn higher"
"scfd1",13.2917878109793,-4.13094157986886,3.35929840555459,0.00428964307993587,0.0193086701734629,"Ab_vs_Pn","Pn higher"
"adssl",9.52730635975977,-4.1545491808031,3.39992840254901,0.004302804258777,0.0193560076029434,"Ab_vs_Pn","Pn higher"
"ngs",72.3380565715851,0.427898769629268,1.15561602058785,0.00431339206758857,0.0193917177780594,"Ab_vs_Pn","Ab higher"
"slc7a7",25.4203856072785,3.06791442572835,1.49540496568286,0.00433798775092092,0.0194903206562248,"Ab_vs_Pn","Ab higher"
"cyb5d1",5.41809757571034,-0.864095999951887,1.65585150258103,0.0043472504606663,0.0195199546758384,"Ab_vs_Pn","Pn higher"
"ENY2",17.3033097906895,3.86004575473866,2.3869312002562,0.00435812401894684,0.0195422331302506,"Ab_vs_Pn","Ab higher"
"relt",7.74636227766448,3.76018510293484,2.13365523120577,0.00436022225737112,0.0195422331302506,"Ab_vs_Pn","Ab higher"
"ncaldb",78.1264881055154,-2.79343406245816,2.10443553567149,0.00435946698909189,0.0195422331302506,"Ab_vs_Pn","Pn higher"
"mmp2",31.7808641020297,-4.15132509549984,4.06115296189313,0.00438040593228807,0.0196206799378313,"Ab_vs_Pn","Pn higher"
"mms19",119.36459103998,2.17554541749107,1.00215744330593,0.00438521416267655,0.0196302033373882,"Ab_vs_Pn","Ab higher"
"zmiz2",9.62410034135056,2.68233333132718,1.30398596452715,0.00442195533498075,0.0197825740200025,"Ab_vs_Pn","Ab higher"
"sarm1",11.7861356746977,4.9380615034283,3.46789895093756,0.00443102503017963,0.0198110398264415,"Ab_vs_Pn","Ab higher"
"tmem135",5.14580313524531,-4.05146517361095,3.20259946342378,0.00443697889633802,0.0198255485606215,"Ab_vs_Pn","Pn higher"
"dnajb14",7.67721148145286,-4.02470013281297,3.10119906597203,0.00446002457688256,0.0199163635620522,"Ab_vs_Pn","Pn higher"
"rpl29",22.9177240189505,-4.11383113564913,3.59830672442528,0.00446306473204015,0.0199177870571963,"Ab_vs_Pn","Pn higher"
"clcn3",6.82707247644159,-4.02093070269094,3.09503657575096,0.00447789174126411,0.0199717791921463,"Ab_vs_Pn","Pn higher"
"ssx2ipb",8.28055136643166,-4.05623650161966,3.25971123425721,0.00449066945829297,0.0200165711115994,"Ab_vs_Pn","Pn higher"
"pop1",118.830087987621,3.52545729813205,1.90411804825429,0.00451709339235296,0.0201220977106703,"Ab_vs_Pn","Ab higher"
"capn1b",98.5649266960515,2.20894547263837,1.04021304917937,0.00457033758610035,0.0203468982923774,"Ab_vs_Pn","Ab higher"
"igf2b",13.7701200023967,-4.11952548457583,3.84705823581813,0.00458240896877276,0.0203882378373543,"Ab_vs_Pn","Pn higher"
"glra2",9.13637066147362,2.96332074874075,1.54787457365989,0.00459947837656002,0.0204517510559191,"Ab_vs_Pn","Ab higher"
"snx3",85.4080438640541,-2.08863213166952,1.04157993615632,0.00460576659180368,0.0204672772831883,"Ab_vs_Pn","Pn higher"
"dixdc1a",5.59903951588512,3.62400577368197,1.90769474702948,0.00461286390110749,0.0204863779685714,"Ab_vs_Pn","Ab higher"
"sptbn2",6.52093222905002,-4.00668298777798,3.19982526172849,0.00462135558039457,0.020511644325596,"Ab_vs_Pn","Pn higher"
"ctif",4.19770122066515,-4.01742054190005,3.364608809122,0.00465927988855593,0.0206674360632369,"Ab_vs_Pn","Pn higher"
"ppargc1b",4.72679324649699,-4.02106069325298,4.19756643510861,0.00466335096218,0.0206729652890342,"Ab_vs_Pn","Pn higher"
"zfyve1",100.242587079667,3.0990975279968,1.69432723873688,0.0046766663020468,0.0207194435016226,"Ab_vs_Pn","Ab higher"
"slc25a26",5.59192305018609,-0.807055142281944,1.56088793512482,0.00468717937539539,0.0207534578635928,"Ab_vs_Pn","Pn higher"
"ppp1r3b",4.75260334377119,6.19393594005537,4.31717460448699,0.00472742884718838,0.0209190155577822,"Ab_vs_Pn","Ab higher"
"OGDH",9.17254623546914,-3.95131842879438,3.03695765458654,0.00473352894669573,0.020933352483907,"Ab_vs_Pn","Pn higher"
"ZBTB5",6.8177641555213,-3.98788521447839,3.23689898956326,0.00473657125292784,0.0209341576088037,"Ab_vs_Pn","Pn higher"
"tsg101a",9.03954553810198,-3.92720219458971,2.98899717156422,0.00474502468156347,0.0209588627908045,"Ab_vs_Pn","Pn higher"
"coro1b",12.7271961969359,-3.94968163810065,3.07247795528932,0.00476934783190777,0.0210409022192483,"Ab_vs_Pn","Pn higher"
"pcyox1",7.34087493922023,2.85589198914268,1.46110385910141,0.00476790001299189,0.0210409022192483,"Ab_vs_Pn","Ab higher"
"efr3ba",5.5774806327501,3.5491694518542,1.92072191799414,0.00481489938567474,0.0212290654239478,"Ab_vs_Pn","Ab higher"
"me3",11.6855824834852,2.39108206218215,1.16134191365409,0.00484620567804658,0.0213542320033852,"Ab_vs_Pn","Ab higher"
"cavin2a",19.7297459829073,-2.13043390311945,1.09629328213548,0.00485466194698039,0.0213786226172981,"Ab_vs_Pn","Pn higher"
"gng3",283.832701312194,2.98978647714223,1.48808570849785,0.0048708676553645,0.0214370898193703,"Ab_vs_Pn","Ab higher"
"serpine2",51.7098620921241,-3.9825108502897,3.35847777160388,0.00489038770013876,0.0215100646498291,"Ab_vs_Pn","Pn higher"
"lnx2b",7.11567437319133,3.90994105449052,2.92185335622138,0.00491515446060877,0.021606015313631,"Ab_vs_Pn","Ab higher"
"st7",35.6986854950844,2.77762064430082,1.44039431054807,0.00492866390594202,0.0216523956348077,"Ab_vs_Pn","Ab higher"
"eif3jb",8.99682672646812,-3.92480344116901,3.1705850125198,0.004939308360837,0.0216861415074781,"Ab_vs_Pn","Pn higher"
"txnrd3",11.9368960280806,-3.94903843167881,3.41366868742381,0.00497178065893083,0.0218156250855604,"Ab_vs_Pn","Pn higher"
"cab39l",51.6361501988546,-3.77499098281415,2.65898435401223,0.0049913336137672,0.0218882988131588,"Ab_vs_Pn","Pn higher"
"gclc",11.5246546616276,-3.84090554858769,2.90227226447,0.00500740679055181,0.0219344401370713,"Ab_vs_Pn","Pn higher"
"ap5m1",22.0559666043275,3.20955381680578,1.70831401948743,0.00500784936043805,0.0219344401370713,"Ab_vs_Pn","Ab higher"
"foxh1",12.9668306624733,4.30052584506715,3.11089742244252,0.0050482981778091,0.0220983817962828,"Ab_vs_Pn","Ab higher"
"irf2bp2a",22.476208671508,-2.14728655690785,1.04640217125572,0.00506072396343424,0.022139532987672,"Ab_vs_Pn","Pn higher"
"col9a3",19.4689035874997,3.04418183187276,1.67609392366899,0.005076189949609,0.0221939272647481,"Ab_vs_Pn","Ab higher"
"pepd",14.1686662960017,-3.73023079298934,5.44541036823327,0.00510047817140548,0.0222602264379945,"Ab_vs_Pn","Pn higher"
"ddr1",296.042757136749,3.29198637655384,1.82707184557633,0.00509519055830977,0.0222602264379945,"Ab_vs_Pn","Ab higher"
"YES1",15.8666806789264,-2.06953450185345,1.02982411583852,0.00509997502782135,0.0222602264379945,"Ab_vs_Pn","Pn higher"
"bgnb",12.2307682294077,-3.70163188201503,5.62552739598653,0.00512099476026063,0.0223364485401356,"Ab_vs_Pn","Pn higher"
"os9",8.60928978133917,-3.85239800139082,3.05544578988052,0.00514127323790067,0.0224115418869536,"Ab_vs_Pn","Pn higher"
"atp6v1c1b",8.56860125642025,-3.76549427459304,2.70517877692952,0.00515658263906802,0.0224648978186541,"Ab_vs_Pn","Pn higher"
"alas1",14.0520172540042,-3.89784896801642,3.41189373535547,0.00516437658193394,0.0224854682945714,"Ab_vs_Pn","Pn higher"
"rspry1",5.9939422520152,-3.67375816694314,5.51927840198303,0.0051681530790238,0.0224885329282849,"Ab_vs_Pn","Pn higher"
"stk19",8.69083705228005,3.21390946971021,1.63281458827583,0.00517987688831259,0.0225261550478668,"Ab_vs_Pn","Ab higher"
"cox5ab",12.0342286395643,-3.82515487453856,2.98829153428032,0.00519882698651174,0.0225951393790258,"Ab_vs_Pn","Pn higher"
"rgs9b",7.68153964835598,-3.88819117405928,3.45082578633841,0.00521218191486204,0.0226263104595939,"Ab_vs_Pn","Pn higher"
"brpf3b",4.96743057828684,3.22642619336705,1.74140908262776,0.00520971178178352,0.0226263104595939,"Ab_vs_Pn","Ab higher"
"eftud2",6.73086882948202,-3.79589508631695,2.88292612127828,0.00521656691662218,0.0226319225031166,"Ab_vs_Pn","Pn higher"
"larp1",18.9734708482221,-3.87702465339517,3.09953880072327,0.00523006796203186,0.0226770541552791,"Ab_vs_Pn","Pn higher"
"sik2b",4.76338933766715,-3.87997968777107,3.61149239201127,0.00524772152068283,0.0227401265896256,"Ab_vs_Pn","Pn higher"
"cep89",4.14055698936055,4.09100645029088,2.67850155894948,0.00525683979568517,0.0227537612041973,"Ab_vs_Pn","Ab higher"
"rab9b",37.0611897798177,-2.0829650543859,1.10796807072142,0.0052570856942612,0.0227537612041973,"Ab_vs_Pn","Pn higher"
"wnt5b",4.37945905226188,4.68737841548491,3.46950476895385,0.00526793210049835,0.0227872311132077,"Ab_vs_Pn","Ab higher"
"RNF146",33.4259526359061,-1.73624444310283,0.800018268794574,0.00528212192214098,0.0228351153857944,"Ab_vs_Pn","Pn higher"
"strap",13.593399612704,2.83025869240649,1.52375820749254,0.00533810518821229,0.0230499067094547,"Ab_vs_Pn","Ab higher"
"cstf3",16.947839417858,2.43716015717267,1.2366763106541,0.00533529259929936,0.0230499067094547,"Ab_vs_Pn","Ab higher"
"etf1a",8.9550124304051,-3.53555006964919,6.25824946479163,0.00535226452656529,0.0230939757181325,"Ab_vs_Pn","Pn higher"
"gusb",8.63246992833453,3.01634845010584,1.66320545950945,0.00535462177806678,0.0230939757181325,"Ab_vs_Pn","Ab higher"
"chn2",3.78224981202205,5.32186355199762,4.06452719554342,0.00537325276682759,0.0231538035135302,"Ab_vs_Pn","Ab higher"
"sin3aa",5.80405994895398,2.93456861347221,1.55739794573823,0.00537482062706487,0.0231538035135302,"Ab_vs_Pn","Ab higher"
"dnmt3ab",4.81711884477281,3.87057408943596,2.34147933808144,0.00539746697238498,0.0232240216172168,"Ab_vs_Pn","Ab higher"
"hspa4b",13.2077090067494,-3.7436125184718,2.8041579302272,0.00539625676329359,0.0232240216172168,"Ab_vs_Pn","Pn higher"
"polb",5.44221262450169,-3.7830187813627,2.98729563585914,0.00540919283299006,0.0232608004375172,"Ab_vs_Pn","Pn higher"
"pbx2",16.1808702979638,2.66062607688153,1.40019722581963,0.00544738355496509,0.0234112743621782,"Ab_vs_Pn","Ab higher"
"relch",15.2455408885159,2.33571993225978,1.18721137309833,0.00546502083671982,0.0234732907887045,"Ab_vs_Pn","Ab higher"
"slc25a13",63.2259856463163,4.78026323072757,3.50406396240429,0.00547977794998117,0.0235228708597726,"Ab_vs_Pn","Ab higher"
"dcaf11",10.5636161818869,-3.80813019432155,3.19762863881454,0.0054844654188379,0.0235291924973474,"Ab_vs_Pn","Pn higher"
"wasf2",9.133660123123,-3.78344128232617,4.10830135661457,0.00549087780052643,0.0235429025319583,"Ab_vs_Pn","Pn higher"
"acer2",40557.5071660998,-3.7355365534027,2.78256813677567,0.00551565248520789,0.0236214514565457,"Ab_vs_Pn","Pn higher"
"GFOD1",11.7746542748598,2.60747882918757,1.35196324891692,0.00551264225222906,0.0236214514565457,"Ab_vs_Pn","Ab higher"
"si:dkey-10o6.2",32.6331407814862,3.44809104462974,2.00546920458965,0.00552747977710699,0.0236582599348807,"Ab_vs_Pn","Ab higher"
"glsb",10.8827315911426,2.8547332242264,1.56288232027558,0.00556437319460213,0.0237900406442217,"Ab_vs_Pn","Ab higher"
"BFSP1",97.643591049282,-2.50109349842855,2.08109217181084,0.00556476972030435,0.0237900406442217,"Ab_vs_Pn","Pn higher"
"opn6a",39.967285798042,-1.94929522093976,1.02786513607947,0.00557778479083815,0.0238317611699617,"Ab_vs_Pn","Pn higher"
"sema7a",9.61384422329539,-3.79973390627703,3.12166177603376,0.00558820557521911,0.0238623550787798,"Ab_vs_Pn","Pn higher"
"clcn4",3.55666018700391,-3.65616389847004,4.65464205537801,0.00560407641717751,0.0239161721850275,"Ab_vs_Pn","Pn higher"
"uck1",40.9221466332163,2.00783599938181,0.936643211705384,0.00561010834438468,0.0239279621052165,"Ab_vs_Pn","Ab higher"
"ift172",6.57561917403359,2.8657335260994,1.54681593449075,0.00561984766182863,0.0239555416639043,"Ab_vs_Pn","Ab higher"
"PHF21B",3.74518641359877,3.69672069783757,2.28250036553275,0.00564140704670229,0.0240334448048976,"Ab_vs_Pn","Ab higher"
"agfg1b",4.68492531299461,3.40540715073692,1.82761240523402,0.00566636083219602,0.0241257096747194,"Ab_vs_Pn","Ab higher"
"ncam1b",12.6412851424272,-3.80940497618447,3.57706989074576,0.00567587228944475,0.0241381227695794,"Ab_vs_Pn","Pn higher"
"zfhx4",12.6560403481076,2.09190736207228,1.00396598191439,0.00567579249163661,0.0241381227695794,"Ab_vs_Pn","Ab higher"
"npr2",5.3675910393822,5.16783482449959,4.1117563706022,0.00568953557597857,0.0241821782117231,"Ab_vs_Pn","Ab higher"
"STT3B",10.6106562601856,2.76530456256769,1.49582047178572,0.00570078440525342,0.0242159263273649,"Ab_vs_Pn","Ab higher"
"lmo4b",4.81884180222848,-3.74672442830061,3.31760450916116,0.00574807940501938,0.0244026642490353,"Ab_vs_Pn","Pn higher"
"si:ch211-79k12.1",25.9706137757013,-1.31586908132559,2.87384377301902,0.0057740691932833,0.0244987898119655,"Ab_vs_Pn","Pn higher"
"mctp1a",7.68815543599191,4.5312019940265,3.47594215204176,0.0058236251083483,0.0246947347439173,"Ab_vs_Pn","Ab higher"
"retreg2",7.9308847568896,-3.72163702819329,3.07738402922064,0.00582754894194575,0.0246970646821661,"Ab_vs_Pn","Pn higher"
"sh3bgrl",19.4224639711371,-3.73912126913513,3.64617322041341,0.0058464547048713,0.0247524014340761,"Ab_vs_Pn","Pn higher"
"lsm11",4.85626371457004,-3.72856246734128,3.38148218153613,0.00585075208101538,0.0247524014340761,"Ab_vs_Pn","Pn higher"
"srek1",13.6362456053654,-2.64196970067008,1.8820127249209,0.00584986639492523,0.0247524014340761,"Ab_vs_Pn","Pn higher"
"rnf144aa",4.44716421453391,4.61613052285966,3.51786944428941,0.00585597983011554,0.0247602058790385,"Ab_vs_Pn","Ab higher"
"bcl2l13",254.414622943273,2.34701949770139,1.18051181721626,0.005870942503794,0.0248091386750972,"Ab_vs_Pn","Ab higher"
"lrrc8aa",6.22056235386022,3.03221196672648,1.73593138965532,0.00589765968489583,0.0249076579536945,"Ab_vs_Pn","Ab higher"
"vdac1",9.06216922249747,-3.69369705399144,3.02232066384696,0.00592727848134447,0.0250183109601847,"Ab_vs_Pn","Pn higher"
"atp6v1ba",10.873630453866,-3.68126704736062,2.96601912739876,0.00593867435725019,0.0250519640465211,"Ab_vs_Pn","Pn higher"
"zmp:0000000846",3.97819513982506,3.39225783374753,1.93319772872942,0.0060036403457904,0.0253114306974885,"Ab_vs_Pn","Ab higher"
"si:dkeyp-97b10.3",4.78622510036977,5.86495119151612,4.63936750632472,0.00600896811684858,0.0253193077992025,"Ab_vs_Pn","Ab higher"
"rlbp1b",131.437283434848,2.86484721542374,1.65128050940821,0.00602293689598843,0.0253635645234403,"Ab_vs_Pn","Ab higher"
"slc9a1b",5.43068362835304,-1.66702837246273,5.29345909398363,0.00603480797446696,0.0253989416705714,"Ab_vs_Pn","Pn higher"
"trim66",7.66841370384323,3.48759800043222,2.19478428137525,0.00604505374392636,0.0254128365030425,"Ab_vs_Pn","Ab higher"
"znf593",16.4743286826343,2.64248904335206,1.43454339495274,0.00604252404301271,0.0254128365030425,"Ab_vs_Pn","Ab higher"
"si:ch73-344o19.1",2261.98523394655,-1.80644084335431,0.924924212263438,0.00605133617312653,0.025424643772166,"Ab_vs_Pn","Pn higher"
"per3",10.971895165463,-3.66535531069986,3.0006736975196,0.00609392765468311,0.025588902182803,"Ab_vs_Pn","Pn higher"
"nr2f1a",10.7296404184674,-3.67981057338417,3.60613819660523,0.00612035087912638,0.0256851193144071,"Ab_vs_Pn","Pn higher"
"CYP19A1",6.74000860781029,3.75152562103113,2.36861612428521,0.0061355846733943,0.025734294684569,"Ab_vs_Pn","Ab higher"
"YTHDF1",5.65470952443635,-3.66983137803065,3.43080813541116,0.00615775817282033,0.0258125040474639,"Ab_vs_Pn","Pn higher"
"si:ch73-12o23.1",6.57049520610562,-3.65974171072231,3.29918841345376,0.00617985196825727,0.0258902899574556,"Ab_vs_Pn","Pn higher"
"trpv1",8.83275356739331,2.98972013904975,1.64044509988602,0.00618830218204134,0.0259108602233184,"Ab_vs_Pn","Ab higher"
"dph1",6.90769698707414,3.1267329214673,1.87314329162954,0.00619324154180098,0.0259167151769247,"Ab_vs_Pn","Ab higher"
"fam171a1",5.3891099192803,3.47382179970744,2.14118417544,0.00621956505769503,0.0260119980898685,"Ab_vs_Pn","Ab higher"
"dgcr2",6.13711807495796,-3.64391204626322,3.21136422438225,0.00624880484876165,0.0261193619006776,"Ab_vs_Pn","Pn higher"
"recql5",6.19311368132325,2.84666849574862,1.52359958740916,0.00626965919707238,0.0261915728672219,"Ab_vs_Pn","Ab higher"
"rasl11b",6.6556241491278,3.28925753818669,1.94569019351137,0.00628512020316678,0.0262411835521835,"Ab_vs_Pn","Ab higher"
"tmem134",3.64744427865483,4.86092723169145,3.91826735596797,0.00630325924283697,0.0262891436512635,"Ab_vs_Pn","Ab higher"
"pou5f3",17.8261218651215,4.04503300487362,3.1312397632317,0.00630619349794869,0.0262891436512635,"Ab_vs_Pn","Ab higher"
"spag9a",5.46315375772791,2.89518298800242,1.56550126363573,0.0063073830101952,0.0262891436512635,"Ab_vs_Pn","Ab higher"
"mboat2b",7.53729565115487,4.35721521438191,3.34280186563769,0.00631213538664052,0.0262939777432112,"Ab_vs_Pn","Ab higher"
"zgc:110319",5.22521433036636,-3.6244612626329,3.14519868769249,0.00633244955153197,0.0263635940089093,"Ab_vs_Pn","Pn higher"
"wdr43",6.85407306973081,-3.60166928572919,2.91216736104581,0.00633848539865769,0.0263737206553585,"Ab_vs_Pn","Pn higher"
"slc38a5a",4.8155680994832,-3.56660235126254,3.99542273668298,0.00637358294050944,0.0265046895122662,"Ab_vs_Pn","Pn higher"
"exosc4",3.09038353426806,4.71192102033856,3.74681134059712,0.00637936613771498,0.0265136744815082,"Ab_vs_Pn","Ab higher"
"MYT1L",4.10223888703524,3.58844413986351,2.3467146382234,0.00640121006697449,0.0265675444319001,"Ab_vs_Pn","Ab higher"
"cox10",4.51419247725658,-3.58249091059135,3.78209600349213,0.00640684737290665,0.0265675444319001,"Ab_vs_Pn","Pn higher"
"dtwd2",5.77466001742603,2.98176227786764,1.73116362179744,0.006404391743783,0.0265675444319001,"Ab_vs_Pn","Ab higher"
"si:dkey-76k16.6",185.617330923392,-1.96190729730961,1.10403906873992,0.00640383032253599,0.0265675444319001,"Ab_vs_Pn","Pn higher"
"wdr19",4.58193562644247,3.04614166498563,1.74019678941147,0.00641603317536006,0.0265905701078484,"Ab_vs_Pn","Ab higher"
"AREL1",35.4733388192754,2.19681106761498,1.11145619228051,0.00642076067699906,0.026595103222952,"Ab_vs_Pn","Ab higher"
"adpgk",8.64134435267695,2.65732465843492,1.44863590562609,0.0064303827218697,0.0266198931795047,"Ab_vs_Pn","Ab higher"
"gemin4",154.795415558593,-1.82828411067117,0.965356934762415,0.00645412252951347,0.026703065457043,"Ab_vs_Pn","Pn higher"
"tcf7",3.87301644834724,3.67719388072018,2.44236462795399,0.00647129226940981,0.0267589763388759,"Ab_vs_Pn","Ab higher"
"atp6v1c2",7.24179333179059,4.9623212804781,3.91224806936752,0.00650479674133839,0.026882330519399,"Ab_vs_Pn","Ab higher"
"lrmda",33.4161273016978,4.21594927005994,3.21669045245394,0.0065857508530745,0.0271708627359934,"Ab_vs_Pn","Ab higher"
"id4",4.86112292747086,-3.38742764341575,4.71873872195805,0.00658245271911662,0.0271708627359934,"Ab_vs_Pn","Pn higher"
"ptn",24.1499841035472,-2.5917874909245,1.86454887134417,0.00658367546641836,0.0271708627359934,"Ab_vs_Pn","Pn higher"
"ddx42",60.4016666186189,2.23189505107032,1.14408671011686,0.00658998395076926,0.0271730098792564,"Ab_vs_Pn","Ab higher"
"meaf6",12.7840321305439,2.36846347559558,1.23478389089328,0.00663040376420869,0.0273242821791911,"Ab_vs_Pn","Ab higher"
"igf1ra",12.6577520718588,2.31052157477438,1.21572176724194,0.00664456970488382,0.0273518592069993,"Ab_vs_Pn","Ab higher"
"ccdc137",56.7462519415277,-2.062521916082,1.19413060881298,0.0066439919930759,0.0273518592069993,"Ab_vs_Pn","Pn higher"
"elmsan1a",8.5399822443251,-3.56574006040767,3.23196176049577,0.00668219419628349,0.0274912756169752,"Ab_vs_Pn","Pn higher"
"pikfyve",5.12472329708534,3.57464769551793,2.34500784450912,0.00670019733295499,0.0275343875799537,"Ab_vs_Pn","Ab higher"
"EVC2",13.2900053051305,3.2889092500953,1.85684975161439,0.00669909437214431,0.0275343875799537,"Ab_vs_Pn","Ab higher"
"tmem205",13.3072482057277,-3.53991698963825,3.52640829381785,0.00673128840853922,0.0276156389361539,"Ab_vs_Pn","Pn higher"
"usp2a",7.01308601948846,-3.53973526094284,2.92174216825311,0.00672790510960427,0.0276156389361539,"Ab_vs_Pn","Pn higher"
"plod2",8.93736682761661,3.49785957815458,2.31526294313952,0.00672719935609498,0.0276156389361539,"Ab_vs_Pn","Ab higher"
"zfhx3",3.7898564937658,4.36890345777441,3.49742346172405,0.00679574711502955,0.0278505679882548,"Ab_vs_Pn","Ab higher"
"olfml2ba",6.65429199369464,3.64435126146261,2.58943398987765,0.00679616264886228,0.0278505679882548,"Ab_vs_Pn","Ab higher"
"elovl1b",26.5631521311135,-3.47124028415195,4.03645623988832,0.0068217970462412,0.0279399734647114,"Ab_vs_Pn","Pn higher"
"rassf8b",4.87491292560372,-3.45755390268194,3.88565559686717,0.00686865130634513,0.0281004242096926,"Ab_vs_Pn","Pn higher"
"itga2.2",3.96208732456829,3.3666567685118,2.39962812401004,0.00686606476547494,0.0281004242096926,"Ab_vs_Pn","Ab higher"
"myo3a",8.32987506876407,-3.48606135790942,3.77674253700789,0.00687369824916438,0.0281053617238179,"Ab_vs_Pn","Pn higher"
"atp5po",14.8174835341561,-3.38892505612053,4.55983482843126,0.00688456432876656,0.0281340738817657,"Ab_vs_Pn","Pn higher"
"foxj2",4.08696400372929,4.48669914094073,3.67358911093411,0.0069065270771582,0.0282080757130139,"Ab_vs_Pn","Ab higher"
"ephx5",12373.0600709754,-3.51430992414712,2.71234037707581,0.00695248193652287,0.0283483093556607,"Ab_vs_Pn","Pn higher"
"map3k8",5.88282263400156,3.48434838738998,2.27466912777345,0.00695205725125125,0.0283483093556607,"Ab_vs_Pn","Ab higher"
"znf384l",6.20109723818706,-3.47322025012204,3.76004099471489,0.00694951159021066,0.0283483093556607,"Ab_vs_Pn","Pn higher"
"CACNG2",4.17893510098853,-3.20697819231212,5.12845103799479,0.00696937447767632,0.0284013651459426,"Ab_vs_Pn","Pn higher"
"ptcd1",4.53130941388578,3.60988398230351,2.30142741065952,0.00697894445238984,0.0284087288359518,"Ab_vs_Pn","Ab higher"
"piwil1",28.263041820895,2.9463076535109,1.83720387770004,0.0069767640516833,0.0284087288359518,"Ab_vs_Pn","Ab higher"
"fbln1",42.4418230082346,-1.01859955771558,1.92755070078982,0.00699124493010466,0.0284429803465459,"Ab_vs_Pn","Pn higher"
"dcaf12",5.38814261379667,-3.48180862734504,3.53000749317552,0.00700195704301352,0.02847073533212,"Ab_vs_Pn","Pn higher"
"lrrc24",7.74032456772072,3.3661075969322,2.63748769751011,0.00704567264422272,0.0286325808345731,"Ab_vs_Pn","Ab higher"
"zswim6",6.65514385204026,2.6204144899806,1.47338964132965,0.00708790299211898,0.0287882142060593,"Ab_vs_Pn","Ab higher"
"acbd3",7.51850399870136,-3.45351530323976,3.65264377770433,0.0070969595729889,0.0288090111562428,"Ab_vs_Pn","Pn higher"
"polr2l",14.39849534808,2.02946069241256,1.00629524396419,0.00711557009896278,0.0288685463161356,"Ab_vs_Pn","Ab higher"
"mcl1b",43.9987206118484,-3.39277995128333,4.06591595563709,0.00713142789867598,0.0289168536234956,"Ab_vs_Pn","Pn higher"
"anxa1a",156.9584222724,-0.888496396778748,1.67744733735731,0.00713622882043232,0.028920298303845,"Ab_vs_Pn","Pn higher"
"pvalb7",64.7304918771747,2.74928653975519,1.54989641440264,0.00714803599636842,0.028952117021262,"Ab_vs_Pn","Ab higher"
"aak1b",5.43573113752123,3.31553056803303,2.02170150997083,0.0071560150615963,0.0289532934848998,"Ab_vs_Pn","Ab higher"
"btbd17a",349.05144632528,-0.121061429353037,1.03095147800181,0.00715623827219344,0.0289532934848998,"Ab_vs_Pn","Pn higher"
"tmem208",7.32956740979182,-3.27593645837519,4.56676247289761,0.00716906253796945,0.028989153986408,"Ab_vs_Pn","Pn higher"
"ptpra",4.51311539026237,-3.46376605533296,3.40432057684693,0.00717596944059698,0.029001060373125,"Ab_vs_Pn","Pn higher"
"pstpip2",10.6057862103819,-3.44270873820541,3.6406460650329,0.00718294480096552,0.0290132301314937,"Ab_vs_Pn","Pn higher"
"gdap2",4.75786782823664,-3.3304366610083,4.20744986508695,0.00720426180703295,0.0290672503669648,"Ab_vs_Pn","Pn higher"
"si:ch211-278j3.3",5.79176579538787,-3.29277043663193,4.42208256170823,0.00720356983514892,0.0290672503669648,"Ab_vs_Pn","Pn higher"
"RAP1GDS1",20.7678751557673,2.34142149037193,1.2433238417146,0.00722378045455559,0.0291299444335495,"Ab_vs_Pn","Ab higher"
"nomo",5.45931885306416,2.64922295156794,1.45003672354545,0.00722975112770668,0.0291379672377121,"Ab_vs_Pn","Ab higher"
"ppm1bb",6.93190887929751,-3.4382917302848,3.50112389157009,0.00725305539852858,0.0292158021253884,"Ab_vs_Pn","Pn higher"
"znf341",3.35420078136408,3.50946066483186,2.38920763279152,0.00727197123145267,0.0292758841820693,"Ab_vs_Pn","Ab higher"
"avpr2ab",4.35352572024829,-1.33896864033901,2.84696850219016,0.00728947009926198,0.0293301988216044,"Ab_vs_Pn","Pn higher"
"hecw2a",4.98525698483809,3.37367231461995,2.24876878457148,0.00730664455831186,0.0293831491880684,"Ab_vs_Pn","Ab higher"
"atoh1c",20.917600158116,2.47426841177837,1.31432504074499,0.00732323883940597,0.0294337095363055,"Ab_vs_Pn","Ab higher"
"eif4g1a",13.4927824177366,-3.44760066654231,2.94006798394596,0.00733596261713507,0.0294686665174597,"Ab_vs_Pn","Pn higher"
"lctlb",30.9396422996815,2.34407663111544,1.25853143523498,0.00735382592890566,0.0295242194040924,"Ab_vs_Pn","Ab higher"
"ppme1",5.8634403750294,-3.42321855014766,3.46125194380858,0.00736572694954883,0.0295499289264668,"Ab_vs_Pn","Pn higher"
"hccsb",7.33266744100561,2.97109562929902,1.81277161647249,0.00736830445290367,0.0295499289264668,"Ab_vs_Pn","Ab higher"
"trim47",7.78010950018295,3.19522200834584,2.00174597020312,0.00738199181304097,0.029588607929708,"Ab_vs_Pn","Ab higher"
"gpc6b",1138.26030721189,2.54633914991221,1.44017447924823,0.00743224799969625,0.0297737400710328,"Ab_vs_Pn","Ab higher"
"rnf170",4.9664629160135,-3.41008216891974,3.28847991509276,0.00749060197818197,0.0299752423019448,"Ab_vs_Pn","Pn higher"
"phf20a",8.2875965874499,-3.36719786084447,3.6943792621708,0.00749073892201901,0.0299752423019448,"Ab_vs_Pn","Pn higher"
"rrnad1",41.086452914563,3.13984465001857,2.16539765345836,0.00751613473629415,0.0300553983808614,"Ab_vs_Pn","Ab higher"
"mfge8b",6.87614396708169,-1.13396747149228,2.18856865768075,0.00751898270738587,0.0300553983808614,"Ab_vs_Pn","Pn higher"
"srpk3",5.47157526521101,4.14640611389274,3.44597002130822,0.00752969432284307,0.0300817864349828,"Ab_vs_Pn","Ab higher"
"zgc:63863",3.79305854945049,3.70363866497037,2.80513366352479,0.00753663065206364,0.0300930713270342,"Ab_vs_Pn","Ab higher"
"yeats2",3.3970695388742,3.37991952672848,2.26389084832233,0.00754829443432889,0.0301232099045001,"Ab_vs_Pn","Ab higher"
"prodha",10.5144205725103,-3.37996262334171,3.60313834397333,0.0075529553454447,0.030125384290632,"Ab_vs_Pn","Pn higher"
"SBSPON",7.1467015002397,3.6458804112071,2.64780769429157,0.00756705239723729,0.0301651723831044,"Ab_vs_Pn","Ab higher"
"gulp1a",309.537815107464,-3.40902695292823,2.91438984971749,0.00758564772027265,0.0302228392295458,"Ab_vs_Pn","Pn higher"
"tyrp1a",33.9335320482919,-3.26808301731894,4.38425661918457,0.00760842238968706,0.0302970856747114,"Ab_vs_Pn","Pn higher"
"dcn",143.479438269609,-2.44426014588641,2.05855348966895,0.00763319122787787,0.0303791879265025,"Ab_vs_Pn","Pn higher"
"ube2q1",3.89029487650906,-3.07420520943403,4.94315658588983,0.00765375786971699,0.0304444857872058,"Ab_vs_Pn","Pn higher"
"ATG14",8.64620702184217,-3.35786196077062,3.5629840688735,0.00766251812317559,0.030462775743358,"Ab_vs_Pn","Pn higher"
"tdrd1",4.22271563220658,5.51266635813902,5.04174270593921,0.00767902944835163,0.0304952884061235,"Ab_vs_Pn","Ab higher"
"akt1s1",24.1976993615251,-3.39456470665765,2.71329356366944,0.00767778209799573,0.0304952884061235,"Ab_vs_Pn","Pn higher"
"SPHK1",5.72923555283981,3.23217754857917,2.06656685906258,0.00769275863508969,0.0305332431942633,"Ab_vs_Pn","Ab higher"
"cnpy3",9.4643309636742,-3.38650640914966,2.9736228273481,0.00771960094374525,0.0306231757762989,"Ab_vs_Pn","Pn higher"
"slc2a8",4.87290175207346,3.48129235165184,2.45643445291688,0.00774070992364464,0.0306902794859995,"Ab_vs_Pn","Ab higher"
"fmnl1a",14.9355448341645,2.62809525356239,1.48177157353504,0.00776678098352622,0.0307769734804702,"Ab_vs_Pn","Ab higher"
"prkar2ab",10.2151159434669,3.05032294165478,1.94211775751026,0.00779366637996116,0.0308667988284284,"Ab_vs_Pn","Ab higher"
"FBN1",45.3444333264694,-3.29088124464604,4.08674908784279,0.00780330326431748,0.0308882512663816,"Ab_vs_Pn","Pn higher"
"csnk2a2a",8.54159560345386,2.35364706789224,1.26156178600135,0.00781417333505888,0.0309145592644843,"Ab_vs_Pn","Ab higher"
"mest",609.118257583957,-3.34522208225765,3.55011032490747,0.00782003371069605,0.0309210301072849,"Ab_vs_Pn","Pn higher"
"col1a1b",465.012175661091,-1.86488990466687,6.26557903368969,0.00784921576035355,0.0310196599082223,"Ab_vs_Pn","Pn higher"
"stxbp1b",22.7090497781077,-3.17603849832216,4.59716098969383,0.00785875447311018,0.031040595784508,"Ab_vs_Pn","Pn higher"
"lrrc42",33.3575418483504,3.05101561082156,2.03799793001164,0.00789253607155901,0.0311572122479722,"Ab_vs_Pn","Ab higher"
"csde1",32.3464969808664,-3.36943730147681,3.08485009378659,0.00790263735196893,0.0311634713249249,"Ab_vs_Pn","Pn higher"
"atr",17.6772704426732,2.65038536749465,1.567964367619,0.00790087687925262,0.0311634713249249,"Ab_vs_Pn","Ab higher"
"blvrb",45.1018957457249,-2.16668772060851,8.88983275902345,0.0079254782120069,0.0312367124575544,"Ab_vs_Pn","Pn higher"
"ift81",3.42705082730136,3.39718843689699,2.43764027929856,0.0079469347949849,0.0313044218323436,"Ab_vs_Pn","Ab higher"
"svild",6.73637102288556,3.40843958076621,2.44566599493827,0.00795166457371333,0.0313062038811231,"Ab_vs_Pn","Ab higher"
"vps37c",6.11337776244056,2.83898775782576,1.70700036675758,0.00796852902392287,0.0313557332935976,"Ab_vs_Pn","Ab higher"
"copb2",4.127109606229,-3.27654793043432,3.6536103573684,0.00799000147294607,0.0314233319615757,"Ab_vs_Pn","Pn higher"
"exoc8",12.7610465252884,2.17821807435518,1.16774126419823,0.0079987985233644,0.0314410345824404,"Ab_vs_Pn","Ab higher"
"rundc3b",50.2724828793891,2.10387890221945,1.09429573772574,0.00801880474603446,0.0314858540430398,"Ab_vs_Pn","Ab higher"
"traf3",7.70522168239189,-1.18570955888258,2.31323419142444,0.00801475321688822,0.0314858540430398,"Ab_vs_Pn","Pn higher"
"march8",7.77922594552376,-3.1666014315233,4.34570362484136,0.00803463905808764,0.0315311116708544,"Ab_vs_Pn","Pn higher"
"fcho1",5.38461725768924,3.59828199326839,2.66280373067136,0.00806067528814685,0.0316163357095106,"Ab_vs_Pn","Ab higher"
"CDH2",10.2540379452629,-3.23266759504618,3.80958597538444,0.00810854986595567,0.0317870789871074,"Ab_vs_Pn","Pn higher"
"gprc5bb",6.5791960114298,2.89268142887789,1.86907067802994,0.00813009352130423,0.0318544724209987,"Ab_vs_Pn","Ab higher"
"gpbp1l1",12.6595505637277,-3.33473190674565,2.73046610377724,0.00813997062460156,0.0318702997110423,"Ab_vs_Pn","Pn higher"
"man2b2",48.9920935493942,2.69489293977662,1.51003331396825,0.00814284198109702,0.0318702997110423,"Ab_vs_Pn","Ab higher"
"ginm1",11.2842731938804,-2.29189505418246,1.41513258766071,0.00815083140935432,0.0318845190192754,"Ab_vs_Pn","Pn higher"
"nipsnap2",635.706274714282,-1.94065604937066,1.18724466755307,0.00816589432078255,0.0319263784902818,"Ab_vs_Pn","Pn higher"
"srsf5a",4.61641118659637,-3.2806653229006,3.56824497990073,0.00819598041658326,0.0320213613580849,"Ab_vs_Pn","Pn higher"
"gfap",6.56882509579211,-2.06841472091558,7.34916002957643,0.00819893854147438,0.0320213613580849,"Ab_vs_Pn","Pn higher"
"DOCK2",15.7661641633794,2.22503250252753,1.18159353588346,0.00820442977335676,0.0320257181393057,"Ab_vs_Pn","Ab higher"
"ndufs3",13.526828325585,-3.3033648949894,3.17827850576262,0.00822534196190784,0.0320560584766792,"Ab_vs_Pn","Pn higher"
"gabarapl2",30.5976165691728,-3.12800099545916,4.25975288965443,0.00821668473221069,0.0320560584766792,"Ab_vs_Pn","Pn higher"
"pfdn5",11.2058870012375,-1.98703392998961,6.77644586892169,0.00822353934344405,0.0320560584766792,"Ab_vs_Pn","Pn higher"
"tmem9",4.73877313061297,-3.24532963052,3.55131120563944,0.00823957458648264,0.0320944366144047,"Ab_vs_Pn","Pn higher"
"fosb",18.9517228152751,4.31018184115767,4.45680917131932,0.00826524620122841,0.0321773068865908,"Ab_vs_Pn","Ab higher"
"ndufaf7",3.86917027137307,3.66030785920309,2.76201489864852,0.00828151207225517,0.0322234911519594,"Ab_vs_Pn","Ab higher"
"march2",4.92695379014381,-3.2614428387643,3.49463945667259,0.00829146529846077,0.0322450767903477,"Ab_vs_Pn","Pn higher"
"ndufa5",127.659185135451,-1.74612176040195,0.947308671289689,0.00831391720145624,0.0323152203916401,"Ab_vs_Pn","Pn higher"
"cox4i2",40.0035020897163,-3.1138060914205,4.31912900899614,0.00836264549173877,0.0324873685530977,"Ab_vs_Pn","Pn higher"
"fam102bb",53.2917566806135,3.52967287215586,2.93820732772015,0.00836854129928126,0.0324930258723817,"Ab_vs_Pn","Ab higher"
"smg6",7.2025062398981,-3.2868042344104,3.02419135650003,0.0083836470496781,0.0325344182166458,"Ab_vs_Pn","Pn higher"
"erbb2",5.72591566463573,4.38331809046692,4.52730234387512,0.00841257946704146,0.032594848660284,"Ab_vs_Pn","Ab higher"
"METTL7A",4.53616647934747,3.53436805151028,2.44462545549128,0.00841168267122027,0.032594848660284,"Ab_vs_Pn","Ab higher"
"ube3d",5.54266432787986,3.48591214953503,4.57463736554237,0.00840483452192494,0.032594848660284,"Ab_vs_Pn","Ab higher"
"SP3",4.01835050709261,3.30950029472114,2.31731929036806,0.00844000385184109,0.0326665194032919,"Ab_vs_Pn","Ab higher"
"PAIP2B",8.90865453352228,-3.29907851187998,3.11395256652517,0.00843669093231181,0.0326665194032919,"Ab_vs_Pn","Pn higher"
"lurap1",12.8296103676187,3.54020832432564,2.65070837122689,0.00845890638210092,0.0327223762212456,"Ab_vs_Pn","Ab higher"
"slc25a42",75.5790880970579,1.7841182563917,0.858679507496033,0.00848030534107699,0.0327878260915702,"Ab_vs_Pn","Ab higher"
"kcnip1b",3.74660584188864,4.17855216910442,4.00108962645425,0.00851764394668206,0.0328974332695335,"Ab_vs_Pn","Ab higher"
"rdh14b",23.276367142735,-2.91121513663723,4.88149932553422,0.00851621534710877,0.0328974332695335,"Ab_vs_Pn","Pn higher"
"ssr4",15.7614081289668,2.45600927451674,1.43939345235289,0.00856662118815794,0.0330600831328543,"Ab_vs_Pn","Ab higher"
"rps27a",705.339175370334,-2.20793286576145,2.0831463356587,0.00856879050458049,0.0330600831328543,"Ab_vs_Pn","Pn higher"
"yipf4",7.87572042853397,-3.19019078080128,3.56626122559487,0.00858409865807414,0.0330842643909661,"Ab_vs_Pn","Pn higher"
"pacsin2",4.22943894040809,-2.54716440158811,6.31817461660603,0.00858077557671156,0.0330842643909661,"Ab_vs_Pn","Pn higher"
"bcap31",14.9627496990123,-3.19715911784711,3.48988765667289,0.00864812174406525,0.033313475286744,"Ab_vs_Pn","Pn higher"
"ftcd",4.29411527443175,5.22562662911599,5.66632646989467,0.00867795127106366,0.0334107971346212,"Ab_vs_Pn","Ab higher"
"actr10",9.16580816665378,-3.26198007387371,2.86058049115531,0.00870977188329858,0.0334980664287243,"Ab_vs_Pn","Pn higher"
"bcat1",90.6292842639678,2.93907362626812,2.03105041281262,0.00870945753586843,0.0334980664287243,"Ab_vs_Pn","Ab higher"
"fam185a",10.2818457112289,2.30678082229516,1.28597945040698,0.00871525782853025,0.0335015609490614,"Ab_vs_Pn","Ab higher"
"hck",11.9566886151795,-2.72717228175288,5.72916072534791,0.00873260052326861,0.0335506053699753,"Ab_vs_Pn","Pn higher"
"elob",15.9861917996853,1.87750604982524,0.942655009917747,0.00876608496800569,0.0336615823089369,"Ab_vs_Pn","Ab higher"
"ino80b",22.2556025073689,2.34562273565527,1.34887345063523,0.00877751283547036,0.0336877904786615,"Ab_vs_Pn","Ab higher"
"nop16",9.35198637267338,2.81353934851217,1.81319826877651,0.00878334386062763,0.0336914002047639,"Ab_vs_Pn","Ab higher"
"sclt1",9.67520396145832,2.55817842842216,1.53434853671331,0.00878765992497532,0.0336914002047639,"Ab_vs_Pn","Ab higher"
"phf8",7.44869067260051,-3.23169039751784,3.03576889786248,0.00882659873347726,0.0338229717959791,"Ab_vs_Pn","Pn higher"
"rpl10",130.894037147609,-2.25530460844575,1.95477297132427,0.00896592234162525,0.0343388726417348,"Ab_vs_Pn","Pn higher"
"emc7",5.55524616079793,-3.14064457337642,3.4556937145247,0.0090023098911657,0.0344574012673146,"Ab_vs_Pn","Pn higher"
"spg11",19.0023386770057,2.26311236700293,1.24277823361499,0.00900628618996761,0.0344574012673146,"Ab_vs_Pn","Ab higher"
"dpp3",49.8300385262163,-1.75247157336416,0.987312513835888,0.00902581404209526,0.0345140715643131,"Ab_vs_Pn","Pn higher"
"ppp2ca",7.71894307794801,-3.11702648389559,3.55980616108316,0.00905451675767003,0.0346057483808809,"Ab_vs_Pn","Pn higher"
"spcs3",30.319337852122,2.32880759481855,1.35646500633162,0.00910938921284013,0.0347972962676289,"Ab_vs_Pn","Ab higher"
"pde4ca",3.61939983592947,4.2528505372109,4.41370368513307,0.00912547428483593,0.0348405562288546,"Ab_vs_Pn","Ab higher"
"elmod3",3.88523433438148,-2.84716292555944,4.56184061023288,0.00913097425728531,0.0348433788264188,"Ab_vs_Pn","Pn higher"
"nadka",72.5584009871658,-2.71038719367548,5.14523285866934,0.00916433639078267,0.0349524638062211,"Ab_vs_Pn","Pn higher"
"KCNIP3",4.93038977564789,-2.62924756456,5.31603722138229,0.00919151573238891,0.0350196270928446,"Ab_vs_Pn","Pn higher"
"rpl22l1",30.7766769925354,-1.07067347841703,2.00593855695582,0.0091874642323876,0.0350196270928446,"Ab_vs_Pn","Pn higher"
"taok2b",26.0000149685383,-2.97994574886924,4.04083473372704,0.00920550986290527,0.0350546965070779,"Ab_vs_Pn","Pn higher"
"pkdccb",15.4330282467683,2.23909482424934,1.297377400834,0.00923542744643894,0.035150334623238,"Ab_vs_Pn","Ab higher"
"xgb",88.0403425821306,0.302979692216544,1.0843972352106,0.0092499187331094,0.0351871908563554,"Ab_vs_Pn","Ab higher"
"rtn2b",18.3974792389085,-1.96754676251194,1.19383016000487,0.00928724392329226,0.0353108250777018,"Ab_vs_Pn","Pn higher"
"exoc3",8.68318419200952,-2.95726572737641,4.02350562880324,0.00930942655612039,0.0353767876242186,"Ab_vs_Pn","Pn higher"
"nipa2",5.02067721160336,3.43785760264723,3.20478125547793,0.00933241820584033,0.0354457544621408,"Ab_vs_Pn","Ab higher"
"DDX39A",15.2511395964342,-2.9906091378583,3.89539492962543,0.00936524082511072,0.0355093418037404,"Ab_vs_Pn","Pn higher"
"chmp2a",7.88001237813115,-2.98950180555686,3.88406580276131,0.00936714287203422,0.0355093418037404,"Ab_vs_Pn","Pn higher"
"mid1",9.9598814130381,2.76047441632213,1.87342598027565,0.00936856661060566,0.0355093418037404,"Ab_vs_Pn","Ab higher"
"trak2",5.01510887050195,-1.70384327522981,4.24258539065591,0.00935753136542785,0.0355093418037404,"Ab_vs_Pn","Pn higher"
"chd7",10.2260909027505,-3.17190457005679,2.76165644011864,0.00943923412326472,0.0357401730719992,"Ab_vs_Pn","Pn higher"
"flot1b",9.40245783455122,-3.13138085902441,3.14178153648215,0.00943510348027945,0.0357401730719992,"Ab_vs_Pn","Pn higher"
"vps37b",5.33243393897784,2.79763639941364,1.7827206911685,0.00944463615282751,0.0357421365059693,"Ab_vs_Pn","Ab higher"
"hivep2a",6.71661330306831,2.76124830901314,1.72000933023316,0.00945670238506642,0.0357693047836182,"Ab_vs_Pn","Ab higher"
"fbxo8",4.28565784701157,-3.06106490804727,3.44525376256835,0.00949141550543239,0.0358820609939358,"Ab_vs_Pn","Pn higher"
"slc35d2",45.2580791987046,-0.203377042440319,1.05074422923926,0.00949746255111679,0.0358863853441527,"Ab_vs_Pn","Pn higher"
"serpini1",19.7130367513307,2.39468090149626,1.45256302857149,0.00950558125667685,0.0358985290080588,"Ab_vs_Pn","Ab higher"
"UBL5",11.3981232198914,-3.16213806134723,2.77558879566427,0.00953681112141101,0.0359978961307928,"Ab_vs_Pn","Pn higher"
"mitfb",5.40598926339247,3.37250813676525,2.57326959414766,0.00955667543359506,0.0360542822157125,"Ab_vs_Pn","Ab higher"
"tacc1",23.5993325547218,2.20718715975698,1.22517642103535,0.00959659132116301,0.0361862194124637,"Ab_vs_Pn","Ab higher"
"zbtb24",7.39835488684156,3.12625653636438,2.47516776231191,0.00964179537422473,0.0363192487616834,"Ab_vs_Pn","Ab higher"
"snapc5",5.10114146055463,-3.10053236914676,3.11737556390636,0.00963936599845645,0.0363192487616834,"Ab_vs_Pn","Pn higher"
"ctdspl2a",6.47171282422442,-2.93461761864604,3.8573399400854,0.00964931068747038,0.0363288605563764,"Ab_vs_Pn","Pn higher"
"fis1",9.53575101732834,-3.11699857353748,3.02560192429168,0.00965944854593442,0.0363483310579404,"Ab_vs_Pn","Pn higher"
"eno3",23.633737950255,-1.39313414281274,2.90658541726372,0.00966823385903216,0.0363626945602551,"Ab_vs_Pn","Pn higher"
"si:dkey-106g10.7",4.59519125389903,2.75538884938295,1.82980647230843,0.00968928247184953,0.0364231424814929,"Ab_vs_Pn","Ab higher"
"srp54",103.757551558524,-3.12234816422962,2.70281745012226,0.00969501722373365,0.0364259913041615,"Ab_vs_Pn","Pn higher"
"omgb",3.32949895778288,3.88866900557694,4.08375641399063,0.00970541892524015,0.0364463628085339,"Ab_vs_Pn","Ab higher"
"ppa1a",11.7155773355614,-1.65088316855456,3.91248344812262,0.00973448804900662,0.0365367784772715,"Ab_vs_Pn","Pn higher"
"lrtm1",22.352676315678,-1.79810209162606,0.997563876025083,0.00977258388705388,0.0366609643615312,"Ab_vs_Pn","Pn higher"
"alg8",11.1955689709976,2.91734254740402,1.75839106580529,0.00978284639688269,0.0366788345036375,"Ab_vs_Pn","Ab higher"
"B3GALT2",18.816677454363,2.80561511942433,1.69108710809725,0.00978737037650007,0.0366788345036375,"Ab_vs_Pn","Ab higher"
"pbdc1",4.96695827158193,-1.14373467628533,2.15766565035692,0.00984340921552178,0.0368699652243623,"Ab_vs_Pn","Pn higher"
"si:zfos-80g12.1",11.1409785576603,-3.0764321251004,3.10743581005074,0.00985688320112465,0.0369015489253357,"Ab_vs_Pn","Pn higher"
"mlf2",10.7296445360331,-3.0238090586646,3.38736027342125,0.00986661053897058,0.0369190810504732,"Ab_vs_Pn","Pn higher"
"scyl3",11.1143234284986,2.66884082374172,1.79236201880982,0.00987797152336816,0.0369427049461071,"Ab_vs_Pn","Ab higher"
"ino80e",16.6473132187281,2.2970563775637,1.35458859895917,0.00990283059060248,0.0370167605171704,"Ab_vs_Pn","Ab higher"
"mtx1a",10.1571567066909,-1.38787361971668,2.85522957270615,0.00991889065967787,0.0370578666351109,"Ab_vs_Pn","Pn higher"
"thg1l",5.7625425828697,2.84898941046754,1.99499135605576,0.00992574596053645,0.0370645585128399,"Ab_vs_Pn","Ab higher"
"cpt2",828.653273659251,-1.54816500485347,0.802411391334271,0.00996084383444805,0.0371766527406044,"Ab_vs_Pn","Pn higher"
"nvl",988.530940565437,2.82449465819792,1.77434540893392,0.00997910912603482,0.0372089196648435,"Ab_vs_Pn","Ab higher"
"pecam1",14.442605892993,-2.11421813249442,5.55006359253792,0.00997965696161878,0.0372089196648435,"Ab_vs_Pn","Pn higher"
"pde7a",11.0813873582994,2.6813831030132,1.78379065152422,0.00998757538449979,0.0372194828101598,"Ab_vs_Pn","Ab higher"
"emc10",6.90095575334513,-3.0476031207924,3.13918883158402,0.0100132992386546,0.0372963547723731,"Ab_vs_Pn","Pn higher"
"uhrf1bp1l",3.76904407239693,3.74074296169996,3.566209401501,0.0100295051694593,0.0373213587407713,"Ab_vs_Pn","Ab higher"
"zdhhc3a",19.6254350245843,-1.93032851506418,1.17245637930322,0.0100302107723866,0.0373213587407713,"Ab_vs_Pn","Pn higher"
"C2orf42",4.31927658377671,3.22408661896038,2.32652435040405,0.0100706916680035,0.0374529432510761,"Ab_vs_Pn","Ab higher"
"setbp1",4.81779524135731,-1.2961180467885,2.55476574187617,0.0101058869977583,0.0375647470475332,"Ab_vs_Pn","Pn higher"
"CRYBB3",4.33843294368845,4.56234817773181,9.66046485382712,0.0101235672822818,0.0376113649436654,"Ab_vs_Pn","Ab higher"
"znf438",10.9223731083475,2.17411226756377,1.24135891018444,0.0101359349824177,0.0376382080853958,"Ab_vs_Pn","Ab higher"
"adcy6b",4.17473078362818,-2.40251092735177,5.07645735167374,0.0102787895903782,0.0381493209999888,"Ab_vs_Pn","Pn higher"
"mfn2",7.6869470709816,-3.04224535309836,3.11813050515457,0.0102888144848565,0.0381671734488925,"Ab_vs_Pn","Pn higher"
"dis3l",26.1550589573765,-2.07930720713679,1.5626799107532,0.0103054584359577,0.0382095492871199,"Ab_vs_Pn","Pn higher"
"pi4k2a",8.83942094362221,-2.16027364085757,1.44625851868955,0.0103127246647064,0.0382171300359424,"Ab_vs_Pn","Pn higher"
"ccdc106a",7.51390636269902,2.73178579188383,1.83046356264235,0.0103401711290354,0.0382851134474443,"Ab_vs_Pn","Ab higher"
"lsm8",13.3421047507242,2.37646575352053,1.46731816768461,0.0103467624537566,0.0382851134474443,"Ab_vs_Pn","Ab higher"
"march5",18.7762921780462,-2.15479037819297,1.57534614804706,0.0103421961539872,0.0382851134474443,"Ab_vs_Pn","Pn higher"
"mex3b",9.3926119906083,2.23625214267649,1.29023465464657,0.0103663214154736,0.0383381033046242,"Ab_vs_Pn","Ab higher"
"eif4g2b",8.71505320377014,-3.04087759199502,2.86635782168314,0.0103806767619279,0.0383718046568437,"Ab_vs_Pn","Pn higher"
"ubr3",9.76478385023785,2.84635403007198,1.89996493375767,0.0103897575678622,0.0383859846739948,"Ab_vs_Pn","Ab higher"
"SMU1",6.05895532683735,-2.44377233675333,4.9192313939498,0.0104182690515673,0.0384719027186786,"Ab_vs_Pn","Pn higher"
"RPL7A",522.041635192017,-1.68142457752381,0.947504701980774,0.0104430175953119,0.0385438455774524,"Ab_vs_Pn","Pn higher"
"rbm8a",13.2865850777416,-2.77811491410481,3.98675605096474,0.0104533276888521,0.038561104685708,"Ab_vs_Pn","Pn higher"
"rack1",378.23039986798,-2.15212676286669,2.01073835948584,0.0104582310153204,0.038561104685708,"Ab_vs_Pn","Pn higher"
"ponzr2",3.76951758474618,4.22210299711899,5.16143653061866,0.0104703152238872,0.0385862221166318,"Ab_vs_Pn","Ab higher"
"fam120a",8.36966502629354,2.53570865542586,1.56525837444448,0.0104871524591137,0.0386288217656029,"Ab_vs_Pn","Ab higher"
"ndufb4",17.8641875104469,2.31649201144527,1.39860573433228,0.0105127398032326,0.0386646947838489,"Ab_vs_Pn","Ab higher"
"sesn1",19.0628899845584,2.14356470995706,1.22482837654252,0.0105089564012635,0.0386646947838489,"Ab_vs_Pn","Ab higher"
"lpar2a",536.066788804722,-1.85620215153813,1.05388223446671,0.0105086120068197,0.0386646947838489,"Ab_vs_Pn","Pn higher"
"vmp1",55.4348948592388,2.10736072918068,1.22637373550683,0.010542070990694,0.0387530977302307,"Ab_vs_Pn","Ab higher"
"mntb",5.41078506153769,2.66300251588195,1.77957047241642,0.0105665714496361,0.038823662871429,"Ab_vs_Pn","Ab higher"
"rgra",30.3115359933707,-2.85734315714704,3.81799624922242,0.010574000059622,0.0388314633398763,"Ab_vs_Pn","Pn higher"
"tyr",25.6137377439952,2.27572668332133,1.39980135440491,0.0106273294191303,0.0390077352149523,"Ab_vs_Pn","Ab higher"
"ighmbp2",3.80535212244299,3.20688710164965,2.94785083225861,0.0106430494347754,0.0390264517696939,"Ab_vs_Pn","Ab higher"
"LEPROT",15.0347330535063,-1.06086437216787,1.96260422521552,0.0106430930089232,0.0390264517696939,"Ab_vs_Pn","Pn higher"
"slc26a2",3.14893707981735,3.92344228381481,6.36099899052272,0.0106805996699952,0.0391443710489208,"Ab_vs_Pn","Ab higher"
"golt1bb",3.51222290238857,2.93446582302232,4.19380325853424,0.0107087132772146,0.0392081403081207,"Ab_vs_Pn","Ab higher"
"olfml2a",6.13531089601924,-1.43086259119719,2.94072200681973,0.0107060212343793,0.0392081403081207,"Ab_vs_Pn","Pn higher"
"sv2a",5.6766927848966,2.35299462493364,1.46221311395079,0.0107923089004992,0.0394944544213767,"Ab_vs_Pn","Ab higher"
"rtn2a",5.29046259846269,4.23419796210558,6.13194577706516,0.0108347808350751,0.0396300654332406,"Ab_vs_Pn","Ab higher"
"pde4ba",6.8887480579475,3.14603774130639,2.84968790547061,0.0109343027150501,0.0399741066790467,"Ab_vs_Pn","Ab higher"
"psmd1",15.4015540161223,-1.92615513301084,4.64167729878364,0.0109419757622283,0.0399821870213423,"Ab_vs_Pn","Pn higher"
"f2rl2",38.9128148383679,-1.85627610731919,1.15956743303882,0.0109611648711657,0.0400323182096117,"Ab_vs_Pn","Pn higher"
"fhod1",4.90842265212832,3.69898498676773,4.36749181300768,0.0109792485835376,0.0400783642807541,"Ab_vs_Pn","Ab higher"
"serpind1",7.89366361418411,2.79995224971682,1.84620468200884,0.0109874894681685,0.0400884523517075,"Ab_vs_Pn","Ab higher"
"si:dkey-194e6.1",8.86629823834943,2.83148160526549,2.20092105647081,0.0110069604684242,0.0401394836414533,"Ab_vs_Pn","Ab higher"
"abcd3b",3.26652119993298,3.8336267253889,4.75654198049126,0.0110539076973645,0.0402906127674356,"Ab_vs_Pn","Ab higher"
"itchb",5.40752105229141,-2.42165984663161,4.58981996798647,0.0110794651772414,0.0403435848916565,"Ab_vs_Pn","Pn higher"
"alpl",44.8628348929355,-1.93478742378952,1.18656385554526,0.0110770885126034,0.0403435848916565,"Ab_vs_Pn","Pn higher"
"gpx4b",77.1771190423992,-1.73371963154367,0.988581663248059,0.0110903606312076,0.0403631772550018,"Ab_vs_Pn","Pn higher"
"u2af1",12.1695795506009,-2.70847071336128,3.85303838200836,0.0111036976719248,0.0403916318393727,"Ab_vs_Pn","Pn higher"
"dph6",3.94517328904301,0.809557228394826,1.56989524354182,0.0111323435230302,0.0404757189493583,"Ab_vs_Pn","Ab higher"
"si:ch211-57i17.1",4.92601947685524,-1.32560259799538,2.5921790685253,0.0111439575068108,0.0404978277022583,"Ab_vs_Pn","Pn higher"
"tmpob",3.9560839581028,-0.977012778572217,1.79494156832627,0.0111548402629962,0.0405172585036573,"Ab_vs_Pn","Pn higher"
"nup88",149.921747823808,-2.98514955606344,2.60932300475445,0.0111622216448803,0.0405239584419042,"Ab_vs_Pn","Pn higher"
"fam199x",32.1770437094506,1.87133664092193,1.01610109697126,0.0112296104861928,0.040748398189611,"Ab_vs_Pn","Ab higher"
"vamp4",8.55389152685105,-2.97277986767654,2.76557240420714,0.011292924831183,0.0409578378788048,"Ab_vs_Pn","Pn higher"
"bin3",314.243033730717,-1.85581402361699,1.29053488899377,0.0113097152110906,0.0409984178454544,"Ab_vs_Pn","Pn higher"
"otx2b",4.14644278012234,3.13206599111434,3.21984750768539,0.0113311906271881,0.04105593277247,"Ab_vs_Pn","Ab higher"
"slc6a22.1",26.4913143704994,2.77363722950778,2.78245781263346,0.0113402673603088,0.0410684892677388,"Ab_vs_Pn","Ab higher"
"cyp20a1",4.74485521263063,3.01270294053397,2.17778463415246,0.0113687271317429,0.0411308521390145,"Ab_vs_Pn","Ab higher"
"si:ch211-195e19.1",7.88345453737284,2.98161375695893,2.72788181403731,0.0113673304048831,0.0411308521390145,"Ab_vs_Pn","Ab higher"
"ndufa9a",8.80406262825678,-2.79817730684578,3.43359272615451,0.0113965532633118,0.0411908016465082,"Ab_vs_Pn","Pn higher"
"tpp1",4.67393251006568,-1.64435760805316,3.58520742191151,0.0113937434600302,0.0411908016465082,"Ab_vs_Pn","Pn higher"
"atpv0e2",4.75542610755746,3.02402581849983,2.69440658655655,0.0115202083033218,0.041576136376732,"Ab_vs_Pn","Ab higher"
"ccnyl1",30.8875868195798,2.60446841684992,1.68145148650998,0.0115196358804625,0.041576136376732,"Ab_vs_Pn","Ab higher"
"spock1",8.2045474602541,-2.03622005152697,4.60619284119142,0.0115161021211293,0.041576136376732,"Ab_vs_Pn","Pn higher"
"wdr5",7.30392443841486,2.68267423988745,1.81767971880064,0.0115629552115137,0.0417098418891417,"Ab_vs_Pn","Ab higher"
"smim19",34.339757908908,2.48311796543245,1.76345669111053,0.0115754760565308,0.0417344380580044,"Ab_vs_Pn","Ab higher"
"chrna7",5.16744544335499,0.68576386697269,1.39794298852808,0.0116002877990292,0.041803302019249,"Ab_vs_Pn","Ab higher"
"mfn1b",9.01518946044586,2.6738752517161,2.02865102560156,0.0116943330485365,0.0421027953002892,"Ab_vs_Pn","Ab higher"
"dcaf6",14.4144644346952,-1.98128232411393,1.37027368872956,0.0116949013315327,0.0421027953002892,"Ab_vs_Pn","Pn higher"
"fkbp8",4.37228814275856,-2.6099919009842,3.80598656502424,0.0117343592371487,0.0422240782972918,"Ab_vs_Pn","Pn higher"
"march6",28.9146449631231,-1.77128716294935,1.04682461386404,0.011766085818218,0.0423174359231144,"Ab_vs_Pn","Pn higher"
"cct2",21.1326397881244,-2.83506978233074,3.14694838559274,0.0117858563334964,0.0423677222518958,"Ab_vs_Pn","Pn higher"
"sugt1",10.9263872893395,-1.82020621360181,4.07424039288479,0.0118240402027604,0.0424841189219457,"Ab_vs_Pn","Pn higher"
"mrps28",21.2637482456518,2.26803638335903,1.41614144728807,0.0118346457612244,0.0425013603171744,"Ab_vs_Pn","Ab higher"
"ier5l",16.9702845569601,2.18846953136037,1.28534203015677,0.0118488143945941,0.0425313744747594,"Ab_vs_Pn","Ab higher"
"tasp1",5.07983176126091,2.89808837318679,2.15258164118048,0.0118638287138855,0.0425643933122197,"Ab_vs_Pn","Ab higher"
"c1qtnf6a",4.69745282878901,-1.53004717920587,3.14076626217012,0.0118730977055555,0.0425767771224698,"Ab_vs_Pn","Pn higher"
"pdia3",66.2592725567168,2.20404976740399,1.36577237401063,0.0118919522677988,0.0426235057042212,"Ab_vs_Pn","Ab higher"
"enpp5",6.82628769274846,-2.84853179510913,2.99977518243619,0.0119046629751921,0.0426481783237549,"Ab_vs_Pn","Pn higher"
"asxl2",5.01210058558369,-2.69981985423683,3.51294974758856,0.0119329902889273,0.0427287455600092,"Ab_vs_Pn","Pn higher"
"fsd1",4.24019730691981,3.1256743695276,2.63833952059438,0.011957918584328,0.0427970690066976,"Ab_vs_Pn","Ab higher"
"dmtn",13.7072239643486,2.91248570917341,2.0513765857813,0.0119711470319676,0.0428234726915792,"Ab_vs_Pn","Ab higher"
"bloc1s2",3.76576878555825,-1.99404232771923,4.3369413150278,0.0119860937881928,0.0428559943506513,"Ab_vs_Pn","Pn higher"
"ivns1abpa",28.0960703975725,1.92313302040735,1.077178427523,0.012057007284098,0.0430884942931218,"Ab_vs_Pn","Ab higher"
"cilp2",9.81592788976413,2.40279355305608,1.59633809509201,0.0120789315154316,0.0431457783120762,"Ab_vs_Pn","Ab higher"
"ints3",5.52611638799267,-2.58644012728196,3.72896647289664,0.0120941057894923,0.0431789074503876,"Ab_vs_Pn","Pn higher"
"atf5a",4.85389961308269,3.20496146556512,2.92633143325522,0.012116547215368,0.0432120243364209,"Ab_vs_Pn","Ab higher"
"cxxc1a",4.83015875085878,3.01526830587227,2.5296538300044,0.012121093860182,0.0432120243364209,"Ab_vs_Pn","Ab higher"
"cdan1",5.44837509562834,2.51374441466299,1.67196490006568,0.0121138267597482,0.0432120243364209,"Ab_vs_Pn","Ab higher"
"elp4",7.63429304003745,2.52138797287418,1.73864404662298,0.0121567515055177,0.0433129557507829,"Ab_vs_Pn","Ab higher"
"mtmr1a",4.60361392602653,-1.02320905000496,1.86640608293152,0.0121612411624346,0.0433129557507829,"Ab_vs_Pn","Pn higher"
"mrtfab",10.962938086096,-2.69079670219209,3.45755790225565,0.0121927438836399,0.0434040333095138,"Ab_vs_Pn","Pn higher"
"ido1",6.7707297096709,3.34732793169959,4.78693482901953,0.0122144132882955,0.0434389168401531,"Ab_vs_Pn","Ab higher"
"fam102aa",5.6664410796073,2.70903777951074,1.91346125962584,0.012211717423096,0.0434389168401531,"Ab_vs_Pn","Ab higher"
"kdm2ab",5.56858772304158,-2.73398242835773,3.23929896065666,0.0123027125609566,0.043724599944883,"Ab_vs_Pn","Pn higher"
"tcf3b",4.5646307147883,-1.59305915648319,3.31113001992113,0.0123066916090257,0.043724599944883,"Ab_vs_Pn","Pn higher"
"spns1",6.74317535441559,-2.47571024958277,3.90003715415125,0.01231898037774,0.0437470244467147,"Ab_vs_Pn","Pn higher"
"wdr81",5.9628468187151,2.65648956326456,1.81260727738452,0.0123558052288773,0.0438565172018202,"Ab_vs_Pn","Ab higher"
"zgc:162344",100.291208039729,0.279849634785458,1.07416931398042,0.0123949721887837,0.0439742130148852,"Ab_vs_Pn","Ab higher"
"magt1",5.37288635434428,2.64050881346952,1.94388254929379,0.0124098509399617,0.0440056681344863,"Ab_vs_Pn","Ab higher"
"NFX1",12.5612982821947,2.51948375537117,1.84112862669822,0.0124226646029288,0.0440297734764337,"Ab_vs_Pn","Ab higher"
"gosr2",105.976791641896,2.49899037083455,1.6065123348607,0.0124380905696677,0.0440631098157784,"Ab_vs_Pn","Ab higher"
"mybpc2a",5.29042898815473,2.92370549230649,2.70762034295213,0.0124479916452867,0.0440768509201031,"Ab_vs_Pn","Ab higher"
"coa8",26.4652319409949,3.01733208763873,2.96664670209766,0.0124834164712412,0.0441809115826957,"Ab_vs_Pn","Ab higher"
"lipib",6.10006451163231,1.06633474510849,2.03046004181304,0.0124909204527441,0.0441861028485423,"Ab_vs_Pn","Ab higher"
"sacm1la",4.3210832234968,-2.5686124376242,3.61599645692946,0.012500396260012,0.0441982609792404,"Ab_vs_Pn","Pn higher"
"phyh",8.45873906920239,-2.61195545765317,3.52233868180076,0.0125119754770168,0.0442178409059805,"Ab_vs_Pn","Pn higher"
"myo10",5.74999620287016,-2.50805004804996,3.76841755996189,0.01251816957705,0.0442183798911337,"Ab_vs_Pn","Pn higher"
"hivep1",4.18791765759376,-2.20610591424447,4.22553780104054,0.0125373867559471,0.0442648980544027,"Ab_vs_Pn","Pn higher"
"rnf32",4.44332572626002,2.84548112925903,2.4434867453696,0.0125517385504079,0.0442919160200113,"Ab_vs_Pn","Ab higher"
"rhbdl1",3.67328099348399,0.795181705780831,1.54499416981751,0.012557142470491,0.0442919160200113,"Ab_vs_Pn","Ab higher"
"PCDHAC2",6.11559516947693,-2.68320609466703,3.39141406590837,0.0125937349292966,0.0443782118187395,"Ab_vs_Pn","Pn higher"
"rcor3",5.8408658487542,2.33274244635672,1.50426939392551,0.0125900351559619,0.0443782118187395,"Ab_vs_Pn","Ab higher"
"map1b",21.6634463431046,-1.18654758411552,2.19691640223693,0.0126353892955716,0.0445035679760774,"Ab_vs_Pn","Pn higher"
"smc1al",11.0600865575597,-2.65186482534729,3.41215521019523,0.0127049800286699,0.0447271519143026,"Ab_vs_Pn","Pn higher"
"CIR1",7.93104839454194,-2.07117982719085,4.20119312990485,0.0127130270108745,0.0447339637945145,"Ab_vs_Pn","Pn higher"
"DIP2C",18.6330003956229,2.17505484420987,1.37260416562792,0.0127293194792638,0.0447697689902604,"Ab_vs_Pn","Ab higher"
"ero1b",7.16348464488695,2.94351762500616,2.93873109184192,0.0127448702309975,0.0448029323826467,"Ab_vs_Pn","Ab higher"
"zgc:86709",6.01234571273814,2.91322529542602,2.88223805630831,0.0127740789583273,0.0448090360518026,"Ab_vs_Pn","Ab higher"
"pou2f2a",3.31194158223073,2.56633569214199,3.88897558192374,0.0127705703528757,0.0448090360518026,"Ab_vs_Pn","Ab higher"
"thoc2",11.8380462593014,-2.49646057354833,3.73948989887467,0.0127772179587528,0.0448090360518026,"Ab_vs_Pn","Pn higher"
"tomm20a",17.1083752560937,1.68301723890477,0.884308562937754,0.0127547903543551,0.0448090360518026,"Ab_vs_Pn","Ab higher"
"timp2b",17.3031917061718,-1.47360675881492,2.93483463299734,0.0127712377610922,0.0448090360518026,"Ab_vs_Pn","Pn higher"
"nbas",39.3358726858455,2.35668732611574,1.41698866376714,0.0127930421054172,0.0448430436635769,"Ab_vs_Pn","Ab higher"
"phactr3a",3.46743525737717,2.87876895953808,4.84421956223232,0.0128032009580973,0.0448486485478199,"Ab_vs_Pn","Ab higher"
"ddah2",40211.6354104234,-1.77213794502161,1.22673426116799,0.0128068964974646,0.0448486485478199,"Ab_vs_Pn","Pn higher"
"hnrnpk",11.7719684631398,1.82142942312025,1.01512862058289,0.0128313266575111,0.0448912427372484,"Ab_vs_Pn","Ab higher"
"HNRNPUL1",123.941685375111,-1.32898242262397,0.658018090829556,0.0128301137910736,0.0448912427372484,"Ab_vs_Pn","Pn higher"
"atp5if1b",6.61158894485377,-2.28145416438182,4.03141506549016,0.0129035153566168,0.045100682375873,"Ab_vs_Pn","Pn higher"
"kdelr3",50.1682752134908,1.94906471703276,1.1404223823959,0.012897664883776,0.045100682375873,"Ab_vs_Pn","Ab higher"
"fabp3",16.0308084242973,-1.37722730069842,2.65603241268956,0.0129211844252037,0.0451408824859505,"Ab_vs_Pn","Pn higher"
"pex16",45.3143317355672,2.59642637251083,1.72716668872271,0.0129345336906077,0.0451444215934945,"Ab_vs_Pn","Ab higher"
"ppat",8.8576618072747,2.46130670531859,1.70508281899254,0.0129305947558922,0.0451444215934945,"Ab_vs_Pn","Ab higher"
"ccn2a",31.7276959651254,-1.76825017112268,3.73684913031638,0.0130012537202346,0.0453223058732897,"Ab_vs_Pn","Pn higher"
"nfyc",3.47491495148624,-1.36071105238518,2.6036075138871,0.0130027627670665,0.0453223058732897,"Ab_vs_Pn","Pn higher"
"map1lc3cl",3.784067793042,0.76766026475362,1.50319595469917,0.0130040773785911,0.0453223058732897,"Ab_vs_Pn","Ab higher"
"kcnab2a",19.9069523112272,2.82086267725772,2.01880340372514,0.0130343446754065,0.0453860700744904,"Ab_vs_Pn","Ab higher"
"tmem183a",6.19745876110298,-2.6388497780447,3.2757382592743,0.0130347751464106,0.0453860700744904,"Ab_vs_Pn","Pn higher"
"ankrd1a",3.20866780331169,1.13766435350605,2.26294822804927,0.0130461727516608,0.0454041551922992,"Ab_vs_Pn","Ab higher"
"sestd1",142.75474206318,-2.81979425808846,2.74259138027486,0.0130871834630594,0.0455252356302907,"Ab_vs_Pn","Pn higher"
"hpcal4",18.9628415072013,2.70571196140526,1.98264373584554,0.0131129427958197,0.0455786920907752,"Ab_vs_Pn","Ab higher"
"clcn5b",8.55044372511749,2.34686420819225,1.56777325632659,0.0131274604354904,0.0455786920907752,"Ab_vs_Pn","Ab higher"
"mbtps1",11.0518311475572,-2.26642667336671,3.99154403079832,0.0131231916485108,0.0455786920907752,"Ab_vs_Pn","Pn higher"
"igf1",5.0006461387289,-1.30384212454786,2.45816336808519,0.013123335174513,0.0455786920907752,"Ab_vs_Pn","Pn higher"
"herc2",37.0955022470308,-2.6209132437138,3.34089337788891,0.0131373893422056,0.0455915375038422,"Ab_vs_Pn","Pn higher"
"taf11",103.710107897738,-2.76591955678967,2.81317377537611,0.0132548009616761,0.0459771982173021,"Ab_vs_Pn","Pn higher"
"prickle2a",5.71259143771973,2.71931103785325,2.30607270644049,0.0132844271066931,0.0460581345305006,"Ab_vs_Pn","Ab higher"
"slc1a7a",3.80988212405811,2.70573297302047,2.41680484697221,0.0133731760063302,0.0463438802984522,"Ab_vs_Pn","Ab higher"
"cox6b2",13.808974991395,-2.75440277328742,2.76462169432533,0.0134016213050457,0.0464204762572785,"Ab_vs_Pn","Pn higher"
"plpp3",33.5519707225419,-1.80719593363549,3.80082224477304,0.0134261011452058,0.0464832707103885,"Ab_vs_Pn","Pn higher"
"rbm25a",12.7513718859178,-2.63597331576419,3.19224874421536,0.0134508989803284,0.0465263887634922,"Ab_vs_Pn","Pn higher"
"taf13",6.09337764400616,-1.88939553493855,3.83273087440625,0.0134512691110192,0.0465263887634922,"Ab_vs_Pn","Pn higher"
"wbp2nl",31.6676208651795,-1.71101335487858,1.02617272310872,0.0134868449600642,0.0466262924065398,"Ab_vs_Pn","Pn higher"
"slc5a7a",4.93354906994707,0.657952952943793,1.36328847353174,0.0134928934713829,0.0466262924065398,"Ab_vs_Pn","Ab higher"
"fosl2",5.65529052726457,-2.40057345286395,3.65368087212807,0.0135163121783964,0.04668517641986,"Ab_vs_Pn","Pn higher"
"s100b",12.4872416506502,-2.4776448457253,3.49744335327253,0.0135249373618899,0.0466929323356944,"Ab_vs_Pn","Pn higher"
"snap47",21.1810169049749,2.60646923509104,1.90367330158974,0.0135797711162822,0.0468576190283732,"Ab_vs_Pn","Ab higher"
"fam49a",3.19589719074017,1.3765183315257,3.12915472837018,0.0135854444019959,0.0468576190283732,"Ab_vs_Pn","Ab higher"
"exd3",3.54571214257255,2.83985988048939,2.18869460301167,0.0136050125659209,0.0469030084644253,"Ab_vs_Pn","Ab higher"
"cdh16",3.91996504179943,1.43908983858503,3.49801775023468,0.0137222346427836,0.0472848565680476,"Ab_vs_Pn","Ab higher"
"iffo1a",5.73209173588733,2.8336513397893,2.28144635073703,0.0138011411546296,0.0474896812932459,"Ab_vs_Pn","Ab higher"
"denr",10.841570867142,2.56264969631642,1.90352694644275,0.013801114154242,0.0474896812932459,"Ab_vs_Pn","Ab higher"
"unc93b1",7.94007418901178,-1.32839979409785,2.49253216991014,0.0137897172819344,0.0474896812932459,"Ab_vs_Pn","Pn higher"
"hadhab",7.76350882513725,-2.37963941405806,3.59210810193137,0.0138140780423447,0.0475118595826697,"Ab_vs_Pn","Pn higher"
"ccdc28b",3.50678140907856,3.08771395863319,4.14597603098962,0.013834925339591,0.0475612111603882,"Ab_vs_Pn","Ab higher"
"e4f1",3.57387189270105,2.81562020363089,2.52728358795063,0.0138640410800621,0.0476389280117253,"Ab_vs_Pn","Ab higher"
"get4",5.79559203564641,-2.25612849936204,3.77595372957312,0.0138978366338268,0.0477326449192765,"Ab_vs_Pn","Pn higher"
"aamp",27.0113128867168,-2.72714506075956,2.74394826296157,0.0139463978891157,0.0478355221081802,"Ab_vs_Pn","Pn higher"
"zgc:92606",26.5207817149127,1.98015627159296,1.18609113844581,0.0139473977563679,0.0478355221081802,"Ab_vs_Pn","Ab higher"
"ptprsa",6.21107037764674,-0.940435381677421,1.71181727391506,0.0139416301696986,0.0478355221081802,"Ab_vs_Pn","Pn higher"
"emg1",6.9546625062376,2.64714942336294,2.41079949197861,0.0139788088210586,0.0479207970779053,"Ab_vs_Pn","Ab higher"
"suclg1",9.2935292957516,2.64786511493013,1.94209525729474,0.0140009001503314,0.0479516088910976,"Ab_vs_Pn","Ab higher"
"glud1b",18.502308485728,-2.06813471919187,2.14592685290619,0.0139986010624848,0.0479516088910976,"Ab_vs_Pn","Pn higher"
"snx8a",63.4914267548045,1.71152216956333,0.940105040008222,0.0140122570120069,0.047958786034499,"Ab_vs_Pn","Ab higher"
"baalcb",95.0391352239804,1.59754929053325,0.843986234555275,0.0140161010148645,0.047958786034499,"Ab_vs_Pn","Ab higher"
"zdhhc18a",3.45994890186306,2.82168850965923,3.11169667387603,0.0140303145521974,0.0479849870128659,"Ab_vs_Pn","Ab higher"
"cln6a",6.92361816855489,2.6343291555986,2.24529267139758,0.0140880223156137,0.0480924605074516,"Ab_vs_Pn","Ab higher"
"tdrd7b",6.07090679656474,2.11054784320951,1.32592409454596,0.0140777190680636,0.0480924605074516,"Ab_vs_Pn","Ab higher"
"pex14",4.08615032987148,-2.05377280881284,3.81572907273339,0.0140769726109365,0.0480924605074516,"Ab_vs_Pn","Pn higher"
"eef1g",259.51368759456,-1.98450470616352,1.77120267395417,0.0140836270848668,0.0480924605074516,"Ab_vs_Pn","Pn higher"
"trmt2a",72.6011412260531,2.45157135293824,1.82946701835954,0.0141053262633902,0.0481290829472043,"Ab_vs_Pn","Ab higher"
"snx29",3.9828052144518,2.94777088118536,6.98042988547552,0.0142369798514045,0.0485556642741984,"Ab_vs_Pn","Ab higher"
"ano8b",8.09887397969145,2.31061164289649,1.57724368927249,0.0142654909499664,0.0486137852597527,"Ab_vs_Pn","Ab higher"
"gpr26",4.41797176551612,-0.784606237589584,1.4891128336508,0.0142673057436738,0.0486137852597527,"Ab_vs_Pn","Pn higher"
"pomp",8.9054313514899,-1.67911060959381,3.31922719521273,0.0142875142393448,0.0486599891660142,"Ab_vs_Pn","Pn higher"
"scamp1",3.59511719867361,-2.14754523431698,3.73624139013334,0.0143010344895674,0.048683382060067,"Ab_vs_Pn","Pn higher"
"glcci1a",3.55814224653596,3.09281992750307,5.65066775519441,0.0143312952405347,0.0487637144888302,"Ab_vs_Pn","Ab higher"
"isca2",4.03321885789825,-2.13108547401232,3.7282611794295,0.0143725769841957,0.048881454901175,"Ab_vs_Pn","Pn higher"
"miga2",5.16064077829848,2.90143659744287,3.37932243227744,0.0143835290030129,0.048892792946891,"Ab_vs_Pn","Ab higher"
"PCYT2",6.33672267084941,-2.14106255412469,3.72799405764865,0.014389271212953,0.048892792946891,"Ab_vs_Pn","Pn higher"
"stat3",11.2767626572889,-2.32835508305794,3.51650739318391,0.0144763303342597,0.0491549772800555,"Ab_vs_Pn","Pn higher"
"RAB31",7.74418626076268,-2.27030475508463,3.60870664766749,0.0144809658295414,0.0491549772800555,"Ab_vs_Pn","Pn higher"
"SEC61A1",6.83770591196003,-0.884410123442845,1.62297524936593,0.0144865809527367,0.0491549772800555,"Ab_vs_Pn","Pn higher"
"naalad2",3.70796371228867,2.27945112516656,4.63321148368528,0.0145074289328859,0.0492029065615346,"Ab_vs_Pn","Ab higher"
"mycn",5.95017088279084,2.33650308837962,1.63884860615818,0.0145177549086751,0.0492151218974494,"Ab_vs_Pn","Ab higher"
"jam3a",4.10650620638172,2.72461098488852,3.02130916629491,0.0145259786230207,0.0492202025656892,"Ab_vs_Pn","Ab higher"
"idh1",6.36800242174958,-2.28978176090711,3.62725119804383,0.0145373985143374,0.0492361035291234,"Ab_vs_Pn","Pn higher"
"cyp27c1",128.90516477273,2.62687697522173,2.18463249363841,0.0145483526456003,0.0492504130495599,"Ab_vs_Pn","Ab higher"
"tnk2b",4.58882926440382,2.68353424711216,3.24305584228647,0.014573867337959,0.0493139782924282,"Ab_vs_Pn","Ab higher"
"h1-0",63.5782333528596,-1.82109735312273,1.21883296172761,0.0145859863195037,0.0493321783144398,"Ab_vs_Pn","Pn higher"
"antxr1c",5.7379533931435,-1.71197375186384,3.35391964190149,0.0146370103425162,0.0494590391028974,"Ab_vs_Pn","Pn higher"
"acer3",4.62886285370932,-0.531052385131113,1.22988168602084,0.0146335090007239,0.0494590391028974,"Ab_vs_Pn","Pn higher"
"tspan31",6.90611495303701,-2.56688002341531,2.97670112672666,0.0146895495720889,0.0496136655828883,"Ab_vs_Pn","Pn higher"
"osgn1",3.10217026894567,-1.26694488870421,2.32078976481625,0.0147023597925717,0.0496340273624686,"Ab_vs_Pn","Pn higher"
"eif3g",86.5434365279491,2.20555032973064,1.51773357356881,0.0147093563483081,0.049634752933733,"Ab_vs_Pn","Ab higher"
"gle1",5.45958384991631,2.26221335900232,1.56424171940973,0.0147406124685349,0.0497173007636897,"Ab_vs_Pn","Ab higher"
"ddc",8.14079351117294,2.09351448203654,1.34062588324948,0.0147493983796193,0.04972401968698,"Ab_vs_Pn","Ab higher"
"si:dkeyp-69e1.8",41.5449542694446,1.75354477378525,1.00040116831807,0.014756527224301,0.0497251485979093,"Ab_vs_Pn","Ab higher"
"adam10b",12.0632514479594,1.96418645989457,1.19821235936544,0.0147750758126458,0.0497647399322386,"Ab_vs_Pn","Ab higher"
"nudcd3",5.71994033253818,-1.66209063038432,3.22368611072805,0.0148054004473182,0.0498439401443984,"Ab_vs_Pn","Pn higher"
"ywhae1",26.2381698177548,-1.78159528635505,1.15010121420107,0.0148320786483585,0.0499107970700395,"Ab_vs_Pn","Pn higher"
