"gene_name","baseMean","log2FoldChange","lfcSE","pvalue","padj","comparison","sig"
"gabpa",4556.74434857647,-10.7680592637171,0.835810363339078,9.51151924722299e-40,6.48970958238025e-36,"Ab_vs_Mz","Mz higher"
"gpr174",13531.9455067514,-11.242700076477,0.936295925612479,3.76538524494237e-33,1.28456117631209e-29,"Ab_vs_Mz","Mz higher"
"nfe2",3556.19394528514,12.445701874435,1.16500409676274,8.03202648538399e-27,1.8267505569925e-23,"Ab_vs_Mz","Ab higher"
"slc25a12",970.028593147535,-8.01327577152967,0.837816054232084,4.68467063393975e-23,7.99087693384273e-20,"Ab_vs_Mz","Mz higher"
"fkbp3",26842.6966418248,-19.7217121819989,4.179877518841,4.74675219856072e-22,6.47741805015596e-19,"Ab_vs_Mz","Mz higher"
"pcsk2",11922.9504838158,13.1280685307932,1.45216445471905,1.81097984315555e-20,2.05938591164171e-17,"Ab_vs_Mz","Ab higher"
"atg13",520.738743093468,9.97192399937171,1.15020544682353,4.84727308847005e-19,4.72470632609017e-16,"Ab_vs_Mz","Ab higher"
"tnip1",859.548106702568,-8.24260463298431,0.964234836391535,6.71720183723029e-19,5.72893351692778e-16,"Ab_vs_Mz","Mz higher"
"prpf31",533.83540345809,-9.46167713659565,1.13234483494447,7.11862874852127e-18,5.39671155012896e-15,"Ab_vs_Mz","Mz higher"
"nol7",824.157930549232,9.67115169270332,1.19098862877197,1.61599806213804e-17,1.10259547779678e-14,"Ab_vs_Mz","Ab higher"
"rbm25b",341.710190900264,7.47598668260835,0.913902769530851,1.80721601197071e-17,1.12096680451601e-14,"Ab_vs_Mz","Ab higher"
"mcee",3358.25849894476,17.6055413252337,3.43641461844521,2.12247420498378e-17,1.20680345838369e-14,"Ab_vs_Mz","Ab higher"
"rhot2",1927.64462480238,-15.1542785747992,3.64229039459035,8.68760731284597e-17,4.55965728427293e-14,"Ab_vs_Mz","Mz higher"
"sh3d19",3686.37154059444,17.8085283310189,3.57045159007848,1.53758189644842e-16,7.49351519961969e-14,"Ab_vs_Mz","Ab higher"
"ddx49",738.818087311303,9.30180257336227,1.16920691611653,2.31332515387023e-16,9.86488595303535e-14,"Ab_vs_Mz","Ab higher"
"ppt1",2647.4206894721,-8.56632453811701,1.08590183233824,2.30662705158514e-16,9.86488595303535e-14,"Ab_vs_Mz","Mz higher"
"DCTN6",557.04313198817,-6.49867222640096,0.831249643895541,3.93535014515298e-16,1.5794643553164e-13,"Ab_vs_Mz","Mz higher"
"mrps25",828.808376724854,-14.2479863236266,3.51791720394462,6.70568537470816e-16,2.54182729509077e-13,"Ab_vs_Mz","Mz higher"
"eya4",696.417558088285,15.1366643521309,3.11886328858787,1.15053521996573e-15,4.13163252938219e-13,"Ab_vs_Mz","Ab higher"
"acot13",4055.57198080964,7.78725743135603,1.02712830257141,1.32906649521849e-15,4.33433352624686e-13,"Ab_vs_Mz","Ab higher"
"vars1",371.147150281097,-6.14563332071103,0.802261307555762,1.33403201013021e-15,4.33433352624686e-13,"Ab_vs_Mz","Mz higher"
"nfe2l2a",712.278643080797,-5.3648978653152,0.704771028207078,2.12861344666562e-15,6.60160433936343e-13,"Ab_vs_Mz","Mz higher"
"irak4",395.89008875881,10.1691545802912,1.33565728502701,2.62849272439777e-15,7.79748080807216e-13,"Ab_vs_Mz","Ab higher"
"atp6v0cb",541.238622338789,-13.6778231690335,3.44427219921373,3.42259841918482e-15,9.68473993825476e-13,"Ab_vs_Mz","Mz higher"
"lpar2a",536.066788804722,-7.93928787684014,1.04644338259878,3.69050620540266e-15,9.68473993825476e-13,"Ab_vs_Mz","Mz higher"
"KDM7A",727.433582358287,-6.50982017425672,0.861903750312167,3.56148307759169e-15,9.68473993825476e-13,"Ab_vs_Mz","Mz higher"
"tab3",983.434587782237,-8.1043091435213,1.07123928623503,4.08938033027051e-15,1.03340155531243e-12,"Ab_vs_Mz","Mz higher"
"caprin1a",354.992712345023,-14.1213264248664,3.5312659459295,4.36793231544704e-15,1.06437150672483e-12,"Ab_vs_Mz","Mz higher"
"mrpl9",663.804548927021,-14.0665188776853,3.52920583858333,6.65582804886586e-15,1.56595568197972e-12,"Ab_vs_Mz","Mz higher"
"pdia4",170.227872981315,-0.836864285009818,1.51604156893429,7.97051517360607e-15,1.81276083431714e-12,"Ab_vs_Mz","Mz higher"
"thoc1",318.36418446165,-7.71858774090249,1.03007150449804,8.74218732102977e-15,1.92412722875439e-12,"Ab_vs_Mz","Mz higher"
"cox15",276.441567599067,8.28515875999851,1.11922601072464,9.66494641366047e-15,2.06074779313767e-12,"Ab_vs_Mz","Ab higher"
"kansl1a",776.151394143987,8.8535986198973,1.20185991114162,1.05131347574917e-14,2.17367025607169e-12,"Ab_vs_Mz","Ab higher"
"thrb",649.06552493464,-14.4260045762666,3.65036221464858,1.23933347434116e-14,2.48705067512639e-12,"Ab_vs_Mz","Mz higher"
"tor1",1775.03170292893,-16.7802137592564,4.03528088758481,1.35622108497727e-14,2.64385613222855e-12,"Ab_vs_Mz","Mz higher"
"msto1",697.416909599747,10.7350151748046,1.45124053814541,1.46562752854057e-14,2.71907936196745e-12,"Ab_vs_Mz","Ab higher"
"ube2g1b",1559.29243386657,9.87191295856734,1.33360225989093,1.47451174546088e-14,2.71907936196745e-12,"Ab_vs_Mz","Ab higher"
"tmem165",330.06218861687,8.91854214585394,1.21795255989644,2.06154197187523e-14,3.7015528616065e-12,"Ab_vs_Mz","Ab higher"
"wdr74",262.146137463015,-7.53309665757014,1.02534181035267,2.76220261655043e-14,4.83243806480091e-12,"Ab_vs_Mz","Mz higher"
"atp5l",302.588665552871,-7.51494303217818,1.03757817567376,3.88675643835339e-14,6.62983479472129e-12,"Ab_vs_Mz","Mz higher"
"rftn2",585.596961442063,11.1053325764783,1.53192194598273,4.17931908192367e-14,6.95499855999151e-12,"Ab_vs_Mz","Ab higher"
"klhl18",1005.45692811362,9.17939347273569,1.28013221185725,5.46829121801205e-14,8.88336928107053e-12,"Ab_vs_Mz","Ab higher"
"cdkl5",1058.70123051588,9.57760078140731,1.34450718381822,5.74096751172044e-14,9.10944682150431e-12,"Ab_vs_Mz","Ab higher"
"znf526",250.053096103107,9.60226420371799,1.32289998619728,6.71486470891285e-14,1.04126186156619e-11,"Ab_vs_Mz","Ab higher"
"smndc1",413.273404911286,-8.11105989045719,1.12351695183518,7.41998568220491e-14,1.12503471799298e-11,"Ab_vs_Mz","Mz higher"
"golga2",164.059497821926,6.88188974601229,0.970461851134881,8.08898622935456e-14,1.19980767484535e-11,"Ab_vs_Mz","Ab higher"
"brms1lb",248.341195098853,8.88205498185573,1.25330132144597,8.70536524960194e-14,1.23743139787571e-11,"Ab_vs_Mz","Ab higher"
"ciao1",353.720473908958,-6.6620058987935,0.933762452727597,8.5968931344331e-14,1.23743139787571e-11,"Ab_vs_Mz","Mz higher"
"mat2aa",1190.76174636171,-9.34395499065982,1.31128201648586,1.03898202852258e-13,1.44672946543052e-11,"Ab_vs_Mz","Mz higher"
"ascc2",487.434034432552,-6.09231228472219,0.861650905835719,1.10868741475617e-13,1.51291484617627e-11,"Ab_vs_Mz","Mz higher"
"pdss1",661.523085746705,10.4748936516703,1.46787868575912,1.42576130304486e-13,1.87076334051444e-11,"Ab_vs_Mz","Ab higher"
"rapgef1b",457.905829490243,-6.53763299029739,0.947417230854597,1.41567024860688e-13,1.87076334051444e-11,"Ab_vs_Mz","Mz higher"
"TMEM43",1588.8657439372,-7.81153343166376,1.13283604499686,1.52754017521751e-13,1.96649181424699e-11,"Ab_vs_Mz","Mz higher"
"hspa8b",624.603603042245,9.27972789713761,1.3372223103843,1.59236689790409e-13,1.97540351716356e-11,"Ab_vs_Mz","Ab higher"
"lysmd2",1066.39557980249,-8.91423289282004,1.27166132235755,1.56703538924123e-13,1.97540351716356e-11,"Ab_vs_Mz","Mz higher"
"eps8l2",268.308789237164,-13.9796856644103,3.58886358620686,1.68941781815002e-13,2.05837460236386e-11,"Ab_vs_Mz","Mz higher"
"tlk2",769.870680853145,-13.0685777674768,3.4202239572236,2.40056839309585e-13,2.8735224817707e-11,"Ab_vs_Mz","Mz higher"
"zgc:123238",660.081061339133,13.4755395681429,3.05842016015956,3.2847269262003e-13,3.86408479611459e-11,"Ab_vs_Mz","Ab higher"
"pdcd11",1103.08491694035,-7.28815221034528,1.04078230911385,3.64790982885946e-13,4.21859131564544e-11,"Ab_vs_Mz","Mz higher"
"zgc:163098",310.512928466626,7.78425441472699,1.12977327447162,4.01111798988202e-13,4.56130967416084e-11,"Ab_vs_Mz","Ab higher"
"becn1",268.653457878317,6.06165319649049,0.889602483342475,4.63569866828693e-13,5.18514295306913e-11,"Ab_vs_Mz","Ab higher"
"mad2l1bp",159.293325585529,-7.15814815362438,1.02759518293769,4.84996846200841e-13,5.33731206714249e-11,"Ab_vs_Mz","Mz higher"
"mrpl47",594.175885419009,-13.2674660413747,3.48116579671131,5.89556979722189e-13,6.38499567086428e-11,"Ab_vs_Mz","Mz higher"
"RPL5",241.72269539038,-12.8514464808885,3.39961730083276,6.08416013636288e-13,6.48628509537562e-11,"Ab_vs_Mz","Mz higher"
"tmem50a",234.149338015397,-13.5411575611883,3.52506316094637,6.33393968702186e-13,6.64868776685387e-11,"Ab_vs_Mz","Mz higher"
"ireb2",290.590637908441,-14.0227328875037,3.63599557622306,7.08640885215478e-13,7.31608101250132e-11,"Ab_vs_Mz","Mz higher"
"tmem54b",709.409286809414,9.61464943613652,1.41709935627271,7.18419211252511e-13,7.31608101250132e-11,"Ab_vs_Mz","Ab higher"
"hgd",934.957598877491,-14.0340321634833,3.64488832398148,9.31856595375584e-13,9.31151687436385e-11,"Ab_vs_Mz","Mz higher"
"mif4gda",277.454889357155,-12.798221040814,3.40042821801553,9.41660067904302e-13,9.31151687436385e-11,"Ab_vs_Mz","Mz higher"
"rida",1599.32072703384,-14.56643499492,3.75449782517033,1.12073271740713e-12,1.09239419012412e-10,"Ab_vs_Mz","Mz higher"
"COMTD1",2869.27133326553,-6.78478941229394,1.0193009011446,1.21502754726744e-12,1.16762435985996e-10,"Ab_vs_Mz","Mz higher"
"nxt2",132.019874977542,8.35925595664891,1.23734647919044,1.33018366726435e-12,1.26053377246454e-10,"Ab_vs_Mz","Ab higher"
"nkiras1",327.008596206879,-14.0786813039841,3.66650442582179,1.36439978412057e-12,1.27524653795269e-10,"Ab_vs_Mz","Mz higher"
"ncln",574.296922814683,10.2587079448333,1.5391721257606,1.46476547141526e-12,1.35055335290086e-10,"Ab_vs_Mz","Ab higher"
"prdx2",792.500026596281,-13.5815389741724,3.57303746302044,1.68657487147647e-12,1.53433337974452e-10,"Ab_vs_Mz","Mz higher"
"mest",609.118257583957,-15.0957244219546,3.87455983182648,1.80189651713859e-12,1.5957961572768e-10,"Ab_vs_Mz","Mz higher"
"acy3.2",623.079435368658,-13.2245768766078,3.50302319117,1.77838998840692e-12,1.5957961572768e-10,"Ab_vs_Mz","Mz higher"
"GOT1",886.569267199052,-7.51791936188377,1.11624623860064,1.82430163077225e-12,1.5957961572768e-10,"Ab_vs_Mz","Mz higher"
"fam118b",684.843210098522,8.42964755202327,1.28011634386107,1.85914726950124e-12,1.60569136959582e-10,"Ab_vs_Mz","Ab higher"
"aldh3b1",303.468823602252,-12.4298857244776,3.3454005188964,1.93422293155409e-12,1.6496503827492e-10,"Ab_vs_Mz","Mz higher"
"acad11",498.492323330149,8.27915669715669,1.25597220440113,2.06477131220387e-12,1.73925119298358e-10,"Ab_vs_Mz","Ab higher"
"nup88",149.921747823808,-13.0067775872246,3.46576408420631,2.31186317920932e-12,1.90046294840304e-10,"Ab_vs_Mz","Mz higher"
"usp14",206.210435263091,7.02139271196977,1.06495986453837,2.29200307021992e-12,1.90046294840304e-10,"Ab_vs_Mz","Ab higher"
"psma6l",321.388730018156,7.61344581450251,1.16129563202313,2.75817625163995e-12,2.24036149582612e-10,"Ab_vs_Mz","Ab higher"
"ccdc51",1180.12945099997,-13.923931227896,3.66018001055666,2.97603941298754e-12,2.38888434291929e-10,"Ab_vs_Mz","Mz higher"
"mrps30",361.046609249456,-5.95968845911145,0.899345914668353,3.97653004612649e-12,3.15486796566524e-10,"Ab_vs_Mz","Mz higher"
"zgc:173742",591.825828252757,-14.9903392017303,3.88531822922574,4.34108240090503e-12,3.36581877515625e-10,"Ab_vs_Mz","Mz higher"
"nelfa",153.957431557243,-13.023923331123,3.48879469870007,4.3314000617789e-12,3.36581877515625e-10,"Ab_vs_Mz","Mz higher"
"arfgap2",283.436472115097,-12.5683255456195,3.39729770330725,4.47954731784541e-12,3.41757208966828e-10,"Ab_vs_Mz","Mz higher"
"slc37a4a",355.536688967495,-12.3784560140905,3.35773340164585,4.50800949831665e-12,3.41757208966828e-10,"Ab_vs_Mz","Mz higher"
"sult1st6",392.713474840434,9.1661822536126,1.42586280799447,4.72785746487318e-12,3.53460432329269e-10,"Ab_vs_Mz","Ab higher"
"riox1",189.809698521208,-7.19235859429981,1.08771498060456,4.76599146626011e-12,3.53460432329269e-10,"Ab_vs_Mz","Mz higher"
"trim65",344.006004033202,-14.00531125853,3.68776865291618,4.98360175277751e-12,3.6193621849574e-10,"Ab_vs_Mz","Mz higher"
"gatd1",206.222427353557,-12.5878084730388,3.40453269754899,4.98637029731782e-12,3.6193621849574e-10,"Ab_vs_Mz","Mz higher"
"hexdc",265.429725182741,-6.29933806997747,0.949794161485187,5.17224620326009e-12,3.71476166787827e-10,"Ab_vs_Mz","Mz higher"
"tmod1",265.314948663302,-13.8456845513278,3.65772597612128,5.34646875118131e-12,3.79989128013647e-10,"Ab_vs_Mz","Mz higher"
"pex10",111.92969329074,6.89287733456106,1.06785697206459,5.60613951299725e-12,3.94337009249281e-10,"Ab_vs_Mz","Ab higher"
"mapk8a",444.441143140506,-13.3971086963529,3.57726796767186,6.20430444347858e-12,4.27595648665195e-10,"Ab_vs_Mz","Mz higher"
"reep1",318.816931347581,-12.4139935850667,3.36266105885898,6.18136946900505e-12,4.27595648665195e-10,"Ab_vs_Mz","Mz higher"
"si:ch73-61d6.3",313.920622979569,8.82772411178734,1.3725127612985,7.07098677629486e-12,4.82453427746598e-10,"Ab_vs_Mz","Ab higher"
"nck1b",334.84902703596,7.2123246351728,1.12058903272831,7.19602947673643e-12,4.86123852671016e-10,"Ab_vs_Mz","Ab higher"
"C18orf25",198.697609465031,7.29575160038947,1.13418281393222,7.93479591648774e-12,5.30775613119567e-10,"Ab_vs_Mz","Ab higher"
"katnb1",409.673679578121,8.42225041143496,1.30705244959515,8.26366975523342e-12,5.47407948931627e-10,"Ab_vs_Mz","Ab higher"
"zgc:92040",293.14916567422,8.18740009189513,1.27353852727919,9.03634479491188e-12,5.92836351304651e-10,"Ab_vs_Mz","Ab higher"
"C6orf62",243.220503045973,-11.8675348417445,3.27249013223325,9.43220605393575e-12,6.1291373243813e-10,"Ab_vs_Mz","Mz higher"
"blzf1",203.227623381522,-11.7233349363897,3.24328258465684,1.04549659908504e-11,6.7296446184502e-10,"Ab_vs_Mz","Mz higher"
"sec23ip",254.176114813722,-6.31976417531011,1.00972377183562,1.08141641578368e-11,6.89579832232903e-10,"Ab_vs_Mz","Mz higher"
"acod1",456.54486729657,-8.11512347882062,1.29650519679847,1.40466405371403e-11,8.87409522082482e-10,"Ab_vs_Mz","Mz higher"
"map7d3",223.377666360007,6.76072799619883,1.07267694129589,1.43190111241645e-11,8.96317549542885e-10,"Ab_vs_Mz","Ab higher"
"ddx11",304.675599390739,-12.5221560872215,3.42270960798945,1.60504009978737e-11,9.78128590460732e-10,"Ab_vs_Mz","Mz higher"
"nr2e1",117.616234201042,12.3242440443622,2.98849337072672,1.60560460401e-11,9.78128590460732e-10,"Ab_vs_Mz","Ab higher"
"aspdh",328.639101622351,-6.62598730069868,1.03206846503367,1.58778566720705e-11,9.78128590460732e-10,"Ab_vs_Mz","Mz higher"
"ndufc2",2173.61503165387,-9.75305153550429,1.54636281059799,1.65772891848572e-11,1.00094552308213e-09,"Ab_vs_Mz","Mz higher"
"tmem242",158.643703193132,-6.1092523776922,0.982819629495598,1.72409780899848e-11,1.02856774471999e-09,"Ab_vs_Mz","Mz higher"
"ppfibp1a",1029.66195673918,-6.01853984818312,0.960727245942192,1.73362583383848e-11,1.02856774471999e-09,"Ab_vs_Mz","Mz higher"
"sema4e",167.419578835635,-6.56528290314278,1.06394466838822,1.79467124638234e-11,1.05560706155748e-09,"Ab_vs_Mz","Mz higher"
"rbsn",262.559776044598,-11.7240211741511,3.25997312844817,1.81586308394378e-11,1.0589430616879e-09,"Ab_vs_Mz","Mz higher"
"chmp5b",138.416143004888,-11.6132411359416,3.18660942153785,2.15468062414943e-11,1.2354105797119e-09,"Ab_vs_Mz","Mz higher"
"paqr4b",179.580981886917,8.12605503362553,1.29619327710393,2.14323561393902e-11,1.2354105797119e-09,"Ab_vs_Mz","Ab higher"
"jph2",3542.14837802756,11.3927814773981,1.71442894982052,2.24498828963449e-11,1.27646292501468e-09,"Ab_vs_Mz","Ab higher"
"si:ch211-149k23.9",587.049950557431,-14.9392893533106,3.94350858073247,2.36531849670739e-11,1.33376595892847e-09,"Ab_vs_Mz","Mz higher"
"cdk2ap2",372.82309453473,11.9285273225734,1.81797703988077,2.63462356227869e-11,1.47344562011701e-09,"Ab_vs_Mz","Ab higher"
"hpcal1",403.881592152192,-14.3925684189443,3.83811825774399,2.75552750868566e-11,1.52853367412701e-09,"Ab_vs_Mz","Mz higher"
"cinp",359.136976325801,-5.52240391322369,0.89025783657428,2.88788916821138e-11,1.58903772537953e-09,"Ab_vs_Mz","Mz higher"
"dgcr8",149.878021622317,-6.12427942623836,0.983576794847212,3.00728845970578e-11,1.6414983328458e-09,"Ab_vs_Mz","Mz higher"
"cnot11",1506.80806716546,-8.52811953174012,1.365467160697,3.15423819336875e-11,1.70804501534563e-09,"Ab_vs_Mz","Mz higher"
"cry1a",281.669732880294,-11.8962777529683,3.31613058407005,3.24857582290416e-11,1.74527817635237e-09,"Ab_vs_Mz","Mz higher"
"TMEM19",181.466969721391,-5.79559354082251,0.945843389216327,3.2949236666875e-11,1.75634876389131e-09,"Ab_vs_Mz","Mz higher"
"tmed4",245.20967513165,-13.282846925144,3.60845997647586,3.67163955099501e-11,1.92992507391936e-09,"Ab_vs_Mz","Mz higher"
"cox18",287.606029036754,-5.85355216646113,0.960516052886144,3.67712530572354e-11,1.92992507391936e-09,"Ab_vs_Mz","Mz higher"
"sfxn4",195.210326079442,-13.3391967058936,3.6309382050289,3.73861271002943e-11,1.9472179023306e-09,"Ab_vs_Mz","Mz higher"
"JAZF1",271.823579358785,-13.8155723033277,3.73186408193061,3.81924435109941e-11,1.97414425814782e-09,"Ab_vs_Mz","Mz higher"
"vps4a",155.096724892875,9.67132516398045,1.50585119785213,4.0438137806962e-11,2.07450687411205e-09,"Ab_vs_Mz","Ab higher"
"rest",215.093313613425,-11.7175807973281,3.25430141651432,4.11076638736461e-11,2.09311634783498e-09,"Ab_vs_Mz","Mz higher"
"frem3",255.07096108884,-13.3433749395137,3.63842977275677,4.57431743092551e-11,2.27814363731421e-09,"Ab_vs_Mz","Mz higher"
"mars1",770.38659435403,-13.2677313425469,3.62221657954709,4.56024441942124e-11,2.27814363731421e-09,"Ab_vs_Mz","Mz higher"
"mpg",129.967305935461,12.6190338433014,3.17218765549072,4.51142366667753e-11,2.27814363731421e-09,"Ab_vs_Mz","Ab higher"
"timm8a",357.054157616219,-12.8324616462566,3.52992749804258,4.66181184466196e-11,2.30489436348758e-09,"Ab_vs_Mz","Mz higher"
"ubap2a",394.49801931756,-7.76150338607497,1.25129452121474,4.81870360920135e-11,2.35929089766517e-09,"Ab_vs_Mz","Mz higher"
"exosc5",985.77973246327,-7.44655991964502,1.19855493918932,4.84098967716729e-11,2.35929089766517e-09,"Ab_vs_Mz","Mz higher"
"lipca",252.033860812135,-13.4750493443687,3.67303551565271,5.29684500633972e-11,2.56314705519545e-09,"Ab_vs_Mz","Mz higher"
"ybey",224.998215134565,-11.4136703405472,3.22870441462745,5.77581518360252e-11,2.77396406384815e-09,"Ab_vs_Mz","Mz higher"
"slc25a42",75.5790880970579,7.38590079378905,1.18386690786779,5.81381886457989e-11,2.77396406384815e-09,"Ab_vs_Mz","Ab higher"
"gtf2b",169.762873364289,-7.10369283497683,1.17267502500303,6.12463656664126e-11,2.90197189543009e-09,"Ab_vs_Mz","Mz higher"
"gtf2a2",190.722993338736,-13.285434494171,3.64111868414336,6.43067677038393e-11,3.0259660416779e-09,"Ab_vs_Mz","Mz higher"
"atraid",279.904049403295,-12.5081814002353,3.47466488475776,6.58445507289293e-11,3.07710527139373e-09,"Ab_vs_Mz","Mz higher"
"flii",287.651203890817,-5.96747855002522,0.970957111774317,6.6472849733771e-11,3.0853350594117e-09,"Ab_vs_Mz","Mz higher"
"naa20",302.753125835358,-11.8160312302843,3.32446394588717,6.7323312786771e-11,3.10369569691986e-09,"Ab_vs_Mz","Mz higher"
"mxd3",404.958419181506,-12.3378238896206,3.44123593657947,7.35053685643001e-11,3.36595389069946e-09,"Ab_vs_Mz","Mz higher"
"pdxp",230.846583794341,-11.8502942994578,3.33473249506191,7.64552100839741e-11,3.4776926560197e-09,"Ab_vs_Mz","Mz higher"
"apba1b",158.375913479319,-6.5220698141559,1.07424387439173,8.03758909096559e-11,3.63181922964624e-09,"Ab_vs_Mz","Mz higher"
"acvr1l",277.693026088215,-12.5020475137954,3.48655843722028,9.75156579440274e-11,4.37729825100065e-09,"Ab_vs_Mz","Mz higher"
"hnrnph1",184.101721263843,-5.15172851937822,0.86633062825137,1.00924926125193e-10,4.50072399315156e-09,"Ab_vs_Mz","Mz higher"
"wbp2",169.420221554482,-11.3513853010432,3.23531418691574,1.06200796566327e-10,4.705246980338e-09,"Ab_vs_Mz","Mz higher"
"nemp1",341.028245747861,-8.28570179045186,1.38576607199942,1.07485039864411e-10,4.72306845515198e-09,"Ab_vs_Mz","Mz higher"
"si:ch1073-390k14.1",154.774627070824,-7.02627774101919,1.16525838401811,1.0798749509068e-10,4.72306845515198e-09,"Ab_vs_Mz","Mz higher"
"itpka",160.772072229719,-12.6166368435636,3.51827321119501,1.11581327321737e-10,4.84916812940261e-09,"Ab_vs_Mz","Mz higher"
"ruvbl1",173.054340258617,-12.8800453516294,3.56995882240993,1.17046734401946e-10,5.05449284066126e-09,"Ab_vs_Mz","Mz higher"
"cnn1b",130.786129917666,-12.6988280645626,3.53809679541183,1.22414930304931e-10,5.25306333000344e-09,"Ab_vs_Mz","Mz higher"
"rbp4l",253.647686572023,-6.09099053641936,1.00016616935472,1.34810525638727e-10,5.74882635270647e-09,"Ab_vs_Mz","Mz higher"
"ccdc149b",162.927892675373,-13.0087331425358,3.61341722880167,1.38346596675957e-10,5.86297409391339e-09,"Ab_vs_Mz","Mz higher"
"nvl",988.530940565437,-8.44920789425496,1.42255194289709,1.51525991743203e-10,6.38186322014736e-09,"Ab_vs_Mz","Mz higher"
"clpp",169.838453010302,-12.2522154465256,3.4500347542359,1.54105886447531e-10,6.4089743155358e-09,"Ab_vs_Mz","Mz higher"
"myot",123.706131022479,12.0345564583456,3.04754742640038,1.55926972941366e-10,6.4089743155358e-09,"Ab_vs_Mz","Ab higher"
"TMEM179",132.762999964309,8.47998178579911,1.41762871610651,1.55400745221872e-10,6.4089743155358e-09,"Ab_vs_Mz","Ab higher"
"ttc3",167.26098339911,7.30559021638678,1.22585661407905,1.5536987988366e-10,6.4089743155358e-09,"Ab_vs_Mz","Ab higher"
"ogal",233.957423473987,-13.5318514956293,3.73385017819685,1.62082770295423e-10,6.62210024985433e-09,"Ab_vs_Mz","Mz higher"
"UBE2K",152.18508256141,-11.1064731711763,3.18655734145157,1.65848297310356e-10,6.73561269374142e-09,"Ab_vs_Mz","Mz higher"
"slc10a1",273.582641343774,9.91349400760177,1.64771644142102,1.80907661862648e-10,7.3037454253778e-09,"Ab_vs_Mz","Ab higher"
"adat3",97.5092003727485,8.45829118133225,1.41170045414984,2.0326187391998e-10,8.15797509268248e-09,"Ab_vs_Mz","Ab higher"
"anp32a",1042.36924553794,6.9432944139024,1.18727045069829,2.08244312368568e-10,8.30906984380548e-09,"Ab_vs_Mz","Ab higher"
"coro2ba",399.648468435968,-6.9244493614453,1.18732341217415,2.14988420528096e-10,8.52829065850698e-09,"Ab_vs_Mz","Mz higher"
"pold2",2154.00963325771,9.70761922772105,1.63959537468199,2.17459718508715e-10,8.57646045887262e-09,"Ab_vs_Mz","Ab higher"
"hes6",193.534523574188,10.9394780885568,1.75431882686108,2.41604778747362e-10,9.47396209996122e-09,"Ab_vs_Mz","Ab higher"
"rnf115",120.592248198351,-11.861339701595,3.3830525891913,2.55910195911856e-10,9.9775729526091e-09,"Ab_vs_Mz","Mz higher"
"rcor2",182.530280445989,7.66226870152303,1.31482673996084,2.63769000311561e-10,1.02255448245783e-08,"Ab_vs_Mz","Ab higher"
"capn3b",108.00211342968,11.3982325495438,2.96252370169914,3.1380228397369e-10,1.20964575341948e-08,"Ab_vs_Mz","Ab higher"
"cd9a",111.510310153407,6.42270705156906,1.10566325756333,3.23203522211572e-10,1.2388863101402e-08,"Ab_vs_Mz","Ab higher"
"cmc2",119.348090890242,7.82172376465856,1.310115099969,3.30837748995891e-10,1.26106478290445e-08,"Ab_vs_Mz","Ab higher"
"sestd1",142.75474206318,-11.9174596115721,3.40707569199639,3.34932324605954e-10,1.26957958377024e-08,"Ab_vs_Mz","Mz higher"
"ube2al",120.667706709732,-12.4609288773015,3.53660831682277,3.82695914007217e-10,1.44261559186256e-08,"Ab_vs_Mz","Mz higher"
"cldn15lb",364.470988275801,-11.8146253762093,3.38888488024552,3.87563080548303e-10,1.45293565856103e-08,"Ab_vs_Mz","Mz higher"
"mphosph10",375.92832497572,-12.0064809654862,3.43708579178104,4.20895339046801e-10,1.56927262203078e-08,"Ab_vs_Mz","Mz higher"
"lhfpl5b",331.637692346341,13.9959517081126,3.53897235208753,4.41040234859373e-10,1.6354443056769e-08,"Ab_vs_Mz","Ab higher"
"gtf2f1",76.0590943696748,-11.7189731858025,3.37510958369448,4.46365076681471e-10,1.64624265848523e-08,"Ab_vs_Mz","Mz higher"
"dffb",453.977409743713,-12.1796265224138,3.47871690115797,4.49214118159492e-10,1.64784297215173e-08,"Ab_vs_Mz","Mz higher"
"prmt9",158.089138808575,-12.4125792814348,3.53330110694626,4.53895776619217e-10,1.65611277212456e-08,"Ab_vs_Mz","Mz higher"
"alkbh7",118.27047306828,-12.5117133863367,3.55754371778946,4.6574977194243e-10,1.68612160332413e-08,"Ab_vs_Mz","Mz higher"
"PSTK",64.8161738001248,-11.4281119737413,3.30910196449036,4.67062850693626e-10,1.68612160332413e-08,"Ab_vs_Mz","Mz higher"
"armc5",322.252055844278,8.22253285234195,1.4119511406488,5.27345691941507e-10,1.89372613479837e-08,"Ab_vs_Mz","Ab higher"
"uprt",252.516098194231,-12.2131513134667,3.49933913531159,5.3572624603672e-10,1.9037813420357e-08,"Ab_vs_Mz","Mz higher"
"dtnbp1b",122.02120964858,8.74490768667028,1.50575010602293,5.35486844398217e-10,1.9037813420357e-08,"Ab_vs_Mz","Ab higher"
"ppp2r3c",318.876061722669,11.762302792547,3.03618268953032,5.57546491193795e-10,1.97105684425661e-08,"Ab_vs_Mz","Ab higher"
"mus81",380.839508408729,-6.37689813696574,1.10757674935993,5.62844537757546e-10,1.9795300418143e-08,"Ab_vs_Mz","Mz higher"
"ctps1a",399.380538089178,-5.79476766472159,0.997494688124475,5.78757166329355e-10,2.02505648505907e-08,"Ab_vs_Mz","Mz higher"
"stx17",597.525371883504,-6.4567001684178,1.11819467498646,6.08061243944794e-10,2.11673564665068e-08,"Ab_vs_Mz","Mz higher"
"ndufaf2",228.291885475629,-6.08974597787832,1.0571704480493,6.60695897397396e-10,2.28828837966621e-08,"Ab_vs_Mz","Mz higher"
"slc25a44a",150.653098561461,-11.345934481368,3.30689778707539,7.06247138418163e-10,2.43369910375107e-08,"Ab_vs_Mz","Mz higher"
"actr8",194.525668622583,8.92994177517389,1.56623866237306,7.19155004322693e-10,2.46572592688127e-08,"Ab_vs_Mz","Ab higher"
"thbs4a",233.447679559122,-12.6054710183839,3.61194546026154,7.74728035216121e-10,2.6429846921398e-08,"Ab_vs_Mz","Mz higher"
"trmt61a",645.409754813658,12.5883209967036,2.14294407335844,7.94930252085272e-10,2.6850540148405e-08,"Ab_vs_Mz","Ab higher"
"gtf3ab",106.126238432105,12.3422524452395,3.29119662362105,7.94506218056855e-10,2.6850540148405e-08,"Ab_vs_Mz","Ab higher"
"si:dkey-69o16.5",393.362156304657,10.9820651337752,1.89277727142289,8.00179716281344e-10,2.68947103654562e-08,"Ab_vs_Mz","Ab higher"
"gba",197.924274420435,8.27020908118367,1.4577723663532,8.38831355752986e-10,2.80556193152089e-08,"Ab_vs_Mz","Ab higher"
"lgi1a",76.3979527693679,-11.8335022226469,3.43678247867761,9.74732159430274e-10,3.2284453998994e-08,"Ab_vs_Mz","Mz higher"
"micu2",257.090127061714,9.74467245706792,1.59537269296858,9.70202042292607e-10,3.2284453998994e-08,"Ab_vs_Mz","Ab higher"
"psmc3ip",166.799087914999,-6.77742705645727,1.18791410948436,9.98139653599803e-10,3.29000331232437e-08,"Ab_vs_Mz","Mz higher"
"arl2",318.353434669352,-12.4645513067149,3.58941447402369,1.14051122700815e-09,3.7326945994184e-08,"Ab_vs_Mz","Mz higher"
"arhgef16",411.039064287243,-6.69664873872389,1.19542823358195,1.14338732416598e-09,3.7326945994184e-08,"Ab_vs_Mz","Mz higher"
"gdpd5b",85.8101230208894,-11.921849489509,3.46552932478441,1.16834451806086e-09,3.79600697463299e-08,"Ab_vs_Mz","Mz higher"
"cab39l",51.6361501988546,-11.224577360205,3.30271318554428,1.19813521819872e-09,3.87434909657339e-08,"Ab_vs_Mz","Mz higher"
"snx30",316.511396510535,13.8791275727497,3.56721118900612,1.22102036532104e-09,3.92972733612521e-08,"Ab_vs_Mz","Ab higher"
"atg5",116.561495095478,-8.42270155193763,1.5240702930102,1.2395755504323e-09,3.97071548384957e-08,"Ab_vs_Mz","Mz higher"
"tspo",551.388274812487,8.60900910734127,1.52084177314045,1.26048016664544e-09,4.01881129767376e-08,"Ab_vs_Mz","Ab higher"
"lrrc51",362.10347618086,11.8592860912362,2.02759317820065,1.29572070652056e-09,4.11195459562317e-08,"Ab_vs_Mz","Ab higher"
"banf1",118.604414678306,-12.1228725189675,3.52076062023688,1.49381676799233e-09,4.69691788387636e-08,"Ab_vs_Mz","Mz higher"
"naa38",258.378518609042,-12.0879597024338,3.52791375755725,1.48836526587605e-09,4.69691788387636e-08,"Ab_vs_Mz","Mz higher"
"psma6a",367.830866437404,8.68128733593958,1.57100820772886,1.52867317621819e-09,4.78446655107188e-08,"Ab_vs_Mz","Ab higher"
"si:ch211-196h16.12",123.603234696835,-12.5042620433666,3.61075072118448,1.61037824522384e-09,5.01717386628414e-08,"Ab_vs_Mz","Mz higher"
"txndc5",136.549043508895,-12.3190319915547,3.57358676935254,1.69638334232339e-09,5.26110161121476e-08,"Ab_vs_Mz","Mz higher"
"gemin5",109.633962142525,-11.8567362031527,3.47453899898209,1.73338714644757e-09,5.35153868787864e-08,"Ab_vs_Mz","Mz higher"
"ddr1",296.042757136749,-7.20864351539518,1.30136470747677,1.75323457469955e-09,5.3884322086374e-08,"Ab_vs_Mz","Mz higher"
"hdhd3",179.001721650099,-12.1621738404826,3.55424371875648,1.89147287784359e-09,5.78722845090889e-08,"Ab_vs_Mz","Mz higher"
"tpi1a",605.269963194771,8.95632232328841,1.62613621515115,1.93383163740776e-09,5.89041663483622e-08,"Ab_vs_Mz","Ab higher"
"tmem266",93.8276479211777,8.9264389664942,1.571205863434,2.16101565405778e-09,6.553159914505e-08,"Ab_vs_Mz","Ab higher"
"ndufaf3",1806.35258977788,6.76001414649398,1.24516613953558,2.17673041519881e-09,6.57160691278826e-08,"Ab_vs_Mz","Ab higher"
"chpt1",95.1920206249153,-10.5538962134882,3.16946019245408,2.25424681455275e-09,6.77565022717772e-08,"Ab_vs_Mz","Mz higher"
"dpp9",86.6098873343124,-11.9451037733002,3.50532477455793,2.28641587951015e-09,6.84219980083236e-08,"Ab_vs_Mz","Mz higher"
"churc1",66.1939867499967,7.40302354595619,1.33452053079205,2.35804271657802e-09,7.0257316398305e-08,"Ab_vs_Mz","Ab higher"
"atp7a",169.697561499514,-11.733377203556,3.4568498341448,2.41644925353846e-09,7.15798514250519e-08,"Ab_vs_Mz","Mz higher"
"snx9b",201.967143394605,6.12989883191637,1.1240176682103,2.42341282122043e-09,7.15798514250519e-08,"Ab_vs_Mz","Ab higher"
"dph7",402.730122606952,7.76070689292504,1.41414199659952,2.49426605911761e-09,7.33550746610322e-08,"Ab_vs_Mz","Ab higher"
"ak5",165.060459062448,7.34342350393193,1.3434372769039,2.5907523234748e-09,7.58656785539423e-08,"Ab_vs_Mz","Ab higher"
"zbtb3",79.8793589018884,-11.0575801969996,3.30345170501381,2.63775399438832e-09,7.69119465970577e-08,"Ab_vs_Mz","Mz higher"
"ECHDC1",64.6599796687618,8.39887041005302,1.4857692271779,2.83608604759189e-09,8.23430429902957e-08,"Ab_vs_Mz","Ab higher"
"snx24",80.7581682828888,-11.2366377008642,3.34318342151839,2.92450721431708e-09,8.41937245708247e-08,"Ab_vs_Mz","Mz higher"
"b9d1",164.255534404209,7.98574783689122,1.45802095916218,2.91335872743036e-09,8.41937245708247e-08,"Ab_vs_Mz","Ab higher"
"pebp1",215.037602510069,7.23795248083934,1.33435832981981,3.05267857690191e-09,8.7514394664713e-08,"Ab_vs_Mz","Ab higher"
"si:ch211-114c17.1",173.273891291777,9.65433756368015,1.76247023828855,3.20427827580542e-09,9.14761116143113e-08,"Ab_vs_Mz","Ab higher"
"slc22a6l",126.07530361661,9.326821044664,1.67764909885787,3.38657250760894e-09,9.62774342475659e-08,"Ab_vs_Mz","Ab higher"
"faf2",98.3655456216973,5.41017794512333,0.995842532424333,3.42748510586097e-09,9.70362277065949e-08,"Ab_vs_Mz","Ab higher"
"eya2",166.53521358849,9.61002032755514,1.75691952141085,3.46321074594619e-09,9.76425079321936e-08,"Ab_vs_Mz","Ab higher"
"atp5mf",234.764377061542,6.16891376804465,1.15446085832039,3.70847400296695e-09,1.04127235070961e-07,"Ab_vs_Mz","Ab higher"
"wdr53",421.813936904256,-5.95019650848491,1.09084717209053,3.80287905429625e-09,1.06340343391243e-07,"Ab_vs_Mz","Mz higher"
"nucb2a",316.34102683073,-5.70967754294521,1.03557717872179,3.82579130081433e-09,1.06544383859005e-07,"Ab_vs_Mz","Mz higher"
"exosc8",61.0022236362137,-10.998123283405,3.30595848751608,3.88232804714388e-09,1.07679366933588e-07,"Ab_vs_Mz","Mz higher"
"slc26a5",214.323172889245,-5.73360173675676,1.05608074919292,3.93334622224016e-09,1.08652717709897e-07,"Ab_vs_Mz","Mz higher"
"micos13",253.45603622766,-10.9001829722474,3.28255425032232,4.22248481174181e-09,1.16169410768203e-07,"Ab_vs_Mz","Mz higher"
"mapk8ip3",139.397904588071,-5.64966674420388,1.04766417783429,4.36796710509861e-09,1.19689315494329e-07,"Ab_vs_Mz","Mz higher"
"aifm3",70.8963713302859,11.6664982548935,3.23637813353729,4.40991987544767e-09,1.20355533240718e-07,"Ab_vs_Mz","Ab higher"
"thoc6",297.519400112297,-5.38772923366562,1.00831211099055,4.58826164931841e-09,1.24723941168524e-07,"Ab_vs_Mz","Mz higher"
"ap2s1",248.041170866551,-6.17757714142664,1.14681016950175,4.61790259127741e-09,1.25031545159864e-07,"Ab_vs_Mz","Mz higher"
"smarcad1a",142.96194449548,-12.5489011699779,3.68997224764302,4.6408510185037e-09,1.25156231222335e-07,"Ab_vs_Mz","Mz higher"
"ilf2",187.2418605894,5.69078359048427,1.0587419132462,4.79201951097873e-09,1.28724209147275e-07,"Ab_vs_Mz","Ab higher"
"sulf1",66.6427649983945,-11.4907689154392,3.43960912347528,5.12488223396603e-09,1.3712577051902e-07,"Ab_vs_Mz","Mz higher"
"mapk9",215.394072945308,-6.50122631934575,1.20081744839954,5.15501576330822e-09,1.37393252160359e-07,"Ab_vs_Mz","Mz higher"
"rdh1",99.3247196334117,-11.5759361002052,3.45997377915131,5.22523962038121e-09,1.38722995836035e-07,"Ab_vs_Mz","Mz higher"
"klhl15",49.7235403878832,7.99565094972504,1.43793509935242,5.28152129886701e-09,1.39673720240968e-07,"Ab_vs_Mz","Ab higher"
"lzts2b",75.3052147168602,6.44794780042201,1.20941895111979,5.52986004238909e-09,1.45676583278845e-07,"Ab_vs_Mz","Ab higher"
"slc2a12",154.911006337153,-10.8808514111125,3.29490777040857,5.79713920620162e-09,1.52130310784283e-07,"Ab_vs_Mz","Mz higher"
"spopla",154.338610562337,6.34569418059077,1.20445233408955,6.15961014415953e-09,1.61023065186209e-07,"Ab_vs_Mz","Ab higher"
"taf11",103.710107897738,-11.070358758773,3.34648366668138,6.28264777213732e-09,1.63612617363713e-07,"Ab_vs_Mz","Mz higher"
"ugdh",160.51875764866,-12.7754444802872,3.76483285282385,6.3813709739362e-09,1.65551688802915e-07,"Ab_vs_Mz","Mz higher"
"RHBDF2",188.911208377171,-12.991323678265,3.82053229341863,6.63728043185576e-09,1.71538501464211e-07,"Ab_vs_Mz","Mz higher"
"pcnp",45.9020483051117,-10.7134280686598,3.26167646413602,6.81533967826789e-09,1.75323804128213e-07,"Ab_vs_Mz","Mz higher"
"boc",96.0185282621443,7.40376319613925,1.39384633636519,6.83513584905534e-09,1.75323804128213e-07,"Ab_vs_Mz","Ab higher"
"slc25a55b",310.391259024082,11.5341326556055,2.0942141496844,7.17529637280185e-09,1.83359727159652e-07,"Ab_vs_Mz","Ab higher"
"abitram",207.50291862216,-6.50727912562772,1.2521372493574,7.3000246607324e-09,1.85290083458382e-07,"Ab_vs_Mz","Mz higher"
"appl2",267.080798109267,-5.91905787378458,1.13111498714141,7.30514912066610e-09,1.85290083458382e-07,"Ab_vs_Mz","Mz higher"
"ecsit",72.6884640931539,7.75560649395867,1.39740770011258,8.50932766676237e-09,2.15033861741925e-07,"Ab_vs_Mz","Ab higher"
"apoda.2",103.525358649436,9.93236184959777,1.79489101654822,8.87877866878396e-09,2.23542091723664e-07,"Ab_vs_Mz","Ab higher"
"zgc:85843",2088.08644847172,13.15207674014,2.53086904974875,9.78856499038593e-09,2.45200969166988e-07,"Ab_vs_Mz","Ab higher"
"pkd2l1",84.3287029135923,-10.1872476125307,3.14755730037604,9.81091375972265e-09,2.45200969166988e-07,"Ab_vs_Mz","Mz higher"
"ppp1r9a",63.3417269070333,6.41038953476505,1.22059691659464,1.00772371547522e-08,2.5086805724445e-07,"Ab_vs_Mz","Ab higher"
"exosc6",137.095345767119,5.53711960481402,1.05593152112782,1.01111997277186e-08,2.5086805724445e-07,"Ab_vs_Mz","Ab higher"
"wdr48b",752.602854488426,-5.89053171395891,1.1441484030057,1.01885086285256e-08,2.51870269465328e-07,"Ab_vs_Mz","Mz higher"
"m6pr",85.6343353032065,6.70436692647925,1.28043659376845,1.0280190620954e-08,2.53219280168842e-07,"Ab_vs_Mz","Ab higher"
"hif1an",89.1557478194351,11.0164550036224,3.0060936770744,1.03259048159589e-08,2.53430390501033e-07,"Ab_vs_Mz","Ab higher"
"rrm1",190.54114014165,-12.9916697681629,3.85222414599515,1.04470280961082e-08,2.5548413154031e-07,"Ab_vs_Mz","Mz higher"
"srpx2",163.736084632288,-12.2700216865677,3.67285418834302,1.0529300395063e-08,2.56576487841124e-07,"Ab_vs_Mz","Mz higher"
"nr5a5",97.8715088672205,12.3252914424821,3.55700529384058,1.11709900752026e-08,2.70282501003926e-07,"Ab_vs_Mz","Ab higher"
"bokb",81.4584662950469,-11.8070990239517,3.56649737167837,1.11340060888198e-08,2.70282501003926e-07,"Ab_vs_Mz","Mz higher"
"lpin2",137.169286799431,7.84062286152463,1.47277537452707,1.17915541879687e-08,2.84288954856928e-07,"Ab_vs_Mz","Ab higher"
"gpr143",89.9821569127103,-11.7837463599894,3.56332517709382,1.2078518929795e-08,2.89163981256109e-07,"Ab_vs_Mz","Mz higher"
"mipa",102.232078051231,11.1935834612839,3.13373605789531,1.20473983107529e-08,2.89163981256109e-07,"Ab_vs_Mz","Ab higher"
"prmt2",83.9301120620993,-11.8254616841939,3.57717960476208,1.24289456942647e-08,2.96512924727161e-07,"Ab_vs_Mz","Mz higher"
"gcna",91.6118893742191,12.0313949419155,3.38895387628534,1.29641667767362e-08,3.08203867308957e-07,"Ab_vs_Mz","Ab higher"
"trim23",56.5741935861798,-9.96358257996547,3.10596022433307,1.31864578294102e-08,3.12400006146062e-07,"Ab_vs_Mz","Mz higher"
"cap1",451.742121023157,-5.78927450287184,1.11827032463433,1.39601653293173e-08,3.29585494954782e-07,"Ab_vs_Mz","Mz higher"
"ssr3",61.5087003875289,-11.1977717891868,3.42426146102787,1.41035736039211e-08,3.31823043791564e-07,"Ab_vs_Mz","Mz higher"
"fmnl2a",59.8863241176292,-11.19407783237,3.42738925291351,1.55071934314668e-08,3.63593061109616e-07,"Ab_vs_Mz","Mz higher"
"tp63",88.9828246054646,10.0673501982735,2.89209534801467,1.58491245485952e-08,3.70337591763921e-07,"Ab_vs_Mz","Ab higher"
"zdhhc8b",169.631153815826,8.71753776888484,1.69858532705151,1.6151091277019e-08,3.76105446358704e-07,"Ab_vs_Mz","Ab higher"
"HNRNPUL1",123.941685375111,-3.735100059951,0.719267156992381,1.6383865103277e-08,3.8022827074714e-07,"Ab_vs_Mz","Mz higher"
"abcb7",58.190483763614,6.12637008902566,1.18541374942414,1.65996135772482e-08,3.83929367584964e-07,"Ab_vs_Mz","Ab higher"
"p2rx5",509.059042866806,-6.22902844395309,1.21203274208072,1.69041053453729e-08,3.89651049903647e-07,"Ab_vs_Mz","Mz higher"
"tmie",55.3692482277244,11.0613311018503,3.15944136468556,1.71317625788692e-08,3.93569077695707e-07,"Ab_vs_Mz","Ab higher"
"s100t",140.182950632403,8.85040115943546,1.71716313122111,1.76299496142821e-08,4.03654853081364e-07,"Ab_vs_Mz","Ab higher"
"comp",155.452877628414,9.62782151662848,1.830667071549,1.79864330388374e-08,4.10439573993268e-07,"Ab_vs_Mz","Ab higher"
"nelfcd",130.764697025144,-12.4005959988283,3.75040360872272,1.89253237715606e-08,4.3042494697786e-07,"Ab_vs_Mz","Mz higher"
"ddx20",79.0701427646506,8.67347381222022,1.63640099221893,1.95478206801747e-08,4.43105583059243e-07,"Ab_vs_Mz","Ab higher"
"abcf1",401.303861913049,-4.52669647908226,0.883347990211718,2.02749986627263e-08,4.5806727111186e-07,"Ab_vs_Mz","Mz higher"
"aip",116.578947854439,-5.15426762529588,1.00378641193452,2.05676080435365e-08,4.63144520399504e-07,"Ab_vs_Mz","Mz higher"
"tecrl2a",305.119308371786,-11.7988947006369,3.60039183590988,2.08161083421363e-08,4.67198379007881e-07,"Ab_vs_Mz","Mz higher"
"ss18l2",162.552628254564,8.80221181219983,1.70388302188679,2.14249944284998e-08,4.79287662248047e-07,"Ab_vs_Mz","Ab higher"
"usp11",162.968857543461,-5.85530516083081,1.15609528559887,2.18354390428201e-08,4.8686223857953e-07,"Ab_vs_Mz","Mz higher"
"ada",504.455412332877,-5.68651040463147,1.11323494899706,2.19063032747934e-08,4.8686223857953e-07,"Ab_vs_Mz","Mz higher"
"slc45a1",133.212178033244,10.3662740330432,1.93400003669266,2.20546929028074e-08,4.87026599318662e-07,"Ab_vs_Mz","Ab higher"
"crtac1a",100.645331236575,-6.43188450984018,1.29093455374053,2.20564589168205e-08,4.87026599318662e-07,"Ab_vs_Mz","Mz higher"
"skiv2l",32.4688564874226,-10.3462651889178,3.23325101723705,2.2593243037268e-08,4.95671052229195e-07,"Ab_vs_Mz","Mz higher"
"mrps36",360.844153734513,-4.83481153756713,0.940352810147964,2.2547801224891e-08,4.95671052229195e-07,"Ab_vs_Mz","Mz higher"
"SPATA1",351.812654882492,10.545108827242,2.94477954561434,2.32193260481603e-08,5.07773915469865e-07,"Ab_vs_Mz","Ab higher"
"dcdc2b",129.259637688515,9.26918629472506,1.71904136810936,2.34073144674424e-08,5.10249541889327e-07,"Ab_vs_Mz","Ab higher"
"RSBN1L",91.6671651721708,-5.19763956556968,1.01300497950122,2.35052289818666e-08,5.1075215714419e-07,"Ab_vs_Mz","Mz higher"
"rad51d",157.233183730782,-10.3762911059095,3.24530128174361,2.39016360963678e-08,5.17717025668309e-07,"Ab_vs_Mz","Mz higher"
"wdr47a",186.619445646673,-6.79515829499502,1.35802627100078,2.44691299727369e-08,5.28331879126532e-07,"Ab_vs_Mz","Mz higher"
"rasgef1bb",73.5787019382156,-11.5783703543911,3.56336364471475,2.57536012212334e-08,5.54311738588252e-07,"Ab_vs_Mz","Mz higher"
"PCBP2",227.43046938931,-5.96576446432151,1.169877040682,2.60512191085938e-08,5.55824720395747e-07,"Ab_vs_Mz","Mz higher"
"ecrg4a",229.522728826494,-5.38461745831157,1.04892858164106,2.60643376195744e-08,5.55824720395747e-07,"Ab_vs_Mz","Mz higher"
"nubp2",1429.76616310639,5.1456390554214,1.01227057928456,2.60682852889695e-08,5.55824720395747e-07,"Ab_vs_Mz","Ab higher"
"gria3a",105.154831535643,9.94996754522649,1.86431464070338,2.70081149234198e-08,5.7406968262459e-07,"Ab_vs_Mz","Ab higher"
"ppcs",83.4343438347632,-9.82926981089109,3.10741771976625,2.72010799293696e-08,5.76375678130712e-07,"Ab_vs_Mz","Mz higher"
"SNX14",133.296521305981,-11.9899729581856,3.67462485394651,2.83279063717395e-08,5.98394133666807e-07,"Ab_vs_Mz","Mz higher"
"EIF5AL1",128.339332867561,-11.0209605392877,3.42491179152391,2.84669456676049e-08,5.99475216944654e-07,"Ab_vs_Mz","Mz higher"
"padi2",66.5868058270583,-10.3846584822435,3.26015303114407,2.89920107951698e-08,6.08653814324441e-07,"Ab_vs_Mz","Mz higher"
"ZBTB21",137.079680886592,-10.7570831284956,3.36148650014869,3.07174756630303e-08,6.4289980505784e-07,"Ab_vs_Mz","Mz higher"
"chia.4",181.199937424125,10.2849793802613,2.92399647446132,3.19639040080646e-08,6.66941030724846e-07,"Ab_vs_Mz","Ab higher"
"armc2",75.6719204631966,7.95705147771392,1.57671697104498,3.22221864289072e-08,6.70280420745225e-07,"Ab_vs_Mz","Ab higher"
"pgap6",169.768836582483,6.92769067783162,1.38860823375808,3.28816602411361e-08,6.81919659043378e-07,"Ab_vs_Mz","Ab higher"
"RS1",143.181465225305,6.58357277095573,1.33446325204206,3.53152782049404e-08,7.30170130885784e-07,"Ab_vs_Mz","Ab higher"
"ddx56",229.78201143007,-13.1645619520214,3.99985042858295,3.7060800681716e-08,7.63945145170236e-07,"Ab_vs_Mz","Mz higher"
"ccng2",50.9351160647893,-4.62257338801836,0.924503749495497,3.72662596582343e-08,7.65866535084737e-07,"Ab_vs_Mz","Mz higher"
"fhl2b",91.9950835769397,-11.6256042819145,3.59859101047776,3.76899280149848e-08,7.72247383922646e-07,"Ab_vs_Mz","Mz higher"
"sltm",105.569668050033,5.46928077235306,1.09784787761224,3.78841970353636e-08,7.7390382147391e-07,"Ab_vs_Mz","Ab higher"
"hltf",860.710919270215,-6.44035108062678,1.29865636136651,3.82909430444226e-08,7.79877923558493e-07,"Ab_vs_Mz","Mz higher"
"pdia6",80.2801819255876,-10.2681250779586,3.24513761623829,3.84409720477612e-08,7.80603429410342e-07,"Ab_vs_Mz","Mz higher"
"gng3",283.832701312194,-6.34011700867131,1.27897468629844,3.88988579296952e-08,7.87557589478667e-07,"Ab_vs_Mz","Mz higher"
"pmpca",68.3690444091804,6.39495027640852,1.29161051531688,3.91100637741508e-08,7.89491021097724e-07,"Ab_vs_Mz","Ab higher"
"card19",66.5971119163563,-11.3760531129285,3.54425686861303,4.02429074984058e-08,8.0996270755641e-07,"Ab_vs_Mz","Mz higher"
"psme3ip1",135.775232671144,-4.45949558056307,0.902720099045568,4.13164435308575e-08,8.2912380650306e-07,"Ab_vs_Mz","Mz higher"
"casd1",570.250816705355,-5.00398767841838,1.01200248964772,4.24961673704265e-08,8.50297213983637e-07,"Ab_vs_Mz","Mz higher"
"rpl9",332.149145617583,-11.327412815597,3.53028740323021,4.26234661200188e-08,8.50350612096164e-07,"Ab_vs_Mz","Mz higher"
"intu",146.008124250174,-6.30936933135166,1.27685029369098,5.06174080767789e-08,1.00688797465849e-06,"Ab_vs_Mz","Mz higher"
"mtg1",79.5932943733927,8.24521815429824,1.63929694912068,5.22393623615804e-08,1.03613130637518e-06,"Ab_vs_Mz","Ab higher"
"zwilch",8234.15736212946,5.56101485448006,1.14891087397209,5.45592259440979e-08,1.07900753222197e-06,"Ab_vs_Mz","Ab higher"
"MAMDC2",68.8617927570074,-11.4206346996503,3.57999360045498,5.61070640900338e-08,1.10641184475809e-06,"Ab_vs_Mz","Mz higher"
"myl1",256.048897523925,-6.00348986728818,1.22397114198827,5.6450540899678e-08,1.10997706212825e-06,"Ab_vs_Mz","Mz higher"
"slc5a2",112.933928156989,9.12495383016407,1.81457203132314,5.94994230594459e-08,1.1665648377431e-06,"Ab_vs_Mz","Ab higher"
"zfyve1",100.242587079667,-5.72952640948292,1.17176111317468,6.519517174105e-08,1.27457494782001e-06,"Ab_vs_Mz","Mz higher"
"vrk3",109.364351228157,-12.0743861673485,3.76768216823699,6.67682486776991e-08,1.30159931636555e-06,"Ab_vs_Mz","Mz higher"
"nfkb1",150.787102625963,7.77369458858063,1.62347963825052,6.79887913594814e-08,1.32161687591379e-06,"Ab_vs_Mz","Ab higher"
"acsl2",166.860957957889,-5.80755696981175,1.19796130344423,6.85353180166862e-08,1.3284558943973e-06,"Ab_vs_Mz","Mz higher"
"tdrd6",66.8115094791775,-11.3967838332917,3.59189648551423,6.95441061316522e-08,1.34419103721321e-06,"Ab_vs_Mz","Mz higher"
"tacr3a",53.012509612458,-10.8741474085079,3.45103761194542,7.00328921092974e-08,1.34981475384671e-06,"Ab_vs_Mz","Mz higher"
"si:ch1073-335m2.2",117.578380926353,4.92383868150516,1.01707990138644,7.3841737550814e-08,1.41921739523719e-06,"Ab_vs_Mz","Ab higher"
"C6orf120",44.9256257382044,-10.6426527181635,3.39412037443534,7.53882110364562e-08,1.4448701233195e-06,"Ab_vs_Mz","Mz higher"
"VDAC2",808.017431359553,5.52960111935302,1.15830893181633,8.09529150263315e-08,1.5471757401251e-06,"Ab_vs_Mz","Ab higher"
"zgc:162989",63.9087760758472,9.22287169693072,1.78795057530054,8.15946357083323e-08,1.55075264467396e-06,"Ab_vs_Mz","Ab higher"
"n4bp3",156.158062657883,-4.99264470102444,1.05305297685591,8.15047561352172e-08,1.55075264467396e-06,"Ab_vs_Mz","Mz higher"
"wdr44",57.3352480841999,-5.2137514143503,1.07638831423117,8.24464655669482e-08,1.56258954045358e-06,"Ab_vs_Mz","Mz higher"
"GPR137B",56.301132177684,8.09846335327977,1.63202580171062,8.3326297722773e-08,1.57489010903734e-06,"Ab_vs_Mz","Ab higher"
"nudcd2",16513.0423270561,5.7006599436955,1.18238320946203,8.46451060938321e-08,1.59539657148679e-06,"Ab_vs_Mz","Ab higher"
"gnsb",83.206705264711,-5.3797965849683,1.11048239290501,8.7679222724594e-08,1.64803123044051e-06,"Ab_vs_Mz","Mz higher"
"otol1b",98.1536321802463,-11.8709147520905,3.74004624902261,8.96890709082398e-08,1.68117728243659e-06,"Ab_vs_Mz","Mz higher"
"zgc:101583",304.999086614002,8.34062393665334,1.60346718074879,9.13627741181032e-08,1.70785810358306e-06,"Ab_vs_Mz","Ab higher"
"fabp2",268.979337599125,-6.65061681290676,1.41006717168153,9.67256817189502e-08,1.8031675583836e-06,"Ab_vs_Mz","Mz higher"
"iars2",177.475038417915,-4.55837903865464,0.930787478331654,1.03488007703564e-07,1.92397459553519e-06,"Ab_vs_Mz","Mz higher"
"SHKBP1",33.9577000011446,6.39989281068267,1.32042365178173,1.08312546033219e-07,2.00819701517568e-06,"Ab_vs_Mz","Ab higher"
"timm23a",202.198670631813,5.31742962118263,1.11154938481346,1.09944626810194e-07,2.03293276077495e-06,"Ab_vs_Mz","Ab higher"
"gmnn",87.5951434222651,8.82574919349648,1.78521740090488,1.10301568966201e-07,2.03402055420646e-06,"Ab_vs_Mz","Ab higher"
"vps26c",110.806792237939,8.42620235331616,1.7783199762404,1.12097228742122e-07,2.06156170271564e-06,"Ab_vs_Mz","Ab higher"
"isoc2",113.25418310409,-9.98300274273272,3.24250042835386,1.13466091502876e-07,2.08112672667775e-06,"Ab_vs_Mz","Mz higher"
"ttyh1",129.482047608977,5.98437043043178,1.27042144179854,1.15873303959434e-07,2.11958057081828e-06,"Ab_vs_Mz","Ab higher"
"atp6v1d",256.952169898109,6.74419572136268,1.43337167429116,1.23266181712908e-07,2.24878384445768e-06,"Ab_vs_Mz","Ab higher"
"mrto4",82.5411194485143,5.75779057288728,1.21667116699599,1.24285244403345e-07,2.26132859350406e-06,"Ab_vs_Mz","Ab higher"
"lipf",154.013853914084,5.50457863667559,1.14580937397347,1.26386878173023e-07,2.29345124940036e-06,"Ab_vs_Mz","Ab higher"
"ntmt1",91.1291716358199,-6.35198486261093,1.3381539920194,1.35968832021908e-07,2.44945053161131e-06,"Ab_vs_Mz","Mz higher"
"rab3gap2",93.5302756922724,-6.31639592147383,1.33223877976626,1.36419639749714e-07,2.44945053161131e-06,"Ab_vs_Mz","Mz higher"
"glipr2l",113.610213300634,5.11552263684297,1.0848386945426,1.36377399254461e-07,2.44945053161131e-06,"Ab_vs_Mz","Ab higher"
"nckap1",108.68640260704,-4.53074515614174,0.95267894241822,1.35749352977455e-07,2.44945053161131e-06,"Ab_vs_Mz","Mz higher"
"cyp2n13",60.0058865037666,7.26422963535844,1.53926198194984,1.39376659567049e-07,2.49597624206292e-06,"Ab_vs_Mz","Ab higher"
"stum",221.600568888087,-11.0518512823373,3.55878937184589,1.435899871012e-07,2.56469759683636e-06,"Ab_vs_Mz","Mz higher"
"bbip1",225.96280054419,-5.85998884647281,1.25431386142475,1.46453950785615e-07,2.60902168723304e-06,"Ab_vs_Mz","Mz higher"
"zgc:154006",169.095110952536,-6.19858688140654,1.31834153144735,1.49614811619807e-07,2.65839025958839e-06,"Ab_vs_Mz","Mz higher"
"tax1bp1b",74.020753836765,-5.5409863114474,1.16077970720323,1.51577735035102e-07,2.68627243154416e-06,"Ab_vs_Mz","Mz higher"
"rgs5a",127.504786619355,-11.5026598958045,3.69008796649469,1.58420524778929e-07,2.80026746260786e-06,"Ab_vs_Mz","Mz higher"
"cyp3a65",72.8370963429232,-5.70249913046649,1.21948537225317,1.63048142913213e-07,2.8746188090358e-06,"Ab_vs_Mz","Mz higher"
"mrpl14",333.1818298714,-5.33910700118465,1.1401018828083,1.66292008571137e-07,2.92425354247646e-06,"Ab_vs_Mz","Mz higher"
"rbm45",61.4377157930395,8.17509338926717,1.70689970656197,1.68153161879498e-07,2.94938052314606e-06,"Ab_vs_Mz","Ab higher"
"cep72",486.517909899319,-4.86363107940166,1.05247287427725,1.68824178217642e-07,2.95355735379223e-06,"Ab_vs_Mz","Mz higher"
"si:ch211-243o19.4",108.054596859403,-5.53610458633711,1.21409561067676,1.70021771355424e-07,2.96690165206664e-06,"Ab_vs_Mz","Mz higher"
"drp2",244.723029057104,8.881033625263,1.90017373305568,1.76646705456809e-07,3.07464405951992e-06,"Ab_vs_Mz","Ab higher"
"hexa",173.369417468115,-10.6591032767687,3.46621280236943,1.77144515389619e-07,3.07546317685335e-06,"Ab_vs_Mz","Mz higher"
"si:ch211-203k16.3",107.23859818659,5.97809624162833,1.2862169257412,1.83879871903296e-07,3.18429534516798e-06,"Ab_vs_Mz","Ab higher"
"zgc:112334",124.914470155587,-12.1146204676425,3.87774138548341,1.84614173065154e-07,3.1889177286672e-06,"Ab_vs_Mz","Mz higher"
"fbxo32",59.6359179576947,5.0514919045895,1.09279691895565,1.86851730445743e-07,3.21941756775582e-06,"Ab_vs_Mz","Ab higher"
"nprl3",28.1018559271499,6.2317238132802,1.31069897254165,1.91874325868838e-07,3.29762852746368e-06,"Ab_vs_Mz","Ab higher"
"lonrf1l",180.048615039181,5.19080693632457,1.11624654529542,2.06324188990926e-07,3.53706015448514e-06,"Ab_vs_Mz","Ab higher"
"g6pc3",184.240101988138,5.89104464312989,1.26587523872316,2.14577524257951e-07,3.6693294436391e-06,"Ab_vs_Mz","Ab higher"
"plekhb2",26.688769213682,-9.74640288638121,3.22260441464134,2.29177257514225e-07,3.90919107004889e-06,"Ab_vs_Mz","Mz higher"
"nid2a",62.9166910989768,-5.61810058724242,1.22179928053834,2.30219249450635e-07,3.91717191770994e-06,"Ab_vs_Mz","Mz higher"
"tmem62",44.3551014194655,-10.7175763138677,3.51028642109574,2.32094653121585e-07,3.92948341997165e-06,"Ab_vs_Mz","Mz higher"
"gck",42.5513905281326,-9.96535130102092,3.2941706413111,2.3167831716408e-07,3.92948341997165e-06,"Ab_vs_Mz","Mz higher"
"slc46a1",37.5678096206872,-4.97568510541858,1.10634256806291,2.38102439127595e-07,4.02122015388015e-06,"Ab_vs_Mz","Mz higher"
"frs2b",198.118234088651,9.40995412062878,1.97186701739825,2.40992361958979e-07,4.05997749542251e-06,"Ab_vs_Mz","Ab higher"
"rpa2",41.307032209872,-10.3327701059649,3.40422875041231,2.48758339299245e-07,4.18048805181958e-06,"Ab_vs_Mz","Mz higher"
"ccdc181",47.8088429515358,7.73996246759633,1.64053516374816,2.53902085553166e-07,4.25644700179177e-06,"Ab_vs_Mz","Ab higher"
"ak3",48.0824044512848,-9.22102343725985,3.08405951405759,2.57536679589555e-07,4.30679599225375e-06,"Ab_vs_Mz","Mz higher"
"guk1a",38.9477373213824,6.33379329318922,1.37553229732614,2.63590622543145e-07,4.39725872276743e-06,"Ab_vs_Mz","Ab higher"
"cep19",45.6727216255805,7.19776077393146,1.55428794714429,2.64336211770863e-07,4.39894139734781e-06,"Ab_vs_Mz","Ab higher"
"mms22l",62.4633255440204,4.57038473352683,0.994714065139366,2.65770161293793e-07,4.41204333456825e-06,"Ab_vs_Mz","Ab higher"
"eif2b4",272.120718043012,-4.98343281457557,1.07926388021903,2.6845563234287e-07,4.44580771717331e-06,"Ab_vs_Mz","Mz higher"
"APCDD1",80.725212172348,9.48241610303235,1.96232216000683,2.69109089495268e-07,4.44583854146783e-06,"Ab_vs_Mz","Ab higher"
"tbpl1",38.1297308088221,-10.3264114829411,3.41095881873856,2.71652134497272e-07,4.47701090259634e-06,"Ab_vs_Mz","Mz higher"
"atp2a1l",512.093745768704,-5.4216279156974,1.19313054778547,2.76606388614742e-07,4.5476756373937e-06,"Ab_vs_Mz","Mz higher"
"mrpl17",63.9712309325358,8.95766262003574,1.86821139401836,2.78952083631698e-07,4.57521650629585e-06,"Ab_vs_Mz","Ab higher"
"zgc:158328",34.9548022779058,10.2540409465466,3.16431546617538,2.97458626324363e-07,4.86705085710103e-06,"Ab_vs_Mz","Ab higher"
"rsph9",184.860757847655,-5.69745367734597,1.26640120938546,3.14964520174221e-07,5.14115531375289e-06,"Ab_vs_Mz","Mz higher"
"lysmd1",120.750592987575,-7.29873004114348,1.62372430561943,3.15767125039823e-07,5.14195487863177e-06,"Ab_vs_Mz","Mz higher"
"fmnl3",55.2046249641845,10.9594849786347,3.34178778013386,3.24728826207285e-07,5.27529709812454e-06,"Ab_vs_Mz","Ab higher"
"gpr161",32.1498290069329,10.1726930953364,3.24356920960503,3.31059330252614e-07,5.365362969866e-06,"Ab_vs_Mz","Ab higher"
"rela",137.865428625913,5.48967169225776,1.22317040235176,3.3696989103969e-07,5.44821224304219e-06,"Ab_vs_Mz","Ab higher"
"megf6b",229.316188147217,-6.17185025779899,1.38047116149069,3.41261861756878e-07,5.50456189779475e-06,"Ab_vs_Mz","Mz higher"
"supt7l",199.785350828659,-9.99617896722871,3.34219237617079,3.5700145208297e-07,5.7448606310427e-06,"Ab_vs_Mz","Mz higher"
"sult3st1",347.330712706274,-6.47142196710412,1.4499327774472,3.65104768230035e-07,5.86143490266713e-06,"Ab_vs_Mz","Mz higher"
"aplp2",64.0449317356754,-8.64517005388722,2.93832968528179,3.67210629573839e-07,5.88140405066269e-06,"Ab_vs_Mz","Mz higher"
"invs",53.1822900283403,-10.9319532428717,3.61729055929625,3.74036715635073e-07,5.97670377231405e-06,"Ab_vs_Mz","Mz higher"
"brms1la",24.6817340207821,-9.68761492188531,3.25590542433658,3.89272904625938e-07,6.20562857070743e-06,"Ab_vs_Mz","Mz higher"
"atxn10",80.5319352937609,9.49284686337777,2.0048287494808,4.02419025805612e-07,6.4002447857149e-06,"Ab_vs_Mz","Ab higher"
"themis2",46.4859524051262,-10.7038757477223,3.56359085971461,4.28162618258529e-07,6.77808246955439e-06,"Ab_vs_Mz","Mz higher"
"ddx24",61.5540713014744,-9.23268636766453,3.12318545557207,4.27267350763821e-07,6.77808246955439e-06,"Ab_vs_Mz","Mz higher"
"ddit4",40.564240440725,-10.4640612640651,3.50030864145144,4.59776356157529e-07,7.26169925477505e-06,"Ab_vs_Mz","Mz higher"
"map6d1",45.4426855937375,6.44245023729437,1.44393931200122,4.92502486442393e-07,7.76061077366386e-06,"Ab_vs_Mz","Ab higher"
"lclat1",28.6643425677628,-9.99979745659622,3.37146518743595,4.97940430172812e-07,7.82822017297027e-06,"Ab_vs_Mz","Mz higher"
"itgbl1",174.13376318341,-5.14431763343643,1.14837827104862,5.22586704796905e-07,8.19680249845812e-06,"Ab_vs_Mz","Mz higher"
"dnajc3a",376.236818301375,-5.15355597949118,1.1570544238865,5.5872868249117e-07,8.74359128586526e-06,"Ab_vs_Mz","Mz higher"
"nudt1",64.0583414917959,-10.9195631682412,3.65667441172824,5.66426246456418e-07,8.82357598075831e-06,"Ab_vs_Mz","Mz higher"
"morn5",528.790931103826,7.58488291160752,1.72099030666751,5.65470305570121e-07,8.82357598075831e-06,"Ab_vs_Mz","Ab higher"
"pkig",97.1115806333774,8.0316840060515,1.8366713491813,5.6991689539116e-07,8.8577288775715e-06,"Ab_vs_Mz","Ab higher"
"SUCNR1",261.665134766735,7.05251384423127,1.59799221722059,5.73544803172162e-07,8.89385498191742e-06,"Ab_vs_Mz","Ab higher"
"phkg2",65.6870755743098,-9.22042834132921,3.15192661161585,5.92456512491254e-07,9.12490019125921e-06,"Ab_vs_Mz","Mz higher"
"MSMP",144.072345230239,6.41552182103586,1.44071992577511,5.89951613083399e-07,9.12490019125921e-06,"Ab_vs_Mz","Ab higher"
"fam113",222.652798007794,-3.88881296542692,0.878604704888381,5.91585688915957e-07,9.12490019125921e-06,"Ab_vs_Mz","Mz higher"
"sys1",54.0359147431667,8.01747894433516,2.54136043335576,5.94128962053348e-07,9.13004934254503e-06,"Ab_vs_Mz","Ab higher"
"psmb3",335.731812691529,5.25764605404009,1.21090017789832,6.1073510372465e-07,9.36414744429953e-06,"Ab_vs_Mz","Ab higher"
"sav1",88.3812211323587,-11.3642393284959,3.80414534923022,6.22406185681668e-07,9.52169821727808e-06,"Ab_vs_Mz","Mz higher"
"stk25b",61.2456439647325,5.81555652362765,1.3297092300143,6.31019027375986e-07,9.63186314046164e-06,"Ab_vs_Mz","Ab higher"
"si:dkey-44g23.5",44.3318101280183,6.46508946056999,1.42942222351377,6.58170884660191e-07,1.00238838081171e-05,"Ab_vs_Mz","Ab higher"
"exorh",49.5289823755917,7.39473932619804,1.64955084698104,6.63365423185119e-07,1.00804950610068e-05,"Ab_vs_Mz","Ab higher"
"gcc1",40.3784485294962,-10.4734054641907,3.54519050426785,6.82856207559883e-07,1.03536175648468e-05,"Ab_vs_Mz","Mz higher"
"arsa",197.161136256307,-12.6031213021177,4.1897690953113,6.95577293786608e-07,1.05231128060001e-05,"Ab_vs_Mz","Mz higher"
"FH",200.325640120887,-4.07607594157463,0.93916487132016,7.1074160985316e-07,1.07287389469648e-05,"Ab_vs_Mz","Mz higher"
"asb14a",29.3050977265758,-10.0286279847206,3.42043954053793,7.39452839001391e-07,1.11374982792638e-05,"Ab_vs_Mz","Mz higher"
"irf7",51.9248718126275,-10.813879365061,3.66251422241721,7.55060505292196e-07,1.13225886321069e-05,"Ab_vs_Mz","Mz higher"
"bag1",468.736147810587,-4.72815563945043,1.07043507741247,7.54717440056909e-07,1.13225886321069e-05,"Ab_vs_Mz","Mz higher"
"zfyve19",73.9717679911902,-9.3610735428403,3.21560686032987,7.67676979836773e-07,1.14865351610226e-05,"Ab_vs_Mz","Mz higher"
"tmem138",229.294602763021,-5.0684988294888,1.17884533817797,7.71980041655033e-07,1.15256451295674e-05,"Ab_vs_Mz","Mz higher"
"stau1",40.6990107985924,-8.28259890248738,2.88874649567777,7.99793819342894e-07,1.19148323785514e-05,"Ab_vs_Mz","Mz higher"
"nr1h5",137.593655380488,-4.23682231224904,0.960469252385412,8.14178818401498e-07,1.21027060521861e-05,"Ab_vs_Mz","Mz higher"
"agt",40.7303555616835,-4.80079707330963,1.11187039538458,8.18590813637176e-07,1.21418372205358e-05,"Ab_vs_Mz","Mz higher"
"PTCHD3",28.1745105904601,-9.96310220654668,3.41271913700989,8.21394876953991e-07,1.21570005324449e-05,"Ab_vs_Mz","Mz higher"
"tp53bp1",40.7878530995878,4.92001632221856,1.1393828583927,8.56045344989688e-07,1.26424185906161e-05,"Ab_vs_Mz","Ab higher"
"RAB19",99.8281121865474,5.08555127733712,1.17633511128066,8.57945486536368e-07,1.26431145888502e-05,"Ab_vs_Mz","Ab higher"
"nr2c2ap",48.7531901175366,-10.1249094585087,3.46639022872159,8.65124723100509e-07,1.27214353140405e-05,"Ab_vs_Mz","Mz higher"
"znf511",53.4492271069717,-10.8427260094914,3.68719522465779,8.7992791289256e-07,1.29112863433676e-05,"Ab_vs_Mz","Mz higher"
"proser1",17.6822061364529,-9.07280630514661,3.14407688823658,8.94757123748339e-07,1.31007035522209e-05,"Ab_vs_Mz","Mz higher"
"nmur3",565.688948458448,7.94364315799863,1.89542204703777,9.07787536983437e-07,1.32630286184968e-05,"Ab_vs_Mz","Ab higher"
"kl",45.8656760921499,8.51634447860139,1.86078176240251,1.00843702202429e-06,1.47020636779311e-05,"Ab_vs_Mz","Ab higher"
"si:dkey-98f17.5",66.7122756518129,-9.59092549062656,3.32024102403137,1.02987601151442e-06,1.49826098647396e-05,"Ab_vs_Mz","Mz higher"
"DISP3",54.2008781653865,6.75841015493377,1.60617046593364,1.04408473829369e-06,1.51570003603784e-05,"Ab_vs_Mz","Ab higher"
"si:ch211-175m2.5",143.532726968447,5.05729513836441,1.18997243486422,1.08231040691839e-06,1.56785645571214e-05,"Ab_vs_Mz","Ab higher"
"kbtbd3",172.105421101586,11.7468262863164,3.65315110086625,1.15161021163551e-06,1.66471111737057e-05,"Ab_vs_Mz","Ab higher"
"zgc:113425",82.9774835972144,9.52488729349947,2.12547833953821,1.15971278712855e-06,1.67287956587275e-05,"Ab_vs_Mz","Ab higher"
"ndufb7",188.633672960924,-6.18906212612178,1.47315246686264,1.19138286119817e-06,1.71493781897787e-05,"Ab_vs_Mz","Mz higher"
"foxn4",32.0021489566774,10.3563839700293,3.43902129616317,1.20852847267604e-06,1.73595574085655e-05,"Ab_vs_Mz","Ab higher"
"nipsnap3a",26.1231800772665,-9.14677760375436,3.19641050784516,1.21807929036922e-06,1.7459989491994e-05,"Ab_vs_Mz","Mz higher"
"eif2b1",64.0653414351458,-9.69842974163167,3.36403463838944,1.2262078299696e-06,1.75396562345547e-05,"Ab_vs_Mz","Mz higher"
"camk1a",41.6633723371311,8.41662244948647,1.87573198473837,1.24223982817238e-06,1.77318040745191e-05,"Ab_vs_Mz","Ab higher"
"spata22",45.851735626945,10.9392022276943,3.61524356482822,1.29515836582108e-06,1.84485710438355e-05,"Ab_vs_Mz","Ab higher"
"fth1b",28.3328101231886,-9.50040136871604,3.31561768814051,1.3199946771166e-06,1.87631743374303e-05,"Ab_vs_Mz","Mz higher"
"ppwd1",216.231535162511,-4.50881696263074,1.08071786122599,1.32551612107408e-06,1.88024875136973e-05,"Ab_vs_Mz","Mz higher"
"zgc:56622",185.946054529693,5.37600413657325,1.280635486675,1.33857946882052e-06,1.89483977505445e-05,"Ab_vs_Mz","Ab higher"
"ncf2",216.852689447284,-5.33130068517178,1.26054996801134,1.37127015039268e-06,1.93709652921931e-05,"Ab_vs_Mz","Mz higher"
"lrrk2",558.69943521946,-7.02626603509106,1.72354917152205,1.37412968089419e-06,1.93712537453328e-05,"Ab_vs_Mz","Mz higher"
"mrpl13",102.782264137463,-5.46990375802714,1.31169706125933,1.41536140731029e-06,1.991136264346e-05,"Ab_vs_Mz","Mz higher"
"AANAT",29.2438373391302,-9.90331884914988,3.45701571583252,1.45583863386986e-06,2.04386563763252e-05,"Ab_vs_Mz","Mz higher"
"ints14",365.531012594302,5.06685268045341,1.21939052761859,1.48434899606093e-06,2.07961256676051e-05,"Ab_vs_Mz","Ab higher"
"zgc:172182",1384.52548041108,6.32483489063661,1.53464389928497,1.5063293146105e-06,2.09581398163114e-05,"Ab_vs_Mz","Ab higher"
"uckl1b",35.1890781447509,5.76241624659076,1.36033418187499,1.4991642519368e-06,2.09581398163114e-05,"Ab_vs_Mz","Ab higher"
"zgc:158403",104.556145764195,-4.94916955639941,1.18395177895929,1.50355376870234e-06,2.09581398163114e-05,"Ab_vs_Mz","Mz higher"
"glb1l",51.3976160654746,-3.88142123760179,0.908505574435798,1.50819971417396e-06,2.09581398163114e-05,"Ab_vs_Mz","Mz higher"
"bdh1",45.0288351272643,5.28886786666981,1.26308464981498,1.5132856804484e-06,2.09860735725598e-05,"Ab_vs_Mz","Ab higher"
"NT5E",192.447693923234,-3.97543570207975,0.926933276034597,1.53634261407694e-06,2.12626078211905e-05,"Ab_vs_Mz","Mz higher"
"ergic1",86.3833853113563,6.25501793662989,1.5301077430963,1.54889737543223e-06,2.13929692157371e-05,"Ab_vs_Mz","Ab higher"
"chd4a",80.5367361987653,4.23536867157638,1.00045300106318,1.56084551504414e-06,2.15144423215074e-05,"Ab_vs_Mz","Ab higher"
"si:ch1073-280e3.1",116.532508692426,-4.91080296862299,1.1845267169142,1.60897034899745e-06,2.21330739742129e-05,"Ab_vs_Mz","Mz higher"
"cplx4a",68.0532365556562,-9.16612701931901,3.20666275869292,1.65199737853191e-06,2.26792316171493e-05,"Ab_vs_Mz","Mz higher"
"gatb",51.6179902538826,7.40090795516763,1.74299791608057,1.68797893849947e-06,2.30803212372382e-05,"Ab_vs_Mz","Ab higher"
"srpra",567.577862132543,-4.56567042584519,1.07628807838593,1.68484535857185e-06,2.30803212372382e-05,"Ab_vs_Mz","Mz higher"
"uhrf1bp1",128.04693709014,-5.19011267244002,1.24567405081075,1.69175071356114e-06,2.30856302372553e-05,"Ab_vs_Mz","Mz higher"
"henmt1",201.804288838803,-6.60751740894901,1.6193153869631,1.69697713597116e-06,2.31107285403817e-05,"Ab_vs_Mz","Mz higher"
"srprb",94.5245977367492,5.13828036203708,1.2148761913685,1.70886470549191e-06,2.32262627202616e-05,"Ab_vs_Mz","Ab higher"
"ankrd40",27.4455095873564,6.84696748173018,1.60598544876485,1.71821401266034e-06,2.33069069749135e-05,"Ab_vs_Mz","Ab higher"
"SHC3",28.8626125640411,-9.8947709332609,3.47498548052717,1.72941980582774e-06,2.34123637602434e-05,"Ab_vs_Mz","Mz higher"
"fbxl5",64.1405182180666,5.86916593444135,1.41017479972997,1.73653133323405e-06,2.34620857161504e-05,"Ab_vs_Mz","Ab higher"
"snx3",85.4080438640541,-4.46788508285146,1.06320713907311,1.75197973500899e-06,2.36240271382734e-05,"Ab_vs_Mz","Mz higher"
"dhrs12",113.884695762069,7.65351283601572,1.86649458715767,1.78673068247219e-06,2.40450955552421e-05,"Ab_vs_Mz","Ab higher"
"plekhd1",69.0146509128953,6.74681838952123,1.64282484232673,1.82459190504024e-06,2.44581347113744e-05,"Ab_vs_Mz","Ab higher"
"rbm34",2116.31412808772,-4.15327345940253,1.00466422698581,1.82456296779921e-06,2.44581347113744e-05,"Ab_vs_Mz","Mz higher"
"ptpn2b",66.3220702175659,5.85173307915887,1.4222166599019,1.8992334876462e-06,2.53833707517762e-05,"Ab_vs_Mz","Ab higher"
"FAR2",96.680096133277,-4.57244513898858,1.09954786658833,1.90105561397591e-06,2.53833707517762e-05,"Ab_vs_Mz","Mz higher"
"pard3ab",23.6274165702931,-9.52947200119698,3.37007238857347,1.93347426337462e-06,2.57658103496192e-05,"Ab_vs_Mz","Mz higher"
"flr",57.9343598832625,-9.38786403502754,3.32472289309095,1.9439146207955e-06,2.58544433873055e-05,"Ab_vs_Mz","Mz higher"
"tbl1x",269.251035196117,-6.47427813919368,1.60314074436498,1.94998947497437e-06,2.58847824664399e-05,"Ab_vs_Mz","Mz higher"
"ppil4",26.2015605524592,7.81256276292215,1.73413489324952,1.97230049953851e-06,2.61301093366044e-05,"Ab_vs_Mz","Ab higher"
"psen1",157.45296500739,-4.89625882343161,1.16909182062175,1.99058162519887e-06,2.63211985052944e-05,"Ab_vs_Mz","Mz higher"
"aldh1l1",50.0552552952127,-10.5943924087159,3.71872575681958,2.02581473015097e-06,2.67352686727661e-05,"Ab_vs_Mz","Mz higher"
"notch3",62.5869868600084,-4.60525512112876,1.09399438279795,2.09624524448251e-06,2.76113538669964e-05,"Ab_vs_Mz","Mz higher"
"tcta",33.3228547564181,6.4021292069839,1.52870272079619,2.17104769713147e-06,2.85415384152756e-05,"Ab_vs_Mz","Ab higher"
"psen2",120.290212945801,5.15748145946205,1.25047251348465,2.18154959993497e-06,2.86244479237621e-05,"Ab_vs_Mz","Ab higher"
"dnmt3ba",45.9400414455522,-10.5134431197767,3.71199418174244,2.24795330569682e-06,2.94391274563712e-05,"Ab_vs_Mz","Mz higher"
"bin3",314.243033730717,7.83113041144566,1.79101989947907,2.30974267346583e-06,3.01903721476195e-05,"Ab_vs_Mz","Ab higher"
"fam78ba",41.3603622053314,8.3024423310091,2.75337702711216,2.36881110161488e-06,3.0903246933687e-05,"Ab_vs_Mz","Ab higher"
"fen1",35.5110157734213,-10.1381204983524,3.59578667325807,2.40382274205679e-06,3.13001575745296e-05,"Ab_vs_Mz","Mz higher"
"dynlt3",50.9247413094946,4.9055576938112,1.20351280326046,2.51330074671683e-06,3.26633352282837e-05,"Ab_vs_Mz","Ab higher"
"hddc3",27.4399489627824,5.91405484292524,1.39166154706581,2.54707053261221e-06,3.30392818327246e-05,"Ab_vs_Mz","Ab higher"
"hddc2",27.2651258979943,10.0360883552536,3.43222233168216,2.59644963119944e-06,3.36158934225309e-05,"Ab_vs_Mz","Ab higher"
"qrich1",159.556403328719,-5.09364140006761,1.28460595371232,2.71715739954264e-06,3.50456804103581e-05,"Ab_vs_Mz","Mz higher"
"gpkow",471.863049342331,-3.36278770027433,0.815235399841496,2.71706757799043e-06,3.50456804103581e-05,"Ab_vs_Mz","Mz higher"
"stk38a",45.149779315595,-9.05388205996483,3.25825791968349,2.84998104087138e-06,3.668947290918e-05,"Ab_vs_Mz","Mz higher"
"scrn3",43.3756454922552,5.11407422390883,1.27376062219573,2.94504579357128e-06,3.78418972684309e-05,"Ab_vs_Mz","Ab higher"
"mitd1",52.1193637302429,8.75046810627131,2.05359588157109,2.96782049869079e-06,3.80628557567054e-05,"Ab_vs_Mz","Ab higher"
"tmem129",18.1829701539911,9.2617549925828,3.1737244318047,3.15187313630559e-06,4.03475242195366e-05,"Ab_vs_Mz","Ab higher"
"vps26b",103.838052624634,-4.49375879131477,1.11134692658311,3.18727302717321e-06,4.07242768996307e-05,"Ab_vs_Mz","Mz higher"
"ltk",26.2542029863584,-9.49256813482018,3.4231792812827,3.21419393369828e-06,4.09914863731278e-05,"Ab_vs_Mz","Mz higher"
"mipep",105.133705426422,-5.53912583287685,1.38991531118097,3.34975437541561e-06,4.26406233273521e-05,"Ab_vs_Mz","Mz higher"
"med29",27.0498890022487,5.67032486614104,1.40490909712242,3.39023940584191e-06,4.30756116686394e-05,"Ab_vs_Mz","Ab higher"
"epn2",60.7373863676282,-4.12395302209917,1.00981461321331,3.51642958355417e-06,4.45959090122493e-05,"Ab_vs_Mz","Mz higher"
"si:ch211-198n5.11",105.745016538499,7.47331442481534,1.74026624006842,3.56263130263189e-06,4.50980211091973e-05,"Ab_vs_Mz","Ab higher"
"sema4ba",23.8294144822865,6.10652284944035,1.43836950436814,3.60882015208133e-06,4.55138260585045e-05,"Ab_vs_Mz","Ab higher"
"nfkbiab",527.986120819887,-5.38277684738168,1.36172242540182,3.60879629083922e-06,4.55138260585045e-05,"Ab_vs_Mz","Mz higher"
"engase",43.4433759443636,5.54102373774914,1.38204896494471,3.66673684758026e-06,4.61589400572696e-05,"Ab_vs_Mz","Ab higher"
"pgpep1l",152.048970241007,-8.13045956297651,2.97525555023125,3.68878143071528e-06,4.6350931310811e-05,"Ab_vs_Mz","Mz higher"
"deaf1",44.7857107211588,4.80766364689321,1.20265998490507,3.82139020456382e-06,4.79289436870201e-05,"Ab_vs_Mz","Ab higher"
"hspd1",195.631056986452,5.26348942857941,1.325934042241,3.8592319576251e-06,4.83147516456441e-05,"Ab_vs_Mz","Ab higher"
"mettl6",60.1107237364635,7.54244842760692,1.76892125813544,4.03924999078849e-06,5.04758290973441e-05,"Ab_vs_Mz","Ab higher"
"INPP5A",20.5048648162096,-9.24750579396605,3.37273694728101,4.08856817759846e-06,5.09987215278872e-05,"Ab_vs_Mz","Mz higher"
"stx18",305.972217152239,-4.38524302093239,1.10129068043991,4.23258636149707e-06,5.26987896797345e-05,"Ab_vs_Mz","Mz higher"
"rpl7",102.97873291599,-9.06546480393103,3.31142019213894,4.3373893223453e-06,5.39052957128633e-05,"Ab_vs_Mz","Mz higher"
"rps28",87.405045218472,-9.04626111292204,3.3110010601989,4.40941683873769e-06,5.47008201649222e-05,"Ab_vs_Mz","Mz higher"
"arpc4",55.7553658619192,6.35839550553091,1.62452945702972,4.65017547683842e-06,5.75828444255327e-05,"Ab_vs_Mz","Ab higher"
"alox12",176.962949991209,-5.91029111168298,1.54948031127193,4.73193349405389e-06,5.84890982426262e-05,"Ab_vs_Mz","Mz higher"
"nhlrc2",25.8312112199709,-9.06031211711571,3.32918160436755,4.79016739924766e-06,5.91018303165765e-05,"Ab_vs_Mz","Mz higher"
"tmbim1b",58.1990451488201,10.0733035931717,3.46740429168866,4.96871319887129e-06,6.119409775433e-05,"Ab_vs_Mz","Ab higher"
"smim8",22.713386883023,-9.04661988836308,3.32414549367388,5.0603555368682e-06,6.22104609514445e-05,"Ab_vs_Mz","Mz higher"
"skap1",92.8322888998982,8.39063378217642,2.17464153899198,5.10354405250105e-06,6.26285630759256e-05,"Ab_vs_Mz","Ab higher"
"dnm2b",138.209397314622,-5.25512102101214,1.37816131969893,5.27848040505833e-06,6.46590158055889e-05,"Ab_vs_Mz","Mz higher"
"zdhhc22",27.9613077801143,-8.32947036420004,3.09553648243589,5.44689586482001e-06,6.66024560675034e-05,"Ab_vs_Mz","Mz higher"
"NIPAL2",22.0958510835813,-8.8611548754397,3.28210486435085,5.66360949467713e-06,6.91284572132058e-05,"Ab_vs_Mz","Mz higher"
"zfyve9a",27.1235247305101,6.22912918600263,1.59285455999301,5.76666100632973e-06,7.02605857967638e-05,"Ab_vs_Mz","Ab higher"
"smdt1b",39.1013166195733,-8.39653730208203,3.11911766555604,5.78007400674596e-06,7.02984758431866e-05,"Ab_vs_Mz","Mz higher"
"agbl5",39.4245092225696,-5.62464790757565,1.50704752665129,5.81789219574101e-06,7.06325239351262e-05,"Ab_vs_Mz","Mz higher"
"cfl1",64.1372133956354,-9.11250154961763,3.37086045467385,5.90459683569681e-06,7.15578405150254e-05,"Ab_vs_Mz","Mz higher"
"f9b",45.5589586614718,-8.51121585184192,3.16443652196758,5.997246294872e-06,7.25517933863682e-05,"Ab_vs_Mz","Mz higher"
"ptp4a1",31.3667001648444,-9.75563505048524,3.60719809660455,6.04719357362339e-06,7.30265517749246e-05,"Ab_vs_Mz","Mz higher"
"lxn",44.5890952441362,3.57845185189842,0.90585815588076,6.07991541045416e-06,7.32919838260225e-05,"Ab_vs_Mz","Ab higher"
"pop1",118.830087987621,-5.46636833221666,1.4385672182431,6.09283865346209e-06,7.33182330380456e-05,"Ab_vs_Mz","Mz higher"
"unc13d",23.2994737988224,-9.42039963757127,3.49456611848628,6.1057013079862e-06,7.33436620147708e-05,"Ab_vs_Mz","Mz higher"
"ptpn21",132.996756870698,-5.82008996606018,1.54125358133142,6.16465453786106e-06,7.3921683500573e-05,"Ab_vs_Mz","Mz higher"
"cracr2ab",24.5590926623838,9.59941270525569,3.34718758082187,6.1781925395477e-06,7.3954048591814e-05,"Ab_vs_Mz","Ab higher"
"gorasp1a",432.803191668694,-5.56976490883901,1.47289003578622,6.35924262170713e-06,7.59879376670889e-05,"Ab_vs_Mz","Mz higher"
"tmub2",166.15885105619,-4.95131078935871,1.28765346658485,6.40894556781657e-06,7.644796435177e-05,"Ab_vs_Mz","Mz higher"
"nat10",51.1783220259533,-4.35586565784025,1.10462349027606,6.42639047649333e-06,7.65222726371972e-05,"Ab_vs_Mz","Mz higher"
"cdk5r1b",91.2080834114083,6.52638380475402,1.6878150161075,6.44414549053331e-06,7.66000081566355e-05,"Ab_vs_Mz","Ab higher"
"dhx32b",17.5075662362859,-9.03954816078307,3.37576760062798,6.86942527804308e-06,8.15131976905878e-05,"Ab_vs_Mz","Mz higher"
"cd3eap",45.1248065845653,3.99745228976285,1.02682320760362,6.92518510694337e-06,8.20321840011712e-05,"Ab_vs_Mz","Ab higher"
"mydgf",66.614908254788,4.41449012790768,1.15906803462943,7.03295421528283e-06,8.31643788749996e-05,"Ab_vs_Mz","Ab higher"
"ccdc167",37.9880984010701,5.55700079298818,1.44599026295466,7.10687000639714e-06,8.38930346948922e-05,"Ab_vs_Mz","Ab higher"
"tma16",1973.36303328344,-4.73498540607378,1.26661426039809,7.21978199372573e-06,8.5078709055597e-05,"Ab_vs_Mz","Mz higher"
"zgc:112356",80.4608117064832,-5.88895579451891,1.58639349437725,7.37668271005352e-06,8.67777691908537e-05,"Ab_vs_Mz","Mz higher"
"etfdh",81.78338616302,4.35679317998162,1.13086341581029,7.48920571087264e-06,8.79498288559106e-05,"Ab_vs_Mz","Ab higher"
"zgc:172341",42.0515635492603,-10.0737641469328,3.76215675381145,7.54289481752715e-06,8.84281294501507e-05,"Ab_vs_Mz","Mz higher"
"vstm2l",15.8455349026565,8.9016155765737,3.17856263113226,7.68893311281558e-06,8.99855756925227e-05,"Ab_vs_Mz","Ab higher"
"tesca",17.0520005321704,8.9464988369904,3.1764965649473,7.7091908214793e-06,9.00681660530022e-05,"Ab_vs_Mz","Ab higher"
"RTKN",76.8257630444283,-4.19431871799633,1.0954908641246,7.73029980282812e-06,9.01604026576005e-05,"Ab_vs_Mz","Mz higher"
"rnft2",32.4466623413742,-9.86287401731997,3.69403303143032,7.79054166200671e-06,9.05166940707283e-05,"Ab_vs_Mz","Mz higher"
"wfikkn1",31.462296408281,-9.82558478677693,3.68140575777875,7.78785419889381e-06,9.05166940707283e-05,"Ab_vs_Mz","Mz higher"
"ISCU",21.0732439882614,-9.14833999224649,3.43428394925989,7.80064723927719e-06,9.05166940707283e-05,"Ab_vs_Mz","Mz higher"
"cyb561d2",90.5919530992472,-5.39788343341489,1.43458416280633,7.82464614771048e-06,9.06410198061606e-05,"Ab_vs_Mz","Mz higher"
"gyg1a",52.0198089654436,-3.12636023316731,0.794574760523793,7.99488317079052e-06,9.24560811428877e-05,"Ab_vs_Mz","Mz higher"
"lgals8a",52.4406752182312,-8.96884477050843,3.37721085235069,8.38697687576921e-06,9.6826299870344e-05,"Ab_vs_Mz","Mz higher"
"prf1.5",15.8764453880157,-8.86358003879289,3.34816734076013,8.62787930020298e-06,9.94392237589273e-05,"Ab_vs_Mz","Mz higher"
"dlc1",37.1281521916421,4.29040676601158,1.12427102152587,8.66507693609693e-06,9.96995277149905e-05,"Ab_vs_Mz","Ab higher"
"krt8",235.466708153295,-9.83827038792655,3.69838740546752,8.89775883790582e-06,0.000102204391500053,"Ab_vs_Mz","Mz higher"
"btbd6b",88.77250499797,3.3435799763135,0.867575047278049,9.01319162850366e-06,0.000103356313413917,"Ab_vs_Mz","Ab higher"
"kat2b",18.2096618906173,-8.58403265730015,3.25664328388849,9.23122864914314e-06,0.000105678981666281,"Ab_vs_Mz","Mz higher"
"wwc3",23.1370740773874,-9.23565173792397,3.49694837680362,9.44674500077123e-06,0.000107965060536452,"Ab_vs_Mz","Mz higher"
"evplb",19.7838084561766,9.43303228446363,3.42133510039026,9.48231161567841e-06,0.000108190321327381,"Ab_vs_Mz","Ab higher"
"acsbg1",31.1985551701235,10.1496058472365,3.63929171249955,9.50621162741859e-06,0.000108281939789444,"Ab_vs_Mz","Ab higher"
"ABHD5",15.7411006077581,-8.54743100671075,3.24596058035302,9.61276525666419e-06,0.0001093131622437,"Ab_vs_Mz","Mz higher"
"idh2",163.911589051198,-4.5629719205277,1.20237386198821,9.66495063290488e-06,0.000109723724073727,"Ab_vs_Mz","Mz higher"
"sccpdha.1",52.667599196982,4.6144619558125,1.23080794975145,9.92262946166842e-06,0.000112461961489973,"Ab_vs_Mz","Ab higher"
"marcksl1a",202.939794176391,-3.69551693314207,0.97973224101886,1.00083667660777e-05,0.000113245582827443,"Ab_vs_Mz","Mz higher"
"mibp2",295.230512426792,-9.29127430384544,3.52023211684913,1.03099522806771e-05,0.000116464907965331,"Ab_vs_Mz","Mz higher"
"abtb2b",154.864886525143,-4.52851966208208,1.24143447938644,1.06557507358529e-05,0.000120172210364834,"Ab_vs_Mz","Mz higher"
"C14orf28",19.2870421383149,7.68513690156972,2.81296759001913,1.08063665690666e-05,0.000121669701486372,"Ab_vs_Mz","Ab higher"
"klhl36",22.6247802935168,-9.03201760549744,3.45271223980223,1.13249936918608e-05,0.000127089526249286,"Ab_vs_Mz","Mz higher"
"fermt3b",75.2485708037866,-4.50729652695416,1.22105547446369,1.13078036718458e-05,0.000127089526249286,"Ab_vs_Mz","Mz higher"
"si:dkey-16l2.16",29.1945932445711,-4.13606573097362,1.14471297136837,1.16081900261344e-05,0.000130053662640911,"Ab_vs_Mz","Mz higher"
"dhrs4",15.8950980390417,-8.2813260652897,3.17999083845954,1.16585641637005e-05,0.00013040390703103,"Ab_vs_Mz","Mz higher"
"git2a",24.6365877137427,-8.18386075153823,3.14442916993258,1.17226031599594e-05,0.000130905599607861,"Ab_vs_Mz","Mz higher"
"snf8",82.7413932163281,5.59599367609582,1.45918706664754,1.17766931198356e-05,0.000131294733916075,"Ab_vs_Mz","Ab higher"
"ndufa3",51.138174084095,8.46563305988511,2.20054131669737,1.19442381167652e-05,0.000132945410555773,"Ab_vs_Mz","Ab higher"
"wasf3b",39.4515909662822,4.04508580532842,1.07944225477241,1.20054608770683e-05,0.000133409217531331,"Ab_vs_Mz","Ab higher"
"rpp21",38.0396808356781,-9.77802790194256,3.73998219408499,1.20306151025787e-05,0.000133471360723406,"Ab_vs_Mz","Mz higher"
"zgc:175088",133.085210923193,5.20487469162381,1.41274528524027,1.21111835378312e-05,0.000134147086491269,"Ab_vs_Mz","Ab higher"
"arhgef9b",41.2159150407422,5.19692133691835,1.42363745587545,1.22377742249501e-05,0.000135329551923557,"Ab_vs_Mz","Ab higher"
"ephb2b",157.002741329498,4.22377293956465,1.13147952284662,1.22799250963776e-05,0.000135575936784117,"Ab_vs_Mz","Ab higher"
"ppp1r3da",21.0177619221241,-7.934736291954,3.05820478052773,1.23425553095969e-05,0.000136047261514345,"Ab_vs_Mz","Mz higher"
"ano8a",93.2785951784595,-4.63913459613047,1.26752258062077,1.24659615003652e-05,0.000137185895672567,"Ab_vs_Mz","Mz higher"
"mettl13",19.7440687394383,-9.10375382554085,3.50321152750245,1.27830468533189e-05,0.00014044883845442,"Ab_vs_Mz","Mz higher"
"wdr61",84.3942657271084,-5.02258656077181,1.3767963533269,1.29597732142116e-05,0.000142161628039494,"Ab_vs_Mz","Mz higher"
"rps14",478.101089182698,-10.0225498082584,3.84856745894093,1.33438280782509e-05,0.000146022335672381,"Ab_vs_Mz","Mz higher"
"rdh14b",23.276367142735,-9.2253243235712,3.55485401145219,1.33545269616834e-05,0.000146022335672381,"Ab_vs_Mz","Mz higher"
"ddx31",24.5905351797211,6.74093385735936,1.77015786067705,1.35598740837645e-05,0.000148030433397641,"Ab_vs_Mz","Ab higher"
"tgm2b",27.8902292904822,7.57017350690421,1.95854447813718,1.37130596631761e-05,0.000149463587990176,"Ab_vs_Mz","Ab higher"
"GMFG",29.0048795458543,4.38409410152092,1.1906308223567,1.39137313736669e-05,0.000151408914134816,"Ab_vs_Mz","Ab higher"
"rps8a",301.935850075457,-9.09773748796916,3.51822592376437,1.46502013096267e-05,0.000158916253633677,"Ab_vs_Mz","Mz higher"
"aamdc",133.382922257767,-2.67380297412817,0.701972404217398,1.46390752723547e-05,0.000158916253633677,"Ab_vs_Mz","Mz higher"
"sumo2b",30.3140646425881,6.97358485107356,1.78698740638864,1.52835150186942e-05,0.000165522893607223,"Ab_vs_Mz","Ab higher"
"sept15",20.8532048658201,-7.7300557331374,3.01346297614927,1.53504905207322e-05,0.000165984781018948,"Ab_vs_Mz","Mz higher"
"ctns",97.0808469945695,-3.27782927254853,0.88810123094681,1.58925028621035e-05,0.000171573650360968,"Ab_vs_Mz","Mz higher"
"si:dkey-256h2.1",169.10669180733,7.86300299999902,2.26750329455754,1.6065192960102e-05,0.000173163999315601,"Ab_vs_Mz","Ab higher"
"ccdc153",41.6242112747343,8.24493506814998,3.05377416162732,1.61278652683808e-05,0.000173565338684799,"Ab_vs_Mz","Ab higher"
"ankzf1",243.39702907248,-4.91828274774304,1.38024705417059,1.61751501464155e-05,0.00017380007787243,"Ab_vs_Mz","Mz higher"
"rpl35a",81.3296174695619,-8.54797199566798,3.33418321389251,1.65588987860973e-05,0.000177643657889217,"Ab_vs_Mz","Mz higher"
"golgb1",29.1364484575289,-4.17184654795877,1.14153381838478,1.65996900845989e-05,0.000177801703998773,"Ab_vs_Mz","Mz higher"
"plpp3",33.5519707225419,-9.13255137838458,3.55707971519419,1.67256819217347e-05,0.00017859049726447,"Ab_vs_Mz","Mz higher"
"aqp10b",30.8528401878909,-8.00315915011689,3.13494299749374,1.6709047419374e-05,0.00017859049726447,"Ab_vs_Mz","Mz higher"
"tspan33b",14.0928019150661,8.3223007949723,3.05121277610733,1.70128326310004e-05,0.000181324909806548,"Ab_vs_Mz","Ab higher"
"hmgb1a",121.654421951133,-8.14541452860395,3.18557824073882,1.7034921176315e-05,0.000181324909806548,"Ab_vs_Mz","Mz higher"
"gnao1b",41.0656618291195,4.82556130767774,1.34859147582921,1.71337824734557e-05,0.000182093143016181,"Ab_vs_Mz","Ab higher"
"bmb",13.5150531497304,8.68506603275634,3.23563492491313,1.71700132395953e-05,0.000182194401763233,"Ab_vs_Mz","Ab higher"
"sipa1l3",67.2893915439341,-3.80142319197704,1.03779564512107,1.73174620367392e-05,0.000183473669994831,"Ab_vs_Mz","Mz higher"
"sh3bp5la",17.1289482941598,4.84970815155301,1.31729007633416,1.73520059380307e-05,0.000183554630256098,"Ab_vs_Mz","Ab higher"
"rbp3",60.5354735903141,-7.26348793828362,2.85489733197703,1.78389377193974e-05,0.000188413424240632,"Ab_vs_Mz","Mz higher"
"rbp5",310.920157316779,-4.70652758062379,1.31405043520708,1.85963072147043e-05,0.000196109125387832,"Ab_vs_Mz","Mz higher"
"rtel1",13.5651234111439,8.70916189170978,3.2728055679018,1.99972894136167e-05,0.000210557879118992,"Ab_vs_Mz","Ab higher"
"acp5b",15.0952550159307,8.70352647584522,3.24657713558078,2.00636756049427e-05,0.00021093136926429,"Ab_vs_Mz","Ab higher"
"sgce",51.4771587428821,-4.40411985579682,1.23096875205561,2.01935192215582e-05,0.000211969817921064,"Ab_vs_Mz","Mz higher"
"rrp12",69.0222963582941,5.61226106580376,1.61012017384592,2.03669734180629e-05,0.000213462149971494,"Ab_vs_Mz","Ab higher"
"tmco3",19.2016444281809,7.77645682318997,2.93755465854204,2.05672447268612e-05,0.000215230537992905,"Ab_vs_Mz","Ab higher"
"dolpp1",17.8930476057276,7.1096135158956,1.83704590419118,2.07932363142299e-05,0.000217262253249603,"Ab_vs_Mz","Ab higher"
"vps36",16.3890893957385,-8.57058217266272,3.38897102530563,2.08604876805635e-05,0.000217631662759151,"Ab_vs_Mz","Mz higher"
"fn1b",360.829317741883,-5.81278275482529,1.70643019437431,2.12419006732677e-05,0.000221272501211764,"Ab_vs_Mz","Mz higher"
"slc25a24",49.7141630204755,4.10860811540791,1.15922573782937,2.13468306328786e-05,0.000222026563122151,"Ab_vs_Mz","Ab higher"
"pno1",478.669029323974,4.69752364816213,1.3250399231799,2.16190042241376e-05,0.000224515168677764,"Ab_vs_Mz","Ab higher"
"clcf1",25.8651455453973,5.33438450046371,1.52153784582728,2.18590732562067e-05,0.000226663308247869,"Ab_vs_Mz","Ab higher"
"ATP1A1",64.4789474689611,-7.63771725731404,3.03145466515239,2.19649889243546e-05,0.000227415962717559,"Ab_vs_Mz","Mz higher"
"RPL19",115.868527498569,-8.40322974851127,3.32466213302944,2.20439518101607e-05,0.000227542939789299,"Ab_vs_Mz","Mz higher"
"snx13",29.8605774790153,4.8173386556049,1.36177055747984,2.2011541170325e-05,0.000227542939789299,"Ab_vs_Mz","Ab higher"
"sdr39u1",21.1759783132152,9.21760751887609,3.43006755534884,2.22732646238828e-05,0.000229562665451287,"Ab_vs_Mz","Ab higher"
"sowahca",21.6148904338579,7.40268053115961,1.94905308044431,2.24647809975482e-05,0.00023118733144234,"Ab_vs_Mz","Ab higher"
"gosr2",105.976791641896,-4.96206879737617,1.43763893689732,2.3057404247023e-05,0.000236928718640719,"Ab_vs_Mz","Mz higher"
"wipf3",36.2142372399871,-9.7659182014904,3.9020584988486,2.39087704968585e-05,0.000245307580601602,"Ab_vs_Mz","Mz higher"
"mre11a",22.9352763158666,-7.45123233444215,2.97272716881883,2.43025809161152e-05,0.000248973738124105,"Ab_vs_Mz","Mz higher"
"si:dkey-23o4.6",36.5649628203752,-7.31637047485422,2.91986131550427,2.43861698357511e-05,0.000249455527420284,"Ab_vs_Mz","Mz higher"
"slc25a1a",61.9693063264495,-5.12313316021683,1.49971576460998,2.54760587855282e-05,0.000260214295050387,"Ab_vs_Mz","Mz higher"
"bcap29",63.835702097251,-4.72736849954409,1.3502952096669,2.55231357575874e-05,0.000260305463787771,"Ab_vs_Mz","Mz higher"
"acaa2",24.5199173623698,-9.13379941101618,3.65975192703143,2.56004199086066e-05,0.000260703977666303,"Ab_vs_Mz","Mz higher"
"abcg2d",46.8424545585095,6.45680841664432,1.88898001081986,2.57869200924085e-05,0.00026221185661774,"Ab_vs_Mz","Ab higher"
"brd7",39.6418061409801,5.99880022832627,1.65988888288993,2.59954184706852e-05,0.00026393860152602,"Ab_vs_Mz","Ab higher"
"eif4bb",54.6753180367129,-7.27160106456795,2.91668687525468,2.66311348226044e-05,0.000269991430749821,"Ab_vs_Mz","Mz higher"
"styk1b",63.809278276933,-3.84174812579641,1.10597648715864,2.68033269285112e-05,0.000271333975716961,"Ab_vs_Mz","Mz higher"
"trap1",23.1892612408163,-8.31081180880112,3.3370847712375,2.71033500145963e-05,0.000273964677258653,"Ab_vs_Mz","Mz higher"
"si:ch211-191d15.2",185.242809436361,5.01778485875766,1.39467418793292,2.82406033301456e-05,0.000285037923848496,"Ab_vs_Mz","Ab higher"
"slc35a1",108.703582865258,-3.16764131334841,0.874382286625131,2.84042364278013e-05,0.000286266034190381,"Ab_vs_Mz","Mz higher"
"exd2",34.9410959224707,7.9548016954344,2.1945636686296,2.88245519044951e-05,0.000289910656861331,"Ab_vs_Mz","Ab higher"
"cbx5",22.707386966042,-7.25825603746245,2.92449123297778,2.88508480153663e-05,0.000289910656861331,"Ab_vs_Mz","Mz higher"
"si:dkey-4e7.3",80.8208654473882,-4.41701950276566,1.28510950400744,2.98801580973589e-05,0.000299812233379824,"Ab_vs_Mz","Mz higher"
"vat1",145.64366773311,-8.05960206494611,3.25615666083118,3.05810285741561e-05,0.000306394064554283,"Ab_vs_Mz","Mz higher"
"armc9",14.2669883602931,-8.48179003754583,3.43579349520548,3.11159078449413e-05,0.000311295951944332,"Ab_vs_Mz","Mz higher"
"ERG28",296.706056970309,-4.92455994584604,1.46393221195138,3.17052348788509e-05,0.000316727404946412,"Ab_vs_Mz","Mz higher"
"rpl11",616.893637525388,-5.41531765054047,1.63206313186472,3.27070002337041e-05,0.000326257109056379,"Ab_vs_Mz","Mz higher"
"klf9",217.941551442121,-4.45042991877426,1.30819644161977,3.38108398732443e-05,0.000336775708693644,"Ab_vs_Mz","Mz higher"
"tmtops2b",36.2634307125488,4.4080357189469,1.28354934899698,3.39502407392105e-05,0.000337671271958649,"Ab_vs_Mz","Ab higher"
"xk",33.2048238330542,-9.51033295776197,3.89228181357896,3.42959251413614e-05,0.000340612950858092,"Ab_vs_Mz","Mz higher"
"camkk1a",11.1552770843751,-8.09045622743592,3.29788478293645,3.43903728810019e-05,0.000341054526405634,"Ab_vs_Mz","Mz higher"
"cnga1b",91.880106660169,-9.18829123831276,3.76447582633615,3.521607672184e-05,0.000348736272094505,"Ab_vs_Mz","Mz higher"
"tbck",19.4735238207808,7.21278578775161,1.96545821558403,3.54491534298066e-05,0.000350535614277638,"Ab_vs_Mz","Ab higher"
"cdkn2aip",18.3732635840383,-7.55357739435031,3.08195879458526,3.57588912088665e-05,0.000353086707262079,"Ab_vs_Mz","Mz higher"
"kctd9a",22.2094172958189,5.64041065544219,1.63554228945589,3.64931754333483e-05,0.000359816381476496,"Ab_vs_Mz","Ab higher"
"trim3b",20.3872529455137,4.90424673851466,1.41218143199636,3.68927081417314e-05,0.000363230804691246,"Ab_vs_Mz","Ab higher"
"fam222ba",81.7012751682909,-5.5350454668635,1.70326106550725,3.70302377318869e-05,0.000364059527441879,"Ab_vs_Mz","Mz higher"
"sharpin",80.8422402696692,-3.49292796743158,1.01336111720121,3.73645901774633e-05,0.000366818127742204,"Ab_vs_Mz","Mz higher"
"guk1b",83.2969385392397,5.32967765546278,1.60001691181594,3.74806387241712e-05,0.000367428732780201,"Ab_vs_Mz","Ab higher"
"si:ch211-15p9.2",85.2161100364378,-3.26942943480311,0.942253624564539,3.89780594187928e-05,0.000381559970465456,"Ab_vs_Mz","Mz higher"
"GABRA5",16.3682956706787,8.17030235149333,3.1512514098086,3.91704434822457e-05,0.000382893890944645,"Ab_vs_Mz","Ab higher"
"pgrmc1",18.1021028589257,-7.16382921652677,2.93412841457323,3.93537844267053e-05,0.000384135724096438,"Ab_vs_Mz","Mz higher"
"cyp51",96.3061379454346,-4.788545924701,1.45527024197628,4.05386958359293e-05,0.000395136459555065,"Ab_vs_Mz","Mz higher"
"rps4x",483.182090174099,-5.90785024867703,1.81254272326009,4.08008236439173e-05,0.000397124136551281,"Ab_vs_Mz","Mz higher"
"kcnj11l",25.830290653676,4.19715706965421,1.23645679470898,4.0998657146141e-05,0.000398481250296467,"Ab_vs_Mz","Ab higher"
"mob1bb",31.2994297620614,-7.17781530617281,2.95766976227543,4.28850621281172e-05,0.000416223014082708,"Ab_vs_Mz","Mz higher"
"sdr42e2",124.613087340156,4.87300380227923,1.32478139462363,4.39967329950398e-05,0.000426405836967552,"Ab_vs_Mz","Ab higher"
"phf6",14.0772077549502,5.11739059754739,1.48338741736209,4.41195246873206e-05,0.00042698938573275,"Ab_vs_Mz","Ab higher"
"elovl5",14.4198583384939,-7.12925678996686,2.94165293759728,4.45960617278646e-05,0.000430380380720255,"Ab_vs_Mz","Mz higher"
"lsm5",273.717260098667,4.60522935644872,1.36537111247827,4.45557105052275e-05,0.000430380380720255,"Ab_vs_Mz","Ab higher"
"PRKAB2",16.3359294939704,6.04646532428785,1.74436318773556,4.52624406135026e-05,0.000436194395912328,"Ab_vs_Mz","Ab higher"
"htr2b",109.349678669423,7.04024536753129,2.74957129403933,4.65310794809977e-05,0.000447787807191604,"Ab_vs_Mz","Ab higher"
"zfand5a",17.9178656746076,-7.16152340848714,2.96445826207863,4.68912947212716e-05,0.000450618737863712,"Ab_vs_Mz","Mz higher"
"rpap2",11.16481043556,-8.03637391865294,3.34672336230337,4.73021682706084e-05,0.000453927839817667,"Ab_vs_Mz","Mz higher"
"cxcr5",98.6057355078911,-4.16111828088337,1.2595430911804,4.74708899123527e-05,0.00045490713746065,"Ab_vs_Mz","Mz higher"
"cars2",929.844327711503,-3.43391589723546,1.0295741084777,4.89983983830694e-05,0.000468692543292529,"Ab_vs_Mz","Mz higher"
"ccnh",149.605963623726,-2.93329332631472,0.856762101574016,4.90468233784063e-05,0.000468692543292529,"Ab_vs_Mz","Mz higher"
"rps9",183.732515624116,-8.74831978920685,3.66010403735503,5.00897578139521e-05,0.000477989395195238,"Ab_vs_Mz","Mz higher"
"tepsin",46.2180563865042,-7.67799194169467,3.20588031973831,5.18670808460312e-05,0.000494258509235295,"Ab_vs_Mz","Mz higher"
"fam124b",1258.30381070333,-4.28089728964649,1.33760832866718,5.2173667762364e-05,0.000496486659892063,"Ab_vs_Mz","Mz higher"
"dnajc19",63.0321666833503,5.85432726708445,1.83335957324657,5.24299374643484e-05,0.000498230450305361,"Ab_vs_Mz","Ab higher"
"elob",15.9861917996853,3.98359113485984,1.18287932865787,5.26256732692404e-05,0.000499394949535504,"Ab_vs_Mz","Ab higher"
"RAP1GDS1",20.7678751557673,5.66980466295202,1.65939071465438,5.29534225143837e-05,0.000501807224743944,"Ab_vs_Mz","Ab higher"
"ergic2",43.6574877993049,4.48729639674172,1.38712033676053,5.53720522393141e-05,0.00052399932375706,"Ab_vs_Mz","Ab higher"
"mzt2b",13.4758652261181,-8.34088652549854,3.52103279220583,5.55599785487379e-05,0.000525049492573461,"Ab_vs_Mz","Mz higher"
"pla2g1b",12.5876607048265,-7.76739785357124,3.26443309781403,5.56457652370853e-05,0.000525132857832134,"Ab_vs_Mz","Mz higher"
"ube2f",14.540726799097,8.43812636552788,3.36171415437062,5.59921722410726e-05,0.000527672087293975,"Ab_vs_Mz","Ab higher"
"coasy",221.393411081097,-4.34707331181595,1.33370880890271,5.60830728253184e-05,0.000527799732258134,"Ab_vs_Mz","Mz higher"
"cog1",19.9433661598537,4.97276363978844,1.50959438425468,5.63514133066553e-05,0.00052959461844533,"Ab_vs_Mz","Ab higher"
"bnip1b",27.9287835691538,-7.64233257496756,3.21218892888026,5.68108654978486e-05,0.000533178177842945,"Ab_vs_Mz","Mz higher"
"nf2b",12.3762875463008,-7.63728718699072,3.21135423626389,5.70338138179034e-05,0.000534535318241147,"Ab_vs_Mz","Mz higher"
"opn3",18.0276108173466,-8.71808232479425,3.70240728921364,5.77106587243785e-05,0.000540136933438181,"Ab_vs_Mz","Mz higher"
"rplp1",202.061050111912,-8.94010540392646,3.79187919167364,5.85195479789487e-05,0.000546957364192283,"Ab_vs_Mz","Mz higher"
"cox4i1",50.2951942822088,-7.04673113487294,2.95957137732549,5.92282612175475e-05,0.000552824112568162,"Ab_vs_Mz","Mz higher"
"scarb2c",10.9034362393438,-7.49961383592466,3.1697272702834,6.10083741925131e-05,0.000568520262608556,"Ab_vs_Mz","Mz higher"
"ankrd11",30.8070087310173,-6.65168431593619,2.79331631437239,6.10765575981345e-05,0.000568520262608556,"Ab_vs_Mz","Mz higher"
"gdi2",22.76727784798,-6.99007296193526,2.94980907836934,6.27970476416392e-05,0.000583738768472622,"Ab_vs_Mz","Mz higher"
"slc33a1",132.637351276501,-6.91232497770081,2.9166557656974,6.317962242829e-05,0.000586496005208467,"Ab_vs_Mz","Mz higher"
"si:ch211-166a6.5",28.2475687859752,7.31240052888836,2.1871270602485,6.3644957255419e-05,0.000590012966513212,"Ab_vs_Mz","Ab higher"
"tjp2a",144.772427899799,-4.27629768733216,1.32120105729608,6.39747243613739e-05,0.000591462797178393,"Ab_vs_Mz","Mz higher"
"si:ch211-165b10.3",214.941163897775,-3.7853886867833,1.18205845000413,6.39686382877558e-05,0.000591462797178393,"Ab_vs_Mz","Mz higher"
"pkmb",13.0118842548684,7.07980429891004,2.87715565785096,6.74624971945853e-05,0.000622864165573282,"Ab_vs_Mz","Ab higher"
"acox1",13.0592078407407,-7.96158610895814,3.40419631474527,6.81108997708679e-05,0.000627153399644577,"Ab_vs_Mz","Mz higher"
"ubxn1",76.0215763169917,3.71573088510461,1.13521177630034,6.80765437926755e-05,0.000627153399644577,"Ab_vs_Mz","Ab higher"
"sbds",42.5830305592447,4.80004172295956,1.47882691951972,6.85641495305871e-05,0.000630476000333148,"Ab_vs_Mz","Ab higher"
"ap1s2",53.3435699815735,-3.69397425037372,1.13312011077739,6.90673108017539e-05,0.000634247996770345,"Ab_vs_Mz","Mz higher"
"si:dkeyp-97e7.9",20.6103286522667,6.86360370722037,2.04386165481188,6.92530184300444e-05,0.000635098581650797,"Ab_vs_Mz","Ab higher"
"nnt2",35.5833702566021,-4.49242353804103,1.44509883710952,6.93758455521736e-05,0.000635370998929504,"Ab_vs_Mz","Mz higher"
"gtf2a1l",19.891286741729,-8.42735949336608,3.62381519268174,7.03256616631691e-05,0.000643206420278556,"Ab_vs_Mz","Mz higher"
"papss2a",13.5431833731412,-8.15904381620049,3.50774914447656,7.20384337665824e-05,0.000657989603198651,"Ab_vs_Mz","Mz higher"
"polr1e",256.793561183115,-2.96347699095578,0.897492721145257,7.33604071722946e-05,0.000669168526920543,"Ab_vs_Mz","Mz higher"
"kcnn4",184.196470522793,-2.73297889816414,0.816509254997362,7.57021950920066e-05,0.000689607579589801,"Ab_vs_Mz","Mz higher"
"mettl5",572.586092351028,3.3940629186099,1.06893037166476,7.84687045915216e-05,0.000713855961903935,"Ab_vs_Mz","Ab higher"
"pstpip2",10.6057862103819,-7.73055878020948,3.34085737140537,8.00397272512933e-05,0.000727178507370937,"Ab_vs_Mz","Mz higher"
"toe1",13.6314844975663,-8.20126803999637,3.56962785423365,8.07057885851988e-05,0.000732254781272355,"Ab_vs_Mz","Mz higher"
"AREL1",35.4733388192754,4.29975016253088,1.36858981513917,8.08775986441523e-05,0.000732839117595021,"Ab_vs_Mz","Ab higher"
"zgc:153733",13.8500636757586,6.68866253581408,1.943032050106,8.24492045345062e-05,0.000744730822969838,"Ab_vs_Mz","Ab higher"
"dctn1b",36.0905112739987,4.25617177124494,1.34452689887589,8.23712103942532e-05,0.000744730822969838,"Ab_vs_Mz","Ab higher"
"mrpl35",144.789638161483,-3.67048992883977,1.13610014656767,8.25174413256922e-05,0.000744730822969838,"Ab_vs_Mz","Mz higher"
"zcrb1",28.1206880067526,-7.62410488343521,3.30034246893313,8.31582740643255e-05,0.000749522990674892,"Ab_vs_Mz","Mz higher"
"ttc17",13.2530169998444,-7.85729436034787,3.41596927869571,8.49605733075462e-05,0.000764757244956976,"Ab_vs_Mz","Mz higher"
"tsta3",39.8980602172669,-7.23383126405295,3.13056626862196,8.68126073372087e-05,0.000780398445140678,"Ab_vs_Mz","Mz higher"
"P3H4",170.078510645906,4.78452001765219,1.39271591743468,8.71825176544827e-05,0.00078269252362702,"Ab_vs_Mz","Ab higher"
"eno1b",42.3540860593775,-6.92916304190576,2.98995294240028,8.78622183410979e-05,0.000787758102156782,"Ab_vs_Mz","Mz higher"
"marcksl1b",61.6399659702772,-6.8622755288353,2.96548266199081,8.98903762130821e-05,0.000804884562863332,"Ab_vs_Mz","Mz higher"
"SMARCB1",25.6880154793633,4.93592257850842,1.59233932330945,9.23426930460638e-05,0.000825759101773648,"Ab_vs_Mz","Ab higher"
"mea1",16.8358942694471,-6.34840824266408,2.73612149671981,9.41236142771469e-05,0.000840583010749965,"Ab_vs_Mz","Mz higher"
"si:ch211-217a12.1",740.897694869235,3.43276780038112,1.08698639076069,9.63719799808086e-05,0.000859537280273278,"Ab_vs_Mz","Ab higher"
"CASP6",325.157508248565,4.72575826313806,1.55110807149736,9.67063406222524e-05,0.000861393423062178,"Ab_vs_Mz","Ab higher"
"sept10",28.0695422166283,-7.1011731933992,3.08908094640532,9.71132792840785e-05,0.000863890357959932,"Ab_vs_Mz","Mz higher"
"mul1a",12.4640586665219,-8.03473746413443,3.55040428486465,9.74848779751329e-05,0.000864940601332031,"Ab_vs_Mz","Mz higher"
"zdhhc16b",72.1469528875061,-4.47702240960148,1.46792347946253,9.7447449574668e-05,0.000864940601332031,"Ab_vs_Mz","Mz higher"
"ctdsplb",17.2799586162939,-8.39379143859974,3.72758299536937,9.76585382788157e-05,0.000865356112566701,"Ab_vs_Mz","Mz higher"
"si:ch211-197h24.6",41.0626126749227,3.57382483331758,1.13366392930593,9.92454668967403e-05,0.000878277328970764,"Ab_vs_Mz","Ab higher"
"rps17",211.20968217247,-8.1176994590167,3.57780215596873,9.95273262695951e-05,0.000879630760540735,"Ab_vs_Mz","Mz higher"
"mos",10.756248572616,7.82848378670072,3.29976780424296,9.97355434346298e-05,0.00088033067639648,"Ab_vs_Mz","Ab higher"
"RPL37A",124.608583649155,-8.40539750116046,3.72004859001784,9.98882005024277e-05,0.000880539007788197,"Ab_vs_Mz","Mz higher"
"b4galnt1a",20.6434652798787,-8.67803014780621,3.87934670002711,0.000101970440222832,0.000896577723763376,"Ab_vs_Mz","Mz higher"
"eno1a",59.6336943073651,-6.32803890286578,2.72883007772457,0.0001019086236711,0.000896577723763376,"Ab_vs_Mz","Mz higher"
"twnk",26.950380738167,5.84919070554744,1.87753788402389,0.000102126977922877,0.000896798417461759,"Ab_vs_Mz","Ab higher"
"fgfr1op2",18.2537672544113,4.08993437911686,1.29929283971947,0.000102342462335689,0.000897535501949109,"Ab_vs_Mz","Ab higher"
"abhd3",22.9379396664873,5.96424952556266,1.91266960207574,0.000102605807347086,0.000898689888997645,"Ab_vs_Mz","Ab higher"
"canx",18.8292183437573,-6.84357727203203,2.99039102820479,0.000103559223565265,0.00090587766972539,"Ab_vs_Mz","Mz higher"
"gtpbp4",127.355195599395,-7.42320372646081,3.26706611271828,0.000106031756771492,0.000926318407748901,"Ab_vs_Mz","Mz higher"
"cdt1",70.6308715910219,-3.838281486476,1.25189102925646,0.000106993923095483,0.000933528820051764,"Ab_vs_Mz","Mz higher"
"aatka",20.0518485648785,4.31733390431064,1.38518397593074,0.000108352564902372,0.000944175670918117,"Ab_vs_Mz","Ab higher"
"rbm25a",12.7513718859178,-7.11988750798277,3.13549116415481,0.000109311102417377,0.000951313331369592,"Ab_vs_Mz","Mz higher"
"ppcdc",11.2619254710791,-7.57273532782168,3.35027797673645,0.000109873674049975,0.000954991182220354,"Ab_vs_Mz","Mz higher"
"casc1",348.571025566046,3.86000844272219,1.24345425844095,0.000110923128334526,0.000962886138201614,"Ab_vs_Mz","Ab higher"
"appb",192.250904179425,-3.61408212399487,1.12675382828342,0.000111345084562769,0.000965320853839612,"Ab_vs_Mz","Mz higher"
"efhc1",70.3891406596166,-8.1999043347402,3.67616893776323,0.000112414177428171,0.000973352706335548,"Ab_vs_Mz","Mz higher"
"gcnt3",29.5809420467673,4.10559947442933,1.29799472527486,0.000112700414764264,0.000974594334520375,"Ab_vs_Mz","Ab higher"
"gde1",13.167935926126,-6.64862567705553,2.91333068972178,0.000113060565013856,0.000976471183657647,"Ab_vs_Mz","Mz higher"
"lin7b",16.2701122567132,-6.88098568148336,3.0370498381793,0.000116910304024419,0.00100844374760886,"Ab_vs_Mz","Mz higher"
"QPRT",16.5104969291398,6.79045493998782,2.10439285507594,0.000119538781827363,0.00102981453081831,"Ab_vs_Mz","Ab higher"
"scinla",29.1340293968436,-4.20655622113567,1.36757371341968,0.000121093945824404,0.00104189658557366,"Ab_vs_Mz","Mz higher"
"atg4b",78.7712731037008,4.17433814186668,1.38464005603394,0.000122297635674007,0.00105092791965208,"Ab_vs_Mz","Ab higher"
"hpgd",183.10001414689,4.07908070809968,1.32664977839932,0.000124279157334714,0.00106661218930157,"Ab_vs_Mz","Ab higher"
"CDC37",19.4297104519221,-6.46443215751378,2.8563327681408,0.000124937555093048,0.00107091575175862,"Ab_vs_Mz","Mz higher"
"gar1",18.707817104522,-8.44241433460969,3.84308457985939,0.000125735778373519,0.00107640554058032,"Ab_vs_Mz","Mz higher"
"abce1",21.8455515899302,-8.14297495212005,3.68675192063938,0.000126611141650653,0.00108254112717094,"Ab_vs_Mz","Mz higher"
"rsl24d1",25.7187674254835,-7.03940174539801,3.13765874438568,0.000128098991727798,0.00109389164024877,"Ab_vs_Mz","Mz higher"
"mrps22",114.231856912578,5.53987399034181,1.90099423865968,0.000129100033067787,0.00110106190702689,"Ab_vs_Mz","Ab higher"
"dbpb",19.3975546920535,-6.79379509658202,3.02005456104078,0.000129385013376183,0.00110211478934543,"Ab_vs_Mz","Mz higher"
"eif3bb",39.725255195674,-7.06911370986666,3.15562347135164,0.000130238044536271,0.00110799772801868,"Ab_vs_Mz","Mz higher"
"rps3",260.057877010513,-8.36303654176239,3.8013533643341,0.000130874375793052,0.00111075359808062,"Ab_vs_Mz","Mz higher"
"gpr137",12.783480474227,-7.69980868828511,3.47589409021341,0.000130887570402582,0.00111075359808062,"Ab_vs_Mz","Mz higher"
"zgc:153896",30.4616797605449,3.7468299520081,1.22664908956351,0.000132086412403316,0.00111953489668053,"Ab_vs_Mz","Ab higher"
"lactb",23.1610997460906,5.07648743851911,1.7148291484679,0.000137607979850505,0.00116488740263026,"Ab_vs_Mz","Ab higher"
"C14orf119",14.5819931475497,7.97386730419829,3.42066167503678,0.000138414892050781,0.00117026618149006,"Ab_vs_Mz","Ab higher"
"sorbs2a",19.9563097903921,-6.40599170435068,2.85156334401833,0.000140990034549915,0.0011905631259085,"Ab_vs_Mz","Mz higher"
"klhl7",22.5480274267584,7.16242269463063,2.3043967131038,0.000141602999746058,0.00119426114618956,"Ab_vs_Mz","Ab higher"
"parp12a",193.615069685266,-3.43304117176161,1.13902055527647,0.000142650852474581,0.00120161329189391,"Ab_vs_Mz","Mz higher"
"si:ch211-260e23.9",16.5288316559659,4.39760876078673,1.43877786998344,0.000144546285218695,0.00121607805677824,"Ab_vs_Mz","Ab higher"
"TLK1",50.6363964671544,-3.15745934892412,1.00689785450575,0.000147090360381098,0.00123595754788206,"Ab_vs_Mz","Mz higher"
"acta2",188.84256222566,-8.25431473373663,3.79867240380203,0.000148281332783211,0.00124443239062712,"Ab_vs_Mz","Mz higher"
"C17orf75",62.7788796791477,4.08323531309937,1.37437586595794,0.000149094959599996,0.0012497234758609,"Ab_vs_Mz","Ab higher"
"akt1s1",24.1976993615251,-6.45757772319103,2.89102576245388,0.000150218248939699,0.00125759400308658,"Ab_vs_Mz","Mz higher"
"anxa13",29.7896607736059,-7.02761203812803,3.17725294865332,0.000151012668641097,0.00126269538987525,"Ab_vs_Mz","Mz higher"
"polr2h",34.8109990614063,-7.51315250813706,3.44307237087395,0.000155730972999313,0.00130055376838961,"Ab_vs_Mz","Mz higher"
"fgf8b",13.4776955777738,6.80109337671762,2.98203903968846,0.000158248829528284,0.00131996548150548,"Ab_vs_Mz","Ab higher"
"vill",47.0831709346497,-4.94237828677942,1.80413037145051,0.000159102104000303,0.00132384592145618,"Ab_vs_Mz","Mz higher"
"baiap2a",74.0048792975898,-4.24286020364319,1.46732474202659,0.000159018457705993,0.00132384592145618,"Ab_vs_Mz","Mz higher"
"vti1a",10.6041105293789,-6.96454808679454,3.167647868282,0.000160021876428953,0.00132964251927083,"Ab_vs_Mz","Mz higher"
"zgc:86609",183.326577936974,4.71567557199976,1.63270403608691,0.00016018850224837,0.00132964251927083,"Ab_vs_Mz","Ab higher"
"sfrp5",86.1406433820789,-7.81281330921864,3.60350577978034,0.000162703201278486,0.00134887477803537,"Ab_vs_Mz","Mz higher"
"yme1l1b",14.5473249118044,-6.29549423997151,2.8324978674063,0.000162964847710699,0.00134940431544915,"Ab_vs_Mz","Mz higher"
"eif1axb",23.1454056099578,-6.57523645890131,2.97498700130379,0.000164259021758062,0.00135847188540031,"Ab_vs_Mz","Mz higher"
"zgc:154058",17.2267558500648,-8.32284710023185,3.90826910086049,0.000165286917124453,0.00136531796070236,"Ab_vs_Mz","Mz higher"
"cd63",140.909507758141,-3.56444900009944,1.20025124634698,0.000169986854266064,0.00140244293428942,"Ab_vs_Mz","Mz higher"
"plcxd2",28.6932863570358,5.74525559508774,1.99946403275695,0.000170718386099701,0.00140677723231674,"Ab_vs_Mz","Ab higher"
"itpkcb",56.5316254555929,5.10676478296621,1.82660551926584,0.000173949225686546,0.00143167137136224,"Ab_vs_Mz","Ab higher"
"gpx7",12.6705099772231,7.42705595723309,3.26615036152676,0.000174998948048267,0.00143857568979919,"Ab_vs_Mz","Ab higher"
"cct4",43.764410536256,-7.08466003348662,3.25230245863471,0.000175678010966367,0.00144242005875273,"Ab_vs_Mz","Mz higher"
"NEMF",70.8960901011278,3.21290860766489,1.06755938879798,0.000177217964073474,0.00145331510681888,"Ab_vs_Mz","Ab higher"
"zmynd12",197.396923975857,-4.56044588575292,1.57451634288949,0.000177604033314706,0.00145473267623799,"Ab_vs_Mz","Mz higher"
"slc6a15",30.8117224245143,-4.45307062215408,1.54956426617764,0.000185121027714912,0.00151448533824801,"Ab_vs_Mz","Mz higher"
"smn1",17.1190205312934,-7.37876873994328,3.43822387805366,0.00019018565489365,0.00155405595609506,"Ab_vs_Mz","Mz higher"
"si:ch1073-440b2.1",12.6115096041558,-6.36821643011528,2.91114002902175,0.000191580103333316,0.00156357780507562,"Ab_vs_Mz","Mz higher"
"si:ch211-15b10.6",8.80724857147852,-7.4063968639094,3.47769285523353,0.000199543131893136,0.0016256011453978,"Ab_vs_Mz","Mz higher"
"arl16",53.3456434034381,-4.64232487416812,1.67258294861702,0.000199894380915837,0.0016256011453978,"Ab_vs_Mz","Mz higher"
"scg3",97.7849100532275,-3.73625360747013,1.30385011473141,0.000199666544416322,0.0016256011453978,"Ab_vs_Mz","Mz higher"
"zte38",122.58852101259,3.39059078173202,1.15914449198877,0.000201989557293214,0.00164068422549,"Ab_vs_Mz","Ab higher"
"rpl31",111.233758441976,-7.62849960360308,3.59198081465932,0.000202548828707925,0.00164327069949367,"Ab_vs_Mz","Mz higher"
"psmb7",29.12299287674,4.02814636566284,1.40133401795938,0.000203174957433417,0.0016463927963993,"Ab_vs_Mz","Ab higher"
"si:rp71-19m20.1",9.24953895306943,-6.90938097217062,3.20836220187819,0.000204626369586368,0.00165618709334257,"Ab_vs_Mz","Mz higher"
"fam13b",23.286818597677,-6.11329574919512,2.79384148462353,0.000207292247098644,0.00167577606866593,"Ab_vs_Mz","Mz higher"
"mylka",16.0460344607354,-7.23300451557249,3.39510277699336,0.000208511902384295,0.00168364107688526,"Ab_vs_Mz","Mz higher"
"plaa",11.8051739023328,5.1635719682484,1.72571088868981,0.000210583017500434,0.00169835452530197,"Ab_vs_Mz","Ab higher"
"trim3a",11.7460600204479,-7.01453134297187,3.28729999469522,0.000213836971734882,0.00172256157986671,"Ab_vs_Mz","Mz higher"
"ddx19",7.36706671058671,-6.61353701079986,3.0828801692105,0.000220589526986227,0.00177486125309791,"Ab_vs_Mz","Mz higher"
"u2af2a",12.3943316105201,-6.38005283172728,2.95988043470218,0.000222364862448159,0.00178703822907395,"Ab_vs_Mz","Mz higher"
"bhlhe40",18.714884099843,-6.03624189238415,2.78431549995988,0.000228631323318566,0.00183189297974309,"Ab_vs_Mz","Mz higher"
"fam185a",10.2818457112289,5.94074334500895,1.88358197452082,0.000228607003627572,0.00183189297974309,"Ab_vs_Mz","Ab higher"
"si:dkey-120c6.5",15.0852801578176,4.26532956075214,1.43792317897776,0.000228751695550507,0.00183189297974309,"Ab_vs_Mz","Ab higher"
"mrps26",196.870202968287,-4.9908763526502,1.95927190592598,0.000229737477052854,0.00183547869547029,"Ab_vs_Mz","Mz higher"
"ppfia2",56.5100525909115,3.60203922779037,1.24291481646829,0.000229678048878844,0.00183547869547029,"Ab_vs_Mz","Ab higher"
"tmem106ba",17.7130800983909,-6.04305814194228,2.79563053098181,0.000235482435994963,0.00187917738104519,"Ab_vs_Mz","Mz higher"
"p3h2",25.747322329108,-3.89789539477693,1.34103561366407,0.000237824786233997,0.00189565247251701,"Ab_vs_Mz","Mz higher"
"cables2b",8.83369148571876,6.43538246280484,2.93243286854472,0.00024165073091363,0.0019239007433182,"Ab_vs_Mz","Ab higher"
"abcg5",11.2990125380946,-6.76274326174761,3.20073236010197,0.00024203222941851,0.00192469219268356,"Ab_vs_Mz","Mz higher"
"rasgrp4",18.9135300268423,4.32059751879281,1.52343878299171,0.000246922724043452,0.00195901598389357,"Ab_vs_Mz","Ab higher"
"zc2hc1a",106.6739939396,-3.01596532854134,1.02929548477538,0.000246921642381517,0.00195901598389357,"Ab_vs_Mz","Mz higher"
"b3gnt5a",8.01981784060922,7.01307267006649,3.19860652338288,0.000248945247360575,0.00197276820295146,"Ab_vs_Mz","Ab higher"
"bzw1b",36.6249899490733,-6.4397340314277,3.02602560762782,0.000250154331322576,0.00198004988702313,"Ab_vs_Mz","Mz higher"
"rad50",6.03939595985256,6.7089539371992,3.07070061710784,0.000253230024375103,0.00200207237116028,"Ab_vs_Mz","Ab higher"
"opn1lw1",36.4101305274267,6.54308032981217,2.99380280472049,0.000257621030349866,0.00203443089129298,"Ab_vs_Mz","Ab higher"
"nxnl2",15.2674679039782,-6.29796215199759,2.96428594478753,0.000262984009936456,0.00207438138704791,"Ab_vs_Mz","Mz higher"
"metap2b",101.726040436327,-6.57916528112394,3.11772937935995,0.000264108178290154,0.00208084307214056,"Ab_vs_Mz","Mz higher"
"atp6v1ab",21.6094595711364,-6.06720514933734,2.83171838138497,0.000264862400663857,0.00208437850026471,"Ab_vs_Mz","Mz higher"
"elmo1",17.9478693347662,-6.23984092626303,2.93636874699225,0.000265773445711022,0.00208673443047906,"Ab_vs_Mz","Mz higher"
"psme3",19.4550240089279,4.7435071892553,1.72552676725522,0.000265615826912887,0.00208673443047906,"Ab_vs_Mz","Ab higher"
"cpt1ab",16.4238707859791,3.11689966821857,1.06200501660248,0.000266661097340051,0.00209129731856456,"Ab_vs_Mz","Ab higher"
"hsp90ab1",380.070124496277,-3.39706625563003,1.18636694729842,0.000268661552885157,0.00210456690624044,"Ab_vs_Mz","Mz higher"
"hspb6",15.1525052802764,-6.39956838054148,3.03059730810955,0.000268994758658957,0.00210476059441521,"Ab_vs_Mz","Mz higher"
"atr",17.6772704426732,6.27809454706925,2.10824571381033,0.000271153019787384,0.00211921770218708,"Ab_vs_Mz","Ab higher"
"paf1",28.6581655286075,3.36462867545371,1.17090085992705,0.000275020721215068,0.0021469867057785,"Ab_vs_Mz","Ab higher"
"mark1",57.5825380616276,-3.51034822618556,1.25358001323046,0.000276864887966762,0.0021589132921111,"Ab_vs_Mz","Mz higher"
"rpe65b",43.1908612564652,-2.99243738298307,1.01959403285608,0.000278524084769268,0.0021693719524894,"Ab_vs_Mz","Mz higher"
"bcan",12.5686657445961,5.41304292421365,1.88824264063771,0.000280796988204369,0.00218317905755427,"Ab_vs_Mz","Ab higher"
"MED9",25.5068742195942,4.68456805872386,1.61260041109394,0.000280936715892225,0.00218317905755427,"Ab_vs_Mz","Ab higher"
"ITM2A",108.031910736836,-3.36624151907247,1.18670561042663,0.000284234914840082,0.00220629672804764,"Ab_vs_Mz","Mz higher"
"adck5",107.362639404348,5.53277304682016,2.51940847614139,0.000285850825850584,0.00221631839179379,"Ab_vs_Mz","Ab higher"
"mier3b",13.3871068873539,5.09479774842489,1.76986126114878,0.000289203538181351,0.0022397681509777,"Ab_vs_Mz","Ab higher"
"rab3ip",79.6179444171727,-4.19214397860207,1.567288543415,0.000290185373461063,0.00224482403982407,"Ab_vs_Mz","Mz higher"
"trim47",7.78010950018295,7.45989924474221,3.46272387080723,0.000291467473605211,0.00225218864372407,"Ab_vs_Mz","Ab higher"
"mat1a",181.093198703709,-3.42461077248389,1.24271278638831,0.000292281484006743,0.00225592371649096,"Ab_vs_Mz","Mz higher"
"fip1l1b",17.0063520969007,-6.16146809011477,2.93039931219126,0.000296703890261442,0.00228746965339415,"Ab_vs_Mz","Mz higher"
"cx36.7",13.4552253816316,8.3101258203775,3.84121876565917,0.000299520081717504,0.00230657507625117,"Ab_vs_Mz","Ab higher"
"f2rl2",38.9128148383679,-3.37009575316108,1.21390429571302,0.000300810878327704,0.00231390374614422,"Ab_vs_Mz","Mz higher"
"sema3ga",56.4198363737227,-3.62878474227879,1.31360183570557,0.000305703252288827,0.00234888884050301,"Ab_vs_Mz","Mz higher"
"fbxo31",22.597811476991,3.45775966041463,1.21676631246495,0.000308108363228192,0.0023647056943824,"Ab_vs_Mz","Ab higher"
"n4bp2",15.7766957427198,5.70467618555931,2.05857585923311,0.000321360668342292,0.00246364476415669,"Ab_vs_Mz","Ab higher"
"ndufaf5",18.7468373174681,4.1056021897123,1.46943615410563,0.000323702282752862,0.00247881108330278,"Ab_vs_Mz","Ab higher"
"rpl18",222.47288623722,-7.54564585877521,3.77833155819966,0.000327170721115646,0.00250256258987898,"Ab_vs_Mz","Mz higher"
"rex1bd",8.39119327058311,-6.25521735618581,3.01236094170932,0.000329745203384983,0.00251943059652379,"Ab_vs_Mz","Mz higher"
"atp10b",17.5603174929717,7.42065894838008,3.52489658002375,0.000333215407372096,0.00254309700727048,"Ab_vs_Mz","Ab higher"
"erp44",122.32931529149,-4.21213079011677,1.60282965669706,0.000336741393936987,0.00256713578863918,"Ab_vs_Mz","Mz higher"
"parla",74.989317883343,-3.83675420129965,1.48131535446329,0.000344047359393454,0.00261990528252403,"Ab_vs_Mz","Mz higher"
"pbrm1l",20.5357875778934,4.54543238179921,1.68374654236075,0.000346963532256873,0.0026391663105782,"Ab_vs_Mz","Ab higher"
"VPS13B",8.10234463451866,-6.48142757456795,3.17420724615469,0.000349372954968152,0.00265453415562105,"Ab_vs_Mz","Mz higher"
"spout1",7.10633665309209,6.87285603107514,3.25757376126993,0.000350610918378759,0.00266097697007594,"Ab_vs_Mz","Ab higher"
"ldb1a",11.8806896495249,-6.08421363786807,2.93475885743859,0.000352227109966104,0.00267027285699858,"Ab_vs_Mz","Mz higher"
"psmc5",393.069395949333,-3.52280959009553,1.31010493461816,0.000362744394731643,0.00274695339095893,"Ab_vs_Mz","Mz higher"
"ing5a",83.4864445304423,-2.64149691261708,0.920676283307996,0.000363693175629252,0.00275108485290286,"Ab_vs_Mz","Mz higher"
"entpd5b",50.224187996722,-2.96221479962856,1.0097673292903,0.000365443839577241,0.00276126613226525,"Ab_vs_Mz","Mz higher"
"mlf1",84.1262829745396,-4.1601773862487,1.62825402302219,0.00037011591256165,0.00279347441527449,"Ab_vs_Mz","Mz higher"
"esr1",216.899365594192,4.16649470361184,1.44748264525449,0.000374335544252257,0.00282220046235707,"Ab_vs_Mz","Ab higher"
"krt18a.1",43.533504438516,-6.88394860992333,3.44185277229865,0.000375234373028982,0.00282585444500744,"Ab_vs_Mz","Mz higher"
"C12orf57",37.4848902178075,-3.67201081823317,1.36277055744091,0.000379553665202976,0.00285523115510463,"Ab_vs_Mz","Mz higher"
"FAM53C",23.2196896949115,3.61063501834287,1.31514628418225,0.000380520349685345,0.00285935060121488,"Ab_vs_Mz","Ab higher"
"rplp2l",23.7193270149342,-7.13433347054269,3.6129775741816,0.000382011810015225,0.00286739997770504,"Ab_vs_Mz","Mz higher"
"ppdpfb",53.9658108422793,-6.75898579060317,3.38783424921649,0.000394170527576457,0.00295541264797161,"Ab_vs_Mz","Mz higher"
"ap5m1",22.0559666043275,6.36044903597663,3.05604115687029,0.000397653071453738,0.00297825126951576,"Ab_vs_Mz","Ab higher"
"cct6a",36.3854158169425,-6.18352216333697,3.0345465892364,0.00039852211799367,0.0029814872928408,"Ab_vs_Mz","Mz higher"
"lzic",9.8584421074538,4.88732828639332,1.79440711012706,0.000399590883481843,0.00298294157330045,"Ab_vs_Mz","Ab higher"
"pgr",50.4483441793741,-3.95608739705444,1.58253851039471,0.000399350530669193,0.00298294157330045,"Ab_vs_Mz","Mz higher"
"dldh",20.8468761155451,-6.12642638539399,3.01368161030109,0.000402641290361699,0.00300242789523265,"Ab_vs_Mz","Mz higher"
"stxbp1a",87.4254597770769,-4.22983303492035,1.69326432312355,0.000403778400907597,0.00300762011942416,"Ab_vs_Mz","Mz higher"
"TPM1",41.3576868560784,-6.53594799330217,3.25308208632899,0.000404384175212606,0.00300884757630928,"Ab_vs_Mz","Mz higher"
"cavin1b",59.3143647148371,-6.35613540569111,3.1552439555952,0.000406258786981447,0.00301950294507016,"Ab_vs_Mz","Mz higher"
"PDE3A",7.70228143797425,6.18710025638247,2.97819758076542,0.000406951497253387,0.00302136024565817,"Ab_vs_Mz","Ab higher"
"pphln1",9.312049475513,-7.26185783417426,3.75872328153135,0.000409145074474544,0.00303434439471719,"Ab_vs_Mz","Mz higher"
"eif3k",21.3668528004156,-6.63684391163521,3.33514678324205,0.000412554614272011,0.00305630850507919,"Ab_vs_Mz","Mz higher"
"gngt1",230.427175935877,-3.2128186115893,1.19761801790319,0.000421237892785717,0.00311725178142836,"Ab_vs_Mz","Mz higher"
"ywhabl",20.6838741940624,-6.26621666892614,3.11763255064828,0.000423243456035385,0.0031287000005736,"Ab_vs_Mz","Mz higher"
"sem1",38.3824782337615,-6.25647672165724,3.11421826743232,0.000425710767360656,0.00314353307976381,"Ab_vs_Mz","Mz higher"
"man2b2",48.9920935493942,-3.62926001303108,1.38881619665202,0.000430499284880134,0.00317545580620233,"Ab_vs_Mz","Mz higher"
"osbpl7",10.6583585626754,-6.30567019212329,3.15159907904253,0.000431234009326358,0.00317744022206668,"Ab_vs_Mz","Mz higher"
"chchd10",41.6082490446997,-3.33853485340714,1.24823848431729,0.000442320344408985,0.00325561133754315,"Ab_vs_Mz","Mz higher"
"foxm1",34.630116979261,4.964129476016,1.97359374433635,0.000448841686243682,0.00330005045823345,"Ab_vs_Mz","Ab higher"
"tgfb3",62.4890429784789,-4.13967771763422,1.6312530674527,0.000449344539540061,0.00330019138135828,"Ab_vs_Mz","Mz higher"
"ephx5",12373.0600709754,-5.79647386258596,2.84257841731241,0.000454499674730166,0.00333446374267088,"Ab_vs_Mz","Mz higher"
"opn1sw2",401.773466733748,4.43207534871038,1.74544379803342,0.000456452116682397,0.00334519096898388,"Ab_vs_Mz","Ab higher"
"SELENOP",118.004738975941,-6.54347446001252,3.32953115226618,0.00046217909344928,0.00338352784828802,"Ab_vs_Mz","Mz higher"
"taf3",27.8472503367746,-5.60042655439123,2.73974535755904,0.000462947327073847,0.00338551941331711,"Ab_vs_Mz","Mz higher"
"cdca8",11.3346342797732,7.94011165261241,3.87415836100079,0.000463872445941659,0.00338865278229116,"Ab_vs_Mz","Ab higher"
"fam53b",27.301535030099,3.31741841893208,1.22288986458886,0.000465285521388461,0.00339534022720157,"Ab_vs_Mz","Ab higher"
"hnrnpub",17.6353898123402,-5.71015986211176,2.82413639104109,0.000475148601191225,0.00346360994223048,"Ab_vs_Mz","Mz higher"
"adamtsl5",49.4296272627237,3.9340063695143,1.54188785523749,0.000477089163103844,0.00347404414072308,"Ab_vs_Mz","Ab higher"
"col1a2",707.312464667271,-7.04648712343065,3.66776368419221,0.000488634305941779,0.00355431969023535,"Ab_vs_Mz","Mz higher"
"fer",76.2372234702524,-4.24242327541499,1.75298736283792,0.000493017465285812,0.00358238356298732,"Ab_vs_Mz","Mz higher"
"uba5",31.1308518059806,3.27444010355831,1.21857661977737,0.000501051454754143,0.00363688731466757,"Ab_vs_Mz","Ab higher"
"nbeaa",12.8338321392931,-6.03990837222971,3.04331350364205,0.000504637114864557,0.00365513697953384,"Ab_vs_Mz","Mz higher"
"rps19",143.403346791169,-5.82559186889853,2.91764982088197,0.000504548433936621,0.00365513697953384,"Ab_vs_Mz","Mz higher"
"cetn4",14.1355579412842,4.38066832305079,1.54446370432886,0.00050583454000738,0.0036599247788657,"Ab_vs_Mz","Ab higher"
"rom1a",208.853882604666,-3.23120595343452,1.22403055774992,0.000506598292787286,0.00366156795729624,"Ab_vs_Mz","Mz higher"
"nelfe",150.537759470163,-2.6798522302006,0.985163315520613,0.000516537070449896,0.0037294523086557,"Ab_vs_Mz","Mz higher"
"rpl5b",634.832611216352,-3.4161832293764,1.33490130144237,0.000517873248194233,0.00373514711673283,"Ab_vs_Mz","Mz higher"
"gcnt7",6.08202199551296,6.29253630523233,3.12516049257663,0.000518475116575522,0.00373553930347919,"Ab_vs_Mz","Ab higher"
"si:ch211-76l23.4",10.8702404243327,7.86058388006543,3.89518080259313,0.000521365659709066,0.00375240284408751,"Ab_vs_Mz","Ab higher"
"PDCL3",77.4629443108685,-3.9752972477032,1.54912118834952,0.000523323486293849,0.00376252491779024,"Ab_vs_Mz","Mz higher"
"lrfn4b",13.537331753401,4.39475277814063,1.71769669900944,0.000525158405212042,0.00377174294606501,"Ab_vs_Mz","Ab higher"
"pou6f2",10.4128630743039,6.02106772908884,2.19526994796586,0.000530831697782768,0.00380848020396617,"Ab_vs_Mz","Ab higher"
"polr1a",19.8659754383421,-2.75945080923657,1.01396920144354,0.000532667911232175,0.00381763987220286,"Ab_vs_Mz","Mz higher"
"hmox1a",51.7706300758186,-4.29938102010436,1.83473389024876,0.000534699854557758,0.00382818164496074,"Ab_vs_Mz","Mz higher"
"atp5pb",14.4700754536874,-6.15764530502807,3.15683410448803,0.000535387649212879,0.00382908797754662,"Ab_vs_Mz","Mz higher"
"ube2v2",14.5702755614909,-5.80899470592639,2.93448263305094,0.000536842667489761,0.00383146184129983,"Ab_vs_Mz","Mz higher"
"MARF1",18.762039364814,-0.821562541329418,1.62608779586369,0.000536529033406845,0.00383146184129983,"Ab_vs_Mz","Mz higher"
"sars2",25.9648859667608,-6.31300762562067,3.25904315442134,0.000539997872803863,0.0038499534860405,"Ab_vs_Mz","Mz higher"
"sgsh",6.8375586400549,-6.51369008411855,3.41109887653576,0.000542717419308924,0.0038653037076668,"Ab_vs_Mz","Mz higher"
"pdhb",32.2460241489459,3.60128793877028,1.40114232822062,0.00055912143822675,0.00397798287072066,"Ab_vs_Mz","Ab higher"
"cfap410",19.330529693754,-6.37251167629561,3.32329179584318,0.000561254620494244,0.0039890002871169,"Ab_vs_Mz","Mz higher"
"chd7",10.2260909027505,-5.68688024923866,2.86846388336975,0.000564172767246161,0.00400556794060412,"Ab_vs_Mz","Mz higher"
"fnbp4",39.4726546986878,3.42803325646514,1.32734615382101,0.000574757814573135,0.00407647876178014,"Ab_vs_Mz","Ab higher"
"ints9",36.3982693056684,-2.9782849785975,1.13618742685182,0.000583042114182564,0.00413094116829453,"Ab_vs_Mz","Mz higher"
"ebag9",9.07880369150932,-6.5090096528147,3.45083724295371,0.000589008866432465,0.00416888744363974,"Ab_vs_Mz","Mz higher"
"gnat1",412.150530066831,-3.06785737350526,1.17700493892489,0.000592925506604571,0.00419225982545388,"Ab_vs_Mz","Mz higher"
"tyr",25.6137377439952,4.20645056954478,1.74146265805558,0.00059616340999806,0.00421078979960328,"Ab_vs_Mz","Ab higher"
"coq6",11.5009619669894,-6.70264706974568,3.61219369056223,0.000603870207099113,0.00426081326063831,"Ab_vs_Mz","Mz higher"
"ech1",44.6735097055959,4.35603101850385,1.79269129843538,0.00060831334623801,0.00428772929894829,"Ab_vs_Mz","Ab higher"
"clcn6",9.76403632219573,4.89014303478333,1.90327237707587,0.000610159135306114,0.00429630111475089,"Ab_vs_Mz","Ab higher"
"cox6b2",13.808974991395,-5.63163267552977,2.87599242296205,0.000618391929325782,0.00434978158122661,"Ab_vs_Mz","Mz higher"
"tnnt2d",81.9383181015261,-3.89098095932585,1.65604375992146,0.00062125381841809,0.00436541174363196,"Ab_vs_Mz","Mz higher"
"evla",11.6566146892901,-7.28734857650899,4.1370375054019,0.000625522950458088,0.00438637522196869,"Ab_vs_Mz","Mz higher"
"adnp2b",184.585631481076,-3.60293274461511,1.44603490029427,0.000625042485722757,0.00438637522196869,"Ab_vs_Mz","Mz higher"
"upb1",33.4636335955911,4.46648338461406,1.81571194520825,0.000626578225557381,0.00438926409956675,"Ab_vs_Mz","Ab higher"
"plod1a",9.00618494434539,-6.23907005462513,3.30236180320541,0.0006279188598929,0.00439414398056334,"Ab_vs_Mz","Mz higher"
"top1l",19.7698572098582,-5.73375427330835,2.95852681224031,0.000640305894849399,0.00447623680384985,"Ab_vs_Mz","Mz higher"
"rpl13",100.318579250391,-6.68433367114638,3.62423649437703,0.000642152486491779,0.00448391043308296,"Ab_vs_Mz","Mz higher"
"hspa8",218.487755471831,-3.49517103812383,1.39659404437459,0.000642717925187621,0.00448391043308296,"Ab_vs_Mz","Mz higher"
"rpl35",411.491805582439,-4.26826841243138,1.84622049559263,0.000652534384605488,0.00454774474582558,"Ab_vs_Mz","Mz higher"
"vdac3",71.329002928654,5.46810300543166,2.76964190099042,0.00065628611977589,0.00456922468901112,"Ab_vs_Mz","Ab higher"
"siah1",27.7418199442339,-3.77878526570867,1.53339558092517,0.000660294621942831,0.00459244669267679,"Ab_vs_Mz","Mz higher"
"cbx3a",14.1773251464157,-5.56883622273084,2.86417574371262,0.000661418720380348,0.00459558037592171,"Ab_vs_Mz","Mz higher"
"smyd1b",20.9085515564453,-7.07753741322584,4.02302780508968,0.000667558229980309,0.00463351963698439,"Ab_vs_Mz","Mz higher"
"UTP14C",17.0585953874448,4.23109575561467,1.73328246355039,0.000672287793351054,0.00466160529881528,"Ab_vs_Mz","Ab higher"
"cpeb3",28.4096600103392,3.27062363790173,1.27503464938869,0.000675108501970395,0.00467641148116143,"Ab_vs_Mz","Ab higher"
"mars2",332.173192202439,4.95549049167668,2.51243440235137,0.000677259795371873,0.00468655535884613,"Ab_vs_Mz","Ab higher"
"ewsr1b",10.4576747296128,-5.87596537201589,3.08675549183187,0.000682612485084938,0.00471880950935616,"Ab_vs_Mz","Mz higher"
"ostc",8.28030196443792,-6.65522240635997,3.67232272609121,0.00068415208568442,0.00472193144045479,"Ab_vs_Mz","Mz higher"
"osgepl1",113.464210274067,-4.59202509098351,2.18650370645036,0.000685086142755411,0.00472193144045479,"Ab_vs_Mz","Mz higher"
"fuca2",21.0092733917724,3.90178583552308,1.6267776937375,0.000685140279356623,0.00472193144045479,"Ab_vs_Mz","Ab higher"
"nrros",19.4208003279218,3.60366089323522,1.44895747743927,0.000690592373205911,0.00475470409927743,"Ab_vs_Mz","Ab higher"
"cog4",1089.3842420513,-3.37496108484127,1.34641131229725,0.000694329828155487,0.00477561735635574,"Ab_vs_Mz","Mz higher"
"kcnh3",8.02701052005285,7.1570013067557,3.70834620738222,0.000695883147581213,0.00477683042321607,"Ab_vs_Mz","Ab higher"
"dpp6a",21.0238860352442,5.98451529418333,3.08921127283108,0.000695906410768984,0.00477683042321607,"Ab_vs_Mz","Ab higher"
"rad54l",8.12204192647201,7.18098834968849,3.74959780250919,0.000700745637772667,0.00480521355429438,"Ab_vs_Mz","Ab higher"
"med23",13.4042370150076,3.88512479961886,1.58000672471037,0.000708293477788589,0.0048520947780638,"Ab_vs_Mz","Ab higher"
"dtymk",312.549996933376,-2.63453174019363,1.0052156845581,0.000713157132708411,0.00488051265443279,"Ab_vs_Mz","Mz higher"
"glt1d1",63.1271652141901,-2.89472416289092,1.14012544365103,0.000715972782072027,0.00489487203614974,"Ab_vs_Mz","Mz higher"
"sncgb",34.5046896298985,-6.97524221007593,3.96379657457373,0.000720700474738474,0.00492226160074135,"Ab_vs_Mz","Mz higher"
"ran",66.3067856730182,-6.0139208996443,3.21031831489201,0.00072192785719554,0.00492571376964517,"Ab_vs_Mz","Mz higher"
"tm9sf5",20.7523296253549,-5.6325640731377,2.95129929049804,0.000728580516069198,0.00496613872241772,"Ab_vs_Mz","Mz higher"
"nbas",39.3358726858455,-3.24339321362705,1.28352506643778,0.000739435111516193,0.00503509557472553,"Ab_vs_Mz","Mz higher"
"stat2",16.5753169781615,-5.69225730466854,3.00459806010138,0.000746036049455425,0.00507497902834931,"Ab_vs_Mz","Mz higher"
"myo1ha",44.6197489630817,-3.4770722917852,1.44128539006142,0.000749220292438719,0.00508649756747202,"Ab_vs_Mz","Mz higher"
"fbxo34",27.7307004544019,3.4575407067013,1.3023082709272,0.000748981493219833,0.00508649756747202,"Ab_vs_Mz","Ab higher"
"dnaja2b",8.76714175948313,-5.67253102349897,2.99729078240001,0.000751474341502991,0.00509166775777051,"Ab_vs_Mz","Mz higher"
"lrrfip2",15.1367071236342,-5.66811161873084,2.98043708401229,0.00075075044678666,0.00509166775777051,"Ab_vs_Mz","Mz higher"
"osbpl1a",10.9936773013459,5.98770050180524,2.3225907745946,0.000763007021903024,0.00516467947464716,"Ab_vs_Mz","Ab higher"
"eif3s6ip",16.7853741859331,-6.27308410095286,3.44488260406879,0.000768625019186012,0.00518901696019232,"Ab_vs_Mz","Mz higher"
"pdcd5",15.3616452620576,-5.59054350206732,2.94655032043075,0.000768884090100314,0.00518901696019232,"Ab_vs_Mz","Mz higher"
"samd4a",11.168104419659,5.01306556389728,2.06318024376706,0.000768033367575669,0.00518901696019232,"Ab_vs_Mz","Ab higher"
"PPP2R2C",15.9538732858655,4.60468141937614,1.89169364797308,0.000772243393559011,0.00520653821566515,"Ab_vs_Mz","Ab higher"
"fstl1b",110.261282998818,-6.34418475580269,3.50518026762756,0.000778112230902076,0.00523708260643386,"Ab_vs_Mz","Mz higher"
"adam8b",13.7151533687555,5.86137820570961,2.27190330468814,0.000778308920258527,0.00523708260643386,"Ab_vs_Mz","Ab higher"
"CNNM1",551.063818258487,-3.53939899038876,1.54635201046712,0.000792716282480386,0.00532877162104795,"Ab_vs_Mz","Mz higher"
"degs2",30.7548251904254,2.86276428510912,1.11812409824761,0.000797521307955061,0.00535579516159191,"Ab_vs_Mz","Ab higher"
"sf3a2",21.9143329465586,3.74809947542186,1.57118640159869,0.000811873295255958,0.00544681562785782,"Ab_vs_Mz","Ab higher"
"zgc:153018",6.30222200134644,5.95675522919067,3.14870361143874,0.000813254982744272,0.00545072568493533,"Ab_vs_Mz","Ab higher"
"fkbp5",25.4405010307166,-5.62018514950755,2.99467533693833,0.000814370309467273,0.00545284457457822,"Ab_vs_Mz","Mz higher"
"rpl26",87.1072492194258,-6.41122528151452,3.60383761311131,0.000823323121253276,0.00550199182792468,"Ab_vs_Mz","Mz higher"
"hsdl1",5.65123238305785,6.04411126598704,3.21163379098157,0.000822858638457272,0.00550199182792468,"Ab_vs_Mz","Ab higher"
"chp2",12.1572804341597,-6.80928858690844,3.98143499596017,0.000828946315532627,0.00553414942356078,"Ab_vs_Mz","Mz higher"
"zgc:109982",26.3137391353728,-5.86336098288942,3.1926594225093,0.000845234864052373,0.00563737778829848,"Ab_vs_Mz","Mz higher"
"fam177a1",16.5353122467945,4.45947630664002,1.91733774611368,0.000848249566319041,0.00565195975683088,"Ab_vs_Mz","Ab higher"
"tex10",34.6469039515889,-2.67182665892819,1.03091233818562,0.000851924445430081,0.00567090779626287,"Ab_vs_Mz","Mz higher"
"irx7",17.4110618741197,-4.24917633400927,1.90015537628574,0.000865220063067429,0.00575379774883924,"Ab_vs_Mz","Mz higher"
"arl13a",24.2829340686764,-5.99661796103508,3.31048833345254,0.000866540339449533,0.00575696663686871,"Ab_vs_Mz","Mz higher"
"aggf1",9.33407536830528,4.30452265036765,1.73789804716831,0.00087304974950157,0.00579457046775215,"Ab_vs_Mz","Ab higher"
"bcar1",13.9788434552027,-6.01344347156067,3.34366154753765,0.000880669719521851,0.0058394650109792,"Ab_vs_Mz","Mz higher"
"tyrp1a",33.9335320482919,-6.23189575954665,3.49872779654451,0.000883781751714541,0.00584873219393629,"Ab_vs_Mz","Mz higher"
"scp2b",18.2342545378929,3.73319048689051,1.57142243779406,0.000883227501941987,0.00584873219393629,"Ab_vs_Mz","Ab higher"
"stt3a",21.3465679332265,-5.73577657287311,3.12413632666068,0.000897004262011338,0.00593048457335597,"Ab_vs_Mz","Mz higher"
"her9",14.6839148470897,4.62017639224944,1.99754222085215,0.000902278646206712,0.00595958102910784,"Ab_vs_Mz","Ab higher"
"yju2",9.47456314972114,-5.99362908711149,3.3512781175127,0.000907609240032557,0.00598899211290342,"Ab_vs_Mz","Mz higher"
"capn1b",98.5649266960515,3.31983044551937,1.30605142905971,0.000910126803375429,0.00599980210573,"Ab_vs_Mz","Ab higher"
"ramp2",12.2053493441317,-6.40852045198898,3.70834742338879,0.000912313689481892,0.00600841342020748,"Ab_vs_Mz","Mz higher"
"tspan3b",53.765564774288,-3.43025537620335,1.46934206139044,0.000916514990191283,0.00603026208107533,"Ab_vs_Mz","Mz higher"
"c6",25.8468541656926,4.79035246256478,2.05262542930838,0.000927910043830149,0.00609935474860607,"Ab_vs_Mz","Ab higher"
"fam3a",20.772063242879,5.49032660425413,2.59855989126945,0.00093005501944579,0.00610757016138462,"Ab_vs_Mz","Ab higher"
"st6gal2a",24.9156976295364,-4.09578268207107,1.91970950155559,0.000938623317280037,0.00615791047480932,"Ab_vs_Mz","Mz higher"
"pigr",19.0834312645632,-5.96961400887026,3.3541887263953,0.000940747412070871,0.00616591699573444,"Ab_vs_Mz","Mz higher"
"si:dkey-40c11.2",19.9595620380834,-5.76101927280678,3.18876009584376,0.000942109864410988,0.00616892092598481,"Ab_vs_Mz","Mz higher"
"pcif1",24.7479616765009,3.33196723687886,1.37902674053424,0.000943278830355813,0.00617065336483002,"Ab_vs_Mz","Ab higher"
"ube2na",7.86952775613223,-5.59897880921994,3.06836255151015,0.000950756720270106,0.00621361408276143,"Ab_vs_Mz","Mz higher"
"iah1",9.08179292591401,6.03143999543702,3.2616087170606,0.000954953265079279,0.00622637602522479,"Ab_vs_Mz","Ab higher"
"ppp3ccb",20.7411385168234,-5.33586714152232,2.87370457711859,0.000953863685871053,0.00622637602522479,"Ab_vs_Mz","Mz higher"
"thap12b",21.5846219897872,3.3236007959544,1.3652976655825,0.000955447119802192,0.00622637602522479,"Ab_vs_Mz","Ab higher"
"tomm20b",111.056558326112,2.51867995062434,0.974697056887425,0.000975463010421283,0.0063507482062065,"Ab_vs_Mz","Ab higher"
"arhgef10",51.967736305309,2.86717700495753,1.16215155124464,0.000978316921585728,0.00636325677405093,"Ab_vs_Mz","Ab higher"
"atl1",16.9897394149931,5.00267133999421,1.89256255353189,0.000985551685835187,0.00640420871662236,"Ab_vs_Mz","Ab higher"
"usp47",13.4315492559357,-5.45563220083718,2.97903188510379,0.000990902735989854,0.00642673894264142,"Ab_vs_Mz","Mz higher"
"sod1",47.7847418709745,-5.37772425774382,2.92026393923093,0.000990014696046096,0.00642673894264142,"Ab_vs_Mz","Mz higher"
"SYDE1",24.6569785718731,3.07717269683912,1.27748238435083,0.00100933705519566,0.00654008236239313,"Ab_vs_Mz","Ab higher"
"pkd2",69.8349221364404,-3.95809563697138,1.86995938896723,0.001015846509196,0.00657601587499462,"Ab_vs_Mz","Mz higher"
"pex11b",361.450406858398,-5.78369285740926,3.24984158124555,0.00101771569401567,0.00658187126091842,"Ab_vs_Mz","Mz higher"
"SLC16A7",13.650847920918,-6.21246237499063,3.64127816887716,0.00101904840764196,0.00658424932323968,"Ab_vs_Mz","Mz higher"
"chdh",200.316224212297,3.00882280651987,1.24164870434133,0.00102016360371881,0.00658521879675825,"Ab_vs_Mz","Ab higher"
"nufip2",5.63089258648704,6.20599523128209,3.4561224325602,0.00102688775646654,0.00661610496918907,"Ab_vs_Mz","Ab higher"
"KLHL28",18.4398782632471,5.2488475228174,2.86715731016111,0.00102634566172596,0.00661610496918907,"Ab_vs_Mz","Ab higher"
"dpep2",49.5326812378165,5.21571735823756,2.09666214576941,0.00103100238027048,0.00663634834017498,"Ab_vs_Mz","Ab higher"
"grk7a",29.8324730645216,-6.11369690848852,3.55023673664362,0.00103885141214286,0.00668056850617414,"Ab_vs_Mz","Mz higher"
"ift88",26.9821725197308,3.74209606861524,1.56211620820525,0.00104687210045225,0.00672580823105997,"Ab_vs_Mz","Ab higher"
"rpl36",65.3614148459329,-6.00419133200321,3.45005439128159,0.0010579688327725,0.00679070681656325,"Ab_vs_Mz","Mz higher"
"NSG1",52.8579005116128,-3.71534239276704,1.73315648316012,0.00105922119485508,0.00679235546287236,"Ab_vs_Mz","Mz higher"
"ppp1cbl",33.5256077346249,-5.62025574674272,3.14192302949478,0.00106572071118709,0.00682761728866624,"Ab_vs_Mz","Mz higher"
"usb1",15.4494018559535,5.08151192759896,2.38180584370096,0.0010790386205096,0.00690645451007223,"Ab_vs_Mz","Ab higher"
"jupa",15.9533374063404,-5.51435107025217,3.08552630698611,0.00108368278758723,0.00692967915623965,"Ab_vs_Mz","Mz higher"
"mettl25",11.7387457085668,-5.60424528051658,3.16623706730526,0.00109116528810466,0.00697099322166487,"Ab_vs_Mz","Mz higher"
"ctsd",75.0937541974494,3.38647683943757,1.46957080382228,0.00109431622609949,0.00698458335891189,"Ab_vs_Mz","Ab higher"
"bag5",56.1026179205375,-3.53254918231009,1.66189678370939,0.00109665264139617,0.00699295417966921,"Ab_vs_Mz","Mz higher"
"smc2",8.33490214730752,-5.35693135481492,2.97239385426494,0.00110352487805278,0.00703020564234745,"Ab_vs_Mz","Mz higher"
"lbr",14.9507004689025,-5.39166811766033,2.99221826879676,0.00112196115016713,0.00714098967125964,"Ab_vs_Mz","Mz higher"
"igf2b",13.7701200023967,-6.0190786549001,3.53454538964936,0.00113801267352916,0.0072296652434725,"Ab_vs_Mz","Mz higher"
"ipo7",18.1325583441416,-5.13348857216614,2.79893262789095,0.00113784391004404,0.0072296652434725,"Ab_vs_Mz","Mz higher"
"ACVR1B",9.53097243475473,-5.41170828766434,3.03878647872427,0.00114323195474104,0.00725606662995172,"Ab_vs_Mz","Mz higher"
"ccdc136b",21.3698784674029,-5.53423295065373,3.14174948512524,0.00115234674450203,0.00729356385689923,"Ab_vs_Mz","Mz higher"
"foxk1",42.7511713646843,2.58324672166517,1.03737757484831,0.00115171991786342,0.00729356385689923,"Ab_vs_Mz","Ab higher"
"esco2",10.4299170872657,-0.87535533403835,1.7191982448342,0.00115180574009647,0.00729356385689923,"Ab_vs_Mz","Mz higher"
"col1a1b",465.012175661091,-6.22377833582618,3.76532689614627,0.00115769829852308,0.00732064456980812,"Ab_vs_Mz","Mz higher"
"znf622",14.4467811337787,-5.11024481549888,2.80741222023366,0.0011649402524231,0.00735534906273343,"Ab_vs_Mz","Mz higher"
"dlk2",63.2210767098048,5.09877379888457,2.80647283707211,0.0011653425673186,0.00735534906273343,"Ab_vs_Mz","Ab higher"
"urad",15.1388671349927,-5.74031486659982,3.3075755473073,0.00116648954027915,0.00735578385704681,"Ab_vs_Mz","Mz higher"
"impdh1b",31.5072120195997,-3.38117790376893,1.48597144488372,0.00117467549734522,0.00739373700958161,"Ab_vs_Mz","Mz higher"
"rom1b",240.367506297536,-2.46699193255906,0.98063107495004,0.00117406607849854,0.00739373700958161,"Ab_vs_Mz","Mz higher"
"zdhhc4",8.79555889327584,5.30594800771531,2.17374483795132,0.00117923758130383,0.00741561107579358,"Ab_vs_Mz","Ab higher"
"atcayb",8.21335388803004,5.15458322117345,2.8994091506876,0.00119192861870592,0.0074885165427537,"Ab_vs_Mz","Ab higher"
"csde1",32.3464969808664,-5.3901156400119,3.04990766082161,0.00120106872060054,0.00753899897024606,"Ab_vs_Mz","Mz higher"
"snrnp40",6.48697345324137,-6.24808092786091,3.91410025924607,0.00121583205360395,0.0076246526670402,"Ab_vs_Mz","Mz higher"
"stxbp1b",22.7090497781077,-5.9661201052299,3.54128323345399,0.0012182091467544,0.00763254454389833,"Ab_vs_Mz","Mz higher"
"tm2d3",12.6544333732727,4.06692780612381,1.86168329378575,0.00122478314628577,0.00766669303404386,"Ab_vs_Mz","Ab higher"
"PRKD3",12.8483192330011,3.59882603765215,1.47688022873494,0.001232213677232,0.0077061355818093,"Ab_vs_Mz","Ab higher"
"slco1c1",7.87673835623328,5.33702391557995,3.05478001415563,0.00124545810521835,0.00778183209881392,"Ab_vs_Mz","Ab higher"
"srsf9",34.695439397248,4.69279086269399,2.42902109247231,0.00127029299452412,0.00792974300241363,"Ab_vs_Mz","Ab higher"
"pex5",17.4321733086918,-5.50236726211379,3.18418942133223,0.00127518214994675,0.00794928601623469,"Ab_vs_Mz","Mz higher"
"picalmb",10.3926922526766,-5.23748647907724,2.96319534650346,0.00127580100046621,0.00794928601623469,"Ab_vs_Mz","Mz higher"
"bfsp2",13.145938881419,3.25069177303491,1.39746485366728,0.00127691887348574,0.00794928601623469,"Ab_vs_Mz","Ab higher"
"asb2a.1",17.18778468366,2.93689605507828,1.24654820241141,0.00128454640331811,0.007989480501221,"Ab_vs_Mz","Ab higher"
"impdh1a",17.0809646709819,-6.08362354134934,3.78925679521946,0.00130725815194567,0.00811594392240703,"Ab_vs_Mz","Mz higher"
"eif3ha",34.8308675674995,-5.53338475458215,3.23722067809146,0.0013072147137183,0.00811594392240703,"Ab_vs_Mz","Mz higher"
"sgta",12.970036769499,3.28941608802831,1.42393297008165,0.00131208247877944,0.00813848977519282,"Ab_vs_Mz","Ab higher"
"zgc:77375",45.1778935393711,3.8378607582001,1.78667586940126,0.00131702692344032,0.00816173905416283,"Ab_vs_Mz","Ab higher"
"rpl29",22.9177240189505,-5.71999622614763,3.42254568280389,0.00131920294454911,0.00816780552691341,"Ab_vs_Mz","Mz higher"
"myof",16.4422651444646,4.76484947869011,1.86776543157897,0.00133066060884578,0.00822756520518659,"Ab_vs_Mz","Ab higher"
"abcg1",8.93243729758342,4.20014047891682,1.75296756781309,0.00133126659629576,0.00822756520518659,"Ab_vs_Mz","Ab higher"
"rgs9a",122.870403062682,3.51315944563583,1.64515561527148,0.00134625823877117,0.00831268774944405,"Ab_vs_Mz","Ab higher"
"PHB2",20.7561590907752,-5.03525304352353,2.82350975857927,0.00134750128332312,0.00831284019540114,"Ab_vs_Mz","Mz higher"
"ola1",8.16512343270863,-5.27193677878037,3.04229890145297,0.00135998210259845,0.00837469123287834,"Ab_vs_Mz","Mz higher"
"metap1",35.0759292614682,2.77114949161179,1.15371211649245,0.00135899008232313,0.00837469123287834,"Ab_vs_Mz","Ab higher"
"kcnk6",6.74944505081606,-6.11096147408593,3.92203578921105,0.00137828336529372,0.00847180454520528,"Ab_vs_Mz","Mz higher"
"nr2f1a",10.7296404184674,-5.59613889926266,3.35452500273953,0.00138071913443768,0.00847180454520528,"Ab_vs_Mz","Mz higher"
"kdr",23.143991906254,-5.37038676506854,3.13499438786031,0.001378065493412,0.00847180454520528,"Ab_vs_Mz","Mz higher"
"fez1",12.1780381808861,-5.18707399583251,2.97384310775423,0.00138009452929281,0.00847180454520528,"Ab_vs_Mz","Mz higher"
"smarca5",9.39342312047294,-5.33897052018007,3.11480210573788,0.00138385394790869,0.00848341014068371,"Ab_vs_Mz","Mz higher"
"tbx2b",31.4271525820261,-4.94709638519217,2.77511258818402,0.00138704156985612,0.00849531834033061,"Ab_vs_Mz","Mz higher"
"nptna",4.00512950382608,5.50678659338764,3.18480905037439,0.00139505808778075,0.00853675455867987,"Ab_vs_Mz","Ab higher"
"nosip",11.3099109617774,-5.30406639215441,3.06981917666463,0.0014013108532844,0.00856145174179503,"Ab_vs_Mz","Mz higher"
"rbm22",15.4739477686724,4.66109416849574,1.93408034868587,0.0014016036341177,0.00856145174179503,"Ab_vs_Mz","Ab higher"
"zgc:172122",10.9846215777908,-5.32321728842226,3.11287012230583,0.00140519493748922,0.00857571114355002,"Ab_vs_Mz","Mz higher"
"mmp19",53.9991539762249,4.918151741338,2.85848013072424,0.00141082188081673,0.00860235718750002,"Ab_vs_Mz","Ab higher"
"mtnr1bb",9.53281515947676,5.26092218534389,3.04957717915305,0.00143070834187111,0.00869982727855111,"Ab_vs_Mz","Ab higher"
"poldip3",5.64063524596093,-5.2553001825969,3.06546369378186,0.00142816271633186,0.00869982727855111,"Ab_vs_Mz","Mz higher"
"gigyf2",13.9236801147785,-5.01227386611608,2.84856180566328,0.00142939812714352,0.00869982727855111,"Ab_vs_Mz","Mz higher"
"zbtb41",65.0069453742711,4.96988863539235,2.86856123059067,0.00143190767020561,0.00869982727855111,"Ab_vs_Mz","Ab higher"
"pex16",45.3143317355672,5.20652883088878,2.99949896423299,0.00143772025152745,0.00871961357881938,"Ab_vs_Mz","Ab higher"
"fam183a",370.260342506855,2.4897772647963,1.02717609678169,0.00143658543412122,0.00871961357881938,"Ab_vs_Mz","Ab higher"
"FBN1",45.3444333264694,-5.70241694605585,3.46004950018074,0.00144021467416208,0.00872548473695448,"Ab_vs_Mz","Mz higher"
"alyref",24.5255385611039,-5.19109982677444,2.98646136411386,0.00144364554275092,0.00872548473695448,"Ab_vs_Mz","Mz higher"
"fkbp4",9.95422219398376,-4.96076590497229,2.80854293971398,0.0014421122343521,0.00872548473695448,"Ab_vs_Mz","Mz higher"
"cep135",65.1105910176191,-3.98120066703789,2.13400891691645,0.00144444249400365,0.00872548473695448,"Ab_vs_Mz","Mz higher"
"txndc17",13.8062626945956,3.61913549951672,1.63849024211473,0.00144508247878625,0.00872548473695448,"Ab_vs_Mz","Ab higher"
"osbpl11",5.29966498721913,5.80691868018627,3.4502134382177,0.00145234768774812,0.00875191303131075,"Ab_vs_Mz","Ab higher"
"cert1b",14.9486505252243,3.95414754303216,1.81471182858536,0.00145213993645215,0.00875191303131075,"Ab_vs_Mz","Ab higher"
"hs3st3l",38.1274501097098,3.91031446925898,1.95350517214764,0.00145330755744908,0.00875191303131075,"Ab_vs_Mz","Ab higher"
"ddost",14.1997469875474,-5.32362632496144,3.13868292555338,0.00145575798753274,0.00875450468253538,"Ab_vs_Mz","Mz higher"
"aipl2",10.6971609783254,5.31334375418476,3.1162938317013,0.00145758717856664,0.00875450468253538,"Ab_vs_Mz","Ab higher"
"rpl6",2227.48742492233,-3.54947389039428,1.76121371011668,0.001456608911829,0.00875450468253538,"Ab_vs_Mz","Mz higher"
"ACTA1",34.3391367294805,5.00656993004499,2.9271890862938,0.0014630107829423,0.00877935142657458,"Ab_vs_Mz","Ab higher"
"slc40a1",17.8830601617095,-5.72755050859698,3.54681068372986,0.00147031463626623,0.0088154277357157,"Ab_vs_Mz","Mz higher"
"rnf40",26.3899869001713,3.01273995311919,1.3208498837978,0.00147491068470289,0.00883522001907623,"Ab_vs_Mz","Ab higher"
"PTDSS1",8.08587363875427,5.32569265249639,2.26807418735636,0.00147674652723515,0.00883845750467145,"Ab_vs_Mz","Ab higher"
"porcn",2298.88424962734,0.261595413296432,1.06667972231857,0.00150016255423752,0.00897073541416529,"Ab_vs_Mz","Ab higher"
"gdap1l1",14.0467438232025,4.14219381353437,1.76929899052526,0.00152430112889233,0.00910709860107916,"Ab_vs_Mz","Ab higher"
"hnrnpr",19.2263049118815,-5.1003682976837,2.97008551702266,0.00152809269957033,0.00912176420749638,"Ab_vs_Mz","Mz higher"
"nin",22.4132851391934,-5.26181791282011,3.11981523569982,0.00154076429943545,0.00918936609707002,"Ab_vs_Mz","Mz higher"
"gstr",25.9716302018822,-5.46541448497155,3.32995189680776,0.0015507102450253,0.00922946487308351,"Ab_vs_Mz","Mz higher"
"si:ch211-63o20.7",18.0315157890844,5.29174248161134,3.10784833582332,0.00155115521650389,0.00922946487308351,"Ab_vs_Mz","Ab higher"
"lsm4",9.4039328918137,-5.14841859792978,3.02592558577332,0.00155154568509846,0.00922946487308351,"Ab_vs_Mz","Mz higher"
"serpine2",51.7098620921241,-5.41020428043635,3.27982808337509,0.00156114945669294,0.00927850413154698,"Ab_vs_Mz","Mz higher"
"orc4",15.1216250642022,3.95571171534984,1.88901560106865,0.00158603574936763,0.00941820880586192,"Ab_vs_Mz","Ab higher"
"snw1",19.0871774544936,-5.12665945249639,3.03243732357081,0.00161015583433193,0.00955312457186674,"Ab_vs_Mz","Mz higher"
"abca4a",34.1993308265369,-4.83327941149366,2.74837755339887,0.00161881076470723,0.00959613018905076,"Ab_vs_Mz","Mz higher"
"zdhhc15b",177.995881110788,-2.76002178584244,1.25346895074669,0.00162135044071406,0.00960284206336113,"Ab_vs_Mz","Mz higher"
"itm2cb",10.8041775521023,5.77928096166674,2.66194214132947,0.00162282189900997,0.00960322100342156,"Ab_vs_Mz","Ab higher"
"btbd7",19.8947077483889,-2.78131563766252,1.21929248228881,0.00163134418875147,0.00964528717491448,"Ab_vs_Mz","Mz higher"
"tmeff1a",4.53925171396891,-5.7367514630058,3.74752078841938,0.00164404410316248,0.00970355788570728,"Ab_vs_Mz","Mz higher"
"sclt1",9.67520396145832,4.01114386364688,1.93308356151744,0.0016429205577565,0.00970355788570728,"Ab_vs_Mz","Ab higher"
"rnf10",24.5295194103503,-4.97948327390839,2.91254292549913,0.00165520849851999,0.0097610091490077,"Ab_vs_Mz","Mz higher"
"chst12a",33.9003508408567,4.84491709317772,2.88333117203825,0.00167717420810799,0.00988200312773816,"Ab_vs_Mz","Ab higher"
"aqp12",78.3203686090195,-2.73639937206669,1.18546201166524,0.00168047897782083,0.00989293189445343,"Ab_vs_Mz","Mz higher"
"tp53bp2a",14.6112871221057,-5.32991095060196,3.28959500347935,0.00169690325210083,0.00997241247983117,"Ab_vs_Mz","Mz higher"
"slc3a2a",18.2699801122379,-4.95236578352567,2.91078037072387,0.00169641898060922,0.00997241247983117,"Ab_vs_Mz","Mz higher"
"sprn",5.82103285054099,5.46714235364456,3.34398287127192,0.00170097075043623,0.00998771379537553,"Ab_vs_Mz","Ab higher"
"rbbp4",28.5590554266912,2.41204527023049,1.01456784576732,0.00170855239363188,0.0100236053153485,"Ab_vs_Mz","Ab higher"
"dhx36",22.1977038353135,-5.24749339778091,3.21205041063693,0.00171576059776014,0.0100572461842933,"Ab_vs_Mz","Mz higher"
"inppl1b",13.8848327029692,4.48449690085043,2.33641153887761,0.00173008667795372,0.0101325162263332,"Ab_vs_Mz","Ab higher"
"slc1a2a",8.21417693657694,-6.05424975856449,4.34985371808325,0.00173864984545748,0.0101739347303228,"Ab_vs_Mz","Mz higher"
"cwc22",11.3223421168861,-5.0392864687082,3.01988403929592,0.00174440418271275,0.0101901282008982,"Ab_vs_Mz","Mz higher"
"si:dkey-97o5.1",48.2021853116736,-2.54184921550146,1.09846502611506,0.00174414413667746,0.0101901282008982,"Ab_vs_Mz","Mz higher"
"si:ch211-59d15.9",6.76294327541601,-6.01795230870797,4.35492226965745,0.00175820244837458,0.0102619463689134,"Ab_vs_Mz","Mz higher"
"rpl22l1",30.7766769925354,-5.97898938753639,4.18928218655337,0.0017604711664342,0.0102664057851116,"Ab_vs_Mz","Mz higher"
"svopa",52.3232133930607,3.17562890729685,1.46938697515637,0.00176334262898615,0.0102743695624018,"Ab_vs_Mz","Ab higher"
"col6a1",81.3873358295956,-5.6778011186409,3.69797181453549,0.00178909394310744,0.0104155187489949,"Ab_vs_Mz","Mz higher"
"atat1",9.56551815569344,-5.7641110199564,3.92825602257866,0.00179299978030172,0.0104293584833748,"Ab_vs_Mz","Mz higher"
"aif1l",6.44698447696798,-5.80011204839964,4.00646742083879,0.0018078046658061,0.0105065172357709,"Ab_vs_Mz","Mz higher"
"abca1a",12.7115975610872,-5.22600838680503,3.24762466832833,0.00181571553850505,0.0105435124418893,"Ab_vs_Mz","Mz higher"
"fpgs",12.9530313924907,3.62920357260748,1.68796066052413,0.00182162759852844,0.0105688478781969,"Ab_vs_Mz","Ab higher"
"RBPMS",9.44854301350911,-5.32222566440547,3.36615100650729,0.00182666994491281,0.010589098584656,"Ab_vs_Mz","Mz higher"
"ezrb",25.0141157836265,2.58174271306642,1.10928073903308,0.00185298656704775,0.0107325359481892,"Ab_vs_Mz","Ab higher"
"vars2",19.7449459077717,3.06957985136251,1.41256329290073,0.00186155527397482,0.010773020894258,"Ab_vs_Mz","Ab higher"
"ccdc114",6.3800579428819,4.9529221055261,2.18534613218287,0.00187741260658299,0.0108555815378947,"Ab_vs_Mz","Ab higher"
"hspa9",16.6710047525759,-4.96925384407676,3.00628110903656,0.00188601250289683,0.0108921660093988,"Ab_vs_Mz","Mz higher"
"dcn",143.479438269609,-3.65669858095947,1.94659119244669,0.00188693246711261,0.0108921660093988,"Ab_vs_Mz","Mz higher"
"ccdc191",10.0470488227285,5.4463449245772,2.57299643291466,0.0018982693234095,0.0109483445423694,"Ab_vs_Mz","Ab higher"
"cryba1a",4.6582542881014,5.84080178941189,3.72593262841482,0.00190403294790438,0.0109630521548958,"Ab_vs_Mz","Ab higher"
"fasn",177.223294072887,2.77685837172052,1.18908303068479,0.00190331414331207,0.0109630521548958,"Ab_vs_Mz","Ab higher"
"noc3l",7.94654545045029,-5.38938580541859,3.52098118628446,0.00193235964481469,0.0111167705367374,"Ab_vs_Mz","Mz higher"
"trim59",6.88513910392059,-5.72968702341763,4.06513454260787,0.00194518910801236,0.011181150197109,"Ab_vs_Mz","Mz higher"
"hdac9b",14.9701552948887,-5.12126540544923,3.19907147773632,0.00194869560039489,0.0111824643242173,"Ab_vs_Mz","Mz higher"
"tpt1",155.529455655727,-3.49028622076228,1.80066096290915,0.00194770344781898,0.0111824643242173,"Ab_vs_Mz","Mz higher"
"mbd3a",5.71218112104737,5.95480346708024,3.90503902400475,0.00195786913697925,0.0112256648080752,"Ab_vs_Mz","Ab higher"
"spg21",9.01816321328951,-5.6441732925819,3.92388267155802,0.00196155918945237,0.0112373789669467,"Ab_vs_Mz","Mz higher"
"gnsa",9.01179632579458,-4.77264564489948,2.85695134943283,0.00196576445930401,0.0112520225720061,"Ab_vs_Mz","Mz higher"
"hdlbpa",24.2455120194137,-5.06823387648877,3.16114405037035,0.00197474821401433,0.0112939707160266,"Ab_vs_Mz","Mz higher"
"dis3l",26.1550589573765,4.74450830408078,2.8843954741293,0.00198933452049688,0.011367863847027,"Ab_vs_Mz","Ab higher"
"arhgap10",24.6645725016418,3.20917665576378,1.59710807012673,0.00202373820617143,0.0115547830800901,"Ab_vs_Mz","Ab higher"
"bicdl2",157.717760566702,-3.18507220278654,1.65776761145155,0.00202846179624988,0.0115720692607132,"Ab_vs_Mz","Mz higher"
"nup160",22.1364547110547,4.89763634360644,3.02803693266771,0.00204114271198698,0.0116346839798556,"Ab_vs_Mz","Ab higher"
"PAIP2B",8.90865453352228,-4.95756432345892,3.067158148966,0.00205605850886356,0.011709922542551,"Ab_vs_Mz","Mz higher"
"zc3h12b",7.65964580149739,4.93974765365962,3.16992194314336,0.00207447277611762,0.0118049439128028,"Ab_vs_Mz","Ab higher"
"b3galnt2",6.3705566340467,4.59641846671383,1.99092206888252,0.00210005830858385,0.0119405815328897,"Ab_vs_Mz","Ab higher"
"cs",10.1222535755231,-4.9093172339721,3.06024102101979,0.00211100363427484,0.0119829127396025,"Ab_vs_Mz","Mz higher"
"phf8",7.44869067260051,-4.8672291700508,3.02003078931866,0.00211101584537625,0.0119829127396025,"Ab_vs_Mz","Mz higher"
"otop2",14.1653148292763,3.18988126101841,1.52587024221888,0.00211386963309622,0.011989137578234,"Ab_vs_Mz","Ab higher"
"si:dkey-85k7.10",14.5880757045452,2.94469910218548,1.36947747998201,0.00214701152127502,0.0121669930312786,"Ab_vs_Mz","Ab higher"
"gpc4",44.7889394382569,-5.19535567618671,3.378266406016,0.00216096849595295,0.012225777817485,"Ab_vs_Mz","Mz higher"
"afmid",13.1588137401249,2.91583171221281,1.31019282964102,0.00216060367601552,0.012225777817485,"Ab_vs_Mz","Ab higher"
"prdx5",24.1406434077724,-4.83487524281781,2.99841398787538,0.00216337763166863,0.0122292672583886,"Ab_vs_Mz","Mz higher"
"ift172",6.57561917403359,4.59774167617451,2.10323851418878,0.00218484577039564,0.0123402275678929,"Ab_vs_Mz","Ab higher"
"cdipt",14.4658924301419,4.02160684776798,2.16495262999249,0.00218662393808919,0.0123402275678929,"Ab_vs_Mz","Ab higher"
"gnb5b",13.2812452184571,-4.9934828094369,3.19108245526096,0.00219782211818637,0.0123838721938054,"Ab_vs_Mz","Mz higher"
"zbtb8os",16.6642802286731,3.60191351349412,1.87000196940704,0.0021979875753625,0.0123838721938054,"Ab_vs_Mz","Ab higher"
"slc16a6b",15.1503689415993,3.0634697841681,1.43913361148666,0.00220185639671231,0.0123954341540991,"Ab_vs_Mz","Ab higher"
"p2rx3a",8.24856647351367,-5.24795046144522,3.60597750722039,0.00222828373760304,0.012533866398735,"Ab_vs_Mz","Mz higher"
"retreg2",7.9308847568896,-4.87578383761472,3.07955473511165,0.00223201312607897,0.0125445021081028,"Ab_vs_Mz","Mz higher"
"mrps28",21.2637482456518,3.45583995483645,1.74454842133488,0.00224294128873045,0.0125955460189365,"Ab_vs_Mz","Ab higher"
"mitfb",5.40598926339247,5.67007244038415,3.87047856280705,0.00225636385563077,0.0126605021274414,"Ab_vs_Mz","Ab higher"
"tbc1d5",7.49860834478958,-5.32364508933978,3.66357274362615,0.00226025077288105,0.0126718907340735,"Ab_vs_Mz","Mz higher"
"kat14",20.6001022929478,3.72298558565336,2.00345485316357,0.0022692203136171,0.0127013045117387,"Ab_vs_Mz","Ab higher"
"crata",77.4154374701267,-3.32250387513349,1.86068440152395,0.00226911650350798,0.0127013045117387,"Ab_vs_Mz","Mz higher"
"kat8",9.21608312994921,4.93531513653429,3.17732370682005,0.00229069565056532,0.0128109970686944,"Ab_vs_Mz","Ab higher"
"sdf4",25.6194846398908,-4.81682037088836,3.01461109025527,0.00229618653189568,0.0128311881303229,"Ab_vs_Mz","Mz higher"
"rrn3",8.00083316971907,5.93319289754531,4.33451738580468,0.00231096680190074,0.0129032131664229,"Ab_vs_Mz","Ab higher"
"eef2kmt",50.6590614196372,-3.19423000983379,1.75210900343668,0.00231943169555969,0.0129398875378608,"Ab_vs_Mz","Mz higher"
"PPP1CB",164.443327957424,-2.23026933825709,0.976031355092332,0.00233358549859076,0.0130082139353633,"Ab_vs_Mz","Mz higher"
"ndfip1l",11.1790550294139,-4.76104090365403,2.97162467820461,0.00233869510878752,0.0130154296307155,"Ab_vs_Mz","Mz higher"
"usp30",107.645625749633,-3.60078894918451,2.04260332589226,0.00233788154823516,0.0130154296307155,"Ab_vs_Mz","Mz higher"
"daam2",11.7608554618089,-4.79954267716135,3.0486554322233,0.00234811676241568,0.0130572132599529,"Ab_vs_Mz","Mz higher"
"azin1b",10.9764704304113,-4.62903123250783,2.85408886689325,0.00235061688530215,0.0130590103850879,"Ab_vs_Mz","Mz higher"
"RNF5",14.8758389747185,4.17697808130695,1.73443362536662,0.00235226788264298,0.0130590103850879,"Ab_vs_Mz","Ab higher"
"dctn4",11.7635129203304,-4.78702929166078,3.04028426408204,0.00235742899615324,0.0130770227973606,"Ab_vs_Mz","Mz higher"
"ogg1",54.4288129702707,-3.12777569356621,1.63588484577689,0.00237434557648087,0.0131601623625743,"Ab_vs_Mz","Mz higher"
"psmc2",53.6688555842631,2.22723527322613,0.95644029825112,0.00239646286300802,0.0132719692486231,"Ab_vs_Mz","Ab higher"
"fzr1b",24.9078069078375,3.23233750249315,1.65453407108675,0.00241080563115215,0.0133405732533261,"Ab_vs_Mz","Ab higher"
"preb",79.8084716259353,-2.69777929088211,1.26511230871525,0.00243374083505382,0.013456575135796,"Ab_vs_Mz","Mz higher"
"tent5ab",20.142284422807,2.63138828609049,1.21764825882444,0.00247201643987236,0.0136571402180155,"Ab_vs_Mz","Ab higher"
"notch2",19.9341809734088,-5.16112219174813,3.62917829516808,0.00247905601255197,0.0136849507877363,"Ab_vs_Mz","Mz higher"
"actr3",40.8214715707984,-4.99957827616371,3.3794246907613,0.00249973716086141,0.0137879601039267,"Ab_vs_Mz","Mz higher"
"mms19",119.36459103998,-2.39594197775505,1.1075429382105,0.00251377841494624,0.0138542085017595,"Ab_vs_Mz","Mz higher"
"rnf32",4.44332572626002,5.14056261072401,3.66774519475138,0.0025441834815065,0.0140104631915407,"Ab_vs_Mz","Ab higher"
"vps25",8.15257650536691,4.32601048291522,2.2539061274328,0.00255155790341999,0.0140397415927698,"Ab_vs_Mz","Ab higher"
"akr1b1.2",8.30509677976842,-4.83351152205143,3.19980535778951,0.00255529642690791,0.0140489826920167,"Ab_vs_Mz","Mz higher"
"inpp5f",9.8042749799673,4.28586706471133,1.90931763578765,0.00255806122263778,0.0140528596795955,"Ab_vs_Mz","Ab higher"
"trip10a",8.06717549161758,-4.67394479117845,3.0046901985632,0.00256963807635453,0.0140937625361471,"Ab_vs_Mz","Mz higher"
"atp5mc3b",23.7183559450974,-4.61661638325032,2.90033953352887,0.00256940522864333,0.0140937625361471,"Ab_vs_Mz","Mz higher"
"ppid",21.9617970046324,2.93514068146256,1.38315236379967,0.00259908616967832,0.0142438272576025,"Ab_vs_Mz","Ab higher"
"epn1",8.46289405014261,-4.76739531632948,3.14169564508612,0.0026108465231014,0.0142853294523824,"Ab_vs_Mz","Mz higher"
"arg1",105.878573183897,4.10153271276917,1.70468053512287,0.00260935058412872,0.0142853294523824,"Ab_vs_Mz","Ab higher"
"ZBTB5",6.8177641555213,-4.83857856431842,3.23315743653076,0.00261900186846519,0.0143184693497901,"Ab_vs_Mz","Mz higher"
"hspa4b",13.2077090067494,-4.5424028167489,2.8741125197854,0.00263918672061602,0.0144172706123003,"Ab_vs_Mz","Mz higher"
"klf13",13.9179496834315,2.76072529179844,1.26660224334718,0.00266118682140086,0.0145258221459344,"Ab_vs_Mz","Ab higher"
"mmp2",31.7808641020297,-5.15868342134715,3.78748620366316,0.00266413919912874,0.0145271367968605,"Ab_vs_Mz","Mz higher"
"me3",11.6855824834852,2.89808410075354,1.40190061330784,0.0026656859548101,0.0145271367968605,"Ab_vs_Mz","Ab higher"
"ncam1a",5.87993331198462,-4.64980230923374,3.02246407087455,0.00267186346648396,0.0145491815098324,"Ab_vs_Mz","Mz higher"
"si:ch211-257p13.3",94.3914353175123,-3.6744690292816,2.8244063726853,0.00267463431413954,0.014552655442882,"Ab_vs_Mz","Mz higher"
"gldc",5.75758467269058,4.42082303679463,2.09878694096564,0.00267871323417585,0.0145632353759218,"Ab_vs_Mz","Ab higher"
"mospd2",11.7080738648846,3.05620462626504,1.52988140961442,0.00268859232411978,0.0146053068690042,"Ab_vs_Mz","Ab higher"
"blm",23.4064366539412,2.53153893990441,1.17557378948351,0.00269300350125268,0.0146176315744209,"Ab_vs_Mz","Ab higher"
"agk",7.12613940699009,-0.896002102542388,1.73961588022903,0.00270881817234615,0.0146917856835595,"Ab_vs_Mz","Mz higher"
"naa10",20.2776990173662,-5.05041696603813,3.62625580978765,0.00271765761487341,0.0147280205768715,"Ab_vs_Mz","Mz higher"
"arf5",13.2982361400608,-5.14962456228078,3.84060344959505,0.00273163857224177,0.0147781942883459,"Ab_vs_Mz","Mz higher"
"tfr1a",23.8285285784467,-4.6727962030519,3.07294891336823,0.00273410385610588,0.0147781942883459,"Ab_vs_Mz","Mz higher"
"ndufb4",17.8641875104469,3.26977891282111,1.72068293068581,0.00273408221855459,0.0147781942883459,"Ab_vs_Mz","Ab higher"
"slc25a18",34.7681850830328,-3.09718115546228,1.66263612018762,0.00273557956707913,0.0147781942883459,"Ab_vs_Mz","Mz higher"
"slc7a6os",10.7324201822955,-4.6286417536992,3.02806558314073,0.00276153119546662,0.0149065880907189,"Ab_vs_Mz","Mz higher"
"plcl2",4.78973779583766,4.8327569933868,3.2852443262832,0.00276813777389492,0.0149304379693953,"Ab_vs_Mz","Ab higher"
"ppfia4",15.213867487321,4.89704290641531,3.16834429454985,0.00277730022912447,0.0149680248525405,"Ab_vs_Mz","Ab higher"
"f2",23.5534146061694,3.7950164822396,1.92275341307371,0.00280337841520375,0.0150966463511722,"Ab_vs_Mz","Ab higher"
"dpf3",27.7750462224161,-3.15935620155821,1.7416296594979,0.0028104867709291,0.01512298993537,"Ab_vs_Mz","Mz higher"
"tmed10",26.8309119536297,-4.93145249020555,3.50132999047648,0.00282158082557409,0.0151707218068495,"Ab_vs_Mz","Mz higher"
"brd1a",10.6072809208215,4.56951855185723,3.06837891692452,0.00283151858056089,0.0152121663583992,"Ab_vs_Mz","Ab higher"
"mc2r",11.1259698659912,-0.88239934288723,1.71254583385308,0.00284144905971721,0.0152535066360744,"Ab_vs_Mz","Mz higher"
"hsf2",9.50377273183703,-4.59594875437796,3.02612133632792,0.00285631674790895,0.0153212650715274,"Ab_vs_Mz","Mz higher"
"SDHB",9.05847363062981,-4.60506121414786,3.04527394933136,0.00286346168140023,0.0153354780629464,"Ab_vs_Mz","Mz higher"
"rrp7a",24.1752496953662,3.11445039152053,1.61183838346592,0.00286167071097278,0.0153354780629464,"Ab_vs_Mz","Ab higher"
"lrrc29",90.919213095509,3.03166183433606,1.52848825306127,0.00289078184236827,0.0154696505964539,"Ab_vs_Mz","Ab higher"
"taf6",8.14521100308265,3.74575608973145,2.05294037963878,0.00289864532982089,0.0154967106009799,"Ab_vs_Mz","Ab higher"
"rab24",83.3100638856534,-2.30347145404105,1.07111020946076,0.0029003809815992,0.0154967106009799,"Ab_vs_Mz","Mz higher"
"arg2",14.2427075187454,-4.71794979743463,3.21490300123408,0.00291884464461029,0.015583158849903,"Ab_vs_Mz","Mz higher"
"dclk1b",7.63006436603792,-0.791137603696825,1.55299121647534,0.0029216279333185,0.0155858228217608,"Ab_vs_Mz","Mz higher"
"pnrc2",9.1247865713167,-4.79744933602435,3.38209998033996,0.00295124782901308,0.0157315343260596,"Ab_vs_Mz","Mz higher"
"AMDHD1",60.5123796317504,-3.47829305228769,2.48012215596693,0.00295388886318283,0.0157333206194352,"Ab_vs_Mz","Mz higher"
"cep83",57.0551043040128,-2.79273981455602,1.45690019671151,0.00297596969098714,0.0158385656798793,"Ab_vs_Mz","Mz higher"
"cope",18.2533822006829,-4.62610102259698,3.1258635811745,0.00298036772527493,0.015849609500819,"Ab_vs_Mz","Mz higher"
"si:ch211-246m6.4",15.5493140114265,-4.54271201643113,2.97777558136958,0.00299655973600446,0.015910916014598,"Ab_vs_Mz","Mz higher"
"emc4",12.1486098949092,-4.40395793815718,2.83654013056935,0.00299617849937307,0.015910916014598,"Ab_vs_Mz","Mz higher"
"tmem120b",32.5483279827886,-2.95494427355102,1.6515488711419,0.00300543197684747,0.0159456161570997,"Ab_vs_Mz","Mz higher"
"adal",113.560771345517,-2.09605358254467,0.942731224013811,0.00302590025139474,0.0160417384734004,"Ab_vs_Mz","Mz higher"
"cntn3a.1",6.26031436664946,-4.71608638378298,3.30517228284276,0.00304831873536837,0.0161480424933373,"Ab_vs_Mz","Mz higher"
"fbln1",42.4418230082346,-5.23521875239473,4.78946289914976,0.00306321534722548,0.0161946187863095,"Ab_vs_Mz","Mz higher"
"sacs",4.55995311547669,4.92681458293071,3.57859465766818,0.00306065908182987,0.0161946187863095,"Ab_vs_Mz","Ab higher"
"dnajb14",7.67721148145286,-4.61096453826381,3.14415991754134,0.00306423169472747,0.0161946187863095,"Ab_vs_Mz","Mz higher"
"ubr4",20.9702794477902,-4.61989472709987,3.12339784735808,0.00307095212769219,0.01621757458765,"Ab_vs_Mz","Mz higher"
"bsg",23.2697803223256,-4.402718675775,2.83537779668209,0.00307811748329501,0.0162389064243176,"Ab_vs_Mz","Mz higher"
"ino80b",22.2556025073689,3.32267584746402,1.71623961528239,0.00307975156281209,0.0162389064243176,"Ab_vs_Mz","Ab higher"
"ube2d2",11.7863404306111,-4.37402449235104,2.83331774345217,0.00308697597249473,0.0162644301624182,"Ab_vs_Mz","Mz higher"
"dnmt3ab",4.81711884477281,4.96088956882228,3.58438056952198,0.00311572978697789,0.016403259518943,"Ab_vs_Mz","Ab higher"
"FAHD2A",15.8023327430031,3.07737890514038,1.60952307010605,0.0031185263163161,0.0164053238675596,"Ab_vs_Mz","Ab higher"
"si:ch211-157p22.10",5.73558564409538,5.8969542228237,4.69178782448198,0.00315283469303445,0.0165730285905809,"Ab_vs_Mz","Ab higher"
"ddx1",5.82868729390636,-4.87332271072461,3.70429517235103,0.00316701605090678,0.0166347579024919,"Ab_vs_Mz","Mz higher"
"nadkb",5.65671207955365,4.85518695624291,3.61035780609926,0.00317523653534934,0.0166651068312989,"Ab_vs_Mz","Ab higher"
"trmt5",43.8608808544985,-2.41550667731532,1.11193084959332,0.00318673744871048,0.0167126130765193,"Ab_vs_Mz","Mz higher"
"elovl1b",26.5631521311135,-4.82724985702689,3.61444657252746,0.00319677114207714,0.0167523575287192,"Ab_vs_Mz","Mz higher"
"smc1al",11.0600865575597,-4.60381325627667,3.21820049106443,0.00320719780539054,0.0167940987154103,"Ab_vs_Mz","Mz higher"
"galns",20.9597600617679,3.33995686470338,1.87454117224354,0.00321097907691609,0.0168010047866553,"Ab_vs_Mz","Ab higher"
"znf704",4.13851284885201,4.8625907097523,3.56489595453581,0.00321495233988476,0.0168089040728228,"Ab_vs_Mz","Ab higher"
"slc4a2b",7.04820293863439,-4.77752644884943,3.56134009155187,0.00323049482635039,0.0168772329251062,"Ab_vs_Mz","Mz higher"
"dusp8a",11.0385364618367,-4.45593572922333,3.00141518165967,0.00324586295166599,0.016944546992515,"Ab_vs_Mz","Mz higher"
"TMEM132D",11.2621058620167,3.55146626785912,2.07516204725958,0.00328583822024068,0.0171401178720964,"Ab_vs_Mz","Ab higher"
"satb1b",5.11587973503713,4.86856952642765,3.6263270005797,0.00330598122457897,0.0172320167267398,"Ab_vs_Mz","Ab higher"
"copz1",13.0146084378249,-4.9763676108208,4.20261733429694,0.00331238577476916,0.0172478745138753,"Ab_vs_Mz","Mz higher"
"OGDH",9.17254623546914,-4.49353627314325,3.09083197778173,0.00331407936211204,0.0172478745138753,"Ab_vs_Mz","Mz higher"
"si:ch211-283h6.4",9.77797217539324,4.07626429512866,2.42351445727056,0.00332517772055777,0.0172924448074433,"Ab_vs_Mz","Ab higher"
"dolk",7.09048691952063,4.55311338765622,3.47456246388139,0.00333304511162195,0.0173201574993119,"Ab_vs_Mz","Ab higher"
"gig2p",67.1811834321167,3.90500002566938,1.74638370488327,0.0033667865739425,0.017482180208531,"Ab_vs_Mz","Ab higher"
"cct7",211.667772808529,-4.35694834997399,2.99393214220771,0.00337367336324668,0.0175046185227621,"Ab_vs_Mz","Mz higher"
"vamp4",8.55389152685105,-4.31156940466626,2.83855319309532,0.00339101756298291,0.0175734194131497,"Ab_vs_Mz","Mz higher"
"crls1",6.83728331039197,2.98626262213977,1.50251193425042,0.00339208462071203,0.0175734194131497,"Ab_vs_Mz","Ab higher"
"MYH6",9.51055023589644,3.90906817682204,2.13579730079972,0.00340251802637335,0.0176140974916126,"Ab_vs_Mz","Ab higher"
"mntb",5.41078506153769,4.55967686903016,2.36152582849735,0.00343822939458625,0.0177719993630772,"Ab_vs_Mz","Ab higher"
"tdo2a",14.5180946487864,2.98212755978479,1.51335346732742,0.00343669563130732,0.0177719993630772,"Ab_vs_Mz","Ab higher"
"uqcc1",15.8943920651173,-4.31144821613198,2.84606076644034,0.00344148381238964,0.0177753550733797,"Ab_vs_Mz","Mz higher"
"CMKLR1",4.80699302449328,4.78353109755331,3.60302775073352,0.00346531400091653,0.0178848997187999,"Ab_vs_Mz","Ab higher"
"morc2",11.2299199828243,-4.30608739463405,2.89529312608842,0.00348224071218193,0.0179586760235959,"Ab_vs_Mz","Mz higher"
"relch",15.2455408885159,2.8770345016797,1.44673977250499,0.00351706478158318,0.0181108928337676,"Ab_vs_Mz","Ab higher"
"syngr2b",97.2210701634336,-2.86344197619895,1.62025744140968,0.00351656638863794,0.0181108928337676,"Ab_vs_Mz","Mz higher"
"pecam1",14.442605892993,-4.78310463878993,3.86101785845725,0.003521362298776,0.0181134335070498,"Ab_vs_Mz","Mz higher"
"ak1",16.2842407356326,-4.26222326007951,2.81230030304787,0.00352286769219627,0.0181134335070498,"Ab_vs_Mz","Mz higher"
"prmt1",15.2043683380992,-4.4632440273324,3.15588066881269,0.00352666571532427,0.0181193073611879,"Ab_vs_Mz","Mz higher"
"slmapa",5.69409470141465,-4.36601662728974,3.01006470082555,0.00355110853312075,0.0182311614157132,"Ab_vs_Mz","Mz higher"
"kidins220b",10.9108346802931,2.8321555176155,1.46313785296777,0.00356488828103981,0.0182881449184471,"Ab_vs_Mz","Ab higher"
"GPRC5D",3.71832811087887,5.0447618654599,4.08637092306942,0.00356930225833177,0.0182970317870756,"Ab_vs_Mz","Ab higher"
"dgkg",4.45052502748307,4.70854052773788,3.60860988115253,0.00362186610704529,0.0185525468831607,"Ab_vs_Mz","Ab higher"
"foxo3b",7.67974554177765,-4.29089389754532,2.93041412718184,0.00362997160776339,0.018580117239137,"Ab_vs_Mz","Mz higher"
"cryba2b",4.76478974724109,4.89582963672341,3.95728368036438,0.0036505505162491,0.018671443907322,"Ab_vs_Mz","Ab higher"
"rpe65a",153.345016482509,-4.78572186446194,3.83285015333281,0.00367190423395584,0.0187537973518902,"Ab_vs_Mz","Mz higher"
"rundc3b",50.2724828793891,-2.34720170108175,1.18140522091833,0.00367489770767656,0.0187537973518902,"Ab_vs_Mz","Mz higher"
"mtres1",152.70577090213,-1.80704847905013,0.790924014759023,0.00367262551561648,0.0187537973518902,"Ab_vs_Mz","Mz higher"
"fgd5a",70.1368397510091,-4.56440078259958,3.42043146181404,0.00367914981128639,0.018761464246941,"Ab_vs_Mz","Mz higher"
"TMEM50B",232.879311545002,4.07600847382961,1.95079112995952,0.00368600018018041,0.0187683427084858,"Ab_vs_Mz","Ab higher"
"rassf7a",96.0707172541484,2.35825479992203,1.12256153984679,0.00368470234591805,0.0187683427084858,"Ab_vs_Mz","Ab higher"
"adssl",9.52730635975977,-4.58519216406923,3.43490305033253,0.00369483309407383,0.018799288740392,"Ab_vs_Mz","Mz higher"
"LAMA2",24.9236445679073,-4.84786666506109,4.8120638414885,0.00371290447373288,0.0188682486297742,"Ab_vs_Mz","Mz higher"
"tsg101a",9.03954553810198,-4.34408051932167,3.0544540222632,0.00371391732519225,0.0188682486297742,"Ab_vs_Mz","Mz higher"
"si:dkey-57a22.13",5.6646874391573,4.74512968525494,3.8913611151019,0.0037172788030716,0.0188712747569624,"Ab_vs_Mz","Ab higher"
"si:ch211-102c2.7",17.0325253638604,3.23517204054963,1.56867079351402,0.00372379428930081,0.0188902962348695,"Ab_vs_Mz","Ab higher"
"abat",10.0701489835522,-4.19032438225636,2.77664547455772,0.00372990364052362,0.0189072307126989,"Ab_vs_Mz","Mz higher"
"iqgap1",15.9915058799937,-4.2561252009023,2.88725246380674,0.00373449488773217,0.0189164503481786,"Ab_vs_Mz","Mz higher"
"sptbn2",6.52093222905002,-4.45011226004254,3.2459492364166,0.00374282696016401,0.0189445907635008,"Ab_vs_Mz","Mz higher"
"egln1a",117.149475355247,2.68257159172033,1.42425665928005,0.00375833869008187,0.0190090028780049,"Ab_vs_Mz","Ab higher"
"whrna",47.8512563498549,2.78957407212825,1.52418715158792,0.00377702508718541,0.0190893645702711,"Ab_vs_Mz","Ab higher"
"si:ch211-79k12.1",25.9706137757013,-4.80212993202199,4.68339618142104,0.00381587176850538,0.0192714234467152,"Ab_vs_Mz","Mz higher"
"miga2",5.16064077829848,5.04483635595812,4.89922492279446,0.00388891638391961,0.0195968068592936,"Ab_vs_Mz","Ab higher"
"gpsm1b",10.0954923882024,-4.28939320747122,3.04043636221015,0.00388546239401291,0.0195968068592936,"Ab_vs_Mz","Mz higher"
"per1b",19.4398400311568,-4.15120037128794,2.80255908960189,0.00388684800367883,0.0195968068592936,"Ab_vs_Mz","Mz higher"
"pdgfbb",14.1885840057628,-4.61741781473483,3.83062836846304,0.00391535705055742,0.0196864267914173,"Ab_vs_Mz","Mz higher"
"ARHGAP42",23.4363827137993,-2.7819088669529,1.55790202271843,0.00391173187357365,0.0196864267914173,"Ab_vs_Mz","Mz higher"
"bbs2",14.7606477453186,2.66742758789928,1.34445759980085,0.00391510413838657,0.0196864267914173,"Ab_vs_Mz","Ab higher"
"si:ch73-106g13.1",11.1273211761607,3.10005758936129,1.73310632334471,0.0039205960399256,0.0196982524156203,"Ab_vs_Mz","Ab higher"
"msh6",358.182665758839,-2.10007381883733,0.999880864392141,0.00394063340431604,0.0197843574081298,"Ab_vs_Mz","Mz higher"
"ido1",6.7707297096709,5.71911476028421,6.03402613486785,0.00395101220807552,0.0198218796291906,"Ab_vs_Mz","Ab higher"
"psmb8a",6.55162316791794,4.79289984344047,4.17891058882552,0.00396763410099214,0.019890644725253,"Ab_vs_Mz","Ab higher"
"lrrc42",33.3575418483504,4.13564507303393,3.06874126104417,0.00397095358250677,0.0198926698189748,"Ab_vs_Mz","Ab higher"
"hyi",9.63406203002316,3.97361951186528,2.0761676623861,0.00398878827524205,0.0199673531929395,"Ab_vs_Mz","Ab higher"
"si:ch211-1a19.3",9.13651693350707,-4.69080139681254,5.0416763701564,0.00399873958629566,0.0200024928132663,"Ab_vs_Mz","Mz higher"
"ppa1a",11.7155773355614,-4.65040651921031,4.12581186499352,0.00400971540279105,0.020042701973072,"Ab_vs_Mz","Mz higher"
"nisch",7.83450178659736,-4.37026526332183,3.29601684168131,0.00403426135154352,0.0201506333832954,"Ab_vs_Mz","Mz higher"
"nkain4",13.0914762771248,4.56628198223298,3.51299297983166,0.00404138123614723,0.0201714295349177,"Ab_vs_Mz","Ab higher"
"atp6v1f",27.928907793051,-4.43069647896312,3.40645267144838,0.00407947027154727,0.0203317937638912,"Ab_vs_Mz","Mz higher"
"VAMP3",6.17648881970148,-0.920248775257984,1.77263344651189,0.00407789078477626,0.0203317937638912,"Ab_vs_Mz","Mz higher"
"pdgfra",20.4020382669985,-4.59177592920164,4.12293653794559,0.00412948494483912,0.0205660407143338,"Ab_vs_Mz","Mz higher"
"ssx2ipb",8.28055136643166,-4.36992265274285,3.31981869300373,0.00413484448608737,0.020577712566429,"Ab_vs_Mz","Mz higher"
"garem",5.85182323331991,4.34730577026335,2.37310755750741,0.00413884928104483,0.0205826302074117,"Ab_vs_Mz","Ab higher"
"bcap31",14.9627496990123,-4.35771603759853,3.33870345790104,0.00418400059482526,0.0207862072495024,"Ab_vs_Mz","Mz higher"
"mfap1",849.380473545469,-2.40153219075404,1.293433608428,0.00418587846413841,0.0207862072495024,"Ab_vs_Mz","Mz higher"
"nyx",5.7918803523977,4.40171053092316,4.18529179075914,0.00418917734564307,0.0207874596576892,"Ab_vs_Mz","Ab higher"
"cog7",8.20071337890495,2.92399786978089,1.54895543732377,0.00420745562441696,0.0208629867190385,"Ab_vs_Mz","Ab higher"
"zgc:162200",9.78211741592239,-4.24652272539669,3.12168544176433,0.00421848005870178,0.0209024614673364,"Ab_vs_Mz","Mz higher"
"ubr5",12.7695513436735,-4.19625765831398,3.04157017520075,0.00423918828487244,0.0209898270447639,"Ab_vs_Mz","Mz higher"
"csnk2a4",57.5691713590309,-2.14965946371074,1.06650249894774,0.00425495259425144,0.0210526044601723,"Ab_vs_Mz","Mz higher"
"ubxn2a",68.048532757701,-2.43042102752685,1.31373213357803,0.0042724025813806,0.0211236252266376,"Ab_vs_Mz","Mz higher"
"aspa",7.23220819493898,4.41330664615579,3.74667942075302,0.00429045098343954,0.0211974996813961,"Ab_vs_Mz","Ab higher"
"hephl1b",9.05568157743323,-4.26039833600872,3.23212959251331,0.00433238055937621,0.0213891697225933,"Ab_vs_Mz","Mz higher"
"fzd6",8.33934846255163,-4.28473515684951,3.31729435669908,0.00435102814981935,0.0214657014217046,"Ab_vs_Mz","Mz higher"
"clec3bb",8.16008660744289,3.52854524596945,2.3111658758312,0.00437695598131429,0.0215780134830256,"Ab_vs_Mz","Ab higher"
"pcyt2",10.8265112620152,-4.03177271798489,2.75469505854322,0.0043840070557683,0.0215971697772614,"Ab_vs_Mz","Mz higher"
"CAPN15",4.73831144378589,5.30210969414455,5.30258845358897,0.00439844912846318,0.0216112552469888,"Ab_vs_Mz","Ab higher"
"vclb",15.6318853819368,-4.52297806419703,4.9739193916589,0.0043968839060134,0.0216112552469888,"Ab_vs_Mz","Mz higher"
"bbs9",12.1422880707241,-4.47543299188492,3.97013045904834,0.00439805965329928,0.0216112552469888,"Ab_vs_Mz","Mz higher"
"pawr",16.2767474256813,-4.34078369055227,3.47388546327069,0.00439953591353767,0.0216112552469888,"Ab_vs_Mz","Mz higher"
"nfu1",11.8379575714312,2.95413536862251,1.67760262518739,0.00443907567377957,0.021789793756977,"Ab_vs_Mz","Ab higher"
"elovl6",7.34816238780047,-4.22141116509346,3.17839117612429,0.00445713305640851,0.0218335967791367,"Ab_vs_Mz","Mz higher"
"rab18b",9.94854621900705,-4.2145017427701,3.19675087321357,0.00445697095460317,0.0218335967791367,"Ab_vs_Mz","Mz higher"
"atp6v1ba",10.873630453866,-4.14449001469221,3.02929451061424,0.00445759934242084,0.0218335967791367,"Ab_vs_Mz","Mz higher"
"mtx1a",10.1571567066909,-4.48795515587473,4.47079743629906,0.00446764156773545,0.0218514110513685,"Ab_vs_Mz","Mz higher"
"fkbp9",18.7760335892143,-4.35010649869921,3.58484574902826,0.004466495733614,0.0218514110513685,"Ab_vs_Mz","Mz higher"
"soul5",136.372656084549,-4.44510595459069,3.70055066249125,0.00448414595785416,0.0219071157573039,"Ab_vs_Mz","Mz higher"
"C18orf32",24.0249119298945,2.9325252526776,1.69986909463155,0.00448827894642287,0.0219071157573039,"Ab_vs_Mz","Ab higher"
"rps15a",71.0211885821116,-1.40452259036652,3.62452806699707,0.00448866302633898,0.0219071157573039,"Ab_vs_Mz","Mz higher"
"paics",14.653440517004,-4.20753490112419,3.20499402833219,0.00450638911545672,0.0219779077446471,"Ab_vs_Mz","Mz higher"
"kcnc1b",37.9672157785967,-2.97127105372206,2.17610736525253,0.00451965853960597,0.0220268787255225,"Ab_vs_Mz","Mz higher"
"letmd1",190.71699631361,4.2164766448562,3.51165869444138,0.00454111577976796,0.0221156552215252,"Ab_vs_Mz","Ab higher"
"znf410",37.1899714599176,2.37557968652443,1.21195113357567,0.00455224362839353,0.0221540358605771,"Ab_vs_Mz","Ab higher"
"aldh7a1",30.0250848594875,-4.04437115951267,2.88608990095045,0.00457731955218455,0.0222601933745939,"Ab_vs_Mz","Mz higher"
"prkar1ab",20.8251561891067,-4.20349625088674,3.25054502175205,0.00459603207889755,0.0223348333571835,"Ab_vs_Mz","Mz higher"
"smarcc1b",14.9651343493216,-2.42399646636449,1.33080539986526,0.00459921454885576,0.0223348333571835,"Ab_vs_Mz","Mz higher"
"ndufa4l2a",10.6987589860632,-4.28605054524868,3.49737705161921,0.00461610060957963,0.022400892218465,"Ab_vs_Mz","Mz higher"
"napgb",10.1028834151758,-4.11788565005798,3.05743978903385,0.00463893977689194,0.0224942364993065,"Ab_vs_Mz","Mz higher"
"tmem177",6.99271911911622,3.82185373659861,2.39899675121434,0.00464192950183549,0.0224942364993065,"Ab_vs_Mz","Ab higher"
"ehhadh",10.7369861917334,-2.94064809797281,1.78645849840618,0.00467200884659398,0.0226239292834001,"Ab_vs_Mz","Mz higher"
"cc2d2a",9.64535098903389,-4.08985931679215,2.98516234726894,0.00468766328095914,0.0226836358624001,"Ab_vs_Mz","Mz higher"
"fabp11b",155.574702666254,-4.41766714057238,4.22658611144691,0.00469175015092655,0.0226873219558978,"Ab_vs_Mz","Mz higher"
"zgc:66024",37.9609485615024,-3.998243432123,2.81807657107802,0.00469538575784132,0.0226888222561978,"Ab_vs_Mz","Mz higher"
"eif4g2b",8.71505320377014,-4.02844152332263,2.92030331770879,0.00470056117994554,0.0226951838665874,"Ab_vs_Mz","Mz higher"
"rnf166",11.1351927470737,3.20895206846696,1.62004021447585,0.00470335482740063,0.0226951838665874,"Ab_vs_Mz","Ab higher"
"spock3",83.8654134065056,-1.82558868760974,0.846075086704535,0.00472979486491091,0.0228066362991429,"Ab_vs_Mz","Mz higher"
"fcho1",5.38461725768924,4.525295098079,4.29694828233409,0.00476404566804741,0.0229445437282536,"Ab_vs_Mz","Ab higher"
"fam120b",5.54288868911552,4.11824501762855,3.27277889030683,0.00476512068927676,0.0229445437282536,"Ab_vs_Mz","Ab higher"
"rnf151",17.1163974007108,4.56388738701589,4.22785954556992,0.00477210432160732,0.0229582045032333,"Ab_vs_Mz","Ab higher"
"smarcd3b",4.59342787888163,-4.26566092287825,3.61213457255862,0.00477468740877738,0.0229582045032333,"Ab_vs_Mz","Mz higher"
"acvr2bb",4.20474075735149,4.39354933723344,4.28723643584317,0.00477904759473029,0.0229629871400315,"Ab_vs_Mz","Ab higher"
"eif4g1a",13.4927824177366,-4.05004332496607,3.00242411826698,0.00482512437510651,0.0231680672845543,"Ab_vs_Mz","Mz higher"
"lta4h",44.0978152122326,-2.47979389454938,1.38915442775186,0.00484629697686418,0.0232370233823923,"Ab_vs_Mz","Mz higher"
"twf1a",88.0507728496103,-2.24962467170941,1.17822225338193,0.00484419940863553,0.0232370233823923,"Ab_vs_Mz","Mz higher"
"polr1d",5.04382202716315,4.29242855438129,3.94045952324099,0.00489833273486826,0.023437113779808,"Ab_vs_Mz","Ab higher"
"herc2",37.0955022470308,-4.1314327005832,3.2440269890606,0.00489721153287245,0.023437113779808,"Ab_vs_Mz","Mz higher"
"per3",10.971895165463,-4.06935066815532,3.06563904065311,0.00489310256389586,0.023437113779808,"Ab_vs_Mz","Mz higher"
"ccdc174",5.79482016859455,3.14929492058358,1.8351126572721,0.00494810198139865,0.0236586543931906,"Ab_vs_Mz","Ab higher"
"lurap1",12.8296103676187,4.389324117775,4.33709803288967,0.00495672846172121,0.0236833041276777,"Ab_vs_Mz","Ab higher"
"ndufaf7",3.86917027137307,4.53013882582818,4.58767945355689,0.00497951065701409,0.0237755081965061,"Ab_vs_Mz","Ab higher"
"myrf",8.43111827483936,2.96158570356745,1.69471687667701,0.00501279989306441,0.0239177158534115,"Ab_vs_Mz","Ab higher"
"june",38.503491142246,-2.48616100856779,1.36702678575423,0.0050202003808379,0.0239362873504242,"Ab_vs_Mz","Mz higher"
"atxn7",24.3494428024482,3.72055575511749,1.87078937296954,0.00504669859293928,0.0240458271645424,"Ab_vs_Mz","Ab higher"
"clta",11.652030410872,-4.16296819496446,3.50998346204345,0.00506107042743297,0.0240869477389138,"Ab_vs_Mz","Mz higher"
"phyhd1",6.2991796128044,3.23786238638304,1.89307995467169,0.0050623894265869,0.0240869477389138,"Ab_vs_Mz","Ab higher"
"pdzk1",51.1248682508568,-2.4718919047074,1.45566820442185,0.00507514516338601,0.0241308121601274,"Ab_vs_Mz","Mz higher"
"sema7a",9.61384422329539,-4.09629470915969,3.19524191762093,0.00507977199877669,0.0241359918855525,"Ab_vs_Mz","Mz higher"
"naa40",4.54891787940864,-4.18171279811286,3.74945162332887,0.00510672373588577,0.02424716496169,"Ab_vs_Mz","Mz higher"
"dbpa",4.65142101762813,-4.14227576130527,3.55463867149228,0.00511509629773562,0.0242700292346663,"Ab_vs_Mz","Mz higher"
"atp6v1c1b",8.56860125642025,-3.89989999040085,2.78545499255796,0.00512102988155186,0.0242812973466493,"Ab_vs_Mz","Mz higher"
"NDUFB1",17.7912851016019,2.68438909661249,1.55812009968345,0.00512499552868068,0.0242832253417974,"Ab_vs_Mz","Ab higher"
"GXYLT1",3.68111029525078,4.27871728477828,3.99543187268356,0.005153704062071,0.0243853833672056,"Ab_vs_Mz","Ab higher"
"cplx4c",13.4732867584557,-4.11262584793112,3.37069259256202,0.00515299903709518,0.0243853833672056,"Ab_vs_Mz","Mz higher"
"ets1",8.41940272484768,-4.14862350987909,3.63563460876301,0.00518488254119124,0.0245036173334926,"Ab_vs_Mz","Mz higher"
"LEPROT",15.0347330535063,-4.07597149923953,6.1705517607771,0.00518587475151155,0.0245036173334926,"Ab_vs_Mz","Mz higher"
"ctsba",15.178595767651,-4.2000580913541,4.19681130381059,0.00520338425781141,0.024569336187576,"Ab_vs_Mz","Mz higher"
"CDK2AP1",21.3525706127098,2.8461034146262,1.69335994807643,0.00524183587909793,0.0247337802234338,"Ab_vs_Mz","Ab higher"
"kdm5a",18.8815311177657,2.50309896011735,1.36018333442298,0.005245947194819,0.0247360730547685,"Ab_vs_Mz","Ab higher"
"sowahd",13826.6903211975,3.6054246699413,1.95317076962153,0.00528782670274872,0.0249163270668885,"Ab_vs_Mz","Ab higher"
"rack1",378.23039986798,-2.89045531870752,2.01089421446031,0.00530016222060699,0.0249572165846801,"Ab_vs_Mz","Mz higher"
"si:ch211-103n10.5",16.3063330088273,-4.03458407289934,3.3046645967353,0.00535949652075769,0.0251844660889323,"Ab_vs_Mz","Mz higher"
"haus5",9.04422094988961,2.93367830092243,1.59729206566742,0.00535811347721133,0.0251844660889323,"Ab_vs_Mz","Ab higher"
"enosf1",600.658075299304,2.08677319644205,1.00793781913405,0.00535808931682359,0.0251844660889323,"Ab_vs_Mz","Ab higher"
"zdhhc17",232.725388545957,3.53124421253906,1.83462988923478,0.0053760845079124,0.0252450272522273,"Ab_vs_Mz","Ab higher"
"znf106a",7.85739002661699,3.30338855715566,2.31632164551501,0.00538272727270955,0.0252588364385813,"Ab_vs_Mz","Ab higher"
"rab21",12.9462930750488,-3.93529674215612,3.05737111372357,0.00543464925046098,0.0254849565882442,"Ab_vs_Mz","Mz higher"
"bmp8a",4.29260087973679,4.22775474696192,4.73969828122328,0.00544543012961247,0.0255101196164469,"Ab_vs_Mz","Ab higher"
"tanc1a",8.30063736569526,3.5953424486494,2.93059272833691,0.00544749293289801,0.0255101196164469,"Ab_vs_Mz","Ab higher"
"timp2b",17.3031917061718,-4.11616483821448,4.40547457345437,0.00546646541286205,0.0255814084444155,"Ab_vs_Mz","Mz higher"
"txnrd3",11.9368960280806,-4.05689476433608,3.51911850079346,0.00548463550858423,0.0256312795034727,"Ab_vs_Mz","Mz higher"
"rpz",21.7196023279448,2.1882475818954,1.12732491692431,0.00548128524004572,0.0256312795034727,"Ab_vs_Mz","Ab higher"
"clip3",6.97330685351458,-4.11004584244984,4.44697706634265,0.00549235787731934,0.0256322556750683,"Ab_vs_Mz","Mz higher"
"clcn3",6.82707247644159,-3.97512454267978,3.21060057471364,0.00549055057272601,0.0256322556750683,"Ab_vs_Mz","Mz higher"
"ptpn1",32.9470624803935,-3.97320506969385,3.1356642132474,0.00551974710125079,0.0257386639850277,"Ab_vs_Mz","Mz higher"
"ST8SIA3",8.32576475783944,-0.694094226444319,1.40783351512252,0.00552270322058927,0.0257386639850277,"Ab_vs_Mz","Mz higher"
"rnf20",10.9045886711117,-3.91404011777537,3.06993277275295,0.0055366645629574,0.025786117619835,"Ab_vs_Mz","Mz higher"
"foxo4",11.7733124636252,2.32388836089462,1.22450999173402,0.00557882737518703,0.0259647606963855,"Ab_vs_Mz","Ab higher"
"bcl9l",66.8144417595086,-2.76567552706029,1.99239598505981,0.0055828356520325,0.0259657039221662,"Ab_vs_Mz","Mz higher"
"tspan9a",6.22871306709236,3.79736325087235,2.0081467599996,0.00560999881032912,0.0260742655877899,"Ab_vs_Mz","Ab higher"
"rab11al",112.335597568031,3.66793123937283,1.85129818201045,0.00562464957744941,0.0261245636943072,"Ab_vs_Mz","Ab higher"
"slco3a1",13.6176206309585,-3.75654087318587,2.67712411780053,0.00563019148677349,0.026132514635548,"Ab_vs_Mz","Mz higher"
"aars1",10.2096802722451,-3.91560098731154,3.12506237181203,0.00565107256250446,0.0262116030550428,"Ab_vs_Mz","Mz higher"
"dnajc17",9.85630371888471,4.11174096892016,4.57458135171286,0.00566953707954099,0.0262793828082257,"Ab_vs_Mz","Ab higher"
"ube3d",5.54266432787986,0.716058134829063,1.43392820328655,0.00569202324187872,0.0263656989676432,"Ab_vs_Mz","Ab higher"
"ep400",9.32474339618142,-3.92824051807831,3.2652573734109,0.00574882242881906,0.0266107296009718,"Ab_vs_Mz","Mz higher"
"UQCRFS1",5.30493964796773,-3.95909326621363,3.41514038604355,0.00575381192538983,0.026615768655549,"Ab_vs_Mz","Mz higher"
"acbd7",26.5169063184453,-3.86528366642405,3.03413876542921,0.00578515000836627,0.0267426006145549,"Ab_vs_Mz","Mz higher"
"gpib",10.383756373555,3.6519237205973,4.92764916441632,0.00579886709934716,0.0267878606762665,"Ab_vs_Mz","Ab higher"
"calm2a",187.672731032484,-1.8869940601449,0.904151332483712,0.0058245966553408,0.0268885135178554,"Ab_vs_Mz","Mz higher"
"bgnb",12.2307682294077,-3.89503095775298,5.50110602438131,0.00583028527206398,0.026896576342997,"Ab_vs_Mz","Mz higher"
"eif3ea",24.5112437013385,-4.00382153910146,4.15675177191172,0.00584643321449279,0.0269528471773543,"Ab_vs_Mz","Mz higher"
"baz1b",10.8459573362761,-3.78521680646631,2.89050621363631,0.00588433928581391,0.027109282206015,"Ab_vs_Mz","Mz higher"
"sema3c",11.6159541412061,-3.87600528469363,3.21378380944442,0.00592645092504034,0.027284868192679,"Ab_vs_Mz","Mz higher"
"si:dkeyp-104h9.5",10.0780684260349,-3.79770937490119,2.8840780613307,0.00595526852167501,0.0273437396523476,"Ab_vs_Mz","Mz higher"
"pigu",4.62912631021702,3.68390365221699,3.62137950594232,0.00595412202766681,0.0273437396523476,"Ab_vs_Mz","Ab higher"
"gprc5bb",6.5791960114298,3.49764603665842,2.49397563751649,0.00594855536390521,0.0273437396523476,"Ab_vs_Mz","Ab higher"
"UNC13B",13.5075672467043,3.33278635645755,2.83929168988645,0.0059447723333149,0.0273437396523476,"Ab_vs_Mz","Ab higher"
"dkk3a",954.257084794633,2.68800030251759,1.42400869051562,0.0059601985270653,0.0273479721251961,"Ab_vs_Mz","Ab higher"
"adam22",47.7479306172377,3.10085663711509,5.9523687474601,0.00596847854279292,0.0273675598773361,"Ab_vs_Mz","Ab higher"
"mylpfa",15.7199984535931,1.2971555279123,2.88748274468377,0.0059764455723819,0.0273856871325465,"Ab_vs_Mz","Ab higher"
"CBX2",15.1567988238005,2.32174023724775,1.28056081085207,0.0059833044397243,0.027398715565261,"Ab_vs_Mz","Ab higher"
"lnx1",5.34162011287321,3.22393494806414,1.91644924259906,0.00601400504359715,0.0275201377571843,"Ab_vs_Mz","Ab higher"
"SLC12A6",7.08606809835179,2.79947146614981,1.67381120852741,0.00601788737120314,0.0275201377571843,"Ab_vs_Mz","Ab higher"
"sorbs1",10.7284710253772,-3.94402006482406,3.46990858402831,0.00605206093712077,0.0276266731892143,"Ab_vs_Mz","Mz higher"
"get4",5.79559203564641,-3.91982612122787,3.5979980899425,0.00605333085415145,0.0276266731892143,"Ab_vs_Mz","Mz higher"
"fntb",24.2486487292355,2.25580920007803,1.21983572947624,0.00604566936281437,0.0276266731892143,"Ab_vs_Mz","Ab higher"
"ppm1lb",7.04723632586095,-3.82499864079767,3.12231007494167,0.00606189269875367,0.0276472552697836,"Ab_vs_Mz","Mz higher"
"unc93b1",7.94007418901178,-3.8998055937401,4.79967990061393,0.00607437207788171,0.0276856651218349,"Ab_vs_Mz","Mz higher"
"ppp5c",7.64537761392765,-3.9360905578771,3.79489582639952,0.00607894741140306,0.027688022822432,"Ab_vs_Mz","Mz higher"
"sdf2l1",6.00830321947563,3.16887669612777,1.98464811050061,0.00609172222806065,0.0277276989740212,"Ab_vs_Mz","Ab higher"
"bet1",284.497669448683,1.938582597506,0.955952742255728,0.00609855788712103,0.0277403069758845,"Ab_vs_Mz","Ab higher"
"magi3b",19.1965966069112,3.57093828220965,1.90813492617692,0.00613821121633844,0.0279020753691387,"Ab_vs_Mz","Ab higher"
"zc3h18",16.3840180927671,-3.69123477221508,2.71988870036435,0.00617653753664735,0.0280389325432767,"Ab_vs_Mz","Mz higher"
"psmd13",16.3521377599201,2.59186594498895,1.56094632130858,0.00617471590979022,0.0280389325432767,"Ab_vs_Mz","Ab higher"
"u2af1",12.1695795506009,-3.88130405671553,3.59137645175161,0.00621710814843734,0.0282043410218005,"Ab_vs_Mz","Mz higher"
"spock1",8.2045474602541,-3.88936412798287,4.14970506560035,0.00626010551857264,0.0283805315303795,"Ab_vs_Mz","Mz higher"
"hagh",18.6030463118502,-3.6727152803126,2.79863750965299,0.00630400218440078,0.0285529723934613,"Ab_vs_Mz","Mz higher"
"trim69",20.9870148305162,2.73121353835014,1.78831891859202,0.00630651170994374,0.0285529723934613,"Ab_vs_Mz","Ab higher"
"slc9a2",68.8699501173987,-0.214754141314776,1.05438646696534,0.00633387632639585,0.028657850248673,"Ab_vs_Mz","Mz higher"
"cct2",21.1326397881244,-3.78660898899953,3.16110785578166,0.00634276371947519,0.0286790436434587,"Ab_vs_Mz","Mz higher"
"olfml2a",6.13531089601924,-3.74223913432582,5.21722563978807,0.00636527428456897,0.0287617658566981,"Ab_vs_Mz","Mz higher"
"rps24",64.3296399940035,-3.85270502510377,4.43598591375216,0.00638633106664946,0.0288378139429181,"Ab_vs_Mz","Mz higher"
"selenow2a",18.816642927862,-3.84138098674803,4.32914181914963,0.00640245743339506,0.0288915126111472,"Ab_vs_Mz","Mz higher"
"si:dkey-72l14.4",34.8504123776369,3.02812533887405,1.91716134354338,0.00641170636887367,0.0289141259450265,"Ab_vs_Mz","Ab higher"
"ubxn7",5.53268009301318,-3.83718668004827,3.64877593238873,0.0064189969393129,0.0289244080412937,"Ab_vs_Mz","Mz higher"
"ociad2",7.68892957252252,-1.25007094382221,2.62660734481761,0.00642246492489521,0.0289244080412937,"Ab_vs_Mz","Mz higher"
"gpc6b",1138.26030721189,-2.52415836363471,1.86439531393331,0.00643174695280869,0.0289471038647848,"Ab_vs_Mz","Mz higher"
"manf",5.53506506695807,3.74451435649266,2.37900619165991,0.00644594860220332,0.0289918967124807,"Ab_vs_Mz","Ab higher"
"rpn1",33.615662318361,2.5795944717447,1.60507572215493,0.00645531040042456,0.0290148767207489,"Ab_vs_Mz","Ab higher"
"flrt1b",4.189834216977,3.47762588855438,5.60808650945841,0.00646447935311881,0.0290369602543316,"Ab_vs_Mz","Ab higher"
"iba57",104.883182358717,-1.9726617070808,1.02838364761358,0.0064784679234401,0.0290806491063367,"Ab_vs_Mz","Mz higher"
"scaf11",8.25086897127703,-3.75859081390205,3.24680325111023,0.00653007440690287,0.0292930293742921,"Ab_vs_Mz","Mz higher"
"scfd1",13.2917878109793,-3.80914314780565,3.58053451955131,0.00654260365644152,0.0293299505570963,"Ab_vs_Mz","Mz higher"
"gask1a",6.7229171646904,3.56207723776166,3.19913402422391,0.00654996893045791,0.0293364358126897,"Ab_vs_Mz","Ab higher"
"si:dkey-13a21.4",494.155018382354,-1.83936477023344,0.916855463880758,0.00655264959380611,0.0293364358126897,"Ab_vs_Mz","Mz higher"
"cxxc1a",4.83015875085878,3.85527784143673,4.16926277871171,0.00662510985753198,0.0296290850314317,"Ab_vs_Mz","Ab higher"
"sema6ba",9.13875848011677,3.09598752313644,1.84724533298105,0.00662670141550121,0.0296290850314317,"Ab_vs_Mz","Ab higher"
"gadd45gip1",4.23817629650442,-3.08753808411315,14.6571327507422,0.00666486880489614,0.0297802225643788,"Ab_vs_Mz","Mz higher"
"extl2",34.818200723672,-2.45392226598313,1.60748333800304,0.00667946225739387,0.0298063904396327,"Ab_vs_Mz","Mz higher"
"lmod1b",11.039132284773,-0.977530217649081,1.85922947450099,0.0066765124325519,0.0298063904396327,"Ab_vs_Mz","Mz higher"
"pabpn1",15.7639842007082,2.59611595582359,1.64059981615624,0.00669549338375701,0.0298583995799831,"Ab_vs_Mz","Ab higher"
"cnpy3",9.4643309636742,-3.67845663829296,3.05884210500884,0.0067438799936516,0.030034917230212,"Ab_vs_Mz","Mz higher"
"ltbp1",11.4245556642253,-3.33052155661092,8.15670582690627,0.00674042054557967,0.030034917230212,"Ab_vs_Mz","Mz higher"
"hlcs",23.9327798562298,2.2175394889077,1.19194715800846,0.0067640713293803,0.0301051915723169,"Ab_vs_Mz","Ab higher"
"ankrd44",5.29413243265051,3.56441320007755,3.51728882263487,0.0067763952589803,0.0301403812594671,"Ab_vs_Mz","Ab higher"
"eif3f",144.185641721172,-3.67311461607745,2.9959794454375,0.0067958727847731,0.0302073224824149,"Ab_vs_Mz","Mz higher"
"capns1b",10.1205317925482,-3.6697182939132,4.82632646407358,0.00681449611661074,0.0302424522258734,"Ab_vs_Mz","Mz higher"
"nipblb",14.6342894807502,-3.64291094962051,2.95816884641331,0.00681839526047646,0.0302424522258734,"Ab_vs_Mz","Mz higher"
"pcyox1",7.34087493922023,2.81490754815428,1.83919850258315,0.00682150578566894,0.0302424522258734,"Ab_vs_Mz","Ab higher"
"plekhn1",3.90936759738941,0.999365007890561,1.92309271833444,0.00681801930977658,0.0302424522258734,"Ab_vs_Mz","Ab higher"
"kita",11.63424903303,-3.72266698503311,3.7412610336976,0.00688682496519006,0.0305122121672024,"Ab_vs_Mz","Mz higher"
"ncam1b",12.6412851424272,-3.7842698808387,3.73494136501354,0.0069001747194873,0.0305515198644139,"Ab_vs_Mz","Mz higher"
"glsa",6.38138708045001,-3.69761061937515,3.33350109129877,0.00690815623481832,0.0305670233399257,"Ab_vs_Mz","Mz higher"
"lifra",10.6448882740963,-3.66214765220167,3.09054226623173,0.00693093107493033,0.0306479214026245,"Ab_vs_Mz","Mz higher"
"golga7",12.4675027737897,-3.68631734232329,4.19027081001602,0.00700815782360957,0.0309360233842021,"Ab_vs_Mz","Mz higher"
"dcaf6",14.4144644346952,3.31373067420651,2.81138175108141,0.00701300256694341,0.0309360233842021,"Ab_vs_Mz","Ab higher"
"ino80e",16.6473132187281,2.61584250785104,1.70060576345611,0.00700375098860321,0.0309360233842021,"Ab_vs_Mz","Ab higher"
"dnajb9a",10.2456225236743,2.42271228423726,1.41870083218577,0.00701422074972308,0.0309360233842021,"Ab_vs_Mz","Ab higher"
"scn2b",5.05259516264657,0.857695264037858,1.63924845063787,0.00702205566633783,0.0309505722296014,"Ab_vs_Mz","Ab higher"
"dyrk3",5.04858347940534,-3.68138445008794,4.03333264933856,0.00706111010303065,0.0310825511180504,"Ab_vs_Mz","Mz higher"
"itga4",111.955248086476,-2.19030632453143,1.2802417771666,0.00705826181911084,0.0310825511180504,"Ab_vs_Mz","Mz higher"
"b3gnt2a",4.38454937160945,0.783231606725606,1.52627869840741,0.00707472914026205,0.0311224222591928,"Ab_vs_Mz","Ab higher"
"rbm27",66.1964938101147,2.55263684743556,1.6216665566096,0.00708077193821765,0.0311289348804504,"Ab_vs_Mz","Ab higher"
"zmat5",4.05805352749554,-3.14830602694434,9.005101463947,0.00708710262005267,0.0311367039128264,"Ab_vs_Mz","Mz higher"
"pin1",19.3161008317988,2.96362632267173,1.70141236433385,0.00710515683699582,0.0311959363570286,"Ab_vs_Mz","Ab higher"
"CDH2",10.2540379452629,-3.67501852525248,3.7761141724434,0.00712195196399321,0.0312495680066403,"Ab_vs_Mz","Mz higher"
"zgc:92606",26.5207817149127,2.4216280799346,1.46298989122554,0.0071279465049016,0.0312557705674445,"Ab_vs_Mz","Ab higher"
"atad1b",37.6131811719732,-2.20199180685335,1.28819088798396,0.00714155458442624,0.0312953287922545,"Ab_vs_Mz","Mz higher"
"ugt8",5.07428580455557,-3.63935528954585,4.04046594497442,0.00715083848933835,0.0313158992379689,"Ab_vs_Mz","Mz higher"
"ugp2b",4.40123219251659,-3.58444281987318,4.54269333321102,0.00718543890743013,0.0314472416070531,"Ab_vs_Mz","Mz higher"
"vdac1",9.06216922249747,-3.62306485906668,3.14348761554488,0.00719005144374183,0.031447257051699,"Ab_vs_Mz","Mz higher"
"birc2",6.23569918007346,-3.65694747845984,3.75072207590205,0.00720888334367033,0.0315094241216288,"Ab_vs_Mz","Mz higher"
"rnf103",7.32628789941538,3.60813069731548,2.42479761134228,0.007221764691085,0.0315445326595895,"Ab_vs_Mz","Ab higher"
"guca1b",91.2242424948658,-2.39168864589425,1.43510017252828,0.00722616217894452,0.0315445326595895,"Ab_vs_Mz","Mz higher"
"coa8",26.4652319409949,1.35172712956631,3.10066344289873,0.00723907598692865,0.0315807004212367,"Ab_vs_Mz","Ab higher"
"rgs9b",7.68153964835598,-3.64364859576684,3.6707046233386,0.00730786883658366,0.031860440301604,"Ab_vs_Mz","Mz higher"
"map3k8",5.88282263400156,3.73299073811221,3.52425076607696,0.00732514350604186,0.0319153602437571,"Ab_vs_Mz","Ab higher"
"surf6",44.0683530540606,-2.50609145472585,1.75572640402886,0.00735303007234078,0.0320164161988393,"Ab_vs_Mz","Mz higher"
"psmd12",10.1106723135206,-3.57374923173853,3.02668461754879,0.00737321310937079,0.0320838220951766,"Ab_vs_Mz","Mz higher"
"nedd1",7.81064669962679,3.44974754375538,3.61728495312726,0.0073849620258047,0.0321144652020812,"Ab_vs_Mz","Ab higher"
"elf2b",10.9110004154849,-3.57397389762103,3.07216686681184,0.0073923396827281,0.0321260723918814,"Ab_vs_Mz","Mz higher"
"myo3a",8.32987506876407,-3.6207423494196,3.87476672475179,0.00741173021593592,0.0321898378506243,"Ab_vs_Mz","Mz higher"
"npm1a",8.24697028616614,-3.5985365876043,3.93348085458034,0.00742178942994149,0.0322102494027657,"Ab_vs_Mz","Mz higher"
"tmtopsb",4.32250180863222,0.733858803834197,1.45598309508253,0.00742587165624364,0.0322102494027657,"Ab_vs_Mz","Ab higher"
"ppm1bb",6.93190887929751,-3.61539832170478,3.58805585782462,0.00743986139105426,0.0322297794421904,"Ab_vs_Mz","Mz higher"
"si:dkey-220f10.4",9.83773436515417,-3.56719038655822,4.42919972227145,0.00744405197508091,0.0322297794421904,"Ab_vs_Mz","Mz higher"
"pfdn5",11.2058870012375,-3.34704797976676,5.87499030729521,0.00744454527347092,0.0322297794421904,"Ab_vs_Mz","Mz higher"
"cactin",26.595205274193,-2.06093568068576,1.10664328251424,0.00749898453928896,0.0324448773060042,"Ab_vs_Mz","Mz higher"
"pamr1",4.26011489318888,3.24965048609321,9.04453178559073,0.00753102161771366,0.0325628393521295,"Ab_vs_Mz","Ab higher"
"copb2",4.127109606229,-3.58187467485803,3.69551876877559,0.0075367470219884,0.0325669568910873,"Ab_vs_Mz","Mz higher"
"calcoco1a",6.03811094564391,-3.5807623656884,3.53147117785271,0.0075584133648799,0.0326048272353601,"Ab_vs_Mz","Mz higher"
"ell2",9.23000995132897,-3.55803914831319,3.11554088897504,0.00755621955501069,0.0326048272353601,"Ab_vs_Mz","Mz higher"
"enpp5",6.82628769274846,-3.54623601826563,3.06924122075467,0.00755984708872046,0.0326048272353601,"Ab_vs_Mz","Mz higher"
"vwa5b2",9.47258245635147,3.47190111508606,3.54544661725376,0.00756468430140685,0.032605079588439,"Ab_vs_Mz","Ab higher"
"vapb",9.64479702919142,-3.49290455454279,2.83312895642897,0.00761191618486808,0.0327879445261079,"Ab_vs_Mz","Mz higher"
"gdpd4b",203.349141474841,0.344873659418421,1.10486742039942,0.00762933650670533,0.0328422479402211,"Ab_vs_Mz","Ab higher"
"slc19a1",8.01374696965043,3.13625778057351,2.23687865552394,0.00763772751961772,0.0328576386294777,"Ab_vs_Mz","Ab higher"
"efr3ba",5.5774806327501,3.72364657843481,2.50021331911006,0.00764788956849329,0.0328625831838923,"Ab_vs_Mz","Ab higher"
"calr",4.71357014208,-3.55602829388406,3.69091678449843,0.00764850976051897,0.0328625831838923,"Ab_vs_Mz","Mz higher"
"serpinf1",13.8065768695869,-0.963716637231388,1.81982256600671,0.00766952838395363,0.032932153658726,"Ab_vs_Mz","Mz higher"
"galnt1",10.8527168278028,-3.50011975098536,2.84540629744061,0.00767750849054991,0.0329456858056743,"Ab_vs_Mz","Mz higher"
"ndrg3a",8.30672080899742,-3.50989060072212,2.98509296336123,0.00770823908867629,0.0330360020741447,"Ab_vs_Mz","Mz higher"
"si:dkeyp-81f3.4",13.8733583965454,1.07450963547839,2.05859220092961,0.0077054452563933,0.0330360020741447,"Ab_vs_Mz","Ab higher"
"SNTA1",3.88355854510763,0.789233677784417,1.53351036796731,0.00773983026766455,0.0331505724521502,"Ab_vs_Mz","Ab higher"
"gabrg2",4.61028543257916,-1.12959717164518,2.19871143130771,0.00778651137693222,0.0333295904170693,"Ab_vs_Mz","Mz higher"
"kdm2ab",5.56858772304158,-3.52496686454212,3.2741600534643,0.0078029754415149,0.0333373208750508,"Ab_vs_Mz","Mz higher"
"F2R",6.25525306683152,-3.42660724411147,4.624543221893,0.0077992508849982,0.0333373208750508,"Ab_vs_Mz","Mz higher"
"hsd11b2",14.2193760352622,2.90377149804944,1.80591173580959,0.00779796254307699,0.0333373208750508,"Ab_vs_Mz","Ab higher"
"pde6d",7.06911336100277,-3.53185569491483,3.75783789653157,0.0078682211542319,0.0335740293529233,"Ab_vs_Mz","Mz higher"
"pbx2",16.1808702979638,2.56491054670946,1.75543454341487,0.00786504450067025,0.0335740293529233,"Ab_vs_Mz","Ab higher"
"elovl8b",15.4873454227426,2.62171566585604,5.93275037288898,0.00792793040805524,0.0338076682338506,"Ab_vs_Mz","Ab higher"
"hmbsb",7.08470755945245,2.70667585696925,1.64948378894701,0.00793417740788487,0.0338131745496555,"Ab_vs_Mz","Ab higher"
"itga6b",26.3856570063707,1.92286705624261,0.998103283227229,0.00797795271236523,0.0339785089615905,"Ab_vs_Mz","Ab higher"
"sos2",11.4629807444664,2.03266979844577,1.08666083965173,0.00804244162100375,0.0342318023581463,"Ab_vs_Mz","Ab higher"
"tfam",56.3697888357343,2.15950077768711,1.1848517181009,0.00806610851637925,0.0343111336703589,"Ab_vs_Mz","Ab higher"
"chtopa",15.0247961073214,2.3399881869115,1.43189370763656,0.00815329632619013,0.0346603992732681,"Ab_vs_Mz","Ab higher"
"sec22a",18.5069303654597,2.64217943062956,1.91857063304287,0.00822539119322415,0.0349451084130563,"Ab_vs_Mz","Ab higher"
"arr3a",265.827696270724,-2.39999771893942,1.71827963286276,0.00824534723989041,0.0350080922325901,"Ab_vs_Mz","Mz higher"
"adss1",8.18753555869165,3.38689255547943,4.36145739739797,0.00827803422191433,0.035125017099578,"Ab_vs_Mz","Ab higher"
"hspa4l",9.69556010933962,-3.46284561618299,3.41773804663617,0.00828880532565237,0.0351488618626017,"Ab_vs_Mz","Mz higher"
"zgc:136870",8.24452791270591,2.96583338009667,3.06996831493275,0.00833111766901853,0.0353063452519959,"Ab_vs_Mz","Ab higher"
"wdr43",6.85407306973081,-3.41397271629858,3.03264613960918,0.00839990040774749,0.0355621969135736,"Ab_vs_Mz","Mz higher"
"lhfpl4a",9.46872010993364,3.03339683006416,4.86585407410907,0.00840191432283169,0.0355621969135736,"Ab_vs_Mz","Ab higher"
"zbtb2b",3.92053138142933,-3.42529410022987,3.78662230747277,0.00842943399292473,0.0356124013211922,"Ab_vs_Mz","Mz higher"
"flot2a",8.72113640950926,-3.40030960627633,3.82675554514672,0.00842027814469748,0.0356124013211922,"Ab_vs_Mz","Mz higher"
"BTBD1",11.3751629702104,2.64192247280937,1.91501215136162,0.00842560259622018,0.0356124013211922,"Ab_vs_Mz","Ab higher"
"tbc1d4",31.582887031507,2.39286448680968,1.52705283067594,0.00847152615803411,0.0357598272962542,"Ab_vs_Mz","Ab higher"
"nipal3",17.6106784431487,2.25335228735937,1.34484772525883,0.00847481177459226,0.0357598272962542,"Ab_vs_Mz","Ab higher"
"tex261",11.5054373489099,2.37017158097162,1.48561388610578,0.00853245464610797,0.0359808022561154,"Ab_vs_Mz","Ab higher"
"fn1a",35.7646558833473,-3.13572477459686,5.76642478029689,0.00855098551996514,0.0360136730319744,"Ab_vs_Mz","Mz higher"
"irx6a",7.18693100003793,3.04771509960549,2.06960709275792,0.00855478907058717,0.0360136730319744,"Ab_vs_Mz","Ab higher"
"ccdc137",56.7462519415277,2.35875670111955,1.4646252883825,0.00855608441811967,0.0360136730319744,"Ab_vs_Mz","Ab higher"
"mfsd4aa",10.1363803878402,3.04018806275882,5.22629483795096,0.0085915379056518,0.0360960979866147,"Ab_vs_Mz","Ab higher"
"ebna1bp2",7.33827548562584,2.54571744863373,1.59284205022398,0.00858634239415189,0.0360960979866147,"Ab_vs_Mz","Ab higher"
"sh3gl2a",9.60789389121538,-0.844412501517544,1.60459552467901,0.00858370577459919,0.0360960979866147,"Ab_vs_Mz","Mz higher"
"BFSP1",97.643591049282,2.94389779015175,2.51395663199878,0.00862821139508051,0.0362278685222365,"Ab_vs_Mz","Ab higher"
"notch1b",17.5676830368441,-2.8481777166775,7.22948656140279,0.00863462996255089,0.0362325216694248,"Ab_vs_Mz","Mz higher"
"traf3",7.70522168239189,-1.19966789621098,2.37167411304226,0.00865799849176568,0.0362859482243963,"Ab_vs_Mz","Mz higher"
"mrc2",21.2199738159794,-0.941138862341372,1.76719467183816,0.00865437229965847,0.0362859482243963,"Ab_vs_Mz","Mz higher"
"lmtk2",8.79617556830846,2.49851733402997,1.61041643288172,0.00869874443189388,0.0364343359477053,"Ab_vs_Mz","Ab higher"
"ahsa1b",8.26309892422415,-3.33958451114369,2.8629858255961,0.00873641824525376,0.0365696820167892,"Ab_vs_Mz","Mz higher"
"abi2b",5.10850264073625,-3.32979338695658,3.85416282938885,0.00874178616614888,0.0365697161322096,"Ab_vs_Mz","Mz higher"
"neurod1",363.670495839794,-3.39739955786776,2.85286372476346,0.00875061149326616,0.0365842047907812,"Ab_vs_Mz","Mz higher"
"xab2",10.0556872148522,2.88649959469301,3.85922582527454,0.00878689899012025,0.0367134181320211,"Ab_vs_Mz","Ab higher"
"naalad2",3.70796371228867,0.891976094474409,1.69100342698824,0.00889397752489891,0.0371380713906887,"Ab_vs_Mz","Ab higher"
"fam162a",32.4100238939913,-2.17184009927615,1.31387602257008,0.00891691051792696,0.0372110583876548,"Ab_vs_Mz","Mz higher"
"ly75",7.78357457550264,2.50337532923536,1.62918573773771,0.00893521744113425,0.0372646629589603,"Ab_vs_Mz","Ab higher"
"pid1",23.6287092396478,-2.34115245241179,1.59225385638842,0.00898373015010238,0.0374440994588568,"Ab_vs_Mz","Mz higher"
"fam160b1",117.271861844041,2.18370453805008,1.2691932273599,0.00899052284825608,0.0374495344283585,"Ab_vs_Mz","Ab higher"
"tpk1",2752.74967886405,-1.93863850066175,1.10771691261711,0.0090013123496328,0.0374716010747679,"Ab_vs_Mz","Mz higher"
"abcc5",15.0758658045214,-3.3624700264835,3.18307657706346,0.00905729438713761,0.0376586956754661,"Ab_vs_Mz","Mz higher"
"anxa1a",156.9584222724,-0.879957009655731,1.65919069029815,0.00905406560271356,0.0376586956754661,"Ab_vs_Mz","Mz higher"
"PAK3",22.1671218989388,-2.26855432302778,1.67113459187378,0.00906404669867715,0.0376638188946859,"Ab_vs_Mz","Mz higher"
"rgra",30.3115359933707,-3.33635764133978,3.81504756783935,0.00912559956300393,0.0378965099320607,"Ab_vs_Mz","Mz higher"
"DDX39A",15.2511395964342,-3.24724792023863,3.97003110972752,0.00915242590976534,0.0379847943931441,"Ab_vs_Mz","Mz higher"
"trhra",4.7783753423714,2.94961332916099,4.02222606932838,0.00917229689826247,0.038025802698168,"Ab_vs_Mz","Ab higher"
"anxa2a",12.8263759202475,-2.53166419419859,8.20672961031937,0.00917345320843977,0.038025802698168,"Ab_vs_Mz","Mz higher"
"cdcp1a",7.83339032140039,0.887326938271959,1.70707467251498,0.00922329430785088,0.0382091906875935,"Ab_vs_Mz","Ab higher"
"rps27a",705.339175370334,-2.42731735771577,2.13636668198324,0.00924543871329895,0.0382776871000235,"Ab_vs_Mz","Mz higher"
"wars2",4.48823491980387,0.933169020438102,1.75336227378475,0.00926070438199634,0.0383176385678357,"Ab_vs_Mz","Ab higher"
"ctcf",14.1192338912677,-2.25895057139274,1.37721489625846,0.00927100291984582,0.0383370017709746,"Ab_vs_Mz","Mz higher"
"scap",15.8861524330477,2.3655664495501,1.4096746155169,0.00927800527249928,0.0383427195483117,"Ab_vs_Mz","Ab higher"
"snap91b",8.87058196115274,2.89096955511003,2.62741191808198,0.00939124440775859,0.0387872037494775,"Ab_vs_Mz","Ab higher"
"clcn2a",8.0043857411205,3.00244934948906,2.26263572857092,0.00941138341057477,0.0388468657049919,"Ab_vs_Mz","Ab higher"
"mcl1b",43.9987206118484,-3.10060517801677,4.54234591171664,0.00941848848580648,0.0388526885965282,"Ab_vs_Mz","Mz higher"
"eef1akmt1",27.4445385674012,2.49074747559875,1.8581672716821,0.00943794496050493,0.038909425054698,"Ab_vs_Mz","Ab higher"
"srp14",42.1038329665315,2.15003828794377,1.31492893673368,0.00945911175493439,0.0389731397970515,"Ab_vs_Mz","Ab higher"
"SH2B2",33.3739994776319,-3.20741719623613,3.74801121474926,0.00947284849903647,0.0390061830470283,"Ab_vs_Mz","Mz higher"
"si:ch211-248l17.3",42.7676652197108,3.04870807406694,3.6110968583653,0.00948614055081037,0.0390373564403975,"Ab_vs_Mz","Ab higher"
"txlnbb",5.28447771241165,1.13122455384161,2.16640274315343,0.00954512623544256,0.0392564173022451,"Ab_vs_Mz","Ab higher"
"brpf3b",4.96743057828684,3.00325672679515,2.24110030777375,0.00955266614786614,0.0392637597149944,"Ab_vs_Mz","Ab higher"
"mettl8",26.7731625455766,2.24551724026658,1.41644407530523,0.00957050036398423,0.0393133798816764,"Ab_vs_Mz","Ab higher"
"pip4k2ca",7.20830805845129,-3.27085035814428,3.16194067940567,0.00961147006893547,0.0394579183395588,"Ab_vs_Mz","Mz higher"
"shank1",10.2605194231017,2.7580249335527,1.92678803164632,0.00964760987446095,0.0395824667308762,"Ab_vs_Mz","Ab higher"
"ppp1r3b",4.75260334377119,0.602714742223434,1.30048821551116,0.00966167104108335,0.0396163350440575,"Ab_vs_Mz","Ab higher"
"mrpl37",5.39819958170575,-0.643651994846514,1.34169610057738,0.00967177555827683,0.0396339487292029,"Ab_vs_Mz","Mz higher"
"adra2da",6.99214080598795,3.4330797278381,2.39833114806529,0.00972304918201511,0.0398201468000535,"Ab_vs_Mz","Ab higher"
"neu4",21.9761648831263,-2.22405059586588,1.46583623110554,0.00975105366401631,0.0399108813134873,"Ab_vs_Mz","Mz higher"
"tmed7",10.5223309303003,-3.25029712049873,2.9514925774124,0.00976471847289196,0.0399428502041618,"Ab_vs_Mz","Mz higher"
"fbxo28",5.84177503832923,2.65706080568654,1.93637077109761,0.00982805296644574,0.0401778342660631,"Ab_vs_Mz","Ab higher"
"dlgap4b",5.00111897447633,1.51842574353004,3.54048718112853,0.00992325801815,0.0405427481783458,"Ab_vs_Mz","Ab higher"
"ssrp1a",14.810765555942,-3.19503477856402,3.29978891221595,0.00995896207824119,0.0406492460893337,"Ab_vs_Mz","Mz higher"
"rmdn1",29.13582624748,-2.34279784098031,2.2455106715285,0.00996123984484331,0.0406492460893337,"Ab_vs_Mz","Mz higher"
"thoc2",11.8380462593014,-3.13026842222983,3.80992449166857,0.0100021834337018,0.0407599078123733,"Ab_vs_Mz","Mz higher"
"hars",7.12188617009749,-2.70810710306544,5.77234590714012,0.0100041946250564,0.0407599078123733,"Ab_vs_Mz","Mz higher"
"ndrg1a",393.036393169294,-1.91612656133287,1.12154443203148,0.0100062795816687,0.0407599078123733,"Ab_vs_Mz","Mz higher"
"ptpra",4.51311539026237,-3.13849625543713,3.6656194177038,0.0100136319640104,0.0407655196243693,"Ab_vs_Mz","Mz higher"
"six3b",5.95497581334107,-1.073314583718,2.01819565972148,0.0100244085695538,0.0407850564520366,"Ab_vs_Mz","Mz higher"
"mtmr11",32.2914840528769,-2.2543873773088,1.67959641977758,0.0100391976222205,0.0407883817515275,"Ab_vs_Mz","Mz higher"
"plag1",106.334135694583,-2.24252744040737,1.54194926410445,0.0100431600971078,0.0407883817515275,"Ab_vs_Mz","Mz higher"
"blvrb",45.1018957457249,-1.69251252881138,4.37802499730825,0.0100391696061113,0.0407883817515275,"Ab_vs_Mz","Mz higher"
"rad1",207.956207524594,3.25988555274611,2.0580618887668,0.010068553499931,0.040867186513997,"Ab_vs_Mz","Ab higher"
"asxl2",5.01210058558369,-3.13474908402069,3.60166090505027,0.0101050556193725,0.0409909598638397,"Ab_vs_Mz","Mz higher"
"shroom1",6.01484498840247,-3.15747379257904,3.32377606475664,0.0101330997557164,0.0410802968706198,"Ab_vs_Mz","Mz higher"
"reep5",112.729122743235,-0.993772012024895,1.85254762628,0.0101442430942071,0.0411010514440471,"Ab_vs_Mz","Mz higher"
"pfkpa",13.2870981594828,-3.13096393601454,3.95178408979999,0.0101978871083445,0.0412693853738047,"Ab_vs_Mz","Mz higher"
"pmp22a",7.26890181080672,2.62401841915393,4.05999696603389,0.0101959813619097,0.0412693853738047,"Ab_vs_Mz","Ab higher"
"stim1a",4.5603727570043,-2.98364675646054,4.21427526511001,0.0102489269257787,0.0414513505717773,"Ab_vs_Mz","Mz higher"
"ube2q2",8.00282026174347,2.75091570715565,1.78149475104419,0.0102574405378725,0.04146120662909,"Ab_vs_Mz","Ab higher"
"eif4a3",51.5702494013753,2.26461638078635,1.44120859870605,0.0102857806420516,0.0415511434699339,"Ab_vs_Mz","Ab higher"
"abca12",13.1568766707809,3.30616335192665,2.45468378567121,0.0103350303592922,0.0417253917996748,"Ab_vs_Mz","Ab higher"
"fam168b",4.98256950551721,-3.00946027032801,4.00764283819032,0.0103726105748877,0.0418523488778586,"Ab_vs_Mz","Mz higher"
"trpv1",8.83275356739331,2.8801311416297,2.05651583561512,0.0104893151189655,0.0422982252108166,"Ab_vs_Mz","Ab higher"
"chmp2a",7.88001237813115,-2.98105143800652,4.10288207724847,0.0105027114016713,0.0423167336146168,"Ab_vs_Mz","Mz higher"
"lyrm7",315.134140348889,-0.121020404631092,1.03094421796196,0.0105063090639251,0.0423167336146168,"Ab_vs_Mz","Mz higher"
"ccnf",4.71087347149053,3.1766862741554,2.30804379684411,0.0105316347405614,0.0423937131769029,"Ab_vs_Mz","Ab higher"
"rab5c",8.14031367498086,-3.12695742550811,3.0994802800796,0.0105708797185359,0.0425265992450298,"Ab_vs_Mz","Mz higher"
"stard14",114.647636595221,-0.156798340631686,1.03830835014594,0.0106168332146077,0.0426863011333342,"Ab_vs_Mz","Mz higher"
"cadm1a",5.24122325720266,-2.80969314836253,4.62478282942623,0.0106370404116874,0.0427423596754672,"Ab_vs_Mz","Mz higher"
"si:ch211-284o19.8",16.8787832598652,3.13804974720365,2.2206935074197,0.0106666816557266,0.0428362383384475,"Ab_vs_Mz","Ab higher"
"spg7",16.3922829029604,2.38654094544571,3.39317753464602,0.0106731867601318,0.0428371489790466,"Ab_vs_Mz","Ab higher"
"amigo3",33.8383425299846,2.36279672696166,2.46693775848896,0.0106899298696001,0.0428791249266792,"Ab_vs_Mz","Ab higher"
"slc25a36a",7.88063170401411,-3.11267818159671,3.17792923092931,0.0107389143562185,0.0430503012059218,"Ab_vs_Mz","Mz higher"
"EIF4G1",8.10904652113454,-3.10680274019575,3.2554392576237,0.0107989390867769,0.043265508742853,"Ab_vs_Mz","Mz higher"
"cyfip2",5.82766030965204,-2.77978758573635,4.64322867961647,0.0108157109045875,0.0433072743556341,"Ab_vs_Mz","Mz higher"
"eef1g",259.51368759456,-2.34538059788155,1.8732146214436,0.0108556063712021,0.0434415262584823,"Ab_vs_Mz","Mz higher"
"cd59",9.39328851847199,1.25826342778849,2.44599276184574,0.0108919882660896,0.0435360491737138,"Ab_vs_Mz","Ab higher"
"wnt5b",4.37945905226188,1.14154791557931,2.1936876085855,0.0108909951688978,0.0435360491737138,"Ab_vs_Mz","Ab higher"
"aebp2",31.7522184289022,2.08819504761671,1.35578743220352,0.0109825407078804,0.0438466209771023,"Ab_vs_Mz","Ab higher"
"smim14",7.99405569711971,-1.10573446642555,2.07457300213946,0.0109763931478564,0.0438466209771023,"Ab_vs_Mz","Mz higher"
"foxo6b",5.3072541750479,3.2721518758773,2.38611730225859,0.010990728364821,0.0438536489082888,"Ab_vs_Mz","Ab higher"
"ogna",3.86028441247631,0.809022804592619,1.54695782870784,0.0110248399557582,0.0439640461824301,"Ab_vs_Mz","Ab higher"
"acss2l",9.53391634411609,2.46314154772126,2.04331412354038,0.0110814659088274,0.0441382614687272,"Ab_vs_Mz","Ab higher"
"slc30a5",14.5997685050491,-2.28140141195746,1.73105169066428,0.0110750417410679,0.0441382614687272,"Ab_vs_Mz","Mz higher"
"SH3RF3",6.32032059779628,2.7232154497182,2.2417605300697,0.0110972593679445,0.0441753796193032,"Ab_vs_Mz","Ab higher"
"chmp3",9.84464001136233,-3.07152194197959,3.1010989934297,0.0111168583759261,0.0442275945766437,"Ab_vs_Mz","Mz higher"
"tmbim4",3.9519766496632,-1.77078910642764,4.42042419897732,0.0111908971671921,0.0444962070930955,"Ab_vs_Mz","Mz higher"
"dipk1b",8.74096623259272,2.58674490214187,1.95365931384099,0.0112336922446401,0.0446144198681891,"Ab_vs_Mz","Ab higher"
"slc25a13",63.2259856463163,1.1437733281875,2.21162938761443,0.0112337056036273,0.0446144198681891,"Ab_vs_Mz","Ab higher"
"ckma",156.80768120995,2.15793067368648,1.55313811507112,0.0112529197187462,0.0446647302158261,"Ab_vs_Mz","Ab higher"
"ndufs6",25.7549183112592,-2.07886292006653,3.05260519768256,0.0112907599516766,0.044788869273424,"Ab_vs_Mz","Mz higher"
"cyc1",9.82480366389419,-3.03020945655433,3.05590269829562,0.011349023458427,0.0449938332695222,"Ab_vs_Mz","Mz higher"
"actr1",10.9462774846528,-2.94780865502084,3.60872196786472,0.0113655264320016,0.0450059407640057,"Ab_vs_Mz","Mz higher"
"myo10",5.74999620287016,-2.86067506917121,3.93326522498865,0.0113637328330959,0.0450059407640057,"Ab_vs_Mz","Mz higher"
"zgc:63587",11.8039287905069,-2.1239025556832,5.55732564102444,0.0113718660233249,0.0450059407640057,"Ab_vs_Mz","Mz higher"
"G6PC2",7.70863976691797,-2.77519487198386,4.21582746301159,0.01139616716577,0.0450498543291128,"Ab_vs_Mz","Mz higher"
"mdkb",7.81568864276464,2.5730380030294,3.90874437255455,0.0113905418151729,0.0450498543291128,"Ab_vs_Mz","Ab higher"
"rab9b",37.0611897798177,-1.91601145855207,1.16831167926789,0.0114339182718293,0.0451729150947837,"Ab_vs_Mz","Mz higher"
"ctps1b",3.87238449891006,-2.69694770585254,4.48381094131725,0.0114512928021593,0.0452153766140814,"Ab_vs_Mz","Mz higher"
"myog",88.7596928166744,-2.18192182503512,1.58545424810865,0.0114603708673038,0.0452184920278855,"Ab_vs_Mz","Mz higher"
"epx",3.66097452806895,0.682888883469383,1.38331637684504,0.0114653365393877,0.0452184920278855,"Ab_vs_Mz","Ab higher"
"crkl",6.13154851051493,-1.18019198584854,2.23948901242158,0.0114746611336373,0.0452291235787447,"Ab_vs_Mz","Mz higher"
"bhlhe41",8.70472717767151,-3.01871564008602,3.03836340508724,0.0115063515544405,0.0453159787272095,"Ab_vs_Mz","Mz higher"
"C5orf15",5.31972391428284,-2.38144669410623,5.29723468417335,0.0115099796474064,0.0453159787272095,"Ab_vs_Mz","Mz higher"
"zgc:154055",3.76113050182233,-0.952331486754586,1.76212158735476,0.0115258503638023,0.0453522935595288,"Ab_vs_Mz","Mz higher"
"mmp14b",36.3112070317225,-0.996595908879592,1.84269383236872,0.0115569867076904,0.0454485996003293,"Ab_vs_Mz","Mz higher"
"ckbb",153.195447675506,-2.01737848630965,1.29876108091765,0.0115830505439608,0.0455105440058882,"Ab_vs_Mz","Mz higher"
"mcamb",13.5462028280832,-1.69309280654018,3.99393910631551,0.0115860786953287,0.0455105440058882,"Ab_vs_Mz","Mz higher"
"psmf1",22.6468278041765,3.04536515211574,2.2993089237013,0.0116443255728483,0.0457130226602671,"Ab_vs_Mz","Ab higher"
"RIN2",8.31932117218307,-1.52479864189331,3.3001228974617,0.0116544573967094,0.0457264881068132,"Ab_vs_Mz","Mz higher"
"commd7",8.00854691930456,2.43354656430107,1.85136286429087,0.0117051228692791,0.0458988812282136,"Ab_vs_Mz","Ab higher"
"ywhabb",65.5293650256713,-1.79162426203744,0.988523229217247,0.0117424117231938,0.046018653180558,"Ab_vs_Mz","Mz higher"
"si:dkeyp-97b10.3",4.78622510036977,0.557770250988928,1.25594399040679,0.011751428796516,0.0460275537764804,"Ab_vs_Mz","Ab higher"
"ankrd33bb",7.79484403495695,2.58154743493979,2.83957539859034,0.0118248208122227,0.0462884408501409,"Ab_vs_Mz","Ab higher"
"lsm8",13.3421047507242,2.32796949564756,1.88439290853973,0.0118743274331849,0.0464555826127413,"Ab_vs_Mz","Ab higher"
"pds5b",6.06236134425676,3.20033552500778,2.44857953397648,0.0118905088643225,0.0464922303617609,"Ab_vs_Mz","Ab higher"
"ccdc92",64.0048200227152,-0.178589067852901,1.0437256979906,0.0119076526423551,0.0465325967805207,"Ab_vs_Mz","Mz higher"
"tmx2a",162.141953885808,2.32892959070398,1.96250655808001,0.0119543726102608,0.0466884283456264,"Ab_vs_Mz","Ab higher"
"fbxo25",8.01868302492819,-2.96650808139084,3.20598868396973,0.0119772517406324,0.0467510232416105,"Ab_vs_Mz","Mz higher"
"trak2",5.01510887050195,-1.50330319056948,3.19054919655803,0.0119916513985808,0.04678046740567,"Ab_vs_Mz","Mz higher"
"slc7a7",25.4203856072785,-2.06591581583447,1.45546604891206,0.011999445926889,0.0467841254623794,"Ab_vs_Mz","Mz higher"
"ZADH2",5.75564368213756,2.54323845892471,2.25648595517626,0.0120242911960161,0.0468542197775088,"Ab_vs_Mz","Ab higher"
"zbtb25",5.81660646059524,0.973623497198909,1.86188613775345,0.0120388043443726,0.0468839965991178,"Ab_vs_Mz","Ab higher"
"ajuba",5.53872596580057,3.06977732708897,2.65113017714729,0.012097661499597,0.0470863345189676,"Ab_vs_Mz","Ab higher"
"ddx23",16.6341282110296,-2.77050811524194,3.9336904820391,0.0121169765111908,0.0471346241367472,"Ab_vs_Mz","Mz higher"
"cpda",9.68903452818595,-2.92992481258068,3.28162293981256,0.0121520090794585,0.0472249282419626,"Ab_vs_Mz","Mz higher"
"arl6",6.51444726809697,-1.07803161166162,1.99516195096593,0.0121540340015955,0.0472249282419626,"Ab_vs_Mz","Mz higher"
"tnfrsf9a",8.78056445358036,2.19102164152629,1.51647967938805,0.0121616957626315,0.0472278031806686,"Ab_vs_Mz","Ab higher"
"ERMP1",36.2940785230957,2.99167422181251,2.56410629452468,0.0122150319227035,0.0473809907951141,"Ab_vs_Mz","Ab higher"
"pigh",10.3519678202058,1.75009829247823,4.30806816449156,0.012210985986118,0.0473809907951141,"Ab_vs_Mz","Ab higher"
"bicc2",5.84567987257826,2.71704954579263,2.27410412593686,0.0122247630082086,0.0473917943210268,"Ab_vs_Mz","Ab higher"
"ncaldb",78.1264881055154,-2.22385504977851,2.33894105400103,0.0122812978773528,0.0475839269830653,"Ab_vs_Mz","Mz higher"
"bri3",43.8083159630331,-2.27213556431735,1.74447771157686,0.0123604078088081,0.0478632590689545,"Ab_vs_Mz","Mz higher"
"ognb",261.007518255428,-1.97428238931812,1.35995480372337,0.0123935535104691,0.0479643877492518,"Ab_vs_Mz","Mz higher"
"qdpra",7.75787023668581,-1.56646228505384,3.37111177458267,0.0124119793170108,0.0480084664852409,"Ab_vs_Mz","Mz higher"
"strn4",6.17096688783398,-2.63367866976841,4.15705605640336,0.0124331222522523,0.0480629989388767,"Ab_vs_Mz","Mz higher"
"polr2l",14.39849534808,1.93378882627003,1.15493195522942,0.0124422229675249,0.0480709441151882,"Ab_vs_Mz","Ab higher"
"trmt61b",111.690597428582,1.74487602605991,0.978684189182647,0.0124517419402128,0.0480804953356378,"Ab_vs_Mz","Ab higher"
"mtfr1l",4.01545736730051,-2.38863405515679,4.60102169304692,0.0125610294860356,0.0484476564065693,"Ab_vs_Mz","Mz higher"
"ndufb5",14.0262696560288,2.21165649112762,1.49783418941117,0.0125573724820878,0.0484476564065693,"Ab_vs_Mz","Ab higher"
"dpy19l3",5.06182027696146,2.47313163315321,1.98754408373298,0.0125943405943975,0.0485212794328481,"Ab_vs_Mz","Ab higher"
"lrrc39",29.9505150523967,-1.57437595056247,0.838916913134411,0.0125891037522533,0.0485212794328481,"Ab_vs_Mz","Mz higher"
"golga4",6.21292837126513,-2.72011233086946,3.78004393379359,0.0126092589114062,0.048551339476594,"Ab_vs_Mz","Mz higher"
"acbd3",7.51850399870136,-2.59102171486548,4.18399565391749,0.0126293218943262,0.0486011637253172,"Ab_vs_Mz","Mz higher"
"meaf6",12.7840321305439,2.22041652644464,1.41313869553322,0.0127026094697092,0.0488556394655163,"Ab_vs_Mz","Ab higher"
"SLC45A4",21.0225421732574,-1.87195837153768,1.11214339242587,0.0127537427249688,0.049024668514063,"Ab_vs_Mz","Mz higher"
"atp6v1c2",7.24179333179059,0.8235720522745,1.56663815135721,0.0127646894270976,0.0490391193474587,"Ab_vs_Mz","Ab higher"
"EZH1",15.5102705605494,-2.38364725400159,4.5825699287262,0.0127901220371068,0.049109174259527,"Ab_vs_Mz","Mz higher"
"mxra8b",7.73839622050515,-2.3540232501713,4.57220422872,0.0128336160354535,0.049248460185545,"Ab_vs_Mz","Mz higher"
"inpp5l",14.9474291026098,-1.59637523668021,3.43938965036975,0.0128449705017766,0.0492643247518953,"Ab_vs_Mz","Mz higher"
"cd82b",5.75753169141116,-2.8494532314076,3.23305514894963,0.0128585283530575,0.0492886173892759,"Ab_vs_Mz","Mz higher"
"sp2",5.1422267172113,-2.82801740832643,3.1996713237351,0.0129331016037731,0.049546632365269,"Ab_vs_Mz","Mz higher"
"gpbp1l1",12.6595505637277,-2.89942964969369,2.83241492624555,0.0129790372300843,0.0495722320592231,"Ab_vs_Mz","Mz higher"
"tmem183a",6.19745876110298,-2.76248618049501,3.43663823362594,0.0129668237362519,0.0495722320592231,"Ab_vs_Mz","Mz higher"
"march2",4.92695379014381,-2.64015991396334,3.82220436752887,0.0129769901703353,0.0495722320592231,"Ab_vs_Mz","Mz higher"
"arhgap36",4.66610419860462,-2.29929318606674,4.56110789499482,0.0129667571453147,0.0495722320592231,"Ab_vs_Mz","Mz higher"
"cmya5",76.4005395587569,-1.91751148556389,1.21859156922164,0.012983376621696,0.0495722320592231,"Ab_vs_Mz","Mz higher"
"CACNG2",4.17893510098853,-1.59810137764015,3.40526021999845,0.0129763813867169,0.0495722320592231,"Ab_vs_Mz","Mz higher"
"glud1b",18.502308485728,-2.28270950634204,2.26253299678588,0.0130772993633169,0.0498750215516554,"Ab_vs_Mz","Mz higher"
"mtpap",3.7019930468891,0.668865107361959,1.36436952553586,0.0130768845005321,0.0498750215516554,"Ab_vs_Mz","Ab higher"
"tdrd9",14.6884493934022,-1.9989321953142,1.2532454627283,0.0131013155662316,0.0499387017365351,"Ab_vs_Mz","Mz higher"
"usp28",9.6497700815869,2.36428818279297,1.80302657058101,0.0131087776420925,0.0499392461485187,"Ab_vs_Mz","Ab higher"
