"gene_name","baseMean","log2FoldChange","lfcSE","pvalue","padj","comparison","sig"
"acer2",40557.5071660998,-15.5750326416432,1.1365921575386,2.18665134646237e-44,1.20309557082359e-40,"Mz_vs_On","On higher"
"surf1",55585.3137233015,14.1619460904416,1.09611684850252,5.50538402248184e-38,1.51453114458475e-34,"Mz_vs_On","Mz higher"
"gpr174",13531.9455067514,10.549218088303,0.868048779918688,2.10000316711856e-35,3.85140580849545e-32,"Mz_vs_On","Mz higher"
"ephx5",12373.0600709754,-11.5168755830367,0.984041512142857,1.46531601672953e-33,2.01554218101147e-30,"Mz_vs_On","On higher"
"gabpa",4556.74434857647,7.74293475494566,0.673682744774449,1.63912485472448e-31,1.80369299013881e-28,"Mz_vs_On","Mz higher"
"map2k1",18136.6340498687,13.4822234039325,1.19590814535832,5.12658625988803e-30,4.70107960031732e-27,"Mz_vs_On","Mz higher"
"ddah2",40211.6354104234,12.2362238099793,1.09382632749605,1.82409847503212e-29,1.43374140137524e-26,"Mz_vs_On","Mz higher"
"zwilch",8234.15736212946,-11.075192872943,1.0257322595729,4.53979941109333e-29,3.12224704497943e-26,"Mz_vs_On","On higher"
"fkbp3",26842.6966418248,11.0713143174995,1.15257465932985,1.74417136201232e-22,1.06627009264353e-19,"Mz_vs_On","Mz higher"
"rhot2",1927.64462480238,8.70880740645048,0.897526350858062,2.29926631823539e-22,1.26505632829311e-19,"Mz_vs_On","Mz higher"
"stx5a",8230.07948701546,10.7949165607136,1.12816847942882,5.63176808765241e-22,2.67673158824848e-19,"Mz_vs_On","Mz higher"
"tpk1",2752.74967886405,10.3161716092962,1.11057106424651,5.83801873118534e-22,2.67673158824848e-19,"Mz_vs_On","Mz higher"
"sowahd",13826.6903211975,-16.6147759556038,1.75516301855827,9.40520112481723e-22,3.98057050682649e-19,"Mz_vs_On","On higher"
"eif2a",1510.12784647559,-10.9021257111439,1.23428759447448,1.59301450922184e-20,6.26054702124182e-18,"Mz_vs_On","On higher"
"si:ch73-344o19.1",2261.98523394655,14.3044637070767,2.67881350425625,4.12992882232121e-20,1.51485789202742e-17,"Mz_vs_On","Mz higher"
"prpf31",533.83540345809,6.93611632335439,0.773052148135676,8.62227136255368e-20,2.96498356479815e-17,"Mz_vs_On","Mz higher"
"mrpl9",663.804548927021,8.83311153767839,0.993002669219357,1.06969200631965e-19,3.46202671692396e-17,"Mz_vs_On","Mz higher"
"rbm34",2116.31412808772,9.16039549048935,1.02181617117378,1.93634239487321e-19,5.91875325366243e-17,"Mz_vs_On","Mz higher"
"zgc:163080",4622.55812203179,8.20804820562646,0.962293776872656,9.2179906793159e-19,2.66933603776821e-16,"Mz_vs_On","Mz higher"
"cpt2",828.653273659251,7.35616108305034,0.871400505101203,1.27425462808662e-18,3.50547448186628e-16,"Mz_vs_On","Mz higher"
"cep72",486.517909899319,9.13377456783126,1.09018562393085,1.36535820244689e-18,3.54139179374594e-16,"Mz_vs_On","Mz higher"
"KDM7A",727.433582358287,7.02617959496815,0.835114173667831,1.41604179320994e-18,3.54139179374594e-16,"Mz_vs_On","Mz higher"
"usp39",1713.52331959662,9.02070908103741,1.05009049106415,3.62944207995777e-18,8.68225666257724e-16,"Mz_vs_On","Mz higher"
"COG5",1015.57543217589,7.26467048822096,0.866371685674414,5.12709666118627e-18,1.17538690957695e-15,"Mz_vs_On","Mz higher"
"thrb",649.06552493464,9.05113053854648,1.03936170336248,5.3674979152406e-18,1.18127894118615e-15,"Mz_vs_On","Mz higher"
"TADA1",1104.5274996725,7.02372681116854,0.851862421090741,9.65776688878821e-18,2.04373205469664e-15,"Mz_vs_On","Mz higher"
"gnai3",10500.9318888682,10.2586859608264,1.22940599148479,1.74258111266625e-17,3.45438405347674e-15,"Mz_vs_On","Mz higher"
"ppfibp1a",1029.66195673918,7.39230539120526,0.901850180276961,1.75795626131132e-17,3.45438405347674e-15,"Mz_vs_On","Mz higher"
"lrrc14b",1360.86519698265,11.5388347842356,1.62773246826527,2.90931708574679e-17,5.51967676061339e-15,"Mz_vs_On","Mz higher"
"mrps25",828.808376724854,6.10659844281574,0.74292859349146,3.27989885310231e-17,6.01533449658963e-15,"Mz_vs_On","Mz higher"
"HDAC2",1157.77042771845,-10.8493501504618,1.35387224676707,3.99181762253269e-17,7.0848324384435e-15,"Mz_vs_On","On higher"
"ap4s1",632.066612733813,-9.19260463798047,1.1618387668638,7.25032731859547e-17,1.23525605211635e-14,"Mz_vs_On","On higher"
"herc4",1563.56434925182,7.41148695377628,0.903192846483839,7.40884218826598e-17,1.23525605211635e-14,"Mz_vs_On","Mz higher"
"wrap73",603.125991016203,7.5993833885661,0.947039869189712,1.95000724791827e-16,3.15557055236656e-14,"Mz_vs_On","Mz higher"
"slc25a12",970.028593147535,5.46925263716519,0.692693135727489,2.7417410762648e-16,4.31001697188827e-14,"Mz_vs_On","Mz higher"
"snrnp200",184.682403972252,-6.58561198513465,0.850476414416865,3.38163996006354e-16,5.16827307229711e-14,"Mz_vs_On","On higher"
"fam124b",1258.30381070333,9.62999473202926,1.26191444416771,3.64780927536415e-16,5.28164385080357e-14,"Mz_vs_On","Mz higher"
"mettl21a",877.651520007871,6.56713799736231,0.848504096361623,3.57285556709163e-16,5.28164385080357e-14,"Mz_vs_On","Mz higher"
"cinp",359.136976325801,8.06753025048235,0.981279784129792,4.79662543131093e-16,6.76693157001864e-14,"Mz_vs_On","Mz higher"
"rapgef1b",457.905829490243,6.89707699681402,0.858789599559722,6.04954011368331e-16,8.32114242637139e-14,"Mz_vs_On","Mz higher"
"atg12",589.324508305958,-8.08361847912919,1.06409546069205,6.25940375722632e-16,8.39981450542908e-14,"Mz_vs_On","On higher"
"cpsf4",2785.94245981913,9.08945660795555,1.13815986664549,6.70139934275389e-16,8.77883313900759e-14,"Mz_vs_On","Mz higher"
"plpbp",807.893068285349,8.74925734174285,1.07484185115971,6.87705932766065e-16,8.79943730716021e-14,"Mz_vs_On","Mz higher"
"COMTD1",2869.27133326553,7.23033237349895,0.916913268754876,7.60751844036176e-16,9.51285601337964e-14,"Mz_vs_On","Mz higher"
"ascc2",487.434034432552,6.22643159328601,0.784859383732391,8.66626212740291e-16,1.05959498277713e-13,"Mz_vs_On","Mz higher"
"vars1",371.147150281097,5.63137897060903,0.716665594128039,1.00052795028345e-15,1.19671843096947e-13,"Mz_vs_On","Mz higher"
"tlk2",769.870680853145,6.72837693141674,0.868227822879044,1.10413910269615e-15,1.29254751979451e-13,"Mz_vs_On","Mz higher"
"eps8l2",268.308789237164,8.94740762795532,1.15683454023865,1.27584801430017e-15,1.46244078639157e-13,"Mz_vs_On","Mz higher"
"tor1",1775.03170292893,11.9422158495002,1.48856270653235,1.40445353880785e-15,1.54546067410416e-13,"Mz_vs_On","Mz higher"
"pold2",2154.00963325771,-11.8301893917728,1.55510903300017,1.39890393943488e-15,1.54546067410416e-13,"Mz_vs_On","On higher"
"tbp",1055.51593841332,-8.95308139072015,1.20957598047785,2.13162544755864e-15,2.29964768871915e-13,"Mz_vs_On","On higher"
"ppt1",2647.4206894721,7.35961263766522,0.945816934825758,2.36520119535055e-15,2.50256480323437e-13,"Mz_vs_On","Mz higher"
"nkrf",1427.18193463468,7.74611544699552,0.997473679532003,2.75913409843443e-15,2.86429354897854e-13,"Mz_vs_On","Mz higher"
"snu13a",666.435629683961,-10.0340327034267,1.35196976343456,4.03762450371205e-15,4.11389074433772e-13,"Mz_vs_On","On higher"
"mif4gda",277.454889357155,9.44245147077879,1.27376203736251,5.32283632290328e-15,5.24020781620626e-13,"Mz_vs_On","Mz higher"
"nol7",824.157930549232,-8.27298666087433,1.12674848787023,5.33354485110052e-15,5.24020781620626e-13,"Mz_vs_On","On higher"
"nvl",988.530940565437,10.6314900582289,1.35196465362694,7.79142395864088e-15,7.52077449481441e-13,"Mz_vs_On","Mz higher"
"neurod1",363.670495839794,-7.77404692934271,1.07378586241009,1.01929358652062e-14,9.59193524105154e-13,"Mz_vs_On","On higher"
"mrps30",361.046609249456,6.65477459399994,0.894988608573054,1.02857902439484e-14,9.59193524105154e-13,"Mz_vs_On","Mz higher"
"etnppl",1380.28263687543,8.4414042816313,1.14500089842437,1.06966488323356e-14,9.80882697925177e-13,"Mz_vs_On","Mz higher"
"JMJD8",631.064591144211,7.03461410706575,0.949680786999075,1.09152787253458e-14,9.84522353227095e-13,"Mz_vs_On","Mz higher"
"dtwd1",1005.52326066271,8.77969955091806,1.14176104567583,1.11564337187359e-14,9.9004352129814e-13,"Mz_vs_On","Mz higher"
"tmem189",524.025805587238,-8.97046399277632,1.24991724581224,1.42954698265765e-14,1.24847103152102e-12,"Mz_vs_On","On higher"
"trim8b",829.858493216081,-9.48899966946794,1.33663688628224,1.52406031863481e-14,1.31021560517636e-12,"Mz_vs_On","On higher"
"cox18",287.606029036754,6.51811845238994,0.874060033549944,1.65287605001235e-14,1.39909600417968e-12,"Mz_vs_On","Mz higher"
"cttnbp2nlb",623.311708666293,7.77428246679195,1.06426126141743,1.74253422355376e-14,1.45263989363527e-12,"Mz_vs_On","Mz higher"
"tnip1",859.548106702568,6.25028829930509,0.84338193317803,2.23870540588924e-14,1.83841151391083e-12,"Mz_vs_On","Mz higher"
"mad2l1bp",159.293325585529,7.14327733729495,0.973570896365217,2.46646459964979e-14,1.99566003342252e-12,"Mz_vs_On","Mz higher"
"ciao1",353.720473908958,6.26234851270875,0.849470279586719,2.91188221225692e-14,2.32190955533878e-12,"Mz_vs_On","Mz higher"
"wdr53",421.813936904256,8.88234562737635,1.2237532026553,3.2917595047817e-14,2.58732297075842e-12,"Mz_vs_On","Mz higher"
"rpusd4",377.578841333378,6.8983273395479,0.932548076323696,3.63651886108366e-14,2.8180460244623e-12,"Mz_vs_On","Mz higher"
"zrsr2",621.979861259918,7.57055733240183,1.04526981768007,3.89847859072831e-14,2.97908738974822e-12,"Mz_vs_On","Mz higher"
"exosc5",985.77973246327,8.72429867951926,1.15378677050671,4.47168877107177e-14,3.37030570115574e-12,"Mz_vs_On","Mz higher"
"stx17",597.525371883504,7.9707732069136,1.08034235136592,5.82023873940402e-14,4.32742615462174e-12,"Mz_vs_On","Mz higher"
"pold1",360.601036203495,8.75491471618158,1.19673000439126,6.07482704667666e-14,4.456493121442e-12,"Mz_vs_On","Mz higher"
"reep1",318.816931347581,7.75243916678181,1.06620776681653,6.31492964380477e-14,4.57167669739656e-12,"Mz_vs_On","Mz higher"
"n4bp3",156.158062657883,7.74715579994488,1.08102840251345,7.67465406200634e-14,5.48388917521544e-12,"Mz_vs_On","Mz higher"
"rfc2",1650.67535833487,7.72540272075222,1.06407751634894,9.35634242738872e-14,6.59982000455035e-12,"Mz_vs_On","Mz higher"
"cdadc1",307.28147061658,9.42688017476883,1.28028057018924,1.15033635268166e-13,8.01158305373984e-12,"Mz_vs_On","Mz higher"
"mars2",332.173192202439,-13.2301705047171,3.44596406378976,1.50015927343911e-13,1.01899707684716e-11,"Mz_vs_On","On higher"
"ndufc2",2173.61503165387,10.1378793922977,1.387360696991,1.4979144705131e-13,1.01899707684716e-11,"Mz_vs_On","Mz higher"
"pif1",580.791938974684,9.38299658630724,1.3372259567289,1.58915782666976e-13,1.06628614174842e-11,"Mz_vs_On","Mz higher"
"tab3",983.434587782237,6.72449772525709,0.938773736642997,1.61203203830482e-13,1.06860244274134e-11,"Mz_vs_On","Mz higher"
"TMEM19",181.466969721391,6.22960630162332,0.875156527977513,1.8210344175086e-13,1.19277754346813e-11,"Mz_vs_On","Mz higher"
"ccnh",149.605963623726,5.70266318497755,0.817224692774456,2.06330582258143e-13,1.33556572186388e-11,"Mz_vs_On","Mz higher"
"mfap1",849.380473545469,7.6150247138087,1.06862384584441,2.51446497956132e-13,1.60867282762167e-11,"Mz_vs_On","Mz higher"
"wdr74",262.146137463015,5.96862847951422,0.852662980771739,2.77689406821395e-13,1.75614611072565e-11,"Mz_vs_On","Mz higher"
"tm9sf3",822.487782590646,5.84379088944649,0.833156175253298,2.80922353406051e-13,1.75640316868192e-11,"Mz_vs_On","Mz higher"
"mat2aa",1190.76174636171,8.33220380298867,1.18265091559046,2.95270824478863e-13,1.82537087222776e-11,"Mz_vs_On","Mz higher"
"zswim7",243.576643094086,10.7377022757434,1.72283247556808,3.60367406711735e-13,2.20304607969774e-11,"Mz_vs_On","Mz higher"
"si:ch1073-390k14.1",154.774627070824,8.70914478762609,1.19721489466941,3.8490791649676e-13,2.32721247974195e-11,"Mz_vs_On","Mz higher"
"slc26a5",214.323172889245,7.30323434140768,1.02764978200354,4.00216525763482e-13,2.39346883125074e-11,"Mz_vs_On","Mz higher"
"mrpl30",362.162974380729,8.12494868151594,1.13032979137733,4.59353571511284e-13,2.71759500048934e-11,"Mz_vs_On","Mz higher"
"trim65",344.006004033202,10.1335316975877,1.55247118374269,6.17966707801309e-13,3.61707747481149e-11,"Mz_vs_On","Mz higher"
"aspdh",328.639101622351,10.9291573877939,2.63593489187414,7.38261549012675e-13,4.24284222641855e-11,"Mz_vs_On","Mz higher"
"shisa2b",1167.30881556171,6.4106088854677,0.935427836018038,7.48011079539439e-13,4.24284222641855e-11,"Mz_vs_On","Mz higher"
"ybey",224.998215134565,6.24933795804004,0.903192424883713,7.40843271049523e-13,4.24284222641855e-11,"Mz_vs_On","Mz higher"
"myl1",256.048897523925,12.135813762946,2.82840316873303,7.7071897564375e-13,4.32703653468562e-11,"Mz_vs_On","Mz higher"
"si:ch211-191d15.2",185.242809436361,-8.83313891713135,1.28160229101513,8.04345174508774e-13,4.43389361386828e-11,"Mz_vs_On","On higher"
"aldh5a1",467.68210146331,7.19287049036994,1.0386504346737,8.05869431819025e-13,4.43389361386828e-11,"Mz_vs_On","Mz higher"
"nemp1",341.028245747861,11.9943135923807,2.99659230236405,9.0192984703531e-13,4.91328516672106e-11,"Mz_vs_On","Mz higher"
"gpc6b",1138.26030721189,9.4686754858628,1.40623654106909,9.63847551604561e-13,5.1991070871846e-11,"Mz_vs_On","Mz higher"
"ficd",738.312764325699,8.25674584605232,1.15930664965042,9.78144858370747e-13,5.22500292306393e-11,"Mz_vs_On","Mz higher"
"ccdc51",1180.12945099997,8.51835182815177,1.26636369376731,1.33015923307087e-12,7.03705394264995e-11,"Mz_vs_On","Mz higher"
"abitram",207.50291862216,8.6229267203935,1.26244354301853,1.53547565388318e-12,8.04589242634786e-11,"Mz_vs_On","Mz higher"
"zgc:154006",169.095110952536,12.5001996859977,2.97880802238322,1.57823957233868e-12,8.19195672359188e-11,"Mz_vs_On","Mz higher"
"ccn4a",694.103702981879,-9.6317474749844,1.49316668238069,1.6007650424709e-12,8.2312236109111e-11,"Mz_vs_On","On higher"
"mapk8a",444.441143140506,8.02917963848289,1.17035296208505,2.10994842448766e-12,1.07490150291954e-10,"Mz_vs_On","Mz higher"
"appl2",267.080798109267,7.03234527449343,1.04077125485106,2.25378801530887e-12,1.13764602387425e-10,"Mz_vs_On","Mz higher"
"hltf",860.710919270215,8.50961496031855,1.32929343506808,2.37379190904152e-12,1.18732755304968e-10,"Mz_vs_On","Mz higher"
"JAZF1",271.823579358785,11.4288812205676,1.88872050008743,2.53724928731952e-12,1.25765275484973e-10,"Mz_vs_On","Mz higher"
"GPS2",304.022216295438,5.75081667161222,0.868545204477039,2.79185784483231e-12,1.37150016627387e-10,"Mz_vs_On","Mz higher"
"tmod1",265.314948663302,8.60864963064886,1.2772196208109,2.86686929111742e-12,1.39588626900248e-10,"Mz_vs_On","Mz higher"
"apobec2b",238.176922295765,12.0349586246926,2.83842096085549,3.36620785182469e-12,1.62463821059118e-10,"Mz_vs_On","Mz higher"
"tspo",551.388274812487,-9.58302990046604,1.45653121832919,3.80659649124696e-12,1.82120816476876e-10,"Mz_vs_On","On higher"
"CDKL5",1010.2719034111,11.6907479296015,1.98659987430043,4.00423227614497e-12,1.89924879166807e-10,"Mz_vs_On","Mz higher"
"mtres1",152.70577090213,4.95834953504027,0.752080655012046,4.11314943549356e-12,1.93423488838338e-10,"Mz_vs_On","Mz higher"
"cacng1a",188.020527260862,9.36712000331439,1.58800070812309,4.30736996892455e-12,2.0084025058494e-10,"Mz_vs_On","Mz higher"
"spdya",202.849758606399,9.45420091237682,1.60599931431919,5.33930746499107e-12,2.44807247269841e-10,"Mz_vs_On","Mz higher"
"FH",200.325640120887,5.69140120151881,0.854469940424989,5.30012459068322e-12,2.44807247269841e-10,"Mz_vs_On","Mz higher"
"ddr1",296.042757136749,8.1514753448198,1.24282277179934,5.65491327455793e-12,2.57134982120808e-10,"Mz_vs_On","Mz higher"
"capn1b",98.5649266960515,-7.55089437378069,1.15582357483597,5.89907528863464e-12,2.66038624902195e-10,"Mz_vs_On","On higher"
"dnajb12b",1030.03201267703,8.59325902018824,1.31002277130204,7.4307137249198e-12,3.32388511500071e-10,"Mz_vs_On","Mz higher"
"mxd3",404.958419181506,9.12680769442112,1.41945239794233,7.51362424885265e-12,3.33386779170865e-10,"Mz_vs_On","Mz higher"
"si:ch73-215d9.1",686.767669118698,9.82882168047344,1.53038507384367,8.8706414651748e-12,3.90450154731134e-10,"Mz_vs_On","Mz higher"
"GOT1",886.569267199052,6.5462732448577,1.00389751620409,9.53423767909175e-12,4.16328378653673e-10,"Mz_vs_On","Mz higher"
"pnp5a",610.912429241697,6.47617541834455,1.00200936562604,9.82006851299691e-12,4.25433204397709e-10,"Mz_vs_On","Mz higher"
"lysmd2",1066.39557980249,7.38098403408773,1.13075567684283,1.01224605984964e-11,4.35107642288494e-10,"Mz_vs_On","Mz higher"
"riox1",189.809698521208,6.31653736341745,0.963846827383252,1.10409050136327e-11,4.7090743709308e-10,"Mz_vs_On","Mz higher"
"SLC22A23",147.008838607451,9.0613200219172,1.45765022573927,1.25211056207822e-11,5.29931716350334e-10,"Mz_vs_On","Mz higher"
"styk1b",63.809278276933,11.2895820293571,2.99429618040089,1.3486745509598e-11,5.62688462548785e-10,"Mz_vs_On","Mz higher"
"mest",609.118257583957,9.03832768703856,1.36440571485691,1.34996141505706e-11,5.62688462548785e-10,"Mz_vs_On","Mz higher"
"cfap300",156.630277580856,8.53676199251839,1.29095729720594,1.47294146267253e-11,6.09332626137162e-10,"Mz_vs_On","Mz higher"
"atraid",279.904049403295,8.2128167690436,1.22507777868522,1.57809125534115e-11,6.47959558722911e-10,"Mz_vs_On","Mz higher"
"rida",1599.32072703384,7.95828374278997,1.2080852090978,1.63867019142868e-11,6.67849140240045e-10,"Mz_vs_On","Mz higher"
"zgc:172121",155.305974253612,6.28761377891333,0.966145326658939,1.67989258063923e-11,6.79615366079193e-10,"Mz_vs_On","Mz higher"
"rest",215.093313613425,5.73852127316194,0.909954272314046,1.74039975515683e-11,6.93889815425572e-10,"Mz_vs_On","Mz higher"
"wbp2",169.420221554482,5.67532003223839,0.897653694286222,1.73221538454004e-11,6.93889815425572e-10,"Mz_vs_On","Mz higher"
"zgc:158403",104.556145764195,9.14342249266931,1.45143036074771,1.81100307530465e-11,7.16844526642171e-10,"Mz_vs_On","Mz higher"
"tceanc2",352.962027309277,9.31927566388628,1.54607786132938,1.98094853755251e-11,7.78512775258137e-10,"Mz_vs_On","Mz higher"
"ttc34",6902.84599016596,-7.2714911779693,1.20357208223111,2.07580308232969e-11,8.10004862338862e-10,"Mz_vs_On","On higher"
"pigt",211.483387015166,7.38497837342144,1.14056201134499,2.10368176520196e-11,8.15102610714167e-10,"Mz_vs_On","Mz higher"
"gtf2b",169.762873364289,6.73014489026178,1.03343614972672,2.15388040024371e-11,8.28346879556346e-10,"Mz_vs_On","Mz higher"
"thoc6",297.519400112297,5.8814953626004,0.909851442991992,2.1679743848803e-11,8.28346879556346e-10,"Mz_vs_On","Mz higher"
"ucp1",347.916580386339,7.72718647766089,1.18004200478469,2.25829664739806e-11,8.56906769240284e-10,"Mz_vs_On","Mz higher"
"trim46b",738.537324200343,-11.3084554391022,1.8082506103139,2.42427787959724e-11,9.13587458461918e-10,"Mz_vs_On","On higher"
"srp54",103.757551558524,-6.9992913787123,1.14065384917696,2.69523025871363e-11,1.0087861825471e-09,"Mz_vs_On","On higher"
"p2rx5",509.059042866806,7.33151502346153,1.1661036375267,2.72415213241699e-11,1.01272196165935e-09,"Mz_vs_On","Mz higher"
"rbsn",262.559776044598,4.9746143349086,0.779686759314459,3.05720264611353e-11,1.12890798381991e-09,"Mz_vs_On","Mz higher"
"wdr92",1567.45666258343,-10.8107926406847,1.83653845875567,3.10280063577491e-11,1.13810727320224e-09,"Mz_vs_On","On higher"
"ZCCHC24",693.463021979449,5.49189750778187,0.875938978671434,3.23869499170156e-11,1.18008608240675e-09,"Mz_vs_On","Mz higher"
"nr1h5",137.593655380488,7.39446816998076,1.18149953315511,3.54955984170391e-11,1.2848472532273e-09,"Mz_vs_On","Mz higher"
"pdxp",230.846583794341,6.26590727639206,0.963135072243791,3.71805172638071e-11,1.33704056199651e-09,"Mz_vs_On","Mz higher"
"grhpra",259.868936952404,7.12361002860125,1.09596090941397,3.8711717005512e-11,1.38306407119693e-09,"Mz_vs_On","Mz higher"
"tmed4",245.20967513165,8.24226588657518,1.27223558376609,3.93569325495592e-11,1.39704414766242e-09,"Mz_vs_On","Mz higher"
"fabp2",268.979337599125,11.8528040584215,3.06556687820122,4.06305816584507e-11,1.43300936079997e-09,"Mz_vs_On","Mz higher"
"dnase2",536.817451937557,6.80870457785076,1.07880612697167,4.10632443025849e-11,1.43904439587785e-09,"Mz_vs_On","Mz higher"
"mat1a",181.093198703709,7.58057371445473,1.17165516804737,4.24843844061286e-11,1.47942457596531e-09,"Mz_vs_On","Mz higher"
"gulp1a",309.537815107464,-10.9645933600074,1.71608275139017,4.42956161783862e-11,1.52781277818112e-09,"Mz_vs_On","On higher"
"slx1b",231.156090844225,6.54161716829198,1.04023836539243,4.44293065265321e-11,1.52781277818112e-09,"Mz_vs_On","Mz higher"
"NT5E",192.447693923234,7.11311510809755,1.16497703297275,5.04663939431145e-11,1.70347300291421e-09,"Mz_vs_On","Mz higher"
"ZRANB1",368.186101219463,-7.06062618631597,1.18955508879722,5.00607731190075e-11,1.70347300291421e-09,"Mz_vs_On","On higher"
"ctps1a",399.380538089178,5.76774900864784,0.910893342377447,5.02150388800845e-11,1.70347300291421e-09,"Mz_vs_On","Mz higher"
"ift22",1022.26923361408,9.93278720044311,1.5326002015807,5.31376367198045e-11,1.78270290995344e-09,"Mz_vs_On","Mz higher"
"lipca",252.033860812135,8.83653439412987,1.41510940762495,5.62483658123896e-11,1.86848614062919e-09,"Mz_vs_On","Mz higher"
"rsph9",184.860757847655,7.56346624894692,1.24019850653567,5.6373809404661e-11,1.86848614062919e-09,"Mz_vs_On","Mz higher"
"pdcd4b",853.166402333349,5.0983250333212,0.819845376157707,6.46449202252308e-11,2.12979850945641e-09,"Mz_vs_On","Mz higher"
"timm8a",357.054157616219,7.41646174568437,1.16009469447592,6.75464563163035e-11,2.21214644435894e-09,"Mz_vs_On","Mz higher"
"ctns",97.0808469945695,5.29124317172327,0.859525635719132,7.01477712110574e-11,2.28374578226768e-09,"Mz_vs_On","Mz higher"
"sfxn4",195.210326079442,8.06569197915157,1.33740982781394,7.19845441075626e-11,2.31734338908864e-09,"Mz_vs_On","Mz higher"
"caprin1a",354.992712345023,4.9510163239644,0.797536229151932,7.2022122779745e-11,2.31734338908864e-09,"Mz_vs_On","Mz higher"
"utp6",438.406564661918,6.86106978966074,1.06973159630486,7.5474017970013e-11,2.41195347079016e-09,"Mz_vs_On","Mz higher"
"aldh3b1",303.468823602252,4.86700743199388,0.786154891828958,7.58393221458921e-11,2.41195347079016e-09,"Mz_vs_On","Mz higher"
"flii",287.651203890817,5.4375017319353,0.884481630033403,7.85246401506439e-11,2.4830032764876e-09,"Mz_vs_On","Mz higher"
"prdx3",283.175231193298,5.80372579181548,0.940050657084241,8.11169879744109e-11,2.55031810191548e-09,"Mz_vs_On","Mz higher"
"ndufaf2",228.291885475629,5.93910519205273,0.974759312934184,9.08512207619709e-11,2.84013304904752e-09,"Mz_vs_On","Mz higher"
"si:ch211-149k23.9",587.049950557431,9.77109529012787,1.56117965274388,9.19356621087648e-11,2.8417416456316e-09,"Mz_vs_On","Mz higher"
"sema4e",167.419578835635,5.69160082060132,0.947736184990025,9.14368363221366e-11,2.8417416456316e-09,"Mz_vs_On","Mz higher"
"slc1a8b",164.724533232803,-5.95721499633179,1.00104927229448,1.09650050571062e-10,3.37036077230159e-09,"Mz_vs_On","On higher"
"gemin4",154.795415558593,10.4262263817186,2.80744683033649,1.12403728836658e-10,3.41682495060382e-09,"Mz_vs_On","Mz higher"
"ano8a",93.2785951784595,9.09603744493294,1.75464400029285,1.11854202823732e-10,3.41682495060382e-09,"Mz_vs_On","Mz higher"
"nfe2",3556.19394528514,-6.98339506190033,1.13373064580859,1.27768910249913e-10,3.86255244063198e-09,"Mz_vs_On","On higher"
"STUB1",162.261354905282,5.91034578482423,0.974425187777488,1.37376654325036e-10,4.13030793495272e-09,"Mz_vs_On","Mz higher"
"fam149b1",167.580321949149,10.0425273132272,1.82843627756218,1.39867431751058e-10,4.18234026899087e-09,"Mz_vs_On","Mz higher"
"LLGL1",317.778479085241,5.46689971286104,0.899247423139791,1.46347645374176e-10,4.35245808026334e-09,"Mz_vs_On","Mz higher"
"uhrf1bp1",128.04693709014,7.56498182142758,1.24706699944706,1.51635541452305e-10,4.46470273962478e-09,"Mz_vs_On","Mz higher"
"pter",147.670983669401,6.40943940124253,1.02459852072701,1.51744713251515e-10,4.46470273962478e-09,"Mz_vs_On","Mz higher"
"bpnt1",453.363642219581,4.94336827235318,0.814452610575451,1.58436693075609e-10,4.62958361620545e-09,"Mz_vs_On","Mz higher"
"gpkow",471.863049342331,4.51022681397685,0.736478209726236,1.59031498266599e-10,4.62958361620545e-09,"Mz_vs_On","Mz higher"
"slc25a44a",150.653098561461,7.72793997227982,1.2502072236265,1.62372567282581e-10,4.70196771151979e-09,"Mz_vs_On","Mz higher"
"snx14",149.398171307317,-8.54535644700467,1.42775992761531,1.64582367229207e-10,4.71631346091197e-09,"Mz_vs_On","On higher"
"grwd1",344.779268098892,6.5566663365672,1.07620568978047,1.63872607190811e-10,4.71631346091197e-09,"Mz_vs_On","Mz higher"
"atg5",116.561495095478,8.29023039882866,1.31248010292588,1.6826167099563e-10,4.79676535656972e-09,"Mz_vs_On","Mz higher"
"best1",299.678007519023,-8.13013286365586,1.41206631118511,1.74080314537987e-10,4.93706129169075e-09,"Mz_vs_On","On higher"
"tmem54a",637.216246701943,7.63965939876705,1.344725470731,1.80963342992281e-10,5.10595032381299e-09,"Mz_vs_On","Mz higher"
"henmt1",201.804288838803,10.9224830393335,1.98023824865497,1.84973109417648e-10,5.19245942865255e-09,"Mz_vs_On","Mz higher"
"rundc3b",50.2724828793891,10.7616132053881,2.96850760829264,1.90138999109515e-10,5.31037955888604e-09,"Mz_vs_On","Mz higher"
"parp12a",193.615069685266,6.78584388021034,1.07910159926963,2.00884866613133e-10,5.5541132467611e-09,"Mz_vs_On","Mz higher"
"si:dkey-40g16.6",243.304492019075,6.58748779846664,1.07585780301523,2.001206964192e-10,5.5541132467611e-09,"Mz_vs_On","Mz higher"
"tmem138",229.294602763021,6.48619420538177,1.07858306418721,2.0209614056753e-10,5.55966482701276e-09,"Mz_vs_On","Mz higher"
"txndc12",602.720946808928,6.45050140304602,1.06662790134554,2.05521507537173e-10,5.62576783318173e-09,"Mz_vs_On","Mz higher"
"megf6b",229.316188147217,7.90621590565784,1.26519110562573,2.10195443106386e-10,5.7252243958977e-09,"Mz_vs_On","Mz higher"
"gng3",283.832701312194,7.0529659814962,1.16727479798626,2.68985678656686e-10,7.29043942841916e-09,"Mz_vs_On","Mz higher"
"hspd1",195.631056986452,-6.94360246931649,1.21249613902651,2.75178930214273e-10,7.42173761783789e-09,"Mz_vs_On","On higher"
"ap1g2",326.357208730893,6.07351458997604,1.02398305791443,2.92596216204059e-10,7.85299698319383e-09,"Mz_vs_On","Mz higher"
"si:ch211-196h16.12",123.603234696835,10.2394680932782,1.89243970802968,2.96132750637726e-10,7.90933200975131e-09,"Mz_vs_On","Mz higher"
"zfyve1",100.242587079667,6.80353942979731,1.13010600837122,3.01420999764495e-10,8.01168280533455e-09,"Mz_vs_On","Mz higher"
"zgc:101679",342.387565277374,-11.2323736746737,3.26038524563051,3.19369163018688e-10,8.44792853331164e-09,"Mz_vs_On","On higher"
"alox12",176.962949991209,9.9263141523181,1.69113972437904,3.2348499886606e-10,8.51585867828259e-09,"Mz_vs_On","Mz higher"
"cdc42ep1a",147.976416409674,11.1980657326064,2.98614458736368,3.45584005060859e-10,9.05195663787864e-09,"Mz_vs_On","Mz higher"
"morn5",528.790931103826,-8.98730695125303,1.59574899177059,3.4713974020218e-10,9.05195663787864e-09,"Mz_vs_On","On higher"
"trappc2l",476.778104433948,5.59230952311461,0.930563339760428,3.96355398246556e-10,1.02865443450592e-08,"Mz_vs_On","Mz higher"
"lrrk2",558.69943521946,9.48025175521159,1.54428292277383,4.0996078567491e-10,1.0589691280673e-08,"Mz_vs_On","Mz higher"
"asb12b",281.215066607249,-6.66016137322766,1.18645987949577,4.25274693162226e-10,1.09339315970961e-08,"Mz_vs_On","On higher"
"pkd2l1",84.3287029135923,9.83266680306577,2.75213800102879,4.46465008724253e-10,1.1425351060469e-08,"Mz_vs_On","Mz higher"
"uqcc2",1698.62821131125,5.66213652621691,0.974671892995028,5.06977276863383e-10,1.29138378578812e-08,"Mz_vs_On","Mz higher"
"cnot7",1508.87714155608,5.49169539178473,0.93950101461224,5.2219600805313e-10,1.32401955590245e-08,"Mz_vs_On","Mz higher"
"slc30a4",105.608188137092,-8.38826718671607,1.42794969479149,5.44609371572631e-10,1.37451411118927e-08,"Mz_vs_On","On higher"
"MSMP",144.072345230239,-7.62923064535486,1.34694808475983,5.49128155537697e-10,1.37959046199471e-08,"Mz_vs_On","On higher"
"ZNF830",204.738929645319,-7.68574231076709,1.38410940939692,5.78800713964103e-10,1.4475279673775e-08,"Mz_vs_On","On higher"
"gtf2a2",190.722993338736,7.57926287822866,1.2475610533247,5.89981011643467e-10,1.46881245523183e-08,"Mz_vs_On","Mz higher"
"six9",88.3791864064195,9.2298169702647,1.75375360581106,5.98798910504185e-10,1.4840502727901e-08,"Mz_vs_On","Mz higher"
"agt",40.7303555616835,8.18308700986821,1.61506798079586,6.43134131048415e-10,1.58678205786026e-08,"Mz_vs_On","Mz higher"
"sestd1",142.75474206318,6.68691675028992,1.11174845442046,6.69889923757012e-10,1.64541712522816e-08,"Mz_vs_On","Mz higher"
"pkn3",85.49062256478,10.6602498541558,2.94707523687888,6.88958574063179e-10,1.68473336644249e-08,"Mz_vs_On","Mz higher"
"esamb",231.364605776149,6.85263767708944,1.21648674859105,7.44246249329669e-10,1.81187737336807e-08,"Mz_vs_On","Mz higher"
"cyb561d2",90.5919530992472,9.68579951790555,1.84236944351522,7.56594352661233e-10,1.8338247261419e-08,"Mz_vs_On","Mz higher"
"skp2",277.595922108934,8.26816756426391,1.60691551592559,8.25400134768039e-10,1.99182085153235e-08,"Mz_vs_On","Mz higher"
"prmt9",158.089138808575,7.78157252731862,1.28236850178962,8.74715026822106e-10,2.10160789413765e-08,"Mz_vs_On","Mz higher"
"rbp4",1405.50577771232,-10.5365622740152,1.99977095934718,9.20635686549802e-10,2.19956436961967e-08,"Mz_vs_On","On higher"
"acsl2",166.860957957889,6.37626829333349,1.10729944086451,9.23481223886119e-10,2.19956436961967e-08,"Mz_vs_On","Mz higher"
"gipc2",461.236315522972,7.16795700439156,1.24541512993359,9.95417532551321e-10,2.36068416555921e-08,"Mz_vs_On","Mz higher"
"alkbh7",118.27047306828,7.9084910397813,1.30540883417174,1.01146625900702e-09,2.38844950946636e-08,"Mz_vs_On","Mz higher"
"zgc:101583",304.999086614002,-9.55767967756687,1.59597788593522,1.02643718352738e-09,2.41344332639643e-08,"Mz_vs_On","On higher"
"atp2a1",122.765239075823,8.5323976818045,1.51334360189178,1.06082870985271e-09,2.47316930576679e-08,"Mz_vs_On","Mz higher"
"smpdl3b",199.297444920385,6.37850592257238,1.06336146535873,1.0607478829009e-09,2.47316930576679e-08,"Mz_vs_On","Mz higher"
"prozb",102.407028926785,9.46068491453405,2.59154818703893,1.08082445497271e-09,2.50915449420247e-08,"Mz_vs_On","Mz higher"
"si:dkey-34d22.1",121.96597432327,6.41952219598958,1.09991143416803,1.11659220843824e-09,2.58129845833077e-08,"Mz_vs_On","Mz higher"
"apba1b",158.375913479319,5.45472794357278,0.958469604192988,1.16820673832153e-09,2.68931944529082e-08,"Mz_vs_On","Mz higher"
"uox",155.448879712611,5.24542058235652,0.908111171846414,1.21688366829649e-09,2.7897058095697e-08,"Mz_vs_On","Mz higher"
"thyn1",385.155971893803,6.76559936842682,1.16024693401099,1.26222524689917e-09,2.88164452632332e-08,"Mz_vs_On","Mz higher"
"tmem101",1434.22598405556,6.70003580879703,1.18626455169805,1.32424650678614e-09,3.01074557038733e-08,"Mz_vs_On","Mz higher"
"lipf",154.013853914084,-6.05855748970768,1.08080630720138,1.33268817868855e-09,3.01746928359852e-08,"Mz_vs_On","On higher"
"spsb3b",122.594891457994,6.74759968311827,1.15370029192573,1.35979497332501e-09,3.06622620624352e-08,"Mz_vs_On","Mz higher"
"nkiras1",327.008596206879,6.43919550407349,1.14595701178708,1.3718301822893e-09,3.08073863794112e-08,"Mz_vs_On","Mz higher"
"hgd",934.957598877491,6.18307259180456,1.09502516056783,1.4504285265433e-09,3.24400721668342e-08,"Mz_vs_On","Mz higher"
"coro2ba",399.648468435968,5.96683050517244,1.03826505412607,1.50450321013547e-09,3.35132658387262e-08,"Mz_vs_On","Mz higher"
"sh3glb1a",190.100864682013,-8.5945732458573,1.59616542650111,1.55842613378281e-09,3.45708588504382e-08,"Mz_vs_On","On higher"
"rnaseh2c",315.632325527349,6.25832281108822,1.06380466972289,1.5645481377243e-09,3.45708588504382e-08,"Mz_vs_On","Mz higher"
"cldn15b",212.142798603047,6.91371082298309,1.29432728069763,1.63595333100133e-09,3.60040609086774e-08,"Mz_vs_On","Mz higher"
"uck2a",70.4426398677707,10.8518422560373,3.06525209696866,1.65148033377961e-09,3.62009752846829e-08,"Mz_vs_On","Mz higher"
"tnnt2d",81.9383181015261,11.5439074169816,3.2048649519104,1.67186609572605e-09,3.65024097566854e-08,"Mz_vs_On","Mz higher"
"tecra",123.402929574895,9.6170269274866,2.62398375162641,1.68490943072031e-09,3.66417853273642e-08,"Mz_vs_On","Mz higher"
"si:ch211-153j24.3",568.909568377971,-14.2046168615631,3.9979162555317,1.75071509550819e-09,3.79229702971892e-08,"Mz_vs_On","On higher"
"RTKN",76.8257630444283,5.96149600650545,1.03724575750377,1.8017963850374e-09,3.88764067077481e-08,"Mz_vs_On","Mz higher"
"si:ch211-243o19.4",108.054596859403,7.60170355386448,1.39921331473677,1.97021463451199e-09,4.20159725545929e-08,"Mz_vs_On","Mz higher"
"prrg1",183.46344037116,6.35596961916007,1.12815807936514,1.95973250192805e-09,4.20159725545929e-08,"Mz_vs_On","Mz higher"
"mnat1",121.40682243044,5.16043469621735,0.924727425868911,1.96821543724508e-09,4.20159725545929e-08,"Mz_vs_On","Mz higher"
"mapk8ip3",139.397904588071,5.34644965092644,0.938777863068861,1.99397913158686e-09,4.23585837142506e-08,"Mz_vs_On","Mz higher"
"tma16",1973.36303328344,6.21713133215369,1.10850022704495,2.12572109928513e-09,4.49835288010261e-08,"Mz_vs_On","Mz higher"
"letmd1",190.71699631361,-12.6151147420367,3.6535616458506,2.21723088184978e-09,4.67402464058908e-08,"Mz_vs_On","On higher"
"ankzf1",243.39702907248,7.73380532787038,1.31943685204389,2.32783091513619e-09,4.88844492178599e-08,"Mz_vs_On","Mz higher"
"nup88",149.921747823808,5.23949750412413,0.939963814580248,2.40392300049977e-09,5.02904347861208e-08,"Mz_vs_On","Mz higher"
"cnn1b",130.786129917666,6.71762381983151,1.16270978006317,2.64972617622723e-09,5.52227023545539e-08,"Mz_vs_On","Mz higher"
"armc7",86.0124675043837,7.98042568028455,1.59459741277714,2.70277642381994e-09,5.61157580522918e-08,"Mz_vs_On","Mz higher"
"zgc:56622",185.946054529693,-6.34692173886112,1.19156421915402,2.90077346222196e-09,6.00002089817489e-08,"Mz_vs_On","On higher"
"ccng2",50.9351160647893,4.79021731876598,0.844039427577715,2.97559335836162e-09,6.13172833621934e-08,"Mz_vs_On","Mz higher"
"itgb1bp1",416.90684161108,6.64561623532104,1.22735535935449,3.06702576559036e-09,6.29655812025305e-08,"Mz_vs_On","Mz higher"
"dnali1",165.022695365231,-12.3823419380756,3.62421526647652,3.31664414175007e-09,6.75858372885513e-08,"Mz_vs_On","On higher"
"wdr46",164.533149867869,5.45404150815459,0.980273051988966,3.30660194682005e-09,6.75858372885513e-08,"Mz_vs_On","Mz higher"
"ecrg4a",229.522728826494,5.3807926779546,0.953568116895857,3.35006113472314e-09,6.80148943293236e-08,"Mz_vs_On","Mz higher"
"zgc:101765",172.293578722985,7.8562393052518,1.42047122385884,3.3645460566243e-09,6.80578397189225e-08,"Mz_vs_On","Mz higher"
"lgi1a",76.3979527693679,6.81855322996406,1.24804486502449,3.48817631081939e-09,7.03001687257446e-08,"Mz_vs_On","Mz higher"
"bcl2l13",254.414622943273,6.49403128166895,1.20881781732353,3.55132856524635e-09,7.13117144743994e-08,"Mz_vs_On","Mz higher"
"mrpl13",102.782264137463,6.97296914983243,1.21809306896892,3.60760772824203e-09,7.2178391711955e-08,"Mz_vs_On","Mz higher"
"gnpnat1",277.462581939907,4.89763721461417,0.906268280387891,3.65801832569234e-09,7.29218001013016e-08,"Mz_vs_On","Mz higher"
"ap1s2",53.3435699815735,6.5948937778815,1.18902337718323,4.01832977520315e-09,7.98153444879701e-08,"Mz_vs_On","Mz higher"
"si:dkey-76k16.5",182.553577294082,-10.0773258754673,1.81170756212498,4.07426357123971e-09,8.06352452120895e-08,"Mz_vs_On","On higher"
"psen1",157.45296500739,6.57945653045491,1.1623330802104,4.21382703376809e-09,8.30984815046309e-08,"Mz_vs_On","Mz higher"
"narfl",243.853776455305,5.34858527383867,0.949903794019335,4.24293095054361e-09,8.33735931781819e-08,"Mz_vs_On","Mz higher"
"dennd4a",2011.4190471798,7.48299613672324,1.36721392164307,4.3265591333903e-09,8.47143357719339e-08,"Mz_vs_On","Mz higher"
"hacd1",183.765668286936,7.7167558990298,1.41883933730035,4.38073460588453e-09,8.54709283743854e-08,"Mz_vs_On","Mz higher"
"ift20",166.630230820013,5.27674065036205,0.975886881834577,4.61564785038887e-09,8.97360228722245e-08,"Mz_vs_On","Mz higher"
"aqp12",78.3203686090195,9.59405441837822,2.69651916326959,4.74955022403581e-09,9.20141737064966e-08,"Mz_vs_On","Mz higher"
"cab39l",51.6361501988546,5.88275139061616,1.05974137236226,4.81180708824459e-09,9.2893202103585e-08,"Mz_vs_On","Mz higher"
"wfdc2",161.195677086865,6.46812453165768,1.16351209204579,4.97862062634705e-09,9.57775198816834e-08,"Mz_vs_On","Mz higher"
"pfkfb4b",794.083488889592,5.35849784678177,0.99086276411378,5.21005425381181e-09,9.94968005012803e-08,"Mz_vs_On","Mz higher"
"mrps36",360.844153734513,4.68749973333767,0.86769570009083,5.21307933477381e-09,9.94968005012803e-08,"Mz_vs_On","Mz higher"
"atp6v0cb",541.238622338789,3.68265761487435,0.669109090371822,5.22620417027808e-09,9.94968005012803e-08,"Mz_vs_On","Mz higher"
"ptprn2",203.992916330164,-7.25905201985679,1.40834417135462,5.26965006373934e-09,9.99555938739984e-08,"Mz_vs_On","On higher"
"C6orf62",243.220503045973,4.05084494727072,0.733784543570934,5.28663718962805e-09,9.99555938739984e-08,"Mz_vs_On","Mz higher"
"nucb2a",316.34102683073,5.14861332329576,0.927547265459554,5.30608675657594e-09,9.99797579954822e-08,"Mz_vs_On","Mz higher"
"sart3",407.64395137167,4.23322493742426,0.77513847695183,5.38746301669555e-09,1.01166626340815e-07,"Mz_vs_On","Mz higher"
"smndc1",413.273404911286,5.20651251701419,0.951334219606878,5.63327262903369e-09,1.05422673486202e-07,"Mz_vs_On","Mz higher"
"rnf185",80.4453832690118,6.94153573534187,1.29127474899426,5.80668655555968e-09,1.08299625181998e-07,"Mz_vs_On","Mz higher"
"nyap2b",121.653507032667,-7.76542507634665,1.47889564080055,6.07954690138452e-09,1.12490937761628e-07,"Mz_vs_On","On higher"
"ada",504.455412332877,5.50353759326499,1.0073207713111,6.08119193254074e-09,1.12490937761628e-07,"Mz_vs_On","Mz higher"
"dgcr8",149.878021622317,4.42494709000111,0.821316054148413,6.0927479921783e-09,1.12490937761628e-07,"Mz_vs_On","Mz higher"
"plch2a",143.668104545621,-12.1526781827883,3.6069157373374,6.16394509626229e-09,1.1304675306545e-07,"Mz_vs_On","On higher"
"slc25a4",75.2135477124448,8.91092926322805,2.55601458382514,6.15387001566182e-09,1.1304675306545e-07,"Mz_vs_On","Mz higher"
"prcc",280.06702667502,5.04420959736252,0.917727079655082,6.76274773072765e-09,1.2361673758958e-07,"Mz_vs_On","Mz higher"
"si:ch211-203d1.3",412.701661982855,5.90130217271649,1.06149212616601,6.85787041029498e-09,1.24940407276301e-07,"Mz_vs_On","Mz higher"
"rd3",108.235294293696,6.67097954154065,1.25701151714852,7.23867035262404e-09,1.31442786403094e-07,"Mz_vs_On","Mz higher"
"arfgap2",283.436472115097,4.70635666040033,0.865517003573567,7.35748312547898e-09,1.3316076367232e-07,"Mz_vs_On","Mz higher"
"ercc2",464.790287242549,8.55703171173421,1.52398858393131,7.98396457543738e-09,1.43554814032864e-07,"Mz_vs_On","Mz higher"
"osgep",480.595954865767,5.39144370819909,1.00390918822829,7.97296074622308e-09,1.43554814032864e-07,"Mz_vs_On","Mz higher"
"mrps7",132.215619243382,5.28790658350736,0.96337515269887,8.07071456742147e-09,1.44279860096722e-07,"Mz_vs_On","Mz higher"
"si:ch211-160o17.2",173.103285998439,4.96300584752412,0.924206719112033,8.07673517080886e-09,1.44279860096722e-07,"Mz_vs_On","Mz higher"
"FBXO40",99.5185684615155,10.9039896469291,3.12208902195524,8.11626141520322e-09,1.44516732383327e-07,"Mz_vs_On","Mz higher"
"phospho2",173.667477297875,-10.0902849091266,1.84681734973186,8.32159279479884e-09,1.47694850183817e-07,"Mz_vs_On","On higher"
"mlf1",84.1262829745396,9.03441336850035,1.90892750712542,9.09003429387892e-09,1.60814690305215e-07,"Mz_vs_On","Mz higher"
"hspbap1",71.1481055780715,7.85863261218284,1.63044135388537,9.44590291858734e-09,1.66042676862836e-07,"Mz_vs_On","Mz higher"
"stx18",305.972217152239,5.46849087207086,1.00623759247214,9.44011111001598e-09,1.66042676862836e-07,"Mz_vs_On","Mz higher"
"ppp4r4",203.286171414452,-4.90781653505344,0.964026747153977,1.02812345601362e-08,1.80150804298946e-07,"Mz_vs_On","On higher"
"ERG28",296.706056970309,7.62454401739342,1.45047041862491,1.0615100932719e-08,1.85410429624826e-07,"Mz_vs_On","Mz higher"
"zgc:172182",1384.52548041108,-6.99405954710253,1.42096340647818,1.10755422706151e-08,1.92840612572545e-07,"Mz_vs_On","On higher"
"ntmt1",91.1291716358199,6.70427770631708,1.21478126367543,1.11183717553833e-08,1.92975651098168e-07,"Mz_vs_On","Mz higher"
"nelfa",153.957431557243,5.18274173992878,0.969625325209542,1.15907403478026e-08,2.00541677338396e-07,"Mz_vs_On","Mz higher"
"hacd3",313.538923729799,4.31832532063494,0.812819326894228,1.17435897932059e-08,2.02549313611972e-07,"Mz_vs_On","Mz higher"
"pop1",118.830087987621,7.2802265962371,1.34955518788947,1.18487151975934e-08,2.03723846928621e-07,"Mz_vs_On","Mz higher"
"usp11",162.968857543461,5.54058715180828,1.03422657468612,1.22501635764904e-08,2.09970093451246e-07,"Mz_vs_On","Mz higher"
"slc25a1a",61.9693063264495,8.66165432483426,1.85585271322674,1.23845213087697e-08,2.11280984181108e-07,"Mz_vs_On","Mz higher"
"klf9",217.941551442121,6.60841678582872,1.28537734702978,1.24034456362228e-08,2.11280984181108e-07,"Mz_vs_On","Mz higher"
"PABPN1L",305.781223784342,5.10618390556131,0.978894357711595,1.26290072738621e-08,2.14459253150584e-07,"Mz_vs_On","Mz higher"
"zc4h2",96.4929184257756,4.80170254735881,0.906901034855995,1.27264814803841e-08,2.15449541861765e-07,"Mz_vs_On","Mz higher"
"psmc3ip",166.799087914999,5.62092696088632,1.07206173076335,1.33107190820336e-08,2.23962007306877e-07,"Mz_vs_On","Mz higher"
"hif1al",150.453675227354,-5.59515113587773,1.12125442513473,1.32701579558714e-08,2.23962007306877e-07,"Mz_vs_On","On higher"
"ttll9",71.9371625492509,-11.10302536101,3.40372420771154,1.36368469575775e-08,2.28749792562779e-07,"Mz_vs_On","On higher"
"glt1d1",63.1271652141901,5.71180909566632,1.07959747383992,1.38762150063202e-08,2.32057553084419e-07,"Mz_vs_On","Mz higher"
"chpt1",95.1920206249153,4.83640438356382,0.903499369343279,1.41699643384049e-08,2.36251950878496e-07,"Mz_vs_On","Mz higher"
"tbl1x",269.251035196117,7.66981700566132,1.47208333305028,1.46727099979609e-08,2.43895016340728e-07,"Mz_vs_On","Mz higher"
"gdpd5b",85.8101230208894,6.42970189491299,1.1980958519164,1.62623668887972e-08,2.69504646452296e-07,"Mz_vs_On","Mz higher"
"bmp6",436.389930257935,7.05079695487396,1.32968845648012,1.77487140379971e-08,2.93253527438618e-07,"Mz_vs_On","Mz higher"
"enosf1",600.658075299304,4.88021131701486,0.931814352614444,1.78433936657299e-08,2.93935185475587e-07,"Mz_vs_On","Mz higher"
"acad11",498.492323330149,-5.97473412811271,1.20331738192724,1.7963115926457e-08,2.95024071126467e-07,"Mz_vs_On","On higher"
"slc25a55a",141.159102056776,5.23850173689985,0.978476965211585,1.86981702861564e-08,3.0618253843581e-07,"Mz_vs_On","Mz higher"
"tmem242",158.643703193132,4.41115815631248,0.850649910867126,1.88652810416069e-08,3.08002303533891e-07,"Mz_vs_On","Mz higher"
"uevld",94.0829362940365,7.46337677754419,1.38701831461986,1.97560753860527e-08,3.21591499331544e-07,"Mz_vs_On","Mz higher"
"cables2a",60.0109276266309,9.99885169362923,2.99587773630538,2.11493040735936e-08,3.43255076734253e-07,"Mz_vs_On","Mz higher"
"si:dkey-4e7.3",80.8208654473882,6.50002542242655,1.19953136143912,2.12248759078076e-08,3.43468433072816e-07,"Mz_vs_On","Mz higher"
"acvr1l",277.693026088215,5.69179614043832,1.06626977355374,2.17955282675201e-08,3.51668611518755e-07,"Mz_vs_On","Mz higher"
"banf1",118.604414678306,6.69328112540052,1.26145829337029,2.36593995781739e-08,3.79516083029483e-07,"Mz_vs_On","Mz higher"
"irf3",2214.81666560945,6.53932674729149,1.26932070085961,2.36495135196176e-08,3.79516083029483e-07,"Mz_vs_On","Mz higher"
"FAR2",96.680096133277,5.23882123260588,1.00514557836437,2.39695484993984e-08,3.83373418150262e-07,"Mz_vs_On","Mz higher"
"ireb2",290.590637908441,5.54789006946864,1.06506327381845,2.4637260954364e-08,3.92910752959161e-07,"Mz_vs_On","Mz higher"
"snrnp25",49.7863671188181,-10.5301256330847,3.30053702004805,2.54612751995496e-08,4.04878428173185e-07,"Mz_vs_On","On higher"
"citb",86.5318046048504,-7.99850122407265,1.59544766650211,2.56205979102414e-08,4.06237837758351e-07,"Mz_vs_On","On higher"
"epn2",60.7373863676282,5.30328262985577,1.00646690571829,2.5881398029537e-08,4.0919382746699e-07,"Mz_vs_On","Mz higher"
"rpl10a",184.2216509778,-12.3347001880732,3.74838373346223,2.60047815262052e-08,4.09966498444645e-07,"Mz_vs_On","On higher"
"tas1r1",83.1265065433348,9.01625276765592,2.74030890204262,2.68492485550531e-08,4.22070187285435e-07,"Mz_vs_On","Mz higher"
"si:dkey-174m14.3",171.847173852132,7.20553765893746,1.4314771210755,2.79331656465275e-08,4.37858340134457e-07,"Mz_vs_On","Mz higher"
"med20",63.6326481260391,6.55984316911845,1.23402806963458,2.8102100099459e-08,4.3925498507734e-07,"Mz_vs_On","Mz higher"
"dnm2b",138.209397314622,6.45979752082487,1.22934510788607,2.82399815697491e-08,4.40159712738696e-07,"Mz_vs_On","Mz higher"
"UBE2K",152.18508256141,3.99067250047541,0.768131476338456,2.99163968800696e-08,4.64971795576675e-07,"Mz_vs_On","Mz higher"
"gck",42.5513905281326,9.9273789329715,3.10035374741285,3.04987840683866e-08,4.72688197026093e-07,"Mz_vs_On","Mz higher"
"sec22ba",93.1940304721844,5.30440955811372,1.05487000515298,3.18294649643354e-08,4.91926169195993e-07,"Mz_vs_On","Mz higher"
"mrpl14",333.1818298714,5.28729141946809,1.03500826330349,3.24451367311669e-08,5.00036813150926e-07,"Mz_vs_On","Mz higher"
"tmem62",44.3551014194655,10.8811321064595,3.40193725368432,3.34730934768008e-08,5.14438436618318e-07,"Mz_vs_On","Mz higher"
"mipep",105.133705426422,6.66333280608925,1.26884734927002,3.41841847167975e-08,5.2390357747025e-07,"Mz_vs_On","Mz higher"
"tdrd6",66.8115094791775,9.25282071280109,1.96857950416779,3.46153829658406e-08,5.29038436327931e-07,"Mz_vs_On","Mz higher"
"rxylt1",646.319479487511,-5.6330112252646,1.17937678400866,3.47450185597082e-08,5.29548731621923e-07,"Mz_vs_On","On higher"
"wdcp",174.74645500962,4.87839326119643,0.955749050007511,3.61478292244027e-08,5.49407061858187e-07,"Mz_vs_On","Mz higher"
"zgc:162872",113.571187848232,5.38683671782464,1.02209379204236,3.64427815317997e-08,5.52364143217526e-07,"Mz_vs_On","Mz higher"
"gars1",53.4148577537979,-5.60375725823149,1.1503581247281,3.77532184904987e-08,5.70654417952538e-07,"Mz_vs_On","On higher"
"fam113",222.652798007794,4.13129783022411,0.833246422472213,3.82054804865798e-08,5.75908366129212e-07,"Mz_vs_On","Mz higher"
"p4ha2",142.711331694489,-8.07929314789222,1.70099882698444,3.93208345598519e-08,5.91101726088265e-07,"Mz_vs_On","On higher"
"tpra",69.6980325899512,-5.84224839035858,1.20739307214711,3.94501835922806e-08,5.91430272819422e-07,"Mz_vs_On","On higher"
"gnsb",83.206705264711,5.14791101606369,0.988796116217578,3.96837140598564e-08,5.93314659666657e-07,"Mz_vs_On","Mz higher"
"abch1",73.564779890959,-11.0634685596417,3.46313980353965,4.00483802782193e-08,5.97144141709384e-07,"Mz_vs_On","On higher"
"cenpl",82.2518588353954,-7.34343860849331,1.52804357925748,4.34722157376352e-08,6.46443597266132e-07,"Mz_vs_On","On higher"
"polr1b",159.742136972868,6.22012449298245,1.1764019974971,4.38068683335262e-08,6.49664122833049e-07,"Mz_vs_On","Mz higher"
"arhgef16",411.039064287243,5.42585824612868,1.07395066957974,4.52300140102522e-08,6.6896649753873e-07,"Mz_vs_On","Mz higher"
"hint3",123.725348413194,6.85124782379608,1.37172646609686,4.67723033572212e-08,6.89922823247805e-07,"Mz_vs_On","Mz higher"
"grhprb",87.4997323892714,-11.3078476975049,3.53676512160369,4.70493790080025e-08,6.92154233427887e-07,"Mz_vs_On","On higher"
"dnajc3a",376.236818301375,5.29900845350795,1.04303073723555,4.80784043936748e-08,7.05406349263996e-07,"Mz_vs_On","Mz higher"
"pitrm1",85.335167404991,-5.42303235933091,1.13676238400703,5.30029280788855e-08,7.75590718856457e-07,"Mz_vs_On","On higher"
"trpt1",133.174649580565,6.63928683115599,1.28877124960096,5.50675550603266e-08,8.03664954753095e-07,"Mz_vs_On","Mz higher"
"btd",495.058212285985,4.85993647515662,0.958296376601566,5.52720150962806e-08,8.04514886401418e-07,"Mz_vs_On","Mz higher"
"si:dkey-183j2.10",801.676083338461,7.03928906056406,1.38092680957718,5.78933710108543e-08,8.38418924168786e-07,"Mz_vs_On","Mz higher"
"FDX1",267.895302717134,5.07257481390133,1.0076220819692,5.79060689175098e-08,8.38418924168786e-07,"Mz_vs_On","Mz higher"
"n6amt1",174.580222398111,6.74843364552298,1.2902569460535,5.86784851568044e-08,8.47372769902199e-07,"Mz_vs_On","Mz higher"
"PSTK",64.8161738001248,4.83070612865231,0.99251763735626,5.89011211238409e-08,8.48361173883174e-07,"Mz_vs_On","Mz higher"
"TMEM47",183.592353104337,6.39135661682187,1.25919734336295,6.4013354905321e-08,9.19586106237797e-07,"Mz_vs_On","Mz higher"
"mapk9",215.394072945308,5.07484468658534,0.996739318914521,6.99501357831388e-08,1.00225428926779e-06,"Mz_vs_On","Mz higher"
"NT5C3B",377.10512008568,6.38935227552178,1.26718590302936,7.08959393823165e-08,1.01316742462729e-06,"Mz_vs_On","Mz higher"
"eif3f",144.185641721172,-5.54930222113805,1.19360191617141,7.23728571724806e-08,1.0315944563808e-06,"Mz_vs_On","On higher"
"sqstm1",101.808748731177,-3.700175853321,0.773012411474855,7.60908671191155e-08,1.08178798679425e-06,"Mz_vs_On","On higher"
"si:ch211-175m2.5",143.532726968447,-5.24460870198671,1.11268948145606,7.68403537128428e-08,1.08962790239191e-06,"Mz_vs_On","On higher"
"abcf2a",262.61842998054,4.89159054091059,0.984231463267639,7.78363526724624e-08,1.10091417070408e-06,"Mz_vs_On","Mz higher"
"otol1b",98.1536321802463,9.14095796024989,2.06339895876782,7.82219456213712e-08,1.10353114053534e-06,"Mz_vs_On","Mz higher"
"stpg1",65.0365068411932,8.20664698407028,2.51689515045033,8.27104971533873e-08,1.16367814171701e-06,"Mz_vs_On","Mz higher"
"gosr2",105.976791641896,6.54692476576006,1.27956173435556,8.29083663309826e-08,1.16367814171701e-06,"Mz_vs_On","Mz higher"
"gdnfa",42.9316172618326,-10.2421003952573,3.30367555571179,8.42206117192083e-08,1.17609595350021e-06,"Mz_vs_On","On higher"
"clpp",169.838453010302,5.26619822450781,1.04740652493898,8.41238588153667e-08,1.17609595350021e-06,"Mz_vs_On","Mz higher"
"ncf2",216.852689447284,5.68554902759368,1.14788133060909,8.62199227372382e-08,1.20096712632983e-06,"Mz_vs_On","Mz higher"
"eif4a3",51.5702494013753,-5.86523202472941,1.23800903852335,8.78079718967219e-08,1.21999863983779e-06,"Mz_vs_On","On higher"
"zdhhc2",161.962624667885,5.13929245705448,1.01787634367624,8.92432475753129e-08,1.23681699788255e-06,"Mz_vs_On","Mz higher"
"gig2p",67.1811834321167,-8.45927688601269,1.63647535159356,9.01363641875565e-08,1.24605596924607e-06,"Mz_vs_On","On higher"
"bokb",81.4584662950469,7.31175808287095,1.4087803839023,9.04042743713134e-08,1.24662736238337e-06,"Mz_vs_On","Mz higher"
"cramp1",140.525669605605,5.52332000015701,1.13167482750001,9.27618203173464e-08,1.2759388384651e-06,"Mz_vs_On","Mz higher"
"mlh1",161.888262877667,-8.94626986429208,1.89389872051315,9.42456746539426e-08,1.28989975608456e-06,"Mz_vs_On","On higher"
"trmt2a",72.6011412260531,-8.72918943360072,1.73773596884177,9.42288510531773e-08,1.28989975608456e-06,"Mz_vs_On","On higher"
"hnrnph1",184.101721263843,3.66992500611409,0.743013736434214,9.46469817989386e-08,1.29217790039146e-06,"Mz_vs_On","Mz higher"
"aldh3b2",87.9592472526631,5.54697959185721,1.08111202601996,9.77279162662427e-08,1.33093810717046e-06,"Mz_vs_On","Mz higher"
"hpcal1",403.881592152192,6.83081167103393,1.35982109373685,9.91768675854543e-08,1.34733611223499e-06,"Mz_vs_On","Mz higher"
"rdh1",99.3247196334117,6.27019078517192,1.26299867059057,1.00292864511368e-07,1.35914123286095e-06,"Mz_vs_On","Mz higher"
"lmx1al",77.7540829991712,6.16626430427367,1.24960309875525,1.00991995584397e-07,1.36525297224903e-06,"Mz_vs_On","Mz higher"
"si:ch73-234b20.5",218.695859464175,-6.95489531855748,1.49579295025512,1.01735157913635e-07,1.37192852657064e-06,"Mz_vs_On","On higher"
"ogal",233.957423473987,6.65761300914801,1.33326185180154,1.03274486831913e-07,1.38928172750412e-06,"Mz_vs_On","Mz higher"
"cmya5",76.4005395587569,8.91929954876529,2.80668156592823,1.04266974156206e-07,1.39921193123768e-06,"Mz_vs_On","Mz higher"
"lctlb",30.9396422996815,9.4408948303906,2.95873127883917,1.07240202294638e-07,1.43560971538953e-06,"Mz_vs_On","Mz higher"
"tpx2",152.748034711077,7.09024188277678,1.39289272954518,1.07673445224721e-07,1.4379109117146e-06,"Mz_vs_On","Mz higher"
"MCMDC2",66.439379043239,8.37801825549582,2.5678032045616,1.08086457879329e-07,1.43993145581615e-06,"Mz_vs_On","Mz higher"
"slc37a4a",355.536688967495,3.96767902838291,0.817989742122264,1.10915637102623e-07,1.47405274236384e-06,"Mz_vs_On","Mz higher"
"psme3ip1",135.775232671144,3.93982719831972,0.79690317320873,1.13763385596276e-07,1.50825577723063e-06,"Mz_vs_On","Mz higher"
"aqp7",288.390872584333,5.17154937300662,1.07421811725234,1.14117291755362e-07,1.50931091162982e-06,"Mz_vs_On","Mz higher"
"rab9b",37.0611897798177,8.77320240496086,2.7923616321128,1.14674910488438e-07,1.51304881896255e-06,"Mz_vs_On","Mz higher"
"zbtb3",79.8793589018884,5.10531890531059,1.0733268963655,1.17855151058097e-07,1.55128957206136e-06,"Mz_vs_On","Mz higher"
"eef2kmt",50.6590614196372,8.00069297837881,1.95010610067256,1.20308679271887e-07,1.57980513926951e-06,"Mz_vs_On","Mz higher"
"fam183a",370.260342506855,-4.25862860356072,0.923206886726766,1.26952893203246e-07,1.66308290096252e-06,"Mz_vs_On","On higher"
"NSG1",52.8579005116128,8.3277993845491,1.93871028110922,1.30111766582889e-07,1.70041553382199e-06,"Mz_vs_On","Mz higher"
"itga4",111.955248086476,5.39624189963672,1.16287064310468,1.33312051435594e-07,1.7381111540252e-06,"Mz_vs_On","Mz higher"
"slc46a1",37.5678096206872,4.73965374487587,1.0028540896601,1.3459141941431e-07,1.75064300145989e-06,"Mz_vs_On","Mz higher"
"ccdc149b",162.927892675373,5.9652553131523,1.23714037330321,1.36299564609566e-07,1.76867972755149e-06,"Mz_vs_On","Mz higher"
"aagab",226.246064134965,4.32928279162446,0.889168888827342,1.39758803209098e-07,1.80930102413284e-06,"Mz_vs_On","Mz higher"
"trim23",56.5741935861798,4.50372019665782,0.925858804251099,1.40773617619447e-07,1.81816066700046e-06,"Mz_vs_On","Mz higher"
"baiap2a",74.0048792975898,6.61691721925762,1.37416706896307,1.44635433075857e-07,1.86358918389582e-06,"Mz_vs_On","Mz higher"
"C9orf16",236.589607577754,4.74754439064854,0.970181490632864,1.44968406162743e-07,1.86358918389582e-06,"Mz_vs_On","Mz higher"
"SPATA1",351.812654882492,-9.79445947165021,3.22285347459292,1.46740096385456e-07,1.88046000451577e-06,"Mz_vs_On","On higher"
"cyp51",96.3061379454346,6.43735490946146,1.32288028248131,1.46964340592835e-07,1.88046000451577e-06,"Mz_vs_On","Mz higher"
"pex16",45.3143317355672,-10.2271124041028,3.34013058655269,1.48773680519397e-07,1.89919440885783e-06,"Mz_vs_On","On higher"
"mark1",57.5825380616276,5.64450439554088,1.12976875635995,1.51448273296584e-07,1.92886203629121e-06,"Mz_vs_On","Mz higher"
"PTCHD3",28.1745105904601,10.0961697736233,3.29693837230649,1.55764076604798e-07,1.97924699648868e-06,"Mz_vs_On","Mz higher"
"sv2",90.5453903710738,-7.63135304223808,1.65919268846742,1.59247431762672e-07,2.01884647363645e-06,"Mz_vs_On","On higher"
"g2e3",57.5668851384019,-10.0917980037235,3.31236052928466,1.64914491091805e-07,2.08588397698186e-06,"Mz_vs_On","On higher"
"crym",879.109014181329,4.75018483283878,1.00798975870259,1.69228974542185e-07,2.13065862226797e-06,"Mz_vs_On","Mz higher"
"sipa1l3",67.2893915439341,4.59137259432515,0.955993860865816,1.69073837769932e-07,2.13065862226797e-06,"Mz_vs_On","Mz higher"
"utp23",459.758306868245,6.19485433667421,1.26717534234592,1.74043965537869e-07,2.18627830682501e-06,"Mz_vs_On","Mz higher"
"msx3",53.2313441831223,7.55440515479742,1.79692135396845,1.74778201620443e-07,2.1905003765733e-06,"Mz_vs_On","Mz higher"
"C6orf120",44.9256257382044,7.20662158667762,1.47509133882748,1.87074456660338e-07,2.33928104669358e-06,"Mz_vs_On","Mz higher"
"nek12",105.405863468221,-5.79193194651353,1.25704106517596,1.87620028692469e-07,2.34078321511556e-06,"Mz_vs_On","On higher"
"opn7a",38.5199946059247,9.10605101098357,2.89640810970351,1.89477087484481e-07,2.35860392610773e-06,"Mz_vs_On","Mz higher"
"si:dkey-98f17.5",66.7122756518129,9.54821507431208,3.10096462356062,2.00515091884184e-07,2.49037028340131e-06,"Mz_vs_On","Mz higher"
"iars2",177.475038417915,4.04256511181461,0.858043385396307,2.06579621634684e-07,2.55991233836494e-06,"Mz_vs_On","Mz higher"
"ube2r2",110.868915925049,-5.838136189764,1.32816973222179,2.08661465858892e-07,2.57989974192275e-06,"Mz_vs_On","On higher"
"chst12a",33.9003508408567,-9.73329379061434,3.23426970670239,2.10610070947593e-07,2.59815383487367e-06,"Mz_vs_On","On higher"
"rad54l2",112.953480454578,4.3546907137384,0.917190036246365,2.1684714247838e-07,2.66911180741845e-06,"Mz_vs_On","Mz higher"
"AMDHD1",60.5123796317504,10.9586702675736,3.40155006437327,2.17597538864658e-07,2.67236977418158e-06,"Mz_vs_On","Mz higher"
"sumf1",62.9199241532237,-10.7232256235849,3.51005700930508,2.2082498971319e-07,2.69999730354927e-06,"Mz_vs_On","On higher"
"mettl5",572.586092351028,-4.3469544020281,0.968471881144466,2.20828568992579e-07,2.69999730354927e-06,"Mz_vs_On","On higher"
"myog",88.7596928166744,9.09182969767834,2.78862468416074,2.22052880828553e-07,2.70894667476429e-06,"Mz_vs_On","Mz higher"
"naa38",258.378518609042,5.82631355422647,1.18979829399107,2.22805485600487e-07,2.71211456144664e-06,"Mz_vs_On","Mz higher"
"wdr47a",186.619445646673,5.64098714530845,1.19352407669242,2.29985111607932e-07,2.79332910390032e-06,"Mz_vs_On","Mz higher"
"extl2",34.818200723672,7.63463824182005,1.83782853604991,2.41160217899717e-07,2.92260686978908e-06,"Mz_vs_On","Mz higher"
"ints9",36.3982693056684,5.21382065230309,1.08467258954422,2.5253571838099e-07,3.05373960996089e-06,"Mz_vs_On","Mz higher"
"zbtb12.1",360.587253993853,4.47245728849847,0.953998791980066,2.54515243791091e-07,3.07092734942671e-06,"Mz_vs_On","Mz higher"
"zgc:175214",102.844397502702,5.35417060218838,1.09917502367771,2.5802543423862e-07,3.1064681382514e-06,"Mz_vs_On","Mz higher"
"pdzk1",51.1248682508568,6.27892078174287,1.44668558449466,2.59069323676797e-07,3.11222580539244e-06,"Mz_vs_On","Mz higher"
"pgr",50.4483441793741,7.25973257398762,1.54473796210699,2.59810127229436e-07,3.11432531593978e-06,"Mz_vs_On","Mz higher"
"nfkbiab",527.986120819887,5.74185508245081,1.19669271027712,2.6477587810151e-07,3.16694974198807e-06,"Mz_vs_On","Mz higher"
"fads2",631.530859280863,5.0776331970761,1.11599402276006,2.9405308069178e-07,3.50950119298519e-06,"Mz_vs_On","Mz higher"
"vmp1",55.4348948592388,6.27987109021528,1.28779466797489,3.02746737678319e-07,3.6054384214418e-06,"Mz_vs_On","Mz higher"
"slc31a2",240.230973122689,5.05497313931325,1.09458683181401,3.06711551418764e-07,3.64476664342557e-06,"Mz_vs_On","Mz higher"
"zdhhc16b",72.1469528875061,6.36135493505354,1.32902586880073,3.16556813515528e-07,3.7536542844018e-06,"Mz_vs_On","Mz higher"
"ndor1",87.4618481291892,5.21779315547118,1.10070389921922,3.1767435874645e-07,3.75880499316767e-06,"Mz_vs_On","Mz higher"
"ubn2b",481.548087400748,3.59110440793957,0.772624974616169,3.42103059005102e-07,4.0391653018156e-06,"Mz_vs_On","Mz higher"
"rpf1",278.25573200357,5.3851641005144,1.14435944904927,3.46111561951122e-07,4.07774264208795e-06,"Mz_vs_On","Mz higher"
"ruvbl1",173.054340258617,5.48247762531238,1.1615493965049,3.48336768090071e-07,4.09518995305891e-06,"Mz_vs_On","Mz higher"
"f2rl2",38.9128148383679,5.87188976753791,1.21215301320114,3.54342109075201e-07,4.15690892138968e-06,"Mz_vs_On","Mz higher"
"bag1",468.736147810587,4.52959840637466,0.979003410674904,3.56380361544291e-07,4.16472623694492e-06,"Mz_vs_On","Mz higher"
"nfe2l2a",712.278643080797,2.92697347029502,0.621594145172608,3.56522365976201e-07,4.16472623694492e-06,"Mz_vs_On","Mz higher"
"psmc2",53.6688555842631,-3.91683139160781,0.869891823863446,3.98752087011928e-07,4.64816521766871e-06,"Mz_vs_On","On higher"
"ddx42",60.4016666186189,-5.06129396683693,1.16704607966413,4.0882203617585e-07,4.75547324109836e-06,"Mz_vs_On","On higher"
"jazf1a",389.634130408232,4.93414080052717,1.07117497919865,4.38171401753662e-07,5.08611614440643e-06,"Mz_vs_On","Mz higher"
"ptpdc1b",69.1655512032096,-4.18976995981691,0.949968626513585,4.69034272548501e-07,5.43289803697232e-06,"Mz_vs_On","On higher"
"pbx1b",225.015882928808,-9.13692699860606,2.18512835235515,4.82026375638306e-07,5.57165781252513e-06,"Mz_vs_On","On higher"
"osgepl1",113.464210274067,8.40383250943862,1.98746430954702,4.88041338444849e-07,5.62935732520663e-06,"Mz_vs_On","Mz higher"
"uprt",252.516098194231,5.26940814015793,1.12816041828893,4.90005309903234e-07,5.64018664244267e-06,"Mz_vs_On","Mz higher"
"neil1",126.176142460612,4.58749123898352,1.02253801406184,4.92438972340107e-07,5.65636581589826e-06,"Mz_vs_On","Mz higher"
"ndufa6",326.06914056685,3.73243138130335,0.817415034747219,5.19681575005806e-07,5.95685005350405e-06,"Mz_vs_On","Mz higher"
"ccdc153",41.6242112747343,-9.66439341485079,3.28984967910381,5.23450221297162e-07,5.98757404901661e-06,"Mz_vs_On","On higher"
"fam222ba",81.7012751682909,7.17419202025681,1.68492401653871,5.26159242787457e-07,6.00607500791824e-06,"Mz_vs_On","Mz higher"
"prmt2",83.9301120620993,6.46530772636422,1.39590598853428,5.65893032057406e-07,6.44625975648001e-06,"Mz_vs_On","Mz higher"
"dnajc3b",238.617951296353,5.35207760593023,1.14373926086475,5.87217375534338e-07,6.67535124006183e-06,"Mz_vs_On","Mz higher"
"ap5z1",128.184329604869,5.45229232172802,1.16350555759585,5.93105764135691e-07,6.72838745211252e-06,"Mz_vs_On","Mz higher"
"asb14a",29.3050977265758,7.94405264309417,1.90653389584841,6.06075669677116e-07,6.86137517399896e-06,"Mz_vs_On","Mz higher"
"card19",66.5971119163563,6.72026960699131,1.41751976772969,6.07971580844838e-07,6.86870562178296e-06,"Mz_vs_On","Mz higher"
"mrpl18",337.753848228272,4.07925104447117,0.917726664554733,6.15380101527819e-07,6.93815843976651e-06,"Mz_vs_On","Mz higher"
"irf7",51.9248718126275,8.8313011291052,2.09451258491938,6.42557699012802e-07,7.22970209806507e-06,"Mz_vs_On","Mz higher"
"zfpm2a",60.6028435499502,6.53771082501879,1.46733922180733,6.43866599064319e-07,7.22970209806507e-06,"Mz_vs_On","Mz higher"
"eif2b4",272.120718043012,4.40445465815682,0.961381169422303,6.72231844289125e-07,7.53283015739056e-06,"Mz_vs_On","Mz higher"
"chia.4",181.199937424125,-9.01727244903385,3.12816866882159,6.90463872467372e-07,7.72140696405586e-06,"Mz_vs_On","On higher"
"hint2",86.453879577549,5.07985011969224,1.08616296216868,6.96645426148595e-07,7.77473252468472e-06,"Mz_vs_On","Mz higher"
"padi2",66.5868058270583,5.19472966348771,1.13649428922109,7.01671521399341e-07,7.79918527422055e-06,"Mz_vs_On","Mz higher"
"rabepk",849.889818825411,3.72673936012824,0.8264954228585,7.01077888124514e-07,7.79918527422055e-06,"Mz_vs_On","Mz higher"
"ppox",324.54998102216,4.18827120598226,0.933289543351362,7.26497637753087e-07,8.05885081233364e-06,"Mz_vs_On","Mz higher"
"arl16",53.3456434034381,7.06083264170475,1.7230291795663,7.37866034285564e-07,8.16848877392188e-06,"Mz_vs_On","Mz higher"
"invs",53.1822900283403,8.09055989357879,1.81028527376071,7.61466922349977e-07,8.41283334692686e-06,"Mz_vs_On","Mz higher"
"myh7ba",39.3664778629353,-6.00154672841078,1.3890472131253,7.66679801140783e-07,8.45345143462242e-06,"Mz_vs_On","On higher"
"dnajc15",329.401968208987,5.99930633356861,1.2906354798107,7.70247202182725e-07,8.4758002128187e-06,"Mz_vs_On","Mz higher"
"gfm1",229.912121450638,4.89846973937876,1.06441062880752,7.88417457129877e-07,8.65842884057601e-06,"Mz_vs_On","Mz higher"
"rps19",143.403346791169,-4.66739442398016,1.12592435232848,8.24186713259529e-07,9.03321772182058e-06,"Mz_vs_On","On higher"
"wdr44",57.3352480841999,4.18795317007498,0.934733417492105,8.43192895533141e-07,9.22315568831678e-06,"Mz_vs_On","Mz higher"
"tacr3a",53.012509612458,6.40288540007483,1.45168519406293,8.4998751662358e-07,9.25876970624393e-06,"Mz_vs_On","Mz higher"
"hemk1",1947.25998489612,4.98933799586569,1.12839151795869,8.48771101595647e-07,9.25876970624393e-06,"Mz_vs_On","Mz higher"
"NEMF",70.8960901011278,-4.14350330803555,0.976910570119323,8.51497177637119e-07,9.25876970624393e-06,"Mz_vs_On","On higher"
"mak",668.420522525755,3.59099476431401,0.802794218710611,8.6107210463144e-07,9.34441562067492e-06,"Mz_vs_On","Mz higher"
"cln6b",27.3390602229274,8.31914281761668,2.80692085846993,8.73870645465039e-07,9.46463836879655e-06,"Mz_vs_On","Mz higher"
"myo1ha",44.6197489630817,6.03270218544873,1.43484831157292,8.97471653383847e-07,9.70115724345369e-06,"Mz_vs_On","Mz higher"
"dmac2l",57.0853482607521,4.99226115715671,1.11204732422815,9.4343104726743e-07,1.01779561216969e-05,"Mz_vs_On","Mz higher"
"crlf3",38.9930747616849,-5.06174889769011,1.21283951027292,1.0684125227878e-06,1.15037293549481e-05,"Mz_vs_On","On higher"
"drp2",244.723029057104,-7.51005282214442,1.85100051419736,1.08338991020747e-06,1.16422095428935e-05,"Mz_vs_On","On higher"
"csgalnact2",136.211632424338,-6.24916167181035,1.41840083996528,1.13722431836313e-06,1.21968970753098e-05,"Mz_vs_On","On higher"
"bag2",153.385484233226,6.43250576222314,1.41129370074991,1.18494719285325e-06,1.26840067219428e-05,"Mz_vs_On","Mz higher"
"slco5a1a",99.8262144452584,5.63043102860092,1.29864076730793,1.23547074291626e-06,1.31991456845151e-05,"Mz_vs_On","Mz higher"
"si:dkey-222b8.1",51.7752861410891,-6.67044090393393,1.62075990893958,1.32202645773265e-06,1.40964914155911e-05,"Mz_vs_On","On higher"
"ADAP1",78.5759142665678,4.57309305989869,1.04474406752706,1.32521438993618e-06,1.41031519795529e-05,"Mz_vs_On","Mz higher"
"mrps26",196.870202968287,7.06600754487646,1.56867018293595,1.32840293509981e-06,1.41097933376818e-05,"Mz_vs_On","Mz higher"
"arsg",559.567966721147,5.40218162434881,1.26787981184987,1.33578569245807e-06,1.41608726009717e-05,"Mz_vs_On","Mz higher"
"nat10",51.1783220259533,4.46745816288091,1.03828183193669,1.35578283288133e-06,1.43452252817559e-05,"Mz_vs_On","Mz higher"
"tmed1b",183.37212409689,4.56349351264105,1.03138411442439,1.38249208260849e-06,1.45997532409058e-05,"Mz_vs_On","Mz higher"
"RGS20",334.146509700705,7.17322525078363,1.66973738743008,1.38729259123736e-06,1.46223828294789e-05,"Mz_vs_On","Mz higher"
"dpm3",72.431231684082,-8.62042597113713,2.00215821336534,1.49995378818634e-06,1.57495147759566e-05,"Mz_vs_On","On higher"
"aprt",61.7216690542002,5.74865701487802,1.26937189787659,1.49821300741437e-06,1.57495147759566e-05,"Mz_vs_On","Mz higher"
"arl2",318.353434669352,5.53745010096073,1.25723848990249,1.51396918232301e-06,1.58663970307451e-05,"Mz_vs_On","Mz higher"
"hnrnph3",84.6332188352039,5.02550534009498,1.15013930060594,1.65827910286966e-06,1.73457255208914e-05,"Mz_vs_On","Mz higher"
"bbip1",225.96280054419,4.84986378267074,1.11662444513566,1.71808491784302e-06,1.79371977570632e-05,"Mz_vs_On","Mz higher"
"sharpin",80.8422402696692,3.91571004599173,0.927741673130216,1.77168528261208e-06,1.84617659563099e-05,"Mz_vs_On","Mz higher"
"mmp28",134.898294859792,5.47411563674286,1.25041009111564,1.81441176453019e-06,1.88712543070796e-05,"Mz_vs_On","Mz higher"
"tbk1",26.3135302572068,-4.41229224180885,1.07050207744377,1.98340665212618e-06,2.0590006415091e-05,"Mz_vs_On","On higher"
"edrf1",229.034802126525,5.77851539323788,1.34766467066777,2.00708070629121e-06,2.07965311601021e-05,"Mz_vs_On","Mz higher"
"oxsm",38.5699901382719,5.55277118845351,1.27147669955734,2.0537728187169e-06,2.12403346777827e-05,"Mz_vs_On","Mz higher"
"cdk17",46.0717908235367,-4.79541352516568,1.20585832650845,2.06701489778695e-06,2.13371781756544e-05,"Mz_vs_On","On higher"
"cnot3a",267.815555039197,3.92719371169541,0.918204410649667,2.0812747923981e-06,2.14441458947085e-05,"Mz_vs_On","Mz higher"
"si:dkey-76k16.6",185.617330923392,6.05423860930534,1.43862766145151,2.10532218122813e-06,2.16513694226489e-05,"Mz_vs_On","Mz higher"
"si:ch211-196f5.2",40.9025882269889,-4.89444291689572,1.22478063057465,2.12243065017165e-06,2.1786592233665e-05,"Mz_vs_On","On higher"
"tmem50a",234.149338015397,4.08143366185612,0.953654855118487,2.12739543891661e-06,2.17968895808551e-05,"Mz_vs_On","Mz higher"
"ggcta",147.604220818354,4.36353646664639,1.0347541399414,2.13531629029998e-06,2.18373796082351e-05,"Mz_vs_On","Mz higher"
"ap2s1",248.041170866551,4.39255812741648,1.02015472978301,2.18544583214117e-06,2.23085769358826e-05,"Mz_vs_On","Mz higher"
"cdc42ep5",149.145718643621,4.4893742039072,1.04467761559211,2.19628160219513e-06,2.23776692134771e-05,"Mz_vs_On","Mz higher"
"parapinopsina",34.1256475551041,7.37701183407052,2.54184491503251,2.48946822596757e-06,2.53180299062358e-05,"Mz_vs_On","Mz higher"
"wfikkn1",31.462296408281,10.1250149405262,3.53621976452858,2.50349159090891e-06,2.5413672939448e-05,"Mz_vs_On","Mz higher"
"zgc:194887",85.1883893010798,6.05507971197354,1.57824483858301,2.53621895599314e-06,2.56984837861404e-05,"Mz_vs_On","Mz higher"
"tmem184c",141.219012631672,4.5969843479572,1.10780777033051,2.6977915900204e-06,2.72853847946548e-05,"Mz_vs_On","Mz higher"
"KLHL28",18.4398782632471,-8.56115453317628,3.1179258710687,2.70331538099547e-06,2.72910848187837e-05,"Mz_vs_On","On higher"
"vill",47.0831709346497,6.82637772016712,1.71013309748537,2.77640579116587e-06,2.79776275879022e-05,"Mz_vs_On","Mz higher"
"adam17b",301.390538098204,3.97525467650619,0.94531571060476,2.80676907239642e-06,2.82318892803019e-05,"Mz_vs_On","Mz higher"
"styx",157.04291715005,3.59019515353009,0.856067794821757,2.81810769161843e-06,2.82942126264317e-05,"Mz_vs_On","Mz higher"
"slc25a13",63.2259856463163,-10.4264392063665,3.72659985059728,2.85874147212525e-06,2.86499008736487e-05,"Mz_vs_On","On higher"
"klhl32",54.6936617982572,7.87787817901739,2.04492202997008,3.01850943086569e-06,3.01960707065873e-05,"Mz_vs_On","Mz higher"
"armc1l",590.653637242947,5.25640291174453,1.26628044961698,3.05873066636847e-06,3.04739697287494e-05,"Mz_vs_On","Mz higher"
"endog",104.17155321775,3.90044503399502,0.927875252411037,3.05695279123727e-06,3.04739697287494e-05,"Mz_vs_On","Mz higher"
"zc2hc1a",106.6739939396,3.8956792362278,0.929090842151325,3.06290535441629e-06,3.04739697287494e-05,"Mz_vs_On","Mz higher"
"nanp",161.576055707912,4.38501779680826,1.07980842907714,3.10032645883983e-06,3.07906068168534e-05,"Mz_vs_On","Mz higher"
"nup160",22.1364547110547,-8.8640788583147,3.23211981017342,3.14176735491096e-06,3.11459531292254e-05,"Mz_vs_On","On higher"
"blzf1",203.227623381522,2.91607719731823,0.691799610358101,3.20432404280408e-06,3.17089764091872e-05,"Mz_vs_On","Mz higher"
"cant1b",146.939685734165,3.94795278671419,0.937068122865062,3.45234329634837e-06,3.41019619685973e-05,"Mz_vs_On","Mz higher"
"pigl",32.5054867046203,-7.38725701330934,1.74449747257463,3.55606417586963e-06,3.50635575190586e-05,"Mz_vs_On","On higher"
"trappc12",215.739819269102,6.67598165015577,1.5739096186631,3.56465593368437e-06,3.50853970431689e-05,"Mz_vs_On","Mz higher"
"lrmda",33.4161273016978,-9.51776254463744,3.46490694887335,3.65983854544935e-06,3.58743561314758e-05,"Mz_vs_On","On higher"
"gabarapl2",30.5976165691728,-9.15104122719333,3.33772770638025,3.65675980544904e-06,3.58743561314758e-05,"Mz_vs_On","On higher"
"ihha",91.1956609896589,6.90550318460582,1.8388521697713,3.6658594822563e-06,3.58743561314758e-05,"Mz_vs_On","Mz higher"
"si:ch211-14i3.2",42.6429705589831,6.50617387521891,1.59295799625107,3.67089467503105e-06,3.58743561314758e-05,"Mz_vs_On","Mz higher"
"bcap29",63.835702097251,5.04154672655625,1.2004032154531,3.71681205323358e-06,3.62586877959063e-05,"Mz_vs_On","Mz higher"
"uck1",40.9221466332163,7.23629603587409,2.53405733911571,3.7524894268471e-06,3.65419412858633e-05,"Mz_vs_On","Mz higher"
"opn1lw1",36.4101305274267,-8.88268032257865,3.25646254678077,3.7909968590773e-06,3.68517044498999e-05,"Mz_vs_On","On higher"
"rab3ip",79.6179444171727,5.58139586200717,1.3804100190082,3.83664012430396e-06,3.72296189839866e-05,"Mz_vs_On","Mz higher"
"glmnb",60.6175480513688,-4.57886654109688,1.1959624499484,3.92552156689843e-06,3.8025034614569e-05,"Mz_vs_On","On higher"
"kbtbd3",172.105421101586,-10.509161991953,3.8087790273721,3.9742362838118e-06,3.84292584069113e-05,"Mz_vs_On","On higher"
"znf839",77.274498411159,4.15669381485418,0.988461271983852,3.984791206794e-06,3.84637214382116e-05,"Mz_vs_On","Mz higher"
"med21",96.1917305212247,4.67861827542177,1.13970683479292,4.01102861699933e-06,3.86491759207186e-05,"Mz_vs_On","Mz higher"
"ssb",172.90900718224,3.66421931061839,0.875054355315235,4.06420391879906e-06,3.90930943378189e-05,"Mz_vs_On","Mz higher"
"erp44",122.32931529149,5.87980868382208,1.38934175031641,4.08330633622295e-06,3.92082922546225e-05,"Mz_vs_On","Mz higher"
"ppp1r3da",21.0177619221241,7.71800569513633,2.76444449264477,4.0995796931626e-06,3.92959712051927e-05,"Mz_vs_On","Mz higher"
"zgc:136439",291.988006607131,3.5603494667953,0.892461455499892,4.21590750913798e-06,4.0340735852656e-05,"Mz_vs_On","Mz higher"
"supt20",136.133137833756,3.27695335976944,0.794298766115858,4.24093169152328e-06,4.05097329284047e-05,"Mz_vs_On","Mz higher"
"ognb",261.007518255428,4.72222119486698,1.19026336347235,4.25406398671656e-06,4.05647487953457e-05,"Mz_vs_On","Mz higher"
"atp1a2a",80.9680047769777,6.40864506429447,1.79205849167744,4.40878749524021e-06,4.1967385465072e-05,"Mz_vs_On","Mz higher"
"TLK1",50.6363964671544,3.81090067563444,0.92697379110095,4.58496009359859e-06,4.35689990241441e-05,"Mz_vs_On","Mz higher"
"dpep2",49.5326812378165,-7.76892271768686,1.92418021352411,4.65026040741606e-06,4.41133323475916e-05,"Mz_vs_On","On higher"
"lrrc39",29.9505150523967,3.80046778103316,0.941356541457469,4.8414543087438e-06,4.58479889960558e-05,"Mz_vs_On","Mz higher"
"tex10",34.6469039515889,4.00426284669436,0.986882373951351,5.08740287884993e-06,4.80943138134576e-05,"Mz_vs_On","Mz higher"
"metap1",35.0759292614682,-4.02925263095009,1.05118088343002,5.10324436110099e-06,4.81613215690869e-05,"Mz_vs_On","On higher"
"dpp9",86.6098873343124,4.94538472549864,1.20817397421304,5.3088371753677e-06,5.00157913336868e-05,"Mz_vs_On","Mz higher"
"anp32a",1042.36924553794,-4.27692064601393,1.15486331512336,5.98475619232362e-06,5.62873992652386e-05,"Mz_vs_On","On higher"
"srpra",567.577862132543,3.88727153771024,0.957956448267155,6.00158194209086e-06,5.6349323968232e-05,"Mz_vs_On","Mz higher"
"trpv6",2713.88198267287,-4.2264641264242,1.1476972760294,6.02084379825705e-06,5.64338715127944e-05,"Mz_vs_On","On higher"
"aqp10b",30.8528401878909,7.98288844647877,2.95633432091565,6.04363932901647e-06,5.65511965786541e-05,"Mz_vs_On","Mz higher"
"cyp27c1",128.90516477273,-6.26588848007654,1.79985968967899,6.06917660130234e-06,5.66937345676834e-05,"Mz_vs_On","On higher"
"OTUB2",34.910064570784,4.77030296091334,1.22571554484719,6.08651816286168e-06,5.6759360901805e-05,"Mz_vs_On","Mz higher"
"brd7",39.6418061409801,-6.19684057480865,1.58409066255602,6.1323775469811e-06,5.70902559449916e-05,"Mz_vs_On","On higher"
"unk",348.465040904063,-3.9000900589555,1.05415877966901,6.52835328269296e-06,6.06739860834065e-05,"Mz_vs_On","On higher"
"ddit4",40.564240440725,6.27997809812893,1.53629880456685,6.69540799253604e-06,6.21216438025856e-05,"Mz_vs_On","Mz higher"
"cap1",451.742121023157,4.00420076558681,0.992761693664401,6.83878302408588e-06,6.33450912433005e-05,"Mz_vs_On","Mz higher"
"ap5m1",22.0559666043275,-8.61458686673927,3.25256825608383,6.89076406085929e-06,6.37193006098283e-05,"Mz_vs_On","On higher"
"vrk3",109.364351228157,6.46235693100525,1.63120152047701,7.02015171897371e-06,6.48068368419352e-05,"Mz_vs_On","Mz higher"
"ift74",34.9817462232727,-5.35651757813423,1.46316534729626,7.059446914763e-06,6.50604303601776e-05,"Mz_vs_On","On higher"
"fktn",574.063880451866,3.58209000146698,0.896466850368175,7.22433855472928e-06,6.64687470369908e-05,"Mz_vs_On","Mz higher"
"dpp6a",21.0238860352442,-8.59667602100358,3.25655818507852,7.53881135497428e-06,6.92463106428522e-05,"Mz_vs_On","On higher"
"vps29",345.117656661677,3.80460087435997,0.947068528937152,7.74814014071327e-06,7.10504450903407e-05,"Mz_vs_On","Mz higher"
"epyc",28.4470874293787,8.56285724026396,3.09803247081796,7.89137947087932e-06,7.22435438415608e-05,"Mz_vs_On","Mz higher"
"zdhhc22",27.9613077801143,5.93774097965488,1.71776232623101,8.29761037874901e-06,7.58362995081014e-05,"Mz_vs_On","Mz higher"
"crtac1a",100.645331236575,4.32815246862454,1.0831272421058,8.33861718421e-06,7.60846960987121e-05,"Mz_vs_On","Mz higher"
"zdhhc17",232.725388545957,-6.91672167587569,1.69689152845388,8.35676352916233e-06,7.61240280421377e-05,"Mz_vs_On","On higher"
"dmtf1",35.6059773357179,4.54382984802478,1.13518464866193,8.38043158907946e-06,7.62134456249838e-05,"Mz_vs_On","Mz higher"
"rbck1",350.146857868453,3.83351781257305,0.981598074017889,8.44389502485143e-06,7.66638785919679e-05,"Mz_vs_On","Mz higher"
"zgc:103759",31.0571409811555,5.83407668104928,1.49811748074518,8.48556822570453e-06,7.69153152847221e-05,"Mz_vs_On","Mz higher"
"atp2a1l",512.093745768704,4.1380405493071,1.06908596845359,8.73403951768167e-06,7.90373115563891e-05,"Mz_vs_On","Mz higher"
"slc2a5",21.9843965706079,-8.54142876666464,3.26770222538135,8.9718155577357e-06,8.10557129698881e-05,"Mz_vs_On","On higher"
"cdh15",163.261308302229,5.1577221900173,1.34466890487999,9.17770679053101e-06,8.27799061663961e-05,"Mz_vs_On","Mz higher"
"parla",74.989317883343,4.94885915337947,1.33306506545053,9.24355042070485e-06,8.32373394676237e-05,"Mz_vs_On","Mz higher"
"DNAJA4",737.386081196198,4.82041666491723,1.24857974065841,9.38181138688439e-06,8.43443239389508e-05,"Mz_vs_On","Mz higher"
"clul1",6768.33472398346,4.75229029075886,1.2244267305303,9.40736220425713e-06,8.44360633732834e-05,"Mz_vs_On","Mz higher"
"nelfe",150.537759470163,3.45961254105482,0.869563540786315,9.56450523599495e-06,8.57066902417658e-05,"Mz_vs_On","Mz higher"
"tmbim1b",58.1990451488201,-9.1322299099028,3.48696482782087,9.72368575437997e-06,8.68759785106471e-05,"Mz_vs_On","On higher"
"cers5",173.597808021799,4.35850681422055,1.10095889958715,9.72657265768059e-06,8.68759785106471e-05,"Mz_vs_On","Mz higher"
"mmab",34.4991755330623,6.62909621187231,1.85830013825485,9.74278466426846e-06,8.6879742662569e-05,"Mz_vs_On","Mz higher"
"wdr34",40.4782391591596,-4.81681729563169,1.36033600110247,9.8020281536236e-06,8.71440226773302e-05,"Mz_vs_On","On higher"
"ppifb",127.653511641826,4.76805089393825,1.19831727682985,9.80409851640629e-06,8.71440226773302e-05,"Mz_vs_On","Mz higher"
"arfip1",38.5110463631596,-6.66962192402329,1.83111489614602,9.88749199607893e-06,8.77435176813328e-05,"Mz_vs_On","On higher"
"rnft2",32.4466623413742,8.02096756788912,2.19106386651682,1.00441274365425e-05,8.89899986406716e-05,"Mz_vs_On","Mz higher"
"slc7a7",25.4203856072785,5.33704905071953,1.33435360755592,1.01561011616444e-05,8.98374093108802e-05,"Mz_vs_On","Mz higher"
"tspan3b",53.765564774288,4.95621395757171,1.26285217645108,1.0352320707298e-05,9.13030521061664e-05,"Mz_vs_On","Mz higher"
"echdc2",777.760781085699,3.90047537588263,1.00243869458663,1.03549808277441e-05,9.13030521061664e-05,"Mz_vs_On","Mz higher"
"wdr48b",752.602854488426,3.92941874536923,1.0097840404707,1.04403756550196e-05,9.19087149662688e-05,"Mz_vs_On","Mz higher"
"zmp:0000001114",14.8814747413834,6.58218505538198,1.84671208380709,1.04988818990795e-05,9.22761153494179e-05,"Mz_vs_On","Mz higher"
"si:ch211-63o20.7",18.0315157890844,-8.36758435501348,3.23762604077767,1.1143539977258e-05,9.77858962597662e-05,"Mz_vs_On","On higher"
"cry1a",281.669732880294,3.24346928695693,0.818467881175083,1.11693385553775e-05,9.78562113561894e-05,"Mz_vs_On","Mz higher"
"bcat1",90.6292842639678,7.18319069516641,2.27812416937942,1.12998603520677e-05,9.88423396773871e-05,"Mz_vs_On","Mz higher"
"dnmt3ba",45.9400414455522,7.35429517833852,1.84884359511369,1.14484746763394e-05,9.99833455066976e-05,"Mz_vs_On","Mz higher"
"chmp5b",138.416143004888,2.87566668474726,0.727166643143583,1.16589503025913e-05,0.000101660134017207,"Mz_vs_On","Mz higher"
"tmco3",19.2016444281809,-7.87650653058247,3.07442457160611,1.17572900556035e-05,0.000102328603990746,"Mz_vs_On","On higher"
"sass6",638.351803339702,6.74925842062588,1.76713553298887,1.17728110371032e-05,0.000102328603990746,"Mz_vs_On","Mz higher"
"rpe",17.696341697961,-8.4680861614972,3.28191172522544,1.18252412246188e-05,0.000102622203813647,"Mz_vs_On","On higher"
"ankrd13a",65.8180366968495,4.56986661712296,1.15400788285828,1.21692191668706e-05,0.000105441013946649,"Mz_vs_On","Mz higher"
"slc38a3a",22.1396582208367,-6.83898369398546,1.73805475894032,1.23654799479099e-05,0.000106973067096541,"Mz_vs_On","On higher"
"rbm27",66.1964938101147,-4.79752863883864,1.37712082752686,1.24037149397869e-05,0.000107135383985412,"Mz_vs_On","On higher"
"skiv2l",32.4688564874226,4.06296469894371,1.03435122032287,1.2715421634869e-05,0.00010965556400478,"Mz_vs_On","Mz higher"
"GALNT3",34.322171804038,7.35190482451333,2.15056440031149,1.27371346783968e-05,0.000109670915493802,"Mz_vs_On","Mz higher"
"tmub2",166.15885105619,4.39155912937053,1.12312200969485,1.3070800314383e-05,0.000112368036452711,"Mz_vs_On","Mz higher"
"ppp3ca",35.5755520191907,-4.72951138944389,1.33577426980013,1.32387776247548e-05,0.000113634562389081,"Mz_vs_On","On higher"
"msl2a",107.31065116419,4.85634795722643,1.29390744502207,1.33012234831898e-05,0.000113992728355935,"Mz_vs_On","Mz higher"
"fer",76.2372234702524,5.64872438084526,1.43844309398279,1.40188313288293e-05,0.000119955847544664,"Mz_vs_On","Mz higher"
"ctnnal1",78.4975179612762,3.74209680079394,0.982252358977651,1.44659357002279e-05,0.000123589407178034,"Mz_vs_On","Mz higher"
"kmo",15.9219315815316,8.47773062523552,3.16972282786858,1.47581321470089e-05,0.000125501148489711,"Mz_vs_On","Mz higher"
"mtfr1",49.1589346498912,4.97387436965919,1.32789636963429,1.47577414590877e-05,0.000125501148489711,"Mz_vs_On","Mz higher"
"zgc:171489",484.088264630637,4.54741888683698,1.20734492206462,1.47302402708084e-05,0.000125501148489711,"Mz_vs_On","Mz higher"
"cpdp",36.0767134933449,-3.48822741411284,0.963199172282175,1.48295103112493e-05,0.000125913527364959,"Mz_vs_On","On higher"
"atoh1c",20.917600158116,-4.865888988305,1.34750720627619,1.52182209155219e-05,0.000129014871305395,"Mz_vs_On","On higher"
"nipa1",21.4447923977687,6.99734423298422,2.62906368675773,1.58599300711961e-05,0.000134248208079571,"Mz_vs_On","Mz higher"
"EIF5AL1",128.339332867561,4.73905173548451,1.22572814789066,1.62898864294969e-05,0.000137675814339619,"Mz_vs_On","Mz higher"
"wdr61",84.3942657271084,4.6149870474558,1.21254440306422,1.65657278059971e-05,0.000139792384031589,"Mz_vs_On","Mz higher"
"trmt5",43.8608808544985,4.17959797545888,1.07666603178583,1.70969610258984e-05,0.000144054333176865,"Mz_vs_On","Mz higher"
"rpl14",114.479258321726,-6.20627284400452,1.96857450238192,1.78664983420841e-05,0.000150308064033864,"Mz_vs_On","On higher"
"ptpn21",132.996756870698,5.06771158767196,1.33405323004118,1.8007910258499e-05,0.000151266446171391,"Mz_vs_On","Mz higher"
"pih1d2",59.4721240671174,5.46388446966435,1.42383272605291,1.83250274957898e-05,0.000153505980090667,"Mz_vs_On","Mz higher"
"arl1",130.820312593761,2.99819817350979,0.785953506031681,1.83303215048288e-05,0.000153505980090667,"Mz_vs_On","Mz higher"
"ddx55",138.109884615336,3.79665812951016,0.989974446294697,1.83846622975196e-05,0.000153727069849472,"Mz_vs_On","Mz higher"
"si:ch73-233k15.2",21.5465828738814,-8.6902643753096,3.44896876486461,1.84415339723006e-05,0.000153968618991803,"Mz_vs_On","On higher"
"trmt61b",111.690597428582,3.94039074516653,1.0490761812171,1.85475755535418e-05,0.000154619334387253,"Mz_vs_On","Mz higher"
"irak4",395.89008875881,-4.83592751772279,1.33458646396173,1.88482512333257e-05,0.000156888166846835,"Mz_vs_On","On higher"
"micu2",257.090127061714,-6.31871816328873,1.57404477294934,1.91736385297281e-05,0.000159355527478193,"Mz_vs_On","On higher"
"ERMP1",36.2940785230957,-7.2569986740923,1.99601557207381,1.95239039751123e-05,0.000162021899956362,"Mz_vs_On","On higher"
"alkbh2",240.329768434761,4.7634162877011,1.22391555277844,1.97191354897688e-05,0.000163395607627572,"Mz_vs_On","Mz higher"
"dbx1a",28.1761638032702,6.62961669112901,2.16887300046152,1.9883670555167e-05,0.000164482039533699,"Mz_vs_On","Mz higher"
"atp7a",169.697561499514,4.34880725836222,1.14512117773421,1.99100396818326e-05,0.000164482039533699,"Mz_vs_On","Mz higher"
"ift88",26.9821725197308,-4.97919439998227,1.42278029466437,2.00359649808148e-05,0.000165171248718973,"Mz_vs_On","On higher"
"CNNM1",551.063818258487,4.6858941945684,1.25760977003612,2.00535067510494e-05,0.000165171248718973,"Mz_vs_On","Mz higher"
"ddx56",229.78201143007,6.62465698813756,1.74579275493147,2.00870485088852e-05,0.000165200210606706,"Mz_vs_On","Mz higher"
"aip",116.578947854439,3.36904244797378,0.888234133190053,2.02621188986774e-05,0.000166391310717199,"Mz_vs_On","Mz higher"
"zte38",122.58852101259,-3.7124926122695,1.07503939356124,2.05701958045155e-05,0.000168669474391124,"Mz_vs_On","On higher"
"bmp10",31.1626962457587,6.05199274817868,1.65749361762315,2.06552801920732e-05,0.000169115106572599,"Mz_vs_On","Mz higher"
"cars2",929.844327711503,-3.21840335538708,0.917774004376991,2.06938458535962e-05,0.000169179108300871,"Mz_vs_On","On higher"
"oclna",19.2144353991178,6.91464370195074,2.02296069595787,2.09179496807613e-05,0.000170757506147698,"Mz_vs_On","Mz higher"
"cdkl1",25.9420076542816,-4.30349067596872,1.2478990824403,2.09694281600939e-05,0.000170924138869387,"Mz_vs_On","On higher"
"f9b",45.5589586614718,5.65871376283619,1.54732178559503,2.1015731106957e-05,0.000171048154660469,"Mz_vs_On","Mz higher"
"gmfb",30.6038613316288,5.98148875945138,1.59017727745518,2.1266981485018e-05,0.000172837418213543,"Mz_vs_On","Mz higher"
"brms1la",24.6817340207821,4.72207504082131,1.2268131530411,2.13214584247738e-05,0.000173024578544403,"Mz_vs_On","Mz higher"
"lysmd1",120.750592987575,5.05117400500063,1.39381045897856,2.13563337665882e-05,0.000173052354026168,"Mz_vs_On","Mz higher"
"zgc:158640",27.6437977389805,6.10536886436554,1.61761616260445,2.1625754410946e-05,0.000174479547359956,"Mz_vs_On","Mz higher"
"crata",77.4154374701267,5.404924806321,1.44009571106292,2.16275992910742e-05,0.000174479547359956,"Mz_vs_On","Mz higher"
"ubtf",17.0620644991997,-4.85926689041087,1.37643837658488,2.1610228129542e-05,0.000174479547359956,"Mz_vs_On","On higher"
"tgfb3",62.4890429784789,5.34568692155583,1.39528406981458,2.2009320633149e-05,0.00017729909534932,"Mz_vs_On","Mz higher"
"anapc16",33.6612697372405,-4.43055938237482,1.31382512224516,2.22909835627983e-05,0.000179305543220053,"Mz_vs_On","On higher"
"zgc:173742",591.825828252757,5.0887488163064,1.36453905511715,2.24539715626101e-05,0.000180352921952527,"Mz_vs_On","Mz higher"
"fastkd2",65.8956171165347,5.55005142010109,1.47860854707659,2.3160718119505e-05,0.000185218417287088,"Mz_vs_On","Mz higher"
"PAK3",22.1671218989388,5.48549888894028,1.480943180242,2.31326426913301e-05,0.000185218417287088,"Mz_vs_On","Mz higher"
"IKZF5",28.1535319082304,4.61580604101511,1.26959762074682,2.31235362183479e-05,0.000185218417287088,"Mz_vs_On","Mz higher"
"itga10",51.7016182553592,4.13056673989144,1.1313877685142,2.35489916064845e-05,0.000188050147777762,"Mz_vs_On","Mz higher"
"rasgef1bb",73.5787019382156,5.0782307345366,1.35598364831996,2.36755517187408e-05,0.000188786790661611,"Mz_vs_On","Mz higher"
"otofa",23.8216268029209,-8.7789007655621,3.54132272160856,2.38127317702541e-05,0.000189605861360258,"Mz_vs_On","On higher"
"slc16a7",15.2069645115866,8.54047136147473,3.26559938896459,2.45040900710874e-05,0.000194828762386016,"Mz_vs_On","Mz higher"
"snx24",80.7581682828888,3.87066076633795,1.0627542821117,2.54313517983359e-05,0.000201909520338303,"Mz_vs_On","Mz higher"
"cish",95.8264338608536,3.68014879801745,0.992947729308202,2.68614745140697e-05,0.000212956531378114,"Mz_vs_On","Mz higher"
"acsl4a",81.4485754215483,4.70932489962926,1.25736148925163,2.69259807978532e-05,0.000213018252261508,"Mz_vs_On","Mz higher"
"mrpl35",144.789638161483,3.73695717738232,1.01553233765906,2.69466927615431e-05,0.000213018252261508,"Mz_vs_On","Mz higher"
"cdc73",85.368186180435,-3.8650140934566,1.16432606576395,2.70368586958014e-05,0.000213424385285939,"Mz_vs_On","On higher"
"lsm1",28.345813726027,-6.05323514298881,1.81132267691324,2.74382009736275e-05,0.000216282208820772,"Mz_vs_On","On higher"
"gstt1b",47.1704968363009,-5.47848547839355,1.72774557866305,2.74883833494557e-05,0.000216367789969535,"Mz_vs_On","On higher"
"btbd7",19.8947077483889,4.140418824953,1.18148997938354,2.75297881100534e-05,0.00021638413454502,"Mz_vs_On","Mz higher"
"rrm1",190.54114014165,5.83079304685956,1.56846696714192,2.77695203417337e-05,0.000217957062653665,"Mz_vs_On","Mz higher"
"si:ch211-141o9.10",21.9847736739665,-4.92978304404439,1.46094793726809,2.79278634505924e-05,0.000218887613540113,"Mz_vs_On","On higher"
"znf511",53.4492271069717,6.22741708438811,1.64310970957795,2.92206135915143e-05,0.000228693906088922,"Mz_vs_On","Mz higher"
"rnf215",126.110959658259,4.8707575513577,1.39050636948295,2.95420664751837e-05,0.000230881320662587,"Mz_vs_On","Mz higher"
"pgam5",155.603178491465,5.50142075983246,1.48809686461045,3.08272117396048e-05,0.000240583431193341,"Mz_vs_On","Mz higher"
"dhx34",27.6847845493218,6.40275344386095,1.75306450273466,3.11407368410008e-05,0.000242342763930957,"Mz_vs_On","Mz higher"
"col5a2a",67.3503240502714,-3.92566674712867,1.19286675981524,3.1124915744957e-05,0.000242342763930957,"Mz_vs_On","On higher"
"dpf3",27.7750462224161,5.45967329853575,1.51180749785883,3.19805137190919e-05,0.000248526534579723,"Mz_vs_On","Mz higher"
"gpatch8",201.952860070578,-3.1460810501823,0.903084648304777,3.20695175931963e-05,0.000248866693649882,"Mz_vs_On","On higher"
"si:ch211-15p9.2",85.2161100364378,3.08366815912225,0.86545977873311,3.2524923046505e-05,0.000252045248735029,"Mz_vs_On","Mz higher"
"PCBP2",227.43046938931,3.73790332389515,1.03656348595617,3.38429035347125e-05,0.00026188981047537,"Mz_vs_On","Mz higher"
"aars2",12.665077492844,-7.31674019406732,3.02656068138941,3.45204151472304e-05,0.000266757477724806,"Mz_vs_On","On higher"
"clec11a",56.1035044742775,-5.60752614424592,1.80435304014857,3.48930540732927e-05,0.000269258882904988,"Mz_vs_On","On higher"
"slc25a40",20.7426563501909,7.58264497898804,2.97482725008528,3.52436035732377e-05,0.000271583062829067,"Mz_vs_On","Mz higher"
"rab3gap2",93.5302756922724,4.15944004973665,1.15437435349048,3.53329764492967e-05,0.000271890960033609,"Mz_vs_On","Mz higher"
"thbd",23.513302514851,-3.97568793314805,1.18975708299915,3.56465669510925e-05,0.000273920965593451,"Mz_vs_On","On higher"
"hmox1a",51.7706300758186,5.50186734866931,1.49003357763459,3.57994641621729e-05,0.000274712206164959,"Mz_vs_On","Mz higher"
"ppp2r1bb",20.8256978322826,-4.46891748767223,1.23987244224173,3.59284033999654e-05,0.000275317653908927,"Mz_vs_On","On higher"
"flna",65.1445897624129,-5.6128309944154,1.8700496496689,3.61376816880575e-05,0.000276536195615705,"Mz_vs_On","On higher"
"mtmr3",22.3701191466301,-5.85277269353293,1.74525944993338,3.64670319575989e-05,0.000278282399210415,"Mz_vs_On","On higher"
"ndufb7",188.633672960924,4.64699094899934,1.29237633204995,3.64519593410268e-05,0.000278282399210415,"Mz_vs_On","Mz higher"
"coa8",26.4652319409949,-8.76522862451645,3.64200505482781,3.7082140671914e-05,0.000282584401630015,"Mz_vs_On","On higher"
"vps26b",103.838052624634,3.56735943221926,0.994064167832971,3.73161988002062e-05,0.000283613947850331,"Mz_vs_On","Mz higher"
"fryl",30.4560362133445,-3.28038593928063,0.959948836802391,3.73203377396655e-05,0.000283613947850331,"Mz_vs_On","On higher"
"tjp2a",144.772427899799,4.1552759299542,1.16664354061171,3.77156474840891e-05,0.000286222748217184,"Mz_vs_On","Mz higher"
"gcc1",40.3784485294962,5.56866006539809,1.4986200329994,3.77939230121626e-05,0.000286421714067381,"Mz_vs_On","Mz higher"
"crlf1b",238.068335245144,3.64311221589313,1.05796627045169,3.8582959272686e-05,0.000291999232349819,"Mz_vs_On","Mz higher"
"dhx32b",17.5075662362859,5.92985223033681,1.73201006178944,3.88793521012535e-05,0.000293435110097526,"Mz_vs_On","Mz higher"
"TMEM43",1588.8657439372,3.54821136189584,0.986668715483101,3.88508790782255e-05,0.000293435110097526,"Mz_vs_On","Mz higher"
"krt98",7828.05950824759,-0.154091977029608,1.03771343465818,3.89877313558268e-05,0.000293849997150355,"Mz_vs_On","On higher"
"fgf8b",13.4776955777738,-7.3869800076224,3.08680584517177,3.97185297122678e-05,0.000298948495864429,"Mz_vs_On","On higher"
"slc25a32b",63.9169588842464,5.16486076282093,1.5274413374765,4.12133699288903e-05,0.000309765105543041,"Mz_vs_On","Mz higher"
"ino80b",22.2556025073689,-5.01341070351002,1.51931598871177,4.13808347099482e-05,0.000309765105543041,"Mz_vs_On","On higher"
"dph7",402.730122606952,-4.70600630637308,1.41164790906875,4.13342371998857e-05,0.000309765105543041,"Mz_vs_On","On higher"
"si:dkey-16l2.16",29.1945932445711,3.52040958678,0.981617769436487,4.13190774213514e-05,0.000309765105543041,"Mz_vs_On","Mz higher"
"btg1",77.1269866879163,-4.28729362684329,1.37467807378347,4.19270689357811e-05,0.000312578229383018,"Mz_vs_On","On higher"
"zgc:153738",79.291995698527,4.10838283185739,1.15901649562088,4.18715016826502e-05,0.000312578229383018,"Mz_vs_On","Mz higher"
"pcnp",45.9020483051117,3.55852668541631,0.986874420529474,4.19264643903448e-05,0.000312578229383018,"Mz_vs_On","Mz higher"
"itpkcb",56.5316254555929,-5.35319462499906,1.71467577510377,4.42563801819726e-05,0.000329052167244883,"Mz_vs_On","On higher"
"ppid",21.9617970046324,-4.24161765270237,1.26890201134858,4.42104185749807e-05,0.000329052167244883,"Mz_vs_On","On higher"
"kpna7",45.6821057881533,3.57573345806785,1.02961981975353,4.44544400365828e-05,0.000330078716708878,"Mz_vs_On","Mz higher"
"fermt3b",75.2485708037866,3.81176899644982,1.07336209687803,4.57216788391909e-05,0.000339030561958529,"Mz_vs_On","Mz higher"
"ncdn",17.4108158623361,-5.05724191363721,1.51494508777388,4.60589519381306e-05,0.000341071808295551,"Mz_vs_On","On higher"
"cdc7",33.3203577766562,5.34673224554941,1.48469832400136,4.61875721540025e-05,0.00034156454568726,"Mz_vs_On","Mz higher"
"lclat1",28.6643425677628,4.82725673172571,1.32891920126134,4.65046543609469e-05,0.000343447796367691,"Mz_vs_On","Mz higher"
"abhd16a",146.718607144072,2.69040309278626,0.754011384713565,4.66817311236127e-05,0.000344293411048415,"Mz_vs_On","Mz higher"
"nudt12",38.8537887022383,4.70346507727725,1.32752087813662,4.67903727588442e-05,0.000344632705380403,"Mz_vs_On","Mz higher"
"pou5f3",17.8261218651215,6.9065306638069,2.12785303393258,4.77248658302816e-05,0.000351045737698141,"Mz_vs_On","Mz higher"
"si:dkey-12j5.1",33.127976805217,-4.36501094882362,1.39267525640989,4.77955056638438e-05,0.000351095957493283,"Mz_vs_On","On higher"
"zc3h12a",12.8672244237956,5.77661203454687,1.80549676732066,4.85631202917251e-05,0.000356259050460095,"Mz_vs_On","Mz higher"
"RHBDF2",188.911208377171,5.41820730121671,1.56209487022391,4.8808398531117e-05,0.000356631884087923,"Mz_vs_On","Mz higher"
"fam102bb",53.2917566806135,-4.90071717410077,1.63993784271002,4.8772580020297e-05,0.000356631884087923,"Mz_vs_On","On higher"
"prph2la",119.647201127454,4.37434529348377,1.26069545181429,4.8738420738802e-05,0.000356631884087923,"Mz_vs_On","Mz higher"
"eno1a",59.6336943073651,-2.91553573003681,0.868048832793429,4.97837612093424e-05,0.000363276199169499,"Mz_vs_On","On higher"
"B3GALT2",18.816677454363,-6.46604478003112,1.81955552378849,5.0330721595136e-05,0.000366780967174091,"Mz_vs_On","On higher"
"themis2",46.4859524051262,5.33148589328383,1.48397016103826,5.05833848674271e-05,0.000368134634312942,"Mz_vs_On","Mz higher"
"SNX14",133.296521305981,5.10973002538522,1.4636051028965,5.14553467381762e-05,0.000373985888709968,"Mz_vs_On","Mz higher"
"tagln3b",36.243848530305,4.1139410579261,1.20273930626041,5.36839957978754e-05,0.000389669320422045,"Mz_vs_On","Mz higher"
"sulf1",66.6427649983945,4.08713327930264,1.17386525856021,5.47667746581003e-05,0.000397004998904964,"Mz_vs_On","Mz higher"
"adamts13",581.018255236149,3.69744142840941,1.07594949612871,5.56395477991177e-05,0.000402801042093086,"Mz_vs_On","Mz higher"
"ugdh",160.51875764866,5.16299047675436,1.48976129028905,5.69765191162073e-05,0.000411937987092474,"Mz_vs_On","Mz higher"
"MAMDC2",68.8617927570074,4.88651080682447,1.40642490926309,5.99090676512824e-05,0.000432571771938787,"Mz_vs_On","Mz higher"
"rpe65b",43.1908612564652,3.20546512993396,0.908350233559733,6.00691167639128e-05,0.00043315895207739,"Mz_vs_On","Mz higher"
"fth1b",28.3328101231886,4.70557745664097,1.40822186885894,6.03996483438892e-05,0.00043497233663361,"Mz_vs_On","Mz higher"
"ecsit",72.6884640931539,-4.86994597810396,1.38274715773675,6.15558912568804e-05,0.000442386404536017,"Mz_vs_On","On higher"
"alkbh6",23.4430555327412,4.61209707686177,1.31476577566328,6.15899647173008e-05,0.000442386404536017,"Mz_vs_On","Mz higher"
"tmem59",41.3835297576288,-3.43630883470376,1.05012226910636,6.26614348682258e-05,0.00044949571661666,"Mz_vs_On","On higher"
"RRM2",839.135630052178,3.2940475189307,0.962686836639143,6.43054328155113e-05,0.000460688139779874,"Mz_vs_On","Mz higher"
"ube2al",120.667706709732,4.02783287743473,1.15392205463874,6.44206226151004e-05,0.000460913219282552,"Mz_vs_On","Mz higher"
"zgc:73226",67.1445263846682,-3.43002960135007,1.08743726091958,6.62167481388751e-05,0.000473148763974144,"Mz_vs_On","On higher"
"rorcb",51.2104022814771,-4.03112118099305,1.31925128173789,6.63989220438976e-05,0.000473835109060343,"Mz_vs_On","On higher"
"psme2",454.135330676332,3.4333856767464,0.99705827897735,6.84790200825981e-05,0.000488046073179345,"Mz_vs_On","Mz higher"
"ndfip1",267.970886408571,2.52540519951244,0.722613654156318,7.2007896645452e-05,0.000512532273406568,"Mz_vs_On","Mz higher"
"si:dkey-122a22.2",53.1453389228592,5.21892701606967,1.50835418830989,7.2467113333919e-05,0.000515134441296153,"Mz_vs_On","Mz higher"
"rpp21",38.0396808356781,6.63266360642304,1.94056939134309,7.29441486374731e-05,0.000517856394585003,"Mz_vs_On","Mz higher"
"nelfcd",130.764697025144,5.18488335717007,1.50525828856086,7.46108149238288e-05,0.000529006061483126,"Mz_vs_On","Mz higher"
"smim19",34.339757908908,5.43039349232337,1.57023656306833,7.51058573134358e-05,0.000531830665300545,"Mz_vs_On","Mz higher"
"dip2a",83.4639630329669,-5.42858045159632,2.00345092360194,7.52938695325445e-05,0.000532476696874113,"Mz_vs_On","On higher"
"phactr1",135.574555680678,3.18163916172891,0.945216708980151,7.6032711111187e-05,0.000537011523149873,"Mz_vs_On","Mz higher"
"si:dkey-197i20.6",58.9762596179113,-4.81800533306259,1.70835138884995,7.61571111349468e-05,0.000537200545467278,"Mz_vs_On","On higher"
"mdh2",35.4072994970493,-2.77307084588179,0.848455570751725,7.65692501452167e-05,0.000539416151471168,"Mz_vs_On","On higher"
"atp23",18.3271075812475,-6.36201736130746,1.9199924336234,7.70151685104911e-05,0.000541863755939542,"Mz_vs_On","On higher"
"tcp1",488.445968010351,3.66924276749333,1.08446813534253,7.73482019991558e-05,0.000543511886844643,"Mz_vs_On","Mz higher"
"usp45",25.7017611289526,-5.44456020327729,1.79651830451101,7.77467776569969e-05,0.000545615778914282,"Mz_vs_On","On higher"
"os9",8.60928978133917,-6.78651293787271,2.97148249398232,7.9162202402172e-05,0.000554159077776946,"Mz_vs_On","On higher"
"cdt1",70.6308715910219,3.68933305102902,1.10857764805944,7.91655825395636e-05,0.000554159077776946,"Mz_vs_On","Mz higher"
"npb",54.0210210098017,5.73094042039135,1.68782027116748,8.07052464940544e-05,0.000564218889720822,"Mz_vs_On","Mz higher"
"man2b2",48.9920935493942,4.05432118831757,1.19505525402875,8.29502249316975e-05,0.000579177839561167,"Mz_vs_On","Mz higher"
"sod3a",167.959898514409,4.28344087361848,1.26603320632193,8.42451610664565e-05,0.000587147664525234,"Mz_vs_On","Mz higher"
"atad1b",37.6131811719732,3.79705967754515,1.11414004118768,8.43050990503335e-05,0.000587147664525234,"Mz_vs_On","Mz higher"
"sc5d",2230.6985766676,4.53700611797873,1.39136543870579,8.55988718801923e-05,0.000595404542458682,"Mz_vs_On","Mz higher"
"nudcd2",16513.0423270561,3.76778602637327,1.14340577704435,8.65160517532195e-05,0.000601024389831078,"Mz_vs_On","Mz higher"
"f2r",99.1273980745002,-6.8078536408606,2.18664653283458,8.71493842878891e-05,0.000604657767282293,"Mz_vs_On","On higher"
"entpd5b",50.224187996722,3.1726406275145,0.977657112240928,8.72588635445549e-05,0.000604657767282293,"Mz_vs_On","Mz higher"
"pkma",736.417984529903,3.7680172693221,1.13942894367242,8.91545730187666e-05,0.000617016931760067,"Mz_vs_On","Mz higher"
"iba57",104.883182358717,3.18348858894286,0.950302689791262,8.99031323057537e-05,0.00062141587179178,"Mz_vs_On","Mz higher"
"ing5a",83.4864445304423,2.79208839613576,0.818274352444558,9.02132203429357e-05,0.000622776836043704,"Mz_vs_On","Mz higher"
"ttc9c",35.4604414554317,3.63464400205738,1.06040956178102,9.0413126264769e-05,0.000623374712667618,"Mz_vs_On","Mz higher"
"msh5",128.077640545047,-4.73012699882577,1.71973760434517,9.17908732878027e-05,0.000632081833328524,"Mz_vs_On","On higher"
"sh3d19",3686.37154059444,-7.19322263808092,3.19358889655117,9.44377927961429e-05,0.000649495919955473,"Mz_vs_On","On higher"
"si:ch211-102c2.7",17.0325253638604,-4.77874840855337,1.45283985406578,9.47581306771518e-05,0.000650885436935942,"Mz_vs_On","On higher"
"nckap1",108.68640260704,2.88326302152193,0.846961201608282,9.49200889566512e-05,0.000651184949425804,"Mz_vs_On","Mz higher"
"magi3b",19.1965966069112,-5.98898579766608,1.75320356475254,9.77237857452984e-05,0.000669584394982107,"Mz_vs_On","On higher"
"c1galt1a",49.0349596668788,4.47196506622757,1.38662102233949,9.85263541801909e-05,0.000674243781964441,"Mz_vs_On","Mz higher"
"tmtops2b",36.2634307125488,-3.73970053011545,1.24062501465485,9.93517357489071e-05,0.000679047515640356,"Mz_vs_On","On higher"
"usp53b",26.9099967084663,-5.03701812679185,1.77030644753618,0.000100320562033145,0.000683969928508506,"Mz_vs_On","On higher"
"glb1l",51.3976160654746,2.71107196560805,0.809162556126978,0.000100228798601402,0.000683969928508506,"Mz_vs_On","Mz higher"
"ccdc84",13.7193424511076,-7.76096858262547,3.50014424439449,0.000102111169113653,0.000695316401563514,"Mz_vs_On","On higher"
"stxbp1a",87.4254597770769,4.62032298753448,1.41227389881211,0.000103412270498462,0.00070330570121451,"Mz_vs_On","Mz higher"
"coasy",221.393411081097,3.84823078657245,1.1762727299377,0.000103856967533417,0.000705458068356621,"Mz_vs_On","Mz higher"
"bricd5",112.075586216611,3.57611442411804,1.09056981662275,0.000105028059560497,0.000712533148830896,"Mz_vs_On","Mz higher"
"rnf113a",311.170200842003,2.47842539856729,0.73254338494231,0.0001064735371745,0.000721450001889285,"Mz_vs_On","Mz higher"
"myof",16.4422651444646,-5.98405050963787,1.76427302104248,0.000107024339281231,0.000724290178013937,"Mz_vs_On","On higher"
"vwa5b2",9.47258245635147,-7.08028915781705,3.18799615286009,0.000109944946628632,0.000743141396008271,"Mz_vs_On","On higher"
"zranb3",27.753949927476,-6.67916284504806,2.22518267995886,0.000111078794657475,0.000749884083687639,"Mz_vs_On","On higher"
"prpf4",19.5180199066836,-4.5904631440621,1.58138154049895,0.000111493655154872,0.000751762366007485,"Mz_vs_On","On higher"
"rnf151",17.1163974007108,-7.81642680978884,3.56529670110365,0.000113144076723882,0.000761663782819136,"Mz_vs_On","On higher"
"gorasp1a",432.803191668694,4.20368861074976,1.29462401402433,0.000113238999335888,0.000761663782819136,"Mz_vs_On","Mz higher"
"flt4",32.9601306842491,-4.50073997155361,1.6206226078653,0.000114483860507259,0.000769096703920563,"Mz_vs_On","On higher"
"ogfod2",59.0061702393581,5.74371383007247,1.83030626206913,0.000116138394214453,0.000779260298741369,"Mz_vs_On","Mz higher"
"nme7",345.873546347909,-3.57303694529748,1.24136900379454,0.000116634384869164,0.000781635061571429,"Mz_vs_On","On higher"
"MCOLN3",85.6055917408759,4.70835393142198,1.58182911227256,0.000120244013642582,0.000804844967228084,"Mz_vs_On","Mz higher"
"ngdn",28.4022697500236,-4.18855785834153,1.48033405478088,0.00012343753452624,0.000825216664597051,"Mz_vs_On","On higher"
"ndufaf5",18.7468373174681,-4.25083852817301,1.39622090928585,0.000128031606656061,0.000853854424026239,"Mz_vs_On","On higher"
"map7d3",223.377666360007,-3.30180948482939,1.0770797183838,0.000127959453243343,0.000853854424026239,"Mz_vs_On","On higher"
"scap",15.8861524330477,-3.90214107961424,1.28318879695428,0.000129255262328459,0.000860971493137021,"Mz_vs_On","On higher"
"ccdc85cb",26.7578847727719,-4.91129093440722,1.77091432096721,0.000130337489104905,0.000867130429329128,"Mz_vs_On","On higher"
"col1a2",707.312464667271,-4.92261337368381,1.98702666148939,0.00013112613282793,0.000870800190604297,"Mz_vs_On","On higher"
"aamdc",133.382922257767,2.12476819760585,0.628477585193911,0.000131205626683199,0.000870800190604297,"Mz_vs_On","Mz higher"
"KLHL12",30.5775244111088,-5.00572102365747,1.8448200557738,0.000136545654655098,0.000905149628810061,"Mz_vs_On","On higher"
"tdrd9",14.6884493934022,4.4486459345517,1.44812526560029,0.000137296323572095,0.000908317602543446,"Mz_vs_On","Mz higher"
"gstcd",20.6479118565633,-4.18741397944009,1.48123335592883,0.000137353734154153,0.000908317602543446,"Mz_vs_On","On higher"
"TANC2",53.6831374297557,3.74866871778287,1.21047112085854,0.000138659883957014,0.000915854359581624,"Mz_vs_On","Mz higher"
"faxdc2",22.6612540309112,-5.15471724300599,1.80452897687491,0.000140777749387423,0.000928728030131415,"Mz_vs_On","On higher"
"znrf3",450.755774737949,-3.30155604117803,1.1436545185615,0.000142267679594539,0.000937433261232521,"Mz_vs_On","On higher"
"si:ch211-284o19.8",16.8787832598652,-5.95725612772218,1.90007917495871,0.000148477317232192,0.000976012185676846,"Mz_vs_On","On higher"
"sptb",17.0817524074959,-5.32183286496635,1.83530992364697,0.000148467664418824,0.000976012185676846,"Mz_vs_On","On higher"
"intu",146.008124250174,3.62190832961737,1.13661875803848,0.000149045807840122,0.000978579993718799,"Mz_vs_On","Mz higher"
"abcg5",11.2990125380946,6.86071698179599,3.0169023384706,0.000153969536291541,0.00100970248948279,"Mz_vs_On","Mz higher"
"acod1",456.54486729657,3.62402195985369,1.13029013627553,0.000154282189695434,0.00101054834250509,"Mz_vs_On","Mz higher"
"vtna",61.6380117753052,-4.4490518105864,1.6952113418975,0.000159011947298234,0.00104028981454802,"Mz_vs_On","On higher"
"tfg",465.919011333933,3.87981708000988,1.23107184427866,0.000159394775773853,0.00104155588635123,"Mz_vs_On","Mz higher"
"sav1",88.3812211323587,5.42167738667078,1.68961056908368,0.000161189611885262,0.00105203469109456,"Mz_vs_On","Mz higher"
"kcnk12l",131.790694869788,-4.34604662144311,1.67074196567584,0.000163827109233158,0.00106798193720478,"Mz_vs_On","On higher"
"cuzd1.1",50.1351041305945,2.92138132766962,0.941147774362004,0.000165138824316867,0.00107398795672742,"Mz_vs_On","Mz higher"
"taldo1",48.4735260580759,-2.62279196420804,0.859351586205695,0.000165087189204508,0.00107398795672742,"Mz_vs_On","On higher"
"mbpa",39.8026012797122,-4.34708813212359,1.60923643652121,0.000165916554497331,0.00107777199863555,"Mz_vs_On","On higher"
"RAB19",99.8281121865474,-3.32802024661472,1.1578568546707,0.00016646163043945,0.00108003760693143,"Mz_vs_On","On higher"
"syngr2b",97.2210701634336,4.11045784494608,1.31709497078907,0.000166730869660359,0.00108051030020176,"Mz_vs_On","Mz higher"
"ints14",365.531012594302,-3.39414338274814,1.19908239119369,0.000169527564157022,0.00109734195057875,"Mz_vs_On","On higher"
"smc4",190.291710307356,3.47076874087405,1.10429412081341,0.000170129307688841,0.0010999429505335,"Mz_vs_On","Mz higher"
"cep135",65.1105910176191,5.04782029778418,1.69186622469192,0.000170894167800674,0.00110359121037478,"Mz_vs_On","Mz higher"
"mtnr1bb",9.53281515947676,-6.65298045171185,3.11935469445314,0.000172660907124114,0.00111369321336094,"Mz_vs_On","On higher"
"nt5e",13.7321613152269,-4.77812885175365,1.5785919824564,0.000173853358013846,0.00111876160911366,"Mz_vs_On","On higher"
"atg4b",78.7712731037008,-3.7106648965114,1.33336529086929,0.00017378242767729,0.00111876160911366,"Mz_vs_On","On higher"
"magoh",159.799582645536,3.0961605363551,0.957557534375575,0.000174156709478704,0.00111940445742036,"Mz_vs_On","Mz higher"
"atp5l",302.588665552871,2.79632210460079,0.868495868378354,0.000174432531763486,0.00111986906623419,"Mz_vs_On","Mz higher"
"htr2b",109.349678669423,-6.3615572507669,2.98511489058922,0.000179064555385173,0.00114826711390352,"Mz_vs_On","On higher"
"guca1c",435.620949827032,4.60314655916492,1.50321901164347,0.000182683988925923,0.00117011327947663,"Mz_vs_On","Mz higher"
"PIP4K2B",674.844798657937,-3.61055010892336,1.19729515740936,0.000190468231470817,0.00121855373203772,"Mz_vs_On","On higher"
"mdkb",7.81568864276464,-6.70888691197226,3.15187284333514,0.000191129092192451,0.00122136151596152,"Mz_vs_On","On higher"
"YES1",15.8666806789264,-3.53944466065597,1.16727061467761,0.000191716705640689,0.00122240150453793,"Mz_vs_On","On higher"
"abca4a",34.1993308265369,-3.05091961914086,1.04686054079682,0.000191736186553296,0.00122240150453793,"Mz_vs_On","On higher"
"ABHD5",15.7411006077581,4.52514519325188,1.51821033912707,0.000193351250271101,0.0012312715034625,"Mz_vs_On","Mz higher"
"ap1m1",58.8729204891634,-3.78645000755322,1.42165098361806,0.000194722775431386,0.00123857191956472,"Mz_vs_On","On higher"
"soul5",136.372656084549,-4.36745497102929,1.75895131569328,0.000196959683251371,0.00125135355340536,"Mz_vs_On","On higher"
"atl1",16.9897394149931,-5.7234069864621,1.81204755708911,0.000198937303142356,0.00126246025592762,"Mz_vs_On","On higher"
"waca",56.1369987562532,-4.90107700113889,2.04145779578331,0.000200520120168611,0.00127103882623007,"Mz_vs_On","On higher"
"dlgap2a",12.4949488240476,7.69271633282371,3.39105483772523,0.000201289859419159,0.00127444971982073,"Mz_vs_On","Mz higher"
"sumo2b",30.3140646425881,-5.58929474044985,1.76588725182547,0.000202333098414079,0.00127958242238421,"Mz_vs_On","On higher"
"rfxap",22.7025514497782,5.91181478325844,1.92458974052797,0.000205703985442538,0.0012994068058609,"Mz_vs_On","Mz higher"
"gnb1l",10.6073379861063,-7.22326963012926,3.50420705069568,0.000209618963130684,0.00132261873296448,"Mz_vs_On","On higher"
"loxl2a",96.3213807317771,2.77333074528984,0.891172706180683,0.000211335146110647,0.00133191978682793,"Mz_vs_On","Mz higher"
"gtf2f1",76.0590943696748,3.14646831323646,0.993632012486386,0.000211724655106592,0.00133284788603715,"Mz_vs_On","Mz higher"
"SHC3",28.8626125640411,4.64040898297824,1.50647410183381,0.000212521612889188,0.00133633590184722,"Mz_vs_On","Mz higher"
"usp5",18.6365805437794,-3.51399363998805,1.24666863629408,0.000213068741784818,0.0013382468234019,"Mz_vs_On","On higher"
"cables2b",8.83369148571876,-6.28498289589669,2.99233759967332,0.000216310901563318,0.00135706109509849,"Mz_vs_On","On higher"
"kat8",9.21608312994921,-6.65519466915856,3.17540360137743,0.000221104327034114,0.00138191256116188,"Mz_vs_On","On higher"
"col1a1b",465.012175661091,-4.70263759198644,2.07742384254645,0.000221065575966776,0.00138191256116188,"Mz_vs_On","On higher"
"tpte",83.4700175264504,4.06347719646472,1.33354577730897,0.000221276802323449,0.00138191256116188,"Mz_vs_On","Mz higher"
"abtb2b",154.864886525143,3.34727051554198,1.0994837724819,0.000220991874419239,0.00138191256116188,"Mz_vs_On","Mz higher"
"gatd1",206.222427353557,2.73001630513783,0.864668424485411,0.000222915005347106,0.00139056503335576,"Mz_vs_On","Mz higher"
"nedd1",7.81064669962679,-6.61510582950973,3.17340094050955,0.000223885379689133,0.0013950366467153,"Mz_vs_On","On higher"
"igfbp7",33.9634516013955,-3.84085325248378,1.42838667337631,0.000224686687701192,0.00139844587752484,"Mz_vs_On","On higher"
"zgc:77375",45.1778935393711,-4.258368692885,1.66228695450234,0.000232671057611026,0.00144650413443601,"Mz_vs_On","On higher"
"zfyve19",73.9717679911902,3.61558038375495,1.26236117772625,0.000233265513650088,0.0014485630430054,"Mz_vs_On","Mz higher"
"mzt2b",13.4758652261181,5.76443960902149,1.9291126741236,0.000241742600279654,0.00149782408416515,"Mz_vs_On","Mz higher"
"ddit3",144.853663298165,2.72779814690572,0.867821093493016,0.000241597617947898,0.00149782408416515,"Mz_vs_On","Mz higher"
"preb",79.8084716259353,3.42099237296335,1.1016650751402,0.000242166582264946,0.0014987632571673,"Mz_vs_On","Mz higher"
"pigh",10.3519678202058,-7.00327311161494,3.42822886672673,0.000244107830072034,0.0015086751139209,"Mz_vs_On","On higher"
"cyfip1",163.009810516973,-2.56353523259976,0.841774733717222,0.000244316526082065,0.0015086751139209,"Mz_vs_On","On higher"
"khdc4",1030.27731813094,3.86634080575166,1.27720139829957,0.000244891134057199,0.00151052804885954,"Mz_vs_On","Mz higher"
"prmt7",636.439457024128,2.93436227225154,0.946975937879961,0.000254657983045187,0.00156901256742959,"Mz_vs_On","Mz higher"
"si:dkey-91m11.5",19.574318487588,-2.85841229844841,0.990628795195882,0.000261077764297034,0.00160676718027101,"Mz_vs_On","On higher"
"rps6ka1",33.3800512557575,-5.16417815087478,2.16098304797313,0.000265894748699088,0.00163458425401384,"Mz_vs_On","On higher"
"srpx",47.9130931914381,-5.08623371111897,2.28737479212208,0.000269667834397956,0.00165450562567527,"Mz_vs_On","On higher"
"tpgs2",68.0672638379827,-4.03777299487521,1.64407675609079,0.000269736740499948,0.00165450562567527,"Mz_vs_On","On higher"
"st6gal2a",24.9156976295364,4.69426748601763,1.59260934759682,0.000276601574621013,0.00169472367880269,"Mz_vs_On","Mz higher"
"fhl2b",91.9950835769397,4.2083121667818,1.41007460347401,0.000277776630414434,0.00170003005621826,"Mz_vs_On","Mz higher"
"spg11",19.0023386770057,-3.58305799520385,1.29720655578429,0.000279263269684973,0.0017072294553408,"Mz_vs_On","On higher"
"rrp9",42.4083783418506,4.27409604451453,1.41680663232597,0.000279812864115949,0.00170869076400217,"Mz_vs_On","Mz higher"
"irf10",36.4580142462329,4.61266494777969,1.5516189770395,0.000282850929443691,0.00172532795321418,"Mz_vs_On","Mz higher"
"tsr2",100.361348140998,3.51083088984393,1.21926212317656,0.000284057492497433,0.00173076890777506,"Mz_vs_On","Mz higher"
"bnip1b",27.9287835691538,4.9863905706968,1.69727721617092,0.000284495773063902,0.00173152184004158,"Mz_vs_On","Mz higher"
"h3f3d",69.47574731885,3.15764550517926,1.04878323826811,0.000285590491719461,0.00173626396181268,"Mz_vs_On","Mz higher"
"srpx2",163.736084632288,4.25379917868038,1.43340497388179,0.00028709868804665,0.00174159959093552,"Mz_vs_On","Mz higher"
"chmp7",198.743410120264,4.14171167190325,1.38372858054414,0.000287101204830701,0.00174159959093552,"Mz_vs_On","Mz higher"
"clu",253.290834654466,-3.50600025344686,1.37931829846771,0.000289855089757678,0.00175636861657131,"Mz_vs_On","On higher"
"lurap1",12.8296103676187,-7.1016155851372,3.59279312935269,0.000292232243681037,0.00176882486769314,"Mz_vs_On","On higher"
"ca7",59.6692711221971,-4.23636728602446,1.7651686970463,0.000293005910514583,0.00177155881280355,"Mz_vs_On","On higher"
"cog4",1089.3842420513,3.49732678052275,1.17389039839763,0.000294671373160638,0.00177967277182198,"Mz_vs_On","Mz higher"
"s100b",12.4872416506502,-5.73266363489956,1.94089070941157,0.000295358756849261,0.00178186828967614,"Mz_vs_On","On higher"
"rprd1b",54.094323372036,-4.58298005800609,1.9938038155633,0.000298598556505047,0.00179944058914652,"Mz_vs_On","On higher"
"acyp2",34.4094597489109,-5.78629107312965,2.83525695347421,0.000301586703006108,0.00181425561931789,"Mz_vs_On","On higher"
"ogg1",54.4288129702707,3.86368216149402,1.39691621761209,0.000301716447051231,0.00181425561931789,"Mz_vs_On","Mz higher"
"zeb2a",12.099233846403,-4.66193026807568,1.67445112106455,0.000303830473544936,0.00182497299720987,"Mz_vs_On","On higher"
"mcee",3358.25849894476,-6.21695850734157,3.059742505563,0.000308718784322534,0.00185231270593521,"Mz_vs_On","On higher"
"dcaf8",27.8933902120489,-3.26423114831207,1.2085527332384,0.000317622896105369,0.001903661409991,"Mz_vs_On","On higher"
"eif5",32.4877484042689,-3.82133039848944,1.50682901903244,0.000320235204312271,0.00191722969981079,"Mz_vs_On","On higher"
"dcaf6",14.4144644346952,-5.79401845620981,2.83397378741598,0.000322615143992966,0.00192937882853185,"Mz_vs_On","On higher"
"gpr161",32.1498290069329,-6.06673611226684,3.01706754923718,0.000328843206214848,0.00196291130591706,"Mz_vs_On","On higher"
"lpl",45.5929466727304,-5.93748656905473,2.76535260720521,0.000328935700482648,0.00196291130591706,"Mz_vs_On","On higher"
"AREL1",35.4733388192754,-3.54338916536727,1.33629840040657,0.000334042804464922,0.00199122807168581,"Mz_vs_On","On higher"
"znf131",5.83187263008524,-6.04943550030927,2.99648826386879,0.000336093924074564,0.00200034298842896,"Mz_vs_On","On higher"
"GTPBP2",8.03340231320651,-5.93750465935929,2.94689382923913,0.000336299030224788,0.00200034298842896,"Mz_vs_On","On higher"
"pdpk1b",15.887162751013,-3.58185020671429,1.33339673892632,0.000337360537716203,0.00200232759278808,"Mz_vs_On","On higher"
"tet2",89.7707269469291,2.58790675278711,0.861514860261965,0.000337044402073075,0.00200232759278808,"Mz_vs_On","Mz higher"
"PRKD3",12.8483192330011,-3.93018881875668,1.39986357391973,0.000338557236446174,0.00200726499453324,"Mz_vs_On","On higher"
"cyp2n13",60.0058865037666,-4.15533718857094,1.5773383633222,0.000342224114139031,0.00202682139504085,"Mz_vs_On","On higher"
"dhrs7b",183.874273272117,-5.3602677036936,2.62977389160947,0.000350358250016879,0.00207276461461599,"Mz_vs_On","On higher"
"syt10",19.9731513408593,-4.91408433703021,1.99488050439899,0.000351652152846992,0.00207818490329125,"Mz_vs_On","On higher"
"ldhbb",29.414736308664,-3.98600160910632,1.5787531238094,0.000352924374875165,0.00208338541968089,"Mz_vs_On","On higher"
"angptl3",121.768859914609,2.74524668397217,0.924236025127843,0.000353289457753956,0.00208338541968089,"Mz_vs_On","Mz higher"
"nadka",72.5584009871658,-4.27267525113683,1.90153175605632,0.000355601747705794,0.00209477603412985,"Mz_vs_On","On higher"
"PITPNM2",157.402612284903,2.78868882442875,0.930386372803492,0.000358548691236233,0.00210987689752059,"Mz_vs_On","Mz higher"
"fen1",35.5110157734213,4.72580312940196,1.5923409194065,0.00036417872580493,0.00213876776328108,"Mz_vs_On","Mz higher"
"tmem14ca",694.487852217155,3.4223275050248,1.18584953328316,0.000364235804106574,0.00213876776328108,"Mz_vs_On","Mz higher"
"mtmr11",32.2914840528769,3.93018777746188,1.34245753597004,0.000372556301563529,0.00218529293305174,"Mz_vs_On","Mz higher"
"taok2b",26.0000149685383,-4.26341339783097,1.79927688704189,0.000373340373470404,0.0021875598880023,"Mz_vs_On","On higher"
"tmem258",280.814861085046,3.0161918654097,1.03340298340702,0.000375088876380408,0.00219546701898405,"Mz_vs_On","Mz higher"
"cmtm4",38.0924624535569,3.49067924273629,1.20701919827165,0.000380374844012421,0.0022240407988909,"Mz_vs_On","Mz higher"
"timm13",33.0854915345162,4.00809957687165,1.45153855701161,0.000387853511503248,0.00226536095572279,"Mz_vs_On","Mz higher"
"tbx2b",31.4271525820261,-2.87700047224634,1.0794904479108,0.000388592108634527,0.0022672680611953,"Mz_vs_On","On higher"
"kcnab2a",19.9069523112272,-4.72688194918155,1.96187711177363,0.000390293745446091,0.00227478409686906,"Mz_vs_On","On higher"
"viml",66.3221827934228,-2.74745584878194,1.01585048893549,0.000392155531557469,0.00228321665040126,"Mz_vs_On","On higher"
"esyt1a",10.8651497042528,-5.58492368558136,1.98767594470175,0.000411934231039378,0.00239583735642564,"Mz_vs_On","On higher"
"AANAT",29.2438373391302,4.15969940417152,1.52375005828165,0.000416493954047764,0.00241979908676959,"Mz_vs_On","Mz higher"
"adss1",8.18753555869165,-6.46614588671325,3.37148719230164,0.000419705607418787,0.00243588634179131,"Mz_vs_On","On higher"
"meaf6",12.7840321305439,-3.66691360612507,1.30929577571453,0.00042368730192983,0.00245640414669961,"Mz_vs_On","On higher"
"iah1",9.08179292591401,-6.25006020571692,3.24760976078709,0.000425348903556882,0.00246344175512628,"Mz_vs_On","On higher"
"bbs2",14.7606477453186,-3.35230039471651,1.24964017740195,0.000426268267573993,0.00246617035561736,"Mz_vs_On","On higher"
"gnat2",223.287627767456,3.28086215135172,1.1447097292528,0.000428165622250874,0.00247454543447932,"Mz_vs_On","Mz higher"
"si:ch1073-174d20.2",21.0415315858809,-2.76826448104073,1.00114752465536,0.000436039637521157,0.00251740827454502,"Mz_vs_On","On higher"
"c2cd3",11.7034110110733,-4.2097070032853,1.68565735669097,0.000443062650291637,0.00255527327243667,"Mz_vs_On","On higher"
"capn3b",108.00211342968,-5.41135039320664,2.75174870814498,0.000448131893979747,0.00258180280699117,"Mz_vs_On","On higher"
"hdhd2",11.5056478628568,-5.82308084987879,2.98916693447204,0.000448651578982677,0.00258209308322457,"Mz_vs_On","On higher"
"slc25a39",22.0933881646911,-3.74107402700034,1.54963685715464,0.000451150770624967,0.0025937633646589,"Mz_vs_On","On higher"
"slc6a15",30.8117224245143,3.78745048501563,1.32819479177879,0.000461391229922998,0.00264986904701079,"Mz_vs_On","Mz higher"
"UBA6",14.6454211894021,4.75591994927862,1.65554827259384,0.000465031690827888,0.00266799203642861,"Mz_vs_On","Mz higher"
"cyp3a65",72.8370963429232,3.02351583521469,1.04323480310387,0.000466960686244867,0.00267626843304089,"Mz_vs_On","Mz higher"
"gstt2",33.0210147896228,2.68978567612848,0.936649145860436,0.000467459476287644,0.00267633927006724,"Mz_vs_On","Mz higher"
"zc3h7a",33.8282483872859,3.58588345825573,1.2227116575057,0.000469591840742733,0.00268575291867622,"Mz_vs_On","Mz higher"
"nbn",15.989667815614,4.47145595164981,1.58076480459681,0.000474178072550609,0.00270916693164429,"Mz_vs_On","Mz higher"
"smyd1b",20.9085515564453,7.44075317883943,3.53796568227499,0.000478330142276628,0.00273005440125104,"Mz_vs_On","Mz higher"
"cdh2",17.9390177945057,-3.59425555718829,1.48568849124779,0.000480478114775997,0.00273947211139641,"Mz_vs_On","On higher"
"tepsin",46.2180563865042,4.4958768769769,1.59002538896096,0.000488979027644759,0.00278505446180276,"Mz_vs_On","Mz higher"
"prf1.5",15.8764453880157,4.27502424389166,1.48012975672247,0.000489877680741738,0.00278728748649539,"Mz_vs_On","Mz higher"
"plekhb2",26.688769213682,3.24581331076697,1.11561229972057,0.00049469905243504,0.00281181217613388,"Mz_vs_On","Mz higher"
"hmgcl",56.2383432427102,3.78109188426848,1.34529603290582,0.000496209149110884,0.00281748476615901,"Mz_vs_On","Mz higher"
"relch",15.2455408885159,-3.5671798577704,1.33909656092357,0.00049690142999684,0.00281850687406455,"Mz_vs_On","On higher"
"lgals3a",70.9377279562438,4.1728925171264,1.47955463324353,0.000500286168371862,0.00283478321151595,"Mz_vs_On","Mz higher"
"mdc1",15.5944512689011,-2.86634997121425,1.06731802677716,0.000503636814166733,0.00285083307772157,"Mz_vs_On","On higher"
"hbp1",34.1549860461894,-2.83100194114705,1.09605414522405,0.000505304432456776,0.00285733297777716,"Mz_vs_On","On higher"
"pla1a",52.6259211389367,-3.70658242953729,1.60364444512071,0.000507387725692854,0.00286616762501241,"Mz_vs_On","On higher"
"hypk",794.867843222169,2.59768388101935,0.893474125680113,0.000513854175083522,0.00289971863724055,"Mz_vs_On","Mz higher"
"si:ch211-269e2.1",24.8259724155006,-3.29981552772293,1.33972773939509,0.00051487902575067,0.00290252499967232,"Mz_vs_On","On higher"
"phactr3b",14.0868962588334,-3.86498764266668,1.54945693962455,0.00052013427049698,0.00292914918758893,"Mz_vs_On","On higher"
"rpe65a",153.345016482509,-4.06633049147951,1.98193747034811,0.000523628194430357,0.00294581014903459,"Mz_vs_On","On higher"
"pleca",20.2273982278722,-3.17560505255377,1.23701814184688,0.000528657991458904,0.00296992734404923,"Mz_vs_On","On higher"
"rbm25b",341.710190900264,-2.48962154897008,0.907918938486812,0.00052899469232429,0.00296992734404923,"Mz_vs_On","On higher"
"kcnh6a",17.65521519785,-4.18602669154246,1.77984673472642,0.000530841982206609,0.0029737849273181,"Mz_vs_On","On higher"
"june",38.503491142246,3.30946142191984,1.22221314689976,0.00053109247038101,0.0029737849273181,"Mz_vs_On","Mz higher"
"tacc1",23.5993325547218,-2.86109301805203,1.1146741839673,0.000531303268548472,0.0029737849273181,"Mz_vs_On","On higher"
"tlr22",53.155178141085,4.89274234750245,2.11342650782441,0.000533032644797502,0.00298043253219091,"Mz_vs_On","Mz higher"
"cngb1b",11.1476521119874,-5.35873465729409,2.02009262310472,0.000534127654709579,0.00298352320427625,"Mz_vs_On","On higher"
"manba",28.0350120393329,-5.62941685355937,2.96711893039504,0.000539529109308587,0.00301063809271384,"Mz_vs_On","On higher"
"wfs1b",71.3362948910003,3.23709826874949,1.15090664647675,0.000543455174318621,0.00302947352492508,"Mz_vs_On","Mz higher"
"ankhd1",12.5958189187804,-4.51706548731898,1.77210391218008,0.000547193668241389,0.00304414515941772,"Mz_vs_On","On higher"
"AK6",25.6939532182083,3.00020879547787,1.02397840160465,0.000546743424225694,0.00304414515941772,"Mz_vs_On","Mz higher"
"eif2b5",113.463551221197,3.61708405258981,1.28125452297076,0.000547900003258976,0.00304499577568776,"Mz_vs_On","Mz higher"
"ddx6",14.6194275072983,-4.53927529247038,1.7323988815495,0.000549211611640366,0.00304920513344631,"Mz_vs_On","On higher"
"tomm20b",111.056558326112,-2.45194267934493,0.911722741145509,0.000570297012435025,0.00316307879275959,"Mz_vs_On","On higher"
"pdia6",80.2801819255876,2.95781559247651,1.03708106918686,0.000585726176647565,0.00324538310565449,"Mz_vs_On","Mz higher"
"atf6",65.4256280235626,4.47941560025587,1.62056708733924,0.000587810110261818,0.00325300571564395,"Mz_vs_On","Mz higher"
"rbp3",60.5354735903141,-2.39721125467554,0.898507339548076,0.000588284385144625,0.00325300571564395,"Mz_vs_On","On higher"
"coa3a",100.205807706508,3.63522853660625,1.28256532860657,0.000590601994138435,0.00325926998169476,"Mz_vs_On","Mz higher"
"oaz1b",17.1712547715568,-2.9731735059069,1.16202264333985,0.000590265231996484,0.00325926998169476,"Mz_vs_On","On higher"
"kcnc1b",37.9672157785967,4.23768511349535,1.59290866953726,0.000592912552406922,0.00326874234803896,"Mz_vs_On","Mz higher"
"dnajc17",9.85630371888471,-6.48467105246982,3.61308923595937,0.000596678225973034,0.00328620980911275,"Mz_vs_On","On higher"
"bdh1",45.0288351272643,-3.16883931833719,1.26725546846584,0.000604063826257527,0.00332355917206891,"Mz_vs_On","On higher"
"pi4kab",30.6922298176567,-4.12882600980579,1.99409479950579,0.000604698979933823,0.00332373005753836,"Mz_vs_On","On higher"
"hvcn1",43.164305598277,3.99261237813775,1.45281259977976,0.000617702351200404,0.00339181470689084,"Mz_vs_On","Mz higher"
"dgke",278.616106871564,-3.60900570390981,1.58599265742712,0.000631459656287176,0.00346389933089934,"Mz_vs_On","On higher"
"nudt1",64.0583414917959,4.26043481597027,1.63112723451802,0.000632948900614381,0.00346861040954215,"Mz_vs_On","Mz higher"
"snx3",85.4080438640541,2.64961752898562,0.936947959935322,0.000640539090251569,0.00350671251200411,"Mz_vs_On","Mz higher"
"col10a1b",48.2255181327042,2.9898112385108,1.12293791835194,0.000646098219974282,0.00353363062256312,"Mz_vs_On","Mz higher"
"gsg1l2b",27.2265147128292,-6.24901321834916,2.99360905441063,0.00064951780704314,0.00354880533699241,"Mz_vs_On","On higher"
"mettl13",19.7440687394383,4.48183163101434,1.68094753295768,0.000653266277216977,0.003565745096476,"Mz_vs_On","Mz higher"
"ivns1abpa",28.0960703975725,-2.89975476565065,1.15973714555158,0.000655864847698296,0.00357638096336573,"Mz_vs_On","On higher"
"gyg1a",52.0198089654436,2.01636486607985,0.682832952303636,0.000656530878792924,0.00357646821298878,"Mz_vs_On","Mz higher"
"tpi1b",32.1370455187173,-3.04307372334818,1.24296729947339,0.000657740349756651,0.00357951276395756,"Mz_vs_On","On higher"
"zgc:112356",80.4608117064832,3.70882495012274,1.34985983369738,0.00066161810814982,0.00359705813343904,"Mz_vs_On","Mz higher"
"myot",123.706131022479,-5.28507603169051,2.83842458529792,0.000674790671266075,0.00366505258964062,"Mz_vs_On","On higher"
"sod1",47.7847418709745,-2.94773322396942,1.22586022067662,0.000681583999070188,0.00369829897720333,"Mz_vs_On","On higher"
"rhag",20.8901551715445,-3.78317426462834,1.72555240210989,0.000688603146639031,0.00373270395350537,"Mz_vs_On","On higher"
"asb3",20.9300044980003,3.81506492789438,1.48013198042775,0.0006903015135389,0.00373822729083763,"Mz_vs_On","Mz higher"
"nid2a",62.9166910989768,2.89866066913044,1.03382820050494,0.000699827915021661,0.00378608966415849,"Mz_vs_On","Mz higher"
"sorcs2",5.9519274412956,-5.82976092780096,3.2301829628969,0.000701535876924749,0.00378967795682141,"Mz_vs_On","On higher"
"trnt1",30.4215753500869,4.16667722342352,1.52744465684587,0.000701868745547259,0.00378967795682141,"Mz_vs_On","Mz higher"
"abcc1",19.7988198944775,-3.5634958067914,1.55345217496928,0.000709585314117901,0.00382758666497715,"Mz_vs_On","On higher"
"tox4a",31.7506827619443,3.22819061357841,1.18502730132946,0.000711236457535766,0.00383273554295963,"Mz_vs_On","Mz higher"
"esf1",14.5511686671655,-3.47420273313256,1.43332625807626,0.000723798890319405,0.00389661594377433,"Mz_vs_On","On higher"
"dynlt3",50.9247413094946,-2.98604690390196,1.19473022936583,0.000736489084637356,0.00396105859596748,"Mz_vs_On","On higher"
"slc16a1b",85.3641018456989,3.60080312859745,1.37398838098268,0.000739896820912427,0.00397426340948073,"Mz_vs_On","Mz higher"
"tmem120b",32.5483279827886,3.58320543792121,1.35303375964931,0.000740388948512859,0.00397426340948073,"Mz_vs_On","Mz higher"
"fbxw10",10.1929334844098,5.82024520137915,2.92668330812236,0.000743532810012119,0.00398724904550358,"Mz_vs_On","Mz higher"
"dpm1",5.4943321968622,-5.84797823248996,3.27225763460331,0.000748848406784313,0.00401184414228558,"Mz_vs_On","On higher"
"rdh14b",23.276367142735,4.54402586015285,1.66080812857375,0.00075185503586807,0.00402403347018105,"Mz_vs_On","Mz higher"
"eif2s1b",710.51131975707,3.37408445311769,1.26181210023829,0.0007578786332002,0.00405233065098882,"Mz_vs_On","Mz higher"
"cnot8",59.0232124451919,3.25477535485788,1.1768579007237,0.000776795053384735,0.00414944309099302,"Mz_vs_On","Mz higher"
"fabp11b",155.574702666254,-3.94552629661625,2.1828596107814,0.000782239967951923,0.00417447556127204,"Mz_vs_On","On higher"
"WDR33",133.512566553165,2.74727899575642,0.99133083562586,0.000783894032841602,0.00417924900067296,"Mz_vs_On","Mz higher"
"cxcr5",98.6057355078911,2.9972056104686,1.11999767946494,0.000785104698720245,0.00418165155117017,"Mz_vs_On","Mz higher"
"mycbp",220.841192907453,3.68157868667141,1.4438789138767,0.000792060728108693,0.00421462101165767,"Mz_vs_On","Mz higher"
"csad",13.3217815377923,-5.38992595024093,2.19752610236322,0.000796484746951334,0.00423406674176448,"Mz_vs_On","On higher"
"shq1",46.4317193466676,3.32096920727656,1.25471336957983,0.00079823272293094,0.00423926297448459,"Mz_vs_On","Mz higher"
"eef1b2",91.6736790035834,-2.8757635680973,1.21882918201244,0.00080166337878863,0.00425337696248316,"Mz_vs_On","On higher"
"atp2b4",6.40671083435476,-5.96518236042998,3.40938682492006,0.000815957428405591,0.00432093476889004,"Mz_vs_On","On higher"
"ssr3",61.5087003875289,3.20441309433429,1.18461475571952,0.000815967143743503,0.00432093476889004,"Mz_vs_On","Mz higher"
"glod4",15.6060431254918,-4.68220324919397,2.30730466422062,0.000817986597353545,0.00432746371023,"Mz_vs_On","On higher"
"adam22",47.7479306172377,-4.82125694874331,2.82379870616981,0.000819208919960051,0.00432976702941421,"Mz_vs_On","On higher"
"nkx6.2",13.0784699212818,-5.2343151610699,2.21438161745787,0.000828931706615885,0.00437032603108002,"Mz_vs_On","On higher"
"chrac1",19.1305006120235,3.73556682015296,1.415913549252,0.00082890824786735,0.00437032603108002,"Mz_vs_On","Mz higher"
"ywhabb",65.5293650256713,-2.20352814984597,0.837316674176585,0.000829265789975925,0.00437032603108002,"Mz_vs_On","On higher"
"DYNC1I2",176.879181716936,2.61115011953608,0.9460403920779,0.000832378989750361,0.00438253512115453,"Mz_vs_On","Mz higher"
"psat1",9.05801881632383,-4.13876178860377,1.64593131321901,0.000840922919881629,0.00442328671624161,"Mz_vs_On","On higher"
"tdp2b",11.2957120230773,-3.78045969117861,1.59665740758866,0.000863684631919089,0.00453867511444014,"Mz_vs_On","On higher"
"opn3",18.0276108173466,5.05097595897012,1.90619189054546,0.000873470158307494,0.00458571833111434,"Mz_vs_On","Mz higher"
"galns",20.9597600617679,-3.86599502831461,1.73697196174226,0.00087837421875896,0.00460706859066902,"Mz_vs_On","On higher"
"cep104",36.3126729214687,3.26888928734328,1.22570005848994,0.000897572072114221,0.00470327765787852,"Mz_vs_On","Mz higher"
"eif4eb",49.8077098000205,3.81741599380626,1.46794261607315,0.000899210540819011,0.00470738001482987,"Mz_vs_On","Mz higher"
"serping1",700.665868872636,4.00418327693276,1.62845836985464,0.000902229746245482,0.00471421468551058,"Mz_vs_On","Mz higher"
"scrib",13.8866044333671,-3.38160084819042,1.48961383435589,0.000902145309215072,0.00471421468551058,"Mz_vs_On","On higher"
"tmod4",21.9306789997051,-3.03292586032999,1.32175560425372,0.000911232440964559,0.00475673708746395,"Mz_vs_On","On higher"
"hagh",18.6030463118502,-2.75977894268126,1.14869639826783,0.000927421519739599,0.00483665706313486,"Mz_vs_On","On higher"
"hmox2b",19.8365163571976,-3.25584750026599,1.46442888266037,0.000931928618491853,0.0048555599043013,"Mz_vs_On","On higher"
"fhl1a",784.105374681845,2.6512070483626,0.987405157822612,0.000932989125090253,0.00485648643921151,"Mz_vs_On","Mz higher"
"cd59",9.39328851847199,-6.05172879891385,3.62160313457097,0.000940661930306346,0.00488717841411286,"Mz_vs_On","On higher"
"selenot2",11.2279297775102,-3.67909195801493,1.64832393527669,0.000939892869466431,0.00488717841411286,"Mz_vs_On","On higher"
"si:ch211-191j22.3",10.5422613815837,-6.15362810026774,3.73849539818915,0.000946404833762449,0.00491237678807641,"Mz_vs_On","On higher"
"ddx21",116.228086098985,-3.02338032713238,1.37826629732426,0.000950168796285242,0.00492262591069812,"Mz_vs_On","On higher"
"RSBN1L",91.6671651721708,2.43232262335241,0.884927329673146,0.000949501399869006,0.00492262591069812,"Mz_vs_On","Mz higher"
"chst6",7.36163512570329,-6.14345149547135,3.85305417359207,0.000962730769306182,0.00498301476267414,"Mz_vs_On","On higher"
"rmnd1",289.951611694269,-3.41208339806269,1.71901672437355,0.00097875832846514,0.00506121083008948,"Mz_vs_On","On higher"
"cog2",13.7722828907076,-4.69871747369845,2.27742622134221,0.00100595845441294,0.00519697973350233,"Mz_vs_On","On higher"
"rgl2",16.1034549097607,-3.51227498144828,1.61631929137516,0.00100858734006101,0.00520079432522556,"Mz_vs_On","On higher"
"afdna",21.1928157697235,-3.45773769618024,1.62732843403516,0.00100814124366543,0.00520079432522556,"Mz_vs_On","On higher"
"ppcdc",11.2619254710791,4.46695292662292,1.75031623772442,0.00101724211753363,0.00524051135830526,"Mz_vs_On","Mz higher"
"fam160a2",9.98534999841199,-5.05694676085882,2.87370441105668,0.00102321993029261,0.00526637610521042,"Mz_vs_On","On higher"
"ank1a",20.6550298578355,-3.08434117357363,1.31522624302005,0.00103190069737827,0.00530609124950957,"Mz_vs_On","On higher"
"rab34b",90.5550546242347,-5.20805020060989,2.95261791323653,0.00103642514542657,0.005322017999955,"Mz_vs_On","On higher"
"chfr",234.150808228126,3.00062918917626,1.16940512042563,0.0010369326237644,0.005322017999955,"Mz_vs_On","Mz higher"
"fbxo3",81.4633741663733,2.40482873802216,0.890218882863652,0.00103967334429253,0.0053311115939399,"Mz_vs_On","Mz higher"
"armc9",14.2669883602931,4.31963763368616,1.63602162271422,0.00104835661236066,0.00537063136052919,"Mz_vs_On","Mz higher"
"fam78ab",30.5385977677888,3.30078975507801,1.2780159973084,0.00105359688098294,0.00539245585038898,"Mz_vs_On","Mz higher"
"katna1",8.66369748741062,-4.89134582232477,2.05781268403666,0.00107496408408294,0.00549670296526425,"Mz_vs_On","On higher"
"kpnb1",13.0372826605482,-3.34390861741711,1.5128692322963,0.00107984466214807,0.00551653234089012,"Mz_vs_On","On higher"
"unc13d",23.2994737988224,4.023000455073,1.58091650231434,0.00110389084373699,0.00562926163086162,"Mz_vs_On","Mz higher"
"RAP1GDS1",20.7678751557673,-3.97884307965956,1.68426221220946,0.00110498047279726,0.00562926163086162,"Mz_vs_On","On higher"
"gcn1",12.9430866538872,-3.57861191850091,1.65623001871948,0.00110496116505649,0.00562926163086162,"Mz_vs_On","On higher"
"strn3",9.48326272080004,-3.42420717834009,1.41354950124422,0.00111244458256558,0.00566204448961685,"Mz_vs_On","On higher"
"rgs14a",1813.45909714925,-0.121060776298302,1.03095814979138,0.00112484048866617,0.00571984507268137,"Mz_vs_On","On higher"
"bhmt",150.217370139263,-3.52082997836308,1.95931140381309,0.00112683906360269,0.0057247170156436,"Mz_vs_On","On higher"
"slc25a18",34.7681850830328,3.45384992945919,1.36489913997752,0.00112910681609003,0.00573094621967469,"Mz_vs_On","Mz higher"
"pstpip2",10.6057862103819,4.3059445810162,1.67502609994852,0.00113196670441036,0.00574016664300996,"Mz_vs_On","Mz higher"
"mdga1",8.98636726514694,-6.18095073572239,4.19191036401538,0.00113714270801162,0.00575338517230502,"Mz_vs_On","On higher"
"ddb2",16.2613453744704,4.00883822504971,1.54832841540364,0.00113803913405942,0.00575338517230502,"Mz_vs_On","Mz higher"
"zgc:194275",21.7656904098869,-3.65959732804223,1.93377248500804,0.00113875617096332,0.00575338517230502,"Mz_vs_On","On higher"
"qrich1",159.556403328719,2.86173827043574,1.10294477317315,0.00113788786244504,0.00575338517230502,"Mz_vs_On","Mz higher"
"lamtor3",26.6430156933733,-3.56766656412425,1.82895223221848,0.00114303932965531,0.00576972696492066,"Mz_vs_On","On higher"
"cenpv",12.0341521998016,-3.71626895693872,1.77919840319262,0.00114662731752206,0.00578253299817268,"Mz_vs_On","On higher"
"trir",77.8414568086667,3.47850663366756,1.34658469880329,0.00114832087540191,0.00578502966826676,"Mz_vs_On","Mz higher"
"pik3r1",24.9471861298508,-2.51397694289254,1.04548324651311,0.00114922526852337,0.00578502966826676,"Mz_vs_On","On higher"
"hexdc",265.429725182741,2.18429202777851,0.804768041504946,0.0011699918757947,0.00588418217607169,"Mz_vs_On","Mz higher"
"ccdc9",11.5572752126729,-3.92635089125121,1.81246838730384,0.00117673750781927,0.00591270298449465,"Mz_vs_On","On higher"
"shank1",10.2605194231017,-3.9056730724589,1.73799348424651,0.00118239357154796,0.00593570203527088,"Mz_vs_On","On higher"
"gmcl1",344.105366141888,2.11409030776275,0.781405898578257,0.00122156958303776,0.0061267783462842,"Mz_vs_On","Mz higher"
"abraxas2",23.4807787450348,3.52282964623157,1.43411953557817,0.00123086057778248,0.00616760303316141,"Mz_vs_On","Mz higher"
"yy1b",32.8162071848566,-2.18562902887423,0.870796879744482,0.0012319512419928,0.00616760303316141,"Mz_vs_On","On higher"
"pdia3",66.2592725567168,-3.08756249856576,1.52873587152032,0.00126474755262264,0.00632603730411799,"Mz_vs_On","On higher"
"pcyt1aa",3221.97152896052,-3.69481745973105,1.59350673528981,0.00127886911154984,0.00639086090076952,"Mz_vs_On","On higher"
"ptpn1",32.9470624803935,-2.98260312424484,1.43365373242076,0.00129433309530829,0.00646226922902558,"Mz_vs_On","On higher"
"C12orf65",7.15339360522699,-4.57531802068264,1.88347853860857,0.00129615934271123,0.00646552013018782,"Mz_vs_On","On higher"
"ndufb5",14.0262696560288,-3.12793820893765,1.38903007241575,0.00129983699269289,0.00647799196901837,"Mz_vs_On","On higher"
"ilf2",187.2418605894,-2.47224784213037,1.05932339734104,0.00132302275805377,0.00658757576001069,"Mz_vs_On","On higher"
"akap8l",21.9615197473249,-2.21923371904922,0.895580629806779,0.00132572343681569,0.00659505456542487,"Mz_vs_On","On higher"
"ube2s",9.94095559112714,-4.860618704827,2.23029857351172,0.00132746259585185,0.00659774092355634,"Mz_vs_On","On higher"
"zmat2",16.3824035946206,-3.23733465721433,1.51622676081568,0.0013347988216232,0.00662821580917946,"Mz_vs_On","On higher"
"zmynd8",10.3333749849638,-3.25933910310762,1.49964324942543,0.00134917055635931,0.00669354048790707,"Mz_vs_On","On higher"
"ncbp3",7.67826966439978,-4.54095105674981,1.84929039387028,0.00135554355423073,0.00671909967151124,"Mz_vs_On","On higher"
"march7",110.955845672494,-2.39299090604343,0.977164054687692,0.00137970162080513,0.00683268975487831,"Mz_vs_On","On higher"
"trappc11",9.11559387212429,-4.01727810012557,1.82944578052351,0.00138504975437184,0.006853006968124,"Mz_vs_On","On higher"
"vcp",42.498296330834,-2.35619605154912,0.992904960441533,0.0013889458460789,0.00686610965420138,"Mz_vs_On","On higher"
"naa20",302.753125835358,2.25825440774588,0.856205736437625,0.00139192774441969,0.00687467365331878,"Mz_vs_On","Mz higher"
"chd2",18.8141052674312,-2.84667067188037,1.30766315229345,0.00140403357191779,0.00692824458537371,"Mz_vs_On","On higher"
"mprip",17.352570729697,-2.53236489034288,1.08678777285648,0.00141130812020487,0.00695790078617134,"Mz_vs_On","On higher"
"hpcal4",18.9628415072013,-3.6276112931363,1.94564509233766,0.00141393628531071,0.00696461722630217,"Mz_vs_On","On higher"
"fam120b",5.54288868911552,-5.14776630777523,3.17005498208559,0.00142205200155083,0.00699789409019735,"Mz_vs_On","On higher"
"si:ch211-197h24.6",41.0626126749227,-2.55195456525842,1.09403706492295,0.00142323582096162,0.00699789409019735,"Mz_vs_On","On higher"
"notch3",62.5869868600084,2.4733128292326,0.953132030810784,0.00142893661797363,0.00701965113579547,"Mz_vs_On","Mz higher"
"ubap2a",394.49801931756,2.83845450195727,1.12238682937137,0.00143150826905751,0.00702601114750618,"Mz_vs_On","Mz higher"
"fam199x",32.1770437094506,2.63403286748278,1.04704192459227,0.00143730273150091,0.00704816366195899,"Mz_vs_On","Mz higher"
"FYN",7.73606995430466,-3.81615287814574,1.76473531740794,0.00144410984506627,0.00707359856475006,"Mz_vs_On","On higher"
"clic2",13.5145005276786,-3.65161554182367,1.91773486719096,0.00144506084819685,0.00707359856475006,"Mz_vs_On","On higher"
"CTSZ",17.1198184374587,3.73767182727513,1.51948549764262,0.00146757014114259,0.00717739637028138,"Mz_vs_On","Mz higher"
"bco2a",14.5254879168384,-2.9044566397855,1.32655888443371,0.00147278988868222,0.00719652750224652,"Mz_vs_On","On higher"
"xbp1",26.2098843142184,-3.71349892225998,2.22679471438924,0.00147416891901396,0.00719687434996876,"Mz_vs_On","On higher"
"tubgcp4",59.9514703375616,2.95716500624814,1.21922782229475,0.00149427433783371,0.00728856153081656,"Mz_vs_On","Mz higher"
"mrpl45",37.243088659316,3.21442833768237,1.31297761447359,0.00153176811301533,0.00746482564907914,"Mz_vs_On","Mz higher"
"arfgef1",8.31291105659558,-3.27420017657573,1.44020579500041,0.00154827639200553,0.00753859885735789,"Mz_vs_On","On higher"
"cox5ab",12.0342286395643,-3.10490194197937,1.48792632508465,0.00155243329171863,0.00755215558889118,"Mz_vs_On","On higher"
"gna13b",12.3414120214095,-3.1692294570277,1.5297256682479,0.00155826303500173,0.00757381909768507,"Mz_vs_On","On higher"
"slc4a1a",32.5572917840306,-3.28523046506295,1.7960843071321,0.00156087594985804,0.00757850062056984,"Mz_vs_On","On higher"
"herc2",37.0955022470308,-2.99825529801999,1.53875773029508,0.00156198104393424,0.00757850062056984,"Mz_vs_On","On higher"
"sh2d1ab",64.2325801045647,3.39771175792875,1.38521785396656,0.00157032805958645,0.00761228632937857,"Mz_vs_On","Mz higher"
"abca12",13.1568766707809,-4.78398438375103,2.14321022999371,0.00158067665461696,0.00765570682544237,"Mz_vs_On","On higher"
"usf1",13.6676204509357,-3.94785641836136,2.28768978923716,0.00160087139016141,0.00773210251095289,"Mz_vs_On","On higher"
"git2a",24.6365877137427,3.20252702761061,1.30550667977104,0.00159965166784199,0.00773210251095289,"Mz_vs_On","Mz higher"
"rcl1",311.438024354279,2.90362949128161,1.18528693450493,0.00159805227740758,0.00773210251095289,"Mz_vs_On","Mz higher"
"acbd7",26.5169063184453,-2.80857291130392,1.35048942727838,0.00160207140357803,0.00773210251095289,"Mz_vs_On","On higher"
"csnk2a4",57.5691713590309,2.36699188976391,0.934619502057145,0.00163560362971966,0.00788702118380156,"Mz_vs_On","Mz higher"
"cdk5rap3",44.7578457685137,-3.80351396495978,3.49821279843584,0.00164544090079804,0.00792750948878357,"Mz_vs_On","On higher"
"aspa",7.23220819493898,-5.29981402487773,3.51358075628199,0.00165216118737555,0.0079529228809626,"Mz_vs_On","On higher"
"YBX2",28.7605143005265,4.39161522823245,2.09174198614196,0.0016575961962574,0.00797211037745472,"Mz_vs_On","Mz higher"
"ssna1",38.9626621515176,2.57202990970318,1.02642467431723,0.00165967445983939,0.00797513439129811,"Mz_vs_On","Mz higher"
"spcs2",21.742488837936,-3.24454725876048,1.59809973417803,0.00166652914229504,0.00800108493970968,"Mz_vs_On","On higher"
"pard3ab",23.6274165702931,3.35289546225375,1.38891581508689,0.00166850644636959,0.00800359413071098,"Mz_vs_On","Mz higher"
"per1b",19.4398400311568,-2.55154213933233,1.1506693743808,0.00167404095955402,0.00802314752566743,"Mz_vs_On","On higher"
"ccdc58",7.6691469666264,-5.6791732146438,4.67361890102622,0.00168337318396165,0.00805700388317014,"Mz_vs_On","On higher"
"chac1",18.745725444393,-3.49277665423395,1.91171233386576,0.00168503463323935,0.00805700388317014,"Mz_vs_On","On higher"
"grb10b",12.5909647297889,-3.04692132340434,1.43621766846821,0.00168549826781695,0.00805700388317014,"Mz_vs_On","On higher"
"fmnl2a",59.8863241176292,2.97910666557116,1.20537400633417,0.00168830626969838,0.00806342109017405,"Mz_vs_On","Mz higher"
"DOCK2",15.7661641633794,-2.68521197035381,1.22400129886369,0.00169744211405239,0.00810002299350934,"Mz_vs_On","On higher"
"INPP5A",20.5048648162096,3.45133811891762,1.43682939552913,0.00169920839996465,0.00810142514437217,"Mz_vs_On","Mz higher"
"arhgap11a",19.112162765836,-4.58734049857176,3.19227836742178,0.00170928246317592,0.00813883770188556,"Mz_vs_On","On higher"
"zgc:86839",20.1552998110616,-3.56949737403155,2.10525712497414,0.00171001388283892,0.00813883770188556,"Mz_vs_On","On higher"
"metap2b",101.726040436327,-2.82872881210624,1.44779062564256,0.00171286127994325,0.0081453437875953,"Mz_vs_On","On higher"
"tmbim1a",154.301676233875,2.86565380827458,1.13719962793606,0.00171627287435585,0.00815451930458193,"Mz_vs_On","Mz higher"
"atxn7",24.3494428024482,-4.41981504714824,1.80072178623821,0.0017222823530176,0.00817601165341057,"Mz_vs_On","On higher"
"tsen34",10.4743498266279,-4.87094458829185,2.34478947427402,0.00172403684012317,0.00817728508134282,"Mz_vs_On","On higher"
"stk38a",45.149779315595,3.12684552947306,1.26915149177428,0.00180168329847076,0.00853820974003971,"Mz_vs_On","Mz higher"
"RAB39B",16.7769815410739,4.2150557163889,1.91846791715141,0.00180588135330061,0.00855073941984504,"Mz_vs_On","Mz higher"
"pigb",107.089725332379,-2.32689735562711,1.04204877779712,0.00181371228859718,0.00858043423203929,"Mz_vs_On","On higher"
"txndc5",136.549043508895,3.03096190034718,1.27564095476854,0.00182147399758546,0.00860975080301992,"Mz_vs_On","Mz higher"
"golgb1",29.1364484575289,2.44059394270982,0.970705981124174,0.00183926470014666,0.0086863814422377,"Mz_vs_On","Mz higher"
"col11a1a",21.0932226304132,-3.45904951760622,2.10473340198287,0.00184483590047031,0.00870522051834275,"Mz_vs_On","On higher"
"ier3ip1",9.91911787423638,-3.99446071405903,2.21703725739769,0.00184965770040307,0.00872049414534508,"Mz_vs_On","On higher"
"qrsl1",37.0721180794622,3.4764626542532,1.49716624299593,0.00185666048369692,0.008746015394949,"Mz_vs_On","Mz higher"
"sesn1",19.0628899845584,-2.74452881188633,1.31348649380682,0.00187585092437271,0.00882885524884401,"Mz_vs_On","On higher"
"atf1",32.8058370638946,3.22477671608544,1.33092824990163,0.0018808215777705,0.00884412681969133,"Mz_vs_On","Mz higher"
"sema3ga",56.4198363737227,2.75310793015767,1.1517734901485,0.00188231052451082,0.00884412681969133,"Mz_vs_On","Mz higher"
"tmed2",10.6972893914534,-4.78182297555321,2.27475286145881,0.00189453477016873,0.00888484643210658,"Mz_vs_On","On higher"
"vdac3",71.329002928654,-4.61976262097731,2.86535941619129,0.0018938965359173,0.00888484643210658,"Mz_vs_On","On higher"
"ppp4cb",17.4104031655789,-2.84815452858624,1.41478925402192,0.00189582146697439,0.00888484643210658,"Mz_vs_On","On higher"
"gpx4b",77.1771190423992,-2.19531598008114,0.957802295745537,0.0019057502539729,0.00892377693392246,"Mz_vs_On","On higher"
"parietopsin",10.3349376962799,-0.716243062546402,1.44890417198179,0.00191894560065357,0.00897792406020063,"Mz_vs_On","On higher"
"nln",22.4222437965182,-3.7893900092823,2.59362286686353,0.00192643498633948,0.00900530611286304,"Mz_vs_On","On higher"
"zgc:162297",25.509181675565,-3.27721104782517,1.98587934653107,0.0019285180309642,0.00900739066754248,"Mz_vs_On","On higher"
"cdc42se2",38.0352008315127,2.86628469365189,1.23716579558587,0.00194138664684883,0.00905980435196119,"Mz_vs_On","Mz higher"
"zdhhc6",26.206244059874,3.39244388734232,1.41754849843575,0.00203569580990528,0.00948658588747431,"Mz_vs_On","Mz higher"
"SLC25A29",16.6516344258636,3.10920246756526,1.29333820094993,0.00203628824665706,0.00948658588747431,"Mz_vs_On","Mz higher"
"p2rx3a",8.24856647351367,5.57201132659236,3.21559776362545,0.00204241199715534,0.00950706498168249,"Mz_vs_On","Mz higher"
"mlf2",10.7296445360331,-3.25769064717115,1.73920167857576,0.00204762431537497,0.00952327048452501,"Mz_vs_On","On higher"
"lim2.3",19.0790531757776,-2.7850108218612,1.41849344968633,0.00205608253245142,0.00955453217360447,"Mz_vs_On","On higher"
"prdx2",792.500026596281,2.48866605434667,1.02082355275519,0.00208167131971351,0.00966527898823945,"Mz_vs_On","Mz higher"
"mrpl4",14.8986726789875,-3.28921088841114,1.84107314816827,0.00208524981034816,0.0096737305704347,"Mz_vs_On","On higher"
"scaf1",14.930229150507,-2.37879878428039,1.04826475072969,0.00210773559496272,0.00976980728179013,"Mz_vs_On","On higher"
"snf8",82.7413932163281,-3.35909545015573,1.49456257258377,0.00212056688157088,0.00982100924444695,"Mz_vs_On","On higher"
"rpl18a",287.68176117844,-3.30250711867246,2.72573870509883,0.00212641880645029,0.00983982865692977,"Mz_vs_On","On higher"
"ece2b",11.1715552563872,-2.81521370243576,1.31896872814735,0.00213008165555211,0.00984849518390565,"Mz_vs_On","On higher"
"gpc1b",10.0994729219295,-3.78630467676205,1.89750053653519,0.00215187194796651,0.00993254988063066,"Mz_vs_On","On higher"
"spcs3",30.319337852122,-2.76612989793082,1.43297250001171,0.00215135865483964,0.00993254988063066,"Mz_vs_On","On higher"
"TSC22D3",25.1833751206036,-2.22301846996938,0.990073676801302,0.00218554705684081,0.0100795305169641,"Mz_vs_On","On higher"
"arcn1b",12.7094116564779,-3.2527704164673,1.7214641129887,0.00219420367875522,0.0101109787608972,"Mz_vs_On","On higher"
"vapal",15.9110541653673,-4.13252711096127,2.69307647891344,0.00223561392130621,0.0102931780711521,"Mz_vs_On","On higher"
"arnt2",7.36918175171795,-3.4764153743078,1.67277880628829,0.00224943810635991,0.0103481676096925,"Mz_vs_On","On higher"
"C12orf57",37.4848902178075,2.77988011882532,1.18965437724902,0.0022716070623911,0.0104414219359029,"Mz_vs_On","Mz higher"
"cpsf3",616.014413565817,2.06746806308861,0.833485681385355,0.00230839315423688,0.0106016520322298,"Mz_vs_On","Mz higher"
"irf2bp2b",8.06223443889404,-3.80056208603561,1.91421899045448,0.00232274878489479,0.0106586854165898,"Mz_vs_On","On higher"
"arl6ip5a",11.0921498403217,-4.00801049457928,2.60399267651408,0.00232630592998015,0.010666112688959,"Mz_vs_On","On higher"
"psmc4",18.4115182318237,-2.73296397857283,1.38824958710161,0.00235160811008245,0.0107731455634252,"Mz_vs_On","On higher"
"serp1",45.4694091131926,-2.92322647032415,1.71502700211053,0.00235987082279857,0.0108020043818949,"Mz_vs_On","On higher"
"slc33a1",132.637351276501,2.96575217823079,1.25309566258298,0.00236733267128534,0.0108271524168013,"Mz_vs_On","Mz higher"
"vti1a",10.6041105293789,3.58608731776175,1.636633760428,0.0023724184181691,0.0108414004458193,"Mz_vs_On","Mz higher"
"stom",439.470664885721,0.379672940382423,1.12486822072543,0.0023845174348058,0.010887647241744,"Mz_vs_On","Mz higher"
"hs3st1l2",432.983878802012,-0.13843078487519,1.03429904123295,0.00241131383241286,0.0110008695737443,"Mz_vs_On","On higher"
"tax1bp1a",23.3985479051228,-2.81854462427061,1.51589380684736,0.00242814007447146,0.0110592936173361,"Mz_vs_On","On higher"
"marcksl1a",202.939794176391,-1.90938266123738,0.815796442434644,0.00242789153107924,0.0110592936173361,"Mz_vs_On","On higher"
"adamtsl5",49.4296272627237,-2.95398289468705,1.53923299493655,0.00243275631705963,0.0110711540582813,"Mz_vs_On","On higher"
"stk11",28.2099739255551,-3.4015921978876,2.87751625912964,0.00247312150043223,0.011245549169734,"Mz_vs_On","On higher"
"smarcad1a",142.96194449548,3.24695578711972,1.45126613032288,0.00248352606580488,0.0112835346111135,"Mz_vs_On","Mz higher"
"ttc5",25.9337959650134,2.40725483620098,1.01055696449551,0.00248592333741983,0.011285107427792,"Mz_vs_On","Mz higher"
"itih6",31.1397274711547,-4.34874195281464,2.85527165097862,0.00251884732032594,0.0114157314303405,"Mz_vs_On","On higher"
"hexb",143.679184670336,2.74743948649079,1.19317289465626,0.00251804740735774,0.0114157314303405,"Mz_vs_On","Mz higher"
"nme6",17.8389705021522,3.24759407362591,1.54209762322483,0.00255676489290166,0.0115780415150164,"Mz_vs_On","Mz higher"
"polr3e",6.73113926275551,-4.35175500415692,2.10225515348273,0.00256319070226474,0.0115880651141008,"Mz_vs_On","On higher"
"TCF7L1",26.3441456642312,-2.97545279324446,1.79133954459691,0.0025623548025253,0.0115880651141008,"Mz_vs_On","On higher"
"LAPTM4B",9.03136738663164,-4.32996397788303,2.25338821225498,0.00260714558524874,0.0117729671975015,"Mz_vs_On","On higher"
"cdc23",19.778377060733,3.19267740578297,1.37546017684867,0.00260836914099497,0.0117729671975015,"Mz_vs_On","Mz higher"
"hif1aa",232.772551934528,1.87569175051648,0.749166791658209,0.00263821067532759,0.0118978976521741,"Mz_vs_On","Mz higher"
"alas2",137.888572137253,-2.68491914495998,1.51216590020416,0.00264299617511332,0.0119097174082502,"Mz_vs_On","On higher"
"trpv1",8.83275356739331,-3.65325138793758,1.88481547092249,0.00270418842437693,0.0121655312435992,"Mz_vs_On","On higher"
"nfkbiaa",8.29984888160594,-0.675107911544255,1.39263949470901,0.00270396239718402,0.0121655312435992,"Mz_vs_On","On higher"
"elmsan1a",8.5399822443251,-3.25926148733268,1.77897008786536,0.00271066803787729,0.0121847185820268,"Mz_vs_On","On higher"
"entpd5a",37.3267646312205,2.88489117043871,1.32735201369434,0.00272504874958409,0.0122393618124177,"Mz_vs_On","Mz higher"
"aldh1l1",50.0552552952127,3.71276846237647,1.75154144646321,0.00273068382796586,0.0122483868447942,"Mz_vs_On","Mz higher"
"nab2",7.47984615957909,3.61277565104178,1.72067039584774,0.00273151047956425,0.0122483868447942,"Mz_vs_On","Mz higher"
"pex3",10.7651007372981,-3.60637445613176,2.36061355926006,0.00274114137301447,0.0122815633830013,"Mz_vs_On","On higher"
"ndrg1a",393.036393169294,2.28474772580596,0.971907392767881,0.00275379519153499,0.0123282189941624,"Mz_vs_On","Mz higher"
"pbk",10.3966144631282,-4.41644653263028,3.15353407207465,0.00277743674518461,0.0124239487577282,"Mz_vs_On","On higher"
"dlst",21.46854383292,-2.6174380878834,1.37507541386254,0.00278093299922454,0.0124294828283781,"Mz_vs_On","On higher"
"FUCA1",8.9845113793906,-3.68703136319514,1.9310547333281,0.00280819339405142,0.0125411364075251,"Mz_vs_On","On higher"
"zgc:153018",6.30222200134644,-4.55738726943744,3.303645039929,0.00281609690221921,0.0125662328921412,"Mz_vs_On","On higher"
"pin1",19.3161008317988,-3.449559022452,1.61070023610287,0.00282528331074289,0.0125970087323399,"Mz_vs_On","On higher"
"mtor",9.52340094859973,-3.02271157223885,1.64767146376378,0.00283640542888621,0.0126363584370299,"Mz_vs_On","On higher"
"tyr",25.6137377439952,-3.12578600179846,1.77333556875661,0.00284736394204712,0.0126749161886272,"Mz_vs_On","On higher"
"rgrb",57.3355089718867,-2.93374713485015,1.94653624213102,0.00289177244422234,0.0128621923913592,"Mz_vs_On","On higher"
"ciapin1",47.8963833702534,2.75557110709101,1.2154261528844,0.00290496396378714,0.0129104295062656,"Mz_vs_On","Mz higher"
"nrbp1",11.8434013402286,-2.65971388884832,1.36472811736885,0.00294418205315141,0.0130741643716215,"Mz_vs_On","On higher"
"afap1l1a",58.1801922884479,3.97166794325596,1.92695391176537,0.00298308487327479,0.0132362362683531,"Mz_vs_On","Mz higher"
"virma",21.0867213976467,-2.77828629694109,1.57360344409142,0.00299710487283499,0.013287728453133,"Mz_vs_On","On higher"
"ndnl2",13.9312740130336,-3.04182979959294,1.85902848950998,0.00300073117424704,0.0132930941390557,"Mz_vs_On","On higher"
"tmed9",8.58725942021084,-3.17252414660234,1.74237462822556,0.00300910309705423,0.0133185376613309,"Mz_vs_On","On higher"
"tfa",49.8230175775188,-3.10954955232972,2.74228020059277,0.00301131603974838,0.0133185376613309,"Mz_vs_On","On higher"
"pip4p1a",21.0885881566698,-2.97333605476718,1.92237915945759,0.00301590249436597,0.0133281088546197,"Mz_vs_On","On higher"
"ptpn23a",6.18616103491885,-4.73010981708749,5.18012427270242,0.0030403709115432,0.0134254580700728,"Mz_vs_On","On higher"
"gclc",11.5246546616276,-2.65381905252021,1.4033753675573,0.00304954072901195,0.0134551508348226,"Mz_vs_On","On higher"
"calcoco1b",135.146272471161,9.06488568857737,8.27472550603898,0.00306499508717183,0.0135031031706486,"Mz_vs_On","Mz higher"
"lrrc29",90.919213095509,3.36625703350828,1.52432830040977,0.00306531731372956,0.0135031031706486,"Mz_vs_On","Mz higher"
"snap47",21.1810169049749,-3.07010627065523,2.08816772801872,0.00308082641481984,0.013560565547471,"Mz_vs_On","On higher"
"tsta3",39.8980602172669,3.26465685725713,1.44344547406049,0.00309445173059,0.0136096510165517,"Mz_vs_On","Mz higher"
"fn1b",360.829317741883,3.21578984262535,1.5337251238106,0.00311502469055797,0.0136891899740016,"Mz_vs_On","Mz higher"
"kdelr3",50.1682752134908,2.66446460458704,1.1787953704376,0.00312340981030307,0.0137150844184258,"Mz_vs_On","Mz higher"
"sec23a",18.4266487940391,-2.91509437760882,1.75860969043168,0.00314338373804858,0.013780794682664,"Mz_vs_On","On higher"
"supt6h",19.9836947424723,-2.15591645120484,1.02091162750376,0.0031425973798484,0.013780794682664,"Mz_vs_On","On higher"
"vps26c",110.806792237939,-3.5232862276515,1.98852406837403,0.00315886615293302,0.0138376445648387,"Mz_vs_On","On higher"
"gabpb2a",58.6383111978651,2.10431655191007,0.893153253581571,0.00318993693081439,0.013962635635116,"Mz_vs_On","Mz higher"
"sugct",10.9082921229501,-2.95325326739938,1.69611818895254,0.00320034538908843,0.0139970590864583,"Mz_vs_On","On higher"
"rpl4",930.705938098945,-2.50901764245657,1.43092162655648,0.00322513670379214,0.0140830969398924,"Mz_vs_On","On higher"
"zgc:158803",13.1298828289234,-2.36452681436804,1.15347256327676,0.00322366754788505,0.0140830969398924,"Mz_vs_On","On higher"
"fbxo10",7.95262396600747,-2.93309596376831,1.57442914180256,0.00324714720373784,0.0141679650396238,"Mz_vs_On","On higher"
"fbl",19.1560787160731,-2.48113817542557,1.31935503004616,0.00327418103915942,0.0142745991105033,"Mz_vs_On","On higher"
"smad3b",44.9054139373958,-2.14450182846874,1.03301405512841,0.00328433096747392,0.0143075130507059,"Mz_vs_On","On higher"
"klf11a",10.196967285283,-3.37557063167888,1.7301915688783,0.00331821312574083,0.0144436777039763,"Mz_vs_On","On higher"
"C14orf119",14.5819931475497,-4.55128475495327,4.01141825283183,0.00332523144786515,0.0144591620206823,"Mz_vs_On","On higher"
"ttc7a",14.3235779854818,-3.34689037618832,2.99348068038502,0.00332702637553322,0.0144591620206823,"Mz_vs_On","On higher"
"b3gnt9",9.5181094657264,-4.31120404182235,2.46987263269262,0.00333595375860153,0.0144865174268552,"Mz_vs_On","On higher"
"map7d1a",7.44493545234988,-3.25698713907137,1.8713491357168,0.00333994028283658,0.0144923907225291,"Mz_vs_On","On higher"
"adrm1",106.482742949103,2.46090644156886,1.10278247386089,0.00334675859476785,0.0145105325361802,"Mz_vs_On","Mz higher"
"usp4",2038.24961450657,-2.25241351151956,1.11465602331946,0.00336166145834039,0.01456367034944,"Mz_vs_On","On higher"
"gnpat",8.99654023684096,-3.74863769901418,2.63598654069881,0.00336522956347083,0.014567657795607,"Mz_vs_On","On higher"
"nbeal2",8.19170005513697,-4.172271231966,2.45086154871802,0.00339403210758392,0.0146692573887877,"Mz_vs_On","On higher"
"sostdc1a",12.07056632739,-3.32753335334994,2.71116952690685,0.00339392625950433,0.0146692573887877,"Mz_vs_On","On higher"
"si:ch211-285f17.1",17.811382110069,-2.92593306984295,1.89100725648485,0.00341680976680149,0.0147561125093735,"Mz_vs_On","On higher"
"supt16h",8.24589708324035,-3.25430861986801,1.96202582156323,0.00345218911502689,0.0148957670423601,"Mz_vs_On","On higher"
"ap3d1",20.7884764007754,-2.49401446471698,1.35833928407427,0.00345456174955498,0.0148957670423601,"Mz_vs_On","On higher"
"pbxip1a",41.9835612544889,-2.05386007601034,0.981454050592494,0.00347310534323109,0.0149639981193872,"Mz_vs_On","On higher"
"derl3",9.35922990739291,-3.72360655610153,2.71213567586453,0.00350201784899326,0.0150767622888583,"Mz_vs_On","On higher"
"rad17",31.9942589711451,3.60418957838,1.76773203934184,0.00351624992704002,0.015126197887861,"Mz_vs_On","Mz higher"
"aipl2",10.6971609783254,-4.26074507533342,3.3061349218199,0.0035265669133217,0.0151587274664812,"Mz_vs_On","On higher"
"rasa1a",85.8609167579986,1.86678133054813,0.790657285001206,0.00353147113970349,0.015167958009874,"Mz_vs_On","Mz higher"
"rmdn1",29.13582624748,3.29243010462333,1.56343530204627,0.00354163218816121,0.015199735022826,"Mz_vs_On","Mz higher"
"psmb8a",6.55162316791794,-4.4841423238396,4.4680830774289,0.00356052299921079,0.0152688990971612,"Mz_vs_On","On higher"
"WDR25",37.8885684107387,-2.77738916023737,4.37679299491513,0.00357113534763043,0.0153024818400799,"Mz_vs_On","On higher"
"dmtn",13.7072239643486,-3.14692872257807,2.31921192477774,0.00357515701993844,0.0153077929367325,"Mz_vs_On","On higher"
"SELENOP",118.004738975941,-2.69480223320752,1.87347985200037,0.00358863487888979,0.0153535529577384,"Mz_vs_On","On higher"
"si:ch211-217a12.1",740.897694869235,-2.19433792195502,1.04164475439276,0.00359186034074837,0.01535541227257,"Mz_vs_On","On higher"
"alx1",13.7859226738296,-3.48985786151638,3.82333880456631,0.00360663971819516,0.0154022788516554,"Mz_vs_On","On higher"
"lrrc18a",9.75120364277781,3.35147105396369,2.74580765110009,0.00360842192653287,0.0154022788516554,"Mz_vs_On","Mz higher"
"C14orf28",19.2870421383149,-3.91145021256887,2.80761624492005,0.00361585773004855,0.0154220536672303,"Mz_vs_On","On higher"
"tsnax",6.82766382623409,-4.27675567878638,3.41260763407191,0.0036336200990744,0.0154854151144552,"Mz_vs_On","On higher"
"mos",10.756248572616,-4.23972943906361,3.52979339780192,0.00363634248053002,0.0154854151144552,"Mz_vs_On","On higher"
"mcl1b",43.9987206118484,-2.80097656219669,2.12134456363659,0.00364970747073309,0.0155303097478526,"Mz_vs_On","On higher"
"zgc:154058",17.2267558500648,4.28850226651649,2.14601122885486,0.00365681653817632,0.0155485352341933,"Mz_vs_On","Mz higher"
"agbl5",39.4245092225696,2.61498101266575,1.23753466627692,0.00368017981632564,0.015635791003416,"Mz_vs_On","Mz higher"
"ybx1",846.563245633817,-2.42959865770795,1.39958817111243,0.00369279369899203,0.0156772769535912,"Mz_vs_On","On higher"
"camkk1a",11.1552770843751,3.13079588101825,1.56379036163227,0.00370147774426756,0.0156899310854855,"Mz_vs_On","Mz higher"
"ppwd1",216.231535162511,2.15437186204322,0.947470471520479,0.00370011930743614,0.0156899310854855,"Mz_vs_On","Mz higher"
"hnf1a",95.1829330714295,2.05530598910249,0.917298777715337,0.00370871270809366,0.0157084967820872,"Mz_vs_On","Mz higher"
"zgc:112334",124.914470155587,3.61756442840376,1.82479975730437,0.0037227396818251,0.0157557797918475,"Mz_vs_On","Mz higher"
"esco2",10.4299170872657,4.67208514027255,2.89314599048219,0.00372697116118337,0.0157615644341513,"Mz_vs_On","Mz higher"
"si:ch211-48m9.1",8.9613622230015,-3.60578359059862,2.29902188588083,0.00375652225436003,0.0158743359781021,"Mz_vs_On","On higher"
"zgc:136864",14.3810674766326,-2.94393941312515,1.66448813291776,0.00377805147172539,0.0159408276053935,"Mz_vs_On","On higher"
"antxr1d",12.3602523721474,-2.75988055464943,1.66502688848994,0.00377524011918264,0.0159408276053935,"Mz_vs_On","On higher"
"atp1b1a",236.855160498376,-1.71022773663414,0.750118109446844,0.00381219225092642,0.0160725530763196,"Mz_vs_On","On higher"
"pla2g1b",12.5876607048265,3.09850203276331,1.60121885868283,0.00381612906257242,0.016076831625018,"Mz_vs_On","Mz higher"
"akr1a1a",11.9764024907042,-3.07194579530107,2.00531958769813,0.00384083347644474,0.016168527763886,"Mz_vs_On","On higher"
"st7",35.6986854950844,3.06191427295192,1.62397838096821,0.00385452728296497,0.0162013820556709,"Mz_vs_On","Mz higher"
"rab20",695.47310479061,2.47650911949382,1.14524461381879,0.00385414941252309,0.0162013820556709,"Mz_vs_On","Mz higher"
"twf1a",88.0507728496103,2.25739252843594,1.01492162949408,0.00386322524796018,0.0162255460414328,"Mz_vs_On","Mz higher"
"hdhd3",179.001721650099,2.64618644463195,1.24855131267449,0.00389942132392287,0.016365077135182,"Mz_vs_On","Mz higher"
"ppp2r5cb",12.2516062918406,-2.43332893923011,1.28624289395288,0.00392504394866218,0.0164600547298318,"Mz_vs_On","On higher"
"cldn15lb",364.470988275801,2.21388804693768,1.00309743476467,0.00393979317640001,0.0165093237292863,"Mz_vs_On","Mz higher"
"decr1",12.4764461818639,-3.19851499239102,2.49293784159083,0.00395044970520757,0.0165413807291111,"Mz_vs_On","On higher"
"marcksl1b",61.6399659702772,-2.20212129507116,1.17008379005527,0.00401516620452805,0.0167995775340786,"Mz_vs_On","On higher"
"snx12",9.48411529174893,-3.32246465784019,2.06019543991092,0.00406195464928653,0.016982427416698,"Mz_vs_On","On higher"
"apeh",6.93559630252726,-3.97100890111731,2.65583821961734,0.0040703300301369,0.0169963634541091,"Mz_vs_On","On higher"
"psmb7",29.12299287674,-2.54675742597975,1.41175445430456,0.00407146620002104,0.0169963634541091,"Mz_vs_On","On higher"
"kdm5bb",12.8369352559046,-2.34377310646234,1.23328181217617,0.00410587007565428,0.017126987988059,"Mz_vs_On","On higher"
"cep131",17.4181418906033,-2.63068245187972,1.69635882350234,0.00412925807781439,0.0172114984425264,"Mz_vs_On","On higher"
"arhgef38",122.52023028985,2.88799809086572,1.44650574579468,0.00414338400263243,0.0172573041502526,"Mz_vs_On","Mz higher"
"atp6v1c2",7.24179333179059,-0.782011610508783,1.53273451842104,0.00414721944681773,0.0172602128565742,"Mz_vs_On","On higher"
"ca2",57.0993562064477,-1.90761350267048,0.902067262042016,0.00415595095070886,0.0172834785569162,"Mz_vs_On","On higher"
"pld7",509.010090602937,2.23195955383045,1.0039167105903,0.00417007202883655,0.0173291059687755,"Mz_vs_On","Mz higher"
"nsl1",16.6891793290756,3.59120139104273,1.80296431363037,0.00421883147902975,0.0175184987151862,"Mz_vs_On","Mz higher"
"adamts10",70.9329114852497,2.57576819253257,1.2595899724428,0.004269653308103,0.0177161632738934,"Mz_vs_On","Mz higher"
"aldh3a2b",9.33567361532042,-2.67246624949607,1.57400276245396,0.0042771369068239,0.0177338411916693,"Mz_vs_On","On higher"
"zgc:123238",660.081061339133,-3.79758536762717,2.72425542661566,0.00429740341952311,0.0178044530227531,"Mz_vs_On","On higher"
"fgl2a",40.7682486054786,-2.68891164434622,2.03582100615973,0.00432828881565536,0.0179189202887403,"Mz_vs_On","On higher"
"lysmd3",142.492456495997,2.7461792947152,1.38734122448032,0.00433842873575812,0.0179352923454018,"Mz_vs_On","Mz higher"
"gpt2l",17.5020094263049,-2.4451595522537,1.42310451584369,0.00433876301558157,0.0179352923454018,"Mz_vs_On","On higher"
"apoda.1",41.0023343172653,-1.0987210330129,2.17635410400971,0.00437112372705313,0.018055497557242,"Mz_vs_On","On higher"
"rassf7a",96.0707172541484,2.2887531380167,1.09173285357469,0.00437893098394035,0.0180741772495423,"Mz_vs_On","Mz higher"
"wipf3",36.2142372399871,3.83209740588693,2.09310075562601,0.00438915103712196,0.0181027803645015,"Mz_vs_On","Mz higher"
"pkn2",5.48076403836155,-3.97043758833928,2.22554003193312,0.00439795176269263,0.0181091041904182,"Mz_vs_On","On higher"
"hspa8b",624.603603042245,-2.53819874006487,1.47100617439792,0.00439936262791343,0.0181091041904182,"Mz_vs_On","On higher"
"rnf115",120.592248198351,2.15095846924101,0.974836880612226,0.00440055839741714,0.0181091041904182,"Mz_vs_On","Mz higher"
"atr",17.6772704426732,-3.99915751892668,2.27209327831782,0.00440469789640544,0.0181109592349826,"Mz_vs_On","On higher"
"proser1",17.6822061364529,2.36102898368808,1.11432609975188,0.00440759258735763,0.0181109592349826,"Mz_vs_On","Mz higher"
"rgn",145.388504080648,3.14863348102745,1.6419516418022,0.00443473404353639,0.0182088856026397,"Mz_vs_On","Mz higher"
"mrpl36",653.107379104912,-0.170873442211535,1.04171403234765,0.00444829055041004,0.0182509281195794,"Mz_vs_On","On higher"
"hcn3",25.1901169556789,-1.40676265690665,3.45707879689366,0.00449955445778561,0.0184475027024862,"Mz_vs_On","On higher"
"cpsf1",9.7366233855088,-2.98035252423833,2.22116198769754,0.0045295381331096,0.018543574992446,"Mz_vs_On","On higher"
"sbds",42.5830305592447,-2.7405251999948,1.52600517473161,0.00452972824242955,0.018543574992446,"Mz_vs_On","On higher"
"coq4",13.1716439445307,-2.91028790516581,3.28806796034405,0.00456261856651831,0.0186643326044489,"Mz_vs_On","On higher"
"dhx29",41.4884964505555,3.03699347954811,1.65044588369645,0.00462735515313656,0.018915087706209,"Mz_vs_On","Mz higher"
"psmb2",10.9830518113463,-2.68823804345862,1.77709981390553,0.00465125607218773,0.0189916558282085,"Mz_vs_On","On higher"
"ash1l",9.60413611837055,-2.48501216726527,1.36377867360513,0.0046529901956425,0.0189916558282085,"Mz_vs_On","On higher"
"slc7a5",80.0093641991543,-2.44284746409132,1.54808672956581,0.00466667347376328,0.0190333858062606,"Mz_vs_On","On higher"
"si:dkey-19b23.7",184.40548510288,0.348379768716178,1.10710468639995,0.00467402414912588,0.0190492450877708,"Mz_vs_On","Mz higher"
"kansl3",10.4609807241986,-2.74952293525076,1.84098514259072,0.00469119947531345,0.0191050921637118,"Mz_vs_On","On higher"
"gpr143",89.9821569127103,2.74174335953551,1.36188324783626,0.00470129272053304,0.0191320359085598,"Mz_vs_On","Mz higher"
"adcy7",20.7000233062141,3.68322637076223,1.94298611390619,0.00474544789592569,0.0192974533062699,"Mz_vs_On","Mz higher"
"ttc8",10.8994517703891,2.68921960133435,1.3266009162955,0.00478196076169487,0.0194315717214514,"Mz_vs_On","Mz higher"
"fabp11a",29.6251756110259,-2.74172400297614,2.52022598679365,0.00480806797618817,0.0195088421865688,"Mz_vs_On","On higher"
"hmgxb4a",15.9253023104833,-2.05241137579347,1.03646526634885,0.0048059902726767,0.0195088421865688,"Mz_vs_On","On higher"
"elp3",6.51389439224588,-3.79478534661274,2.4481427631211,0.0048452510701221,0.0196452257832069,"Mz_vs_On","On higher"
"fuk",16.5982420354082,3.02233279994172,1.63476446558544,0.00486549589589888,0.0197127823411161,"Mz_vs_On","Mz higher"
"denr",10.841570867142,-3.20894824807919,2.15673752282694,0.00488644192754585,0.0197830783556713,"Mz_vs_On","On higher"
"xaf1",27.7365977086814,-3.61831653748744,2.8303425777946,0.0049352596606573,0.0199627246266753,"Mz_vs_On","On higher"
"stt3b",18.8024713216399,-2.14826432416447,1.14839236966069,0.00493898995702383,0.0199627246266753,"Mz_vs_On","On higher"
"slc9a2",68.8699501173987,0.425242792372817,1.15372623638709,0.00494169955316826,0.0199627246266753,"Mz_vs_On","Mz higher"
"NASP",7.58485288029925,-3.1673607917557,2.05965447201987,0.00500796750015038,0.0202155812075036,"Mz_vs_On","On higher"
"fasn",177.223294072887,-2.29339735319039,1.1377916966035,0.00502027315645773,0.0202503980255355,"Mz_vs_On","On higher"
"hsd11b2",14.2193760352622,-3.10045036738984,1.7269715518971,0.0050433065444755,0.0203135231388757,"Mz_vs_On","On higher"
"mef2cb",14.7202951591071,-2.28074646279681,1.1644286087147,0.0050399614245665,0.0203135231388757,"Mz_vs_On","On higher"
"rbm22",15.4739477686724,-3.67149846248718,1.95586352756089,0.00505787328206799,0.020357292463744,"Mz_vs_On","On higher"
"si:ch211-15b10.6",8.80724857147852,3.52248965720883,1.80934701933909,0.00507244994875062,0.0203861355865785,"Mz_vs_On","Mz higher"
"slc20a1a",16.934885971179,-2.65184344521854,1.89709371588172,0.00506882436562052,0.0203861355865785,"Mz_vs_On","On higher"
"fmnl1a",14.9355448341645,-2.52079522829208,1.60040485491755,0.00508551264597242,0.0204237157504673,"Mz_vs_On","On higher"
"si:ch211-156l18.7",62.9040870736047,-2.48647092906426,1.77173475591747,0.0051075384790046,0.0204972113139922,"Mz_vs_On","On higher"
"si:zfos-80g12.1",11.1409785576603,-2.48410730572419,1.53445187950314,0.00511725024235957,0.020521217808646,"Mz_vs_On","On higher"
"coro1b",12.7271961969359,-2.50847216362439,1.5796234686041,0.00512654820119259,0.0205337450005388,"Mz_vs_On","On higher"
"sfpq",13.8289375266184,-2.47716475494567,1.50393065741283,0.00512783817352605,0.0205337450005388,"Mz_vs_On","On higher"
"actr8",194.525668622583,-2.77613021621958,1.8342554191087,0.00514383006348241,0.0205678437567443,"Mz_vs_On","On higher"
"plpp1a",17.7821607638282,-2.66957456670161,1.9493056304218,0.00514246563129349,0.0205678437567443,"Mz_vs_On","On higher"
"cct2",21.1326397881244,-2.3710241817718,1.47579165956264,0.00515286893039555,0.0205890231336502,"Mz_vs_On","On higher"
"klhl40a",10.0302533426053,4.41788477489027,3.10543356569935,0.00518396793612678,0.0206832426284043,"Mz_vs_On","Mz higher"
"uchl1",19.6240898283836,-2.57828629878547,1.85520519335438,0.0051805723431167,0.0206832426284043,"Mz_vs_On","On higher"
"zgc:85843",2088.08644847172,-0.744965033023316,1.47718637804408,0.0051908590110742,0.0206957291876306,"Mz_vs_On","On higher"
"rps24",64.3296399940035,-2.52573788692871,2.65553561056915,0.00520022999087638,0.0207030864036193,"Mz_vs_On","On higher"
"utp20",30.6440357669129,-2.31244533454566,1.41558798523868,0.00519771856856082,0.0207030864036193,"Mz_vs_On","On higher"
"scinla",29.1340293968436,2.40213482574858,1.17527976920251,0.00523912777063194,0.0208428640593036,"Mz_vs_On","Mz higher"
"ripor3",5.5896902509022,-3.11720629899902,1.89504118539368,0.00525610020112624,0.0208952769556334,"Mz_vs_On","On higher"
"hsdl1",5.65123238305785,-3.76490020872869,3.61701061757923,0.0052892957189448,0.0210120614047901,"Mz_vs_On","On higher"
"cpsf2",20.0801896190202,-2.0579743129259,1.08254588285581,0.00531919878288617,0.021115607289639,"Mz_vs_On","On higher"
"psmf1",22.6468278041765,-3.67962336733891,2.11989429297723,0.00534678118860715,0.0212097981973443,"Mz_vs_On","On higher"
"bmp7a",11.135137415869,3.46584891073684,1.8611101273984,0.00537058861810738,0.0212888894645726,"Mz_vs_On","Mz higher"
"fpgs",12.9530313924907,-2.69789832884995,1.71657869056633,0.00538157717577553,0.0213170897200266,"Mz_vs_On","On higher"
"dazap2",8.78161279306089,-3.06773415024545,1.67817136130284,0.00540010799330226,0.0213751037260065,"Mz_vs_On","On higher"
"ehhadh",10.7369861917334,2.77755244436811,1.50146744443303,0.00542547229384685,0.0214600636669629,"Mz_vs_On","Mz higher"
"bloc1s1",17.3871685387173,-3.63753999313161,1.88561866080267,0.00547261880511651,0.0216309976047062,"Mz_vs_On","On higher"
"slc10a1",273.582641343774,-3.09076856900171,1.86954497573693,0.00548483391667046,0.0216637158718743,"Mz_vs_On","On higher"
"si:ch1073-174d20.1",45.3760720702638,2.59799824542482,1.36201531497301,0.00555140031862723,0.0219109071399476,"Mz_vs_On","Mz higher"
"lyn",14.2114973745313,-2.33465302997969,1.40864086688938,0.00558257890959225,0.0220181714412735,"Mz_vs_On","On higher"
"tbpl1",38.1297308088221,2.60036979741709,1.34145441438755,0.00564761116132682,0.0222427749531998,"Mz_vs_On","Mz higher"
"taf3",27.8472503367746,-1.9148923907774,0.971419066753948,0.00564482193771368,0.0222427749531998,"Mz_vs_On","On higher"
"glyctk",105.257723277374,-2.3829051952241,1.265808991096,0.00566407129868875,0.0222916454115776,"Mz_vs_On","On higher"
"RNF146",33.4259526359061,1.8089322630594,0.832818220558644,0.00567532336793353,0.0223199636671696,"Mz_vs_On","Mz higher"
"kcne4",7.14994227770901,-0.557064258586478,1.26174057561652,0.00569758010933023,0.0223914898296678,"Mz_vs_On","On higher"
"impdh1b",31.5072120195997,2.51418040111043,1.25539463994519,0.00570643726593121,0.0223943065885546,"Mz_vs_On","Mz higher"
"si:ch211-214j8.12",26.0463497511207,-1.8065471895752,0.882567117471813,0.00570633831482534,0.0223943065885546,"Mz_vs_On","On higher"
"ARHGEF26",22.7201782642111,-2.62346412002617,1.40634929313795,0.00571923782924178,0.0224285435042682,"Mz_vs_On","On higher"
"b3gnt5a",8.01981784060922,-3.55951630961834,3.83093951604343,0.0057445600026033,0.0225013948843874,"Mz_vs_On","On higher"
"ran",66.3067856730182,-2.36013428886817,1.68429659500261,0.00574599414986629,0.0225013948843874,"Mz_vs_On","On higher"
"clns1a",7.42789505740959,-3.09495805657725,3.09294646929334,0.00576732611679209,0.0225688679193386,"Mz_vs_On","On higher"
"ndufs3",13.526828325585,-2.42002210333424,1.57802496622849,0.00577642809988538,0.0225884203308951,"Mz_vs_On","On higher"
"nox1",156.192692195542,2.18292105907294,1.05726478011982,0.00579604216291604,0.0226490227133267,"Mz_vs_On","Mz higher"
"sparc",157.572446904939,-2.39471287426306,1.87642810259108,0.00580724485169122,0.0226766935230696,"Mz_vs_On","On higher"
"zgc:92335",61.5560057870848,2.7266747131204,1.47477496459339,0.00582600193959141,0.0227338033132141,"Mz_vs_On","Mz higher"
"si:ch211-225b11.4",100.176322683793,2.64524920958906,1.43064868035409,0.00584130838473226,0.0227773768481906,"Mz_vs_On","Mz higher"
"anapc13",5.78117414784941,-3.6079845257109,2.30794594267552,0.00585612066540577,0.0228189631027355,"Mz_vs_On","On higher"
"ndufb2",20.5550414271036,-2.7471479945315,2.03824003368549,0.00586341141986063,0.022831202853555,"Mz_vs_On","On higher"
"ostf1",5.75013649823247,-3.60504700709449,2.56321199755562,0.00587202401143008,0.0228485686781388,"Mz_vs_On","On higher"
"flot1b",9.40245783455122,-2.46757656540284,1.60523310964952,0.00589426851753245,0.0229189154653453,"Mz_vs_On","On higher"
"rab11al",112.335597568031,-3.56314050950068,1.81567338994596,0.00590813776397407,0.0229566200405263,"Mz_vs_On","On higher"
"slc22a2",17.142873083205,3.76467217298967,2.16006069281392,0.00593882737485133,0.0230595823686888,"Mz_vs_On","Mz higher"
"EVC2",13.2900053051305,-2.60142864064805,2.06338471143422,0.0059473735369815,0.0230764803952554,"Mz_vs_On","On higher"
"ndufs4",7.85284930729813,-3.03486778729258,2.2948148098236,0.00597946861609606,0.0231683354406764,"Mz_vs_On","On higher"
"reep5",112.729122743235,-1.09836108348174,2.12251895130947,0.00597625731542847,0.0231683354406764,"Mz_vs_On","On higher"
"clptm1",18.4903202438168,-2.31655960870096,1.47421912080814,0.00603325808290743,0.0233602997692869,"Mz_vs_On","On higher"
"nup50",100.942918522016,-2.63779190480358,1.45262480662771,0.00603936311246112,0.0233668313733322,"Mz_vs_On","On higher"
"dcaf11",10.5636161818869,-2.50951279701504,1.72945782670272,0.00604343893934056,0.0233668313733322,"Mz_vs_On","On higher"
"atrx",14.4364516256473,-2.43346383814324,1.61758485098,0.00608447024773582,0.0235089573757321,"Mz_vs_On","On higher"
"rab33ba",10.468594026212,3.36424017081171,2.04994522608166,0.00613020810770512,0.0236690561463815,"Mz_vs_On","Mz higher"
"rab7a",153.217874707399,1.7689613132901,0.812547623339243,0.0061454508311465,0.0237112696163871,"Mz_vs_On","Mz higher"
"arsa",197.161136256307,3.74238178835893,2.34694195992634,0.00620355114240543,0.0238694163478737,"Mz_vs_On","Mz higher"
"nf2b",12.3762875463008,2.75755559358946,1.48063857674119,0.00620379232596498,0.0238694163478737,"Mz_vs_On","Mz higher"
"ctsf",23.5476931406776,-1.8632287796637,0.940730676476746,0.00620299596378154,0.0238694163478737,"Mz_vs_On","On higher"
"HNRNPUL1",123.941685375111,1.44035397886211,0.613576338797222,0.00619172359847142,0.0238694163478737,"Mz_vs_On","Mz higher"
"b4galnt1a",20.6434652798787,3.65691323706932,2.14171420650481,0.00622719109263552,0.0239427011821668,"Mz_vs_On","Mz higher"
"niban2a",99.4771199455245,-3.43458649441336,1.80580904777349,0.00624418972213845,0.0239606219929737,"Mz_vs_On","On higher"
"abcc4",16.7509070495356,-2.67582520768469,2.30411266136344,0.00624491674626032,0.0239606219929737,"Mz_vs_On","On higher"
"bag5",56.1026179205375,2.61417158912238,1.36092368645549,0.00624397628898129,0.0239606219929737,"Mz_vs_On","Mz higher"
"paqr3a",26.605028142926,2.93490984190157,1.74571420709338,0.00627473734476067,0.024058261234058,"Mz_vs_On","Mz higher"
"pphln1",9.312049475513,3.70000793095331,2.11478575660244,0.00629482275893243,0.0241184643590851,"Mz_vs_On","Mz higher"
"col4a1",46.6034737684909,-2.39637913071669,2.54564669605811,0.00630960293176827,0.0241582709329082,"Mz_vs_On","On higher"
"usp14",206.210435263091,-2.11670283737272,1.09474283986222,0.00632974953205244,0.0242185548855024,"Mz_vs_On","On higher"
"dhrs4",15.8950980390417,2.54945603429215,1.28748470293996,0.00635276193696756,0.0242823112331194,"Mz_vs_On","Mz higher"
"kdm5a",18.8815311177657,-2.25049770556852,1.28899589072936,0.0063552395811872,0.0242823112331194,"Mz_vs_On","On higher"
"si:dkey-51e6.1",5.91691937911855,-3.47149885927548,2.98073703653216,0.00636141967075149,0.0242890569246875,"Mz_vs_On","On higher"
"lars1b",9.74129128091069,-2.47143914106702,1.4168388396661,0.00642431015128969,0.0244951867306971,"Mz_vs_On","On higher"
"anxa4",17.0399919533494,-2.44761452137905,2.91257429081278,0.00642057441855155,0.0244951867306971,"Mz_vs_On","On higher"
"add3b",19.1723211091824,-2.49484033420468,2.12622168582193,0.00644099261483548,0.0245417876501557,"Mz_vs_On","On higher"
"ubald1b",15.5501341790561,2.47193879090661,1.33841180018508,0.00644859572619098,0.0245537534155729,"Mz_vs_On","Mz higher"
"nop53",5.82961449662234,-2.93231294925145,1.87441627746737,0.00647969831296201,0.0246551176472455,"Mz_vs_On","On higher"
"eif2b1",64.0653414351458,2.60017553454945,1.34213288204914,0.00656451939575377,0.0249605982829559,"Mz_vs_On","Mz higher"
"anxa1a",156.9584222724,-0.911678936716701,1.71911102699059,0.00657156375971371,0.0249701269378072,"Mz_vs_On","On higher"
"si:ch211-257p13.3",94.3914353175123,3.22362270478549,1.97707673408601,0.00660824914517598,0.0250921924063204,"Mz_vs_On","Mz higher"
"vps18",7.0177140516728,-3.58952525333915,2.85679937897233,0.00664992736576661,0.0252330347354813,"Mz_vs_On","On higher"
"tmem82",52.9184040835173,3.04674103732154,2.01250851916308,0.00674034545772332,0.0255584980760811,"Mz_vs_On","Mz higher"
"arl6ip1",77.3479331767951,-2.02893448724158,1.19074272497956,0.00677547867298846,0.0256740245583902,"Mz_vs_On","On higher"
"cav3",11.6159761508556,4.62131205308336,4.12919326947484,0.00678245122355783,0.0256827574893429,"Mz_vs_On","Mz higher"
"adra2da",6.99214080598795,-3.53299087225934,2.3427797822433,0.00685097679710677,0.0259023712851174,"Mz_vs_On","On higher"
"desi1a",5.4757727469036,-3.39421592872488,2.88740483373637,0.00685651929202641,0.0259023712851174,"Mz_vs_On","On higher"
"PPP2R2C",15.9538732858655,-2.79498074232177,2.12878429438048,0.0068592793461316,0.0259023712851174,"Mz_vs_On","On higher"
"gtpbp4",127.355195599395,-2.25073993243722,1.71850481008494,0.00685899388150008,0.0259023712851174,"Mz_vs_On","On higher"
"mapk6",27.4831489951147,-1.82757991196152,0.952804427119279,0.00688801419236051,0.0259930412115004,"Mz_vs_On","On higher"
"bloc1s6",57.2409722009809,-1.91156893235306,1.03042755647057,0.00693061714916529,0.0261358845474349,"Mz_vs_On","On higher"
"inpp5kb",46.0912488786171,-2.2929415475886,1.77910852165301,0.00694371396196624,0.0261673385059851,"Mz_vs_On","On higher"
"serpine2",51.7098620921241,-2.27897134324992,1.79385219504622,0.00695392879725984,0.0261774859086512,"Mz_vs_On","On higher"
"galnt16",15.1266591080662,-2.13883983028378,1.30811945629916,0.00695592228252417,0.0261774859086512,"Mz_vs_On","On higher"
"csnk2a1",9.85457748286689,-2.38591623788969,1.65314296569214,0.00700549433475822,0.0263460217565548,"Mz_vs_On","On higher"
"OTUD7A",11.4750129403173,-2.51947034668614,3.42306667987039,0.00701587919903991,0.0263531899795164,"Mz_vs_On","On higher"
"map3k5",12.7185604574025,-2.43339254888321,1.71547013885473,0.00701697988367712,0.0263531899795164,"Mz_vs_On","On higher"
"spred2a",8.39163810355684,-3.27375043534843,3.45771300286494,0.00702367275450956,0.026360332534319,"Mz_vs_On","On higher"
"churc1",66.1939867499967,-2.43355538478066,1.42354598381307,0.00703290028788687,0.0263769716318702,"Mz_vs_On","On higher"
"mboat2b",7.53729565115487,-3.10616934925832,4.27363342938385,0.00704322317874046,0.0263976934124183,"Mz_vs_On","On higher"
"ATG14",8.64620702184217,-2.58506433186824,2.01849143438072,0.00709728114449827,0.0265821925507348,"Mz_vs_On","On higher"
"mul1a",12.4640586665219,3.04654802380367,1.95892568163036,0.00713665201964987,0.0267114689878324,"Mz_vs_On","Mz higher"
"serpinh1b",20.9457064155095,-2.19957223305922,1.4348472248853,0.00716332020028216,0.0267775404714488,"Mz_vs_On","On higher"
"gpnmb",55.328455871202,-2.07180420336804,3.57033626988772,0.00716403845401176,0.0267775404714488,"Mz_vs_On","On higher"
"pdcd10b",7.1040726910591,-2.67768983193002,2.45770808736538,0.00717345049595411,0.0267945177384518,"Mz_vs_On","On higher"
"calm2a",187.672731032484,-1.63023090942844,0.805862400956994,0.00718571592398098,0.0268221228044392,"Mz_vs_On","On higher"
"med15",116.864940079709,-2.21103133288072,1.22626180948335,0.00719102111046339,0.0268237275591658,"Mz_vs_On","On higher"
"atp5mc3b",23.7183559450974,-2.08810886711109,1.24691916270872,0.00721426456314128,0.026892197578864,"Mz_vs_On","On higher"
"ngs",72.3380565715851,0.431835602005723,1.15789585174081,0.00724930940511345,0.0270045364569629,"Mz_vs_On","Mz higher"
"ppp2r3c",318.876061722669,-3.35847804027692,2.87705459662591,0.00727850232347857,0.0270583241782291,"Mz_vs_On","On higher"
"si:ch73-62l21.1",6.64795787756675,-3.25961155767476,3.15174071812461,0.00727277824130012,0.0270583241782291,"Mz_vs_On","On higher"
"C1orf35",61.925792123625,-2.01346093595315,1.19695238455723,0.00727450075383316,0.0270583241782291,"Mz_vs_On","On higher"
"adck5",107.362639404348,-3.19732337275727,2.72997139529828,0.00731536580018969,0.0271586657440241,"Mz_vs_On","On higher"
"bcl9l",66.8144417595086,2.67753517672612,1.50944428476081,0.00731148804957178,0.0271586657440241,"Mz_vs_On","Mz higher"
"upf3b",10.5409133377166,-2.50181077034804,1.85509911002338,0.00732237618125497,0.0271663612604618,"Mz_vs_On","On higher"
"eif5b",28.0785106586903,-1.9276937526752,1.07908031233376,0.00732831468178365,0.0271700723579337,"Mz_vs_On","On higher"
"nphp3",16.5197818651057,-2.00449561567125,1.17319038562223,0.00737293278968396,0.027317088356122,"Mz_vs_On","On higher"
"srprb",94.5245977367492,-2.22856792368902,1.24679237086528,0.00737917502752565,0.0273218176321979,"Mz_vs_On","On higher"
"farsb",10.2702731547068,-0.945498799614701,1.80957623719414,0.00741518271630159,0.0274366747176135,"Mz_vs_On","On higher"
"nipbla",9.99239731416127,-2.26636913779952,1.48950520591693,0.00743301335140633,0.0274841663033855,"Mz_vs_On","On higher"
"rbm48",21.3944861896922,2.48784628223583,1.61890730302858,0.00743886948225235,0.0274873471399278,"Mz_vs_On","Mz higher"
"gsna",39.6584578237523,-2.29693210870321,2.25874362476206,0.00746057810931473,0.02754906091104,"Mz_vs_On","On higher"
"tyro3",7.27863885446391,-2.84437369951783,1.7045003269687,0.00747569766380919,0.0275863772946198,"Mz_vs_On","On higher"
"plcg2",15.2788473749146,-2.53617233090374,2.38957113822737,0.00757630895511025,0.027938908760735,"Mz_vs_On","On higher"
"zgc:162331",343.842420901568,-1.82750232862209,3.51198408956299,0.00770276850479467,0.0283862239205494,"Mz_vs_On","On higher"
"acvr2aa",18.4436125601394,-2.11585869639455,1.28857887393347,0.00772147399810818,0.0284361110693382,"Mz_vs_On","On higher"
"psmb3",335.731812691529,-2.12173726358248,1.22760275817201,0.00773879113332765,0.0284808219502132,"Mz_vs_On","On higher"
"itpr1b",8.25868068963536,-2.3826455527792,1.4482727381432,0.00779444157832485,0.0286664555908712,"Mz_vs_On","On higher"
"fbxo34",27.7307004544019,-2.36890492669167,1.29552914166026,0.00780691213262676,0.0286931399824398,"Mz_vs_On","On higher"
"rnf103",7.32628789941538,-3.33948741852261,2.40012831795058,0.00783248585293588,0.0287487239245185,"Mz_vs_On","On higher"
"selenom",10.8262107229516,-0.752934847662344,1.48177959006602,0.00782764016355791,0.0287487239245185,"Mz_vs_On","On higher"
"ptp4a1",31.3667001648444,2.9186207059986,1.71583066646287,0.00787152150417556,0.0288646675988415,"Mz_vs_On","Mz higher"
"tal1",8.23689604580794,-2.50054785829206,2.79638954664324,0.00787456671498746,0.0288646675988415,"Mz_vs_On","On higher"
"lyrm7",315.134140348889,0.309835161594513,1.08775409491602,0.00790666679756654,0.0289630364315653,"Mz_vs_On","Mz higher"
"mthfsd",19.565774353452,2.50076754029197,1.33587657433972,0.00791508953139078,0.0289745992027359,"Mz_vs_On","Mz higher"
"adam8b",13.7151533687555,-3.41005937758997,2.70472030492373,0.00793928176585434,0.0290438352897145,"Mz_vs_On","On higher"
"eif3s10",40.8063992618166,-1.85716989400312,1.02681146890663,0.00796627685566045,0.029123226086275,"Mz_vs_On","On higher"
"ndufa3",51.138174084095,-3.45648705605905,2.81501608570671,0.00799708792241592,0.0291970655269624,"Mz_vs_On","On higher"
"gcnt7",6.08202199551296,-3.0642015253834,3.83926746796888,0.00799642874571773,0.0291970655269624,"Mz_vs_On","On higher"
"gpbp1l1",12.6595505637277,-2.05743262936851,1.20179131313531,0.00803139126481614,0.0293028612327708,"Mz_vs_On","On higher"
"abcb6a",8.26200808549492,-2.43965052017762,2.02561026741235,0.00804726510268335,0.0293413204737997,"Mz_vs_On","On higher"
"rdh8a",50.7547776545052,-1.79182789728304,0.976772079711517,0.00806948013229533,0.02940283423039,"Mz_vs_On","On higher"
"rab34a",63.5283343660646,-2.18596599114442,1.75054904750922,0.00807598580986726,0.0294054563239162,"Mz_vs_On","On higher"
"gapdhs",80.0104616240216,-1.78124815337667,0.947315848051327,0.00808088876077086,0.0294054563239162,"Mz_vs_On","On higher"
"evla",11.6566146892901,3.64343373994769,2.56769666123169,0.00812884874312943,0.0295604268239908,"Mz_vs_On","Mz higher"
"mbnl1",18.1253634825944,-2.26150417125766,2.5826267807005,0.00813466355767717,0.0295620336158123,"Mz_vs_On","On higher"
"skp1",50.3439254513887,-2.04674365400929,1.31749888635283,0.00818069463601767,0.0297096910147652,"Mz_vs_On","On higher"
"tegt",12.4372233248086,-2.36078139621373,1.83288957882902,0.00819512693219789,0.0297424725468026,"Mz_vs_On","On higher"
"ost4",9.17578594065816,-2.47678546610704,2.14116153198762,0.00828524496488623,0.0300497150934766,"Mz_vs_On","On higher"
"lhx8b",9.11765698299523,-2.62580636882982,1.52574816734205,0.00830667765749096,0.030107602418653,"Mz_vs_On","On higher"
"eif4bb",54.6753180367129,-1.79740248615854,1.00406585230324,0.0083767811591348,0.0303417050280182,"Mz_vs_On","On higher"
"sprtn",30.715280163509,-3.15950749067655,3.10655959902214,0.00838962618527342,0.0303651880684333,"Mz_vs_On","On higher"
"HGFAC",10.6673453992025,-1.28285080744136,2.65050822469065,0.00839430226319285,0.0303651880684333,"Mz_vs_On","On higher"
"serinc5",37.0244783075563,2.36673587435131,1.35459719024617,0.00841938613468864,0.0304359149231649,"Mz_vs_On","Mz higher"
"fscn1b",10.7520336623618,-2.25598778453718,1.68567543736836,0.00846681561473803,0.0305872747946741,"Mz_vs_On","On higher"
"C16orf72",21.127538852701,-1.89102532222051,1.05588983251747,0.00853463820992299,0.030812059994092,"Mz_vs_On","On higher"
"adamts14",6.0058983787989,-2.72743247668234,4.94140988449715,0.00858202044129314,0.0309628042413081,"Mz_vs_On","On higher"
"yrdc",100.421428920117,2.42793488290713,1.44204269269061,0.00860456471492147,0.0310159910983989,"Mz_vs_On","Mz higher"
"rock1",10.976219714179,-2.28831273156713,1.66412183140398,0.00860803678794169,0.0310159910983989,"Mz_vs_On","On higher"
"atcayb",8.21335388803004,-3.07575586668766,3.31702937203159,0.00861977253348619,0.0310379505754195,"Mz_vs_On","On higher"
"ppp2ca",7.71894307794801,-2.45993195471464,1.98008792043923,0.00862733435731155,0.0310448617618889,"Mz_vs_On","On higher"
"lpin2",137.169286799431,-2.62850215941521,1.57623304592084,0.00863438774776217,0.0310499355478349,"Mz_vs_On","On higher"
"adsl",8.64454788283099,-3.01838583260705,3.37799174757774,0.00867422145349126,0.0311524585098622,"Mz_vs_On","On higher"
"nipblb",14.6342894807502,-2.03008742853238,1.29731697360217,0.00867401869037542,0.0311524585098622,"Mz_vs_On","On higher"
"soul3",40.3644106187467,-1.64019925121607,0.845128013419929,0.00868586075385486,0.0311739111987667,"Mz_vs_On","On higher"
"arid1ab",15.6327361293911,-2.24130859456822,1.48374250404743,0.00876307862287339,0.0314305466643086,"Mz_vs_On","On higher"
"bsg",23.2697803223256,-1.96181457921004,1.17408270584484,0.00885709152924244,0.0317470472924377,"Mz_vs_On","On higher"
"tnpo1",6.98862506376084,-2.76946642170494,2.51384460379795,0.00891315098822248,0.0318834585134918,"Mz_vs_On","On higher"
"sh3bp5la",17.1289482941598,-2.25941179310493,1.3533123868724,0.00890153554590907,0.0318834585134918,"Mz_vs_On","On higher"
"sf3a3",14.6275624184771,-2.21863641909085,1.59733301168833,0.0089207487504839,0.0318834585134918,"Mz_vs_On","On higher"
"afmid",13.1588137401249,-2.15245346377129,1.28769768810317,0.00892412324805113,0.0318834585134918,"Mz_vs_On","On higher"
"abcd2",19.8123034731822,-2.0178770478487,1.27769476102621,0.00890876148134057,0.0318834585134918,"Mz_vs_On","On higher"
"fstl1b",110.261282998818,-2.06514985973317,2.43096643469354,0.00893142142934937,0.0318888258950553,"Mz_vs_On","On higher"
"pmp22a",7.26890181080672,-3.03842899584068,3.9004477536223,0.00893730577359625,0.0318891416124037,"Mz_vs_On","On higher"
"huwe1",22.0668446154467,-1.94449889752279,1.18381338320384,0.00897640268046576,0.0320078856435014,"Mz_vs_On","On higher"
"NDUFB1",17.7912851016019,-2.26223584248382,1.48931045516444,0.00899190541222454,0.0320216592738249,"Mz_vs_On","On higher"
"jak2a",13.861207277965,-0.968406627083196,1.81471893176878,0.00899023559780195,0.0320216592738249,"Mz_vs_On","On higher"
"atat1",9.56551815569344,3.47472138749415,2.4313684686675,0.00905042690288335,0.0321676025966823,"Mz_vs_On","Mz higher"
"RABGAP1L",41.5404324362365,2.85096591080247,1.85206725603726,0.00904682654725104,0.0321676025966823,"Mz_vs_On","Mz higher"
"sqor",8.3481251552767,-2.40111560873524,1.85226261204284,0.00904266769571718,0.0321676025966823,"Mz_vs_On","On higher"
"ralbp1",17.6299284308547,-2.12278515755637,1.46022467151236,0.00914885927189566,0.0324964646313557,"Mz_vs_On","On higher"
"rab14l",8.75106897024578,-2.17880157979283,1.39588994146389,0.00924548670364206,0.0328184953828636,"Mz_vs_On","On higher"
"atp5mf",234.764377061542,-1.99021020080439,1.17505285665184,0.00927555096290712,0.0329039854274113,"Mz_vs_On","On higher"
"rbm14a",6.83145260067499,2.7834166319427,1.76837804720696,0.00931541055835926,0.0330240907809875,"Mz_vs_On","Mz higher"
"ndufa9a",8.80406262825678,-2.27812134376479,1.77882294093998,0.0093521945952733,0.0331118241075892,"Mz_vs_On","On higher"
"csde1",32.3464969808664,-2.03090245039451,1.43141205933453,0.00935165236587955,0.0331118241075892,"Mz_vs_On","On higher"
"fmnl3",55.2046249641845,-2.87459049892119,4.41857890011024,0.00938162658583633,0.033180043761996,"Mz_vs_On","On higher"
"tprb",12.4730529671238,-2.1714507943691,1.70628325975016,0.00939558491115771,0.033180043761996,"Mz_vs_On","On higher"
"mettl8",26.7731625455766,-2.02675058502738,1.35184646863218,0.00939337743878352,0.033180043761996,"Mz_vs_On","On higher"
"pafah1b1b",18.4060356540052,-1.93144282997621,1.1638006529234,0.00939344864620205,0.033180043761996,"Mz_vs_On","On higher"
"RILPL1",5.86747778196112,-3.2580944548814,2.41428813707761,0.00946612745175509,0.0333860494393353,"Mz_vs_On","On higher"
"vps35",18.8428265245455,-2.02242459059178,1.35708457738555,0.00947212344143991,0.0333860494393353,"Mz_vs_On","On higher"
"mdh1aa",25.5164025843855,-1.97959377960628,1.26418194837116,0.0094626930456819,0.0333860494393353,"Mz_vs_On","On higher"
"igf2r",6.95555020375893,-2.19349355740762,1.48202040626756,0.00952467740128037,0.0335497919730119,"Mz_vs_On","On higher"
"ddx46",17.8695667263191,-1.69212966419755,0.899735966610608,0.00959609782518329,0.0337797378337546,"Mz_vs_On","On higher"
"hdac4",58.6480111206191,-2.08311775655429,1.64495490861228,0.00961762200700363,0.0338338595156867,"Mz_vs_On","On higher"
"arpc2",25.3708535442165,-1.86033214355458,3.07820251733675,0.00962388259898573,0.0338342505173287,"Mz_vs_On","On higher"
"igbp1",9.39233942499087,-2.29583254026834,1.70776956521222,0.0096338628905377,0.0338477098491305,"Mz_vs_On","On higher"
"tsc1b",11.479086868638,-2.16840953148927,1.87120851046605,0.00972615527874169,0.0341501635887918,"Mz_vs_On","On higher"
"lamb1b",104.288784068111,2.16460293905253,1.18587281670154,0.0098071351889168,0.0344125368682527,"Mz_vs_On","Mz higher"
"kcnn4",184.196470522793,1.49190356723075,0.699688918410327,0.00983052406231457,0.0344726216640247,"Mz_vs_On","Mz higher"
"si:dkey-103i16.6",13.9485658226816,-2.0787626200795,1.45857187172735,0.00986565635891811,0.0345737842590876,"Mz_vs_On","On higher"
"fam193a",7.13115744485703,-2.32690345136546,1.90275378369268,0.00990129939672806,0.0346766067987255,"Mz_vs_On","On higher"
"acin1b",23.350559839425,-1.70313158590792,0.928080620459921,0.00992258451475649,0.0347290458016477,"Mz_vs_On","On higher"
"gnai2a",10.7166964115141,-2.17848799005288,1.89914723307956,0.00993566861784503,0.0347306535802944,"Mz_vs_On","On higher"
"ccn2a",31.7276959651254,-2.00127696294027,2.56248536580925,0.00993049609200368,0.0347306535802944,"Mz_vs_On","On higher"
"kif1b",12.7107505036352,-1.99563578929346,1.2233174232453,0.0100255719086662,0.0350226645342739,"Mz_vs_On","On higher"
"tfr1a",23.8285285784467,-2.00707805490508,1.44885727463198,0.0100783352720914,0.0351846450933038,"Mz_vs_On","On higher"
"rtf1",13.2103683584946,-2.01811811218682,1.30473386324183,0.0101187500445585,0.0353033371878002,"Mz_vs_On","On higher"
"mpp1",8.25782157055898,-2.31728842017268,1.96149267964798,0.0101572424936422,0.0354151762991251,"Mz_vs_On","On higher"
"emc10",6.90095575334513,-2.24769023817057,1.6381115627345,0.0101793771877618,0.035469875419294,"Mz_vs_On","On higher"
"rgcc",10.364117936743,-2.27288509033966,1.72961870844839,0.0102388986474048,0.0356546964291272,"Mz_vs_On","On higher"
"fbxw8",51.933932179685,2.11340583497058,1.22577380055103,0.010250543585888,0.0356726697087639,"Mz_vs_On","Mz higher"
"si:ch211-122f10.4",97.6428087020083,2.17079629581588,1.21149671409435,0.0103199820581435,0.0358916190163752,"Mz_vs_On","Mz higher"
"pafah1b2",8.1318918362083,-2.90754670126111,3.52590147622574,0.0103429950157298,0.0359489315076092,"Mz_vs_On","On higher"
"ttc37",18.4817619108887,-2.91221293855729,2.75493172763094,0.0103592839941395,0.035982815994795,"Mz_vs_On","On higher"
"myh9a",9.6483860316988,-2.23978238747009,2.03039612218038,0.0104395800560689,0.0362388450905306,"Mz_vs_On","On higher"
"trafd1",22.8539668701816,2.38386622435873,1.36123354198489,0.0105119707438036,0.0364671267543553,"Mz_vs_On","Mz higher"
"rpap2",11.16481043556,2.57312486572988,1.58220077770253,0.0105403119910974,0.036542404899192,"Mz_vs_On","Mz higher"
"atmin",17.6439345524442,2.31980898481089,1.38305055666365,0.0105479584271373,0.0365458861877263,"Mz_vs_On","Mz higher"
"pdx1",12.3021929950701,2.45186492026593,1.49195943424714,0.0105760427983977,0.0366201305706633,"Mz_vs_On","Mz higher"
"SMARCA4",17.1451804222668,-1.62935721148878,0.863098208969265,0.0105894897568059,0.0366436305924189,"Mz_vs_On","On higher"
"atxn2l",8.83737080401484,-2.24377541392639,1.79236391805212,0.0106215004641101,0.0367312982737484,"Mz_vs_On","On higher"
"slco3a1",13.6176206309585,-1.81175451999599,1.03927684973344,0.0106349658623597,0.0367410747780674,"Mz_vs_On","On higher"
"gtf2e2",175.201303726143,-1.68711913559543,0.908925976784623,0.0106376830464307,0.0367410747780674,"Mz_vs_On","On higher"
"echs1",13.6436562280652,-2.07273257057408,1.54198978904792,0.0106641360243891,0.0368093327516868,"Mz_vs_On","On higher"
"rasip1",21.1432978926802,-2.06952034131799,1.63114434508351,0.0106739540054668,0.036820122218231,"Mz_vs_On","On higher"
"cops3",13.1451618072638,-2.13724192355661,1.422613964411,0.0106875816330751,0.0368440314192853,"Mz_vs_On","On higher"
"zc3h18",16.3840180927671,-1.83934201767251,1.08085494938159,0.0107669463969394,0.0370943889016658,"Mz_vs_On","On higher"
"emc3",14.2827991548369,-2.14687132955886,1.6113063300891,0.0107829188609274,0.0371057033284708,"Mz_vs_On","On higher"
"nid1a",36.4448452332073,-1.66995238137596,2.9155541441143,0.010783718579103,0.0371057033284708,"Mz_vs_On","On higher"
"si:dkey-10o6.2",32.6331407814862,-2.0330266287278,1.80058396129519,0.0108333974331123,0.0372533454231149,"Mz_vs_On","On higher"
"si:ch73-147o17.1",5.59373460411811,-2.97011174530591,2.10377749743225,0.0108508661241796,0.0372901095660439,"Mz_vs_On","On higher"
"hdhd5",26.4058090109394,-2.27784225194593,2.61368826747651,0.0108723999446113,0.0373407893228785,"Mz_vs_On","On higher"
"dipk1ab",11.125505692316,-2.12162761144228,2.24966385485269,0.0109136909344996,0.0374592186660118,"Mz_vs_On","On higher"
"spag7",6.97046412955341,-2.27627168390275,2.06045446848528,0.0109237972900629,0.0374705316021982,"Mz_vs_On","On higher"
"toe1",13.6314844975663,2.82760895687121,1.85548816319817,0.0110121856845342,0.0377501841970761,"Mz_vs_On","Mz higher"
"si:dkeyp-81f3.4",13.8733583965454,-0.993842501520712,1.84304967025263,0.0110270458578841,0.0377775879888409,"Mz_vs_On","On higher"
"APP",43.1958866529683,-1.63741081905061,0.899049178888691,0.0110463773606153,0.0378202664829529,"Mz_vs_On","On higher"
"pnpla7b",6.64248197682769,-2.3503003648071,3.09547990838022,0.0110570087943495,0.0378331233746959,"Mz_vs_On","On higher"
"pdcd11",1103.08491694035,-1.57772066653384,0.86205404878701,0.0110821753839252,0.037895667471943,"Mz_vs_On","On higher"
"glula",34.0934142262799,-1.55151055791036,0.82317354595214,0.0110955268894529,0.0379177571091738,"Mz_vs_On","On higher"
"asah1b",7.43418338060677,-1.95657584411288,3.50908902030626,0.0111296343434048,0.038010706491256,"Mz_vs_On","On higher"
"sec23ip",254.176114813722,1.59050112408451,0.78986473888359,0.0111605197041643,0.038092543059747,"Mz_vs_On","Mz higher"
"frs2b",198.118234088651,-3.01200020923362,2.33506158265332,0.0111816973133691,0.0381411646733768,"Mz_vs_On","On higher"
"cavin1b",59.3143647148371,-1.96029496443109,1.56385378071923,0.0112231950603741,0.038258995800606,"Mz_vs_On","On higher"
"rgra",30.3115359933707,-2.03737250870146,1.89461137051006,0.0112607307486386,0.0383631830210584,"Mz_vs_On","On higher"
"ldb1b",19.1501881543571,-1.84551985964382,1.1624449073425,0.0112809010199184,0.0384081172101429,"Mz_vs_On","On higher"
"apex1",159.566794235846,1.86000773937132,0.984134842990099,0.0112942328250439,0.0384297272748247,"Mz_vs_On","Mz higher"
"ndufb10",7.52132819582166,-2.26790049189679,2.67848271811734,0.0113621993033767,0.0386370955297766,"Mz_vs_On","On higher"
"eya4",696.417558088285,-2.78920491199269,2.81629031752823,0.0113778093546149,0.0386662798450223,"Mz_vs_On","On higher"
"l3hypdh",247.409102854928,1.72679176024228,0.889026401621914,0.0114027768969454,0.0387272089425885,"Mz_vs_On","Mz higher"
"zdhhc14",5.48527158201457,-0.691424442967137,1.39233739655407,0.011455045612268,0.0388807285371367,"Mz_vs_On","On higher"
"prdx5",24.1406434077724,-1.92298676239482,1.35724467997939,0.0114638833431007,0.0388867362230211,"Mz_vs_On","On higher"
"cep290",155.623980857847,-1.69154636560431,0.998668656660167,0.011603900698514,0.0393374378578089,"Mz_vs_On","On higher"
"si:ch211-166a6.5",28.2475687859752,-2.72655868508092,3.05505116404833,0.0116956144291225,0.0396239350917683,"Mz_vs_On","On higher"
"nr2e1",117.616234201042,-2.66375580505081,2.74355397768158,0.0117151683206655,0.0396657576001856,"Mz_vs_On","On higher"
"hsp90ab1",380.070124496277,-1.74105159077522,1.07654942100893,0.0117351778701243,0.0397090705051808,"Mz_vs_On","On higher"
"dipk2ab",6.82698202854123,2.81843269283082,2.03900706746521,0.0118435513317004,0.0400511490024681,"Mz_vs_On","Mz higher"
"zgc:92606",26.5207817149127,-1.95500561026308,1.38213357582936,0.0119198268722481,0.0402614625861654,"Mz_vs_On","On higher"
"cat",9.61865518200146,-1.17613763164053,2.19710750068375,0.0119203785083358,0.0402614625861654,"Mz_vs_On","On higher"
"vat1",145.64366773311,-1.91744184166879,1.58214500897553,0.0119429509662635,0.0403129547339766,"Mz_vs_On","On higher"
"arih2",8.30548382830972,-2.16214323192907,1.60116686370824,0.0120054793852068,0.0404991708015989,"Mz_vs_On","On higher"
"cyb5d2",54.4276313266916,-2.68096916689626,2.99609818473239,0.0120883315750622,0.0407536766703383,"Mz_vs_On","On higher"
"bmp1a",18.4990472752786,-1.94532733643787,2.32383113495017,0.0121034789484331,0.0407685505171289,"Mz_vs_On","On higher"
"rcn3",86.4863472869777,-1.86368320486858,1.26380269441344,0.012107562985276,0.0407685505171289,"Mz_vs_On","On higher"
"si:ch211-59d15.9",6.76294327541601,3.31652108666012,2.72237839896273,0.0121274854956429,0.0408106576128608,"Mz_vs_On","Mz higher"
"papss2a",13.5431833731412,2.64371189605694,1.78174792440911,0.0122268882904356,0.0411200118422839,"Mz_vs_On","Mz higher"
"piwil1",28.263041820895,-1.80747228354053,2.66973330222426,0.0122443249430955,0.0411534977623161,"Mz_vs_On","On higher"
"spout1",7.10633665309209,-1.80030723671908,3.71783915551262,0.0122653566995115,0.0411990186573334,"Mz_vs_On","On higher"
"irx7",17.4110618741197,2.38495592306039,1.54808511231365,0.012325601466527,0.0413761191390063,"Mz_vs_On","Mz higher"
"parga",8.91642523965743,-1.81567221179173,3.16212308405359,0.0123342650538564,0.0413799550770232,"Mz_vs_On","On higher"
"psma5",9.33951865493909,-2.03431863781555,1.55587569766186,0.0123733535178762,0.0414779012429453,"Mz_vs_On","On higher"
"lnpep",9.28762526146178,-1.95371520746109,1.3801790321553,0.0123785375937688,0.0414779012429453,"Mz_vs_On","On higher"
"SUCNR1",261.665134766735,3.26210461628628,3.19044575529218,0.0124549674013335,0.0417086005125606,"Mz_vs_On","Mz higher"
"eif3i",31.0296504212234,-1.91799091847348,2.1510704661637,0.0125247884984202,0.0419169016534722,"Mz_vs_On","On higher"
"itpr2",9.9797239686124,-2.0059566648557,1.67944953149496,0.0125349833013453,0.0419255186164145,"Mz_vs_On","On higher"
"tgm2b",27.8902292904822,-2.83754610658749,2.27881268332236,0.0126971918606444,0.0424422537164431,"Mz_vs_On","On higher"
"atf4b",24.2651600882551,-1.89950425133971,1.36476978191979,0.0127261150534455,0.042513105661237,"Mz_vs_On","On higher"
"sgce",51.4771587428821,1.89123578527418,1.0426605339128,0.0127831732307522,0.0426778028614069,"Mz_vs_On","Mz higher"
"sumo1",18.4337745129757,1.94265403543629,1.10846981200477,0.0128543776627787,0.0428840691240933,"Mz_vs_On","Mz higher"
"jpt2",17.9868253382237,-1.92617757083163,1.52482887849974,0.0128605441757096,0.0428840691240933,"Mz_vs_On","On higher"
"eif2s3",86.2528262995633,-1.91568788909815,1.84323316376343,0.0128788063519985,0.0429189536939404,"Mz_vs_On","On higher"
"ube2f",14.540726799097,-1.46578930307719,2.89883309223471,0.0128976919784276,0.0429558724366277,"Mz_vs_On","On higher"
"anp32b",64.0080775002387,-1.40893342408853,0.731194058293352,0.0129508130745401,0.0431066990539137,"Mz_vs_On","On higher"
"pds5b",6.06236134425676,-2.89637589169241,2.47533595077117,0.0129667050872316,0.0431335014449505,"Mz_vs_On","On higher"
"trappc4",72.3379766957268,1.70120126670536,0.913270737161859,0.0129973666223453,0.0432093722997849,"Mz_vs_On","Mz higher"
"gpat4",6.50549560658793,-1.47624805194725,2.88413595183514,0.0130246780891244,0.0432740210424893,"Mz_vs_On","On higher"
"rnls",9.42316084682793,-2.05071432979693,1.62571127531723,0.0130494894534068,0.043330290267136,"Mz_vs_On","On higher"
"blvrb",45.1018957457249,-1.50790357105531,2.56818283724552,0.0131177698540826,0.0435307416991329,"Mz_vs_On","On higher"
"MSRB1",11.9246390087734,-1.99926489662177,2.1498629027811,0.0131675465504646,0.0436231736601885,"Mz_vs_On","On higher"
"map6b",20.4072671012392,-1.92222071685269,2.48869870541943,0.0131694095691699,0.0436231736601885,"Mz_vs_On","On higher"
"rrn3",8.00083316971907,-0.781258979844505,1.49955075865074,0.0131548348311789,0.0436231736601885,"Mz_vs_On","On higher"
"ponzr1",7.22866027895753,-1.96957838526626,2.53984243537017,0.0131939585906641,0.0436781950456282,"Mz_vs_On","On higher"
"rab10",20.0717011338357,-1.77589944245853,1.12614609766605,0.0132891441233288,0.0439668496491612,"Mz_vs_On","On higher"
"MOK",24.9778739754232,2.04440897106314,1.36014505677908,0.0133390613785525,0.0441054781879783,"Mz_vs_On","Mz higher"
"zmp:0000001048",21.3698120768919,-1.97529838180089,1.4344350872538,0.013350843564649,0.0441179226983175,"Mz_vs_On","On higher"
"actr3",40.8214715707984,-1.88105590337836,1.8763986790208,0.0133685554443259,0.0441499352068915,"Mz_vs_On","On higher"
"zgc:91976",8.48635683028642,-1.9712171355813,1.37811233129477,0.0133874973779041,0.044185969150107,"Mz_vs_On","On higher"
"lum",13.1550297150618,-1.41621552212977,2.55615904061685,0.0135007167176532,0.0445329396765756,"Mz_vs_On","On higher"
"ppiab",136.816020239045,-1.86267307777848,1.8458136641404,0.0135298348939045,0.0446022478048307,"Mz_vs_On","On higher"
"alg8",11.1955689709976,-1.9863321170128,1.73919808898546,0.0135585697313976,0.0446702099773351,"Mz_vs_On","On higher"
"chd1",9.88438612617229,-2.00775989963823,1.57506233152509,0.0136161842471986,0.0448331811658208,"Mz_vs_On","On higher"
"ehd1a",11.6139699546165,-1.88126729454105,1.33879729038569,0.0136258048976471,0.0448380254466831,"Mz_vs_On","On higher"
"dis3l",26.1550589573765,-2.48829007265739,3.09642844922427,0.0136884287868861,0.0449712384017267,"Mz_vs_On","On higher"
"ap4m1",7.66635364139904,2.38855039365085,1.5712186053035,0.0136989813815511,0.0449712384017267,"Mz_vs_On","Mz higher"
"si:ch211-233a24.2",10.2746196090241,-1.98094556871494,1.66896412449572,0.0136980892597445,0.0449712384017267,"Mz_vs_On","On higher"
"pgm1",11.8916000319873,-1.93788261665284,2.02028925839709,0.0136931122746638,0.0449712384017267,"Mz_vs_On","On higher"
"srebf1",15.1249355601657,-1.87995157625549,1.35042088763039,0.0137138610050053,0.0449721213884092,"Mz_vs_On","On higher"
"GABRA5",16.3682956706787,-1.77400446399706,3.57279111032319,0.0137155979079881,0.0449721213884092,"Mz_vs_On","On higher"
"epg5",7.09727312117592,-2.17545262990605,2.02179883473282,0.0137325577798055,0.045000912986593,"Mz_vs_On","On higher"
"akt3a",9.35479163657517,-1.96546090328779,1.6126242583226,0.0137446860238726,0.0450138467281829,"Mz_vs_On","On higher"
"tspan4b",15.1590059858483,-1.9579000261724,2.12468416080134,0.0138902816208038,0.0454636106351353,"Mz_vs_On","On higher"
"cyp2r1",8.12543976657222,-2.1793039429034,2.24744286195526,0.0139101539855879,0.045501585748338,"Mz_vs_On","On higher"
"grk1a",68.9824111175498,-1.65688075036096,1.03712122379905,0.0139375345493105,0.0455640612538956,"Mz_vs_On","On higher"
"sox10",15.3706362070572,-1.37757364412762,2.45864864576998,0.013946214485655,0.0455653634798539,"Mz_vs_On","On higher"
"hyi",9.63406203002316,-2.7793636404885,2.16401437501085,0.0140355528488988,0.0456944448370657,"Mz_vs_On","On higher"
"tmf1",6.84433145656703,-2.10435766764155,1.84810067492073,0.0140191887046868,0.0456944448370657,"Mz_vs_On","On higher"
"mrps28",21.2637482456518,-2.00841720116134,1.80064219815289,0.0140087104621718,0.0456944448370657,"Mz_vs_On","On higher"
"SOX8",7.86994311599816,-1.96159165133122,2.16701617692588,0.0140319619085738,0.0456944448370657,"Mz_vs_On","On higher"
"ubr3",9.76478385023785,-1.92996711707149,2.42188395508691,0.0140242870571548,0.0456944448370657,"Mz_vs_On","On higher"
"kremen1",36.105277509496,-0.178037745768473,1.04355152687383,0.0140346779574198,0.0456944448370657,"Mz_vs_On","On higher"
"fam53b",27.301535030099,-1.80735606769799,1.17262683861212,0.0140672892696658,0.0457706833599651,"Mz_vs_On","On higher"
"cipca",28.0355813904128,2.65769914994346,1.90906194442609,0.0140893063299885,0.0457881650487871,"Mz_vs_On","Mz higher"
"txndc17",13.8062626945956,-2.10114271506909,1.65475393672919,0.0140891638266169,0.0457881650487871,"Mz_vs_On","On higher"
"slc6a16a",27.740163818941,2.42035042586423,1.74873686517683,0.0141104209400876,0.0458297142930117,"Mz_vs_On","Mz higher"
"aqp11",58.5671604186149,-1.64499302668821,1.02921642099611,0.0141467668906718,0.0459206557123753,"Mz_vs_On","On higher"
"aptx",25.6312545991344,-0.200439427759205,1.04983227672054,0.014169593413314,0.0459676314622958,"Mz_vs_On","On higher"
"htt",7.96999251507035,-2.10936063318189,1.54305604379932,0.0142313202139866,0.0461135004813628,"Mz_vs_On","On higher"
"kat6a",10.9512451905598,-1.82626270454336,1.24618174637458,0.0142266054943552,0.0461135004813628,"Mz_vs_On","On higher"
"thraa",10.5284036668767,-1.16551293487148,2.19681630746971,0.0142462751645268,0.046134788672882,"Mz_vs_On","On higher"
"aup1",5.95760713643211,-2.01118979572602,1.73034566871798,0.0142710311230094,0.0461877724934106,"Mz_vs_On","On higher"
"sdf4",25.6194846398908,-1.83259546328506,1.36466276109265,0.0143100937552449,0.0462869699243724,"Mz_vs_On","On higher"
"gde1",13.167935926126,2.01900213544287,1.18520674158267,0.0143832976187935,0.0464691153837944,"Mz_vs_On","Mz higher"
"amd1",11.8947523611735,-1.78770807460549,1.1725594783215,0.0143792133913014,0.0464691153837944,"Mz_vs_On","On higher"
"ncoa4",39.2856168895801,-1.83967528415564,1.47559746511204,0.014421892559376,0.0465664629469993,"Mz_vs_On","On higher"
"uqcrc2a",6.02035191409011,-2.02375687745721,2.42534356957657,0.0144395070558051,0.0465959928569146,"Mz_vs_On","On higher"
"aldh7a1",30.0250848594875,-1.78753526646625,1.21704373002141,0.0144499358831023,0.0466023137331939,"Mz_vs_On","On higher"
"tufm",9.91376987800078,-1.80233353091869,1.13810093733474,0.0144855497968797,0.046689803738976,"Mz_vs_On","On higher"
"got2a",21.0858134085684,-1.56932502548021,0.916627273437471,0.0145163033825335,0.0467615346666857,"Mz_vs_On","On higher"
"NPC1L1",6.63905185932133,-1.6757255158647,3.25702107539924,0.0145309565878081,0.0467813476571799,"Mz_vs_On","On higher"
"ada2b",23.2859349024892,-1.19596778827489,2.1370760346316,0.0145872371164925,0.0469350752134163,"Mz_vs_On","On higher"
"crebl2",15.2169361427986,-1.91517200142959,1.71080542325847,0.014634472387261,0.0470595365720105,"Mz_vs_On","On higher"
"RAMAC",23.0677485151321,-1.85009398041649,1.57084792536659,0.0147835387758617,0.0475111158556023,"Mz_vs_On","On higher"
"apbb3",12.4139825818724,-1.98994838750529,1.94100802776805,0.014819809103424,0.0475998772253584,"Mz_vs_On","On higher"
"hddc3",27.4399489627824,-2.20613397653062,1.48309935989706,0.0148812963882797,0.0477694823385734,"Mz_vs_On","On higher"
"DDAH1",5.48313314247895,-2.11031065784437,1.73151064688864,0.0149118154742461,0.0478395386234996,"Mz_vs_On","On higher"
"ajuba",5.53872596580057,-2.50235967399585,2.77672874226396,0.0149897620180946,0.0480335880160491,"Mz_vs_On","On higher"
"aarsd1",32.6568577636691,2.09950006206318,1.40449048628866,0.0149875746963705,0.0480335880160491,"Mz_vs_On","Mz higher"
"ifih1",8.93547136330161,-1.94244543447972,2.49335591577452,0.0150327630580143,0.0481433424593683,"Mz_vs_On","On higher"
"sdccag8",21.2485386153235,-1.85179722861493,1.34507117704257,0.0150607142274988,0.0482047991155895,"Mz_vs_On","On higher"
"prelp",24.7198592243802,-1.4646940570931,2.43891872951126,0.015078933635368,0.0482350539894157,"Mz_vs_On","On higher"
"pagr1",7.44755831137264,-1.61802930390512,2.9350954040742,0.0150915031627322,0.0482472111570904,"Mz_vs_On","On higher"
"usp9",15.3784131389643,-1.81684840213845,1.24794297223218,0.0151467319333292,0.0483956556894176,"Mz_vs_On","On higher"
"nsmaf",277.893965721457,2.19828294727996,1.47709131691805,0.0151850132927697,0.0484681339136218,"Mz_vs_On","Mz higher"
"OSBPL10",7.43437835239889,-1.8600617859032,2.54162485434431,0.0151870343269873,0.0484681339136218,"Mz_vs_On","On higher"
"hipk2",11.3790295169577,-1.94428630832376,1.97800672165171,0.0151980357810772,0.0484751262999924,"Mz_vs_On","On higher"
"zmynd12",197.396923975857,-1.76580052097825,1.41003366814025,0.0152231906394146,0.0485272276350283,"Mz_vs_On","On higher"
"ephx1",8.89674127474557,-1.99317858784898,1.73214226589891,0.0152889487284021,0.0487086253061196,"Mz_vs_On","On higher"
"polr2l",14.39849534808,-1.71543300525113,1.08569391273839,0.0153039342195343,0.0487281516642809,"Mz_vs_On","On higher"
"NDUFS1",23.7015095838513,-1.64140182683342,1.02767084945254,0.0153131382220384,0.0487292576620331,"Mz_vs_On","On higher"
"taf1",12.8422748293878,-1.85060529822199,1.33906587878297,0.0153253888376935,0.0487400516676239,"Mz_vs_On","On higher"
"jund",9.0759612629426,-1.92871490872359,1.53880059113274,0.0153615418052085,0.0487986160578852,"Mz_vs_On","On higher"
"pdgfrl",25.6888853445347,-1.8313457647365,1.50848346349109,0.0153548342341076,0.0487986160578852,"Mz_vs_On","On higher"
"actr10",9.16580816665378,-1.99266154811319,1.47942991926602,0.0153747395513263,0.0488123583447185,"Mz_vs_On","On higher"
"sephs2",6.87242044779822,-2.49022731238155,2.82386017024246,0.0154065998595309,0.0488841162902252,"Mz_vs_On","On higher"
"naprt",5.82281967161141,-1.39743770566416,2.73399049627111,0.0154151111893022,0.0488841162902252,"Mz_vs_On","On higher"
"fabp3",16.0308084242973,-1.44527526416825,2.43807337587191,0.01544620818938,0.0489545146647286,"Mz_vs_On","On higher"
"abcg1",8.93243729758342,-2.33498519780133,1.86081059110256,0.0154933518650349,0.0490756603116995,"Mz_vs_On","On higher"
"tspan9a",6.22871306709236,-2.72694710184812,2.08442019742053,0.0155211737393625,0.0491079581884299,"Mz_vs_On","On higher"
"PDE3A",7.70228143797425,-1.89748693878372,3.03716913917494,0.0155273933270167,0.0491079581884299,"Mz_vs_On","On higher"
"p3h2",25.747322329108,1.80052648491237,1.04192328276455,0.0155392503100793,0.0491079581884299,"Mz_vs_On","Mz higher"
"irf2bp2a",22.476208671508,-1.58619703346757,0.926205575274861,0.0155361257857257,0.0491079581884299,"Mz_vs_On","On higher"
"mfsd4aa",10.1363803878402,-1.25602311023823,2.25011566643224,0.0155542468223193,0.0491271331896676,"Mz_vs_On","On higher"
"ZC3H7B",6.00621252249786,-2.00213100984087,2.85570264834045,0.0156100378407176,0.0492237239920018,"Mz_vs_On","On higher"
"med12",8.86909450089798,-1.81704928967584,1.24592500956154,0.0156116681872125,0.0492237239920018,"Mz_vs_On","On higher"
"postna",19.6318966115583,-0.776794524551348,1.4769135873796,0.015606975726352,0.0492237239920018,"Mz_vs_On","On higher"
"lmnl3",55.4132047310372,-1.79526256219131,1.53121620691572,0.0156518882308087,0.0493222732221703,"Mz_vs_On","On higher"
"eif4a2",20.8018552937422,-1.82899749438656,1.87308470695147,0.0158094116812184,0.049790144859796,"Mz_vs_On","On higher"
"vwde",7.39242793597914,3.04408381685342,3.27290169587415,0.0158814222235808,0.0499279543229435,"Mz_vs_On","Mz higher"
"nup107",6.11371508724752,-2.03408590065397,2.55675089739643,0.0158816083687617,0.0499279543229435,"Mz_vs_On","On higher"
"ndufs2",36.9961790229591,-1.63168040650675,1.03602000885368,0.0158666724944567,0.0499279543229435,"Mz_vs_On","On higher"
"KCNQ4",7.54655508028973,-1.39815855215358,2.63900901800673,0.0158894671064111,0.0499279543229435,"Mz_vs_On","On higher"
"ISCU",21.0732439882614,2.26598556607847,1.53043756980014,0.0159172558008312,0.0499867245526104,"Mz_vs_On","Mz higher"
"nubp2",1429.76616310639,1.6560175944249,0.919805750434968,0.0159263973542005,0.0499869014505484,"Mz_vs_On","Mz higher"
