"gene_name","baseMean","log2FoldChange","lfcSE","pvalue","padj","comparison","sig"
"gabpa",4526.93163419131,-10.5608546917699,0.784690675737167,1.65003522021043e-43,1.33471348962822e-39,"Ab_vs_Pn","Pn higher"
"gpr174",13450.2662524996,-11.5473145992964,0.869928296879253,3.38730874067221e-40,1.36999702016487e-36,"Ab_vs_Pn","Pn higher"
"gnai3",10366.2163674878,14.3510821299251,1.31639929604216,1.84821384024176e-28,4.98340058457188e-25,"Ab_vs_Pn","Ab higher"
"pcsk2",11756.7239825063,15.0106755748508,1.3981718681117,2.99629371412138e-27,6.05925496338196e-24,"Ab_vs_Pn","Ab higher"
"map2k1",17920.2652668455,14.6367120030142,1.36914738489311,4.80585602217375e-27,7.77491387267269e-24,"Ab_vs_Pn","Ab higher"
"slc25a12",964.331266481056,-8.13493747774903,0.786674022039615,9.9075213299149e-27,1.33569900062803e-23,"Ab_vs_Pn","Pn higher"
"fkbp3",26651.3350192204,-19.8575383040457,4.16299411699953,9.19863189117569e-24,1.06296761953886e-20,"Ab_vs_Pn","Pn higher"
"higd2a",605.604013881262,-8.68616470608151,0.878726982937843,1.59405643007658e-23,1.61179030786118e-20,"Ab_vs_Pn","Pn higher"
"ppt1",2632.67274884842,-9.78957765985509,1.01596559240225,2.16205816953643e-23,1.94320983704224e-20,"Ab_vs_Pn","Pn higher"
"atg13",514.009152076064,9.94584242325842,1.02922946774711,8.86059777506775e-23,7.1673375402523e-20,"Ab_vs_Pn","Ab higher"
"znf710a",1600.31170560772,-9.61892316516487,1.01834409701985,5.00860450016815e-22,3.68314561835092e-19,"Ab_vs_Pn","Pn higher"
"rbm25b",337.425387646976,7.39735237455548,0.820845231177521,2.46981092620348e-20,1.66485838183833e-17,"Ab_vs_Pn","Ab higher"
"eya4",686.751733978778,10.8348203835024,1.20336722021914,3.43874928105962e-20,2.13969561034548e-17,"Ab_vs_Pn","Ab higher"
"gltpd2",1116.2629369664,-8.35409747756201,0.959809544258228,6.38254454387518e-20,3.68774305824331e-17,"Ab_vs_Pn","Pn higher"
"prpf31",530.648338838235,-9.68390139868282,1.0951841353683,9.41923023713073e-20,5.07947689254336e-17,"Ab_vs_Pn","Pn higher"
"pcyt1aa",3209.5175441249,-17.3210139447643,3.90493939272635,1.23200932721476e-19,6.11811644401994e-17,"Ab_vs_Pn","Pn higher"
"sh3d19",3635.09184327507,13.144557474587,1.47950956943614,1.32631301481442e-19,6.11811644401994e-17,"Ab_vs_Pn","Ab higher"
"COG5",1004.27036669807,7.98729797977383,0.909781862591641,1.36143028795103e-19,6.11811644401994e-17,"Ab_vs_Pn","Ab higher"
"rhot2",1916.97126374129,-16.0919255576116,3.71300942949149,2.23508896925685e-19,9.09294230811357e-17,"Ab_vs_Pn","Pn higher"
"KDM7A",723.003925256352,-6.93107040026719,0.799679962262172,2.24822408409286e-19,9.09294230811357e-17,"Ab_vs_Pn","Pn higher"
"cdkl5",1043.98591884643,11.2561063357966,1.27781740278972,2.61142030564621e-19,9.6228687014771e-17,"Ab_vs_Pn","Ab higher"
"PIP4K2B",672.15978334287,-9.13224401913983,1.0431251699187,2.61717284500552e-19,9.6228687014771e-17,"Ab_vs_Pn","Pn higher"
"nfe2l2a",708.45443811375,-5.64197239995104,0.653593485942032,2.90134750469893e-19,1.02039130284825e-16,"Ab_vs_Pn","Pn higher"
"irak4",391.284860676176,9.87268575525717,1.14552662538349,8.02210282149837e-19,2.59563158892401e-16,"Ab_vs_Pn","Ab higher"
"usp4",2030.02890009173,-8.33108305033851,1.00013438286323,7.87689103828051e-19,2.59563158892401e-16,"Ab_vs_Pn","Pn higher"
"DCTN6",554.263719947358,-6.54009202540386,0.771864485050937,9.73095679211401e-19,3.02745036505424e-16,"Ab_vs_Pn","Pn higher"
"rabepk",839.137813987493,6.95711280257411,0.812139654378587,1.2969406420568e-18,3.88553809392497e-16,"Ab_vs_Pn","Ab higher"
"cttnbp2nlb",616.229618855626,10.1120763740386,1.17828295814386,2.09349029923003e-18,6.04794393945417e-16,"Ab_vs_Pn","Ab higher"
"psma6l",317.046586671082,9.48606407371694,1.13387886153732,8.50395350497804e-18,2.37201654833681e-15,"Ab_vs_Pn","Ab higher"
"hspa12b",954.570109364176,-7.74524423378257,0.949958528158531,9.08848533516003e-18,2.45055859587031e-15,"Ab_vs_Pn","Pn higher"
"dkk3a",950.767325766665,-7.77904863475949,0.971710470210502,1.73261710864368e-17,4.52101283607056e-15,"Ab_vs_Pn","Pn higher"
"tab3",976.69651391254,-8.18409225405079,1.00497816040082,2.28391875201163e-17,5.77331837031939e-15,"Ab_vs_Pn","Pn higher"
"TMEM43",1579.4816969578,-8.31788965438589,1.05232564597518,2.46452956422878e-17,6.0410847409232e-15,"Ab_vs_Pn","Pn higher"
"tlk2",765.810361190562,-14.821876786918,3.57448654111409,3.55018855123901e-17,8.44631623263892e-15,"Ab_vs_Pn","Pn higher"
"zrsr2",614.72103006652,9.11897410987186,1.10831777959347,3.95685432606233e-17,9.14485561243377e-15,"Ab_vs_Pn","Ab higher"
"kansl1a",765.568309439314,8.8332714892521,1.07963439482998,4.19699749626686e-17,9.43042020758407e-15,"Ab_vs_Pn","Ab higher"
"gla",3521.69074170046,-10.5473621943569,1.3343075712299,6.42422745473177e-17,1.4044750238196e-14,"Ab_vs_Pn","Pn higher"
"COMTD1",2853.46835698556,-7.44669460092847,0.948521751670647,6.6545862588643e-17,1.41655126968298e-14,"Ab_vs_Pn","Pn higher"
"tmem54b",699.538719018567,10.9090355171557,1.33437536552396,7.36591834308753e-17,1.52776701223679e-14,"Ab_vs_Pn","Ab higher"
"thoc1",316.826996684413,-7.84916620217654,0.975440887786293,1.01447470129713e-16,2.05152146469813e-14,"Ab_vs_Pn","Pn higher"
"mrps30",358.972391684193,-6.7223568305828,0.838207483386088,1.11635245741757e-16,2.20248171415871e-14,"Ab_vs_Pn","Pn higher"
"mrps25",823.898135307869,-14.3498930830576,3.5125476992805,1.34161171023934e-16,2.58388026764906e-14,"Ab_vs_Pn","Pn higher"
"golga2",161.836729361139,6.96170518002982,0.871421660700524,1.58425074182115e-16,2.98023354664914e-14,"Ab_vs_Pn","Ab higher"
"slc20a1b",1658.70294911147,-6.61350080665619,0.860461836854023,1.97405173171891e-16,3.62911464951687e-14,"Ab_vs_Pn","Pn higher"
"fhl1a",776.077310087204,7.88901522528129,0.993174337830412,2.02644585489156e-16,3.64264900449284e-14,"Ab_vs_Pn","Ab higher"
"msto1",687.762723152692,12.3154792571667,1.5281515144528,2.85989632577817e-16,5.02906551722166e-14,"Ab_vs_Pn","Ab higher"
"vars1",368.759501749057,-5.87852629462053,0.755941423641415,3.55492072054496e-16,6.11824546989111e-14,"Ab_vs_Pn","Pn higher"
"hspa8b",616.555643438353,9.42423208317901,1.19716604894249,5.00673492691977e-16,8.43739142163626e-14,"Ab_vs_Pn","Ab higher"
"pdcd11",1102.75783960048,-7.61093998884737,0.973811346752143,8.16834676969701e-16,1.34844402081794e-13,"Ab_vs_Pn","Pn higher"
"hes6",190.882993894065,13.5781400914682,3.02993383664766,8.51071760614019e-16,1.34986656306016e-13,"Ab_vs_Pn","Ab higher"
"rftn2",577.448259070329,12.0825236165351,1.52291473492686,8.46853335076831e-16,1.34986656306016e-13,"Ab_vs_Pn","Ab higher"
"rapgef1b",454.89966703364,-6.65062434993664,0.888582410030098,8.7689870854929e-16,1.36408339489523e-13,"Ab_vs_Pn","Pn higher"
"wdr74",260.545885804457,-7.57404982981563,0.975090570233398,9.32721936832465e-16,1.42354485793166e-13,"Ab_vs_Pn","Pn higher"
"aspdh",326.878183775693,-7.54619634830282,0.977067919149173,1.31683181449823e-15,1.97256528656967e-13,"Ab_vs_Pn","Pn higher"
"ascc2",484.418529937582,-6.11190906595413,0.807982739198971,1.46782171264338e-15,2.15876542428587e-13,"Ab_vs_Pn","Pn higher"
"mrpl9",659.619771031464,-14.0767418797361,3.51189819975485,1.8468052412527e-15,2.66764421365948e-13,"Ab_vs_Pn","Pn higher"
"enosf1",592.765560995086,6.78571222026844,0.880080838645115,1.95095430049574e-15,2.76864374328246e-13,"Ab_vs_Pn","Ab higher"
"cnot3a",264.895956070755,7.41893797507782,0.96841084663193,2.12075092799798e-15,2.90758546721621e-13,"Ab_vs_Pn","Ab higher"
"LLGL1",314.091329905172,7.14558873676964,0.92974696770186,2.11876395126741e-15,2.90758546721621e-13,"Ab_vs_Pn","Ab higher"
"klhl18",991.668902982559,8.70913303791151,1.13642776988998,3.14098087398745e-15,4.23456571494741e-13,"Ab_vs_Pn","Ab higher"
"ccdc51",1173.46649131106,-15.2916268159324,3.74876448435884,3.21221029766653e-15,4.25960149144665e-13,"Ab_vs_Pn","Pn higher"
"g6pc3",181.72186420157,13.5859392840372,3.13894153441839,3.77174410458137e-15,4.84656078829752e-13,"Ab_vs_Pn","Ab higher"
"cdk2ap2",367.674753243333,9.36291639947799,1.22438243589973,3.77467337943805e-15,4.84656078829752e-13,"Ab_vs_Pn","Ab higher"
"atp6v0cb",326.201515889667,-13.6288660200771,3.44570330054997,4.5860350899792e-15,5.79631841294402e-13,"Ab_vs_Pn","Pn higher"
"ncln",566.346144348871,10.5472793834032,1.38215589636407,4.880517703478e-15,6.07361656975901e-13,"Ab_vs_Pn","Ab higher"
"znf526",246.634807947077,8.13954323048588,1.07790808137732,6.24370984695636e-15,7.65232862909545e-13,"Ab_vs_Pn","Ab higher"
"rida",1590.44271132756,-15.4175753640923,3.79429473172362,8.38528586278904e-15,9.86430947096893e-13,"Ab_vs_Pn","Pn higher"
"csrp2",611.934467313214,10.2204530133558,1.35797810082855,8.3872381143403e-15,9.86430947096893e-13,"Ab_vs_Pn","Ab higher"
"katnb1",404.034785367031,8.91314943054752,1.18708476668312,8.41435719491725e-15,9.86430947096893e-13,"Ab_vs_Pn","Ab higher"
"fam113",221.589222037079,-5.83646893536748,0.801909226026711,1.00961326432457e-14,1.1666802421602e-12,"Ab_vs_Pn","Pn higher"
"dnajb12b",1018.21835683395,14.0144700536618,3.09316330259794,1.21355401955166e-14,1.38259696678216e-12,"Ab_vs_Pn","Ab higher"
"zwilch",8253.81113093214,9.04428414361914,1.20496901672854,1.27042082815742e-14,1.42728251096741e-12,"Ab_vs_Pn","Ab higher"
"cog4",1085.39921197406,-8.3368164135766,1.14945358377134,1.36584124264976e-14,1.51346435777999e-12,"Ab_vs_Pn","Pn higher"
"prdx2",788.752614133161,-14.431919783742,3.61349611387182,1.54789702453189e-14,1.69201878803223e-12,"Ab_vs_Pn","Pn higher"
"mief1",1013.19200072009,-15.4022558163298,3.81175011859623,1.68286504236631e-14,1.81502604369348e-12,"Ab_vs_Pn","Pn higher"
"hgd",929.362073251527,-14.5519230334473,3.66121416693431,2.6998642662906e-14,2.84719556926277e-12,"Ab_vs_Pn","Pn higher"
"ppp4r3b",467.814813211901,-14.2508142522595,3.60489410806232,2.71027393785676e-14,2.84719556926277e-12,"Ab_vs_Pn","Pn higher"
"ckmt2a",939.948765877783,-7.49919101737671,1.04916661289279,2.80350564795849e-14,2.90737912645336e-12,"Ab_vs_Pn","Pn higher"
"cilp",458.613175460474,-7.81522454324243,1.07971570336942,3.02714571704803e-14,3.09956730445589e-12,"Ab_vs_Pn","Pn higher"
"C18orf25",196.010159244758,7.4491486310627,1.01975628143526,3.69891235536535e-14,3.74006275531879e-12,"Ab_vs_Pn","Ab higher"
"fbxl15",440.850631693556,-14.1109152352894,3.58896455249485,4.17570459673558e-14,4.16783133696049e-12,"Ab_vs_Pn","Pn higher"
"slc37a4a",353.550308934701,-13.2822544435901,3.4316113186522,4.22502373137298e-14,4.16783133696049e-12,"Ab_vs_Pn","Pn higher"
"GOT1",881.508236731513,-7.49657165896529,1.04459412176539,4.3542531542836e-14,4.24356069457832e-12,"Ab_vs_Pn","Pn higher"
"mpg",128.205309219968,13.0366076382757,3.11980533293079,4.62234996644197e-14,4.45121296173203e-12,"Ab_vs_Pn","Ab higher"
"dnajc15",325.985218793869,13.0460892936738,2.85887689724473,4.72199647864897e-14,4.49367406068136e-12,"Ab_vs_Pn","Ab higher"
"mrpl47",591.584369555259,-13.5135441839972,3.47925080499631,5.8171345369806e-14,5.38637078156653e-12,"Ab_vs_Pn","Pn higher"
"exosc5",980.240615686175,-7.98534422016419,1.12086808593654,5.85981739124558e-14,5.38637078156653e-12,"Ab_vs_Pn","Pn higher"
"prdx3",279.886642574599,6.97576983700439,0.962554349820971,5.77771402797483e-14,5.38637078156653e-12,"Ab_vs_Pn","Ab higher"
"thrb",644.499773036117,-13.6591017012688,3.50981420043013,6.08854485883843e-14,5.53373475990383e-12,"Ab_vs_Pn","Pn higher"
"aldh3b1",301.741263482192,-13.01630462977,3.38634374555913,6.99701998130443e-14,6.2887660698635e-12,"Ab_vs_Pn","Pn higher"
"brms1lb",244.977152269456,7.51979116331231,1.04346757312889,7.88607979654935e-14,7.00994499717447e-12,"Ab_vs_Pn","Ab higher"
"si:dkey-183j2.10",791.799974860173,10.8500442999045,1.50928787871076,8.27951422103496e-14,7.20139683160772e-12,"Ab_vs_Pn","Ab higher"
"nck1b",330.341866761682,7.23306368723896,1.00383814589013,8.24315571125323e-14,7.20139683160772e-12,"Ab_vs_Pn","Ab higher"
"mrpl30",357.939904590016,8.69630091214711,1.20566975973593,9.10788593250842e-14,7.83762652213411e-12,"Ab_vs_Pn","Ab higher"
"clul1",3631.52737987395,7.88987594713784,1.10471127434178,1.16143405091296e-13,9.88930530298418e-12,"Ab_vs_Pn","Ab higher"
"ttc3",165.098535374744,8.12687479443643,1.13714362424775,1.1821195363684e-13,9.96058846842085e-12,"Ab_vs_Pn","Ab higher"
"b9d1",161.991676518022,13.4510114445298,3.23275527701788,1.25068492813209e-13,1.04296808078974e-11,"Ab_vs_Pn","Ab higher"
"prmt7",629.760399964707,6.7889029072312,0.953860853394307,1.3273316578673e-13,1.09559038576414e-11,"Ab_vs_Pn","Ab higher"
"casc1",343.946256213215,7.74084648373933,1.08826671767559,1.34580030395281e-13,1.0996140059267e-11,"Ab_vs_Pn","Ab higher"
"ap1g2",322.498258926682,10.7898333596195,1.60686469912828,1.48176644363906e-13,1.19860087625964e-11,"Ab_vs_Pn","Ab higher"
"capza1b",363.85641524533,-13.6167356164505,3.50801370496936,1.63162234491432e-13,1.2722903318399e-11,"Ab_vs_Pn","Pn higher"
"nxt2",130.368223447024,10.5382512585585,1.57143244989315,1.63463564350817e-13,1.2722903318399e-11,"Ab_vs_Pn","Ab higher"
"nemp1",338.911122856115,-9.12182433057755,1.3214925359918,1.63577938572567e-13,1.2722903318399e-11,"Ab_vs_Pn","Pn higher"
"cinp",356.958679177607,-5.72891210854453,0.833768321288691,1.62229385975601e-13,1.2722903318399e-11,"Ab_vs_Pn","Pn higher"
"rbsn",261.093938082878,-12.7020194934433,3.34451884665319,1.74759990897887e-13,1.34631768226001e-11,"Ab_vs_Pn","Pn higher"
"naa20",301.324212577869,-13.1028313714031,3.42839204096677,1.93151032056257e-13,1.47396103613497e-11,"Ab_vs_Pn","Pn higher"
"C6orf62",241.890140009739,-12.6232334557939,3.32809002774578,2.1140468008252e-13,1.59817986653038e-11,"Ab_vs_Pn","Pn higher"
"myot",122.263254171367,12.4602840403128,2.99508640958757,2.13822447964797e-13,1.6014905385067e-11,"Ab_vs_Pn","Ab higher"
"reep1",316.879733446031,-13.0155491547699,3.41017294221063,2.21130858406913e-13,1.64103441619589e-11,"Ab_vs_Pn","Pn higher"
"abcf2a",259.713228873919,7.10428498439718,1.00921111116588,2.3551933771557e-13,1.73192356616477e-11,"Ab_vs_Pn","Ab higher"
"mxd3",402.620014782662,-13.5924339477348,3.53275458675342,2.43443119434775e-13,1.77406431811522e-11,"Ab_vs_Pn","Pn higher"
"mars1",766.525696387259,-14.293308005715,3.6750514100941,2.70642223924338e-13,1.95466513332497e-11,"Ab_vs_Pn","Pn higher"
"cry1a",280.230320944927,-12.861389971336,3.34549761746554,2.74371509658127e-13,1.9640629571899e-11,"Ab_vs_Pn","Pn higher"
"paqr4b",177.230786395686,10.1955767817132,1.42333776628704,2.88309032154161e-13,2.04572961499562e-11,"Ab_vs_Pn","Ab higher"
"dgcr8",148.934145572085,-6.35499546062906,0.926164740209021,3.19100901888876e-13,2.22724199734036e-11,"Ab_vs_Pn","Pn higher"
"sec23ip",252.836075230007,-6.33864944916626,0.945919324736805,3.19396800211994e-13,2.22724199734036e-11,"Ab_vs_Pn","Pn higher"
"srpra",565.023145992398,-6.76175120848967,0.984129295398011,3.44288168834266e-13,2.38029657923109e-11,"Ab_vs_Pn","Pn higher"
"acy3.2",620.472436516971,-13.2561131931534,3.47718589896496,3.97960215669881e-13,2.72805100385904e-11,"Ab_vs_Pn","Pn higher"
"tmem266",92.5705631471786,12.5541879912001,3.13107952939781,4.41505238961715e-13,2.99355500358357e-11,"Ab_vs_Pn","Ab higher"
"pmvk",1030.91817779934,-7.78786221876065,1.16016729940686,4.44092719038235e-13,2.99355500358357e-11,"Ab_vs_Pn","Pn higher"
"bag1",466.000671527432,-6.67881410403398,0.9786785168067,4.91695264915498e-13,3.28704379991856e-11,"Ab_vs_Pn","Pn higher"
"rpl6",2225.5102457346,-9.27184613914292,1.41389189105273,5.13610287853737e-13,3.40540460528597e-11,"Ab_vs_Pn","Pn higher"
"cyfip1",162.50560826973,-5.20570734046992,0.771826495297325,5.31808594079965e-13,3.49739814431938e-11,"Ab_vs_Pn","Pn higher"
"ybey",223.77235892749,-12.4349170018927,3.33336220510312,5.63412507437606e-13,3.67535788117967e-11,"Ab_vs_Pn","Pn higher"
"tceanc2",348.641487413616,9.01406752824779,1.3059820247379,5.78421730095873e-13,3.74308269979641e-11,"Ab_vs_Pn","Ab higher"
"anp32a",1031.48754479261,7.26515290407415,1.05362273441984,6.42530920897919e-13,4.12494652312958e-11,"Ab_vs_Pn","Ab higher"
"thyn1",380.638439229528,9.13673032170931,1.32456371757434,6.9908544195425e-13,4.45267885036845e-11,"Ab_vs_Pn","Ab higher"
"cldn15lb",362.669714508749,-13.2632667691195,3.49678998361421,7.519172970615e-13,4.75176485619568e-11,"Ab_vs_Pn","Pn higher"
"hexdc",263.886477722516,-6.10117417954772,0.889206226280577,8.05473350547957e-13,5.050754986498e-11,"Ab_vs_Pn","Pn higher"
"arfgap2",281.67191896911,-12.7020934119807,3.38790405295397,9.25192167746916e-13,5.74053293940165e-11,"Ab_vs_Pn","Pn higher"
"sult1st6",387.319670791393,9.23477830047243,1.34368870982615,9.29669693486977e-13,5.74053293940165e-11,"Ab_vs_Pn","Ab higher"
"blzf1",202.130785982564,-12.1269023907034,3.26984941310901,9.90241976735966e-13,6.02260702993777e-11,"Ab_vs_Pn","Pn higher"
"nr2e1",116.030551324402,10.4974879832135,1.63335814427042,9.8508971665187e-13,6.02260702993777e-11,"Ab_vs_Pn","Ab higher"
"gtf2e2",174.504390052992,-5.77564440672103,0.847171128992162,1.09976295348913e-12,6.63879293341312e-11,"Ab_vs_Pn","Pn higher"
"ilf2",185.217702094349,6.51133698972747,0.956242361392171,1.18677823920802e-12,7.11099939033603e-11,"Ab_vs_Pn","Ab higher"
"dnajc14",177.569577007183,-12.493925143453,3.35283487353148,1.25106880664947e-12,7.44109968896142e-11,"Ab_vs_Pn","Pn higher"
"copg2",282.723382600546,5.66368316028283,0.836824970584587,1.29487321642031e-12,7.64542295446998e-11,"Ab_vs_Pn","Ab higher"
"mif4gda",275.562641698055,-12.4485785006278,3.34469816855125,1.34951066689313e-12,7.91028390181054e-11,"Ab_vs_Pn","Pn higher"
"slc45a1",131.372442796785,13.1773143319007,3.30303574607166,1.41325175863955e-12,8.22431185297506e-11,"Ab_vs_Pn","Ab higher"
"rest",213.833635696401,-12.3870239154198,3.32213768008332,1.49196690809543e-12,8.62037165684564e-11,"Ab_vs_Pn","Pn higher"
"CDKL5",998.415982211289,11.8208575128665,1.70853246969844,1.63350635227576e-12,9.37122899543167e-11,"Ab_vs_Pn","Ab higher"
"zgc:101679",341.491401073884,-13.0095796940997,3.4695076582824,1.71530781328178e-12,9.7712147194622e-11,"Ab_vs_Pn","Pn higher"
"lhfpl5b",327.035668232484,14.4488727357757,3.43618266788451,1.96623898911877e-12,1.11223127153718e-10,"Ab_vs_Pn","Ab higher"
"lrrc51",357.059393298169,12.1699440096445,1.90972828669771,2.06067039141729e-12,1.14956984801203e-10,"Ab_vs_Pn","Ab higher"
"si:ch211-160o17.2",171.12402320322,8.9998501788712,1.28762580506659,2.06025845255648e-12,1.14956984801203e-10,"Ab_vs_Pn","Ab higher"
"dhrs7b",183.234085166375,-12.5290840376478,3.3750394232303,2.09148012507351e-12,1.15876594052874e-10,"Ab_vs_Pn","Pn higher"
"trmt61a",636.470322411791,11.5971707125064,1.69825356422562,2.17851244751956e-12,1.19067480999904e-10,"Ab_vs_Pn","Ab higher"
"mapk9",214.165407034091,-7.49672815307835,1.13008100151014,2.17515901023836e-12,1.19067480999904e-10,"Ab_vs_Pn","Pn higher"
"mrps36",358.80370511478,-5.71871901933924,0.863176700625741,2.26407278088934e-12,1.22913320299422e-10,"Ab_vs_Pn","Pn higher"
"zgc:171489",478.504163425908,8.2483464469037,1.22861076562616,2.29591551289809e-12,1.23811070558884e-10,"Ab_vs_Pn","Ab higher"
"hnrnph1",183.031600569522,-5.22826519827322,0.811349611418907,2.42894515840083e-12,1.30117466134466e-10,"Ab_vs_Pn","Pn higher"
"adprh",238.178534976087,-6.24685576972095,0.936415445990969,2.68925831100717e-12,1.42179153449261e-10,"Ab_vs_Pn","Pn higher"
"ctps1a",396.894895352277,-6.15376600679623,0.932580183089248,2.6782516992563e-12,1.42179153449261e-10,"Ab_vs_Pn","Pn higher"
"rhd",886.777902889,-5.08379340760729,0.789043801814074,3.03672946406915e-12,1.59507172953606e-10,"Ab_vs_Pn","Pn higher"
"cers5",169.581185712331,9.70906957376869,1.41360923347127,3.38546661697075e-12,1.76677673965654e-10,"Ab_vs_Pn","Ab higher"
"mapk8a",441.145522480895,-13.1084547288521,3.51803218169705,4.12852712128311e-12,2.14074717205507e-10,"Ab_vs_Pn","Pn higher"
"nox1",154.505572364851,8.17917388786641,1.22909772592089,4.82307055345498e-12,2.48495654184059e-10,"Ab_vs_Pn","Ab higher"
"TMEM179",130.932588691239,9.88526254193898,1.46680235165856,5.01234112304427e-12,2.5661283129307e-10,"Ab_vs_Pn","Ab higher"
"ss18l2",160.31676058213,13.3776027096832,3.3149190092404,5.18414925827317e-12,2.63739517925608e-10,"Ab_vs_Pn","Ab higher"
"pebp1",212.251544532248,7.95795206664293,1.20667086100691,5.97888958200865e-12,3.02270236430425e-10,"Ab_vs_Pn","Ab higher"
"comp",153.304626708792,13.5456630104207,3.5282237941848,6.4359841224557e-12,3.23358233332572e-10,"Ab_vs_Pn","Ab higher"
"dtnbp1b",120.343075419301,9.15766205110943,1.39085696643061,6.84066246070018e-12,3.41568633608665e-10,"Ab_vs_Pn","Ab higher"
"jazf1a",381.266355054532,7.71681252384688,1.1842427293599,8.52296630417983e-12,4.22958738862028e-10,"Ab_vs_Pn","Ab higher"
"si:dkey-40g16.6",240.610367529595,7.85115517379199,1.19892462609358,8.70133563222754e-12,4.29177462982247e-10,"Ab_vs_Pn","Ab higher"
"timm8a",354.570929553042,-12.9323992101373,3.49859388747462,8.76046740090617e-12,4.29475277611697e-10,"Ab_vs_Pn","Pn higher"
"ppfibp1a",1022.07436780805,-5.60002950865108,0.894292219160255,8.94468754850435e-12,4.35864925179829e-10,"Ab_vs_Pn","Pn higher"
"pdxp",229.438671214005,-12.1402072888733,3.33191012322218,1.0307656605435e-11,4.99273259169843e-10,"Ab_vs_Pn","Pn higher"
"pif1",574.200204177127,7.96195689446783,1.23220560536623,1.04075423822754e-11,5.01110775775154e-10,"Ab_vs_Pn","Ab higher"
"si:ch73-61d6.3",309.662759300348,7.61552518480563,1.17410428914568,1.160731568775e-11,5.55571459161004e-10,"Ab_vs_Pn","Ab higher"
"si:dkey-69o16.5",387.94380965927,10.8133033925045,1.65746844690206,1.22321978977038e-11,5.8203675761486e-10,"Ab_vs_Pn","Ab higher"
"si:ch211-203k16.3",105.95641029389,8.11348337944982,1.2633935720799,1.30243663987114e-11,6.16105846778808e-10,"Ab_vs_Pn","Ab higher"
"m6pr",84.4770768764386,8.71937714967716,1.32626109721558,1.31030806832164e-11,6.16225695619404e-10,"Ab_vs_Pn","Ab higher"
"atraid",278.064583355377,-12.6109437139151,3.45374429534877,1.4065960244331e-11,6.57685274083198e-10,"Ab_vs_Pn","Pn higher"
"wdr48b",748.546839659033,-6.49971198730695,1.05928659313324,1.41606975103212e-11,6.58309667591887e-10,"Ab_vs_Pn","Pn higher"
"tmed1b",181.190246221334,6.8449453457375,1.06207894895556,1.44183896226516e-11,6.66459163757877e-10,"Ab_vs_Pn","Ab higher"
"nucb2a",314.553768370157,-6.17061844399047,0.971207676457284,1.55312184885101e-11,7.13818331554308e-10,"Ab_vs_Pn","Pn higher"
"wbp2",168.428433724618,-11.6563099919711,3.24714537431864,1.58124886701399e-11,7.1489798021362e-10,"Ab_vs_Pn","Pn higher"
"spsb3b",121.145158802559,9.65156693204415,1.58184398842439,1.58198465148026e-11,7.1489798021362e-10,"Ab_vs_Pn","Ab higher"
"appb",192.023831047117,-6.46898789583146,1.0168458961182,1.57826434745013e-11,7.1489798021362e-10,"Ab_vs_Pn","Pn higher"
"gba",195.252276486698,8.32725531159467,1.2977625591917,1.85632614364505e-11,8.34212343108046e-10,"Ab_vs_Pn","Ab higher"
"mcee",3311.68995499101,8.28997137016429,1.27843726305742,2.00155513355455e-11,8.94507153332749e-10,"Ab_vs_Pn","Ab higher"
"wfdc2",159.247999075409,7.15025395222988,1.12090066037241,2.3772216640145e-11,1.05655747473699e-09,"Ab_vs_Pn","Ab higher"
"dffb",452.478973405263,-12.694330847652,3.5022487688957,2.40215836913276e-11,1.06180650535054e-09,"Ab_vs_Pn","Pn higher"
"pex11b",360.021816202476,-13.6639377148896,3.70617948327203,2.48837848508712e-11,1.0880266792362e-09,"Ab_vs_Pn","Pn higher"
"si:ch211-122f10.4",77.0701778213519,11.7641052269001,3.01042302198952,2.48119590403871e-11,1.0880266792362e-09,"Ab_vs_Pn","Ab higher"
"abcf1",399.643265663937,-5.02451091973825,0.813073784504024,2.6773878839435e-11,1.16437583834511e-09,"Ab_vs_Pn","Pn higher"
"ada",501.390275951586,-6.38523102602864,1.03622999607051,2.87201135542307e-11,1.24233689058916e-09,"Ab_vs_Pn","Pn higher"
"ddx11",303.112860795819,-12.0190946466552,3.34730454288128,2.8889705050456e-11,1.24302566038904e-09,"Ab_vs_Pn","Pn higher"
"TMEM47",181.365063946135,8.88612543008601,1.40091554580234,2.92977554230575e-11,1.25391292919107e-09,"Ab_vs_Pn","Ab higher"
"ARF1",99.822483347019,-11.7472194439994,3.29802782551916,3.10381762088745e-11,1.32140951238729e-09,"Ab_vs_Pn","Pn higher"
"jam2a",939.291244781003,-15.0297385646838,4.01594901376891,3.12746909595513e-11,1.32450772341262e-09,"Ab_vs_Pn","Pn higher"
"slc33a1",132.146587072943,-12.1667570607067,3.38508191406853,3.16359690809305e-11,1.33282996820649e-09,"Ab_vs_Pn","Pn higher"
"spopla",152.288722558983,6.79324822177025,1.07838269281985,3.20196949505816e-11,1.34200680028629e-09,"Ab_vs_Pn","Ab higher"
"cnot11",1498.49147737722,-7.8546843539786,1.28758705592312,3.35603642926494e-11,1.39932879774867e-09,"Ab_vs_Pn","Pn higher"
"tubgcp4",59.2128995753237,11.1905928336013,2.94108814313288,3.39174485585686e-11,1.40696534046288e-09,"Ab_vs_Pn","Ab higher"
"dennd4a",1987.10327495951,8.43627820577462,1.34496483437041,4.04318082441954e-11,1.66863722901682e-09,"Ab_vs_Pn","Ab higher"
"bricd5",110.748756775551,9.72679245300083,1.63414411342616,4.11769759656485e-11,1.69076425678239e-09,"Ab_vs_Pn","Ab higher"
"UBE2K",148.789494381885,-11.3815646576199,3.21544970501617,4.1586149682134e-11,1.69894123625648e-09,"Ab_vs_Pn","Pn higher"
"rfc2",1631.19027537089,6.58955318223589,1.05157381303054,4.30667783105952e-11,1.7505887927357e-09,"Ab_vs_Pn","Ab higher"
"zgc:175088",131.315410790666,8.47990299865949,1.35557591374829,4.44775011134795e-11,1.79889253253468e-09,"Ab_vs_Pn","Ab higher"
"stx17",593.656288914481,-6.41021337433467,1.05015785495429,4.48880660106894e-11,1.80646550229088e-09,"Ab_vs_Pn","Pn higher"
"slc22a6l",124.362857606447,10.6519941318842,1.78904163097558,4.60991164942946e-11,1.84601858080371e-09,"Ab_vs_Pn","Ab higher"
"fam149b1",165.661922100611,11.6555555126596,3.03828858993156,4.64860695493329e-11,1.85234392406184e-09,"Ab_vs_Pn","Ab higher"
"ppp1r9a",62.5464249276645,7.04863896164424,1.12334439002384,4.97590648747897e-11,1.97304448907928e-09,"Ab_vs_Pn","Ab higher"
"cct7",211.393503742264,-12.718967370327,3.52735024988015,5.32370939978388e-11,2.09046045314815e-09,"Ab_vs_Pn","Pn higher"
"slc25a55b",306.081215071585,10.1711133881225,1.60438273004018,5.32018862878467e-11,2.09046045314815e-09,"Ab_vs_Pn","Ab higher"
"gmnn",86.3931140161546,12.463812655036,3.28192293950306,5.35411249284898e-11,2.09224231665002e-09,"Ab_vs_Pn","Ab higher"
"msh6",355.797187974283,6.9277708492914,1.1066678817221,5.86824456813339e-11,2.28212645728995e-09,"Ab_vs_Pn","Ab higher"
"adat3",96.1738150420059,6.95056668728406,1.11628495739201,6.14144914101674e-11,2.37694651204232e-09,"Ab_vs_Pn","Ab higher"
"morn5",527.829557830057,12.5725204205596,3.14360293735565,6.42457221266403e-11,2.47468402991616e-09,"Ab_vs_Pn","Ab higher"
"eya2",164.254645608153,9.64669810915061,1.52994883395682,6.50736702882773e-11,2.49469629839751e-09,"Ab_vs_Pn","Ab higher"
"slc25a44a",149.684722964504,-11.7207410814156,3.30455433681824,7.39316618747989e-11,2.82091138162853e-09,"Ab_vs_Pn","Pn higher"
"drp2",242.860464762371,13.0688053563493,3.26194546858347,7.47682471050698e-11,2.83943826682117e-09,"Ab_vs_Pn","Ab higher"
"gpatch8",201.553137659023,-5.23242249394981,0.891661270116201,7.86178516758536e-11,2.97168131871953e-09,"Ab_vs_Pn","Pn higher"
"slc30a7",158.192540628551,-5.65818431610166,0.960056561931997,7.93683219718609e-11,2.98609468107155e-09,"Ab_vs_Pn","Pn higher"
"ttyh1",127.910060639791,7.1147703498181,1.15387163885578,7.97598716952637e-11,2.98693334325458e-09,"Ab_vs_Pn","Ab higher"
"lonrf1l",177.842712809225,6.1787652222407,1.00084481377209,8.40870982668932e-11,3.13447252479677e-09,"Ab_vs_Pn","Ab higher"
"csgalnact2",135.815097646013,-11.9441889154461,3.3722180653303,8.55418415742802e-11,3.17407319492822e-09,"Ab_vs_Pn","Pn higher"
"boc",94.7554541578597,9.33762036689435,1.48707994380437,8.97889690002788e-11,3.31645191891897e-09,"Ab_vs_Pn","Ab higher"
"psma6a",362.958849405025,8.52489746506643,1.3819212004468,9.22580371106834e-11,3.39216028267417e-09,"Ab_vs_Pn","Ab higher"
"mipa",101.202056233762,11.6426941114178,3.06832285218827,9.87856641999769e-11,3.61573410730142e-09,"Ab_vs_Pn","Ab higher"
"phykpl",2727.17650152099,-5.04331754564989,0.85648171789548,1.05126784198393e-10,3.83049800621981e-09,"Ab_vs_Pn","Pn higher"
"arsg",552.964438236596,7.61246812771717,1.24768395984063,1.08021802279307e-10,3.91833344680412e-09,"Ab_vs_Pn","Ab higher"
"acvr1l",275.973455785276,-12.1123799433512,3.41916898635224,1.10049133614947e-10,3.97405107951475e-09,"Ab_vs_Pn","Pn higher"
"nr5a5",96.5268888779368,12.7725310331882,3.47887052558673,1.17276291537393e-10,4.17906573676639e-09,"Ab_vs_Pn","Ab higher"
"gatd1",204.831660195209,-11.4011207997225,3.25853153056198,1.17064889447796e-10,4.17906573676639e-09,"Ab_vs_Pn","Pn higher"
"si:ch211-114c17.1",170.938799581581,8.90763561603816,1.45448243974363,1.16692487594986e-10,4.17906573676639e-09,"Ab_vs_Pn","Ab higher"
"coa6",242.57352921045,-13.031575117051,3.63500780011352,1.17992475760302e-10,4.18614533519774e-09,"Ab_vs_Pn","Pn higher"
"p2rx5",505.913921938121,-6.66402809084797,1.12783655040142,1.18769017792811e-10,4.19529513068142e-09,"Ab_vs_Pn","Pn higher"
"cdip1",111.292248057728,-11.8636425799666,3.36876616726136,1.25884259123931e-10,4.42729466110208e-09,"Ab_vs_Pn","Pn higher"
"arl2",316.294493205331,-12.770258003397,3.57823712582241,1.2945568770716e-10,4.52100346054693e-09,"Ab_vs_Pn","Pn higher"
"pgpep1l",151.534496690562,-11.4875544716473,3.28182835766305,1.29666559877227e-10,4.52100346054693e-09,"Ab_vs_Pn","Pn higher"
"mphosph10",374.948687325653,-11.9766434063933,3.39809325385351,1.38255818142301e-10,4.79979104271704e-09,"Ab_vs_Pn","Pn higher"
"caprin1a",351.95090906553,-11.1910614503814,3.21565100181588,1.39952494535832e-10,4.837930462822e-09,"Ab_vs_Pn","Pn higher"
"ADAP1",77.6743895825737,7.2147315913975,1.17709290612713,1.43177781605779e-10,4.92836202301765e-09,"Ab_vs_Pn","Ab higher"
"nus1",146.029356095906,-12.2814649753487,3.46798705604902,1.45683636927873e-10,4.99336838605748e-09,"Ab_vs_Pn","Pn higher"
"rpf1",275.071359643796,7.65281860739905,1.26210490213484,1.48471138152595e-10,5.06743897264278e-09,"Ab_vs_Pn","Ab higher"
"tmie",54.6567433232964,11.5086640935042,3.09644953666513,1.52999908584261e-10,5.2000683215886e-09,"Ab_vs_Pn","Ab higher"
"chmp7",196.374961882771,10.6561492859991,1.84140740124501,1.54814899144186e-10,5.23973941078375e-09,"Ab_vs_Pn","Ab higher"
"edrf1",226.054944410564,7.43311810842253,1.22622574349613,1.60531270427003e-10,5.41057269368345e-09,"Ab_vs_Pn","Ab higher"
"l3hypdh",245.554901740465,8.8217220244713,1.52902087332192,1.69116217084599e-10,5.67627004148267e-09,"Ab_vs_Pn","Ab higher"
"tpx2",150.934236893879,11.4228785444439,2.87732883276024,1.71656061007817e-10,5.73771023757122e-09,"Ab_vs_Pn","Ab higher"
"ercc2",459.36420078715,10.5966407793221,1.71903472105628,1.8800419823403e-10,6.25829612969164e-09,"Ab_vs_Pn","Ab higher"
"cdk5r1b",89.9552465057772,12.4627621833293,3.30390758540798,1.89064834970669e-10,6.26780922163009e-09,"Ab_vs_Pn","Ab higher"
"naa38",256.79448977576,-12.3508858070298,3.49960561763611,1.97995885481659e-10,6.53709680678015e-09,"Ab_vs_Pn","Pn higher"
"MSMP",143.856917731812,10.8103415502414,2.93038115347411,2.05779958864202e-10,6.76648002948184e-09,"Ab_vs_Pn","Ab higher"
"uprt",250.953728598707,-12.1242729206443,3.45153211620039,2.20174509872387e-10,7.21049234962646e-09,"Ab_vs_Pn","Pn higher"
"cnga2b",125.754771495705,-5.98513997105824,1.02252223001815,2.24685232399848e-10,7.32854372936441e-09,"Ab_vs_Pn","Pn higher"
"itga10",51.1174937152634,10.342106306949,2.85201385163362,2.44878082678129e-10,7.95509562563610e-09,"Ab_vs_Pn","Ab higher"
"zdhhc8b",167.363739802535,9.54793631662617,1.57688266528313,2.47134395232323e-10,7.99628049213703e-09,"Ab_vs_Pn","Ab higher"
"psme3ip1",134.984974418315,-4.87270701415173,0.84526937190809,2.53775321072971e-10,8.17844052653092e-09,"Ab_vs_Pn","Pn higher"
"nup50",100.64717261087,-11.6886492780525,3.36015711433118,2.68838083334048e-10,8.62948911146473e-09,"Ab_vs_Pn","Pn higher"
"ugcg",90.0921574959513,-11.5203442969743,3.32339760246881,2.88604445513592e-10,9.2273571531994e-09,"Ab_vs_Pn","Pn higher"
"nsmaf",274.734624571394,10.0816770736325,1.65657690704349,2.93997753076234e-10,9.28963993997522e-09,"Ab_vs_Pn","Ab higher"
"gtf3ab",104.670319592718,8.33326192303153,1.37892760772292,2.91929755814056e-10,9.28963993997522e-09,"Ab_vs_Pn","Ab higher"
"hltf",855.56668161223,-6.91477314226682,1.20908129501872,2.93532807983966e-10,9.28963993997522e-09,"Ab_vs_Pn","Pn higher"
"ak5",162.994508078158,7.07736825459081,1.18422837152147,2.99458694417114e-10,9.42537501610908e-09,"Ab_vs_Pn","Ab higher"
"ECHDC1",63.7886868632299,6.58020457398561,1.10683099897408,3.22394861850409e-10,1.01079536337518e-08,"Ab_vs_Pn","Ab higher"
"chmp5b",137.600776221176,-10.715827620805,3.13604193717661,3.33060677757694e-10,1.04020379242548e-08,"Ab_vs_Pn","Pn higher"
"chpt1",94.6184789425795,-10.897857523968,3.18028109234508,3.54854779737421e-10,1.10400781280615e-08,"Ab_vs_Pn","Pn higher"
"RGS20",330.029327172075,11.250084684175,1.9923010968937,4.5807434489548e-10,1.41013717108371e-08,"Ab_vs_Pn","Ab higher"
"lrrc29",89.6906195493415,8.57014625749288,1.45261699731699,4.57150280877407e-10,1.41013717108371e-08,"Ab_vs_Pn","Ab higher"
"rcor2",180.3794609619,6.58579319625426,1.11972900593368,4.58481982933633e-10,1.41013717108371e-08,"Ab_vs_Pn","Ab higher"
"tecrl2a",303.779893792107,-12.6860779826429,3.6121015182394,4.8989913819272e-10,1.50105838213671e-08,"Ab_vs_Pn","Pn higher"
"churc1",65.4275100294298,6.52026247291995,1.11307945505753,5.19257052438614e-10,1.58500765931168e-08,"Ab_vs_Pn","Ab higher"
"sept8a",102.494095301243,6.11072762936373,1.04659738735865,5.25297916418743e-10,1.59741911500422e-08,"Ab_vs_Pn","Ab higher"
"zgc:85843",2059.22214750764,12.6220719825336,2.13592434424117,5.31654062536055e-10,1.61069277597534e-08,"Ab_vs_Pn","Ab higher"
"klhl15",49.0879330851508,6.19996156124241,1.05808820540238,5.46037006126973e-10,1.64809453080638e-08,"Ab_vs_Pn","Ab higher"
"mrps22",112.711328038206,12.4451082627842,3.15944570600455,5.58374049981414e-10,1.67284729270358e-08,"Ab_vs_Pn","Ab higher"
"etfdh",80.7936573348033,6.01921710578468,1.02673920933907,5.56329913195781e-10,1.67284729270358e-08,"Ab_vs_Pn","Ab higher"
"grhpra",256.821770595705,6.17691625531275,1.05901041839793,6.30836663433858e-10,1.88296596698025e-08,"Ab_vs_Pn","Ab higher"
"KCTD15",91.2624764768834,8.19412350297063,1.41566799404458,6.49261917565239e-10,1.93083810705339e-08,"Ab_vs_Pn","Ab higher"
"ddx20",78.0280529479202,7.85562722866908,1.33580307581213,6.63121612090634e-10,1.96483176564144e-08,"Ab_vs_Pn","Ab higher"
"ift22",1010.21575503773,9.51794883669286,1.63560212217693,6.9024025257569e-10,2.03425145246681e-08,"Ab_vs_Pn","Ab higher"
"pex10",110.524223812172,5.1997987557961,0.894136895611622,6.91580108083042e-10,2.03425145246681e-08,"Ab_vs_Pn","Ab higher"
"gipc2",455.696372174181,7.03262464830196,1.20995913148646,6.97387635762087e-10,2.04390166147809e-08,"Ab_vs_Pn","Ab higher"
"slc25a55a",139.611811883501,5.66879971198155,0.979633374508576,7.26282834795664e-10,2.12090319518488e-08,"Ab_vs_Pn","Ab higher"
"zgc:113425",81.8333763747058,12.3436104306305,3.36702717096481,7.33889461846289e-10,2.13540714276066e-08,"Ab_vs_Pn","Ab higher"
"pold1",356.753346220503,8.55734257438408,1.43024818126473,7.42150681072357e-10,2.15170496745315e-08,"Ab_vs_Pn","Ab higher"
"abcb7",57.4544470966349,6.0693774674589,1.04974186345893,7.89256081940425e-10,2.28010444529146e-08,"Ab_vs_Pn","Ab higher"
"tsr2",99.244113055558,7.62158931247132,1.30816922504216,8.02641513582618e-10,2.31052213643053e-08,"Ab_vs_Pn","Ab higher"
"s100t",138.318879790863,8.54816721323646,1.47583706223987,8.13775014035093e-10,2.33426457040066e-08,"Ab_vs_Pn","Ab higher"
"hpgd",180.655140374715,6.71704679045296,1.16003635160422,8.18615483929556e-10,2.33985181961349e-08,"Ab_vs_Pn","Ab higher"
"slc2a12",154.299823267853,-11.186240619088,3.28959971703325,8.51444162996508e-10,2.42511684312632e-08,"Ab_vs_Pn","Pn higher"
"aldh1l2",103.096714189784,-5.11364666423344,0.900378221755085,8.89996678252343e-10,2.52602916855551e-08,"Ab_vs_Pn","Pn higher"
"tp53bp1",40.3259192840346,6.24267927126678,1.07881844230972,9.46629999378742e-10,2.67737414859253e-08,"Ab_vs_Pn","Ab higher"
"tmem86b",79.0559304530638,-11.070898667635,3.26963164592603,9.91867135779272e-10,2.79554469035489e-08,"Ab_vs_Pn","Pn higher"
"pkd2l1",83.8216707396113,-10.6889838928205,3.17555924498299,1.006290558752e-09,2.82634872560588e-08,"Ab_vs_Pn","Pn higher"
"NT5E",191.3324962586,-4.8305013878964,0.856555186016898,1.03947798454553e-09,2.90945931383697e-08,"Ab_vs_Pn","Pn higher"
"armc2",74.6616256695692,8.10068235737949,1.3932358319023,1.05069464736173e-09,2.93071344914105e-08,"Ab_vs_Pn","Ab higher"
"cldn7b",83.3728016273616,-11.3952481159731,3.3544005651699,1.0769248247167e-09,2.99355495090495e-08,"Ab_vs_Pn","Pn higher"
"emp1",218.624356806709,-12.2292810493764,3.56414926829175,1.22192521997748e-09,3.38498393986227e-08,"Ab_vs_Pn","Pn higher"
"atp7a",168.668936713333,-11.591349787675,3.40950951987591,1.27939783741756e-09,3.5320986712869e-08,"Ab_vs_Pn","Pn higher"
"pno1",473.119221675994,6.59201853197367,1.15218757202279,1.29940017078304e-09,3.57511836104219e-08,"Ab_vs_Pn","Ab higher"
"gria3a",103.731311843621,7.28495421435169,1.2704435120708,1.33942294463669e-09,3.66033520242101e-08,"Ab_vs_Pn","Ab higher"
"cap1",448.872596790711,-5.77845211462021,1.05201911002513,1.33682632851543e-09,3.66033520242101e-08,"Ab_vs_Pn","Pn higher"
"uba52",314.545626265357,12.9319226986733,3.28685003619869,1.3532832029672e-09,3.68576021171775e-08,"Ab_vs_Pn","Ab higher"
"zfpm2a",59.8515233328313,8.79175053164795,1.63119777137364,1.38986555831805e-09,3.7726921145083e-08,"Ab_vs_Pn","Ab higher"
"prrg1",181.398956468429,7.66118120055825,1.32520019063555,1.57027334384946e-09,4.24047308369436e-08,"Ab_vs_Pn","Ab higher"
"gpkow",469.209945420573,-4.14279396894679,0.753839738888485,1.57268132662666e-09,4.24047308369436e-08,"Ab_vs_Pn","Pn higher"
"pigt",209.166721033298,8.91452519964838,1.65083853087136,1.60577970019914e-09,4.3153328886747e-08,"Ab_vs_Pn","Ab higher"
"GPR137B",55.5500188878238,9.42185772120085,1.7451306522559,1.61673938031056e-09,4.33039895607023e-08,"Ab_vs_Pn","Ab higher"
"pigf",86.0849557648729,-7.50410250639319,1.3752468982101,1.63554781140367e-09,4.36631889321594e-08,"Ab_vs_Pn","Pn higher"
"clpp",168.524168076685,-11.1146175925256,3.28946272457268,1.70950686710199e-09,4.5487503447329e-08,"Ab_vs_Pn","Pn higher"
"med15",116.411864473665,-5.49953284434264,0.987229618922132,1.7280771727206e-09,4.58308729512687e-08,"Ab_vs_Pn","Pn higher"
"rad51d",156.802562012073,-10.9472765279032,3.2670408507498,1.7945075486603e-09,4.74371619644222e-08,"Ab_vs_Pn","Pn higher"
"nubp2",1410.68621928444,5.11395626495294,0.905744916845851,1.80778503634128e-09,4.76324858598196e-08,"Ab_vs_Pn","Ab higher"
"atp2a1l",508.903040558363,-5.9474834712622,1.10567237659545,1.90291238352959e-09,4.99761632154899e-08,"Ab_vs_Pn","Pn higher"
"rbm34",1691.66673733657,-5.63096266090467,1.05818614593279,1.94569596954603e-09,5.09344164972746e-08,"Ab_vs_Pn","Pn higher"
"dhrs7",135.636431740466,-12.0583333376301,3.54847308542007,2.01864123110027e-09,5.26735126399035e-08,"Ab_vs_Pn","Pn higher"
"bora",61.9259585381146,10.3547951506202,2.89205670438517,2.06313767867471e-09,5.3661481295176e-08,"Ab_vs_Pn","Ab higher"
"coa3a",98.9221935827401,6.93998583926046,1.23603827733217,2.25617700499518e-09,5.84942813891217e-08,"Ab_vs_Pn","Ab higher"
"ecrg4a",228.042495213843,-5.42720044479384,0.984536708680084,2.29667792957973e-09,5.93540823398417e-08,"Ab_vs_Pn","Pn higher"
"nek12",105.189931672813,-11.0587747523813,3.30860874368022,2.3331846839853e-09,6.0105512448271e-08,"Ab_vs_Pn","Pn higher"
"slc5a2",111.413300196555,9.54363356438884,1.66238128268584,2.34487606832363e-09,6.02149286243487e-08,"Ab_vs_Pn","Ab higher"
"fabp2",267.502360828265,-7.0492249240371,1.32750290383715,2.40008268238459e-09,6.14375595500284e-08,"Ab_vs_Pn","Pn higher"
"wdr53",418.793347841158,-5.56195342039083,1.02439357279707,2.56078349181115e-09,6.51389234756616e-08,"Ab_vs_Pn","Pn higher"
"tet2",88.8253715511236,4.835423728527,0.867317176000012,2.55797124454458e-09,6.51389234756616e-08,"Ab_vs_Pn","Ab higher"
"scube3",884.16073734088,-7.68098732691437,1.4653934437395,2.88891479402097e-09,7.32552720026196e-08,"Ab_vs_Pn","Pn higher"
"hif1an",88.2148930986745,9.29471536334303,1.76640975499802,2.99386211253922e-09,7.56792207135305e-08,"Ab_vs_Pn","Ab higher"
"tpi1a",596.94484353398,7.93363447990529,1.41954622544433,3.11927902135183e-09,7.86038878620402e-08,"Ab_vs_Pn","Ab higher"
"iars2",176.431731995964,-4.76731962596519,0.86825449634798,3.41850966461587e-09,8.58767847114216e-08,"Ab_vs_Pn","Pn higher"
"deaf1",44.1959431663158,6.16378124429305,1.11398281176164,3.70504933558096e-09,9.27868237632023e-08,"Ab_vs_Pn","Ab higher"
"pgap6",167.471595594139,6.78961565942367,1.2258084076963,3.7959595027169e-09,9.47701123996204e-08,"Ab_vs_Pn","Ab higher"
"ppcs",83.0689845225053,-10.2258504959916,3.11805421450934,3.88488806748289e-09,9.63952747787394e-08,"Ab_vs_Pn","Pn higher"
"gcna",90.3607677443494,10.1345112189468,1.91519311966811,3.87815273706084e-09,9.63952747787394e-08,"Ab_vs_Pn","Ab higher"
"zgc:101765",170.276684399305,8.12280267412494,1.4496329685926,4.042727045269e-09,1.00004951281899e-07,"Ab_vs_Pn","Ab higher"
"eif2b4",270.522242831987,-5.38436502851486,1.00981428194446,4.24769154237457e-09,1.04754807580085e-07,"Ab_vs_Pn","Pn higher"
"clic1",769.500342087324,-7.35549455968712,1.42662775233891,4.27722544251022e-09,1.05162542870715e-07,"Ab_vs_Pn","Pn higher"
"gabpb2a",58.0823637639946,5.38585815752695,0.982571579200719,4.35951222296049e-09,1.06860892034932e-07,"Ab_vs_Pn","Ab higher"
"stk25b",60.5467345870501,6.65491316958851,1.21291827241715,4.45508265794523e-09,1.08873606103078e-07,"Ab_vs_Pn","Ab higher"
"APCDD1",79.650027885456,8.47037192867882,1.52958169472068,4.52449189186264e-09,1.09966831894184e-07,"Ab_vs_Pn","Ab higher"
"pmpca",67.6667322217882,6.14461315930666,1.12332747609664,4.52700643104999e-09,1.09966831894184e-07,"Ab_vs_Pn","Ab higher"
"snx30",312.132209512242,9.218291479402,1.66403308909976,4.60649787845061e-09,1.11562758499362e-07,"Ab_vs_Pn","Ab higher"
"chd4a",79.8094439648782,4.93901061145646,0.899831667912539,4.67771950853815e-09,1.12949471953926e-07,"Ab_vs_Pn","Ab higher"
"RS1",141.378330612234,6.36975248415907,1.16835134252489,5.09240035699005e-09,1.22596507403847e-07,"Ab_vs_Pn","Ab higher"
"smpd1",96.7210983676967,-11.2631756299028,3.39612548733425,5.4797905973e-09,1.31142089176212e-07,"Ab_vs_Pn","Pn higher"
"timm23a",199.497759005666,5.40855047135287,0.987511137666872,5.46958582706051e-09,1.31142089176212e-07,"Ab_vs_Pn","Ab higher"
"glipr2l",112.149999864055,5.25681307530768,0.965225787146987,5.67288791179492e-09,1.35362803299437e-07,"Ab_vs_Pn","Ab higher"
"si:ch211-217a12.1",738.001531549641,-4.71183250835462,0.906817411406862,5.69926672364274e-09,1.35592260375136e-07,"Ab_vs_Pn","Pn higher"
"EIF5AL1",127.592667545563,-11.2464271569674,3.40796213939227,5.91001987481095e-09,1.40193990520076e-07,"Ab_vs_Pn","Pn higher"
"glyctk",104.837487627202,-5.0478088197786,0.976285107395621,6.15473649148401e-09,1.45572115437468e-07,"Ab_vs_Pn","Pn higher"
"esamb",228.71817294869,6.10242209690377,1.12569081839115,6.66933848172556e-09,1.57283612182735e-07,"Ab_vs_Pn","Ab higher"
"npb",53.3352324808826,10.9186716288562,3.09906038316562,6.84183280100867e-09,1.60416189934374e-07,"Ab_vs_Pn","Ab higher"
"zswim7",240.725305094907,6.0663151764516,1.11991205930828,6.82228229830009e-09,1.60416189934374e-07,"Ab_vs_Pn","Ab higher"
"zgc:162989",63.0508839415616,6.42565124003881,1.18281605262344,6.9880239269109e-09,1.63370305042723e-07,"Ab_vs_Pn","Ab higher"
"snx9b",199.571121630463,5.34949472223423,0.98994797261388,7.12088700426411e-09,1.65996700223321e-07,"Ab_vs_Pn","Ab higher"
"psen2",118.669905720513,6.01840067502522,1.11069987650064,7.19072612688402e-09,1.6714305643783e-07,"Ab_vs_Pn","Ab higher"
"rbm45",60.6345879159751,8.08722967595038,1.48362270765708,7.35077274488586e-09,1.70373641069862e-07,"Ab_vs_Pn","Ab higher"
"gpr161",31.7906385716806,10.6468298512632,3.18128080764969,7.45358907078311e-09,1.71284323845354e-07,"Ab_vs_Pn","Ab higher"
"pkig",95.9175319805231,10.0713937536674,1.94591588898542,7.44771527830368e-09,1.71284323845354e-07,"Ab_vs_Pn","Ab higher"
"gtf2h3",345.579981998303,5.13952853271552,0.958228833107981,7.42083353848004e-09,1.71284323845354e-07,"Ab_vs_Pn","Ab higher"
"mfap1",839.826951147132,5.96940656859991,1.11043919234685,7.78280287254178e-09,1.78343038062296e-07,"Ab_vs_Pn","Ab higher"
"rab34b",90.3039567058176,-11.3630151160291,3.46412862546276,8.57965957273253e-09,1.96047644869586e-07,"Ab_vs_Pn","Pn higher"
"si:ch73-215d9.1",678.890437245118,7.5561926884234,1.40567922235367,8.67202163959323e-09,1.97599952232872e-07,"Ab_vs_Pn","Ab higher"
"btbd6b",73.8138014202888,4.72770407034192,0.88227787289883,8.79156308981927e-09,1.99761106274011e-07,"Ab_vs_Pn","Ab higher"
"trim23",56.2116682728883,-9.87118151245927,3.07020662866506,9.31986356364771e-09,2.11171922594808e-07,"Ab_vs_Pn","Pn higher"
"atxn10",79.4266613308762,8.93236527091943,1.65713001068883,9.43421998878238e-09,2.1316593712084e-07,"Ab_vs_Pn","Ab higher"
"mrpl17",63.1302298627141,7.17091549122608,1.33833238478954,9.83840086229772e-09,2.21679177089488e-07,"Ab_vs_Pn","Ab higher"
"hdhd3",177.65055636662,-11.0913686105811,3.39987465390704,1.00484358831541e-08,2.25782771830094e-07,"Ab_vs_Pn","Pn higher"
"ephb2b",154.971436347425,5.31644210400056,0.994349784323552,1.03661740264815e-08,2.32276957618307e-07,"Ab_vs_Pn","Ab higher"
"wfs1a",93.301464320849,-11.4247611272715,3.49503073021948,1.05314591446388e-08,2.35328654754098e-07,"Ab_vs_Pn","Pn higher"
"bag2",151.547458434279,8.27822061366348,1.55544776798243,1.06743631618552e-08,2.36561434565059e-07,"Ab_vs_Pn","Ab higher"
"vps26c",109.688041320849,7.7721333674338,1.46281458997227,1.06528367122874e-08,2.36561434565059e-07,"Ab_vs_Pn","Ab higher"
"sltm",104.424691736585,5.18902778829657,0.97015173529776,1.06697034173537e-08,2.36561434565059e-07,"Ab_vs_Pn","Ab higher"
"aifm3",69.9395578922097,7.13887637318149,1.33516392048417,1.11363709420033e-08,2.46125968715476e-07,"Ab_vs_Pn","Ab higher"
"med21",95.123567230053,6.27504014791873,1.19045447271954,1.15909671271923e-08,2.54780796445268e-07,"Ab_vs_Pn","Ab higher"
"znf750",68.3192406606026,-5.1446116214877,0.97902084697126,1.15852840781717e-08,2.54780796445268e-07,"Ab_vs_Pn","Pn higher"
"vrk2",37.6227397503828,8.03177271817148,1.59829044366245,1.20863998014671e-08,2.64950915973082e-07,"Ab_vs_Pn","Ab higher"
"exorh",48.8651757498883,9.19371155242328,1.81495877792603,1.26545193145081e-08,2.76655153337989e-07,"Ab_vs_Pn","Ab higher"
"ormdl2",46.5534854440355,-10.413956092835,3.23682828860136,1.30007876217124e-08,2.83459221218414e-07,"Ab_vs_Pn","Pn higher"
"guk1a",38.5013371450069,6.47314803512963,1.2252448508695,1.31455447810139e-08,2.85844924015112e-07,"Ab_vs_Pn","Ab higher"
"arhgef38",122.025872100557,-5.06369904502475,1.00456131464977,1.32423698464742e-08,2.87178363775146e-07,"Ab_vs_Pn","Pn higher"
"brat1",138.043858674519,-5.29248260459513,1.06142164148363,1.33436989742285e-08,2.8860208824207e-07,"Ab_vs_Pn","Pn higher"
"pdia6",79.8170214777606,-10.3505403430089,3.22084091356479,1.37550024256836e-08,2.96704572323612e-07,"Ab_vs_Pn","Pn higher"
"si:ch211-15p9.2",84.7605043984899,-4.42645670820152,0.866925408767158,1.39222133929739e-08,2.99512723765335e-07,"Ab_vs_Pn","Pn higher"
"mrpl14",331.074139507735,-5.37614271694695,1.0634665781248,1.5035132313464e-08,3.2259730844459e-07,"Ab_vs_Pn","Pn higher"
"si:ch211-243o19.4",107.29751483207,-5.64985763740633,1.14483679252758,1.62349374755128e-08,3.47419072061965e-07,"Ab_vs_Pn","Pn higher"
"tmed4",243.117119162826,-10.7908536648899,3.35123415674987,1.66053295558353e-08,3.54407680150796e-07,"Ab_vs_Pn","Pn higher"
"apoda.2",102.112696363088,5.99727290185456,1.13582700183057,1.73489143630382e-08,3.69303600743726e-07,"Ab_vs_Pn","Ab higher"
"cdh15",161.356875969663,7.00387992816439,1.33593393013674,1.76904201707983e-08,3.7474556902977e-07,"Ab_vs_Pn","Ab higher"
"casd1",568.223147793873,-4.73093072955634,0.942230994711731,1.76972193558378e-08,3.7474556902977e-07,"Ab_vs_Pn","Pn higher"
"scrn3",42.8640969527731,6.07954741798194,1.16562953447994,1.8018814776101e-08,3.80559249931805e-07,"Ab_vs_Pn","Ab higher"
"cep19",45.054515764786,6.97216702361773,1.3349126516951,2.09910043933689e-08,4.42177694109273e-07,"Ab_vs_Pn","Ab higher"
"tac1",82.9800513065044,10.1221552772925,2.93843584565986,2.18923659834803e-08,4.59967138806161e-07,"Ab_vs_Pn","Ab higher"
"naa30",179.48013852115,-5.0603304323977,1.02413277309209,2.28529879405891e-08,4.78906268008873e-07,"Ab_vs_Pn","Pn higher"
"smc4",188.235051898392,5.87302003003286,1.13515814617374,2.38644546330692e-08,4.98810267511362e-07,"Ab_vs_Pn","Ab higher"
"MCOLN3",84.527873879299,7.48490434351291,1.43582829065042,2.43849488557333e-08,5.07069026462793e-07,"Ab_vs_Pn","Ab higher"
"faf2",97.1947928747038,4.52853706356455,0.872605836242834,2.43804484702473e-08,5.07069026462793e-07,"Ab_vs_Pn","Ab higher"
"kl",45.2517675116953,8.13349489725146,1.52971806930853,2.56392486740505e-08,5.31784314165114e-07,"Ab_vs_Pn","Ab higher"
"zdhhc17",231.821338451751,-5.50797979992694,1.11036949130126,2.62623509417632e-08,5.43314978946094e-07,"Ab_vs_Pn","Pn higher"
"ndor1",86.5051864557689,8.08127105993989,1.64246332154178,2.66928873700637e-08,5.508131784093e-07,"Ab_vs_Pn","Ab higher"
"nfkbiab",525.00610771343,-6.17050775867305,1.2677896197349,2.82360035212753e-08,5.79698051988823e-07,"Ab_vs_Pn","Pn higher"
"rab20",688.772782729765,5.80219787283833,1.13516854020645,2.82296723356131e-08,5.79698051988823e-07,"Ab_vs_Pn","Ab higher"
"zbtb3",79.2741435963282,-9.93975462458744,3.15507210855473,2.83155942935336e-08,5.79860360102261e-07,"Ab_vs_Pn","Pn higher"
"ndufa6",322.704194198751,4.15944429032881,0.807958222466554,2.87100099085881e-08,5.86452702400427e-07,"Ab_vs_Pn","Ab higher"
"lamb1b",103.305226969951,6.40532912573322,1.24752187110797,2.8850950817372e-08,5.87847206956479e-07,"Ab_vs_Pn","Ab higher"
"kif20a",89.0967557036935,7.30751574780365,1.4014665071767,3.06299582942582e-08,6.22526966437826e-07,"Ab_vs_Pn","Ab higher"
"med29",26.7194822473918,8.27535018288159,1.69383264301469,3.24477317426498e-08,6.57818802171164e-07,"Ab_vs_Pn","Ab higher"
"mars2",332.218083555219,-4.98442870179705,1.01594052342025,3.32503316413677e-08,6.72404831617559e-07,"Ab_vs_Pn","Pn higher"
"dnajc3a",374.174891429824,-5.31949061558046,1.08513527214976,3.62990511432852e-08,7.32226994259436e-07,"Ab_vs_Pn","Pn higher"
"zgc:66024",37.8303018659617,-9.96193979329638,3.1728492274812,3.67061578767955e-08,7.3859729120746e-07,"Ab_vs_Pn","Pn higher"
"prmt9",156.717375795517,-10.4583436687989,3.3159499477042,3.69078264745238e-08,7.40812427673507e-07,"Ab_vs_Pn","Pn higher"
"trim65",340.975254767956,-10.5500243124261,3.34244388802686,3.72590457645061e-08,7.46010943537352e-07,"Ab_vs_Pn","Pn higher"
"lrba",163.315198490239,-3.80395526391584,0.775990177177602,3.8143916698003e-08,7.61842326346041e-07,"Ab_vs_Pn","Pn higher"
"padi2",66.165783318215,-9.97832087050575,3.18900430942838,4.02064101874762e-08,8.01058256173633e-07,"Ab_vs_Pn","Pn higher"
"fbxw8",51.3515237835709,7.62885602261471,1.47089757295293,4.18272035015342e-08,8.31302823400271e-07,"Ab_vs_Pn","Ab higher"
"atp2a1",121.430150117196,6.22180466908286,1.23032150633339,4.2604851005983e-08,8.42617701191678e-07,"Ab_vs_Pn","Ab higher"
"esr1",216.091087594904,-4.62896945150033,0.967517832171697,4.25422691500451e-08,8.42617701191678e-07,"Ab_vs_Pn","Pn higher"
"stx18",304.261427561417,-4.96095837578244,1.02289259905371,4.56745247266205e-08,9.01124952472275e-07,"Ab_vs_Pn","Pn higher"
"eif3f",144.622734565004,-10.1231560565924,3.23513299939277,5.08042802901517e-08,9.9989251403172e-07,"Ab_vs_Pn","Pn higher"
"tmem59",41.3753647988661,-9.53185094052237,3.07737589955657,5.11134854235773e-08,1.00353636794009e-06,"Ab_vs_Pn","Pn higher"
"hvcn1",42.684994990575,9.93234869546152,2.98470480294692,5.23998258730552e-08,1.02630070578001e-06,"Ab_vs_Pn","Ab higher"
"foxn4",31.5740136755337,10.8450341804236,3.34821674552316,5.26032422074628e-08,1.02779619858977e-06,"Ab_vs_Pn","Ab higher"
"si:dkey-23o4.6",35.7316114388173,-9.66606263453165,3.11862788732349,5.3734381141629e-08,1.04736725073406e-06,"Ab_vs_Pn","Pn higher"
"psen1",156.435676143955,-5.31428916271317,1.09174103574046,5.40745347314173e-08,1.05146372942893e-06,"Ab_vs_Pn","Pn higher"
"pgam5",153.721647196846,7.78901960080743,1.55871089899138,5.57744967793347e-08,1.07932991494746e-06,"Ab_vs_Pn","Ab higher"
"DISP3",53.5118506924109,7.069819808538,1.41029241249761,5.56826585301862e-08,1.07932991494746e-06,"Ab_vs_Pn","Ab higher"
"zfyve19",73.5552451621939,-10.0669038430602,3.23557250853848,5.91054311186735e-08,1.14091551026699e-06,"Ab_vs_Pn","Pn higher"
"fasn",176.605707954651,-4.38677123955678,0.918502469137596,5.92390300793837e-08,1.14091551026699e-06,"Ab_vs_Pn","Pn higher"
"skp2",274.22004500207,6.09596782529502,1.21637298374165,5.94727398514683e-08,1.14269594455707e-06,"Ab_vs_Pn","Ab higher"
"tmem98",41.9803989639257,8.16266023474065,1.72448004770505,6.14561514133048e-08,1.17800665588204e-06,"Ab_vs_Pn","Ab higher"
"ube3a",67.2931600592077,-10.8415865760661,3.46639111018395,6.21752554002678e-08,1.18685362358859e-06,"Ab_vs_Pn","Pn higher"
"endog",103.044089848188,4.52923141354803,0.908021604885408,6.22111430833923e-08,1.18685362358859e-06,"Ab_vs_Pn","Ab higher"
"rgn",143.890018826037,8.33223377759925,1.67117699753607,6.49830196517529e-08,1.23681799050125e-06,"Ab_vs_Pn","Ab higher"
"spata22",45.2347049690679,11.4364640039929,3.50488708004099,6.59123051844454e-08,1.25156017989901e-06,"Ab_vs_Pn","Ab higher"
"ndufaf1",65.4159886013026,-10.5353408117483,3.38442586966158,6.72102301345855e-08,1.27321674838094e-06,"Ab_vs_Pn","Pn higher"
"cdadc1",303.691608531969,5.22950908249054,1.05005138862334,6.97117560195475e-08,1.31751961318252e-06,"Ab_vs_Pn","Ab higher"
"ccdc167",37.4878999102812,6.69505750903035,1.33576558951877,7.12992380882658e-08,1.34438120488574e-06,"Ab_vs_Pn","Ab higher"
"cltb",259.358253645083,-6.30841191119147,1.34413595340308,7.38306666852542e-08,1.38887502980703e-06,"Ab_vs_Pn","Pn higher"
"dph5",95.0275990738501,-4.77022828858761,1.02002364026404,7.57384287045926e-08,1.42145742411009e-06,"Ab_vs_Pn","Pn higher"
"lzts2b",74.3331142791715,5.11394496504416,1.02901335786725,7.60197457723437e-08,1.42343454526039e-06,"Ab_vs_Pn","Ab higher"
"cables2a",59.2973110001482,6.66729420701783,1.3436757595768,7.90841848105022e-08,1.4773948520373e-06,"Ab_vs_Pn","Ab higher"
"zdhhc15b",176.894102789225,8.62322472632858,2.68011294644002,7.94997416217027e-08,1.48173596769114e-06,"Ab_vs_Pn","Ab higher"
"si:dkey-256h2.1",166.92706989564,10.7417700914461,2.24907282951077,8.01905388607852e-08,1.49114063048307e-06,"Ab_vs_Pn","Ab higher"
"TANC2",53.0753909633678,7.37529367206509,1.44389479189468,8.03730145741897e-08,1.49114063048307e-06,"Ab_vs_Pn","Ab higher"
"tma16",1962.76892079752,-5.34612148772546,1.16616291327748,8.58361280078748e-08,1.58885226420068e-06,"Ab_vs_Pn","Pn higher"
"niban2a",99.1105994056553,-5.4936113063478,1.15361006991432,8.63792636257799e-08,1.59525539604779e-06,"Ab_vs_Pn","Pn higher"
"zgc:172270",34.937376195933,-9.90224021804798,3.22318932150014,8.82428098616764e-08,1.62595920038975e-06,"Ab_vs_Pn","Pn higher"
"si:dkey-98f17.5",66.2705200110258,-10.2720183385627,3.33402252752298,9.15893680516261e-08,1.68145460539984e-06,"Ab_vs_Pn","Pn higher"
"PRKAB2",16.1288478725395,9.58384485767029,3.02187286178628,9.16703524516419e-08,1.68145460539984e-06,"Ab_vs_Pn","Ab higher"
"msx3",52.6103361053333,8.12110588257269,1.730647512915,9.52901129546149e-08,1.7417714894864e-06,"Ab_vs_Pn","Ab higher"
"atp6v1d",253.576547077766,6.21961490905687,1.26037747928095,9.5389389274629e-08,1.7417714894864e-06,"Ab_vs_Pn","Ab higher"
"CDK2AP1",21.13005688392,9.53327838372574,2.96030369217683,9.6767200260921e-08,1.76295018673556e-06,"Ab_vs_Pn","Ab higher"
"rapgef3",143.477337903318,-11.8255590860334,3.79538522843996,9.76194741798875e-08,1.77115345736944e-06,"Ab_vs_Pn","Pn higher"
"map6d1",44.85763068226,6.09357165032123,1.24100910548168,9.76553890452183e-08,1.77115345736944e-06,"Ab_vs_Pn","Ab higher"
"plekhd1",68.1197810026816,7.05173150048473,1.45353580830465,1.00050923638493e-07,1.81054121098829e-06,"Ab_vs_Pn","Ab higher"
"fgd5a",69.9594430961336,-10.7516708006969,3.48170232170042,1.01433945145739e-07,1.8273923881601e-06,"Ab_vs_Pn","Pn higher"
"sh2d1ab",63.4945543709016,8.03627483238467,1.60111732337867,1.01219389436e-07,1.8273923881601e-06,"Ab_vs_Pn","Ab higher"
"gatb",50.9236266276268,7.84069949090776,1.5756713267184,1.0180972881847e-07,1.83008643647245e-06,"Ab_vs_Pn","Ab higher"
"actr8",191.950729862546,6.23728481374747,1.26748822670572,1.03678202647152e-07,1.85954097829893e-06,"Ab_vs_Pn","Ab higher"
"ap5z1",126.712201881243,5.62969065566164,1.15338811290305,1.09422991576633e-07,1.95823579394553e-06,"Ab_vs_Pn","Ab higher"
"PITPNM2",150.331698716602,7.0449205241197,1.45646932760707,1.11956201962078e-07,1.99914727962748e-06,"Ab_vs_Pn","Ab higher"
"twnk",26.6002129467731,10.373472351644,3.18995980295866,1.13224107194261e-07,2.01733436804928e-06,"Ab_vs_Pn","Ab higher"
"ogfod2",58.3171959178394,10.5244883228611,3.15094451749672,1.14023146231718e-07,2.02266059181659e-06,"Ab_vs_Pn","Ab higher"
"SLC22A23",145.34195498857,5.45009639833729,1.11819823220904,1.13850297567275e-07,2.02266059181659e-06,"Ab_vs_Pn","Ab higher"
"ankrd13a",65.1047045832214,5.59150883431652,1.1518757529841,1.16345693960802e-07,2.05934424168255e-06,"Ab_vs_Pn","Ab higher"
"tcta",32.876990603028,6.78682683587558,1.38440564896761,1.17440956447839e-07,2.07419191420648e-06,"Ab_vs_Pn","Ab higher"
"marcksl1a",203.764690493739,-4.25588341527371,0.911316427399313,1.2133507250485e-07,2.13829934965519e-06,"Ab_vs_Pn","Pn higher"
"psmc5",391.919447644454,-5.31177736153582,1.16681613942069,1.21742979651065e-07,2.14082383129883e-06,"Ab_vs_Pn","Pn higher"
"si:ch211-14i3.2",42.130845156646,8.11390670058653,1.74494641468073,1.23918250873791e-07,2.17434865795682e-06,"Ab_vs_Pn","Ab higher"
"si:ch73-238c9.1",43.8846495731213,-10.1856235513275,3.33730445868608,1.29596857876172e-07,2.26906706355055e-06,"Ab_vs_Pn","Pn higher"
"skap1",91.5818283031227,9.82713264666661,2.1279976544993,1.30491873318203e-07,2.27980294442968e-06,"Ab_vs_Pn","Ab higher"
"hddc2",26.8955393712177,10.5381734881736,3.33178656694235,1.33697421067252e-07,2.33077249787284e-06,"Ab_vs_Pn","Ab higher"
"kif15",13.2238445777491,8.92347834703049,2.86461963308472,1.36619675706236e-07,2.37659474578009e-06,"Ab_vs_Pn","Ab higher"
"eri1",113.641489597003,-11.5104125766397,3.73907411407763,1.37321160368623e-07,2.38367138674204e-06,"Ab_vs_Pn","Pn higher"
"phkg2",65.4891847041716,-9.50875212645649,3.13942993464855,1.38604666915017e-07,2.40079903784919e-06,"Ab_vs_Pn","Pn higher"
"rnft1",72.5985383950535,-10.8297496480432,3.54226131610782,1.49391068652082e-07,2.58175827388387e-06,"Ab_vs_Pn","Pn higher"
"rd3",106.976392225782,5.37430452338383,1.11615839142958,1.496902745026e-07,2.58175827388387e-06,"Ab_vs_Pn","Ab higher"
"acyp2",34.3125675834129,-9.68915268116647,3.20666699641114,1.59057101263349e-07,2.73747423855155e-06,"Ab_vs_Pn","Pn higher"
"armc1l",583.56132956326,5.94415563020013,1.23684272205119,1.62567197739719e-07,2.79194493103309e-06,"Ab_vs_Pn","Ab higher"
"pld7",504.243102148279,4.8068464133986,1.00109319091965,1.66248747241874e-07,2.84912312804983e-06,"Ab_vs_Pn","Ab higher"
"uevld",92.9781451197274,5.99709544743282,1.25155417735438,1.74682330749281e-07,2.98250882876022e-06,"Ab_vs_Pn","Ab higher"
"il17d",83.7396105724741,-4.75100265803688,1.02413375406432,1.74769339205383e-07,2.98250882876022e-06,"Ab_vs_Pn","Pn higher"
"ndufab1b",153.833990318118,-4.84434932647181,1.07182544011134,1.85995645688046e-07,3.16740795362232e-06,"Ab_vs_Pn","Pn higher"
"kcnn4",183.345913769472,-3.4653220771637,0.747877286744896,1.871041005032e-07,3.17959048103023e-06,"Ab_vs_Pn","Pn higher"
"mitd1",51.4275288799612,7.83160529410945,1.6141169912558,1.9024444147958e-07,3.22617879901116e-06,"Ab_vs_Pn","Ab higher"
"foxm1",33.2181292186268,10.6652713933678,3.27709844233032,1.9621091723415e-07,3.32039771863397e-06,"Ab_vs_Pn","Ab higher"
"six9",87.3736206659838,6.31848171212262,1.3142159670151,2.06363357350002e-07,3.48491272986255e-06,"Ab_vs_Pn","Ab higher"
"ptpdc1b",69.1005280994093,-4.65131758344887,1.03547345044145,2.071823126736e-07,3.49145359836823e-06,"Ab_vs_Pn","Pn higher"
"gorasp1a",430.312101915848,-6.06065414529038,1.3706117018494,2.13227356157296e-07,3.58585464439993e-06,"Ab_vs_Pn","Pn higher"
"tpte",82.5396462693467,6.88843886508783,1.44183931180368,2.15474342988925e-07,3.61612439924774e-06,"Ab_vs_Pn","Ab higher"
"riox1",188.120310729623,-4.89157107097048,1.05203067216478,2.17531089419738e-07,3.6430827791227e-06,"Ab_vs_Pn","Pn higher"
"rhof",55.8154016915576,-10.4464095595096,3.4647362149969,2.1990446236891e-07,3.67522147954982e-06,"Ab_vs_Pn","Pn higher"
"rxrbb",59.5049150119537,-10.5409076907709,3.49515033413374,2.22394133606351e-07,3.70916731286963e-06,"Ab_vs_Pn","Pn higher"
"chrac1",18.9206460736784,8.83191977153973,2.86018419429837,2.24169025048175e-07,3.73107663295204e-06,"Ab_vs_Pn","Ab higher"
"ampd3a",42.6755534883921,8.18806916406801,1.80727527478429,2.25251745123457e-07,3.74139910945307e-06,"Ab_vs_Pn","Ab higher"
"thap4",305.982351266748,-5.66204312747673,1.28447747855068,2.30968865790577e-07,3.82849826922126e-06,"Ab_vs_Pn","Pn higher"
"si:dkey-174m14.3",169.836327671593,5.96563451096068,1.2645417372042,2.38426887184207e-07,3.9440390397404e-06,"Ab_vs_Pn","Ab higher"
"znhit3",68.8084467988928,-4.55298669340848,1.01248155753963,2.42544829324272e-07,4.00396964164089e-06,"Ab_vs_Pn","Pn higher"
"WDR33",132.312343323349,4.78127908813941,1.01599704420709,2.62010250064289e-07,4.31649880401229e-06,"Ab_vs_Pn","Ab higher"
"pdia4",169.71552511992,-11.9467196816039,3.95482499401839,2.68043945652814e-07,4.39798676751646e-06,"Ab_vs_Pn","Pn higher"
"f9b",45.3233700607548,-9.58981332442959,3.21764726828268,2.68008909692774e-07,4.39798676751646e-06,"Ab_vs_Pn","Pn higher"
"tsta3",39.7274414210411,-9.78213156016519,3.28092179266184,2.74647129955532e-07,4.4972077615593e-06,"Ab_vs_Pn","Pn higher"
"rcbtb1",24.7150239931569,6.31554958302955,1.34067443409154,2.8592240878532e-07,4.67237649427162e-06,"Ab_vs_Pn","Ab higher"
"trpt1",131.64989122943,6.42992074989781,1.37047591835024,2.93950098703183e-07,4.79387570243961e-06,"Ab_vs_Pn","Ab higher"
"rad1",207.083311795455,-5.58279054458359,1.26809144595262,3.02202019183555e-07,4.91853547922691e-06,"Ab_vs_Pn","Pn higher"
"dnajc19",62.2302527836434,7.87444979654451,1.68942630883064,3.08682123816025e-07,5.01391505933299e-06,"Ab_vs_Pn","Ab higher"
"tmbim1b",57.7851062418053,10.6119416556489,3.33000390793944,3.29591340182072e-07,5.3428143301258e-06,"Ab_vs_Pn","Ab higher"
"aplp2",64.3098585214159,-8.52700007018703,2.90711109962988,3.32991946862487e-07,5.37723144789613e-06,"Ab_vs_Pn","Pn higher"
"khdc4",1019.2358487722,5.81509982896346,1.2488935662138,3.33044004870313e-07,5.37723144789613e-06,"Ab_vs_Pn","Ab higher"
"si:ch1073-335m2.2",116.381225139286,4.20089253159008,0.900553851313417,3.36213006864196e-07,5.40779281864606e-06,"Ab_vs_Pn","Ab higher"
"fam183a",369.736243781018,4.15272060742175,0.89300852376923,3.36273926045119e-07,5.40779281864606e-06,"Ab_vs_Pn","Ab higher"
"eif2b1",63.7423502381356,-9.93218243918092,3.34675346242768,3.39728652251801e-07,5.45251005568416e-06,"Ab_vs_Pn","Pn higher"
"xaf1",27.6468025521467,-9.40054050577374,3.18165390200973,3.43170410805903e-07,5.49684248120584e-06,"Ab_vs_Pn","Pn higher"
"rrp12",68.1500968030163,6.55493740589448,1.413788255164,3.47512918521152e-07,5.55539920537075e-06,"Ab_vs_Pn","Ab higher"
"tmem82",52.2918028694448,10.2977349951956,3.16817284524773,3.71921816109313e-07,5.93387686490775e-06,"Ab_vs_Pn","Ab higher"
"si:dkey-122a22.2",52.4879458775667,6.27314486147108,1.35028248246179,3.81764152985964e-07,6.07891778248714e-06,"Ab_vs_Pn","Ab higher"
"chadlb",36.9141311895848,7.55067314244943,1.5878209178931,3.84825060173073e-07,6.11561868711197e-06,"Ab_vs_Pn","Ab higher"
"srpx2",162.358784291066,-10.2558656007746,3.46226598508946,3.91073831895936e-07,6.20273769844359e-06,"Ab_vs_Pn","Pn higher"
"gyg1a",51.7558958799121,-3.38991302679617,0.743448464550861,3.94794508631895e-07,6.24949663468375e-06,"Ab_vs_Pn","Pn higher"
"asb3",20.7051977650973,8.42135439429051,2.71128632860862,4.02233221962877e-07,6.35481353995648e-06,"Ab_vs_Pn","Ab higher"
"sema4ba",23.5996366361539,5.30465177078422,1.14789226269386,4.24351574950627e-07,6.69118886895832e-06,"Ab_vs_Pn","Ab higher"
"ppil4",25.8711720204878,5.28465510305011,1.1471171486782,4.26660521724235e-07,6.71450770472245e-06,"Ab_vs_Pn","Ab higher"
"qrich1",158.586116335889,-5.14453186533673,1.20510491226189,4.28332554003183e-07,6.72773209578981e-06,"Ab_vs_Pn","Pn higher"
"slco5a1a",98.6712519235569,7.29676490204916,1.54221679636123,4.44602904264538e-07,6.96975366782141e-06,"Ab_vs_Pn","Ab higher"
"uck2a",69.6357176195901,6.5963539067112,1.41087794356351,4.52967632176629e-07,7.08714734366877e-06,"Ab_vs_Pn","Ab higher"
"nr1h5",136.751946737199,-4.03387481762001,0.903803477995138,4.70241263143228e-07,7.34320767869801e-06,"Ab_vs_Pn","Pn higher"
"QPRT",16.3088266121144,9.59512458131365,3.13162242298318,4.71306145634802e-07,7.34565589988422e-06,"Ab_vs_Pn","Ab higher"
"tmtops2b",36.1281369774262,5.41308163349819,1.17727188577752,4.74815292117219e-07,7.38611711141573e-06,"Ab_vs_Pn","Ab higher"
"tlr22",52.4980819805617,10.3289745587464,3.21643874988218,5.4238429297008e-07,8.42101064459689e-06,"Ab_vs_Pn","Ab higher"
"tbc1d4",31.2453811734468,6.18335304502252,1.35086659358062,5.43850239973422e-07,8.42759500219351e-06,"Ab_vs_Pn","Ab higher"
"mthfsd",19.3950664914486,8.12022762150513,2.6608229529566,5.54921987267377e-07,8.58272266731514e-06,"Ab_vs_Pn","Ab higher"
"gpr155a",27.6280370801949,-9.40323025109329,3.23180384154164,5.64522643314208e-07,8.71454897284089e-06,"Ab_vs_Pn","Pn higher"
"nfkb1",148.942336269681,6.19584463824137,1.37652543005791,5.70874599981355e-07,8.79581836047463e-06,"Ab_vs_Pn","Ab higher"
"usp13",73.1368828617618,-6.00989912962166,1.39976945003248,5.85355565810128e-07,9.00178930007248e-06,"Ab_vs_Pn","Pn higher"
"ttc5",25.6631267444848,4.61942095480484,1.01741469657765,5.93145487510487e-07,9.1042767523194e-06,"Ab_vs_Pn","Ab higher"
"kctd9a",21.9301041371654,7.87333360721791,1.81118574884379,5.95277986823018e-07,9.11970385494581e-06,"Ab_vs_Pn","Ab higher"
"ech1",44.098243644106,7.38308899867106,1.63196040966797,5.97876788389085e-07,9.14220291357147e-06,"Ab_vs_Pn","Ab higher"
"rufy1",186.164779920964,-5.25407768804886,1.23402735132006,6.0359863976707e-07,9.21228188127515e-06,"Ab_vs_Pn","Pn higher"
"prickle1b",47.1056856325583,5.059033530295,1.12117779556404,6.23867972155801e-07,9.50370626510032e-06,"Ab_vs_Pn","Ab higher"
"pih1d2",58.8101122777607,7.28538151166941,1.60736634229578,6.51254603141656e-07,9.9022527910016e-06,"Ab_vs_Pn","Ab higher"
"ergic1",85.3643270627433,5.90774513829917,1.31814869294265,6.53382939323511e-07,9.91597485213485e-06,"Ab_vs_Pn","Ab higher"
"phactr1",134.011579280631,4.07887655217316,0.900688112962615,6.6812687652002e-07,1.01018286059261e-05,"Ab_vs_Pn","Ab higher"
"mms22l",61.6970260028839,3.95128437378085,0.874512313939122,6.67278906570569e-07,1.01018286059261e-05,"Ab_vs_Pn","Ab higher"
"FBXO40",98.3207252466124,6.32119809336302,1.40807033752128,6.73791336155357e-07,1.01684666383595e-05,"Ab_vs_Pn","Ab higher"
"fgfr1op2",18.1057904197061,5.93588247485999,1.31118638498906,7.07660513139549e-07,1.06597130182231e-05,"Ab_vs_Pn","Ab higher"
"dgke",277.661446468591,-5.64627163658778,1.3557628499099,7.10643715022943e-07,1.06847528082167e-05,"Ab_vs_Pn","Pn higher"
"coasy",220.087414152186,-5.18777536629629,1.22815123553966,7.14081977210205e-07,1.0716528967817e-05,"Ab_vs_Pn","Pn higher"
"ddx24",61.3400284495,-8.73572232655654,3.03169996262791,7.35039541071125e-07,1.10106200883784e-05,"Ab_vs_Pn","Pn higher"
"cdc7",32.9351858099644,7.54881543759106,1.77636422261346,7.39324881803704e-07,1.10543419018672e-05,"Ab_vs_Pn","Ab higher"
"evplb",19.5360841865742,9.95816330936377,3.31181133263369,7.49579637779322e-07,1.11869920479648e-05,"Ab_vs_Pn","Ab higher"
"wasf3b",38.9771197539775,4.30245081614307,0.957661381157012,7.53641127542891e-07,1.12268933346122e-05,"Ab_vs_Pn","Ab higher"
"camk1a",41.1003520784251,5.75280364037834,1.28705439064925,7.81260599710158e-07,1.16169429982637e-05,"Ab_vs_Pn","Ab higher"
"arhgef9b",40.7669751534108,5.55221343378363,1.24670744869024,8.07362147039664e-07,1.19830319401905e-05,"Ab_vs_Pn","Ab higher"
"stk38a",44.896977319504,-9.30405956677487,3.23088407688863,8.09582627703657e-07,1.19939814569503e-05,"Ab_vs_Pn","Pn higher"
"sprtn",30.632209271931,-9.48748562374308,3.29982958885768,8.21911838313861e-07,1.21543781720673e-05,"Ab_vs_Pn","Pn higher"
"smdt1b",38.9503647826474,-8.99512047765758,3.13273844419289,8.26709552132958e-07,1.22030174584005e-05,"Ab_vs_Pn","Pn higher"
"arg1",105.450899434514,-4.33649659824869,1.01929299961816,8.28809792839303e-07,1.22117348165339e-05,"Ab_vs_Pn","Pn higher"
"cfl1",64.0705350559254,-9.68524658338717,3.36016047842869,8.35911768851929e-07,1.22939823604423e-05,"Ab_vs_Pn","Pn higher"
"zgc:103759",30.6920411252235,5.38417379653192,1.2125257820759,8.50526696776412e-07,1.24862258624762e-05,"Ab_vs_Pn","Ab higher"
"dhrs12",112.373374227755,7.09479187650971,1.59392511088135,8.55826010015091e-07,1.25412619474856e-05,"Ab_vs_Pn","Ab higher"
"micu1",116.490167330235,-5.3699815142912,1.27662926828928,8.67114944012118e-07,1.26837120833888e-05,"Ab_vs_Pn","Pn higher"
"acsbg1",30.7809774268864,10.6872166446817,3.49761231097695,8.74858054522391e-07,1.27738750957249e-05,"Ab_vs_Pn","Ab higher"
"snx13",29.5257086211022,5.38142403541151,1.20939111968709,8.88504997417553e-07,1.2945697699937e-05,"Ab_vs_Pn","Ab higher"
"ankrd27",22.6148720917223,5.36278098610657,1.19342568392853,8.89826668459014e-07,1.2945697699937e-05,"Ab_vs_Pn","Ab higher"
"banf1",117.643990040287,-9.2503448859013,3.22586170850803,8.94786995617964e-07,1.29944919345668e-05,"Ab_vs_Pn","Pn higher"
"aqp10b",30.6910897442082,-9.0998922534803,3.1804835535297,9.00417394949266e-07,1.30528249242735e-05,"Ab_vs_Pn","Pn higher"
"RAB19",98.9805807537021,4.56422586136914,1.02516428522927,9.23996612940112e-07,1.33706772845663e-05,"Ab_vs_Pn","Ab higher"
"rpl9",337.119312206718,-9.59304690990895,3.35500921191644,9.50025523008509e-07,1.36739438712025e-05,"Ab_vs_Pn","Pn higher"
"pola2",184.997695200744,8.47867542906798,1.8918731851748,9.48160257260922e-07,1.36739438712025e-05,"Ab_vs_Pn","Ab higher"
"ncf2",215.341535210633,-5.01138752691871,1.19190950306035,9.48350538371446e-07,1.36739438712025e-05,"Ab_vs_Pn","Pn higher"
"TMEM50B",231.981475637313,-5.16113588059575,1.25956240300296,9.83145597946492e-07,1.41255146390571e-05,"Ab_vs_Pn","Pn higher"
"rrp9",41.9360377456696,7.21138270051184,1.58772241874884,9.93177815546824e-07,1.42443534573728e-05,"Ab_vs_Pn","Ab higher"
"bcan",12.4226359799911,8.97733724940803,3.02494446080348,1.03525787706033e-06,1.4821594632816e-05,"Ab_vs_Pn","Ab higher"
"zdhhc22",27.7910413881383,-8.79804076871872,3.09503769022562,1.05089533396407e-06,1.50188910891085e-05,"Ab_vs_Pn","Pn higher"
"aldh7a1",30.1371383777249,-8.80428583317314,3.09782855250696,1.06498105842351e-06,1.51933541121477e-05,"Ab_vs_Pn","Pn higher"
"znf839",76.4759691034448,4.39769431685928,1.00368429216072,1.07962970392947e-06,1.537521949839e-05,"Ab_vs_Pn","Ab higher"
"DDA1",19.5782263499356,-8.86122947292314,3.12274273675805,1.11230507659226e-06,1.5812716633664e-05,"Ab_vs_Pn","Pn higher"
"tgm2b",27.5941343200991,7.30050927335723,1.61504322917379,1.11872074207759e-06,1.5876021197659e-05,"Ab_vs_Pn","Ab higher"
"SH2B2",33.2437037101668,-9.56457278897524,3.35897721484222,1.12551163890071e-06,1.59444196971415e-05,"Ab_vs_Pn","Pn higher"
"gtf2h4",35.2530096802558,-9.63096483090177,3.38463059845206,1.16796434974397e-06,1.65168944494387e-05,"Ab_vs_Pn","Pn higher"
"stau1",40.7567392286317,-7.98523945032861,2.83174694681923,1.18799935448088e-06,1.67709018820172e-05,"Ab_vs_Pn","Pn higher"
"SYDE1",24.5150708347958,5.3324384820461,1.21210179957553,1.20863129269682e-06,1.70324364575341e-05,"Ab_vs_Pn","Ab higher"
"fbxo32",59.0341472384047,4.13312815040071,0.943863638922089,1.21609270709737e-06,1.7107780709062e-05,"Ab_vs_Pn","Ab higher"
"gtpbp6",18.9837390224516,6.90388712791796,1.66199860457817,1.2195373695853e-06,1.71264544836381e-05,"Ab_vs_Pn","Ab higher"
"mtfr1",48.6261808986787,7.31759443431741,1.74748167361118,1.24044302181636e-06,1.73898502659836e-05,"Ab_vs_Pn","Ab higher"
"tbck",19.2435931665785,7.59381704865477,1.83218462841632,1.24975688011895e-06,1.74901096942598e-05,"Ab_vs_Pn","Ab higher"
"tmub2",165.211960103029,-5.00732345816164,1.21806914410814,1.31329420919172e-06,1.8347559340504e-05,"Ab_vs_Pn","Pn higher"
"C17orf75",61.9850421119761,5.15152209638608,1.18739952911939,1.36266331392244e-06,1.90044543902046e-05,"Ab_vs_Pn","Ab higher"
"hmgb1a",122.966451589467,-9.06473461986933,3.21054629892566,1.37202359680715e-06,1.91020634674235e-05,"Ab_vs_Pn","Pn higher"
"rgs9a",121.482986622553,5.71744684096813,1.32795471996552,1.4010047680368e-06,1.94720404959616e-05,"Ab_vs_Pn","Ab higher"
"mtres1",151.18914209866,3.26339461149811,0.74784282870475,1.42982815499287e-06,1.98385590835974e-05,"Ab_vs_Pn","Ab higher"
"NEMF",70.7589594077787,4.14176464954202,0.95818221201264,1.47753065612693e-06,2.04653175983061e-05,"Ab_vs_Pn","Ab higher"
"si:ch211-197h24.6",40.9640160560574,4.41506921738323,1.02833770108699,1.5209357560667e-06,2.10305116766214e-05,"Ab_vs_Pn","Ab higher"
"eif4eb",49.2460001922411,6.83004202396381,1.56545632775864,1.52442326363983e-06,2.10427641289806e-05,"Ab_vs_Pn","Ab higher"
"cct5",283.199875673673,4.84464311195368,1.12543036429517,1.5347267338231e-06,2.11489004257157e-05,"Ab_vs_Pn","Ab higher"
"lgals8a",52.2828731413273,-9.45576286479045,3.35981628396171,1.54097269447534e-06,2.11988573564814e-05,"Ab_vs_Pn","Pn higher"
"SNX14",132.089157106095,-9.70534245765731,3.44688343511155,1.54539435398558e-06,2.12235907120363e-05,"Ab_vs_Pn","Pn higher"
"abcg2d",46.2090499933105,7.19828892186959,1.65186408786839,1.55699793840665e-06,2.13467056335108e-05,"Ab_vs_Pn","Ab higher"
"ccdc181",47.2158783944859,5.34202587618641,1.23572802480907,1.56372250910625e-06,2.14026250019636e-05,"Ab_vs_Pn","Ab higher"
"atp5l",236.655039578258,-4.99112806629565,1.22242384032115,1.6010377938465e-06,2.1876342423014e-05,"Ab_vs_Pn","Pn higher"
"mmp28",133.474228112968,5.4904820340364,1.28139807927707,1.64185349141038e-06,2.23962106104866e-05,"Ab_vs_Pn","Ab higher"
"dolpp1",17.6963472144454,6.15332029729515,1.415523188252,1.73630202144089e-06,2.3621018288309e-05,"Ab_vs_Pn","Ab higher"
"P3H4",169.319866481242,-3.79767621580289,0.932712018724684,1.73748372871107e-06,2.3621018288309e-05,"Ab_vs_Pn","Pn higher"
"aamdc",132.669126144214,-2.75676544541053,0.650978551260379,1.77586760157762e-06,2.41023372972506e-05,"Ab_vs_Pn","Pn higher"
"ddx31",24.2791714043989,6.61041723446956,1.52815986502637,1.7883326934429e-06,2.42308595598988e-05,"Ab_vs_Pn","Ab higher"
"ERG28",294.66673296969,-5.38986926754502,1.35996758487072,1.81867476419334e-06,2.46007695109697e-05,"Ab_vs_Pn","Pn higher"
"degs1",60.4261469452116,3.96512441441908,0.921399259914663,1.85309174865425e-06,2.50244727126282e-05,"Ab_vs_Pn","Ab higher"
"cog1",19.7460156376167,6.18684883567379,1.43217356302337,1.9012665376884e-06,2.56322417056024e-05,"Ab_vs_Pn","Ab higher"
"fam174b",22.9525993928507,-8.09131381530738,2.91377992912406,1.92160880796326e-06,2.58633837730696e-05,"Ab_vs_Pn","Pn higher"
"ergic2",43.3016733915861,5.24244851190585,1.2467029124969,2.01076944959301e-06,2.70184619231859e-05,"Ab_vs_Pn","Ab higher"
"sowahca",21.33631553586,6.96630881850084,1.60452578917205,2.06078446605899e-06,2.76445863116935e-05,"Ab_vs_Pn","Ab higher"
"kbtbd3",170.671727338767,9.18784968017067,2.1272287327235,2.08482643910807e-06,2.79207964667966e-05,"Ab_vs_Pn","Ab higher"
"slc16a12b",91.961946626544,-10.8879925633289,3.93563072471117,2.20037355569873e-06,2.94195399868546e-05,"Ab_vs_Pn","Pn higher"
"arpc4",55.1452261476217,5.91466430797272,1.39556226083415,2.21374528585053e-06,2.95494812165758e-05,"Ab_vs_Pn","Ab higher"
"dhx29",41.0575508074321,8.84023032642987,2.9837323407057,2.2301841299569e-06,2.97198672606613e-05,"Ab_vs_Pn","Ab higher"
"klhl32",54.0195941411585,7.94086423026701,1.95539252909001,2.25449071766035e-06,2.99943674591358e-05,"Ab_vs_Pn","Ab higher"
"zdhhc2",160.333242438709,4.28076719672295,1.01350541390076,2.27166604087811e-06,3.01732456562611e-05,"Ab_vs_Pn","Ab higher"
"tmod4",21.9266491360801,7.69854513982666,2.74249829428221,2.37505977073544e-06,3.1492604152709e-05,"Ab_vs_Pn","Ab higher"
"rasgrp4",18.6886637420833,6.26178569881986,1.45838799059218,2.38139480174241e-06,3.1492604152709e-05,"Ab_vs_Pn","Ab higher"
"sumo2b",30.2751536210874,5.43075692123809,1.29184217585746,2.38267693676077e-06,3.1492604152709e-05,"Ab_vs_Pn","Ab higher"
"gck",42.2151791880641,-8.62043873068537,3.13286319109807,2.54203977245551e-06,3.35441430985198e-05,"Ab_vs_Pn","Pn higher"
"slx1b",228.485500631436,4.215448680354,1.00338658001308,2.5651443347833e-06,3.37938966189937e-05,"Ab_vs_Pn","Ab higher"
"gngt1",231.366513210766,-4.29539757457842,1.09345904455422,2.57062352623917e-06,3.38110141524368e-05,"Ab_vs_Pn","Pn higher"
"march7",106.936743571621,-4.01776588129053,1.00490148643188,2.71153153130771e-06,3.56064586960196e-05,"Ab_vs_Pn","Pn higher"
"adck5",106.935695089209,-4.29884799218059,1.07420229503136,2.73187990291303e-06,3.58155211258728e-05,"Ab_vs_Pn","Pn higher"
"bdh1",44.7910244119945,4.5313541741136,1.08107776054181,2.75798310868249e-06,3.60992319840334e-05,"Ab_vs_Pn","Ab higher"
"mibp2",300.446412116976,-9.55858586316944,3.47312068769421,2.79580551922022e-06,3.65351709934933e-05,"Ab_vs_Pn","Pn higher"
"si:dkeyp-97e7.9",20.3605189346825,7.4964627394331,1.87002865154093,2.83416592727571e-06,3.693392521023e-05,"Ab_vs_Pn","Ab higher"
"fkbp10b",110.079039513272,3.8536907694198,0.920212908861749,2.83545154599491e-06,3.693392521023e-05,"Ab_vs_Pn","Ab higher"
"neurl4",84.2929564639057,-3.78226232488895,0.939068144915075,2.8557943350449e-06,3.71391002832447e-05,"Ab_vs_Pn","Pn higher"
"clcf1",25.5695585750663,5.51501417665517,1.31806257372891,2.93597372628284e-06,3.81205320576274e-05,"Ab_vs_Pn","Ab higher"
"brd7",39.6247568338811,6.41515416514869,1.52191900363853,2.99730809061085e-06,3.88545274758833e-05,"Ab_vs_Pn","Ab higher"
"faah2b",129.085186852165,-5.07119496040104,1.30724868053025,3.01550889719905e-06,3.90279223511089e-05,"Ab_vs_Pn","Pn higher"
"gnav1",171.729776067964,6.3504985671418,1.55844649444031,3.04208315086748e-06,3.93089626315768e-05,"Ab_vs_Pn","Ab higher"
"fam160b1",116.802409516027,-3.89044739322702,0.976332824218677,3.11143209793292e-06,4.01409477514822e-05,"Ab_vs_Pn","Pn higher"
"rab11al",111.918123495157,-4.52821108440631,1.1567422090131,3.15338835771841e-06,4.06174497222678e-05,"Ab_vs_Pn","Pn higher"
"zgc:55888",26.3362484415591,-9.16749045218067,3.36247387715468,3.1803128262298e-06,4.08991263137883e-05,"Ab_vs_Pn","Pn higher"
"klf9",216.688095794755,-4.73285524554874,1.2168010701363,3.1869822376485e-06,4.09198401910138e-05,"Ab_vs_Pn","Pn higher"
"slc38a10",49.9603018183435,4.51370591582723,1.08804919605209,3.19318545646324e-06,4.09345121352316e-05,"Ab_vs_Pn","Ab higher"
"h3f3d",68.8799424291685,4.67111790819049,1.14468349336401,3.26848909735624e-06,4.18335574501813e-05,"Ab_vs_Pn","Ab higher"
"mrpl35",144.005569688678,-4.18253394873292,1.05704926835044,3.28813894820458e-06,4.20185718041498e-05,"Ab_vs_Pn","Pn higher"
"prepl",94.3485950927247,8.40996954951829,2.88500755540882,3.32895090785066e-06,4.2473002986757e-05,"Ab_vs_Pn","Ab higher"
"rbp5",235.346061041143,-5.02031878764881,1.29977656894231,3.38850456404205e-06,4.31647455410017e-05,"Ab_vs_Pn","Pn higher"
"bnip1b",27.7840113317645,-8.8322803959186,3.24626416807894,3.41692659535972e-06,4.34583635689697e-05,"Ab_vs_Pn","Pn higher"
"ptpn2b",65.6549628375111,5.09063249997773,1.22741750440484,3.44833816210466e-06,4.37890225953918e-05,"Ab_vs_Pn","Ab higher"
"GALNT5",143.315094715186,5.67605789633088,1.39586045034684,3.47535964115702e-06,4.40629845412526e-05,"Ab_vs_Pn","Ab higher"
"eno1a",60.0417808630307,-7.74992671482406,2.85651658905291,3.57591480729777e-06,4.52669403383906e-05,"Ab_vs_Pn","Pn higher"
"bicdl2",156.818980177504,-5.22093689713268,1.41859221540238,3.77905431533841e-06,4.77637036824568e-05,"Ab_vs_Pn","Pn higher"
"ccnh",148.062492233112,3.4577216545025,0.838939816617325,3.86915555607479e-06,4.88262079455367e-05,"Ab_vs_Pn","Ab higher"
"ranbp1",84.98891998075,-4.87715860181899,1.26225562031566,3.98638587165601e-06,5.02272201181082e-05,"Ab_vs_Pn","Pn higher"
"epn2",60.3255676682478,-3.82754855128258,0.955959147014253,3.99896412740652e-06,5.03073418765029e-05,"Ab_vs_Pn","Pn higher"
"vps35l",21.6848767479369,4.40478066394283,1.07074942293626,4.13756793597968e-06,5.19701662020801e-05,"Ab_vs_Pn","Ab higher"
"upb1",33.0064704128429,6.53312181132306,1.60258724601712,4.24049858451718e-06,5.31048244837816e-05,"Ab_vs_Pn","Ab higher"
"dlc1",36.8208167913219,4.03529266358735,0.985858308791215,4.2410330840058e-06,5.31048244837816e-05,"Ab_vs_Pn","Ab higher"
"ankrd40",27.1058901852172,5.00127011191567,1.22291398853234,4.32691616829581e-06,5.40964835940415e-05,"Ab_vs_Pn","Ab higher"
"C1orf50",18.9838336365059,-8.52565704072256,3.16893830844626,4.39481478604309e-06,5.48605814881213e-05,"Ab_vs_Pn","Pn higher"
"zgc:158640",27.3437262012623,8.1998764272751,2.91869537950479,4.45959345825454e-06,5.55834383417889e-05,"Ab_vs_Pn","Ab higher"
"klhl21",14.0540539867435,-8.16658014809647,3.04060815636209,4.54274468093542e-06,5.65327103447487e-05,"Ab_vs_Pn","Pn higher"
"ndufaf3",1783.86935132203,4.52406963863068,1.10860164132969,4.69671081620976e-06,5.82694690066269e-05,"Ab_vs_Pn","Ab higher"
"idh2",163.136856930811,-4.39970221464297,1.13340683578272,4.69148373680345e-06,5.82694690066269e-05,"Ab_vs_Pn","Pn higher"
"mfsd2b",115.473621373495,-4.53530426752562,1.1881837298925,4.79374341463369e-06,5.93822212572311e-05,"Ab_vs_Pn","Pn higher"
"git2a",24.4935482596308,-8.3334030440185,3.11317593327865,4.96940233508447e-06,6.14640603799668e-05,"Ab_vs_Pn","Pn higher"
"bloc1s1",17.3856542880344,-8.29739148905998,3.10567128378233,5.18236733202136e-06,6.39618771761816e-05,"Ab_vs_Pn","Pn higher"
"ndufa3",50.6106234264304,6.75204107579629,1.67764933144204,5.18716669892139e-06,6.39618771761816e-05,"Ab_vs_Pn","Ab higher"
"rps28",87.98806779755,-8.61313448340978,3.22558354406364,5.32204077447366e-06,6.55250956236186e-05,"Ab_vs_Pn","Pn higher"
"atf6",64.6682221814323,7.31496468790522,1.80746489788181,5.42512242846858e-06,6.66927284557483e-05,"Ab_vs_Pn","Ab higher"
"klhl7",22.1795944255452,10.0740385679459,3.52180212741625,5.44109141336731e-06,6.67875393668105e-05,"Ab_vs_Pn","Ab higher"
"cracr2ab",24.2655612930192,7.90501993638527,2.03934997839977,5.63205160614968e-06,6.90267658214314e-05,"Ab_vs_Pn","Ab higher"
"sept10",28.0551851152334,-8.32779900476767,3.12527213992671,5.7436496267094e-06,7.02631405175214e-05,"Ab_vs_Pn","Pn higher"
"tmem110l",24.5483341102479,7.29280549815538,1.8942894503234,5.75030275962408e-06,7.02631405175214e-05,"Ab_vs_Pn","Ab higher"
"atmin",17.4465745256068,5.61768053666445,1.39505130749224,5.77300696502347e-06,7.04341679337479e-05,"Ab_vs_Pn","Ab higher"
"metap1",35.1516775081882,4.50655587067338,1.11652101564849,6.1372190015147e-06,7.47650067820067e-05,"Ab_vs_Pn","Ab higher"
"oxsm",38.1567898892688,5.50981859294731,1.35869601377713,6.18317252757935e-06,7.52115527452472e-05,"Ab_vs_Pn","Ab higher"
"si:ch211-191d15.2",185.423945820122,4.71943937818132,1.18525139653484,6.21753135950099e-06,7.55159326831885e-05,"Ab_vs_Pn","Ab higher"
"C12orf29",46.0366165010413,-5.13652217681967,1.36785125689333,6.37393308242461e-06,7.7299467321938e-05,"Ab_vs_Pn","Pn higher"
"rad54l2",111.734120302146,3.6039405050003,0.898268180080334,6.64287285939945e-06,8.04404170055122e-05,"Ab_vs_Pn","Ab higher"
"lypla1",47.0761924520595,5.70456499760993,1.45678103729935,6.70954719956794e-06,8.11263487254186e-05,"Ab_vs_Pn","Ab higher"
"foxk1",42.3392159077599,3.64807342368355,0.915144793541458,7.02085258183578e-06,8.4763696320104e-05,"Ab_vs_Pn","Ab higher"
"entpd5b",49.9408160832426,-3.66992927902197,0.93269291518633,7.0492547947678e-06,8.49797645825286e-05,"Ab_vs_Pn","Pn higher"
"vstm2l",15.64697192397,7.27127412500119,1.90324833436189,7.06216468368391e-06,8.50087055451177e-05,"Ab_vs_Pn","Ab higher"
"metap2b",103.388488070843,-8.35186187771285,3.17709977770214,7.46498580591622e-06,8.97240270194002e-05,"Ab_vs_Pn","Pn higher"
"cxcl19",13.9124639692979,5.4922829471334,1.3733011601427,7.49777620615638e-06,8.99844387709184e-05,"Ab_vs_Pn","Ab higher"
"PCBP2",225.995741252299,-4.27794944372865,1.13581485355104,7.80674711443323e-06,9.35537443091117e-05,"Ab_vs_Pn","Pn higher"
"g2e3",57.5479672151735,-8.53404289984793,3.26232036729098,7.93798272006409e-06,9.4985713347039e-05,"Ab_vs_Pn","Pn higher"
"vat1",147.166988014645,-8.45638116827413,3.22714245756705,7.96078367425198e-06,9.5117842158086e-05,"Ab_vs_Pn","Pn higher"
"acsl4a",80.55224676321,5.06798925294337,1.29938900839349,8.17800993608084e-06,9.75692070397609e-05,"Ab_vs_Pn","Ab higher"
"ankzf1",241.613888997621,-4.7194007593368,1.31167492581004,8.39346621459035e-06,9.99922654047443e-05,"Ab_vs_Pn","Pn higher"
"eif4bb",55.1887573898726,-7.62002027817542,2.91362165590139,8.57309940534923e-06,0.000101982060426279,"Ab_vs_Pn","Pn higher"
"serping1",693.099131679585,5.94599585324246,1.54760791372,8.59302723448848e-06,0.000102069012187632,"Ab_vs_Pn","Ab higher"
"rps8a",307.249749270014,-8.96926669915944,3.44727419964625,8.80237983376759e-06,0.000104277745424395,"Ab_vs_Pn","Pn higher"
"tmem129",17.9526442142719,6.66811488841825,1.67097423033048,8.80475956544221e-06,0.000104277745424395,"Ab_vs_Pn","Ab higher"
"dpep2",49.4930785365419,7.90308523633704,2.90677043081645,8.8976321378871e-06,0.000105223605794399,"Ab_vs_Pn","Ab higher"
"adam8b",13.6594390672903,8.53361077431797,3.09302970737352,9.15664713873938e-06,0.000108128640445639,"Ab_vs_Pn","Ab higher"
"hint3",122.42535035589,5.06713528109692,1.30285667263135,9.2609487444218e-06,0.000109200895617533,"Ab_vs_Pn","Ab higher"
"cplx4a",68.1147032626267,-8.08157624827098,3.10166855817324,9.34426292292483e-06,0.000110022915259882,"Ab_vs_Pn","Pn higher"
"shq1",45.9390206833718,5.4015519910199,1.37864491171965,9.43815110588142e-06,0.000110966866708539,"Ab_vs_Pn","Ab higher"
"osbpl1a",10.8765520912037,8.69540870176307,3.15583832930277,9.8605791127407e-06,0.000115765202384557,"Ab_vs_Pn","Ab higher"
"nipa1",21.2016503038891,4.52888588063909,1.17039444362551,9.94036068571319e-06,0.000116532721140194,"Ab_vs_Pn","Ab higher"
"rpl35a",81.9176395041418,-8.4657183121701,3.27078702298105,1.00685652648957e-05,0.000117694543970725,"Ab_vs_Pn","Pn higher"
"eno1b",42.6018006380055,-7.82700640453577,3.01733322074136,1.00616471426412e-05,0.000117694543970725,"Ab_vs_Pn","Pn higher"
"si:ch211-166a6.5",27.9481302389223,7.02487495181992,1.79839644782893,1.02064276761631e-05,0.000119133901114695,"Ab_vs_Pn","Ab higher"
"myl1",254.240588642456,-4.34287972101321,1.19121054702184,1.02993153762444e-05,0.000120044902130319,"Ab_vs_Pn","Pn higher"
"wdcp",172.937857064316,3.72769804317383,0.961962395016149,1.0440897259471e-05,0.000121520025801239,"Ab_vs_Pn","Ab higher"
"brsk2b",70.8862718617817,5.65593607301786,1.45418831235825,1.04669053627538e-05,0.000121647697527752,"Ab_vs_Pn","Ab higher"
"erlec1",36.6829192989169,4.01601425749456,1.03599841014321,1.05914306759603e-05,0.000122918339652572,"Ab_vs_Pn","Ab higher"
"ppp1r3da",20.8907013554374,-7.76168321916126,3.00121006927439,1.07343453265061e-05,0.000124398451785255,"Ab_vs_Pn","Pn higher"
"fam177a1",16.3673173259362,7.1124465246586,1.94911468376046,1.08333720557871e-05,0.00012536644715202,"Ab_vs_Pn","Ab higher"
"ppp4r4",203.463009771435,4.36751563789224,1.13108137408096,1.12955309443437e-05,0.00013052792829828,"Ab_vs_Pn","Ab higher"
"psma1",50.4767985714478,4.50013762876934,1.17715018210649,1.16175815384051e-05,0.00013405794160365,"Ab_vs_Pn","Ab higher"
"rps14",488.03888829204,-9.57320718738307,3.7584943901591,1.16664485406365e-05,0.00013443006017836,"Ab_vs_Pn","Pn higher"
"med20",62.9401742469235,5.75745739122707,1.46108074688168,1.18973800459798e-05,0.000136896027300043,"Ab_vs_Pn","Ab higher"
"mob1bb",31.3233365665945,-7.58285357884312,2.94868839541391,1.21792824304043e-05,0.000139940647130029,"Ab_vs_Pn","Pn higher"
"si:ch211-212d10.2",7.65320517608955,7.6868486834641,2.89294704205392,1.23848706841991e-05,0.000142101019807782,"Ab_vs_Pn","Ab higher"
"rpl7",104.051293059486,-8.18926726501453,3.20026590344319,1.27757936268151e-05,0.000146378745959359,"Ab_vs_Pn","Pn higher"
"fmnl3",54.517899433891,6.13523386105661,1.60526462585063,1.29150008844664e-05,0.000147764416060041,"Ab_vs_Pn","Ab higher"
"rnf10",24.6871045432251,-7.7305852616592,3.02091007279806,1.31816448258593e-05,0.000150602153949684,"Ab_vs_Pn","Pn higher"
"thoc6",295.061279632203,-3.51621791124939,0.977609112964348,1.38711220805998e-05,0.000158256003540158,"Ab_vs_Pn","Pn higher"
"slc35a1",108.319415375565,-3.05201883356235,0.813335474078296,1.41373210931233e-05,0.000161065901862358,"Ab_vs_Pn","Pn higher"
"mos",10.6629858230789,8.41291177464982,3.16424311314158,1.42343934351611e-05,0.000161943753160364,"Ab_vs_Pn","Ab higher"
"ASTN2",21.2717896182786,7.61299497428998,2.85407291837507,1.44455072824613e-05,0.00016411475899976,"Ab_vs_Pn","Ab higher"
"tmem165",325.719203967104,3.91380859975841,1.01674532445892,1.47907687861093e-05,0.000167719177071908,"Ab_vs_Pn","Ab higher"
"slc1a8b",164.490455330192,-3.39286359784598,0.948857790229841,1.48042393904491e-05,0.000167719177071908,"Ab_vs_Pn","Pn higher"
"zic3",10.6998465565582,6.41957775361254,1.76823445423379,1.50640620904616e-05,0.000170424053496145,"Ab_vs_Pn","Ab higher"
"dnajc7",104.605160650641,3.77615904030571,1.000437869389,1.51539824567247e-05,0.000171201905157048,"Ab_vs_Pn","Ab higher"
"zfyve9a",26.8133588957202,4.85959007061277,1.29223396350266,1.5686494205729e-05,0.000176970783305637,"Ab_vs_Pn","Ab higher"
"txndc5",135.445992661536,-8.03741225675178,3.17153944933377,1.59079496741208e-05,0.00017921922689967,"Ab_vs_Pn","Pn higher"
"bfsp2",13.0105018622582,5.19619644176574,1.35620427973803,1.59605219258496e-05,0.000179561421221416,"Ab_vs_Pn","Ab higher"
"fbxo3",80.7410331506807,3.46102069559021,0.911544550427799,1.62287763671268e-05,0.000182325794491235,"Ab_vs_Pn","Ab higher"
"ccdc153",41.5109791614599,6.63011548044992,1.86603543438373,1.65086702341001e-05,0.000185213083944017,"Ab_vs_Pn","Ab higher"
"fbxo30a",16.9388232316648,-8.31491106922929,3.30789969154577,1.65354659838333e-05,0.000185256765018321,"Ab_vs_Pn","Pn higher"
"arl3b",25.7162641739422,4.80467690624653,1.27733132796709,1.68046242919064e-05,0.000188011903039047,"Ab_vs_Pn","Ab higher"
"tprkb",61.8138320069572,4.56300268016503,1.21779900943497,1.68721711773113e-05,0.000188506895929933,"Ab_vs_Pn","Ab higher"
"fbxl5",63.3537276440772,4.58411583623475,1.21924478978573,1.69877892495206e-05,0.000189536865157755,"Ab_vs_Pn","Ab higher"
"zgc:77375",44.9932035238258,5.95924031108143,1.58077809470085,1.73607358675265e-05,0.000193431119052922,"Ab_vs_Pn","Ab higher"
"ctsd",74.6851729103821,4.59811274517595,1.23102642141611,1.75120686406673e-05,0.000194848862770781,"Ab_vs_Pn","Ab higher"
"cox4i1",50.8647762747886,-7.43939598362174,2.94455117509013,1.78671770246529e-05,0.00019852691614343,"Ab_vs_Pn","Pn higher"
"exd2",34.4854702117204,6.13379922108987,1.66455623652438,1.82255431981213e-05,0.000202231027338276,"Ab_vs_Pn","Ab higher"
"bmb",13.3505177102705,7.04646576005128,1.96331897159185,1.83684431087357e-05,0.000203537446995292,"Ab_vs_Pn","Ab higher"
"itpr1a",13.8703728588365,5.88318947744008,1.52776647520924,1.85686575602551e-05,0.000205474515738582,"Ab_vs_Pn","Ab higher"
"zgc:153896",30.1178366961872,3.97563879483915,1.06775781023507,1.8600449973509e-05,0.000205545136387587,"Ab_vs_Pn","Ab higher"
"mettl8",26.6418913462821,4.79645280763918,1.2913753445464,1.87953808437998e-05,0.00020741587400477,"Ab_vs_Pn","Ab higher"
"polr1e",255.48875560328,-2.98287436481225,0.832777812304894,1.89270375693679e-05,0.000208584205583946,"Ab_vs_Pn","Pn higher"
"cbx5",22.7541511846955,-7.26442962956466,2.8873298149673,1.91660380258284e-05,0.000210930723252961,"Ab_vs_Pn","Pn higher"
"ano10a",10.8013659277668,7.78675653213382,2.94690832494359,1.94350660459589e-05,0.000213600882127393,"Ab_vs_Pn","Ab higher"
"blm",23.1823559576473,3.90903905125085,1.04996196232948,1.95731603429017e-05,0.000214826721863951,"Ab_vs_Pn","Ab higher"
"fastkd2",65.163039602217,6.79603481712745,1.91519873147914,1.9726947785094e-05,0.000216221247471037,"Ab_vs_Pn","Ab higher"
"hnrnph3",83.7524447722981,4.37657335482582,1.18284657154928,1.98270843738535e-05,0.000217024743572532,"Ab_vs_Pn","Ab higher"
"si:ch211-283h6.4",9.65132963814514,8.50292692464024,3.190093933092,2.02620599975474e-05,0.00022148622070292,"Ab_vs_Pn","Ab higher"
"prkcsh",30.9731447125598,-3.61484266068857,1.00835685972255,2.05386924120074e-05,0.000224207129447676,"Ab_vs_Pn","Pn higher"
"rpl11",624.768038616774,-5.16074930114703,1.56359289421398,2.06892878953078e-05,0.000225546697823646,"Ab_vs_Pn","Pn higher"
"trappc12",213.31545066462,6.04525784767006,1.65759813445397,2.12184836704863e-05,0.000231004460848673,"Ab_vs_Pn","Ab higher"
"abhd3",22.6435374643076,6.07011548651008,1.63622884316704,2.13100988657596e-05,0.000231690039953131,"Ab_vs_Pn","Ab higher"
"snf8",82.2572656667192,4.013789299805,1.09778200028021,2.14083387302683e-05,0.000232445707367973,"Ab_vs_Pn","Ab higher"
"nipal3",17.4450573965531,4.43987247450241,1.20056032554098,2.15409165111168e-05,0.00023357168050727,"Ab_vs_Pn","Ab higher"
"immp1l",49.6997891770018,5.9909994835071,1.58859306997926,2.19527542963136e-05,0.000237718647259546,"Ab_vs_Pn","Ab higher"
"cdkn2aip",18.3155386811192,-7.56040958925653,3.03886296048345,2.23242184425019e-05,0.000241417918424329,"Ab_vs_Pn","Pn higher"
"gnat1",412.37420769243,-3.710675145022,1.07992650130234,2.23670736719268e-05,0.000241558423140476,"Ab_vs_Pn","Pn higher"
"PTDSS1",8.03022284000677,7.99524686450779,3.05782140879123,2.25037472545871e-05,0.000242710415389807,"Ab_vs_Pn","Ab higher"
"afap1l1a",57.5207560094297,6.93642620381894,1.89925550193241,2.25681038929559e-05,0.00024308041596554,"Ab_vs_Pn","Ab higher"
"acsf2",24.0696666625941,5.50795336655012,1.49823423309819,2.26036644813164e-05,0.000243139683496501,"Ab_vs_Pn","Ab higher"
"ace2",30.8992189111983,6.11419397891993,1.73812701864042,2.34046086104707e-05,0.000251420822111684,"Ab_vs_Pn","Ab higher"
"atf1",32.4265110480014,4.45085411413682,1.2195222914417,2.4664438178478e-05,0.000264602971386881,"Ab_vs_Pn","Ab higher"
"marcksl1b",62.267815183759,-7.33037453669833,2.95676732008921,2.47524947615108e-05,0.000265195933941538,"Ab_vs_Pn","Pn higher"
"rps4x",492.643621458072,-5.7228165749439,1.74024172653689,2.47980624103174e-05,0.000265332707456425,"Ab_vs_Pn","Pn higher"
"atp6v1ab",21.6185018829174,-7.14975997829021,2.88147043503057,2.54293965953679e-05,0.000271369906411518,"Ab_vs_Pn","Pn higher"
"irak1bp1",104.253520170964,4.5678484574566,1.25937514975776,2.5411161824523e-05,0.000271369906411518,"Ab_vs_Pn","Ab higher"
"si:ch73-106g13.1",11.0102939004155,6.26426331419288,1.81948917667508,2.55364965009248e-05,0.000272153781549382,"Ab_vs_Pn","Ab higher"
"uckl1b",34.8165423105369,4.16699921163765,1.13846744782527,2.60130245799893e-05,0.000276867573457281,"Ab_vs_Pn","Ab higher"
"vps4a",153.102563516917,3.92836520252823,1.06415292139968,2.62048201633947e-05,0.000278542431408278,"Ab_vs_Pn","Ab higher"
"rpz",21.5704708744895,3.75715109911138,1.03285939426031,2.67424657758339e-05,0.000283884259397271,"Ab_vs_Pn","Ab higher"
"zgc:172182",1380.22772345217,4.8794052550384,1.34579439373066,2.73582476979598e-05,0.000290040452986628,"Ab_vs_Pn","Ab higher"
"zdhhc6",25.92880483582,5.33389529151137,1.47580036857917,2.77601653233625e-05,0.000293916200655339,"Ab_vs_Pn","Ab higher"
"TIMP3",39.1299259564464,6.10513872609333,1.70716006611535,2.78651381363004e-05,0.000294641963901352,"Ab_vs_Pn","Ab higher"
"psmc3",78.8457850877844,3.52020394967834,0.967232348694747,2.838501755477e-05,0.000299747267624719,"Ab_vs_Pn","Ab higher"
"mat1a",45.2972651906843,-3.71116607119989,1.07704648590174,2.84903143699523e-05,0.000300075719972062,"Ab_vs_Pn","Pn higher"
"fgf2",88.886710986056,-3.12142355387875,0.894354454166229,2.84743717658047e-05,0.000300075719972062,"Ab_vs_Pn","Pn higher"
"prss12",19.806293904787,-8.29662387944885,3.41975657521108,2.85685822033181e-05,0.000300118521354078,"Ab_vs_Pn","Pn higher"
"RPL19",115.630431106967,-7.94705040369758,3.25061333419246,2.85375507257479e-05,0.000300118521354078,"Ab_vs_Pn","Pn higher"
"itgbl1",173.409090782883,-3.81244740512794,1.11192866373093,3.01717630628935e-05,0.000316549145805118,"Ab_vs_Pn","Pn higher"
"guk1b",82.3944502608134,4.92614270117329,1.37324898018985,3.02111078146377e-05,0.000316551361544824,"Ab_vs_Pn","Ab higher"
"epyc",28.0989067254529,6.3500833255203,1.71998967742328,3.03473285967897e-05,0.000317567323440403,"Ab_vs_Pn","Ab higher"
"sorbs2a",20.0005150551909,-7.01978304362318,2.86257529602719,3.1178452117094e-05,0.000325843022190146,"Ab_vs_Pn","Pn higher"
"gpx7",12.552542491222,8.05024131150668,3.07952157061133,3.13463083918338e-05,0.000327174565911669,"Ab_vs_Pn","Ab higher"
"sdf2l1",5.97522481951462,7.32851237859275,2.9066045578787,3.24941285384943e-05,0.00033789813282406,"Ab_vs_Pn","Ab higher"
"fn1b",358.4599171979,-5.18986182413452,1.66819184902424,3.24990415795671e-05,0.00033789813282406,"Ab_vs_Pn","Pn higher"
"gse1",26.4465944601913,3.41266119836239,0.944045900240067,3.24270356687348e-05,0.00033789813282406,"Ab_vs_Pn","Ab higher"
"GAS7",28.8915139533908,6.07455559240054,1.70722445092989,3.25948653516597e-05,0.000338459391308826,"Ab_vs_Pn","Ab higher"
"fpgs",7.88819561826975,7.91235285167247,3.07652768961597,3.29292879245236e-05,0.00034149360259163,"Ab_vs_Pn","Ab higher"
"sccpdha.1",52.1041576945755,3.86795792500841,1.07366223249476,3.32535234435316e-05,0.000344414534103364,"Ab_vs_Pn","Ab higher"
"tox4a",31.4240497210132,4.34599889900963,1.21407757386681,3.35203162085528e-05,0.000346733807942435,"Ab_vs_Pn","Ab higher"
"gdi1",25.055002425536,3.63496389784963,1.01913102173054,3.37983511114615e-05,0.000349163297753016,"Ab_vs_Pn","Ab higher"
"OTUB2",34.5232046072811,4.10960266856155,1.14992729457255,3.38654695434703e-05,0.000349410437674912,"Ab_vs_Pn","Ab higher"
"hsp90ab1",384.588550153444,-3.71579786310262,1.10440257525763,3.41650866991196e-05,0.000352052721412966,"Ab_vs_Pn","Pn higher"
"si:ch1073-440b2.1",12.5863271891232,-7.10753111242942,2.92456273357984,3.53577320912887e-05,0.000363878746674853,"Ab_vs_Pn","Pn higher"
"fbxo31",22.5029900172589,3.83618762902743,1.07281195173359,3.5505432056012e-05,0.000364934485261856,"Ab_vs_Pn","Ab higher"
"pkn3",84.523944173777,3.95082744688722,1.1009405114604,3.56858898355687e-05,0.000366323810761314,"Ab_vs_Pn","Ab higher"
"cd9b",81.3701638866934,3.72771780212005,1.05066735664471,3.60051958144903e-05,0.000369133116531574,"Ab_vs_Pn","Ab higher"
"PHB2",20.8111278935221,-7.04935761800672,2.90306926501871,3.63481792324686e-05,0.000372177749128403,"Ab_vs_Pn","Pn higher"
"canx",18.8772216666616,-7.1975493081671,2.97092953289354,3.65910458899018e-05,0.000374190859928465,"Ab_vs_Pn","Pn higher"
"pgrmc1",18.042191832386,-6.99460406826378,2.87984037130463,3.69564769243758e-05,0.000377072138963164,"Ab_vs_Pn","Pn higher"
"si:ch211-107o10.3",13.7329980093266,6.16332171922465,1.84539047372033,3.69660287053763e-05,0.000377072138963164,"Ab_vs_Pn","Ab higher"
"trnt1",30.1218475947132,6.47863769011618,1.91780042415926,3.74342612779752e-05,0.000381367430072471,"Ab_vs_Pn","Ab higher"
"jupa",15.9543060390346,-7.47663053790857,3.1049933786772,3.77175676391306e-05,0.000383770320292991,"Ab_vs_Pn","Pn higher"
"fam83hb",45.121972392741,3.82152284639618,1.07137053505974,3.82374221738128e-05,0.000388570989904487,"Ab_vs_Pn","Ab higher"
"itm2cb",10.6582730299294,8.6499507510239,3.33067809793493,3.87079479689366e-05,0.000392858960000914,"Ab_vs_Pn","Ab higher"
"ttc37",18.4369746669744,-8.01914908335648,3.36963666280842,3.87943979100888e-05,0.000393242963276577,"Ab_vs_Pn","Pn higher"
"zgc:109982",26.3290315550664,-7.6266502226484,3.18392994513461,3.9427356352776e-05,0.000398910863473429,"Ab_vs_Pn","Pn higher"
"ak3",47.9857703565084,-6.81662278207167,2.81212140531224,3.94521808355475e-05,0.000398910863473429,"Ab_vs_Pn","Pn higher"
"iba57",104.295029338793,-3.16282566278396,0.953371077698908,4.06029449938442e-05,0.000410033985087648,"Ab_vs_Pn","Pn higher"
"ccdc191",9.94629755048812,8.24351330154266,3.20274559527902,4.20047693708702e-05,0.000423661570375273,"Ab_vs_Pn","Ab higher"
"ggcta",146.125512063454,3.73635515611773,1.06158254815062,4.21884376015964e-05,0.000424984149139867,"Ab_vs_Pn","Ab higher"
"rplp1",205.894866437995,-8.67107528189722,3.70760967632519,4.23583730042191e-05,0.000426165272675533,"Ab_vs_Pn","Pn higher"
"adnp2b",183.517378004228,-4.21566455594149,1.3221668592457,4.29878889301446e-05,0.000431961532367627,"Ab_vs_Pn","Pn higher"
"man2c1",143.072472848756,4.1509520995473,1.18780198471872,4.36290505278696e-05,0.000437860285012329,"Ab_vs_Pn","Ab higher"
"taf3",28.0313409368149,-6.73624760413002,2.7958024303,4.46479312812532e-05,0.000447051624521025,"Ab_vs_Pn","Pn higher"
"SUCNR1",258.101452334182,4.9740679681148,1.40754849901519,4.46554225012966e-05,0.000447051624521025,"Ab_vs_Pn","Ab higher"
"p3h2",25.62947883282,-4.23268611929071,1.26534007498767,4.47385314593289e-05,0.000447330013565527,"Ab_vs_Pn","Pn higher"
"ankrd11",31.0365345938203,-6.64811574753955,2.75677692476332,4.49815379905264e-05,0.0004492045195128,"Ab_vs_Pn","Pn higher"
"tjp2a",143.931785223299,-4.041688153348,1.25603593656721,4.60677383761181e-05,0.000459484507674993,"Ab_vs_Pn","Pn higher"
"acad8",48.7375005810696,-3.82385858988705,1.18236855024531,4.77056077984942e-05,0.000475234804780813,"Ab_vs_Pn","Pn higher"
"plaa",11.7167746005924,5.20215278373587,1.475853794887,4.81441545607643e-05,0.000479013611613804,"Ab_vs_Pn","Ab higher"
"gnao1b",40.5713525563067,4.00468618608108,1.15830347767106,5.00187591601522e-05,0.000497053738140628,"Ab_vs_Pn","Ab higher"
"rps17",215.468139660146,-8.16690337874438,3.50616452399234,5.01664318140727e-05,0.00049790952999268,"Ab_vs_Pn","Pn higher"
"cfap410",19.2488435785394,-7.68554978620049,3.28140123716884,5.1940925052903e-05,0.000514259660652304,"Ab_vs_Pn","Pn higher"
"UTP14C",16.8704151532899,5.15913762011307,1.4904947649441,5.19222887286617e-05,0.000514259660652304,"Ab_vs_Pn","Ab higher"
"tspan10",16.3042556058923,7.98983430946926,3.15483942326668,5.417878885141e-05,0.000535760663837476,"Ab_vs_Pn","Ab higher"
"fam32a",95.9184353299711,-3.27470655404111,0.981909918872675,5.43309736873911e-05,0.000536609580167651,"Ab_vs_Pn","Pn higher"
"rps9",187.050332521037,-8.24313677792762,3.57289367664676,5.4745129114098e-05,0.000540040670004804,"Ab_vs_Pn","Pn higher"
"tagln3b",35.8598655335075,3.8797237722736,1.13085512408307,5.5499363920795e-05,0.000546814074001597,"Ab_vs_Pn","Ab higher"
"cpxm1a",24.0035959136603,4.48808626799136,1.30310570649259,5.73793955780789e-05,0.000564649550889392,"Ab_vs_Pn","Ab higher"
"tmem106ba",17.7778423625073,-6.64784776862767,2.80568057825151,5.75404438665925e-05,0.000565168903152169,"Ab_vs_Pn","Pn higher"
"tesca",16.8442257495799,5.47880636217063,1.59725823564576,5.75719095311395e-05,0.000565168903152169,"Ab_vs_Pn","Ab higher"
"spock3",83.9979557617738,-2.660936986943,0.80050779099111,5.85212544615122e-05,0.00057379203313839,"Ab_vs_Pn","Pn higher"
"TPPP",30.1834075598988,-4.31937112366157,1.35587936663649,5.969260701101e-05,0.000584568399651405,"Ab_vs_Pn","Pn higher"
"dbpb",19.4798896516162,-7.01152291865315,2.9874886359958,5.98213768871847e-05,0.000585121061233902,"Ab_vs_Pn","Pn higher"
"prph2la",118.383054559392,4.38604402599479,1.30051000096778,6.01900132781664e-05,0.000588015721506145,"Ab_vs_Pn","Ab higher"
"neurod1",370.561413904299,-6.81261068446394,2.8893426919403,6.05437867193916e-05,0.000590758372464607,"Ab_vs_Pn","Pn higher"
"tbc1d20",16.9575875426499,-7.86222813748812,3.42191921769382,6.13959600768386e-05,0.000598351712122346,"Ab_vs_Pn","Pn higher"
"rpl14",116.599028993991,-8.09330888111251,3.54068256386855,6.17532063614649e-05,0.000601109129070866,"Ab_vs_Pn","Pn higher"
"krt8",239.317318485067,-8.14931924321502,3.56379239307653,6.19212852106742e-05,0.000602020764506183,"Ab_vs_Pn","Pn higher"
"march6",10.5804813920735,-7.3529342958681,3.17117313044958,6.29520653527729e-05,0.000611307631018704,"Ab_vs_Pn","Pn higher"
"rnps1",11.0748101882465,5.62927486110162,1.72442953432742,6.3474116508152e-05,0.00061563804368638,"Ab_vs_Pn","Ab higher"
"cmya5",76.0068750055288,-3.58200131705265,1.12308856892502,6.36065871980194e-05,0.000616184052508718,"Ab_vs_Pn","Pn higher"
"bbip1",223.826146762406,6.28333578897507,2.61001109713757,6.38995351598245e-05,0.000618281507066771,"Ab_vs_Pn","Ab higher"
"ITM2A",108.112705559709,-3.54822835515519,1.11447291365253,6.40842984147227e-05,0.000619328422791747,"Ab_vs_Pn","Pn higher"
"trap1",23.0786705949285,-7.46271188248256,3.22723153606127,6.44386463178057e-05,0.000622009797213282,"Ab_vs_Pn","Pn higher"
"anxa13",30.0206684549543,-7.26452943990156,3.13267347588717,6.54735374140847e-05,0.000631246059764637,"Ab_vs_Pn","Pn higher"
"ndufaf5",18.7355736525306,4.34640404029553,1.27537412577894,6.57134363181787e-05,0.000632804745687795,"Ab_vs_Pn","Ab higher"
"ube2f",14.3943230365898,6.8775924126897,2.11236105171458,6.62711037671359e-05,0.000637416121726947,"Ab_vs_Pn","Ab higher"
"tmx2a",161.144811618402,4.76045267412858,1.41786467719192,6.68129541541111e-05,0.000641864591630172,"Ab_vs_Pn","Ab higher"
"fuk",16.4312184211267,7.0095391501614,2.88197842414623,6.77367854892453e-05,0.000649967802873671,"Ab_vs_Pn","Ab higher"
"RPL37A",126.681110920055,-8.20909078174921,3.64021895984498,6.96261163995263e-05,0.000665727725243225,"Ab_vs_Pn","Pn higher"
"mettl25",11.6818193789178,-7.25447190837546,3.14668955667495,6.95742184881742e-05,0.000665727725243225,"Ab_vs_Pn","Pn higher"
"lin7b",16.2844231895158,-6.95239727190499,2.99353512177334,6.94784952061289e-05,0.000665727725243225,"Ab_vs_Pn","Pn higher"
"cyp17a2",22.6716618359433,6.15521578991892,2.59327651312495,6.98824265619142e-05,0.000667389549538753,"Ab_vs_Pn","Ab higher"
"larp7",15.7105289420522,5.44590031685589,1.61284303004727,7.01264781126542e-05,0.000668142616552721,"Ab_vs_Pn","Ab higher"
"elmo3",36.2842404697126,4.57935796410129,1.33856090402365,7.00470435119292e-05,0.000668142616552721,"Ab_vs_Pn","Ab higher"
"cx36.7",13.2782660381107,8.99881693827064,3.56031976056682,7.05726861681313e-05,0.000671602892251781,"Ab_vs_Pn","Ab higher"
"zgc:158328",34.5027939260541,4.70685763660233,1.39151082169311,7.07320080717676e-05,0.000672328100226237,"Ab_vs_Pn","Ab higher"
"atp10b",17.4061325072104,8.1513193760515,3.22598181887992,7.20176576897165e-05,0.000683526752246743,"Ab_vs_Pn","Ab higher"
"lzic",9.76442050712513,5.51157920452656,1.60880801984017,7.20883993970493e-05,0.000683526752246743,"Ab_vs_Pn","Ab higher"
"slc2a10",58.7460801839762,-3.60319146437052,1.1370724825319,7.21636600839063e-05,0.000683526752246743,"Ab_vs_Pn","Pn higher"
"MCUB",39.1888243139302,4.29619302330973,1.29789453004551,7.23234112495707e-05,0.0006842386825705,"Ab_vs_Pn","Ab higher"
"rtel1",13.3978801845343,6.12714505573937,1.79738214838855,7.2455215545095e-05,0.000684684858112469,"Ab_vs_Pn","Ab higher"
"tshz1",23.4027805321012,5.07700662405432,1.46703440664078,7.27156794925653e-05,0.000686344377380818,"Ab_vs_Pn","Ab higher"
"itpka",159.571374682645,-6.86150025222727,2.95733394291168,7.29882263100952e-05,0.00068651367746786,"Ab_vs_Pn","Pn higher"
"ATP1A1",65.3191157000917,-6.78228956276665,2.91934093033431,7.29816972179321e-05,0.00068651367746786,"Ab_vs_Pn","Pn higher"
"zgc:153733",13.6654725756078,4.73464892446108,1.41212223728205,7.29749185798864e-05,0.00068651367746786,"Ab_vs_Pn","Ab higher"
"nxnl2",15.2709469320094,-6.83644672906509,2.94704164167159,7.31051914057233e-05,0.000686815207062597,"Ab_vs_Pn","Pn higher"
"gmfb",30.2666800990066,4.96599956046919,1.50160184964922,7.32901683335883e-05,0.00068740354780262,"Ab_vs_Pn","Ab higher"
"dctn1b",35.6695133247864,3.90201306567226,1.15352217134933,7.33377749726371e-05,0.00068740354780262,"Ab_vs_Pn","Ab higher"
"sec22a",18.2650718070547,5.02529800622077,1.50806104179403,7.35891713281615e-05,0.000688961582029512,"Ab_vs_Pn","Ab higher"
"tprg1l",36.0851007872494,-2.755834099395,0.838409154695106,7.40166103380316e-05,0.000692162267080159,"Ab_vs_Pn","Pn higher"
"zc3h7a",33.4974263392023,4.32538600499682,1.29805043143323,7.46362147978959e-05,0.00069715050981545,"Ab_vs_Pn","Ab higher"
"slc25a24",49.3905631886671,3.41196907209261,1.00985790808786,7.52070418095506e-05,0.000701672158243893,"Ab_vs_Pn","Ab higher"
"parp12a",192.290051010703,-3.33586545155037,1.07489737941633,7.53376967065291e-05,0.000702081369422942,"Ab_vs_Pn","Pn higher"
"zbtb8os",16.460133427713,5.14524586653579,1.5490590563709,7.74986166826767e-05,0.000721388159201579,"Ab_vs_Pn","Ab higher"
"npr3",9.21217733513751,6.29685764287652,2.68412301460651,7.79130556052266e-05,0.000724412306655952,"Ab_vs_Pn","Ab higher"
"bsg",23.4453282979738,-6.68651978074178,2.88588030733628,7.83538348087478e-05,0.000727674132913848,"Ab_vs_Pn","Pn higher"
"tes",8.84745122339134,6.83468753168807,2.85115810577999,7.87852833412904e-05,0.000730841923105158,"Ab_vs_Pn","Ab higher"
"sod1",48.4562830916169,-6.79386275497907,2.94502135870576,7.90492176036477e-05,0.000732450310648232,"Ab_vs_Pn","Pn higher"
"urad",15.0648548883666,-7.38515631195872,3.24793627833732,8.05301511545578e-05,0.000745318527104368,"Ab_vs_Pn","Pn higher"
"si:dkey-85k7.10",14.4367847602315,3.98096882079094,1.18914126078537,8.11566649984972e-05,0.00075025858648325,"Ab_vs_Pn","Ab higher"
"eif1axb",23.3129690422364,-6.7687483412463,2.9396887981136,8.16284578109558e-05,0.000753758670357102,"Ab_vs_Pn","Pn higher"
"mtap",25.2992285031461,-6.97942508744181,3.04721060431395,8.17668149022991e-05,0.00075417533152189,"Ab_vs_Pn","Pn higher"
"slc25a32b",63.1781662925909,4.97536669602309,1.51985066659491,8.24986171010192e-05,0.000760058443883991,"Ab_vs_Pn","Ab higher"
"DPYSL2",39.1673958391263,5.25474763845482,1.61451797928717,8.32255267966779e-05,0.000765883147051567,"Ab_vs_Pn","Ab higher"
"ak4",12.1298311449359,4.22789301771938,1.27707865756725,8.50539676857637e-05,0.000781819937056981,"Ab_vs_Pn","Ab higher"
"elmo1",18.0510279961897,-6.71041988287197,2.92501620961692,8.62417568134394e-05,0.000791038982576057,"Ab_vs_Pn","Pn higher"
"CDC37",19.469592263597,-6.48265631335949,2.8101963187081,8.62524888901078e-05,0.000791038982576057,"Ab_vs_Pn","Pn higher"
"cipca",27.6892030291039,5.25794537567255,1.60212689134715,8.66212297377607e-05,0.000793521095525194,"Ab_vs_Pn","Ab higher"
"rom1a",208.60275161454,-3.49344487938341,1.13585557516047,8.69870614153546e-05,0.000795970972611768,"Ab_vs_Pn","Pn higher"
"f2",23.284875956895,7.11844821338227,2.94518285920375,8.79713637298964e-05,0.000804068204758341,"Ab_vs_Pn","Ab higher"
"tspan33b",13.917511919558,5.4133199648383,1.64930724460509,8.99876133060468e-05,0.000821568627576312,"Ab_vs_Pn","Ab higher"
"ppil1",20.1866161312545,7.4964289542773,3.0252154449935,9.09259861156643e-05,0.000829199889165286,"Ab_vs_Pn","Ab higher"
"c1galt1a",48.5925937262886,4.36745175303797,1.34819358771129,9.17993654387765e-05,0.000834925663132392,"Ab_vs_Pn","Ab higher"
"napepld",33.0124642280388,4.19614588279073,1.28655298794322,9.18634986015365e-05,0.000834925663132392,"Ab_vs_Pn","Ab higher"
"GMFG",28.7653977144,3.39249723364297,1.01485679148707,9.1807240520317e-05,0.000834925663132392,"Ab_vs_Pn","Ab higher"
"pkmb",12.9053957649409,5.70763274730788,1.80806903120839,9.30431904286969e-05,0.000844698504352109,"Ab_vs_Pn","Ab higher"
"sfr1",34.0269549449632,4.49454268555478,1.3868228446927,9.46844780370365e-05,0.000858635361930031,"Ab_vs_Pn","Ab higher"
"sdr42e2",124.03454218076,-2.75041507881556,0.866593229706488,9.61350294392495e-05,0.000870813273386438,"Ab_vs_Pn","Pn higher"
"NCBP1",61.3664305272605,4.15008067403037,1.28884202961788,9.80726368281588e-05,0.000887370871703553,"Ab_vs_Pn","Ab higher"
"paf1",28.4056568331098,3.38127677278898,1.02016743184158,9.851742185243e-05,0.000890399357948945,"Ab_vs_Pn","Ab higher"
"calm2a",188.171821722903,-2.72613825013659,0.845531670795182,0.000100502685076854,0.000907328370074415,"Ab_vs_Pn","Pn higher"
"krt18a.1",43.9250171904609,-7.46978731718647,3.37440818810108,0.00010234152799186,0.000922899241835182,"Ab_vs_Pn","Pn higher"
"tubgcp2",9.15724616082188,5.98843746880423,1.92700336404743,0.000104631779378718,0.000942501629615198,"Ab_vs_Pn","Ab higher"
"cpeb3",28.1122379086504,3.59912893290203,1.0967255102378,0.000105724062483684,0.000951281358654641,"Ab_vs_Pn","Ab higher"
"cox18",284.695830782721,4.024162790693,1.20593782771673,0.000106207586367736,0.000954570184587354,"Ab_vs_Pn","Ab higher"
"elovl5",14.3480997711219,-6.4398658843795,2.83557106246905,0.000107448849314755,0.000964654541739237,"Ab_vs_Pn","Pn higher"
"erp44",121.501614079588,-4.31595458505193,1.50872230365083,0.000108310857435302,0.00097131543879618,"Ab_vs_Pn","Pn higher"
"dmtf1",35.279756429619,4.0404426321243,1.24007054051933,0.000109836929965313,0.000983910217596252,"Ab_vs_Pn","Ab higher"
"lrfn4b",13.4122361786986,4.74026650596069,1.46061554841237,0.00011138305679214,0.000996656577866839,"Ab_vs_Pn","Ab higher"
"spc25",6.73241443836842,7.538153440022,3.14452482370699,0.000113988561812777,0.00101884362044592,"Ab_vs_Pn","Ab higher"
"tacr3a",52.3190790406853,-6.88588769721601,3.09306196270444,0.000114973513319732,0.00102538120092978,"Ab_vs_Pn","Pn higher"
"cd63",140.498912464184,-3.41285823700648,1.13644850077829,0.000114856804436881,0.00102538120092978,"Ab_vs_Pn","Pn higher"
"arhgef10",51.6332043699059,3.27591127945209,1.00694554231628,0.000116853169056423,0.00104099700935838,"Ab_vs_Pn","Ab higher"
"UNC13B",13.3662726429534,6.45418602098047,2.15691504761195,0.000117755248849639,0.00104787921666087,"Ab_vs_Pn","Ab higher"
"tapt1a",5.12392900160937,6.85772887376214,2.93595704077542,0.000118816403788254,0.00105616031894856,"Ab_vs_Pn","Ab higher"
"tmem138",222.685513728011,4.87880948686678,1.566320087664,0.000119372806606848,0.00105963038310221,"Ab_vs_Pn","Ab higher"
"luc7l",62.8516760011174,4.87252957611614,1.5362532160803,0.000119468773567711,0.00105963038310221,"Ab_vs_Pn","Ab higher"
"dctpp1",8.58068059438781,-7.01215142315581,3.18234492018227,0.000119963294878171,0.00106285114158765,"Ab_vs_Pn","Pn higher"
"cdca8",11.200473876214,8.66203670931711,3.55919674154436,0.000121877318408237,0.00107862760241163,"Ab_vs_Pn","Ab higher"
"tent5ab",20.0861237512089,3.50405773673573,1.09080956224154,0.000123482323473678,0.00109163772085091,"Ab_vs_Pn","Ab higher"
"psmd9",73.8179725953921,-3.52909044411276,1.1782931570154,0.000124128168492457,0.0010961492957811,"Ab_vs_Pn","Pn higher"
"znf142",66.9693788626726,-3.74081470040557,1.28738063656223,0.000126250259394816,0.0011136732260029,"Ab_vs_Pn","Pn higher"
"map6b",20.4092408943181,-7.33406356925631,3.39590891077521,0.000131670827662593,0.00115896118059055,"Ab_vs_Pn","Pn higher"
"tmem150aa",10.7591990563022,-6.62492089233702,2.9875237556716,0.000131619068007363,0.00115896118059055,"Ab_vs_Pn","Pn higher"
"akirin2",12.175268017942,-7.31296600472976,3.39403331038456,0.000133573977714674,0.00117333915977368,"Ab_vs_Pn","Pn higher"
"bzw1b",37.1211378772929,-6.60671016369536,2.98492071166341,0.000133619495927524,0.00117333915977368,"Ab_vs_Pn","Pn higher"
"lactb",22.897022195764,4.55758859492477,1.43748023783109,0.000133739486377962,0.00117333915977368,"Ab_vs_Pn","Ab higher"
"plcxd2",28.3348896875024,5.215737310183,1.66088078672186,0.000135259900046164,0.00118539255847607,"Ab_vs_Pn","Ab higher"
"rufy3",44.7632445055206,3.87485245935276,1.21541066536911,0.000136362595901478,0.00119376302840591,"Ab_vs_Pn","Ab higher"
"zgc:193690",7.88689437689156,7.93960503318333,3.35140157923087,0.000139192726113797,0.0012172215800373,"Ab_vs_Pn","Ab higher"
"psmc4",18.5941372154273,-6.54835709828258,2.96649226324367,0.000139761438570666,0.00122087502872367,"Ab_vs_Pn","Pn higher"
"mindy4b",24.7725186884893,7.58710840944288,3.17640188049388,0.000140727584674005,0.00122798860024599,"Ab_vs_Pn","Ab higher"
"sem1",38.846528549884,-6.72797476393428,3.07291142115124,0.000143154635262109,0.00124782095327069,"Ab_vs_Pn","Pn higher"
"sav1",87.6739660161047,-7.57496444986126,3.58465415301437,0.000146991485827959,0.00127988603752676,"Ab_vs_Pn","Pn higher"
"rpl31",113.317072661318,-7.46205184973425,3.51398546274197,0.000148076470255863,0.00128786614727099,"Ab_vs_Pn","Pn higher"
"utp3",127.736109793848,2.88129346585581,0.893548153142462,0.000148226404142575,0.00128786614727099,"Ab_vs_Pn","Ab higher"
"GABRA5",13.0551916319655,6.19885446778754,2.07426126975727,0.000149255243761991,0.0012940253663352,"Ab_vs_Pn","Ab higher"
"trpc1",33.8370443938893,4.19785932243161,1.34721304628507,0.000149144408943202,0.0012940253663352,"Ab_vs_Pn","Ab higher"
"pou6f2",10.2818616948911,5.72111201110187,1.79091505789923,0.000159810251270963,0.00138405259371608,"Ab_vs_Pn","Ab higher"
"nelfe",149.629178787009,-2.76305881735052,0.924543485279777,0.000161882110114041,0.00140049667241976,"Ab_vs_Pn","Pn higher"
"top1l",19.9479704774244,-6.42375300716539,2.94324422278599,0.000163167899883545,0.00140860740891995,"Ab_vs_Pn","Pn higher"
"gdi2",22.9338318116912,-6.25881282555553,2.84956237814662,0.000163014444926859,0.00140860740891995,"Ab_vs_Pn","Pn higher"
"her9",14.5913597241987,5.2841298515313,1.6970473933801,0.000166691188168385,0.00143595848891807,"Ab_vs_Pn","Ab higher"
"n4bp2",15.6134619797005,5.23227140535131,1.69816284897593,0.000166626249146932,0.00143595848891807,"Ab_vs_Pn","Ab higher"
"ift88",26.9130314885745,4.28132043015903,1.36850517539404,0.000168597559880815,0.00145083581050629,"Ab_vs_Pn","Ab higher"
"nosip",11.0811064714646,-6.54597406765927,3.02068529952659,0.000169405225500035,0.00145314832350985,"Ab_vs_Pn","Pn higher"
"wipi2",9.35090265551663,-6.44910124706111,2.96372716447334,0.000169264990446721,0.00145314832350985,"Ab_vs_Pn","Pn higher"
"sass6",631.616842215965,5.47925417059719,1.8195317163596,0.000169343979805409,0.00145314832350985,"Ab_vs_Pn","Ab higher"
"znf410",36.9563022095052,3.30263464773787,1.04464658307631,0.000170153210378082,0.00145801834613167,"Ab_vs_Pn","Ab higher"
"lmx1al",76.9034521627584,3.19270216778917,1.00966832859633,0.00017104892198417,0.00146414257135444,"Ab_vs_Pn","Ab higher"
"ube2v2",14.5875112754044,-6.32738304272737,2.90656665960965,0.000173109237266417,0.00147864901821335,"Ab_vs_Pn","Pn higher"
"PPP2R2C",15.8716857583425,4.98354497563637,1.63660797809054,0.00017309940492435,0.00147864901821335,"Ab_vs_Pn","Ab higher"
"slc22a2",16.8587945274833,7.41201749108885,3.17477233156699,0.000173791030970431,0.00148290680329094,"Ab_vs_Pn","Ab higher"
"fntb",24.0108897657449,3.3345458420549,1.0635066575574,0.000174057277538054,0.001483613612229,"Ab_vs_Pn","Ab higher"
"bhlhe40",18.8152470633753,-6.03073508576779,2.74257285247042,0.000174983135191248,0.00148812128466149,"Ab_vs_Pn","Pn higher"
"pola1",28.2535810101991,5.86291580481839,2.60242814976675,0.000175138022375787,0.00148812128466149,"Ab_vs_Pn","Ab higher"
"phf6",13.9484877271182,3.70698517565139,1.18911015776383,0.000175025901988479,0.00148812128466149,"Ab_vs_Pn","Ab higher"
"dctn4",11.7454246055633,-6.48286410657108,2.99946357906943,0.000175337296857995,0.00148825120071807,"Ab_vs_Pn","Pn higher"
"rpl18",227.639780993034,-7.60757608510105,3.69097200184484,0.000175857528794964,0.00148954089049472,"Ab_vs_Pn","Pn higher"
"sars2",25.908697389055,-6.81690129012643,3.19420417975789,0.000175675019781921,0.00148954089049472,"Ab_vs_Pn","Pn higher"
"sema3c",11.6247166985617,-6.56886681513779,3.05563898717232,0.000178266552774565,0.00150836626087181,"Ab_vs_Pn","Pn higher"
"znrf3",450.475263402817,3.47484907952652,1.1322754705656,0.000178673733521482,0.0015102317977589,"Ab_vs_Pn","Ab higher"
"lbr",14.9268087493038,-6.41844921881472,2.96832449724889,0.000183129043242831,0.00154466197162801,"Ab_vs_Pn","Pn higher"
"vars2",19.6458395039962,3.76063397806884,1.20852648653326,0.000182939742707536,0.00154466197162801,"Ab_vs_Pn","Ab higher"
"mrps18c",144.781215301683,-4.23779182085476,1.61770354466366,0.000185403353620925,0.00156059076736697,"Ab_vs_Pn","Pn higher"
"svopa",51.666142929743,3.80012990374654,1.22157403393949,0.000185284265282705,0.00156059076736697,"Ab_vs_Pn","Ab higher"
"si:ch211-246m6.4",15.4840273584208,-6.36392329549219,2.94590062633324,0.000187433866926831,0.00157604215132134,"Ab_vs_Pn","Pn higher"
"kcnh3",7.9524258761567,7.90252806699175,3.40028855918193,0.000189404354614898,0.00159095724245058,"Ab_vs_Pn","Ab higher"
"FAHD2A",15.6936259088749,4.16883410990319,1.36155205169949,0.000194744877388497,0.00163411961949746,"Ab_vs_Pn","Ab higher"
"tspan4b",15.2115866872805,-6.8572597721087,3.26461815888463,0.000195131007011409,0.00163566291783967,"Ab_vs_Pn","Pn higher"
"aga",12.7584457221632,5.55908181434471,1.90814683341167,0.000195947037881546,0.0016408028876023,"Ab_vs_Pn","Ab higher"
"gde1",13.0973078688636,-6.1250012240214,2.82779691357106,0.000199175391596473,0.00166611141946625,"Ab_vs_Pn","Pn higher"
"ubxn1",75.3603820729411,3.10676712511872,0.989154537494109,0.000200445455736602,0.00167500340026175,"Ab_vs_Pn","Ab higher"
"hspd1",195.643543383104,3.49401552888837,1.13295075202017,0.00020161818479438,0.00168306449618343,"Ab_vs_Pn","Ab higher"
"rsl24d1",25.8825801594561,-6.48520643958271,3.04895957227636,0.000203127048695003,0.00169362874733499,"Ab_vs_Pn","Pn higher"
"sdr39u1",20.9169858596936,5.66346332021726,1.8736639435206,0.000203302449457569,0.00169362874733499,"Ab_vs_Pn","Ab higher"
"abcg5",11.2237002529831,-6.6070253757596,3.13491455830055,0.000204563862804279,0.00170238383356359,"Ab_vs_Pn","Pn higher"
"gtpbp4",129.534970503243,-6.69092363253415,3.17555762772633,0.000205598797796478,0.00170748323960545,"Ab_vs_Pn","Pn higher"
"zgc:165481",14.1983396274024,5.88972130437545,2.03238687177375,0.000205411942700462,0.00170748323960545,"Ab_vs_Pn","Ab higher"
"hdac9b",14.9324794218258,-6.57880032974378,3.11894481998179,0.000209916696751409,0.00174155503592015,"Ab_vs_Pn","Pn higher"
"gnb1a",137.056316345187,-3.07751631178729,1.09564380857449,0.000216304193278164,0.00179270965105232,"Ab_vs_Pn","Pn higher"
"arg2",14.2202616283859,-6.54505073336198,3.11096099749492,0.000216827164873033,0.00179520464345749,"Ab_vs_Pn","Pn higher"
"ndrg3a",8.30510384551695,-6.20907996424378,2.90946153290104,0.000217108990480076,0.00179570002453307,"Ab_vs_Pn","Pn higher"
"yme1l1b",14.5663418110783,-5.9614923555104,2.76443875453556,0.000217393794364482,0.00179621900164892,"Ab_vs_Pn","Pn higher"
"hnrnpr",19.4171312607721,-6.27896749665044,2.95193335543831,0.000218759176516712,0.0018056561008609,"Ab_vs_Pn","Pn higher"
"whrna",47.3017320109045,3.75923745095349,1.24396267511304,0.000220717233921832,0.0018199609635002,"Ab_vs_Pn","Ab higher"
"trpc4apa",16.651159275783,-7.45950610043615,3.74111055050546,0.000222275875136227,0.00183094659264454,"Ab_vs_Pn","Pn higher"
"rps3",265.885487125733,-7.47678024896993,3.73649192369899,0.000223285170454868,0.00183738936298008,"Ab_vs_Pn","Pn higher"
"smn1",17.0359235601747,-6.91461404851958,3.36774454898669,0.000227004279095157,0.00186609513577309,"Ab_vs_Pn","Pn higher"
"alyref",24.7867893570117,-6.2618755867765,2.94454573575189,0.000228840319655752,0.00187675610891967,"Ab_vs_Pn","Pn higher"
"fgf8b",13.4478744543974,5.4033305099265,1.86050747747924,0.000228926245343958,0.00187675610891967,"Ab_vs_Pn","Ab higher"
"chfr",231.552266146357,3.48911254995449,1.13908623713375,0.000228997191186019,0.00187675610891967,"Ab_vs_Pn","Ab higher"
"fut11",10.7429845855266,7.66840211482713,3.32095413617102,0.000230274087877362,0.00188531082676111,"Ab_vs_Pn","Ab higher"
"crls1",6.80056595953747,4.28501289491603,1.39542865614142,0.000234188804203255,0.0019154228889789,"Ab_vs_Pn","Ab higher"
"ppdpfb",54.7968204163876,-6.80531263045269,3.31410263538403,0.000239806203001041,0.00195938623846002,"Ab_vs_Pn","Pn higher"
"nudt1",63.4340432617175,-6.91644009899623,3.39767577381679,0.000242991276284539,0.00198340709774535,"Ab_vs_Pn","Pn higher"
"tfam",56.1666704132407,-2.78556065597201,0.969672083519628,0.000243866908825837,0.00198854780795584,"Ab_vs_Pn","Pn higher"
"dldh",21.0485028290007,-6.21630192424985,2.96334205770061,0.000252333782255111,0.00205551658072668,"Ab_vs_Pn","Pn higher"
"gdpd4b",200.724205909308,11.9154026718547,5.0461607978669,0.000253657014012475,0.00206421688767295,"Ab_vs_Pn","Ab higher"
"dlk2",62.986113743527,-3.63842223623142,1.36907852796559,0.000258508526249866,0.00210158338576398,"Ab_vs_Pn","Pn higher"
"dnpep",11.9758334262438,5.18583076893705,1.74412466088687,0.000258781281449506,0.00210168853980427,"Ab_vs_Pn","Ab higher"
"pex5",17.475093580399,-6.43660670740673,3.11731715967738,0.000262292447755781,0.00212806781333652,"Ab_vs_Pn","Pn higher"
"ldha",12.5540915432633,-6.74145500664363,3.32214071908624,0.00026729624471636,0.00216649230812689,"Ab_vs_Pn","Pn higher"
"vdac3",71.0716052485385,-3.55405164884968,1.34085523420848,0.000271625617880746,0.00219937900203939,"Ab_vs_Pn","Pn higher"
"scp2b",18.1210981769365,3.92757871987113,1.33498645301287,0.000274246290349073,0.00221837824263365,"Ab_vs_Pn","Ab higher"
"ppfia4",15.0136258191911,6.56350911358208,2.42374734306678,0.00027518694818901,0.00222376346044046,"Ab_vs_Pn","Ab higher"
"ywhabb",65.9360155459047,-2.77818614059576,0.939961616659965,0.000277703562355131,0.00224186039510046,"Ab_vs_Pn","Pn higher"
"cavin1b",60.1334174805622,-6.35954787707409,3.08951747416831,0.000278544346424677,0.00224640600022852,"Ab_vs_Pn","Pn higher"
"zbtb41",64.8010501896679,-3.67269935233274,1.44181397835566,0.000280506600780814,0.00225816943295898,"Ab_vs_Pn","Pn higher"
"ciapin1",47.46042985436,3.66472679671839,1.25103038839593,0.000280561290656914,0.00225816943295898,"Ab_vs_Pn","Ab higher"
"ppfia2",55.9894335061518,3.2256250620042,1.07013910265112,0.000284119913687059,0.0022845387493187,"Ab_vs_Pn","Ab higher"
"srsf9",34.3267955444959,5.33045212789206,1.87399196399827,0.000288220515286636,0.0023152092831714,"Ab_vs_Pn","Ab higher"
"mau2",8.81546694573192,4.83169285129255,1.58985394361965,0.000288681620511857,0.00231661272650834,"Ab_vs_Pn","Ab higher"
"bcar1",13.9739477590095,-6.58888329307305,3.2629750907045,0.000289534522141718,0.00232115436036111,"Ab_vs_Pn","Pn higher"
"rpl10a",188.498637526281,-7.16790163940611,3.70401196987646,0.000291989195982291,0.00233851545178293,"Ab_vs_Pn","Pn higher"
"mospd2",11.6155573930608,3.85089034050464,1.31689290322223,0.00029310937867637,0.00234516494966682,"Ab_vs_Pn","Ab higher"
"mesd",10.6319576060229,6.69925720597963,3.01731116257607,0.000294154557750036,0.00235120179608699,"Ab_vs_Pn","Ab higher"
"myo1ha",44.162583698532,5.54293028663174,2.57948422398072,0.000295439539209219,0.00235914159196779,"Ab_vs_Pn","Ab higher"
"lmtk2",8.78314488926145,4.74050954118909,1.54776128083335,0.000297637585818005,0.00237434953814777,"Ab_vs_Pn","Ab higher"
"rgs5a",127.754114177892,-6.76187020765451,3.39211587026446,0.000299302503953756,0.0023852787728886,"Ab_vs_Pn","Pn higher"
"ctns",96.2522549384118,2.79890973116095,0.929148454661418,0.000300078074073904,0.00238910584762186,"Ab_vs_Pn","Ab higher"
"iah1",7.63810810303096,6.70052805643214,3.09070179357699,0.00030628905418894,0.00243615748213799,"Ab_vs_Pn","Ab higher"
"preb",79.3890986486203,-3.21580789296486,1.17769562991201,0.000307777535748593,0.00244559183366441,"Ab_vs_Pn","Pn higher"
"dhrs4",15.7909374020366,-6.12559034411135,2.98584298088398,0.000311808797563807,0.00247519270215273,"Ab_vs_Pn","Pn higher"
"tmco3",19.1116651932,4.11817939782159,1.41430660728803,0.000319347490041166,0.00253007036919,"Ab_vs_Pn","Ab higher"
"tmem192",22.0641286556216,-0.820696313645952,1.62535659594678,0.000319041117653963,0.00253007036919,"Ab_vs_Pn","Pn higher"
"ccl25b",93.7581398230166,-6.80312539720891,3.46898218505522,0.000323763682855796,0.00256171448864555,"Ab_vs_Pn","Pn higher"
"ognb",259.419058420502,-3.22322867694403,1.24343403385129,0.000323975018158537,0.00256171448864555,"Ab_vs_Pn","Pn higher"
"G6PC2",7.66953578281848,-6.479397609613,3.25364560882713,0.000325865188725875,0.00257414405430039,"Ab_vs_Pn","Pn higher"
"hnrnpub",17.7805775679941,-5.77956477959104,2.7817035325538,0.000326992762319922,0.0025805311750301,"Ab_vs_Pn","Pn higher"
"rab14l",8.7689342315911,-5.87641070534297,2.84693189879131,0.000328454547972052,0.00258954077830987,"Ab_vs_Pn","Pn higher"
"pla2g7",18.7644325586159,5.20600295287252,1.82343748735924,0.000329029942444177,0.00259155131882273,"Ab_vs_Pn","Ab higher"
"vti1a",10.5279085776155,-6.20741471278429,3.0750215436827,0.000335374988084959,0.00263683121340673,"Ab_vs_Pn","Pn higher"
"aldh3b2",86.9526688089571,2.75064591571212,0.912836693829351,0.000335430747755659,0.00263683121340673,"Ab_vs_Pn","Ab higher"
"rpl13",102.324363279921,-6.84846037816621,3.53156027750648,0.000337665909245761,0.00264925270600287,"Ab_vs_Pn","Pn higher"
"rbp3",61.1892454664479,-5.58735155665442,2.6695559148852,0.000337663692123065,0.00264925270600287,"Ab_vs_Pn","Pn higher"
"eef2kmt",50.141112740563,5.9770278955935,2.81372077972754,0.000338019674549631,0.00264945847619376,"Ab_vs_Pn","Ab higher"
"abca12",13.1180777534055,5.99654566015339,2.78584696862252,0.000339213555886546,0.00265624245262949,"Ab_vs_Pn","Ab higher"
"rrp7a",23.8752981722837,3.83988565899845,1.33137588079156,0.000344192240600127,0.00269262188995592,"Ab_vs_Pn","Ab higher"
"rpl35",419.440885923826,-4.23367373450834,1.76661627061162,0.000349112851635269,0.00272847715640357,"Ab_vs_Pn","Pn higher"
"atp6v1f",28.3438424487171,-6.35600171598707,3.19989682926791,0.000354017340372851,0.00276413732266023,"Ab_vs_Pn","Pn higher"
"atp1a2a",80.5712869149522,-3.41583135426782,1.34688013273544,0.000359911518588771,0.00280744867296487,"Ab_vs_Pn","Pn higher"
"ndfip1l",11.1941808892404,-5.95071883909264,2.92774430134864,0.000364595878404762,0.00284124861311765,"Ab_vs_Pn","Pn higher"
"bnip3la",10.944330965133,4.90067711955233,1.77690034552533,0.00036520685018185,0.00284327065555436,"Ab_vs_Pn","Ab higher"
"foxo3b",7.67133160279784,-5.86806118881324,2.88747982950291,0.000370091838916482,0.00287576646013009,"Ab_vs_Pn","Pn higher"
"parla",74.3088164541885,5.37729422836061,2.58644201154727,0.000370069458930158,0.00287576646013009,"Ab_vs_Pn","Ab higher"
"ndufa4l2a",10.695810463507,-6.35728316283996,3.22901816716768,0.000371447938718909,0.00288353395038124,"Ab_vs_Pn","Pn higher"
"tnfrsf9a",8.70109492178515,3.94205969247492,1.37949611660954,0.000373257957409898,0.00289480691993161,"Ab_vs_Pn","Ab higher"
"arhgap17b",7.73597176254457,7.01140087989423,3.2171776492121,0.000375584781576783,0.00291006254614425,"Ab_vs_Pn","Ab higher"
"gigyf2",13.9419074938503,-5.74641245779217,2.82027930936957,0.000386676685302336,0.00299054044803368,"Ab_vs_Pn","Pn higher"
"chid1",14.3135269936584,2.88024825093724,0.979811976212818,0.000386711003664635,0.00299054044803368,"Ab_vs_Pn","Ab higher"
"inppl1b",13.7338490359512,5.20214483144669,1.88124092287103,0.000388854283835163,0.00300424288628714,"Ab_vs_Pn","Ab higher"
"tbx2b",31.5461614593943,-5.631008701864,2.75198912997759,0.000395709097178517,0.00305137358157962,"Ab_vs_Pn","Pn higher"
"ezrb",24.792811336128,2.85391980902229,0.970069217251159,0.000395451014435901,0.00305137358157962,"Ab_vs_Pn","Ab higher"
"mcm8",7.42210966524026,5.37473427028369,1.99207735515993,0.000396532092293195,0.00305480770910443,"Ab_vs_Pn","Ab higher"
"si:ch1073-280e3.1",116.146266146725,5.11023175368885,2.50135340882833,0.00039737683939682,0.0030584027153957,"Ab_vs_Pn","Ab higher"
"pdcd5",15.4879708038385,-5.84636048497543,2.90152896711847,0.000400067745007919,0.00307589712571941,"Ab_vs_Pn","Pn higher"
"csnk1e",7.17912668124493,4.77487031234429,1.63309888233503,0.000400410393544634,0.00307589712571941,"Ab_vs_Pn","Ab higher"
"ywhabl",20.8949510320748,-6.06470897043617,3.05650099871053,0.000404197626310641,0.00309920935061391,"Ab_vs_Pn","Pn higher"
"tax1bp3",9.50856382366575,5.59104565264344,2.09479891626921,0.000404211381493099,0.00309920935061391,"Ab_vs_Pn","Ab higher"
"ppid",21.9251626128186,3.59801949399271,1.23315118217338,0.000405496966321832,0.00310612212175881,"Ab_vs_Pn","Ab higher"
"rbp4l",37.728902739202,-3.11325604246585,1.11493753666196,0.000409236487198962,0.00313180127242423,"Ab_vs_Pn","Pn higher"
"rpl23",719.699528419249,3.90975642866282,1.41262277595411,0.000410228691942388,0.00313642711637238,"Ab_vs_Pn","Ab higher"
"pdzd11",8.74065399463513,5.84455092968834,2.19584279119737,0.000416236212964727,0.00317935290526126,"Ab_vs_Pn","Ab higher"
"smurf2",15.1962958217888,4.30687598436333,1.52399848980508,0.000418632367697367,0.00319463888896604,"Ab_vs_Pn","Ab higher"
"engase",42.9242525722689,3.40856101440491,1.18598079960473,0.000420592986619523,0.00320657555962801,"Ab_vs_Pn","Ab higher"
"slc7a6os",10.7811263616567,-5.89752750958592,2.96664448393045,0.0004272511076494,0.0032542695007307,"Ab_vs_Pn","Pn higher"
"grk7a",29.8258757841778,-6.51310672493929,3.43410755203468,0.000432726480425731,0.00329287347146166,"Ab_vs_Pn","Pn higher"
"aqp12",77.8174299822401,-2.96794523588705,1.11022688873887,0.000439901868556642,0.00334432914920552,"Ab_vs_Pn","Pn higher"
"tdg.1",6.01306917729454,7.17984059301836,3.33354959289844,0.000441090639373317,0.00335021801116503,"Ab_vs_Pn","Ab higher"
"ldb1a",11.8383159881947,-5.73435824616126,2.86173332590245,0.000445277829421857,0.00337884836978743,"Ab_vs_Pn","Pn higher"
"rfx7b",6.38397023586447,6.38678815838472,3.03287366562684,0.000450081922163891,0.00341210184478323,"Ab_vs_Pn","Ab higher"
"manba",27.9683304893904,-3.75756072387127,1.51390076915378,0.000453951089664473,0.00343821195158795,"Ab_vs_Pn","Pn higher"
"usp30",107.171180550362,-4.17234815850646,1.83763194264711,0.000456808647460258,0.00345661847456129,"Ab_vs_Pn","Pn higher"
"epn1",8.45072978771202,-5.96950247603581,3.05384117939729,0.000463041360988458,0.00350050613928564,"Ab_vs_Pn","Pn higher"
"pigr",18.2422683667115,-6.19779641027006,3.22936479924384,0.00046399655250505,0.00350118294143036,"Ab_vs_Pn","Pn higher"
"hspa9",16.8097586085413,-5.8336295568436,2.95753505522092,0.000463933373834097,0.00350118294143036,"Ab_vs_Pn","Pn higher"
"xrcc6",8.64829726400249,-6.4535804096021,3.45261735877438,0.00046748454123316,0.00352421477542873,"Ab_vs_Pn","Pn higher"
"fabp11b",156.437724173949,-6.58722542958246,3.55493669399455,0.00046951295874349,0.00353621072930735,"Ab_vs_Pn","Pn higher"
"UBE2O",8.26080760647904,4.77672832132752,1.78575750420701,0.00047341276127703,0.00356226588462316,"Ab_vs_Pn","Ab higher"
"zc2hc1a",105.933120824663,-2.61455505619459,0.970670316448621,0.000477020742804928,0.00358607879976678,"Ab_vs_Pn","Pn higher"
"psmd13",16.3494011591224,3.6725229992122,1.31518474236101,0.000478389132551397,0.00359302664179039,"Ab_vs_Pn","Ab higher"
"sdcbp2",53.2111154029966,-3.626338986069,1.49567846899938,0.000479724538618207,0.00359971409358319,"Ab_vs_Pn","Pn higher"
"aatka",19.8729722616471,3.29131639658547,1.17070617908991,0.000482989618703064,0.00362085544549498,"Ab_vs_Pn","Ab higher"
"trappc8",130.435160982646,2.94782501988985,1.02962207770718,0.000483509642630086,0.00362139768447663,"Ab_vs_Pn","Ab higher"
"smyd1b",20.7548975860494,-6.91177956489721,3.95114680762842,0.000493392388969136,0.0036919991067265,"Ab_vs_Pn","Pn higher"
"TPM1",41.9491668559607,-6.08128777543887,3.17378387679443,0.00050496612985565,0.00377511185249755,"Ab_vs_Pn","Pn higher"
"slc20a1a",17.1132169053303,-6.07800335334905,3.19362986663842,0.000509705245754611,0.00380702283740448,"Ab_vs_Pn","Pn higher"
"soul5",139.105092583805,-6.28982251871957,3.34656014747107,0.000513779201100811,0.0038299058986446,"Ab_vs_Pn","Pn higher"
"si:dkey-222b8.1",51.7955323415529,5.70228557991864,2.79100601820924,0.00051418936901076,0.0038299058986446,"Ab_vs_Pn","Ab higher"
"ppp3ca",35.6241407081131,4.4182753494078,1.5381724574101,0.000513714688212078,0.0038299058986446,"Ab_vs_Pn","Ab higher"
"nsl1",16.5037916242818,5.0075224907218,1.86749765990789,0.000521551435451755,0.00388116794974172,"Ab_vs_Pn","Ab higher"
"CDH4",5.3870962155733,5.89547797023777,2.87904208358185,0.000526078529993361,0.00391125848264366,"Ab_vs_Pn","Ab higher"
"spout1",7.04670000181711,5.45244061460751,2.08967372409109,0.000528655265684775,0.00392680665208829,"Ab_vs_Pn","Ab higher"
"si:dkey-97o5.1",47.9967628360895,4.19160534124183,1.56902013419378,0.000531485501837988,0.00394420754529127,"Ab_vs_Pn","Ab higher"
"nmnat2",16.6728601600204,4.50587446473895,1.674235917801,0.000540961944776604,0.00401085350256457,"Ab_vs_Pn","Ab higher"
"ndufc2",2153.54542066509,-3.90099882463459,1.74594096350825,0.000542454884926557,0.00401823952762905,"Ab_vs_Pn","Pn higher"
"porcn",2266.83370181514,15.3235823571802,7.07599716834068,0.000545090671365516,0.00403406993657425,"Ab_vs_Pn","Ab higher"
"fam49ba",12.4992398047405,4.0113110101626,1.40203106009781,0.000546859439580728,0.00404346070088529,"Ab_vs_Pn","Ab higher"
"clcn6",9.65192896119164,4.1499769042785,1.53872282243902,0.000554814877575841,0.00409853657051231,"Ab_vs_Pn","Ab higher"
"sept15",20.9171081205089,-5.49105177242206,2.80002658229817,0.000567468494090075,0.00418818672326151,"Ab_vs_Pn","Pn higher"
"rnf40",26.2524520661298,3.14001471676232,1.12950998732363,0.000571552494862825,0.00421448325519179,"Ab_vs_Pn","Ab higher"
"C12orf57",37.1754334987163,5.20491744754894,2.60687121582298,0.000581777909537461,0.00428597587454328,"Ab_vs_Pn","Ab higher"
"pcnp",45.5307319952083,-5.41977474395226,2.75367103665614,0.000582882482908403,0.00429020600932309,"Ab_vs_Pn","Pn higher"
"nin",22.5182787214512,-5.79839541540292,3.04635152914247,0.000583503468318737,0.00429087232293661,"Ab_vs_Pn","Pn higher"
"ell2",9.28120199087062,-5.67138990044087,2.95243400868328,0.000584224300690344,0.00429227099753333,"Ab_vs_Pn","Pn higher"
"GTPBP2",8.05020749292011,-5.75123942876819,3.03195371123174,0.000592531073841542,0.00434540694134563,"Ab_vs_Pn","Pn higher"
"cbx3a",14.2600683303761,-5.47053605689259,2.80652274710348,0.000592312442819434,0.00434540694134563,"Ab_vs_Pn","Pn higher"
"pde6a",68.8334097773385,-3.3461700444188,1.36559682173778,0.000595162939318109,0.00436075454360886,"Ab_vs_Pn","Pn higher"
"SELENOP",120.158736522407,-6.03684682401203,3.25600013317846,0.000600836817615375,0.00439834300243508,"Ab_vs_Pn","Pn higher"
"ran",67.5743007932266,-5.89822018610618,3.14088608923833,0.000601838992883704,0.00440169585301653,"Ab_vs_Pn","Pn higher"
"arl13a",24.294676721303,-5.99356058346557,3.22390715547032,0.000603964167879081,0.00440926548192589,"Ab_vs_Pn","Pn higher"
"bri3",43.6641625864232,-3.69552429456874,1.53848517341784,0.000603550341154623,0.00440926548192589,"Ab_vs_Pn","Pn higher"
"dusp8a",11.0642814918664,-5.61801517030451,2.92761702916027,0.000606206778875607,0.0044180209972528,"Ab_vs_Pn","Pn higher"
"fnbp4",39.1292605396634,3.15053309516328,1.13795108930016,0.000606255817400248,0.0044180209972528,"Ab_vs_Pn","Ab higher"
"usb1",15.3214437306458,4.93766635915967,1.8872400541423,0.000608816381402808,0.00443268740699128,"Ab_vs_Pn","Ab higher"
"u2af2a",12.4345131777742,-5.52168304985247,2.86060096483398,0.000614608000512967,0.00447083103970269,"Ab_vs_Pn","Pn higher"
"mtrex",13.1965875711875,3.9337150206786,1.47238925413044,0.000615946931610397,0.00447331440086307,"Ab_vs_Pn","Ab higher"
"psmb7",29.0172914929555,3.22883055636415,1.18862614460789,0.000616055413841199,0.00447331440086307,"Ab_vs_Pn","Ab higher"
"myo1ca",19.7301377874428,3.41132178819162,1.24224602950709,0.000618542131465343,0.00448734287123153,"Ab_vs_Pn","Ab higher"
"hspb6",15.116521559653,-5.59541328339228,2.92688733949669,0.000626514588326307,0.00453704252907028,"Ab_vs_Pn","Pn higher"
"stom",433.847095633439,0.385961023036255,1.12876433337683,0.000625988329142183,0.00453704252907028,"Ab_vs_Pn","Ab higher"
"lsm5",272.400484773412,-2.88358694816091,1.19057686346119,0.000627077864207081,0.00453705978852511,"Ab_vs_Pn","Pn higher"
"med23",13.2807503441114,3.50769419455963,1.31097188498945,0.000633869983597127,0.00458210392968468,"Ab_vs_Pn","Ab higher"
"rplp2l",23.7922877878016,-6.31949416282562,3.56653985418877,0.000635991541716983,0.00459318252290698,"Ab_vs_Pn","Pn higher"
"eral1",8.45797718944939,-5.84850825431461,3.14717251529524,0.000636538213398284,0.00459318252290698,"Ab_vs_Pn","Pn higher"
"kdr",23.4461274550784,-5.75185123080459,3.06278796035326,0.000639630576547058,0.0046031776990117,"Ab_vs_Pn","Pn higher"
"acbd7",26.7732785611925,-5.57530461084293,2.92362888254717,0.000639057281510218,0.0046031776990117,"Ab_vs_Pn","Pn higher"
"myrf",8.39135015846358,4.04113925770445,1.4863310724847,0.000639377641644988,0.0046031776990117,"Ab_vs_Pn","Ab higher"
"jag1b",7.60869113487329,6.11825928037811,3.02198893003514,0.00064523519701261,0.00463938445212001,"Ab_vs_Pn","Ab higher"
"hs3st3l",37.6706108359419,4.07670476011144,1.56530531710629,0.0006467377573936,0.0046460583655034,"Ab_vs_Pn","Ab higher"
"tm9sf5",20.9650233361056,-5.51921300477448,2.88762819503823,0.00065020563542308,0.00466682642851579,"Ab_vs_Pn","Pn higher"
"ergic3",906.45898981018,2.54039451719987,0.902588180867517,0.000664335300440601,0.00476401440182981,"Ab_vs_Pn","Ab higher"
"ssh1a",11.1503216317364,3.69002375567748,1.37490569137482,0.000666956576988747,0.00477857551041804,"Ab_vs_Pn","Ab higher"
"dipk1b",8.67972309336927,4.6135812100724,1.85425838924822,0.000669487186859068,0.00479246181814425,"Ab_vs_Pn","Ab higher"
"cs",10.1757353553471,-5.63415940910607,2.99667983886168,0.000674744725607461,0.00482582677757626,"Ab_vs_Pn","Pn higher"
"fkbp5",25.7078155898672,-5.55164349705787,2.93065952773226,0.000676497618951944,0.00483408943436597,"Ab_vs_Pn","Pn higher"
"cdcp1a",7.73210629221978,7.77051749004066,3.71016986649783,0.000678128067086038,0.00484146331390906,"Ab_vs_Pn","Ab higher"
"aebp2",31.5502855327112,3.12309308081279,1.15830409505838,0.000679761459544377,0.00484884519070059,"Ab_vs_Pn","Ab higher"
"trim3a",11.6792534218011,-5.86183300919856,3.20065635945148,0.000681872343252466,0.00485961707891559,"Ab_vs_Pn","Pn higher"
"slco3a1",13.657382750119,-5.21636905379694,2.67625024909534,0.000684245831449434,0.00486795473227306,"Ab_vs_Pn","Pn higher"
"sh3bp5la",17.0098926763475,2.87730377671016,1.0463217684471,0.000683799393330487,0.00486795473227306,"Ab_vs_Pn","Ab higher"
"arr3a",266.101869579072,-3.41346842075816,1.52502368504808,0.000688232865091952,0.00489201726338207,"Ab_vs_Pn","Pn higher"
"sfrp5",87.5863439200448,-6.24082194148938,3.56697085311051,0.000697265701507729,0.0049518720452116,"Ab_vs_Pn","Pn higher"
"TEX2",30.607919665098,3.34147185038289,1.25685517755785,0.00070045907972803,0.00497018727712284,"Ab_vs_Pn","Ab higher"
"CDYL2",5.66650076907028,-5.74454853665906,3.1306473873792,0.000708684856145877,0.00502414706517441,"Ab_vs_Pn","Pn higher"
"IFT122",8.69614092153437,4.25140196392545,1.55711532896787,0.000711794834119834,0.00504177619369119,"Ab_vs_Pn","Ab higher"
"mab21l2",6.11978094587161,4.92892747818292,1.96575540353107,0.000719346808550645,0.00508775227864225,"Ab_vs_Pn","Ab higher"
"dnajb9a",10.1630450651409,3.28646458250231,1.23691272263215,0.000719543652709449,0.00508775227864225,"Ab_vs_Pn","Ab higher"
"rps19",145.234649660925,-5.40045579642878,2.84615070266581,0.000727742887315798,0.00514123337598034,"Ab_vs_Pn","Pn higher"
"si:ch211-76l23.4",10.7283653627978,6.10078928828665,2.52272434150765,0.000729272411653362,0.00514348207504577,"Ab_vs_Pn","Ab higher"
"atp1b1a",236.515931340923,-2.06030803935437,0.757882407647139,0.000729332913843182,0.00514348207504577,"Ab_vs_Pn","Pn higher"
"creg2",48.0598317927219,-2.42238409543991,0.909947353811893,0.000732795835139329,0.00516340201258017,"Ab_vs_Pn","Pn higher"
"pdhb",32.0285951835938,3.22087065677179,1.20040444627263,0.000734895462616174,0.00517368964064598,"Ab_vs_Pn","Ab higher"
"dlgap2a",12.3736887726092,6.39814262889342,3.19853032612974,0.000739764313037907,0.00520343785057707,"Ab_vs_Pn","Ab higher"
"cryaa",5.71515733935944,4.81998461077232,1.98189828388942,0.000743952653868166,0.00522835188283197,"Ab_vs_Pn","Ab higher"
"cct6a",36.8655397385077,-5.51382569328545,2.94767070980433,0.000751162791637993,0.00527444081732615,"Ab_vs_Pn","Pn higher"
"zgc:56231",9.71212007531278,5.06562989753183,1.9395379744923,0.000753204214264144,0.00528418810857126,"Ab_vs_Pn","Ab higher"
"zgc:172302",6.44820034695951,6.34771728078918,3.17796927981218,0.000755294983708657,0.00529426440486943,"Ab_vs_Pn","Ab higher"
"lzts1",53.8004459088972,3.07046183509939,1.156309237185,0.000766774095598257,0.00537007416389117,"Ab_vs_Pn","Ab higher"
"col1a2",723.85544351362,-6.24102774367363,3.62750470971443,0.000768934257845889,0.00538054430079186,"Ab_vs_Pn","Pn higher"
"tram2",4.10937621539928,6.03070552240842,3.04094078421699,0.00077092846870938,0.00538873719713246,"Ab_vs_Pn","Ab higher"
"si:ch211-106h4.6",100.769248432574,4.76860621494365,1.96983418219271,0.000771437467459437,0.00538873719713246,"Ab_vs_Pn","Ab higher"
"mrpl22",9.1406923973589,5.75892023908466,2.95599236444893,0.000778536398576278,0.00543363324252245,"Ab_vs_Pn","Ab higher"
"hspa12a",6.80922261700277,-5.76072720903813,3.21223997009206,0.00077930520043205,0.00543431014335763,"Ab_vs_Pn","Pn higher"
"rassf7a",94.9498822282445,2.67602397870734,0.969483228551259,0.000787400109307296,0.00548602884081543,"Ab_vs_Pn","Ab higher"
"smc2",8.31301730784916,-5.39459231433006,2.90231313505569,0.00080155663242144,0.00557985507715751,"Ab_vs_Pn","Pn higher"
"fam13b",23.3186670222984,-5.12660121319013,2.67550814809238,0.000803094484318847,0.00558575346831913,"Ab_vs_Pn","Pn higher"
"ahsa1b",8.29200926116283,-5.24534128187507,2.78739795180316,0.000811629807427119,0.00564026934044499,"Ab_vs_Pn","Pn higher"
"abca4a",34.403566813269,-5.16068618901784,2.70957311141928,0.000815196243562287,0.00566019091345522,"Ab_vs_Pn","Pn higher"
"rpl26",88.7969856953235,-6.05242918389997,3.54121335485236,0.000824345416074261,0.00571390751553102,"Ab_vs_Pn","Pn higher"
"gnat2",221.096267567976,3.04294364175459,1.15525675961349,0.000824018290457083,0.00571390751553102,"Ab_vs_Pn","Ab higher"
"pgr",49.8915631337168,5.274787953086,2.77219762009482,0.000825717578386848,0.00571851840031782,"Ab_vs_Pn","Ab higher"
"arhgef19",4.00783267489022,6.31202504228833,3.19056749709417,0.000836430905608089,0.00578281162005456,"Ab_vs_Pn","Ab higher"
"si:dkey-19e4.5",17.9664703727414,2.67706441381003,0.991862134021301,0.000836298959945149,0.00578281162005456,"Ab_vs_Pn","Ab higher"
"adcy2b",5.79866160183395,4.60316755354319,1.92502604150407,0.000846884599659548,0.005850084992866,"Ab_vs_Pn","Ab higher"
"lrfn1",6.53379541824042,7.20274638725435,3.57552911157866,0.000861975195585715,0.00594924689171745,"Ab_vs_Pn","Ab higher"
"nat10",50.7942924672164,-2.74715623420025,1.08194514551738,0.000868621334119821,0.00599000679598912,"Ab_vs_Pn","Pn higher"
"NSG1",52.3086069055785,5.44533347124168,2.82473351814607,0.000870345657019915,0.00599168171883753,"Ab_vs_Pn","Ab higher"
"si:dkey-34d22.1",120.559096076494,2.63845243918134,0.964483395230376,0.000869943266970865,0.00599168171883753,"Ab_vs_Pn","Ab higher"
"rab21",13.0422056566883,-5.37208423955073,2.93469647064323,0.000873401820226045,0.00600760826854463,"Ab_vs_Pn","Pn higher"
"zbtb25",5.75667375085846,7.10049867674007,3.53596502899037,0.000879267957652203,0.00604281946427245,"Ab_vs_Pn","Ab higher"
"ube2na",7.85648597005706,-5.42993091574685,2.99562368672917,0.000882265224368441,0.00605827113745019,"Ab_vs_Pn","Pn higher"
"samd4a",11.0347175692148,4.11112104213331,1.66874273289057,0.000892695225802049,0.00612469184182593,"Ab_vs_Pn","Ab higher"
"fez1",12.1911038872161,-5.32254538294494,2.90713930310436,0.000900794513341722,0.00617502272747559,"Ab_vs_Pn","Pn higher"
"snw1",19.2929122947622,-5.38064998113985,2.96507269516426,0.00090893363826065,0.00622554123614767,"Ab_vs_Pn","Pn higher"
"BTBD1",11.3209443177184,3.8836612339484,1.52837995028047,0.000912173450613075,0.00624244589002467,"Ab_vs_Pn","Ab higher"
"prdx5",24.4926579529406,-5.3278702568646,2.93235061357962,0.000926353661282432,0.00633412913450008,"Ab_vs_Pn","Pn higher"
"cyc1",9.88094028911574,-5.26864865121779,2.88656684449253,0.000929542515233119,0.00635056537645329,"Ab_vs_Pn","Pn higher"
"psme3",19.2322496420515,3.65744301610019,1.44056738011969,0.00093251014593821,0.00636009660244029,"Ab_vs_Pn","Ab higher"
"tpt1",158.092531661618,-3.61427746422721,1.70074452450896,0.000932375148176967,0.00636009660244029,"Ab_vs_Pn","Pn higher"
"p2rx3a",8.19386320303848,-5.80799974811859,3.44651978441386,0.000936014017343068,0.00637861616367993,"Ab_vs_Pn","Pn higher"
"dag1",8.25061538697111,-5.76055270885351,3.38174412167432,0.000939945213807024,0.00640001417044193,"Ab_vs_Pn","Pn higher"
"rpp21",37.6627875813849,-6.05125524120723,3.72574341250746,0.000941610591677297,0.00640596137601148,"Ab_vs_Pn","Pn higher"
"hagh",18.80008123585,-5.11054008993752,2.75504242439596,0.000944261700527021,0.00641859907190174,"Ab_vs_Pn","Pn higher"
"azin1b",11.0445470801812,-5.16892363651401,2.80696733827384,0.000947633388656714,0.00643610955570458,"Ab_vs_Pn","Pn higher"
"vapb",9.67669694550619,-5.11828673054699,2.76839524316051,0.000953819124542892,0.00647268699532504,"Ab_vs_Pn","Pn higher"
"klhl17",12.3884594258349,3.31523847257208,1.28578452281169,0.000958070453622997,0.00649334877673539,"Ab_vs_Pn","Ab higher"
"snx33",11.5765172979908,3.05993796306672,1.1557704744475,0.000958469333591551,0.00649334877673539,"Ab_vs_Pn","Ab higher"
"aars1",10.2635754522959,-5.34733036297095,2.97616499228301,0.000961416364895796,0.00650565633946657,"Ab_vs_Pn","Pn higher"
"PDCL3",78.1012896378812,-3.45346914075756,1.51200986000627,0.000962698805580601,0.00650565633946657,"Ab_vs_Pn","Pn higher"
"romo1",36.781029366783,3.3424498307224,1.31197628142194,0.000961964551156191,0.00650565633946657,"Ab_vs_Pn","Ab higher"
"ttc33",8.7678758629437,3.95948954273405,1.55368731529602,0.000974242271506347,0.00657816839249987,"Ab_vs_Pn","Ab higher"
"trmt5",43.6067576919363,-2.62410988570577,1.04860339022666,0.000977547404307885,0.00659497994449247,"Ab_vs_Pn","Pn higher"
"ube2d2",11.8667243135848,-5.11060664645149,2.7822746427792,0.00098947090597791,0.00666985846537943,"Ab_vs_Pn","Pn higher"
"kat14",20.5189031997053,3.95974501363503,1.59679519348231,0.000994610961680596,0.00669892428728921,"Ab_vs_Pn","Ab higher"
"guca1b",91.3893235460308,-3.06518325546219,1.32315144949479,0.00100158808634382,0.00674030451783288,"Ab_vs_Pn","Pn higher"
"znf622",14.548496477854,-5.05612627486903,2.74927772241739,0.00101386099361634,0.00681224845620796,"Ab_vs_Pn","Pn higher"
"acp5b",14.9084485192035,4.14882172422335,1.67124358020996,0.00101396305368703,0.00681224845620796,"Ab_vs_Pn","Ab higher"
"sncgb",34.4327173974495,-6.15054121370714,3.99236029240253,0.00102159359139654,0.00685781789278556,"Ab_vs_Pn","Pn higher"
"eif3s6ip",16.9111716362368,-5.6981203825326,3.39001328181426,0.00102643423777456,0.00688459912882123,"Ab_vs_Pn","Pn higher"
"DCAF7",149.075094538243,3.53896751457032,1.41302500459637,0.00104225539489269,0.0069849245147365,"Ab_vs_Pn","Ab higher"
"rbm27",66.0676958905628,3.34891729691855,1.3293153695072,0.00104356046033234,0.0069878812612817,"Ab_vs_Pn","Ab higher"
"cars2",932.223013768472,2.92782083538758,1.13586357325299,0.00104706213458923,0.00700552986492333,"Ab_vs_Pn","Ab higher"
"atp5pb",14.5764517429814,-5.3840623846702,3.08433234550211,0.00105677728564719,0.00706468716000007,"Ab_vs_Pn","Pn higher"
"guca1c",430.689102682389,3.7838661674726,1.5311266535159,0.00105941931799624,0.00707650112574037,"Ab_vs_Pn","Ab higher"
"twf1a",87.5254517676165,-2.58712853876377,1.10437827940747,0.00108925332930861,0.00726977737687899,"Ab_vs_Pn","Pn higher"
"b3gnt5a",7.96324918604341,4.74159722693643,1.87216866730677,0.0010914124979939,0.0072781827669189,"Ab_vs_Pn","Ab higher"
"sec22c",15.522846845381,4.63367593533105,1.97894434727774,0.00109490730824361,0.00729547381909602,"Ab_vs_Pn","Ab higher"
"usp47",13.4902958856854,-5.16270527868039,2.90784647900779,0.00111723006498396,0.00743808559313191,"Ab_vs_Pn","Pn higher"
"slc3a2a",18.4278256558927,-5.0895362910458,2.8482592173034,0.00112925460529306,0.0075119576498483,"Ab_vs_Pn","Pn higher"
"ipo7",18.2719269957613,-4.97886809874117,2.73663673765607,0.00113717758795561,0.00754604553648313,"Ab_vs_Pn","Pn higher"
"ZDHHC14",8.03408596092416,4.84127423878014,2.12721270566326,0.00113589215197597,0.00754604553648313,"Ab_vs_Pn","Ab higher"
"cpt1ab",16.324779474729,2.36827172429039,0.893706818990627,0.00113652071603763,0.00754604553648313,"Ab_vs_Pn","Ab higher"
"eif3ha",35.2149897107248,-5.40803196145539,3.16707655051141,0.00114266656311226,0.00757625395820907,"Ab_vs_Pn","Pn higher"
"dpp6a",21.029441573856,4.59376748129845,2.00470880213781,0.00114937886181654,0.0076145172917559,"Ab_vs_Pn","Ab higher"
"UBA6",14.5150771202738,4.63087775940914,1.97652381835229,0.00115635006765622,0.00765443183082746,"Ab_vs_Pn","Ab higher"
"si:ch211-248l17.3",42.610905587455,-3.53083646060718,1.80970999107197,0.00116232033275679,0.00768766081085009,"Ab_vs_Pn","Pn higher"
"bcl2l1",7.4380515400602,-5.21242605083189,2.99712845992537,0.00116899085510105,0.00772546325728134,"Ab_vs_Pn","Pn higher"
"si:dkeyp-104h9.5",10.0358780257819,-5.03350618261927,2.807390145412,0.00117284745062522,0.00774462288008767,"Ab_vs_Pn","Pn higher"
"ccdc174",5.76157041542146,3.86602550960877,1.55544390732239,0.001192629920163,0.00786882824159746,"Ab_vs_Pn","Ab higher"
"rbm41",60.0200616472971,2.81723059510972,1.11172233472757,0.00119548426809134,0.00788123247317919,"Ab_vs_Pn","Ab higher"
"si:dkey-35m8.1",6.7386294273606,4.12556648462734,1.71115569550638,0.00120638253248375,0.00794660285444712,"Ab_vs_Pn","Ab higher"
"si:dkey-40c11.2",20.1263402889526,-5.3028725025791,3.11941028368038,0.0012181468029106,0.00801756671175251,"Ab_vs_Pn","Pn higher"
"nprl3",27.8064749441467,2.51948362693201,0.96097066277466,0.00122711782217845,0.00807004558016379,"Ab_vs_Pn","Ab higher"
"psmd10",7.17758516450107,6.71041453052942,3.53376377308423,0.00123511718919517,0.00811605438131576,"Ab_vs_Pn","Ab higher"
"vps25",8.08574761229091,4.3515481224083,1.82444878661982,0.00123910710771931,0.00813566346943303,"Ab_vs_Pn","Ab higher"
"anapc16",33.710006109907,-5.06301782395446,2.89857932779771,0.0012492200240374,0.00819541019824696,"Ab_vs_Pn","Pn higher"
"fstl1b",112.465376523363,-5.57852819348008,3.47396213861513,0.00125087773135073,0.00819963530704705,"Ab_vs_Pn","Pn higher"
"sf3a2",21.724051123922,3.26599706096982,1.32235458883109,0.00125226632894127,0.00820209095935705,"Ab_vs_Pn","Ab higher"
"rpl5b",643.931244570889,-2.82565123894146,1.29819196627416,0.00126069837466488,0.0082506384730293,"Ab_vs_Pn","Pn higher"
"pik3ip1",42.4112722504498,-3.12579682373551,1.51916762643027,0.00126622655555077,0.00828011851887644,"Ab_vs_Pn","Pn higher"
"ndrg1a",390.621500634617,-2.45390609795277,1.05934078411688,0.00126985426124895,0.00829713337580191,"Ab_vs_Pn","Pn higher"
"brms1la",24.4112880304947,-5.02360426914574,2.86876221331631,0.00127843733318788,0.00834647262966649,"Ab_vs_Pn","Pn higher"
"rpn1",33.4597832715806,3.21591927227876,1.30734877773661,0.00129640369130755,0.00845694311208614,"Ab_vs_Pn","Ab higher"
"wdr83os",7.20549205301849,3.94990904740172,1.65737848914221,0.00129840601861645,0.00846317992311723,"Ab_vs_Pn","Ab higher"
"stat2",16.7235834105003,-5.0608034353412,2.92731867370383,0.00131518438559292,0.00856564130037131,"Ab_vs_Pn","Pn higher"
"CSRNP3",10.2075841702808,5.1100160232939,2.30688655027237,0.00133765628066234,0.00870498926329662,"Ab_vs_Pn","Ab higher"
"efs",11.3626026892803,5.62118675918414,3.04986757140445,0.00134192016660619,0.00872571722482113,"Ab_vs_Pn","Ab higher"
"aimp1a",20.3168252791184,4.07496416028214,1.77948875519398,0.00134575353826072,0.00874361475581602,"Ab_vs_Pn","Ab higher"
"gadd45ab",20.2252555523724,3.9742995077393,1.69690888032462,0.00135732165119235,0.00881169730055772,"Ab_vs_Pn","Ab higher"
"GCDH",9.49986871735339,-4.94548062088244,2.8437215375604,0.00136277097163973,0.00883997946238475,"Ab_vs_Pn","Pn higher"
"ppp3ccb",20.9293478698467,-4.89843186739851,2.79753392026821,0.00137340450252851,0.00890181812576371,"Ab_vs_Pn","Pn higher"
"agbl2",6.65869645896842,7.31786501386353,3.83949339254028,0.00139304816230777,0.00902191079656332,"Ab_vs_Pn","Ab higher"
"C14orf119",14.4985374626554,4.61955788325841,1.99214350344778,0.00139654476705496,0.00903732049656605,"Ab_vs_Pn","Ab higher"
"hsdl1",5.6279889901112,4.71257091736091,2.09113432810884,0.0014057008053263,0.00908203978776713,"Ab_vs_Pn","Ab higher"
"zmp:0000001114",14.7313553493045,4.15378472126239,1.84892475414449,0.00140564198012497,0.00908203978776713,"Ab_vs_Pn","Ab higher"
"acta2",192.666192471691,-5.73679564419005,3.96214287530397,0.00141773581027886,0.00915248600905483,"Ab_vs_Pn","Pn higher"
"notum1a",6.56499691149915,5.67834838451311,3.11284149985999,0.00141971254205732,0.00915793839928364,"Ab_vs_Pn","Ab higher"
"abcc5",15.1843562883685,-5.03720842271979,2.95981770714775,0.00142460905070115,0.00918220128376225,"Ab_vs_Pn","Pn higher"
"hdlbpa",24.6378123229727,-5.13210183404599,3.08203039158944,0.00142843636609628,0.00919953962209619,"Ab_vs_Pn","Pn higher"
"bmp7a",11.0278604658854,5.26484362857986,2.93899182029996,0.00143435872939925,0.00923033234853665,"Ab_vs_Pn","Ab higher"
"gnb5b",13.3200203358593,-5.13542052879797,3.09971976949602,0.00144046600693386,0.00926226512725594,"Ab_vs_Pn","Pn higher"
"cryba2b",4.73166004581173,5.95274665575499,3.24866434557224,0.00144579318082901,0.00928913505935334,"Ab_vs_Pn","Ab higher"
"parga",8.90617083400403,5.55118128950954,3.07118956470958,0.00145709854364918,0.00935434136474459,"Ab_vs_Pn","Ab higher"
"si:dkey-57a22.13",5.62160751129655,5.80284960553901,3.19713350160482,0.00146310592611139,0.00938545902959162,"Ab_vs_Pn","Ab higher"
"fam3a",20.5546759984709,4.57281540281622,2.03372927427423,0.00147127341569685,0.00943037294736275,"Ab_vs_Pn","Ab higher"
"si:ch1073-358c10.1",6.58640418727048,3.6445580785971,1.51996245535424,0.00149300910242735,0.00956211451269585,"Ab_vs_Pn","Ab higher"
"pde6d",7.06142860308244,-5.22173217305229,3.26249945754937,0.00150464063141507,0.0096289858129086,"Ab_vs_Pn","Pn higher"
"ddx23",16.877808394896,-5.19370245959685,3.21942626109685,0.00150742824349858,0.00963158535676145,"Ab_vs_Pn","Pn higher"
"sgta",12.8903672027746,2.94269908614542,1.20808520549305,0.00150658067619103,0.00963158535676145,"Ab_vs_Pn","Ab higher"
"slc25a19",22.0888517195527,5.22314661390746,2.91599510905989,0.00152259236268536,0.00972079686011199,"Ab_vs_Pn","Ab higher"
"cttnbp2nla",3.90649224423736,5.43918970787193,3.02929554295933,0.00152903193296594,0.00975421080896018,"Ab_vs_Pn","Ab higher"
"ssr3",61.1000002972067,-4.97081409529191,2.94704403371525,0.00154335185857805,0.00983780392753179,"Ab_vs_Pn","Pn higher"
"KHSRP",7.52664908535996,3.62333121267402,1.52467355061747,0.00155137785621992,0.00988117754249048,"Ab_vs_Pn","Ab higher"
"si:ch211-102c2.7",17.0124925512566,3.29215432486644,1.32945390400632,0.00156462173479055,0.00995769096201474,"Ab_vs_Pn","Ab higher"
"dhx30",10.9164645001465,3.27986185599418,1.38863019009802,0.00157825941028613,0.0100365883410413,"Ab_vs_Pn","Ab higher"
"thbs3a",15.7703481144588,3.10734727703756,1.31262595365813,0.00158294077177388,0.0100584508270848,"Ab_vs_Pn","Ab higher"
"ddb1",15.466764943419,2.64796545492699,1.0662526291364,0.0015945888570564,0.0101245127666634,"Ab_vs_Pn","Ab higher"
"baiap2b",17.4418454912846,2.50387758574615,1.00194913959652,0.00160299019947469,0.0101698727243535,"Ab_vs_Pn","Ab higher"
"ADAM12",5.4892503976457,4.23779537517547,1.89750249884628,0.00160705942905572,0.0101876988414042,"Ab_vs_Pn","Ab higher"
"cbr1",21.9128584184727,-4.75756554228724,2.77612213756414,0.00162140766528633,0.0102706081476124,"Ab_vs_Pn","Pn higher"
"ssrp1a",15.0052876639837,-4.96394770104498,3.01321306137416,0.00162316609112688,0.0102737014954032,"Ab_vs_Pn","Pn higher"
"sppl3",7.04075482386052,-4.84080512076447,2.8651102913037,0.00162592613033356,0.0102831246819923,"Ab_vs_Pn","Pn higher"
"fth1b",28.0732715303084,-4.9726485040548,3.00954842932841,0.00163434148991065,0.0103282721186619,"Ab_vs_Pn","Pn higher"
"per1b",19.6593184834665,-4.71601948722187,2.74663270606924,0.00164849034592158,0.0104095537924743,"Ab_vs_Pn","Pn higher"
"eif3k",21.57217009348,-5.16124818604953,3.30358783465386,0.00166385691296328,0.0104983920194695,"Ab_vs_Pn","Pn higher"
"nrtn",6.54327352310196,5.81145330213656,3.24643685645468,0.00168906402006109,0.0106446119942378,"Ab_vs_Pn","Ab higher"
"trim36",3.99449112019161,5.27060134800072,3.01578980848239,0.00169009580335316,0.0106446119942378,"Ab_vs_Pn","Ab higher"
"abca1a",12.8299259483598,-5.05404676742857,3.17857951843388,0.00169097866393814,0.0106446119942378,"Ab_vs_Pn","Pn higher"
"eef1akmt1",27.101613666988,3.3527326347262,1.43532118873834,0.00169294337608802,0.0106486928220653,"Ab_vs_Pn","Ab higher"
"tmed10",27.2490526929911,-5.18141377733451,3.36865012374091,0.00169996139067166,0.0106845281189923,"Ab_vs_Pn","Pn higher"
"slc35e1",3.55798971241299,5.29533433485799,3.01425529292634,0.00170627053013552,0.0107152918192225,"Ab_vs_Pn","Ab higher"
"lmbrd2b",7.27629294558753,-4.81520096949091,2.87977710708682,0.00170750539683247,0.0107152918192225,"Ab_vs_Pn","Pn higher"
"chtopa",15.0297077355132,2.9286346470457,1.23253305412466,0.00170965663262872,0.0107204748072354,"Ab_vs_Pn","Ab higher"
"gpm6aa",5.99371608977167,4.1397710865627,1.75416184913781,0.00171259611134029,0.0107305886480493,"Ab_vs_Pn","Ab higher"
"ramp2",12.1698938460293,-5.38652185075494,3.77950309241581,0.00171683356487043,0.0107488132401214,"Ab_vs_Pn","Pn higher"
"TLR5",4.60313179250715,6.25233865200882,3.48450359352733,0.00172130804214095,0.0107684924616227,"Ab_vs_Pn","Ab higher"
"arhgef10la",9.94446336162049,4.73415301006226,2.70912249959291,0.00172396429454035,0.0107767752538925,"Ab_vs_Pn","Ab higher"
"apoeb",110.876150878022,-3.15712511174938,1.69472832922063,0.0017293565516042,0.0108021352478196,"Ab_vs_Pn","Pn higher"
"p2rx1",13.6130747264727,3.72719987888815,1.55781664077741,0.00173379676538588,0.0108215139160543,"Ab_vs_Pn","Ab higher"
"ipo9",8.2989962584752,3.32633267083985,1.41259110510566,0.00174200930797532,0.0108643895853603,"Ab_vs_Pn","Ab higher"
"bri3bp",7.0358076148237,4.57235925271921,2.04034609419394,0.00174682970187985,0.0108860596752743,"Ab_vs_Pn","Ab higher"
"trpc6a",10.4143925433304,4.74328888541914,2.12975284103388,0.0017534055666913,0.0109186278898891,"Ab_vs_Pn","Ab higher"
"ewsr1b",10.5135878914894,-4.9018943453359,3.02257937876422,0.00175588887140631,0.010925680831389,"Ab_vs_Pn","Pn higher"
"rbbp4",28.4202655912849,2.21710117595002,0.87641597654766,0.00176426127609382,0.0109693385567432,"Ab_vs_Pn","Ab higher"
"st8sia1",7.78048341228869,5.23375635959847,2.98789817552609,0.00177474556104269,0.0110260498028221,"Ab_vs_Pn","Ab higher"
"CPEB4",4.94891462418849,5.18007200162046,2.95816811985501,0.00178317482269103,0.0110614272551747,"Ab_vs_Pn","Ab higher"
"wwp1",6.01001313421247,-4.8579544240348,2.97627408112351,0.00178274109803197,0.0110614272551747,"Ab_vs_Pn","Pn higher"
"kif25",10.0242382866764,4.45112680465924,2.08412929028865,0.00178534295006236,0.0110663901326088,"Ab_vs_Pn","Ab higher"
"gpsm1b",10.1237740981619,-4.81371146777379,2.93392684026851,0.00178855366594479,0.0110778029125784,"Ab_vs_Pn","Pn higher"
"clta",11.7721747127417,-5.04884644569918,3.26992624481433,0.00181230947874865,0.0112163514717658,"Ab_vs_Pn","Pn higher"
"slc40a1",18.0137754589064,-5.19655838288736,3.52051353928026,0.00181520971755427,0.01122571208356,"Ab_vs_Pn","Pn higher"
"lifra",10.7265450713773,-4.80341146478194,2.9349978949656,0.00181799231179381,0.0112293374298927,"Ab_vs_Pn","Pn higher"
"tm2d3",12.541385441629,3.45132690103943,1.52572689536476,0.00181857238634681,0.0112293374298927,"Ab_vs_Pn","Ab higher"
"mea1",16.8370538554344,-4.45814671460903,2.54208477068962,0.00182935908903796,0.0112787238347775,"Ab_vs_Pn","Pn higher"
"grb10b",12.6262672972494,3.38371751428937,1.4574312502675,0.00182834318266626,0.0112787238347775,"Ab_vs_Pn","Ab higher"
"OSBPL8",5.37060036393193,-4.80036091269381,2.9503389190871,0.00183897049098162,0.0113293467643186,"Ab_vs_Pn","Pn higher"
"lta4h",44.0015946888708,3.86529362283211,1.75086149741996,0.00184205488672118,0.0113397123125477,"Ab_vs_Pn","Ab higher"
"chchd4a",7.35151621645881,4.68396561188642,2.093110902293,0.00185372185502229,0.0113941915541606,"Ab_vs_Pn","Ab higher"
"ric8a",17.2024515568475,4.22480258190445,1.96261988309399,0.00185322863339099,0.0113941915541606,"Ab_vs_Pn","Ab higher"
"SDHB",9.09296169546688,-4.8047096209369,2.95861883984182,0.00185657721251846,0.0114030775034638,"Ab_vs_Pn","Pn higher"
"hacd1",181.626381522184,3.07959701686418,1.32018958363561,0.00186296950014188,0.0114336572736325,"Ab_vs_Pn","Ab higher"
"osbpl7",10.6241863368961,-4.88900024607744,3.07854742613851,0.00186939097085451,0.0114643696461275,"Ab_vs_Pn","Pn higher"
"cyth1b",8.10549143052083,3.95631270251562,1.83744501946763,0.00187886316334768,0.0115064371340279,"Ab_vs_Pn","Ab higher"
"ppwd1",214.646075048406,2.62577044503032,1.10872928476463,0.00187909549438136,0.0115064371340279,"Ab_vs_Pn","Ab higher"
"pym1",7.15399790284408,4.07898243293502,1.75443677247015,0.00190085386631895,0.0116308675678169,"Ab_vs_Pn","Ab higher"
"znf648",5.61351061822714,5.69360993109325,3.25842230533199,0.00190374880617594,0.0116397763364756,"Ab_vs_Pn","Ab higher"
"sall3a",9.84477345452309,4.24397113808934,1.92581440160051,0.00191488909031597,0.0116990467156842,"Ab_vs_Pn","Ab higher"
"fbln7",7.82654332527428,6.05641755164906,3.48689217989541,0.00192425296307767,0.0117473828062908,"Ab_vs_Pn","Ab higher"
"rnf151",17.0603388905563,5.73540469284724,3.30501028898291,0.0019273752810278,0.0117575706246108,"Ab_vs_Pn","Ab higher"
"si:ch211-103n10.5",16.4653058679161,-4.88236911203144,3.11148900000376,0.00192925609336527,0.0117601752367985,"Ab_vs_Pn","Pn higher"
"mns1",36.3373181079091,5.48024272607799,3.16768157024818,0.00193376281194623,0.0117787706218622,"Ab_vs_Pn","Ab higher"
"tango6",7.07704310788112,3.88666064219677,1.78625167742494,0.00195134963223859,0.0118769504704123,"Ab_vs_Pn","Ab higher"
"elovl6",7.36264388198146,-4.81743752650784,3.04725058869756,0.00196193967451494,0.0119324285918431,"Ab_vs_Pn","Pn higher"
"irf2bp1",25.4336199379663,3.08089621994818,1.34043156169188,0.00196513551779028,0.0119428859529719,"Ab_vs_Pn","Ab higher"
"rmdn1",28.8931094238774,4.97758258285689,2.90364351893484,0.00197060732135378,0.011967149115939,"Ab_vs_Pn","Ab higher"
"zfand5a",17.9721807057286,-4.61015574280089,2.7649817272332,0.00197869673388929,0.0120052907079781,"Ab_vs_Pn","Pn higher"
"ak1",16.3453016334213,-4.59570677435786,2.74751863969413,0.00197985632395139,0.0120052907079781,"Ab_vs_Pn","Pn higher"
"fuca2",20.8825275674521,3.0676519758064,1.34483337942884,0.00199479718853075,0.0120868273093822,"Ab_vs_Pn","Ab higher"
"napgb",10.1198715954687,-4.72333135774544,2.94204374972257,0.00199864849569515,0.0121010985641303,"Ab_vs_Pn","Pn higher"
"TMC6",31.2119398011739,3.22013019767588,1.42708123195889,0.00200771070909766,0.0121468750380636,"Ab_vs_Pn","Ab higher"
"naa10",20.5272575754858,-5.07546074076619,3.5166532161674,0.0020156532034017,0.0121858137237043,"Ab_vs_Pn","Pn higher"
"zgc:136439",290.358260646596,-2.00787160433539,0.8557459692903,0.00203208511845486,0.0122759794795977,"Ab_vs_Pn","Pn higher"
"tpk1",2733.21311767117,-2.29085965309587,1.04462721396925,0.00203461450179867,0.0122820870933205,"Ab_vs_Pn","Pn higher"
"RPL5",240.43008820866,-4.38430506750674,2.53046521655128,0.00204283524301456,0.0123225162421661,"Ab_vs_Pn","Pn higher"
"adcy7",20.5242803574982,5.41117337054295,3.15958175738094,0.00206248452885233,0.0124263133262065,"Ab_vs_Pn","Ab higher"
"stt3a",21.5446115294835,-4.80715570348005,3.06017670663021,0.0020633966171034,0.0124263133262065,"Ab_vs_Pn","Pn higher"
"tacr2",33.4051273196352,-2.99276984136309,1.60021172420435,0.00206465139206597,0.0124263133262065,"Ab_vs_Pn","Pn higher"
"sdf4",25.9259887290587,-4.71073700425788,2.94088836194591,0.00207490113793983,0.012460189535854,"Ab_vs_Pn","Pn higher"
"exoc1",6.90915066575615,4.35552239445136,2.07914853518315,0.00207348368819858,0.012460189535854,"Ab_vs_Pn","Ab higher"
"cables2b",8.82718707675977,3.61920073617254,1.57732329325801,0.00207335069541275,0.012460189535854,"Ab_vs_Pn","Ab higher"
"icn",18.2435677293009,-5.25540142221472,4.19084942976577,0.00208930511335882,0.0125095403863505,"Ab_vs_Pn","Pn higher"
"gig2p",67.2059569309805,3.16423702443394,1.33503678077052,0.00208740010738637,0.0125095403863505,"Ab_vs_Pn","Ab higher"
"wdr45",239.20779077023,2.69616522714627,1.15954407344908,0.00208521115182658,0.0125095403863505,"Ab_vs_Pn","Ab higher"
"szrd1",32.8411489522905,-2.35390349324489,1.0443377708608,0.00208889728838261,0.0125095403863505,"Ab_vs_Pn","Pn higher"
"capns1b",10.1611966753267,-5.11668213172621,3.73156972781721,0.00209395284731462,0.0125280951049763,"Ab_vs_Pn","Pn higher"
"asxl1",11.4048467441204,3.29259779542965,1.48218355219492,0.0020980169435467,0.0125431330793417,"Ab_vs_Pn","Ab higher"
"pcyt2",10.8229522384235,-4.49148897641112,2.6949087694931,0.00211004968447745,0.0125964515850465,"Ab_vs_Pn","Pn higher"
"jph2",3524.44882695095,-2.38533529467669,1.15423316587695,0.00210966592183495,0.0125964515850465,"Ab_vs_Pn","Pn higher"
"morc2",11.2723039519768,-4.57957439842062,2.81331582009638,0.0021229623995203,0.0126641908921237,"Ab_vs_Pn","Pn higher"
"nup205",14.4631459121426,3.44132142668613,1.55181279313516,0.00213236114901717,0.0127108838131171,"Ab_vs_Pn","Ab higher"
"rps24",65.7528095932999,-5.07820221412042,3.67278059573534,0.00214175791191584,0.012757496133643,"Ab_vs_Pn","Pn higher"
"qrsl1",36.7116990250543,3.47633268026787,1.59307912114508,0.00215016678737992,0.0127981597815425,"Ab_vs_Pn","Ab higher"
"slc46a1",37.2588444075864,-2.39619650833309,1.09940044894223,0.00216751013926113,0.0128919040562377,"Ab_vs_Pn","Pn higher"
"rap2ab",3.5434169187831,5.65685169704847,3.3071808532623,0.00218036643580326,0.0129588421008174,"Ab_vs_Pn","Ab higher"
"ACVR1B",9.54175396668115,-4.67555328509602,2.97380617989858,0.00218302810324379,0.012965135335638,"Ab_vs_Pn","Pn higher"
"pter",146.088437967166,2.29544719058871,0.942492740691976,0.00219832743730855,0.0130464201323469,"Ab_vs_Pn","Ab higher"
"en2a",5.33719649378647,5.98669796252994,3.53326230885008,0.00221178077906872,0.0131166383591546,"Ab_vs_Pn","Ab higher"
"ddost",14.3275667763087,-4.7232561166963,3.08361364807214,0.00222393612988132,0.013153629190467,"Ab_vs_Pn","Pn higher"
"emc4",12.2411307803079,-4.50665956591996,2.76923894153183,0.0022245227756903,0.013153629190467,"Ab_vs_Pn","Pn higher"
"si:ch1073-174d20.1",44.8641990265732,2.8751885555635,1.25147590991456,0.00222264490682648,0.013153629190467,"Ab_vs_Pn","Ab higher"
"hlfa",75.7360741707712,-1.9218591957943,0.805668975799789,0.00222407365600815,0.013153629190467,"Ab_vs_Pn","Pn higher"
"prmt1",15.3730221497266,-4.70828664204829,3.05073193660827,0.00222953122872489,0.0131736143967536,"Ab_vs_Pn","Pn higher"
"rin2",4.49024570740147,4.17190081194113,1.99586978393227,0.00224211786590891,0.0132383149031658,"Ab_vs_Pn","Ab higher"
"cplx4c",13.4668321324616,-4.77397055127088,3.17117237964867,0.00224791428162611,0.0132628582232484,"Ab_vs_Pn","Pn higher"
"rnf115",119.689423838575,-4.46721092051685,2.70997984324151,0.00226384593621588,0.0133471208294827,"Ab_vs_Pn","Pn higher"
"ebag9",9.03174820123299,-4.93195218218808,3.5172514329398,0.00227177285492182,0.0133841009639203,"Ab_vs_Pn","Pn higher"
"syngr2b",96.53423719383,-2.82850213755809,1.54334798035059,0.00228013750569372,0.0134236042820644,"Ab_vs_Pn","Pn higher"
"nacc1b",3.26178370311063,5.31566036835951,3.15639311193124,0.00230952536524432,0.013586727766881,"Ab_vs_Pn","Ab higher"
"otol1b",97.0754514041642,-4.94810123042671,3.6011695050123,0.00231292446088333,0.0135968357297131,"Ab_vs_Pn","Pn higher"
"neurog3",19.7637437220988,4.76677509744077,2.48240654563717,0.00232421861667477,0.0136533074729718,"Ab_vs_Pn","Ab higher"
"zgc:162730",9.23952043062425,-5.08491305265783,4.31712166874964,0.00235590889355361,0.0138193959680603,"Ab_vs_Pn","Pn higher"
"angptl3",120.528788161699,2.1010701083616,0.849406484731727,0.00235555646139311,0.0138193959680603,"Ab_vs_Pn","Ab higher"
"lrpap1",11.9660137323787,3.53285925097107,1.6554810429964,0.0023732278181777,0.013910898421188,"Ab_vs_Pn","Ab higher"
"arhgap10",24.4241079612026,2.93272872063303,1.31867505986356,0.00237769280262707,0.0139269783348663,"Ab_vs_Pn","Ab higher"
"cct4",44.5037731534273,-4.73411015267394,3.21228357080477,0.002403604540392,0.014068565215073,"Ab_vs_Pn","Pn higher"
"HGFAC",10.7410459712441,5.49053258409504,3.28351525954026,0.00242716233902302,0.014185922081183,"Ab_vs_Pn","Ab higher"
"thtpa",5.27844027611083,3.50952098640151,1.57451695690028,0.00242562037591709,0.014185922081183,"Ab_vs_Pn","Ab higher"
"chdh",199.534426408059,-2.32650036587648,1.12437674324802,0.0024370990103923,0.0142337140036558,"Ab_vs_Pn","Pn higher"
"fkbp4",9.9979873052387,-4.39778649449171,2.73022888372782,0.0024550744179801,0.0143283527900729,"Ab_vs_Pn","Pn higher"
"ppm1lb",7.04775873188783,-4.55638536280617,2.96784492345299,0.00246367758102979,0.0143681960727829,"Ab_vs_Pn","Pn higher"
"slc4a1ap",55.3255664840225,2.61537977475225,1.14902289055224,0.0024659828184402,0.0143712788316735,"Ab_vs_Pn","Ab higher"
"rps15a",72.5536148321052,-5.05398636952529,4.44255556051203,0.00247742104279581,0.0144275441433948,"Ab_vs_Pn","Pn higher"
"chst14",37.0336453216063,2.39239870507888,1.01984976570359,0.00248212047247954,0.0144445125912856,"Ab_vs_Pn","Ab higher"
"megf6b",227.142960930027,3.77858008989458,1.85083097398763,0.0024849186085596,0.0144504001614943,"Ab_vs_Pn","Ab higher"
"ppp1cbl",34.1071322581458,-4.64804430355898,3.09433138776337,0.00248960051452765,0.0144672259784585,"Ab_vs_Pn","Pn higher"
"rpe65a",155.875044910331,-4.92065844934769,3.66256425023831,0.00250325051562723,0.0145361043940479,"Ab_vs_Pn","Pn higher"
"rad54b",5.32051566578495,5.95852209930946,3.60922876472303,0.00250873693238286,0.0145575129455129,"Ab_vs_Pn","Ab higher"
"uqcc1",15.9902633756407,-4.42462168575089,2.77554555670081,0.00252685023893925,0.0146453022660661,"Ab_vs_Pn","Pn higher"
"cdr2l",19.8892197200971,2.28195504767352,0.962017086024628,0.00252748695307556,0.0146453022660661,"Ab_vs_Pn","Ab higher"
"cope",18.5172888543176,-4.58256681080984,3.04618935008245,0.00253661892765718,0.0146876954229198,"Ab_vs_Pn","Pn higher"
"nup42",6.13475725440931,4.19911814267503,2.009463305576,0.00254178462686168,0.014707078574166,"Ab_vs_Pn","Ab higher"
"zgc:158564",7.53267719074934,-4.57401773807399,3.05162876426762,0.00254818936904449,0.014733598145962,"Ab_vs_Pn","Pn higher"
"xbp1",26.7295515227542,-4.85651074000267,3.71511015201289,0.00256095182129409,0.0147968137731771,"Ab_vs_Pn","Pn higher"
"gch1",8.8063042708258,-4.60355504950148,3.11899369100671,0.00256721990201282,0.0148013127493811,"Ab_vs_Pn","Pn higher"
"gnsa",9.05044050958188,-4.40069641650667,2.78359104051559,0.00256564942694895,0.0148013127493811,"Ab_vs_Pn","Pn higher"
"elovl8b",15.3348007603951,4.20318485221347,2.11755708741754,0.00256711357235281,0.0148013127493811,"Ab_vs_Pn","Ab higher"
"cyp51",95.3832194833827,3.86857710983446,1.87556016793167,0.002573853124171,0.0148184326842841,"Ab_vs_Pn","Ab higher"
"klf11a",10.2403148781773,3.75659634364401,1.81079490548376,0.00257278080146445,0.0148184326842841,"Ab_vs_Pn","Ab higher"
"zranb3",27.7440614569733,5.02945450535859,3.05767398614457,0.00259475729667788,0.0149281591556382,"Ab_vs_Pn","Ab higher"
"sdha",12.8091556223996,-4.77457548870098,3.52292574917028,0.00259943352869663,0.0149444334140917,"Ab_vs_Pn","Pn higher"
"rcan3",5.85869286657452,-4.67742170111934,3.30701420837379,0.00261359147932761,0.0150151572984951,"Ab_vs_Pn","Pn higher"
"daam2",11.8341017186248,-4.51271748247667,2.97684381724271,0.0026175245159899,0.0150270800637632,"Ab_vs_Pn","Pn higher"
"fam168b",4.97523642680446,-4.67713678254047,3.32278889925997,0.00263025068673532,0.0150862888244072,"Ab_vs_Pn","Pn higher"
"sorbs1",10.6949690793756,-4.65455337542205,3.2181246710564,0.00263156799743337,0.0150862888244072,"Ab_vs_Pn","Pn higher"
"ola1",8.1545104015834,-4.49967394016312,2.97461945811546,0.00264026915599585,0.0151254512768062,"Ab_vs_Pn","Pn higher"
"pnrc2",9.15575458665498,-4.66607448258347,3.30166418465283,0.00264238683214549,0.0151268698409235,"Ab_vs_Pn","Pn higher"
"mmaa",4.11075482332933,4.15251108905728,2.08665334592816,0.00265031344798693,0.0151615173131303,"Ab_vs_Pn","Ab higher"
"ube2r2",110.889262360987,-4.53620299862715,3.01042994624102,0.00265273489940811,0.0151632740713862,"Ab_vs_Pn","Pn higher"
"psat1",9.0863728372281,-4.46428890773849,2.93352817740268,0.00265436964829804,0.0151632740713862,"Ab_vs_Pn","Pn higher"
"copz1",13.0993603276691,-4.88829621141472,4.12813859616985,0.00266095404311673,0.0151901603773968,"Ab_vs_Pn","Pn higher"
"PRKD3",12.844793882308,2.69124480862812,1.1860849559964,0.00266920424472312,0.0152265113791011,"Ab_vs_Pn","Ab higher"
"iffo1b",15.3461818844918,-4.8942753065848,5.42413709524155,0.00267793752998682,0.015265564961285,"Ab_vs_Pn","Pn higher"
"sowahd",13864.7628683104,3.43585532282378,1.57096706353821,0.00269918928993857,0.0153758747650092,"Ab_vs_Pn","Ab higher"
"RASGEF1C",3.44123308215256,5.57489578449304,3.39867601746402,0.00270456444914759,0.0153956522372659,"Ab_vs_Pn","Ab higher"
"gask1a",6.68197001138958,4.50996510179238,2.81684962866234,0.00271015410358608,0.0153974995939408,"Ab_vs_Pn","Ab higher"
"cldn11b",4.92781037347818,4.48051477818942,2.30824768110179,0.00270979413590214,0.0153974995939408,"Ab_vs_Pn","Ab higher"
"hspa8",222.015414756423,-2.66023112651191,1.37635032010548,0.00271059950819281,0.0153974995939408,"Ab_vs_Pn","Pn higher"
"tmem177",6.94969285171139,3.83978013594534,1.88531028937734,0.00272373267567326,0.0154612446410674,"Ab_vs_Pn","Ab higher"
"nt5c2l1",11.7002949896796,-4.82150859227403,4.03451275630712,0.00273732211914457,0.0155274885145585,"Ab_vs_Pn","Pn higher"
"bhlhe41",8.71345259057304,-4.39371492838997,2.86005916466258,0.00274249423005947,0.0155350390945035,"Ab_vs_Pn","Pn higher"
"PSTK",64.2152745029476,-4.25209929252214,2.63133245253733,0.00274203656848775,0.0155350390945035,"Ab_vs_Pn","Pn higher"
"tmem258",279.103920598502,-2.29151490448796,1.1231859711165,0.00274706040292744,0.0155500151149616,"Ab_vs_Pn","Pn higher"
"itpkcb",56.1827014384146,3.14961252517735,1.50623480074619,0.00274947406345124,0.0155527941952847,"Ab_vs_Pn","Ab higher"
"rad54l",8.02354849658201,4.79006626382617,2.36565861539098,0.00276181150980068,0.0156116654806273,"Ab_vs_Pn","Ab higher"
"si:dkey-220f10.4",9.84635337952298,-4.73043249762626,3.63740497558059,0.0027778520250986,0.0156913722283677,"Ab_vs_Pn","Pn higher"
"si:ch211-63o20.7",18.0388700523667,4.10433430998721,2.03095040340605,0.00279035574847898,0.0157510032445544,"Ab_vs_Pn","Ab higher"
"ajuba",5.55766563163257,4.1389298459515,2.07394989025738,0.0027935393761408,0.0157579776942838,"Ab_vs_Pn","Ab higher"
"hspa5",14.0127739703194,2.55432503720542,1.11529985282352,0.00279824264741057,0.0157735085539401,"Ab_vs_Pn","Ab higher"
"gpc4",45.3998977475731,-4.65002155124222,3.34336757854001,0.00281391824954055,0.0158508250142991,"Ab_vs_Pn","Pn higher"
"b4galt3",5.8856009681721,3.73688531111389,1.80715191328488,0.00282762280757322,0.0159169386850799,"Ab_vs_Pn","Ab higher"
"slmapa",5.68360791268372,-4.4038324889974,2.9256277139507,0.00284711229392463,0.016015501631124,"Ab_vs_Pn","Pn higher"
"ddx19",7.32633207589051,-4.43523258801967,2.99381586175425,0.00285749821806065,0.0160627540555195,"Ab_vs_Pn","Pn higher"
"rbck1",346.495868312358,2.26652608299252,0.970341570709792,0.00287277085172568,0.0161373912636174,"Ab_vs_Pn","Ab higher"
"taf6",7.99783306885782,3.41228912650612,1.64881741550467,0.00287483310915556,0.0161377689243299,"Ab_vs_Pn","Ab higher"
"sp2",5.14225503695169,-4.40154664011876,2.95292052015029,0.00287835212831078,0.0161463178681733,"Ab_vs_Pn","Pn higher"
"actr3",39.5581558975725,-4.62227765295542,3.43648415603098,0.00289589480849234,0.0162334671558521,"Ab_vs_Pn","Pn higher"
"osgepl1",112.192030956651,4.97112757837192,3.11182798725354,0.00290600760772465,0.0162676093694704,"Ab_vs_Pn","Ab higher"
"egln1a",115.919705643607,2.63409879893174,1.18322313287779,0.00290430683698652,0.0162676093694704,"Ab_vs_Pn","Ab higher"
"kmo",15.7661837366115,3.99857487207936,2.1197224419032,0.00294485332496802,0.0164736642777775,"Ab_vs_Pn","Ab higher"
"galnt1",10.8892129179922,-4.27499688997813,2.74912300846795,0.00295146578957724,0.016499244486448,"Ab_vs_Pn","Pn higher"
"rnf20",10.94005104935,-4.37823434606707,2.94151505178888,0.00295922017774886,0.0165311685205874,"Ab_vs_Pn","Pn higher"
"ubxn2a",67.7655360351664,-2.38611839908967,1.23518561613034,0.00296267115804618,0.0165390248429507,"Ab_vs_Pn","Pn higher"
"GALNT3",33.9965311994228,4.9451730673773,3.09573574635524,0.00296564117849448,0.0165441872364426,"Ab_vs_Pn","Ab higher"
"ptpn1",32.9077003792257,-4.40349319965527,2.98870496450524,0.00301175170792734,0.01677827793762,"Ab_vs_Pn","Pn higher"
"baz1b",10.933109658015,-4.27656130866063,2.79981123389709,0.00301013251701447,0.01677827793762,"Ab_vs_Pn","Pn higher"
"gaa",3.42838574439339,5.71852018751949,3.57497656997463,0.00301979187007031,0.0168114910096344,"Ab_vs_Pn","Ab higher"
"RBPMS",9.45362837228459,-4.53531966446654,3.36526305731502,0.00304113403184495,0.0169186610616189,"Ab_vs_Pn","Pn higher"
"col6a1",82.6533873864369,-4.70920798243822,3.8205696690845,0.00304606313176372,0.0169344362012623,"Ab_vs_Pn","Pn higher"
"ndfip2",8.4614002006039,-4.42888685103561,3.11631620744392,0.00304859564974633,0.0169368751447789,"Ab_vs_Pn","Pn higher"
"abat",10.0583934005591,-4.21818938987056,2.70627745517197,0.00305616957459604,0.0169672997178499,"Ab_vs_Pn","Pn higher"
"mboat1",3.23222276048071,5.16681778275301,3.24523017401288,0.00306067498690779,0.0169787686597305,"Ab_vs_Pn","Ab higher"
"trip10a",8.10889350113794,-4.33931325293501,2.93855723671532,0.00306243336315328,0.0169787686597305,"Ab_vs_Pn","Pn higher"
"paics",14.4875613301798,-4.40999247667361,3.08183208495146,0.00306920308996844,0.0170046464347635,"Ab_vs_Pn","Pn higher"
"hyou1",71.8114879567322,-2.24731367282068,1.05535846417089,0.00308460054223454,0.0170782572115915,"Ab_vs_Pn","Pn higher"
"poldip3",5.62037086210595,-4.36797433520118,3.01426417730223,0.00309043135309448,0.0170988366724906,"Ab_vs_Pn","Pn higher"
"chchd3a",8.47521060253261,-4.43356023150234,3.15717338724844,0.00310121639541964,0.0171467801931302,"Ab_vs_Pn","Pn higher"
"hyi",9.62848480875455,3.3638809043781,1.59600887278261,0.00310391304737913,0.0171499676504439,"Ab_vs_Pn","Ab higher"
"sept5a",6.9568755814117,-4.30513073933151,2.91211219198784,0.00311357952113554,0.0171916346392255,"Ab_vs_Pn","Pn higher"
"CCDC88A",7.29683671346618,3.06323495753813,1.44324445722532,0.00314322789082757,0.0173434995967969,"Ab_vs_Pn","Ab higher"
"EZH1",15.7637097800091,-4.53108643129025,3.48603874607439,0.00315248152214359,0.0173632644524708,"Ab_vs_Pn","Pn higher"
"dcun1d3",5.21788026738026,-4.43736477162456,3.22916188875109,0.00314955576834652,0.0173632644524708,"Ab_vs_Pn","Pn higher"
"cdipt",14.2964788283718,3.46473675110871,1.73956338662778,0.00315324953401899,0.0173632644524708,"Ab_vs_Pn","Ab higher"
"fam110b",6.52999905388826,3.95958320407025,2.04413857508968,0.00315611167813321,0.0173672022887208,"Ab_vs_Pn","Ab higher"
"dhcr7",4.9320722516638,5.1049854786816,3.23994457018697,0.00317500706850712,0.0173990026561036,"Ab_vs_Pn","Ab higher"
"mbd3a",5.68018629704011,4.71321726830551,2.5770715477654,0.00317694732637718,0.0173990026561036,"Ab_vs_Pn","Ab higher"
"smim14",7.98741827019385,-4.61308896838391,4.80194328473037,0.00317491453796101,0.0173990026561036,"Ab_vs_Pn","Pn higher"
"mcamb",13.7104964473093,-4.60886818752682,3.91023617632451,0.00317099488836611,0.0173990026561036,"Ab_vs_Pn","Pn higher"
"cryba1a",4.62793135963379,4.60293788908639,2.45758728286851,0.00316758478900964,0.0173990026561036,"Ab_vs_Pn","Ab higher"
"zgc:110591",10.2428352633527,-4.54694442597108,5.58738222372383,0.00317315840314167,0.0173990026561036,"Ab_vs_Pn","Pn higher"
"ino80e",10.2705250175547,3.46201708889267,1.70863603809658,0.00317508244795605,0.0173990026561036,"Ab_vs_Pn","Ab higher"
"tmem17",4.36387519057214,4.38834298991042,2.36881998657267,0.00318759257741895,0.0174101528418244,"Ab_vs_Pn","Ab higher"
"rab5c",8.20666279331212,-4.29072800489986,2.91511109735547,0.00318714286747359,0.0174101528418244,"Ab_vs_Pn","Pn higher"
"sidt2",16.8888401990837,3.85037807926127,2.00369304151252,0.0031824939426718,0.0174101528418244,"Ab_vs_Pn","Ab higher"
"bmp6",431.570975423683,2.96615866061709,1.4105950888593,0.0031863843009583,0.0174101528418244,"Ab_vs_Pn","Ab higher"
"si:dkey-16j16.4",6.48206250129619,-4.33101836553076,3.02426924990657,0.00321600346407075,0.017553476397347,"Ab_vs_Pn","Pn higher"
"akr1b1.2",8.3486976604642,-4.39119472372137,3.1512916060721,0.00321923820130725,0.0175592837561526,"Ab_vs_Pn","Pn higher"
"picalmb",10.4499417390206,-4.28305769776223,2.9023825863753,0.00322318818706635,0.0175689819711454,"Ab_vs_Pn","Pn higher"
"si:ch211-257p13.3",93.4737562026957,4.92549650242226,3.1938799082956,0.00322654780069592,0.0175754512860803,"Ab_vs_Pn","Ab higher"
"rab18b",10.0009745783798,-4.35506851009626,3.08388816215417,0.00323854537263217,0.0176289323817104,"Ab_vs_Pn","Pn higher"
"flot2a",8.75577887802219,-4.45410268110308,3.35372696394908,0.00325221094779904,0.0176914151692982,"Ab_vs_Pn","Pn higher"
"si:ch211-204d2.4",3.25915795823652,5.28990441675541,3.39777861961095,0.00328111557113527,0.0178366558164739,"Ab_vs_Pn","Ab higher"
"tgfb3",62.0688878167837,-2.84652395297194,1.71177299902867,0.00331452919363512,0.0180061965394993,"Ab_vs_Pn","Pn higher"
"golga7",10.8574115993844,-4.50681023077434,3.90492323816787,0.00331687468343495,0.0180068451773861,"Ab_vs_Pn","Pn higher"
"pipox",5.63958414518592,3.60908272883929,1.80649898674262,0.00335367283225096,0.0181944061301663,"Ab_vs_Pn","Ab higher"
"ptcd3",13.9201998982689,2.7864318217209,1.32713755234117,0.00335607746451288,0.0181952483984214,"Ab_vs_Pn","Ab higher"
"myof",16.5483143271839,2.83872844661617,1.3482719927507,0.0033726514581275,0.0182728584358964,"Ab_vs_Pn","Ab higher"
"ireb2",287.545793743143,-4.20488887091636,2.83388042563208,0.00337678969774337,0.0182830333768716,"Ab_vs_Pn","Pn higher"
"ccnt2a",17.3777196095828,3.83228686829915,2.10945578548624,0.00339534226991304,0.0183711863687803,"Ab_vs_Pn","Ab higher"
"znf106a",7.78379991835928,3.4567033336819,1.761381658828,0.0034081791665867,0.0184283163626469,"Ab_vs_Pn","Ab higher"
"tbl1x",266.476149758846,-2.87762994973498,1.87873249591231,0.00342553778620936,0.0185098030411807,"Ab_vs_Pn","Pn higher"
"aqp11",58.5534661406852,2.46443251314481,1.11069017059841,0.00343153271092623,0.0185298184904421,"Ab_vs_Pn","Ab higher"
"b3gnt2a",4.34751679918476,6.09060529091513,3.87232681208862,0.00343475921580351,0.0185348681098296,"Ab_vs_Pn","Ab higher"
"zdhhc16b",71.4136942131652,3.68228707372379,1.88580734926598,0.00344005054984589,0.0185510459318023,"Ab_vs_Pn","Ab higher"
"slc30a4",105.63400574367,-4.17634828087338,2.78921350039595,0.00345957285802705,0.0186438939697407,"Ab_vs_Pn","Pn higher"
"utp25",4.09259317458926,4.17996817164079,2.27405677871887,0.00346763493309627,0.0186748994499439,"Ab_vs_Pn","Ab higher"
"NIPAL2",21.9480756098431,-4.28628093831229,3.09296494591147,0.00348292304753657,0.0187377244407043,"Ab_vs_Pn","Pn higher"
"ankrd33bb",7.74777199321532,3.7569302345544,1.90954430684462,0.00348393343538376,0.0187377244407043,"Ab_vs_Pn","Ab higher"
"lrtm2a",5.87072288765356,3.90155849180886,1.97633608396868,0.00349648199381408,0.0187802409349018,"Ab_vs_Pn","Ab higher"
"znhit1",7.65508562511175,3.22038087052234,1.54518235581425,0.00349486556597737,0.0187802409349018,"Ab_vs_Pn","Ab higher"
"dyrk3",5.02887242910214,-4.40772310692645,3.58348893006298,0.00350868199483838,0.0188332638727589,"Ab_vs_Pn","Pn higher"
"smg5",6.6144978896487,-4.29324451063095,3.15495960657828,0.00351419781840843,0.0188503621704945,"Ab_vs_Pn","Pn higher"
"SHKBP1",33.6073127099805,2.2040853856198,0.96785050594525,0.00351712015524814,0.0188535354113997,"Ab_vs_Pn","Ab higher"
"aggf1",9.29136116376894,2.83370505539621,1.34441728875333,0.00352845807665017,0.0189017863457107,"Ab_vs_Pn","Ab higher"
"ly75",7.77033804754138,2.87434151256741,1.37571731592821,0.00353403222103654,0.0189191175618561,"Ab_vs_Pn","Ab higher"
"pdgfbb",14.3514570425686,-4.44474231111058,3.77153746350392,0.00353763539090934,0.0189258814001757,"Ab_vs_Pn","Pn higher"
"henmt1",199.843205763913,4.43385290376762,2.89195104359901,0.00354555917348091,0.0189557357265612,"Ab_vs_Pn","Ab higher"
"rhag",21.102128126646,-4.33373155398056,3.29237683540075,0.00354901948475199,0.0189617031784404,"Ab_vs_Pn","Pn higher"
"si:dkey-34d22.5",5.26510850146445,4.16305928769262,2.13898741919166,0.0035566357419947,0.0189898524864654,"Ab_vs_Pn","Ab higher"
"ttk",3.49749359366904,3.90548903016138,2.19086547442419,0.00355981886400395,0.0189943105481055,"Ab_vs_Pn","Ab higher"
"prkaa2",5.60082200847076,-4.25258609869085,3.07539427254115,0.00356962712068159,0.0190340895050715,"Ab_vs_Pn","Pn higher"
"eif3bb",40.3365017139985,-4.26512322945137,3.09292630554283,0.00358475065155609,0.0191021396709073,"Ab_vs_Pn","Pn higher"
"pfkpa",13.2924567678015,-4.36835190474285,3.36478757562834,0.00359220843551821,0.0191292784956595,"Ab_vs_Pn","Pn higher"
"mylka",16.0266580553798,-4.38040859398634,3.52511305274852,0.00359739289227518,0.0191442836221144,"Ab_vs_Pn","Pn higher"
"rrn3",7.98472097379181,4.78471355756862,2.80906407506447,0.00360767570925421,0.0191749716381332,"Ab_vs_Pn","Ab higher"
"psma2",8.81463103577551,-4.39930210290971,3.73453988956758,0.00360929343644701,0.0191749716381332,"Ab_vs_Pn","Pn higher"
"mmp19",53.7739935627523,-2.6880550813073,1.64437389522248,0.00361027096116664,0.0191749716381332,"Ab_vs_Pn","Pn higher"
"wdr34",40.5848287799807,-4.19987899439819,2.9760478457838,0.00361520307958991,0.0191885680517079,"Ab_vs_Pn","Pn higher"
"nat16",4.92803639184024,3.80177627895667,1.86867620801743,0.00361828409613397,0.0191923279040182,"Ab_vs_Pn","Ab higher"
"pawr",16.2885942161051,-4.3205209216538,3.35241657585949,0.00362648995514119,0.0192232485236809,"Ab_vs_Pn","Pn higher"
"rab34a",63.345984198618,2.98632377637014,1.4853877265154,0.00363101397415235,0.0192346247785975,"Ab_vs_Pn","Ab higher"
"iqgap1",16.1390683952719,-4.13194604533178,2.81185512908118,0.00363794929724037,0.0192521168310351,"Ab_vs_Pn","Pn higher"
"sdsl",6.18227278428655,3.10238828695837,1.52079065626575,0.00363907610763416,0.0192521168310351,"Ab_vs_Pn","Ab higher"
"dnajb13",6.28568486534255,5.89320059174663,3.96150407800521,0.00364779543467367,0.0192856322033172,"Ab_vs_Pn","Ab higher"
"si:rp71-1f1.4",2.9764752818147,5.03611042231534,3.29208108578886,0.00365315872814219,0.0192942748614265,"Ab_vs_Pn","Ab higher"
"mff",6.23989956591871,4.20944192141943,2.35421003165626,0.00365420065369086,0.0192942748614265,"Ab_vs_Pn","Ab higher"
"zc3h18",16.4326347615419,-4.03879694633028,2.65194522404673,0.0036633136220106,0.0193045888524063,"Ab_vs_Pn","Pn higher"
"C7orf25",4.94502049305487,3.67815720745665,1.95332198499594,0.00366270095112782,0.0193045888524063,"Ab_vs_Pn","Ab higher"
"tex261",11.4003697231442,2.64355766237535,1.25176967379946,0.00366262729390733,0.0193045888524063,"Ab_vs_Pn","Ab higher"
"psmb13a",98.3562977210688,-2.86137722922308,2.27003075392756,0.00367662703495613,0.0193511964450079,"Ab_vs_Pn","Pn higher"
"cmtm4",37.6777711302928,2.45377489600247,1.14320866886913,0.00367694263023577,0.0193511964450079,"Ab_vs_Pn","Ab higher"
"arf5",13.4314088257899,-4.40054582154259,4.02303714217747,0.00368504244621869,0.019381214790288,"Ab_vs_Pn","Pn higher"
"usp28",9.59372004181894,3.15736459261548,1.52768288751246,0.00369186230824362,0.0194044666740628,"Ab_vs_Pn","Ab higher"
"lsm4",9.43318263827575,-4.16981170703264,2.97991180811851,0.00371219461146131,0.0194986637740977,"Ab_vs_Pn","Pn higher"
"atxn1b",3.53244676029224,5.04260299365347,3.319058574374,0.00373444337023715,0.019590085876685,"Ab_vs_Pn","Ab higher"
"rprd1b",54.175497582875,-4.37882658627623,3.91351699161425,0.00373248079828107,0.019590085876685,"Ab_vs_Pn","Pn higher"
"dtd1",4.95845650248322,3.86266202709238,2.19707663220424,0.00374747435207207,0.0196457031976092,"Ab_vs_Pn","Ab higher"
"lhfpl4a",4.52880681219418,5.51100377449522,3.6674564778802,0.00375034869487863,0.0196480379487521,"Ab_vs_Pn","Ab higher"
"itgb2",6.01797546920321,-4.35519449976774,3.93920785410448,0.00376166890188217,0.01969458883322,"Ab_vs_Pn","Pn higher"
"saga",133.048061163552,-2.38787797717021,1.29656380621619,0.00376736302418035,0.0197116426278104,"Ab_vs_Pn","Pn higher"
"txnrd2.1",4.03010466492811,5.61168244415197,3.75950253487866,0.00378856189538356,0.0197586571062267,"Ab_vs_Pn","Ab higher"
"mrpl2",5.32383846900455,4.94128663504553,3.29997685852474,0.00378127456487322,0.0197586571062267,"Ab_vs_Pn","Ab higher"
"RAB39B",16.6090891797854,4.67992263919526,3.10259199903011,0.00378484122422938,0.0197586571062267,"Ab_vs_Pn","Ab higher"
"zgc:92162",8.96430538850944,3.21240340919415,1.63749465028376,0.00378721930180321,0.0197586571062267,"Ab_vs_Pn","Ab higher"
"kidins220b",10.8821553650375,2.57390270484483,1.2173429103855,0.00378216116196839,0.0197586571062267,"Ab_vs_Pn","Ab higher"
"ppp5c",7.64664073671619,-4.30869147072929,3.53251531335711,0.00379126563391249,0.0197600178561328,"Ab_vs_Pn","Pn higher"
"SNTA1",3.85353175935435,5.95576302930849,3.88596862343322,0.0038198879833089,0.0198809222216731,"Ab_vs_Pn","Ab higher"
"esrra",5.46739588622062,-4.32110948873204,3.7842082367917,0.00382165644054909,0.0198809222216731,"Ab_vs_Pn","Pn higher"
"nipblb",14.7031284839239,-4.08516986881266,2.83807221616958,0.00382183632769214,0.0198809222216731,"Ab_vs_Pn","Pn higher"
"psmd12",10.1728048706122,-4.10417910263056,2.89697694837037,0.00385291212522022,0.0200296954890144,"Ab_vs_Pn","Pn higher"
"clec3bb",8.0698749421492,3.38633001675647,1.76860199018899,0.00386838863906467,0.0200972355179153,"Ab_vs_Pn","Ab higher"
"scaf11",8.31109209139385,-4.17065046043707,3.08696498392759,0.00387650982063124,0.0201265006027511,"Ab_vs_Pn","Pn higher"
"hspa4l",9.71830824571025,-4.19277612469849,3.16094471093896,0.00388644861871457,0.0201651589972945,"Ab_vs_Pn","Pn higher"
"iffo2b",6.86819807972277,3.66105292753238,1.81809840082571,0.00389127801626032,0.0201772742779037,"Ab_vs_Pn","Ab higher"
"vclb",15.7582144755167,-4.2423757141116,5.20054169030102,0.00389609074162163,0.0201892876418817,"Ab_vs_Pn","Pn higher"
"rexo4",6.26853317749852,3.82698195550595,2.12246843782251,0.0039055079191374,0.0202036949783383,"Ab_vs_Pn","Ab higher"
"ndufb9",59.5017415944529,2.78400087330198,1.39251075565749,0.00390636406800854,0.0202036949783383,"Ab_vs_Pn","Ab higher"
"dtymk",311.433555319474,-1.94904213740031,0.931179979256888,0.00390320918519629,0.0202036949783383,"Ab_vs_Pn","Pn higher"
"mfsd4aa",10.0878266398339,4.67702004637538,3.13773243830225,0.00392193672404095,0.0202661536364722,"Ab_vs_Pn","Ab higher"
"ociad2",7.63775509784414,-4.17283383556569,5.48473042543608,0.00392345117996235,0.0202661536364722,"Ab_vs_Pn","Pn higher"
"nacc1a",5.50879940530732,-4.22418081791501,3.37967530982014,0.00393139193528797,0.0202942114642912,"Ab_vs_Pn","Pn higher"
"ube2al",119.632427075412,-4.12868831051338,2.97282687521032,0.00393558668320657,0.0203029085972308,"Ab_vs_Pn","Pn higher"
"ctnnal1",77.6811385627185,2.11074515483698,0.931930481444846,0.003953623255573,0.0203829563507521,"Ab_vs_Pn","Ab higher"
"tmed7",10.5452593800283,-4.04950290002519,2.81805987890474,0.00397927229352259,0.0205021233008307,"Ab_vs_Pn","Pn higher"
"crbn",4.96967604570764,-4.17119868134534,3.21119245987343,0.00398243809812839,0.0205053735046216,"Ab_vs_Pn","Pn higher"
"rad17",31.7180287968065,3.84985570364237,2.32411903813825,0.00402692422608309,0.0207212404992278,"Ab_vs_Pn","Ab higher"
"hnf4a",3.6073450504959,4.0946309403667,2.32887003941488,0.00403452200032454,0.0207471382457884,"Ab_vs_Pn","Ab higher"
"ets1",8.47699506207478,-4.22427032678513,3.49525783926637,0.0040379723096727,0.0207516886994552,"Ab_vs_Pn","Pn higher"
"lhx4",5.3269585977837,4.58049517139212,2.78674112748521,0.00404717597828243,0.0207725929494458,"Ab_vs_Pn","Ab higher"
"si:dkey-76k16.6",171.61395042381,-2.04921803331647,1.03941571720053,0.00404561065537279,0.0207725929494458,"Ab_vs_Pn","Pn higher"
"nkx6.2",13.1272927162284,3.89409692596801,2.13198221589994,0.00405079155393662,0.0207779663156584,"Ab_vs_Pn","Ab higher"
"cntn3a.1",6.25772974178838,-4.17105957991484,3.29031779669317,0.00406741989308599,0.020850037715572,"Ab_vs_Pn","Pn higher"
"lrrc18a",9.64564886401214,4.16849370301667,2.43667646383453,0.0040700378517322,0.0208502445742,"Ab_vs_Pn","Ab higher"
"pfkfb4b",788.600412758103,-2.09727064229061,1.07373209259038,0.00407537959556909,0.0208643959168091,"Ab_vs_Pn","Pn higher"
"htr2b",108.930382811852,-2.44946351429814,1.48471706261581,0.00407878720666103,0.0208686335956237,"Ab_vs_Pn","Pn higher"
"myl13",7.61971723639955,-4.18534356364122,3.61161087072731,0.00411252880895741,0.0210279681009206,"Ab_vs_Pn","Pn higher"
"ino80da",7.75459034598946,2.8607362300273,1.41670703262937,0.00413493970416101,0.0211207652391688,"Ab_vs_Pn","Ab higher"
"rbm22",15.4302613470555,2.78133405061262,1.41543254144167,0.00413589963392798,0.0211207652391688,"Ab_vs_Pn","Ab higher"
"ifrd1",10.8914393373387,-4.20805359867823,3.66629116127673,0.00414507106262265,0.0211542459467221,"Ab_vs_Pn","Pn higher"
"bco1",3.54318236965198,5.43508450449153,3.7068576170573,0.00416995197399196,0.0212678067576425,"Ab_vs_Pn","Ab higher"
"p4ha1a",9.20817615701996,-0.687421619088685,1.40022473395673,0.00419813454133618,0.0213980531221603,"Ab_vs_Pn","Pn higher"
"si:dkey-167k11.5",4.30016865230831,5.17948934970303,3.55807090543391,0.00420079858861129,0.021398148478134,"Ab_vs_Pn","Ab higher"
"rmdn3",7.32774632632819,3.89019407197288,2.24888060822409,0.00420578223966689,0.0214100519425208,"Ab_vs_Pn","Ab higher"
"tmem120b",32.2194316075915,3.51315212172016,1.93232732065267,0.00421903408326149,0.0214640042135234,"Ab_vs_Pn","Ab higher"
"csnk2a1",9.94148547851134,-4.06742943411072,3.08322559494071,0.00424286396728372,0.0215716697871515,"Ab_vs_Pn","Pn higher"
"ddit4",40.1872939640391,-4.13087066658784,3.37383803382675,0.0042605828068083,0.0216481497011761,"Ab_vs_Pn","Pn higher"
"cers4b",5.04299093915419,-4.16193027973873,4.01711730758068,0.00427369306667034,0.0216875177015661,"Ab_vs_Pn","Pn higher"
"rbm14a",6.76833421076375,3.48065738718832,1.76523772184764,0.00427144664007823,0.0216875177015661,"Ab_vs_Pn","Ab higher"
"adssl",9.55338104509364,-4.15332952775697,3.40732379676126,0.00429935752060263,0.0217904154036057,"Ab_vs_Pn","Pn higher"
"nudt12",38.444921906265,2.79496665416423,1.4121309136525,0.00429748620408405,0.0217904154036057,"Ab_vs_Pn","Ab higher"
"bicc2",5.80015807375058,3.55646308713438,1.80726970480337,0.00431468976943468,0.021840754408609,"Ab_vs_Pn","Ab higher"
"ngs",71.4589337592217,0.428588909379805,1.15608596150596,0.00431252740685505,0.021840754408609,"Ab_vs_Pn","Ab higher"
"scfd1",13.4766045385233,-4.12535121426603,3.37770484253513,0.00433213790378016,0.0219153617909179,"Ab_vs_Pn","Pn higher"
"scml2",2.85025740711706,5.09164230262483,3.52680043262802,0.00434802408113165,0.0219819792451712,"Ab_vs_Pn","Ab higher"
"lamp2",12.665196933135,3.42409552147409,1.72910005401969,0.00436336418103385,0.0219881505790041,"Ab_vs_Pn","Ab higher"
"med24",14.3425558154041,3.2899367230729,1.7939502116005,0.00435686924214696,0.0219881505790041,"Ab_vs_Pn","Ab higher"
"trim69",20.7962164214639,2.82183326658906,1.43013061918411,0.00436555443563859,0.0219881505790041,"Ab_vs_Pn","Ab higher"
"si:ch211-235o23.1",6.5130462347702,2.81394109006727,1.38912213442832,0.00436324209198325,0.0219881505790041,"Ab_vs_Pn","Ab higher"
"ncaldb",77.8777856311427,-2.790179930791,2.11356680750517,0.00436275254035859,0.0219881505790041,"Ab_vs_Pn","Pn higher"
"ndufv2",102.541725482052,2.27067225932082,1.06147256109252,0.00435399125143928,0.0219881505790041,"Ab_vs_Pn","Ab higher"
"arhgap42b",5.04535412036155,4.39048597929321,3.04111910878505,0.00436948677387355,0.0219942616763305,"Ab_vs_Pn","Ab higher"
"tmem135",5.13924934416164,-4.06103575834595,3.19987740183006,0.00438317988034142,0.022042325304729,"Ab_vs_Pn","Pn higher"
"gapdhs",80.6710099123719,-2.10179111144783,1.03102787865106,0.00438448527819372,0.022042325304729,"Ab_vs_Pn","Pn higher"
"mmp2",32.1657486118911,-4.14442435502218,4.0798778325957,0.00439108307131729,0.0220617832073823,"Ab_vs_Pn","Pn higher"
"mms19",118.481924788143,2.16739279234236,0.998336664398653,0.00440556580165174,0.0221208080506275,"Ab_vs_Pn","Ab higher"
"clcn3",6.82030820482625,-4.02931987301325,3.09443501849174,0.00442297062785989,0.022194422710148,"Ab_vs_Pn","Pn higher"
"b3gnt7l",4.63693876286944,4.11565330702054,2.47435877648568,0.00443242333212829,0.0222142951261374,"Ab_vs_Pn","Ab higher"
"ssx2ipb",8.27302897863311,-4.06825707332174,3.25742534779212,0.00443168824035092,0.0222142951261374,"Ab_vs_Pn","Pn higher"
"dnajb14",7.69068159705196,-4.02640198028931,3.1061111508863,0.00443960325431803,0.0222365019963954,"Ab_vs_Pn","Pn higher"
"cyb5d1",5.40294699274236,-0.844532258143319,1.62210825290656,0.00445939236701699,0.0223217975599013,"Ab_vs_Pn","Pn higher"
"rpl29",23.204726832968,-4.10443620661503,3.61599828733261,0.00448856833545268,0.0224539451239807,"Ab_vs_Pn","Pn higher"
"relt",7.67295875819112,3.73816517185098,2.14412201807525,0.00451144710839358,0.0225544472557451,"Ab_vs_Pn","Ab higher"
"tmed9",8.60938597201265,-4.04622657302179,3.38640462516953,0.00452506395412939,0.0226085499227626,"Ab_vs_Pn","Pn higher"
"slc7a7",25.1844080144546,3.05163144157199,1.50371751703392,0.00453880038771721,0.0226631829236077,"Ab_vs_Pn","Ab higher"
"SLC2A13",4.0539588076861,5.65056058988621,3.91357396084995,0.0045716328199568,0.0228130400250651,"Ab_vs_Pn","Ab higher"
"ENY2",17.1676371040266,3.82377220302932,2.41356772652233,0.00458707422849867,0.0228759823886102,"Ab_vs_Pn","Ab higher"
"igf2b",13.7794982390707,-4.10711335286844,3.87152581130916,0.00461131693880616,0.0229827127036371,"Ab_vs_Pn","Pn higher"
"sptbn2",6.54087364282739,-4.00552517231643,3.21411303084672,0.00464519650480459,0.0231373119010864,"Ab_vs_Pn","Pn higher"
"ctif",4.20607738425524,-4.01632218396108,3.37419131637025,0.00465230045037664,0.0231584359034441,"Ab_vs_Pn","Pn higher"
"ZBTB5",6.79801286416442,-4.00515661146742,3.23357928011305,0.00467495350804244,0.0232492774128089,"Ab_vs_Pn","Pn higher"
"tsg101a",9.04476324967693,-3.93196350162121,2.98439389493543,0.00467629797881569,0.0232492774128089,"Ab_vs_Pn","Pn higher"
"sarm1",11.695819773581,4.89519234276345,3.50481875324706,0.00467919490196942,0.0232493903943677,"Ab_vs_Pn","Ab higher"
"pop1",117.557034840442,3.47076591694526,1.91171685573704,0.00468777118058514,0.0232777047757847,"Ab_vs_Pn","Ab higher"
"ppargc1b",4.71672182870279,-4.00435190542208,4.24189302758175,0.00470194180099222,0.0233337467657829,"Ab_vs_Pn","Pn higher"
"cavin2a",19.6753072767956,-2.14028902339857,1.09558420060363,0.00470999504595946,0.0233593807031061,"Ab_vs_Pn","Pn higher"
"snx3",84.8592762865505,-2.08530380787095,1.04893390753141,0.00472705633157813,0.0234296315356222,"Ab_vs_Pn","Pn higher"
"mettl15",5.3026235428737,6.26430487347039,4.41953919716653,0.00473402584008844,0.023449807116029,"Ab_vs_Pn","Ab higher"
"OGDH",9.23136005252946,-3.94544965891255,3.04672350653241,0.00474165654418067,0.0234732312031074,"Ab_vs_Pn","Pn higher"
"coro1b",12.8376085434902,-3.94914723954792,3.07993069927253,0.0047611077170479,0.0235551072313153,"Ab_vs_Pn","Pn higher"
"zfyve1",99.2112191572822,3.08619618963572,1.6982897012019,0.00480024857856962,0.0237055291950798,"Ab_vs_Pn","Ab higher"
"glra2",9.07722421384167,2.94588447334814,1.55445152714721,0.00479915324249584,0.0237055291950798,"Ab_vs_Pn","Ab higher"
"slc25a26",5.5746342538758,-0.790934117576031,1.53615391217983,0.0048003037237657,0.0237055291950798,"Ab_vs_Pn","Pn higher"
"dixdc1a",5.57910655459783,3.5942952171038,1.92482644918224,0.00488744831890244,0.0241211528075667,"Ab_vs_Pn","Ab higher"
"serpine2",52.6377499653951,-3.9686763309987,3.37545946305355,0.00491946632020499,0.0242643677220355,"Ab_vs_Pn","Pn higher"
"eif3jb",9.09022315638722,-3.91718116419853,3.18348627974923,0.00496441179495603,0.0244711316327845,"Ab_vs_Pn","Pn higher"
"YES1",15.8682502534523,-2.07813788973943,1.0291077362996,0.00496861973836685,0.0244769580168389,"Ab_vs_Pn","Pn higher"
"cab39l",51.139426401425,-3.76770333287911,2.66252866304956,0.00497673617186841,0.0244871161157199,"Ab_vs_Pn","Pn higher"
"zmiz2",8.08744994101378,2.6518255205347,1.32212936224402,0.00497490192598095,0.0244871161157199,"Ab_vs_Pn","Ab higher"
"txnrd3",12.0336583123298,-3.94218061729088,3.42572452116107,0.00498157650762324,0.0244960318359662,"Ab_vs_Pn","Pn higher"
"gclc",11.6223957194894,-3.84386068547353,2.90776209004498,0.00499152231980118,0.0245300267587313,"Ab_vs_Pn","Pn higher"
"efr3ba",5.57451927106844,3.51968710825124,1.93418801456812,0.00507005613294126,0.024900840351768,"Ab_vs_Pn","Ab higher"
"os9",8.63628989648783,-3.85899877134671,3.05352982354663,0.0050783569282005,0.024924595053794,"Ab_vs_Pn","Pn higher"
"gng3",280.86626153099,2.97396398650684,1.49660166229833,0.00508105541398273,0.024924595053794,"Ab_vs_Pn","Ab higher"
"pcyox1",7.30647257577393,2.83216725546908,1.470669734468,0.00509183599167063,0.0249623402040144,"Ab_vs_Pn","Ab higher"
"ap5m1",22.0239976049902,3.19744898641089,1.7092123127638,0.00509771643132588,0.0249760316250727,"Ab_vs_Pn","Ab higher"
"ppp1r3b",4.70233255847825,6.11126444326181,4.40334147586125,0.00512728597220793,0.0250450581094142,"Ab_vs_Pn","Ab higher"
"foxh1",12.9049537393354,4.28724428927717,3.11525016534512,0.00512024870423466,0.0250450581094142,"Ab_vs_Pn","Ab higher"
"pepd",14.3326936669423,-3.70306729031116,5.56816729781697,0.00512718198288745,0.0250450581094142,"Ab_vs_Pn","Pn higher"
"bgnb",12.2621905227996,-3.68715399576001,5.70776218245098,0.00512359500702305,0.0250450581094142,"Ab_vs_Pn","Pn higher"
"st7",35.283651073385,2.75975451450228,1.44249550828625,0.00512215173948183,0.0250450581094142,"Ab_vs_Pn","Ab higher"
"atp6v1c1b",8.56192129550051,-3.76497751722071,2.71127241330283,0.00514654165132648,0.0251239441264815,"Ab_vs_Pn","Pn higher"
"lnx2b",7.08186467946309,3.8709382305357,2.93569188155616,0.0051584837389795,0.0251670536577836,"Ab_vs_Pn","Ab higher"
"rgs9b",7.68678841251175,-3.89217471319621,3.45240307265627,0.00517524114198406,0.0252335898719162,"Ab_vs_Pn","Pn higher"
"eftud2",6.75857104226387,-3.7993048832915,2.88667053006593,0.00518328770732907,0.0252575989545692,"Ab_vs_Pn","Pn higher"
"rspry1",6.03357026606112,-3.63345019216221,5.71689532189594,0.00520426434838331,0.025314067537025,"Ab_vs_Pn","Pn higher"
"me3",11.6086235416839,2.37139642389386,1.16517114837718,0.005199533656142,0.025314067537025,"Ab_vs_Pn","Ab higher"
"irf2bp2a",22.5521928590142,-2.14701219445871,1.05432495354791,0.00520376370338536,0.025314067537025,"Ab_vs_Pn","Pn higher"
"alas1",14.2712206608444,-3.87692629481229,3.43125342705607,0.00520755066833726,0.0253148301419352,"Ab_vs_Pn","Pn higher"
"cox5ab",12.1797432197492,-3.81739017303654,2.99727406334291,0.00521478503909579,0.025324229980541,"Ab_vs_Pn","Pn higher"
"ddr1",292.788042848113,3.27905937224539,1.83150920750103,0.00521574572228721,0.025324229980541,"Ab_vs_Pn","Ab higher"
"sik2b",4.7682618130129,-3.87238780459424,3.63011300536002,0.00526334575619404,0.0255247025310873,"Ab_vs_Pn","Pn higher"
"larp1",19.02155458993,-3.86947823513777,3.11494874371955,0.00526070687139196,0.0255247025310873,"Ab_vs_Pn","Pn higher"
"RNF146",33.254514177462,-1.74024075573305,0.80308042812425,0.00528407298895072,0.0256098660321284,"Ab_vs_Pn","Pn higher"
"rab9b",36.8125785292816,-2.08510098080564,1.11388590916519,0.00531164795114936,0.02572809597416,"Ab_vs_Pn","Pn higher"
"polb",5.45579234547853,-3.78394642913259,2.99143570585668,0.00538356035857243,0.0260608137286011,"Ab_vs_Pn","Pn higher"
"hspa4b",13.3270209578847,-3.74062960705372,2.81147542761658,0.00539668388655918,0.0261087176784553,"Ab_vs_Pn","Pn higher"
"etf1a",9.02340494791747,-3.43624442695878,6.90554778820455,0.00542642731323758,0.0262341517543427,"Ab_vs_Pn","Pn higher"
"stk19",8.64553963246213,3.19258343100611,1.64188177765849,0.0054290975444146,0.0262341517543427,"Ab_vs_Pn","Ab higher"
"col9a3",19.2886725736197,3.00893942213472,1.69092088475182,0.005464561441505,0.0263897537315426,"Ab_vs_Pn","Ab higher"
"wnt5b",4.37983347961386,4.64920583175839,3.49640999073809,0.00548484175671553,0.0264718884069642,"Ab_vs_Pn","Ab higher"
"brpf3b",4.94132096637459,3.19932383400845,1.75240718237378,0.0054972491416944,0.0265159500937186,"Ab_vs_Pn","Ab higher"
"cep89",4.09771712645452,4.04860631217531,2.70879594557339,0.00550910549848125,0.0265337564567426,"Ab_vs_Pn","Ab higher"
"dcaf11",10.6884118927255,-3.79705599722457,3.20991874331922,0.00550557086800113,0.0265337564567426,"Ab_vs_Pn","Pn higher"
"BFSP1",97.2662325193533,-2.50829937048314,2.08316099499399,0.00551078141269966,0.0265337564567426,"Ab_vs_Pn","Pn higher"
"sema7a",9.59616193263295,-3.80712918141068,3.12253035789431,0.00553223168949612,0.0266053639336112,"Ab_vs_Pn","Pn higher"
"wasf2",9.25116881738625,-3.76339943728172,4.15243450568755,0.00553009064419995,0.0266053639336112,"Ab_vs_Pn","Pn higher"
"slc25a13",63.3568455619021,4.76723213193548,3.51394826530627,0.00556644268669481,0.0267539838934488,"Ab_vs_Pn","Ab higher"
"si:dkey-10o6.2",32.6652335650874,3.43973441762986,2.0075010620087,0.00557932794653038,0.0267960740859028,"Ab_vs_Pn","Ab higher"
"nudt22",18.4800532461361,2.68397842153013,1.41356277897574,0.0055818252979041,0.0267960740859028,"Ab_vs_Pn","Ab higher"
"dnmt3ab",4.81490790928108,3.84443090952869,2.35703496049642,0.0055919375019354,0.0268286965914327,"Ab_vs_Pn","Ab higher"
"relch",15.2127759436815,2.32435741321108,1.18552071098183,0.00559588244153923,0.0268317089920633,"Ab_vs_Pn","Ab higher"
"chn2",3.76000165762378,5.27893658705915,4.11371982984831,0.00560294960800457,0.026849679726984,"Ab_vs_Pn","Ab higher"
"clcn4",3.54345291655765,-3.64354437721016,4.70075445793139,0.00561110279145557,0.0268728303612103,"Ab_vs_Pn","Pn higher"
"ncam1b",12.6366809706697,-3.81641084789133,3.57546954736648,0.00563226321566472,0.0269582113322556,"Ab_vs_Pn","Pn higher"
"sin3aa",5.78023170469262,2.91471335745345,1.56814504490731,0.00565362126263755,0.0270444366608369,"Ab_vs_Pn","Ab higher"
"glsb",10.805709167434,2.84287833176049,1.56276713185403,0.00567214848230184,0.0270850112593504,"Ab_vs_Pn","Ab higher"
"GFOD1",11.6819113533528,2.59619724062629,1.35213638648386,0.00567067861259676,0.0270850112593504,"Ab_vs_Pn","Ab higher"
"cstf3",16.8964764589619,2.41619967947077,1.24101365935745,0.00566927061183996,0.0270850112593504,"Ab_vs_Pn","Ab higher"
"lmo4b",4.83306463465029,-3.75028357075264,3.32368658434329,0.00572082109307189,0.0273013108093561,"Ab_vs_Pn","Pn higher"
"strap",13.569959704171,2.79946402239569,1.53800160915669,0.00575367555805161,0.0274419113143157,"Ab_vs_Pn","Ab higher"
"si:ch73-344o19.1",2247.11274898302,-1.82095926373491,0.926191048910081,0.00577844441828539,0.0275438048906957,"Ab_vs_Pn","Pn higher"
"si:ch211-79k12.1",26.4130036229387,-1.28544231584848,2.74665894135546,0.00581347941891907,0.0276944846994325,"Ab_vs_Pn","Pn higher"
"lsm11",4.85371404244087,-3.73129711870804,3.38487426667227,0.0058191736256381,0.027705294560204,"Ab_vs_Pn","Pn higher"
"pbx2",16.1852968053485,2.63565798715271,1.40972695188376,0.00584034390106,0.0277897304798085,"Ab_vs_Pn","Ab higher"
"retreg2",7.96752847080579,-3.71060197119581,3.08962944916907,0.00584596283179811,0.0278001136663227,"Ab_vs_Pn","Pn higher"
"agfg1b",4.66913356613738,3.38480522809401,1.83561001815383,0.00586394151587007,0.0278692261585623,"Ab_vs_Pn","Ab higher"
"sh3bgrl",19.7885055661965,-3.7228362663585,3.67567063764493,0.00589338961439588,0.0279814656039845,"Ab_vs_Pn","Pn higher"
"PHF21B",3.71340713749728,3.66582383179187,2.30117096906659,0.00589447612673872,0.0279814656039845,"Ab_vs_Pn","Ab higher"
"npr2",5.37402593909319,5.12346759509171,4.16656554334841,0.00591674943282268,0.0280638401012636,"Ab_vs_Pn","Ab higher"
"zfhx4",12.5920011434823,2.07794141330622,1.00396285821428,0.00591876761191193,0.0280638401012636,"Ab_vs_Pn","Ab higher"
"mctp1a",7.6828361988293,4.51257318748737,3.4904948842502,0.00594766986193004,0.0281843594101652,"Ab_vs_Pn","Ab higher"
"ift172",6.53974482254026,2.84113033754904,1.55602943218609,0.00595136601329186,0.0281853628111931,"Ab_vs_Pn","Ab higher"
"vdac1",9.15832642815476,-3.68529044325341,3.03710295282619,0.00596344445039048,0.0281889802756282,"Ab_vs_Pn","Pn higher"
"atp6v1ba",10.9860980634643,-3.67399030265482,2.97786000228348,0.00596606925848381,0.0281889802756282,"Ab_vs_Pn","Pn higher"
"bcl2l13",251.565425154846,2.33524311896897,1.17656884698624,0.00596181003324618,0.0281889802756282,"Ab_vs_Pn","Ab higher"
"uck1",40.5063041544449,1.99040841083117,0.937628578957791,0.00596553525797208,0.0281889802756282,"Ab_vs_Pn","Ab higher"
"srek1",13.6041692267399,-2.62579065977998,1.90470487197064,0.00599959478859193,0.0283143070273746,"Ab_vs_Pn","Pn higher"
"opn6a",39.7316800352923,-1.94410768983928,1.04482202462919,0.00599657836089864,0.0283143070273746,"Ab_vs_Pn","Pn higher"
"ddx3xb",4.37012927313475,3.98402984177991,2.78273678450834,0.006031740271092,0.0284494151911739,"Ab_vs_Pn","Ab higher"
"rnf144aa",4.48493193064646,4.58480210060224,3.54413161377777,0.00605261743907688,0.028514631604364,"Ab_vs_Pn","Ab higher"
"STT3B",10.5154106421015,2.74078405518948,1.50431781628125,0.0060498044005639,0.028514631604364,"Ab_vs_Pn","Ab higher"
"per3",11.0402955168977,-3.66611195323877,3.0076375814797,0.00606860016550942,0.0285732868095493,"Ab_vs_Pn","Pn higher"
"nr2f1a",10.7305439470552,-3.68270963235005,3.6105973374134,0.00607851677297999,0.0286033287822194,"Ab_vs_Pn","Pn higher"
"plag1",89.7612273868245,3.40909244688811,1.9987271700516,0.00609826676244579,0.0286795813031535,"Ab_vs_Pn","Ab higher"
"slc9a1b",5.44251414949446,-1.54838237162379,4.14128401453972,0.00611411977372296,0.0287374287330883,"Ab_vs_Pn","Pn higher"
"lrrc8aa",6.16034679456871,3.01302563028835,1.74455870136921,0.00614369171902984,0.0288596529124462,"Ab_vs_Pn","Ab higher"
"gemin4",153.818365411841,-1.84182111055696,0.966941213704436,0.0062042245277389,0.0291270877567498,"Ab_vs_Pn","Pn higher"
"si:ch73-12o23.1",6.63640143691696,-3.65021232852653,3.31552857567059,0.00620980790242294,0.0291363898623545,"Ab_vs_Pn","Pn higher"
"trim66",7.69899153028316,3.46212427661277,2.21070416374061,0.00625043513259662,0.0293100114710574,"Ab_vs_Pn","Ab higher"
"dgcr2",6.17861025190626,-3.63724411486386,3.22437059556177,0.00626010385327466,0.0293383430296285,"Ab_vs_Pn","Pn higher"
"acer2",40736.3283205877,-3.61809883186328,2.87314329590914,0.00627783140251931,0.0294043880804741,"Ab_vs_Pn","Pn higher"
"rlbp1b",131.661946169232,2.83762022173846,1.65941331157658,0.00630036153585895,0.0294928382312286,"Ab_vs_Pn","Ab higher"
"zgc:110319",5.25145359214223,-3.62200355906002,3.15276582182289,0.00632280848291626,0.0295538897477531,"Ab_vs_Pn","Pn higher"
"zmp:0000000846",3.95685255143908,3.36232759183111,1.94945866312767,0.00632128011783665,0.0295538897477531,"Ab_vs_Pn","Ab higher"
"trpv1",8.83979767597906,2.97971905610714,1.64432188268091,0.0063243643408778,0.0295538897477531,"Ab_vs_Pn","Ab higher"
"wdr43",6.89488996437016,-3.59771691172654,2.91997609515645,0.00633692881481816,0.0295955064567344,"Ab_vs_Pn","Pn higher"
"mboat2b",7.53239661921157,4.3414955052798,3.35131626219531,0.00640764930693707,0.0299085258187039,"Ab_vs_Pn","Ab higher"
"slc38a5a",4.82523971327135,-3.54000362404715,4.05197446598613,0.00644325035994327,0.030057354187763,"Ab_vs_Pn","Pn higher"
"si:dkeyp-97b10.3",4.74127258897835,5.76908880830137,4.77430112399088,0.00645703260540698,0.0300760311677309,"Ab_vs_Pn","Ab higher"
"ide",9.33586952022538,-3.54722975054875,2.68720133112164,0.0064584084730311,0.0300760311677309,"Ab_vs_Pn","Pn higher"
"fam171a1",5.4222371992093,3.44801066852766,2.15553012611773,0.0064555755221026,0.0300760311677309,"Ab_vs_Pn","Ab higher"
"cox10",4.52715260166597,-3.5609929565669,3.82129589209454,0.00646340376231821,0.0300819752781312,"Ab_vs_Pn","Pn higher"
"recql5",6.15689356547844,2.82851299616567,1.52709607149254,0.00649693301451486,0.0302206389617083,"Ab_vs_Pn","Ab higher"
"tmem134",3.65772912097621,4.82596371579167,3.9646289206731,0.00654054567028213,0.0303327925260301,"Ab_vs_Pn","Ab higher"
"pou5f3",17.6300523828742,4.01287832380704,3.14695562118699,0.00654780114329769,0.0303327925260301,"Ab_vs_Pn","Ab higher"
"CYP19A1",6.66764885329039,3.7059614419321,2.40763346395488,0.00653375434889299,0.0303327925260301,"Ab_vs_Pn","Ab higher"
"dph1",6.83429523614921,3.09497121837579,1.88801514095578,0.00654615750685025,0.0303327925260301,"Ab_vs_Pn","Ab higher"
"ldhd",16.7864588405009,3.06012870746534,1.8045953645627,0.0065401853949421,0.0303327925260301,"Ab_vs_Pn","Ab higher"
"spag9a",5.45976664046349,2.8775948430459,1.57200034628603,0.0065510432121368,0.0303327925260301,"Ab_vs_Pn","Ab higher"
"znf593",16.3414849308022,2.61187523074802,1.44790974786984,0.00654131965232145,0.0303327925260301,"Ab_vs_Pn","Ab higher"
"ptn",24.164082280654,-2.59785525362232,1.8658026282413,0.00652496152512799,0.0303327925260301,"Ab_vs_Pn","Pn higher"
"MYT1L",4.08246008876676,3.57193793253948,2.35607667644625,0.00655720736822999,0.0303439647606478,"Ab_vs_Pn","Ab higher"
"sult3st1",100.331179907929,3.43429289686612,2.1203776874251,0.00656873208811611,0.030379916444123,"Ab_vs_Pn","Ab higher"
"AREL1",35.3116747377314,2.18388703892758,1.11052681647983,0.00662084827551979,0.0306034524003883,"Ab_vs_Pn","Ab higher"
"atp6v1c2",7.23412114047265,4.94079095645754,3.93413927851557,0.00663609089685216,0.0306388922743363,"Ab_vs_Pn","Ab higher"
"adpgk",8.59716932081298,2.64052463902041,1.45049923135292,0.0066339380830571,0.0306388922743363,"Ab_vs_Pn","Ab higher"
"rasl11b",6.63810350323938,3.25702038949342,1.96597440189416,0.00664134737156929,0.0306456696455356,"Ab_vs_Pn","Ab higher"
"exosc4",3.0919149492652,4.66238428746122,3.79184258836044,0.0066527908457893,0.0306809721502792,"Ab_vs_Pn","Ab higher"
"id4",4.87572950232014,-3.3315615055758,4.86531069725245,0.00665904131008866,0.0306922992349328,"Ab_vs_Pn","Pn higher"
"tcf7",3.86529225273451,3.6518454464215,2.46168624620659,0.00668540917674852,0.0307373484144271,"Ab_vs_Pn","Ab higher"
"elmsan1a",8.62536835286233,-3.56098782886219,3.24464670974929,0.0066803531681517,0.0307373484144271,"Ab_vs_Pn","Pn higher"
"tmem205",13.3785480320095,-3.54530516694734,3.52691281222618,0.00668693538116932,0.0307373484144271,"Ab_vs_Pn","Pn higher"
"usp2a",7.03911324670419,-3.54350634154531,2.92424648853961,0.00667501006855407,0.0307373484144271,"Ab_vs_Pn","Pn higher"
"wdr19",4.55002660574724,3.02316576823899,1.74764191825003,0.00668781471249744,0.0307373484144271,"Ab_vs_Pn","Ab higher"
"lrmda",33.5438556279152,4.19957601441174,3.22476414828159,0.00670319662559162,0.0307730746336042,"Ab_vs_Pn","Ab higher"
"ccdc137",56.456280768623,-2.06278534075201,1.19901106163129,0.0067013429802714,0.0307730746336042,"Ab_vs_Pn","Pn higher"
"dtwd2",5.72100740204889,2.95964015424018,1.74047749022305,0.00670724517740983,0.0307741952581215,"Ab_vs_Pn","Ab higher"
"ddx42",60.4383810288537,2.21903558052784,1.14004205207589,0.00671320536807307,0.0307840806249111,"Ab_vs_Pn","Ab higher"
"capn1b",99.9552596212431,2.14546421525979,1.08780426129961,0.00674885193448941,0.0309300075343257,"Ab_vs_Pn","Ab higher"
"EVC2",13.291562532869,3.28251262496521,1.85938296877858,0.00677340510206555,0.0310249568916242,"Ab_vs_Pn","Ab higher"
"ephx5",12392.2604194338,-3.52874094341887,2.70688720626744,0.00680334667803238,0.0311268502707036,"Ab_vs_Pn","Pn higher"
"myo3a",8.32429973768576,-3.50021779775587,3.77005960186985,0.00680112252474502,0.0311268502707036,"Ab_vs_Pn","Pn higher"
"meaf6",12.7744062344146,2.35707378696873,1.23484149655006,0.00681168485345745,0.0311473820122201,"Ab_vs_Pn","Ab higher"
"elovl1b",27.0065735519164,-3.45171300097011,4.07903188982581,0.00686065692890788,0.0313535897728451,"Ab_vs_Pn","Pn higher"
"rassf8b",4.89707595918762,-3.446397865728,3.9114690608924,0.00688330323983193,0.0314393223642013,"Ab_vs_Pn","Pn higher"
"pikfyve",5.15786444391701,3.55235199910388,2.36152646103363,0.00689787842324071,0.0314703545209216,"Ab_vs_Pn","Ab higher"
"atp5po",15.0444506007626,-3.37555975572254,4.60712679600746,0.0068962251758061,0.0314703545209216,"Ab_vs_Pn","Pn higher"
"plod2",8.99433943103949,3.47621918579962,2.32830551329209,0.00691186023122039,0.03151636832601,"Ab_vs_Pn","Ab higher"
"igf1ra",12.5611042380546,2.29409211924058,1.21658267534906,0.00691986259799049,0.0315350808761381,"Ab_vs_Pn","Ab higher"
"znf384l",6.25563385511318,-3.45986653449019,3.7912289700942,0.00698173680774349,0.0317991379717551,"Ab_vs_Pn","Pn higher"
"zfhx3",3.7960469602401,4.33369800981744,3.52145194227975,0.00699141404840345,0.0318252944499356,"Ab_vs_Pn","Ab higher"
"dcaf12",5.42739369272269,-3.47383604086393,3.54786128421637,0.00701719737515376,0.0319067507406514,"Ab_vs_Pn","Pn higher"
"CACNG2",4.15702655460676,-3.1659265563707,5.27778531325384,0.0070170414412537,0.0319067507406514,"Ab_vs_Pn","Pn higher"
"fbln1",43.2259975592741,-1.00666295717812,1.90193935156948,0.00703546534613105,0.0319718422386821,"Ab_vs_Pn","Pn higher"
"olfml2ba",6.67706962812461,3.60931677953395,2.61494461460304,0.00705918462535378,0.0320616195589482,"Ab_vs_Pn","Ab higher"
"btbd17a",348.247669197939,-0.121017749112265,1.03094373170244,0.00710341411039751,0.0322443977211029,"Ab_vs_Pn","Pn higher"
"foxj2",4.12194675116101,4.45259632847137,3.70569363547396,0.00711707392667963,0.0322882843482398,"Ab_vs_Pn","Ab higher"
"acbd3",7.57819925616468,-3.43546585152274,3.6820588005446,0.00713520785875646,0.0323524082788571,"Ab_vs_Pn","Pn higher"
"itga2.2",3.94531417360927,3.3305635837647,2.42448291893969,0.00716870587654427,0.032467895764483,"Ab_vs_Pn","Ab higher"
"si:ch211-278j3.3",5.80739484763385,-3.28824507951494,4.44656725326587,0.00716833842530051,0.032467895764483,"Ab_vs_Pn","Pn higher"
"lrrc24",7.6925096637047,3.34659773505535,2.65461425781445,0.00718804936493281,0.0325131932643103,"Ab_vs_Pn","Ab higher"
"tmem208",7.3918587772333,-3.25536424003601,4.63360345103106,0.00718717835533731,0.0325131932643103,"Ab_vs_Pn","Pn higher"
"anxa1a",160.45742912801,-0.878486734069447,1.66049750882424,0.0071907655766907,0.0325131932643103,"Ab_vs_Pn","Pn higher"
"gdap2",4.76926489675205,-3.31699935632793,4.24335520594295,0.00721166637410143,0.0325894800559254,"Ab_vs_Pn","Pn higher"
"ptpra",4.5208172868994,-3.45016194358677,3.42825605575478,0.00721614455858239,0.0325915093994265,"Ab_vs_Pn","Pn higher"
"pstpip2",10.5158268766824,-3.42272189116282,3.67200881272115,0.00722857369234983,0.0326294266726662,"Ab_vs_Pn","Pn higher"
"pvalb7",64.6627380835455,2.73856613355061,1.54832357399689,0.00728064376544194,0.0328461391068934,"Ab_vs_Pn","Ab higher"
"ppm1bb",6.98009985050786,-3.42188411358735,3.52692710849009,0.00729834953342283,0.0329076640891066,"Ab_vs_Pn","Pn higher"
"eif4g1a",13.6014162982715,-3.44973100479984,2.94911730076068,0.00731125125849046,0.0329474715487072,"Ab_vs_Pn","Pn higher"
"mcl1b",44.5575197631692,-3.3238848031686,4.19096035088378,0.00732023084587504,0.0329695697729862,"Ab_vs_Pn","Pn higher"
"ptcd1",4.4934989676585,3.5713057025115,2.33117121566839,0.00734464247727081,0.0330611090699185,"Ab_vs_Pn","Ab higher"
"aak1b",5.42289394826538,3.29617240416389,2.03296173018423,0.00737046809067888,0.0331589078896004,"Ab_vs_Pn","Ab higher"
"map3k8",5.84188354294607,3.44055098285396,2.30913168619959,0.00737905535783354,0.033170407437425,"Ab_vs_Pn","Ab higher"
"ppme1",5.9113485592237,-3.41247151769029,3.47979898313501,0.00738279249256571,0.033170407437425,"Ab_vs_Pn","Pn higher"
"polr2l",14.3771572084667,2.0177312559431,1.00685376352179,0.00738532622015112,0.033170407437425,"Ab_vs_Pn","Ab higher"
"gulp1a",310.259049629267,-3.4270964075314,2.90723600673045,0.0074255949921789,0.0333327624260461,"Ab_vs_Pn","Pn higher"
"hecw2a",4.95860659577709,3.36031202613516,2.25480254649173,0.00743424352201198,0.0333465098367362,"Ab_vs_Pn","Ab higher"
"atoh1c",20.9634564787333,2.46861815835707,1.31456987193742,0.00744426467220173,0.0333465098367362,"Ab_vs_Pn","Ab higher"
"RAP1GDS1",20.6316048465976,2.32700361465055,1.2424522131512,0.00744514733157938,0.0333465098367362,"Ab_vs_Pn","Ab higher"
"avpr2ab",4.35110621119814,-1.28542234436313,2.64471102962633,0.00743719837484023,0.0333465098367362,"Ab_vs_Pn","Pn higher"
"phf20a",8.34962213866854,-3.3606629379095,3.71025276123122,0.00749358767316681,0.0335448980012431,"Ab_vs_Pn","Pn higher"
"rnf170",5.00116007073223,-3.40253878784783,3.30539292203352,0.00750637712178814,0.0335835644569382,"Ab_vs_Pn","Pn higher"
"nomo",5.44602041154047,2.63447547449068,1.45684014572826,0.00751986513558819,0.0336080186242196,"Ab_vs_Pn","Ab higher"
"zswim6",6.62140543103985,2.59700940735195,1.48374322678802,0.00752015251697829,0.0336080186242196,"Ab_vs_Pn","Ab higher"
"znf341",3.34627643567237,3.48107479426598,2.40942246359492,0.00754277230810457,0.0336904943126769,"Ab_vs_Pn","Ab higher"
"prodha",10.6121093871654,-3.37074928362392,3.6228111718092,0.00754724670059733,0.0336918755856136,"Ab_vs_Pn","Pn higher"
"tyrp1a",34.2346785004684,-3.27413649393291,4.38852546224665,0.00757493908437992,0.0337968462512682,"Ab_vs_Pn","Pn higher"
"mfge8b",6.90584027304883,-1.11176256952758,2.13084022842867,0.00759163922332806,0.0338526844969684,"Ab_vs_Pn","Pn higher"
"akt1s1",24.3607570129286,-3.3978106937966,2.71819795482658,0.00762611868617016,0.033987699202441,"Ab_vs_Pn","Pn higher"
"srpk3",5.46113176337867,4.1297301890863,3.45730907266221,0.00764127015248217,0.0340361487403548,"Ab_vs_Pn","Ab higher"
"nipsnap2",632.485881394855,-1.96001210954169,1.17797738692837,0.00764540515035538,0.0340361487403548,"Ab_vs_Pn","Pn higher"
"dcn",145.722482254608,-2.44531615074839,2.07098714213384,0.00765317601095543,0.0340520026142016,"Ab_vs_Pn","Pn higher"
"ATG14",8.7357199383361,-3.35003134170271,3.58206689012279,0.00766398188919658,0.0340813356249099,"Ab_vs_Pn","Pn higher"
"rrnad1",41.0458507568814,3.12297488734218,2.1698672778814,0.00767478367639455,0.0340933232365498,"Ab_vs_Pn","Ab higher"
"gpc6b",1125.25823067372,2.5291221302758,1.44097109713584,0.00767510713484451,0.0340933232365498,"Ab_vs_Pn","Ab higher"
"ube2q1",3.89002174379375,-3.04520219363151,5.04117930485846,0.00768109124692505,0.0341011784283077,"Ab_vs_Pn","Pn higher"
"lctlb",30.595901564826,2.32625872391474,1.2612133863686,0.00769924750873389,0.0341630351608055,"Ab_vs_Pn","Ab higher"
"cnpy3",9.53671919304309,-3.3838323030839,2.98224867846978,0.00770364550913598,0.0341638094974786,"Ab_vs_Pn","Pn higher"
"mrps28",20.7382995349104,2.40288536147221,1.30806985034658,0.0077230689176066,0.0342311805339835,"Ab_vs_Pn","Ab higher"
"stxbp1b",22.6844714551547,-3.19834827176679,4.57252915531327,0.00776771070351068,0.0343913584459211,"Ab_vs_Pn","Pn higher"
"hccsb",7.37790967784108,2.94188255901215,1.82666644233582,0.00776372099303288,0.0343913584459211,"Ab_vs_Pn","Ab higher"
"FBN1",45.9810608301717,-3.28711967405683,4.1119892431411,0.00779259827812616,0.0344826736716425,"Ab_vs_Pn","Pn higher"
"yeats2",3.39975180155161,3.35039971929299,2.28014850963557,0.00781054748758918,0.0345432031859534,"Ab_vs_Pn","Ab higher"
"ank1a",15.3648893575264,-3.37087305377378,3.2407856976727,0.00784069648946297,0.0346575922968667,"Ab_vs_Pn","Pn higher"
"ankrd13b",2.94933814024219,4.66901198271537,4.25824141862346,0.00786106294750735,0.0347286390946952,"Ab_vs_Pn","Ab higher"
"mest",602.57742772717,-3.3277755127839,3.5772668531618,0.00787124714061131,0.034754649629042,"Ab_vs_Pn","Pn higher"
"col1a1b",476.568047430221,-1.75913410691677,5.24769775181643,0.00790096653941762,0.0348668403367971,"Ab_vs_Pn","Pn higher"
"trim47",7.67776944215724,3.15037686568412,2.02742722456292,0.00792876107486892,0.0349704189392665,"Ab_vs_Pn","Ab higher"
"zgc:63863",3.77563005336969,3.64647459844231,2.85969836156827,0.00793770876458354,0.0349774118151963,"Ab_vs_Pn","Ab higher"
"csde1",32.8506178561156,-3.35585296139811,3.10028337491489,0.00793899469559902,0.0349774118151963,"Ab_vs_Pn","Pn higher"
"blvrb",46.0510802322404,-1.99364385855468,7.32609703540126,0.00796668949779315,0.0350803219094441,"Ab_vs_Pn","Pn higher"
"SBSPON",7.10242880673971,3.59122109446986,2.7019248978118,0.008001781784037,0.0352156761975383,"Ab_vs_Pn","Ab higher"
"prkar2ab",10.1883519691203,3.03102932026405,1.95102511342624,0.00803448752641546,0.0353403858625202,"Ab_vs_Pn","Ab higher"
"slc2a8",4.90300181291574,3.44662023260674,2.48143136930952,0.00804245023959532,0.035356184776134,"Ab_vs_Pn","Ab higher"
"march8",7.76594077479396,-3.13061090022722,4.43282640030864,0.00809973173839411,0.0355812555479589,"Ab_vs_Pn","Pn higher"
"fmnl1a",15.0538238380814,2.61053520553738,1.48962929474965,0.0081024443960119,0.0355812555479589,"Ab_vs_Pn","Ab higher"
"copb2",4.04852169989285,-3.23713732264278,3.71254552534124,0.00812434940271747,0.0356387539688621,"Ab_vs_Pn","Pn higher"
"traf3",7.73005832862211,-1.15808028814056,2.23640882066605,0.00812177385337933,0.0356387539688621,"Ab_vs_Pn","Pn higher"
"CDH2",10.3596531042766,-3.21667340711816,3.8404797752015,0.00813870248485923,0.0356823655284696,"Ab_vs_Pn","Pn higher"
"gpbp1l1",12.7531863342411,-3.32883645464062,2.74026268263357,0.00815136104892505,0.0357014173307089,"Ab_vs_Pn","Pn higher"
"lrrc42",33.1680125734959,3.03187527662752,2.05048947282051,0.00815187511556674,0.0357014173307089,"Ab_vs_Pn","Ab higher"
"svild",6.77867331470293,3.38567443072929,2.46464070720809,0.0081674505403639,0.035714849832815,"Ab_vs_Pn","Ab higher"
"atr",17.5524344906185,2.63095006777858,1.57127028067167,0.00816818793308292,0.035714849832815,"Ab_vs_Pn","Ab higher"
"gfap",6.56912935511213,-2.04221283300307,7.23641064788598,0.00816358553468858,0.035714849832815,"Ab_vs_Pn","Pn higher"
"ginm1",11.2776970320431,-2.29362654260741,1.42023518266306,0.0081881373078133,0.0357827351069161,"Ab_vs_Pn","Pn higher"
"srsf5a",4.62273976182198,-3.27300105913742,3.58746791046062,0.0081984475551025,0.0358084461518489,"Ab_vs_Pn","Pn higher"
"tmem9",4.75869978992109,-3.23974351195217,3.56317840137939,0.00822136992508905,0.0358698281143718,"Ab_vs_Pn","Pn higher"
"csnk2a2a",8.55253033815737,2.33675931747123,1.26791912962018,0.00822072370191846,0.0358698281143718,"Ab_vs_Pn","Ab higher"
"ift81",3.41384791613312,3.362392863636,2.46087873141627,0.00826518042702278,0.0360415334092654,"Ab_vs_Pn","Ab higher"
"ndufs3",13.7390258461949,-3.29003494370646,3.19805539985055,0.00827100714874967,0.0360421881657552,"Ab_vs_Pn","Pn higher"
"pfdn5",11.3292991585353,-1.87290680394594,5.82387621169698,0.00827424198588298,0.0360421881657552,"Ab_vs_Pn","Pn higher"
"tdrd1",4.17471493807012,5.37633876909188,5.31466270435003,0.00828438469485407,0.0360669471456806,"Ab_vs_Pn","Ab higher"
"fcho1",5.40827329733958,3.56567137698255,2.69375884364546,0.0083490432692733,0.0363204841437612,"Ab_vs_Pn","Ab higher"
"vps37c",6.09603890981567,2.81473842030569,1.71844523309785,0.00835160100227418,0.0363204841437612,"Ab_vs_Pn","Ab higher"
"smg6",7.26611725267261,-3.2826979392864,3.03526539051102,0.00837406167459735,0.0363985947801279,"Ab_vs_Pn","Pn higher"
"fosb",18.8926266628313,4.28277940661953,4.49845574194416,0.00838522961007059,0.0364090891501564,"Ab_vs_Pn","Ab higher"
"ndufa5",127.172775797609,-1.75193019114703,0.955415050711542,0.00838547819096815,0.0364090891501564,"Ab_vs_Pn","Pn higher"
"fam102bb",53.3032461282318,3.52168189833403,2.9379587580686,0.00841747116596331,0.0365088065745186,"Ab_vs_Pn","Ab higher"
"cox4i2",40.0699519826813,-3.09153470850336,4.37776138402937,0.00841494117557905,0.0365088065745186,"Ab_vs_Pn","Pn higher"
"PAIP2B",8.93709578252233,-3.29493923296173,3.12425233388884,0.00842742478241065,0.0365273834662986,"Ab_vs_Pn","Pn higher"
"exoc8",12.7436485372232,2.16005534470603,1.17058528388134,0.00843078562635425,0.0365273834662986,"Ab_vs_Pn","Ab higher"
"rundc3b",49.7652896412004,2.0883270994809,1.09753187880462,0.00844747942007669,0.036580118323876,"Ab_vs_Pn","Ab higher"
"gprc5bb",6.51717288607965,2.86542660947359,1.87832702450431,0.00846347919616213,0.0366297930539088,"Ab_vs_Pn","Ab higher"
"DOCK2",15.824520230324,2.21126855669532,1.18401727995454,0.00852631433711713,0.036882008916011,"Ab_vs_Pn","Ab higher"
"lurap1",12.8183186568109,3.52432106182388,2.66174920232707,0.00857347576330363,0.0370532097351994,"Ab_vs_Pn","Ab higher"
"man2b2",48.5633872299149,2.67212500881373,1.52095193625449,0.00857505360666254,0.0370532097351994,"Ab_vs_Pn","Ab higher"
"pacsin2",4.22566764400924,-2.49896795429314,6.49289492072533,0.00859304236226484,0.0371111156798507,"Ab_vs_Pn","Pn higher"
"rdh14b",23.0871343453628,-2.84826191583288,5.05512906852721,0.00860407725135905,0.0371389439094148,"Ab_vs_Pn","Pn higher"
"ndufaf7",3.86630405322362,3.6188217730834,2.80352865818492,0.0086148640052244,0.0371656719670721,"Ab_vs_Pn","Ab higher"
"actr10",9.15679011545059,-3.26661903334435,2.86265146712755,0.00862911255380458,0.0371874754649575,"Ab_vs_Pn","Pn higher"
"yipf4",7.95782445127795,-3.17172924712694,3.59421869696068,0.00862573636326077,0.0371874754649575,"Ab_vs_Pn","Pn higher"
"erbb2",5.75143199428576,4.3319158126812,4.62641598471605,0.00864590769046736,0.0372400145411025,"Ab_vs_Pn","Ab higher"
"bcap31",15.187637663975,-3.1743178042053,3.51857675213797,0.00870354775052238,0.0374683330250003,"Ab_vs_Pn","Pn higher"
"SP3",4.03380083273012,3.2825277046381,2.33578297664606,0.00871658120478806,0.0375044815774099,"Ab_vs_Pn","Ab higher"
"dpp3",49.6164047021254,-1.76587458217968,0.989682871081526,0.00872571728520568,0.0375238315364321,"Ab_vs_Pn","Pn higher"
"rps27a",719.786257272028,-2.21788816445917,2.07791054462154,0.00873106063400238,0.0375268594412568,"Ab_vs_Pn","Pn higher"
"shisa3",2.92571668680905,4.27519182535019,4.13340646497346,0.00876519261174419,0.0376535544537434,"Ab_vs_Pn","Ab higher"
"hck",12.0382472225415,-2.67088579935177,5.93877078985068,0.00876995752184119,0.0376540267484997,"Ab_vs_Pn","Pn higher"
"phf8",7.47342803521168,-3.22821026818817,3.04425627978379,0.00879833338783256,0.0377558189783436,"Ab_vs_Pn","Pn higher"
"kcnip1b",3.75183094706864,4.11477375339894,4.07373901381683,0.0088834014648301,0.0380709002110165,"Ab_vs_Pn","Ab higher"
"METTL7A",4.47822063688906,3.4838825668721,2.48169822958468,0.00889003233468982,0.0380709002110165,"Ab_vs_Pn","Ab higher"
"sugt1",10.4370800574876,-3.0064254784801,4.09712450697404,0.00889058357010881,0.0380709002110165,"Ab_vs_Pn","Pn higher"
"slc25a42",74.7690077938936,1.76906364019181,0.857529468765937,0.00888761386524891,0.0380709002110165,"Ab_vs_Pn","Ab higher"
"ube3d",5.51487379946071,3.27356161691502,5.50559819229412,0.00896761040761414,0.0383804235911062,"Ab_vs_Pn","Ab higher"
"ino80b",22.2442495017365,2.3300119694934,1.34700636284035,0.00897609829097247,0.0383964352594798,"Ab_vs_Pn","Ab higher"
"bcat1",89.6102655289769,2.91882293275968,2.03884476554222,0.00899824149621466,0.0384708115554336,"Ab_vs_Pn","Ab higher"
"fam185a",10.1691470096771,2.28943101777685,1.28667239624216,0.00903310396087713,0.0385994600842763,"Ab_vs_Pn","Ab higher"
"emc7",5.59573416422229,-3.12891561983298,3.48128460388201,0.00904344162603922,0.0386232308938919,"Ab_vs_Pn","Pn higher"
"tyr",25.3083921846057,2.33281351668521,1.35259162834566,0.00905839023375228,0.0386666588922544,"Ab_vs_Pn","Ab higher"
"nadka",72.7187443384016,-2.73576487152647,5.12144080376215,0.00906493525784111,0.038674188449724,"Ab_vs_Pn","Pn higher"
"taok2b",26.0757866624365,-3.00049648836861,4.02614230202744,0.00908915914713354,0.0387570945393586,"Ab_vs_Pn","Pn higher"
"AOPEP",2.85787107394651,4.2819172250583,4.3907315787867,0.00915635219835354,0.038961458670427,"Ab_vs_Pn","Ab higher"
"ssr4",15.7306538876771,2.42867928086814,1.44916077751999,0.00915525683695376,0.038961458670427,"Ab_vs_Pn","Ab higher"
"rpl10",132.647982547882,-2.24207741520508,1.97540302284871,0.00914487140992576,0.038961458670427,"Ab_vs_Pn","Pn higher"
"xgb",86.819562782177,0.304169246352022,1.08494732876238,0.00915423633534498,0.038961458670427,"Ab_vs_Pn","Ab higher"
"KCNIP3",4.9375292041021,-2.61178318878356,5.39475676066068,0.00919268598134698,0.0390954978460125,"Ab_vs_Pn","Pn higher"
"elmod3",3.88135969223332,-2.79962669314652,4.66828688743975,0.00919782061672756,0.0390967792794058,"Ab_vs_Pn","Pn higher"
"ftcd",4.26134933981888,5.06196545503783,6.20411644170948,0.00924130430388635,0.0392403729733001,"Ab_vs_Pn","Ab higher"
"rpl22l1",31.2640328533834,-1.0579619101484,1.97824125303511,0.00923856881097774,0.0392403729733001,"Ab_vs_Pn","Pn higher"
"nop16",9.39085133260902,2.77944769231317,1.82697455580816,0.00928772774874455,0.0394168047007317,"Ab_vs_Pn","Ab higher"
"cpt2",822.728188984806,-1.56242977614455,0.801859450861952,0.00931347506723634,0.0395053486202804,"Ab_vs_Pn","Pn higher"
"chd7",10.2240501034669,-3.18356857506152,2.76676238409185,0.00933694933861005,0.0395427137172862,"Ab_vs_Pn","Pn higher"
"sclt1",9.56986989727198,2.52867315090782,1.54305794788831,0.00932971225861481,0.0395427137172862,"Ab_vs_Pn","Ab higher"
"rtn2b",18.3052124739786,-1.97097762052187,1.20028533282106,0.00933607990336716,0.0395427137172862,"Ab_vs_Pn","Pn higher"
"pde4ca",3.60932921137276,4.21341397948392,4.48750004230719,0.00934830331706816,0.0395700813876318,"Ab_vs_Pn","Ab higher"
"exoc3",8.80948865756912,-2.93002630446042,4.07536670632756,0.00935883429229082,0.0395939385932743,"Ab_vs_Pn","Pn higher"
"chmp2a",7.94115648022532,-2.96896865845369,3.920801053882,0.00939270292314459,0.0397164526635215,"Ab_vs_Pn","Pn higher"
"DDX39A",15.4876104731902,-2.96800431434792,3.93709717426248,0.00940804934373073,0.039760559635025,"Ab_vs_Pn","Pn higher"
"flot1b",9.49232158132324,-3.12780155101182,3.15361289702753,0.00942160302383997,0.0397970479685857,"Ab_vs_Pn","Pn higher"
"igsf9b",2.94795159868205,3.46728752707297,3.3180019900255,0.00948242805568773,0.0399913245789667,"Ab_vs_Pn","Ab higher"
"fbxo8",4.29054819921462,-3.06076397461356,3.46151172770683,0.00948065850393683,0.0399913245789667,"Ab_vs_Pn","Pn higher"
"trak2",5.02011454338145,-1.62243147523726,3.82837376620201,0.00947835327573342,0.0399913245789667,"Ab_vs_Pn","Pn higher"
"nipa2",5.00380555865067,3.41696245319636,3.21366244904794,0.009490112945303,0.0400003757822396,"Ab_vs_Pn","Ab higher"
"srp54",104.13519156637,-3.141589991486,2.69965531708261,0.00949446427270369,0.0400003757822396,"Ab_vs_Pn","Pn higher"
"UBL5",11.3919152718297,-3.15638481581823,2.78676501664839,0.00955037927470155,0.0402150015372519,"Ab_vs_Pn","Pn higher"
"pkdccb",15.3628515345758,2.22429918646901,1.29839075290083,0.00956163117647804,0.0402414331875811,"Ab_vs_Pn","Ab higher"
"snapc5",5.11605511175554,-3.09861440846283,3.12404379665973,0.00960000826938729,0.0403819380608808,"Ab_vs_Pn","Pn higher"
"RAB7A",9.79064617692558,-2.87856157437698,4.12177997737102,0.00963346024316957,0.0404677574332438,"Ab_vs_Pn","Pn higher"
"serpini1",19.689716635023,2.38864975862179,1.45008608993066,0.00963526706167677,0.0404677574332438,"Ab_vs_Pn","Ab higher"
"slc35d2",45.0766728592482,-0.201883246057826,1.05029262684594,0.0096354185704571,0.0404677574332438,"Ab_vs_Pn","Pn higher"
"lrtm1",22.2644583761608,-1.80403245898901,0.999425078157074,0.00965167763956646,0.0405150080054245,"Ab_vs_Pn","Pn higher"
"fis1",9.63367413700858,-3.10940042049854,3.03796083520036,0.00965790954340665,0.0405201401953405,"Ab_vs_Pn","Pn higher"
"ctdspl2a",6.54214495223377,-2.91918421241983,3.89185188596008,0.00967535589540548,0.0405715050392122,"Ab_vs_Pn","Pn higher"
"ppa1a",11.7122899428828,-1.6495865423674,3.91946054530404,0.00968018354873033,0.0405715050392122,"Ab_vs_Pn","Pn higher"
"eno3",24.0452947115595,-1.36340770224593,2.80154915633599,0.00971925890285547,0.0407141819084401,"Ab_vs_Pn","Pn higher"
"tacc1",23.6858281029413,2.19524604879013,1.22430872819416,0.00982594566979403,0.0411397901257577,"Ab_vs_Pn","Ab higher"
"si:zfos-80g12.1",11.2512174598902,-3.07337974327305,3.11781068625315,0.00983304906734861,0.041148232750017,"Ab_vs_Pn","Pn higher"
"vps37b",5.32680060554873,2.77443309729797,1.79290707687428,0.00984192926294461,0.0411640981426882,"Ab_vs_Pn","Ab higher"
"hivep2a",6.73844475314331,2.74095181512006,1.73174284137433,0.00985068347205458,0.0411794204679325,"Ab_vs_Pn","Ab higher"
"zbtb24",7.3473670359919,3.10231422688871,2.49216660347991,0.00986811138329837,0.0412309674480891,"Ab_vs_Pn","Ab higher"
"mitfb",5.36931726277559,3.33887527652542,2.60137999375713,0.00987726363281037,0.0412331312894487,"Ab_vs_Pn","Ab higher"
"mlf2",10.8423964357297,-3.01167897891277,3.40787578339077,0.00988392156882693,0.0412331312894487,"Ab_vs_Pn","Pn higher"
"pbdc1",4.97700051429489,-1.12760478518051,2.11944712992176,0.00988285757406008,0.0412331312894487,"Ab_vs_Pn","Pn higher"
"zdhhc3a",19.5593674906464,-1.93587594508676,1.17303480832698,0.00989201369826619,0.0412456179408635,"Ab_vs_Pn","Pn higher"
"B3GALT2",18.8151907688709,2.7957429565214,1.68818075238221,0.00991758518969904,0.0413309359090549,"Ab_vs_Pn","Ab higher"
"alg8",11.2247423405011,2.9041705041449,1.76289463649632,0.0099729192404599,0.0415347770824861,"Ab_vs_Pn","Ab higher"
"pecam1",14.5522314444413,-2.07480408009666,5.48013423496974,0.00997676744607126,0.0415347770824861,"Ab_vs_Pn","Pn higher"
"spg11",18.8877181549294,2.2324406227272,1.25988924518909,0.00998611835358553,0.0415523206595439,"Ab_vs_Pn","Ab higher"
"emc10",6.95601753999034,-3.04614794741264,3.15037509133032,0.00999505280438166,0.0415681142080428,"Ab_vs_Pn","Pn higher"
"mtx1a",10.2547118110766,-1.34574100040341,2.71156190657035,0.0100377955770596,0.0417244236499668,"Ab_vs_Pn","Pn higher"
"omgb",3.31260728726,3.82743989130318,4.15558193560564,0.0100523394021919,0.0417634172698154,"Ab_vs_Pn","Ab higher"
"si:dkey-106g10.7",4.55637734847077,2.72830435475573,1.84171691417072,0.0101251219314891,0.0420442049814246,"Ab_vs_Pn","Ab higher"
"lpar2a",532.275613274306,-1.86477221573122,1.05112586666108,0.0101901979491528,0.0422927199644418,"Ab_vs_Pn","Pn higher"
"thg1l",5.73584531873134,2.82852809518402,2.00214353746311,0.0102005622144825,0.0423140244886919,"Ab_vs_Pn","Ab higher"
"setbp1",4.82578028183929,-1.25721079631713,2.43716070076841,0.0102178239555619,0.0423639046522502,"Ab_vs_Pn","Pn higher"
"uhrf1bp1l",3.77700971209859,3.70850568340454,3.59386118079816,0.0102626461969596,0.0424933360567403,"Ab_vs_Pn","Ab higher"
"KLHL11",5.29146347647204,-2.97408929147613,3.3373688262915,0.0102683094136362,0.0424933360567403,"Ab_vs_Pn","Pn higher"
"pde7a",11.0610692807838,2.66578764760915,1.79230157385209,0.0102645364810418,0.0424933360567403,"Ab_vs_Pn","Ab higher"
"pi4k2a",8.82186344075416,-2.16249499075864,1.45003573894108,0.010270054640985,0.0424933360567403,"Ab_vs_Pn","Pn higher"
"slc18b1",35.9030056590291,2.43819991661256,1.55131724542636,0.0102770777841159,0.0425006555192809,"Ab_vs_Pn","Ab higher"
"mfn2",7.68424124817034,-3.0345910890213,3.13277829305814,0.0102847023591776,0.0425104534406683,"Ab_vs_Pn","Pn higher"
"eif4g2b",8.75949726381737,-3.04193297107659,2.8714663262319,0.0103187805293143,0.0426295279374993,"Ab_vs_Pn","Pn higher"
"nvl",978.045295936872,2.80186868360729,1.78600147024575,0.0103509258340647,0.0427404997813932,"Ab_vs_Pn","Ab higher"
"adcy6b",4.17708687110831,-2.32093873350242,5.14049309726683,0.0103705452600738,0.0427996635758861,"Ab_vs_Pn","Pn higher"
"C2orf42",4.29338391664718,3.19005358449059,2.34969956966351,0.01043848966187,0.0430581044746897,"Ab_vs_Pn","Ab higher"
"scyl3",11.0727450715936,2.63548807024865,1.80817622528139,0.0104497648470896,0.0430826441631539,"Ab_vs_Pn","Ab higher"
"SMU1",6.09840901520371,-2.39544161138873,4.9774052697577,0.0104627145119353,0.0431140589337975,"Ab_vs_Pn","Pn higher"
"RPL7A",526.472506034496,-1.68412515267574,0.955580191774731,0.0104872791974877,0.0431932797497342,"Ab_vs_Pn","Pn higher"
"rbm8a",13.4914513727171,-2.74981751364036,4.02783634607599,0.0104963823179401,0.0432087717912557,"Ab_vs_Pn","Pn higher"
"march5",18.8138310321928,-2.14205651700222,1.59083280493486,0.0105902622930614,0.0435730578273519,"Ab_vs_Pn","Pn higher"
"rgra",30.6872644454798,-2.8386571028138,3.84916967497415,0.0106074611590804,0.0435994681482729,"Ab_vs_Pn","Pn higher"
"rack1",385.918552573263,-2.14323272610039,2.02925968068527,0.0106042953834358,0.0435994681482729,"Ab_vs_Pn","Pn higher"
"mex3b",9.37312399641694,2.22345239014882,1.29028973562538,0.010640307449092,0.0437122635630803,"Ab_vs_Pn","Ab higher"
"adora2b",5.29867022361878,2.50382421800372,1.58787563374794,0.0106845974831411,0.0438502466832885,"Ab_vs_Pn","Ab higher"
"LEPROT",15.1664876725502,-1.04838432653711,1.93724946864016,0.0106847368293685,0.0438502466832885,"Ab_vs_Pn","Pn higher"
"ubr3",9.79046028317467,2.82285690973308,1.90992929730689,0.0106916275769319,0.0438562755932058,"Ab_vs_Pn","Ab higher"
"dis3l",26.0703315081866,-2.06140573658604,1.58196717861905,0.0107172337097694,0.0439390286256082,"Ab_vs_Pn","Pn higher"
"znf438",10.8639336697343,2.1535199610691,1.24873438423265,0.0107675040078477,0.0441227659166566,"Ab_vs_Pn","Ab higher"
"ccdc136b",4.64693341312319,-1.11898593769619,2.08147444787994,0.0107753175259131,0.0441324270719552,"Ab_vs_Pn","Pn higher"
"ccdc106a",7.49578927703941,2.69693134923773,1.84905906757986,0.0108401663662197,0.0443668293893809,"Ab_vs_Pn","Ab higher"
"olfml2a",6.14615702063779,-1.38584626161812,2.78884746373589,0.0108457068120821,0.0443668293893809,"Ab_vs_Pn","Pn higher"
"CRYBB3",4.30102354334586,0.795119461095565,1.54718943572992,0.0108490034036587,0.0443668293893809,"Ab_vs_Pn","Ab higher"
"nup88",148.438895887823,-2.99998364326437,2.60598275953641,0.0109416711503657,0.044723182382672,"Ab_vs_Pn","Pn higher"
"psmd1",15.6695214427512,-1.87310438898678,4.47781321095978,0.0109739158545278,0.0448096947739908,"Ab_vs_Pn","Pn higher"
"f2rl2",38.6120239837316,-1.85937333696716,1.16635241957674,0.0109738377182809,0.0448096947739908,"Ab_vs_Pn","Pn higher"
"fam120a",8.41030961218388,2.51039850946514,1.57431555283172,0.0109797334326445,0.0448108293323216,"Ab_vs_Pn","Ab higher"
"vmp1",54.8803725148794,2.09013376916271,1.22726747723581,0.0109907535487965,0.044833184798898,"Ab_vs_Pn","Ab higher"
"lsm8",13.2250287352142,2.34907150176872,1.47654546106672,0.0110009402157576,0.0448521196599107,"Ab_vs_Pn","Ab higher"
"ighmbp2",3.80729121479123,3.15423982929744,3.00630495563897,0.0110161772184305,0.0448916158790349,"Ab_vs_Pn","Ab higher"
"sesn1",19.1889843670603,2.1254850316435,1.22939844932095,0.0110448772430998,0.0449859073612457,"Ab_vs_Pn","Ab higher"
"vamp4",8.54594255697026,-2.98506689594603,2.76424674896916,0.0111150189053703,0.0452260502643561,"Ab_vs_Pn","Pn higher"
"itchb",5.46129638305537,-2.3780218118535,4.64123813223037,0.0111107683623537,0.0452260502643561,"Ab_vs_Pn","Pn higher"
"slc26a2",3.13954300836809,3.6934999716001,8.17163762050379,0.0111327809146679,0.0452755479229505,"Ab_vs_Pn","Ab higher"
"serpind1",7.85372374926863,2.78893818439938,1.85103604758359,0.0111589403930485,0.0453358396842709,"Ab_vs_Pn","Ab higher"
"mntb",5.36730489862214,2.63143937232925,1.79541143211529,0.0111585380392028,0.0453358396842709,"Ab_vs_Pn","Ab higher"
"si:ch211-57i17.1",4.92483896331572,-1.30839633234071,2.54366231799541,0.011164419909886,0.0453358396842709,"Ab_vs_Pn","Pn higher"
"rtn2a",5.29013832007416,4.11091486343779,6.77072874890706,0.0111746694350205,0.0453427286520982,"Ab_vs_Pn","Ab higher"
"sv2a",5.6296618644326,2.33673297944913,1.46692422239643,0.0111773273497693,0.0453427286520982,"Ab_vs_Pn","Ab higher"
"gpx4b",77.7860592243268,-1.73555110742653,0.993985881197815,0.0112002255200516,0.0454128442264148,"Ab_vs_Pn","Pn higher"
"pde4ba",6.94675589454976,3.1073087210451,2.88893763990782,0.0112395444060851,0.0455494362228568,"Ab_vs_Pn","Ab higher"
"golt1bb",3.48440805385497,2.7822045375816,4.61841791484183,0.011260430041643,0.0456105608153112,"Ab_vs_Pn","Ab higher"
"bin3",312.831166655314,-1.86153728278017,1.30048856965874,0.0112692430652023,0.0456105608153112,"Ab_vs_Pn","Pn higher"
"tmpob",3.96375465947389,-0.960863961690916,1.76599720838421,0.0112715429682046,0.0456105608153112,"Ab_vs_Pn","Pn higher"
"fhod1",4.91194543471573,3.63104163321071,4.49192354971874,0.0113147877972512,0.0457626592459827,"Ab_vs_Pn","Ab higher"
"ndufb4",17.7299151998587,2.28521419541363,1.40938244907418,0.0113347360405334,0.0458204297010867,"Ab_vs_Pn","Ab higher"
"si:dkey-194e6.1",8.82168385979418,2.80642480951501,2.21302627374411,0.0113415128025073,0.0458249236061346,"Ab_vs_Pn","Ab higher"
"abcd3b",3.26849929866804,3.76292840423868,4.92506985959675,0.0113664848794717,0.0459028937543919,"Ab_vs_Pn","Ab higher"
"YTHDF1",3.77751142050377,-1.63142270800608,3.55033151269691,0.0113945901234228,0.0459934328884066,"Ab_vs_Pn","Pn higher"
"ndufa9a",8.93370762948653,-2.77939042673382,3.45895906290509,0.0114416540538972,0.0461603688987405,"Ab_vs_Pn","Pn higher"
"tpp1",4.71580585202144,-1.6004549947481,3.42767800308381,0.011458736103745,0.0462062394532369,"Ab_vs_Pn","Pn higher"
"alpl",45.1885125640831,-1.92652404612429,1.19833767860789,0.0114734219165729,0.0462424065187635,"Ab_vs_Pn","Pn higher"
"spock1",8.22647488937548,-2.0064572611927,4.567349517027,0.0115055870134203,0.0463489508722893,"Ab_vs_Pn","Pn higher"
"slc6a22.1",26.3377416364742,2.7554606551506,2.7783931293226,0.0115287381930294,0.0464190956910974,"Ab_vs_Pn","Ab higher"
"asns",2.83812971312158,3.46092428535186,3.72998497546913,0.011591723705508,0.0466494791312707,"Ab_vs_Pn","Ab higher"
"fam199x",31.8795864141587,1.8576668528873,1.01519406202727,0.0116378521271962,0.0468118278751319,"Ab_vs_Pn","Ab higher"
"si:ch211-195e19.1",7.8465763273744,2.94864046836918,2.7511943232286,0.0116796641931727,0.0469566618581381,"Ab_vs_Pn","Ab higher"
"otx2b",4.13167978183687,3.08122414161161,3.28825210440901,0.0116951257941653,0.0469721313550164,"Ab_vs_Pn","Ab higher"
"pou2f2a",3.00793947601057,2.83713954618041,3.44310885344292,0.0116946227223834,0.0469721313550164,"Ab_vs_Pn","Ab higher"
"fkbp8",4.3992392404592,-2.60097328366226,3.8313092703392,0.0117292904282757,0.0470859703594649,"Ab_vs_Pn","Pn higher"
"atpv0e2",4.72707696745336,3.00000388480649,2.71435402835875,0.0117454375915828,0.0471274031142428,"Ab_vs_Pn","Ab higher"
"cyp20a1",4.74100289906413,2.97937650108186,2.20231748406543,0.0118225170343027,0.0473661913276248,"Ab_vs_Pn","Ab higher"
"cct2",21.4577360436966,-2.82327981308186,3.16654402197634,0.0118194878336722,0.0473661913276248,"Ab_vs_Pn","Pn higher"
"nuf2",3.06076553149739,2.7575211632916,2.3233968392627,0.011822171930399,0.0473661913276248,"Ab_vs_Pn","Ab higher"
"dph6",3.91406466878833,0.786791500260901,1.53335783331944,0.0118290299825462,0.0473688235291171,"Ab_vs_Pn","Ab higher"
"enpp5",6.86420617149764,-2.84329517513158,3.00929167508702,0.0118766368222841,0.0475124209967637,"Ab_vs_Pn","Pn higher"
"wdr5",7.33927197062893,2.66593426778008,1.82674340112606,0.0118715375872461,0.0475124209967637,"Ab_vs_Pn","Ab higher"
"slc6a22.2",2.47574691860814,3.58961218526232,8.16575177538678,0.011945474833865,0.047764184839908,"Ab_vs_Pn","Ab higher"
"c1qtnf6a",4.73295918679285,-1.4960968534612,3.03187003234554,0.011955750302081,0.0477816522695322,"Ab_vs_Pn","Pn higher"
"asxl2",5.03583619854305,-2.67938586134972,3.53938353737555,0.0119732993387742,0.0478281572105406,"Ab_vs_Pn","Pn higher"
"bloc1s2",3.77963335073372,-1.95650775734885,4.27142156920046,0.0120123268448444,0.0479603710996772,"Ab_vs_Pn","Pn higher"
"smim19",33.9837878535684,2.45684401772344,1.77051963909235,0.0120690894931732,0.0481632288654554,"Ab_vs_Pn","Ab higher"
"ints3",5.57899773308483,-2.56636146177091,3.75618522006533,0.0121161240047596,0.0483270843562625,"Ab_vs_Pn","Pn higher"
"gdpd1",2.74491246829554,3.57573431195443,5.01504066602643,0.0121412146989765,0.048388821066389,"Ab_vs_Pn","Ab higher"
"mtmr1a",4.60606839179268,-1.01650752841652,1.8547428331448,0.0121435661719335,0.048388821066389,"Ab_vs_Pn","Pn higher"
"ccnyl1",25.8609745563895,2.58342568308465,1.69777071570927,0.0121706790204913,0.048472980106723,"Ab_vs_Pn","Ab higher"
"mrtfab",11.0989824517463,-2.67692528962865,3.47887123530699,0.0122023357211297,0.0485751445119183,"Ab_vs_Pn","Pn higher"
"dmtn",13.7818372891627,2.89465662395655,2.06071517220217,0.0122214609708901,0.048627347660369,"Ab_vs_Pn","Ab higher"
"spns1",6.6670139720081,-2.47205863516998,3.9096633744366,0.0122546907083673,0.0487355915142492,"Ab_vs_Pn","Pn higher"
"kdm2ab",5.58356875175738,-2.73233381237786,3.25129110430553,0.0122635958921214,0.0487470403790517,"Ab_vs_Pn","Pn higher"
"HNRNPUL1",123.302381713188,-1.33744288141708,0.65732153005896,0.0122768120851746,0.0487756055780833,"Ab_vs_Pn","Pn higher"
"march2",3.61563835295534,-2.39261521166288,4.07150456288796,0.0122853625165768,0.04878561482405,"Ab_vs_Pn","Pn higher"
"mfn1b",8.96580956104986,2.62953680581007,2.05514800735157,0.0123333387194201,0.0489520985777178,"Ab_vs_Pn","Ab higher"
"tasp1",5.10613423689233,2.86403488984363,2.17491874433355,0.0123423920111085,0.0489640063648144,"Ab_vs_Pn","Ab higher"
"tcf3b",4.59605973022332,-1.55735645185669,3.19732862324798,0.0123667965284632,0.049036773097421,"Ab_vs_Pn","Pn higher"
"spcs3",30.0895522863509,2.22421586706361,1.41980478824446,0.0123841929644553,0.0490816937234095,"Ab_vs_Pn","Ab higher"
"fsd1",4.21463468412375,3.07700781488784,2.68400516274013,0.0124316247272274,0.0492455496662794,"Ab_vs_Pn","Ab higher"
"vgll4a",2.78527947212012,3.34148398093042,6.64569098657064,0.0124915723313218,0.0493862798573128,"Ab_vs_Pn","Ab higher"
"cxxc1a",4.85383109523159,2.98398206875728,2.55434018543868,0.0124862315500044,0.0493862798573128,"Ab_vs_Pn","Ab higher"
"sacm1la",4.32768509742292,-2.56324992658846,3.63556090186994,0.0124900402547253,0.0493862798573128,"Ab_vs_Pn","Pn higher"
"chrna7",5.11159347924343,0.666745166982398,1.3742783330125,0.0124817300586651,0.0493862798573128,"Ab_vs_Pn","Ab higher"
"zgc:162344",98.9226927866183,0.279892302591472,1.07418757505103,0.012502871185649,0.0494068026481264,"Ab_vs_Pn","Ab higher"
"map1b",21.6993205160935,-1.18755600755063,2.20234392414987,0.0125278031762796,0.0494811522914676,"Ab_vs_Pn","Pn higher"
"PCDHAC2",6.13418008103828,-2.67711611481341,3.40575502227843,0.0125593065947006,0.0495088845246262,"Ab_vs_Pn","Pn higher"
"phyh",8.57432362635495,-2.59064103745375,3.54700913009205,0.0125539544723132,0.0495088845246262,"Ab_vs_Pn","Pn higher"
"cilp2",9.74318611203838,2.38020483166569,1.60173562205915,0.012552729127092,0.0495088845246262,"Ab_vs_Pn","Ab higher"
"ddah2",39911.3571037753,-1.78247638790919,1.23217449398696,0.0125553378851736,0.0495088845246262,"Ab_vs_Pn","Pn higher"
"myo10",5.79143014963373,-2.4794796323283,3.79702887877081,0.0125747605408984,0.0495215374952907,"Ab_vs_Pn","Pn higher"
"pdia3",67.1239833677289,2.17932695124346,1.37166176252321,0.0125730103369515,0.0495215374952907,"Ab_vs_Pn","Ab higher"
"hivep1",4.21960466435507,-2.16626349221576,4.22430280808536,0.0125833242604926,0.0495311483908149,"Ab_vs_Pn","Pn higher"
"cdan1",5.42798144746237,2.48891541996214,1.68245370231783,0.0126169103923512,0.0496391965776893,"Ab_vs_Pn","Ab higher"
"fam102aa",5.66001602620241,2.68305586315054,1.91953069211397,0.0126249048756812,0.0496465024498713,"Ab_vs_Pn","Ab higher"
"coa8",26.5809431559724,2.99629120852888,2.99018393580945,0.0126698957125207,0.0497992159468318,"Ab_vs_Pn","Ab higher"
