"gene_name","baseMean","log2FoldChange","lfcSE","pvalue","padj","comparison","sig"
"acer2",40736.3283205877,-21.9844786075454,4.28251954708241,6.24332726321452e-31,5.25563289017398e-27,"Nb_vs_On","On higher"
"sowahd",13864.7628683104,-11.6140566047499,1.14110061922969,2.81093034157965e-26,1.18312058077088e-22,"Nb_vs_On","On higher"
"pink1",769.785410766655,8.3279955427073,0.830191218221698,1.65488503275057e-24,4.6436074018981e-21,"Nb_vs_On","Nb higher"
"pdia4",169.71552511992,-7.03915454441735,3.7530314550557,9.05378597592589e-22,1.9053692586336e-18,"Nb_vs_On","On higher"
"zgc:85843",2059.22214750764,-0.79513675551497,1.58464684186676,5.10266582525119e-20,8.5908481833929e-17,"Nb_vs_On","On higher"
"ttc34",6908.84585919756,-10.1848776463375,1.18722113050806,1.04482992061476e-19,1.46589637862251e-16,"Nb_vs_On","On higher"
"cars2",932.223013768472,-16.0624847553532,3.70376375704708,1.9082201087166e-19,2.29477098216805e-16,"Nb_vs_On","On higher"
"eif2a",1515.72948342376,-16.8337798075008,3.83895987477624,8.37647241123516e-19,7.83479386197528e-16,"Nb_vs_On","On higher"
"inab",20.401921680085,-0.769498705718577,1.53629998016344,8.08111073435739e-19,7.83479386197528e-16,"Nb_vs_On","On higher"
"surf1",55136.1920100206,9.52898386609782,1.1013967402961,1.37152687472949e-18,1.15455132314728e-15,"Nb_vs_On","Nb higher"
"gpr174",13450.2662524996,7.25546762937806,0.872425447348599,4.98968498407098e-18,3.81846983599178e-15,"Nb_vs_On","Nb higher"
"zwilch",8253.81113093214,-7.9912935482591,1.00489085291373,2.65587770313829e-17,1.86309820875151e-14,"Nb_vs_On","On higher"
"tbp",1057.64985714643,-16.2489141555337,3.81245362704934,4.16351153205323e-17,2.69603385206339e-14,"Nb_vs_On","On higher"
"mettl5",570.88504791555,-7.84963291850364,0.989141510877971,5.10930311793072e-17,3.0721509747672e-14,"Nb_vs_On","On higher"
"HDAC2",1161.84126000087,-16.3709158774126,3.83968557418647,6.2125287950589e-17,3.48647115978705e-14,"Nb_vs_On","On higher"
"atg12",590.277843492262,-15.3640973808318,3.67937351587364,8.64763878708128e-17,4.54973895685314e-14,"Nb_vs_On","On higher"
"pold2",2148.88561521081,-16.2176691407946,3.83009541517714,1.52873388946971e-16,7.14937882308669e-14,"Nb_vs_On","On higher"
"slc20a1b",1658.70294911147,6.62311083066159,0.829712299646988,1.46284142143763e-16,7.14937882308669e-14,"Nb_vs_On","Nb higher"
"ap4s1",633.240392735903,-15.4723230025289,3.71791811592202,1.68933346577679e-16,7.48463637626791e-14,"Nb_vs_On","On higher"
"RPL7A",526.472506034496,-7.23513557145876,0.938885278263646,3.75886703061776e-16,1.58210713318702e-13,"Nb_vs_On","On higher"
"snu13a",667.700863246109,-15.489934149521,3.75737729401982,1.85265716687974e-15,7.42650858609221e-13,"Nb_vs_On","On higher"
"rpl5b",643.931244570889,-15.0951579398869,3.69298141412698,2.38578077501738e-15,8.7319576365636e-13,"Nb_vs_On","On higher"
"aspdh",326.878183775693,12.1008923120558,2.70688927656416,2.37820734879402e-15,8.7319576365636e-13,"Nb_vs_On","Nb higher"
"galnt8b.1",1388.90304657904,-16.3644071291071,3.9149997025337,2.89635504728909e-15,9.92407375752004e-13,"Nb_vs_On","On higher"
"tmem189",524.841804660959,-15.1303101113796,3.70544138179966,2.94727778496081e-15,9.92407375752004e-13,"Nb_vs_On","On higher"
"rpl4",940.445682342797,-15.407210890753,3.75578802331796,3.60774738195111e-15,1.16807759466402e-12,"Nb_vs_On","On higher"
"zgc:172182",1380.22772345217,-16.0252325713303,3.87133720646162,5.38197053315492e-15,1.67797881289252e-12,"Nb_vs_On","On higher"
"rnaseh2a",405.735818247999,9.54892751487733,1.23044934155603,6.25227008900989e-15,1.87970034318876e-12,"Nb_vs_On","Nb higher"
"casd1",568.223147793873,-13.7980391385474,3.49329385531133,9.59482325885451e-15,2.78514559286336e-12,"Nb_vs_On","On higher"
"mars2",332.218083555219,-13.879770100757,3.51325368870473,1.2426708236119e-14,3.48693433105499e-12,"Nb_vs_On","On higher"
"higd2a",605.604013881262,6.63934720021135,0.890700833065065,1.50596492989174e-14,4.08942347736408e-12,"Nb_vs_On","Nb higher"
"marcksl1a",203.764690493739,-13.1842947437608,3.39629032372593,2.07275007076037e-14,5.452628154894e-12,"Nb_vs_On","On higher"
"gulp1a",310.259049629267,-14.290004538067,3.61013001674024,3.55449559844399e-14,9.06719513566712e-12,"Nb_vs_On","On higher"
"ccn4a",695.490203835944,-15.4794637020594,3.814411476278,3.87674251031867e-14,9.59835836819487e-12,"Nb_vs_On","On higher"
"nme7",345.442191283716,-14.2599035036411,3.63390257548646,6.81913159626771e-14,1.64009856506805e-11,"Nb_vs_On","On higher"
"si:dkey-13a21.4",491.996069365218,-5.78573894411824,0.843477060505093,1.88526737973443e-13,4.408383556279e-11,"Nb_vs_On","On higher"
"wdr92",1570.21031408143,-16.6354726360378,4.07905406132282,2.04400042858744e-13,4.65037719131057e-11,"Nb_vs_On","On higher"
"sqstm1",102.370016846393,-12.4384074337343,3.30671502064007,2.29697319248473e-13,5.08840008798327e-11,"Nb_vs_On","On higher"
"mphosph10",374.948687325653,-13.4485457616027,3.50905395210391,3.64282334895121e-13,7.86289409012084e-11,"Nb_vs_On","On higher"
"trim46b",739.819642857632,-15.5004471401732,3.8790605622648,3.85386040214221e-13,7.91263338176417e-11,"Nb_vs_On","On higher"
"myod1",505.695610767769,14.8709526488992,3.75914134231004,3.78658103693449e-13,7.91263338176417e-11,"Nb_vs_On","Nb higher"
"rpl11",624.768038616774,-14.8436071007619,3.77332888278892,4.26199814187984e-13,8.54226199008202e-11,"Nb_vs_On","On higher"
"cnot11",1498.49147737722,-14.1682099655697,3.65154725932562,4.95667818097358e-13,9.48302657441719e-11,"Nb_vs_On","On higher"
"mus81",378.729203065867,-13.1523640377654,3.46021347267061,4.92284189586328e-13,9.48302657441719e-11,"Nb_vs_On","On higher"
"abcf1",399.643265663937,-12.3380023603832,3.3095326489775,6.32070453747946e-13,1.18239312881116e-10,"Nb_vs_On","On higher"
"dffb",452.478973405263,-13.4632621253429,3.53312742195674,7.24667279776366e-13,1.32614112199075e-10,"Nb_vs_On","On higher"
"hsp90ab1",384.588550153444,-6.90683471257658,1.04652132451462,8.61784225393965e-13,1.54351055518434e-10,"Nb_vs_On","On higher"
"best1",299.666691080173,-14.1529637329183,3.67590336240761,1.24995857144127e-12,2.19211484466513e-10,"Nb_vs_On","On higher"
"gngt1",231.366513210766,-12.9111530803116,3.43973512045568,1.29493342433796e-12,2.22464276858713e-10,"Nb_vs_On","On higher"
"adprh",238.178534976087,6.52938343889039,0.973632549335885,1.34608231408149e-12,2.2662641839876e-10,"Nb_vs_On","Nb higher"
"clu",257.886301936784,-13.8042774439496,3.59250176156373,1.45668262886028e-12,2.40438320975409e-10,"Nb_vs_On","On higher"
"hif1al",150.659973651018,-13.0575574324642,3.46186212247654,1.55933131322654e-12,2.52431749898865e-10,"Nb_vs_On","On higher"
"rps19",145.234649660925,-13.0255389788315,3.47300856389277,2.12200540193355e-12,3.37038518367483e-10,"Nb_vs_On","On higher"
"hspd1",195.643543383104,-13.1922107706224,3.49581589761627,2.20915871345544e-12,3.44383297219776e-10,"Nb_vs_On","On higher"
"morn5",527.829557830057,-14.630816384428,3.79327260421237,2.84618881746253e-12,4.35622135734538e-10,"Nb_vs_On","On higher"
"rpl6",2225.5102457346,-14.1640008253981,3.70471394459569,3.0769368557799e-12,4.62529543784914e-10,"Nb_vs_On","On higher"
"rbp4",1407.99022653171,-16.386686515811,4.13446685788161,3.29797672414648e-12,4.87059088839739e-10,"Nb_vs_On","On higher"
"srp54",104.13519156637,-12.5482257169008,3.39393594484678,3.42735719007391e-12,4.97439531483486e-10,"Nb_vs_On","On higher"
"capn1b",99.9552596212431,-7.04845236499939,1.08488685774245,3.55361141280546e-12,5.07022048694853e-10,"Nb_vs_On","On higher"
"rpl35",419.440885923826,-14.3760821715487,3.75592478557325,4.24430497334261e-12,5.87841692572009e-10,"Nb_vs_On","On higher"
"supt7l",199.773318239882,-13.3232579286108,3.55330659866756,4.32955392485918e-12,5.87841692572009e-10,"Nb_vs_On","On higher"
"ybx1",854.138433517829,-7.72563688960373,1.22174525628827,4.31451132075845e-12,5.87841692572009e-10,"Nb_vs_On","On higher"
"ZNF830",204.95642247979,-13.5477308332467,3.60166960592516,5.06525584499395e-12,6.76814661954906e-10,"Nb_vs_On","On higher"
"cct5",283.199875673673,-12.8703199754451,3.47206836846573,6.37452333167663e-12,8.38449021969592e-10,"Nb_vs_On","On higher"
"snx14",149.763976014936,-13.076904989097,3.51828318233777,7.46745119339882e-12,9.67092371477404e-10,"Nb_vs_On","On higher"
"tpk1",2733.21311767117,7.10733322609976,1.11661100065146,1.00926220164762e-11,1.28726806264691e-09,"Nb_vs_On","Nb higher"
"ptprn2",204.113195767588,-13.5240324612062,3.6178296956497,1.03540750041704e-11,1.30090452813592e-09,"Nb_vs_On","On higher"
"thoc1",316.826996684413,-11.4832894784302,3.21324717444037,1.21016861626505e-11,1.49811756054694e-09,"Nb_vs_On","On higher"
"si:ch73-344o19.1",2247.11274898302,10.4834355665993,2.52919984913833,1.23721618793148e-11,1.5094037492764e-09,"Nb_vs_On","Nb higher"
"cpt2",822.728188984806,5.51942466666768,0.874382212754207,1.47552405300524e-11,1.77442306831402e-09,"Nb_vs_On","Nb higher"
"si:ch211-165b10.3",213.828456281362,-12.2894286726415,3.38522279711245,1.68656141748272e-11,1.9996442270943e-09,"Nb_vs_On","On higher"
"ckbb",134.824656069056,-12.4565037013244,3.42133364346754,1.74192424649968e-11,2.03659976486587e-09,"Nb_vs_On","On higher"
"phospho2",173.937365315081,-13.2686165464882,3.58938826825049,1.8169341096238e-11,2.0951988129881e-09,"Nb_vs_On","On higher"
"eif3f",144.622734565004,-12.5283225377345,3.44035952813627,1.97096832598189e-11,2.21221484908207e-09,"Nb_vs_On","On higher"
"sdr42e2",124.03454218076,10.4066521669446,2.69564850385579,1.95638560902353e-11,2.21221484908207e-09,"Nb_vs_On","Nb higher"
"MSMP",143.856917731812,-12.6135877200783,3.46311454421347,2.15388299979852e-11,2.37141174545862e-09,"Nb_vs_On","On higher"
"ap5b1",343.480360347145,-12.0765232509211,3.35054395689788,2.16914593015341e-11,2.37141174545862e-09,"Nb_vs_On","On higher"
"isoc2",113.242500934018,-12.2684386485824,3.38567776600572,2.22365909020156e-11,2.39984131042522e-09,"Nb_vs_On","On higher"
"cpsf3",433.83367211222,6.9136413017529,1.06233893259534,2.3797897226432e-11,2.5358316310393e-09,"Nb_vs_On","Nb higher"
"fam183a",369.736243781018,-5.55463257815576,0.908866197648248,2.48792446853568e-11,2.61791852201667e-09,"Nb_vs_On","On higher"
"rbp3",61.1892454664479,-11.533541005148,3.24652546620958,2.84357739460481e-11,2.95521413676337e-09,"Nb_vs_On","On higher"
"rpsa",376.396347211652,-14.1624707838083,3.77856045428708,2.94589113807793e-11,3.02420873174878e-09,"Nb_vs_On","On higher"
"sh3glb1a",190.647466402937,-13.3818251988982,3.63148370323291,3.11127011369534e-11,3.15550262856474e-09,"Nb_vs_On","On higher"
"ywhabb",65.9360155459047,-11.3406989154571,3.209572256593,3.15175108040051e-11,3.15850483271565e-09,"Nb_vs_On","On higher"
"sc5d",2131.86645215887,9.03979631260213,1.52998908848896,3.6581190215265e-11,3.62282893214236e-09,"Nb_vs_On","Nb higher"
"ZBTB21",136.955355390835,-12.397492770941,3.43761146945185,3.99781341913439e-11,3.84545379320019e-09,"Nb_vs_On","On higher"
"pitrm1",85.4769375326363,-12.0932088138591,3.37249894556961,3.99771859969815e-11,3.84545379320019e-09,"Nb_vs_On","On higher"
"zmynd12",197.4136698478,-7.9528928262065,1.31165887716169,4.01995644810663e-11,3.84545379320019e-09,"Nb_vs_On","On higher"
"col1a1b",476.568047430221,-14.6958892423225,3.91302411069011,4.4560848718822e-11,4.16212539172496e-09,"Nb_vs_On","On higher"
"rps6",296.018308056829,-13.8264542648439,3.73115010408049,4.49932775774497e-11,4.16212539172496e-09,"Nb_vs_On","On higher"
"acad11",494.271002632561,-12.23299433443,3.40808061356031,4.40058237404252e-11,4.16212539172496e-09,"Nb_vs_On","On higher"
"cinp",356.958679177607,6.45665840635031,0.987570201221627,4.63405643899243e-11,4.24016164167807e-09,"Nb_vs_On","Nb higher"
"pld7",504.243102148279,-11.9468406834901,3.34800989860955,4.72653166314515e-11,4.278273498963e-09,"Nb_vs_On","On higher"
"rad51d",156.802562012073,-11.8226867983057,3.3247477928907,5.00993504325136e-11,4.48655672277553e-09,"Nb_vs_On","On higher"
"rpl17",141.810766898992,-12.4496088183882,3.44590224694002,5.12578418847559e-11,4.54198434721974e-09,"Nb_vs_On","On higher"
"rps8a",307.249749270014,-13.8703229312997,3.75035993719303,5.23772731898693e-11,4.59283214283666e-09,"Nb_vs_On","On higher"
"cdc73",85.6956605728732,-12.10691746343,3.38693431330206,5.29548290711916e-11,4.59560568166279e-09,"Nb_vs_On","On higher"
"nipsnap2",632.485881394855,-12.102162525966,3.38565727245855,5.57196262983445e-11,4.78620218550473e-09,"Nb_vs_On","On higher"
"gnptg",90.2979635162374,-11.3630103671957,3.23009617898975,5.68343628007611e-11,4.8326430914829e-09,"Nb_vs_On","On higher"
"NT5E",191.3324962586,7.09653999685673,1.16553092698759,6.03927205493515e-11,5.08385921584441e-09,"Nb_vs_On","Nb higher"
"zgc:56622",185.36739270132,-11.8801477401003,3.33543701103278,6.18702163697816e-11,5.10611256275315e-09,"Nb_vs_On","On higher"
"exosc5",980.240615686175,7.50011953929198,1.16334767990261,6.13554339024584e-11,5.10611256275315e-09,"Nb_vs_On","Nb higher"
"arr3a",266.101869579072,-12.9129054647565,3.56616546194599,6.88614875093593e-11,5.62792234809501e-09,"Nb_vs_On","On higher"
"stum",221.151032044301,-13.1669377805488,3.62805250866724,8.92826030901691e-11,7.0949738031785e-09,"Nb_vs_On","On higher"
"hexa",173.029031290453,-12.8289379895934,3.55623717353798,8.80055743520957e-11,7.0949738031785e-09,"Nb_vs_On","On higher"
"mars1",766.525696387259,-12.366240206698,3.45842856356898,8.93403686311381e-11,7.0949738031785e-09,"Nb_vs_On","On higher"
"viml",67.1840242220008,-11.5048312313384,3.27107539123629,9.23361108598728e-11,7.2643493571814e-09,"Nb_vs_On","On higher"
"prmt7",629.760399964707,-11.5220721666253,3.28341499837752,1.00902946198532e-10,7.86482408425226e-09,"Nb_vs_On","On higher"
"rpl21",321.445504052358,-13.9407831324222,3.78807668245603,1.07843426686379e-10,8.32867858574256e-09,"Nb_vs_On","On higher"
"vat1",147.166988014645,-12.7010840937847,3.53952218330142,1.15325756170166e-10,8.74605599495906e-09,"Nb_vs_On","On higher"
"myl1",254.240588642456,10.8621540580686,2.75737462700997,1.14828031577057e-10,8.74605599495906e-09,"Nb_vs_On","Nb higher"
"adal",112.979900771465,-11.0623369627177,3.19028496842976,1.18926298628325e-10,8.93858555226104e-09,"Nb_vs_On","On higher"
"thbs4a",232.297139046096,-12.5176068287757,3.50421499976035,1.25352951761678e-10,9.33824024716641e-09,"Nb_vs_On","On higher"
"saga",133.048061163552,-11.994417038977,3.36958036659419,1.28420123025565e-10,9.45510403423553e-09,"Nb_vs_On","On higher"
"lipf",153.671637364274,-11.1614818577552,3.21882080949417,1.29168087899392e-10,9.45510403423553e-09,"Nb_vs_On","On higher"
"tpra",69.9008715744978,-11.8478126634521,3.37339725024477,1.37632959470864e-10,9.98788148987702e-09,"Nb_vs_On","On higher"
"hmgb1a",122.966451589467,-12.2795012747911,3.45926030980229,1.47522230009672e-10,1.05240858662832e-08,"Nb_vs_On","On higher"
"ybey",223.77235892749,5.54825020755973,0.907988204547798,1.46543802945055e-10,1.05240858662832e-08,"Nb_vs_On","Nb higher"
"alas2",139.759603249768,-12.5146520560351,3.50981555883911,1.52719907042447e-10,1.08033292225489e-08,"Nb_vs_On","On higher"
"aldocb",52.6504662930737,-11.1244211261179,3.21103643791177,1.64337291031692e-10,1.15282609658732e-08,"Nb_vs_On","On higher"
"si:ch1073-280e3.1",116.146266146725,-11.5542708911969,3.30968101125526,1.70875600638199e-10,1.18878579022509e-08,"Nb_vs_On","On higher"
"snrnp200",185.55320699753,-4.63283706572004,0.793776842394798,1.8288032592856e-10,1.26187424890706e-08,"Nb_vs_On","On higher"
"si:ch211-175m2.5",143.00156213233,-11.4250488214899,3.27265304615047,1.88707243942027e-10,1.29149396707641e-08,"Nb_vs_On","On higher"
"zgc:162331",342.838265220971,-14.1341655084312,3.8719957685759,2.12732029539007e-10,1.44417598762852e-08,"Nb_vs_On","On higher"
"arl6ip1",78.3557126825968,-11.6831506975834,3.34278152812943,2.19707996667981e-10,1.47960153276085e-08,"Nb_vs_On","On higher"
"sparc",160.382992987278,-12.9377216153279,3.61788921508487,2.26224195044534e-10,1.50388851898862e-08,"Nb_vs_On","On higher"
"gabrp",162.750824617475,-12.3802984941461,3.49748678053931,2.26887433964784e-10,1.50388851898862e-08,"Nb_vs_On","On higher"
"trmt2a",72.8963632963855,-11.8898652956633,3.39172137736484,2.32948821679611e-10,1.53200248507732e-08,"Nb_vs_On","On higher"
"aqp11",58.5534661406852,-11.2910960044268,3.26331043558966,2.34968426813279e-10,1.53330559450712e-08,"Nb_vs_On","On higher"
"zdhhc15b",176.894102789225,-11.5943654838735,3.33100808906866,2.44911609915765e-10,1.58589687097762e-08,"Nb_vs_On","On higher"
"cirbpb",109.347391396124,-11.8896058356389,3.38392696062449,2.55990031161067e-10,1.6345998891326e-08,"Nb_vs_On","On higher"
"trpv6",2714.5011254974,-6.24278958481331,1.10132899590689,2.56316447333694e-10,1.6345998891326e-08,"Nb_vs_On","On higher"
"ephx2",141.279365096509,-12.4232653363115,3.51345128466304,2.70242801804146e-10,1.71045406435135e-08,"Nb_vs_On","On higher"
"taf11",103.393665152208,-11.5258744649734,3.32128865653091,2.78759404340351e-10,1.75119154159483e-08,"Nb_vs_On","On higher"
"fancl",115.044381818857,-11.1884014751546,3.24692099783647,2.81516331199134e-10,1.75541072298838e-08,"Nb_vs_On","On higher"
"gtpbp4",129.534970503243,-12.5980288862479,3.55512180382967,2.88635898403435e-10,1.78657131820597e-08,"Nb_vs_On","On higher"
"TMEM43",1579.4816969578,-11.3454880953271,3.28358739231814,3.07354836762609e-10,1.88854964661872e-08,"Nb_vs_On","On higher"
"UBE2K",148.789494381885,5.97811118275717,1.0120033776134,3.12604457077463e-10,1.89316857530797e-08,"Nb_vs_On","Nb higher"
"ctps1a",396.894895352277,5.52780764791244,0.916239907452988,3.11339248835102e-10,1.89316857530797e-08,"Nb_vs_On","Nb higher"
"zp3c",179.101601935308,-12.4462818981108,3.52369209922378,3.14878440391623e-10,1.89331907944049e-08,"Nb_vs_On","On higher"
"rps14",488.03888829204,-14.43510444349,3.95598237091822,3.23405960262038e-10,1.93080239254314e-08,"Nb_vs_On","On higher"
"metap2b",103.388488070843,-12.1233589614265,3.46048137329082,3.5045166088083e-10,2.07753667696819e-08,"Nb_vs_On","On higher"
"ddx42",60.4383810288537,-11.4276702249405,3.30703331801815,3.54027891367658e-10,2.08406069198108e-08,"Nb_vs_On","On higher"
"calm2a",188.171821722903,-4.66714893209332,0.814708325521237,3.59553131153271e-10,2.10188767920017e-08,"Nb_vs_On","On higher"
"eif4bb",55.1887573898726,-11.0684805310035,3.23198299321589,3.87629217814394e-10,2.25038810728384e-08,"Nb_vs_On","On higher"
"citb",86.5976279583534,-12.0951124292203,3.46441376446277,4.04222916280917e-10,2.33064966387175e-08,"Nb_vs_On","On higher"
"ATP1A1",65.3191157000917,-11.4339949732535,3.31533677537414,4.13336521324187e-10,2.36698424252177e-08,"Nb_vs_On","On higher"
"si:ch211-153j24.3",569.679128272022,-14.8492848526543,4.06228269154217,4.20691957660276e-10,2.39282763485419e-08,"Nb_vs_On","On higher"
"nol7",817.945813633729,-5.60245996010488,0.995283894242784,4.2386269128994e-10,2.39468196998572e-08,"Nb_vs_On","On higher"
"letmd1",190.696508121791,-13.2689487881523,3.72113876931092,4.37006164009568e-10,2.45247859242169e-08,"Nb_vs_On","On higher"
"p4ha2",143.507705862042,-12.8607265807141,3.63031537042123,4.51765540829353e-10,2.5185180945043e-08,"Nb_vs_On","On higher"
"rps16",200.132783420698,-13.160210410786,3.69811166524218,4.59551959935107e-10,2.5450713149564e-08,"Nb_vs_On","On higher"
"marcksl1b",62.267815183759,-11.3415245421814,3.30218699609227,4.95446241225227e-10,2.72592578995684e-08,"Nb_vs_On","On higher"
"slc2a12",154.299823267853,-11.1322010926987,3.25614889202382,4.99961401916158e-10,2.73290589696767e-08,"Nb_vs_On","On higher"
"ppiab",139.64603162311,-12.6310485290471,3.58033384406832,5.08422668239005e-10,2.7612271104748e-08,"Nb_vs_On","On higher"
"rpl18a",294.965164419246,-13.8683156858141,3.86243310681166,5.56346733889941e-10,3.00213256787534e-08,"Nb_vs_On","On higher"
"hspb11",112.597606822583,-10.9478147908776,3.21949733551153,5.77955330420645e-10,3.09887131941464e-08,"Nb_vs_On","On higher"
"znrf3",450.475263402817,-5.98876055215893,1.08212917076053,6.06524863868095e-10,3.23147234433014e-08,"Nb_vs_On","On higher"
"MYH9",110.702200280324,-12.1243795922303,3.48361225878396,6.13890351274558e-10,3.25014401071021e-08,"Nb_vs_On","On higher"
"mdh2",35.6410017263148,-10.448092231282,3.10979754156113,6.26246941086412e-10,3.29484171879088e-08,"Nb_vs_On","On higher"
"dnali1",165.242306112778,-13.0406261488422,3.69149538357025,6.45438588765055e-10,3.37472176411443e-08,"Nb_vs_On","On higher"
"cenpl",82.3642694245484,-12.0065366456583,3.46162646497294,6.515630361044e-10,3.38571459131286e-08,"Nb_vs_On","On higher"
"hmgb2a",59.4704710324103,-10.7902752477292,3.18219614321633,6.58440203360174e-10,3.40045989686254e-08,"Nb_vs_On","On higher"
"btg1",78.429190557995,-11.8727329561007,3.43539440355555,7.52252960117717e-10,3.86125940138472e-08,"Nb_vs_On","On higher"
"irak1bp1",104.253520170964,-11.6047946978336,3.38104699192489,8.08165238702453e-10,4.1231121087256e-08,"Nb_vs_On","On higher"
"rps17",215.468139660146,-13.2452938771994,3.75157357346624,8.86932487499129e-10,4.49770944564317e-08,"Nb_vs_On","On higher"
"appb",192.023831047117,-10.7733138819663,3.19665665980703,9.03218181985387e-10,4.55286865625928e-08,"Nb_vs_On","On higher"
"SELENOP",120.158736522407,-12.4720516611353,3.58268415729523,9.54113446724435e-10,4.78078987769422e-08,"Nb_vs_On","On higher"
"unk",348.56006581012,-5.60419284578988,1.02370158843117,9.806639182275e-10,4.88475080688704e-08,"Nb_vs_On","On higher"
"cdc40",499.070304870579,-6.50257139414345,1.19161061594,9.90040502616991e-10,4.90244761825284e-08,"Nb_vs_On","On higher"
"rps15",162.460035752549,-12.786544924241,3.65729408430311,1.01210354738676e-09,4.98239044555657e-08,"Nb_vs_On","On higher"
"pabpc1b",325.923785797813,-12.8888088496891,3.6848572948,1.02070259672356e-09,4.99550840652265e-08,"Nb_vs_On","On higher"
"plag1",89.7612273868245,-12.1225849321,3.5108745978869,1.0637921633777e-09,5.13078728658622e-08,"Nb_vs_On","On higher"
"psmc3",78.8457850877844,-10.6725704845773,3.17989590667404,1.06662838578355e-09,5.13078728658622e-08,"Nb_vs_On","On higher"
"csnk1a1",50.3650827587982,-10.4775687097769,3.13537887442368,1.06193746886799e-09,5.13078728658622e-08,"Nb_vs_On","On higher"
"guca1b",91.3893235460308,-11.3933819045263,3.35119094252091,1.1037146612066e-09,5.25731120048962e-08,"Nb_vs_On","On higher"
"grk1a",45.2587448409052,-10.9397154406245,3.24405257855551,1.10542181336026e-09,5.25731120048962e-08,"Nb_vs_On","On higher"
"ddx49",733.542089420192,5.46020320312146,0.953775917354342,1.12116584544183e-09,5.30223263310637e-08,"Nb_vs_On","Nb higher"
"mlh1",162.026085137057,-12.9926228284679,3.7096805333319,1.13381124761848e-09,5.30896559178162e-08,"Nb_vs_On","On higher"
"ccn6",154.263676867154,-5.48242447883942,0.997818229605803,1.13520290629685e-09,5.30896559178162e-08,"Nb_vs_On","On higher"
"frem3",253.224409463801,-11.5859720289763,3.39508980785092,1.20464812417233e-09,5.60261210457605e-08,"Nb_vs_On","On higher"
"COLGALT1",87.8281617677678,-10.7395146967789,3.20374674702484,1.28532575404547e-09,5.94498472393119e-08,"Nb_vs_On","On higher"
"plch2a",146.64095979232,-12.8363929399293,3.67886794902233,1.3222919596997e-09,5.99578216988064e-08,"Nb_vs_On","On higher"
"cdk17",46.2306879212365,-11.097282968952,3.28108843611417,1.31380738341128e-09,5.99578216988064e-08,"Nb_vs_On","On higher"
"eif4a3",52.1162088431866,-11.0497711145369,3.27543671705118,1.31904652590136e-09,5.99578216988064e-08,"Nb_vs_On","On higher"
"pbxip1a",42.1127224075302,-10.5642332427634,3.16434194960304,1.32479862627441e-09,5.99578216988064e-08,"Nb_vs_On","On higher"
"PDCL3",78.1012896378812,-11.4171509455295,3.35135000627025,1.42639960288655e-09,6.4210865545984e-08,"Nb_vs_On","On higher"
"krt8",239.317318485067,-13.2589956691173,3.78222109973618,1.46790743506944e-09,6.57278978107155e-08,"Nb_vs_On","On higher"
"ubap2a",390.789680050507,-11.2312007147551,3.31666518041821,1.47979365405959e-09,6.59095395760509e-08,"Nb_vs_On","On higher"
"rpl10",132.647982547882,-12.2541169690247,3.55670619961848,1.54464598547993e-09,6.84359468724738e-08,"Nb_vs_On","On higher"
"gpx4b",77.7860592243268,-5.33433032466793,0.964850187177195,1.6323027179456e-09,7.19409648150055e-08,"Nb_vs_On","On higher"
"slc26a5",212.176412741401,5.99893200099966,1.03958418594402,1.66514655194636e-09,7.30062691368981e-08,"Nb_vs_On","Nb higher"
"ncl",49.501405430317,-10.4684449302519,3.15233574167321,1.70856168633191e-09,7.45216180079899e-08,"Nb_vs_On","On higher"
"nsa2",80.6995830476665,-11.085916883865,3.29664892031481,1.76129745311822e-09,7.64257833007689e-08,"Nb_vs_On","On higher"
"ITM2A",108.112705559709,-10.7898636788905,3.22818097659582,1.8043695633938e-09,7.78932460751229e-08,"Nb_vs_On","On higher"
"rpl13a",205.013374008137,-13.1170885939226,3.76312639501962,1.84191296596807e-09,7.87824628175855e-08,"Nb_vs_On","On higher"
"csrp2",611.934467313214,-11.4963144037116,3.39439237158432,1.85304438558826e-09,7.87824628175855e-08,"Nb_vs_On","On higher"
"kcnn4",183.345913769472,-9.9626481138977,3.03814154229451,1.84695088959939e-09,7.87824628175855e-08,"Nb_vs_On","On higher"
"h1-0",63.5036788679453,-10.9747327017392,3.27412474860909,1.89380329876741e-09,8.01107345177089e-08,"Nb_vs_On","On higher"
"TMEM19",179.936557853748,5.00275628597021,0.882483003846279,1.92626995052235e-09,8.10767022174856e-08,"Nb_vs_On","Nb higher"
"soul3",40.4747402082142,-10.1687688384611,3.08671086952491,1.94132057809196e-09,8.13036648078514e-08,"Nb_vs_On","On higher"
"sv2",90.6578057120173,-12.1311103888364,3.54355914726877,1.95371116159825e-09,8.14175275165054e-08,"Nb_vs_On","On higher"
"nek12",105.189931672813,-10.8592417591359,3.24844464286063,2.14706428609407e-09,8.90344195090635e-08,"Nb_vs_On","On higher"
"msh5",128.093701163857,-12.4097850127982,3.61265646792913,2.26046437737155e-09,9.32773976897732e-08,"Nb_vs_On","On higher"
"sult3st1",100.331179907929,-12.2474084477539,3.57842094119213,2.28159446274095e-09,9.36900594505038e-08,"Nb_vs_On","On higher"
"snx8a",63.2084691875416,-10.5013319029888,3.1750420242997,2.35437346990379e-09,9.5744521109421e-08,"Nb_vs_On","On higher"
"glula",34.2319840543102,-10.0723662619298,3.07287408696553,2.3532245328413e-09,9.5744521109421e-08,"Nb_vs_On","On higher"
"sod1",48.4562830916169,-10.9624232060401,3.2826217402458,2.42436836507201e-09,9.81169850825777e-08,"Nb_vs_On","On higher"
"ak3",47.9857703565084,-10.3662286934346,3.14219813476635,2.43823369527421e-09,9.82059868268818e-08,"Nb_vs_On","On higher"
"ttll9",72.054514110141,-11.7730497318052,3.4747565847377,2.50152282551525e-09,1.00275329262797e-07,"Nb_vs_On","On higher"
"ilf2",185.217702094349,-10.4984343377146,3.1747568629786,2.5898212538609e-09,1.03322821398109e-07,"Nb_vs_On","On higher"
"crlf3",39.0478383525763,-10.8184290979499,3.25385313914523,2.62634909729395e-09,1.04285880665191e-07,"Nb_vs_On","On higher"
"rps3",265.885487125733,-13.5281491473981,3.88028055852673,2.65584627218172e-09,1.04962037179464e-07,"Nb_vs_On","On higher"
"aldh5a1",463.008624417354,5.88049110114772,1.04630811771215,2.69175797750992e-09,1.05884199320927e-07,"Nb_vs_On","Nb higher"
"ube2r2",110.889262360987,-7.02288438848825,1.3170822400935,2.74932796366715e-09,1.07645780456512e-07,"Nb_vs_On","On higher"
"rbm27",66.0676958905628,-11.3851262784909,3.38975306797731,2.7941658245326e-09,1.08894851439423e-07,"Nb_vs_On","On higher"
"sestd1",141.663345081235,6.42746556249881,1.11681902186549,2.84618004927355e-09,1.10410800252464e-07,"Nb_vs_On","Nb higher"
"mms19",118.481924788143,-10.4632688419941,3.17765989180514,3.00090033925784e-09,1.15878803008589e-07,"Nb_vs_On","On higher"
"gbe1b",85.5134860402912,-10.9475654880349,3.29142929535393,3.03254111340101e-09,1.16565895400044e-07,"Nb_vs_On","On higher"
"dnajc7",104.605160650641,-10.4378251354294,3.16969556801892,3.14641878964297e-09,1.20061497941907e-07,"Nb_vs_On","On higher"
"tomm20b",108.448311301801,-10.3595095333785,3.15307863898692,3.15200653898331e-09,1.20061497941907e-07,"Nb_vs_On","On higher"
"gars1",52.9507760680369,-11.3071743659407,3.37903079904913,3.21085504172557e-09,1.21752151987594e-07,"Nb_vs_On","On higher"
"ap1m1",58.9301257669778,-11.3587239528329,3.38931967945558,3.32161389543974e-09,1.24827436481302e-07,"Nb_vs_On","On higher"
"yy1b",32.9250395574365,-9.98566715893189,3.06352700020746,3.31710280368604e-09,1.24827436481302e-07,"Nb_vs_On","On higher"
"gnav1",171.729776067964,-12.1167966094376,3.56962691111374,3.54496191408617e-09,1.32628841745677e-07,"Nb_vs_On","On higher"
"rpl18",227.639780993034,-13.2917254141579,3.84506331436734,3.57577821946443e-09,1.33134630779862e-07,"Nb_vs_On","On higher"
"metap1",35.1516775081882,-10.2851703528639,3.14134917489857,3.5901118064895e-09,1.33134630779862e-07,"Nb_vs_On","On higher"
"ergic3",906.45898981018,-4.876550345453,0.924199710964717,3.61031689018325e-09,1.33296699919134e-07,"Nb_vs_On","On higher"
"COMTD1",2853.46835698556,5.17202275644978,0.930121439893141,3.77751952802271e-09,1.38860958021376e-07,"Nb_vs_On","Nb higher"
"fabp11b",156.437724173949,-12.8026864764435,3.73711406446784,3.80762534464977e-09,1.39359087614182e-07,"Nb_vs_On","On higher"
"pvalb7",64.6627380835455,-11.1108262133741,3.34052962972169,3.88136330264153e-09,1.41442927626132e-07,"Nb_vs_On","On higher"
"rida",1590.44271132756,6.88540676699765,1.22096078164059,4.0773590638454e-09,1.47944864652804e-07,"Nb_vs_On","Nb higher"
"rps9",187.050332521037,-12.8674415809311,3.75487558623527,4.12997323783687e-09,1.48699981449708e-07,"Nb_vs_On","On higher"
"bhmt",142.786148753718,-12.7270026422612,3.72191191654586,4.14076774424884e-09,1.48699981449708e-07,"Nb_vs_On","On higher"
"itm2bb",125.244781389223,-12.2143208093478,3.59941393855551,4.15116365415553e-09,1.48699981449708e-07,"Nb_vs_On","On higher"
"myog",88.2134975583738,10.4529922587452,2.86526205383978,4.29146098532207e-09,1.53074231247632e-07,"Nb_vs_On","Nb higher"
"RAB19",98.9805807537021,-10.5648996588087,3.21618278179526,4.31710257383976e-09,1.53339111673346e-07,"Nb_vs_On","On higher"
"rbp4l",37.728902739202,-10.1500853162231,3.11658307498875,4.35222230033602e-09,1.53937005563986e-07,"Nb_vs_On","On higher"
"rps28",87.98806779755,-11.3782669818574,3.40965709443404,4.4394266615845e-09,1.55712890155076e-07,"Nb_vs_On","On higher"
"myh11a",46.8740828227733,-10.6939290013006,3.24673568185241,4.43939825837976e-09,1.55712890155076e-07,"Nb_vs_On","On higher"
"snrnp25",49.9032305358863,-11.205302902163,3.37187489034127,4.50111308714258e-09,1.57221452147578e-07,"Nb_vs_On","On higher"
"skp1",50.8974679825113,-10.9170870421905,3.30120319818455,4.66280999365802e-09,1.62196423663691e-07,"Nb_vs_On","On higher"
"rplp0",207.233590291554,-13.0812313203306,3.80696209659798,4.72985653262143e-09,1.6385157321649e-07,"Nb_vs_On","On higher"
"wbp2",168.428433724618,4.87758734319219,0.901784665139322,4.76535455620428e-09,1.64404732189048e-07,"Nb_vs_On","Nb higher"
"tbx2b",31.5461614593943,-10.3124157924142,3.16193403180931,4.82274507276781e-09,1.65705583765549e-07,"Nb_vs_On","On higher"
"rab24",82.7862545342474,-10.2044380798995,3.13594465551585,4.95838358630331e-09,1.69673467599599e-07,"Nb_vs_On","On higher"
"nt5dc2",45.5014829263173,-10.564333497825,3.21652398565962,5.17522540294977e-09,1.75665513879158e-07,"Nb_vs_On","On higher"
"nr1h5",136.751946737199,6.44956905921483,1.18573221765747,5.16049145097648e-09,1.75665513879158e-07,"Nb_vs_On","Nb higher"
"pdia3",67.1239833677289,-11.3450653563134,3.40959223023567,5.27952189518242e-09,1.78486005275685e-07,"Nb_vs_On","On higher"
"ran",67.5743007932266,-11.4864215526142,3.43974487601936,5.36544505761173e-09,1.80665265979902e-07,"Nb_vs_On","On higher"
"fstl1b",112.465376523363,-12.2868207699104,3.6354694805598,5.39981857860333e-09,1.81098297986784e-07,"Nb_vs_On","On higher"
"itpka",159.571374682645,-10.6954850782118,3.26219251625701,5.83358299524503e-09,1.94869451007828e-07,"Nb_vs_On","On higher"
"man2c1",143.072472848756,-10.9532861262537,3.32496224166336,5.88820445408977e-09,1.95916620926987e-07,"Nb_vs_On","On higher"
"rpl10a",188.498637526281,-13.0291468290318,3.82274290670389,6.24718312863172e-09,2.07042470774889e-07,"Nb_vs_On","On higher"
"pbx1b",224.295411191072,-13.3697707508029,3.90434002077393,6.31827339770413e-09,2.07842136861478e-07,"Nb_vs_On","On higher"
"cavin1b",60.1334174805622,-11.2474398936637,3.38966163894888,6.32069221151561e-09,2.07842136861478e-07,"Nb_vs_On","On higher"
"rps25",133.658306046937,-12.2603204484094,3.63597345692914,6.3530386185943e-09,2.08092914752244e-07,"Nb_vs_On","On higher"
"dnajc14",177.569577007183,5.49961986086394,0.997225705992601,6.51998598138369e-09,2.12733496090263e-07,"Nb_vs_On","Nb higher"
"rad51",131.35021974493,-10.9924388731886,3.33746187448966,6.58570117395879e-09,2.14048001862491e-07,"Nb_vs_On","On higher"
"dnajc15",325.985218793869,7.21684745978829,1.2819158037666,6.62831620036068e-09,2.14604483748601e-07,"Nb_vs_On","Nb higher"
"cttnbp2nlb",616.229618855626,5.70958912295293,1.07345558561674,7.19412066712449e-09,2.32031064275303e-07,"Nb_vs_On","Nb higher"
"srpra",565.023145992398,5.18367935964599,0.952731412078782,7.4387749033305e-09,2.39006134107771e-07,"Nb_vs_On","Nb higher"
"acod1",452.162337177222,-10.7337498312249,3.28468271913435,7.63117225852083e-09,2.44255544000868e-07,"Nb_vs_On","On higher"
"RPL27A",89.7561307184148,-11.610693443941,3.49610986744781,7.7577111892238e-09,2.47365199965477e-07,"Nb_vs_On","On higher"
"tmx2a",161.144811618402,-11.6733851116671,3.51394064572038,8.09855947732266e-09,2.56620407420356e-07,"Nb_vs_On","On higher"
"myh7ba",39.4593831331778,-10.7377137387115,3.28485900618826,8.10893660891124e-09,2.56620407420356e-07,"Nb_vs_On","On higher"
"abch1",73.6240421730355,-11.7364300332202,3.53527626621074,8.33860107937142e-09,2.62900164367598e-07,"Nb_vs_On","On higher"
"tpgs2",68.125045162603,-11.5372697263812,3.48263535523567,8.58871134332593e-09,2.69775268985514e-07,"Nb_vs_On","On higher"
"wdr34",40.5848287799807,-10.7981585242329,3.30965226596371,8.85036994162133e-09,2.76960647466797e-07,"Nb_vs_On","On higher"
"lmnl3",55.4511550785666,-11.1016408584169,3.38156133081304,8.97538284392966e-09,2.79832491778518e-07,"Nb_vs_On","On higher"
"acta2",192.666192471691,-12.9921388158784,3.83892639853211,9.08944099535668e-09,2.82342857191559e-07,"Nb_vs_On","On higher"
"slc7a5",79.8297641056922,-11.0698223181152,3.37499704514917,9.15228549095747e-09,2.83249776701765e-07,"Nb_vs_On","On higher"
"drp2",242.860464762371,-12.1214968598833,3.62941701013877,1.0075851765441e-08,3.10690550042061e-07,"Nb_vs_On","On higher"
"dpm3",72.5650040087967,-11.7073837569591,3.53757979948264,1.01458197409496e-08,3.11706242990195e-07,"Nb_vs_On","On higher"
"grhprb",87.6565080912393,-11.9768465169382,3.60505849879179,1.03741650523646e-08,3.1756262331202e-07,"Nb_vs_On","On higher"
"PPP2R3B",233.188819499681,-10.6159448790276,3.27619407854114,1.04715504596442e-08,3.19382289019147e-07,"Nb_vs_On","On higher"
"gatd1",204.831660195209,-9.78782306335754,3.07091631027965,1.05564031426452e-08,3.20807948212227e-07,"Nb_vs_On","On higher"
"rplp1",205.894866437995,-12.8884132150099,3.82020044637935,1.07111435828819e-08,3.24339592376618e-07,"Nb_vs_On","On higher"
"alpl",45.1885125640831,-10.2702922601633,3.18750052415138,1.07969781237471e-08,3.25766888335854e-07,"Nb_vs_On","On higher"
"mrps25",823.898135307869,4.03155217409832,0.752873449580276,1.10834839966219e-08,3.33217029584156e-07,"Nb_vs_On","Nb higher"
"tprkb",61.8138320069572,-10.4459568312742,3.23393656098048,1.11498606184784e-08,3.34019667922959e-07,"Nb_vs_On","On higher"
"rpl35a",81.9176395041418,-11.2883315905387,3.4452989643511,1.14221440289358e-08,3.40963150480787e-07,"Nb_vs_On","On higher"
"tpm4b",71.9406267782643,-11.2307025832773,3.43033891385611,1.16201675346366e-08,3.45648658327106e-07,"Nb_vs_On","On higher"
"gemin5",108.948748341001,-10.5686246254724,3.26951118717025,1.18943876226028e-08,3.5255970072912e-07,"Nb_vs_On","On higher"
"ankdd1b",62.9987940799942,-10.3758247460895,3.22071671638016,1.20654301588355e-08,3.56374705533604e-07,"Nb_vs_On","On higher"
"rps10",77.9833435422977,-11.5467545665492,3.50880320997816,1.26608597434014e-08,3.72654256363471e-07,"Nb_vs_On","On higher"
"pdxp",229.438671214005,5.33170589377291,0.972571522471302,1.2709519268655e-08,3.72783042521038e-07,"Nb_vs_On","Nb higher"
"rab34a",63.345984198618,-11.2181600685992,3.43352134428082,1.2913006867148e-08,3.77436429887681e-07,"Nb_vs_On","On higher"
"eno1b",42.6018006380055,-10.3357373570523,3.21571185812015,1.2973811494378e-08,3.77901540344894e-07,"Nb_vs_On","On higher"
"prepl",94.3485950927247,-11.4763743749424,3.49767436529464,1.33993157379963e-08,3.88949792698113e-07,"Nb_vs_On","On higher"
"eif2s3",87.2516086128261,-11.383171317393,3.47399013465426,1.39044632209026e-08,3.96865717089578e-07,"Nb_vs_On","On higher"
"si:dkey-222b8.1",51.7955323415529,-11.1608672679688,3.42206670682194,1.376352482135e-08,3.96865717089578e-07,"Nb_vs_On","On higher"
"atoh1b",57.4936932640819,-11.0821568635281,3.4011039004833,1.38270416056151e-08,3.96865717089578e-07,"Nb_vs_On","On higher"
"slc25a3b",42.7581634383321,-10.4697739626787,3.23575773896323,1.39077437088888e-08,3.96865717089578e-07,"Nb_vs_On","On higher"
"tmem223",52.9569522426379,-10.0579750320104,3.15383590026294,1.38474920724818e-08,3.96865717089578e-07,"Nb_vs_On","On higher"
"cpo",56.498439225286,-11.0887406207104,3.40538306581263,1.42513079083022e-08,4.05295641797594e-07,"Nb_vs_On","On higher"
"uba52",314.545626265357,-12.7844801308933,3.82296862027601,1.46897093434986e-08,4.16356812301588e-07,"Nb_vs_On","On higher"
"gabpa",4526.93163419131,-9.22911412822296,2.94514793463705,1.48099113688641e-08,4.18355147325833e-07,"Nb_vs_On","On higher"
"csgalnact2",135.815097646013,-10.0583771275464,3.15636400522706,1.50824104719217e-08,4.24627864055643e-07,"Nb_vs_On","On higher"
"clstn1",40.6077154784417,-9.73080190353898,3.07978981685179,1.53055655453599e-08,4.29474169202799e-07,"Nb_vs_On","On higher"
"khdc4",1019.2358487722,-10.9728461120807,3.37951855156587,1.54608857821655e-08,4.32391151210197e-07,"Nb_vs_On","On higher"
"glud1a",40.2764451260722,-10.5179245562895,3.27023243979837,1.56781045779958e-08,4.3666825644984e-07,"Nb_vs_On","On higher"
"pigl",32.5205262364884,-10.4426154126602,3.25154918503967,1.57175673205395e-08,4.3666825644984e-07,"Nb_vs_On","On higher"
"tmem138",222.685513728011,7.3696273895163,1.59959268397677,1.61871682830133e-08,4.4823546910002e-07,"Nb_vs_On","Nb higher"
"anapc16",33.710006109907,-10.4326883016174,3.25394513186686,1.64754836948569e-08,4.54723349978052e-07,"Nb_vs_On","On higher"
"gdnfa",42.9933907727026,-10.9194991761087,3.37518846597144,1.65783467484742e-08,4.56067068394301e-07,"Nb_vs_On","On higher"
"phkg2",65.4891847041716,-10.0612609817398,3.16215872833965,1.70520563288074e-08,4.67570717185345e-07,"Nb_vs_On","On higher"
"fgf2",88.886710986056,-9.56789338573189,3.03949128083254,1.72213485508602e-08,4.70679584743964e-07,"Nb_vs_On","On higher"
"flr",57.8161209744062,-10.7886626245982,3.34489092982662,1.73817479192832e-08,4.73526064674842e-07,"Nb_vs_On","On higher"
"TSC22D3",25.3660633084516,-9.69551366663118,3.0693098315431,1.75042686075383e-08,4.75325590768574e-07,"Nb_vs_On","On higher"
"rpl14",116.599028993991,-12.1624289110621,3.68390814866872,1.75631667100919e-08,4.75391438474448e-07,"Nb_vs_On","On higher"
"ppp3ca",35.6241407081131,-10.47575314963,3.267525065968,1.78470096867451e-08,4.81526049817372e-07,"Nb_vs_On","On higher"
"eif5b",28.3620972824593,-9.92903869561759,3.13433664125503,1.84533274990654e-08,4.96294283984449e-07,"Nb_vs_On","On higher"
"atp6v1g1",26.5976388987472,-9.40594940203306,3.00053165271929,1.86872562641679e-08,4.9939467692624e-07,"Nb_vs_On","On higher"
"prpf31",530.648338838235,4.15787500116776,0.78614875888779,1.86560778466301e-08,4.9939467692624e-07,"Nb_vs_On","Nb higher"
"elmo3",36.2842404697126,-10.345242412738,3.2375159462351,1.88258468723901e-08,5.01506262568923e-07,"Nb_vs_On","On higher"
"eif2s2",36.2442571997029,-10.1659448794964,3.19340643008186,1.97987711073946e-08,5.25760426441791e-07,"Nb_vs_On","On higher"
"rpl31",113.317072661318,-12.0538526307648,3.66680640666652,2.01439451313736e-08,5.33244434326738e-07,"Nb_vs_On","On higher"
"pmvk",1030.91817779934,6.188430058947,1.15143724148473,2.04836020313276e-08,5.40535930720113e-07,"Nb_vs_On","Nb higher"
"cct3",57.9926678935867,-11.0914480369459,3.42855558030775,2.08547691450661e-08,5.48610770822394e-07,"Nb_vs_On","On higher"
"atp5l",236.655039578258,-10.2298347331477,3.21388640867576,2.11381107279141e-08,5.54332137406794e-07,"Nb_vs_On","On higher"
"serpine2",52.6377499653951,-11.1022773306492,3.43380849958625,2.13114219517302e-08,5.57141459595233e-07,"Nb_vs_On","On higher"
"crip2",46.2925068617068,-10.4641707695404,3.27011118805809,2.14187851241171e-08,5.58214653792004e-07,"Nb_vs_On","On higher"
"chchd10",41.4821919970279,-9.94392556303165,3.14454505874469,2.21805262012163e-08,5.76282930746416e-07,"Nb_vs_On","On higher"
"trappc8",130.435160982646,-9.96819658246511,3.15273065373881,2.27152519607222e-08,5.88359972324184e-07,"Nb_vs_On","On higher"
"fam102bb",53.3032461282318,-11.1935106236878,3.46577630204141,2.33591279641783e-08,5.99503473178211e-07,"Nb_vs_On","On higher"
"tacc1",23.6858281029413,-9.81580745929061,3.11665606867475,2.33328311838909e-08,5.99503473178211e-07,"Nb_vs_On","On higher"
"naa20",301.324212577869,-9.50842948656912,3.03921333621611,2.33395096422958e-08,5.99503473178211e-07,"Nb_vs_On","On higher"
"eef1da",54.9038889635876,-10.6610852714957,3.32610370512074,2.38993725802044e-08,6.11504311185898e-07,"Nb_vs_On","On higher"
"rlbp1b",131.661946169232,-11.5731924814528,3.55991456603928,2.49732444336313e-08,6.3704476255245e-07,"Nb_vs_On","On higher"
"si:ch211-156l18.7",63.7450001541878,-11.041284867917,3.42686049813964,2.51734795927226e-08,6.40212541424589e-07,"Nb_vs_On","On higher"
"sept9a",37.6304509263381,-10.344705797149,3.25302733496428,2.54866345534147e-08,6.46224366477845e-07,"Nb_vs_On","On higher"
"pno1",473.119221675994,-10.4615740680623,3.28700464463751,2.59072872388553e-08,6.54917549479531e-07,"Nb_vs_On","On higher"
"rpl13",102.324363279921,-11.958455075099,3.66310905580769,2.65847204925297e-08,6.68030379421238e-07,"Nb_vs_On","On higher"
"pik3r1",25.1089263509918,-9.65694255634432,3.08111706340654,2.65295586984895e-08,6.68030379421238e-07,"Nb_vs_On","On higher"
"ift74",35.0165545875192,-10.5653705471092,3.3118363843446,2.68597732048291e-08,6.72933246542415e-07,"Nb_vs_On","On higher"
"bzw1b",37.1211378772929,-10.3079211847234,3.24782958655119,2.71408557428305e-08,6.77957636923284e-07,"Nb_vs_On","On higher"
"scg3",97.2011236675795,-10.2023978361286,3.23230485320313,2.76893485902201e-08,6.89612237965895e-07,"Nb_vs_On","On higher"
"nadka",72.7187443384016,-11.6042026918937,3.57622438569068,2.79932727536177e-08,6.94650523218101e-07,"Nb_vs_On","On higher"
"SPATA1",350.147143415736,-10.4809621961284,3.29670785028082,2.80566854233968e-08,6.94650523218101e-07,"Nb_vs_On","On higher"
"akap8l",22.0390518648785,-9.27976494003268,2.98841472828244,2.84838291053118e-08,7.03157986535234e-07,"Nb_vs_On","On higher"
"si:dkey-12j5.1",33.1678654303161,-10.4345279212472,3.28491959492385,2.86673882942445e-08,7.05620101347808e-07,"Nb_vs_On","On higher"
"rpl32",137.001419688785,-12.4396952827693,3.781939307758,2.90584149816165e-08,7.13159584009468e-07,"Nb_vs_On","On higher"
"dpep2",49.4930785365419,-10.9101462295489,3.41049758102456,3.05566047166801e-08,7.47748542165735e-07,"Nb_vs_On","On higher"
"si:dkey-197i20.6",58.4121047490259,-11.326843659518,3.51724105688709,3.06564054233502e-08,7.48016292329744e-07,"Nb_vs_On","On higher"
"mapk6",27.5482348999534,-9.44026376912265,3.03412401707802,3.07978587030924e-08,7.49295880238821e-07,"Nb_vs_On","On higher"
"pmpcb",123.836720233552,-9.27511902962092,2.98806026635438,3.11984336584327e-08,7.56854220566819e-07,"Nb_vs_On","On higher"
"atp5fa1",33.8195551553072,-9.95835801272817,3.1672975173745,3.18761415067148e-08,7.71072871274498e-07,"Nb_vs_On","On higher"
"pex16",45.4250208784729,-10.9065464206773,3.41223654088297,3.20343309040286e-08,7.72679076074822e-07,"Nb_vs_On","On higher"
"ivns1abpa",28.3136183726415,-9.839296978449,3.13841870170531,3.22926795866896e-08,7.76685076459295e-07,"Nb_vs_On","On higher"
"ccl25b",93.7581398230166,-11.7078732791078,3.61518003670147,3.25557642424011e-08,7.80781833027158e-07,"Nb_vs_On","On higher"
"rpl26",88.7969856953235,-11.7685185902064,3.63319148176937,3.38517153012147e-08,8.05017177482863e-07,"Nb_vs_On","On higher"
"pdk4",77.7891648414577,-11.2707709923009,3.50622280209643,3.38531813766849e-08,8.05017177482863e-07,"Nb_vs_On","On higher"
"herc2",37.4723558446883,-10.6015181800579,3.33778459092029,3.36870117420438e-08,8.05017177482863e-07,"Nb_vs_On","On higher"
"g2e3",57.5479672151735,-10.7783364514684,3.38578326986967,3.43562836461692e-08,8.14679424601274e-07,"Nb_vs_On","On higher"
"ca7",59.6595160704103,-11.25954449289,3.50560202744863,3.46131410618778e-08,8.16172048904446e-07,"Nb_vs_On","On higher"
"fktn",569.878849220838,-9.49477893778356,3.05232563025545,3.45798225116155e-08,8.16172048904446e-07,"Nb_vs_On","On higher"
"eif3bb",40.3365017139985,-10.5417951913945,3.32739927784936,3.47534178811638e-08,8.17190703138651e-07,"Nb_vs_On","On higher"
"serbp1b",28.617462485738,-9.64957429002275,3.09515364672766,3.52747985964859e-08,8.27139984917042e-07,"Nb_vs_On","On higher"
"csde1",32.8506178561156,-10.3539728480183,3.27822782481128,3.61728902084843e-08,8.45842749375058e-07,"Nb_vs_On","On higher"
"cdkl1",25.9565354746707,-9.8824338867229,3.16178837215959,3.73169054575846e-08,8.70176482387664e-07,"Nb_vs_On","On higher"
"dennd10",277.069773079662,-9.58522368835239,3.08604171905365,4.07774400089702e-08,9.48244447501411e-07,"Nb_vs_On","On higher"
"serinc1",38.2547807796609,-9.97002765412857,3.1838580023248,4.09506909654925e-08,9.49649907844395e-07,"Nb_vs_On","On higher"
"ncoa4",39.7992207841567,-10.415576854365,3.30181595767912,4.20861002037868e-08,9.70632305521856e-07,"Nb_vs_On","On higher"
"nckap1",107.841842268764,-9.3125343379914,3.02013289680977,4.20404937296105e-08,9.70632305521856e-07,"Nb_vs_On","On higher"
"chst12a",33.9217329018565,-10.4178044100098,3.30821453134044,4.22637594160739e-08,9.72066466569699e-07,"Nb_vs_On","On higher"
"thbs1a",46.2919665902686,-10.5739897239786,3.34332616272544,4.26397469112532e-08,9.72740892951028e-07,"Nb_vs_On","On higher"
"luc7l3",26.7643989933235,-9.60886147677259,3.09580947560525,4.26325379261446e-08,9.72740892951028e-07,"Nb_vs_On","On higher"
"mipa",101.202056233762,8.62326024468602,1.86096538755655,4.25855923996877e-08,9.72740892951028e-07,"Nb_vs_On","Nb higher"
"thbd",23.7364087073173,-9.71921364059329,3.12494575820672,4.37371559488884e-08,9.95079402102007e-07,"Nb_vs_On","On higher"
"inpp5kb",46.4492529972683,-10.7689786932228,3.39465163346164,4.46221643436347e-08,1.01247811171083e-06,"Nb_vs_On","On higher"
"si:ch211-214j8.12",25.0960391602178,-9.19426361018094,2.98604958056007,4.50397631278353e-08,1.01920625271537e-06,"Nb_vs_On","On higher"
"serp1",45.9989930711969,-10.7739181192988,3.40078031112711,4.54062561510575e-08,1.02474494444934e-06,"Nb_vs_On","On higher"
"NDUFS1",23.8218239460802,-9.52217086300617,3.07576021095348,4.58532240923746e-08,1.03206534868879e-06,"Nb_vs_On","On higher"
"acin1b",23.4535039914716,-9.27463020666353,3.0113041054352,4.62586996358502e-08,1.03841528942557e-06,"Nb_vs_On","On higher"
"rfxank",68.2476029540201,-9.45964834172844,3.06152672356101,4.67919230520488e-08,1.0475915113089e-06,"Nb_vs_On","On higher"
"dip2a",83.3532143361152,-11.8038670358832,3.67226689053768,4.76140439541442e-08,1.06148276949726e-06,"Nb_vs_On","On higher"
"lta4h",44.0015946888708,-9.97939234586425,3.19757172714581,4.76645862283158e-08,1.06148276949726e-06,"Nb_vs_On","On higher"
"tmem59",41.3753647988661,-9.3410163879638,3.03382630215094,4.79941071044956e-08,1.06600103853732e-06,"Nb_vs_On","On higher"
"utp20",30.744462071559,-10.1768467191073,3.25179553708656,4.84954074233561e-08,1.07430089392056e-06,"Nb_vs_On","On higher"
"RPL37A",126.681110920055,-12.0119453386861,3.72698696892919,5.01374111220332e-08,1.10776043786162e-06,"Nb_vs_On","On higher"
"ubxn2a",67.7655360351664,-9.77655890340157,3.15133699124834,5.14950838690883e-08,1.13477909950258e-06,"Nb_vs_On","On higher"
"spdya",200.940161801791,7.29195374648261,1.60046506712051,5.17420688165068e-08,1.13724473967978e-06,"Nb_vs_On","Nb higher"
"sumf1",63.0705758911216,-11.3947854161758,3.57388082503014,5.32488158451906e-08,1.16731388485629e-06,"Nb_vs_On","On higher"
"flna",66.5227358723407,-11.4664060522385,3.59321267015243,5.41559848783677e-08,1.17928062725795e-06,"Nb_vs_On","On higher"
"atg4b",78.4410199988817,-9.99247326180374,3.21102198123014,5.4009166124998e-08,1.17928062725795e-06,"Nb_vs_On","On higher"
"si:dkey-91m11.5",19.6039666809725,-9.18557381160333,2.99948466227463,5.42149682524146e-08,1.17928062725795e-06,"Nb_vs_On","On higher"
"supt6h",20.088065150907,-9.33015159919409,3.03757385796307,5.52741542442773e-08,1.19922121244414e-06,"Nb_vs_On","On higher"
"sem1",38.846528549884,-10.3187828460317,3.29605541853844,5.59401880878758e-08,1.21055142242606e-06,"Nb_vs_On","On higher"
"ubtfl",280.682863346258,-4.50591810337661,0.941832225270357,5.6243774390523e-08,1.21400023799852e-06,"Nb_vs_On","On higher"
"hdac1",25.0270373409922,-9.22870523161136,3.01125204421877,5.77794628436492e-08,1.24395784710445e-06,"Nb_vs_On","On higher"
"exosc8",60.6249140193023,-9.53162844316241,3.0954163917825,5.81162199842651e-08,1.24801617302945e-06,"Nb_vs_On","On higher"
"cct4",44.5037731534273,-10.6363953765582,3.38156056028028,5.82916139311596e-08,1.2485974709224e-06,"Nb_vs_On","On higher"
"mob1bb",31.3233365665945,-9.57369030542433,3.10699802734283,6.03796142602572e-08,1.29003957574326e-06,"Nb_vs_On","On higher"
"sfrp5",87.5863439200448,-11.595557823547,3.63612270199486,6.16105465326587e-08,1.3130065334479e-06,"Nb_vs_On","On higher"
"cfl1l",48.0158614255328,-10.5887278784248,3.37054799941663,6.21689387485881e-08,1.3215609252162e-06,"Nb_vs_On","On higher"
"sept8a",102.494095301243,-9.58594488585007,3.11128125694493,6.29176410805859e-08,1.33410756326542e-06,"Nb_vs_On","On higher"
"ephx5",12392.2604194338,-4.67445191422842,0.995113047689386,6.45883943279301e-08,1.36609322475506e-06,"Nb_vs_On","On higher"
"u2surp",25.5274247272436,-9.52202646313486,3.09701724825005,6.61078242761817e-08,1.39472597683433e-06,"Nb_vs_On","On higher"
"immp1l",49.6997891770018,-10.3319911907722,3.30972537697885,6.6311366742974e-08,1.39552271310589e-06,"Nb_vs_On","On higher"
"gstt1b",48.10710672428,-10.9549136059132,3.47664600580565,6.88931170994445e-08,1.44264243717195e-06,"Nb_vs_On","On higher"
"slc38a3a",22.3298717217029,-9.86260534693787,3.1936657581363,6.88064198587221e-08,1.44264243717195e-06,"Nb_vs_On","On higher"
"rbsn",261.093938082878,3.97355312956866,0.788130554056005,6.92013852311138e-08,1.44550188802858e-06,"Nb_vs_On","Nb higher"
"brd7",39.6247568338811,-10.0587483868481,3.24458543077962,7.16706835062397e-08,1.48968842902599e-06,"Nb_vs_On","On higher"
"lmbrd1",39.3123282597728,-9.39202846248708,3.06825456364717,7.15656283887184e-08,1.48968842902599e-06,"Nb_vs_On","On higher"
"dcaf8",28.0373930818443,-9.60384996195982,3.11875596901232,7.25462274294194e-08,1.5004770086016e-06,"Nb_vs_On","On higher"
"fbxl15",440.850631693556,9.13932015180572,2.91459564539761,7.25379892002408e-08,1.5004770086016e-06,"Nb_vs_On","Nb higher"
"acbd7",26.7732785611925,-9.90678084844784,3.20694308165251,7.30462095835405e-08,1.50711517714276e-06,"Nb_vs_On","On higher"
"si:ch211-269e2.1",24.818937267902,-9.88461472949307,3.20219938061397,7.33143845042852e-08,1.50894985026179e-06,"Nb_vs_On","On higher"
"per1b",19.6593184834665,-9.4794494764728,3.09406460981852,7.64037029063628e-08,1.56869846601405e-06,"Nb_vs_On","On higher"
"got2a",20.8648242734112,-9.07772350716146,2.98006366248075,7.7254105378283e-08,1.58229941380629e-06,"Nb_vs_On","On higher"
"slc25a12",964.331266481056,3.47046819152473,0.699581286065972,7.74797326065634e-08,1.58306890553896e-06,"Nb_vs_On","Nb higher"
"edf1",25.094097185584,-9.50138397231487,3.09540536994176,7.81773796915132e-08,1.59345564707787e-06,"Nb_vs_On","On higher"
"micu2",255.367555950092,-9.17586577005793,3.02270765800969,7.85109441457243e-08,1.59638919762973e-06,"Nb_vs_On","On higher"
"chd4a",79.8094439648782,-9.1774065958642,3.01670181367176,7.92582146552594e-08,1.60770036377825e-06,"Nb_vs_On","On higher"
"huwe1",22.3247263394668,-9.58860337500234,3.12341968294571,7.97412605776648e-08,1.61361041236246e-06,"Nb_vs_On","On higher"
"caprin1a",351.95090906553,-8.96903513795129,2.96367663180199,8.10531599305314e-08,1.63604193109509e-06,"Nb_vs_On","On higher"
"utp23",455.695582492601,6.39250836145992,1.26740415782801,8.12384803038428e-08,1.63604193109509e-06,"Nb_vs_On","Nb higher"
"ctsf",23.6303964793083,-9.05412641857389,2.98336272060592,8.19985477321546e-08,1.64740757711045e-06,"Nb_vs_On","On higher"
"tmtops2b",36.1281369774262,-9.55059704683902,3.12104325452319,8.40700951418132e-08,1.68500490691377e-06,"Nb_vs_On","On higher"
"rps24",65.7528095932999,-11.3258825605181,3.59110747389304,8.48703768674433e-08,1.69700435266066e-06,"Nb_vs_On","On higher"
"ngdn",28.4544802804361,-10.1551792487062,3.28289406345653,8.6638496153419e-08,1.72825322421678e-06,"Nb_vs_On","On higher"
"krt18b",89.2366630772196,-11.7040645785187,3.69347388155565,8.76628522042086e-08,1.74455293109936e-06,"Nb_vs_On","On higher"
"zeb2b",24.9369093479137,-9.49900365920954,3.10538732794974,9.02665372858197e-08,1.79213139356611e-06,"Nb_vs_On","On higher"
"ubxn1",75.3603820729411,-9.38656434786493,3.08941562136681,9.26639365066741e-08,1.83540004120749e-06,"Nb_vs_On","On higher"
"hagh",18.80008123585,-9.37139835131317,3.07950375282318,9.42905378329909e-08,1.86323414900967e-06,"Nb_vs_On","On higher"
"mrps30",358.972391684193,4.43891550657229,0.907517086549612,9.52143618644684e-08,1.87708313389952e-06,"Nb_vs_On","Nb higher"
"znhit3",68.8084467988928,8.50480135870481,2.66867089164166,9.56252153116086e-08,1.88077818339514e-06,"Nb_vs_On","Nb higher"
"zgc:172121",154.214397327259,4.85340991937972,0.975712414577877,9.95808986523812e-08,1.95401399733274e-06,"Nb_vs_On","Nb higher"
"ppdpfb",54.7968204163876,-10.8115450608825,3.46803413068097,1.00071862992413e-07,1.95908126202357e-06,"Nb_vs_On","On higher"
"eif5",33.0202473599028,-10.196649164952,3.30356208955911,1.02112738109143e-07,1.99439681996001e-06,"Nb_vs_On","On higher"
"spcs1",97.5476094967435,-9.39424628173934,3.07637625674767,1.04531386059795e-07,2.03691020335962e-06,"Nb_vs_On","On higher"
"flt4",33.1337895583503,-10.4116337295133,3.36796844042062,1.05736802965917e-07,2.05564066366532e-06,"Nb_vs_On","On higher"
"anxa1a",160.45742912801,-12.6446509970147,3.97388879446196,1.06289966030395e-07,2.06163348858033e-06,"Nb_vs_On","On higher"
"ppp3ccb",20.9293478698467,-9.47182872387104,3.1159822632597,1.08480764757503e-07,2.09928983385899e-06,"Nb_vs_On","On higher"
"rgs5a",127.754114177892,-10.9840025676855,3.52125195506841,1.09994196611765e-07,2.11399805268912e-06,"Nb_vs_On","On higher"
"luc7l",62.8516760011174,-10.7019100022737,3.44682954663718,1.09935351376698e-07,2.11399805268912e-06,"Nb_vs_On","On higher"
"atoh1c",20.9634564787333,-9.55286772572491,3.1407504253462,1.09559710755734e-07,2.11399805268912e-06,"Nb_vs_On","On higher"
"znf653",29.3308857627079,-9.73222929096179,3.19035808487551,1.12402743521054e-07,2.155367414488e-06,"Nb_vs_On","On higher"
"eif4h",29.3677289843408,-9.56177239380903,3.14785994270916,1.16624118885341e-07,2.2312314381291e-06,"Nb_vs_On","On higher"
"ccdc153",41.5109791614599,-10.3501360608314,3.36028496144577,1.17156509711195e-07,2.23339993442314e-06,"Nb_vs_On","On higher"
"siah2l",36.9981783296251,-9.00417723732934,2.99164228531305,1.17268088740203e-07,2.23339993442314e-06,"Nb_vs_On","On higher"
"tiam2a",101.891495238485,-9.78886917035417,3.20613765245558,1.17907435271574e-07,2.24050742689866e-06,"Nb_vs_On","On higher"
"bhlhe40",18.8152470633753,-9.05859448984354,3.0111659546597,1.18971917939077e-07,2.25564325498006e-06,"Nb_vs_On","On higher"
"arfip1",38.5701736601232,-10.6427779859382,3.44133424889357,1.19487346034011e-07,2.26032467171754e-06,"Nb_vs_On","On higher"
"fkbp5",25.7078155898672,-9.72418367961096,3.19359433548198,1.24726386956082e-07,2.35414063990202e-06,"Nb_vs_On","On higher"
"tmem86b",79.0559304530638,8.7311618661355,2.81256664127325,1.25268299599344e-07,2.35907952131381e-06,"Nb_vs_On","Nb higher"
"mprip",17.4890528758983,-9.12976290403911,3.03173303584361,1.26681141370533e-07,2.3803612679847e-06,"Nb_vs_On","On higher"
"ift88",26.9130314885745,-9.70715886137364,3.19803392615591,1.27647716865854e-07,2.39318147121773e-06,"Nb_vs_On","On higher"
"cahz",40.0688826285423,-10.1330956875639,3.30303194764205,1.28452297409408e-07,2.40291431020533e-06,"Nb_vs_On","On higher"
"crnkl1",899.583424576388,-4.22001353090131,0.915480894049419,1.30909335999881e-07,2.4380415717854e-06,"Nb_vs_On","On higher"
"vars1",368.759501749057,3.59870991175683,0.729495521761626,1.30736546865295e-07,2.4380415717854e-06,"Nb_vs_On","Nb higher"
"lrba",163.315198490239,-8.65642872615067,2.90681051866107,1.32633509996499e-07,2.46469953013361e-06,"Nb_vs_On","On higher"
"spcs3",30.0895522863509,-9.98571532521268,3.26905709261599,1.34527858410046e-07,2.48816710811607e-06,"Nb_vs_On","On higher"
"kif20a",89.0967557036935,-9.79147612516985,3.21693810090582,1.34783107781056e-07,2.48816710811607e-06,"Nb_vs_On","On higher"
"prdx5",24.4926579529406,-9.71667549755414,3.19612897754044,1.34718741591721e-07,2.48816710811607e-06,"Nb_vs_On","On higher"
"znf410",36.9563022095052,-9.2832728447249,3.08117135106354,1.35645148898822e-07,2.4986014517074e-06,"Nb_vs_On","On higher"
"reep5",112.941946991956,-12.1368556471988,3.8579280617711,1.36955186574208e-07,2.51722436808227e-06,"Nb_vs_On","On higher"
"LIX1L",25.5711026474843,-9.38045660972098,3.10910205074998,1.38751790465312e-07,2.54468969964487e-06,"Nb_vs_On","On higher"
"eif3ha",35.2149897107248,-10.2509829448865,3.34865507701816,1.40154911988707e-07,2.55885921039079e-06,"Nb_vs_On","On higher"
"chia.4",180.196563900437,-9.70611642797501,3.1985118043155,1.3987917712232e-07,2.55885921039079e-06,"Nb_vs_On","On higher"
"usp5",18.7828804771539,-9.39276349686484,3.1099143105566,1.40436321596643e-07,2.55885921039079e-06,"Nb_vs_On","On higher"
"eif4a1a",34.8888566272164,-10.0531500841248,3.28658576366846,1.41808410830275e-07,2.5782790547932e-06,"Nb_vs_On","On higher"
"mcl1b",44.5575197631692,-10.745183412278,3.48708641503131,1.53532318043808e-07,2.78542037347581e-06,"Nb_vs_On","On higher"
"neurod1",370.561413904299,-4.72186689000134,1.04631347863871,1.60647609735593e-07,2.90823995431016e-06,"Nb_vs_On","On higher"
"rprd1b",54.175497582875,-11.0234566534911,3.56617421682059,1.61699770061011e-07,2.9210057175399e-06,"Nb_vs_On","On higher"
"si:ch211-141o9.10",22.2190871785663,-9.73504263280983,3.21501624980761,1.62399080234915e-07,2.92735643986619e-06,"Nb_vs_On","On higher"
"polr2a",20.349355827178,-9.20013702309734,3.06741795776909,1.63816269420757e-07,2.94659264099131e-06,"Nb_vs_On","On higher"
"cbr1",21.9128584184727,-9.263164979988,3.08691493648907,1.64175337249096e-07,2.94675477390808e-06,"Nb_vs_On","On higher"
"si:dkey-10o6.2",32.6652335650874,-10.2445748693612,3.35581378964148,1.64678814620806e-07,2.94950268399563e-06,"Nb_vs_On","On higher"
"waca",56.2174309643898,-11.1480848349808,3.60566723193558,1.66468663697474e-07,2.9752297473574e-06,"Nb_vs_On","On higher"
"ndufs7",50.6360389237485,-9.78058054967759,3.22358603017235,1.68315031296751e-07,3.00185579122045e-06,"Nb_vs_On","On higher"
"aatkb",20.3281605698762,-8.77048180786448,2.94892810270432,1.71365211341263e-07,3.04979354983246e-06,"Nb_vs_On","On higher"
"ldb1b",19.3092753785154,-9.25183488699996,3.08607228871525,1.72201097966812e-07,3.05820430946122e-06,"Nb_vs_On","On higher"
"oaz1b",17.3096146851926,-9.13513365152901,3.0508915504829,1.72800205049156e-07,3.06238342337641e-06,"Nb_vs_On","On higher"
"cadm3",27.802449128287,-9.65115196024125,3.19599182356206,1.73520467859764e-07,3.06868760177205e-06,"Nb_vs_On","On higher"
"actr3",39.5581558975725,-10.5157745247358,3.43459959089698,1.75520974309971e-07,3.0975588296464e-06,"Nb_vs_On","On higher"
"sept7b",38.0476237307955,-9.49372248204907,3.14299017186832,1.77636474343945e-07,3.12833439545467e-06,"Nb_vs_On","On higher"
"SLC45A4",21.0420220239788,-8.82664811836629,2.97281426203029,1.7946938211302e-07,3.15401515371066e-06,"Nb_vs_On","On higher"
"prkcsh",30.9731447125598,-8.73881015163337,2.94603445251912,1.80113767320993e-07,3.15874519439192e-06,"Nb_vs_On","On higher"
"fgl2a",41.5534256837291,-10.5319346575386,3.4371872344991,1.82942538918878e-07,3.20168460003974e-06,"Nb_vs_On","On higher"
"gdi2",22.9338318116912,-9.20611771122299,3.07728480532331,1.84079921837039e-07,3.21490618677219e-06,"Nb_vs_On","On higher"
"trim35-13",34.0541484621712,5.23283373501425,1.12741335947075,1.86533992897143e-07,3.25102101906448e-06,"Nb_vs_On","Nb higher"
"ERMP1",36.3181942298893,-10.3843080112696,3.40439750638704,1.87905724954859e-07,3.26406042731726e-06,"Nb_vs_On","On higher"
"echdc2",772.319284461045,-9.17839978044743,3.07166552475998,1.88057651134339e-07,3.26406042731726e-06,"Nb_vs_On","On higher"
"aip",115.693681614541,-8.88564527614895,2.99062538963693,1.9208163383511e-07,3.32704360827974e-06,"Nb_vs_On","On higher"
"zgc:77375",44.9932035238258,-10.211787722039,3.3612552206751,1.94390047274564e-07,3.36011379457348e-06,"Nb_vs_On","On higher"
"cnga1b",91.9325979198541,-11.4372291373221,3.70261617845095,1.97485286561736e-07,3.37816558121488e-06,"Nb_vs_On","On higher"
"rpl37",64.7501767596321,-11.0096081840871,3.57895263446048,1.97111231260024e-07,3.37816558121488e-06,"Nb_vs_On","On higher"
"rpl28",52.9747005059031,-10.8783443918963,3.53982802738012,1.96394896099921e-07,3.37816558121488e-06,"Nb_vs_On","On higher"
"cfap298",54.0110803490471,-10.8004111697653,3.52422179867802,1.97572919058209e-07,3.37816558121488e-06,"Nb_vs_On","On higher"
"ucp1",345.237560506055,5.83681169277062,1.18987177935267,1.96502612705882e-07,3.37816558121488e-06,"Nb_vs_On","Nb higher"
"borcs8",383.145757404634,-5.05525136386527,1.12641300143487,1.97842199042402e-07,3.37816558121488e-06,"Nb_vs_On","On higher"
"mdh1aa",24.6560948477858,-9.42538818683935,3.14206644942506,2.03366783491549e-07,3.45846784531689e-06,"Nb_vs_On","On higher"
"id2a",18.7282320211227,-8.92372511989167,3.00761088768411,2.03320240075538e-07,3.45846784531689e-06,"Nb_vs_On","On higher"
"ubtf",17.236184057808,-9.2602581853987,3.10182943717599,2.04318708117094e-07,3.46765097768084e-06,"Nb_vs_On","On higher"
"ppt1",2632.67274884842,4.65745451701706,0.966193671856601,2.11613458951613e-07,3.58422957234341e-06,"Nb_vs_On","Nb higher"
"bccip",1765.99258534982,-6.01248745307864,1.38191106314368,2.14631426676806e-07,3.62804688707903e-06,"Nb_vs_On","On higher"
"cnbpa",35.1748454526074,-9.40828825878053,3.14527972485371,2.16385510488478e-07,3.62855224560161e-06,"Nb_vs_On","On higher"
"tmod4",21.9266491360801,-9.35673725526001,3.13680802793054,2.15834714838874e-07,3.62855224560161e-06,"Nb_vs_On","On higher"
"RRM2",711.573166390953,-9.12428085926914,3.06872582180377,2.15586967381071e-07,3.62855224560161e-06,"Nb_vs_On","On higher"
"rnaseh2c",313.090819574806,5.28696282228077,1.0741451600114,2.1622863506191e-07,3.62855224560161e-06,"Nb_vs_On","Nb higher"
"col4a1",47.4829520129871,-10.7975686321905,3.52990793273995,2.1988159731782e-07,3.65803020992372e-06,"Nb_vs_On","On higher"
"unga",21.076897500602,-9.14715197944836,3.07698330165252,2.19102591435511e-07,3.65803020992372e-06,"Nb_vs_On","On higher"
"snrpb",22.8273786938569,-9.08698685219009,3.05743068848339,2.19477784661838e-07,3.65803020992372e-06,"Nb_vs_On","On higher"
"setb",22.8288067475972,-8.64332150611298,2.94175765400812,2.1956876317816e-07,3.65803020992372e-06,"Nb_vs_On","On higher"
"TADA1",1096.50215740342,4.04582104977637,0.864055912872663,2.21337300626291e-07,3.67498500329806e-06,"Nb_vs_On","Nb higher"
"rbm18",22.4856147268217,-9.58999291746242,3.20036874129792,2.22535071619455e-07,3.68759888364679e-06,"Nb_vs_On","On higher"
"ap3d1",21.0366101004261,-9.45439994371902,3.1599583239179,2.24784488198014e-07,3.71600820848685e-06,"Nb_vs_On","On higher"
"stt3b",18.8790846300629,-9.04037342232008,3.04674348189659,2.25132357606117e-07,3.71600820848685e-06,"Nb_vs_On","On higher"
"fastkd3",1627.19720020266,-4.29607333378023,0.958363015973557,2.26701718308849e-07,3.73458916775712e-06,"Nb_vs_On","On higher"
"sun1",30.0587760888393,-9.46987181503973,3.16536360455346,2.27575441047019e-07,3.74166027877697e-06,"Nb_vs_On","On higher"
"efhc1",70.2750688093543,-11.1520759198088,3.63947484075313,2.29645988760928e-07,3.76834295007699e-06,"Nb_vs_On","On higher"
"akirin1",19.0286278716296,-8.89179898882497,3.00630051468157,2.30428341134985e-07,3.77382446629242e-06,"Nb_vs_On","On higher"
"capzb",25.476504300558,-9.53026215587056,3.18115962770106,2.32147927481133e-07,3.79460437579841e-06,"Nb_vs_On","On higher"
"nox1",154.505572364851,-9.18290624911941,3.09033881107677,2.35436600983408e-07,3.84090175790373e-06,"Nb_vs_On","On higher"
"gstcd",20.6877085791976,-9.64986172655386,3.22353740136269,2.3817671911222e-07,3.87808824272083e-06,"Nb_vs_On","On higher"
"arrdc3b",37.2691929637505,-8.60927093824323,2.93132095667225,2.41103563794718e-07,3.91816563711185e-06,"Nb_vs_On","On higher"
"cct2",21.4577360436966,-9.61862221391468,3.21195104797002,2.42389236711342e-07,3.93146935382674e-06,"Nb_vs_On","On higher"
"hdx",38.4233237073134,-9.68005440821369,3.22985449446469,2.45492409807104e-07,3.96232939502242e-06,"Nb_vs_On","On higher"
"mdc1",15.6476820959339,-8.76095006973291,2.97502900554922,2.45703961059837e-07,3.96232939502242e-06,"Nb_vs_On","On higher"
"flii",285.20262787485,4.20100476012911,0.898170040361021,2.44803633260379e-07,3.96232939502242e-06,"Nb_vs_On","Nb higher"
"hmgxb4a",15.982658612977,-8.77805038763786,2.97944136757841,2.46573872903786e-07,3.96875499446285e-06,"Nb_vs_On","On higher"
"ywhae1",26.3506145855533,-9.02517348621378,3.04573809254864,2.47458906739896e-07,3.9753990017871e-06,"Nb_vs_On","On higher"
"hnrnpub",17.7805775679941,-8.97392108651504,3.03444111955303,2.52812563240679e-07,4.05366887116197e-06,"Nb_vs_On","On higher"
"slc4a1a",33.0948180652766,-10.2140145866844,3.38161196515111,2.55067761392613e-07,4.0779835453655e-06,"Nb_vs_On","On higher"
"cap1",448.872596790711,-9.07897900592501,3.06191459646053,2.55297853220197e-07,4.0779835453655e-06,"Nb_vs_On","On higher"
"atf4b",24.5567058431633,-9.47140631725255,3.17159013050345,2.5785133802874e-07,4.11097076425365e-06,"Nb_vs_On","On higher"
"fbl",19.3176865071703,-9.30754232697401,3.12947165879687,2.59536888174697e-07,4.13002178573649e-06,"Nb_vs_On","On higher"
"cpsf2",20.062169450057,-8.82957820815731,2.99506261401321,2.6074934847416e-07,4.14148682161412e-06,"Nb_vs_On","On higher"
"rcl1",309.195274423402,-9.52709603093091,3.18946025388055,2.63086345590988e-07,4.17073607756108e-06,"Nb_vs_On","On higher"
"BHLHE40",20.2661401432284,-8.67293775122907,2.95300801497041,2.66192069944537e-07,4.21203918194195e-06,"Nb_vs_On","On higher"
"tm9sf5",20.9650233361056,-9.30861181856348,3.1336972535669,2.67940963473074e-07,4.23175803098749e-06,"Nb_vs_On","On higher"
"usp8",16.6789268336867,-8.86454842206939,3.0085085310365,2.72391992755048e-07,4.29399961612733e-06,"Nb_vs_On","On higher"
"CDC37",19.469592263597,-8.84588969740469,3.00656873499105,2.73378219254215e-07,4.30149130781679e-06,"Nb_vs_On","On higher"
"fam162a",32.4851622998619,-9.22136674420594,3.10827187304218,2.77924971234258e-07,4.35674563845435e-06,"Nb_vs_On","On higher"
"fbxo3",80.7410331506807,-8.69625857721628,2.96447264627048,2.77680945849327e-07,4.35674563845435e-06,"Nb_vs_On","On higher"
"dlst",21.768243969726,-9.39596054214423,3.15931749670693,2.81462200109581e-07,4.40399405301571e-06,"Nb_vs_On","On higher"
"stx18",304.261427561417,4.8395297126989,1.01631969726385,2.83519674429197e-07,4.42795662216138e-06,"Nb_vs_On","Nb higher"
"actb1",66.1919206218174,-11.2992162034964,3.70269797087904,2.85611570558207e-07,4.45236703881294e-06,"Nb_vs_On","On higher"
"proza",22.9857049363301,-9.12562570508798,3.08627704661989,2.9123623825805e-07,4.53165740047368e-06,"Nb_vs_On","On higher"
"PHB2",20.8111278935221,-8.98490314318564,3.05026924742573,2.93957477279724e-07,4.56556096631128e-06,"Nb_vs_On","On higher"
"ppm1na",32.6224892579288,-9.73455064612754,3.25925708248904,2.98978958014834e-07,4.61799058453004e-06,"Nb_vs_On","On higher"
"nphp3",16.5295383228678,-8.96189831786232,3.04591524784468,2.98425061150194e-07,4.61799058453004e-06,"Nb_vs_On","On higher"
"mettl21a",870.665365900875,3.92714376677134,0.858319839094081,2.98791504212617e-07,4.61799058453004e-06,"Nb_vs_On","Nb higher"
"fscn1a",20.1433007777113,-9.12773634304392,3.09204363776958,3.02618812215058e-07,4.66565047843656e-06,"Nb_vs_On","On higher"
"tshz1",23.4027805321012,-9.20352517765128,3.11833647460152,3.05697913723567e-07,4.70450646750454e-06,"Nb_vs_On","On higher"
"rad21a",22.6893802491694,-9.19309017415617,3.10878134824877,3.0877122884302e-07,4.74313175985501e-06,"Nb_vs_On","On higher"
"WDR33",132.312343323349,-8.9581131563941,3.04158857199611,3.09863129815876e-07,4.75123465717676e-06,"Nb_vs_On","On higher"
"vps35",19.0587986092061,-9.33569704677624,3.15150846217485,3.11820405641152e-07,4.77255304488585e-06,"Nb_vs_On","On higher"
"rab10",20.2268998331571,-8.96045660677998,3.04409406977073,3.15643674662778e-07,4.82230209312389e-06,"Nb_vs_On","On higher"
"plcg1",15.3267854133281,-8.56670764126711,2.9357584033486,3.16265416410575e-07,4.82304760026127e-06,"Nb_vs_On","On higher"
"chd2",18.9497247442889,-9.1864862286536,3.11191824652067,3.17121240436078e-07,4.82735371065263e-06,"Nb_vs_On","On higher"
"ctsd",74.6851729103821,-9.56060077163086,3.2147888096818,3.18762653043903e-07,4.8435812514866e-06,"Nb_vs_On","On higher"
"gsna",40.3913184387089,-10.4092972320276,3.45875152940571,3.23946370131881e-07,4.91347845724356e-06,"Nb_vs_On","On higher"
"ppfia2",55.9894335061518,-9.08507591847766,3.08864831646554,3.26333102294231e-07,4.94077707754107e-06,"Nb_vs_On","On higher"
"lsm1",28.3549905270956,-10.0732923220835,3.36716015468473,3.27029170683174e-07,4.9424264969676e-06,"Nb_vs_On","On higher"
"tecra",122.354562908555,8.02156668587334,2.53612587733568,3.28742422850471e-07,4.95941526085173e-06,"Nb_vs_On","Nb higher"
"slc3a2a",18.4278256558927,-9.15549977923764,3.10706309279914,3.29614928987717e-07,4.9636824189957e-06,"Nb_vs_On","On higher"
"msna",41.7710330170645,-10.1539360831097,3.38779576416999,3.38695069857225e-07,5.09131267510378e-06,"Nb_vs_On","On higher"
"psmc1a",21.6110936119998,-9.22819870453745,3.12906977313825,3.43860777773432e-07,5.15975049429011e-06,"Nb_vs_On","On higher"
"ino80b",22.2442495017365,-9.41418781156233,3.1836924738843,3.44752002424081e-07,5.16391878364041e-06,"Nb_vs_On","On higher"
"dph7",400.526301179318,-9.09835587815377,3.09588239630309,3.46283696556247e-07,5.17589833889115e-06,"Nb_vs_On","On higher"
"ap2s1",245.895737369513,-9.03833925815748,3.07361084859406,3.46781499540818e-07,5.17589833889115e-06,"Nb_vs_On","On higher"
"gpnmb",56.3744211772859,-10.9596546899482,3.62209898902918,3.48876677057234e-07,5.19575866688563e-06,"Nb_vs_On","On higher"
"hspa8",222.015414756423,-5.17278405427297,1.19850497898269,3.4934656752878e-07,5.19575866688563e-06,"Nb_vs_On","On higher"
"tax1bp1a",23.4598465856718,-9.53693410064774,3.22008382098594,3.50330973556009e-07,5.20121011533419e-06,"Nb_vs_On","On higher"
"fip1l1b",17.0746683341131,-9.05166408140273,3.08435275039663,3.53526295275108e-07,5.23940907328496e-06,"Nb_vs_On","On higher"
"RAMAC",23.1237144902144,-9.63574332733853,3.24974038040096,3.60469047182011e-07,5.33291465584915e-06,"Nb_vs_On","On higher"
"sart3",404.77344552877,-8.34873668109635,2.88188853147482,3.63257740220491e-07,5.36474325820367e-06,"Nb_vs_On","On higher"
"sltm",104.424691736585,-8.82928826206867,3.01970365852267,3.64637643474351e-07,5.37569121325234e-06,"Nb_vs_On","On higher"
"eif1axb",23.3129690422364,-9.11152164431753,3.10130532517814,3.70599075886836e-07,5.44450788973017e-06,"Nb_vs_On","On higher"
"laptm4a",18.6005485134825,-8.89270489830855,3.03852076914404,3.70171627295432e-07,5.44450788973017e-06,"Nb_vs_On","On higher"
"psma8",20.187164697074,-8.96921007143793,3.0615424695208,3.74340798390221e-07,5.4898969352768e-06,"Nb_vs_On","On higher"
"pdgfrl",25.9956183143084,-9.54822355745744,3.226255005624,3.81269788441935e-07,5.58178970278993e-06,"Nb_vs_On","On higher"
"slc38a10",49.9603018183435,-9.00590689480006,3.07308017406299,3.82077379057235e-07,5.58390169601355e-06,"Nb_vs_On","On higher"
"tmem106ba",17.7778423625073,-8.65616916420318,2.97552869073589,3.85139993401525e-07,5.61890548432242e-06,"Nb_vs_On","On higher"
"hmox2b",19.8500354740834,-9.40523699895403,3.19051641661351,3.87934474378779e-07,5.64988305418782e-06,"Nb_vs_On","On higher"
"rps4x",492.643621458072,-6.21123964511617,1.48682701282989,3.91295400772952e-07,5.68898909103059e-06,"Nb_vs_On","On higher"
"sesn1",19.1889843670603,-9.11666503313243,3.10901515654028,3.92237364037505e-07,5.69285194908227e-06,"Nb_vs_On","On higher"
"pde6c",46.0535903723497,-10.3256377628851,3.45236494302831,3.93817515334361e-07,5.70594809653124e-06,"Nb_vs_On","On higher"
"hdlbpa",24.6378123229727,-9.62433239124632,3.25327138713414,3.97101729566343e-07,5.73379478471608e-06,"Nb_vs_On","On higher"
"jcada",23.8724711325803,-9.35933684582432,3.17799447275502,3.96976191355911e-07,5.73379478471608e-06,"Nb_vs_On","On higher"
"tomm20a",17.1016899830612,-8.44721919801473,2.91768422848763,4.00570281292606e-07,5.77397367794718e-06,"Nb_vs_On","On higher"
"hdac4",42.7833231478429,-10.6898245302273,3.56955750020588,4.05058469330032e-07,5.81874094679217e-06,"Nb_vs_On","On higher"
"ssr2",44.7076176559515,-9.85140633697064,3.3177082129453,4.04513113830038e-07,5.81874094679217e-06,"Nb_vs_On","On higher"
"spon1b",51.2523695225022,-10.7789582072937,3.58589761778007,4.13504449230767e-07,5.91986471704863e-06,"Nb_vs_On","On higher"
"bdh1",44.7910244119945,-8.98239708870914,3.07896935341306,4.13410843572283e-07,5.91986471704863e-06,"Nb_vs_On","On higher"
"arl3l2",65.7041690441396,-9.84248438943622,3.3185071950735,4.15749156140362e-07,5.94189540982949e-06,"Nb_vs_On","On higher"
"sorbs2a",20.0005150551909,-8.71507944522985,3.00496861399744,4.22887964794518e-07,6.02843301245421e-06,"Nb_vs_On","On higher"
"mlycd",20.501655522336,-8.3658229584203,2.89859007614895,4.23236387545787e-07,6.02843301245421e-06,"Nb_vs_On","On higher"
"dgke",277.661446468591,-9.6069458061763,3.25367373229192,4.26433342250565e-07,6.04427842583454e-06,"Nb_vs_On","On higher"
"B3GALT2",18.8151907688709,-9.3691688179028,3.19177853558596,4.2650289676238e-07,6.04427842583454e-06,"Nb_vs_On","On higher"
"myo1ca",19.7301377874428,-8.97248824990601,3.06903388282905,4.25378644351904e-07,6.04427842583454e-06,"Nb_vs_On","On higher"
"ncdn",17.4727041502368,-9.31944694002905,3.17456080487946,4.27860343887535e-07,6.05332499973995e-06,"Nb_vs_On","On higher"
"DCAF7",149.075094538243,-9.93025399463712,3.3473587469829,4.28646183537138e-07,6.0542677399591e-06,"Nb_vs_On","On higher"
"slc25a39",22.2088091831529,-9.53832464883073,3.23846230525667,4.36426925789051e-07,6.13329192202376e-06,"Nb_vs_On","On higher"
"serpinh1b",21.0909094072062,-9.29545010349978,3.16536461248895,4.36082764011505e-07,6.13329192202376e-06,"Nb_vs_On","On higher"
"ehbp1",30.1488119844839,-8.76293694713484,3.01227452704813,4.35543113745285e-07,6.13329192202376e-06,"Nb_vs_On","On higher"
"mtmr3",22.441374655973,-9.73941023549435,3.29840315507373,4.38132279916222e-07,6.13676794065683e-06,"Nb_vs_On","On higher"
"cbx5",22.7541511846955,-8.71083252603758,3.00689386309372,4.37567826058292e-07,6.13676794065683e-06,"Nb_vs_On","On higher"
"pkd2l1",83.8216707396113,7.83534305017078,2.60281987264404,4.44409584331261e-07,6.21435196162883e-06,"Nb_vs_On","Nb higher"
"rxylt1",647.15099151238,-5.04922782543846,1.18678875777668,4.49970077802307e-07,6.28167183240435e-06,"Nb_vs_On","On higher"
"ccdc47",16.4378556042861,-8.43933485892426,2.9205073252024,4.53021612668758e-07,6.31380121762517e-06,"Nb_vs_On","On higher"
"ECM2",29.7090864217383,-10.0354256744889,3.38632702984835,4.58488876175438e-07,6.36890983439742e-06,"Nb_vs_On","On higher"
"cyp17a2",22.6716618359433,6.99361552542908,1.73294267560558,4.58294327808578e-07,6.36890983439742e-06,"Nb_vs_On","Nb higher"
"cdh2",18.0216516720194,-9.34395530212119,3.19016291814738,4.60695800709228e-07,6.38902347672205e-06,"Nb_vs_On","On higher"
"ppp4cb",17.5836981436804,-9.2299618150181,3.15074759590464,4.62043589271547e-07,6.39717587909191e-06,"Nb_vs_On","On higher"
"nop56",22.6478299510626,-9.29204397702762,3.16978202247651,4.65261681275349e-07,6.42061120159982e-06,"Nb_vs_On","On higher"
"mettl8",26.6418913462821,-9.11765580460406,3.12513097317812,4.6525274211086e-07,6.42061120159982e-06,"Nb_vs_On","On higher"
"prkar1ab",21.1373736926892,-9.55852516482775,3.24891807614412,4.68240289109221e-07,6.45114034978956e-06,"Nb_vs_On","On higher"
"DOCK2",15.824520230324,-8.84485850461616,3.04240305329311,4.69377012478282e-07,6.4562347892846e-06,"Nb_vs_On","On higher"
"tspan9b",30.0809904483718,-10.0142354645753,3.38036373471227,4.72383241698706e-07,6.46588964003205e-06,"Nb_vs_On","On higher"
"nubp2",1410.68621928444,-8.61823568194927,2.95860396115714,4.7163444316259e-07,6.46588964003205e-06,"Nb_vs_On","On higher"
"cwc15",21.968789689693,-8.58108204254331,2.96571681745563,4.71086538164874e-07,6.46588964003205e-06,"Nb_vs_On","On higher"
"adamts9",45.5772118143766,-10.4159018789776,3.49944134982683,4.75472455957901e-07,6.49760898417794e-06,"Nb_vs_On","On higher"
"rnf10",24.6871045432251,-9.01843838167074,3.09471823145003,4.80646357166599e-07,6.55766780328757e-06,"Nb_vs_On","On higher"
"snx3",84.8592762865505,-8.63560231474657,2.99642825983508,4.84491224184247e-07,6.59942900515047e-06,"Nb_vs_On","On higher"
"usp53b",26.9415664227316,-9.97438056057662,3.37870300706577,4.90235586599974e-07,6.6561341419332e-06,"Nb_vs_On","On higher"
"scap",15.9288483739419,-8.8266576712119,3.04137234857872,4.89659631514843e-07,6.6561341419332e-06,"Nb_vs_On","On higher"
"aldh2.2",34.9276539040295,-9.36433651368638,3.19447006920411,4.94407993106258e-07,6.70197501766261e-06,"Nb_vs_On","On higher"
"KLHL12",30.6513096679769,-10.1905902405465,3.44317163005171,5.00226508677949e-07,6.76518595879079e-06,"Nb_vs_On","On higher"
"prpf8",17.651465005219,-9.04373267160134,3.10420233407999,5.00678409637285e-07,6.76518595879079e-06,"Nb_vs_On","On higher"
"slc25a46",16.2401825562623,-8.71182557592867,3.0120233499398,5.03847554955701e-07,6.79709730387354e-06,"Nb_vs_On","On higher"
"sept15",20.9171081205089,-8.81450249006787,3.04055777857837,5.07985327855146e-07,6.84195278381539e-06,"Nb_vs_On","On higher"
"pdcd11",1102.75783960048,-3.75405089462737,0.860981683930194,5.09976866567943e-07,6.8578039341357e-06,"Nb_vs_On","On higher"
"ctdsp2",16.5801320143998,-8.82493579915435,3.04782443393819,5.19277858944742e-07,6.96685586663277e-06,"Nb_vs_On","On higher"
"march7",106.936743571621,-8.62460180102289,2.98470195647262,5.19741682614087e-07,6.96685586663277e-06,"Nb_vs_On","On higher"
"galnt16",14.8008144354313,-8.90682553184996,3.07101373068897,5.21108975755561e-07,6.97407847044565e-06,"Nb_vs_On","On higher"
"rps15a",72.5536148321052,-11.2650600959205,3.75886992367822,5.22744779072116e-07,6.98486595274456e-06,"Nb_vs_On","On higher"
"tepsin",45.9262538969796,7.11464345856532,1.52937334975525,5.28444264155736e-07,7.04983172054356e-06,"Nb_vs_On","Nb higher"
"plpbp",801.490049061716,5.1734986403755,1.09361284497889,5.3198701191817e-07,7.08586497836575e-06,"Nb_vs_On","Nb higher"
"gpt2l",17.6351595096279,-9.16915182180216,3.14806250572867,5.32863052024729e-07,7.08632096673644e-06,"Nb_vs_On","On higher"
"rps13",42.748424820588,-10.1402567732924,3.42747024653053,5.34496832630888e-07,7.09683649382779e-06,"Nb_vs_On","On higher"
"tfa",50.8463445701362,-10.7285804887768,3.60160425738859,5.4036636411092e-07,7.1634709497413e-06,"Nb_vs_On","On higher"
"ap2m1a",20.7331746875722,-9.24349058195049,3.16854143217802,5.494934304337e-07,7.26159450139857e-06,"Nb_vs_On","On higher"
"nbas",39.1180974955255,-8.91688499855246,3.07848119250262,5.4933396791719e-07,7.26159450139857e-06,"Nb_vs_On","On higher"
"slc6a6b",30.37953315941,-8.75283688699773,3.02946636575066,5.55170801408718e-07,7.32512195338337e-06,"Nb_vs_On","On higher"
"znf622",14.548496477854,-8.69694467425665,3.01361957640292,5.57221374487767e-07,7.3406721916088e-06,"Nb_vs_On","On higher"
"nr1d2b",19.7362400329698,-8.56438277938681,2.97216884484223,5.58688019804054e-07,7.34849336048519e-06,"Nb_vs_On","On higher"
"cnot7",1498.01306728805,4.30005882081507,0.948073667356629,5.61465336604178e-07,7.37350265761929e-06,"Nb_vs_On","Nb higher"
"slc1a8b",164.490455330192,-4.01596619274002,0.926946023628891,5.62344858058059e-07,7.373549867808e-06,"Nb_vs_On","On higher"
"tefa",27.4350568972295,-8.9984402514426,3.10086270666792,5.6509778525755e-07,7.39812310466261e-06,"Nb_vs_On","On higher"
"rdh10a",24.662085851094,-9.08364197416435,3.12264822108553,5.71640977660379e-07,7.4696516077851e-06,"Nb_vs_On","On higher"
"rars2",887.272003961999,-4.34425358047812,1.01616722408637,5.72336099669921e-07,7.4696516077851e-06,"Nb_vs_On","On higher"
"blvrb",46.0510802322404,-10.6630997526511,3.59180944842666,5.74317006779198e-07,7.48390180041376e-06,"Nb_vs_On","On higher"
"pik3r3a",14.9502820973184,-8.73748303507438,3.02977856714758,5.81259553321478e-07,7.56266293641454e-06,"Nb_vs_On","On higher"
"dhx36",22.1991585684152,-9.52875080648267,3.26630854868967,5.91648008679551e-07,7.67416043087631e-06,"Nb_vs_On","On higher"
"irf2bp1",25.4336199379663,-9.28992355791013,3.19390945422334,5.91652425711419e-07,7.67416043087631e-06,"Nb_vs_On","On higher"
"usp30",107.171180550362,-10.1033006891171,3.43139667125734,6.08559818331353e-07,7.8813177703282e-06,"Nb_vs_On","On higher"
"kdr",23.4461274550784,-9.39661939139808,3.22330187633988,6.17087688734135e-07,7.97948412252527e-06,"Nb_vs_On","On higher"
"KLHL28",18.4441409367976,-9.26658282146034,3.19238195848734,6.19747240732039e-07,8.00158324000353e-06,"Nb_vs_On","On higher"
"abcc1",20.0839547947209,-9.4099618451206,3.23039842765867,6.24359217510875e-07,8.0346841069174e-06,"Nb_vs_On","On higher"
"srsf4",21.020278812422,-9.20662022192734,3.16725114430871,6.24554342972189e-07,8.0346841069174e-06,"Nb_vs_On","On higher"
"fgfr2",20.9365629719361,-9.05123357614373,3.12492123001474,6.25174398910774e-07,8.0346841069174e-06,"Nb_vs_On","On higher"
"ccdc85cb",26.72180582114,-9.8396942114447,3.36313522214627,6.35571325795995e-07,8.1558080556215e-06,"Nb_vs_On","On higher"
"PRRC2B",19.4155614090452,-8.68736799923508,3.02221251397835,6.365366942912e-07,8.1558080556215e-06,"Nb_vs_On","On higher"
"pdpk1b",16.0357330546448,-8.8931127409048,3.08138676843036,6.40044358871034e-07,8.18828786166621e-06,"Nb_vs_On","On higher"
"sost",17.0506493023679,-9.07657618759699,3.1360710352325,6.41131930882916e-07,8.18975507461668e-06,"Nb_vs_On","On higher"
"mif4gda",275.562641698055,5.76516623197718,1.28012574351553,6.43236274937846e-07,8.20418630670725e-06,"Nb_vs_On","Nb higher"
"scpep1",48.7872203923778,-9.82678301057007,3.35541465522913,6.48083989730768e-07,8.25351138510379e-06,"Nb_vs_On","On higher"
"crygm3",64.7560209911219,8.34686662872912,1.85191137088747,6.67504378587889e-07,8.48799374464177e-06,"Nb_vs_On","Nb higher"
"nipblb",14.7031284839239,-8.8528911379398,3.07893168403509,6.76311431754214e-07,8.57408077184785e-06,"Nb_vs_On","On higher"
"cactin",26.5627517966438,-8.4949574797537,2.96611555743125,6.75994283948323e-07,8.57408077184785e-06,"Nb_vs_On","On higher"
"ints10",31.6694631348911,-8.69918729676714,3.03594122500384,6.79436010565952e-07,8.60074035630704e-06,"Nb_vs_On","On higher"
"ecsit",72.1449526144254,-8.49542624926067,2.97508412728476,6.84778680287415e-07,8.65535575174093e-06,"Nb_vs_On","On higher"
"taok2b",26.0757866624365,-9.85039974999,3.37203428554611,6.85914157712199e-07,8.65670971457465e-06,"Nb_vs_On","On higher"
"afdna",21.439630668219,-9.49235593660385,3.26497615361679,6.87083032529546e-07,8.65848049076905e-06,"Nb_vs_On","On higher"
"lamtor3",27.0145020527861,-9.83476626483736,3.36402355331433,6.9042936791456e-07,8.67991531367394e-06,"Nb_vs_On","On higher"
"bora",61.9259585381146,-9.16362831174913,3.17006481153953,6.91877307611691e-07,8.67991531367394e-06,"Nb_vs_On","On higher"
"ctns",96.2522549384118,3.91068395454463,0.869566273685014,6.90905726406325e-07,8.67991531367394e-06,"Nb_vs_On","Nb higher"
"atp6v1f",28.3438424487171,-9.66679908603502,3.3156119198764,6.94746224237072e-07,8.68449171697807e-06,"Nb_vs_On","On higher"
"nin",22.5182787214512,-9.30484347454037,3.21088998630771,6.94249547690618e-07,8.68449171697807e-06,"Nb_vs_On","On higher"
"top1l",19.9479704774244,-8.93446313400692,3.09950595411452,6.9533706548387e-07,8.68449171697807e-06,"Nb_vs_On","On higher"
"pi4kab",30.7036499357521,-10.146258244345,3.47004397058948,7.01466389710116e-07,8.72222166703066e-06,"Nb_vs_On","On higher"
"syf2",20.8867803152367,-9.26125747094106,3.1947371127648,6.99997206357497e-07,8.72222166703066e-06,"Nb_vs_On","On higher"
"dyrk1ab",16.1584073971825,-8.64950012673139,3.01089340387328,7.00990804079378e-07,8.72222166703066e-06,"Nb_vs_On","On higher"
"PITPNM2",150.331698716602,-9.29487204582901,3.20893501060718,7.06038942102942e-07,8.74961866695995e-06,"Nb_vs_On","On higher"
"smc4",188.235051898392,-8.88482331506155,3.09447820785241,7.06336266310201e-07,8.74961866695995e-06,"Nb_vs_On","On higher"
"narfl",242.118433799621,4.42077981554537,0.958322376419503,7.06787917977283e-07,8.74961866695995e-06,"Nb_vs_On","Nb higher"
"dldh",21.0485028290007,-9.03159975203146,3.13042005656893,7.08567584853412e-07,8.7587693528576e-06,"Nb_vs_On","On higher"
"usp45",25.7046700891282,-9.82642668934547,3.36889262189802,7.13861391119397e-07,8.81126860768781e-06,"Nb_vs_On","On higher"
"ptges3b",23.5333565877174,-8.70905363425498,3.03812666044323,7.20526301999329e-07,8.85818863456517e-06,"Nb_vs_On","On higher"
"lonrf1l",177.842712809225,-8.64946820747142,3.01445131536377,7.20259076481478e-07,8.85818863456517e-06,"Nb_vs_On","On higher"
"lrrc42",33.1680125734959,8.000994933219,1.93322404187864,7.2081957884024e-07,8.85818863456517e-06,"Nb_vs_On","Nb higher"
"snw1",19.2929122947622,-9.10772213842091,3.15623483216287,7.24618371568289e-07,8.89189132924469e-06,"Nb_vs_On","On higher"
"hnrnpr",19.4171312607721,-8.97499983322056,3.11552198595383,7.2569398583087e-07,8.89212805345599e-06,"Nb_vs_On","On higher"
"GLUL",15.7976087324266,-8.52677721457237,2.98244180497239,7.27392820912311e-07,8.89998948610442e-06,"Nb_vs_On","On higher"
"eif3i",31.5190333179619,-9.95987986336608,3.40698961984299,7.31537876424118e-07,8.93771530295823e-06,"Nb_vs_On","On higher"
"cep83",56.631731553937,-9.0734453580924,3.15009974996155,7.37850184823999e-07,9.00177225485279e-06,"Nb_vs_On","On higher"
"srpx",48.0504323970757,-10.7844339877824,3.66211878140154,7.45092289860335e-07,9.02472934682634e-06,"Nb_vs_On","On higher"
"zcrb1",28.0744673085305,-9.58737528531899,3.30297722200503,7.40990769565132e-07,9.02472934682634e-06,"Nb_vs_On","On higher"
"serpini1",19.689716635023,-9.12404131565499,3.16506091996321,7.42973313462787e-07,9.02472934682634e-06,"Nb_vs_On","On higher"
"clptm1",18.5173693190598,-9.09666844595131,3.15618121224456,7.44955997230068e-07,9.02472934682634e-06,"Nb_vs_On","On higher"
"aldh7a1",30.1371383777249,-8.7615141496381,3.05421341747188,7.4356004353989e-07,9.02472934682634e-06,"Nb_vs_On","On higher"
"hyou1",71.8114879567322,4.03269776029091,0.917528353273394,7.4717474837508e-07,9.03694975836411e-06,"Nb_vs_On","Nb higher"
"krt18a.1",43.9250171904609,-10.0316553784298,3.43335996213373,7.52012260188456e-07,9.08240919120003e-06,"Nb_vs_On","On higher"
"arpc3",140.17730193561,-8.8203718453872,3.06885602534589,7.5507175491794e-07,9.10629517607338e-06,"Nb_vs_On","On higher"
"rsl24d1",25.8825801594561,-9.20649147078364,3.19881357208153,7.78203818839774e-07,9.37184513160689e-06,"Nb_vs_On","On higher"
"plpp6",28.0935451131779,-8.36372841975094,2.94575054805013,7.8065113845891e-07,9.38788754792443e-06,"Nb_vs_On","On higher"
"polr2h",34.7677951382275,-9.9685631978372,3.42286658533668,7.8484310597717e-07,9.42483490173441e-06,"Nb_vs_On","On higher"
"jpt2",18.0964975798605,-9.19632906294444,3.19005593025939,7.9284810031209e-07,9.50740072425524e-06,"Nb_vs_On","On higher"
"nup160",22.206598466573,-9.56821967821944,3.30596181616647,7.9877663448281e-07,9.55128083675609e-06,"Nb_vs_On","On higher"
"ppp4r4",203.463009771435,-4.05804098387202,0.961143054711499,7.978259526121e-07,9.55128083675609e-06,"Nb_vs_On","On higher"
"psmc4",18.5941372154273,-8.92898243593372,3.11117836938983,8.01848915184254e-07,9.57441725960433e-06,"Nb_vs_On","On higher"
"atg13",514.009152076064,4.37567406477801,0.969776601767361,8.03465781504038e-07,9.58013448824503e-06,"Nb_vs_On","Nb higher"
"atp23",18.4150202722377,-9.41094014508296,3.25910616001774,8.15812510555682e-07,9.71359224025138e-06,"Nb_vs_On","On higher"
"zgc:162297",25.5718510607198,-9.85740801334903,3.39732896191075,8.1838488326381e-07,9.73045755270446e-06,"Nb_vs_On","On higher"
"UNC13A",59.7551270043929,-10.4003496552583,3.55319776706027,8.20630907109508e-07,9.74340053039188e-06,"Nb_vs_On","On higher"
"anxa13",30.0206684549543,-9.30140801350486,3.22304795364657,8.21954490552551e-07,9.74537028376249e-06,"Nb_vs_On","On higher"
"cpe",59.0496014176423,-9.75719504672183,3.35861955120402,8.28084305746714e-07,9.80423865791257e-06,"Nb_vs_On","On higher"
"zc3h15",16.5740567452098,-8.68537342837769,3.03994451212444,8.32194757140214e-07,9.83906666517742e-06,"Nb_vs_On","On higher"
"ccn2a",32.3925701424779,-10.1345624165832,3.47799862534727,8.51892004288985e-07,1.00578217280571e-05,"Nb_vs_On","On higher"
"triobpb",15.3662894575432,-8.66463981561288,3.04087669738403,8.62891693096119e-07,1.01607456000249e-05,"Nb_vs_On","On higher"
"becn1",266.359430197198,3.67473842889423,0.829902324787807,8.63023652176028e-07,1.01607456000249e-05,"Nb_vs_On","Nb higher"
"calr3b",34.3605174246554,-9.16451101366273,3.18666116007342,8.6615681093858e-07,1.01833911096103e-05,"Nb_vs_On","On higher"
"uck1",40.5063041544449,7.74307252497823,2.56504479528827,8.76526527350893e-07,1.02909348776009e-05,"Nb_vs_On","Nb higher"
"psmb4",32.8131200368695,-9.87333292470839,3.39934551398628,8.82982425696415e-07,1.03378943804067e-05,"Nb_vs_On","On higher"
"csnk2a4",57.1239206554481,-8.33986154152345,2.94637953044076,8.82834939139795e-07,1.03378943804067e-05,"Nb_vs_On","On higher"
"ldhbb",29.1451082228707,-9.53653018665789,3.30044725305964,8.90901642029735e-07,1.04161250313977e-05,"Nb_vs_On","On higher"
"uqcrc2b",16.5364986885906,-8.64448242393981,3.0364222115616,8.94014568395318e-07,1.04380230745517e-05,"Nb_vs_On","On higher"
"arpc1b",45.7941746827849,-10.5128889494271,3.59237505196759,8.97601100962057e-07,1.04653823655105e-05,"Nb_vs_On","On higher"
"slc25a13",63.3568455619021,-11.1144625166943,3.78728349148472,9.0624362692491e-07,1.05515336811257e-05,"Nb_vs_On","On higher"
"p4hb",27.0153836968744,-9.5150986060792,3.29437987367792,9.10047208066788e-07,1.05805144111816e-05,"Nb_vs_On","On higher"
"acat2",98.32878947771,6.71279277610306,1.52707353314248,9.1124648944009e-07,1.05805144111816e-05,"Nb_vs_On","Nb higher"
"virma",21.1208674209522,-9.1774768384142,3.19852670635964,9.18270981381794e-07,1.06343393208174e-05,"Nb_vs_On","On higher"
"polg",23.6591618008624,-8.51135855274348,3.00114316986718,9.18408729654819e-07,1.06343393208174e-05,"Nb_vs_On","On higher"
"tfr1a",22.9511940712346,-9.67105555166084,3.35074571494525,9.20623074489645e-07,1.06453365948542e-05,"Nb_vs_On","On higher"
"hspa4b",13.3270209578847,-8.65927922260707,3.04489187594875,9.22999326434009e-07,1.06581732920734e-05,"Nb_vs_On","On higher"
"slit1a",17.3962607358229,-8.85060486447321,3.10181708873615,9.42195286877371e-07,1.08649314040188e-05,"Nb_vs_On","On higher"
"cope",18.5172888543176,-9.13224473941601,3.18651057660672,9.45077543039604e-07,1.08832595859198e-05,"Nb_vs_On","On higher"
"hgs",39.0857749794999,-8.8718978708291,3.10946029737316,9.54451917198281e-07,1.09761970477802e-05,"Nb_vs_On","On higher"
"opn1lw1",36.441065072354,-9.58905801575151,3.3277495612871,9.73495358580417e-07,1.1164850631161e-05,"Nb_vs_On","On higher"
"zgc:92606",26.6114703666088,-8.89681351238852,3.11345314478052,9.73509190220028e-07,1.1164850631161e-05,"Nb_vs_On","On higher"
"myof",16.5483143271839,-8.85371167253308,3.10674924827799,9.84967368753953e-07,1.12808915784636e-05,"Nb_vs_On","On higher"
"ddb1",15.466764943419,-8.36189851881513,2.95803061353815,9.98411459404674e-07,1.1419331066941e-05,"Nb_vs_On","On higher"
"chfr",231.552266146357,-8.86170472866553,3.11418726935277,1.0045736775442e-06,1.14742214620992e-05,"Nb_vs_On","On higher"
"bco2a",14.6744465116608,-8.70239791047449,3.06448689850404,1.00837384533013e-06,1.14864560622314e-05,"Nb_vs_On","On higher"
"cdc42bpb",14.1094546889708,-8.38670373696412,2.97062188105246,1.0074784514268e-06,1.14864560622314e-05,"Nb_vs_On","On higher"
"PLXND1",19.1642131165291,-9.0083706183755,3.15377201327085,1.01032600151963e-06,1.14931409199896e-05,"Nb_vs_On","On higher"
"leo1",16.1291629839747,-8.52888022793233,3.01044909786798,1.01744790368888e-06,1.15585377236883e-05,"Nb_vs_On","On higher"
"nid1a",37.2748384838632,-10.355399056966,3.56720999741674,1.0263898100631e-06,1.16287340795574e-05,"Nb_vs_On","On higher"
"dnaja2a",14.0721745414276,-8.45393943244717,2.98831407346808,1.0259492976492e-06,1.16287340795574e-05,"Nb_vs_On","On higher"
"mfsd2b",115.473621373495,8.213658863242,2.71605355208688,1.02988730654533e-06,1.16526765409927e-05,"Nb_vs_On","Nb higher"
"wdr53",418.793347841158,5.42638650868111,1.24471919135092,1.05415513230206e-06,1.19112455083473e-05,"Nb_vs_On","Nb higher"
"lrmda",33.5438556279152,-10.2151706920749,3.53169600709715,1.0569084058009e-06,1.19263471314101e-05,"Nb_vs_On","On higher"
"arhgef16",406.744764259671,-8.69249753537437,3.06831450978555,1.05994747212171e-06,1.19446289428656e-05,"Nb_vs_On","On higher"
"rhag",21.102128126646,-9.42295367772164,3.28863544183057,1.06196887942953e-06,1.19514091270559e-05,"Nb_vs_On","On higher"
"phkg1a",90.6108039991714,-8.17952438440001,2.91714844067833,1.06418684120174e-06,1.19603802793542e-05,"Nb_vs_On","On higher"
"cdk12",15.1920465777818,-8.25005558276206,2.93411920696391,1.06612038194265e-06,1.19661351669243e-05,"Nb_vs_On","On higher"
"atp5f1b",73.7593375498658,-4.28283554551655,1.02118732710032,1.06950290712811e-06,1.19881164743068e-05,"Nb_vs_On","On higher"
"si:dkey-33c12.12",39.7798867932225,4.24937744965654,0.949795636883269,1.07558627804473e-06,1.20402729901337e-05,"Nb_vs_On","Nb higher"
"reep1",316.879733446031,4.80670039252414,1.08275506421013,1.07980268466597e-06,1.20714196540746e-05,"Nb_vs_On","Nb higher"
"si:ch211-253b8.5",23.9243474475128,-9.29973228145316,3.24449465697232,1.09842865786863e-06,1.22633586763105e-05,"Nb_vs_On","On higher"
"riok3",20.5686531249471,-8.22134534368188,2.91994294804928,1.10133086874111e-06,1.22794745073678e-05,"Nb_vs_On","On higher"
"stag2b",13.3633825518069,-8.40727502767288,2.98575538167094,1.12634265151043e-06,1.25417360322947e-05,"Nb_vs_On","On higher"
"hdhd3",177.65055636662,-8.99401759054849,3.16681091155671,1.13681143155495e-06,1.26415833960761e-05,"Nb_vs_On","On higher"
"YES1",15.8682502534523,-8.07567163561324,2.88594398316156,1.14420639255606e-06,1.27070308872519e-05,"Nb_vs_On","On higher"
"cep131",17.4451108506873,-9.19490547449375,3.22869579049862,1.15122919841381e-06,1.27681783824078e-05,"Nb_vs_On","On higher"
"pde6ga",44.1012747343619,-10.4198097215694,3.60156155614213,1.16555787316103e-06,1.29100870740389e-05,"Nb_vs_On","On higher"
"arl6ip5b",18.6104779959431,-8.95784615259627,3.15592068463888,1.1924173476776e-06,1.31902355226676e-05,"Nb_vs_On","On higher"
"intu",144.638476014754,-8.73659596584841,3.09167427523797,1.19600474607628e-06,1.32125563680711e-05,"Nb_vs_On","On higher"
"rapgef2",14.851037247496,-8.36029886344293,2.97495615782185,1.20183065820061e-06,1.32421603150951e-05,"Nb_vs_On","On higher"
"hif1an",88.2148930986745,6.59602054863564,1.45865002431322,1.20104781914182e-06,1.32421603150951e-05,"Nb_vs_On","Nb higher"
"sgce",51.2289492671009,-8.54626135527817,3.03085818906216,1.20565360926438e-06,1.32669177552779e-05,"Nb_vs_On","On higher"
"tac1",82.9800513065044,-9.31757101529368,3.27073121317529,1.21156732445825e-06,1.33123287679299e-05,"Nb_vs_On","On higher"
"tmem245",20.1745416387542,-8.49918584878539,3.01877461261556,1.21294323651726e-06,1.33123287679299e-05,"Nb_vs_On","On higher"
"psme2",450.732159809256,-8.41749227222806,2.9841796342053,1.22563122686848e-06,1.34340672757538e-05,"Nb_vs_On","On higher"
"romo1",36.781029366783,-9.05623426999895,3.18678297310046,1.23602108851405e-06,1.35303322797286e-05,"Nb_vs_On","On higher"
"id3",26.5626892602193,-9.46973991851831,3.31607045767669,1.23976348799291e-06,1.35536740804212e-05,"Nb_vs_On","On higher"
"kdm5bb",12.8996034002727,-8.43361478692405,3.0003139768107,1.25457390416702e-06,1.36977991248741e-05,"Nb_vs_On","On higher"
"bbs2",14.7498172537746,-8.30774729533905,2.96514297730257,1.25662201379533e-06,1.37023887462812e-05,"Nb_vs_On","On higher"
"tmed10",27.2490526929911,-9.64024631309544,3.36997575748483,1.25892933203166e-06,1.37097892846604e-05,"Nb_vs_On","On higher"
"srp14",41.8707738916069,-8.57294456285959,3.05746448485084,1.28302268930658e-06,1.39541149852491e-05,"Nb_vs_On","On higher"
"faxdc2",22.7178158501567,-9.53049669851205,3.33997401733562,1.28840110752536e-06,1.39945297072883e-05,"Nb_vs_On","On higher"
"cxcr5",97.6903324125563,-8.6215849721418,3.06632615824761,1.29427526705902e-06,1.40402180387923e-05,"Nb_vs_On","On higher"
"kbtbd3",170.671727338767,-11.1980707222834,3.86471057148108,1.29708695768839e-06,1.40526100512495e-05,"Nb_vs_On","On higher"
"nap1l1",26.2920103883276,-9.23576199568368,3.24564473439429,1.30125079257114e-06,1.40730036904658e-05,"Nb_vs_On","On higher"
"dynll1",18.9733740983908,-8.96995562143961,3.16671235559917,1.30231288606235e-06,1.40730036904658e-05,"Nb_vs_On","On higher"
"supt5h",26.0405669212425,-8.752457178355,3.10036068629739,1.30925278310112e-06,1.41298588822374e-05,"Nb_vs_On","On higher"
"cyb5d2",54.1500165378108,5.75314660587644,1.27694996154383,1.31182309382789e-06,1.413947093962e-05,"Nb_vs_On","Nb higher"
"yme1l1b",14.5663418110783,-8.21541678075275,2.94180064265073,1.32143147227138e-06,1.4224821142686e-05,"Nb_vs_On","On higher"
"nr2c2ap",48.4384762534839,-9.31850342107645,3.28425043813101,1.3281316346838e-06,1.42786872295891e-05,"Nb_vs_On","On higher"
"stat2",16.7235834105003,-8.76363135140547,3.10865762804136,1.34223592628002e-06,1.44119158513077e-05,"Nb_vs_On","On higher"
"vps26b",102.948567430381,-8.34779982234992,2.98257236925224,1.34753648456833e-06,1.44503976141353e-05,"Nb_vs_On","On higher"
"eif4g1a",13.6014162982715,-8.67894014013656,3.08814127333143,1.38641570636997e-06,1.48484063819623e-05,"Nb_vs_On","On higher"
"ccn1",23.0529116869838,-9.41402088618019,3.31003652694729,1.39386562618623e-06,1.49092259736159e-05,"Nb_vs_On","On higher"
"zgc:194275",21.8213367904766,-9.5861952999659,3.3727714865458,1.4004927248334e-06,1.49611012152888e-05,"Nb_vs_On","On higher"
"elovl1b",27.0065735519164,-9.70918429746483,3.40425664553512,1.40658291292184e-06,1.50071165538353e-05,"Nb_vs_On","On higher"
"pip4p1a",21.1283618029174,-9.45250186632199,3.32974939997925,1.41491519206757e-06,1.50769064390188e-05,"Nb_vs_On","On higher"
"pum1",14.5433001242512,-8.30429037578852,2.97105826936684,1.41930466729339e-06,1.51045596577443e-05,"Nb_vs_On","On higher"
"cbx3a",14.2600683303761,-8.40264053933277,2.99962104609777,1.42859328646161e-06,1.51842150068609e-05,"Nb_vs_On","On higher"
"si:ch211-15p9.2",84.7605043984899,3.66454472744502,0.856925999808435,1.4308983190223e-06,1.51895360019291e-05,"Nb_vs_On","Nb higher"
"LTBP3",24.1970941873766,-9.54783587095717,3.35287563548802,1.44156901690187e-06,1.52643119299118e-05,"Nb_vs_On","On higher"
"emc4",12.2411307803079,-8.40014641014847,3.00487877912004,1.44007384423781e-06,1.52643119299118e-05,"Nb_vs_On","On higher"
"scrib",14.0892213636059,-8.82320858659764,3.1307650705038,1.44412521457077e-06,1.52721684123829e-05,"Nb_vs_On","On higher"
"zgc:158803",13.186911203872,-8.20328748724639,2.94197135179387,1.44757224324296e-06,1.52894142328974e-05,"Nb_vs_On","On higher"
"glb1l",51.0363645375383,-7.84649298956862,2.84119980936081,1.45406138790218e-06,1.53387077235095e-05,"Nb_vs_On","On higher"
"taok3a",21.9817573692896,-9.124044665689,3.22878822121191,1.46175824351871e-06,1.53621484318858e-05,"Nb_vs_On","On higher"
"prr12a",17.0195854100827,-8.4783106961317,3.02649183638458,1.45872207225587e-06,1.53621484318858e-05,"Nb_vs_On","On higher"
"sys1",53.7443393633243,4.78053911473842,1.06808428997962,1.46023211537091e-06,1.53621484318858e-05,"Nb_vs_On","Nb higher"
"uchl1",19.9541014910336,-9.32093218256296,3.28501591437084,1.46373084883673e-06,1.53636986103586e-05,"Nb_vs_On","On higher"
"CAPZA2",18.0560018677178,-8.85145123730406,3.14356786464761,1.4922855792042e-06,1.56439103433885e-05,"Nb_vs_On","On higher"
"gtf2f1",75.485944956865,-8.30697045858058,2.97843888566607,1.50528430075418e-06,1.57605512981948e-05,"Nb_vs_On","On higher"
"dhx32a",392.457309257668,-3.77246493586587,0.918416247386535,1.52729239370076e-06,1.59711147455565e-05,"Nb_vs_On","On higher"
"ppp2r5cb",12.3458662035601,-8.44774554689233,3.02240688890382,1.54242955376011e-06,1.61093945205367e-05,"Nb_vs_On","On higher"
"rasip1",21.3323280658628,-9.01479872187062,3.19552050306978,1.55317154035721e-06,1.62014845436518e-05,"Nb_vs_On","On higher"
"rrnad1",41.0458507568814,-10.172454853205,3.56283944113267,1.56605139703352e-06,1.63156196289953e-05,"Nb_vs_On","On higher"
"amd1",11.9640791332548,-8.32846284491726,2.98967698973481,1.57679449090876e-06,1.64072385963782e-05,"Nb_vs_On","On higher"
"aqp12",77.8174299822401,7.68399955390591,2.58303638165047,1.64545275638067e-06,1.71005201274228e-05,"Nb_vs_On","Nb higher"
"ppox",322.233640988109,-8.11435572696162,2.92303703860902,1.653326541992e-06,1.71611625530069e-05,"Nb_vs_On","On higher"
"hspa9",16.8097586085413,-8.69050526300691,3.10637000677269,1.66034631030994e-06,1.72128020199373e-05,"Nb_vs_On","On higher"
"elmo1",18.0510279961897,-8.44929732230999,3.0299916562077,1.66398812592246e-06,1.72293383075218e-05,"Nb_vs_On","On higher"
"klhl18",991.668902982559,-8.70560645686495,3.11071393969197,1.67590829347103e-06,1.73314447351832e-05,"Nb_vs_On","On higher"
"erlec1",36.6829192989169,-8.24817560523851,2.97169645906314,1.70810872596585e-06,1.7642772092246e-05,"Nb_vs_On","On higher"
"tob1b",14.8567595503011,-8.26803721741307,2.97745832551133,1.71609852624372e-06,1.77035752376466e-05,"Nb_vs_On","On higher"
"zgc:173742",585.937105590908,-9.29907633801854,3.30209333605885,1.71870858847318e-06,1.77087991404739e-05,"Nb_vs_On","On higher"
"si:ch211-284o19.8",16.8725420774734,-8.96301348136134,3.19865435479519,1.72775485988753e-06,1.77802450006518e-05,"Nb_vs_On","On higher"
"smndc1",410.105489218537,4.17429609911368,0.964804809604951,1.74535776951863e-06,1.79394648398142e-05,"Nb_vs_On","Nb higher"
"ubr5",12.8789650563987,-8.66297359343056,3.10602221788307,1.75219098314549e-06,1.79877362147789e-05,"Nb_vs_On","On higher"
"unc119b",12.9977174751171,-8.43172623590958,3.03095828293501,1.75609580468717e-06,1.80058641703491e-05,"Nb_vs_On","On higher"
"aclyb",12.6244841745161,-8.37450654112527,3.01551124389307,1.766246356674e-06,1.80879097694425e-05,"Nb_vs_On","On higher"
"ywhabl",20.8949510320748,-8.8976186899031,3.17467242842389,1.77325479412105e-06,1.81156054088726e-05,"Nb_vs_On","On higher"
"npepps",14.5496942843019,-7.99575292596594,2.89673199845801,1.77179645334382e-06,1.81156054088726e-05,"Nb_vs_On","On higher"
"eif2s1b",703.722754438739,-8.9412884676002,3.18340107208954,1.7974560133917e-06,1.83183834391421e-05,"Nb_vs_On","On higher"
"gigyf2",13.9419074938503,-8.29489131599586,2.99542285867094,1.79740013399882e-06,1.83183834391421e-05,"Nb_vs_On","On higher"
"agpat3",33.6408687358508,-8.76793695613687,3.1382064337788,1.80271428892954e-06,1.83365996833256e-05,"Nb_vs_On","On higher"
"daam1b",60.9699011686328,-8.17273316301353,2.95364343093952,1.8035999688517e-06,1.83365996833256e-05,"Nb_vs_On","On higher"
"myo5aa",10.7822741284761,-8.28671344301559,2.99043874049697,1.82335572253758e-06,1.85150886276494e-05,"Nb_vs_On","On higher"
"kpnb1",13.2646060731853,-8.7564737524687,3.13466239673391,1.84151797704576e-06,1.86769859406882e-05,"Nb_vs_On","On higher"
"mmp2",32.1657486118911,-9.88243517362606,3.49330594618379,1.84972285631469e-06,1.87151045726647e-05,"Nb_vs_On","On higher"
"dlc1",36.8208167913219,-8.12421862349655,2.94103344303118,1.8479488131757e-06,1.87151045726647e-05,"Nb_vs_On","On higher"
"ap5m1",22.0239976049902,-9.32186603560153,3.31959541707407,1.85351748783895e-06,1.87309846490136e-05,"Nb_vs_On","On higher"
"asap1b",15.4021204613998,-8.48622303860228,3.05233797169819,1.86774283158045e-06,1.88521093000531e-05,"Nb_vs_On","On higher"
"tma16",1962.76892079752,-8.56761996567303,3.07913006497335,1.87841975474513e-06,1.89371706532269e-05,"Nb_vs_On","On higher"
"stk24b",10.3390384657865,-8.24722988500068,2.97976548845151,1.89302418174692e-06,1.90615760310353e-05,"Nb_vs_On","On higher"
"zranb3",27.7440614569733,-9.84535139494833,3.49006695824358,1.91295185600682e-06,1.92392218923123e-05,"Nb_vs_On","On higher"
"sptb",17.3182777415034,-9.22657014895188,3.29218096941312,1.91597062357793e-06,1.92465879585668e-05,"Nb_vs_On","On higher"
"mpnd",24.0090846435108,-9.3150077430715,3.32069990673711,1.91877631538583e-06,1.92517985970416e-05,"Nb_vs_On","On higher"
"ncaldb",77.8777856311427,-9.53279908510841,3.38352721220407,1.92945401159774e-06,1.93200528996361e-05,"Nb_vs_On","On higher"
"MXI1",18.9072612354939,-8.50520845275326,3.06292670020879,1.93016921936255e-06,1.93200528996361e-05,"Nb_vs_On","On higher"
"kars1",23.5566468443083,-9.10134095647722,3.24887284942924,1.94766920968189e-06,1.94489672682113e-05,"Nb_vs_On","On higher"
"lipca",249.461802107731,6.14953371144521,1.44313373910916,1.94711811347795e-06,1.94489672682113e-05,"Nb_vs_On","Nb higher"
"cst3",146.522031054846,-5.09182383854979,1.28798379732471,1.95205310997815e-06,1.94696481988105e-05,"Nb_vs_On","On higher"
"eif4a2",21.1010877980685,-9.23576037215698,3.29546687982076,2.02096622052429e-06,2.0133128573223e-05,"Nb_vs_On","On higher"
"nt5e",13.8313002419982,-8.53486219784812,3.07870963879424,2.03789293033501e-06,2.02777573139008e-05,"Nb_vs_On","On higher"
"si:dkey-40c11.2",20.1263402889526,-8.97584227406383,3.21803193762307,2.04253995660809e-06,2.03000015994415e-05,"Nb_vs_On","On higher"
"dpp6a",21.029441573856,-9.30505424311362,3.32610078348832,2.04841732647373e-06,2.03344069036036e-05,"Nb_vs_On","On higher"
"pdcd5",15.4879708038385,-8.45314143289422,3.05205539635855,2.06874067424951e-06,2.05119658372584e-05,"Nb_vs_On","On higher"
"WDR25",37.8995702215584,-10.3200010839655,3.65473972857813,2.10043414974086e-06,2.07772675352744e-05,"Nb_vs_On","On higher"
"casc4",11.903128638626,-8.24517073398086,2.99100953688878,2.09911128723358e-06,2.07772675352744e-05,"Nb_vs_On","On higher"
"ndufv1",18.9806803812326,-8.95346486751445,3.21115263363228,2.10723844151312e-06,2.0820109390443e-05,"Nb_vs_On","On higher"
"esf1",14.6505287850564,-8.50262758595006,3.07089513493118,2.11426245883914e-06,2.08650192010643e-05,"Nb_vs_On","On higher"
"ube2d2",11.8667243135848,-8.22287776427137,2.98433651736086,2.13367374390018e-06,2.10319269041589e-05,"Nb_vs_On","On higher"
"acsl1a",22.3135529996885,-8.58374551697923,3.10035282998609,2.1784317273328e-06,2.14479979891082e-05,"Nb_vs_On","On higher"
"atl1",16.9575266472654,-8.57312824989659,3.10255217664352,2.18190006010021e-06,2.14570498900977e-05,"Nb_vs_On","On higher"
"ndufs3",13.7390258461949,-8.75017375628898,3.15278276185172,2.20342744675658e-06,2.160439312788e-05,"Nb_vs_On","On higher"
"rtn2b",18.3052124739786,7.70813403217093,2.67838315325418,2.20458228758005e-06,2.160439312788e-05,"Nb_vs_On","Nb higher"
"gtf2h3",345.579981998303,-3.91006815243786,0.978418081719159,2.2024667619162e-06,2.160439312788e-05,"Nb_vs_On","On higher"
"sept3",16.9350344596104,-8.52533290892305,3.08204289643793,2.21106341595157e-06,2.16287923184015e-05,"Nb_vs_On","On higher"
"setd5",14.6555889096899,-8.02610493590774,2.92450513490608,2.21221076100542e-06,2.16287923184015e-05,"Nb_vs_On","On higher"
"prkar2aa",17.8884225351884,-8.42859509377547,3.05229187890625,2.21875148650525e-06,2.16675754215791e-05,"Nb_vs_On","On higher"
"gclc",11.6223957194894,-8.44102752787625,3.05876034954575,2.22473132726117e-06,2.1700797581558e-05,"Nb_vs_On","On higher"
"PSMA4",20.5074295974312,-8.53482868289306,3.08179983597947,2.24161574031112e-06,2.18183892399025e-05,"Nb_vs_On","On higher"
"fam160b1",116.802409516027,4.30776369312142,0.996997558877514,2.24197038400043e-06,2.18183892399025e-05,"Nb_vs_On","Nb higher"
"ssrp1a",15.0052876639837,-8.70859886860763,3.1417294865433,2.25357362822544e-06,2.19059847602792e-05,"Nb_vs_On","On higher"
"aipl1",18.7000557400481,-8.43896611655599,3.05686112707495,2.26886772018969e-06,2.20292139199041e-05,"Nb_vs_On","On higher"
"usp37",87.1980615147737,-7.80987023376761,2.87806335568513,2.28554516879892e-06,2.21655751508632e-05,"Nb_vs_On","On higher"
"polr2l",14.3771572084667,-7.98501651946998,2.91602254395434,2.29378970863389e-06,2.22199329888148e-05,"Nb_vs_On","On higher"
"arl13a",24.294676721303,-9.16053174971779,3.29317706208886,2.31797630974592e-06,2.24284190522312e-05,"Nb_vs_On","On higher"
"rab1ab",13.2112156833794,-8.10252458017086,2.95449353757829,2.34009401104741e-06,2.2616430981627e-05,"Nb_vs_On","On higher"
"add1",14.2242673244132,-8.68630501282061,3.13456466521138,2.35166933308246e-06,2.26762341877299e-05,"Nb_vs_On","On higher"
"boka",11.0799084449631,-8.27731279931706,3.0110252638878,2.34946722479187e-06,2.26762341877299e-05,"Nb_vs_On","On higher"
"tmem127",15.5702231649655,-8.23106938779417,2.99556513337419,2.38277050941694e-06,2.29060561176811e-05,"Nb_vs_On","On higher"
"zgc:55558",15.882650961373,-7.94316154578133,2.90211268000015,2.38366656677223e-06,2.29060561176811e-05,"Nb_vs_On","On higher"
"cox15",273.726274288587,4.51686493653568,1.04419500925149,2.38019332604358e-06,2.29060561176811e-05,"Nb_vs_On","Nb higher"
"pmela",67.236830794269,-10.8027271055153,3.82611109882219,2.39402951925886e-06,2.29271222902401e-05,"Nb_vs_On","On higher"
"tfg",462.491192147024,-8.7338913881247,3.15414500120545,2.39046507282884e-06,2.29271222902401e-05,"Nb_vs_On","On higher"
"faf2",97.1947928747038,-7.85302376573094,2.88010856548188,2.39182688424498e-06,2.29271222902401e-05,"Nb_vs_On","On higher"
"eif3ea",25.020510078128,-9.62877894621687,3.44441057760991,2.39713552757311e-06,2.29307805353527e-05,"Nb_vs_On","On higher"
"col11a1a",21.5223942198308,-9.49858517905292,3.40613338647172,2.44513631879139e-06,2.33634024195072e-05,"Nb_vs_On","On higher"
"sars2",25.908697389055,-9.02913848253922,3.26215057588079,2.46672621937812e-06,2.34441009198021e-05,"Nb_vs_On","On higher"
"cox5ab",12.1797432197492,-8.52961827076849,3.09710569753597,2.47029193583564e-06,2.34441009198021e-05,"Nb_vs_On","On higher"
"ehd1a",11.741235565826,-8.39012177374215,3.0479180868062,2.45940879154868e-06,2.34441009198021e-05,"Nb_vs_On","On higher"
"mob3a",13.3134989946934,-8.19823278949527,2.99000868091264,2.46998386092517e-06,2.34441009198021e-05,"Nb_vs_On","On higher"
"fam53b",27.1835003192539,-8.11476619009097,2.96269425139975,2.457781733788e-06,2.34441009198021e-05,"Nb_vs_On","On higher"
"RNF5",14.779446594205,6.37662014476217,1.65406789438069,2.46298495144771e-06,2.34441009198021e-05,"Nb_vs_On","Nb higher"
"nsmaf",274.734624571394,-9.17767244004523,3.30231672030356,2.47389154561619e-06,2.34518232331049e-05,"Nb_vs_On","On higher"
"usp7",17.0437346540107,-8.58729001235513,3.10722299144465,2.50141021067504e-06,2.36654386086484e-05,"Nb_vs_On","On higher"
"si:dkey-103i16.6",13.9366295856472,-8.50399771735623,3.0930973835101,2.50204803536434e-06,2.36654386086484e-05,"Nb_vs_On","On higher"
"ptn",24.164082280654,-8.9088659506852,3.2175113725319,2.51579394584545e-06,2.37421002647163e-05,"Nb_vs_On","On higher"
"espn",14.4433523186144,-7.9481447475832,2.91573273669499,2.51349797353691e-06,2.37421002647163e-05,"Nb_vs_On","On higher"
"ndufb5",14.1177402134656,-8.356763902787,3.04196774244199,2.53223645805656e-06,2.38705112025981e-05,"Nb_vs_On","On higher"
"RSBN1L",12.0437305142789,-8.31796742626817,3.03163483407044,2.5643967821829e-06,2.41466354725008e-05,"Nb_vs_On","On higher"
"cdk5rap3",44.950155429118,-10.5341942851655,3.7591057962888,2.59549218985672e-06,2.44121265410211e-05,"Nb_vs_On","On higher"
"pid1",23.6105305382682,-8.56250334863242,3.11293668317339,2.60435390464002e-06,2.44681374656916e-05,"Nb_vs_On","On higher"
"sh3bgrl",19.7885055661965,-9.22876352156917,3.3256200907158,2.60933825761559e-06,2.44829607694127e-05,"Nb_vs_On","On higher"
"phactr3b",14.1230054163722,-8.57201980786936,3.12094311521009,2.6117484878751e-06,2.44829607694127e-05,"Nb_vs_On","On higher"
"baz1b",10.933109658015,-8.21065059266156,3.00192345334333,2.62687543174277e-06,2.45973719515135e-05,"Nb_vs_On","On higher"
"nelfe",149.629178787009,-7.75982363466218,2.82589790642317,2.63249841821081e-06,2.46226352049984e-05,"Nb_vs_On","On higher"
"prmt1",15.3730221497266,-8.68069580842688,3.15114396670271,2.6741877209633e-06,2.4984808252019e-05,"Nb_vs_On","On higher"
"xbp1",26.7295515227542,-9.64500379188761,3.46512692010939,2.68430632433718e-06,2.50454571078865e-05,"Nb_vs_On","On higher"
"abca4b",21.5992926867558,-8.96428756197995,3.24330095512981,2.68662957572126e-06,2.50454571078865e-05,"Nb_vs_On","On higher"
"ciao1",350.194767341376,-7.74483923841369,2.84560252382877,2.71820167977087e-06,2.53117497127336e-05,"Nb_vs_On","On higher"
"nid2a",62.4821479145507,-8.14617419404339,2.97847774407509,2.73879221077033e-06,2.54753069947676e-05,"Nb_vs_On","On higher"
"rgl2",16.1490281311272,-8.69575847183199,3.16362969259094,2.74425460902082e-06,2.54979418308358e-05,"Nb_vs_On","On higher"
"cox6b2",11.2451381586436,-8.36897523700653,3.05726091392911,2.74876974269844e-06,2.55117350540634e-05,"Nb_vs_On","On higher"
"rpl29",23.204726832968,-9.27875838929532,3.34945504628496,2.76025906943893e-06,2.55901551173314e-05,"Nb_vs_On","On higher"
"PRKD3",12.844793882308,-8.13032205639235,2.98382629812793,2.76820965293028e-06,2.56356313073345e-05,"Nb_vs_On","On higher"
"fmnl1a",15.0538238380814,-8.66293026907145,3.14935649209484,2.79186212776778e-06,2.58003444213056e-05,"Nb_vs_On","On higher"
"srebf1",15.1675125380683,-8.33779387759677,3.04790511481624,2.79212565547748e-06,2.58003444213056e-05,"Nb_vs_On","On higher"
"zgc:109982",26.3290315550664,-8.82705593524091,3.20429056811858,2.80150922622056e-06,2.58586673972859e-05,"Nb_vs_On","On higher"
"zgc:171489",478.504163425908,-8.57722377121451,3.12856611427137,2.80783736900138e-06,2.58886910977587e-05,"Nb_vs_On","On higher"
"si:ch211-103n10.5",16.4653058679161,-8.77796728689641,3.19289319141997,2.84795190663744e-06,2.62298240153982e-05,"Nb_vs_On","On higher"
"snap47",21.1973628406709,-9.30010664422733,3.3630079506967,2.86062500882655e-06,2.62370479519269e-05,"Nb_vs_On","On higher"
"atrx",14.5999322674721,-8.69086641020689,3.16127442595585,2.85662886943532e-06,2.62370479519269e-05,"Nb_vs_On","On higher"
"qrich1",158.586116335889,-8.25296856051405,3.01375946681117,2.85395403153026e-06,2.62370479519269e-05,"Nb_vs_On","On higher"
"dync1li1",13.8858551363227,-8.23794589879287,3.01836306837091,2.86120337608326e-06,2.62370479519269e-05,"Nb_vs_On","On higher"
"uox",154.088176604579,3.90062950779297,0.918932105365707,2.8674885788571e-06,2.62660705732525e-05,"Nb_vs_On","Nb higher"
"ckap5",12.952489838804,-8.35367058527259,3.05210061719359,2.88144181664559e-06,2.63651926223072e-05,"Nb_vs_On","On higher"
"cnksr1",19.8659000907884,-8.48457977757055,3.09459071770582,2.88603468446348e-06,2.63785450312851e-05,"Nb_vs_On","On higher"
"rbm5",12.88461623213,-8.51559268601781,3.10338747890006,2.89041873972257e-06,2.63899619858835e-05,"Nb_vs_On","On higher"
"optn",11.6139493750451,-8.02612755228734,2.95257677603486,2.91840552275341e-06,2.66166172161844e-05,"Nb_vs_On","On higher"
"prdx6",15.4446209035916,-8.80282704156242,3.19734593991734,2.92606743518685e-06,2.66576143608257e-05,"Nb_vs_On","On higher"
"tmbim1b",57.7851062418053,-9.83691063818493,3.54689578289842,2.959177272178e-06,2.68467588246236e-05,"Nb_vs_On","On higher"
"tmco3",19.1116651932,-8.58916208732561,3.14297298401482,2.95958567227972e-06,2.68467588246236e-05,"Nb_vs_On","On higher"
"kat6a",11.0052309353309,-8.14102922216533,2.99171864827223,2.95279913485222e-06,2.68467588246236e-05,"Nb_vs_On","On higher"
"pfdn1",15.3209646193293,-7.71295427676606,2.85283148963276,2.95526763924827e-06,2.68467588246236e-05,"Nb_vs_On","On higher"
"fkbp9",18.8449789722589,-9.13538099485836,3.3172875522846,2.98805766155206e-06,2.70758551075837e-05,"Nb_vs_On","On higher"
"degs1",60.4261469452116,-7.83723822628569,2.89052721342642,3.00187595293927e-06,2.71718191095083e-05,"Nb_vs_On","On higher"
"fzd7b",18.1804233174875,-8.85319204128404,3.22252781639876,3.03116009260667e-06,2.73780103643379e-05,"Nb_vs_On","On higher"
"sfpq",13.9423759647346,-8.4817359489178,3.10135232984506,3.02820465084967e-06,2.73780103643379e-05,"Nb_vs_On","On higher"
"si:ch211-63o20.7",18.0388700523667,-9.07717632367872,3.30463304024059,3.1009650215759e-06,2.79784818345402e-05,"Nb_vs_On","On higher"
"nop58",32.7974064520599,-7.9526821772263,2.93036789039273,3.12112712178158e-06,2.81302442303612e-05,"Nb_vs_On","On higher"
"dpp3",49.6164047021254,-7.80635948388706,2.8897261617224,3.1557771057532e-06,2.84121194398186e-05,"Nb_vs_On","On higher"
"ube2g2",11.2542181191411,-8.27016080550933,3.0378275426295,3.22968223531867e-06,2.90209642525165e-05,"Nb_vs_On","On higher"
"ddit3",143.666738075728,-7.66894478116786,2.83779102730725,3.23029739897933e-06,2.90209642525165e-05,"Nb_vs_On","On higher"
"tns2a",28.7723221896477,-9.46484871301996,3.42943538254014,3.25193138495891e-06,2.90911353863805e-05,"Nb_vs_On","On higher"
"hpcal4",18.9665908940992,-9.16538734405932,3.3342852650807,3.24215486299205e-06,2.90911353863805e-05,"Nb_vs_On","On higher"
"echs1",13.7834398274363,-8.5291319268218,3.12322501490141,3.24507559956356e-06,2.90911353863805e-05,"Nb_vs_On","On higher"
"grb10b",12.6262672972494,-8.29231257754483,3.0511714131901,3.24893234671601e-06,2.90911353863805e-05,"Nb_vs_On","On higher"
"elf2b",11.0090178735675,-8.33793979609297,3.06634313258614,3.26964011247636e-06,2.92185036802824e-05,"Nb_vs_On","On higher"
"lamb1b",103.305226969951,-8.42045828938948,3.0858686041363,3.28938985277099e-06,2.9363821612541e-05,"Nb_vs_On","On higher"
"mns1",36.3373181079091,-10.0462938099958,3.63142219277279,3.32920424249348e-06,2.96125266730871e-05,"Nb_vs_On","On higher"
"arpc2",25.9339152486526,-9.67549344341544,3.50507016610825,3.32079051556109e-06,2.96125266730871e-05,"Nb_vs_On","On higher"
"actr2b",15.6358562181055,-8.57932604322004,3.13966285257257,3.32610800955946e-06,2.96125266730871e-05,"Nb_vs_On","On higher"
"coro1b",12.8376085434902,-8.52414826269084,3.12943205679952,3.33132130665402e-06,2.96125266730871e-05,"Nb_vs_On","On higher"
"morc2",11.2723039519768,-8.12433935587695,3.00118691939766,3.36497303856836e-06,2.98801086905785e-05,"Nb_vs_On","On higher"
"add3b",19.5091183488842,-9.15592051837405,3.3320857433386,3.37806760098223e-06,2.99245958487065e-05,"Nb_vs_On","On higher"
"psmd7",15.7493283887187,-8.4477533907025,3.1002792520193,3.38390068507271e-06,2.99245958487065e-05,"Nb_vs_On","On higher"
"adcy5",14.3086962707871,-8.19921157132943,3.02839740490915,3.38420233404237e-06,2.99245958487065e-05,"Nb_vs_On","On higher"
"skib",12.062898446559,-8.11384503212573,2.99596478112244,3.38370515133482e-06,2.99245958487065e-05,"Nb_vs_On","On higher"
"rpe",17.7645590087585,-9.18441777790125,3.3520827110915,3.40255567230691e-06,3.00553133782577e-05,"Nb_vs_On","On higher"
"c2cd3",11.7814324654748,-8.64140631848623,3.17535168699548,3.44356386840079e-06,3.03856610526183e-05,"Nb_vs_On","On higher"
"gchfr",13.8750009907245,-7.7621336505911,2.88675543881738,3.47023839886849e-06,3.05889705148429e-05,"Nb_vs_On","On higher"
"chac1",19.0732604791793,-9.09496259343089,3.31589195923758,3.4866475460787e-06,3.07014634339859e-05,"Nb_vs_On","On higher"
"syt10",20.2722061063547,-9.36463728577195,3.40976681497496,3.50029988967113e-06,3.07894717567937e-05,"Nb_vs_On","On higher"
"snf8",82.2572656667192,4.17288476247855,1.00655660359319,3.51591421587027e-06,3.08945363979081e-05,"Nb_vs_On","Nb higher"
"kcnab2a",19.9185351424584,-9.22434614036757,3.36839208063887,3.55248922854107e-06,3.11833726025639e-05,"Nb_vs_On","On higher"
"zgc:86839",20.1733489930336,-9.29919754556807,3.39085314206212,3.57337434627115e-06,3.13340262988651e-05,"Nb_vs_On","On higher"
"MPDZ",11.0990849026016,-8.02274852542397,2.96961661716939,3.6199933795403e-06,3.17097859198442e-05,"Nb_vs_On","On higher"
"crebl2",15.4332347665673,-8.7385585479715,3.20289317684376,3.63012243626205e-06,3.1765458075316e-05,"Nb_vs_On","On higher"
"acot13",4027.79561562454,3.83909298285146,0.931974496554363,3.66418647287052e-06,3.20302406320083e-05,"Nb_vs_On","Nb higher"
"kctd12b",13.586342216997,-8.29483101477928,3.05876801487846,3.67399470622271e-06,3.20826633163722e-05,"Nb_vs_On","On higher"
"DCTN6",554.263719947358,-2.95655319748088,0.734084909386403,3.68258506286798e-06,3.21243534292463e-05,"Nb_vs_On","On higher"
"paics",14.4875613301798,-8.54121650663306,3.15260859551159,3.73289586717672e-06,3.25295211282543e-05,"Nb_vs_On","On higher"
"fam43a",12.3524295687943,-8.14943445521766,3.01760323398565,3.73828084567806e-06,3.25427592129451e-05,"Nb_vs_On","On higher"
"dbpb",19.4798896516162,-8.2246444587559,3.04072885283241,3.7622080702957e-06,3.27172185286666e-05,"Nb_vs_On","On higher"
"zeb2a",12.1676701394184,-8.44131298158343,3.11677945878824,3.76693663238282e-06,3.27245330974186e-05,"Nb_vs_On","On higher"
"ACTA1",34.1583853130926,6.5706554835683,1.73963727496655,3.77173912149716e-06,3.27324741492403e-05,"Nb_vs_On","Nb higher"
"tnrc18",15.8100036741841,-7.90617073400531,2.93315518353684,3.7803822103717e-06,3.27400718557738e-05,"Nb_vs_On","On higher"
"trpm5",36.6110836877678,-7.7646179798807,2.89568520340379,3.7803931864828e-06,3.27400718557738e-05,"Nb_vs_On","On higher"
"stk11",28.2783684112773,-9.83854763659318,3.58289040583924,3.78515336001747e-06,3.27476063562457e-05,"Nb_vs_On","On higher"
"sf3a1",11.6536167796041,-8.25162827951434,3.04725465645972,3.80042820078774e-06,3.28460006100936e-05,"Nb_vs_On","On higher"
"ca4a",22.0387170778178,-9.11840390070264,3.33576925846536,3.84367337267083e-06,3.31856845652749e-05,"Nb_vs_On","On higher"
"iba57",104.295029338793,3.87246099239291,0.938200573392191,3.85649482394011e-06,3.32622678564834e-05,"Nb_vs_On","Nb higher"
"zgc:195245",12.4861230435025,-8.28686887333793,3.0660742454926,3.88752570643686e-06,3.34955899660035e-05,"Nb_vs_On","On higher"
"bbip1",223.826146762406,-8.22097643120521,3.04741196290507,3.91811480730801e-06,3.37246323598352e-05,"Nb_vs_On","On higher"
"rpl30",45.6812289573223,-10.3639061990209,3.76209903139799,3.93513721783086e-06,3.38365527065375e-05,"Nb_vs_On","On higher"
"si:zfos-80g12.1",11.2512174598902,-8.36267011020547,3.09659678867864,3.96743354909086e-06,3.40619955430599e-05,"Nb_vs_On","On higher"
"cwc22",11.4441976682377,-8.32044102408818,3.08046374233334,3.96944851838225e-06,3.40619955430599e-05,"Nb_vs_On","On higher"
"usp47",13.4902958856854,-8.22903400078597,3.05273995575922,4.02250353582613e-06,3.44821127948924e-05,"Nb_vs_On","On higher"
"tprb",12.643303060602,-8.60707264891334,3.1788680679459,4.05311512795357e-06,3.46857212430103e-05,"Nb_vs_On","On higher"
"zmynd8",10.3468485638776,-8.2542138057176,3.06633785815687,4.05449628214803e-06,3.46857212430103e-05,"Nb_vs_On","On higher"
"lmf2a",15.6046097672118,-8.56106218788001,3.15848182160743,4.06010439691075e-06,3.46984353433449e-05,"Nb_vs_On","On higher"
"taf1",12.9248404320159,-8.17014874107706,3.03060999814122,4.08163581082941e-06,3.48470692247079e-05,"Nb_vs_On","On higher"
"gid8b",11.1425226801627,-7.8279883914649,2.91978868275037,4.10392580371545e-06,3.50018717484059e-05,"Nb_vs_On","On higher"
"bcap31",15.187637663975,-8.7175054576611,3.21430530530359,4.12203589686452e-06,3.50909699274225e-05,"Nb_vs_On","On higher"
"fbxo31",22.5029900172589,-7.89565672923625,2.9406669221007,4.12270958163707e-06,3.50909699274225e-05,"Nb_vs_On","On higher"
"rab21",13.0422056566883,-8.25175510975525,3.06580123240454,4.22865902659878e-06,3.59564158443521e-05,"Nb_vs_On","On higher"
"brat1",138.043858674519,-7.8416508684651,2.94785639595371,4.26616662176023e-06,3.62387392754567e-05,"Nb_vs_On","On higher"
"fkbp4",9.9979873052387,-7.85533269819749,2.93593701962727,4.28495476387552e-06,3.63616423410324e-05,"Nb_vs_On","On higher"
"sv2ba",17.5417050316749,-8.50929830557894,3.15277389226624,4.32356908751661e-06,3.66523711769535e-05,"Nb_vs_On","On higher"
"apoda.1",41.8956170100639,-10.3529338973163,3.78256317937428,4.33139065304746e-06,3.66817369389875e-05,"Nb_vs_On","On higher"
"smc3",9.95793108731953,-8.04609027866467,2.99759634486684,4.338696119336e-06,3.67066773191663e-05,"Nb_vs_On","On higher"
"grk7a",29.8258757841778,-9.29455112732584,3.41609940692557,4.34421427712937e-06,3.67164616314006e-05,"Nb_vs_On","On higher"
"s100b",12.6983163608639,-8.63559242392153,3.19711814913077,4.39900452400765e-06,3.71050301433831e-05,"Nb_vs_On","On higher"
"ece2b",11.1099625973678,-8.00418238267015,2.98435595799853,4.3959633462088e-06,3.71050301433831e-05,"Nb_vs_On","On higher"
"map6a",27.3882384843099,-8.41769451734025,3.12511178042107,4.41882357283908e-06,3.72348917278872e-05,"Nb_vs_On","On higher"
"sbf1",17.595302339164,-7.92578355871265,2.96635853862059,4.43442896883813e-06,3.73290230596793e-05,"Nb_vs_On","On higher"
"nipbla",10.1068070086107,-8.26196236674021,3.07463441064382,4.44207467926919e-06,3.73560286214666e-05,"Nb_vs_On","On higher"
"RANBP2",12.7090124043978,-8.23133611639001,3.05950719274585,4.46781971203347e-06,3.7535036263371e-05,"Nb_vs_On","On higher"
"polr1a",19.7727465059216,-7.46625692060988,2.8120791594944,4.47234940161465e-06,3.75356303716771e-05,"Nb_vs_On","On higher"
"ddx23",16.877808394896,-8.77003836724143,3.24196692841966,4.49676333160171e-06,3.77029419575928e-05,"Nb_vs_On","On higher"
"wbp2nl",31.56366602642,-7.71965638829595,2.8974335919046,4.50367462729764e-06,3.77233164304393e-05,"Nb_vs_On","On higher"
"rnf13",12.7400452990784,-8.25738771634951,3.06936275488805,4.52977980784095e-06,3.78813512422172e-05,"Nb_vs_On","On higher"
"nrbp1",11.8762402884843,-7.97459364192865,2.98490778337091,4.53154201721463e-06,3.78813512422172e-05,"Nb_vs_On","On higher"
"azin1b",11.0445470801812,-7.93981990966542,2.96970546671231,4.54773178087725e-06,3.79789743367309e-05,"Nb_vs_On","On higher"
"atp2a1",121.430150117196,6.14836569059698,1.53276755429627,4.5833525571456e-06,3.82385151893475e-05,"Nb_vs_On","Nb higher"
"si:ch73-335l21.1",13.4868544036418,-7.65986265389888,2.88081489905726,4.61020574631429e-06,3.84244672994789e-05,"Nb_vs_On","On higher"
"aadac",14.5412454430431,-8.31826365355074,3.10460669600539,4.61860415280391e-06,3.84563894740884e-05,"Nb_vs_On","On higher"
"ASTN2",21.2717896182786,-8.69552867125968,3.22688423123578,4.63863363777157e-06,3.85469081567236e-05,"Nb_vs_On","On higher"
"bzw1a",13.0292388092739,-7.90615802876974,2.95570400384047,4.63553552721535e-06,3.85469081567236e-05,"Nb_vs_On","On higher"
"znf16l",17.8895489749726,-7.9545099538991,2.98037001540669,4.68900161260956e-06,3.8927037056161e-05,"Nb_vs_On","On higher"
"plpp1a",18.0349014822024,-8.83546461882772,3.26784192894984,4.70263732811077e-06,3.90017744118586e-05,"Nb_vs_On","On higher"
"selenot2",11.2721908238535,-8.42634315753945,3.14330773859103,4.71123759938324e-06,3.90346438106379e-05,"Nb_vs_On","On higher"
"baiap2b",17.4418454912846,-7.64016685988868,2.87878361234119,4.74084323263306e-06,3.92413159609686e-05,"Nb_vs_On","On higher"
"atp6v0a1a",9.95887490790978,-8.00096329281652,2.99516015236705,4.75048401104986e-06,3.92824895923553e-05,"Nb_vs_On","On higher"
"scinlb",20.8787370002782,-9.06612673641377,3.34758019668624,4.77876039597727e-06,3.94023476353544e-05,"Nb_vs_On","On higher"
"gcn1",13.0946368756117,-8.46922104393876,3.14909174673719,4.77902078114717e-06,3.94023476353544e-05,"Nb_vs_On","On higher"
"prozb",101.585538791941,6.87430630475415,2.43087578505099,4.77101142181455e-06,3.94023476353544e-05,"Nb_vs_On","Nb higher"
"jak1",25.8521986634786,-8.51926034324408,3.16448282765211,4.83201505195997e-06,3.97613907208202e-05,"Nb_vs_On","On higher"
"lnpep",9.3738349763403,-8.09714037468742,3.02790607886396,4.8289748630911e-06,3.97613907208202e-05,"Nb_vs_On","On higher"
"hlfa",75.7360741707712,-3.16628896903741,0.797767440565438,4.84035534723194e-06,3.97911243291001e-05,"Nb_vs_On","On higher"
"ssbp3b",13.7414631020489,-8.10688713810868,3.03300773684497,4.85142178093639e-06,3.98431888311439e-05,"Nb_vs_On","On higher"
"atp6v1ba",10.9860980634643,-8.17815654620623,3.0548537275084,4.88506612633977e-06,4.00803963465187e-05,"Nb_vs_On","On higher"
"fn1b",358.4599171979,-9.05744397541607,3.3440801856072,4.93317801371436e-06,4.04357278670375e-05,"Nb_vs_On","On higher"
"apobec2b",236.069532380392,7.56632340457911,2.62570596188105,4.9584262122692e-06,4.06031438277064e-05,"Nb_vs_On","Nb higher"
"ggcta",146.125512063454,-7.8522821439021,2.95586888520779,4.97244444722313e-06,4.06783647781577e-05,"Nb_vs_On","On higher"
"zgc:91910",23.119920945719,-7.76844447082128,2.92230956823372,4.9790704511709e-06,4.06930243281132e-05,"Nb_vs_On","On higher"
"cnga3a",16.5744322840173,-8.23385371019922,3.07717261081355,4.98406617730685e-06,4.06943444040437e-05,"Nb_vs_On","On higher"
"arfgap2",281.67191896911,-7.50286721380371,2.83231937449538,5.01211864212284e-06,4.08837352028973e-05,"Nb_vs_On","On higher"
"adob",11.0855928017134,-7.607541961706,2.86657841782344,5.01720277684356e-06,4.08855885532131e-05,"Nb_vs_On","On higher"
"kdm5a",18.8630356885724,-7.97046813253172,2.98745492286374,5.04243543894623e-06,4.1051471494245e-05,"Nb_vs_On","On higher"
"dnajb6b",20.8166311172159,-8.66272930793699,3.21845504396192,5.12625177853103e-06,4.16935144653857e-05,"Nb_vs_On","On higher"
"DNAJA4",731.372967910033,-8.43115564255355,3.15372420737679,5.13308499948276e-06,4.17087929784227e-05,"Nb_vs_On","On higher"
"eif3k",21.57217009348,-8.83746927143263,3.28441245131899,5.17701942680426e-06,4.19443210152438e-05,"Nb_vs_On","On higher"
"canx",18.8772216666616,-7.98307579918785,2.9942426196509,5.1767699065464e-06,4.19443210152438e-05,"Nb_vs_On","On higher"
"si:ch211-191d15.2",185.423945820122,-3.95487387855257,1.0492043615085,5.17151303203188e-06,4.19443210152438e-05,"Nb_vs_On","On higher"
"ireb2",287.545793743143,-7.96986870368368,2.99613808844104,5.19193494044359e-06,4.19996848901326e-05,"Nb_vs_On","On higher"
"phactr1",134.011579280631,-7.59291118831192,2.87236961086661,5.19383131036209e-06,4.19996848901326e-05,"Nb_vs_On","On higher"
"prrc2c",15.1304669026497,-8.24966782865316,3.08997836622173,5.21682968386533e-06,4.21451749316491e-05,"Nb_vs_On","On higher"
"selenoo1",13.0650706403716,-7.81894673445673,2.94469434413443,5.22274827703374e-06,4.21525359502109e-05,"Nb_vs_On","On higher"
"notch2",20.2428951853763,-9.14327382950279,3.39322136780326,5.2777161120221e-06,4.25553776159023e-05,"Nb_vs_On","On higher"
"ing3",15.8939270907509,-7.95605531958757,2.99383501097978,5.29603766883989e-06,4.26622441112863e-05,"Nb_vs_On","On higher"
"gpx3",30.440614043121,-8.52203350192443,3.17823546262143,5.3431984388041e-06,4.3000998525672e-05,"Nb_vs_On","On higher"
"si:ch211-285f17.1",17.916975952963,-8.69385151319539,3.242310543117,5.37646930391539e-06,4.31670609732814e-05,"Nb_vs_On","On higher"
"snd1",16.0232060397444,-8.67502669531207,3.23178526778824,5.37669066007016e-06,4.31670609732814e-05,"Nb_vs_On","On higher"
"MCMDC2",65.9136946232914,7.02317107071747,2.49224253466546,5.3792167927028e-06,4.31670609732814e-05,"Nb_vs_On","Nb higher"
"mmp14b",37.0175471347523,-10.1137579667703,3.74226267400453,5.47250082243909e-06,4.38320760449974e-05,"Nb_vs_On","On higher"
"ube2v2",14.5875112754044,-7.95108058096012,2.99483334028323,5.46883652386123e-06,4.38320760449974e-05,"Nb_vs_On","On higher"
"twf1a",87.5254517676165,-7.75239160221606,2.92597892036462,5.4911924316871e-06,4.39399789828346e-05,"Nb_vs_On","On higher"
"ZCCHC24",688.666847079799,-7.46486361305488,2.82802422961861,5.5020544241153e-06,4.3985084655463e-05,"Nb_vs_On","On higher"
"spcs2",21.6715012411972,-8.58571485552872,3.20347538997222,5.52722976762387e-06,4.414442142681e-05,"Nb_vs_On","On higher"
"phf23b",11.1790970022675,-7.69144370880288,2.90556434501155,5.55171780492432e-06,4.42979720207137e-05,"Nb_vs_On","On higher"
"pnisr",12.8194411852659,-8.2451658442348,3.09555920634236,5.5601981662994e-06,4.43236251552163e-05,"Nb_vs_On","On higher"
"vrk2",37.6227397503828,-7.72930549499438,2.92563950610073,5.58860679712625e-06,4.4507939468504e-05,"Nb_vs_On","On higher"
"rom1b",240.961218171622,-3.40137523296894,0.884977339488957,5.60120673964269e-06,4.45661231893309e-05,"Nb_vs_On","On higher"
"UPF2",12.1542444359183,-7.98612459312799,3.01239238566196,5.63371398004403e-06,4.47824403059591e-05,"Nb_vs_On","On higher"
"gc2",31.393885302433,-9.12610765909129,3.39358256003639,5.64523200164771e-06,4.48316631979909e-05,"Nb_vs_On","On higher"
"fbxo9",13.8625902009444,-8.44031885875876,3.15572436861483,5.66918219701399e-06,4.49407392559872e-05,"Nb_vs_On","On higher"
"dpysl3",19.3129073950057,-8.05792084444532,3.02604633164835,5.66964422545241e-06,4.49407392559872e-05,"Nb_vs_On","On higher"
"ndufa12",13.5468180529085,-8.32677337348867,3.11933455356997,5.69248458041022e-06,4.50793369688553e-05,"Nb_vs_On","On higher"
"sf3a3",14.7088234130226,-8.30476035486147,3.11838376762642,5.70977829463968e-06,4.51737910566512e-05,"Nb_vs_On","On higher"
"ccdc80",18.0203530214198,-8.68660177356874,3.24376507320426,5.74832230040756e-06,4.53962019349211e-05,"Nb_vs_On","On higher"
"madd",12.2674977954709,-7.63301027525893,2.89174518423578,5.74867560734449e-06,4.53962019349211e-05,"Nb_vs_On","On higher"
"per3",11.0402955168977,-8.13143259049075,3.06376151055835,5.8055597080527e-06,4.58024382590325e-05,"Nb_vs_On","On higher"
"vapb",9.67669694550619,-7.73860304761433,2.92866768739018,5.84990308967471e-06,4.61090676113125e-05,"Nb_vs_On","On higher"
"fbln1",43.2259975592741,-10.153832854823,3.76970352589076,5.8729951941747e-06,4.624777693598e-05,"Nb_vs_On","On higher"
"si:ch211-51c14.1",18.1954195856735,-8.65992462737609,3.24182144527177,5.88684593310902e-06,4.63135224905717e-05,"Nb_vs_On","On higher"
"ash1l",9.67413255842338,-7.9118311256465,2.98729357653786,5.89266970859915e-06,4.6316053788037e-05,"Nb_vs_On","On higher"
"mapk8a",441.145522480895,4.88849920155339,1.19783039464941,5.9053071484192e-06,4.63720854248067e-05,"Nb_vs_On","Nb higher"
"tp53bp2a",14.7270934424425,-8.61154220411958,3.23003126827713,5.95376599138335e-06,4.66337846412386e-05,"Nb_vs_On","On higher"
"antxr1d",12.4331044380851,-8.33494125185584,3.1360983366355,5.95240591230322e-06,4.66337846412386e-05,"Nb_vs_On","On higher"
"kansl1a",765.568309439314,-7.96709852707763,3.00888852126065,5.95525284976615e-06,4.66337846412386e-05,"Nb_vs_On","On higher"
"cenpv",12.0521756335743,-8.52449845178309,3.20523514996978,5.97440534003786e-06,4.67402826695527e-05,"Nb_vs_On","On higher"
"zgc:171704",25.2834454418058,7.63466759302254,2.04168422199146,5.98695697358498e-06,4.67949896041211e-05,"Nb_vs_On","Nb higher"
"tmem101",1424.59959708403,4.7587234821819,1.20831981261507,5.9950253437533e-06,4.68145856620736e-05,"Nb_vs_On","Nb higher"
"slc20a1a",17.1132169053303,-8.61795343823705,3.23263597174381,6.04165640743356e-06,4.70913552201627e-05,"Nb_vs_On","On higher"
"YBX2",28.5755945087295,7.24233256013618,1.96932469003714,6.03696035840456e-06,4.70913552201627e-05,"Nb_vs_On","Nb higher"
"poldip2",11.7232766626128,-7.49427415269456,2.85226618004727,6.07170603064327e-06,4.72817958982008e-05,"Nb_vs_On","On higher"
"DDX39A",15.4876104731902,-8.72734091182347,3.2695754422079,6.11667021602774e-06,4.75879204052879e-05,"Nb_vs_On","On higher"
"itgb1a",29.4874661204,-8.97130994181972,3.35102419431736,6.15456764653808e-06,4.7838550737357e-05,"Nb_vs_On","On higher"
"ddost",14.3275667763087,-8.34073075912791,3.13909397980207,6.16259947583652e-06,4.78567918704721e-05,"Nb_vs_On","On higher"
"prpf38b",11.9763447478662,-7.69742583164241,2.91853640456091,6.19839318209493e-06,4.80903906054148e-05,"Nb_vs_On","On higher"
"tardbp",16.3296072164463,-8.01178032831733,3.02759582230559,6.20720340100364e-06,4.81143998431387e-05,"Nb_vs_On","On higher"
"rps21",28.6329996183787,-9.51242899834937,3.54275685141302,6.21437350213097e-06,4.81256634231265e-05,"Nb_vs_On","On higher"
"hspb6",15.116521559653,-8.02245459626379,3.03918555805943,6.26786963411008e-06,4.84953369300907e-05,"Nb_vs_On","On higher"
"mrpl48",31.516698214642,-7.7985423611255,2.95556459842772,6.29060675232638e-06,4.86049079093055e-05,"Nb_vs_On","On higher"
"tjp1a",11.1927618650397,-7.73245563324831,2.93190293158424,6.29357918996709e-06,4.86049079093055e-05,"Nb_vs_On","On higher"
"si:ch211-203k16.3",105.95641029389,-8.02070398705621,3.03464623302391,6.29940851640424e-06,4.86053353722189e-05,"Nb_vs_On","On higher"
"cul1b",13.6077462096817,-8.31144256252774,3.1282981613928,6.3525656559113e-06,4.88665307629185e-05,"Nb_vs_On","On higher"
"lemd3",13.8384865697623,-8.20027003307848,3.09935629953738,6.3622853072177e-06,4.88665307629185e-05,"Nb_vs_On","On higher"
"GMFG",28.7653977144,-7.6607603102711,2.91299870152032,6.35758675685227e-06,4.88665307629185e-05,"Nb_vs_On","On higher"
"hlcs",23.8490378282536,-7.56492381823892,2.87994993178078,6.36136829130112e-06,4.88665307629185e-05,"Nb_vs_On","On higher"
"aldh3b1",301.741263482192,-7.21789087261624,2.76213200727916,6.34862720865514e-06,4.88665307629185e-05,"Nb_vs_On","On higher"
"pawr",16.2885942161051,-8.62365003040144,3.24804210039242,6.38631144210387e-06,4.89617210561297e-05,"Nb_vs_On","On higher"
"guk1b",82.3944502608134,-8.60467625749529,3.23424345104521,6.38408498276595e-06,4.89617210561297e-05,"Nb_vs_On","On higher"
"plcd1a",37.3890373150891,-8.66649516188615,3.26061941343442,6.40440985287187e-06,4.90557981269112e-05,"Nb_vs_On","On higher"
"psmd12",10.1728048706122,-7.96467189544874,3.01694523297663,6.42605275015469e-06,4.91768291370929e-05,"Nb_vs_On","On higher"
"fscn1b",10.9109907698005,-8.3308214967347,3.14174572046932,6.46561689609084e-06,4.94346621537627e-05,"Nb_vs_On","On higher"
"dnajc3a",374.174891429824,4.2606001364614,1.05985987786579,6.50040218960516e-06,4.96555223521744e-05,"Nb_vs_On","Nb higher"
"LLGL1",314.091329905172,-7.45754661431411,2.83816499767085,6.5413224309855e-06,4.99074415094077e-05,"Nb_vs_On","On higher"
"rps27a",719.786257272028,-5.50607509005676,1.5756820366775,6.54523823074199e-06,4.99074415094077e-05,"Nb_vs_On","On higher"
"zranb2",11.9130140905896,-8.0386530266203,3.04429552656927,6.605383324496e-06,5.03204677154817e-05,"Nb_vs_On","On higher"
"gpr143",89.1643606449849,-8.39996051584284,3.17773830664188,6.62488215277215e-06,5.03778301373405e-05,"Nb_vs_On","On higher"
"irs2a",16.5670093596966,-7.49672254659291,2.85571176521513,6.62029359531731e-06,5.03778301373405e-05,"Nb_vs_On","On higher"
"clic2",13.7323028774934,-8.69654128363411,3.27354149701371,6.65186992713681e-06,5.04918314216751e-05,"Nb_vs_On","On higher"
"alas1",14.2712206608444,-8.58599934985281,3.23220460016931,6.64878804138761e-06,5.04918314216751e-05,"Nb_vs_On","On higher"
"SNIP1",10.4462202706709,-7.9241686220201,3.00967405998862,6.66731231207308e-06,5.05179433330614e-05,"Nb_vs_On","On higher"
"rnf40",26.2524520661298,-7.88338503210819,2.99672936967808,6.66676977260808e-06,5.05179433330614e-05,"Nb_vs_On","On higher"
"glrx",71.143834726336,-3.43541012616802,0.897861522166304,6.67469478639826e-06,5.05283999207739e-05,"Nb_vs_On","On higher"
"adam22",47.6289383335016,-10.0517927125277,3.75247637951443,6.69930864885527e-06,5.06691646056277e-05,"Nb_vs_On","On higher"
"SMARCA4",9.39702221337863,-7.96431737643869,3.02267267251511,6.72248157327731e-06,5.07778818812661e-05,"Nb_vs_On","On higher"
"g3bp1",10.5088901428672,-7.93093903230713,3.00504678126411,6.72574700613112e-06,5.07778818812661e-05,"Nb_vs_On","On higher"
"farp2",29.4533654373668,-7.95025395220499,3.01060306640471,6.75276032028959e-06,5.09118055616284e-05,"Nb_vs_On","On higher"
"vars2",19.6458395039962,-7.93660851199801,3.01315284448142,6.76030173817829e-06,5.09118055616284e-05,"Nb_vs_On","On higher"
"hgd",929.362073251527,4.40843035100246,1.11719375557661,6.76162967663346e-06,5.09118055616284e-05,"Nb_vs_On","Nb higher"
"TMX3",12.2571878644979,-7.98634023515575,3.03481929933525,6.79928259057774e-06,5.10782123586144e-05,"Nb_vs_On","On higher"
"CTNNB1",13.1224271970346,-7.98371430347951,3.02470126041328,6.80193348230064e-06,5.10782123586144e-05,"Nb_vs_On","On higher"
"rdh1",98.5096567150158,5.16639648088079,1.28238692755601,6.79208955217237e-06,5.10782123586144e-05,"Nb_vs_On","Nb higher"
"lysmd2",1056.34734419961,-8.0424378764197,3.05350925817675,6.87618284897101e-06,5.15897568829215e-05,"Nb_vs_On","On higher"
"mrpl4",14.7678216470913,-8.71424071554545,3.287657780199,6.94104372426102e-06,5.19375165074038e-05,"Nb_vs_On","On higher"
"esyt1a",11.0305713715718,-8.487543577182,3.20949432933737,6.93235832273701e-06,5.19375165074038e-05,"Nb_vs_On","On higher"
"fis1",9.63367413700858,-8.02378572866133,3.04728012210086,6.93644980510936e-06,5.19375165074038e-05,"Nb_vs_On","On higher"
"copa",10.5687530197815,-8.26953857231037,3.13313188119873,7.01625096469491e-06,5.2453641759149e-05,"Nb_vs_On","On higher"
"asb12b",281.571143115523,-4.35805889060736,1.19975882467768,7.08887553717176e-06,5.29495601347931e-05,"Nb_vs_On","On higher"
"CNNM1",533.174869046783,-8.94450463976045,3.36517953093021,7.1083833952871e-06,5.30482016148287e-05,"Nb_vs_On","On higher"
"PM20D2",22.5653054891741,6.23544491428168,1.53718583911659,7.19145702958385e-06,5.36206246900238e-05,"Nb_vs_On","Nb higher"
"ankhd1",12.7501757946762,-8.34528248035201,3.15968954767475,7.26867569204347e-06,5.41484176775416e-05,"Nb_vs_On","On higher"
"rnf20",10.94005104935,-7.99681343367354,3.04771971604875,7.29190745537665e-06,5.42734544291429e-05,"Nb_vs_On","On higher"
"map3k5",12.887420996757,-8.32498862990484,3.15108459315204,7.2996058385504e-06,5.42827579054039e-05,"Nb_vs_On","On higher"
"fez1",12.1911038872161,-7.9278110280406,3.02154882191145,7.3264268321624e-06,5.44341227476991e-05,"Nb_vs_On","On higher"
"ypel3",15.6898561311024,-8.04584100057864,3.05455702481388,7.33596561910848e-06,5.44569299661862e-05,"Nb_vs_On","On higher"
"TENT5A",24.946118129141,-7.87277810048521,2.99953435481144,7.36806105200022e-06,5.46068306438581e-05,"Nb_vs_On","On higher"
"chtopa",15.0297077355132,-7.8726907961483,3.00077985685724,7.36913276448358e-06,5.46068306438581e-05,"Nb_vs_On","On higher"
"pola2",184.997695200744,-9.37118734463161,3.52485118428427,7.44874536583106e-06,5.51482308615355e-05,"Nb_vs_On","On higher"
"hbp1",14.9159436679454,-8.21100532170844,3.1162567536703,7.45891008655295e-06,5.5174960552375e-05,"Nb_vs_On","On higher"
"ndnl2",13.9579843602824,-8.4692303950427,3.20997547643936,7.4810685125617e-06,5.5290285108643e-05,"Nb_vs_On","On higher"
"si:ch211-176g6.2",18.6872151489925,-7.94451821603651,3.03175745553357,7.49262964455694e-06,5.53271546911231e-05,"Nb_vs_On","On higher"
"mbnl1",18.3093648617429,-8.97406403204831,3.38908627999438,7.53823519814126e-06,5.56151304977679e-05,"Nb_vs_On","On higher"
"eef2k",9.45046964185742,-7.90110873388128,3.01699699406071,7.56259119318914e-06,5.57459655553995e-05,"Nb_vs_On","On higher"
"acadvl",12.0770223325066,-8.29279952391403,3.14965001280505,7.58523974702812e-06,5.5863996667089e-05,"Nb_vs_On","On higher"
"smarcad1a",141.539451783176,-8.5897102092509,3.26003032900432,7.59916230331559e-06,5.59176121235233e-05,"Nb_vs_On","On higher"
"psmb2",11.1305093242995,-8.3407409543833,3.16810723788287,7.62658828466752e-06,5.60704106378438e-05,"Nb_vs_On","On higher"
"daam2",11.8341017186248,-8.04464027630596,3.06811869426982,7.64581568200205e-06,5.61627193814078e-05,"Nb_vs_On","On higher"
"mta2",8.79294179074532,-7.48269608341038,2.87408035426683,7.66190262728561e-06,5.62318189332958e-05,"Nb_vs_On","On higher"
"selenow2a",19.1501671694134,-9.04306490039468,3.41906240431087,7.70280572610137e-06,5.64827688173531e-05,"Nb_vs_On","On higher"
"scube1",18.4316608340437,-8.57260263655503,3.25253446287586,7.88285351666482e-06,5.77527074876279e-05,"Nb_vs_On","On higher"
"otofa",23.796906190109,-9.4918588129239,3.59519896213795,7.90562182112827e-06,5.7869151730659e-05,"Nb_vs_On","On higher"
"grinaa",22.2572940168726,-7.72326077421072,2.95610426537861,7.97158732737921e-06,5.8301322434299e-05,"Nb_vs_On","On higher"
"slc25a19",22.0888517195527,-8.83064665885065,3.35294396736276,8.02818135307419e-06,5.86642626998078e-05,"Nb_vs_On","On higher"
"calub",14.8055567653216,-8.53940408191478,3.24141345493119,8.04224074170772e-06,5.87160299771861e-05,"Nb_vs_On","On higher"
"iqgap2",13.8492658429125,-8.62149408281187,3.27606825262292,8.08996071315756e-06,5.89176070246281e-05,"Nb_vs_On","On higher"
"myef2",33.8868717880294,-7.79574210271227,2.98442364584423,8.07708561772862e-06,5.89176070246281e-05,"Nb_vs_On","On higher"
"parapinopsina",33.8555202541861,6.91539324892743,2.51416939192941,8.09084743650156e-06,5.89176070246281e-05,"Nb_vs_On","Nb higher"
"zc4h2",95.6156687646671,3.63314798650394,0.916504966128268,8.15905008726882e-06,5.93629072036551e-05,"Nb_vs_On","Nb higher"
"trpc1",33.8370443938893,-8.23671682273673,3.14836334361197,8.19937876020295e-06,5.96048103656204e-05,"Nb_vs_On","On higher"
"ARHGDIA",18.6375592904446,-8.57105396214598,3.25684466153666,8.2067110891389e-06,5.96066384369036e-05,"Nb_vs_On","On higher"
"tsc1b",11.5442054357008,-8.37602314095759,3.19847894231708,8.22463201055065e-06,5.9685303676565e-05,"Nb_vs_On","On higher"
"she",20.0265551368953,-7.52961030513143,2.89473657698775,8.24961016236258e-06,5.981500288266e-05,"Nb_vs_On","On higher"
"lifra",10.7265450713773,-7.94524302614102,3.0395739817196,8.29377553255716e-06,6.00834788580604e-05,"Nb_vs_On","On higher"
"NAA15",9.25719641878375,-7.85148915193368,3.00476096551068,8.3207306531261e-06,6.018827446054e-05,"Nb_vs_On","On higher"
"shisa2b",1157.78372744497,-7.43488064830622,2.86612956312937,8.32254115847808e-06,6.018827446054e-05,"Nb_vs_On","On higher"
"emp1",218.624356806709,5.4091593594606,1.3336528631118,8.39439054888117e-06,6.06557765154349e-05,"Nb_vs_On","Nb higher"
"tmem205",13.3785480320095,-8.45589723554392,3.23050853022805,8.4058283286327e-06,6.06863317928216e-05,"Nb_vs_On","On higher"
"naa10",20.5272575754858,-8.86318079358544,3.36711397071088,8.47343722274872e-06,6.10696871071051e-05,"Nb_vs_On","On higher"
"mlf2",10.8423964357297,-8.24269523586935,3.150194093732,8.47313709374213e-06,6.10696871071051e-05,"Nb_vs_On","On higher"
"ptpdc1b",69.1005280994093,-3.40834876155793,0.913871830662804,8.53678813730719e-06,6.14736377586415e-05,"Nb_vs_On","On higher"
"cnpy3",9.53671919304309,-7.88406288147115,3.02591255162421,8.56464931475964e-06,6.16215537877322e-05,"Nb_vs_On","On higher"
"palld",27.6714665731369,-7.90975019394062,3.03440095517092,8.58165342804328e-06,6.16911687081711e-05,"Nb_vs_On","On higher"
"eif4g2b",8.75949726381737,-7.7283914427916,2.97461604343947,8.5930327647491e-06,6.17202643461245e-05,"Nb_vs_On","On higher"
"ube2al",119.632427075412,-7.95520938264594,3.04419415792688,8.64837105097014e-06,6.20647804834327e-05,"Nb_vs_On","On higher"
"pex5",17.475093580399,-8.25380376665934,3.15441296662966,8.71234522256205e-06,6.23647438827201e-05,"Nb_vs_On","On higher"
"ncoa5",15.5950017797863,-7.70402087817563,2.95941957933564,8.71239472631015e-06,6.23647438827201e-05,"Nb_vs_On","On higher"
"syt11b",10.13835705019,-7.59893874902738,2.92177259635644,8.70977134746094e-06,6.23647438827201e-05,"Nb_vs_On","On higher"
"pik3ip1",42.4112722504498,-8.1049326154591,3.10130376205789,8.74654451374188e-06,6.25559997592856e-05,"Nb_vs_On","On higher"
"stxbp3",14.402726409087,-8.42337749382128,3.21153439832392,8.75883309939401e-06,6.25753539178783e-05,"Nb_vs_On","On higher"
"psmd6",14.2461125751621,-8.39797275630133,3.20290002132152,8.7641176371084e-06,6.25753539178783e-05,"Nb_vs_On","On higher"
"strn3",9.53419276321685,-7.59968666848015,2.92827801989349,8.7721221703935e-06,6.25794274833665e-05,"Nb_vs_On","On higher"
"klhl40b",18.2304448335194,6.31331419976843,1.62557545398872,8.79364373381316e-06,6.26798416183228e-05,"Nb_vs_On","Nb higher"
"dlat",20.4643095099214,-7.32628982232538,2.82918304666949,8.83459328295235e-06,6.29184486090464e-05,"Nb_vs_On","On higher"
"mrtfab",11.0989824517463,-8.23592330355648,3.15154299644451,8.93350396965043e-06,6.35690924907163e-05,"Nb_vs_On","On higher"
"hsf2",9.54380381968704,-7.90521512753614,3.04263291815697,8.96325192751713e-06,6.37269043292561e-05,"Nb_vs_On","On higher"
"fasn",176.605707954651,-7.30578078023502,2.82219044396442,9.02813945382053e-06,6.4134074196001e-05,"Nb_vs_On","On higher"
"mtor",9.62995653680393,-8.10298134805817,3.10725412278118,9.08294207477068e-06,6.44689767162054e-05,"Nb_vs_On","On higher"
"rbm8a",13.4914513727171,-8.51932022396716,3.25589607788242,9.11865194592672e-06,6.46679124522419e-05,"Nb_vs_On","On higher"
"actr1",11.1095192168601,-8.23683981986458,3.15529155569892,9.20879009813681e-06,6.52521843822522e-05,"Nb_vs_On","On higher"
"nln",22.4267898501854,-9.27975992033933,3.53425485464384,9.23090822993095e-06,6.52989793945872e-05,"Nb_vs_On","On higher"
"flot1b",9.49232158132324,-8.00110958384373,3.07772072364531,9.22935371756851e-06,6.52989793945872e-05,"Nb_vs_On","On higher"
"zbtb12.1",358.126094899706,-7.40389496262773,2.87389053299157,9.271664230192e-06,6.55322161962689e-05,"Nb_vs_On","On higher"
"cngb1b",11.2290781971632,-8.38228539723804,3.21089544369321,9.29213935240101e-06,6.56218364668722e-05,"Nb_vs_On","On higher"
"nhlrc2",25.6725657925642,-8.18362109496879,3.14882134861286,9.30542336323586e-06,6.56605648547523e-05,"Nb_vs_On","On higher"
"id1",19.4629342836216,-8.54910265975308,3.26618011860852,9.331370943611e-06,6.57885097180213e-05,"Nb_vs_On","On higher"
"uqcr10",27.5305775097041,-8.04687162155623,3.08589120228872,9.36921766335999e-06,6.60000621675016e-05,"Nb_vs_On","On higher"
"rabgap1",10.0902134549016,-7.79312093696034,3.00064581421744,9.42674814421566e-06,6.63498042458256e-05,"Nb_vs_On","On higher"
"eif2b4",270.522242831987,-7.47103228718289,2.88320473158907,9.44637869520259e-06,6.64324276158859e-05,"Nb_vs_On","On higher"
"anxa4",17.3805296042164,-9.00577582908414,3.43851892698225,9.45774736809352e-06,6.64568592192081e-05,"Nb_vs_On","On higher"
"mrps33",12.9681583819637,-7.56773331408142,2.92086769253516,9.60485542995858e-06,6.74342560545383e-05,"Nb_vs_On","On higher"
"nucb1",12.1064007180363,-8.32879531713194,3.19158920163771,9.62569737186513e-06,6.75242670636339e-05,"Nb_vs_On","On higher"
"kank3",29.3196790342924,-9.52389997217652,3.62722368111407,9.63624413043445e-06,6.7541967601996e-05,"Nb_vs_On","On higher"
"rps3a",312.934632446084,-5.88564849717764,1.75432271844015,9.67450588888491e-06,6.77537359173321e-05,"Nb_vs_On","On higher"
"GPS2",301.013155816093,-7.19615142194425,2.80070190737004,9.70079505079251e-06,6.78813738466927e-05,"Nb_vs_On","On higher"
"arcn1b",12.8461585045988,-8.17014258817939,3.13807965940124,9.71841614932905e-06,6.79019622906787e-05,"Nb_vs_On","On higher"
"picalmb",10.4499417390206,-7.78780174181617,3.00589554913143,9.71986986935944e-06,6.79019622906787e-05,"Nb_vs_On","On higher"
"itga6b",26.2962576925116,-7.12200477670716,2.77400939464909,9.75312575839314e-06,6.80777882538586e-05,"Nb_vs_On","On higher"
"ccdc137",56.456280768623,5.26383853363502,1.31164747260067,9.80124364997727e-06,6.83569751826915e-05,"Nb_vs_On","Nb higher"
"kansl3",10.6365002427785,-8.30098712122152,3.19171054340243,9.81458863264002e-06,6.83933833688441e-05,"Nb_vs_On","On higher"
"arpc4l",24.7572015844999,-8.46256752428189,3.24085041665811,9.83186500488249e-06,6.8457104723822e-05,"Nb_vs_On","On higher"
"dcaf11",10.6884118927255,-8.13423475239503,3.13261590439856,9.91610526961754e-06,6.89865902145789e-05,"Nb_vs_On","On higher"
"fnbp1b",11.1993231889575,-7.72468536777357,2.98962598296306,1.00516920329365e-05,6.9872125130685e-05,"Nb_vs_On","On higher"
"itpr2",10.0134681702836,-8.08369095274126,3.12276292328514,1.01053212046966e-05,7.01869586643038e-05,"Nb_vs_On","On higher"
"rpn1",33.4597832715806,-8.08023264804942,3.10815189228937,1.01148727240969e-05,7.01953821858598e-05,"Nb_vs_On","On higher"
"mrps28",20.7382995349104,-8.00474256077858,3.09036088063337,1.0131585153568e-05,7.02534463119733e-05,"Nb_vs_On","On higher"
"akt3a",9.39572204551535,-8.02793984289673,3.10148032474309,1.01575557964939e-05,7.03755594196592e-05,"Nb_vs_On","On higher"
"stat3",11.4265090434149,-8.2586030206716,3.17978660778292,1.02129467311028e-05,7.07011394592294e-05,"Nb_vs_On","On higher"
"EZH1",15.7637097800091,-8.57395608162874,3.28646107407202,1.02356226044156e-05,7.07417660787937e-05,"Nb_vs_On","On higher"
"sema3ga",55.9404473948702,-7.74077053911514,2.99795663328172,1.02349628114711e-05,7.07417660787937e-05,"Nb_vs_On","On higher"
"GHITM",12.1085060039894,-8.22793819701519,3.16242217642638,1.02612169788158e-05,7.0856686635881e-05,"Nb_vs_On","On higher"
"stpg1",64.3905827241929,6.57469394778666,2.41706758275893,1.02690850196929e-05,7.0856686635881e-05,"Nb_vs_On","Nb higher"
"cplx4c",13.4668321324616,-8.21458681796683,3.17092831360676,1.03561003837758e-05,7.13985692306508e-05,"Nb_vs_On","On higher"
"rbm39b",10.500227374199,-7.39157611026667,2.87727134792871,1.03701812699159e-05,7.14371406957053e-05,"Nb_vs_On","On higher"
"zgc:163080",4586.6637187792,3.78582433527593,0.986081062342745,1.0396907875072e-05,7.15626905088763e-05,"Nb_vs_On","Nb higher"
"hhipl2",21.3494748189983,-8.23823839389472,3.17913427885984,1.04396208455659e-05,7.17979806192593e-05,"Nb_vs_On","On higher"
"rnf6",14.1636300628759,-8.28710845303361,3.19853000930396,1.04553302072893e-05,7.18473221918055e-05,"Nb_vs_On","On higher"
"nup88",148.438895887823,-7.29190013383837,2.84936533274514,1.05382004056603e-05,7.23577251344604e-05,"Nb_vs_On","On higher"
"coro2ba",396.223627032703,4.16768688340972,1.0617882968623,1.05518689025945e-05,7.23925284613209e-05,"Nb_vs_On","Nb higher"
"pgm1",12.0772871681702,-8.44784436143411,3.25477259602515,1.06069629899359e-05,7.27112495515311e-05,"Nb_vs_On","On higher"
"fubp1",12.1644833472187,-8.17160937567921,3.15298288630225,1.06241576263879e-05,7.2769860780255e-05,"Nb_vs_On","On higher"
"kmt2e",12.5197310365406,-8.41820241216841,3.2443059479257,1.06702420098611e-05,7.30260953162692e-05,"Nb_vs_On","On higher"
"aldh3a2b",9.39619168730933,-7.86150006965231,3.04798902823461,1.07039058825059e-05,7.31969778382897e-05,"Nb_vs_On","On higher"
"med12",8.90524791685169,-7.49327272120575,2.9152499379952,1.0739737883207e-05,7.33823973221075e-05,"Nb_vs_On","On higher"
"pdgfra",20.6881150349677,-9.03956363266152,3.47358134337211,1.07753300117417e-05,7.35658783770004e-05,"Nb_vs_On","On higher"
"dctn2",10.1818745855558,-8.00907434835763,3.09466555121476,1.0823547220702e-05,7.37157123817713e-05,"Nb_vs_On","On higher"
"gnsa",9.05044050958188,-7.54013079718237,2.93425790623981,1.08137955508647e-05,7.37157123817713e-05,"Nb_vs_On","On higher"
"cavin2a",19.6753072767956,-7.30682095848931,2.85474684931352,1.0818522804577e-05,7.37157123817713e-05,"Nb_vs_On","On higher"
"GCDH",9.49986871735339,-7.62837691000954,2.97305896795425,1.08837368817605e-05,7.40657211565561e-05,"Nb_vs_On","On higher"
"alg8",11.2247423405011,-8.14456084028938,3.15304667563681,1.09091761571453e-05,7.41788730943852e-05,"Nb_vs_On","On higher"
"FH",198.446535809657,-7.15097740050373,2.78927470455398,1.09722337829757e-05,7.45474285593943e-05,"Nb_vs_On","On higher"
"scfd1",13.4766045385233,-8.33485586969242,3.21641681892967,1.10085608099867e-05,7.46752418730123e-05,"Nb_vs_On","On higher"
"ccdc9",11.6563581623554,-8.25554681876041,3.19103975934463,1.10087877363279e-05,7.46752418730123e-05,"Nb_vs_On","On higher"
"psat1",9.0863728372281,-7.78072356233681,3.0272572894549,1.10616625770623e-05,7.49734908000888e-05,"Nb_vs_On","On higher"
"cdr2a",16.2063159076174,-7.97593953662975,3.09023952645663,1.11761294111763e-05,7.56275380894549e-05,"Nb_vs_On","On higher"
"si:dkey-33c12.3",11.2123451755188,-7.74290290203292,3.00859341576911,1.11679505435447e-05,7.56275380894549e-05,"Nb_vs_On","On higher"
"fgf8b",13.4478744543974,-8.11929970276533,3.15349450855686,1.12380547369597e-05,7.58684730216999e-05,"Nb_vs_On","On higher"
"zgc:172122",11.0146266811955,-7.98280310365212,3.09698864229694,1.12352769428044e-05,7.58684730216999e-05,"Nb_vs_On","On higher"
"dhrs7b",183.234085166375,3.63465607504674,0.921239921696285,1.12387723756308e-05,7.58684730216999e-05,"Nb_vs_On","Nb higher"
"plecb",12.7644576119429,-8.27345144380413,3.20204434926517,1.13185482414131e-05,7.62846590041759e-05,"Nb_vs_On","On higher"
"csnk2a1",9.94148547851134,-7.95740065229044,3.08963206628207,1.13184548789959e-05,7.62846590041759e-05,"Nb_vs_On","On higher"
"loxl3b",27.3383316112365,-9.16592778809214,3.52650024767164,1.14518607301872e-05,7.71214109013729e-05,"Nb_vs_On","On higher"
"u2af2a",12.4345131777742,-7.61015426004387,2.96612013598564,1.15426933305812e-05,7.76709771837191e-05,"Nb_vs_On","On higher"
"arfgef1",8.36247718475588,-7.51371942017872,2.92972626491538,1.15577460904852e-05,7.77101490333102e-05,"Nb_vs_On","On higher"
"aqp7",285.863973870737,4.13470438673195,1.08813695800496,1.16370227156315e-05,7.81807320193027e-05,"Nb_vs_On","Nb higher"
"psmb13a",98.3562977210688,-8.74382573455249,3.37698193409099,1.17082808420061e-05,7.85967369441843e-05,"Nb_vs_On","On higher"
"gnai2a",10.8200786511609,-8.20685054964569,3.18593405023403,1.18487129967407e-05,7.92865389559324e-05,"Nb_vs_On","On higher"
"smc1al",11.1967221811901,-8.07354243992117,3.13311527923427,1.18224730223463e-05,7.92865389559324e-05,"Nb_vs_On","On higher"
"zgc:162200",9.81715207002694,-7.87270117948593,3.06650242972094,1.18397917903209e-05,7.92865389559324e-05,"Nb_vs_On","On higher"
"hmgb1b",11.8554832998518,-7.85377705526908,3.06355854094819,1.1838384732298e-05,7.92865389559324e-05,"Nb_vs_On","On higher"
"psma1",50.4767985714478,-7.70017190778723,2.99267759471692,1.19561234453281e-05,7.99417372222175e-05,"Nb_vs_On","On higher"
"iars2",176.431731995964,3.32462323954649,0.866575568041614,1.20152388352558e-05,8.02732385041136e-05,"Nb_vs_On","Nb higher"
"NR2E3",14.7231293668252,-8.6933748855066,3.36955924307678,1.21292908147869e-05,8.09709516882443e-05,"Nb_vs_On","On higher"
"hcn3",25.2209434919102,-9.48614053146441,3.67030597908012,1.21696079093871e-05,8.11114484411879e-05,"Nb_vs_On","On higher"
"nyap2b",121.787710174393,-4.76234228043444,1.38663725569987,1.21615185637265e-05,8.11114484411879e-05,"Nb_vs_On","On higher"
"ada2b",23.7716373200919,-9.33448509815185,3.604416771166,1.22558911764673e-05,8.16219081673276e-05,"Nb_vs_On","On higher"
"ctr9",11.3291561581003,-8.04562932979141,3.12512564432666,1.23624972500229e-05,8.22667998819706e-05,"Nb_vs_On","On higher"
"cyc1",9.88094028911574,-7.63820014486663,2.98724985617433,1.24444481450323e-05,8.27467334003806e-05,"Nb_vs_On","On higher"
"gnb5b",13.3200203358593,-8.03823998871518,3.12824932825867,1.24812121550695e-05,8.29256858100832e-05,"Nb_vs_On","On higher"
"taf15",15.1011074164005,-8.55175255452497,3.31507813883814,1.24913634304366e-05,8.29276793039553e-05,"Nb_vs_On","On higher"
"tab3",976.69651391254,-7.29719369056771,2.85726663923159,1.25741191714099e-05,8.34112964420239e-05,"Nb_vs_On","On higher"
"pkd2",69.457791207905,-8.4935753502678,3.29094648376077,1.26396868211639e-05,8.37802233547698e-05,"Nb_vs_On","On higher"
"pigr",18.2422683667115,-8.30258650434989,3.23002295972144,1.27717322477839e-05,8.45888607882333e-05,"Nb_vs_On","On higher"
"psme3ip1",134.984974418315,-6.94484769685201,2.73587916739127,1.27995587634321e-05,8.47065138919589e-05,"Nb_vs_On","On higher"
"lratb.2",14.5608334918599,-8.7431004939483,3.40520931774716,1.28703122947275e-05,8.50410430902793e-05,"Nb_vs_On","On higher"
"EVC2",13.291562532869,-8.32116133522479,3.24646468024576,1.28647470307267e-05,8.50410430902793e-05,"Nb_vs_On","On higher"
"thoc2",11.9397825886054,-8.21447862875599,3.20285507714279,1.29225536172242e-05,8.52950223263724e-05,"Nb_vs_On","On higher"
"psma5",9.44577539882997,-7.82403633527642,3.05362122994612,1.29391474828674e-05,8.52950223263724e-05,"Nb_vs_On","On higher"
"nxnl2",15.2709469320094,-7.56921604569513,2.96534327974205,1.29343692185816e-05,8.52950223263724e-05,"Nb_vs_On","On higher"
"hsd17b7",17.3568939986913,-7.90913101646469,3.09292496274669,1.30044909591764e-05,8.56586892757017e-05,"Nb_vs_On","On higher"
"etfdh",80.7936573348033,-7.38804836102284,2.89826062025263,1.30417892647255e-05,8.58372025257694e-05,"Nb_vs_On","On higher"
"coa8",26.5809431559724,-9.4890054729756,3.6904293793698,1.30632833658083e-05,8.59114995104484e-05,"Nb_vs_On","On higher"
"NDUFA13",12.7890508923242,-8.28529988090619,3.22451362665738,1.31656524613124e-05,8.65171447457673e-05,"Nb_vs_On","On higher"
"glod4",15.6263443588878,-8.85612874436699,3.45401027429511,1.32044279231432e-05,8.6704270091279e-05,"Nb_vs_On","On higher"
"isca1",11.1093344151901,-7.26371701575939,2.85720218018434,1.32194445997139e-05,8.67352179582162e-05,"Nb_vs_On","On higher"
"kita",11.806574183409,-8.33026690054567,3.2466187530131,1.32777704197836e-05,8.70500556026003e-05,"Nb_vs_On","On higher"
"adrm1",105.640622152304,-7.53344741986947,2.9518300858084,1.33511072872085e-05,8.74627401896664e-05,"Nb_vs_On","On higher"
"khdrbs1a",8.56308324068041,-7.4349322604721,2.9189031704301,1.3433950587598e-05,8.79370109225504e-05,"Nb_vs_On","On higher"
"map1b",21.6993205160935,-9.16044242056144,3.56518389619049,1.35034133036974e-05,8.83230250120625e-05,"Nb_vs_On","On higher"
"gramd2aa",11.9065002253102,-7.712482116748,3.02526389886778,1.35519229688209e-05,8.85027832052242e-05,"Nb_vs_On","On higher"
"ppp4r3b",467.814813211901,-7.41539507871403,2.91199466436903,1.35458043651246e-05,8.85027832052242e-05,"Nb_vs_On","On higher"
"AHCYL1",10.1105076281896,-7.8241006754319,3.06611992626285,1.35650190461673e-05,8.85196359152218e-05,"Nb_vs_On","On higher"
"thoc6",295.061279632203,-7.1883041785716,2.82882136024016,1.38946850303886e-05,9.06006650548496e-05,"Nb_vs_On","On higher"
"clic4",16.9387092464015,-8.63002377538706,3.36245411412118,1.39144563413074e-05,9.06593602795091e-05,"Nb_vs_On","On higher"
"TCF7L1",20.5037778687275,-9.07038548197414,3.53792285813978,1.39623719519851e-05,9.06640061108814e-05,"Nb_vs_On","On higher"
"rorb",11.0100988856487,-7.99862625844722,3.13284530544448,1.39905611710662e-05,9.06640061108814e-05,"Nb_vs_On","On higher"
"atp5pb",14.5764517429814,-7.97484204612854,3.12002787915207,1.39859374805212e-05,9.06640061108814e-05,"Nb_vs_On","On higher"
"bop1",12.3886539289545,-7.66623160635863,3.00940755699678,1.39512383700888e-05,9.06640061108814e-05,"Nb_vs_On","On higher"
"cstf3",16.8964764589619,-7.57517816102005,2.97387443285329,1.39588275249424e-05,9.06640061108814e-05,"Nb_vs_On","On higher"
"ubl3a",10.6315901133761,-7.54824860858524,2.96304705042317,1.39813165723233e-05,9.06640061108814e-05,"Nb_vs_On","On higher"
"ppip5k1a",9.60012335492095,-7.43600747950066,2.92507036073663,1.39737571198799e-05,9.06640061108814e-05,"Nb_vs_On","On higher"
"vdac1",9.15832642815476,-7.74429780513743,3.03851750488673,1.4099441248244e-05,9.12993049443986e-05,"Nb_vs_On","On higher"
"rhobtb4",9.84515366819342,-8.00212502376189,3.13984999531662,1.41648686223609e-05,9.15985483406661e-05,"Nb_vs_On","On higher"
"nnt2",35.3708597457425,-7.70130260210066,3.0248057769801,1.41961220942863e-05,9.15985483406661e-05,"Nb_vs_On","On higher"
"oat",10.2704139598193,-7.50997073044039,2.95258325353501,1.41937623369189e-05,9.15985483406661e-05,"Nb_vs_On","On higher"
"pfdn2",9.7640561042422,-7.50862857936073,2.95006147634394,1.42000600599393e-05,9.15985483406661e-05,"Nb_vs_On","On higher"
"pptc7b",12.9629756597965,-7.35655567549283,2.90562048967692,1.41703307998994e-05,9.15985483406661e-05,"Nb_vs_On","On higher"
"jazf1a",381.266355054532,-7.72386321343506,3.03004982468696,1.42359216870969e-05,9.17595626048865e-05,"Nb_vs_On","On higher"
"rock1",11.0624654862939,-7.86967627928226,3.08594412966198,1.42623035149e-05,9.17890450981869e-05,"Nb_vs_On","On higher"
"napgb",10.1198715954687,-7.6849224908789,3.0245634039199,1.42537496527838e-05,9.17890450981869e-05,"Nb_vs_On","On higher"
"prickle1b",47.1056856325583,-7.5017631108353,2.94171233661096,1.43070041108019e-05,9.20063870166005e-05,"Nb_vs_On","On higher"
"rpl22l1",31.2640328533834,-9.43349116091175,3.68114619543842,1.44103660604097e-05,9.25877609199928e-05,"Nb_vs_On","On higher"
"golgb1",28.9400613820608,-7.21978062337097,2.85043596420166,1.44194053891792e-05,9.25877609199928e-05,"Nb_vs_On","On higher"
"si:dkey-19e4.5",17.9664703727414,-7.18052309146629,2.83974347781724,1.44573912104941e-05,9.27609140319657e-05,"Nb_vs_On","On higher"
"stau2",11.4081991136961,-7.84803352396295,3.07958640573724,1.45111311191311e-05,9.28933093238372e-05,"Nb_vs_On","On higher"
"chd1",9.96696353250022,-7.80872552951912,3.06624527582567,1.45088784117681e-05,9.28933093238372e-05,"Nb_vs_On","On higher"
"RAP1GDS1",20.6316048465976,-7.70483906976377,3.03055993664809,1.45087934829183e-05,9.28933093238372e-05,"Nb_vs_On","On higher"
"bhlhe41",8.71345259057304,-7.52419128390174,2.97385133076002,1.45482687834458e-05,9.30602785859016e-05,"Nb_vs_On","On higher"
"nol6",17.4474399737896,-7.18049822670512,2.85048386872832,1.45993969057383e-05,9.33164184908919e-05,"Nb_vs_On","On higher"
"bpnt1",449.634718415817,3.18129057944232,0.827031637102531,1.46831914595868e-05,9.3780808578757e-05,"Nb_vs_On","Nb higher"
"dusp8a",11.0642814918664,-7.62195586166938,3.00577822160488,1.4837344789613e-05,9.46935317960287e-05,"Nb_vs_On","On higher"
"actn1",18.6965847783064,-8.94789441871199,3.49690250926075,1.48766534309583e-05,9.48724761983388e-05,"Nb_vs_On","On higher"
"tapbpl",29.3928621645406,6.31992857211287,1.60769386332164,1.49053108926297e-05,9.49832756201038e-05,"Nb_vs_On","Nb higher"
"rpa2",40.9677650845645,-7.85885415394826,3.1015658166332,1.49924037688656e-05,9.54660022135481e-05,"Nb_vs_On","On higher"
"reep6",11.1310819113693,-8.14629195023982,3.20705755316397,1.50654430371259e-05,9.5858578599037e-05,"Nb_vs_On","On higher"
"usf1",13.9341737018988,-8.69288723672913,3.40852431190748,1.50963577078348e-05,9.59827335230766e-05,"Nb_vs_On","On higher"
"shank1",10.245694361051,-7.75521721161178,3.06402260028296,1.51165808702338e-05,9.60387756721719e-05,"Nb_vs_On","On higher"
"DIP2C",14.1688345904892,-8.22661542230835,3.23177104578876,1.51643936106026e-05,9.62068123318442e-05,"Nb_vs_On","On higher"
"si:dkeyp-69b9.6",9.25800265471725,-7.56567979189198,2.98737273383949,1.51658873799427e-05,9.62068123318442e-05,"Nb_vs_On","On higher"
"fmnl2a",59.4460828275388,-7.71638499602261,3.04055862755299,1.52257710953046e-05,9.65139616568328e-05,"Nb_vs_On","On higher"
"gpsm1b",10.1237740981619,-7.63984583210372,3.01754953711658,1.52554618828348e-05,9.66294041608003e-05,"Nb_vs_On","On higher"
"ARHGAP9",10.7193687455239,-7.67206544299847,3.02375021999194,1.53861217763816e-05,9.73837391831432e-05,"Nb_vs_On","On higher"
"pcyt1aa",3209.5175441249,-7.45073497683829,2.95725226699417,1.54206090351399e-05,9.75286903514711e-05,"Nb_vs_On","On higher"
"fndc3a",10.1746205958115,-7.50292446083205,2.95780255153841,1.54364889724903e-05,9.75558289567744e-05,"Nb_vs_On","On higher"
"gorasp1a",430.312101915848,-7.96859045434918,3.13161943137336,1.55463380442328e-05,9.81763493295963e-05,"Nb_vs_On","On higher"
"snap25a",31.8449977398426,-9.01290857862746,3.52974877142743,1.55607169976402e-05,9.81934900195919e-05,"Nb_vs_On","On higher"
"psmd1",15.6695214427512,-8.66564781847965,3.40106129744773,1.5584254893168e-05,9.81948036606946e-05,"Nb_vs_On","On higher"
"pygmb",17.8843460066493,-7.97329027532983,3.13617482478939,1.55788298842271e-05,9.81948036606946e-05,"Nb_vs_On","On higher"
"aimp2",15.6232186795846,-8.05845524239722,3.17026698962042,1.56314366099633e-05,9.83953802030074e-05,"Nb_vs_On","On higher"
"fbxw11a",10.0247583957651,-7.78554046966148,3.06900805399117,1.56394652781687e-05,9.83953802030074e-05,"Nb_vs_On","On higher"
"notch1b",17.8488289748175,-8.79707660367906,3.45417585587165,1.57997180053915e-05,9.93293698053662e-05,"Nb_vs_On","On higher"
"fbxo42",18.3845378037096,-7.39247585877268,2.92246708829848,1.58856246317546e-05,9.97871200492281e-05,"Nb_vs_On","On higher"
"SNX18",9.34873634522707,-7.28246409128862,2.89321808316484,1.58962375844636e-05,9.97871200492281e-05,"Nb_vs_On","On higher"
"tyms",126.299889654027,-7.92878097645555,3.12399497472161,1.59306563703683e-05,9.99286626868558e-05,"Nb_vs_On","On higher"
"btbd10b",8.51293593916978,-7.5737561813858,2.99593509296133,1.60045534001115e-05,0.000100317446405166,"Nb_vs_On","On higher"
"ldhd",16.7864588405009,-8.44396471291845,3.33104926578496,1.60717981654272e-05,0.000100605994275318,"Nb_vs_On","On higher"
"ak5",162.994508078158,-7.67785007648711,3.02488604770923,1.60747252174366e-05,0.000100605994275318,"Nb_vs_On","On higher"
"fbxo10",7.99047223827274,-7.61091057979638,3.01660012525692,1.60983932393505e-05,0.000100605994275318,"Nb_vs_On","On higher"
"ensaa",13.6780405990898,-7.22667370291646,2.86732100350975,1.60880226917562e-05,0.000100605994275318,"Nb_vs_On","On higher"
"ptpn2b",65.6549628375111,-7.7636832472338,3.06025484177798,1.61460919351821e-05,0.00010082922990383,"Nb_vs_On","On higher"
"mgrn1b",15.9718001919055,-7.47244910446538,2.95943138193593,1.64342133050352e-05,0.000102552414827121,"Nb_vs_On","On higher"
"aldh1l2",103.096714189784,-6.95395209050468,2.7777916463904,1.64889752222462e-05,0.000102817921052495,"Nb_vs_On","On higher"
"btd",401.849749742084,3.96969443187049,1.0371032633177,1.6544102533093e-05,0.0001030853109723,"Nb_vs_On","Nb higher"
"fnbp4",39.1292605396634,-7.52892373602322,2.98884174467408,1.65582635020808e-05,0.000103097235325825,"Nb_vs_On","On higher"
"sugct",10.6563961164983,-7.80077316881615,3.10065137022849,1.67135615566757e-05,0.00010398725882047,"Nb_vs_On","On higher"
"zgc:91976",8.53910122318227,-7.44036934647871,2.95320243483166,1.67751989927504e-05,0.000104266715740484,"Nb_vs_On","On higher"
"fermt3b",74.5989703649312,-7.40905283074755,2.93982482983467,1.67832501577994e-05,0.000104266715740484,"Nb_vs_On","On higher"
"igf2r",7.02751964573912,-7.54204512310082,2.99132165502887,1.68052977596821e-05,0.00010432669361431,"Nb_vs_On","On higher"
"gopc",14.5171479403372,-7.68933446944544,3.04152669785876,1.69843763307327e-05,0.000105360707407596,"Nb_vs_On","On higher"
"fkbp3",26651.3350192204,-7.67217204830406,3.03971387349458,1.70340235668438e-05,0.000105538447896279,"Nb_vs_On","On higher"
"abl1",66.8936747631793,4.38299338668255,1.13956568717097,1.70381029568833e-05,0.000105538447896279,"Nb_vs_On","Nb higher"
"crb1",12.8749776444433,-7.69333841223072,3.04868609707321,1.70678624536282e-05,0.000105645048628413,"Nb_vs_On","On higher"
"rad54l2",111.734120302146,-7.03091037034881,2.80611503256078,1.70834958259291e-05,0.00010566412039873,"Nb_vs_On","On higher"
"slc25a4",74.6542574741907,6.34530660302329,2.39588207237232,1.72856652989544e-05,0.000106836072310278,"Nb_vs_On","Nb higher"
"pdhb",32.0285951835938,-7.58840264093695,3.00383810950145,1.75391763374734e-05,0.000108323394283824,"Nb_vs_On","On higher"
"itgbl1",173.409090782883,-3.97331502409838,1.13125297305979,1.76144564587727e-05,0.00010870857365832,"Nb_vs_On","On higher"
"smarca5",9.46276693685092,-7.75591571870469,3.08357800655599,1.79127766903716e-05,0.000110468684380621,"Nb_vs_On","On higher"
"RALGDS",14.5749124122838,-7.65131492672748,3.04346714751761,1.80701229333796e-05,0.000111357463289304,"Nb_vs_On","On higher"
"si:ch211-79k12.1",26.4130036229387,-9.17973025484725,3.63152592559218,1.80874749733327e-05,0.000111382856126931,"Nb_vs_On","On higher"
"kdm5ba",11.1279867148363,-7.9895972546202,3.16835925619418,1.8257862353733e-05,0.000112267849009295,"Nb_vs_On","On higher"
"FDX1",265.68354400733,-7.2489434797449,2.89962526675897,1.8250332821843e-05,0.000112267849009295,"Nb_vs_On","On higher"
"ep400",9.40855838212711,-7.78595117064827,3.09995325604343,1.82803098565588e-05,0.000112323830928841,"Nb_vs_On","On higher"
"piwil1",27.4166666109635,-8.97404855274203,3.55770084138858,1.84061558232145e-05,0.00011301460227558,"Nb_vs_On","On higher"
"col1a2",723.85544351362,-5.82148165725228,1.88304487493502,1.84242623022724e-05,0.000113043323659278,"Nb_vs_On","On higher"
"smad7",12.8179657572237,-7.88713137710558,3.13366278532078,1.85547346828025e-05,0.000113760929759528,"Nb_vs_On","On higher"
"vps39",14.7606140835477,-8.05017953011313,3.20885070139671,1.85923556735575e-05,0.000113908624497821,"Nb_vs_On","On higher"
"apba1b",156.86101906139,-7.07726382181523,2.83964269584941,1.86437355242476e-05,0.000114140338649539,"Nb_vs_On","On higher"
"MRPS12",9.13547597028863,-7.20122243863441,2.88106072250386,1.87352426999689e-05,0.000114617204250246,"Nb_vs_On","On higher"
"adam17b",299.358902408221,-7.05508522961063,2.82398903720313,1.87910180533082e-05,0.000114874938251815,"Nb_vs_On","On higher"
"ndufa9a",8.93370762948653,-7.84748277552967,3.12115176587828,1.88069989988492e-05,0.000114889199979908,"Nb_vs_On","On higher"
"rnls",9.49981139467745,-7.71724057378577,3.07153170332519,1.88287900074195e-05,0.000114938908109106,"Nb_vs_On","On higher"
"crtac1a",99.8140375667877,-7.38844881001291,2.94601545506619,1.89150566053412e-05,0.000115381845292582,"Nb_vs_On","On higher"
"cog2",13.7970242087591,-8.61452187070113,3.42767550096691,1.89532731517384e-05,0.000115531247930003,"Nb_vs_On","On higher"
"inpp5l",15.0011516255799,-8.61926129853482,3.42651727931683,1.90803177959485e-05,0.000115673852002529,"Nb_vs_On","On higher"
"nkx6.2",13.1272927162284,-8.33001656501134,3.31745346169714,1.90981830634556e-05,0.000115673852002529,"Nb_vs_On","On higher"
"csad",13.3272298137634,-8.32942351761903,3.31491682079307,1.90230178241902e-05,0.000115673852002529,"Nb_vs_On","On higher"
"FYN",7.78877313693651,-7.68296081946443,3.07034964846302,1.910033906908e-05,0.000115673852002529,"Nb_vs_On","On higher"
"dnaja2b",8.80838270527562,-7.50170724431604,2.9980368265322,1.90950443613381e-05,0.000115673852002529,"Nb_vs_On","On higher"
"ttc3",165.098535374744,-7.35049668186581,2.93210817242181,1.90598892121088e-05,0.000115673852002529,"Nb_vs_On","On higher"
"pip4k2aa",9.39152538200327,-7.18976030853553,2.87513683191528,1.90973163778011e-05,0.000115673852002529,"Nb_vs_On","On higher"
"srprb",94.0438613127258,-7.06484078811896,2.83197508233785,1.9093946070855e-05,0.000115673852002529,"Nb_vs_On","On higher"
"styx",155.830973555969,-6.83534804373635,2.74876041022435,1.90922232097735e-05,0.000115673852002529,"Nb_vs_On","On higher"
"ppp6r2a",11.2319197413408,-7.76080359161275,3.08617076799243,1.9140663690171e-05,0.000115834073558656,"Nb_vs_On","On higher"
"osbpl9",11.3793469521254,-7.27719770489528,2.90670469712508,1.91543157987229e-05,0.000115834073558656,"Nb_vs_On","On higher"
"ptena",7.78776760531678,-7.68130074515742,3.0653032242725,1.92263969734127e-05,0.00011618651092763,"Nb_vs_On","On higher"
"dmtn",13.7818372891627,-8.38631166295549,3.33890971458033,1.93123677897511e-05,0.000116622318546718,"Nb_vs_On","On higher"
"hephl1b",9.14578058579298,-7.7728142651461,3.09941652873742,1.93834720861953e-05,0.000116967790696482,"Nb_vs_On","On higher"
"smarca2",12.6272463458408,-7.72978543557405,3.08363172565923,1.94292050532558e-05,0.000117159776603372,"Nb_vs_On","On higher"
"ahsa1b",8.29200926116283,-7.21984360739395,2.89660382032674,1.94561273177371e-05,0.00011718997803635,"Nb_vs_On","On higher"
"nucb2a",314.553768370157,3.61660243272273,0.949035936144892,1.94620562241408e-05,0.00011718997803635,"Nb_vs_On","Nb higher"
"capza1b",363.85641524533,3.82128735071584,1.00381984213591,1.95881218293032e-05,0.000117864767376036,"Nb_vs_On","Nb higher"
"sdcbp2",53.2111154029966,-7.7814943226501,3.09357567416314,1.96478147831537e-05,0.000118055178333039,"Nb_vs_On","On higher"
"cylda",10.7431226530894,-7.64176201332915,3.04965119652615,1.96443875465472e-05,0.000118055178333039,"Nb_vs_On","On higher"
"LAMA2",25.2954758846632,-9.21051361935729,3.66646866855792,1.97450072938799e-05,0.000118470043763279,"Nb_vs_On","On higher"
"trappc11",9.25336209359668,-7.84735160183291,3.12652314326158,1.97335294990221e-05,0.000118470043763279,"Nb_vs_On","On higher"
"eif3g",85.8154572190357,-8.16048433308262,3.24225709823439,1.97909895129177e-05,0.000118661360199246,"Nb_vs_On","On higher"
"dnm1a",18.2665185078003,-8.05297878919834,3.2113356511258,1.98889275753486e-05,0.000119163695608032,"Nb_vs_On","On higher"
"cebpb",16.1931675553044,-7.88930388861328,3.14573426288789,2.00164460155874e-05,0.000119842420027891,"Nb_vs_On","On higher"
"timp2b",17.4719509364242,-8.63202905694404,3.43905247390828,2.01114425448567e-05,0.000120325602944281,"Nb_vs_On","On higher"
"zgc:152830",15.3627923093665,-8.09650154198657,3.22286299258434,2.0274758165314e-05,0.000121130528201287,"Nb_vs_On","On higher"
"HERPUD2",10.1275434475203,-7.58367851744239,3.02937574076649,2.0267391396436e-05,0.000121130528201287,"Nb_vs_On","On higher"
"jund",9.13765624941844,-7.57656983709351,3.03385000414675,2.03020464195683e-05,0.000121207536709167,"Nb_vs_On","On higher"
"cand1",8.35886350890795,-7.51219973731628,3.01184985695616,2.03740110660694e-05,0.000121494785690865,"Nb_vs_On","On higher"
"neurl4",84.2929564639057,-6.94948920211962,2.80088749727278,2.03790255874912e-05,0.000121494785690865,"Nb_vs_On","On higher"
"apoa1b",26.9803410637981,-9.44412625740937,3.77408599252333,2.04490988921322e-05,0.000121748725534361,"Nb_vs_On","On higher"
"fabp3",16.3623391376424,-8.70976391625374,3.47221623169791,2.04505461992856e-05,0.000121748725534361,"Nb_vs_On","On higher"
"dnajb12a",8.77734680723382,-7.33639360199028,2.94544220774412,2.05238629532698e-05,0.000122098853950972,"Nb_vs_On","On higher"
"txnrd3",12.0336583123298,-7.98298718897004,3.19235752885572,2.07815076448921e-05,0.000123544301804168,"Nb_vs_On","On higher"
"sbds",42.419309749012,-7.4516341655653,2.97992562620332,2.08017847777583e-05,0.000123577575341686,"Nb_vs_On","On higher"
"rbm25a",12.8028619784164,-7.62853758559045,3.05313997089105,2.09216185194187e-05,0.000124201822776069,"Nb_vs_On","On higher"
"cpn1",23.5766720068726,-9.24509157683049,3.69658046619689,2.09683513296429e-05,0.000124391530298051,"Nb_vs_On","On higher"
"ctsba",15.4089698091741,-8.53960679506036,3.41025493587153,2.09890924009374e-05,0.000124426887204994,"Nb_vs_On","On higher"
"rab5c",8.20666279331212,-7.4331930571367,2.98437130441943,2.11629545129527e-05,0.000125369282962727,"Nb_vs_On","On higher"
"cdt1",69.9842644018458,-7.29774726844332,2.94232356788013,2.1197514842914e-05,0.000125485710230415,"Nb_vs_On","On higher"
"chid1",14.3135269936584,-6.88638624097126,2.78406550813549,2.12993946891177e-05,0.000126000213979615,"Nb_vs_On","On higher"
"pola1",28.2535810101991,4.87719622157657,1.3206584421018,2.13198484469605e-05,0.000126032643417495,"Nb_vs_On","Nb higher"
"dipk1ab",11.1411449488175,-8.15378019070327,3.27194711498803,2.13413627423857e-05,0.000126071292326599,"Nb_vs_On","On higher"
"mbtps1",11.2370022805664,-8.10282849531765,3.24067676290773,2.13948812687864e-05,0.000126210308704025,"Nb_vs_On","On higher"
"mta3",8.71609141242324,-7.57926612497515,3.03733072336911,2.13815470114201e-05,0.000126210308704025,"Nb_vs_On","On higher"
"sypl2b",9.12084682660743,-7.61018970220356,3.05275245884096,2.14673989763778e-05,0.000126549414974193,"Nb_vs_On","On higher"
"krt98",7843.74189054054,-0.154704952995738,1.03785459500113,2.15700894110133e-05,0.000127065789126599,"Nb_vs_On","On higher"
"ephb2b",154.971436347425,-7.14419607864258,2.87859206114672,2.16128010842825e-05,0.000127228363305937,"Nb_vs_On","On higher"
"acvr1l",275.973455785276,4.14674521141908,1.09112866330723,2.17582341961962e-05,0.000127994979359595,"Nb_vs_On","Nb higher"
"aars1",10.2635754522959,-7.54419489694243,3.03102807471537,2.17803105530025e-05,0.000128035373069257,"Nb_vs_On","On higher"
"prcc",277.710401709296,-6.97918547906274,2.8076589884398,2.18062236457497e-05,0.000128098248883406,"Nb_vs_On","On higher"
"surf6",43.7868513010164,-7.8357267883558,3.14319202320968,2.18439542210919e-05,0.000128230409088669,"Nb_vs_On","On higher"
"wwox",25.8598003437269,-7.50518491502445,3.01941478612238,2.19185428478478e-05,0.000128578601876782,"Nb_vs_On","On higher"
"pebp1",212.251544532248,-7.53460477203442,3.02071618615201,2.20114349688323e-05,0.000129005427684508,"Nb_vs_On","On higher"
"micu1",116.490167330235,-7.52537582059766,3.0153948269463,2.20219529083675e-05,0.000129005427684508,"Nb_vs_On","On higher"
"tsg101a",9.04476324967693,-7.46993325617753,3.01327443014842,2.20811330407541e-05,0.000129262154337321,"Nb_vs_On","On higher"
"elmsan1a",8.62536835286233,-7.69751819316881,3.09525299744564,2.22454570922833e-05,0.000130082828923675,"Nb_vs_On","On higher"
"lzts2a",11.5169398721023,-7.3513708299192,2.95864739659467,2.22522301793884e-05,0.000130082828923675,"Nb_vs_On","On higher"
"C12orf65",7.16573730257269,-7.49551787325185,3.02757542597692,2.22877541874856e-05,0.000130200079632376,"Nb_vs_On","On higher"
"srp72",9.52449233611416,-7.40323689806516,2.97739247096074,2.23400252443422e-05,0.000130414932390341,"Nb_vs_On","On higher"
"katna1",8.68796182325489,-7.90182837117099,3.17884361793449,2.24238072330117e-05,0.000130813312049545,"Nb_vs_On","On higher"
"psmd13",16.3494011591224,-7.53957935996032,3.0267967848483,2.24686836596448e-05,0.000130984334520007,"Nb_vs_On","On higher"
"otub1b",10.5186274794852,-8.12846618124352,3.26157808319585,2.24913787442401e-05,0.000131025900532189,"Nb_vs_On","On higher"
"ndufb7",187.021354667774,-7.81393288030266,3.13168607479487,2.27040894243399e-05,0.000132173599428833,"Nb_vs_On","On higher"
"ralgps2",11.9191124818508,-8.1088175443666,3.26289089205703,2.27914876872289e-05,0.000132590700311744,"Nb_vs_On","On higher"
"map1lc3a",10.7833620879804,-7.32664776455624,2.95217928879059,2.28331431376637e-05,0.000132741297605561,"Nb_vs_On","On higher"
"abca1a",12.8299259483598,-7.84215370535989,3.15243095859634,2.31114802652379e-05,0.000134113522365683,"Nb_vs_On","On higher"
"cnot1",11.4958525593851,-7.77398689023838,3.12736717040138,2.30955308009442e-05,0.000134113522365683,"Nb_vs_On","On higher"
"ncbp3",7.74402734444775,-7.45371266317481,3.00692596519902,2.31169780176534e-05,0.000134113522365683,"Nb_vs_On","On higher"
"prkd2",15.1236066900142,-8.17077171839511,3.28498167207547,2.32710341779698e-05,0.000134914301453271,"Nb_vs_On","On higher"
"rbm17",8.31811879474535,-7.81406109194041,3.14990628839059,2.36018527154579e-05,0.000136704555681844,"Nb_vs_On","On higher"
"pbx2",16.1852968053485,-7.70121519166497,3.10256787572441,2.36123098077217e-05,0.000136704555681844,"Nb_vs_On","On higher"
"dkc1",13.656152124949,-8.19864672140258,3.29708403900551,2.3707605787522e-05,0.000137161941937704,"Nb_vs_On","On higher"
"clasp2",9.52914140489917,-7.83485665747479,3.15503580159648,2.37286557998528e-05,0.000137189439919753,"Nb_vs_On","On higher"
"zgc:162144",15.4416800548997,-7.78338509713588,3.13560132322612,2.37618450700296e-05,0.00013728703623851,"Nb_vs_On","On higher"
"zgc:153896",30.1178366961872,5.22992322123555,1.69089632599075,2.38748550291078e-05,0.000137845356402626,"Nb_vs_On","Nb higher"
"glyctk",104.837487627202,-6.87150416585702,2.79450523376961,2.40032487849464e-05,0.000138491671193748,"Nb_vs_On","On higher"
"p3h1",9.70769444970036,-7.55412362212927,3.04953252927223,2.40418184536135e-05,0.000138619197083917,"Nb_vs_On","On higher"
"mindy4b",24.7725186884893,-8.94183933979057,3.6086421003892,2.40870075021097e-05,0.000138784687989568,"Nb_vs_On","On higher"
"rab14l",8.7689342315911,-7.16578438255265,2.90908735141859,2.41269854101741e-05,0.000138919947457487,"Nb_vs_On","On higher"
"eif3m",11.5514211996117,-8.21986874601064,3.31191424762809,2.42610905718425e-05,0.000139596623673117,"Nb_vs_On","On higher"
"stra6",24.9423430601772,-9.20869314969339,3.71669229583021,2.43648535054563e-05,0.000139811408867711,"Nb_vs_On","On higher"
"upf3b",10.6091474555683,-7.76576749487648,3.13601439351597,2.43392853625792e-05,0.000139811408867711,"Nb_vs_On","On higher"
"zmp:0000000521",9.45257803864447,-7.62841431841364,3.07899707133729,2.43509592103584e-05,0.000139811408867711,"Nb_vs_On","On higher"
"zc2hc1a",105.933120824663,-6.89671427842818,2.80586732730524,2.43422042999075e-05,0.000139811408867711,"Nb_vs_On","On higher"
"slc40a1",18.0137754589064,-8.29410379188778,3.3456458207772,2.44650739816364e-05,0.000140195366084013,"Nb_vs_On","On higher"
"atp5f1d",9.94214800245614,-7.64980431141103,3.0864667528045,2.44594223026317e-05,0.000140195366084013,"Nb_vs_On","On higher"
"OGDH",9.23136005252946,-7.50334730778353,3.0385368291154,2.45474312719076e-05,0.000140571616630556,"Nb_vs_On","On higher"
"amfra",11.1125214388563,-7.72299351132311,3.11386215225688,2.45764714471611e-05,0.000140642241089192,"Nb_vs_On","On higher"
"eif3jb",9.09022315638722,-7.65268389764288,3.09403272884841,2.46647950973238e-05,0.00014105179696282,"Nb_vs_On","On higher"
"rab18b",10.0009745783798,-7.59338158560606,3.07576637431822,2.46875165635371e-05,0.000141085888955774,"Nb_vs_On","On higher"
"TCERG1",9.60472093486752,-7.70191294327671,3.10755299535927,2.47241351007235e-05,0.000141199300731269,"Nb_vs_On","On higher"
"smg6",7.26611725267261,-7.41531032945953,3.00483352355119,2.47560883179106e-05,0.000141285933193336,"Nb_vs_On","On higher"
"psma3",12.2923891081017,-7.98876634800241,3.2205179121659,2.48206337583441e-05,0.000141366776033654,"Nb_vs_On","On higher"
"entpd6",16.3500347471296,-7.5433203958988,3.05151466301349,2.48000002472991e-05,0.000141366776033654,"Nb_vs_On","On higher"
"aifm1",9.70115456017151,-7.28545404906108,2.95078584127979,2.48121444548798e-05,0.000141366776033654,"Nb_vs_On","On higher"
"mfap1",839.826951147132,-7.28011244517949,2.94112944870215,2.48551218583414e-05,0.000141467488710965,"Nb_vs_On","On higher"
"amotl2b",22.8019831966519,-8.73473844440063,3.52120418086698,2.49457271318889e-05,0.000141791445642296,"Nb_vs_On","On higher"
"SPNS2",22.1700553798124,-7.18786227230187,2.92444579516034,2.49323859630804e-05,0.000141791445642296,"Nb_vs_On","On higher"
"myh9a",9.81100603134405,-7.93802127555339,3.20387785625843,2.51354687411857e-05,0.00014258111581085,"Nb_vs_On","On higher"
"cicb",9.94612976522008,-7.72607763640637,3.12338081421503,2.510860243406e-05,0.00014258111581085,"Nb_vs_On","On higher"
"l3mbtl1a",12.543609532231,5.41504835284114,1.53073140438377,2.51233090439996e-05,0.00014258111581085,"Nb_vs_On","Nb higher"
"ace2",30.8992189111983,-7.44127431971418,3.02433666072562,2.52172509139899e-05,0.000142948699120517,"Nb_vs_On","On higher"
"prodha",10.6121093871654,-7.88878556091284,3.19413413990981,2.53144487327635e-05,0.000143403115365009,"Nb_vs_On","On higher"
"fbxw7",8.79332219030499,-7.65137518951585,3.09936509224857,2.5414282510079e-05,0.0001438718427504,"Nb_vs_On","On higher"
"sncgb",34.4327173974495,-9.0276133190287,3.65519470532711,2.55773237046521e-05,0.000144587781813586,"Nb_vs_On","On higher"
"rorc",8.1600277958997,-7.55135828828229,3.0710985594208,2.55922778453604e-05,0.000144587781813586,"Nb_vs_On","On higher"
"tspan31",6.94138855451805,-7.33525127473205,2.98281895643082,2.55672854328787e-05,0.000144587781813586,"Nb_vs_On","On higher"
"cul4a",7.98759333625871,-7.25918329671635,2.94839679466326,2.57082995165469e-05,0.000145145851998854,"Nb_vs_On","On higher"
"TINAGL1",19.2015539060862,-8.28888404762317,3.34693972780857,2.57867281808927e-05,0.00014549107092946,"Nb_vs_On","On higher"
"fam118b",679.3192035358,-7.25736801169279,2.95746861671905,2.61299611987503e-05,0.000147328877006752,"Nb_vs_On","On higher"
"lin7b",16.2844231895158,-7.32436610992748,2.97106276942311,2.61594513721297e-05,0.000147396426807622,"Nb_vs_On","On higher"
"GPAT4",8.41645491199766,-7.21970575235797,2.93462928515489,2.61914437293401e-05,0.000147477975460592,"Nb_vs_On","On higher"
"sugt1",10.4370800574876,-8.0187303198575,3.24723137542138,2.63011699669102e-05,0.000147996824051772,"Nb_vs_On","On higher"
"HINT1",15.3219281183136,-8.59855131865572,3.48320069512046,2.63620205174285e-05,0.000148236744265493,"Nb_vs_On","On higher"
"actr8",191.950729862546,-7.66220118456664,3.11397619589524,2.63790262425408e-05,0.000148236744265493,"Nb_vs_On","On higher"
"rdh8a",50.7896000269199,-3.39623340685181,0.986856079761413,2.64282301367188e-05,0.000148414170307471,"Nb_vs_On","On higher"
"paf1",28.4056568331098,-7.01419862384242,2.85624036015492,2.65365171125071e-05,0.00014892293403539,"Nb_vs_On","On higher"
"zgc:114045",11.0585001815249,-7.79947675981678,3.17074644852653,2.6556161905332e-05,0.000148933891351822,"Nb_vs_On","On higher"
"kdm3b",7.4941203897722,-7.40070849568113,3.00459329004906,2.67863599704147e-05,0.000150124885639781,"Nb_vs_On","On higher"
"ampd1",12.1224631102637,8.30029371975522,3.22040913854662,2.69860565496004e-05,0.000150942607331918,"Nb_vs_On","Nb higher"
"atp5f1c",7.97483420019832,-7.58572110424343,3.08220114025935,2.69761712629638e-05,0.000150942607331918,"Nb_vs_On","On higher"
"galnt2",13.415660137078,-7.28278888180869,2.96476619151223,2.69598790767936e-05,0.000150942607331918,"Nb_vs_On","On higher"
"uqcrc1",10.5899301807294,-7.65795910399888,3.10751947978122,2.70175294650759e-05,0.000151018302149408,"Nb_vs_On","On higher"
"rsad2",10.1157864766219,-7.59768969134925,3.09386228822156,2.71733726643802e-05,0.000151687964912966,"Nb_vs_On","On higher"
"mex3b",9.37312399641694,-7.21556433230887,2.94843450943116,2.71723999931028e-05,0.000151687964912966,"Nb_vs_On","On higher"
"gsg1l2b",27.2664493224616,-9.45343511621192,3.86588117293402,2.72012686628506e-05,0.000151743061367711,"Nb_vs_On","On higher"
"rab3gap2",92.7160603108282,-7.33933349291779,2.98690756361756,2.72447706087639e-05,0.000151885085420248,"Nb_vs_On","On higher"
"nmt1a",14.1348869912922,-7.87137013920091,3.19022842755031,2.75694908115221e-05,0.000153492046065736,"Nb_vs_On","On higher"
"guca1a",23.9901558687584,-7.22215069955612,2.94037178201841,2.7558950568857e-05,0.000153492046065736,"Nb_vs_On","On higher"
"hspa4l",9.71830824571025,-7.60803262249014,3.09974644662473,2.76464280061673e-05,0.000153818658926581,"Nb_vs_On","On higher"
"ganab",12.7442558856647,-7.78183280232229,3.15860709511781,2.768536499015e-05,0.00015386805644486,"Nb_vs_On","On higher"
"pdcd6ip",9.59774882330516,-7.41738357829031,3.02015005393587,2.76918633302403e-05,0.00015386805644486,"Nb_vs_On","On higher"
"atp1b3a",9.37408643598277,-7.50515881574076,3.05222724168005,2.77331189425593e-05,0.000153894130031947,"Nb_vs_On","On higher"
"si:ch211-122f10.4",77.0701778213519,-7.48200663062763,3.04761401766029,2.77278529081818e-05,0.000153894130031947,"Nb_vs_On","On higher"
"prdx3",279.886642574599,-6.86720062870951,2.80498060170248,2.7836312243045e-05,0.000154365004256886,"Nb_vs_On","On higher"
"phyh",8.57432362635495,-7.67624682535493,3.12053808323,2.80958021452756e-05,0.000155599555787677,"Nb_vs_On","On higher"
"apbb1",12.9549611791114,-7.32592823234872,2.9859911345837,2.80959045850878e-05,0.000155599555787677,"Nb_vs_On","On higher"
"lsm4",9.43318263827575,-7.36028023819378,3.00703992772263,2.81371948249227e-05,0.000155724998979609,"Nb_vs_On","On higher"
"loxl2a",95.5029662828747,-6.68597418067733,2.74289372806607,2.81555533911814e-05,0.000155724998979609,"Nb_vs_On","On higher"
"ctnna1",11.1624908630149,-7.67814971267296,3.12283225596502,2.81982413947194e-05,0.000155858697347832,"Nb_vs_On","On higher"
"ihha",90.5175998917441,6.10042745305383,1.84984397896285,2.82529568366403e-05,0.000156058655282702,"Nb_vs_On","Nb higher"
"cops3",13.1698085579968,-7.15469443047116,2.92293994163434,2.83830809608786e-05,0.00015667460690405,"Nb_vs_On","On higher"
"dspa",13.5443876295918,-8.25879406400291,3.36033129845461,2.84050696126754e-05,0.000156693234599936,"Nb_vs_On","On higher"
"aebp1",35.6027439716241,-8.42497772275979,3.42122217726799,2.86390097040788e-05,0.000157818379773191,"Nb_vs_On","On higher"
"aspg",32.9410294691814,-7.46243693641814,3.04691927930016,2.86465293767445e-05,0.000157818379773191,"Nb_vs_On","On higher"
"cpsf1",9.79535921506308,-8.02020272906981,3.27561441996332,2.86765718304154e-05,0.000157880563550318,"Nb_vs_On","On higher"
"glud1b",18.5831626628725,-7.83565053136645,3.1809527999174,2.87363772475661e-05,0.000158106420699354,"Nb_vs_On","On higher"
"bicdl2",156.818980177504,-7.57097154702831,3.08646202744662,2.8862415285727e-05,0.000158696154066133,"Nb_vs_On","On higher"
"tm9sf3",816.200635230247,3.11390074474494,0.849075066837201,2.92256509963882e-05,0.000160588466114619,"Nb_vs_On","Nb higher"
"rpf1",275.071359643796,-7.33311092337591,2.99051685750785,2.93352291911733e-05,0.000160980416773988,"Nb_vs_On","On higher"
"tagln",38.1459640048075,-0.78878739722417,1.57842068487328,2.93187394057929e-05,0.000160980416773988,"Nb_vs_On","On higher"
"hdlbpb",14.5170534288279,-7.45367125790764,3.05028257685447,2.93810103114595e-05,0.000161126608991444,"Nb_vs_On","On higher"
"bnip3la",10.944330965133,-7.38034459354477,3.00995509473618,2.94191695211498e-05,0.000161230839211614,"Nb_vs_On","On higher"
"sh3d19",3635.09184327507,-7.93906436791469,3.24920001450098,2.96192048260858e-05,0.000162221513484704,"Nb_vs_On","On higher"
"armc1l",583.56132956326,-7.56924832709913,3.0918245789987,2.9790111456034e-05,0.000162985276315532,"Nb_vs_On","On higher"
"npr3",9.21217733513751,-7.24301233614205,2.96937958960969,2.97973794546927e-05,0.000162985276315532,"Nb_vs_On","On higher"
"TMEM164",15.8595763855739,-7.29387627414439,2.99461107471381,2.99323905657939e-05,0.00016361744401484,"Nb_vs_On","On higher"
"ubr2",7.12366123077499,-7.48262490118267,3.06098085989604,3.00172354094346e-05,0.000163974748654523,"Nb_vs_On","On higher"
"nck1b",330.341866761682,-7.0232587310961,2.87428851241646,3.00859680809204e-05,0.00016424363119662,"Nb_vs_On","On higher"
"lamp2",12.665196933135,-7.62820265623748,3.11405740150541,3.01295020711732e-05,0.000164374691143964,"Nb_vs_On","On higher"
"slc7a6os",10.7811263616567,-7.32365553593913,2.9946422542308,3.01496045038094e-05,0.000164377830772712,"Nb_vs_On","On higher"
"bag1",466.000671527432,-6.85570250289994,2.80027604114672,3.01972556253696e-05,0.000164531066572402,"Nb_vs_On","On higher"
"rpl36a",190.026955808327,-3.29533153074694,0.968377936184694,3.03912396505822e-05,0.00016548088963687,"Nb_vs_On","On higher"
"igbp1",9.43943377416024,-7.47517311801969,3.05912899896594,3.04196752019914e-05,0.000165528652779808,"Nb_vs_On","On higher"
"junbb",9.79343973139948,-7.60528844246237,3.1085068494751,3.04582171029804e-05,0.000165631312385587,"Nb_vs_On","On higher"
"col8a2",17.2893634087981,-7.87550733892719,3.21479884443111,3.07098022613541e-05,0.00016685976024177,"Nb_vs_On","On higher"
"usp25",12.2494991670781,-7.29949437417829,2.98778511567504,3.07237619832198e-05,0.00016685976024177,"Nb_vs_On","On higher"
"abcb6a",8.31800107088355,-7.74793408676827,3.18173496576078,3.08645073301749e-05,0.000167477742430301,"Nb_vs_On","On higher"
"srrt",7.57271103191016,-7.20050582496841,2.95348121234556,3.08773409660046e-05,0.000167477742430301,"Nb_vs_On","On higher"
"efemp2a",32.5661628933816,-7.64761221169641,3.12096613602579,3.09145163700629e-05,0.000167571409403213,"Nb_vs_On","On higher"
"hipk2",11.408377844564,-7.78706726729231,3.19221113576528,3.11633766793767e-05,0.00016881165050643,"Nb_vs_On","On higher"
"ada",501.390275951586,-6.98322060372723,2.86537048951975,3.11963507344331e-05,0.000168881595165568,"Nb_vs_On","On higher"
"hdac9b",14.9324794218258,-7.56328451776359,3.11067019625404,3.12323290726746e-05,0.000168921207355743,"Nb_vs_On","On higher"
"churc1",65.4275100294298,-7.06125969217698,2.89457063859089,3.12438013605241e-05,0.000168921207355743,"Nb_vs_On","On higher"
"arnt2",7.25243378007893,-7.24947732963987,2.98028117533185,3.13513469403591e-05,0.000169393862993545,"Nb_vs_On","On higher"
"map6b",20.4092408943181,-8.10638122590497,3.3235786311639,3.14692229053097e-05,0.00016992169237774,"Nb_vs_On","On higher"
"mblac2",15.981371403528,-7.24467227414656,2.98641843863208,3.16028074097264e-05,0.000170533610753255,"Nb_vs_On","On higher"
"akr1a1a",11.9439620804859,-7.71015215698762,3.17405754797378,3.16344932431746e-05,0.000170595236464474,"Nb_vs_On","On higher"
"arg2",14.2202616283859,-7.54186997047516,3.10074162497718,3.17303634625382e-05,0.000171002688622053,"Nb_vs_On","On higher"
"coq4",13.1707222899874,-8.46720882387194,3.48729743559791,3.19968453641499e-05,0.000172328499216516,"Nb_vs_On","On higher"
"sccpdha.1",52.1041576945755,-7.09309447919445,2.91215268707894,3.20955796455833e-05,0.000172749737504169,"Nb_vs_On","On higher"
"copb1",9.42066097953703,-7.87210534560753,3.23160029519232,3.21215628736264e-05,0.000172779115827596,"Nb_vs_On","On higher"
"gpc1b",10.2234839697848,-7.64291405852656,3.13182788857485,3.25081954785876e-05,0.000174747119756545,"Nb_vs_On","On higher"
"pex3",10.8038115943511,-8.16874060582695,3.36578470138953,3.25699357779875e-05,0.000174967274651627,"Nb_vs_On","On higher"
"sostdc1a",12.2753554850659,-8.35174763583135,3.43592331993956,3.2723308010593e-05,0.000175679085990544,"Nb_vs_On","On higher"
"slc18b1",35.9030056590291,-7.80100692100062,3.20159042798474,3.2882810902334e-05,0.000176218621201659,"Nb_vs_On","On higher"
"supt16h",8.37907415192418,-7.72252833920553,3.17086360682204,3.29003024476253e-05,0.000176218621201659,"Nb_vs_On","On higher"
"apbb3",12.0342940607672,-7.56043226354428,3.11740043423717,3.2886508936694e-05,0.000176218621201659,"Nb_vs_On","On higher"
"usp2a",7.03911324670419,-7.15977865415411,2.95655817504206,3.29075400961045e-05,0.000176218621201659,"Nb_vs_On","On higher"
"ube2s",9.942781846035,-7.94221999036326,3.27708127289454,3.30300919122e-05,0.000176762437200826,"Nb_vs_On","On higher"
"bag5",55.7179189658622,-7.61236622728045,3.1203662022533,3.31836724302518e-05,0.000177358828265308,"Nb_vs_On","On higher"
"mrpl35",144.005569688678,-6.92684071127893,2.85419580982938,3.31822007472121e-05,0.000177358828265308,"Nb_vs_On","On higher"
"rufy3",44.7632445055206,-7.30943767806274,3.00282240141126,3.33355626054309e-05,0.000178057592647536,"Nb_vs_On","On higher"
"sdha",12.8091556223996,-8.01580210736586,3.29468732217339,3.35266184594047e-05,0.000178737855725946,"Nb_vs_On","On higher"
"map7d1a",7.50899170004558,-7.58374930991394,3.1278897452845,3.35168053111581e-05,0.000178737855725946,"Nb_vs_On","On higher"
"rgcc",10.4344058593049,-7.46465269703537,3.06823874379003,3.34889737947439e-05,0.000178737855725946,"Nb_vs_On","On higher"
"vwf",26.7436220187519,-1.33477745761838,4.62502122288485,3.35961676812478e-05,0.000178995278190344,"Nb_vs_On","On higher"
"csnk2a2b",11.2888985512502,-7.24268741246451,2.98827639645463,3.40368280448381e-05,0.000181228348185609,"Nb_vs_On","On higher"
"pdgfrb",10.3080224608189,-7.66387572883696,3.15206897705316,3.4146227776633e-05,0.000181695919989695,"Nb_vs_On","On higher"
"ttc7a",14.2982604673917,-8.4614037039473,3.4985073141512,3.42920094892431e-05,0.000182241247399273,"Nb_vs_On","On higher"
"emc10",6.95601753999034,-7.3139485770537,3.02171388267991,3.42726359685595e-05,0.000182241247399273,"Nb_vs_On","On higher"
"fzd6",8.35347388567171,-7.5427005372098,3.12130161685966,3.43630146382696e-05,0.000182503379952652,"Nb_vs_On","On higher"
"klc1a",11.3139442194604,-7.74124666078166,3.18828030196606,3.44105563830819e-05,0.000182640645417896,"Nb_vs_On","On higher"
"pgrmc2",7.22475266168322,-7.1063623911968,2.93493682894507,3.45077125529717e-05,0.000183040910063589,"Nb_vs_On","On higher"
"drg1",8.68093876096178,-7.15541461905212,2.95556777271237,3.4827247017277e-05,0.000184619499616775,"Nb_vs_On","On higher"
"lgals8a",52.2828731413273,-7.67557313268954,3.16127885700479,3.50055255288929e-05,0.000185447774639535,"Nb_vs_On","On higher"
"coro1a",25.6416264156011,-9.23333489613606,3.83824928206314,3.50787500462215e-05,0.000185602085411121,"Nb_vs_On","On higher"
"sympk",35.3215771928496,-6.93390306306715,2.8662534955501,3.50639327807843e-05,0.000185602085411121,"Nb_vs_On","On higher"
"egfl7",45.0378683310232,-7.54487662477496,3.10772178116498,3.51484830811075e-05,0.000185666380200085,"Nb_vs_On","On higher"
"cyth1b",8.10549143052083,-7.34159594649064,3.03233550675752,3.51791252576782e-05,0.000185666380200085,"Nb_vs_On","On higher"
"upf1",11.0721968278799,-7.28625041026786,3.00835758666217,3.51677416950116e-05,0.000185666380200085,"Nb_vs_On","On higher"
"mrps18a",15.9288663996455,-6.81362049622717,2.82405052917079,3.51460129290218e-05,0.000185666380200085,"Nb_vs_On","On higher"
"vps41",6.15805897092798,-7.20319259183498,2.9832100442769,3.53365109333881e-05,0.000186380168569712,"Nb_vs_On","On higher"
"mrpl14",331.074139507735,-6.94927609048506,2.88316006902198,3.53625031196246e-05,0.000186400470420163,"Nb_vs_On","On higher"
"vwa5b2",9.47990860155243,-7.82706882068585,3.24402443207854,3.54654171545066e-05,0.000186825958452213,"Nb_vs_On","On higher"
"stk25b",60.5467345870501,-7.17221526556485,2.95674370216249,3.56625136610209e-05,0.000187746741712617,"Nb_vs_On","On higher"
"dctn3",15.9490870126876,-6.90498619581198,2.85554646287368,3.59012268047676e-05,0.000188885329526584,"Nb_vs_On","On higher"
"hnrnpc",9.33151740542976,-7.32525050671081,3.02434544069462,3.60536817399395e-05,0.00018956895245897,"Nb_vs_On","On higher"
"enosf1",592.765560995086,-6.71239888716219,2.78496589270769,3.62133642081755e-05,0.00019028970031487,"Nb_vs_On","On higher"
"birc6",9.24535490129506,-7.57919394764598,3.13030844213089,3.63268315244785e-05,0.000190766854505964,"Nb_vs_On","On higher"
"phospho1",11.8923166045629,-8.23025323203339,3.40816527268949,3.64216973344394e-05,0.000191145790624259,"Nb_vs_On","On higher"
"ccdc84",13.7395596371705,-8.50552090161464,3.54249323104867,3.66007044866839e-05,0.000191846033853614,"Nb_vs_On","On higher"
"decr1",12.6495531751233,-8.12712377104995,3.359398709531,3.65822008617048e-05,0.000191846033853614,"Nb_vs_On","On higher"
"guca1c",430.689102682389,-7.97677763942785,3.28944974832278,3.67203997666216e-05,0.00019235365602702,"Nb_vs_On","On higher"
"slc17a7a",9.9231359849208,-7.41510974311026,3.07770542226997,3.69374983774579e-05,0.000193303271843618,"Nb_vs_On","On higher"
"kat2b",18.1247684300117,-7.36604925676532,3.05990179759479,3.69476080299812e-05,0.000193303271843618,"Nb_vs_On","On higher"
"cpxm1a",24.0035959136603,-7.13338575781034,2.95422650644246,3.70723530531923e-05,0.000193835445963834,"Nb_vs_On","On higher"
"usp11",161.295414367526,-6.95474814982995,2.88988020382356,3.73243663338997e-05,0.00019503197752872,"Nb_vs_On","On higher"
"traf3ip1",14.381264805218,-7.42069322494757,3.07216469026651,3.74662073448006e-05,0.000195651695675268,"Nb_vs_On","On higher"
"anxa2a",13.017584503371,-8.23998376798101,3.41960298333778,3.77119095290695e-05,0.00019681268097688,"Nb_vs_On","On higher"
"lgmn",13.0464269455231,-8.01617727559553,3.31702362471423,3.80366299275759e-05,0.000198384356090665,"Nb_vs_On","On higher"
"foxf2b",13.1400865604836,-8.30377339446282,3.44881449810603,3.81403645282391e-05,0.000198802222042549,"Nb_vs_On","On higher"
"SDHB",9.09296169546688,-7.21171421151713,2.99874959830693,3.81786972007959e-05,0.000198878881829393,"Nb_vs_On","On higher"
"wdr43",6.89488996437016,-7.07873476395841,2.94240933001879,3.82367749120462e-05,0.000199058238224864,"Nb_vs_On","On higher"
"irf2bp2b",8.14280416115515,-7.55059876241125,3.13467084113005,3.84291485071567e-05,0.000199936076720176,"Nb_vs_On","On higher"
"eftud2",6.75857104226387,-7.04710943995873,2.93576509237286,3.84882580432139e-05,0.000200119923537847,"Nb_vs_On","On higher"
"znf536",11.0988667802723,-7.31838345466279,3.037447583868,3.85927491005022e-05,0.000200415645853194,"Nb_vs_On","On higher"
"ppp1r16b",17.526903925218,-6.86141392853967,2.86353655055372,3.858892677811e-05,0.000200415645853194,"Nb_vs_On","On higher"
"atxn2l",8.86994470400598,-7.42097403033744,3.08763809268431,3.86275712425381e-05,0.000200472808088586,"Nb_vs_On","On higher"
"agbl5",39.0757786099264,-7.18185291422917,2.99884069007397,3.87993903400449e-05,0.000201240460802525,"Nb_vs_On","On higher"
"pecam1",14.5522314444413,-8.12877880225343,3.38087194465767,3.8872602977461e-05,0.000201496041788341,"Nb_vs_On","On higher"
"gstz1",21.104662422657,-6.83422565358582,2.83924571131989,3.89442287627799e-05,0.000201743087830819,"Nb_vs_On","On higher"
"sh3bp5la",17.0098926763475,-6.82025673084418,2.838543958327,3.90275947196087e-05,0.000201966691001489,"Nb_vs_On","On higher"
"mcts1",54.4340443273203,-6.77912089703387,2.81511392123636,3.9035377317584e-05,0.000201966691001489,"Nb_vs_On","On higher"
"clta",11.7721747127417,-7.67929874663702,3.18703726537564,3.90963638065206e-05,0.00020215797943691,"Nb_vs_On","On higher"
"lum",13.4098386516023,-8.39734915634491,3.49692972419847,3.91398336652876e-05,0.000202217657861658,"Nb_vs_On","On higher"
"chmp1b",12.6029858405345,-7.30276453952307,3.02735722655357,3.91559494315161e-05,0.000202217657861658,"Nb_vs_On","On higher"
"podn",8.05111574872875,-7.56180388514564,3.14391975382874,3.92357072682349e-05,0.000202505324208462,"Nb_vs_On","On higher"
"pfn1",18.8408896249055,-8.81214252582854,3.68117196231496,3.94097213857192e-05,0.000202988252905673,"Nb_vs_On","On higher"
"efnb2a",16.1157066411277,-7.88370774230206,3.27209389455646,3.94257298052714e-05,0.000202988252905673,"Nb_vs_On","On higher"
"ATG14",8.7357199383361,-7.60774785755048,3.16694154542492,3.93983346114243e-05,0.000202988252905673,"Nb_vs_On","On higher"
"tcf12",6.97793684467644,-7.45723758295694,3.10515852535988,3.94095565315278e-05,0.000202988252905673,"Nb_vs_On","On higher"
"sox10",15.3576360469081,-8.3931988714168,3.50275111763229,3.94949557886508e-05,0.000203220377646004,"Nb_vs_On","On higher"
"NIPAL2",21.9480756098431,-7.33524453132074,3.06097933808463,3.97432679188733e-05,0.000204373139487523,"Nb_vs_On","On higher"
"ranbp1",84.98891998075,-7.15991016141117,2.97979469678009,3.97993432942809e-05,0.000204536551801744,"Nb_vs_On","On higher"
"si:ch211-106j24.1",18.92471540265,-8.6781460967666,3.62081457673622,3.98801725348243e-05,0.000204826902012295,"Nb_vs_On","On higher"
"erlin1",9.79631007489673,-7.79656360337542,3.24891301912245,3.99182886234812e-05,0.000204897654653942,"Nb_vs_On","On higher"
"zgc:112001",14.8794968355098,-8.12046824713029,3.38103258606746,4.01062779057079e-05,0.000205737140408439,"Nb_vs_On","On higher"
"enpp5",6.86420617149764,-7.10148359786646,2.96425832498002,4.02500305547748e-05,0.000206348816814917,"Nb_vs_On","On higher"
"dedd1",7.65894574840673,-7.31298172942975,3.05178764121044,4.02897935284381e-05,0.000206426951869989,"Nb_vs_On","On higher"
"slc7a10a",9.36313852482549,-7.35609811809988,3.05866190719685,4.06183663520517e-05,0.00020798382478806,"Nb_vs_On","On higher"
"arih2",8.35738697419847,-7.20442238955402,3.00075390928374,4.0647061247827e-05,0.000208004231966084,"Nb_vs_On","On higher"
"gch1",8.8063042708258,-7.3845529761005,3.08884085470042,4.0698030356126e-05,0.000208138529488377,"Nb_vs_On","On higher"
"rnf151",17.0603388905563,-8.56178086608384,3.59982858336937,4.12745941588605e-05,0.000210838189169678,"Nb_vs_On","On higher"
"mibp",12.7481889058808,-7.38892348216566,3.07334394008899,4.12759961691172e-05,0.000210838189169678,"Nb_vs_On","On higher"
"puf60b",15.3970727249634,-7.69395545339392,3.20233859945436,4.14704895326187e-05,0.000211703202477613,"Nb_vs_On","On higher"
"stx10",8.75699149500099,-7.71641794823749,3.2269474558207,4.20402852234097e-05,0.000214431950877555,"Nb_vs_On","On higher"
"smarcc1b",14.8894422334046,-6.83454870847683,2.86251221255203,4.20559694581662e-05,0.000214431950877555,"Nb_vs_On","On higher"
"siah1",27.6010093730007,-7.29298437601892,3.04167202485054,4.21185560954561e-05,0.000214621068529993,"Nb_vs_On","On higher"
"sec63",6.80846946483703,-7.26307489532667,3.03688860684412,4.22605978799296e-05,0.000215214587388534,"Nb_vs_On","On higher"
"CDH2",10.3596531042766,-7.67730046375849,3.20635391033951,4.24720824484952e-05,0.000215881536817885,"Nb_vs_On","On higher"
"kidins220b",10.8821553650375,-6.97693220706301,2.91539912790638,4.25197895039266e-05,0.000215881536817885,"Nb_vs_On","On higher"
"lsm5",272.400484773412,-6.94632094951835,2.91840942477029,4.24486618908978e-05,0.000215881536817885,"Nb_vs_On","On higher"
"csnk2a2a",8.55253033815737,-6.92615980587022,2.89562224169089,4.24851606853215e-05,0.000215881536817885,"Nb_vs_On","On higher"
"tmed1b",181.190246221334,-6.87449801908934,2.86706929288062,4.25034569974825e-05,0.000215881536817885,"Nb_vs_On","On higher"
"zdhhc2",160.333242438709,3.76120933142233,1.03856719954565,4.2861335007439e-05,0.000217484459368669,"Nb_vs_On","Nb higher"
"dis3",7.01145994985336,-7.09494948507823,2.97870929945198,4.3001529423769e-05,0.000218064382342944,"Nb_vs_On","On higher"
"cdc27",10.8237188153778,-7.92870698884155,3.31151717990622,4.32636368918406e-05,0.00021887036346824,"Nb_vs_On","On higher"
"coch",15.7504586977659,-7.89758653716448,3.30961994915069,4.32644671906808e-05,0.00021887036346824,"Nb_vs_On","On higher"
"arvcfb",9.82707944097866,-7.63049943719496,3.18664045238271,4.32556102494802e-05,0.00021887036346824,"Nb_vs_On","On higher"
"zmiz2",8.08744994101378,-6.95644726035069,2.91690117711938,4.32425154855495e-05,0.00021887036346824,"Nb_vs_On","On higher"
"frem1b",13.5925035028943,-8.4023977981198,3.52956136699858,4.37521894483542e-05,0.000221204763228976,"Nb_vs_On","On higher"
"dpagt1",125.364197450461,-7.90152809071947,3.29971056467396,4.37870191372473e-05,0.000221247975448588,"Nb_vs_On","On higher"
"ell2",9.28120199087062,-7.11900433520068,2.9762461946053,4.38580693919131e-05,0.000221474042076259,"Nb_vs_On","On higher"
"ost4",9.30411835313388,-7.65600087042433,3.20085887076674,4.41628878659922e-05,0.000222612688656241,"Nb_vs_On","On higher"
"tspan4b",15.2115866872805,-7.65587208977719,3.21191930381969,4.41315635657977e-05,0.000222612688656241,"Nb_vs_On","On higher"
"ddx5",10.4656693070028,-7.5078128343938,3.13960303081206,4.41433411612818e-05,0.000222612688656241,"Nb_vs_On","On higher"
"pdgfbb",14.3514570425686,-7.98460093912491,3.34422345576927,4.43728146138879e-05,0.000223537015810717,"Nb_vs_On","On higher"
"arhgap11a",19.0539840891807,-8.83582476665607,3.73742207742292,4.44255657606904e-05,0.000223668907041562,"Nb_vs_On","On higher"
"trip10a",8.10889350113794,-7.08385341508392,2.96796641225443,4.44552274744151e-05,0.000223684461972281,"Nb_vs_On","On higher"
"zgc:63587",11.9708501457786,-7.99777942176939,3.35410161958037,4.4619748226352e-05,0.000223940593726486,"Nb_vs_On","On higher"
"sqor",8.44546519902591,-7.39646553846386,3.0924613279411,4.46293928046857e-05,0.000223940593726486,"Nb_vs_On","On higher"
"march5",18.8138310321928,-7.26489927024675,3.03578022829995,4.45932998214921e-05,0.000223940593726486,"Nb_vs_On","On higher"
"prom1b",16.0757143626364,-7.24218057963631,3.0355286055491,4.46127191245148e-05,0.000223940593726486,"Nb_vs_On","On higher"
"rnf185",68.1373776080095,4.577999314193,1.30494114763679,4.46391442472136e-05,0.000223940593726486,"Nb_vs_On","Nb higher"
"trpv1",8.83979767597906,-7.37209716680763,3.09735499717787,4.46773603341081e-05,0.000223998820305254,"Nb_vs_On","On higher"
"fnip1",8.5231447659053,-7.26247104194565,3.05223729903076,4.47597465395777e-05,0.000224278301410812,"Nb_vs_On","On higher"
"impdh1a",17.0555098810877,-8.27467103835506,3.48081883153378,4.48548494032592e-05,0.00022462113163393,"Nb_vs_On","On higher"
"tcea1",28.5148134367958,-6.77672951091284,2.84104311751546,4.5055381059474e-05,0.000225491199618699,"Nb_vs_On","On higher"
"aup1",6.01390387499572,-7.27649861529753,3.05901591813547,4.51561239745565e-05,0.000225861112072381,"Nb_vs_On","On higher"
"vapal",16.1968787478818,-8.3701648982569,3.51561521319698,4.55598213120689e-05,0.000227744997508905,"Nb_vs_On","On higher"
"ezrb",24.792811336128,-6.66223525872537,2.8051330691597,4.56459383661422e-05,0.000228040064787054,"Nb_vs_On","On higher"
"dusp6",7.76914327217798,-7.56021815653995,3.17895280411173,4.58633018340168e-05,0.000228990079975536,"Nb_vs_On","On higher"
"crx",16.9758747902429,-7.2416373192232,3.04144783093334,4.59202478190866e-05,0.000229138498008934,"Nb_vs_On","On higher"
"eif3s6ip",16.9111716362368,-7.82404258106508,3.2811763947703,4.59826852348007e-05,0.000229178356605419,"Nb_vs_On","On higher"
"cd2bp2",10.6215243085398,-7.76795121378047,3.25697328604383,4.59799869998197e-05,0.000229178356605419,"Nb_vs_On","On higher"
"coasy",220.087414152186,-7.07577102891144,2.97123612775386,4.61535177746013e-05,0.000229893676110411,"Nb_vs_On","On higher"
"mrc2",21.599838236767,-8.91172000702844,3.7797368498524,4.62409899090332e-05,0.000230193171528233,"Nb_vs_On","On higher"
"ewsr1b",10.5135878914894,-7.21619595436181,3.02767054632258,4.64136939932874e-05,0.000230916356994972,"Nb_vs_On","On higher"
"rnf7",9.95551600147782,-7.18954576245166,3.01219868764444,4.66068334829684e-05,0.000231740297849751,"Nb_vs_On","On higher"
"si:ch211-195b15.7",17.8870151941979,-8.24331216846431,3.46918281510376,4.67767192437595e-05,0.000232447711094432,"Nb_vs_On","On higher"
"med13a",7.80682893530043,-7.4587847183788,3.14367694366856,4.72130049492743e-05,0.000234063059872197,"Nb_vs_On","On higher"
"fads2",590.064797947773,-7.10284159636727,3.00324168374095,4.71912076507735e-05,0.000234063059872197,"Nb_vs_On","On higher"
"arl13b",9.13209506858795,-7.06962034455753,2.97970738979314,4.71647314604702e-05,0.000234063059872197,"Nb_vs_On","On higher"
"psmc3ip",165.10116482405,-6.83542086174212,2.89156890382885,4.72114785507527e-05,0.000234063059872197,"Nb_vs_On","On higher"
"arl6ip5a",11.1177179843479,-8.17052208691286,3.45593070103988,4.72850481165615e-05,0.000234172576235929,"Nb_vs_On","On higher"
"ACVR1B",9.54175396668115,-7.10523391679947,2.99959941151237,4.7318549795357e-05,0.000234172576235929,"Nb_vs_On","On higher"
"brms1lb",244.977152269456,-6.83716404425385,2.88230956123343,4.73171896851253e-05,0.000234172576235929,"Nb_vs_On","On higher"
"scaf11",8.31109209139385,-7.2266856500563,3.040227164166,4.74162608772891e-05,0.000234518263257943,"Nb_vs_On","On higher"
"arhgap23a",7.88731417485194,-7.14154583999759,3.01074310817695,4.74496971696083e-05,0.000234545831341023,"Nb_vs_On","On higher"
"FUCA1",9.02775195584049,-7.43114591409323,3.12673753862305,4.7836656601561e-05,0.000236092918519538,"Nb_vs_On","On higher"
"vps51",6.62953141599835,-7.21917844626798,3.04127702056214,4.78401535588938e-05,0.000236092918519538,"Nb_vs_On","On higher"
"zgc:77486",10.7710103033627,-7.02875805020242,2.9652348968598,4.78468186023203e-05,0.000236092918519538,"Nb_vs_On","On higher"
"COX5B",7.23019700517194,-7.35769329480045,3.09894251551564,4.79131154135104e-05,0.000236250006767995,"Nb_vs_On","On higher"
"cs",10.1757353553471,-7.14856253390453,3.00553129082946,4.79628488437281e-05,0.000236250006767995,"Nb_vs_On","On higher"
"PTPN14",8.51881623130361,-6.94167285226268,2.93204994301793,4.79459280172121e-05,0.000236250006767995,"Nb_vs_On","On higher"
"SOX8",7.97900767805645,-7.6351220006973,3.21979715322785,4.8346767896598e-05,0.000237941876000652,"Nb_vs_On","On higher"
"C9orf16",234.661093675139,-6.67602051530444,2.80686096481611,4.83628593296645e-05,0.000237941876000652,"Nb_vs_On","On higher"
"adam10b",11.9980555812428,-6.91843469994844,2.93261550245496,4.83930732108285e-05,0.000237951454607917,"Nb_vs_On","On higher"
"rab5b",15.1699593800609,-6.87637332320016,2.89762020828386,4.93365866310192e-05,0.000242449145510753,"Nb_vs_On","On higher"
"nup50",100.64717261087,-6.78360702568676,2.85844882917795,4.93744227548499e-05,0.000242493518524111,"Nb_vs_On","On higher"
"eloa",6.70554698615282,-7.20588390566573,3.04846182305056,4.96233059309636e-05,0.000243573754709534,"Nb_vs_On","On higher"
"C12orf57",37.1754334987163,-6.98903890633722,2.95805917465502,4.97533546810436e-05,0.000244069778382882,"Nb_vs_On","On higher"
"ifrd1",10.8914393373387,-7.76126056161003,3.27571761532815,4.98231919253099e-05,0.000244257356911783,"Nb_vs_On","On higher"
"NBL1",23.5321956084617,-1.37375726730318,5.54214055842202,4.9849624515852e-05,0.000244257356911783,"Nb_vs_On","On higher"
"acvrl1",15.7221688247072,-8.18811827846139,3.45858016073004,4.9986895128563e-05,0.000244645164646653,"Nb_vs_On","On higher"
"emc2",9.17337224144695,-7.09473444800507,2.99092157215776,4.99767778096247e-05,0.000244645164646653,"Nb_vs_On","On higher"
"xrn2",7.48822136106322,-7.43586033623929,3.1389316687329,5.01384591407533e-05,0.000245244363188182,"Nb_vs_On","On higher"
"tmed9",8.60938597201265,-7.47157599840725,3.15994957138729,5.04023213197394e-05,0.000245988708713828,"Nb_vs_On","On higher"
"fam193a",7.21192272229194,-7.35431869454821,3.10493399433154,5.04075222774237e-05,0.000245988708713828,"Nb_vs_On","On higher"
"nisch",7.83602786660574,-7.31436831274338,3.10527254756331,5.03785310280596e-05,0.000245988708713828,"Nb_vs_On","On higher"
"ginm1",11.2776970320431,-6.79570545351208,2.87512554063532,5.03325053544353e-05,0.000245988708713828,"Nb_vs_On","On higher"
"chchd2",13.5375652869,-7.08845721347625,2.99362633691409,5.05837292630661e-05,0.000246705581075603,"Nb_vs_On","On higher"
"pnp5a",606.09735669352,3.55558951360779,1.02906150063535,5.08401163090034e-05,0.000247812448806711,"Nb_vs_On","Nb higher"
"TRIM67",11.8325844472537,-7.65268969420091,3.24963665809988,5.09904153554666e-05,0.000248305803641012,"Nb_vs_On","On higher"
"LPIN2",7.82808149613891,-7.10434543946017,3.01089580748506,5.10003248390722e-05,0.000248305803641012,"Nb_vs_On","On higher"
"exosc6",135.945506873944,-6.57116842092012,2.7835598918038,5.11372141941603e-05,0.000248828363633781,"Nb_vs_On","On higher"
"ptpn4a",9.02851194712064,-7.39568959377111,3.12359402420847,5.13340317594588e-05,0.000249641755835427,"Nb_vs_On","On higher"
"dbi",7.95325467697872,-7.49935940186254,3.16512727768596,5.14412987572847e-05,0.000249874698752927,"Nb_vs_On","On higher"
"zgc:194887",75.972912065971,5.16054202905902,1.62053279659606,5.14319474409523e-05,0.000249874698752927,"Nb_vs_On","Nb higher"
"arpc1a",11.4133824154108,-7.15474496584959,3.0230070864332,5.15786460392472e-05,0.000250397371602297,"Nb_vs_On","On higher"
"zgc:162944",40.7345867681789,-7.53022648299664,3.1744962667477,5.1675876395897e-05,0.000250724799712196,"Nb_vs_On","On higher"
"sept5a",6.9568755814117,-6.94409964768175,2.95516518454962,5.1965149957755e-05,0.000251983083147685,"Nb_vs_On","On higher"
"pmm2",7.94568777106902,-7.1006558810267,2.9985323368641,5.22341273805876e-05,0.000252995905805401,"Nb_vs_On","On higher"
"kcnma1a",12.6580369410745,4.89563993806939,1.42604245246763,5.22178094947281e-05,0.000252995905805401,"Nb_vs_On","Nb higher"
"mpp1",8.34769904404621,-7.38858264490914,3.12555699994565,5.2719831286523e-05,0.000255201575485883,"Nb_vs_On","On higher"
"zgc:101583",304.071158196986,-3.16283570472609,0.974771114623911,5.30087686401242e-05,0.000256452766903773,"Nb_vs_On","On higher"
"zgc:110239",15.0179758869972,-7.71674757624237,3.26313720876323,5.31167823375659e-05,0.000256827727580488,"Nb_vs_On","On higher"
"ip6k2a",15.1739839869805,-7.07070296669585,2.99295578334946,5.32285406605487e-05,0.000257220353203501,"Nb_vs_On","On higher"
"klf6a",11.2166718514024,-7.96234307727264,3.38224564220685,5.33921094719043e-05,0.000257567207756155,"Nb_vs_On","On higher"
"tsen34",10.4886477588069,-7.83799367784091,3.33878620974722,5.33572663763747e-05,0.000257567207756155,"Nb_vs_On","On higher"
"plekho1b",7.56121229031745,-6.95327401691309,2.948304801724,5.33751578133502e-05,0.000257567207756155,"Nb_vs_On","On higher"
"psma6a",362.958849405025,-7.51923266625824,3.17818339800622,5.35214712897305e-05,0.000257949508554257,"Nb_vs_On","On higher"
"nfu1",11.8230686283201,-7.1022662295644,3.01239467753741,5.35326433172116e-05,0.000257949508554257,"Nb_vs_On","On higher"
"bricd5",110.748756775551,-6.77100768350032,2.87974510382073,5.37371947553315e-05,0.000258787016848044,"Nb_vs_On","On higher"
"aida",9.80601276932804,-7.47223108999142,3.18352221922342,5.37938903541737e-05,0.000258911931961941,"Nb_vs_On","On higher"
"TMEM158",12.0704108702771,-7.95986582047177,3.40102836575797,5.45483782378692e-05,0.000262393284575076,"Nb_vs_On","On higher"
"zgc:66427",14.2654774525732,-7.93484742990349,3.38984808884553,5.4590386827936e-05,0.000262445389101979,"Nb_vs_On","On higher"
"cuzd1.1",49.7273788194876,3.16722400925996,0.932770329836692,5.5197337725074e-05,0.00026521186585027,"Nb_vs_On","Nb higher"
"chchd3a",8.47521060253261,-7.24704699247483,3.0879461715331,5.54867690614587e-05,0.000266450440364723,"Nb_vs_On","On higher"
"cacybp",7.05734545182072,-7.25632627573854,3.0825116075877,5.56245832807482e-05,0.00026686395724959,"Nb_vs_On","On higher"
"aplp2",64.3098585214159,-2.65010535278134,0.784595962881455,5.5636284743767e-05,0.00026686395724959,"Nb_vs_On","On higher"
"mtnr1bb",9.5062866756017,-7.41461974256539,3.17590362165037,5.59297186653672e-05,0.000268118662713588,"Nb_vs_On","On higher"
"rplp2l",23.7922877878016,-8.02361882102855,3.42086815464992,5.61499001488439e-05,0.000269020978630033,"Nb_vs_On","On higher"
"lzts1",53.8004459088972,4.0562582382118,1.19999310160762,5.62542020407563e-05,0.000269367390659321,"Nb_vs_On","Nb higher"
"phf8",7.47342803521168,-6.97360244649734,2.97085534124161,5.63994050878436e-05,0.000269909148396514,"Nb_vs_On","On higher"
"tmem18",16.4366807063142,-6.7526713446683,2.87713866060032,5.64987269289313e-05,0.000270230842777127,"Nb_vs_On","On higher"
"sfr1",34.0269549449632,-7.17670843083882,3.06559005567775,5.66032079074162e-05,0.000270576833710749,"Nb_vs_On","On higher"
"prpf3",6.93714237547024,-7.36622048853939,3.14517322103678,5.67778414181345e-05,0.000271257587433517,"Nb_vs_On","On higher"
"ap1g2",322.498258926682,-6.65548423886773,2.84220352670401,5.69681642362707e-05,0.00027201248243955,"Nb_vs_On","On higher"
"oga",10.4511619762048,-7.33793391428123,3.13653053108288,5.70424243648787e-05,0.000272058429633739,"Nb_vs_On","On higher"
"prpf4bb",7.98051111984645,-7.02009033980644,2.99084204612962,5.70128458975073e-05,0.000272058429633739,"Nb_vs_On","On higher"
"arhgef6",10.8501898264605,-7.6371624826212,3.25637582648593,5.71839636594828e-05,0.00027257905214356,"Nb_vs_On","On higher"
"RAB7A",9.79064617692558,-7.53982161245868,3.21110803586342,5.74056428758711e-05,0.000273480872512214,"Nb_vs_On","On higher"
"ap2a1",8.47717076713559,-6.87734190122995,2.93042735576311,5.74711216982768e-05,0.000273637953877881,"Nb_vs_On","On higher"
"ndfip2",8.4614002006039,-7.15841355911207,3.06743055679064,5.85986543221673e-05,0.000278848768843417,"Nb_vs_On","On higher"
"exoc3",8.80948865756912,-7.52397601381224,3.21222844609375,5.88883612685097e-05,0.00028006905376176,"Nb_vs_On","On higher"
"ubn1",32.092507885483,-7.13342324619752,3.05250686456552,5.89252369050875e-05,0.000280086191003403,"Nb_vs_On","On higher"
"hdac11",9.01583649559878,-6.9365401915786,2.96598181920263,5.89693327024768e-05,0.000280137608741224,"Nb_vs_On","On higher"
"prpf38a",8.47747012253738,-7.51571020049034,3.21005817694631,5.91330374459436e-05,0.000280756857992077,"Nb_vs_On","On higher"
"psme4a",9.07255519042103,-6.98237466673394,2.97808154790623,5.92300572736752e-05,0.000280900632185801,"Nb_vs_On","On higher"
"sesn2",11.2298166013419,-6.83807264794441,2.93531048556521,5.92172799439592e-05,0.000280900632185801,"Nb_vs_On","On higher"
"fsta",6.55649206398834,-6.91730989534151,2.95155336070643,5.97272891735848e-05,0.000283099279427498,"Nb_vs_On","On higher"
"txnl1",7.03203015685414,-6.93055445046604,2.96114238496187,6.03788666266159e-05,0.000286026617480502,"Nb_vs_On","On higher"
"tyrp1b",23.2780262593865,-1.05288420440123,2.25398666006434,6.05873553882054e-05,0.000286852844577004,"Nb_vs_On","On higher"
"mat2aa",1177.4166429302,-7.02073743092775,3.00586966813932,6.09924025346739e-05,0.000288608231892572,"Nb_vs_On","On higher"
"selenou1b",25.7280887390501,-0.875402155407814,1.74586391136307,6.10404715433317e-05,0.000288673421040318,"Nb_vs_On","On higher"
"pde6a",68.8334097773385,-3.96563881597136,1.27503360292162,6.10809120183224e-05,0.00028870248027526,"Nb_vs_On","On higher"
"sos2",11.4207909583339,-6.40400425470661,2.74249846693222,6.11831933817382e-05,0.000289023637422824,"Nb_vs_On","On higher"
"snx27a",10.5985449966205,-7.22283838535312,3.08792014879597,6.14335215502666e-05,0.000290043401239565,"Nb_vs_On","On higher"
"nono",8.7856942941593,-7.64849031539647,3.28450336946045,6.18945104369423e-05,0.000292056047566244,"Nb_vs_On","On higher"
"mdkb",7.92010005174911,-7.50158463666786,3.21526304955756,6.20829021653679e-05,0.000292780879791634,"Nb_vs_On","On higher"
"gnaia",13.0491965793395,-8.15011153259016,3.51573739716138,6.21381447288416e-05,0.000292877324931348,"Nb_vs_On","On higher"
"gata1a",19.511529006214,-7.26669297781574,3.10696864429494,6.22384858531723e-05,0.000293022133060405,"Nb_vs_On","On higher"
"abcb7",57.4544470966349,-6.59694802099215,2.84019775269874,6.22111728755253e-05,0.000293022133060405,"Nb_vs_On","On higher"
"nup153",7.2107076482941,-6.92164874471757,2.96227607925508,6.24224604067701e-05,0.000293724019957625,"Nb_vs_On","On higher"
"ddah2",39911.3571037753,-6.8687755218206,2.92583008408933,6.25967340998804e-05,0.000294379501482007,"Nb_vs_On","On higher"
"PIAS1",13.0488397155158,-7.83373248460746,3.38261961503327,6.26333005865163e-05,0.000294387004096759,"Nb_vs_On","On higher"
"cdip1",111.292248057728,-6.60214793507329,2.85150584269268,6.30343625527102e-05,0.000296042480905987,"Nb_vs_On","On higher"
"cd3eap",44.8346188727357,-6.32632276915027,2.72239005497455,6.30910205209481e-05,0.000296042480905987,"Nb_vs_On","On higher"
"mrpl47",591.584369555259,-3.00158779664522,0.928152192157956,6.30718490610792e-05,0.000296042480905987,"Nb_vs_On","On higher"
"anxa11a",10.601937142156,-7.71929744772464,3.31045884093293,6.33113727841623e-05,0.000296910939329849,"Nb_vs_On","On higher"
"scinla",28.9444017821545,-6.8415647250451,2.93932568268973,6.35697326406468e-05,0.000297956575372475,"Nb_vs_On","On higher"
"gng2",7.81504322570564,-7.45221721601504,3.20268232647168,6.4116118958578e-05,0.000300183253277703,"Nb_vs_On","On higher"
"KDM7A",723.003925256352,-6.20426034269747,2.67834190746867,6.4109293638e-05,0.000300183253277703,"Nb_vs_On","On higher"
"susd6",9.62028373048624,-6.69584693511946,2.87327568894084,6.42175415480122e-05,0.00030049097540365,"Nb_vs_On","On higher"
"krit1",6.28704336499881,-6.90695900238702,2.96554971514887,6.43169668850014e-05,0.00030078901513219,"Nb_vs_On","On higher"
"snx12",9.57067854129388,-7.35422094151206,3.15352257918793,6.44941622123962e-05,0.000301450226265381,"Nb_vs_On","On higher"
"itgb4",8.08631596407061,-7.44986855408813,3.21014551391468,6.46085245353431e-05,0.000301817180654006,"Nb_vs_On","On higher"
"tnrc6c2",7.59474540980056,-7.28505061814829,3.12663087789926,6.46825656066139e-05,0.000301995472699099,"Nb_vs_On","On higher"
"ccnt2a",17.3777196095828,-7.55676480834059,3.26514434459638,6.53885435365742e-05,0.000304445481891734,"Nb_vs_On","On higher"
"glg1a",6.8946046219172,-7.14295897696828,3.06435002052173,6.53900084854551e-05,0.000304445481891734,"Nb_vs_On","On higher"
"ylpm1",6.49600245997036,-6.94609583378665,2.98104841099278,6.54243141770191e-05,0.000304445481891734,"Nb_vs_On","On higher"
"dctn4",11.7454246055633,-6.8986223461022,2.98190174797393,6.53310552207242e-05,0.000304445481891734,"Nb_vs_On","On higher"
"tbcb",9.31942395267188,-6.71179529283769,2.88840048866844,6.52492382451199e-05,0.000304445481891734,"Nb_vs_On","On higher"
"gnpnat1",275.608919903492,-6.29547332289496,2.7145200633852,6.53342761562738e-05,0.000304445481891734,"Nb_vs_On","On higher"
"cpeb3",28.1122379086504,-6.67054649210544,2.89015064136471,6.61847573941538e-05,0.000307813971129275,"Nb_vs_On","On higher"
"atrnl1a",8.89774577105502,-7.67304184477302,3.31194494004552,6.62859154434426e-05,0.000308114211045224,"Nb_vs_On","On higher"
"retreg2",7.96752847080579,-6.98039606660068,3.00585560314127,6.63555943554634e-05,0.000308267877088461,"Nb_vs_On","On higher"
"ugcg",90.0921574959513,-6.54403803230145,2.81622029914893,6.6428227534105e-05,0.000308435090668558,"Nb_vs_On","On higher"
"hadhab",7.80728465235205,-7.23392667010537,3.12288234548389,6.65197448063328e-05,0.000308689752910534,"Nb_vs_On","On higher"
"pdzrn3b",15.5535964224631,-8.39917749226804,3.65875375731584,6.6599993786631e-05,0.000308891872008738,"Nb_vs_On","On higher"
"rimkla",18.3099301943562,3.71602311230732,1.08262575324093,6.68556801421276e-05,0.000309907001892307,"Nb_vs_On","Nb higher"
"NRP1",15.8411329553936,-7.50219851064835,3.22366466750185,6.69730173188775e-05,0.000310280054920369,"Nb_vs_On","On higher"
"bbs9",12.1422317991379,-7.76571067280051,3.36008806477915,6.70834970685156e-05,0.000310620945172037,"Nb_vs_On","On higher"
"TMC6",31.2119398011739,-7.26230027274367,3.12101387557011,6.72875985974997e-05,0.00031139472512026,"Nb_vs_On","On higher"
"herc4",1551.12495876757,-6.39535503019517,2.74305431158717,6.73285885957625e-05,0.0003114132191204,"Nb_vs_On","On higher"
"srsf7a",10.6849506079463,-7.70885984229805,3.32156710985777,6.80198817291479e-05,0.000314265293301848,"Nb_vs_On","On higher"
"txndc17",13.7905992824561,-6.96952104984474,2.99811286144246,6.80023467919831e-05,0.000314265293301848,"Nb_vs_On","On higher"
"alg1",18.351562323318,-6.59666833750195,2.84869094247716,6.80920509548989e-05,0.000314426157398979,"Nb_vs_On","On higher"
"polr3e",6.73402251980988,-7.21753399684672,3.12933233977556,6.82071246971903e-05,0.000314784855099204,"Nb_vs_On","On higher"
"zgc:158564",7.53267719074934,-7.00681979415151,3.02966314337623,6.8287130022849e-05,0.000314981403031421,"Nb_vs_On","On higher"
"cables2b",8.82718707675977,-7.06229305106258,3.05981972778228,6.83455660168906e-05,0.000315078299414121,"Nb_vs_On","On higher"
"ltv1",13.6942192289906,-7.06997945967168,3.04541245030694,6.84660695744311e-05,0.000315461069336377,"Nb_vs_On","On higher"
"mcamb",13.7104964473093,-7.86073166151947,3.40277705777574,6.85095283070008e-05,0.000315488626525346,"Nb_vs_On","On higher"
"nmur3",558.809993782405,-8.01750147245927,3.46852705353804,6.88407083396064e-05,0.000316840395190162,"Nb_vs_On","On higher"
"s100a10a",9.22972903977207,-7.66113271884747,3.31342472642537,6.94890832809461e-05,0.000319588592523622,"Nb_vs_On","On higher"
"postna",20.1221866754038,-0.962492161862373,1.95998235975725,6.95137458910373e-05,0.000319588592523622,"Nb_vs_On","On higher"
"spag7",7.0339894435395,-7.269395824127,3.1504563015442,6.9795483702553e-05,0.000320550463131089,"Nb_vs_On","On higher"
"yipf4",7.95782445127795,-7.24542018556297,3.13111664695192,6.97991208029563e-05,0.000320550463131089,"Nb_vs_On","On higher"
"slc6a22.1",26.3377416364742,4.44439794125106,1.39695255906269,6.99236303646506e-05,0.000320947175795872,"Nb_vs_On","Nb higher"
"nub1",9.80796773738628,-7.86374128064386,3.41638865618365,7.00521871171537e-05,0.000321186988644989,"Nb_vs_On","On higher"
"RAB31",7.79371444445772,-7.24333822477433,3.13531902756649,7.00410595848944e-05,0.000321186988644989,"Nb_vs_On","On higher"
"itgb8",6.13412162862519,-7.07608975216203,3.0747730448259,7.01311306616701e-05,0.000321245144195395,"Nb_vs_On","On higher"
"ctnnal1",77.6811385627185,-6.43620085690483,2.7812504354708,7.01411944679421e-05,0.000321245144195395,"Nb_vs_On","On higher"
"npepl1",8.36869020453682,-6.62222751836736,2.85542053330744,7.04022945611516e-05,0.000322265641987914,"Nb_vs_On","On higher"
"aatka",19.8729722616471,-6.74639475156072,2.91685664848634,7.05821601101496e-05,0.000322913382503935,"Nb_vs_On","On higher"
"PTK7",6.7668882887836,-7.01231084016427,3.02615050607318,7.06613212676402e-05,0.000322924539864818,"Nb_vs_On","On higher"
"pcdh2ac",7.95097368261465,-6.58447548830569,2.84431242752068,7.06422221816718e-05,0.000322924539864818,"Nb_vs_On","On higher"
"fgfr1op2",18.1057904197061,-6.61881062795178,2.86180405586946,7.12713897169868e-05,0.000325535842993812,"Nb_vs_On","On higher"
"sema6dl",11.9392122155692,-7.1636897304642,3.10351819310945,7.13137964673237e-05,0.000325552895152891,"Nb_vs_On","On higher"
"ctcf",9.05772219716815,-6.65014924240548,2.88033355183184,7.14946112398291e-05,0.000326024722327671,"Nb_vs_On","On higher"
"cdr2l",19.8892197200971,-6.33842739920715,2.75669891371557,7.14812287640957e-05,0.000326024722327671,"Nb_vs_On","On higher"
"suclg1",9.3365688625847,-7.40208645721584,3.20912398597345,7.19703601102785e-05,0.000327919618369538,"Nb_vs_On","On higher"
"fam120a",8.41030961218388,-7.0523546941297,3.0481051214912,7.20319587963297e-05,0.000327919618369538,"Nb_vs_On","On higher"
"ephx1",8.91396842700211,-6.98703152611055,3.02959633452914,7.20659650728968e-05,0.000327919618369538,"Nb_vs_On","On higher"
"prex1",14.1623013126768,-6.79346801552578,2.92872123529435,7.20456167961672e-05,0.000327919618369538,"Nb_vs_On","On higher"
"ppfibp1b",10.1159126868007,-7.78011980799675,3.38440002589447,7.21474493428734e-05,0.000328113035423181,"Nb_vs_On","On higher"
"ankrd12",7.22775386507037,-7.23911338058641,3.13894881953731,7.23637088320189e-05,0.000328918845004285,"Nb_vs_On","On higher"
"hook1",12.5293439980936,-7.51162188956192,3.27495696626307,7.27547507672045e-05,0.000330517804618633,"Nb_vs_On","On higher"
"XPO1",8.82649798485414,-6.87353944655756,2.973926042894,7.29793015832358e-05,0.000331359094243624,"Nb_vs_On","On higher"
"SLC16A7",13.6187327302198,-7.7824611086943,3.39676699963292,7.32657088161811e-05,0.00033248018157122,"Nb_vs_On","On higher"
"kat8",9.3206620008252,-7.44408919764079,3.23292689691781,7.38518564355898e-05,0.000334779174730638,"Nb_vs_On","On higher"
"phf20a",8.34962213866854,-7.3157216209823,3.17686659229025,7.38378833513899e-05,0.000334779174730638,"Nb_vs_On","On higher"
"ranbp3b",9.22047545019823,-7.0134699602811,3.03471193632066,7.40355459923696e-05,0.000335367109833479,"Nb_vs_On","On higher"
"ppic",10.0109002518505,-6.65087298535336,2.88172455611965,7.4061232737044e-05,0.000335367109833479,"Nb_vs_On","On higher"
"trip11",8.2225677366654,-7.18871034130002,3.12463975430388,7.45630586738516e-05,0.000337457971998109,"Nb_vs_On","On higher"
"pdcd10b",7.22443114936718,-7.50811826190515,3.26763783033985,7.46829505865786e-05,0.000337818956495335,"Nb_vs_On","On higher"
"mapre2",9.50394854416512,-6.80530134830017,2.94553191706066,7.48957110086664e-05,0.000338599406697612,"Nb_vs_On","On higher"
"nsun2",6.63695999883062,-7.12457994329452,3.08804602022655,7.49489382969722e-05,0.000338658165638171,"Nb_vs_On","On higher"
"nedd1",7.8502198078943,-7.39629406708498,3.22810568478123,7.5211603471871e-05,0.00033948057803014,"Nb_vs_On","On higher"
"inpp5e",29.2450502584456,-6.72000736598476,2.92464550129622,7.51884858261627e-05,0.00033948057803014,"Nb_vs_On","On higher"
"mylka",16.0266580553798,-7.43083152811216,3.24083877338137,7.55149894930946e-05,0.000340667299867562,"Nb_vs_On","On higher"
"ppp1r9a",62.5464249276645,-6.53840234555264,2.84404713093749,7.55668753284029e-05,0.000340718776922601,"Nb_vs_On","On higher"
"dnajc9",35.726523454215,-7.09844375780978,3.07645261888179,7.57772127070733e-05,0.000341484248698149,"Nb_vs_On","On higher"
"psmb1",8.78646450090091,-7.62008226851491,3.32049321856503,7.6000632350724e-05,0.000342307824038734,"Nb_vs_On","On higher"
"zgc:112356",79.8429969891854,-7.19361398925253,3.11168904228882,7.62518643114064e-05,0.000343072257495147,"Nb_vs_On","On higher"
"rasal2",16.5641652768416,-6.88904708890006,2.97883506463523,7.62499635608423e-05,0.000343072257495147,"Nb_vs_On","On higher"
"prcp",12.3653900732113,-7.77749369435723,3.39169534329268,7.69826555381505e-05,0.000346175210641106,"Nb_vs_On","On higher"
"gnpat",9.03729377163178,-7.79316174001128,3.42289263820468,7.71423636111447e-05,0.000346708177724835,"Nb_vs_On","On higher"
"efna1a",8.57541322271459,-6.89411059429874,2.99349059174334,7.7323919404664e-05,0.000347338715874312,"Nb_vs_On","On higher"
"sema3c",11.6247166985617,-6.92345787107175,3.01752382477985,7.75473294960945e-05,0.000348156490505666,"Nb_vs_On","On higher"
"cdhr1a",11.3428127904625,-7.69380001537539,3.36374459838511,7.77633367598782e-05,0.000348940175290328,"Nb_vs_On","On higher"
"pdlim1",9.91745821797055,-7.70675286213151,3.3653293278067,7.81942069269567e-05,0.00035068664566389,"Nb_vs_On","On higher"
"gnb1l",10.6349472751707,-7.9929060702296,3.53518851156184,7.83644835563059e-05,0.000351263164311493,"Nb_vs_On","On higher"
"efs",11.3626026892803,-7.7807891913936,3.41295181442109,7.85676454145532e-05,0.000351617517447074,"Nb_vs_On","On higher"
"tbpl1",37.7800067778596,-6.96611216265615,3.05276280180654,7.8568846557133e-05,0.000351617517447074,"Nb_vs_On","On higher"
"prph2la",118.383054559392,-6.94970581451625,3.02577308694108,7.85499050239355e-05,0.000351617517447074,"Nb_vs_On","On higher"
"alx1",14.0506180642051,-8.2323292481577,3.62614166994497,7.88962187161165e-05,0.000352894988922566,"Nb_vs_On","On higher"
"PPP2R2C",15.8716857583425,-7.25119511761132,3.17210249180608,7.89392336427028e-05,0.000352899877219475,"Nb_vs_On","On higher"
"mogat3b",12.3790288577904,-7.22260992561601,3.1610834671372,7.91668504904311e-05,0.000353729589930175,"Nb_vs_On","On higher"
"tmf1",6.90322015229166,-7.04597353361943,3.06981158243982,7.95735471469361e-05,0.000355358153784036,"Nb_vs_On","On higher"
"kcnj11",35.3012678801636,-8.13225034934612,3.57264319906189,7.98206750327013e-05,0.000356272769048398,"Nb_vs_On","On higher"
"dock1",11.2475066306814,-7.17800170178738,3.1192432241332,7.9903091468336e-05,0.000356451629030447,"Nb_vs_On","On higher"
"tal1",8.3699737970276,-7.59765812739726,3.32918450038827,8.00203336680013e-05,0.000356785576704044,"Nb_vs_On","On higher"
"papss1",7.28998418394855,-7.24485153862826,3.16308930728094,8.01104675378844e-05,0.00035682483313799,"Nb_vs_On","On higher"
"sulf1",66.0407613351694,-6.75158897509805,2.9500535276002,8.01139147815159e-05,0.00035682483313799,"Nb_vs_On","On higher"
"psmg2",8.15977255184838,-7.16309096782594,3.13412190956694,8.02685472142016e-05,0.000357135639772277,"Nb_vs_On","On higher"
"sept6",7.06316042267409,-7.09099070371651,3.09820506656103,8.02501519590191e-05,0.000357135639772277,"Nb_vs_On","On higher"
"sash3",11.5950408278253,-7.96182638257277,3.49942238234437,8.05687970319532e-05,0.000358282162395659,"Nb_vs_On","On higher"
"mapre1b",8.98444572522101,-6.87818676032235,3.00682198074006,8.13820618581679e-05,0.000361707601226007,"Nb_vs_On","On higher"
"cyp1c1",10.0797258795047,-7.60222808093679,3.32985202397017,8.17987189954581e-05,0.000363367607653703,"Nb_vs_On","On higher"
"derl3",9.40481920409264,-7.8011147111172,3.4420763853654,8.19251725236964e-05,0.000363413804205175,"Nb_vs_On","On higher"
"hsd17b4",6.55125022161929,-7.26412751964542,3.18349503141513,8.19521129276598e-05,0.000363413804205175,"Nb_vs_On","On higher"
"wasf1",26.8425943137436,-6.40046018230383,2.80469163890054,8.18745468506171e-05,0.000363413804205175,"Nb_vs_On","On higher"
"pdcd4b",847.359151774455,2.85431242408093,0.834560450690381,8.19818025879814e-05,0.000363413804205175,"Nb_vs_On","Nb higher"
"atp7a",168.668936713333,-6.74725591370873,2.93517901492743,8.2043060457389e-05,0.000363493938384369,"Nb_vs_On","On higher"
"slc9a3r1b",13.726318839347,-7.96971263314335,3.50568936505901,8.23697975637821e-05,0.000364687669962156,"Nb_vs_On","On higher"
"FAT4",7.60951059626017,-6.98492474661183,3.05681063009124,8.23991385445499e-05,0.000364687669962156,"Nb_vs_On","On higher"
"kif5ba",10.1011020131365,-6.93475432214362,3.02885341094543,8.33693135461373e-05,0.000368787641319697,"Nb_vs_On","On higher"
"OTUD7A",11.4277727657164,-7.73454765870529,3.42525880572677,8.41976677339504e-05,0.000372256285180879,"Nb_vs_On","On higher"
"polr2f",10.2207614639779,-7.5539710016586,3.3212783267919,8.45059033855089e-05,0.000373422936849981,"Nb_vs_On","On higher"
"nfs1",8.52097283356719,-6.69763266423748,2.92397919646245,8.48177194454083e-05,0.000374604177487643,"Nb_vs_On","On higher"
"icn",18.2435677293009,-8.11546882441663,3.59740772011446,8.5101826520051e-05,0.000375661864523225,"Nb_vs_On","On higher"
"ripor3",5.64677225525126,-6.94193715992706,3.04370988279585,8.57003634032168e-05,0.000378105691367022,"Nb_vs_On","On higher"
"npm1a",8.34527873342,-7.32297043098507,3.21613405798482,8.59384954747338e-05,0.000378957702936778,"Nb_vs_On","On higher"
"chadlb",36.9141311895848,-6.99205051141992,3.07710846444761,8.60735532619424e-05,0.00037935453997855,"Nb_vs_On","On higher"
"ptges3a",7.10384801544042,-6.70344386039378,2.93338699797924,8.64193862626696e-05,0.000380679431480456,"Nb_vs_On","On higher"
"pomp",9.057151828953,-7.51468225711137,3.3054843466081,8.66585329148152e-05,0.000381533227027675,"Nb_vs_On","On higher"
"cebpd",13.3846864122816,-7.33015250298704,3.23029050022197,8.72795772801202e-05,0.000383665525610471,"Nb_vs_On","On higher"
"fam199x",31.8795864141587,-6.39989566368356,2.8113904588183,8.72426541388056e-05,0.000383665525610471,"Nb_vs_On","On higher"
"prpf4",19.5730565782852,-4.45656182301324,1.495962510271,8.72239997281814e-05,0.000383665525610471,"Nb_vs_On","On higher"
"afap1l2",7.8249449420887,-7.36259323974127,3.2415671606887,8.74166756790799e-05,0.000384067628322805,"Nb_vs_On","On higher"
"NASP",7.57729656436512,-7.06550918452761,3.12428014859953,8.77999892890654e-05,0.000385550500696585,"Nb_vs_On","On higher"
"mtap",25.2992285031461,-6.7818921446432,2.98535348807752,8.8034539119978e-05,0.00038637891048591,"Nb_vs_On","On higher"
"pepd",14.3326936669423,-7.93541209311608,3.52013936799226,8.82390410577516e-05,0.000387074647016234,"Nb_vs_On","On higher"
"atp6ap2",14.90763185763,-6.85868834195921,3.00044317277239,8.86033331704444e-05,0.000388470238869167,"Nb_vs_On","On higher"
"vps35l",21.6848767479369,-6.3660070442492,2.79056139478153,8.87476059278477e-05,0.000388900232535462,"Nb_vs_On","On higher"
"znf598",7.79428623384076,-6.6159557663875,2.90730569553099,8.89537963687436e-05,0.000389600966613987,"Nb_vs_On","On higher"
"ubr3",9.79046028317467,-7.38121493915616,3.26573895505461,8.94639959018714e-05,0.000391631782372311,"Nb_vs_On","On higher"
"kif25",10.0242382866764,-7.36831037482275,3.26198799322498,8.95588131845822e-05,0.000391843081802397,"Nb_vs_On","On higher"
"ssr4",15.7306538876771,-7.04353416693552,3.08840675863541,8.98883464401514e-05,0.00039308057160166,"Nb_vs_On","On higher"
"jupa",15.9543060390346,-6.83762291476914,3.00239712555626,8.99897864433522e-05,0.000393319845420633,"Nb_vs_On","On higher"
"eprs1",6.68931073430444,-7.18615031148319,3.16489933244983,9.0146850155036e-05,0.000393659344096219,"Nb_vs_On","On higher"
"prkar1b",7.15653982946436,-6.49301362301283,2.8591406202945,9.01609901897731e-05,0.000393659344096219,"Nb_vs_On","On higher"
"tjp2a",143.931785223299,-6.69381075434608,2.93828955850373,9.02977428601846e-05,0.000394052047380526,"Nb_vs_On","On higher"
"pigh",10.3680380447065,-7.77629677424747,3.46417891234314,9.0694673773464e-05,0.000395390366367142,"Nb_vs_On","On higher"
"lasp1",13.7607357807836,-7.40995079475516,3.25901841478498,9.06983603534036e-05,0.000395390366367142,"Nb_vs_On","On higher"
"acyp2",34.3125675834129,-6.56969716136962,2.9046854960898,9.08215248882038e-05,0.000395722358441459,"Nb_vs_On","On higher"
"nckipsd",14.037269514573,-6.85669114575189,3.01936899833862,9.11113812139038e-05,0.000396779931225371,"Nb_vs_On","On higher"
"si:dkey-6b12.5",1627.0396003207,-3.64062682400301,1.22417337868388,9.18676993347503e-05,0.000399866749224368,"Nb_vs_On","On higher"
"ppp2r5eb",12.0864860510719,-6.96643909923451,3.05812306546713,9.23954734084488e-05,0.00040174849956215,"Nb_vs_On","On higher"
"TRA2B",7.77100748115037,-6.95923822689629,3.06359509858384,9.23863455266996e-05,0.00040174849956215,"Nb_vs_On","On higher"
"phb",6.58387373155104,-6.57310544081524,2.8928466693225,9.27427038077145e-05,0.000403050119077615,"Nb_vs_On","On higher"
"ptdss1a",10.3399724034795,-6.70239181009584,2.95105043135749,9.30803605229173e-05,0.000404308810568585,"Nb_vs_On","On higher"
"ftsj3",5.55532790378753,-6.93533161491313,3.06887347191669,9.3249871122539e-05,0.00040483621202142,"Nb_vs_On","On higher"
"ipo9",8.2989962584752,-6.67145993440751,2.94532995985302,9.33308024558639e-05,0.000404978708800754,"Nb_vs_On","On higher"
"pacsin1a",15.4485284774579,-7.53857055515352,3.3398698363898,9.38088317747414e-05,0.000406843248778863,"Nb_vs_On","On higher"
"mrps35",18.3826088689125,-6.97211645310114,3.09575762696576,9.43807050199881e-05,0.000409083090873536,"Nb_vs_On","On higher"
"skia",8.78533108976458,-6.85916243642284,3.01755785293247,9.4422481060499e-05,0.000409083090873536,"Nb_vs_On","On higher"
"clcn5b",8.57106344007358,-6.94959416406454,3.07172526720551,9.51896026067474e-05,0.000412194482892798,"Nb_vs_On","On higher"
"nr2f1a",10.7305439470552,-7.17000691805411,3.18643763182972,9.54306569193763e-05,0.000413025845731265,"Nb_vs_On","On higher"
"vsx1",29.5656820118364,-7.10444173606315,3.14613521020098,9.61779482106507e-05,0.000415619080101262,"Nb_vs_On","On higher"
"UBE2O",8.26080760647904,-6.72782998767319,2.97916447170112,9.61153162264142e-05,0.000415619080101262,"Nb_vs_On","On higher"
"magoh",158.577045092478,3.25798610393747,0.958830953572549,9.61379284097761e-05,0.000415619080101262,"Nb_vs_On","Nb higher"
"tmed2",10.7937632367569,-7.61426264059724,3.38539266597738,9.63609592156815e-05,0.000415769633356026,"Nb_vs_On","On higher"
"rab30",8.43516750265806,-6.6400491085321,2.94889473526479,9.62883680344861e-05,0.000415769633356026,"Nb_vs_On","On higher"
"si:dkey-23o4.6",35.7316114388173,-6.27986822053848,2.77323500153652,9.63407442641348e-05,0.000415769633356026,"Nb_vs_On","On higher"
"tspan10",16.3042556058923,-7.76285510186549,3.47109079427929,9.66835843144416e-05,0.000416947957356029,"Nb_vs_On","On higher"
"lrit1b",22.2439707779646,-7.2484805550579,3.21136878031772,9.69295034392686e-05,0.000417794449540073,"Nb_vs_On","On higher"
"zc3h6",8.51589915059629,-6.71283335858382,2.96119397226631,9.70198128069429e-05,0.000417969695091528,"Nb_vs_On","On higher"
"fra10ac1",8.25035423342658,-7.10950393432416,3.14678223201286,9.76423992585398e-05,0.000420350310887808,"Nb_vs_On","On higher"
"napepld",33.0124642280388,-6.79202546767539,3.00551089522991,9.76722746610303e-05,0.000420350310887808,"Nb_vs_On","On higher"
"arhgap12b",7.58601857886936,-7.06508602380818,3.13307363852985,9.78306228952139e-05,0.000420816649735263,"Nb_vs_On","On higher"
"ssh1a",11.1503216317364,-6.66517986443117,2.96633563055986,9.80807339565794e-05,0.000421677026785743,"Nb_vs_On","On higher"
"golga7",10.8574115993844,-7.56681542970068,3.37900359364158,9.83089643607875e-05,0.000422442502291531,"Nb_vs_On","On higher"
"rbm25b",337.425387646976,-2.86680584264487,0.899607497655006,9.87376398188604e-05,0.000424068087752636,"Nb_vs_On","On higher"
"bcl2l1",7.4380515400602,-6.73690093650044,2.99336929903575,9.88593297040279e-05,0.000424374215934986,"Nb_vs_On","On higher"
"atp6v1d",253.576547077766,-6.93262683707323,3.05201944183974,9.90410863602275e-05,0.000424937749735166,"Nb_vs_On","On higher"
"rpl9",337.119312206718,-4.14883083412086,1.47544592820121,9.92733737845867e-05,0.000425717402200026,"Nb_vs_On","On higher"
"ggnbp2",8.13573916428811,-6.92805916497214,3.06233805209585,9.93644683156402e-05,0.00042589108670115,"Nb_vs_On","On higher"
"lyn",10.043366525456,-7.80051211734092,3.51071528734084,9.97607713180143e-05,0.000427372098195951,"Nb_vs_On","On higher"
"wdr12",9.77579142900936,-6.76800839586456,3.00942929189586,0.000100037009885852,0.000428331778580406,"Nb_vs_On","On higher"
"neu4",21.8133781626954,-6.63414383015123,2.95928750738777,0.000100086553631226,0.000428331778580406,"Nb_vs_On","On higher"
"impdh1b",31.2925124534922,-6.75930660843931,2.98460779875031,0.000100171666301065,0.000428478194574375,"Nb_vs_On","On higher"
"pcif1",24.5580481307629,-6.60466333388244,2.91706342923216,0.00010025502119463,0.000428616946884912,"Nb_vs_On","On higher"
"slc30a7",158.192540628551,-6.17458510902772,2.73041155234231,0.000100311834852221,0.000428642145069034,"Nb_vs_On","On higher"
"atf5b",8.12173583729409,-7.31582936619477,3.25230904483257,0.000100439556737141,0.000428970161650562,"Nb_vs_On","On higher"
"FAR2",95.7773526112678,-6.33849704154359,2.81132864170741,0.000100598716021172,0.000429432044354068,"Nb_vs_On","On higher"
"mcee",3311.68995499101,-7.01070879956086,3.11781669664137,0.000100923987277637,0.000430384055168767,"Nb_vs_On","On higher"
"dnm2a",10.0064904031016,-6.97117540332262,3.1005003922764,0.000100894606744292,0.000430384055168767,"Nb_vs_On","On higher"
"dnajb14",7.69068159705196,-6.7949252934357,3.01669463679719,0.000101042303071812,0.000430670434054945,"Nb_vs_On","On higher"
"fam107b",15.8265064120611,-7.33566155720963,3.26450666050265,0.00010139047342991,0.000431935731443818,"Nb_vs_On","On higher"
"si:dkey-16j16.4",6.48206250129619,-6.72838576666428,2.98515286979594,0.000101459493807906,0.000432011137518945,"Nb_vs_On","On higher"
"crlf1b",235.7866020754,-6.30579736201511,2.81381232049709,0.00010157486359666,0.000432283721818343,"Nb_vs_On","On higher"
"btbd2b",6.74522269413491,-6.37124541537712,2.82172842202643,0.000101866726177351,0.000433087929778253,"Nb_vs_On","On higher"
"lamc3",23.0079129724728,-0.782789284592626,1.56536631725298,0.000101827645403798,0.000433087929778253,"Nb_vs_On","On higher"
"ppa2",8.14210172100126,-6.57330896981439,2.92328363642311,0.000102491625695002,0.000435524737557054,"Nb_vs_On","On higher"
"atox1",11.3942251907649,-7.84878192143908,3.52738125280935,0.000102637059432255,0.000435922687336389,"Nb_vs_On","On higher"
"si:ch73-12o23.1",6.63640143691696,-6.91554739434834,3.074594321493,0.000102920344163147,0.00043690542469257,"Nb_vs_On","On higher"
"abhd2a",5.576981809175,-6.83330047220489,3.04865374188329,0.000103272014179056,0.000438177326289965,"Nb_vs_On","On higher"
"tesk2",8.87407154443448,-6.62804689725163,2.94983061794368,0.000103554443265235,0.000439154309021032,"Nb_vs_On","On higher"
"xpo7",7.37680147373987,-6.65531078661169,2.95250944724892,0.000103945096329773,0.000440589033687828,"Nb_vs_On","On higher"
"vps16",6.63307588533623,-7.05412701154043,3.13992632362436,0.000104049514680477,0.000440809670146075,"Nb_vs_On","On higher"
"nudc",6.21741533784156,-7.06813752091784,3.14891486755018,0.000104809329614365,0.000443805300147748,"Nb_vs_On","On higher"
"rnaseh2b",8.63569137855004,-7.04149663927001,3.13606890338348,0.000104910345694779,0.000444009698370363,"Nb_vs_On","On higher"
"VDAC2",803.43386557194,3.39438818061394,1.03958183425278,0.000105377593385222,0.000445763106088843,"Nb_vs_On","Nb higher"
"ly75",7.77033804754138,-6.56464912136402,2.92810490045502,0.000105479941403629,0.000445971947129961,"Nb_vs_On","On higher"
"tmub2",165.211960103029,-6.57021047010466,2.90086634946581,0.000106183247410049,0.000448720169024994,"Nb_vs_On","On higher"
"nop53",5.8481856977512,-6.73304094118403,3.00946372653396,0.000106480698873378,0.000449751391428047,"Nb_vs_On","On higher"
"ndufs4",7.92890665378601,-7.18615147816852,3.20902588760068,0.000106597767002227,0.00044998223592094,"Nb_vs_On","On higher"
"schip1",5.80933841892994,-6.78299652335931,3.02834458700686,0.000106642261898583,0.00044998223592094,"Nb_vs_On","On higher"
"srpx2",162.358784291066,-7.12998586607937,3.18362785153252,0.000106940478409709,0.000451014502631727,"Nb_vs_On","On higher"
"gpr161",31.7906385716806,-6.85784779237076,3.07714675607266,0.000107120110737581,0.000451545864891818,"Nb_vs_On","On higher"
"sars1",7.21236302459073,-6.95030750859848,3.09206804088605,0.000107821034656293,0.000453631016427026,"Nb_vs_On","On higher"
"pinx1",6.40044481474753,-6.68743069690522,2.97295882872882,0.000107830323576916,0.000453631016427026,"Nb_vs_On","On higher"
"afg1la",23.9062637425241,-6.6264017258767,2.97350314127853,0.000107745501316854,0.000453631016427026,"Nb_vs_On","On higher"
"golga3",9.41661346705149,-6.36526991301245,2.82411837768376,0.000107825009541347,0.000453631016427026,"Nb_vs_On","On higher"
"GTPBP2",8.05020749292011,-6.72797597868803,3.01190022818495,0.000107929275311195,0.000453820499285534,"Nb_vs_On","On higher"
"pdxka",8.01152307475386,-6.89983832398063,3.09359652226739,0.000108081465552592,0.000454233538203554,"Nb_vs_On","On higher"
"fat1a",11.8881956944304,-7.63053031811699,3.43536362326348,0.000108184088906137,0.000454437954297336,"Nb_vs_On","On higher"
"OSBPL10",7.56344772984645,-7.3606801060889,3.29472518645833,0.000108247051860762,0.000454475652151569,"Nb_vs_On","On higher"
"ndufa10",9.46756595722011,-7.5860373500767,3.41511839980744,0.000109453946577841,0.000458924809541098,"Nb_vs_On","On higher"
"znf131",5.88443206880419,-6.8483379210639,3.06168361289435,0.00010947030382021,0.000458924809541098,"Nb_vs_On","On higher"
"ppp2r2aa",14.6069824780221,-6.12560025107535,2.73854863882735,0.000109364218386745,0.000458924809541098,"Nb_vs_On","On higher"
"larp7",15.7105289420522,-6.83448197004513,3.04264860856264,0.000109571986392731,0.000459122439748137,"Nb_vs_On","On higher"
"slka",7.26225636017263,-6.81805976134229,3.04246981744262,0.000109839322583101,0.000460013640549526,"Nb_vs_On","On higher"
"mrpl44",6.88026417673834,-6.86986020553269,3.06767241491379,0.00011001159527287,0.000460506021385887,"Nb_vs_On","On higher"
"smg5",6.6144978896487,-6.82860020503247,3.04905541080044,0.000110300834383927,0.000461487288192792,"Nb_vs_On","On higher"
"pkmb",12.9053957649409,5.65396830546047,1.88419001077098,0.000110393244685613,0.000461644477776199,"Nb_vs_On","Nb higher"
"slco2a1",8.41066126342842,-7.52236259933487,3.39066564195571,0.000110462094603915,0.000461703034943274,"Nb_vs_On","On higher"
"glsa",6.39364246246282,-6.78727985025109,3.04019902767431,0.000110595702446886,0.000462032071065947,"Nb_vs_On","On higher"
"ZNF503",7.86664389128241,-7.41046206734519,3.34868270091994,0.000110774014692693,0.000462547448255501,"Nb_vs_On","On higher"
"sos1",10.3668528020151,-7.58523305304118,3.41622802387049,0.000111062795446653,0.000463523357496244,"Nb_vs_On","On higher"
"bnip3lb",11.3438732800447,-7.69333603444245,3.46817285899062,0.000111951732493084,0.000467001825632695,"Nb_vs_On","On higher"
"slc1a2b",17.9680805241932,-7.77405156913747,3.51565882394223,0.00011214521578284,0.000467443735290273,"Nb_vs_On","On higher"
"nbeal2",8.31626845373854,-7.35981714795516,3.30681367318842,0.000112168727166352,0.000467443735290273,"Nb_vs_On","On higher"
"ola1",8.1545104015834,-6.61102304347196,2.9683805969613,0.000112835060083644,0.000469987894994614,"Nb_vs_On","On higher"
"meis1b",12.434782499032,-6.98875351035126,3.12784818164803,0.000112928385618049,0.000470143991163569,"Nb_vs_On","On higher"
"arpc4",55.1452261476217,-6.98035117968539,3.119954083741,0.00011310633388209,0.000470652060612669,"Nb_vs_On","On higher"
"yipf3",6.75194465336792,-6.67921174969284,2.97903228976774,0.000113291445975671,0.000471189423035175,"Nb_vs_On","On higher"
"zmiz1b",5.42088515382859,-6.76256803815517,3.02515573802618,0.000113484286327023,0.000471758381383151,"Nb_vs_On","On higher"
"trabd",11.0788900160154,-7.04209213078205,3.15725549991936,0.000113716124792028,0.000472255717069212,"Nb_vs_On","On higher"
"shroom1",6.02634669612126,-6.67233410208229,3.00331248397918,0.000113671959984113,0.000472255717069212,"Nb_vs_On","On higher"
"lurap1",12.8183186568109,-7.88112491434724,3.60793056707506,0.000113848230696442,0.000472571206115705,"Nb_vs_On","On higher"
"dynlrb1",9.97576693676755,-7.63854355612711,3.4558755573096,0.000113980362085487,0.000472886489914062,"Nb_vs_On","On higher"
"fbxw8",51.3515237835709,-6.52189013952033,2.94005367747601,0.000114378252879984,0.00047430351366685,"Nb_vs_On","On higher"
"nanp",160.333795118386,-6.3019302882209,2.83632742873563,0.000114749373892671,0.0004756081878033,"Nb_vs_On","On higher"
"ubap1",6.57915036927787,-6.58427331720435,2.93850539327722,0.000115155170475648,0.000477055228870081,"Nb_vs_On","On higher"
"kpna7",45.2430249087695,-6.2059825106771,2.78669333896549,0.000115372725762255,0.000477721399639283,"Nb_vs_On","On higher"
"sod3a",166.665856089054,4.19299299369788,1.2760456574387,0.000115513935737297,0.000478070949378842,"Nb_vs_On","Nb higher"
"cndp2",8.50001505509676,-7.52082308722404,3.415753708458,0.000116002782800115,0.000479858194403623,"Nb_vs_On","On higher"
"nefma",12.583228997362,-7.73757847143285,3.51517474408226,0.000116642527620379,0.000482030828428251,"Nb_vs_On","On higher"
"stx5a",8165.52299560372,-6.60188916546475,2.93337140870481,0.000116592662128017,0.000482030828428251,"Nb_vs_On","On higher"
"akr1b1.2",8.3486976604642,-6.80229310763799,3.05128489529687,0.000117614310242474,0.0004858082745933,"Nb_vs_On","On higher"
"atpaf1",10.8759424428748,-6.48652745545355,2.89072548664204,0.000117910979141048,0.000486794812363583,"Nb_vs_On","On higher"
"egf",9.10928476578546,-7.51055510122853,3.41246792274115,0.000118041614079749,0.000487095248687903,"Nb_vs_On","On higher"
"jpt1b",12.2031857744281,-7.97400311733731,3.65464748433763,0.000118235904851491,0.000487419121958789,"Nb_vs_On","On higher"
"ssx2ipb",8.27302897863311,-6.84669375726208,3.08928651829782,0.000118210531934758,0.000487419121958789,"Nb_vs_On","On higher"
"ppm1h",7.83399640403484,-6.72373579032377,3.01477880560419,0.000118562487561366,0.000488526196912179,"Nb_vs_On","On higher"
"nars1",6.84569741991077,-7.02721921354337,3.16620540743955,0.000118677193281485,0.000488759595422475,"Nb_vs_On","On higher"
"armc5",320.459772167876,4.59809585976838,1.40463854787389,0.000118756226514146,0.000488845924105662,"Nb_vs_On","Nb higher"
"pbk",10.4091362047115,-7.85682622600123,3.62165710232667,0.000119483957202997,0.000491518314425243,"Nb_vs_On","On higher"
"si:ch211-120g10.1",6.87228029009143,-6.88401230489596,3.08989759238391,0.000119522213070619,0.000491518314425243,"Nb_vs_On","On higher"
"CSNK1D",14.5693625194805,-6.63190121468538,2.97330773343781,0.000119865535521218,0.000492573858216363,"Nb_vs_On","On higher"
"cherp",8.30198686165002,-6.47211452532691,2.8928434233675,0.000119895917734061,0.000492573858216363,"Nb_vs_On","On higher"
"lpin2",136.210584150455,-6.32625129003617,2.82756002237244,0.000120182281255775,0.000493509484688348,"Nb_vs_On","On higher"
"lmx1al",76.9034521627584,4.15412380437813,1.27965361581159,0.000120494684926684,0.00049455107640801,"Nb_vs_On","Nb higher"
"tmem131",7.85985860711867,-7.18006777622841,3.24182521568125,0.000120602934479403,0.000494754143492988,"Nb_vs_On","On higher"
"pfkpb",10.5994898001385,-7.22227716631812,3.26391703194275,0.000121388378952998,0.00049751605516485,"Nb_vs_On","On higher"
"tes",8.84745122339134,-6.89818076293656,3.11540957122592,0.000121453491727699,0.00049751605516485,"Nb_vs_On","On higher"
"CDK2AP1",21.13005688392,-6.76870674534178,3.06485710339757,0.000121405726230769,0.00049751605516485,"Nb_vs_On","On higher"
"b3gnt9",9.53225448923173,-7.315134712374,3.32616387344857,0.000121663326550934,0.000498133211530041,"Nb_vs_On","On higher"
"chmp2a",7.94115648022532,-7.01859989570246,3.17213956736718,0.000121821390429556,0.000498537902107925,"Nb_vs_On","On higher"
"bap1",6.42296653461044,-6.95088536527698,3.14461840869536,0.000122397842357649,0.000500653565095572,"Nb_vs_On","On higher"
"cript",6.76661605398463,-7.19849701389262,3.26099798414943,0.000122710063516173,0.000501686893967531,"Nb_vs_On","On higher"
"brd4",8.68969525422854,-7.05717323092029,3.19439312076861,0.000122821296563418,0.00050189790022857,"Nb_vs_On","On higher"
"tpcn1",8.13277384101587,-6.97767218576383,3.14072571228777,0.000122921968195107,0.000502065564418442,"Nb_vs_On","On higher"
"wls",12.8569506680744,-7.90864216652608,3.63210494846613,0.000123041807344264,0.000502310508037832,"Nb_vs_On","On higher"
"cpsf6",10.3807543519055,-7.41394007908451,3.36262336236843,0.000123119910749295,0.000502310508037832,"Nb_vs_On","On higher"
"mxra8b",7.82832904751976,-7.12192482708361,3.22109261600117,0.000123160951364942,0.000502310508037832,"Nb_vs_On","On higher"
"arf5",13.4314088257899,-7.46654052427182,3.39136992632585,0.000124034182206951,0.000505382258382436,"Nb_vs_On","On higher"
"cpdp",36.1241926206252,-2.88439420358926,0.940692178459859,0.000124006760894097,0.000505382258382436,"Nb_vs_On","On higher"
"tnc",9.88250787929925,-7.60062885850177,3.46103416178832,0.000124236804424068,0.000505806728314164,"Nb_vs_On","On higher"
"hdhd5",26.3355222870435,-7.21311496059228,3.26844509484586,0.000124318617353529,0.000505806728314164,"Nb_vs_On","On higher"
"ulk2",13.7479940834678,-6.65940576571611,2.99313198641847,0.000124286245136706,0.000505806728314164,"Nb_vs_On","On higher"
"daglb",7.11578855171467,-6.70498438405135,3.02273815865868,0.000124544810084752,0.000506482227677989,"Nb_vs_On","On higher"
"tnksb",8.97347375699667,-6.72085915762365,3.03391164650533,0.000124769009911023,0.000507148974133746,"Nb_vs_On","On higher"
"scp2b",18.1210981769365,-6.67867195632338,3.00697693765188,0.000125370300356928,0.00050934709865088,"Nb_vs_On","On higher"
"osbpl7",10.6241863368961,-6.70206598573518,3.04059663222366,0.00012594171317475,0.00051092883927954,"Nb_vs_On","On higher"
"arrb2a",10.6958820929785,-6.56246187673174,2.94462461594359,0.000125849817591023,0.00051092883927954,"Nb_vs_On","On higher"
"zgc:163098",308.110205506631,-6.14253900111491,2.76079309972484,0.000125893237274354,0.00051092883927954,"Nb_vs_On","On higher"
"ifih1",8.99113800137269,-7.20112069757763,3.27229995025997,0.000126058381360206,0.000511155806498178,"Nb_vs_On","On higher"
"cyth1a",9.33559336176967,-6.46680951540535,2.90164953445486,0.000126234439045181,0.000511623258489326,"Nb_vs_On","On higher"
"arhgef18b",10.3823401856693,-7.26071904963897,3.31007560258767,0.000126666048380955,0.000513125503017748,"Nb_vs_On","On higher"
"CIR1",8.01422470030417,-7.16514118303641,3.25228739705112,0.000126872286435525,0.000513713760083813,"Nb_vs_On","On higher"
"wdr74",260.545885804457,-5.90107807380979,2.65760011409237,0.000126965627392381,0.000513844543937049,"Nb_vs_On","On higher"
"pfkfb4a",10.6893903634273,-6.51378456717718,2.93896244358546,0.000127153767238041,0.000514281869424291,"Nb_vs_On","On higher"
"il17d",83.7396105724741,3.70372625814567,1.11282364875995,0.000127195872195459,0.000514281869424291,"Nb_vs_On","Nb higher"
"zte38",122.017030746364,-3.15995807536494,1.06461283881886,0.0001273068188153,0.000514483341712526,"Nb_vs_On","On higher"
"psmc6",6.3608729048883,-6.97804614178584,3.15931295161028,0.000127385235207399,0.000514553219758101,"Nb_vs_On","On higher"
"ythdc1",30.3058784311877,-6.50460583833593,2.92001378756983,0.000127549039881325,0.000514967778283448,"Nb_vs_On","On higher"
"calcoco1a",6.08808767526653,-6.83066849960636,3.09598989426459,0.000128089469608727,0.000516901800175582,"Nb_vs_On","On higher"
"tmem183a",6.20698877073134,-6.63609048253312,3.02011353527364,0.00012830392551981,0.000517519139926095,"Nb_vs_On","On higher"
"smek1",7.63021456332708,-7.17627167153817,3.26651121038336,0.000128460485501839,0.000517902474595056,"Nb_vs_On","On higher"
"lmtk2",8.78314488926145,-6.52867355782263,2.95359957651618,0.000128562774108018,0.000518066746022639,"Nb_vs_On","On higher"
"hoga1",7.56216571745156,-7.40135498055888,3.40322612666255,0.00012865502323655,0.000518190423734583,"Nb_vs_On","On higher"
"herpud2",8.2202128885448,-7.21091323151283,3.27296429716982,0.000128745323951079,0.000518306139177514,"Nb_vs_On","On higher"
"si:ch211-113j13.2",8.62408364130274,-6.73090261741307,3.04732574754249,0.000128999362635533,0.000519080609304932,"Nb_vs_On","On higher"
"jak2a",14.168455833814,-8.14864451424909,3.78127616167482,0.000129110722842028,0.000519280489672333,"Nb_vs_On","On higher"
"cbl",9.06163501804893,-6.30262377257501,2.85092394743656,0.000129512456031082,0.000520647495162199,"Nb_vs_On","On higher"
"COPS6",11.5443944663222,-7.26877061113571,3.29980833092153,0.000129979718445123,0.000522276501131762,"Nb_vs_On","On higher"
"clns1a",7.57921052008122,-7.47465606417094,3.4241675395869,0.000130133696903651,0.000522645734988042,"Nb_vs_On","On higher"
"wasf2",9.25116881738625,-7.28512685013918,3.32348488225641,0.00013133981594359,0.000527177530699565,"Nb_vs_On","On higher"
"rufy1",186.164779920964,-6.51671362668222,2.94052540903356,0.000131387319958148,0.000527177530699565,"Nb_vs_On","On higher"
"plod1a",9.05232815261623,-6.94718086345341,3.15473242521217,0.000131518741825745,0.000527453439108682,"Nb_vs_On","On higher"
"tmco1",6.49052883760894,-7.05156014871431,3.20972062743222,0.000132060516729136,0.000529374014202795,"Nb_vs_On","On higher"
"kank2",10.3876103640338,-7.63720871405411,3.51058657812461,0.000132447823338045,0.000530672243265895,"Nb_vs_On","On higher"
"negr1",9.37999407852536,-7.00130941761059,3.19621840506662,0.00013251046036409,0.000530672243265895,"Nb_vs_On","On higher"
"baxa",5.12797276271796,-6.44568175295624,2.92444785526527,0.000132765482717373,0.000531440719693223,"Nb_vs_On","On higher"
"mrgbp",8.39027732713437,-6.77725257734936,3.07331547688306,0.000133012972276978,0.000532178327294489,"Nb_vs_On","On higher"
"sec11a",8.80367541800246,-7.22394287986727,3.28951228205093,0.000133128149193831,0.000532386109222644,"Nb_vs_On","On higher"
"cnnm4a",13.6851247357609,-7.24494020489702,3.30660553537867,0.000133217421147024,0.000532467684209227,"Nb_vs_On","On higher"
"capn3b",106.995582398333,-6.20750510370186,2.82131243392977,0.000133275054719511,0.000532467684209227,"Nb_vs_On","On higher"
"vbp1",6.84750133491439,-7.22002804782474,3.29832504892661,0.000133568485072608,0.000533212255155568,"Nb_vs_On","On higher"
"otud5a",7.30512657974273,-6.50819806941267,2.94640882463297,0.000133588102414243,0.000533212255155568,"Nb_vs_On","On higher"
"fgd5a",69.9594430961336,-6.92750242043916,3.14163067751221,0.000133852593810449,0.000534014755780267,"Nb_vs_On","On higher"
"golga4",6.27800039552333,-6.8120064765637,3.09102330680903,0.000134451059329166,0.000535991353274437,"Nb_vs_On","On higher"
"pde8b",8.54479943695254,-6.52666091360933,2.96175416101776,0.000134475378726017,0.000535991353274437,"Nb_vs_On","On higher"
"smurf2",15.1962958217888,-6.63169183542946,3.01113159170277,0.000134850657802185,0.000537232767334969,"Nb_vs_On","On higher"
"si:ch73-199g24.2",7.96808961671481,-7.21729812825069,3.30826445949926,0.000135107358538852,0.000538000825061519,"Nb_vs_On","On higher"
"slc12a4",33.1949075642101,-6.56481228851332,2.96514366228146,0.000135417365013459,0.000538980320890446,"Nb_vs_On","On higher"
"dgcr2",6.17861025190626,-6.66889141399026,3.03094329085448,0.000136369663756548,0.000542514097118443,"Nb_vs_On","On higher"
"anapc7",7.46371527025839,-7.200357805341,3.29223714021425,0.000136781006050368,0.000543893485560699,"Nb_vs_On","On higher"
"f2r",73.481763875126,5.29634027476204,1.69844983334052,0.00013719743230196,0.000545291777676063,"Nb_vs_On","Nb higher"
"flot2a",8.75577887802219,-6.90660098119922,3.15704867232353,0.000137514843494983,0.000546037713462625,"Nb_vs_On","On higher"
"DDAH1",5.50113148904286,-6.51869250108518,2.96911660643964,0.000137509135269198,0.000546037713462625,"Nb_vs_On","On higher"
"ano8b",8.07435984589947,-6.7153572588694,3.08491525303332,0.000138908998596067,0.000551190286622004,"Nb_vs_On","On higher"
"scarb2c",10.8660575757682,-6.58312789318329,2.99990586431647,0.000138943429343299,0.000551190286622004,"Nb_vs_On","On higher"
"palm2akap2",9.57358034109428,-6.83224556869392,3.103664226384,0.000139275262394459,0.000552246424322449,"Nb_vs_On","On higher"
"epg5",7.14184701319818,-6.79015897935375,3.0952337324474,0.000140072285706202,0.000555145245327122,"Nb_vs_On","On higher"
"psmd14",20.7540544724823,-7.57352527054193,3.48706989995237,0.000140377339200777,0.000555830875537225,"Nb_vs_On","On higher"
"VMP1",7.40542699936862,-7.10617266357433,3.26246048465868,0.000140342567851428,0.000555830875537225,"Nb_vs_On","On higher"
"spns1",6.6670139720081,-6.88645086473135,3.14329389460566,0.000140993691375201,0.000558008882932038,"Nb_vs_On","On higher"
"si:dkey-16l2.16",28.9413689759047,-6.04634568038015,2.74248838063169,0.000141562227717927,0.000559995692166121,"Nb_vs_On","On higher"
"pbrm1l",20.4654901252337,-6.62462411743535,3.00377908482553,0.000141651616985204,0.000560086102292836,"Nb_vs_On","On higher"
"bloc1s1",17.3856542880344,-6.40744431430001,2.91501141760385,0.000142298386123935,0.000562379255582764,"Nb_vs_On","On higher"
"wdr20b",8.52629288026232,-6.14703088290457,2.80504996484805,0.000142855185183292,0.00056431485165319,"Nb_vs_On","On higher"
"pkn2",5.52221432744183,-6.88013510664535,3.15250735045076,0.000143799103057857,0.00056777713393107,"Nb_vs_On","On higher"
"mkrn2",8.31274425992749,-6.87340057801833,3.14467136529662,0.000144194795297288,0.000569072567657091,"Nb_vs_On","On higher"
"emilin1a",15.6232044315837,-7.78823154790185,3.62958070594183,0.00014464386694351,0.000570310103948698,"Nb_vs_On","On higher"
"dlg5a",5.38109542885645,-6.80205310717469,3.11606436545354,0.000144607938034608,0.000570310103948698,"Nb_vs_On","On higher"
"ppm1lb",7.04775873188783,-6.45173184946669,2.9619487236438,0.000144865719156338,0.00057073757311436,"Nb_vs_On","On higher"
"atp6v0b",9.05179752155206,-6.17377877451519,2.806196314464,0.000144887882364622,0.00057073757311436,"Nb_vs_On","On higher"
"rab11al",111.918123495157,-6.30292720818351,2.85989594265451,0.00014509284479641,0.00057127762745378,"Nb_vs_On","On higher"
"mibp2",300.446412116976,-4.48482238469196,1.74289778658282,0.000145618646301915,0.000573079833833341,"Nb_vs_On","On higher"
"grwd1",342.176091051416,3.5518982209115,1.11264756541026,0.000146700192256214,0.000577066457202249,"Nb_vs_On","Nb higher"
"smg1",6.44081986230318,-6.71586185168773,3.06569530335334,0.000146854086339854,0.000577402007850953,"Nb_vs_On","On higher"
"niban2a",99.1105994056553,-6.27858534945027,2.85455480175515,0.0001471646215766,0.000578352840537732,"Nb_vs_On","On higher"
"PLCB4",22.2792721180782,-6.2648230535665,2.87137417494072,0.000147426727100358,0.000579112547237898,"Nb_vs_On","On higher"
"camkk1b",10.0730618560795,-6.49510117672004,2.96416962337626,0.000148567574409285,0.000583049809499935,"Nb_vs_On","On higher"
"nipa1",21.2016503038891,5.95095337046116,2.57280982185376,0.000148513568926036,0.000583049809499935,"Nb_vs_On","Nb higher"
"CEBPZ",5.45673233474822,-6.64186356920809,3.04846262381868,0.000148741474871339,0.000583460268157936,"Nb_vs_On","On higher"
"atr",17.5524344906185,-6.9176614441594,3.17813477969564,0.000148879011078975,0.000583727766773549,"Nb_vs_On","On higher"
"ncam1a",5.88379367613361,-6.40622609383247,2.9386580349233,0.000149291000435717,0.000585070596679639,"Nb_vs_On","On higher"
"ahcyl1",6.59018370766441,-6.46739059813212,2.95614351072469,0.000150449757711337,0.000589337394329471,"Nb_vs_On","On higher"
"ctdspl2a",6.54214495223377,-6.86100578984637,3.15485725359717,0.000150869135854714,0.000590705295639526,"Nb_vs_On","On higher"
"msrb3",7.04293130764,-6.34918456093405,2.89568591380092,0.000151165895016172,0.000591592052183235,"Nb_vs_On","On higher"
"serinc5",36.6739193011126,-6.58671641437571,3.02938454397123,0.000151731912368054,0.000593531244569833,"Nb_vs_On","On higher"
"apeh",6.96438870947269,-7.22130087508632,3.36235851873793,0.000151869916495547,0.000593795149586396,"Nb_vs_On","On higher"
"pfdn5",11.3292991585353,-7.39826501147087,3.43347782049865,0.000152204488426575,0.000594827011873217,"Nb_vs_On","On higher"
"si:dkey-4e7.3",80.0795851905871,4.07870643096783,1.24045774998402,0.00015240254029599,0.000595324633044845,"Nb_vs_On","Nb higher"
"kat14",20.5189031997053,-7.02293277750656,3.22777659978285,0.000153136691060647,0.000597850849989109,"Nb_vs_On","On higher"
"uckl1b",34.8165423105369,-6.3272639727067,2.8884138132823,0.000153191290499704,0.000597850849989109,"Nb_vs_On","On higher"
"zgc:64051",11.0337740502548,-6.59973894792888,3.03130240507699,0.00015335574776799,0.000597938251371439,"Nb_vs_On","On higher"
"tjp1b",6.58113487359429,-6.49352296262279,2.97484883012629,0.000153292330387644,0.000597938251371439,"Nb_vs_On","On higher"
"lsm12b",13.7723659697745,-6.14986110153289,2.80294614571529,0.000153433304014808,0.000597963682035488,"Nb_vs_On","On higher"
"top3a",7.13776427682092,-6.50733011303294,2.99100828468933,0.000153815498899116,0.000598898644649751,"Nb_vs_On","On higher"
"wdr61",83.5807749603101,-6.49320634297378,2.97010710619481,0.000153801061532829,0.000598898644649751,"Nb_vs_On","On higher"
"fdft1",6.78147841939544,-6.24904833097928,2.87248520034707,0.000154380274435522,0.000600819764308008,"Nb_vs_On","On higher"
"slc4a4b",7.09377180996703,-6.49929227483305,2.98262754068393,0.000154989935531688,0.000602913714096925,"Nb_vs_On","On higher"
"asah1b",7.564205978997,-7.33264786166783,3.4134461971948,0.000155265724746532,0.000603428841604942,"Nb_vs_On","On higher"
"acbd3",7.57819925616468,-6.85120009702252,3.15893072681191,0.000155238998315289,0.000603428841604942,"Nb_vs_On","On higher"
"clpxb",8.20711652957864,-6.18514361179154,2.82728408988207,0.000155680277262196,0.000604760763264035,"Nb_vs_On","On higher"
"ltk",26.1083077285138,-6.78960430591169,3.12033297504445,0.000155943946992609,0.000605505602298792,"Nb_vs_On","On higher"
"proser1",17.5448923592768,-6.1412453115087,2.83022511857959,0.000156053853597578,0.000605652991970684,"Nb_vs_On","On higher"
"LEPROT",15.1664876725502,-7.74924964738772,3.64725713575386,0.000156432693133642,0.000606843507280644,"Nb_vs_On","On higher"
"acacb",6.91047009055208,-6.50481430568816,2.98511985767719,0.000156685947631088,0.000607545972896591,"Nb_vs_On","On higher"
"gpkow",469.209945420573,2.4981932389122,0.751505517520573,0.000157351774371053,0.000609846794040298,"Nb_vs_On","Nb higher"
"adss1",8.22123102666403,-7.26576802728349,3.40019703690249,0.000157495702629418,0.000610123711336604,"Nb_vs_On","On higher"
"KIF2A",7.3051111699314,-6.1869780649534,2.83535524201504,0.000157749464565805,0.000610825663622331,"Nb_vs_On","On higher"
"hspb1",12.0817292476043,-7.70129189264702,3.61129846721595,0.000157911082323722,0.000610980220993839,"Nb_vs_On","On higher"
"dvl3a",8.87655625008924,-7.45096966707575,3.48710184501503,0.000158007120587264,0.000610980220993839,"Nb_vs_On","On higher"
"igfbp2a",7.54513647530579,-6.4042876610118,2.95650845841115,0.000157950671176022,0.000610980220993839,"Nb_vs_On","On higher"
"si:dkey-288i20.2",6.31982630123519,-6.99297158701795,3.25080023535667,0.000158231501487496,0.000611566932746438,"Nb_vs_On","On higher"
"ncor2",6.28143701843932,-6.86359789418756,3.17936717733585,0.000158520396394557,0.000612402339077275,"Nb_vs_On","On higher"
"psmf1",22.6603890488036,-6.69147910127711,3.06862262617214,0.000158740548829231,0.000612971532130489,"Nb_vs_On","On higher"
"si:ch211-260e23.9",16.4151551060223,-6.22720050800859,2.86345249136546,0.000159475645876174,0.000615527733601848,"Nb_vs_On","On higher"
"stk10",15.268721254842,-7.38832767467569,3.44828102400046,0.000159688243793723,0.000615783617157838,"Nb_vs_On","On higher"
"ppa1a",11.7122899428828,-7.33330457014792,3.42536740998339,0.000159635418813022,0.000615783617157838,"Nb_vs_On","On higher"
"farsa",9.02706301883945,-6.82191517696885,3.13453135935312,0.000159819880732096,0.000616009045788819,"Nb_vs_On","On higher"
"ltbp1",11.5670516964537,-7.5396896249339,3.53692337093913,0.000160646200016712,0.000618828496526231,"Nb_vs_On","On higher"
"parga",8.90617083400403,-7.25938478566754,3.39577590826739,0.000160698395510376,0.000618828496526231,"Nb_vs_On","On higher"
"snx7",10.995787756902,-6.74075227247486,3.13130418396576,0.000160779854595094,0.000618859083667811,"Nb_vs_On","On higher"
"nt5c2l1",11.7002949896796,-7.40750997818234,3.47499294972377,0.000161285881761433,0.000620523104509938,"Nb_vs_On","On higher"
"ITM2C",9.79644450166596,-6.92745324799538,3.21589220703377,0.00016140013930458,0.00062067901903424,"Nb_vs_On","On higher"
"dhx16",8.03009988331352,-7.33105554598691,3.42760487958206,0.000162612558955815,0.000625055945794543,"Nb_vs_On","On higher"
"rab20",688.772782729765,-3.53263200769975,1.26252535649509,0.000163051125539259,0.000626455670830433,"Nb_vs_On","On higher"
"zgc:112163",9.95495630151965,-6.56737737992491,3.0150008839389,0.000163237063793619,0.000626883942981152,"Nb_vs_On","On higher"
"PCYT2",6.34251548624979,-6.79871524470861,3.16168667030897,0.000163386194409815,0.000627170535586785,"Nb_vs_On","On higher"
"tcn2",7.93303971963337,-6.61905448805809,3.05431987598236,0.00016387562355921,0.000628476081604298,"Nb_vs_On","On higher"
"usp33",5.35816363186035,-6.4576134082754,2.98086216327632,0.000163822435668435,0.000628476081604298,"Nb_vs_On","On higher"
"cfap36",7.72867413669168,-6.83507664903767,3.16631259255564,0.000164311777022697,0.000629861811920337,"Nb_vs_On","On higher"
"tex264a",7.41455001145261,-7.10246117766894,3.31144082676804,0.000164578469573182,0.000630596976270845,"Nb_vs_On","On higher"
"uqcrc2a",6.1075548347903,-6.94055117754617,3.22444898135908,0.00016477128899782,0.00063076157834636,"Nb_vs_On","On higher"
"myo3a",8.32429973768576,-6.86577420825494,3.19592951982161,0.000164713700280769,0.00063076157834636,"Nb_vs_On","On higher"
"scube3",884.16073734088,-6.8706116600527,3.16441920526307,0.000164860935714785,0.00063078295139665,"Nb_vs_On","On higher"
"EIF4ENIF1",8.16658108303089,-6.25621753000339,2.87971545555585,0.000164931888966249,0.00063078295139665,"Nb_vs_On","On higher"
"znf750",68.3192406606026,3.37431724470067,1.08911630208473,0.000165001670108746,0.00063078295139665,"Nb_vs_On","Nb higher"
"atp6v1e1b",9.50187710422117,-6.85525037218334,3.16784540480861,0.000165194080512635,0.000631231851908927,"Nb_vs_On","On higher"
"foxh1",12.9049537393354,-7.19243416190551,3.3777998268214,0.000166149499504087,0.000634437385853466,"Nb_vs_On","On higher"
"ptpn6",6.00995294142858,-6.91575162646896,3.21650730840443,0.000166183705845438,0.000634437385853466,"Nb_vs_On","On higher"
"bckdha",12.4364133642534,-6.0832486993857,2.79506839272303,0.000166406893290467,0.000635001463154645,"Nb_vs_On","On higher"
"polk",17.4583011503514,5.50865058461533,1.75557774124767,0.000166517194801904,0.000635134456657196,"Nb_vs_On","Nb higher"
"tcf7l2",6.52273616251158,-6.88803682418757,3.19981504971448,0.000167048637990489,0.000636872932338737,"Nb_vs_On","On higher"
"atp6v1h",4.78238544906688,-6.54634207815722,3.02344359489819,0.000167996277849378,0.000640195865521081,"Nb_vs_On","On higher"
"sar1b",12.6880409083668,-6.46738282374065,2.99802409678973,0.000168399380338372,0.000641441621578469,"Nb_vs_On","On higher"
"irf5",6.40851114828367,-6.99968498930575,3.25788342663845,0.00016985935047513,0.000646417727079405,"Nb_vs_On","On higher"
"elp3",6.54092262533215,-6.9518685093159,3.24663482804986,0.000169816001048735,0.000646417727079405,"Nb_vs_On","On higher"
"amotl2a",8.77248116794891,-6.96272457553509,3.25083650361507,0.000170542191834244,0.000648400016330614,"Nb_vs_On","On higher"
"RASSF5",10.4922274189981,-6.58835287360103,3.0356449924016,0.000170484973059112,0.000648400016330614,"Nb_vs_On","On higher"
"si:ch211-79l17.1",6.53647027451589,-6.48766679999631,2.99233960566367,0.000170611313396568,0.000648400016330614,"Nb_vs_On","On higher"
"acad9",10.9064443756509,-6.0246187107466,2.78404409442868,0.000170828404139167,0.000648932087564761,"Nb_vs_On","On higher"
"yju2",9.50830986866921,-6.83580235282647,3.17863516795014,0.000170906612877789,0.000648936340642862,"Nb_vs_On","On higher"
"fbxo38",7.96055268017104,-6.74410942754422,3.13736163057472,0.000171335905770982,0.000650273063471651,"Nb_vs_On","On higher"
"krr1",13.7001951971458,-7.22060124093744,3.38584026804367,0.000171970934249717,0.000652389060168597,"Nb_vs_On","On higher"
"camk1b",21.1755206142858,-6.02254029232541,2.77479877216682,0.000172115190979427,0.000652642197146312,"Nb_vs_On","On higher"
"rbm6",6.88163869932464,-6.66498990752438,3.0868871405115,0.000172365961328556,0.000653298812455553,"Nb_vs_On","On higher"
"smpd1",96.7210983676967,4.30459412234802,1.32066274864901,0.000172763811420813,0.000654512045247708,"Nb_vs_On","Nb higher"
"itih6",30.9936751543011,3.94260164245266,1.23331165987425,0.000173029784464764,0.000655224797851726,"Nb_vs_On","Nb higher"
"sec24c",5.16720676983359,-6.44096943473699,2.98901091873644,0.000173909820312242,0.000658261181379699,"Nb_vs_On","On higher"
"ndrg2",8.64017947491958,-6.46534605856645,2.99482164679275,0.000174493155902351,0.000659875735123984,"Nb_vs_On","On higher"
"atp13a1",6.50214100370428,-6.43533605409423,2.99078930694321,0.00017448230343163,0.000659875735123984,"Nb_vs_On","On higher"
"DENND5B",6.61109576419929,-6.43379131369008,2.98539540771159,0.000175526450720408,0.000663485254676422,"Nb_vs_On","On higher"
"SCYL1",8.25786226329673,-6.08318282126942,2.81060744400633,0.000176246717467931,0.000665908827488798,"Nb_vs_On","On higher"
"NCSTN",6.02586017282782,-6.8936297521098,3.22933658458826,0.000177511516397946,0.000670386695844732,"Nb_vs_On","On higher"
"arhgap29b",8.06230164905552,-6.8909179953241,3.22158404063833,0.000177687059315698,0.000670748728842846,"Nb_vs_On","On higher"
"zrsr2",614.72103006652,-6.07344695190141,2.81808519270671,0.000178020965991054,0.000671707974770371,"Nb_vs_On","On higher"
"uts2r2",9.34271719433353,-7.08807128644616,3.33819369739796,0.000178255888522449,0.000672293041927407,"Nb_vs_On","On higher"
"ctsc",7.24565482697416,-7.15228264482705,3.36992367193843,0.000178394636591553,0.000672515025001207,"Nb_vs_On","On higher"
"atp1a3a",11.0265930114786,-7.20120650898818,3.38672812361002,0.000178822805790508,0.000673525896708949,"Nb_vs_On","On higher"
"srebf2",7.67946117775599,-6.8783637172564,3.21704841257732,0.000178790385030562,0.000673525896708949,"Nb_vs_On","On higher"
"ddx55",136.935338943398,-5.97747938702385,2.74541400685083,0.000179905749896409,0.000677301700638626,"Nb_vs_On","On higher"
"manba",27.9683304893904,-6.43569269762783,3.02131232129714,0.000180100117622558,0.000677488507005673,"Nb_vs_On","On higher"
"TPM1",41.9491668559607,-4.20894212543102,1.59601672129466,0.000180116331513269,0.000677488507005673,"Nb_vs_On","On higher"
"cyp2r1",8.10979803475127,-6.7432595321714,3.16372774089824,0.000180336837495327,0.000678014961159297,"Nb_vs_On","On higher"
"adamts10",70.3241052861076,-6.33716911232888,2.94703700515229,0.00018094344928757,0.000679991944688733,"Nb_vs_On","On higher"
"nap1l4a",5.27704234757705,-6.76021305442129,3.16534517167095,0.000181044708838695,0.000680068879519917,"Nb_vs_On","On higher"
"sema6a",6.02831722954736,-6.76567704313712,3.16483805467042,0.000181145658355132,0.000680144581638492,"Nb_vs_On","On higher"
"wdr44",56.8828165290092,3.02097182879346,0.952145804714843,0.000181592904822499,0.000681519871955326,"Nb_vs_On","Nb higher"
"ppp1cb",8.94234519269497,-7.28995852261433,3.45894706128905,0.00018219014566766,0.000682848017021533,"Nb_vs_On","On higher"
"klhl36",22.490355824709,-6.82020204060011,3.19839357940088,0.000182182932226725,0.000682848017021533,"Nb_vs_On","On higher"
"znhit1",7.65508562511175,6.29770418198403,2.76958714387371,0.000182051713246734,0.000682848017021533,"Nb_vs_On","Nb higher"
"plod2",8.99433943103949,-7.13434122317467,3.36614151329797,0.000182384119849856,0.000683270814818017,"Nb_vs_On","On higher"
"cat",9.5613297904598,-7.59537214847193,3.65045815811829,0.000183596128075864,0.000687505429778745,"Nb_vs_On","On higher"
"triob",4.81683775076598,-6.62779879715094,3.10671599698035,0.000183763712289704,0.000687827003136829,"Nb_vs_On","On higher"
"dgkzb",6.33377836435579,-6.3050594774315,2.93377500971046,0.000183935899847489,0.000688165513296072,"Nb_vs_On","On higher"
"ndrg3a",8.30510384551695,-6.17459038109971,2.87294520920998,0.000184305422285626,0.000689241690271167,"Nb_vs_On","On higher"
"pnrc2",9.15575458665498,-6.70402233729491,3.13851988082516,0.000184477432558915,0.000689578608916939,"Nb_vs_On","On higher"
"arhgef7a",6.68433862534042,-7.01744420744743,3.32103158989539,0.000184921441761939,0.000690931512095874,"Nb_vs_On","On higher"
"vclb",15.7582144755167,-7.55827830915325,3.61297762839791,0.000186282227004412,0.000695707092689946,"Nb_vs_On","On higher"
"gpr37a",12.0116341872412,-7.33693054383501,3.48280241793724,0.000186682778860559,0.000696893850309617,"Nb_vs_On","On higher"
"ankmy2a",5.28477343864584,-6.60345409985863,3.11511947863636,0.000187338905081013,0.000698517394758834,"Nb_vs_On","On higher"
"entpd5a",36.9759294182144,-6.40688530698908,3.00325712582512,0.000187269422623131,0.000698517394758834,"Nb_vs_On","On higher"
"polb",5.45579234547853,-6.27464045443368,2.93180166244662,0.00018736662833992,0.000698517394758834,"Nb_vs_On","On higher"
"CCDC88A",7.29683671346618,-6.26967177286319,2.94384992158788,0.000189157562827697,0.000704881967190596,"Nb_vs_On","On higher"
"emilin1b",15.8892781190455,-0.907872946120508,1.81269594705796,0.000189675340262221,0.000706498678905919,"Nb_vs_On","On higher"
"ppp1r3da",20.8907013554374,5.97715955484525,2.65762597594265,0.000190477233272418,0.000709103508065688,"Nb_vs_On","Nb higher"
"dph2",215.666421209549,-3.64394787012678,1.33051495161311,0.000190543137947801,0.000709103508065688,"Nb_vs_On","On higher"
"nfkbiab",525.00610771343,-6.41871101142948,2.97323442245827,0.000190815611522883,0.000709803719752378,"Nb_vs_On","On higher"
"ampd3a",42.6755534883921,-6.51256634368141,3.07344706491964,0.0001916635923626,0.000712328530025771,"Nb_vs_On","On higher"
"me3",11.6086235416839,-6.13116302370612,2.85529624231819,0.000191633671719816,0.000712328530025771,"Nb_vs_On","On higher"
"cln6a",6.90115589487522,-6.78515537659934,3.22382136126224,0.000191924801341069,0.000712670038680687,"Nb_vs_On","On higher"
"riox1",188.120310729623,-5.91681027043589,2.74400317231361,0.000191919962652669,0.000712670038680687,"Nb_vs_On","On higher"
"rgs9b",7.68678841251175,-6.66440682655468,3.13490496133055,0.000192316650773607,0.000713810214379287,"Nb_vs_On","On higher"
"ccnl1a",9.74989269791105,-4.247077386436,1.4163030043716,0.000192774141450847,0.000715192914382208,"Nb_vs_On","On higher"
"clcn3",6.82030820482625,-6.36496663724453,3.00573665360515,0.000195093554299355,0.00072347909255153,"Nb_vs_On","On higher"
"anapc13",5.84939826549565,-6.71180316752769,3.15574498920498,0.000195199670535283,0.000723553864626163,"Nb_vs_On","On higher"
"atp5if1b",6.68730460226194,-6.76018653808901,3.17838933395735,0.000195432089270605,0.00072377797073469,"Nb_vs_On","On higher"
"msi1",15.5370566690602,-6.23162878233513,2.91425533328741,0.000195397864525553,0.00072377797073469,"Nb_vs_On","On higher"
"wdr36",5.18920637280125,-6.60053533580017,3.11552457957989,0.000195935613045077,0.000725323654623333,"Nb_vs_On","On higher"
"dctn1b",35.6695133247864,-6.19360980464593,2.89598645373653,0.000196031755630879,0.00072536057973659,"Nb_vs_On","On higher"
"ppm1bb",6.98009985050786,-6.61795136864313,3.10478465838125,0.000196247799799119,0.000725522168954318,"Nb_vs_On","On higher"
"apmap",6.85463520202116,-6.43743680972703,3.0372910550798,0.000196179604835034,0.000725522168954318,"Nb_vs_On","On higher"
"nop16",9.39085133260902,-6.82501789156233,3.20902567427412,0.000197567032586144,0.000730078700750728,"Nb_vs_On","On higher"
"serpinf1",13.953993893236,-7.77938809721272,3.79089112691315,0.000197775984769838,0.00073053016226086,"Nb_vs_On","On higher"
"dvl2",9.49001614993461,-7.25649884200297,3.46500992251236,0.000198311923039017,0.000732188494799317,"Nb_vs_On","On higher"
"ppme1",5.9113485592237,-6.57498040436788,3.089829711553,0.000198468571972843,0.00073244561107733,"Nb_vs_On","On higher"
"arl8ba",5.44686694180541,-6.46778131689672,3.04171402922145,0.00019887257932625,0.000733324760138925,"Nb_vs_On","On higher"
"nkrf",1416.07804285874,-5.98522540757868,2.77014382503685,0.000198881020123208,0.000733324760138925,"Nb_vs_On","On higher"
"ppp2r5a",6.38093449945256,-6.2024583725128,2.91255793681593,0.000199481101088808,0.000735215371701221,"Nb_vs_On","On higher"
"timm8a",354.570929553042,3.83371592668229,1.20717920313056,0.000200533489382177,0.000738770640533552,"Nb_vs_On","Nb higher"
"TPPP",30.1834075598988,-6.21667334915647,2.90828200585452,0.000200848086688874,0.000739297899311702,"Nb_vs_On","On higher"
"trmt61b",110.568828771846,3.30108476324774,1.05836625308698,0.000200940080021997,0.000739297899311702,"Nb_vs_On","Nb higher"
"fosb",18.8926266628313,-0.759736033686951,1.52519340534509,0.000200876325934686,0.000739297899311702,"Nb_vs_On","On higher"
"ndufb8",7.07676022922036,-7.09705639599656,3.3852220987469,0.000201190303277994,0.000739895138922742,"Nb_vs_On","On higher"
"NFX1",12.5620597247436,-6.97927702769642,3.30684158228243,0.000202781505457171,0.000745421272025533,"Nb_vs_On","On higher"
"ptpn21",131.795237611408,-6.60175568258237,3.0940337116799,0.000203044691308917,0.000745737439545579,"Nb_vs_On","On higher"
"pdcd6",5.29883529868769,-6.56056077653301,3.08811566001563,0.000202957541562753,0.000745737439545579,"Nb_vs_On","On higher"
"gtpbp6",18.9837390224516,-6.09322242932715,2.85525105496541,0.000204352991483612,0.000750215212520298,"Nb_vs_On","On higher"
"KHSRP",7.52664908535996,-6.28822830830819,2.96589208880173,0.000205588153676929,0.000754420696448293,"Nb_vs_On","On higher"
"DGKD",8.77423216480434,-7.37332137134451,3.55611973218579,0.000205967636330729,0.000755483905286307,"Nb_vs_On","On higher"
"elovl6",7.36264388198146,-6.3618780357637,2.99571637536378,0.000206159897660419,0.000755859764157409,"Nb_vs_On","On higher"
"nprl3",27.8064749441467,-5.85037228120087,2.73754174339863,0.00020662234693792,0.000757225475195217,"Nb_vs_On","On higher"
"traf6",23.5585686418409,-7.20340700557425,3.46661178612792,0.000207215670285263,0.000759045388058364,"Nb_vs_On","On higher"
"birc2",6.30253501071846,-6.68049460505576,3.15524527227946,0.000207299280962958,0.000759045388058364,"Nb_vs_On","On higher"
"wdr5",7.33927197062893,-6.70222718656979,3.18259457651296,0.00020787850016208,0.000760835310593212,"Nb_vs_On","On higher"
"tnpo1",6.98723572877098,-6.78166093678383,3.23816369564869,0.000208131513266381,0.000761430281910647,"Nb_vs_On","On higher"
"ANKS6",43.7822901085907,-7.27972890516446,3.49946459140751,0.000208383288600368,0.000762020210007774,"Nb_vs_On","On higher"
"eral1",8.45797718944939,-6.52168900171855,3.07675220844374,0.00020858749872714,0.000762435763910144,"Nb_vs_On","On higher"
"nr1d4b",7.66365248767957,-7.29190937981295,3.51527035794934,0.000208893191912103,0.000763221740241356,"Nb_vs_On","On higher"
"nipal3",17.4450573965531,-6.07717835279932,2.87389973416508,0.000209512237503879,0.000765151416619372,"Nb_vs_On","On higher"
"gadd45gb.1",9.36554719819627,-7.20054367034183,3.46287905522557,0.00020996011499762,0.000766454574176048,"Nb_vs_On","On higher"
"eif4g3a",5.60424794376402,-6.66125786844712,3.15323348894176,0.000210260326280009,0.00076721778353928,"Nb_vs_On","On higher"
"emc1",5.03122965217996,-6.31490241642056,2.99163356345082,0.000210470121494381,0.000767650555779767,"Nb_vs_On","On higher"
"itgav",12.0920709507,-6.06846812197407,2.85240839659359,0.000210592983704785,0.000767766018547806,"Nb_vs_On","On higher"
"chrdl2",9.21514334509141,-7.35074959948893,3.55614633492047,0.000211215016482175,0.000769700436686991,"Nb_vs_On","On higher"
"rock2a",9.69704928498333,-7.40031533564099,3.5806755352543,0.000211353925234911,0.00076987336331782,"Nb_vs_On","On higher"
"tfam",56.1666704132407,-5.79523738228601,2.69885665460074,0.000211491701335717,0.00077004201636854,"Nb_vs_On","On higher"
"tspan7",9.37468135766853,-7.4199217359596,3.60220054135112,0.000211776794915255,0.000770413595331294,"Nb_vs_On","On higher"
"mdn1",6.97152510987978,-6.33507771701042,2.98368979881371,0.000211686247893988,0.000770413595331294,"Nb_vs_On","On higher"
"ntd5",10.3735330073097,-7.31246244481668,3.513982668319,0.000212352115766233,0.000772172833917989,"Nb_vs_On","On higher"
"nudcd2",16416.3090774323,-6.11827668669815,2.86400253485098,0.00021293168532966,0.00077394599615936,"Nb_vs_On","On higher"
"zgc:110319",5.25145359214223,-6.3261489345606,2.99001095285933,0.000213485682292412,0.000775624718833632,"Nb_vs_On","On higher"
"psma2",8.81463103577551,-6.89951806360071,3.30247913312223,0.000213718129705501,0.000775799575619191,"Nb_vs_On","On higher"
"abcf2a",259.713228873919,3.13352396183164,1.00732396418883,0.000213669119253528,0.000775799575619191,"Nb_vs_On","Nb higher"
"DPYSL2",39.1673958391263,-6.91430121604136,3.30387146108317,0.000214123732886885,0.00077693688941457,"Nb_vs_On","On higher"
"gad1b",13.073357743059,-7.70254338645557,3.7910217680729,0.000214882490345812,0.0007786830838274,"Nb_vs_On","On higher"
"ets1",8.47699506207478,-6.70005649766465,3.17955125950335,0.000214780239168333,0.0007786830838274,"Nb_vs_On","On higher"
"myrf",8.39135015846358,-6.22888310934627,2.96880578535522,0.000214880762050147,0.0007786830838274,"Nb_vs_On","On higher"
"RAMP3",8.59147377844508,-6.32115953539722,2.98136569714562,0.000215621968259987,0.000781026561451191,"Nb_vs_On","On higher"
"taf8",9.41798430525527,-6.11094696870923,2.9011260071281,0.000216253210676632,0.000782976140849844,"Nb_vs_On","On higher"
"esyt1b",13.2622637517661,-7.78525075205853,3.83933622420847,0.000216558553655172,0.000783744584982475,"Nb_vs_On","On higher"
"HGFAC",10.7410459712441,-7.44730263582102,3.64173324892868,0.000217291004775119,0.000785719793039929,"Nb_vs_On","On higher"
"RING1",7.90779197437787,-6.31134992854306,2.99843220960707,0.000217277357108276,0.000785719793039929,"Nb_vs_On","On higher"
"tspan7b",8.32766536716361,6.33797895314116,2.82260998730138,0.000218802392908105,0.000790845231215296,"Nb_vs_On","Nb higher"
"samd11",6.81211439522073,-6.13625251842807,2.90715918713479,0.000219302096013788,0.000792165412272594,"Nb_vs_On","On higher"
"smc2",8.31301730784916,-6.10173229775222,2.90521478239129,0.000219355853647828,0.000792165412272594,"Nb_vs_On","On higher"
"strap",13.569959704171,-6.55413680301102,3.1002350724081,0.000219721156562779,0.000793144380765641,"Nb_vs_On","On higher"
"ostf1",5.83428489396481,-6.83141446235352,3.27112091218455,0.000220184302938338,0.00079447555170807,"Nb_vs_On","On higher"
"ankha",12.5544092770838,-6.65599999496948,3.16582821237004,0.000220788733580492,0.00079631514964892,"Nb_vs_On","On higher"
"ablim1a",8.06396188651689,-6.78486944569455,3.23959985825771,0.000222575160917041,0.00080241443451805,"Nb_vs_On","On higher"
"pls3",9.97810179965281,-6.91977029668363,3.30702673456249,0.000222918853640295,0.000803309464873289,"Nb_vs_On","On higher"
"edem3",8.42655917654058,-6.46553064949737,3.05906374903525,0.000223685249277958,0.000805726327951157,"Nb_vs_On","On higher"
"zgc:112334",123.764327610555,-7.20579996198951,3.49540072529887,0.000224145382332916,0.000807038421077197,"Nb_vs_On","On higher"
"si:ch211-256m1.8",10.5656852088812,-7.47517946087335,3.647697045055,0.000224976300412452,0.000809355823096768,"Nb_vs_On","On higher"
"brd9",7.75529485992648,-7.1468472578883,3.45731650581052,0.000225023910377731,0.000809355823096768,"Nb_vs_On","On higher"
"golga5",6.7404653017227,-6.59381856051563,3.13769156051598,0.000225077450922967,0.000809355823096768,"Nb_vs_On","On higher"
"dnmbp",9.23181062127958,-6.30832478925994,2.98538457642323,0.000225198400694848,0.000809444977390792,"Nb_vs_On","On higher"
"p3h2",25.62947883282,-5.8745419567187,2.77290883832194,0.00022544491085771,0.000809985172684677,"Nb_vs_On","On higher"
"si:ch1073-440b2.1",12.5863271891232,-5.9475847721257,2.80250690115903,0.000227428751418608,0.000816764176383037,"Nb_vs_On","On higher"
"yme1l1a",4.76768012696199,-6.48288143230658,3.10640276657536,0.000228355571888995,0.000819742944205356,"Nb_vs_On","On higher"
"preb",79.3890986486203,-6.02684073594721,2.83321763029837,0.000228575771484085,0.000820183650619365,"Nb_vs_On","On higher"
"zgc:66447",6.44066744131531,-6.36578373738235,3.05207936712955,0.000229331829947195,0.000822545949934165,"Nb_vs_On","On higher"
"psmb12",46.0208323600723,-6.89161509499784,3.30378721282354,0.000231215733440702,0.000828949763246946,"Nb_vs_On","On higher"
"cdca4",8.22356692288719,-6.68573916494185,3.23020708973732,0.000231551777498479,0.000829801133666326,"Nb_vs_On","On higher"
"brox",9.72628136484733,-6.11687691241676,2.8979365062873,0.000232097191446301,0.000831401769189346,"Nb_vs_On","On higher"
"ints3",5.57899773308483,-6.50263808929062,3.10480299677658,0.000232419551315721,0.000832202374723836,"Nb_vs_On","On higher"
"nfil3-6",6.39734559703237,-6.8050907553322,3.2795569383736,0.000233273522695043,0.000834904980462104,"Nb_vs_On","On higher"
"zgc:56304",7.0936351705198,-6.97650627097199,3.37103781489697,0.000234243139043735,0.000837568519412097,"Nb_vs_On","On higher"
"rnf34b",9.34356205169556,-6.88604633084209,3.33205372159001,0.000234415708212747,0.000837568519412097,"Nb_vs_On","On higher"
"cog4",1085.39921197406,-6.10223354724445,2.88594999164158,0.000234217289925748,0.000837568519412097,"Nb_vs_On","On higher"
"slc25a42",74.7690077938936,-5.70309040893269,2.69967301946924,0.000234333395132857,0.000837568519412097,"Nb_vs_On","On higher"
"SPAG9",6.66724666076853,-6.29577183580177,2.98526036577029,0.00023529008964489,0.000840336009601479,"Nb_vs_On","On higher"
"laptm4b",12.632268457643,-6.61871219867188,3.16920339327994,0.000236502780202029,0.000844308907438795,"Nb_vs_On","On higher"
"tmem98",41.9803989639257,-6.19125192690514,2.93238842992084,0.000236732691470197,0.000844413473218695,"Nb_vs_On","On higher"
"parla",74.3088164541885,3.8674826175169,1.35836690967357,0.000236722335272418,0.000844413473218695,"Nb_vs_On","Nb higher"
"ssr1",6.62133640758132,-6.70057929203656,3.21758716489635,0.000236938508552444,0.000844540344617021,"Nb_vs_On","On higher"
"slc10a3",10.8981439035162,-6.46063939897601,3.07449130480923,0.000236994936060721,0.000844540344617021,"Nb_vs_On","On higher"
"emc6",6.77714489167456,-6.3955531380034,3.04469749673685,0.000237069236674985,0.000844540344617021,"Nb_vs_On","On higher"
"serinc4",8.48466876474549,-7.04551070229845,3.42936193074646,0.000237756375165633,0.000846629934917217,"Nb_vs_On","On higher"
"kdm2ab",5.58356875175738,-6.24022991293584,2.98622951168618,0.000238563146171772,0.000849143579058764,"Nb_vs_On","On higher"
"RIN2",8.41473496573353,-7.04423737653021,3.42612112363295,0.000239441174641062,0.000851908625582611,"Nb_vs_On","On higher"
"kcnk12l",131.828906951721,-4.15251682924918,1.68583735254618,0.000239692074142114,0.00085244101399591,"Nb_vs_On","On higher"
"dnajc17",9.8681613789134,-7.30039144053899,3.60121776443542,0.00024110602271282,0.000857107474322854,"Nb_vs_On","On higher"
"sept2",10.084119372579,-7.03431671912718,3.40700648944843,0.000241873762996077,0.000859473759772466,"Nb_vs_On","On higher"
"ecrg4a",228.042495213843,3.08084147620358,0.983128047084081,0.000242082336210771,0.000859851943553701,"Nb_vs_On","Nb higher"
"abcc3",6.60148987825532,-6.59886086819138,3.15695098439388,0.000242238419818964,0.000860043449192761,"Nb_vs_On","On higher"
"lacc1",8.31970107191864,-6.69786778464855,3.26769954387056,0.000242676719093824,0.000861236349633984,"Nb_vs_On","On higher"
"DYNC1I2",146.064737766078,3.07440795665888,0.989160115430669,0.000243902681962495,0.000865222409085664,"Nb_vs_On","Nb higher"
"snapc5",5.11605511175554,-6.16651673697898,2.94960131473853,0.000244173952337985,0.00086581985289855,"Nb_vs_On","On higher"
"dpp9",85.7197531015623,-6.16949912542107,2.94607824658088,0.000245091101889495,0.000868706061349797,"Nb_vs_On","On higher"
"RBPMS",9.45362837228459,-6.54520021046047,3.15974699106209,0.000246075565720413,0.000871828330064998,"Nb_vs_On","On higher"
"cert1b",14.8729979302066,-6.43845466430576,3.083871201524,0.000246564202569015,0.000873192030806046,"Nb_vs_On","On higher"
"zic2a",8.65692326915044,-6.00389737687741,2.87391197783276,0.000246688189368898,0.000873263741844989,"Nb_vs_On","On higher"
"fam174b",22.9525993928507,3.0501133402273,0.998397672958477,0.000246972029710275,0.000873901028205589,"Nb_vs_On","Nb higher"
"def6a",7.61039142209722,-7.07586342592687,3.47227420122522,0.000247386652348505,0.000874890121169299,"Nb_vs_On","On higher"
"mast3a",11.7880509849578,-6.33573199000842,3.0184804290796,0.000247459417736291,0.000874890121169299,"Nb_vs_On","On higher"
"tnpo3",9.245009534882,-6.39952627035602,3.05795686235247,0.000247812096233492,0.000875769196512819,"Nb_vs_On","On higher"
"ssu72",6.12431832092409,-6.24087911228127,2.97712510769085,0.000248037604129961,0.000876198301118763,"Nb_vs_On","On higher"
"pagr1",7.51625549938783,-7.01546806529607,3.43115961254963,0.000248722143759268,0.000878247905270772,"Nb_vs_On","On higher"
"pkn1b",8.0135282224608,-7.17811243665874,3.53378287382408,0.000251273084007611,0.000886883363176548,"Nb_vs_On","On higher"
"bcl9l",66.3820567656992,-6.58357363154999,3.15670511001012,0.000252951565545333,0.000892433478105872,"Nb_vs_On","On higher"
"pkig",95.9175319805231,-6.72648397572527,3.24597114563781,0.000253136838894341,0.000892712991123823,"Nb_vs_On","On higher"
"pros1",8.03726379253264,-6.98242493610153,3.42252126205964,0.000254775830665148,0.000898116810108551,"Nb_vs_On","On higher"
"nxt2",130.368223447024,3.13245328367696,1.04260233919315,0.000255167632755593,0.000899121445180655,"Nb_vs_On","Nb higher"
"PPP1CA",10.996688938061,-7.11956911241802,3.48181432992551,0.000255976789063161,0.000901595234449242,"Nb_vs_On","On higher"
"adra2da",6.98291687941296,-6.47852226062103,3.15634442892158,0.000257288569711972,0.000905836545309652,"Nb_vs_On","On higher"
"SCD",9.83558596090835,-6.43888494674653,3.09377477789647,0.000258126907840949,0.000908408156440262,"Nb_vs_On","On higher"
"hpcal1",399.594721162902,-6.52559239680809,3.14639161875195,0.00025917581892746,0.000911718363448124,"Nb_vs_On","On higher"
"slc44a2",7.38212406586968,-6.64520100605124,3.20907704017367,0.000259605637113193,0.000912848894410551,"Nb_vs_On","On higher"
"sorcs2",5.97286598259781,-6.65954902278596,3.25806886551955,0.00026003724392172,0.000913984767988741,"Nb_vs_On","On higher"
"rb1cc1",7.74281231623176,-6.23949874167867,2.99071727876909,0.000260247372175229,0.000914341560505458,"Nb_vs_On","On higher"
"gsk3ba",10.26865381174,-5.73585738609335,2.7605011165162,0.000260485677917796,0.00091479701156112,"Nb_vs_On","On higher"
"elovl1a",8.47853636970313,-7.25299795908387,3.60274165859741,0.000260927394555487,0.000915966141521304,"Nb_vs_On","On higher"
"itsn2b",7.48200093721743,-6.66456700180083,3.23347740273886,0.000261436730076089,0.000916989330741883,"Nb_vs_On","On higher"
"dnm1l",7.57215073886367,-6.55168315714743,3.16518675986287,0.000261400922396132,0.000916989330741883,"Nb_vs_On","On higher"
"si:ch211-210c8.6",22.0230245686545,-6.16674973481287,2.97877389013759,0.000261872810735727,0.000918136326852708,"Nb_vs_On","On higher"
"zfyve19",73.5552451621939,3.57455847284364,1.26131279645879,0.000262126683428997,0.00091864380562252,"Nb_vs_On","Nb higher"
"zgc:154046",6.00289090563254,-6.29270219915809,3.04812651494204,0.000262373267118802,0.000919125327759499,"Nb_vs_On","On higher"
"hip1",8.37488035894642,-6.44521870997533,3.11795695567437,0.000262562081534542,0.000919404160714547,"Nb_vs_On","On higher"
"ognb",259.419058420502,-5.9995196881941,2.90455872920425,0.000263174461431746,0.000920782467303592,"Nb_vs_On","On higher"
"tlk2",765.810361190562,-5.50940080115731,2.62857217828708,0.000263098450117515,0.000920782467303592,"Nb_vs_On","On higher"
"shq1",45.9390206833718,-6.12335925209383,2.94498756453615,0.000263911650939613,0.000922978096223374,"Nb_vs_On","On higher"
"strn4",6.19393510836694,-6.47275384911825,3.15034529970942,0.000264354094025973,0.000924141513085815,"Nb_vs_On","On higher"
"cdc42ep1b",8.43127881614566,-6.73692105974618,3.27990014260886,0.000264675028025623,0.000924879363187919,"Nb_vs_On","On higher"
"clgn",9.71490092627212,-6.04167422355086,2.88438349097823,0.000265031726863682,0.000925357559825166,"Nb_vs_On","On higher"
"PPTC7",8.55142697849363,-6.00763677765011,2.8703857687596,0.000265029159477504,0.000925357559825166,"Nb_vs_On","On higher"
"adpgk",8.59716932081298,-6.208555474189,3.01134963546158,0.000265194166251523,0.000925540833957429,"Nb_vs_On","On higher"
"fam3c",6.04461735498309,-6.77626620923584,3.32092371850459,0.000266261227742284,0.000927809803517184,"Nb_vs_On","On higher"
"si:dkey-220f10.4",9.84635337952298,-6.75094986194914,3.30279550220883,0.000266285160999943,0.000927809803517184,"Nb_vs_On","On higher"
"sez6a",7.19597679610622,-6.67988833776044,3.25554451820483,0.000266070870900329,0.000927809803517184,"Nb_vs_On","On higher"
"fkbp10b",110.079039513272,-2.75180161970998,0.963415850944378,0.000266277527886168,0.000927809803517184,"Nb_vs_On","On higher"
"flvcr1",14.541005521765,-6.90950066211183,3.38882476211558,0.000267164933092354,0.000930490031763108,"Nb_vs_On","On higher"
"rabep1",5.76984908429445,-6.29224774267877,3.02442624833684,0.000267282923252636,0.000930515983432876,"Nb_vs_On","On higher"
"lrrc39",29.7561208931404,2.87422712507572,0.950801385313555,0.000268276133832,0.000933587637287217,"Nb_vs_On","Nb higher"
"her6",7.43496120641487,-7.06991477909836,3.48674408003408,0.000269315828377756,0.000936818447637997,"Nb_vs_On","On higher"
"KLHL11",5.29146347647204,-6.23464932984237,3.00833946717512,0.00026960065332363,0.000937421850342139,"Nb_vs_On","On higher"
"tlk1b",5.94012836010171,-6.58229045743056,3.21179405346959,0.000270655128992713,0.000940661514153038,"Nb_vs_On","On higher"
"wtap",4.98932969001801,-6.26038670389181,3.03366226575617,0.000271091094480312,0.000940661514153038,"Nb_vs_On","On higher"
"man2b2",48.5633872299149,-6.09089899347324,2.92226500451948,0.000270872991905389,0.000940661514153038,"Nb_vs_On","On higher"
"zdhhc3a",19.5593674906464,-5.80547807774483,2.81698169300178,0.00027076362623319,0.000940661514153038,"Nb_vs_On","On higher"
"got1",26.4998023266302,3.61736709926444,1.18684325317115,0.000270983980747187,0.000940661514153038,"Nb_vs_On","Nb higher"
"rogdi",8.37520498686765,-5.76796810958549,2.77818262075765,0.000271384158160471,0.000941290417550411,"Nb_vs_On","On higher"
"si:dkey-51e6.1",5.98623948997329,-6.86745213548565,3.39421491239241,0.000271812578140494,0.000942388090109835,"Nb_vs_On","On higher"
"eif2b5",112.660566826083,-6.25846163864349,2.9887290898319,0.000272990776607452,0.000945693974272235,"Nb_vs_On","On higher"
"sgta",12.8903672027746,-5.98860026990731,2.86294934552696,0.000272935396294657,0.000945693974272235,"Nb_vs_On","On higher"
"snrpd2",8.46487616747433,-7.18787911354172,3.59312257389626,0.000273220585632656,0.000946100736263143,"Nb_vs_On","On higher"
"qdpra",7.83802664680057,-6.89095216451461,3.39667784407058,0.000273557365705751,0.000946488246819157,"Nb_vs_On","On higher"
"ube3c",17.3612444788314,-6.46980695966915,3.14289206263484,0.000273547356916774,0.000946488246819157,"Nb_vs_On","On higher"
"pcmt",9.30083304810345,-6.30453422968083,3.03864282608258,0.000274519148291885,0.000949425715004555,"Nb_vs_On","On higher"
"mak16",6.89381824602614,-6.38980985696527,3.09735683042257,0.000275217002701723,0.000951448348559797,"Nb_vs_On","On higher"
"LRRC17",10.520667077565,-6.81044433767487,3.34709726395386,0.000276065377135574,0.000953989468278844,"Nb_vs_On","On higher"
"ift20",165.302719537476,-5.64614528505985,2.71684344554599,0.000276617082603464,0.000955503734655706,"Nb_vs_On","On higher"
"eif2b1",63.7423502381356,-6.2744189817754,3.0154736241916,0.000276824478339019,0.000955827915774348,"Nb_vs_On","On higher"
"hccsb",7.37790967784108,-6.5323373300934,3.17291092803661,0.000277180256830083,0.000956271886063786,"Nb_vs_On","On higher"
"ints14",363.324233876453,-3.20611450804594,1.18746134013967,0.000277139586633934,0.000956271886063786,"Nb_vs_On","On higher"
"mycn",5.93311564312763,-6.18566604065694,3.01800625058392,0.000277429377914699,0.000956398478336164,"Nb_vs_On","On higher"
"mpp5b",10.1969977579655,-5.99562001468124,2.88479934833494,0.000277444177250762,0.000956398478336164,"Nb_vs_On","On higher"
"mylpfa",15.6295563441943,7.64725745695205,3.43719698469647,0.000278305723035605,0.000958975676018717,"Nb_vs_On","Nb higher"
"bcat2",10.4263675828193,-6.13494529681894,2.98049648727385,0.000278590813674291,0.000959565249390419,"Nb_vs_On","On higher"
"ISYNA1",12.7286833608004,-6.04756863701396,2.9048578792843,0.000278920046004398,0.000960306317899806,"Nb_vs_On","On higher"
"acaca",5.46429309396934,-6.60679303702161,3.24319890451012,0.000279503992208998,0.000961923387741353,"Nb_vs_On","On higher"
"dpm1",5.5619840476627,-6.68673856190787,3.29623139166724,0.000280135429229041,0.000963702510523118,"Nb_vs_On","On higher"
"foxo3b",7.67133160279784,-5.90303420689876,2.85465631432383,0.000280871854402068,0.000965841205211034,"Nb_vs_On","On higher"
"PBLD",14.0313756852991,-6.37009944548556,3.10053656707656,0.000281642270043096,0.000968094989474391,"Nb_vs_On","On higher"
"tbca",7.484023726282,-7.10434812424024,3.54580504674575,0.000282274429056943,0.000969683699339007,"Nb_vs_On","On higher"
"vhl",6.4838111939031,-5.94573653505272,2.86484584768905,0.000282334847597993,0.000969683699339007,"Nb_vs_On","On higher"
"dnaja3a",9.7407384833721,-5.89556415107999,2.84087758397678,0.000282509268451114,0.000969887039894568,"Nb_vs_On","On higher"
"epdr1",9.49627662966263,-6.17829430033314,2.97795663644227,0.000283787365190364,0.000973877717151441,"Nb_vs_On","On higher"
"spock1",8.22647488937548,-6.70136712337056,3.29860208191307,0.000284532735561859,0.000976037721254984,"Nb_vs_On","On higher"
"vps4b",5.59543058493543,-6.64196017951654,3.28985350075904,0.000285322663683774,0.000978348750668029,"Nb_vs_On","On higher"
"capn12",8.82464226266415,-6.54216781490366,3.18890998948102,0.000285506443623181,0.000978580310431571,"Nb_vs_On","On higher"
"lonp1",6.18244262687256,-6.15494141028496,3.00299201617718,0.000286240341055492,0.000980696455435544,"Nb_vs_On","On higher"
"cdkn2aip",18.3155386811192,-5.97386957110458,2.8819941920106,0.000287751806650838,0.000985473843932771,"Nb_vs_On","On higher"
"taf13",6.17297314809938,-6.62761316712637,3.25339962598188,0.000287869301582198,0.000985475307327752,"Nb_vs_On","On higher"
"tubgcp5",9.38176489428139,-6.31889860531487,3.09066884779539,0.000288394994955832,0.000986873604690323,"Nb_vs_On","On higher"
"rnf103",7.36971517054319,-6.48955586516242,3.16358879636077,0.000288710507049867,0.000987551827852816,"Nb_vs_On","On higher"
"desi1a",5.53446632255565,-6.7487432960203,3.35297808174625,0.000289214492916594,0.000988873924196544,"Nb_vs_On","On higher"
"bcl2l10",7.44899594333011,-6.77952263872451,3.33421587124449,0.000289343042139456,0.000988911785923647,"Nb_vs_On","On higher"
"ccdc149b",161.214092520758,-6.06818883633362,2.97083407937726,0.000289525051739423,0.000989132258742883,"Nb_vs_On","On higher"
"FAHD2A",15.6936259088749,-6.16805859289458,2.98446931475365,0.000289940860553616,0.000990150979367278,"Nb_vs_On","On higher"
"ip6k2b",8.50729591360536,-6.31795917509046,3.06077150790809,0.000290925028214169,0.000993109037918441,"Nb_vs_On","On higher"
"bgnb",12.2621905227996,-7.05941905607016,3.54426421464771,0.000292316356940846,0.00099648064885088,"Nb_vs_On","On higher"
"etfb",6.7744547302185,-6.74543325162253,3.32500258528592,0.000292257321312392,0.00099648064885088,"Nb_vs_On","On higher"
"emc7",5.59573416422229,-6.27686060544822,3.05537880136925,0.00029238622032094,0.00099648064885088,"Nb_vs_On","On higher"
"tdrd7b",6.05512032898051,-5.93556744900212,2.88685472623997,0.000292290319302535,0.00099648064885088,"Nb_vs_On","On higher"
"spata5l1",24.7205736900499,3.99821645678832,1.40482902164216,0.000292980725869299,0.00099810269136696,"Nb_vs_On","Nb higher"
"zfand4",5.51290704266112,-6.40025574333776,3.13976772932601,0.000293110499302582,0.000998140850780394,"Nb_vs_On","On higher"
"phpt1",7.72463555333801,-6.82369612350749,3.38037072713105,0.000293435012901716,0.000998841867612878,"Nb_vs_On","On higher"
"npc2",9.52407545261227,-6.73822110996386,3.32497022253449,0.000295165987422681,0.00100432792325147,"Nb_vs_On","On higher"
"coq6",11.4666500369262,-6.81446911226875,3.39233388772023,0.000297003322202275,0.00101017129951465,"Nb_vs_On","On higher"
"grnb",8.07757152087368,-6.91909452823608,3.44204139397799,0.000297295348203052,0.00101046758689441,"Nb_vs_On","On higher"
"elp1",181.475797863222,-3.75535370379438,1.48947504357457,0.000297330507571566,0.00101046758689441,"Nb_vs_On","On higher"
"col5a2a",68.0840853912234,-3.20165484813541,1.20486718494018,0.000298099655980002,0.00101267268121052,"Nb_vs_On","On higher"
"cldn1",12.1403268943233,-6.12673601990545,2.99359474061417,0.000298587868067506,0.00101392201427683,"Nb_vs_On","On higher"
"efr3bb",18.7341739907308,-5.77637377085359,2.77349490106175,0.0002989945585723,0.00101489362663775,"Nb_vs_On","On higher"
"ebna1bp2",7.32255134928565,-5.91300055649984,2.87319183390422,0.000299286740845391,0.00101547593084905,"Nb_vs_On","On higher"
"evi5b",8.30865114053848,-6.75776183227424,3.34917760344707,0.000301187100490524,0.00102151209183289,"Nb_vs_On","On higher"
"FABP7",17.1648665560732,-6.71285115153451,3.31475731033605,0.000301906995409513,0.00102326616313992,"Nb_vs_On","On higher"
"csnk1g2b",7.1053781809251,-6.1850102741656,3.00821676870262,0.000301947392401944,0.00102326616313992,"Nb_vs_On","On higher"
"pltp",12.457808415946,-0.855458220227337,1.69509882981268,0.000302721784223784,0.00102547765778503,"Nb_vs_On","On higher"
"sntb2",8.33729838540433,-6.03623516717346,2.92910615404916,0.000303227744370026,0.00102677841999472,"Nb_vs_On","On higher"
"vat1l",7.13147067839282,-6.40703074240429,3.16810282877064,0.000304753395536999,0.00103134522211524,"Nb_vs_On","On higher"
"cant1b",146.009952862257,-5.54850400675948,2.6661802704741,0.000304821443647269,0.00103134522211524,"Nb_vs_On","On higher"
"glsb",10.805709167434,-6.28807074460718,3.10591267846727,0.000306237247353725,0.00103571922387451,"Nb_vs_On","On higher"
"aggf1",9.29136116376894,-6.01880733700294,2.94851607024523,0.000306602154406395,0.00103653692200524,"Nb_vs_On","On higher"
"ndufb10",7.43379772867526,-6.92157614964864,3.47268013452121,0.000307587417094251,0.00103861647697529,"Nb_vs_On","On higher"
"bptf",5.779699551791,-6.7562637643815,3.3716166564786,0.000307373675048716,0.00103861647697529,"Nb_vs_On","On higher"
"ndel1b",6.37638974113744,-6.3278040141168,3.12687843065133,0.000307556526490022,0.00103861647697529,"Nb_vs_On","On higher"
"slc25a20",6.01394065454542,-6.48475028922329,3.18495409515368,0.000307820410515804,0.00103898645377788,"Nb_vs_On","On higher"
"katnb1",404.034785367031,-6.01421472712284,2.93284711087643,0.0003081131212257,0.00103955761702523,"Nb_vs_On","On higher"
"vps18",7.00981817045996,-6.72749444856168,3.37734004274884,0.000308553787017627,0.00104062731535031,"Nb_vs_On","On higher"
"map2k4b",4.60807484380055,-6.25369281888446,3.08463921469768,0.00030963206298843,0.00104384569733144,"Nb_vs_On","On higher"
"osbpl2a",7.21016951532277,-6.77994577322761,3.39263673189479,0.000310366839438081,0.00104553690588981,"Nb_vs_On","On higher"
"trioa",6.82036059361877,-6.73924732682167,3.35698601456541,0.000310382124948756,0.00104553690588981,"Nb_vs_On","On higher"
"fosl2",5.69095633175333,-6.29004557288667,3.09438749795095,0.000310517854248946,0.00104557571882705,"Nb_vs_On","On higher"
"pcsk1",9.57984832195195,-6.49558236272275,3.22250072257769,0.000311122169294737,0.00104719169177253,"Nb_vs_On","On higher"
"abcg1",8.89648463813792,-6.02056228379857,2.94544049237583,0.000311495906568557,0.00104803059212395,"Nb_vs_On","On higher"
"ndufa4l2b",5.70164786274638,-6.64127055008008,3.31774559797261,0.000311796821257978,0.00104862390785044,"Nb_vs_On","On higher"
"rnf170",5.00116007073223,-6.16283217634728,3.02282762928262,0.000312627125296616,0.00105057690249378,"Nb_vs_On","On higher"
"tmem119b",8.77705501171609,-6.14817017135829,3.02595241217622,0.000312537016797995,0.00105057690249378,"Nb_vs_On","On higher"
"sh3gl1b",9.93834007094558,-6.8233964203817,3.40309545310902,0.000313507415723391,0.00105311469495591,"Nb_vs_On","On higher"
"hyal2a",8.64810998161727,-6.85687380687244,3.42181382048967,0.000313946643892698,0.00105416946481401,"Nb_vs_On","On higher"
"fyco1a",6.58678708303937,-6.26047826450737,3.07893417418427,0.000314240581361343,0.00105473573122001,"Nb_vs_On","On higher"
"prkab1b",4.73881617210111,-6.37635223877414,3.15281605614668,0.000314557521469655,0.00105537872289022,"Nb_vs_On","On higher"
"atp2b4",6.49398452354708,-6.8175451774888,3.41699739400788,0.000315700004528366,0.0010584702495325,"Nb_vs_On","On higher"
"tdrd3",5.52280684558539,-6.23004171741255,3.07743792456662,0.000315730434375874,0.0010584702495325,"Nb_vs_On","On higher"
"tmem266",92.5705631471786,-5.89190421585385,2.90267223211686,0.000316013891259617,0.00105899878050297,"Nb_vs_On","On higher"
"rpn2",4.8427532903208,-6.41452250821509,3.1722713963895,0.000316841365495543,0.00106134922990111,"Nb_vs_On","On higher"
"nr2f2",9.80354005982097,-6.66586497438488,3.31981347796374,0.000317730990063093,0.00106390591660745,"Nb_vs_On","On higher"
"kdm6a",7.19740795044128,-6.13681881499514,3.00537720918304,0.000318398636317423,0.00106571758271176,"Nb_vs_On","On higher"
"ino80e",10.2705250175547,-6.47589225713696,3.20520497949678,0.000319117251988021,0.00106769834150841,"Nb_vs_On","On higher"
"cebpa",7.43314343848873,-6.93687921301622,3.54046740634703,0.000319374484033338,0.00106777163282183,"Nb_vs_On","On higher"
"acsl2",165.156948024817,-5.8090055315317,2.83840515654677,0.000319392845265546,0.00106777163282183,"Nb_vs_On","On higher"
"mtrex",13.1965875711875,-6.09707068358024,2.97208023071169,0.00031961037786856,0.00106807469666437,"Nb_vs_On","On higher"
"capgb",15.1055053765388,-0.729477844887455,1.47725868521025,0.000319833451146049,0.00106839602847121,"Nb_vs_On","On higher"
"flncb",7.61187543175197,-7.01447908544106,3.55903008551397,0.000320129355952811,0.00106873281538974,"Nb_vs_On","On higher"
"sec61g",184.715179424736,-3.01934777942288,1.12468707611001,0.000320188187266919,0.00106873281538974,"Nb_vs_On","On higher"
"tead3b",7.26921483755396,-6.71023728846377,3.37551122215125,0.000321313256575662,0.00107157408700516,"Nb_vs_On","On higher"
"btaf1",4.36889739243957,-6.33993653170587,3.15857587880297,0.000321289455849964,0.00107157408700516,"Nb_vs_On","On higher"
"pabpn1",15.6817000190642,-6.10575549693135,2.97206069955308,0.000321421307874557,0.00107157408700516,"Nb_vs_On","On higher"
"ccndbp1",7.51064753685336,-6.94457598647802,3.5042366047056,0.000322621904400964,0.00107472544172826,"Nb_vs_On","On higher"
"znf384l",6.25563385511318,-6.41463255819818,3.17708247259741,0.000322530740049158,0.00107472544172826,"Nb_vs_On","On higher"
"ugdh",158.987924090069,-6.52386036728026,3.25114124965644,0.000323231585917483,0.00107505471760307,"Nb_vs_On","On higher"
"clk2a",4.36864367908104,-6.43039638844082,3.19340395636148,0.000322911731660646,0.00107505471760307,"Nb_vs_On","On higher"
"ARHGEF12",6.12156867728516,-6.38263528832874,3.14838028585658,0.00032315330145274,0.00107505471760307,"Nb_vs_On","On higher"
"mtg1",78.68167005808,-6.03329871206333,2.95688154611863,0.000323215686743122,0.00107505471760307,"Nb_vs_On","On higher"
"traf2b",11.3892493589485,-6.34282943492338,3.11917648461935,0.000323966008646012,0.00107683866144815,"Nb_vs_On","On higher"
"dcaf12",5.42739369272269,-6.28624464564719,3.11218260021234,0.000324023797748654,0.00107683866144815,"Nb_vs_On","On higher"
"fam83hb",45.121972392741,-5.76228678707834,2.81354227774153,0.000324946454264993,0.00107947878926705,"Nb_vs_On","On higher"
"zgc:165604",5.33397990416492,-6.08056760838889,2.99528692266674,0.000325570834528359,0.00108112634519121,"Nb_vs_On","On higher"
"clint1a",6.42997542557708,-6.68388681779408,3.38558785197835,0.000326731921911269,0.00108455414773228,"Nb_vs_On","On higher"
"si:ch73-62l21.1",6.63072461382159,-6.70581756569809,3.4061044997577,0.000327568210797037,0.00108690153665331,"Nb_vs_On","On higher"
"caskb",8.21816598203166,-5.78725432142897,2.81536758671273,0.000328461611659092,0.00108943650391893,"Nb_vs_On","On higher"
"nr3c1",6.76029344825502,-6.11330642504498,3.00744603142702,0.000328670831208513,0.00108970108590518,"Nb_vs_On","On higher"
"mif",6.87776503761547,-6.71585254684845,3.36132780834262,0.000328821251188036,0.00108977058759877,"Nb_vs_On","On higher"
"nop10",5.2710840285381,-6.48097891229269,3.21696868345939,0.000329169922673531,0.0010902218330894,"Nb_vs_On","On higher"
"slc16a5a",6.50330843490558,-6.31728383473614,3.14615539030672,0.000329216429046478,0.0010902218330894,"Nb_vs_On","On higher"
"nup205",14.4631459121426,-6.26989018282146,3.08594546544351,0.000329757474008048,0.00109122137525466,"Nb_vs_On","On higher"
"ptcd3",13.9201998982689,-5.92731491788519,2.91814066123809,0.00032977752181609,0.00109122137525466,"Nb_vs_On","On higher"
"commd3",6.48792402629545,-6.81455097247055,3.44362159129994,0.000330374287470739,0.00109276650370479,"Nb_vs_On","On higher"
"med1",6.93256513723392,-6.42621679830265,3.18566950117833,0.000330985696644233,0.00109435883517327,"Nb_vs_On","On higher"
"hmg20a",5.17672782563147,-6.53778828431208,3.27295730975861,0.000332453765506143,0.00109878123204975,"Nb_vs_On","On higher"
"mrpl45",36.9674458962471,-6.10222541075497,2.99136953881785,0.000332747318649415,0.00109931983060862,"Nb_vs_On","On higher"
"erbin",7.1949431608396,-6.57549064779065,3.29464674443908,0.000332922313823775,0.00109946647225129,"Nb_vs_On","On higher"
"tmem208",7.3918587772333,-6.6088090600969,3.31325379480539,0.000333459941804682,0.00110081011376934,"Nb_vs_On","On higher"
"pkn1a",9.9080075596297,-7.40212103921918,3.88212466650698,0.000333945363703364,0.00110198042793215,"Nb_vs_On","On higher"
"spred2a",8.37507599123802,-6.81831641181355,3.47967111571362,0.000334361537684117,0.00110292140447684,"Nb_vs_On","On higher"
"bcl2l13",251.565425154846,-5.89696688589838,2.92855829771079,0.000334569763371958,0.00110317597652375,"Nb_vs_On","On higher"
"lpar4",6.08823236553053,-6.6584739237777,3.35699555194962,0.000336222227154342,0.00110610475610924,"Nb_vs_On","On higher"
"bcar1",13.9739477590095,-6.37006993924581,3.16384344524621,0.000335783448113174,0.00110610475610924,"Nb_vs_On","On higher"
"synrg",6.54972469992246,-6.22802220243364,3.07994682870241,0.000336246385232067,0.00110610475610924,"Nb_vs_On","On higher"
"adgrg6",5.62858922891485,-6.16228682344865,3.06287631130865,0.000335824643599279,0.00110610475610924,"Nb_vs_On","On higher"
"mfrp",7.91592292327904,-6.02131333876987,2.97916761038388,0.00033587008611396,0.00110610475610924,"Nb_vs_On","On higher"
"anks1b",5.98916458820063,-5.9144730530877,2.90495298472715,0.000336168228414522,0.00110610475610924,"Nb_vs_On","On higher"
"bicdl1",5.49994680705609,-6.24028929047902,3.09975495792772,0.000337070213425966,0.0011083816627421,"Nb_vs_On","On higher"
"JMY",7.3126635574468,-6.55848191557889,3.28352777727925,0.000337349909181435,0.00110886822939841,"Nb_vs_On","On higher"
"emilin2a",9.96391354350149,-7.09770000249516,3.64108510976888,0.000339082875422206,0.00111412944781582,"Nb_vs_On","On higher"
"cops2",5.92537350687547,-6.51228186798436,3.27477349700314,0.000340124408707438,0.00111711559598096,"Nb_vs_On","On higher"
"gpat4",6.15811873382403,-6.84278374410441,3.50731780394588,0.000340592786599163,0.00111821765896714,"Nb_vs_On","On higher"
"yipf6",7.29531787389829,-5.94261556039954,2.91402371800002,0.000340868894337171,0.00111868785673696,"Nb_vs_On","On higher"
"smpdl3b",197.790935184554,3.39238374752036,1.09837508137273,0.000342122973365114,0.00112236601316739,"Nb_vs_On","Nb higher"
"vps54",4.81177747855674,-6.57176904723255,3.32828127051312,0.000343616569073041,0.00112682675436574,"Nb_vs_On","On higher"
"ncalda",8.45414242225358,-6.62213999242281,3.31414515791699,0.000343756980939304,0.0011268482342473,"Nb_vs_On","On higher"
"nup107",6.16507101576469,-6.44757052442365,3.22358415893102,0.000344636605123741,0.00112929191978655,"Nb_vs_On","On higher"
"tbc1d4",31.2453811734468,-6.00602528377707,2.95445130413284,0.000345506105723492,0.00113163941376187,"Nb_vs_On","On higher"
"atad1b",25.9184548477863,-5.8150762724238,2.84369967057742,0.000345621873697052,0.00113163941376187,"Nb_vs_On","On higher"
"haao",14.0736407281581,-6.06731756707016,2.99454148783575,0.000346220043251014,0.00113315720221114,"Nb_vs_On","On higher"
"tmie",54.6567433232964,5.11201291163745,1.90298966314859,0.000346407457470198,0.00113332995607623,"Nb_vs_On","Nb higher"
"PDPR",5.07969067503837,-6.22295998006622,3.12010601616002,0.000346674397564026,0.00113376265683527,"Nb_vs_On","On higher"
"sdf2",5.32512552357083,-6.13481002592701,3.05626999307772,0.000346860781946816,0.00113393167472944,"Nb_vs_On","On higher"
"fam160a2",9.9715061050559,-5.89703714563105,2.92859576407296,0.000347083558670846,0.0011342194863708,"Nb_vs_On","On higher"
"ubxn7",5.56855273656447,-6.29924296409583,3.14390487958411,0.000348310178036494,0.00113778621603073,"Nb_vs_On","On higher"
"lats1",9.78403332560206,-5.64353678895485,2.8035767425691,0.000349647382870467,0.00114171127579658,"Nb_vs_On","On higher"
"myo10",5.79143014963373,-6.24067240657776,3.10709147698199,0.000351455861474315,0.00114717155559937,"Nb_vs_On","On higher"
"nhp2",7.56673377790067,-6.78208053330722,3.43361593344256,0.00035275847990446,0.00115053114445399,"Nb_vs_On","On higher"
"glmnb",60.6164581690755,-3.1410056681884,1.20315301567353,0.000352728759296728,0.00115053114445399,"Nb_vs_On","On higher"
"pdlim5b",6.37332524865783,-6.61233564668732,3.33550224341717,0.000353685055907002,0.00115310642936683,"Nb_vs_On","On higher"
"wasf3b",38.9771197539775,-5.53660714594959,2.71027216092135,0.000353975778598451,0.00115360747357404,"Nb_vs_On","On higher"
"tmco4",16.8417680576573,-0.869146949423082,1.72189048515707,0.000354299871217353,0.00115421684052155,"Nb_vs_On","On higher"
"mrpl36",654.491748478089,-0.1720966104051,1.04209319883725,0.000354572302828068,0.00115465750298131,"Nb_vs_On","On higher"
"aimp1a",20.3168252791184,-6.64420417337922,3.3394611730539,0.000355009375179133,0.00115518705846847,"Nb_vs_On","On higher"
"boc",94.7554541578597,-5.91122395320471,2.9081620026533,0.000354925842982192,0.00115518705846847,"Nb_vs_On","On higher"
"skiv2l",32.1838105442865,-5.61244576924964,2.75072267077157,0.000355187788646129,0.00115532102195638,"Nb_vs_On","On higher"
"chmp7",196.374961882771,-6.2606743896873,3.10243653287772,0.000355411410620869,0.00115560187508941,"Nb_vs_On","On higher"
"med21",95.123567230053,-5.77869891682091,2.85190619490531,0.000356627985744802,0.0011591098007721,"Nb_vs_On","On higher"
"mboat2b",7.53239661921157,-6.87190932707099,3.56315677618158,0.000357231435684444,0.00116062301257879,"Nb_vs_On","On higher"
"adam8b",13.6594390672903,-6.50792839224056,3.29864191367202,0.000359778834462476,0.00116799777420174,"Nb_vs_On","On higher"
"sptbn2",6.54087364282739,-6.09445503782331,3.02951904882625,0.000359692520732438,0.00116799777420174,"Nb_vs_On","On higher"
"yipf5",5.59356621083634,-6.57256952692917,3.34004933204872,0.000359986700802195,0.00116822206914143,"Nb_vs_On","On higher"
"eif6",7.94403434504047,-7.05000449060849,3.66355378792517,0.000361435318175188,0.0011724711015024,"Nb_vs_On","On higher"
"gng3",280.86626153099,-5.89591920651584,2.91378877038355,0.00036214900457704,0.00117433371360922,"Nb_vs_On","On higher"
"specc1la",6.08301103914355,-6.22857814478816,3.12273069630627,0.000364052259160138,0.00118005079615327,"Nb_vs_On","On higher"
"myofl",7.51142138602681,-6.92288531467851,3.57873216798213,0.000365356533441722,0.00118382267071301,"Nb_vs_On","On higher"
"C18orf25",196.010159244758,-5.63292712327009,2.76300071070529,0.000366076142322499,0.00118569794769942,"Nb_vs_On","On higher"
"prkaa2",5.60082200847076,-5.96570758243666,2.98560723388483,0.000366801965671252,0.00118759190270023,"Nb_vs_On","On higher"
"tgfbrap1",6.16450268142125,-5.91454509803828,2.95283647066063,0.000367257342670588,0.00118860911595579,"Nb_vs_On","On higher"
"smarce1",5.66055226515583,-6.0320130747898,2.99731383494062,0.000368483673691337,0.00119211974063554,"Nb_vs_On","On higher"
"cyfip2",5.84020870768895,-6.36641886924783,3.21848992609268,0.000369826740597941,0.00119600518722761,"Nb_vs_On","On higher"
"plk2b",8.44526704381596,-6.92472840980512,3.57569882494454,0.000370785576594396,0.00119864553908281,"Nb_vs_On","On higher"
"hivep2a",6.73844475314331,-6.19061609601436,3.09199589549398,0.000371061241433491,0.00119907621128105,"Nb_vs_On","On higher"
"ndufa3",50.6106234264304,-6.61668896745946,3.34498884464275,0.000371207785793923,0.00119908946309027,"Nb_vs_On","On higher"
"sox9b",8.34155330950845,-6.19098456210896,3.13459168528775,0.000371779025023958,0.0012004740439784,"Nb_vs_On","On higher"
"morn4",7.13498383650629,-6.80907441337974,3.51278484751323,0.000372307362066111,0.00120171908507382,"Nb_vs_On","On higher"
"scg5",5.70194739334208,-6.31105491694307,3.1952466445159,0.000372572245366299,0.00120211313204044,"Nb_vs_On","On higher"
"rab34b",90.3039567058176,-6.04408686133798,3.00912992435478,0.000372769642651365,0.00120228921526406,"Nb_vs_On","On higher"
"mob2a",8.22197104926426,-7.15897647677987,3.7763157082128,0.000373926065052742,0.00120477547700603,"Nb_vs_On","On higher"
"prpsap2",5.0966332200795,-6.18055157747317,3.08746670179803,0.000373898870522716,0.00120477547700603,"Nb_vs_On","On higher"
"mau2",8.81546694573192,-5.93627430799776,2.97303087126475,0.000374010986143038,0.00120477547700603,"Nb_vs_On","On higher"
"ppp1cbl",34.1071322581458,-3.67415922062423,1.48729352387865,0.00037411298371273,0.00120477547700603,"Nb_vs_On","On higher"
"csrp1a",9.84051081646593,-7.19907059587711,3.80360883677515,0.000374986732970922,0.0012071274639194,"Nb_vs_On","On higher"
"hpca",8.28878613841085,-6.2400693389282,3.14448965249693,0.000375796356995158,0.00120927130473442,"Nb_vs_On","On higher"
"tgfbr2a",7.15436638214784,-6.86400139011897,3.5489840535809,0.0003766173777514,0.00121134757646194,"Nb_vs_On","On higher"
"thyn1",380.638439229528,-5.88619477024158,2.89728594347956,0.00037672938407904,0.00121134757646194,"Nb_vs_On","On higher"
"hars",7.17370982800292,-6.53054588610862,3.31737170652488,0.000377215987569889,0.00121244909635866,"Nb_vs_On","On higher"
"agap3",5.01255180548696,-6.42215058485975,3.27394245342321,0.000377436025650521,0.00121269330684202,"Nb_vs_On","On higher"
"gtf2a1l",19.6082061559951,-6.66135912058889,3.41581394715601,0.000378338579896408,0.00121512940311635,"Nb_vs_On","On higher"
"myl13",7.61971723639955,6.70817920208699,3.15907295941405,0.000379460098886198,0.00121826663326622,"Nb_vs_On","Nb higher"
"rhot2",1916.97126374129,-5.39150537347834,2.6437841066579,0.000380935177605893,0.00122253615138635,"Nb_vs_On","On higher"
"tbc1d10b",6.12466345488235,-6.40039619838785,3.24821734966232,0.000381725611839971,0.00122454545514598,"Nb_vs_On","On higher"
"abi2b",5.14656948696878,-6.22743562923789,3.13486875649792,0.000381997667523562,0.00122454545514598,"Nb_vs_On","On higher"
"cry-dash",5.66241235167337,-6.03563488156937,3.03278908488592,0.000381920813210419,0.00122454545514598,"Nb_vs_On","On higher"
"ptpn13",7.36748940164081,-6.98338880823277,3.67185162151767,0.000384223841852698,0.00123087729801282,"Nb_vs_On","On higher"
"tmub1",8.49729801260182,-6.24065344531482,3.13377227351272,0.0003842653289591,0.00123087729801282,"Nb_vs_On","On higher"
"pik3cg",7.07939424860761,-6.74881916848686,3.50097372694201,0.000384892135886631,0.0012324161277648,"Nb_vs_On","On higher"
"copz1",13.0993603276691,-6.83253266285172,3.52522477308862,0.000386339187094677,0.00123630296307127,"Nb_vs_On","On higher"
"soul4",7.46631140764083,-6.45983135771458,3.26983934841505,0.000386399750040449,0.00123630296307127,"Nb_vs_On","On higher"
"enoph1",7.25648191222318,-6.33719862062049,3.21373330176305,0.000388143561412088,0.00124141052430356,"Nb_vs_On","On higher"
"fut8b",4.75089828896491,-6.30323268312533,3.19752998613559,0.000388456365824301,0.00124193911413178,"Nb_vs_On","On higher"
"ZC3H7B",6.06369266183014,-6.46826013719927,3.29489392880494,0.000388792086719443,0.00124254054138355,"Nb_vs_On","On higher"
"RILPL1",5.90568739235798,-6.25211013438073,3.15378849497523,0.00038906077359851,0.00124292735945057,"Nb_vs_On","On higher"
"mrto4",81.7168366118714,-5.6673563196724,2.79162784570606,0.00039132385446036,0.00124968293127743,"Nb_vs_On","On higher"
"limk1b",5.69728668203446,-5.91695876550923,2.97407231854114,0.000391475230406123,0.00124969225997677,"Nb_vs_On","On higher"
"slc7a3a",7.53027585605318,-5.84314735509351,2.94864267012757,0.000394171655667696,0.00125782297096689,"Nb_vs_On","On higher"
"cog1",19.7460156376167,-5.88634980573086,2.93162578645867,0.000394883021234867,0.00125961548797087,"Nb_vs_On","On higher"
"VPS13B",8.09099143007229,-6.01792010083901,3.02127109712622,0.00039517430315224,0.00126006715300589,"Nb_vs_On","On higher"
"rbm15b",8.46288057429855,-5.7956728551421,2.92029718909874,0.000396300483494173,0.00126317965545398,"Nb_vs_On","On higher"
"fhod3a",8.26502981203063,-6.06708634184875,3.07457882756443,0.000397211714267563,0.00126560492456637,"Nb_vs_On","On higher"
"tpt1",158.092531661618,-3.60377270821319,1.50123932926232,0.000397905502177052,0.00126733579921545,"Nb_vs_On","On higher"
"snx13",29.5257086211022,-5.77713198856139,2.86966958044064,0.000398754159235084,0.00126955843889597,"Nb_vs_On","On higher"
"exoc1",6.90915066575615,-6.36394405123977,3.23484217399209,0.00039910724085553,0.00127020217524456,"Nb_vs_On","On higher"
"UNC119",6.61059273201173,-6.65883738461948,3.4582638791573,0.00039934755090556,0.00127048665288095,"Nb_vs_On","On higher"
"brf1a",8.51711657768846,-5.98774300833951,3.05490207571773,0.000400390639259606,0.0012733239143511,"Nb_vs_On","On higher"
"nutf2",6.02074317517743,-6.51847804502327,3.34667888126321,0.000402910713219341,0.00128085437457719,"Nb_vs_On","On higher"
"arl3b",25.7162641739422,-5.82747968153255,2.90251045483546,0.000406050699280264,0.0012903491077921,"Nb_vs_On","On higher"
"klhl17",12.3884594258349,-5.67811904740579,2.86634806263471,0.000406459556749663,0.00129116096178063,"Nb_vs_On","On higher"
"tulp4b",7.10018100997975,-6.8507930711307,3.62046228537179,0.000407725449839036,0.00129469363890796,"Nb_vs_On","On higher"
"dcaf6",4.60269315077741,-6.20865695531392,3.15804549285362,0.000409916103640989,0.00130115903486042,"Nb_vs_On","On higher"
"mtx1a",10.2547118110766,-6.7509328302557,3.50768198845954,0.000410071883603602,0.00130116287831705,"Nb_vs_On","On higher"
"MSL3",7.25310829616448,-6.10126705482099,3.07860518176366,0.000410319515487792,0.00130145805628343,"Nb_vs_On","On higher"
"ppp6r3",4.88907698405542,-5.90677496914779,2.97295019627492,0.000410723997759617,0.00130225032509998,"Nb_vs_On","On higher"
"aarsd1",32.4294103080167,-6.00450774043763,3.04905009299756,0.00041106765750144,0.00130235887875315,"Nb_vs_On","On higher"
"kif13a",5.70749016954361,-5.98572294231353,3.01495259479528,0.000410957693149683,0.00130235887875315,"Nb_vs_On","On higher"
"castor2",10.672376661459,-6.98500632654404,3.7002924251565,0.000411745927186137,0.00130401701093036,"Nb_vs_On","On higher"
"zcchc17",5.73053636928714,-6.39883726661053,3.2970831236164,0.000412903347350565,0.00130719081534301,"Nb_vs_On","On higher"
"purab",6.58200290547622,-6.08029847152156,3.10430377360203,0.000413627528657711,0.00130899117903782,"Nb_vs_On","On higher"
"uacab",9.84893338879596,-7.13586634143755,3.81568698350308,0.0004144451219633,0.00131108537913902,"Nb_vs_On","On higher"
"mon2",7.69375313233996,-6.2865081288661,3.19193756775646,0.000414600769692097,0.00131108537913902,"Nb_vs_On","On higher"
"clip2",12.1562552151944,-5.81511559239622,2.91612353824676,0.00041479400331257,0.00131120387528547,"Nb_vs_On","On higher"
"bmp6",431.570975423683,-6.14291358490917,3.09071056699925,0.000415232433420256,0.00131209708128068,"Nb_vs_On","On higher"
"si:dkey-40g16.6",240.610367529595,-5.64499218878791,2.80244897857134,0.000415410826026962,0.00131216823020449,"Nb_vs_On","On higher"
"p2ry10",5.42010576367125,-6.6216126919069,3.47609295283659,0.000416558617271366,0.00131530024013142,"Nb_vs_On","On higher"
"snx25",5.55538853505984,-6.43301028203826,3.32831545124772,0.000417150309729727,0.00131667465590733,"Nb_vs_On","On higher"
"prkcbp1l",5.01886993649162,-6.45304305638522,3.33474925133964,0.000417308869662449,0.00131668143359014,"Nb_vs_On","On higher"
"slc4a2b",7.06651190691019,-6.26762515536824,3.21629777412716,0.000418983458979532,0.00132146974810405,"Nb_vs_On","On higher"
"pdha1a",10.631605289708,-6.35263743365623,3.23511184086011,0.000419377297682692,0.00132221651381757,"Nb_vs_On","On higher"
"arhgap21a",6.34139750648989,-6.12977322211596,3.09582972021713,0.000419705805961086,0.00132275682313007,"Nb_vs_On","On higher"
"si:ch211-257p13.3",93.4737562026957,-6.77787043855654,3.58079532958454,0.000420532778990584,0.0013243714678424,"Nb_vs_On","On higher"
"rapgef3",143.477337903318,-6.70605125053383,3.51149556111001,0.000420385192448224,0.0013243714678424,"Nb_vs_On","On higher"
"arl2",316.294493205331,-5.95215958694905,2.99211878493903,0.000421716758707503,0.0013276034685115,"Nb_vs_On","On higher"
"slit3",5.5985637939788,-6.36854934374627,3.2923428340981,0.00042276635414057,0.00133041015669358,"Nb_vs_On","On higher"
"sox17",7.6781383621027,-6.62195668027577,3.43016946984426,0.000424680340001261,0.00133493618451479,"Nb_vs_On","On higher"
"mut",6.05258106934072,-6.56054606897411,3.42133026452565,0.000424487908871857,0.00133493618451479,"Nb_vs_On","On higher"
"egfra",5.99671767883211,-6.47121574153129,3.36631411047848,0.000424584413751109,0.00133493618451479,"Nb_vs_On","On higher"
"slmapb",7.21393277249067,-6.69640215811399,3.51568863229846,0.000425017235160927,0.00133549648584721,"Nb_vs_On","On higher"
"iah1",7.63810810303096,-6.38057013924066,3.33489126787256,0.000426397027851322,0.00133856210023671,"Nb_vs_On","On higher"
"emp2",6.14055031127328,-6.15959805651195,3.13145914980804,0.000426373185176008,0.00133856210023671,"Nb_vs_On","On higher"
"eif2ak1",65.3176226400357,-3.1171213846818,1.19994968292386,0.000426469892235075,0.00133856210023671,"Nb_vs_On","On higher"
"rnft1",72.5985383950535,-6.27626046322469,3.20336945729515,0.000428215407071762,0.00134353980496835,"Nb_vs_On","On higher"
"pbx4",7.76722237656829,-5.87807542644906,2.95771347901724,0.000428565081014131,0.00134413593590796,"Nb_vs_On","On higher"
"hp1bp3",9.96272609094297,-5.81327073844511,2.9638525520632,0.000428939819243924,0.00134481020424408,"Nb_vs_On","On higher"
"si:ch211-232b12.5",6.64336351855605,-6.11103497967671,3.09213066854826,0.000429874461025116,0.00134673733267936,"Nb_vs_On","On higher"
"dgat1a",11.2518680849154,5.04484163742135,2.0864163444983,0.000429774768920148,0.00134673733267936,"Nb_vs_On","Nb higher"
"si:ch73-86n18.1",8.52814789990463,-6.61508293390084,3.47052818791136,0.000430088129895784,0.00134690546036559,"Nb_vs_On","On higher"
"frs2b",196.596580095799,-6.1383216051268,3.09601010457403,0.000431005749315359,0.00134927720257965,"Nb_vs_On","On higher"
"lipia",20.7121689379423,3.85598346263633,1.30477916759544,0.000431367842042833,0.00134990873394668,"Nb_vs_On","Nb higher"
"pafah1b3",5.62665638016932,-5.92688482275644,2.98759286897579,0.000432298136390066,0.00135231724716893,"Nb_vs_On","On higher"
"f9b",45.3233700607548,4.43025207371497,1.58042506339677,0.000433468688239408,0.00135547526656736,"Nb_vs_On","Nb higher"
"f13a1b",20.7775359936083,-6.42048744381888,3.29463755720432,0.000435279075780167,0.00136012593166943,"Nb_vs_On","On higher"
"letm2",8.43919990989959,-6.3628723247123,3.31351223467991,0.000435277713949844,0.00136012593166943,"Nb_vs_On","On higher"
"rnf121",4.59681980508825,-6.13021693586596,3.13152618718848,0.000435489904319488,0.00136027978276863,"Nb_vs_On","On higher"
"noc3l",7.9619965634234,-6.30225125011237,3.25711601911167,0.000436844578150764,0.0013640050663476,"Nb_vs_On","On higher"
"CSK",7.87690989768914,-7.00539528717921,3.77642868978529,0.000437592931750769,0.00136583511289506,"Nb_vs_On","On higher"
"kifap3b",5.69065996827501,-6.35427557620252,3.2885057347514,0.000438196126713679,0.00136721089498731,"Nb_vs_On","On higher"
"tcf20",6.31731538183108,-6.45410943491709,3.37467499188823,0.000438978900657513,0.00136914575240272,"Nb_vs_On","On higher"
"ranbp10",5.89789069411213,-5.9619027693043,3.07289906412422,0.000439736538258575,0.00137100080705951,"Nb_vs_On","On higher"
"TSHZ1",4.6307885015788,-6.27343766411021,3.28021308038143,0.000439938218032689,0.00137112177689714,"Nb_vs_On","On higher"
"uchl5",4.29803552792086,-6.07285698085003,3.13419610838656,0.000440178718554766,0.00137136360207033,"Nb_vs_On","On higher"
"gnai3",10366.2163674878,-5.91122189662821,2.9803620426808,0.000440664906171196,0.00137237039591163,"Nb_vs_On","On higher"
"rrp8",6.0852887193736,-6.57556368635865,3.46717399423215,0.000441172554993958,0.0013727780257006,"Nb_vs_On","On higher"
"RHBDF2",187.114725923156,-6.33553473449764,3.3317324955914,0.000441285024655003,0.0013727780257006,"Nb_vs_On","On higher"
"gtf2b",168.054236134997,-5.5448160260704,2.77324721905532,0.000441000586536937,0.0013727780257006,"Nb_vs_On","On higher"
"nrf1",10.9715683818809,3.6363561173019,1.23849631069502,0.000442307747408883,0.00137494335955982,"Nb_vs_On","Nb higher"
"jmjd4",380.87388806567,-2.53018390232012,0.92534442812981,0.000442185188308963,0.00137494335955982,"Nb_vs_On","On higher"
"atxn2",6.81886030307991,-6.31168133806717,3.27738305006652,0.000442697610785942,0.00137513966331958,"Nb_vs_On","On higher"
"usf2",5.87901678831568,-5.88601717903099,3.01906573787447,0.000442561025348152,0.00137513966331958,"Nb_vs_On","On higher"
"gfm1",227.844344899124,-5.59970954552638,2.78199352526523,0.00044488500921056,0.00138142456935983,"Nb_vs_On","On higher"
"ttc37",18.4369746669744,-6.22321149682725,3.24339163356716,0.000446853189627782,0.00138702439169863,"Nb_vs_On","On higher"
"TMCC1",6.6379038428223,-6.26822132887697,3.23326929533837,0.000447836320506128,0.00138956363657228,"Nb_vs_On","On higher"
"atg3",7.47988448221479,-6.23758850748154,3.1954751269065,0.000449037885465599,0.00139277852610516,"Nb_vs_On","On higher"
"eif4e1c",13.8265614107132,-5.64745496573164,2.83692291994685,0.000449468662473997,0.00139360117889728,"Nb_vs_On","On higher"
"ddx21",118.097341199182,-3.32106842026219,1.35539552458792,0.000452688831729053,0.00140306869863592,"Nb_vs_On","On higher"
"itpr1a",13.8703728588365,-5.77748373162747,2.91574897796401,0.00045436749915226,0.00140775326016332,"Nb_vs_On","On higher"
"atp1b4",12.1043454605609,-6.151724592803,3.16969491685786,0.000454826803699327,0.00140865784898489,"Nb_vs_On","On higher"
"farsb",10.4204618506675,-1.09018856419961,2.350508664874,0.000455809455189798,0.00141118204994032,"Nb_vs_On","On higher"
"vsir",12.7279462930323,-1.37491778320079,4.78195753419488,0.000456411106828455,0.00141252525635365,"Nb_vs_On","On higher"
"PPFIA1",6.07342689247808,-6.32754503413961,3.28185049464409,0.000457926150664887,0.00141669325111982,"Nb_vs_On","On higher"
"lman1",5.86196242382038,-5.75845274520144,2.91522067367939,0.000459306656408054,0.00142044211375569,"Nb_vs_On","On higher"
"FRMD4A",4.13099811047225,-5.99284231628864,3.09502106012486,0.000461624549392521,0.00142708610238202,"Nb_vs_On","On higher"
"cdc42ep4b",5.53570180972317,-6.60692700546218,3.51385955160734,0.000462429345723463,0.00142904927764321,"Nb_vs_On","On higher"
"ncf2",215.341535210633,-5.66092675087724,2.86351132557699,0.000462707479770729,0.00142938406044403,"Nb_vs_On","On higher"
"UTS2R",13.6073207921259,-0.877336626979338,1.73631865668131,0.000463874000844503,0.00143246197326083,"Nb_vs_On","On higher"
"chs1",5.9513402376028,-6.31924369918242,3.32996779810134,0.000467707167191673,0.00144376931918574,"Nb_vs_On","On higher"
"her9",14.5913597241987,-6.20298611953552,3.21400820556181,0.000470314148213296,0.00145128464063766,"Nb_vs_On","On higher"
"tsc2",5.45523942266178,-6.56765184707265,3.49182589364433,0.000475808941396795,0.00146716471380155,"Nb_vs_On","On higher"
"adck2",5.48008130838392,-6.03184674072998,3.14882635774898,0.000475787046327379,0.00146716471380155,"Nb_vs_On","On higher"
"ttc5",25.6631267444848,-5.32563105794915,2.68405677982377,0.000477051041835687,0.0014704561223628,"Nb_vs_On","On higher"
"tpi1a",596.94484353398,-6.21011769441856,3.21262456772087,0.000478129764620423,0.00147318759593067,"Nb_vs_On","On higher"
"bfsp2",13.0105018622582,4.53938610809084,1.75830151714289,0.00047828720594898,0.00147318759593067,"Nb_vs_On","Nb higher"
"stxbp1a",86.6605323899011,-6.06419207207507,3.12859378737259,0.000478591983963789,0.00147358716935156,"Nb_vs_On","On higher"
"lmo4b",4.83306463465029,-5.90550436179829,3.06228475746973,0.000479536628727041,0.00147595588322641,"Nb_vs_On","On higher"
"spag9a",5.45976664046349,-5.77095637846059,2.96211507079695,0.000480453912103216,0.00147769858680485,"Nb_vs_On","On higher"
"rack1",385.918552573263,-3.76073100828966,1.68852609928783,0.000480392118889546,0.00147769858680485,"Nb_vs_On","On higher"
"tbc1d9",6.77720320936276,-6.15469216220045,3.17982401621519,0.000481230687377471,0.0014795470877807,"Nb_vs_On","On higher"
"s100u",7.10438573084385,-6.67178746514348,3.61414633595244,0.00048143935679279,0.00147964823128211,"Nb_vs_On","On higher"
"stub1",5.57317035930983,-6.2415633832448,3.2561232205181,0.00048185944462029,0.00148039883387358,"Nb_vs_On","On higher"
"PIP4K2B",672.15978334287,-2.98342437038271,1.106833169088,0.000483897165466956,0.00148611686935456,"Nb_vs_On","On higher"
"cdc42",5.38854507608329,-6.21339108839309,3.25876501701747,0.00048475807415949,0.00148821789506732,"Nb_vs_On","On higher"
"usp10",6.78437810413822,-6.05714881837732,3.12447588921134,0.000485144090810033,0.00148831740395002,"Nb_vs_On","On higher"
"zgc:114119",5.02703091781035,-5.89535027421098,3.07465519337704,0.00048507882638489,0.00148831740395002,"Nb_vs_On","On higher"
"plaa",11.7167746005924,-5.78012853979427,2.95897414876481,0.000486400768610722,0.00149162902373955,"Nb_vs_On","On higher"
"cldn19",8.06652994918245,-6.23920509394409,3.25902952402927,0.000487287374187904,0.00149380375670567,"Nb_vs_On","On higher"
"yrk",8.46298196582634,-6.84397164010939,3.72656356500854,0.000488217658770201,0.00149611075774574,"Nb_vs_On","On higher"
"lancl1",6.79714532382926,-6.78030680238433,3.67931383148348,0.000490968834428423,0.00150399404957004,"Nb_vs_On","On higher"
"cers2a",5.48193252314162,-6.44699776315856,3.44472301239159,0.000491446694380399,0.00150490299512961,"Nb_vs_On","On higher"
"tgm2b",27.5941343200991,-5.92760465591423,3.05055764026181,0.000491623097719936,0.00150490299512961,"Nb_vs_On","On higher"
"ppp5c",7.64664073671619,-6.13998582304453,3.20528859256917,0.000492943072776839,0.00150836349930347,"Nb_vs_On","On higher"
"SECISBP2L",6.50357249198292,-5.72695272762576,2.947117400976,0.000493111944652311,0.00150836349930347,"Nb_vs_On","On higher"
"lmod1b",11.1018988031041,-6.97337222280539,3.86704645530071,0.000496540571255283,0.00151774819492628,"Nb_vs_On","On higher"
"fam110b",6.52999905388826,-6.05654109177925,3.17356627188021,0.000496419701154729,0.00151774819492628,"Nb_vs_On","On higher"
"wu:fj29h11",5.73928978511712,-5.72793801551185,2.92590825083632,0.000497983978963673,0.00152160767147593,"Nb_vs_On","On higher"
"slc39a13",6.27296368712178,-5.98079659740965,3.08084659090393,0.000498867738182184,0.00152375494195124,"Nb_vs_On","On higher"
"zgc:175088",131.315410790666,-5.80153800321104,2.9898879599377,0.000501077073795846,0.00152994806210135,"Nb_vs_On","On higher"
"paip1",4.22041934205749,-6.05444589018031,3.16440453442821,0.000501324799324342,0.00153014944188264,"Nb_vs_On","On higher"
"arid2",5.18480350442415,-5.89665273151635,3.06540825535091,0.00050198972435775,0.00153162359537642,"Nb_vs_On","On higher"
"znf526",246.634807947077,-5.49934001512975,2.80239326702732,0.000502961038174552,0.00153403116643238,"Nb_vs_On","On higher"
"dnajb9a",10.1630450651409,-5.53268425878276,2.84881536887481,0.000506946505291126,0.00154562683141641,"Nb_vs_On","On higher"
"stk38l",7.9813016967531,-5.49217076331002,2.79832045673489,0.000508104425887407,0.00154859632770463,"Nb_vs_On","On higher"
"mdga1",8.99590929363245,-7.08143495978462,4.0146674257673,0.000508844554695562,0.00155029079313328,"Nb_vs_On","On higher"
"get4",5.83492926216737,-6.0224056193414,3.12862600587432,0.000510376765753356,0.00155439638716055,"Nb_vs_On","On higher"
"fbxl2",4.35341616072775,-5.89776524603698,3.06633947510226,0.0005134454958007,0.00156317691994586,"Nb_vs_On","On higher"
"nrp2a",7.89686272138206,-6.56554216989454,3.51860362639194,0.000513757443356516,0.00156356115624554,"Nb_vs_On","On higher"
"nacc1a",5.50879940530732,-5.97924501472536,3.12937474075062,0.000513956811224027,0.00156360261542604,"Nb_vs_On","On higher"
"rom1a",208.60275161454,-2.88058600295247,1.13546894828711,0.000514294141884339,0.00156406361502253,"Nb_vs_On","On higher"
"rps6kc1",4.29070854852993,-5.95997006502133,3.10463267385799,0.000515029632225508,0.00156573472158697,"Nb_vs_On","On higher"
"cdc123",4.2099544092176,-6.07741900015027,3.19294037445152,0.00051579811282777,0.00156637848668441,"Nb_vs_On","On higher"
"fam76b",4.84306433447822,-5.72338483668331,2.9544990162486,0.00051560055290143,0.00156637848668441,"Nb_vs_On","On higher"
"slc31a2",238.678295556619,-5.44464748505267,2.78822411060835,0.000515799615715037,0.00156637848668441,"Nb_vs_On","On higher"
"slc19a1",7.98577400628869,-5.9789955308225,3.15716280131287,0.000516680378431759,0.00156824470586085,"Nb_vs_On","On higher"
"rassf7a",94.9498822282445,-5.36016275656399,2.74440032133066,0.00051678674436422,0.00156824470586085,"Nb_vs_On","On higher"
"atp13a2",9.30319841658357,-6.04473181666064,3.15354351525772,0.00051792537733836,0.0015711336311475,"Nb_vs_On","On higher"
"KCNQ4",7.53233493627435,-6.50518028457526,3.54329277337807,0.000519457718368806,0.00157521436355497,"Nb_vs_On","On higher"
"ADAP1",77.6743895825737,-5.3755885728273,2.74571207897081,0.000519720301734238,0.00157544310406871,"Nb_vs_On","On higher"
"bcr",4.89782812626628,-6.21276343610329,3.34227880584015,0.000520546849379359,0.00157676751616899,"Nb_vs_On","On higher"
"ttc17",13.1772826664447,-6.09058216607235,3.22887086981761,0.000520659234284929,0.00157676751616899,"Nb_vs_On","On higher"
"tada2b",9.32137006987208,-5.55727238813969,2.85712071735311,0.000520719136962438,0.00157676751616899,"Nb_vs_On","On higher"
"SMAP1",7.49559376735389,-6.52046061672434,3.4891329175794,0.000522389952069739,0.0015811999722955,"Nb_vs_On","On higher"
"cadm1a",5.28089290127493,-6.11765954884157,3.21808578507808,0.000522746438928292,0.0015811999722955,"Nb_vs_On","On higher"
"fbxl5",63.3537276440772,-5.7262716565923,2.93694126935911,0.00052273562683817,0.0015811999722955,"Nb_vs_On","On higher"
"lrp10",5.24295940216297,-6.29614519161469,3.3595119264346,0.00052323491227456,0.00158210901276122,"Nb_vs_On","On higher"
"hnrnph3",83.7524447722981,-5.58773632852301,2.85582188490221,0.000524296315354916,0.00158474914996685,"Nb_vs_On","On higher"
"sec13",8.11429966920699,-6.63181558070652,3.58134710478399,0.000524489077857117,0.00158476276288629,"Nb_vs_On","On higher"
"ZBTB5",6.79801286416442,-5.81432800407281,3.05441081966326,0.000526736862185228,0.00159072449371412,"Nb_vs_On","On higher"
"txndc12",597.978727220374,-5.45760364028935,2.7777829405334,0.000526840091289496,0.00159072449371412,"Nb_vs_On","On higher"
"ophn1",6.13639415514091,-5.94594092245671,3.09474199051153,0.000527475107175891,0.00159207079677542,"Nb_vs_On","On higher"
"tpte",82.5396462693467,-5.84842826208158,3.02973799229756,0.000527879253974296,0.00159271955553965,"Nb_vs_On","On higher"
"DCAF1",5.43840492197522,-6.43357637120207,3.46225596394279,0.000528570423541247,0.0015942335454569,"Nb_vs_On","On higher"
"prdm4",32.0887548480819,3.94715116229854,1.41731751810089,0.000529511997920454,0.00159650143212549,"Nb_vs_On","Nb higher"
"uprt",250.953728598707,3.34276227366596,1.17172536191802,0.000530541532204243,0.00159903280275522,"Nb_vs_On","Nb higher"
"ankrd13d",4.749681025177,-6.21577244406391,3.31134388281246,0.000531167536074895,0.00160034657075106,"Nb_vs_On","On higher"
"eno1a",60.0417808630307,-2.35850508128757,0.864209610849378,0.000531571584780973,0.00160099091258899,"Nb_vs_On","On higher"
"cdyl",13.6036847538035,-5.88503209149016,3.045390040128,0.000532160025920431,0.0016016171248474,"Nb_vs_On","On higher"
"UQCRFS1",5.32804361558168,-5.87574491121624,3.06305332231698,0.000532069661248758,0.0016016171248474,"Nb_vs_On","On higher"
"tcima",6.99541369290938,-6.30076219787182,3.33312035516515,0.000533183935466363,0.00160412522114219,"Nb_vs_On","On higher"
"USP34",6.70271847583891,-6.32878449553709,3.36024742896292,0.000536033706666401,0.00161153292191689,"Nb_vs_On","On higher"
"ppp1r9ala",6.75275803035732,-6.26135700518437,3.30854447259339,0.000536231025881553,0.00161153292191689,"Nb_vs_On","On higher"
"ndufa4l2a",10.695810463507,-5.97404105988317,3.13602732757138,0.000536411884914602,0.00161153292191689,"Nb_vs_On","On higher"
"ergic2",43.3016733915861,3.31724518042858,1.18322977385367,0.000536388228219374,0.00161153292191689,"Nb_vs_On","Nb higher"
"prrg1",181.398956468429,-5.50409594236961,2.83431547283898,0.000537115571280274,0.00161307130896802,"Nb_vs_On","On higher"
"nlk1",5.81417942104866,-5.70992930448929,2.98539338317939,0.000537802874046396,0.00161455941288251,"Nb_vs_On","On higher"
"usp2b",6.70635048431293,-6.26180354496013,3.32963099689742,0.000538203743113035,0.0016151868483157,"Nb_vs_On","On higher"
"wash1",5.72986455547763,-5.94707407254508,3.10502022215863,0.000539751258415514,0.00161925377524654,"Nb_vs_On","On higher"
"selenom",11.0667785155903,-0.801396773636852,1.58995724270432,0.000541216624783122,0.00162307144546645,"Nb_vs_On","On higher"
"fam120b",5.56483188564038,-6.01531996825948,3.18194043347797,0.000542051584429883,0.00162441802696004,"Nb_vs_On","On higher"
"cfap410",19.2488435785394,-5.95954193215968,3.1716645457339,0.000541962193372191,0.00162441802696004,"Nb_vs_On","On higher"
"fanci",139.935501604376,-2.38484359469313,0.883153654690941,0.000544765869621348,0.00163197120657385,"Nb_vs_On","On higher"
"itchb",5.46129638305537,-6.11764840723323,3.23495765207783,0.000545593328830788,0.00163386860266723,"Nb_vs_On","On higher"
"dad1",5.18696726211508,-6.46711546639863,3.50833106062983,0.000546262167305726,0.00163512030360201,"Nb_vs_On","On higher"
"pcna",7.82948303987488,-6.16976446385279,3.24482915405937,0.000546399787839447,0.00163512030360201,"Nb_vs_On","On higher"
"tmem9",4.75869978992109,-5.88083524951558,3.08737325338977,0.000547275293362978,0.00163715828696857,"Nb_vs_On","On higher"
"kif3b",5.6229840390215,-5.5426942225786,2.85619425983689,0.000547475322885674,0.00163717487319773,"Nb_vs_On","On higher"
"mcmbp",6.31012347162933,-5.88283880525173,3.09650430368885,0.000548680955284588,0.00164019754317673,"Nb_vs_On","On higher"
"entpd5b",49.9408160832426,2.69266010681372,0.980401384097545,0.000548936646626809,0.00164037937213507,"Nb_vs_On","Nb higher"
"abce1",9.174024990802,-0.910603115103131,1.80733751911519,0.000549153231192508,0.00164044425130537,"Nb_vs_On","On higher"
"si:ch211-166a6.5",27.9481302389223,-6.18161092374338,3.30791880954535,0.000549642128742773,0.00164074022686407,"Nb_vs_On","On higher"
"ndor1",86.5051864557689,-5.47506621869456,2.81142793448868,0.000549487153719559,0.00164074022686407,"Nb_vs_On","On higher"
"dhrs3b",8.25419575154263,-5.78082704397234,3.00827383115949,0.00055543937212181,0.00165745786406288,"Nb_vs_On","On higher"
"amph",7.21932284976411,-6.37495235079487,3.44727617800449,0.000555848945418653,0.00165809228296748,"Nb_vs_On","On higher"
"OSBPL8",5.37060036393193,-5.57269567169269,2.91996126282437,0.000556542067488306,0.00165957177616598,"Nb_vs_On","On higher"
"ccdc181",47.2158783944859,-5.64831504557113,2.94250460108017,0.00055709788524173,0.00166042343508992,"Nb_vs_On","On higher"
"prmt6",10.3230967029431,-5.34953330063315,2.78753407429166,0.00055722216727596,0.00166042343508992,"Nb_vs_On","On higher"
"prpf39",5.77345683327373,-6.35511338881197,3.41372053603543,0.00055781247490474,0.00166159427238078,"Nb_vs_On","On higher"
"pafah1b2",8.11490766783996,-6.29929256907777,3.44005449833984,0.000559025993928649,0.00166462002719893,"Nb_vs_On","On higher"
"ube2l3b",5.67152686250066,-6.07759626299441,3.20084370151887,0.000559742782923737,0.00166561456571343,"Nb_vs_On","On higher"
"dnase2",533.139945885432,-5.43855641048507,2.78889094620848,0.000559755714706972,0.00166561456571343,"Nb_vs_On","On higher"
"acss2l",9.50108460291956,-5.90850845060358,3.10012263849598,0.000561485319935964,0.00167017082092613,"Nb_vs_On","On higher"
"ankrd33ba",9.40768384419683,-5.90388419043823,3.10956029955955,0.000563749059426947,0.00167604689055075,"Nb_vs_On","On higher"
"phf6",13.9484877271182,-5.48852080840169,2.83067838081868,0.00056385896816818,0.00167604689055075,"Nb_vs_On","On higher"
"prkg1b",5.16826777591671,-5.58883820422901,2.93458540352762,0.000564087282471935,0.0016761336900278,"Nb_vs_On","On higher"
"iffo1b",15.3461818844918,-6.90558801615627,3.92652701489095,0.000564497928546915,0.00167676201923357,"Nb_vs_On","On higher"
"dhx8",7.54467794600514,-6.72446935260846,3.75358153926371,0.00056633384911783,0.00168146551051129,"Nb_vs_On","On higher"
"upf3a",9.58055654292104,-6.59087216173259,3.62576402758976,0.000566480896627467,0.00168146551051129,"Nb_vs_On","On higher"
"asxl2",5.03583619854305,-5.80736269883074,3.04861278909687,0.000567521253144052,0.00168395978461989,"Nb_vs_On","On higher"
"fam102aa",5.66001602620241,-5.90646803198324,3.1406446503111,0.000567981811566887,0.00168473251929882,"Nb_vs_On","On higher"
"cby1",4.53380142498281,-5.57685697665442,2.90374134650632,0.000568727855361647,0.0016863512104383,"Nb_vs_On","On higher"
"rest",213.833635696401,2.62188008094628,0.937736825397014,0.000569996566253733,0.00168951799109997,"Nb_vs_On","Nb higher"
"pik3c3",4.44080436106336,-6.17472455751763,3.33861929326013,0.000573361995652661,0.00169889520570366,"Nb_vs_On","On higher"
"BRK1",5.52751680301347,-5.52935125727137,2.87870825248033,0.000574004208757713,0.00170019965845265,"Nb_vs_On","On higher"
"irbpl",6.09166862438618,-5.82705321510627,3.09411210574106,0.000575175942218749,0.00170307108040711,"Nb_vs_On","On higher"
"ppp3cca",6.80901379165921,-6.10793409626742,3.25726369243086,0.00057695410083959,0.00170773545037541,"Nb_vs_On","On higher"
"znf710a",1600.31170560772,-5.31721223775895,2.73006548920502,0.00057744416980375,0.00170858524478312,"Nb_vs_On","On higher"
"sp2",5.14225503695169,-5.54746438404554,2.90854815477506,0.000578077750807045,0.00170985892701817,"Nb_vs_On","On higher"
"slc39a7",7.8991621827097,-6.14532529475967,3.31614865250845,0.000578793516672062,0.00171137471842129,"Nb_vs_On","On higher"
"C7orf25",4.94502049305487,-5.74679351818303,3.03625900165727,0.000579146160758113,0.00171181614510597,"Nb_vs_On","On higher"
"gnl1",5.64552542965187,-6.44457989103879,3.56319962100892,0.000579709723802427,0.0017122794578838,"Nb_vs_On","On higher"
"ugt8",5.07808233826209,-6.02191443238423,3.24357490128799,0.000579580989771207,0.0017122794578838,"Nb_vs_On","On higher"
"psmb9a",6.92320211196863,-6.36417490053796,3.44160651636888,0.000582412164348926,0.001719658225005,"Nb_vs_On","On higher"
"pak2b",5.43455629457358,-6.31490076968814,3.4674149716894,0.000584151276712821,0.00172418844578139,"Nb_vs_On","On higher"
"capns1b",10.1611966753267,-6.29105494943527,3.40437655129542,0.000585158508011137,0.00172655601837986,"Nb_vs_On","On higher"
"rps6ka2",10.860329689398,-5.79374958642417,3.05648790192385,0.000586054330457924,0.00172859332648732,"Nb_vs_On","On higher"
"tox2",4.71741202532861,-6.09801958015763,3.30560934034186,0.000586866672806444,0.00172917173667646,"Nb_vs_On","On higher"
"pds5b",6.08401292870743,-5.91719241060079,3.1406085218329,0.000586813232454185,0.00172917173667646,"Nb_vs_On","On higher"
"alyref",24.7867893570117,-3.27246805183397,1.33507044497296,0.000586787555765142,0.00172917173667646,"Nb_vs_On","On higher"
"brcc3",4.66968563849071,-5.59445376346998,2.93607262633916,0.000587119978502645,0.0017293127988227,"Nb_vs_On","On higher"
"zgc:172341",41.6635769904665,-6.38434772708929,3.5429213832923,0.000588716155689416,0.0017334076945063,"Nb_vs_On","On higher"
"atrnl1b",7.71110066898239,-6.21645816427734,3.33896028563966,0.000591345180864173,0.0017405397666135,"Nb_vs_On","On higher"
"trim33",4.51363996656002,-5.97296835921413,3.18356158649468,0.000591559911148293,0.00174056320588827,"Nb_vs_On","On higher"
"cramp1",139.251415925017,-5.43021485476403,2.82589511957864,0.000592957752650564,0.0017440665135613,"Nb_vs_On","On higher"
"rassf2a",7.06159059706627,-5.87984630744332,3.12067156718097,0.00059366069898755,0.00174512720329247,"Nb_vs_On","On higher"
"osgep",476.876811813988,2.88325829334588,1.03664693708748,0.000593732990048663,0.00174512720329247,"Nb_vs_On","Nb higher"
"igsf3",5.96104320807104,-6.16572185919544,3.40025359179412,0.00059636796510488,0.00175158764557223,"Nb_vs_On","On higher"
"zfpl1",5.36400391260757,-6.00671614321473,3.20704481776476,0.000596555212622428,0.00175158764557223,"Nb_vs_On","On higher"
"ADAM12",5.4892503976457,-5.71441662647186,3.02646291001271,0.00059655455929924,0.00175158764557223,"Nb_vs_On","On higher"
"ABCA1",10.1954696859274,-0.853805904722388,1.6859439883474,0.000597675962173702,0.00175426647474833,"Nb_vs_On","On higher"
"cep170aa",5.38683413347289,-5.82852452832944,3.11518006013185,0.000599431897777595,0.00175880715074653,"Nb_vs_On","On higher"
"kifbp",5.01751981990581,-6.27670087299173,3.43660223371787,0.000599799079526131,0.00175927130712577,"Nb_vs_On","On higher"
"lrpap1",11.9660137323787,-5.95202595516603,3.15639124792406,0.000600350161988524,0.00175966144276441,"Nb_vs_On","On higher"
"mrpl16",4.84791033171457,-5.94289152372068,3.1613418530955,0.000600254023453124,0.00175966144276441,"Nb_vs_On","On higher"
"antxr1c",5.75547982463193,-6.07084633405074,3.29321308790922,0.0006012564269843,0.00176170435167206,"Nb_vs_On","On higher"
"tspan9a",6.22133012609351,-5.57323135511572,2.93834623623492,0.000603224892889845,0.00176685704535376,"Nb_vs_On","On higher"
"si:ch211-48m9.1",6.72697665705072,-6.50555985014543,3.62034994986759,0.000603910398277787,0.00176824964615736,"Nb_vs_On","On higher"
"slc2a3b",7.71848099327885,-6.65820423410702,3.74857838760965,0.000604173731858329,0.00176840558928491,"Nb_vs_On","On higher"
"MAP3K13",10.862889489892,3.16341880358999,1.14006945685019,0.000605036518674046,0.00177031540291906,"Nb_vs_On","Nb higher"
"stag2a",5.96987975995777,-5.77307357204902,3.04775227780294,0.000607566755958388,0.00177710109508607,"Nb_vs_On","On higher"
"plekha8",5.35310621417574,-5.67861011347663,3.01199804869033,0.000609419778598694,0.00178190194381515,"Nb_vs_On","On higher"
"TOM1L2",6.03153071046614,-5.7070541070572,3.03229212658015,0.000611878274627941,0.00178846920688125,"Nb_vs_On","On higher"
"gpam",12.2749601029829,-5.58941307351546,2.93240272562224,0.000612980056961687,0.00179106772631152,"Nb_vs_On","On higher"
"TNS1",7.98345346168529,-0.981256688994148,1.98202559341347,0.00061394245108827,0.00179325730508711,"Nb_vs_On","On higher"
"kirrel1a",5.01742820254227,-5.9904205622792,3.20475089232948,0.000614637280020352,0.00179466410794704,"Nb_vs_On","On higher"
"kdm5c",5.17960777901342,-6.06258856904034,3.27281482241016,0.000616025365497919,0.00179809345588124,"Nb_vs_On","On higher"
"dab2",8.25364346152528,-6.80803081559225,3.9187312357278,0.000617348844890898,0.00180098721515733,"Nb_vs_On","On higher"
"slmapa",5.68360791268372,-5.46099826358296,2.89704649988899,0.00061744465466192,0.00180098721515733,"Nb_vs_On","On higher"
"tie1",11.0793565761334,-6.75488909044693,3.83198245067944,0.00061800249720154,0.00180198996239784,"Nb_vs_On","On higher"
"nat10",50.7942924672164,-5.20681155380769,2.72263740737536,0.000618456844689628,0.00180269034577469,"Nb_vs_On","On higher"
"wdr81",5.97540170930159,-5.90978378381229,3.1667644026954,0.000619266979685162,0.00180442694184482,"Nb_vs_On","On higher"
"spp1",13.856266273908,-0.954207743615714,1.91086232829691,0.000619755438093179,0.0018052253556638,"Nb_vs_On","On higher"
"pi4k2a",8.82186344075416,-5.40785506982509,2.84805405431767,0.000620780363865452,0.00180696027075359,"Nb_vs_On","On higher"
"es1",141.961585072017,-3.32092771147802,1.45105352091364,0.000620770390001732,0.00180696027075359,"Nb_vs_On","On higher"
"CKMT1A",6.47406677610566,-6.58890437276972,3.77090397810049,0.000621272169620711,0.00180776672100489,"Nb_vs_On","On higher"
"slc4a4a",6.90534590315169,-5.5992277759507,2.9798190104212,0.000621893672425267,0.00180883400855831,"Nb_vs_On","On higher"
"flnca",6.52721505471895,-5.47651961523164,2.89397522942797,0.000622068716414385,0.00180883400855831,"Nb_vs_On","On higher"
"sf3a2",21.724051123922,-5.68111979595895,2.97190950448731,0.000622910321776408,0.00181065576267742,"Nb_vs_On","On higher"
"si:ch211-235o23.1",6.5130462347702,-5.48761654997653,2.89988112678241,0.000624177098109446,0.0018135177681163,"Nb_vs_On","On higher"
"cep290",155.114290975824,-2.60092685711551,1.01247792801339,0.000624325789023643,0.0018135177681163,"Nb_vs_On","On higher"
"pde3a",6.20520257079032,-5.9109732133618,3.22028809935641,0.000625219686439152,0.00181423623593409,"Nb_vs_On","On higher"
"TANC2",53.0753909633678,-5.4026762929585,2.87010416813687,0.000624909737058753,0.00181423623593409,"Nb_vs_On","On higher"
"arsa",195.387462175876,-0.97453919676017,1.96371076196087,0.000625021387665388,0.00181423623593409,"Nb_vs_On","On higher"
"astn1",5.32710225100718,-6.4035412070102,3.58926875455363,0.000627251180602669,0.00181950394152766,"Nb_vs_On","On higher"
"sox4a",3.71693349163159,-5.75745265349655,3.0843496844331,0.000629195943982114,0.00182388824257625,"Nb_vs_On","On higher"
"myot",122.263254171367,3.22490149909534,1.19975039987222,0.000628982787854138,0.00182388824257625,"Nb_vs_On","Nb higher"
"PKP4",6.72732621440491,-5.77200867087246,3.05212296815885,0.000632785973512741,0.00183366345095706,"Nb_vs_On","On higher"
"fbxo33",6.68870086480271,-5.45576869588292,2.87650087989295,0.000633243987516115,0.00183435921779444,"Nb_vs_On","On higher"
"taz",5.67215250737659,-5.70999062542052,3.08154064511455,0.000636643753853825,0.00184357314067475,"Nb_vs_On","On higher"
"minpp1a",6.50897841228681,-6.06926124038828,3.28351873025128,0.000639519280584308,0.00185126317192528,"Nb_vs_On","On higher"
"six6a",10.36593787041,-5.75735760030461,3.0864528409094,0.000640648486991074,0.00185389445290164,"Nb_vs_On","On higher"
"mtnr1c",8.6410620322799,3.86355353833497,1.47711681258117,0.00064151251496636,0.00185575682164495,"Nb_vs_On","Nb higher"
"alkbh5",7.49840289466242,-6.21962646840419,3.40199998249428,0.000642872514021507,0.00185841374417344,"Nb_vs_On","On higher"
"fastk",49.1945649924058,3.86042537935467,1.4094325620727,0.000642700624963506,0.00185841374417344,"Nb_vs_On","Nb higher"
"si:ch211-278j3.3",5.80739484763385,-6.04321755761746,3.30956924865104,0.000643347220125504,0.00185850957413057,"Nb_vs_On","On higher"
"eapp",5.01598544157173,-5.87297638089297,3.14977200552555,0.000643155483523208,0.00185850957413057,"Nb_vs_On","On higher"
"eif3eb",4.83089419733584,-6.33175861865011,3.54231275807091,0.000646873156704311,0.00186805428237972,"Nb_vs_On","On higher"
"nfybb",7.34703206257926,-6.64901687452199,3.81821969012462,0.000647324404665933,0.00186871633692655,"Nb_vs_On","On higher"
"mat2ab",7.83013415213029,-6.47892212515031,3.64817697863632,0.00064818136445881,0.00187054875763259,"Nb_vs_On","On higher"
"cybrd1",8.35851751438493,-6.53343908161247,3.68513837101372,0.000648850650855204,0.00187159768414893,"Nb_vs_On","On higher"
"maza",5.97714739502424,-6.13762292139673,3.35360208427685,0.000649211836269288,0.00187159768414893,"Nb_vs_On","On higher"
"SMU1",6.09840901520371,-6.02541015673996,3.27569990876659,0.000649180232372198,0.00187159768414893,"Nb_vs_On","On higher"
"nelfcd",129.396481111848,-6.02748190330378,3.27851296548628,0.000651011951297396,0.00187550260301899,"Nb_vs_On","On higher"
"si:ch211-212g7.6",5.27304439815108,-5.4884944003145,2.900287475095,0.000650796491803443,0.00187550260301899,"Nb_vs_On","On higher"
"fkbp8",4.3992392404592,-5.78029932701744,3.11790948514091,0.000651526711993854,0.00187634343536239,"Nb_vs_On","On higher"
"TOMM7",4.99946587204943,-5.99723674252735,3.2846390916526,0.000652985352028017,0.00187990105792471,"Nb_vs_On","On higher"
"epha3",6.09087091009234,-5.96238840543734,3.22679460348586,0.000654219896587158,0.00188216783645615,"Nb_vs_On","On higher"
"pym1",7.15399790284408,-5.76520848057722,3.10831106494184,0.000654056033923863,0.00188216783645615,"Nb_vs_On","On higher"
"hivep3b",6.05031042235095,-6.32304987268413,3.54411639007135,0.000663101696508294,0.00190706869873824,"Nb_vs_On","On higher"
"kcna7",6.1048675394169,-5.97458493589575,3.29371556553085,0.000665048576642214,0.00191201465784636,"Nb_vs_On","On higher"
"st3gal5",5.81516031361346,-6.37825337066218,3.65342366118753,0.000666687149865172,0.0019160711599744,"Nb_vs_On","On higher"
"rbx1",91.8495907518004,3.51082225487665,1.28387539385785,0.000667525279334147,0.00191782518820302,"Nb_vs_On","Nb higher"
"rasal3",9.10855016506372,-0.82744397546787,1.63463698740309,0.000668335562231329,0.00191949804260093,"Nb_vs_On","On higher"
"nupr1a",5.00159572851088,-6.22381937587354,3.46307563854742,0.000669773617647127,0.0019229721396158,"Nb_vs_On","On higher"
"dlg3",6.91911262151079,-5.36872915603702,2.87776098379973,0.000670379891865843,0.00192405657338107,"Nb_vs_On","On higher"
"fam171a1",5.4222371992093,-5.93099784888492,3.21468121757925,0.000672390942440636,0.00192917074078571,"Nb_vs_On","On higher"
"unc93b1",7.99544854100211,-6.23738445274753,3.46071367626602,0.000672877256531043,0.00192990826081033,"Nb_vs_On","On higher"
"aamp",26.9120323879234,3.00931470534779,1.07552559613555,0.000674523208129115,0.00193397015191788,"Nb_vs_On","Nb higher"
"gipc1",4.95179139230804,-6.15147582495815,3.41290167309047,0.000674909687476112,0.00193441939025329,"Nb_vs_On","On higher"
"zhx3",3.89068014442932,-5.631688435724,3.00586171571816,0.000675482874395498,0.0019351445592162,"Nb_vs_On","On higher"
"tubgcp4",59.2128995753237,-5.3539098623372,2.85822503852208,0.000675622458961324,0.0019351445592162,"Nb_vs_On","On higher"
"CHST13",19.7933042093608,5.15041779504301,1.87840854396104,0.000676149508212146,0.00193599542861559,"Nb_vs_On","Nb higher"
"si:dkey-154p10.3",5.2707282014968,-6.01991020528316,3.29264340359985,0.000678429158422931,0.00194144641359726,"Nb_vs_On","On higher"
"bckdk",13.7207703085244,-5.34893311500803,2.82620971062174,0.000678514534189017,0.00194144641359726,"Nb_vs_On","On higher"
"gtf2e2",174.504390052992,2.31064088793078,0.806160632712821,0.00067938345844329,0.0019432721553434,"Nb_vs_On","Nb higher"
"aspa",7.24814193798391,-6.1994245638933,3.45985779289578,0.000681578929519628,0.00194756667640741,"Nb_vs_On","On higher"
"hibch",4.19974910887833,-5.44369040809554,2.89203161067305,0.000681556730939342,0.00194756667640741,"Nb_vs_On","On higher"
"trpm6",23.1370999891208,4.34169385557368,1.58848643268964,0.000681325499034659,0.00194756667640741,"Nb_vs_On","Nb higher"
"vdac3",71.0716052485385,-5.49156865225399,2.9136554630201,0.000682676527356192,0.00195004106117558,"Nb_vs_On","On higher"
"tln1",13.929547222547,-0.641822448527659,1.35891643198998,0.000685779637858594,0.00195824049914981,"Nb_vs_On","On higher"
"si:ch1073-358c10.1",6.58640418727048,-5.50868748632478,2.95440941266086,0.000686935602459277,0.00196087619582984,"Nb_vs_On","On higher"
"tent5bb",5.28329266162564,-6.33380124911755,3.59402470932392,0.000688149148588416,0.00196367441790417,"Nb_vs_On","On higher"
"dnajc16l",8.50140168898088,-5.89943922480084,3.23711838445562,0.000688962714015915,0.00196532976163537,"Nb_vs_On","On higher"
"cltcl1",4.93146202616459,-6.1791519297977,3.44202332076123,0.000690683359594242,0.00196957063721691,"Nb_vs_On","On higher"
"supt4h1",5.97952182041268,-6.30352641403163,3.56088320397692,0.000694154561364472,0.00197830711931109,"Nb_vs_On","On higher"
"tmem135",5.13924934416164,-5.58621467329997,3.0426511090315,0.000694217062300424,0.00197830711931109,"Nb_vs_On","On higher"
"spg21",9.0323452683366,-6.273300957991,3.54782159450433,0.000694752097403848,0.00197916181250274,"Nb_vs_On","On higher"
"tcf25",6.17195521521865,-5.93266196953037,3.22427353854293,0.000696230951667668,0.0019827037047153,"Nb_vs_On","On higher"
"gdpd5a",5.82819598237843,-5.69663645094234,3.12366354682897,0.000697170041554141,0.00198470659783658,"Nb_vs_On","On higher"
"bcl7bb",7.55691379716195,-5.96270408912575,3.24469511549639,0.00069789103562848,0.00198608747056137,"Nb_vs_On","On higher"
"fermt2",6.70025181510676,-5.94572478998859,3.25193807715991,0.000699183024259228,0.00198909182095782,"Nb_vs_On","On higher"
"ogdhl",5.70511778242188,-5.95147566515653,3.26652422393411,0.000700089159712727,0.00199099680623707,"Nb_vs_On","On higher"
"nhsl1b",9.46450615211441,-5.60553873424174,3.0073635800453,0.000702821737488509,0.00199809300445061,"Nb_vs_On","On higher"
"rreb1a",9.83824512635005,-5.16772214565789,2.74308808724269,0.000704607853898558,0.00200249456924985,"Nb_vs_On","On higher"
"wsb1",4.84757270453063,-6.14079294267809,3.44200345665244,0.000705025107973688,0.00200300417108421,"Nb_vs_On","On higher"
"rrp12",68.1500968030163,-5.75865421226033,3.10269354039347,0.00070618022749532,0.00200493259866968,"Nb_vs_On","On higher"
"rpl39",128.184254640569,-3.11660097210665,1.35235458444376,0.000705990190643913,0.00200493259866968,"Nb_vs_On","On higher"
"cog7",8.16989487414952,-5.34836919167364,2.83402958782745,0.000706755493213702,0.00200588932632264,"Nb_vs_On","On higher"
"dnajb11",4.08967263607545,-5.66750410384392,3.08529152924155,0.00070788608905404,0.002008420996851,"Nb_vs_On","On higher"
"itgb1bp1",413.94223206834,-5.43104925385925,2.92864802961361,0.000709512885447903,0.00201235831189368,"Nb_vs_On","On higher"
"fgd6",4.32894409456273,-5.74860530712192,3.13282429815864,0.000712349274589854,0.00201966282718289,"Nb_vs_On","On higher"
"slc25a18",34.4532616221139,-5.63281830288225,3.02786283756202,0.000712568139312567,0.00201966282718289,"Nb_vs_On","On higher"
"gpr137",12.6833361658466,-5.90629987810593,3.31495051574482,0.000712917060459768,0.00201997166440603,"Nb_vs_On","On higher"
"sf3b3",4.17124558872246,-6.07102408995314,3.41909594409892,0.000714135202649843,0.00202256200751045,"Nb_vs_On","On higher"
"KDM1B",3.80975456690277,-5.73991811964783,3.14077606302137,0.000714311813771509,0.00202256200751045,"Nb_vs_On","On higher"
"ajuba",5.55766563163257,-5.85740384668849,3.21637508048106,0.00071472223876472,0.00202268330406062,"Nb_vs_On","On higher"
"rgs19",5.19717595073372,-5.61870102305919,3.07339056703081,0.000714835213777661,0.00202268330406062,"Nb_vs_On","On higher"
"myo5b",5.72921142904655,-6.40530020576013,3.72739435714435,0.000717391532700987,0.00202923451689412,"Nb_vs_On","On higher"
"med24",14.3425558154041,-6.02836576319536,3.31464567698822,0.000720788133224612,0.00203815737503688,"Nb_vs_On","On higher"
"ndufb4",17.7299151998587,-5.66857665286512,3.03235776313335,0.000721741895365463,0.00204016899771204,"Nb_vs_On","On higher"
"msh2",5.55862043255433,-5.80510394149983,3.1662646687392,0.000722598083782883,0.00204190354793028,"Nb_vs_On","On higher"
"gpcpd1",3.81965035394398,-5.82057511899865,3.20158187703755,0.000723222345389416,0.002042981779694,"Nb_vs_On","On higher"
"gba",195.252276486698,-5.57944401656678,2.97985156649039,0.000723732078199866,0.00204305051451592,"Nb_vs_On","On higher"
"nudt13",10.2326172623055,4.12058163641878,1.58696625420002,0.00072358957044561,0.00204305051451592,"Nb_vs_On","Nb higher"
"ogal",231.529338965818,-5.68599510723801,3.0826706552849,0.000725972054013646,0.00204868680881223,"Nb_vs_On","On higher"
"npnta",7.46017258186014,-6.57802637123535,3.91492089711109,0.00072831549579503,0.00205461120764161,"Nb_vs_On","On higher"
"wwc3",22.9661192361267,-5.87732543058161,3.23542049059717,0.000728886544024018,0.00205553330907678,"Nb_vs_On","On higher"
"ppa1b",13.3249220595211,-5.43396618335587,2.91697649237894,0.000729895600119769,0.00205768960542807,"Nb_vs_On","On higher"
"add2",4.27775557531019,-5.921959022566,3.28019020036669,0.000731005403008246,0.00206012838383777,"Nb_vs_On","On higher"
"sephs2",6.89424571173325,-5.8870181297834,3.22448924748029,0.000732224883896618,0.00206149467312432,"Nb_vs_On","On higher"
"msto1",687.762723152692,-5.52199053239618,2.95028790593698,0.000732036316751378,0.00206149467312432,"Nb_vs_On","On higher"
"ATE1",4.91428896411272,-5.50619679310924,2.99594552804702,0.000732204458295865,0.00206149467312432,"Nb_vs_On","On higher"
"b3gat2",10.2180439692496,-6.16181805866966,3.47399049937417,0.000733304889237205,0.00206315526657714,"Nb_vs_On","On higher"
"wfs1b",70.7140372585107,-5.29228838498682,2.80468491592605,0.000733223162565188,0.00206315526657714,"Nb_vs_On","On higher"
"cxxc5b",5.79042444405436,-6.27804956313532,3.60281692460573,0.000733968212780637,0.00206433157874621,"Nb_vs_On","On higher"
"PLEKHA5",5.82401994509085,-5.70969230676274,3.11164598834655,0.000734472789701128,0.00206506076944025,"Nb_vs_On","On higher"
"ppm1ba",6.14458328740311,-6.29044808683494,3.63700639879435,0.000736774123686464,0.00207083959038152,"Nb_vs_On","On higher"
"ahcy",5.00383166357135,-6.19698416754891,3.51224596934157,0.000737310915349995,0.00207165663732185,"Nb_vs_On","On higher"
"dmxl2",6.77099375825405,-5.5937785040695,3.06257097729396,0.000738104139025299,0.00207250188202634,"Nb_vs_On","On higher"
"zgc:194990",5.51667451678227,-5.57869310556582,3.00322805140044,0.000738058465888455,0.00207250188202634,"Nb_vs_On","On higher"
"cops7a",6.03666212365641,-5.810545397246,3.17275810096307,0.000739705224328142,0.00207630496111847,"Nb_vs_On","On higher"
"rnf166",11.0990536289375,-5.19842028909236,2.79972460153919,0.000740352585325493,0.00207742935442333,"Nb_vs_On","On higher"
"smg8",4.78065692471739,-5.67961322835641,3.14944636208457,0.000740876966769324,0.00207820803274381,"Nb_vs_On","On higher"
"pitpnb",4.87768092404071,-5.93025055770167,3.2898725804301,0.000741403025791461,0.00207899089643988,"Nb_vs_On","On higher"
"cpsf4",2764.27282009521,-5.41518113416454,2.85813734726379,0.000743017897739492,0.00208282539566135,"Nb_vs_On","On higher"
"BTBD1",11.3209443177184,-5.69331565845746,3.08734259654502,0.000745086226303053,0.00208792804694377,"Nb_vs_On","On higher"
"wdr46",163.059737727462,-5.05020791275699,2.66514057418662,0.000746126095687972,0.00209014624742141,"Nb_vs_On","On higher"
"auts2a",4.05394084312415,-5.78504112130642,3.19407626559405,0.000749596833084918,0.0020991703728905,"Nb_vs_On","On higher"
"lrrc4.1",6.49304692756838,-5.38311888234899,2.91859341100625,0.000751495632546986,0.0021030885089031,"Nb_vs_On","On higher"
"rgs14a",1816.34182691193,-0.121067500166047,1.03095967468522,0.000751332593206412,0.0021030885089031,"Nb_vs_On","On higher"
"tnrc6c1",4.96589098147595,-5.65686985601692,3.08613223138549,0.000752335952160223,0.00210474046038044,"Nb_vs_On","On higher"
"mctp1a",7.6828361988293,-6.40452153817794,3.79802527286479,0.000755483996402378,0.00211224446703425,"Nb_vs_On","On higher"
"get3",7.56949771072429,-5.47739014960241,2.96727608436976,0.000755520086747461,0.00211224446703425,"Nb_vs_On","On higher"
"sh3tc2",5.30806962551749,-6.21397067178445,3.56666572625702,0.000755935152510775,0.0021126427948198,"Nb_vs_On","On higher"
"arl5a",4.49194968196613,-5.71495603027594,3.12042609228238,0.000756164497599437,0.0021126427948198,"Nb_vs_On","On higher"
"cmtr1",6.39496021400296,-5.67304814678936,3.07785412939847,0.000756962544170943,0.00211417076868978,"Nb_vs_On","On higher"
"suz12a",6.24167456521769,-5.97719589732725,3.32362024108052,0.000759153691352267,0.00211958732132782,"Nb_vs_On","On higher"
"mospd1",4.85229226691317,-5.96016054321089,3.37773791785056,0.000761458642692116,0.00212478068110856,"Nb_vs_On","On higher"
"stim1a",4.58318945496089,-5.75549965206528,3.17623578697593,0.000761533932128903,0.00212478068110856,"Nb_vs_On","On higher"
"ndufaf1",65.4159886013026,3.89869214044768,1.41299649546234,0.000761770978330437,0.00212478068110856,"Nb_vs_On","Nb higher"
"wars1",26.0901895431091,-5.43006846524806,2.90850496346143,0.000766371304923648,0.00213680770864621,"Nb_vs_On","On higher"
"pfn2l",9.16094212659443,-5.28808246341193,2.84947397680069,0.000766590553588922,0.00213680770864621,"Nb_vs_On","On higher"
"rundc3aa",7.94049078125336,-0.849068958034873,1.6729152778388,0.000769552018735309,0.00214435249709164,"Nb_vs_On","On higher"
"ywhaz",5.65512845874824,-5.72858434652351,3.13211940343611,0.000770120816860176,0.00214522734491362,"Nb_vs_On","On higher"
"pcgf5a",4.97254968405663,-5.92318542659372,3.35775125663452,0.000773010278698596,0.00215185202582169,"Nb_vs_On","On higher"
"c1galt1a",48.5925937262886,3.64995291924145,1.41547096806267,0.000772889248135806,0.00215185202582169,"Nb_vs_On","Nb higher"
"ndufa8",5.03594917031696,-6.17700727958496,3.53756138030062,0.000773775403997274,0.00215211935001022,"Nb_vs_On","On higher"
"tox4a",31.4240497210132,-5.28439469135779,2.83452438216398,0.000773873280171172,0.00215211935001022,"Nb_vs_On","On higher"
"C6orf120",44.4919981014851,4.18090236957781,1.54680119791359,0.000773406007558029,0.00215211935001022,"Nb_vs_On","Nb higher"
"pcgf6",18.6604046240098,-6.09673575009506,3.45707348536607,0.000777631606909135,0.00216185695738477,"Nb_vs_On","On higher"
"tspo",549.58216915093,-2.84131857575366,1.20378843936704,0.000778050248867425,0.00216230670021987,"Nb_vs_On","On higher"
"ubiad1",4.51552816854945,-5.82162105119698,3.25219261064413,0.000778800337087485,0.00216367697610642,"Nb_vs_On","On higher"
"rhoub",5.17513094876683,-5.85457118298023,3.32786909305093,0.000781339739864779,0.0021700158133229,"Nb_vs_On","On higher"
"tspan14",23.9252154070831,-5.91928741890099,3.26503818591375,0.000782276199738096,0.00217190008225439,"Nb_vs_On","On higher"
"rab11fip4b",3.77068689382575,-5.78459294735431,3.26576755441772,0.000782898353039686,0.00217291076026643,"Nb_vs_On","On higher"
"FBLN2",6.62089949848147,-6.40181120989636,3.78823890796652,0.000785519926745496,0.00217946827400909,"Nb_vs_On","On higher"
"ccdc58",7.68088656607004,-0.86550908793473,1.70510274277462,0.000786347058284172,0.00218104432838094,"Nb_vs_On","On higher"
"ISCU",20.9308879437082,-5.7113261717475,3.15998724342472,0.000787329540711888,0.00218305009015569,"Nb_vs_On","On higher"
"ace",6.73797217204694,-5.90771158970256,3.32600350555333,0.000789221302855289,0.00218757488555674,"Nb_vs_On","On higher"
"tars1",8.4799903582977,-6.03552686305345,3.40852107490812,0.000790818278022242,0.00219127987636314,"Nb_vs_On","On higher"
"trnau1apa",6.27009001390319,-5.90425254057728,3.27826000075183,0.000791157163747634,0.00219149753353984,"Nb_vs_On","On higher"
"ap1g1",10.7497932175369,-5.44391942550377,2.92570484242475,0.000791783396535128,0.00219251073422128,"Nb_vs_On","On higher"
"acox1",12.9613611761822,-5.70230749404393,3.22580872289644,0.000792231878307541,0.00219303122380562,"Nb_vs_On","On higher"
"adck5",106.935695089209,3.08977500013792,1.17411210826012,0.000793120719093237,0.0021947699583586,"Nb_vs_On","Nb higher"
"ddx1",5.86786433799442,-5.91334627238246,3.31458086861415,0.00079360121343805,0.00219537792136757,"Nb_vs_On","On higher"
"uso1",5.94297454135575,-6.13214337160849,3.52278499179789,0.000794445435204714,0.00219699135136442,"Nb_vs_On","On higher"
"bmt2",13.0415404968036,-5.34962773061677,2.86131725808868,0.000795170247702234,0.00219827361088913,"Nb_vs_On","On higher"
"ZSWIM6",6.03377778900182,-5.8603078537922,3.31869936683143,0.000796223596939641,0.00220046298064278,"Nb_vs_On","On higher"
"adamts17",5.14017375867937,-6.28733132434,3.75213052817948,0.000796740388816943,0.00220113244065178,"Nb_vs_On","On higher"
"phax",6.80389806714283,-5.68259465300599,3.11351740919697,0.00079698879533222,0.00220113244065178,"Nb_vs_On","On higher"
"pgm5",9.22872179136637,-1.01417662675096,2.07066161053261,0.000798187002870023,0.00220371865862901,"Nb_vs_On","On higher"
"mmp28",133.474228112968,-5.49716501039838,2.96471213485549,0.000799274997671134,0.00220599899357233,"Nb_vs_On","On higher"
"sh3gl1a",4.47591774831272,-5.56617437196429,3.10386227536342,0.000802610498748179,0.00221447891788337,"Nb_vs_On","On higher"
"mov10a",4.84611320592873,-5.94761294559473,3.36539427142983,0.000803666343170511,0.00221666555596637,"Nb_vs_On","On higher"
"abhd14a",6.31259663967173,-5.9350148591892,3.34718646903841,0.000804570172786934,0.00221770521104139,"Nb_vs_On","On higher"
"ap1b1",5.51027004585786,-5.85300256847724,3.26261111558431,0.000804564659305499,0.00221770521104139,"Nb_vs_On","On higher"
"stk19",8.64553963246213,-5.3768130169361,2.91920036770376,0.000805995463515917,0.00222090664873224,"Nb_vs_On","On higher"
"mospd2",11.6155573930608,-5.358113967796,2.89465496716285,0.000806651470702388,0.00222126008517262,"Nb_vs_On","On higher"
"coq3",11.5040388719496,-5.31863769939693,2.89110144978559,0.000806390998635463,0.00222126008517262,"Nb_vs_On","On higher"
"rlim",3.747866993074,-5.78533482858886,3.24448464340126,0.000807363095070159,0.00222231297285472,"Nb_vs_On","On higher"
"cdh15",161.356875969663,-5.50834720301651,3.04719116438695,0.000807561818004583,0.00222231297285472,"Nb_vs_On","On higher"
"tia1",4.20132006672619,-5.58470745507159,3.11214739748932,0.000808339295937131,0.00222372555333293,"Nb_vs_On","On higher"
"RELN",5.45160629493111,-6.17373893619351,3.58346741102513,0.000809789682990921,0.00222698776589924,"Nb_vs_On","On higher"
"prex2",8.2940625000349,-5.47301702055581,2.98014453745386,0.000812240414495833,0.00223299797819266,"Nb_vs_On","On higher"
"rmnd1",289.645909315381,-3.49449068453562,1.6997284584198,0.000812981486666062,0.00223430563328597,"Nb_vs_On","On higher"
"GFOD1",11.6819113533528,-5.38211714321573,2.98813494365594,0.000814365021650924,0.00223664755375448,"Nb_vs_On","On higher"
"synm",16.3883059406049,-2.55572567913075,0.982645051996205,0.000814243195802807,0.00223664755375448,"Nb_vs_On","On higher"
"nudcd3",5.74097212315275,-5.85308477789031,3.29818526511611,0.000816253764098056,0.00224110377892284,"Nb_vs_On","On higher"
"etf1a",9.02340494791747,-6.21249497418119,3.60418277374887,0.00081665429662213,0.00224147240592275,"Nb_vs_On","On higher"
"pbx1a",7.54165237340793,-3.31147632807135,1.35399747182355,0.000817209199353612,0.00224226435468015,"Nb_vs_On","On higher"
"mrps9",3.9152013093507,-5.53552584153945,3.06641657471108,0.00081803869903127,0.00224280896005796,"Nb_vs_On","On higher"
"ube2na",7.85648597005706,-5.38550969994719,2.93395338316141,0.000818119776151189,0.00224280896005796,"Nb_vs_On","On higher"
"eva1bb",9.08788306187799,-0.782668319630811,1.55507301254954,0.000818206975093609,0.00224280896005796,"Nb_vs_On","On higher"
"grk4",4.3744800158727,-5.64364083504539,3.11224596673612,0.000820003867354078,0.00224700278495659,"Nb_vs_On","On higher"
"pik3c2a",7.02653689730421,-6.20510249338129,3.60822101984099,0.000820365132445044,0.00224726120563696,"Nb_vs_On","On higher"
"TIMP3",39.1299259564464,-5.94910808291837,3.32933491480545,0.000821469109319195,0.00224882177634113,"Nb_vs_On","On higher"
"C1orf50",18.9838336365059,-5.32696947261663,2.95660222661531,0.00082128143876233,0.00224882177634113,"Nb_vs_On","On higher"
"pgam2",6.5289856956968,6.5433984276268,3.32549067838991,0.000823954210774427,0.00225489159502573,"Nb_vs_On","Nb higher"
"vta1",4.28271489682462,-5.88940486718331,3.37599794595104,0.000824704595161619,0.00225621166138138,"Nb_vs_On","On higher"
"emc9",4.44196944140568,-5.66862535629209,3.19539026867474,0.000825331293315584,0.00225642576196558,"Nb_vs_On","On higher"
"dnajb12b",1018.21835683395,-5.51745253043939,3.05008627523158,0.000825169455651988,0.00225642576196558,"Nb_vs_On","On higher"
"tdrd9",14.5883711361063,3.71128718933671,1.46735241363693,0.000825716411205844,0.00225642576196558,"Nb_vs_On","Nb higher"
"megf6b",227.142960930027,3.63231023431415,1.34668037790861,0.00082585504545212,0.00225642576196558,"Nb_vs_On","Nb higher"
"nae1",4.18237571420367,-5.6492366043656,3.17765409478063,0.000827942333174272,0.00226139473090883,"Nb_vs_On","On higher"
"ero1b",7.20307020046461,-6.31065969438405,3.75026896121634,0.000832686848752561,0.00227361592371036,"Nb_vs_On","On higher"
"slc1a5",14.4983486451184,-5.26931658712844,2.84116112734371,0.000832967760419489,0.00227364546277927,"Nb_vs_On","On higher"
"kri1",4.32525961378966,-5.92733620591865,3.38525390511864,0.000834063950607334,0.00227589962275933,"Nb_vs_On","On higher"
"svild",6.77867331470293,-6.06654488523058,3.50356924234033,0.00083617871499239,0.00227945350479467,"Nb_vs_On","On higher"
"ank3a",5.1951911306871,-5.95142519251142,3.41074430578647,0.000836048086373528,0.00227945350479467,"Nb_vs_On","On higher"
"apbb2b",7.91688907149098,-5.49436758508225,3.01961070130898,0.000835963437684873,0.00227945350479467,"Nb_vs_On","On higher"
"ppp1r9bb",8.5681321701072,-5.89425091167839,3.33171065336772,0.000838353949682872,0.00228448640327182,"Nb_vs_On","On higher"
"sirt3",6.13194240669972,-5.87418619594336,3.3711930755287,0.00083856771039557,0.00228448640327182,"Nb_vs_On","On higher"
"epn1",8.45072978771202,-5.40317368635486,2.98721198743598,0.000838919957002698,0.0022847066315266,"Nb_vs_On","On higher"
"sh3pxd2ab",6.37996069451852,-6.40437335709325,3.89466734449414,0.000840030687406242,0.00228699169682592,"Nb_vs_On","On higher"
"P3H4",169.319866481242,3.38903491349525,1.37321083962128,0.000841595973297144,0.0022905124161705,"Nb_vs_On","Nb higher"
"naa38",256.79448977576,3.38218644018304,1.24717054182199,0.000842687832456083,0.00229274278397392,"Nb_vs_On","Nb higher"
"gab1",6.05312978144531,-6.44105574880807,3.97083827503731,0.000844860784934126,0.00229791214461243,"Nb_vs_On","On higher"
"cpt1cb",8.62398435102153,-6.39831773561177,3.91252691156632,0.000845536854474214,0.00229826581884531,"Nb_vs_On","On higher"
"taf9",8.53566622893768,-5.92010327772183,3.35527071533545,0.000845315218106138,0.00229826581884531,"Nb_vs_On","On higher"
"mib1",6.67342185910437,-5.87350051686462,3.34746911043196,0.000846242258776865,0.00229944071477845,"Nb_vs_On","On higher"
"lrit1a",6.476379344964,-5.71390948814614,3.21898716360863,0.000846541516137182,0.00229951161111416,"Nb_vs_On","On higher"
"GJA5",6.30692817146787,-6.41292097883746,3.91684150173549,0.000848920670395524,0.00230448700528524,"Nb_vs_On","On higher"
"blmh",5.22786193171503,-6.16260177349694,3.6040695403232,0.000848878270209766,0.00230448700528524,"Nb_vs_On","On higher"
"MAFB",4.41226947779841,-5.81878652535475,3.30500805328322,0.000852378292310841,0.00231312716462691,"Nb_vs_On","On higher"
"pla2g7",18.7644325586159,-5.92033858292111,3.38690894425556,0.000854507921690968,0.00231815909919258,"Nb_vs_On","On higher"
"braf",4.17880252881363,-5.80488335685494,3.36550024388866,0.000855558540098641,0.00231951426426743,"Nb_vs_On","On higher"
"mad2l1bp",157.641121849536,-4.92404701963836,2.65605867056142,0.000855326890390461,0.00231951426426743,"Nb_vs_On","On higher"
"acap1",6.84338528117056,-6.3113287657527,3.79968949117956,0.000857163557650516,0.00232236975484456,"Nb_vs_On","On higher"
"sec22bb",6.51380415824447,-5.42906973023531,2.99354065948088,0.00085701268740929,0.00232236975484456,"Nb_vs_On","On higher"
"tmem184c",139.966950746331,-5.10416313896238,2.77222440408018,0.000859221277862489,0.00232719585490555,"Nb_vs_On","On higher"
"nostrin",14.6503374291744,-5.24523254538928,2.85946080972684,0.000861846070916146,0.00233355426985272,"Nb_vs_On","On higher"
"cep104",36.0474013221873,-5.30112931358711,2.87526949664918,0.000864702868909519,0.00234053657571715,"Nb_vs_On","On higher"
"tmem120b",32.2194316075915,-5.41630714800155,3.00871615770966,0.000865395948711954,0.00234165962592646,"Nb_vs_On","On higher"
"opn6a",39.7316800352923,-4.98938058519368,2.70864143077708,0.000866572239985332,0.00234408904762099,"Nb_vs_On","On higher"
"pnpla2",11.4850503393968,-5.46963067087139,3.03414603219505,0.000869606515529625,0.00235154116534802,"Nb_vs_On","On higher"
"gsr",14.0302968172455,-6.23895378607853,3.68774082508959,0.000870102490485969,0.00235212677100542,"Nb_vs_On","On higher"
"fli1a",6.86691782698418,-6.19258930091093,3.63894928319455,0.000871069765762401,0.00235398564628825,"Nb_vs_On","On higher"
"rassf8b",4.89707595918762,-5.67271819692297,3.22788760799379,0.000874160327865486,0.00236157947367511,"Nb_vs_On","On higher"
"bmi1a",4.2730141430798,-5.79037023936559,3.30373258066071,0.000874670346613541,0.00236192207575681,"Nb_vs_On","On higher"
"FARP1",6.60210695629174,-5.53187527048913,3.06581674105085,0.0008748483050855,0.00236192207575681,"Nb_vs_On","On higher"
"dock6",5.17465399620542,-5.57881686181272,3.1070957840584,0.000877536283582391,0.00236841950471195,"Nb_vs_On","On higher"
"sema3ab",4.97406936520362,-5.8525816991337,3.3944911331534,0.000878060055145701,0.00236907357186427,"Nb_vs_On","On higher"
"prr5a",4.65291075753764,-6.06574795257535,3.58232688874432,0.00088575857366607,0.00238907903656552,"Nb_vs_On","On higher"
"p2ry13",4.05788152107192,-5.93423042955282,3.48402532523279,0.000887965504714933,0.00239426445185468,"Nb_vs_On","On higher"
"isca2",4.06511305643544,-5.59753969663552,3.15787922452231,0.000888660054503211,0.00239475554778253,"Nb_vs_On","On higher"
"gipc2",455.696372174181,-5.35820958074627,2.95769604118662,0.000888716599105802,0.00239475554778253,"Nb_vs_On","On higher"
"bicd2",6.45671675484943,-5.76675058243324,3.26351265651101,0.000890087994115595,0.00239768343502882,"Nb_vs_On","On higher"
"zmp:0000000524",4.99168700288533,-5.64692001419097,3.18713629178687,0.00089060523156444,0.00239830928960635,"Nb_vs_On","On higher"
"CYTL1",11.0985999702254,-5.91636930977215,3.42184368009902,0.000893015002656085,0.00240402951466547,"Nb_vs_On","On higher"
"vps4a",153.102563516917,-5.18207242554486,2.81261062680445,0.000896236899928877,0.00241193165716154,"Nb_vs_On","On higher"
"plcd4b",6.14271575796652,-6.07211238973153,3.59628889195405,0.000897134549962217,0.0024135757882972,"Nb_vs_On","On higher"
"zbtb3",79.2741435963282,-4.95243648533984,2.7365942306739,0.000898344326183238,0.0024160583187893,"Nb_vs_On","On higher"
"zgc:92335",61.0732440715915,-5.54065275433792,3.09302332439522,0.000898830806826643,0.00241659461254126,"Nb_vs_On","On higher"
"gmps",4.60061777312827,-6.08385585410366,3.61874689237447,0.00090105426402312,0.00242049370005502,"Nb_vs_On","On higher"
"lgals3a",70.273679348243,-5.71909332751698,3.1941502366069,0.000901143651220295,0.00242049370005502,"Nb_vs_On","On higher"
"ppifb",126.521611376068,-5.2983581968022,2.8796530215184,0.000900808858381823,0.00242049370005502,"Nb_vs_On","On higher"
"vsnl1b",10.6428032346493,-5.65994869239804,3.20903589478796,0.000904171012115213,0.00242785058372755,"Nb_vs_On","On higher"
"ppp1r10",3.66828803628321,-5.57634005608041,3.16684031404673,0.000906492156012345,0.00243330706929589,"Nb_vs_On","On higher"
"xpo4",6.63910876834857,-5.21845383988432,2.8705941508149,0.000908238625811204,0.00243721796368464,"Nb_vs_On","On higher"
"ackr4b",6.19984327609224,-6.08620864185059,3.5981869731904,0.000911016146036131,0.00244389226173746,"Nb_vs_On","On higher"
"tspy",6.27116091876561,-5.4576048505178,3.0727578735297,0.000916207506024785,0.00245703561188807,"Nb_vs_On","On higher"
"rbmx",4.21866061047461,-5.81593263195652,3.36269756396527,0.000917171832393228,0.00245883837104656,"Nb_vs_On","On higher"
"crbn",4.96967604570764,-5.42507387528388,3.03919753316382,0.000917538522651212,0.00245903829470802,"Nb_vs_On","On higher"
"ATG2A",5.15672924062492,-6.13608388217864,3.68108138332255,0.000918095081767963,0.00245974678495312,"Nb_vs_On","On higher"
"pdzd8",7.07660544178437,-5.72069635159594,3.26515073261898,0.000918722481529537,0.00246064455918411,"Nb_vs_On","On higher"
"sin3b",7.04736384996399,-5.31939887156342,2.94960186149015,0.000920142075712823,0.00246366284775781,"Nb_vs_On","On higher"
"hebp2",5.82640621534335,-5.54804081307668,3.15763558241307,0.000920558423651258,0.0024639938983454,"Nb_vs_On","On higher"
"dachb",4.65745904325733,-5.89191750573736,3.4552809794383,0.00092389680626556,0.00247214345681611,"Nb_vs_On","On higher"
"parietopsin",10.3413200771444,-0.720820674396926,1.4600315518774,0.000925850111236412,0.00247658285236356,"Nb_vs_On","On higher"
"zfyve1",99.2112191572822,3.13020970420673,1.18524585835841,0.000927112102102285,0.00247917079907784,"Nb_vs_On","Nb higher"
"thop1",6.5715883080485,-6.25862144028554,3.83048833868421,0.000927432056862814,0.00247923882333159,"Nb_vs_On","On higher"
"MYH6",9.42607057032255,5.70058369122419,2.95084793001496,0.000928923080178284,0.00248243634569549,"Nb_vs_On","Nb higher"
"si:ch211-137a8.4",129.985849851045,-2.73244583734263,1.15863594230675,0.000930291314431771,0.00248530380351845,"Nb_vs_On","On higher"
"six7",4.88309443116869,-5.65976964710028,3.27859672929913,0.000931342822248189,0.00248732356525547,"Nb_vs_On","On higher"
"syap1",5.62905275192562,-6.25125225838007,3.86944044501778,0.000933708072850472,0.00249284952656368,"Nb_vs_On","On higher"
"rhot1b",5.40899369913731,-5.97193921920816,3.54889854309738,0.000935004955999849,0.00249552051984995,"Nb_vs_On","On higher"
"calr",4.70674168786884,-5.48750321300622,3.13389730720308,0.000935933592689519,0.0024972072847101,"Nb_vs_On","On higher"
"neil1",125.061898619415,-4.88825444443896,2.6796854847942,0.000936320985518063,0.00249744932068791,"Nb_vs_On","On higher"
"vps36",16.2898178710301,-5.55702372059521,3.15483546467518,0.00093748109707752,0.00249896006181082,"Nb_vs_On","On higher"
"wdr76",6.5540224909192,-5.49662664848226,3.12785095357718,0.000937292530107871,0.00249896006181082,"Nb_vs_On","On higher"
"C5orf15",5.34803584591026,-5.72025876542684,3.29750034526398,0.00094152488531078,0.00250828704851826,"Nb_vs_On","On higher"
"mical3a",5.94204084460406,-5.48289485099832,3.0997335250129,0.000941576036269626,0.00250828704851826,"Nb_vs_On","On higher"
"naprt",5.80925210599316,-5.93855081623087,3.61762905137612,0.000944339859366829,0.0025144746006297,"Nb_vs_On","On higher"
"tfpi2",6.62227594837636,-5.91213214434717,3.4702081747335,0.000944496161462476,0.0025144746006297,"Nb_vs_On","On higher"
"dag1",8.25061538697111,-5.67524616073724,3.27096184665468,0.000946832002993828,0.00251926008410198,"Nb_vs_On","On higher"
"mxi1",5.5316159349154,-5.31900935727147,2.9718998503201,0.000946892243537498,0.00251926008410198,"Nb_vs_On","On higher"
"si:dkey-222f8.3",7.65184440084744,-6.23226044561435,3.78833402898487,0.000948340095872663,0.00252151829660647,"Nb_vs_On","On higher"
"gabra6a",11.1754344654768,-5.84706770050369,3.42353025502569,0.00094816847914513,0.00252151829660647,"Nb_vs_On","On higher"
"rwdd1",6.92757365052236,-5.74349504550904,3.2893602599247,0.000953001805213875,0.00253311310271247,"Nb_vs_On","On higher"
"SNX14",132.089157106095,-5.63227282201139,3.21221561803257,0.000958368735079325,0.0025465744987051,"Nb_vs_On","On higher"
"dhx38",4.61011454919717,-5.90771983770416,3.49622940845524,0.00096076112974856,0.00255212596725257,"Nb_vs_On","On higher"
"map1lc3b",13.7827494045086,-5.46406578178332,3.053674021534,0.000963295154533059,0.00255805003497138,"Nb_vs_On","On higher"
"si:ch211-125m10.6",157.837260621688,-2.23577655878683,0.875599337401479,0.000964574968007388,0.00256064083276133,"Nb_vs_On","On higher"
"ddx20",78.0280529479202,-5.28859203523242,2.93810333528917,0.000965088851848482,0.0025611973375979,"Nb_vs_On","On higher"
"pkd1a",5.95957263486931,-5.8216461187457,3.40684143294127,0.000965478780858952,0.00256142463828259,"Nb_vs_On","On higher"
"si:dkey-74k8.3",6.14517813974124,-6.11848096730823,3.74821750007543,0.000966190473666891,0.00256250516929045,"Nb_vs_On","On higher"
"rfx7b",6.38397023586447,-5.78446424237638,3.382615377187,0.000969263504383192,0.00256959463233373,"Nb_vs_On","On higher"
"nus1",146.029356095906,-5.19190796476186,2.85621219977536,0.000969474049927763,0.00256959463233373,"Nb_vs_On","On higher"
"ccdc93",4.28994776503408,-5.64079098458915,3.27523577407256,0.000972450451299471,0.00257667230061031,"Nb_vs_On","On higher"
"vipas39",15.1060636496665,-5.42384418629623,3.04707180554601,0.000973353792653963,0.00257825431924514,"Nb_vs_On","On higher"
"TTC28",6.46398584236975,-5.96246113920937,3.54241888072739,0.000978122970316119,0.00258925759878022,"Nb_vs_On","On higher"
"acaa2",24.3723462043917,-5.88942588629736,3.48258820386363,0.000977890231695962,0.00258925759878022,"Nb_vs_On","On higher"
"bin3",312.831166655314,-5.1827564133702,2.87072251016403,0.000980812983219769,0.00259556230516945,"Nb_vs_On","On higher"
"opn1sw2",21.8582950903069,-5.7782220040516,3.40641408044856,0.000981151437658876,0.00259564198686751,"Nb_vs_On","On higher"
"EIF5AL1",127.592667545563,-5.26212144496801,2.91533884879703,0.000982106169301606,0.00259735147131037,"Nb_vs_On","On higher"
"larp6a",18.0856243389061,-5.23543095527025,2.92753475920104,0.000982953860558903,0.00259877688385203,"Nb_vs_On","On higher"
"cnot8",58.5855057711042,-5.16980482051857,2.82567695679198,0.000985504717564315,0.00260470289245099,"Nb_vs_On","On higher"
"adcy2b",5.79866160183395,-5.42406407554013,3.07088063835029,0.000986654157256987,0.0026069223778372,"Nb_vs_On","On higher"
"si:ch211-1a19.3",9.20013872761548,-6.17126350595769,3.80289326928273,0.000987956317275801,0.00260949884417377,"Nb_vs_On","On higher"
"taok1a",4.20763753547003,-5.59082410616887,3.23978609609798,0.000988249265291755,0.00260949884417377,"Nb_vs_On","On higher"
"pim3",7.92406155199835,-5.85291778660509,3.43414635026048,0.000989437956450134,0.00261181834976395,"Nb_vs_On","On higher"
"mapkapk3",3.89309378097001,-5.60164861184615,3.23846650437192,0.00099054459144506,0.00261391986544969,"Nb_vs_On","On higher"
"gfap",6.56912935511213,-5.85392778112095,3.4886381422747,0.000991240746236429,0.00261493719894023,"Nb_vs_On","On higher"
"nfe2l2a",708.45443811375,1.78296977718783,0.619077648952128,0.000991781227348816,0.0026155433495684,"Nb_vs_On","Nb higher"
"gltpd2",1116.2629369664,-4.87453470924237,2.71262529735963,0.000992604853728628,0.00261689560247028,"Nb_vs_On","On higher"
"sema3b",3.99373804555483,-5.74231828913841,3.44034868066083,0.000993133548721795,0.00261746969728869,"Nb_vs_On","On higher"
"acsl4a",80.55224676321,-5.33172982555739,2.95362196424105,0.000998262158453926,0.00263016302030208,"Nb_vs_On","On higher"
"itga10",51.1174937152634,-4.98392688594259,2.78162613044744,0.000999055839522937,0.00263143055604008,"Nb_vs_On","On higher"
"clasp1a",4.87389185522087,-6.05434747001893,3.69030001039201,0.00100167852402442,0.00263751323592043,"Nb_vs_On","On higher"
"snap91b",8.82551859151369,-5.7009711935412,3.33880015306617,0.00100597213907987,0.00264799045239974,"Nb_vs_On","On higher"
"kin",4.82081195910695,-5.62027407342654,3.32187037289052,0.00100736557489573,0.00265082944966311,"Nb_vs_On","On higher"
"cbwd",12.8719143636922,-5.57535780196732,3.21444641125735,0.00100915639193648,0.00265399923327165,"Nb_vs_On","On higher"
"rufy2",10.3522657055133,-5.54824377366871,3.19802740642639,0.00100920070630821,0.00265399923327165,"Nb_vs_On","On higher"
"tenm1",5.33512204534795,-5.50025149885215,3.17687239107681,0.00101007889530508,0.00265547911951223,"Nb_vs_On","On higher"
"ndufs6",25.5900411127066,-5.82045002620056,3.40473694167296,0.00101087542108085,0.00265674345758932,"Nb_vs_On","On higher"
"hhip",7.97483976172352,-0.943114948506738,1.87269845197103,0.00101278312925739,0.00266092646132606,"Nb_vs_On","On higher"
"cfap300",154.961221150749,3.56500066314007,1.3609316387782,0.00101577739383796,0.00266796071804305,"Nb_vs_On","Nb higher"
"cdo1",5.67734782035584,-5.92591050637452,3.61282864870357,0.00101826105848064,0.00267364990339677,"Nb_vs_On","On higher"
"ern1",6.44251337991335,-5.73131686200197,3.34527151186038,0.00102194345058374,0.00268248206018519,"Nb_vs_On","On higher"
"trim69",20.7962164214639,-5.4073949769438,3.06680089240925,0.00102241697726857,0.00268288843972782,"Nb_vs_On","On higher"
"VAV1",7.11195684150607,-5.98363821111258,3.61056116640257,0.00102414442184191,0.00268574696045644,"Nb_vs_On","On higher"
"sec31b",4.24364887048474,-5.60519149046951,3.25110105079849,0.00102410042777046,0.00268574696045644,"Nb_vs_On","On higher"
"dcun1d3",5.21788026738026,-5.36038454079574,3.07852482069582,0.0010284745176052,0.00269626237595781,"Nb_vs_On","On higher"
"ccdc124",3.83106152150637,-5.84001785216413,3.51126958950256,0.00102936479840082,0.00269775618709156,"Nb_vs_On","On higher"
"polr2j",4.21713040148405,-5.54875148428514,3.21177731576921,0.00103018076501771,0.00269905436661036,"Nb_vs_On","On higher"
"zgc:66440",3.63487085140642,-5.42419556458636,3.09441485665444,0.00103126958279776,0.00270106638083121,"Nb_vs_On","On higher"
"atg16l1",9.163853153889,-5.51859082509135,3.16338581521524,0.00103504261359536,0.00271010535653056,"Nb_vs_On","On higher"
"xrcc5",11.5801388547871,-5.46776940388504,3.11254039100681,0.001037571572446,0.00271588230623458,"Nb_vs_On","On higher"
"pde4d",6.05412938844805,-5.62926670040747,3.25996706354026,0.00103990558796598,0.00272114555160012,"Nb_vs_On","On higher"
"iffo2b",6.86819807972277,-5.40344333827927,3.18216426783254,0.00104205906282623,0.00272593324762932,"Nb_vs_On","On higher"
"inpp5d",10.3018259193777,-0.666169966923387,1.386992238278,0.00105025368229202,0.00274651615331911,"Nb_vs_On","On higher"
"manea",7.22297696942644,-5.91617122117239,3.64469712505424,0.00105084217919241,0.00274720169703158,"Nb_vs_On","On higher"
"arih1",8.57609809574429,-5.33431911589796,3.02938010606126,0.00105413665084828,0.00275495880994747,"Nb_vs_On","On higher"
"otud6b",3.45326807718986,-5.53726082237978,3.23584351676347,0.00105571529982759,0.00275822824144899,"Nb_vs_On","On higher"
"zgc:86609",182.452836713466,-5.40952065348293,3.04416835311163,0.00105699123450905,0.00276070499909935,"Nb_vs_On","On higher"
"naa35",7.91623048419464,-5.33334153187991,3.06460589911113,0.00106194812502292,0.00277279135125402,"Nb_vs_On","On higher"
"pdgfba",5.82916077862517,-5.67532369409862,3.33267288785184,0.00106551791636519,0.00278124955657743,"Nb_vs_On","On higher"
"lzts2b",74.3331142791715,-4.99135069469414,2.76218957724681,0.00106835212698128,0.00278778307654322,"Nb_vs_On","On higher"
"cdh5",12.8987153627897,-0.959310838084112,1.91193787117449,0.00107354480137184,0.00280046487076174,"Nb_vs_On","On higher"
"ralaa",13.7873579316657,-5.05439062218119,2.93533054815835,0.00107402370734231,0.002800846210783,"Nb_vs_On","On higher"
"pde4ba",6.94675589454976,-6.05799733596625,3.78465091463919,0.00107623211975806,0.00280472385290828,"Nb_vs_On","On higher"
"slc30a5",14.4911455507799,-5.27245945051311,3.01055115199222,0.00107614652225927,0.00280472385290828,"Nb_vs_On","On higher"
"etnppl",1369.09053300624,-5.03388428010259,2.83229590306221,0.00107651018873208,0.00280472385290828,"Nb_vs_On","On higher"
"jag1b",7.60869113487329,-5.72354173281981,3.41880680429969,0.00107940862222259,0.00281077085661394,"Nb_vs_On","On higher"
"phactr4b",4.44086877181952,-5.64490419293257,3.36704495769779,0.00107949895217782,0.00281077085661394,"Nb_vs_On","On higher"
"dbnlb",8.25295649409415,-5.76385758207254,3.46070211429252,0.00108145268714785,0.00281435611545443,"Nb_vs_On","On higher"
"atp2c1",5.80308627505696,-5.538466628043,3.23943542021535,0.00108154455137742,0.00281435611545443,"Nb_vs_On","On higher"
"hey1",6.57925755270304,-5.60942533933336,3.29628794787988,0.00108199979113961,0.00281467065569011,"Nb_vs_On","On higher"
"eml3",7.45393366320203,-5.61825815319834,3.27377399762269,0.00108352026583053,0.00281775520474557,"Nb_vs_On","On higher"
"cntn3a.1",6.25772974178838,-5.35276777003445,3.08001675406956,0.00108568425578323,0.00282163941499946,"Nb_vs_On","On higher"
"parp1",4.88007752946711,-5.25041595061805,3.01774621357822,0.00108542135407486,0.00282163941499946,"Nb_vs_On","On higher"
"lrfn4b",13.4122361786986,-5.29468706445655,3.0382812826992,0.00108994129496599,0.00283182895710608,"Nb_vs_On","On higher"
"abhd13",28.3148950807246,-5.07139913527183,2.9054525830669,0.00109100576536653,0.0028337200039665,"Nb_vs_On","On higher"
"pfkfb3",3.85603111067733,-5.49575621257572,3.21934078593709,0.00109496380775811,0.00284312317511036,"Nb_vs_On","On higher"
"dbpa",4.65594453816273,-5.39983871206092,3.16678347982521,0.00109640633400856,0.00284599090955412,"Nb_vs_On","On higher"
"pdxdc1",4.4169269339672,-5.42738225242078,3.17799650637371,0.0010971546298212,0.00284617801967177,"Nb_vs_On","On higher"
"pcsk5b",3.68544301777465,-5.18670384715961,3.00931407614585,0.00109706716313677,0.00284617801967177,"Nb_vs_On","On higher"
"sh3bp5a",7.61568738775921,-0.807431967621286,1.59433888793198,0.00109763747480424,0.0028465533773574,"Nb_vs_On","On higher"
"NEK9",5.30758532905995,-5.43017222622194,3.13236075219447,0.00109915674804485,0.00284961549277534,"Nb_vs_On","On higher"
"pde3b",4.57945510203974,-5.44906114724711,3.17045411922912,0.00110080265845457,0.00285300393438134,"Nb_vs_On","On higher"
"mfhas1",7.68171783622212,-5.18936690502378,2.94238324648991,0.00110131783616231,0.0028534606170558,"Nb_vs_On","On higher"
"numb",3.53547283701441,-5.27368103175984,3.0506727223879,0.00110271801991699,0.00285620932051113,"Nb_vs_On","On higher"
"rrbp1a",3.88424815320293,-5.58362422675453,3.30834364626138,0.00110482104929799,0.00286077625130436,"Nb_vs_On","On higher"
"ALX4",7.14026262429577,-1.17934832769517,2.68398705841677,0.00110556622986028,0.00286182549906638,"Nb_vs_On","On higher"
"lrrc57",8.88000811626302,-5.44006507151139,3.1300542751071,0.00110848285481134,0.00286849328982535,"Nb_vs_On","On higher"
"CHMP6",14.8345298350684,-5.0093327640423,2.80136076220478,0.00111360577157433,0.00288086459284348,"Nb_vs_On","On higher"
"dab2ipb",5.78954848322669,-5.16109607371411,2.91720147641458,0.00111454242658617,0.00288240188848,"Nb_vs_On","On higher"
"tfe3a",9.30253715727,-5.18856707146158,3.04438368799247,0.00112071497767789,0.00289747502521269,"Nb_vs_On","On higher"
"MEF2D",4.76867764013897,-5.76342428612267,3.51634633391588,0.0011229791159996,0.00290243727309936,"Nb_vs_On","On higher"
"znf292b",6.01521165719608,-5.60955614786466,3.32257776559716,0.00112398456305683,0.0029041442761855,"Nb_vs_On","On higher"
"rasgef1bb",72.8085184054601,-5.32073176317275,3.07501266428942,0.00112648636073636,0.00290971530674399,"Nb_vs_On","On higher"
"wdr13",4.75160644038431,-5.48530812144695,3.27117526101525,0.00112699430428708,0.00291013437223577,"Nb_vs_On","On higher"
"TMEM50B",231.981475637313,-5.14460202554379,2.90056988849309,0.0011273896099876,0.00291026241547857,"Nb_vs_On","On higher"
"larp1b",7.00807378807631,-6.01823067127667,3.85792954831039,0.00112852127913703,0.00291139813906697,"Nb_vs_On","On higher"
"cers5",169.581185712331,-4.99065825415079,2.78933758614804,0.00112832945232566,0.00291139813906697,"Nb_vs_On","On higher"
"GNA12",8.09525660877674,-0.897829191590586,1.76702235244821,0.00113225896384292,0.00292014582035223,"Nb_vs_On","On higher"
"rcan3",5.85869286657452,-5.38536217208411,3.13406957159351,0.00113403093537874,0.00292382003492135,"Nb_vs_On","On higher"
"snrpg",7.00791321786144,-5.59190388642219,3.30342045818561,0.00113676095776575,0.00292996134184694,"Nb_vs_On","On higher"
"sema4ba",23.5996366361539,2.87166969670925,1.13301815989666,0.00113922693415727,0.0029354185282326,"Nb_vs_On","Nb higher"
"ttc7b",7.05234999508116,-5.55659579256376,3.28735116664351,0.00114032342108728,0.00293734472420829,"Nb_vs_On","On higher"
"rgp1",6.49986827544487,-6.10840849481372,4.00389453816247,0.00114233371567192,0.00294162288728241,"Nb_vs_On","On higher"
"fbxo45",6.15184206371922,-5.13804653891818,2.97081083869184,0.00114681197735683,0.00295225175088373,"Nb_vs_On","On higher"
"cmc1",5.77412435232963,-5.56540516043285,3.31467301347086,0.00114838552282217,0.00295539875607368,"Nb_vs_On","On higher"
"tpd52",7.6468432134114,-5.58330027100554,3.3401929822351,0.00115062888024267,0.00296026708859498,"Nb_vs_On","On higher"
"smim4",122.524261014884,2.73447267830878,1.09524241235552,0.0011527798610064,0.00296489485791379,"Nb_vs_On","Nb higher"
"zgc:153018",6.30794660560826,-5.49384724503738,3.25747205956401,0.00115537668295717,0.00297066613229488,"Nb_vs_On","On higher"
"RTKN",76.0873569173773,-4.84540834221674,2.70629828043956,0.00115733693702239,0.00297479765980288,"Nb_vs_On","On higher"
"foxo6b",5.28778260413871,-5.28946944876227,3.14448284070561,0.00115869936881006,0.00297739050263831,"Nb_vs_On","On higher"
"hpgd",180.655140374715,-5.1063439776529,2.88078076848144,0.00116037667294356,0.00298079061118062,"Nb_vs_On","On higher"
"rgn",143.890018826037,3.91555268070889,1.59437448495714,0.0011664218454012,0.00299540545899552,"Nb_vs_On","Nb higher"
"cobl",6.61820198999522,-5.06124015275539,2.87898682452383,0.00116875561819495,0.00300048331624431,"Nb_vs_On","On higher"
"ncf4",4.6893461460222,-5.54076571005796,3.31703805964041,0.00117031293101229,0.00300264987907999,"Nb_vs_On","On higher"
"nfrkb",8.71136000700229,-5.09058970240609,2.93389521869656,0.00116996988652277,0.00300264987907999,"Nb_vs_On","On higher"
"sptlc2b",4.4249508252564,-5.6234952860973,3.41589350579786,0.00117288560213497,0.00300833363765148,"Nb_vs_On","On higher"
"ruvbl2",5.42625820848905,-5.25414424210366,3.08694081036014,0.00117558761185335,0.0030143455731287,"Nb_vs_On","On higher"
"lamb2",4.99919938980293,-5.94071955801345,3.79907193415048,0.00117828493133181,0.00302034182458928,"Nb_vs_On","On higher"
"clec16a",7.12434836575455,-5.56707225321267,3.36547340871682,0.00118135715518693,0.00302729513922787,"Nb_vs_On","On higher"
"clip3",6.97613218653355,-5.67625026958318,3.49116728628179,0.0011841410826692,0.00303258279096724,"Nb_vs_On","On higher"
"ube2e2",5.98599655292358,-5.40786597260624,3.15334906971051,0.00118397962841482,0.00303258279096724,"Nb_vs_On","On higher"
"fscn2a",5.90281694520833,-5.37416611006121,3.17523825897745,0.00118460706630723,0.00303285349275373,"Nb_vs_On","On higher"
"sfrp1a",9.73695807966388,-0.714969018001361,1.45043936119857,0.00118498084279202,0.00303288803120195,"Nb_vs_On","On higher"
"FLNB",5.25078360399379,-5.9393448227891,3.84597586761432,0.00118753267596361,0.00303849546086981,"Nb_vs_On","On higher"
"col10a1b",47.785597599985,-4.78798912195053,2.73221335850868,0.00118963463330862,0.00304294875210938,"Nb_vs_On","On higher"
"CPZ",11.1305267482208,-0.599779238961891,1.31019264138438,0.00119027872357933,0.00304367141406161,"Nb_vs_On","On higher"
"cbll1",4.76857456077953,-5.61440580940188,3.41417542475608,0.00119292275465745,0.00304950614901501,"Nb_vs_On","On higher"
"map3k22",8.48363704857546,-0.995767771949707,2.00411458092255,0.00119684461080601,0.00305860289428203,"Nb_vs_On","On higher"
"nbr1a",4.42531831973844,-5.79127380107075,3.65710698100923,0.00120022731501206,0.00306631670342079,"Nb_vs_On","On higher"
"f2",23.284875956895,4.17862254206926,1.63316283917641,0.00120084610301297,0.00306696677644513,"Nb_vs_On","Nb higher"
"rnf19b",5.61697114319723,-5.18674979613693,3.0700613807701,0.00120436575364045,0.00307502302521848,"Nb_vs_On","On higher"
"nudcd1",6.69097505096036,-5.78695431637302,3.58474185471114,0.00120503602635562,0.00307580147661055,"Nb_vs_On","On higher"
"zgc:110591",10.2428352633527,-6.02847015375119,3.9879895950325,0.00120607980025121,0.00307753251243245,"Nb_vs_On","On higher"
"snx24",80.0838522788031,2.74818480186573,1.07973648264051,0.00120907037258775,0.00308422860498294,"Nb_vs_On","Nb higher"
"slc16a13",5.70210860642686,-5.70486271964573,3.54182954169456,0.00121007925644909,0.00308493251992382,"Nb_vs_On","On higher"
"rhbdf1a",24.0916763316067,-5.58215863743477,3.34718573069945,0.00120980744733431,0.00308493251992382,"Nb_vs_On","On higher"
"rhobtb2a",5.53407787183236,-5.92488320156944,3.88154992153948,0.0012125064419194,0.00309018444688996,"Nb_vs_On","On higher"
"TGFB1I1",6.90070768988142,-5.83134120129054,3.63126790938214,0.00121461762770844,0.00309462808415546,"Nb_vs_On","On higher"
"homer2",9.37109925368235,-5.45559329234908,3.30958506921619,0.00122018720621994,0.00310787773130392,"Nb_vs_On","On higher"
"fam171a2b",5.21859294115182,-5.00783309576623,2.87328184888585,0.00122087043005691,0.00310867733823929,"Nb_vs_On","On higher"
"ube2v1",4.89719996549985,-5.57652856727699,3.40730344221052,0.00122156080526826,0.00310949466548176,"Nb_vs_On","On higher"
"FGFR1",5.68020741282826,-5.97641262889993,3.94950193549894,0.00122343345271989,0.00311332007406167,"Nb_vs_On","On higher"
"RABGAP1L",41.1730618354365,-5.68914237932382,3.48498886246656,0.00122390584007009,0.00311358094944394,"Nb_vs_On","On higher"
"adgrl4",5.52067728114712,-5.97105191912218,3.90760612299742,0.00122520754059033,0.003115950778456,"Nb_vs_On","On higher"
"ash2l",5.458099977468,-5.1514701748419,2.9806785331781,0.00122585982421525,0.00311666807618363,"Nb_vs_On","On higher"
"usp20",4.77456472311454,5.91681902059371,3.16877473698725,0.00122673866659796,0.00311796077760316,"Nb_vs_On","Nb higher"
"dusp12",4.57362931360254,-5.84858243948339,3.88714630948605,0.00122871384843874,0.00312088294764779,"Nb_vs_On","On higher"
"si:dkey-183j2.10",791.799974860173,-5.39106790161536,3.15208843509493,0.00122873149687895,0.00312088294764779,"Nb_vs_On","On higher"
"zfpm2a",59.8515233328313,3.75498697928004,1.52480638400367,0.00122900059057406,0.00312088294764779,"Nb_vs_On","Nb higher"
"zc3h7a",33.4974263392023,-5.07363411283386,2.87737828637147,0.00123074441613597,0.00312436866557074,"Nb_vs_On","On higher"
"irak4",391.284860676176,2.59781083209185,1.00472432588579,0.00123806632250053,0.00314200853265283,"Nb_vs_On","Nb higher"
"keap1b",4.84969801557357,-5.68322223512765,3.53771738382163,0.00123937230688072,0.00314342756231453,"Nb_vs_On","On higher"
"nsfl1c",5.4426417087018,-5.55990132489145,3.34682760248322,0.00123936871679924,0.00314342756231453,"Nb_vs_On","On higher"
"shc1",6.10906119620496,-5.5733968635057,3.35407840862515,0.00124094990976917,0.0031464808254328,"Nb_vs_On","On higher"
"lmo2",5.74422634693467,-5.41730704011661,3.23351978411479,0.00124197287548124,0.00314812636729934,"Nb_vs_On","On higher"
"MAMDC2",68.204430061285,-5.29620784061123,3.13578135987009,0.00125063256728739,0.00316912250193416,"Nb_vs_On","On higher"
"sass6",631.616842215965,-5.90553368182502,3.7471822559379,0.0012535300369639,0.0031755088327301,"Nb_vs_On","On higher"
"sema4ab",4.87283017233932,-5.05501042939159,2.95636120499002,0.00125717619493291,0.00318378736731205,"Nb_vs_On","On higher"
"gdf6a",5.98506512190974,-5.41668828883511,3.37755580915408,0.00125981906241159,0.00318952086237015,"Nb_vs_On","On higher"
"chp2",12.1760579035805,-5.90470706576086,3.84014002129232,0.00126026169938075,0.00318968219644832,"Nb_vs_On","On higher"
"kif1ab",6.15967517619019,-5.40976816128732,3.26509937281069,0.00126451259279848,0.0031994791121664,"Nb_vs_On","On higher"
"htatsf1",4.47288507018314,-5.73583684109544,3.62728811392516,0.00126505824819894,0.00319989793670033,"Nb_vs_On","On higher"
"khdrbs1b",4.08449537862831,-5.57257061298795,3.44883546794379,0.00126636464518199,0.00320224018718595,"Nb_vs_On","On higher"
"tmem88b",21.0569934981195,-5.67917348279821,3.4724264162623,0.00126732105940483,0.00320369629972067,"Nb_vs_On","On higher"
"epha4b",4.17539055752238,-5.698953619366,3.64564796660476,0.001272216834727,0.00321510696929806,"Nb_vs_On","On higher"
"angptl3",120.528788161699,2.40053758079659,0.925047798831789,0.0012746482520439,0.00322028480963552,"Nb_vs_On","Nb higher"
"ccdc97",3.45537543925722,-5.19767310926957,3.08558285309097,0.00127607935254124,0.00322293309021667,"Nb_vs_On","On higher"
"faah2b",129.085186852165,-5.04903232590707,2.95439103875494,0.00127693333578502,0.00322412262166716,"Nb_vs_On","On higher"
"lsm11",4.85371404244087,-5.17865462919753,3.10788174414123,0.00127819189055557,0.00322568988907417,"Nb_vs_On","On higher"
"PCLO",6.48858977745483,-1.13980357199641,2.48950718783832,0.00127832044071649,0.00322568988907417,"Nb_vs_On","On higher"
"smarcc2",5.54256498874998,-5.33656645575963,3.22611744059515,0.00128126483344847,0.00323215084446185,"Nb_vs_On","On higher"
"rnf114",5.44638916106219,-5.38414963948457,3.26008800833545,0.00128734154301625,0.00324262151678958,"Nb_vs_On","On higher"
"avl9",3.98232003283313,-5.27765811988175,3.20797821022764,0.0012861411849851,0.00324262151678958,"Nb_vs_On","On higher"
"sacm1la",4.32768509742292,-5.17851698435049,3.08725566037658,0.00128714986275883,0.00324262151678958,"Nb_vs_On","On higher"
"nomo",5.44602041154047,-4.99889814885158,2.90925010843708,0.00128673991378206,0.00324262151678958,"Nb_vs_On","On higher"
"zgc:175214",101.982005120607,-4.91079040179486,2.76782352078762,0.00128656157978371,0.00324262151678958,"Nb_vs_On","On higher"
"zgc:162730",9.23952043062425,-5.83568560298895,3.77123442995739,0.0012882995433544,0.00324406388153077,"Nb_vs_On","On higher"
"scara3",5.1094400490299,-5.58994787277986,3.504666659028,0.00129293235381047,0.0032547561466437,"Nb_vs_On","On higher"
"slc6a15",30.526332781224,-5.11920973532354,2.99052607077062,0.00129708520309321,0.00326423415235833,"Nb_vs_On","On higher"
"scyl3",11.0727450715936,-5.46848724247968,3.29844456127369,0.00129894347330482,0.00326659962965551,"Nb_vs_On","On higher"
"dync1li2",4.71047155618207,-5.07406394675394,2.97200427375608,0.0012986337796691,0.00326659962965551,"Nb_vs_On","On higher"
"twsg1a",6.01377184105636,-0.987907868044482,1.97832874147244,0.00129918930388295,0.00326659962965551,"Nb_vs_On","On higher"
"CDH4",5.3870962155733,-5.27266652338332,3.20297428314572,0.00130101710449486,0.00326878493753495,"Nb_vs_On","On higher"
"cntn1b",4.44571650887225,-5.23678097285246,3.17644396279175,0.00130123437689556,0.00326878493753495,"Nb_vs_On","On higher"
"skila",7.51469553608591,-5.16423961817824,3.0394639151488,0.00130139221062558,0.00326878493753495,"Nb_vs_On","On higher"
"atp5f1e",8.02274542835469,-5.01449061907435,2.94275622638904,0.00130199998759262,0.00326878493753495,"Nb_vs_On","On higher"
"recql5",6.15689356547844,-4.95342786021197,2.91394691901571,0.00130181699633157,0.00326878493753495,"Nb_vs_On","On higher"
"fam126a",4.13147450394986,-5.45389406592628,3.34347134518837,0.00130270167656289,0.0032695714708725,"Nb_vs_On","On higher"
"nfkbiaa",8.45057787231585,-0.678034687749217,1.40075104351454,0.00130314415100788,0.00326970714252887,"Nb_vs_On","On higher"
"foxo1a",5.01344017451019,-5.83924079785716,3.86767105400043,0.00130367321942278,0.0032700599407333,"Nb_vs_On","On higher"
"ano2a",4.11276173441638,-5.38195241474775,3.28578967809187,0.00131138043681986,0.0032884124269138,"Nb_vs_On","On higher"
"zeb1b",5.31120304163729,-5.20803639582642,3.13069167548973,0.00131243245663316,0.00329007040498451,"Nb_vs_On","On higher"
"yeats4",4.99653153486052,-5.59539732152245,3.49598002641812,0.0013143753335111,0.00329395997543807,"Nb_vs_On","On higher"
"thbs2a",6.34226307377321,-0.859991751028559,1.68731222618951,0.00131989193575126,0.00330680068903396,"Nb_vs_On","On higher"
"sik3",4.90024172328679,-5.65554020472003,3.6438342940144,0.0013248168993927,0.00331716497890771,"Nb_vs_On","On higher"
"GPATCH2L",7.54708427668959,-4.93460309802314,2.90956091933162,0.00132463992350211,0.00331716497890771,"Nb_vs_On","On higher"
"myd88",6.39522973172406,-6.01543037620336,4.18565197810561,0.00132547457149433,0.00331782484176011,"Nb_vs_On","On higher"
"myo1ea",5.10823138227632,-5.76779515597777,3.78333694340492,0.00132780314687204,0.00332183489042116,"Nb_vs_On","On higher"
"JUND",3.89958951646877,-5.17745868375054,3.15278010362476,0.00132786581210112,0.00332183489042116,"Nb_vs_On","On higher"
"f5",5.03019690189867,-5.27771446870149,3.18663098480494,0.00133039376765906,0.00332619939172036,"Nb_vs_On","On higher"
"pcyox1",7.30647257577393,-5.10121794306253,3.01127595846492,0.00133040073080571,0.00332619939172036,"Nb_vs_On","On higher"
"rnf220a",4.92993719808839,-5.32867313259378,3.21303200898074,0.00133127139396249,0.0033273879436984,"Nb_vs_On","On higher"
"sh3gl2a",9.58777602237585,-6.0400144409702,4.29373507869269,0.00133253970118523,0.00332956936912356,"Nb_vs_On","On higher"
"aagab",224.175508921881,2.37564187059248,0.906805973648443,0.00133331093794929,0.00333050785627808,"Nb_vs_On","Nb higher"
"CPEB4",4.94891462418849,-5.38215742942063,3.31006620223266,0.00133447645706302,0.00333144211611995,"Nb_vs_On","On higher"
"dnm2b",136.740578222554,-5.04291211172818,2.9298493603366,0.00133440485508941,0.00333144211611995,"Nb_vs_On","On higher"
"atp5pf",4.76583335688169,-5.51247483514723,3.41722360997355,0.00133498584052369,0.00333172570575998,"Nb_vs_On","On higher"
"plxnb3",4.54025670376865,-5.46416466305347,3.37238128117981,0.00133544733381587,0.0033318896431719,"Nb_vs_On","On higher"
"C14orf28",19.1614889383986,-4.82993630589625,2.83567293424405,0.00133653779310929,0.00333362226441303,"Nb_vs_On","On higher"
"nrtn",6.54327352310196,-5.69830592555916,3.8113301072035,0.0013395093306103,0.0033400442965277,"Nb_vs_On","On higher"
"slc5a2",111.413300196555,-5.23267264151824,3.19023022471162,0.00134122498082809,0.00334234218135312,"Nb_vs_On","On higher"
"tmem170b",15.4329829605247,-4.85093167163794,2.81752519640768,0.00134117738800161,0.00334234218135312,"Nb_vs_On","On higher"
"sbno1",5.73189309821402,-5.3072409830666,3.1723720189818,0.00134710667024564,0.00335600590415147,"Nb_vs_On","On higher"
"ptgdsb.1",135.500583305695,-3.56378237630699,2.14497341592778,0.00135006063166556,0.00336236994004754,"Nb_vs_On","On higher"
"ints6l",4.31836103559061,-5.1924152014261,3.11544702355553,0.0013564523259987,0.00337728946473146,"Nb_vs_On","On higher"
"ap5z1",126.712201881243,-4.96397497659758,2.8438923182932,0.00135783430381582,0.00337973068288633,"Nb_vs_On","On higher"
"clstn3",14.5717246394642,-5.69844656950273,3.66460506223162,0.00136248556757231,0.00339030550039128,"Nb_vs_On","On higher"
"naa30",179.48013852115,-4.69962844691602,2.73131188026344,0.0013650297282672,0.00339563246233845,"Nb_vs_On","On higher"
"si:ch211-256e16.3",9.73093195399197,-5.02116351234128,2.9476184566836,0.00136699209820484,0.00339950944835696,"Nb_vs_On","On higher"
"raf1a",5.64399170031513,-5.47370971600722,3.43751203214556,0.00137035108830628,0.00340685630873073,"Nb_vs_On","On higher"
"dnajc3b",236.906861933322,-4.92989417398847,2.8171746335207,0.00137458995769537,0.00341638566987885,"Nb_vs_On","On higher"
"sirt4",11.2384507323479,5.89081055693209,2.60243731805868,0.00137773061214555,0.00342318072403814,"Nb_vs_On","Nb higher"
"srpk3",5.46113176337867,-5.65115619440183,3.80264626152253,0.00137836515472968,0.00342374679035539,"Nb_vs_On","On higher"
"pde6d",7.06142860308244,-5.20658104121742,3.16639303179643,0.0013808943473892,0.00342901729095053,"Nb_vs_On","On higher"
"phf14",4.58936113889816,-5.63486069513864,3.63370370597293,0.00138245998290702,0.00343088093635357,"Nb_vs_On","On higher"
"tmod2",5.93929136966738,-5.17614357990308,3.09522532704891,0.00138221265263911,0.00343088093635357,"Nb_vs_On","On higher"
"tmeff2a",5.10182877408149,-5.43012391845017,3.35497094119954,0.00138401760340377,0.00343373421321926,"Nb_vs_On","On higher"
"nnt",5.97259772771942,-5.20249745017981,3.12586512300616,0.00139068319098694,0.00344925489149324,"Nb_vs_On","On higher"
"si:dkey-194e6.1",8.82168385979418,-5.60681647520716,3.61112295423314,0.00139364124343431,0.0034555734866657,"Nb_vs_On","On higher"
"eif4g2a",4.91049657103108,-5.61937567096497,3.66620527289153,0.001396886530108,0.00346092443188257,"Nb_vs_On","On higher"
"casp9",4.97455114517038,-5.34739349368178,3.32633657741121,0.00139684666155243,0.00346092443188257,"Nb_vs_On","On higher"
"n4bp1",5.52715738618068,-5.23427556323079,3.13311080782605,0.00139703269417165,0.00346092443188257,"Nb_vs_On","On higher"
"fbxo22",3.58942048576318,-5.4654872965192,3.49002633709034,0.00139823041600757,0.00346185401233874,"Nb_vs_On","On higher"
"chchd6b",3.31247234752914,-5.24053750421097,3.22570817232286,0.00139791962932532,0.00346185401233874,"Nb_vs_On","On higher"
"dhx29",41.0575508074321,-5.25356709042699,3.30206243121832,0.00140072464235133,0.00346700971458792,"Nb_vs_On","On higher"
"hip1rb",4.63141547336822,-5.20006434106895,3.10797851370976,0.00140416435166973,0.00347450191427273,"Nb_vs_On","On higher"
"srpk1b",4.29992824851512,-5.11979329309325,3.09353437370062,0.00140724182270258,0.00348109364193663,"Nb_vs_On","On higher"
"ptpn23a",6.23885170420386,-5.92871144736548,4.23040237590498,0.00140841488039655,0.00348297193395363,"Nb_vs_On","On higher"
"pikfyve",5.15786444391701,-5.51301825589183,3.49403246462967,0.00141018656799094,0.00348326013185085,"Nb_vs_On","On higher"
"c1qtnf6a",4.73295918679285,-5.46648103466101,3.49156234008449,0.00140907567322776,0.00348326013185085,"Nb_vs_On","On higher"
"mknk2b",9.25849136765416,-5.31975686063324,3.24944976188156,0.00141015803356867,0.00348326013185085,"Nb_vs_On","On higher"
"actr6",6.09417122657265,-5.26011679659506,3.21922690440088,0.00140948495665681,0.00348326013185085,"Nb_vs_On","On higher"
"ranbp9",5.72562429678813,-0.909853840231279,1.78745154096398,0.00141219705953537,0.00348720294724809,"Nb_vs_On","On higher"
"hivep1",4.21960466435507,-5.29499272064558,3.24774910145992,0.00141367218421842,0.00348982183189168,"Nb_vs_On","On higher"
"dcn",145.722482254608,-3.18341787941811,1.69826414159496,0.0014140951500865,0.00348984256037179,"Nb_vs_On","On higher"
"fbxo8",4.29054819921462,-5.06798019722126,3.06524677123418,0.00141572045220988,0.00349282965026458,"Nb_vs_On","On higher"
"g6pc3",181.72186420157,-4.84666297850515,2.89016959950935,0.00141709567676877,0.0034951981854789,"Nb_vs_On","On higher"
"asxl1",11.4048467441204,-5.090675945826,3.08020593717491,0.00141867838819583,0.00349807693961115,"Nb_vs_On","On higher"
"dse",3.73985435410696,-5.21198372254639,3.22409858042724,0.0014201513214259,0.00349965861351382,"Nb_vs_On","On higher"
"vps37b",5.32680060554873,-5.1859496389678,3.17486239199845,0.00142009411949268,0.00349965861351382,"Nb_vs_On","On higher"
"olfml2ba",6.67706962812461,-5.68387655425856,3.76239484511351,0.00142330975362516,0.00350641542464636,"Nb_vs_On","On higher"
"m6pr",84.4770768764386,-4.78730737830471,2.84531002267845,0.00142771969131185,0.00351625054460595,"Nb_vs_On","On higher"
"snai1a",6.88584077503837,-5.24143415482105,3.19065143572048,0.00143076955643436,0.00352273124482728,"Nb_vs_On","On higher"
"cxxc1a",4.85383109523159,-5.50843864331062,3.57854802778453,0.00143278516108265,0.00352563153639104,"Nb_vs_On","On higher"
"aspn",8.21512967462676,-0.650292691134283,1.366156330824,0.00143242785221441,0.00352563153639104,"Nb_vs_On","On higher"
"KIF21A",6.25725402096999,-5.48565710526889,3.49266883934704,0.00143350922075766,0.00352638241389186,"Nb_vs_On","On higher"
"orc4",14.9845578306076,-5.122661180259,3.17482220679097,0.00143467690622986,0.00352822383775722,"Nb_vs_On","On higher"
"myo9ab",4.84587695272121,-5.79691777470907,4.0405844685387,0.00143824083940027,0.00353595542817509,"Nb_vs_On","On higher"
"ubash3ba",4.62181493143158,-5.48626490668773,3.48319914416958,0.00143946116248367,0.00353792235497446,"Nb_vs_On","On higher"
"tpp1",4.71580585202144,-5.44789839668247,3.47196605400719,0.0014470653851088,0.00355557396726383,"Nb_vs_On","On higher"
"arhgap36",4.66766088491606,-5.22253611067573,3.27325809995582,0.00144880781182951,0.00355777834305158,"Nb_vs_On","On higher"
"si:ch211-71n6.4",9.74791785385244,-1.13207123871235,2.45341940010573,0.00144872803191428,0.00355777834305158,"Nb_vs_On","On higher"
"ddx27",6.34637106645912,-5.5818544896478,3.56944111966253,0.00145107294745421,0.00356060869541003,"Nb_vs_On","On higher"
"setd7",6.18180329305176,-5.47986317505493,3.47291770070355,0.0014513688502828,0.00356060869541003,"Nb_vs_On","On higher"
"ano10a",10.8013659277668,-5.2487942582879,3.2086328697597,0.0014516522977723,0.00356060869541003,"Nb_vs_On","On higher"
"syt1a",9.01850094927833,-0.869850896507079,1.70521434945859,0.00145120416640972,0.00356060869541003,"Nb_vs_On","On higher"
"ndufc2",2153.54542066509,-5.31215868082196,3.19533797806609,0.00145305243244892,0.00356300477027527,"Nb_vs_On","On higher"
"plpp2a",7.88928140873008,-5.7489418954204,3.82473817087985,0.00145446838475197,0.00356543822447352,"Nb_vs_On","On higher"
"si:ch73-106g13.1",11.0102939004155,5.14252915193566,2.81923236260597,0.00145680032725966,0.00357011503780839,"Nb_vs_On","Nb higher"
"aipl2",10.6628371665887,-5.21538033312579,3.23026292873505,0.00145953784960356,0.00357578277589137,"Nb_vs_On","On higher"
"cldnd1a",5.21003669797366,-5.5649525618889,3.70798111772384,0.00146261094131907,0.00358226910213092,"Nb_vs_On","On higher"
"fam214b",3.78725635431711,-5.44210124783313,3.46376574262045,0.0014635496787984,0.00358352565332314,"Nb_vs_On","On higher"
"cnksr2b",4.00327415047438,-5.34081467043818,3.47728906257164,0.00146747296627909,0.00359208706895533,"Nb_vs_On","On higher"
"C14orf119",14.4985374626554,-5.6070776083575,3.71195721910993,0.0014747655518813,0.00360888849294674,"Nb_vs_On","On higher"
"prpf6",5.07103412958266,-5.79594737685747,4.07520769448933,0.00148459283783036,0.00363165224561094,"Nb_vs_On","On higher"
"atg101",5.31942918230816,-5.1657716950578,3.15183551188632,0.00148493074713624,0.00363165224561094,"Nb_vs_On","On higher"
"ZNF462",5.07037372905306,-5.0675631123498,3.08489340555929,0.00148613685470087,0.0036335463383305,"Nb_vs_On","On higher"
"DMXL1",6.49087875611923,-5.38300417544569,3.37533152541851,0.00148817520720188,0.00363747354652306,"Nb_vs_On","On higher"
"mid1",5.68924606093854,-5.40574695719617,3.42230207826206,0.00149092726377484,0.0036431424401906,"Nb_vs_On","On higher"
"ythdf3",11.5158996419782,-4.73004011822138,2.76679370621608,0.00149142411033312,0.00364329894393041,"Nb_vs_On","On higher"
"zic1",5.32471087837348,-0.968098758748775,1.91910246468827,0.00150599811945892,0.00367783352759072,"Nb_vs_On","On higher"
"nuak2",18.6416802428027,-4.8700414428969,2.8919230295314,0.00150779840217541,0.00368116210832732,"Nb_vs_On","On higher"
"nprl2",9.70501975152676,-4.82227083962621,2.86401943211434,0.00150896800325704,0.00368294944952676,"Nb_vs_On","On higher"
"trir",77.186269430837,-5.08005979347699,3.00612754681324,0.00151153431863296,0.00368814373746443,"Nb_vs_On","On higher"
"slc9a8",3.8158460745453,-5.29051292742795,3.32480443252257,0.00151201605782431,0.00368825012308462,"Nb_vs_On","On higher"
"fkbp1b",63.6988414239085,2.6631954431118,1.05023533513122,0.00151280055211207,0.0036890947415062,"Nb_vs_On","Nb higher"
"saal1",5.40687834049795,-0.924029485897543,1.81739094361814,0.00151390907111316,0.00369072880412121,"Nb_vs_On","On higher"
"gdap2",4.76926489675205,-5.24399305716181,3.3340196069842,0.00151590696900282,0.00369452949191249,"Nb_vs_On","On higher"
"sall3a",9.84477345452309,-5.42782302224368,3.47650582058459,0.001518802271747,0.00369944372788376,"Nb_vs_On","On higher"
"blm",23.1823559576473,2.84317484987568,1.18061506050517,0.00151866690377148,0.00369944372788376,"Nb_vs_On","Nb higher"
"efr3ba",5.57451927106844,-5.22989861620531,3.26635438143361,0.00152481013272878,0.00371300309439135,"Nb_vs_On","On higher"
"nsfa",8.38865275386206,-5.57527144576918,3.7013273152471,0.00152645888692278,0.00371594300466048,"Nb_vs_On","On higher"
"tmem204",9.5920762369976,-5.44809375121474,3.52170421113112,0.00153192846032257,0.00372817975686481,"Nb_vs_On","On higher"
"SGK1",5.91093797284117,-5.25025890622583,3.26038700988444,0.00153445163611779,0.00373254862747667,"Nb_vs_On","On higher"
"trap1",23.0786705949285,-5.11761695086842,3.11206977839002,0.00153505385463581,0.00373254862747667,"Nb_vs_On","On higher"
"pard3ab",23.4472212510966,-5.01078006368851,3.04362678663986,0.00153482872349707,0.00373254862747667,"Nb_vs_On","On higher"
"mcm3ap",5.06438904050078,-5.53280322335849,3.6237175990772,0.00153864724516898,0.00373804690038456,"Nb_vs_On","On higher"
"ppp1r21",6.69079001130437,-5.26099344353897,3.42923154613653,0.00153796014287291,0.00373804690038456,"Nb_vs_On","On higher"
"tbc1d20",16.9575875426499,-5.23150132982373,3.4081347720828,0.00153825403474731,0.00373804690038456,"Nb_vs_On","On higher"
"dhrs1",8.47717337179993,-0.953771200728167,1.88754774984078,0.00154539820977328,0.00375336472298659,"Nb_vs_On","On higher"
"sec24a",3.80293851248137,-5.38180426178071,3.44056831672238,0.00154588198884927,0.0037534567586193,"Nb_vs_On","On higher"
"samsn1a",4.89227037250132,-5.65711350137261,3.89808933504579,0.00154946607168156,0.00376107421897791,"Nb_vs_On","On higher"
"mos",10.6629858230789,-5.23684451284595,3.38032774417251,0.00155137060357618,0.00376461162897212,"Nb_vs_On","On higher"
"dnajc21",3.36519539281688,-5.31376656937515,3.41535522191912,0.00155200016326065,0.00376505399836546,"Nb_vs_On","On higher"
"mtfr1l",4.02633766120954,-5.17691951581812,3.25825022552029,0.00155398783365884,0.0037687898541458,"Nb_vs_On","On higher"
"mthfsd",19.3950664914486,3.27113410042259,1.31558502555045,0.00155589084374556,0.00377231829569416,"Nb_vs_On","Nb higher"
"rnf139",4.50865295681689,-5.64080009894691,4.08048813639445,0.00156197098634544,0.00378379043541178,"Nb_vs_On","On higher"
"idh3b",5.28886247013564,-5.18094567086799,3.20530434536691,0.00156165163545543,0.00378379043541178,"Nb_vs_On","On higher"
"acat1",7.29048341925603,-0.774517124416191,1.53631725490743,0.00156168412194576,0.00378379043541178,"Nb_vs_On","On higher"
"clic1",769.500342087324,3.50927549622957,1.45813939340805,0.00156424682049539,0.0037882133874943,"Nb_vs_On","Nb higher"
"arfip2a",4.38889027046513,-5.20614356531871,3.28225566003517,0.00156648220926882,0.00379253587507189,"Nb_vs_On","On higher"
"nup188",4.40684791476487,-5.17147464873857,3.24314595940803,0.00157113727856048,0.0038027123665676,"Nb_vs_On","On higher"
"ptp4a1",31.1423884954763,-5.33824300328227,3.39565218973737,0.0015751514001712,0.00381133213183133,"Nb_vs_On","On higher"
"zgc:123238",655.3097987332,-4.72488245759348,2.77093415437877,0.00157812697672561,0.00381524207067093,"Nb_vs_On","On higher"
"msmo1",9.33618802838281,3.35343233390041,1.4102255806027,0.00157779607849146,0.00381524207067093,"Nb_vs_On","Nb higher"
"hs3st1l2",433.887461376405,-0.142655911536036,1.03518359476854,0.00157726028747694,0.00381524207067093,"Nb_vs_On","On higher"
"pex14",4.09587211760546,-5.12079251427929,3.24693046645105,0.00158511213506997,0.00383102898450159,"Nb_vs_On","On higher"
"cxcl12a",7.17539900304519,-0.744603209048977,1.49048263158681,0.00159060430577225,0.00384319949655305,"Nb_vs_On","On higher"
"timm23a",199.497759005666,-4.65468656916352,2.73903486471656,0.00159530006585244,0.00385343929823409,"Nb_vs_On","On higher"
"znf219",4.26934090689313,-4.97496082871173,3.04557699069036,0.0015988312074685,0.00386086090202806,"Nb_vs_On","On higher"
"myo18aa",4.23805641706932,-5.23142341690469,3.32252016772695,0.00160178208270254,0.00386687742248063,"Nb_vs_On","On higher"
"cdon",9.54915538976258,-5.10241404392365,3.11547779596265,0.00160363688821188,0.00386990348340661,"Nb_vs_On","On higher"
"fam113",221.589222037079,2.11168802532245,0.839414753933569,0.00160395500755591,0.00386990348340661,"Nb_vs_On","Nb higher"
"stxbp5l",6.53216448140105,-5.50366854201829,3.71395952584804,0.00160552325300939,0.00387131914142953,"Nb_vs_On","On higher"
"ppap2d",4.7027753083151,-5.34355008649081,3.47437919987255,0.00160638129734062,0.00387131914142953,"Nb_vs_On","On higher"
"zgc:152951",10.3802628293328,3.94084310442094,1.68721270985956,0.00160601853469529,0.00387131914142953,"Nb_vs_On","Nb higher"
"trmt5",43.6067576919363,2.81111033807188,1.10542188733973,0.00160595383598993,0.00387131914142953,"Nb_vs_On","Nb higher"
"nadsyn1",4.4141437692364,-4.83464945393556,2.94518321214743,0.00161028466043271,0.00387961541829495,"Nb_vs_On","On higher"
"slc23a2",4.66173674301744,-4.80143704706596,2.90260422479895,0.0016136379341655,0.00388658201138919,"Nb_vs_On","On higher"
"nrl",6.10307165476287,-5.10531915942823,3.20109795651204,0.0016176135528508,0.00389504316015391,"Nb_vs_On","On higher"
"myo1cb",5.56082000815377,-5.63750328180123,3.98931137351371,0.00162021466828926,0.00390019075712295,"Nb_vs_On","On higher"
"deptor",5.59338410894001,-5.54461495380366,3.95573342781542,0.00162193159070107,0.00390320758448302,"Nb_vs_On","On higher"
"rac3b",4.46124808722625,-4.97296709385457,3.13236769694274,0.00162408875608469,0.00390728183730235,"Nb_vs_On","On higher"
"si:ch211-195e19.1",7.8465763273744,-5.62309008201812,3.96584408806834,0.00162647842226114,0.0039117939710002,"Nb_vs_On","On higher"
"ankrd33bb",7.74777199321532,-5.26237748448079,3.42677738441616,0.00162689364367685,0.0039117939710002,"Nb_vs_On","On higher"
"prph2b",8.08701821981378,-5.43631504244718,3.61368144770193,0.00162847230006575,0.00391447167959837,"Nb_vs_On","On higher"
"map2k1",17920.2652668455,-4.83308278569903,2.89817906746479,0.0016317912707413,0.00392132997918934,"Nb_vs_On","On higher"
"ints13",3.9322319351975,-5.20447274165446,3.2726360649646,0.00163276895810961,0.00392255967162293,"Nb_vs_On","On higher"
"gpr108",6.34938558529498,-5.08275660450846,3.16169056674957,0.001636183224262,0.00392964062249287,"Nb_vs_On","On higher"
"ncln",566.346144348871,-5.00883642442851,3.05782928238608,0.00163753669600648,0.00393176951140403,"Nb_vs_On","On higher"
"fibina",6.18665842158506,-1.07326145332745,2.22283087449204,0.00163804052261984,0.00393185774719526,"Nb_vs_On","On higher"
"egln2",4.67138251393692,-5.093305668612,3.20339578365863,0.00164153173174632,0.00393911462880288,"Nb_vs_On","On higher"
"socs9",3.39998147586141,-5.33043795523624,3.56429814753604,0.00164406392785719,0.00394406672690276,"Nb_vs_On","On higher"
"MAP2K6",4.18833287877543,-5.3155992161112,3.43261149313657,0.0016447464488801,0.00394457994492099,"Nb_vs_On","On higher"
"rxrbb",59.5049150119537,-5.13514597704097,3.19464439990444,0.00164747517667876,0.00394999887134202,"Nb_vs_On","On higher"
"jak2b",6.33418552568529,-5.6228418348382,3.95558582835199,0.00164893998742602,0.00395052499256545,"Nb_vs_On","On higher"
"ube2ql1",10.1465090325135,-5.38888828316122,3.5702269979982,0.00164957179245279,0.00395052499256545,"Nb_vs_On","On higher"
"RASSF1",7.52862612819667,-0.709841283051949,1.4411607298494,0.00164922965187752,0.00395052499256545,"Nb_vs_On","On higher"
"plin2",11.2934290007667,-0.508832792643395,1.22286407361834,0.00164829983761342,0.00395052499256545,"Nb_vs_On","On higher"
"slc6a9",7.59918927839606,-5.226102885313,3.38549917045414,0.00165253877463011,0.00395650495018097,"Nb_vs_On","On higher"
"roraa",4.61813135023543,-5.09876719819151,3.28045304826844,0.00165469571429265,0.00396054265650142,"Nb_vs_On","On higher"
"soul5",139.105092583805,-3.26183705953997,1.95581842490901,0.00165531888052297,0.00396090799779488,"Nb_vs_On","On higher"
"lhfpl3",7.08318204661986,-1.17267646050321,2.60512698704875,0.00165949763274792,0.00396977865088718,"Nb_vs_On","On higher"
"vps37c",6.09603890981567,-5.06569203041022,3.1620089642432,0.00166273002671619,0.0039753619522557,"Nb_vs_On","On higher"
"ptpn1",32.9077003792257,-2.83504620122683,1.41745928193737,0.00166277612662061,0.0039753619522557,"Nb_vs_On","On higher"
"cep85",11.0677272267752,-4.550234532558,2.72846454230673,0.00167034359529316,0.00399232038193577,"Nb_vs_On","On higher"
"thrap3b",5.51675981275883,-5.44882506148116,3.64244670595325,0.0016715601235662,0.00399409398812952,"Nb_vs_On","On higher"
"cspg5a",7.05757920317311,3.50354734819583,1.61416890729952,0.00167312554243299,0.0039967000045973,"Nb_vs_On","Nb higher"
"ptpn9a",5.31631196783751,-5.3163941770399,3.51641634465892,0.00167654762817547,0.00400373842098754,"Nb_vs_On","On higher"
"si:dkey-256h2.1",166.92706989564,-1.32762307341279,3.60111731480076,0.00168254963623474,0.00401693217181623,"Nb_vs_On","On higher"
"sh2d1ab",63.4945543709016,-5.0000091037537,3.04637164417027,0.00168331323569022,0.00401761576922038,"Nb_vs_On","On higher"
"mapta",10.6247717934088,-5.38752283941722,3.60652317799271,0.00168439992439226,0.00401906988762304,"Nb_vs_On","On higher"
"sorbs3",5.49667785371446,-5.17790868511631,3.37980746196769,0.00168616991877674,0.00402215312447226,"Nb_vs_On","On higher"
"tcf3b",4.59605973022332,-5.28368627259742,3.48583372470637,0.00168869340701121,0.00402703147315025,"Nb_vs_On","On higher"
"cxxc1b",4.30544845294384,-5.4408601419077,3.76334827428742,0.00169704628128181,0.00404580447347219,"Nb_vs_On","On higher"
"ATP8A1",10.1683256648423,-4.88556813317325,2.9518455799951,0.00169758598423988,0.00404594530445394,"Nb_vs_On","On higher"
"lamp1b",5.50722171173543,-4.89594392905204,2.98588775411009,0.00169864228382729,0.00404731693893522,"Nb_vs_On","On higher"
"pappa2",7.49886120758819,-5.42167679024852,3.69187028937304,0.00170498963800842,0.00406129110717456,"Nb_vs_On","On higher"
"usp6nl",3.88962024217683,-5.21533515533238,3.39784693165068,0.00170780773251627,0.00406685303884639,"Nb_vs_On","On higher"
"mtmr11",32.0279362748664,-4.92440296957044,3.01434715960992,0.00170971003123158,0.00407023162978151,"Nb_vs_On","On higher"
"dcaf5",5.04518811680853,-4.85720763692336,2.98167588012696,0.00171034809222769,0.00407059944596345,"Nb_vs_On","On higher"
"hs6st2",5.60993010945297,-5.23235018292537,3.42245043509492,0.00171232681783933,0.00407415691141082,"Nb_vs_On","On higher"
"spsb3a",5.77271203325648,-5.65086501982671,4.31067447529555,0.0017143230985878,0.00407775412373895,"Nb_vs_On","On higher"
"ip6k1",6.61615933439356,-4.66443752653745,2.80571693552552,0.00171775614980171,0.00408476589520645,"Nb_vs_On","On higher"
"cnn1b",129.475572803373,-4.75155796060119,2.85214842247743,0.00171906121819647,0.00408671486438235,"Nb_vs_On","On higher"
"mrps34",6.77043888090084,-5.43935193545207,3.67136244112554,0.00172088525840117,0.00408989613360277,"Nb_vs_On","On higher"
"clk4a",3.93523825956804,-5.16142356961675,3.34267648790314,0.00172167178067346,0.00409061051360688,"Nb_vs_On","On higher"
"irx7",17.2550807343497,-5.02150926176167,3.17723081618332,0.00172357632894159,0.00409398011767221,"Nb_vs_On","On higher"
"arhgap35b",4.38308355373183,-5.32428895052093,3.58769724877162,0.00173321043715516,0.00411570252749566,"Nb_vs_On","On higher"
"iffo1a",5.71736079730115,-5.30210334047831,3.57819088787546,0.00173435870598691,0.00411726779103154,"Nb_vs_On","On higher"
"KCNIP3",4.9375292041021,-5.1890652456659,3.39800462135005,0.00173649140830915,0.00412116850159188,"Nb_vs_On","On higher"
"ARHGAP26",4.76612557491896,-4.97072047880879,3.09981056739386,0.0017397206729908,0.00412766872188178,"Nb_vs_On","On higher"
"cox7a2l",5.39454074204422,-1.23251356147134,2.90531735560335,0.00174716232976105,0.00414415680245943,"Nb_vs_On","On higher"
"qrsl1",36.7116990250543,-5.05587692498066,3.175830460821,0.00175221394802653,0.00415496817309502,"Nb_vs_On","On higher"
"spon1a",5.46709846393855,-5.5707280221782,4.10248987429546,0.00175284988582948,0.00415530564317448,"Nb_vs_On","On higher"
"crlf1a",7.43095589018089,-0.696407109348658,1.42281795425768,0.00175435264204472,0.00415769722430531,"Nb_vs_On","On higher"
"zbtb1",4.43734020480459,-5.50814533525077,4.20996921845816,0.00175871916946617,0.00416671633163815,"Nb_vs_On","On higher"
"trim3b",20.2077222015436,-4.60280167244722,2.83271288656055,0.00175914823504894,0.00416671633163815,"Nb_vs_On","On higher"
"ric8a",17.2024515568475,-5.38678724777601,3.69497636176786,0.00176053437867129,0.00416882655405202,"Nb_vs_On","On higher"
"SEC61A1",6.91034084535755,-5.60309245654734,4.15882461574211,0.00176291940497411,0.00417330021121261,"Nb_vs_On","On higher"
"si:dkey-17m8.1",3.61228020119808,-5.18647262908789,3.38349168235099,0.00176510927247424,0.00417730948993201,"Nb_vs_On","On higher"
"mrpl43",23.3981572010376,-4.67374418651239,2.77465197177011,0.0017667123758648,0.00417992826869867,"Nb_vs_On","On higher"
"ykt6",5.1866735827701,-5.24173117583675,3.49489114794954,0.00176746017135062,0.00418052254072198,"Nb_vs_On","On higher"
"klhl15",49.0879330851508,-4.53871479461446,2.72401131760432,0.00177631609460366,0.0042002890124645,"Nb_vs_On","On higher"
"adcy1b",13.603499458556,-5.30335514721821,3.57090500068853,0.00177980237402466,0.00420735085215939,"Nb_vs_On","On higher"
"tbce",4.63944085325702,-5.33477757963087,3.70651635458455,0.0017815796242965,0.00420966095299524,"Nb_vs_On","On higher"
"chsy1",5.29799492812582,-4.9892143242072,3.17665590231816,0.00178177975475434,0.00420966095299524,"Nb_vs_On","On higher"
"cx43.4",7.10057637568707,-0.696806711686555,1.42321958490866,0.00178358321628816,0.00421273948224292,"Nb_vs_On","On higher"
"angpt4",5.45967243758601,-0.781594805541675,1.5452960182024,0.00179343736615581,0.00423482629685823,"Nb_vs_On","On higher"
"tlr7",3.08352554736279,-5.25299493808919,3.59551649565825,0.00179577482207273,0.00423915660465738,"Nb_vs_On","On higher"
"p3h3",50.7519972479831,-5.30248586322867,3.51156338601084,0.00179628869582107,0.00423918089190405,"Nb_vs_On","On higher"
"UTP14C",16.8704151532899,-4.90445104647508,3.13526416482143,0.00179922712603002,0.00424492543355401,"Nb_vs_On","On higher"
"ppp1r37",5.10943424401563,-5.42750548126936,3.87089269261981,0.00180099793212894,0.00424577706850016,"Nb_vs_On","On higher"
"rngtt",3.30267758283597,-5.18636017009506,3.44757487560081,0.0018011012011896,0.00424577706850016,"Nb_vs_On","On higher"
"nfe2l3",4.34821596590639,-5.16004736480297,3.48067273998988,0.00180095787277188,0.00424577706850016,"Nb_vs_On","On higher"
"znf609b",4.33271028701323,-4.97994579118817,3.14748786017424,0.00180211622054526,0.00424698049959406,"Nb_vs_On","On higher"
"edc4",3.33208264110239,-5.0684041653071,3.25419302242156,0.00180702270201907,0.00425735155488289,"Nb_vs_On","On higher"
"rsu1",4.58816915799955,-5.45397457560624,4.00535047351297,0.00180793118059884,0.00425771694250662,"Nb_vs_On","On higher"
"kcmf1",3.91008665260898,-5.13779307754815,3.40421351951665,0.00180831976184517,0.00425771694250662,"Nb_vs_On","On higher"
"hspa12a",6.80922261700277,-4.94952086403692,3.15625647864759,0.0018086951516279,0.00425771694250662,"Nb_vs_On","On higher"
"magt1",5.38878359911437,-5.13448174049135,3.32660115916861,0.00180957028850709,0.00425858615841563,"Nb_vs_On","On higher"
"wdr24",8.84906582032505,-4.73548426960102,2.96283744038505,0.00181041282764268,0.00425937819538739,"Nb_vs_On","On higher"
"cycsb",4.95405387178339,-5.37680859969483,3.86537523421605,0.00181167317346763,0.00426115249350391,"Nb_vs_On","On higher"
"si:ch211-106h4.6",100.769248432574,-3.12607982183069,1.80747020366419,0.00181392264540972,0.00426525162822877,"Nb_vs_On","On higher"
"rel",5.33019290196385,-1.53832152203764,8.58231552681352,0.00181535605384289,0.00426743012042709,"Nb_vs_On","On higher"
"smad1",5.54231812301727,-5.27474706857864,3.58346954077419,0.00181883599942389,0.00427441692996938,"Nb_vs_On","On higher"
"alcamb",4.26309401888891,-5.16946367655301,3.40304289781329,0.00182234475886076,0.00428146753560979,"Nb_vs_On","On higher"
"phgdh",4.84218644022979,-5.11995717626007,3.33340228271001,0.00182492747168016,0.00428633913409699,"Nb_vs_On","On higher"
"rnf145b",5.60871114730398,-5.41070751378423,3.76895765571908,0.00182975393196283,0.00429647659672612,"Nb_vs_On","On higher"
"plac8l1",6.88553957671725,-0.736163787150622,1.47692396688497,0.00183272667644555,0.00430225687738947,"Nb_vs_On","On higher"
"kl",45.2517675116953,3.46183267836881,1.95965773495531,0.00183744239264539,0.00431212435497321,"Nb_vs_On","Nb higher"
"tmtops3b",22.6206789904571,3.50000368367981,1.65749530092478,0.00183938862333507,0.0043154886932092,"Nb_vs_On","Nb higher"
"si:ch211-223p8.8",4.84239358629847,6.04746574390335,3.43379703682642,0.00184128485663031,0.00431873388774421,"Nb_vs_On","Nb higher"
"rpe65a",155.875044910331,-3.3035650489888,2.19607651785656,0.00184654766108058,0.00432987136795999,"Nb_vs_On","On higher"
"med25",3.30063692240859,-5.27573651718136,3.67852776149517,0.00184716447201094,0.00433011153589198,"Nb_vs_On","On higher"
"pla2r1",7.6323964147921,-1.01355929489459,2.03497104330178,0.00185499410420555,0.00434725511392047,"Nb_vs_On","On higher"
"kdm1a",3.85526826130185,-5.073069833611,3.29118521772877,0.00185729019578814,0.00435142467802521,"Nb_vs_On","On higher"
"clcf1",25.5695585750663,-4.77181365025657,2.9551166093548,0.00185809484402733,0.00435209860796384,"Nb_vs_On","On higher"
"arhgap32b",4.86923451618104,-4.96941213865795,3.2012196078942,0.00185994227017409,0.00435521391664131,"Nb_vs_On","On higher"
"rab1ba",4.24668049913001,-5.26253341524693,3.60641818392591,0.0018669054007906,0.00437030302109434,"Nb_vs_On","On higher"
"aldh1l1",49.6274051569414,-5.22851141933852,3.55763576437713,0.00187032409707201,0.00437708875428196,"Nb_vs_On","On higher"
"rhof",55.8154016915576,-4.97864075701238,3.16066038969612,0.0018714958736097,0.00437861374765049,"Nb_vs_On","On higher"
"ints7",4.39797629388744,-5.25068113166911,3.77456532692582,0.00187351722556225,0.00438212503606085,"Nb_vs_On","On higher"
"rc3h1b",9.26007744836846,-5.15034177899428,3.50958689990208,0.00187627999169563,0.00438736804724829,"Nb_vs_On","On higher"
"pdlim7",8.03887497652166,-0.675369010481687,1.39543293647492,0.00188360803956366,0.00440328033242068,"Nb_vs_On","On higher"
"pcnx1",5.23341802235235,-5.14072896208032,3.43051086817722,0.00188501070684264,0.00440533596063336,"Nb_vs_On","On higher"
"arhgef2",3.41330083102085,-5.31786850509738,3.79080742398319,0.00188919481502027,0.00441388896831546,"Nb_vs_On","On higher"
"slco5a1a",98.6712519235569,-4.74332768193013,2.98991729213127,0.00189053356011186,0.00441579120672076,"Nb_vs_On","On higher"
"bambia",7.57285815384397,-0.671239780884364,1.39033615932433,0.00189138076594658,0.00441654460131437,"Nb_vs_On","On higher"
"smarcd1",4.26195298673787,-5.26653010958378,3.60599305610094,0.00189522175748079,0.00442428639891105,"Nb_vs_On","On higher"
"xaf1",27.6468025521467,-4.57608178987011,2.85418025235977,0.00189653837595414,0.00442613253362406,"Nb_vs_On","On higher"
"crls1",6.80056595953747,-4.61584371466816,2.83861804592745,0.0018976740303093,0.00442755542880923,"Nb_vs_On","On higher"
"ankrd54",4.58678632197373,-4.78578776860861,3.0000940954076,0.00189826361311915,0.00442770382245414,"Nb_vs_On","On higher"
"tfcp2",3.4896570050615,-5.00980606930883,3.29183523113796,0.00190128938851867,0.00443353298408591,"Nb_vs_On","On higher"
"lrsam1",4.62129185327493,-5.39964803312439,4.04163841411832,0.00190396354373304,0.0044385392166006,"Nb_vs_On","On higher"
"spire1b",4.2248527403169,-4.87808871418853,3.13649898016092,0.00190457420741248,0.00443873357641149,"Nb_vs_On","On higher"
"chpf2",3.6897722471586,-5.01374688785581,3.30507254720088,0.00190825839135116,0.00444608888413895,"Nb_vs_On","On higher"
"mrpl2",5.32383846900455,-5.36245297035742,3.83763469648156,0.00190981587566623,0.00444848645305987,"Nb_vs_On","On higher"
"nudt1",63.4340432617175,-5.04045264190649,3.41929418513743,0.00191225668377281,0.00445293963042863,"Nb_vs_On","On higher"
"ppifa",6.19842673629794,-4.99066197180387,3.21936463918783,0.00191286799645448,0.00445313130369297,"Nb_vs_On","On higher"
"synj2bp",5.69222133909245,-4.82111444453121,3.02303276805016,0.00191519342883408,0.00445731221562766,"Nb_vs_On","On higher"
"lamtor1",6.55762612171837,-5.17434662513103,3.41796484011349,0.00191575860748402,0.0044573952343285,"Nb_vs_On","On higher"
"crtap",7.37245372057319,-0.91103694631548,1.78439005919624,0.00191666773889317,0.00445827826084628,"Nb_vs_On","On higher"
"fam124b",1246.00583325995,-4.65386363202792,2.9676552859696,0.00192075912073279,0.00446656085036703,"Nb_vs_On","On higher"
"pdcl",43.0429201704078,-2.36880887836943,1.06828101128655,0.00192184837995245,0.00446785961404025,"Nb_vs_On","On higher"
"si:ch211-114c17.1",170.938799581581,-4.93784931820333,3.111109593099,0.00192328570865156,0.00446996661938951,"Nb_vs_On","On higher"
"ctif",4.20607738425524,-4.86153965603696,3.14870800723086,0.0019319409543696,0.00448884321111876,"Nb_vs_On","On higher"
"dhrs4",15.7909374020366,-4.69739458578267,2.90437286048793,0.001935418934357,0.00449568338560079,"Nb_vs_On","On higher"
"esamb",228.71817294869,-4.57334345361482,2.89476252278558,0.00193719186440539,0.0044985603074661,"Nb_vs_On","On higher"
"zfyve9a",26.8133588957202,-4.77245334236515,2.94412106990825,0.0019378731905943,0.00449890141158931,"Nb_vs_On","On higher"
"si:ch211-93n23.7",6.98397438029037,5.79787694977314,3.40793381114871,0.00194083469395244,0.0045009229468549,"Nb_vs_On","Nb higher"
"macroh2a1",4.87907603512659,-5.10935673567716,3.42457791754311,0.00194000675496122,0.0045009229468549,"Nb_vs_On","On higher"
"cadm4",4.19377839763591,-5.10174377684963,3.5038774448567,0.0019408826677457,0.0045009229468549,"Nb_vs_On","On higher"
"abcd1",3.26196843494466,-4.9907510850075,3.28225228959949,0.00194064625364178,0.0045009229468549,"Nb_vs_On","On higher"
"grhpra",256.821770595705,-4.59614875483219,2.76277673666236,0.00194470961710551,0.00450855564769875,"Nb_vs_On","On higher"
"rcor2",180.3794609619,2.74979525291928,1.17733926877645,0.00194874704739203,0.00451667198374068,"Nb_vs_On","Nb higher"
"cd276",6.8396298547124,-1.03193148553295,2.08547972888572,0.00195349245081102,0.00452642429147459,"Nb_vs_On","On higher"
"klhl5",4.28802209013397,-5.02081668587167,3.41896959263651,0.00195483543922286,0.00452828968832636,"Nb_vs_On","On higher"
"plcl2",4.80187510693787,-5.02252517696887,3.34214825476532,0.00195560927617432,0.0045288360073825,"Nb_vs_On","On higher"
"epb41l3b",4.13341616383794,-5.22292516835171,3.60634433645867,0.00195955418123363,0.0045367236242092,"Nb_vs_On","On higher"
"stx17",593.656288914481,-4.54108946725247,2.74587333816152,0.00196170504972386,0.00454045452531632,"Nb_vs_On","On higher"
"itgb5",3.42058304996769,-5.20544775165979,3.66194771343128,0.00196295102890228,0.0045420895440625,"Nb_vs_On","On higher"
"ptpra",4.5208172868994,-4.82907207250175,3.09066043735716,0.00196610092252531,0.00454812793784503,"Nb_vs_On","On higher"
"itga4",111.039248013539,2.68945774466434,1.21134666843766,0.00196865669174871,0.00455222584227895,"Nb_vs_On","Nb higher"
"slc45a2",6.0801461168294,-0.77128760302717,1.52821742991342,0.00196895394294817,0.00455222584227895,"Nb_vs_On","On higher"
"srsf9",34.3267955444959,-5.32477338334193,3.81293676548881,0.00197225859944636,0.00455861419278952,"Nb_vs_On","On higher"
"sgcb",4.71732277011583,-5.27775510017744,3.85709426584611,0.00198220302628927,0.00457961244974328,"Nb_vs_On","On higher"
"gna11a",10.582171441924,-4.60348707934728,2.83500723995019,0.00198243142870807,0.00457961244974328,"Nb_vs_On","On higher"
"rmdn1",28.8931094238774,-5.01422228392729,3.27550571509631,0.00198690951113246,0.00458869801501044,"Nb_vs_On","On higher"
"pik3r2",5.49342727753482,-0.771218364644668,1.52809740700247,0.00198981238137097,0.00459414169675831,"Nb_vs_On","On higher"
"bsdc1",4.15046739080983,-5.29197176307323,3.79428367882428,0.00199291034397352,0.00460003270511902,"Nb_vs_On","On higher"
"gfm2",13.4068379763634,-5.04239180169997,3.39274096459852,0.00200097540883782,0.00461654973814354,"Nb_vs_On","On higher"
"ches1",4.35041613158847,-4.64014739309496,2.89910381312309,0.00200116298342668,0.00461654973814354,"Nb_vs_On","On higher"
"glt1d1",62.5423984036565,-4.44315789288541,2.7251409685171,0.00200198148595611,0.00461717264350097,"Nb_vs_On","On higher"
"nmrk1",5.66268441097787,-5.34462805721516,3.89450859361304,0.00200576273494884,0.00462462632232247,"Nb_vs_On","On higher"
"tasp1",5.10613423689233,-5.1246558560398,3.46272437760185,0.00201091609538337,0.00463523868864655,"Nb_vs_On","On higher"
"etnk2",6.68086733563306,-4.81404881498634,3.15663739883546,0.00201164009354343,0.00463563818982989,"Nb_vs_On","On higher"
"ercc3",2.86665605249457,-4.99982518895456,3.42456746085901,0.00201375524277405,0.00463797308718796,"Nb_vs_On","On higher"
"slc25a48",4.28515163839444,-4.89820048134555,3.35604492456473,0.00201334228988527,0.00463797308718796,"Nb_vs_On","On higher"
"rspry1",6.03357026606112,-5.22990957637244,3.75467775110473,0.00201955407719038,0.00465005640639732,"Nb_vs_On","On higher"
"nkain4",13.0587976659429,-1.17947320247534,2.61574599001151,0.00202014240264197,0.00465013911551547,"Nb_vs_On","On higher"
"FOXC1",6.09991563676412,-1.06694385187848,2.18721251825235,0.00202134024174736,0.00465162442729068,"Nb_vs_On","On higher"
"mab21l2",6.11978094587161,-4.83363296768587,3.24530680380751,0.00202233911533457,0.00465265118143929,"Nb_vs_On","On higher"
"gtf2a1",3.77990468967861,-5.19190458291717,3.70109502171168,0.00203221433407533,0.00467409296837325,"Nb_vs_On","On higher"
"dtymk",311.433555319474,-2.10687961289212,0.920399720573551,0.00204252515189483,0.00469652464590295,"Nb_vs_On","On higher"
"snrpe",4.47486408836244,-5.05433448030154,3.40108321333848,0.00204442994905642,0.00469962078404068,"Nb_vs_On","On higher"
"sec24d",46.1555654888972,-2.42749136667665,1.10624729974899,0.00204948504159241,0.00470995497682907,"Nb_vs_On","On higher"
"cited4b",5.06991086400076,-4.9253985887712,3.30134194084997,0.00205359095685707,0.00471687564494988,"Nb_vs_On","On higher"
"b3galnt2",6.32082799713622,-4.63433032326277,3.00463405946402,0.00205361715832042,0.00471687564494988,"Nb_vs_On","On higher"
"mff",6.23989956591871,-5.16270002498361,3.71497193244224,0.00206055955196022,0.0047315303623571,"Nb_vs_On","On higher"
"nelfb",5.38935982945395,-1.03392842793044,2.08376437884387,0.0020619302210178,0.00473338658318185,"Nb_vs_On","On higher"
"naa50",4.73770378755881,-5.07876088700547,3.47207703963414,0.00206276669524314,0.00473401582348876,"Nb_vs_On","On higher"
"palm1b",5.79438602137817,-5.35423912639995,4.29788071393953,0.0020636088143933,0.00473465767227114,"Nb_vs_On","On higher"
"ncoa2",5.62527473199487,-5.03633574137646,3.37652329981987,0.00207211001528112,0.00475286705957398,"Nb_vs_On","On higher"
"atp6v1c2",7.23412114047265,-0.796345259720717,1.56677157894409,0.00207342488972522,0.00475458750250801,"Nb_vs_On","On higher"
"stat6",7.42940761420072,-4.89460559821425,3.18203496451925,0.00207514798996828,0.00475594766663572,"Nb_vs_On","On higher"
"trpv4",6.13306202253328,-4.81843179742095,3.204989400586,0.00207468149698421,0.00475594766663572,"Nb_vs_On","On higher"
"slc2a8",4.90300181291574,-5.18184070187779,3.6619008970335,0.00207709478223037,0.0047565244496233,"Nb_vs_On","On higher"
"si:dkey-145c18.3",6.35079942629175,-4.77912201160422,3.05661048490948,0.00207664611984773,0.0047565244496233,"Nb_vs_On","On higher"
"si:ch211-217a12.1",738.001531549641,2.23740378208913,0.892786636765565,0.00207634746353395,0.0047565244496233,"Nb_vs_On","Nb higher"
"tmem39b",5.52186771004633,-4.98965420096269,3.34878848644876,0.00208555160797683,0.0047719960413017,"Nb_vs_On","On higher"
"aga",12.7584457221632,-4.86943776597048,3.13512562363805,0.00208509487207528,0.0047719960413017,"Nb_vs_On","On higher"
"prpf18",7.88053104735441,-1.1361927566602,2.43086494233348,0.00208532712821122,0.0047719960413017,"Nb_vs_On","On higher"
"znf395b",5.85877584054274,-4.98681130855729,3.4780673977642,0.00208676661037025,0.00477347862122194,"Nb_vs_On","On higher"
"MAX",4.14464337000042,-5.19989798472398,3.88510683879731,0.00208742742834646,0.00477369304314602,"Nb_vs_On","On higher"
"cwc27",4.18285995695753,-5.34216126220187,4.27505391392166,0.00209437620474044,0.00478828324049566,"Nb_vs_On","On higher"
"susd1",5.99680528192327,-1.30545311717683,3.33446784408297,0.00209538868291295,0.00478929729371741,"Nb_vs_On","On higher"
"sec23b",5.7356423074802,-5.26290607952064,3.99520808779922,0.00210002146051793,0.00479858323958739,"Nb_vs_On","On higher"
"kazald3",5.28635388040851,-0.928103101560733,1.81663362232201,0.00210107186073707,0.00479968057630519,"Nb_vs_On","On higher"
"mmd",7.30291891030615,-4.61417245406638,2.89650635229807,0.00210210421054864,0.00480073609451939,"Nb_vs_On","On higher"
"fibpa",4.0187442562781,-5.12682476135921,3.60944410486994,0.0021027515473408,0.0048009119949864,"Nb_vs_On","On higher"
"skap2",4.18611634311015,-5.25188188915788,3.97474780939882,0.00210628460420629,0.00480767456567477,"Nb_vs_On","On higher"
"usp46",5.53988716338184,-0.825345974934872,1.61520176714738,0.00211043436426431,0.00481584073688721,"Nb_vs_On","On higher"
"chst6",4.56207120101726,-0.914385042520076,1.78509311759797,0.00211350526813247,0.00482154128648758,"Nb_vs_On","On higher"
"tollip",4.17084945092549,-5.14982043203386,3.68148985406407,0.00211681692338899,0.00482778782473274,"Nb_vs_On","On higher"
"tgfbr3",7.87184354041805,-0.931857708198202,1.82713589201876,0.00212206645156651,0.00483844945538648,"Nb_vs_On","On higher"
"dock10",3.3771782582741,-5.22849084000911,4.03438750802013,0.00212764089909903,0.00484984594871801,"Nb_vs_On","On higher"
"si:dkey-49n23.1",4.90808720526755,-1.04880375868648,2.12767490303835,0.00212878382020548,0.0048511375740362,"Nb_vs_On","On higher"
"si:ch73-281f12.4",4.55741213190895,-5.01890561346134,3.43194202421088,0.00213021300816932,0.00485308067733947,"Nb_vs_On","On higher"
"TKT",4.59842093957891,-5.13059908414319,3.67202171783302,0.00213301298658126,0.004858144837944,"Nb_vs_On","On higher"
"crkl",6.17372615095962,-5.23343324869662,3.8764248156406,0.00213784976114025,0.00486398507007465,"Nb_vs_On","On higher"
"cab39",5.49035913116014,-4.75815228300767,3.03574383590194,0.00213669174882949,0.00486398507007465,"Nb_vs_On","On higher"
"prpf40a",4.7772618420425,-0.995166057411372,1.97716526105755,0.00213743148846933,0.00486398507007465,"Nb_vs_On","On higher"
"vwa1",5.61165361424224,-0.873667325445784,1.70487577054888,0.00213788842471801,0.00486398507007465,"Nb_vs_On","On higher"
"cpne3",4.25321287325745,-5.15369577514385,3.90258361754295,0.00214040487703319,0.00486839455684015,"Nb_vs_On","On higher"
"clcn2a",7.96897094166712,-4.74816804044606,3.24971588409008,0.00214319891383257,0.00487343286241021,"Nb_vs_On","On higher"
"zbtb7b",5.30228161350667,-4.97662241662467,3.43078226179744,0.00214507312144127,0.00487637740650625,"Nb_vs_On","On higher"
"eef1g",263.849782023726,-2.92685825848582,1.66950380513833,0.00214958818780568,0.0048853221827614,"Nb_vs_On","On higher"
"hspa4a",4.66465257814864,-5.01330243136856,3.44022905254544,0.00215530150230712,0.00489698462791398,"Nb_vs_On","On higher"
"jmjd6",16.8582616228964,-4.97220215916908,3.39676101846472,0.00215619842028462,0.00489770056717645,"Nb_vs_On","On higher"
"usp12a",5.71290790407058,-4.8149812923576,3.31706941260054,0.00216233072784785,0.00490898060059957,"Nb_vs_On","On higher"
"efna3b",7.52453585622675,-0.592635928611791,1.30068398533178,0.00216177644637827,0.00490898060059957,"Nb_vs_On","On higher"
"ZNF423",5.36623990969457,-5.21594084386456,3.82115475732986,0.0021677522706285,0.00491922536041783,"Nb_vs_On","On higher"
"kcnj8",6.21303711578812,-5.04310475486997,3.51685367042701,0.00216801212724521,0.00491922536041783,"Nb_vs_On","On higher"
"fzd5",5.249291326483,-4.96203061898743,3.42779908686308,0.00216950867845058,0.00492129454465023,"Nb_vs_On","On higher"
"STUB1",161.081222947827,-4.24396148109705,2.59766978789572,0.00217345465975505,0.00492891738303286,"Nb_vs_On","On higher"
"vps53",4.52802135235729,-5.15498721638336,3.67381943350436,0.00218340527532544,0.00495014963848358,"Nb_vs_On","On higher"
"p2rx5",505.913921938121,-4.48010067066774,2.83899959521799,0.0021870842019086,0.00495715530739542,"Nb_vs_On","On higher"
"cdh11",5.7202210956792,-0.754586241550739,1.50198361299553,0.00219141035329314,0.00496562378304754,"Nb_vs_On","On higher"
"b4galt5",3.75501141454002,-4.95665499542177,3.5773369084773,0.00219258640643552,0.00496695166021911,"Nb_vs_On","On higher"
"CNP",7.7021443225422,-0.664875573337581,1.38152497834285,0.00219326258817119,0.0049671467493207,"Nb_vs_On","On higher"
"dpysl5b",4.39251852840147,-5.12561545910726,3.77093498126652,0.00219676058723916,0.00497373066793417,"Nb_vs_On","On higher"
"igfbp6b",4.80623932075787,-5.29231450603176,4.47489591091396,0.00219775780800593,0.00497465050491905,"Nb_vs_On","On higher"
"ift172",6.53974482254026,-4.72496271120851,3.09497619327303,0.00220221777207528,0.00498340570035745,"Nb_vs_On","On higher"
"rln3b",6.94044106764229,-1.08158942346112,2.22290802742593,0.00220328319177678,0.00498447672893762,"Nb_vs_On","On higher"
"rbm15",4.30571093258,-5.14959280892885,3.78895067796563,0.00220436163542699,0.00498557663810435,"Nb_vs_On","On higher"
"CASP6",322.626728859821,-4.66957762377469,3.16793419953013,0.00221770127576064,0.00501439950022912,"Nb_vs_On","On higher"
"bcl9",3.75960110499209,-5.03563912223064,3.68990005738583,0.00221917763034518,0.00501639025033452,"Nb_vs_On","On higher"
"chmp3",9.93882736973691,-2.84708640329669,1.40472261312693,0.00223316410339182,0.00504665112009459,"Nb_vs_On","On higher"
"klhl21",14.0540539867435,-4.40034248350257,2.80697253173671,0.00223531655958128,0.00505015963460956,"Nb_vs_On","On higher"
"ttc38",5.47847144944102,-5.00154535046109,3.48932642333809,0.00223792573359422,0.00505469783348435,"Nb_vs_On","On higher"
"cox10",4.52715260166597,-4.8469116291925,3.27408798725238,0.00224107359766495,0.00505925236542975,"Nb_vs_On","On higher"
"tmbim1a",147.113587173611,-4.47716908053918,2.75833309685296,0.00224114422317505,0.00505925236542975,"Nb_vs_On","On higher"
"si:ch1073-174d20.1",44.8641990265732,-4.58164613297193,2.97332103415613,0.00224733425927815,0.00507186589667654,"Nb_vs_On","On higher"
"dcp2",3.21807622909874,-4.94017355101356,3.46297409424326,0.00224866646847976,0.00507351228401571,"Nb_vs_On","On higher"
"tk2",4.8314668556585,-4.82661562143055,3.23697195571399,0.00225938063627205,0.00509631998824709,"Nb_vs_On","On higher"
"slit2",3.44432539651098,-4.85327752667028,3.39197857588575,0.00226283032427404,0.00510273390563591,"Nb_vs_On","On higher"
"itih5",6.55793951493709,-4.9926587178412,3.44737291775431,0.00226474422600778,0.00510568208209252,"Nb_vs_On","On higher"
"prkcda",3.56241713350325,-5.11570727754626,3.95270639336043,0.00227024787555456,0.00511534973672867,"Nb_vs_On","On higher"
"mylipa",4.26819822846875,-4.61495007880123,2.99149195365209,0.0022701092068117,0.00511534973672867,"Nb_vs_On","On higher"
"fam210b",5.01178065360586,-5.26891466295442,4.4268665172326,0.0022770395315204,0.00512706153686926,"Nb_vs_On","On higher"
"lmcd1",5.51514092268732,-5.02423847401356,3.90801552640677,0.0022772728779228,0.00512706153686926,"Nb_vs_On","On higher"
"srek1",13.6041692267399,-4.7201920942728,3.13786850439536,0.00227710646220297,0.00512706153686926,"Nb_vs_On","On higher"
"mib2",5.00882549349446,-5.15212455886351,4.02125362760128,0.00228505637753615,0.0051432097823795,"Nb_vs_On","On higher"
"carhsp1",4.1573989821632,-1.1076765622041,2.31350023681962,0.00228799597403842,0.00514844964166144,"Nb_vs_On","On higher"
"kif3a",3.87041759338283,-5.06703130734827,3.72534868264869,0.00228919388195625,0.00514976859922708,"Nb_vs_On","On higher"
"si:dkey-85k7.10",14.4367847602315,-4.40620336242241,2.85479146282015,0.00229409247072101,0.00515940967633701,"Nb_vs_On","On higher"
"sncb",6.4486499604096,-4.97105458857766,3.5467113379648,0.00229661631259101,0.00516370622846985,"Nb_vs_On","On higher"
"hsdl1",5.6279889901112,-4.836482896762,3.3903119487555,0.00229982002030332,0.00516952868649222,"Nb_vs_On","On higher"
"nav2a",4.27800519616217,-4.75272869541296,3.41494358402795,0.00231180345428933,0.00519507781051991,"Nb_vs_On","On higher"
"tm2d3",12.541385441629,-4.77162071600851,3.1466492799356,0.0023137657846747,0.00519809991336846,"Nb_vs_On","On higher"
"ankrd44",5.28986616104523,-4.77620312045407,3.28521113480323,0.00231582710630557,0.00520134273769485,"Nb_vs_On","On higher"
"pigt",209.166721033298,-4.45064486283485,2.81076405296895,0.00231731452317666,0.00520329518701016,"Nb_vs_On","On higher"
"vax2",4.26681905549034,-5.01954138880604,3.72230399675215,0.00232088990577532,0.00520993366048443,"Nb_vs_On","On higher"
"chsy3",6.62247521118737,-4.98525498684366,3.61248010095701,0.00232237637803623,0.0052106692175301,"Nb_vs_On","On higher"
"gpc6b",1125.25823067372,-4.72184350085213,3.20624595848556,0.00232245556001104,0.0052106692175301,"Nb_vs_On","On higher"
"lmnb2",6.36335857006104,-4.94619995736415,3.44493815540768,0.00232416533769082,0.00521311585736246,"Nb_vs_On","On higher"
"klf9",216.688095794755,2.91643335823135,1.36638684727982,0.00233102733880665,0.00522711458126647,"Nb_vs_On","Nb higher"
"tspan36",4.57421467696384,-5.19072505856629,4.37457040470778,0.00233371394107014,0.00523174539438839,"Nb_vs_On","On higher"
"degs2",30.5157888768568,2.47399419772056,1.0988496240844,0.00234081058173093,0.0052462575817388,"Nb_vs_On","Nb higher"
"RNF208",3.67217527278827,-4.93166687607486,3.75271575445122,0.00234192099017981,0.00524734918694001,"Nb_vs_On","On higher"
"usp36",7.43967304036065,-5.24283642022124,4.15440962731852,0.0023476957230662,0.00525823217166358,"Nb_vs_On","On higher"
"csnk2b",10.5522358929263,-4.60325997148482,3.16167924420336,0.00234802740951335,0.00525823217166358,"Nb_vs_On","On higher"
"kif15",13.2238445777491,-4.44395074521243,2.90277560168379,0.00235358134345916,0.00526926801841469,"Nb_vs_On","On higher"
"brwd3",4.80580874843128,-4.84298493875021,3.29317219993184,0.00235892066171331,0.00527981763634741,"Nb_vs_On","On higher"
"c1qbp",5.20668077073006,-5.10452352312855,3.88669323569303,0.00236126717379368,0.0052836648242943,"Nb_vs_On","On higher"
"LRIT2",6.13741439691678,-4.66829612050944,3.13652272002978,0.00236620438068844,0.0052933054681465,"Nb_vs_On","On higher"
"ret",4.62615508110239,-4.94629238645968,3.67185545346198,0.00237085290301268,0.0053022953606697,"Nb_vs_On","On higher"
"narf",3.8343722749067,-5.09948739441633,4.05875991314472,0.00237586060996893,0.0053092632372494,"Nb_vs_On","On higher"
"ca16b",6.51185723907254,-5.09815347479838,3.76635041416852,0.00237508768208738,0.0053092632372494,"Nb_vs_On","On higher"
"actl6a",580.214930228334,-2.11562692329725,0.94817340918063,0.00237540660338789,0.0053092632372494,"Nb_vs_On","On higher"
"dalrd3",7.81825525078216,-4.29352760598362,2.77916674234147,0.00238565895927539,0.00532974445838117,"Nb_vs_On","On higher"
"sgsh",6.81326119495693,-4.79780781673495,3.33839688203703,0.00238863215936277,0.00533497095184819,"Nb_vs_On","On higher"
"tmem167a",5.36972051392801,-5.20927296526319,4.67655064095629,0.00240178557235965,0.00536292598093462,"Nb_vs_On","On higher"
"coro2a",4.74222013601057,5.89893143482033,3.53876028444556,0.00240875123614597,0.00537185712137275,"Nb_vs_On","Nb higher"
"ube4b",4.37182766094653,-5.16458833847263,4.37416348581558,0.00240897607901902,0.00537185712137275,"Nb_vs_On","On higher"
"tmed8",5.95195515069749,-4.88558064255894,3.46049043244068,0.00240695057122444,0.00537185712137275,"Nb_vs_On","On higher"
"si:zfos-943e10.1",5.0085809253647,-4.65990634561782,3.1498041670236,0.00240837674356768,0.00537185712137275,"Nb_vs_On","On higher"
"aamdc",132.669126144214,1.61988032050391,0.619696451837762,0.00240789114373217,0.00537185712137275,"Nb_vs_On","Nb higher"
"tial1",10.0723260942147,-4.74786578126725,3.17096353087662,0.00241655474740606,0.00538590359112105,"Nb_vs_On","On higher"
"zgc:65851",7.99119555879615,-0.907561674130469,1.769610910214,0.00241638010313884,0.00538590359112105,"Nb_vs_On","On higher"
"cstf2",9.00395101384609,-4.81628625559792,3.30802918113369,0.00242530669815171,0.00540397876787748,"Nb_vs_On","On higher"
"rflnb",4.70742982696578,-5.12825522847563,4.24891713102815,0.00243087664551434,0.00541495623232063,"Nb_vs_On","On higher"
"sfswap",4.24338504488485,-5.145078744165,4.56550371827378,0.00243459596951673,0.0054218065797333,"Nb_vs_On","On higher"
"enc3",7.43595825794674,-5.10335947772327,4.05491074432965,0.00244611126559447,0.00544601021787207,"Nb_vs_On","On higher"
"slc7a2",6.01885290715919,-0.656413729048052,1.37052366533087,0.00244892466014721,0.0054508323080696,"Nb_vs_On","On higher"
"angpt1",4.94365590465487,-0.939836874478906,1.8383845196452,0.00245122716308575,0.00545451500366267,"Nb_vs_On","On higher"
"foxq1a",7.06094689129001,-4.88239228443421,3.43531139103099,0.00246154003074539,0.00547601585063814,"Nb_vs_On","On higher"
"ompa",6.03309828204233,-4.97262650075946,3.75260304480763,0.00246281303004935,0.0054774002871745,"Nb_vs_On","On higher"
"slc30a9",3.58169262282375,-4.79700719819283,3.49399588385024,0.00247029798434473,0.00549259599371736,"Nb_vs_On","On higher"
"idh3a",3.04279063813377,-4.81393632004405,3.52289079676076,0.00247880675731988,0.0055100594885447,"Nb_vs_On","On higher"
"phactr2",6.01835065370223,-0.655364875356944,1.36922052052827,0.0024813899606589,0.00551434548279479,"Nb_vs_On","On higher"
"nit2",10.1289818282557,-4.79471092024105,3.2865849699859,0.00248321623162328,0.00551694754230794,"Nb_vs_On","On higher"
"dclk1a",5.80484976268473,-4.67881796801054,3.25914938524886,0.0024865531135051,0.00552290345896725,"Nb_vs_On","On higher"
"fxr1",4.79430115309993,-4.91744381802989,3.70597224696753,0.00248810695638337,0.00552489695564104,"Nb_vs_On","On higher"
"mark1",57.0281242375094,-4.4105511487816,2.78510777323545,0.00248950382997466,0.00552654093901021,"Nb_vs_On","On higher"
"specc1",4.47601349109358,-4.97326385327589,3.68172409132823,0.00249316264236661,0.00553320409265544,"Nb_vs_On","On higher"
"rfwd3",4.3929891178856,-5.05118157676166,4.50361412757503,0.00250047789182816,0.00554797651381377,"Nb_vs_On","On higher"
"dclre1c",4.77663349617667,-0.898164317898722,1.74751554635235,0.00250167317343035,0.00554916594833641,"Nb_vs_On","On higher"
"irx6a",7.15088826680334,-4.54650645135101,3.11870084436823,0.00250601769837928,0.00555733851026258,"Nb_vs_On","On higher"
"tbc1d22b",4.33574105666266,-0.975612731605821,1.91674438438254,0.00250841867265227,0.00556119788948823,"Nb_vs_On","On higher"
"mcm8",7.42210966524026,-4.68244091485301,3.35514320867496,0.00251339404459324,0.00557076120784251,"Nb_vs_On","On higher"
"pum3",3.64554728088386,-4.82887073574932,3.61346523370707,0.00251557158535969,0.00557411992775937,"Nb_vs_On","On higher"
"bloc1s2",3.77963335073372,-4.76618032551035,3.43618069078545,0.00252842335521812,0.0056004142751354,"Nb_vs_On","On higher"
"stoml2",4.92181588524312,-4.53231433398438,3.14429953485784,0.00252876866949271,0.0056004142751354,"Nb_vs_On","On higher"
"trmt61a",636.470322411791,-4.78706449288285,3.56831047566449,0.0025340847904663,0.00561071166915973,"Nb_vs_On","On higher"
"homeza",3.4251660812944,-4.58769789855389,3.1697304478587,0.00253624410159702,0.00561401599980113,"Nb_vs_On","On higher"
"b3gnt5a",7.96324918604341,-4.6939088930337,3.47833477576045,0.00253763148151393,0.00561561036051112,"Nb_vs_On","On higher"
"fam135a",3.89876687763897,-4.7824823199377,3.36620268337806,0.00254015044704621,0.00561854175515795,"Nb_vs_On","On higher"
"rilp",4.32280458174791,-4.71042345239864,3.24058205406611,0.00254029103351522,0.00561854175515795,"Nb_vs_On","On higher"
"maea",6.59128807996314,-4.89764922061221,3.49681291748566,0.00254256833733256,0.00562210146143039,"Nb_vs_On","On higher"
"wfikkn2a",5.03535955849139,-4.69791466071523,3.37987020734424,0.00254411878508042,0.00562405250336317,"Nb_vs_On","On higher"
"nmd3",5.14825516012432,-0.837194290665366,1.63209543981004,0.00254961421262678,0.00563472104013972,"Nb_vs_On","On higher"
"C11orf68",4.53531854228563,-4.82039034462861,3.77765647048146,0.00255153310432072,0.00563600253796165,"Nb_vs_On","On higher"
"asb2a.1",17.0467525295011,2.94007505008546,1.28928381825176,0.00255146306425026,0.00563600253796165,"Nb_vs_On","Nb higher"
"ccm2",9.43366446386326,-4.51667035731009,2.9974872126803,0.00255307409113765,0.00563792699349336,"Nb_vs_On","On higher"
"ubald1b",15.4433429601184,-4.40277501294568,2.9386874621091,0.00255591971624734,0.00564273070321797,"Nb_vs_On","On higher"
"rhebl1",3.80048780749533,-4.81585067191353,3.65042583687444,0.00256069668617118,0.00565061343045951,"Nb_vs_On","On higher"
"col9a3",19.2886725736197,-4.78498352461694,3.38211071548562,0.00256083276754609,0.00565061343045951,"Nb_vs_On","On higher"
"csrp1b",4.31009345709029,-4.87233154525185,3.56695320503715,0.00256404309288948,0.00565621455868545,"Nb_vs_On","On higher"
"trpc6a",10.4143925433304,-4.96957893901228,3.90431782357886,0.00256557469833948,0.00565811050841545,"Nb_vs_On","On higher"
"ptgs1",6.06593109598747,-0.676438236439297,1.39457987115471,0.00256702700669311,0.00565983062921493,"Nb_vs_On","On higher"
"crabp2a",6.86790887404748,-5.12421530413209,4.796434085367,0.00257007613039813,0.00566358661405536,"Nb_vs_On","On higher"
"gnat1",412.37420769243,-2.27446667558076,1.09909198462859,0.0025694485078671,0.00566358661405536,"Nb_vs_On","On higher"
"pex19",3.87938000072388,-4.80643565809084,3.48960556277098,0.00257290515928683,0.00566833698792897,"Nb_vs_On","On higher"
"sypl1",6.84548425656246,-4.94437744630194,3.89589360869501,0.00257690624112505,0.00567566633641829,"Nb_vs_On","On higher"
"sik2b",4.7682618130129,-4.67493692173594,3.28959870801055,0.00257844462311822,0.00567626334615944,"Nb_vs_On","On higher"
"agfg1b",4.66913356613738,-4.59272924764876,3.22874490159119,0.00257852590113016,0.00567626334615944,"Nb_vs_On","On higher"
"nup93",5.0839139480823,-4.94332444376696,3.95787108350025,0.00258749585773898,0.00569452029554164,"Nb_vs_On","On higher"
"ube2b",3.72067745170705,-4.64738166553914,3.21775341562829,0.00258918549788229,0.00569526091486102,"Nb_vs_On","On higher"
"engase",42.9242525722689,-4.40700937740888,2.92825168299993,0.00258887613565901,0.00569526091486102,"Nb_vs_On","On higher"
"igf1",4.99869403079511,-4.82278257481476,3.79902178422243,0.00261286556048835,0.00574584699273536,"Nb_vs_On","On higher"
"scrn2",5.20372573543573,-4.90050728992295,3.61762280485476,0.0026143936373261,0.00574770583416325,"Nb_vs_On","On higher"
"tyrp1a",34.2346785004684,-3.13210013881494,2.15277864195373,0.0026150963038125,0.00574774952623855,"Nb_vs_On","On higher"
"rab3ab",5.92641962979426,-1.12430773961277,2.35777474341818,0.00261583442437651,0.0057478711000787,"Nb_vs_On","On higher"
"urod",4.88583855926804,-5.02251865642982,4.08186409681556,0.00261735151176416,0.00574970381681385,"Nb_vs_On","On higher"
"cep72",481.692673339776,-4.17693184912515,2.72811795719016,0.00262158791011188,0.00575750770344947,"Nb_vs_On","On higher"
"gria3a",103.731311843621,-4.47153447770398,2.99868112146533,0.00262247021714015,0.00575794321541099,"Nb_vs_On","On higher"
"angptl1b",6.78706793576051,-0.605919031026068,1.31369161674892,0.00262440632354114,0.00576069163795811,"Nb_vs_On","On higher"
"akap11",4.01321616657384,-4.84506776472533,3.57591649095245,0.00262530750318941,0.00576116750830252,"Nb_vs_On","On higher"
"akap10",4.94690800275735,-4.7975217429328,3.49156920461074,0.00262604185676013,0.00576127713062464,"Nb_vs_On","On higher"
"rbm26",3.65784153123698,-4.92524084118766,3.82778435185599,0.00263035771594746,0.00576924211903224,"Nb_vs_On","On higher"
"satb1b",5.12052903244927,-4.84542973031792,3.74644248008956,0.00263435078847299,0.00577649516472145,"Nb_vs_On","On higher"
"ttyh2",4.94530932897127,-5.0524587585498,4.68147868539254,0.00263926654545214,0.00578454358063375,"Nb_vs_On","On higher"
"tmem110l",24.5483341102479,-4.64783606131763,3.22940077211841,0.00263939556821267,0.00578454358063375,"Nb_vs_On","On higher"
"dlgap3",4.42847206862525,-0.816243681909097,1.5952381058766,0.00264420082645724,0.00579356651668845,"Nb_vs_On","On higher"
"epha2b",4.15183790252857,-4.97797956597204,3.96677307042248,0.00264904261176012,0.00580115523043618,"Nb_vs_On","On higher"
"commd7",7.98375904814892,-4.5194022027806,3.0154145936017,0.002648851236097,0.00580115523043618,"Nb_vs_On","On higher"
"timm50",8.31748574922846,-4.70941135099879,3.28490711688266,0.0026572261224864,0.00581756293864513,"Nb_vs_On","On higher"
"pik3cd",4.68683418549456,-4.75432295770786,3.45896952891125,0.0026629782343282,0.00582864034752335,"Nb_vs_On","On higher"
"sbf2",4.60457362834571,-4.99148456349643,4.37695248168587,0.00266425636758287,0.00582992204375165,"Nb_vs_On","On higher"
"npc1",4.81077487843197,-1.03093164509114,2.06126195442726,0.00266506260294639,0.00583017073586349,"Nb_vs_On","On higher"
"ift57",4.26102762252471,-4.72144786158869,3.4308405885119,0.00266696707943463,0.00583282121971439,"Nb_vs_On","On higher"
"ndufa1",5.29894309820224,-4.83037704726582,3.51450174646151,0.00266853117341991,0.00583472608255813,"Nb_vs_On","On higher"
"dnajc19",62.2302527836434,-4.77713495895193,3.41711749640896,0.00267205235411317,0.00584090800231749,"Nb_vs_On","On higher"
"dnmt3ab",4.81490790928108,-4.80273616192718,3.72334838180841,0.00268110507963177,0.00585917511950681,"Nb_vs_On","On higher"
"lrrtm2",4.73621852517387,-4.95211744107959,4.12655091177106,0.00268553336650682,0.00586580692248429,"Nb_vs_On","On higher"
"ptch1",4.59004442536964,-0.875729998324525,1.70203430986207,0.00268546306556789,0.00586580692248429,"Nb_vs_On","On higher"
"rif1",6.08290154013929,-4.90878454369667,3.74892889101236,0.00268800259682751,0.00586967726591284,"Nb_vs_On","On higher"
"elovl8b",15.3348007603951,-4.89270351458273,4.25496529177858,0.00269982164927092,0.00589395711710648,"Nb_vs_On","On higher"
"gpn2",6.29117585590824,-4.83589812863,3.61728050902266,0.00270443124606516,0.00590098961665664,"Nb_vs_On","On higher"
"arhgap29a",6.5409174782204,-0.861084605351,1.67547125340423,0.00270444499181056,0.00590098961665664,"Nb_vs_On","On higher"
"zgc:85777",316.892361442191,-2.08449701533272,0.94918139777068,0.00271103043352346,0.00591382591070237,"Nb_vs_On","On higher"
"epha2a",4.57114847987103,-0.895139172835391,1.74038468851989,0.00271397899675442,0.00591872414369916,"Nb_vs_On","On higher"
"TLK1",50.2488911954908,2.23821305112718,0.941776610170455,0.0027155171552859,0.00592054478456273,"Nb_vs_On","Nb higher"
"plekhj1",3.82658674917464,-0.97454645449796,1.91209508496728,0.00273670316668727,0.00596519090035562,"Nb_vs_On","On higher"
"sema3fa",4.41847557475414,-4.70133158396687,3.39702873619862,0.00274274960154137,0.00597682271441244,"Nb_vs_On","On higher"
"top1",4.11541405623914,-4.65989877138236,3.35172668906803,0.00275467005390159,0.00600124547457132,"Nb_vs_On","On higher"
"slc6a4a",5.36053983287328,-0.847447003871881,1.65016447543769,0.002759657237757,0.00601055488420141,"Nb_vs_On","On higher"
"APCDD1",79.650027885456,-4.49294532625369,3.17522484971736,0.00276097762436246,0.00601187523069922,"Nb_vs_On","On higher"
"adpgk2",3.13267222368553,-4.78320767710659,3.93992628408797,0.00276171985016553,0.00601193630687701,"Nb_vs_On","On higher"
"ssx2ipa",6.27566127589131,-0.885353483235186,1.72109958541137,0.00276340021450188,0.00601403903973032,"Nb_vs_On","On higher"
"angptl1a",6.60277119666343,-4.91120251751007,3.86507392677242,0.00276866880771608,0.00602394779616282,"Nb_vs_On","On higher"
"gabra1",6.73450780591844,-4.67455345481997,3.63628533448075,0.00277227619958938,0.00603023799693628,"Nb_vs_On","On higher"
"nipsnap3a",26.0404230707555,-2.60132337470041,1.32143349823199,0.00277524227512323,0.00603513032084405,"Nb_vs_On","On higher"
"ss18",4.15580306439108,-4.8606143861121,4.108343318828,0.00279259860902835,0.00607130555031008,"Nb_vs_On","On higher"
"SLC12A6",7.05460536639616,-4.35998121301396,2.93267566235148,0.00279867066997716,0.00608293563125942,"Nb_vs_On","On higher"
"fcho1",5.40827329733958,-4.85783857891733,4.22727781311242,0.00280458402930917,0.00609421485769866,"Nb_vs_On","On higher"
"trpc4apa",16.651159275783,-4.86192667322308,4.08467205807993,0.00281843072451667,0.00612272253909197,"Nb_vs_On","On higher"
"faf1",3.78596366299201,-4.86123000664857,4.70516425985215,0.00282911517052775,0.00614434765363844,"Nb_vs_On","On higher"
"acss2",7.77600977866392,-4.77440945411202,3.55495673860958,0.00283316805792917,0.00615144945182355,"Nb_vs_On","On higher"
"bcorl1",4.67688485662256,-4.74121694331249,3.70424009446288,0.00283384663508811,0.00615144945182355,"Nb_vs_On","On higher"
"chpt1",94.6184789425795,2.22477492372707,0.927303305701277,0.00284256089691505,0.00616877484666947,"Nb_vs_On","Nb higher"
"mrs2",13.8218018998793,-4.3272325101093,3.0928687772562,0.00285321731963824,0.00619030499915328,"Nb_vs_On","On higher"
"dolpp1",17.6963472144454,-4.35539247549614,2.91564164907,0.00285715843603588,0.00619725836499615,"Nb_vs_On","On higher"
"UBE3A",3.88013790426289,-4.80875470537854,3.87392606078146,0.00285911966367547,0.00619991481937663,"Nb_vs_On","On higher"
"dnajc10",3.29416687859295,-4.82133780881256,4.53455543181481,0.0028703309916751,0.00622262330361086,"Nb_vs_On","On higher"
"gpr1",6.0031136035398,-4.91241928011332,4.26495615749049,0.00287574556688226,0.00623275648352597,"Nb_vs_On","On higher"
"luzp2",5.1623619835985,-4.57573079574232,3.50763223870803,0.0028832330819651,0.00624416158579425,"Nb_vs_On","On higher"
"cyp27c1",129.679576056624,-3.00201860985905,2.34215263939775,0.00288210280656036,0.00624416158579425,"Nb_vs_On","On higher"
"NCBP1",61.3664305272605,-2.42801322625225,1.25613400418554,0.00288299102117318,0.00624416158579425,"Nb_vs_On","On higher"
"atp11c",3.62658413149004,-4.71709098719059,3.61210993870907,0.00288502297880057,0.00624643092477963,"Nb_vs_On","On higher"
"c7b",12.573472671336,-4.83573031487701,3.8699234737174,0.00288581970853035,0.00624654932023875,"Nb_vs_On","On higher"
"mapre3a",3.14796810457307,-4.72025865363379,3.90988579319153,0.00288878856935899,0.00625136816885964,"Nb_vs_On","On higher"
"si:dkey-79d12.5",4.79528455330971,-4.69698498985685,3.51749022811392,0.00289334174157442,0.00625914580581357,"Nb_vs_On","On higher"
"ppp2r3c",316.862759830304,-4.36528179851927,2.8833652705103,0.00289386974058285,0.00625914580581357,"Nb_vs_On","On higher"
"dym",3.16363729227539,-4.64332534922635,3.56076377646759,0.00290042490965619,0.00627171253261901,"Nb_vs_On","On higher"
"C18orf32",23.8989437742733,-4.47476646902694,3.00562511117659,0.00290702999232164,0.00628276725940015,"Nb_vs_On","On higher"
"nkiras1",323.725544751125,2.62522850322637,1.20255385019275,0.00290673451514319,0.00628276725940015,"Nb_vs_On","Nb higher"
"uqcrq",5.04518431214758,-4.73663692702754,3.55313321555041,0.00291734224587833,0.00630343609491883,"Nb_vs_On","On higher"
"HNRNPUL1",123.302381713188,-1.5958959220463,0.653023400072846,0.00292089673111873,0.00630949671094623,"Nb_vs_On","On higher"
"polr1d",5.07471973228612,-4.76859758117291,3.8254947091983,0.00293126208203981,0.00633026275182431,"Nb_vs_On","On higher"
"poldip3",5.62037086210595,-4.31304429512469,2.97868975916611,0.00293221494893018,0.00633069644526655,"Nb_vs_On","On higher"
"p2rx1",13.6130747264727,2.83052030874976,1.31259965619275,0.00293391215197513,0.00633273653726324,"Nb_vs_On","Nb higher"
"ccnd2a",5.02142872426703,-4.79400484616355,4.20560820478343,0.00293688382767221,0.00633752577835033,"Nb_vs_On","On higher"
"mfge8b",6.90584027304883,-4.83845610817314,4.30307460076544,0.00293825500725124,0.00633885972604842,"Nb_vs_On","On higher"
"shox2",5.21498401796087,-4.77898113331165,3.85225071524121,0.00293956761088465,0.00634006665345298,"Nb_vs_On","On higher"
"kcne4",7.30877057573759,-0.559412078052789,1.2667604786259,0.0029406456833865,0.00634076725480215,"Nb_vs_On","On higher"
"shc2",6.50246647342366,-1.56458507076743,6.98982127452328,0.00294350389926712,0.00634530494853538,"Nb_vs_On","On higher"
"opa1",3.59772140652054,-4.74555087651861,3.84249168562156,0.00294669766776973,0.00635056348368807,"Nb_vs_On","On higher"
"cab39l",51.139426401425,-4.09051133766785,2.68788133485186,0.00294955933379046,0.00635510378086718,"Nb_vs_On","On higher"
"nexn",10.0356875833548,-0.78096583632536,1.53798609483103,0.00295036860020897,0.00635522079748186,"Nb_vs_On","On higher"
"nek7",3.30116496648742,-4.71486478167992,3.88464482535869,0.00295180111063499,0.00635667990517404,"Nb_vs_On","On higher"
"tmem251",9.40641429629141,-4.28147768635685,2.97686904573923,0.00295629074819918,0.00636472008141706,"Nb_vs_On","On higher"
"zgc:153738",78.6798656724077,-4.20600539778557,2.7823310022562,0.00296376830556614,0.00637918731686417,"Nb_vs_On","On higher"
"srgap3",4.405605163905,-0.893903422357827,1.733064389779,0.0029673212327861,0.00638520197791241,"Nb_vs_On","On higher"
"dtx4a",4.24909152723347,-4.45872044230542,3.27426051763504,0.0029699035394123,0.00638912547783612,"Nb_vs_On","On higher"
"paqr3a",26.3633885828342,-4.57292412146897,3.51188764878895,0.00297632954007045,0.00640131376298239,"Nb_vs_On","On higher"
"si:ch211-212d10.2",7.65320517608955,-4.3299405811994,3.17518927357896,0.00297723251947587,0.00640162026793049,"Nb_vs_On","On higher"
"FRMD1",3.68229313720459,-4.53091065118839,3.28337959918844,0.0029841962847991,0.00641441586979619,"Nb_vs_On","On higher"
"mnta",4.68096184852028,-4.44755778527296,3.15716525730406,0.00298470740817197,0.00641441586979619,"Nb_vs_On","On higher"
"traf3",7.73005832862211,-4.81850654212419,4.19112481940339,0.00298720042510717,0.00641649736630573,"Nb_vs_On","On higher"
"aurkaip1",3.21854577212638,-4.6853502160185,3.8064218334445,0.00298672225986152,0.00641649736630573,"Nb_vs_On","On higher"
"tapt1b",6.04648729725456,-4.2677558074595,2.92745421048603,0.00299039971047918,0.00642173080684023,"Nb_vs_On","On higher"
"rbm47",6.58583172648317,-1.08152985548505,2.19545434869072,0.00299280486248877,0.0064252566519843,"Nb_vs_On","On higher"
"pitx2",9.40003223737042,-0.487323985870577,1.20411406945809,0.00299672751025477,0.00643203778208177,"Nb_vs_On","On higher"
"zgc:154006",167.4308309137,4.28181459262496,2.62920144176,0.00299787505152117,0.00643286061272119,"Nb_vs_On","Nb higher"
"stx4",6.21421367058299,-1.25629500519278,2.92307354040231,0.00300179643993948,0.00643963364714845,"Nb_vs_On","On higher"
"hm13",3.77130778865602,-4.61267376927551,3.59990132841075,0.00300954736051011,0.00645461647917813,"Nb_vs_On","On higher"
"entpd4",4.56124918165395,-4.30789208840003,2.99329656691877,0.00301860837200885,0.00647240073244282,"Nb_vs_On","On higher"
"wapla",5.15179157340753,-4.5146398690901,3.248911530118,0.0030220415809093,0.00647811205197212,"Nb_vs_On","On higher"
"pigb",106.880951781861,-2.15011213499162,1.03161647479785,0.00302689632602718,0.00648686692273341,"Nb_vs_On","On higher"
"fnta",3.66093831116228,-4.7637051269385,4.16910901184914,0.00303252347967685,0.00649727224533462,"Nb_vs_On","On higher"
"ilvbl",4.16489856387669,-4.4864426559351,3.26202701748946,0.00303387125987302,0.00649850592000282,"Nb_vs_On","On higher"
"tgm1l1",5.75215919348581,-0.704392147231077,1.42862627460337,0.0030504062110087,0.00653226137987057,"Nb_vs_On","On higher"
"nadk2",8.24821686912605,-4.27469065752426,2.93328458055504,0.00305325993463771,0.00653670959556974,"Nb_vs_On","On higher"
"ppm1e",7.86877408360017,-1.0717943326834,2.16861505664181,0.00305547819487743,0.00653979543464994,"Nb_vs_On","On higher"
"CORO1C",3.29948974526918,-1.22252974458009,2.7207675731726,0.00305837724712957,0.00654433646831132,"Nb_vs_On","On higher"
"ptdss2",10.5168001296382,-4.43224750485134,3.22423034504744,0.00306641706878503,0.00655987265185066,"Nb_vs_On","On higher"
"si:ch211-243g18.2",7.59036562875667,-0.514255521158937,1.22606074871926,0.00308273492145609,0.00659310532744344,"Nb_vs_On","On higher"
"smarcd3b",4.5948112987698,-4.49495320480425,3.30970125686391,0.00308871267372292,0.00660421216342382,"Nb_vs_On","On higher"
"rrp15",4.67416675967373,-4.7915706952133,4.30803708016488,0.00310621179363359,0.00663495572823505,"Nb_vs_On","On higher"
"RIC1",6.83768930225655,-4.55895147375485,3.29606397574897,0.00310522237393449,0.00663495572823505,"Nb_vs_On","On higher"
"ddr1",292.788042848113,-4.2370707332417,2.94922194645561,0.00310511234580066,0.00663495572823505,"Nb_vs_On","On higher"
"tbk1",26.4084773971073,-2.08236090765057,0.974580832428102,0.00310624382572753,0.00663495572823505,"Nb_vs_On","On higher"
"esr1",216.091087594904,3.28921278672992,1.64330687672299,0.00310830257317606,0.00663766896524508,"Nb_vs_On","Nb higher"
"stag1a",4.86155171172488,-4.5667675751215,3.6843208543656,0.00311158099807557,0.00664298474303833,"Nb_vs_On","On higher"
"si:dkeyp-77h1.4",2.80601472912675,-4.53430978398824,3.49339312217556,0.00311444869471373,0.0066474211744676,"Nb_vs_On","On higher"
"ehd3",2.88006569675698,-4.68221988236591,4.16251487512681,0.0031263835289679,0.00667120318044405,"Nb_vs_On","On higher"
"lypla2",6.62286798528842,-4.47951888785186,3.18498438745622,0.00312953432946638,0.00667623415748809,"Nb_vs_On","On higher"
"fhl1a",776.077310087204,2.27219923337809,0.986816754542258,0.0031344310253488,0.00668498615945938,"Nb_vs_On","Nb higher"
"thoc7",3.91045496360527,-4.70436067540839,4.37898699081565,0.00313691243673722,0.0066885838126783,"Nb_vs_On","On higher"
"rgmd",4.50262805499553,-4.68809971536718,3.97181902629782,0.00313962357448557,0.006692669346675,"Nb_vs_On","On higher"
"syncripl",3.29399747418593,-4.63585460707141,3.79267043922078,0.00314252848768567,0.00669716577451594,"Nb_vs_On","On higher"
"INPP5A",20.3165577649169,-4.38959705912983,3.13247485195765,0.00315145988391782,0.00671449995009369,"Nb_vs_On","On higher"
"hk2",4.9245362822768,-0.680042802944565,1.39696998615788,0.00315369979573118,0.00671757208513792,"Nb_vs_On","On higher"
"parvb",7.1567919986253,-4.66501298084582,3.59871363563739,0.00315464943562859,0.00671789500357234,"Nb_vs_On","On higher"
"RAB38",5.68394417766396,-0.689158971103222,1.40860628811838,0.00315592658100748,0.00671891501237254,"Nb_vs_On","On higher"
"tbxa2r",5.96884120815311,-4.34134282928643,3.01338708762094,0.00315882596506598,0.00672338735118215,"Nb_vs_On","On higher"
"akirin2",12.175268017942,-4.55920806286536,3.44711265590706,0.00318237432156997,0.00677179652148029,"Nb_vs_On","On higher"
"cnot2",3.21388853391307,-4.64253189013332,3.84256736219018,0.00318499532098048,0.0067739491187503,"Nb_vs_On","On higher"
"pde8a",4.45647495360066,-4.49191394440832,3.27586143812324,0.00318476551357534,0.0067739491187503,"Nb_vs_On","On higher"
"thtpa",5.27844027611083,-4.25315616725287,3.06357203236514,0.00318751420980752,0.00677759399296785,"Nb_vs_On","On higher"
"uggt1",8.60058807937321,-4.70006410513415,3.84562404002295,0.00319723372883802,0.00679654382054507,"Nb_vs_On","On higher"
"puraa",5.26900013161789,-0.765591569460812,1.51308863561021,0.00320675361623873,0.00681505981860582,"Nb_vs_On","On higher"
"kcna4",4.82914863148013,-4.51636244513388,3.89307628299228,0.00320937762363045,0.0068189149004849,"Nb_vs_On","On higher"
"cav1",15.3070844227997,-4.691464645817,3.79737022483147,0.00321293085650652,0.00682474184962701,"Nb_vs_On","On higher"
"usp38",4.41697426837794,-4.54792765110137,3.61729541634413,0.00321821524895684,0.00683424217096839,"Nb_vs_On","On higher"
"GTPBP1",4.48880442449605,-4.64132905424465,3.80035492749863,0.00322266058209796,0.00684195631276182,"Nb_vs_On","On higher"
"cox6b1",10.7020493988274,4.01347461857022,2.00641484456186,0.00322607244615208,0.00684747298328498,"Nb_vs_On","Nb higher"
"slc38a5a",4.82523971327135,-4.51049493248371,3.42526584323302,0.00323425458708846,0.00686310943133618,"Nb_vs_On","On higher"
"aak1b",5.42289394826538,-4.52552586448086,3.51226542587816,0.00323591471169068,0.00686490172454943,"Nb_vs_On","On higher"
"diabloa",3.800654131957,-4.63853649887496,4.69035791981194,0.00325802167454478,0.00691005957579189,"Nb_vs_On","On higher"
"itgb2",6.01797546920321,-4.50347283957118,3.68794183211654,0.00326350846038522,0.00691995320391002,"Nb_vs_On","On higher"
"prss16",3.84997115118307,-1.03642983700344,2.06098756075247,0.00326497432132789,0.00692131801484214,"Nb_vs_On","On higher"
"spsb3b",121.145158802559,2.7280356879128,1.21662465640665,0.00326778668969251,0.00692553583933321,"Nb_vs_On","Nb higher"
"aktip",5.30331951739829,-4.57790630487528,3.55579682842168,0.00327090866840055,0.00693040754356804,"Nb_vs_On","On higher"
"rbm4.1",3.94301724011316,-4.64069924036493,4.61999135878195,0.00329287027421985,0.0069751841893263,"Nb_vs_On","On higher"
"drosha",4.89527351357156,-4.56671383588948,3.53065893621257,0.00330372752361339,0.0069946625487368,"Nb_vs_On","On higher"
"tra2b",5.18238750810473,-4.53329792704258,3.88219729176161,0.00330312104590808,0.0069946625487368,"Nb_vs_On","On higher"
"fbln7",7.82654332527428,-0.903251920382008,1.75121229495028,0.00330782632561385,0.00700157958486733,"Nb_vs_On","On higher"
"bmpr1aa",4.63892307118112,-4.66820953792602,4.26980124012868,0.00331379371439029,0.00701068496801645,"Nb_vs_On","On higher"
"fmnl2b",8.51141471252303,-4.16712872745008,2.90905381105286,0.00331367536001408,0.00701068496801645,"Nb_vs_On","On higher"
"nsmfa",5.04825352287696,-4.53598507114693,3.69485534476113,0.00331610113636247,0.00701204204117038,"Nb_vs_On","On higher"
"efhd2",3.97304011538579,-4.5172722958638,4.83809608594813,0.00331587352453665,0.00701204204117038,"Nb_vs_On","On higher"
"lgals3b",5.58333009933621,-4.69808250391565,4.37948932608476,0.00331954165681306,0.00701755441161535,"Nb_vs_On","On higher"
"nrbp2b",6.09400390597712,-4.66533041255956,4.32156533585938,0.00332625091505775,0.00702997243358175,"Nb_vs_On","On higher"
"ddr2l",4.63766092074941,-4.61476374091001,3.79808811822858,0.00332758972695162,0.0070310367272788,"Nb_vs_On","On higher"
"sema6e",4.52558215768966,-1.62678509241682,10.2286294831922,0.00332952776288949,0.00703336630062829,"Nb_vs_On","On higher"
"inpp5ka",5.11055950553879,-0.736389702237412,1.47033328798444,0.00333193653291342,0.00703668884447195,"Nb_vs_On","On higher"
"ctbs",6.11916554197208,-4.62055009646255,3.98277086896799,0.0033331463859434,0.00703706031616717,"Nb_vs_On","On higher"
"ENY2",17.1676371040266,-1.06650837094555,2.14647849468736,0.00333378433605068,0.00703706031616717,"Nb_vs_On","On higher"
"rexo1",3.96356906418762,-1.48193318839975,4.83920283340704,0.00334806390106712,0.0070654304134327,"Nb_vs_On","On higher"
"SP3",4.03380083273012,-4.51761015962684,3.60752178708228,0.0033635656865408,0.00709280960653819,"Nb_vs_On","On higher"
"osbpl5",3.88711040033245,-4.47128937615565,3.53322043341235,0.00336209202243335,0.00709280960653819,"Nb_vs_On","On higher"
"acp7",4.99008618220396,-1.25690439612513,2.87286121583796,0.00336349351647132,0.00709280960653819,"Nb_vs_On","On higher"
"ptpn11a",4.83633954250772,-4.62107152731881,5.12327085364091,0.00336694760452387,0.0070969578660661,"Nb_vs_On","On higher"
"clasrp",3.60327237094853,-4.48838722374485,3.53120288419808,0.00336721902079686,0.0070969578660661,"Nb_vs_On","On higher"
"fam120c",8.48253340060379,-4.61721489853794,4.157163024451,0.00337209757263303,0.00710546116806629,"Nb_vs_On","On higher"
"taldo1",48.7384890324613,-1.86898484821832,0.838770453117464,0.00337689842988588,0.00711379654223707,"Nb_vs_On","On higher"
"cox19",3.82005222819264,-4.59143940399034,3.96067039283816,0.00338517315321032,0.00712766073129676,"Nb_vs_On","On higher"
"C1orf35",61.792223446056,-2.29818978861575,1.19476452897465,0.00338468256778813,0.00712766073129676,"Nb_vs_On","On higher"
"cnppd1",4.93196882433431,-4.41821085441845,3.26833548193313,0.003386754955198,0.0071292081052405,"Nb_vs_On","On higher"
"hibadha",4.67652581199839,-4.56330286775373,4.49845350106882,0.00338802077804871,0.00713008972740351,"Nb_vs_On","On higher"
"ino80da",7.75459034598946,-4.24092782603313,3.02903938218144,0.00338892660440447,0.00713021348559781,"Nb_vs_On","On higher"
"tbc1d23",5.43752125909574,-4.55512880441217,3.77911801294259,0.00339805442790238,0.00714584615890138,"Nb_vs_On","On higher"
"sec61b",5.04304087769155,-0.715390016872177,1.4419387559675,0.00339723303691947,0.00714584615890138,"Nb_vs_On","On higher"
"mpl",48.9258621850867,-4.63870865169085,3.81210734492726,0.00340241740473382,0.00715323419406825,"Nb_vs_On","On higher"
"INSM2",4.43467651889909,-4.54187133631669,4.36288126031971,0.0034057678144067,0.00715849025260316,"Nb_vs_On","On higher"
"si:dkey-32e23.4",3.97131219699304,-4.58707698593605,4.18561375631186,0.00341040212052424,0.0071664416002429,"Nb_vs_On","On higher"
"glmna",11.2056722944074,-4.29550647703975,3.02894596308716,0.00341976329759298,0.00718431930100766,"Nb_vs_On","On higher"
"dhx15",3.68832446981559,-4.48820288928038,4.02702920168803,0.00342140488797805,0.00718597463747485,"Nb_vs_On","On higher"
"pde4bb",3.15688604936065,-4.43189781432516,3.6201406668667,0.00342518041376991,0.00719031638980427,"Nb_vs_On","On higher"
"zfand3",3.70139811141396,-4.40355385226285,3.43379394119611,0.00342439874338271,0.00719031638980427,"Nb_vs_On","On higher"
"lsm8",13.2250287352142,-4.34425482417876,3.15374265295304,0.00343014600884307,0.0071989451763752,"Nb_vs_On","On higher"
"abraxas2",23.2830557086359,-4.28609555820755,3.12870290442559,0.00343360810178853,0.00720441500519836,"Nb_vs_On","On higher"
"rraga",3.74277381010864,-4.51180141207291,4.55957253127384,0.00343609447098428,0.00720783534930119,"Nb_vs_On","On higher"
"tagln3b",35.8598655335075,-4.06168849253067,2.82363609573887,0.00344446739821858,0.00722359904290086,"Nb_vs_On","On higher"
"lctla",4.94442094064004,-0.770143087751919,1.51805225161835,0.00345682957557086,0.00724771889592914,"Nb_vs_On","On higher"
"fbxo28",5.81320554019299,-4.23162703853132,3.08819126317122,0.00346082415602233,0.00725428728720019,"Nb_vs_On","On higher"
"slc4a11",3.32492784828426,-4.50329149823805,4.04594581826646,0.00346511279112771,0.00726146862726239,"Nb_vs_On","On higher"
"si:ch211-140b10.6",3.0005734718355,-4.54970975426828,4.18590087575892,0.0034664266753499,0.0072615861744294,"Nb_vs_On","On higher"
"zgc:77752",4.58871062306656,-4.33517430537718,3.29726320635843,0.00346689413578424,0.0072615861744294,"Nb_vs_On","On higher"
"btg3",4.90282271775709,-4.45865730111222,3.52372557354794,0.0034690642192126,0.00726432402918699,"Nb_vs_On","On higher"
"GPR137B",55.5500188878238,-4.1852052361094,2.97046715800151,0.00347125495763338,0.00726500666788147,"Nb_vs_On","On higher"
"RPL19",115.630431106967,-2.67689345616296,1.72631351728428,0.00347169725140381,0.00726500666788147,"Nb_vs_On","On higher"
"dhx33",4.46614001364112,-1.02959421336288,2.03076088245766,0.00347197930920493,0.00726500666788147,"Nb_vs_On","On higher"
"sh3pxd2aa",4.48592313406229,-4.58569203238967,4.42733804635556,0.0034868619548625,0.00729433497416314,"Nb_vs_On","On higher"
"xab2",10.0040729074813,-4.59193186189132,4.0955201971165,0.00349183626114041,0.00730292612329938,"Nb_vs_On","On higher"
"cpb2",4.43090487353037,-0.698559031953173,1.41871393545355,0.00351347212766087,0.00734635081238181,"Nb_vs_On","On higher"
"paplna",4.47506217467211,-4.55951656799169,4.50769865340711,0.00351716757686255,0.00735225146809759,"Nb_vs_On","On higher"
"tram1",3.51330788698071,-4.49526541325424,4.04076567226041,0.00351959141164473,0.00735549168401821,"Nb_vs_On","On higher"
"arhgap25",8.86102456613749,-1.47405156382002,4.6996400962515,0.0035260300242613,0.00736711857637916,"Nb_vs_On","On higher"
"ppib",37.5579640011067,-2.94199711606863,2.28132233922043,0.0035292456525313,0.00737200742010136,"Nb_vs_On","On higher"
"nuak1b",4.98880811793285,-4.55032883420613,4.20437913413006,0.0035412667362819,0.00739161502256906,"Nb_vs_On","On higher"
"epb41l5",5.33874077781992,-4.50046112970559,4.60613302133481,0.00354081904938715,0.00739161502256906,"Nb_vs_On","On higher"
"icmt",6.13780665155602,-4.15968522312843,3.01483566833693,0.0035397296547542,0.00739161502256906,"Nb_vs_On","On higher"
"babam2",3.75201666809176,-4.52029457026265,5.04330443034797,0.00354589726100638,0.00739577877679677,"Nb_vs_On","On higher"
"SLC25A30",5.56219070532621,-0.815081957347267,1.58878817473034,0.00354586270414844,0.00739577877679677,"Nb_vs_On","On higher"
"hprt1",4.66814240542841,-0.796438807763089,1.55762236548633,0.00354463909174385,0.00739577877679677,"Nb_vs_On","On higher"
"ndufaf2",226.070910879721,2.22772033788145,1.00365295401326,0.00354884335484374,0.00740009000769746,"Nb_vs_On","Nb higher"
"ndufb11",5.84442550695802,-4.59180655800009,4.01107703270451,0.00355130949110983,0.00740164558292411,"Nb_vs_On","On higher"
"mtif3",4.55671693149037,-4.55131329613351,4.0149905976645,0.00355134788660376,0.00740164558292411,"Nb_vs_On","On higher"
"map6d1",44.85763068226,-4.0995454302189,2.97471215294151,0.00355455912550409,0.00740650463329044,"Nb_vs_On","On higher"
"cttnbp2nla",3.90649224423736,-4.3920958841314,3.62316001460704,0.00355755621552171,0.00741091517502147,"Nb_vs_On","On higher"
"lpar2a",532.275613274306,-2.03338571866136,0.978712922689158,0.00356196634167374,0.00741826636917603,"Nb_vs_On","On higher"
"sprtn",30.632209271931,-4.21827845324836,3.05192175148499,0.00356958655725465,0.00743229770936671,"Nb_vs_On","On higher"
"gcnt7",6.05251393934105,-4.28215649041798,3.44281414820485,0.00357561530572994,0.00744300930851499,"Nb_vs_On","On higher"
"josd1",4.31946743016414,-4.4424271659538,3.75934236636901,0.00358631911414009,0.00746344482146632,"Nb_vs_On","On higher"
"ntng2b",5.06387559027848,-4.42767794991839,3.67536833887504,0.00359296708680146,0.00747543176883209,"Nb_vs_On","On higher"
"sspn",3.54859016773723,-4.45480595110824,3.60877069893146,0.00359631046417366,0.00748053903815514,"Nb_vs_On","On higher"
"brap",2.84117223069831,-4.34095142944724,3.56875542915087,0.00360041957369439,0.00748487160449355,"Nb_vs_On","On higher"
"dr1",7.97373009382781,-4.07323931313333,2.98712417323011,0.00359993059228024,0.00748487160449355,"Nb_vs_On","On higher"
"rnf8",4.39138234100709,-0.773930739510214,1.52378000310707,0.00360106082183403,0.00748487160449355,"Nb_vs_On","On higher"
"ptpa",15.4244506508084,-4.39714125231102,3.27638205794079,0.00361572645888411,0.00751349921769599,"Nb_vs_On","On higher"
"BICD2",5.40726554711721,-4.49754342115304,3.7793853030289,0.0036184701781031,0.00751549024408385,"Nb_vs_On","On higher"
"ro60",3.73964245315243,-4.4018925515864,3.88875118674054,0.00361835834395328,0.00751549024408385,"Nb_vs_On","On higher"
"fam50a",5.15370600228479,-4.5345193078225,4.44614363010526,0.003622650671849,0.00752231705861492,"Nb_vs_On","On higher"
"cpne1",3.67035248890258,-4.43093624151109,3.78267261196632,0.0036426566678817,0.00756012914946454,"Nb_vs_On","On higher"
"cnot9",11.0166084720417,-4.30648482128002,3.17904848291291,0.00364218989016436,0.00756012914946454,"Nb_vs_On","On higher"
"cers4b",5.04299093915419,-4.39515309764616,3.67882168523265,0.00365062511168807,0.00757479965249942,"Nb_vs_On","On higher"
"ugp2b",4.4107082683539,-4.40117574241394,3.61044786711034,0.00366076398848002,0.00759396531666457,"Nb_vs_On","On higher"
"coa3a",98.9221935827401,-4.18578179760329,2.92764104371599,0.0036617789355619,0.00759419932977583,"Nb_vs_On","On higher"
"mbtd1",5.83790237405816,-4.32290489689096,3.60883988198316,0.00367730679738056,0.0076245242907265,"Nb_vs_On","On higher"
"ankrd28b",6.76360902190468,-4.19481890362481,3.09562351265201,0.00368266884110309,0.0076337617100236,"Nb_vs_On","On higher"
"znf593",16.3414849308022,-4.27730958978798,3.07371334263036,0.00368504788800284,0.00763493308422542,"Nb_vs_On","On higher"
"mpzl1l",3.73387858547316,-1.07661726657427,2.1649821033222,0.00368475294473455,0.00763493308422542,"Nb_vs_On","On higher"
"eef1b2",92.5127381823959,-2.30168242675339,1.23477049801794,0.00368604166852974,0.00763511288525673,"Nb_vs_On","On higher"
"zgc:162872",112.796970822527,-3.93922871527812,2.63540105572595,0.00368897256633528,0.0076393040746397,"Nb_vs_On","On higher"
"atp2b2",3.58171027052789,-1.10877014254168,2.25159081644769,0.00369595484225242,0.00765188093017238,"Nb_vs_On","On higher"
"rsph9",182.928252040023,-3.99886973492366,2.94223602276277,0.00370643251449964,0.00767168647825374,"Nb_vs_On","On higher"
"ano6",5.17775109227989,-4.38050898694075,5.87664315214941,0.0037092374020145,0.00767560483042234,"Nb_vs_On","On higher"
"ttc14",2.80298424731547,-4.38576616333834,4.46720471028482,0.00371401326871327,0.00768359884394896,"Nb_vs_On","On higher"
"btbd7",19.7151729815438,-3.87575961693643,2.80144435960923,0.0037207391991549,0.00769562225515626,"Nb_vs_On","On higher"
"bnip3",5.67124881286706,-0.667335539625225,1.38042300450533,0.00372216779852781,0.00769668595627784,"Nb_vs_On","On higher"
"prkag1",4.63835724119885,-4.27457151600316,3.3200995346257,0.00372584941876402,0.00770240677975332,"Nb_vs_On","On higher"
"atic",6.15363434946112,-0.579270065301406,1.28497807611438,0.00372722784131319,0.00770336458830701,"Nb_vs_On","On higher"
"gtf3c3",3.36030391999692,-4.40174920234043,3.95419943878844,0.00373609143589528,0.00771816801358548,"Nb_vs_On","On higher"
"trim3a",11.6792534218011,-4.23515706991664,3.23084737538593,0.00373622412156817,0.00771816801358548,"Nb_vs_On","On higher"
"stk16",3.23107174029303,-4.3251031555676,3.69159489113967,0.00374670455622602,0.00773791927240203,"Nb_vs_On","On higher"
"lsg1",4.01859453525623,-0.772907496786504,1.52051061497252,0.00377242640259446,0.00778913060020607,"Nb_vs_On","On higher"
"naa40",4.53834613801191,-4.26312416129018,3.44410427451059,0.00377342566362757,0.00778928328504582,"Nb_vs_On","On higher"
"slc27a6",3.72942176884801,-4.33896944172102,3.61162109690591,0.00377694148572375,0.007794629425551,"Nb_vs_On","On higher"
"ints5",5.03153132452464,-4.37675446953832,3.67110055834042,0.00378240704366718,0.00780399570921332,"Nb_vs_On","On higher"
"tmtc2b",5.81295852582144,3.12131847853878,1.49960804379117,0.00378340123352913,0.00780413417884054,"Nb_vs_On","Nb higher"
"uhrf1bp1l",3.77700971209859,-4.38296220177491,4.3980669552956,0.00378472866928136,0.00780495980842981,"Nb_vs_On","On higher"
"id4",4.87572950232014,-4.38868966293849,3.67772720384222,0.00378585811425963,0.00780537683219142,"Nb_vs_On","On higher"
"rcan1a",5.19975954221858,-4.26119547223057,3.73631812836036,0.00379365011808639,0.00781952661460609,"Nb_vs_On","On higher"
"pctp",3.57869263705671,-0.964064625786601,1.87243177409267,0.0037970431014038,0.00782460436416578,"Nb_vs_On","On higher"
"tpbgb",4.76236769653489,-4.39396031511857,3.77108156261665,0.00379822091529145,0.00782511592386769,"Nb_vs_On","On higher"
"si:ch73-206p6.1",3.9571740383759,-4.20136690998125,3.18221352699654,0.00380101656899892,0.0078266676214307,"Nb_vs_On","On higher"
"mtmr6",4.29659535273927,-1.12602686531671,2.31786417747814,0.00380176335281897,0.0078266676214307,"Nb_vs_On","On higher"
"xkr8.3",4.08785775339513,-0.719940470766528,1.44559950059624,0.003801466983851,0.0078266676214307,"Nb_vs_On","On higher"
"prrx1b",3.79995433534776,-1.32251944222331,3.20946900430881,0.00380491321166045,0.00783123702096764,"Nb_vs_On","On higher"
"ubxn6",3.21882612070895,-4.35453188076889,4.36766534916224,0.00381318160531487,0.00784296853133806,"Nb_vs_On","On higher"
"bmp2k",4.47882912292313,-4.35248300782405,3.57379676660137,0.00381367579069195,0.00784296853133806,"Nb_vs_On","On higher"
"mturn",8.16921365215413,-4.35238440480131,3.78790309497226,0.00381433988682562,0.00784296853133806,"Nb_vs_On","On higher"
"tlcd4b",67.9728608050256,-2.38549780659745,1.31698023039928,0.00381361612564696,0.00784296853133806,"Nb_vs_On","On higher"
"zgc:109965",4.94524671389775,-4.29901284793673,5.63672468461248,0.00381626875974944,0.00784501841747761,"Nb_vs_On","On higher"
"brpf3b",4.94132096637459,-4.21170951703649,3.27479981755678,0.0038184180627288,0.00784752032520777,"Nb_vs_On","On higher"
"rwdd",4.85064457801071,-4.38646777793118,3.57687806665249,0.00382181275470915,0.00784874841891721,"Nb_vs_On","On higher"
"ncapd2",3.79556195711985,-4.31403510894588,4.0400311689813,0.00382011607475468,0.00784874841891721,"Nb_vs_On","On higher"
"sdf2l1",5.97522481951462,-4.15844426102126,3.2068775575887,0.00382094519503804,0.00784874841891721,"Nb_vs_On","On higher"
"cyb561d1",11.628668586771,3.11639434654837,1.53657884657287,0.00382402440821443,0.00785137499228027,"Nb_vs_On","Nb higher"
"cdk5r2b",8.3992311527813,-0.917156777275811,1.77202558199563,0.00382501529215381,0.00785149444753737,"Nb_vs_On","On higher"
"snx5",4.60905815564093,-0.71485833436983,1.43952942223057,0.003829732760067,0.00785926142716821,"Nb_vs_On","On higher"
"dhcr7",4.9320722516638,-4.33659400955865,4.37632962879677,0.00384985044905954,0.00789862078483626,"Nb_vs_On","On higher"
"prdm2b",4.39146965628683,-1.16724231577781,2.45465284961512,0.00385204335928997,0.00790119420041496,"Nb_vs_On","On higher"
"btbd17b",6.85583796723397,-0.817492712329227,1.5905807697376,0.00385429357425809,0.00790388387529954,"Nb_vs_On","On higher"
"mfsd8",4.94949254834214,-4.37057081973869,4.20722894513655,0.00385799660492165,0.00790955075991974,"Nb_vs_On","On higher"
"ruvbl1",171.344326300769,2.63209493301785,1.22207973393036,0.00385977819126648,0.00791127655565649,"Nb_vs_On","Nb higher"
"gem",4.48935354161234,-1.56321053398004,5.89919683742989,0.00386620552458513,0.00792252144740936,"Nb_vs_On","On higher"
"ramp2",12.1698938460293,-4.41670636690949,3.88841837545538,0.00386938607463819,0.00792710926656226,"Nb_vs_On","On higher"
"ints9",36.0502333389653,-3.91619406447924,2.70158365806423,0.00387783337103447,0.00794248207235236,"Nb_vs_On","On higher"
"rad1",207.083311795455,-4.05764393247939,2.98613213917598,0.00388476116886772,0.00795473595707332,"Nb_vs_On","On higher"
"wdr83os",7.20549205301849,-4.21705550628412,3.19444788602452,0.00388624779202324,0.00795584482326159,"Nb_vs_On","On higher"
"adam17a",4.69123943110314,-4.34814530484089,5.15164384657567,0.00389503620060689,0.00797189757760974,"Nb_vs_On","On higher"
"arhgap17a",4.51653465273625,-1.27223086582855,2.91977886652563,0.00390091751245892,0.00798199407386465,"Nb_vs_On","On higher"
"crmp1",12.4943187800657,-1.03273709780315,2.03923942614169,0.00390828597708254,0.00799318546041808,"Nb_vs_On","On higher"
"pdap1a",3.75094501353293,-0.870783529340188,1.68189844329772,0.00390796646905832,0.00799318546041808,"Nb_vs_On","On higher"
"gbf1",4.45553068073915,-4.33184217132349,3.60430762620465,0.00391250751368413,0.00799599132075576,"Nb_vs_On","On higher"
"slc25a36b",4.31435194833199,-4.20359216861657,3.21954523495156,0.00391072491934685,0.00799599132075576,"Nb_vs_On","On higher"
"loxa",4.84006601822961,-1.12192135387915,2.29826751596025,0.00391182720536664,0.00799599132075576,"Nb_vs_On","On higher"
"sertad4",3.28974876779932,-4.11347345092086,3.23437242657471,0.00392870695337302,0.00802714930424614,"Nb_vs_On","On higher"
"cd99",8.05672165917082,-0.474762470203332,1.19377147671308,0.00393412665668046,0.00803627231155936,"Nb_vs_On","On higher"
"ift80",3.36846716978271,-4.28089030046376,3.54105868033228,0.0039409636641898,0.00804828532876024,"Nb_vs_On","On higher"
"sprn",5.77819386794122,4.90735005563226,3.2678464388828,0.00394198891473058,0.00804842655449964,"Nb_vs_On","Nb higher"
"gosr2",104.9490773767,-4.15709412612659,3.02284942309199,0.00394745388788876,0.00805763017173801,"Nb_vs_On","On higher"
"zgc:77056",5.56459193183616,-4.27324963221163,3.38940837632638,0.00395239295553303,0.0080657560968914,"Nb_vs_On","On higher"
"WHAMM",3.40645845583695,-4.37858056241071,4.07727221045378,0.00395558246377404,0.00807030857490303,"Nb_vs_On","On higher"
"czib",3.96874057431758,-4.20727906228046,3.63706249243446,0.00396741335017885,0.00809090470851064,"Nb_vs_On","On higher"
"pmpca",67.6667322217882,2.43980824638401,1.09839452567769,0.00396759974301876,0.00809090470851064,"Nb_vs_On","Nb higher"
"fam131ba",3.7648487881098,-0.850286434917068,1.64292342768394,0.00396992764155061,0.00809369118105425,"Nb_vs_On","On higher"
"tmem38a",5.82841849558592,-4.33626890923499,3.51749241848932,0.00397989710248232,0.00811008806794873,"Nb_vs_On","On higher"
"dbt",5.23189018882842,-4.1369976988245,3.30432528437767,0.00397946699001325,0.00811008806794873,"Nb_vs_On","On higher"
"tm9sf4",3.39401167956421,-4.33400718768549,3.96860018899726,0.00399366178867573,0.00813419911373635,"Nb_vs_On","On higher"
"trim105",4.52237435803822,-1.10088495870128,2.23276001521461,0.00399339428899582,0.00813419911373635,"Nb_vs_On","On higher"
"usb1",15.3214437306458,-4.3924464859304,3.94332199724291,0.00399849233878017,0.00814206785385861,"Nb_vs_On","On higher"
"plek",5.57588605190911,-4.39989266122462,4.28516484590174,0.0040014856865437,0.00814548854553619,"Nb_vs_On","On higher"
"MTMR4",5.78788259918125,-4.33787735313661,4.673127985291,0.00400214517487119,0.00814548854553619,"Nb_vs_On","On higher"
"scfd2",4.13629624003927,-4.26339488093999,3.41133549619513,0.00400307509062523,0.00814548854553619,"Nb_vs_On","On higher"
"hecw2a",4.95860659577709,-4.12578468934237,3.72085812806517,0.00402130425761829,0.00818060397308622,"Nb_vs_On","On higher"
"rnf41",3.81494738561276,-0.942966984886687,1.8234780895488,0.0040324770542321,0.00820135101293207,"Nb_vs_On","On higher"
"timm29",17.836573442198,2.56653987365431,1.27029836221404,0.00403457455158803,0.00820363492156233,"Nb_vs_On","Nb higher"
"ap3m2",4.80350139083755,-4.20148217846442,3.35414786743154,0.00404254131234464,0.00821784901408286,"Nb_vs_On","On higher"
"arnt",3.89528511902838,-4.34059949142225,4.22372716167809,0.00404920381908721,0.00822940554057849,"Nb_vs_On","On higher"
"eya2",164.254645608153,-4.1168779766304,3.2317824026604,0.00405136947984793,0.00823181952241368,"Nb_vs_On","On higher"
"mrpl30",357.939904590016,-3.99185505658618,2.78900075797988,0.00405672265309057,0.00824070735852231,"Nb_vs_On","On higher"
"rem2",4.56636005123161,-4.34661476967645,4.30213571307999,0.00405957861606259,0.00824451937032929,"Nb_vs_On","On higher"
"ddx24",61.3400284495,-2.11224576763407,1.07949822103232,0.00406753614969684,0.00825868772507188,"Nb_vs_On","On higher"
"ZNF521",3.41503145196939,-1.02686247917857,2.01853281689873,0.00407058878127734,0.00826289278051426,"Nb_vs_On","On higher"
"st3gal3b",3.42332139550303,-4.12132463869562,3.36500243816932,0.00407408343693909,0.00826799285731756,"Nb_vs_On","On higher"
"crip2l",3.43721740841479,-0.95545908822787,1.84578657307245,0.00407575182464561,0.00826938511927374,"Nb_vs_On","On higher"
"mest",602.57742772717,-4.16896043638627,3.21528516332343,0.00407975398966687,0.00827551062289535,"Nb_vs_On","On higher"
"tfdp1a",4.50280538654757,-4.1775791034441,5.79803925736203,0.0040888866013927,0.00829203743929746,"Nb_vs_On","On higher"
"rpia",3.28211847424146,-4.21745337117273,4.8458049910075,0.00409767324550642,0.00830427033932012,"Nb_vs_On","On higher"
"csf1ra",4.02184197020514,-0.844366309349097,1.63289698324117,0.00409591333509044,0.00830427033932012,"Nb_vs_On","On higher"
"UNC13C",4.67162276669268,-0.813391055394068,1.58241846045345,0.00409787823586788,0.00830427033932012,"Nb_vs_On","On higher"
"clstn2",6.7300145755572,-0.631745410165048,1.33887194120948,0.004099369822544,0.00830529366213607,"Nb_vs_On","On higher"
"syne3",2.96695919431355,-4.26824179288371,3.80155558179348,0.00410479214617082,0.00831272108600741,"Nb_vs_On","On higher"
"gtf2a2",188.695872990519,-4.07383287662346,2.98233238408002,0.00410501087604334,0.00831272108600741,"Nb_vs_On","On higher"
"dph5",95.0275990738501,-3.85507211229811,2.65679976701987,0.00410815292808365,0.00831708305642331,"Nb_vs_On","On higher"
"PLEKHH3",4.20696207463411,-4.28515016238394,3.97257426380449,0.00411124494086173,0.00832134164755326,"Nb_vs_On","On higher"
"tarbp2",19.2749353944666,-4.00154676507055,3.31825580140581,0.00411773537108949,0.0083324750850556,"Nb_vs_On","On higher"
"AP3S1",3.34788949290281,-4.28010119960357,4.57204096577503,0.00413251996939813,0.00835778084291758,"Nb_vs_On","On higher"
"march6",10.5804813920735,-4.07390759527359,3.14152150246769,0.00413321948789093,0.00835778084291758,"Nb_vs_On","On higher"
"xk",32.9665250549606,-1.33633025709545,3.26521111945663,0.00413284342122282,0.00835778084291758,"Nb_vs_On","On higher"
"ttyh3b",5.55502041359907,-4.19281174229707,3.34905015781397,0.00414251837882721,0.00837457245748499,"Nb_vs_On","On higher"
"anpepa",5.49279067085426,-1.13995196960011,2.34763569820189,0.00415008465362357,0.0083878541690764,"Nb_vs_On","On higher"
"fhl1b",5.75179935661295,-0.641012172351666,1.3492485412648,0.0041597310621812,0.00840533271277996,"Nb_vs_On","On higher"
"rcor3",5.81013774273036,-4.04863206016275,3.11073470922354,0.00417967203647721,0.00844359952077398,"Nb_vs_On","On higher"
"pi4kb",3.96854773213659,-4.26737153038113,4.39573176648351,0.00418404342238403,0.00845040247831785,"Nb_vs_On","On higher"
"niban2b",5.52806460342866,-0.620035132328035,1.32609045122607,0.00421399218877196,0.00850884774408309,"Nb_vs_On","On higher"
"rras2",3.49244363800778,-4.17869069720697,5.38653588459679,0.00421747555083553,0.00851383913355719,"Nb_vs_On","On higher"
"cdk10",4.29302307118209,-3.93042141793843,7.14391588252688,0.00422194077091978,0.00852080973617903,"Nb_vs_On","On higher"
"lgals8b",4.01134606569929,-0.784651992767392,1.53668540528868,0.00422724829823747,0.00852947655190869,"Nb_vs_On","On higher"
"mapk10",5.17012216135952,-0.961421482159903,1.86055922894622,0.00423023464512572,0.00853345680389847,"Nb_vs_On","On higher"
"gpr182",4.36046759201376,-4.24700294064036,4.25019150283507,0.00424011346181581,0.00855133567838176,"Nb_vs_On","On higher"
"flcn",3.48009017226994,-4.19378292964675,4.98963151743905,0.0042416672131337,0.00855242026351126,"Nb_vs_On","On higher"
"npm3",4.80464040713691,-4.19192690301083,3.32350206588047,0.00424354092915688,0.00855414931552746,"Nb_vs_On","On higher"
"avil",3.74056204810263,-4.13510972871422,3.95747175768606,0.00424632417733513,0.00855771053981498,"Nb_vs_On","On higher"
"ctnnbl1",6.10942974717637,-4.32120551437597,4.01126232993204,0.00425565706874625,0.00856612467065366,"Nb_vs_On","On higher"
"fmnl3",54.517899433891,-4.26089276517486,3.6283177013345,0.00425532500201843,0.00856612467065366,"Nb_vs_On","On higher"
"xpc",4.35394831790977,-4.24260659982973,3.89151723761148,0.00425550343334346,0.00856612467065366,"Nb_vs_On","On higher"
"lzic",9.76442050712513,-4.01214172725515,3.10027946335824,0.00425552878389324,0.00856612467065366,"Nb_vs_On","On higher"
"C12orf29",46.0366165010413,-3.92601743880722,2.99935567184505,0.00425574622961901,0.00856612467065366,"Nb_vs_On","On higher"
"bbs5",3.92206889673078,-0.928608985476987,1.79015068413721,0.00425660483456216,0.00856612467065366,"Nb_vs_On","On higher"
"jakmip1",3.73100976894352,-0.803765482478731,1.56610656918301,0.00427402866427163,0.00859913319690214,"Nb_vs_On","On higher"
"slc25a55a",139.611811883501,2.25628285360658,1.01093258524596,0.00428448849030612,0.00861811806723941,"Nb_vs_On","Nb higher"
"znf827",2.79500559274863,-4.15507478590459,3.83217809643245,0.00429303367163398,0.00863293543156614,"Nb_vs_On","On higher"
"nudt12",38.444921906265,-4.04368010916056,3.04058805470358,0.00429390599334372,0.00863293543156614,"Nb_vs_On","On higher"
"eva1a",4.50081700159268,-0.848174742419833,1.637384149648,0.00429521636983773,0.00863350797547612,"Nb_vs_On","On higher"
"hmox2a",5.65582377212071,-4.17734497126208,3.33544599678273,0.00429957235394092,0.00864020054320235,"Nb_vs_On","On higher"
"dgkg",4.45164817515947,-4.14630856890017,4.01119948690193,0.00430152409973977,0.00864205963522896,"Nb_vs_On","On higher"
"rpl7",104.051293059486,-2.47023125745041,1.55654542618906,0.00430526802106777,0.00864751758562361,"Nb_vs_On","On higher"
"ercc6l2",8.14646867758151,-4.27656037010075,4.15251189272207,0.00431315681857491,0.00866129630218596,"Nb_vs_On","On higher"
"SMURF1",3.23286287937795,-4.23807977543725,3.75228437755016,0.00432632979866533,0.00868303715056016,"Nb_vs_On","On higher"
"rsrc2",3.58303075729335,-4.11646657703724,5.00864903474953,0.00432563436188419,0.00868303715056016,"Nb_vs_On","On higher"
"padi2",66.165783318215,-3.8355433032392,2.77277492617771,0.00432707779123306,0.00868303715056016,"Nb_vs_On","On higher"
"comtb",4.00357609387351,-0.87304807785291,1.68292474497522,0.00433584310187296,0.00869855272439623,"Nb_vs_On","On higher"
"grin1a",5.87704236874786,-1.06461164567577,2.11356456176164,0.00433925930299587,0.00870333209735983,"Nb_vs_On","On higher"
"slc29a4",5.50022883292941,-4.11211854633744,4.84883027140495,0.00434590489588384,0.00871250950548944,"Nb_vs_On","On higher"
"ctps1b",3.86082730612947,-4.0341450858974,3.47087129037331,0.00434569526166187,0.00871250950548944,"Nb_vs_On","On higher"
"olfml2a",6.14615702063779,-4.24393196876325,4.05480173479676,0.0043498866955436,0.00871634044348632,"Nb_vs_On","On higher"
"rbm45",60.6345879159751,-4.06112595590798,3.07587672981271,0.00434906395916378,0.00871634044348632,"Nb_vs_On","On higher"
"nalcn",3.8851578072083,-4.07692567744361,5.12147136308113,0.00436356231898358,0.00874166292270438,"Nb_vs_On","On higher"
"bahd1",3.74156738592651,-1.07605572502772,2.14355325136722,0.00437274020833587,0.00875796504253422,"Nb_vs_On","On higher"
"eml2",4.79679106505446,-4.21351404599265,4.63623861863454,0.0043986262668274,0.00880771548861871,"Nb_vs_On","On higher"
"epn2",60.3255676682478,-3.71745064561648,2.60288293457459,0.00440931320941638,0.00882491645194178,"Nb_vs_On","On higher"
"hemk1",1932.62670362333,2.40110393365345,1.17135012041302,0.0044084161336788,0.00882491645194178,"Nb_vs_On","Nb higher"
"nrp2b",3.80812784729355,-0.961323651514906,1.85566958827291,0.00441600159173492,0.00883620190140826,"Nb_vs_On","On higher"
"pcmtd1",5.38560709210711,-3.88572835756781,2.99139755378343,0.00441841936603996,0.0088389387412843,"Nb_vs_On","On higher"
"fer",75.4703525692584,-4.17880762015886,3.32090786334713,0.00442199671062823,0.00884253991099808,"Nb_vs_On","On higher"
"arfgef3",4.30566166416488,-4.14673010251303,4.47365178812048,0.00442337082029139,0.00884253991099808,"Nb_vs_On","On higher"
"tmem54a",632.338184501196,-3.82198279670215,3.12401278384339,0.00442319395000432,0.00884253991099808,"Nb_vs_On","On higher"
"rnf144aa",4.48493193064646,-1.15227249521018,2.38305378446174,0.0044318287303398,0.00885734431434008,"Nb_vs_On","On higher"
"pwp2h",5.09193917256655,-1.23180754837546,2.6794173548856,0.00444621387789177,0.00888398490958769,"Nb_vs_On","On higher"
"WIPI1",5.53048336817494,-4.08577419432518,3.49773455055888,0.00446915694319417,0.00892770838818427,"Nb_vs_On","On higher"
"STT3B",10.5154106421015,-4.00803662095282,3.23779976552075,0.00447134664297749,0.00892996347344828,"Nb_vs_On","On higher"
"itga3b",21.5299621800647,-3.87296072988515,2.99914619243938,0.00447404652846298,0.0089332361661768,"Nb_vs_On","On higher"
"nfat5b",3.32487822507953,-4.03673807335643,3.62489872208144,0.00447639314843586,0.00893580211608563,"Nb_vs_On","On higher"
"AANAT",28.9420651847651,-3.87769147254319,3.39574319459649,0.00449314229532142,0.00896711044144517,"Nb_vs_On","On higher"
"pus7",3.63089919969517,-4.20373456371664,3.90720542792614,0.00450247983878528,0.00898148703386125,"Nb_vs_On","On higher"
"rcbtb1",24.7150239931569,-3.87682682493256,2.94283323253309,0.00450181294818218,0.00898148703386125,"Nb_vs_On","On higher"
"fhdc1",4.17257798640715,-0.767357101311178,1.50887464420188,0.00450371954875128,0.00898183159473781,"Nb_vs_On","On higher"
"mtpn",4.04520576979496,-0.988882864100383,1.91923679095801,0.00450496980821133,0.00898219702641472,"Nb_vs_On","On higher"
"zgc:110045",4.33835685590686,-4.13591205209781,4.3949701506106,0.00452257200860113,0.00901423571045929,"Nb_vs_On","On higher"
"lyst",4.68437971893657,-0.954770022573803,1.84288330697381,0.00452318028521977,0.00901423571045929,"Nb_vs_On","On higher"
"ILRUN",8.51488527337278,-3.99902553457994,3.09841106783963,0.00452970090412266,0.00902509401441527,"Nb_vs_On","On higher"
"bbs4",4.30464287613,-4.1294087093017,4.54298201777726,0.00453705266336191,0.00903760277335082,"Nb_vs_On","On higher"
"gadd45ab",20.2252555523724,-4.1436840062323,3.71185580084675,0.00454089927458002,0.00904312516995851,"Nb_vs_On","On higher"
"fam234b",5.66849361473247,-3.98743728508279,3.13688022211497,0.00454284292499367,0.00904485613590272,"Nb_vs_On","On higher"
"mmp19",53.7739935627523,2.80611239055876,1.65632369359982,0.00454969089800146,0.00905634854087877,"Nb_vs_On","Nb higher"
"ZNF821",6.99029070867926,-3.91610875269863,3.10375725583857,0.004556911471351,0.00906857701319923,"Nb_vs_On","On higher"
"msl2a",106.57221794886,-3.88981894598235,2.97718432608056,0.00455929505486823,0.00907117602738851,"Nb_vs_On","On higher"
"gla",3521.69074170046,-4.05543076346735,3.11069424623988,0.00456755547231227,0.0090854636025342,"Nb_vs_On","On higher"
"n4bp3",154.566220036884,-3.7036651541695,2.70772683761716,0.00457005105769486,0.00908828013316214,"Nb_vs_On","On higher"
"ap2b1",6.02652372334795,-4.14817206590916,4.20378397764857,0.00457635259163653,0.00909651384094363,"Nb_vs_On","On higher"
"paplnb",4.7758122428722,-0.58925014676432,1.29330543348585,0.00457582283953756,0.00909651384094363,"Nb_vs_On","On higher"
"mipep",104.008801288503,-3.96498632277361,3.00030229937088,0.00458670554573008,0.00911107311889531,"Nb_vs_On","On higher"
"cyp51",95.3832194833827,-3.93767884570299,3.09824180823738,0.00458542914135154,0.00911107311889531,"Nb_vs_On","On higher"
"rgs4",3.76876872906539,-0.817596133089924,1.58493800636408,0.00458692419551893,0.00911107311889531,"Nb_vs_On","On higher"
"tcf3a",5.41560969633575,-4.14222013614776,4.41697832846455,0.00458883028488583,0.00911270897338261,"Nb_vs_On","On higher"
"prdm11",5.82507935218029,-4.15414129026465,3.82209985056607,0.0045993675316198,0.00912932701749009,"Nb_vs_On","On higher"
"nectin1b",3.99839534247023,-4.06047175074395,3.71813511982475,0.00459925118901186,0.00912932701749009,"Nb_vs_On","On higher"
"afap1l1b",6.1773064682675,-0.72445818278511,1.45018475825345,0.00460250149523414,0.00913339405631329,"Nb_vs_On","On higher"
"celf2",4.74764235560295,-4.11589510235317,4.03401573408793,0.00460414932519443,0.00913451072813734,"Nb_vs_On","On higher"
"kcnc1b",37.5837078373147,-4.03973449959672,3.55155962858478,0.0046056625861252,0.00913535995523136,"Nb_vs_On","On higher"
"setd4",51.67138201655,-0.196701373455292,1.04883663476535,0.00461988019092331,0.00916140198991577,"Nb_vs_On","On higher"
"ddx56",227.253095060347,-4.11466716807236,4.69793330867045,0.00463330009631801,0.00918413558999663,"Nb_vs_On","On higher"
"grasp",3.06585504785898,-3.91004462321766,5.34927600458553,0.00463352623553287,0.00918413558999663,"Nb_vs_On","On higher"
"eif4eb",49.2460001922411,-4.03980554860939,3.24739039538549,0.00464526723568405,0.0092052400164756,"Nb_vs_On","On higher"
"cdc42se2",37.7292515888684,-3.75480322254405,2.83905816477928,0.00465789804891655,0.00922809738192034,"Nb_vs_On","On higher"
"coa6",242.57352921045,-3.89492910876955,3.237047580287,0.0046788712108525,0.00926746773010737,"Nb_vs_On","On higher"
"zzz3",5.06174194692291,-4.05040195773696,3.31447725808083,0.0046958142695134,0.00929665205097925,"Nb_vs_On","On higher"
"rbbp5",5.15971122021506,-0.593720887198449,1.29788642250477,0.00469530607841398,0.00929665205097925,"Nb_vs_On","On higher"
"dram2b",5.26480520038518,-3.99356920508908,3.83057016433988,0.0047087612126034,0.00931790124299375,"Nb_vs_On","On higher"
"scg2b",6.10584541527854,-1.45894564242636,4.03465867465715,0.00470790641708909,0.00931790124299375,"Nb_vs_On","On higher"
"pnpla6",3.20956156550966,-4.04201134808377,4.8371794010631,0.00471181698759044,0.00932175685112488,"Nb_vs_On","On higher"
"prox1a",14.4816380137706,-3.98372736469249,3.37865704375383,0.00471400830299108,0.00932390082109466,"Nb_vs_On","On higher"
"fan1",5.50652847715561,-4.04555093087116,3.59781800779341,0.00471577184462616,0.009325197883031,"Nb_vs_On","On higher"
"ube2g1b",1550.05403727914,-3.69068533823952,2.78585991012368,0.00472375379979979,0.0093387880429109,"Nb_vs_On","On higher"
"msh6",355.797187974283,-1.88939262352594,0.927728638947951,0.00473533460269293,0.00935948501654592,"Nb_vs_On","On higher"
"e4f1",3.58326219730676,-4.04462541870483,4.09011690205191,0.00473674132184702,0.00936006771063573,"Nb_vs_On","On higher"
"ilk",4.70299660581178,-0.655813717153924,1.36421620117246,0.00475721567409513,0.00939832000575753,"Nb_vs_On","On higher"
"atp2a3",4.124122730423,-0.783957324612386,1.53277330217189,0.00476211298491922,0.00940578768349367,"Nb_vs_On","On higher"
"nrsn1",5.90736434927338,-0.799321793111298,1.55634382731588,0.00476640984709355,0.00941206617237473,"Nb_vs_On","On higher"
"mapk14b",3.69707886866695,-0.942421223919289,1.81625404450459,0.00476867330628027,0.00941432736685443,"Nb_vs_On","On higher"
"KCNIP2",4.62882635341543,-3.89433226623105,5.04581602450437,0.00477335981605301,0.00942136997222375,"Nb_vs_On","On higher"
"b3gat3",3.54994296564716,-3.99444730215835,3.64527070747083,0.00477767260688797,0.00942767182484364,"Nb_vs_On","On higher"
"fam177a1",16.3673173259362,-4.06744718880328,3.44414128707234,0.00477979190328323,0.00942964336579288,"Nb_vs_On","On higher"
"si:dkey-69o16.5",387.94380965927,-4.11626725620672,3.55244601312972,0.0047817657652013,0.00943132713483237,"Nb_vs_On","On higher"
"rasl11b",6.63810350323938,-4.07785843790684,3.70945806435376,0.00478732784532839,0.00944008568797713,"Nb_vs_On","On higher"
"nol9",5.68034146022632,-3.99191749141597,4.03441425500082,0.00479236511841296,0.00944780551915698,"Nb_vs_On","On higher"
"spty2d1",3.49217583011855,-4.10327680473152,4.05728830357481,0.00479670158308464,0.00945299959777125,"Nb_vs_On","On higher"
"vezf1a",4.76998068992218,-0.965881023533577,1.86190859414541,0.00479724569751471,0.00945299959777125,"Nb_vs_On","On higher"
"hmg20b",2.78351766304684,-3.92178915719078,5.0557758936381,0.00480275209136388,0.00946163517554439,"Nb_vs_On","On higher"
"LIMD1",7.34857263416716,-4.0490137194801,3.90898897546261,0.00480515063901067,0.00946414554964712,"Nb_vs_On","On higher"
"ssbp4",4.74687204495672,-3.92881736925247,3.65870075954237,0.00481094165412212,0.00947333493436257,"Nb_vs_On","On higher"
"parp12a",192.290051010703,-3.79519620196021,2.70748341880016,0.00483018381318446,0.00950677749342688,"Nb_vs_On","On higher"
"rbm34",1691.66673733657,-3.78232365883774,2.78756336161908,0.00482924377063252,0.00950677749342688,"Nb_vs_On","On higher"
"ric8b",3.28437402145687,-4.08267008523299,3.86958742276892,0.00483678875667093,0.00951755206957828,"Nb_vs_On","On higher"
"gripap1",3.1019034224326,-1.15215343898342,2.36120870692584,0.00483992004233707,0.00952148794493887,"Nb_vs_On","On higher"
"kdm2ba",3.66054500457102,-0.952848918026525,1.83232224449571,0.00484619869174294,0.00953161228670376,"Nb_vs_On","On higher"
"GAS7",28.8915139533908,-4.09648397180977,3.53626143444806,0.00484736056138809,0.00953167045217588,"Nb_vs_On","On higher"
"si:ch211-57i17.1",4.92483896331572,-3.98174553202068,4.42048583886858,0.00485683747344307,0.00954807516381218,"Nb_vs_On","On higher"
"trpt1",131.64989122943,-3.93076521841054,3.03863850873063,0.0048630348351632,0.0095557953413641,"Nb_vs_On","On higher"
"actn3b",72.9336990889662,-2.2482191318958,1.28512288171131,0.00486225448331325,0.0095557953413641,"Nb_vs_On","On higher"
"cdk2ap2",367.674753243333,-3.88422889954189,2.93752665004975,0.00486667261548896,0.00956071180331064,"Nb_vs_On","On higher"
"MOK",24.7848634068942,-3.69322224406983,3.0250449326213,0.00487111632510488,0.00956720887184621,"Nb_vs_On","On higher"
"ipo11",3.75098581332359,-3.99543422866967,3.8422509145549,0.00488439410258613,0.00958881286277286,"Nb_vs_On","On higher"
"si:dkey-219e21.4",8.62996795244526,-1.41752769365469,3.62934321854221,0.00488421254628292,0.00958881286277286,"Nb_vs_On","On higher"
"SLC5A10",6.38704626905941,-3.72068109602789,3.17484949552569,0.00488675784348068,0.00959121649018894,"Nb_vs_On","On higher"
"mrpl9",659.619771031464,-3.57558546869954,2.59392118886577,0.00489414319062363,0.00960126164569774,"Nb_vs_On","On higher"
"gnptab",3.6786197188452,-0.764416586613546,1.50268803390149,0.00489415701136719,0.00960126164569774,"Nb_vs_On","On higher"
"jun",3.85823258032917,-3.97436711173325,5.08621640918112,0.00489788399352385,0.0096044566332514,"Nb_vs_On","On higher"
"tsku",3.81876240340399,-3.93603219150721,4.8979663320512,0.00489806751325116,0.0096044566332514,"Nb_vs_On","On higher"
"ing2",3.68562505038884,-3.98741292621053,3.85119314345723,0.00490238006550695,0.00961067428771251,"Nb_vs_On","On higher"
"mtmr1a",4.60606839179268,-3.59181390590525,7.15399588603496,0.00490519125296638,0.00961394644178603,"Nb_vs_On","On higher"
"si:ch211-160o17.4",4.84502660799968,-3.87383360502008,3.23283653852663,0.00490829430491707,0.00961778898016571,"Nb_vs_On","On higher"
"slc13a3",5.34972291904698,-0.714285332814417,1.43542225225373,0.00491811764319782,0.00963479504780992,"Nb_vs_On","On higher"
"med29",26.7194822473918,-3.76920985666728,2.90683641900369,0.00493550095381316,0.00966660005332694,"Nb_vs_On","On higher"
"dixdc1a",5.57910655459783,-4.00431062950422,3.49902057898506,0.00494406900035149,0.00968019148903331,"Nb_vs_On","On higher"
"nedd9",3.47104321990968,-1.26961958835395,2.82103971497185,0.00494474024742733,0.00968019148903331,"Nb_vs_On","On higher"
"ddx19",7.32633207589051,-3.80151953429474,3.00183065542461,0.00495117267072581,0.00969053046783769,"Nb_vs_On","On higher"
"mroh1",2.39901660173559,-3.92233602337075,4.41953738748712,0.0049595228118263,0.00970461716177447,"Nb_vs_On","On higher"
"rnps1",11.0748101882465,-3.72970094639513,2.97012328499696,0.00496318551391154,0.00970952722661104,"Nb_vs_On","On higher"
"TMEM47",181.365063946135,-3.85537571967799,2.97454993535709,0.004979301236891,0.00973879131323151,"Nb_vs_On","On higher"
"ppp1r2",5.91220858005077,-4.07476711399654,3.99814569186446,0.00498374314138396,0.00974337477473192,"Nb_vs_On","On higher"
"polr3f",6.64475462322273,-4.02330750285809,4.59378284116949,0.00498395958422376,0.00974337477473192,"Nb_vs_On","On higher"
"lhpp",5.41908455105161,-4.04001299746215,3.72826481860205,0.00498607224529959,0.00974524173692406,"Nb_vs_On","On higher"
"ttyh1",127.910060639791,2.41560543563267,1.1847608450855,0.00499529347222823,0.00976099824726492,"Nb_vs_On","Nb higher"
"cryaa",5.71515733935944,-3.9423281675465,3.38943040512038,0.00500142086284979,0.00977070337049653,"Nb_vs_On","On higher"
"nrxn1b",3.97509498597482,-3.96555940738567,3.69536120120291,0.00500974218382269,0.00978468902631541,"Nb_vs_On","On higher"
"snap29",3.01072970225133,-3.58276518484421,7.43272881646341,0.00501165446369678,0.00978615339257701,"Nb_vs_On","On higher"
"xrcc6",8.64829726400249,-3.99651465137206,3.75187491565864,0.00501798105203454,0.00979623480891159,"Nb_vs_On","On higher"
"lsm3",4.77667421552025,-4.00866441760124,3.80006658650529,0.0050276391510741,0.00981281390534239,"Nb_vs_On","On higher"
"socs1b",4.53329493024782,-1.08985357772637,2.17211469577924,0.00503402286254067,0.00982299593344166,"Nb_vs_On","On higher"
"pgam5",153.721647196846,-4.05812750457009,3.45216201300235,0.00503595193661994,0.00982448282791812,"Nb_vs_On","On higher"
"trappc12",213.31545066462,-4.09964163407504,3.79951097540382,0.00503952583694271,0.00982679304842954,"Nb_vs_On","On higher"
"dachc",3.51659095028848,-1.00095622413315,1.93395485562945,0.00504028504020903,0.00982679304842954,"Nb_vs_On","On higher"
"spryd7b",5.52333635454387,-0.797459945415058,1.55293355158584,0.00504063820184352,0.00982679304842954,"Nb_vs_On","On higher"
"pgap6",167.471595594139,-3.90804183337112,3.00261429442468,0.00504266206937194,0.00982846244500417,"Nb_vs_On","On higher"
"gpib",10.3229652559984,3.81615021281182,2.36017782858278,0.0050605710384093,0.00986108495401146,"Nb_vs_On","Nb higher"
"MTCH1",4.42469623698099,-0.75762728244798,1.49428381449443,0.00506302956203473,0.00986359242147844,"Nb_vs_On","On higher"
"mtfr1",48.6261808986787,-3.78213514182108,3.05437270876755,0.00506516744895582,0.00986547422149701,"Nb_vs_On","On higher"
"ilf3b",3.29872790591675,-3.92777155022937,4.76463948256803,0.00507674501564047,0.00988573665085855,"Nb_vs_On","On higher"
"CDYL2",5.66650076907028,-3.84274797043411,3.2036404274451,0.00508063109873276,0.00989101586242655,"Nb_vs_On","On higher"
"sec24b",4.78855051101232,-3.87166316888335,4.85657984315986,0.00509112150604029,0.00990914701453114,"Nb_vs_On","On higher"
"celsr3",2.99316175851681,-3.95641663168912,3.98866257785573,0.00509746670206157,0.00991920358251371,"Nb_vs_On","On higher"
"ublcp1",3.08977396236092,-3.82258238006864,4.531210612584,0.00510072614891434,0.00992325230449756,"Nb_vs_On","On higher"
"si:dkey-283b15.2",18.8537864009155,-3.96418035946618,4.11449347128503,0.005104279945714,0.00992787166890491,"Nb_vs_On","On higher"
"PRDM15",4.64295832221886,-3.70704685379996,5.36796351134034,0.00511488278992982,0.00994619619441655,"Nb_vs_On","On higher"
"pamr1",4.28779528466255,-1.2820848722155,2.85836439529777,0.00512678217559421,0.00996703287624759,"Nb_vs_On","On higher"
"wfdc2",159.247999075409,-3.74255066326855,2.81731906773323,0.00512945126524066,0.0099699193606086,"Nb_vs_On","On higher"
"aadat",15.5226586281517,-3.78674916818601,4.15994795234873,0.00513079820343868,0.0099702352900616,"Nb_vs_On","On higher"
"ppil4",25.8711720204878,-3.68107330473022,2.8310681920903,0.0051343625003879,0.00997358052702711,"Nb_vs_On","On higher"
"dera",4.97338510291142,-0.74742642807088,1.47990675978586,0.00513488928535703,0.00997358052702711,"Nb_vs_On","On higher"
"gp9",3.20665774559831,-1.23573969126983,2.64676969453736,0.00514186407359257,0.00998482393806281,"Nb_vs_On","On higher"
"zswim6",6.62140543103985,-3.85775361201979,3.07748946145089,0.00514911792585444,0.00999660394369065,"Nb_vs_On","On higher"
"gapvd1",3.64683710740309,-0.932631725371347,1.79041819525357,0.00515372133606076,0.010003234080461,"Nb_vs_On","On higher"
"cnot3a",264.895956070755,2.01237493524596,0.925733486926498,0.005161226299467,0.0100154916986891,"Nb_vs_On","Nb higher"
"adprhl2",8.18213615504835,-3.9790069726157,3.45095083790662,0.00516423492053818,0.0100168000554702,"Nb_vs_On","On higher"
"klhl13",4.34544194055635,-3.89142065751735,3.2871478538025,0.00516429650864977,0.0100168000554702,"Nb_vs_On","On higher"
"snx21",3.73843256828157,-3.8796732635612,4.17161472765816,0.0051654703065807,0.0100168000554702,"Nb_vs_On","On higher"
"aasdh",3.13675604994192,-3.78562887931064,3.21324214788347,0.00517225897522175,0.010027654549382,"Nb_vs_On","On higher"
"ostc",8.24570712632733,-3.91811402612552,4.22962786725699,0.00518310806048969,0.010046374315727,"Nb_vs_On","On higher"
"thrb",644.499773036117,-3.64273758812508,2.65352630837398,0.00518947215236823,0.0100563942400174,"Nb_vs_On","On higher"
"rin2",4.49024570740147,-3.85641892485723,3.36815663482854,0.00519519974387963,0.010065176396773,"Nb_vs_On","On higher"
"cish",95.0102812747567,2.15392781820691,1.00385504297434,0.00520399773475479,0.010077582914922,"Nb_vs_On","Nb higher"
"cyb5b",5.50303017649033,-1.50260865714751,4.30846387537432,0.00520387994210349,0.010077582914922,"Nb_vs_On","On higher"
"mapkap1",3.04254647123662,-1.35599847671472,3.23943029167969,0.00520661053769904,0.0100803237135121,"Nb_vs_On","On higher"
"hax1",8.00535620678401,-0.764896953121511,1.50463125855073,0.00521727818880857,0.0100986543558038,"Nb_vs_On","On higher"
"pald1a",4.00434298134662,-3.8380832634029,4.92638568663683,0.00522654166829353,0.0101142592560218,"Nb_vs_On","On higher"
"mtx2",2.83472889140649,-1.22305580269771,2.60416850766083,0.00522782504493143,0.0101144176576035,"Nb_vs_On","On higher"
"mrps36",358.80370511478,1.89145491357261,0.87293733497693,0.0052290854804546,0.0101145316117801,"Nb_vs_On","Nb higher"
"elmsan1b",4.90009147329708,-3.75192944228814,5.35989370926677,0.00523601482073728,0.0101238692475574,"Nb_vs_On","On higher"
"senp6a",5.37082406113003,-0.88370992924185,1.69660976602914,0.00523631821143562,0.0101238692475574,"Nb_vs_On","On higher"
"mrpl15",5.15048518140555,-3.95908765570274,3.56487096921359,0.00525034996428408,0.0101486672788389,"Nb_vs_On","On higher"
"faim2b",4.76155504192372,-0.744354562738697,1.47401891451633,0.00525403157492638,0.0101534522033357,"Nb_vs_On","On higher"
"ZRANB1",32.5627814408492,2.40823981688126,1.15886465474994,0.00526696882100663,0.0101761174053784,"Nb_vs_On","Nb higher"
"march2",3.61563835295534,-3.78031229195778,3.4862071091373,0.00527205782654372,0.0101836123872981,"Nb_vs_On","On higher"
"lpcat3",9.54594556541074,-3.73592250902141,2.82571903157754,0.00527905344694315,0.0101947859408964,"Nb_vs_On","On higher"
"vaspb",3.55449581559444,-1.14884069614101,2.3439445719559,0.00530501305227004,0.0102404119284058,"Nb_vs_On","On higher"
"gabrb2a",7.41478186642169,-1.13333492365424,2.28862674774355,0.0053051124281038,0.0102404119284058,"Nb_vs_On","On higher"
"nt5c2b",5.18824405483654,-3.81119874008825,4.16297539779762,0.00531651551695887,0.0102600705230994,"Nb_vs_On","On higher"
"inpp5b",3.79015406980164,-0.756843435932534,1.49103846829734,0.00532965943639188,0.0102830788758989,"Nb_vs_On","On higher"
"AXIN2",3.00292661709467,-3.78198627784972,3.52938473198371,0.00533254647198917,0.010286291521816,"Nb_vs_On","On higher"
"dennd5a",4.34058063445802,-3.88409742431143,4.23794790154232,0.00534012985195509,0.0102985597007464,"Nb_vs_On","On higher"
"furinb",3.41666004100445,-3.9039838874007,3.61352226902973,0.00534996042373739,0.0103151550268029,"Nb_vs_On","On higher"
"ankrd40",27.1058901852172,-3.74348499874763,2.93376006914217,0.00535209356674938,0.0103169048877711,"Nb_vs_On","On higher"
"ankle2",5.38934772482851,-3.86561682169395,3.2794461524752,0.00535797785045478,0.0103258831376209,"Nb_vs_On","On higher"
"arhgap17b",7.73597176254457,-1.44583663616606,3.8153001669985,0.00537346841665858,0.0103509970552476,"Nb_vs_On","On higher"
"ptpn11b",3.60915164360495,-0.762945029464444,1.49982690638602,0.00537231271760592,0.0103509970552476,"Nb_vs_On","On higher"
"gtf2h4",35.2530096802558,-3.88834926689989,3.28505062545374,0.00538213399049537,0.0103653177606932,"Nb_vs_On","On higher"
"nt5dc1",6.22493680455468,-3.74693451187197,3.21840413701877,0.0053895229405968,0.010377173859548,"Nb_vs_On","On higher"
"ccdc28b",3.4955475780839,-1.3181034482749,2.97810650897017,0.00539948900722141,0.0103939854705671,"Nb_vs_On","On higher"
"hmgcl",55.7287130077286,-3.79409605857838,3.0338392287081,0.00542796680803513,0.0104424512223098,"Nb_vs_On","On higher"
"cmbl",48.5863004806709,3.16280796988697,1.74539873200362,0.00542611953561045,0.0104424512223098,"Nb_vs_On","Nb higher"
"gmcl1",341.615355212529,-1.71940179442004,0.826265041672364,0.00542838756816675,0.0104424512223098,"Nb_vs_On","On higher"
"ntmt1",90.2038593960393,-3.76533428097009,2.92419318211977,0.00543022183995118,0.0104435932028122,"Nb_vs_On","On higher"
"trim59",6.86274586538784,-3.61965453482618,5.80812025531904,0.00543639923346194,0.0104530855978261,"Nb_vs_On","On higher"
"cdan1",5.42798144746237,-3.7892486615624,3.31699616537127,0.00544098883486862,0.0104571333360557,"Nb_vs_On","On higher"
"gpat3",4.7086591679133,-0.63930991266192,1.34473669029843,0.00543991462175876,0.0104571333360557,"Nb_vs_On","On higher"
"ARHGEF26",22.6526088521035,2.15421349724374,1.0233353064346,0.0054434571309597,0.0104594891870392,"Nb_vs_On","Nb higher"
"trub1",6.72629886753689,-3.73964652044616,3.6632904814417,0.00547476798113542,0.0105172516807846,"Nb_vs_On","On higher"
"adgra2",6.45260481483962,-0.864501490976645,1.6616751378111,0.00547673924040017,0.0105186381304332,"Nb_vs_On","On higher"
"si:ch211-136a13.1",5.37656496528304,-3.81725329948935,4.70855925298441,0.00548707395854115,0.0105354409007989,"Nb_vs_On","On higher"
"tbx20",4.86565873155811,-3.61434486675696,5.15257109895666,0.00548799101330521,0.0105354409007989,"Nb_vs_On","On higher"
"ankfy1",130.656851784996,-1.69321390186444,0.803273937067917,0.00549664535948163,0.0105496490278423,"Nb_vs_On","On higher"
"prrg4",3.90239416143748,-3.80256959679595,3.72125857835976,0.00549838817987859,0.0105505884883104,"Nb_vs_On","On higher"
"RPA1",4.42745528761378,-3.80713932036597,4.73980231217415,0.00550421151420217,0.0105593556350396,"Nb_vs_On","On higher"
"macroh2a2",3.37591610425583,-1.01454355367702,1.96421386641877,0.00550644968871117,0.0105612425335089,"Nb_vs_On","On higher"
"calm1b",73.0639738671114,-1.89945776273218,0.964210430731993,0.00550986432926353,0.0105653844928794,"Nb_vs_On","On higher"
"asb6",5.60994040609576,-3.87606083650951,3.77632996884229,0.00551910393700901,0.0105806916287274,"Nb_vs_On","On higher"
"cry2",4.38505441775753,-3.84504641056509,4.57957712937445,0.00552339224323179,0.0105865017995276,"Nb_vs_On","On higher"
"porb",3.63094229862496,-3.87738798319883,3.82785931922886,0.00552830791654996,0.010593511505012,"Nb_vs_On","On higher"
"ILK",5.41547203657257,-0.520429380245422,1.22951945105378,0.00553537541757508,0.0106046404790958,"Nb_vs_On","On higher"
"znf648",5.61351061822714,4.82664970356626,3.63087377981047,0.0055372954510323,0.010605905143752,"Nb_vs_On","Nb higher"
"sema6d",3.33075788461701,-1.09840395432684,2.17724912981983,0.00554786459075864,0.0106237316025947,"Nb_vs_On","On higher"
"cep135",64.4141063897619,-3.68362550237288,4.16949547562156,0.00555291058031605,0.0106309759529453,"Nb_vs_On","On higher"
"imp3",4.25272343394455,-3.87182528266625,3.45337272597423,0.00555596599011908,0.0106344069360669,"Nb_vs_On","On higher"
"kmt5b",3.60769981870774,-3.73699552481587,3.46477381416877,0.00555814631826744,0.0106361617884008,"Nb_vs_On","On higher"
"slc30a4",105.63400574367,-2.05862574046915,1.15660692566307,0.00556066560980736,0.0106385643416724,"Nb_vs_On","On higher"
"ppp1r14c",3.31996512059107,-3.76745853700209,3.37217173791282,0.0055656252261295,0.0106456335272797,"Nb_vs_On","On higher"
"lfng",4.98517913095709,-3.83543165339613,3.4679783319892,0.00557625029558974,0.010661111739331,"Nb_vs_On","On higher"
"lgalslb",3.41347732347333,-3.80708903076157,4.3292959664252,0.00557596433347288,0.010661111739331,"Nb_vs_On","On higher"
"papolg",3.48293623963145,-3.76822312022811,4.70541863369974,0.00558259765036841,0.0106708235742056,"Nb_vs_On","On higher"
"hdac7a",5.32873910379834,-0.905477563319508,1.73096532549321,0.00561070906414158,0.0107221223386933,"Nb_vs_On","On higher"
"tapbp.2",4.79563328610257,-0.6370332727654,1.34201230758543,0.0056122251196138,0.0107225853510915,"Nb_vs_On","On higher"
"CACNA1D",5.78035647144642,-0.899386524434027,1.72142559485866,0.00561729480301591,0.0107298360907166,"Nb_vs_On","On higher"
"slc35d1a",3.30769231141955,-1.17458942372358,2.38205554389751,0.00562002599969534,0.0107326177099445,"Nb_vs_On","On higher"
"kcnj9",5.20611926696569,-3.77874029359021,4.36914330432727,0.00562150943671614,0.0107330157492122,"Nb_vs_On","On higher"
"agpat2",7.90133473109813,3.39246849817473,1.88662001121484,0.00562417436168976,0.0107344041092931,"Nb_vs_On","Nb higher"
"syt5a",27.8046449068725,-2.36820693339172,1.51663575060977,0.00562606212048008,0.0107344041092931,"Nb_vs_On","On higher"
"ndufaf3",1783.86935132203,2.24022225555031,1.15821250457895,0.0056255041975592,0.0107344041092931,"Nb_vs_On","Nb higher"
"prox3",2.70769265432633,-3.75548087870188,3.72196873538861,0.00562828504420138,0.0107362119877832,"Nb_vs_On","On higher"
"pbdc1",4.97700051429489,-3.27431044445634,8.7972647367757,0.00564609482224253,0.0107677449509827,"Nb_vs_On","On higher"
"ccdc174",5.76157041542146,-3.67649015993472,3.14304649057557,0.0056606692790382,0.010793094901686,"Nb_vs_On","On higher"
"coa5",3.06188171258429,-0.87113707724056,1.66822398098382,0.00566945672660536,0.0108074018850915,"Nb_vs_On","On higher"
"IKZF5",27.8872269557313,-3.59503306642169,2.95896484583038,0.00567183836379387,0.0108094940788809,"Nb_vs_On","On higher"
"acap2",4.11953788995442,-0.675224468140074,1.38505533115048,0.00568038766090574,0.0108233371049127,"Nb_vs_On","On higher"
"si:ch211-150g13.3",4.47499857117885,-0.902011649551021,1.7245257045268,0.00569764483691507,0.0108537619907561,"Nb_vs_On","On higher"
"rad17",31.7180287968065,-3.86804495671968,4.11942741083799,0.00570396533146637,0.0108623643624173,"Nb_vs_On","On higher"
"lyar",4.92257064382706,-0.945494932698123,1.81174898919701,0.00570474136923819,0.0108623643624173,"Nb_vs_On","On higher"
"acsbg2",3.18446713983297,-0.778648527777821,1.52048984574035,0.00571202410968536,0.0108737718126032,"Nb_vs_On","On higher"
"kdm4b",3.53848352143473,-0.878067811134802,1.68155880270828,0.00571484835326465,0.0108766885457341,"Nb_vs_On","On higher"
"usp48",5.73075737807273,-3.77727305686085,3.25243370139796,0.00572738689610959,0.0108975933156474,"Nb_vs_On","On higher"
"ccdc167",37.4878999102812,-3.56053036498381,3.13109354122746,0.00572842129029931,0.0108975933156474,"Nb_vs_On","On higher"
"mrpl22",9.1406923973589,-3.81169545972768,3.66944721205912,0.00573387124510528,0.0109054966428595,"Nb_vs_On","On higher"
"psmd4b",4.23063176415122,-1.06318294381128,2.07921052410798,0.00574239415688859,0.0109192396685539,"Nb_vs_On","On higher"
"sort1a",3.39156385305814,-0.943791239589423,1.80559023437645,0.00574779416886312,0.0109245724347459,"Nb_vs_On","On higher"
"TAGAP",3.44160601155706,-0.879118712230297,1.6826015568438,0.00574677560943172,0.0109245724347459,"Nb_vs_On","On higher"
"DDX41",3.25079068216098,-0.993591125421501,1.91363861488253,0.00575467255352239,0.0109351768748423,"Nb_vs_On","On higher"
"creg1",7.73409329823124,-0.794023067626425,1.5448229082049,0.00575703399136542,0.0109371952469677,"Nb_vs_On","On higher"
"smim13",3.72256521821529,-0.791732181123462,1.53917331432399,0.00576415614272189,0.01094825505628,"Nb_vs_On","On higher"
"hvcn1",42.684994990575,-3.74826288615864,3.27900437059666,0.00577168868701907,0.0109576173584408,"Nb_vs_On","On higher"
"coro7",3.99498006873581,-0.869643034619581,1.66533101978665,0.00577113371264157,0.0109576173584408,"Nb_vs_On","On higher"
"mfn1b",8.96580956104986,-3.7764577065096,4.33475288338647,0.0057772591301768,0.0109657198101078,"Nb_vs_On","On higher"
"mcrip1",3.33340712419405,-3.71225288311318,4.04181382544748,0.00578584006992304,0.0109790011474915,"Nb_vs_On","On higher"
"oxnad1",4.57790798244448,-0.529944374646032,1.23716181362235,0.00578686482435491,0.0109790011474915,"Nb_vs_On","On higher"
"rptor",2.75030881215883,-3.53648036785104,5.27868150889393,0.00578888472255954,0.0109803586287756,"Nb_vs_On","On higher"
"pim1",4.30595567599728,-3.64409598786664,4.64079271414263,0.00579285319716812,0.0109844378286664,"Nb_vs_On","On higher"
"UNC13B",13.3662726429534,-3.6235999249243,4.83908201374717,0.00579364504149188,0.0109844378286664,"Nb_vs_On","On higher"
"sirt5",2.78541380436622,-3.59677232864765,5.100110961436,0.00581250645130527,0.0110177165744399,"Nb_vs_On","On higher"
"spout1",7.04670000181711,-3.56895708964368,4.13653349906956,0.00581520905473486,0.0110203579069694,"Nb_vs_On","On higher"
"lman2",6.1314867355804,-1.04057963252853,2.02789452790496,0.00582173324836121,0.0110288143514078,"Nb_vs_On","On higher"
"bms1",4.49919683445759,-0.627468922953135,1.33147978976233,0.00582229163431412,0.0110288143514078,"Nb_vs_On","On higher"
"tbc1d30",2.70482633112281,-3.64014909567474,3.40868650021543,0.00582813156057189,0.0110373929081877,"Nb_vs_On","On higher"
"NCKAP1L",3.61193615878689,-0.894795141342065,1.71097958956409,0.00583709539149688,0.0110518823674361,"Nb_vs_On","On higher"
"hp",4.68443608069157,5.45872061434719,4.16949469330955,0.00584471390269662,0.0110638186716663,"Nb_vs_On","Nb higher"
"vps26a",3.56486130656603,-3.67454540717426,3.43778211084013,0.00584836659274138,0.0110682441496621,"Nb_vs_On","On higher"
"ccnyl1",25.8609745563895,-3.57533030346849,3.37462312179386,0.00586004346611035,0.0110878502804489,"Nb_vs_On","On higher"
"VPS26B",3.48718050549802,-3.44529055501546,6.291184377168,0.00588568954185961,0.0111338729355897,"Nb_vs_On","On higher"
"usp1",3.79741449416037,-0.962784253009821,1.84311006560531,0.00589417468213293,0.0111474191135015,"Nb_vs_On","On higher"
"ids",3.18696149148388,-1.0944736544167,2.15487127165874,0.00590377843754788,0.011163074323288,"Nb_vs_On","On higher"
"ubald2",4.63869356945395,-3.63032197841977,4.56731950535994,0.00591045330144628,0.011173185693145,"Nb_vs_On","On higher"
"cul2",4.8714618986518,-1.14639017444425,2.31945000990282,0.00591497723389658,0.0111792272911858,"Nb_vs_On","On higher"
"dtd1",4.95845650248322,-3.69432799655959,3.91401673104899,0.00592497040907409,0.0111905768237796,"Nb_vs_On","On higher"
"sel1l",3.32933532715616,-0.782214274748795,1.52344954988189,0.00592405474287316,0.0111905768237796,"Nb_vs_On","On higher"
"WDR7",4.38171274301394,-0.610740809729541,1.31345086104017,0.00592310869495547,0.0111905768237796,"Nb_vs_On","On higher"
"kctd13",2.56426686786774,-3.56227584307872,4.66279682288719,0.00593513997484721,0.0112072696967842,"Nb_vs_On","On higher"
"aadacl4",82.0284554489353,-0.15902938412247,1.03884065026937,0.0059635653992282,0.0112584197198257,"Nb_vs_On","On higher"
"foxj2",4.12194675116101,-0.981604204542809,1.88304821384488,0.00597161855091665,0.0112710952828736,"Nb_vs_On","On higher"
"six3b",5.91925466362391,-1.18559078522666,2.39999351561192,0.00597365501946533,0.0112724115565701,"Nb_vs_On","On higher"
"dtwd1",997.465251529442,-3.66188197877822,2.81258377210319,0.00597641694775534,0.0112750958911261,"Nb_vs_On","On higher"
"cnot6l",3.34029190448041,-3.61043850641081,4.45914507522149,0.00598030014054438,0.0112798939240651,"Nb_vs_On","On higher"
"gldc",5.72689427214563,-3.700011215824,3.19921226510141,0.00598329451147931,0.0112830137091471,"Nb_vs_On","On higher"
"rasgef1ba",4.49815899394921,-3.70811242439543,4.74760577373382,0.00598909639057974,0.011288896868764,"Nb_vs_On","On higher"
"zgc:162989",63.0508839415616,-3.58565586540665,2.93630852683485,0.00598900835271327,0.011288896868764,"Nb_vs_On","On higher"
"lactb",22.897022195764,-3.7146905476349,3.31900294399099,0.00599257545088861,0.0112903984211236,"Nb_vs_On","On higher"
"gne",5.60139158626797,-1.29775100876517,2.87069069447208,0.00599204987385963,0.0112903984211236,"Nb_vs_On","On higher"
"matn3b",4.49845787599868,-0.618303534198197,1.32092907950039,0.00599658225647904,0.0112954194305304,"Nb_vs_On","On higher"
"cdk19",3.60595210472523,-1.61341653900855,5.09659757373037,0.00600357259861129,0.0113060568534921,"Nb_vs_On","On higher"
"tubgcp2",9.15724616082188,-3.72978782832183,3.407873714507,0.00601485117960563,0.0113247634153255,"Nb_vs_On","On higher"
"si:dkey-34d22.1",120.559096076494,-3.51769699635436,2.71125235365949,0.00602158285965166,0.0113349026190849,"Nb_vs_On","On higher"
"ufl1",4.97625955596074,-0.683006365771911,1.39384150413947,0.00603157846035108,0.0113511798522771,"Nb_vs_On","On higher"
"SPATA5",3.22545848918823,-0.717875149275605,1.43590391367376,0.00604627067926658,0.0113762866736849,"Nb_vs_On","On higher"
"dis3l",26.0703315081866,-3.65542044265743,3.11253159753195,0.00605870065422067,0.0113971267278725,"Nb_vs_On","On higher"
"cd248a",4.447334811642,-0.825900239801615,1.59255224666971,0.00606430722835137,0.0114051247203445,"Nb_vs_On","On higher"
"dennd11",5.63623664516363,-3.51688280100727,2.96060541259681,0.00607080914050833,0.0114148026233637,"Nb_vs_On","On higher"
"si:dkey-72l14.4",34.7197089663589,-3.72359172744516,3.13305543017107,0.00608680115700893,0.0114423162437921,"Nb_vs_On","On higher"
"bcam",3.52971923031313,-0.874031904312292,1.67207591233782,0.00609722759314378,0.0114593574188623,"Nb_vs_On","On higher"
"herc3",3.23736720064924,-3.66459340067872,3.73861664668287,0.00610225947233175,0.0114662545174305,"Nb_vs_On","On higher"
"itsn1",2.93005839517187,-1.13470201246637,2.26758959221679,0.00610565910197064,0.0114700821960252,"Nb_vs_On","On higher"
"postnb",4.58759046555186,-0.926220496849254,1.76680716125874,0.00610907810303812,0.0114739445496151,"Nb_vs_On","On higher"
"gpd1c",4.18305907778299,-0.673053467881098,1.38193020500848,0.00611246047579572,0.0114777364009031,"Nb_vs_On","On higher"
"zdhhc14",5.48153031935745,-0.709741368098431,1.42608319472794,0.00615872552823822,0.0115620320019423,"Nb_vs_On","On higher"
"smn1",17.0359235601747,-3.74718093964437,3.66085260302706,0.00616434508497609,0.011570001544109,"Nb_vs_On","On higher"
"esrra",5.46739588622062,-3.66349149335839,3.89131428152453,0.00616629265064043,0.0115703720586923,"Nb_vs_On","On higher"
"serpinc1",3.33246507906811,-3.45632586940393,4.27534566377155,0.00616729145014879,0.0115703720586923,"Nb_vs_On","On higher"
"ddx11",303.112860795819,-1.87523188630362,0.987295021733465,0.00617412579111169,0.011580612947767,"Nb_vs_On","On higher"
"psap",185.21469260957,-2.01271955306026,1.10286943107829,0.00618510511649225,0.0115986221587507,"Nb_vs_On","On higher"
"ctdsplb",17.1117733709047,-2.85485736387086,10.2772640803232,0.00618709877949873,0.0115997767318085,"Nb_vs_On","On higher"
"ist1",4.10350025707532,-3.50765375620596,5.44388280122427,0.00619369057428942,0.0116095496001711,"Nb_vs_On","On higher"
"ncf1",6.23971416821415,-0.867519890500628,1.66155299770762,0.00619712970150975,0.0116134100238889,"Nb_vs_On","On higher"
"sypa",4.15336855601648,-0.580457411596659,1.2829549329668,0.00619939636185934,0.0116150720173897,"Nb_vs_On","On higher"
"scamp4",6.65659583083981,-3.63610766200233,3.0002000451097,0.00620141071939313,0.0116162606666336,"Nb_vs_On","On higher"
"rps6ka3b",2.82030818565715,-1.11075238026816,2.19145852607757,0.00620391117043743,0.0116182630192677,"Nb_vs_On","On higher"
"nop14",3.37642930481876,-1.04929986588585,2.03495644601326,0.00620524002549629,0.0116182630192677,"Nb_vs_On","On higher"
"tmem242",36.8309302455149,1.98428903936601,0.947567195751145,0.00621026218894956,0.0116224960219158,"Nb_vs_On","Nb higher"
"si:dkey-156n14.3",3.77695959824693,-0.901127726619827,1.71853142400216,0.006209704760779,0.0116224960219158,"Nb_vs_On","On higher"
"slc16a6a",27.6645807993398,3.10151209035901,2.01797023537871,0.00621649066003552,0.0116263982173248,"Nb_vs_On","Nb higher"
"dipk1b",8.67972309336927,2.75587084072496,1.70167757626909,0.00621584637625841,0.0116263982173248,"Nb_vs_On","Nb higher"
"si:ch211-1e14.1",4.58808421168419,-0.911953975722303,1.73884388526768,0.00621620809349452,0.0116263982173248,"Nb_vs_On","On higher"
"AP3B2",4.84544983256131,-1.35208671013148,3.09167594736877,0.00622383061652031,0.0116375402332004,"Nb_vs_On","On higher"
"mrps11",4.12861632063564,-0.838127905245176,1.61001628782414,0.00623500109188649,0.0116558381504554,"Nb_vs_On","On higher"
"snrka",4.59219403277566,-3.61006089397952,4.42211702005795,0.00623692904657393,0.0116565762585983,"Nb_vs_On","On higher"
"foxl1",5.52423363364198,-0.545256311843449,1.25058444722119,0.00623816536528691,0.0116565762585983,"Nb_vs_On","On higher"
"mpx",6.69389525224117,-0.444843496963068,1.17079987526498,0.00624058636984756,0.0116585122195687,"Nb_vs_On","On higher"
"yeats2",3.39975180155161,-3.60811866448623,3.96581292956602,0.00625059157832881,0.0116746128037213,"Nb_vs_On","On higher"
"arg1",105.450899434514,-3.42364037952486,2.73363417086792,0.00625647320611488,0.0116783038775346,"Nb_vs_On","On higher"
"mafk",16.9380088758707,2.67833514208174,1.66416690381945,0.00625672968492293,0.0116783038775346,"Nb_vs_On","Nb higher"
"gpr157",3.39898776903374,-0.770343977394488,1.50561631584756,0.006254079130567,0.0116783038775346,"Nb_vs_On","On higher"
"nabp1a",4.07305933345277,-3.65123487658408,4.04608764686643,0.00626385814613679,0.0116852834259838,"Nb_vs_On","On higher"
"adcy6a",4.69649854598631,-1.12143313381446,2.2370129801344,0.00626216856235297,0.0116852834259838,"Nb_vs_On","On higher"
"spi1b",5.86430682160137,-0.858582057341794,1.64476098619073,0.00626463341666249,0.0116852834259838,"Nb_vs_On","On higher"
"ube2f",14.3943230365898,-3.38254346842229,4.95945102497633,0.00626781311229571,0.011687997251864,"Nb_vs_On","On higher"
"dusp16",3.091746073407,-1.07644004915651,2.1064418738328,0.00626886524021926,0.011687997251864,"Nb_vs_On","On higher"
"UBA3",3.87502964421284,-3.4565970585954,5.44796531929966,0.00627339949677876,0.0116938611523214,"Nb_vs_On","On higher"
"PER2",5.19520195315341,-3.54270696003245,2.96765128116902,0.00627913051925687,0.0117019527808511,"Nb_vs_On","On higher"
"rpap2",11.0793951213891,-3.5966707235587,3.44736121267917,0.00628652526642238,0.0117105487259888,"Nb_vs_On","On higher"
"adka",3.69321481148234,-3.51599203928705,4.68455680636573,0.00628651202616959,0.0117105487259888,"Nb_vs_On","On higher"
"IKZF4",2.93318593209954,-0.758571159277336,1.48910800366802,0.00629798603573665,0.0117293023116883,"Nb_vs_On","On higher"
"im:7152348",3.91705668737603,-3.44371520243123,3.73953711790845,0.00630530329560051,0.0117403324800631,"Nb_vs_On","On higher"
"rbpms2a",23.5750227132786,-1.8646291313319,0.95580071698158,0.00632114648256108,0.011767229343255,"Nb_vs_On","On higher"
"eny2",3.16416742155296,-3.37119182724919,5.40781917097443,0.0063368869588184,0.0117939231526273,"Nb_vs_On","On higher"
"tmem244",3.03622474633193,-1.03916749272922,2.00570314380073,0.00634842993193925,0.0118101841253181,"Nb_vs_On","On higher"
"cd302",5.43484343638112,-0.746635576391171,1.4737767808934,0.00634798756148502,0.0118101841253181,"Nb_vs_On","On higher"
"rdh12",4.66374399250265,-0.507257909954583,1.21769733607261,0.00635010441797847,0.0118106891273846,"Nb_vs_On","On higher"
"pcsk2",11756.7239825063,-3.59108112685498,3.35587251009365,0.00635857021904674,0.0118238224218987,"Nb_vs_On","On higher"
"itgb3a",4.82555207674755,-1.2015410516537,2.48475632030523,0.00636725920446795,0.0118373648372816,"Nb_vs_On","On higher"
"rnf130",4.22236916646116,-1.57468396305027,4.58587928710811,0.00637199424930647,0.0118435521286513,"Nb_vs_On","On higher"
"pxylp1",3.2005952404547,-0.919703510806622,1.74951256461229,0.0063745790445284,0.0118457409264548,"Nb_vs_On","On higher"
"akt2",3.22618280185778,-1.04049287082464,2.0116855208558,0.00637684984241656,0.01184734539251,"Nb_vs_On","On higher"
"ACLY",5.26557833102707,-0.800071611094959,1.54909277648681,0.00638555811691076,0.0118609064934146,"Nb_vs_On","On higher"
"ttc36",5.37077124479007,-3.63723412132026,4.41416554991487,0.00641886100028856,0.011912486954933,"Nb_vs_On","On higher"
"mrpl13",101.683805580095,-3.58160023733142,2.92891742126921,0.00641772130880847,0.011912486954933,"Nb_vs_On","On higher"
"OTUB2",34.5232046072811,-3.37919475893926,2.88692244215757,0.00641865957637098,0.011912486954933,"Nb_vs_On","On higher"
"wdr91",3.10537455195968,-0.810027549981641,1.5646870860261,0.00641898798141794,0.011912486954933,"Nb_vs_On","On higher"
"hexdc",263.886477722516,-1.73955291215888,0.857807466005948,0.00642171788346983,0.0119149264146019,"Nb_vs_On","On higher"
"slc16a6b",15.0454482475021,-3.43870702733731,2.89358479231373,0.00644020436175237,0.0119439612948296,"Nb_vs_On","On higher"
"cacnb2a",3.8642875376168,-0.860207961775924,1.64203980271034,0.00643945593387022,0.0119439612948296,"Nb_vs_On","On higher"
"adcy6b",4.17708687110831,-3.60265160193858,3.87251846918254,0.00644607964250188,0.0119522243239165,"Nb_vs_On","On higher"
"ccdc12",15.8951428082989,-1.18015583381085,2.41732562305134,0.00647642642372241,0.0120032051155648,"Nb_vs_On","On higher"
"ftr82",3.20907482596186,-0.959884496245697,1.83378366773356,0.00647578967803166,0.0120032051155648,"Nb_vs_On","On higher"
"wdtc1",2.9501886108617,-1.07240371299106,2.09011891686178,0.00647989530570839,0.0120069906853298,"Nb_vs_On","On higher"
"mrps26",194.698836460074,-3.68455469795257,4.05232560347341,0.00650189414300722,0.0120451023098228,"Nb_vs_On","On higher"
"PTDSS1",8.03022284000677,-3.54952816550477,3.80695281516074,0.00650840086003012,0.0120526961078058,"Nb_vs_On","On higher"
"git2a",24.4935482596308,-3.50155745010139,2.95168811141505,0.00650885679568604,0.0120526961078058,"Nb_vs_On","On higher"
"ucp2",4.88218758144399,-3.51626314589797,3.75105579541598,0.00651156412625934,0.0120550575796902,"Nb_vs_On","On higher"
"rgma",2.97077941048197,-3.23708574601372,6.79839987973628,0.00652019628036887,0.0120683844081234,"Nb_vs_On","On higher"
"zgc:153215",5.59972570435248,-3.53192731996651,2.96446995497668,0.00652263843350998,0.0120702506777945,"Nb_vs_On","On higher"
"smarcd2",3.60731100923049,-1.33178943355603,2.99740639696489,0.00653529242757703,0.0120910091550205,"Nb_vs_On","On higher"
"ficd",732.128809632717,-3.58764557517933,2.83062827222731,0.006544622206504,0.0121056096977259,"Nb_vs_On","On higher"
"mpc2",5.76505714500985,-3.3920605215245,4.46164775844485,0.00654625625610476,0.0121059721361797,"Nb_vs_On","On higher"
"gamt",14.2346998519124,-3.67887502852593,3.40784343508462,0.00656816705523753,0.0121438239119239,"Nb_vs_On","On higher"
"fbxo30b",4.3289820540075,-3.39855445769061,4.63772842367693,0.0065787606954586,0.0121589457248628,"Nb_vs_On","On higher"
"pag1",4.00807395795541,-0.8351959144324,1.60382507472222,0.00657923470857095,0.0121589457248628,"Nb_vs_On","On higher"
"mindy2",4.43301528721396,-3.25713534473131,5.28311676674578,0.00658806147499362,0.012167244733764,"Nb_vs_On","On higher"
"timm10",2.67801436190514,-1.08591192337749,2.12070165465976,0.00658744368608184,0.012167244733764,"Nb_vs_On","On higher"
"cryz",4.58854878341477,-0.636594796034975,1.34019273518908,0.00658640033815589,0.012167244733764,"Nb_vs_On","On higher"
"jam2a",939.291244781003,-3.51590737152349,4.89356618009471,0.00659866708552289,0.0121841587027707,"Nb_vs_On","On higher"
"atl3",6.11939038297638,-0.881579657430445,1.68377908050759,0.00660707304799249,0.0121970045872809,"Nb_vs_On","On higher"
"plod3",4.40946406033854,-0.630174789696421,1.33355746162652,0.00660970090903132,0.0121991804981859,"Nb_vs_On","On higher"
"ppp1r7",3.41028671573798,-0.946980476676728,1.80032848807222,0.00661763863442054,0.0122111534468549,"Nb_vs_On","On higher"
"cdk8",4.28846770597235,-3.57452324342875,3.35833000307191,0.00662252904348111,0.0122142517915164,"Nb_vs_On","On higher"
"lonp2",4.39221142473529,-1.29496908453503,2.82718540250651,0.00662367063771351,0.0122142517915164,"Nb_vs_On","On higher"
"myo1b",3.73293072542854,-0.889460431108996,1.69548005592996,0.00662094645179136,0.0122142517915164,"Nb_vs_On","On higher"
"miga1",8.74465444047085,2.19783963471765,1.09455893233995,0.00662830470266937,0.0122201202336993,"Nb_vs_On","Nb higher"
"timm13",32.8046816608982,-3.45473800601405,3.29367518901275,0.00665706810853439,0.0122704618650411,"Nb_vs_On","On higher"
"aldh1a2",8.03524409148802,-0.427946445311965,1.15908786228748,0.00665890141918458,0.0122711541477005,"Nb_vs_On","On higher"
"pold1",356.753346220503,-3.46621055798884,2.89385081509603,0.00666376872523542,0.0122767109143004,"Nb_vs_On","On higher"
"tmcc3",3.02834157849967,-3.35464790948128,4.74247156273496,0.00666483355646859,0.0122767109143004,"Nb_vs_On","On higher"
"polr1b",158.584906676563,-3.55160961820789,2.83044215591556,0.00668110477815777,0.0123039903790269,"Nb_vs_On","On higher"
"cog6",2.54520950455457,-3.31244149806485,4.67192883599208,0.0066850898874073,0.0123086366299638,"Nb_vs_On","On higher"
"gadd45gip1",4.23351274811058,-1.56206948073605,4.36892519981645,0.00668664817477911,0.0123088135436892,"Nb_vs_On","On higher"
"cnrip1a",5.23222658799344,-1.36368103782864,3.09482537332308,0.00668933364650872,0.0123110648527132,"Nb_vs_On","On higher"
"prkcba",3.48261127518978,-3.54430355223309,4.24879455862812,0.00670964863459388,0.0123457534876527,"Nb_vs_On","On higher"
"dennd2b",4.17135145806805,-0.588824030213819,1.2905495085662,0.00672369394654616,0.0123688932784147,"Nb_vs_On","On higher"
"kbtbd11",3.01679968361288,-1.10518883597,2.15739399651195,0.00675519152809244,0.0124241211019188,"Nb_vs_On","On higher"
"yif1a",2.87544813014032,-1.49740365103475,3.91065710091325,0.00677038509222163,0.0124493450647273,"Nb_vs_On","On higher"
"vldlr",3.03827075968002,-3.21666879338969,5.23761105496128,0.00677952754619783,0.0124614330674992,"Nb_vs_On","On higher"
"cds2",3.30147599073952,-1.24947862524912,2.61629977802061,0.00677991963045219,0.0124614330674992,"Nb_vs_On","On higher"
"slc25a32b",63.1781662925909,-3.39989551633279,3.62628714705571,0.00679664211589007,0.0124867161352166,"Nb_vs_On","On higher"
"zgc:194209",3.95452759536424,-0.564449088044622,1.26687744212454,0.00679523245367089,0.0124867161352166,"Nb_vs_On","On higher"
"gcfc2",4.31753216788342,-1.01481986322117,1.94831920162544,0.00681100048854058,0.0125103648510876,"Nb_vs_On","On higher"
"zgc:165481",14.1983396274024,-3.37871024415384,4.14543432953495,0.00682054924038507,0.0125251709218066,"Nb_vs_On","On higher"
"inhbb",3.85364707575779,-3.19102024850689,5.61627969924664,0.00683181546298556,0.0125431237878762,"Nb_vs_On","On higher"
"gata2a",5.97214822144631,-0.470431559184958,1.18902760136522,0.00683529301278338,0.0125467720413455,"Nb_vs_On","On higher"
"hmbox1a",5.27633400860576,3.39847065735479,2.08701090162941,0.0068563174683735,0.0125826205469301,"Nb_vs_On","Nb higher"
"usp28",9.59372004181894,2.4999876629566,1.53316873996986,0.00685948891964077,0.0125856969759233,"Nb_vs_On","Nb higher"
"arhgap42b",5.04535412036155,-3.36637784203068,4.09787578663443,0.00687286560483641,0.0126074924082617,"Nb_vs_On","On higher"
"dhrs12",112.373374227755,-3.57712971951807,4.0697128181229,0.00687984583701059,0.0126175473324521,"Nb_vs_On","On higher"
"nuf2",3.06076553149739,-3.41881431375058,3.99315873862271,0.00688344329859854,0.0126213952706605,"Nb_vs_On","On higher"
"tnfsf12",4.80628704180703,-0.882843156912701,1.68228871085248,0.00690007434095411,0.0126491345387961,"Nb_vs_On","On higher"
"rrn3",7.98472097379181,-0.805178975493322,1.55576490731113,0.00690799420375152,0.0126608959736948,"Nb_vs_On","On higher"
"neil3",62.4042017234087,-1.9403913722312,1.07811616875908,0.0069146593003748,0.0126703530671648,"Nb_vs_On","On higher"
"neurl1b",5.10395931038588,-0.905554921754299,1.72476894240198,0.00692254448962936,0.0126820412434603,"Nb_vs_On","On higher"
"si:rp71-39b20.4",4.3623762032384,-0.990561637989994,1.8884980042784,0.00692567027853943,0.0126850070506408,"Nb_vs_On","On higher"
"mpped2a",3.60756357365103,-3.37843143158606,4.42353406693365,0.00693363594173954,0.0126968343175035,"Nb_vs_On","On higher"
"lamb2l",4.08398567966564,-3.445261672977,3.37189887567429,0.00693794846288793,0.0127019682819901,"Nb_vs_On","On higher"
"zgc:162707",5.62871362791967,-3.45460490527075,3.21648122866306,0.0069502881854542,0.0127190273793812,"Nb_vs_On","On higher"
"prom1a",4.41947448226889,-1.09816094040781,2.14149629378178,0.00695026845392387,0.0127190273793812,"Nb_vs_On","On higher"
"copg2",282.723382600546,-1.68410611128717,0.841774771006167,0.00700331717509233,0.0128132849336942,"Nb_vs_On","On higher"
"nfkb1",148.942336269681,2.68418899810974,1.50979772379857,0.00702024777010231,0.0128414701713866,"Nb_vs_On","Nb higher"
"hltf",855.56668161223,-3.30519308600211,3.1673163380133,0.00702833530637122,0.0128534709122383,"Nb_vs_On","On higher"
"manf",5.51948341164978,-3.48096541574598,3.5571386921593,0.00706677268928753,0.0129209584053915,"Nb_vs_On","On higher"
"tatdn3",13.7393170638252,-3.4935701039712,3.13687222289979,0.00707035224363787,0.0129222938965126,"Nb_vs_On","On higher"
"eif2d",3.11553780322661,-0.985994664957655,1.87611411671057,0.00707057325817737,0.0129222938965126,"Nb_vs_On","On higher"
"cxcl19",13.9124639692979,-3.44163877108091,2.88834969504483,0.0070886021712885,0.0129524317512278,"Nb_vs_On","On higher"
"chkb",3.17877592485024,-3.22030128371715,5.49411988880356,0.00710233995323687,0.0129747173885304,"Nb_vs_On","On higher"
"ZNF608",13.0840491144475,-3.33095676040248,4.47073797992118,0.00711232950264503,0.0129901474838937,"Nb_vs_On","On higher"
"myo6b",3.64540525440573,-0.879768034220156,1.67384930450227,0.00711681898868936,0.0129955276023399,"Nb_vs_On","On higher"
"lrig1",2.64682594393739,-1.74980705260142,6.39948164129245,0.0071292837315702,0.0130154652900364,"Nb_vs_On","On higher"
"strip2",2.86353550827329,-0.951964614119515,1.79960606515536,0.0071309787593436,0.013015737032991,"Nb_vs_On","On higher"
"ube2q1",3.89002174379375,-3.34175662739882,4.28411903330585,0.00713592105892884,0.0130191121530262,"Nb_vs_On","On higher"
"mmaa",4.11075482332933,-3.28819429577774,3.86925712772439,0.00713546993886314,0.0130191121530262,"Nb_vs_On","On higher"
"rap1gap",3.65175524720587,-0.685888054965091,1.39437841805335,0.00713949531372951,0.0130228107369393,"Nb_vs_On","On higher"
"ak4",12.1298311449359,-3.38329706711282,2.94594586867602,0.00714312186893441,0.0130266030963366,"Nb_vs_On","On higher"
"RBM38",3.43731922719734,-0.829255816553788,1.59075709025084,0.00714519475552983,0.013027561068237,"Nb_vs_On","On higher"
"hspe1",3.48670311805511,-3.39521129502564,3.97808847884267,0.00716185719353792,0.0130551134376791,"Nb_vs_On","On higher"
"PDE3A",7.65995815677875,-3.21304887175916,3.54058391601564,0.00716375289963429,0.0130557419158089,"Nb_vs_On","On higher"
"ibtk",17.4909557588102,-2.28129353138625,1.55294364251975,0.00717368976787921,0.013071021745889,"Nb_vs_On","On higher"
"plrg1",2.65546197569912,-1.0316862916189,1.97669615689567,0.00718229589438389,0.0130838707723271,"Nb_vs_On","On higher"
"WDR31",4.49811720697543,-1.02923647707204,1.96965114971545,0.00719759317436142,0.0131089007662861,"Nb_vs_On","On higher"
"YTHDF1",3.77751142050377,-3.27547417818509,4.664546116122,0.00720053563264275,0.0131114230922749,"Nb_vs_On","On higher"
"tomm5",4.0673818028345,-0.797140917804332,1.54253596888433,0.00720359539947842,0.0131141578877183,"Nb_vs_On","On higher"
"parn",3.54141723611603,-3.43834165084138,3.81160722124215,0.00721100759074612,0.0131230808240979,"Nb_vs_On","On higher"
"gar1",18.5626047130676,-1.25263052534061,2.62667756828682,0.00721161462250856,0.0131230808240979,"Nb_vs_On","On higher"
"lclat1",28.3995054248687,-3.45875890253779,3.11762528256683,0.00721647207718245,0.0131290818987944,"Nb_vs_On","On higher"
"KCTD15",91.2624764768834,-3.4295167659152,3.21468326077244,0.00722546881678548,0.0131421260365373,"Nb_vs_On","On higher"
"pacsin2",4.22566764400924,-3.1901410178193,4.71979476848186,0.00722832543943547,0.0131421260365373,"Nb_vs_On","On higher"
"myrip",3.7886191621506,-1.00888913848436,1.91097651719486,0.00722811346102805,0.0131421260365373,"Nb_vs_On","On higher"
"ahi1",3.10204914134553,-3.25871539653461,4.7027796010106,0.00723254286947252,0.0131469544105419,"Nb_vs_On","On higher"
"edil3a",2.66692218422982,-1.12777506722467,2.20538379970342,0.00724109405220223,0.0131596566777717,"Nb_vs_On","On higher"
"chic2",3.39164008094391,-3.21397559766543,4.21810189347475,0.00724455760584959,0.0131631094163699,"Nb_vs_On","On higher"
"arhgef10la",9.94446336162049,2.67220822130863,1.55175641475086,0.00725141305942482,0.01317017949236,"Nb_vs_On","Nb higher"
"rnmt",4.28192220283171,-1.20361687097436,2.45270667699419,0.00725157780317043,0.01317017949236,"Nb_vs_On","On higher"
"tap2t",5.98336864835229,-3.49409542181841,3.79768384126873,0.00726336538644325,0.0131887424122259,"Nb_vs_On","On higher"
"ACVR1C",2.62085228164724,-1.01958051646515,1.9476938327823,0.00727466933911935,0.0132064193436935,"Nb_vs_On","On higher"
"abcc8",7.36686947082464,-3.23987851187414,4.65180661827507,0.00727820557296783,0.0132099901925923,"Nb_vs_On","On higher"
"fam49bb",4.90993782470088,-1.21913709184171,2.51545451749108,0.00730046375077885,0.0132475326264403,"Nb_vs_On","On higher"
"chd1l",3.70499489556227,-2.00920003052594,10.1679980652943,0.00730533263224835,0.0132516374431196,"Nb_vs_On","On higher"
"shoc2",2.7003458973098,-1.24398249148415,2.56531225136031,0.00730587424251818,0.0132516374431196,"Nb_vs_On","On higher"
"ehhadh",10.6444807166313,-3.32580517417316,3.29323951731604,0.00731564191479013,0.0132636385179202,"Nb_vs_On","On higher"
"slc9a1b",5.44251414949446,-1.65212523138114,5.06675213295695,0.00731554884026843,0.0132636385179202,"Nb_vs_On","On higher"
"vcp",42.8148737668635,-1.82241320762678,0.969442241614015,0.0073297847819628,0.0132864186680799,"Nb_vs_On","On higher"
"tmem82",52.2918028694448,-2.3650174886519,9.19912238119706,0.00733260109470436,0.013288662220715,"Nb_vs_On","On higher"
"pigq",3.74701081874557,-1.29979416125966,2.7895671711065,0.00736403785178359,0.0133427616522415,"Nb_vs_On","On higher"
"kctd9a",21.9301041371654,-3.33603877142979,3.29804726594566,0.00738876994197033,0.0133818126875013,"Nb_vs_On","On higher"
"mvda",3.11097297924759,-0.743882223599386,1.46631819289326,0.00738788561218442,0.0133818126875013,"Nb_vs_On","On higher"
"ephb4a",2.93182567256765,-3.00520893883926,7.21279632322444,0.00739576540969149,0.0133870102057691,"Nb_vs_On","On higher"
"zbtb17",4.99309283137152,-0.956166301102453,1.81494031845366,0.00739641060430412,0.0133870102057691,"Nb_vs_On","On higher"
"hmcn1",3.73542288689588,-0.852875736949551,1.62929768981669,0.00739340881095099,0.0133870102057691,"Nb_vs_On","On higher"
"slc22a6l",124.362857606447,-3.40179985699411,3.18480267558721,0.00740059650700456,0.0133917070928556,"Nb_vs_On","On higher"
"hpn",22.8860303984299,-3.33653851967947,3.92100231446627,0.00740455298887346,0.0133950123857817,"Nb_vs_On","On higher"
"agps",3.84969026502564,-0.708891056349041,1.4228352006634,0.00740560556467426,0.0133950123857817,"Nb_vs_On","On higher"
"ddc",8.07671250298068,-3.20180801916093,3.26253537095126,0.007409263721439,0.0133987501626366,"Nb_vs_On","On higher"
"arl14ep",3.43838860747502,-3.07575039026986,6.16311274858028,0.0074207741942075,0.0134166832403004,"Nb_vs_On","On higher"
"ccdc51",1173.46649131106,-3.28034542525901,3.04198909601438,0.00743455146378935,0.013438706081636,"Nb_vs_On","On higher"
"sav1",87.6739660161047,-3.26280614566166,5.23610504731193,0.00743836997177535,0.0134427218596833,"Nb_vs_On","On higher"
"zfhx3",3.7960469602401,-1.16388908881412,2.30792561665261,0.00746082537904357,0.0134804095386969,"Nb_vs_On","On higher"
"zgc:86709",5.98182730195653,-1.04637945952071,2.00548720123153,0.00746641266434263,0.0134874322823807,"Nb_vs_On","On higher"
"rabac1",6.29408093494745,-0.98009148512221,1.86674340288895,0.00746951880499629,0.0134874322823807,"Nb_vs_On","On higher"
"si:dkeyp-75h12.2",3.97287541312873,-0.652018207197914,1.35542611060645,0.00746850597730916,0.0134874322823807,"Nb_vs_On","On higher"
"ttc8",10.8148216922831,-3.33272133067631,2.97409271326599,0.00747918555896503,0.0135019910005077,"Nb_vs_On","On higher"
"fam160a1a",4.06798577708538,-3.35173722308654,3.7771248171457,0.00749460440116472,0.0135240256911049,"Nb_vs_On","On higher"
"bicc2",5.80015807375058,2.90474081116251,2.16081458625223,0.00749323632597885,0.0135240256911049,"Nb_vs_On","Nb higher"
"arhgap24",5.25719754688588,-3.31307054587874,4.68801423420392,0.00750806305169559,0.0135446652578232,"Nb_vs_On","On higher"
"mfsd4b",5.00017456034075,-3.29572722568049,3.73860027512591,0.00750926024688296,0.0135446652578232,"Nb_vs_On","On higher"
"perp",5.69082762577412,-0.918073831003681,1.74008956266317,0.00751103468483104,0.0135449635768868,"Nb_vs_On","On higher"
"C7orf26",3.10799120408947,-3.14263336353441,5.37472687478637,0.00751428152540845,0.0135450153920532,"Nb_vs_On","On higher"
"cbx2",3.68522663842792,-0.743833563809563,1.46535609516227,0.00751292677218067,0.0135450153920532,"Nb_vs_On","On higher"
"jam3a",4.12335955711981,-1.20217232402707,2.43608234738406,0.00751670824789957,0.0135464889811215,"Nb_vs_On","On higher"
"cacng4b",4.33208181308889,-0.644418950434261,1.34574577117366,0.00752035068467647,0.0135491906363417,"Nb_vs_On","On higher"
"ccn1l2",6.08359783580357,-0.561228449537766,1.26402397380105,0.007521426448518,0.0135491906363417,"Nb_vs_On","On higher"
"elavl1a",2.63028635154951,-1.31459899625371,2.82991295736338,0.00752990106716559,0.0135615548103124,"Nb_vs_On","On higher"
"arhgef3",4.43287891608415,-3.09897920417697,4.84291684638154,0.0075424486053904,0.0135812313431665,"Nb_vs_On","On higher"
"MYT1L",4.08246008876676,-2.98740939846583,5.42328282188877,0.00754558045052025,0.0135812313431665,"Nb_vs_On","On higher"
"stxbp5b",5.57831676497219,-1.60028118069381,4.32762005112824,0.00754566630933593,0.0135812313431665,"Nb_vs_On","On higher"
"rpap3",2.82868792584833,-0.846796041626768,1.61619769257306,0.00755988570412457,0.0136039157454726,"Nb_vs_On","On higher"
"hacd3",311.176801123301,1.7120661101775,0.808003945267916,0.00757855237240406,0.0136345915518054,"Nb_vs_On","Nb higher"
"pvrl2l",14.7016904900075,2.51418606107547,1.31507394194082,0.00758315338363123,0.0136399540990187,"Nb_vs_On","Nb higher"
"rrm2b",3.90244132220091,-3.14254357884876,4.84827223492232,0.00760943305321221,0.0136842998166931,"Nb_vs_On","On higher"
"dcun1d2a",3.21819713606993,-3.15429291897448,4.79181550201219,0.00761952013904934,0.0136995131419302,"Nb_vs_On","On higher"
"gde1",13.0973078688636,2.31081638707545,1.19347671193546,0.00762530219206076,0.0137069813907255,"Nb_vs_On","Nb higher"
"sec22ba",65.1810721236751,-3.16898525007283,2.82024406219588,0.00763856447324829,0.0137278897813416,"Nb_vs_On","On higher"
"otop2",7.0212066694031,2.9775098231395,2.41162185684508,0.00764335923556092,0.0137311706196662,"Nb_vs_On","Nb higher"
"btk",5.60584021461881,-0.607879909016396,1.30881305236861,0.00764365235492466,0.0137311706196662,"Nb_vs_On","On higher"
"n4bp2",15.6134619797005,-3.3855679377099,3.94594376666015,0.00764743418494047,0.0137332950035882,"Nb_vs_On","On higher"
"DPP9",4.29728708657938,-2.94150868188949,5.3895438274641,0.00764972918410847,0.0137332950035882,"Nb_vs_On","On higher"
"lrp1bb",4.83111797727126,-0.496911404750995,1.20859383371763,0.00764915575344759,0.0137332950035882,"Nb_vs_On","On higher"
"itfg1",2.69671901803277,-1.2520835041213,2.59025282566695,0.00765880200480247,0.0137466514448672,"Nb_vs_On","On higher"
"oser1",3.3660609027132,-0.882586392651084,1.67489007632276,0.00767328007660547,0.013769701915341,"Nb_vs_On","On higher"
"asb3",20.7051977650973,2.5775807598233,1.526833396396,0.00767766548647804,0.0137746351375047,"Nb_vs_On","Nb higher"
"acbd6",4.26169963791308,-3.32030143518425,3.64715612958988,0.00773417274833785,0.0138730590657379,"Nb_vs_On","On higher"
"fzd3a",5.73631528441812,-3.29777847392233,3.91602503843257,0.00774078413475688,0.0138819601291827,"Nb_vs_On","On higher"
"ankrd11",31.0365345938203,-1.72673748782331,0.889815332746977,0.00774902341554872,0.0138879453621914,"Nb_vs_On","On higher"
"pef1",4.33071572437574,-1.07740166726943,2.07619174151919,0.0077490709629619,0.0138879453621914,"Nb_vs_On","On higher"
"u2af1",4.137639331353,-1.04147298791016,1.99536198317503,0.00774607657775187,0.0138879453621914,"Nb_vs_On","On higher"
"atf6",64.6682221814323,-3.38473305342037,4.07761143822337,0.00776347592647153,0.0139108004148653,"Nb_vs_On","On higher"
"lmx1bb",4.12982192577587,-0.623939587935014,1.32436190547522,0.00777029599153889,0.013920057811614,"Nb_vs_On","On higher"
"dhx30",10.9164645001465,-3.10026386389513,3.32843700559154,0.00777497152954168,0.0139254702841876,"Nb_vs_On","On higher"
"AK6",25.5137643050972,2.09409697349852,1.02567096326442,0.00778724641700871,0.0139444884787023,"Nb_vs_On","Nb higher"
"rhoq",2.68147671588901,-0.98972979692296,1.87733918626479,0.00779342666365593,0.0139525873361667,"Nb_vs_On","On higher"
"erbb2",5.75143199428576,-0.665977246597908,1.37026696154902,0.00780317706370628,0.0139670730432234,"Nb_vs_On","On higher"
"tyw1",3.14691410829094,-0.749916116216957,1.47366920307654,0.00781615649932359,0.0139873310823355,"Nb_vs_On","On higher"
"irf10",36.1358757346383,-3.341429735716,3.76238021323984,0.00782133992439582,0.0139936321962942,"Nb_vs_On","On higher"
"serbp1a",84.6367669119546,-2.0788307639863,1.34319244818783,0.00782836296318773,0.0140032212970919,"Nb_vs_On","On higher"
"rnf111",3.906343687653,-1.46302169694009,3.5144859619338,0.00784248638469874,0.0140255046497544,"Nb_vs_On","On higher"
"CDH20",2.93830998306576,-1.02170017893375,1.93389654106557,0.00784506765769841,0.0140271409393596,"Nb_vs_On","On higher"
"tex261",11.4003697231442,-3.31348290465015,2.98014502743007,0.00784789948886043,0.014029224441968,"Nb_vs_On","On higher"
"atat1",9.48703273546488,3.63273905790675,2.39959150626919,0.00784964311970328,0.0140293621617117,"Nb_vs_On","Nb higher"
"tmem177",6.94969285171139,-3.27500206925315,4.1936300751705,0.00786236205415603,0.0140491113928859,"Nb_vs_On","On higher"
"mmp14a",4.01673577884324,-3.02468407389897,6.03044669554188,0.00786554417506935,0.0140518146998586,"Nb_vs_On","On higher"
"emg1",6.89881255454019,-1.31312351486589,2.75081943768483,0.00787242679152637,0.0140611264016696,"Nb_vs_On","On higher"
"raly",3.30401898799712,-0.862767272850844,1.63896287612584,0.00787800533506078,0.014068105411655,"Nb_vs_On","On higher"
"snrpd1",6.35142669815699,-0.852143347073228,1.62637710034007,0.00787978131484233,0.0140682924938161,"Nb_vs_On","On higher"
"grpel1",2.73735498121568,-3.17034086567046,4.09276717715514,0.00788501526167611,0.0140716681095589,"Nb_vs_On","On higher"
"CMKLR1",3.17555593937889,-0.834469226295714,1.59248889459146,0.00788347013592909,0.0140716681095589,"Nb_vs_On","On higher"
"disp2",4.10400489866092,-3.07039614209251,3.7619744728277,0.00789141943482343,0.0140801120818872,"Nb_vs_On","On higher"
"gatad1",2.72681136936334,-2.89279994639068,5.56840664225029,0.0078997537681142,0.0140890100042342,"Nb_vs_On","On higher"
"sptlc1",3.08861460090569,-0.744119164284199,1.46465689403869,0.00789912936180063,0.0140890100042342,"Nb_vs_On","On higher"
"cttnbp2",2.59249382467005,-0.958106950949897,1.80811307430778,0.00790965800281798,0.0141036858859822,"Nb_vs_On","On higher"
"rasd2",16.0962109554186,2.23239341218025,1.15523993653537,0.00791601867418011,0.0141120383734113,"Nb_vs_On","Nb higher"
"NR2F6",3.26410764325723,-1.61552509375124,4.50389825975588,0.0079295715206007,0.0141332062376491,"Nb_vs_On","On higher"
"ubp1",3.85011467861957,-0.678620841295731,1.38396529265316,0.00794228987009195,0.0141528780961969,"Nb_vs_On","On higher"
"peak1",6.11297105222374,-1.17979589229694,2.34752495899598,0.00795659187471092,0.0141753630478977,"Nb_vs_On","On higher"
"zmym2",3.6323129078387,-2.93233895704271,5.77582549291947,0.00796613816544141,0.0141893675574875,"Nb_vs_On","On higher"
"taok1b",5.8402207751199,-1.32888883499206,2.8744454706332,0.00796860597379423,0.0141907605431352,"Nb_vs_On","On higher"
"prmt2",83.0776819387628,-3.22319017337218,3.4019650324306,0.00797375829874816,0.0141969326055123,"Nb_vs_On","On higher"
"arhgap18",4.02326726100189,-0.903390889591104,1.71220656100847,0.00801927273188953,0.0142749498534671,"Nb_vs_On","On higher"
"atp2b3b",4.52052797198803,-3.0511191342606,4.67546076944534,0.00803041987118572,0.0142917705022498,"Nb_vs_On","On higher"
"mrps10",12.4089573915738,3.00630735832999,1.80510296943277,0.00803467483773624,0.0142939208601102,"Nb_vs_On","Nb higher"
"dcps",3.63279180760007,-2.91257613441232,6.29124369215127,0.00803585351464082,0.0142939208601102,"Nb_vs_On","On higher"
"si:ch73-21k16.1",2.67213478649987,-0.875087162394537,1.65410517143947,0.00803672219421494,0.0142939208601102,"Nb_vs_On","On higher"
"snx6",4.33472644157426,-0.967030458312966,1.83105788938563,0.00803872245500047,0.0142944583071808,"Nb_vs_On","On higher"
"IFT122",8.69614092153437,-3.24777290900977,3.03342928041801,0.0080427220808697,0.0142973701876217,"Nb_vs_On","On higher"
"tmem167b",3.32722823071034,-0.674727836614729,1.37946366173382,0.00804375685537851,0.0142973701876217,"Nb_vs_On","On higher"
"bcan",12.4226359799911,-3.10435538257684,3.63674333960682,0.00805416097816755,0.0143128408516391,"Nb_vs_On","On higher"
"CHORDC1",5.3286756587472,-3.15155637844267,4.85716023181934,0.00806228595672456,0.0143242556318504,"Nb_vs_On","On higher"
"C20orf27",4.59144693270074,-3.15157875434459,4.70541176495844,0.00809335127940766,0.014370350362804,"Nb_vs_On","On higher"
"fgd4a",2.76092176064278,-0.798603923934387,1.54051838210419,0.00809241494510848,0.014370350362804,"Nb_vs_On","On higher"
"MINAR1",4.43585811365006,-0.474813061357897,1.19143615066701,0.00809297477451892,0.014370350362804,"Nb_vs_On","On higher"
"crebbpa",4.7914748601232,-1.40459607134451,3.21230626907259,0.00809817264808834,0.0143758788172939,"Nb_vs_On","On higher"
"trak2",5.02011454338145,-2.96929419595939,5.75120167492008,0.00810032589696697,0.0143766694920236,"Nb_vs_On","On higher"
"mtres1",151.18914209866,1.60156546287278,0.747809250999043,0.00813416729400365,0.0144336889293682,"Nb_vs_On","Nb higher"
"dmac2l",56.608703722253,-3.18758555237579,2.70213943305651,0.00814183256745729,0.0144442458488631,"Nb_vs_On","On higher"
"NT5C3B",311.14620214295,-3.26617504022791,3.52944474405971,0.00815488876428231,0.0144643602228674,"Nb_vs_On","On higher"
"fastkd2",65.163039602217,-3.31485651037018,3.61859863862937,0.00815692149470268,0.0144649178728475,"Nb_vs_On","On higher"
"sema4gb",4.59391762690104,-0.64522016438085,1.34613185358237,0.00816321366389633,0.0144730270898651,"Nb_vs_On","On higher"
"phtf1",3.20037907722859,-2.86264432000141,5.74112148972651,0.00817070783098462,0.0144832635336341,"Nb_vs_On","On higher"
"rnf2",3.85633444037363,-0.937849892420903,1.77072049986804,0.00818814855603857,0.014511123062049,"Nb_vs_On","On higher"
"sla1a",4.19444471565431,-0.664959342012048,1.36919399289116,0.00819067644600521,0.0145125477420484,"Nb_vs_On","On higher"
"phykpl",2727.17650152099,-1.68174824107067,0.877811909406935,0.00820275466793658,0.0145308898978725,"Nb_vs_On","On higher"
"heatr5a",4.33588574544501,-2.7709993898094,7.23962268278565,0.00822843485108673,0.0145733146594673,"Nb_vs_On","On higher"
"pcdh10b",3.41158398151703,-0.573979883318345,1.27444019698543,0.00824137040355051,0.0145931544083063,"Nb_vs_On","On higher"
"ccdc191",9.94629755048812,-1.7145318180849,4.98125061446627,0.00826126091442098,0.0146222233762817,"Nb_vs_On","On higher"
"dok1b",5.6675826912753,-0.744990633214044,1.46700870049626,0.00825967254575883,0.0146222233762817,"Nb_vs_On","On higher"
"dock4b",4.45259252040772,-1.32649337013714,2.83944669467858,0.00827772018648746,0.0146482759154617,"Nb_vs_On","On higher"
"zdhhc6",25.92880483582,-3.34804012546483,3.2097865122081,0.0083036529694951,0.0146910783306452,"Nb_vs_On","On higher"
"numbl",5.72226068259281,-3.29700114567332,3.12386932178204,0.00830798680471943,0.0146927400789955,"Nb_vs_On","On higher"
"ifi30",5.34011925264445,-0.531787903668258,1.23727547846166,0.00830808300974322,0.0146927400789955,"Nb_vs_On","On higher"
"itga5",5.35358313571569,-0.818790695025972,1.56696789185022,0.00831440195784431,0.0147008266501015,"Nb_vs_On","On higher"
"unc13d",23.080999421315,-3.11015432703747,3.93316760090462,0.00834080619518783,0.0147444154874194,"Nb_vs_On","On higher"
"acadsb",3.73071963832503,-2.58826362406092,8.77308267000048,0.00835722967108805,0.0147703462883097,"Nb_vs_On","On higher"
"ddx31",24.2791714043989,-3.26490586033834,3.32628594510402,0.00835901944895186,0.0147704084217626,"Nb_vs_On","On higher"
"armc2",74.6616256695692,-3.29252947823483,3.13083475398699,0.00837138948244155,0.0147891619440069,"Nb_vs_On","On higher"
"hadhaa",5.29765641913495,-0.640577668395163,1.34118451278888,0.00837323974266025,0.0147893269311192,"Nb_vs_On","On higher"
"dhps",4.22897318224038,-1.74124678407707,5.33388249950257,0.00840152175802327,0.0148361674342437,"Nb_vs_On","On higher"
"psme3",19.2322496420515,-3.32238809343216,3.36400381465609,0.00841258267591456,0.0148486538153516,"Nb_vs_On","On higher"
"hinfp",3.9624223314156,-3.16619610898787,3.99259540041073,0.00841388437862047,0.0148486538153516,"Nb_vs_On","On higher"
"setbp1",4.82578028183929,-1.52927749939112,3.78839293135809,0.00841252670862731,0.0148486538153516,"Nb_vs_On","On higher"
"si:rp71-68n21.9",4.77388732938412,-0.470989564399143,1.188633123921,0.00841574480776102,0.0148488241022285,"Nb_vs_On","On higher"
"ech1",44.098243644106,-3.29404623839998,3.69914092713267,0.00843483130115638,0.0148793817881673,"Nb_vs_On","On higher"
"dyrk1b",3.10853384237498,-0.631217429348252,1.33103934252219,0.00843769315164591,0.0148813117432548,"Nb_vs_On","On higher"
"six5",4.4387772682722,-0.894199768893062,1.6907070537372,0.00844163335030175,0.0148851423424466,"Nb_vs_On","On higher"
"klhdc3",2.73342100380767,-0.835255239216261,1.58932959485132,0.00844522062798652,0.0148883491615478,"Nb_vs_On","On higher"
"zdhhc16b",71.4136942131652,-3.25369380801411,3.19057150863345,0.00848532230548198,0.0149559135610442,"Nb_vs_On","On higher"
"vps50",8.58100252788828,-3.18237226526339,3.64030159932419,0.00850063179602998,0.014979671174438,"Nb_vs_On","On higher"
"svopa",51.666142929743,-3.12611146563754,3.18415111811023,0.00850236028408939,0.014979671174438,"Nb_vs_On","On higher"
"SBNO2",4.4792605648982,-1.02153639126823,1.94148513659341,0.00850587205712348,0.0149827225312545,"Nb_vs_On","On higher"
"wdr19",4.55002660574724,-3.02890566666899,3.67194413412037,0.00851368464802432,0.0149933467295123,"Nb_vs_On","On higher"
"qser1",5.60441558714128,-0.810069191582038,1.55416613207623,0.00854251043102171,0.0150409648208201,"Nb_vs_On","On higher"
"ttc9c",35.1975585171668,2.11162628353412,1.07563187050929,0.00854606835193712,0.0150440826822682,"Nb_vs_On","Nb higher"
"fhod1",4.91194543471573,-0.839922696904572,1.59923920847799,0.00854934289533624,0.0150467005003012,"Nb_vs_On","On higher"
"ccdc186",4.01687379232162,-0.837925737230591,1.59573633688541,0.00857155563355965,0.0150826411628982,"Nb_vs_On","On higher"
"si:ch1073-335m2.2",116.381225139286,-1.83377205263328,0.999406334976418,0.00858467620229502,0.0151014763933935,"Nb_vs_On","On higher"
"colec12",3.73489889200417,-0.632767231931442,1.33260343174858,0.00858584770952499,0.0151014763933935,"Nb_vs_On","On higher"
"dmap1",3.25477620721018,-1.0428212490787,1.98363761440981,0.00860340330101886,0.0151291934380566,"Nb_vs_On","On higher"
"gclm",4.59178361187741,-0.858478974162845,1.63195495930227,0.00860931640811453,0.0151364297250435,"Nb_vs_On","On higher"
"hes6",190.882993894065,2.52753447064381,1.42381291614686,0.00861389939156876,0.0151413249275894,"Nb_vs_On","Nb higher"
"vstm2l",15.64697192397,-2.89888303614406,3.87712925535623,0.00863303902427558,0.0151718001057102,"Nb_vs_On","On higher"
"tram2",4.10937621539928,-2.78241545041847,5.28966703197681,0.00866957743520193,0.0152328329888395,"Nb_vs_On","On higher"
"brms1la",24.4112880304947,-3.18778774472009,2.89865298566876,0.00868804600312927,0.0152589132598252,"Nb_vs_On","On higher"
"rspo1",2.95761643903763,-0.855582595944744,1.62451341504252,0.00868633221351431,0.0152589132598252,"Nb_vs_On","On higher"
"adat1",5.17277651545431,-0.67977030485861,1.38350587743297,0.00870776333761266,0.0152903528944563,"Nb_vs_On","On higher"
"ppm1j",4.9236111667064,-3.16199874191664,3.66175741637535,0.00871382272115621,0.0152978018074438,"Nb_vs_On","On higher"
"GADD45B",8.52432642972615,-1.58534699040189,3.97811607692315,0.00872021171557739,0.0153058261513199,"Nb_vs_On","On higher"
"zc3hc1",3.36624632983222,-1.13347210947339,2.18247231730247,0.00873247138403255,0.015324149283049,"Nb_vs_On","On higher"
"psmd10",7.17758516450107,-0.768102826477155,1.49553540539851,0.00874430980063028,0.0153417256985631,"Nb_vs_On","On higher"
"serinc2l",4.24770582488237,-1.08187511473502,2.06315488494838,0.00875119904274643,0.0153506133656677,"Nb_vs_On","On higher"
"ccnt1",3.12861953943254,-1.08016994538327,2.0527514961238,0.00877151681313088,0.0153830476110283,"Nb_vs_On","On higher"
"ptprub",4.34076910046918,-1.73009592971582,5.04636281919845,0.00877949134620812,0.0153938259013497,"Nb_vs_On","On higher"
"rx2",3.76776571326913,-0.669086861966097,1.37192468304295,0.00878988573831615,0.0154088417628374,"Nb_vs_On","On higher"
"fam168b",4.97523642680446,-3.14900977418135,3.59488568320271,0.00879928276655391,0.0154221033372581,"Nb_vs_On","On higher"
"tp63",88.3944395372347,-3.10588525935249,2.78321752247785,0.00880225569259545,0.0154241025021375,"Nb_vs_On","On higher"
"THAP1",4.22900788111195,-0.798200786494272,1.53635058986427,0.008812036372932,0.0154380275103729,"Nb_vs_On","On higher"
"sema3aa",5.14110844281154,-1.23309743029568,2.49580023952494,0.0088278265757877,0.0154624727663298,"Nb_vs_On","On higher"
"TMCC3",4.8638613548531,-1.17266114435012,2.31804824118658,0.00884524181675352,0.0154897536121138,"Nb_vs_On","On higher"
"adi1",488.875336524826,-1.68151053051296,0.894810473549084,0.00886334628020524,0.015518229822539,"Nb_vs_On","On higher"
"ogdhb",2.68733399080742,-1.58834395611884,3.96225711063054,0.00887222158668072,0.0155305388473026,"Nb_vs_On","On higher"
"slc46a1",37.2588444075864,1.91150470341085,1.0150604153736,0.008883582347882,0.015547192558102,"Nb_vs_On","Nb higher"
"themis2",46.0250016699787,-3.17194152311746,3.72441833272387,0.00889020897138972,0.0155555558347867,"Nb_vs_On","On higher"
"GPR180",15.1560853875492,2.63290592104589,1.68975416639757,0.00889779121008657,0.0155655873662736,"Nb_vs_On","Nb higher"
"soga3a",4.87574805810419,-3.00991531374577,3.47220276059814,0.00890714824655412,0.0155752497192639,"Nb_vs_On","On higher"
"mpc1",4.14782814578357,-1.47910088914624,3.391922624891,0.0089059452818656,0.0155752497192639,"Nb_vs_On","On higher"
"spred1",3.66902556748802,-1.23342604465674,2.47844667403225,0.00890886521718407,0.0155752497192639,"Nb_vs_On","On higher"
"fam83d",4.49516915208134,-2.89186682204144,4.17178222409208,0.00891121447717167,0.0155761219827307,"Nb_vs_On","On higher"
"glcci1a",3.58308169353294,-0.796895488455019,1.53449134624309,0.00893167850401704,0.0156086505390939,"Nb_vs_On","On higher"
"tgfb5",2.92711488964193,-1.43271008653337,3.13761289158696,0.00893921795683855,0.0156185838025461,"Nb_vs_On","On higher"
"hmgcrb",4.05756107017609,-2.68640813593417,6.28377779124745,0.00895792409678433,0.0156480193083068,"Nb_vs_On","On higher"
"cd9a",110.587177497104,1.9097339530185,0.960508388833647,0.00898725254015261,0.0156959941665985,"Nb_vs_On","Nb higher"
"metrnlb",5.73459722556339,-0.577621337829826,1.27796429752543,0.00900060400320895,0.0157160515451178,"Nb_vs_On","On higher"
"casq2",9.40445775885255,3.28175017742517,2.14833036862391,0.0090098212633237,0.0157223622294069,"Nb_vs_On","Nb higher"
"xylt1",3.20343637012625,-0.982941220866221,1.83729316074898,0.00900856035423436,0.0157223622294069,"Nb_vs_On","On higher"
"si:ch73-22a13.3",3.30705039650051,-0.598735392201834,1.29698852361575,0.00900771887942131,0.0157223622294069,"Nb_vs_On","On higher"
"cyp20a1",4.74100289906413,-2.73346563524223,5.64311141021154,0.00903043699946775,0.0157550712251854,"Nb_vs_On","On higher"
"sfxn4",193.194224485731,-2.91495934170945,3.21921827408588,0.00905596690223865,0.0157963384548373,"Nb_vs_On","On higher"
"atp2a1l",508.903040558363,2.00242554080613,1.08218540883089,0.00907590219221642,0.0158278319150772,"Nb_vs_On","Nb higher"
"jakmip2",5.83914373318921,-0.685959905376955,1.39085402685432,0.00907837930179678,0.0158288726102994,"Nb_vs_On","On higher"
"tesca",16.8442257495799,-2.70582050886598,4.13494084453676,0.00908395189510316,0.0158353089776306,"Nb_vs_On","On higher"
"zgc:158328",34.5027939260541,-2.68040695890922,3.86305413390072,0.00909020667297393,0.0158429316300403,"Nb_vs_On","On higher"
"exoc6b",6.51476828802372,-2.95927812802061,4.44260983515866,0.0091303747349405,0.0159093395484279,"Nb_vs_On","On higher"
"hnrpkl",4.14066111360524,-1.49253116374563,3.53785720908294,0.00913397933446806,0.0159093395484279,"Nb_vs_On","On higher"
"kyat3",3.46169416271701,-0.987149312893178,1.85887336849071,0.00913363046596225,0.0159093395484279,"Nb_vs_On","On higher"
"dennd1a",3.33569324111716,-1.25156598239826,2.51908115560296,0.00917419212235854,0.0159760755659938,"Nb_vs_On","On higher"
"crispld1a",3.18628789897105,-0.659861792251283,1.36032984017264,0.00918917424879927,0.0159988560137316,"Nb_vs_On","On higher"
"lgi1a",75.6683007457307,-2.95898648864985,2.97615637585955,0.00919337810009097,0.0159995569250705,"Nb_vs_On","On higher"
"hps5",3.55009891714044,-0.751048325632085,1.47229464276568,0.00919244426034925,0.0159995569250705,"Nb_vs_On","On higher"
"snx29",3.99221504665672,-0.74855671066225,1.46620847057206,0.00919838377135174,0.016004959608772,"Nb_vs_On","On higher"
"ccnf",4.68382107604483,-2.89550941098752,3.54891267956449,0.0092084795193039,0.0160192148364332,"Nb_vs_On","On higher"
"ppp1r13bb",2.36618000788271,-1.96018806416955,6.23163577658949,0.00921147476665837,0.0160211145838285,"Nb_vs_On","On higher"
"stx1b",5.58564677694618,-3.02986304762994,3.669311617543,0.00923906847911406,0.0160604425104732,"Nb_vs_On","On higher"
"fpgs",7.88819561826975,-2.77957095821166,4.75689329367398,0.0092398102967714,0.0160604425104732,"Nb_vs_On","On higher"
"ERF",2.44063421114582,-0.852703316322849,1.6152243854728,0.00923692227883746,0.0160604425104732,"Nb_vs_On","On higher"
"papss2a",13.4454489637591,-2.87931742706623,4.56141429435114,0.00925862398466543,0.0160898217801225,"Nb_vs_On","On higher"
"chp1",3.69844065759906,-0.56098670844853,1.26135582586881,0.00928214366669461,0.0161273654047957,"Nb_vs_On","On higher"
"aptx",25.6499037473045,-0.202063788428346,1.05037552976348,0.0092868154902066,0.016132152867635,"Nb_vs_On","On higher"
"sgsm3",3.62099309623856,-2.83070352297952,5.12733575756192,0.00929584914989632,0.0161400489322715,"Nb_vs_On","On higher"
"nubp1",4.26693638209272,-1.6548298855382,4.46543647492688,0.00929711300458355,0.0161400489322715,"Nb_vs_On","On higher"
"ptp4a2a",3.69779902930946,-0.818448897466872,1.56490878827018,0.00929611951887853,0.0161400489322715,"Nb_vs_On","On higher"
"csrnp1a",5.27145679369723,-2.26204787960027,1.5642071061159,0.00930980966780055,0.0161587583058856,"Nb_vs_On","On higher"
"imp4",2.95976874764001,-0.941556609852646,1.76865662462301,0.00933674744403474,0.0162021727445649,"Nb_vs_On","On higher"
"pappaa",6.96886464501087,-2.53217615522571,6.36033728493236,0.00934091886803337,0.0162060706989087,"Nb_vs_On","On higher"
"phyhd1",6.26049787221543,-3.09950828433073,3.30900316108172,0.00935636912816611,0.0162295312839279,"Nb_vs_On","On higher"
"sacs",4.54828215525189,-1.9161087470782,5.6985019902855,0.00936330327975916,0.0162382132280619,"Nb_vs_On","On higher"
"rtca",3.62849708621791,-2.99286319664405,4.18625337288173,0.0094040375575688,0.0163054970462645,"Nb_vs_On","On higher"
"si:dkey-283b1.7",5.00459582691328,-0.639320180272835,1.33856137559264,0.00941144269196582,0.0163116171671748,"Nb_vs_On","On higher"
"rap2c",7.48357591677627,-0.610706384915865,1.30966735156918,0.00940962257922953,0.0163116171671748,"Nb_vs_On","On higher"
"atp6v1c1a",2.62330625298513,-1.12265182451012,2.14928379100697,0.00943581831048018,0.0163504978463611,"Nb_vs_On","On higher"
"stx16",2.97315634757479,-0.839549423707007,1.59436059003957,0.00944556239860182,0.0163640140505104,"Nb_vs_On","On higher"
"slc41a1",2.85717459881019,-2.26075427570996,6.88632867041412,0.00944906517465522,0.0163667141235077,"Nb_vs_On","On higher"
"SHC3",28.5725907460754,-2.93937664525779,3.73618376008609,0.00945171434210802,0.0163679348553518,"Nb_vs_On","On higher"
"fuk",16.4312184211267,-2.86838784664195,3.81420520172932,0.00947285935849563,0.0163978058975563,"Nb_vs_On","On higher"
"cetn3",2.7025796806658,-2.51522222576357,5.46744304645761,0.00947133544764162,0.0163978058975563,"Nb_vs_On","On higher"
"kremen1",36.1687971265062,-0.178723298421062,1.04376407440449,0.00949241915063816,0.0164282862685181,"Nb_vs_On","On higher"
"sms",10.3299343085454,-2.94958621491526,3.00752086179897,0.009500406746909,0.016438730523223,"Nb_vs_On","On higher"
"add3a",4.68922831350236,-3.07819648260346,3.65794435734212,0.00950462895825216,0.0164426565085423,"Nb_vs_On","On higher"
"uhrf1bp1",126.720396769075,-3.00843931134527,2.98454121119773,0.00955298197653953,0.0165195156693734,"Nb_vs_On","On higher"
"kansl2",4.61940777848746,-0.901921429225933,1.69776209669143,0.00955192317151983,0.0165195156693734,"Nb_vs_On","On higher"
"hmox1a",51.2337659085782,-3.08539954198966,3.80077881759951,0.00957663845413852,0.0165570224906424,"Nb_vs_On","On higher"
"mta1",2.58229971802971,-0.720130090033271,1.43004234481779,0.00958189962123664,0.0165627168401581,"Nb_vs_On","On higher"
"c2cd2l",7.51729419437583,-1.26246357548528,2.5298255866056,0.00958531822201513,0.016565224552027,"Nb_vs_On","On higher"
"nlrx1",2.72334213780462,-0.740000195517663,1.45438302854961,0.00961075059351703,0.016605767343232,"Nb_vs_On","On higher"
"acss3",2.98082726383883,-0.891460033990381,1.67504005513669,0.00962846822868899,0.0166329664578502,"Nb_vs_On","On higher"
"mboat2a",3.14198446750006,-0.886768287484788,1.66519533584789,0.00965583760905714,0.0166734032806242,"Nb_vs_On","On higher"
"tlcd3a",2.73842386026513,-0.869101997620959,1.6405737869537,0.00965451067429425,0.0166734032806242,"Nb_vs_On","On higher"
"dnai1.2",86.0802277550851,-0.136932509048285,1.03397995738237,0.00966451577152428,0.0166849659074429,"Nb_vs_On","On higher"
"usp13",73.1368828617618,-3.13091200187308,3.08871189178036,0.00966872943704482,0.0166853965561794,"Nb_vs_On","On higher"
"nim1k",7.39799122122079,-1.20388619573052,2.30142216457086,0.00966766518414578,0.0166853965561794,"Nb_vs_On","On higher"
"bcap29",63.2364554572528,2.26310145237837,1.26358131246979,0.00968472779326847,0.0167095795375556,"Nb_vs_On","Nb higher"
"khk",3.17835015131386,-3.0189525499767,3.57250346038036,0.00970195944148567,0.0167358800365628,"Nb_vs_On","On higher"
"fam32a",95.9184353299711,1.78830991271226,0.896598536844521,0.00971159689677257,0.0167490724599532,"Nb_vs_On","Nb higher"
"NR2F2",4.24823600296283,-1.35830239969428,2.81148027856463,0.00971579738233494,0.0167528845482375,"Nb_vs_On","On higher"
"ECHDC1",63.7886868632299,-3.00562316536358,2.84286476237897,0.00972823577385756,0.0167708967324049,"Nb_vs_On","On higher"
"tnk2b",4.59333407680195,-1.01741595978571,1.91042464191379,0.00973306087074993,0.0167757793632213,"Nb_vs_On","On higher"
"prkci",5.8889970036882,-1.22632461821881,2.44478133309578,0.00974157144588168,0.0167870109378571,"Nb_vs_On","On higher"
"fam49al",2.75204037754727,-0.874460620520556,1.64993605199551,0.00976062051396518,0.0168163944917231,"Nb_vs_On","On higher"
"alg5",4.16419427075184,-1.10331899672649,2.11021113215356,0.00976995049598466,0.0168290246112541,"Nb_vs_On","On higher"
"mbd2",4.24906805618886,-1.21772237641801,2.41585959499439,0.0097851951551474,0.016851835682494,"Nb_vs_On","On higher"
"rx1",3.88138267269423,-2.06276429586442,5.98329789904594,0.0098115760504119,0.0168938120663464,"Nb_vs_On","On higher"
"sh3d21",3.60771283558633,-0.605056460338707,1.30294284941783,0.00982255545504589,0.0169092580410176,"Nb_vs_On","On higher"
"brd1a",10.5864795940858,-3.02312814887818,3.51248092433428,0.00982867195074935,0.0169163280477219,"Nb_vs_On","On higher"
"inhbaa",3.75554909046737,-1.09553574619262,2.08318284057236,0.00985112183910681,0.0169480367139998,"Nb_vs_On","On higher"
"apba2b",4.36569128519155,-0.552051579009702,1.25344774436789,0.00985075996674014,0.0169480367139998,"Nb_vs_On","On higher"
"eps8l2",265.498234522119,-2.8998161472818,2.80009305806244,0.00985811523863241,0.0169542635911116,"Nb_vs_On","On higher"
"fam193b",3.23107136229931,-1.38386065050051,2.94221803407354,0.00985876933695548,0.0169542635911116,"Nb_vs_On","On higher"
"smcr8b",11.3630492059676,2.12966865614053,1.20485730583633,0.00986920373281187,0.016967695408968,"Nb_vs_On","Nb higher"
"ST8SIA3",8.25966498426478,-0.669412000290722,1.36859029801017,0.00987061112113524,0.016967695408968,"Nb_vs_On","On higher"
"fen1",35.1633448870037,-2.83121835953415,4.45292496393508,0.00987699275650452,0.0169751990657932,"Nb_vs_On","On higher"
"tbck",19.2435931665785,-3.00148847966707,3.3892936513771,0.00988161665001565,0.0169796793141114,"Nb_vs_On","On higher"
"aff4",3.03303267133457,-1.1504520780434,2.22081381901202,0.00988619918329547,0.0169840866785676,"Nb_vs_On","On higher"
"ikbkg",3.67678486078584,-0.602472140061481,1.3006438516699,0.00989863464154736,0.0170019804963366,"Nb_vs_On","On higher"
"usp39",1701.99995800187,2.03317246414308,1.09791845902672,0.00990199067702294,0.0170042752997101,"Nb_vs_On","Nb higher"
"syk",5.56474206144705,-0.718108018877876,1.42849423307608,0.00990880086664322,0.0170124996319402,"Nb_vs_On","On higher"
"hint3",122.42535035589,-2.9342115579561,3.30203898980675,0.00992178849852625,0.0170313245474294,"Nb_vs_On","On higher"
"tet2",88.8253715511236,-1.72583343724323,0.948520780833528,0.00992659570771086,0.0170326299770709,"Nb_vs_On","On higher"
"adma",7.04778366579793,-0.686504120363184,1.39092960858006,0.00992618552844183,0.0170326299770709,"Nb_vs_On","On higher"
"RUNDC1",4.20080265657786,-2.55884126381041,5.60252780477021,0.00993699169956086,0.0170469933007751,"Nb_vs_On","On higher"
"ptpn9b",3.7236569542012,-0.66756865589737,1.36842621916485,0.0100036783027312,0.0171578981158091,"Nb_vs_On","On higher"
"ndst2a",4.94600626959743,-2.52040276639038,5.70920743667832,0.0100130254090502,0.0171634387891233,"Nb_vs_On","On higher"
"rbm19",3.24806981208168,-1.2791606659835,2.5965130805026,0.0100099834833784,0.0171634387891233,"Nb_vs_On","On higher"
"etv4",3.8265405210342,-0.745438681617971,1.46209489494068,0.0100123486759296,0.0171634387891233,"Nb_vs_On","On higher"
"grm1a",4.43682620624249,-1.27512439179712,2.48066749817918,0.0100387706171595,0.0172040657685768,"Nb_vs_On","On higher"
"rbpjb",2.61424440869279,-0.92317085185987,1.72509281494709,0.0100532501133483,0.0172253733877806,"Nb_vs_On","On higher"
"RBMS3",3.56607305311279,-1.38293704131923,2.93615918159906,0.0100556139303647,0.0172259173923098,"Nb_vs_On","On higher"
"setd1ba",4.11389325143309,-1.63986851879336,3.93947018881464,0.0100779917490632,0.0172607394798808,"Nb_vs_On","On higher"
"prr18",4.65935788640016,-2.67081685529625,3.91138162269633,0.0100976533663821,0.017290896264891,"Nb_vs_On","On higher"
"tp53i11b",5.38064613492164,3.40736364964778,2.47803502881502,0.0101147317953523,0.0173095776079032,"Nb_vs_On","Nb higher"
"atf1",32.4265110480014,-3.04718922050852,3.0094984755617,0.0101130781133875,0.0173095776079032,"Nb_vs_On","On higher"
"prickle1a",3.89601920189043,-1.11273235650843,2.11877964489802,0.0101136232079896,0.0173095776079032,"Nb_vs_On","On higher"
"GXYLT1",3.68132945455349,-1.48390347183759,3.2745421511765,0.01012341365331,0.0173209138482853,"Nb_vs_On","On higher"
"mrps23",4.67081984050311,-2.72501204464061,4.46319839521239,0.0101259355512219,0.0173217080817285,"Nb_vs_On","On higher"
"zgc:63569",3.45982118311572,-1.02258824949549,1.91917386450769,0.0101286422103151,0.017322817985866,"Nb_vs_On","On higher"
"sez6l2",2.88992092619561,-0.640390478174001,1.33818475669072,0.0101345748739405,0.0173294436906015,"Nb_vs_On","On higher"
"plppr5b",9.30752681965546,-0.991558496534249,1.85130230724023,0.0101825289991737,0.0174079059941195,"Nb_vs_On","On higher"
"cnot3b",2.60173049710821,-0.698979350096223,1.40365833703979,0.010196109843063,0.0174275842962242,"Nb_vs_On","On higher"
"rrm1",3.22179698237692,-0.688434987843648,1.39146850955495,0.0102053718121356,0.0174398741198858,"Nb_vs_On","On higher"
"vrk3",108.196031511659,-2.2787310616194,5.32485831226987,0.0102208159289272,0.0174591778591131,"Nb_vs_On","On higher"
"klhl4",4.30956564920456,-0.892118330335168,1.67895008123805,0.0102203343385995,0.0174591778591131,"Nb_vs_On","On higher"
"pnpla8",2.91561251074146,-0.910154272736966,1.70484024225992,0.0102449183830114,0.017496799137389,"Nb_vs_On","On higher"
"ppat",8.78720697952112,-2.92800220971473,3.44589482803493,0.010247103489741,0.0174969811717321,"Nb_vs_On","On higher"
"pomgnt2",5.31594289718584,3.70209777399773,3.4648155061118,0.0102839991826191,0.0175541595494171,"Nb_vs_On","Nb higher"
"tmem121b",7.13418055499551,-1.60685943741095,3.77755021835023,0.0102847606198296,0.0175541595494171,"Nb_vs_On","On higher"
"prkcaa",3.6466023432903,-1.19385647497576,2.32051345649716,0.0102947802970708,0.0175676992784801,"Nb_vs_On","On higher"
"mdm4",3.95237615415487,-2.74554717230144,4.44084452593005,0.0103160312667018,0.0176003954607003,"Nb_vs_On","On higher"
"mnat1",120.481378664273,1.78379482205724,0.93458792319025,0.0103187613272613,0.0176014858871095,"Nb_vs_On","Nb higher"
"myo1ha",44.162583698532,2.28657940466084,1.53612279231264,0.0103229811740712,0.0176051165971093,"Nb_vs_On","Nb higher"
"pick1",5.07201242892323,-2.84223708905755,3.83409574378254,0.0103282952573588,0.0176105547875677,"Nb_vs_On","On higher"
"lig3",116.318832354621,-1.75423722153265,1.02771748459929,0.010331251082954,0.0176105547875677,"Nb_vs_On","On higher"
"cabp1b",5.06419714394333,-0.789808224811718,1.51904639391892,0.0103324459605366,0.0176105547875677,"Nb_vs_On","On higher"
"bag2",151.547458434279,-3.03228046117642,3.51809141960035,0.0103567287789235,0.017648369000198,"Nb_vs_On","On higher"
"fdps",2.92072844502732,-1.27651926245519,2.54594704533105,0.0103671199392422,0.0176625006372275,"Nb_vs_On","On higher"
"adgrv1",3.35356054018524,-0.740226338834459,1.45246097737173,0.0103969182787827,0.0177096839479548,"Nb_vs_On","On higher"
"cd81b",4.30915567150508,-0.829030774806319,1.57779308988875,0.0104511975662173,0.0177985395736227,"Nb_vs_On","On higher"
"cyp24a1",6.14268423650811,2.83436776426639,1.79474843454472,0.0104840046648384,0.0178507992048158,"Nb_vs_On","Nb higher"
"tex2",4.37372825506185,-0.94780976561593,1.77468275541211,0.0104985823053768,0.0178720052268275,"Nb_vs_On","On higher"
"gpm6aa",5.99371608977167,-2.84612433505957,3.58680983836308,0.0105282410228208,0.0179188703861919,"Nb_vs_On","On higher"
"znhit2",3.84245819112651,-2.91867286883631,3.27318439560384,0.0105343543085422,0.0179256508124738,"Nb_vs_On","On higher"
"rab6a",3.15409353579478,-1.45980634430826,3.16430564518107,0.0105377661672448,0.0179278325779843,"Nb_vs_On","On higher"
"atg7",4.38061365284586,-1.49328598461229,3.29841856022059,0.010544004042988,0.0179348203745955,"Nb_vs_On","On higher"
"aox6",3.49360793258008,-0.721205638248115,1.42980103587371,0.0105541972632701,0.017948531830749,"Nb_vs_On","On higher"
"klf13",13.8442044342387,-2.87619768084671,2.72632265886909,0.0105936521507959,0.0180119902656836,"Nb_vs_On","On higher"
"lck",2.75158978549398,-0.760457008608746,1.47812226202968,0.010609562787281,0.0180353997462302,"Nb_vs_On","On higher"
"DYNC1I1",7.25498502974412,-1.15987673341911,2.21542432714926,0.0106865035884535,0.0181625251781953,"Nb_vs_On","On higher"
"mpv17l2",3.90273814296106,3.50443025080722,2.85705940085819,0.0106985583796128,0.0181793428420631,"Nb_vs_On","Nb higher"
"cracr2ab",24.2655612930192,-2.18688735387623,5.38709946497087,0.0107110760965854,0.0181969401778116,"Nb_vs_On","On higher"
"gpr155a",27.6280370801949,-2.91851494845169,3.05897813670241,0.0107238202385479,0.018211240421242,"Nb_vs_On","On higher"
"asphd2",4.48904767808694,-2.72248046443499,4.17001399678689,0.0107221184373248,0.018211240421242,"Nb_vs_On","On higher"
"si:dkey-44g23.5",43.9255182674255,-2.84848165638188,2.92521253923914,0.0107346006188332,0.0182258709175753,"Nb_vs_On","On higher"
"nxnl1",4.70761588119959,-1.25605709195196,2.45690313522617,0.0107380647352377,0.0182280760115409,"Nb_vs_On","On higher"
"cdc14ab",4.6735777978587,-2.34188598204755,4.63273580787194,0.0107405080287181,0.0182285476987397,"Nb_vs_On","On higher"
"pop1",117.557034840442,-2.88639827917991,3.28075809435302,0.0107460990484358,0.0182343603688233,"Nb_vs_On","On higher"
"bbs7",3.32085981571134,-0.92994375678533,1.72754781751901,0.0107763924809963,0.0182820781751365,"Nb_vs_On","On higher"
"smim14",7.98741827019385,-1.13322415921176,2.16365947641692,0.0108034733483503,0.0183243277546671,"Nb_vs_On","On higher"
"tgfb3",62.0688878167837,-2.97992771846825,3.38715348537792,0.0108238640629749,0.0183552150850368,"Nb_vs_On","On higher"
"pacsin3",5.3964606725698,-2.5670042593664,4.73532661214725,0.0108263125323482,0.0183556694657215,"Nb_vs_On","On higher"
"spns3",2.4038063997019,-1.81341849349395,4.32691195549818,0.0108427480675201,0.0183798335143746,"Nb_vs_On","On higher"
"si:ch1073-82l19.1",5.69433725347074,-0.458846551089429,1.17893631103169,0.0108529781355835,0.0183934708969885,"Nb_vs_On","On higher"
"rps6kb1b",2.62153123811339,-1.06927771701173,2.00916890052152,0.010873543988003,0.0184246162018939,"Nb_vs_On","On higher"
"elmod3",3.88135969223332,-2.55046119882119,4.45438200157302,0.01088392550526,0.0184384956537087,"Nb_vs_On","On higher"
"prkcz",7.978966926237,-2.61684152408439,4.17437158272541,0.0108866174046217,0.0184393451332205,"Nb_vs_On","On higher"
"stox2a",3.3404338675755,-0.849698273174941,1.60535376256217,0.0108930725778228,0.0184465670810928,"Nb_vs_On","On higher"
"abca4a",34.403566813269,-1.72707045266163,1.01101370382475,0.0109072004612454,0.018466776645769,"Nb_vs_On","On higher"
"aif1l",6.41304207043147,-1.25562382035716,2.46941813753458,0.0109179748366099,0.0184813014628156,"Nb_vs_On","On higher"
"ubtd2",5.93839417419358,-1.97878741330532,5.58992299121277,0.0109232576333922,0.0184865264893236,"Nb_vs_On","On higher"
"ntrk2a",3.50324027873402,-1.20217814458707,2.31674400882726,0.0109602506413231,0.0185454050047553,"Nb_vs_On","On higher"
"apbb1ip",2.7756020526637,-1.27293367109043,2.53251996861472,0.0109673777384954,0.0185500071936215,"Nb_vs_On","On higher"
"itga8",3.94395710973176,-0.513786777539829,1.22026037842325,0.0109652385894878,0.0185500071936215,"Nb_vs_On","On higher"
"rrp9",41.9360377456696,-2.88010562523802,3.3276580034917,0.0109741345520138,0.0185577068418747,"Nb_vs_On","On higher"
"cacnb2b",5.33745304993573,-0.68430459493485,1.38514933359505,0.0109953568432111,0.0185898601940453,"Nb_vs_On","On higher"
"supt20",134.992320223616,1.56426309252777,0.778692647069291,0.011054171519086,0.018685545350937,"Nb_vs_On","Nb higher"
"grtp1a",3.07924414374672,-1.34769583665044,2.73567426842069,0.0110640089270815,0.0186984194234435,"Nb_vs_On","On higher"
"trmt10c",28.7969277221333,-2.87080943480507,3.65976167257023,0.0110760389711401,0.018712675707629,"Nb_vs_On","On higher"
"SGK3",3.55105304884396,-0.674471538495501,1.37458952333926,0.0110768903600755,0.018712675707629,"Nb_vs_On","On higher"
"ints1",3.09413471755915,-0.765018361398307,1.48335292599148,0.0110897122692266,0.0187305774242274,"Nb_vs_On","On higher"
"mettl2a",3.72221198816063,-1.28635927224492,2.52753051325617,0.0111052993108279,0.0187531413437411,"Nb_vs_On","On higher"
"armc1",3.62341880452284,-2.84765339342867,3.50698983612881,0.0111085450501129,0.0187548600545227,"Nb_vs_On","On higher"
"elp4",7.56638108774202,-2.56219748053322,3.8605167706581,0.0111205724112817,0.0187700525647858,"Nb_vs_On","On higher"
"rtcb",3.40088787426163,-0.638069766182618,1.33514340148035,0.0111220031115647,0.0187700525647858,"Nb_vs_On","On higher"
"grip2a",6.81632806226497,-1.81482189482375,4.30107937817475,0.0111441190467933,0.0187998385041896,"Nb_vs_On","On higher"
"kcnip1b",3.75183094706864,-0.833135688560766,1.57699231754901,0.0111419608235202,0.0187998385041896,"Nb_vs_On","On higher"
"trnt1",30.1218475947132,-2.81616965551952,3.78374609258308,0.0111596136483978,0.0188222055083576,"Nb_vs_On","On higher"
"apex2",3.55817582860207,-0.966604699714276,1.78756991812148,0.0111736613831548,0.0188421237026036,"Nb_vs_On","On higher"
"eif2ak3",2.69570081743184,-1.25667693694534,2.45366689591146,0.0111780018894127,0.0188456679160977,"Nb_vs_On","On higher"
"tnika",6.58799462816703,-1.61940923433752,3.7756933669231,0.0111977076485638,0.0188751107299979,"Nb_vs_On","On higher"
"gpr27",5.90303322308969,-2.66185105666099,3.50666614610038,0.0112282666318527,0.0189228325339212,"Nb_vs_On","On higher"
"SLC25A29",16.554878719664,-2.89810824978761,2.92902659720854,0.0112377584832826,0.018935038213025,"Nb_vs_On","On higher"
"fynb",2.34598058626953,-0.763613947992477,1.48021489842051,0.0112420063260715,0.0189384048935101,"Nb_vs_On","On higher"
"kif3ca",5.8603934214056,-2.70856882691824,3.94180921864305,0.0112494854502755,0.0189472125891195,"Nb_vs_On","On higher"
"p4ha1a",9.20817615701996,-0.667033521251615,1.36610336661053,0.0112549034256916,0.0189525459166778,"Nb_vs_On","On higher"
"CTBP1",2.18763319232714,-0.847069875044261,1.59606483256622,0.0112578733725732,0.0189537556100643,"Nb_vs_On","On higher"
"wdr45b",3.53903167472344,-1.81034144729034,4.36924681643756,0.0112674016497973,0.0189660042167554,"Nb_vs_On","On higher"
"dtx2",2.87733345781496,-0.907819531859596,1.69053275509108,0.0112810816649862,0.0189852349971718,"Nb_vs_On","On higher"
"slc6a1l",5.49909536770759,-0.610027726916124,1.3061553865527,0.011295501497576,0.0190057028995792,"Nb_vs_On","On higher"
"zgc:92162",8.96430538850944,-2.4658127936975,4.04955837284181,0.0112993892965762,0.0190084450636648,"Nb_vs_On","On higher"
"rd3",106.976392225782,-2.72834735916781,2.98770520433438,0.0113192803423344,0.0190376759698345,"Nb_vs_On","On higher"
"slc52a2",4.27575045006211,-0.421812722670901,1.15347500755794,0.0113212884182694,0.0190376759698345,"Nb_vs_On","On higher"
"XKR4",4.7574837148382,-0.580425202288137,1.27746028483066,0.0113760778945793,0.0191259883596103,"Nb_vs_On","On higher"
"MRAS",3.12780719663503,-0.703571354079912,1.40713947663732,0.0113799208915611,0.0191286290066217,"Nb_vs_On","On higher"
"hgfb",3.31695584111685,-0.928477268696972,1.72999925971332,0.0114003266458516,0.0191591035545576,"Nb_vs_On","On higher"
"pygma",3.99110218475885,3.47890518373875,3.61877225861228,0.0114066097832473,0.0191658365579593,"Nb_vs_On","Nb higher"
"mecr",13.4906925068345,-2.44461554445109,4.08385858924798,0.0114366465970757,0.0192086374808825,"Nb_vs_On","On higher"
"marcksb",2.62774821911307,-0.707647832913672,1.41006455531049,0.0114354596492944,0.0192086374808825,"Nb_vs_On","On higher"
"dolk",7.0506501328573,2.86431407705902,2.28061042309922,0.0114571574246113,0.0192392481947692,"Nb_vs_On","Nb higher"
"ube3b",2.54090287166461,-1.1589440760805,2.17532258792555,0.0114766511982552,0.0192681391677129,"Nb_vs_On","On higher"
"zic3",10.6998465565582,-2.79527995538221,3.16506150275823,0.0115102326597454,0.0193206657088208,"Nb_vs_On","On higher"
"stk17b",2.83753721919894,-0.846435373104381,1.59537828632394,0.0115163991041536,0.0193271626113966,"Nb_vs_On","On higher"
"thbs4b",4.0518657998781,-0.573747117186134,1.27149425057921,0.0115288692389507,0.0193442338555883,"Nb_vs_On","On higher"
"stk3",3.80717714213191,-1.37735306957369,2.84500079222941,0.0115316259154971,0.0193450033791659,"Nb_vs_On","On higher"
"mark4a",3.85859984063081,-1.82872054577526,4.25918589299518,0.0115456080942719,0.019364600306352,"Nb_vs_On","On higher"
"uvrag",4.42542828301814,-0.997675436650305,1.8580911862254,0.0115482110487489,0.0193651076909101,"Nb_vs_On","On higher"
"cbfa2t2",4.52050885297463,-0.450820464226404,1.17301987951736,0.011564090399715,0.0193878735281419,"Nb_vs_On","On higher"
"cnot10",4.90463635000797,-1.14197687304003,2.16469670875195,0.0115907015427854,0.0194249084578659,"Nb_vs_On","On higher"
"FOXN2",3.070618887821,-0.813923390660001,1.54831766485136,0.0115907953413947,0.0194249084578659,"Nb_vs_On","On higher"
"cox4i1",50.8647762747886,-1.78071741683935,1.11354028734945,0.0116270333050819,0.0194817608204974,"Nb_vs_On","On higher"
"erc2",4.22706139463516,-0.91544336595096,1.70229189902807,0.0116347180433783,0.0194907575102804,"Nb_vs_On","On higher"
"tgfb1a",4.70333527826341,-0.421863182454114,1.15370027558261,0.0116431883874027,0.0195010664236283,"Nb_vs_On","On higher"
"reep3b",4.05772467019666,-1.1986840942376,2.28929649220832,0.0116468491316489,0.0195033172847066,"Nb_vs_On","On higher"
"htra1a",3.76753132838618,-2.55874257235492,3.83228161483174,0.0117049941862022,0.019596786209119,"Nb_vs_On","On higher"
"slc6a18",3.49666176485154,-0.788587182343653,1.5089975482545,0.0117200829124009,0.0196181463425314,"Nb_vs_On","On higher"
"psen1",156.435676143955,-2.84789025822745,2.79091730187847,0.01172434254065,0.0196213748523244,"Nb_vs_On","On higher"
"cers1",2.55569655673367,-1.13245461036646,2.12379362699079,0.011740435803178,0.0196444024232065,"Nb_vs_On","On higher"
"dusp1",5.02782687427894,-1.31420590910263,2.59720903735661,0.011757343147305,0.0196648747494562,"Nb_vs_On","On higher"
"dmd",4.72526334337226,-1.09010589710693,2.03293300863571,0.0117561358137551,0.0196648747494562,"Nb_vs_On","On higher"
"ppp2ca",3.43230058683364,-0.905634063574507,1.6848765526331,0.0117763023327942,0.0196926724349347,"Nb_vs_On","On higher"
"MARF1",18.6559542143143,-0.720698972835377,1.42709093789438,0.0117918257469903,0.0197147148238657,"Nb_vs_On","On higher"
"tab2",6.45092495694238,-1.69043387208712,3.54155516716696,0.0118094302897313,0.0197323906667245,"Nb_vs_On","On higher"
"rabepk",839.137813987493,-1.59402157055044,0.878058624277793,0.0118091190926427,0.0197323906667245,"Nb_vs_On","On higher"
"tcf7",3.86529225273451,-1.35577067099179,2.69512171190513,0.0118062830188528,0.0197323906667245,"Nb_vs_On","On higher"
"sidt2",16.8888401990837,2.4428859141891,1.53610674376786,0.0118257490660869,0.0197557363838697,"Nb_vs_On","Nb higher"
"ntng1a",2.00788248536059,-1.64137369731074,3.60463329225744,0.0118367677158609,0.0197702203635153,"Nb_vs_On","On higher"
"FAM110A",2.29882412751543,-0.84961990463103,1.59676273892404,0.0118414864755084,0.019774178367552,"Nb_vs_On","On higher"
"lrig2",3.20147290019068,-1.78643691261933,4.27349706276466,0.0118639888384256,0.0198078258710564,"Nb_vs_On","On higher"
"wipf3",35.8514285793273,-1.04436864767154,1.94100119510266,0.0118849996725629,0.0198389703041115,"Nb_vs_On","On higher"
"PIK3CA",3.45318134974686,-2.48021027391074,4.3928098238885,0.0118981274301805,0.019856946214762,"Nb_vs_On","On higher"
"ZADH2",5.72303884696662,-2.51042053772605,3.86937953616421,0.0119032758952791,0.0198576647813039,"Nb_vs_On","On higher"
"camkk1a",11.0574377195036,-2.47155508678413,3.59069151648762,0.0119019221871591,0.0198576647813039,"Nb_vs_On","On higher"
"nrd1a",2.45772990691813,-1.27208680575966,2.43944818823827,0.0119323926645439,0.019898520646846,"Nb_vs_On","On higher"
"atxn1b",3.53244676029224,-1.10216527558087,2.03280044915139,0.0119324937307292,0.019898520646846,"Nb_vs_On","On higher"
"ubn2b",477.741822554596,-1.5422712259242,0.821327859246558,0.0119371269690074,0.019900402703106,"Nb_vs_On","On higher"
"rgs16",3.13679069453537,-0.774978454278535,1.49283068507687,0.0119383503980382,0.019900402703106,"Nb_vs_On","On higher"
"SPRYD3",2.42640422138998,-0.919931643653267,1.70784376383731,0.0119506783607823,0.0199170086004882,"Nb_vs_On","On higher"
"ripor2",3.27032879564682,-1.35696183840594,2.71612665951451,0.0119597873711996,0.0199282442776639,"Nb_vs_On","On higher"
"glis2b",3.54516726482951,-2.59618383686361,3.98059472459745,0.0119650225837605,0.019932334476154,"Nb_vs_On","On higher"
"dapk2b",3.95589873095007,-0.496530170392743,1.20638342358126,0.0119669777194681,0.019932334476154,"Nb_vs_On","On higher"
"RDH13",4.79062822328822,-0.39514559777028,1.13692079140186,0.0119742987082774,0.0199405828934281,"Nb_vs_On","On higher"
"acad8",48.7375005810696,-2.6080065826751,2.95629732349255,0.0119820894673018,0.0199496101929879,"Nb_vs_On","On higher"
"ttc26",3.83837821634521,-0.821737870779306,1.55410839127613,0.0120018011270662,0.0199784777313908,"Nb_vs_On","On higher"
"rasgrp4",18.6886637420833,-2.78303861926068,3.17119940098503,0.0120234281756121,0.0199999802238739,"Nb_vs_On","On higher"
"smpx",4.13032440025582,-2.58857129875238,3.52784608969277,0.0120242218951088,0.0199999802238739,"Nb_vs_On","On higher"
"eif3s10",41.2410291450494,-1.70997396878953,1.0210190646878,0.0120224930235047,0.0199999802238739,"Nb_vs_On","On higher"
"rnf34a",3.87569957941599,-0.895878847392541,1.6659699907131,0.0120203310989598,0.0199999802238739,"Nb_vs_On","On higher"
"fth1b",28.0732715303084,2.27738952120586,1.48081089300276,0.0120452396603941,0.0200270249775227,"Nb_vs_On","Nb higher"
"tp53inp1",4.14223962757194,-1.29464257359053,2.54646731345799,0.0120437907488514,0.0200270249775227,"Nb_vs_On","On higher"
"edrf1",226.054944410564,-2.75794568180636,3.18984309324653,0.0120601281323176,0.0200478196322768,"Nb_vs_On","On higher"
"gle1",5.4223590223394,-2.67841595996515,3.47145268817153,0.0120821000362377,0.0200803786979365,"Nb_vs_On","On higher"
"urm1",4.39213895727674,-0.930950819509918,1.72843346356294,0.0120896493335501,0.0200889593544857,"Nb_vs_On","On higher"
"THEM6",6.04122485433567,2.44163788296486,1.4654926403819,0.0120970587340949,0.0200973042083306,"Nb_vs_On","Nb higher"
"OTOP1",3.46788835914917,3.70928101429703,5.22321568616646,0.0121037454168338,0.0201044453273298,"Nb_vs_On","Nb higher"
"trip4",2.36456812564145,-1.45405796439189,3.00785397379182,0.0121109927358102,0.0201125146675972,"Nb_vs_On","On higher"
"pdhx",4.64592261040235,-1.74067182622264,4.16780951394174,0.0121187330286968,0.0201213993364043,"Nb_vs_On","On higher"
"MED9",25.3590208724975,-2.72302421630195,2.94826927355074,0.0121254979172298,0.0201286613029462,"Nb_vs_On","On higher"
"cemip2",4.40415284524772,-0.43749415596635,1.16374915472184,0.0121287534297972,0.0201300958935396,"Nb_vs_On","On higher"
"epha4a",4.11043577153315,-0.640024776539576,1.33615954750748,0.012133610317167,0.0201341871969074,"Nb_vs_On","On higher"
"wnt5a",4.24803019409388,-0.446903595135324,1.17021611953807,0.0121716707177619,0.0201933630473236,"Nb_vs_On","On higher"
"ptk6b",3.17366776447779,-1.80472295574682,3.79038694756308,0.012175738350454,0.0201961311200241,"Nb_vs_On","On higher"
"toe1",13.5130160018118,-1.74314676095363,3.90374539000384,0.0121912171754584,0.0202178223370781,"Nb_vs_On","On higher"
"ush1c",3.6123853092615,-0.773590915741941,1.49077690367316,0.0122032088966948,0.0202297385766792,"Nb_vs_On","On higher"
"zgc:91890",3.13403532260001,-0.530881341581412,1.23334409282514,0.0122010118471019,0.0202297385766792,"Nb_vs_On","On higher"
"gpr26",4.43953907283405,-0.811033924121304,1.54213439093136,0.0122172623917141,0.0202490480042232,"Nb_vs_On","On higher"
"loxl1",3.75678454758962,-0.70122559961832,1.40239615435943,0.0122239383373504,0.0202561245913024,"Nb_vs_On","On higher"
"rasa3",3.09539374595332,-1.04843466893141,1.92905304600898,0.0122502378759753,0.0202917163400158,"Nb_vs_On","On higher"
"prorp",3.84969737692229,-0.73120323647935,1.43761012131079,0.0122491891538163,0.0202917163400158,"Nb_vs_On","On higher"
"rtn2a",5.29013832007416,-0.53384145289072,1.23594154851415,0.0122578686468142,0.02030036165038,"Nb_vs_On","On higher"
"ppp1r13l",3.31348174509473,-1.53027090570274,3.26821823839608,0.0122700861745937,0.0203165982332277,"Nb_vs_On","On higher"
"ostm1",2.74069042503386,-0.959930092383899,1.77639742984823,0.0122895999060534,0.0203449069831185,"Nb_vs_On","On higher"
"tet3",2.90732897742058,-1.30105121590057,2.53911489599621,0.0123210952732346,0.0203930357864901,"Nb_vs_On","On higher"
"map3k3",4.57235589783838,-0.661619773382727,1.3571397008963,0.0123240004427847,0.0203938344264521,"Nb_vs_On","On higher"
"glg1b",5.80543833443379,-2.29163627598777,4.05251593411109,0.0123356347996063,0.0204040139639673,"Nb_vs_On","On higher"
"pfkfb4b",788.600412758103,1.8053247607561,1.00186947658375,0.0123391521756503,0.0204040139639673,"Nb_vs_On","Nb higher"
"nup43",4.05515284382048,-1.06852913730487,1.98687884596573,0.0123343799974214,0.0204040139639673,"Nb_vs_On","On higher"
"snai2",3.36754502829496,-0.517857191239109,1.2226851996582,0.0123398473616723,0.0204040139639673,"Nb_vs_On","On higher"
"nfil3-3",3.06913109103163,-1.86017410826198,4.18920921325393,0.0123504893982604,0.0204176001089074,"Nb_vs_On","On higher"
"sp1",2.44264008203828,-0.940739283786563,1.74002049957981,0.0123688420990595,0.020443925542879,"Nb_vs_On","On higher"
"poli",3.84075218602516,-0.921026073529609,1.69640709575391,0.0124065134045583,0.0205021652610074,"Nb_vs_On","On higher"
"rybpa",2.8195799193907,-1.14551375933473,2.13858675873891,0.0124486413024106,0.0205677453353665,"Nb_vs_On","On higher"
"ptgesl",2.26667222230233,-1.11069903998698,2.06521016989095,0.0124537950232263,0.0205722226266717,"Nb_vs_On","On higher"
"mycbp",219.171115476359,2.24160301532537,1.49941404088272,0.0124587878369024,0.0205723962359835,"Nb_vs_On","Nb higher"
"nsrp1",12.7639076363143,-1.74786139660261,0.98201426675879,0.0124582002603878,0.0205723962359835,"Nb_vs_On","On higher"
"cbx4",5.03251829460426,-0.750561277270936,1.46238221674972,0.0125080963214439,0.0206497656077495,"Nb_vs_On","On higher"
"atmin",17.4465745256068,-2.62647870122578,3.05400791696377,0.0125249512639855,0.0206653915097373,"Nb_vs_On","On higher"
"tnip2",4.73440878181722,-1.34645126562121,2.66764894030001,0.0125205460827111,0.0206653915097373,"Nb_vs_On","On higher"
"iqsec3a",3.61489405391047,-0.712982379626576,1.4149535235847,0.0125273809544059,0.0206653915097373,"Nb_vs_On","On higher"
"usp21",3.6936908065415,-0.620370410130662,1.31460975874526,0.0125272871937772,0.0206653915097373,"Nb_vs_On","On higher"
"c6",25.6761474356086,-2.56501229811408,3.97499304435899,0.0125415835113363,0.020684766849222,"Nb_vs_On","On higher"
"rabl3",11.9108556733942,-2.72221312666974,3.21760334507979,0.0125534828807045,0.0207003367071049,"Nb_vs_On","On higher"
"st7",35.283651073385,-2.39805229304348,3.67547671559445,0.0125602521448661,0.0207074427253198,"Nb_vs_On","On higher"
"plk3",3.07136512803422,-0.746257945802565,1.45628588165834,0.0125693135927489,0.020718324226309,"Nb_vs_On","On higher"
"nr2e1",116.030551324402,2.04393392736316,1.21425803118426,0.0126008747998185,0.0207624679946008,"Nb_vs_On","Nb higher"
"colgalt1",4.67079553873593,-1.0484896495117,1.94359842139864,0.0126010274393461,0.0207624679946008,"Nb_vs_On","On higher"
"adarb1b",2.6353209394976,-1.11213871080696,2.07202472302984,0.0126093120857286,0.0207720526688186,"Nb_vs_On","On higher"
"ZNF207",5.27332304588426,-2.58511411438198,3.54538125793935,0.0126518306777492,0.020838018126647,"Nb_vs_On","On higher"
"SRF",2.99096812720532,-0.658082165584391,1.35312672007143,0.012668106755985,0.0208607438716514,"Nb_vs_On","On higher"
"ttc39a",4.46773438190138,-0.403017435166242,1.14153379382729,0.0126724175620776,0.0208637612042968,"Nb_vs_On","On higher"
"tbcelb",3.41717872175772,-1.20881699122448,2.2955731709865,0.0126821719806427,0.0208757379219887,"Nb_vs_On","On higher"
"baiap2a",73.3177360555112,-2.56695214100204,3.2932250407291,0.0127008277241342,0.020899023164898,"Nb_vs_On","On higher"
"FAM53C",21.8191512262968,1.95313944867996,1.14292139788597,0.0127012832634376,0.020899023164898,"Nb_vs_On","Nb higher"
"tab1",3.01355023279631,-0.699009554180854,1.39891899071202,0.0127055192947176,0.0209019076456777,"Nb_vs_On","On higher"
"dap3",3.68661355681759,-1.46598993199553,3.00769718352431,0.0127245598425455,0.020929141218161,"Nb_vs_On","On higher"
"rrp7a",23.8752981722837,-2.57436542103117,3.33882175526167,0.0127503237403917,0.0209627255854499,"Nb_vs_On","On higher"
"copb2",4.04852169989285,-2.18017883066394,3.71849313526242,0.0127539359229424,0.0209627255854499,"Nb_vs_On","On higher"
"npr2",5.37402593909319,-0.621860779030561,1.31575045648209,0.0127484698301175,0.0209627255854499,"Nb_vs_On","On higher"
"sf3b4",2.80058483036096,-0.577419855186479,1.27365920318544,0.0127549394688376,0.0209627255854499,"Nb_vs_On","On higher"
"marveld1",5.21220900079846,-1.78332150764815,4.13445077271586,0.0127844202825878,0.0210070759201296,"Nb_vs_On","On higher"
"wdr41",7.66943243684345,-1.0246951709014,1.89975674183986,0.0127946845135333,0.0210198388436619,"Nb_vs_On","On higher"
"b9d1",161.991676518022,-2.66100336391948,3.23684208030067,0.0128151658191563,0.0210492900344489,"Nb_vs_On","On higher"
"six3a",3.11435890427083,-2.17931162110642,4.50257718041856,0.0128176123445694,0.0210492900344489,"Nb_vs_On","On higher"
"dgcr8",148.934145572085,-1.73060886288784,0.975103533863923,0.0128805598361881,0.0211448348626013,"Nb_vs_On","On higher"
"stxbp6l",4.05994330462769,-0.472757795849273,1.18805295336898,0.0128808164855571,0.0211448348626013,"Nb_vs_On","On higher"
"srp68",3.6808794228017,-1.2807019203976,2.45657011661619,0.0128836603513967,0.0211453797695569,"Nb_vs_On","On higher"
"fut11",10.7429845855266,-0.916859277310194,1.7030060543053,0.01291118474459,0.0211864236218243,"Nb_vs_On","On higher"
"ttc1",4.99181846859352,-0.52758564991445,1.23088685901085,0.0129228325101477,0.021201404028537,"Nb_vs_On","On higher"
"fam3a",20.5546759984709,-1.07579113187712,2.0016448562282,0.0129277996113165,0.0212054203289287,"Nb_vs_On","On higher"
"fam78ba",41.0846270477925,2.17243180474789,1.46803545808565,0.0129328534866079,0.0212095773719589,"Nb_vs_On","Nb higher"
"IGFBP4",5.13494443909041,-0.475296007623735,1.19013686626307,0.0129815841666501,0.0212853477824038,"Nb_vs_On","On higher"
"ETV6",2.6234446848998,-0.914850152822316,1.69445687121432,0.0130083360365494,0.0213250579855254,"Nb_vs_On","On higher"
"sept8b",5.07607147019853,-2.03512670138134,4.04731939571462,0.0130152789356052,0.0213303227919698,"Nb_vs_On","On higher"
"kcnk5a",4.00146440088851,-0.615116969720192,1.3089931172965,0.0130166153697254,0.0213303227919698,"Nb_vs_On","On higher"
"C6orf62",241.890140009739,1.4760479188823,0.726163392322781,0.0130243495335423,0.0213388428130321,"Nb_vs_On","Nb higher"
"limk2",4.25602044619489,-1.25659258098976,2.4073286492593,0.013040540734569,0.0213612126685352,"Nb_vs_On","On higher"
"loxhd1a",2.47061602393784,-1.39038424777443,2.73136154180804,0.0130561315140409,0.0213825904835011,"Nb_vs_On","On higher"
"ANOS1",3.98470390363551,-1.09222169813033,2.03150495952079,0.0130639711332283,0.021391268041143,"Nb_vs_On","On higher"
"hoxc10a",3.52277013472062,-1.25362795308436,2.33372884111982,0.0130926172792109,0.021434004717308,"Nb_vs_On","On higher"
"ss18l2",160.31676058213,-2.35587900025761,3.92265566591181,0.0131125247445227,0.0214624214076205,"Nb_vs_On","On higher"
"gas2l3",4.17824680679687,-1.24941801514768,2.32522959940336,0.0131614225507712,0.0215375900311431,"Nb_vs_On","On higher"
"mthfd1l",3.72598758723764,-0.980674452732333,1.79568364857195,0.0131635662521063,0.0215375900311431,"Nb_vs_On","On higher"
"ap1ar",3.31022934468429,-0.87003725206251,1.61705993497906,0.013193003161935,0.0215815586119645,"Nb_vs_On","On higher"
"helz",4.64785831977527,-0.866464912801889,1.61968484603521,0.0131980345067142,0.0215855944195687,"Nb_vs_On","On higher"
"creb3l2",5.31124136759129,-0.651800276692852,1.34547332111367,0.0132179798890165,0.0216140160656063,"Nb_vs_On","On higher"
"nacc1b",3.26178370311063,-1.35309489347856,2.61336394027463,0.0132428690755829,0.0216505092014482,"Nb_vs_On","On higher"
"PALM",4.01331237265924,-0.455981765252569,1.17599673321093,0.013245908012752,0.0216512725536595,"Nb_vs_On","On higher"
"ehd4",3.13286332044205,-0.739612195181852,1.4446158705875,0.0132667729656582,0.0216811677004292,"Nb_vs_On","On higher"
"slc1a9",3.22008772943946,-1.19378808990548,2.22517058180719,0.0133413646014913,0.0217988368042225,"Nb_vs_On","On higher"
"cdk14",2.86996251829039,-1.4371363453221,2.86100336257867,0.0133443175635703,0.021799430477418,"Nb_vs_On","On higher"
"dcp1b",3.29166568447857,-0.79467041184821,1.51727298606816,0.0133492809099653,0.0218033074699434,"Nb_vs_On","On higher"
"rab42a",4.51294675613749,-1.19050237826683,2.21765362961935,0.01338247554506,0.0218532840229516,"Nb_vs_On","On higher"
"dtnbp1b",120.343075419301,-2.51360032622488,3.10894368683849,0.0133899134348377,0.0218611891571885,"Nb_vs_On","On higher"
"sco1",2.09015418831056,-1.33136391024544,2.5500087008259,0.013393614081331,0.021862990757542,"Nb_vs_On","On higher"
"agtpbp1",2.82395874310299,-0.640663290457314,1.33423590944898,0.0134235537335189,0.021907614449159,"Nb_vs_On","On higher"
"nrp1a",6.02426681947164,-0.411221648118579,1.14650224906465,0.0134361705962085,0.021923955045335,"Nb_vs_On","On higher"
"acvr2bb",4.19067340546404,-1.12769581843297,2.08922965837184,0.013448908341654,0.0219404865155122,"Nb_vs_On","On higher"
"igf2bp2a",3.37327389298828,-1.31695993005223,2.5335019652042,0.0134692247940555,0.0219666700901175,"Nb_vs_On","On higher"
"si:ch211-154o6.2",2.9494431905776,-0.710480105800003,1.41026255823795,0.0134701771210723,0.0219666700901175,"Nb_vs_On","On higher"
"pcnx4",7.60694143319175,-2.57732294205897,3.49128553268167,0.0134747884347466,0.0219699339615915,"Nb_vs_On","On higher"
"loxl2b",2.50881436887773,-0.688418686420178,1.38473491914222,0.0135138833518844,0.0220294093834552,"Nb_vs_On","On higher"
"exd2",34.4854702117204,-1.50554602608257,2.83653586097258,0.0135207360411802,0.0220363128740862,"Nb_vs_On","On higher"
"foxred2",3.44196348308197,-0.593291691309078,1.28761758577041,0.0135310781318387,0.0220488996736001,"Nb_vs_On","On higher"
"appl2",5.18256170922731,-0.890718118057781,1.65527870492821,0.0135480952837275,0.0220723565121769,"Nb_vs_On","On higher"
"cdkn2a/b",3.548894712283,-0.962602576425332,1.76496782951835,0.0135788849837227,0.0221182379630375,"Nb_vs_On","On higher"
"inppl1b",13.7338490359512,-1.57023811750269,3.32799937099849,0.0135902904259919,0.0221325333344941,"Nb_vs_On","On higher"
"znf106a",7.78379991835928,-2.17377691803507,4.18121702787983,0.0136013898321828,0.0221463248756896,"Nb_vs_On","On higher"
"psmd9",73.8179725953921,1.89605957677969,1.12460093102998,0.0136809408743451,0.0222715452098699,"Nb_vs_On","Nb higher"
"ppm1da",2.70239678540216,-0.65310850880156,1.34653940695042,0.0137085756434857,0.0223122176656734,"Nb_vs_On","On higher"
"lin7a",3.12258358897712,-0.554098039887251,1.25152239635846,0.0137195478292693,0.0223257594484418,"Nb_vs_On","On higher"
"ywhaqa",50.3688970084309,-1.73640917497578,1.11706809099249,0.0137392185131187,0.0223534482882554,"Nb_vs_On","On higher"
"zgc:64106",5.84573862784844,-1.25532350878433,2.40521894619405,0.0137472993296482,0.0223622735762278,"Nb_vs_On","On higher"
"sox11a",3.42250987896935,-1.35918055786611,2.6566843821642,0.013751268948749,0.0223644091983325,"Nb_vs_On","On higher"
"jak3",6.56272766059973,-0.657693136720753,1.35121456005287,0.0137817686365447,0.0224096829017643,"Nb_vs_On","On higher"
"si:dkey-167k11.5",4.30016865230831,-0.840330418584984,1.57213219642123,0.0138377937560605,0.0224964364307681,"Nb_vs_On","On higher"
"frmd4ba",2.21997345722465,-0.811536347491251,1.53207502899159,0.013877180985209,0.0225549747053502,"Nb_vs_On","On higher"
"camsap2a",4.12938673812786,-0.793630056822205,1.51060043585552,0.0138791600111326,0.0225549747053502,"Nb_vs_On","On higher"
"pif1",574.200204177127,-2.42454614716611,3.18276721012337,0.0138834937719683,0.0225576627238814,"Nb_vs_On","On higher"
"znf341",3.34627643567237,-1.41060441957823,2.72695887734864,0.0139619449260371,0.0226807511361213,"Nb_vs_On","On higher"
"SH3RF3",6.30085179043217,-2.41496410316622,3.60490744285709,0.0139827225226713,0.0227101212031346,"Nb_vs_On","On higher"
"tmem151bb",3.34592759495907,3.17720970305604,4.12246080415604,0.0139954260745055,0.022726368961263,"Nb_vs_On","Nb higher"
"pear1",4.29796889185028,-2.06606965648032,4.10891310874061,0.0140119262820823,0.0227487744344394,"Nb_vs_On","On higher"
"cdc23",19.6296222119263,-2.63714669983182,3.07826522345494,0.0140162619322597,0.0227514255583806,"Nb_vs_On","On higher"
"slc9a5",5.29321078032537,-1.1342362576918,2.04629738623054,0.0140258511743244,0.0227626017323043,"Nb_vs_On","On higher"
"rpp40",2.4792531718366,-0.571089858866465,1.26665873150501,0.0140481788706606,0.022790050054581,"Nb_vs_On","On higher"
"wrap53",4.68938786858217,-0.402653211881038,1.1410939512819,0.01404651850955,0.022790050054581,"Nb_vs_On","On higher"
"vamp1",5.54311620982502,-0.83001201340103,1.56053891163549,0.014058638978309,0.0228026248399625,"Nb_vs_On","On higher"
"vps25",8.08574761229091,-1.83887563753701,3.75312453009376,0.0140804531444674,0.0228336071219661,"Nb_vs_On","On higher"
"EGFLAM",4.60735612681984,-0.754718951961075,1.46194801591915,0.0140926316845837,0.0228445548855816,"Nb_vs_On","On higher"
"znf618",2.81881602090771,-0.636246158417221,1.32837641217807,0.0140905114415445,0.0228445548855816,"Nb_vs_On","On higher"
"dio1",2.36512207322419,-0.580048795424953,1.27437566530554,0.0141467326019915,0.0229278388609097,"Nb_vs_On","On higher"
"nkain1",6.97234041509873,-1.59126600499063,3.24193583323167,0.0141755122352162,0.0229700600569875,"Nb_vs_On","On higher"
"ephb6",4.01289052794113,-1.16785736818253,2.15289521168714,0.0141873944992732,0.0229848897026332,"Nb_vs_On","On higher"
"deaf1",44.1959431663158,-2.51339753543017,2.81741902156973,0.0142199587049007,0.0230332138498853,"Nb_vs_On","On higher"
"med20",62.9401742469235,-2.57594318229091,2.89762334815361,0.0142572891434859,0.0230832850327806,"Nb_vs_On","On higher"
"dlk2",62.986113743527,-2.37965564938648,3.14511195556553,0.0142588590742982,0.0230832850327806,"Nb_vs_On","On higher"
"frs3",2.77822749181201,-0.735257821378342,1.43517362099173,0.0142590974305606,0.0230832850327806,"Nb_vs_On","On higher"
"tap2a",7.87290753886344,-2.47433138306629,3.35298740781432,0.0142734411493861,0.0230927783035824,"Nb_vs_On","On higher"
"gprc5bb",6.51717288607965,-1.70229485055526,3.36780936406769,0.0142759346984846,0.0230927783035824,"Nb_vs_On","On higher"
"snx18b",4.83216384437885,-1.52380618939669,3.05953253451684,0.0142712336274475,0.0230927783035824,"Nb_vs_On","On higher"
"wdr89",3.71967191875776,-1.1746179510244,2.16091098077064,0.0142711435398304,0.0230927783035824,"Nb_vs_On","On higher"
"atf7b",4.44425037562609,-1.13523999332076,2.09812553423152,0.0142931537433649,0.0231161898581451,"Nb_vs_On","On higher"
"mb21d2",2.1830942749132,-0.912964947289075,1.67850229755739,0.0143061390357014,0.0231327465237292,"Nb_vs_On","On higher"
"abtb1",3.20040011609042,-1.64912742732385,3.29990806348104,0.0143293953305354,0.0231614535123746,"Nb_vs_On","On higher"
"ednraa",5.9263825602715,-0.408296383311317,1.14453750075114,0.0143291347559548,0.0231614535123746,"Nb_vs_On","On higher"
"med14",2.66219813440891,-0.737326688681691,1.44038652922047,0.0143562069363399,0.0232003359550987,"Nb_vs_On","On higher"
"tap1",4.56411775195565,-0.41993759045067,1.1518246456831,0.0143760721620558,0.0232279799347765,"Nb_vs_On","On higher"
"atp8a2",10.5492942412849,-1.67277929356771,0.999245235622429,0.0144146388900302,0.0232858242518277,"Nb_vs_On","On higher"
"hadhb",3.84801258802851,-0.44751152190307,1.16979683477626,0.0144436587599925,0.0233282270609396,"Nb_vs_On","On higher"
"setdb1b",2.12577741932007,-0.817826626166701,1.54273942871018,0.0144963105680484,0.0234087746713662,"Nb_vs_On","On higher"
"slc12a5a",3.86477888140039,-0.756939688090989,1.46283516871429,0.0145379762137328,0.0234715542322981,"Nb_vs_On","On higher"
"ift81",3.41384791613312,-1.36705172795201,2.60181604339824,0.0145890188740664,0.023549445998445,"Nb_vs_On","On higher"
"cyp3a65",5.25571964263529,-2.34137950758791,3.0951746088948,0.0145976792031328,0.0235589078857307,"Nb_vs_On","On higher"
"pfkla",3.98068941083798,-0.872082705529163,1.62370883455123,0.0146298388082775,0.0236062838965075,"Nb_vs_On","On higher"
"yipf2",4.17991828650621,-2.01444635967046,3.83790646309159,0.0146334397708624,0.0236075691818934,"Nb_vs_On","On higher"
"MTERF4",2.62872133340977,-1.33374253034179,2.53620910729636,0.0146467297891444,0.0236244819630231,"Nb_vs_On","On higher"
"dnajb13",6.28568486534255,-0.595496437572743,1.28817301782951,0.0146844399182532,0.0236807692015048,"Nb_vs_On","On higher"
"osbp",3.86844293668413,-1.55654170726523,3.1814901960632,0.0146964549349585,0.0236956057541621,"Nb_vs_On","On higher"
"kcnj10a",3.78920541489405,-0.546915464553803,1.24538030067627,0.0147115266975463,0.0237153641784651,"Nb_vs_On","On higher"
"tmem30ab",5.61699343890963,-1.70396897544368,3.42910106444125,0.0147329795868012,0.0237453996097439,"Nb_vs_On","On higher"
"ppcdc",11.1638639168054,2.62993176443483,1.90678002629756,0.0147359935324795,0.0237457108645506,"Nb_vs_On","Nb higher"
"l2hgdh",5.74562253976242,-1.14715089176645,2.09246613212932,0.0147851235841974,0.0238203196807222,"Nb_vs_On","On higher"
"tdo2a",14.4240682946147,-2.37077297233022,2.89547794553212,0.0148160368379427,0.0238655564680064,"Nb_vs_On","On higher"
"st6galnac4",2.45715830545489,-0.874573439381066,1.62402995148235,0.0148415466782615,0.0239020738353942,"Nb_vs_On","On higher"
"ATP9A",2.11259366946987,-0.671350165273048,1.36299498116696,0.0148701011063858,0.0239434795550031,"Nb_vs_On","On higher"
"snrpa",3.97858737178273,1.21283829979974,2.40724727029772,0.0148914853934197,0.0239733264566469,"Nb_vs_On","Nb higher"
"tmem182a",7.07899002461507,2.55112123836385,1.83734992891227,0.0149044287567556,0.0239895757694778,"Nb_vs_On","Nb higher"
"slc25a24",49.3905631886671,-1.72938296277936,1.10886243435472,0.0149198184534949,0.0240067737922947,"Nb_vs_On","On higher"
"ndufb6",3.48225376834421,-0.481021972239034,1.19337789286132,0.0149208173534433,0.0240067737922947,"Nb_vs_On","On higher"
"gapdh",44.8678744585673,2.26042427777046,1.56949211836749,0.0149641780323924,0.0240719378323484,"Nb_vs_On","Nb higher"
"nvl",978.045295936872,-2.46010902232197,3.36063100900907,0.0149736686186496,0.0240826026808927,"Nb_vs_On","On higher"
"stxbp2",3.33823332638302,-0.470645597671714,1.18560071859542,0.0149986686381477,0.0241182029791647,"Nb_vs_On","On higher"
"hesx1",3.54282258861949,-0.55781281574065,1.25481665203136,0.0150387975389687,0.0241781126209012,"Nb_vs_On","On higher"
"gart",353.098894993065,-1.45745114788819,0.814765327164151,0.0150456105284076,0.0241844470933999,"Nb_vs_On","On higher"
"ppfia3",2.80305782271604,-0.553381191069019,1.25031056715784,0.0150909077017917,0.0242526271541968,"Nb_vs_On","On higher"
"skap1",91.5818283031227,-1.21561032777008,2.26979811103393,0.0151124412177358,0.0242733314579088,"Nb_vs_On","On higher"
"scamp1",2.19803020034271,-0.753991190335941,1.45620175588217,0.0151078073534498,0.0242733314579088,"Nb_vs_On","On higher"
"dstyk",3.18871778684746,-0.490720329075162,1.20033924315953,0.0151123027050856,0.0242733314579088,"Nb_vs_On","On higher"
"gxylt2",3.70514895643738,-0.907872766139616,1.66797650836436,0.0151857293573676,0.0243863925467989,"Nb_vs_On","On higher"
"clcn6",9.65192896119164,-2.15091360764934,3.42848684474222,0.0151930386520549,0.0243905005689254,"Nb_vs_On","On higher"
"bmp8a",4.27989630365651,-0.976261840359819,1.76341292836791,0.0151940823216257,0.0243905005689254,"Nb_vs_On","On higher"
"elk3",30.0374122024643,1.59774190979751,0.855176880585211,0.0152308064320087,0.0244403333726787,"Nb_vs_On","Nb higher"
"MMP23B",2.97971645273431,-0.894116720749162,1.65021682076555,0.0152309323916693,0.0244403333726787,"Nb_vs_On","On higher"
"ap4m1",7.60906310735604,-2.24228821396626,3.42342378179339,0.0152414088156032,0.0244513821416602,"Nb_vs_On","On higher"
"nop2",3.35095557502937,-2.04828246721138,3.56785687477949,0.0152436271655301,0.0244513821416602,"Nb_vs_On","On higher"
"efna5a",4.69606277529112,-0.683642629097403,1.37823684942183,0.0152596482322258,0.0244690491854715,"Nb_vs_On","On higher"
"gtpbp3",2.68706503190894,-0.600962436477448,1.29151262586357,0.0152620955583832,0.0244690491854715,"Nb_vs_On","On higher"
"wnt7ba",4.8425886117663,-0.532867457793773,1.23262660439197,0.015263361519709,0.0244690491854715,"Nb_vs_On","On higher"
"ppp1r14ba",4.82037286849308,-1.3533407855213,2.51262791265097,0.015282114700952,0.0244897851803947,"Nb_vs_On","On higher"
"bicc1a",4.74534996344089,-0.631010322253025,1.32135790347198,0.0152792217143335,0.0244897851803947,"Nb_vs_On","On higher"
"plcxd2",28.3348896875024,-1.53212511845021,2.92892074376104,0.0152963962357707,0.0245080059978527,"Nb_vs_On","On higher"
"wipf2a",3.06499335247762,-0.660012223753298,1.35051598807099,0.0153261272931271,0.0245509685163737,"Nb_vs_On","On higher"
"ttyh3a",3.19851570984289,-1.35884898549434,2.58585949041259,0.0153563175902514,0.024594650204478,"Nb_vs_On","On higher"
"lnx1",5.31049308947401,-2.23998859345843,3.17745806828586,0.0153769782655903,0.024623055552547,"Nb_vs_On","On higher"
"calb2a",3.29899957157571,-1.33617303414663,2.47720263533106,0.0153936562948296,0.0246450739235214,"Nb_vs_On","On higher"
"plekhm1",3.18552351944255,-0.85606548352858,1.58624874871254,0.0153991998407653,0.0246492611256061,"Nb_vs_On","On higher"
"esrrb",5.50187382587985,-1.62223523757258,3.14005523761792,0.0154048999861976,0.0246536973543368,"Nb_vs_On","On higher"
"ddx43",7.65814767047499,-1.44040547717649,2.58137290843307,0.0154305458561217,0.0246900465722928,"Nb_vs_On","On higher"
"srsf5b",2.59931133587061,-0.773670316765946,1.48315849442119,0.0154432332169183,0.0247056513150928,"Nb_vs_On","On higher"
"pafah1b1b",18.5925487517026,-1.71168198135229,1.12626863764708,0.0154766050811998,0.0247543343290024,"Nb_vs_On","On higher"
"ano5b",2.71112909075006,-0.689059474312492,1.38285435429043,0.0154840228201884,0.0247614939400353,"Nb_vs_On","On higher"
"sf3b6",3.63035938681076,-0.512542370921564,1.21721639899439,0.0154919097761438,0.0247694010437945,"Nb_vs_On","On higher"
"DUSP7",4.15759276448456,-0.913963008725588,1.67794188067885,0.0154994528644358,0.0247767554524916,"Nb_vs_On","On higher"
"evlb",5.46420545301787,-1.48991608039124,2.81004512112823,0.0155029090335368,0.0247775751365697,"Nb_vs_On","On higher"
"ssuh2rs1",3.42810208333219,-0.548804848325698,1.24679157396993,0.0155285913956078,0.0248139108519792,"Nb_vs_On","On higher"
"ift22",1010.21575503773,-1.87988317065545,3.83565602787092,0.0155506369800637,0.02484442248969,"Nb_vs_On","On higher"
"aprt",61.1326491263159,-2.52240739053198,2.95102718902128,0.0155669376861907,0.0248657460042416,"Nb_vs_On","On higher"
"ttbk1a",3.87865634508479,-0.581281054636909,1.27397191839184,0.0156003727148129,0.0249144256333323,"Nb_vs_On","On higher"
"max",2.29776362475376,-0.951318564283777,1.73989860447078,0.0156052611607797,0.0249175053967077,"Nb_vs_On","On higher"
"nrip1b",5.26133017199085,2.70907837154263,2.14340882700077,0.0156285003003534,0.0249498796753983,"Nb_vs_On","Nb higher"
"mcfd2",4.23154292077362,-0.697353040514351,1.39131236365297,0.0156380909690427,0.0249604569164584,"Nb_vs_On","On higher"
"tmem178b",5.20085156176959,-0.458536032945661,1.17712174325595,0.0156557627952752,0.0249839262958534,"Nb_vs_On","On higher"
"nid1b",3.83173331562736,-0.439798481881271,1.16426001033289,0.0157155502230476,0.0250745833543622,"Nb_vs_On","On higher"
"gphnb",6.58673896719514,-1.47089150446988,2.76893338687153,0.015734699992726,0.0251003798633254,"Nb_vs_On","On higher"
"efnb1",3.54033909265503,-0.955084940473662,1.74838146662212,0.0157483286354359,0.0251173608285523,"Nb_vs_On","On higher"
"tardbpl",2.97232104646994,-1.20118853450232,2.21207588983087,0.0157517853441823,0.025118114989075,"Nb_vs_On","On higher"
"ankra2",4.74976068614159,-0.891590044292334,1.63538171191771,0.0157693949288225,0.0251414330512932,"Nb_vs_On","On higher"
"tmem160",2.34117764178343,-0.795954681583509,1.50511073862493,0.0157821604347964,0.0251570207423056,"Nb_vs_On","On higher"
"ubxn10",7.34583019028563,-0.6287508099111,1.31749724197896,0.0157891637997359,0.0251634193233959,"Nb_vs_On","On higher"
"ssh1b",2.85256682946341,-0.477545229729589,1.18996089733569,0.015824306573905,0.0252146531779543,"Nb_vs_On","On higher"
"slc23a1",3.69187171465117,-0.396662329913862,1.13684890648844,0.0158464943881766,0.0252452289477045,"Nb_vs_On","On higher"
"sh3rf1",2.19066669221886,-0.879871318632348,1.6230908333261,0.0158666288337993,0.0252725225208935,"Nb_vs_On","On higher"
"nf1a",4.51241975874286,-0.885897775563343,1.63170596973783,0.0158796155037583,0.025288422873749,"Nb_vs_On","On higher"
"si:dkey-31f5.11",3.4785427435503,-0.878573389120213,1.62107643886689,0.0158932679848997,0.0253053773211436,"Nb_vs_On","On higher"
"slc4a10b",4.0096572108791,-0.903539280984722,1.65630931901858,0.0158996258113301,0.0253107129500335,"Nb_vs_On","On higher"
"si:ch211-117c9.5",4.00654600248737,-1.37089702066856,2.58777861253899,0.0159207381126217,0.0253395298604745,"Nb_vs_On","On higher"
"abcb11a",4.39001991981982,1.22607099300632,2.44786134121634,0.0159639839613993,0.0254035570864007,"Nb_vs_On","Nb higher"
"trmt1",2.56913456322572,-1.46798857694212,2.72315063834166,0.0160063233543441,0.0254661179355261,"Nb_vs_On","On higher"
"erap2",3.69971960101406,-0.956726766955358,1.74275900447961,0.0160451721548481,0.0255231026454102,"Nb_vs_On","On higher"
"TCF4",2.57558831614834,-0.968210348572834,1.75513872666995,0.0160678744262383,0.0255543863442423,"Nb_vs_On","On higher"
"gmppaa",2.71232346369748,-1.22500264150129,2.25373541538312,0.016105767789478,0.0256098136100917,"Nb_vs_On","On higher"
"pip5k1ca",4.66950794729799,-1.96695167999485,3.30923040614452,0.016194747562305,0.0257464372010356,"Nb_vs_On","On higher"
"peli2",5.01925305319035,-1.59776988303073,3.0495098785128,0.0161993195553187,0.0257488429034504,"Nb_vs_On","On higher"
"sap30l",4.61888155081309,-1.08273912828556,1.92833891490068,0.016214905050382,0.0257687503707977,"Nb_vs_On","On higher"
"gdpd5b",84.946480336688,2.03480373843408,1.27166841014394,0.016224179380881,0.0257786225043897,"Nb_vs_On","Nb higher"
"tnfrsf9a",8.70109492178515,2.02297176962683,1.64450741147854,0.0162384182049254,0.0257960054089644,"Nb_vs_On","Nb higher"
"ptch2",5.20158235457605,-0.355852079718479,1.11405543022476,0.0162412483567963,0.0257960054089644,"Nb_vs_On","On higher"
"lrrc6",2.95297730645081,-1.5048040781869,2.71708322959043,0.016262391017938,0.0258247137500476,"Nb_vs_On","On higher"
"plat",3.00425079335915,-0.492922288956351,1.20154448060084,0.0162943570952964,0.0258705956296124,"Nb_vs_On","On higher"
"ppan",2.89229726925968,-0.773133922675478,1.47868152307213,0.0163208375274714,0.0259077522734782,"Nb_vs_On","On higher"
"abitram",205.260114995385,-2.321300056081,2.88607110438063,0.0163296258064872,0.0259168156182145,"Nb_vs_On","On higher"
"nfyc",3.47540640598881,-1.31728521925545,2.44078514230092,0.0163331311661657,0.025917492583748,"Nb_vs_On","On higher"
"ugt1a1",5.24790910791636,-0.475947702572434,1.18938911390918,0.016412624888234,0.0260387252750007,"Nb_vs_On","On higher"
"letm1",3.13045047275895,-1.04566822352303,1.8827895286287,0.0164299400338453,0.0260612841916167,"Nb_vs_On","On higher"
"csnk1e",7.17912668124493,-2.25608078335153,3.1748165233416,0.0164660403395158,0.0261136261450723,"Nb_vs_On","On higher"
"tpx2",150.934236893879,2.2720150099243,1.5418352538374,0.0164997734352589,0.0261621949101543,"Nb_vs_On","Nb higher"
"alkbh2",238.536838150145,-2.47902977552073,2.79939632607863,0.0165387027938905,0.0262189830732524,"Nb_vs_On","On higher"
"def8",3.72553116632611,-1.02233561969076,1.8525083087196,0.0165453634244319,0.0262246035222873,"Nb_vs_On","On higher"
"ube2d1b",2.4311280979061,-1.14481239061393,2.03737162614879,0.0165789361404166,0.0262728698098696,"Nb_vs_On","On higher"
"maml1",3.06582739964736,-1.26185234532305,2.30921140063331,0.0166114538297478,0.0263095424908405,"Nb_vs_On","On higher"
"si:dkey-34e4.1",3.13916883164366,-0.746874104946383,1.44401670390936,0.0166064656026338,0.0263095424908405,"Nb_vs_On","On higher"
"tspan17",3.31506279114492,-0.55329645521148,1.24945348379305,0.0166107102092018,0.0263095424908405,"Nb_vs_On","On higher"
"rai14",3.30802432395034,-0.577455488267481,1.27087991951133,0.0166203829192172,0.0263187327716272,"Nb_vs_On","On higher"
"pdss1",656.357072270876,-2.39947246162805,2.76597217949877,0.0167035964784067,0.0264428444341013,"Nb_vs_On","On higher"
"sgsm1a",8.36070493330482,-1.12693017406615,2.0164230456604,0.0167050423735508,0.0264428444341013,"Nb_vs_On","On higher"
"acap3b",2.42260610460661,-0.561966646695927,1.25637301574604,0.0167112687100069,0.0264477270165141,"Nb_vs_On","On higher"
"TNS3",4.76830204009929,-0.984644782791975,1.78426529565919,0.0167167425253484,0.0264514170260118,"Nb_vs_On","On higher"
"gabbr1a",4.4512762589548,-0.898149462424233,1.64490923845541,0.0167282970186863,0.026464725484552,"Nb_vs_On","On higher"
"anp32b",64.0710558486451,-1.33730897021696,0.722788524619732,0.0167449262188443,0.0264860557892205,"Nb_vs_On","On higher"
"anks3",3.34367355027768,-0.730869937099,1.42219843201087,0.0167498992203602,0.0264889445119279,"Nb_vs_On","On higher"
"ap1s2",52.8297879740104,-2.30825747834634,2.72061255397124,0.0167558030747744,0.0264933039600772,"Nb_vs_On","On higher"
"otx2b",4.13167978183687,-0.845408291283005,1.56479389428631,0.0167667341980857,0.0265006324595354,"Nb_vs_On","On higher"
"ccser1",4.11192014844461,-0.780423336728035,1.47960591439177,0.0167661274273861,0.0265006324595354,"Nb_vs_On","On higher"
"psph",2.51668462528007,-0.807576201192995,1.51729322759767,0.016809693817904,0.0265626457902594,"Nb_vs_On","On higher"
"corin",3.52367121416265,-0.739464680789531,1.43845288895086,0.0168122804431577,0.0265626457902594,"Nb_vs_On","On higher"
"h3f3d",68.8799424291685,1.75362205609346,1.03180592275916,0.0168235028266394,0.0265753887773786,"Nb_vs_On","Nb higher"
"gcc1",39.9892805785208,-1.97481551912641,3.46370821649209,0.0168330280294471,0.0265854465200535,"Nb_vs_On","On higher"
"stox1",2.48111737471633,-0.702377501791139,1.39358534440655,0.0168366217625744,0.0265861343082632,"Nb_vs_On","On higher"
"tmem165",325.719203967104,-2.37148385346468,2.76633045072949,0.0168742683054584,0.0266305944123264,"Nb_vs_On","On higher"
"kcnn2",4.51618287299186,0.90281417517976,1.69902935841488,0.0168733731073724,0.0266305944123264,"Nb_vs_On","Nb higher"
"slc17a5",3.37492067260507,-0.404403307347748,1.14129673820748,0.0168721175867804,0.0266305944123264,"Nb_vs_On","On higher"
"si:ch73-61d6.3",309.662759300348,1.9421572356227,1.33529433174048,0.0168877464649322,0.0266468696798125,"Nb_vs_On","Nb higher"
"thap12b",21.4330326206882,-2.40841258298739,2.78546036609828,0.0168994363812132,0.0266603177393277,"Nb_vs_On","On higher"
"fzd4",7.1562028602377,-2.23291007096354,2.87941166703332,0.0169469458710742,0.0267302586364442,"Nb_vs_On","On higher"
"arl8bb",2.53203947747898,-0.732491294678089,1.42641383387986,0.0170381785258463,0.0268691245467543,"Nb_vs_On","On higher"
"pigf",86.0849557648729,-2.30244341258661,2.74300702290602,0.0170418593801446,0.0268698955351297,"Nb_vs_On","On higher"
"serping1",693.099131679585,2.17315110165423,1.76142999905528,0.0170704078905658,0.0269082755719365,"Nb_vs_On","Nb higher"
"cdkl5",1043.98591884643,2.01525820157381,1.48996147687296,0.0170725944202558,0.0269082755719365,"Nb_vs_On","Nb higher"
"impad1",3.34241788014448,-1.10241741861166,1.99096730878477,0.0170808750403392,0.0269162871751358,"Nb_vs_On","On higher"
"lhfpl4a",4.52880681219418,-0.730774351363254,1.4236434195863,0.0170996553799136,0.0269408382908689,"Nb_vs_On","On higher"
"dnajc6",6.4001562299901,-0.609144150837737,1.29924370561528,0.0171110145018329,0.0269536901340624,"Nb_vs_On","On higher"
"PRKAB2",16.1288478725395,-1.97073592397822,3.01789937092948,0.0171665996053081,0.0270361899864329,"Nb_vs_On","On higher"
"MARK4",5.47726265889368,-1.56635624278377,2.70422011474707,0.0171868561059544,0.0270617316813566,"Nb_vs_On","On higher"
"wdr59",3.46232603535923,-0.874006827179258,1.60954961054368,0.0171892467688541,0.0270617316813566,"Nb_vs_On","On higher"
"mvb12bb",4.5540744548136,-0.708670923408436,1.39695716705374,0.0172117114148668,0.0270920319166696,"Nb_vs_On","On higher"
"tm6sf2",16.6092653441522,-0.19333626022276,1.04773101933102,0.0172337569437331,0.0271216612361835,"Nb_vs_On","On higher"
"omgb",3.31260728726,-0.828296584319234,1.5442432065569,0.0172418309220941,0.0271292958321846,"Nb_vs_On","On higher"
"vwa2",28.2930258219339,-0.158648441471082,1.03870383678416,0.0172595710568722,0.0271521340229396,"Nb_vs_On","On higher"
"dll4",2.88842668042965,-0.810529415137406,1.52327406562899,0.0172732235499756,0.0271685343504661,"Nb_vs_On","On higher"
"hacd1",181.626381522184,-2.04822921737331,3.126476925904,0.0172847110187879,0.0271815238849536,"Nb_vs_On","On higher"
"ca6",3.0821180648869,-0.467544974544635,1.18265449457306,0.0172979602508382,0.0271972785565102,"Nb_vs_On","On higher"
"rad54b",5.32051566578495,-0.724812718291516,1.41812828806628,0.0173123337586779,0.0272147946929133,"Nb_vs_On","On higher"
"si:ch211-198a12.6",2.5603781548545,-0.956822698103474,1.73894083219197,0.0173189510534387,0.0272201138849603,"Nb_vs_On","On higher"
"trmt11",68.2177795296245,-0.121035876271468,1.03093680993514,0.0173248562902563,0.0272243121619147,"Nb_vs_On","On higher"
"pigk",4.71326069869444,-0.522945455713429,1.22428133094466,0.0173755558744939,0.0272988856572396,"Nb_vs_On","On higher"
"arhgef18a",8.19671575460331,-0.832350875077,1.54188271821835,0.0174107957822967,0.0273491470228352,"Nb_vs_On","On higher"
"afg1lb",3.17460893125908,-0.462197391646778,1.17859048202079,0.0174387846112145,0.0273880016524634,"Nb_vs_On","On higher"
"TRAPPC5",5.06118011287048,-1.80671349514216,3.2867559476192,0.0174497026247096,0.0274000366899469,"Nb_vs_On","On higher"
"clp1",2.31919288278998,-0.694459721867462,1.3854233241318,0.0175131684210109,0.0274945639254139,"Nb_vs_On","On higher"
"ell",16.2594187025058,1.6453033910368,1.00593289570488,0.0175544657103098,0.0275542592484408,"Nb_vs_On","Nb higher"
"jagn1b",7.3340662752165,2.16812808755425,1.46739747884574,0.0175757905908667,0.0275825885894698,"Nb_vs_On","Nb higher"
"gpm6ab",4.79436658134431,1.92492807031593,3.09899547447617,0.0176221739977744,0.0276502256688285,"Nb_vs_On","Nb higher"
"gabra6b",5.57598552708509,2.40457003543748,3.89462885458765,0.0176299895884092,0.0276573336480114,"Nb_vs_On","Nb higher"
"ipo13",2.96554723942695,-1.41413671724822,2.59014348634342,0.0176417695764301,0.0276706570326791,"Nb_vs_On","On higher"
"C17orf75",61.9850421119761,2.01798294124045,1.42490292833063,0.017654078498774,0.027679648501151,"Nb_vs_On","Nb higher"
"camk2d2",4.10658170770478,-1.9433547597904,3.07908203481696,0.0176534211123735,0.027679648501151,"Nb_vs_On","On higher"
"med23",13.2807503441114,2.11254423901122,1.35049703261023,0.0176866338422762,0.0277203656086913,"Nb_vs_On","Nb higher"
"zgc:162613",3.89799493403179,-0.807216088111017,1.52079711492133,0.0176855679703973,0.0277203656086913,"Nb_vs_On","On higher"
"tmpob",3.96375465947389,-0.926868162018856,1.6849253583377,0.0176928315001668,0.0277249172688765,"Nb_vs_On","On higher"
"rxfp3.3b",3.8164476054788,-0.506785436380672,1.21117074064254,0.0177377565348022,0.0277901422873561,"Nb_vs_On","On higher"
"mapk13",2.76072433564729,-0.705523842611966,1.39798201402763,0.0177735233180057,0.0278409972629274,"Nb_vs_On","On higher"
"IQSEC1",5.35138933619213,-1.39395093708539,2.57843409957802,0.0177908504517496,0.0278629542516889,"Nb_vs_On","On higher"
"nat16",4.92803639184024,-1.6483441470093,2.89560548707447,0.0178002562417702,0.027867315797512,"Nb_vs_On","On higher"
"rassf9",4.00342104415122,-0.896466541949293,1.6357525988985,0.0177988640646858,0.027867315797512,"Nb_vs_On","On higher"
"EIF4EBP2",2.61925618661148,-0.953670436950594,1.72630770643466,0.0178114078111501,0.0278795892440055,"Nb_vs_On","On higher"
"tmem150c",4.28761300450089,-1.02548876322134,1.82754934881413,0.0178272955421047,0.0278940843630925,"Nb_vs_On","On higher"
"bcl6aa",4.37768126807359,-1.00287512510574,1.79653438562713,0.0178265702647363,0.0278940843630925,"Nb_vs_On","On higher"
"tomm34",9.25063727774273,1.93416249038959,1.2493628279198,0.0178525309466153,0.0279260505790332,"Nb_vs_On","Nb higher"
"tmbim4",3.93002608681249,-1.21891510252,2.11745193983131,0.0178543602062671,0.0279260505790332,"Nb_vs_On","On higher"
"cdc42l",3.12261588371761,-0.636508947977766,1.32455098273798,0.0178583816743413,0.0279271515761852,"Nb_vs_On","On higher"
"chl1b",2.6531725892084,-0.468983228464782,1.18313060031738,0.0178636507858855,0.027930202881795,"Nb_vs_On","On higher"
"gtf2e1",2.85191802324728,-0.797516440610247,1.50627181227066,0.0178894089258961,0.0279652821426543,"Nb_vs_On","On higher"
"timm44",2.14994451327662,-0.857562760533469,1.58191022400315,0.0179084767048109,0.0279897513285249,"Nb_vs_On","On higher"
"rilpl2",2.7975225869413,-0.527278716193201,1.22734691386175,0.0179117118563511,0.0279897513285249,"Nb_vs_On","On higher"
"ubn2a",5.81487872717024,2.19449521850246,1.63515204571057,0.0179166607292721,0.0279922884222369,"Nb_vs_On","Nb higher"
"nifk",2.76742036050671,-0.533301436219901,1.23227430692569,0.0179459890050661,0.0280329069297915,"Nb_vs_On","On higher"
"tada2a",3.44712705454982,-0.501599426208801,1.20749259809476,0.0179530979235565,0.0280388085937845,"Nb_vs_On","On higher"
"tanc1a",8.25850213512808,2.00520819611537,1.44849396130568,0.017998372131659,0.0281043028388621,"Nb_vs_On","Nb higher"
"pih1d2",58.8101122777607,-2.09090740914623,3.16938959444607,0.0180163819633754,0.0281219920948811,"Nb_vs_On","On higher"
"nr4a3",4.50421911208954,1.92227284033794,6.9785568205803,0.0180133942261422,0.0281219920948811,"Nb_vs_On","Nb higher"
"npas2",3.3116284356346,-1.1743326205254,2.09559950285412,0.0180276701450035,0.0281343951206229,"Nb_vs_On","On higher"
"cetn4",14.0478405410102,-2.17475855512706,2.71231613840583,0.0180337945667712,0.028138736360163,"Nb_vs_On","On higher"
"exosc10",4.43250460487916,-0.870680285784035,1.60456137682065,0.0180854543396189,0.0282141131636234,"Nb_vs_On","On higher"
"si:ch211-221f10.2",2.64639270297873,-0.568391790301734,1.26106561595634,0.0180974434590008,0.0282275855174855,"Nb_vs_On","On higher"
"gpd2",2.29722994145927,-0.791167188180239,1.4954308060327,0.0182018859572066,0.0283852308239654,"Nb_vs_On","On higher"
"klhdc4",2.2530761176545,-1.0876221978218,1.93871043546301,0.0182220211597572,0.0284113676834296,"Nb_vs_On","On higher"
"trip10b",2.74032385649033,-0.53019079759553,1.22951352554585,0.0182274211416977,0.028414524290891,"Nb_vs_On","On higher"
"zgc:101858",32.0920713296697,2.15683434393622,1.72017680294308,0.0182320002655107,0.0284164003397647,"Nb_vs_On","Nb higher"
"ankrd33aa",2.591909231823,-0.51033704009151,1.21353277343794,0.0182468446485211,0.0284342721679472,"Nb_vs_On","On higher"
"gcna",90.3607677443494,-1.5371605393864,2.62984113293276,0.0182517648743895,0.0284354593842223,"Nb_vs_On","On higher"
"lmo4a",2.54148326865238,-0.911974756736804,1.66002524195889,0.0182543623797027,0.0284354593842223,"Nb_vs_On","On higher"
"hsd17b3",4.22737248722961,-1.09511247663363,1.93788882340927,0.0182714248710734,0.0284567723523951,"Nb_vs_On","On higher"
"lrrk2",552.984024104326,-1.60249178339057,3.00795336017462,0.0182924281612529,0.0284842138848366,"Nb_vs_On","On higher"
"map2k2a",3.15312457464961,-0.910392802952779,1.65973138827311,0.0182984009081771,0.0284882446541585,"Nb_vs_On","On higher"
"ckmt2a",939.948765877783,-2.18108617975431,2.72821165312224,0.0183121708969088,0.0285044109856099,"Nb_vs_On","On higher"
"rfc5",20.353285581587,1.72279796509668,1.09006393981653,0.0183215325728075,0.0285137107039921,"Nb_vs_On","Nb higher"
"akt1",3.28447546484737,-0.74312313295465,1.43985936792588,0.0183275153701893,0.0285177494244462,"Nb_vs_On","On higher"
"glra2",9.07722421384167,2.03798662885567,1.39682963239349,0.0183505956100204,0.0285483854823788,"Nb_vs_On","Nb higher"
"itih2",56.7552196098247,-1.61400294687203,1.07276451076715,0.0183772144959084,0.028584514343414,"Nb_vs_On","On higher"
"ppargc1b",4.71672182870279,-1.32451918663891,2.37093931992377,0.0184035349497403,0.0286201657503997,"Nb_vs_On","On higher"
"colgalt2",3.23040505719844,-0.516285409255654,1.21838262304786,0.0184335770590091,0.0286615906322014,"Nb_vs_On","On higher"
"stat4",4.34957362241405,-0.906219929864351,1.6545410467765,0.0184749837482072,0.0287206672562157,"Nb_vs_On","On higher"
"syt2a",3.26610877098321,-0.494967160818001,1.2019622358158,0.0184984965721468,0.0287519099232517,"Nb_vs_On","On higher"
"usp40",3.67986758490767,-1.47267538602244,2.69729404277299,0.0185024602676826,0.0287527617746634,"Nb_vs_On","On higher"
"SPOCK2",3.2574910297855,-0.782214003596247,1.48019728843204,0.0185108858049559,0.0287605457191065,"Nb_vs_On","On higher"
"usp32",4.48680952142289,-0.958915140335523,1.73432983411171,0.0185508260053965,0.0288172823977537,"Nb_vs_On","On higher"
"tsr3",2.16839729596418,-0.922797816312298,1.67602684629397,0.0185726657701126,0.0288458856924,"Nb_vs_On","On higher"
"tmem201",2.70257178126842,-0.588314506235106,1.27652774108275,0.0185809449049649,0.0288534208098127,"Nb_vs_On","On higher"
"si:dkey-12e7.4",2.04649282078832,-0.878501175287189,1.60670042042357,0.0186091654590032,0.0288919134699168,"Nb_vs_On","On higher"
"cryba4",4.61993106217894,-0.691134356714652,1.37804608703278,0.0186373579964202,0.0289303484443786,"Nb_vs_On","On higher"
"itcha",3.33309115623693,-0.909627132935479,1.64558329478529,0.0187501346650263,0.0291000430697256,"Nb_vs_On","On higher"
"psen2",118.669905720513,-2.2624583528599,2.80595551884921,0.0187795664836791,0.029140348508684,"Nb_vs_On","On higher"
"brsk2b",70.8862718617817,-1.69713671937945,1.41725318815446,0.0188303954323408,0.0292138350072697,"Nb_vs_On","On higher"
"maff",2.30467389176473,-1.24868906031244,2.19881890685216,0.0188743898986344,0.029276693231381,"Nb_vs_On","On higher"
"shrprbck1r",2.81134084361226,-1.51596475995313,2.71883835513642,0.0189140013569341,0.0293327309179571,"Nb_vs_On","On higher"
"dot1l",3.33108453570719,-0.955633757044279,1.7107483216305,0.0189565479955118,0.0293932991391082,"Nb_vs_On","On higher"
"aqr",7.08809757190807,-0.916712785273998,1.66894679983906,0.0189819371923247,0.0294272462771619,"Nb_vs_On","On higher"
"ccdc115",3.56068355209261,-0.882842224636125,1.61468972445519,0.0190032503986901,0.0294548631662997,"Nb_vs_On","On higher"
"krcp",3.12041075850716,-0.41628081208761,1.14805763919781,0.0190261731417383,0.0294849641949841,"Nb_vs_On","On higher"
"stt3a",21.5446115294835,-1.72456794489309,1.51215194247766,0.019048818345385,0.0295091926447278,"Nb_vs_On","On higher"
"map3k10",3.38550452257529,-0.604838986188132,1.29191254105654,0.0190459011196842,0.0295091926447278,"Nb_vs_On","On higher"
"enpp6",3.52206833033159,-0.651702091631419,1.33876362939495,0.0190996343894115,0.0295824696025881,"Nb_vs_On","On higher"
"st6gal2a",24.6583421911323,-1.67314341909254,2.89048405496627,0.0191176693232982,0.0295954285468793,"Nb_vs_On","On higher"
"dhx40",4.12544886684744,-0.762599519566691,1.4577598421914,0.0191185484007994,0.0295954285468793,"Nb_vs_On","On higher"
"nasp",2.46507566510147,-0.614029748216654,1.30229146597348,0.0191176940159471,0.0295954285468793,"Nb_vs_On","On higher"
"stard3",3.27100164649188,-0.899661847510681,1.63601769403266,0.0191456596979133,0.0296265006134254,"Nb_vs_On","On higher"
"si:dkey-54n8.4",2.55724900561589,-0.557889437380412,1.25057386926512,0.0191444432697043,0.0296265006134254,"Nb_vs_On","On higher"
"traf4a",6.02530514189038,-1.6741175284211,2.91300909690575,0.0191530441178001,0.0296324803131118,"Nb_vs_On","On higher"
"dcc",3.30018803273278,-0.404480928826816,1.14088285271142,0.0191703950628912,0.029653874612168,"Nb_vs_On","On higher"
"guca1d",3.95879595742205,-0.567988630943144,1.26004557082915,0.0191742002863997,0.0296543115948765,"Nb_vs_On","On higher"
"kat7b",2.80563321876981,-0.458730909597174,1.17554452452604,0.0191787094215847,0.0296558368682769,"Nb_vs_On","On higher"
"prf1.5",15.7323695835317,-1.90050823032571,3.01457155466884,0.0191970469240094,0.0296787403133721,"Nb_vs_On","On higher"
"slc25a44a",149.684722964504,2.03211597567347,1.30550926341916,0.0192602944999165,0.0297601246513027,"Nb_vs_On","Nb higher"
"mitd1",51.4275288799612,-1.636882454669,2.81506077023527,0.0192569680686464,0.0297601246513027,"Nb_vs_On","On higher"
"MCOLN3",84.527873879299,-1.56912699679186,2.56112759579717,0.0192596654119066,0.0297601246513027,"Nb_vs_On","On higher"
"mia",9.01073532272675,-1.82587734068567,3.12214976557164,0.0193314897489819,0.0298608157919904,"Nb_vs_On","On higher"
"sgpl1",3.47129891084076,-0.388187979997954,1.1313700437178,0.0193325547714834,0.0298608157919904,"Nb_vs_On","On higher"
"fam110c",4.74825989694556,-0.39474716969456,1.13514088226449,0.0193452813198382,0.0298749914053198,"Nb_vs_On","On higher"
"vps13a",5.93247094787232,-1.80399109921863,1.57716385325143,0.0193989973169883,0.0299487705571552,"Nb_vs_On","On higher"
"gpn3",3.85977306720945,-0.836631877575841,1.54733729924502,0.0194001717567317,0.0299487705571552,"Nb_vs_On","On higher"
"mbtps2",3.41460409397433,-0.681476993162511,1.36887539334026,0.0194102079801886,0.0299587698528103,"Nb_vs_On","On higher"
"ndufv2",102.541725482052,1.70577346197332,1.03932112421928,0.0194169019898904,0.0299636078736751,"Nb_vs_On","Nb higher"
"pdx1",12.1972184592981,-1.98405977862641,2.90244429557123,0.0194335669556562,0.0299834726694245,"Nb_vs_On","On higher"
"pdzd11",8.74065399463513,-1.18316712624521,2.11224808273715,0.0194368983555535,0.0299834726694245,"Nb_vs_On","On higher"
"tfap2a",2.89280757060944,-0.697776699654214,1.38569883286524,0.0194731422233564,0.030033878936646,"Nb_vs_On","On higher"
"zgc:153681",2.39853018548403,-0.590734449401247,1.27956316962887,0.0194885943536676,0.0300522050319059,"Nb_vs_On","On higher"
"slc4a1ap",55.3255664840225,-1.64033405713777,1.19979426088783,0.0195025172000289,0.0300681666281764,"Nb_vs_On","On higher"
"tcea3",3.33339475756537,-0.479965242595649,1.19065739450528,0.0195228706642911,0.0300940350214251,"Nb_vs_On","On higher"
"fzd8b",5.0671962822328,-0.349940382228593,1.11067280384082,0.0195479268911873,0.0301271418106947,"Nb_vs_On","On higher"
"ABHD5",15.5882350150163,2.04411720095682,1.5845896097092,0.0195563635628709,0.0301346272143964,"Nb_vs_On","Nb higher"
"si:ch73-238c9.1",43.8846495731213,-2.04351191882191,2.90931759556046,0.0195725330180912,0.030154023233216,"Nb_vs_On","On higher"
"wdr21",3.51618148408782,-1.02138948093708,1.80430305053644,0.0195873005992211,0.0301712527802824,"Nb_vs_On","On higher"
"ighmbp2",3.80729121479123,-0.912614094175133,1.65278927972313,0.0196203244472107,0.0302165918764398,"Nb_vs_On","On higher"
"ARID1B",3.04650545398128,-1.11830209326976,1.97369413706834,0.0196327155457291,0.0302301444053315,"Nb_vs_On","On higher"
"zdhhc4",8.73199940989307,-1.77628117792896,3.04682066636875,0.0196717274929743,0.0302846748419638,"Nb_vs_On","On higher"
"GNAZ",3.72347291058532,-0.452424950635599,1.17155350688584,0.0197156350026715,0.0303467206897949,"Nb_vs_On","On higher"
"bnc2",3.15073243201266,-0.78022963865489,1.4762348586,0.0197350577139837,0.0303710632241892,"Nb_vs_On","On higher"
"rab3c",7.12182581720843,-1.06845350615348,1.88088030464713,0.0197688992158395,0.0304123369450282,"Nb_vs_On","On higher"
"snx27b",2.84986980313293,-1.0638299912187,1.87641720048886,0.0197712417664174,0.0304123369450282,"Nb_vs_On","On higher"
"lamtor4",3.70525242440025,-0.412920131034255,1.14614882779043,0.0197727156213043,0.0304123369450282,"Nb_vs_On","On higher"
"plcd1b",4.36507690129336,-0.964496598850513,1.72388107479319,0.0197764668570473,0.0304125498726022,"Nb_vs_On","On higher"
"rp9",3.04033146422429,-1.19339912212078,2.09149762389921,0.0197873835028998,0.0304182239458383,"Nb_vs_On","On higher"
"lman2lb",3.48213497054767,-0.797527461218297,1.49888916883434,0.0197846156716395,0.0304182239458383,"Nb_vs_On","On higher"
"atp6v0a1b",3.47834477209869,-0.781059777671671,1.47545397781499,0.019800258103238,0.0304269026493351,"Nb_vs_On","On higher"
"ctnnd1",3.04933968085645,-0.521818052940015,1.22222944670232,0.0197997914354995,0.0304269026493351,"Nb_vs_On","On higher"
"ezh2",3.10309494874746,-0.764720463907708,1.45477751555022,0.0198075215476491,0.0304325089228162,"Nb_vs_On","On higher"
"kif13bb",2.09453386846968,-0.531097097287681,1.22875146529954,0.019829201678678,0.0304602590750204,"Nb_vs_On","On higher"
"armh3",2.47978112899278,-0.459978083117287,1.17629878169928,0.0198350611180723,0.0304637008742808,"Nb_vs_On","On higher"
"TFAP4",2.74335338307892,-1.06482043832816,1.88674643791279,0.0198593762905769,0.0304954815056689,"Nb_vs_On","On higher"
"olig2",3.59010794906674,-0.53382138764989,1.23138851140112,0.0198780964972196,0.0305130956078765,"Nb_vs_On","On higher"
"si:ch211-287a12.9",4.56495281209293,-0.500683983629888,1.20608807427931,0.0198774753679989,0.0305130956078765,"Nb_vs_On","On higher"
"garem",5.80870575494349,-1.48665474283854,2.55242763235836,0.0198853400212803,0.0305186494620123,"Nb_vs_On","On higher"
"smyd2a",4.27922855442386,-1.50646832429978,2.61223915481508,0.0199152975365137,0.0305590548053905,"Nb_vs_On","On higher"
"nsfb",3.78779230826752,-0.656244751881065,1.34274341795638,0.019931660745713,0.0305785894217992,"Nb_vs_On","On higher"
"DHX15",3.01520175686597,-0.498617331069555,1.20407467668856,0.0199620261436587,0.0306195947662753,"Nb_vs_On","On higher"
"src",3.18736572187069,-0.731671460075929,1.42158452506794,0.0200211190326553,0.0307046420143727,"Nb_vs_On","On higher"
"trib2",3.7468183195618,-1.65864231882308,2.87283764647497,0.0200325922037051,0.0307166413790144,"Nb_vs_On","On higher"
"si:dkey-118j18.2",3.16669535529085,-0.769768727549262,1.46635892900556,0.0200401327372134,0.0307226074270373,"Nb_vs_On","On higher"
"UBQLN4",2.25472384522121,-0.811834752717464,1.51506380229614,0.0200492124941477,0.0307253360232542,"Nb_vs_On","On higher"
"kif26ba",2.35127952785694,-0.737853465324745,1.42955062219416,0.0200488027899011,0.0307253360232542,"Nb_vs_On","On higher"
"pex11b",360.021816202476,-1.90452434367579,3.03271307973066,0.0200597076310467,0.0307324912465796,"Nb_vs_On","On higher"
"brd1b",2.89985188364898,-0.56647091412717,1.25860135122915,0.0200611831076212,0.0307324912465796,"Nb_vs_On","On higher"
"cox7a1",1.93225697445707,-0.776054854445661,1.47151313957453,0.0200752826514198,0.0307484951527751,"Nb_vs_On","On higher"
"neflb",2.52677360766476,-0.595827976456894,1.28356272557271,0.0200904250303049,0.0307660902137723,"Nb_vs_On","On higher"
"itga2.2",3.94531417360927,-1.25762174456561,2.21951493897549,0.0201587841666726,0.0308651591697071,"Nb_vs_On","On higher"
"si:ch211-239f4.1",8.3396515774434,1.81135073184162,1.23076435253106,0.020197383479084,0.0309163145981215,"Nb_vs_On","Nb higher"
"eaf2",3.35962428965287,-0.609403811091348,1.29657507188082,0.0201995403052587,0.0309163145981215,"Nb_vs_On","On higher"
"znf362a",3.6332392529535,-1.0033318006118,1.77852192802475,0.0202426919010921,0.030976727944627,"Nb_vs_On","On higher"
"spopla",152.288722558983,1.82900450014538,1.16658486978488,0.0202574688223583,0.0309937063879702,"Nb_vs_On","Nb higher"
"nr1d4a",2.59633899843754,-1.02151775288811,1.81076578553107,0.0202692012778211,0.0310060215076682,"Nb_vs_On","On higher"
"cse1l",92.4751444247942,-1.6729090693922,1.45890468563659,0.0203061092765864,0.031056836462628,"Nb_vs_On","On higher"
"hepacama",2.33253223574567,-0.543820540658902,1.23825051840169,0.0204222829322473,0.0312288424566136,"Nb_vs_On","On higher"
"cadpsb",6.69399021769771,-1.09518470411694,1.89971181750946,0.0204692202711703,0.0312949321181822,"Nb_vs_On","On higher"
"arhgap21b",4.28213788125671,-0.475271050733565,1.18684636982737,0.0204896746127119,0.0313205158688595,"Nb_vs_On","On higher"
"rdh12l",3.5467544626383,-0.765272737018223,1.45824172037375,0.020497581799634,0.0313212277344925,"Nb_vs_On","On higher"
"mrpl10",2.4173912818937,-0.571330745130994,1.26158590507045,0.020495496712948,0.0313212277344925,"Nb_vs_On","On higher"
"ephb3a",3.45863175302875,-0.516633255526527,1.21766462882646,0.0205331915897371,0.0313699467880955,"Nb_vs_On","On higher"
"hapln1a",5.84241132520821,-0.571523719255092,1.26136861204449,0.0205625313816565,0.0314090707985455,"Nb_vs_On","On higher"
"exoc4",2.34490264012729,-0.751288772765107,1.43966002787332,0.0205844527370621,0.0314368510777557,"Nb_vs_On","On higher"
"ldb2a",2.80144678571481,-0.597357197899003,1.28514203638551,0.0206023540361692,0.0314584829088468,"Nb_vs_On","On higher"
"tmem11",3.15539037686782,-0.59160868428582,1.28005259922986,0.0206390296498354,0.0315087688778227,"Nb_vs_On","On higher"
"csnk1g1",2.15574479766663,-0.713600461211689,1.39994540192463,0.020652224267716,0.0315231956274946,"Nb_vs_On","On higher"
"ttll12",2.65728980139666,-0.89606947296792,1.62089569076329,0.0206676178779309,0.0315409730414109,"Nb_vs_On","On higher"
"si:dkey-174m14.3",169.836327671593,-1.70736932908687,2.66156705518128,0.020673803973381,0.0315446949153382,"Nb_vs_On","On higher"
"clrn1",8.36984678467224,-1.06609026557889,1.86935584777204,0.0207063409720018,0.0315886151327131,"Nb_vs_On","On higher"
"ndufaf7",3.86630405322362,-0.891711203100695,1.61408028917407,0.0207638173203954,0.0316705588336815,"Nb_vs_On","On higher"
"tnn",4.19157185456449,-0.895691711050645,1.61724340581265,0.0208043158746565,0.0317265817088512,"Nb_vs_On","On higher"
"adsl",7.93724096575682,2.01577888317212,2.41955239127303,0.0208806290607892,0.0318371917105096,"Nb_vs_On","Nb higher"
"mink1",2.93910602926834,-0.926195042077013,1.66577161357707,0.0208949763051335,0.0318532978153954,"Nb_vs_On","On higher"
"afap1l1a",57.5207560094297,-1.1065552528481,1.96173617486164,0.0209431947462892,0.0319210236056966,"Nb_vs_On","On higher"
"rcn2",3.26474541594744,-1.57824117218736,2.73541241899332,0.020950855996827,0.0319269199459251,"Nb_vs_On","On higher"
"ITGA7",2.03699854472964,-0.81982575855458,1.52558608604042,0.0209806573146006,0.0319665471989698,"Nb_vs_On","On higher"
"prdm10",4.84676789779923,-1.01463101572434,1.80486227465678,0.0210952235891339,0.0321352863143919,"Nb_vs_On","On higher"
"n6amt1",173.167099086967,-2.0975913634654,2.79881016568077,0.021099813298263,0.0321364625194099,"Nb_vs_On","On higher"
"arhgef7b",2.2253062014946,-0.872043512382915,1.58759733035927,0.0211291904592254,0.0321753844583501,"Nb_vs_On","On higher"
"mms22l",61.6970260028839,1.63681789158961,0.974706607662834,0.0212017754909496,0.0322800770632688,"Nb_vs_On","Nb higher"
"RGS20",330.029327172075,-1.27838496191174,2.20118117921518,0.0212214922994744,0.0323042535582234,"Nb_vs_On","On higher"
"SIKE1",2.44438862520759,-0.523005660399822,1.22205358166066,0.0212317900098148,0.0323140857535023,"Nb_vs_On","On higher"
"cxcl12b",15.3284882372691,-1.30240219449886,2.26572645923229,0.0212588034461034,0.0323493505801335,"Nb_vs_On","On higher"
"tnfaip3",2.64006498633637,-0.594545080542378,1.28013445954927,0.0212895044728666,0.032390213022337,"Nb_vs_On","On higher"
"rnf168",3.27227644174224,-0.909774381579664,1.64519624721353,0.0212936886833542,0.0323907248529952,"Nb_vs_On","On higher"
"ccnd2b",3.86074853877549,-0.572991185914193,1.26299495108371,0.0213222654147123,0.0324283342838389,"Nb_vs_On","On higher"
"sbk3",2.99070866836795,-1.0357775365709,1.82313612913348,0.0213274001057785,0.0324302843371465,"Nb_vs_On","On higher"
"midn",3.26784633527374,-1.69988655160362,2.8003140496407,0.0213700495554652,0.0324892680436889,"Nb_vs_On","On higher"
"prmt9",156.717375795517,-2.03326637333456,2.75924115624746,0.0213888804523616,0.03251202521632,"Nb_vs_On","On higher"
"igfbp5b",2.75293805769158,-0.513469940271641,1.21448206773901,0.0214380329299031,0.0325808559674895,"Nb_vs_On","On higher"
"rps6ka1",33.4261714538409,-1.22667182134835,1.97426467324021,0.0214767715130571,0.0326338380138835,"Nb_vs_On","On higher"
"mlst8",2.39438613508141,-0.611624514790491,1.29727522170081,0.021487936550948,0.0326449106453493,"Nb_vs_On","On higher"
"tomm6",1.81379105977709,-0.928187223348087,1.66082473923196,0.0215352314275682,0.0327108585632026,"Nb_vs_On","On higher"
"slc33a1",132.146587072943,-2.01250725508449,2.52768134569241,0.0215919488647465,0.0327851777675751,"Nb_vs_On","On higher"
"tpst1",2.60454789000471,-0.565281807820093,1.25574105438551,0.0215894078489388,0.0327851777675751,"Nb_vs_On","On higher"
"ddr2a",3.91061129638713,-0.378413692798323,1.12560943128881,0.0216081340936462,0.0328038363932036,"Nb_vs_On","On higher"
"acads",2.36766794755049,-0.525142661956079,1.22302571105442,0.0216562907082376,0.0328710160804082,"Nb_vs_On","On higher"
"mul1a",12.3488110386216,-1.15629984108397,1.94406754485215,0.0216706693168278,0.0328869108182903,"Nb_vs_On","On higher"
"si:dkeyp-120h9.1",3.93663658699126,-0.419366885028802,1.14964743527209,0.0216848931734829,0.0329025650206162,"Nb_vs_On","On higher"
"si:ch211-149k23.9",581.573868223633,-1.41326314967667,2.40744458886153,0.0217094729794335,0.0329339238675205,"Nb_vs_On","On higher"
"atp8b4",3.23613508894044,-0.3669218219804,1.11903876360195,0.0218130725429205,0.0330851251651,"Nb_vs_On","On higher"
"caprin1b",23.6834691644741,-1.59632724305306,1.86564358539589,0.0218267476844317,0.0330999030818855,"Nb_vs_On","On higher"
"ormdl3",2.66832110822401,-0.938959673851606,1.67630270690958,0.0218552563114176,0.0331371663597826,"Nb_vs_On","On higher"
"nfat5a",2.50007842829072,-0.63504572035266,1.31597252642776,0.0218873202954419,0.0331798059151864,"Nb_vs_On","On higher"
"ccni",58.9597683926068,-1.61549312056197,1.34306690415442,0.0219228874702951,0.0332217581863086,"Nb_vs_On","On higher"
"crk",4.06844893882085,-1.0567993314477,1.86586189720013,0.0219215206333798,0.0332217581863086,"Nb_vs_On","On higher"
"INAFM2",2.54652485029174,-0.944035147728819,1.67745225051408,0.0219500273409595,0.0332568988762053,"Nb_vs_On","On higher"
"MEP1B",50.7497020942603,-0.120935962151581,1.03091222615826,0.0219629428962455,0.033270479269497,"Nb_vs_On","On higher"
"rab27a",3.2649402445083,-0.609023781961777,1.29224645044366,0.0219869391091753,0.033300837247398,"Nb_vs_On","On higher"
"polm",5.00782500949928,-1.39105216974279,2.36545947236047,0.0220024449364344,0.0333183273025553,"Nb_vs_On","On higher"
"tln2a",3.39854694999357,-0.759136058774933,1.44779070090162,0.0220607297917269,0.0334005797458196,"Nb_vs_On","On higher"
"zgc:100829",3.28772639380257,-0.421547652084008,1.15088357756765,0.0220748078092861,0.0334158842184087,"Nb_vs_On","On higher"
"C5orf51",3.10672159242076,-1.09203256746727,1.91544072112538,0.0220818021039685,0.0334204620839998,"Nb_vs_On","On higher"
"pms2",50.3262569847082,-0.121043064953714,1.03093123467204,0.0221117697048543,0.0334598017931806,"Nb_vs_On","On higher"
"tmtc4",3.09393239153826,-0.846815625533983,1.54981948196395,0.0221382537094144,0.033493856888183,"Nb_vs_On","On higher"
"zdhhc18a",3.45599486185977,-0.896973382544993,1.61721213472788,0.0221593759819249,0.0335197892211758,"Nb_vs_On","On higher"
"mitfb",5.36931726277559,-0.868025496939363,1.56212918847268,0.0222055419525485,0.0335835882422842,"Nb_vs_On","On higher"
"sowahca",21.33631553586,-1.62273733783105,2.54376250659644,0.0222398570691189,0.0336294443700094,"Nb_vs_On","On higher"
"tp53rk",3.52536144824855,-0.747955244018584,1.43633685187117,0.0222625777489388,0.0336577549372427,"Nb_vs_On","On higher"
"TMEM179",130.932588691239,-1.84113477219112,2.60530095665132,0.0222718830072434,0.033659732702868,"Nb_vs_On","On higher"
"stk17al",5.16716004387762,-1.4571132605887,2.5013674020854,0.0222696300728011,0.033659732702868,"Nb_vs_On","On higher"
"ampd3b",2.53084166193795,-0.555856240275225,1.24753440587957,0.0222916770621847,0.033683600342752,"Nb_vs_On","On higher"
"ssbp1",2.05320244319425,-0.745117980436482,1.4321258363133,0.0223428294832803,0.0337548346357238,"Nb_vs_On","On higher"
"nyx",5.74889824322766,1.76005926901125,2.61506233606185,0.0223552350344708,0.033767516332348,"Nb_vs_On","Nb higher"
"snx30",312.132209512242,-1.03978639930079,1.76953961474268,0.0223854112900148,0.0338070312593012,"Nb_vs_On","On higher"
"pcyox1l",2.94597556355411,-0.727007781500904,1.41007387041822,0.0224259952452842,0.0338622471703681,"Nb_vs_On","On higher"
"eef1e1",2.37564874871112,-0.820306926207569,1.52059651159347,0.0224339634976414,0.0338682038599615,"Nb_vs_On","On higher"
"slc7a7",25.1844080144546,-1.89723433728419,2.67037207679374,0.0224394615320979,0.033868804468422,"Nb_vs_On","On higher"
"abcd3b",3.26849929866804,-0.676851160177213,1.35718228476862,0.0224504548507715,0.033868804468422,"Nb_vs_On","On higher"
"ccdc88b",4.14386487346259,-0.548273078640093,1.2416984642516,0.022446870318601,0.033868804468422,"Nb_vs_On","On higher"
"atp9b",2.70498023665553,-0.452129204811529,1.17041110455337,0.0224424648367492,0.033868804468422,"Nb_vs_On","On higher"
"slc35e1",3.55798971241299,-1.27579177338065,2.15152959460131,0.022461701331077,0.0338796993020975,"Nb_vs_On","On higher"
"agap1",3.07692422838428,-1.36850876221856,2.25343036143565,0.022480927007584,0.0339023534467893,"Nb_vs_On","On higher"
"nfkbie",2.32841989333233,-0.75001241442741,1.43500391891755,0.0224847753971757,0.0339023534467893,"Nb_vs_On","On higher"
"sybl1",2.88329424525779,-1.0297919979537,1.81712808548228,0.0225199281017272,0.0339492755659634,"Nb_vs_On","On higher"
"spock3",83.9979557617738,-1.25306910859206,0.707107826789358,0.0225330163284119,0.0339545759392667,"Nb_vs_On","On higher"
"il13ra2",3.16984472139048,-0.514772997664509,1.21517784996719,0.0225355447579809,0.0339545759392667,"Nb_vs_On","On higher"
"mrc1a",2.84167066386484,-0.486976160786131,1.19490244252581,0.0225283312364033,0.0339545759392667,"Nb_vs_On","On higher"
"heatr5b",3.17419085835817,-0.422685831279767,1.15135925062603,0.0225562970658222,0.0339797617573535,"Nb_vs_On","On higher"
"snx15",3.12214550048926,-0.369977693753906,1.12054880836842,0.0225876067265429,0.0340208397609658,"Nb_vs_On","On higher"
"bach2b",3.03555540902837,-0.978046721546429,1.72004437968652,0.0226150250540925,0.0340560430957694,"Nb_vs_On","On higher"
"zgc:91860",3.16701278906535,-0.861251328746179,1.57172391165914,0.0226579353726711,0.0341145591069836,"Nb_vs_On","On higher"
"rgs20",6.4199197294575,-1.53172666179315,2.38181426574236,0.0226725706796431,0.0341304899823383,"Nb_vs_On","On higher"
"igflr1",3.08197847853308,-0.466841948042251,1.18065221772714,0.0226859978739596,0.0341445968358648,"Nb_vs_On","On higher"
"pcsk5a",3.21481300901713,-0.363062722377975,1.11681762913127,0.0227187748222121,0.0341878166702505,"Nb_vs_On","On higher"
"cldn11b",4.92781037347818,-1.05937397558229,1.82306604610738,0.0227818740232969,0.0342766426323705,"Nb_vs_On","On higher"
"ARF1",99.822483347019,1.59256958437677,0.956464292825186,0.0228232156897879,0.034332707233137,"Nb_vs_On","Nb higher"
"tapt1a",5.12392900160937,-1.40187116292031,2.29449898237624,0.0228286990842823,0.0343348202414666,"Nb_vs_On","On higher"
"cdkn2aipnl",4.15173115232013,-0.51124167189935,1.21241060015199,0.0228609512739627,0.0343771861065055,"Nb_vs_On","On higher"
"slc20a2",3.23680393062194,-0.95012438091828,1.68375762616943,0.0228777000904,0.0343962277837091,"Nb_vs_On","On higher"
"alkbh7",117.069058674511,-1.89987262381974,2.68309269643781,0.0228865136065589,0.0344033342035737,"Nb_vs_On","On higher"
"stau1",40.7567392286317,-1.25901940996726,0.718206036072466,0.0228946061147096,0.0344093544498528,"Nb_vs_On","On higher"
"si:rp71-1f1.4",2.9764752818147,-0.977610461795533,1.71277038501277,0.0229678604998792,0.0345132898407682,"Nb_vs_On","On higher"
"usp12b",4.91926110157085,-1.59558884237402,2.4755379477321,0.0229836922510821,0.0345309158253809,"Nb_vs_On","On higher"
"ormdl2",46.5534854440355,-1.72787113869276,2.40074271357176,0.0230309399120809,0.0345957266559417,"Nb_vs_On","On higher"
"junba",1.92801756287548,-0.774734839807016,1.46080467013108,0.0230536006680234,0.0346193394281794,"Nb_vs_On","On higher"
"snx4",2.12919108274406,-0.602958883915489,1.2872102183195,0.023054884394675,0.0346193394281794,"Nb_vs_On","On higher"
"bmp7b",2.80347052632437,-0.44674873550604,1.16665167540322,0.0230598647717618,0.0346206423486162,"Nb_vs_On","On higher"
"exd3",3.53961224483463,-1.25298282625231,2.15914098862254,0.0230843230263952,0.0346511824600918,"Nb_vs_On","On higher"
"frmd3",4.50284184368944,-0.491072742541688,1.19730789902468,0.0231142528952208,0.0346899234929521,"Nb_vs_On","On higher"
"lrrc61",2.38558197782175,-1.04186357097616,1.80369246480851,0.0231456391971872,0.0347308361429451,"Nb_vs_On","On higher"
"sh3gl3a",2.69177966937444,-0.801467520735696,1.49664745624059,0.0232389109761535,0.0348645789693922,"Nb_vs_On","On higher"
"zgc:109889",3.80109643621584,-0.737349509775663,1.41934561482181,0.0232439433934989,0.0348659150902484,"Nb_vs_On","On higher"
"mat2b",4.02957693829109,-0.373585059672611,1.12270995528118,0.0232611527939581,0.0348855129555566,"Nb_vs_On","On higher"
"abhd14b",2.78131858536531,-0.534102205883279,1.22999944539414,0.0232697964485968,0.0348922597977,"Nb_vs_On","On higher"
"ppp1r1b",6.95775172343124,2.08509037240439,1.59130711548906,0.0233254674414596,0.0349684333817761,"Nb_vs_On","Nb higher"
"pdzk1",50.6069427820339,-1.4583926511343,2.22338071215989,0.0233335314092355,0.0349684333817761,"Nb_vs_On","On higher"
"eri1",113.641489597003,-1.17417023252152,2.0370898676211,0.0233306321512635,0.0349684333817761,"Nb_vs_On","On higher"
"ccm2l",2.45854326860199,-0.540981690329803,1.2348114389987,0.0233372129649344,0.0349684333817761,"Nb_vs_On","On higher"
"ankzf1",241.613888997621,-1.92192255783876,2.72900674890164,0.0233589257433862,0.0349947387271446,"Nb_vs_On","On higher"
"dnpep",11.9758334262438,-1.43494608367058,2.44982077934102,0.0233880549555512,0.0350321435259483,"Nb_vs_On","On higher"
"ebag9",9.03174820123299,-1.41589996668699,2.40651717318605,0.0234917476702769,0.0351812011898935,"Nb_vs_On","On higher"
"adcy7",20.5242803574982,-1.06904496610041,1.86794802882947,0.0235035292435403,0.0351925843422488,"Nb_vs_On","On higher"
"m1ap",3.42811500836636,-0.342000858117331,1.10590065065898,0.0235499278938993,0.0352557874819215,"Nb_vs_On","On higher"
"kptn",3.43554852980217,-0.690627359118767,1.37029269509735,0.0235645456163375,0.0352713984705422,"Nb_vs_On","On higher"
"akt1s1",24.3607570129286,-1.50304995160468,1.05251601786171,0.0235874872778792,0.0352878888178819,"Nb_vs_On","On higher"
"prkrip1",3.12153778678235,-0.859381447863166,1.56594201296166,0.0235881385576409,0.0352878888178819,"Nb_vs_On","On higher"
"vps11",2.75189486413766,-0.520540028952924,1.21919873278701,0.0235852288471102,0.0352878888178819,"Nb_vs_On","On higher"
"serpinh1a",3.7049126276732,-0.529526969668933,1.2262635089058,0.0236180604031319,0.0353263739292047,"Nb_vs_On","On higher"
"ino80c",2.91371714634879,-0.945193685652233,1.6804037682674,0.023698403451448,0.0354402487572019,"Nb_vs_On","On higher"
"nup155",3.74191950905651,-1.06192472685038,1.84432916581315,0.0237161335113862,0.0354604639251952,"Nb_vs_On","On higher"
"chrac1",18.9206460736784,-1.71823151100922,2.50041402501816,0.0237776427889677,0.0355461191613443,"Nb_vs_On","On higher"
"syt5b",5.0624517853345,-0.604069007127381,1.28713155007727,0.0238031736987798,0.0355779680746321,"Nb_vs_On","On higher"
"mrpl32",2.9979353554438,-0.626126157237654,1.30894194356882,0.023895262670087,0.0357092705763877,"Nb_vs_On","On higher"
"znf366",4.00021106516816,-0.446353643942983,1.16654162482288,0.0239300332113812,0.0357548845533204,"Nb_vs_On","On higher"
"pik3cb",3.59836394634497,-0.65002157932398,1.32932747151215,0.0239432934038357,0.0357683485134852,"Nb_vs_On","On higher"
"pcdh15a",11.3394201125702,1.81508198995848,1.25915921859025,0.0240773983213763,0.035962302886683,"Nb_vs_On","Nb higher"
"frem1a",5.40494458707114,-0.850895390275947,1.55634962188268,0.0241140642093341,0.0360106781114377,"Nb_vs_On","On higher"
"slc35a3a",2.66635705791066,-0.963252119407679,1.70016131995184,0.0242049135456457,0.0361399365426119,"Nb_vs_On","On higher"
"mthfr",43.521061638608,1.84121031798793,1.38566226984027,0.0242319855711591,0.0361739412197228,"Nb_vs_On","Nb higher"
"naxe",4.47879481516371,-0.620176551638404,1.3031629624322,0.0242637311157117,0.0362149093141952,"Nb_vs_On","On higher"
"crygm6",5.08361375289928,1.04092183076641,1.95203211309199,0.0242850517857349,0.0362403059621196,"Nb_vs_On","Nb higher"
"vps37a",3.02472997197331,-1.18680574174124,2.0027338516165,0.0243674121478795,0.0363567662993353,"Nb_vs_On","On higher"
"pik3r4",2.35836555246571,-0.616919781302372,1.29867604471535,0.0243889071019495,0.0363823887974855,"Nb_vs_On","On higher"
"suz12b",1.87863818174418,-0.719769351301598,1.39745072294377,0.0244400352734459,0.0364522000233641,"Nb_vs_On","On higher"
"prkchb",2.67193276234359,-0.448292919576764,1.16720639625141,0.0245142767555173,0.0365564538047732,"Nb_vs_On","On higher"
"fybb",6.31458029605608,-0.663899592475652,1.34476171035486,0.0245645659191384,0.0366249585383115,"Nb_vs_On","On higher"
"klb",5.34666850644065,-1.15707670536214,1.90456336507488,0.0245824238811061,0.0366450937189926,"Nb_vs_On","On higher"
"cutc",23.9980851774777,-0.146912531173099,1.03603191676409,0.0245871458418878,0.0366456433599524,"Nb_vs_On","On higher"
"apol1",3.78538685396366,-0.665660516116675,1.34262485695051,0.0246005050630524,0.0366590638379847,"Nb_vs_On","On higher"
"tmem237b",2.48922023563894,-0.599173946463239,1.2827412236031,0.024624232893435,0.0366879278755638,"Nb_vs_On","On higher"
"tmem134",3.65772912097621,-0.678278256400158,1.35715173016446,0.0246662282712752,0.0367439939103866,"Nb_vs_On","On higher"
"larp6b",6.71757595649003,-0.447483779785099,1.16683908991477,0.0246934850274831,0.0367780886343511,"Nb_vs_On","On higher"
"pgp",2.57831042906785,-0.403363846569134,1.13910892198121,0.0247094701921524,0.036795386534148,"Nb_vs_On","On higher"
"SBSPON",7.10242880673971,-0.834245145595068,1.53338250426954,0.0247580766398628,0.0368612467552822,"Nb_vs_On","On higher"
"PCBP2",225.995741252299,1.59531259463322,1.01589959629306,0.0247797253198514,0.0368869545079592,"Nb_vs_On","Nb higher"
"dop1a",2.72899943440518,-0.658021588421879,1.33826437584669,0.0247864966841022,0.0368905108003487,"Nb_vs_On","On higher"
"atxn7l2a",5.33848211635729,1.97152894541822,1.84232536607416,0.0248507398170739,0.0369795877285006,"Nb_vs_On","Nb higher"
"ralgapa2",3.23775059497197,-0.405765448035773,1.14074509824825,0.0249183095109564,0.0370735824431302,"Nb_vs_On","On higher"
"taf10",3.10026274642665,-0.540237013516593,1.23392561152316,0.0249428430798425,0.0371035258961148,"Nb_vs_On","On higher"
"tmem181",3.53798420071067,-0.719961054112341,1.39916043645436,0.02495506709636,0.0371151510277665,"Nb_vs_On","On higher"
"nedd4l",2.71067487300086,-0.523838477987565,1.22110783206334,0.0250204411772133,0.0372058070711503,"Nb_vs_On","On higher"
"UQCR11",2.21278507319039,-0.721205935927659,1.39699526810692,0.025048852407898,0.0372414764340666,"Nb_vs_On","On higher"
"shprh",2.51640367830885,-0.934220254152883,1.65562149224485,0.0250559481128501,0.0372454478569613,"Nb_vs_On","On higher"
"fryb",2.49708734737893,-0.970871780916279,1.70165022454673,0.0250752124497939,0.0372675032490052,"Nb_vs_On","On higher"
"rdh14b",23.0871343453628,-1.31833302908721,2.2256375438151,0.0250918943820795,0.0372857134877926,"Nb_vs_On","On higher"
"sqlea",4.74192147359832,-0.583222837656467,1.2681717648993,0.0251720917643703,0.0373982824695499,"Nb_vs_On","On higher"
"mgat2",2.99193207570108,-0.568024361130746,1.25659849405449,0.0252416183284759,0.0374949608415581,"Nb_vs_On","On higher"
"rabggtb",2.07607090756763,-0.716108538895044,1.39501212746219,0.0252767650551352,0.0375405448542921,"Nb_vs_On","On higher"
"APBA3",3.61856337651256,-0.845644086143202,1.54031226240002,0.0252902885849596,0.037554004111517,"Nb_vs_On","On higher"
"nrxn3a",3.0035920749994,-0.708488472961816,1.38280564467758,0.0252961924507461,0.0375561460406315,"Nb_vs_On","On higher"
"tjap1",3.35920179660491,-0.955775212909226,1.66423674197411,0.0253336526232329,0.0376051292157247,"Nb_vs_On","On higher"
"epcam",4.01469825859917,-0.514358558938163,1.21312063313779,0.0253512089495355,0.0376245551722831,"Nb_vs_On","On higher"
"gli1",3.94650579508404,-1.08444684040708,1.87534832180393,0.0253557818676382,0.0376247085777858,"Nb_vs_On","On higher"
"anks4b",10.6477502619224,-1.05337080958346,1.80032034837917,0.0253613376609519,0.037626320132163,"Nb_vs_On","On higher"
"nat14",1.8640497344364,-0.734417865019698,1.41136937917496,0.025372821742866,0.037636724833735,"Nb_vs_On","On higher"
"zmp:0000000846",3.95685255143908,-1.38530744728188,2.28547954705809,0.0253841789150827,0.0376469376510159,"Nb_vs_On","On higher"
"atg4da",2.40086347765944,-0.839096492949866,1.53078741774325,0.025479646274989,0.0377818675960643,"Nb_vs_On","On higher"
"emsy",2.64277855235942,-0.598084548085774,1.27920148613518,0.0255102490423137,0.0378205840856281,"Nb_vs_On","On higher"
"six4a",7.8419736993304,-1.36724425362865,2.12412134665051,0.0255252167592271,0.0378361110546177,"Nb_vs_On","On higher"
"zgc:154055",3.75387218711409,-0.835460352867017,1.52530997385562,0.0255616600146398,0.0378834602118376,"Nb_vs_On","On higher"
"cds1",7.07705136177909,-1.61614702232846,2.40566787482828,0.025584361063429,0.0379037577317749,"Nb_vs_On","On higher"
"si:ch73-215d9.1",678.890437245118,-1.36957168001866,2.20536964222407,0.0255807830471356,0.0379037577317749,"Nb_vs_On","On higher"
"valopb",2.34198778823539,-0.697496564846719,1.37346313775904,0.0256270998427867,0.037960395297656,"Nb_vs_On","On higher"
"tcta",32.876990603028,-1.6112892565887,2.40042337194116,0.0256514460253655,0.0379830910539185,"Nb_vs_On","On higher"
"sb:cb81",3.91626573763081,-1.01512160404807,1.75091960692904,0.0256497687748444,0.0379830910539185,"Nb_vs_On","On higher"
"rps26",285.242907482797,-1.54108765502442,1.48721105527272,0.0257632076116833,0.0381351647046158,"Nb_vs_On","On higher"
"pde4ca",3.60932921137276,-0.646468807693661,1.32169798291112,0.0257587278625232,0.0381351647046158,"Nb_vs_On","On higher"
"sema3fb",2.18814063912569,-0.725832688656203,1.40162994457453,0.0257762878450796,0.0381478184036358,"Nb_vs_On","On higher"
"dnajb1a",2.47185909576854,-0.881451129603177,1.58595912988965,0.025812913158969,0.0381953072547374,"Nb_vs_On","On higher"
"hcn4",5.11712826920513,-0.720624979954655,1.39648116651338,0.0258287029441145,0.0382119545489553,"Nb_vs_On","On higher"
"lamtor2",5.20613211291174,-0.357254423606346,1.11363133608342,0.0258835163974749,0.0382795925920491,"Nb_vs_On","On higher"
"qtrt1",41.198314704063,-0.120987254758529,1.03091589061976,0.0258819112489408,0.0382795925920491,"Nb_vs_On","On higher"
"nme4",3.08983503020679,-0.362355030421885,1.1160233877534,0.0258883371032254,0.0382799967916654,"Nb_vs_On","On higher"
"mbd3a",5.68018629704011,-0.826314116340813,1.51303488150833,0.0258935439764857,0.0382809717587033,"Nb_vs_On","On higher"
"adamts12",5.84434033778041,-1.03576355803189,1.75865420243539,0.0259145586957732,0.0383053125726109,"Nb_vs_On","On higher"
"nosip",11.0811064714646,1.82679580920957,1.50090677701797,0.0259953122331002,0.038417931597303,"Nb_vs_On","Nb higher"
"MTSS1",2.47239093861525,-0.886015417644089,1.58638612662686,0.0260107194206068,0.0384339540253938,"Nb_vs_On","On higher"
"tango2",4.65087720293361,-0.716963157208604,1.39523426455083,0.0260411367603091,0.0384721462352197,"Nb_vs_On","On higher"
"VAMP3",6.13141099257208,-0.744528426229354,1.41838515643245,0.026114465095638,0.0385737089270189,"Nb_vs_On","On higher"
"cep350",2.34769020973669,-0.497356154044093,1.20040484603425,0.0261230056422888,0.0385795546485591,"Nb_vs_On","On higher"
"fam222a",3.6822143954212,2.05337310416564,2.17065034521964,0.0261959315292934,0.0386804686219246,"Nb_vs_On","Nb higher"
"miga2",5.13898584489488,-0.732193691161656,1.41032812275065,0.0262395334306619,0.0387380554926889,"Nb_vs_On","On higher"
"chka",3.22826334630959,-0.357504340577828,1.11362232973065,0.0262673857272313,0.038772374724151,"Nb_vs_On","On higher"
"mief1",1013.19200072009,-1.6786936312656,2.50133759792555,0.0262887832717082,0.0387971559574403,"Nb_vs_On","On higher"
"rabl6b",3.25916726272414,-0.870816054306484,1.57155839822743,0.0263058243137501,0.0388155002757491,"Nb_vs_On","On higher"
"mettl13",19.5512009010056,-1.26529235027739,2.07105661241213,0.0263686228307305,0.0389013436714142,"Nb_vs_On","On higher"
"osbpl1a",10.8765520912037,-1.19350721150388,2.00400859767497,0.0264040472879721,0.0389399562141116,"Nb_vs_On","On higher"
"nr2c1",3.3139187396255,-1.09492654532234,1.87313160962075,0.0264006712656129,0.0389399562141116,"Nb_vs_On","On higher"
"ercc2",459.36420078715,-1.40834796465896,2.33836427061835,0.026425951058321,0.0389654328269305,"Nb_vs_On","On higher"
"ddb2",16.106385927879,-1.53992203227761,2.45191278097637,0.0264788148781159,0.0390365435453555,"Nb_vs_On","On higher"
"cilp2",9.74318611203838,1.75023963577866,1.57555475253505,0.0265230390883237,0.0390880502530653,"Nb_vs_On","Nb higher"
"acap3a",2.81113935722816,-0.891747580047176,1.59425888542563,0.0265217612547326,0.0390880502530653,"Nb_vs_On","On higher"
"hprt1l",2.4938794697545,-0.592012839989108,1.27493693616206,0.0265591240790677,0.0391343788723249,"Nb_vs_On","On higher"
"eed",2.49415185190661,-0.67326686211092,1.34941822911037,0.0265649298457979,0.0391360832064974,"Nb_vs_On","On higher"
"mylk4a",2.89166000815152,-1.26902633446754,2.09451762849119,0.0265762561138413,0.0391459184542985,"Nb_vs_On","On higher"
"rapgef1b",454.89966703364,1.45712888161562,0.855908366815974,0.0266387402445469,0.0392310908639951,"Nb_vs_On","Nb higher"
"grinab",2.683547014709,-0.503116539669366,1.20450141478679,0.0266461821443667,0.0392351865123804,"Nb_vs_On","On higher"
"tgfb2",1.99209646027599,-0.670253481680565,1.34285181189,0.0266730751760563,0.03926791654985,"Nb_vs_On","On higher"
"spire1a",3.05185211383146,-0.732941847150965,1.40545796172424,0.0266910994396687,0.0392875808853176,"Nb_vs_On","On higher"
"endog",103.044089848188,1.46771462215426,0.898765709059758,0.0267030321158605,0.0392914043613553,"Nb_vs_On","Nb higher"
"frrs1l",3.87580136692366,-0.703182194321523,1.37704804149982,0.0267000860878675,0.0392914043613553,"Nb_vs_On","On higher"
"doc2d",3.54390790902662,-0.394493837187468,1.13375217748495,0.0267796838601032,0.0393973049168732,"Nb_vs_On","On higher"
"ilrun",3.37966153466168,-1.252407318427,2.06543073352713,0.0268595675917055,0.0395079224160366,"Nb_vs_On","On higher"
"nhsl2",2.32918385770894,-0.774571666661045,1.44723749872207,0.0268806029931707,0.0395319559742333,"Nb_vs_On","On higher"
"FOXQ1",4.47528756512545,-0.950465625076745,1.66013992413866,0.0269465224139934,0.0396219782848902,"Nb_vs_On","On higher"
"tax1bp3",9.50856382366575,-1.22024787088288,2.05018454036503,0.0270178681773429,0.0397199466148921,"Nb_vs_On","On higher"
"slc12a5b",2.85879609764907,-0.907894297909373,1.60285698706283,0.0270285727300488,0.039728745458626,"Nb_vs_On","On higher"
"tfr1b",2.18965710976795,-0.459399239720706,1.1736044397197,0.0270660163432606,0.0397768375659161,"Nb_vs_On","On higher"
"ino80",2.25004082543665,-0.558496699226239,1.24673497059541,0.0271409183165908,0.0398799529392671,"Nb_vs_On","On higher"
"nmnat2",16.6728601600204,-1.35020675437701,2.22939038644894,0.0272111298190983,0.039976141503869,"Nb_vs_On","On higher"
"nadkb",5.640975299563,-1.10061877632398,1.87609142819599,0.0272412278034841,0.0400133756150286,"Nb_vs_On","On higher"
"relt",7.67295875819112,-0.981049870715673,1.68934170089909,0.02727068517209,0.040049655927888,"Nb_vs_On","On higher"
"setd9",3.23813596150684,-0.351568142044201,1.1103666405873,0.0272920306289903,0.0400740125300611,"Nb_vs_On","On higher"
"tradd",4.10913505135037,-0.699873501474407,1.37626749609383,0.0273158451748148,0.0401019854694089,"Nb_vs_On","On higher"
"col6a1",82.6533873864369,-1.23486086276946,1.84087031126779,0.0273256743400178,0.0401093380526766,"Nb_vs_On","On higher"
"atpv0e2",4.72707696745336,-0.933043138061194,1.61736624142319,0.0273303828783741,0.0401093380526766,"Nb_vs_On","On higher"
"thap11",38.0548594412992,-1.46712948733462,1.08267584836985,0.0273500197839651,0.0401311602826248,"Nb_vs_On","On higher"
"ambra1b",2.00582374939268,-0.593885969392695,1.27582670933036,0.0274027739166502,0.0401944748370689,"Nb_vs_On","On higher"
"lig1",2.54587311818761,-0.544917462280379,1.23600947976268,0.0274015327954905,0.0401944748370689,"Nb_vs_On","On higher"
"hce2l2",2.95837732551165,-0.347370604351051,1.108113088925,0.0274074941274383,0.0401944748370689,"Nb_vs_On","On higher"
"ngly1",2.15925858819873,-0.533523671597324,1.22698606558443,0.0274328366356845,0.0402246331299759,"Nb_vs_On","On higher"
"zgc:172139",6.94181084519491,-1.44318846836022,2.18790370454869,0.0275257342411079,0.0403538193733274,"Nb_vs_On","On higher"
"lnx2a",5.09276963585382,-0.94960614040842,1.64222400935245,0.0275443758468503,0.0403670884190087,"Nb_vs_On","On higher"
"fbxl3a",2.98420067957442,-0.786503298848305,1.46650894896598,0.0275427571975844,0.0403670884190087,"Nb_vs_On","On higher"
"spock2",4.71881327048586,-0.562122456485423,1.24917583486486,0.0278514191323004,0.0408099645353707,"Nb_vs_On","On higher"
"cmc2",118.328330716739,-1.67439772956603,2.25113099870046,0.0278658179587506,0.0408239567658828,"Nb_vs_On","On higher"
"tacr3a",52.3190790406853,-1.4117225068404,2.14465089560084,0.0279864892899931,0.0409793471635348,"Nb_vs_On","On higher"
"nup42",6.13475725440931,-1.18431006929517,1.98980926008931,0.0279775048464758,0.0409793471635348,"Nb_vs_On","On higher"
"cybb",3.67605548277658,-0.374129497168226,1.12228636714695,0.0279844420438955,0.0409793471635348,"Nb_vs_On","On higher"
"pter",146.088437967166,1.59204487977897,1.0301396038741,0.0280490564296528,0.0410638186130116,"Nb_vs_On","Nb higher"
"C2orf42",4.29338391664718,-0.975661594748562,1.67411588091429,0.0281593134851411,0.0412180665828409,"Nb_vs_On","On higher"
"mapk3",4.49332437458802,-1.43348357608662,2.2885289710456,0.0282187709645161,0.0412962705301492,"Nb_vs_On","On higher"
"zgc:56231",9.71212007531278,-1.09637311141014,1.82837590923049,0.0282225521929138,0.0412962705301492,"Nb_vs_On","On higher"
"ddx10",2.94655369849075,-0.583546813905091,1.26740024114335,0.0282670780239414,0.041354234064223,"Nb_vs_On","On higher"
"atxn1l",2.60112377283668,-0.451758152016613,1.16799571316277,0.0283126820880809,0.0414137546164144,"Nb_vs_On","On higher"
"mrpl37",5.38547691609465,-0.595988162861292,1.27718229021703,0.0283532501451233,0.0414658894582431,"Nb_vs_On","On higher"
"nfil3-5",5.40869246506248,1.84364622640222,1.3974313106486,0.0284354852860808,0.0415717115557882,"Nb_vs_On","Nb higher"
"slc16a9a",8.74374758118001,1.72679330824973,1.26936857447372,0.0284328025748978,0.0415717115557882,"Nb_vs_On","Nb higher"
"evpla",3.0640322261463,-0.668774281024444,1.33715911320271,0.0284709261498794,0.0416162973310791,"Nb_vs_On","On higher"
"man1a1",2.09190271204181,-0.572533586793895,1.25682341589035,0.0284902205255657,0.0416300427676119,"Nb_vs_On","On higher"
"b4galnt1b",2.62081730080364,-0.394016650730976,1.13312960602583,0.0284860065125579,0.0416300427676119,"Nb_vs_On","On higher"
"rnf44",3.22583009588325,-0.88084789597377,1.5670115876185,0.0285340746950586,0.0416868866336348,"Nb_vs_On","On higher"
"atg9a",2.13070283252475,-0.9154992464111,1.60316383139008,0.0285446978522227,0.0416951703140744,"Nb_vs_On","On higher"
"ints8",1.83920096903328,-0.718119433884204,1.38984811298828,0.0285693196816104,0.0417238953989931,"Nb_vs_On","On higher"
"ERG28",294.66673296969,-1.42204931801982,2.17621587401074,0.0285970365202028,0.0417571298225616,"Nb_vs_On","On higher"
"cltb",259.358253645083,1.7304368757221,1.27135678256957,0.0286203750940458,0.0417839607252302,"Nb_vs_On","Nb higher"
"f2rl2",38.6120239837316,-1.74845687910844,2.30479243365683,0.02866374408616,0.0418400204122238,"Nb_vs_On","On higher"
"egfl6",4.25812136924507,-0.535612138536175,1.22829040346882,0.0287124431846959,0.0419038395854317,"Nb_vs_On","On higher"
"arhgef19",4.00783267489022,-0.949699629628963,1.63501764269834,0.0287546194898808,0.0419581187148235,"Nb_vs_On","On higher"
"gldn",2.4446934396029,-0.536943392372028,1.22842192734698,0.0287774577240939,0.0419841662255499,"Nb_vs_On","On higher"
"si:ch1073-390k14.1",153.182104776533,-1.74652424642133,2.31462497790429,0.0288057102093169,0.0420122916559246,"Nb_vs_On","On higher"
"srsf3a",1.9392595377394,-0.655812214825593,1.33035292533993,0.0288117082121232,0.0420122916559246,"Nb_vs_On","On higher"
"gtf2h1",2.82666800247154,-0.347312425026188,1.10792213291472,0.0288111648641639,0.0420122916559246,"Nb_vs_On","On higher"
"zgc:101744",4.84320011856925,2.06611694296323,2.13648285342466,0.028832924223853,0.0420224604594012,"Nb_vs_On","Nb higher"
"taf3",28.0313409368149,-1.35482911053264,0.910631399069995,0.0288306309244274,0.0420224604594012,"Nb_vs_On","On higher"
"kpna3",2.53540977839971,-0.581542402603662,1.26259152085354,0.0288336578300667,0.0420224604594012,"Nb_vs_On","On higher"
"si:dkeyp-104h9.5",10.0358780257819,1.62753813506146,1.13375439573144,0.0288589693748927,0.0420520692743374,"Nb_vs_On","Nb higher"
"gdpd4b",200.724205909308,-0.237014579143823,1.06137159634609,0.0288769398790038,0.0420709726378426,"Nb_vs_On","On higher"
"pcdh18b",4.05663759349468,-0.495561674195451,1.19855202761068,0.0290019119352521,0.0422457336340115,"Nb_vs_On","On higher"
"zgc:101765",170.276684399305,-1.48346499160173,2.22674320360388,0.029020418994096,0.0422653783896714,"Nb_vs_On","On higher"
"ogna",3.87075134299102,-0.66998209161321,1.34396256504511,0.0290974519008711,0.0423702387305886,"Nb_vs_On","On higher"
"lrtm1",22.2644583761608,1.46525593287653,0.971644627184559,0.0291227779652907,0.0423997829318259,"Nb_vs_On","Nb higher"
"sucla2",2.78020222680199,-0.508925205313702,1.20762228877048,0.0291412805986013,0.0424193844162244,"Nb_vs_On","On higher"
"bokb",80.6372893464716,-1.51032392858846,2.29999416460776,0.0292193355422365,0.0425256512092924,"Nb_vs_On","On higher"
"agk",7.08288062532666,-0.712031069015237,1.38348398774735,0.0292363415264908,0.0425430463215211,"Nb_vs_On","On higher"
"b4galnt1a",20.4421807471106,-0.883306104145964,1.57639621589352,0.0292677425615966,0.0425813786525269,"Nb_vs_On","On higher"
"srgap2",2.87863204006406,-0.533451731076818,1.22588887136569,0.0292892116742349,0.0426052503669793,"Nb_vs_On","On higher"
"gpaa1",2.25949870044598,-0.640384417722303,1.31472325902378,0.0293243548789643,0.0426490012735179,"Nb_vs_On","On higher"
"irf2",2.12403471856995,-0.566026948019137,1.24922290760416,0.0294151562919762,0.0427736717336078,"Nb_vs_On","On higher"
"zgc:136971",7.42028063427955,1.91113900177164,1.65376989257241,0.029434974854345,0.0427877082237742,"Nb_vs_On","Nb higher"
"st8sia5",1.78017641838117,-0.74203304366493,1.41212383270001,0.0294303053019667,0.0427877082237742,"Nb_vs_On","On higher"
"zmpste24",1.91907186625089,-0.724251938924109,1.39507069357839,0.029478415315011,0.0428434565127353,"Nb_vs_On","On higher"
"zgc:73226",67.326613615907,-1.40498229625121,1.02289869899016,0.0295300255766468,0.0429110573630611,"Nb_vs_On","On higher"
"FBN1",45.9810608301717,-1.35194957871287,1.74301535971877,0.0295734614265988,0.0429646018977839,"Nb_vs_On","On higher"
"stx3a",3.13290545275233,-1.0453691454999,1.75170195253819,0.0295821849132282,0.0429646018977839,"Nb_vs_On","On higher"
"fdxacb1",12.562843995825,-0.823741389547212,1.50723872266929,0.0295789235709648,0.0429646018977839,"Nb_vs_On","On higher"
"cacng2a",2.00176240689429,-0.457520344150971,1.17151177191134,0.0295885564643292,0.0429664426973819,"Nb_vs_On","On higher"
"lrrc40",3.37872543974656,-0.63040355881471,1.3050142719597,0.0295974622296803,0.0429719622368832,"Nb_vs_On","On higher"
"drap1",2.8974709208978,-0.705784284612076,1.37630645638303,0.029609657704782,0.0429748445791129,"Nb_vs_On","On higher"
"rp2",3.24453719567351,-0.516569536479125,1.21356250792408,0.0296050169052182,0.0429748445791129,"Nb_vs_On","On higher"
"znf652",3.26035258035763,-0.90844543369797,1.59671746714335,0.0296890013579869,0.0430825742857324,"Nb_vs_On","On higher"
"exorh",48.8651757498883,-1.39956025778863,2.14300664683423,0.0297017943717971,0.0430937099313664,"Nb_vs_On","On higher"
"gtf2h2",3.58593220944968,-0.565706032185138,1.25174615333437,0.0297159921685816,0.0431068795580079,"Nb_vs_On","On higher"
"fhl3b",2.99113534186126,-0.54531798482457,1.23460293700454,0.0297240912428043,0.0431111991870997,"Nb_vs_On","On higher"
"cp",3.66722989080338,-0.299655776877058,1.08568090195634,0.0297328874438466,0.0431165282519036,"Nb_vs_On","On higher"
"psmb3",334.267440796152,1.51455585930052,0.980124375758728,0.0297674834734207,0.0431592621218146,"Nb_vs_On","Nb higher"
"pam",2.28427112361452,-0.50530001588765,1.20380483597701,0.0298119532883478,0.0432162946067353,"Nb_vs_On","On higher"
"krt5",4.34139840906442,-0.367740938214794,1.11872563119266,0.0298774904167758,0.0433038419986946,"Nb_vs_On","On higher"
"trmu",2.45723304759478,-0.752869835557872,1.41737085700431,0.0299650053633076,0.0434232079787094,"Nb_vs_On","On higher"
"inppl1a",2.74911202672657,-0.543376946956147,1.23342581546372,0.0300374912458138,0.043520757539976,"Nb_vs_On","On higher"
"mpg",128.205309219968,1.77140322061751,1.36356735420586,0.0300799929459934,0.043574837483974,"Nb_vs_On","Nb higher"
"fbxw5",3.328658428375,-0.518766374375366,1.21337602333119,0.0301085832445751,0.0436087497854152,"Nb_vs_On","On higher"
"FGF13",3.45383906947811,-1.02725763690447,1.72565285552168,0.0301336231249069,0.0436375089395263,"Nb_vs_On","On higher"
"mkxa",4.3663403160682,-0.558048768184687,1.24311611250216,0.0301620061009642,0.0436710986167727,"Nb_vs_On","On higher"
"hspb7",4.16981440726742,0.687078859961303,1.37555182759125,0.0302071010420607,0.0437288695738723,"Nb_vs_On","Nb higher"
"dcaf15",2.35625760915104,-0.513187196031257,1.21035401245724,0.030269295207841,0.0438113698520642,"Nb_vs_On","On higher"
"pcsk7",3.65517059836746,-0.624709934658241,1.30131096023522,0.0303381561638787,0.0439034895285423,"Nb_vs_On","On higher"
"smo",3.07304919735022,-0.352708038150033,1.11060252599239,0.0303836827159982,0.0439618152463515,"Nb_vs_On","On higher"
"rhot1a",1.88308431842342,-0.76940367882159,1.43810581517055,0.0303910193637297,0.0439648738621544,"Nb_vs_On","On higher"
"txndc15",2.18562816052677,-0.446180131234205,1.16427252262772,0.0304239538952433,0.0440049559948725,"Nb_vs_On","On higher"
"taf12",2.1783606403428,-0.647936799695034,1.31877060571912,0.0304466984798205,0.0440302882328,"Nb_vs_On","On higher"
"tm7sf3",3.58481532727057,-0.537877595334147,1.22874657795716,0.0304631957104799,0.044046578751429,"Nb_vs_On","On higher"
"zgc:113278",3.14259457439674,-0.834221024907651,1.50816242330701,0.0306249152599621,0.0442728038224902,"Nb_vs_On","On higher"
"znf687a",7.30715006492318,1.78850909847756,1.49190461365654,0.0306344490496403,0.0442789821600055,"Nb_vs_On","Nb higher"
"cox16",2.28866092497075,-0.462373635003868,1.17476234985087,0.0306593468713376,0.0443073617103726,"Nb_vs_On","On higher"
"atraid",278.064583355377,-1.64960130918567,2.2286277271884,0.0306766423518452,0.0443247468791337,"Nb_vs_On","On higher"
"slc25a10",4.01776237294579,-1.2267819583682,1.95800708998848,0.030720847754756,0.0443808669582199,"Nb_vs_On","On higher"
"ssh2b",2.16687595483495,-0.573264644480686,1.25492746323644,0.0307260266847833,0.0443808669582199,"Nb_vs_On","On higher"
"cap2",7.91811495973462,1.51855988313877,1.05144742213121,0.030747545793182,0.044404330157318,"Nb_vs_On","Nb higher"
"APP",43.4401688337173,-1.30104463717106,0.861820086539445,0.0307870711548198,0.0444537847309217,"Nb_vs_On","On higher"
"anxa6",2.47883090875818,-0.578497371487588,1.26070799282565,0.0308415943204301,0.0445248741192558,"Nb_vs_On","On higher"
"mettl9",2.24119305590295,-0.684408515515703,1.35350573551932,0.0308723984186306,0.0445617026556982,"Nb_vs_On","On higher"
"rgrb",57.9233206889691,-1.37162756009426,1.68642269923719,0.0309708637055438,0.0446961650391339,"Nb_vs_On","On higher"
"lrit3a",2.80807349792318,-0.619777354658798,1.29370870941856,0.0309951744548438,0.0447235822010414,"Nb_vs_On","On higher"
"TATDN3",2.71832294481898,-0.482442084396084,1.18777341956243,0.0310011085060244,0.0447244783896681,"Nb_vs_On","On higher"
"si:dkey-29b11.3",3.85189058042851,-0.788074129881665,1.45109288347094,0.0310552579449135,0.0447949214154013,"Nb_vs_On","On higher"
"rab6ba",2.9681720711296,-0.915257358783795,1.57234636841979,0.0311447024032856,0.0449162420474316,"Nb_vs_On","On higher"
"gfi1ab",6.38017972751365,1.74193594483229,1.29615454481535,0.0312155057446191,0.0450106418907509,"Nb_vs_On","Nb higher"
"dpf3",27.5179609694742,-1.33697352117327,2.06117794270702,0.0312288183450184,0.045012384557765,"Nb_vs_On","On higher"
"dyrk3",5.02887242910214,-1.19369905608639,1.91946869555202,0.0312327557854485,0.045012384557765,"Nb_vs_On","On higher"
"tmem198a",3.1689104475514,-0.804535099716774,1.47017997519214,0.0312303278643962,0.045012384557765,"Nb_vs_On","On higher"
"zgc:55262",2.77057065967141,-0.393347830019904,1.13229702035251,0.0312690590517026,0.0450569906020596,"Nb_vs_On","On higher"
"tsta3",39.7274414210411,-1.53941546183089,2.23577639916126,0.0313532743197162,0.0451706081162709,"Nb_vs_On","On higher"
"naalad2",3.6988783810724,-0.686221551565957,1.35345639639348,0.0313791569364879,0.045200161377713,"Nb_vs_On","On higher"
"extl3",2.75508520722351,-0.938621059681403,1.62032943560757,0.0314119967834734,0.0452397243666859,"Nb_vs_On","On higher"
"oxsr1a",2.91591843008566,-1.19821132385841,1.9163847580191,0.0314338536287526,0.0452634587490317,"Nb_vs_On","On higher"
"C8orf82",2.98902438933167,-0.340847284514299,1.10443819914997,0.0314489803304626,0.0452774955399067,"Nb_vs_On","On higher"
"MID1IP1",2.33340221701494,-0.426308404766605,1.15156919315727,0.0314564397375803,0.0452804907166468,"Nb_vs_On","On higher"
"abi1b",2.33235328098297,-0.693015732705751,1.36178676864689,0.0314708899505268,0.0452935461794383,"Nb_vs_On","On higher"
"nptx1l",2.97425282110634,-1.03169957262315,1.72870308087411,0.0314849143320025,0.0453059844182559,"Nb_vs_On","On higher"
"bace1",3.37711027875195,-0.722244242759608,1.38036972516197,0.0315998748480462,0.0454636380910704,"Nb_vs_On","On higher"
"tmod1",262.832505834762,1.69621817264725,1.32165811940417,0.0316571244652344,0.0455382217615077,"Nb_vs_On","Nb higher"
"exosc4",3.0919149492652,-0.727054084089434,1.39411215631643,0.0317490826945885,0.0456626991496746,"Nb_vs_On","On higher"
"aldh3b2",86.9526688089571,1.61462318863785,1.0865520994731,0.0317632772104941,0.0456753104813698,"Nb_vs_On","Nb higher"
"csgalnact1a",2.80625114546125,-0.680474591144401,1.34459185554318,0.0318333995888994,0.0457638098886987,"Nb_vs_On","On higher"
"nkx2.2a",2.93020770033208,-0.553962165237594,1.23960137472797,0.0318356938356165,0.0457638098886987,"Nb_vs_On","On higher"
"si:ch211-189k9.2",2.49899553770366,-0.560730627893095,1.2450886125819,0.031842364801929,0.0457655842415295,"Nb_vs_On","On higher"
"NPAS3",2.32684302407911,-0.374123666995817,1.12145630943718,0.0319098265351862,0.0458547148810511,"Nb_vs_On","On higher"
"sec23ip",252.836075230007,-1.25080147440643,0.80962398997554,0.0319194740475518,0.0458607497068255,"Nb_vs_On","On higher"
"rpusd2",3.14339624707315,-0.852941954041316,1.52400631640133,0.0320068484725999,0.0459784386420386,"Nb_vs_On","On higher"
"zcchc8",2.52760371653138,-0.7232406619821,1.39058655249936,0.0320531805561714,0.0460371393826738,"Nb_vs_On","On higher"
"ntm",2.99172729678908,-0.433706543660257,1.15599782091556,0.0320939812042167,0.04608787679582,"Nb_vs_On","On higher"
"kcnh3",7.9524258761567,-0.813283836480418,1.47577239774833,0.0321003363401491,0.0460891405954929,"Nb_vs_On","On higher"
"axin2",2.04807437158445,-0.536972638272843,1.22629838046022,0.0321061133421802,0.0460895740304353,"Nb_vs_On","On higher"
"kdsr",3.15975810300125,-1.09102651175618,1.80568123284742,0.0321168692185794,0.0460971534666669,"Nb_vs_On","On higher"
"si:ch211-114c12.2",1.9210384074972,-0.631866160598039,1.30369865954701,0.0321572807374816,0.0461472876317969,"Nb_vs_On","On higher"
"znf511",52.8794561471299,-1.13092101900216,1.86440459315414,0.0322293381554516,0.0462428103958738,"Nb_vs_On","On higher"
"gstt2",32.7426627418733,1.37404696748011,0.884803762426102,0.032529965759867,0.0466661983242263,"Nb_vs_On","Nb higher"
"rnaset2",2.63256282040036,-0.514862128966435,1.21004263076444,0.0325462465522391,0.0466815988203695,"Nb_vs_On","On higher"
"exoc3l1",2.47761347205107,-0.529564604224626,1.21956189844675,0.0325846928117425,0.046728780935136,"Nb_vs_On","On higher"
"usf3",2.14773737046634,-0.519633738548435,1.21328773880102,0.0326015733955585,0.0467450255227067,"Nb_vs_On","On higher"
"slc25a15a",6.20308543877774,1.7265945290007,2.12555526727927,0.0326485014445917,0.0468043401159013,"Nb_vs_On","Nb higher"
"map2k2b",2.2439047123341,-0.473189230020085,1.18138617876875,0.0327227642198714,0.0468948296225532,"Nb_vs_On","On higher"
"ankrd39",30.3147969734524,-0.120616528124332,1.03083906158547,0.0327193419759134,0.0468948296225532,"Nb_vs_On","On higher"
"utp25",4.09259317458926,-1.03474587188846,1.72934987864267,0.0327915571245991,0.046985417510617,"Nb_vs_On","On higher"
"nr2c2",4.21163719939749,-0.811052736054208,1.4835312754547,0.0328063355595377,0.0469985930463221,"Nb_vs_On","On higher"
"si:dkey-29p10.4",2.16725323638999,-0.49590039437502,1.19652571450955,0.032893455098326,0.0471153828514051,"Nb_vs_On","On higher"
"zfyve9b",2.93851152039209,-0.554446102885983,1.23830644982136,0.032921318515207,0.0471472710549528,"Nb_vs_On","On higher"
"shisa3",2.92571668680905,-0.686679928349104,1.35146495522079,0.033101055684007,0.0473966128164605,"Nb_vs_On","On higher"
"slc35a1",108.319415375565,-1.18267450959935,0.739789784415907,0.0331320106258781,0.0474248028309203,"Nb_vs_On","On higher"
"coq10b",2.50815574633724,-0.747528947106435,1.41161993477849,0.0331309642648941,0.0474248028309203,"Nb_vs_On","On higher"
"tmem129",17.9526442142719,-1.29516775575524,2.0044830262709,0.0331841052066086,0.0474832224425006,"Nb_vs_On","On higher"
"c2cd2",3.32572529505377,-1.13676384737339,1.82972878936078,0.0331822120526836,0.0474832224425006,"Nb_vs_On","On higher"
"znf704",4.12528963889996,-1.01886038739237,1.70530719112617,0.0332203081517,0.047526946638513,"Nb_vs_On","On higher"
"sinhcaf",2.60538305279204,-0.928944204180964,1.60405733397821,0.0332522337541771,0.0475645375943353,"Nb_vs_On","On higher"
"avpr2ab",4.35110621119814,-0.921721422453778,1.60471242125937,0.0332730409463741,0.0475805764439923,"Nb_vs_On","On higher"
"ccdc90b",1.80807817185546,-0.595625119880975,1.27282871001153,0.0332747509534073,0.0475805764439923,"Nb_vs_On","On higher"
"rdh5",29.7748156930012,-0.120072292172709,1.0307432802133,0.0332862647848452,0.0475889566845834,"Nb_vs_On","On higher"
"cplx4a",68.1147032626267,-1.41654659254513,1.24840716124087,0.0332990544638679,0.0475991578327118,"Nb_vs_On","On higher"
"trappc6bl",2.6920590274915,-0.973120356183241,1.64504406142984,0.0333326701489028,0.0476310333243022,"Nb_vs_On","On higher"
"riox2",2.00710304137725,-0.579333629334669,1.25914283200583,0.0333272790958194,0.0476310333243022,"Nb_vs_On","On higher"
"zbtb41",64.8010501896679,-1.4480628935247,2.12814846057149,0.0333482174412945,0.047645161985882,"Nb_vs_On","On higher"
"rbfox2",2.51484468425361,-0.922837604946756,1.60771732671584,0.0333704920732443,0.0476688956851469,"Nb_vs_On","On higher"
"btbd11b",3.2543022490353,-0.626756703947178,1.29884389953689,0.0334004978275962,0.0477036631680869,"Nb_vs_On","On higher"
"ankrd13a",65.1047045832214,1.61417587865047,1.14604801299796,0.0334776935006491,0.047805805579044,"Nb_vs_On","Nb higher"
"atp1b1a",236.515931340923,-1.15067578454153,0.707074082791568,0.0335118321916487,0.0478464388380764,"Nb_vs_On","On higher"
"VASH1",4.37408758297002,-0.838689703832029,1.50411932665796,0.0335449487421745,0.0478844641162143,"Nb_vs_On","On higher"
"txlna",1.93597755677592,-0.68173103179901,1.34827985023984,0.0335498419288943,0.0478844641162143,"Nb_vs_On","On higher"
"dnajc4",2.35751467184912,-0.505969591196359,1.20370992899721,0.0337917870403447,0.0482216076124125,"Nb_vs_On","On higher"
"cdv3",2.11396560257895,-0.519048040619703,1.21200793987416,0.0338098060616368,0.048239143631671,"Nb_vs_On","On higher"
"rorca",16.8007800607254,1.36170484020038,0.901838143937851,0.0338522177462526,0.0482914707656253,"Nb_vs_On","Nb higher"
"pcdh12",2.77869311513419,-0.39036238168247,1.13032475198785,0.033871548476498,0.0483108598907421,"Nb_vs_On","On higher"
"chdh",199.534426408059,1.54512380239901,1.12410264611328,0.0338880903399492,0.0483262653704375,"Nb_vs_On","Nb higher"
"zmiz1a",2.36875490663411,-0.551066582194447,1.23608512840196,0.0339881537220489,0.0484607516992222,"Nb_vs_On","On higher"
"pomk",3.93740328400532,-0.827461725222414,1.49014612220591,0.0340434429599089,0.0485231464335444,"Nb_vs_On","On higher"
"socs2",2.73235012917138,-0.635330568388412,1.30506423831744,0.034038728767691,0.0485231464335444,"Nb_vs_On","On higher"
"ddx46",17.9488084324078,-1.26733038968861,0.835168088110207,0.0340813188451778,0.0485689084202991,"Nb_vs_On","On higher"
"klhl43",4.17502039380814,-0.993430729691911,1.67002570498747,0.0341300710886089,0.0486301520690436,"Nb_vs_On","On higher"
"dscaml1",6.52511430137049,-0.806582668868491,1.46329509555173,0.0342811568581954,0.048837159998695,"Nb_vs_On","On higher"
"klf8",2.05088441338859,-0.527780259354431,1.2185449038094,0.0342931149759623,0.0488459292500255,"Nb_vs_On","On higher"
"SFMBT1",3.45659063055925,-0.834655369360829,1.5038843661159,0.0343396334886411,0.0489039138398546,"Nb_vs_On","On higher"
"scarf1",5.51509021118962,-1.07039447677791,1.77720642528816,0.0344612313428365,0.0490687830588629,"Nb_vs_On","On higher"
"ube3a",67.2931600592077,-1.22675281491832,1.8903652116717,0.0345389662906967,0.0491711514011644,"Nb_vs_On","On higher"
"ccnt2b",1.9590327327504,-0.565525886669495,1.24739181805568,0.0346139178274721,0.0492695232113054,"Nb_vs_On","On higher"
"agpat5",2.81441932529842,-0.596948488814588,1.27377120151271,0.0346523669085409,0.0493159128716986,"Nb_vs_On","On higher"
"fn1a",36.4281921591653,-1.13751637966448,1.6939778206282,0.0346693029950786,0.0493316755599343,"Nb_vs_On","On higher"
"IPP",3.19068010213273,-0.770156368635629,1.43068561611789,0.0347046842191161,0.049373674456062,"Nb_vs_On","On higher"
"stard7",2.57299931777677,-0.796511185994048,1.45497878504922,0.0347297299596473,0.0494009575532799,"Nb_vs_On","On higher"
"EARS2",2.26603711639146,-0.374620970758168,1.1212479266178,0.0347533389566088,0.0494261880954102,"Nb_vs_On","On higher"
"slc6a16a",27.543036032337,-1.22290569110111,1.9143348747701,0.0347716216705118,0.0494438363551299,"Nb_vs_On","On higher"
"snx1a",73.4366965041524,-1.30961176239562,0.948072901935272,0.0347928130270423,0.0494656139269789,"Nb_vs_On","On higher"
"senp3b",2.22084602915842,-0.48085184906375,1.18504319176638,0.0348242690571077,0.0495019751642574,"Nb_vs_On","On higher"
"celf3b",2.56315349080378,-0.667228453660746,1.3303028557752,0.0348624512767345,0.0495478836480754,"Nb_vs_On","On higher"
"tor1",1755.19823368251,-1.24190726767388,1.93545565393654,0.0349371311659339,0.0496372607856256,"Nb_vs_On","On higher"
"tmem184ba",2.3839326325272,-0.785192190160822,1.43309949696121,0.0349312365512692,0.0496372607856256,"Nb_vs_On","On higher"
"hmx4",2.17207888534024,-0.405587151215116,1.13850627738049,0.0349947960534347,0.049710798713772,"Nb_vs_On","On higher"
"flrt3",2.98062163075684,-0.699938242855628,1.3639550968729,0.0350185314389842,0.0497361224318152,"Nb_vs_On","On higher"
"osgn1",3.09601479984354,-0.96267702068181,1.62527905150418,0.0350308765967585,0.0497452630215103,"Nb_vs_On","On higher"
"gch2",4.77907877528109,-0.843823526478326,1.49144723567423,0.0350813507197925,0.0498085360700308,"Nb_vs_On","On higher"
"cryba2b",4.73166004581173,1.65530117860607,2.58978916158075,0.0351183663732341,0.0498526826525943,"Nb_vs_On","Nb higher"
"fgf18a",2.46360227795256,-0.852128309887253,1.51791625926788,0.0351644184515722,0.0499096399469457,"Nb_vs_On","On higher"
