"gene_name","baseMean","log2FoldChange","lfcSE","pvalue","padj","comparison","sig"
"gabpa",4526.93163419131,-10.7678486845479,0.833524477283151,6.41167048029634e-40,4.66064327212741e-36,"Ab_vs_Mz","Mz higher"
"gpr174",13450.2662524996,-11.2374324321173,0.937547553704297,4.71318930776857e-33,1.71300865390849e-29,"Ab_vs_Mz","Mz higher"
"nfe2",3529.41115659414,12.4402840011269,1.16355368020266,7.40480610458961e-27,1.79418451914206e-23,"Ab_vs_Mz","Ab higher"
"slc25a12",964.331266481056,-8.01215500549449,0.838304784745053,5.17106877239979e-23,9.39712472664351e-20,"Ab_vs_Mz","Mz higher"
"fkbp3",26651.3350192204,-19.7143240633477,4.18017293088075,5.2517274954797e-22,7.63496143292839e-19,"Ab_vs_Mz","Mz higher"
"pcsk2",11756.7239825063,13.121351208025,1.45223880476971,1.88636273383223e-20,2.28532845203775e-17,"Ab_vs_Mz","Ab higher"
"atg13",514.009152076064,9.96565451299723,1.15332430995204,6.23009431884683e-19,6.46950794338537e-16,"Ab_vs_Mz","Ab higher"
"tnip1",850.521763369094,-8.23757953619425,0.970395883417074,1.11226562357752e-18,1.01063235222313e-15,"Ab_vs_Mz","Mz higher"
"prpf31",530.648338838235,-9.4600469919732,1.13585046122564,9.08375854324104e-18,7.33664898342434e-15,"Ab_vs_Mz","Mz higher"
"nol7",817.945813633729,9.67107046021065,1.18660949345512,1.31166003189905e-17,9.53445677187418e-15,"Ab_vs_Mz","Ab higher"
"rbm25b",337.425387646976,7.46943368223337,0.914911272229475,2.05423164401899e-17,1.357473620034e-14,"Ab_vs_Mz","Ab higher"
"mcee",3311.68995499101,17.5984385657289,3.43806538542427,2.40564412705386e-17,1.45721892996288e-14,"Ab_vs_Mz","Ab higher"
"rhot2",1916.97126374129,-15.1462943233517,3.64329277280992,1.01354870286993e-16,5.66729655473964e-14,"Ab_vs_Mz","Mz higher"
"sh3d19",3635.09184327507,17.8023929672125,3.567650484525,1.47170813283833e-16,7.64131886971557e-14,"Ab_vs_Mz","Ab higher"
"ddx49",733.542089420192,9.2939947038982,1.17191033025765,2.78839127791161e-16,1.28083946456583e-13,"Ab_vs_Mz","Ab higher"
"DCTN6",554.263719947358,-6.49581733580895,0.827310149433459,2.81929170904572e-16,1.28083946456583e-13,"Ab_vs_Mz","Mz higher"
"ppt1",2632.67274884842,-8.55950080627916,1.0940970161124,3.85377171115682e-16,1.64782744519994e-13,"Ab_vs_Mz","Mz higher"
"mrps25",823.898135307869,-14.2417407775046,3.51838838653916,7.24544298841516e-16,2.92595139348832e-13,"Ab_vs_Mz","Mz higher"
"acot13",4027.79561562454,7.77982501919487,1.02284057445678,1.11062579444308e-15,4.24902047358251e-13,"Ab_vs_Mz","Ab higher"
"eya4",686.751733978778,15.1434919341565,3.13392485108818,1.27508776696759e-15,4.63430648904371e-13,"Ab_vs_Mz","Ab higher"
"vars1",368.759501749057,-6.14068934881013,0.808994295742447,2.29588003683868e-15,7.94702475608588e-13,"Ab_vs_Mz","Mz higher"
"irak4",391.284860676176,10.1618773639538,1.33251914150496,2.45439541867041e-15,8.01929176379112e-13,"Ab_vs_Mz","Ab higher"
"nfe2l2a",708.45443811375,-5.36233279815228,0.706518965102879,2.53740143853619e-15,8.01929176379112e-13,"Ab_vs_Mz","Mz higher"
"lpar2a",532.275613274306,-7.93430092318814,1.04471431256485,3.27124242241546e-15,9.90777548689083e-13,"Ab_vs_Mz","Mz higher"
"KDM7A",723.003925256352,-6.50758405343172,0.861397378428255,3.52961628626665e-15,1.02627123139489e-12,"Ab_vs_Mz","Mz higher"
"caprin1a",351.95090906553,-14.1138007811074,3.53200473035775,4.81718991187195e-15,1.34677513343835e-12,"Ab_vs_Mz","Mz higher"
"tab3",976.69651391254,-8.09777058325447,1.07559304747416,5.35949304308347e-15,1.44289462704347e-12,"Ab_vs_Mz","Mz higher"
"mrpl9",659.619771031464,-14.0606971115001,3.53031715833624,7.13570460424591e-15,1.81792038578414e-12,"Ab_vs_Mz","Mz higher"
"thoc1",316.826996684413,-7.7166056753316,1.02598870224632,7.25267453401293e-15,1.81792038578414e-12,"Ab_vs_Mz","Mz higher"
"pdia4",169.71552511992,-0.823592370038941,1.49915348222937,1.11276447070898e-14,2.69622831252785e-12,"Ab_vs_Mz","Mz higher"
"thrb",644.499773036117,-14.3788535896946,3.60367109854458,1.41229455179463e-14,3.14390878497158e-12,"Ab_vs_Mz","Mz higher"
"ube2g1b",1550.05403727914,9.8675713344163,1.33207045267408,1.42728009222812e-14,3.14390878497158e-12,"Ab_vs_Mz","Ab higher"
"kansl1a",765.568309439314,8.84589430484632,1.20707120881554,1.39341081849875e-14,3.14390878497158e-12,"Ab_vs_Mz","Ab higher"
"tor1",1755.19823368251,-16.7708416227858,4.03725043795716,1.55128213366637e-14,3.31654994988848e-12,"Ab_vs_Mz","Mz higher"
"msto1",687.762723152692,10.7262300150689,1.45727486753501,1.90270851098411e-14,3.95165376181243e-12,"Ab_vs_Mz","Ab higher"
"tmem165",325.719203967104,8.906810620769,1.21991397948317,2.32149835091935e-14,4.68749208689799e-12,"Ab_vs_Mz","Ab higher"
"wdr74",260.545885804457,-7.52836693742157,1.02875646876655,3.4295635806634e-14,6.7377020723898e-12,"Ab_vs_Mz","Mz higher"
"rftn2",577.448259070329,11.1016490844112,1.53367378886253,4.60875835414139e-14,8.81606959901415e-12,"Ab_vs_Mz","Ab higher"
"klhl18",991.668902982559,9.1739286971601,1.28109166406079,5.30631986398234e-14,9.89016386956093e-12,"Ab_vs_Mz","Ab higher"
"cdkl5",1043.98591884643,9.57199650661563,1.34319421060988,5.63027566921322e-14,1.02316184598777e-11,"Ab_vs_Mz","Ab higher"
"znf526",246.634807947077,9.59462740680112,1.32588050704232,7.77929887193293e-14,1.37921276829465e-11,"Ab_vs_Mz","Ab higher"
"golga2",161.836729361139,6.87639313776458,0.969870975327391,8.1526346692611e-14,1.41098812882998e-11,"Ab_vs_Mz","Ab higher"
"brms1lb",244.977152269456,8.87722088012597,1.25286691774988,8.80864752979469e-14,1.48907113707157e-11,"Ab_vs_Mz","Ab higher"
"smndc1",410.105489218537,-8.10594173695725,1.12903835264655,9.74721331955236e-14,1.61028394590514e-11,"Ab_vs_Mz","Mz higher"
"mat2aa",1177.4166429302,-9.33493410119451,1.314992608268,1.23976469909119e-13,2.00263324393196e-11,"Ab_vs_Mz","Mz higher"
"TMEM43",1579.4816969578,-7.81597783453934,1.12940617435564,1.29402361287319e-13,2.0448386178207e-11,"Ab_vs_Mz","Mz higher"
"ciao1",350.194767341376,-6.65416316198767,0.941020321956926,1.33088160802051e-13,2.05833583163853e-11,"Ab_vs_Mz","Mz higher"
"pdss1",656.357072270876,10.4688728819717,1.46940158036339,1.54819081713238e-13,2.34454146869484e-11,"Ab_vs_Mz","Ab higher"
"lysmd2",1056.34734419961,-8.911785758019,1.27199957109635,1.60935600088282e-13,2.38743036130963e-11,"Ab_vs_Mz","Mz higher"
"rapgef1b",454.89966703364,-6.53621421947593,0.950550906668682,1.71579356086214e-13,2.49442067878138e-11,"Ab_vs_Mz","Mz higher"
"eps8l2",265.498234522119,-13.9724106962627,3.58845435463211,1.78569162876216e-13,2.5451357744063e-11,"Ab_vs_Mz","Mz higher"
"ascc2",484.418529937582,-6.08251282800193,0.869089109558758,1.82995390406785e-13,2.55806440935946e-11,"Ab_vs_Mz","Mz higher"
"hspa8b",616.555643438353,9.26985346903439,1.34540144983858,2.19902489698817e-13,3.01598339173718e-11,"Ab_vs_Mz","Ab higher"
"tlk2",765.810361190562,-13.0617504852875,3.41971060707286,2.49981456691223e-13,3.36502816423796e-11,"Ab_vs_Mz","Mz higher"
"pdcd11",1102.75783960048,-7.28525556207916,1.0375118931479,3.23328694003685e-13,4.27322959402325e-11,"Ab_vs_Mz","Mz higher"
"zgc:123238",655.3097987332,13.4670104637446,3.05873299731118,3.59993464971012e-13,4.67284374441837e-11,"Ab_vs_Mz","Ab higher"
"tmem50a",231.227154247691,-13.5599725066762,3.52911388011741,4.00642204858614e-13,5.10924243353907e-11,"Ab_vs_Mz","Mz higher"
"becn1",266.359430197198,6.05744596875295,0.888208978733726,4.44881977477714e-13,5.57559843842328e-11,"Ab_vs_Mz","Ab higher"
"zgc:163098",308.110205506631,7.77687962456583,1.13337909468248,4.86481153156398e-13,5.9936127157523e-11,"Ab_vs_Mz","Ab higher"
"mrpl47",591.584369555259,-13.26350206744,3.47885317858618,5.5418240725343e-13,6.66675948685443e-11,"Ab_vs_Mz","Mz higher"
"mad2l1bp",157.641121849536,-7.15459091356449,1.03003534458911,5.59461175812519e-13,6.66675948685443e-11,"Ab_vs_Mz","Mz higher"
"RPL5",240.43008820866,-12.8467996614816,3.39779989738766,5.82789088120767e-13,6.8327320670159e-11,"Ab_vs_Mz","Mz higher"
"tmem54b",699.538719018567,9.61270823141961,1.41544334540582,6.98932343167063e-13,8.06434794044663e-11,"Ab_vs_Mz","Ab higher"
"ireb2",287.545793743143,-14.0147406808349,3.63629278323754,7.57505423224637e-13,8.60360456471857e-11,"Ab_vs_Mz","Mz higher"
"hgd",929.362073251527,-14.0268822164848,3.64605821599622,1.01869374825942e-12,1.10520669493996e-10,"Ab_vs_Mz","Mz higher"
"mif4gda",275.562641698055,-12.7823016115117,3.39178431040519,1.00635632706726e-12,1.10520669493996e-10,"Ab_vs_Mz","Mz higher"
"cox15",273.726274288587,12.3969234019423,2.77316607254306,9.94096470330568e-13,1.10520669493996e-10,"Ab_vs_Mz","Ab higher"
"rida",1590.44271132756,-14.5586184980003,3.75717518692166,1.28797350986151e-12,1.37680580046813e-10,"Ab_vs_Mz","Mz higher"
"nkiras1",323.725544751125,-14.074154385048,3.66444592553283,1.32226045845074e-12,1.39297264818528e-10,"Ab_vs_Mz","Mz higher"
"nxt2",130.368223447024,8.3537606177028,1.23763798267776,1.38634844766037e-12,1.43962383800618e-10,"Ab_vs_Mz","Ab higher"
"fam118b",679.3192035358,8.42738905652435,1.27649548725335,1.66395205252004e-12,1.7035587985589e-10,"Ab_vs_Mz","Ab higher"
"acy3.2",620.472436516971,-13.2195338904975,3.50091082411106,1.70650698737239e-12,1.70687755926884e-10,"Ab_vs_Mz","Mz higher"
"COMTD1",2853.46835698556,-6.78261329466795,1.02678957828972,1.71415685550455e-12,1.70687755926884e-10,"Ab_vs_Mz","Mz higher"
"ncln",566.346144348871,10.25099830993,1.54426505132931,1.75405883167902e-12,1.72300724965876e-10,"Ab_vs_Mz","Ab higher"
"acad11",494.271002632561,8.27590909068886,1.25220663748281,1.84389367285411e-12,1.7871017477302e-10,"Ab_vs_Mz","Ab higher"
"prdx2",788.752614133161,-13.5724231926063,3.57594823542826,1.97686711893009e-12,1.87017987073947e-10,"Ab_vs_Mz","Mz higher"
"aldh3b1",301.741263482192,-12.4237224361808,3.3447588740812,1.98106823561617e-12,1.87017987073947e-10,"Ab_vs_Mz","Mz higher"
"mest",602.57742772717,-15.0854257331537,3.87701139644523,2.07085012945253e-12,1.92987302448595e-10,"Ab_vs_Mz","Mz higher"
"nup88",148.438895887823,-13.0046775799743,3.4666211627791,2.23227088501036e-12,2.02870957527499e-10,"Ab_vs_Mz","Mz higher"
"GOT1",881.508236731513,-7.50864220758106,1.12082678549089,2.23272480426467e-12,2.02870957527499e-10,"Ab_vs_Mz","Mz higher"
"usp14",204.773520214063,7.01521722913464,1.06630918750469,2.51829529728439e-12,2.25993685382225e-10,"Ab_vs_Mz","Ab higher"
"ccdc51",1173.46649131106,-13.9189800709582,3.65873161181706,2.94594554995616e-12,2.6114729515404e-10,"Ab_vs_Mz","Mz higher"
"psma6l",317.046586671082,7.60499997194116,1.16562522541022,3.37502562723288e-12,2.95579051618744e-10,"Ab_vs_Mz","Ab higher"
"btd",401.849749742084,12.3985452185902,2.78423152673851,3.81945078983045e-12,3.30518902277114e-10,"Ab_vs_Mz","Ab higher"
"zgc:173742",585.937105590908,-14.9860429342013,3.88285250705196,4.25613550410132e-12,3.63974693874265e-10,"Ab_vs_Mz","Mz higher"
"slc37a4a",353.550308934701,-12.373876732263,3.35530428023462,4.31234876331396e-12,3.64493757680572e-10,"Ab_vs_Mz","Mz higher"
"gatd1",204.831660195209,-12.5865489941315,3.3987223174141,4.70561192443466e-12,3.84460071603551e-10,"Ab_vs_Mz","Mz higher"
"arfgap2",281.67191896911,-12.5619464129242,3.39714422157134,4.62919251855221e-12,3.84460071603551e-10,"Ab_vs_Mz","Mz higher"
"mrps30",358.972391684193,-5.95428212911836,0.902124271193485,4.70724258807484e-12,3.84460071603551e-10,"Ab_vs_Mz","Mz higher"
"nelfa",152.45320386874,-13.0124365636095,3.49085423938028,4.80686721959445e-12,3.88234642435911e-10,"Ab_vs_Mz","Mz higher"
"trim65",340.975254767956,-14.0058843891832,3.69485725404777,5.13446024070005e-12,4.1013617021592e-10,"Ab_vs_Mz","Mz higher"
"hexdc",263.886477722516,-6.29387000275027,0.949361678163116,5.24939636546593e-12,4.14759371527954e-10,"Ab_vs_Mz","Mz higher"
"tmod1",262.832505834762,-13.8421446550029,3.65657887678749,5.55585816695236e-12,4.31134811651138e-10,"Ab_vs_Mz","Mz higher"
"pex10",110.524223812172,6.88821699273258,1.06696868299297,5.57527476891002e-12,4.31134811651138e-10,"Ab_vs_Mz","Ab higher"
"riox1",188.120310729623,-7.18550039085358,1.09274061185799,6.00469502392527e-12,4.59453980304345e-10,"Ab_vs_Mz","Mz higher"
"reep1",316.879733446031,-12.4124623462791,3.36007593426003,6.40288608552614e-12,4.84818530788433e-10,"Ab_vs_Mz","Mz higher"
"mapk8a",441.145522480895,-13.3891818445828,3.57715274565911,6.55172203547881e-12,4.90973891504077e-10,"Ab_vs_Mz","Mz higher"
"si:ch73-61d6.3",309.662759300348,8.82007094490077,1.37486087458589,7.82501151572189e-12,5.80408252120228e-10,"Ab_vs_Mz","Ab higher"
"katnb1",404.034785367031,8.41545509788602,1.3073133811919,8.5916509385823e-12,6.30835461338937e-10,"Ab_vs_Mz","Ab higher"
"zgc:92040",289.888303243979,8.18228892653413,1.27174156413334,8.73589291617053e-12,6.35012056076436e-10,"Ab_vs_Mz","Ab higher"
"sec23ip",252.836075230007,-6.3241169221627,1.00496198922411,8.84977227869036e-12,6.36920739542576e-10,"Ab_vs_Mz","Mz higher"
"C18orf25",196.010159244758,7.289021035109,1.13682343251941,9.08644616838543e-12,6.4125608930091e-10,"Ab_vs_Mz","Ab higher"
"nck1b",330.341866761682,7.20461830134681,1.12561421643749,9.06357257492782e-12,6.4125608930091e-10,"Ab_vs_Mz","Ab higher"
"C6orf62",241.890140009739,-11.8582961244863,3.27185581766076,1.02952306588436e-11,7.12724111039375e-10,"Ab_vs_Mz","Mz higher"
"blzf1",202.130785982564,-11.7174175112607,3.24025028517712,1.02601534448339e-11,7.12724111039375e-10,"Ab_vs_Mz","Mz higher"
"acod1",452.162337177222,-8.11718308128522,1.29342361739491,1.27715717294112e-11,8.75816555670657e-10,"Ab_vs_Mz","Mz higher"
"map7d3",221.812509588044,6.75685227001028,1.07056169721926,1.35336890977157e-11,9.19405477114911e-10,"Ab_vs_Mz","Ab higher"
"ddx11",303.112860795819,-12.5249650887242,3.42553953921709,1.51309065758675e-11,1.01839407314797e-09,"Ab_vs_Mz","Mz higher"
"sema4e",165.756884128158,-6.56759196817558,1.06104687705998,1.60479931670741e-11,1.0702097461602e-09,"Ab_vs_Mz","Mz higher"
"nr2e1",116.030551324402,12.3007944482602,2.97565502971473,1.6486954395801e-11,1.08948792275525e-09,"Ab_vs_Mz","Ab higher"
"ppfibp1a",1022.07436780805,-6.01819697523527,0.960913814395531,1.7601357723419e-11,1.15265107469849e-09,"Ab_vs_Mz","Mz higher"
"aspdh",326.878183775693,-6.63356621498681,1.03600560908761,1.91520770998638e-11,1.24300400391884e-09,"Ab_vs_Mz","Mz higher"
"rbsn",261.093938082878,-11.7172510410591,3.26112731312399,1.9390258723391e-11,1.24732558106486e-09,"Ab_vs_Mz","Mz higher"
"paqr4b",177.230786395686,8.12076315712883,1.29498635358413,2.12149995448187e-11,1.35273536571305e-09,"Ab_vs_Mz","Ab higher"
"ndufc2",2153.54542066509,-9.7417594216503,1.5564715602485,2.20028073755462e-11,1.39076875489431e-09,"Ab_vs_Mz","Mz higher"
"jph2",3524.44882695095,11.3864418509523,1.71475034240804,2.33003274976145e-11,1.4600869015531e-09,"Ab_vs_Mz","Ab higher"
"chmp5b",137.600776221176,-11.6616077835619,3.25482949247823,2.3564235749538e-11,1.46400367233668e-09,"Ab_vs_Mz","Mz higher"
"si:ch211-149k23.9",581.573868223633,-14.9319063186956,3.94501295418058,2.58525805736536e-11,1.59256278127024e-09,"Ab_vs_Mz","Mz higher"
"dgcr8",148.934145572085,-6.12245668531532,0.981621362186999,2.85995992102526e-11,1.74697887949014e-09,"Ab_vs_Mz","Mz higher"
"cdk2ap2",367.674753243333,11.9205433530623,1.82126416335087,2.90868440823336e-11,1.76193558028736e-09,"Ab_vs_Mz","Ab higher"
"hpcal1",399.594721162902,-14.379808730654,3.84189625753631,3.2577595642694e-11,1.95707886551027e-09,"Ab_vs_Mz","Mz higher"
"sult1st6",387.319670791393,9.55076839920626,1.56344949887842,3.34019976613389e-11,1.97397659349815e-09,"Ab_vs_Mz","Ab higher"
"cnot11",1498.49147737722,-8.52072503230119,1.36633694869197,3.32136857223543e-11,1.97397659349815e-09,"Ab_vs_Mz","Mz higher"
"cinp",356.958679177607,-5.51888144940741,0.894603532984884,3.60096616312926e-11,2.11092121288602e-09,"Ab_vs_Mz","Mz higher"
"cry1a",280.230320944927,-11.8851461021505,3.31676793049781,3.64834499883465e-11,2.12158558372233e-09,"Ab_vs_Mz","Mz higher"
"TMEM19",179.936557853748,-5.79783859508496,0.948586981515625,3.78758929952325e-11,2.18507830303448e-09,"Ab_vs_Mz","Mz higher"
"sfxn4",193.194224485731,-13.3330482727025,3.63060521865106,3.85015890965406e-11,2.18680908414412e-09,"Ab_vs_Mz","Mz higher"
"tmed4",243.117119162826,-13.2866158761441,3.61943151683356,3.85075750131308e-11,2.18680908414412e-09,"Ab_vs_Mz","Mz higher"
"cox18",284.695830782721,-5.85666456782982,0.963099328164417,4.07951518670344e-11,2.29875937148429e-09,"Ab_vs_Mz","Mz higher"
"JAZF1",268.911028532502,-13.8062116902217,3.73320742591889,4.18931840738234e-11,2.34247350025094e-09,"Ab_vs_Mz","Mz higher"
"rest",213.833635696401,-11.7107169861764,3.25420732616929,4.25840600382338e-11,2.36292772838108e-09,"Ab_vs_Mz","Mz higher"
"mars1",766.525696387259,-13.2642309643335,3.61973640551325,4.37540230981865e-11,2.40945449924786e-09,"Ab_vs_Mz","Mz higher"
"frem3",253.224409463801,-13.3464360107167,3.6445618027068,4.46002398688069e-11,2.43758754591246e-09,"Ab_vs_Mz","Mz higher"
"mpg",128.205309219968,12.6122705638462,3.17228448470054,4.7087659265502e-11,2.51849199954331e-09,"Ab_vs_Mz","Ab higher"
"vps4a",153.102563516917,9.66279857657908,1.5104516855603,4.65366304221844e-11,2.51849199954331e-09,"Ab_vs_Mz","Ab higher"
"ubap2a",390.789680050507,-7.75604386893428,1.24975938978347,4.71199493655098e-11,2.51849199954331e-09,"Ab_vs_Mz","Mz higher"
"timm8a",354.570929553042,-12.8238527729151,3.53070411692671,5.00193184719842e-11,2.65394471513032e-09,"Ab_vs_Mz","Mz higher"
"lipca",249.461802107731,-13.4653875093057,3.67439276368252,5.7974250093831e-11,3.05373060820331e-09,"Ab_vs_Mz","Mz higher"
"slc25a42",74.7690077938936,7.37963745267847,1.18344386451777,5.89777933289728e-11,3.08424158063528e-09,"Ab_vs_Mz","Ab higher"
"ybey",223.77235892749,-11.406512234275,3.22934533425795,6.11778188044307e-11,3.17643974921005e-09,"Ab_vs_Mz","Mz higher"
"exosc5",980.240615686175,-7.43878754667369,1.20556144403015,6.19264963573491e-11,3.19250852497568e-09,"Ab_vs_Mz","Mz higher"
"naa20",301.324212577869,-11.8094989701657,3.32188350549955,6.72670002554788e-11,3.44340721730335e-09,"Ab_vs_Mz","Mz higher"
"atraid",278.064583355377,-12.499199197544,3.47518503307636,7.11343660729614e-11,3.61591403485564e-09,"Ab_vs_Mz","Mz higher"
"gtf2a2",188.695872990519,-13.2746482512077,3.64343113722802,7.26418985203884e-11,3.66690250239377e-09,"Ab_vs_Mz","Mz higher"
"NT5C3B",311.14620214295,-13.9909617671691,3.7984365994898,7.75868471209941e-11,3.836590419881e-09,"Ab_vs_Mz","Mz higher"
"mxd3",402.620014782662,-12.3303571087419,3.44164579068234,7.73414238503566e-11,3.836590419881e-09,"Ab_vs_Mz","Mz higher"
"apba1b",156.86101906139,-6.52083608898777,1.07278220172752,7.73914337210602e-11,3.836590419881e-09,"Ab_vs_Mz","Mz higher"
"gtf2b",168.054236134997,-7.0978898069601,1.17945164208875,7.87350438112721e-11,3.86706103691984e-09,"Ab_vs_Mz","Mz higher"
"pdxp",229.438671214005,-11.8418111208843,3.33627708872082,8.36516883927951e-11,4.08096726796797e-09,"Ab_vs_Mz","Mz higher"
"flii",285.20262787485,-5.94632119168542,0.976397640525117,8.52994189909196e-11,4.13360984429996e-09,"Ab_vs_Mz","Mz higher"
"hnrnph1",183.031600569522,-5.15166963266417,0.867184494032423,1.0608177599136e-10,5.1066783422596e-09,"Ab_vs_Mz","Mz higher"
"wbp2",168.428433724618,-11.3454600252915,3.23479716306602,1.08342515672598e-10,5.18119570015866e-09,"Ab_vs_Mz","Mz higher"
"itpka",159.571374682645,-12.6111508303321,3.51648002331066,1.10088346001955e-10,5.23027573260267e-09,"Ab_vs_Mz","Mz higher"
"acvr1l",275.973455785276,-12.4927872391222,3.48989755028226,1.11753533580566e-10,5.27491191946191e-09,"Ab_vs_Mz","Mz higher"
"nemp1",338.911122856115,-8.28187143397359,1.38674155660925,1.14327785600043e-10,5.36160434533362e-09,"Ab_vs_Mz","Mz higher"
"ruvbl1",171.344326300769,-12.8786828162254,3.57998138262304,1.27357067933302e-10,5.93434953081522e-09,"Ab_vs_Mz","Mz higher"
"si:ch1073-390k14.1",153.182104776533,-7.02962818127852,1.16949675641867,1.29412634502319e-10,5.99172254902774e-09,"Ab_vs_Mz","Mz higher"
"ccdc149b",161.214092520758,-13.0037509051669,3.61172114629551,1.36921048872881e-10,6.29923483706945e-09,"Ab_vs_Mz","Mz higher"
"cnn1b",129.475572803373,-12.6987807402303,3.5450264400061,1.39740156519597e-10,6.38849809899968e-09,"Ab_vs_Mz","Mz higher"
"myot",122.263254171367,12.0287164276353,3.0457192626998,1.54865514580321e-10,7.03573390927721e-09,"Ab_vs_Mz","Ab higher"
"TMEM179",130.932588691239,8.47661273096639,1.41875268501571,1.64261698735693e-10,7.41626265906678e-09,"Ab_vs_Mz","Ab higher"
"clpp",168.524168076685,-12.2452559056153,3.45330700114407,1.67507922063462e-10,7.51614250295865e-09,"Ab_vs_Mz","Mz higher"
"ogal",231.529338965818,-13.5207340289383,3.73716429644084,1.84557929774812e-10,8.2303778621663e-09,"Ab_vs_Mz","Mz higher"
"ttc3",165.098535374744,7.29723400942636,1.23084605492189,1.86687735795194e-10,8.27459238716626e-09,"Ab_vs_Mz","Ab higher"
"nvl",978.045295936872,-8.43692701349959,1.43237153785681,2.0002136764681e-10,8.81185043287673e-09,"Ab_vs_Mz","Mz higher"
"anp32a",1031.48754479261,6.93014432249764,1.18426347037335,2.01441473535709e-10,8.82095223572932e-09,"Ab_vs_Mz","Ab higher"
"pold2",2148.88561521081,9.70495580730575,1.63684386568617,2.09211400798869e-10,9.10633336770644e-09,"Ab_vs_Mz","Ab higher"
"adat3",96.1738150420059,8.4523523389582,1.41304205961805,2.15674812540803e-10,9.33178697832797e-09,"Ab_vs_Mz","Ab higher"
"UBE2K",148.789494381885,-11.0998474509515,3.21218300903846,2.46007120561143e-10,1.05812175109997e-08,"Ab_vs_Mz","Mz higher"
"rnf115",119.689423838575,-11.8557146928175,3.38133470231329,2.52270596659501e-10,1.0786793924223e-08,"Ab_vs_Mz","Mz higher"
"hes6",190.882993894065,10.9323865838461,1.7559343154729,2.56346944925192e-10,1.08969938167323e-08,"Ab_vs_Mz","Ab higher"
"rcor2",180.3794609619,7.65629392817282,1.31532194200537,2.7403972803993e-10,1.15144207116893e-08,"Ab_vs_Mz","Ab higher"
"coro2ba",396.223627032703,-6.92130617547043,1.19601774687644,2.73550361042463e-10,1.15144207116893e-08,"Ab_vs_Mz","Mz higher"
"capn3b",106.995582398333,11.3905097497998,2.95848001231756,3.0754439702335e-10,1.28479323101306e-08,"Ab_vs_Mz","Ab higher"
"RRM2",711.573166390953,10.3847775963935,1.67962977331029,3.31557735795023e-10,1.37719610371087e-08,"Ab_vs_Mz","Ab higher"
"cmc2",118.328330716739,7.81583976048033,1.31101355061297,3.47114249786978e-10,1.43362129642133e-08,"Ab_vs_Mz","Ab higher"
"sestd1",141.663345081235,-11.9102481663753,3.40869423660213,3.6116185463485e-10,1.48321215894956e-08,"Ab_vs_Mz","Mz higher"
"cd9a",110.587177497104,6.41590643392209,1.10866116921425,3.67566654662109e-10,1.50103483861734e-08,"Ab_vs_Mz","Ab higher"
"cldn15lb",362.669714508749,-11.8092467304649,3.38696819749875,3.79890300530173e-10,1.54269418690158e-08,"Ab_vs_Mz","Mz higher"
"mphosph10",374.948687325653,-12.0017629058613,3.43412242763723,4.0538864014348e-10,1.63709445844609e-08,"Ab_vs_Mz","Mz higher"
"dffb",452.478973405263,-12.1759278224178,3.47666750065126,4.3240658965806e-10,1.7365544200135e-08,"Ab_vs_Mz","Mz higher"
"lhfpl5b",327.035668232484,13.9898303551758,3.53712199015201,4.39605210963049e-10,1.75576388928044e-08,"Ab_vs_Mz","Ab higher"
"ube2al",119.632427075412,-12.4492157325559,3.5405540516505,4.43103677572242e-10,1.76006591927466e-08,"Ab_vs_Mz","Mz higher"
"PSTK",64.2152745029476,-11.4246246689475,3.30584602685231,4.55191292984743e-10,1.79825299386201e-08,"Ab_vs_Mz","Mz higher"
"prmt9",156.717375795517,-12.4033723122173,3.53494027660721,4.92306765825779e-10,1.93436642204734e-08,"Ab_vs_Mz","Mz higher"
"gtf2f1",75.485944956865,-11.7097183916503,3.37758177223354,4.95940626132507e-10,1.93816796309526e-08,"Ab_vs_Mz","Mz higher"
"alkbh7",117.069058674511,-12.5024534773183,3.55983503956509,5.12504068807954e-10,1.99218827602407e-08,"Ab_vs_Mz","Mz higher"
"mus81",378.729203065867,-6.37180587804117,1.10527979820142,5.36160898352624e-10,2.07306040964108e-08,"Ab_vs_Mz","Mz higher"
"dtnbp1b",120.343075419301,8.73931997684743,1.50635305454562,5.55061309650432e-10,2.13478341790952e-08,"Ab_vs_Mz","Ab higher"
"armc5",320.459772167876,8.21789922554988,1.41377560541344,5.62152940024902e-10,2.1506788005479e-08,"Ab_vs_Mz","Ab higher"
"ppp2r3c",316.862759830304,11.7526005942094,3.0380422218357,6.13773413875766e-10,2.3358737934361e-08,"Ab_vs_Mz","Ab higher"
"uprt",250.953728598707,-12.2032227150882,3.50609778149145,6.20851257081947e-10,2.35050405610868e-08,"Ab_vs_Mz","Mz higher"
"ndufaf2",226.070910879721,-6.08343927626456,1.05711308014449,6.79452491827588e-10,2.5590363539351e-08,"Ab_vs_Mz","Mz higher"
"actr8",191.950729862546,8.92500737009776,1.56521562166204,7.16539531481386e-10,2.68480714141144e-08,"Ab_vs_Mz","Ab higher"
"slc25a44a",149.684722964504,-11.3406479853695,3.30785312229477,7.21240452082236e-10,2.68856248522347e-08,"Ab_vs_Mz","Mz higher"
"ctps1a",396.894895352277,-5.78663045260804,1.00383072592478,7.42007176355627e-10,2.75186232904543e-08,"Ab_vs_Mz","Mz higher"
"thbs4a",232.297139046096,-12.603609838037,3.613655328048,7.63948178981272e-10,2.81885244315476e-08,"Ab_vs_Mz","Mz higher"
"stx17",593.656288914481,-6.44586600497561,1.12594388018405,7.96672047701883e-10,2.92475207815403e-08,"Ab_vs_Mz","Mz higher"
"trmt61a",636.470322411791,12.5808315518049,2.14469344320045,8.33292881191073e-10,3.02860297668895e-08,"Ab_vs_Mz","Ab higher"
"gtf3ab",104.670319592718,12.3252472824641,3.28409938157401,8.32690657594254e-10,3.02860297668895e-08,"Ab_vs_Mz","Ab higher"
"si:dkey-69o16.5",387.94380965927,10.9712066157161,1.90215613665133,9.49316832650261e-10,3.43118010087631e-08,"Ab_vs_Mz","Ab higher"
"micu2",255.367555950092,9.74007770495207,1.5930245178439,9.53498941225774e-10,3.43118010087631e-08,"Ab_vs_Mz","Ab higher"
"lgi1a",75.6683007457307,-11.8282270598473,3.43654393125306,9.96998107206962e-10,3.57003903511695e-08,"Ab_vs_Mz","Mz higher"
"psmc3ip",165.10116482405,-6.77227291168802,1.18781472506843,1.01611551557411e-09,3.6206586679942e-08,"Ab_vs_Mz","Mz higher"
"gba",195.252276486698,8.25544705984742,1.46499817190198,1.02357514303978e-09,3.62944766573472e-08,"Ab_vs_Mz","Ab higher"
"arhgef16",406.744764259671,-6.69118416952409,1.19461340742014,1.14692997784852e-09,4.0471038878548e-08,"Ab_vs_Mz","Mz higher"
"tspo",549.58216915093,8.60698951014207,1.5183220779037,1.2191629490227e-09,4.28120554417682e-08,"Ab_vs_Mz","Ab higher"
"snx30",312.132209512242,13.9074689279052,3.59182899064876,1.23706923093304e-09,4.32320011521743e-08,"Ab_vs_Mz","Ab higher"
"cab39l",51.139426401425,-11.2199167682628,3.30865708263984,1.29240606480139e-09,4.4949759258571e-08,"Ab_vs_Mz","Mz higher"
"arl2",316.294493205331,-12.4528490514022,3.59341262930851,1.30195408017803e-09,4.50662105181625e-08,"Ab_vs_Mz","Mz higher"
"gdpd5b",84.946480336688,-11.9068118265713,3.46561176779156,1.32255890623846e-09,4.55624677224993e-08,"Ab_vs_Mz","Mz higher"
"atg5",115.348737186056,-8.41596439546976,1.52801875511004,1.39107127855306e-09,4.76966845462368e-08,"Ab_vs_Mz","Mz higher"
"lrrc51",357.059393298169,11.8506558635008,2.031668168265,1.4153456884569e-09,4.83011634243813e-08,"Ab_vs_Mz","Ab higher"
"banf1",117.643990040287,-12.1214548595115,3.52553753778501,1.57173480757723e-09,5.33875715713967e-08,"Ab_vs_Mz","Mz higher"
"naa38",256.79448977576,-12.06900522969,3.52472073947908,1.70079729775988e-09,5.75027700344957e-08,"Ab_vs_Mz","Mz higher"
"gemin5",108.948748341001,-11.8524720977282,3.47297299381243,1.7120624287376e-09,5.76156564559888e-08,"Ab_vs_Mz","Mz higher"
"si:ch211-196h16.12",122.313192196073,-12.4998457471856,3.62307322382219,1.7955323399401e-09,6.01461962167033e-08,"Ab_vs_Mz","Mz higher"
"txndc5",135.445992661536,-12.3109059390459,3.5757226724308,1.81918082495698e-09,6.06588321862949e-08,"Ab_vs_Mz","Mz higher"
"hdhd3",177.65055636662,-12.1299860739178,3.53619901640345,1.83860145937206e-09,6.0831477143153e-08,"Ab_vs_Mz","Mz higher"
"psma6a",362.958849405025,8.6711444075982,1.57891541762355,1.84109574514977e-09,6.0831477143153e-08,"Ab_vs_Mz","Ab higher"
"atp5l",236.655039578258,-6.968843073071,1.26252249681671,1.94769595780556e-09,6.4062452114428e-08,"Ab_vs_Mz","Mz higher"
"ddr1",292.788042848113,-7.20090059569395,1.30606242226723,2.01106985138276e-09,6.58489493229789e-08,"Ab_vs_Mz","Mz higher"
"tpi1a",596.94484353398,8.94763148097031,1.6289241363899,2.09016286179642e-09,6.81318109524583e-08,"Ab_vs_Mz","Ab higher"
"ndufaf3",1783.86935132203,6.75401371236174,1.24442945540596,2.14800970314104e-09,6.97048327327331e-08,"Ab_vs_Mz","Ab higher"
"tmem266",92.5705631471786,8.92134783327384,1.57023049683245,2.16184042188493e-09,6.98418578963624e-08,"Ab_vs_Mz","Ab higher"
"dph7",400.526301179318,7.7593342881102,1.41024936884996,2.32658270473767e-09,7.48315472599031e-08,"Ab_vs_Mz","Ab higher"
"chpt1",94.6184789425795,-10.5527997637814,3.17686806320305,2.36520476070755e-09,7.57386493638026e-08,"Ab_vs_Mz","Mz higher"
"dpp9",85.7197531015623,-11.9345376780736,3.50682256127501,2.48024521128383e-09,7.9074133512378e-08,"Ab_vs_Mz","Mz higher"
"snx9b",199.571121630463,6.12348251402782,1.1245692031233,2.53717706905646e-09,8.05359830348096e-08,"Ab_vs_Mz","Ab higher"
"zbtb3",79.2741435963282,-11.043544809891,3.29491350873751,2.57128652762877e-09,8.12638337797109e-08,"Ab_vs_Mz","Mz higher"
"atp7a",168.668936713333,-11.7224863804338,3.46097056027609,2.74634747743444e-09,8.6115621632504e-08,"Ab_vs_Mz","Mz higher"
"tmem138",222.685513728011,-5.64899562533589,1.03824453620982,2.74849693475594e-09,8.6115621632504e-08,"Ab_vs_Mz","Mz higher"
"churc1",65.4275100294298,7.3942771123656,1.34022136124002,2.77209975554455e-09,8.64823739186838e-08,"Ab_vs_Mz","Ab higher"
"snx24",80.0838522788031,-11.230081793947,3.34257145158058,2.97550254626302e-09,9.24313162768628e-08,"Ab_vs_Mz","Mz higher"
"ECHDC1",63.7886868632299,8.39313990023753,1.48742752105941,3.00017067137774e-09,9.28010238733822e-08,"Ab_vs_Mz","Ab higher"
"ak5",162.994508078158,7.33260502356427,1.35157437151407,3.23178225608797e-09,9.95416322860315e-08,"Ab_vs_Mz","Ab higher"
"b9d1",161.991676518022,7.9770226354059,1.46368388879527,3.37819651649375e-09,1.03612280499549e-07,"Ab_vs_Mz","Ab higher"
"faf2",97.1947928747038,5.40574641404086,0.995142075191325,3.4353563715664e-09,1.04922712037463e-07,"Ab_vs_Mz","Ab higher"
"DYNC1I2",146.064737766078,6.95800701920082,1.27108460340723,3.52353812927634e-09,1.07165684777028e-07,"Ab_vs_Mz","Ab higher"
"pebp1",212.251544532248,7.22898678028171,1.3406274302602,3.6334496656888e-09,1.10048106749549e-07,"Ab_vs_Mz","Ab higher"
"si:ch211-114c17.1",170.938799581581,9.64432953182652,1.76973180205593,3.71615045353342e-09,1.12085882351595e-07,"Ab_vs_Mz","Ab higher"
"exosc8",60.6249140193023,-10.9917112976139,3.30250012742488,3.84526578685792e-09,1.15025666685886e-07,"Ab_vs_Mz","Mz higher"
"slc22a6l",124.362857606447,9.31761686729553,1.68343116002745,3.84202967167811e-09,1.15025666685886e-07,"Ab_vs_Mz","Ab higher"
"eya2",164.254645608153,9.59751603047475,1.76170692317449,3.8824625836437e-09,1.15662379182402e-07,"Ab_vs_Mz","Ab higher"
"wdr53",418.793347841158,-5.94291306085208,1.0948112253945,4.38927711494234e-09,1.3022716468782e-07,"Ab_vs_Mz","Mz higher"
"atp5mf",233.26815293602,6.16082749156125,1.16098900391521,4.54421861778573e-09,1.34276118425547e-07,"Ab_vs_Mz","Ab higher"
"ilf2",185.217702094349,5.6861796052332,1.05615697127248,4.56775959440832e-09,1.34425281343134e-07,"Ab_vs_Mz","Ab higher"
"aifm3",69.9395578922097,11.6562957110585,3.23545353709864,4.66359176340826e-09,1.36692131162156e-07,"Ab_vs_Mz","Ab higher"
"smarcad1a",141.539451783176,-12.5477105882688,3.69574231911214,4.77539879877458e-09,1.39407123969046e-07,"Ab_vs_Mz","Mz higher"
"mapk8ip3",138.125448028395,-5.64587262866198,1.05193784274851,5.00023614297412e-09,1.45386866093116e-07,"Ab_vs_Mz","Mz higher"
"slc26a5",212.176412741401,-5.72008917819267,1.06468707960938,5.24523021965665e-09,1.51299914550334e-07,"Ab_vs_Mz","Mz higher"
"nucb2a",314.553768370157,-5.69567728423704,1.04607199039034,5.23024320233063e-09,1.51299914550334e-07,"Ab_vs_Mz","Mz higher"
"rdh1",98.5096567150158,-11.5685490421157,3.46214514561931,5.59370732544234e-09,1.59453562935845e-07,"Ab_vs_Mz","Mz higher"
"slc2a12",154.299823267853,-10.8775385083345,3.2919850915231,5.56969527710642e-09,1.59453562935845e-07,"Ab_vs_Mz","Mz higher"
"klhl15",49.0879330851508,7.98961051227039,1.43967689167345,5.58623040176172e-09,1.59453562935845e-07,"Ab_vs_Mz","Ab higher"
"sulf1",66.0407613351694,-11.479598553614,3.44368974652946,5.63420074738483e-09,1.59980489190392e-07,"Ab_vs_Mz","Mz higher"
"thoc6",295.061279632203,-5.38140582813933,1.01541968453977,5.8125825271394e-09,1.64403355602243e-07,"Ab_vs_Mz","Mz higher"
"ap2s1",245.895737369513,-6.16739425379766,1.15496651174284,5.87343472067355e-09,1.65480608467349e-07,"Ab_vs_Mz","Mz higher"
"mapk9",214.165407034091,-6.49391986871945,1.20561179140487,5.98516802767446e-09,1.67977553641566e-07,"Ab_vs_Mz","Mz higher"
"taf11",103.393665152208,-11.0678480492919,3.34491183709708,6.1140405730075e-09,1.7093446509689e-07,"Ab_vs_Mz","Mz higher"
"lzts2b",74.3331142791715,6.44078107016812,1.2129963476637,6.21561789224116e-09,1.73108530493107e-07,"Ab_vs_Mz","Ab higher"
"RHBDF2",187.114725923156,-12.9870016939697,3.81964884501755,6.71652059991457e-09,1.86344993285416e-07,"Ab_vs_Mz","Mz higher"
"spopla",152.288722558983,6.33288182833038,1.2077124875199,7.07545780833893e-09,1.9555704490044e-07,"Ab_vs_Mz","Ab higher"
"ugdh",158.987924090069,-12.763817240818,3.7688033519124,7.12761078500247e-09,1.96252283318875e-07,"Ab_vs_Mz","Mz higher"
"pcnp",45.5307319952083,-10.704729215357,3.26304389087707,7.26338485244520e-09,1.99236016952544e-07,"Ab_vs_Mz","Mz higher"
"zgc:194887",75.972912065971,7.64318637096536,1.40739637406638,7.65899757546506e-09,2.09297945022765e-07,"Ab_vs_Mz","Ab higher"
"slc25a55b",306.081215071585,11.5245087462517,2.09936567208444,7.85982153370991e-09,2.12390493414637e-07,"Ab_vs_Mz","Ab higher"
"boc",94.7554541578597,7.3901106397235,1.39815103342029,7.81372037153672e-09,2.12390493414637e-07,"Ab_vs_Mz","Ab higher"
"abitram",205.260114995385,-6.5126510761458,1.25432278565532,7.84679337829969e-09,2.12390493414637e-07,"Ab_vs_Mz","Mz higher"
"ecsit",72.1449526144254,7.72964766043132,1.39650808725053,8.83156875466105e-09,2.37765456583819e-07,"Ab_vs_Mz","Ab higher"
"apoda.2",102.112696363088,9.92577079301337,1.79664282345747,9.34924333053851e-09,2.50773615386289e-07,"Ab_vs_Mz","Ab higher"
"wdr48b",748.546839659033,-5.897495253329,1.1433605426455,9.7342830789123e-09,2.60141557722844e-07,"Ab_vs_Mz","Mz higher"
"ppp1r9a",62.5464249276645,6.4052009750251,1.21918004848425,1.00040203275382e-08,2.66370783006868e-07,"Ab_vs_Mz","Ab higher"
"zgc:85843",2059.22214750764,13.1434888287649,2.53343594780746,1.01735727226803e-08,2.69896715770669e-07,"Ab_vs_Mz","Ab higher"
"pkd2l1",83.8216707396113,-10.1796750960359,3.14823368794101,1.02530667479753e-08,2.710165170583e-07,"Ab_vs_Mz","Mz higher"
"exosc6",135.945506873944,5.52915881240738,1.05629364955227,1.05678570604099e-08,2.78325191927969e-07,"Ab_vs_Mz","Ab higher"
"m6pr",84.4770768764386,6.69842050796931,1.28097431687903,1.06569489227497e-08,2.79658345557646e-07,"Ab_vs_Mz","Ab higher"
"hif1an",88.2148930986745,11.0079333369606,3.00735844927603,1.09677956420403e-08,2.86780239287737e-07,"Ab_vs_Mz","Ab higher"
"srpx2",162.358784291066,-12.2614771112125,3.676177241766,1.12862170754562e-08,2.94048429826133e-07,"Ab_vs_Mz","Mz higher"
"nr5a5",96.5268888779368,12.3157520297286,3.55829334311988,1.19954537175052e-08,3.10678999687055e-07,"Ab_vs_Mz","Ab higher"
"gpr143",89.1643606449849,-11.7792924162849,3.56181938264717,1.20100149830874e-08,3.10678999687055e-07,"Ab_vs_Mz","Mz higher"
"bokb",80.6372893464716,-11.7955516332049,3.56832649000691,1.22545688320944e-08,3.15881066810264e-07,"Ab_vs_Mz","Mz higher"
"mipa",101.202056233762,11.1860815778653,3.13672054221321,1.28820831076704e-08,3.30629093370546e-07,"Ab_vs_Mz","Ab higher"
"lpin2",136.210584150455,7.83326189767853,1.47644096354107,1.29176864104052e-08,3.30629093370546e-07,"Ab_vs_Mz","Ab higher"
"gcna",90.3607677443494,12.0092895029618,3.38202709426121,1.36366822591458e-08,3.46209598974351e-07,"Ab_vs_Mz","Ab higher"
"prmt2",83.0776819387628,-11.8146960944317,3.58010694591352,1.35976674624249e-08,3.46209598974351e-07,"Ab_vs_Mz","Mz higher"
"trim23",56.2116682728883,-9.95017519676896,3.10011421854747,1.36693018167064e-08,3.46209598974351e-07,"Ab_vs_Mz","Mz higher"
"ssr3",61.1000002972067,-11.1874579580959,3.42628579905687,1.53909408965886e-08,3.88460935337857e-07,"Ab_vs_Mz","Mz higher"
"HNRNPUL1",123.302381713188,-3.73380234102099,0.717930307565244,1.57829139408339e-08,3.969757835153e-07,"Ab_vs_Mz","Mz higher"
"zdhhc8b",167.363739802535,8.71355335379469,1.69833887409148,1.62558132890968e-08,4.06206395191133e-07,"Ab_vs_Mz","Ab higher"
"abcb7",57.4544470966349,6.12629497311999,1.18424072338099,1.6261667492175e-08,4.06206395191133e-07,"Ab_vs_Mz","Ab higher"
"tp63",88.3944395372347,10.0592831385764,2.89125346934633,1.64615679336118e-08,4.09791566128166e-07,"Ab_vs_Mz","Ab higher"
"p2rx5",505.913921938121,-6.22378056840054,1.21285992372942,1.7552912582706e-08,4.35467991684948e-07,"Ab_vs_Mz","Mz higher"
"fmnl2a",59.4460828275388,-11.1915841442447,3.43920802197944,1.77953701698587e-08,4.38489985643061e-07,"Ab_vs_Mz","Mz higher"
"s100t",138.318879790863,8.84433642413132,1.71662607005477,1.7761240022846e-08,4.38489985643061e-07,"Ab_vs_Mz","Ab higher"
"cap1",448.872596790711,-5.77796177542005,1.1269432541818,1.7921422748761e-08,4.40104128245757e-07,"Ab_vs_Mz","Mz higher"
"tmie",54.6567433232964,11.0495210115151,3.15934035911356,1.82697628544657e-08,4.4714783228657e-07,"Ab_vs_Mz","Ab higher"
"abcf1",399.643265663937,-4.52585252382701,0.879996134332466,1.84753469237379e-08,4.50662069760574e-07,"Ab_vs_Mz","Mz higher"
"comp",153.304626708792,9.61910417743249,1.83596245123541,1.98627253354109e-08,4.8288344636489e-07,"Ab_vs_Mz","Ab higher"
"tecrl2a",303.779893792107,-11.7958843127463,3.59872868845788,2.06430250742093e-08,5.00180497548091e-07,"Ab_vs_Mz","Mz higher"
"nelfcd",129.396481111848,-12.3857372774859,3.75601083784255,2.1522820376661e-08,5.19765386438368e-07,"Ab_vs_Mz","Mz higher"
"ddx20",78.0280529479202,8.66148448614442,1.64227671836218,2.19904246916795e-08,5.29299328092115e-07,"Ab_vs_Mz","Ab higher"
"mrps36",358.80370511478,-4.82987498018596,0.939867605042631,2.2767102612492e-08,5.46185045842258e-07,"Ab_vs_Mz","Mz higher"
"SPATA1",350.147143415736,10.5380281412015,2.94170728780007,2.30670193988788e-08,5.49751357411311e-07,"Ab_vs_Mz","Ab higher"
"rad51d",156.802562012073,-10.3735219279507,3.24268384229985,2.30127095886312e-08,5.49751357411311e-07,"Ab_vs_Mz","Mz higher"
"slc45a1",131.372442796785,10.3581059123578,1.93749742091784,2.36477529059106e-08,5.6175005187276e-07,"Ab_vs_Mz","Ab higher"
"wdr47a",184.788326075035,-6.7939583668431,1.35687211531286,2.40973639009134e-08,5.70565922461693e-07,"Ab_vs_Mz","Mz higher"
"dcdc2b",128.085497655917,9.26316304303014,1.71977679846248,2.42413943322715e-08,5.72112647406759e-07,"Ab_vs_Mz","Ab higher"
"skiv2l",32.1838105442865,-10.3501613252166,3.24898692409433,2.45012138302004e-08,5.76373214665782e-07,"Ab_vs_Mz","Mz higher"
"ss18l2",160.31676058213,8.79055384925889,1.71193799257316,2.48791264791343e-08,5.83375388312347e-07,"Ab_vs_Mz","Ab higher"
"crtac1a",99.8140375667877,-6.42834838476873,1.29654717977262,2.51852697667372e-08,5.88655067313223e-07,"Ab_vs_Mz","Mz higher"
"ppcs",83.0689845225053,-9.80570388585789,3.0842833492267,2.59648121313449e-08,6.04930190329314e-07,"Ab_vs_Mz","Mz higher"
"usp11",161.295414367526,-5.84508079330966,1.16202449271785,2.60958474466963e-08,6.06040623290849e-07,"Ab_vs_Mz","Mz higher"
"ada",501.390275951586,-5.67569746255624,1.12053556124372,2.70160939339562e-08,6.25384840215399e-07,"Ab_vs_Mz","Mz higher"
"aip",115.693681614541,-5.14452768161722,1.01282206996505,2.71008700877494e-08,6.25384840215399e-07,"Ab_vs_Mz","Mz higher"
"nubp2",1410.68621928444,5.13860719120223,1.01300661873207,2.75365347760083e-08,6.33427440781027e-07,"Ab_vs_Mz","Ab higher"
"gria3a",103.731311843621,9.94312198092095,1.86514164242316,2.79098277002562e-08,6.39989077454771e-07,"Ab_vs_Mz","Ab higher"
"rasgef1bb",72.8085184054601,-11.5663139926045,3.56586439917788,2.8025358528802e-08,6.40617393540446e-07,"Ab_vs_Mz","Mz higher"
"SNX14",132.089157106095,-11.9883682083936,3.68247920934457,3.0064569768808e-08,6.83826607403774e-07,"Ab_vs_Mz","Mz higher"
"ZBTB21",136.955355390835,-10.753175858658,3.359266330233,3.0103798922714e-08,6.83826607403774e-07,"Ab_vs_Mz","Mz higher"
"padi2",66.165783318215,-10.3773115667841,3.26142087746258,3.04450047070927e-08,6.89422863600799e-07,"Ab_vs_Mz","Mz higher"
"PCBP2",225.995741252299,-5.95808765937097,1.17659495175968,3.07867994575485e-08,6.94997656077391e-07,"Ab_vs_Mz","Mz higher"
"chia.4",180.196563900437,10.2806022253495,2.92050324438769,3.09811376828257e-08,6.97219473115975e-07,"Ab_vs_Mz","Ab higher"
"EIF5AL1",127.592667545563,-11.0103615143796,3.43212539155262,3.2278079762601e-08,7.24164696896132e-07,"Ab_vs_Mz","Mz higher"
"ecrg4a",228.042495213843,-5.37559113469235,1.05709029864252,3.30852071578455e-08,7.39988833324242e-07,"Ab_vs_Mz","Mz higher"
"tomm20b",108.448311301801,9.45877296258422,2.75713434845058,3.49134536337894e-08,7.78484338846673e-07,"Ab_vs_Mz","Ab higher"
"armc2",74.6616256695692,7.94822265859291,1.58211473784446,3.60226872451261e-08,8.00761203623308e-07,"Ab_vs_Mz","Ab higher"
"RS1",141.378330612234,6.57727101278016,1.3346684393548,3.61992181483701e-08,8.02232063172262e-07,"Ab_vs_Mz","Ab higher"
"pgap6",167.471595594139,6.91774829118885,1.39518382827719,3.82701045199421e-08,8.45548297129056e-07,"Ab_vs_Mz","Ab higher"
"casd1",568.223147793873,-5.00316074939632,1.00858252299921,3.93435964786062e-08,8.66632129706026e-07,"Ab_vs_Mz","Mz higher"
"ddx56",227.253095060347,-13.1492448073421,4.00504663823156,4.14374439312441e-08,9.0453087067932e-07,"Ab_vs_Mz","Mz higher"
"pdia6",79.8170214777606,-10.2507170878871,3.24014371375207,4.14286615181257e-08,9.0453087067932e-07,"Ab_vs_Mz","Mz higher"
"hltf",855.56668161223,-6.44136382471974,1.29712396401905,4.12331565295015e-08,9.0453087067932e-07,"Ab_vs_Mz","Mz higher"
"sltm",104.424691736585,5.46145860983533,1.10130961594725,4.24783258465302e-08,9.24475899935413e-07,"Ab_vs_Mz","Ab higher"
"fhl2b",91.2100362219719,-11.6138987731851,3.60649828202177,4.28837548567306e-08,9.30513474786791e-07,"Ab_vs_Mz","Mz higher"
"card19",65.8905573487807,-11.3689970732821,3.54859995172908,4.31430342168812e-08,9.33353320602707e-07,"Ab_vs_Mz","Mz higher"
"ccng2",50.4694260348327,-4.61596060303099,0.930120049554525,4.51693588900833e-08,9.74291008225564e-07,"Ab_vs_Mz","Mz higher"
"pmpca",67.6667322217882,6.38495698624612,1.29798739442892,4.57024347277505e-08,9.82872775254492e-07,"Ab_vs_Mz","Ab higher"
"rpl9",337.119312206718,-11.3167004693887,3.53337386533177,4.63073310271874e-08,9.92943921051993e-07,"Ab_vs_Mz","Mz higher"
"gng3",280.86626153099,-6.32911962478552,1.28741584378353,4.82442272546542e-08,1.0314331997473e-06,"Ab_vs_Mz","Mz higher"
"psme3ip1",134.984974418315,-4.45021749143133,0.907901661894736,4.98153836980128e-08,1.06190036393213e-06,"Ab_vs_Mz","Mz higher"
"intu",144.638476014754,-6.30622437798939,1.27624811456003,5.10110108334199e-08,1.08420771271383e-06,"Ab_vs_Mz","Mz higher"
"zwilch",8253.81113093214,5.55479328466842,1.14420510027717,5.16390324367449e-08,1.09435605476005e-06,"Ab_vs_Mz","Ab higher"
"mtg1",78.68167005808,8.2400602975544,1.63866487550754,5.26244884661018e-08,1.11199827517469e-06,"Ab_vs_Mz","Ab higher"
"slc5a2",111.413300196555,9.12007869180554,1.81355279363957,5.94798345488942e-08,1.25321425314757e-06,"Ab_vs_Mz","Ab higher"
"MAMDC2",68.204430061285,-11.4075667322392,3.5846259969221,6.24683843206177e-08,1.31237770412304e-06,"Ab_vs_Mz","Mz higher"
"myl1",254.240588642456,-6.00688658284313,1.22961184226461,6.36690155217961e-08,1.33374661045515e-06,"Ab_vs_Mz","Mz higher"
"vrk3",108.196031511659,-12.063673442405,3.77016585025719,7.14199869735516e-08,1.49107074414873e-06,"Ab_vs_Mz","Mz higher"
"tacr3a",52.3190790406853,-10.8643729934406,3.45001117843919,7.15894469263867e-08,1.49107074414873e-06,"Ab_vs_Mz","Mz higher"
"acsl2",165.156948024817,-5.80217416500616,1.19887352872452,7.18267580698689e-08,1.49173915545679e-06,"Ab_vs_Mz","Mz higher"
"zfyve1",99.2112191572822,-5.72150959664098,1.17665283207816,7.41915086496401e-08,1.53646175605195e-06,"Ab_vs_Mz","Mz higher"
"tdrd6",66.0916325966901,-11.3874535084905,3.59870609228779,7.60877431473541e-08,1.5712551276651e-06,"Ab_vs_Mz","Mz higher"
"nfkb1",148.942336269681,7.76510890615584,1.63039468771285,7.66460670351759e-08,1.57830102345239e-06,"Ab_vs_Mz","Ab higher"
"n4bp3",154.566220036884,-4.99795017070038,1.05177825915806,7.75554791237799e-08,1.59251632132982e-06,"Ab_vs_Mz","Mz higher"
"VDAC2",803.43386557194,5.52383453606318,1.15694870320601,8.07268047588584e-08,1.65296660223138e-06,"Ab_vs_Mz","Ab higher"
"C6orf120",44.4919981014851,-10.6321574228691,3.39728005332043,8.17064924871555e-08,1.66832723002566e-06,"Ab_vs_Mz","Mz higher"
"si:ch1073-335m2.2",116.381225139286,4.91497635908569,1.02117453267853,8.46456488654102e-08,1.72349922017554e-06,"Ab_vs_Mz","Ab higher"
"zgc:162989",63.0508839415616,9.21515594363929,1.79014786395383,8.58632747313889e-08,1.74340822352644e-06,"Ab_vs_Mz","Ab higher"
"zgc:101583",304.071158196986,8.34040465905602,1.60031414265742,8.90797376260446e-08,1.80275930269933e-06,"Ab_vs_Mz","Ab higher"
"GPR137B",55.5500188878238,8.09228891967644,1.63527412507345,8.92823426842426e-08,1.80275930269933e-06,"Ab_vs_Mz","Ab higher"
"sec22ba",65.1810721236751,9.41197403330601,2.84893683934164,9.04551231892099e-08,1.82138030598994e-06,"Ab_vs_Mz","Ab higher"
"nudcd2",16416.3090774323,5.69232477094063,1.18461002702406,9.15263918672112e-08,1.83786006210707e-06,"Ab_vs_Mz","Ab higher"
"otol1b",97.0754514041642,-11.8629466747424,3.73980032234037,9.22214280940698e-08,1.84671504356968e-06,"Ab_vs_Mz","Mz higher"
"wdr44",56.8828165290092,-5.20706769986969,1.08237596213673,9.72232356024161e-08,1.94152664723616e-06,"Ab_vs_Mz","Mz higher"
"fabp2",267.502360828265,-6.64738696548331,1.41404172425164,1.04658411178683e-07,2.0842794270078e-06,"Ab_vs_Mz","Mz higher"
"gnsb",82.4528711211049,-5.37212565761302,1.11882100509925,1.07327145117874e-07,2.13158748049679e-06,"Ab_vs_Mz","Mz higher"
"isoc2",113.242500934018,-9.97811340626914,3.23862481732176,1.10543542696807e-07,2.18948504594848e-06,"Ab_vs_Mz","Mz higher"
"gmnn",86.3931140161546,8.81693500063863,1.78921910909608,1.18225239484301e-07,2.33113772459993e-06,"Ab_vs_Mz","Ab higher"
"SHKBP1",33.6073127099805,6.39286649904458,1.32411858273153,1.1833674788518e-07,2.33113772459993e-06,"Ab_vs_Mz","Ab higher"
"ttyh1",127.910060639791,5.97801979333962,1.2708912355939,1.19583180801423e-07,2.34032222350445e-06,"Ab_vs_Mz","Ab higher"
"timm23a",199.497759005666,5.30951233059517,1.11397048387195,1.19621721010323e-07,2.34032222350445e-06,"Ab_vs_Mz","Ab higher"
"iars2",176.431731995964,-4.54932216530374,0.935300030860065,1.19768863274681e-07,2.34032222350445e-06,"Ab_vs_Mz","Mz higher"
"lipf",153.671637364274,5.4973101067667,1.14405386037453,1.23951801039684e-07,2.41556472321035e-06,"Ab_vs_Mz","Ab higher"
"vps26c",109.688041320849,8.41126860077247,1.78717934918427,1.27067835152149e-07,2.46966869978868e-06,"Ab_vs_Mz","Ab higher"
"stum",221.151032044301,-11.0484431339518,3.55617855145806,1.41754034875893e-07,2.74776021203432e-06,"Ab_vs_Mz","Mz higher"
"mrto4",81.7168366118714,5.74824884688498,1.22208658367267,1.42341295185422e-07,2.75180551782669e-06,"Ab_vs_Mz","Ab higher"
"atp6v1d",253.576547077766,6.73191875662489,1.44358032253786,1.49945434687365e-07,2.89112298340173e-06,"Ab_vs_Mz","Ab higher"
"glipr2l",112.149999864055,5.10651271711352,1.0888508193411,1.5408383218315e-07,2.96305655063311e-06,"Ab_vs_Mz","Ab higher"
"bbip1",223.826146762406,-5.8532576970427,1.25705100519185,1.57040154920111e-07,3.01193901349416e-06,"Ab_vs_Mz","Mz higher"
"rab3gap2",92.7160603108282,-6.30729073329045,1.34033961095609,1.60596909733308e-07,3.07204983381952e-06,"Ab_vs_Mz","Mz higher"
"zgc:154006",167.4308309137,-6.19042625061654,1.32163184521287,1.61644423885332e-07,3.08397196121385e-06,"Ab_vs_Mz","Mz higher"
"rcbtb1",24.7150239931569,9.87392092547204,3.05430213391012,1.62077750820373e-07,3.08414442595103e-06,"Ab_vs_Mz","Ab higher"
"ntmt1",90.2038593960393,-6.33993292782666,1.34751778930427,1.63411815083422e-07,3.09047359244258e-06,"Ab_vs_Mz","Mz higher"
"cep72",481.692673339776,-4.86856600593685,1.052029180367,1.63685834790259e-07,3.09047359244258e-06,"Ab_vs_Mz","Mz higher"
"nckap1",107.841842268764,-4.52332628634353,0.958717246278145,1.62950621118519e-07,3.09047359244258e-06,"Ab_vs_Mz","Mz higher"
"mrpl14",331.074139507735,-5.33444055430946,1.14000523064485,1.69013807509173e-07,3.1828014683528e-06,"Ab_vs_Mz","Mz higher"
"tax1bp1b",73.8793444179586,-5.53337184136382,1.16521350089858,1.70337276006303e-07,3.19943581211839e-06,"Ab_vs_Mz","Mz higher"
"rgs5a",127.754114177892,-11.4859935146764,3.69053485904172,1.72440662066305e-07,3.22229093203077e-06,"Ab_vs_Mz","Mz higher"
"si:ch211-243o19.4",107.29751483207,-5.53583324527665,1.21400874191867,1.72057037810891e-07,3.22229093203077e-06,"Ab_vs_Mz","Mz higher"
"hexa",173.029031290453,-10.6559584422715,3.46406729989416,1.74897642744443e-07,3.2598229874599e-06,"Ab_vs_Mz","Mz higher"
"drp2",242.860464762371,8.87476310098551,1.90036490279385,1.79599821282416e-07,3.3389030713603e-06,"Ab_vs_Mz","Ab higher"
"rbm45",60.6345879159751,8.1651067218244,1.71343491461665,1.86789150475858e-07,3.46369983369645e-06,"Ab_vs_Mz","Ab higher"
"zgc:112334",123.764327610555,-12.1096575595522,3.88221156581152,1.92522856247177e-07,3.56093802051077e-06,"Ab_vs_Mz","Mz higher"
"nprl3",27.8064749441467,6.22718987163171,1.31159828544311,1.98624688093586e-07,3.66447425825451e-06,"Ab_vs_Mz","Ab higher"
"fbxo32",59.0341472384047,5.0446333428159,1.09568558306946,2.03952228614537e-07,3.75323734126347e-06,"Ab_vs_Mz","Ab higher"
"si:ch211-203k16.3",105.95641029389,5.96562734195772,1.29027247718906,2.08839547280688e-07,3.83347138682656e-06,"Ab_vs_Mz","Ab higher"
"g6pc3",181.72186420157,5.88543444198325,1.26723775051856,2.24703349709951e-07,4.11427871295123e-06,"Ab_vs_Mz","Ab higher"
"lonrf1l",177.842712809225,5.18191685570055,1.11972114768491,2.29154814998762e-07,4.18524208599497e-06,"Ab_vs_Mz","Ab higher"
"slc46a1",37.2588444075864,-4.97836408284213,1.10446960931128,2.30130722849889e-07,4.19253189071639e-06,"Ab_vs_Mz","Mz higher"
"gck",42.2151791880641,-9.95554555871035,3.29615176560258,2.45227200727945e-07,4.45639130522858e-06,"Ab_vs_Mz","Mz higher"
"plekhb2",26.4904725700503,-9.73768942812243,3.22793606400867,2.488851532425e-07,4.51158648109659e-06,"Ab_vs_Mz","Mz higher"
"ak3",47.9857703565084,-9.21897850045294,3.0827457150289,2.49815356533347e-07,4.51718364836044e-06,"Ab_vs_Mz","Mz higher"
"rpa2",40.9677650845645,-10.3328824218027,3.41148765298435,2.51655104651044e-07,4.53915869902839e-06,"Ab_vs_Mz","Mz higher"
"tmem62",43.8988162909319,-10.7044277222355,3.51499383109772,2.55039278730681e-07,4.58881316112207e-06,"Ab_vs_Mz","Mz higher"
"ccdc181",47.2158783944859,7.73524079530767,1.64013291813583,2.56228456595104e-07,4.59882629874028e-06,"Ab_vs_Mz","Ab higher"
"frs2b",196.596580095799,9.39161566964175,1.97989276283319,2.68761624640035e-07,4.81189224016851e-06,"Ab_vs_Mz","Ab higher"
"tbpl1",37.7800067778596,-10.320007229872,3.40901483399865,2.75549410834255e-07,4.92129893698821e-06,"Ab_vs_Mz","Mz higher"
"cep19",45.054515764786,7.19075831237194,1.55684426743203,2.79301842411947e-07,4.95181729876206e-06,"Ab_vs_Mz","Ab higher"
"atp2a1l",508.903040558363,-5.41992999023724,1.19733614928727,2.78282909447445e-07,4.95181729876206e-06,"Ab_vs_Mz","Mz higher"
"mms22l",61.6970260028839,4.5638672738919,0.995461992966354,2.7890565842632e-07,4.95181729876206e-06,"Ab_vs_Mz","Ab higher"
"APCDD1",79.650027885456,9.4738610064709,1.9656530064791,2.84330896163773e-07,5.02871358689651e-06,"Ab_vs_Mz","Ab higher"
"nid2a",62.4821479145507,-5.61392660546497,1.2323172728457,2.87310252817449e-07,5.06907336827678e-06,"Ab_vs_Mz","Mz higher"
"guk1a",38.5013371450069,6.32429910793377,1.38069987447881,2.93170981467951e-07,5.15995124525554e-06,"Ab_vs_Mz","Ab higher"
"zgc:158328",34.5027939260541,10.2663680641318,3.17566547422809,2.98942767600378e-07,5.23618066912565e-06,"Ab_vs_Mz","Ab higher"
"mrpl17",63.1302298627141,8.94871417233521,1.87252310316982,2.98669604875704e-07,5.23618066912565e-06,"Ab_vs_Mz","Ab higher"
"rsph9",182.928252040023,-5.69566933711106,1.26577855196762,3.1779421720153e-07,5.5529955885527e-06,"Ab_vs_Mz","Mz higher"
"lysmd1",119.47941236061,-7.29284907423878,1.62672850748366,3.30973683859629e-07,5.76941896397037e-06,"Ab_vs_Mz","Mz higher"
"gpr161",31.7906385716806,10.1677721345346,3.24542436072012,3.38572218773312e-07,5.8877546848402e-06,"Ab_vs_Mz","Ab higher"
"eif2b4",270.522242831987,-4.9709366678933,1.08938386726128,3.41547463075852e-07,5.92531863746628e-06,"Ab_vs_Mz","Mz higher"
"supt7l",199.773318239882,-9.99548066485025,3.34048337531752,3.49478070393603e-07,6.04846688974071e-06,"Ab_vs_Mz","Mz higher"
"brms1la",24.4112880304947,-9.68876614651919,3.25117406012039,3.62981738625174e-07,6.26725476975389e-06,"Ab_vs_Mz","Mz higher"
"fmnl3",54.517899433891,10.9436871868191,3.34800862274419,3.65630611575527e-07,6.29803060555095e-06,"Ab_vs_Mz","Ab higher"
"aplp2",64.3098585214159,-8.63263685014802,2.93733814410044,3.86596119758743e-07,6.64342126365556e-06,"Ab_vs_Mz","Mz higher"
"rela",137.057737796484,5.47974955031764,1.23007996092637,3.91314036890134e-07,6.70863616545845e-06,"Ab_vs_Mz","Ab higher"
"invs",52.6189465898473,-10.9173200434261,3.62281320472904,4.12576931377615e-07,7.04690183294622e-06,"Ab_vs_Mz","Mz higher"
"megf6b",227.142960930027,-6.15992034327729,1.39158658955257,4.12983929128503e-07,7.04690183294622e-06,"Ab_vs_Mz","Mz higher"
"atxn10",79.4266613308762,9.48533003716823,2.00614417170131,4.15186456070307e-07,7.05931811070102e-06,"Ab_vs_Mz","Ab higher"
"ddx24",61.3400284495,-9.22886502038875,3.12024190735029,4.15653893435141e-07,7.05931811070102e-06,"Ab_vs_Mz","Mz higher"
"themis2",46.0250016699787,-10.6887314571199,3.56949954472378,4.75024954758979e-07,8.04884940825878e-06,"Ab_vs_Mz","Mz higher"
"ddit4",40.1872939640391,-10.4640911905765,3.50254886300912,4.79439421394165e-07,8.10475617235857e-06,"Ab_vs_Mz","Mz higher"
"map6d1",44.85763068226,6.43379830498283,1.44704056227237,5.06585194219015e-07,8.54377674426454e-06,"Ab_vs_Mz","Ab higher"
"lclat1",28.3995054248687,-9.98630569209605,3.37530644250288,5.43924336772491e-07,9.1522824166649e-06,"Ab_vs_Mz","Mz higher"
"fam113",221.589222037079,-3.89445729989151,0.875191811018282,5.47162460438598e-07,9.185505600296e-06,"Ab_vs_Mz","Mz higher"
"morn5",527.829557830057,7.57895876896561,1.71970827905785,5.65082543818258e-07,9.45069649815966e-06,"Ab_vs_Mz","Ab higher"
"MSMP",143.856917731812,6.41389143677564,1.43692135338343,5.65559633608399e-07,9.45069649815966e-06,"Ab_vs_Mz","Ab higher"
"phkg2",65.4891847041716,-9.21692497161373,3.14920256912468,5.80393906040312e-07,9.67633785093355e-06,"Ab_vs_Mz","Mz higher"
"nudt1",63.4340432617175,-10.9098750858819,3.65556659197025,5.82255137960583e-07,9.68515468612238e-06,"Ab_vs_Mz","Mz higher"
"itgbl1",173.409090782883,-5.135588049488,1.15440700797584,5.94691068073602e-07,9.8694277941256e-06,"Ab_vs_Mz","Mz higher"
"sys1",53.7443393633243,8.01299492526576,2.54211056251349,6.11970677411657e-07,1.01330634489871e-05,"Ab_vs_Mz","Ab higher"
"SUCNR1",258.101452334182,7.04279729777467,1.60182799576536,6.16198608816201e-07,1.01798811079204e-05,"Ab_vs_Mz","Ab higher"
"pkig",95.9175319805231,8.01847705677781,1.84769571994962,6.569420603953e-07,1.08283715125021e-05,"Ab_vs_Mz","Ab higher"
"dnajc3a",374.174891429824,-5.14488560548615,1.16563791508873,6.75946643071656e-07,1.11164166255382e-05,"Ab_vs_Mz","Mz higher"
"si:dkey-44g23.5",43.9255182674255,6.45825908252335,1.43059789542749,6.81411427247465e-07,1.11809924710199e-05,"Ab_vs_Mz","Ab higher"
"sav1",87.6739660161047,-11.3482025235518,3.80536066880862,6.84314786739727e-07,1.12033427585835e-05,"Ab_vs_Mz","Mz higher"
"exorh",48.8651757498883,7.38285977656358,1.65409375125685,7.08884892367855e-07,1.1579515241847e-05,"Ab_vs_Mz","Ab higher"
"arsa",195.387462175876,-12.5978814973515,4.19062616778451,7.14374600723649e-07,1.16430246023771e-05,"Ab_vs_Mz","Mz higher"
"stk25b",60.5467345870501,5.80552096962458,1.33655452403056,7.20092175395262e-07,1.17099553086089e-05,"Ab_vs_Mz","Ab higher"
"psmb3",334.267440796152,5.24729984879352,1.21912337866094,7.22316328822241e-07,1.17199048977877e-05,"Ab_vs_Mz","Ab higher"
"gcc1",39.9892805785208,-10.4592582782409,3.55078846636671,7.49423574400418e-07,1.21326502501484e-05,"Ab_vs_Mz","Mz higher"
"FH",198.446535809657,-4.07947198773716,0.94294538722293,7.6738523849201e-07,1.23958295524409e-05,"Ab_vs_Mz","Mz higher"
"zfyve19",73.5552451621939,-9.35684798111126,3.21498159447308,7.69995684527282e-07,1.24104182501748e-05,"Ab_vs_Mz","Mz higher"
"asb14a",29.0176178042218,-10.0172630362446,3.42429413859135,7.9065039690624e-07,1.27151277325475e-05,"Ab_vs_Mz","Mz higher"
"RAB19",98.9805807537021,5.08547523513249,1.17306547104942,8.21518944359676e-07,1.31823867694271e-05,"Ab_vs_Mz","Ab higher"
"stau1",40.7567392286317,-8.26420567046505,2.87820375497719,8.33280532142607e-07,1.33416656126533e-05,"Ab_vs_Mz","Mz higher"
"irf7",51.4020328596247,-10.7972834389818,3.66985793620275,8.42052897220924e-07,1.34524890327448e-05,"Ab_vs_Mz","Mz higher"
"nr2c2ap",48.4384762534839,-10.1201042414071,3.46425159906652,8.61735808648364e-07,1.37181834900521e-05,"Ab_vs_Mz","Mz higher"
"bag1",466.000671527432,-4.71080644026506,1.07413110798506,8.62458364968196e-07,1.37181834900521e-05,"Ab_vs_Mz","Mz higher"
"agt",40.3265502883284,-4.79899597147741,1.11423919714,8.7243232892597e-07,1.38465296920587e-05,"Ab_vs_Mz","Mz higher"
"tp53bp1",40.3259192840346,4.91460985855169,1.14092183028098,8.97814483843601e-07,1.42183300284513e-05,"Ab_vs_Mz","Ab higher"
"proser1",17.5448923592768,-9.06822098728203,3.1458942150223,9.11357728196194e-07,1.44014333179525e-05,"Ab_vs_Mz","Mz higher"
"nmur3",558.809993782405,7.93575176322944,1.89624331953646,9.2952500136084e-07,1.46343146287544e-05,"Ab_vs_Mz","Ab higher"
"nr1h5",136.751946737199,-4.22976617008154,0.965613272372116,9.30121524072709e-07,1.46343146287544e-05,"Ab_vs_Mz","Mz higher"
"znf511",52.8794561471299,-10.8263272517661,3.69073857520716,9.54874117428544e-07,1.49913174073177e-05,"Ab_vs_Mz","Mz higher"
"kl",45.2517675116953,8.51604777005155,1.8595749692279,1.00984301039411e-06,1.5820148367575e-05,"Ab_vs_Mz","Ab higher"
"si:ch211-175m2.5",143.00156213233,5.06064098779228,1.18467829401605,1.02628885817984e-06,1.60432122798048e-05,"Ab_vs_Mz","Ab higher"
"si:dkey-98f17.5",66.2705200110258,-9.58162232583789,3.32154700630815,1.07145087111335e-06,1.67132540388905e-05,"Ab_vs_Mz","Mz higher"
"DISP3",53.5118506924109,6.75159813391655,1.60949916411406,1.10303205577359e-06,1.71690364313024e-05,"Ab_vs_Mz","Ab higher"
"KCTD15",91.2624764768834,6.22123086540551,1.46887479559066,1.15228813397044e-06,1.78973983885281e-05,"Ab_vs_Mz","Ab higher"
"kbtbd3",170.671727338767,11.7370646731558,3.65336999883559,1.17803145914001e-06,1.82582317195921e-05,"Ab_vs_Mz","Ab higher"
"ppwd1",214.646075048406,-4.51837964648271,1.0772457527141,1.20903462973819e-06,1.86988781352487e-05,"Ab_vs_Mz","Mz higher"
"zgc:113425",81.8333763747058,9.51624241318788,2.12873739690872,1.21352184497001e-06,1.87284294927538e-05,"Ab_vs_Mz","Ab higher"
"nipsnap3a",26.0404230707555,-9.1387762124228,3.19604942662071,1.24555096639123e-06,1.91820126582582e-05,"Ab_vs_Mz","Mz higher"
"zgc:56622",185.36739270132,5.38048842110717,1.27607052031229,1.26206459505228e-06,1.93952379311522e-05,"Ab_vs_Mz","Ab higher"
"camk1a",41.1003520784251,8.40478618667337,1.87586126189198,1.2745120842684e-06,1.95452074695084e-05,"Ab_vs_Mz","Ab higher"
"foxn4",31.5740136755337,10.343150435705,3.44275114027027,1.31160748897027e-06,2.00717364996313e-05,"Ab_vs_Mz","Ab higher"
"fth1b",28.0732715303084,-9.49216667541928,3.31375203662275,1.33525054092935e-06,2.03906222311249e-05,"Ab_vs_Mz","Mz higher"
"eif2b1",63.7423502381356,-9.69129322752853,3.37923799282693,1.36277939308242e-06,2.07673866002434e-05,"Ab_vs_Mz","Mz higher"
"ndufb7",187.021354667774,-6.17467390711382,1.48462983005185,1.40314170732233e-06,2.13377344571674e-05,"Ab_vs_Mz","Mz higher"
"ints14",363.324233876453,5.06890719171115,1.21166901657816,1.40983443119451e-06,2.13947525685864e-05,"Ab_vs_Mz","Ab higher"
"spata22",45.2347049690679,10.9246219826672,3.62065554587536,1.42585347729177e-06,2.15927685967372e-05,"Ab_vs_Mz","Ab higher"
"AANAT",28.9420651847651,-9.89867478381079,3.45731861886717,1.47519074717967e-06,2.22934751377319e-05,"Ab_vs_Mz","Mz higher"
"ncf2",215.341535210633,-5.32190732136402,1.26416495079405,1.48150016422672e-06,2.23423748833279e-05,"Ab_vs_Mz","Mz higher"
"zgc:172182",1380.22772345217,6.31925336652174,1.53307710297817,1.50289578743544e-06,2.26181148630811e-05,"Ab_vs_Mz","Ab higher"
"glb1l",51.0363645375383,-3.87393730585862,0.908778532841756,1.54014558216295e-06,2.3130822803187e-05,"Ab_vs_Mz","Mz higher"
"si:ch1073-280e3.1",116.146266146725,-4.91101139447552,1.18278105232296,1.5731462769002e-06,2.35777325500775e-05,"Ab_vs_Mz","Mz higher"
"mrpl13",101.683805580095,-5.46061828306589,1.31890513301579,1.6045628315696e-06,2.39991095116861e-05,"Ab_vs_Mz","Mz higher"
"lrrk2",552.984024104326,-7.00611025684706,1.73846817173327,1.61981706175682e-06,2.41775158560787e-05,"Ab_vs_Mz","Mz higher"
"cplx4a",68.1147032626267,-9.22058146401769,3.24976423084675,1.67647749206457e-06,2.49602770032955e-05,"Ab_vs_Mz","Mz higher"
"uckl1b",34.8165423105369,5.75268999014992,1.36667660555505,1.67912717768764e-06,2.49602770032955e-05,"Ab_vs_Mz","Ab higher"
"bdh1",44.7910244119945,5.28029634823417,1.26892221752427,1.69087136779469e-06,2.50835591275503e-05,"Ab_vs_Mz","Ab higher"
"NT5E",191.3324962586,-3.96915550848799,0.930700502324661,1.70163940022804e-06,2.51918875768994e-05,"Ab_vs_Mz","Mz higher"
"zgc:158403",103.514531536783,-4.94052499297903,1.19063241840752,1.70654549907928e-06,2.52131691723725e-05,"Ab_vs_Mz","Mz higher"
"ergic1",85.3643270627433,6.24583001508844,1.53706202569351,1.71086884332811e-06,2.52257720530467e-05,"Ab_vs_Mz","Ab higher"
"chd4a",79.8094439648782,4.22711620992462,1.00507890160971,1.7553511804412e-06,2.58292464182735e-05,"Ab_vs_Mz","Ab higher"
"srprb",94.0438613127258,5.13247743652375,1.21806795266091,1.82537855936573e-06,2.68054075717768e-05,"Ab_vs_Mz","Ab higher"
"gatb",50.9236266276268,7.39001765869152,1.74970758128803,1.84107372943708e-06,2.6981380925964e-05,"Ab_vs_Mz","Ab higher"
"SHC3",28.5725907460754,-9.88147204869296,3.47874362889373,1.85197495306272e-06,2.69969828884826e-05,"Ab_vs_Mz","Mz higher"
"ankrd40",27.1058901852172,6.83778112046155,1.61097762558351,1.85328029458699e-06,2.69969828884826e-05,"Ab_vs_Mz","Ab higher"
"plekhd1",68.1197810026816,6.74029823028534,1.64269893761257,1.84965240355772e-06,2.69969828884826e-05,"Ab_vs_Mz","Ab higher"
"uhrf1bp1",126.720396769075,-5.1807144851957,1.25267156381142,1.90077713760848e-06,2.76334980265521e-05,"Ab_vs_Mz","Mz higher"
"flr",57.8161209744062,-9.38481897898231,3.32257902784017,1.9233471856925e-06,2.79058097660654e-05,"Ab_vs_Mz","Mz higher"
"henmt1",199.843205763913,-6.59403076280134,1.63009218691992,1.9365331839239e-06,2.80200761082401e-05,"Ab_vs_Mz","Mz higher"
"fbxl5",63.3537276440772,5.85800670008972,1.41673337109642,1.93893221659716e-06,2.80200761082401e-05,"Ab_vs_Mz","Ab higher"
"srpra",565.023145992398,-4.55090203125221,1.08549484613417,1.99231337486117e-06,2.87343768290989e-05,"Ab_vs_Mz","Mz higher"
"dhrs12",112.373374227755,7.63957516334586,1.87756879192408,2.02102313184208e-06,2.90332354651385e-05,"Ab_vs_Mz","Ab higher"
"snx3",84.8592762865505,-4.45868235787344,1.06987611728872,2.02079569781048e-06,2.90332354651385e-05,"Ab_vs_Mz","Mz higher"
"pard3ab",23.4472212510966,-9.52001073698983,3.37369584984362,2.04281577062132e-06,2.92884178237601e-05,"Ab_vs_Mz","Mz higher"
"ppil4",25.8711720204878,7.80464571795978,1.73651310205857,2.06016938854709e-06,2.94790773333638e-05,"Ab_vs_Mz","Ab higher"
"tbl1x",266.476149758846,-6.46521915883608,1.60689510394982,2.06543988934902e-06,2.94964293824716e-05,"Ab_vs_Mz","Mz higher"
"FAR2",95.7773526112678,-4.56761727591581,1.10364858817511,2.08511106888418e-06,2.9718965411214e-05,"Ab_vs_Mz","Mz higher"
"aldh1l1",49.6274051569414,-10.5808188570961,3.72485026278299,2.18994922765464e-06,3.10912908902766e-05,"Ab_vs_Mz","Mz higher"
"ptpn2b",65.6549628375111,5.84008792291438,1.43113983435212,2.18680825420907e-06,3.10912908902766e-05,"Ab_vs_Mz","Ab higher"
"psen1",156.435676143955,-4.88636637043564,1.17470244082468,2.22709988880435e-06,3.15570937460406e-05,"Ab_vs_Mz","Mz higher"
"tcta",32.876990603028,6.3933814875096,1.53175515252882,2.29291129774024e-06,3.24264051036456e-05,"Ab_vs_Mz","Ab higher"
"psen2",118.669905720513,5.14910899876337,1.25373369406716,2.34511538580921e-06,3.31002791057226e-05,"Ab_vs_Mz","Ab higher"
"fam78ba",41.0846270477925,8.29759626118158,2.75097245332749,2.35438860816246e-06,3.31667651021955e-05,"Ab_vs_Mz","Ab higher"
"bin3",312.831166655314,7.82147409567977,1.7957635757128,2.4633220532668e-06,3.46342127760084e-05,"Ab_vs_Mz","Ab higher"
"dnmt3ba",45.4611962204311,-10.4954276498596,3.72069638860431,2.49125344445457e-06,3.495930750529e-05,"Ab_vs_Mz","Mz higher"
"hddc3",27.2183746436978,5.91210589350727,1.38917645605045,2.50378105244077e-06,3.50674074570172e-05,"Ab_vs_Mz","Ab higher"
"notch3",62.2369819883805,-4.59430593041704,1.10414525078463,2.52622279127069e-06,3.53136797495128e-05,"Ab_vs_Mz","Mz higher"
"fen1",35.1633448870037,-10.1201398328426,3.60307332282396,2.65262754250272e-06,3.7009500204323e-05,"Ab_vs_Mz","Mz higher"
"qrich1",158.586116335889,-5.09583016222337,1.28339229323666,2.67014280146549e-06,3.71825057928211e-05,"Ab_vs_Mz","Mz higher"
"hddc2",26.8955393712177,10.0266986712086,3.43274655999055,2.68472867506498e-06,3.73141352563046e-05,"Ab_vs_Mz","Ab higher"
"rbm34",1691.66673733657,5.90701466674991,1.41192454840125,2.80218537169922e-06,3.88723005093161e-05,"Ab_vs_Mz","Ab higher"
"stk38a",44.896977319504,-9.038637186658,3.26157853325215,3.07371022474415e-06,4.25577135688862e-05,"Ab_vs_Mz","Mz higher"
"mitd1",51.4275288799612,8.7393426864078,2.06178391035541,3.22311953386575e-06,4.45415511248482e-05,"Ab_vs_Mz","Ab higher"
"scrn3",42.8640969527731,5.10500861896807,1.27906736401167,3.24268679228898e-06,4.47269265524641e-05,"Ab_vs_Mz","Ab higher"
"gpkow",469.209945420573,-3.35815576625676,0.823067664603475,3.28024243419981e-06,4.51592466935576e-05,"Ab_vs_Mz","Mz higher"
"PTCHD3",27.7288979493318,-9.79283740932934,3.53085819456312,3.33350436255202e-06,4.58057527625532e-05,"Ab_vs_Mz","Mz higher"
"tmem129",17.9526442142719,9.24709136878852,3.17496140456857,3.37318717557143e-06,4.62635803381674e-05,"Ab_vs_Mz","Ab higher"
"ltk",26.1083077285138,-9.47077028981609,3.42519294966462,3.48483517410089e-06,4.770483404998e-05,"Ab_vs_Mz","Mz higher"
"vps26b",102.948567430381,-4.4827625012943,1.11644946868324,3.53482752864264e-06,4.82982355370364e-05,"Ab_vs_Mz","Mz higher"
"pgpep1l",151.534496690562,-8.12630143670972,2.97265575233398,3.62296870146765e-06,4.94096800956255e-05,"Ab_vs_Mz","Mz higher"
"si:ch211-198n5.11",105.040245374827,7.46490257518723,1.74037546672815,3.6418899213649e-06,4.95747150531862e-05,"Ab_vs_Mz","Ab higher"
"med29",26.7194822473918,5.66429115698499,1.41016638542416,3.69417245179974e-06,5.01924103778175e-05,"Ab_vs_Mz","Ab higher"
"sema4ba",23.5996366361539,6.10028383383386,1.43925844504114,3.70185902514169e-06,5.02030098017816e-05,"Ab_vs_Mz","Ab higher"
"mipep",104.008801288503,-5.52634986737614,1.39735784556452,3.75287469059028e-06,5.0800085895532e-05,"Ab_vs_Mz","Mz higher"
"hspd1",195.643543383104,5.25824439612436,1.32396709199497,3.80249590265168e-06,5.13761017032994e-05,"Ab_vs_Mz","Ab higher"
"mtap",25.2992285031461,-8.89211975748989,3.24384499322062,3.88076217260572e-06,5.23362898565324e-05,"Ab_vs_Mz","Mz higher"
"epn2",60.3255676682478,-4.1165527822052,1.01469246722444,3.92633373618933e-06,5.28528146821486e-05,"Ab_vs_Mz","Mz higher"
"engase",42.9242525722689,5.53291911407231,1.38656737080804,3.95726039050942e-06,5.31706576314472e-05,"Ab_vs_Mz","Ab higher"
"deaf1",44.1959431663158,4.80027422914485,1.20549065447099,4.07608365028822e-06,5.46661477010057e-05,"Ab_vs_Mz","Ab higher"
"mettl6",59.6928834266887,7.53753113367118,1.76918201392903,4.11374449147056e-06,5.50696292974209e-05,"Ab_vs_Mz","Ab higher"
"INPP5A",20.3165577649169,-9.23413591458624,3.37602826650944,4.33496682785032e-06,5.79244004993456e-05,"Ab_vs_Mz","Mz higher"
"nfkbiab",525.00610771343,-5.3648605486109,1.375660852159,4.40388789397882e-06,5.87373598189579e-05,"Ab_vs_Mz","Mz higher"
"rpl7",104.051293059486,-9.05410820473759,3.31427247090144,4.55634211183016e-06,6.0659433719585e-05,"Ab_vs_Mz","Mz higher"
"rps28",87.98806779755,-9.03462107008358,3.31336082043787,4.62244158845003e-06,6.14269248746677e-05,"Ab_vs_Mz","Mz higher"
"nhlrc2",25.6725657925642,-9.05709433296874,3.32701070993556,4.75131602418792e-06,6.30242995982153e-05,"Ab_vs_Mz","Mz higher"
"stx18",304.261427561417,-4.37790150250198,1.10894786401767,4.86130380931565e-06,6.43657875954744e-05,"Ab_vs_Mz","Mz higher"
"tmbim1b",57.7851062418053,10.066030263022,3.46669748133527,5.03091535003849e-06,6.64904066898723e-05,"Ab_vs_Mz","Ab higher"
"mrps28",20.7382995349104,8.45645988984157,2.95222199776992,5.10042722557692e-06,6.72867613479467e-05,"Ab_vs_Mz","Ab higher"
"alox12",175.000989059949,-5.8998383594549,1.55597255054841,5.14395528343449e-06,6.77380633247922e-05,"Ab_vs_Mz","Mz higher"
"arpc4",55.1452261476217,6.3447300634569,1.63368916662815,5.15745483988745e-06,6.77930185011607e-05,"Ab_vs_Mz","Ab higher"
"smim8",22.6180407010083,-9.04068668168311,3.33546815023002,5.42824746043629e-06,7.12237017868436e-05,"Ab_vs_Mz","Mz higher"
"zdhhc22",27.7910413881383,-8.32305167577807,3.09929995369032,5.59951506922808e-06,7.33385135823764e-05,"Ab_vs_Mz","Mz higher"
"NIPAL2",21.9480756098431,-8.86041076863599,3.28249340148298,5.64106845075899e-06,7.37498679290775e-05,"Ab_vs_Mz","Mz higher"
"skap1",91.5818283031227,8.37411878781369,2.18939804379082,5.76560974511631e-06,7.52427598514371e-05,"Ab_vs_Mz","Ab higher"
"agbl5",39.0757786099264,-5.62536790603414,1.50637318097557,5.83251433229607e-06,7.59794743395343e-05,"Ab_vs_Mz","Mz higher"
"dnm2b",136.740578222554,-5.24638720198473,1.38865443891435,5.94736806328403e-06,7.73370634204144e-05,"Ab_vs_Mz","Mz higher"
"smdt1b",38.9503647826474,-8.38432002362597,3.12287313427432,6.10179759962504e-06,7.92035120565615e-05,"Ab_vs_Mz","Mz higher"
"f9b",45.3233700607548,-8.50600005677969,3.16791114609561,6.17549230257018e-06,8.00172077493452e-05,"Ab_vs_Mz","Mz higher"
"cfl1",64.0705350559254,-9.10800308095593,3.3776673811445,6.20223548530841e-06,8.00782411060512e-05,"Ab_vs_Mz","Mz higher"
"lxn",44.3086681458463,3.57290848043205,0.905834656414712,6.19742785937143e-06,8.00782411060512e-05,"Ab_vs_Mz","Ab higher"
"zfyve9a",26.8133588957202,6.21695053672332,1.60057560578196,6.34544207096881e-06,8.17819475423268e-05,"Ab_vs_Mz","Ab higher"
"ptp4a1",31.1423884954763,-9.73902172372185,3.61270998658001,6.55388888411061e-06,8.431897044e-05,"Ab_vs_Mz","Mz higher"
"unc13d",23.080999421315,-9.40226197967915,3.50137535602981,6.67526022761451e-06,8.55985411366666e-05,"Ab_vs_Mz","Mz higher"
"gorasp1a",430.312101915848,-5.56202814652001,1.47612215424828,6.67689817368138e-06,8.55985411366666e-05,"Ab_vs_Mz","Mz higher"
"nat10",50.7942924672164,-4.35452284677025,1.10689938250441,6.74136627399202e-06,8.62728722634648e-05,"Ab_vs_Mz","Mz higher"
"cracr2ab",24.2655612930192,9.57630425745162,3.35242214745765,6.83810859670409e-06,8.72038796306e-05,"Ab_vs_Mz","Ab higher"
"tma16",1962.76892079752,-4.74390806395656,1.26416265172297,6.83154016473638e-06,8.72038796306e-05,"Ab_vs_Mz","Mz higher"
"cdk5r1b",89.9552465057772,6.51475795992533,1.69474180450198,7.0108713772629e-06,8.92467865650958e-05,"Ab_vs_Mz","Ab higher"
"pop1",117.557034840442,-5.45203859007509,1.44939262272106,7.02285897857131e-06,8.92467865650958e-05,"Ab_vs_Mz","Mz higher"
"cd3eap",44.8346188727357,3.9930519741727,1.02712152943151,7.06859321673035e-06,8.96712113305635e-05,"Ab_vs_Mz","Ab higher"
"ptpn21",131.795237611408,-5.80537274051299,1.55593697641997,7.12623875132001e-06,9.02449990999045e-05,"Ab_vs_Mz","Mz higher"
"tyr",25.3083921846057,8.1746347226315,2.84106502289619,7.1570394294068e-06,9.04774254127966e-05,"Ab_vs_Mz","Ab higher"
"mydgf",66.1799464910693,4.40998567455676,1.15966975268635,7.20381989912811e-06,9.09107063311844e-05,"Ab_vs_Mz","Ab higher"
"ccdc167",37.4878999102812,5.54869216966713,1.44581962757457,7.2377433883585e-06,9.11805141940692e-05,"Ab_vs_Mz","Ab higher"
"dhx32b",17.3348394237224,-9.02549853133214,3.37859714523282,7.26720187143932e-06,9.13932359922014e-05,"Ab_vs_Mz","Mz higher"
"zgc:172341",41.6635769904665,-10.0675373664548,3.76145777509258,7.64505892359576e-06,9.59791594397541e-05,"Ab_vs_Mz","Mz higher"
"tmub2",165.211960103029,-4.94034922129717,1.30082125237862,7.68773796989959e-06,9.63485643158622e-05,"Ab_vs_Mz","Mz higher"
"vstm2l",15.64697192397,8.8960361626485,3.1810339857938,7.90324658128548e-06,9.88790006873738e-05,"Ab_vs_Mz","Ab higher"
"tesca",16.8442257495799,8.94576435748189,3.18150791639832,7.92039458686555e-06,9.89232787833775e-05,"Ab_vs_Mz","Ab higher"
"etfdh",80.7936573348033,4.3485054092628,1.13350006195956,7.98568220836568e-06,9.95676225945286e-05,"Ab_vs_Mz","Ab higher"
"zgc:112356",79.8429969891854,-5.87604448320962,1.59987981885345,8.50663964624534e-06,0.000105881444500954,"Ab_vs_Mz","Mz higher"
"rnft2",32.1250603774196,-9.84685970048104,3.70647673215385,8.57842742202312e-06,0.000106112975255324,"Ab_vs_Mz","Mz higher"
"wfikkn1",31.1257676427011,-9.80405219826839,3.69200242384991,8.58363316138814e-06,0.000106112975255324,"Ab_vs_Mz","Mz higher"
"ISCU",20.9308879437082,-9.13421734759528,3.4441346415301,8.5493038926592e-06,0.000106112975255324,"Ab_vs_Mz","Mz higher"
"gyg1a",51.7558958799121,-3.12337338519622,0.796709467701918,8.56451175538791e-06,0.000106112975255324,"Ab_vs_Mz","Mz higher"
"cyb561d2",89.6592617910673,-5.38475173867959,1.44346423385654,8.75489416687641e-06,0.000108046393376952,"Ab_vs_Mz","Mz higher"
"RTKN",76.0873569173773,-4.18385221467676,1.10331463474525,8.87874443332431e-06,0.000109389141162431,"Ab_vs_Mz","Mz higher"
"lgals8a",52.2828731413273,-8.95453797360438,3.38224027094864,8.95725720093067e-06,0.000110169716740381,"Ab_vs_Mz","Mz higher"
"dlc1",36.8208167913219,4.28393229843877,1.12631457776108,9.12382304880976e-06,0.000112028834023308,"Ab_vs_Mz","Ab higher"
"prf1.5",15.7323695835317,-8.84611617156787,3.35412679236923,9.34463910632944e-06,0.000114546680714854,"Ab_vs_Mz","Mz higher"
"krt8",239.317318485067,-9.82489450946061,3.70259176861893,9.37509820818927e-06,0.000114726580598195,"Ab_vs_Mz","Mz higher"
"kat2b",18.1247684300117,-8.57527304654768,3.26097618942386,9.58996534653899e-06,0.000117158753115953,"Ab_vs_Mz","Mz higher"
"ABHD5",15.5882350150163,-8.5368605041825,3.24730997348008,9.94283334196907e-06,0.00012126586503821,"Ab_vs_Mz","Mz higher"
"abtb2b",153.526784415862,-4.53606591990847,1.23795182143389,9.96064435928653e-06,0.000121279604434931,"Ab_vs_Mz","Mz higher"
"evplb",19.5360841865742,9.42052291194689,3.42599709142521,1.01100574677008e-05,0.000122892989519593,"Ab_vs_Mz","Ab higher"
"marcksl1a",203.764690493739,-3.68890675482131,0.979615796935424,1.01761759886551e-05,0.000123490189084364,"Ab_vs_Mz","Mz higher"
"wwc3",22.9661192361267,-9.21240014199786,3.50047656803578,1.02364477687756e-05,0.000124014564718716,"Ab_vs_Mz","Mz higher"
"acsbg1",30.7809774268864,10.1318158614388,3.64737862002833,1.04233014474257e-05,0.000125858767809531,"Ab_vs_Mz","Ab higher"
"elmo3",36.2842404697126,7.8083048836476,2.85020636517995,1.04149034141535e-05,0.000125858767809531,"Ab_vs_Mz","Ab higher"
"mibp2",300.446412116976,-9.27878744185818,3.52342084686763,1.08017181908737e-05,0.00013021175709695,"Ab_vs_Mz","Mz higher"
"C14orf28",19.1614889383986,7.68167881329858,2.81173344207017,1.08213486454249e-05,0.000130232422688069,"Ab_vs_Mz","Ab higher"
"idh2",163.136856930811,-4.54781490919131,1.20923023098785,1.08566536190899e-05,0.000130441347367214,"Ab_vs_Mz","Mz higher"
"sccpdha.1",52.1041576945755,4.60391065144798,1.23661663576015,1.10566950023984e-05,0.000132625603914907,"Ab_vs_Mz","Ab higher"
"klhl36",22.490355824709,-9.01782248199116,3.45708673146356,1.19820528435788e-05,0.000143488537265197,"Ab_vs_Mz","Mz higher"
"ephb2b",154.971436347425,4.21950305665159,1.12869427437797,1.20368818876118e-05,0.000143908050067517,"Ab_vs_Mz","Ab higher"
"snf8",82.2572656667192,5.58938639688104,1.4610966502853,1.22016005561823e-05,0.00014542057520937,"Ab_vs_Mz","Ab higher"
"si:dkey-16l2.16",28.9413689759047,-4.13509501102163,1.14766012411108,1.22034049907437e-05,0.00014542057520937,"Ab_vs_Mz","Mz higher"
"dhrs4",15.7909374020366,-8.26803193378052,3.18421376532082,1.23841902036446e-05,0.000147333352848269,"Ab_vs_Mz","Mz higher"
"rpp21",37.6627875813849,-9.77040906487057,3.74583525555055,1.24539972939026e-05,0.000147680434468805,"Ab_vs_Mz","Mz higher"
"git2a",24.4935482596308,-8.16996146787273,3.14841606854267,1.24392318163149e-05,0.000147680434468805,"Ab_vs_Mz","Mz higher"
"arhgef9b",40.7669751534108,5.18971087436099,1.42485239806111,1.2606983895849e-05,0.000149251084591085,"Ab_vs_Mz","Ab higher"
"ppp1r3da",20.8907013554374,-7.92493762918605,3.06103238378411,1.2858878280125e-05,0.000151985668647526,"Ab_vs_Mz","Mz higher"
"wasf3b",38.9771197539775,4.03666988518463,1.0824658894349,1.29043527526107e-05,0.000152275552205726,"Ab_vs_Mz","Ab higher"
"ndufa3",50.6106234264304,8.45010706753898,2.2115296953778,1.29951849024555e-05,0.000153098863948053,"Ab_vs_Mz","Ab higher"
"zgc:175088",131.315410790666,5.19477243473543,1.41805296405845,1.30879751172332e-05,0.000153640836684231,"Ab_vs_Mz","Ab higher"
"ano8a",92.381727104517,-4.63213111094894,1.27042840858664,1.31045974335154e-05,0.000153640836684231,"Ab_vs_Mz","Mz higher"
"fermt3b",74.5989703649312,-4.49549478180512,1.2310489822625,1.30712848099316e-05,0.000153640836684231,"Ab_vs_Mz","Mz higher"
"btbd6b",73.8138014202888,3.64508616300786,0.982082322265836,1.3710546543932e-05,0.000160486252540808,"Ab_vs_Mz","Ab higher"
"mettl13",19.5512009010056,-9.10180529695493,3.52318591503539,1.39302649927699e-05,0.000162795974650232,"Ab_vs_Mz","Mz higher"
"rps14",488.03888829204,-10.0082669213939,3.85348120887483,1.40559776853754e-05,0.000164001447504003,"Ab_vs_Mz","Mz higher"
"si:dkey-76k16.6",171.61395042381,4.41387675452275,1.19660930747203,1.42024497703923e-05,0.000165444883623368,"Ab_vs_Mz","Ab higher"
"rdh14b",23.0871343453628,-9.21115518221979,3.56173428376843,1.42653045128869e-05,0.00016591119760668,"Ab_vs_Mz","Mz higher"
"aamdc",132.669126144214,-2.67420979717621,0.701220035529712,1.43919463774009e-05,0.000167116706417455,"Ab_vs_Mz","Mz higher"
"atp6v0cb",326.201515889667,-7.17734590749121,2.79169379885997,1.45183535991874e-05,0.000168315649621201,"Ab_vs_Mz","Mz higher"
"si:ch211-129c21.1",12.3394182235117,7.01393010658073,2.58226649145547,1.46864048191227e-05,0.000169722538362802,"Ab_vs_Mz","Ab higher"
"ddx31",24.2791714043989,6.72657278028769,1.77776886327499,1.46840885273108e-05,0.000169722538362802,"Ab_vs_Mz","Ab higher"
"tgm2b",27.5941343200991,7.55873078168519,1.96627235890496,1.47395116632167e-05,0.000169796371283553,"Ab_vs_Mz","Ab higher"
"GMFG",28.7653977144,4.37675621044453,1.19342566676395,1.47269599980586e-05,0.000169796371283553,"Ab_vs_Mz","Ab higher"
"wdr61",83.5807749603101,-5.00850076243633,1.3872667174024,1.496013175136e-05,0.000172065186235183,"Ab_vs_Mz","Mz higher"
"rps8a",307.249749270014,-9.10382680557842,3.53612461825348,1.54170921046903e-05,0.000177040825448647,"Ab_vs_Mz","Mz higher"
"sept15",20.9171081205089,-7.71871787823639,3.01654759692639,1.60559999773212e-05,0.000184086851474996,"Ab_vs_Mz","Mz higher"
"ccdc153",41.5109791614599,8.23485425532887,3.04928095271389,1.61932352203092e-05,0.000185367916246342,"Ab_vs_Mz","Ab higher"
"ctns",96.2522549384118,-3.27754954977505,0.889316714872625,1.62561201598322e-05,0.00018579518465695,"Ab_vs_Mz","Mz higher"
"sumo2b",30.2751536210874,6.96275489586133,1.7936938577938,1.63250730711751e-05,0.000186290355030411,"Ab_vs_Mz","Ab higher"
"rpl35a",81.9176395041418,-8.53610215730926,3.33665149833598,1.72257506115178e-05,0.000196260158613046,"Ab_vs_Mz","Mz higher"
"tspan33b",13.917511919558,8.3141735691643,3.05110911252813,1.7300254668112e-05,0.000196493048722666,"Ab_vs_Mz","Ab higher"
"gnao1b",40.5713525563067,4.81985124267065,1.34781404192533,1.72825531546224e-05,0.000196493048722666,"Ab_vs_Mz","Ab higher"
"aqp10b",30.6910897442082,-7.98463125688088,3.13411514360617,1.75266703586982e-05,0.000198754082429606,"Ab_vs_Mz","Mz higher"
"plpp3",33.476925655368,-9.1202908503894,3.56134748996764,1.75627422541931e-05,0.000198852918139766,"Ab_vs_Mz","Mz higher"
"ankzf1",241.613888997621,-4.90828909456658,1.38626152213636,1.76381703750125e-05,0.000199396361517832,"Ab_vs_Mz","Mz higher"
"hmgb1a",122.966451589467,-8.13251303084644,3.18862338382198,1.78554904789519e-05,0.000201539689893635,"Ab_vs_Mz","Mz higher"
"si:dkey-256h2.1",166.92706989564,7.84460725236096,2.2852187879768,1.79934436345074e-05,0.000202781925239123,"Ab_vs_Mz","Ab higher"
"sh3bp5la",17.0098926763475,4.84241172313584,1.32094621577693,1.83644738442676e-05,0.000206642972715141,"Ab_vs_Mz","Ab higher"
"bmb",13.3505177102705,8.67167118964544,3.24212991889714,1.84301535883273e-05,0.000207061493714916,"Ab_vs_Mz","Ab higher"
"golgb1",28.9400613820608,-4.16317697309796,1.14865552435754,1.85374659932966e-05,0.000207945741211842,"Ab_vs_Mz","Mz higher"
"sipa1l3",66.6711488307401,-3.79402096500681,1.04131943595504,1.86150710150261e-05,0.000208494531907897,"Ab_vs_Mz","Mz higher"
"rbp3",61.1892454664479,-7.25175318820185,2.85873839744229,1.87826283753577e-05,0.000210047577939193,"Ab_vs_Mz","Mz higher"
"tmco3",19.1116651932,7.77444685885711,2.93513432027933,2.03558385040483e-05,0.00022729122901064,"Ab_vs_Mz","Ab higher"
"rtel1",13.3978801845343,8.69260703160079,3.27727746308243,2.14638299481301e-05,0.000238928912546643,"Ab_vs_Mz","Ab higher"
"acp5b",14.9084485192035,8.69012042573416,3.25363571155853,2.14450267167175e-05,0.000238928912546643,"Ab_vs_Mz","Ab higher"
"dolpp1",17.6963472144454,7.10291828866004,1.84296087945145,2.19610451331853e-05,0.000244089964943614,"Ab_vs_Mz","Ab higher"
"rrp12",68.1500968030163,5.6013622665591,1.61812316967805,2.21419425091609e-05,0.000245724855113115,"Ab_vs_Mz","Ab higher"
"vps36",16.2898178710301,-8.55698478297709,3.39622595584178,2.22025166822487e-05,0.000246021484395223,"Ab_vs_Mz","Mz higher"
"sgce",51.2289492671009,-4.39371871008911,1.24001903143242,2.27826773677784e-05,0.000252065877909256,"Ab_vs_Mz","Mz higher"
"sowahca",21.33631553586,7.39102092105048,1.95128668385544,2.31655971374113e-05,0.000255912956826509,"Ab_vs_Mz","Ab higher"
"ATP1A1",65.3191157000917,-7.62317206327863,3.03617620113602,2.3346636509437e-05,0.000257521548994079,"Ab_vs_Mz","Mz higher"
"slc25a24",49.3905631886671,4.09820478271985,1.16520370701302,2.35544496815306e-05,0.000259420143537948,"Ab_vs_Mz","Ab higher"
"clcf1",25.5695585750663,5.32634792257594,1.52838699840367,2.36818615451328e-05,0.000260428822347307,"Ab_vs_Mz","Ab higher"
"fn1b",358.4599171979,-5.794030264353,1.71998861066598,2.39381583250487e-05,0.000262849656895437,"Ab_vs_Mz","Mz higher"
"sdr39u1",20.9169858596936,9.18910606864273,3.43464346340433,2.40243273263795e-05,0.00026300125803532,"Ab_vs_Mz","Ab higher"
"snx13",29.5257086211022,4.79828911040662,1.36809944771171,2.40003193802521e-05,0.00026300125803532,"Ab_vs_Mz","Ab higher"
"pno1",473.119221675994,4.68617427793614,1.33327301383619,2.41029124453892e-05,0.00026346476776772,"Ab_vs_Mz","Ab higher"
"RPL19",115.630431106967,-8.3759412955829,3.33928137769695,2.51865824457196e-05,0.000274896798495399,"Ab_vs_Mz","Mz higher"
"wipf3",35.8514285793273,-9.74423329069145,3.90687957390999,2.55133649083779e-05,0.000278045951302847,"Ab_vs_Mz","Mz higher"
"capn1b",99.9552596212431,6.81401728165016,2.59204694614673,2.59724144438078e-05,0.000282624970946166,"Ab_vs_Mz","Ab higher"
"brd7",39.6247568338811,5.99219126385865,1.6610774768183,2.66070265910799e-05,0.000288666382523223,"Ab_vs_Mz","Ab higher"
"gosr2",104.9490773767,-4.94548254205751,1.45105281012508,2.65893342558281e-05,0.000288666382523223,"Ab_vs_Mz","Mz higher"
"slc25a1a",61.3029619945499,-5.11389669506348,1.50582359540146,2.7150195530981e-05,0.000294120374537557,"Ab_vs_Mz","Mz higher"
"abcg2d",46.2090499933105,6.44699132958412,1.89528736584833,2.74350001081032e-05,0.000296322460305798,"Ab_vs_Mz","Ab higher"
"si:ch211-191d15.2",185.423945820122,5.0167583142251,1.39064884083696,2.74131261009214e-05,0.000296322460305798,"Ab_vs_Mz","Ab higher"
"slc35a1",108.319415375565,-3.16566290206602,0.871815207898235,2.76706403425707e-05,0.000298424161201997,"Ab_vs_Mz","Mz higher"
"acaa2",24.3723462043917,-9.10512675553228,3.66667163002914,2.78712733720063e-05,0.000300142646134984,"Ab_vs_Mz","Mz higher"
"eif4bb",55.1887573898726,-7.25826064327763,2.92038040408169,2.80559154184925e-05,0.000301684096415713,"Ab_vs_Mz","Mz higher"
"bcap29",63.2364554572528,-4.71288725677292,1.3604317072247,2.88209853219746e-05,0.000309453090554554,"Ab_vs_Mz","Mz higher"
"styk1b",63.1577968848732,-3.83612740772523,1.11165822584933,2.91169241532545e-05,0.000312169500988211,"Ab_vs_Mz","Mz higher"
"trap1",23.0786705949285,-8.2903999608426,3.3432856273648,2.92425899183595e-05,0.000313055060554574,"Ab_vs_Mz","Mz higher"
"exd2",34.4854702117204,7.94225455237095,2.19585269855875,2.93979808983227e-05,0.000314255769338099,"Ab_vs_Mz","Ab higher"
"cbx5",22.7541511846955,-7.24661784913881,2.92720774698655,3.00474022600553e-05,0.000320726236458652,"Ab_vs_Mz","Mz higher"
"vat1",147.166988014645,-8.04792547835665,3.25829993413082,3.16413247028752e-05,0.000337244559039882,"Ab_vs_Mz","Mz higher"
"si:ch211-107o10.3",13.7329980093266,7.63427003300878,2.92476989889113,3.2296379763923e-05,0.000343722378483098,"Ab_vs_Mz","Ab higher"
"armc9",14.1301321773213,-8.47054718365314,3.4462144334293,3.29789987442411e-05,0.000350474184023229,"Ab_vs_Mz","Mz higher"
"si:dkey-4e7.3",80.0795851905871,-4.40618465498363,1.29315492341975,3.30749987759536e-05,0.000350981264383075,"Ab_vs_Mz","Mz higher"
"ERG28",294.66673296969,-4.91009893470728,1.46940188122611,3.39159235750059e-05,0.000359380245578306,"Ab_vs_Mz","Mz higher"
"tmtops2b",36.1281369774262,4.40259619034783,1.28294302800213,3.42474846533795e-05,0.000362365307053007,"Ab_vs_Mz","Ab higher"
"klf9",216.688095794755,-4.44746982898405,1.30966706942114,3.51788319383752e-05,0.000371678676395421,"Ab_vs_Mz","Mz higher"
"rpl11",624.768038616774,-5.4063908248992,1.64101386193595,3.54830798104406e-05,0.000374349066969656,"Ab_vs_Mz","Mz higher"
"cnga1b",91.9325979198541,-9.18143370606271,3.7652926317262,3.5844877138e-05,0.000377419286104662,"Ab_vs_Mz","Mz higher"
"camkk1a",11.0574377195036,-8.07946791531018,3.30235151307183,3.58779373639182e-05,0.000377419286104662,"Ab_vs_Mz","Mz higher"
"trim3b",20.2077222015436,4.90171775538254,1.41065954613282,3.66790110109611e-05,0.000385288628668607,"Ab_vs_Mz","Ab higher"
"sharpin",80.1438134152767,-3.49225241478054,1.01193597438387,3.68965341071862e-05,0.000387014294985767,"Ab_vs_Mz","Mz higher"
"xk",32.9665250549606,-9.49288014510311,3.90780875023488,3.70406649187796e-05,0.000387966272758802,"Ab_vs_Mz","Mz higher"
"tbck",19.2435931665785,7.20068882664259,1.97352431535976,3.78038564691197e-05,0.000394942589012052,"Ab_vs_Mz","Ab higher"
"fam222ba",80.7945205806883,-5.52874125429314,1.7052228977164,3.78153861538572e-05,0.000394942589012052,"Ab_vs_Mz","Mz higher"
"cdkn2aip",18.3155386811192,-7.53865617363072,3.08769884273059,3.80290615927481e-05,0.000396604374056938,"Ab_vs_Mz","Mz higher"
"si:ch211-15p9.2",84.7605043984899,-3.26981072008173,0.940768612065907,3.83746154250506e-05,0.000399634784419331,"Ab_vs_Mz","Mz higher"
"guk1b",82.3944502608134,5.32274609850896,1.60171898361699,3.8688951350969e-05,0.000402331884649776,"Ab_vs_Mz","Ab higher"
"kctd9a",21.9301041371654,5.62916494187958,1.64162205309106,3.88578968132549e-05,0.000403511502765071,"Ab_vs_Mz","Ab higher"
"pgrmc1",18.042191832386,-7.15668920042673,2.94034665315336,4.1002285767875e-05,0.000425172061692843,"Ab_vs_Mz","Mz higher"
"mob1bb",31.3233365665945,-7.1717877065081,2.95673394684099,4.30417221517739e-05,0.00044568415715277,"Ab_vs_Mz","Mz higher"
"rps4x",492.643621458072,-5.89902492152961,1.81941012979695,4.33117931527827e-05,0.000447842709000821,"Ab_vs_Mz","Mz higher"
"cyp51",95.3832194833827,-4.77792996484892,1.46303577383882,4.38837357171965e-05,0.000453112038250428,"Ab_vs_Mz","Mz higher"
"si:dkey-23o4.6",35.7316114388173,-7.03125715761741,2.90195812444211,4.40719505852382e-05,0.000453124482042569,"Ab_vs_Mz","Mz higher"
"FAM53C",21.8191512262968,5.21358620832311,1.47828891228493,4.40640609414582e-05,0.000453124482042569,"Ab_vs_Mz","Ab higher"
"lsm5",272.400484773412,4.60211921492463,1.36278118476268,4.39697242549694e-05,0.000453124482042569,"Ab_vs_Mz","Ab higher"
"elovl5",14.3480997711219,-7.12559832874977,2.93996116559922,4.42985440811311e-05,0.00045481089961263,"Ab_vs_Mz","Mz higher"
"cars2",932.223013768472,-3.44127435121579,1.02405963303353,4.49202682703795e-05,0.000460543624904639,"Ab_vs_Mz","Mz higher"
"sdr42e2",124.03454218076,4.86888621635395,1.32816009025572,4.56279236582605e-05,0.000467139967706896,"Ab_vs_Mz","Ab higher"
"htr2b",108.930382811852,7.03725985083872,2.74554069304195,4.60454406215921e-05,0.000470751487873914,"Ab_vs_Mz","Ab higher"
"phf6",13.9484877271182,5.10647207302588,1.48891767289299,4.6956118872483e-05,0.000479387679893369,"Ab_vs_Mz","Ab higher"
"PRKAB2",16.1288478725395,6.03687164136963,1.74915919279725,4.7464245627466e-05,0.000483895654230085,"Ab_vs_Mz","Ab higher"
"cxcr5",97.6903324125563,-4.15645041686324,1.25836124948506,4.76265817395096e-05,0.000484192479251042,"Ab_vs_Mz","Mz higher"
"ccnh",148.062492233112,-2.93723183243084,0.855810534047873,4.75872075917181e-05,0.000484192479251042,"Ab_vs_Mz","Mz higher"
"zfand5a",17.9721807057286,-7.1528177101504,2.970580329681,4.89797166832039e-05,0.000497253576215376,"Ab_vs_Mz","Mz higher"
"fam124b",1246.00583325995,-4.28788301348233,1.3345397131683,5.00498676912255e-05,0.000507409328099746,"Ab_vs_Mz","Mz higher"
"rpap2",11.0793951213891,-8.02410348627699,3.3608054416103,5.0834077713077e-05,0.000514641937181555,"Ab_vs_Mz","Mz higher"
"rps9",187.050332521037,-8.73310328255857,3.66541871730525,5.24254309470379e-05,0.000530014544581389,"Ab_vs_Mz","Mz higher"
"RAP1GDS1",20.6316048465976,5.6670677474345,1.65886087240766,5.31031973933015e-05,0.000536121030349873,"Ab_vs_Mz","Ab higher"
"tepsin",45.9262538969796,-7.66579845630061,3.2105175928862,5.41668553913385e-05,0.000546101070512676,"Ab_vs_Mz","Mz higher"
"pla2g1b",12.4892922291401,-7.77033263074072,3.27295754709452,5.684678139059e-05,0.000572325836465649,"Ab_vs_Mz","Mz higher"
"dnajc19",62.2302527836434,5.84100740868644,1.8451549187324,5.73154601731225e-05,0.000576246307051767,"Ab_vs_Mz","Ab higher"
"ergic2",43.3016733915861,4.47833618504969,1.39080413729638,5.81794765823419e-05,0.000584125159222436,"Ab_vs_Mz","Ab higher"
"mzt2b",13.3429589895897,-8.32425175558161,3.5288600093412,5.88355969863065e-05,0.000589273518453118,"Ab_vs_Mz","Mz higher"
"bnip1b",27.7840113317645,-7.63247650517128,3.21955354122248,5.88543918554084e-05,0.000589273518453118,"Ab_vs_Mz","Mz higher"
"cbr1",21.9128584184727,-7.05253895154366,2.96696310461406,5.94092734101846e-05,0.000593918972934,"Ab_vs_Mz","Mz higher"
"si:ch211-165b10.3",213.828456281362,-3.79497273243358,1.17706149489798,5.94817735996632e-05,0.000593918972934,"Ab_vs_Mz","Mz higher"
"ube2f",14.3943230365898,8.4171877091961,3.36787001729141,5.96722301886549e-05,0.000595003348753543,"Ab_vs_Mz","Ab higher"
"nf2b",12.2781304107075,-7.62149119393641,3.21806008316718,6.04547834358598e-05,0.000601980576431869,"Ab_vs_Mz","Mz higher"
"coasy",220.087414152186,-4.33387800896527,1.34124069257645,6.08164656086403e-05,0.000604753609451719,"Ab_vs_Mz","Mz higher"
"rplp1",205.894866437995,-8.92461596305699,3.79794496079367,6.126136340754e-05,0.000608345424329793,"Ab_vs_Mz","Mz higher"
"opn3",17.8387375408735,-8.68455461062202,3.70399040311895,6.13529379255486e-05,0.000608423609523619,"Ab_vs_Mz","Mz higher"
"cog1",19.7460156376167,4.95951741516108,1.51865226137095,6.17909785859798e-05,0.000611932729348075,"Ab_vs_Mz","Ab higher"
"cox4i1",50.8647762747886,-7.02636336265753,2.95911025209637,6.23642462143933e-05,0.000616769667663163,"Ab_vs_Mz","Mz higher"
"scarb2c",10.8660575757682,-7.48612022343424,3.17420387534377,6.37410289161155e-05,0.000629078995588287,"Ab_vs_Mz","Mz higher"
"ankrd11",31.0365345938203,-6.63466021882639,2.7927209627736,6.37819809806806e-05,0.000629078995588287,"Ab_vs_Mz","Mz higher"
"slc33a1",132.146587072943,-6.90185327688011,2.91820396875722,6.48450279099674e-05,0.000638697165145736,"Ab_vs_Mz","Mz higher"
"gdi2",22.9338318116912,-6.97480153131922,2.9541975743202,6.62075923458952e-05,0.000651235438108677,"Ab_vs_Mz","Mz higher"
"si:ch211-166a6.5",27.9481302389223,7.3005908245363,2.1937867631429,6.66318693305524e-05,0.000654523051572683,"Ab_vs_Mz","Ab higher"
"ubxn1",75.3603820729411,3.71131002532165,1.13429687956579,6.84899890159979e-05,0.000671867382128595,"Ab_vs_Mz","Ab higher"
"si:dkeyp-97e7.9",20.3605189346825,6.86067098498622,2.04237022975496,6.9392080793768e-05,0.000679799238935175,"Ab_vs_Mz","Ab higher"
"tjp2a",143.931785223299,-4.26067161790304,1.3282987779206,6.94869819677603e-05,0.000679812748214871,"Ab_vs_Mz","Mz higher"
"acox1",12.9613611761822,-7.95135366518306,3.40567273585053,6.97423376768218e-05,0.000681393887866691,"Ab_vs_Mz","Mz higher"
"pkmb",12.9053957649409,7.06865293526586,2.88200876968803,7.07457101585506e-05,0.000690269217640946,"Ab_vs_Mz","Ab higher"
"polr1e",255.48875560328,-2.96761545268096,0.896075140537826,7.08888262428724e-05,0.000690738442304879,"Ab_vs_Mz","Mz higher"
"kcnn4",183.345913769472,-2.73666582554817,0.813357211631871,7.13613883447669e-05,0.000694412224736427,"Ab_vs_Mz","Mz higher"
"opn1sw2",21.8582950903069,7.94699583994495,3.22303314680828,7.21566298389572e-05,0.000701211954945695,"Ab_vs_Mz","Ab higher"
"mettl5",570.88504791555,3.38904712937039,1.06470172879964,7.41868108306677e-05,0.000719978541960111,"Ab_vs_Mz","Ab higher"
"nnt2",35.3708597457425,-4.48597197499744,1.4522950755481,7.43087256119253e-05,0.00072020016863078,"Ab_vs_Mz","Mz higher"
"ap1s2",52.8297879740104,-3.69052218278856,1.13864896486249,7.46612051265769e-05,0.000722652862936202,"Ab_vs_Mz","Mz higher"
"gtf2a1l",19.6082061559951,-8.39240954104082,3.62667617788132,7.50737588903265e-05,0.000724807226928838,"Ab_vs_Mz","Mz higher"
"papss2a",13.4454489637591,-8.14607867041205,3.51340456258697,7.50832084024508e-05,0.000724807226928838,"Ab_vs_Mz","Mz higher"
"sbds",42.419309749012,4.78795634163017,1.48887645684784,7.53026557701334e-05,0.000725961544818434,"Ab_vs_Mz","Ab higher"
"AREL1",35.3116747377314,4.29787148699612,1.36802740519724,8.10419885662908e-05,0.000780257238262739,"Ab_vs_Mz","Ab higher"
"zcrb1",28.0744673085305,-7.61988045556673,3.29762130411139,8.28676173969334e-05,0.000796430732216651,"Ab_vs_Mz","Mz higher"
"dctn1b",35.6695133247864,4.25284003284889,1.34302849148599,8.29409910975382e-05,0.000796430732216651,"Ab_vs_Mz","Ab higher"
"pstpip2",10.5158268766824,-7.71521270690967,3.3444776061918,8.38098799842645e-05,0.000803712424281819,"Ab_vs_Mz","Mz higher"
"zgc:153733",13.6654725756078,6.67926671557618,1.94818898954237,8.59516504453161e-05,0.000823165411181821,"Ab_vs_Mz","Ab higher"
"P3H4",169.319866481242,4.78519503216449,1.392865566131,8.73449224782454e-05,0.000835408212492586,"Ab_vs_Mz","Ab higher"
"toe1",13.5130160018118,-8.1740661786852,3.58485116978271,8.83282724541049e-05,0.000842596079355497,"Ab_vs_Mz","Mz higher"
"ttc17",13.1772826664447,-7.84289868295418,3.42052758282749,8.82997532608378e-05,0.000842596079355497,"Ab_vs_Mz","Mz higher"
"tsta3",39.7274414210411,-7.22004598497308,3.13428184418606,9.02858534987519e-05,0.000860141374944204,"Ab_vs_Mz","Mz higher"
"eno1b",42.6018006380055,-6.91906974935043,2.9927046471029,9.04568051701524e-05,0.000860642037672563,"Ab_vs_Mz","Mz higher"
"marcksl1b",62.267815183759,-6.8471340584117,2.96741301576084,9.31431723077614e-05,0.000885006166219288,"Ab_vs_Mz","Mz higher"
"mrpl35",144.005569688678,-3.65704457537044,1.14672778240436,9.32610707558089e-05,0.000885006166219288,"Ab_vs_Mz","Mz higher"
"CASP6",322.626728859821,4.72611504463762,1.54812179173731,9.50200028788734e-05,0.000900522035106298,"Ab_vs_Mz","Ab higher"
"mea1",16.8370538554344,-6.33869158444621,2.73597533690947,9.57163972429836e-05,0.000905940744217771,"Ab_vs_Mz","Mz higher"
"mul1a",12.3488110386216,-8.02416002056334,3.55402741521657,0.000100259596061144,0.000947707417124126,"Ab_vs_Mz","Mz higher"
"ctdsplb",17.1117733709047,-8.38068703642713,3.73098801329463,0.000100614292993302,0.000949825059439369,"Ab_vs_Mz","Mz higher"
"dbx1a",25.5610971500941,-8.96631810687957,4.0484786861791,0.000101196750500723,0.000954084538767514,"Ab_vs_Mz","Mz higher"
"sept10",28.0551851152334,-7.09345181889419,3.09790167697934,0.000101492133127498,0.000955629942621482,"Ab_vs_Mz","Mz higher"
"mos",10.6629858230789,7.81880657942828,3.30313711977146,0.00010287535269528,0.000967400955681745,"Ab_vs_Mz","Ab higher"
"ccl25b",93.7581398230166,-8.0422758631932,3.55713690093179,0.000103849576818484,0.000975300483066614,"Ab_vs_Mz","Mz higher"
"RPL37A",126.681110920055,-8.38900898806891,3.72640788913991,0.000104253783097808,0.000975316279714243,"Ab_vs_Mz","Mz higher"
"rps17",215.468139660146,-8.10140131886839,3.58396698025593,0.000104045892520919,0.000975316279714243,"Ab_vs_Mz","Mz higher"
"eno1a",60.0417808630307,-6.34095985001791,2.7507470015281,0.000104165141321455,0.000975316279714243,"Ab_vs_Mz","Mz higher"
"psmc2",53.2762432206633,3.42422777614511,1.06102677326762,0.000105989338790998,0.00099027828235445,"Ab_vs_Mz","Ab higher"
"si:ch211-217a12.1",738.001531549641,3.42232841569923,1.09405562082263,0.000106545917860561,0.000994200612231605,"Ab_vs_Mz","Ab higher"
"abhd3",22.6435374643076,5.95344351298131,1.91935912066025,0.000107478827531222,0.00100161999656981,"Ab_vs_Mz","Ab higher"
"b4galnt1a",20.4421807471106,-8.65416291866705,3.88935209569118,0.000108210567884852,0.00100714803835466,"Ab_vs_Mz","Mz higher"
"si:ch211-197h24.6",40.9640160560574,3.56358546362148,1.14028310160565,0.000108665574014869,0.00101008958761392,"Ab_vs_Mz","Ab higher"
"canx",18.8772216666616,-6.82861582595827,2.9967831836423,0.000109293869221111,0.00101463235679215,"Ab_vs_Mz","Mz higher"
"zdhhc16b",71.4136942131652,-4.45805098223278,1.48128567474507,0.000109530288847219,0.00101553019085515,"Ab_vs_Mz","Mz higher"
"fgfr1op2",18.1057904197061,4.08224489606362,1.30561907647284,0.000109742162706147,0.00101619844676558,"Ab_vs_Mz","Ab higher"
"twnk",26.6002129467731,5.83362025170317,1.88931346396959,0.000110497881417891,0.00102059606102497,"Ab_vs_Mz","Ab higher"
"casc1",343.946256213215,3.85509253324202,1.24110754257039,0.000110435654551149,0.00102059606102497,"Ab_vs_Mz","Ab higher"
"gtpbp4",129.534970503243,-7.407715438803,3.27225760393123,0.000110799905342527,0.0010207915233648,"Ab_vs_Mz","Mz higher"
"cdt1",69.9842644018458,-3.834325145457,1.25499571106665,0.000110762156110652,0.0010207915233648,"Ab_vs_Mz","Mz higher"
"aatka",19.8729722616471,4.31010819034798,1.3868065769865,0.00011147258904392,0.00102568892374716,"Ab_vs_Mz","Ab higher"
"efhc1",70.2750688093543,-8.19324859074607,3.67441951765796,0.000113174413109489,0.00104003136396066,"Ab_vs_Mz","Mz higher"
"ppcdc",11.1638639168054,-7.55919115746504,3.35800509722676,0.000115072388963798,0.00105613787295183,"Ab_vs_Mz","Mz higher"
"rbm25a",12.8028619784164,-7.10271779149866,3.14212225375766,0.000115433584958252,0.00105811693450383,"Ab_vs_Mz","Mz higher"
"gde1",13.0973078688636,-6.63924206790368,2.91614430894304,0.00011622092376777,0.00106399231091677,"Ab_vs_Mz","Mz higher"
"gcnt3",29.3667402230767,4.10352896121731,1.30080473889239,0.000117220703893951,0.00107179534164168,"Ab_vs_Mz","Ab higher"
"GABRA5",13.0551916319655,7.53135817690706,3.18818259652038,0.000119454293060831,0.00109084579932057,"Ab_vs_Mz","Ab higher"
"atg4b",78.4410199988817,4.17306815224171,1.38264658835241,0.000121168886756219,0.00110511497845791,"Ab_vs_Mz","Ab higher"
"lin7b",16.2844231895158,-6.86431986049717,3.04356390785111,0.000123421632843968,0.00112425043752231,"Ab_vs_Mz","Mz higher"
"appb",192.023831047117,-3.60155709257451,1.13618379157247,0.000125272415605593,0.00113968108765589,"Ab_vs_Mz","Mz higher"
"QPRT",16.3088266121144,6.77758777701745,2.11402835919669,0.000126667384063726,0.00115036011936607,"Ab_vs_Mz","Ab higher"
"CDC37",19.469592263597,-6.44943007447,2.85112986109886,0.000126762753557879,0.00115036011936607,"Ab_vs_Mz","Mz higher"
"scinla",28.9444017821545,-4.19557144320219,1.37505860021023,0.000130195424827742,0.00118003808363199,"Ab_vs_Mz","Mz higher"
"gpr137",12.6833361658466,-7.69065644822609,3.47508424225727,0.000132455944956773,0.00119772506701934,"Ab_vs_Mz","Mz higher"
"zgc:153896",30.1178366961872,3.74240827721589,1.2253636447576,0.000132476400314149,0.00119772506701934,"Ab_vs_Mz","Ab higher"
"rsl24d1",25.8825801594561,-7.02416440223025,3.1411595289514,0.000133143071766758,0.0012022571287858,"Ab_vs_Mz","Mz higher"
"gar1",18.5626047130676,-8.40738817115943,3.85546926136592,0.000135084880340017,0.00121827790966698,"Ab_vs_Mz","Mz higher"
"rps3",265.885487125733,-8.34618288111523,3.8084324554038,0.000136411043503278,0.00122755601917621,"Ab_vs_Mz","Mz higher"
"dbpb",19.4798896516162,-6.78057593003162,3.02998538277271,0.000136505551650224,0.00122755601917621,"Ab_vs_Mz","Mz higher"
"hpgd",180.655140374715,4.06346927813051,1.33552513960829,0.000136620280576909,0.00122755601917621,"Ab_vs_Mz","Ab higher"
"eif3bb",40.3365017139985,-7.05455510874691,3.16318426331783,0.000136970390586523,0.00122918243107832,"Ab_vs_Mz","Mz higher"
"mrps22",112.711328038206,5.5262105953177,1.91385310014628,0.000141258452122766,0.00126610072562317,"Ab_vs_Mz","Ab higher"
"sorbs2a",20.0005150551909,-6.3977071786337,2.85380425476973,0.000143827062002683,0.00128753560800185,"Ab_vs_Mz","Mz higher"
"C14orf119",14.4985374626554,7.95895798105956,3.4361805853001,0.000148229393311543,0.00132531298890726,"Ab_vs_Mz","Ab higher"
"si:ch211-260e23.9",16.4151551060223,4.39106615638891,1.44129033878377,0.000148680579240499,0.00132771391953217,"Ab_vs_Mz","Ab higher"
"lactb",22.897022195764,5.06197969019731,1.72611631246943,0.000148993191720096,0.00132887301915752,"Ab_vs_Mz","Ab higher"
"C17orf75",61.9850421119761,4.07523645945212,1.3757447259058,0.000153253178920777,0.0013651928401656,"Ab_vs_Mz","Ab higher"
"akt1s1",24.3607570129286,-6.44746109254736,2.89363844054627,0.000153661588886399,0.00136548421713354,"Ab_vs_Mz","Mz higher"
"parp12a",192.290051010703,-3.42636230156551,1.1463091397792,0.00015365514079249,0.00136548421713354,"Ab_vs_Mz","Mz higher"
"acta2",192.666192471691,-8.23827542382901,3.80482158561433,0.000153850593348674,0.00136549446038035,"Ab_vs_Mz","Mz higher"
"polr2h",34.7677951382275,-7.50806979285089,3.44140543607507,0.000156222589895338,0.00138485610481611,"Ab_vs_Mz","Mz higher"
"fgf8b",13.4478744543974,6.79964628556273,2.98119120427875,0.000158268712871955,0.00140128535184682,"Ab_vs_Mz","Ab higher"
"anxa13",30.0206684549543,-7.01043298622545,3.18361219857272,0.000158508390974628,0.00140170011434863,"Ab_vs_Mz","Mz higher"
"TLK1",50.2488911954908,-3.14639556760367,1.01384022277607,0.000162574938845157,0.00143591401028609,"Ab_vs_Mz","Mz higher"
"vill",46.5580840244456,-4.9389883048859,1.80871672307148,0.000164189427564977,0.00144841377302163,"Ab_vs_Mz","Mz higher"
"vti1a",10.5279085776155,-6.95127743750327,3.17029060649557,0.000164716368003634,0.00145130094426475,"Ab_vs_Mz","Mz higher"
"yme1l1b",14.5663418110783,-6.28801406492027,2.83335485927708,0.000164975531007558,0.00145182461851566,"Ab_vs_Mz","Mz higher"
"sfrp5",87.5863439200448,-7.79619925036804,3.60963598142538,0.000169211289878991,0.00148729971720724,"Ab_vs_Mz","Mz higher"
"baiap2a",73.3177360555112,-4.23001382890711,1.47598482905867,0.000170581497481867,0.0014975324941977,"Ab_vs_Mz","Mz higher"
"NEMF",70.7589594077787,3.21269571898162,1.06384736994608,0.00017171983364642,0.00150570744363791,"Ab_vs_Mz","Ab higher"
"eif1axb",23.3129690422364,-6.55529646825766,2.97737370072109,0.00017207948320475,0.0015070430884522,"Ab_vs_Mz","Mz higher"
"itpkcb",56.1827014384146,5.10446090022044,1.82392567868573,0.000173495296586066,0.00151761409252,"Ab_vs_Mz","Ab higher"
"zgc:154058",17.0781749459225,-8.31118470301875,3.92421155574304,0.000174366534690557,0.00152173177944629,"Ab_vs_Mz","Mz higher"
"zmynd12",197.4136698478,-4.56176230200872,1.57082240389093,0.000174384725860332,0.00152173177944629,"Ab_vs_Mz","Mz higher"
"zgc:86609",182.452836713466,4.69790625978582,1.64692322929899,0.000177079272741514,0.00154339236637657,"Ab_vs_Mz","Ab higher"
"plcxd2",28.3348896875024,5.73346043010166,2.0061117934792,0.00017758706096855,0.00154596448644358,"Ab_vs_Mz","Ab higher"
"cct4",44.5037731534273,-7.06889783013772,3.26137609342502,0.00018401737138066,0.00160002664182538,"Ab_vs_Mz","Mz higher"
"gpx7",12.552542491222,7.39816240385255,3.27446763160157,0.000186509560440852,0.00161975865572826,"Ab_vs_Mz","Ab higher"
"cd63",140.498912464184,-3.5536842643162,1.20976044644089,0.000187798125874078,0.00162900307515355,"Ab_vs_Mz","Mz higher"
"piwil1",27.4166666109635,7.65865665038821,3.39502849004832,0.00018878799461045,0.00163563758381807,"Ab_vs_Mz","Ab higher"
"zte38",122.017030746364,3.39172127817777,1.15375013813802,0.000193548014949719,0.0016748815722256,"Ab_vs_Mz","Ab higher"
"slc6a15",30.526332781224,-4.44111958400494,1.55751641212518,0.000196859162361929,0.00170150921665738,"Ab_vs_Mz","Mz higher"
"si:ch1073-440b2.1",12.5863271891232,-6.35314326004936,2.91625772511282,0.000199919783011319,0.00172591081081862,"Ab_vs_Mz","Mz higher"
"scg3",97.2011236675795,-3.7352919704799,1.30363309056467,0.000200661352912558,0.00173025785803249,"Ab_vs_Mz","Mz higher"
"smn1",17.0359235601747,-7.35497258170697,3.45087235399641,0.000203295834763148,0.00175089742048972,"Ab_vs_Mz","Mz higher"
"arl16",52.7725264272313,-4.63387503991849,1.67473686052011,0.000204533200259775,0.0017594696244832,"Ab_vs_Mz","Mz higher"
"hgs",39.0857749794999,4.15900243157822,1.43544120810334,0.000205096611804329,0.00176223081702797,"Ab_vs_Mz","Ab higher"
"si:rp71-19m20.1",9.21017587964656,-6.8979903446426,3.21151781469195,0.000210028156275858,0.00180247304364724,"Ab_vs_Mz","Mz higher"
"si:ch211-15b10.6",8.73658494513963,-7.38945849976367,3.48931253202758,0.000210391143993414,0.00180345899255675,"Ab_vs_Mz","Mz higher"
"rpl31",113.317072661318,-7.61099590744513,3.59913942208364,0.000210990719432153,0.00180585185564337,"Ab_vs_Mz","Mz higher"
"fam13b",23.3186670222984,-6.1031334413394,2.79480204510673,0.000211167158797202,0.00180585185564337,"Ab_vs_Mz","Mz higher"
"psmb7",29.0172914929555,4.01871485192245,1.40534249118072,0.000212221854728439,0.0018127387332797,"Ab_vs_Mz","Ab higher"
"mylka",16.0266580553798,-7.21992467816345,3.39738643684678,0.000213818344519215,0.0018242318618664,"Ab_vs_Mz","Mz higher"
"foxm1",33.2181292186268,5.77322913599345,2.08245664931694,0.000215124829334922,0.00183322671094437,"Ab_vs_Mz","Ab higher"
"trim3a",11.6792534218011,-7.00001642263135,3.29148714709306,0.000220859888309786,0.00187989523199512,"Ab_vs_Mz","Mz higher"
"plaa",11.7167746005924,5.15007020704015,1.73399129732135,0.000223300926209174,0.00189844962878887,"Ab_vs_Mz","Ab higher"
"ppfia2",55.9894335061518,3.59956590277984,1.23906063842632,0.000224943656298244,0.00191018158601862,"Ab_vs_Mz","Ab higher"
"ddx19",7.32633207589051,-6.59294822374287,3.08636680311498,0.000229270094670598,0.00194464914604502,"Ab_vs_Mz","Mz higher"
"u2af2a",12.4345131777742,-6.36435734667462,2.9655363970656,0.000232098728998746,0.00196405781267972,"Ab_vs_Mz","Mz higher"
"fam185a",10.1691470096771,5.93545932927456,1.88459450595974,0.000231968211239712,0.00196405781267972,"Ab_vs_Mz","Ab higher"
"bhlhe40",18.8152470633753,-6.02521633053737,2.78703457288795,0.000234550113103168,0.00198249392110108,"Ab_vs_Mz","Mz higher"
"tmem106ba",17.7778423625073,-6.03125622708007,2.79848247788001,0.000241645498987425,0.00203772753148444,"Ab_vs_Mz","Mz higher"
"si:dkey-120c6.5",14.9630982543354,4.25701553970655,1.44454576383685,0.000241597567480048,0.00203772753148444,"Ab_vs_Mz","Ab higher"
"cables2b",8.82718707675977,6.4302549617983,2.93389232469601,0.000245054475749456,0.00206407993536824,"Ab_vs_Mz","Ab higher"
"mrps26",194.698836460074,-4.97213254374783,1.97866113899729,0.000249348911270573,0.00209539564858474,"Ab_vs_Mz","Mz higher"
"p3h2",25.62947883282,-3.89108292259796,1.34559296223075,0.000249211250016895,0.00209539564858474,"Ab_vs_Mz","Mz higher"
"abcg5",11.2237002529831,-6.74551839725381,3.2083415754275,0.000253280871563989,0.00212597997159196,"Ab_vs_Mz","Mz higher"
"b3gnt5a",7.96324918604341,7.0062053901148,3.20324627094424,0.000254741177216736,0.00213577118476177,"Ab_vs_Mz","Ab higher"
"zc2hc1a",105.933120824663,-3.01207877415148,1.03152831937018,0.000256208574093256,0.00214559922244687,"Ab_vs_Mz","Mz higher"
"opn1lw1",36.441065072354,6.54000421475061,2.99477051889665,0.000259674341978093,0.00217212058899742,"Ab_vs_Mz","Ab higher"
"bzw1b",37.1211378772929,-6.42103915004573,3.03252186866299,0.000262736366369646,0.0021952076403919,"Ab_vs_Mz","Mz higher"
"rasgrp4",18.6886637420833,4.30484425965346,1.53522583849026,0.000266113500255923,0.00222087145047107,"Ab_vs_Mz","Ab higher"
"hspb6",15.116521559653,-6.39495841924264,3.02757323921073,0.000267784840940727,0.00223225689082356,"Ab_vs_Mz","Mz higher"
"nxnl2",15.2709469320094,-6.28796031150308,2.96716527336917,0.000268938112441484,0.00223674043402419,"Ab_vs_Mz","Mz higher"
"atp6v1ab",21.6185018829174,-6.06363563288518,2.83773755348705,0.000268680391990063,0.00223674043402419,"Ab_vs_Mz","Mz higher"
"atr",17.5524344906185,6.27209098921291,2.11030363156464,0.00027522988950919,0.00228645264781978,"Ab_vs_Mz","Ab higher"
"cpt1ab",16.324779474729,3.11245363559011,1.0646371499242,0.000276430963863305,0.00229380899123558,"Ab_vs_Mz","Ab higher"
"metap2b",103.388488070843,-6.56099489526462,3.124911337245,0.000276803007004047,0.00229427714699249,"Ab_vs_Mz","Mz higher"
"elmo1",18.0510279961897,-6.22502205245187,2.9444354066041,0.000278372598497542,0.00230465879097795,"Ab_vs_Mz","Mz higher"
"psme3",19.2322496420515,4.72800167057658,1.73687702566752,0.000285314014328098,0.002359439784017,"Ab_vs_Mz","Ab higher"
"bcan",12.4226359799911,5.40770269775869,1.89112033699959,0.000287099988086309,0.00237151115159021,"Ab_vs_Mz","Ab higher"
"adck5",106.935695089209,5.53532218937938,2.52265925049912,0.000287603999262026,0.00237297783273061,"Ab_vs_Mz","Ab higher"
"MED9",25.3590208724975,4.67692900789539,1.61851295933108,0.000292288173435788,0.00240889198719358,"Ab_vs_Mz","Ab higher"
"paf1",28.4056568331098,3.35445050506937,1.17683734565569,0.000294843203762365,0.00242719733652166,"Ab_vs_Mz","Ab higher"
"hsp90ab1",384.588550153444,-3.38300212892198,1.19643456305058,0.000297867381655043,0.00244931900141461,"Ab_vs_Mz","Mz higher"
"fip1l1b",17.0746683341131,-6.15311984019816,2.93060703175628,0.00029982667911323,0.00246264421522494,"Ab_vs_Mz","Mz higher"
"mier3b",13.2863180037581,5.08285074557808,1.77772913357265,0.000302851668201203,0.00248468259159655,"Ab_vs_Mz","Ab higher"
"rab3ip",78.8052126601289,-4.1782927358311,1.57413021941875,0.000305151922370463,0.0025007320447699,"Ab_vs_Mz","Mz higher"
"mark1",57.0281242375094,-3.48925546152808,1.26507671452085,0.000308076093340966,0.00252185261542284,"Ab_vs_Mz","Mz higher"
"trim47",7.67776944215724,7.4372483596318,3.47494141823579,0.000310325114221091,0.00253515331216468,"Ab_vs_Mz","Ab higher"
"rpe65b",42.8720651209882,-2.97962584361676,1.02795185975979,0.00031039846578987,0.00253515331216468,"Ab_vs_Mz","Mz higher"
"ITM2A",108.112705559709,-3.35354843855013,1.19646898554837,0.000313774448009623,0.0025598501263546,"Ab_vs_Mz","Mz higher"
"f2rl2",38.6120239837316,-3.36422248242627,1.22000697918156,0.000319379484668932,0.00260265636105209,"Ab_vs_Mz","Mz higher"
"sema3ga",55.9404473948702,-3.6211396362427,1.31763339537382,0.000321522312023797,0.00261718441892607,"Ab_vs_Mz","Mz higher"
"cx36.7",13.2782660381107,8.27917946627728,3.86312028447439,0.000325060227521729,0.00264091916113104,"Ab_vs_Mz","Ab higher"
"rasd2",16.0962109554186,5.36844370503618,2.49414210025245,0.000325164761206807,0.00264091916113104,"Ab_vs_Mz","Ab higher"
"ndufaf5",18.7355736525306,4.10137681546494,1.4720667491856,0.000331106731751318,0.00268617726908519,"Ab_vs_Mz","Ab higher"
"parla",74.3088164541885,-3.84452749831606,1.47722820866913,0.000333229642505491,0.00270038603274516,"Ab_vs_Mz","Mz higher"
"fbxo31",22.5029900172589,3.44627735381244,1.22500670111263,0.00033500904631239,0.00271178258089617,"Ab_vs_Mz","Ab higher"
"rpl18",227.639780993034,-7.52642295948597,3.78740342646171,0.000339911471694114,0.0027484054368682,"Ab_vs_Mz","Mz higher"
"rex1bd",8.348322102414,-6.23962396435855,3.01710189824096,0.000341606618797852,0.00275904279115732,"Ab_vs_Mz","Mz higher"
"atp10b",17.4061325072104,7.40631468947767,3.53147092652714,0.000342137684129122,0.00276026506762995,"Ab_vs_Mz","Ab higher"
"n4bp2",15.6134619797005,5.68448780928738,2.07477356686026,0.000345502217782658,0.00278431887035714,"Ab_vs_Mz","Ab higher"
"erp44",121.501614079588,-4.20064698091096,1.60969176910673,0.000352926085767654,0.00284099636483397,"Ab_vs_Mz","Mz higher"
"VPS13B",8.09099143007229,-6.46536116848124,3.17903383332307,0.000361700724596757,0.00290840991935158,"Ab_vs_Mz","Mz higher"
"spout1",7.04670000181711,6.85594266314154,3.26358649577679,0.000363641699725198,0.00292078620475411,"Ab_vs_Mz","Ab higher"
"psmc5",391.919447644454,-3.52337289109636,1.31124613657351,0.000365073262292711,0.00292904806137496,"Ab_vs_Mz","Mz higher"
"ldb1a",11.8383159881947,-6.06960140727965,2.94066401669363,0.000365665995567168,0.00293056904275385,"Ab_vs_Mz","Mz higher"
"pbrm1l",20.4654901252337,4.5302237608323,1.69662632114595,0.000373742057879945,0.00299199451401908,"Ab_vs_Mz","Ab higher"
"entpd5b",49.9408160832426,-2.95654409518607,1.01072742909995,0.000375278274585683,0.00300098765452511,"Ab_vs_Mz","Mz higher"
"ing5a",82.9810331183036,-2.64088683878358,0.923829984266712,0.000376316775626817,0.00300598532091355,"Ab_vs_Mz","Mz higher"
"esr1",216.091087594904,4.1604291760972,1.44895641165212,0.00038195863913451,0.00304770290655187,"Ab_vs_Mz","Ab higher"
"krt18a.1",43.9250171904609,-6.86721525483122,3.4476927663844,0.000387656799167803,0.00308977771178812,"Ab_vs_Mz","Mz higher"
"mlf1",83.2631303419511,-4.14524245387325,1.63668241869386,0.000391500244189692,0.0031169937294796,"Ab_vs_Mz","Mz higher"
"rplp2l",23.7922877878016,-7.12702281729062,3.62379873134992,0.000395191659395353,0.00314294110737945,"Ab_vs_Mz","Mz higher"
"ap5m1",22.0239976049902,6.3620368132932,3.05571080143091,0.000396549715943489,0.00315029495649532,"Ab_vs_Mz","Ab higher"
"C12orf57",37.1754334987163,-3.65953732804119,1.3700018825136,0.000404031741795903,0.00320623005580177,"Ab_vs_Mz","Mz higher"
"PDE3A",7.65995815677875,6.18949704671691,2.98005721404455,0.000407842440173944,0.00323294078257841,"Ab_vs_Mz","Ab higher"
"ppdpfb",54.7968204163876,-6.7407891323014,3.39561358899714,0.000409576548591139,0.0032431502524063,"Ab_vs_Mz","Mz higher"
"cct6a",36.8655397385077,-6.16612842525701,3.0397783668102,0.000413780717737842,0.00327287490450095,"Ab_vs_Mz","Mz higher"
"TPM1",41.9491668559607,-6.52006387647194,3.25954805676719,0.000419167358033443,0.0033082733981078,"Ab_vs_Mz","Mz higher"
"cavin1b",60.1334174805622,-6.33934273813757,3.16107802908689,0.000420986778545841,0.0033082733981078,"Ab_vs_Mz","Mz higher"
"dldh",21.0485028290007,-6.10846344552544,3.02119617429545,0.000420715042271496,0.0033082733981078,"Ab_vs_Mz","Mz higher"
"ssbp3b",13.7414631020489,5.69057234060577,2.74460737975618,0.000420482972357109,0.0033082733981078,"Ab_vs_Mz","Ab higher"
"lzic",9.76442050712513,4.87541792323533,1.80349866236322,0.000420553235014422,0.0033082733981078,"Ab_vs_Mz","Ab higher"
"stxbp1a",86.6605323899011,-4.22014768883746,1.69788785247089,0.000420638728801291,0.0033082733981078,"Ab_vs_Mz","Mz higher"
"eif3k",21.57217009348,-6.61036214120864,3.33956275040579,0.000428520044831305,0.00336383607546302,"Ab_vs_Mz","Mz higher"
"pgr",49.8915631337168,-3.94384885672213,1.59620481796311,0.00043009190311757,0.00337253294904165,"Ab_vs_Mz","Mz higher"
"osbpl7",10.6241863368961,-6.30090709936616,3.1507995681454,0.000432411470733613,0.00338706786720111,"Ab_vs_Mz","Mz higher"
"f2",23.284875956895,6.44299093383728,3.13793132334518,0.000434228267254391,0.0033976375400131,"Ab_vs_Mz","Ab higher"
"pphln1",9.22744770089574,-7.23532773530554,3.7804266451988,0.000435163019455021,0.00340129031012747,"Ab_vs_Mz","Mz higher"
"chchd10",41.4821919970279,-3.33566837573487,1.24572940515291,0.000437373741426504,0.00341489766533755,"Ab_vs_Mz","Mz higher"
"gngt1",231.366513210766,-3.20903799871204,1.20261460024486,0.000439260393528563,0.00342594828386172,"Ab_vs_Mz","Mz higher"
"sem1",38.846528549884,-6.23698399642565,3.11773881775916,0.00044129006926228,0.00343808951068329,"Ab_vs_Mz","Mz higher"
"klhl7",22.1795944255452,6.93691802580814,2.60457918674064,0.000442262485196005,0.00344197645063143,"Ab_vs_Mz","Ab higher"
"ywhabl",20.8949510320748,-6.25603820666199,3.13388047950978,0.000443290970411465,0.00344629097745555,"Ab_vs_Mz","Mz higher"
"pin1",19.1772419509466,5.50216199239935,2.64577104479094,0.000447040514039994,0.00347172809461188,"Ab_vs_Mz","Ab higher"
"ephx5",12392.2604194338,-5.79334751261037,2.83873331039687,0.000449330643075826,0.00348578916170563,"Ab_vs_Mz","Mz higher"
"taf3",28.0313409368149,-5.58688546937093,2.74362987577033,0.000476853485320046,0.00369536032493754,"Ab_vs_Mz","Mz higher"
"SELENOP",120.158736522407,-6.52552024069598,3.33647844060995,0.000478963115801742,0.00370560438476926,"Ab_vs_Mz","Mz higher"
"adamtsl5",49.1780164624812,3.930018318192,1.54067813126334,0.000479194954145427,0.00370560438476926,"Ab_vs_Mz","Ab higher"
"man2b2",48.5633872299149,-3.60956297986176,1.40539031543913,0.000482101814559216,0.00372412124339101,"Ab_vs_Mz","Mz higher"
"tgfb3",62.0688878167837,-4.12193758829477,1.64638281236544,0.00048669661374775,0.00375562386977961,"Ab_vs_Mz","Mz higher"
"fam53b",27.1835003192539,3.30993344606379,1.22714574016687,0.000489488880953272,0.00377316508552421,"Ab_vs_Mz","Ab higher"
"hnrnpub",17.7805775679941,-5.69451353692207,2.8291334681509,0.00049347982074729,0.00379989917056361,"Ab_vs_Mz","Mz higher"
"cdca8",11.200473876214,7.90473467023865,3.90109761687505,0.000503600346557676,0.00387239534077306,"Ab_vs_Mz","Ab higher"
"col1a2",723.85544351362,-7.04043872344329,3.67924932462466,0.000503960103504102,0.00387239534077306,"Ab_vs_Mz","Mz higher"
"nbeaa",12.807429317085,-6.03653918297738,3.04379959311805,0.000506131779917011,0.00388497561585719,"Ab_vs_Mz","Mz higher"
"rom1a",208.60275161454,-3.22939225435537,1.2247880427953,0.000511611835080856,0.00392289707721808,"Ab_vs_Mz","Mz higher"
"rps19",145.234649660925,-5.81089751745543,2.92142428511122,0.000518985037841035,0.00397105498954367,"Ab_vs_Mz","Mz higher"
"cetn4",14.0478405410102,4.37281439171975,1.54800137497663,0.000518664094219857,0.00397105498954367,"Ab_vs_Mz","Ab higher"
"gcnt7",6.05251393934105,6.29023233321457,3.13416785945824,0.000531802771946774,0.00406485210229348,"Ab_vs_Mz","Ab higher"
"sars2",25.908697389055,-6.30811088517418,3.25599275779052,0.000538897443786988,0.00411475369631052,"Ab_vs_Mz","Mz higher"
"uba5",30.9796544872606,3.26259352304225,1.22693023406072,0.000541221444388139,0.00412816230772023,"Ab_vs_Mz","Ab higher"
"ube2v2",14.5875112754044,-5.79839809298761,2.93586960811056,0.000545136221186378,0.00414679278278883,"Ab_vs_Mz","Mz higher"
"lrfn4b",13.4122361786986,4.38489151717692,1.72423559448061,0.000545375416198394,0.00414679278278883,"Ab_vs_Mz","Ab higher"
"fer",75.4703525692584,-4.21725045788794,1.77465252702737,0.000544392644548909,0.00414679278278883,"Ab_vs_Mz","Mz higher"
"PDCL3",78.1012896378812,-3.96448089561974,1.5559041029826,0.000549278807341387,0.00417210830779994,"Ab_vs_Mz","Mz higher"
"pou6f2",10.2818616948911,6.00956379050017,2.20323409323945,0.000550238324485716,0.00417503380029924,"Ab_vs_Mz","Ab higher"
"polr1a",19.7727465059216,-2.75675070165861,1.01672663668862,0.00055311901189781,0.00419251522156953,"Ab_vs_Mz","Mz higher"
"nelfe",149.629178787009,-2.67733239874466,0.992386651292278,0.000557048647386556,0.00421790272693008,"Ab_vs_Mz","Mz higher"
"atp5pb",14.5764517429814,-6.13681636717894,3.16495896966611,0.00055850935262725,0.00422456241857178,"Ab_vs_Mz","Mz higher"
"MARF1",18.6559542143143,-0.805102738486341,1.59637658588875,0.000561686670103284,0.00424417921515673,"Ab_vs_Mz","Mz higher"
"si:ch211-76l23.4",10.7283653627978,7.82490319358001,3.92371671580893,0.000565929419832631,0.00426736613357199,"Ab_vs_Mz","Ab higher"
"rpl5b",643.931244570889,-3.40226032709204,1.34702712205362,0.000565455538059905,0.00426736613357199,"Ab_vs_Mz","Mz higher"
"cfap410",19.2488435785394,-6.36589789717686,3.32668152021097,0.000569153044659491,0.00428610445806263,"Ab_vs_Mz","Mz higher"
"chd7",10.2240501034669,-5.6783416350466,2.86884489309836,0.000569593741434654,0.00428610445806263,"Ab_vs_Mz","Mz higher"
"sgsh",6.81326119495693,-6.48203053645196,3.42454019479766,0.000573092881488239,0.004307975341818,"Ab_vs_Mz","Mz higher"
"hmox1a",51.2337659085782,-4.27982792269729,1.85162292398788,0.000578826796664207,0.00434658262908277,"Ab_vs_Mz","Mz higher"
"gnat1",412.37420769243,-3.06535574413256,1.17866256166283,0.000602789162563017,0.0045218518293814,"Ab_vs_Mz","Mz higher"
"coq6",11.4666500369262,-6.69167087598112,3.61543962716053,0.000613715902604104,0.00459907308868993,"Ab_vs_Mz","Mz higher"
"pdhb",32.0285951835938,3.58450032087274,1.41436317316821,0.000614421290563714,0.00459961726169685,"Ab_vs_Mz","Ab higher"
"fnbp4",39.1292605396634,3.41197093020829,1.33606716503005,0.000616849761486948,0.00461304621013233,"Ab_vs_Mz","Ab higher"
"ebag9",9.03174820123299,-6.4793484693273,3.46459598701879,0.000620862399671607,0.00463828240823526,"Ab_vs_Mz","Mz higher"
"adnp2b",183.517378004228,-3.5968212769395,1.4456528301329,0.000629245200024125,0.00469608147738744,"Ab_vs_Mz","Mz higher"
"ints9",36.0502333389653,-2.96789278613713,1.1444885426256,0.000630565142521404,0.00470110566255188,"Ab_vs_Mz","Mz higher"
"clcn6",9.65192896119164,4.87857254792147,1.91020118162498,0.000632718759308003,0.00471232854652651,"Ab_vs_Mz","Ab higher"
"plod1a",9.05232815261623,-6.22117221220977,3.31258691836629,0.000653408806787963,0.00486144177742242,"Ab_vs_Mz","Mz higher"
"evla",11.5398294249545,-1.18120015543294,2.74466571717588,0.00065822888044132,0.00489229624941508,"Ab_vs_Mz","Mz higher"
"upb1",33.0064704128429,4.45133356978173,1.82555648781502,0.000659715049838684,0.0048941057066988,"Ab_vs_Mz","Ab higher"
"ech1",44.098243644106,4.332434429447,1.8099726182854,0.00065981890116451,0.0048941057066988,"Ab_vs_Mz","Ab higher"
"tnnt2d",81.153089188184,-3.87532002004899,1.66890028719085,0.000661281096543335,0.00489976178925888,"Ab_vs_Mz","Mz higher"
"dtymk",311.433555319474,-2.64466905457015,0.999211211936201,0.000661929574501613,0.00489976178925888,"Ab_vs_Mz","Mz higher"
"rpl13",102.324363279921,-6.66584468610542,3.63750852516726,0.000664735384725927,0.00491052999143573,"Ab_vs_Mz","Mz higher"
"mars2",332.218083555219,4.96423712494103,2.51014346907093,0.000664179635312606,0.00491052999143573,"Ab_vs_Mz","Ab higher"
"top1l",19.9479704774244,-5.7147267738943,2.96649150875054,0.000667378205197465,0.00492504789195977,"Ab_vs_Mz","Mz higher"
"vdac3",71.0716052485385,5.46507387973854,2.77857357431054,0.000673470570326114,0.00496496711531493,"Ab_vs_Mz","Ab higher"
"cpeb3",28.1122379086504,3.26724559932214,1.27327281644382,0.000674985283969478,0.00497109222813996,"Ab_vs_Mz","Ab higher"
"cbx3a",14.2600683303761,-5.55634225405699,2.87036083133187,0.000680528293373881,0.0050068422717963,"Ab_vs_Mz","Mz higher"
"smyd1b",20.7548975860494,-7.05867018362494,4.03450648749607,0.000686905850778243,0.00504865382134181,"Ab_vs_Mz","Mz higher"
"rpl35",419.440885923826,-4.257490848138,1.86196974209945,0.000692073753123114,0.00508149910247668,"Ab_vs_Mz","Mz higher"
"hspa8",222.015414756423,-3.48213611869121,1.40781962070741,0.000694090264097446,0.00509116259306189,"Ab_vs_Mz","Mz higher"
"dpp6a",21.029441573856,5.98228674152545,3.08742216299853,0.000694918482832759,0.00509209924567674,"Ab_vs_Mz","Ab higher"
"UTP14C",16.8704151532899,4.21733862286584,1.74164115097899,0.000703284818932702,0.00514821485279135,"Ab_vs_Mz","Ab higher"
"ewsr1b",10.5135878914894,-5.85605492381841,3.09609441551958,0.000711734677208377,0.00520482833865965,"Ab_vs_Mz","Mz higher"
"ostc",8.24570712632733,-6.62952058489788,3.68909567828107,0.000716656536134442,0.00523264412427474,"Ab_vs_Mz","Mz higher"
"osgepl1",112.192030956651,-4.57165169744422,2.20170875284762,0.000716978064077266,0.00523264412427474,"Ab_vs_Mz","Mz higher"
"nrros",19.2992492870195,3.5950385130847,1.45466975948165,0.000719150980904579,0.00524323819477972,"Ab_vs_Mz","Ab higher"
"sncgb",34.4327173974495,-6.9670887982478,3.96332306865063,0.000724954994234697,0.00527497282591793,"Ab_vs_Mz","Mz higher"
"glt1d1",62.5423984036565,-2.89439004951503,1.14199653816497,0.000724801749075631,0.00527497282591793,"Ab_vs_Mz","Mz higher"
"fuca2",20.8825275674521,3.88844549970986,1.6381825626695,0.000727464652609677,0.00528657702541243,"Ab_vs_Mz","Ab higher"
"siah1",27.6010093730007,-3.75815167509343,1.55139497667933,0.00072800434756333,0.00528657702541243,"Ab_vs_Mz","Mz higher"
"cog4",1085.39921197406,-3.36426282163574,1.35379942216192,0.000732745276854456,0.00531569402939625,"Ab_vs_Mz","Mz higher"
"kcnh3",7.9524258761567,7.13264646627006,3.72907048256864,0.00073546268831625,0.00533008801731886,"Ab_vs_Mz","Ab higher"
"med23",13.2807503441114,3.87479232190992,1.58628503503062,0.000737293469992054,0.0053380340969843,"Ab_vs_Mz","Ab higher"
"rad54l",8.02354849658201,7.14594244444475,3.77749624126231,0.000750191503305168,0.0054210943976114,"Ab_vs_Mz","Ab higher"
"ran",67.5743007932266,-5.99390690359115,3.219373895461,0.000750257389461696,0.0054210943976114,"Ab_vs_Mz","Mz higher"
"tm9sf5",20.9650233361056,-5.6157453438113,2.95771601336578,0.000753408125865876,0.00543845448552041,"Ab_vs_Mz","Mz higher"
"lrrfip2",15.1365756051397,-5.65643542843334,2.98265109050371,0.000763718027485792,0.00550740708511331,"Ab_vs_Mz","Mz higher"
"nbas",39.1180974955255,-3.2338699555329,1.28652164967864,0.000764619364280913,0.00550844217934386,"Ab_vs_Mz","Mz higher"
"myo1ha",44.162583698532,-3.46214824567861,1.44571570361447,0.000768293880210785,0.00552943387648732,"Ab_vs_Mz","Mz higher"
"stat2",16.7235834105003,-5.67597042662388,3.01221836411329,0.000771668325362748,0.00554822656484848,"Ab_vs_Mz","Mz higher"
"dnaja2b",8.80838270527562,-5.65755970828956,3.00265627911641,0.000772636101882189,0.00554969547883561,"Ab_vs_Mz","Mz higher"
"fbxo34",27.6431721878941,3.4531340025577,1.30911565036077,0.000779327917286254,0.00559223556836503,"Ab_vs_Mz","Ab higher"
"samd4a",11.0347175692148,5.00180594807173,2.06914201758908,0.000787516386042213,0.00564542072006,"Ab_vs_Mz","Ab higher"
"eif3s6ip",16.9111716362368,-6.2519230933477,3.45174447507607,0.000790754327629139,0.00566304749510957,"Ab_vs_Mz","Mz higher"
"PPP2R2C",15.8716857583425,4.59433050547635,1.89892633041277,0.000796773448220896,0.00570053759361978,"Ab_vs_Mz","Ab higher"
"pdcd5",15.4879708038385,-5.57188202322049,2.95442154321773,0.000798686042125174,0.00570860259607462,"Ab_vs_Mz","Mz higher"
"fstl1b",112.465376523363,-6.32358620545188,3.51434950719644,0.000804382312863443,0.00574366899037757,"Ab_vs_Mz","Mz higher"
"degs2",30.5157888768568,2.85859445254848,1.11806806784708,0.000808980522991075,0.00577083358353496,"Ab_vs_Mz","Ab higher"
"osbpl1a",10.8765520912037,5.96482798325363,2.34290788303452,0.000813961070449514,0.00580066962852697,"Ab_vs_Mz","Ab higher"
"adam8b",13.6594390672903,5.84464816205138,2.28609306924423,0.000816404171712321,0.00581238190418889,"Ab_vs_Mz","Ab higher"
"fkbp5",25.7078155898672,-5.60226773329964,3.00077003616756,0.00083884158430517,0.00596628128797875,"Ab_vs_Mz","Mz higher"
"zgc:153018",6.30794660560826,5.94559587575449,3.16057857514623,0.000840817063912356,0.00597448605823941,"Ab_vs_Mz","Ab higher"
"rpl26",88.7969856953235,-6.39061453398987,3.61362472031212,0.000849990469227055,0.00603377023516745,"Ab_vs_Mz","Mz higher"
"rad50",5.25307524854428,6.51091513841162,3.46909203279678,0.000853339594378383,0.00604704091743894,"Ab_vs_Mz","Ab higher"
"zgc:109982",26.3290315550664,-5.85102610081947,3.19211796943793,0.000853523728338472,0.00604704091743894,"Ab_vs_Mz","Mz higher"
"hsdl1",5.6279889901112,6.03513681406049,3.22746330587099,0.000858868823486076,0.00607898488599833,"Ab_vs_Mz","Ab higher"
"chp2",12.1760579035805,-6.78151921037386,4.00477484055578,0.000867186040858818,0.00613188261770695,"Ab_vs_Mz","Mz higher"
"arl13a",24.294676721303,-5.9881753210135,3.30737687399367,0.00086961803939254,0.00614310352608783,"Ab_vs_Mz","Mz higher"
"sf3a2",21.724051123922,3.73152777317842,1.58517752373274,0.000875977622727807,0.00618202071806643,"Ab_vs_Mz","Ab higher"
"tex10",34.3865221216812,-2.6662442537264,1.03405635834718,0.000884935604290093,0.00623918225759911,"Ab_vs_Mz","Mz higher"
"irx7",17.2550807343497,-4.24099766582093,1.90553422120671,0.000887057701446848,0.00624808375176079,"Ab_vs_Mz","Mz higher"
"tyrp1a",34.2346785004684,-6.21663354917583,3.49981700973197,0.000896758544701799,0.00631029802656087,"Ab_vs_Mz","Mz higher"
"aggf1",9.29136116376894,4.29730443265217,1.74468052659325,0.000900307212910688,0.00632914229269612,"Ab_vs_Mz","Ab higher"
"bcar1",13.9739477590095,-5.99743438134107,3.35316293038588,0.000908743396257639,0.00638227608444133,"Ab_vs_Mz","Mz higher"
"stt3a",21.5446115294835,-5.72220091509875,3.12870167466345,0.000917487787876323,0.00643746981667277,"Ab_vs_Mz","Mz higher"
"fam177a1",16.3673173259362,4.43420958420222,1.9396104882225,0.000919239002073259,0.00644353742147591,"Ab_vs_Mz","Ab higher"
"yju2",9.50830986866921,-5.97211753654252,3.35922874635691,0.00093698946338056,0.00656163430569681,"Ab_vs_Mz","Mz higher"
"scp2b",18.1210981769365,3.71851209230804,1.58267018499197,0.00094016835790271,0.00657755899287276,"Ab_vs_Mz","Ab higher"
"ramp2",12.1698938460293,-6.37741433976191,3.72640359462545,0.00095382101353892,0.00666665860328308,"Ab_vs_Mz","Mz higher"
"her9",14.5913597241987,4.59914486777768,2.01399209875865,0.000957545736854179,0.00668626317117486,"Ab_vs_Mz","Ab higher"
"c6",25.6761474356086,4.7757842764679,2.06391179881673,0.000964554426963982,0.00672873908790901,"Ab_vs_Mz","Ab higher"
"si:dkey-40c11.2",20.1263402889526,-5.7457840186355,3.19617459604003,0.000968426944748859,0.00674927656891606,"Ab_vs_Mz","Mz higher"
"tspan3b",53.2314113876077,-3.41536412852727,1.47835402348171,0.000971262086393397,0.00676255182566437,"Ab_vs_Mz","Mz higher"
"ppp3ccb",20.9293478698467,-5.31900274607831,2.87717652915503,0.000978036839230468,0.00680320553527873,"Ab_vs_Mz","Mz higher"
"ube2na",7.85648597005706,-5.57110513946941,3.07226177767605,0.000981250550375311,0.0068125217293965,"Ab_vs_Mz","Mz higher"
"st6gal2a",24.6583421911323,-4.08241950348141,1.93219001854846,0.00098096013099684,0.0068125217293965,"Ab_vs_Mz","Mz higher"
"arhgef10",51.6332043699059,2.86213435446603,1.16105805314212,0.000985849775820647,0.00683792177522928,"Ab_vs_Mz","Ab higher"
"atl1",16.9575266472654,5.00042566654898,1.89145355690517,0.000987602612914246,0.00684354946927898,"Ab_vs_Mz","Ab higher"
"thap12b",21.4330326206882,3.31576572269368,1.37135014956345,0.000998957913263267,0.00691564292524828,"Ab_vs_Mz","Ab higher"
"fam3a",20.5546759984709,5.45768003212778,2.63500463927027,0.00100021547564637,0.00691776050663504,"Ab_vs_Mz","Ab higher"
"usp47",13.4902958856854,-5.4442285058175,2.98298096808125,0.00100863366010453,0.00696935178260443,"Ab_vs_Mz","Mz higher"
"pcif1",24.5580481307629,3.31429140563893,1.38927149979918,0.00101586482299791,0.00701265090063801,"Ab_vs_Mz","Ab higher"
"KLHL28",18.4441409367976,5.24989269254456,2.86509057464912,0.00102161222929687,0.0070456350045151,"Ab_vs_Mz","Ab higher"
"SLC16A7",13.6187327302198,-6.20632347327589,3.64153062980339,0.00102506766327108,0.00706048448806,"Ab_vs_Mz","Mz higher"
"sod1",48.4562830916169,-5.35899606106202,2.92782379278567,0.00102570802302811,0.00706048448806,"Ab_vs_Mz","Mz higher"
"dpep2",49.4930785365419,5.21453164450844,2.093288422841,0.00102852999296778,0.00707321146535742,"Ab_vs_Mz","Ab higher"
"ift88",26.9130314885745,3.74138332205576,1.55856719135403,0.00103275778629361,0.00709557310828755,"Ab_vs_Mz","Ab higher"
"grk7a",29.8258757841778,-6.09755841270097,3.54675822099553,0.00104280025132173,0.00715780455793926,"Ab_vs_Mz","Mz higher"
"pex11b",360.021816202476,-5.76844124158914,3.25738024582458,0.00104428936145854,0.00716126355513408,"Ab_vs_Mz","Mz higher"
"chdh",199.534426408059,3.00111665353558,1.24469348258499,0.00105570236464801,0.00723270545582131,"Ab_vs_Mz","Ab higher"
"nufip2",5.58306797464021,6.18125246301375,3.47604232074693,0.00107690311084426,0.00737100632083517,"Ab_vs_Mz","Ab higher"
"pkd2",69.457791207905,-3.93614704462379,1.88799159764411,0.00108331442633817,0.00740791398405659,"Ab_vs_Mz","Mz higher"
"SYDE1",24.5150708347958,3.0634038542483,1.28734606757375,0.00108763396788568,0.00743046175992573,"Ab_vs_Mz","Ab higher"
"rpl36",66.6235374385312,-5.98437189950575,3.46129884282021,0.00108994193341826,0.00743923747795051,"Ab_vs_Mz","Mz higher"
"ppp1cbl",34.1071322581458,-5.60230942192881,3.15006974841863,0.00109817036777544,0.0074883681082173,"Ab_vs_Mz","Mz higher"
"smc2",8.31301730784916,-5.34671337857746,2.97125283815371,0.00111076990951223,0.00756718507239403,"Ab_vs_Mz","Mz higher"
"jupa",15.9543060390346,-5.49418967517177,3.09240231128178,0.00111894488978286,0.00761574007849399,"Ab_vs_Mz","Mz higher"
"mettl25",11.6818193789178,-5.58694027843998,3.17375435701591,0.00112226551368866,0.00763119552759859,"Ab_vs_Mz","Mz higher"
"NSG1",52.3086069055785,-3.70353642459559,1.7484904311485,0.00112670500905393,0.00765422309421777,"Ab_vs_Mz","Mz higher"
"iah1",7.63810810303096,5.96736826294978,3.32836801080156,0.00114517786403746,0.00777245368224864,"Ab_vs_Mz","Ab higher"
"lbr",14.9268087493038,-5.37228027265745,2.99770158155505,0.00115569398035914,0.00782920740282443,"Ab_vs_Mz","Mz higher"
"usb1",15.3214437306458,5.05254541211625,2.41101077574376,0.00115537861304559,0.00782920740282443,"Ab_vs_Mz","Ab higher"
"ctsd",74.6851729103821,3.3815187997136,1.47661534120387,0.0011618050877631,0.00786327856885474,"Ab_vs_Mz","Ab higher"
"urad",15.0648548883666,-5.73934099156457,3.30563988352911,0.00116332088450368,0.00786452978580105,"Ab_vs_Mz","Mz higher"
"ACVR1B",9.54175396668115,-5.39752356633528,3.04196380606197,0.00116415381063722,0.00786452978580105,"Ab_vs_Mz","Mz higher"
"igf2b",13.7794982390707,-5.99789642679087,3.54463853774999,0.00117241531461485,0.00791054626151497,"Ab_vs_Mz","Mz higher"
"ipo7",18.2719269957613,-5.11541205990928,2.80507610091156,0.00117423021270803,0.00791054626151497,"Ab_vs_Mz","Mz higher"
"foxk1",42.3392159077599,2.5782481560712,1.03796868203828,0.00117403896387731,0.00791054626151497,"Ab_vs_Mz","Ab higher"
"dlk2",62.986113743527,5.09954998668623,2.81228712108328,0.00117716942071339,0.00791567485584243,"Ab_vs_Mz","Ab higher"
"bag5",55.7179189658622,-3.51984158594534,1.6802621071742,0.00117657537743843,0.00791567485584243,"Ab_vs_Mz","Mz higher"
"rom1b",240.961218171622,-2.46695456315677,0.981919140340979,0.0011872953836169,0.0079763864542618,"Ab_vs_Mz","Mz higher"
"znf622",14.548496477854,-5.10000250443439,2.81453458745168,0.00119241759790376,0.00800340121806321,"Ab_vs_Mz","Mz higher"
"col1a1b",476.568047430221,-6.20050131782071,3.77991970624289,0.00119648106487536,0.00802326647654887,"Ab_vs_Mz","Mz higher"
"atcayb",8.17434869849038,5.15275298850834,2.90368858724635,0.00120134612845607,0.00804846544492825,"Ab_vs_Mz","Ab higher"
"esco2",10.321837856789,-0.851270144375001,1.67134988853115,0.00121788517425977,0.00815175629069452,"Ab_vs_Mz","Mz higher"
"stxbp1b",22.6844714551547,-5.96102126620914,3.54111365231016,0.00122299589276217,0.00817843343559176,"Ab_vs_Mz","Mz higher"
"zdhhc4",8.73199940989307,5.29194268056505,2.18869552505725,0.00123187926349869,0.0082227092436841,"Ab_vs_Mz","Ab higher"
"PRKD3",12.844793882308,3.59983216162382,1.47747862670286,0.00123180336958843,0.0082227092436841,"Ab_vs_Mz","Ab higher"
"csde1",32.8506178561156,-5.3726405109853,3.05919480529003,0.00124145673464421,0.00827903578360436,"Ab_vs_Mz","Mz higher"
"slco1c1",7.84124651159173,5.32682891474291,3.06706592567497,0.00127718629210325,0.008501709851006,"Ab_vs_Mz","Ab higher"
"impdh1b",31.2925124534922,-3.35221446595061,1.50426905137957,0.00127681845526595,0.008501709851006,"Ab_vs_Mz","Mz higher"
"snrnp40",6.43572075395975,-6.20378361930101,3.95179576918945,0.00129020299773148,0.00858049916789579,"Ab_vs_Mz","Mz higher"
"pex5",17.475093580399,-5.49067011123347,3.18852786734628,0.00129555665793293,0.00860822792185964,"Ab_vs_Mz","Mz higher"
"tm2d3",12.541385441629,4.04763685399433,1.87647062204336,0.00129812569407986,0.00861742070343971,"Ab_vs_Mz","Ab higher"
"picalmb",10.4499417390206,-5.2176889189987,2.9678677630208,0.00130969136559004,0.0086862650880237,"Ab_vs_Mz","Mz higher"
"impdh1a",17.0555098810877,-6.07845599492436,3.78879862273091,0.001312327713353,0.00869581599668457,"Ab_vs_Mz","Mz higher"
"asb2a.1",17.0467525295011,2.93263190856913,1.24933673187926,0.00131384334362389,0.00869793011366306,"Ab_vs_Mz","Ab higher"
"zgc:77375",44.9932035238258,3.83416283801847,1.78434450945153,0.00131708813956714,0.00871147742175935,"Ab_vs_Mz","Ab higher"
"bfsp2",13.0105018622582,3.23957512605988,1.40423244229413,0.00133540422104213,0.00882459389341386,"Ab_vs_Mz","Ab higher"
"eif3ha",35.2149897107248,-5.51661119343581,3.24308308006855,0.00133759570079322,0.00883104736518247,"Ab_vs_Mz","Mz higher"
"srsf9",34.3267955444959,4.66833936644415,2.45659061201142,0.00134075073834132,0.00884384493375956,"Ab_vs_Mz","Ab higher"
"nosip",11.0811064714646,-5.31393455081873,3.05385161990871,0.00134697793408183,0.00887686546041781,"Ab_vs_Mz","Mz higher"
"abcg1",8.89648463813792,4.19557883987268,1.7575268441749,0.00135298027470473,0.00890834566741727,"Ab_vs_Mz","Ab higher"
"rpl29",23.204726832968,-5.70289870679849,3.43387313222667,0.00135621562399274,0.00892156685140561,"Ab_vs_Mz","Mz higher"
"PHB2",20.8111278935221,-5.02692336528309,2.82433718085052,0.00135761785261488,0.00892271624833412,"Ab_vs_Mz","Mz higher"
"metap1",35.1516775081882,2.7705001277107,1.15338219001233,0.00136007053312295,0.00893076125137372,"Ab_vs_Mz","Ab higher"
"rgs9a",121.482986622553,3.50516631122294,1.64581758390455,0.00136611512974955,0.00896235638822154,"Ab_vs_Mz","Ab higher"
"ola1",8.1545104015834,-5.26337684924306,3.04313602841004,0.00137166491997314,0.00899065131044613,"Ab_vs_Mz","Mz higher"
"myof",16.5483143271839,4.76323466345769,1.8759232143498,0.00137344168931187,0.00899418706270989,"Ab_vs_Mz","Ab higher"
"fam183a",369.736243781018,2.49098622613728,1.02091857883226,0.00138033285488329,0.00903117868780076,"Ab_vs_Mz","Ab higher"
"tbx2b",31.5461614593943,-4.94478704471849,2.77498014661792,0.00138462473462336,0.00905111258631046,"Ab_vs_Mz","Mz higher"
"fez1",12.1911038872161,-5.17955660458839,2.97311666531413,0.00138682953875937,0.00905737997955243,"Ab_vs_Mz","Mz higher"
"mmp19",53.7739935627523,4.92519437690063,2.85931397770472,0.00139993723761446,0.00913477897685776,"Ab_vs_Mz","Ab higher"
"nr2f1a",10.7305439470552,-5.58216652758739,3.35793931299643,0.00140269303864699,0.00914455219544841,"Ab_vs_Mz","Mz higher"
"sgta",12.8903672027746,3.27656408036351,1.43571742904361,0.00140506466937679,0.00915180562876334,"Ab_vs_Mz","Ab higher"
"nptna",3.97963617411908,5.5007862986884,3.19182219817586,0.0014162373650648,0.00921631997014867,"Ab_vs_Mz","Ab higher"
"smarca5",9.46276693685092,-5.31962620748552,3.1203839226237,0.00141999381616598,0.00923075929217414,"Ab_vs_Mz","Mz higher"
"zgc:172122",11.0146266811955,-5.31267636272523,3.11465125975526,0.0014213423448494,0.00923075929217414,"Ab_vs_Mz","Mz higher"
"mtnr1bb",9.5062866756017,5.26186626188133,3.04754959999542,0.00142226584223897,0.00923075929217414,"Ab_vs_Mz","Ab higher"
"pigr",18.2422683667115,-5.55003055706771,3.33437566306058,0.00142714878771786,0.00924593987336996,"Ab_vs_Mz","Mz higher"
"kdr",23.4461274550784,-5.35640639293922,3.14825029261185,0.00142704878437924,0.00924593987336996,"Ab_vs_Mz","Mz higher"
"pex16",45.4250208784729,5.21142133898628,3.00129269020963,0.00143209000745196,0.00926969035099581,"Ab_vs_Mz","Ab higher"
"gigyf2",13.9419074938503,-5.00476995138847,2.84743257826008,0.00143392824383572,0.00927333132067778,"Ab_vs_Mz","Mz higher"
"kcnk6",6.69937962874384,-6.07673337632717,3.94986216082572,0.00143796860950794,0.00929119450890063,"Ab_vs_Mz","Mz higher"
"rbm22",15.4302613470555,4.64912429013676,1.94303444716407,0.00144793682397141,0.00934729375972307,"Ab_vs_Mz","Ab higher"
"poldip3",5.62037086210595,-5.23301457610164,3.06708541678872,0.00145907405943023,0.00941083348535787,"Ab_vs_Mz","Mz higher"
"zbtb41",64.8010501896679,4.95832427084034,2.87600373593036,0.00146706241783,0.00945025526022149,"Ab_vs_Mz","Ab higher"
"fkbp4",9.9979873052387,-4.94904819551737,2.81224375252184,0.00146778624140735,0.00945025526022149,"Ab_vs_Mz","Mz higher"
"aipl2",10.6628371665887,5.30998940524699,3.12083090756954,0.00147067188945021,0.00946045483576425,"Ab_vs_Mz","Ab higher"
"ACTA1",34.1583853130926,5.00671918715393,2.93329952203669,0.00147207365035425,0.00946109934962427,"Ab_vs_Mz","Ab higher"
"FBN1",45.9810608301717,-5.68460392179854,3.46804643713734,0.00147486485299207,0.00947066485547647,"Ab_vs_Mz","Mz higher"
"alyref",24.7867893570117,-5.17612773819523,2.99243168485038,0.00147702295600618,0.00947615169215259,"Ab_vs_Mz","Mz higher"
"hs3st3l",37.6706108359419,3.89933300490408,1.95799646151338,0.0014841931579279,0.00951375667105637,"Ab_vs_Mz","Ab higher"
"cep135",64.4141063897619,-3.95972626057629,2.14892076667954,0.00149588781427723,0.00958027182553409,"Ab_vs_Mz","Mz higher"
"ddost",14.3275667763087,-5.30117405016389,3.14584541103251,0.00149889740528244,0.00959109616108982,"Ab_vs_Mz","Mz higher"
"cert1b",14.8729979302066,3.94153935240169,1.82434835665171,0.00150336353197938,0.00961121329283914,"Ab_vs_Mz","Ab higher"
"porcn",2266.83370181514,0.261589919118758,1.06667762766863,0.00150533601180854,0.00961536684519882,"Ab_vs_Mz","Ab higher"
"slc40a1",18.0137754589064,-5.71531803191839,3.56009566903774,0.00151063026638494,0.00964071238485703,"Ab_vs_Mz","Mz higher"
"osbpl11",5.27141550908218,5.78449622005995,3.4732248198776,0.0015131497135169,0.00964832041013542,"Ab_vs_Mz","Ab higher"
"rpl6",2225.5102457346,-3.53714736006663,1.77468556641684,0.00152444401924428,0.00971181733206548,"Ab_vs_Mz","Mz higher"
"txndc17",13.7905992824561,3.6039160930001,1.65097889379206,0.0015308811435397,0.00974428636811741,"Ab_vs_Mz","Ab higher"
"si:ch211-63o20.7",18.0388700523667,5.29760704483693,3.10953020618828,0.00154600959621382,0.00982410223615144,"Ab_vs_Mz","Ab higher"
"zdhhc15b",176.894102789225,-2.77089146468957,1.2475860544769,0.00154612367012756,0.00982410223615144,"Ab_vs_Mz","Mz higher"
"gdap1l1",13.9591747877347,4.13735160691363,1.77477635378094,0.00155383731237877,0.00986449207308406,"Ab_vs_Mz","Ab higher"
"PTDSS1",8.03022284000677,5.30532826665031,2.28801891638044,0.00155601968018359,0.00986972692430588,"Ab_vs_Mz","Ab higher"
"nin",22.5182787214512,-5.25668759219963,3.124425570684,0.00155881385338911,0.00987882990434651,"Ab_vs_Mz","Mz higher"
"rnf40",26.2524520661298,2.99980375616607,1.32961115123848,0.00157433357278003,0.00996849367642685,"Ab_vs_Mz","Ab higher"
"lsm4",9.43318263827575,-5.13455170168605,3.03077368043056,0.00158114231958773,0.0099970489929356,"Ab_vs_Mz","Mz higher"
"hnrnpr",19.4171312607721,-5.08525435639523,2.98386757855715,0.00158159393890163,0.0099970489929356,"Ab_vs_Mz","Mz higher"
"orc4",14.9845578306076,3.94955820352022,1.89025667626834,0.00160764597585242,0.0101528919187413,"Ab_vs_Mz","Ab higher"
"serpine2",52.6377499653951,-5.38788421970508,3.29058388541985,0.00161112947461783,0.0101660591588516,"Ab_vs_Mz","Mz higher"
"abca4a",34.403566813269,-4.82722554015805,2.75125062738314,0.00163149616752575,0.0102856423605765,"Ab_vs_Mz","Mz higher"
"snw1",19.2929122947622,-5.10712884115976,3.04165578446476,0.00166061287317759,0.0104601342938716,"Ab_vs_Mz","Mz higher"
"btbd7",19.7151729815438,-2.77523829308216,1.2216172941759,0.00166242009216631,0.0104624516449844,"Ab_vs_Mz","Mz higher"
"chst12a",33.9217329018565,4.84892861842057,2.88137029709814,0.00166675629633706,0.0104806674031783,"Ab_vs_Mz","Ab higher"
"si:dkey-97o5.1",47.9967628360895,-2.54586571155518,1.09407188812501,0.00169265639463295,0.0106343295873698,"Ab_vs_Mz","Mz higher"
"tmeff1a",4.50065196983233,-5.71116741413543,3.76589129178081,0.00169473956168473,0.010638222689021,"Ab_vs_Mz","Mz higher"
"rnf10",24.6871045432251,-4.96031255469906,2.92131289268956,0.00170709154296729,0.010706512878196,"Ab_vs_Mz","Mz higher"
"dhx36",22.1991585684152,-5.24360921260153,3.20785803592111,0.00171026071307089,0.010717142347683,"Ab_vs_Mz","Mz higher"
"sclt1",9.56986989727198,3.99575752364087,1.94552360421703,0.00171341526763934,0.0107276619986825,"Ab_vs_Mz","Ab higher"
"itm2cb",10.6582730299294,5.75098354764419,2.68983689925641,0.00171736687282498,0.0107431495684723,"Ab_vs_Mz","Ab higher"
"rbbp4",28.4202655912849,2.40841026159473,1.0146633303796,0.00172991869580041,0.0108123637143364,"Ab_vs_Mz","Ab higher"
"slc3a2a",18.4278256558927,-4.93196735250146,2.91448405278984,0.00173343586761965,0.0108250389361918,"Ab_vs_Mz","Mz higher"
"tp53bp2a",14.7270934424425,-5.30889862062987,3.29806411892396,0.00174049183718301,0.0108597726733762,"Ab_vs_Mz","Mz higher"
"sprn",5.77819386794122,5.44605807315386,3.36713415051841,0.00176993099951469,0.0110245316499334,"Ab_vs_Mz","Ab higher"
"svopa",51.666142929743,3.17176482785592,1.46828339070358,0.00176879880799551,0.0110245316499334,"Ab_vs_Mz","Ab higher"
"slc1a2a",8.15453657919878,-6.02736168227258,4.3788220029509,0.00178605842057504,0.0111154611807877,"Ab_vs_Mz","Mz higher"
"cwc22",11.4441976682377,-5.02350116850154,3.02936666638182,0.00179474972853936,0.0111599963872991,"Ab_vs_Mz","Mz higher"
"aqp12",77.8174299822401,-2.72108378671862,1.19380968703281,0.00180410381292544,0.0112085731762009,"Ab_vs_Mz","Mz higher"
"rpl22l1",31.2640328533834,-5.9445730353823,4.21221761670302,0.00180711488448677,0.0112176926518653,"Ab_vs_Mz","Mz higher"
"col6a1",82.6533873864369,-5.66198257689043,3.70926220247765,0.00183023183424912,0.0113514976136151,"Ab_vs_Mz","Mz higher"
"si:ch211-59d15.9",6.70016257654296,-5.97222515019717,4.4076948761043,0.00183903647886914,0.0113963820672632,"Ab_vs_Mz","Mz higher"
"inppl1b",13.7338490359512,4.45434755458221,2.3664071262974,0.00184104919107613,0.011399136771663,"Ab_vs_Mz","Ab higher"
"apbb3",12.0342940607672,4.85814092495294,2.96551513813796,0.0018570121042632,0.0114881880730972,"Ab_vs_Mz","Ab higher"
"atat1",9.48703273546488,-5.7309199572615,3.95708077435721,0.00186223601460906,0.0115107088351983,"Ab_vs_Mz","Mz higher"
"RBPMS",9.45362837228459,-5.30676536547898,3.37387747840428,0.0018663269546833,0.0115261942511409,"Ab_vs_Mz","Mz higher"
"abca1a",12.8299259483598,-5.20340542202026,3.26250395000496,0.00187988822049682,0.0116000912349672,"Ab_vs_Mz","Mz higher"
"aif1l",6.41304207043147,-5.76354944352094,4.04125230547162,0.00188418505862518,0.0116167440128468,"Ab_vs_Mz","Mz higher"
"vars2",19.6458395039962,3.06427302065546,1.41497716041083,0.00189563801235061,0.0116774514506581,"Ab_vs_Mz","Ab higher"
"ezrb",24.792811336128,2.57368435133951,1.11248888284174,0.00192638976230943,0.0118568392736895,"Ab_vs_Mz","Ab higher"
"hspa9",16.8097586085413,-4.95042522605305,3.01505288821635,0.00193802625599772,0.0119183695895494,"Ab_vs_Mz","Mz higher"
"hdac9b",14.9324794218258,-5.11867492351591,3.19603179724693,0.00194281303577775,0.0119276249637402,"Ab_vs_Mz","Mz higher"
"ccdc114",6.30836686168579,4.93770046671766,2.19684851735277,0.00194241894698989,0.0119276249637402,"Ab_vs_Mz","Ab higher"
"dcn",145.722482254608,-3.64614962354113,1.95641891784846,0.00194613756495411,0.0119379527085666,"Ab_vs_Mz","Mz higher"
"ccdc191",9.94629755048812,5.4228506625113,2.59158642697161,0.00196822760607086,0.0120632769549149,"Ab_vs_Mz","Ab higher"
"noc3l",7.9619965634234,-5.36933812825743,3.53291077210879,0.00197902357017191,0.012119226901078,"Ab_vs_Mz","Mz higher"
"cryba1a",4.62793135963379,5.80773372708038,3.76391769250488,0.00199970311447288,0.0122355571877974,"Ab_vs_Mz","Ab higher"
"gnsa",9.05044050958188,-4.75875150029238,2.86203758014757,0.00200410960278505,0.0122522058054202,"Ab_vs_Mz","Mz higher"
"spg21",9.0323452683366,-5.62086086989348,3.9451214133643,0.00201788156413514,0.012321325402211,"Ab_vs_Mz","Mz higher"
"bicdl2",156.818980177504,-3.19087573813598,1.65626984197031,0.00201993420004751,0.012321325402211,"Ab_vs_Mz","Mz higher"
"fasn",176.605707954651,2.76732956258553,1.19817293726359,0.00202050074005166,0.012321325402211,"Ab_vs_Mz","Ab higher"
"tpt1",158.092531661618,-3.47801788043155,1.81140180606724,0.00202381060287013,0.0123311645199187,"Ab_vs_Mz","Mz higher"
"trim59",6.86274586538784,-5.69031574439143,4.10420703738477,0.00202689347110038,0.0123396052273272,"Ab_vs_Mz","Mz higher"
"dis3l",26.0703315081866,4.73305439664041,2.89611826636932,0.00203840501290358,0.0123993021245156,"Ab_vs_Mz","Ab higher"
"hdlbpa",24.6378123229727,-5.04694658071712,3.17517745393745,0.00204437495581142,0.0124148383908047,"Ab_vs_Mz","Mz higher"
"nup160",22.206598466573,4.90900854123505,3.03497698118934,0.00204303755812486,0.0124148383908047,"Ab_vs_Mz","Ab higher"
"mbd3a",5.68018629704011,5.91228194413352,3.95664998119056,0.00206993596468481,0.0125595697222821,"Ab_vs_Mz","Ab higher"
"PAIP2B",8.93709578252233,-4.94431213417398,3.07509702307222,0.00210020526147982,0.0127326038746429,"Ab_vs_Mz","Mz higher"
"zc3h12b",7.61855257646887,4.93286618597042,3.18206704265655,0.00210416659881735,0.0127455260197789,"Ab_vs_Mz","Ab higher"
"arhgap10",24.4241079612026,3.194952076345,1.60640500944813,0.00210584354790954,0.0127455260197789,"Ab_vs_Mz","Ab higher"
"b3galnt2",6.32082799713622,4.58979164357607,1.99275194899736,0.0021269167657556,0.0128623610401643,"Ab_vs_Mz","Ab higher"
"afmid",13.0993856104824,2.91789040862735,1.30717101703595,0.00213201883670645,0.0128824978587026,"Ab_vs_Mz","Ab higher"
"phf8",7.47342803521168,-4.85091673898393,3.02556931919707,0.00215319592786116,0.0129996521591551,"Ab_vs_Mz","Mz higher"
"tmbim1a",147.113587173611,2.73259519430183,1.25107787174342,0.0021647401503001,0.0130585030311464,"Ab_vs_Mz","Ab higher"
"si:dkey-85k7.10",14.4367847602315,2.94106864743134,1.3706568083337,0.00217188315602067,0.0130907285747216,"Ab_vs_Mz","Ab higher"
"cs",10.1757353553471,-4.88725214332562,3.07477385908383,0.00218593499802247,0.0131645082855222,"Ab_vs_Mz","Mz higher"
"PPP1CB",163.372589823946,-2.23993232514106,0.970540080376281,0.00219838493226306,0.0132285265501823,"Ab_vs_Mz","Mz higher"
"gpc4",45.3998977475731,-5.17502323972905,3.38772082179,0.00221225519734134,0.0133009785190027,"Ab_vs_Mz","Mz higher"
"gnb5b",13.3200203358593,-4.98515975786935,3.19551460844604,0.00222127154165332,0.013344151104362,"Ab_vs_Mz","Mz higher"
"prdx5",24.4926579529406,-4.8116220798415,3.00965966100339,0.00223652816021121,0.013424709493456,"Ab_vs_Mz","Mz higher"
"slc16a6b",15.0454482475021,3.05692972282803,1.44121593619648,0.00224371239162653,0.0134567206062156,"Ab_vs_Mz","Ab higher"
"ift172",6.53974482254026,4.58483594211047,2.11362159538108,0.0022472677415022,0.0134669325745915,"Ab_vs_Mz","Ab higher"
"zbtb8os",16.460133427713,3.59025929368742,1.88056450420053,0.00227962173986492,0.0136495637784828,"Ab_vs_Mz","Ab higher"
"retreg2",7.96752847080579,-4.85850286874743,3.08871044232432,0.00228706068984026,0.0136828346950196,"Ab_vs_Mz","Mz higher"
"cdipt",14.2964788283718,3.99663294882655,2.18725311300858,0.00229498309289851,0.0137189408735849,"Ab_vs_Mz","Ab higher"
"eif4a3",52.1162088431866,3.57964422466204,1.62014895093256,0.00230341155317722,0.0137580103369312,"Ab_vs_Mz","Ab higher"
"mitfb",5.36931726277559,5.65374328305937,3.89409914285068,0.00230784951106698,0.0137619016373633,"Ab_vs_Mz","Ab higher"
"p2rx3a",8.19386320303848,-5.21725064908367,3.62773717993096,0.00230623512489912,0.0137619016373633,"Ab_vs_Mz","Mz higher"
"kat8",9.3206620008252,4.9252890342988,3.19314165062987,0.00234041585801427,0.013944658091726,"Ab_vs_Mz","Ab higher"
"tbc1d5",7.47460553177069,-5.29287668222585,3.68787144035478,0.00234396661998244,0.0139543762167505,"Ab_vs_Mz","Mz higher"
"sdf4",25.9259887290587,-4.80194126087094,3.0249218465568,0.00235501458229701,0.0140086751216996,"Ab_vs_Mz","Mz higher"
"eef2kmt",50.141112740563,-3.18710268895146,1.75767762868287,0.00236371498670071,0.0140489323289677,"Ab_vs_Mz","Mz higher"
"usp30",107.171180550362,-3.59198438867923,2.04602644499356,0.00236882416180404,0.0140659174411611,"Ab_vs_Mz","Mz higher"
"ogg1",53.9002200541784,-3.12751876111887,1.63280951766468,0.00237044282094131,0.0140659174411611,"Ab_vs_Mz","Mz higher"
"dctn4",11.7454246055633,-4.77553866117883,3.0389278730676,0.00237255775064568,0.014066983922874,"Ab_vs_Mz","Mz higher"
"tspan10",16.3042556058923,5.18882676088621,2.604547522343,0.00238384546329351,0.014122390116284,"Ab_vs_Mz","Ab higher"
"ndfip1l",11.1941808892404,-4.74131699738723,2.97772888922306,0.00239310267106116,0.0141616478368908,"Ab_vs_Mz","Mz higher"
"RNF5",14.779446594205,4.17188421540349,1.74005902927339,0.00239436857773267,0.0141616478368908,"Ab_vs_Mz","Ab higher"
"mms19",118.481924788143,-2.40378215999533,1.10241531287275,0.00239780938179004,0.0141704686148226,"Ab_vs_Mz","Mz higher"
"daam2",11.8341017186248,-4.7845365482139,3.05716680388748,0.00240117697374186,0.0141788427474651,"Ab_vs_Mz","Mz higher"
"azin1b",11.0445470801812,-4.60922914527271,2.8607378828577,0.00240969114484927,0.0142060380631868,"Ab_vs_Mz","Mz higher"
"kat14",20.5189031997053,3.69897712269444,2.02683424250458,0.00240835478198759,0.0142060380631868,"Ab_vs_Mz","Ab higher"
"rrn3",7.98472097379181,5.87447910708389,4.41841388611065,0.00243801207237113,0.01436135312323,"Ab_vs_Mz","Ab higher"
"notch2",20.2428951853763,-5.13505395795292,3.64617723613158,0.00254697477362678,0.0149910604287393,"Ab_vs_Mz","Mz higher"
"ppid",21.9251626128186,2.94074440960748,1.38105396587119,0.00255648012483324,0.015034833355512,"Ab_vs_Mz","Ab higher"
"fzr1b",24.8094459411039,3.21135208073953,1.67165863244393,0.00256682948177561,0.0150834951520023,"Ab_vs_Mz","Ab higher"
"inpp5f",9.75757520681796,4.27999450480853,1.91431718526641,0.00259594000600653,0.0152422357864794,"Ab_vs_Mz","Ab higher"
"tent5ab",20.0861237512089,2.61906321557511,1.22538839630084,0.00261682705234793,0.0153524744499734,"Ab_vs_Mz","Ab higher"
"ZBTB5",6.79801286416442,-4.83195861465534,3.23295824134244,0.00262734963674519,0.0154017778302426,"Ab_vs_Mz","Mz higher"
"akr1b1.2",8.3486976604642,-4.81402267733873,3.214195003242,0.00263211825342301,0.0154048853334395,"Ab_vs_Mz","Mz higher"
"arg1",105.450899434514,4.10094675702082,1.70859278014824,0.00263148457439831,0.0154048853334395,"Ab_vs_Mz","Ab higher"
"trip10a",8.10889350113794,-4.65243633931781,3.01293205403142,0.00263630199988421,0.0154169583565232,"Ab_vs_Mz","Mz higher"
"rnf32",4.40628166556141,5.10164406194107,3.71185459083545,0.00265143609058515,0.0154929975421732,"Ab_vs_Mz","Ab higher"
"preb",79.3890986486203,-2.67144672502557,1.28004435060994,0.00266189894404148,0.0155416413046085,"Ab_vs_Mz","Mz higher"
"epn1",8.45072978771202,-4.75035219162256,3.15160639134144,0.0026727383542892,0.0155924037699263,"Ab_vs_Mz","Mz higher"
"vps25",8.08574761229091,4.2984484750908,2.2830755312293,0.00269197584011423,0.0156920387985488,"Ab_vs_Mz","Ab higher"
"hspa4b",13.3270209578847,-4.51893706678959,2.87715132564856,0.00269633867596976,0.0157048764708527,"Ab_vs_Mz","Mz higher"
"ncam1a",5.88379367613361,-4.63975407130555,3.025965595539,0.00270164274681456,0.0157231714384268,"Ab_vs_Mz","Mz higher"
"mmp2",32.1657486118911,-5.14460302679008,3.80099672437992,0.00271685696119368,0.0157990666007335,"Ab_vs_Mz","Mz higher"
"klf13",13.8442044342387,2.7551209879888,1.27236403596292,0.00274524139803404,0.0159513666845,"Ab_vs_Mz","Ab higher"
"blm",23.1823559576473,2.52538892873658,1.17729324656759,0.00275221356817834,0.0159791057724348,"Ab_vs_Mz","Ab higher"
"gldc",5.72689427214563,4.40430549150256,2.11296672028265,0.00277392058777659,0.0160819756286758,"Ab_vs_Mz","Ab higher"
"si:ch211-257p13.3",93.4737562026957,-3.64950340780892,2.86411769502077,0.00277435650548349,0.0160819756286758,"Ab_vs_Mz","Mz higher"
"me3",11.6086235416839,2.8864394043368,1.40831964521657,0.00277757610681596,0.0160878093390001,"Ab_vs_Mz","Ab higher"
"naa10",20.5272575754858,-5.02626708157046,3.64357702654778,0.00278789102941742,0.016134697366907,"Ab_vs_Mz","Mz higher"
"rab24",82.7862545342474,-2.31019051197165,1.06715146665408,0.00280960435529314,0.0162474256631868,"Ab_vs_Mz","Mz higher"
"arf5",13.4314088257899,-5.11573086271882,3.87014611598438,0.00282177043521302,0.0163048086594304,"Ab_vs_Mz","Mz higher"
"plcl2",4.80187510693787,4.82043565591196,3.3015972190482,0.00282425614743886,0.0163062096391843,"Ab_vs_Mz","Ab higher"
"mospd2",11.6155573930608,3.03781246151948,1.54173492137905,0.00283082701706315,0.0163311758627239,"Ab_vs_Mz","Ab higher"
"slc7a6os",10.7811263616567,-4.59988001768606,3.03697788527899,0.00284153114788728,0.0163799285598673,"Ab_vs_Mz","Mz higher"
"ppfia4",15.0136258191911,4.86769319379839,3.20476947114995,0.00284669162339028,0.0163931134810156,"Ab_vs_Mz","Ab higher"
"adal",112.979900771465,-2.10375348003987,0.937531176971797,0.00284832883842656,0.0163931134810156,"Ab_vs_Mz","Mz higher"
"hsf2",9.54380381968704,-4.58177694959051,3.02810502843046,0.00288353676490396,0.0165695088886062,"Ab_vs_Mz","Mz higher"
"slc25a18",34.4532616221139,-3.07695191750357,1.67614436105551,0.00288250752356961,0.0165695088886062,"Ab_vs_Mz","Mz higher"
"agk",7.08288062532666,-0.862625220191103,1.67416219688439,0.00289288608247348,0.0166101018432067,"Ab_vs_Mz","Mz higher"
"chrm5a",4.52900748860302,5.16696996379673,3.75507872891447,0.00289990033776135,0.0166324871307874,"Ab_vs_Mz","Ab higher"
"tmed10",27.2490526929911,-4.90461273999791,3.51844509682303,0.00290136107880567,0.0166324871307874,"Ab_vs_Mz","Mz higher"
"mc2r",11.0297134898551,-0.872440424581001,1.69318363923224,0.00290392150883189,0.0166340468460985,"Ab_vs_Mz","Mz higher"
"brd1a",10.5864795940858,4.55152849165188,3.08651502676708,0.00291574969646135,0.0166886492469114,"Ab_vs_Mz","Ab higher"
"arg2",14.2202616283859,-4.71245941666972,3.21295979942485,0.00291898588586395,0.0166940270687215,"Ab_vs_Mz","Mz higher"
"SDHB",9.09296169546688,-4.5860382677536,3.05333883516774,0.00292588385604072,0.0167072311160341,"Ab_vs_Mz","Mz higher"
"ndufb4",17.7299151998587,3.24303690294124,1.74151927480005,0.00292589148585932,0.0167072311160341,"Ab_vs_Mz","Ab higher"
"rrp7a",23.8752981722837,3.1009252775639,1.61786634820942,0.00295636984796126,0.016868016032049,"Ab_vs_Mz","Ab higher"
"dpf3",27.5179609694742,-3.13725207156978,1.75962852613991,0.00296920596384423,0.016927967177399,"Ab_vs_Mz","Mz higher"
"si:ch211-246m6.4",15.4840273584208,-4.5381750830095,2.97395386679178,0.00298724300530987,0.0170174525122237,"Ab_vs_Mz","Mz higher"
"dclk1b",7.56415950696536,-0.7797842107141,1.53501147763536,0.00300303795055705,0.0170940351312445,"Ab_vs_Mz","Mz higher"
"lrrc29",89.6906195493415,3.02134110959371,1.53419083688465,0.00300852341336452,0.0171118596962024,"Ab_vs_Mz","Ab higher"
"cep83",56.631731553937,-2.78620065418747,1.45760470864842,0.00301301017975173,0.0171239804508329,"Ab_vs_Mz","Mz higher"
"pnrc2",9.15575458665498,-4.77344494910818,3.39575436016011,0.00302584344786778,0.0171834812676179,"Ab_vs_Mz","Mz higher"
"tmem120b",32.2194316075915,-2.95178016341392,1.65418204406596,0.00303371454568383,0.017214731485227,"Ab_vs_Mz","Mz higher"
"emc4",12.2411307803079,-4.38677128242693,2.84353829876542,0.00306026304330755,0.0173383102586146,"Ab_vs_Mz","Mz higher"
"fpgs",7.88819561826975,4.26265500731961,2.30546015724515,0.00305878738433086,0.0173383102586146,"Ab_vs_Mz","Ab higher"
"plag1",89.7612273868245,4.47920281386394,3.03941337125033,0.00306997719910003,0.0173798008257462,"Ab_vs_Mz","Ab higher"
"cope",18.5172888543176,-4.60019111897788,3.13978100202644,0.00307336481078397,0.0173854387623258,"Ab_vs_Mz","Mz higher"
"ino80b",22.2442495017365,3.32133982328042,1.71383102476109,0.00307625755545703,0.0173882707392046,"Ab_vs_Mz","Ab higher"
"dnajb14",7.69068159705196,-4.59553070863501,3.14922812542601,0.00310559879672743,0.0175268615321519,"Ab_vs_Mz","Mz higher"
"CNNM1",533.174869046783,-3.20116256523096,2.11425369825603,0.00310366301583661,0.0175268615321519,"Ab_vs_Mz","Mz higher"
"AMDHD1",59.9414982762064,-3.44203818000468,2.53054231192376,0.00310850796828281,0.0175296698382062,"Ab_vs_Mz","Mz higher"
"sacs",4.54828215525189,4.91050819727583,3.5997955953587,0.00311631259440266,0.0175600591075294,"Ab_vs_Mz","Ab higher"
"cntn3a.1",6.25772974178838,-4.68887008477958,3.31952130050222,0.00313077152761567,0.0176188997199644,"Ab_vs_Mz","Mz higher"
"arnt2",7.25243378007893,4.21387517766042,2.81678638346924,0.00313231021320814,0.0176188997199644,"Ab_vs_Mz","Ab higher"
"fbln1",43.2259975592741,-1.16645428394583,2.48286084941474,0.00313402632245343,0.0176188997199644,"Ab_vs_Mz","Mz higher"
"taf6",7.99783306885782,3.71217195142247,2.08701604054957,0.00313864032684144,0.0176312028870251,"Ab_vs_Mz","Ab higher"
"ube2d2",11.8667243135848,-4.35334527002974,2.83971197240513,0.00315314221986079,0.01769898903179,"Ab_vs_Mz","Mz higher"
"ubr4",21.2355868704108,-4.59723719368826,3.13600521892712,0.00315601895500274,0.0177014674258603,"Ab_vs_Mz","Mz higher"
"bsg",23.4453282979738,-4.38251724528506,2.84424041402991,0.00316054977701757,0.0177132122815271,"Ab_vs_Mz","Mz higher"
"dnmt3ab",4.81490790928108,4.94382977270818,3.60727841207003,0.00318450634612184,0.0178337262172263,"Ab_vs_Mz","Ab higher"
"galns",20.8877565039233,3.34048497780142,1.87345369522031,0.00320487517026915,0.0179339781467948,"Ab_vs_Mz","Ab higher"
"ddx1",5.86786433799442,-4.83444808586497,3.73179522524691,0.0032610085719273,0.0182340548533381,"Ab_vs_Mz","Mz higher"
"elovl1b",27.0065735519164,-4.79964453048306,3.63420742729927,0.00328180933826396,0.0183284306972028,"Ab_vs_Mz","Mz higher"
"dusp8a",11.0642814918664,-4.44238876131471,3.00487570610951,0.00328292980709286,0.0183284306972028,"Ab_vs_Mz","Mz higher"
"znf704",4.12528963889996,4.84356545479805,3.59129780758498,0.00328751237925742,0.0183399289983286,"Ab_vs_Mz","Ab higher"
"slc4a2b",7.06651190691019,-4.75272983275818,3.57600753809571,0.00329941781025017,0.0183833699166806,"Ab_vs_Mz","Mz higher"
"smc1al",11.1967221811901,-4.57763779066048,3.23302323889349,0.00330035737257783,0.0183833699166806,"Ab_vs_Mz","Mz higher"
"ldhd",16.7864588405009,4.56891066877651,2.39255429199599,0.00330676540756804,0.0184049599905146,"Ab_vs_Mz","Ab higher"
"nadkb",5.640975299563,4.81498325440823,3.65763201551811,0.00331632591021277,0.0184299488083614,"Ab_vs_Mz","Ab higher"
"FAHD2A",15.6936259088749,3.05204589081422,1.62595305007967,0.00331388632796486,0.0184299488083614,"Ab_vs_Mz","Ab higher"
"TMEM132D",11.1547004741244,3.54133642558694,2.08203685040927,0.00334146054180314,0.0185554443685004,"Ab_vs_Mz","Ab higher"
"si:ch211-157p22.10",5.66142977007663,5.81930873176477,4.82425806043111,0.0033458851326327,0.0185658313199291,"Ab_vs_Mz","Ab higher"
"ldhbb",29.1451082228707,4.32459038293047,3.08063349295553,0.00335294294396811,0.0185908026389811,"Ab_vs_Mz","Ab higher"
"satb1b",5.12052903244927,4.84932231131368,3.64976720113796,0.00335806411947765,0.0185991667476229,"Ab_vs_Mz","Ab higher"
"gig2p",67.2059569309805,3.90636067260517,1.74546608158979,0.0033595688457324,0.0185991667476229,"Ab_vs_Mz","Ab higher"
"dolk",7.0506501328573,4.54044715435919,3.49687218672151,0.00337837695574453,0.0186890579081484,"Ab_vs_Mz","Ab higher"
"OGDH",9.23136005252946,-4.46964762017774,3.10058344814791,0.00339236289103247,0.0187434144821903,"Ab_vs_Mz","Mz higher"
"vamp4",8.54594255697026,-4.30528407748841,2.83716797120916,0.00339335994752545,0.0187434144821903,"Ab_vs_Mz","Mz higher"
"sult3st1",100.331179907929,4.49024868573992,3.22030031324485,0.00342175700645035,0.0188715870105369,"Ab_vs_Mz","Ab higher"
"trmt5",43.6067576919363,-2.39908250959375,1.12098043551801,0.00342065138823403,0.0188715870105369,"Ab_vs_Mz","Mz higher"
"copz1",13.0993603276691,-4.93338656578218,4.25714790110768,0.00342687310843266,0.0188854743178143,"Ab_vs_Mz","Mz higher"
"cct7",211.393503742264,-4.46388142959387,3.04758941113273,0.00347045582004691,0.0191014150847059,"Ab_vs_Mz","Mz higher"
"tdo2a",14.4240682946147,2.98240766503478,1.51382761363879,0.00347131233001741,0.0191014150847059,"Ab_vs_Mz","Ab higher"
"morc2",11.2723039519768,-4.29439317396683,2.8972812779366,0.00351480079317618,0.0193036515290285,"Ab_vs_Mz","Mz higher"
"si:ch211-283h6.4",9.65132963814514,4.0426714000761,2.46011962102556,0.00351447814213603,0.0193036515290285,"Ab_vs_Mz","Ab higher"
"relch",15.2127759436815,2.87527321423256,1.44490657624017,0.00351603172711979,0.0193036515290285,"Ab_vs_Mz","Ab higher"
"MYH6",9.42607057032255,3.88935190745308,2.15513967446719,0.00353246015723682,0.0193645949343548,"Ab_vs_Mz","Ab higher"
"crls1",6.80056595953747,2.97135056003973,1.5137360522888,0.00353188587321606,0.0193645949343548,"Ab_vs_Mz","Ab higher"
"uqcc1",15.9902633756407,-4.29003500079433,2.85623888898495,0.00353574264271673,0.0193679828710685,"Ab_vs_Mz","Mz higher"
"trim8b",6.90231918463641,3.95989641204713,1.93064178229477,0.00353961265370934,0.0193745816113051,"Ab_vs_Mz","Ab higher"
"mntb",5.36730489862214,4.53960482302837,2.38103494891695,0.00354868994236399,0.0194096517615078,"Ab_vs_Mz","Ab higher"
"slmapa",5.68360791268372,-4.35116203416007,3.01172332631962,0.0035817876820338,0.0195612431710771,"Ab_vs_Mz","Mz higher"
"mtres1",151.18914209866,-1.81198494746409,0.790139911207213,0.00358081907262362,0.0195612431710771,"Ab_vs_Mz","Mz higher"
"pecam1",14.5522314444413,-4.75878585237567,3.87933028788155,0.00358787749273317,0.01957979091192,"Ab_vs_Mz","Mz higher"
"ak1",16.3453016334213,-4.24182022430824,2.82080873699291,0.00360940682681689,0.0196825042941725,"Ab_vs_Mz","Mz higher"
"prmt1",15.3730221497266,-4.43480672475282,3.16860511590197,0.00362229532798041,0.019737979564535,"Ab_vs_Mz","Mz higher"
"syngr2b",96.53423719383,-2.85114754757347,1.62904233390729,0.00363181525873695,0.0197750300492576,"Ab_vs_Mz","Mz higher"
"foxo3b",7.67133160279784,-4.27998166678369,2.93514192258608,0.00367411331211921,0.0199903665163133,"Ab_vs_Mz","Mz higher"
"si:ch211-102c2.7",17.0124925512566,3.24149017665613,1.56827752884967,0.00368185383468052,0.0200174985222833,"Ab_vs_Mz","Ab higher"
"dgkg",4.45164817515947,4.69631704380393,3.63694169071269,0.00370011845741595,0.0201017646240333,"Ab_vs_Mz","Ab higher"
"GPRC5D",3.69170673732696,5.00034852517873,4.15559225942037,0.00370674894953628,0.0201123987419211,"Ab_vs_Mz","Ab higher"
"kidins220b",10.8821553650375,2.81952256436559,1.4701942459403,0.00370760961812825,0.0201123987419211,"Ab_vs_Mz","Ab higher"
"msh6",355.797187974283,-2.11666062435611,0.99468883702777,0.00371366456129794,0.0201302219955815,"Ab_vs_Mz","Mz higher"
"tsg101a",9.04476324967693,-4.33650891041275,3.05289293869394,0.00372263119099511,0.0201637899607626,"Ab_vs_Mz","Mz higher"
"rpe65a",155.875044910331,-4.76582516369021,3.84655348228417,0.00373121580782941,0.0201952402882442,"Ab_vs_Mz","Mz higher"
"adssl",9.55338104509364,-4.56606410459432,3.44460968127539,0.00375509450836011,0.0203093615932066,"Ab_vs_Mz","Mz higher"
"rassf7a",94.9498822282445,2.34995032364812,1.12299957313551,0.0037619376669924,0.0203312452798273,"Ab_vs_Mz","Ab higher"
"egln1a",115.919705643607,2.67775965441192,1.42207752947206,0.0037753389468688,0.0203885132279267,"Ab_vs_Mz","Ab higher"
"abat",10.0583934005591,-4.17254125025168,2.77957036072429,0.00378566425410752,0.0204290968545713,"Ab_vs_Mz","Mz higher"
"LAMA2",25.2954758846632,-4.8140200978664,4.87212965566511,0.00378999889973212,0.0204330287626354,"Ab_vs_Mz","Mz higher"
"fgd5a",69.9594430961336,-4.532870533657,3.44185528106731,0.00379277386462377,0.0204330287626354,"Ab_vs_Mz","Mz higher"
"TMEM50B",231.981475637313,4.06395757766901,1.96504797702081,0.00379614575924628,0.0204330287626354,"Ab_vs_Mz","Ab higher"
"rundc3b",49.7652896412004,-2.34123835738477,1.18713205275731,0.00379763679437618,0.0204330287626354,"Ab_vs_Mz","Mz higher"
"cryba2b",4.73166004581173,4.84795647181298,4.0313749600707,0.00381072611824026,0.0204882900543554,"Ab_vs_Mz","Ab higher"
"whrna",47.3017320109045,2.78325496425009,1.52383355123231,0.00381642106017553,0.0205037433011204,"Ab_vs_Mz","Ab higher"
"iqgap1",16.1390683952719,-4.23109606675481,2.89478303218942,0.00382358640275904,0.0205270676230838,"Ab_vs_Mz","Mz higher"
"sptbn2",6.54087364282739,-4.42600497074021,3.26095835042813,0.00383433529264726,0.0205695817285999,"Ab_vs_Mz","Mz higher"
"si:dkey-57a22.13",5.62160751129655,4.69666681846632,3.95605102663786,0.00386698126078557,0.020729415032928,"Ab_vs_Mz","Ab higher"
"si:ch211-79k12.1",26.4130036229387,-4.75749378288969,4.7541367883397,0.00390950986919311,0.0209419508026269,"Ab_vs_Mz","Mz higher"
"gpsm1b",10.1237740981619,-4.27614319921669,3.04309456274379,0.00392445624188261,0.0209910761017253,"Ab_vs_Mz","Mz higher"
"bbs2",14.7498172537746,2.66428174484305,1.34349971255913,0.00392158802719746,0.0209910761017253,"Ab_vs_Mz","Ab higher"
"per1b",19.6593184834665,-4.13039871317905,2.81147883022613,0.00398356427375699,0.0212915652249556,"Ab_vs_Mz","Mz higher"
"pdgfbb",14.3514570425686,-4.57383249204535,3.86348626197567,0.00402209808040249,0.0214659551736018,"Ab_vs_Mz","Mz higher"
"ARHGAP42",23.2846445285594,-2.77272610772029,1.56418591694862,0.00402114868112132,0.0214659551736018,"Ab_vs_Mz","Mz higher"
"ppa1a",11.7122899428828,-4.6408750668016,4.13220967350575,0.00403054774181727,0.0214952689180262,"Ab_vs_Mz","Mz higher"
"nisch",7.83602786660574,-4.36221554272203,3.29488452290067,0.00404747249450981,0.0215539029762578,"Ab_vs_Mz","Mz higher"
"lrrc42",33.1680125734959,4.12009505312891,3.08686955817141,0.00404574892523363,0.0215539029762578,"Ab_vs_Mz","Ab higher"
"miga2",5.13898584489488,4.94323481400923,5.15192898435655,0.00409631758350202,0.0217980472287527,"Ab_vs_Mz","Ab higher"
"si:ch211-1a19.3",9.20013872761548,-4.63606571917298,5.15959338922381,0.00410370655598222,0.0218213920668872,"Ab_vs_Mz","Mz higher"
"hyi",9.62848480875455,3.95769140842394,2.09265542802316,0.00411863779196329,0.021868793359957,"Ab_vs_Mz","Ab higher"
"si:ch73-106g13.1",11.0102939004155,3.08136207470629,1.74891015335636,0.00411648922260323,0.021868793359957,"Ab_vs_Mz","Ab higher"
"ubxn2a",67.7655360351664,-2.43974014616581,1.309427028279,0.00412530818976139,0.0218882227966245,"Ab_vs_Mz","Mz higher"
"ssx2ipb",8.27302897863311,-4.36416718774908,3.3210070091209,0.00414886206935286,0.0219971395930897,"Ab_vs_Mz","Mz higher"
"atp6v1f",28.3438424487171,-4.40268863196086,3.42709524499522,0.00418825402180646,0.0221736478401392,"Ab_vs_Mz","Mz higher"
"csnk2a4",57.1239206554481,-2.15517233207413,1.066308240379,0.00418800156877698,0.0221736478401392,"Ab_vs_Mz","Mz higher"
"nkain4",13.0587976659429,4.51529028295541,3.60322337671661,0.00419836589218282,0.0222071045990355,"Ab_vs_Mz","Ab higher"
"VAMP3",6.13141099257208,-0.904196712422086,1.74000280850921,0.00420068356358149,0.0222071045990355,"Ab_vs_Mz","Mz higher"
"pdgfra",20.6881150349677,-4.55614206250067,4.15942067518237,0.004220806818448,0.02229727090356,"Ab_vs_Mz","Mz higher"
"ido1",6.68663745146532,5.53719728571068,6.77978304745419,0.00423255766939508,0.0223431094399657,"Ab_vs_Mz","Ab higher"
"garem",5.80870575494349,4.32832276802228,2.39089956749639,0.00425869186528095,0.0224635406922988,"Ab_vs_Mz","Ab higher"
"zgc:162200",9.81715207002694,-4.22588855596995,3.12487219415404,0.00426155215499795,0.0224635406922988,"Ab_vs_Mz","Mz higher"
"mfap1",839.826951147132,-2.39802465837485,1.30028349117382,0.00428488123641696,0.0225701461648659,"Ab_vs_Mz","Mz higher"
"bcap31",15.187637663975,-4.32957768074109,3.3577274975223,0.00429629985690121,0.0226139056189826,"Ab_vs_Mz","Mz higher"
"nyx",5.74889824322766,4.35648487169934,4.27086672045205,0.00430703474348087,0.0226540054633592,"Ab_vs_Mz","Ab higher"
"ubr5",12.8789650563987,-4.18298780392209,3.05249617048418,0.00431926326883939,0.0227018978316656,"Ab_vs_Mz","Mz higher"
"cog7",8.16989487414952,2.91464225539585,1.5580383705234,0.00434162843917249,0.0228029603499601,"Ab_vs_Mz","Ab higher"
"aspa",7.24814193798391,4.39383435271838,3.77581680124309,0.0043620419821386,0.0228936340564372,"Ab_vs_Mz","Ab higher"
"fzd6",8.35347388567171,-4.27432438163279,3.31801750696894,0.00437575477688242,0.022949034251918,"Ab_vs_Mz","Mz higher"
"pawr",16.2885942161051,-4.3330892847495,3.47178209957238,0.00441089045986418,0.0231166277957842,"Ab_vs_Mz","Mz higher"
"bbs9",12.1422317991379,-4.46267998195407,3.97540765642206,0.0044181450458977,0.0231379656618374,"Ab_vs_Mz","Mz higher"
"hephl1b",9.14578058579298,-4.23587112676665,3.24528636050691,0.0044285395486361,0.0231757048085211,"Ab_vs_Mz","Mz higher"
"pcyt2",10.8229522384235,-4.01749126076097,2.75868885402352,0.00444027438882463,0.0232203989441484,"Ab_vs_Mz","Mz higher"
"fkbp9",18.8449789722589,-4.33818937188143,3.58713900832737,0.00449642877480613,0.023497153676539,"Ab_vs_Mz","Mz higher"
"vclb",15.7582144755167,-4.45733673085184,5.10895285908997,0.00451491607318157,0.0235201873355829,"Ab_vs_Mz","Mz higher"
"letmd1",190.696508121791,4.22043143423393,3.51127761277534,0.00450786833529339,0.0235201873355829,"Ab_vs_Mz","Ab higher"
"SMARCA4",9.39702221337863,-4.10512447558311,3.00165647578126,0.00451609134892125,0.0235201873355829,"Ab_vs_Mz","Mz higher"
"kcnc1b",37.5837078373147,-2.97369502981566,2.17585837567988,0.00451701492921636,0.0235201873355829,"Ab_vs_Mz","Mz higher"
"znf410",36.9563022095052,2.37401593720798,1.20778468958121,0.00450752137989881,0.0235201873355829,"Ab_vs_Mz","Ab higher"
"elovl6",7.36264388198146,-4.20183222202527,3.18898120244871,0.00453378622108827,0.0235840805261782,"Ab_vs_Mz","Mz higher"
"rab18b",10.0009745783798,-4.19502240861271,3.20705522026155,0.00453577446355718,0.0235840805261782,"Ab_vs_Mz","Mz higher"
"paics",14.4875613301798,-4.19209792697096,3.21057177656769,0.00456114597255309,0.0236652177548097,"Ab_vs_Mz","Mz higher"
"atp6v1ba",10.9860980634643,-4.11801572062281,3.04005798522297,0.00456078184572247,0.0236652177548097,"Ab_vs_Mz","Mz higher"
"clec3bb",8.0698749421492,3.50013868588638,2.34096411596177,0.00455600654578527,0.0236652177548097,"Ab_vs_Mz","Ab higher"
"soul5",139.105092583805,-4.42290288692184,3.72230906570964,0.00457877267196441,0.0237397279261835,"Ab_vs_Mz","Mz higher"
"nfu1",11.8230686283201,2.94114895460727,1.68710649236235,0.00458560914651179,0.023758227288663,"Ab_vs_Mz","Ab higher"
"rps15a",72.5536148321052,-1.35293117507759,3.26733980864758,0.00459188543903183,0.0237738000401157,"Ab_vs_Mz","Mz higher"
"mtx1a",10.2547118110766,-4.42614294129417,4.570877963157,0.00461875640787383,0.0238789049280476,"Ab_vs_Mz","Mz higher"
"kdm5a",18.8630356885724,2.63567339881163,1.42144218138692,0.00461824874724371,0.0238789049280476,"Ab_vs_Mz","Ab higher"
"napgb",10.1198715954687,-4.11198858512252,3.0581992264588,0.00465227931987866,0.0240351232240213,"Ab_vs_Mz","Mz higher"
"CAPN15",4.68242334963603,5.1847230440799,5.64619381270435,0.00466544921244586,0.0240860442651058,"Ab_vs_Mz","Ab higher"
"smarcc1b",14.8894422334046,-2.42354665169086,1.3337478732809,0.0046781413985715,0.0241344285494792,"Ab_vs_Mz","Mz higher"
"fabp11b",156.437724173949,-4.40412045402878,4.23500064180378,0.0047256002272589,0.0242758926162155,"Ab_vs_Mz","Mz higher"
"ndufa4l2a",10.695810463507,-4.25918256923789,3.51678238128895,0.00471706528683625,0.0242758926162155,"Ab_vs_Mz","Mz higher"
"prkar1ab",21.1373736926892,-4.17623063799708,3.26715744254418,0.00471086288303765,0.0242758926162155,"Ab_vs_Mz","Mz higher"
"cc2d2a",9.61732812849866,-4.07861055682267,2.98736730631975,0.00472184972525294,0.0242758926162155,"Ab_vs_Mz","Mz higher"
"aldh7a1",30.1371383777249,-4.01719056457988,2.89936506456518,0.0047143242646559,0.0242758926162155,"Ab_vs_Mz","Mz higher"
"zgc:66024",37.8303018659617,-3.98602776387434,2.81949316005239,0.00472461256588814,0.0242758926162155,"Ab_vs_Mz","Mz higher"
"eif4g2b",8.75949726381737,-4.01584380321131,2.92554117939167,0.00475567834286511,0.0244131538660215,"Ab_vs_Mz","Mz higher"
"rnf166",11.0990536289375,3.20180672233229,1.62445177195428,0.00476374439383114,0.0244237147904507,"Ab_vs_Mz","Ab higher"
"C18orf32",23.8989437742733,2.90934119933424,1.72003895205844,0.00476445557475019,0.0244237147904507,"Ab_vs_Mz","Ab higher"
"rnf151",17.0603388905563,4.54897930379984,4.23926746014714,0.0048058986680107,0.0246188001534671,"Ab_vs_Mz","Ab higher"
"fam120b",5.56483188564038,4.10657443384941,3.2870826861845,0.00481767185584287,0.0246617300845929,"Ab_vs_Mz","Ab higher"
"tmem177",6.94969285171139,3.78689361972451,2.43739162966589,0.00486843713687381,0.0249040602026289,"Ab_vs_Mz","Ab higher"
"fcho1",5.40827329733958,4.48892357838864,4.37750968520191,0.00487801391678327,0.0249355015197592,"Ab_vs_Mz","Ab higher"
"smarcd3b",4.5948112987698,-4.23905667370788,3.6383082845078,0.00488400552041342,0.0249424957904016,"Ab_vs_Mz","Mz higher"
"ehhadh",10.6444807166313,-2.9125259591494,1.8032327216141,0.00488931939631493,0.0249424957904016,"Ab_vs_Mz","Mz higher"
"lta4h",44.0015946888708,-2.47592923513298,1.39008628576238,0.00488967622799865,0.0249424957904016,"Ab_vs_Mz","Mz higher"
"eif4g1a",13.6014162982715,-4.02678577314296,3.00885571965816,0.00490579924661892,0.0250071912508225,"Ab_vs_Mz","Mz higher"
"irf2bp1",25.4336199379663,2.79117456050353,1.63753431585688,0.00492575253234156,0.0250737361047555,"Ab_vs_Mz","Ab higher"
"twf1a",87.5254517676165,-2.24667531257746,1.18075401364441,0.00492397487415084,0.0250737361047555,"Ab_vs_Mz","Mz higher"
"pdzk1",50.6069427820339,-2.48148177056372,1.45055373250596,0.00494523105860831,0.0251552726137325,"Ab_vs_Mz","Mz higher"
"lurap1",12.8183186568109,4.38720217596929,4.3551512845791,0.00496230150688563,0.0251716922633235,"Ab_vs_Mz","Ab higher"
"acvr2bb",4.19067340546404,4.32875268974454,4.39784912994585,0.00496096467714331,0.0251716922633235,"Ab_vs_Mz","Ab higher"
"per3",11.0402955168977,-4.0441299622791,3.071024088709,0.00496231049846507,0.0251716922633235,"Ab_vs_Mz","Mz higher"
"spock3",83.9979557617738,-1.82223688711358,0.850985234423664,0.00496018730137798,0.0251716922633235,"Ab_vs_Mz","Mz higher"
"herc2",37.4723558446883,-4.10989210909751,3.25328684796882,0.00497171772728196,0.0252018243790883,"Ab_vs_Mz","Mz higher"
"polr1d",5.07471973228612,4.27744549177748,3.9885728532681,0.0049986886098997,0.0253208832789971,"Ab_vs_Mz","Ab higher"
"myrf",8.39135015846358,2.9607183603759,1.6965808492419,0.00503221956216148,0.0254729832850639,"Ab_vs_Mz","Ab higher"
"june",38.2617956724251,-2.483038174228,1.36762823742078,0.00505987192886781,0.0255951350389284,"Ab_vs_Mz","Mz higher"
"atxn7",24.2869979127211,3.71837246283771,1.87804530144867,0.00508812314229388,0.0257022704109341,"Ab_vs_Mz","Ab higher"
"ccdc174",5.76157041542146,3.13769529659505,1.84769666261985,0.00508798993369608,0.0257022704109341,"Ab_vs_Mz","Ab higher"
"usp43b",3.5267685525413,4.35065230833744,4.22367223594121,0.00509675474435185,0.0257279932199261,"Ab_vs_Mz","Ab higher"
"sema7a",9.59616193263295,-4.08456131244946,3.19843732862144,0.00511739087438136,0.0258142361317683,"Ab_vs_Mz","Mz higher"
"ndufaf7",3.86630405322362,4.47056025589779,4.72970777312172,0.00512335464191758,0.0258263972899437,"Ab_vs_Mz","Ab higher"
"cplx4c",13.4668321324616,-4.10728430770217,3.36615053715912,0.00514315787037094,0.0259082567981472,"Ab_vs_Mz","Mz higher"
"naa40",4.53834613801191,-4.15764911379833,3.77014823920659,0.00519418108306517,0.0261471622526321,"Ab_vs_Mz","Mz higher"
"clta",11.7721747127417,-4.13030822853079,3.5388959337131,0.00520120145680236,0.0261494339370022,"Ab_vs_Mz","Mz higher"
"atp6v1c1b",8.56192129550051,-3.88418504981227,2.79214836206483,0.00520182713893317,0.0261494339370022,"Ab_vs_Mz","Mz higher"
"dbpa",4.65594453816273,-4.11329994763885,3.57496850701284,0.0052166797249366,0.0262059743749579,"Ab_vs_Mz","Mz higher"
"sowahd",13864.7628683104,3.61299146511106,1.95208193893912,0.00524513962743547,0.0263307458230859,"Ab_vs_Mz","Ab higher"
"GXYLT1",3.68132945455349,4.24724894863451,4.05416513587609,0.00526764695870784,0.0264072591329981,"Ab_vs_Mz","Ab higher"
"CDK2AP1",21.13005688392,2.84141942049476,1.6917855752401,0.0052652348723816,0.0264072591329981,"Ab_vs_Mz","Ab higher"
"phyhd1",6.26049787221543,3.21533590599127,1.91278660114649,0.00527778636680176,0.0264398546521585,"Ab_vs_Mz","Ab higher"
"LEPROT",15.1664876725502,-1.26709260793129,2.76331432250685,0.00530510740136542,0.026558419903943,"Ab_vs_Mz","Mz higher"
"ctsba",15.4089698091741,-4.16168625747736,4.24506455443742,0.00531549007785168,0.026573794618916,"Ab_vs_Mz","Mz higher"
"zdhhc17",231.821338451751,3.54095763269242,1.83337857341701,0.00531346390517747,0.026573794618916,"Ab_vs_Mz","Ab higher"
"NDUFB1",17.767353744822,2.66949953845714,1.56704538291869,0.00532025611560906,0.0265793413775685,"Ab_vs_Mz","Ab higher"
"ets1",8.47699506207478,-4.11289020638178,3.66741963825721,0.00532498028554459,0.026584671494247,"Ab_vs_Mz","Mz higher"
"tanc1a",8.25850213512808,3.59653277757158,2.93325847467311,0.00544369991575063,0.0271587197581272,"Ab_vs_Mz","Ab higher"
"si:ch211-103n10.5",16.4653058679161,-4.00959670699118,3.31963411254861,0.00546532655568361,0.0272479140831716,"Ab_vs_Mz","Mz higher"
"haus5",9.00173520757499,2.927789909514,1.60613049022,0.00546979642783106,0.0272515080424291,"Ab_vs_Mz","Ab higher"
"ptpn1",32.9077003792257,-3.97302565186901,3.12780373372696,0.00548817202357203,0.0273243304379076,"Ab_vs_Mz","Mz higher"
"bmp8a",4.27989630365651,4.19327938087385,4.84076906798724,0.00552022377136302,0.027408815979534,"Ab_vs_Mz","Ab higher"
"clcn3",6.82030820482625,-3.96540252865138,3.21248097388399,0.0055165875978542,0.027408815979534,"Ab_vs_Mz","Mz higher"
"rack1",385.918552573263,-2.87053332809715,2.03013784110839,0.00551239875865226,0.027408815979534,"Ab_vs_Mz","Mz higher"
"enosf1",592.765560995086,2.07887669932454,1.00916266453966,0.00551440055558065,0.027408815979534,"Ab_vs_Mz","Ab higher"
"foxo4",11.6929052445491,2.32459239963867,1.22203711813379,0.00553455298639776,0.0274612052273893,"Ab_vs_Mz","Ab higher"
"rab21",13.0422056566883,-3.91237580091789,3.06855813455707,0.00554228046924232,0.0274807890388284,"Ab_vs_Mz","Mz higher"
"timp2b",17.4719509364242,-4.08098530548051,4.45392789203825,0.00555900470723893,0.0275449251649078,"Ab_vs_Mz","Mz higher"
"clip3",6.97613218653355,-4.07989094621257,4.49429809994105,0.00556855461267588,0.0275734492367445,"Ab_vs_Mz","Mz higher"
"rnf20",10.94005104935,-3.89923412848011,3.07173479229698,0.00557866014621143,0.0276046838684894,"Ab_vs_Mz","Mz higher"
"txnrd3",12.0336583123298,-4.02827110622483,3.53723563161268,0.00558690432795923,0.0276173591860382,"Ab_vs_Mz","Mz higher"
"rpz",21.5704708744895,2.18222702407416,1.12834983845728,0.00558882038281225,0.0276173591860382,"Ab_vs_Mz","Ab higher"
"ST8SIA3",8.25966498426478,-0.689653622102441,1.40229879702636,0.00559990664357081,0.0276533433370355,"Ab_vs_Mz","Mz higher"
"znf106a",7.78379991835928,3.27132183991887,2.34991721218093,0.00563350358387285,0.0277815044444856,"Ab_vs_Mz","Ab higher"
"march7",106.936743571621,2.58895506273645,1.35549530751252,0.00563268976674828,0.0277815044444856,"Ab_vs_Mz","Ab higher"
"slco3a1",13.657382750119,-3.74585294747939,2.67941901600173,0.00567058656547215,0.0279454194877404,"Ab_vs_Mz","Mz higher"
"dnajc17",9.8681613789134,4.10567027784076,4.60730721015962,0.00567888350743355,0.0279673470294949,"Ab_vs_Mz","Ab higher"
"tspan9a",6.22133012609351,3.79202842496603,2.01641261042848,0.00569173015335974,0.028011636076352,"Ab_vs_Mz","Ab higher"
"rab11al",111.918123495157,3.66173931421421,1.861150903181,0.00571685075060792,0.0281162301124283,"Ab_vs_Mz","Ab higher"
"aars1",10.2635754522959,-3.89177127640461,3.13803581043176,0.00576319386682008,0.0283249873008216,"Ab_vs_Mz","Mz higher"
"ep400",9.40855838212711,-3.90121606360848,3.28126566615539,0.00586703951115785,0.028779783431305,"Ab_vs_Mz","Mz higher"
"acbd7",26.7732785611925,-3.84661774426704,3.04197610922301,0.00586760751756694,0.028779783431305,"Ab_vs_Mz","Mz higher"
"bcl9l",66.3820567656992,-2.74254263003,2.01699939567566,0.00586247792861199,0.028779783431305,"Ab_vs_Mz","Mz higher"
"UQCRFS1",5.32804361558168,-3.92721290571178,3.43824404619809,0.00588894184514663,0.0288649482618819,"Ab_vs_Mz","Mz higher"
"gpib",10.3229652559984,3.5859484153667,5.15875234366267,0.00590662977885286,0.0289321373736398,"Ab_vs_Mz","Ab higher"
"bgnb",12.2621905227996,-3.85542963798692,5.62852878887495,0.00591907877861985,0.0289540939715933,"Ab_vs_Mz","Mz higher"
"ino80e",10.2705250175547,3.1770310175676,2.27254941752095,0.00591819051992432,0.0289540939715933,"Ab_vs_Mz","Ab higher"
"calm2a",188.171821722903,-1.8825971378028,0.904563487832548,0.00592524435469859,0.0289647620809039,"Ab_vs_Mz","Mz higher"
"eif3ea",25.020510078128,-3.96480947672091,4.2135047372507,0.00598979124869967,0.0292606132975793,"Ab_vs_Mz","Mz higher"
"baz1b",10.933109658015,-3.76280333494914,2.89951619690069,0.0059959573673957,0.0292710638707853,"Ab_vs_Mz","Mz higher"
"dkk3a",950.767325766665,2.68479712744942,1.4252835004171,0.00600668185838538,0.0293037385426868,"Ab_vs_Mz","Ab higher"
"sema3c",11.6247166985617,-3.85504179722442,3.22224004060385,0.00601533815997672,0.0293115380789755,"Ab_vs_Mz","Mz higher"
"ube3d",5.51487379946071,0.696247063812204,1.4078994810679,0.00601634541392645,0.0293115380789755,"Ab_vs_Mz","Ab higher"
"si:dkeyp-104h9.5",10.0358780257819,-3.77975073496467,2.88676313539177,0.00602461186124376,0.0293321524577233,"Ab_vs_Mz","Mz higher"
"bet1",282.430795377095,1.93785516705018,0.9525272837588,0.00603023642721753,0.0293398852673656,"Ab_vs_Mz","Ab higher"
"sorbs1",10.6949690793756,-3.94260042114436,3.46288761402377,0.00603552179601149,0.0293459584850886,"Ab_vs_Mz","Mz higher"
"adam22",47.6289383335016,3.05510375258929,6.37176152930515,0.00603992660375006,0.0293477449750395,"Ab_vs_Mz","Ab higher"
"CBX2",15.0093581114414,2.3170556186802,1.28101361227173,0.00605234560409997,0.0293884436848381,"Ab_vs_Mz","Ab higher"
"UNC13B",13.3662726429534,3.30919461201267,2.87157474812207,0.00606354009605147,0.0294231461670214,"Ab_vs_Mz","Ab higher"
"gprc5bb",6.51717288607965,3.48052580476953,2.51187258258955,0.00607135492175456,0.0294414135598625,"Ab_vs_Mz","Ab higher"
"pigu",4.60476422533968,3.65186538304671,3.6686307459383,0.00607710893949783,0.0294496699208065,"Ab_vs_Mz","Ab higher"
"ppm1lb",7.04775873188783,-3.80998615634557,3.12580297390741,0.00611187505342698,0.0295393748426601,"Ab_vs_Mz","Mz higher"
"magi3b",19.1625784110411,3.57529095631168,1.90628251832865,0.00610295016907892,0.0295393748426601,"Ab_vs_Mz","Ab higher"
"lnx1",5.31049308947401,3.21661043524127,1.92544164884148,0.00611068135361905,0.0295393748426601,"Ab_vs_Mz","Ab higher"
"mylpfa",15.6295563441943,1.25327786804967,2.6894870206719,0.0061084257252693,0.0295393748426601,"Ab_vs_Mz","Ab higher"
"cox6b2",11.2451381586436,-3.78816755066691,3.01916786067165,0.00611641079270953,0.0295416545197379,"Ab_vs_Mz","Mz higher"
"si:dkey-13a21.4",491.996069365218,-1.85169447956321,0.911131793242068,0.00613760416424038,0.0296243324501084,"Ab_vs_Mz","Mz higher"
"ppp5c",7.64664073671619,-3.90740408658138,3.81867492864764,0.00616463326255817,0.0297350492272962,"Ab_vs_Mz","Mz higher"
"SLC12A6",7.05460536639616,2.78922408821366,1.68544318264003,0.00620319999368915,0.0299012339218345,"Ab_vs_Mz","Ab higher"
"get4",5.83492926216737,-3.88064473822302,3.63441384386148,0.00621662757265011,0.0299219312027521,"Ab_vs_Mz","Mz higher"
"unc93b1",7.99544854100211,-3.82157922840342,4.95361028652188,0.00621984290099855,0.0299219312027521,"Ab_vs_Mz","Mz higher"
"znf598",7.79428623384076,3.64660770281331,1.90457606728044,0.00621288573760002,0.0299219312027521,"Ab_vs_Mz","Ab higher"
"zc3h18",16.4326347615419,-3.67303193920514,2.72602030374697,0.00627451849237112,0.0301649966409032,"Ab_vs_Mz","Mz higher"
"fntb",24.0108897657449,2.24318157188627,1.22526228051503,0.00631270972038429,0.0303085353984737,"Ab_vs_Mz","Ab higher"
"slc9a2",68.1193377823565,-0.215821067719859,1.05473297950115,0.00631271462282146,0.0303085353984737,"Ab_vs_Mz","Mz higher"
"sdf2l1",5.97522481951462,3.14920677568441,2.00507759336484,0.0063204837151277,0.0303258060232761,"Ab_vs_Mz","Ab higher"
"spock1",8.22647488937548,-3.8519720081778,4.19468133204128,0.0063591348609195,0.0304911288285118,"Ab_vs_Mz","Mz higher"
"iba57",104.295029338793,-1.97713196182517,1.02735600021588,0.00636852236697148,0.0305160112626999,"Ab_vs_Mz","Mz higher"
"gpc6b",1125.25823067372,-2.5281162746925,1.8648350040955,0.00639787945172426,0.0306364859911618,"Ab_vs_Mz","Mz higher"
"hagh",18.80008123585,-3.6519401074204,2.80908623243904,0.00643573080477346,0.0307974504410127,"Ab_vs_Mz","Mz higher"
"ociad2",7.63775509784414,-1.23688210227765,2.57598906734255,0.00648351706948674,0.0310057141961178,"Ab_vs_Mz","Mz higher"
"cct2",21.4577360436966,-3.75420385108206,3.17758028051501,0.00649009896375579,0.031016784594044,"Ab_vs_Mz","Mz higher"
"psmd13",16.3494011591224,2.57338934559221,1.57685786901994,0.00652676517949336,0.0311715217409574,"Ab_vs_Mz","Ab higher"
"ubxn7",5.56855273656447,-3.80559521541275,3.67862326373469,0.00654557528953516,0.0311998601833646,"Ab_vs_Mz","Mz higher"
"rps24",65.7528095932999,-3.79994017403344,4.52379864005635,0.00653802351770665,0.0311998601833646,"Ab_vs_Mz","Mz higher"
"selenow2a",19.1501671694134,-3.78782221985172,4.40522112818191,0.00654430862765069,0.0311998601833646,"Ab_vs_Mz","Mz higher"
"olfml2a",6.14615702063779,-3.63386662177734,5.54741206645142,0.00657496222305579,0.0313193973783699,"Ab_vs_Mz","Mz higher"
"flrt1b",4.1634449813355,3.39086895582816,6.06170293803863,0.0065819830809776,0.0313323084581704,"Ab_vs_Mz","Ab higher"
"trim69",20.7962164214639,2.71070710875879,1.80525232852303,0.00658639574287287,0.0313327949312453,"Ab_vs_Mz","Ab higher"
"gask1a",6.68197001138958,3.54721742437904,3.21023872960074,0.00660759026056016,0.0314130631811719,"Ab_vs_Mz","Ab higher"
"sema6ba",9.08984747954559,3.0952743778135,1.84994823254535,0.00663774897953106,0.0315358152498113,"Ab_vs_Mz","Ab higher"
"manf",5.51948341164978,3.71952016920548,2.40704429613929,0.00664786598586085,0.031563251372451,"Ab_vs_Mz","Ab higher"
"scaf11",8.31109209139385,-3.72842104987049,3.26483012872632,0.00667281040768374,0.0316610044735334,"Ab_vs_Mz","Mz higher"
"scfd1",13.4766045385233,-3.76368104725657,3.61443680067605,0.00670312182939669,0.0317840786548497,"Ab_vs_Mz","Mz higher"
"si:dkey-72l14.4",34.7197089663589,3.00285799812542,1.94085193535219,0.00671272779352159,0.0318088776604358,"Ab_vs_Mz","Ab higher"
"cxxc1a",4.85383109523159,3.81979618445704,4.24749855187214,0.00674780510289813,0.0319542640345059,"Ab_vs_Mz","Ab higher"
"hlcs",23.8490378282536,2.21645449969172,1.19177380931151,0.00678931100191454,0.0321290419371049,"Ab_vs_Mz","Ab higher"
"lmod1b",11.1018988031041,-0.966543394984163,1.8356931513358,0.00679355309634479,0.0321290419371049,"Ab_vs_Mz","Mz higher"
"rpn1",33.4597832715806,2.55822232993353,1.62047460351601,0.00680624105568421,0.0321681184874958,"Ab_vs_Mz","Ab higher"
"eif3f",144.622734565004,-3.66450424710317,2.99472659905475,0.00681435495818996,0.032185540085174,"Ab_vs_Mz","Mz higher"
"nipblb",14.7031284839239,-3.63042580321578,2.95707992273711,0.0068479552792893,0.032323238263087,"Ab_vs_Mz","Mz higher"
"cnpy3",9.53671919304309,-3.65875082557436,3.0698610425532,0.00685604117292519,0.0323404044685225,"Ab_vs_Mz","Mz higher"
"gadd45gip1",4.23351274811058,-1.43457693265933,3.42832358183932,0.00686866286786991,0.0323789302117681,"Ab_vs_Mz","Mz higher"
"extl2",34.4757908563668,-2.44258530684901,1.61580414305372,0.00688177213781921,0.0324003583268872,"Ab_vs_Mz","Mz higher"
"ltbp1",11.5670516964537,-1.55811251224701,4.29284457280848,0.00688212316091811,0.0324003583268872,"Ab_vs_Mz","Mz higher"
"ankrd44",5.28986616104523,3.54048544168333,3.54246193680874,0.00688729313876556,0.0324037112140368,"Ab_vs_Mz","Ab higher"
"ncam1b",12.6366809706697,-3.77490248534371,3.74036658374331,0.00693353224265418,0.0326001590374212,"Ab_vs_Mz","Mz higher"
"glsa",6.39364246246282,-3.68171047941289,3.3371742920818,0.00695362715916324,0.0326735073173611,"Ab_vs_Mz","Mz higher"
"capns1b",10.1611966753267,-3.6018112414087,4.97500420391261,0.00697181054868976,0.0327377848051847,"Ab_vs_Mz","Mz higher"
"itga4",111.039248013539,-2.19422930636687,1.28034344764489,0.00699906715525799,0.032844557231485,"Ab_vs_Mz","Mz higher"
"plekhn1",3.88306824404022,0.975268063216257,1.86728733674964,0.00702086744392959,0.0329256035160801,"Ab_vs_Mz","Ab higher"
"rbm27",66.0676958905628,2.55023912386421,1.61916416018033,0.00705492187508596,0.0330639762153448,"Ab_vs_Mz","Ab higher"
"kita",11.806574183409,-3.68065324169941,3.78609555841717,0.007065792835018,0.0330722782470997,"Ab_vs_Mz","Mz higher"
"lifra",10.7265450713773,-3.63588186807626,3.10412250227268,0.00706575225556039,0.0330722782470997,"Ab_vs_Mz","Mz higher"
"pcyox1",7.30647257577393,2.80067148554461,1.85587308842213,0.00707381181080406,0.0330885058254406,"Ab_vs_Mz","Ab higher"
"pabpn1",15.6817000190642,2.57315624552035,1.65907310138838,0.00707866271344362,0.0330899030636795,"Ab_vs_Mz","Ab higher"
"dnajb9a",10.1630450651409,2.41835295390193,1.42012170676675,0.00710456918353795,0.0331896615649983,"Ab_vs_Mz","Ab higher"
"scn2b",5.00781730784902,0.849097036701813,1.62417676989289,0.00714668111385131,0.0333649486297914,"Ab_vs_Mz","Ab higher"
"dyrk3",5.02887242910214,-3.63971364543465,4.08782361373012,0.00720317320767794,0.033607102725681,"Ab_vs_Mz","Mz higher"
"zmat5",4.03384297876709,-1.64646025862063,4.98278860351725,0.00723377488481185,0.0337282294019867,"Ab_vs_Mz","Mz higher"
"actr3",39.5581558975725,-3.64658713780154,3.92149930908108,0.00724408024087057,0.0337546277377488,"Ab_vs_Mz","Mz higher"
"ugt8",5.07808233826209,-3.60776325169586,4.07620215701009,0.00725096267749889,0.0337650529806146,"Ab_vs_Mz","Mz higher"
"CDH2",10.3596531042766,-3.63784259845902,3.8116693687664,0.00726737248320686,0.0337981641589448,"Ab_vs_Mz","Mz higher"
"coa8",26.5809431559724,1.32845004731157,2.98499287926438,0.00726535335882736,0.0337981641589448,"Ab_vs_Mz","Ab higher"
"rgs9b",7.68678841251175,-3.63443096563831,3.67951932408614,0.00735582045746065,0.0341724213047396,"Ab_vs_Mz","Mz higher"
"vdac1",9.15832642815476,-3.59229746843989,3.16239895162568,0.00735724849936958,0.0341724213047396,"Ab_vs_Mz","Mz higher"
"ugp2b",4.4107082683539,-3.51484571831984,4.6724472818587,0.00737252287676405,0.0342214998666653,"Ab_vs_Mz","Mz higher"
"birc2",6.30253501071846,-3.60459904466183,3.79661419157797,0.00738513524858078,0.0342581672762819,"Ab_vs_Mz","Mz higher"
"guca1b",91.3893235460308,-2.38120923983275,1.43963307109534,0.00740844396206208,0.0343443744644319,"Ab_vs_Mz","Mz higher"
"myo3a",8.32429973768576,-3.61416385242297,3.87831419520675,0.00743142622408177,0.0344070300782487,"Ab_vs_Mz","Mz higher"
"rnf103",7.36971517054319,3.58418119107129,2.44888259704061,0.00742875646542947,0.0344070300782487,"Ab_vs_Mz","Ab higher"
"b3gnt2a",4.34751679918476,0.76295352729446,1.49580108400015,0.0074402272180788,0.0344258508263621,"Ab_vs_Mz","Ab higher"
"psmd12",10.1728048706122,-3.55674018825088,3.03546429305724,0.00746744907090185,0.0345298265244183,"Ab_vs_Mz","Mz higher"
"si:dkey-220f10.4",9.84635337952298,-3.54261487926445,4.46814149778888,0.0075116997346806,0.0346903083681025,"Ab_vs_Mz","Mz higher"
"nedd1",7.8502198078943,3.42372925251187,3.64370698953343,0.00751108365782168,0.0346903083681025,"Ab_vs_Mz","Ab higher"
"elf2b",11.0090178735675,-3.55010401229821,3.08421250241522,0.00751899498273345,0.0347019520822155,"Ab_vs_Mz","Mz higher"
"zgc:92606",26.6114703666088,2.40250062784332,1.47694820242617,0.00753534201491433,0.0347553306512768,"Ab_vs_Mz","Ab higher"
"vwa5b2",9.47990860155243,3.46854275078098,3.55230133257172,0.00757832080003846,0.0349313975240834,"Ab_vs_Mz","Ab higher"
"npm1a",8.34527873342,-3.5547868813475,3.98316119707651,0.00758317907821373,0.0349316405066766,"Ab_vs_Mz","Mz higher"
"map3k8",5.84188354294607,3.66552653331054,3.67124019627621,0.00759736661482129,0.0349483272155228,"Ab_vs_Mz","Ab higher"
"ppm1bb",6.98009985050786,-3.57828680233954,3.62116315636814,0.00760122511043356,0.0349483272155228,"Ab_vs_Mz","Mz higher"
"pfdn5",11.3292991585353,-3.24582812500133,6.30441265459692,0.00760096095595113,0.0349483272155228,"Ab_vs_Mz","Mz higher"
"kin",4.82081195910695,3.51147236201899,3.76876017788973,0.00762174132405054,0.0350205042253624,"Ab_vs_Mz","Ab higher"
"vapb",9.67669694550619,-3.48075713171656,2.83553987011603,0.00766189190208223,0.0351385440741348,"Ab_vs_Mz","Mz higher"
"surf6",43.7868513010164,-2.47740016768135,1.77145592730527,0.00765381820715348,0.0351385440741348,"Ab_vs_Mz","Mz higher"
"pamr1",4.28779528466255,1.3849055376371,3.26083362675195,0.00766193318991659,0.0351385440741348,"Ab_vs_Mz","Ab higher"
"enpp5",6.86420617149764,-3.52541122153854,3.07923332368334,0.00767128170653413,0.0351592350093295,"Ab_vs_Mz","Mz higher"
"calcoco1a",6.08808767526653,-3.55326858266379,3.55646794458486,0.0076972130734546,0.0352320058573445,"Ab_vs_Mz","Mz higher"
"calr",4.70674168786884,-3.54049834314945,3.69869646632993,0.00770170000100707,0.0352320058573445,"Ab_vs_Mz","Mz higher"
"si:dkeyp-81f3.4",13.7988746708079,1.06875497878556,2.04488399230552,0.00769202957797822,0.0352320058573445,"Ab_vs_Mz","Ab higher"
"slc19a1",7.98577400628869,3.12930926811057,2.2449072346954,0.00771562666058695,0.0352735158464192,"Ab_vs_Mz","Ab higher"
"ell2",9.28120199087062,-3.52415118717912,3.13220351058686,0.00773122413919246,0.0353226073336203,"Ab_vs_Mz","Mz higher"
"rbp4l",37.728902739202,-2.19494853400959,1.19593681718073,0.00777469483116101,0.035498904979717,"Ab_vs_Mz","Mz higher"
"RAB7A",9.79064617692558,-3.52317542392639,3.95089868949044,0.00778935504057726,0.0355148266502396,"Ab_vs_Mz","Mz higher"
"tmtopsb",4.28478021850814,0.717949438145133,1.43443612570919,0.00779283924984621,0.0355148266502396,"Ab_vs_Mz","Ab higher"
"gdpd4b",200.724205909308,0.3435086199755,1.10414097029638,0.00778999678132237,0.0355148266502396,"Ab_vs_Mz","Ab higher"
"ndrg3a",8.30510384551695,-3.49174723741506,2.99175528046419,0.00779831324526289,0.0355175056264511,"Ab_vs_Mz","Mz higher"
"galnt1",10.8892129179922,-3.48004764089357,2.85417964555643,0.00780546744404377,0.0355200101851984,"Ab_vs_Mz","Mz higher"
"serpinf1",13.953993893236,-0.952702177208933,1.79737377667156,0.00780863616397675,0.0355200101851984,"Ab_vs_Mz","Mz higher"
"efr3ba",5.57451927106844,3.69730053801986,2.5265268980397,0.00786187703529398,0.0357398274981563,"Ab_vs_Mz","Ab higher"
"gabrg2",4.58059681430121,-1.11590841847582,2.16111513664981,0.00787520753405958,0.0357780522281744,"Ab_vs_Mz","Mz higher"
"kdm2ab",5.58356875175738,-3.5014784057212,3.28725708401271,0.00791587438327924,0.0359403440924777,"Ab_vs_Mz","Mz higher"
"pde6d",7.06142860308244,-3.50691471633856,3.78045901928062,0.0079576520989285,0.0361074738496325,"Ab_vs_Mz","Mz higher"
"hsd11b2",14.2135862663119,2.88929924852056,1.8205110128526,0.00796282341859434,0.036108398895672,"Ab_vs_Mz","Ab higher"
"cactin",26.5627517966438,-2.04337851013278,1.11642924819726,0.00803879257856904,0.0364301641232035,"Ab_vs_Mz","Mz higher"
"elovl8b",15.3348007603951,2.54275823550832,6.58473070290932,0.00804645065519537,0.0364421494159596,"Ab_vs_Mz","Ab higher"
"itga6b",26.2962576925116,1.91981904833502,1.00002733249475,0.00810290151314057,0.0366749633244202,"Ab_vs_Mz","Ab higher"
"hmbsb",7.0456077923943,2.69622918110543,1.65858474437819,0.00811861814353292,0.0367153332867716,"Ab_vs_Mz","Ab higher"
"SNTA1",3.85353175935435,0.768375454936236,1.5019907599361,0.00812192267507617,0.0367153332867716,"Ab_vs_Mz","Ab higher"
"pbx2",16.1852968053485,2.54422241081249,1.77261966829834,0.00819018486261682,0.0370009035216667,"Ab_vs_Mz","Ab higher"
"hspa4l",9.71830824571025,-3.45064061433815,3.4227334651886,0.00833096051963749,0.0376107472812675,"Ab_vs_Mz","Mz higher"
"adss1",8.22123102666403,3.36526330653964,4.42449146040419,0.00833552261248067,0.0376107472812675,"Ab_vs_Mz","Ab higher"
"sos2",11.4207909583339,2.02547441608836,1.09294761850514,0.00835175477171652,0.0376606113124115,"Ab_vs_Mz","Ab higher"
"arr3a",266.101869579072,-2.38974454201518,1.72451849395388,0.00840694500704749,0.0378859784601539,"Ab_vs_Mz","Mz higher"
"tfam",56.1666704132407,2.14992633745203,1.19323313848039,0.00841271322590935,0.0378884835434542,"Ab_vs_Mz","Ab higher"
"sec22a",18.2650718070547,2.6267003938232,1.9300291587252,0.00844399373766939,0.038005814538154,"Ab_vs_Mz","Ab higher"
"chtopa",15.0297077355132,2.33275607835399,1.44070143223025,0.00844938349249057,0.038006539979526,"Ab_vs_Mz","Ab higher"
"wdr43",6.89488996437016,-3.38995983272515,3.04339043003365,0.00853002478086151,0.0383455473915166,"Ab_vs_Mz","Mz higher"
"flot2a",8.75577887802219,-3.39170210126091,3.85313351969381,0.00855887938269683,0.0384421697239502,"Ab_vs_Mz","Mz higher"
"copb2",4.04852169989285,-3.35969193483958,3.83458252576253,0.00856209558165846,0.0384421697239502,"Ab_vs_Mz","Mz higher"
"irx6a",7.15088826680334,3.04143389747412,2.07181877758031,0.0085833204438779,0.0385136767324373,"Ab_vs_Mz","Ab higher"
"zbtb2b",3.90144755947868,-3.38490613925384,3.82638956099127,0.00859833387567761,0.0385499654924736,"Ab_vs_Mz","Mz higher"
"mfsd4aa",10.0878266398339,3.02049002762193,5.3229434965147,0.00860528523563345,0.0385499654924736,"Ab_vs_Mz","Ab higher"
"zgc:136870",8.15626178986169,2.92208879892429,3.14868471713686,0.00860731792465051,0.0385499654924736,"Ab_vs_Mz","Ab higher"
"nipal3",17.4450573965531,2.24629763468014,1.34629758704921,0.00861827934266852,0.0385546636575756,"Ab_vs_Mz","Ab higher"
"znf646",3.52630602663675,1.20267608268068,2.44139353761548,0.00861897488561843,0.0385546636575756,"Ab_vs_Mz","Ab higher"
"BFSP1",97.2662325193533,2.9418408659483,2.51869945354865,0.00862794114891364,0.0385710358004018,"Ab_vs_Mz","Ab higher"
"ccdc137",56.456280768623,2.35696209158824,1.46945451402554,0.00863838618892583,0.0385939945957602,"Ab_vs_Mz","Ab higher"
"sh3gl2a",9.58777602237585,-0.839203897160785,1.59629191879299,0.00865360578241062,0.0386382435088101,"Ab_vs_Mz","Mz higher"
"ptk6b",3.17366776447779,3.28874285250515,4.06353021249021,0.00870035861447313,0.0388231471876029,"Ab_vs_Mz","Ab higher"
"fn1a",36.4281921591653,-3.03787834890343,6.12405348439197,0.00871834750938391,0.0388795509482893,"Ab_vs_Mz","Mz higher"
"notch1b",17.8488289748175,-2.66458979115636,8.43143519501531,0.00880737040279151,0.039242491661159,"Ab_vs_Mz","Mz higher"
"ebna1bp2",7.32255134928565,2.53517036820912,1.60125897045454,0.00881053052565848,0.039242491661159,"Ab_vs_Mz","Ab higher"
"ahsa1b",8.29200926116283,-3.32062360643232,2.86939304526552,0.00884586507468704,0.0393275799559022,"Ab_vs_Mz","Mz higher"
"BTBD1",11.3209443177184,2.61325446258051,1.94075384919394,0.00884346624799833,0.0393275799559022,"Ab_vs_Mz","Ab higher"
"tex261",11.4003697231442,2.35511201577123,1.49475592601362,0.00884319292945445,0.0393275799559022,"Ab_vs_Mz","Ab higher"
"mrc2",21.599838236767,-0.92504615792532,1.7364523904692,0.00887280524493181,0.0394232404189543,"Ab_vs_Mz","Mz higher"
"traf3",7.73005832862211,-1.17244592678905,2.29083631201878,0.00888463454076442,0.0394516850805233,"Ab_vs_Mz","Mz higher"
"abi2b",5.14656948696878,-3.28492441117525,3.90125236121126,0.00891630124938432,0.0395198742571796,"Ab_vs_Mz","Mz higher"
"tbc1d4",31.2453811734468,2.37198905491618,1.53972070727652,0.0089114987579518,0.0395198742571796,"Ab_vs_Mz","Ab higher"
"tpk1",2733.21311767117,-1.94647339330518,1.10777834089815,0.0089090295701208,0.0395198742571796,"Ab_vs_Mz","Mz higher"
"neurod1",370.561413904299,-3.35596966089258,2.8576501643104,0.00895615546478127,0.0396481693504842,"Ab_vs_Mz","Mz higher"
"znf395b",5.85877584054274,3.08293761412775,4.34861038177852,0.00895217867585252,0.0396481693504842,"Ab_vs_Mz","Ab higher"
"lmtk2",8.78314488926145,2.48427723196296,1.62402272786625,0.0090179352847704,0.0398730970711655,"Ab_vs_Mz","Ab higher"
"ubtd1b",3.33563715164327,1.04661901196587,2.0046802196117,0.00901619766361248,0.0398730970711655,"Ab_vs_Mz","Ab higher"
"ly75",7.77033804754138,2.49488722348683,1.63521357807827,0.00910800295724811,0.0402468531892015,"Ab_vs_Mz","Ab higher"
"xab2",10.0040729074813,2.78405022277966,4.16966167924345,0.0091336673483103,0.0403357399482792,"Ab_vs_Mz","Ab higher"
"PAK3",21.9298759631233,-2.26513975315646,1.67640878928327,0.00915256220282855,0.0403701302502189,"Ab_vs_Mz","Mz higher"
"naalad2",3.6988783810724,0.872739978000133,1.65638012455394,0.00914865938709068,0.0403701302502189,"Ab_vs_Mz","Ab higher"
"abcc5",15.1843562883685,-3.34732963063683,3.19505174274434,0.00916406564243696,0.0403963572800935,"Ab_vs_Mz","Mz higher"
"pid1",23.6105305382682,-2.33174977511516,1.59784479873354,0.00919810402071138,0.0405156906400303,"Ab_vs_Mz","Mz higher"
"fam160b1",116.802409516027,2.17860073335197,1.27659741049058,0.00920228439217087,0.0405156906400303,"Ab_vs_Mz","Ab higher"
"anxa1a",160.45742912801,-0.869991872667101,1.64217993789566,0.0092414275057143,0.0406633998420322,"Ab_vs_Mz","Mz higher"
"rgra",30.6872644454798,-3.29805957859476,3.85337453121883,0.00928770581873726,0.0408423070758627,"Ab_vs_Mz","Mz higher"
"scap",15.9288483739419,2.35817533501219,1.41313701277577,0.00931233153242472,0.0409258391228509,"Ab_vs_Mz","Ab higher"
"anxa2a",13.017584503371,-2.30768053189348,8.61278191225563,0.00933899932585523,0.0410182393351309,"Ab_vs_Mz","Mz higher"
"DDX39A",15.4876104731902,-3.19527462082344,4.02754661804516,0.00934541830091993,0.0410216459114656,"Ab_vs_Mz","Mz higher"
"trhra",4.77312912543941,2.89267476340976,4.12720334190079,0.00935342290730554,0.0410320042928208,"Ab_vs_Mz","Ab higher"
"si:dkey-31f5.11",3.4785427435503,1.07460425627993,2.06761202057318,0.00936756401611981,0.0410692538197677,"Ab_vs_Mz","Ab higher"
"actb1",66.1919206218174,-1.2811645450892,2.58708856585539,0.0093988223822158,0.0411814586475748,"Ab_vs_Mz","Mz higher"
"clcn2a",7.96897094166712,3.00905714788071,2.26522550447534,0.00943710476133775,0.0412994066888405,"Ab_vs_Mz","Ab higher"
"srp14",41.8707738916069,2.1486022036787,1.31147793227106,0.00943566921220291,0.0412994066888405,"Ab_vs_Mz","Ab higher"
"wars2",4.47494448870369,0.913039266029723,1.7155664500918,0.00947500248699923,0.0414403087111898,"Ab_vs_Mz","Ab higher"
"si:ch211-248l17.3",42.610905587455,3.04424607482823,3.62619661107047,0.00949461517875956,0.0415011170982581,"Ab_vs_Mz","Ab higher"
"mettl8",26.6418913462821,2.24572802942444,1.41263700434299,0.00951529539903298,0.0415665157785882,"Ab_vs_Mz","Ab higher"
"snap91b",8.82551859151369,2.87125484247594,2.65024221271251,0.00952102549217923,0.0415665671487392,"Ab_vs_Mz","Ab higher"
"tmed2",10.7937632367569,2.74777339900472,5.30196284168849,0.00954349877016641,0.0416396714047657,"Ab_vs_Mz","Ab higher"
"SH2B2",33.2437037101668,-3.18414570438831,3.76334774567999,0.00956725567436537,0.0416932742787541,"Ab_vs_Mz","Mz higher"
"mettl15",5.3026235428737,0.571847945112507,1.27030199570676,0.00956157028925841,0.0416932742787541,"Ab_vs_Mz","Ab higher"
"fam162a",32.4851622998619,-2.14880607177808,1.32857837012274,0.00958087296196404,0.0417276006953365,"Ab_vs_Mz","Mz higher"
"rps27a",719.786257272028,-2.39850364777258,2.1624489083886,0.00960091810756996,0.0417898645053449,"Ab_vs_Mz","Mz higher"
"shank1",10.245694361051,2.75730746209323,1.92531061081621,0.00962828254924458,0.0418838933874679,"Ab_vs_Mz","Ab higher"
"txlnbb",5.25048901597297,1.11486253787303,2.12328117943113,0.00968112709216524,0.0420885842302327,"Ab_vs_Mz","Ab higher"
"eef1akmt1",27.101613666988,2.47596182507994,1.87012760702746,0.00969229856354359,0.0421119654861915,"Ab_vs_Mz","Ab higher"
"adra2da",6.98291687941296,3.43583187108376,2.40217412350684,0.00970122752847908,0.0421255811854925,"Ab_vs_Mz","Ab higher"
"cdcp1a",7.73210629221978,0.85400681334759,1.64384044749328,0.00975132239668283,0.042317828359097,"Ab_vs_Mz","Ab higher"
"pip4k2ca",7.21204361726692,-3.24325940390519,3.18317129594946,0.00980567387361746,0.0425052437566058,"Ab_vs_Mz","Mz higher"
"mcl1b",44.5575197631692,-2.96557184498148,4.78866496000501,0.00980620357405805,0.0425052437566058,"Ab_vs_Mz","Mz higher"
"tmed7",10.5452593800283,-3.23893770861884,2.95281091506843,0.00981375403062324,0.0425126210063172,"Ab_vs_Mz","Mz higher"
"brpf3b",4.94132096637459,2.97679874889357,2.26419865930625,0.00983487756967669,0.0425787522656223,"Ab_vs_Mz","Ab higher"
"ndrg1a",390.621500634617,-1.92133878415955,1.1207622757162,0.00984943546735005,0.0426163966739092,"Ab_vs_Mz","Mz higher"
"neu4",21.8133781626954,-2.21527149896075,1.46755345164185,0.00991531830075714,0.0428759361857249,"Ab_vs_Mz","Mz higher"
"fbxo28",5.81320554019299,2.64784545695608,1.9465428449497,0.00997397695935879,0.0431039467999876,"Ab_vs_Mz","Ab higher"
"mrpl37",5.38547691609465,-0.63336974011396,1.33059217591601,0.0099838299820197,0.0431208913483667,"Ab_vs_Mz","Mz higher"
"six3b",5.91925466362391,-1.06642736930866,2.00204969933908,0.010085785590242,0.0435353773488534,"Ab_vs_Mz","Mz higher"
"rad1",207.083311795455,3.25924714519331,2.06474870485159,0.0100936790367646,0.0435435922363453,"Ab_vs_Mz","Ab higher"
"thoc2",11.9397825886054,-3.10072511426406,3.84124938764014,0.010142437495828,0.0437141242810407,"Ab_vs_Mz","Mz higher"
"dlgap4b",4.97882203202282,1.41009368014263,3.02602431666054,0.010145236987497,0.0437141242810407,"Ab_vs_Mz","Ab higher"
"ssrp1a",15.0052876639837,-3.15508984861599,3.32644034503928,0.010187326782349,0.0438694777138003,"Ab_vs_Mz","Mz higher"
"shroom1",6.02634669612126,-3.14059528364908,3.32985420999033,0.0102097211614796,0.0438937322248755,"Ab_vs_Mz","Mz higher"
"hars",7.17370982800292,-2.58233773540343,6.07221458110749,0.0102096717748826,0.0438937322248755,"Ab_vs_Mz","Mz higher"
"reep5",112.941946991956,-0.990137993781147,1.84511983389877,0.0102110745896636,0.0438937322248755,"Ab_vs_Mz","Mz higher"
"pfkpa",13.2924567678015,-3.11496100990961,3.96210191887627,0.0102419911986343,0.0439059208646484,"Ab_vs_Mz","Mz higher"
"ptpra",4.5208172868994,-3.08620539885513,3.7069795770857,0.0102334707133284,0.0439059208646484,"Ab_vs_Mz","Mz higher"
"blvrb",46.0510802322404,-1.6185901622398,3.92859590808039,0.0102441108524479,0.0439059208646484,"Ab_vs_Mz","Mz higher"
"ccdc136b",4.64693341312319,-1.1612902404367,2.21961326513608,0.0102390551982628,0.0439059208646484,"Ab_vs_Mz","Mz higher"
"ppp1r3b",4.70233255847825,0.58902074063426,1.28652203169421,0.0102267351370962,0.0439059208646484,"Ab_vs_Mz","Ab higher"
"abca12",13.1180777534055,3.31078282132974,2.45568160488603,0.0102785205906877,0.0440274402909302,"Ab_vs_Mz","Ab higher"
"asxl2",5.03583619854305,-3.09041899365632,3.63732240423785,0.0103083923806729,0.0441293899971211,"Ab_vs_Mz","Mz higher"
"ube2q2",7.97694389374174,2.74682252768971,1.78973417690199,0.0103405267332821,0.0442408998376856,"Ab_vs_Mz","Ab higher"
"pmp22a",7.2643805969362,2.56470638624887,4.14775439722547,0.0103729541032945,0.0443535313981458,"Ab_vs_Mz","Ab higher"
"stim1a",4.58318945496089,-2.92947939181003,4.28041841978887,0.0104362985930654,0.0445981507777735,"Ab_vs_Mz","Mz higher"
"lyrm7",311.748329114271,-0.121052421334877,1.03094998997513,0.0105087268139452,0.0448812780320609,"Ab_vs_Mz","Mz higher"
"trpv1",8.83979767597906,2.87706249121794,2.0633253696137,0.0105237215448885,0.044918926547149,"Ab_vs_Mz","Ab higher"
"nol4lb",3.552764466733,1.42324396445059,3.16067250817514,0.0105431329161707,0.0449753715772565,"Ab_vs_Mz","Ab higher"
"stard14",113.487438557128,-0.156953158364973,1.0383446195594,0.0105765811153566,0.0450915942096931,"Ab_vs_Mz","Mz higher"
"mtmr11",32.0279362748664,-2.22299875399615,1.69964658625038,0.0106045661318882,0.0451844028210406,"Ab_vs_Mz","Mz higher"
"si:ch211-284o19.8",16.8725420774734,3.14335899841064,2.2188760478863,0.0106244777998724,0.0452427235660647,"Ab_vs_Mz","Ab higher"
"fam168b",4.97523642680446,-2.94918448769314,4.0806819674404,0.010633680201156,0.0452553989357161,"Ab_vs_Mz","Mz higher"
"ccnf",4.68382107604483,3.16678912059696,2.31676919628188,0.010647308640719,0.0452868850259722,"Ab_vs_Mz","Ab higher"
"cpt1cb",8.62398435102153,1.03962235933982,1.95648271916964,0.0106746647863169,0.0453766890828877,"Ab_vs_Mz","Ab higher"
"chmp2a",7.94115648022532,-2.92295700770726,4.16320660004928,0.0107000916950756,0.0454581920113993,"Ab_vs_Mz","Mz higher"
"rmdn1",28.8931094238774,-2.27634834294441,2.30911126622248,0.0107071807747022,0.0454617389318402,"Ab_vs_Mz","Mz higher"
"dot1l",3.33108453570719,1.23637318798349,2.47137274073349,0.0107613300733838,0.0456649785775987,"Ab_vs_Mz","Ab higher"
"rab5c",8.20666279331212,-3.09338900826767,3.11583236375418,0.0107736593459006,0.0456906241454793,"Ab_vs_Mz","Mz higher"
"slc25a36a",7.84253312886207,-3.09976730020658,3.18068176716174,0.0107965576456907,0.0457416673713791,"Ab_vs_Mz","Mz higher"
"amigo3",33.6463829820197,2.35217719660948,2.47145223425695,0.0107982805350511,0.0457416673713791,"Ab_vs_Mz","Ab higher"
"tmtc4",3.09393239153826,1.07324034101689,2.0428760343971,0.0108055502844889,0.0457458037378859,"Ab_vs_Mz","Ab higher"
"cadm1a",5.28089290127493,-2.73601442386678,4.72349570419649,0.010840871499534,0.0458686233586219,"Ab_vs_Mz","Mz higher"
"cyfip2",5.84020870768895,-2.74487265128325,4.68058809359839,0.0109035269059943,0.0461068860265694,"Ab_vs_Mz","Mz higher"
"spg7",16.2959369098566,2.34285646710835,3.45367944441039,0.0109332413381147,0.046205657724858,"Ab_vs_Mz","Ab higher"
"aebp2",31.5502855327112,2.08649738522927,1.35177721296782,0.0109618919562834,0.0462998214004786,"Ab_vs_Mz","Ab higher"
"EIF4G1",8.13617468481595,-3.07272776751658,3.27125680096218,0.0109773285494613,0.0463380959500778,"Ab_vs_Mz","Mz higher"
"foxo6b",5.28778260413871,3.2735832023096,2.38897862072984,0.011006118186174,0.0464326599508407,"Ab_vs_Mz","Ab higher"
"cd59",9.40051477166368,1.23808559924182,2.38551497167289,0.0110338020545286,0.0465224519340885,"Ab_vs_Mz","Ab higher"
"wnt5b",4.37983347961386,1.11239440879866,2.11682696850571,0.0111225087416275,0.046869284662545,"Ab_vs_Mz","Ab higher"
"chmp3",9.93882736973691,-3.05056050339129,3.11016667437801,0.0112486406776373,0.0473272454169124,"Ab_vs_Mz","Mz higher"
"slc25a13",63.3568455619021,1.13420955520703,2.18641455032623,0.0112507195048046,0.0473272454169124,"Ab_vs_Mz","Ab higher"
"ogna",3.87075134299102,0.79962804436397,1.53315027547068,0.0112395889321308,0.0473272454169124,"Ab_vs_Mz","Ab higher"
"tmbim4",3.93002608681249,-1.745196073721,4.28514458268158,0.0112643720862159,0.0473572705001174,"Ab_vs_Mz","Mz higher"
"dipk1b",8.67972309336927,2.58089371230656,1.96174245078114,0.0113255868215118,0.0475596132903347,"Ab_vs_Mz","Ab higher"
"ckma",156.164620502115,2.15198647082653,1.55068268219562,0.0113199174306827,0.0475596132903347,"Ab_vs_Mz","Ab higher"
"eef1g",263.849782023726,-2.3174175756424,1.89046006969893,0.0113356614127157,0.047572175415548,"Ab_vs_Mz","Mz higher"
"smim14",7.98741827019385,-1.0733788731478,1.99828685929966,0.0113416673538513,0.047572175415548,"Ab_vs_Mz","Mz higher"
"acss2l",9.50108460291956,2.44363595664921,2.06179348164939,0.0113851467929206,0.0477270080955825,"Ab_vs_Mz","Ab higher"
"SH3RF3",6.30085179043217,2.69793547462896,2.27238993554463,0.0114134925200198,0.0478182577106766,"Ab_vs_Mz","Ab higher"
"pdk4",77.7891648414577,-2.27635853398122,2.25352100729008,0.0114258804515979,0.0478425835268807,"Ab_vs_Mz","Mz higher"
"tmem242",36.8309302455149,2.87786245801253,1.75006126794261,0.0114431559291373,0.0478873347431774,"Ab_vs_Mz","Ab higher"
"bhlhe41",8.71345259057304,-3.01363272988292,3.03539070943832,0.0115032953689185,0.0480935795815312,"Ab_vs_Mz","Mz higher"
"cyc1",9.88094028911574,-3.00256487108165,3.06644842543126,0.0115122889629749,0.0480935795815312,"Ab_vs_Mz","Mz higher"
"slc30a5",14.4911455507799,-2.25688746926414,1.74417585836527,0.0115087793565238,0.0480935795815312,"Ab_vs_Mz","Mz higher"
"ctps1b",3.86082730612947,-2.66763485570849,4.50686553926764,0.0115357094572559,0.048163740404821,"Ab_vs_Mz","Mz higher"
"actr1",11.1095192168601,-2.90206748823753,3.64360451909952,0.0115912949475292,0.0483125705123795,"Ab_vs_Mz","Mz higher"
"myo10",5.79143014963373,-2.80679472402351,3.98274395266321,0.0115895403973949,0.0483125705123795,"Ab_vs_Mz","Mz higher"
"zgc:63587",11.9708501457786,-2.0142360853204,5.19430595678214,0.0115870664295181,0.0483125705123795,"Ab_vs_Mz","Mz higher"
"G6PC2",7.66953578281848,-2.71253738766657,4.27499635394517,0.0116052742944234,0.0483345790556246,"Ab_vs_Mz","Mz higher"
"mdkb",7.92010005174911,2.52572638659815,3.94237643873289,0.0116098741272693,0.0483345790556246,"Ab_vs_Mz","Ab higher"
"epx",3.63603079763396,0.67256653652039,1.37101763976498,0.0117019023391071,0.0486898271911675,"Ab_vs_Mz","Ab higher"
"C5orf15",5.34803584591026,-2.28386590506677,5.27440950606161,0.0117208263087544,0.0487406672988191,"Ab_vs_Mz","Mz higher"
"ndufs6",25.5900411127066,-2.00882410240615,3.10761956359235,0.0117421007899475,0.0488012182059051,"Ab_vs_Mz","Mz higher"
"crkl",6.17372615095962,-1.15102427907153,2.16343693624698,0.0117704946661497,0.0488912718447097,"Ab_vs_Mz","Mz higher"
"mmp14b",37.0175471347523,-0.982850871953711,1.81551271482858,0.0117833688609063,0.0489167951170347,"Ab_vs_Mz","Mz higher"
"zgc:154055",3.75387218711409,-0.934791714937645,1.73012511084231,0.0118029218563154,0.0489471492200916,"Ab_vs_Mz","Mz higher"
"ccdc92",63.3276162678998,-0.179429721915346,1.04395075825537,0.0118041481060422,0.0489471492200916,"Ab_vs_Mz","Mz higher"
"mcamb",13.7104964473093,-1.62247764671343,3.65885135325596,0.0118272898248528,0.0490151480825857,"Ab_vs_Mz","Mz higher"
"rab9b",36.8125785292816,-1.90546134957894,1.17352911227695,0.0118510618414071,0.0490856800713324,"Ab_vs_Mz","Mz higher"
"RIN2",8.41473496573353,-1.48545349647011,3.13971445332768,0.011862966273527,0.0491070056049363,"Ab_vs_Mz","Mz higher"
"psmf1",22.6603890488036,3.0260393920176,2.32465728252089,0.0118952365432951,0.0491845702122934,"Ab_vs_Mz","Ab higher"
"myog",88.2134975583738,-2.16289674236145,1.59560911061814,0.0118915574237689,0.0491845702122934,"Ab_vs_Mz","Mz higher"
"ankrd33bb",7.74777199321532,2.56969058925646,2.85642138534999,0.0119107840476883,0.0492208580117375,"Ab_vs_Mz","Ab higher"
"pds5b",6.08401292870743,3.18868209312556,2.4693152673575,0.0120129980574269,0.0496041203740344,"Ab_vs_Mz","Ab higher"
"ckbb",134.824656069056,-2.0062560387214,1.30569366731886,0.012017176500024,0.0496041203740344,"Ab_vs_Mz","Mz higher"
"ognb",259.419058420502,-1.98553047756317,1.35461974685842,0.0120417084642453,0.0496771730003398,"Ab_vs_Mz","Mz higher"
"fbxo25",8.04097130004171,-2.94903108462712,3.21098297854493,0.0120584226479927,0.0497064639028679,"Ab_vs_Mz","Mz higher"
"tmx2a",161.144811618402,2.32196917307804,1.96396079132633,0.0120624848431227,0.0497064639028679,"Ab_vs_Mz","Ab higher"
"cytip",3.45827857336135,0.71716724827108,1.42204068092907,0.0120706423681172,0.0497118976622346,"Ab_vs_Mz","Ab higher"
"ERMP1",36.3181942298893,3.00144075578614,2.564819093778,0.0121402905413228,0.0499496563360473,"Ab_vs_Mz","Ab higher"
"commd7",7.98375904814892,2.41129536931725,1.8728798047281,0.0121421162121056,0.0499496563360473,"Ab_vs_Mz","Ab higher"
